Unnamed: 0_x,num_acc,mois,jour,hrmn,lum,agg,int,atm,col,com,adr,gps,lat,long,dep,annee,vma,situ,surf,catr,Unnamed: 0_y,place,catu,grav,sexe,trajet,secu,locp,actp,an_nais,num_veh_x,id_vehicule_x,secu1,secu2,secu3,Unnamed: 0,senc,catv,occutc,obs,obsm,choc,num_veh_y,id_vehicule_y,motor
958506,201900000037,11,29,13:40,1,2,1,2.0,3.0,67482,JEAN JAURES (AVENUE),M,"48,5708480","7,7587680",67,2019,50.0,6.0,2.0,4.0,2142279,1.0,1,1,1,4.0,,-1.0,0,1969.0,A01,138Â 306Â 461,8.0,0.0,-1.0,1635872,2.0,1,,0.0,2.0,8.0,B01,138Â 306Â 460,5.0
958506,201900000037,11,29,13:40,1,2,1,2.0,3.0,67482,JEAN JAURES (AVENUE),M,"48,5708480","7,7587680",67,2019,50.0,6.0,2.0,4.0,2142279,1.0,1,1,1,4.0,,-1.0,0,1969.0,A01,138Â 306Â 461,8.0,0.0,-1.0,1635873,1.0,40,,0.0,2.0,0.0,A01,138Â 306Â 461,3.0
958507,201900000038,11,29,13:50,1,2,1,1.0,6.0,66136,MOULIN (PLACE JEAN),M,"42,6969500","2,8993500",66,2019,30.0,1.0,1.0,4.0,2142280,1.0,1,4,2,9.0,,-1.0, -1,1966.0,B01,138Â 306Â 458,8.0,0.0,-1.0,1635874,2.0,1,,0.0,2.0,1.0,B01,138Â 306Â 458,5.0
958507,201900000038,11,29,13:50,1,2,1,1.0,6.0,66136,MOULIN (PLACE JEAN),M,"42,6969500","2,8993500",66,2019,30.0,1.0,1.0,4.0,2142280,1.0,1,4,2,9.0,,-1.0, -1,1966.0,B01,138Â 306Â 458,8.0,0.0,-1.0,1635875,1.0,7,,0.0,2.0,1.0,A01,138Â 306Â 459,1.0
958507,201900000038,11,29,13:50,1,2,1,1.0,6.0,66136,MOULIN (PLACE JEAN),M,"42,6969500","2,8993500",66,2019,30.0,1.0,1.0,4.0,2142281,1.0,1,1,2,9.0,,-1.0, -1,1986.0,A01,138Â 306Â 459,1.0,8.0,-1.0,1635874,2.0,1,,0.0,2.0,1.0,B01,138Â 306Â 458,5.0
958507,201900000038,11,29,13:50,1,2,1,1.0,6.0,66136,MOULIN (PLACE JEAN),M,"42,6969500","2,8993500",66,2019,30.0,1.0,1.0,4.0,2142281,1.0,1,1,2,9.0,,-1.0, -1,1986.0,A01,138Â 306Â 459,1.0,8.0,-1.0,1635875,1.0,7,,0.0,2.0,1.0,A01,138Â 306Â 459,1.0
958508,201900000039,11,28,16:35,1,2,1,1.0,6.0,66136,QUATRE-SAISONS (DES),M,"42,6865700","2,8939300",66,2019,50.0,1.0,1.0,4.0,2142282,10.0,3,4,2,5.0,,3.0,3,1953.0,A01,138Â 306Â 457,0.0,0.0,0.0,1635876,1.0,7,,0.0,1.0,1.0,A01,138Â 306Â 457,1.0
958508,201900000039,11,28,16:35,1,2,1,1.0,6.0,66136,QUATRE-SAISONS (DES),M,"42,6865700","2,8939300",66,2019,50.0,1.0,1.0,4.0,2142283,1.0,1,1,1,0.0,,-1.0, -1,1952.0,A01,138Â 306Â 457,1.0,8.0,-1.0,1635876,1.0,7,,0.0,1.0,1.0,A01,138Â 306Â 457,1.0
958509,201900000040,11,29,21:40,3,1,1,1.0,7.0,64335,SAULT DE NAVAILLES DE,M,"43,3568954"," -0,4419144",64,2019,70.0,1.0,1.0,3.0,2142284,1.0,1,4,1,4.0,,0.0,0,1964.0,A01,138Â 306Â 456,1.0,0.0,-1.0,1635877,1.0,15,,6.0,0.0,1.0,A01,138Â 306Â 456,1.0
958510,201900000041,11,29,07:00,5,2,6,2.0,3.0,64445,FRANCOIS MITTERAND,M,"43,3304100"," -0,3555600",64,2019,30.0,1.0,2.0,4.0,2142285,1.0,1,4,2,1.0,,0.0,0,1977.0,B01,138Â 306Â 454,1.0,0.0,-1.0,1635878,2.0,7,,0.0,2.0,5.0,B01,138Â 306Â 454,1.0
958510,201900000041,11,29,07:00,5,2,6,2.0,3.0,64445,FRANCOIS MITTERAND,M,"43,3304100"," -0,3555600",64,2019,30.0,1.0,2.0,4.0,2142285,1.0,1,4,2,1.0,,0.0,0,1977.0,B01,138Â 306Â 454,1.0,0.0,-1.0,1635879,2.0,14,,0.0,2.0,1.0,A01,138Â 306Â 455,1.0
958510,201900000041,11,29,07:00,5,2,6,2.0,3.0,64445,FRANCOIS MITTERAND,M,"43,3304100"," -0,3555600",64,2019,30.0,1.0,2.0,4.0,2142286,1.0,1,1,1,1.0,,0.0,0,1973.0,A01,138Â 306Â 455,1.0,0.0,-1.0,1635878,2.0,7,,0.0,2.0,5.0,B01,138Â 306Â 454,1.0
958510,201900000041,11,29,07:00,5,2,6,2.0,3.0,64445,FRANCOIS MITTERAND,M,"43,3304100"," -0,3555600",64,2019,30.0,1.0,2.0,4.0,2142286,1.0,1,1,1,1.0,,0.0,0,1973.0,A01,138Â 306Â 455,1.0,0.0,-1.0,1635879,2.0,14,,0.0,2.0,1.0,A01,138Â 306Â 455,1.0
958511,201900000042,11,29,18:15,2,2,1,1.0,6.0,60057,NOTRE DAME DU THIL (RUE),M,"49,4501114","2,0771184",60,2019,50.0,1.0,2.0,4.0,2142287,10.0,3,3,2,0.0,,2.0,1,1955.0,A01,138Â 306Â 453,0.0,-1.0,-1.0,1635880,1.0,7,,0.0,1.0,7.0,A01,138Â 306Â 453,1.0
958511,201900000042,11,29,18:15,2,2,1,1.0,6.0,60057,NOTRE DAME DU THIL (RUE),M,"49,4501114","2,0771184",60,2019,50.0,1.0,2.0,4.0,2142288,1.0,1,1,2,0.0,,-1.0,0,1944.0,A01,138Â 306Â 453,8.0,0.0,-1.0,1635880,1.0,7,,0.0,1.0,7.0,A01,138Â 306Â 453,1.0
958512,201900000043,11,29,16:45,2,2,1,1.0,3.0,51454,AVENUE JEAN JAURES,M,"49,2614135","4,0503815",51,2019,50.0,1.0,1.0,4.0,2142289,1.0,1,1,1,5.0,,-1.0,0,1969.0,B01,138Â 306Â 449,1.0,0.0,-1.0,1635881,2.0,7,,0.0,2.0,8.0,B01,138Â 306Â 449,1.0
958512,201900000043,11,29,16:45,2,2,1,1.0,3.0,51454,AVENUE JEAN JAURES,M,"49,2614135","4,0503815",51,2019,50.0,1.0,1.0,4.0,2142289,1.0,1,1,1,5.0,,-1.0,0,1969.0,B01,138Â 306Â 449,1.0,0.0,-1.0,1635882,2.0,30,,0.0,2.0,1.0,A01,138Â 306Â 450,1.0
958512,201900000043,11,29,16:45,2,2,1,1.0,3.0,51454,AVENUE JEAN JAURES,M,"49,2614135","4,0503815",51,2019,50.0,1.0,1.0,4.0,2142290,1.0,1,4,1,5.0,,-1.0,0,2002.0,A01,138Â 306Â 450,2.0,0.0,-1.0,1635881,2.0,7,,0.0,2.0,8.0,B01,138Â 306Â 449,1.0
958512,201900000043,11,29,16:45,2,2,1,1.0,3.0,51454,AVENUE JEAN JAURES,M,"49,2614135","4,0503815",51,2019,50.0,1.0,1.0,4.0,2142290,1.0,1,4,1,5.0,,-1.0,0,2002.0,A01,138Â 306Â 450,2.0,0.0,-1.0,1635882,2.0,30,,0.0,2.0,1.0,A01,138Â 306Â 450,1.0
958513,201900000044,11,28,12:10,1,2,1,2.0,6.0,51454,ALLEE JACQUES SIMON,M,"49,2237003","4,0142017",51,2019,50.0,1.0,2.0,4.0,2142291,10.0,3,4,1,2.0,,2.0,3,2008.0,A01,138Â 306Â 448,8.0,0.0,-1.0,1635883,0.0,10,,0.0,2.0,2.0,A01,138Â 306Â 448,1.0
958513,201900000044,11,28,12:10,1,2,1,2.0,6.0,51454,ALLEE JACQUES SIMON,M,"49,2237003","4,0142017",51,2019,50.0,1.0,2.0,4.0,2142292,1.0,1,1,2,1.0,,-1.0,0,1986.0,A01,138Â 306Â 448,1.0,0.0,-1.0,1635883,0.0,10,,0.0,2.0,2.0,A01,138Â 306Â 448,1.0
958514,201900000045,11,28,06:55,5,2,1,1.0,7.0,51454,RUE DE TAISSY,M,"49,2398622","4,0414895",51,2019,50.0,1.0,1.0,4.0,2142293,1.0,1,4,1,4.0,,-1.0,0,1965.0,A01,138Â 306Â 447,8.0,7.0,-1.0,1635884,0.0,99,,0.0,0.0,9.0,A01,138Â 306Â 447,0.0
958515,201900000046,11,28,19:12,5,2,1,1.0,7.0,51108,ALLEE VOLTAIRE,M,"48,9510158","4,3674990",51,2019,50.0,1.0,2.0,4.0,2142294,1.0,1,1,1,4.0,,-1.0,0,1998.0,A01,138Â 306Â 445,1.0,0.0,-1.0,1635885,1.0,10,,0.0,1.0,3.0,A01,138Â 306Â 445,1.0
958515,201900000046,11,28,19:12,5,2,1,1.0,7.0,51108,ALLEE VOLTAIRE,M,"48,9510158","4,3674990",51,2019,50.0,1.0,2.0,4.0,2142295,10.0,3,3,2,9.0,,1.0,3,2002.0,A01,138Â 306Â 445,0.0,-1.0,-1.0,1635885,1.0,10,,0.0,1.0,3.0,A01,138Â 306Â 445,1.0
958516,201900000047,11,29,21:25,5,2,9,2.0,6.0,50218,SAINT PAUL (RUE),M,"48,8359110"," -1,5900560",50,2019,50.0,1.0,2.0,4.0,2142296,1.0,1,4,1,5.0,,-1.0, -1,1998.0,A01,138Â 306Â 444,2.0,6.0,-1.0,1635886,1.0,30,,1.0,0.0,1.0,A01,138Â 306Â 444,1.0
958517,201900000048,11,29,08:59,2,2,1,1.0,6.0,50129,CALIGNY (QUAI DE),M,"49,6398800"," -1,6213700",50,2019,50.0,1.0,1.0,4.0,2142297,10.0,3,2,1,5.0,,2.0,3,1967.0,A01,138Â 306Â 443,0.0,-1.0,-1.0,1635887,0.0,17,,0.0,1.0,0.0,A01,138Â 306Â 443,1.0
958517,201900000048,11,29,08:59,2,2,1,1.0,6.0,50129,CALIGNY (QUAI DE),M,"49,6398800"," -1,6213700",50,2019,50.0,1.0,1.0,4.0,2142298,1.0,1,1,1,4.0,,0.0,0,1981.0,A01,138Â 306Â 443,1.0,4.0,-1.0,1635887,0.0,17,,0.0,1.0,0.0,A01,138Â 306Â 443,1.0
958518,201900000049,11,28,08:16,1,2,1,1.0,7.0,49007,TURPIN DE CRISSE AVENUE,M,"47,4653400"," -0,5543300",49,2019,60.0,1.0,1.0,4.0,2142299,1.0,1,4,2,1.0,,-1.0, -1,1973.0,A01,138Â 306Â 442,2.0,8.0,-1.0,1635888,1.0,1,,14.0,0.0,0.0,A01,138Â 306Â 442,5.0
958519,201900000050,11,29,17:50,5,2,2,1.0,4.0,45147,RUE MARCELIN BERTHELOT - AV ORADOUR SUR GLANE,M,"47,9342700","1,9170600",45,2019,50.0,1.0,2.0,4.0,2142300,1.0,1,4,1,0.0,,0.0,0,1992.0,C01,138Â 306Â 439,1.0,0.0,-1.0,1635889,2.0,7,,0.0,2.0,4.0,C01,138Â 306Â 439,1.0
958519,201900000050,11,29,17:50,5,2,2,1.0,4.0,45147,RUE MARCELIN BERTHELOT - AV ORADOUR SUR GLANE,M,"47,9342700","1,9170600",45,2019,50.0,1.0,2.0,4.0,2142300,1.0,1,4,1,0.0,,0.0,0,1992.0,C01,138Â 306Â 439,1.0,0.0,-1.0,1635890,2.0,7,,0.0,2.0,4.0,B01,138Â 306Â 440,1.0
958519,201900000050,11,29,17:50,5,2,2,1.0,4.0,45147,RUE MARCELIN BERTHELOT - AV ORADOUR SUR GLANE,M,"47,9342700","1,9170600",45,2019,50.0,1.0,2.0,4.0,2142300,1.0,1,4,1,0.0,,0.0,0,1992.0,C01,138Â 306Â 439,1.0,0.0,-1.0,1635891,2.0,7,,0.0,2.0,1.0,A01,138Â 306Â 441,1.0
958519,201900000050,11,29,17:50,5,2,2,1.0,4.0,45147,RUE MARCELIN BERTHELOT - AV ORADOUR SUR GLANE,M,"47,9342700","1,9170600",45,2019,50.0,1.0,2.0,4.0,2142301,1.0,1,1,1,0.0,,0.0,0,1987.0,B01,138Â 306Â 440,1.0,0.0,-1.0,1635889,2.0,7,,0.0,2.0,4.0,C01,138Â 306Â 439,1.0
958519,201900000050,11,29,17:50,5,2,2,1.0,4.0,45147,RUE MARCELIN BERTHELOT - AV ORADOUR SUR GLANE,M,"47,9342700","1,9170600",45,2019,50.0,1.0,2.0,4.0,2142301,1.0,1,1,1,0.0,,0.0,0,1987.0,B01,138Â 306Â 440,1.0,0.0,-1.0,1635890,2.0,7,,0.0,2.0,4.0,B01,138Â 306Â 440,1.0
958519,201900000050,11,29,17:50,5,2,2,1.0,4.0,45147,RUE MARCELIN BERTHELOT - AV ORADOUR SUR GLANE,M,"47,9342700","1,9170600",45,2019,50.0,1.0,2.0,4.0,2142301,1.0,1,1,1,0.0,,0.0,0,1987.0,B01,138Â 306Â 440,1.0,0.0,-1.0,1635891,2.0,7,,0.0,2.0,1.0,A01,138Â 306Â 441,1.0
958519,201900000050,11,29,17:50,5,2,2,1.0,4.0,45147,RUE MARCELIN BERTHELOT - AV ORADOUR SUR GLANE,M,"47,9342700","1,9170600",45,2019,50.0,1.0,2.0,4.0,2142302,2.0,2,4,2,0.0,,-1.0, -1,1988.0,B01,138Â 306Â 440,1.0,0.0,-1.0,1635889,2.0,7,,0.0,2.0,4.0,C01,138Â 306Â 439,1.0
958519,201900000050,11,29,17:50,5,2,2,1.0,4.0,45147,RUE MARCELIN BERTHELOT - AV ORADOUR SUR GLANE,M,"47,9342700","1,9170600",45,2019,50.0,1.0,2.0,4.0,2142302,2.0,2,4,2,0.0,,-1.0, -1,1988.0,B01,138Â 306Â 440,1.0,0.0,-1.0,1635890,2.0,7,,0.0,2.0,4.0,B01,138Â 306Â 440,1.0
958519,201900000050,11,29,17:50,5,2,2,1.0,4.0,45147,RUE MARCELIN BERTHELOT - AV ORADOUR SUR GLANE,M,"47,9342700","1,9170600",45,2019,50.0,1.0,2.0,4.0,2142302,2.0,2,4,2,0.0,,-1.0, -1,1988.0,B01,138Â 306Â 440,1.0,0.0,-1.0,1635891,2.0,7,,0.0,2.0,1.0,A01,138Â 306Â 441,1.0
958519,201900000050,11,29,17:50,5,2,2,1.0,4.0,45147,RUE MARCELIN BERTHELOT - AV ORADOUR SUR GLANE,M,"47,9342700","1,9170600",45,2019,50.0,1.0,2.0,4.0,2142303,1.0,1,1,1,5.0,,0.0,0,1995.0,A01,138Â 306Â 441,1.0,-1.0,-1.0,1635889,2.0,7,,0.0,2.0,4.0,C01,138Â 306Â 439,1.0
958519,201900000050,11,29,17:50,5,2,2,1.0,4.0,45147,RUE MARCELIN BERTHELOT - AV ORADOUR SUR GLANE,M,"47,9342700","1,9170600",45,2019,50.0,1.0,2.0,4.0,2142303,1.0,1,1,1,5.0,,0.0,0,1995.0,A01,138Â 306Â 441,1.0,-1.0,-1.0,1635890,2.0,7,,0.0,2.0,4.0,B01,138Â 306Â 440,1.0
958519,201900000050,11,29,17:50,5,2,2,1.0,4.0,45147,RUE MARCELIN BERTHELOT - AV ORADOUR SUR GLANE,M,"47,9342700","1,9170600",45,2019,50.0,1.0,2.0,4.0,2142303,1.0,1,1,1,5.0,,0.0,0,1995.0,A01,138Â 306Â 441,1.0,-1.0,-1.0,1635891,2.0,7,,0.0,2.0,1.0,A01,138Â 306Â 441,1.0
958520,201900000051,11,29,17:10,2,2,6,1.0,3.0,45234,RUE DES MONTEES,M,"47,8763800","1,9145000",45,2019,50.0,1.0,1.0,4.0,2142304,1.0,1,4,1,0.0,,0.0,0,2004.0,B01,138Â 306Â 437,8.0,0.0,-1.0,1635892,0.0,1,,0.0,2.0,0.0,B01,138Â 306Â 437,5.0
958520,201900000051,11,29,17:10,2,2,6,1.0,3.0,45234,RUE DES MONTEES,M,"47,8763800","1,9145000",45,2019,50.0,1.0,1.0,4.0,2142304,1.0,1,4,1,0.0,,0.0,0,2004.0,B01,138Â 306Â 437,8.0,0.0,-1.0,1635893,0.0,7,,0.0,2.0,0.0,A01,138Â 306Â 438,1.0
958520,201900000051,11,29,17:10,2,2,6,1.0,3.0,45234,RUE DES MONTEES,M,"47,8763800","1,9145000",45,2019,50.0,1.0,1.0,4.0,2142305,1.0,1,1,1,1.0,,-1.0, -1,1951.0,A01,138Â 306Â 438,1.0,4.0,-1.0,1635892,0.0,1,,0.0,2.0,0.0,B01,138Â 306Â 437,5.0
958520,201900000051,11,29,17:10,2,2,6,1.0,3.0,45234,RUE DES MONTEES,M,"47,8763800","1,9145000",45,2019,50.0,1.0,1.0,4.0,2142305,1.0,1,1,1,1.0,,-1.0, -1,1951.0,A01,138Â 306Â 438,1.0,4.0,-1.0,1635893,0.0,7,,0.0,2.0,0.0,A01,138Â 306Â 438,1.0
958521,201900000052,11,29,06:55,3,1,1,3.0,1.0,38179,Avenue de la Combe,M,"45,1688800","5,7934900",38,2019,50.0,1.0,2.0,3.0,2142306,1.0,1,1,1,4.0,,-1.0, -1,1959.0,B01,138Â 306Â 434,1.0,0.0,-1.0,1635894,1.0,14,,0.0,2.0,1.0,B01,138Â 306Â 434,1.0
958521,201900000052,11,29,06:55,3,1,1,3.0,1.0,38179,Avenue de la Combe,M,"45,1688800","5,7934900",38,2019,50.0,1.0,2.0,3.0,2142306,1.0,1,1,1,4.0,,-1.0, -1,1959.0,B01,138Â 306Â 434,1.0,0.0,-1.0,1635895,2.0,32,,0.0,2.0,1.0,A01,138Â 306Â 435,1.0
958521,201900000052,11,29,06:55,3,1,1,3.0,1.0,38179,Avenue de la Combe,M,"45,1688800","5,7934900",38,2019,50.0,1.0,2.0,3.0,2142307,1.0,1,2,1,1.0,,-1.0, -1,1959.0,A01,138Â 306Â 435,2.0,0.0,-1.0,1635894,1.0,14,,0.0,2.0,1.0,B01,138Â 306Â 434,1.0
958521,201900000052,11,29,06:55,3,1,1,3.0,1.0,38179,Avenue de la Combe,M,"45,1688800","5,7934900",38,2019,50.0,1.0,2.0,3.0,2142307,1.0,1,2,1,1.0,,-1.0, -1,1959.0,A01,138Â 306Â 435,2.0,0.0,-1.0,1635895,2.0,32,,0.0,2.0,1.0,A01,138Â 306Â 435,1.0
958522,201900000053,11,29,14:38,1,2,1,1.0,6.0,37261,GRAMMONT (AVENUE DE),M,"47,3863500","0,6902900",37,2019,50.0,1.0,1.0,4.0,2142308,1.0,1,1,2,4.0,,-1.0,0,1997.0,A01,138Â 306Â 433,1.0,0.0,-1.0,1635896,1.0,7,,0.0,1.0,8.0,A01,138Â 306Â 433,1.0
958522,201900000053,11,29,14:38,1,2,1,1.0,6.0,37261,GRAMMONT (AVENUE DE),M,"47,3863500","0,6902900",37,2019,50.0,1.0,1.0,4.0,2142309,10.0,3,4,1,5.0,,2.0,3,1974.0,A01,138Â 306Â 433,8.0,0.0,-1.0,1635896,1.0,7,,0.0,1.0,8.0,A01,138Â 306Â 433,1.0
958523,201900000054,11,29,17:40,3,1,1,1.0,2.0,35238,RN136,M,"48,0828811"," -1,6440681",35,2019,90.0,1.0,1.0,2.0,2142310,1.0,1,4,1,5.0,,-1.0,0,1977.0,A01,138Â 306Â 431,2.0,6.0,-1.0,1635897,2.0,33,,0.0,2.0,1.0,A01,138Â 306Â 431,1.0
958523,201900000054,11,29,17:40,3,1,1,1.0,2.0,35238,RN136,M,"48,0828811"," -1,6440681",35,2019,90.0,1.0,1.0,2.0,2142310,1.0,1,4,1,5.0,,-1.0,0,1977.0,A01,138Â 306Â 431,2.0,6.0,-1.0,1635898,2.0,7,,0.0,2.0,6.0,B01,138Â 306Â 432,1.0
958523,201900000054,11,29,17:40,3,1,1,1.0,2.0,35238,RN136,M,"48,0828811"," -1,6440681",35,2019,90.0,1.0,1.0,2.0,2142311,1.0,1,1,1,5.0,,-1.0,0,1960.0,B01,138Â 306Â 432,1.0,0.0,-1.0,1635897,2.0,33,,0.0,2.0,1.0,A01,138Â 306Â 431,1.0
958523,201900000054,11,29,17:40,3,1,1,1.0,2.0,35238,RN136,M,"48,0828811"," -1,6440681",35,2019,90.0,1.0,1.0,2.0,2142311,1.0,1,1,1,5.0,,-1.0,0,1960.0,B01,138Â 306Â 432,1.0,0.0,-1.0,1635898,2.0,7,,0.0,2.0,6.0,B01,138Â 306Â 432,1.0
958524,201900000055,11,29,11:34,1,2,9,9.0,2.0,35238,HOCHE (PLACE),M,"48,1156200"," -1,6776600",35,2019,10.0,6.0,1.0,6.0,2142312,2.0,2,1,1,5.0,,-1.0,0,1970.0,B01,138Â 306Â 429,8.0,0.0,-1.0,1635899,3.0,7,,0.0,2.0,0.0,B01,138Â 306Â 429,1.0
958524,201900000055,11,29,11:34,1,2,9,9.0,2.0,35238,HOCHE (PLACE),M,"48,1156200"," -1,6776600",35,2019,10.0,6.0,1.0,6.0,2142312,2.0,2,1,1,5.0,,-1.0,0,1970.0,B01,138Â 306Â 429,8.0,0.0,-1.0,1635900,3.0,7,,6.0,2.0,6.0,A01,138Â 306Â 430,1.0
958524,201900000055,11,29,11:34,1,2,9,9.0,2.0,35238,HOCHE (PLACE),M,"48,1156200"," -1,6776600",35,2019,10.0,6.0,1.0,6.0,2142313,1.0,1,1,2,5.0,,-1.0, -1,1975.0,B01,138Â 306Â 429,8.0,0.0,-1.0,1635899,3.0,7,,0.0,2.0,0.0,B01,138Â 306Â 429,1.0
958524,201900000055,11,29,11:34,1,2,9,9.0,2.0,35238,HOCHE (PLACE),M,"48,1156200"," -1,6776600",35,2019,10.0,6.0,1.0,6.0,2142313,1.0,1,1,2,5.0,,-1.0, -1,1975.0,B01,138Â 306Â 429,8.0,0.0,-1.0,1635900,3.0,7,,6.0,2.0,6.0,A01,138Â 306Â 430,1.0
958524,201900000055,11,29,11:34,1,2,9,9.0,2.0,35238,HOCHE (PLACE),M,"48,1156200"," -1,6776600",35,2019,10.0,6.0,1.0,6.0,2142314,1.0,1,4,2,9.0,,-1.0,0,1982.0,A01,138Â 306Â 430,8.0,0.0,-1.0,1635899,3.0,7,,0.0,2.0,0.0,B01,138Â 306Â 429,1.0
958524,201900000055,11,29,11:34,1,2,9,9.0,2.0,35238,HOCHE (PLACE),M,"48,1156200"," -1,6776600",35,2019,10.0,6.0,1.0,6.0,2142314,1.0,1,4,2,9.0,,-1.0,0,1982.0,A01,138Â 306Â 430,8.0,0.0,-1.0,1635900,3.0,7,,6.0,2.0,6.0,A01,138Â 306Â 430,1.0
958525,201900000056,11,29,09:10,1,2,1,1.0,6.0,35238,UKRAINE (ALLEE D'),M,"48,0813990"," -1,6797170",35,2019,50.0,1.0,1.0,4.0,2142315,10.0,3,3,1,5.0,,3.0,3,1932.0,A01,138Â 306Â 428,8.0,0.0,-1.0,1635901,3.0,7,,0.0,1.0,1.0,A01,138Â 306Â 428,1.0
958525,201900000056,11,29,09:10,1,2,1,1.0,6.0,35238,UKRAINE (ALLEE D'),M,"48,0813990"," -1,6797170",35,2019,50.0,1.0,1.0,4.0,2142316,1.0,1,1,1,4.0,,-1.0,0,1968.0,A01,138Â 306Â 428,1.0,8.0,-1.0,1635901,3.0,7,,0.0,1.0,1.0,A01,138Â 306Â 428,1.0
958525,201900000056,11,29,09:10,1,2,1,1.0,6.0,35238,UKRAINE (ALLEE D'),M,"48,0813990"," -1,6797170",35,2019,50.0,1.0,1.0,4.0,2142317,10.0,3,3,2,5.0,,3.0,3,1932.0,A01,138Â 306Â 428,8.0,0.0,-1.0,1635901,3.0,7,,0.0,1.0,1.0,A01,138Â 306Â 428,1.0
958526,201900000057,11,27,15:30,1,2,1,1.0,6.0,34032,VINGT DEUX AOUT 1944 (AV DU),M,"43,3438200","3,2213400",34,2019,50.0,1.0,1.0,4.0,2142318,1.0,1,1,2,4.0,,-1.0, -1,1985.0,A01,138Â 306Â 427,1.0,8.0,-1.0,1635902,2.0,7,,0.0,1.0,2.0,A01,138Â 306Â 427,1.0
958526,201900000057,11,27,15:30,1,2,1,1.0,6.0,34032,VINGT DEUX AOUT 1944 (AV DU),M,"43,3438200","3,2213400",34,2019,50.0,1.0,1.0,4.0,2142319,10.0,3,3,2,5.0,,2.0,3,2010.0,A01,138Â 306Â 427,0.0,-1.0,-1.0,1635902,2.0,7,,0.0,1.0,2.0,A01,138Â 306Â 427,1.0
958527,201900000058,11,29,18:45,5,2,2,1.0,2.0,33063,QUAI DE PALUDATE,M,"44,8315000"," -0,5585600",33,2019,50.0,1.0,1.0,4.0,2142320,1.0,1,4,2,5.0,,-1.0, -1,2000.0,A01,138Â 306Â 426,2.0,6.0,-1.0,1635903,2.0,7,,0.0,2.0,0.0,Z01,138Â 306Â 425,1.0
958527,201900000058,11,29,18:45,5,2,2,1.0,2.0,33063,QUAI DE PALUDATE,M,"44,8315000"," -0,5585600",33,2019,50.0,1.0,1.0,4.0,2142320,1.0,1,4,2,5.0,,-1.0, -1,2000.0,A01,138Â 306Â 426,2.0,6.0,-1.0,1635904,2.0,30,,0.0,2.0,4.0,A01,138Â 306Â 426,1.0
958528,201900000059,11,22,18:45,5,2,2,2.0,3.0,33063,CRS JOURNU AUBER,M,"44,8616500"," -0,5730000",33,2019,50.0,1.0,2.0,4.0,2142321,1.0,1,1,1,0.0,,-1.0, -1,1992.0,A01,138Â 306Â 423,8.0,0.0,-1.0,1635905,2.0,7,,0.0,2.0,1.0,A01,138Â 306Â 423,1.0
958528,201900000059,11,22,18:45,5,2,2,2.0,3.0,33063,CRS JOURNU AUBER,M,"44,8616500"," -0,5730000",33,2019,50.0,1.0,2.0,4.0,2142321,1.0,1,1,1,0.0,,-1.0, -1,1992.0,A01,138Â 306Â 423,8.0,0.0,-1.0,1635906,0.0,1,,0.0,2.0,1.0,B01,138Â 306Â 424,5.0
958528,201900000059,11,22,18:45,5,2,2,2.0,3.0,33063,CRS JOURNU AUBER,M,"44,8616500"," -0,5730000",33,2019,50.0,1.0,2.0,4.0,2142322,1.0,1,4,2,1.0,,-1.0, -1,1986.0,B01,138Â 306Â 424,8.0,0.0,-1.0,1635905,2.0,7,,0.0,2.0,1.0,A01,138Â 306Â 423,1.0
958528,201900000059,11,22,18:45,5,2,2,2.0,3.0,33063,CRS JOURNU AUBER,M,"44,8616500"," -0,5730000",33,2019,50.0,1.0,2.0,4.0,2142322,1.0,1,4,2,1.0,,-1.0, -1,1986.0,B01,138Â 306Â 424,8.0,0.0,-1.0,1635906,0.0,1,,0.0,2.0,1.0,B01,138Â 306Â 424,5.0
958529,201900000060,11,6,19:15,5,2,6,1.0,2.0,33550,RTE DE LEOGNAN,M,"44,7727200"," -0,5766400",33,2019,50.0,1.0,1.0,4.0,2142323,1.0,1,4,2,0.0,,-1.0, -1,1996.0,A01,138Â 306Â 421,8.0,0.0,-1.0,1635907,2.0,1,,0.0,2.0,4.0,A01,138Â 306Â 421,5.0
958529,201900000060,11,6,19:15,5,2,6,1.0,2.0,33550,RTE DE LEOGNAN,M,"44,7727200"," -0,5766400",33,2019,50.0,1.0,1.0,4.0,2142323,1.0,1,4,2,0.0,,-1.0, -1,1996.0,A01,138Â 306Â 421,8.0,0.0,-1.0,1635908,2.0,7,,0.0,2.0,1.0,Z01,138Â 306Â 422,1.0
958530,201900000061,11,29,07:30,2,2,2,2.0,1.0,33318,AVE DU PONT DE L'ORIENT,M,"44,8119100"," -0,6502100",33,2019,50.0,1.0,1.0,4.0,2142324,1.0,1,3,1,0.0,,-1.0, -1,1980.0,B01,138Â 306Â 419,2.0,0.0,-1.0,1635909,2.0,2,,0.0,2.0,1.0,B01,138Â 306Â 419,1.0
958530,201900000061,11,29,07:30,2,2,2,2.0,1.0,33318,AVE DU PONT DE L'ORIENT,M,"44,8119100"," -0,6502100",33,2019,50.0,1.0,1.0,4.0,2142324,1.0,1,3,1,0.0,,-1.0, -1,1980.0,B01,138Â 306Â 419,2.0,0.0,-1.0,1635910,1.0,7,,0.0,2.0,1.0,A01,138Â 306Â 420,1.0