Unnamed: 0_x,num_acc,mois,jour,hrmn,lum,agg,int,atm,col,com,adr,gps,lat,long,dep,annee,vma,situ,surf,catr,Unnamed: 0_y,place,catu,grav,sexe,trajet,secu,locp,actp,an_nais,num_veh_x,id_vehicule_x,secu1,secu2,secu3,Unnamed: 0,senc,catv,occutc,obs,obsm,choc,num_veh_y,id_vehicule_y,motor
958530,201900000061,11,29,07:30,2,2,2,2.0,1.0,33318,AVE DU PONT DE L'ORIENT,M,"44,8119100"," -0,6502100",33,2019,50.0,1.0,1.0,4.0,2142325,1.0,1,1,1,5.0,,-1.0, -1,1964.0,A01,138Â 306Â 420,1.0,0.0,-1.0,1635909,2.0,2,,0.0,2.0,1.0,B01,138Â 306Â 419,1.0
958530,201900000061,11,29,07:30,2,2,2,2.0,1.0,33318,AVE DU PONT DE L'ORIENT,M,"44,8119100"," -0,6502100",33,2019,50.0,1.0,1.0,4.0,2142325,1.0,1,1,1,5.0,,-1.0, -1,1964.0,A01,138Â 306Â 420,1.0,0.0,-1.0,1635910,1.0,7,,0.0,2.0,1.0,A01,138Â 306Â 420,1.0
958531,201900000062,11,28,08:45,1,2,3,8.0,3.0,33075,ALL DE BOUTAUT,M,"44,8692900"," -0,5762500",33,2019,50.0,8.0,2.0,4.0,2142326,1.0,1,1,2,0.0,,-1.0, -1,1992.0,A01,138Â 306Â 417,8.0,0.0,-1.0,1635911,2.0,7,,0.0,2.0,0.0,A01,138Â 306Â 417,1.0
958531,201900000062,11,28,08:45,1,2,3,8.0,3.0,33075,ALL DE BOUTAUT,M,"44,8692900"," -0,5762500",33,2019,50.0,8.0,2.0,4.0,2142326,1.0,1,1,2,0.0,,-1.0, -1,1992.0,A01,138Â 306Â 417,8.0,0.0,-1.0,1635912,2.0,80,,0.0,2.0,0.0,B01,138Â 306Â 418,3.0
958531,201900000062,11,28,08:45,1,2,3,8.0,3.0,33075,ALL DE BOUTAUT,M,"44,8692900"," -0,5762500",33,2019,50.0,8.0,2.0,4.0,2142327,1.0,1,4,2,1.0,,-1.0, -1,1966.0,B01,138Â 306Â 418,8.0,0.0,-1.0,1635911,2.0,7,,0.0,2.0,0.0,A01,138Â 306Â 417,1.0
958531,201900000062,11,28,08:45,1,2,3,8.0,3.0,33075,ALL DE BOUTAUT,M,"44,8692900"," -0,5762500",33,2019,50.0,8.0,2.0,4.0,2142327,1.0,1,4,2,1.0,,-1.0, -1,1966.0,B01,138Â 306Â 418,8.0,0.0,-1.0,1635912,2.0,80,,0.0,2.0,0.0,B01,138Â 306Â 418,3.0
958532,201900000063,11,27,15:10,1,2,1,1.0,6.0,33119,AVE CARNOT,M,"44,8623900"," -0,5300300",33,2019,70.0,1.0,2.0,4.0,2142328,1.0,1,4,2,0.0,,-1.0, -1,1973.0,A01,138Â 306Â 416,1.0,0.0,-1.0,1635913,0.0,7,,4.0,0.0,9.0,A01,138Â 306Â 416,1.0
958533,201900000064,11,27,17:40,5,2,6,2.0,3.0,33318,AVE DE CANDAU,M,"44,8079300"," -0,6170400",33,2019,50.0,1.0,2.0,4.0,2142329,1.0,1,4,2,0.0,,-1.0, -1,2001.0,A01,138Â 306Â 415,8.0,0.0,-1.0,1635914,0.0,7,,0.0,2.0,0.0,Z01,138Â 306Â 414,0.0
958533,201900000064,11,27,17:40,5,2,6,2.0,3.0,33318,AVE DE CANDAU,M,"44,8079300"," -0,6170400",33,2019,50.0,1.0,2.0,4.0,2142329,1.0,1,4,2,0.0,,-1.0, -1,2001.0,A01,138Â 306Â 415,8.0,0.0,-1.0,1635915,0.0,1,,0.0,2.0,7.0,A01,138Â 306Â 415,5.0
958534,201900000065,11,27,13:00,1,2,4,2.0,3.0,33522,BD DU PDT FRANKLIN ROOSEVELT,M,"44,8202000"," -0,5814500",33,2019,50.0,1.0,2.0,4.0,2142330,1.0,1,4,1,0.0,,-1.0, -1,2002.0,A01,138Â 306Â 412,8.0,0.0,-1.0,1635916,1.0,1,,0.0,2.0,1.0,A01,138Â 306Â 412,5.0
958534,201900000065,11,27,13:00,1,2,4,2.0,3.0,33522,BD DU PDT FRANKLIN ROOSEVELT,M,"44,8202000"," -0,5814500",33,2019,50.0,1.0,2.0,4.0,2142330,1.0,1,4,1,0.0,,-1.0, -1,2002.0,A01,138Â 306Â 412,8.0,0.0,-1.0,1635917,1.0,7,,0.0,2.0,2.0,B01,138Â 306Â 413,1.0
958534,201900000065,11,27,13:00,1,2,4,2.0,3.0,33522,BD DU PDT FRANKLIN ROOSEVELT,M,"44,8202000"," -0,5814500",33,2019,50.0,1.0,2.0,4.0,2142331,1.0,1,1,1,5.0,,-1.0, -1,1948.0,B01,138Â 306Â 413,8.0,0.0,-1.0,1635916,1.0,1,,0.0,2.0,1.0,A01,138Â 306Â 412,5.0
958534,201900000065,11,27,13:00,1,2,4,2.0,3.0,33522,BD DU PDT FRANKLIN ROOSEVELT,M,"44,8202000"," -0,5814500",33,2019,50.0,1.0,2.0,4.0,2142331,1.0,1,1,1,5.0,,-1.0, -1,1948.0,B01,138Â 306Â 413,8.0,0.0,-1.0,1635917,1.0,7,,0.0,2.0,2.0,B01,138Â 306Â 413,1.0
958534,201900000065,11,27,13:00,1,2,4,2.0,3.0,33522,BD DU PDT FRANKLIN ROOSEVELT,M,"44,8202000"," -0,5814500",33,2019,50.0,1.0,2.0,4.0,2142332,2.0,2,1,2,0.0,,-1.0, -1,1961.0,B01,138Â 306Â 413,8.0,0.0,-1.0,1635916,1.0,1,,0.0,2.0,1.0,A01,138Â 306Â 412,5.0
958534,201900000065,11,27,13:00,1,2,4,2.0,3.0,33522,BD DU PDT FRANKLIN ROOSEVELT,M,"44,8202000"," -0,5814500",33,2019,50.0,1.0,2.0,4.0,2142332,2.0,2,1,2,0.0,,-1.0, -1,1961.0,B01,138Â 306Â 413,8.0,0.0,-1.0,1635917,1.0,7,,0.0,2.0,2.0,B01,138Â 306Â 413,1.0
958535,201900000066,11,28,20:05,4,2,1,3.0,6.0,31555,RTE DE LAUNAGUET,M,"43,6619266","1,4393538",31,2019,50.0,1.0,2.0,3.0,2142333,1.0,1,4,1,9.0,,-1.0,0,1968.0,A01,138Â 306Â 410,2.0,8.0,-1.0,1635918,1.0,32,,0.0,2.0,8.0,A01,138Â 306Â 410,1.0
958535,201900000066,11,28,20:05,4,2,1,3.0,6.0,31555,RTE DE LAUNAGUET,M,"43,6619266","1,4393538",31,2019,50.0,1.0,2.0,3.0,2142333,1.0,1,4,1,9.0,,-1.0,0,1968.0,A01,138Â 306Â 410,2.0,8.0,-1.0,1635919,2.0,7,,0.0,2.0,1.0,B01,138Â 306Â 411,1.0
958535,201900000066,11,28,20:05,4,2,1,3.0,6.0,31555,RTE DE LAUNAGUET,M,"43,6619266","1,4393538",31,2019,50.0,1.0,2.0,3.0,2142334,1.0,1,1,1,9.0,,-1.0,0,2000.0,B01,138Â 306Â 411,1.0,8.0,-1.0,1635918,1.0,32,,0.0,2.0,8.0,A01,138Â 306Â 410,1.0
958535,201900000066,11,28,20:05,4,2,1,3.0,6.0,31555,RTE DE LAUNAGUET,M,"43,6619266","1,4393538",31,2019,50.0,1.0,2.0,3.0,2142334,1.0,1,1,1,9.0,,-1.0,0,2000.0,B01,138Â 306Â 411,1.0,8.0,-1.0,1635919,2.0,7,,0.0,2.0,1.0,B01,138Â 306Â 411,1.0
958536,201900000067,11,30,00:30,5,2,1,1.0,6.0,30007,D'INDY (AVE VINCENT),M,"44,1351800","4,0971200",30,2019,50.0,1.0,1.0,4.0,2142335,1.0,1,3,1,0.0,,-1.0,0,1992.0,A01,138Â 306Â 409,1.0,8.0,-1.0,1635920,3.0,7,,15.0,0.0,9.0,A01,138Â 306Â 409,1.0
958537,201900000068,11,29,05:01,3,1,1,3.0,7.0,29232,RN 165,M,"48,0274878"," -4,0861684",29,2019,110.0,1.0,2.0,2.0,2142336,1.0,1,4,1,1.0,,-1.0,0,1973.0,A01,138Â 306Â 408,1.0,0.0,-1.0,1635921,1.0,7,,13.0,0.0,0.0,A01,138Â 306Â 408,1.0
958538,201900000069,11,28,18:50,5,2,1,1.0,6.0,29019,LOUPPE ALBERT (DE 1 A 69 ET 2 A 62),M,"48,4036117"," -4,4735797",29,2019,30.0,1.0,2.0,4.0,2142337,10.0,3,4,2,9.0,,4.0,3,1988.0,A01,138Â 306Â 407,0.0,-1.0,-1.0,1635922,1.0,7,,0.0,1.0,1.0,A01,138Â 306Â 407,1.0
958538,201900000069,11,28,18:50,5,2,1,1.0,6.0,29019,LOUPPE ALBERT (DE 1 A 69 ET 2 A 62),M,"48,4036117"," -4,4735797",29,2019,30.0,1.0,2.0,4.0,2142338,1.0,1,1,1,9.0,,-1.0,0,1959.0,A01,138Â 306Â 407,1.0,8.0,-1.0,1635922,1.0,7,,0.0,1.0,1.0,A01,138Â 306Â 407,1.0
958539,201900000070,11,27,20:11,5,2,1,1.0,2.0,29019,FOCH MARECHAL,M,"48,3935100"," -4,4879000",29,2019,50.0,1.0,2.0,4.0,2142339,1.0,1,4,1,4.0,,-1.0,0,1998.0,A01,138Â 306Â 405,2.0,6.0,-1.0,1635923,3.0,30,,0.0,2.0,5.0,A01,138Â 306Â 405,1.0
958539,201900000070,11,27,20:11,5,2,1,1.0,2.0,29019,FOCH MARECHAL,M,"48,3935100"," -4,4879000",29,2019,50.0,1.0,2.0,4.0,2142339,1.0,1,4,1,4.0,,-1.0,0,1998.0,A01,138Â 306Â 405,2.0,6.0,-1.0,1635924,3.0,7,,0.0,2.0,1.0,B01,138Â 306Â 406,1.0
958539,201900000070,11,27,20:11,5,2,1,1.0,2.0,29019,FOCH MARECHAL,M,"48,3935100"," -4,4879000",29,2019,50.0,1.0,2.0,4.0,2142340,1.0,1,1,1,4.0,,-1.0,0,1967.0,B01,138Â 306Â 406,1.0,0.0,-1.0,1635923,3.0,30,,0.0,2.0,5.0,A01,138Â 306Â 405,1.0
958539,201900000070,11,27,20:11,5,2,1,1.0,2.0,29019,FOCH MARECHAL,M,"48,3935100"," -4,4879000",29,2019,50.0,1.0,2.0,4.0,2142340,1.0,1,1,1,4.0,,-1.0,0,1967.0,B01,138Â 306Â 406,1.0,0.0,-1.0,1635924,3.0,7,,0.0,2.0,1.0,B01,138Â 306Â 406,1.0
958540,201900000071,11,26,13:05,1,2,6,1.0,7.0,22278,GUEBRIANT,M,"48,5035700"," -2,7622600",22,2019,50.0,1.0,1.0,4.0,2142341,1.0,1,1,1,5.0,,0.0,0,1999.0,A01,138Â 306Â 404,2.0,0.0,-1.0,1635925,2.0,30,,0.0,0.0,0.0,A01,138Â 306Â 404,3.0
958540,201900000071,11,26,13:05,1,2,6,1.0,7.0,22278,GUEBRIANT,M,"48,5035700"," -2,7622600",22,2019,50.0,1.0,1.0,4.0,2142342,2.0,2,4,2,5.0,,0.0,0,1996.0,A01,138Â 306Â 404,2.0,0.0,-1.0,1635925,2.0,30,,0.0,0.0,0.0,A01,138Â 306Â 404,3.0
958541,201900000072,11,28,16:15,1,2,2,2.0,1.0,19031,MOULIN (BOULEVARD JEAN) COTE POMPIERS,M,"45,1625700","1,5028600",19,2019,50.0,1.0,2.0,4.0,2142343,1.0,1,4,1,1.0,,-1.0, -1,1980.0,B01,138Â 306Â 402,1.0,0.0,-1.0,1635926,1.0,7,,0.0,2.0,3.0,B01,138Â 306Â 402,1.0
958541,201900000072,11,28,16:15,1,2,2,2.0,1.0,19031,MOULIN (BOULEVARD JEAN) COTE POMPIERS,M,"45,1625700","1,5028600",19,2019,50.0,1.0,2.0,4.0,2142343,1.0,1,4,1,1.0,,-1.0, -1,1980.0,B01,138Â 306Â 402,1.0,0.0,-1.0,1635927,2.0,7,,0.0,2.0,1.0,A01,138Â 306Â 403,1.0
958541,201900000072,11,28,16:15,1,2,2,2.0,1.0,19031,MOULIN (BOULEVARD JEAN) COTE POMPIERS,M,"45,1625700","1,5028600",19,2019,50.0,1.0,2.0,4.0,2142344,1.0,1,1,1,4.0,,-1.0, -1,1989.0,A01,138Â 306Â 403,1.0,0.0,-1.0,1635926,1.0,7,,0.0,2.0,3.0,B01,138Â 306Â 402,1.0
958541,201900000072,11,28,16:15,1,2,2,2.0,1.0,19031,MOULIN (BOULEVARD JEAN) COTE POMPIERS,M,"45,1625700","1,5028600",19,2019,50.0,1.0,2.0,4.0,2142344,1.0,1,1,1,4.0,,-1.0, -1,1989.0,A01,138Â 306Â 403,1.0,0.0,-1.0,1635927,2.0,7,,0.0,2.0,1.0,A01,138Â 306Â 403,1.0
958542,201900000073,11,28,18:05,3,2,1,2.0,6.0,19031,ALVITRE (AVENUE ABBE),M,"45,1537972","1,5101562",19,2019,50.0,1.0,2.0,5.0,2142345,10.0,3,4,2,2.0,,3.0,3,1997.0,A01,138Â 306Â 401,0.0,-1.0,-1.0,1635928,1.0,7,,0.0,1.0,2.0,A01,138Â 306Â 401,1.0
958542,201900000073,11,28,18:05,3,2,1,2.0,6.0,19031,ALVITRE (AVENUE ABBE),M,"45,1537972","1,5101562",19,2019,50.0,1.0,2.0,5.0,2142346,1.0,1,1,2,0.0,,-1.0, -1,1972.0,A01,138Â 306Â 401,1.0,0.0,-1.0,1635928,1.0,7,,0.0,1.0,2.0,A01,138Â 306Â 401,1.0
958543,201900000074,11,29,17:08,2,2,1,1.0,6.0,18279,ROUSSEAU (RUE GEORGES),M,"47,2100000","2,0500000",18,2019,50.0,1.0,1.0,4.0,2142347,1.0,1,1,1,1.0,,-1.0, -1,1972.0,C01,138Â 306Â 399,1.0,0.0,-1.0,1635929,3.0,7,,0.0,2.0,3.0,C01,138Â 306Â 399,1.0
958543,201900000074,11,29,17:08,2,2,1,1.0,6.0,18279,ROUSSEAU (RUE GEORGES),M,"47,2100000","2,0500000",18,2019,50.0,1.0,1.0,4.0,2142347,1.0,1,1,1,1.0,,-1.0, -1,1972.0,C01,138Â 306Â 399,1.0,0.0,-1.0,1635930,3.0,7,,1.0,2.0,2.0,A01,138Â 306Â 400,1.0
958543,201900000074,11,29,17:08,2,2,1,1.0,6.0,18279,ROUSSEAU (RUE GEORGES),M,"47,2100000","2,0500000",18,2019,50.0,1.0,1.0,4.0,2142348,1.0,1,4,1,5.0,,-1.0, -1,1941.0,A01,138Â 306Â 400,1.0,0.0,-1.0,1635929,3.0,7,,0.0,2.0,3.0,C01,138Â 306Â 399,1.0
958543,201900000074,11,29,17:08,2,2,1,1.0,6.0,18279,ROUSSEAU (RUE GEORGES),M,"47,2100000","2,0500000",18,2019,50.0,1.0,1.0,4.0,2142348,1.0,1,4,1,5.0,,-1.0, -1,1941.0,A01,138Â 306Â 400,1.0,0.0,-1.0,1635930,3.0,7,,1.0,2.0,2.0,A01,138Â 306Â 400,1.0
958544,201900000075,11,29,19:40,3,1,1,1.0,1.0,17028,DOUX   CHEMIN DU PUITS,M,"46,1347200"," -1,1466400",17,2019,30.0,1.0,2.0,4.0,2142349,1.0,1,3,1,5.0,,-1.0, -1,1954.0,A01,138Â 306Â 397,1.0,0.0,-1.0,1635931,3.0,7,,0.0,2.0,1.0,A01,138Â 306Â 397,1.0
958544,201900000075,11,29,19:40,3,1,1,1.0,1.0,17028,DOUX   CHEMIN DU PUITS,M,"46,1347200"," -1,1466400",17,2019,30.0,1.0,2.0,4.0,2142349,1.0,1,3,1,5.0,,-1.0, -1,1954.0,A01,138Â 306Â 397,1.0,0.0,-1.0,1635932,3.0,7,,0.0,2.0,1.0,B01,138Â 306Â 398,1.0
958544,201900000075,11,29,19:40,3,1,1,1.0,1.0,17028,DOUX   CHEMIN DU PUITS,M,"46,1347200"," -1,1466400",17,2019,30.0,1.0,2.0,4.0,2142350,1.0,1,4,2,2.0,,-1.0, -1,1999.0,B01,138Â 306Â 398,1.0,0.0,-1.0,1635931,3.0,7,,0.0,2.0,1.0,A01,138Â 306Â 397,1.0
958544,201900000075,11,29,19:40,3,1,1,1.0,1.0,17028,DOUX   CHEMIN DU PUITS,M,"46,1347200"," -1,1466400",17,2019,30.0,1.0,2.0,4.0,2142350,1.0,1,4,2,2.0,,-1.0, -1,1999.0,B01,138Â 306Â 398,1.0,0.0,-1.0,1635932,3.0,7,,0.0,2.0,1.0,B01,138Â 306Â 398,1.0
958545,201900000076,11,29,13:40,1,2,6,1.0,3.0,13117,MONNET (AVENUE JEAN),M,"43,4205800","5,2887400",13,2019,50.0,1.0,1.0,4.0,2142351,2.0,2,1,1,3.0,,-1.0, -1,1960.0,A01,138Â 306Â 395,1.0,0.0,-1.0,1635933,1.0,10,,0.0,2.0,3.0,A01,138Â 306Â 395,1.0
958545,201900000076,11,29,13:40,1,2,6,1.0,3.0,13117,MONNET (AVENUE JEAN),M,"43,4205800","5,2887400",13,2019,50.0,1.0,1.0,4.0,2142351,2.0,2,1,1,3.0,,-1.0, -1,1960.0,A01,138Â 306Â 395,1.0,0.0,-1.0,1635934,2.0,2,,0.0,2.0,2.0,B01,138Â 306Â 396,1.0
958545,201900000076,11,29,13:40,1,2,6,1.0,3.0,13117,MONNET (AVENUE JEAN),M,"43,4205800","5,2887400",13,2019,50.0,1.0,1.0,4.0,2142352,1.0,1,1,2,3.0,,-1.0, -1,1955.0,A01,138Â 306Â 395,1.0,0.0,-1.0,1635933,1.0,10,,0.0,2.0,3.0,A01,138Â 306Â 395,1.0
958545,201900000076,11,29,13:40,1,2,6,1.0,3.0,13117,MONNET (AVENUE JEAN),M,"43,4205800","5,2887400",13,2019,50.0,1.0,1.0,4.0,2142352,1.0,1,1,2,3.0,,-1.0, -1,1955.0,A01,138Â 306Â 395,1.0,0.0,-1.0,1635934,2.0,2,,0.0,2.0,2.0,B01,138Â 306Â 396,1.0
958545,201900000076,11,29,13:40,1,2,6,1.0,3.0,13117,MONNET (AVENUE JEAN),M,"43,4205800","5,2887400",13,2019,50.0,1.0,1.0,4.0,2142353,1.0,1,4,1,1.0,,-1.0, -1,2002.0,B01,138Â 306Â 396,2.0,6.0,-1.0,1635933,1.0,10,,0.0,2.0,3.0,A01,138Â 306Â 395,1.0
958545,201900000076,11,29,13:40,1,2,6,1.0,3.0,13117,MONNET (AVENUE JEAN),M,"43,4205800","5,2887400",13,2019,50.0,1.0,1.0,4.0,2142353,1.0,1,4,1,1.0,,-1.0, -1,2002.0,B01,138Â 306Â 396,2.0,6.0,-1.0,1635934,2.0,2,,0.0,2.0,2.0,B01,138Â 306Â 396,1.0
958546,201900000077,11,24,10:30,1,1,1,2.0,7.0,13108,RD 970 ROUTE D'AVIGNON,M,"43,8204321","4,6865004",13,2019,80.0,1.0,2.0,3.0,2142354,1.0,1,3,1,5.0,,-1.0,0,1987.0,A01,138Â 306Â 394,1.0,8.0,-1.0,1635935,1.0,7,,13.0,0.0,9.0,A01,138Â 306Â 394,0.0
958547,201900000078,11,29,14:30,1,2,1,1.0,3.0,13210,SCHLOESING (BOULEVARD),M,"43,2760000","5,4000000",13,2019,50.0,1.0,1.0,4.0,2142355,1.0,1,1,1,0.0,,-1.0, -1,1979.0,B01,138Â 306Â 392,1.0,0.0,-1.0,1635936,0.0,7,,0.0,2.0,2.0,B01,138Â 306Â 392,1.0
958547,201900000078,11,29,14:30,1,2,1,1.0,3.0,13210,SCHLOESING (BOULEVARD),M,"43,2760000","5,4000000",13,2019,50.0,1.0,1.0,4.0,2142355,1.0,1,1,1,0.0,,-1.0, -1,1979.0,B01,138Â 306Â 392,1.0,0.0,-1.0,1635937,0.0,34,,0.0,2.0,1.0,A01,138Â 306Â 393,1.0
958547,201900000078,11,29,14:30,1,2,1,1.0,3.0,13210,SCHLOESING (BOULEVARD),M,"43,2760000","5,4000000",13,2019,50.0,1.0,1.0,4.0,2142356,1.0,1,4,1,1.0,,-1.0, -1,1996.0,A01,138Â 306Â 393,2.0,6.0,-1.0,1635936,0.0,7,,0.0,2.0,2.0,B01,138Â 306Â 392,1.0
958547,201900000078,11,29,14:30,1,2,1,1.0,3.0,13210,SCHLOESING (BOULEVARD),M,"43,2760000","5,4000000",13,2019,50.0,1.0,1.0,4.0,2142356,1.0,1,4,1,1.0,,-1.0, -1,1996.0,A01,138Â 306Â 393,2.0,6.0,-1.0,1635937,0.0,34,,0.0,2.0,1.0,A01,138Â 306Â 393,1.0
958548,201900000079,11,29,16:45,2,2,3,1.0,3.0,13207,Corniche John FitzgÃ©rald Kennedy,M,"43,2883900","5,3531300",13,2019,50.0,1.0,1.0,4.0,2142357,1.0,1,1,1,5.0,,0.0,0,1964.0,A01,138Â 306Â 390,1.0,0.0,-1.0,1635938,2.0,7,,0.0,2.0,8.0,A01,138Â 306Â 390,1.0
958548,201900000079,11,29,16:45,2,2,3,1.0,3.0,13207,Corniche John FitzgÃ©rald Kennedy,M,"43,2883900","5,3531300",13,2019,50.0,1.0,1.0,4.0,2142357,1.0,1,1,1,5.0,,0.0,0,1964.0,A01,138Â 306Â 390,1.0,0.0,-1.0,1635939,2.0,33,,0.0,2.0,7.0,B01,138Â 306Â 391,1.0
958548,201900000079,11,29,16:45,2,2,3,1.0,3.0,13207,Corniche John FitzgÃ©rald Kennedy,M,"43,2883900","5,3531300",13,2019,50.0,1.0,1.0,4.0,2142358,1.0,1,4,1,5.0,,-1.0, -1,1977.0,B01,138Â 306Â 391,2.0,6.0,-1.0,1635938,2.0,7,,0.0,2.0,8.0,A01,138Â 306Â 390,1.0
958548,201900000079,11,29,16:45,2,2,3,1.0,3.0,13207,Corniche John FitzgÃ©rald Kennedy,M,"43,2883900","5,3531300",13,2019,50.0,1.0,1.0,4.0,2142358,1.0,1,4,1,5.0,,-1.0, -1,1977.0,B01,138Â 306Â 391,2.0,6.0,-1.0,1635939,2.0,33,,0.0,2.0,7.0,B01,138Â 306Â 391,1.0
958549,201900000080,11,29,12:51,1,2,1,1.0,6.0,13208,LOUVAIN (BOULEVARD DE),M,"43,2763000","5,3900000",13,2019,30.0,1.0,1.0,6.0,2142359,1.0,1,1,1,0.0,,0.0,0,1944.0,A01,138Â 306Â 389,1.0,0.0,-1.0,1635940,0.0,7,,0.0,1.0,1.0,A01,138Â 306Â 389,1.0
958549,201900000080,11,29,12:51,1,2,1,1.0,6.0,13208,LOUVAIN (BOULEVARD DE),M,"43,2763000","5,3900000",13,2019,30.0,1.0,1.0,6.0,2142360,10.0,3,4,1,0.0,,1.0,1,1952.0,A01,138Â 306Â 389,8.0,0.0,-1.0,1635940,0.0,7,,0.0,1.0,1.0,A01,138Â 306Â 389,1.0
958550,201900000081,9,22,00:20,3,1,1,2.0,6.0,83077,RD202,M,"43,2659030","5,9682950",83,2019,80.0,3.0,2.0,3.0,2142361,1.0,1,4,1,5.0,,0.0,0,1992.0,A01,138Â 306Â 388,1.0,-1.0,-1.0,1635941,2.0,7,,13.0,0.0,1.0,A01,138Â 306Â 388,1.0
958550,201900000081,9,22,00:20,3,1,1,2.0,6.0,83077,RD202,M,"43,2659030","5,9682950",83,2019,80.0,3.0,2.0,3.0,2142362,2.0,2,4,1,5.0,,0.0,0,1987.0,A01,138Â 306Â 388,1.0,-1.0,-1.0,1635941,2.0,7,,13.0,0.0,1.0,A01,138Â 306Â 388,1.0
958551,201900000082,9,22,02:10,3,1,1,1.0,6.0,74145,Route de la FrontiÃ¨re,M,"46,2154615","6,2770041",74,2019,80.0,3.0,1.0,3.0,2142363,1.0,1,2,1,5.0,,0.0,0,1978.0,A01,138Â 306Â 387,2.0,6.0,9.0,1635942,2.0,34,,8.0,0.0,1.0,A01,138Â 306Â 387,0.0
958552,201900000083,9,21,15:55,1,1,1,1.0,4.0,38072,CD519B,M,"45,3173150","4,8101780",38,2019,80.0,1.0,1.0,3.0,2142364,1.0,1,1,1,5.0,,0.0,0,1962.0,C01,138Â 306Â 384,1.0,-1.0,-1.0,1635943,2.0,7,,0.0,0.0,4.0,C01,138Â 306Â 384,1.0
958552,201900000083,9,21,15:55,1,1,1,1.0,4.0,38072,CD519B,M,"45,3173150","4,8101780",38,2019,80.0,1.0,1.0,3.0,2142364,1.0,1,1,1,5.0,,0.0,0,1962.0,C01,138Â 306Â 384,1.0,-1.0,-1.0,1635944,2.0,7,,0.0,2.0,4.0,B01,138Â 306Â 385,1.0
958552,201900000083,9,21,15:55,1,1,1,1.0,4.0,38072,CD519B,M,"45,3173150","4,8101780",38,2019,80.0,1.0,1.0,3.0,2142364,1.0,1,1,1,5.0,,0.0,0,1962.0,C01,138Â 306Â 384,1.0,-1.0,-1.0,1635945,2.0,7,,0.0,2.0,1.0,A01,138Â 306Â 386,1.0
958552,201900000083,9,21,15:55,1,1,1,1.0,4.0,38072,CD519B,M,"45,3173150","4,8101780",38,2019,80.0,1.0,1.0,3.0,2142365,1.0,1,4,1,4.0,,0.0,0,1974.0,B01,138Â 306Â 385,1.0,-1.0,-1.0,1635943,2.0,7,,0.0,0.0,4.0,C01,138Â 306Â 384,1.0
958552,201900000083,9,21,15:55,1,1,1,1.0,4.0,38072,CD519B,M,"45,3173150","4,8101780",38,2019,80.0,1.0,1.0,3.0,2142365,1.0,1,4,1,4.0,,0.0,0,1974.0,B01,138Â 306Â 385,1.0,-1.0,-1.0,1635944,2.0,7,,0.0,2.0,4.0,B01,138Â 306Â 385,1.0
958552,201900000083,9,21,15:55,1,1,1,1.0,4.0,38072,CD519B,M,"45,3173150","4,8101780",38,2019,80.0,1.0,1.0,3.0,2142365,1.0,1,4,1,4.0,,0.0,0,1974.0,B01,138Â 306Â 385,1.0,-1.0,-1.0,1635945,2.0,7,,0.0,2.0,1.0,A01,138Â 306Â 386,1.0
958552,201900000083,9,21,15:55,1,1,1,1.0,4.0,38072,CD519B,M,"45,3173150","4,8101780",38,2019,80.0,1.0,1.0,3.0,2142366,1.0,1,1,1,5.0,,0.0,0,1996.0,A01,138Â 306Â 386,1.0,-1.0,-1.0,1635943,2.0,7,,0.0,0.0,4.0,C01,138Â 306Â 384,1.0
958552,201900000083,9,21,15:55,1,1,1,1.0,4.0,38072,CD519B,M,"45,3173150","4,8101780",38,2019,80.0,1.0,1.0,3.0,2142366,1.0,1,1,1,5.0,,0.0,0,1996.0,A01,138Â 306Â 386,1.0,-1.0,-1.0,1635944,2.0,7,,0.0,2.0,4.0,B01,138Â 306Â 385,1.0
958552,201900000083,9,21,15:55,1,1,1,1.0,4.0,38072,CD519B,M,"45,3173150","4,8101780",38,2019,80.0,1.0,1.0,3.0,2142366,1.0,1,1,1,5.0,,0.0,0,1996.0,A01,138Â 306Â 386,1.0,-1.0,-1.0,1635945,2.0,7,,0.0,2.0,1.0,A01,138Â 306Â 386,1.0
958553,201900000084,9,20,08:00,1,1,1,1.0,1.0,81020,chemin de FÃ©nols - lieu dit fontaine neuve,M,"43,8531210","2,0401520",81,2019,80.0,1.0,1.0,4.0,2142367,1.0,1,1,1,4.0,,0.0,0,1978.0,B01,138Â 306Â 382,1.0,-1.0,-1.0,1635946,3.0,10,,0.0,2.0,3.0,B01,138Â 306Â 382,1.0
958553,201900000084,9,20,08:00,1,1,1,1.0,1.0,81020,chemin de FÃ©nols - lieu dit fontaine neuve,M,"43,8531210","2,0401520",81,2019,80.0,1.0,1.0,4.0,2142367,1.0,1,1,1,4.0,,0.0,0,1978.0,B01,138Â 306Â 382,1.0,-1.0,-1.0,1635947,0.0,33,,0.0,2.0,1.0,A01,138Â 306Â 383,1.0
958553,201900000084,9,20,08:00,1,1,1,1.0,1.0,81020,chemin de FÃ©nols - lieu dit fontaine neuve,M,"43,8531210","2,0401520",81,2019,80.0,1.0,1.0,4.0,2142368,1.0,1,3,1,1.0,,0.0,0,1992.0,A01,138Â 306Â 383,2.0,6.0,9.0,1635946,3.0,10,,0.0,2.0,3.0,B01,138Â 306Â 382,1.0
958553,201900000084,9,20,08:00,1,1,1,1.0,1.0,81020,chemin de FÃ©nols - lieu dit fontaine neuve,M,"43,8531210","2,0401520",81,2019,80.0,1.0,1.0,4.0,2142368,1.0,1,3,1,1.0,,0.0,0,1992.0,A01,138Â 306Â 383,2.0,6.0,9.0,1635947,0.0,33,,0.0,2.0,1.0,A01,138Â 306Â 383,1.0