Unnamed: 0_x,num_acc,mois,jour,hrmn,lum,agg,int,atm,col,com,adr,gps,lat,long,dep,annee,vma,situ,surf,catr,Unnamed: 0_y,place,catu,grav,sexe,trajet,secu,locp,actp,an_nais,num_veh_x,id_vehicule_x,secu1,secu2,secu3,Unnamed: 0,senc,catv,occutc,obs,obsm,choc,num_veh_y,id_vehicule_y,motor
958554,201900000085,9,19,12:35,1,2,1,1.0,3.0,33496,32 Avenue du PÃ©rigord,M,"44,8322200"," -0,4066900",33,2019,50.0,1.0,1.0,3.0,2142369,1.0,1,1,1,5.0,,0.0,0,1946.0,B01,138Â 306Â 380,1.0,-1.0,-1.0,1635948,1.0,7,,0.0,2.0,2.0,B01,138Â 306Â 380,1.0
958554,201900000085,9,19,12:35,1,2,1,1.0,3.0,33496,32 Avenue du PÃ©rigord,M,"44,8322200"," -0,4066900",33,2019,50.0,1.0,1.0,3.0,2142369,1.0,1,1,1,5.0,,0.0,0,1946.0,B01,138Â 306Â 380,1.0,-1.0,-1.0,1635949,1.0,2,,0.0,2.0,3.0,A01,138Â 306Â 381,1.0
958554,201900000085,9,19,12:35,1,2,1,1.0,3.0,33496,32 Avenue du PÃ©rigord,M,"44,8322200"," -0,4066900",33,2019,50.0,1.0,1.0,3.0,2142370,1.0,1,3,1,1.0,,0.0,0,2002.0,A01,138Â 306Â 381,2.0,6.0,-1.0,1635948,1.0,7,,0.0,2.0,2.0,B01,138Â 306Â 380,1.0
958554,201900000085,9,19,12:35,1,2,1,1.0,3.0,33496,32 Avenue du PÃ©rigord,M,"44,8322200"," -0,4066900",33,2019,50.0,1.0,1.0,3.0,2142370,1.0,1,3,1,1.0,,0.0,0,2002.0,A01,138Â 306Â 381,2.0,6.0,-1.0,1635949,1.0,2,,0.0,2.0,3.0,A01,138Â 306Â 381,1.0
958555,201900000086,9,20,10:38,1,1,1,1.0,2.0,22223,Pont Ezer,M,"48,5721018"," -3,1627301",22,2019,50.0,1.0,1.0,3.0,2142371,1.0,1,3,2,9.0,,0.0,0,1930.0,A01,138Â 306Â 378,1.0,-1.0,-1.0,1635950,1.0,7,,1.0,0.0,1.0,A01,138Â 306Â 378,1.0
958555,201900000086,9,20,10:38,1,1,1,1.0,2.0,22223,Pont Ezer,M,"48,5721018"," -3,1627301",22,2019,50.0,1.0,1.0,3.0,2142371,1.0,1,3,2,9.0,,0.0,0,1930.0,A01,138Â 306Â 378,1.0,-1.0,-1.0,1635951,1.0,7,,0.0,0.0,4.0,B01,138Â 306Â 379,1.0
958555,201900000086,9,20,10:38,1,1,1,1.0,2.0,22223,Pont Ezer,M,"48,5721018"," -3,1627301",22,2019,50.0,1.0,1.0,3.0,2142372,1.0,1,4,2,3.0,,0.0,0,1964.0,B01,138Â 306Â 379,1.0,-1.0,-1.0,1635950,1.0,7,,1.0,0.0,1.0,A01,138Â 306Â 378,1.0
958555,201900000086,9,20,10:38,1,1,1,1.0,2.0,22223,Pont Ezer,M,"48,5721018"," -3,1627301",22,2019,50.0,1.0,1.0,3.0,2142372,1.0,1,4,2,3.0,,0.0,0,1964.0,B01,138Â 306Â 379,1.0,-1.0,-1.0,1635951,1.0,7,,0.0,0.0,4.0,B01,138Â 306Â 379,1.0
958556,201900000087,9,1,11:00,1,2,2,1.0,3.0,22070,rue cosquer,M,"48,5633140"," -3,1542850",22,2019,50.0,1.0,1.0,4.0,2142373,1.0,1,1,1,0.0,,0.0,0,1979.0,B01,138Â 306Â 376,1.0,-1.0,-1.0,1635952,3.0,7,,0.0,2.0,8.0,B01,138Â 306Â 376,1.0
958556,201900000087,9,1,11:00,1,2,2,1.0,3.0,22070,rue cosquer,M,"48,5633140"," -3,1542850",22,2019,50.0,1.0,1.0,4.0,2142373,1.0,1,1,1,0.0,,0.0,0,1979.0,B01,138Â 306Â 376,1.0,-1.0,-1.0,1635953,3.0,2,,0.0,2.0,1.0,A01,138Â 306Â 377,1.0
958556,201900000087,9,1,11:00,1,2,2,1.0,3.0,22070,rue cosquer,M,"48,5633140"," -3,1542850",22,2019,50.0,1.0,1.0,4.0,2142374,1.0,1,3,1,1.0,,0.0,0,1997.0,A01,138Â 306Â 377,2.0,6.0,-1.0,1635952,3.0,7,,0.0,2.0,8.0,B01,138Â 306Â 376,1.0
958556,201900000087,9,1,11:00,1,2,2,1.0,3.0,22070,rue cosquer,M,"48,5633140"," -3,1542850",22,2019,50.0,1.0,1.0,4.0,2142374,1.0,1,3,1,1.0,,0.0,0,1997.0,A01,138Â 306Â 377,2.0,6.0,-1.0,1635953,3.0,2,,0.0,2.0,1.0,A01,138Â 306Â 377,1.0
958557,201900000088,9,21,04:50,3,1,1,1.0,7.0,76287,d44,M,"49,5611360","1,0296220",76,2019,80.0,3.0,1.0,3.0,2142375,1.0,1,3,1,0.0,,0.0,0,2002.0,A01,138Â 306Â 375,2.0,6.0,-1.0,1635954,1.0,2,,9.0,0.0,1.0,A01,138Â 306Â 375,1.0
958558,201900000089,9,21,19:35,2,1,1,1.0,7.0,02242,D969,M,"48,9681680","3,2586560",2,2019,80.0,3.0,1.0,3.0,2142376,2.0,2,4,1,5.0,,0.0,0,1989.0,A01,138Â 306Â 374,1.0,-1.0,-1.0,1635955,1.0,7,,0.0,0.0,9.0,A01,138Â 306Â 374,0.0
958558,201900000089,9,21,19:35,2,1,1,1.0,7.0,02242,D969,M,"48,9681680","3,2586560",2,2019,80.0,3.0,1.0,3.0,2142377,1.0,1,3,1,5.0,,0.0,0,1967.0,A01,138Â 306Â 374,1.0,-1.0,-1.0,1635955,1.0,7,,0.0,0.0,9.0,A01,138Â 306Â 374,0.0
958558,201900000089,9,21,19:35,2,1,1,1.0,7.0,02242,D969,M,"48,9681680","3,2586560",2,2019,80.0,3.0,1.0,3.0,2142378,7.0,2,4,2,5.0,,0.0,0,1996.0,A01,138Â 306Â 374,1.0,-1.0,-1.0,1635955,1.0,7,,0.0,0.0,9.0,A01,138Â 306Â 374,0.0
958558,201900000089,9,21,19:35,2,1,1,1.0,7.0,02242,D969,M,"48,9681680","3,2586560",2,2019,80.0,3.0,1.0,3.0,2142379,9.0,2,4,1,5.0,,0.0,0,1995.0,A01,138Â 306Â 374,1.0,-1.0,-1.0,1635955,1.0,7,,0.0,0.0,9.0,A01,138Â 306Â 374,0.0
958559,201900000090,9,22,15:00,1,1,1,3.0,1.0,80386,D395,M,"49,6905190","2,5592200",80,2019,80.0,1.0,2.0,3.0,2142380,1.0,1,3,2,0.0,,0.0,0,1974.0,B01,138Â 306Â 372,1.0,-1.0,-1.0,1635956,3.0,7,,0.0,2.0,3.0,B01,138Â 306Â 372,1.0
958559,201900000090,9,22,15:00,1,1,1,3.0,1.0,80386,D395,M,"49,6905190","2,5592200",80,2019,80.0,1.0,2.0,3.0,2142380,1.0,1,3,2,0.0,,0.0,0,1974.0,B01,138Â 306Â 372,1.0,-1.0,-1.0,1635957,1.0,7,,0.0,2.0,3.0,A01,138Â 306Â 373,1.0
958559,201900000090,9,22,15:00,1,1,1,3.0,1.0,80386,D395,M,"49,6905190","2,5592200",80,2019,80.0,1.0,2.0,3.0,2142381,2.0,2,1,2,0.0,,0.0,0,1993.0,A01,138Â 306Â 373,1.0,-1.0,-1.0,1635956,3.0,7,,0.0,2.0,3.0,B01,138Â 306Â 372,1.0
958559,201900000090,9,22,15:00,1,1,1,3.0,1.0,80386,D395,M,"49,6905190","2,5592200",80,2019,80.0,1.0,2.0,3.0,2142381,2.0,2,1,2,0.0,,0.0,0,1993.0,A01,138Â 306Â 373,1.0,-1.0,-1.0,1635957,1.0,7,,0.0,2.0,3.0,A01,138Â 306Â 373,1.0
958559,201900000090,9,22,15:00,1,1,1,3.0,1.0,80386,D395,M,"49,6905190","2,5592200",80,2019,80.0,1.0,2.0,3.0,2142382,1.0,1,1,1,0.0,,0.0,0,1987.0,A01,138Â 306Â 373,1.0,-1.0,-1.0,1635956,3.0,7,,0.0,2.0,3.0,B01,138Â 306Â 372,1.0
958559,201900000090,9,22,15:00,1,1,1,3.0,1.0,80386,D395,M,"49,6905190","2,5592200",80,2019,80.0,1.0,2.0,3.0,2142382,1.0,1,1,1,0.0,,0.0,0,1987.0,A01,138Â 306Â 373,1.0,-1.0,-1.0,1635957,1.0,7,,0.0,2.0,3.0,A01,138Â 306Â 373,1.0
958560,201900000091,9,21,18:55,1,1,1,1.0,7.0,59630,CD62,M,"50,4935260","3,0339290",59,2019,80.0,3.0,1.0,3.0,2142383,2.0,2,4,1,5.0,,0.0,0,1972.0,A01,138Â 306Â 371,1.0,-1.0,-1.0,1635958,2.0,7,,13.0,0.0,9.0,A01,138Â 306Â 371,1.0
958560,201900000091,9,21,18:55,1,1,1,1.0,7.0,59630,CD62,M,"50,4935260","3,0339290",59,2019,80.0,3.0,1.0,3.0,2142384,1.0,1,4,1,5.0,,0.0,0,1989.0,A01,138Â 306Â 371,1.0,-1.0,-1.0,1635958,2.0,7,,13.0,0.0,9.0,A01,138Â 306Â 371,1.0
958561,201900000092,9,21,15:00,1,1,1,1.0,4.0,92004,RN315 W,M,"48,9367118","2,2998118",92,2019,50.0,1.0,1.0,2.0,2142385,1.0,1,1,2,0.0,,-1.0,0,1979.0,A01,138Â 306Â 367,1.0,8.0,-1.0,1635959,1.0,10,,0.0,2.0,1.0,A01,138Â 306Â 367,1.0
958561,201900000092,9,21,15:00,1,1,1,1.0,4.0,92004,RN315 W,M,"48,9367118","2,2998118",92,2019,50.0,1.0,1.0,2.0,2142385,1.0,1,1,2,0.0,,-1.0,0,1979.0,A01,138Â 306Â 367,1.0,8.0,-1.0,1635960,1.0,7,,0.0,2.0,1.0,B01,138Â 306Â 368,1.0
958561,201900000092,9,21,15:00,1,1,1,1.0,4.0,92004,RN315 W,M,"48,9367118","2,2998118",92,2019,50.0,1.0,1.0,2.0,2142385,1.0,1,1,2,0.0,,-1.0,0,1979.0,A01,138Â 306Â 367,1.0,8.0,-1.0,1635961,1.0,7,,0.0,2.0,4.0,C01,138Â 306Â 369,1.0
958561,201900000092,9,21,15:00,1,1,1,1.0,4.0,92004,RN315 W,M,"48,9367118","2,2998118",92,2019,50.0,1.0,1.0,2.0,2142385,1.0,1,1,2,0.0,,-1.0,0,1979.0,A01,138Â 306Â 367,1.0,8.0,-1.0,1635962,1.0,7,,0.0,2.0,1.0,D01,138Â 306Â 370,1.0
958561,201900000092,9,21,15:00,1,1,1,1.0,4.0,92004,RN315 W,M,"48,9367118","2,2998118",92,2019,50.0,1.0,1.0,2.0,2142386,1.0,1,4,1,0.0,,-1.0,0,1986.0,B01,138Â 306Â 368,1.0,8.0,-1.0,1635959,1.0,10,,0.0,2.0,1.0,A01,138Â 306Â 367,1.0
958561,201900000092,9,21,15:00,1,1,1,1.0,4.0,92004,RN315 W,M,"48,9367118","2,2998118",92,2019,50.0,1.0,1.0,2.0,2142386,1.0,1,4,1,0.0,,-1.0,0,1986.0,B01,138Â 306Â 368,1.0,8.0,-1.0,1635960,1.0,7,,0.0,2.0,1.0,B01,138Â 306Â 368,1.0
958561,201900000092,9,21,15:00,1,1,1,1.0,4.0,92004,RN315 W,M,"48,9367118","2,2998118",92,2019,50.0,1.0,1.0,2.0,2142386,1.0,1,4,1,0.0,,-1.0,0,1986.0,B01,138Â 306Â 368,1.0,8.0,-1.0,1635961,1.0,7,,0.0,2.0,4.0,C01,138Â 306Â 369,1.0
958561,201900000092,9,21,15:00,1,1,1,1.0,4.0,92004,RN315 W,M,"48,9367118","2,2998118",92,2019,50.0,1.0,1.0,2.0,2142386,1.0,1,4,1,0.0,,-1.0,0,1986.0,B01,138Â 306Â 368,1.0,8.0,-1.0,1635962,1.0,7,,0.0,2.0,1.0,D01,138Â 306Â 370,1.0
958561,201900000092,9,21,15:00,1,1,1,1.0,4.0,92004,RN315 W,M,"48,9367118","2,2998118",92,2019,50.0,1.0,1.0,2.0,2142387,1.0,1,1,1,0.0,,-1.0,0,1961.0,C01,138Â 306Â 369,1.0,8.0,-1.0,1635959,1.0,10,,0.0,2.0,1.0,A01,138Â 306Â 367,1.0
958561,201900000092,9,21,15:00,1,1,1,1.0,4.0,92004,RN315 W,M,"48,9367118","2,2998118",92,2019,50.0,1.0,1.0,2.0,2142387,1.0,1,1,1,0.0,,-1.0,0,1961.0,C01,138Â 306Â 369,1.0,8.0,-1.0,1635960,1.0,7,,0.0,2.0,1.0,B01,138Â 306Â 368,1.0
958561,201900000092,9,21,15:00,1,1,1,1.0,4.0,92004,RN315 W,M,"48,9367118","2,2998118",92,2019,50.0,1.0,1.0,2.0,2142387,1.0,1,1,1,0.0,,-1.0,0,1961.0,C01,138Â 306Â 369,1.0,8.0,-1.0,1635961,1.0,7,,0.0,2.0,4.0,C01,138Â 306Â 369,1.0
958561,201900000092,9,21,15:00,1,1,1,1.0,4.0,92004,RN315 W,M,"48,9367118","2,2998118",92,2019,50.0,1.0,1.0,2.0,2142387,1.0,1,1,1,0.0,,-1.0,0,1961.0,C01,138Â 306Â 369,1.0,8.0,-1.0,1635962,1.0,7,,0.0,2.0,1.0,D01,138Â 306Â 370,1.0
958561,201900000092,9,21,15:00,1,1,1,1.0,4.0,92004,RN315 W,M,"48,9367118","2,2998118",92,2019,50.0,1.0,1.0,2.0,2142388,1.0,1,1,2,1.0,,-1.0,0,1990.0,D01,138Â 306Â 370,1.0,8.0,-1.0,1635959,1.0,10,,0.0,2.0,1.0,A01,138Â 306Â 367,1.0
958561,201900000092,9,21,15:00,1,1,1,1.0,4.0,92004,RN315 W,M,"48,9367118","2,2998118",92,2019,50.0,1.0,1.0,2.0,2142388,1.0,1,1,2,1.0,,-1.0,0,1990.0,D01,138Â 306Â 370,1.0,8.0,-1.0,1635960,1.0,7,,0.0,2.0,1.0,B01,138Â 306Â 368,1.0
958561,201900000092,9,21,15:00,1,1,1,1.0,4.0,92004,RN315 W,M,"48,9367118","2,2998118",92,2019,50.0,1.0,1.0,2.0,2142388,1.0,1,1,2,1.0,,-1.0,0,1990.0,D01,138Â 306Â 370,1.0,8.0,-1.0,1635961,1.0,7,,0.0,2.0,4.0,C01,138Â 306Â 369,1.0
958561,201900000092,9,21,15:00,1,1,1,1.0,4.0,92004,RN315 W,M,"48,9367118","2,2998118",92,2019,50.0,1.0,1.0,2.0,2142388,1.0,1,1,2,1.0,,-1.0,0,1990.0,D01,138Â 306Â 370,1.0,8.0,-1.0,1635962,1.0,7,,0.0,2.0,1.0,D01,138Â 306Â 370,1.0
958562,201900000093,9,21,13:20,1,1,1,1.0,2.0,78118,A13,M,"48,9859110","1,6697390",78,2019,70.0,1.0,1.0,1.0,2142389,1.0,1,4,1,5.0,,-1.0, -1,1995.0,A01,138Â 306Â 365,1.0,8.0,-1.0,1635963,1.0,7,,0.0,2.0,1.0,A01,138Â 306Â 365,1.0
958562,201900000093,9,21,13:20,1,1,1,1.0,2.0,78118,A13,M,"48,9859110","1,6697390",78,2019,70.0,1.0,1.0,1.0,2142389,1.0,1,4,1,5.0,,-1.0, -1,1995.0,A01,138Â 306Â 365,1.0,8.0,-1.0,1635964,1.0,7,,0.0,2.0,4.0,B01,138Â 306Â 366,1.0
958562,201900000093,9,21,13:20,1,1,1,1.0,2.0,78118,A13,M,"48,9859110","1,6697390",78,2019,70.0,1.0,1.0,1.0,2142390,1.0,1,4,1,5.0,,-1.0, -1,1973.0,B01,138Â 306Â 366,1.0,0.0,-1.0,1635963,1.0,7,,0.0,2.0,1.0,A01,138Â 306Â 365,1.0
958562,201900000093,9,21,13:20,1,1,1,1.0,2.0,78118,A13,M,"48,9859110","1,6697390",78,2019,70.0,1.0,1.0,1.0,2142390,1.0,1,4,1,5.0,,-1.0, -1,1973.0,B01,138Â 306Â 366,1.0,0.0,-1.0,1635964,1.0,7,,0.0,2.0,4.0,B01,138Â 306Â 366,1.0
958563,201900000094,9,21,00:55,4,1,1,1.0,2.0,78322,RN12 EXT,M,"48,7820540","2,1623210",78,2019,90.0,1.0,1.0,2.0,2142391,1.0,1,4,2,9.0,,-1.0, -1,1943.0,B01,138Â 306Â 363,1.0,0.0,-1.0,1635965,1.0,7,,0.0,2.0,4.0,B01,138Â 306Â 363,1.0
958563,201900000094,9,21,00:55,4,1,1,1.0,2.0,78322,RN12 EXT,M,"48,7820540","2,1623210",78,2019,90.0,1.0,1.0,2.0,2142391,1.0,1,4,2,9.0,,-1.0, -1,1943.0,B01,138Â 306Â 363,1.0,0.0,-1.0,1635966,1.0,15,,0.0,2.0,1.0,A01,138Â 306Â 364,1.0
958563,201900000094,9,21,00:55,4,1,1,1.0,2.0,78322,RN12 EXT,M,"48,7820540","2,1623210",78,2019,90.0,1.0,1.0,2.0,2142392,1.0,1,1,1,4.0,,-1.0, -1,1980.0,A01,138Â 306Â 364,8.0,4.0,-1.0,1635965,1.0,7,,0.0,2.0,4.0,B01,138Â 306Â 363,1.0
958563,201900000094,9,21,00:55,4,1,1,1.0,2.0,78322,RN12 EXT,M,"48,7820540","2,1623210",78,2019,90.0,1.0,1.0,2.0,2142392,1.0,1,1,1,4.0,,-1.0, -1,1980.0,A01,138Â 306Â 364,8.0,4.0,-1.0,1635966,1.0,15,,0.0,2.0,1.0,A01,138Â 306Â 364,1.0
958564,201900000095,9,20,19:03,1,1,1,1.0,2.0,92036,A86,M,"48,9341276","2,2789632",92,2019,90.0,1.0,1.0,1.0,2142393,1.0,1,4,1,1.0,,-1.0,0,1994.0,A01,138Â 306Â 361,2.0,6.0,-1.0,1635967,1.0,33,,0.0,2.0,1.0,A01,138Â 306Â 361,1.0
958564,201900000095,9,20,19:03,1,1,1,1.0,2.0,92036,A86,M,"48,9341276","2,2789632",92,2019,90.0,1.0,1.0,1.0,2142393,1.0,1,4,1,1.0,,-1.0,0,1994.0,A01,138Â 306Â 361,2.0,6.0,-1.0,1635968,1.0,7,,0.0,2.0,5.0,B01,138Â 306Â 362,1.0
958564,201900000095,9,20,19:03,1,1,1,1.0,2.0,92036,A86,M,"48,9341276","2,2789632",92,2019,90.0,1.0,1.0,1.0,2142394,1.0,1,1,1,1.0,,-1.0,0,1987.0,B01,138Â 306Â 362,1.0,8.0,-1.0,1635967,1.0,33,,0.0,2.0,1.0,A01,138Â 306Â 361,1.0
958564,201900000095,9,20,19:03,1,1,1,1.0,2.0,92036,A86,M,"48,9341276","2,2789632",92,2019,90.0,1.0,1.0,1.0,2142394,1.0,1,1,1,1.0,,-1.0,0,1987.0,B01,138Â 306Â 362,1.0,8.0,-1.0,1635968,1.0,7,,0.0,2.0,5.0,B01,138Â 306Â 362,1.0
958565,201900000096,9,21,16:42,1,1,1,1.0,6.0,93005,AUTOROUTE A1,M,"48,9608400","2,4662100",93,2019,50.0,1.0,1.0,1.0,2142395,1.0,1,4,2,0.0,,-1.0, -1,1997.0,A01,138Â 306Â 360,1.0,0.0,-1.0,1635969,2.0,7,,4.0,0.0,1.0,A01,138Â 306Â 360,1.0
958566,201900000097,9,21,15:50,1,1,1,1.0,6.0,95252,AUTOROUTE A15,M,"48,9884100","2,2042600",95,2019,110.0,1.0,1.0,1.0,2142396,1.0,1,4,2,5.0,,-1.0,0,1992.0,A01,138Â 306Â 359,1.0,0.0,-1.0,1635970,1.0,7,,4.0,0.0,1.0,A01,138Â 306Â 359,1.0
958567,201900000098,9,20,20:32,5,1,1,1.0,2.0,93027,AUTOROUTE A86,M,"48,9220200","2,3782900",93,2019,90.0,1.0,1.0,1.0,2142397,1.0,1,4,2,0.0,,-1.0, -1,1963.0,A01,138Â 306Â 358,1.0,0.0,-1.0,1635971,1.0,7,,0.0,2.0,1.0,Z01,138Â 306Â 357,0.0
958567,201900000098,9,20,20:32,5,1,1,1.0,2.0,93027,AUTOROUTE A86,M,"48,9220200","2,3782900",93,2019,90.0,1.0,1.0,1.0,2142397,1.0,1,4,2,0.0,,-1.0, -1,1963.0,A01,138Â 306Â 358,1.0,0.0,-1.0,1635972,1.0,7,,0.0,2.0,4.0,A01,138Â 306Â 358,1.0
958568,201900000099,9,20,20:30,3,1,1,1.0,2.0,93010,AUTOROUTE A3,M,"48,9145500","2,4773300",93,2019,110.0,1.0,1.0,1.0,2142398,1.0,1,4,1,0.0,,-1.0, -1,1991.0,B01,138Â 306Â 355,2.0,6.0,-1.0,1635973,2.0,33,,0.0,2.0,1.0,B01,138Â 306Â 355,1.0
958568,201900000099,9,20,20:30,3,1,1,1.0,2.0,93010,AUTOROUTE A3,M,"48,9145500","2,4773300",93,2019,110.0,1.0,1.0,1.0,2142398,1.0,1,4,1,0.0,,-1.0, -1,1991.0,B01,138Â 306Â 355,2.0,6.0,-1.0,1635974,2.0,7,,0.0,2.0,5.0,A01,138Â 306Â 356,1.0
958568,201900000099,9,20,20:30,3,1,1,1.0,2.0,93010,AUTOROUTE A3,M,"48,9145500","2,4773300",93,2019,110.0,1.0,1.0,1.0,2142399,1.0,1,1,1,0.0,,-1.0, -1,1977.0,A01,138Â 306Â 356,1.0,4.0,-1.0,1635973,2.0,33,,0.0,2.0,1.0,B01,138Â 306Â 355,1.0
958568,201900000099,9,20,20:30,3,1,1,1.0,2.0,93010,AUTOROUTE A3,M,"48,9145500","2,4773300",93,2019,110.0,1.0,1.0,1.0,2142399,1.0,1,1,1,0.0,,-1.0, -1,1977.0,A01,138Â 306Â 356,1.0,4.0,-1.0,1635974,2.0,7,,0.0,2.0,5.0,A01,138Â 306Â 356,1.0
958569,201900000100,9,20,18:15,1,1,1,1.0,5.0,95527,AUTOROUTE A1,M,"49,0208600","2,5341900",95,2019,90.0,1.0,1.0,1.0,2142400,1.0,1,1,2,1.0,,-1.0,0,1995.0,A01,138Â 306Â 351,1.0,0.0,-1.0,1635975,1.0,7,,0.0,2.0,1.0,A01,138Â 306Â 351,1.0
958569,201900000100,9,20,18:15,1,1,1,1.0,5.0,95527,AUTOROUTE A1,M,"49,0208600","2,5341900",95,2019,90.0,1.0,1.0,1.0,2142400,1.0,1,1,2,1.0,,-1.0,0,1995.0,A01,138Â 306Â 351,1.0,0.0,-1.0,1635976,1.0,7,,0.0,2.0,4.0,B01,138Â 306Â 352,1.0
958569,201900000100,9,20,18:15,1,1,1,1.0,5.0,95527,AUTOROUTE A1,M,"49,0208600","2,5341900",95,2019,90.0,1.0,1.0,1.0,2142400,1.0,1,1,2,1.0,,-1.0,0,1995.0,A01,138Â 306Â 351,1.0,0.0,-1.0,1635977,1.0,7,,0.0,2.0,3.0,C01,138Â 306Â 353,1.0
958569,201900000100,9,20,18:15,1,1,1,1.0,5.0,95527,AUTOROUTE A1,M,"49,0208600","2,5341900",95,2019,90.0,1.0,1.0,1.0,2142400,1.0,1,1,2,1.0,,-1.0,0,1995.0,A01,138Â 306Â 351,1.0,0.0,-1.0,1635978,1.0,7,,0.0,2.0,4.0,D01,138Â 306Â 354,1.0
958569,201900000100,9,20,18:15,1,1,1,1.0,5.0,95527,AUTOROUTE A1,M,"49,0208600","2,5341900",95,2019,90.0,1.0,1.0,1.0,2142401,1.0,1,1,1,1.0,,-1.0, -1,1990.0,B01,138Â 306Â 352,1.0,0.0,-1.0,1635975,1.0,7,,0.0,2.0,1.0,A01,138Â 306Â 351,1.0
958569,201900000100,9,20,18:15,1,1,1,1.0,5.0,95527,AUTOROUTE A1,M,"49,0208600","2,5341900",95,2019,90.0,1.0,1.0,1.0,2142401,1.0,1,1,1,1.0,,-1.0, -1,1990.0,B01,138Â 306Â 352,1.0,0.0,-1.0,1635976,1.0,7,,0.0,2.0,4.0,B01,138Â 306Â 352,1.0
958569,201900000100,9,20,18:15,1,1,1,1.0,5.0,95527,AUTOROUTE A1,M,"49,0208600","2,5341900",95,2019,90.0,1.0,1.0,1.0,2142401,1.0,1,1,1,1.0,,-1.0, -1,1990.0,B01,138Â 306Â 352,1.0,0.0,-1.0,1635977,1.0,7,,0.0,2.0,3.0,C01,138Â 306Â 353,1.0
958569,201900000100,9,20,18:15,1,1,1,1.0,5.0,95527,AUTOROUTE A1,M,"49,0208600","2,5341900",95,2019,90.0,1.0,1.0,1.0,2142401,1.0,1,1,1,1.0,,-1.0, -1,1990.0,B01,138Â 306Â 352,1.0,0.0,-1.0,1635978,1.0,7,,0.0,2.0,4.0,D01,138Â 306Â 354,1.0
958569,201900000100,9,20,18:15,1,1,1,1.0,5.0,95527,AUTOROUTE A1,M,"49,0208600","2,5341900",95,2019,90.0,1.0,1.0,1.0,2142402,2.0,2,4,2,1.0,,-1.0,0,1996.0,B01,138Â 306Â 352,1.0,0.0,-1.0,1635975,1.0,7,,0.0,2.0,1.0,A01,138Â 306Â 351,1.0
958569,201900000100,9,20,18:15,1,1,1,1.0,5.0,95527,AUTOROUTE A1,M,"49,0208600","2,5341900",95,2019,90.0,1.0,1.0,1.0,2142402,2.0,2,4,2,1.0,,-1.0,0,1996.0,B01,138Â 306Â 352,1.0,0.0,-1.0,1635976,1.0,7,,0.0,2.0,4.0,B01,138Â 306Â 352,1.0
958569,201900000100,9,20,18:15,1,1,1,1.0,5.0,95527,AUTOROUTE A1,M,"49,0208600","2,5341900",95,2019,90.0,1.0,1.0,1.0,2142402,2.0,2,4,2,1.0,,-1.0,0,1996.0,B01,138Â 306Â 352,1.0,0.0,-1.0,1635977,1.0,7,,0.0,2.0,3.0,C01,138Â 306Â 353,1.0
958569,201900000100,9,20,18:15,1,1,1,1.0,5.0,95527,AUTOROUTE A1,M,"49,0208600","2,5341900",95,2019,90.0,1.0,1.0,1.0,2142402,2.0,2,4,2,1.0,,-1.0,0,1996.0,B01,138Â 306Â 352,1.0,0.0,-1.0,1635978,1.0,7,,0.0,2.0,4.0,D01,138Â 306Â 354,1.0
958569,201900000100,9,20,18:15,1,1,1,1.0,5.0,95527,AUTOROUTE A1,M,"49,0208600","2,5341900",95,2019,90.0,1.0,1.0,1.0,2142403,1.0,1,1,2,1.0,,-1.0,0,1959.0,C01,138Â 306Â 353,1.0,0.0,-1.0,1635975,1.0,7,,0.0,2.0,1.0,A01,138Â 306Â 351,1.0
958569,201900000100,9,20,18:15,1,1,1,1.0,5.0,95527,AUTOROUTE A1,M,"49,0208600","2,5341900",95,2019,90.0,1.0,1.0,1.0,2142403,1.0,1,1,2,1.0,,-1.0,0,1959.0,C01,138Â 306Â 353,1.0,0.0,-1.0,1635976,1.0,7,,0.0,2.0,4.0,B01,138Â 306Â 352,1.0
958569,201900000100,9,20,18:15,1,1,1,1.0,5.0,95527,AUTOROUTE A1,M,"49,0208600","2,5341900",95,2019,90.0,1.0,1.0,1.0,2142403,1.0,1,1,2,1.0,,-1.0,0,1959.0,C01,138Â 306Â 353,1.0,0.0,-1.0,1635977,1.0,7,,0.0,2.0,3.0,C01,138Â 306Â 353,1.0
958569,201900000100,9,20,18:15,1,1,1,1.0,5.0,95527,AUTOROUTE A1,M,"49,0208600","2,5341900",95,2019,90.0,1.0,1.0,1.0,2142403,1.0,1,1,2,1.0,,-1.0,0,1959.0,C01,138Â 306Â 353,1.0,0.0,-1.0,1635978,1.0,7,,0.0,2.0,4.0,D01,138Â 306Â 354,1.0
958569,201900000100,9,20,18:15,1,1,1,1.0,5.0,95527,AUTOROUTE A1,M,"49,0208600","2,5341900",95,2019,90.0,1.0,1.0,1.0,2142404,1.0,1,1,1,5.0,,-1.0,0,1972.0,D01,138Â 306Â 354,1.0,0.0,-1.0,1635975,1.0,7,,0.0,2.0,1.0,A01,138Â 306Â 351,1.0
958569,201900000100,9,20,18:15,1,1,1,1.0,5.0,95527,AUTOROUTE A1,M,"49,0208600","2,5341900",95,2019,90.0,1.0,1.0,1.0,2142404,1.0,1,1,1,5.0,,-1.0,0,1972.0,D01,138Â 306Â 354,1.0,0.0,-1.0,1635976,1.0,7,,0.0,2.0,4.0,B01,138Â 306Â 352,1.0
958569,201900000100,9,20,18:15,1,1,1,1.0,5.0,95527,AUTOROUTE A1,M,"49,0208600","2,5341900",95,2019,90.0,1.0,1.0,1.0,2142404,1.0,1,1,1,5.0,,-1.0,0,1972.0,D01,138Â 306Â 354,1.0,0.0,-1.0,1635977,1.0,7,,0.0,2.0,3.0,C01,138Â 306Â 353,1.0