Unnamed: 0_x,num_acc,mois,jour,hrmn,lum,agg,int,atm,col,com,adr,gps,lat,long,dep,annee,vma,situ,surf,catr,Unnamed: 0_y,place,catu,grav,sexe,trajet,secu,locp,actp,an_nais,num_veh_x,id_vehicule_x,secu1,secu2,secu3,Unnamed: 0,senc,catv,occutc,obs,obsm,choc,num_veh_y,id_vehicule_y,motor
958569,201900000100,9,20,18:15,1,1,1,1.0,5.0,95527,AUTOROUTE A1,M,"49,0208600","2,5341900",95,2019,90.0,1.0,1.0,1.0,2142404,1.0,1,1,1,5.0,,-1.0,0,1972.0,D01,138Â 306Â 354,1.0,0.0,-1.0,1635978,1.0,7,,0.0,2.0,4.0,D01,138Â 306Â 354,1.0
958570,201900000101,9,21,13:10,1,1,1,1.0,3.0,94022,A86 INT,M,"48,7762270","2,4322747",94,2019,90.0,1.0,1.0,1.0,2142405,1.0,1,4,1,5.0,,-1.0,0,1985.0,B01,138Â 306Â 349,1.0,0.0,-1.0,1635979,1.0,7,,0.0,2.0,6.0,B01,138Â 306Â 349,1.0
958570,201900000101,9,21,13:10,1,1,1,1.0,3.0,94022,A86 INT,M,"48,7762270","2,4322747",94,2019,90.0,1.0,1.0,1.0,2142405,1.0,1,4,1,5.0,,-1.0,0,1985.0,B01,138Â 306Â 349,1.0,0.0,-1.0,1635980,1.0,17,,0.0,2.0,2.0,A01,138Â 306Â 350,1.0
958570,201900000101,9,21,13:10,1,1,1,1.0,3.0,94022,A86 INT,M,"48,7762270","2,4322747",94,2019,90.0,1.0,1.0,1.0,2142406,1.0,1,1,1,4.0,,-1.0,0,1970.0,A01,138Â 306Â 350,1.0,0.0,-1.0,1635979,1.0,7,,0.0,2.0,6.0,B01,138Â 306Â 349,1.0
958570,201900000101,9,21,13:10,1,1,1,1.0,3.0,94022,A86 INT,M,"48,7762270","2,4322747",94,2019,90.0,1.0,1.0,1.0,2142406,1.0,1,1,1,4.0,,-1.0,0,1970.0,A01,138Â 306Â 350,1.0,0.0,-1.0,1635980,1.0,17,,0.0,2.0,2.0,A01,138Â 306Â 350,1.0
958571,201900000102,9,19,17:00,1,2,3,1.0,1.0,71040,JOSEPH LAMBERT (RUE),M,"46,6965100","4,3911800",71,2019,50.0,1.0,1.0,4.0,2142407,1.0,1,4,1,0.0,,0.0,0,1966.0,B01,138Â 306Â 347,2.0,0.0,-1.0,1635981,2.0,1,,0.0,2.0,2.0,B01,138Â 306Â 347,5.0
958571,201900000102,9,19,17:00,1,2,3,1.0,1.0,71040,JOSEPH LAMBERT (RUE),M,"46,6965100","4,3911800",71,2019,50.0,1.0,1.0,4.0,2142407,1.0,1,4,1,0.0,,0.0,0,1966.0,B01,138Â 306Â 347,2.0,0.0,-1.0,1635982,2.0,7,,0.0,2.0,1.0,A01,138Â 306Â 348,1.0
958571,201900000102,9,19,17:00,1,2,3,1.0,1.0,71040,JOSEPH LAMBERT (RUE),M,"46,6965100","4,3911800",71,2019,50.0,1.0,1.0,4.0,2142408,1.0,1,1,1,0.0,,0.0,0,1986.0,A01,138Â 306Â 348,1.0,0.0,-1.0,1635981,2.0,1,,0.0,2.0,2.0,B01,138Â 306Â 347,5.0
958571,201900000102,9,19,17:00,1,2,3,1.0,1.0,71040,JOSEPH LAMBERT (RUE),M,"46,6965100","4,3911800",71,2019,50.0,1.0,1.0,4.0,2142408,1.0,1,1,1,0.0,,0.0,0,1986.0,A01,138Â 306Â 348,1.0,0.0,-1.0,1635982,2.0,7,,0.0,2.0,1.0,A01,138Â 306Â 348,1.0
958572,201900000103,9,18,20:10,2,2,1,1.0,5.0,63113,MEUNIERS (RUE DES),M,"45,7592252","3,1052583",63,2019,50.0,1.0,1.0,4.0,2142409,1.0,1,4,2,0.0,,0.0,0,1997.0,A01,138Â 306Â 344,1.0,0.0,-1.0,1635983,1.0,7,,1.0,0.0,3.0,A01,138Â 306Â 344,1.0
958572,201900000103,9,18,20:10,2,2,1,1.0,5.0,63113,MEUNIERS (RUE DES),M,"45,7592252","3,1052583",63,2019,50.0,1.0,1.0,4.0,2142409,1.0,1,4,2,0.0,,0.0,0,1997.0,A01,138Â 306Â 344,1.0,0.0,-1.0,1635984,0.0,7,,0.0,2.0,8.0,B01,138Â 306Â 345,1.0
958572,201900000103,9,18,20:10,2,2,1,1.0,5.0,63113,MEUNIERS (RUE DES),M,"45,7592252","3,1052583",63,2019,50.0,1.0,1.0,4.0,2142409,1.0,1,4,2,0.0,,0.0,0,1997.0,A01,138Â 306Â 344,1.0,0.0,-1.0,1635985,0.0,7,,0.0,2.0,8.0,C01,138Â 306Â 346,1.0
958572,201900000103,9,18,20:10,2,2,1,1.0,5.0,63113,MEUNIERS (RUE DES),M,"45,7592252","3,1052583",63,2019,50.0,1.0,1.0,4.0,2142410,1.0,1,1,1,0.0,,0.0,0,1984.0,B01,138Â 306Â 345,1.0,0.0,-1.0,1635983,1.0,7,,1.0,0.0,3.0,A01,138Â 306Â 344,1.0
958572,201900000103,9,18,20:10,2,2,1,1.0,5.0,63113,MEUNIERS (RUE DES),M,"45,7592252","3,1052583",63,2019,50.0,1.0,1.0,4.0,2142410,1.0,1,1,1,0.0,,0.0,0,1984.0,B01,138Â 306Â 345,1.0,0.0,-1.0,1635984,0.0,7,,0.0,2.0,8.0,B01,138Â 306Â 345,1.0
958572,201900000103,9,18,20:10,2,2,1,1.0,5.0,63113,MEUNIERS (RUE DES),M,"45,7592252","3,1052583",63,2019,50.0,1.0,1.0,4.0,2142410,1.0,1,1,1,0.0,,0.0,0,1984.0,B01,138Â 306Â 345,1.0,0.0,-1.0,1635985,0.0,7,,0.0,2.0,8.0,C01,138Â 306Â 346,1.0
958572,201900000103,9,18,20:10,2,2,1,1.0,5.0,63113,MEUNIERS (RUE DES),M,"45,7592252","3,1052583",63,2019,50.0,1.0,1.0,4.0,2142411,1.0,1,1,1,0.0,,0.0,0,1999.0,C01,138Â 306Â 346,1.0,0.0,-1.0,1635983,1.0,7,,1.0,0.0,3.0,A01,138Â 306Â 344,1.0
958572,201900000103,9,18,20:10,2,2,1,1.0,5.0,63113,MEUNIERS (RUE DES),M,"45,7592252","3,1052583",63,2019,50.0,1.0,1.0,4.0,2142411,1.0,1,1,1,0.0,,0.0,0,1999.0,C01,138Â 306Â 346,1.0,0.0,-1.0,1635984,0.0,7,,0.0,2.0,8.0,B01,138Â 306Â 345,1.0
958572,201900000103,9,18,20:10,2,2,1,1.0,5.0,63113,MEUNIERS (RUE DES),M,"45,7592252","3,1052583",63,2019,50.0,1.0,1.0,4.0,2142411,1.0,1,1,1,0.0,,0.0,0,1999.0,C01,138Â 306Â 346,1.0,0.0,-1.0,1635985,0.0,7,,0.0,2.0,8.0,C01,138Â 306Â 346,1.0
958573,201900000104,9,18,19:29,1,2,1,1.0,3.0,63113,FLAUBERT (BD GUSTAVE),M,"45,7621566","3,1262004",63,2019,50.0,1.0,1.0,7.0,2142412,1.0,1,1,1,4.0,,0.0,0,1980.0,B01,138Â 306Â 342,1.0,-1.0,-1.0,1635986,1.0,40,,0.0,2.0,7.0,B01,138Â 306Â 342,3.0
958573,201900000104,9,18,19:29,1,2,1,1.0,3.0,63113,FLAUBERT (BD GUSTAVE),M,"45,7621566","3,1262004",63,2019,50.0,1.0,1.0,7.0,2142412,1.0,1,1,1,4.0,,0.0,0,1980.0,B01,138Â 306Â 342,1.0,-1.0,-1.0,1635987,1.0,7,,0.0,-1.0,8.0,A01,138Â 306Â 343,1.0
958573,201900000104,9,18,19:29,1,2,1,1.0,3.0,63113,FLAUBERT (BD GUSTAVE),M,"45,7621566","3,1262004",63,2019,50.0,1.0,1.0,7.0,2142413,1.0,1,4,2,0.0,,0.0,0,1996.0,A01,138Â 306Â 343,1.0,0.0,-1.0,1635986,1.0,40,,0.0,2.0,7.0,B01,138Â 306Â 342,3.0
958573,201900000104,9,18,19:29,1,2,1,1.0,3.0,63113,FLAUBERT (BD GUSTAVE),M,"45,7621566","3,1262004",63,2019,50.0,1.0,1.0,7.0,2142413,1.0,1,4,2,0.0,,0.0,0,1996.0,A01,138Â 306Â 343,1.0,0.0,-1.0,1635987,1.0,7,,0.0,-1.0,8.0,A01,138Â 306Â 343,1.0
958574,201900000105,9,18,17:36,1,2,1,1.0,6.0,63032,PARC (AVENUE DU),M,"45,7546661","3,0969044",63,2019,50.0,1.0,1.0,4.0,2142414,10.0,3,4,1,0.0,,3.0,3,1987.0,A01,138Â 306Â 341,8.0,0.0,-1.0,1635988,0.0,7,,0.0,1.0,1.0,A01,138Â 306Â 341,1.0
958574,201900000105,9,18,17:36,1,2,1,1.0,6.0,63032,PARC (AVENUE DU),M,"45,7546661","3,0969044",63,2019,50.0,1.0,1.0,4.0,2142415,1.0,1,1,2,0.0,,-1.0, -1,1997.0,A01,138Â 306Â 341,1.0,0.0,-1.0,1635988,0.0,7,,0.0,1.0,1.0,A01,138Â 306Â 341,1.0
958575,201900000106,9,18,15:57,1,2,2,1.0,6.0,63113,Pasteur/DUCLAUX (BD),M,"45,7735000","3,0745300",63,2019,50.0,1.0,1.0,7.0,2142416,1.0,1,1,2,0.0,,-1.0, -1,1974.0,A01,138Â 306Â 340,1.0,0.0,-1.0,1635989,1.0,7,,0.0,1.0,1.0,A01,138Â 306Â 340,1.0
958575,201900000106,9,18,15:57,1,2,2,1.0,6.0,63113,Pasteur/DUCLAUX (BD),M,"45,7735000","3,0745300",63,2019,50.0,1.0,1.0,7.0,2142417,10.0,3,4,2,0.0,,3.0,3,1957.0,A01,138Â 306Â 340,8.0,0.0,-1.0,1635989,1.0,7,,0.0,1.0,1.0,A01,138Â 306Â 340,1.0
958576,201900000107,9,17,16:28,1,2,1,1.0,6.0,63113,SOUS LES VIGNES (RUE),M,"45,8037800","3,1086000",63,2019,50.0,1.0,1.0,4.0,2142418,1.0,1,4,1,0.0,,0.0,0,1966.0,A01,138Â 306Â 338,2.0,6.0,-1.0,1635990,1.0,33,,0.0,2.0,2.0,A01,138Â 306Â 338,1.0
958576,201900000107,9,17,16:28,1,2,1,1.0,6.0,63113,SOUS LES VIGNES (RUE),M,"45,8037800","3,1086000",63,2019,50.0,1.0,1.0,4.0,2142418,1.0,1,4,1,0.0,,0.0,0,1966.0,A01,138Â 306Â 338,2.0,6.0,-1.0,1635991,1.0,7,,0.0,2.0,8.0,B01,138Â 306Â 339,1.0
958576,201900000107,9,17,16:28,1,2,1,1.0,6.0,63113,SOUS LES VIGNES (RUE),M,"45,8037800","3,1086000",63,2019,50.0,1.0,1.0,4.0,2142419,1.0,1,1,1,0.0,,-1.0, -1,1998.0,B01,138Â 306Â 339,1.0,0.0,-1.0,1635990,1.0,33,,0.0,2.0,2.0,A01,138Â 306Â 338,1.0
958576,201900000107,9,17,16:28,1,2,1,1.0,6.0,63113,SOUS LES VIGNES (RUE),M,"45,8037800","3,1086000",63,2019,50.0,1.0,1.0,4.0,2142419,1.0,1,1,1,0.0,,-1.0, -1,1998.0,B01,138Â 306Â 339,1.0,0.0,-1.0,1635991,1.0,7,,0.0,2.0,8.0,B01,138Â 306Â 339,1.0
958577,201900000108,9,16,21:10,2,2,1,1.0,6.0,63113,LAVOISIERS (BD),M,"45,7852300","3,0782000",63,2019,50.0,1.0,1.0,4.0,2142420,1.0,1,1,2,0.0,,0.0,0,1997.0,A01,138Â 306Â 336,1.0,0.0,-1.0,1635992,1.0,7,,0.0,2.0,0.0,A01,138Â 306Â 336,1.0
958577,201900000108,9,16,21:10,2,2,1,1.0,6.0,63113,LAVOISIERS (BD),M,"45,7852300","3,0782000",63,2019,50.0,1.0,1.0,4.0,2142420,1.0,1,1,2,0.0,,0.0,0,1997.0,A01,138Â 306Â 336,1.0,0.0,-1.0,1635993,1.0,32,,0.0,2.0,0.0,B01,138Â 306Â 337,1.0
958577,201900000108,9,16,21:10,2,2,1,1.0,6.0,63113,LAVOISIERS (BD),M,"45,7852300","3,0782000",63,2019,50.0,1.0,1.0,4.0,2142421,1.0,1,4,1,0.0,,-1.0, -1,1986.0,B01,138Â 306Â 337,2.0,6.0,-1.0,1635992,1.0,7,,0.0,2.0,0.0,A01,138Â 306Â 336,1.0
958577,201900000108,9,16,21:10,2,2,1,1.0,6.0,63113,LAVOISIERS (BD),M,"45,7852300","3,0782000",63,2019,50.0,1.0,1.0,4.0,2142421,1.0,1,4,1,0.0,,-1.0, -1,1986.0,B01,138Â 306Â 337,2.0,6.0,-1.0,1635993,1.0,32,,0.0,2.0,0.0,B01,138Â 306Â 337,1.0
958578,201900000109,9,12,14:40,1,2,1,1.0,6.0,62624,REPUBLIQUE (AVE DE LA ),M,"50,4120600","2,9945600",62,2019,50.0,1.0,1.0,4.0,2142422,1.0,1,1,1,0.0,,0.0,0,1960.0,A01,138Â 306Â 333,1.0,8.0,-1.0,1635994,1.0,10,,0.0,1.0,3.0,A01,138Â 306Â 333,1.0
958578,201900000109,9,12,14:40,1,2,1,1.0,6.0,62624,REPUBLIQUE (AVE DE LA ),M,"50,4120600","2,9945600",62,2019,50.0,1.0,1.0,4.0,2142423,10.0,3,3,2,5.0,,3.0,3,1949.0,A01,138Â 306Â 333,8.0,0.0,-1.0,1635994,1.0,10,,0.0,1.0,3.0,A01,138Â 306Â 333,1.0
958579,201900000110,9,2,10:30,1,2,2,1.0,3.0,62193,VALENCIENNES,M,"50,9433900","1,8525200",62,2019,50.0,2.0,1.0,4.0,2142424,10.0,3,3,1,4.0,,5.0,B,2002.0,A01,138Â 306Â 331,8.0,0.0,-1.0,1635995,2.0,7,,0.0,2.0,3.0,A01,138Â 306Â 331,1.0
958579,201900000110,9,2,10:30,1,2,2,1.0,3.0,62193,VALENCIENNES,M,"50,9433900","1,8525200",62,2019,50.0,2.0,1.0,4.0,2142424,10.0,3,3,1,4.0,,5.0,B,2002.0,A01,138Â 306Â 331,8.0,0.0,-1.0,1635996,1.0,7,,0.0,2.0,1.0,B01,138Â 306Â 332,1.0
958579,201900000110,9,2,10:30,1,2,2,1.0,3.0,62193,VALENCIENNES,M,"50,9433900","1,8525200",62,2019,50.0,2.0,1.0,4.0,2142425,2.0,2,3,1,9.0,,0.0,0,2002.0,A01,138Â 306Â 331,1.0,0.0,0.0,1635995,2.0,7,,0.0,2.0,3.0,A01,138Â 306Â 331,1.0
958579,201900000110,9,2,10:30,1,2,2,1.0,3.0,62193,VALENCIENNES,M,"50,9433900","1,8525200",62,2019,50.0,2.0,1.0,4.0,2142425,2.0,2,3,1,9.0,,0.0,0,2002.0,A01,138Â 306Â 331,1.0,0.0,0.0,1635996,1.0,7,,0.0,2.0,1.0,B01,138Â 306Â 332,1.0
958579,201900000110,9,2,10:30,1,2,2,1.0,3.0,62193,VALENCIENNES,M,"50,9433900","1,8525200",62,2019,50.0,2.0,1.0,4.0,2142426,1.0,1,3,1,0.0,,0.0,0,2002.0,A01,138Â 306Â 331,1.0,0.0,0.0,1635995,2.0,7,,0.0,2.0,3.0,A01,138Â 306Â 331,1.0
958579,201900000110,9,2,10:30,1,2,2,1.0,3.0,62193,VALENCIENNES,M,"50,9433900","1,8525200",62,2019,50.0,2.0,1.0,4.0,2142426,1.0,1,3,1,0.0,,0.0,0,2002.0,A01,138Â 306Â 331,1.0,0.0,0.0,1635996,1.0,7,,0.0,2.0,1.0,B01,138Â 306Â 332,1.0
958579,201900000110,9,2,10:30,1,2,2,1.0,3.0,62193,VALENCIENNES,M,"50,9433900","1,8525200",62,2019,50.0,2.0,1.0,4.0,2142427,1.0,1,1,1,5.0,,0.0,0,1940.0,B01,138Â 306Â 332,1.0,8.0,-1.0,1635995,2.0,7,,0.0,2.0,3.0,A01,138Â 306Â 331,1.0
958579,201900000110,9,2,10:30,1,2,2,1.0,3.0,62193,VALENCIENNES,M,"50,9433900","1,8525200",62,2019,50.0,2.0,1.0,4.0,2142427,1.0,1,1,1,5.0,,0.0,0,1940.0,B01,138Â 306Â 332,1.0,8.0,-1.0,1635996,1.0,7,,0.0,2.0,1.0,B01,138Â 306Â 332,1.0
958580,201900000111,9,20,12:50,1,2,1,1.0,2.0,92020,VERDUN AVENUE DE AUTRES NÂ°,M,"48,7993857","2,2812612",92,2019,50.0,1.0,1.0,3.0,2142428,1.0,1,4,2,0.0,,-1.0,0,1993.0,B01,138Â 306Â 325,1.0,0.0,-1.0,1635997,2.0,7,,0.0,2.0,4.0,B01,138Â 306Â 325,1.0
958580,201900000111,9,20,12:50,1,2,1,1.0,2.0,92020,VERDUN AVENUE DE AUTRES NÂ°,M,"48,7993857","2,2812612",92,2019,50.0,1.0,1.0,3.0,2142428,1.0,1,4,2,0.0,,-1.0,0,1993.0,B01,138Â 306Â 325,1.0,0.0,-1.0,1635998,2.0,7,,0.0,2.0,1.0,A01,138Â 306Â 326,6.0
958580,201900000111,9,20,12:50,1,2,1,1.0,2.0,92020,VERDUN AVENUE DE AUTRES NÂ°,M,"48,7993857","2,2812612",92,2019,50.0,1.0,1.0,3.0,2142429,1.0,1,1,1,0.0,,-1.0,0,1937.0,A01,138Â 306Â 326,1.0,0.0,-1.0,1635997,2.0,7,,0.0,2.0,4.0,B01,138Â 306Â 325,1.0
958580,201900000111,9,20,12:50,1,2,1,1.0,2.0,92020,VERDUN AVENUE DE AUTRES NÂ°,M,"48,7993857","2,2812612",92,2019,50.0,1.0,1.0,3.0,2142429,1.0,1,1,1,0.0,,-1.0,0,1937.0,A01,138Â 306Â 326,1.0,0.0,-1.0,1635998,2.0,7,,0.0,2.0,1.0,A01,138Â 306Â 326,6.0
958581,201900000112,7,25,15:25,1,2,1,1.0,6.0,92004,NORMANDIE  ( RUE DE ),M,"48,9054150","2,2856850",92,2019,50.0,1.0,1.0,4.0,2142430,10.0,3,4,2,0.0,,1.0,3,1976.0,A01,138Â 306Â 324,8.0,0.0,-1.0,1635999,3.0,7,,0.0,1.0,1.0,A01,138Â 306Â 324,0.0
958581,201900000112,7,25,15:25,1,2,1,1.0,6.0,92004,NORMANDIE  ( RUE DE ),M,"48,9054150","2,2856850",92,2019,50.0,1.0,1.0,4.0,2142431,1.0,1,1,1,0.0,,-1.0,0,1998.0,A01,138Â 306Â 324,1.0,0.0,-1.0,1635999,3.0,7,,0.0,1.0,1.0,A01,138Â 306Â 324,0.0
958582,201900000113,9,20,20:05,5,2,1,1.0,3.0,97411,BOIS DE NEFLES (ROUTE DE),M," -20,9058900","55,4783700",974,2019,50.0,1.0,1.0,4.0,2142432,1.0,1,1,2,0.0,,-1.0, -1,1960.0,B01,138Â 306Â 322,8.0,8.0,-1.0,1636000,3.0,7,,0.0,2.0,0.0,B01,138Â 306Â 322,1.0
958582,201900000113,9,20,20:05,5,2,1,1.0,3.0,97411,BOIS DE NEFLES (ROUTE DE),M," -20,9058900","55,4783700",974,2019,50.0,1.0,1.0,4.0,2142432,1.0,1,1,2,0.0,,-1.0, -1,1960.0,B01,138Â 306Â 322,8.0,8.0,-1.0,1636001,3.0,1,,0.0,2.0,8.0,A01,138Â 306Â 323,5.0
958582,201900000113,9,20,20:05,5,2,1,1.0,3.0,97411,BOIS DE NEFLES (ROUTE DE),M," -20,9058900","55,4783700",974,2019,50.0,1.0,1.0,4.0,2142433,1.0,1,4,1,0.0,,-1.0,0,2002.0,A01,138Â 306Â 323,8.0,0.0,-1.0,1636000,3.0,7,,0.0,2.0,0.0,B01,138Â 306Â 322,1.0
958582,201900000113,9,20,20:05,5,2,1,1.0,3.0,97411,BOIS DE NEFLES (ROUTE DE),M," -20,9058900","55,4783700",974,2019,50.0,1.0,1.0,4.0,2142433,1.0,1,4,1,0.0,,-1.0,0,2002.0,A01,138Â 306Â 323,8.0,0.0,-1.0,1636001,3.0,1,,0.0,2.0,8.0,A01,138Â 306Â 323,5.0
958582,201900000113,9,20,20:05,5,2,1,1.0,3.0,97411,BOIS DE NEFLES (ROUTE DE),M," -20,9058900","55,4783700",974,2019,50.0,1.0,1.0,4.0,2142434,2.0,2,4,1,0.0,,-1.0, -1,2002.0,A01,138Â 306Â 323,8.0,0.0,-1.0,1636000,3.0,7,,0.0,2.0,0.0,B01,138Â 306Â 322,1.0
958582,201900000113,9,20,20:05,5,2,1,1.0,3.0,97411,BOIS DE NEFLES (ROUTE DE),M," -20,9058900","55,4783700",974,2019,50.0,1.0,1.0,4.0,2142434,2.0,2,4,1,0.0,,-1.0, -1,2002.0,A01,138Â 306Â 323,8.0,0.0,-1.0,1636001,3.0,1,,0.0,2.0,8.0,A01,138Â 306Â 323,5.0
958583,201900000114,9,20,06:20,2,2,9,1.0,6.0,97411,BONNIER (ALLEE),M," -20,8806000","55,4594700",974,2019,30.0,1.0,1.0,6.0,2142435,1.0,1,1,1,1.0,,0.0,0,1984.0,A01,138Â 306Â 321,1.0,0.0,-1.0,1636002,3.0,7,,0.0,1.0,2.0,A01,138Â 306Â 321,2.0
958583,201900000114,9,20,06:20,2,2,9,1.0,6.0,97411,BONNIER (ALLEE),M," -20,8806000","55,4594700",974,2019,30.0,1.0,1.0,6.0,2142436,10.0,3,3,1,9.0,,0.0,0,1959.0,A01,138Â 306Â 321,8.0,0.0,-1.0,1636002,3.0,7,,0.0,1.0,2.0,A01,138Â 306Â 321,2.0
958584,201900000115,9,18,16:10,1,2,2,1.0,3.0,97411,HOARAU (RUE MARCEL),M," -20,9032800","55,4919600",974,2019,50.0,1.0,1.0,4.0,2142437,1.0,1,4,1,1.0,,-1.0, -1,1973.0,B01,138Â 306Â 319,2.0,6.0,-1.0,1636003,3.0,33,,0.0,2.0,1.0,B01,138Â 306Â 319,1.0
958584,201900000115,9,18,16:10,1,2,2,1.0,3.0,97411,HOARAU (RUE MARCEL),M," -20,9032800","55,4919600",974,2019,50.0,1.0,1.0,4.0,2142437,1.0,1,4,1,1.0,,-1.0, -1,1973.0,B01,138Â 306Â 319,2.0,6.0,-1.0,1636004,3.0,7,,0.0,2.0,2.0,A01,138Â 306Â 320,1.0
958584,201900000115,9,18,16:10,1,2,2,1.0,3.0,97411,HOARAU (RUE MARCEL),M," -20,9032800","55,4919600",974,2019,50.0,1.0,1.0,4.0,2142438,1.0,1,1,1,0.0,,-1.0, -1,1955.0,A01,138Â 306Â 320,1.0,0.0,-1.0,1636003,3.0,33,,0.0,2.0,1.0,B01,138Â 306Â 319,1.0
958584,201900000115,9,18,16:10,1,2,2,1.0,3.0,97411,HOARAU (RUE MARCEL),M," -20,9032800","55,4919600",974,2019,50.0,1.0,1.0,4.0,2142438,1.0,1,1,1,0.0,,-1.0, -1,1955.0,A01,138Â 306Â 320,1.0,0.0,-1.0,1636004,3.0,7,,0.0,2.0,2.0,A01,138Â 306Â 320,1.0
958585,201900000116,9,20,18:18,3,1,1,1.0,6.0,97409,DU CENTRE(CHEMIN),M," -20,9456800","55,6510900",974,2019,50.0,1.0,1.0,4.0,2142439,1.0,1,4,1,0.0,,-1.0, -1,1991.0,A01,138Â 306Â 318,1.0,0.0,-1.0,1636005,1.0,7,,13.0,0.0,0.0,A01,138Â 306Â 318,1.0
958586,201900000117,9,19,21:28,5,2,1,1.0,3.0,97302,BADUEL (ROUTE DE),M,"4,9356720"," -52,3131394",973,2019,50.0,1.0,1.0,3.0,2142440,1.0,1,1,2,3.0,,-1.0,0,1994.0,A01,138Â 306Â 316,1.0,8.0,-1.0,1636006,1.0,7,,0.0,2.0,7.0,A01,138Â 306Â 316,1.0
958586,201900000117,9,19,21:28,5,2,1,1.0,3.0,97302,BADUEL (ROUTE DE),M,"4,9356720"," -52,3131394",973,2019,50.0,1.0,1.0,3.0,2142440,1.0,1,1,2,3.0,,-1.0,0,1994.0,A01,138Â 306Â 316,1.0,8.0,-1.0,1636007,2.0,34,,0.0,2.0,1.0,B01,138Â 306Â 317,1.0
958586,201900000117,9,19,21:28,5,2,1,1.0,3.0,97302,BADUEL (ROUTE DE),M,"4,9356720"," -52,3131394",973,2019,50.0,1.0,1.0,3.0,2142441,1.0,1,4,1,0.0,,-1.0,0,1997.0,B01,138Â 306Â 317,2.0,8.0,-1.0,1636006,1.0,7,,0.0,2.0,7.0,A01,138Â 306Â 316,1.0
958586,201900000117,9,19,21:28,5,2,1,1.0,3.0,97302,BADUEL (ROUTE DE),M,"4,9356720"," -52,3131394",973,2019,50.0,1.0,1.0,3.0,2142441,1.0,1,4,1,0.0,,-1.0,0,1997.0,B01,138Â 306Â 317,2.0,8.0,-1.0,1636007,2.0,34,,0.0,2.0,1.0,B01,138Â 306Â 317,1.0
958587,201900000118,9,19,14:20,1,2,1,1.0,2.0,69276,ALFRED NOBEL                            ,M,"45,6724200","4,8513300",69,2019,50.0,1.0,1.0,4.0,2142442,1.0,1,1,1,4.0,,-1.0,0,1982.0,B01,138Â 306Â 314,8.0,0.0,-1.0,1636008,0.0,10,,0.0,2.0,1.0,B01,138Â 306Â 314,0.0
958587,201900000118,9,19,14:20,1,2,1,1.0,2.0,69276,ALFRED NOBEL                            ,M,"45,6724200","4,8513300",69,2019,50.0,1.0,1.0,4.0,2142442,1.0,1,1,1,4.0,,-1.0,0,1982.0,B01,138Â 306Â 314,8.0,0.0,-1.0,1636009,0.0,7,,0.0,2.0,4.0,A01,138Â 306Â 315,1.0
958587,201900000118,9,19,14:20,1,2,1,1.0,2.0,69276,ALFRED NOBEL                            ,M,"45,6724200","4,8513300",69,2019,50.0,1.0,1.0,4.0,2142443,1.0,1,4,2,0.0,,-1.0, -1,1955.0,A01,138Â 306Â 315,8.0,0.0,-1.0,1636008,0.0,10,,0.0,2.0,1.0,B01,138Â 306Â 314,0.0
958587,201900000118,9,19,14:20,1,2,1,1.0,2.0,69276,ALFRED NOBEL                            ,M,"45,6724200","4,8513300",69,2019,50.0,1.0,1.0,4.0,2142443,1.0,1,4,2,0.0,,-1.0, -1,1955.0,A01,138Â 306Â 315,8.0,0.0,-1.0,1636009,0.0,7,,0.0,2.0,4.0,A01,138Â 306Â 315,1.0
958588,201900000119,9,18,12:40,1,2,9,1.0,3.0,69142,STEPHANE DECHANT                    (R ),M,"45,7297600","4,8153000",69,2019,50.0,1.0,1.0,3.0,2142444,1.0,1,1,1,1.0,,-1.0, -1,1990.0,B01,138Â 306Â 311,1.0,0.0,-1.0,1636010,0.0,7,,0.0,9.0,2.0,B01,138Â 306Â 311,1.0
958588,201900000119,9,18,12:40,1,2,9,1.0,3.0,69142,STEPHANE DECHANT                    (R ),M,"45,7297600","4,8153000",69,2019,50.0,1.0,1.0,3.0,2142444,1.0,1,1,1,1.0,,-1.0, -1,1990.0,B01,138Â 306Â 311,1.0,0.0,-1.0,1636011,3.0,60,,0.0,2.0,3.0,A01,138Â 306Â 312,5.0
958588,201900000119,9,18,12:40,1,2,9,1.0,3.0,69142,STEPHANE DECHANT                    (R ),M,"45,7297600","4,8153000",69,2019,50.0,1.0,1.0,3.0,2142445,2.0,2,3,1,2.0,,0.0,0,2003.0,A01,138Â 306Â 312,8.0,0.0,-1.0,1636010,0.0,7,,0.0,9.0,2.0,B01,138Â 306Â 311,1.0
958588,201900000119,9,18,12:40,1,2,9,1.0,3.0,69142,STEPHANE DECHANT                    (R ),M,"45,7297600","4,8153000",69,2019,50.0,1.0,1.0,3.0,2142445,2.0,2,3,1,2.0,,0.0,0,2003.0,A01,138Â 306Â 312,8.0,0.0,-1.0,1636011,3.0,60,,0.0,2.0,3.0,A01,138Â 306Â 312,5.0
958589,201900000120,9,20,17:56,1,2,1,1.0,6.0,2A004,AVENUE DU DOCTEUR NOEL FRANCHINI,M,"41,9363527","8,7534785",2A,2019,50.0,1.0,1.0,2.0,2142446,10.0,3,4,1,9.0,,2.0,3,2011.0,A01,138Â 306Â 310,8.0,0.0,-1.0,1636012,1.0,30,,0.0,1.0,1.0,A01,138Â 306Â 310,1.0