Unnamed: 0_x,num_acc,mois,jour,hrmn,lum,agg,int,atm,col,com,adr,gps,lat,long,dep,annee,vma,situ,surf,catr,Unnamed: 0_y,place,catu,grav,sexe,trajet,secu,locp,actp,an_nais,num_veh_x,id_vehicule_x,secu1,secu2,secu3,Unnamed: 0,senc,catv,occutc,obs,obsm,choc,num_veh_y,id_vehicule_y,motor
958589,201900000120,9,20,17:56,1,2,1,1.0,6.0,2A004,AVENUE DU DOCTEUR NOEL FRANCHINI,M,"41,9363527","8,7534785",2A,2019,50.0,1.0,1.0,2.0,2142447,1.0,1,1,1,0.0,,-1.0, -1,1998.0,A01,138Â 306Â 310,2.0,6.0,-1.0,1636012,1.0,30,,0.0,1.0,1.0,A01,138Â 306Â 310,1.0
958590,201900000121,9,20,16:40,1,2,1,1.0,6.0,91432,GENERAL  LECLERC (RUE DU),M,"48,7058000","2,3336000",91,2019,50.0,1.0,1.0,4.0,2142448,1.0,1,1,2,5.0,,-1.0, -1,1994.0,A01,138Â 306Â 307,1.0,4.0,-1.0,1636013,0.0,7,,0.0,1.0,8.0,A01,138Â 306Â 307,1.0
958590,201900000121,9,20,16:40,1,2,1,1.0,6.0,91432,GENERAL  LECLERC (RUE DU),M,"48,7058000","2,3336000",91,2019,50.0,1.0,1.0,4.0,2142449,10.0,3,4,2,2.0,,2.0,2,2013.0,A01,138Â 306Â 307,8.0,0.0,-1.0,1636013,0.0,7,,0.0,1.0,8.0,A01,138Â 306Â 307,1.0
958591,201900000122,9,19,20:00,2,2,9,1.0,3.0,91687,GENERAL DE GAULLE (AVENUE DU),M,"48,6757000","2,3855300",91,2019,50.0,1.0,1.0,2.0,2142450,1.0,1,2,1,0.0,,0.0,0,1991.0,A01,138Â 306Â 305,2.0,8.0,-1.0,1636014,1.0,34,,0.0,2.0,1.0,A01,138Â 306Â 305,1.0
958591,201900000122,9,19,20:00,2,2,9,1.0,3.0,91687,GENERAL DE GAULLE (AVENUE DU),M,"48,6757000","2,3855300",91,2019,50.0,1.0,1.0,2.0,2142450,1.0,1,2,1,0.0,,0.0,0,1991.0,A01,138Â 306Â 305,2.0,8.0,-1.0,1636015,2.0,7,,0.0,2.0,5.0,B01,138Â 306Â 306,1.0
958591,201900000122,9,19,20:00,2,2,9,1.0,3.0,91687,GENERAL DE GAULLE (AVENUE DU),M,"48,6757000","2,3855300",91,2019,50.0,1.0,1.0,2.0,2142451,2.0,2,4,2,0.0,,0.0,0,1999.0,B01,138Â 306Â 306,1.0,0.0,-1.0,1636014,1.0,34,,0.0,2.0,1.0,A01,138Â 306Â 305,1.0
958591,201900000122,9,19,20:00,2,2,9,1.0,3.0,91687,GENERAL DE GAULLE (AVENUE DU),M,"48,6757000","2,3855300",91,2019,50.0,1.0,1.0,2.0,2142451,2.0,2,4,2,0.0,,0.0,0,1999.0,B01,138Â 306Â 306,1.0,0.0,-1.0,1636015,2.0,7,,0.0,2.0,5.0,B01,138Â 306Â 306,1.0
958591,201900000122,9,19,20:00,2,2,9,1.0,3.0,91687,GENERAL DE GAULLE (AVENUE DU),M,"48,6757000","2,3855300",91,2019,50.0,1.0,1.0,2.0,2142452,1.0,1,1,1,0.0,,0.0,0,1996.0,B01,138Â 306Â 306,1.0,0.0,-1.0,1636014,1.0,34,,0.0,2.0,1.0,A01,138Â 306Â 305,1.0
958591,201900000122,9,19,20:00,2,2,9,1.0,3.0,91687,GENERAL DE GAULLE (AVENUE DU),M,"48,6757000","2,3855300",91,2019,50.0,1.0,1.0,2.0,2142452,1.0,1,1,1,0.0,,0.0,0,1996.0,B01,138Â 306Â 306,1.0,0.0,-1.0,1636015,2.0,7,,0.0,2.0,5.0,B01,138Â 306Â 306,1.0
958592,201900000123,9,19,13:35,1,1,1,1.0,1.0,91521,RESISTANCE (RUE DE LA),M,"48,6362500","2,4121600",91,2019,50.0,1.0,1.0,4.0,2142453,4.0,2,4,2,5.0,,0.0,0,1999.0,A01,138Â 306Â 303,1.0,8.0,-1.0,1636016,3.0,7,,0.0,2.0,1.0,A01,138Â 306Â 303,1.0
958592,201900000123,9,19,13:35,1,1,1,1.0,1.0,91521,RESISTANCE (RUE DE LA),M,"48,6362500","2,4121600",91,2019,50.0,1.0,1.0,4.0,2142453,4.0,2,4,2,5.0,,0.0,0,1999.0,A01,138Â 306Â 303,1.0,8.0,-1.0,1636017,3.0,7,,0.0,2.0,1.0,B01,138Â 306Â 304,1.0
958592,201900000123,9,19,13:35,1,1,1,1.0,1.0,91521,RESISTANCE (RUE DE LA),M,"48,6362500","2,4121600",91,2019,50.0,1.0,1.0,4.0,2142454,1.0,1,4,1,0.0,,0.0,0,1968.0,A01,138Â 306Â 303,1.0,8.0,-1.0,1636016,3.0,7,,0.0,2.0,1.0,A01,138Â 306Â 303,1.0
958592,201900000123,9,19,13:35,1,1,1,1.0,1.0,91521,RESISTANCE (RUE DE LA),M,"48,6362500","2,4121600",91,2019,50.0,1.0,1.0,4.0,2142454,1.0,1,4,1,0.0,,0.0,0,1968.0,A01,138Â 306Â 303,1.0,8.0,-1.0,1636017,3.0,7,,0.0,2.0,1.0,B01,138Â 306Â 304,1.0
958592,201900000123,9,19,13:35,1,1,1,1.0,1.0,91521,RESISTANCE (RUE DE LA),M,"48,6362500","2,4121600",91,2019,50.0,1.0,1.0,4.0,2142455,2.0,2,4,2,5.0,,0.0,0,1974.0,A01,138Â 306Â 303,1.0,8.0,-1.0,1636016,3.0,7,,0.0,2.0,1.0,A01,138Â 306Â 303,1.0
958592,201900000123,9,19,13:35,1,1,1,1.0,1.0,91521,RESISTANCE (RUE DE LA),M,"48,6362500","2,4121600",91,2019,50.0,1.0,1.0,4.0,2142455,2.0,2,4,2,5.0,,0.0,0,1974.0,A01,138Â 306Â 303,1.0,8.0,-1.0,1636017,3.0,7,,0.0,2.0,1.0,B01,138Â 306Â 304,1.0
958592,201900000123,9,19,13:35,1,1,1,1.0,1.0,91521,RESISTANCE (RUE DE LA),M,"48,6362500","2,4121600",91,2019,50.0,1.0,1.0,4.0,2142456,1.0,1,3,1,0.0,,0.0,0,1974.0,B01,138Â 306Â 304,1.0,8.0,-1.0,1636016,3.0,7,,0.0,2.0,1.0,A01,138Â 306Â 303,1.0
958592,201900000123,9,19,13:35,1,1,1,1.0,1.0,91521,RESISTANCE (RUE DE LA),M,"48,6362500","2,4121600",91,2019,50.0,1.0,1.0,4.0,2142456,1.0,1,3,1,0.0,,0.0,0,1974.0,B01,138Â 306Â 304,1.0,8.0,-1.0,1636017,3.0,7,,0.0,2.0,1.0,B01,138Â 306Â 304,1.0
958593,201900000124,9,19,17:03,1,2,2,1.0,6.0,87085,RANSON (RUE LOUIS CASIMIR),M,"45,8271900","1,2396100",87,2019,50.0,1.0,1.0,4.0,2142457,1.0,1,1,2,2.0,,0.0,0,1985.0,A01,138Â 306Â 297,1.0,-1.0,-1.0,1636018,2.0,7,,0.0,1.0,3.0,A01,138Â 306Â 297,1.0
958593,201900000124,9,19,17:03,1,2,2,1.0,6.0,87085,RANSON (RUE LOUIS CASIMIR),M,"45,8271900","1,2396100",87,2019,50.0,1.0,1.0,4.0,2142458,10.0,3,4,1,2.0,,4.0,3,2016.0,A01,138Â 306Â 297,0.0,-1.0,-1.0,1636018,2.0,7,,0.0,1.0,3.0,A01,138Â 306Â 297,1.0
958594,201900000125,9,19,09:02,1,2,2,1.0,3.0,87085,PONT NEUF,M,"45,8260300","1,2680100",87,2019,50.0,1.0,1.0,3.0,2142459,1.0,1,3,1,1.0,,0.0,0,1970.0,B01,138Â 306Â 295,2.0,6.0,-1.0,1636019,2.0,31,,0.0,2.0,1.0,B01,138Â 306Â 295,1.0
958594,201900000125,9,19,09:02,1,2,2,1.0,3.0,87085,PONT NEUF,M,"45,8260300","1,2680100",87,2019,50.0,1.0,1.0,3.0,2142459,1.0,1,3,1,1.0,,0.0,0,1970.0,B01,138Â 306Â 295,2.0,6.0,-1.0,1636020,2.0,7,,0.0,2.0,2.0,A01,138Â 306Â 296,1.0
958594,201900000125,9,19,09:02,1,2,2,1.0,3.0,87085,PONT NEUF,M,"45,8260300","1,2680100",87,2019,50.0,1.0,1.0,3.0,2142460,1.0,1,1,2,3.0,,0.0,0,1996.0,A01,138Â 306Â 296,1.0,-1.0,-1.0,1636019,2.0,31,,0.0,2.0,1.0,B01,138Â 306Â 295,1.0
958594,201900000125,9,19,09:02,1,2,2,1.0,3.0,87085,PONT NEUF,M,"45,8260300","1,2680100",87,2019,50.0,1.0,1.0,3.0,2142460,1.0,1,1,2,3.0,,0.0,0,1996.0,A01,138Â 306Â 296,1.0,-1.0,-1.0,1636020,2.0,7,,0.0,2.0,2.0,A01,138Â 306Â 296,1.0
958595,201900000126,9,19,17:25,1,2,1,1.0,3.0,87085,CASSEAUX (AVENUE DES) RD,M,"45,8423300","1,2875500",87,2019,50.0,1.0,1.0,3.0,2142461,1.0,1,4,2,5.0,,0.0,0,1978.0,B01,138Â 306Â 293,1.0,-1.0,-1.0,1636021,1.0,7,,0.0,2.0,1.0,B01,138Â 306Â 293,1.0
958595,201900000126,9,19,17:25,1,2,1,1.0,3.0,87085,CASSEAUX (AVENUE DES) RD,M,"45,8423300","1,2875500",87,2019,50.0,1.0,1.0,3.0,2142461,1.0,1,4,2,5.0,,0.0,0,1978.0,B01,138Â 306Â 293,1.0,-1.0,-1.0,1636022,2.0,7,,0.0,2.0,1.0,A01,138Â 306Â 294,1.0
958595,201900000126,9,19,17:25,1,2,1,1.0,3.0,87085,CASSEAUX (AVENUE DES) RD,M,"45,8423300","1,2875500",87,2019,50.0,1.0,1.0,3.0,2142462,1.0,1,1,2,5.0,,0.0,0,2000.0,A01,138Â 306Â 294,1.0,-1.0,-1.0,1636021,1.0,7,,0.0,2.0,1.0,B01,138Â 306Â 293,1.0
958595,201900000126,9,19,17:25,1,2,1,1.0,3.0,87085,CASSEAUX (AVENUE DES) RD,M,"45,8423300","1,2875500",87,2019,50.0,1.0,1.0,3.0,2142462,1.0,1,1,2,5.0,,0.0,0,2000.0,A01,138Â 306Â 294,1.0,-1.0,-1.0,1636022,2.0,7,,0.0,2.0,1.0,A01,138Â 306Â 294,1.0
958596,201900000127,9,18,16:35,1,2,3,1.0,6.0,87085,NAUGEAT (AVENUE DE,M,"45,8200600","1,2406500",87,2019,50.0,1.0,1.0,4.0,2142463,1.0,1,1,1,5.0,,0.0,0,1991.0,A01,138Â 306Â 291,1.0,-1.0,-1.0,1636023,2.0,7,,0.0,2.0,1.0,A01,138Â 306Â 291,1.0
958596,201900000127,9,18,16:35,1,2,3,1.0,6.0,87085,NAUGEAT (AVENUE DE,M,"45,8200600","1,2406500",87,2019,50.0,1.0,1.0,4.0,2142463,1.0,1,1,1,5.0,,0.0,0,1991.0,A01,138Â 306Â 291,1.0,-1.0,-1.0,1636024,2.0,7,,0.0,2.0,2.0,B01,138Â 306Â 292,1.0
958596,201900000127,9,18,16:35,1,2,3,1.0,6.0,87085,NAUGEAT (AVENUE DE,M,"45,8200600","1,2406500",87,2019,50.0,1.0,1.0,4.0,2142464,1.0,1,4,2,4.0,,0.0,0,1959.0,B01,138Â 306Â 292,1.0,-1.0,-1.0,1636023,2.0,7,,0.0,2.0,1.0,A01,138Â 306Â 291,1.0
958596,201900000127,9,18,16:35,1,2,3,1.0,6.0,87085,NAUGEAT (AVENUE DE,M,"45,8200600","1,2406500",87,2019,50.0,1.0,1.0,4.0,2142464,1.0,1,4,2,4.0,,0.0,0,1959.0,B01,138Â 306Â 292,1.0,-1.0,-1.0,1636024,2.0,7,,0.0,2.0,2.0,B01,138Â 306Â 292,1.0
958597,201900000128,9,21,01:20,5,2,1,1.0,2.0,86194,CHASSEIGNE (BOULEVARD),M,"46,5889900","0,3471700",86,2019,50.0,1.0,1.0,4.0,2142465,2.0,2,4,2,5.0,,-1.0, -1,1995.0,B01,138Â 306Â 289,1.0,0.0,-1.0,1636025,3.0,7,,0.0,2.0,1.0,B01,138Â 306Â 289,1.0
958597,201900000128,9,21,01:20,5,2,1,1.0,2.0,86194,CHASSEIGNE (BOULEVARD),M,"46,5889900","0,3471700",86,2019,50.0,1.0,1.0,4.0,2142465,2.0,2,4,2,5.0,,-1.0, -1,1995.0,B01,138Â 306Â 289,1.0,0.0,-1.0,1636026,3.0,7,,0.0,2.0,8.0,A01,138Â 306Â 290,1.0
958597,201900000128,9,21,01:20,5,2,1,1.0,2.0,86194,CHASSEIGNE (BOULEVARD),M,"46,5889900","0,3471700",86,2019,50.0,1.0,1.0,4.0,2142466,1.0,1,4,1,5.0,,-1.0, -1,1991.0,B01,138Â 306Â 289,1.0,0.0,-1.0,1636025,3.0,7,,0.0,2.0,1.0,B01,138Â 306Â 289,1.0
958597,201900000128,9,21,01:20,5,2,1,1.0,2.0,86194,CHASSEIGNE (BOULEVARD),M,"46,5889900","0,3471700",86,2019,50.0,1.0,1.0,4.0,2142466,1.0,1,4,1,5.0,,-1.0, -1,1991.0,B01,138Â 306Â 289,1.0,0.0,-1.0,1636026,3.0,7,,0.0,2.0,8.0,A01,138Â 306Â 290,1.0
958597,201900000128,9,21,01:20,5,2,1,1.0,2.0,86194,CHASSEIGNE (BOULEVARD),M,"46,5889900","0,3471700",86,2019,50.0,1.0,1.0,4.0,2142467,2.0,2,4,1,5.0,,-1.0, -1,1971.0,A01,138Â 306Â 290,1.0,0.0,-1.0,1636025,3.0,7,,0.0,2.0,1.0,B01,138Â 306Â 289,1.0
958597,201900000128,9,21,01:20,5,2,1,1.0,2.0,86194,CHASSEIGNE (BOULEVARD),M,"46,5889900","0,3471700",86,2019,50.0,1.0,1.0,4.0,2142467,2.0,2,4,1,5.0,,-1.0, -1,1971.0,A01,138Â 306Â 290,1.0,0.0,-1.0,1636026,3.0,7,,0.0,2.0,8.0,A01,138Â 306Â 290,1.0
958597,201900000128,9,21,01:20,5,2,1,1.0,2.0,86194,CHASSEIGNE (BOULEVARD),M,"46,5889900","0,3471700",86,2019,50.0,1.0,1.0,4.0,2142468,1.0,1,3,1,5.0,,-1.0, -1,1957.0,A01,138Â 306Â 290,1.0,0.0,-1.0,1636025,3.0,7,,0.0,2.0,1.0,B01,138Â 306Â 289,1.0
958597,201900000128,9,21,01:20,5,2,1,1.0,2.0,86194,CHASSEIGNE (BOULEVARD),M,"46,5889900","0,3471700",86,2019,50.0,1.0,1.0,4.0,2142468,1.0,1,3,1,5.0,,-1.0, -1,1957.0,A01,138Â 306Â 290,1.0,0.0,-1.0,1636026,3.0,7,,0.0,2.0,8.0,A01,138Â 306Â 290,1.0
958598,201900000129,9,20,10:30,1,2,1,1.0,5.0,84007,C.De GAULLE (Rocade),M,"43,9405732","4,7895643",84,2019,50.0,1.0,1.0,4.0,2142469,1.0,1,1,1,1.0,,-1.0, -1,1990.0,C01,138Â 306Â 285,1.0,0.0,-1.0,1636027,3.0,7,,0.0,2.0,3.0,C01,138Â 306Â 285,1.0
958598,201900000129,9,20,10:30,1,2,1,1.0,5.0,84007,C.De GAULLE (Rocade),M,"43,9405732","4,7895643",84,2019,50.0,1.0,1.0,4.0,2142469,1.0,1,1,1,1.0,,-1.0, -1,1990.0,C01,138Â 306Â 285,1.0,0.0,-1.0,1636028,3.0,7,,0.0,2.0,3.0,B01,138Â 306Â 286,1.0
958598,201900000129,9,20,10:30,1,2,1,1.0,5.0,84007,C.De GAULLE (Rocade),M,"43,9405732","4,7895643",84,2019,50.0,1.0,1.0,4.0,2142469,1.0,1,1,1,1.0,,-1.0, -1,1990.0,C01,138Â 306Â 285,1.0,0.0,-1.0,1636029,3.0,15,,0.0,2.0,2.0,A01,138Â 306Â 287,1.0
958598,201900000129,9,20,10:30,1,2,1,1.0,5.0,84007,C.De GAULLE (Rocade),M,"43,9405732","4,7895643",84,2019,50.0,1.0,1.0,4.0,2142470,1.0,1,4,2,5.0,,-1.0, -1,1964.0,B01,138Â 306Â 286,1.0,0.0,-1.0,1636027,3.0,7,,0.0,2.0,3.0,C01,138Â 306Â 285,1.0
958598,201900000129,9,20,10:30,1,2,1,1.0,5.0,84007,C.De GAULLE (Rocade),M,"43,9405732","4,7895643",84,2019,50.0,1.0,1.0,4.0,2142470,1.0,1,4,2,5.0,,-1.0, -1,1964.0,B01,138Â 306Â 286,1.0,0.0,-1.0,1636028,3.0,7,,0.0,2.0,3.0,B01,138Â 306Â 286,1.0
958598,201900000129,9,20,10:30,1,2,1,1.0,5.0,84007,C.De GAULLE (Rocade),M,"43,9405732","4,7895643",84,2019,50.0,1.0,1.0,4.0,2142470,1.0,1,4,2,5.0,,-1.0, -1,1964.0,B01,138Â 306Â 286,1.0,0.0,-1.0,1636029,3.0,15,,0.0,2.0,2.0,A01,138Â 306Â 287,1.0
958598,201900000129,9,20,10:30,1,2,1,1.0,5.0,84007,C.De GAULLE (Rocade),M,"43,9405732","4,7895643",84,2019,50.0,1.0,1.0,4.0,2142471,1.0,1,1,1,4.0,,-1.0,0,1994.0,A01,138Â 306Â 287,1.0,0.0,-1.0,1636027,3.0,7,,0.0,2.0,3.0,C01,138Â 306Â 285,1.0
958598,201900000129,9,20,10:30,1,2,1,1.0,5.0,84007,C.De GAULLE (Rocade),M,"43,9405732","4,7895643",84,2019,50.0,1.0,1.0,4.0,2142471,1.0,1,1,1,4.0,,-1.0,0,1994.0,A01,138Â 306Â 287,1.0,0.0,-1.0,1636028,3.0,7,,0.0,2.0,3.0,B01,138Â 306Â 286,1.0
958598,201900000129,9,20,10:30,1,2,1,1.0,5.0,84007,C.De GAULLE (Rocade),M,"43,9405732","4,7895643",84,2019,50.0,1.0,1.0,4.0,2142471,1.0,1,1,1,4.0,,-1.0,0,1994.0,A01,138Â 306Â 287,1.0,0.0,-1.0,1636029,3.0,15,,0.0,2.0,2.0,A01,138Â 306Â 287,1.0
958599,201900000130,9,19,09:45,1,2,1,1.0,6.0,83137,PERROUD (AVE CONSTANT),M,"43,1300400","5,9529500",83,2019,50.0,1.0,1.0,4.0,2142472,1.0,1,4,1,4.0,,0.0,0,1964.0,A01,138Â 306Â 283,8.0,0.0,-1.0,1636030,1.0,37,4.0,6.0,0.0,1.0,A01,138Â 306Â 283,1.0
958599,201900000130,9,19,09:45,1,2,1,1.0,6.0,83137,PERROUD (AVE CONSTANT),M,"43,1300400","5,9529500",83,2019,50.0,1.0,1.0,4.0,2142473,2.0,2,4,1,4.0,,0.0,0,1965.0,A01,138Â 306Â 283,8.0,0.0,-1.0,1636030,1.0,37,4.0,6.0,0.0,1.0,A01,138Â 306Â 283,1.0
958599,201900000130,9,19,09:45,1,2,1,1.0,6.0,83137,PERROUD (AVE CONSTANT),M,"43,1300400","5,9529500",83,2019,50.0,1.0,1.0,4.0,2142474,4.0,2,4,1,5.0,,0.0,0,1949.0,A01,138Â 306Â 283,8.0,0.0,-1.0,1636030,1.0,37,4.0,6.0,0.0,1.0,A01,138Â 306Â 283,1.0
958599,201900000130,9,19,09:45,1,2,1,1.0,6.0,83137,PERROUD (AVE CONSTANT),M,"43,1300400","5,9529500",83,2019,50.0,1.0,1.0,4.0,2142475,7.0,2,1,2,5.0,,0.0,0,1996.0,A01,138Â 306Â 283,8.0,0.0,-1.0,1636030,1.0,37,4.0,6.0,0.0,1.0,A01,138Â 306Â 283,1.0
958600,201900000131,9,20,16:30,1,2,9,1.0,6.0,83118,RUE WALDECK-ROUSSEAU,M,"43,4232900","6,7690000",83,2019,50.0,1.0,1.0,4.0,2142476,1.0,1,1,1,4.0,,0.0,0,1970.0,A01,138Â 306Â 282,1.0,8.0,-1.0,1636031,2.0,15,,0.0,1.0,3.0,A01,138Â 306Â 282,1.0
958600,201900000131,9,20,16:30,1,2,9,1.0,6.0,83118,RUE WALDECK-ROUSSEAU,M,"43,4232900","6,7690000",83,2019,50.0,1.0,1.0,4.0,2142477,10.0,3,2,2,0.0,,3.0,3,1930.0,A01,138Â 306Â 282,8.0,0.0,-1.0,1636031,2.0,15,,0.0,1.0,3.0,A01,138Â 306Â 282,1.0
958601,201900000132,9,19,22:05,4,2,2,1.0,5.0,78361,Boulevard MarÃ©chal Juin,M,"48,9911300","1,7079400",78,2019,50.0,1.0,1.0,3.0,2142478,1.0,1,1,1,5.0,,-1.0, -1,1966.0,A01,138Â 306Â 273,1.0,0.0,-1.0,1636032,2.0,7,,0.0,2.0,2.0,A01,138Â 306Â 273,1.0
958601,201900000132,9,19,22:05,4,2,2,1.0,5.0,78361,Boulevard MarÃ©chal Juin,M,"48,9911300","1,7079400",78,2019,50.0,1.0,1.0,3.0,2142478,1.0,1,1,1,5.0,,-1.0, -1,1966.0,A01,138Â 306Â 273,1.0,0.0,-1.0,1636033,1.0,33,,0.0,2.0,1.0,B01,138Â 306Â 274,1.0
958601,201900000132,9,19,22:05,4,2,2,1.0,5.0,78361,Boulevard MarÃ©chal Juin,M,"48,9911300","1,7079400",78,2019,50.0,1.0,1.0,3.0,2142478,1.0,1,1,1,5.0,,-1.0, -1,1966.0,A01,138Â 306Â 273,1.0,0.0,-1.0,1636034,1.0,7,,0.0,2.0,1.0,C01,138Â 306Â 275,1.0
958601,201900000132,9,19,22:05,4,2,2,1.0,5.0,78361,Boulevard MarÃ©chal Juin,M,"48,9911300","1,7079400",78,2019,50.0,1.0,1.0,3.0,2142479,1.0,1,3,1,5.0,,-1.0, -1,2000.0,B01,138Â 306Â 274,2.0,6.0,-1.0,1636032,2.0,7,,0.0,2.0,2.0,A01,138Â 306Â 273,1.0
958601,201900000132,9,19,22:05,4,2,2,1.0,5.0,78361,Boulevard MarÃ©chal Juin,M,"48,9911300","1,7079400",78,2019,50.0,1.0,1.0,3.0,2142479,1.0,1,3,1,5.0,,-1.0, -1,2000.0,B01,138Â 306Â 274,2.0,6.0,-1.0,1636033,1.0,33,,0.0,2.0,1.0,B01,138Â 306Â 274,1.0
958601,201900000132,9,19,22:05,4,2,2,1.0,5.0,78361,Boulevard MarÃ©chal Juin,M,"48,9911300","1,7079400",78,2019,50.0,1.0,1.0,3.0,2142479,1.0,1,3,1,5.0,,-1.0, -1,2000.0,B01,138Â 306Â 274,2.0,6.0,-1.0,1636034,1.0,7,,0.0,2.0,1.0,C01,138Â 306Â 275,1.0
958601,201900000132,9,19,22:05,4,2,2,1.0,5.0,78361,Boulevard MarÃ©chal Juin,M,"48,9911300","1,7079400",78,2019,50.0,1.0,1.0,3.0,2142480,1.0,1,1,2,5.0,,-1.0, -1,1969.0,C01,138Â 306Â 275,1.0,0.0,-1.0,1636032,2.0,7,,0.0,2.0,2.0,A01,138Â 306Â 273,1.0
958601,201900000132,9,19,22:05,4,2,2,1.0,5.0,78361,Boulevard MarÃ©chal Juin,M,"48,9911300","1,7079400",78,2019,50.0,1.0,1.0,3.0,2142480,1.0,1,1,2,5.0,,-1.0, -1,1969.0,C01,138Â 306Â 275,1.0,0.0,-1.0,1636033,1.0,33,,0.0,2.0,1.0,B01,138Â 306Â 274,1.0
958601,201900000132,9,19,22:05,4,2,2,1.0,5.0,78361,Boulevard MarÃ©chal Juin,M,"48,9911300","1,7079400",78,2019,50.0,1.0,1.0,3.0,2142480,1.0,1,1,2,5.0,,-1.0, -1,1969.0,C01,138Â 306Â 275,1.0,0.0,-1.0,1636034,1.0,7,,0.0,2.0,1.0,C01,138Â 306Â 275,1.0
958602,201900000133,9,19,12:10,1,2,1,1.0,6.0,77379,JEAN JAURES (AVENUE),M,"48,5559200","3,3029200",77,2019,30.0,3.0,1.0,9.0,2142481,10.0,3,4,1,5.0,,3.0,3,1969.0,A01,138Â 306Â 269,8.0,0.0,-1.0,1636035,3.0,38,1.0,0.0,1.0,2.0,A01,138Â 306Â 269,1.0
958602,201900000133,9,19,12:10,1,2,1,1.0,6.0,77379,JEAN JAURES (AVENUE),M,"48,5559200","3,3029200",77,2019,30.0,3.0,1.0,9.0,2142482,1.0,1,1,1,4.0,,-1.0, -1,1965.0,A01,138Â 306Â 269,1.0,0.0,-1.0,1636035,3.0,38,1.0,0.0,1.0,2.0,A01,138Â 306Â 269,1.0
958603,201900000134,9,20,20:55,3,1,3,1.0,6.0,77132,D934 X D344,M,"48,8810200","2,7803300",77,2019,80.0,3.0,1.0,3.0,2142483,1.0,1,2,1,5.0,,-1.0,0,1988.0,A01,138Â 306Â 268,1.0,0.0,-1.0,1636036,1.0,7,,2.0,0.0,7.0,A01,138Â 306Â 268,1.0
958604,201900000135,9,20,10:10,1,2,9,1.0,6.0,76217,DE GAULLE (BOUVEVARD GENERAL),M,"49,9234800","1,0756000",76,2019,50.0,1.0,1.0,3.0,2142484,2.0,2,1,1,0.0,,0.0,0,1998.0,A01,138Â 306Â 262,1.0,8.0,-1.0,1636037,1.0,7,,0.0,1.0,2.0,A01,138Â 306Â 262,1.0
958604,201900000135,9,20,10:10,1,2,9,1.0,6.0,76217,DE GAULLE (BOUVEVARD GENERAL),M,"49,9234800","1,0756000",76,2019,50.0,1.0,1.0,3.0,2142485,1.0,1,1,1,0.0,,0.0,0,1997.0,A01,138Â 306Â 262,1.0,8.0,-1.0,1636037,1.0,7,,0.0,1.0,2.0,A01,138Â 306Â 262,1.0
958604,201900000135,9,20,10:10,1,2,9,1.0,6.0,76217,DE GAULLE (BOUVEVARD GENERAL),M,"49,9234800","1,0756000",76,2019,50.0,1.0,1.0,3.0,2142486,10.0,3,3,1,5.0,,4.0,3,1931.0,A01,138Â 306Â 262,8.0,0.0,-1.0,1636037,1.0,7,,0.0,1.0,2.0,A01,138Â 306Â 262,1.0
958605,201900000136,9,19,09:00,1,2,2,1.0,6.0,76217,LIBERATION (AVENUE DE LA),M,"49,9246000","1,1093300",76,2019,50.0,1.0,1.0,4.0,2142487,1.0,1,1,1,0.0,,0.0,0,1976.0,A01,138Â 306Â 261,1.0,8.0,-1.0,1636038,3.0,7,,0.0,1.0,2.0,A01,138Â 306Â 261,6.0
958605,201900000136,9,19,09:00,1,2,2,1.0,6.0,76217,LIBERATION (AVENUE DE LA),M,"49,9246000","1,1093300",76,2019,50.0,1.0,1.0,4.0,2142488,10.0,3,4,2,0.0,,4.0,3,1954.0,A01,138Â 306Â 261,8.0,0.0,-1.0,1636038,3.0,7,,0.0,1.0,2.0,A01,138Â 306Â 261,6.0
958606,201900000137,9,20,09:50,1,2,6,1.0,6.0,74010,RHONE (AVENUE DU),M,"45,9005000","6,1155400",74,2019,50.0,1.0,1.0,4.0,2142489,1.0,1,1,2,4.0,,-1.0,0,1991.0,A01,138Â 306Â 260,1.0,0.0,-1.0,1636039,3.0,7,,0.0,1.0,2.0,A01,138Â 306Â 260,1.0
958606,201900000137,9,20,09:50,1,2,6,1.0,6.0,74010,RHONE (AVENUE DU),M,"45,9005000","6,1155400",74,2019,50.0,1.0,1.0,4.0,2142490,10.0,3,2,1,3.0,,1.0,3,1926.0,A01,138Â 306Â 260,8.0,0.0,-1.0,1636039,3.0,7,,0.0,1.0,2.0,A01,138Â 306Â 260,1.0
958607,201900000138,9,19,16:30,1,2,3,1.0,3.0,72181,ARNAGE (RUE D') NÂ° IMP 11 ET plus,M,"47,9901500","0,1969100",72,2019,50.0,1.0,1.0,7.0,2142491,1.0,1,4,1,1.0,,0.0,0,1964.0,B01,138Â 306Â 256,2.0,0.0,-1.0,1636040,2.0,2,,0.0,2.0,1.0,B01,138Â 306Â 256,1.0
958607,201900000138,9,19,16:30,1,2,3,1.0,3.0,72181,ARNAGE (RUE D') NÂ° IMP 11 ET plus,M,"47,9901500","0,1969100",72,2019,50.0,1.0,1.0,7.0,2142491,1.0,1,4,1,1.0,,0.0,0,1964.0,B01,138Â 306Â 256,2.0,0.0,-1.0,1636041,2.0,7,,0.0,2.0,3.0,A01,138Â 306Â 257,1.0