Unnamed: 0_x,num_acc,mois,jour,hrmn,lum,agg,int,atm,col,com,adr,gps,lat,long,dep,annee,vma,situ,surf,catr,Unnamed: 0_y,place,catu,grav,sexe,trajet,secu,locp,actp,an_nais,num_veh_x,id_vehicule_x,secu1,secu2,secu3,Unnamed: 0,senc,catv,occutc,obs,obsm,choc,num_veh_y,id_vehicule_y,motor
958607,201900000138,9,19,16:30,1,2,3,1.0,3.0,72181,ARNAGE (RUE D') NÂ° IMP 11 ET plus,M,"47,9901500","0,1969100",72,2019,50.0,1.0,1.0,7.0,2142492,1.0,1,1,2,0.0,,0.0,0,1958.0,A01,138Â 306Â 257,1.0,0.0,-1.0,1636040,2.0,2,,0.0,2.0,1.0,B01,138Â 306Â 256,1.0
958607,201900000138,9,19,16:30,1,2,3,1.0,3.0,72181,ARNAGE (RUE D') NÂ° IMP 11 ET plus,M,"47,9901500","0,1969100",72,2019,50.0,1.0,1.0,7.0,2142492,1.0,1,1,2,0.0,,0.0,0,1958.0,A01,138Â 306Â 257,1.0,0.0,-1.0,1636041,2.0,7,,0.0,2.0,3.0,A01,138Â 306Â 257,1.0
958608,201900000139,9,20,16:32,1,2,1,1.0,5.0,69290,HEYRIEUX (D')                       (RO),M,"45,6834500","4,9523600",69,2019,50.0,1.0,1.0,4.0,2142493,1.0,1,1,1,0.0,,-1.0, -1,1975.0,A01,138Â 306Â 252,1.0,0.0,-1.0,1636042,1.0,7,,0.0,2.0,1.0,A01,138Â 306Â 252,0.0
958608,201900000139,9,20,16:32,1,2,1,1.0,5.0,69290,HEYRIEUX (D')                       (RO),M,"45,6834500","4,9523600",69,2019,50.0,1.0,1.0,4.0,2142493,1.0,1,1,1,0.0,,-1.0, -1,1975.0,A01,138Â 306Â 252,1.0,0.0,-1.0,1636043,2.0,7,,0.0,2.0,6.0,B01,138Â 306Â 253,0.0
958608,201900000139,9,20,16:32,1,2,1,1.0,5.0,69290,HEYRIEUX (D')                       (RO),M,"45,6834500","4,9523600",69,2019,50.0,1.0,1.0,4.0,2142493,1.0,1,1,1,0.0,,-1.0, -1,1975.0,A01,138Â 306Â 252,1.0,0.0,-1.0,1636044,2.0,7,,0.0,2.0,3.0,C01,138Â 306Â 254,0.0
958608,201900000139,9,20,16:32,1,2,1,1.0,5.0,69290,HEYRIEUX (D')                       (RO),M,"45,6834500","4,9523600",69,2019,50.0,1.0,1.0,4.0,2142493,1.0,1,1,1,0.0,,-1.0, -1,1975.0,A01,138Â 306Â 252,1.0,0.0,-1.0,1636045,2.0,7,,0.0,2.0,1.0,D01,138Â 306Â 255,0.0
958608,201900000139,9,20,16:32,1,2,1,1.0,5.0,69290,HEYRIEUX (D')                       (RO),M,"45,6834500","4,9523600",69,2019,50.0,1.0,1.0,4.0,2142494,1.0,1,1,1,0.0,,-1.0, -1,2000.0,B01,138Â 306Â 253,1.0,0.0,-1.0,1636042,1.0,7,,0.0,2.0,1.0,A01,138Â 306Â 252,0.0
958608,201900000139,9,20,16:32,1,2,1,1.0,5.0,69290,HEYRIEUX (D')                       (RO),M,"45,6834500","4,9523600",69,2019,50.0,1.0,1.0,4.0,2142494,1.0,1,1,1,0.0,,-1.0, -1,2000.0,B01,138Â 306Â 253,1.0,0.0,-1.0,1636043,2.0,7,,0.0,2.0,6.0,B01,138Â 306Â 253,0.0
958608,201900000139,9,20,16:32,1,2,1,1.0,5.0,69290,HEYRIEUX (D')                       (RO),M,"45,6834500","4,9523600",69,2019,50.0,1.0,1.0,4.0,2142494,1.0,1,1,1,0.0,,-1.0, -1,2000.0,B01,138Â 306Â 253,1.0,0.0,-1.0,1636044,2.0,7,,0.0,2.0,3.0,C01,138Â 306Â 254,0.0
958608,201900000139,9,20,16:32,1,2,1,1.0,5.0,69290,HEYRIEUX (D')                       (RO),M,"45,6834500","4,9523600",69,2019,50.0,1.0,1.0,4.0,2142494,1.0,1,1,1,0.0,,-1.0, -1,2000.0,B01,138Â 306Â 253,1.0,0.0,-1.0,1636045,2.0,7,,0.0,2.0,1.0,D01,138Â 306Â 255,0.0
958608,201900000139,9,20,16:32,1,2,1,1.0,5.0,69290,HEYRIEUX (D')                       (RO),M,"45,6834500","4,9523600",69,2019,50.0,1.0,1.0,4.0,2142495,1.0,1,4,1,0.0,,-1.0, -1,1954.0,C01,138Â 306Â 254,1.0,0.0,-1.0,1636042,1.0,7,,0.0,2.0,1.0,A01,138Â 306Â 252,0.0
958608,201900000139,9,20,16:32,1,2,1,1.0,5.0,69290,HEYRIEUX (D')                       (RO),M,"45,6834500","4,9523600",69,2019,50.0,1.0,1.0,4.0,2142495,1.0,1,4,1,0.0,,-1.0, -1,1954.0,C01,138Â 306Â 254,1.0,0.0,-1.0,1636043,2.0,7,,0.0,2.0,6.0,B01,138Â 306Â 253,0.0
958608,201900000139,9,20,16:32,1,2,1,1.0,5.0,69290,HEYRIEUX (D')                       (RO),M,"45,6834500","4,9523600",69,2019,50.0,1.0,1.0,4.0,2142495,1.0,1,4,1,0.0,,-1.0, -1,1954.0,C01,138Â 306Â 254,1.0,0.0,-1.0,1636044,2.0,7,,0.0,2.0,3.0,C01,138Â 306Â 254,0.0
958608,201900000139,9,20,16:32,1,2,1,1.0,5.0,69290,HEYRIEUX (D')                       (RO),M,"45,6834500","4,9523600",69,2019,50.0,1.0,1.0,4.0,2142495,1.0,1,4,1,0.0,,-1.0, -1,1954.0,C01,138Â 306Â 254,1.0,0.0,-1.0,1636045,2.0,7,,0.0,2.0,1.0,D01,138Â 306Â 255,0.0
958608,201900000139,9,20,16:32,1,2,1,1.0,5.0,69290,HEYRIEUX (D')                       (RO),M,"45,6834500","4,9523600",69,2019,50.0,1.0,1.0,4.0,2142496,4.0,2,4,1,0.0,,-1.0, -1,2006.0,D01,138Â 306Â 255,1.0,0.0,-1.0,1636042,1.0,7,,0.0,2.0,1.0,A01,138Â 306Â 252,0.0
958608,201900000139,9,20,16:32,1,2,1,1.0,5.0,69290,HEYRIEUX (D')                       (RO),M,"45,6834500","4,9523600",69,2019,50.0,1.0,1.0,4.0,2142496,4.0,2,4,1,0.0,,-1.0, -1,2006.0,D01,138Â 306Â 255,1.0,0.0,-1.0,1636043,2.0,7,,0.0,2.0,6.0,B01,138Â 306Â 253,0.0
958608,201900000139,9,20,16:32,1,2,1,1.0,5.0,69290,HEYRIEUX (D')                       (RO),M,"45,6834500","4,9523600",69,2019,50.0,1.0,1.0,4.0,2142496,4.0,2,4,1,0.0,,-1.0, -1,2006.0,D01,138Â 306Â 255,1.0,0.0,-1.0,1636044,2.0,7,,0.0,2.0,3.0,C01,138Â 306Â 254,0.0
958608,201900000139,9,20,16:32,1,2,1,1.0,5.0,69290,HEYRIEUX (D')                       (RO),M,"45,6834500","4,9523600",69,2019,50.0,1.0,1.0,4.0,2142496,4.0,2,4,1,0.0,,-1.0, -1,2006.0,D01,138Â 306Â 255,1.0,0.0,-1.0,1636045,2.0,7,,0.0,2.0,1.0,D01,138Â 306Â 255,0.0
958608,201900000139,9,20,16:32,1,2,1,1.0,5.0,69290,HEYRIEUX (D')                       (RO),M,"45,6834500","4,9523600",69,2019,50.0,1.0,1.0,4.0,2142497,1.0,1,4,1,0.0,,-1.0, -1,1981.0,D01,138Â 306Â 255,1.0,0.0,-1.0,1636042,1.0,7,,0.0,2.0,1.0,A01,138Â 306Â 252,0.0
958608,201900000139,9,20,16:32,1,2,1,1.0,5.0,69290,HEYRIEUX (D')                       (RO),M,"45,6834500","4,9523600",69,2019,50.0,1.0,1.0,4.0,2142497,1.0,1,4,1,0.0,,-1.0, -1,1981.0,D01,138Â 306Â 255,1.0,0.0,-1.0,1636043,2.0,7,,0.0,2.0,6.0,B01,138Â 306Â 253,0.0
958608,201900000139,9,20,16:32,1,2,1,1.0,5.0,69290,HEYRIEUX (D')                       (RO),M,"45,6834500","4,9523600",69,2019,50.0,1.0,1.0,4.0,2142497,1.0,1,4,1,0.0,,-1.0, -1,1981.0,D01,138Â 306Â 255,1.0,0.0,-1.0,1636044,2.0,7,,0.0,2.0,3.0,C01,138Â 306Â 254,0.0
958608,201900000139,9,20,16:32,1,2,1,1.0,5.0,69290,HEYRIEUX (D')                       (RO),M,"45,6834500","4,9523600",69,2019,50.0,1.0,1.0,4.0,2142497,1.0,1,4,1,0.0,,-1.0, -1,1981.0,D01,138Â 306Â 255,1.0,0.0,-1.0,1636045,2.0,7,,0.0,2.0,1.0,D01,138Â 306Â 255,0.0
958608,201900000139,9,20,16:32,1,2,1,1.0,5.0,69290,HEYRIEUX (D')                       (RO),M,"45,6834500","4,9523600",69,2019,50.0,1.0,1.0,4.0,2142498,3.0,2,4,1,0.0,,-1.0, -1,2005.0,D01,138Â 306Â 255,1.0,0.0,-1.0,1636042,1.0,7,,0.0,2.0,1.0,A01,138Â 306Â 252,0.0
958608,201900000139,9,20,16:32,1,2,1,1.0,5.0,69290,HEYRIEUX (D')                       (RO),M,"45,6834500","4,9523600",69,2019,50.0,1.0,1.0,4.0,2142498,3.0,2,4,1,0.0,,-1.0, -1,2005.0,D01,138Â 306Â 255,1.0,0.0,-1.0,1636043,2.0,7,,0.0,2.0,6.0,B01,138Â 306Â 253,0.0
958608,201900000139,9,20,16:32,1,2,1,1.0,5.0,69290,HEYRIEUX (D')                       (RO),M,"45,6834500","4,9523600",69,2019,50.0,1.0,1.0,4.0,2142498,3.0,2,4,1,0.0,,-1.0, -1,2005.0,D01,138Â 306Â 255,1.0,0.0,-1.0,1636044,2.0,7,,0.0,2.0,3.0,C01,138Â 306Â 254,0.0
958608,201900000139,9,20,16:32,1,2,1,1.0,5.0,69290,HEYRIEUX (D')                       (RO),M,"45,6834500","4,9523600",69,2019,50.0,1.0,1.0,4.0,2142498,3.0,2,4,1,0.0,,-1.0, -1,2005.0,D01,138Â 306Â 255,1.0,0.0,-1.0,1636045,2.0,7,,0.0,2.0,1.0,D01,138Â 306Â 255,0.0
958609,201900000140,9,18,18:10,1,2,9,1.0,6.0,69029,LAURENT BONNEVAY          (SQ),M,"45,7303200","4,8998000",69,2019,50.0,1.0,1.0,9.0,2142499,1.0,1,3,1,0.0,,0.0,0,2002.0,A01,138Â 306Â 251,8.0,0.0,-1.0,1636046,3.0,0,,0.0,0.0,0.0,A01,138Â 306Â 251,0.0
958610,201900000141,9,13,20:45,5,2,1,1.0,4.0,69275,JEAN JAURES                         (AV),M,"45,7688200","4,9435200",69,2019,50.0,1.0,1.0,3.0,2142500,1.0,1,1,2,0.0,,-1.0, -1,1995.0,C01,138Â 306Â 248,8.0,0.0,-1.0,1636047,2.0,7,,0.0,2.0,4.0,C01,138Â 306Â 248,1.0
958610,201900000141,9,13,20:45,5,2,1,1.0,4.0,69275,JEAN JAURES                         (AV),M,"45,7688200","4,9435200",69,2019,50.0,1.0,1.0,3.0,2142500,1.0,1,1,2,0.0,,-1.0, -1,1995.0,C01,138Â 306Â 248,8.0,0.0,-1.0,1636048,2.0,7,,0.0,2.0,4.0,B01,138Â 306Â 249,1.0
958610,201900000141,9,13,20:45,5,2,1,1.0,4.0,69275,JEAN JAURES                         (AV),M,"45,7688200","4,9435200",69,2019,50.0,1.0,1.0,3.0,2142500,1.0,1,1,2,0.0,,-1.0, -1,1995.0,C01,138Â 306Â 248,8.0,0.0,-1.0,1636049,2.0,7,,0.0,2.0,1.0,A01,138Â 306Â 250,1.0
958610,201900000141,9,13,20:45,5,2,1,1.0,4.0,69275,JEAN JAURES                         (AV),M,"45,7688200","4,9435200",69,2019,50.0,1.0,1.0,3.0,2142501,1.0,1,4,2,0.0,,-1.0, -1,1994.0,B01,138Â 306Â 249,8.0,0.0,-1.0,1636047,2.0,7,,0.0,2.0,4.0,C01,138Â 306Â 248,1.0
958610,201900000141,9,13,20:45,5,2,1,1.0,4.0,69275,JEAN JAURES                         (AV),M,"45,7688200","4,9435200",69,2019,50.0,1.0,1.0,3.0,2142501,1.0,1,4,2,0.0,,-1.0, -1,1994.0,B01,138Â 306Â 249,8.0,0.0,-1.0,1636048,2.0,7,,0.0,2.0,4.0,B01,138Â 306Â 249,1.0
958610,201900000141,9,13,20:45,5,2,1,1.0,4.0,69275,JEAN JAURES                         (AV),M,"45,7688200","4,9435200",69,2019,50.0,1.0,1.0,3.0,2142501,1.0,1,4,2,0.0,,-1.0, -1,1994.0,B01,138Â 306Â 249,8.0,0.0,-1.0,1636049,2.0,7,,0.0,2.0,1.0,A01,138Â 306Â 250,1.0
958610,201900000141,9,13,20:45,5,2,1,1.0,4.0,69275,JEAN JAURES                         (AV),M,"45,7688200","4,9435200",69,2019,50.0,1.0,1.0,3.0,2142502,1.0,1,1,1,3.0,,-1.0, -1,1974.0,A01,138Â 306Â 250,8.0,0.0,-1.0,1636047,2.0,7,,0.0,2.0,4.0,C01,138Â 306Â 248,1.0
958610,201900000141,9,13,20:45,5,2,1,1.0,4.0,69275,JEAN JAURES                         (AV),M,"45,7688200","4,9435200",69,2019,50.0,1.0,1.0,3.0,2142502,1.0,1,1,1,3.0,,-1.0, -1,1974.0,A01,138Â 306Â 250,8.0,0.0,-1.0,1636048,2.0,7,,0.0,2.0,4.0,B01,138Â 306Â 249,1.0
958610,201900000141,9,13,20:45,5,2,1,1.0,4.0,69275,JEAN JAURES                         (AV),M,"45,7688200","4,9435200",69,2019,50.0,1.0,1.0,3.0,2142502,1.0,1,1,1,3.0,,-1.0, -1,1974.0,A01,138Â 306Â 250,8.0,0.0,-1.0,1636049,2.0,7,,0.0,2.0,1.0,A01,138Â 306Â 250,1.0
958611,201900000142,9,19,18:40,1,2,1,1.0,5.0,67482,RHIN (AVENUE DU),M,"48,5730500","7,7998100",67,2019,50.0,1.0,1.0,4.0,2142503,1.0,1,4,1,0.0,,-1.0,0,1985.0,A01,138Â 306Â 245,1.0,8.0,-1.0,1636050,1.0,7,,0.0,2.0,1.0,A01,138Â 306Â 245,1.0
958611,201900000142,9,19,18:40,1,2,1,1.0,5.0,67482,RHIN (AVENUE DU),M,"48,5730500","7,7998100",67,2019,50.0,1.0,1.0,4.0,2142503,1.0,1,4,1,0.0,,-1.0,0,1985.0,A01,138Â 306Â 245,1.0,8.0,-1.0,1636051,2.0,7,,0.0,2.0,8.0,B01,138Â 306Â 246,1.0
958611,201900000142,9,19,18:40,1,2,1,1.0,5.0,67482,RHIN (AVENUE DU),M,"48,5730500","7,7998100",67,2019,50.0,1.0,1.0,4.0,2142503,1.0,1,4,1,0.0,,-1.0,0,1985.0,A01,138Â 306Â 245,1.0,8.0,-1.0,1636052,2.0,7,,0.0,2.0,1.0,C01,138Â 306Â 247,1.0
958611,201900000142,9,19,18:40,1,2,1,1.0,5.0,67482,RHIN (AVENUE DU),M,"48,5730500","7,7998100",67,2019,50.0,1.0,1.0,4.0,2142504,1.0,1,4,1,0.0,,-1.0,0,1991.0,B01,138Â 306Â 246,1.0,0.0,-1.0,1636050,1.0,7,,0.0,2.0,1.0,A01,138Â 306Â 245,1.0
958611,201900000142,9,19,18:40,1,2,1,1.0,5.0,67482,RHIN (AVENUE DU),M,"48,5730500","7,7998100",67,2019,50.0,1.0,1.0,4.0,2142504,1.0,1,4,1,0.0,,-1.0,0,1991.0,B01,138Â 306Â 246,1.0,0.0,-1.0,1636051,2.0,7,,0.0,2.0,8.0,B01,138Â 306Â 246,1.0
958611,201900000142,9,19,18:40,1,2,1,1.0,5.0,67482,RHIN (AVENUE DU),M,"48,5730500","7,7998100",67,2019,50.0,1.0,1.0,4.0,2142504,1.0,1,4,1,0.0,,-1.0,0,1991.0,B01,138Â 306Â 246,1.0,0.0,-1.0,1636052,2.0,7,,0.0,2.0,1.0,C01,138Â 306Â 247,1.0
958611,201900000142,9,19,18:40,1,2,1,1.0,5.0,67482,RHIN (AVENUE DU),M,"48,5730500","7,7998100",67,2019,50.0,1.0,1.0,4.0,2142505,2.0,2,4,2,0.0,,-1.0,0,2002.0,B01,138Â 306Â 246,1.0,8.0,-1.0,1636050,1.0,7,,0.0,2.0,1.0,A01,138Â 306Â 245,1.0
958611,201900000142,9,19,18:40,1,2,1,1.0,5.0,67482,RHIN (AVENUE DU),M,"48,5730500","7,7998100",67,2019,50.0,1.0,1.0,4.0,2142505,2.0,2,4,2,0.0,,-1.0,0,2002.0,B01,138Â 306Â 246,1.0,8.0,-1.0,1636051,2.0,7,,0.0,2.0,8.0,B01,138Â 306Â 246,1.0
958611,201900000142,9,19,18:40,1,2,1,1.0,5.0,67482,RHIN (AVENUE DU),M,"48,5730500","7,7998100",67,2019,50.0,1.0,1.0,4.0,2142505,2.0,2,4,2,0.0,,-1.0,0,2002.0,B01,138Â 306Â 246,1.0,8.0,-1.0,1636052,2.0,7,,0.0,2.0,1.0,C01,138Â 306Â 247,1.0
958611,201900000142,9,19,18:40,1,2,1,1.0,5.0,67482,RHIN (AVENUE DU),M,"48,5730500","7,7998100",67,2019,50.0,1.0,1.0,4.0,2142506,1.0,1,1,1,1.0,,-1.0,0,1963.0,C01,138Â 306Â 247,1.0,8.0,-1.0,1636050,1.0,7,,0.0,2.0,1.0,A01,138Â 306Â 245,1.0
958611,201900000142,9,19,18:40,1,2,1,1.0,5.0,67482,RHIN (AVENUE DU),M,"48,5730500","7,7998100",67,2019,50.0,1.0,1.0,4.0,2142506,1.0,1,1,1,1.0,,-1.0,0,1963.0,C01,138Â 306Â 247,1.0,8.0,-1.0,1636051,2.0,7,,0.0,2.0,8.0,B01,138Â 306Â 246,1.0
958611,201900000142,9,19,18:40,1,2,1,1.0,5.0,67482,RHIN (AVENUE DU),M,"48,5730500","7,7998100",67,2019,50.0,1.0,1.0,4.0,2142506,1.0,1,1,1,1.0,,-1.0,0,1963.0,C01,138Â 306Â 247,1.0,8.0,-1.0,1636052,2.0,7,,0.0,2.0,1.0,C01,138Â 306Â 247,1.0
958612,201900000143,9,19,17:45,2,2,1,1.0,1.0,67482,KLEBSAU (RUE DE LA),M,"48,5450000","7,7746300",67,2019,50.0,1.0,1.0,4.0,2142507,1.0,1,1,1,0.0,,-1.0,0,1965.0,A01,138Â 306Â 243,1.0,8.0,-1.0,1636053,1.0,7,,0.0,2.0,1.0,A01,138Â 306Â 243,1.0
958612,201900000143,9,19,17:45,2,2,1,1.0,1.0,67482,KLEBSAU (RUE DE LA),M,"48,5450000","7,7746300",67,2019,50.0,1.0,1.0,4.0,2142507,1.0,1,1,1,0.0,,-1.0,0,1965.0,A01,138Â 306Â 243,1.0,8.0,-1.0,1636054,2.0,1,,0.0,2.0,1.0,B01,138Â 306Â 244,5.0
958612,201900000143,9,19,17:45,2,2,1,1.0,1.0,67482,KLEBSAU (RUE DE LA),M,"48,5450000","7,7746300",67,2019,50.0,1.0,1.0,4.0,2142508,1.0,1,4,2,0.0,,-1.0,0,2005.0,B01,138Â 306Â 244,8.0,0.0,-1.0,1636053,1.0,7,,0.0,2.0,1.0,A01,138Â 306Â 243,1.0
958612,201900000143,9,19,17:45,2,2,1,1.0,1.0,67482,KLEBSAU (RUE DE LA),M,"48,5450000","7,7746300",67,2019,50.0,1.0,1.0,4.0,2142508,1.0,1,4,2,0.0,,-1.0,0,2005.0,B01,138Â 306Â 244,8.0,0.0,-1.0,1636054,2.0,1,,0.0,2.0,1.0,B01,138Â 306Â 244,5.0
958613,201900000144,9,19,06:50,2,2,1,1.0,6.0,67043,BISCHWILLER (ROUTE DE),M,"48,6141640","7,7522330",67,2019,50.0,1.0,1.0,4.0,2142509,10.0,3,4,2,5.0,,3.0,3,1971.0,A01,138Â 306Â 242,8.0,0.0,-1.0,1636055,1.0,7,,0.0,1.0,1.0,A01,138Â 306Â 242,1.0
958613,201900000144,9,19,06:50,2,2,1,1.0,6.0,67043,BISCHWILLER (ROUTE DE),M,"48,6141640","7,7522330",67,2019,50.0,1.0,1.0,4.0,2142510,1.0,1,1,1,4.0,,0.0,0,1993.0,A01,138Â 306Â 242,1.0,8.0,-1.0,1636055,1.0,7,,0.0,1.0,1.0,A01,138Â 306Â 242,1.0
958614,201900000145,9,19,14:08,1,2,1,1.0,6.0,67462,PRESIDENT POINCARE (RUE DU),M,"48,2569480","7,4552090",67,2019,50.0,1.0,1.0,4.0,2142511,10.0,3,3,2,9.0,,5.0,4,1959.0,A01,138Â 306Â 241,8.0,0.0,-1.0,1636056,2.0,1,,0.0,0.0,1.0,A01,138Â 306Â 241,5.0
958614,201900000145,9,19,14:08,1,2,1,1.0,6.0,67462,PRESIDENT POINCARE (RUE DU),M,"48,2569480","7,4552090",67,2019,50.0,1.0,1.0,4.0,2142512,1.0,1,1,1,5.0,,-1.0, -1,1961.0,A01,138Â 306Â 241,8.0,0.0,-1.0,1636056,2.0,1,,0.0,0.0,1.0,A01,138Â 306Â 241,5.0
958615,201900000146,9,20,10:20,1,2,1,1.0,6.0,66136,FLANDRES/DUNKERQUE (CARREFOUR),M,"42,6861800","2,9074500",66,2019,50.0,1.0,1.0,4.0,2142513,1.0,1,1,2,5.0,,-1.0, -1,1991.0,A01,138Â 306Â 240,1.0,8.0,-1.0,1636057,1.0,7,,0.0,1.0,1.0,A01,138Â 306Â 240,1.0
958615,201900000146,9,20,10:20,1,2,1,1.0,6.0,66136,FLANDRES/DUNKERQUE (CARREFOUR),M,"42,6861800","2,9074500",66,2019,50.0,1.0,1.0,4.0,2142514,10.0,3,4,2,5.0,,3.0,3,1975.0,A01,138Â 306Â 240,8.0,0.0,-1.0,1636057,1.0,7,,0.0,1.0,1.0,A01,138Â 306Â 240,1.0
958616,201900000147,9,20,19:40,1,2,1,1.0,7.0,64335,PLAISANCE DE,M,"43,3341800"," -0,4258100",64,2019,30.0,1.0,1.0,4.0,2142515,1.0,1,4,2,0.0,,0.0,0,1942.0,A01,138Â 306Â 239,1.0,0.0,-1.0,1636058,2.0,7,,6.0,0.0,1.0,A01,138Â 306Â 239,1.0
958617,201900000148,9,20,18:25,1,2,9,1.0,3.0,64129,BAYONNE DE,M,"43,3008300"," -0,3938800",64,2019,50.0,1.0,1.0,4.0,2142516,1.0,1,3,1,9.0,,0.0,0,1968.0,A01,138Â 306Â 237,2.0,8.0,-1.0,1636059,2.0,33,,0.0,2.0,7.0,A01,138Â 306Â 237,1.0
958617,201900000148,9,20,18:25,1,2,9,1.0,3.0,64129,BAYONNE DE,M,"43,3008300"," -0,3938800",64,2019,50.0,1.0,1.0,4.0,2142516,1.0,1,3,1,9.0,,0.0,0,1968.0,A01,138Â 306Â 237,2.0,8.0,-1.0,1636060,1.0,7,,0.0,2.0,3.0,B01,138Â 306Â 238,1.0
958617,201900000148,9,20,18:25,1,2,9,1.0,3.0,64129,BAYONNE DE,M,"43,3008300"," -0,3938800",64,2019,50.0,1.0,1.0,4.0,2142517,1.0,1,1,1,9.0,,0.0,0,1986.0,B01,138Â 306Â 238,1.0,8.0,-1.0,1636059,2.0,33,,0.0,2.0,7.0,A01,138Â 306Â 237,1.0
958617,201900000148,9,20,18:25,1,2,9,1.0,3.0,64129,BAYONNE DE,M,"43,3008300"," -0,3938800",64,2019,50.0,1.0,1.0,4.0,2142517,1.0,1,1,1,9.0,,0.0,0,1986.0,B01,138Â 306Â 238,1.0,8.0,-1.0,1636060,1.0,7,,0.0,2.0,3.0,B01,138Â 306Â 238,1.0
958618,201900000149,2,15,08:20,1,1,1,1.0,1.0,83012,RD560,M,"43,5390580","5,9853860",83,2019,80.0,1.0,1.0,3.0,2142518,1.0,1,4,1,0.0,,0.0,0,1962.0,B01,138Â 306Â 235,1.0,-1.0,-1.0,1636061,2.0,7,,0.0,2.0,1.0,B01,138Â 306Â 235,1.0
958618,201900000149,2,15,08:20,1,1,1,1.0,1.0,83012,RD560,M,"43,5390580","5,9853860",83,2019,80.0,1.0,1.0,3.0,2142518,1.0,1,4,1,0.0,,0.0,0,1962.0,B01,138Â 306Â 235,1.0,-1.0,-1.0,1636062,1.0,7,,0.0,2.0,1.0,A01,138Â 306Â 236,1.0
958618,201900000149,2,15,08:20,1,1,1,1.0,1.0,83012,RD560,M,"43,5390580","5,9853860",83,2019,80.0,1.0,1.0,3.0,2142519,1.0,1,4,2,0.0,,0.0,0,1992.0,A01,138Â 306Â 236,1.0,-1.0,-1.0,1636061,2.0,7,,0.0,2.0,1.0,B01,138Â 306Â 235,1.0
958618,201900000149,2,15,08:20,1,1,1,1.0,1.0,83012,RD560,M,"43,5390580","5,9853860",83,2019,80.0,1.0,1.0,3.0,2142519,1.0,1,4,2,0.0,,0.0,0,1992.0,A01,138Â 306Â 236,1.0,-1.0,-1.0,1636062,1.0,7,,0.0,2.0,1.0,A01,138Â 306Â 236,1.0
958619,201900000150,2,14,11:45,1,1,1,1.0,2.0,09324,D12,M,"43,0674280","1,6396180",9,2019,70.0,1.0,1.0,3.0,2142520,1.0,1,3,2,0.0,,0.0,0,1999.0,A01,138Â 306Â 233,2.0,6.0,-1.0,1636063,2.0,33,,0.0,2.0,1.0,A01,138Â 306Â 233,1.0
958619,201900000150,2,14,11:45,1,1,1,1.0,2.0,09324,D12,M,"43,0674280","1,6396180",9,2019,70.0,1.0,1.0,3.0,2142520,1.0,1,3,2,0.0,,0.0,0,1999.0,A01,138Â 306Â 233,2.0,6.0,-1.0,1636064,2.0,7,,0.0,2.0,5.0,B01,138Â 306Â 234,1.0
958619,201900000150,2,14,11:45,1,1,1,1.0,2.0,09324,D12,M,"43,0674280","1,6396180",9,2019,70.0,1.0,1.0,3.0,2142521,1.0,1,1,1,1.0,,0.0,0,1999.0,B01,138Â 306Â 234,1.0,-1.0,-1.0,1636063,2.0,33,,0.0,2.0,1.0,A01,138Â 306Â 233,1.0
958619,201900000150,2,14,11:45,1,1,1,1.0,2.0,09324,D12,M,"43,0674280","1,6396180",9,2019,70.0,1.0,1.0,3.0,2142521,1.0,1,1,1,1.0,,0.0,0,1999.0,B01,138Â 306Â 234,1.0,-1.0,-1.0,1636064,2.0,7,,0.0,2.0,5.0,B01,138Â 306Â 234,1.0
958620,201900000151,2,17,07:45,1,2,6,1.0,3.0,60471,AVENUE JEAN JAURÃS,M,"49,5782422","2,9943981",60,2019,50.0,1.0,1.0,3.0,2142522,1.0,1,4,1,5.0,,0.0,0,1987.0,B01,138Â 306Â 231,2.0,9.0,-1.0,1636065,0.0,1,,0.0,2.0,1.0,B01,138Â 306Â 231,5.0
958620,201900000151,2,17,07:45,1,2,6,1.0,3.0,60471,AVENUE JEAN JAURÃS,M,"49,5782422","2,9943981",60,2019,50.0,1.0,1.0,3.0,2142522,1.0,1,4,1,5.0,,0.0,0,1987.0,B01,138Â 306Â 231,2.0,9.0,-1.0,1636066,0.0,7,,0.0,2.0,8.0,A01,138Â 306Â 232,1.0
958620,201900000151,2,17,07:45,1,2,6,1.0,3.0,60471,AVENUE JEAN JAURÃS,M,"49,5782422","2,9943981",60,2019,50.0,1.0,1.0,3.0,2142523,1.0,1,1,1,5.0,,0.0,0,1955.0,A01,138Â 306Â 232,1.0,-1.0,-1.0,1636065,0.0,1,,0.0,2.0,1.0,B01,138Â 306Â 231,5.0