Unnamed: 0_x,num_acc,mois,jour,hrmn,lum,agg,int,atm,col,com,adr,gps,lat,long,dep,annee,vma,situ,surf,catr,Unnamed: 0_y,place,catu,grav,sexe,trajet,secu,locp,actp,an_nais,num_veh_x,id_vehicule_x,secu1,secu2,secu3,Unnamed: 0,senc,catv,occutc,obs,obsm,choc,num_veh_y,id_vehicule_y,motor
958620,201900000151,2,17,07:45,1,2,6,1.0,3.0,60471,AVENUE JEAN JAURÃS,M,"49,5782422","2,9943981",60,2019,50.0,1.0,1.0,3.0,2142523,1.0,1,1,1,5.0,,0.0,0,1955.0,A01,138Â 306Â 232,1.0,-1.0,-1.0,1636066,0.0,7,,0.0,2.0,8.0,A01,138Â 306Â 232,1.0
958621,201900000152,2,14,15:15,1,1,2,1.0,3.0,45145,Intersection RD 33 et Lieu dit LE BOIS DU SELLIER,M,"48,1070370","2,8369740",45,2019,70.0,1.0,1.0,3.0,2142524,1.0,1,1,2,5.0,,0.0,0,1940.0,A01,138Â 306Â 229,8.0,-1.0,-1.0,1636067,2.0,7,,0.0,2.0,2.0,A01,138Â 306Â 229,1.0
958621,201900000152,2,14,15:15,1,1,2,1.0,3.0,45145,Intersection RD 33 et Lieu dit LE BOIS DU SELLIER,M,"48,1070370","2,8369740",45,2019,70.0,1.0,1.0,3.0,2142524,1.0,1,1,2,5.0,,0.0,0,1940.0,A01,138Â 306Â 229,8.0,-1.0,-1.0,1636068,2.0,2,,0.0,0.0,6.0,B01,138Â 306Â 230,1.0
958621,201900000152,2,14,15:15,1,1,2,1.0,3.0,45145,Intersection RD 33 et Lieu dit LE BOIS DU SELLIER,M,"48,1070370","2,8369740",45,2019,70.0,1.0,1.0,3.0,2142525,2.0,2,3,2,5.0,,0.0,0,2003.0,B01,138Â 306Â 230,2.0,6.0,-1.0,1636067,2.0,7,,0.0,2.0,2.0,A01,138Â 306Â 229,1.0
958621,201900000152,2,14,15:15,1,1,2,1.0,3.0,45145,Intersection RD 33 et Lieu dit LE BOIS DU SELLIER,M,"48,1070370","2,8369740",45,2019,70.0,1.0,1.0,3.0,2142525,2.0,2,3,2,5.0,,0.0,0,2003.0,B01,138Â 306Â 230,2.0,6.0,-1.0,1636068,2.0,2,,0.0,0.0,6.0,B01,138Â 306Â 230,1.0
958621,201900000152,2,14,15:15,1,1,2,1.0,3.0,45145,Intersection RD 33 et Lieu dit LE BOIS DU SELLIER,M,"48,1070370","2,8369740",45,2019,70.0,1.0,1.0,3.0,2142526,1.0,1,4,1,5.0,,0.0,0,2002.0,B01,138Â 306Â 230,2.0,6.0,-1.0,1636067,2.0,7,,0.0,2.0,2.0,A01,138Â 306Â 229,1.0
958621,201900000152,2,14,15:15,1,1,2,1.0,3.0,45145,Intersection RD 33 et Lieu dit LE BOIS DU SELLIER,M,"48,1070370","2,8369740",45,2019,70.0,1.0,1.0,3.0,2142526,1.0,1,4,1,5.0,,0.0,0,2002.0,B01,138Â 306Â 230,2.0,6.0,-1.0,1636068,2.0,2,,0.0,0.0,6.0,B01,138Â 306Â 230,1.0
958622,201900000153,2,18,10:25,1,1,1,1.0,7.0,64178,CD 936,M,"43,3336428"," -0,7786804",64,2019,80.0,1.0,1.0,3.0,2142527,1.0,1,4,1,4.0,,0.0,0,2000.0,A01,138Â 306Â 228,8.0,-1.0,-1.0,1636069,2.0,14,,16.0,0.0,3.0,A01,138Â 306Â 228,1.0
958623,201900000154,2,15,19:30,5,2,1,1.0,6.0,64160,17 Avenue Edmond Rostand,M,"43,3621955"," -1,4035654",64,2019,50.0,4.0,1.0,3.0,2142528,1.0,1,2,1,5.0,,0.0,0,1943.0,A01,138Â 306Â 227,0.0,-1.0,-1.0,1636070,1.0,7,,2.0,0.0,1.0,A01,138Â 306Â 227,0.0
958624,201900000155,2,16,14:45,1,2,3,7.0,6.0,73265,D211 Rte FROMAGERIE,M,"45,7477384","5,9838736",73,2019,30.0,1.0,1.0,3.0,2142529,1.0,1,1,1,5.0,,0.0,0,1939.0,A01,138Â 306Â 225,1.0,-1.0,-1.0,1636071,2.0,7,,0.0,1.0,2.0,A01,138Â 306Â 225,1.0
958624,201900000155,2,16,14:45,1,2,3,7.0,6.0,73265,D211 Rte FROMAGERIE,M,"45,7477384","5,9838736",73,2019,30.0,1.0,1.0,3.0,2142530,10.0,3,2,1,9.0,,1.0,3,1933.0,A01,138Â 306Â 225,0.0,-1.0,-1.0,1636071,2.0,7,,0.0,1.0,2.0,A01,138Â 306Â 225,1.0
958625,201900000156,1,15,14:15,1,1,1,1.0,1.0,43185,D651,M,"45,4028850","3,3075440",43,2019,80.0,1.0,1.0,3.0,2142531,1.0,1,4,2,3.0,,0.0,0,1982.0,B01,138Â 306Â 223,1.0,-1.0,-1.0,1636072,2.0,7,,0.0,2.0,3.0,B01,138Â 306Â 223,1.0
958625,201900000156,1,15,14:15,1,1,1,1.0,1.0,43185,D651,M,"45,4028850","3,3075440",43,2019,80.0,1.0,1.0,3.0,2142531,1.0,1,4,2,3.0,,0.0,0,1982.0,B01,138Â 306Â 223,1.0,-1.0,-1.0,1636073,1.0,33,,0.0,2.0,1.0,A01,138Â 306Â 224,1.0
958625,201900000156,1,15,14:15,1,1,1,1.0,1.0,43185,D651,M,"45,4028850","3,3075440",43,2019,80.0,1.0,1.0,3.0,2142532,1.0,1,3,1,3.0,,0.0,0,1969.0,A01,138Â 306Â 224,2.0,6.0,9.0,1636072,2.0,7,,0.0,2.0,3.0,B01,138Â 306Â 223,1.0
958625,201900000156,1,15,14:15,1,1,1,1.0,1.0,43185,D651,M,"45,4028850","3,3075440",43,2019,80.0,1.0,1.0,3.0,2142532,1.0,1,3,1,3.0,,0.0,0,1969.0,A01,138Â 306Â 224,2.0,6.0,9.0,1636073,1.0,33,,0.0,2.0,1.0,A01,138Â 306Â 224,1.0
958626,201900000157,2,15,16:00,1,2,1,1.0,6.0,10323,41 rue Magenta,M,"48,5234470","3,7263510",10,2019,50.0,1.0,1.0,9.0,2142533,1.0,1,1,1,5.0,,0.0,0,1934.0,A01,138Â 306Â 222,8.0,-1.0,-1.0,1636074,2.0,7,,0.0,1.0,2.0,A01,138Â 306Â 222,2.0
958626,201900000157,2,15,16:00,1,2,1,1.0,6.0,10323,41 rue Magenta,M,"48,5234470","3,7263510",10,2019,50.0,1.0,1.0,9.0,2142534,10.0,3,3,1,4.0,,2.0,9,1982.0,A01,138Â 306Â 222,4.0,-1.0,-1.0,1636074,2.0,7,,0.0,1.0,2.0,A01,138Â 306Â 222,2.0
958627,201900000158,2,17,01:00,3,1,1,1.0,6.0,10382,RD 439,M,"48,4055410","3,4283820",10,2019,80.0,3.0,1.0,3.0,2142535,1.0,1,3,1,5.0,,0.0,0,1995.0,A01,138Â 306Â 221,1.0,-1.0,-1.0,1636075,2.0,7,,13.0,0.0,3.0,A01,138Â 306Â 221,1.0
958628,201900000159,2,16,12:20,1,2,9,1.0,6.0,10064,rue d'arcis sur aube,M,"48,4009790","4,5176450",10,2019,20.0,8.0,1.0,6.0,2142536,1.0,1,1,2,3.0,,0.0,0,1967.0,A01,138Â 306Â 220,1.0,-1.0,-1.0,1636076,0.0,7,,0.0,1.0,4.0,A01,138Â 306Â 220,1.0
958628,201900000159,2,16,12:20,1,2,9,1.0,6.0,10064,rue d'arcis sur aube,M,"48,4009790","4,5176450",10,2019,20.0,8.0,1.0,6.0,2142537,10.0,3,3,2,3.0,,8.0,9,1965.0,A01,138Â 306Â 220,0.0,-1.0,-1.0,1636076,0.0,7,,0.0,1.0,4.0,A01,138Â 306Â 220,1.0
958629,201900000160,2,16,03:10,3,2,1,9.0,6.0,10176,rue du turot,M,"48,2527680","4,6578560",10,2019,-1.0,1.0,7.0,3.0,2142538,1.0,1,3,1,5.0,,0.0,0,1992.0,A01,138Â 306Â 219,8.0,-1.0,-1.0,1636077,1.0,7,,6.0,0.0,8.0,A01,138Â 306Â 219,1.0
958630,201900000161,2,15,20:30,3,1,4,1.0,3.0,36173,RD27 PR 20+500,M,"46,6954897","1,2004268",36,2019,80.0,1.0,1.0,3.0,2142539,1.0,1,4,1,1.0,,0.0,0,1998.0,B01,138Â 306Â 217,2.0,6.0,-1.0,1636078,2.0,2,,0.0,2.0,1.0,B01,138Â 306Â 217,1.0
958630,201900000161,2,15,20:30,3,1,4,1.0,3.0,36173,RD27 PR 20+500,M,"46,6954897","1,2004268",36,2019,80.0,1.0,1.0,3.0,2142539,1.0,1,4,1,1.0,,0.0,0,1998.0,B01,138Â 306Â 217,2.0,6.0,-1.0,1636079,1.0,7,,0.0,2.0,7.0,A01,138Â 306Â 218,1.0
958630,201900000161,2,15,20:30,3,1,4,1.0,3.0,36173,RD27 PR 20+500,M,"46,6954897","1,2004268",36,2019,80.0,1.0,1.0,3.0,2142540,1.0,1,1,1,1.0,,0.0,0,1966.0,A01,138Â 306Â 218,1.0,-1.0,-1.0,1636078,2.0,2,,0.0,2.0,1.0,B01,138Â 306Â 217,1.0
958630,201900000161,2,15,20:30,3,1,4,1.0,3.0,36173,RD27 PR 20+500,M,"46,6954897","1,2004268",36,2019,80.0,1.0,1.0,3.0,2142540,1.0,1,1,1,1.0,,0.0,0,1966.0,A01,138Â 306Â 218,1.0,-1.0,-1.0,1636079,1.0,7,,0.0,2.0,7.0,A01,138Â 306Â 218,1.0
958631,201900000162,2,15,16:50,1,1,1,1.0,3.0,16134,LD St LÃ©onard,M,"45,8720702","0,6831036",16,2019,80.0,1.0,1.0,2.0,2142541,1.0,1,3,1,5.0,,0.0,0,1984.0,A01,138Â 306Â 215,1.0,-1.0,-1.0,1636080,1.0,7,,0.0,2.0,3.0,A01,138Â 306Â 215,1.0
958631,201900000162,2,15,16:50,1,1,1,1.0,3.0,16134,LD St LÃ©onard,M,"45,8720702","0,6831036",16,2019,80.0,1.0,1.0,2.0,2142541,1.0,1,3,1,5.0,,0.0,0,1984.0,A01,138Â 306Â 215,1.0,-1.0,-1.0,1636081,2.0,7,,0.0,2.0,3.0,B01,138Â 306Â 216,1.0
958631,201900000162,2,15,16:50,1,1,1,1.0,3.0,16134,LD St LÃ©onard,M,"45,8720702","0,6831036",16,2019,80.0,1.0,1.0,2.0,2142542,1.0,1,3,2,2.0,,0.0,0,1967.0,B01,138Â 306Â 216,1.0,-1.0,-1.0,1636080,1.0,7,,0.0,2.0,3.0,A01,138Â 306Â 215,1.0
958631,201900000162,2,15,16:50,1,1,1,1.0,3.0,16134,LD St LÃ©onard,M,"45,8720702","0,6831036",16,2019,80.0,1.0,1.0,2.0,2142542,1.0,1,3,2,2.0,,0.0,0,1967.0,B01,138Â 306Â 216,1.0,-1.0,-1.0,1636081,2.0,7,,0.0,2.0,3.0,B01,138Â 306Â 216,1.0
958632,201900000163,2,16,19:00,5,2,1,1.0,7.0,16223,avenue charles de gaulle,M,"45,6637500","0,4967750",16,2019,50.0,1.0,1.0,3.0,2142543,1.0,1,3,1,5.0,,0.0,0,1965.0,A01,138Â 306Â 214,2.0,-1.0,-1.0,1636082,1.0,33,,0.0,0.0,0.0,A01,138Â 306Â 214,1.0
958633,201900000164,2,16,18:00,1,1,1,1.0,1.0,07128,route de satillieu,M,"45,1249510","4,5441020",7,2019,80.0,1.0,1.0,3.0,2142544,1.0,1,4,2,0.0,,0.0,0,1974.0,B01,138Â 306Â 212,8.0,-1.0,-1.0,1636083,0.0,7,,0.0,2.0,3.0,B01,138Â 306Â 212,1.0
958633,201900000164,2,16,18:00,1,1,1,1.0,1.0,07128,route de satillieu,M,"45,1249510","4,5441020",7,2019,80.0,1.0,1.0,3.0,2142544,1.0,1,4,2,0.0,,0.0,0,1974.0,B01,138Â 306Â 212,8.0,-1.0,-1.0,1636084,0.0,7,,0.0,2.0,3.0,A01,138Â 306Â 213,1.0
958633,201900000164,2,16,18:00,1,1,1,1.0,1.0,07128,route de satillieu,M,"45,1249510","4,5441020",7,2019,80.0,1.0,1.0,3.0,2142545,1.0,1,1,1,4.0,,0.0,0,1979.0,A01,138Â 306Â 213,8.0,-1.0,-1.0,1636083,0.0,7,,0.0,2.0,3.0,B01,138Â 306Â 212,1.0
958633,201900000164,2,16,18:00,1,1,1,1.0,1.0,07128,route de satillieu,M,"45,1249510","4,5441020",7,2019,80.0,1.0,1.0,3.0,2142545,1.0,1,1,1,4.0,,0.0,0,1979.0,A01,138Â 306Â 213,8.0,-1.0,-1.0,1636084,0.0,7,,0.0,2.0,3.0,A01,138Â 306Â 213,1.0
958634,201900000165,2,16,16:20,1,1,1,1.0,7.0,07215,DÃ©partementale 120 - lieu-dit LA CHAPELLE,M,"44,8833710","4,5094410",7,2019,80.0,1.0,1.0,3.0,2142546,1.0,1,4,1,5.0,,0.0,0,1988.0,A01,138Â 306Â 211,2.0,-1.0,-1.0,1636085,1.0,33,,0.0,0.0,0.0,A01,138Â 306Â 211,1.0
958635,201900000166,2,16,13:35,1,1,1,1.0,7.0,07347,le chambon,M,"45,1940010","4,5374290",7,2019,80.0,8.0,1.0,4.0,2142547,1.0,1,2,1,0.0,,0.0,0,1979.0,A01,138Â 306Â 209,0.0,-1.0,-1.0,1636086,3.0,21,,0.0,0.0,9.0,A01,138Â 306Â 209,1.0
958635,201900000166,2,16,13:35,1,1,1,1.0,7.0,07347,le chambon,M,"45,1940010","4,5374290",7,2019,80.0,8.0,1.0,4.0,2142548,6.0,2,3,1,0.0,,0.0,0,2007.0,A01,138Â 306Â 209,0.0,-1.0,-1.0,1636086,3.0,21,,0.0,0.0,9.0,A01,138Â 306Â 209,1.0
958636,201900000167,2,15,19:20,3,1,1,1.0,6.0,07337,D270,M,"45,2071080","4,7593330",7,2019,80.0,3.0,1.0,3.0,2142549,1.0,1,4,1,5.0,,0.0,0,1999.0,A01,138Â 306Â 208,1.0,-1.0,-1.0,1636087,3.0,7,,13.0,0.0,1.0,A01,138Â 306Â 208,6.0
958636,201900000167,2,15,19:20,3,1,1,1.0,6.0,07337,D270,M,"45,2071080","4,7593330",7,2019,80.0,3.0,1.0,3.0,2142550,2.0,2,1,2,5.0,,0.0,0,2003.0,A01,138Â 306Â 208,1.0,-1.0,-1.0,1636087,3.0,7,,13.0,0.0,1.0,A01,138Â 306Â 208,6.0
958636,201900000167,2,15,19:20,3,1,1,1.0,6.0,07337,D270,M,"45,2071080","4,7593330",7,2019,80.0,3.0,1.0,3.0,2142551,3.0,2,3,2,5.0,,0.0,0,1999.0,A01,138Â 306Â 208,1.0,-1.0,-1.0,1636087,3.0,7,,13.0,0.0,1.0,A01,138Â 306Â 208,6.0
958637,201900000168,2,15,12:00,1,2,2,1.0,1.0,07319,Rue Vincent Touchet,M,"44,5460550","4,6839250",7,2019,50.0,1.0,1.0,4.0,2142552,1.0,1,4,1,2.0,,0.0,0,2000.0,A01,138Â 306Â 206,2.0,-1.0,-1.0,1636088,3.0,31,,0.0,2.0,1.0,A01,138Â 306Â 206,1.0
958637,201900000168,2,15,12:00,1,2,2,1.0,1.0,07319,Rue Vincent Touchet,M,"44,5460550","4,6839250",7,2019,50.0,1.0,1.0,4.0,2142552,1.0,1,4,1,2.0,,0.0,0,2000.0,A01,138Â 306Â 206,2.0,-1.0,-1.0,1636089,3.0,7,,0.0,2.0,3.0,B01,138Â 306Â 207,1.0
958637,201900000168,2,15,12:00,1,2,2,1.0,1.0,07319,Rue Vincent Touchet,M,"44,5460550","4,6839250",7,2019,50.0,1.0,1.0,4.0,2142553,2.0,2,4,2,2.0,,0.0,0,2008.0,A01,138Â 306Â 206,2.0,-1.0,-1.0,1636088,3.0,31,,0.0,2.0,1.0,A01,138Â 306Â 206,1.0
958637,201900000168,2,15,12:00,1,2,2,1.0,1.0,07319,Rue Vincent Touchet,M,"44,5460550","4,6839250",7,2019,50.0,1.0,1.0,4.0,2142553,2.0,2,4,2,2.0,,0.0,0,2008.0,A01,138Â 306Â 206,2.0,-1.0,-1.0,1636089,3.0,7,,0.0,2.0,3.0,B01,138Â 306Â 207,1.0
958637,201900000168,2,15,12:00,1,2,2,1.0,1.0,07319,Rue Vincent Touchet,M,"44,5460550","4,6839250",7,2019,50.0,1.0,1.0,4.0,2142554,1.0,1,4,2,1.0,,0.0,0,1969.0,B01,138Â 306Â 207,1.0,-1.0,-1.0,1636088,3.0,31,,0.0,2.0,1.0,A01,138Â 306Â 206,1.0
958637,201900000168,2,15,12:00,1,2,2,1.0,1.0,07319,Rue Vincent Touchet,M,"44,5460550","4,6839250",7,2019,50.0,1.0,1.0,4.0,2142554,1.0,1,4,2,1.0,,0.0,0,1969.0,B01,138Â 306Â 207,1.0,-1.0,-1.0,1636089,3.0,7,,0.0,2.0,3.0,B01,138Â 306Â 207,1.0
958638,201900000169,2,14,16:20,1,1,2,1.0,3.0,21408,RD903,M,"47,4002820","5,0405890",21,2019,80.0,1.0,1.0,3.0,2142555,1.0,1,3,2,5.0,,0.0,0,1952.0,B01,138Â 306Â 204,8.0,-1.0,-1.0,1636090,2.0,7,,0.0,2.0,1.0,B01,138Â 306Â 204,1.0
958638,201900000169,2,14,16:20,1,1,2,1.0,3.0,21408,RD903,M,"47,4002820","5,0405890",21,2019,80.0,1.0,1.0,3.0,2142555,1.0,1,3,2,5.0,,0.0,0,1952.0,B01,138Â 306Â 204,8.0,-1.0,-1.0,1636091,3.0,7,,0.0,0.0,2.0,A01,138Â 306Â 205,1.0
958638,201900000169,2,14,16:20,1,1,2,1.0,3.0,21408,RD903,M,"47,4002820","5,0405890",21,2019,80.0,1.0,1.0,3.0,2142556,1.0,1,4,1,5.0,,0.0,0,1924.0,A01,138Â 306Â 205,8.0,-1.0,-1.0,1636090,2.0,7,,0.0,2.0,1.0,B01,138Â 306Â 204,1.0
958638,201900000169,2,14,16:20,1,1,2,1.0,3.0,21408,RD903,M,"47,4002820","5,0405890",21,2019,80.0,1.0,1.0,3.0,2142556,1.0,1,4,1,5.0,,0.0,0,1924.0,A01,138Â 306Â 205,8.0,-1.0,-1.0,1636091,3.0,7,,0.0,0.0,2.0,A01,138Â 306Â 205,1.0
958638,201900000169,2,14,16:20,1,1,2,1.0,3.0,21408,RD903,M,"47,4002820","5,0405890",21,2019,80.0,1.0,1.0,3.0,2142557,2.0,2,1,2,5.0,,0.0,0,1941.0,A01,138Â 306Â 205,8.0,-1.0,-1.0,1636090,2.0,7,,0.0,2.0,1.0,B01,138Â 306Â 204,1.0
958638,201900000169,2,14,16:20,1,1,2,1.0,3.0,21408,RD903,M,"47,4002820","5,0405890",21,2019,80.0,1.0,1.0,3.0,2142557,2.0,2,1,2,5.0,,0.0,0,1941.0,A01,138Â 306Â 205,8.0,-1.0,-1.0,1636091,3.0,7,,0.0,0.0,2.0,A01,138Â 306Â 205,1.0
958639,201900000170,2,16,19:30,3,1,1,1.0,6.0,21501,D16,M,"47,2583010","4,5444024",21,2019,80.0,4.0,1.0,3.0,2142558,1.0,1,3,1,0.0,,0.0,0,1986.0,A01,138Â 306Â 203,2.0,-1.0,-1.0,1636092,1.0,2,,12.0,0.0,7.0,A01,138Â 306Â 203,1.0
958640,201900000171,2,12,15:49,1,1,1,7.0,3.0,40288,CD 932 PK 22+400,M,"44,0104680"," -0,3525720",40,2019,80.0,1.0,1.0,3.0,2142559,1.0,1,1,1,4.0,,0.0,0,1966.0,B01,138Â 306Â 201,1.0,-1.0,-1.0,1636093,1.0,15,,0.0,2.0,7.0,B01,138Â 306Â 201,1.0
958640,201900000171,2,12,15:49,1,1,1,7.0,3.0,40288,CD 932 PK 22+400,M,"44,0104680"," -0,3525720",40,2019,80.0,1.0,1.0,3.0,2142559,1.0,1,1,1,4.0,,0.0,0,1966.0,B01,138Â 306Â 201,1.0,-1.0,-1.0,1636094,2.0,33,,0.0,2.0,1.0,A01,138Â 306Â 202,1.0
958640,201900000171,2,12,15:49,1,1,1,7.0,3.0,40288,CD 932 PK 22+400,M,"44,0104680"," -0,3525720",40,2019,80.0,1.0,1.0,3.0,2142560,1.0,1,3,1,5.0,,0.0,0,1993.0,A01,138Â 306Â 202,2.0,6.0,-1.0,1636093,1.0,15,,0.0,2.0,7.0,B01,138Â 306Â 201,1.0
958640,201900000171,2,12,15:49,1,1,1,7.0,3.0,40288,CD 932 PK 22+400,M,"44,0104680"," -0,3525720",40,2019,80.0,1.0,1.0,3.0,2142560,1.0,1,3,1,5.0,,0.0,0,1993.0,A01,138Â 306Â 202,2.0,6.0,-1.0,1636094,2.0,33,,0.0,2.0,1.0,A01,138Â 306Â 202,1.0
958641,201900000172,2,16,07:00,5,1,1,1.0,1.0,24551,Les Marimonts,M,"45,4278520","0,9309860",24,2019,70.0,1.0,1.0,2.0,2142561,2.0,2,1,1,9.0,,0.0,0,1986.0,A01,138Â 306Â 199,8.0,-1.0,-1.0,1636095,1.0,7,,0.0,2.0,3.0,A01,138Â 306Â 199,1.0
958641,201900000172,2,16,07:00,5,1,1,1.0,1.0,24551,Les Marimonts,M,"45,4278520","0,9309860",24,2019,70.0,1.0,1.0,2.0,2142561,2.0,2,1,1,9.0,,0.0,0,1986.0,A01,138Â 306Â 199,8.0,-1.0,-1.0,1636096,2.0,7,,0.0,2.0,3.0,B01,138Â 306Â 200,1.0
958641,201900000172,2,16,07:00,5,1,1,1.0,1.0,24551,Les Marimonts,M,"45,4278520","0,9309860",24,2019,70.0,1.0,1.0,2.0,2142562,1.0,1,3,1,5.0,,0.0,0,1993.0,A01,138Â 306Â 199,1.0,-1.0,-1.0,1636095,1.0,7,,0.0,2.0,3.0,A01,138Â 306Â 199,1.0
958641,201900000172,2,16,07:00,5,1,1,1.0,1.0,24551,Les Marimonts,M,"45,4278520","0,9309860",24,2019,70.0,1.0,1.0,2.0,2142562,1.0,1,3,1,5.0,,0.0,0,1993.0,A01,138Â 306Â 199,1.0,-1.0,-1.0,1636096,2.0,7,,0.0,2.0,3.0,B01,138Â 306Â 200,1.0
958641,201900000172,2,16,07:00,5,1,1,1.0,1.0,24551,Les Marimonts,M,"45,4278520","0,9309860",24,2019,70.0,1.0,1.0,2.0,2142563,1.0,1,1,1,5.0,,0.0,0,1985.0,B01,138Â 306Â 200,1.0,5.0,-1.0,1636095,1.0,7,,0.0,2.0,3.0,A01,138Â 306Â 199,1.0
958641,201900000172,2,16,07:00,5,1,1,1.0,1.0,24551,Les Marimonts,M,"45,4278520","0,9309860",24,2019,70.0,1.0,1.0,2.0,2142563,1.0,1,1,1,5.0,,0.0,0,1985.0,B01,138Â 306Â 200,1.0,5.0,-1.0,1636096,2.0,7,,0.0,2.0,3.0,B01,138Â 306Â 200,1.0
958641,201900000172,2,16,07:00,5,1,1,1.0,1.0,24551,Les Marimonts,M,"45,4278520","0,9309860",24,2019,70.0,1.0,1.0,2.0,2142564,2.0,2,1,1,9.0,,0.0,0,1987.0,B01,138Â 306Â 200,1.0,5.0,-1.0,1636095,1.0,7,,0.0,2.0,3.0,A01,138Â 306Â 199,1.0
958641,201900000172,2,16,07:00,5,1,1,1.0,1.0,24551,Les Marimonts,M,"45,4278520","0,9309860",24,2019,70.0,1.0,1.0,2.0,2142564,2.0,2,1,1,9.0,,0.0,0,1987.0,B01,138Â 306Â 200,1.0,5.0,-1.0,1636096,2.0,7,,0.0,2.0,3.0,B01,138Â 306Â 200,1.0
958642,201900000173,2,16,15:25,1,1,3,1.0,2.0,04145,RD4085 / RD951,M,"44,1489530","5,9590890",4,2019,80.0,1.0,1.0,3.0,2142565,2.0,2,3,2,5.0,,0.0,0,1998.0,B01,138Â 306Â 197,1.0,-1.0,-1.0,1636097,1.0,7,,0.0,2.0,4.0,B01,138Â 306Â 197,1.0
958642,201900000173,2,16,15:25,1,1,3,1.0,2.0,04145,RD4085 / RD951,M,"44,1489530","5,9590890",4,2019,80.0,1.0,1.0,3.0,2142565,2.0,2,3,2,5.0,,0.0,0,1998.0,B01,138Â 306Â 197,1.0,-1.0,-1.0,1636098,1.0,7,,0.0,2.0,1.0,A01,138Â 306Â 198,1.0
958642,201900000173,2,16,15:25,1,1,3,1.0,2.0,04145,RD4085 / RD951,M,"44,1489530","5,9590890",4,2019,80.0,1.0,1.0,3.0,2142566,1.0,1,4,1,5.0,,0.0,0,1996.0,B01,138Â 306Â 197,1.0,-1.0,-1.0,1636097,1.0,7,,0.0,2.0,4.0,B01,138Â 306Â 197,1.0
958642,201900000173,2,16,15:25,1,1,3,1.0,2.0,04145,RD4085 / RD951,M,"44,1489530","5,9590890",4,2019,80.0,1.0,1.0,3.0,2142566,1.0,1,4,1,5.0,,0.0,0,1996.0,B01,138Â 306Â 197,1.0,-1.0,-1.0,1636098,1.0,7,,0.0,2.0,1.0,A01,138Â 306Â 198,1.0
958642,201900000173,2,16,15:25,1,1,3,1.0,2.0,04145,RD4085 / RD951,M,"44,1489530","5,9590890",4,2019,80.0,1.0,1.0,3.0,2142567,1.0,1,1,1,5.0,,0.0,0,1991.0,A01,138Â 306Â 198,1.0,-1.0,-1.0,1636097,1.0,7,,0.0,2.0,4.0,B01,138Â 306Â 197,1.0
958642,201900000173,2,16,15:25,1,1,3,1.0,2.0,04145,RD4085 / RD951,M,"44,1489530","5,9590890",4,2019,80.0,1.0,1.0,3.0,2142567,1.0,1,1,1,5.0,,0.0,0,1991.0,A01,138Â 306Â 198,1.0,-1.0,-1.0,1636098,1.0,7,,0.0,2.0,1.0,A01,138Â 306Â 198,1.0
958643,201900000174,2,15,14:30,1,2,1,1.0,6.0,04049,Imp Jean Mermoz,M,"44,0719840","5,9902220",4,2019,50.0,1.0,1.0,4.0,2142568,1.0,1,1,2,5.0,,0.0,0,1964.0,A01,138Â 306Â 196,1.0,-1.0,-1.0,1636099,3.0,7,,0.0,1.0,6.0,A01,138Â 306Â 196,1.0
958643,201900000174,2,15,14:30,1,2,1,1.0,6.0,04049,Imp Jean Mermoz,M,"44,0719840","5,9902220",4,2019,50.0,1.0,1.0,4.0,2142569,10.0,3,3,2,5.0,,1.0,3,1939.0,A01,138Â 306Â 196,0.0,-1.0,-1.0,1636099,3.0,7,,0.0,1.0,6.0,A01,138Â 306Â 196,1.0
958644,201900000175,2,15,23:50,3,1,1,1.0,7.0,04230,RD 8,M,"43,8665326","6,0104603",4,2019,80.0,3.0,1.0,3.0,2142570,1.0,1,3,1,5.0,,0.0,0,1972.0,A01,138Â 306Â 195,0.0,-1.0,-1.0,1636100,1.0,7,,0.0,0.0,9.0,A01,138Â 306Â 195,1.0
958645,201900000176,2,15,19:55,3,1,1,1.0,2.0,85090,ZI de la Blauderie,M,"46,8161800"," -0,8690000",85,2019,80.0,1.0,1.0,3.0,2142571,1.0,1,4,1,5.0,,0.0,0,1996.0,A01,138Â 306Â 193,1.0,-1.0,-1.0,1636101,1.0,7,,0.0,2.0,1.0,A01,138Â 306Â 193,0.0
958645,201900000176,2,15,19:55,3,1,1,1.0,2.0,85090,ZI de la Blauderie,M,"46,8161800"," -0,8690000",85,2019,80.0,1.0,1.0,3.0,2142571,1.0,1,4,1,5.0,,0.0,0,1996.0,A01,138Â 306Â 193,1.0,-1.0,-1.0,1636102,1.0,7,,0.0,0.0,4.0,B01,138Â 306Â 194,0.0
958645,201900000176,2,15,19:55,3,1,1,1.0,2.0,85090,ZI de la Blauderie,M,"46,8161800"," -0,8690000",85,2019,80.0,1.0,1.0,3.0,2142572,9.0,2,2,2,5.0,,0.0,0,1936.0,B01,138Â 306Â 194,1.0,-1.0,-1.0,1636101,1.0,7,,0.0,2.0,1.0,A01,138Â 306Â 193,0.0
958645,201900000176,2,15,19:55,3,1,1,1.0,2.0,85090,ZI de la Blauderie,M,"46,8161800"," -0,8690000",85,2019,80.0,1.0,1.0,3.0,2142572,9.0,2,2,2,5.0,,0.0,0,1936.0,B01,138Â 306Â 194,1.0,-1.0,-1.0,1636102,1.0,7,,0.0,0.0,4.0,B01,138Â 306Â 194,0.0