Unnamed: 0_x,num_acc,mois,jour,hrmn,lum,agg,int,atm,col,com,adr,gps,lat,long,dep,annee,vma,situ,surf,catr,Unnamed: 0_y,place,catu,grav,sexe,trajet,secu,locp,actp,an_nais,num_veh_x,id_vehicule_x,secu1,secu2,secu3,Unnamed: 0,senc,catv,occutc,obs,obsm,choc,num_veh_y,id_vehicule_y,motor
958645,201900000176,2,15,19:55,3,1,1,1.0,2.0,85090,ZI de la Blauderie,M,"46,8161800"," -0,8690000",85,2019,80.0,1.0,1.0,3.0,2142573,2.0,2,3,2,5.0,,0.0,0,1971.0,B01,138Â 306Â 194,1.0,-1.0,-1.0,1636101,1.0,7,,0.0,2.0,1.0,A01,138Â 306Â 193,0.0
958645,201900000176,2,15,19:55,3,1,1,1.0,2.0,85090,ZI de la Blauderie,M,"46,8161800"," -0,8690000",85,2019,80.0,1.0,1.0,3.0,2142573,2.0,2,3,2,5.0,,0.0,0,1971.0,B01,138Â 306Â 194,1.0,-1.0,-1.0,1636102,1.0,7,,0.0,0.0,4.0,B01,138Â 306Â 194,0.0
958645,201900000176,2,15,19:55,3,1,1,1.0,2.0,85090,ZI de la Blauderie,M,"46,8161800"," -0,8690000",85,2019,80.0,1.0,1.0,3.0,2142574,7.0,2,4,1,5.0,,0.0,0,1999.0,B01,138Â 306Â 194,1.0,-1.0,-1.0,1636101,1.0,7,,0.0,2.0,1.0,A01,138Â 306Â 193,0.0
958645,201900000176,2,15,19:55,3,1,1,1.0,2.0,85090,ZI de la Blauderie,M,"46,8161800"," -0,8690000",85,2019,80.0,1.0,1.0,3.0,2142574,7.0,2,4,1,5.0,,0.0,0,1999.0,B01,138Â 306Â 194,1.0,-1.0,-1.0,1636102,1.0,7,,0.0,0.0,4.0,B01,138Â 306Â 194,0.0
958645,201900000176,2,15,19:55,3,1,1,1.0,2.0,85090,ZI de la Blauderie,M,"46,8161800"," -0,8690000",85,2019,80.0,1.0,1.0,3.0,2142575,1.0,1,4,1,5.0,,0.0,0,1973.0,B01,138Â 306Â 194,1.0,-1.0,-1.0,1636101,1.0,7,,0.0,2.0,1.0,A01,138Â 306Â 193,0.0
958645,201900000176,2,15,19:55,3,1,1,1.0,2.0,85090,ZI de la Blauderie,M,"46,8161800"," -0,8690000",85,2019,80.0,1.0,1.0,3.0,2142575,1.0,1,4,1,5.0,,0.0,0,1973.0,B01,138Â 306Â 194,1.0,-1.0,-1.0,1636102,1.0,7,,0.0,0.0,4.0,B01,138Â 306Â 194,0.0
958646,201900000177,2,15,15:45,1,1,1,1.0,7.0,85008,Rue des Chardonnerets,M,"46,6302000"," -1,4424200",85,2019,80.0,3.0,1.0,4.0,2142576,1.0,1,3,1,5.0,,0.0,0,2002.0,A01,138Â 306Â 190,2.0,6.0,-1.0,1636103,3.0,2,,13.0,0.0,8.0,A01,138Â 306Â 190,1.0
958647,201900000178,2,16,18:00,2,1,2,7.0,3.0,27055,intersection D 175 et D 61,M,"49,1149060","1,0750410",27,2019,80.0,1.0,1.0,3.0,2142577,1.0,1,2,2,5.0,,0.0,0,1971.0,B01,138Â 306Â 188,1.0,-1.0,-1.0,1636104,1.0,7,,0.0,2.0,2.0,B01,138Â 306Â 188,1.0
958647,201900000178,2,16,18:00,2,1,2,7.0,3.0,27055,intersection D 175 et D 61,M,"49,1149060","1,0750410",27,2019,80.0,1.0,1.0,3.0,2142577,1.0,1,2,2,5.0,,0.0,0,1971.0,B01,138Â 306Â 188,1.0,-1.0,-1.0,1636105,1.0,7,,0.0,2.0,3.0,A01,138Â 306Â 189,1.0
958647,201900000178,2,16,18:00,2,1,2,7.0,3.0,27055,intersection D 175 et D 61,M,"49,1149060","1,0750410",27,2019,80.0,1.0,1.0,3.0,2142578,7.0,2,1,1,5.0,,0.0,0,2003.0,A01,138Â 306Â 189,1.0,-1.0,-1.0,1636104,1.0,7,,0.0,2.0,2.0,B01,138Â 306Â 188,1.0
958647,201900000178,2,16,18:00,2,1,2,7.0,3.0,27055,intersection D 175 et D 61,M,"49,1149060","1,0750410",27,2019,80.0,1.0,1.0,3.0,2142578,7.0,2,1,1,5.0,,0.0,0,2003.0,A01,138Â 306Â 189,1.0,-1.0,-1.0,1636105,1.0,7,,0.0,2.0,3.0,A01,138Â 306Â 189,1.0
958647,201900000178,2,16,18:00,2,1,2,7.0,3.0,27055,intersection D 175 et D 61,M,"49,1149060","1,0750410",27,2019,80.0,1.0,1.0,3.0,2142579,9.0,2,1,1,5.0,,0.0,0,2010.0,A01,138Â 306Â 189,3.0,-1.0,-1.0,1636104,1.0,7,,0.0,2.0,2.0,B01,138Â 306Â 188,1.0
958647,201900000178,2,16,18:00,2,1,2,7.0,3.0,27055,intersection D 175 et D 61,M,"49,1149060","1,0750410",27,2019,80.0,1.0,1.0,3.0,2142579,9.0,2,1,1,5.0,,0.0,0,2010.0,A01,138Â 306Â 189,3.0,-1.0,-1.0,1636105,1.0,7,,0.0,2.0,3.0,A01,138Â 306Â 189,1.0
958647,201900000178,2,16,18:00,2,1,2,7.0,3.0,27055,intersection D 175 et D 61,M,"49,1149060","1,0750410",27,2019,80.0,1.0,1.0,3.0,2142580,8.0,2,1,1,5.0,,0.0,0,2006.0,A01,138Â 306Â 189,1.0,-1.0,-1.0,1636104,1.0,7,,0.0,2.0,2.0,B01,138Â 306Â 188,1.0
958647,201900000178,2,16,18:00,2,1,2,7.0,3.0,27055,intersection D 175 et D 61,M,"49,1149060","1,0750410",27,2019,80.0,1.0,1.0,3.0,2142580,8.0,2,1,1,5.0,,0.0,0,2006.0,A01,138Â 306Â 189,1.0,-1.0,-1.0,1636105,1.0,7,,0.0,2.0,3.0,A01,138Â 306Â 189,1.0
958647,201900000178,2,16,18:00,2,1,2,7.0,3.0,27055,intersection D 175 et D 61,M,"49,1149060","1,0750410",27,2019,80.0,1.0,1.0,3.0,2142581,2.0,2,1,2,5.0,,0.0,0,1976.0,A01,138Â 306Â 189,1.0,-1.0,-1.0,1636104,1.0,7,,0.0,2.0,2.0,B01,138Â 306Â 188,1.0
958647,201900000178,2,16,18:00,2,1,2,7.0,3.0,27055,intersection D 175 et D 61,M,"49,1149060","1,0750410",27,2019,80.0,1.0,1.0,3.0,2142581,2.0,2,1,2,5.0,,0.0,0,1976.0,A01,138Â 306Â 189,1.0,-1.0,-1.0,1636105,1.0,7,,0.0,2.0,3.0,A01,138Â 306Â 189,1.0
958647,201900000178,2,16,18:00,2,1,2,7.0,3.0,27055,intersection D 175 et D 61,M,"49,1149060","1,0750410",27,2019,80.0,1.0,1.0,3.0,2142582,1.0,1,4,1,5.0,,0.0,0,1971.0,A01,138Â 306Â 189,1.0,-1.0,-1.0,1636104,1.0,7,,0.0,2.0,2.0,B01,138Â 306Â 188,1.0
958647,201900000178,2,16,18:00,2,1,2,7.0,3.0,27055,intersection D 175 et D 61,M,"49,1149060","1,0750410",27,2019,80.0,1.0,1.0,3.0,2142582,1.0,1,4,1,5.0,,0.0,0,1971.0,A01,138Â 306Â 189,1.0,-1.0,-1.0,1636105,1.0,7,,0.0,2.0,3.0,A01,138Â 306Â 189,1.0
958648,201900000179,2,17,16:10,1,1,1,1.0,7.0,28335,D920,M,"48,4801550","1,0946140",28,2019,70.0,3.0,1.0,3.0,2142583,1.0,1,3,1,5.0,,0.0,0,1966.0,A01,138Â 306Â 187,2.0,6.0,-1.0,1636106,2.0,31,,3.0,0.0,0.0,A01,138Â 306Â 187,1.0
958649,201900000180,2,16,19:20,3,1,1,1.0,2.0,28014,lieu dit le printemps,M,"48,6497800","1,2914890",28,2019,70.0,1.0,1.0,3.0,2142584,9.0,2,1,1,5.0,,0.0,0,2014.0,B01,138Â 306Â 185,1.0,-1.0,-1.0,1636107,2.0,7,,0.0,0.0,5.0,B01,138Â 306Â 185,1.0
958649,201900000180,2,16,19:20,3,1,1,1.0,2.0,28014,lieu dit le printemps,M,"48,6497800","1,2914890",28,2019,70.0,1.0,1.0,3.0,2142584,9.0,2,1,1,5.0,,0.0,0,2014.0,B01,138Â 306Â 185,1.0,-1.0,-1.0,1636108,2.0,33,,0.0,2.0,1.0,A01,138Â 306Â 186,1.0
958649,201900000180,2,16,19:20,3,1,1,1.0,2.0,28014,lieu dit le printemps,M,"48,6497800","1,2914890",28,2019,70.0,1.0,1.0,3.0,2142585,7.0,2,1,1,5.0,,0.0,0,2018.0,B01,138Â 306Â 185,1.0,-1.0,-1.0,1636107,2.0,7,,0.0,0.0,5.0,B01,138Â 306Â 185,1.0
958649,201900000180,2,16,19:20,3,1,1,1.0,2.0,28014,lieu dit le printemps,M,"48,6497800","1,2914890",28,2019,70.0,1.0,1.0,3.0,2142585,7.0,2,1,1,5.0,,0.0,0,2018.0,B01,138Â 306Â 185,1.0,-1.0,-1.0,1636108,2.0,33,,0.0,2.0,1.0,A01,138Â 306Â 186,1.0
958649,201900000180,2,16,19:20,3,1,1,1.0,2.0,28014,lieu dit le printemps,M,"48,6497800","1,2914890",28,2019,70.0,1.0,1.0,3.0,2142586,2.0,2,1,1,5.0,,0.0,0,1991.0,B01,138Â 306Â 185,1.0,-1.0,-1.0,1636107,2.0,7,,0.0,0.0,5.0,B01,138Â 306Â 185,1.0
958649,201900000180,2,16,19:20,3,1,1,1.0,2.0,28014,lieu dit le printemps,M,"48,6497800","1,2914890",28,2019,70.0,1.0,1.0,3.0,2142586,2.0,2,1,1,5.0,,0.0,0,1991.0,B01,138Â 306Â 185,1.0,-1.0,-1.0,1636108,2.0,33,,0.0,2.0,1.0,A01,138Â 306Â 186,1.0
958649,201900000180,2,16,19:20,3,1,1,1.0,2.0,28014,lieu dit le printemps,M,"48,6497800","1,2914890",28,2019,70.0,1.0,1.0,3.0,2142587,1.0,1,1,2,5.0,,0.0,0,1992.0,B01,138Â 306Â 185,1.0,-1.0,-1.0,1636107,2.0,7,,0.0,0.0,5.0,B01,138Â 306Â 185,1.0
958649,201900000180,2,16,19:20,3,1,1,1.0,2.0,28014,lieu dit le printemps,M,"48,6497800","1,2914890",28,2019,70.0,1.0,1.0,3.0,2142587,1.0,1,1,2,5.0,,0.0,0,1992.0,B01,138Â 306Â 185,1.0,-1.0,-1.0,1636108,2.0,33,,0.0,2.0,1.0,A01,138Â 306Â 186,1.0
958649,201900000180,2,16,19:20,3,1,1,1.0,2.0,28014,lieu dit le printemps,M,"48,6497800","1,2914890",28,2019,70.0,1.0,1.0,3.0,2142588,1.0,1,2,1,0.0,,0.0,0,1997.0,A01,138Â 306Â 186,2.0,-1.0,-1.0,1636107,2.0,7,,0.0,0.0,5.0,B01,138Â 306Â 185,1.0
958649,201900000180,2,16,19:20,3,1,1,1.0,2.0,28014,lieu dit le printemps,M,"48,6497800","1,2914890",28,2019,70.0,1.0,1.0,3.0,2142588,1.0,1,2,1,0.0,,0.0,0,1997.0,A01,138Â 306Â 186,2.0,-1.0,-1.0,1636108,2.0,33,,0.0,2.0,1.0,A01,138Â 306Â 186,1.0
958650,201900000181,2,16,15:30,1,1,1,1.0,5.0,28287,D.153.4 PK: 08+550,M,"48,1574460","1,6877360",28,2019,80.0,1.0,1.0,3.0,2142589,1.0,1,3,1,5.0,,0.0,0,1953.0,C01,138Â 306Â 182,2.0,-1.0,-1.0,1636109,2.0,1,,0.0,2.0,0.0,C01,138Â 306Â 182,5.0
958650,201900000181,2,16,15:30,1,1,1,1.0,5.0,28287,D.153.4 PK: 08+550,M,"48,1574460","1,6877360",28,2019,80.0,1.0,1.0,3.0,2142589,1.0,1,3,1,5.0,,0.0,0,1953.0,C01,138Â 306Â 182,2.0,-1.0,-1.0,1636110,2.0,1,,0.0,2.0,0.0,B01,138Â 306Â 183,5.0
958650,201900000181,2,16,15:30,1,1,1,1.0,5.0,28287,D.153.4 PK: 08+550,M,"48,1574460","1,6877360",28,2019,80.0,1.0,1.0,3.0,2142589,1.0,1,3,1,5.0,,0.0,0,1953.0,C01,138Â 306Â 182,2.0,-1.0,-1.0,1636111,2.0,3,,0.0,2.0,7.0,A01,138Â 306Â 184,1.0
958650,201900000181,2,16,15:30,1,1,1,1.0,5.0,28287,D.153.4 PK: 08+550,M,"48,1574460","1,6877360",28,2019,80.0,1.0,1.0,3.0,2142590,1.0,1,1,1,5.0,,0.0,0,1993.0,B01,138Â 306Â 183,2.0,-1.0,-1.0,1636109,2.0,1,,0.0,2.0,0.0,C01,138Â 306Â 182,5.0
958650,201900000181,2,16,15:30,1,1,1,1.0,5.0,28287,D.153.4 PK: 08+550,M,"48,1574460","1,6877360",28,2019,80.0,1.0,1.0,3.0,2142590,1.0,1,1,1,5.0,,0.0,0,1993.0,B01,138Â 306Â 183,2.0,-1.0,-1.0,1636110,2.0,1,,0.0,2.0,0.0,B01,138Â 306Â 183,5.0
958650,201900000181,2,16,15:30,1,1,1,1.0,5.0,28287,D.153.4 PK: 08+550,M,"48,1574460","1,6877360",28,2019,80.0,1.0,1.0,3.0,2142590,1.0,1,1,1,5.0,,0.0,0,1993.0,B01,138Â 306Â 183,2.0,-1.0,-1.0,1636111,2.0,3,,0.0,2.0,7.0,A01,138Â 306Â 184,1.0
958650,201900000181,2,16,15:30,1,1,1,1.0,5.0,28287,D.153.4 PK: 08+550,M,"48,1574460","1,6877360",28,2019,80.0,1.0,1.0,3.0,2142591,1.0,1,1,2,5.0,,0.0,0,2002.0,A01,138Â 306Â 184,1.0,-1.0,-1.0,1636109,2.0,1,,0.0,2.0,0.0,C01,138Â 306Â 182,5.0
958650,201900000181,2,16,15:30,1,1,1,1.0,5.0,28287,D.153.4 PK: 08+550,M,"48,1574460","1,6877360",28,2019,80.0,1.0,1.0,3.0,2142591,1.0,1,1,2,5.0,,0.0,0,2002.0,A01,138Â 306Â 184,1.0,-1.0,-1.0,1636110,2.0,1,,0.0,2.0,0.0,B01,138Â 306Â 183,5.0
958650,201900000181,2,16,15:30,1,1,1,1.0,5.0,28287,D.153.4 PK: 08+550,M,"48,1574460","1,6877360",28,2019,80.0,1.0,1.0,3.0,2142591,1.0,1,1,2,5.0,,0.0,0,2002.0,A01,138Â 306Â 184,1.0,-1.0,-1.0,1636111,2.0,3,,0.0,2.0,7.0,A01,138Â 306Â 184,1.0
958651,201900000182,2,18,11:45,1,1,1,1.0,2.0,28137,D32,M,"48,5515960","1,7361330",28,2019,80.0,1.0,1.0,3.0,2142592,1.0,1,2,1,5.0,,0.0,0,1943.0,B01,138Â 306Â 180,0.0,-1.0,-1.0,1636112,1.0,1,,0.0,0.0,4.0,B01,138Â 306Â 180,5.0
958651,201900000182,2,18,11:45,1,1,1,1.0,2.0,28137,D32,M,"48,5515960","1,7361330",28,2019,80.0,1.0,1.0,3.0,2142592,1.0,1,2,1,5.0,,0.0,0,1943.0,B01,138Â 306Â 180,0.0,-1.0,-1.0,1636113,1.0,7,,0.0,2.0,1.0,A01,138Â 306Â 181,1.0
958651,201900000182,2,18,11:45,1,1,1,1.0,2.0,28137,D32,M,"48,5515960","1,7361330",28,2019,80.0,1.0,1.0,3.0,2142593,1.0,1,1,1,0.0,,0.0,0,1995.0,A01,138Â 306Â 181,1.0,-1.0,-1.0,1636112,1.0,1,,0.0,0.0,4.0,B01,138Â 306Â 180,5.0
958651,201900000182,2,18,11:45,1,1,1,1.0,2.0,28137,D32,M,"48,5515960","1,7361330",28,2019,80.0,1.0,1.0,3.0,2142593,1.0,1,1,1,0.0,,0.0,0,1995.0,A01,138Â 306Â 181,1.0,-1.0,-1.0,1636113,1.0,7,,0.0,2.0,1.0,A01,138Â 306Â 181,1.0
958652,201900000183,2,16,18:19,1,2,3,1.0,3.0,17236,avenue des comtes duchatel,M,"45,3735940"," -0,5665920",17,2019,50.0,1.0,1.0,3.0,2142594,1.0,1,3,1,0.0,,0.0,0,1966.0,B01,138Â 306Â 178,2.0,6.0,-1.0,1636114,1.0,33,,0.0,2.0,3.0,B01,138Â 306Â 178,1.0
958652,201900000183,2,16,18:19,1,2,3,1.0,3.0,17236,avenue des comtes duchatel,M,"45,3735940"," -0,5665920",17,2019,50.0,1.0,1.0,3.0,2142594,1.0,1,3,1,0.0,,0.0,0,1966.0,B01,138Â 306Â 178,2.0,6.0,-1.0,1636115,1.0,7,,0.0,2.0,6.0,A01,138Â 306Â 179,1.0
958652,201900000183,2,16,18:19,1,2,3,1.0,3.0,17236,avenue des comtes duchatel,M,"45,3735940"," -0,5665920",17,2019,50.0,1.0,1.0,3.0,2142595,1.0,1,1,2,9.0,,0.0,0,1965.0,A01,138Â 306Â 179,1.0,-1.0,-1.0,1636114,1.0,33,,0.0,2.0,3.0,B01,138Â 306Â 178,1.0
958652,201900000183,2,16,18:19,1,2,3,1.0,3.0,17236,avenue des comtes duchatel,M,"45,3735940"," -0,5665920",17,2019,50.0,1.0,1.0,3.0,2142595,1.0,1,1,2,9.0,,0.0,0,1965.0,A01,138Â 306Â 179,1.0,-1.0,-1.0,1636115,1.0,7,,0.0,2.0,6.0,A01,138Â 306Â 179,1.0
958653,201900000184,2,15,20:50,5,2,2,1.0,3.0,17106,intersection RD 731 + RD 128,M,"45,5676690"," -0,3099060",17,2019,70.0,1.0,1.0,3.0,2142596,1.0,1,1,1,0.0,,0.0,0,1965.0,A01,138Â 306Â 176,1.0,-1.0,-1.0,1636116,1.0,7,,0.0,2.0,2.0,A01,138Â 306Â 176,1.0
958653,201900000184,2,15,20:50,5,2,2,1.0,3.0,17106,intersection RD 731 + RD 128,M,"45,5676690"," -0,3099060",17,2019,70.0,1.0,1.0,3.0,2142596,1.0,1,1,1,0.0,,0.0,0,1965.0,A01,138Â 306Â 176,1.0,-1.0,-1.0,1636117,1.0,2,,0.0,2.0,3.0,B01,138Â 306Â 177,1.0
958653,201900000184,2,15,20:50,5,2,2,1.0,3.0,17106,intersection RD 731 + RD 128,M,"45,5676690"," -0,3099060",17,2019,70.0,1.0,1.0,3.0,2142597,1.0,1,3,1,5.0,,0.0,0,2004.0,B01,138Â 306Â 177,2.0,-1.0,-1.0,1636116,1.0,7,,0.0,2.0,2.0,A01,138Â 306Â 176,1.0
958653,201900000184,2,15,20:50,5,2,2,1.0,3.0,17106,intersection RD 731 + RD 128,M,"45,5676690"," -0,3099060",17,2019,70.0,1.0,1.0,3.0,2142597,1.0,1,3,1,5.0,,0.0,0,2004.0,B01,138Â 306Â 177,2.0,-1.0,-1.0,1636117,1.0,2,,0.0,2.0,3.0,B01,138Â 306Â 177,1.0
958654,201900000185,2,16,06:45,2,1,1,1.0,7.0,17349,D115,M,"46,2637120"," -0,8812270",17,2019,80.0,3.0,1.0,3.0,2142598,4.0,2,1,1,5.0,,0.0,0,1986.0,A01,138Â 306Â 175,8.0,-1.0,-1.0,1636118,2.0,7,,0.0,0.0,9.0,A01,138Â 306Â 175,1.0
958654,201900000185,2,16,06:45,2,1,1,1.0,7.0,17349,D115,M,"46,2637120"," -0,8812270",17,2019,80.0,3.0,1.0,3.0,2142599,5.0,2,1,1,5.0,,0.0,0,1997.0,A01,138Â 306Â 175,8.0,-1.0,-1.0,1636118,2.0,7,,0.0,0.0,9.0,A01,138Â 306Â 175,1.0
958654,201900000185,2,16,06:45,2,1,1,1.0,7.0,17349,D115,M,"46,2637120"," -0,8812270",17,2019,80.0,3.0,1.0,3.0,2142600,2.0,2,3,1,5.0,,0.0,0,1986.0,A01,138Â 306Â 175,8.0,-1.0,-1.0,1636118,2.0,7,,0.0,0.0,9.0,A01,138Â 306Â 175,1.0
958654,201900000185,2,16,06:45,2,1,1,1.0,7.0,17349,D115,M,"46,2637120"," -0,8812270",17,2019,80.0,3.0,1.0,3.0,2142601,1.0,1,3,2,5.0,,0.0,0,1992.0,A01,138Â 306Â 175,8.0,-1.0,-1.0,1636118,2.0,7,,0.0,0.0,9.0,A01,138Â 306Â 175,1.0
958654,201900000185,2,16,06:45,2,1,1,1.0,7.0,17349,D115,M,"46,2637120"," -0,8812270",17,2019,80.0,3.0,1.0,3.0,2142602,3.0,2,4,2,5.0,,0.0,0,1993.0,A01,138Â 306Â 175,8.0,-1.0,-1.0,1636118,2.0,7,,0.0,0.0,9.0,A01,138Â 306Â 175,1.0
958655,201900000186,2,15,17:50,1,2,1,1.0,3.0,52058,rue James BEAUS,M,"48,1998780","5,1421880",52,2019,50.0,1.0,1.0,4.0,2142603,1.0,1,1,2,1.0,,0.0,0,1993.0,B01,138Â 306Â 173,1.0,-1.0,-1.0,1636119,2.0,7,,0.0,2.0,3.0,B01,138Â 306Â 173,1.0
958655,201900000186,2,15,17:50,1,2,1,1.0,3.0,52058,rue James BEAUS,M,"48,1998780","5,1421880",52,2019,50.0,1.0,1.0,4.0,2142603,1.0,1,1,2,1.0,,0.0,0,1993.0,B01,138Â 306Â 173,1.0,-1.0,-1.0,1636120,3.0,2,,0.0,0.0,8.0,A01,138Â 306Â 174,1.0
958655,201900000186,2,15,17:50,1,2,1,1.0,3.0,52058,rue James BEAUS,M,"48,1998780","5,1421880",52,2019,50.0,1.0,1.0,4.0,2142604,1.0,1,4,1,5.0,,0.0,0,2002.0,A01,138Â 306Â 174,2.0,6.0,-1.0,1636119,2.0,7,,0.0,2.0,3.0,B01,138Â 306Â 173,1.0
958655,201900000186,2,15,17:50,1,2,1,1.0,3.0,52058,rue James BEAUS,M,"48,1998780","5,1421880",52,2019,50.0,1.0,1.0,4.0,2142604,1.0,1,4,1,5.0,,0.0,0,2002.0,A01,138Â 306Â 174,2.0,6.0,-1.0,1636120,3.0,2,,0.0,0.0,8.0,A01,138Â 306Â 174,1.0
958656,201900000187,2,15,14:15,1,1,1,7.0,1.0,68321,RD19,M,"47,8264172","7,2504650",68,2019,70.0,1.0,1.0,3.0,2142605,1.0,1,3,1,5.0,,0.0,0,2004.0,B01,138Â 306Â 171,2.0,-1.0,-1.0,1636121,2.0,2,,0.0,2.0,3.0,B01,138Â 306Â 171,1.0
958656,201900000187,2,15,14:15,1,1,1,7.0,1.0,68321,RD19,M,"47,8264172","7,2504650",68,2019,70.0,1.0,1.0,3.0,2142605,1.0,1,3,1,5.0,,0.0,0,2004.0,B01,138Â 306Â 171,2.0,-1.0,-1.0,1636122,1.0,7,,3.0,0.0,3.0,A01,138Â 306Â 172,1.0
958656,201900000187,2,15,14:15,1,1,1,7.0,1.0,68321,RD19,M,"47,8264172","7,2504650",68,2019,70.0,1.0,1.0,3.0,2142606,1.0,1,1,1,5.0,,0.0,0,1953.0,A01,138Â 306Â 172,1.0,-1.0,-1.0,1636121,2.0,2,,0.0,2.0,3.0,B01,138Â 306Â 171,1.0
958656,201900000187,2,15,14:15,1,1,1,7.0,1.0,68321,RD19,M,"47,8264172","7,2504650",68,2019,70.0,1.0,1.0,3.0,2142606,1.0,1,1,1,5.0,,0.0,0,1953.0,A01,138Â 306Â 172,1.0,-1.0,-1.0,1636122,1.0,7,,3.0,0.0,3.0,A01,138Â 306Â 172,1.0
958657,201900000188,2,14,15:15,1,1,1,1.0,3.0,68375,RD2 intersection rue d'ensisheim,M,"47,8164620","7,2676050",68,2019,80.0,1.0,1.0,3.0,2142607,1.0,1,4,1,5.0,,0.0,0,1957.0,B01,138Â 306Â 169,0.0,-1.0,-1.0,1636123,2.0,1,,0.0,2.0,3.0,B01,138Â 306Â 169,5.0
958657,201900000188,2,14,15:15,1,1,1,1.0,3.0,68375,RD2 intersection rue d'ensisheim,M,"47,8164620","7,2676050",68,2019,80.0,1.0,1.0,3.0,2142607,1.0,1,4,1,5.0,,0.0,0,1957.0,B01,138Â 306Â 169,0.0,-1.0,-1.0,1636124,1.0,7,,0.0,9.0,1.0,A01,138Â 306Â 170,1.0
958657,201900000188,2,14,15:15,1,1,1,1.0,3.0,68375,RD2 intersection rue d'ensisheim,M,"47,8164620","7,2676050",68,2019,80.0,1.0,1.0,3.0,2142608,1.0,1,1,2,5.0,,0.0,0,1934.0,A01,138Â 306Â 170,1.0,-1.0,-1.0,1636123,2.0,1,,0.0,2.0,3.0,B01,138Â 306Â 169,5.0
958657,201900000188,2,14,15:15,1,1,1,1.0,3.0,68375,RD2 intersection rue d'ensisheim,M,"47,8164620","7,2676050",68,2019,80.0,1.0,1.0,3.0,2142608,1.0,1,1,2,5.0,,0.0,0,1934.0,A01,138Â 306Â 170,1.0,-1.0,-1.0,1636124,1.0,7,,0.0,9.0,1.0,A01,138Â 306Â 170,1.0
958658,201900000189,2,15,17:55,2,2,2,1.0,3.0,78356,CHEMIN DE LA CHAPELLE,M,"48,7173500","2,0783630",78,2019,50.0,1.0,1.0,4.0,2142609,1.0,1,1,1,3.0,,0.0,0,1970.0,A01,138Â 306Â 167,1.0,-1.0,-1.0,1636125,0.0,7,,0.0,2.0,3.0,A01,138Â 306Â 167,1.0
958658,201900000189,2,15,17:55,2,2,2,1.0,3.0,78356,CHEMIN DE LA CHAPELLE,M,"48,7173500","2,0783630",78,2019,50.0,1.0,1.0,4.0,2142609,1.0,1,1,1,3.0,,0.0,0,1970.0,A01,138Â 306Â 167,1.0,-1.0,-1.0,1636126,0.0,2,,0.0,2.0,1.0,B01,138Â 306Â 168,1.0
958658,201900000189,2,15,17:55,2,2,2,1.0,3.0,78356,CHEMIN DE LA CHAPELLE,M,"48,7173500","2,0783630",78,2019,50.0,1.0,1.0,4.0,2142610,1.0,1,4,1,5.0,,0.0,0,2001.0,B01,138Â 306Â 168,2.0,-1.0,-1.0,1636125,0.0,7,,0.0,2.0,3.0,A01,138Â 306Â 167,1.0
958658,201900000189,2,15,17:55,2,2,2,1.0,3.0,78356,CHEMIN DE LA CHAPELLE,M,"48,7173500","2,0783630",78,2019,50.0,1.0,1.0,4.0,2142610,1.0,1,4,1,5.0,,0.0,0,2001.0,B01,138Â 306Â 168,2.0,-1.0,-1.0,1636126,0.0,2,,0.0,2.0,1.0,B01,138Â 306Â 168,1.0
958659,201900000190,2,15,16:05,1,1,1,1.0,1.0,97307,Route Nationale 1 PK 8+500,M,"4,8992890"," -52,3617710",973,2019,70.0,1.0,1.0,2.0,2142611,1.0,1,3,1,0.0,,0.0,0,1983.0,B01,138Â 306Â 165,1.0,-1.0,-1.0,1636127,2.0,7,,0.0,2.0,1.0,B01,138Â 306Â 165,1.0
958659,201900000190,2,15,16:05,1,1,1,1.0,1.0,97307,Route Nationale 1 PK 8+500,M,"4,8992890"," -52,3617710",973,2019,70.0,1.0,1.0,2.0,2142611,1.0,1,3,1,0.0,,0.0,0,1983.0,B01,138Â 306Â 165,1.0,-1.0,-1.0,1636128,1.0,7,,0.0,2.0,3.0,A01,138Â 306Â 166,1.0
958659,201900000190,2,15,16:05,1,1,1,1.0,1.0,97307,Route Nationale 1 PK 8+500,M,"4,8992890"," -52,3617710",973,2019,70.0,1.0,1.0,2.0,2142612,1.0,1,3,2,0.0,,0.0,0,1963.0,A01,138Â 306Â 166,1.0,-1.0,-1.0,1636127,2.0,7,,0.0,2.0,1.0,B01,138Â 306Â 165,1.0
958659,201900000190,2,15,16:05,1,1,1,1.0,1.0,97307,Route Nationale 1 PK 8+500,M,"4,8992890"," -52,3617710",973,2019,70.0,1.0,1.0,2.0,2142612,1.0,1,3,2,0.0,,0.0,0,1963.0,A01,138Â 306Â 166,1.0,-1.0,-1.0,1636128,1.0,7,,0.0,2.0,3.0,A01,138Â 306Â 166,1.0
958660,201900000191,2,15,18:00,2,1,1,7.0,6.0,80160,a29 - pk 198+000,M,"49,8514810","2,3406420",80,2019,110.0,2.0,1.0,1.0,2142613,1.0,1,4,2,0.0,,0.0,0,1955.0,B01,138Â 306Â 163,1.0,-1.0,-1.0,1636129,2.0,7,,0.0,2.0,1.0,B01,138Â 306Â 163,2.0