Unnamed: 0_x,num_acc,mois,jour,hrmn,lum,agg,int,atm,col,com,adr,gps,lat,long,dep,annee,vma,situ,surf,catr,Unnamed: 0_y,place,catu,grav,sexe,trajet,secu,locp,actp,an_nais,num_veh_x,id_vehicule_x,secu1,secu2,secu3,Unnamed: 0,senc,catv,occutc,obs,obsm,choc,num_veh_y,id_vehicule_y,motor
958660,201900000191,2,15,18:00,2,1,1,7.0,6.0,80160,a29 - pk 198+000,M,"49,8514810","2,3406420",80,2019,110.0,2.0,1.0,1.0,2142613,1.0,1,4,2,0.0,,0.0,0,1955.0,B01,138Â 306Â 163,1.0,-1.0,-1.0,1636130,2.0,7,,0.0,0.0,0.0,A01,138Â 306Â 164,0.0
958660,201900000191,2,15,18:00,2,1,1,7.0,6.0,80160,a29 - pk 198+000,M,"49,8514810","2,3406420",80,2019,110.0,2.0,1.0,1.0,2142614,2.0,2,1,1,0.0,,0.0,0,1943.0,B01,138Â 306Â 163,1.0,-1.0,-1.0,1636129,2.0,7,,0.0,2.0,1.0,B01,138Â 306Â 163,2.0
958660,201900000191,2,15,18:00,2,1,1,7.0,6.0,80160,a29 - pk 198+000,M,"49,8514810","2,3406420",80,2019,110.0,2.0,1.0,1.0,2142614,2.0,2,1,1,0.0,,0.0,0,1943.0,B01,138Â 306Â 163,1.0,-1.0,-1.0,1636130,2.0,7,,0.0,0.0,0.0,A01,138Â 306Â 164,0.0
958660,201900000191,2,15,18:00,2,1,1,7.0,6.0,80160,a29 - pk 198+000,M,"49,8514810","2,3406420",80,2019,110.0,2.0,1.0,1.0,2142615,2.0,2,1,1,0.0,,0.0,0,1943.0,B01,138Â 306Â 163,1.0,-1.0,-1.0,1636129,2.0,7,,0.0,2.0,1.0,B01,138Â 306Â 163,2.0
958660,201900000191,2,15,18:00,2,1,1,7.0,6.0,80160,a29 - pk 198+000,M,"49,8514810","2,3406420",80,2019,110.0,2.0,1.0,1.0,2142615,2.0,2,1,1,0.0,,0.0,0,1943.0,B01,138Â 306Â 163,1.0,-1.0,-1.0,1636130,2.0,7,,0.0,0.0,0.0,A01,138Â 306Â 164,0.0
958660,201900000191,2,15,18:00,2,1,1,7.0,6.0,80160,a29 - pk 198+000,M,"49,8514810","2,3406420",80,2019,110.0,2.0,1.0,1.0,2142616,1.0,1,1,2,0.0,,0.0,0,1991.0,A01,138Â 306Â 164,1.0,-1.0,-1.0,1636129,2.0,7,,0.0,2.0,1.0,B01,138Â 306Â 163,2.0
958660,201900000191,2,15,18:00,2,1,1,7.0,6.0,80160,a29 - pk 198+000,M,"49,8514810","2,3406420",80,2019,110.0,2.0,1.0,1.0,2142616,1.0,1,1,2,0.0,,0.0,0,1991.0,A01,138Â 306Â 164,1.0,-1.0,-1.0,1636130,2.0,7,,0.0,0.0,0.0,A01,138Â 306Â 164,0.0
958660,201900000191,2,15,18:00,2,1,1,7.0,6.0,80160,a29 - pk 198+000,M,"49,8514810","2,3406420",80,2019,110.0,2.0,1.0,1.0,2142617,9.0,2,1,1,9.0,,0.0,0,2016.0,A01,138Â 306Â 164,3.0,-1.0,-1.0,1636129,2.0,7,,0.0,2.0,1.0,B01,138Â 306Â 163,2.0
958660,201900000191,2,15,18:00,2,1,1,7.0,6.0,80160,a29 - pk 198+000,M,"49,8514810","2,3406420",80,2019,110.0,2.0,1.0,1.0,2142617,9.0,2,1,1,9.0,,0.0,0,2016.0,A01,138Â 306Â 164,3.0,-1.0,-1.0,1636130,2.0,7,,0.0,0.0,0.0,A01,138Â 306Â 164,0.0
958661,201900000192,2,17,19:10,2,1,1,1.0,3.0,76660,N 1029,M,"49,4425301","0,2726543",76,2019,70.0,5.0,1.0,2.0,2142618,1.0,1,4,1,5.0,,0.0,0,1994.0,B01,138Â 306Â 161,0.0,-1.0,-1.0,1636131,1.0,1,,0.0,0.0,0.0,B01,138Â 306Â 161,5.0
958661,201900000192,2,17,19:10,2,1,1,1.0,3.0,76660,N 1029,M,"49,4425301","0,2726543",76,2019,70.0,5.0,1.0,2.0,2142618,1.0,1,4,1,5.0,,0.0,0,1994.0,B01,138Â 306Â 161,0.0,-1.0,-1.0,1636132,1.0,33,,0.0,0.0,0.0,A01,138Â 306Â 162,1.0
958661,201900000192,2,17,19:10,2,1,1,1.0,3.0,76660,N 1029,M,"49,4425301","0,2726543",76,2019,70.0,5.0,1.0,2.0,2142619,1.0,1,1,1,5.0,,0.0,0,1959.0,A01,138Â 306Â 162,2.0,6.0,-1.0,1636131,1.0,1,,0.0,0.0,0.0,B01,138Â 306Â 161,5.0
958661,201900000192,2,17,19:10,2,1,1,1.0,3.0,76660,N 1029,M,"49,4425301","0,2726543",76,2019,70.0,5.0,1.0,2.0,2142619,1.0,1,1,1,5.0,,0.0,0,1959.0,A01,138Â 306Â 162,2.0,6.0,-1.0,1636132,1.0,33,,0.0,0.0,0.0,A01,138Â 306Â 162,1.0
958661,201900000192,2,17,19:10,2,1,1,1.0,3.0,76660,N 1029,M,"49,4425301","0,2726543",76,2019,70.0,5.0,1.0,2.0,2142620,2.0,2,3,2,5.0,,0.0,0,1962.0,A01,138Â 306Â 162,2.0,6.0,-1.0,1636131,1.0,1,,0.0,0.0,0.0,B01,138Â 306Â 161,5.0
958661,201900000192,2,17,19:10,2,1,1,1.0,3.0,76660,N 1029,M,"49,4425301","0,2726543",76,2019,70.0,5.0,1.0,2.0,2142620,2.0,2,3,2,5.0,,0.0,0,1962.0,A01,138Â 306Â 162,2.0,6.0,-1.0,1636132,1.0,33,,0.0,0.0,0.0,A01,138Â 306Â 162,1.0
958662,201900000193,2,18,17:35,1,1,1,1.0,2.0,60030,autoroute A16,M,"49,3304480","2,0980350",60,2019,130.0,1.0,1.0,1.0,2142621,1.0,1,2,1,5.0,,0.0,0,1931.0,B01,138Â 306Â 159,0.0,-1.0,-1.0,1636133,2.0,7,,0.0,0.0,4.0,B01,138Â 306Â 159,6.0
958662,201900000193,2,18,17:35,1,1,1,1.0,2.0,60030,autoroute A16,M,"49,3304480","2,0980350",60,2019,130.0,1.0,1.0,1.0,2142621,1.0,1,2,1,5.0,,0.0,0,1931.0,B01,138Â 306Â 159,0.0,-1.0,-1.0,1636134,2.0,7,,1.0,0.0,1.0,A01,138Â 306Â 160,6.0
958662,201900000193,2,18,17:35,1,1,1,1.0,2.0,60030,autoroute A16,M,"49,3304480","2,0980350",60,2019,130.0,1.0,1.0,1.0,2142622,1.0,1,1,1,4.0,,0.0,0,1976.0,A01,138Â 306Â 160,1.0,-1.0,-1.0,1636133,2.0,7,,0.0,0.0,4.0,B01,138Â 306Â 159,6.0
958662,201900000193,2,18,17:35,1,1,1,1.0,2.0,60030,autoroute A16,M,"49,3304480","2,0980350",60,2019,130.0,1.0,1.0,1.0,2142622,1.0,1,1,1,4.0,,0.0,0,1976.0,A01,138Â 306Â 160,1.0,-1.0,-1.0,1636134,2.0,7,,1.0,0.0,1.0,A01,138Â 306Â 160,6.0
958663,201900000194,2,15,11:50,1,1,1,1.0,6.0,67194,Autoroute A35 PK 231.900,M,"48,7418570","7,9073540",67,2019,130.0,1.0,1.0,1.0,2142623,1.0,1,3,1,4.0,,0.0,0,1977.0,A01,138Â 306Â 158,1.0,-1.0,-1.0,1636135,2.0,13,,3.0,0.0,3.0,A01,138Â 306Â 158,1.0
958664,201900000195,2,15,11:45,1,1,1,1.0,2.0,67106,A35 PK231.600,M,"48,7704440","7,9365640",67,2019,90.0,1.0,1.0,1.0,2142624,1.0,1,3,1,4.0,,0.0,0,1995.0,B01,138Â 306Â 156,1.0,-1.0,-1.0,1636136,1.0,15,,0.0,2.0,1.0,B01,138Â 306Â 156,1.0
958664,201900000195,2,15,11:45,1,1,1,1.0,2.0,67106,A35 PK231.600,M,"48,7704440","7,9365640",67,2019,90.0,1.0,1.0,1.0,2142624,1.0,1,3,1,4.0,,0.0,0,1995.0,B01,138Â 306Â 156,1.0,-1.0,-1.0,1636137,1.0,15,,0.0,0.0,4.0,A01,138Â 306Â 157,1.0
958664,201900000195,2,15,11:45,1,1,1,1.0,2.0,67106,A35 PK231.600,M,"48,7704440","7,9365640",67,2019,90.0,1.0,1.0,1.0,2142625,1.0,1,1,1,4.0,,0.0,0,1985.0,A01,138Â 306Â 157,1.0,-1.0,-1.0,1636136,1.0,15,,0.0,2.0,1.0,B01,138Â 306Â 156,1.0
958664,201900000195,2,15,11:45,1,1,1,1.0,2.0,67106,A35 PK231.600,M,"48,7704440","7,9365640",67,2019,90.0,1.0,1.0,1.0,2142625,1.0,1,1,1,4.0,,0.0,0,1985.0,A01,138Â 306Â 157,1.0,-1.0,-1.0,1636137,1.0,15,,0.0,0.0,4.0,A01,138Â 306Â 157,1.0
958665,201900000196,2,12,21:00,5,2,5,1.0,3.0,67471,route de Brumath,M,"48,6352050","7,7277000",67,2019,50.0,1.0,1.0,3.0,2142626,1.0,1,1,1,5.0,,0.0,0,1996.0,A01,138Â 306Â 154,1.0,-1.0,-1.0,1636138,2.0,7,,0.0,2.0,2.0,A01,138Â 306Â 154,1.0
958665,201900000196,2,12,21:00,5,2,5,1.0,3.0,67471,route de Brumath,M,"48,6352050","7,7277000",67,2019,50.0,1.0,1.0,3.0,2142626,1.0,1,1,1,5.0,,0.0,0,1996.0,A01,138Â 306Â 154,1.0,-1.0,-1.0,1636139,1.0,2,,0.0,2.0,1.0,B01,138Â 306Â 155,1.0
958665,201900000196,2,12,21:00,5,2,5,1.0,3.0,67471,route de Brumath,M,"48,6352050","7,7277000",67,2019,50.0,1.0,1.0,3.0,2142627,1.0,1,3,1,1.0,,0.0,0,1990.0,B01,138Â 306Â 155,0.0,-1.0,-1.0,1636138,2.0,7,,0.0,2.0,2.0,A01,138Â 306Â 154,1.0
958665,201900000196,2,12,21:00,5,2,5,1.0,3.0,67471,route de Brumath,M,"48,6352050","7,7277000",67,2019,50.0,1.0,1.0,3.0,2142627,1.0,1,3,1,1.0,,0.0,0,1990.0,B01,138Â 306Â 155,0.0,-1.0,-1.0,1636139,1.0,2,,0.0,2.0,1.0,B01,138Â 306Â 155,1.0
958666,201900000197,2,15,16:35,1,2,1,1.0,6.0,42279,rue jacques prÃ©vert,M,"45,4970700","4,2381500",42,2019,50.0,1.0,1.0,4.0,2142628,10.0,3,4,2,2.0,,5.0,5,2010.0,A01,138Â 306Â 153,0.0,-1.0,-1.0,1636140,3.0,7,,0.0,1.0,6.0,A01,138Â 306Â 153,0.0
958666,201900000197,2,15,16:35,1,2,1,1.0,6.0,42279,rue jacques prÃ©vert,M,"45,4970700","4,2381500",42,2019,50.0,1.0,1.0,4.0,2142629,1.0,1,1,2,4.0,,0.0,0,1990.0,A01,138Â 306Â 153,1.0,-1.0,-1.0,1636140,3.0,7,,0.0,1.0,6.0,A01,138Â 306Â 153,0.0
958667,201900000198,2,16,23:25,3,1,1,1.0,7.0,82018,chemin saulou,M,"44,1099560","1,5160330",82,2019,80.0,3.0,1.0,4.0,2142630,1.0,1,4,1,5.0,,0.0,0,1997.0,A01,138Â 306Â 152,1.0,-1.0,-1.0,1636141,3.0,7,,13.0,0.0,9.0,A01,138Â 306Â 152,1.0
958668,201900000199,2,17,12:25,1,1,1,1.0,4.0,33527,A660 - PK016.850,M,"44,6127700"," -1,0365700",33,2019,-1.0,1.0,1.0,1.0,2142631,2.0,2,4,2,5.0,,0.0,0,1994.0,A01,138Â 306Â 148,1.0,-1.0,-1.0,1636142,1.0,7,,0.0,2.0,2.0,A01,138Â 306Â 148,1.0
958668,201900000199,2,17,12:25,1,1,1,1.0,4.0,33527,A660 - PK016.850,M,"44,6127700"," -1,0365700",33,2019,-1.0,1.0,1.0,1.0,2142631,2.0,2,4,2,5.0,,0.0,0,1994.0,A01,138Â 306Â 148,1.0,-1.0,-1.0,1636143,1.0,7,,0.0,2.0,6.0,B01,138Â 306Â 149,1.0
958668,201900000199,2,17,12:25,1,1,1,1.0,4.0,33527,A660 - PK016.850,M,"44,6127700"," -1,0365700",33,2019,-1.0,1.0,1.0,1.0,2142631,2.0,2,4,2,5.0,,0.0,0,1994.0,A01,138Â 306Â 148,1.0,-1.0,-1.0,1636144,1.0,7,,0.0,2.0,8.0,C01,138Â 306Â 150,1.0
958668,201900000199,2,17,12:25,1,1,1,1.0,4.0,33527,A660 - PK016.850,M,"44,6127700"," -1,0365700",33,2019,-1.0,1.0,1.0,1.0,2142631,2.0,2,4,2,5.0,,0.0,0,1994.0,A01,138Â 306Â 148,1.0,-1.0,-1.0,1636145,1.0,7,,0.0,2.0,5.0,D01,138Â 306Â 151,1.0
958668,201900000199,2,17,12:25,1,1,1,1.0,4.0,33527,A660 - PK016.850,M,"44,6127700"," -1,0365700",33,2019,-1.0,1.0,1.0,1.0,2142632,1.0,1,1,1,5.0,,0.0,0,1995.0,A01,138Â 306Â 148,1.0,-1.0,-1.0,1636142,1.0,7,,0.0,2.0,2.0,A01,138Â 306Â 148,1.0
958668,201900000199,2,17,12:25,1,1,1,1.0,4.0,33527,A660 - PK016.850,M,"44,6127700"," -1,0365700",33,2019,-1.0,1.0,1.0,1.0,2142632,1.0,1,1,1,5.0,,0.0,0,1995.0,A01,138Â 306Â 148,1.0,-1.0,-1.0,1636143,1.0,7,,0.0,2.0,6.0,B01,138Â 306Â 149,1.0
958668,201900000199,2,17,12:25,1,1,1,1.0,4.0,33527,A660 - PK016.850,M,"44,6127700"," -1,0365700",33,2019,-1.0,1.0,1.0,1.0,2142632,1.0,1,1,1,5.0,,0.0,0,1995.0,A01,138Â 306Â 148,1.0,-1.0,-1.0,1636144,1.0,7,,0.0,2.0,8.0,C01,138Â 306Â 150,1.0
958668,201900000199,2,17,12:25,1,1,1,1.0,4.0,33527,A660 - PK016.850,M,"44,6127700"," -1,0365700",33,2019,-1.0,1.0,1.0,1.0,2142632,1.0,1,1,1,5.0,,0.0,0,1995.0,A01,138Â 306Â 148,1.0,-1.0,-1.0,1636145,1.0,7,,0.0,2.0,5.0,D01,138Â 306Â 151,1.0
958668,201900000199,2,17,12:25,1,1,1,1.0,4.0,33527,A660 - PK016.850,M,"44,6127700"," -1,0365700",33,2019,-1.0,1.0,1.0,1.0,2142633,2.0,2,1,1,5.0,,0.0,0,1992.0,B01,138Â 306Â 149,1.0,-1.0,-1.0,1636142,1.0,7,,0.0,2.0,2.0,A01,138Â 306Â 148,1.0
958668,201900000199,2,17,12:25,1,1,1,1.0,4.0,33527,A660 - PK016.850,M,"44,6127700"," -1,0365700",33,2019,-1.0,1.0,1.0,1.0,2142633,2.0,2,1,1,5.0,,0.0,0,1992.0,B01,138Â 306Â 149,1.0,-1.0,-1.0,1636143,1.0,7,,0.0,2.0,6.0,B01,138Â 306Â 149,1.0
958668,201900000199,2,17,12:25,1,1,1,1.0,4.0,33527,A660 - PK016.850,M,"44,6127700"," -1,0365700",33,2019,-1.0,1.0,1.0,1.0,2142633,2.0,2,1,1,5.0,,0.0,0,1992.0,B01,138Â 306Â 149,1.0,-1.0,-1.0,1636144,1.0,7,,0.0,2.0,8.0,C01,138Â 306Â 150,1.0
958668,201900000199,2,17,12:25,1,1,1,1.0,4.0,33527,A660 - PK016.850,M,"44,6127700"," -1,0365700",33,2019,-1.0,1.0,1.0,1.0,2142633,2.0,2,1,1,5.0,,0.0,0,1992.0,B01,138Â 306Â 149,1.0,-1.0,-1.0,1636145,1.0,7,,0.0,2.0,5.0,D01,138Â 306Â 151,1.0
958668,201900000199,2,17,12:25,1,1,1,1.0,4.0,33527,A660 - PK016.850,M,"44,6127700"," -1,0365700",33,2019,-1.0,1.0,1.0,1.0,2142634,1.0,1,4,2,5.0,,0.0,0,1986.0,B01,138Â 306Â 149,1.0,-1.0,-1.0,1636142,1.0,7,,0.0,2.0,2.0,A01,138Â 306Â 148,1.0
958668,201900000199,2,17,12:25,1,1,1,1.0,4.0,33527,A660 - PK016.850,M,"44,6127700"," -1,0365700",33,2019,-1.0,1.0,1.0,1.0,2142634,1.0,1,4,2,5.0,,0.0,0,1986.0,B01,138Â 306Â 149,1.0,-1.0,-1.0,1636143,1.0,7,,0.0,2.0,6.0,B01,138Â 306Â 149,1.0
958668,201900000199,2,17,12:25,1,1,1,1.0,4.0,33527,A660 - PK016.850,M,"44,6127700"," -1,0365700",33,2019,-1.0,1.0,1.0,1.0,2142634,1.0,1,4,2,5.0,,0.0,0,1986.0,B01,138Â 306Â 149,1.0,-1.0,-1.0,1636144,1.0,7,,0.0,2.0,8.0,C01,138Â 306Â 150,1.0
958668,201900000199,2,17,12:25,1,1,1,1.0,4.0,33527,A660 - PK016.850,M,"44,6127700"," -1,0365700",33,2019,-1.0,1.0,1.0,1.0,2142634,1.0,1,4,2,5.0,,0.0,0,1986.0,B01,138Â 306Â 149,1.0,-1.0,-1.0,1636145,1.0,7,,0.0,2.0,5.0,D01,138Â 306Â 151,1.0
958668,201900000199,2,17,12:25,1,1,1,1.0,4.0,33527,A660 - PK016.850,M,"44,6127700"," -1,0365700",33,2019,-1.0,1.0,1.0,1.0,2142635,9.0,2,1,1,5.0,,0.0,0,2017.0,B01,138Â 306Â 149,3.0,-1.0,-1.0,1636142,1.0,7,,0.0,2.0,2.0,A01,138Â 306Â 148,1.0
958668,201900000199,2,17,12:25,1,1,1,1.0,4.0,33527,A660 - PK016.850,M,"44,6127700"," -1,0365700",33,2019,-1.0,1.0,1.0,1.0,2142635,9.0,2,1,1,5.0,,0.0,0,2017.0,B01,138Â 306Â 149,3.0,-1.0,-1.0,1636143,1.0,7,,0.0,2.0,6.0,B01,138Â 306Â 149,1.0
958668,201900000199,2,17,12:25,1,1,1,1.0,4.0,33527,A660 - PK016.850,M,"44,6127700"," -1,0365700",33,2019,-1.0,1.0,1.0,1.0,2142635,9.0,2,1,1,5.0,,0.0,0,2017.0,B01,138Â 306Â 149,3.0,-1.0,-1.0,1636144,1.0,7,,0.0,2.0,8.0,C01,138Â 306Â 150,1.0
958668,201900000199,2,17,12:25,1,1,1,1.0,4.0,33527,A660 - PK016.850,M,"44,6127700"," -1,0365700",33,2019,-1.0,1.0,1.0,1.0,2142635,9.0,2,1,1,5.0,,0.0,0,2017.0,B01,138Â 306Â 149,3.0,-1.0,-1.0,1636145,1.0,7,,0.0,2.0,5.0,D01,138Â 306Â 151,1.0
958668,201900000199,2,17,12:25,1,1,1,1.0,4.0,33527,A660 - PK016.850,M,"44,6127700"," -1,0365700",33,2019,-1.0,1.0,1.0,1.0,2142636,1.0,1,1,1,5.0,,0.0,0,1949.0,C01,138Â 306Â 150,1.0,-1.0,-1.0,1636142,1.0,7,,0.0,2.0,2.0,A01,138Â 306Â 148,1.0
958668,201900000199,2,17,12:25,1,1,1,1.0,4.0,33527,A660 - PK016.850,M,"44,6127700"," -1,0365700",33,2019,-1.0,1.0,1.0,1.0,2142636,1.0,1,1,1,5.0,,0.0,0,1949.0,C01,138Â 306Â 150,1.0,-1.0,-1.0,1636143,1.0,7,,0.0,2.0,6.0,B01,138Â 306Â 149,1.0
958668,201900000199,2,17,12:25,1,1,1,1.0,4.0,33527,A660 - PK016.850,M,"44,6127700"," -1,0365700",33,2019,-1.0,1.0,1.0,1.0,2142636,1.0,1,1,1,5.0,,0.0,0,1949.0,C01,138Â 306Â 150,1.0,-1.0,-1.0,1636144,1.0,7,,0.0,2.0,8.0,C01,138Â 306Â 150,1.0
958668,201900000199,2,17,12:25,1,1,1,1.0,4.0,33527,A660 - PK016.850,M,"44,6127700"," -1,0365700",33,2019,-1.0,1.0,1.0,1.0,2142636,1.0,1,1,1,5.0,,0.0,0,1949.0,C01,138Â 306Â 150,1.0,-1.0,-1.0,1636145,1.0,7,,0.0,2.0,5.0,D01,138Â 306Â 151,1.0
958668,201900000199,2,17,12:25,1,1,1,1.0,4.0,33527,A660 - PK016.850,M,"44,6127700"," -1,0365700",33,2019,-1.0,1.0,1.0,1.0,2142637,2.0,2,1,2,5.0,,0.0,0,1977.0,C01,138Â 306Â 150,1.0,-1.0,-1.0,1636142,1.0,7,,0.0,2.0,2.0,A01,138Â 306Â 148,1.0
958668,201900000199,2,17,12:25,1,1,1,1.0,4.0,33527,A660 - PK016.850,M,"44,6127700"," -1,0365700",33,2019,-1.0,1.0,1.0,1.0,2142637,2.0,2,1,2,5.0,,0.0,0,1977.0,C01,138Â 306Â 150,1.0,-1.0,-1.0,1636143,1.0,7,,0.0,2.0,6.0,B01,138Â 306Â 149,1.0
958668,201900000199,2,17,12:25,1,1,1,1.0,4.0,33527,A660 - PK016.850,M,"44,6127700"," -1,0365700",33,2019,-1.0,1.0,1.0,1.0,2142637,2.0,2,1,2,5.0,,0.0,0,1977.0,C01,138Â 306Â 150,1.0,-1.0,-1.0,1636144,1.0,7,,0.0,2.0,8.0,C01,138Â 306Â 150,1.0
958668,201900000199,2,17,12:25,1,1,1,1.0,4.0,33527,A660 - PK016.850,M,"44,6127700"," -1,0365700",33,2019,-1.0,1.0,1.0,1.0,2142637,2.0,2,1,2,5.0,,0.0,0,1977.0,C01,138Â 306Â 150,1.0,-1.0,-1.0,1636145,1.0,7,,0.0,2.0,5.0,D01,138Â 306Â 151,1.0
958668,201900000199,2,17,12:25,1,1,1,1.0,4.0,33527,A660 - PK016.850,M,"44,6127700"," -1,0365700",33,2019,-1.0,1.0,1.0,1.0,2142638,9.0,2,1,2,5.0,,0.0,0,2011.0,C01,138Â 306Â 150,1.0,-1.0,-1.0,1636142,1.0,7,,0.0,2.0,2.0,A01,138Â 306Â 148,1.0
958668,201900000199,2,17,12:25,1,1,1,1.0,4.0,33527,A660 - PK016.850,M,"44,6127700"," -1,0365700",33,2019,-1.0,1.0,1.0,1.0,2142638,9.0,2,1,2,5.0,,0.0,0,2011.0,C01,138Â 306Â 150,1.0,-1.0,-1.0,1636143,1.0,7,,0.0,2.0,6.0,B01,138Â 306Â 149,1.0
958668,201900000199,2,17,12:25,1,1,1,1.0,4.0,33527,A660 - PK016.850,M,"44,6127700"," -1,0365700",33,2019,-1.0,1.0,1.0,1.0,2142638,9.0,2,1,2,5.0,,0.0,0,2011.0,C01,138Â 306Â 150,1.0,-1.0,-1.0,1636144,1.0,7,,0.0,2.0,8.0,C01,138Â 306Â 150,1.0
958668,201900000199,2,17,12:25,1,1,1,1.0,4.0,33527,A660 - PK016.850,M,"44,6127700"," -1,0365700",33,2019,-1.0,1.0,1.0,1.0,2142638,9.0,2,1,2,5.0,,0.0,0,2011.0,C01,138Â 306Â 150,1.0,-1.0,-1.0,1636145,1.0,7,,0.0,2.0,5.0,D01,138Â 306Â 151,1.0
958668,201900000199,2,17,12:25,1,1,1,1.0,4.0,33527,A660 - PK016.850,M,"44,6127700"," -1,0365700",33,2019,-1.0,1.0,1.0,1.0,2142639,7.0,2,1,1,5.0,,0.0,0,2008.0,C01,138Â 306Â 150,1.0,-1.0,-1.0,1636142,1.0,7,,0.0,2.0,2.0,A01,138Â 306Â 148,1.0
958668,201900000199,2,17,12:25,1,1,1,1.0,4.0,33527,A660 - PK016.850,M,"44,6127700"," -1,0365700",33,2019,-1.0,1.0,1.0,1.0,2142639,7.0,2,1,1,5.0,,0.0,0,2008.0,C01,138Â 306Â 150,1.0,-1.0,-1.0,1636143,1.0,7,,0.0,2.0,6.0,B01,138Â 306Â 149,1.0
958668,201900000199,2,17,12:25,1,1,1,1.0,4.0,33527,A660 - PK016.850,M,"44,6127700"," -1,0365700",33,2019,-1.0,1.0,1.0,1.0,2142639,7.0,2,1,1,5.0,,0.0,0,2008.0,C01,138Â 306Â 150,1.0,-1.0,-1.0,1636144,1.0,7,,0.0,2.0,8.0,C01,138Â 306Â 150,1.0
958668,201900000199,2,17,12:25,1,1,1,1.0,4.0,33527,A660 - PK016.850,M,"44,6127700"," -1,0365700",33,2019,-1.0,1.0,1.0,1.0,2142639,7.0,2,1,1,5.0,,0.0,0,2008.0,C01,138Â 306Â 150,1.0,-1.0,-1.0,1636145,1.0,7,,0.0,2.0,5.0,D01,138Â 306Â 151,1.0
958668,201900000199,2,17,12:25,1,1,1,1.0,4.0,33527,A660 - PK016.850,M,"44,6127700"," -1,0365700",33,2019,-1.0,1.0,1.0,1.0,2142640,8.0,2,1,1,5.0,,0.0,0,2012.0,C01,138Â 306Â 150,1.0,-1.0,-1.0,1636142,1.0,7,,0.0,2.0,2.0,A01,138Â 306Â 148,1.0
958668,201900000199,2,17,12:25,1,1,1,1.0,4.0,33527,A660 - PK016.850,M,"44,6127700"," -1,0365700",33,2019,-1.0,1.0,1.0,1.0,2142640,8.0,2,1,1,5.0,,0.0,0,2012.0,C01,138Â 306Â 150,1.0,-1.0,-1.0,1636143,1.0,7,,0.0,2.0,6.0,B01,138Â 306Â 149,1.0
958668,201900000199,2,17,12:25,1,1,1,1.0,4.0,33527,A660 - PK016.850,M,"44,6127700"," -1,0365700",33,2019,-1.0,1.0,1.0,1.0,2142640,8.0,2,1,1,5.0,,0.0,0,2012.0,C01,138Â 306Â 150,1.0,-1.0,-1.0,1636144,1.0,7,,0.0,2.0,8.0,C01,138Â 306Â 150,1.0
958668,201900000199,2,17,12:25,1,1,1,1.0,4.0,33527,A660 - PK016.850,M,"44,6127700"," -1,0365700",33,2019,-1.0,1.0,1.0,1.0,2142640,8.0,2,1,1,5.0,,0.0,0,2012.0,C01,138Â 306Â 150,1.0,-1.0,-1.0,1636145,1.0,7,,0.0,2.0,5.0,D01,138Â 306Â 151,1.0
958668,201900000199,2,17,12:25,1,1,1,1.0,4.0,33527,A660 - PK016.850,M,"44,6127700"," -1,0365700",33,2019,-1.0,1.0,1.0,1.0,2142641,2.0,2,4,2,5.0,,0.0,0,1977.0,D01,138Â 306Â 151,1.0,-1.0,-1.0,1636142,1.0,7,,0.0,2.0,2.0,A01,138Â 306Â 148,1.0
958668,201900000199,2,17,12:25,1,1,1,1.0,4.0,33527,A660 - PK016.850,M,"44,6127700"," -1,0365700",33,2019,-1.0,1.0,1.0,1.0,2142641,2.0,2,4,2,5.0,,0.0,0,1977.0,D01,138Â 306Â 151,1.0,-1.0,-1.0,1636143,1.0,7,,0.0,2.0,6.0,B01,138Â 306Â 149,1.0
958668,201900000199,2,17,12:25,1,1,1,1.0,4.0,33527,A660 - PK016.850,M,"44,6127700"," -1,0365700",33,2019,-1.0,1.0,1.0,1.0,2142641,2.0,2,4,2,5.0,,0.0,0,1977.0,D01,138Â 306Â 151,1.0,-1.0,-1.0,1636144,1.0,7,,0.0,2.0,8.0,C01,138Â 306Â 150,1.0
958668,201900000199,2,17,12:25,1,1,1,1.0,4.0,33527,A660 - PK016.850,M,"44,6127700"," -1,0365700",33,2019,-1.0,1.0,1.0,1.0,2142641,2.0,2,4,2,5.0,,0.0,0,1977.0,D01,138Â 306Â 151,1.0,-1.0,-1.0,1636145,1.0,7,,0.0,2.0,5.0,D01,138Â 306Â 151,1.0
958668,201900000199,2,17,12:25,1,1,1,1.0,4.0,33527,A660 - PK016.850,M,"44,6127700"," -1,0365700",33,2019,-1.0,1.0,1.0,1.0,2142642,9.0,2,1,1,5.0,,0.0,0,2014.0,D01,138Â 306Â 151,3.0,-1.0,-1.0,1636142,1.0,7,,0.0,2.0,2.0,A01,138Â 306Â 148,1.0
958668,201900000199,2,17,12:25,1,1,1,1.0,4.0,33527,A660 - PK016.850,M,"44,6127700"," -1,0365700",33,2019,-1.0,1.0,1.0,1.0,2142642,9.0,2,1,1,5.0,,0.0,0,2014.0,D01,138Â 306Â 151,3.0,-1.0,-1.0,1636143,1.0,7,,0.0,2.0,6.0,B01,138Â 306Â 149,1.0