Unnamed: 0_x,num_acc,mois,jour,hrmn,lum,agg,int,atm,col,com,adr,gps,lat,long,dep,annee,vma,situ,surf,catr,Unnamed: 0_y,place,catu,grav,sexe,trajet,secu,locp,actp,an_nais,num_veh_x,id_vehicule_x,secu1,secu2,secu3,Unnamed: 0,senc,catv,occutc,obs,obsm,choc,num_veh_y,id_vehicule_y,motor
958668,201900000199,2,17,12:25,1,1,1,1.0,4.0,33527,A660 - PK016.850,M,"44,6127700"," -1,0365700",33,2019,-1.0,1.0,1.0,1.0,2142642,9.0,2,1,1,5.0,,0.0,0,2014.0,D01,138Â 306Â 151,3.0,-1.0,-1.0,1636144,1.0,7,,0.0,2.0,8.0,C01,138Â 306Â 150,1.0
958668,201900000199,2,17,12:25,1,1,1,1.0,4.0,33527,A660 - PK016.850,M,"44,6127700"," -1,0365700",33,2019,-1.0,1.0,1.0,1.0,2142642,9.0,2,1,1,5.0,,0.0,0,2014.0,D01,138Â 306Â 151,3.0,-1.0,-1.0,1636145,1.0,7,,0.0,2.0,5.0,D01,138Â 306Â 151,1.0
958668,201900000199,2,17,12:25,1,1,1,1.0,4.0,33527,A660 - PK016.850,M,"44,6127700"," -1,0365700",33,2019,-1.0,1.0,1.0,1.0,2142643,1.0,1,1,1,5.0,,0.0,0,1975.0,D01,138Â 306Â 151,1.0,-1.0,-1.0,1636142,1.0,7,,0.0,2.0,2.0,A01,138Â 306Â 148,1.0
958668,201900000199,2,17,12:25,1,1,1,1.0,4.0,33527,A660 - PK016.850,M,"44,6127700"," -1,0365700",33,2019,-1.0,1.0,1.0,1.0,2142643,1.0,1,1,1,5.0,,0.0,0,1975.0,D01,138Â 306Â 151,1.0,-1.0,-1.0,1636143,1.0,7,,0.0,2.0,6.0,B01,138Â 306Â 149,1.0
958668,201900000199,2,17,12:25,1,1,1,1.0,4.0,33527,A660 - PK016.850,M,"44,6127700"," -1,0365700",33,2019,-1.0,1.0,1.0,1.0,2142643,1.0,1,1,1,5.0,,0.0,0,1975.0,D01,138Â 306Â 151,1.0,-1.0,-1.0,1636144,1.0,7,,0.0,2.0,8.0,C01,138Â 306Â 150,1.0
958668,201900000199,2,17,12:25,1,1,1,1.0,4.0,33527,A660 - PK016.850,M,"44,6127700"," -1,0365700",33,2019,-1.0,1.0,1.0,1.0,2142643,1.0,1,1,1,5.0,,0.0,0,1975.0,D01,138Â 306Â 151,1.0,-1.0,-1.0,1636145,1.0,7,,0.0,2.0,5.0,D01,138Â 306Â 151,1.0
958669,201900000200,2,9,06:30,3,1,1,1.0,5.0,33284,A63,M,"44,6614620"," -0,8241050",33,2019,130.0,1.0,1.0,1.0,2142644,1.0,1,4,2,5.0,,0.0,0,1999.0,A01,138Â 306Â 145,1.0,-1.0,-1.0,1636146,1.0,7,,3.0,0.0,0.0,A01,138Â 306Â 145,1.0
958669,201900000200,2,9,06:30,3,1,1,1.0,5.0,33284,A63,M,"44,6614620"," -0,8241050",33,2019,130.0,1.0,1.0,1.0,2142644,1.0,1,4,2,5.0,,0.0,0,1999.0,A01,138Â 306Â 145,1.0,-1.0,-1.0,1636147,1.0,17,,0.0,2.0,3.0,B01,138Â 306Â 146,1.0
958669,201900000200,2,9,06:30,3,1,1,1.0,5.0,33284,A63,M,"44,6614620"," -0,8241050",33,2019,130.0,1.0,1.0,1.0,2142644,1.0,1,4,2,5.0,,0.0,0,1999.0,A01,138Â 306Â 145,1.0,-1.0,-1.0,1636148,1.0,7,,0.0,2.0,2.0,C01,138Â 306Â 147,1.0
958669,201900000200,2,9,06:30,3,1,1,1.0,5.0,33284,A63,M,"44,6614620"," -0,8241050",33,2019,130.0,1.0,1.0,1.0,2142645,2.0,2,4,1,4.0,,0.0,0,1964.0,B01,138Â 306Â 146,8.0,-1.0,-1.0,1636146,1.0,7,,3.0,0.0,0.0,A01,138Â 306Â 145,1.0
958669,201900000200,2,9,06:30,3,1,1,1.0,5.0,33284,A63,M,"44,6614620"," -0,8241050",33,2019,130.0,1.0,1.0,1.0,2142645,2.0,2,4,1,4.0,,0.0,0,1964.0,B01,138Â 306Â 146,8.0,-1.0,-1.0,1636147,1.0,17,,0.0,2.0,3.0,B01,138Â 306Â 146,1.0
958669,201900000200,2,9,06:30,3,1,1,1.0,5.0,33284,A63,M,"44,6614620"," -0,8241050",33,2019,130.0,1.0,1.0,1.0,2142645,2.0,2,4,1,4.0,,0.0,0,1964.0,B01,138Â 306Â 146,8.0,-1.0,-1.0,1636148,1.0,7,,0.0,2.0,2.0,C01,138Â 306Â 147,1.0
958669,201900000200,2,9,06:30,3,1,1,1.0,5.0,33284,A63,M,"44,6614620"," -0,8241050",33,2019,130.0,1.0,1.0,1.0,2142646,1.0,1,1,1,5.0,,0.0,0,1939.0,C01,138Â 306Â 147,1.0,-1.0,-1.0,1636146,1.0,7,,3.0,0.0,0.0,A01,138Â 306Â 145,1.0
958669,201900000200,2,9,06:30,3,1,1,1.0,5.0,33284,A63,M,"44,6614620"," -0,8241050",33,2019,130.0,1.0,1.0,1.0,2142646,1.0,1,1,1,5.0,,0.0,0,1939.0,C01,138Â 306Â 147,1.0,-1.0,-1.0,1636147,1.0,17,,0.0,2.0,3.0,B01,138Â 306Â 146,1.0
958669,201900000200,2,9,06:30,3,1,1,1.0,5.0,33284,A63,M,"44,6614620"," -0,8241050",33,2019,130.0,1.0,1.0,1.0,2142646,1.0,1,1,1,5.0,,0.0,0,1939.0,C01,138Â 306Â 147,1.0,-1.0,-1.0,1636148,1.0,7,,0.0,2.0,2.0,C01,138Â 306Â 147,1.0
958670,201900000201,2,17,15:00,1,1,1,7.0,7.0,51121,A4,M,"49,1389003","3,6194788",51,2019,130.0,3.0,1.0,1.0,2142647,4.0,2,1,1,5.0,,0.0,0,2005.0,A01,138Â 306Â 144,1.0,-1.0,-1.0,1636149,2.0,7,,7.0,0.0,1.0,A01,138Â 306Â 144,1.0
958670,201900000201,2,17,15:00,1,1,1,7.0,7.0,51121,A4,M,"49,1389003","3,6194788",51,2019,130.0,3.0,1.0,1.0,2142648,1.0,1,1,1,5.0,,0.0,0,1969.0,A01,138Â 306Â 144,1.0,-1.0,-1.0,1636149,2.0,7,,7.0,0.0,1.0,A01,138Â 306Â 144,1.0
958670,201900000201,2,17,15:00,1,1,1,7.0,7.0,51121,A4,M,"49,1389003","3,6194788",51,2019,130.0,3.0,1.0,1.0,2142649,2.0,2,4,1,5.0,,0.0,0,1976.0,A01,138Â 306Â 144,1.0,-1.0,-1.0,1636149,2.0,7,,7.0,0.0,1.0,A01,138Â 306Â 144,1.0
958670,201900000201,2,17,15:00,1,1,1,7.0,7.0,51121,A4,M,"49,1389003","3,6194788",51,2019,130.0,3.0,1.0,1.0,2142650,7.0,2,4,2,5.0,,0.0,0,1937.0,A01,138Â 306Â 144,1.0,-1.0,-1.0,1636149,2.0,7,,7.0,0.0,1.0,A01,138Â 306Â 144,1.0
958670,201900000201,2,17,15:00,1,1,1,7.0,7.0,51121,A4,M,"49,1389003","3,6194788",51,2019,130.0,3.0,1.0,1.0,2142651,3.0,2,3,2,5.0,,0.0,0,1967.0,A01,138Â 306Â 144,1.0,-1.0,-1.0,1636149,2.0,7,,7.0,0.0,1.0,A01,138Â 306Â 144,1.0
958670,201900000201,2,17,15:00,1,1,1,7.0,7.0,51121,A4,M,"49,1389003","3,6194788",51,2019,130.0,3.0,1.0,1.0,2142652,9.0,2,3,2,5.0,,0.0,0,1973.0,A01,138Â 306Â 144,1.0,-1.0,-1.0,1636149,2.0,7,,7.0,0.0,1.0,A01,138Â 306Â 144,1.0
958671,201900000202,2,17,18:50,3,1,1,1.0,7.0,97603,musical plage,M," -12,9146316","45,1918927",976,2019,70.0,1.0,1.0,2.0,2142653,2.0,2,4,1,0.0,,0.0,0,1994.0,A01,138Â 306Â 143,2.0,-1.0,-1.0,1636150,2.0,2,,0.0,2.0,6.0,A01,138Â 306Â 143,1.0
958671,201900000202,2,17,18:50,3,1,1,1.0,7.0,97603,musical plage,M," -12,9146316","45,1918927",976,2019,70.0,1.0,1.0,2.0,2142654,1.0,1,3,1,0.0,,0.0,0,1987.0,A01,138Â 306Â 143,2.0,-1.0,-1.0,1636150,2.0,2,,0.0,2.0,6.0,A01,138Â 306Â 143,1.0
958672,201900000203,2,15,09:35,1,1,1,1.0,1.0,49050,d 761,M,"47,3422490"," -0,4353370",49,2019,80.0,1.0,1.0,3.0,2142655,1.0,1,2,1,4.0,,0.0,0,1989.0,A01,138Â 306Â 141,1.0,-1.0,-1.0,1636151,2.0,10,,0.0,2.0,1.0,A01,138Â 306Â 141,1.0
958672,201900000203,2,15,09:35,1,1,1,1.0,1.0,49050,d 761,M,"47,3422490"," -0,4353370",49,2019,80.0,1.0,1.0,3.0,2142655,1.0,1,2,1,4.0,,0.0,0,1989.0,A01,138Â 306Â 141,1.0,-1.0,-1.0,1636152,1.0,17,,0.0,2.0,1.0,B01,138Â 306Â 142,1.0
958672,201900000203,2,15,09:35,1,1,1,1.0,1.0,49050,d 761,M,"47,3422490"," -0,4353370",49,2019,80.0,1.0,1.0,3.0,2142656,1.0,1,1,1,4.0,,0.0,0,1991.0,B01,138Â 306Â 142,1.0,-1.0,-1.0,1636151,2.0,10,,0.0,2.0,1.0,A01,138Â 306Â 141,1.0
958672,201900000203,2,15,09:35,1,1,1,1.0,1.0,49050,d 761,M,"47,3422490"," -0,4353370",49,2019,80.0,1.0,1.0,3.0,2142656,1.0,1,1,1,4.0,,0.0,0,1991.0,B01,138Â 306Â 142,1.0,-1.0,-1.0,1636152,1.0,17,,0.0,2.0,1.0,B01,138Â 306Â 142,1.0
958673,201900000204,2,13,14:55,1,1,9,1.0,6.0,64102,A 63 - bretelle de Bayonne Mousseroles,M,"43,4773690"," -1,4511130",64,2019,30.0,2.0,1.0,1.0,2142657,1.0,1,4,1,5.0,,0.0,0,1994.0,A01,138Â 306Â 140,2.0,-1.0,-1.0,1636153,2.0,33,,3.0,0.0,7.0,A01,138Â 306Â 140,1.0
958674,201900000205,2,16,13:50,1,1,1,1.0,1.0,13114,D65,M,"43,5267530","5,2898370",13,2019,70.0,1.0,1.0,3.0,2142658,1.0,1,1,1,5.0,,0.0,0,1946.0,B01,138Â 306Â 138,1.0,-1.0,-1.0,1636154,2.0,7,,0.0,2.0,3.0,B01,138Â 306Â 138,1.0
958674,201900000205,2,16,13:50,1,1,1,1.0,1.0,13114,D65,M,"43,5267530","5,2898370",13,2019,70.0,1.0,1.0,3.0,2142658,1.0,1,1,1,5.0,,0.0,0,1946.0,B01,138Â 306Â 138,1.0,-1.0,-1.0,1636155,1.0,33,,0.0,2.0,3.0,A01,138Â 306Â 139,1.0
958674,201900000205,2,16,13:50,1,1,1,1.0,1.0,13114,D65,M,"43,5267530","5,2898370",13,2019,70.0,1.0,1.0,3.0,2142659,1.0,1,3,1,5.0,,0.0,0,1959.0,A01,138Â 306Â 139,2.0,6.0,-1.0,1636154,2.0,7,,0.0,2.0,3.0,B01,138Â 306Â 138,1.0
958674,201900000205,2,16,13:50,1,1,1,1.0,1.0,13114,D65,M,"43,5267530","5,2898370",13,2019,70.0,1.0,1.0,3.0,2142659,1.0,1,3,1,5.0,,0.0,0,1959.0,A01,138Â 306Â 139,2.0,6.0,-1.0,1636155,1.0,33,,0.0,2.0,3.0,A01,138Â 306Â 139,1.0
958675,201900000206,2,15,04:15,3,1,1,1.0,6.0,11441,"A9, PK 185+200",M,"43,2092300","3,0876330",11,2019,130.0,2.0,1.0,1.0,2142660,1.0,1,3,1,0.0,,0.0,0,1962.0,A01,138Â 306Â 137,1.0,-1.0,-1.0,1636156,1.0,7,,3.0,0.0,1.0,A01,138Â 306Â 137,0.0
958676,201900000207,2,15,11:15,1,1,9,1.0,7.0,17196,A10,M,"45,5789640"," -0,5992500",17,2019,130.0,3.0,1.0,1.0,2142661,1.0,1,4,1,9.0,,0.0,0,1982.0,A01,138Â 306Â 136,1.0,-1.0,-1.0,1636157,1.0,7,,3.0,0.0,1.0,A01,138Â 306Â 136,1.0
958677,201900000208,2,18,07:20,1,1,1,7.0,6.0,84087,bretelle de sortie d'Orange Sud en N/S,M,"44,1100480","4,8406270",84,2019,50.0,1.0,1.0,1.0,2142662,10.0,3,2,1,0.0,,9.0,B,1963.0,B01,138Â 306Â 135,0.0,-1.0,-1.0,1636158,1.0,10,,0.0,1.0,1.0,B01,138Â 306Â 135,1.0
958677,201900000208,2,18,07:20,1,1,1,7.0,6.0,84087,bretelle de sortie d'Orange Sud en N/S,M,"44,1100480","4,8406270",84,2019,50.0,1.0,1.0,1.0,2142663,1.0,1,1,1,4.0,,-1.0, -1,1961.0,B01,138Â 306Â 135,1.0,-1.0,-1.0,1636158,1.0,10,,0.0,1.0,1.0,B01,138Â 306Â 135,1.0
958678,201900000209,2,18,08:15,1,1,1,1.0,2.0,13037,autoroute A8 PK 001+120 sud nord,M,"43,5521200","5,2457270",13,2019,90.0,1.0,1.0,1.0,2142664,1.0,1,4,1,4.0,,0.0,0,1978.0,B01,138Â 306Â 133,1.0,-1.0,-1.0,1636159,2.0,17,,0.0,0.0,5.0,B01,138Â 306Â 133,1.0
958678,201900000209,2,18,08:15,1,1,1,1.0,2.0,13037,autoroute A8 PK 001+120 sud nord,M,"43,5521200","5,2457270",13,2019,90.0,1.0,1.0,1.0,2142664,1.0,1,4,1,4.0,,0.0,0,1978.0,B01,138Â 306Â 133,1.0,-1.0,-1.0,1636160,2.0,13,,0.0,2.0,3.0,A01,138Â 306Â 134,1.0
958678,201900000209,2,18,08:15,1,1,1,1.0,2.0,13037,autoroute A8 PK 001+120 sud nord,M,"43,5521200","5,2457270",13,2019,90.0,1.0,1.0,1.0,2142665,1.0,1,2,1,4.0,,0.0,0,1960.0,A01,138Â 306Â 134,1.0,-1.0,-1.0,1636159,2.0,17,,0.0,0.0,5.0,B01,138Â 306Â 133,1.0
958678,201900000209,2,18,08:15,1,1,1,1.0,2.0,13037,autoroute A8 PK 001+120 sud nord,M,"43,5521200","5,2457270",13,2019,90.0,1.0,1.0,1.0,2142665,1.0,1,2,1,4.0,,0.0,0,1960.0,A01,138Â 306Â 134,1.0,-1.0,-1.0,1636160,2.0,13,,0.0,2.0,3.0,A01,138Â 306Â 134,1.0
958679,201900000210,2,18,08:45,1,2,1,1.0,6.0,98731,TAIOHAE,M," -8,8665270"," -140,1404790",987,2019,50.0,8.0,1.0,2.0,2142666,1.0,1,4,1,9.0,,0.0,0,1972.0,A01,138Â 306Â 132,0.0,-1.0,-1.0,1636161,3.0,7,,15.0,0.0,9.0,A01,138Â 306Â 132,1.0
958680,201900000211,2,16,09:00,1,1,1,3.0,1.0,98821,"RT.1, sens SUD-NORD, PK 44+500",M," -22,0585100","166,2507900",988,2019,90.0,1.0,2.0,2.0,2142667,3.0,2,3,2,0.0,,0.0,0,2011.0,B01,138Â 306Â 130,1.0,-1.0,-1.0,1636162,2.0,7,,0.0,2.0,1.0,B01,138Â 306Â 130,1.0
958680,201900000211,2,16,09:00,1,1,1,3.0,1.0,98821,"RT.1, sens SUD-NORD, PK 44+500",M," -22,0585100","166,2507900",988,2019,90.0,1.0,2.0,2.0,2142667,3.0,2,3,2,0.0,,0.0,0,2011.0,B01,138Â 306Â 130,1.0,-1.0,-1.0,1636163,1.0,10,,0.0,2.0,7.0,A01,138Â 306Â 131,1.0
958680,201900000211,2,16,09:00,1,1,1,3.0,1.0,98821,"RT.1, sens SUD-NORD, PK 44+500",M," -22,0585100","166,2507900",988,2019,90.0,1.0,2.0,2.0,2142668,1.0,1,3,2,0.0,,0.0,0,1985.0,B01,138Â 306Â 130,1.0,-1.0,-1.0,1636162,2.0,7,,0.0,2.0,1.0,B01,138Â 306Â 130,1.0
958680,201900000211,2,16,09:00,1,1,1,3.0,1.0,98821,"RT.1, sens SUD-NORD, PK 44+500",M," -22,0585100","166,2507900",988,2019,90.0,1.0,2.0,2.0,2142668,1.0,1,3,2,0.0,,0.0,0,1985.0,B01,138Â 306Â 130,1.0,-1.0,-1.0,1636163,1.0,10,,0.0,2.0,7.0,A01,138Â 306Â 131,1.0
958680,201900000211,2,16,09:00,1,1,1,3.0,1.0,98821,"RT.1, sens SUD-NORD, PK 44+500",M," -22,0585100","166,2507900",988,2019,90.0,1.0,2.0,2.0,2142669,2.0,2,2,2,0.0,,0.0,0,1961.0,B01,138Â 306Â 130,1.0,-1.0,-1.0,1636162,2.0,7,,0.0,2.0,1.0,B01,138Â 306Â 130,1.0
958680,201900000211,2,16,09:00,1,1,1,3.0,1.0,98821,"RT.1, sens SUD-NORD, PK 44+500",M," -22,0585100","166,2507900",988,2019,90.0,1.0,2.0,2.0,2142669,2.0,2,2,2,0.0,,0.0,0,1961.0,B01,138Â 306Â 130,1.0,-1.0,-1.0,1636163,1.0,10,,0.0,2.0,7.0,A01,138Â 306Â 131,1.0
958680,201900000211,2,16,09:00,1,1,1,3.0,1.0,98821,"RT.1, sens SUD-NORD, PK 44+500",M," -22,0585100","166,2507900",988,2019,90.0,1.0,2.0,2.0,2142670,1.0,1,3,1,5.0,,0.0,0,1999.0,A01,138Â 306Â 131,1.0,-1.0,-1.0,1636162,2.0,7,,0.0,2.0,1.0,B01,138Â 306Â 130,1.0
958680,201900000211,2,16,09:00,1,1,1,3.0,1.0,98821,"RT.1, sens SUD-NORD, PK 44+500",M," -22,0585100","166,2507900",988,2019,90.0,1.0,2.0,2.0,2142670,1.0,1,3,1,5.0,,0.0,0,1999.0,A01,138Â 306Â 131,1.0,-1.0,-1.0,1636163,1.0,10,,0.0,2.0,7.0,A01,138Â 306Â 131,1.0
958680,201900000211,2,16,09:00,1,1,1,3.0,1.0,98821,"RT.1, sens SUD-NORD, PK 44+500",M," -22,0585100","166,2507900",988,2019,90.0,1.0,2.0,2.0,2142671,4.0,2,3,1,5.0,,0.0,0,1998.0,A01,138Â 306Â 131,1.0,-1.0,-1.0,1636162,2.0,7,,0.0,2.0,1.0,B01,138Â 306Â 130,1.0
958680,201900000211,2,16,09:00,1,1,1,3.0,1.0,98821,"RT.1, sens SUD-NORD, PK 44+500",M," -22,0585100","166,2507900",988,2019,90.0,1.0,2.0,2.0,2142671,4.0,2,3,1,5.0,,0.0,0,1998.0,A01,138Â 306Â 131,1.0,-1.0,-1.0,1636163,1.0,10,,0.0,2.0,7.0,A01,138Â 306Â 131,1.0
958680,201900000211,2,16,09:00,1,1,1,3.0,1.0,98821,"RT.1, sens SUD-NORD, PK 44+500",M," -22,0585100","166,2507900",988,2019,90.0,1.0,2.0,2.0,2142672,3.0,2,3,1,5.0,,0.0,0,2000.0,A01,138Â 306Â 131,1.0,-1.0,-1.0,1636162,2.0,7,,0.0,2.0,1.0,B01,138Â 306Â 130,1.0
958680,201900000211,2,16,09:00,1,1,1,3.0,1.0,98821,"RT.1, sens SUD-NORD, PK 44+500",M," -22,0585100","166,2507900",988,2019,90.0,1.0,2.0,2.0,2142672,3.0,2,3,1,5.0,,0.0,0,2000.0,A01,138Â 306Â 131,1.0,-1.0,-1.0,1636163,1.0,10,,0.0,2.0,7.0,A01,138Â 306Â 131,1.0
958680,201900000211,2,16,09:00,1,1,1,3.0,1.0,98821,"RT.1, sens SUD-NORD, PK 44+500",M," -22,0585100","166,2507900",988,2019,90.0,1.0,2.0,2.0,2142673,2.0,2,3,1,5.0,,0.0,0,1993.0,A01,138Â 306Â 131,1.0,-1.0,-1.0,1636162,2.0,7,,0.0,2.0,1.0,B01,138Â 306Â 130,1.0
958680,201900000211,2,16,09:00,1,1,1,3.0,1.0,98821,"RT.1, sens SUD-NORD, PK 44+500",M," -22,0585100","166,2507900",988,2019,90.0,1.0,2.0,2.0,2142673,2.0,2,3,1,5.0,,0.0,0,1993.0,A01,138Â 306Â 131,1.0,-1.0,-1.0,1636163,1.0,10,,0.0,2.0,7.0,A01,138Â 306Â 131,1.0
958681,201900000212,2,18,14:00,1,2,1,1.0,6.0,97414,rue SÃ©hÃ©dic Sery,M," -21,2693100","55,4418280",974,2019,50.0,3.0,1.0,6.0,2142674,10.0,3,3,1,4.0,,6.0,9,1993.0,A01,138Â 306Â 129,0.0,-1.0,-1.0,1636164,0.0,37,0.0,0.0,1.0,4.0,B01,138Â 306Â 128,1.0
958681,201900000212,2,18,14:00,1,2,1,1.0,6.0,97414,rue SÃ©hÃ©dic Sery,M," -21,2693100","55,4418280",974,2019,50.0,3.0,1.0,6.0,2142674,10.0,3,3,1,4.0,,6.0,9,1993.0,A01,138Â 306Â 129,0.0,-1.0,-1.0,1636165,3.0,37,0.0,1.0,1.0,1.0,A01,138Â 306Â 129,1.0
958682,201900000213,2,15,21:30,3,1,1,1.0,6.0,97306,cd 9 pk 31,M,"5,6521168"," -53,8116360",973,2019,-1.0,1.0,1.0,3.0,2142675,1.0,1,1,1,5.0,,0.0,0,1990.0,A01,138Â 306Â 127,8.0,-1.0,-1.0,1636166,2.0,7,,0.0,1.0,2.0,A01,138Â 306Â 127,1.0
958682,201900000213,2,15,21:30,3,1,1,1.0,6.0,97306,cd 9 pk 31,M,"5,6521168"," -53,8116360",973,2019,-1.0,1.0,1.0,3.0,2142676,10.0,3,3,1,9.0,,6.0,B,1996.0,A01,138Â 306Â 127,0.0,-1.0,-1.0,1636166,2.0,7,,0.0,1.0,2.0,A01,138Â 306Â 127,1.0
958683,201900000214,2,13,12:05,1,1,1,1.0,5.0,97224,"Route nationale 4, riviÃ¨re monsieur",M,"14,6565200"," -61,0507360",972,2019,70.0,1.0,1.0,2.0,2142677,9.0,2,3,2,5.0,,0.0,0,2016.0,A01,138Â 306Â 124,3.0,-1.0,-1.0,1636167,1.0,10,,1.0,2.0,1.0,A01,138Â 306Â 124,1.0
958683,201900000214,2,13,12:05,1,1,1,1.0,5.0,97224,"Route nationale 4, riviÃ¨re monsieur",M,"14,6565200"," -61,0507360",972,2019,70.0,1.0,1.0,2.0,2142677,9.0,2,3,2,5.0,,0.0,0,2016.0,A01,138Â 306Â 124,3.0,-1.0,-1.0,1636168,2.0,13,,0.0,0.0,4.0,C01,138Â 306Â 125,1.0
958683,201900000214,2,13,12:05,1,1,1,1.0,5.0,97224,"Route nationale 4, riviÃ¨re monsieur",M,"14,6565200"," -61,0507360",972,2019,70.0,1.0,1.0,2.0,2142677,9.0,2,3,2,5.0,,0.0,0,2016.0,A01,138Â 306Â 124,3.0,-1.0,-1.0,1636169,1.0,7,,0.0,0.0,4.0,B01,138Â 306Â 126,1.0
958683,201900000214,2,13,12:05,1,1,1,1.0,5.0,97224,"Route nationale 4, riviÃ¨re monsieur",M,"14,6565200"," -61,0507360",972,2019,70.0,1.0,1.0,2.0,2142678,2.0,2,3,2,5.0,,0.0,0,2012.0,A01,138Â 306Â 124,1.0,-1.0,-1.0,1636167,1.0,10,,1.0,2.0,1.0,A01,138Â 306Â 124,1.0
958683,201900000214,2,13,12:05,1,1,1,1.0,5.0,97224,"Route nationale 4, riviÃ¨re monsieur",M,"14,6565200"," -61,0507360",972,2019,70.0,1.0,1.0,2.0,2142678,2.0,2,3,2,5.0,,0.0,0,2012.0,A01,138Â 306Â 124,1.0,-1.0,-1.0,1636168,2.0,13,,0.0,0.0,4.0,C01,138Â 306Â 125,1.0
958683,201900000214,2,13,12:05,1,1,1,1.0,5.0,97224,"Route nationale 4, riviÃ¨re monsieur",M,"14,6565200"," -61,0507360",972,2019,70.0,1.0,1.0,2.0,2142678,2.0,2,3,2,5.0,,0.0,0,2012.0,A01,138Â 306Â 124,1.0,-1.0,-1.0,1636169,1.0,7,,0.0,0.0,4.0,B01,138Â 306Â 126,1.0
958683,201900000214,2,13,12:05,1,1,1,1.0,5.0,97224,"Route nationale 4, riviÃ¨re monsieur",M,"14,6565200"," -61,0507360",972,2019,70.0,1.0,1.0,2.0,2142679,1.0,1,4,2,5.0,,0.0,0,1991.0,A01,138Â 306Â 124,1.0,-1.0,-1.0,1636167,1.0,10,,1.0,2.0,1.0,A01,138Â 306Â 124,1.0
958683,201900000214,2,13,12:05,1,1,1,1.0,5.0,97224,"Route nationale 4, riviÃ¨re monsieur",M,"14,6565200"," -61,0507360",972,2019,70.0,1.0,1.0,2.0,2142679,1.0,1,4,2,5.0,,0.0,0,1991.0,A01,138Â 306Â 124,1.0,-1.0,-1.0,1636168,2.0,13,,0.0,0.0,4.0,C01,138Â 306Â 125,1.0
958683,201900000214,2,13,12:05,1,1,1,1.0,5.0,97224,"Route nationale 4, riviÃ¨re monsieur",M,"14,6565200"," -61,0507360",972,2019,70.0,1.0,1.0,2.0,2142679,1.0,1,4,2,5.0,,0.0,0,1991.0,A01,138Â 306Â 124,1.0,-1.0,-1.0,1636169,1.0,7,,0.0,0.0,4.0,B01,138Â 306Â 126,1.0
958683,201900000214,2,13,12:05,1,1,1,1.0,5.0,97224,"Route nationale 4, riviÃ¨re monsieur",M,"14,6565200"," -61,0507360",972,2019,70.0,1.0,1.0,2.0,2142680,1.0,1,1,1,4.0,,0.0,0,1945.0,C01,138Â 306Â 125,8.0,-1.0,-1.0,1636167,1.0,10,,1.0,2.0,1.0,A01,138Â 306Â 124,1.0
958683,201900000214,2,13,12:05,1,1,1,1.0,5.0,97224,"Route nationale 4, riviÃ¨re monsieur",M,"14,6565200"," -61,0507360",972,2019,70.0,1.0,1.0,2.0,2142680,1.0,1,1,1,4.0,,0.0,0,1945.0,C01,138Â 306Â 125,8.0,-1.0,-1.0,1636168,2.0,13,,0.0,0.0,4.0,C01,138Â 306Â 125,1.0
958683,201900000214,2,13,12:05,1,1,1,1.0,5.0,97224,"Route nationale 4, riviÃ¨re monsieur",M,"14,6565200"," -61,0507360",972,2019,70.0,1.0,1.0,2.0,2142680,1.0,1,1,1,4.0,,0.0,0,1945.0,C01,138Â 306Â 125,8.0,-1.0,-1.0,1636169,1.0,7,,0.0,0.0,4.0,B01,138Â 306Â 126,1.0
958683,201900000214,2,13,12:05,1,1,1,1.0,5.0,97224,"Route nationale 4, riviÃ¨re monsieur",M,"14,6565200"," -61,0507360",972,2019,70.0,1.0,1.0,2.0,2142681,1.0,1,4,1,5.0,,0.0,0,1984.0,B01,138Â 306Â 126,1.0,-1.0,-1.0,1636167,1.0,10,,1.0,2.0,1.0,A01,138Â 306Â 124,1.0
958683,201900000214,2,13,12:05,1,1,1,1.0,5.0,97224,"Route nationale 4, riviÃ¨re monsieur",M,"14,6565200"," -61,0507360",972,2019,70.0,1.0,1.0,2.0,2142681,1.0,1,4,1,5.0,,0.0,0,1984.0,B01,138Â 306Â 126,1.0,-1.0,-1.0,1636168,2.0,13,,0.0,0.0,4.0,C01,138Â 306Â 125,1.0
958683,201900000214,2,13,12:05,1,1,1,1.0,5.0,97224,"Route nationale 4, riviÃ¨re monsieur",M,"14,6565200"," -61,0507360",972,2019,70.0,1.0,1.0,2.0,2142681,1.0,1,4,1,5.0,,0.0,0,1984.0,B01,138Â 306Â 126,1.0,-1.0,-1.0,1636169,1.0,7,,0.0,0.0,4.0,B01,138Â 306Â 126,1.0
958684,201900000215,2,18,16:30,1,1,1,1.0,5.0,13025,D7N,M,"43,4887420","5,5694760",13,2019,80.0,1.0,1.0,3.0,2142682,1.0,1,4,2,1.0,,0.0,0,1993.0,E01,138Â 306Â 119,1.0,-1.0,-1.0,1636170,1.0,7,,13.0,0.0,8.0,E01,138Â 306Â 119,1.0
958684,201900000215,2,18,16:30,1,1,1,1.0,5.0,13025,D7N,M,"43,4887420","5,5694760",13,2019,80.0,1.0,1.0,3.0,2142682,1.0,1,4,2,1.0,,0.0,0,1993.0,E01,138Â 306Â 119,1.0,-1.0,-1.0,1636171,1.0,7,,0.0,2.0,1.0,D01,138Â 306Â 120,1.0