Unnamed: 0_x,num_acc,mois,jour,hrmn,lum,agg,int,atm,col,com,adr,gps,lat,long,dep,annee,vma,situ,surf,catr,Unnamed: 0_y,place,catu,grav,sexe,trajet,secu,locp,actp,an_nais,num_veh_x,id_vehicule_x,secu1,secu2,secu3,Unnamed: 0,senc,catv,occutc,obs,obsm,choc,num_veh_y,id_vehicule_y,motor
958684,201900000215,2,18,16:30,1,1,1,1.0,5.0,13025,D7N,M,"43,4887420","5,5694760",13,2019,80.0,1.0,1.0,3.0,2142682,1.0,1,4,2,1.0,,0.0,0,1993.0,E01,138Â 306Â 119,1.0,-1.0,-1.0,1636172,1.0,31,,0.0,2.0,8.0,C01,138Â 306Â 121,1.0
958684,201900000215,2,18,16:30,1,1,1,1.0,5.0,13025,D7N,M,"43,4887420","5,5694760",13,2019,80.0,1.0,1.0,3.0,2142682,1.0,1,4,2,1.0,,0.0,0,1993.0,E01,138Â 306Â 119,1.0,-1.0,-1.0,1636173,1.0,7,,0.0,2.0,1.0,B01,138Â 306Â 122,1.0
958684,201900000215,2,18,16:30,1,1,1,1.0,5.0,13025,D7N,M,"43,4887420","5,5694760",13,2019,80.0,1.0,1.0,3.0,2142682,1.0,1,4,2,1.0,,0.0,0,1993.0,E01,138Â 306Â 119,1.0,-1.0,-1.0,1636174,2.0,7,,0.0,2.0,1.0,A01,138Â 306Â 123,1.0
958684,201900000215,2,18,16:30,1,1,1,1.0,5.0,13025,D7N,M,"43,4887420","5,5694760",13,2019,80.0,1.0,1.0,3.0,2142683,1.0,1,4,2,1.0,,0.0,0,1974.0,D01,138Â 306Â 120,1.0,-1.0,-1.0,1636170,1.0,7,,13.0,0.0,8.0,E01,138Â 306Â 119,1.0
958684,201900000215,2,18,16:30,1,1,1,1.0,5.0,13025,D7N,M,"43,4887420","5,5694760",13,2019,80.0,1.0,1.0,3.0,2142683,1.0,1,4,2,1.0,,0.0,0,1974.0,D01,138Â 306Â 120,1.0,-1.0,-1.0,1636171,1.0,7,,0.0,2.0,1.0,D01,138Â 306Â 120,1.0
958684,201900000215,2,18,16:30,1,1,1,1.0,5.0,13025,D7N,M,"43,4887420","5,5694760",13,2019,80.0,1.0,1.0,3.0,2142683,1.0,1,4,2,1.0,,0.0,0,1974.0,D01,138Â 306Â 120,1.0,-1.0,-1.0,1636172,1.0,31,,0.0,2.0,8.0,C01,138Â 306Â 121,1.0
958684,201900000215,2,18,16:30,1,1,1,1.0,5.0,13025,D7N,M,"43,4887420","5,5694760",13,2019,80.0,1.0,1.0,3.0,2142683,1.0,1,4,2,1.0,,0.0,0,1974.0,D01,138Â 306Â 120,1.0,-1.0,-1.0,1636173,1.0,7,,0.0,2.0,1.0,B01,138Â 306Â 122,1.0
958684,201900000215,2,18,16:30,1,1,1,1.0,5.0,13025,D7N,M,"43,4887420","5,5694760",13,2019,80.0,1.0,1.0,3.0,2142683,1.0,1,4,2,1.0,,0.0,0,1974.0,D01,138Â 306Â 120,1.0,-1.0,-1.0,1636174,2.0,7,,0.0,2.0,1.0,A01,138Â 306Â 123,1.0
958684,201900000215,2,18,16:30,1,1,1,1.0,5.0,13025,D7N,M,"43,4887420","5,5694760",13,2019,80.0,1.0,1.0,3.0,2142684,2.0,2,4,2,5.0,,0.0,0,1961.0,C01,138Â 306Â 121,2.0,6.0,-1.0,1636170,1.0,7,,13.0,0.0,8.0,E01,138Â 306Â 119,1.0
958684,201900000215,2,18,16:30,1,1,1,1.0,5.0,13025,D7N,M,"43,4887420","5,5694760",13,2019,80.0,1.0,1.0,3.0,2142684,2.0,2,4,2,5.0,,0.0,0,1961.0,C01,138Â 306Â 121,2.0,6.0,-1.0,1636171,1.0,7,,0.0,2.0,1.0,D01,138Â 306Â 120,1.0
958684,201900000215,2,18,16:30,1,1,1,1.0,5.0,13025,D7N,M,"43,4887420","5,5694760",13,2019,80.0,1.0,1.0,3.0,2142684,2.0,2,4,2,5.0,,0.0,0,1961.0,C01,138Â 306Â 121,2.0,6.0,-1.0,1636172,1.0,31,,0.0,2.0,8.0,C01,138Â 306Â 121,1.0
958684,201900000215,2,18,16:30,1,1,1,1.0,5.0,13025,D7N,M,"43,4887420","5,5694760",13,2019,80.0,1.0,1.0,3.0,2142684,2.0,2,4,2,5.0,,0.0,0,1961.0,C01,138Â 306Â 121,2.0,6.0,-1.0,1636173,1.0,7,,0.0,2.0,1.0,B01,138Â 306Â 122,1.0
958684,201900000215,2,18,16:30,1,1,1,1.0,5.0,13025,D7N,M,"43,4887420","5,5694760",13,2019,80.0,1.0,1.0,3.0,2142684,2.0,2,4,2,5.0,,0.0,0,1961.0,C01,138Â 306Â 121,2.0,6.0,-1.0,1636174,2.0,7,,0.0,2.0,1.0,A01,138Â 306Â 123,1.0
958684,201900000215,2,18,16:30,1,1,1,1.0,5.0,13025,D7N,M,"43,4887420","5,5694760",13,2019,80.0,1.0,1.0,3.0,2142685,1.0,1,1,1,5.0,,0.0,0,1960.0,C01,138Â 306Â 121,2.0,6.0,-1.0,1636170,1.0,7,,13.0,0.0,8.0,E01,138Â 306Â 119,1.0
958684,201900000215,2,18,16:30,1,1,1,1.0,5.0,13025,D7N,M,"43,4887420","5,5694760",13,2019,80.0,1.0,1.0,3.0,2142685,1.0,1,1,1,5.0,,0.0,0,1960.0,C01,138Â 306Â 121,2.0,6.0,-1.0,1636171,1.0,7,,0.0,2.0,1.0,D01,138Â 306Â 120,1.0
958684,201900000215,2,18,16:30,1,1,1,1.0,5.0,13025,D7N,M,"43,4887420","5,5694760",13,2019,80.0,1.0,1.0,3.0,2142685,1.0,1,1,1,5.0,,0.0,0,1960.0,C01,138Â 306Â 121,2.0,6.0,-1.0,1636172,1.0,31,,0.0,2.0,8.0,C01,138Â 306Â 121,1.0
958684,201900000215,2,18,16:30,1,1,1,1.0,5.0,13025,D7N,M,"43,4887420","5,5694760",13,2019,80.0,1.0,1.0,3.0,2142685,1.0,1,1,1,5.0,,0.0,0,1960.0,C01,138Â 306Â 121,2.0,6.0,-1.0,1636173,1.0,7,,0.0,2.0,1.0,B01,138Â 306Â 122,1.0
958684,201900000215,2,18,16:30,1,1,1,1.0,5.0,13025,D7N,M,"43,4887420","5,5694760",13,2019,80.0,1.0,1.0,3.0,2142685,1.0,1,1,1,5.0,,0.0,0,1960.0,C01,138Â 306Â 121,2.0,6.0,-1.0,1636174,2.0,7,,0.0,2.0,1.0,A01,138Â 306Â 123,1.0
958684,201900000215,2,18,16:30,1,1,1,1.0,5.0,13025,D7N,M,"43,4887420","5,5694760",13,2019,80.0,1.0,1.0,3.0,2142686,1.0,1,1,1,4.0,,0.0,0,1938.0,B01,138Â 306Â 122,1.0,-1.0,-1.0,1636170,1.0,7,,13.0,0.0,8.0,E01,138Â 306Â 119,1.0
958684,201900000215,2,18,16:30,1,1,1,1.0,5.0,13025,D7N,M,"43,4887420","5,5694760",13,2019,80.0,1.0,1.0,3.0,2142686,1.0,1,1,1,4.0,,0.0,0,1938.0,B01,138Â 306Â 122,1.0,-1.0,-1.0,1636171,1.0,7,,0.0,2.0,1.0,D01,138Â 306Â 120,1.0
958684,201900000215,2,18,16:30,1,1,1,1.0,5.0,13025,D7N,M,"43,4887420","5,5694760",13,2019,80.0,1.0,1.0,3.0,2142686,1.0,1,1,1,4.0,,0.0,0,1938.0,B01,138Â 306Â 122,1.0,-1.0,-1.0,1636172,1.0,31,,0.0,2.0,8.0,C01,138Â 306Â 121,1.0
958684,201900000215,2,18,16:30,1,1,1,1.0,5.0,13025,D7N,M,"43,4887420","5,5694760",13,2019,80.0,1.0,1.0,3.0,2142686,1.0,1,1,1,4.0,,0.0,0,1938.0,B01,138Â 306Â 122,1.0,-1.0,-1.0,1636173,1.0,7,,0.0,2.0,1.0,B01,138Â 306Â 122,1.0
958684,201900000215,2,18,16:30,1,1,1,1.0,5.0,13025,D7N,M,"43,4887420","5,5694760",13,2019,80.0,1.0,1.0,3.0,2142686,1.0,1,1,1,4.0,,0.0,0,1938.0,B01,138Â 306Â 122,1.0,-1.0,-1.0,1636174,2.0,7,,0.0,2.0,1.0,A01,138Â 306Â 123,1.0
958684,201900000215,2,18,16:30,1,1,1,1.0,5.0,13025,D7N,M,"43,4887420","5,5694760",13,2019,80.0,1.0,1.0,3.0,2142687,1.0,1,3,2,5.0,,0.0,0,1934.0,A01,138Â 306Â 123,1.0,-1.0,-1.0,1636170,1.0,7,,13.0,0.0,8.0,E01,138Â 306Â 119,1.0
958684,201900000215,2,18,16:30,1,1,1,1.0,5.0,13025,D7N,M,"43,4887420","5,5694760",13,2019,80.0,1.0,1.0,3.0,2142687,1.0,1,3,2,5.0,,0.0,0,1934.0,A01,138Â 306Â 123,1.0,-1.0,-1.0,1636171,1.0,7,,0.0,2.0,1.0,D01,138Â 306Â 120,1.0
958684,201900000215,2,18,16:30,1,1,1,1.0,5.0,13025,D7N,M,"43,4887420","5,5694760",13,2019,80.0,1.0,1.0,3.0,2142687,1.0,1,3,2,5.0,,0.0,0,1934.0,A01,138Â 306Â 123,1.0,-1.0,-1.0,1636172,1.0,31,,0.0,2.0,8.0,C01,138Â 306Â 121,1.0
958684,201900000215,2,18,16:30,1,1,1,1.0,5.0,13025,D7N,M,"43,4887420","5,5694760",13,2019,80.0,1.0,1.0,3.0,2142687,1.0,1,3,2,5.0,,0.0,0,1934.0,A01,138Â 306Â 123,1.0,-1.0,-1.0,1636173,1.0,7,,0.0,2.0,1.0,B01,138Â 306Â 122,1.0
958684,201900000215,2,18,16:30,1,1,1,1.0,5.0,13025,D7N,M,"43,4887420","5,5694760",13,2019,80.0,1.0,1.0,3.0,2142687,1.0,1,3,2,5.0,,0.0,0,1934.0,A01,138Â 306Â 123,1.0,-1.0,-1.0,1636174,2.0,7,,0.0,2.0,1.0,A01,138Â 306Â 123,1.0
958685,201900000216,2,14,11:30,1,1,1,1.0,7.0,29230,D123,M,"47,9765080"," -3,5777190",29,2019,80.0,1.0,1.0,3.0,2142688,1.0,1,3,1,5.0,,0.0,0,2002.0,A01,138Â 306Â 118,2.0,6.0,-1.0,1636175,2.0,2,,0.0,0.0,3.0,A01,138Â 306Â 118,1.0
958686,201900000217,2,16,18:20,3,1,1,1.0,3.0,37072,D751,M,"47,1839352","0,2343308",37,2019,80.0,1.0,1.0,3.0,2142689,1.0,1,1,1,0.0,,0.0,0,1975.0,B01,138Â 306Â 116,8.0,-1.0,-1.0,1636176,2.0,7,,0.0,2.0,8.0,B01,138Â 306Â 116,1.0
958686,201900000217,2,16,18:20,3,1,1,1.0,3.0,37072,D751,M,"47,1839352","0,2343308",37,2019,80.0,1.0,1.0,3.0,2142689,1.0,1,1,1,0.0,,0.0,0,1975.0,B01,138Â 306Â 116,8.0,-1.0,-1.0,1636177,1.0,7,,0.0,2.0,8.0,A01,138Â 306Â 117,1.0
958686,201900000217,2,16,18:20,3,1,1,1.0,3.0,37072,D751,M,"47,1839352","0,2343308",37,2019,80.0,1.0,1.0,3.0,2142690,1.0,1,3,2,0.0,,0.0,0,1944.0,A01,138Â 306Â 117,8.0,-1.0,-1.0,1636176,2.0,7,,0.0,2.0,8.0,B01,138Â 306Â 116,1.0
958686,201900000217,2,16,18:20,3,1,1,1.0,3.0,37072,D751,M,"47,1839352","0,2343308",37,2019,80.0,1.0,1.0,3.0,2142690,1.0,1,3,2,0.0,,0.0,0,1944.0,A01,138Â 306Â 117,8.0,-1.0,-1.0,1636177,1.0,7,,0.0,2.0,8.0,A01,138Â 306Â 117,1.0
958687,201900000218,2,16,17:10,1,2,6,1.0,3.0,77430,D9E1 X RUE DE LA MARNE,M,"49,0716100","2,8051200",77,2019,50.0,1.0,1.0,3.0,2142691,1.0,1,3,1,5.0,,0.0,0,1952.0,B01,138Â 306Â 113,2.0,-1.0,-1.0,1636178,1.0,1,,0.0,2.0,7.0,B01,138Â 306Â 113,5.0
958687,201900000218,2,16,17:10,1,2,6,1.0,3.0,77430,D9E1 X RUE DE LA MARNE,M,"49,0716100","2,8051200",77,2019,50.0,1.0,1.0,3.0,2142691,1.0,1,3,1,5.0,,0.0,0,1952.0,B01,138Â 306Â 113,2.0,-1.0,-1.0,1636179,1.0,7,,0.0,9.0,1.0,A01,138Â 306Â 114,0.0
958687,201900000218,2,16,17:10,1,2,6,1.0,3.0,77430,D9E1 X RUE DE LA MARNE,M,"49,0716100","2,8051200",77,2019,50.0,1.0,1.0,3.0,2142692,1.0,1,1,1,0.0,,0.0,0,1967.0,A01,138Â 306Â 114,1.0,-1.0,-1.0,1636178,1.0,1,,0.0,2.0,7.0,B01,138Â 306Â 113,5.0
958687,201900000218,2,16,17:10,1,2,6,1.0,3.0,77430,D9E1 X RUE DE LA MARNE,M,"49,0716100","2,8051200",77,2019,50.0,1.0,1.0,3.0,2142692,1.0,1,1,1,0.0,,0.0,0,1967.0,A01,138Â 306Â 114,1.0,-1.0,-1.0,1636179,1.0,7,,0.0,9.0,1.0,A01,138Â 306Â 114,0.0
958688,201900000219,2,15,09:07,1,2,2,1.0,6.0,77183,D603 X RUE DE LA BARRE,M,"48,9478340","3,1267020",77,2019,50.0,1.0,1.0,3.0,2142693,10.0,3,4,1,0.0,,2.0,3,1971.0,A01,138Â 306Â 112,0.0,-1.0,-1.0,1636180,2.0,7,,0.0,1.0,2.0,A01,138Â 306Â 112,0.0
958688,201900000219,2,15,09:07,1,2,2,1.0,6.0,77183,D603 X RUE DE LA BARRE,M,"48,9478340","3,1267020",77,2019,50.0,1.0,1.0,3.0,2142694,1.0,1,1,1,0.0,,0.0,0,1956.0,A01,138Â 306Â 112,1.0,-1.0,-1.0,1636180,2.0,7,,0.0,1.0,2.0,A01,138Â 306Â 112,0.0
958688,201900000219,2,15,09:07,1,2,2,1.0,6.0,77183,D603 X RUE DE LA BARRE,M,"48,9478340","3,1267020",77,2019,50.0,1.0,1.0,3.0,2142695,2.0,2,1,1,-1.0,,-1.0, -1,2000.0,A01,138Â 306Â 112,1.0,0.0,0.0,1636180,2.0,7,,0.0,1.0,2.0,A01,138Â 306Â 112,0.0
958689,201900000220,2,15,16:40,1,2,4,7.0,1.0,77317,RUE D'ANDREZEL/rue des GUIGNEVEAUX,M,"48,6092150","2,8869400",77,2019,50.0,1.0,1.0,4.0,2142696,1.0,1,1,1,2.0,,0.0,0,1973.0,A01,138Â 306Â 110,1.0,-1.0,-1.0,1636181,1.0,7,,0.0,2.0,1.0,A01,138Â 306Â 110,1.0
958689,201900000220,2,15,16:40,1,2,4,7.0,1.0,77317,RUE D'ANDREZEL/rue des GUIGNEVEAUX,M,"48,6092150","2,8869400",77,2019,50.0,1.0,1.0,4.0,2142696,1.0,1,1,1,2.0,,0.0,0,1973.0,A01,138Â 306Â 110,1.0,-1.0,-1.0,1636182,1.0,1,,0.0,2.0,1.0,B01,138Â 306Â 111,5.0
958689,201900000220,2,15,16:40,1,2,4,7.0,1.0,77317,RUE D'ANDREZEL/rue des GUIGNEVEAUX,M,"48,6092150","2,8869400",77,2019,50.0,1.0,1.0,4.0,2142697,1.0,1,3,1,2.0,,0.0,0,2007.0,B01,138Â 306Â 111,0.0,-1.0,-1.0,1636181,1.0,7,,0.0,2.0,1.0,A01,138Â 306Â 110,1.0
958689,201900000220,2,15,16:40,1,2,4,7.0,1.0,77317,RUE D'ANDREZEL/rue des GUIGNEVEAUX,M,"48,6092150","2,8869400",77,2019,50.0,1.0,1.0,4.0,2142697,1.0,1,3,1,2.0,,0.0,0,2007.0,B01,138Â 306Â 111,0.0,-1.0,-1.0,1636182,1.0,1,,0.0,2.0,1.0,B01,138Â 306Â 111,5.0
958690,201900000221,2,16,17:45,2,2,2,1.0,3.0,78537,Rue des Garennes,M,"48,5670930","1,9339690",78,2019,50.0,1.0,1.0,4.0,2142698,2.0,2,1,1,5.0,,0.0,0,2004.0,A01,138Â 306Â 108,2.0,-1.0,-1.0,1636183,1.0,2,,0.0,2.0,1.0,A01,138Â 306Â 108,1.0
958690,201900000221,2,16,17:45,2,2,2,1.0,3.0,78537,Rue des Garennes,M,"48,5670930","1,9339690",78,2019,50.0,1.0,1.0,4.0,2142698,2.0,2,1,1,5.0,,0.0,0,2004.0,A01,138Â 306Â 108,2.0,-1.0,-1.0,1636184,2.0,7,,0.0,2.0,8.0,B01,138Â 306Â 109,1.0
958690,201900000221,2,16,17:45,2,2,2,1.0,3.0,78537,Rue des Garennes,M,"48,5670930","1,9339690",78,2019,50.0,1.0,1.0,4.0,2142699,1.0,1,4,1,5.0,,0.0,0,2004.0,A01,138Â 306Â 108,2.0,6.0,-1.0,1636183,1.0,2,,0.0,2.0,1.0,A01,138Â 306Â 108,1.0
958690,201900000221,2,16,17:45,2,2,2,1.0,3.0,78537,Rue des Garennes,M,"48,5670930","1,9339690",78,2019,50.0,1.0,1.0,4.0,2142699,1.0,1,4,1,5.0,,0.0,0,2004.0,A01,138Â 306Â 108,2.0,6.0,-1.0,1636184,2.0,7,,0.0,2.0,8.0,B01,138Â 306Â 109,1.0
958690,201900000221,2,16,17:45,2,2,2,1.0,3.0,78537,Rue des Garennes,M,"48,5670930","1,9339690",78,2019,50.0,1.0,1.0,4.0,2142700,1.0,1,1,1,5.0,,0.0,0,1949.0,B01,138Â 306Â 109,1.0,-1.0,-1.0,1636183,1.0,2,,0.0,2.0,1.0,A01,138Â 306Â 108,1.0
958690,201900000221,2,16,17:45,2,2,2,1.0,3.0,78537,Rue des Garennes,M,"48,5670930","1,9339690",78,2019,50.0,1.0,1.0,4.0,2142700,1.0,1,1,1,5.0,,0.0,0,1949.0,B01,138Â 306Â 109,1.0,-1.0,-1.0,1636184,2.0,7,,0.0,2.0,8.0,B01,138Â 306Â 109,1.0
958691,201900000222,2,13,13:50,1,2,1,1.0,1.0,78615,route des nourrices,M,"48,8368600","1,9355120",78,2019,30.0,1.0,1.0,4.0,2142701,1.0,1,1,1,4.0,,0.0,0,1981.0,B01,138Â 306Â 106,1.0,-1.0,-1.0,1636185,3.0,15,,0.0,2.0,1.0,B01,138Â 306Â 106,1.0
958691,201900000222,2,13,13:50,1,2,1,1.0,1.0,78615,route des nourrices,M,"48,8368600","1,9355120",78,2019,30.0,1.0,1.0,4.0,2142701,1.0,1,1,1,4.0,,0.0,0,1981.0,B01,138Â 306Â 106,1.0,-1.0,-1.0,1636186,3.0,7,,0.0,2.0,1.0,A01,138Â 306Â 107,1.0
958691,201900000222,2,13,13:50,1,2,1,1.0,1.0,78615,route des nourrices,M,"48,8368600","1,9355120",78,2019,30.0,1.0,1.0,4.0,2142702,1.0,1,1,1,5.0,,0.0,0,1999.0,A01,138Â 306Â 107,1.0,-1.0,-1.0,1636185,3.0,15,,0.0,2.0,1.0,B01,138Â 306Â 106,1.0
958691,201900000222,2,13,13:50,1,2,1,1.0,1.0,78615,route des nourrices,M,"48,8368600","1,9355120",78,2019,30.0,1.0,1.0,4.0,2142702,1.0,1,1,1,5.0,,0.0,0,1999.0,A01,138Â 306Â 107,1.0,-1.0,-1.0,1636186,3.0,7,,0.0,2.0,1.0,A01,138Â 306Â 107,1.0
958691,201900000222,2,13,13:50,1,2,1,1.0,1.0,78615,route des nourrices,M,"48,8368600","1,9355120",78,2019,30.0,1.0,1.0,4.0,2142703,7.0,2,1,1,5.0,,0.0,0,2001.0,A01,138Â 306Â 107,1.0,-1.0,-1.0,1636185,3.0,15,,0.0,2.0,1.0,B01,138Â 306Â 106,1.0
958691,201900000222,2,13,13:50,1,2,1,1.0,1.0,78615,route des nourrices,M,"48,8368600","1,9355120",78,2019,30.0,1.0,1.0,4.0,2142703,7.0,2,1,1,5.0,,0.0,0,2001.0,A01,138Â 306Â 107,1.0,-1.0,-1.0,1636186,3.0,7,,0.0,2.0,1.0,A01,138Â 306Â 107,1.0
958691,201900000222,2,13,13:50,1,2,1,1.0,1.0,78615,route des nourrices,M,"48,8368600","1,9355120",78,2019,30.0,1.0,1.0,4.0,2142704,2.0,2,1,1,5.0,,0.0,0,2001.0,A01,138Â 306Â 107,1.0,-1.0,-1.0,1636185,3.0,15,,0.0,2.0,1.0,B01,138Â 306Â 106,1.0
958691,201900000222,2,13,13:50,1,2,1,1.0,1.0,78615,route des nourrices,M,"48,8368600","1,9355120",78,2019,30.0,1.0,1.0,4.0,2142704,2.0,2,1,1,5.0,,0.0,0,2001.0,A01,138Â 306Â 107,1.0,-1.0,-1.0,1636186,3.0,7,,0.0,2.0,1.0,A01,138Â 306Â 107,1.0
958691,201900000222,2,13,13:50,1,2,1,1.0,1.0,78615,route des nourrices,M,"48,8368600","1,9355120",78,2019,30.0,1.0,1.0,4.0,2142705,8.0,2,1,1,5.0,,0.0,0,2002.0,A01,138Â 306Â 107,1.0,-1.0,-1.0,1636185,3.0,15,,0.0,2.0,1.0,B01,138Â 306Â 106,1.0
958691,201900000222,2,13,13:50,1,2,1,1.0,1.0,78615,route des nourrices,M,"48,8368600","1,9355120",78,2019,30.0,1.0,1.0,4.0,2142705,8.0,2,1,1,5.0,,0.0,0,2002.0,A01,138Â 306Â 107,1.0,-1.0,-1.0,1636186,3.0,7,,0.0,2.0,1.0,A01,138Â 306Â 107,1.0
958691,201900000222,2,13,13:50,1,2,1,1.0,1.0,78615,route des nourrices,M,"48,8368600","1,9355120",78,2019,30.0,1.0,1.0,4.0,2142706,9.0,2,3,1,5.0,,0.0,0,2004.0,A01,138Â 306Â 107,1.0,-1.0,-1.0,1636185,3.0,15,,0.0,2.0,1.0,B01,138Â 306Â 106,1.0
958691,201900000222,2,13,13:50,1,2,1,1.0,1.0,78615,route des nourrices,M,"48,8368600","1,9355120",78,2019,30.0,1.0,1.0,4.0,2142706,9.0,2,3,1,5.0,,0.0,0,2004.0,A01,138Â 306Â 107,1.0,-1.0,-1.0,1636186,3.0,7,,0.0,2.0,1.0,A01,138Â 306Â 107,1.0
958692,201900000223,2,16,15:35,1,2,1,7.0,3.0,78548,21 route de dampierre,M,"48,7034740","2,0175700",78,2019,50.0,1.0,1.0,3.0,2142707,1.0,1,3,1,5.0,,0.0,0,1997.0,A01,138Â 306Â 104,2.0,-1.0,-1.0,1636187,2.0,33,,0.0,2.0,1.0,A01,138Â 306Â 104,1.0
958692,201900000223,2,16,15:35,1,2,1,7.0,3.0,78548,21 route de dampierre,M,"48,7034740","2,0175700",78,2019,50.0,1.0,1.0,3.0,2142707,1.0,1,3,1,5.0,,0.0,0,1997.0,A01,138Â 306Â 104,2.0,-1.0,-1.0,1636188,1.0,7,,0.0,2.0,5.0,B01,138Â 306Â 105,1.0
958692,201900000223,2,16,15:35,1,2,1,7.0,3.0,78548,21 route de dampierre,M,"48,7034740","2,0175700",78,2019,50.0,1.0,1.0,3.0,2142708,1.0,1,1,1,5.0,,0.0,0,1981.0,B01,138Â 306Â 105,1.0,-1.0,-1.0,1636187,2.0,33,,0.0,2.0,1.0,A01,138Â 306Â 104,1.0
958692,201900000223,2,16,15:35,1,2,1,7.0,3.0,78548,21 route de dampierre,M,"48,7034740","2,0175700",78,2019,50.0,1.0,1.0,3.0,2142708,1.0,1,1,1,5.0,,0.0,0,1981.0,B01,138Â 306Â 105,1.0,-1.0,-1.0,1636188,1.0,7,,0.0,2.0,5.0,B01,138Â 306Â 105,1.0
958693,201900000224,2,16,14:43,1,1,1,1.0,3.0,78548,D91,M,"48,7150440","2,0019880",78,2019,80.0,1.0,1.0,3.0,2142709,1.0,1,4,1,5.0,,0.0,0,1990.0,B01,138Â 306Â 102,2.0,6.0,-1.0,1636189,1.0,34,,0.0,9.0,1.0,B01,138Â 306Â 102,1.0
958693,201900000224,2,16,14:43,1,1,1,1.0,3.0,78548,D91,M,"48,7150440","2,0019880",78,2019,80.0,1.0,1.0,3.0,2142709,1.0,1,4,1,5.0,,0.0,0,1990.0,B01,138Â 306Â 102,2.0,6.0,-1.0,1636190,1.0,1,,0.0,2.0,8.0,A01,138Â 306Â 103,5.0
958693,201900000224,2,16,14:43,1,1,1,1.0,3.0,78548,D91,M,"48,7150440","2,0019880",78,2019,80.0,1.0,1.0,3.0,2142710,2.0,2,4,2,5.0,,0.0,0,1994.0,B01,138Â 306Â 102,2.0,6.0,-1.0,1636189,1.0,34,,0.0,9.0,1.0,B01,138Â 306Â 102,1.0
958693,201900000224,2,16,14:43,1,1,1,1.0,3.0,78548,D91,M,"48,7150440","2,0019880",78,2019,80.0,1.0,1.0,3.0,2142710,2.0,2,4,2,5.0,,0.0,0,1994.0,B01,138Â 306Â 102,2.0,6.0,-1.0,1636190,1.0,1,,0.0,2.0,8.0,A01,138Â 306Â 103,5.0
958693,201900000224,2,16,14:43,1,1,1,1.0,3.0,78548,D91,M,"48,7150440","2,0019880",78,2019,80.0,1.0,1.0,3.0,2142711,1.0,1,3,1,5.0,,0.0,0,1964.0,A01,138Â 306Â 103,2.0,-1.0,-1.0,1636189,1.0,34,,0.0,9.0,1.0,B01,138Â 306Â 102,1.0
958693,201900000224,2,16,14:43,1,1,1,1.0,3.0,78548,D91,M,"48,7150440","2,0019880",78,2019,80.0,1.0,1.0,3.0,2142711,1.0,1,3,1,5.0,,0.0,0,1964.0,A01,138Â 306Â 103,2.0,-1.0,-1.0,1636190,1.0,1,,0.0,2.0,8.0,A01,138Â 306Â 103,5.0
958694,201900000225,2,16,19:50,3,1,1,1.0,1.0,78503,D915,M,"49,0542090","1,5272070",78,2019,80.0,1.0,1.0,3.0,2142712,1.0,1,2,2,1.0,,0.0,0,1970.0,B01,138Â 306Â 100,1.0,5.0,-1.0,1636191,2.0,7,,0.0,2.0,1.0,B01,138Â 306Â 100,1.0
958694,201900000225,2,16,19:50,3,1,1,1.0,1.0,78503,D915,M,"49,0542090","1,5272070",78,2019,80.0,1.0,1.0,3.0,2142712,1.0,1,2,2,1.0,,0.0,0,1970.0,B01,138Â 306Â 100,1.0,5.0,-1.0,1636192,1.0,7,,0.0,2.0,1.0,A01,138Â 306Â 101,1.0
958694,201900000225,2,16,19:50,3,1,1,1.0,1.0,78503,D915,M,"49,0542090","1,5272070",78,2019,80.0,1.0,1.0,3.0,2142713,1.0,1,3,1,5.0,,0.0,0,1972.0,A01,138Â 306Â 101,1.0,5.0,-1.0,1636191,2.0,7,,0.0,2.0,1.0,B01,138Â 306Â 100,1.0
958694,201900000225,2,16,19:50,3,1,1,1.0,1.0,78503,D915,M,"49,0542090","1,5272070",78,2019,80.0,1.0,1.0,3.0,2142713,1.0,1,3,1,5.0,,0.0,0,1972.0,A01,138Â 306Â 101,1.0,5.0,-1.0,1636192,1.0,7,,0.0,2.0,1.0,A01,138Â 306Â 101,1.0
958694,201900000225,2,16,19:50,3,1,1,1.0,1.0,78503,D915,M,"49,0542090","1,5272070",78,2019,80.0,1.0,1.0,3.0,2142714,2.0,2,4,2,9.0,,0.0,0,1969.0,A01,138Â 306Â 101,1.0,5.0,-1.0,1636191,2.0,7,,0.0,2.0,1.0,B01,138Â 306Â 100,1.0
958694,201900000225,2,16,19:50,3,1,1,1.0,1.0,78503,D915,M,"49,0542090","1,5272070",78,2019,80.0,1.0,1.0,3.0,2142714,2.0,2,4,2,9.0,,0.0,0,1969.0,A01,138Â 306Â 101,1.0,5.0,-1.0,1636192,1.0,7,,0.0,2.0,1.0,A01,138Â 306Â 101,1.0
958695,201900000226,2,16,14:00,1,1,3,1.0,3.0,2B148,RT205,M,"42,5395040","9,4427790",2B,2019,70.0,1.0,1.0,2.0,2142715,1.0,1,1,1,5.0,,0.0,0,1929.0,A01,138Â 306Â 098,1.0,-1.0,-1.0,1636193,2.0,7,,0.0,2.0,2.0,A01,138Â 306Â 098,1.0