Unnamed: 0_x,num_acc,mois,jour,hrmn,lum,agg,int,atm,col,com,adr,gps,lat,long,dep,annee,vma,situ,surf,catr,Unnamed: 0_y,place,catu,grav,sexe,trajet,secu,locp,actp,an_nais,num_veh_x,id_vehicule_x,secu1,secu2,secu3,Unnamed: 0,senc,catv,occutc,obs,obsm,choc,num_veh_y,id_vehicule_y,motor
958695,201900000226,2,16,14:00,1,1,3,1.0,3.0,2B148,RT205,M,"42,5395040","9,4427790",2B,2019,70.0,1.0,1.0,2.0,2142715,1.0,1,1,1,5.0,,0.0,0,1929.0,A01,138Â 306Â 098,1.0,-1.0,-1.0,1636194,1.0,33,,0.0,2.0,1.0,B01,138Â 306Â 099,1.0
958695,201900000226,2,16,14:00,1,1,3,1.0,3.0,2B148,RT205,M,"42,5395040","9,4427790",2B,2019,70.0,1.0,1.0,2.0,2142716,2.0,2,1,2,5.0,,0.0,0,1945.0,A01,138Â 306Â 098,1.0,-1.0,-1.0,1636193,2.0,7,,0.0,2.0,2.0,A01,138Â 306Â 098,1.0
958695,201900000226,2,16,14:00,1,1,3,1.0,3.0,2B148,RT205,M,"42,5395040","9,4427790",2B,2019,70.0,1.0,1.0,2.0,2142716,2.0,2,1,2,5.0,,0.0,0,1945.0,A01,138Â 306Â 098,1.0,-1.0,-1.0,1636194,1.0,33,,0.0,2.0,1.0,B01,138Â 306Â 099,1.0
958695,201900000226,2,16,14:00,1,1,3,1.0,3.0,2B148,RT205,M,"42,5395040","9,4427790",2B,2019,70.0,1.0,1.0,2.0,2142717,1.0,1,3,1,5.0,,0.0,0,1989.0,B01,138Â 306Â 099,2.0,-1.0,-1.0,1636193,2.0,7,,0.0,2.0,2.0,A01,138Â 306Â 098,1.0
958695,201900000226,2,16,14:00,1,1,3,1.0,3.0,2B148,RT205,M,"42,5395040","9,4427790",2B,2019,70.0,1.0,1.0,2.0,2142717,1.0,1,3,1,5.0,,0.0,0,1989.0,B01,138Â 306Â 099,2.0,-1.0,-1.0,1636194,1.0,33,,0.0,2.0,1.0,B01,138Â 306Â 099,1.0
958696,201900000227,2,12,16:50,2,2,1,1.0,6.0,30258,avenue Pierre Curie,M,"43,6811570","4,4351080",30,2019,70.0,1.0,1.0,3.0,2142718,1.0,1,1,1,5.0,,0.0,0,2000.0,A01,138Â 306Â 097,1.0,-1.0,-1.0,1636195,0.0,7,,0.0,1.0,7.0,A01,138Â 306Â 097,1.0
958696,201900000227,2,12,16:50,2,2,1,1.0,6.0,30258,avenue Pierre Curie,M,"43,6811570","4,4351080",30,2019,70.0,1.0,1.0,3.0,2142719,10.0,3,4,1,5.0,,2.0,3,1936.0,A01,138Â 306Â 097,0.0,-1.0,-1.0,1636195,0.0,7,,0.0,1.0,7.0,A01,138Â 306Â 097,1.0
958697,201900000228,2,17,15:00,1,1,1,1.0,6.0,34302,chemin communal,M,"43,3023890","2,6553140",34,2019,80.0,3.0,9.0,4.0,2142720,1.0,1,3,1,5.0,,0.0,0,1957.0,A01,138Â 306Â 096,2.0,-1.0,-1.0,1636196,0.0,33,,2.0,0.0,2.0,A01,138Â 306Â 096,1.0
958698,201900000229,2,15,00:40,3,1,1,1.0,7.0,34081,D162e2,M,"43,3107980","3,1520720",34,2019,80.0,3.0,1.0,3.0,2142721,1.0,1,3,1,0.0,,0.0,0,1966.0,A01,138Â 306Â 095,2.0,-1.0,-1.0,1636197,1.0,33,,0.0,0.0,0.0,A01,138Â 306Â 095,1.0
958699,201900000230,5,30,16:05,1,1,4,1.0,3.0,17145,8 Rue des Peupliers,M,"45,5963280"," -0,4333400",17,2019,80.0,1.0,1.0,3.0,2142722,1.0,1,4,1,5.0,,0.0,0,2002.0,B01,138Â 306Â 092,2.0,6.0,-1.0,1636198,1.0,2,,0.0,2.0,3.0,B01,138Â 306Â 092,1.0
958699,201900000230,5,30,16:05,1,1,4,1.0,3.0,17145,8 Rue des Peupliers,M,"45,5963280"," -0,4333400",17,2019,80.0,1.0,1.0,3.0,2142722,1.0,1,4,1,5.0,,0.0,0,2002.0,B01,138Â 306Â 092,2.0,6.0,-1.0,1636199,2.0,7,,0.0,2.0,2.0,A01,138Â 306Â 093,1.0
958699,201900000230,5,30,16:05,1,1,4,1.0,3.0,17145,8 Rue des Peupliers,M,"45,5963280"," -0,4333400",17,2019,80.0,1.0,1.0,3.0,2142723,1.0,1,1,1,9.0,,0.0,0,2000.0,A01,138Â 306Â 093,8.0,-1.0,-1.0,1636198,1.0,2,,0.0,2.0,3.0,B01,138Â 306Â 092,1.0
958699,201900000230,5,30,16:05,1,1,4,1.0,3.0,17145,8 Rue des Peupliers,M,"45,5963280"," -0,4333400",17,2019,80.0,1.0,1.0,3.0,2142723,1.0,1,1,1,9.0,,0.0,0,2000.0,A01,138Â 306Â 093,8.0,-1.0,-1.0,1636199,2.0,7,,0.0,2.0,2.0,A01,138Â 306Â 093,1.0
958700,201900000231,5,23,19:47,2,2,2,1.0,3.0,17155,Rue du Golfe de Barbareu,M,"45,7216930"," -1,1042010",17,2019,50.0,1.0,1.0,4.0,2142724,1.0,1,1,1,5.0,,0.0,0,1998.0,A01,138Â 306Â 090,1.0,-1.0,-1.0,1636200,3.0,7,,0.0,2.0,2.0,A01,138Â 306Â 090,1.0
958700,201900000231,5,23,19:47,2,2,2,1.0,3.0,17155,Rue du Golfe de Barbareu,M,"45,7216930"," -1,1042010",17,2019,50.0,1.0,1.0,4.0,2142724,1.0,1,1,1,5.0,,0.0,0,1998.0,A01,138Â 306Â 090,1.0,-1.0,-1.0,1636201,3.0,7,,0.0,2.0,8.0,B01,138Â 306Â 091,1.0
958700,201900000231,5,23,19:47,2,2,2,1.0,3.0,17155,Rue du Golfe de Barbareu,M,"45,7216930"," -1,1042010",17,2019,50.0,1.0,1.0,4.0,2142725,1.0,1,4,2,5.0,,0.0,0,1997.0,B01,138Â 306Â 091,1.0,-1.0,-1.0,1636200,3.0,7,,0.0,2.0,2.0,A01,138Â 306Â 090,1.0
958700,201900000231,5,23,19:47,2,2,2,1.0,3.0,17155,Rue du Golfe de Barbareu,M,"45,7216930"," -1,1042010",17,2019,50.0,1.0,1.0,4.0,2142725,1.0,1,4,2,5.0,,0.0,0,1997.0,B01,138Â 306Â 091,1.0,-1.0,-1.0,1636201,3.0,7,,0.0,2.0,8.0,B01,138Â 306Â 091,1.0
958700,201900000231,5,23,19:47,2,2,2,1.0,3.0,17155,Rue du Golfe de Barbareu,M,"45,7216930"," -1,1042010",17,2019,50.0,1.0,1.0,4.0,2142726,7.0,2,3,1,5.0,,0.0,0,1996.0,B01,138Â 306Â 091,1.0,-1.0,-1.0,1636200,3.0,7,,0.0,2.0,2.0,A01,138Â 306Â 090,1.0
958700,201900000231,5,23,19:47,2,2,2,1.0,3.0,17155,Rue du Golfe de Barbareu,M,"45,7216930"," -1,1042010",17,2019,50.0,1.0,1.0,4.0,2142726,7.0,2,3,1,5.0,,0.0,0,1996.0,B01,138Â 306Â 091,1.0,-1.0,-1.0,1636201,3.0,7,,0.0,2.0,8.0,B01,138Â 306Â 091,1.0
958700,201900000231,5,23,19:47,2,2,2,1.0,3.0,17155,Rue du Golfe de Barbareu,M,"45,7216930"," -1,1042010",17,2019,50.0,1.0,1.0,4.0,2142727,9.0,2,1,2,5.0,,0.0,0,1998.0,B01,138Â 306Â 091,1.0,-1.0,-1.0,1636200,3.0,7,,0.0,2.0,2.0,A01,138Â 306Â 090,1.0
958700,201900000231,5,23,19:47,2,2,2,1.0,3.0,17155,Rue du Golfe de Barbareu,M,"45,7216930"," -1,1042010",17,2019,50.0,1.0,1.0,4.0,2142727,9.0,2,1,2,5.0,,0.0,0,1998.0,B01,138Â 306Â 091,1.0,-1.0,-1.0,1636201,3.0,7,,0.0,2.0,8.0,B01,138Â 306Â 091,1.0
958701,201900000232,5,10,17:30,1,2,3,1.0,3.0,17219,Rue Alsace Lorraine,M,"45,8264120"," -1,1087060",17,2019,50.0,1.0,1.0,4.0,2142728,1.0,1,1,2,2.0,,0.0,0,1989.0,A01,138Â 306Â 088,1.0,-1.0,-1.0,1636202,2.0,7,,0.0,9.0,2.0,A01,138Â 306Â 088,1.0
958701,201900000232,5,10,17:30,1,2,3,1.0,3.0,17219,Rue Alsace Lorraine,M,"45,8264120"," -1,1087060",17,2019,50.0,1.0,1.0,4.0,2142728,1.0,1,1,2,2.0,,0.0,0,1989.0,A01,138Â 306Â 088,1.0,-1.0,-1.0,1636203,2.0,1,,0.0,2.0,1.0,B01,138Â 306Â 089,5.0
958701,201900000232,5,10,17:30,1,2,3,1.0,3.0,17219,Rue Alsace Lorraine,M,"45,8264120"," -1,1087060",17,2019,50.0,1.0,1.0,4.0,2142729,1.0,1,3,1,3.0,,0.0,0,1980.0,B01,138Â 306Â 089,0.0,-1.0,-1.0,1636202,2.0,7,,0.0,9.0,2.0,A01,138Â 306Â 088,1.0
958701,201900000232,5,10,17:30,1,2,3,1.0,3.0,17219,Rue Alsace Lorraine,M,"45,8264120"," -1,1087060",17,2019,50.0,1.0,1.0,4.0,2142729,1.0,1,3,1,3.0,,0.0,0,1980.0,B01,138Â 306Â 089,0.0,-1.0,-1.0,1636203,2.0,1,,0.0,2.0,1.0,B01,138Â 306Â 089,5.0
958702,201900000233,4,19,18:45,1,1,1,1.0,6.0,17038,station AVIA,M,"45,1723850"," -0,3346120",17,2019,50.0,8.0,1.0,6.0,2142730,1.0,1,3,1,5.0,,0.0,0,1999.0,A01,138Â 306Â 087,2.0,6.0,-1.0,1636204,1.0,33,,14.0,0.0,1.0,A01,138Â 306Â 087,1.0
958703,201900000234,5,29,15:55,1,1,1,1.0,1.0,16019,Ld Le Grand Talon,M,"45,6805200","0,0653390",16,2019,70.0,1.0,1.0,2.0,2142731,1.0,1,3,2,5.0,,0.0,0,1990.0,A01,138Â 306Â 083,1.0,-1.0,-1.0,1636205,2.0,7,,0.0,2.0,3.0,A01,138Â 306Â 083,1.0
958703,201900000234,5,29,15:55,1,1,1,1.0,1.0,16019,Ld Le Grand Talon,M,"45,6805200","0,0653390",16,2019,70.0,1.0,1.0,2.0,2142731,1.0,1,3,2,5.0,,0.0,0,1990.0,A01,138Â 306Â 083,1.0,-1.0,-1.0,1636206,1.0,7,,0.0,2.0,3.0,B01,138Â 306Â 084,1.0
958703,201900000234,5,29,15:55,1,1,1,1.0,1.0,16019,Ld Le Grand Talon,M,"45,6805200","0,0653390",16,2019,70.0,1.0,1.0,2.0,2142732,2.0,2,3,2,5.0,,0.0,0,2009.0,B01,138Â 306Â 084,1.0,-1.0,-1.0,1636205,2.0,7,,0.0,2.0,3.0,A01,138Â 306Â 083,1.0
958703,201900000234,5,29,15:55,1,1,1,1.0,1.0,16019,Ld Le Grand Talon,M,"45,6805200","0,0653390",16,2019,70.0,1.0,1.0,2.0,2142732,2.0,2,3,2,5.0,,0.0,0,2009.0,B01,138Â 306Â 084,1.0,-1.0,-1.0,1636206,1.0,7,,0.0,2.0,3.0,B01,138Â 306Â 084,1.0
958703,201900000234,5,29,15:55,1,1,1,1.0,1.0,16019,Ld Le Grand Talon,M,"45,6805200","0,0653390",16,2019,70.0,1.0,1.0,2.0,2142733,4.0,2,3,2,5.0,,0.0,0,1972.0,B01,138Â 306Â 084,1.0,-1.0,-1.0,1636205,2.0,7,,0.0,2.0,3.0,A01,138Â 306Â 083,1.0
958703,201900000234,5,29,15:55,1,1,1,1.0,1.0,16019,Ld Le Grand Talon,M,"45,6805200","0,0653390",16,2019,70.0,1.0,1.0,2.0,2142733,4.0,2,3,2,5.0,,0.0,0,1972.0,B01,138Â 306Â 084,1.0,-1.0,-1.0,1636206,1.0,7,,0.0,2.0,3.0,B01,138Â 306Â 084,1.0
958703,201900000234,5,29,15:55,1,1,1,1.0,1.0,16019,Ld Le Grand Talon,M,"45,6805200","0,0653390",16,2019,70.0,1.0,1.0,2.0,2142734,3.0,2,3,1,5.0,,0.0,0,2012.0,B01,138Â 306Â 084,3.0,-1.0,-1.0,1636205,2.0,7,,0.0,2.0,3.0,A01,138Â 306Â 083,1.0
958703,201900000234,5,29,15:55,1,1,1,1.0,1.0,16019,Ld Le Grand Talon,M,"45,6805200","0,0653390",16,2019,70.0,1.0,1.0,2.0,2142734,3.0,2,3,1,5.0,,0.0,0,2012.0,B01,138Â 306Â 084,3.0,-1.0,-1.0,1636206,1.0,7,,0.0,2.0,3.0,B01,138Â 306Â 084,1.0
958703,201900000234,5,29,15:55,1,1,1,1.0,1.0,16019,Ld Le Grand Talon,M,"45,6805200","0,0653390",16,2019,70.0,1.0,1.0,2.0,2142735,1.0,1,3,1,5.0,,0.0,0,1972.0,B01,138Â 306Â 084,1.0,-1.0,-1.0,1636205,2.0,7,,0.0,2.0,3.0,A01,138Â 306Â 083,1.0
958703,201900000234,5,29,15:55,1,1,1,1.0,1.0,16019,Ld Le Grand Talon,M,"45,6805200","0,0653390",16,2019,70.0,1.0,1.0,2.0,2142735,1.0,1,3,1,5.0,,0.0,0,1972.0,B01,138Â 306Â 084,1.0,-1.0,-1.0,1636206,1.0,7,,0.0,2.0,3.0,B01,138Â 306Â 084,1.0
958704,201900000235,5,23,18:30,1,2,1,1.0,2.0,16415,,M,"45,7203200","0,1203850",16,2019,50.0,1.0,1.0,3.0,2142736,1.0,1,3,1,5.0,,0.0,0,2004.0,B01,138Â 306Â 081,2.0,6.0,-1.0,1636207,2.0,2,,0.0,2.0,1.0,B01,138Â 306Â 081,1.0
958704,201900000235,5,23,18:30,1,2,1,1.0,2.0,16415,,M,"45,7203200","0,1203850",16,2019,50.0,1.0,1.0,3.0,2142736,1.0,1,3,1,5.0,,0.0,0,2004.0,B01,138Â 306Â 081,2.0,6.0,-1.0,1636208,2.0,10,,0.0,2.0,4.0,A01,138Â 306Â 082,1.0
958704,201900000235,5,23,18:30,1,2,1,1.0,2.0,16415,,M,"45,7203200","0,1203850",16,2019,50.0,1.0,1.0,3.0,2142737,1.0,1,1,1,1.0,,0.0,0,1965.0,A01,138Â 306Â 082,1.0,-1.0,-1.0,1636207,2.0,2,,0.0,2.0,1.0,B01,138Â 306Â 081,1.0
958704,201900000235,5,23,18:30,1,2,1,1.0,2.0,16415,,M,"45,7203200","0,1203850",16,2019,50.0,1.0,1.0,3.0,2142737,1.0,1,1,1,1.0,,0.0,0,1965.0,A01,138Â 306Â 082,1.0,-1.0,-1.0,1636208,2.0,10,,0.0,2.0,4.0,A01,138Â 306Â 082,1.0
958705,201900000236,5,26,18:00,1,1,1,1.0,5.0,86054,D1,M,"46,2153740","0,3231530",86,2019,80.0,1.0,1.0,3.0,2142738,1.0,1,1,1,5.0,,0.0,0,1945.0,C01,138Â 306Â 078,8.0,-1.0,-1.0,1636209,2.0,7,,0.0,0.0,8.0,C01,138Â 306Â 078,1.0
958705,201900000236,5,26,18:00,1,1,1,1.0,5.0,86054,D1,M,"46,2153740","0,3231530",86,2019,80.0,1.0,1.0,3.0,2142738,1.0,1,1,1,5.0,,0.0,0,1945.0,C01,138Â 306Â 078,8.0,-1.0,-1.0,1636210,1.0,7,,0.0,2.0,3.0,B01,138Â 306Â 079,1.0
958705,201900000236,5,26,18:00,1,1,1,1.0,5.0,86054,D1,M,"46,2153740","0,3231530",86,2019,80.0,1.0,1.0,3.0,2142738,1.0,1,1,1,5.0,,0.0,0,1945.0,C01,138Â 306Â 078,8.0,-1.0,-1.0,1636211,2.0,33,,0.0,2.0,1.0,A01,138Â 306Â 080,1.0
958705,201900000236,5,26,18:00,1,1,1,1.0,5.0,86054,D1,M,"46,2153740","0,3231530",86,2019,80.0,1.0,1.0,3.0,2142739,1.0,1,1,2,5.0,,0.0,0,1949.0,B01,138Â 306Â 079,8.0,-1.0,-1.0,1636209,2.0,7,,0.0,0.0,8.0,C01,138Â 306Â 078,1.0
958705,201900000236,5,26,18:00,1,1,1,1.0,5.0,86054,D1,M,"46,2153740","0,3231530",86,2019,80.0,1.0,1.0,3.0,2142739,1.0,1,1,2,5.0,,0.0,0,1949.0,B01,138Â 306Â 079,8.0,-1.0,-1.0,1636210,1.0,7,,0.0,2.0,3.0,B01,138Â 306Â 079,1.0
958705,201900000236,5,26,18:00,1,1,1,1.0,5.0,86054,D1,M,"46,2153740","0,3231530",86,2019,80.0,1.0,1.0,3.0,2142739,1.0,1,1,2,5.0,,0.0,0,1949.0,B01,138Â 306Â 079,8.0,-1.0,-1.0,1636211,2.0,33,,0.0,2.0,1.0,A01,138Â 306Â 080,1.0
958705,201900000236,5,26,18:00,1,1,1,1.0,5.0,86054,D1,M,"46,2153740","0,3231530",86,2019,80.0,1.0,1.0,3.0,2142740,1.0,1,3,1,5.0,,0.0,0,1974.0,A01,138Â 306Â 080,2.0,-1.0,-1.0,1636209,2.0,7,,0.0,0.0,8.0,C01,138Â 306Â 078,1.0
958705,201900000236,5,26,18:00,1,1,1,1.0,5.0,86054,D1,M,"46,2153740","0,3231530",86,2019,80.0,1.0,1.0,3.0,2142740,1.0,1,3,1,5.0,,0.0,0,1974.0,A01,138Â 306Â 080,2.0,-1.0,-1.0,1636210,1.0,7,,0.0,2.0,3.0,B01,138Â 306Â 079,1.0
958705,201900000236,5,26,18:00,1,1,1,1.0,5.0,86054,D1,M,"46,2153740","0,3231530",86,2019,80.0,1.0,1.0,3.0,2142740,1.0,1,3,1,5.0,,0.0,0,1974.0,A01,138Â 306Â 080,2.0,-1.0,-1.0,1636211,2.0,33,,0.0,2.0,1.0,A01,138Â 306Â 080,1.0
958706,201900000237,5,3,20:00,1,1,1,1.0,6.0,86019,D82,M,"46,7075760","0,4678000",86,2019,80.0,3.0,1.0,3.0,2142741,1.0,1,3,1,5.0,,0.0,0,1998.0,A01,138Â 306Â 077,2.0,6.0,9.0,1636212,1.0,33,,17.0,0.0,1.0,A01,138Â 306Â 077,1.0
958707,201900000238,5,25,02:45,5,2,1,2.0,7.0,64422,Avenue Charles et Henri Moureu,M,"43,1910599"," -0,6153299",64,2019,50.0,1.0,2.0,4.0,2142742,1.0,1,4,1,5.0,,0.0,0,1999.0,A01,138Â 306Â 076,1.0,-1.0,-1.0,1636213,3.0,7,,0.0,9.0,1.0,A01,138Â 306Â 076,0.0
958708,201900000239,5,10,17:00,1,2,1,1.0,2.0,64422,4 Rue Van Gogh,M,"43,1929090"," -0,6189020",64,2019,50.0,1.0,1.0,4.0,2142743,1.0,1,3,1,5.0,,0.0,0,2003.0,B01,138Â 306Â 074,2.0,-1.0,-1.0,1636214,0.0,2,,0.0,2.0,1.0,B01,138Â 306Â 074,1.0
958708,201900000239,5,10,17:00,1,2,1,1.0,2.0,64422,4 Rue Van Gogh,M,"43,1929090"," -0,6189020",64,2019,50.0,1.0,1.0,4.0,2142743,1.0,1,3,1,5.0,,0.0,0,2003.0,B01,138Â 306Â 074,2.0,-1.0,-1.0,1636215,0.0,7,,0.0,2.0,5.0,A01,138Â 306Â 075,1.0
958708,201900000239,5,10,17:00,1,2,1,1.0,2.0,64422,4 Rue Van Gogh,M,"43,1929090"," -0,6189020",64,2019,50.0,1.0,1.0,4.0,2142744,1.0,1,1,1,5.0,,0.0,0,1997.0,A01,138Â 306Â 075,1.0,-1.0,-1.0,1636214,0.0,2,,0.0,2.0,1.0,B01,138Â 306Â 074,1.0
958708,201900000239,5,10,17:00,1,2,1,1.0,2.0,64422,4 Rue Van Gogh,M,"43,1929090"," -0,6189020",64,2019,50.0,1.0,1.0,4.0,2142744,1.0,1,1,1,5.0,,0.0,0,1997.0,A01,138Â 306Â 075,1.0,-1.0,-1.0,1636215,0.0,7,,0.0,2.0,5.0,A01,138Â 306Â 075,1.0
958709,201900000240,5,8,10:00,1,1,6,2.0,3.0,64496,Giratoire Atturi Ondo,M,"43,4800542"," -1,4416990",64,2019,70.0,1.0,2.0,1.0,2142745,1.0,1,3,1,5.0,,0.0,0,1985.0,B01,138Â 306Â 072,0.0,-1.0,-1.0,1636216,1.0,1,,0.0,0.0,7.0,B01,138Â 306Â 072,5.0
958709,201900000240,5,8,10:00,1,1,6,2.0,3.0,64496,Giratoire Atturi Ondo,M,"43,4800542"," -1,4416990",64,2019,70.0,1.0,2.0,1.0,2142745,1.0,1,3,1,5.0,,0.0,0,1985.0,B01,138Â 306Â 072,0.0,-1.0,-1.0,1636217,1.0,7,,0.0,2.0,3.0,A01,138Â 306Â 073,1.0
958709,201900000240,5,8,10:00,1,1,6,2.0,3.0,64496,Giratoire Atturi Ondo,M,"43,4800542"," -1,4416990",64,2019,70.0,1.0,2.0,1.0,2142746,1.0,1,1,2,5.0,,0.0,0,1976.0,A01,138Â 306Â 073,1.0,-1.0,-1.0,1636216,1.0,1,,0.0,0.0,7.0,B01,138Â 306Â 072,5.0
958709,201900000240,5,8,10:00,1,1,6,2.0,3.0,64496,Giratoire Atturi Ondo,M,"43,4800542"," -1,4416990",64,2019,70.0,1.0,2.0,1.0,2142746,1.0,1,1,2,5.0,,0.0,0,1976.0,A01,138Â 306Â 073,1.0,-1.0,-1.0,1636217,1.0,7,,0.0,2.0,3.0,A01,138Â 306Â 073,1.0
958710,201900000241,5,29,12:00,1,1,2,1.0,3.0,33248,D1215/Route du Pey de Minson,M,"45,0607900"," -0,7947700",33,2019,80.0,1.0,1.0,3.0,2142747,1.0,1,1,1,4.0,,0.0,0,1990.0,A01,138Â 306Â 068,1.0,-1.0,-1.0,1636218,1.0,15,,0.0,2.0,3.0,A01,138Â 306Â 068,1.0
958710,201900000241,5,29,12:00,1,1,2,1.0,3.0,33248,D1215/Route du Pey de Minson,M,"45,0607900"," -0,7947700",33,2019,80.0,1.0,1.0,3.0,2142747,1.0,1,1,1,4.0,,0.0,0,1990.0,A01,138Â 306Â 068,1.0,-1.0,-1.0,1636219,2.0,7,,16.0,2.0,3.0,B01,138Â 306Â 069,1.0
958710,201900000241,5,29,12:00,1,1,2,1.0,3.0,33248,D1215/Route du Pey de Minson,M,"45,0607900"," -0,7947700",33,2019,80.0,1.0,1.0,3.0,2142748,1.0,1,3,1,1.0,,0.0,0,1967.0,B01,138Â 306Â 069,1.0,-1.0,-1.0,1636218,1.0,15,,0.0,2.0,3.0,A01,138Â 306Â 068,1.0
958710,201900000241,5,29,12:00,1,1,2,1.0,3.0,33248,D1215/Route du Pey de Minson,M,"45,0607900"," -0,7947700",33,2019,80.0,1.0,1.0,3.0,2142748,1.0,1,3,1,1.0,,0.0,0,1967.0,B01,138Â 306Â 069,1.0,-1.0,-1.0,1636219,2.0,7,,16.0,2.0,3.0,B01,138Â 306Â 069,1.0
958711,201900000242,4,19,12:20,1,2,1,1.0,3.0,33417,RD6E3 64 route de bordeaux,M,"44,9626400"," -0,8776210",33,2019,50.0,1.0,1.0,3.0,2142749,1.0,1,1,2,0.0,,0.0,0,1973.0,B01,138Â 306Â 066,8.0,-1.0,-1.0,1636220,1.0,7,,0.0,2.0,1.0,B01,138Â 306Â 066,1.0
958711,201900000242,4,19,12:20,1,2,1,1.0,3.0,33417,RD6E3 64 route de bordeaux,M,"44,9626400"," -0,8776210",33,2019,50.0,1.0,1.0,3.0,2142749,1.0,1,1,2,0.0,,0.0,0,1973.0,B01,138Â 306Â 066,8.0,-1.0,-1.0,1636221,2.0,33,,0.0,2.0,3.0,A01,138Â 306Â 067,1.0
958711,201900000242,4,19,12:20,1,2,1,1.0,3.0,33417,RD6E3 64 route de bordeaux,M,"44,9626400"," -0,8776210",33,2019,50.0,1.0,1.0,3.0,2142750,1.0,1,3,1,5.0,,0.0,0,1960.0,A01,138Â 306Â 067,2.0,6.0,-1.0,1636220,1.0,7,,0.0,2.0,1.0,B01,138Â 306Â 066,1.0
958711,201900000242,4,19,12:20,1,2,1,1.0,3.0,33417,RD6E3 64 route de bordeaux,M,"44,9626400"," -0,8776210",33,2019,50.0,1.0,1.0,3.0,2142750,1.0,1,3,1,5.0,,0.0,0,1960.0,A01,138Â 306Â 067,2.0,6.0,-1.0,1636221,2.0,33,,0.0,2.0,3.0,A01,138Â 306Â 067,1.0
958712,201900000243,5,5,12:05,1,1,1,1.0,5.0,33357,RD 222,M,"44,5301490"," -0,2574340",33,2019,80.0,1.0,1.0,3.0,2142751,1.0,1,1,2,5.0,,0.0,0,1982.0,C01,138Â 306Â 063,1.0,-1.0,-1.0,1636222,1.0,7,,0.0,0.0,0.0,C01,138Â 306Â 063,1.0
958712,201900000243,5,5,12:05,1,1,1,1.0,5.0,33357,RD 222,M,"44,5301490"," -0,2574340",33,2019,80.0,1.0,1.0,3.0,2142751,1.0,1,1,2,5.0,,0.0,0,1982.0,C01,138Â 306Â 063,1.0,-1.0,-1.0,1636223,2.0,7,,0.0,2.0,1.0,B01,138Â 306Â 064,1.0
958712,201900000243,5,5,12:05,1,1,1,1.0,5.0,33357,RD 222,M,"44,5301490"," -0,2574340",33,2019,80.0,1.0,1.0,3.0,2142751,1.0,1,1,2,5.0,,0.0,0,1982.0,C01,138Â 306Â 063,1.0,-1.0,-1.0,1636224,1.0,7,,0.0,2.0,1.0,A01,138Â 306Â 065,1.0
958712,201900000243,5,5,12:05,1,1,1,1.0,5.0,33357,RD 222,M,"44,5301490"," -0,2574340",33,2019,80.0,1.0,1.0,3.0,2142752,1.0,1,4,1,5.0,,0.0,0,1990.0,B01,138Â 306Â 064,1.0,-1.0,-1.0,1636222,1.0,7,,0.0,0.0,0.0,C01,138Â 306Â 063,1.0
958712,201900000243,5,5,12:05,1,1,1,1.0,5.0,33357,RD 222,M,"44,5301490"," -0,2574340",33,2019,80.0,1.0,1.0,3.0,2142752,1.0,1,4,1,5.0,,0.0,0,1990.0,B01,138Â 306Â 064,1.0,-1.0,-1.0,1636223,2.0,7,,0.0,2.0,1.0,B01,138Â 306Â 064,1.0
958712,201900000243,5,5,12:05,1,1,1,1.0,5.0,33357,RD 222,M,"44,5301490"," -0,2574340",33,2019,80.0,1.0,1.0,3.0,2142752,1.0,1,4,1,5.0,,0.0,0,1990.0,B01,138Â 306Â 064,1.0,-1.0,-1.0,1636224,1.0,7,,0.0,2.0,1.0,A01,138Â 306Â 065,1.0
958712,201900000243,5,5,12:05,1,1,1,1.0,5.0,33357,RD 222,M,"44,5301490"," -0,2574340",33,2019,80.0,1.0,1.0,3.0,2142753,2.0,2,3,2,5.0,,0.0,0,1993.0,B01,138Â 306Â 064,1.0,-1.0,-1.0,1636222,1.0,7,,0.0,0.0,0.0,C01,138Â 306Â 063,1.0
958712,201900000243,5,5,12:05,1,1,1,1.0,5.0,33357,RD 222,M,"44,5301490"," -0,2574340",33,2019,80.0,1.0,1.0,3.0,2142753,2.0,2,3,2,5.0,,0.0,0,1993.0,B01,138Â 306Â 064,1.0,-1.0,-1.0,1636223,2.0,7,,0.0,2.0,1.0,B01,138Â 306Â 064,1.0
958712,201900000243,5,5,12:05,1,1,1,1.0,5.0,33357,RD 222,M,"44,5301490"," -0,2574340",33,2019,80.0,1.0,1.0,3.0,2142753,2.0,2,3,2,5.0,,0.0,0,1993.0,B01,138Â 306Â 064,1.0,-1.0,-1.0,1636224,1.0,7,,0.0,2.0,1.0,A01,138Â 306Â 065,1.0
958712,201900000243,5,5,12:05,1,1,1,1.0,5.0,33357,RD 222,M,"44,5301490"," -0,2574340",33,2019,80.0,1.0,1.0,3.0,2142754,2.0,2,3,2,5.0,,0.0,0,1996.0,A01,138Â 306Â 065,1.0,-1.0,-1.0,1636222,1.0,7,,0.0,0.0,0.0,C01,138Â 306Â 063,1.0
958712,201900000243,5,5,12:05,1,1,1,1.0,5.0,33357,RD 222,M,"44,5301490"," -0,2574340",33,2019,80.0,1.0,1.0,3.0,2142754,2.0,2,3,2,5.0,,0.0,0,1996.0,A01,138Â 306Â 065,1.0,-1.0,-1.0,1636223,2.0,7,,0.0,2.0,1.0,B01,138Â 306Â 064,1.0
958712,201900000243,5,5,12:05,1,1,1,1.0,5.0,33357,RD 222,M,"44,5301490"," -0,2574340",33,2019,80.0,1.0,1.0,3.0,2142754,2.0,2,3,2,5.0,,0.0,0,1996.0,A01,138Â 306Â 065,1.0,-1.0,-1.0,1636224,1.0,7,,0.0,2.0,1.0,A01,138Â 306Â 065,1.0