Unnamed: 0_x,num_acc,mois,jour,hrmn,lum,agg,int,atm,col,com,adr,gps,lat,long,dep,annee,vma,situ,surf,catr,Unnamed: 0_y,place,catu,grav,sexe,trajet,secu,locp,actp,an_nais,num_veh_x,id_vehicule_x,secu1,secu2,secu3,Unnamed: 0,senc,catv,occutc,obs,obsm,choc,num_veh_y,id_vehicule_y,motor
958712,201900000243,5,5,12:05,1,1,1,1.0,5.0,33357,RD 222,M,"44,5301490"," -0,2574340",33,2019,80.0,1.0,1.0,3.0,2142755,1.0,1,2,1,5.0,,0.0,0,1990.0,A01,138Â 306Â 065,0.0,-1.0,-1.0,1636222,1.0,7,,0.0,0.0,0.0,C01,138Â 306Â 063,1.0
958712,201900000243,5,5,12:05,1,1,1,1.0,5.0,33357,RD 222,M,"44,5301490"," -0,2574340",33,2019,80.0,1.0,1.0,3.0,2142755,1.0,1,2,1,5.0,,0.0,0,1990.0,A01,138Â 306Â 065,0.0,-1.0,-1.0,1636223,2.0,7,,0.0,2.0,1.0,B01,138Â 306Â 064,1.0
958712,201900000243,5,5,12:05,1,1,1,1.0,5.0,33357,RD 222,M,"44,5301490"," -0,2574340",33,2019,80.0,1.0,1.0,3.0,2142755,1.0,1,2,1,5.0,,0.0,0,1990.0,A01,138Â 306Â 065,0.0,-1.0,-1.0,1636224,1.0,7,,0.0,2.0,1.0,A01,138Â 306Â 065,1.0
958713,201900000244,5,17,21:00,2,1,1,2.0,1.0,33114,Baudet,M,"45,0880920"," -0,3839500",33,2019,50.0,1.0,2.0,3.0,2142756,2.0,2,1,1,5.0,,0.0, -1,2016.0,B01,138Â 306Â 061,3.0,-1.0,-1.0,1636225,2.0,7,,0.0,2.0,1.0,B01,138Â 306Â 061,1.0
958713,201900000244,5,17,21:00,2,1,1,2.0,1.0,33114,Baudet,M,"45,0880920"," -0,3839500",33,2019,50.0,1.0,2.0,3.0,2142756,2.0,2,1,1,5.0,,0.0, -1,2016.0,B01,138Â 306Â 061,3.0,-1.0,-1.0,1636226,1.0,7,,0.0,2.0,1.0,A01,138Â 306Â 062,1.0
958713,201900000244,5,17,21:00,2,1,1,2.0,1.0,33114,Baudet,M,"45,0880920"," -0,3839500",33,2019,50.0,1.0,2.0,3.0,2142757,1.0,1,4,2,5.0,,0.0,0,1986.0,B01,138Â 306Â 061,1.0,-1.0,-1.0,1636225,2.0,7,,0.0,2.0,1.0,B01,138Â 306Â 061,1.0
958713,201900000244,5,17,21:00,2,1,1,2.0,1.0,33114,Baudet,M,"45,0880920"," -0,3839500",33,2019,50.0,1.0,2.0,3.0,2142757,1.0,1,4,2,5.0,,0.0,0,1986.0,B01,138Â 306Â 061,1.0,-1.0,-1.0,1636226,1.0,7,,0.0,2.0,1.0,A01,138Â 306Â 062,1.0
958713,201900000244,5,17,21:00,2,1,1,2.0,1.0,33114,Baudet,M,"45,0880920"," -0,3839500",33,2019,50.0,1.0,2.0,3.0,2142758,1.0,1,1,1,5.0,,0.0,0,1994.0,A01,138Â 306Â 062,1.0,-1.0,-1.0,1636225,2.0,7,,0.0,2.0,1.0,B01,138Â 306Â 061,1.0
958713,201900000244,5,17,21:00,2,1,1,2.0,1.0,33114,Baudet,M,"45,0880920"," -0,3839500",33,2019,50.0,1.0,2.0,3.0,2142758,1.0,1,1,1,5.0,,0.0,0,1994.0,A01,138Â 306Â 062,1.0,-1.0,-1.0,1636226,1.0,7,,0.0,2.0,1.0,A01,138Â 306Â 062,1.0
958714,201900000245,5,17,14:30,1,2,3,1.0,3.0,33238,Avenue de Mont de Marsan,M,"44,7205000"," -0,6037100",33,2019,50.0,1.0,1.0,3.0,2142759,1.0,1,1,1,5.0,,0.0,0,1949.0,A01,138Â 306Â 059,1.0,-1.0,-1.0,1636227,3.0,7,,0.0,2.0,3.0,A01,138Â 306Â 059,1.0
958714,201900000245,5,17,14:30,1,2,3,1.0,3.0,33238,Avenue de Mont de Marsan,M,"44,7205000"," -0,6037100",33,2019,50.0,1.0,1.0,3.0,2142759,1.0,1,1,1,5.0,,0.0,0,1949.0,A01,138Â 306Â 059,1.0,-1.0,-1.0,1636228,2.0,1,,0.0,2.0,1.0,B01,138Â 306Â 060,5.0
958714,201900000245,5,17,14:30,1,2,3,1.0,3.0,33238,Avenue de Mont de Marsan,M,"44,7205000"," -0,6037100",33,2019,50.0,1.0,1.0,3.0,2142760,1.0,1,3,1,5.0,,0.0,0,2001.0,B01,138Â 306Â 060,2.0,-1.0,-1.0,1636227,3.0,7,,0.0,2.0,3.0,A01,138Â 306Â 059,1.0
958714,201900000245,5,17,14:30,1,2,3,1.0,3.0,33238,Avenue de Mont de Marsan,M,"44,7205000"," -0,6037100",33,2019,50.0,1.0,1.0,3.0,2142760,1.0,1,3,1,5.0,,0.0,0,2001.0,B01,138Â 306Â 060,2.0,-1.0,-1.0,1636228,2.0,1,,0.0,2.0,1.0,B01,138Â 306Â 060,5.0
958715,201900000246,4,28,17:30,1,1,3,1.0,1.0,33293,RD115E6 / Avenue de la Chapelle,M,"44,8780800"," -0,4513700",33,2019,50.0,1.0,1.0,3.0,2142761,3.0,2,1,1,5.0,,-1.0, -1,2015.0,A01,138Â 306Â 054,3.0,-1.0,-1.0,1636229,2.0,7,,0.0,2.0,3.0,A01,138Â 306Â 054,0.0
958715,201900000246,4,28,17:30,1,1,3,1.0,1.0,33293,RD115E6 / Avenue de la Chapelle,M,"44,8780800"," -0,4513700",33,2019,50.0,1.0,1.0,3.0,2142761,3.0,2,1,1,5.0,,-1.0, -1,2015.0,A01,138Â 306Â 054,3.0,-1.0,-1.0,1636230,1.0,33,,0.0,2.0,1.0,B01,138Â 306Â 055,0.0
958715,201900000246,4,28,17:30,1,1,3,1.0,1.0,33293,RD115E6 / Avenue de la Chapelle,M,"44,8780800"," -0,4513700",33,2019,50.0,1.0,1.0,3.0,2142762,1.0,1,4,2,5.0,,0.0,0,1988.0,A01,138Â 306Â 054,1.0,-1.0,-1.0,1636229,2.0,7,,0.0,2.0,3.0,A01,138Â 306Â 054,0.0
958715,201900000246,4,28,17:30,1,1,3,1.0,1.0,33293,RD115E6 / Avenue de la Chapelle,M,"44,8780800"," -0,4513700",33,2019,50.0,1.0,1.0,3.0,2142762,1.0,1,4,2,5.0,,0.0,0,1988.0,A01,138Â 306Â 054,1.0,-1.0,-1.0,1636230,1.0,33,,0.0,2.0,1.0,B01,138Â 306Â 055,0.0
958715,201900000246,4,28,17:30,1,1,3,1.0,1.0,33293,RD115E6 / Avenue de la Chapelle,M,"44,8780800"," -0,4513700",33,2019,50.0,1.0,1.0,3.0,2142763,1.0,1,3,1,5.0,,0.0,0,1970.0,B01,138Â 306Â 055,2.0,-1.0,-1.0,1636229,2.0,7,,0.0,2.0,3.0,A01,138Â 306Â 054,0.0
958715,201900000246,4,28,17:30,1,1,3,1.0,1.0,33293,RD115E6 / Avenue de la Chapelle,M,"44,8780800"," -0,4513700",33,2019,50.0,1.0,1.0,3.0,2142763,1.0,1,3,1,5.0,,0.0,0,1970.0,B01,138Â 306Â 055,2.0,-1.0,-1.0,1636230,1.0,33,,0.0,2.0,1.0,B01,138Â 306Â 055,0.0
958716,201900000247,5,12,22:00,3,1,6,1.0,1.0,33433,Route d'Ambares,M,"44,9209300"," -0,4517400",33,2019,80.0,1.0,1.0,3.0,2142764,1.0,1,1,1,5.0,,0.0,0,1972.0,A01,138Â 306Â 052,1.0,-1.0,-1.0,1636231,2.0,7,,0.0,2.0,2.0,A01,138Â 306Â 052,1.0
958716,201900000247,5,12,22:00,3,1,6,1.0,1.0,33433,Route d'Ambares,M,"44,9209300"," -0,4517400",33,2019,80.0,1.0,1.0,3.0,2142764,1.0,1,1,1,5.0,,0.0,0,1972.0,A01,138Â 306Â 052,1.0,-1.0,-1.0,1636232,1.0,7,,0.0,2.0,3.0,B01,138Â 306Â 053,1.0
958716,201900000247,5,12,22:00,3,1,6,1.0,1.0,33433,Route d'Ambares,M,"44,9209300"," -0,4517400",33,2019,80.0,1.0,1.0,3.0,2142765,1.0,1,4,1,5.0,,0.0,0,1978.0,B01,138Â 306Â 053,1.0,-1.0,-1.0,1636231,2.0,7,,0.0,2.0,2.0,A01,138Â 306Â 052,1.0
958716,201900000247,5,12,22:00,3,1,6,1.0,1.0,33433,Route d'Ambares,M,"44,9209300"," -0,4517400",33,2019,80.0,1.0,1.0,3.0,2142765,1.0,1,4,1,5.0,,0.0,0,1978.0,B01,138Â 306Â 053,1.0,-1.0,-1.0,1636232,1.0,7,,0.0,2.0,3.0,B01,138Â 306Â 053,1.0
958716,201900000247,5,12,22:00,3,1,6,1.0,1.0,33433,Route d'Ambares,M,"44,9209300"," -0,4517400",33,2019,80.0,1.0,1.0,3.0,2142766,2.0,2,4,1,5.0,,0.0,0,2004.0,B01,138Â 306Â 053,1.0,-1.0,-1.0,1636231,2.0,7,,0.0,2.0,2.0,A01,138Â 306Â 052,1.0
958716,201900000247,5,12,22:00,3,1,6,1.0,1.0,33433,Route d'Ambares,M,"44,9209300"," -0,4517400",33,2019,80.0,1.0,1.0,3.0,2142766,2.0,2,4,1,5.0,,0.0,0,2004.0,B01,138Â 306Â 053,1.0,-1.0,-1.0,1636232,1.0,7,,0.0,2.0,3.0,B01,138Â 306Â 053,1.0
958716,201900000247,5,12,22:00,3,1,6,1.0,1.0,33433,Route d'Ambares,M,"44,9209300"," -0,4517400",33,2019,80.0,1.0,1.0,3.0,2142767,4.0,2,1,1,5.0,,-1.0, -1,2001.0,B01,138Â 306Â 053,1.0,0.0,0.0,1636231,2.0,7,,0.0,2.0,2.0,A01,138Â 306Â 052,1.0
958716,201900000247,5,12,22:00,3,1,6,1.0,1.0,33433,Route d'Ambares,M,"44,9209300"," -0,4517400",33,2019,80.0,1.0,1.0,3.0,2142767,4.0,2,1,1,5.0,,-1.0, -1,2001.0,B01,138Â 306Â 053,1.0,0.0,0.0,1636232,1.0,7,,0.0,2.0,3.0,B01,138Â 306Â 053,1.0
958716,201900000247,5,12,22:00,3,1,6,1.0,1.0,33433,Route d'Ambares,M,"44,9209300"," -0,4517400",33,2019,80.0,1.0,1.0,3.0,2142768,3.0,2,1,2,5.0,,-1.0, -1,2004.0,B01,138Â 306Â 053,1.0,0.0,0.0,1636231,2.0,7,,0.0,2.0,2.0,A01,138Â 306Â 052,1.0
958716,201900000247,5,12,22:00,3,1,6,1.0,1.0,33433,Route d'Ambares,M,"44,9209300"," -0,4517400",33,2019,80.0,1.0,1.0,3.0,2142768,3.0,2,1,2,5.0,,-1.0, -1,2004.0,B01,138Â 306Â 053,1.0,0.0,0.0,1636232,1.0,7,,0.0,2.0,3.0,B01,138Â 306Â 053,1.0
958717,201900000248,4,26,07:10,2,2,1,2.0,6.0,33433,9 Chemin des Sablons,M,"44,9000130"," -0,4323760",33,2019,50.0,1.0,2.0,4.0,2142769,1.0,1,1,1,1.0,,0.0,0,1959.0,A01,138Â 306Â 051,1.0,-1.0,-1.0,1636233,3.0,7,,0.0,1.0,3.0,A01,138Â 306Â 051,1.0
958717,201900000248,4,26,07:10,2,2,1,2.0,6.0,33433,9 Chemin des Sablons,M,"44,9000130"," -0,4323760",33,2019,50.0,1.0,2.0,4.0,2142770,10.0,3,3,1,4.0,,1.0,3,1965.0,A01,138Â 306Â 051,4.0,-1.0,-1.0,1636233,3.0,7,,0.0,1.0,3.0,A01,138Â 306Â 051,1.0
958718,201900000249,4,28,01:40,5,2,1,1.0,6.0,33551,1 Castaing,M,"45,0819440"," -0,6330030",33,2019,50.0,1.0,1.0,3.0,2142771,1.0,1,1,2,5.0,,0.0,0,1986.0,A01,138Â 306Â 050,1.0,-1.0,-1.0,1636234,1.0,7,,6.0,0.0,1.0,A01,138Â 306Â 050,1.0
958718,201900000249,4,28,01:40,5,2,1,1.0,6.0,33551,1 Castaing,M,"45,0819440"," -0,6330030",33,2019,50.0,1.0,1.0,3.0,2142772,9.0,2,3,1,5.0,,0.0,0,2016.0,A01,138Â 306Â 050,3.0,-1.0,-1.0,1636234,1.0,7,,6.0,0.0,1.0,A01,138Â 306Â 050,1.0
958719,201900000250,5,1,16:45,1,1,1,1.0,6.0,33376,Route de Castelnau (ex RD212 PR12+380),M,"44,9351220"," -0,7665340",33,2019,80.0,3.0,1.0,4.0,2142773,1.0,1,4,1,5.0,,0.0,0,1988.0,A01,138Â 306Â 049,1.0,-1.0,-1.0,1636235,1.0,7,,2.0,0.0,2.0,A01,138Â 306Â 049,1.0
958719,201900000250,5,1,16:45,1,1,1,1.0,6.0,33376,Route de Castelnau (ex RD212 PR12+380),M,"44,9351220"," -0,7665340",33,2019,80.0,3.0,1.0,4.0,2142774,2.0,2,3,1,5.0,,0.0,0,1989.0,A01,138Â 306Â 049,1.0,-1.0,-1.0,1636235,1.0,7,,2.0,0.0,2.0,A01,138Â 306Â 049,1.0
958720,201900000251,5,11,02:10,5,2,2,1.0,6.0,33042,AllÃ©e de la Briqueterie / AllÃ©e des chevreuils sens Est - Ouest,M,"44,4967700"," -0,7795700",33,2019,50.0,4.0,2.0,4.0,2142775,2.0,2,1,1,5.0,,0.0,0,2002.0,A01,138Â 306Â 048,2.0,-1.0,-1.0,1636236,3.0,2,,8.0,1.0,2.0,A01,138Â 306Â 048,1.0
958720,201900000251,5,11,02:10,5,2,2,1.0,6.0,33042,AllÃ©e de la Briqueterie / AllÃ©e des chevreuils sens Est - Ouest,M,"44,4967700"," -0,7795700",33,2019,50.0,4.0,2.0,4.0,2142776,10.0,3,1,2,5.0,,1.0,3,2002.0,A01,138Â 306Â 048,0.0,-1.0,-1.0,1636236,3.0,2,,8.0,1.0,2.0,A01,138Â 306Â 048,1.0
958720,201900000251,5,11,02:10,5,2,2,1.0,6.0,33042,AllÃ©e de la Briqueterie / AllÃ©e des chevreuils sens Est - Ouest,M,"44,4967700"," -0,7795700",33,2019,50.0,4.0,2.0,4.0,2142777,1.0,1,2,1,5.0,,0.0,0,2002.0,A01,138Â 306Â 048,2.0,-1.0,-1.0,1636236,3.0,2,,8.0,1.0,2.0,A01,138Â 306Â 048,1.0
958721,201900000252,5,19,01:30,3,1,1,5.0,1.0,85071,route dÃ©partementale 32,M,"46,7457800"," -1,8702900",85,2019,80.0,1.0,1.0,3.0,2142778,1.0,1,3,1,5.0,,0.0,0,2000.0,A01,138Â 306Â 046,1.0,-1.0,-1.0,1636237,1.0,7,,0.0,2.0,3.0,A01,138Â 306Â 046,1.0
958721,201900000252,5,19,01:30,3,1,1,5.0,1.0,85071,route dÃ©partementale 32,M,"46,7457800"," -1,8702900",85,2019,80.0,1.0,1.0,3.0,2142778,1.0,1,3,1,5.0,,0.0,0,2000.0,A01,138Â 306Â 046,1.0,-1.0,-1.0,1636238,2.0,7,,0.0,2.0,3.0,B01,138Â 306Â 047,1.0
958721,201900000252,5,19,01:30,3,1,1,5.0,1.0,85071,route dÃ©partementale 32,M,"46,7457800"," -1,8702900",85,2019,80.0,1.0,1.0,3.0,2142779,2.0,2,3,1,5.0,,0.0,0,2000.0,A01,138Â 306Â 046,1.0,-1.0,-1.0,1636237,1.0,7,,0.0,2.0,3.0,A01,138Â 306Â 046,1.0
958721,201900000252,5,19,01:30,3,1,1,5.0,1.0,85071,route dÃ©partementale 32,M,"46,7457800"," -1,8702900",85,2019,80.0,1.0,1.0,3.0,2142779,2.0,2,3,1,5.0,,0.0,0,2000.0,A01,138Â 306Â 046,1.0,-1.0,-1.0,1636238,2.0,7,,0.0,2.0,3.0,B01,138Â 306Â 047,1.0
958721,201900000252,5,19,01:30,3,1,1,5.0,1.0,85071,route dÃ©partementale 32,M,"46,7457800"," -1,8702900",85,2019,80.0,1.0,1.0,3.0,2142780,2.0,2,3,1,5.0,,0.0,0,2007.0,B01,138Â 306Â 047,1.0,-1.0,-1.0,1636237,1.0,7,,0.0,2.0,3.0,A01,138Â 306Â 046,1.0
958721,201900000252,5,19,01:30,3,1,1,5.0,1.0,85071,route dÃ©partementale 32,M,"46,7457800"," -1,8702900",85,2019,80.0,1.0,1.0,3.0,2142780,2.0,2,3,1,5.0,,0.0,0,2007.0,B01,138Â 306Â 047,1.0,-1.0,-1.0,1636238,2.0,7,,0.0,2.0,3.0,B01,138Â 306Â 047,1.0
958721,201900000252,5,19,01:30,3,1,1,5.0,1.0,85071,route dÃ©partementale 32,M,"46,7457800"," -1,8702900",85,2019,80.0,1.0,1.0,3.0,2142781,1.0,1,3,2,5.0,,0.0,0,1973.0,B01,138Â 306Â 047,1.0,-1.0,-1.0,1636237,1.0,7,,0.0,2.0,3.0,A01,138Â 306Â 046,1.0
958721,201900000252,5,19,01:30,3,1,1,5.0,1.0,85071,route dÃ©partementale 32,M,"46,7457800"," -1,8702900",85,2019,80.0,1.0,1.0,3.0,2142781,1.0,1,3,2,5.0,,0.0,0,1973.0,B01,138Â 306Â 047,1.0,-1.0,-1.0,1636238,2.0,7,,0.0,2.0,3.0,B01,138Â 306Â 047,1.0
958722,201900000253,5,19,16:05,1,2,1,1.0,3.0,85198,17 Rue des Mauges,M,"46,9926500"," -1,0434600",85,2019,50.0,1.0,1.0,3.0,2142782,1.0,1,3,1,0.0,,0.0,0,2000.0,A01,138Â 306Â 044,2.0,6.0,-1.0,1636239,1.0,2,,0.0,2.0,1.0,A01,138Â 306Â 044,1.0
958722,201900000253,5,19,16:05,1,2,1,1.0,3.0,85198,17 Rue des Mauges,M,"46,9926500"," -1,0434600",85,2019,50.0,1.0,1.0,3.0,2142782,1.0,1,3,1,0.0,,0.0,0,2000.0,A01,138Â 306Â 044,2.0,6.0,-1.0,1636240,2.0,7,,0.0,2.0,6.0,B01,138Â 306Â 045,1.0
958722,201900000253,5,19,16:05,1,2,1,1.0,3.0,85198,17 Rue des Mauges,M,"46,9926500"," -1,0434600",85,2019,50.0,1.0,1.0,3.0,2142783,1.0,1,1,1,0.0,,0.0,0,1992.0,B01,138Â 306Â 045,1.0,-1.0,-1.0,1636239,1.0,2,,0.0,2.0,1.0,A01,138Â 306Â 044,1.0
958722,201900000253,5,19,16:05,1,2,1,1.0,3.0,85198,17 Rue des Mauges,M,"46,9926500"," -1,0434600",85,2019,50.0,1.0,1.0,3.0,2142783,1.0,1,1,1,0.0,,0.0,0,1992.0,B01,138Â 306Â 045,1.0,-1.0,-1.0,1636240,2.0,7,,0.0,2.0,6.0,B01,138Â 306Â 045,1.0
958723,201900000254,5,4,11:20,1,2,1,1.0,6.0,72154,22 Rue de Verdun,M,"47,6975360"," -0,0894790",72,2019,50.0,1.0,1.0,3.0,2142784,1.0,1,4,1,5.0,,0.0,0,1967.0,A01,138Â 306Â 042,0.0,-1.0,-1.0,1636241,2.0,1,,0.0,2.0,8.0,A01,138Â 306Â 042,5.0
958723,201900000254,5,4,11:20,1,2,1,1.0,6.0,72154,22 Rue de Verdun,M,"47,6975360"," -0,0894790",72,2019,50.0,1.0,1.0,3.0,2142784,1.0,1,4,1,5.0,,0.0,0,1967.0,A01,138Â 306Â 042,0.0,-1.0,-1.0,1636242,1.0,7,,0.0,2.0,0.0,B01,138Â 306Â 043,1.0
958723,201900000254,5,4,11:20,1,2,1,1.0,6.0,72154,22 Rue de Verdun,M,"47,6975360"," -0,0894790",72,2019,50.0,1.0,1.0,3.0,2142785,1.0,1,1,1,5.0,,0.0,0,1968.0,B01,138Â 306Â 043,1.0,-1.0,-1.0,1636241,2.0,1,,0.0,2.0,8.0,A01,138Â 306Â 042,5.0
958723,201900000254,5,4,11:20,1,2,1,1.0,6.0,72154,22 Rue de Verdun,M,"47,6975360"," -0,0894790",72,2019,50.0,1.0,1.0,3.0,2142785,1.0,1,1,1,5.0,,0.0,0,1968.0,B01,138Â 306Â 043,1.0,-1.0,-1.0,1636242,1.0,7,,0.0,2.0,0.0,B01,138Â 306Â 043,1.0
958724,201900000255,5,14,21:50,2,1,1,1.0,6.0,49332,RN 249,M,"47,0760730"," -0,9475730",49,2019,110.0,3.0,1.0,2.0,2142786,1.0,1,3,1,1.0,,0.0,0,1938.0,A01,138Â 306Â 041,1.0,-1.0,-1.0,1636243,2.0,7,,3.0,0.0,3.0,A01,138Â 306Â 041,1.0
958725,201900000256,5,11,11:15,1,1,1,1.0,3.0,49301,Route Nationale 249 - LA RENAUDIERE,M,"47,1184410"," -1,0749310",49,2019,110.0,1.0,1.0,2.0,2142787,1.0,1,1,1,5.0,,0.0,0,1995.0,B01,138Â 306Â 039,1.0,-1.0,-1.0,1636244,1.0,7,,0.0,2.0,3.0,B01,138Â 306Â 039,1.0
958725,201900000256,5,11,11:15,1,1,1,1.0,3.0,49301,Route Nationale 249 - LA RENAUDIERE,M,"47,1184410"," -1,0749310",49,2019,110.0,1.0,1.0,2.0,2142787,1.0,1,1,1,5.0,,0.0,0,1995.0,B01,138Â 306Â 039,1.0,-1.0,-1.0,1636245,1.0,33,,0.0,2.0,7.0,A01,138Â 306Â 040,1.0
958725,201900000256,5,11,11:15,1,1,1,1.0,3.0,49301,Route Nationale 249 - LA RENAUDIERE,M,"47,1184410"," -1,0749310",49,2019,110.0,1.0,1.0,2.0,2142788,1.0,1,3,1,5.0,,0.0,0,1963.0,A01,138Â 306Â 040,2.0,6.0,-1.0,1636244,1.0,7,,0.0,2.0,3.0,B01,138Â 306Â 039,1.0
958725,201900000256,5,11,11:15,1,1,1,1.0,3.0,49301,Route Nationale 249 - LA RENAUDIERE,M,"47,1184410"," -1,0749310",49,2019,110.0,1.0,1.0,2.0,2142788,1.0,1,3,1,5.0,,0.0,0,1963.0,A01,138Â 306Â 040,2.0,6.0,-1.0,1636245,1.0,33,,0.0,2.0,7.0,A01,138Â 306Â 040,1.0
958726,201900000257,5,26,08:00,1,2,1,2.0,1.0,49023,Rue des MÃ©sanges (GestÃ©),M,"47,1841860"," -1,1068360",49,2019,30.0,1.0,1.0,4.0,2142789,1.0,1,1,2,5.0,,0.0,0,1958.0,B01,138Â 306Â 037,1.0,-1.0,-1.0,1636246,3.0,7,,0.0,2.0,3.0,B01,138Â 306Â 037,1.0
958726,201900000257,5,26,08:00,1,2,1,2.0,1.0,49023,Rue des MÃ©sanges (GestÃ©),M,"47,1841860"," -1,1068360",49,2019,30.0,1.0,1.0,4.0,2142789,1.0,1,1,2,5.0,,0.0,0,1958.0,B01,138Â 306Â 037,1.0,-1.0,-1.0,1636247,3.0,1,,0.0,0.0,1.0,A01,138Â 306Â 038,5.0
958726,201900000257,5,26,08:00,1,2,1,2.0,1.0,49023,Rue des MÃ©sanges (GestÃ©),M,"47,1841860"," -1,1068360",49,2019,30.0,1.0,1.0,4.0,2142790,1.0,1,4,1,5.0,,0.0,0,1957.0,A01,138Â 306Â 038,2.0,-1.0,-1.0,1636246,3.0,7,,0.0,2.0,3.0,B01,138Â 306Â 037,1.0
958726,201900000257,5,26,08:00,1,2,1,2.0,1.0,49023,Rue des MÃ©sanges (GestÃ©),M,"47,1841860"," -1,1068360",49,2019,30.0,1.0,1.0,4.0,2142790,1.0,1,4,1,5.0,,0.0,0,1957.0,A01,138Â 306Â 038,2.0,-1.0,-1.0,1636247,3.0,1,,0.0,0.0,1.0,A01,138Â 306Â 038,5.0
958727,201900000258,5,19,01:15,3,2,3,1.0,6.0,49138,Rue du Clos de la Lampe (Brion),M,"47,4418660"," -0,1582080",49,2019,50.0,1.0,1.0,4.0,2142791,1.0,1,3,1,5.0,,0.0,0,1997.0,A01,138Â 306Â 036,1.0,-1.0,-1.0,1636248,3.0,7,,6.0,0.0,1.0,A01,138Â 306Â 036,1.0
958728,201900000259,4,12,18:30,1,1,1,1.0,7.0,49271,Le Rossay,M,"47,5397900"," -0,7278510",49,2019,80.0,3.0,1.0,3.0,2142792,1.0,1,4,1,5.0,,0.0,0,2000.0,A01,138Â 306Â 035,2.0,6.0,9.0,1636249,2.0,33,,13.0,0.0,1.0,A01,138Â 306Â 035,1.0
958729,201900000260,4,28,04:10,4,2,1,1.0,6.0,44026,1 Avenue du Professeur Jean Rouxel,M,"47,2986420"," -1,5012530",44,2019,30.0,3.0,1.0,4.0,2142793,2.0,2,1,1,5.0,,0.0,0,2000.0,A01,138Â 306Â 034,1.0,5.0,-1.0,1636250,3.0,7,,7.0,0.0,7.0,A01,138Â 306Â 034,1.0
958729,201900000260,4,28,04:10,4,2,1,1.0,6.0,44026,1 Avenue du Professeur Jean Rouxel,M,"47,2986420"," -1,5012530",44,2019,30.0,3.0,1.0,4.0,2142794,9.0,2,3,1,5.0,,0.0,0,2001.0,A01,138Â 306Â 034,1.0,-1.0,-1.0,1636250,3.0,7,,7.0,0.0,7.0,A01,138Â 306Â 034,1.0
958729,201900000260,4,28,04:10,4,2,1,1.0,6.0,44026,1 Avenue du Professeur Jean Rouxel,M,"47,2986420"," -1,5012530",44,2019,30.0,3.0,1.0,4.0,2142795,1.0,1,1,1,5.0,,0.0,0,2000.0,A01,138Â 306Â 034,1.0,-1.0,-1.0,1636250,3.0,7,,7.0,0.0,7.0,A01,138Â 306Â 034,1.0
958729,201900000260,4,28,04:10,4,2,1,1.0,6.0,44026,1 Avenue du Professeur Jean Rouxel,M,"47,2986420"," -1,5012530",44,2019,30.0,3.0,1.0,4.0,2142796,7.0,2,1,1,5.0,,0.0,0,2000.0,A01,138Â 306Â 034,1.0,-1.0,-1.0,1636250,3.0,7,,7.0,0.0,7.0,A01,138Â 306Â 034,1.0
958730,201900000261,2,26,07:30,2,1,2,1.0,3.0,44026,Chemin de Gralan,M,"47,3135920"," -1,4376250",44,2019,80.0,1.0,1.0,7.0,2142797,1.0,1,1,1,1.0,,0.0,0,1957.0,A01,138Â 306Â 032,1.0,-1.0,-1.0,1636251,3.0,7,,0.0,2.0,2.0,A01,138Â 306Â 032,1.0
958730,201900000261,2,26,07:30,2,1,2,1.0,3.0,44026,Chemin de Gralan,M,"47,3135920"," -1,4376250",44,2019,80.0,1.0,1.0,7.0,2142797,1.0,1,1,1,1.0,,0.0,0,1957.0,A01,138Â 306Â 032,1.0,-1.0,-1.0,1636252,3.0,30,,0.0,2.0,1.0,B01,138Â 306Â 033,1.0
958730,201900000261,2,26,07:30,2,1,2,1.0,3.0,44026,Chemin de Gralan,M,"47,3135920"," -1,4376250",44,2019,80.0,1.0,1.0,7.0,2142798,1.0,1,4,2,9.0,,0.0,0,1981.0,B01,138Â 306Â 033,2.0,6.0,-1.0,1636251,3.0,7,,0.0,2.0,2.0,A01,138Â 306Â 032,1.0
958730,201900000261,2,26,07:30,2,1,2,1.0,3.0,44026,Chemin de Gralan,M,"47,3135920"," -1,4376250",44,2019,80.0,1.0,1.0,7.0,2142798,1.0,1,4,2,9.0,,0.0,0,1981.0,B01,138Â 306Â 033,2.0,6.0,-1.0,1636252,3.0,30,,0.0,2.0,1.0,B01,138Â 306Â 033,1.0
958731,201900000262,5,18,18:10,1,1,1,1.0,6.0,61279,Le Poteau,M,"48,4180860","0,0069520",61,2019,70.0,3.0,1.0,3.0,2142799,3.0,2,3,2,5.0,,0.0,0,1999.0,A01,138Â 306Â 031,0.0,-1.0,-1.0,1636253,2.0,7,,15.0,0.0,9.0,A01,138Â 306Â 031,1.0
958731,201900000262,5,18,18:10,1,1,1,1.0,6.0,61279,Le Poteau,M,"48,4180860","0,0069520",61,2019,70.0,3.0,1.0,3.0,2142800,1.0,1,3,1,5.0,,0.0,0,2000.0,A01,138Â 306Â 031,1.0,-1.0,-1.0,1636253,2.0,7,,15.0,0.0,9.0,A01,138Â 306Â 031,1.0