Unnamed: 0_x,num_acc,mois,jour,hrmn,lum,agg,int,atm,col,com,adr,gps,lat,long,dep,annee,vma,situ,surf,catr,Unnamed: 0_y,place,catu,grav,sexe,trajet,secu,locp,actp,an_nais,num_veh_x,id_vehicule_x,secu1,secu2,secu3,Unnamed: 0,senc,catv,occutc,obs,obsm,choc,num_veh_y,id_vehicule_y,motor
958731,201900000262,5,18,18:10,1,1,1,1.0,6.0,61279,Le Poteau,M,"48,4180860","0,0069520",61,2019,70.0,3.0,1.0,3.0,2142801,5.0,2,4,2,5.0,,0.0,0,1999.0,A01,138Â 306Â 031,0.0,-1.0,-1.0,1636253,2.0,7,,15.0,0.0,9.0,A01,138Â 306Â 031,1.0
958731,201900000262,5,18,18:10,1,1,1,1.0,6.0,61279,Le Poteau,M,"48,4180860","0,0069520",61,2019,70.0,3.0,1.0,3.0,2142802,4.0,2,4,1,5.0,,0.0,0,1998.0,A01,138Â 306Â 031,1.0,-1.0,-1.0,1636253,2.0,7,,15.0,0.0,9.0,A01,138Â 306Â 031,1.0
958731,201900000262,5,18,18:10,1,1,1,1.0,6.0,61279,Le Poteau,M,"48,4180860","0,0069520",61,2019,70.0,3.0,1.0,3.0,2142803,2.0,2,4,2,5.0,,0.0,0,2001.0,A01,138Â 306Â 031,1.0,-1.0,-1.0,1636253,2.0,7,,15.0,0.0,9.0,A01,138Â 306Â 031,1.0
958732,201900000263,5,4,09:30,1,1,1,3.0,7.0,61209,RD51,M,"48,5643800"," -0,2257120",61,2019,80.0,1.0,2.0,3.0,2142804,1.0,1,4,1,5.0,,0.0,0,1976.0,A01,138Â 306Â 030,5.0,6.0,2.0,1636254,1.0,33,,16.0,0.0,7.0,A01,138Â 306Â 030,0.0
958733,201900000264,5,24,20:26,1,1,1,1.0,7.0,50535,Les TribonniÃ¨res (Sainte-Pience),M,"48,7565640"," -1,3139210",50,2019,80.0,3.0,1.0,3.0,2142805,1.0,1,2,1,0.0,,0.0,0,1998.0,A01,138Â 306Â 029,0.0,-1.0,-1.0,1636255,2.0,7,,13.0,0.0,2.0,A01,138Â 306Â 029,1.0
958734,201900000265,5,15,21:30,2,2,1,1.0,1.0,14762,"Rue des Clairs Logis (Vire, Vire-Normandie)",M,"48,8447840"," -0,8771440",14,2019,50.0,1.0,1.0,9.0,2142806,1.0,1,1,1,1.0,,0.0,0,1990.0,A01,138Â 306Â 027,1.0,-1.0,-1.0,1636256,1.0,7,,0.0,2.0,3.0,A01,138Â 306Â 027,1.0
958734,201900000265,5,15,21:30,2,2,1,1.0,1.0,14762,"Rue des Clairs Logis (Vire, Vire-Normandie)",M,"48,8447840"," -0,8771440",14,2019,50.0,1.0,1.0,9.0,2142806,1.0,1,1,1,1.0,,0.0,0,1990.0,A01,138Â 306Â 027,1.0,-1.0,-1.0,1636257,2.0,33,,0.0,2.0,1.0,B01,138Â 306Â 028,1.0
958734,201900000265,5,15,21:30,2,2,1,1.0,1.0,14762,"Rue des Clairs Logis (Vire, Vire-Normandie)",M,"48,8447840"," -0,8771440",14,2019,50.0,1.0,1.0,9.0,2142807,1.0,1,3,1,1.0,,0.0,0,1989.0,B01,138Â 306Â 028,2.0,6.0,-1.0,1636256,1.0,7,,0.0,2.0,3.0,A01,138Â 306Â 027,1.0
958734,201900000265,5,15,21:30,2,2,1,1.0,1.0,14762,"Rue des Clairs Logis (Vire, Vire-Normandie)",M,"48,8447840"," -0,8771440",14,2019,50.0,1.0,1.0,9.0,2142807,1.0,1,3,1,1.0,,0.0,0,1989.0,B01,138Â 306Â 028,2.0,6.0,-1.0,1636257,2.0,33,,0.0,2.0,1.0,B01,138Â 306Â 028,1.0
958735,201900000266,5,9,09:10,1,1,3,8.0,1.0,14346,Sainte-Bazille,M,"49,1980920"," -0,6514060",14,2019,80.0,1.0,2.0,3.0,2142808,1.0,1,4,2,4.0,,0.0,0,1984.0,A01,138Â 306Â 025,1.0,-1.0,-1.0,1636258,1.0,7,,0.0,2.0,3.0,A01,138Â 306Â 025,1.0
958735,201900000266,5,9,09:10,1,1,3,8.0,1.0,14346,Sainte-Bazille,M,"49,1980920"," -0,6514060",14,2019,80.0,1.0,2.0,3.0,2142808,1.0,1,4,2,4.0,,0.0,0,1984.0,A01,138Â 306Â 025,1.0,-1.0,-1.0,1636259,1.0,14,,0.0,2.0,3.0,B01,138Â 306Â 026,1.0
958735,201900000266,5,9,09:10,1,1,3,8.0,1.0,14346,Sainte-Bazille,M,"49,1980920"," -0,6514060",14,2019,80.0,1.0,2.0,3.0,2142809,1.0,1,1,1,4.0,,0.0,0,1967.0,B01,138Â 306Â 026,1.0,-1.0,-1.0,1636258,1.0,7,,0.0,2.0,3.0,A01,138Â 306Â 025,1.0
958735,201900000266,5,9,09:10,1,1,3,8.0,1.0,14346,Sainte-Bazille,M,"49,1980920"," -0,6514060",14,2019,80.0,1.0,2.0,3.0,2142809,1.0,1,1,1,4.0,,0.0,0,1967.0,B01,138Â 306Â 026,1.0,-1.0,-1.0,1636259,1.0,14,,0.0,2.0,3.0,B01,138Â 306Â 026,1.0
958736,201900000267,5,7,19:50,1,1,6,1.0,7.0,14728,d613,M,"49,2900430"," -0,7577370",14,2019,80.0,1.0,1.0,3.0,2142810,1.0,1,4,1,9.0,,0.0,0,1966.0,A01,138Â 306Â 024,2.0,6.0,-1.0,1636260,2.0,2,,0.0,0.0,2.0,A01,138Â 306Â 024,1.0
958737,201900000268,5,17,11:30,1,1,1,1.0,6.0,14530,"D 514, PK 13",M,"49,2400820"," -0,2661190",14,2019,70.0,1.0,1.0,3.0,2142811,10.0,3,3,2,5.0,,2.0,3,1937.0,A01,138Â 306Â 023,0.0,-1.0,-1.0,1636261,2.0,7,,0.0,1.0,1.0,A01,138Â 306Â 023,1.0
958737,201900000268,5,17,11:30,1,1,1,1.0,6.0,14530,"D 514, PK 13",M,"49,2400820"," -0,2661190",14,2019,70.0,1.0,1.0,3.0,2142812,1.0,1,1,2,5.0,,0.0,0,1931.0,A01,138Â 306Â 023,1.0,-1.0,-1.0,1636261,2.0,7,,0.0,1.0,1.0,A01,138Â 306Â 023,1.0
958737,201900000268,5,17,11:30,1,1,1,1.0,6.0,14530,"D 514, PK 13",M,"49,2400820"," -0,2661190",14,2019,70.0,1.0,1.0,3.0,2142813,10.0,3,3,1,5.0,,2.0,3,1947.0,A01,138Â 306Â 023,0.0,-1.0,-1.0,1636261,2.0,7,,0.0,1.0,1.0,A01,138Â 306Â 023,1.0
958738,201900000269,5,26,20:15,1,1,1,1.0,6.0,14025,RN158,M,"48,9193770"," -0,2057370",14,2019,110.0,2.0,1.0,2.0,2142814,1.0,1,3,1,5.0,,0.0,0,1981.0,A01,138Â 306Â 022,1.0,-1.0,-1.0,1636262,2.0,7,,3.0,0.0,2.0,A01,138Â 306Â 022,1.0
958739,201900000270,5,16,13:50,1,2,1,1.0,2.0,56263,30 Rue de Vannes,M,"47,7035850"," -2,9521870",56,2019,50.0,1.0,1.0,3.0,2142815,1.0,1,3,1,1.0,,0.0,0,2003.0,A01,138Â 306Â 020,2.0,6.0,9.0,1636263,1.0,2,,0.0,2.0,1.0,A01,138Â 306Â 020,1.0
958739,201900000270,5,16,13:50,1,2,1,1.0,2.0,56263,30 Rue de Vannes,M,"47,7035850"," -2,9521870",56,2019,50.0,1.0,1.0,3.0,2142815,1.0,1,3,1,1.0,,0.0,0,2003.0,A01,138Â 306Â 020,2.0,6.0,9.0,1636264,1.0,7,,0.0,0.0,4.0,B01,138Â 306Â 021,1.0
958739,201900000270,5,16,13:50,1,2,1,1.0,2.0,56263,30 Rue de Vannes,M,"47,7035850"," -2,9521870",56,2019,50.0,1.0,1.0,3.0,2142816,1.0,1,1,1,1.0,,0.0,0,1975.0,B01,138Â 306Â 021,1.0,-1.0,-1.0,1636263,1.0,2,,0.0,2.0,1.0,A01,138Â 306Â 020,1.0
958739,201900000270,5,16,13:50,1,2,1,1.0,2.0,56263,30 Rue de Vannes,M,"47,7035850"," -2,9521870",56,2019,50.0,1.0,1.0,3.0,2142816,1.0,1,1,1,1.0,,0.0,0,1975.0,B01,138Â 306Â 021,1.0,-1.0,-1.0,1636264,1.0,7,,0.0,0.0,4.0,B01,138Â 306Â 021,1.0
958740,201900000271,5,22,06:40,2,2,6,1.0,3.0,29161,Route de Fouesnant,M,"47,9067830"," -4,0452100",29,2019,50.0,1.0,1.0,3.0,2142817,1.0,1,1,2,1.0,,0.0,0,1960.0,A01,138Â 306Â 018,1.0,-1.0,-1.0,1636265,2.0,7,,0.0,2.0,3.0,A01,138Â 306Â 018,1.0
958740,201900000271,5,22,06:40,2,2,6,1.0,3.0,29161,Route de Fouesnant,M,"47,9067830"," -4,0452100",29,2019,50.0,1.0,1.0,3.0,2142817,1.0,1,1,2,1.0,,0.0,0,1960.0,A01,138Â 306Â 018,1.0,-1.0,-1.0,1636266,2.0,33,,0.0,2.0,1.0,B01,138Â 306Â 019,1.0
958740,201900000271,5,22,06:40,2,2,6,1.0,3.0,29161,Route de Fouesnant,M,"47,9067830"," -4,0452100",29,2019,50.0,1.0,1.0,3.0,2142818,1.0,1,3,2,1.0,,0.0,0,1965.0,B01,138Â 306Â 019,2.0,6.0,-1.0,1636265,2.0,7,,0.0,2.0,3.0,A01,138Â 306Â 018,1.0
958740,201900000271,5,22,06:40,2,2,6,1.0,3.0,29161,Route de Fouesnant,M,"47,9067830"," -4,0452100",29,2019,50.0,1.0,1.0,3.0,2142818,1.0,1,3,2,1.0,,0.0,0,1965.0,B01,138Â 306Â 019,2.0,6.0,-1.0,1636266,2.0,33,,0.0,2.0,1.0,B01,138Â 306Â 019,1.0
958741,201900000272,5,14,18:25,1,1,1,7.0,7.0,29272,RN165 PK 44+500 Sens de circulation LORIENT-QUIMPER,M,"47,9620662"," -3,9636451",29,2019,110.0,3.0,1.0,2.0,2142819,1.0,1,2,2,0.0,,0.0,0,1933.0,A01,138Â 306Â 017,8.0,-1.0,-1.0,1636267,1.0,7,,17.0,0.0,1.0,A01,138Â 306Â 017,1.0
958742,201900000273,5,12,19:45,1,1,1,1.0,1.0,29046,CD 765,M,"48,0751740"," -4,3371860",29,2019,80.0,1.0,1.0,3.0,2142820,1.0,1,1,1,5.0,,0.0,0,1949.0,B01,138Â 306Â 015,1.0,-1.0,-1.0,1636268,2.0,7,,0.0,2.0,3.0,B01,138Â 306Â 015,1.0
958742,201900000273,5,12,19:45,1,1,1,1.0,1.0,29046,CD 765,M,"48,0751740"," -4,3371860",29,2019,80.0,1.0,1.0,3.0,2142820,1.0,1,1,1,5.0,,0.0,0,1949.0,B01,138Â 306Â 015,1.0,-1.0,-1.0,1636269,1.0,33,,0.0,2.0,1.0,A01,138Â 306Â 016,1.0
958742,201900000273,5,12,19:45,1,1,1,1.0,1.0,29046,CD 765,M,"48,0751740"," -4,3371860",29,2019,80.0,1.0,1.0,3.0,2142821,1.0,1,3,1,5.0,,0.0,0,1990.0,A01,138Â 306Â 016,2.0,6.0,-1.0,1636268,2.0,7,,0.0,2.0,3.0,B01,138Â 306Â 015,1.0
958742,201900000273,5,12,19:45,1,1,1,1.0,1.0,29046,CD 765,M,"48,0751740"," -4,3371860",29,2019,80.0,1.0,1.0,3.0,2142821,1.0,1,3,1,5.0,,0.0,0,1990.0,A01,138Â 306Â 016,2.0,6.0,-1.0,1636269,1.0,33,,0.0,2.0,1.0,A01,138Â 306Â 016,1.0
958743,201900000274,5,17,23:00,3,1,1,1.0,7.0,22198,D6,M,"48,7709350"," -3,5283800",22,2019,80.0,3.0,1.0,3.0,2142822,1.0,1,3,1,5.0,,0.0,0,1988.0,A01,138Â 306Â 014,2.0,-1.0,-1.0,1636270,2.0,2,,0.0,0.0,0.0,A01,138Â 306Â 014,1.0
958744,201900000275,5,12,17:00,1,1,1,1.0,6.0,22198,rue de l'ile gande,M,"48,7946640"," -3,5617875",22,2019,50.0,1.0,1.0,3.0,2142823,10.0,3,4,2,5.0,,9.0,2,2013.0,A01,138Â 306Â 013,0.0,-1.0,-1.0,1636271,1.0,7,,0.0,1.0,3.0,A01,138Â 306Â 013,1.0
958744,201900000275,5,12,17:00,1,1,1,1.0,6.0,22198,rue de l'ile gande,M,"48,7946640"," -3,5617875",22,2019,50.0,1.0,1.0,3.0,2142824,1.0,1,1,1,5.0,,0.0,0,1985.0,A01,138Â 306Â 013,1.0,-1.0,-1.0,1636271,1.0,7,,0.0,1.0,3.0,A01,138Â 306Â 013,1.0
958745,201900000276,5,11,16:00,1,1,9,1.0,1.0,22225,lieu dit moulin de kerraufret,M,"48,4992361"," -3,1167870",22,2019,80.0,1.0,1.0,3.0,2142825,1.0,1,3,1,5.0,,0.0,0,1997.0,A01,138Â 306Â 011,2.0,9.0,-1.0,1636272,2.0,31,,16.0,2.0,1.0,A01,138Â 306Â 011,1.0
958745,201900000276,5,11,16:00,1,1,9,1.0,1.0,22225,lieu dit moulin de kerraufret,M,"48,4992361"," -3,1167870",22,2019,80.0,1.0,1.0,3.0,2142825,1.0,1,3,1,5.0,,0.0,0,1997.0,A01,138Â 306Â 011,2.0,9.0,-1.0,1636273,1.0,7,,16.0,2.0,3.0,B01,138Â 306Â 012,1.0
958745,201900000276,5,11,16:00,1,1,9,1.0,1.0,22225,lieu dit moulin de kerraufret,M,"48,4992361"," -3,1167870",22,2019,80.0,1.0,1.0,3.0,2142826,2.0,2,1,2,0.0,,0.0,0,1939.0,B01,138Â 306Â 012,1.0,-1.0,-1.0,1636272,2.0,31,,16.0,2.0,1.0,A01,138Â 306Â 011,1.0
958745,201900000276,5,11,16:00,1,1,9,1.0,1.0,22225,lieu dit moulin de kerraufret,M,"48,4992361"," -3,1167870",22,2019,80.0,1.0,1.0,3.0,2142826,2.0,2,1,2,0.0,,0.0,0,1939.0,B01,138Â 306Â 012,1.0,-1.0,-1.0,1636273,1.0,7,,16.0,2.0,3.0,B01,138Â 306Â 012,1.0
958745,201900000276,5,11,16:00,1,1,9,1.0,1.0,22225,lieu dit moulin de kerraufret,M,"48,4992361"," -3,1167870",22,2019,80.0,1.0,1.0,3.0,2142827,1.0,1,1,1,0.0,,0.0,0,1936.0,B01,138Â 306Â 012,1.0,-1.0,-1.0,1636272,2.0,31,,16.0,2.0,1.0,A01,138Â 306Â 011,1.0
958745,201900000276,5,11,16:00,1,1,9,1.0,1.0,22225,lieu dit moulin de kerraufret,M,"48,4992361"," -3,1167870",22,2019,80.0,1.0,1.0,3.0,2142827,1.0,1,1,1,0.0,,0.0,0,1936.0,B01,138Â 306Â 012,1.0,-1.0,-1.0,1636273,1.0,7,,16.0,2.0,3.0,B01,138Â 306Â 012,1.0
958746,201900000277,4,24,07:50,1,1,2,2.0,3.0,22339,LA BONNELAIS,M,"48,5033200"," -2,0516160",22,2019,80.0,1.0,2.0,4.0,2142828,1.0,1,1,2,0.0,,0.0,0,1984.0,A01,138Â 306Â 009,1.0,-1.0,-1.0,1636274,3.0,7,,0.0,2.0,2.0,A01,138Â 306Â 009,1.0
958746,201900000277,4,24,07:50,1,1,2,2.0,3.0,22339,LA BONNELAIS,M,"48,5033200"," -2,0516160",22,2019,80.0,1.0,2.0,4.0,2142828,1.0,1,1,2,0.0,,0.0,0,1984.0,A01,138Â 306Â 009,1.0,-1.0,-1.0,1636275,3.0,3,,0.0,2.0,6.0,B01,138Â 306Â 010,1.0
958746,201900000277,4,24,07:50,1,1,2,2.0,3.0,22339,LA BONNELAIS,M,"48,5033200"," -2,0516160",22,2019,80.0,1.0,2.0,4.0,2142829,1.0,1,3,1,1.0,,0.0,0,1965.0,B01,138Â 306Â 010,1.0,-1.0,-1.0,1636274,3.0,7,,0.0,2.0,2.0,A01,138Â 306Â 009,1.0
958746,201900000277,4,24,07:50,1,1,2,2.0,3.0,22339,LA BONNELAIS,M,"48,5033200"," -2,0516160",22,2019,80.0,1.0,2.0,4.0,2142829,1.0,1,3,1,1.0,,0.0,0,1965.0,B01,138Â 306Â 010,1.0,-1.0,-1.0,1636275,3.0,3,,0.0,2.0,6.0,B01,138Â 306Â 010,1.0
958747,201900000278,5,3,14:45,1,2,3,1.0,3.0,22259,Rue des Alouettes,M,"48,4451730"," -2,0776980",22,2019,50.0,1.0,1.0,4.0,2142830,1.0,1,4,1,5.0,,0.0,0,1964.0,B01,138Â 306Â 007,2.0,6.0,-1.0,1636276,3.0,33,,0.0,2.0,7.0,B01,138Â 306Â 007,1.0
958747,201900000278,5,3,14:45,1,2,3,1.0,3.0,22259,Rue des Alouettes,M,"48,4451730"," -2,0776980",22,2019,50.0,1.0,1.0,4.0,2142830,1.0,1,4,1,5.0,,0.0,0,1964.0,B01,138Â 306Â 007,2.0,6.0,-1.0,1636277,3.0,7,,0.0,2.0,3.0,A01,138Â 306Â 008,1.0
958747,201900000278,5,3,14:45,1,2,3,1.0,3.0,22259,Rue des Alouettes,M,"48,4451730"," -2,0776980",22,2019,50.0,1.0,1.0,4.0,2142831,1.0,1,1,1,5.0,,0.0,0,1983.0,A01,138Â 306Â 008,1.0,-1.0,-1.0,1636276,3.0,33,,0.0,2.0,7.0,B01,138Â 306Â 007,1.0
958747,201900000278,5,3,14:45,1,2,3,1.0,3.0,22259,Rue des Alouettes,M,"48,4451730"," -2,0776980",22,2019,50.0,1.0,1.0,4.0,2142831,1.0,1,1,1,5.0,,0.0,0,1983.0,A01,138Â 306Â 008,1.0,-1.0,-1.0,1636277,3.0,7,,0.0,2.0,3.0,A01,138Â 306Â 008,1.0
958748,201900000279,5,25,04:10,3,1,1,1.0,7.0,22144,La Fontenelle,M,"48,5073180"," -2,8330030",22,2019,80.0,3.0,1.0,4.0,2142832,9.0,2,3,1,5.0,,0.0,0,1999.0,A01,138Â 306Â 006,0.0,-1.0,-1.0,1636278,3.0,7,,3.0,0.0,2.0,A01,138Â 306Â 006,1.0
958748,201900000279,5,25,04:10,3,1,1,1.0,7.0,22144,La Fontenelle,M,"48,5073180"," -2,8330030",22,2019,80.0,3.0,1.0,4.0,2142833,2.0,2,1,1,5.0,,0.0,0,1998.0,A01,138Â 306Â 006,1.0,-1.0,-1.0,1636278,3.0,7,,3.0,0.0,2.0,A01,138Â 306Â 006,1.0
958748,201900000279,5,25,04:10,3,1,1,1.0,7.0,22144,La Fontenelle,M,"48,5073180"," -2,8330030",22,2019,80.0,3.0,1.0,4.0,2142834,1.0,1,1,1,5.0,,0.0,0,1999.0,A01,138Â 306Â 006,1.0,-1.0,-1.0,1636278,3.0,7,,3.0,0.0,2.0,A01,138Â 306Â 006,1.0
958749,201900000280,5,18,16:55,1,2,1,1.0,3.0,22262,rue du chemin des sentes,M,"48,4079519"," -2,9089308",22,2019,50.0,1.0,1.0,4.0,2142835,1.0,1,4,1,0.0,,0.0,0,2002.0,B01,138Â 306Â 004,2.0,-1.0,-1.0,1636279,3.0,2,,0.0,2.0,1.0,B01,138Â 306Â 004,1.0
958749,201900000280,5,18,16:55,1,2,1,1.0,3.0,22262,rue du chemin des sentes,M,"48,4079519"," -2,9089308",22,2019,50.0,1.0,1.0,4.0,2142835,1.0,1,4,1,0.0,,0.0,0,2002.0,B01,138Â 306Â 004,2.0,-1.0,-1.0,1636280,3.0,7,,0.0,2.0,3.0,A01,138Â 306Â 005,1.0
958749,201900000280,5,18,16:55,1,2,1,1.0,3.0,22262,rue du chemin des sentes,M,"48,4079519"," -2,9089308",22,2019,50.0,1.0,1.0,4.0,2142836,1.0,1,1,2,5.0,,0.0,0,1979.0,A01,138Â 306Â 005,1.0,-1.0,-1.0,1636279,3.0,2,,0.0,2.0,1.0,B01,138Â 306Â 004,1.0
958749,201900000280,5,18,16:55,1,2,1,1.0,3.0,22262,rue du chemin des sentes,M,"48,4079519"," -2,9089308",22,2019,50.0,1.0,1.0,4.0,2142836,1.0,1,1,2,5.0,,0.0,0,1979.0,A01,138Â 306Â 005,1.0,-1.0,-1.0,1636280,3.0,7,,0.0,2.0,3.0,A01,138Â 306Â 005,1.0
958750,201900000281,5,4,19:30,1,1,1,1.0,7.0,22081,Rue des Ponts Neufs,M,"48,5019260"," -2,6155890",22,2019,80.0,3.0,1.0,3.0,2142837,1.0,1,1,1,5.0,,0.0,0,1998.0,A01,138Â 306Â 003,8.0,-1.0,-1.0,1636281,1.0,7,,13.0,0.0,1.0,A01,138Â 306Â 003,1.0
958750,201900000281,5,4,19:30,1,1,1,1.0,7.0,22081,Rue des Ponts Neufs,M,"48,5019260"," -2,6155890",22,2019,80.0,3.0,1.0,3.0,2142838,7.0,2,3,2,5.0,,0.0,0,2000.0,A01,138Â 306Â 003,8.0,-1.0,-1.0,1636281,1.0,7,,13.0,0.0,1.0,A01,138Â 306Â 003,1.0
958750,201900000281,5,4,19:30,1,1,1,1.0,7.0,22081,Rue des Ponts Neufs,M,"48,5019260"," -2,6155890",22,2019,80.0,3.0,1.0,3.0,2142839,2.0,2,1,1,5.0,,0.0,0,1985.0,A01,138Â 306Â 003,8.0,-1.0,-1.0,1636281,1.0,7,,13.0,0.0,1.0,A01,138Â 306Â 003,1.0
958751,201900000282,5,19,02:55,3,2,1,1.0,6.0,22162,Rue de Beauport,M,"48,7668190"," -3,0192520",22,2019,50.0,1.0,1.0,3.0,2142840,10.0,3,3,1,5.0,,1.0,1,1995.0,A01,138Â 306Â 002,0.0,-1.0,-1.0,1636282,2.0,0,,0.0,1.0,2.0,A01,138Â 306Â 002,0.0
958752,201900000283,4,13,20:15,2,1,1,1.0,1.0,22093,LA MARE JAUNE,M,"48,4338264"," -2,5101157",22,2019,80.0,1.0,1.0,3.0,2142841,1.0,1,3,1,5.0,,0.0,0,1933.0,A01,138Â 306Â 000,8.0,-1.0,-1.0,1636283,1.0,7,,0.0,2.0,1.0,A01,138Â 306Â 000,0.0
958752,201900000283,4,13,20:15,2,1,1,1.0,1.0,22093,LA MARE JAUNE,M,"48,4338264"," -2,5101157",22,2019,80.0,1.0,1.0,3.0,2142841,1.0,1,3,1,5.0,,0.0,0,1933.0,A01,138Â 306Â 000,8.0,-1.0,-1.0,1636284,2.0,7,,0.0,2.0,1.0,B01,138Â 306Â 001,0.0
958752,201900000283,4,13,20:15,2,1,1,1.0,1.0,22093,LA MARE JAUNE,M,"48,4338264"," -2,5101157",22,2019,80.0,1.0,1.0,3.0,2142842,7.0,2,3,2,5.0,,0.0,0,1965.0,B01,138Â 306Â 001,8.0,-1.0,-1.0,1636283,1.0,7,,0.0,2.0,1.0,A01,138Â 306Â 000,0.0
958752,201900000283,4,13,20:15,2,1,1,1.0,1.0,22093,LA MARE JAUNE,M,"48,4338264"," -2,5101157",22,2019,80.0,1.0,1.0,3.0,2142842,7.0,2,3,2,5.0,,0.0,0,1965.0,B01,138Â 306Â 001,8.0,-1.0,-1.0,1636284,2.0,7,,0.0,2.0,1.0,B01,138Â 306Â 001,0.0
958752,201900000283,4,13,20:15,2,1,1,1.0,1.0,22093,LA MARE JAUNE,M,"48,4338264"," -2,5101157",22,2019,80.0,1.0,1.0,3.0,2142843,2.0,2,3,2,5.0,,0.0,0,1965.0,B01,138Â 306Â 001,8.0,-1.0,-1.0,1636283,1.0,7,,0.0,2.0,1.0,A01,138Â 306Â 000,0.0
958752,201900000283,4,13,20:15,2,1,1,1.0,1.0,22093,LA MARE JAUNE,M,"48,4338264"," -2,5101157",22,2019,80.0,1.0,1.0,3.0,2142843,2.0,2,3,2,5.0,,0.0,0,1965.0,B01,138Â 306Â 001,8.0,-1.0,-1.0,1636284,2.0,7,,0.0,2.0,1.0,B01,138Â 306Â 001,0.0
958752,201900000283,4,13,20:15,2,1,1,1.0,1.0,22093,LA MARE JAUNE,M,"48,4338264"," -2,5101157",22,2019,80.0,1.0,1.0,3.0,2142844,9.0,2,3,2,5.0,,0.0,0,1985.0,B01,138Â 306Â 001,8.0,-1.0,-1.0,1636283,1.0,7,,0.0,2.0,1.0,A01,138Â 306Â 000,0.0
958752,201900000283,4,13,20:15,2,1,1,1.0,1.0,22093,LA MARE JAUNE,M,"48,4338264"," -2,5101157",22,2019,80.0,1.0,1.0,3.0,2142844,9.0,2,3,2,5.0,,0.0,0,1985.0,B01,138Â 306Â 001,8.0,-1.0,-1.0,1636284,2.0,7,,0.0,2.0,1.0,B01,138Â 306Â 001,0.0
958752,201900000283,4,13,20:15,2,1,1,1.0,1.0,22093,LA MARE JAUNE,M,"48,4338264"," -2,5101157",22,2019,80.0,1.0,1.0,3.0,2142845,1.0,1,3,1,5.0,,0.0,0,1981.0,B01,138Â 306Â 001,8.0,-1.0,-1.0,1636283,1.0,7,,0.0,2.0,1.0,A01,138Â 306Â 000,0.0
958752,201900000283,4,13,20:15,2,1,1,1.0,1.0,22093,LA MARE JAUNE,M,"48,4338264"," -2,5101157",22,2019,80.0,1.0,1.0,3.0,2142845,1.0,1,3,1,5.0,,0.0,0,1981.0,B01,138Â 306Â 001,8.0,-1.0,-1.0,1636284,2.0,7,,0.0,2.0,1.0,B01,138Â 306Â 001,0.0
958753,201900000284,5,11,10:40,1,1,1,1.0,1.0,35228,la vallÃ©e rondeau,M,"48,5993880"," -2,0422930",35,2019,80.0,1.0,1.0,4.0,2142846,1.0,1,1,1,5.0,,0.0,0,1993.0,A01,138Â 305Â 998,1.0,-1.0,-1.0,1636285,3.0,7,,0.0,2.0,3.0,A01,138Â 305Â 998,1.0
958753,201900000284,5,11,10:40,1,1,1,1.0,1.0,35228,la vallÃ©e rondeau,M,"48,5993880"," -2,0422930",35,2019,80.0,1.0,1.0,4.0,2142846,1.0,1,1,1,5.0,,0.0,0,1993.0,A01,138Â 305Â 998,1.0,-1.0,-1.0,1636286,3.0,7,,0.0,2.0,3.0,B01,138Â 305Â 999,1.0
958753,201900000284,5,11,10:40,1,1,1,1.0,1.0,35228,la vallÃ©e rondeau,M,"48,5993880"," -2,0422930",35,2019,80.0,1.0,1.0,4.0,2142847,1.0,1,4,1,5.0,,0.0,0,1951.0,B01,138Â 305Â 999,1.0,-1.0,-1.0,1636285,3.0,7,,0.0,2.0,3.0,A01,138Â 305Â 998,1.0
958753,201900000284,5,11,10:40,1,1,1,1.0,1.0,35228,la vallÃ©e rondeau,M,"48,5993880"," -2,0422930",35,2019,80.0,1.0,1.0,4.0,2142847,1.0,1,4,1,5.0,,0.0,0,1951.0,B01,138Â 305Â 999,1.0,-1.0,-1.0,1636286,3.0,7,,0.0,2.0,3.0,B01,138Â 305Â 999,1.0
958754,201900000285,5,20,16:33,1,1,1,1.0,7.0,35139,les cours,M,"48,0015050"," -1,7158740",35,2019,80.0,3.0,1.0,4.0,2142848,1.0,1,2,1,9.0,,0.0,0,1940.0,A01,138Â 305Â 997,1.0,-1.0,-1.0,1636287,3.0,7,,0.0,0.0,3.0,A01,138Â 305Â 997,1.0
958755,201900000286,5,4,23:00,3,1,3,1.0,6.0,35139,La Croix Chemin,M,"47,9804050"," -1,7393150",35,2019,80.0,3.0,1.0,3.0,2142849,1.0,1,3,1,5.0,,0.0,0,1956.0,A01,138Â 305Â 996,1.0,-1.0,-1.0,1636288,3.0,7,,15.0,0.0,1.0,A01,138Â 305Â 996,1.0
958756,201900000287,5,24,19:20,1,2,6,1.0,6.0,35236,Rond Point Rue de la Vieille Ville,M,"47,6733400"," -2,0804340",35,2019,70.0,4.0,1.0,3.0,2142850,1.0,1,3,1,1.0,,0.0,0,1998.0,A01,138Â 305Â 995,1.0,5.0,-1.0,1636289,2.0,7,,1.0,0.0,3.0,A01,138Â 305Â 995,1.0