Unnamed: 0_x,num_acc,mois,jour,hrmn,lum,agg,int,atm,col,com,adr,gps,lat,long,dep,annee,vma,situ,surf,catr,Unnamed: 0_y,place,catu,grav,sexe,trajet,secu,locp,actp,an_nais,num_veh_x,id_vehicule_x,secu1,secu2,secu3,Unnamed: 0,senc,catv,occutc,obs,obsm,choc,num_veh_y,id_vehicule_y,motor
958757,201900000288,5,14,16:00,1,1,1,1.0,6.0,35257,route dÃ©partementale 113,M,"48,3712820"," -1,3148010",35,2019,50.0,3.0,9.0,3.0,2142851,1.0,1,3,1,2.0,,0.0,0,2001.0,A01,138Â 305Â 993,1.0,5.0,-1.0,1636290,2.0,7,,13.0,0.0,2.0,A01,138Â 305Â 993,1.0
958758,201900000289,5,3,14:30,1,2,1,1.0,6.0,35309,D794,M,"48,3708850"," -1,5715930",35,2019,50.0,3.0,1.0,3.0,2142852,1.0,1,3,1,5.0,,0.0,0,2002.0,A01,138Â 305Â 992,2.0,6.0,-1.0,1636291,1.0,2,,6.0,0.0,7.0,A01,138Â 305Â 992,1.0
958759,201900000290,5,6,08:15,1,1,1,7.0,2.0,35240,RN 24 sens Lorient Rennes PK 5.750,M,"48,0946210"," -1,7633770",35,2019,110.0,1.0,1.0,2.0,2142853,1.0,1,3,1,4.0,,0.0,0,1995.0,A01,138Â 305Â 990,2.0,6.0,-1.0,1636292,2.0,32,,0.0,2.0,1.0,A01,138Â 305Â 990,1.0
958759,201900000290,5,6,08:15,1,1,1,7.0,2.0,35240,RN 24 sens Lorient Rennes PK 5.750,M,"48,0946210"," -1,7633770",35,2019,110.0,1.0,1.0,2.0,2142853,1.0,1,3,1,4.0,,0.0,0,1995.0,A01,138Â 305Â 990,2.0,6.0,-1.0,1636293,2.0,7,,0.0,2.0,4.0,B01,138Â 305Â 991,1.0
958759,201900000290,5,6,08:15,1,1,1,7.0,2.0,35240,RN 24 sens Lorient Rennes PK 5.750,M,"48,0946210"," -1,7633770",35,2019,110.0,1.0,1.0,2.0,2142854,1.0,1,1,2,4.0,,0.0,0,1971.0,B01,138Â 305Â 991,8.0,-1.0,-1.0,1636292,2.0,32,,0.0,2.0,1.0,A01,138Â 305Â 990,1.0
958759,201900000290,5,6,08:15,1,1,1,7.0,2.0,35240,RN 24 sens Lorient Rennes PK 5.750,M,"48,0946210"," -1,7633770",35,2019,110.0,1.0,1.0,2.0,2142854,1.0,1,1,2,4.0,,0.0,0,1971.0,B01,138Â 305Â 991,8.0,-1.0,-1.0,1636293,2.0,7,,0.0,2.0,4.0,B01,138Â 305Â 991,1.0
958760,201900000291,5,29,18:00,1,1,1,1.0,6.0,27365,D77,M,"49,2994190","1,1928990",27,2019,70.0,3.0,1.0,3.0,2142855,1.0,1,4,1,0.0,,0.0,0,1986.0,A01,138Â 305Â 989,8.0,-1.0,-1.0,1636294,0.0,7,,13.0,0.0,1.0,A01,138Â 305Â 989,1.0
958760,201900000291,5,29,18:00,1,1,1,1.0,6.0,27365,D77,M,"49,2994190","1,1928990",27,2019,70.0,3.0,1.0,3.0,2142856,2.0,2,3,1,0.0,,0.0,0,1986.0,A01,138Â 305Â 989,8.0,-1.0,-1.0,1636294,0.0,7,,13.0,0.0,1.0,A01,138Â 305Â 989,1.0
958761,201900000292,5,22,19:00,1,1,3,1.0,3.0,27188,RD 321 - Intersection de ZA Val Richard,M,"49,3049040","1,1209520",27,2019,50.0,1.0,1.0,3.0,2142857,1.0,1,1,1,5.0,,0.0,0,1947.0,A01,138Â 305Â 987,1.0,-1.0,-1.0,1636295,2.0,7,,0.0,2.0,6.0,A01,138Â 305Â 987,1.0
958761,201900000292,5,22,19:00,1,1,3,1.0,3.0,27188,RD 321 - Intersection de ZA Val Richard,M,"49,3049040","1,1209520",27,2019,50.0,1.0,1.0,3.0,2142857,1.0,1,1,1,5.0,,0.0,0,1947.0,A01,138Â 305Â 987,1.0,-1.0,-1.0,1636296,1.0,33,,0.0,2.0,1.0,B01,138Â 305Â 988,1.0
958761,201900000292,5,22,19:00,1,1,3,1.0,3.0,27188,RD 321 - Intersection de ZA Val Richard,M,"49,3049040","1,1209520",27,2019,50.0,1.0,1.0,3.0,2142858,1.0,1,3,1,1.0,,0.0,0,1992.0,B01,138Â 305Â 988,2.0,6.0,-1.0,1636295,2.0,7,,0.0,2.0,6.0,A01,138Â 305Â 987,1.0
958761,201900000292,5,22,19:00,1,1,3,1.0,3.0,27188,RD 321 - Intersection de ZA Val Richard,M,"49,3049040","1,1209520",27,2019,50.0,1.0,1.0,3.0,2142858,1.0,1,3,1,1.0,,0.0,0,1992.0,B01,138Â 305Â 988,2.0,6.0,-1.0,1636296,1.0,33,,0.0,2.0,1.0,B01,138Â 305Â 988,1.0
958762,201900000293,5,29,12:50,1,2,4,8.0,1.0,27335,Rue des PrÃ©s,M,"49,1346320","1,1887900",27,2019,50.0,5.0,1.0,3.0,2142859,1.0,1,3,1,9.0,,0.0,0,2007.0,B01,138Â 305Â 982,0.0,-1.0,-1.0,1636297,1.0,1,,0.0,2.0,1.0,B01,138Â 305Â 982,5.0
958762,201900000293,5,29,12:50,1,2,4,8.0,1.0,27335,Rue des PrÃ©s,M,"49,1346320","1,1887900",27,2019,50.0,5.0,1.0,3.0,2142859,1.0,1,3,1,9.0,,0.0,0,2007.0,B01,138Â 305Â 982,0.0,-1.0,-1.0,1636298,2.0,7,,0.0,9.0,1.0,A01,138Â 305Â 983,6.0
958762,201900000293,5,29,12:50,1,2,4,8.0,1.0,27335,Rue des PrÃ©s,M,"49,1346320","1,1887900",27,2019,50.0,5.0,1.0,3.0,2142860,1.0,1,1,1,3.0,,0.0,0,1987.0,A01,138Â 305Â 983,1.0,-1.0,-1.0,1636297,1.0,1,,0.0,2.0,1.0,B01,138Â 305Â 982,5.0
958762,201900000293,5,29,12:50,1,2,4,8.0,1.0,27335,Rue des PrÃ©s,M,"49,1346320","1,1887900",27,2019,50.0,5.0,1.0,3.0,2142860,1.0,1,1,1,3.0,,0.0,0,1987.0,A01,138Â 305Â 983,1.0,-1.0,-1.0,1636298,2.0,7,,0.0,9.0,1.0,A01,138Â 305Â 983,6.0
958763,201900000294,5,31,10:50,1,1,3,1.0,2.0,27016,Mantelle,M,"49,2327000","1,4329000",27,2019,80.0,1.0,1.0,3.0,2142861,1.0,1,1,1,5.0,,0.0,0,1966.0,B01,138Â 305Â 978,1.0,-1.0,-1.0,1636299,3.0,10,,0.0,0.0,6.0,B01,138Â 305Â 978,0.0
958763,201900000294,5,31,10:50,1,1,3,1.0,2.0,27016,Mantelle,M,"49,2327000","1,4329000",27,2019,80.0,1.0,1.0,3.0,2142861,1.0,1,1,1,5.0,,0.0,0,1966.0,B01,138Â 305Â 978,1.0,-1.0,-1.0,1636300,3.0,33,,0.0,2.0,2.0,A01,138Â 305Â 979,0.0
958763,201900000294,5,31,10:50,1,1,3,1.0,2.0,27016,Mantelle,M,"49,2327000","1,4329000",27,2019,80.0,1.0,1.0,3.0,2142862,1.0,1,4,1,5.0,,0.0,0,1990.0,A01,138Â 305Â 979,2.0,-1.0,-1.0,1636299,3.0,10,,0.0,0.0,6.0,B01,138Â 305Â 978,0.0
958763,201900000294,5,31,10:50,1,1,3,1.0,2.0,27016,Mantelle,M,"49,2327000","1,4329000",27,2019,80.0,1.0,1.0,3.0,2142862,1.0,1,4,1,5.0,,0.0,0,1990.0,A01,138Â 305Â 979,2.0,-1.0,-1.0,1636300,3.0,33,,0.0,2.0,2.0,A01,138Â 305Â 979,0.0
958764,201900000295,5,6,16:40,1,1,1,1.0,1.0,27647,rd 135 -route des andelys - tosny,M,"49,2285790","1,3593040",27,2019,80.0,3.0,1.0,3.0,2142863,1.0,1,4,1,1.0,,0.0,0,1984.0,A01,138Â 305Â 976,1.0,-1.0,-1.0,1636301,2.0,7,,0.0,2.0,3.0,A01,138Â 305Â 976,0.0
958764,201900000295,5,6,16:40,1,1,1,1.0,1.0,27647,rd 135 -route des andelys - tosny,M,"49,2285790","1,3593040",27,2019,80.0,3.0,1.0,3.0,2142863,1.0,1,4,1,1.0,,0.0,0,1984.0,A01,138Â 305Â 976,1.0,-1.0,-1.0,1636302,1.0,7,,7.0,2.0,3.0,B01,138Â 305Â 977,0.0
958764,201900000295,5,6,16:40,1,1,1,1.0,1.0,27647,rd 135 -route des andelys - tosny,M,"49,2285790","1,3593040",27,2019,80.0,3.0,1.0,3.0,2142864,1.0,1,3,2,3.0,,0.0,0,1973.0,B01,138Â 305Â 977,1.0,-1.0,-1.0,1636301,2.0,7,,0.0,2.0,3.0,A01,138Â 305Â 976,0.0
958764,201900000295,5,6,16:40,1,1,1,1.0,1.0,27647,rd 135 -route des andelys - tosny,M,"49,2285790","1,3593040",27,2019,80.0,3.0,1.0,3.0,2142864,1.0,1,3,2,3.0,,0.0,0,1973.0,B01,138Â 305Â 977,1.0,-1.0,-1.0,1636302,1.0,7,,7.0,2.0,3.0,B01,138Â 305Â 977,0.0
958765,201900000296,5,24,15:30,1,1,1,1.0,6.0,27358,route dÃ©partementale 57 27120 JOUY SUR EURE,M,"49,0375380","1,2957680",27,2019,80.0,3.0,1.0,3.0,2142865,1.0,1,4,1,5.0,,0.0,0,1976.0,A01,138Â 305Â 973,2.0,6.0,-1.0,1636303,2.0,33,,8.0,0.0,2.0,A01,138Â 305Â 973,0.0
958766,201900000297,5,27,16:40,1,1,3,1.0,3.0,27447,RD830,M,"48,9618150","0,9595680",27,2019,80.0,1.0,1.0,3.0,2142866,1.0,1,3,2,9.0,,0.0,0,1932.0,A01,138Â 305Â 971,1.0,-1.0,-1.0,1636304,2.0,7,,0.0,2.0,8.0,A01,138Â 305Â 971,1.0
958766,201900000297,5,27,16:40,1,1,3,1.0,3.0,27447,RD830,M,"48,9618150","0,9595680",27,2019,80.0,1.0,1.0,3.0,2142866,1.0,1,3,2,9.0,,0.0,0,1932.0,A01,138Â 305Â 971,1.0,-1.0,-1.0,1636305,1.0,7,,0.0,2.0,1.0,B01,138Â 305Â 972,1.0
958766,201900000297,5,27,16:40,1,1,3,1.0,3.0,27447,RD830,M,"48,9618150","0,9595680",27,2019,80.0,1.0,1.0,3.0,2142867,2.0,2,4,1,4.0,,0.0,0,2000.0,B01,138Â 305Â 972,1.0,-1.0,-1.0,1636304,2.0,7,,0.0,2.0,8.0,A01,138Â 305Â 971,1.0
958766,201900000297,5,27,16:40,1,1,3,1.0,3.0,27447,RD830,M,"48,9618150","0,9595680",27,2019,80.0,1.0,1.0,3.0,2142867,2.0,2,4,1,4.0,,0.0,0,2000.0,B01,138Â 305Â 972,1.0,-1.0,-1.0,1636305,1.0,7,,0.0,2.0,1.0,B01,138Â 305Â 972,1.0
958766,201900000297,5,27,16:40,1,1,3,1.0,3.0,27447,RD830,M,"48,9618150","0,9595680",27,2019,80.0,1.0,1.0,3.0,2142868,1.0,1,4,1,4.0,,0.0,0,1993.0,B01,138Â 305Â 972,1.0,-1.0,-1.0,1636304,2.0,7,,0.0,2.0,8.0,A01,138Â 305Â 971,1.0
958766,201900000297,5,27,16:40,1,1,3,1.0,3.0,27447,RD830,M,"48,9618150","0,9595680",27,2019,80.0,1.0,1.0,3.0,2142868,1.0,1,4,1,4.0,,0.0,0,1993.0,B01,138Â 305Â 972,1.0,-1.0,-1.0,1636305,1.0,7,,0.0,2.0,1.0,B01,138Â 305Â 972,1.0
958767,201900000298,5,28,16:00,1,1,1,1.0,6.0,76454,route nationale,M,"49,7537672","1,5513468",76,2019,80.0,8.0,1.0,3.0,2142869,1.0,1,3,2,5.0,,0.0,0,1953.0,A01,138Â 305Â 970,1.0,-1.0,-1.0,1636306,1.0,7,,13.0,0.0,3.0,A01,138Â 305Â 970,1.0
958768,201900000299,5,19,23:50,3,1,1,2.0,2.0,60446,Route nationa 2,M,"49,1268960","2,7901480",60,2019,110.0,1.0,2.0,2.0,2142870,9.0,2,4,2,0.0,,0.0,0,1968.0,B01,138Â 305Â 968,0.0,-1.0,-1.0,1636307,1.0,7,,0.0,0.0,4.0,B01,138Â 305Â 968,6.0
958768,201900000299,5,19,23:50,3,1,1,2.0,2.0,60446,Route nationa 2,M,"49,1268960","2,7901480",60,2019,110.0,1.0,2.0,2.0,2142870,9.0,2,4,2,0.0,,0.0,0,1968.0,B01,138Â 305Â 968,0.0,-1.0,-1.0,1636308,1.0,10,,0.0,0.0,1.0,A01,138Â 305Â 969,1.0
958768,201900000299,5,19,23:50,3,1,1,2.0,2.0,60446,Route nationa 2,M,"49,1268960","2,7901480",60,2019,110.0,1.0,2.0,2.0,2142871,1.0,1,4,1,0.0,,0.0,0,1995.0,B01,138Â 305Â 968,0.0,-1.0,-1.0,1636307,1.0,7,,0.0,0.0,4.0,B01,138Â 305Â 968,6.0
958768,201900000299,5,19,23:50,3,1,1,2.0,2.0,60446,Route nationa 2,M,"49,1268960","2,7901480",60,2019,110.0,1.0,2.0,2.0,2142871,1.0,1,4,1,0.0,,0.0,0,1995.0,B01,138Â 305Â 968,0.0,-1.0,-1.0,1636308,1.0,10,,0.0,0.0,1.0,A01,138Â 305Â 969,1.0
958768,201900000299,5,19,23:50,3,1,1,2.0,2.0,60446,Route nationa 2,M,"49,1268960","2,7901480",60,2019,110.0,1.0,2.0,2.0,2142872,2.0,2,4,2,0.0,,0.0,0,1995.0,B01,138Â 305Â 968,0.0,-1.0,-1.0,1636307,1.0,7,,0.0,0.0,4.0,B01,138Â 305Â 968,6.0
958768,201900000299,5,19,23:50,3,1,1,2.0,2.0,60446,Route nationa 2,M,"49,1268960","2,7901480",60,2019,110.0,1.0,2.0,2.0,2142872,2.0,2,4,2,0.0,,0.0,0,1995.0,B01,138Â 305Â 968,0.0,-1.0,-1.0,1636308,1.0,10,,0.0,0.0,1.0,A01,138Â 305Â 969,1.0
958768,201900000299,5,19,23:50,3,1,1,2.0,2.0,60446,Route nationa 2,M,"49,1268960","2,7901480",60,2019,110.0,1.0,2.0,2.0,2142873,7.0,2,4,1,0.0,,0.0,0,1990.0,B01,138Â 305Â 968,0.0,-1.0,-1.0,1636307,1.0,7,,0.0,0.0,4.0,B01,138Â 305Â 968,6.0
958768,201900000299,5,19,23:50,3,1,1,2.0,2.0,60446,Route nationa 2,M,"49,1268960","2,7901480",60,2019,110.0,1.0,2.0,2.0,2142873,7.0,2,4,1,0.0,,0.0,0,1990.0,B01,138Â 305Â 968,0.0,-1.0,-1.0,1636308,1.0,10,,0.0,0.0,1.0,A01,138Â 305Â 969,1.0
958768,201900000299,5,19,23:50,3,1,1,2.0,2.0,60446,Route nationa 2,M,"49,1268960","2,7901480",60,2019,110.0,1.0,2.0,2.0,2142874,1.0,1,4,1,4.0,,0.0,0,1981.0,A01,138Â 305Â 969,1.0,-1.0,-1.0,1636307,1.0,7,,0.0,0.0,4.0,B01,138Â 305Â 968,6.0
958768,201900000299,5,19,23:50,3,1,1,2.0,2.0,60446,Route nationa 2,M,"49,1268960","2,7901480",60,2019,110.0,1.0,2.0,2.0,2142874,1.0,1,4,1,4.0,,0.0,0,1981.0,A01,138Â 305Â 969,1.0,-1.0,-1.0,1636308,1.0,10,,0.0,0.0,1.0,A01,138Â 305Â 969,1.0
958769,201900000300,5,30,18:45,1,1,1,1.0,7.0,60402,D98,M,"49,3767010","2,7375966",60,2019,80.0,8.0,1.0,3.0,2142875,1.0,1,4,1,5.0,,0.0,0,1959.0,A01,138Â 305Â 967,1.0,-1.0,-1.0,1636309,1.0,7,,13.0,0.0,3.0,A01,138Â 305Â 967,1.0
958770,201900000301,5,14,17:24,1,1,3,1.0,3.0,60134,D137 route de Noailles Ã  Maimbeville,M,"49,3200850","2,4275630",60,2019,70.0,1.0,1.0,3.0,2142876,1.0,1,1,1,0.0,,0.0,0,1971.0,B01,138Â 305Â 965,1.0,-1.0,-1.0,1636310,0.0,7,,0.0,2.0,5.0,B01,138Â 305Â 965,1.0
958770,201900000301,5,14,17:24,1,1,3,1.0,3.0,60134,D137 route de Noailles Ã  Maimbeville,M,"49,3200850","2,4275630",60,2019,70.0,1.0,1.0,3.0,2142876,1.0,1,1,1,0.0,,0.0,0,1971.0,B01,138Â 305Â 965,1.0,-1.0,-1.0,1636311,0.0,32,,0.0,2.0,1.0,A01,138Â 305Â 966,1.0
958770,201900000301,5,14,17:24,1,1,3,1.0,3.0,60134,D137 route de Noailles Ã  Maimbeville,M,"49,3200850","2,4275630",60,2019,70.0,1.0,1.0,3.0,2142877,1.0,1,3,1,0.0,,0.0,0,1969.0,A01,138Â 305Â 966,2.0,6.0,-1.0,1636310,0.0,7,,0.0,2.0,5.0,B01,138Â 305Â 965,1.0
958770,201900000301,5,14,17:24,1,1,3,1.0,3.0,60134,D137 route de Noailles Ã  Maimbeville,M,"49,3200850","2,4275630",60,2019,70.0,1.0,1.0,3.0,2142877,1.0,1,3,1,0.0,,0.0,0,1969.0,A01,138Â 305Â 966,2.0,6.0,-1.0,1636311,0.0,32,,0.0,2.0,1.0,A01,138Â 305Â 966,1.0
958771,201900000302,5,5,06:58,2,2,1,1.0,1.0,60342,rue de la rÃ©pubique,M,"49,2936540","2,4437350",60,2019,50.0,1.0,2.0,3.0,2142878,1.0,1,1,1,1.0,,0.0,0,1961.0,A01,138Â 305Â 963,1.0,-1.0,-1.0,1636312,0.0,7,,0.0,0.0,3.0,A01,138Â 305Â 963,1.0
958771,201900000302,5,5,06:58,2,2,1,1.0,1.0,60342,rue de la rÃ©pubique,M,"49,2936540","2,4437350",60,2019,50.0,1.0,2.0,3.0,2142878,1.0,1,1,1,1.0,,0.0,0,1961.0,A01,138Â 305Â 963,1.0,-1.0,-1.0,1636313,0.0,2,,0.0,2.0,3.0,B01,138Â 305Â 964,1.0
958771,201900000302,5,5,06:58,2,2,1,1.0,1.0,60342,rue de la rÃ©pubique,M,"49,2936540","2,4437350",60,2019,50.0,1.0,2.0,3.0,2142879,1.0,1,3,1,5.0,,0.0,0,1982.0,B01,138Â 305Â 964,2.0,-1.0,-1.0,1636312,0.0,7,,0.0,0.0,3.0,A01,138Â 305Â 963,1.0
958771,201900000302,5,5,06:58,2,2,1,1.0,1.0,60342,rue de la rÃ©pubique,M,"49,2936540","2,4437350",60,2019,50.0,1.0,2.0,3.0,2142879,1.0,1,3,1,5.0,,0.0,0,1982.0,B01,138Â 305Â 964,2.0,-1.0,-1.0,1636313,0.0,2,,0.0,2.0,3.0,B01,138Â 305Â 964,1.0
958772,201900000303,5,6,17:00,1,1,1,1.0,2.0,60103,route nationale 31,M,"49,4150770","2,2318706",60,2019,110.0,1.0,1.0,2.0,2142880,1.0,1,1,1,4.0,,0.0,0,1977.0,B01,138Â 305Â 961,1.0,-1.0,-1.0,1636314,2.0,15,,0.0,0.0,4.0,B01,138Â 305Â 961,1.0
958772,201900000303,5,6,17:00,1,1,1,1.0,2.0,60103,route nationale 31,M,"49,4150770","2,2318706",60,2019,110.0,1.0,1.0,2.0,2142880,1.0,1,1,1,4.0,,0.0,0,1977.0,B01,138Â 305Â 961,1.0,-1.0,-1.0,1636315,2.0,10,,0.0,2.0,1.0,A01,138Â 305Â 962,1.0
958772,201900000303,5,6,17:00,1,1,1,1.0,2.0,60103,route nationale 31,M,"49,4150770","2,2318706",60,2019,110.0,1.0,1.0,2.0,2142881,1.0,1,3,1,9.0,,0.0,0,1983.0,A01,138Â 305Â 962,1.0,-1.0,-1.0,1636314,2.0,15,,0.0,0.0,4.0,B01,138Â 305Â 961,1.0
958772,201900000303,5,6,17:00,1,1,1,1.0,2.0,60103,route nationale 31,M,"49,4150770","2,2318706",60,2019,110.0,1.0,1.0,2.0,2142881,1.0,1,3,1,9.0,,0.0,0,1983.0,A01,138Â 305Â 962,1.0,-1.0,-1.0,1636315,2.0,10,,0.0,2.0,1.0,A01,138Â 305Â 962,1.0
958773,201900000304,5,29,18:45,1,1,1,1.0,6.0,62014,rd 943,M,"50,6613620","2,3945530",62,2019,70.0,3.0,1.0,3.0,2142882,1.0,1,4,1,0.0,,0.0,0,1978.0,A01,138Â 305Â 960,1.0,-1.0,-1.0,1636316,3.0,7,,2.0,0.0,1.0,A01,138Â 305Â 960,1.0
958774,201900000305,5,12,11:44,1,2,1,1.0,2.0,62170,52 Route de la Colline,M,"50,4218350","2,6607360",62,2019,50.0,1.0,1.0,3.0,2142883,1.0,1,4,1,5.0,,0.0,0,1998.0,B01,138Â 305Â 958,6.0,2.0,-1.0,1636317,2.0,1,,0.0,0.0,4.0,B01,138Â 305Â 958,5.0
958774,201900000305,5,12,11:44,1,2,1,1.0,2.0,62170,52 Route de la Colline,M,"50,4218350","2,6607360",62,2019,50.0,1.0,1.0,3.0,2142883,1.0,1,4,1,5.0,,0.0,0,1998.0,B01,138Â 305Â 958,6.0,2.0,-1.0,1636318,2.0,33,,8.0,2.0,1.0,A01,138Â 305Â 959,1.0
958774,201900000305,5,12,11:44,1,2,1,1.0,2.0,62170,52 Route de la Colline,M,"50,4218350","2,6607360",62,2019,50.0,1.0,1.0,3.0,2142884,2.0,2,3,2,5.0,,0.0,0,1955.0,A01,138Â 305Â 959,2.0,6.0,-1.0,1636317,2.0,1,,0.0,0.0,4.0,B01,138Â 305Â 958,5.0
958774,201900000305,5,12,11:44,1,2,1,1.0,2.0,62170,52 Route de la Colline,M,"50,4218350","2,6607360",62,2019,50.0,1.0,1.0,3.0,2142884,2.0,2,3,2,5.0,,0.0,0,1955.0,A01,138Â 305Â 959,2.0,6.0,-1.0,1636318,2.0,33,,8.0,2.0,1.0,A01,138Â 305Â 959,1.0
958774,201900000305,5,12,11:44,1,2,1,1.0,2.0,62170,52 Route de la Colline,M,"50,4218350","2,6607360",62,2019,50.0,1.0,1.0,3.0,2142885,1.0,1,3,1,5.0,,0.0,0,1950.0,A01,138Â 305Â 959,2.0,6.0,-1.0,1636317,2.0,1,,0.0,0.0,4.0,B01,138Â 305Â 958,5.0
958774,201900000305,5,12,11:44,1,2,1,1.0,2.0,62170,52 Route de la Colline,M,"50,4218350","2,6607360",62,2019,50.0,1.0,1.0,3.0,2142885,1.0,1,3,1,5.0,,0.0,0,1950.0,A01,138Â 305Â 959,2.0,6.0,-1.0,1636318,2.0,33,,8.0,2.0,1.0,A01,138Â 305Â 959,1.0
958775,201900000306,8,14,01:15,5,2,1,1.0,6.0,67482,SCHIRMECK (ROUTE DE),M,"48,5681000","7,7094950",67,2019,50.0,1.0,1.0,4.0,2142886,2.0,2,4,1,0.0,,-1.0,0,2001.0,A01,138Â 305Â 957,8.0,8.0,-1.0,1636319,1.0,30,,11.0,0.0,9.0,A01,138Â 305Â 957,1.0
958775,201900000306,8,14,01:15,5,2,1,1.0,6.0,67482,SCHIRMECK (ROUTE DE),M,"48,5681000","7,7094950",67,2019,50.0,1.0,1.0,4.0,2142887,1.0,1,4,1,0.0,,-1.0,0,2002.0,A01,138Â 305Â 957,8.0,8.0,-1.0,1636319,1.0,30,,11.0,0.0,9.0,A01,138Â 305Â 957,1.0
958776,201900000307,8,13,19:05,1,2,3,1.0,3.0,67482,DOCTEUR NETTER (RUE DU),M,"48,5867200","7,7060000",67,2019,50.0,1.0,1.0,4.0,2142888,1.0,1,4,1,0.0,,-1.0,0,1982.0,B01,138Â 305Â 955,8.0,0.0,-1.0,1636320,2.0,1,,0.0,2.0,1.0,B01,138Â 305Â 955,5.0
958776,201900000307,8,13,19:05,1,2,3,1.0,3.0,67482,DOCTEUR NETTER (RUE DU),M,"48,5867200","7,7060000",67,2019,50.0,1.0,1.0,4.0,2142888,1.0,1,4,1,0.0,,-1.0,0,1982.0,B01,138Â 305Â 955,8.0,0.0,-1.0,1636321,1.0,7,,0.0,2.0,2.0,A01,138Â 305Â 956,1.0
958776,201900000307,8,13,19:05,1,2,3,1.0,3.0,67482,DOCTEUR NETTER (RUE DU),M,"48,5867200","7,7060000",67,2019,50.0,1.0,1.0,4.0,2142889,1.0,1,1,2,1.0,,-1.0,0,1978.0,A01,138Â 305Â 956,1.0,8.0,-1.0,1636320,2.0,1,,0.0,2.0,1.0,B01,138Â 305Â 955,5.0
958776,201900000307,8,13,19:05,1,2,3,1.0,3.0,67482,DOCTEUR NETTER (RUE DU),M,"48,5867200","7,7060000",67,2019,50.0,1.0,1.0,4.0,2142889,1.0,1,1,2,1.0,,-1.0,0,1978.0,A01,138Â 305Â 956,1.0,8.0,-1.0,1636321,1.0,7,,0.0,2.0,2.0,A01,138Â 305Â 956,1.0
958777,201900000308,8,13,13:45,1,2,3,1.0,3.0,67218,BURKEL (ROUTE),M,"48,5302900","7,7197800",67,2019,30.0,1.0,1.0,4.0,2142890,2.0,2,3,1,0.0,,-1.0,0,2001.0,B01,138Â 305Â 953,2.0,8.0,-1.0,1636322,2.0,30,,0.0,2.0,3.0,B01,138Â 305Â 953,1.0
958777,201900000308,8,13,13:45,1,2,3,1.0,3.0,67218,BURKEL (ROUTE),M,"48,5302900","7,7197800",67,2019,30.0,1.0,1.0,4.0,2142890,2.0,2,3,1,0.0,,-1.0,0,2001.0,B01,138Â 305Â 953,2.0,8.0,-1.0,1636323,1.0,30,,0.0,2.0,2.0,A01,138Â 305Â 954,1.0
958777,201900000308,8,13,13:45,1,2,3,1.0,3.0,67218,BURKEL (ROUTE),M,"48,5302900","7,7197800",67,2019,30.0,1.0,1.0,4.0,2142891,1.0,1,3,1,0.0,,-1.0,0,2002.0,B01,138Â 305Â 953,2.0,8.0,-1.0,1636322,2.0,30,,0.0,2.0,3.0,B01,138Â 305Â 953,1.0
958777,201900000308,8,13,13:45,1,2,3,1.0,3.0,67218,BURKEL (ROUTE),M,"48,5302900","7,7197800",67,2019,30.0,1.0,1.0,4.0,2142891,1.0,1,3,1,0.0,,-1.0,0,2002.0,B01,138Â 305Â 953,2.0,8.0,-1.0,1636323,1.0,30,,0.0,2.0,2.0,A01,138Â 305Â 954,1.0
958777,201900000308,8,13,13:45,1,2,3,1.0,3.0,67218,BURKEL (ROUTE),M,"48,5302900","7,7197800",67,2019,30.0,1.0,1.0,4.0,2142892,1.0,1,3,1,3.0,,-1.0,0,2000.0,A01,138Â 305Â 954,2.0,8.0,-1.0,1636322,2.0,30,,0.0,2.0,3.0,B01,138Â 305Â 953,1.0
958777,201900000308,8,13,13:45,1,2,3,1.0,3.0,67218,BURKEL (ROUTE),M,"48,5302900","7,7197800",67,2019,30.0,1.0,1.0,4.0,2142892,1.0,1,3,1,3.0,,-1.0,0,2000.0,A01,138Â 305Â 954,2.0,8.0,-1.0,1636323,1.0,30,,0.0,2.0,2.0,A01,138Â 305Â 954,1.0
958778,201900000309,8,13,04:55,2,2,3,1.0,1.0,67482,JEAN JAURES (AVENUE),M,"48,5669600","7,7733200",67,2019,50.0,1.0,1.0,4.0,2142893,1.0,1,1,2,1.0,,-1.0,0,1972.0,B01,138Â 305Â 951,1.0,8.0,-1.0,1636324,2.0,7,,0.0,2.0,5.0,B01,138Â 305Â 951,1.0
958778,201900000309,8,13,04:55,2,2,3,1.0,1.0,67482,JEAN JAURES (AVENUE),M,"48,5669600","7,7733200",67,2019,50.0,1.0,1.0,4.0,2142893,1.0,1,1,2,1.0,,-1.0,0,1972.0,B01,138Â 305Â 951,1.0,8.0,-1.0,1636325,1.0,30,,0.0,2.0,2.0,A01,138Â 305Â 952,1.0
958778,201900000309,8,13,04:55,2,2,3,1.0,1.0,67482,JEAN JAURES (AVENUE),M,"48,5669600","7,7733200",67,2019,50.0,1.0,1.0,4.0,2142894,1.0,1,4,1,0.0,,-1.0,0,1998.0,A01,138Â 305Â 952,2.0,8.0,-1.0,1636324,2.0,7,,0.0,2.0,5.0,B01,138Â 305Â 951,1.0