Unnamed: 0_x,num_acc,mois,jour,hrmn,lum,agg,int,atm,col,com,adr,gps,lat,long,dep,annee,vma,situ,surf,catr,Unnamed: 0_y,place,catu,grav,sexe,trajet,secu,locp,actp,an_nais,num_veh_x,id_vehicule_x,secu1,secu2,secu3,Unnamed: 0,senc,catv,occutc,obs,obsm,choc,num_veh_y,id_vehicule_y,motor
958778,201900000309,8,13,04:55,2,2,3,1.0,1.0,67482,JEAN JAURES (AVENUE),M,"48,5669600","7,7733200",67,2019,50.0,1.0,1.0,4.0,2142894,1.0,1,4,1,0.0,,-1.0,0,1998.0,A01,138Â 305Â 952,2.0,8.0,-1.0,1636325,1.0,30,,0.0,2.0,2.0,A01,138Â 305Â 952,1.0
958779,201900000310,8,12,08:00,1,2,1,1.0,7.0,67482,GOUJON (RUE DU),M,"48,5993420","7,7860490",67,2019,50.0,1.0,1.0,4.0,2142895,1.0,1,3,1,1.0,,-1.0,0,1958.0,A01,138Â 305Â 950,8.0,0.0,-1.0,1636326,1.0,1,,0.0,0.0,7.0,A01,138Â 305Â 950,5.0
958780,201900000311,8,14,19:35,1,1,1,1.0,6.0,67180,RHIN (ROUTE DU),M,"48,8150000","7,8172600",67,2019,80.0,1.0,1.0,3.0,2142896,1.0,1,2,1,0.0,,-1.0, -1,1971.0,A01,138Â 305Â 949,2.0,8.0,-1.0,1636327,3.0,33,,0.0,0.0,0.0,A01,138Â 305Â 949,1.0
958781,201900000312,8,15,14:40,1,2,1,1.0,6.0,66136,DESNOYE (BOULEVARD DR. JOSEPH),M,"42,7106800","2,8847600",66,2019,50.0,1.0,1.0,4.0,2142897,1.0,1,4,1,5.0,,0.0,0,1976.0,B01,138Â 305Â 947,2.0,8.0,-1.0,1636328,1.0,2,,0.0,2.0,2.0,B01,138Â 305Â 947,1.0
958781,201900000312,8,15,14:40,1,2,1,1.0,6.0,66136,DESNOYE (BOULEVARD DR. JOSEPH),M,"42,7106800","2,8847600",66,2019,50.0,1.0,1.0,4.0,2142897,1.0,1,4,1,5.0,,0.0,0,1976.0,B01,138Â 305Â 947,2.0,8.0,-1.0,1636329,1.0,7,,0.0,2.0,3.0,A01,138Â 305Â 948,1.0
958781,201900000312,8,15,14:40,1,2,1,1.0,6.0,66136,DESNOYE (BOULEVARD DR. JOSEPH),M,"42,7106800","2,8847600",66,2019,50.0,1.0,1.0,4.0,2142898,1.0,1,1,1,5.0,,0.0,0,1974.0,A01,138Â 305Â 948,1.0,8.0,-1.0,1636328,1.0,2,,0.0,2.0,2.0,B01,138Â 305Â 947,1.0
958781,201900000312,8,15,14:40,1,2,1,1.0,6.0,66136,DESNOYE (BOULEVARD DR. JOSEPH),M,"42,7106800","2,8847600",66,2019,50.0,1.0,1.0,4.0,2142898,1.0,1,1,1,5.0,,0.0,0,1974.0,A01,138Â 305Â 948,1.0,8.0,-1.0,1636329,1.0,7,,0.0,2.0,3.0,A01,138Â 305Â 948,1.0
958782,201900000313,8,11,04:00,3,1,1,1.0,7.0,66136,PRADES (AVENUE DE ) ST CHARLES,M,"42,6975000","2,8684000",66,2019,110.0,1.0,1.0,3.0,2142899,1.0,1,1,1,0.0,,0.0,0,1988.0,A01,138Â 305Â 946,1.0,0.0,-1.0,1636330,1.0,7,,4.0,0.0,9.0,A01,138Â 305Â 946,1.0
958782,201900000313,8,11,04:00,3,1,1,1.0,7.0,66136,PRADES (AVENUE DE ) ST CHARLES,M,"42,6975000","2,8684000",66,2019,110.0,1.0,1.0,3.0,2142900,2.0,2,3,1,0.0,,0.0,0,2000.0,A01,138Â 305Â 946,1.0,0.0,-1.0,1636330,1.0,7,,4.0,0.0,9.0,A01,138Â 305Â 946,1.0
958783,201900000314,8,17,10:48,1,2,1,1.0,3.0,64483,LARRAMENDY PIERRE (AVENUE),M,"43,3840400"," -1,6531900",64,2019,50.0,1.0,1.0,4.0,2142901,1.0,1,1,2,0.0,,0.0,0,1941.0,A01,138Â 305Â 944,1.0,0.0,-1.0,1636331,1.0,7,,0.0,2.0,8.0,A01,138Â 305Â 944,1.0
958783,201900000314,8,17,10:48,1,2,1,1.0,3.0,64483,LARRAMENDY PIERRE (AVENUE),M,"43,3840400"," -1,6531900",64,2019,50.0,1.0,1.0,4.0,2142901,1.0,1,1,2,0.0,,0.0,0,1941.0,A01,138Â 305Â 944,1.0,0.0,-1.0,1636332,1.0,30,,0.0,2.0,7.0,B01,138Â 305Â 945,1.0
958783,201900000314,8,17,10:48,1,2,1,1.0,3.0,64483,LARRAMENDY PIERRE (AVENUE),M,"43,3840400"," -1,6531900",64,2019,50.0,1.0,1.0,4.0,2142902,1.0,1,4,2,0.0,,0.0,0,1987.0,B01,138Â 305Â 945,2.0,0.0,-1.0,1636331,1.0,7,,0.0,2.0,8.0,A01,138Â 305Â 944,1.0
958783,201900000314,8,17,10:48,1,2,1,1.0,3.0,64483,LARRAMENDY PIERRE (AVENUE),M,"43,3840400"," -1,6531900",64,2019,50.0,1.0,1.0,4.0,2142902,1.0,1,4,2,0.0,,0.0,0,1987.0,B01,138Â 305Â 945,2.0,0.0,-1.0,1636332,1.0,30,,0.0,2.0,7.0,B01,138Â 305Â 945,1.0
958784,201900000315,8,16,14:25,1,2,3,1.0,3.0,64483,THIERS ADOLPHE (BOULEVARD),M,"43,3907997"," -1,6592267",64,2019,50.0,1.0,1.0,4.0,2142903,1.0,1,1,1,0.0,,0.0,0,1961.0,A01,138Â 305Â 942,1.0,0.0,-1.0,1636333,1.0,10,,0.0,2.0,3.0,A01,138Â 305Â 942,0.0
958784,201900000315,8,16,14:25,1,2,3,1.0,3.0,64483,THIERS ADOLPHE (BOULEVARD),M,"43,3907997"," -1,6592267",64,2019,50.0,1.0,1.0,4.0,2142903,1.0,1,1,1,0.0,,0.0,0,1961.0,A01,138Â 305Â 942,1.0,0.0,-1.0,1636334,0.0,32,,0.0,2.0,1.0,B01,138Â 305Â 943,0.0
958784,201900000315,8,16,14:25,1,2,3,1.0,3.0,64483,THIERS ADOLPHE (BOULEVARD),M,"43,3907997"," -1,6592267",64,2019,50.0,1.0,1.0,4.0,2142904,2.0,2,4,2,0.0,,0.0,0,1962.0,B01,138Â 305Â 943,2.0,0.0,-1.0,1636333,1.0,10,,0.0,2.0,3.0,A01,138Â 305Â 942,0.0
958784,201900000315,8,16,14:25,1,2,3,1.0,3.0,64483,THIERS ADOLPHE (BOULEVARD),M,"43,3907997"," -1,6592267",64,2019,50.0,1.0,1.0,4.0,2142904,2.0,2,4,2,0.0,,0.0,0,1962.0,B01,138Â 305Â 943,2.0,0.0,-1.0,1636334,0.0,32,,0.0,2.0,1.0,B01,138Â 305Â 943,0.0
958784,201900000315,8,16,14:25,1,2,3,1.0,3.0,64483,THIERS ADOLPHE (BOULEVARD),M,"43,3907997"," -1,6592267",64,2019,50.0,1.0,1.0,4.0,2142905,1.0,1,4,1,0.0,,0.0,0,1961.0,B01,138Â 305Â 943,2.0,0.0,-1.0,1636333,1.0,10,,0.0,2.0,3.0,A01,138Â 305Â 942,0.0
958784,201900000315,8,16,14:25,1,2,3,1.0,3.0,64483,THIERS ADOLPHE (BOULEVARD),M,"43,3907997"," -1,6592267",64,2019,50.0,1.0,1.0,4.0,2142905,1.0,1,4,1,0.0,,0.0,0,1961.0,B01,138Â 305Â 943,2.0,0.0,-1.0,1636334,0.0,32,,0.0,2.0,1.0,B01,138Â 305Â 943,0.0
958785,201900000316,8,15,18:42,1,1,1,1.0,2.0,64483,ASCAIN (ROUTE D'),M,"43,3807980"," -1,6411400",64,2019,50.0,3.0,1.0,3.0,2142906,1.0,1,1,1,0.0,,0.0,0,1979.0,B01,138Â 305Â 940,1.0,0.0,-1.0,1636335,2.0,7,,0.0,2.0,4.0,B01,138Â 305Â 940,1.0
958785,201900000316,8,15,18:42,1,1,1,1.0,2.0,64483,ASCAIN (ROUTE D'),M,"43,3807980"," -1,6411400",64,2019,50.0,3.0,1.0,3.0,2142906,1.0,1,1,1,0.0,,0.0,0,1979.0,B01,138Â 305Â 940,1.0,0.0,-1.0,1636336,2.0,30,,0.0,2.0,1.0,A01,138Â 305Â 941,1.0
958785,201900000316,8,15,18:42,1,1,1,1.0,2.0,64483,ASCAIN (ROUTE D'),M,"43,3807980"," -1,6411400",64,2019,50.0,3.0,1.0,3.0,2142907,1.0,1,4,2,0.0,,-1.0,0,1992.0,A01,138Â 305Â 941,2.0,0.0,-1.0,1636335,2.0,7,,0.0,2.0,4.0,B01,138Â 305Â 940,1.0
958785,201900000316,8,15,18:42,1,1,1,1.0,2.0,64483,ASCAIN (ROUTE D'),M,"43,3807980"," -1,6411400",64,2019,50.0,3.0,1.0,3.0,2142907,1.0,1,4,2,0.0,,-1.0,0,1992.0,A01,138Â 305Â 941,2.0,0.0,-1.0,1636336,2.0,30,,0.0,2.0,1.0,A01,138Â 305Â 941,1.0
958786,201900000317,8,14,09:10,1,2,1,1.0,1.0,64189,POULOU JEAN  (AVENUE),M,"43,3805920"," -1,6556530",64,2019,50.0,1.0,1.0,4.0,2142908,1.0,1,1,2,0.0,,0.0,0,1955.0,B01,138Â 305Â 938,1.0,0.0,-1.0,1636337,1.0,7,,0.0,2.0,1.0,B01,138Â 305Â 938,1.0
958786,201900000317,8,14,09:10,1,2,1,1.0,1.0,64189,POULOU JEAN  (AVENUE),M,"43,3805920"," -1,6556530",64,2019,50.0,1.0,1.0,4.0,2142908,1.0,1,1,2,0.0,,0.0,0,1955.0,B01,138Â 305Â 938,1.0,0.0,-1.0,1636338,2.0,7,,0.0,2.0,1.0,A01,138Â 305Â 939,1.0
958786,201900000317,8,14,09:10,1,2,1,1.0,1.0,64189,POULOU JEAN  (AVENUE),M,"43,3805920"," -1,6556530",64,2019,50.0,1.0,1.0,4.0,2142909,1.0,1,4,1,0.0,,0.0,0,1943.0,A01,138Â 305Â 939,1.0,0.0,-1.0,1636337,1.0,7,,0.0,2.0,1.0,B01,138Â 305Â 938,1.0
958786,201900000317,8,14,09:10,1,2,1,1.0,1.0,64189,POULOU JEAN  (AVENUE),M,"43,3805920"," -1,6556530",64,2019,50.0,1.0,1.0,4.0,2142909,1.0,1,4,1,0.0,,0.0,0,1943.0,A01,138Â 305Â 939,1.0,0.0,-1.0,1636338,2.0,7,,0.0,2.0,1.0,A01,138Â 305Â 939,1.0
958787,201900000318,8,13,19:30,1,2,1,1.0,2.0,64260,LECLERC (BOULEVARD DU GENERAL),M,"43,3649700"," -1,7698000",64,2019,30.0,1.0,1.0,4.0,2142910,1.0,1,4,2,0.0,,0.0,0,2002.0,A01,138Â 305Â 936,2.0,0.0,-1.0,1636339,1.0,30,,0.0,2.0,1.0,A01,138Â 305Â 936,1.0
958787,201900000318,8,13,19:30,1,2,1,1.0,2.0,64260,LECLERC (BOULEVARD DU GENERAL),M,"43,3649700"," -1,7698000",64,2019,30.0,1.0,1.0,4.0,2142910,1.0,1,4,2,0.0,,0.0,0,2002.0,A01,138Â 305Â 936,2.0,0.0,-1.0,1636340,1.0,7,,0.0,2.0,4.0,B01,138Â 305Â 937,1.0
958787,201900000318,8,13,19:30,1,2,1,1.0,2.0,64260,LECLERC (BOULEVARD DU GENERAL),M,"43,3649700"," -1,7698000",64,2019,30.0,1.0,1.0,4.0,2142911,1.0,1,1,1,0.0,,0.0,0,1947.0,B01,138Â 305Â 937,1.0,0.0,-1.0,1636339,1.0,30,,0.0,2.0,1.0,A01,138Â 305Â 936,1.0
958787,201900000318,8,13,19:30,1,2,1,1.0,2.0,64260,LECLERC (BOULEVARD DU GENERAL),M,"43,3649700"," -1,7698000",64,2019,30.0,1.0,1.0,4.0,2142911,1.0,1,1,1,0.0,,0.0,0,1947.0,B01,138Â 305Â 937,1.0,0.0,-1.0,1636340,1.0,7,,0.0,2.0,4.0,B01,138Â 305Â 937,1.0
958788,201900000319,8,17,23:13,5,2,2,1.0,1.0,64445,LILAS DES,M,"43,3049000"," -0,3522600",64,2019,50.0,1.0,1.0,4.0,2142912,1.0,1,1,1,5.0,,0.0,0,1999.0,A01,138Â 305Â 934,8.0,0.0,-1.0,1636341,2.0,7,,0.0,2.0,1.0,A01,138Â 305Â 934,1.0
958788,201900000319,8,17,23:13,5,2,2,1.0,1.0,64445,LILAS DES,M,"43,3049000"," -0,3522600",64,2019,50.0,1.0,1.0,4.0,2142912,1.0,1,1,1,5.0,,0.0,0,1999.0,A01,138Â 305Â 934,8.0,0.0,-1.0,1636342,1.0,30,,0.0,2.0,1.0,B01,138Â 305Â 935,1.0
958788,201900000319,8,17,23:13,5,2,2,1.0,1.0,64445,LILAS DES,M,"43,3049000"," -0,3522600",64,2019,50.0,1.0,1.0,4.0,2142913,1.0,1,3,1,5.0,,0.0,0,1998.0,B01,138Â 305Â 935,2.0,6.0,-1.0,1636341,2.0,7,,0.0,2.0,1.0,A01,138Â 305Â 934,1.0
958788,201900000319,8,17,23:13,5,2,2,1.0,1.0,64445,LILAS DES,M,"43,3049000"," -0,3522600",64,2019,50.0,1.0,1.0,4.0,2142913,1.0,1,3,1,5.0,,0.0,0,1998.0,B01,138Â 305Â 935,2.0,6.0,-1.0,1636342,1.0,30,,0.0,2.0,1.0,B01,138Â 305Â 935,1.0
958789,201900000320,8,16,20:00,1,2,1,1.0,6.0,64445,JEAN DE LA FONTAINE,M,"43,2965300"," -0,3730700",64,2019,15.0,1.0,1.0,4.0,2142914,1.0,1,1,1,5.0,,0.0,0,2004.0,A01,138Â 305Â 933,8.0,0.0,-1.0,1636343,2.0,1,,0.0,1.0,1.0,A01,138Â 305Â 933,5.0
958789,201900000320,8,16,20:00,1,2,1,1.0,6.0,64445,JEAN DE LA FONTAINE,M,"43,2965300"," -0,3730700",64,2019,15.0,1.0,1.0,4.0,2142915,10.0,3,4,2,5.0,,1.0,1,1995.0,A01,138Â 305Â 933,8.0,0.0,-1.0,1636343,2.0,1,,0.0,1.0,1.0,A01,138Â 305Â 933,5.0
958790,201900000321,8,12,15:02,1,2,1,2.0,7.0,64445,VALERY MEUNIER,M,"43,2963800"," -0,3677400",64,2019,30.0,1.0,2.0,4.0,2142916,1.0,1,3,2,5.0,,0.0,0,2004.0,A01,138Â 305Â 932,2.0,6.0,-1.0,1636344,1.0,30,,0.0,0.0,8.0,A01,138Â 305Â 932,1.0
958791,201900000322,8,14,23:15,5,2,1,2.0,7.0,64122,PRINGLE (RUE),M,"43,4789100"," -1,5527700",64,2019,50.0,1.0,2.0,4.0,2142917,1.0,1,4,2,5.0,,0.0,0,2002.0,A01,138Â 305Â 931,2.0,6.0,-1.0,1636345,1.0,30,,0.0,0.0,1.0,A01,138Â 305Â 931,1.0
958792,201900000323,8,14,16:05,1,2,1,1.0,6.0,63124,COSTES (RUE DIEUDONNE),M,"45,7454700","3,1673400",63,2019,50.0,1.0,1.0,4.0,2142918,1.0,1,3,1,5.0,,-1.0, -1,1967.0,A01,138Â 305Â 930,0.0,6.0,-1.0,1636346,1.0,33,,12.0,0.0,2.0,A01,138Â 305Â 930,1.0
958793,201900000324,8,15,17:10,1,2,1,1.0,6.0,62826,LEON GARET (RUE),M,"50,5224200","1,5835500",62,2019,50.0,1.0,1.0,7.0,2142919,1.0,1,1,1,5.0,,-1.0, -1,1939.0,A01,138Â 305Â 929,1.0,0.0,-1.0,1636347,1.0,7,,0.0,1.0,1.0,A01,138Â 305Â 929,1.0
958793,201900000324,8,15,17:10,1,2,1,1.0,6.0,62826,LEON GARET (RUE),M,"50,5224200","1,5835500",62,2019,50.0,1.0,1.0,7.0,2142920,10.0,3,2,1,5.0,,3.0,3,1946.0,A01,138Â 305Â 929,8.0,0.0,-1.0,1636347,1.0,7,,0.0,1.0,1.0,A01,138Â 305Â 929,1.0
958794,201900000325,8,12,18:00,1,2,9,1.0,6.0,62765,HAUT PONT (QUAI DU....),M,"50,7567900","2,2600800",62,2019,50.0,1.0,1.0,4.0,2142921,10.0,3,3,1,3.0,,5.0,1,1960.0,A01,138Â 305Â 928,8.0,0.0,-1.0,1636348,3.0,7,,0.0,1.0,2.0,A01,138Â 305Â 928,1.0
958794,201900000325,8,12,18:00,1,2,9,1.0,6.0,62765,HAUT PONT (QUAI DU....),M,"50,7567900","2,2600800",62,2019,50.0,1.0,1.0,4.0,2142922,1.0,1,1,1,1.0,,0.0,0,1981.0,A01,138Â 305Â 928,1.0,0.0,-1.0,1636348,3.0,7,,0.0,1.0,2.0,A01,138Â 305Â 928,1.0
958795,201900000326,8,14,14:00,1,2,1,3.0,7.0,62330,GRANDE RUE ( LA ),M,"50,5342600","2,7445700",62,2019,50.0,1.0,2.0,3.0,2142923,1.0,1,3,1,1.0,,-1.0,0,1997.0,A01,138Â 305Â 925,2.0,0.0,-1.0,1636349,2.0,2,,12.0,0.0,1.0,A01,138Â 305Â 925,1.0
958796,201900000327,8,14,17:00,1,2,6,1.0,3.0,60463,SAINT-EXUPERY (RUE DE)_SUD,M,"49,2683000","2,4596800",60,2019,50.0,1.0,1.0,4.0,2142924,1.0,1,4,1,1.0,,0.0,0,1994.0,B01,138Â 305Â 924,8.0,0.0,-1.0,1636350,3.0,7,,0.0,2.0,1.0,A01,138Â 305Â 923,1.0
958796,201900000327,8,14,17:00,1,2,6,1.0,3.0,60463,SAINT-EXUPERY (RUE DE)_SUD,M,"49,2683000","2,4596800",60,2019,50.0,1.0,1.0,4.0,2142924,1.0,1,4,1,1.0,,0.0,0,1994.0,B01,138Â 305Â 924,8.0,0.0,-1.0,1636351,3.0,50,,0.0,2.0,0.0,B01,138Â 305Â 924,3.0
958797,201900000328,8,15,22:10,5,2,1,1.0,3.0,60175,JUILLET (RUE JULES),M,"49,2644000","2,4725000",60,2019,50.0,1.0,1.0,7.0,2142925,1.0,1,4,2,9.0,,-1.0,0,1984.0,B01,138Â 305Â 921,8.0,0.0,-1.0,1636352,3.0,7,,0.0,2.0,8.0,B01,138Â 305Â 921,1.0
958797,201900000328,8,15,22:10,5,2,1,1.0,3.0,60175,JUILLET (RUE JULES),M,"49,2644000","2,4725000",60,2019,50.0,1.0,1.0,7.0,2142925,1.0,1,4,2,9.0,,-1.0,0,1984.0,B01,138Â 305Â 921,8.0,0.0,-1.0,1636353,3.0,10,,0.0,2.0,2.0,A01,138Â 305Â 922,1.0
958798,201900000329,8,16,22:40,4,1,6,1.0,3.0,60159,25E- R.G.A. (AV. DU),M,"49,3889400","2,8827100",60,2019,50.0,1.0,1.0,4.0,2142926,1.0,1,3,1,5.0,,-1.0,0,2006.0,B01,138Â 305Â 919,8.0,0.0,-1.0,1636354,3.0,1,,0.0,2.0,7.0,B01,138Â 305Â 919,5.0
958798,201900000329,8,16,22:40,4,1,6,1.0,3.0,60159,25E- R.G.A. (AV. DU),M,"49,3889400","2,8827100",60,2019,50.0,1.0,1.0,4.0,2142926,1.0,1,3,1,5.0,,-1.0,0,2006.0,B01,138Â 305Â 919,8.0,0.0,-1.0,1636355,3.0,7,,0.0,2.0,2.0,A01,138Â 305Â 920,0.0
958799,201900000330,8,16,10:00,1,2,2,1.0,3.0,60057,ROUEN (ROUTE DE),M,"49,4340800","2,0519000",60,2019,50.0,1.0,1.0,2.0,2142927,1.0,1,4,1,0.0,,-1.0,0,1962.0,B01,138Â 305Â 917,1.0,0.0,-1.0,1636356,1.0,7,,0.0,2.0,8.0,B01,138Â 305Â 917,1.0
958799,201900000330,8,16,10:00,1,2,2,1.0,3.0,60057,ROUEN (ROUTE DE),M,"49,4340800","2,0519000",60,2019,50.0,1.0,1.0,2.0,2142927,1.0,1,4,1,0.0,,-1.0,0,1962.0,B01,138Â 305Â 917,1.0,0.0,-1.0,1636357,1.0,7,,0.0,2.0,1.0,A01,138Â 305Â 918,1.0
958799,201900000330,8,16,10:00,1,2,2,1.0,3.0,60057,ROUEN (ROUTE DE),M,"49,4340800","2,0519000",60,2019,50.0,1.0,1.0,2.0,2142928,1.0,1,1,2,0.0,,-1.0,0,1962.0,A01,138Â 305Â 918,1.0,0.0,-1.0,1636356,1.0,7,,0.0,2.0,8.0,B01,138Â 305Â 917,1.0
958799,201900000330,8,16,10:00,1,2,2,1.0,3.0,60057,ROUEN (ROUTE DE),M,"49,4340800","2,0519000",60,2019,50.0,1.0,1.0,2.0,2142928,1.0,1,1,2,0.0,,-1.0,0,1962.0,A01,138Â 305Â 918,1.0,0.0,-1.0,1636357,1.0,7,,0.0,2.0,1.0,A01,138Â 305Â 918,1.0
958800,201900000331,8,13,18:45,1,2,3,1.0,3.0,59512,NATIONS UNIES (AVENUE DES),M,"50,6946700","3,1716200",59,2019,50.0,1.0,1.0,4.0,2142929,1.0,1,1,2,5.0,,-1.0,0,1999.0,B01,138Â 305Â 915,1.0,0.0,-1.0,1636358,3.0,7,,0.0,2.0,2.0,B01,138Â 305Â 915,1.0
958800,201900000331,8,13,18:45,1,2,3,1.0,3.0,59512,NATIONS UNIES (AVENUE DES),M,"50,6946700","3,1716200",59,2019,50.0,1.0,1.0,4.0,2142929,1.0,1,1,2,5.0,,-1.0,0,1999.0,B01,138Â 305Â 915,1.0,0.0,-1.0,1636359,3.0,30,,0.0,2.0,1.0,A01,138Â 305Â 916,1.0
958800,201900000331,8,13,18:45,1,2,3,1.0,3.0,59512,NATIONS UNIES (AVENUE DES),M,"50,6946700","3,1716200",59,2019,50.0,1.0,1.0,4.0,2142930,1.0,1,4,1,5.0,,-1.0,0,2001.0,A01,138Â 305Â 916,2.0,0.0,-1.0,1636358,3.0,7,,0.0,2.0,2.0,B01,138Â 305Â 915,1.0
958800,201900000331,8,13,18:45,1,2,3,1.0,3.0,59512,NATIONS UNIES (AVENUE DES),M,"50,6946700","3,1716200",59,2019,50.0,1.0,1.0,4.0,2142930,1.0,1,4,1,5.0,,-1.0,0,2001.0,A01,138Â 305Â 916,2.0,0.0,-1.0,1636359,3.0,30,,0.0,2.0,1.0,A01,138Â 305Â 916,1.0
958801,201900000332,8,13,01:15,5,2,1,1.0,7.0,59286,MOURET COUR/RUE SADI CARNOT FACE CIAT,M,"50,6114500","2,9884700",59,2019,50.0,1.0,1.0,7.0,2142931,1.0,1,4,1,5.0,,-1.0, -1,1987.0,A01,138Â 305Â 913,8.0,0.0,-1.0,1636360,1.0,7,,9.0,0.0,1.0,A01,138Â 305Â 913,1.0
958802,201900000333,8,5,16:20,1,2,2,1.0,3.0,59410,ACACIAS AVENUE DES,M,"50,6421600","3,1023900",59,2019,50.0,1.0,1.0,4.0,2142932,1.0,1,4,1,1.0,,-1.0, -1,1997.0,A01,138Â 305Â 911,2.0,6.0,-1.0,1636361,3.0,33,,0.0,2.0,2.0,A01,138Â 305Â 911,1.0
958802,201900000333,8,5,16:20,1,2,2,1.0,3.0,59410,ACACIAS AVENUE DES,M,"50,6421600","3,1023900",59,2019,50.0,1.0,1.0,4.0,2142932,1.0,1,4,1,1.0,,-1.0, -1,1997.0,A01,138Â 305Â 911,2.0,6.0,-1.0,1636362,3.0,7,,0.0,2.0,3.0,B01,138Â 305Â 912,1.0
958802,201900000333,8,5,16:20,1,2,2,1.0,3.0,59410,ACACIAS AVENUE DES,M,"50,6421600","3,1023900",59,2019,50.0,1.0,1.0,4.0,2142933,1.0,1,1,2,0.0,,-1.0, -1,1986.0,B01,138Â 305Â 912,1.0,0.0,-1.0,1636361,3.0,33,,0.0,2.0,2.0,A01,138Â 305Â 911,1.0
958802,201900000333,8,5,16:20,1,2,2,1.0,3.0,59410,ACACIAS AVENUE DES,M,"50,6421600","3,1023900",59,2019,50.0,1.0,1.0,4.0,2142933,1.0,1,1,2,0.0,,-1.0, -1,1986.0,B01,138Â 305Â 912,1.0,0.0,-1.0,1636362,3.0,7,,0.0,2.0,3.0,B01,138Â 305Â 912,1.0
958803,201900000334,7,26,18:00,1,2,3,1.0,3.0,59350,DUCORNET RUE,M,"50,6113100","3,0440200",59,2019,30.0,1.0,1.0,9.0,2142934,1.0,1,4,1,9.0,,-1.0,0,1972.0,B01,138Â 305Â 907,8.0,0.0,-1.0,1636363,3.0,50,,0.0,2.0,1.0,B01,138Â 305Â 907,3.0
958803,201900000334,7,26,18:00,1,2,3,1.0,3.0,59350,DUCORNET RUE,M,"50,6113100","3,0440200",59,2019,30.0,1.0,1.0,9.0,2142934,1.0,1,4,1,9.0,,-1.0,0,1972.0,B01,138Â 305Â 907,8.0,0.0,-1.0,1636364,3.0,7,,0.0,6.0,2.0,A01,138Â 305Â 908,0.0
958803,201900000334,7,26,18:00,1,2,3,1.0,3.0,59350,DUCORNET RUE,M,"50,6113100","3,0440200",59,2019,30.0,1.0,1.0,9.0,2142935,1.0,1,1,1,5.0,,-1.0,0,1985.0,A01,138Â 305Â 908,1.0,0.0,-1.0,1636363,3.0,50,,0.0,2.0,1.0,B01,138Â 305Â 907,3.0
958803,201900000334,7,26,18:00,1,2,3,1.0,3.0,59350,DUCORNET RUE,M,"50,6113100","3,0440200",59,2019,30.0,1.0,1.0,9.0,2142935,1.0,1,1,1,5.0,,-1.0,0,1985.0,A01,138Â 305Â 908,1.0,0.0,-1.0,1636364,3.0,7,,0.0,6.0,2.0,A01,138Â 305Â 908,0.0
958804,201900000335,7,27,18:00,1,2,3,1.0,6.0,58194,ARDILLIERS,M,"46,9919700","3,1613000",58,2019,30.0,1.0,1.0,4.0,2142936,10.0,3,3,2,0.0,,1.0,3,1929.0,A01,138Â 305Â 904,0.0,0.0,-1.0,1636365,3.0,1,,0.0,1.0,1.0,A01,138Â 305Â 904,5.0
958804,201900000335,7,27,18:00,1,2,3,1.0,6.0,58194,ARDILLIERS,M,"46,9919700","3,1613000",58,2019,30.0,1.0,1.0,4.0,2142937,1.0,1,1,1,5.0,,-1.0, -1,1999.0,A01,138Â 305Â 904,8.0,0.0,-1.0,1636365,3.0,1,,0.0,1.0,1.0,A01,138Â 305Â 904,5.0
958805,201900000336,8,16,22:35,5,2,1,3.0,4.0,56260,VERDUN (AV DE),M,"47,6648400"," -2,7372200",56,2019,50.0,1.0,2.0,4.0,2142938,1.0,1,1,2,5.0,,0.0,0,1995.0,B01,138Â 305Â 901,1.0,8.0,-1.0,1636366,2.0,7,,0.0,2.0,6.0,B01,138Â 305Â 901,1.0
958805,201900000336,8,16,22:35,5,2,1,3.0,4.0,56260,VERDUN (AV DE),M,"47,6648400"," -2,7372200",56,2019,50.0,1.0,2.0,4.0,2142938,1.0,1,1,2,5.0,,0.0,0,1995.0,B01,138Â 305Â 901,1.0,8.0,-1.0,1636367,2.0,7,,0.0,2.0,4.0,C01,138Â 305Â 902,1.0
958805,201900000336,8,16,22:35,5,2,1,3.0,4.0,56260,VERDUN (AV DE),M,"47,6648400"," -2,7372200",56,2019,50.0,1.0,2.0,4.0,2142938,1.0,1,1,2,5.0,,0.0,0,1995.0,B01,138Â 305Â 901,1.0,8.0,-1.0,1636368,2.0,7,,0.0,2.0,1.0,A01,138Â 305Â 903,1.0
958805,201900000336,8,16,22:35,5,2,1,3.0,4.0,56260,VERDUN (AV DE),M,"47,6648400"," -2,7372200",56,2019,50.0,1.0,2.0,4.0,2142939,1.0,1,1,1,0.0,,0.0,0,2000.0,C01,138Â 305Â 902,8.0,0.0,-1.0,1636366,2.0,7,,0.0,2.0,6.0,B01,138Â 305Â 901,1.0
958805,201900000336,8,16,22:35,5,2,1,3.0,4.0,56260,VERDUN (AV DE),M,"47,6648400"," -2,7372200",56,2019,50.0,1.0,2.0,4.0,2142939,1.0,1,1,1,0.0,,0.0,0,2000.0,C01,138Â 305Â 902,8.0,0.0,-1.0,1636367,2.0,7,,0.0,2.0,4.0,C01,138Â 305Â 902,1.0
958805,201900000336,8,16,22:35,5,2,1,3.0,4.0,56260,VERDUN (AV DE),M,"47,6648400"," -2,7372200",56,2019,50.0,1.0,2.0,4.0,2142939,1.0,1,1,1,0.0,,0.0,0,2000.0,C01,138Â 305Â 902,8.0,0.0,-1.0,1636368,2.0,7,,0.0,2.0,1.0,A01,138Â 305Â 903,1.0