Unnamed: 0_x,num_acc,mois,jour,hrmn,lum,agg,int,atm,col,com,adr,gps,lat,long,dep,annee,vma,situ,surf,catr,Unnamed: 0_y,place,catu,grav,sexe,trajet,secu,locp,actp,an_nais,num_veh_x,id_vehicule_x,secu1,secu2,secu3,Unnamed: 0,senc,catv,occutc,obs,obsm,choc,num_veh_y,id_vehicule_y,motor
958805,201900000336,8,16,22:35,5,2,1,3.0,4.0,56260,VERDUN (AV DE),M,"47,6648400"," -2,7372200",56,2019,50.0,1.0,2.0,4.0,2142940,1.0,1,3,1,0.0,,0.0,0,1979.0,A01,138Â 305Â 903,8.0,0.0,-1.0,1636366,2.0,7,,0.0,2.0,6.0,B01,138Â 305Â 901,1.0
958805,201900000336,8,16,22:35,5,2,1,3.0,4.0,56260,VERDUN (AV DE),M,"47,6648400"," -2,7372200",56,2019,50.0,1.0,2.0,4.0,2142940,1.0,1,3,1,0.0,,0.0,0,1979.0,A01,138Â 305Â 903,8.0,0.0,-1.0,1636367,2.0,7,,0.0,2.0,4.0,C01,138Â 305Â 902,1.0
958805,201900000336,8,16,22:35,5,2,1,3.0,4.0,56260,VERDUN (AV DE),M,"47,6648400"," -2,7372200",56,2019,50.0,1.0,2.0,4.0,2142940,1.0,1,3,1,0.0,,0.0,0,1979.0,A01,138Â 305Â 903,8.0,0.0,-1.0,1636368,2.0,7,,0.0,2.0,1.0,A01,138Â 305Â 903,1.0
958806,201900000337,8,14,18:10,1,2,6,2.0,7.0,56121,BLUM ( BD LEON ),M,"47,7458700"," -3,3804500",56,2019,30.0,1.0,2.0,4.0,2142941,1.0,1,3,1,4.0,,0.0,0,1994.0,A01,138Â 305Â 898,2.0,8.0,-1.0,1636369,2.0,1,,0.0,0.0,7.0,A01,138Â 305Â 898,5.0
958807,201900000338,8,13,17:10,1,1,3,1.0,3.0,56162,KERPAPE (ROUTE DE),M,"47,7229600"," -3,4096000",56,2019,80.0,1.0,1.0,3.0,2142942,1.0,1,1,1,5.0,,0.0,0,1954.0,A01,138Â 305Â 896,1.0,8.0,-1.0,1636370,2.0,7,,0.0,2.0,8.0,A01,138Â 305Â 896,1.0
958807,201900000338,8,13,17:10,1,1,3,1.0,3.0,56162,KERPAPE (ROUTE DE),M,"47,7229600"," -3,4096000",56,2019,80.0,1.0,1.0,3.0,2142942,1.0,1,1,1,5.0,,0.0,0,1954.0,A01,138Â 305Â 896,1.0,8.0,-1.0,1636371,2.0,33,,0.0,2.0,1.0,B01,138Â 305Â 897,1.0
958807,201900000338,8,13,17:10,1,1,3,1.0,3.0,56162,KERPAPE (ROUTE DE),M,"47,7229600"," -3,4096000",56,2019,80.0,1.0,1.0,3.0,2142943,1.0,1,4,1,5.0,,0.0,0,1993.0,B01,138Â 305Â 897,2.0,8.0,-1.0,1636370,2.0,7,,0.0,2.0,8.0,A01,138Â 305Â 896,1.0
958807,201900000338,8,13,17:10,1,1,3,1.0,3.0,56162,KERPAPE (ROUTE DE),M,"47,7229600"," -3,4096000",56,2019,80.0,1.0,1.0,3.0,2142943,1.0,1,4,1,5.0,,0.0,0,1993.0,B01,138Â 305Â 897,2.0,8.0,-1.0,1636371,2.0,33,,0.0,2.0,1.0,B01,138Â 305Â 897,1.0
958808,201900000339,8,10,20:30,1,2,7,1.0,6.0,56162,Place Gustave le Floch,M,"47,7019400"," -3,4319800",56,2019,30.0,1.0,1.0,6.0,2142944,1.0,1,4,2,5.0,,0.0,0,1961.0,A01,138Â 305Â 895,1.0,8.0,-1.0,1636372,3.0,7,,1.0,0.0,1.0,A01,138Â 305Â 895,1.0
958809,201900000340,8,10,20:15,1,2,6,1.0,3.0,56107,LE PORT (ROGER BOULEVARD),M,"47,7168600"," -3,3731700",56,2019,30.0,1.0,1.0,4.0,2142945,1.0,1,4,1,5.0,,0.0,0,1987.0,B01,138Â 305Â 893,2.0,8.0,-1.0,1636373,2.0,30,,0.0,2.0,7.0,B01,138Â 305Â 893,1.0
958809,201900000340,8,10,20:15,1,2,6,1.0,3.0,56107,LE PORT (ROGER BOULEVARD),M,"47,7168600"," -3,3731700",56,2019,30.0,1.0,1.0,4.0,2142945,1.0,1,4,1,5.0,,0.0,0,1987.0,B01,138Â 305Â 893,2.0,8.0,-1.0,1636374,1.0,7,,0.0,2.0,1.0,Z01,138Â 305Â 894,0.0
958810,201900000341,8,9,17:30,1,1,1,1.0,2.0,56083,VANNES ( ROUTE DE ),M,"47,7989500"," -3,2559800",56,2019,70.0,1.0,1.0,3.0,2142946,1.0,1,4,1,5.0,,0.0,0,2003.0,A01,138Â 305Â 891,2.0,8.0,-1.0,1636375,2.0,30,,0.0,2.0,1.0,A01,138Â 305Â 891,1.0
958810,201900000341,8,9,17:30,1,1,1,1.0,2.0,56083,VANNES ( ROUTE DE ),M,"47,7989500"," -3,2559800",56,2019,70.0,1.0,1.0,3.0,2142946,1.0,1,4,1,5.0,,0.0,0,2003.0,A01,138Â 305Â 891,2.0,8.0,-1.0,1636376,2.0,7,,0.0,2.0,5.0,B01,138Â 305Â 892,1.0
958810,201900000341,8,9,17:30,1,1,1,1.0,2.0,56083,VANNES ( ROUTE DE ),M,"47,7989500"," -3,2559800",56,2019,70.0,1.0,1.0,3.0,2142947,1.0,1,1,2,0.0,,0.0,0,1978.0,B01,138Â 305Â 892,1.0,8.0,-1.0,1636375,2.0,30,,0.0,2.0,1.0,A01,138Â 305Â 891,1.0
958810,201900000341,8,9,17:30,1,1,1,1.0,2.0,56083,VANNES ( ROUTE DE ),M,"47,7989500"," -3,2559800",56,2019,70.0,1.0,1.0,3.0,2142947,1.0,1,1,2,0.0,,0.0,0,1978.0,B01,138Â 305Â 892,1.0,8.0,-1.0,1636376,2.0,7,,0.0,2.0,5.0,B01,138Â 305Â 892,1.0
958811,201900000342,8,16,17:55,1,2,1,1.0,6.0,54184,FOCH (AVENUE),M,"48,7051700","6,2240200",54,2019,50.0,1.0,1.0,4.0,2142948,1.0,1,4,2,9.0,,-1.0,0,1939.0,A01,138Â 305Â 890,1.0,0.0,-1.0,1636377,1.0,7,,6.0,0.0,1.0,A01,138Â 305Â 890,1.0
958812,201900000343,8,16,13:45,1,2,1,1.0,3.0,54265,RD 570,M,"48,6405380","6,1823010",54,2019,30.0,1.0,1.0,4.0,2142949,1.0,1,4,2,9.0,,-1.0,0,1950.0,A01,138Â 305Â 888,1.0,0.0,-1.0,1636378,1.0,7,,0.0,2.0,2.0,A01,138Â 305Â 888,1.0
958812,201900000343,8,16,13:45,1,2,1,1.0,3.0,54265,RD 570,M,"48,6405380","6,1823010",54,2019,30.0,1.0,1.0,4.0,2142949,1.0,1,4,2,9.0,,-1.0,0,1950.0,A01,138Â 305Â 888,1.0,0.0,-1.0,1636379,1.0,7,,0.0,2.0,3.0,B01,138Â 305Â 889,1.0
958812,201900000343,8,16,13:45,1,2,1,1.0,3.0,54265,RD 570,M,"48,6405380","6,1823010",54,2019,30.0,1.0,1.0,4.0,2142950,1.0,1,1,2,9.0,,-1.0,0,1991.0,B01,138Â 305Â 889,1.0,0.0,-1.0,1636378,1.0,7,,0.0,2.0,2.0,A01,138Â 305Â 888,1.0
958812,201900000343,8,16,13:45,1,2,1,1.0,3.0,54265,RD 570,M,"48,6405380","6,1823010",54,2019,30.0,1.0,1.0,4.0,2142950,1.0,1,1,2,9.0,,-1.0,0,1991.0,B01,138Â 305Â 889,1.0,0.0,-1.0,1636379,1.0,7,,0.0,2.0,3.0,B01,138Â 305Â 889,1.0
958813,201900000344,8,16,11:00,1,2,1,1.0,2.0,54547,BARTHOU (BD LOUIS),M,"48,6708530","6,1869380",54,2019,50.0,1.0,1.0,4.0,2142951,1.0,1,4,1,9.0,,-1.0,0,1973.0,B01,138Â 305Â 885,1.0,0.0,-1.0,1636380,1.0,7,,0.0,2.0,4.0,B01,138Â 305Â 885,1.0
958813,201900000344,8,16,11:00,1,2,1,1.0,2.0,54547,BARTHOU (BD LOUIS),M,"48,6708530","6,1869380",54,2019,50.0,1.0,1.0,4.0,2142951,1.0,1,4,1,9.0,,-1.0,0,1973.0,B01,138Â 305Â 885,1.0,0.0,-1.0,1636381,1.0,7,,0.0,2.0,1.0,A01,138Â 305Â 886,1.0
958813,201900000344,8,16,11:00,1,2,1,1.0,2.0,54547,BARTHOU (BD LOUIS),M,"48,6708530","6,1869380",54,2019,50.0,1.0,1.0,4.0,2142952,2.0,2,4,1,9.0,,-1.0,0,2006.0,B01,138Â 305Â 885,1.0,0.0,-1.0,1636380,1.0,7,,0.0,2.0,4.0,B01,138Â 305Â 885,1.0
958813,201900000344,8,16,11:00,1,2,1,1.0,2.0,54547,BARTHOU (BD LOUIS),M,"48,6708530","6,1869380",54,2019,50.0,1.0,1.0,4.0,2142952,2.0,2,4,1,9.0,,-1.0,0,2006.0,B01,138Â 305Â 885,1.0,0.0,-1.0,1636381,1.0,7,,0.0,2.0,1.0,A01,138Â 305Â 886,1.0
958813,201900000344,8,16,11:00,1,2,1,1.0,2.0,54547,BARTHOU (BD LOUIS),M,"48,6708530","6,1869380",54,2019,50.0,1.0,1.0,4.0,2142953,1.0,1,1,1,0.0,,-1.0,0,1972.0,A01,138Â 305Â 886,1.0,0.0,-1.0,1636380,1.0,7,,0.0,2.0,4.0,B01,138Â 305Â 885,1.0
958813,201900000344,8,16,11:00,1,2,1,1.0,2.0,54547,BARTHOU (BD LOUIS),M,"48,6708530","6,1869380",54,2019,50.0,1.0,1.0,4.0,2142953,1.0,1,1,1,0.0,,-1.0,0,1972.0,A01,138Â 305Â 886,1.0,0.0,-1.0,1636381,1.0,7,,0.0,2.0,1.0,A01,138Â 305Â 886,1.0
958814,201900000345,8,16,15:55,1,2,1,1.0,3.0,51454,RUE DU RUISSELET,M,"49,2439100","4,0353200",51,2019,50.0,1.0,1.0,4.0,2142954,1.0,1,4,2,9.0,,-1.0,0,1965.0,B01,138Â 305Â 883,8.0,8.0,-1.0,1636382,3.0,7,,0.0,2.0,7.0,A01,138Â 305Â 882,0.0
958814,201900000345,8,16,15:55,1,2,1,1.0,3.0,51454,RUE DU RUISSELET,M,"49,2439100","4,0353200",51,2019,50.0,1.0,1.0,4.0,2142954,1.0,1,4,2,9.0,,-1.0,0,1965.0,B01,138Â 305Â 883,8.0,8.0,-1.0,1636383,3.0,1,,0.0,2.0,8.0,B01,138Â 305Â 883,5.0
958815,201900000346,8,15,18:50,1,2,6,1.0,3.0,51454,BOULEVARD FRANCHET D'ESPEREY,M,"49,2416400","4,0173100",51,2019,50.0,1.0,1.0,4.0,2142955,1.0,1,4,1,0.0,,-1.0,0,1992.0,A01,138Â 305Â 880,2.0,8.0,-1.0,1636384,0.0,31,,0.0,2.0,8.0,A01,138Â 305Â 880,1.0
958815,201900000346,8,15,18:50,1,2,6,1.0,3.0,51454,BOULEVARD FRANCHET D'ESPEREY,M,"49,2416400","4,0173100",51,2019,50.0,1.0,1.0,4.0,2142955,1.0,1,4,1,0.0,,-1.0,0,1992.0,A01,138Â 305Â 880,2.0,8.0,-1.0,1636385,0.0,10,,0.0,2.0,7.0,B01,138Â 305Â 881,1.0
958815,201900000346,8,15,18:50,1,2,6,1.0,3.0,51454,BOULEVARD FRANCHET D'ESPEREY,M,"49,2416400","4,0173100",51,2019,50.0,1.0,1.0,4.0,2142956,1.0,1,1,2,0.0,,-1.0,0,1984.0,B01,138Â 305Â 881,1.0,8.0,-1.0,1636384,0.0,31,,0.0,2.0,8.0,A01,138Â 305Â 880,1.0
958815,201900000346,8,15,18:50,1,2,6,1.0,3.0,51454,BOULEVARD FRANCHET D'ESPEREY,M,"49,2416400","4,0173100",51,2019,50.0,1.0,1.0,4.0,2142956,1.0,1,1,2,0.0,,-1.0,0,1984.0,B01,138Â 305Â 881,1.0,8.0,-1.0,1636385,0.0,10,,0.0,2.0,7.0,B01,138Â 305Â 881,1.0
958815,201900000346,8,15,18:50,1,2,6,1.0,3.0,51454,BOULEVARD FRANCHET D'ESPEREY,M,"49,2416400","4,0173100",51,2019,50.0,1.0,1.0,4.0,2142957,2.0,2,1,1,0.0,,-1.0,0,1981.0,B01,138Â 305Â 881,1.0,8.0,-1.0,1636384,0.0,31,,0.0,2.0,8.0,A01,138Â 305Â 880,1.0
958815,201900000346,8,15,18:50,1,2,6,1.0,3.0,51454,BOULEVARD FRANCHET D'ESPEREY,M,"49,2416400","4,0173100",51,2019,50.0,1.0,1.0,4.0,2142957,2.0,2,1,1,0.0,,-1.0,0,1981.0,B01,138Â 305Â 881,1.0,8.0,-1.0,1636385,0.0,10,,0.0,2.0,7.0,B01,138Â 305Â 881,1.0
958816,201900000347,8,12,15:05,1,2,3,1.0,4.0,50203,ROUGES TERRES (LES),M,"49,6123000"," -1,6010300",50,2019,50.0,1.0,1.0,2.0,2142958,1.0,1,1,1,4.0,,0.0,0,1980.0,C01,138Â 305Â 875,1.0,8.0,-1.0,1636386,0.0,7,,0.0,2.0,3.0,C01,138Â 305Â 875,1.0
958816,201900000347,8,12,15:05,1,2,3,1.0,4.0,50203,ROUGES TERRES (LES),M,"49,6123000"," -1,6010300",50,2019,50.0,1.0,1.0,2.0,2142958,1.0,1,1,1,4.0,,0.0,0,1980.0,C01,138Â 305Â 875,1.0,8.0,-1.0,1636387,0.0,7,,0.0,2.0,7.0,B01,138Â 305Â 876,1.0
958816,201900000347,8,12,15:05,1,2,3,1.0,4.0,50203,ROUGES TERRES (LES),M,"49,6123000"," -1,6010300",50,2019,50.0,1.0,1.0,2.0,2142958,1.0,1,1,1,4.0,,0.0,0,1980.0,C01,138Â 305Â 875,1.0,8.0,-1.0,1636388,1.0,7,,0.0,2.0,1.0,A01,138Â 305Â 877,1.0
958816,201900000347,8,12,15:05,1,2,3,1.0,4.0,50203,ROUGES TERRES (LES),M,"49,6123000"," -1,6010300",50,2019,50.0,1.0,1.0,2.0,2142959,3.0,2,4,2,5.0,,0.0,0,2009.0,B01,138Â 305Â 876,1.0,8.0,-1.0,1636386,0.0,7,,0.0,2.0,3.0,C01,138Â 305Â 875,1.0
958816,201900000347,8,12,15:05,1,2,3,1.0,4.0,50203,ROUGES TERRES (LES),M,"49,6123000"," -1,6010300",50,2019,50.0,1.0,1.0,2.0,2142959,3.0,2,4,2,5.0,,0.0,0,2009.0,B01,138Â 305Â 876,1.0,8.0,-1.0,1636387,0.0,7,,0.0,2.0,7.0,B01,138Â 305Â 876,1.0
958816,201900000347,8,12,15:05,1,2,3,1.0,4.0,50203,ROUGES TERRES (LES),M,"49,6123000"," -1,6010300",50,2019,50.0,1.0,1.0,2.0,2142959,3.0,2,4,2,5.0,,0.0,0,2009.0,B01,138Â 305Â 876,1.0,8.0,-1.0,1636388,1.0,7,,0.0,2.0,1.0,A01,138Â 305Â 877,1.0
958816,201900000347,8,12,15:05,1,2,3,1.0,4.0,50203,ROUGES TERRES (LES),M,"49,6123000"," -1,6010300",50,2019,50.0,1.0,1.0,2.0,2142960,2.0,2,4,1,5.0,,0.0,0,2004.0,B01,138Â 305Â 876,1.0,8.0,-1.0,1636386,0.0,7,,0.0,2.0,3.0,C01,138Â 305Â 875,1.0
958816,201900000347,8,12,15:05,1,2,3,1.0,4.0,50203,ROUGES TERRES (LES),M,"49,6123000"," -1,6010300",50,2019,50.0,1.0,1.0,2.0,2142960,2.0,2,4,1,5.0,,0.0,0,2004.0,B01,138Â 305Â 876,1.0,8.0,-1.0,1636387,0.0,7,,0.0,2.0,7.0,B01,138Â 305Â 876,1.0
958816,201900000347,8,12,15:05,1,2,3,1.0,4.0,50203,ROUGES TERRES (LES),M,"49,6123000"," -1,6010300",50,2019,50.0,1.0,1.0,2.0,2142960,2.0,2,4,1,5.0,,0.0,0,2004.0,B01,138Â 305Â 876,1.0,8.0,-1.0,1636388,1.0,7,,0.0,2.0,1.0,A01,138Â 305Â 877,1.0
958816,201900000347,8,12,15:05,1,2,3,1.0,4.0,50203,ROUGES TERRES (LES),M,"49,6123000"," -1,6010300",50,2019,50.0,1.0,1.0,2.0,2142961,1.0,1,1,2,5.0,,0.0,0,2000.0,B01,138Â 305Â 876,1.0,8.0,-1.0,1636386,0.0,7,,0.0,2.0,3.0,C01,138Â 305Â 875,1.0
958816,201900000347,8,12,15:05,1,2,3,1.0,4.0,50203,ROUGES TERRES (LES),M,"49,6123000"," -1,6010300",50,2019,50.0,1.0,1.0,2.0,2142961,1.0,1,1,2,5.0,,0.0,0,2000.0,B01,138Â 305Â 876,1.0,8.0,-1.0,1636387,0.0,7,,0.0,2.0,7.0,B01,138Â 305Â 876,1.0
958816,201900000347,8,12,15:05,1,2,3,1.0,4.0,50203,ROUGES TERRES (LES),M,"49,6123000"," -1,6010300",50,2019,50.0,1.0,1.0,2.0,2142961,1.0,1,1,2,5.0,,0.0,0,2000.0,B01,138Â 305Â 876,1.0,8.0,-1.0,1636388,1.0,7,,0.0,2.0,1.0,A01,138Â 305Â 877,1.0
958816,201900000347,8,12,15:05,1,2,3,1.0,4.0,50203,ROUGES TERRES (LES),M,"49,6123000"," -1,6010300",50,2019,50.0,1.0,1.0,2.0,2142962,1.0,1,1,1,4.0,,0.0,0,1978.0,A01,138Â 305Â 877,1.0,8.0,-1.0,1636386,0.0,7,,0.0,2.0,3.0,C01,138Â 305Â 875,1.0
958816,201900000347,8,12,15:05,1,2,3,1.0,4.0,50203,ROUGES TERRES (LES),M,"49,6123000"," -1,6010300",50,2019,50.0,1.0,1.0,2.0,2142962,1.0,1,1,1,4.0,,0.0,0,1978.0,A01,138Â 305Â 877,1.0,8.0,-1.0,1636387,0.0,7,,0.0,2.0,7.0,B01,138Â 305Â 876,1.0
958816,201900000347,8,12,15:05,1,2,3,1.0,4.0,50203,ROUGES TERRES (LES),M,"49,6123000"," -1,6010300",50,2019,50.0,1.0,1.0,2.0,2142962,1.0,1,1,1,4.0,,0.0,0,1978.0,A01,138Â 305Â 877,1.0,8.0,-1.0,1636388,1.0,7,,0.0,2.0,1.0,A01,138Â 305Â 877,1.0
958817,201900000348,8,11,21:15,1,2,1,1.0,1.0,50416,HAGUE (BOULEVARD DE LA),M,"49,6657200"," -1,6878800",50,2019,50.0,1.0,1.0,3.0,2142963,1.0,1,4,1,5.0,,0.0,0,1984.0,A01,138Â 305Â 873,1.0,8.0,-1.0,1636389,2.0,7,,0.0,2.0,1.0,A01,138Â 305Â 873,1.0
958817,201900000348,8,11,21:15,1,2,1,1.0,1.0,50416,HAGUE (BOULEVARD DE LA),M,"49,6657200"," -1,6878800",50,2019,50.0,1.0,1.0,3.0,2142963,1.0,1,4,1,5.0,,0.0,0,1984.0,A01,138Â 305Â 873,1.0,8.0,-1.0,1636390,1.0,7,,0.0,2.0,2.0,B01,138Â 305Â 874,1.0
958817,201900000348,8,11,21:15,1,2,1,1.0,1.0,50416,HAGUE (BOULEVARD DE LA),M,"49,6657200"," -1,6878800",50,2019,50.0,1.0,1.0,3.0,2142964,1.0,1,1,1,5.0,,0.0,0,1958.0,B01,138Â 305Â 874,1.0,8.0,-1.0,1636389,2.0,7,,0.0,2.0,1.0,A01,138Â 305Â 873,1.0
958817,201900000348,8,11,21:15,1,2,1,1.0,1.0,50416,HAGUE (BOULEVARD DE LA),M,"49,6657200"," -1,6878800",50,2019,50.0,1.0,1.0,3.0,2142964,1.0,1,1,1,5.0,,0.0,0,1958.0,B01,138Â 305Â 874,1.0,8.0,-1.0,1636390,1.0,7,,0.0,2.0,2.0,B01,138Â 305Â 874,1.0
958818,201900000349,8,14,16:15,1,2,1,1.0,6.0,49007,PASTEUR AVENUE,M,"47,4739100"," -0,5375400",49,2019,50.0,1.0,1.0,4.0,2142965,1.0,1,1,2,0.0,,-1.0, -1,1998.0,A01,138Â 305Â 872,1.0,8.0,-1.0,1636391,1.0,7,,0.0,1.0,3.0,A01,138Â 305Â 872,0.0
958818,201900000349,8,14,16:15,1,2,1,1.0,6.0,49007,PASTEUR AVENUE,M,"47,4739100"," -0,5375400",49,2019,50.0,1.0,1.0,4.0,2142966,10.0,3,4,2,9.0,,4.0,3,1942.0,A01,138Â 305Â 872,8.0,0.0,-1.0,1636391,1.0,7,,0.0,1.0,3.0,A01,138Â 305Â 872,0.0
958819,201900000350,8,13,15:45,1,2,1,1.0,3.0,49007,ARNAULD ( HENRI) BOULEVARD,M,"47,4730700"," -0,5622400",49,2019,30.0,1.0,1.0,4.0,2142967,1.0,1,4,2,9.0,,-1.0,0,2000.0,B01,138Â 305Â 870,2.0,8.0,-1.0,1636392,3.0,1,,0.0,2.0,1.0,B01,138Â 305Â 870,5.0
958819,201900000350,8,13,15:45,1,2,1,1.0,3.0,49007,ARNAULD ( HENRI) BOULEVARD,M,"47,4730700"," -0,5622400",49,2019,30.0,1.0,1.0,4.0,2142967,1.0,1,4,2,9.0,,-1.0,0,2000.0,B01,138Â 305Â 870,2.0,8.0,-1.0,1636393,3.0,7,,0.0,6.0,1.0,A01,138Â 305Â 871,1.0
958819,201900000350,8,13,15:45,1,2,1,1.0,3.0,49007,ARNAULD ( HENRI) BOULEVARD,M,"47,4730700"," -0,5622400",49,2019,30.0,1.0,1.0,4.0,2142968,1.0,1,1,1,9.0,,-1.0,0,1982.0,A01,138Â 305Â 871,1.0,0.0,-1.0,1636392,3.0,1,,0.0,2.0,1.0,B01,138Â 305Â 870,5.0
958819,201900000350,8,13,15:45,1,2,1,1.0,3.0,49007,ARNAULD ( HENRI) BOULEVARD,M,"47,4730700"," -0,5622400",49,2019,30.0,1.0,1.0,4.0,2142968,1.0,1,1,1,9.0,,-1.0,0,1982.0,A01,138Â 305Â 871,1.0,0.0,-1.0,1636393,3.0,7,,0.0,6.0,1.0,A01,138Â 305Â 871,1.0
958820,201900000351,8,13,18:48,1,2,1,1.0,3.0,49007,LEFORT,M,"47,4784100"," -0,5447400",49,2019,30.0,1.0,1.0,4.0,2142969,1.0,1,4,2,9.0,,-1.0, -1,1959.0,B01,138Â 305Â 868,1.0,8.0,-1.0,1636394,3.0,7,,0.0,2.0,3.0,B01,138Â 305Â 868,1.0
958820,201900000351,8,13,18:48,1,2,1,1.0,3.0,49007,LEFORT,M,"47,4784100"," -0,5447400",49,2019,30.0,1.0,1.0,4.0,2142969,1.0,1,4,2,9.0,,-1.0, -1,1959.0,B01,138Â 305Â 868,1.0,8.0,-1.0,1636395,3.0,7,,0.0,2.0,1.0,A01,138Â 305Â 869,1.0
958820,201900000351,8,13,18:48,1,2,1,1.0,3.0,49007,LEFORT,M,"47,4784100"," -0,5447400",49,2019,30.0,1.0,1.0,4.0,2142970,1.0,1,1,1,0.0,,-1.0, -1,1998.0,A01,138Â 305Â 869,1.0,8.0,-1.0,1636394,3.0,7,,0.0,2.0,3.0,B01,138Â 305Â 868,1.0
958820,201900000351,8,13,18:48,1,2,1,1.0,3.0,49007,LEFORT,M,"47,4784100"," -0,5447400",49,2019,30.0,1.0,1.0,4.0,2142970,1.0,1,1,1,0.0,,-1.0, -1,1998.0,A01,138Â 305Â 869,1.0,8.0,-1.0,1636395,3.0,7,,0.0,2.0,1.0,A01,138Â 305Â 869,1.0
958821,201900000352,8,12,08:02,1,2,2,1.0,3.0,49007,ALLONNEAU(AUGUSTE) BOULEVARD,M,"47,4810700"," -0,5272200",49,2019,50.0,1.0,1.0,4.0,2142971,1.0,1,4,1,0.0,,-1.0, -1,1994.0,A01,138Â 305Â 866,2.0,8.0,-1.0,1636396,1.0,33,,0.0,2.0,8.0,A01,138Â 305Â 866,0.0
958821,201900000352,8,12,08:02,1,2,2,1.0,3.0,49007,ALLONNEAU(AUGUSTE) BOULEVARD,M,"47,4810700"," -0,5272200",49,2019,50.0,1.0,1.0,4.0,2142971,1.0,1,4,1,0.0,,-1.0, -1,1994.0,A01,138Â 305Â 866,2.0,8.0,-1.0,1636397,2.0,7,,0.0,2.0,2.0,B01,138Â 305Â 867,0.0
958821,201900000352,8,12,08:02,1,2,2,1.0,3.0,49007,ALLONNEAU(AUGUSTE) BOULEVARD,M,"47,4810700"," -0,5272200",49,2019,50.0,1.0,1.0,4.0,2142972,1.0,1,1,1,0.0,,-1.0, -1,1953.0,B01,138Â 305Â 867,1.0,8.0,-1.0,1636396,1.0,33,,0.0,2.0,8.0,A01,138Â 305Â 866,0.0
958821,201900000352,8,12,08:02,1,2,2,1.0,3.0,49007,ALLONNEAU(AUGUSTE) BOULEVARD,M,"47,4810700"," -0,5272200",49,2019,50.0,1.0,1.0,4.0,2142972,1.0,1,1,1,0.0,,-1.0, -1,1953.0,B01,138Â 305Â 867,1.0,8.0,-1.0,1636397,2.0,7,,0.0,2.0,2.0,B01,138Â 305Â 867,0.0
958822,201900000353,8,9,13:15,1,2,1,2.0,3.0,49007,LEKEU,M,"47,4710800"," -0,5193500",49,2019,30.0,1.0,2.0,4.0,2142973,1.0,1,1,2,0.0,,-1.0, -1,1964.0,A01,138Â 305Â 864,1.0,8.0,-1.0,1636398,3.0,7,,0.0,2.0,3.0,A01,138Â 305Â 864,1.0
958822,201900000353,8,9,13:15,1,2,1,2.0,3.0,49007,LEKEU,M,"47,4710800"," -0,5193500",49,2019,30.0,1.0,2.0,4.0,2142973,1.0,1,1,2,0.0,,-1.0, -1,1964.0,A01,138Â 305Â 864,1.0,8.0,-1.0,1636399,3.0,33,,0.0,2.0,1.0,B01,138Â 305Â 865,1.0
958822,201900000353,8,9,13:15,1,2,1,2.0,3.0,49007,LEKEU,M,"47,4710800"," -0,5193500",49,2019,30.0,1.0,2.0,4.0,2142974,1.0,1,4,1,0.0,,-1.0, -1,1986.0,B01,138Â 305Â 865,2.0,8.0,-1.0,1636398,3.0,7,,0.0,2.0,3.0,A01,138Â 305Â 864,1.0
958822,201900000353,8,9,13:15,1,2,1,2.0,3.0,49007,LEKEU,M,"47,4710800"," -0,5193500",49,2019,30.0,1.0,2.0,4.0,2142974,1.0,1,4,1,0.0,,-1.0, -1,1986.0,B01,138Â 305Â 865,2.0,8.0,-1.0,1636399,3.0,33,,0.0,2.0,1.0,B01,138Â 305Â 865,1.0
958823,201900000354,8,14,15:20,1,2,1,1.0,6.0,47001,530 BLUM (AV. LEON),M,"44,2113612","0,6466734",47,2019,50.0,1.0,1.0,3.0,2142975,1.0,1,4,2,5.0,,-1.0,0,2008.0,A01,138Â 305Â 862,8.0,0.0,-1.0,1636400,3.0,1,,0.0,2.0,7.0,A01,138Â 305Â 862,5.0
958823,201900000354,8,14,15:20,1,2,1,1.0,6.0,47001,530 BLUM (AV. LEON),M,"44,2113612","0,6466734",47,2019,50.0,1.0,1.0,3.0,2142975,1.0,1,4,2,5.0,,-1.0,0,2008.0,A01,138Â 305Â 862,8.0,0.0,-1.0,1636401,1.0,7,,0.0,2.0,1.0,B01,138Â 305Â 863,1.0
958823,201900000354,8,14,15:20,1,2,1,1.0,6.0,47001,530 BLUM (AV. LEON),M,"44,2113612","0,6466734",47,2019,50.0,1.0,1.0,3.0,2142976,1.0,1,1,1,5.0,,-1.0,0,2000.0,B01,138Â 305Â 863,1.0,0.0,-1.0,1636400,3.0,1,,0.0,2.0,7.0,A01,138Â 305Â 862,5.0
958823,201900000354,8,14,15:20,1,2,1,1.0,6.0,47001,530 BLUM (AV. LEON),M,"44,2113612","0,6466734",47,2019,50.0,1.0,1.0,3.0,2142976,1.0,1,1,1,5.0,,-1.0,0,2000.0,B01,138Â 305Â 863,1.0,0.0,-1.0,1636401,1.0,7,,0.0,2.0,1.0,B01,138Â 305Â 863,1.0
958824,201900000355,8,16,22:23,5,2,9,1.0,7.0,45004,RUE DE L' EUROPE,M,"47,9739000","2,7332000",45,2019,50.0,1.0,1.0,4.0,2142977,1.0,1,4,1,5.0,,0.0,0,1997.0,A01,138Â 305Â 861,8.0,0.0,-1.0,1636402,2.0,2,,12.0,0.0,1.0,A01,138Â 305Â 861,1.0
958825,201900000356,8,17,20:10,1,1,1,2.0,6.0,45004,ECHANGEUR D2060-D2007,M,"47,9843600","2,7423300",45,2019,30.0,1.0,2.0,3.0,2142978,1.0,1,4,2,0.0,,0.0,0,1950.0,A01,138Â 305Â 860,1.0,8.0,-1.0,1636403,1.0,7,,13.0,0.0,1.0,A01,138Â 305Â 860,1.0