Unnamed: 0_x,num_acc,mois,jour,hrmn,lum,agg,int,atm,col,com,adr,gps,lat,long,dep,annee,vma,situ,surf,catr,Unnamed: 0_y,place,catu,grav,sexe,trajet,secu,locp,actp,an_nais,num_veh_x,id_vehicule_x,secu1,secu2,secu3,Unnamed: 0,senc,catv,occutc,obs,obsm,choc,num_veh_y,id_vehicule_y,motor
958826,201900000357,8,17,16:25,1,2,1,2.0,6.0,44184,FRATERNITÃ (BOULEVARD DE LA),M,"47,2827900"," -2,2189300",44,2019,50.0,1.0,2.0,4.0,2142979,10.0,3,4,1,5.0,,3.0,3,1935.0,A01,138Â 305Â 859,8.0,0.0,-1.0,1636404,1.0,30,,0.0,1.0,1.0,A01,138Â 305Â 859,1.0
958826,201900000357,8,17,16:25,1,2,1,2.0,6.0,44184,FRATERNITÃ (BOULEVARD DE LA),M,"47,2827900"," -2,2189300",44,2019,50.0,1.0,2.0,4.0,2142980,1.0,1,1,1,5.0,,0.0,0,1971.0,A01,138Â 305Â 859,2.0,0.0,-1.0,1636404,1.0,30,,0.0,1.0,1.0,A01,138Â 305Â 859,1.0
958827,201900000358,8,17,22:39,3,1,1,2.0,7.0,44162,RUE DE LA SYONNIERE,M,"47,2418988"," -1,6489478",44,2019,50.0,1.0,2.0,4.0,2142981,4.0,2,1,1,0.0,,0.0,0,1987.0,A01,138Â 305Â 858,1.0,8.0,-1.0,1636405,3.0,7,,13.0,0.0,1.0,A01,138Â 305Â 858,1.0
958827,201900000358,8,17,22:39,3,1,1,2.0,7.0,44162,RUE DE LA SYONNIERE,M,"47,2418988"," -1,6489478",44,2019,50.0,1.0,2.0,4.0,2142982,5.0,2,4,1,0.0,,0.0,0,1985.0,A01,138Â 305Â 858,1.0,0.0,-1.0,1636405,3.0,7,,13.0,0.0,1.0,A01,138Â 305Â 858,1.0
958827,201900000358,8,17,22:39,3,1,1,2.0,7.0,44162,RUE DE LA SYONNIERE,M,"47,2418988"," -1,6489478",44,2019,50.0,1.0,2.0,4.0,2142983,1.0,1,1,2,0.0,,0.0,0,1973.0,A01,138Â 305Â 858,1.0,8.0,-1.0,1636405,3.0,7,,13.0,0.0,1.0,A01,138Â 305Â 858,1.0
958827,201900000358,8,17,22:39,3,1,1,2.0,7.0,44162,RUE DE LA SYONNIERE,M,"47,2418988"," -1,6489478",44,2019,50.0,1.0,2.0,4.0,2142984,3.0,2,1,1,0.0,,0.0,0,1997.0,A01,138Â 305Â 858,1.0,8.0,-1.0,1636405,3.0,7,,13.0,0.0,1.0,A01,138Â 305Â 858,1.0
958828,201900000359,8,15,01:30,5,2,1,1.0,7.0,44109,JOSEPH ( RTE DE ST ),M,"47,2719700"," -1,5162100",44,2019,50.0,1.0,1.0,4.0,2142985,1.0,1,4,1,0.0,,0.0,0,1994.0,A01,138Â 305Â 857,1.0,0.0,-1.0,1636406,1.0,7,,9.0,0.0,0.0,A01,138Â 305Â 857,1.0
958829,201900000360,8,15,12:25,1,2,6,1.0,3.0,44132,BD REPUBLIQUE/AVENUE DE GAULLE,M,"47,2596070"," -2,3390750",44,2019,50.0,1.0,1.0,4.0,2142986,1.0,1,1,1,5.0,,0.0,0,2003.0,A01,138Â 305Â 855,8.0,0.0,-1.0,1636407,2.0,1,,0.0,2.0,1.0,A01,138Â 305Â 855,5.0
958829,201900000360,8,15,12:25,1,2,6,1.0,3.0,44132,BD REPUBLIQUE/AVENUE DE GAULLE,M,"47,2596070"," -2,3390750",44,2019,50.0,1.0,1.0,4.0,2142986,1.0,1,1,1,5.0,,0.0,0,2003.0,A01,138Â 305Â 855,8.0,0.0,-1.0,1636408,1.0,1,,0.0,2.0,1.0,B01,138Â 305Â 856,5.0
958829,201900000360,8,15,12:25,1,2,6,1.0,3.0,44132,BD REPUBLIQUE/AVENUE DE GAULLE,M,"47,2596070"," -2,3390750",44,2019,50.0,1.0,1.0,4.0,2142987,1.0,1,4,2,5.0,,0.0,0,1955.0,B01,138Â 305Â 856,8.0,0.0,-1.0,1636407,2.0,1,,0.0,2.0,1.0,A01,138Â 305Â 855,5.0
958829,201900000360,8,15,12:25,1,2,6,1.0,3.0,44132,BD REPUBLIQUE/AVENUE DE GAULLE,M,"47,2596070"," -2,3390750",44,2019,50.0,1.0,1.0,4.0,2142987,1.0,1,4,2,5.0,,0.0,0,1955.0,B01,138Â 305Â 856,8.0,0.0,-1.0,1636408,1.0,1,,0.0,2.0,1.0,B01,138Â 305Â 856,5.0
958830,201900000361,8,16,18:25,1,2,1,1.0,2.0,41269,ROCHAMBEAU (RUE DU MARECHAL DE),M,"47,7943600","1,0557000",41,2019,30.0,1.0,1.0,3.0,2142988,1.0,1,1,2,0.0,,0.0, -1,1991.0,A01,138Â 305Â 851,1.0,0.0,-1.0,1636409,0.0,7,,0.0,0.0,4.0,A01,138Â 305Â 851,1.0
958830,201900000361,8,16,18:25,1,2,1,1.0,2.0,41269,ROCHAMBEAU (RUE DU MARECHAL DE),M,"47,7943600","1,0557000",41,2019,30.0,1.0,1.0,3.0,2142988,1.0,1,1,2,0.0,,0.0, -1,1991.0,A01,138Â 305Â 851,1.0,0.0,-1.0,1636410,0.0,33,,0.0,2.0,1.0,B01,138Â 305Â 852,1.0
958830,201900000361,8,16,18:25,1,2,1,1.0,2.0,41269,ROCHAMBEAU (RUE DU MARECHAL DE),M,"47,7943600","1,0557000",41,2019,30.0,1.0,1.0,3.0,2142989,1.0,1,3,1,5.0,,0.0, -1,1959.0,B01,138Â 305Â 852,2.0,6.0,-1.0,1636409,0.0,7,,0.0,0.0,4.0,A01,138Â 305Â 851,1.0
958830,201900000361,8,16,18:25,1,2,1,1.0,2.0,41269,ROCHAMBEAU (RUE DU MARECHAL DE),M,"47,7943600","1,0557000",41,2019,30.0,1.0,1.0,3.0,2142989,1.0,1,3,1,5.0,,0.0, -1,1959.0,B01,138Â 305Â 852,2.0,6.0,-1.0,1636410,0.0,33,,0.0,2.0,1.0,B01,138Â 305Â 852,1.0
958831,201900000362,8,12,10:50,1,2,1,8.0,3.0,38544,ANATOLE FRANCE(QUAI),M,"45,5296000","4,8768000",38,2019,50.0,1.0,1.0,4.0,2142990,1.0,1,1,1,4.0,,-1.0, -1,1992.0,B01,138Â 305Â 849,1.0,0.0,-1.0,1636411,2.0,14,,0.0,2.0,8.0,B01,138Â 305Â 849,1.0
958831,201900000362,8,12,10:50,1,2,1,8.0,3.0,38544,ANATOLE FRANCE(QUAI),M,"45,5296000","4,8768000",38,2019,50.0,1.0,1.0,4.0,2142990,1.0,1,1,1,4.0,,-1.0, -1,1992.0,B01,138Â 305Â 849,1.0,0.0,-1.0,1636412,1.0,7,,0.0,2.0,3.0,A01,138Â 305Â 850,1.0
958831,201900000362,8,12,10:50,1,2,1,8.0,3.0,38544,ANATOLE FRANCE(QUAI),M,"45,5296000","4,8768000",38,2019,50.0,1.0,1.0,4.0,2142991,2.0,2,4,2,9.0,,0.0,0,1958.0,A01,138Â 305Â 850,1.0,0.0,-1.0,1636411,2.0,14,,0.0,2.0,8.0,B01,138Â 305Â 849,1.0
958831,201900000362,8,12,10:50,1,2,1,8.0,3.0,38544,ANATOLE FRANCE(QUAI),M,"45,5296000","4,8768000",38,2019,50.0,1.0,1.0,4.0,2142991,2.0,2,4,2,9.0,,0.0,0,1958.0,A01,138Â 305Â 850,1.0,0.0,-1.0,1636412,1.0,7,,0.0,2.0,3.0,A01,138Â 305Â 850,1.0
958831,201900000362,8,12,10:50,1,2,1,8.0,3.0,38544,ANATOLE FRANCE(QUAI),M,"45,5296000","4,8768000",38,2019,50.0,1.0,1.0,4.0,2142992,1.0,1,4,2,9.0,,-1.0, -1,2002.0,A01,138Â 305Â 850,1.0,0.0,-1.0,1636411,2.0,14,,0.0,2.0,8.0,B01,138Â 305Â 849,1.0
958831,201900000362,8,12,10:50,1,2,1,8.0,3.0,38544,ANATOLE FRANCE(QUAI),M,"45,5296000","4,8768000",38,2019,50.0,1.0,1.0,4.0,2142992,1.0,1,4,2,9.0,,-1.0, -1,2002.0,A01,138Â 305Â 850,1.0,0.0,-1.0,1636412,1.0,7,,0.0,2.0,3.0,A01,138Â 305Â 850,1.0
958832,201900000363,8,15,03:50,3,2,1,1.0,6.0,37195,RD 88,M,"47,3912600","0,6533000",37,2019,90.0,1.0,2.0,3.0,2142993,1.0,1,4,1,9.0,,-1.0,0,1986.0,A01,138Â 305Â 848,1.0,8.0,-1.0,1636413,1.0,7,,4.0,0.0,2.0,A01,138Â 305Â 848,1.0
958833,201900000364,8,17,17:10,1,2,9,2.0,7.0,37261,GANCE (BOULEVARD ABEL),M,"47,4204275","0,7165852",37,2019,70.0,1.0,2.0,9.0,2142994,1.0,1,4,1,0.0,,-1.0,0,1956.0,A01,138Â 305Â 847,2.0,6.0,-1.0,1636414,3.0,33,,0.0,0.0,8.0,A01,138Â 305Â 847,1.0
958834,201900000365,8,16,13:00,1,2,2,1.0,6.0,37261,JAURES (PLACE JEAN),M,"47,3902900","0,6887000",37,2019,50.0,1.0,1.0,4.0,2142995,10.0,3,3,2,5.0,,4.0,3,2001.0,A01,138Â 305Â 846,8.0,0.0,-1.0,1636415,1.0,33,,0.0,1.0,1.0,A01,138Â 305Â 846,1.0
958834,201900000365,8,16,13:00,1,2,2,1.0,6.0,37261,JAURES (PLACE JEAN),M,"47,3902900","0,6887000",37,2019,50.0,1.0,1.0,4.0,2142996,1.0,1,4,1,1.0,,-1.0,0,1970.0,A01,138Â 305Â 846,2.0,8.0,-1.0,1636415,1.0,33,,0.0,1.0,1.0,A01,138Â 305Â 846,1.0
958835,201900000366,8,13,18:30,1,1,1,1.0,6.0,37122,RD 37,M,"47,3530000","0,6460000",37,2019,90.0,1.0,1.0,3.0,2142997,1.0,1,4,1,0.0,,-1.0,0,1991.0,A01,138Â 305Â 845,2.0,0.0,-1.0,1636416,3.0,33,,14.0,0.0,8.0,A01,138Â 305Â 845,1.0
958836,201900000367,8,12,16:55,1,2,2,1.0,2.0,37261,MAGINOT (AV. ANDRE),M,"47,4173611","0,6909276",37,2019,50.0,1.0,1.0,7.0,2142998,1.0,1,4,1,0.0,,-1.0,0,1986.0,B01,138Â 305Â 843,2.0,6.0,-1.0,1636417,1.0,2,,0.0,2.0,1.0,B01,138Â 305Â 843,1.0
958836,201900000367,8,12,16:55,1,2,2,1.0,2.0,37261,MAGINOT (AV. ANDRE),M,"47,4173611","0,6909276",37,2019,50.0,1.0,1.0,7.0,2142998,1.0,1,4,1,0.0,,-1.0,0,1986.0,B01,138Â 305Â 843,2.0,6.0,-1.0,1636418,3.0,10,,0.0,2.0,6.0,A01,138Â 305Â 844,1.0
958836,201900000367,8,12,16:55,1,2,2,1.0,2.0,37261,MAGINOT (AV. ANDRE),M,"47,4173611","0,6909276",37,2019,50.0,1.0,1.0,7.0,2142999,1.0,1,1,1,4.0,,-1.0,0,1991.0,A01,138Â 305Â 844,1.0,0.0,-1.0,1636417,1.0,2,,0.0,2.0,1.0,B01,138Â 305Â 843,1.0
958836,201900000367,8,12,16:55,1,2,2,1.0,2.0,37261,MAGINOT (AV. ANDRE),M,"47,4173611","0,6909276",37,2019,50.0,1.0,1.0,7.0,2142999,1.0,1,1,1,4.0,,-1.0,0,1991.0,A01,138Â 305Â 844,1.0,0.0,-1.0,1636418,3.0,10,,0.0,2.0,6.0,A01,138Â 305Â 844,1.0
958837,201900000368,8,17,23:00,5,2,2,3.0,1.0,35238,CHATEAUBRIAND (QUAI),M,"48,1102097"," -1,6741705",35,2019,50.0,1.0,2.0,4.0,2143000,1.0,1,4,2,0.0,,-1.0,0,1985.0,B01,138Â 305Â 841,8.0,0.0,-1.0,1636419,3.0,1,,0.0,0.0,0.0,B01,138Â 305Â 841,0.0
958837,201900000368,8,17,23:00,5,2,2,3.0,1.0,35238,CHATEAUBRIAND (QUAI),M,"48,1102097"," -1,6741705",35,2019,50.0,1.0,2.0,4.0,2143000,1.0,1,4,2,0.0,,-1.0,0,1985.0,B01,138Â 305Â 841,8.0,0.0,-1.0,1636420,0.0,7,,0.0,0.0,0.0,A01,138Â 305Â 842,1.0
958837,201900000368,8,17,23:00,5,2,2,3.0,1.0,35238,CHATEAUBRIAND (QUAI),M,"48,1102097"," -1,6741705",35,2019,50.0,1.0,2.0,4.0,2143001,1.0,1,1,1,0.0,,-1.0,0,1971.0,A01,138Â 305Â 842,1.0,0.0,-1.0,1636419,3.0,1,,0.0,0.0,0.0,B01,138Â 305Â 841,0.0
958837,201900000368,8,17,23:00,5,2,2,3.0,1.0,35238,CHATEAUBRIAND (QUAI),M,"48,1102097"," -1,6741705",35,2019,50.0,1.0,2.0,4.0,2143001,1.0,1,1,1,0.0,,-1.0,0,1971.0,A01,138Â 305Â 842,1.0,0.0,-1.0,1636420,0.0,7,,0.0,0.0,0.0,A01,138Â 305Â 842,1.0
958838,201900000369,8,17,20:25,2,1,4,2.0,3.0,35278,RD 137,M,"48,1547800"," -1,7021700",35,2019,90.0,1.0,2.0,3.0,2143002,1.0,1,4,1,1.0,,-1.0,0,1997.0,A01,138Â 305Â 839,1.0,0.0,-1.0,1636421,2.0,7,,0.0,2.0,3.0,A01,138Â 305Â 839,1.0
958838,201900000369,8,17,20:25,2,1,4,2.0,3.0,35278,RD 137,M,"48,1547800"," -1,7021700",35,2019,90.0,1.0,2.0,3.0,2143002,1.0,1,4,1,1.0,,-1.0,0,1997.0,A01,138Â 305Â 839,1.0,0.0,-1.0,1636422,1.0,7,,3.0,2.0,2.0,B01,138Â 305Â 840,1.0
958838,201900000369,8,17,20:25,2,1,4,2.0,3.0,35278,RD 137,M,"48,1547800"," -1,7021700",35,2019,90.0,1.0,2.0,3.0,2143003,2.0,2,4,1,0.0,,-1.0,0,1971.0,B01,138Â 305Â 840,1.0,0.0,-1.0,1636421,2.0,7,,0.0,2.0,3.0,A01,138Â 305Â 839,1.0
958838,201900000369,8,17,20:25,2,1,4,2.0,3.0,35278,RD 137,M,"48,1547800"," -1,7021700",35,2019,90.0,1.0,2.0,3.0,2143003,2.0,2,4,1,0.0,,-1.0,0,1971.0,B01,138Â 305Â 840,1.0,0.0,-1.0,1636422,1.0,7,,3.0,2.0,2.0,B01,138Â 305Â 840,1.0
958838,201900000369,8,17,20:25,2,1,4,2.0,3.0,35278,RD 137,M,"48,1547800"," -1,7021700",35,2019,90.0,1.0,2.0,3.0,2143004,3.0,2,4,1,1.0,,-1.0,0,1966.0,B01,138Â 305Â 840,1.0,0.0,-1.0,1636421,2.0,7,,0.0,2.0,3.0,A01,138Â 305Â 839,1.0
958838,201900000369,8,17,20:25,2,1,4,2.0,3.0,35278,RD 137,M,"48,1547800"," -1,7021700",35,2019,90.0,1.0,2.0,3.0,2143004,3.0,2,4,1,1.0,,-1.0,0,1966.0,B01,138Â 305Â 840,1.0,0.0,-1.0,1636422,1.0,7,,3.0,2.0,2.0,B01,138Â 305Â 840,1.0
958838,201900000369,8,17,20:25,2,1,4,2.0,3.0,35278,RD 137,M,"48,1547800"," -1,7021700",35,2019,90.0,1.0,2.0,3.0,2143005,1.0,1,4,2,0.0,,-1.0, -1,1973.0,B01,138Â 305Â 840,1.0,0.0,-1.0,1636421,2.0,7,,0.0,2.0,3.0,A01,138Â 305Â 839,1.0
958838,201900000369,8,17,20:25,2,1,4,2.0,3.0,35278,RD 137,M,"48,1547800"," -1,7021700",35,2019,90.0,1.0,2.0,3.0,2143005,1.0,1,4,2,0.0,,-1.0, -1,1973.0,B01,138Â 305Â 840,1.0,0.0,-1.0,1636422,1.0,7,,3.0,2.0,2.0,B01,138Â 305Â 840,1.0
958839,201900000370,8,17,08:25,1,1,9,3.0,6.0,35238,ROCADE 13-14,M,"48,1382830"," -1,7010880",35,2019,90.0,1.0,2.0,2.0,2143006,1.0,1,4,2,1.0,,-1.0,0,1985.0,A01,138Â 305Â 838,1.0,0.0,-1.0,1636423,2.0,7,,3.0,0.0,3.0,A01,138Â 305Â 838,1.0
958840,201900000371,8,16,18:15,1,2,1,1.0,3.0,35238,GASCOGNE (SQUARE DE),M,"48,1219650"," -1,7137060",35,2019,30.0,1.0,1.0,4.0,2143007,1.0,1,4,2,5.0,,-1.0,0,2000.0,B01,138Â 305Â 836,8.0,0.0,-1.0,1636424,3.0,1,,0.0,2.0,1.0,B01,138Â 305Â 836,5.0
958840,201900000371,8,16,18:15,1,2,1,1.0,3.0,35238,GASCOGNE (SQUARE DE),M,"48,1219650"," -1,7137060",35,2019,30.0,1.0,1.0,4.0,2143007,1.0,1,4,2,5.0,,-1.0,0,2000.0,B01,138Â 305Â 836,8.0,0.0,-1.0,1636425,3.0,10,,0.0,6.0,7.0,A01,138Â 305Â 837,1.0
958840,201900000371,8,16,18:15,1,2,1,1.0,3.0,35238,GASCOGNE (SQUARE DE),M,"48,1219650"," -1,7137060",35,2019,30.0,1.0,1.0,4.0,2143008,1.0,1,1,2,4.0,,-1.0, -1,1983.0,A01,138Â 305Â 837,1.0,8.0,-1.0,1636424,3.0,1,,0.0,2.0,1.0,B01,138Â 305Â 836,5.0
958840,201900000371,8,16,18:15,1,2,1,1.0,3.0,35238,GASCOGNE (SQUARE DE),M,"48,1219650"," -1,7137060",35,2019,30.0,1.0,1.0,4.0,2143008,1.0,1,1,2,4.0,,-1.0, -1,1983.0,A01,138Â 305Â 837,1.0,8.0,-1.0,1636425,3.0,10,,0.0,6.0,7.0,A01,138Â 305Â 837,1.0
958841,201900000372,8,15,17:55,1,2,3,1.0,3.0,35238,MITTERAND (MAIL FRANCOIS),M,"48,1090230"," -1,6908970",35,2019,30.0,1.0,1.0,4.0,2143009,2.0,2,4,1,9.0,,-1.0,0,1994.0,A01,138Â 305Â 834,2.0,0.0,-1.0,1636426,3.0,33,,0.0,2.0,7.0,A01,138Â 305Â 834,1.0
958841,201900000372,8,15,17:55,1,2,3,1.0,3.0,35238,MITTERAND (MAIL FRANCOIS),M,"48,1090230"," -1,6908970",35,2019,30.0,1.0,1.0,4.0,2143009,2.0,2,4,1,9.0,,-1.0,0,1994.0,A01,138Â 305Â 834,2.0,0.0,-1.0,1636427,3.0,7,,0.0,2.0,3.0,B01,138Â 305Â 835,1.0
958841,201900000372,8,15,17:55,1,2,3,1.0,3.0,35238,MITTERAND (MAIL FRANCOIS),M,"48,1090230"," -1,6908970",35,2019,30.0,1.0,1.0,4.0,2143010,1.0,1,4,2,5.0,,-1.0,0,1988.0,A01,138Â 305Â 834,2.0,0.0,-1.0,1636426,3.0,33,,0.0,2.0,7.0,A01,138Â 305Â 834,1.0
958841,201900000372,8,15,17:55,1,2,3,1.0,3.0,35238,MITTERAND (MAIL FRANCOIS),M,"48,1090230"," -1,6908970",35,2019,30.0,1.0,1.0,4.0,2143010,1.0,1,4,2,5.0,,-1.0,0,1988.0,A01,138Â 305Â 834,2.0,0.0,-1.0,1636427,3.0,7,,0.0,2.0,3.0,B01,138Â 305Â 835,1.0
958841,201900000372,8,15,17:55,1,2,3,1.0,3.0,35238,MITTERAND (MAIL FRANCOIS),M,"48,1090230"," -1,6908970",35,2019,30.0,1.0,1.0,4.0,2143011,2.0,2,1,2,5.0,,-1.0, -1,1999.0,B01,138Â 305Â 835,1.0,0.0,-1.0,1636426,3.0,33,,0.0,2.0,7.0,A01,138Â 305Â 834,1.0
958841,201900000372,8,15,17:55,1,2,3,1.0,3.0,35238,MITTERAND (MAIL FRANCOIS),M,"48,1090230"," -1,6908970",35,2019,30.0,1.0,1.0,4.0,2143011,2.0,2,1,2,5.0,,-1.0, -1,1999.0,B01,138Â 305Â 835,1.0,0.0,-1.0,1636427,3.0,7,,0.0,2.0,3.0,B01,138Â 305Â 835,1.0
958841,201900000372,8,15,17:55,1,2,3,1.0,3.0,35238,MITTERAND (MAIL FRANCOIS),M,"48,1090230"," -1,6908970",35,2019,30.0,1.0,1.0,4.0,2143012,1.0,1,1,1,5.0,,-1.0, -1,1998.0,B01,138Â 305Â 835,1.0,0.0,-1.0,1636426,3.0,33,,0.0,2.0,7.0,A01,138Â 305Â 834,1.0
958841,201900000372,8,15,17:55,1,2,3,1.0,3.0,35238,MITTERAND (MAIL FRANCOIS),M,"48,1090230"," -1,6908970",35,2019,30.0,1.0,1.0,4.0,2143012,1.0,1,1,1,5.0,,-1.0, -1,1998.0,B01,138Â 305Â 835,1.0,0.0,-1.0,1636427,3.0,7,,0.0,2.0,3.0,B01,138Â 305Â 835,1.0
958842,201900000373,8,14,20:15,1,2,1,1.0,7.0,35051,ALLIES (BOULEVARD DES),M,"48,1053400"," -1,6154500",35,2019,50.0,1.0,2.0,3.0,2143013,2.0,2,4,1,5.0,,-1.0,0,1994.0,A01,138Â 305Â 833,1.0,0.0,-1.0,1636428,1.0,7,,0.0,0.0,9.0,A01,138Â 305Â 833,1.0
958842,201900000373,8,14,20:15,1,2,1,1.0,7.0,35051,ALLIES (BOULEVARD DES),M,"48,1053400"," -1,6154500",35,2019,50.0,1.0,2.0,3.0,2143014,1.0,1,4,1,5.0,,-1.0,0,1992.0,A01,138Â 305Â 833,1.0,0.0,-1.0,1636428,1.0,7,,0.0,0.0,9.0,A01,138Â 305Â 833,1.0
958843,201900000374,8,13,08:45,1,2,1,1.0,6.0,35238,DUGUAY TROUIN (QUAI),M,"48,1101900"," -1,6842200",35,2019,50.0,1.0,1.0,4.0,2143015,10.0,3,4,2,0.0,,4.0,3,1994.0,A01,138Â 305Â 832,8.0,0.0,-1.0,1636429,3.0,1,,0.0,1.0,1.0,A01,138Â 305Â 832,5.0
958843,201900000374,8,13,08:45,1,2,1,1.0,6.0,35238,DUGUAY TROUIN (QUAI),M,"48,1101900"," -1,6842200",35,2019,50.0,1.0,1.0,4.0,2143016,1.0,1,1,1,1.0,,-1.0,0,1997.0,A01,138Â 305Â 832,2.0,0.0,-1.0,1636429,3.0,1,,0.0,1.0,1.0,A01,138Â 305Â 832,5.0
958844,201900000375,8,12,10:50,1,2,3,3.0,6.0,35051,VILAINE (COURS DE LA),M,"48,1157825"," -1,6066993",35,2019,30.0,1.0,2.0,4.0,2143017,1.0,1,1,2,4.0,,-1.0, -1,1962.0,A01,138Â 305Â 831,1.0,0.0,-1.0,1636430,3.0,7,,0.0,1.0,1.0,A01,138Â 305Â 831,1.0
958844,201900000375,8,12,10:50,1,2,3,3.0,6.0,35051,VILAINE (COURS DE LA),M,"48,1157825"," -1,6066993",35,2019,30.0,1.0,2.0,4.0,2143018,10.0,3,4,1,5.0,,2.0,3,2006.0,A01,138Â 305Â 831,8.0,0.0,-1.0,1636430,3.0,7,,0.0,1.0,1.0,A01,138Â 305Â 831,1.0
958845,201900000376,8,16,08:25,1,1,3,1.0,3.0,34301,RD2 Route de Balaruc,M,"43,4154400","3,7036800",34,2019,50.0,1.0,1.0,3.0,2143019,1.0,1,2,1,0.0,,0.0,0,1948.0,A01,138Â 305Â 829,2.0,8.0,-1.0,1636431,1.0,32,,0.0,2.0,3.0,A01,138Â 305Â 829,1.0
958845,201900000376,8,16,08:25,1,1,3,1.0,3.0,34301,RD2 Route de Balaruc,M,"43,4154400","3,7036800",34,2019,50.0,1.0,1.0,3.0,2143019,1.0,1,2,1,0.0,,0.0,0,1948.0,A01,138Â 305Â 829,2.0,8.0,-1.0,1636432,1.0,10,,0.0,2.0,7.0,B01,138Â 305Â 830,1.0
958845,201900000376,8,16,08:25,1,1,3,1.0,3.0,34301,RD2 Route de Balaruc,M,"43,4154400","3,7036800",34,2019,50.0,1.0,1.0,3.0,2143020,1.0,1,1,1,5.0,,0.0,0,1954.0,B01,138Â 305Â 830,1.0,0.0,-1.0,1636431,1.0,32,,0.0,2.0,3.0,A01,138Â 305Â 829,1.0
958845,201900000376,8,16,08:25,1,1,3,1.0,3.0,34301,RD2 Route de Balaruc,M,"43,4154400","3,7036800",34,2019,50.0,1.0,1.0,3.0,2143020,1.0,1,1,1,5.0,,0.0,0,1954.0,B01,138Â 305Â 830,1.0,0.0,-1.0,1636432,1.0,10,,0.0,2.0,7.0,B01,138Â 305Â 830,1.0
958846,201900000377,8,16,11:50,1,2,2,1.0,3.0,34172,BARCELONE (RUE DE),M,"43,6035905","3,8881164",34,2019,50.0,1.0,1.0,4.0,2143021,1.0,1,4,1,4.0,,0.0,0,1980.0,B01,138Â 305Â 827,1.0,8.0,-1.0,1636433,1.0,7,,0.0,2.0,3.0,B01,138Â 305Â 827,1.0
958846,201900000377,8,16,11:50,1,2,2,1.0,3.0,34172,BARCELONE (RUE DE),M,"43,6035905","3,8881164",34,2019,50.0,1.0,1.0,4.0,2143021,1.0,1,4,1,4.0,,0.0,0,1980.0,B01,138Â 305Â 827,1.0,8.0,-1.0,1636434,2.0,7,,0.0,2.0,2.0,A01,138Â 305Â 828,1.0
958846,201900000377,8,16,11:50,1,2,2,1.0,3.0,34172,BARCELONE (RUE DE),M,"43,6035905","3,8881164",34,2019,50.0,1.0,1.0,4.0,2143022,2.0,2,4,1,4.0,,0.0,0,1978.0,B01,138Â 305Â 827,1.0,8.0,-1.0,1636433,1.0,7,,0.0,2.0,3.0,B01,138Â 305Â 827,1.0
958846,201900000377,8,16,11:50,1,2,2,1.0,3.0,34172,BARCELONE (RUE DE),M,"43,6035905","3,8881164",34,2019,50.0,1.0,1.0,4.0,2143022,2.0,2,4,1,4.0,,0.0,0,1978.0,B01,138Â 305Â 827,1.0,8.0,-1.0,1636434,2.0,7,,0.0,2.0,2.0,A01,138Â 305Â 828,1.0
958846,201900000377,8,16,11:50,1,2,2,1.0,3.0,34172,BARCELONE (RUE DE),M,"43,6035905","3,8881164",34,2019,50.0,1.0,1.0,4.0,2143023,3.0,2,4,1,4.0,,0.0,0,1959.0,B01,138Â 305Â 827,1.0,8.0,-1.0,1636433,1.0,7,,0.0,2.0,3.0,B01,138Â 305Â 827,1.0
958846,201900000377,8,16,11:50,1,2,2,1.0,3.0,34172,BARCELONE (RUE DE),M,"43,6035905","3,8881164",34,2019,50.0,1.0,1.0,4.0,2143023,3.0,2,4,1,4.0,,0.0,0,1959.0,B01,138Â 305Â 827,1.0,8.0,-1.0,1636434,2.0,7,,0.0,2.0,2.0,A01,138Â 305Â 828,1.0
958846,201900000377,8,16,11:50,1,2,2,1.0,3.0,34172,BARCELONE (RUE DE),M,"43,6035905","3,8881164",34,2019,50.0,1.0,1.0,4.0,2143024,1.0,1,1,2,1.0,,-1.0, -1,1954.0,A01,138Â 305Â 828,1.0,8.0,-1.0,1636433,1.0,7,,0.0,2.0,3.0,B01,138Â 305Â 827,1.0
958846,201900000377,8,16,11:50,1,2,2,1.0,3.0,34172,BARCELONE (RUE DE),M,"43,6035905","3,8881164",34,2019,50.0,1.0,1.0,4.0,2143024,1.0,1,1,2,1.0,,-1.0, -1,1954.0,A01,138Â 305Â 828,1.0,8.0,-1.0,1636434,2.0,7,,0.0,2.0,2.0,A01,138Â 305Â 828,1.0
958847,201900000378,8,15,19:45,1,2,1,1.0,6.0,34172,TOURNOI DES SIX NATIONS ( RUE DU ),M,"43,5869374","3,8527251",34,2019,50.0,1.0,1.0,4.0,2143025,10.0,3,4,1,5.0,,5.0,2,1965.0,A01,138Â 305Â 826,8.0,0.0,-1.0,1636435,3.0,10,,0.0,2.0,4.0,A01,138Â 305Â 826,1.0
958847,201900000378,8,15,19:45,1,2,1,1.0,6.0,34172,TOURNOI DES SIX NATIONS ( RUE DU ),M,"43,5869374","3,8527251",34,2019,50.0,1.0,1.0,4.0,2143026,1.0,1,1,1,3.0,,0.0,0,1998.0,A01,138Â 305Â 826,1.0,8.0,-1.0,1636435,3.0,10,,0.0,2.0,4.0,A01,138Â 305Â 826,1.0
958848,201900000379,8,14,19:45,1,2,2,1.0,3.0,34172,MAS ARGELLIERS (AVENUE DU),M,"43,5833300","3,8873800",34,2019,50.0,1.0,1.0,4.0,2143027,2.0,2,4,2,0.0,,0.0,0,1988.0,A01,138Â 305Â 824,1.0,0.0,-1.0,1636436,3.0,10,,0.0,2.0,2.0,A01,138Â 305Â 824,1.0