Unnamed: 0_x,num_acc,mois,jour,hrmn,lum,agg,int,atm,col,com,adr,gps,lat,long,dep,annee,vma,situ,surf,catr,Unnamed: 0_y,place,catu,grav,sexe,trajet,secu,locp,actp,an_nais,num_veh_x,id_vehicule_x,secu1,secu2,secu3,Unnamed: 0,senc,catv,occutc,obs,obsm,choc,num_veh_y,id_vehicule_y,motor
958848,201900000379,8,14,19:45,1,2,2,1.0,3.0,34172,MAS ARGELLIERS (AVENUE DU),M,"43,5833300","3,8873800",34,2019,50.0,1.0,1.0,4.0,2143027,2.0,2,4,2,0.0,,0.0,0,1988.0,A01,138Â 305Â 824,1.0,0.0,-1.0,1636437,3.0,10,,0.0,2.0,3.0,B01,138Â 305Â 825,1.0
958848,201900000379,8,14,19:45,1,2,2,1.0,3.0,34172,MAS ARGELLIERS (AVENUE DU),M,"43,5833300","3,8873800",34,2019,50.0,1.0,1.0,4.0,2143028,3.0,2,4,2,0.0,,0.0,0,2003.0,A01,138Â 305Â 824,1.0,0.0,-1.0,1636436,3.0,10,,0.0,2.0,2.0,A01,138Â 305Â 824,1.0
958848,201900000379,8,14,19:45,1,2,2,1.0,3.0,34172,MAS ARGELLIERS (AVENUE DU),M,"43,5833300","3,8873800",34,2019,50.0,1.0,1.0,4.0,2143028,3.0,2,4,2,0.0,,0.0,0,2003.0,A01,138Â 305Â 824,1.0,0.0,-1.0,1636437,3.0,10,,0.0,2.0,3.0,B01,138Â 305Â 825,1.0
958848,201900000379,8,14,19:45,1,2,2,1.0,3.0,34172,MAS ARGELLIERS (AVENUE DU),M,"43,5833300","3,8873800",34,2019,50.0,1.0,1.0,4.0,2143029,1.0,1,1,1,5.0,,0.0,0,1986.0,A01,138Â 305Â 824,1.0,8.0,-1.0,1636436,3.0,10,,0.0,2.0,2.0,A01,138Â 305Â 824,1.0
958848,201900000379,8,14,19:45,1,2,2,1.0,3.0,34172,MAS ARGELLIERS (AVENUE DU),M,"43,5833300","3,8873800",34,2019,50.0,1.0,1.0,4.0,2143029,1.0,1,1,1,5.0,,0.0,0,1986.0,A01,138Â 305Â 824,1.0,8.0,-1.0,1636437,3.0,10,,0.0,2.0,3.0,B01,138Â 305Â 825,1.0
958848,201900000379,8,14,19:45,1,2,2,1.0,3.0,34172,MAS ARGELLIERS (AVENUE DU),M,"43,5833300","3,8873800",34,2019,50.0,1.0,1.0,4.0,2143030,4.0,2,4,2,0.0,,0.0,0,1964.0,A01,138Â 305Â 824,1.0,8.0,-1.0,1636436,3.0,10,,0.0,2.0,2.0,A01,138Â 305Â 824,1.0
958848,201900000379,8,14,19:45,1,2,2,1.0,3.0,34172,MAS ARGELLIERS (AVENUE DU),M,"43,5833300","3,8873800",34,2019,50.0,1.0,1.0,4.0,2143030,4.0,2,4,2,0.0,,0.0,0,1964.0,A01,138Â 305Â 824,1.0,8.0,-1.0,1636437,3.0,10,,0.0,2.0,3.0,B01,138Â 305Â 825,1.0
958848,201900000379,8,14,19:45,1,2,2,1.0,3.0,34172,MAS ARGELLIERS (AVENUE DU),M,"43,5833300","3,8873800",34,2019,50.0,1.0,1.0,4.0,2143031,8.0,2,4,2,0.0,,0.0,0,2001.0,A01,138Â 305Â 824,1.0,0.0,-1.0,1636436,3.0,10,,0.0,2.0,2.0,A01,138Â 305Â 824,1.0
958848,201900000379,8,14,19:45,1,2,2,1.0,3.0,34172,MAS ARGELLIERS (AVENUE DU),M,"43,5833300","3,8873800",34,2019,50.0,1.0,1.0,4.0,2143031,8.0,2,4,2,0.0,,0.0,0,2001.0,A01,138Â 305Â 824,1.0,0.0,-1.0,1636437,3.0,10,,0.0,2.0,3.0,B01,138Â 305Â 825,1.0
958848,201900000379,8,14,19:45,1,2,2,1.0,3.0,34172,MAS ARGELLIERS (AVENUE DU),M,"43,5833300","3,8873800",34,2019,50.0,1.0,1.0,4.0,2143032,2.0,2,4,2,5.0,,0.0,0,1996.0,B01,138Â 305Â 825,1.0,8.0,-1.0,1636436,3.0,10,,0.0,2.0,2.0,A01,138Â 305Â 824,1.0
958848,201900000379,8,14,19:45,1,2,2,1.0,3.0,34172,MAS ARGELLIERS (AVENUE DU),M,"43,5833300","3,8873800",34,2019,50.0,1.0,1.0,4.0,2143032,2.0,2,4,2,5.0,,0.0,0,1996.0,B01,138Â 305Â 825,1.0,8.0,-1.0,1636437,3.0,10,,0.0,2.0,3.0,B01,138Â 305Â 825,1.0
958848,201900000379,8,14,19:45,1,2,2,1.0,3.0,34172,MAS ARGELLIERS (AVENUE DU),M,"43,5833300","3,8873800",34,2019,50.0,1.0,1.0,4.0,2143033,1.0,1,1,1,5.0,,0.0,0,1989.0,B01,138Â 305Â 825,1.0,8.0,-1.0,1636436,3.0,10,,0.0,2.0,2.0,A01,138Â 305Â 824,1.0
958848,201900000379,8,14,19:45,1,2,2,1.0,3.0,34172,MAS ARGELLIERS (AVENUE DU),M,"43,5833300","3,8873800",34,2019,50.0,1.0,1.0,4.0,2143033,1.0,1,1,1,5.0,,0.0,0,1989.0,B01,138Â 305Â 825,1.0,8.0,-1.0,1636437,3.0,10,,0.0,2.0,3.0,B01,138Â 305Â 825,1.0
958849,201900000380,8,14,17:40,1,2,1,1.0,6.0,34172,CROIX VERTE (RUE DE LA),M,"43,6452497","3,8412180",34,2019,50.0,1.0,1.0,4.0,2143034,10.0,3,4,1,5.0,,2.0,3,1999.0,A01,138Â 305Â 823,8.0,0.0,-1.0,1636438,3.0,10,,0.0,2.0,2.0,A01,138Â 305Â 823,1.0
958849,201900000380,8,14,17:40,1,2,1,1.0,6.0,34172,CROIX VERTE (RUE DE LA),M,"43,6452497","3,8412180",34,2019,50.0,1.0,1.0,4.0,2143035,1.0,1,1,2,5.0,,0.0,0,1986.0,A01,138Â 305Â 823,1.0,8.0,-1.0,1636438,3.0,10,,0.0,2.0,2.0,A01,138Â 305Â 823,1.0
958850,201900000381,8,13,17:45,1,2,2,1.0,3.0,34172,GRASSET (AVENUE DU PROFESSEUR),M,"43,6215950","3,8685201",34,2019,50.0,1.0,1.0,4.0,2143036,1.0,1,1,1,5.0,,0.0,0,1972.0,B01,138Â 305Â 821,1.0,0.0,-1.0,1636439,1.0,7,,0.0,2.0,2.0,B01,138Â 305Â 821,1.0
958850,201900000381,8,13,17:45,1,2,2,1.0,3.0,34172,GRASSET (AVENUE DU PROFESSEUR),M,"43,6215950","3,8685201",34,2019,50.0,1.0,1.0,4.0,2143036,1.0,1,1,1,5.0,,0.0,0,1972.0,B01,138Â 305Â 821,1.0,0.0,-1.0,1636440,1.0,10,,0.0,2.0,3.0,A01,138Â 305Â 822,1.0
958850,201900000381,8,13,17:45,1,2,2,1.0,3.0,34172,GRASSET (AVENUE DU PROFESSEUR),M,"43,6215950","3,8685201",34,2019,50.0,1.0,1.0,4.0,2143037,2.0,2,4,1,4.0,,0.0,0,1990.0,A01,138Â 305Â 822,1.0,0.0,-1.0,1636439,1.0,7,,0.0,2.0,2.0,B01,138Â 305Â 821,1.0
958850,201900000381,8,13,17:45,1,2,2,1.0,3.0,34172,GRASSET (AVENUE DU PROFESSEUR),M,"43,6215950","3,8685201",34,2019,50.0,1.0,1.0,4.0,2143037,2.0,2,4,1,4.0,,0.0,0,1990.0,A01,138Â 305Â 822,1.0,0.0,-1.0,1636440,1.0,10,,0.0,2.0,3.0,A01,138Â 305Â 822,1.0
958850,201900000381,8,13,17:45,1,2,2,1.0,3.0,34172,GRASSET (AVENUE DU PROFESSEUR),M,"43,6215950","3,8685201",34,2019,50.0,1.0,1.0,4.0,2143038,1.0,1,1,1,4.0,,0.0,0,2000.0,A01,138Â 305Â 822,1.0,0.0,-1.0,1636439,1.0,7,,0.0,2.0,2.0,B01,138Â 305Â 821,1.0
958850,201900000381,8,13,17:45,1,2,2,1.0,3.0,34172,GRASSET (AVENUE DU PROFESSEUR),M,"43,6215950","3,8685201",34,2019,50.0,1.0,1.0,4.0,2143038,1.0,1,1,1,4.0,,0.0,0,2000.0,A01,138Â 305Â 822,1.0,0.0,-1.0,1636440,1.0,10,,0.0,2.0,3.0,A01,138Â 305Â 822,1.0
958851,201900000382,6,14,07:11,1,2,1,1.0,3.0,93055,LOUIS NADOT,M,"48,8958000","2,4098900",93,2019,50.0,1.0,1.0,4.0,2143039,1.0,1,4,1,5.0,,-1.0, -1,1988.0,B01,138Â 305Â 819,8.0,0.0,-1.0,1636441,3.0,1,,0.0,2.0,8.0,B01,138Â 305Â 819,5.0
958851,201900000382,6,14,07:11,1,2,1,1.0,3.0,93055,LOUIS NADOT,M,"48,8958000","2,4098900",93,2019,50.0,1.0,1.0,4.0,2143039,1.0,1,4,1,5.0,,-1.0, -1,1988.0,B01,138Â 305Â 819,8.0,0.0,-1.0,1636442,3.0,7,,0.0,2.0,2.0,A01,138Â 305Â 820,1.0
958851,201900000382,6,14,07:11,1,2,1,1.0,3.0,93055,LOUIS NADOT,M,"48,8958000","2,4098900",93,2019,50.0,1.0,1.0,4.0,2143040,1.0,1,1,2,1.0,,-1.0, -1,1989.0,A01,138Â 305Â 820,1.0,0.0,-1.0,1636441,3.0,1,,0.0,2.0,8.0,B01,138Â 305Â 819,5.0
958851,201900000382,6,14,07:11,1,2,1,1.0,3.0,93055,LOUIS NADOT,M,"48,8958000","2,4098900",93,2019,50.0,1.0,1.0,4.0,2143040,1.0,1,1,2,1.0,,-1.0, -1,1989.0,A01,138Â 305Â 820,1.0,0.0,-1.0,1636442,3.0,7,,0.0,2.0,2.0,A01,138Â 305Â 820,1.0
958852,201900000383,6,12,11:20,1,2,1,1.0,6.0,93055,JEAN LOLIVE (AVENUE)(137/FIN ET 134/FIN),M,"48,8932340","2,4130980",93,2019,10.0,1.0,1.0,3.0,2143041,1.0,1,1,1,1.0,,-1.0, -1,1995.0,A01,138Â 305Â 818,1.0,0.0,-1.0,1636443,2.0,7,,0.0,1.0,6.0,A01,138Â 305Â 818,1.0
958852,201900000383,6,12,11:20,1,2,1,1.0,6.0,93055,JEAN LOLIVE (AVENUE)(137/FIN ET 134/FIN),M,"48,8932340","2,4130980",93,2019,10.0,1.0,1.0,3.0,2143042,10.0,3,4,1,5.0,,6.0,3,1973.0,A01,138Â 305Â 818,8.0,0.0,-1.0,1636443,2.0,7,,0.0,1.0,6.0,A01,138Â 305Â 818,1.0
958853,201900000384,6,13,17:20,1,2,1,2.0,6.0,93053,BREMENT (RUE DE) 109 A 235 - 110 A ...,M,"48,8866300","2,4716400",93,2019,50.0,1.0,2.0,3.0,2143043,10.0,3,4,1,0.0,,5.0,5,2004.0,A01,138Â 305Â 817,0.0,0.0,-1.0,1636444,1.0,7,,0.0,1.0,1.0,A01,138Â 305Â 817,0.0
958853,201900000384,6,13,17:20,1,2,1,2.0,6.0,93053,BREMENT (RUE DE) 109 A 235 - 110 A ...,M,"48,8866300","2,4716400",93,2019,50.0,1.0,2.0,3.0,2143044,1.0,1,1,2,0.0,,0.0,0,1977.0,A01,138Â 305Â 817,1.0,8.0,-1.0,1636444,1.0,7,,0.0,1.0,1.0,A01,138Â 305Â 817,0.0
958854,201900000385,6,13,13:45,1,2,1,1.0,4.0,93053,BOBIGNY (AVENUE DE),M,"48,8937300","2,4500700",93,2019,50.0,1.0,1.0,4.0,2143045,1.0,1,4,1,1.0,,-1.0, -1,1998.0,A01,138Â 305Â 816,1.0,0.0,-1.0,1636445,2.0,10,,1.0,0.0,1.0,C01,138Â 305Â 814,1.0
958854,201900000385,6,13,13:45,1,2,1,1.0,4.0,93053,BOBIGNY (AVENUE DE),M,"48,8937300","2,4500700",93,2019,50.0,1.0,1.0,4.0,2143045,1.0,1,4,1,1.0,,-1.0, -1,1998.0,A01,138Â 305Â 816,1.0,0.0,-1.0,1636446,2.0,10,,1.0,2.0,4.0,B01,138Â 305Â 815,1.0
958854,201900000385,6,13,13:45,1,2,1,1.0,4.0,93053,BOBIGNY (AVENUE DE),M,"48,8937300","2,4500700",93,2019,50.0,1.0,1.0,4.0,2143045,1.0,1,4,1,1.0,,-1.0, -1,1998.0,A01,138Â 305Â 816,1.0,0.0,-1.0,1636447,2.0,10,,14.0,2.0,1.0,A01,138Â 305Â 816,1.0
958855,201900000386,6,9,05:05,2,2,1,1.0,6.0,93053,SAINT JUST (RUE),M,"48,8948680","2,4521510",93,2019,30.0,1.0,1.0,4.0,2143046,2.0,1,1,1,5.0,,-1.0, -1,1982.0,A01,138Â 305Â 813,1.0,8.0,-1.0,1636448,1.0,99,,1.0,0.0,6.0,A01,138Â 305Â 813,1.0
958855,201900000386,6,9,05:05,2,2,1,1.0,6.0,93053,SAINT JUST (RUE),M,"48,8948680","2,4521510",93,2019,30.0,1.0,1.0,4.0,2143047,10.0,3,3,2,5.0,,5.0,9,1996.0,A01,138Â 305Â 813,8.0,0.0,-1.0,1636448,1.0,99,,1.0,0.0,6.0,A01,138Â 305Â 813,1.0
958856,201900000387,6,2,02:56,5,1,3,1.0,7.0,93053,PARIS (RUE DE),M,"48,9000000","2,4600000",93,2019,50.0,1.0,1.0,3.0,2143048,5.0,2,4,1,5.0,,-1.0, -1,1987.0,A01,138Â 305Â 812,1.0,8.0,-1.0,1636449,0.0,0,,0.0,0.0,0.0,A01,138Â 305Â 812,0.0
958857,201900000388,6,19,20:10,1,2,1,1.0,6.0,93051,GABRIEL PERI (AVENUE),M,"48,8295913","2,5674669",93,2019,50.0,1.0,1.0,4.0,2143049,10.0,3,4,1,5.0,,2.0,5,2009.0,A01,138Â 305Â 811,8.0,0.0,-1.0,1636450,1.0,7,,0.0,1.0,1.0,A01,138Â 305Â 811,0.0
958857,201900000388,6,19,20:10,1,2,1,1.0,6.0,93051,GABRIEL PERI (AVENUE),M,"48,8295913","2,5674669",93,2019,50.0,1.0,1.0,4.0,2143050,1.0,1,1,1,1.0,,-1.0, -1,1994.0,A01,138Â 305Â 811,1.0,0.0,-1.0,1636450,1.0,7,,0.0,1.0,1.0,A01,138Â 305Â 811,0.0
958858,201900000389,6,12,10:30,1,2,3,1.0,3.0,93051,RU DE NESLE (BOULEVARD),M,"48,8425000","2,5804400",93,2019,50.0,1.0,1.0,3.0,2143051,1.0,1,4,1,1.0,,-1.0, -1,1980.0,B01,138Â 305Â 809,2.0,8.0,-1.0,1636451,0.0,32,,0.0,2.0,9.0,B01,138Â 305Â 809,0.0
958858,201900000389,6,12,10:30,1,2,3,1.0,3.0,93051,RU DE NESLE (BOULEVARD),M,"48,8425000","2,5804400",93,2019,50.0,1.0,1.0,3.0,2143051,1.0,1,4,1,1.0,,-1.0, -1,1980.0,B01,138Â 305Â 809,2.0,8.0,-1.0,1636452,0.0,7,,0.0,2.0,8.0,A01,138Â 305Â 810,1.0
958858,201900000389,6,12,10:30,1,2,3,1.0,3.0,93051,RU DE NESLE (BOULEVARD),M,"48,8425000","2,5804400",93,2019,50.0,1.0,1.0,3.0,2143052,1.0,1,1,2,3.0,,-1.0, -1,1988.0,A01,138Â 305Â 810,1.0,8.0,-1.0,1636451,0.0,32,,0.0,2.0,9.0,B01,138Â 305Â 809,0.0
958858,201900000389,6,12,10:30,1,2,3,1.0,3.0,93051,RU DE NESLE (BOULEVARD),M,"48,8425000","2,5804400",93,2019,50.0,1.0,1.0,3.0,2143052,1.0,1,1,2,3.0,,-1.0, -1,1988.0,A01,138Â 305Â 810,1.0,8.0,-1.0,1636452,0.0,7,,0.0,2.0,8.0,A01,138Â 305Â 810,1.0
958859,201900000390,6,7,19:15,1,2,2,3.0,3.0,93051,NEUILLY (ROUTE),M,"48,8515000","2,5340000",93,2019,50.0,3.0,2.0,3.0,2143053,1.0,1,4,1,1.0,,0.0,0,1990.0,D01,138Â 305Â 808,2.0,6.0,-1.0,1636453,1.0,7,,0.0,2.0,1.0,A01,138Â 305Â 807,0.0
958859,201900000390,6,7,19:15,1,2,2,3.0,3.0,93051,NEUILLY (ROUTE),M,"48,8515000","2,5340000",93,2019,50.0,3.0,2.0,3.0,2143053,1.0,1,4,1,1.0,,0.0,0,1990.0,D01,138Â 305Â 808,2.0,6.0,-1.0,1636454,1.0,32,,0.0,2.0,8.0,D01,138Â 305Â 808,-1.0
958860,201900000391,6,7,05:00,2,2,1,1.0,6.0,93051,UNIVERSITE,M,"48,8368950","2,5545770",93,2019,50.0,3.0,1.0,4.0,2143054,1.0,1,4,2,5.0,,-1.0, -1,1977.0,A01,138Â 305Â 806,1.0,0.0,-1.0,1636455,3.0,7,,1.0,0.0,0.0,A01,138Â 305Â 806,0.0
958861,201900000392,6,3,13:30,1,2,2,1.0,3.0,93033,BRAS SAINT ARNOULT,M,"48,8596440","2,5707800",93,2019,50.0,1.0,1.0,4.0,2143055,1.0,1,4,1,1.0,,-1.0, -1,1981.0,B01,138Â 305Â 804,2.0,0.0,-1.0,1636456,0.0,2,,0.0,2.0,1.0,B01,138Â 305Â 804,0.0
958861,201900000392,6,3,13:30,1,2,2,1.0,3.0,93033,BRAS SAINT ARNOULT,M,"48,8596440","2,5707800",93,2019,50.0,1.0,1.0,4.0,2143055,1.0,1,4,1,1.0,,-1.0, -1,1981.0,B01,138Â 305Â 804,2.0,0.0,-1.0,1636457,3.0,3,,0.0,2.0,2.0,A01,138Â 305Â 805,0.0
958861,201900000392,6,3,13:30,1,2,2,1.0,3.0,93033,BRAS SAINT ARNOULT,M,"48,8596440","2,5707800",93,2019,50.0,1.0,1.0,4.0,2143056,1.0,1,1,1,2.0,,-1.0, -1,2000.0,A01,138Â 305Â 805,1.0,0.0,-1.0,1636456,0.0,2,,0.0,2.0,1.0,B01,138Â 305Â 804,0.0
958861,201900000392,6,3,13:30,1,2,2,1.0,3.0,93033,BRAS SAINT ARNOULT,M,"48,8596440","2,5707800",93,2019,50.0,1.0,1.0,4.0,2143056,1.0,1,1,1,2.0,,-1.0, -1,2000.0,A01,138Â 305Â 805,1.0,0.0,-1.0,1636457,3.0,3,,0.0,2.0,2.0,A01,138Â 305Â 805,0.0
958861,201900000392,6,3,13:30,1,2,2,1.0,3.0,93033,BRAS SAINT ARNOULT,M,"48,8596440","2,5707800",93,2019,50.0,1.0,1.0,4.0,2143057,2.0,2,1,1,2.0,,-1.0, -1,2000.0,A01,138Â 305Â 805,1.0,0.0,-1.0,1636456,0.0,2,,0.0,2.0,1.0,B01,138Â 305Â 804,0.0
958861,201900000392,6,3,13:30,1,2,2,1.0,3.0,93033,BRAS SAINT ARNOULT,M,"48,8596440","2,5707800",93,2019,50.0,1.0,1.0,4.0,2143057,2.0,2,1,1,2.0,,-1.0, -1,2000.0,A01,138Â 305Â 805,1.0,0.0,-1.0,1636457,3.0,3,,0.0,2.0,2.0,A01,138Â 305Â 805,0.0
958862,201900000393,6,7,04:25,5,2,2,1.0,3.0,93049,PARMENTIER (RUE),M,"48,8570100","2,5014900",93,2019,50.0,1.0,1.0,4.0,2143058,1.0,1,4,1,5.0,,-1.0, -1,1994.0,B01,138Â 305Â 803,2.0,0.0,-1.0,1636458,0.0,7,,0.0,2.0,0.0,Z01,138Â 305Â 802,6.0
958862,201900000393,6,7,04:25,5,2,2,1.0,3.0,93049,PARMENTIER (RUE),M,"48,8570100","2,5014900",93,2019,50.0,1.0,1.0,4.0,2143058,1.0,1,4,1,5.0,,-1.0, -1,1994.0,B01,138Â 305Â 803,2.0,0.0,-1.0,1636459,2.0,30,,0.0,2.0,2.0,B01,138Â 305Â 803,1.0
958863,201900000394,6,13,14:30,1,2,1,1.0,3.0,93048,PARIS (RUE DE),M,"48,8578882","2,4351291",93,2019,50.0,1.0,1.0,3.0,2143059,1.0,1,1,1,4.0,,-1.0, -1,1992.0,A01,138Â 305Â 800,8.0,0.0,-1.0,1636460,1.0,7,,0.0,0.0,0.0,A01,138Â 305Â 800,0.0
958863,201900000394,6,13,14:30,1,2,1,1.0,3.0,93048,PARIS (RUE DE),M,"48,8578882","2,4351291",93,2019,50.0,1.0,1.0,3.0,2143059,1.0,1,1,1,4.0,,-1.0, -1,1992.0,A01,138Â 305Â 800,8.0,0.0,-1.0,1636461,1.0,1,,1.0,0.0,1.0,B01,138Â 305Â 801,0.0
958863,201900000394,6,13,14:30,1,2,1,1.0,3.0,93048,PARIS (RUE DE),M,"48,8578882","2,4351291",93,2019,50.0,1.0,1.0,3.0,2143060,1.0,1,4,2,1.0,,-1.0, -1,1965.0,B01,138Â 305Â 801,8.0,0.0,-1.0,1636460,1.0,7,,0.0,0.0,0.0,A01,138Â 305Â 800,0.0
958863,201900000394,6,13,14:30,1,2,1,1.0,3.0,93048,PARIS (RUE DE),M,"48,8578882","2,4351291",93,2019,50.0,1.0,1.0,3.0,2143060,1.0,1,4,2,1.0,,-1.0, -1,1965.0,B01,138Â 305Â 801,8.0,0.0,-1.0,1636461,1.0,1,,1.0,0.0,1.0,B01,138Â 305Â 801,0.0
958864,201900000395,6,13,14:00,1,2,1,1.0,6.0,93048,PARIS (RUE DE),M,"48,8578700","2,4342200",93,2019,50.0,1.0,1.0,3.0,2143061,10.0,3,4,2,3.0,,2.0,3,1961.0,A01,138Â 305Â 799,8.0,0.0,-1.0,1636462,1.0,32,,0.0,1.0,3.0,A01,138Â 305Â 799,0.0
958865,201900000396,6,12,20:20,2,2,3,2.0,2.0,93048,VERT BOIS (RUE DU),M,"48,8724400","2,4365290",93,2019,50.0,1.0,1.0,4.0,2143062,1.0,1,4,1,0.0,,-1.0, -1,1989.0,A01,138Â 305Â 798,2.0,6.0,-1.0,1636463,2.0,7,,0.0,2.0,4.0,B01,138Â 305Â 797,0.0
958865,201900000396,6,12,20:20,2,2,3,2.0,2.0,93048,VERT BOIS (RUE DU),M,"48,8724400","2,4365290",93,2019,50.0,1.0,1.0,4.0,2143062,1.0,1,4,1,0.0,,-1.0, -1,1989.0,A01,138Â 305Â 798,2.0,6.0,-1.0,1636464,2.0,34,,0.0,2.0,4.0,A01,138Â 305Â 798,1.0
958866,201900000397,6,12,16:25,1,2,2,3.0,6.0,93048,ROSNY (RUE DE),M,"48,8606600","2,4436400",93,2019,50.0,1.0,2.0,3.0,2143063,10.0,3,4,1,5.0,,3.0,3,1946.0,A01,138Â 305Â 796,8.0,0.0,-1.0,1636465,1.0,10,,0.0,1.0,3.0,A01,138Â 305Â 796,0.0
958866,201900000397,6,12,16:25,1,2,2,3.0,6.0,93048,ROSNY (RUE DE),M,"48,8606600","2,4436400",93,2019,50.0,1.0,2.0,3.0,2143064,1.0,1,1,1,0.0,,-1.0, -1,1937.0,A01,138Â 305Â 796,1.0,8.0,-1.0,1636465,1.0,10,,0.0,1.0,3.0,A01,138Â 305Â 796,0.0
958867,201900000398,6,12,14:45,1,2,9,3.0,3.0,93048,BAUNE (RUE DE LA),M,"48,8618400","2,4369600",93,2019,50.0,1.0,2.0,4.0,2143065,1.0,1,4,1,0.0,,-1.0,0,1975.0,A01,138Â 305Â 794,1.0,0.0,-1.0,1636466,2.0,7,,0.0,2.0,8.0,A01,138Â 305Â 794,3.0
958867,201900000398,6,12,14:45,1,2,9,3.0,3.0,93048,BAUNE (RUE DE LA),M,"48,8618400","2,4369600",93,2019,50.0,1.0,2.0,4.0,2143065,1.0,1,4,1,0.0,,-1.0,0,1975.0,A01,138Â 305Â 794,1.0,0.0,-1.0,1636467,1.0,7,,0.0,2.0,7.0,B01,138Â 305Â 795,3.0
958867,201900000398,6,12,14:45,1,2,9,3.0,3.0,93048,BAUNE (RUE DE LA),M,"48,8618400","2,4369600",93,2019,50.0,1.0,2.0,4.0,2143066,1.0,1,4,2,0.0,,-1.0, -1,1972.0,B01,138Â 305Â 795,1.0,0.0,-1.0,1636466,2.0,7,,0.0,2.0,8.0,A01,138Â 305Â 794,3.0
958867,201900000398,6,12,14:45,1,2,9,3.0,3.0,93048,BAUNE (RUE DE LA),M,"48,8618400","2,4369600",93,2019,50.0,1.0,2.0,4.0,2143066,1.0,1,4,2,0.0,,-1.0, -1,1972.0,B01,138Â 305Â 795,1.0,0.0,-1.0,1636467,1.0,7,,0.0,2.0,7.0,B01,138Â 305Â 795,3.0
958868,201900000399,6,10,18:00,1,2,2,1.0,3.0,93048,MARCEAU (RUE),M,"48,8507100","2,4263500",93,2019,50.0,-1.0,1.0,4.0,2143067,1.0,1,1,1,5.0,,-1.0, -1,1985.0,B01,138Â 305Â 792,1.0,5.0,-1.0,1636468,1.0,7,,0.0,2.0,1.0,B01,138Â 305Â 792,1.0
958868,201900000399,6,10,18:00,1,2,2,1.0,3.0,93048,MARCEAU (RUE),M,"48,8507100","2,4263500",93,2019,50.0,-1.0,1.0,4.0,2143067,1.0,1,1,1,5.0,,-1.0, -1,1985.0,B01,138Â 305Â 792,1.0,5.0,-1.0,1636469,1.0,7,,11.0,2.0,2.0,A01,138Â 305Â 793,1.0
958868,201900000399,6,10,18:00,1,2,2,1.0,3.0,93048,MARCEAU (RUE),M,"48,8507100","2,4263500",93,2019,50.0,-1.0,1.0,4.0,2143068,1.0,1,4,1,5.0,,-1.0, -1,2001.0,A01,138Â 305Â 793,1.0,5.0,-1.0,1636468,1.0,7,,0.0,2.0,1.0,B01,138Â 305Â 792,1.0
958868,201900000399,6,10,18:00,1,2,2,1.0,3.0,93048,MARCEAU (RUE),M,"48,8507100","2,4263500",93,2019,50.0,-1.0,1.0,4.0,2143068,1.0,1,4,1,5.0,,-1.0, -1,2001.0,A01,138Â 305Â 793,1.0,5.0,-1.0,1636469,1.0,7,,11.0,2.0,2.0,A01,138Â 305Â 793,1.0
958868,201900000399,6,10,18:00,1,2,2,1.0,3.0,93048,MARCEAU (RUE),M,"48,8507100","2,4263500",93,2019,50.0,-1.0,1.0,4.0,2143069,2.0,2,1,1,0.0,,-1.0, -1,1979.0,A01,138Â 305Â 793,1.0,0.0,-1.0,1636468,1.0,7,,0.0,2.0,1.0,B01,138Â 305Â 792,1.0
958868,201900000399,6,10,18:00,1,2,2,1.0,3.0,93048,MARCEAU (RUE),M,"48,8507100","2,4263500",93,2019,50.0,-1.0,1.0,4.0,2143069,2.0,2,1,1,0.0,,-1.0, -1,1979.0,A01,138Â 305Â 793,1.0,0.0,-1.0,1636469,1.0,7,,11.0,2.0,2.0,A01,138Â 305Â 793,1.0
958868,201900000399,6,10,18:00,1,2,2,1.0,3.0,93048,MARCEAU (RUE),M,"48,8507100","2,4263500",93,2019,50.0,-1.0,1.0,4.0,2143070,4.0,2,4,1,5.0,,-1.0, -1,2019.0,A01,138Â 305Â 793,1.0,0.0,-1.0,1636468,1.0,7,,0.0,2.0,1.0,B01,138Â 305Â 792,1.0
958868,201900000399,6,10,18:00,1,2,2,1.0,3.0,93048,MARCEAU (RUE),M,"48,8507100","2,4263500",93,2019,50.0,-1.0,1.0,4.0,2143070,4.0,2,4,1,5.0,,-1.0, -1,2019.0,A01,138Â 305Â 793,1.0,0.0,-1.0,1636469,1.0,7,,11.0,2.0,2.0,A01,138Â 305Â 793,1.0
958869,201900000400,6,5,19:15,1,2,1,1.0,1.0,93048,JAURES (AV. JEAN) 1 A 123,M,"48,8635650","2,4675840",93,2019,50.0,1.0,2.0,4.0,2143071,1.0,1,4,1,-1.0,,0.0,0,1998.0,A01,138Â 305Â 790,8.0,0.0,-1.0,1636470,1.0,7,,0.0,2.0,1.0,A01,138Â 305Â 790,1.0
958869,201900000400,6,5,19:15,1,2,1,1.0,1.0,93048,JAURES (AV. JEAN) 1 A 123,M,"48,8635650","2,4675840",93,2019,50.0,1.0,2.0,4.0,2143071,1.0,1,4,1,-1.0,,0.0,0,1998.0,A01,138Â 305Â 790,8.0,0.0,-1.0,1636471,1.0,7,,9.0,1.0,1.0,B01,138Â 305Â 791,1.0
958869,201900000400,6,5,19:15,1,2,1,1.0,1.0,93048,JAURES (AV. JEAN) 1 A 123,M,"48,8635650","2,4675840",93,2019,50.0,1.0,2.0,4.0,2143072,1.0,1,4,2,0.0,,-1.0, -1,1971.0,B01,138Â 305Â 791,1.0,0.0,-1.0,1636470,1.0,7,,0.0,2.0,1.0,A01,138Â 305Â 790,1.0