Unnamed: 0_x,num_acc,mois,jour,hrmn,lum,agg,int,atm,col,com,adr,gps,lat,long,dep,annee,vma,situ,surf,catr,Unnamed: 0_y,place,catu,grav,sexe,trajet,secu,locp,actp,an_nais,num_veh_x,id_vehicule_x,secu1,secu2,secu3,Unnamed: 0,senc,catv,occutc,obs,obsm,choc,num_veh_y,id_vehicule_y,motor
958869,201900000400,6,5,19:15,1,2,1,1.0,1.0,93048,JAURES (AV. JEAN) 1 A 123,M,"48,8635650","2,4675840",93,2019,50.0,1.0,2.0,4.0,2143072,1.0,1,4,2,0.0,,-1.0, -1,1971.0,B01,138Â 305Â 791,1.0,0.0,-1.0,1636471,1.0,7,,9.0,1.0,1.0,B01,138Â 305Â 791,1.0
958869,201900000400,6,5,19:15,1,2,1,1.0,1.0,93048,JAURES (AV. JEAN) 1 A 123,M,"48,8635650","2,4675840",93,2019,50.0,1.0,2.0,4.0,2143073,2.0,2,4,2,9.0,,-1.0, -1,2001.0,B01,138Â 305Â 791,1.0,5.0,-1.0,1636470,1.0,7,,0.0,2.0,1.0,A01,138Â 305Â 790,1.0
958869,201900000400,6,5,19:15,1,2,1,1.0,1.0,93048,JAURES (AV. JEAN) 1 A 123,M,"48,8635650","2,4675840",93,2019,50.0,1.0,2.0,4.0,2143073,2.0,2,4,2,9.0,,-1.0, -1,2001.0,B01,138Â 305Â 791,1.0,5.0,-1.0,1636471,1.0,7,,9.0,1.0,1.0,B01,138Â 305Â 791,1.0
958870,201900000401,6,19,10:31,1,2,6,1.0,3.0,93046,COLONEL FABIEN AVENUE DU,M,"48,9152500","2,5130000",93,2019,50.0,1.0,1.0,4.0,2143074,1.0,1,1,1,0.0,,-1.0, -1,1955.0,A01,138Â 305Â 788,1.0,0.0,-1.0,1636472,3.0,10,,0.0,2.0,3.0,A01,138Â 305Â 788,0.0
958870,201900000401,6,19,10:31,1,2,6,1.0,3.0,93046,COLONEL FABIEN AVENUE DU,M,"48,9152500","2,5130000",93,2019,50.0,1.0,1.0,4.0,2143074,1.0,1,1,1,0.0,,-1.0, -1,1955.0,A01,138Â 305Â 788,1.0,0.0,-1.0,1636473,3.0,32,,0.0,2.0,2.0,B01,138Â 305Â 789,0.0
958870,201900000401,6,19,10:31,1,2,6,1.0,3.0,93046,COLONEL FABIEN AVENUE DU,M,"48,9152500","2,5130000",93,2019,50.0,1.0,1.0,4.0,2143075,1.0,1,4,1,0.0,,-1.0, -1,1989.0,B01,138Â 305Â 789,2.0,0.0,-1.0,1636472,3.0,10,,0.0,2.0,3.0,A01,138Â 305Â 788,0.0
958870,201900000401,6,19,10:31,1,2,6,1.0,3.0,93046,COLONEL FABIEN AVENUE DU,M,"48,9152500","2,5130000",93,2019,50.0,1.0,1.0,4.0,2143075,1.0,1,4,1,0.0,,-1.0, -1,1989.0,B01,138Â 305Â 789,2.0,0.0,-1.0,1636473,3.0,32,,0.0,2.0,2.0,B01,138Â 305Â 789,0.0
958871,201900000402,6,19,09:37,1,2,3,1.0,3.0,93046,EUGENE MASSE RUE,M,"48,9263000","2,5452700",93,2019,50.0,1.0,1.0,4.0,2143076,1.0,1,4,1,4.0,,-1.0, -1,2003.0,B01,138Â 305Â 786,8.0,0.0,-1.0,1636474,1.0,1,,0.0,2.0,5.0,B01,138Â 305Â 786,0.0
958871,201900000402,6,19,09:37,1,2,3,1.0,3.0,93046,EUGENE MASSE RUE,M,"48,9263000","2,5452700",93,2019,50.0,1.0,1.0,4.0,2143076,1.0,1,4,1,4.0,,-1.0, -1,2003.0,B01,138Â 305Â 786,8.0,0.0,-1.0,1636475,2.0,10,,0.0,1.0,1.0,A01,138Â 305Â 787,0.0
958871,201900000402,6,19,09:37,1,2,3,1.0,3.0,93046,EUGENE MASSE RUE,M,"48,9263000","2,5452700",93,2019,50.0,1.0,1.0,4.0,2143077,1.0,1,1,1,0.0,,-1.0, -1,1967.0,A01,138Â 305Â 787,8.0,0.0,-1.0,1636474,1.0,1,,0.0,2.0,5.0,B01,138Â 305Â 786,0.0
958871,201900000402,6,19,09:37,1,2,3,1.0,3.0,93046,EUGENE MASSE RUE,M,"48,9263000","2,5452700",93,2019,50.0,1.0,1.0,4.0,2143077,1.0,1,1,1,0.0,,-1.0, -1,1967.0,A01,138Â 305Â 787,8.0,0.0,-1.0,1636475,2.0,10,,0.0,1.0,1.0,A01,138Â 305Â 787,0.0
958872,201900000403,6,18,19:20,1,2,2,1.0,3.0,93015,PASTEUR AVENUE,M,"48,9106900","2,5839000",93,2019,50.0,1.0,1.0,4.0,2143078,1.0,1,1,1,0.0,,-1.0, -1,1962.0,A01,138Â 305Â 784,1.0,0.0,-1.0,1636476,2.0,7,,0.0,2.0,7.0,A01,138Â 305Â 784,1.0
958872,201900000403,6,18,19:20,1,2,2,1.0,3.0,93015,PASTEUR AVENUE,M,"48,9106900","2,5839000",93,2019,50.0,1.0,1.0,4.0,2143078,1.0,1,1,1,0.0,,-1.0, -1,1962.0,A01,138Â 305Â 784,1.0,0.0,-1.0,1636477,2.0,37,1.0,0.0,2.0,3.0,B01,138Â 305Â 785,1.0
958872,201900000403,6,18,19:20,1,2,2,1.0,3.0,93015,PASTEUR AVENUE,M,"48,9106900","2,5839000",93,2019,50.0,1.0,1.0,4.0,2143079,1.0,1,4,1,4.0,,-1.0, -1,1984.0,B01,138Â 305Â 785,1.0,0.0,-1.0,1636476,2.0,7,,0.0,2.0,7.0,A01,138Â 305Â 784,1.0
958872,201900000403,6,18,19:20,1,2,2,1.0,3.0,93015,PASTEUR AVENUE,M,"48,9106900","2,5839000",93,2019,50.0,1.0,1.0,4.0,2143079,1.0,1,4,1,4.0,,-1.0, -1,1984.0,B01,138Â 305Â 785,1.0,0.0,-1.0,1636477,2.0,37,1.0,0.0,2.0,3.0,B01,138Â 305Â 785,1.0
958873,201900000404,6,14,04:00,3,1,1,1.0,7.0,93074,Route Nationale 3,M,"48,9334300","2,5931100",93,2019,110.0,1.0,1.0,3.0,2143080,1.0,1,4,2,0.0,,-1.0, -1,1996.0,A01,138Â 305Â 783,1.0,5.0,-1.0,1636478,1.0,7,,4.0,0.0,9.0,A01,138Â 305Â 783,0.0
958874,201900000405,6,14,00:15,5,2,2,1.0,3.0,93046,EMILE GERARD AVENUE,M,"48,9187000","2,5204100",93,2019,50.0,2.0,1.0,4.0,2143081,1.0,1,4,1,4.0,,-1.0, -1,1983.0,B01,138Â 305Â 781,1.0,0.0,-1.0,1636479,0.0,7,,12.0,2.0,7.0,B01,138Â 305Â 781,1.0
958874,201900000405,6,14,00:15,5,2,2,1.0,3.0,93046,EMILE GERARD AVENUE,M,"48,9187000","2,5204100",93,2019,50.0,2.0,1.0,4.0,2143081,1.0,1,4,1,4.0,,-1.0, -1,1983.0,B01,138Â 305Â 781,1.0,0.0,-1.0,1636480,0.0,7,,12.0,2.0,1.0,A01,138Â 305Â 782,1.0
958874,201900000405,6,14,00:15,5,2,2,1.0,3.0,93046,EMILE GERARD AVENUE,M,"48,9187000","2,5204100",93,2019,50.0,2.0,1.0,4.0,2143082,2.0,2,4,1,4.0,,-1.0, -1,1983.0,B01,138Â 305Â 781,1.0,0.0,-1.0,1636479,0.0,7,,12.0,2.0,7.0,B01,138Â 305Â 781,1.0
958874,201900000405,6,14,00:15,5,2,2,1.0,3.0,93046,EMILE GERARD AVENUE,M,"48,9187000","2,5204100",93,2019,50.0,2.0,1.0,4.0,2143082,2.0,2,4,1,4.0,,-1.0, -1,1983.0,B01,138Â 305Â 781,1.0,0.0,-1.0,1636480,0.0,7,,12.0,2.0,1.0,A01,138Â 305Â 782,1.0
958874,201900000405,6,14,00:15,5,2,2,1.0,3.0,93046,EMILE GERARD AVENUE,M,"48,9187000","2,5204100",93,2019,50.0,2.0,1.0,4.0,2143083,3.0,2,4,1,4.0,,-1.0, -1,1986.0,B01,138Â 305Â 781,1.0,0.0,-1.0,1636479,0.0,7,,12.0,2.0,7.0,B01,138Â 305Â 781,1.0
958874,201900000405,6,14,00:15,5,2,2,1.0,3.0,93046,EMILE GERARD AVENUE,M,"48,9187000","2,5204100",93,2019,50.0,2.0,1.0,4.0,2143083,3.0,2,4,1,4.0,,-1.0, -1,1986.0,B01,138Â 305Â 781,1.0,0.0,-1.0,1636480,0.0,7,,12.0,2.0,1.0,A01,138Â 305Â 782,1.0
958874,201900000405,6,14,00:15,5,2,2,1.0,3.0,93046,EMILE GERARD AVENUE,M,"48,9187000","2,5204100",93,2019,50.0,2.0,1.0,4.0,2143084,1.0,1,4,1,5.0,,-1.0, -1,1998.0,A01,138Â 305Â 782,8.0,0.0,-1.0,1636479,0.0,7,,12.0,2.0,7.0,B01,138Â 305Â 781,1.0
958874,201900000405,6,14,00:15,5,2,2,1.0,3.0,93046,EMILE GERARD AVENUE,M,"48,9187000","2,5204100",93,2019,50.0,2.0,1.0,4.0,2143084,1.0,1,4,1,5.0,,-1.0, -1,1998.0,A01,138Â 305Â 782,8.0,0.0,-1.0,1636480,0.0,7,,12.0,2.0,1.0,A01,138Â 305Â 782,1.0
958875,201900000406,6,7,20:50,2,2,9,6.0,2.0,93015,PALOMBIERE ALLEE DE LA,M,"48,9172600","2,5637000",93,2019,30.0,1.0,1.0,4.0,2143085,10.0,3,3,1,9.0,,9.0,B,1958.0,A01,138Â 305Â 778,8.0,0.0,-1.0,1636481,1.0,7,,0.0,2.0,1.0,A01,138Â 305Â 778,1.0
958875,201900000406,6,7,20:50,2,2,9,6.0,2.0,93015,PALOMBIERE ALLEE DE LA,M,"48,9172600","2,5637000",93,2019,30.0,1.0,1.0,4.0,2143085,10.0,3,3,1,9.0,,9.0,B,1958.0,A01,138Â 305Â 778,8.0,0.0,-1.0,1636482,1.0,7,,1.0,0.0,3.0,B01,138Â 305Â 779,1.0
958875,201900000406,6,7,20:50,2,2,9,6.0,2.0,93015,PALOMBIERE ALLEE DE LA,M,"48,9172600","2,5637000",93,2019,30.0,1.0,1.0,4.0,2143086,1.0,1,4,1,9.0,,-1.0, -1,1975.0,A01,138Â 305Â 778,1.0,0.0,-1.0,1636481,1.0,7,,0.0,2.0,1.0,A01,138Â 305Â 778,1.0
958875,201900000406,6,7,20:50,2,2,9,6.0,2.0,93015,PALOMBIERE ALLEE DE LA,M,"48,9172600","2,5637000",93,2019,30.0,1.0,1.0,4.0,2143086,1.0,1,4,1,9.0,,-1.0, -1,1975.0,A01,138Â 305Â 778,1.0,0.0,-1.0,1636482,1.0,7,,1.0,0.0,3.0,B01,138Â 305Â 779,1.0
958875,201900000406,6,7,20:50,2,2,9,6.0,2.0,93015,PALOMBIERE ALLEE DE LA,M,"48,9172600","2,5637000",93,2019,30.0,1.0,1.0,4.0,2143087,2.0,2,3,2,5.0,,-1.0, -1,1987.0,B01,138Â 305Â 779,1.0,0.0,-1.0,1636481,1.0,7,,0.0,2.0,1.0,A01,138Â 305Â 778,1.0
958875,201900000406,6,7,20:50,2,2,9,6.0,2.0,93015,PALOMBIERE ALLEE DE LA,M,"48,9172600","2,5637000",93,2019,30.0,1.0,1.0,4.0,2143087,2.0,2,3,2,5.0,,-1.0, -1,1987.0,B01,138Â 305Â 779,1.0,0.0,-1.0,1636482,1.0,7,,1.0,0.0,3.0,B01,138Â 305Â 779,1.0
958875,201900000406,6,7,20:50,2,2,9,6.0,2.0,93015,PALOMBIERE ALLEE DE LA,M,"48,9172600","2,5637000",93,2019,30.0,1.0,1.0,4.0,2143088,1.0,1,3,1,5.0,,-1.0, -1,1985.0,B01,138Â 305Â 779,1.0,0.0,-1.0,1636481,1.0,7,,0.0,2.0,1.0,A01,138Â 305Â 778,1.0
958875,201900000406,6,7,20:50,2,2,9,6.0,2.0,93015,PALOMBIERE ALLEE DE LA,M,"48,9172600","2,5637000",93,2019,30.0,1.0,1.0,4.0,2143088,1.0,1,3,1,5.0,,-1.0, -1,1985.0,B01,138Â 305Â 779,1.0,0.0,-1.0,1636482,1.0,7,,1.0,0.0,3.0,B01,138Â 305Â 779,1.0
958876,201900000407,6,5,17:40,1,2,2,2.0,3.0,93074,LIMOUSIN RUE DU,M,"48,9383500","2,5948600",93,2019,50.0,1.0,2.0,4.0,2143089,1.0,1,1,1,0.0,,-1.0, -1,1994.0,A01,138Â 305Â 776,8.0,0.0,-1.0,1636483,2.0,7,,0.0,2.0,1.0,A01,138Â 305Â 776,1.0
958876,201900000407,6,5,17:40,1,2,2,2.0,3.0,93074,LIMOUSIN RUE DU,M,"48,9383500","2,5948600",93,2019,50.0,1.0,2.0,4.0,2143089,1.0,1,1,1,0.0,,-1.0, -1,1994.0,A01,138Â 305Â 776,8.0,0.0,-1.0,1636484,1.0,33,,0.0,2.0,7.0,B01,138Â 305Â 777,1.0
958876,201900000407,6,5,17:40,1,2,2,2.0,3.0,93074,LIMOUSIN RUE DU,M,"48,9383500","2,5948600",93,2019,50.0,1.0,2.0,4.0,2143090,1.0,1,4,1,1.0,,-1.0, -1,1987.0,B01,138Â 305Â 777,2.0,0.0,-1.0,1636483,2.0,7,,0.0,2.0,1.0,A01,138Â 305Â 776,1.0
958876,201900000407,6,5,17:40,1,2,2,2.0,3.0,93074,LIMOUSIN RUE DU,M,"48,9383500","2,5948600",93,2019,50.0,1.0,2.0,4.0,2143090,1.0,1,4,1,1.0,,-1.0, -1,1987.0,B01,138Â 305Â 777,2.0,0.0,-1.0,1636484,1.0,33,,0.0,2.0,7.0,B01,138Â 305Â 777,1.0
958877,201900000408,6,17,08:55,1,2,1,1.0,6.0,93045,LANGEVIN PAUL RUE,M,"48,8837150","2,4233490",93,2019,50.0,2.0,1.0,4.0,2143091,10.0,3,4,2,9.0,,3.0,9,1968.0,A01,138Â 305Â 775,8.0,0.0,-1.0,1636485,2.0,7,,0.0,1.0,1.0,A01,138Â 305Â 775,0.0
958878,201900000409,6,11,20:15,1,2,1,2.0,6.0,93045,PARIS RUE DE,M,"48,8795811","2,4157047",93,2019,50.0,1.0,2.0,3.0,2143092,1.0,1,1,2,9.0,,0.0,0,1931.0,A01,138Â 305Â 774,1.0,0.0,-1.0,1636486,2.0,7,,0.0,1.0,1.0,A01,138Â 305Â 774,0.0
958878,201900000409,6,11,20:15,1,2,1,2.0,6.0,93045,PARIS RUE DE,M,"48,8795811","2,4157047",93,2019,50.0,1.0,2.0,3.0,2143093,10.0,3,4,1,9.0,,2.0,3,2000.0,A01,138Â 305Â 774,8.0,0.0,-1.0,1636486,2.0,7,,0.0,1.0,1.0,A01,138Â 305Â 774,0.0
958879,201900000410,6,9,17:55,1,2,1,1.0,6.0,93045,PARIS RUE DE,M,"48,8791225","2,4136448",93,2019,50.0,1.0,1.0,3.0,2143094,1.0,1,1,1,0.0,,-1.0, -1,2003.0,A01,138Â 305Â 773,2.0,8.0,-1.0,1636487,1.0,32,,0.0,1.0,3.0,A01,138Â 305Â 773,0.0
958879,201900000410,6,9,17:55,1,2,1,1.0,6.0,93045,PARIS RUE DE,M,"48,8791225","2,4136448",93,2019,50.0,1.0,1.0,3.0,2143095,10.0,3,4,2,0.0,,9.0,3,2008.0,A01,138Â 305Â 773,8.0,0.0,-1.0,1636487,1.0,32,,0.0,1.0,3.0,A01,138Â 305Â 773,0.0
958880,201900000411,6,15,22:35,5,2,1,1.0,4.0,93032,JEAN JAURES (AVENUE),M,"48,8828600","2,5264400",93,2019,50.0,1.0,1.0,3.0,2143096,1.0,1,1,1,5.0,,-1.0, -1,1995.0,C01,138Â 305Â 770,1.0,0.0,-1.0,1636488,1.0,7,,0.0,2.0,4.0,C01,138Â 305Â 770,0.0
958880,201900000411,6,15,22:35,5,2,1,1.0,4.0,93032,JEAN JAURES (AVENUE),M,"48,8828600","2,5264400",93,2019,50.0,1.0,1.0,3.0,2143096,1.0,1,1,1,5.0,,-1.0, -1,1995.0,C01,138Â 305Â 770,1.0,0.0,-1.0,1636489,1.0,7,,0.0,2.0,4.0,B01,138Â 305Â 771,0.0
958880,201900000411,6,15,22:35,5,2,1,1.0,4.0,93032,JEAN JAURES (AVENUE),M,"48,8828600","2,5264400",93,2019,50.0,1.0,1.0,3.0,2143096,1.0,1,1,1,5.0,,-1.0, -1,1995.0,C01,138Â 305Â 770,1.0,0.0,-1.0,1636490,1.0,7,,0.0,2.0,1.0,A01,138Â 305Â 772,0.0
958880,201900000411,6,15,22:35,5,2,1,1.0,4.0,93032,JEAN JAURES (AVENUE),M,"48,8828600","2,5264400",93,2019,50.0,1.0,1.0,3.0,2143097,1.0,1,4,1,9.0,,-1.0, -1,1992.0,B01,138Â 305Â 771,1.0,0.0,-1.0,1636488,1.0,7,,0.0,2.0,4.0,C01,138Â 305Â 770,0.0
958880,201900000411,6,15,22:35,5,2,1,1.0,4.0,93032,JEAN JAURES (AVENUE),M,"48,8828600","2,5264400",93,2019,50.0,1.0,1.0,3.0,2143097,1.0,1,4,1,9.0,,-1.0, -1,1992.0,B01,138Â 305Â 771,1.0,0.0,-1.0,1636489,1.0,7,,0.0,2.0,4.0,B01,138Â 305Â 771,0.0
958880,201900000411,6,15,22:35,5,2,1,1.0,4.0,93032,JEAN JAURES (AVENUE),M,"48,8828600","2,5264400",93,2019,50.0,1.0,1.0,3.0,2143097,1.0,1,4,1,9.0,,-1.0, -1,1992.0,B01,138Â 305Â 771,1.0,0.0,-1.0,1636490,1.0,7,,0.0,2.0,1.0,A01,138Â 305Â 772,0.0
958880,201900000411,6,15,22:35,5,2,1,1.0,4.0,93032,JEAN JAURES (AVENUE),M,"48,8828600","2,5264400",93,2019,50.0,1.0,1.0,3.0,2143098,1.0,1,1,2,9.0,,-1.0, -1,1997.0,A01,138Â 305Â 772,1.0,0.0,-1.0,1636488,1.0,7,,0.0,2.0,4.0,C01,138Â 305Â 770,0.0
958880,201900000411,6,15,22:35,5,2,1,1.0,4.0,93032,JEAN JAURES (AVENUE),M,"48,8828600","2,5264400",93,2019,50.0,1.0,1.0,3.0,2143098,1.0,1,1,2,9.0,,-1.0, -1,1997.0,A01,138Â 305Â 772,1.0,0.0,-1.0,1636489,1.0,7,,0.0,2.0,4.0,B01,138Â 305Â 771,0.0
958880,201900000411,6,15,22:35,5,2,1,1.0,4.0,93032,JEAN JAURES (AVENUE),M,"48,8828600","2,5264400",93,2019,50.0,1.0,1.0,3.0,2143098,1.0,1,1,2,9.0,,-1.0, -1,1997.0,A01,138Â 305Â 772,1.0,0.0,-1.0,1636490,1.0,7,,0.0,2.0,1.0,A01,138Â 305Â 772,0.0
958881,201900000412,6,8,13:50,1,2,5,1.0,3.0,93032,PARMENTIER   (RUE),M,"48,8828200","2,5348900",93,2019,50.0,1.0,1.0,3.0,2143099,1.0,1,4,1,3.0,,-1.0, -1,1976.0,B01,138Â 305Â 768,2.0,0.0,-1.0,1636491,1.0,2,,0.0,2.0,7.0,B01,138Â 305Â 768,1.0
958881,201900000412,6,8,13:50,1,2,5,1.0,3.0,93032,PARMENTIER   (RUE),M,"48,8828200","2,5348900",93,2019,50.0,1.0,1.0,3.0,2143099,1.0,1,4,1,3.0,,-1.0, -1,1976.0,B01,138Â 305Â 768,2.0,0.0,-1.0,1636492,1.0,7,,0.0,2.0,8.0,A01,138Â 305Â 769,1.0
958881,201900000412,6,8,13:50,1,2,5,1.0,3.0,93032,PARMENTIER   (RUE),M,"48,8828200","2,5348900",93,2019,50.0,1.0,1.0,3.0,2143100,1.0,1,1,2,0.0,,-1.0, -1,1965.0,A01,138Â 305Â 769,1.0,0.0,-1.0,1636491,1.0,2,,0.0,2.0,7.0,B01,138Â 305Â 768,1.0
958881,201900000412,6,8,13:50,1,2,5,1.0,3.0,93032,PARMENTIER   (RUE),M,"48,8828200","2,5348900",93,2019,50.0,1.0,1.0,3.0,2143100,1.0,1,1,2,0.0,,-1.0, -1,1965.0,A01,138Â 305Â 769,1.0,0.0,-1.0,1636492,1.0,7,,0.0,2.0,8.0,A01,138Â 305Â 769,1.0
958882,201900000413,6,7,08:45,1,2,3,1.0,6.0,93032,MONTGUICHET  (CHEMIN DE),M,"48,8811700","2,5478700",93,2019,50.0,1.0,1.0,4.0,2143101,1.0,1,4,1,4.0,,-1.0, -1,1955.0,C01,138Â 305Â 765,8.0,0.0,-1.0,1636493,1.0,10,,0.0,6.0,1.0,C01,138Â 305Â 765,6.0
958882,201900000413,6,7,08:45,1,2,3,1.0,6.0,93032,MONTGUICHET  (CHEMIN DE),M,"48,8811700","2,5478700",93,2019,50.0,1.0,1.0,4.0,2143101,1.0,1,4,1,4.0,,-1.0, -1,1955.0,C01,138Â 305Â 765,8.0,0.0,-1.0,1636494,2.0,33,,0.0,2.0,1.0,B01,138Â 305Â 766,6.0
958882,201900000413,6,7,08:45,1,2,3,1.0,6.0,93032,MONTGUICHET  (CHEMIN DE),M,"48,8811700","2,5478700",93,2019,50.0,1.0,1.0,4.0,2143101,1.0,1,4,1,4.0,,-1.0, -1,1955.0,C01,138Â 305Â 765,8.0,0.0,-1.0,1636495,3.0,7,,0.0,2.0,3.0,A01,138Â 305Â 767,6.0
958882,201900000413,6,7,08:45,1,2,3,1.0,6.0,93032,MONTGUICHET  (CHEMIN DE),M,"48,8811700","2,5478700",93,2019,50.0,1.0,1.0,4.0,2143102,1.0,1,4,1,0.0,,-1.0, -1,1996.0,B01,138Â 305Â 766,2.0,8.0,-1.0,1636493,1.0,10,,0.0,6.0,1.0,C01,138Â 305Â 765,6.0
958882,201900000413,6,7,08:45,1,2,3,1.0,6.0,93032,MONTGUICHET  (CHEMIN DE),M,"48,8811700","2,5478700",93,2019,50.0,1.0,1.0,4.0,2143102,1.0,1,4,1,0.0,,-1.0, -1,1996.0,B01,138Â 305Â 766,2.0,8.0,-1.0,1636494,2.0,33,,0.0,2.0,1.0,B01,138Â 305Â 766,6.0
958882,201900000413,6,7,08:45,1,2,3,1.0,6.0,93032,MONTGUICHET  (CHEMIN DE),M,"48,8811700","2,5478700",93,2019,50.0,1.0,1.0,4.0,2143102,1.0,1,4,1,0.0,,-1.0, -1,1996.0,B01,138Â 305Â 766,2.0,8.0,-1.0,1636495,3.0,7,,0.0,2.0,3.0,A01,138Â 305Â 767,6.0
958882,201900000413,6,7,08:45,1,2,3,1.0,6.0,93032,MONTGUICHET  (CHEMIN DE),M,"48,8811700","2,5478700",93,2019,50.0,1.0,1.0,4.0,2143103,1.0,1,1,1,0.0,,-1.0, -1,1967.0,A01,138Â 305Â 767,8.0,0.0,-1.0,1636493,1.0,10,,0.0,6.0,1.0,C01,138Â 305Â 765,6.0
958882,201900000413,6,7,08:45,1,2,3,1.0,6.0,93032,MONTGUICHET  (CHEMIN DE),M,"48,8811700","2,5478700",93,2019,50.0,1.0,1.0,4.0,2143103,1.0,1,1,1,0.0,,-1.0, -1,1967.0,A01,138Â 305Â 767,8.0,0.0,-1.0,1636494,2.0,33,,0.0,2.0,1.0,B01,138Â 305Â 766,6.0
958882,201900000413,6,7,08:45,1,2,3,1.0,6.0,93032,MONTGUICHET  (CHEMIN DE),M,"48,8811700","2,5478700",93,2019,50.0,1.0,1.0,4.0,2143103,1.0,1,1,1,0.0,,-1.0, -1,1967.0,A01,138Â 305Â 767,8.0,0.0,-1.0,1636495,3.0,7,,0.0,2.0,3.0,A01,138Â 305Â 767,6.0
958883,201900000414,6,4,17:10,1,2,1,1.0,3.0,93032,"JULES GUESDES  (RUE, DU 2 AU 96 ET DE 1",M,"48,8808300","2,5426400",93,2019,50.0,1.0,1.0,3.0,2143104,1.0,1,1,2,0.0,,-1.0, -1,1996.0,B01,138Â 305Â 763,1.0,0.0,-1.0,1636496,1.0,7,,0.0,2.0,5.0,B01,138Â 305Â 763,1.0
958883,201900000414,6,4,17:10,1,2,1,1.0,3.0,93032,"JULES GUESDES  (RUE, DU 2 AU 96 ET DE 1",M,"48,8808300","2,5426400",93,2019,50.0,1.0,1.0,3.0,2143104,1.0,1,1,2,0.0,,-1.0, -1,1996.0,B01,138Â 305Â 763,1.0,0.0,-1.0,1636497,1.0,34,,0.0,2.0,1.0,A01,138Â 305Â 764,1.0
958883,201900000414,6,4,17:10,1,2,1,1.0,3.0,93032,"JULES GUESDES  (RUE, DU 2 AU 96 ET DE 1",M,"48,8808300","2,5426400",93,2019,50.0,1.0,1.0,3.0,2143105,1.0,1,4,1,0.0,,-1.0, -1,1984.0,A01,138Â 305Â 764,2.0,8.0,-1.0,1636496,1.0,7,,0.0,2.0,5.0,B01,138Â 305Â 763,1.0
958883,201900000414,6,4,17:10,1,2,1,1.0,3.0,93032,"JULES GUESDES  (RUE, DU 2 AU 96 ET DE 1",M,"48,8808300","2,5426400",93,2019,50.0,1.0,1.0,3.0,2143105,1.0,1,4,1,0.0,,-1.0, -1,1984.0,A01,138Â 305Â 764,2.0,8.0,-1.0,1636497,1.0,34,,0.0,2.0,1.0,A01,138Â 305Â 764,1.0
958884,201900000415,5,24,19:44,1,2,1,1.0,6.0,93032,ARISTIDE BRIAND (RUE),M,"48,8771000","2,5317600",93,2019,50.0,1.0,1.0,3.0,2143106,1.0,1,4,1,9.0,,-1.0, -1,1970.0,A01,138Â 305Â 762,1.0,0.0,-1.0,1636498,2.0,7,,1.0,0.0,2.0,A01,138Â 305Â 762,1.0
958885,201900000416,6,14,17:10,1,2,1,1.0,6.0,93031,MARNE (AVENUE DE LA),M,"48,9535890","2,3272340",93,2019,50.0,1.0,1.0,4.0,2143107,10.0,3,4,2,0.0,,1.0,3,2011.0,A01,138Â 305Â 761,0.0,-1.0,-1.0,1636499,3.0,7,,0.0,1.0,2.0,A01,138Â 305Â 761,0.0
958886,201900000417,6,13,12:55,1,2,2,1.0,3.0,93079,SAINT LEU (ROUTE),M,"48,9545500","2,3344900",93,2019,50.0,1.0,1.0,3.0,2143108,1.0,1,4,1,0.0,,-1.0, -1,1979.0,B01,138Â 305Â 759,8.0,0.0,-1.0,1636500,1.0,34,,0.0,2.0,1.0,B01,138Â 305Â 759,0.0
958886,201900000417,6,13,12:55,1,2,2,1.0,3.0,93079,SAINT LEU (ROUTE),M,"48,9545500","2,3344900",93,2019,50.0,1.0,1.0,3.0,2143108,1.0,1,4,1,0.0,,-1.0, -1,1979.0,B01,138Â 305Â 759,8.0,0.0,-1.0,1636501,1.0,7,,0.0,2.0,3.0,A01,138Â 305Â 760,0.0
958886,201900000417,6,13,12:55,1,2,2,1.0,3.0,93079,SAINT LEU (ROUTE),M,"48,9545500","2,3344900",93,2019,50.0,1.0,1.0,3.0,2143109,1.0,1,1,2,0.0,,-1.0, -1,1986.0,A01,138Â 305Â 760,8.0,0.0,-1.0,1636500,1.0,34,,0.0,2.0,1.0,B01,138Â 305Â 759,0.0
958886,201900000417,6,13,12:55,1,2,2,1.0,3.0,93079,SAINT LEU (ROUTE),M,"48,9545500","2,3344900",93,2019,50.0,1.0,1.0,3.0,2143109,1.0,1,1,2,0.0,,-1.0, -1,1986.0,A01,138Â 305Â 760,8.0,0.0,-1.0,1636501,1.0,7,,0.0,2.0,3.0,A01,138Â 305Â 760,0.0
958887,201900000418,6,11,13:00,1,2,2,1.0,1.0,93031,REPUBLIQUE (AVENUE),M,"48,9470000","2,3427500",93,2019,50.0,1.0,1.0,3.0,2143110,1.0,1,1,1,1.0,,-1.0, -1,1989.0,A01,138Â 305Â 757,8.0,0.0,-1.0,1636502,1.0,7,,0.0,2.0,2.0,A01,138Â 305Â 757,0.0
958887,201900000418,6,11,13:00,1,2,2,1.0,1.0,93031,REPUBLIQUE (AVENUE),M,"48,9470000","2,3427500",93,2019,50.0,1.0,1.0,3.0,2143110,1.0,1,1,1,1.0,,-1.0, -1,1989.0,A01,138Â 305Â 757,8.0,0.0,-1.0,1636503,1.0,7,,0.0,2.0,1.0,B01,138Â 305Â 758,0.0