Unnamed: 0_x,num_acc,mois,jour,hrmn,lum,agg,int,atm,col,com,adr,gps,lat,long,dep,annee,vma,situ,surf,catr,Unnamed: 0_y,place,catu,grav,sexe,trajet,secu,locp,actp,an_nais,num_veh_x,id_vehicule_x,secu1,secu2,secu3,Unnamed: 0,senc,catv,occutc,obs,obsm,choc,num_veh_y,id_vehicule_y,motor
958887,201900000418,6,11,13:00,1,2,2,1.0,1.0,93031,REPUBLIQUE (AVENUE),M,"48,9470000","2,3427500",93,2019,50.0,1.0,1.0,3.0,2143111,1.0,1,4,1,0.0,,-1.0, -1,1977.0,B01,138Â 305Â 758,8.0,0.0,-1.0,1636502,1.0,7,,0.0,2.0,2.0,A01,138Â 305Â 757,0.0
958887,201900000418,6,11,13:00,1,2,2,1.0,1.0,93031,REPUBLIQUE (AVENUE),M,"48,9470000","2,3427500",93,2019,50.0,1.0,1.0,3.0,2143111,1.0,1,4,1,0.0,,-1.0, -1,1977.0,B01,138Â 305Â 758,8.0,0.0,-1.0,1636503,1.0,7,,0.0,2.0,1.0,B01,138Â 305Â 758,0.0
958888,201900000419,6,10,19:15,1,2,1,1.0,6.0,93031,FELIX MERLIN,M,"48,9552400","2,2928900",93,2019,50.0,1.0,1.0,4.0,2143112,10.0,3,4,1,0.0,,1.0,3,2008.0,Z01,138Â 305Â 756,8.0,8.0,-1.0,1636504,1.0,30,,0.0,1.0,1.0,Z01,138Â 305Â 756,0.0
958889,201900000420,6,9,16:59,1,2,2,1.0,3.0,93031,JARROW (AVENUE DE),M,"48,9523200","2,3319000",93,2019,50.0,1.0,1.0,4.0,2143113,1.0,1,4,1,4.0,,-1.0, -1,1988.0,B01,138Â 305Â 754,2.0,8.0,-1.0,1636505,1.0,30,,0.0,2.0,1.0,B01,138Â 305Â 754,1.0
958889,201900000420,6,9,16:59,1,2,2,1.0,3.0,93031,JARROW (AVENUE DE),M,"48,9523200","2,3319000",93,2019,50.0,1.0,1.0,4.0,2143113,1.0,1,4,1,4.0,,-1.0, -1,1988.0,B01,138Â 305Â 754,2.0,8.0,-1.0,1636506,1.0,7,,0.0,2.0,3.0,A01,138Â 305Â 755,1.0
958889,201900000420,6,9,16:59,1,2,2,1.0,3.0,93031,JARROW (AVENUE DE),M,"48,9523200","2,3319000",93,2019,50.0,1.0,1.0,4.0,2143114,1.0,1,1,2,0.0,,-1.0, -1,1999.0,A01,138Â 305Â 755,1.0,8.0,-1.0,1636505,1.0,30,,0.0,2.0,1.0,B01,138Â 305Â 754,1.0
958889,201900000420,6,9,16:59,1,2,2,1.0,3.0,93031,JARROW (AVENUE DE),M,"48,9523200","2,3319000",93,2019,50.0,1.0,1.0,4.0,2143114,1.0,1,1,2,0.0,,-1.0, -1,1999.0,A01,138Â 305Â 755,1.0,8.0,-1.0,1636506,1.0,7,,0.0,2.0,3.0,A01,138Â 305Â 755,1.0
958890,201900000421,6,7,11:42,1,2,1,2.0,6.0,93079,DIVISION LECLERC (AV),M,"48,9494000","2,3422400",93,2019,30.0,8.0,2.0,3.0,2143115,10.0,3,4,2,3.0,,9.0,2,1954.0,B01,138Â 305Â 753,8.0,0.0,-1.0,1636507,0.0,10,,1.0,1.0,3.0,B01,138Â 305Â 753,1.0
958891,201900000422,6,4,07:55,1,2,3,1.0,3.0,93031,SAINT LEU (ROUTE DE) 1 Ã  157,M,"48,9503400","2,3405300",93,2019,50.0,1.0,1.0,3.0,2143116,1.0,1,1,1,1.0,,-1.0, -1,1971.0,A01,138Â 305Â 751,1.0,0.0,-1.0,1636508,1.0,10,,0.0,2.0,2.0,A01,138Â 305Â 751,1.0
958891,201900000422,6,4,07:55,1,2,3,1.0,3.0,93031,SAINT LEU (ROUTE DE) 1 Ã  157,M,"48,9503400","2,3405300",93,2019,50.0,1.0,1.0,3.0,2143116,1.0,1,1,1,1.0,,-1.0, -1,1971.0,A01,138Â 305Â 751,1.0,0.0,-1.0,1636509,1.0,30,,0.0,2.0,0.0,B01,138Â 305Â 752,1.0
958891,201900000422,6,4,07:55,1,2,3,1.0,3.0,93031,SAINT LEU (ROUTE DE) 1 Ã  157,M,"48,9503400","2,3405300",93,2019,50.0,1.0,1.0,3.0,2143117,1.0,1,4,1,1.0,,-1.0, -1,1975.0,B01,138Â 305Â 752,2.0,0.0,-1.0,1636508,1.0,10,,0.0,2.0,2.0,A01,138Â 305Â 751,1.0
958891,201900000422,6,4,07:55,1,2,3,1.0,3.0,93031,SAINT LEU (ROUTE DE) 1 Ã  157,M,"48,9503400","2,3405300",93,2019,50.0,1.0,1.0,3.0,2143117,1.0,1,4,1,1.0,,-1.0, -1,1975.0,B01,138Â 305Â 752,2.0,0.0,-1.0,1636509,1.0,30,,0.0,2.0,0.0,B01,138Â 305Â 752,1.0
958892,201900000423,6,18,11:20,1,2,1,1.0,1.0,93029,REPUBLIQUE (DE LA) NÂ° 1-161,M,"48,9224740","2,4405160",93,2019,50.0,1.0,1.0,4.0,2143118,1.0,1,3,1,0.0,,-1.0, -1,1949.0,B01,138Â 305Â 749,1.0,0.0,-1.0,1636510,2.0,3,,0.0,2.0,3.0,B01,138Â 305Â 749,1.0
958892,201900000423,6,18,11:20,1,2,1,1.0,1.0,93029,REPUBLIQUE (DE LA) NÂ° 1-161,M,"48,9224740","2,4405160",93,2019,50.0,1.0,1.0,4.0,2143118,1.0,1,3,1,0.0,,-1.0, -1,1949.0,B01,138Â 305Â 749,1.0,0.0,-1.0,1636511,1.0,7,,1.0,0.0,3.0,A01,138Â 305Â 750,1.0
958892,201900000423,6,18,11:20,1,2,1,1.0,1.0,93029,REPUBLIQUE (DE LA) NÂ° 1-161,M,"48,9224740","2,4405160",93,2019,50.0,1.0,1.0,4.0,2143119,1.0,1,4,2,5.0,,-1.0, -1,1937.0,A01,138Â 305Â 750,1.0,0.0,-1.0,1636510,2.0,3,,0.0,2.0,3.0,B01,138Â 305Â 749,1.0
958892,201900000423,6,18,11:20,1,2,1,1.0,1.0,93029,REPUBLIQUE (DE LA) NÂ° 1-161,M,"48,9224740","2,4405160",93,2019,50.0,1.0,1.0,4.0,2143119,1.0,1,4,2,5.0,,-1.0, -1,1937.0,A01,138Â 305Â 750,1.0,0.0,-1.0,1636511,1.0,7,,1.0,0.0,3.0,A01,138Â 305Â 750,1.0
958893,201900000424,6,4,17:55,1,2,1,8.0,4.0,93029,JEAN JAURES (AVENUE) NÂ°,M,"48,9140600","2,4616600",93,2019,50.0,1.0,2.0,3.0,2143120,1.0,1,1,1,1.0,,-1.0, -1,1971.0,A01,138Â 305Â 745,1.0,8.0,-1.0,1636512,1.0,7,,14.0,0.0,1.0,A01,138Â 305Â 745,1.0
958893,201900000424,6,4,17:55,1,2,1,8.0,4.0,93029,JEAN JAURES (AVENUE) NÂ°,M,"48,9140600","2,4616600",93,2019,50.0,1.0,2.0,3.0,2143120,1.0,1,1,1,1.0,,-1.0, -1,1971.0,A01,138Â 305Â 745,1.0,8.0,-1.0,1636513,1.0,7,,14.0,0.0,4.0,B01,138Â 305Â 746,1.0
958893,201900000424,6,4,17:55,1,2,1,8.0,4.0,93029,JEAN JAURES (AVENUE) NÂ°,M,"48,9140600","2,4616600",93,2019,50.0,1.0,2.0,3.0,2143120,1.0,1,1,1,1.0,,-1.0, -1,1971.0,A01,138Â 305Â 745,1.0,8.0,-1.0,1636514,1.0,7,,0.0,1.0,4.0,C01,138Â 305Â 747,1.0
958893,201900000424,6,4,17:55,1,2,1,8.0,4.0,93029,JEAN JAURES (AVENUE) NÂ°,M,"48,9140600","2,4616600",93,2019,50.0,1.0,2.0,3.0,2143121,1.0,1,1,2,5.0,,-1.0, -1,1968.0,B01,138Â 305Â 746,1.0,8.0,-1.0,1636512,1.0,7,,14.0,0.0,1.0,A01,138Â 305Â 745,1.0
958893,201900000424,6,4,17:55,1,2,1,8.0,4.0,93029,JEAN JAURES (AVENUE) NÂ°,M,"48,9140600","2,4616600",93,2019,50.0,1.0,2.0,3.0,2143121,1.0,1,1,2,5.0,,-1.0, -1,1968.0,B01,138Â 305Â 746,1.0,8.0,-1.0,1636513,1.0,7,,14.0,0.0,4.0,B01,138Â 305Â 746,1.0
958893,201900000424,6,4,17:55,1,2,1,8.0,4.0,93029,JEAN JAURES (AVENUE) NÂ°,M,"48,9140600","2,4616600",93,2019,50.0,1.0,2.0,3.0,2143121,1.0,1,1,2,5.0,,-1.0, -1,1968.0,B01,138Â 305Â 746,1.0,8.0,-1.0,1636514,1.0,7,,0.0,1.0,4.0,C01,138Â 305Â 747,1.0
958893,201900000424,6,4,17:55,1,2,1,8.0,4.0,93029,JEAN JAURES (AVENUE) NÂ°,M,"48,9140600","2,4616600",93,2019,50.0,1.0,2.0,3.0,2143122,1.0,1,1,1,5.0,,-1.0, -1,1969.0,C01,138Â 305Â 747,1.0,8.0,-1.0,1636512,1.0,7,,14.0,0.0,1.0,A01,138Â 305Â 745,1.0
958893,201900000424,6,4,17:55,1,2,1,8.0,4.0,93029,JEAN JAURES (AVENUE) NÂ°,M,"48,9140600","2,4616600",93,2019,50.0,1.0,2.0,3.0,2143122,1.0,1,1,1,5.0,,-1.0, -1,1969.0,C01,138Â 305Â 747,1.0,8.0,-1.0,1636513,1.0,7,,14.0,0.0,4.0,B01,138Â 305Â 746,1.0
958893,201900000424,6,4,17:55,1,2,1,8.0,4.0,93029,JEAN JAURES (AVENUE) NÂ°,M,"48,9140600","2,4616600",93,2019,50.0,1.0,2.0,3.0,2143122,1.0,1,1,1,5.0,,-1.0, -1,1969.0,C01,138Â 305Â 747,1.0,8.0,-1.0,1636514,1.0,7,,0.0,1.0,4.0,C01,138Â 305Â 747,1.0
958893,201900000424,6,4,17:55,1,2,1,8.0,4.0,93029,JEAN JAURES (AVENUE) NÂ°,M,"48,9140600","2,4616600",93,2019,50.0,1.0,2.0,3.0,2143123,4.0,2,4,2,5.0,,-1.0, -1,1974.0,C01,138Â 305Â 747,1.0,8.0,-1.0,1636512,1.0,7,,14.0,0.0,1.0,A01,138Â 305Â 745,1.0
958893,201900000424,6,4,17:55,1,2,1,8.0,4.0,93029,JEAN JAURES (AVENUE) NÂ°,M,"48,9140600","2,4616600",93,2019,50.0,1.0,2.0,3.0,2143123,4.0,2,4,2,5.0,,-1.0, -1,1974.0,C01,138Â 305Â 747,1.0,8.0,-1.0,1636513,1.0,7,,14.0,0.0,4.0,B01,138Â 305Â 746,1.0
958893,201900000424,6,4,17:55,1,2,1,8.0,4.0,93029,JEAN JAURES (AVENUE) NÂ°,M,"48,9140600","2,4616600",93,2019,50.0,1.0,2.0,3.0,2143123,4.0,2,4,2,5.0,,-1.0, -1,1974.0,C01,138Â 305Â 747,1.0,8.0,-1.0,1636514,1.0,7,,0.0,1.0,4.0,C01,138Â 305Â 747,1.0
958894,201900000425,6,4,18:22,1,2,1,3.0,6.0,93029,ANATOLE FRANCE,M,"48,9309800","2,4552800",93,2019,50.0,1.0,2.0,4.0,2143124,1.0,1,1,2,5.0,,-1.0, -1,1974.0,A01,138Â 305Â 744,1.0,0.0,-1.0,1636515,2.0,7,,0.0,1.0,1.0,A01,138Â 305Â 744,1.0
958894,201900000425,6,4,18:22,1,2,1,3.0,6.0,93029,ANATOLE FRANCE,M,"48,9309800","2,4552800",93,2019,50.0,1.0,2.0,4.0,2143125,10.0,3,4,2,3.0,,2.0,3,1970.0,A01,138Â 305Â 744,8.0,0.0,-1.0,1636515,2.0,7,,0.0,1.0,1.0,A01,138Â 305Â 744,1.0
958895,201900000426,6,4,09:40,1,2,3,2.0,3.0,93029,MARAT,M,"48,9197300","2,4333300",93,2019,50.0,1.0,2.0,4.0,2143126,1.0,1,1,1,0.0,,-1.0, -1,1988.0,A01,138Â 305Â 742,1.0,0.0,-1.0,1636516,1.0,7,,0.0,2.0,1.0,A01,138Â 305Â 742,1.0
958895,201900000426,6,4,09:40,1,2,3,2.0,3.0,93029,MARAT,M,"48,9197300","2,4333300",93,2019,50.0,1.0,2.0,4.0,2143126,1.0,1,1,1,0.0,,-1.0, -1,1988.0,A01,138Â 305Â 742,1.0,0.0,-1.0,1636517,2.0,7,,0.0,2.0,2.0,B01,138Â 305Â 743,1.0
958895,201900000426,6,4,09:40,1,2,3,2.0,3.0,93029,MARAT,M,"48,9197300","2,4333300",93,2019,50.0,1.0,2.0,4.0,2143127,1.0,1,4,1,0.0,,-1.0, -1,1966.0,B01,138Â 305Â 743,1.0,0.0,-1.0,1636516,1.0,7,,0.0,2.0,1.0,A01,138Â 305Â 742,1.0
958895,201900000426,6,4,09:40,1,2,3,2.0,3.0,93029,MARAT,M,"48,9197300","2,4333300",93,2019,50.0,1.0,2.0,4.0,2143127,1.0,1,4,1,0.0,,-1.0, -1,1966.0,B01,138Â 305Â 743,1.0,0.0,-1.0,1636517,2.0,7,,0.0,2.0,2.0,B01,138Â 305Â 743,1.0
958896,201900000427,5,31,15:30,1,2,2,1.0,5.0,93029,MARTYRS DE CHATEAUBRIANT (AV. DES),M,"48,9168600","2,4702300",93,2019,50.0,1.0,1.0,4.0,2143128,1.0,1,1,1,0.0,,-1.0, -1,1999.0,A01,138Â 305Â 739,8.0,0.0,-1.0,1636518,2.0,7,,0.0,2.0,2.0,A01,138Â 305Â 739,1.0
958896,201900000427,5,31,15:30,1,2,2,1.0,5.0,93029,MARTYRS DE CHATEAUBRIANT (AV. DES),M,"48,9168600","2,4702300",93,2019,50.0,1.0,1.0,4.0,2143128,1.0,1,1,1,0.0,,-1.0, -1,1999.0,A01,138Â 305Â 739,8.0,0.0,-1.0,1636519,1.0,20,,0.0,2.0,3.0,C01,138Â 305Â 740,1.0
958896,201900000427,5,31,15:30,1,2,2,1.0,5.0,93029,MARTYRS DE CHATEAUBRIANT (AV. DES),M,"48,9168600","2,4702300",93,2019,50.0,1.0,1.0,4.0,2143128,1.0,1,1,1,0.0,,-1.0, -1,1999.0,A01,138Â 305Â 739,8.0,0.0,-1.0,1636520,2.0,33,,0.0,2.0,1.0,B01,138Â 305Â 741,1.0
958896,201900000427,5,31,15:30,1,2,2,1.0,5.0,93029,MARTYRS DE CHATEAUBRIANT (AV. DES),M,"48,9168600","2,4702300",93,2019,50.0,1.0,1.0,4.0,2143129,1.0,1,1,1,0.0,,-1.0, -1,1973.0,C01,138Â 305Â 740,1.0,0.0,-1.0,1636518,2.0,7,,0.0,2.0,2.0,A01,138Â 305Â 739,1.0
958896,201900000427,5,31,15:30,1,2,2,1.0,5.0,93029,MARTYRS DE CHATEAUBRIANT (AV. DES),M,"48,9168600","2,4702300",93,2019,50.0,1.0,1.0,4.0,2143129,1.0,1,1,1,0.0,,-1.0, -1,1973.0,C01,138Â 305Â 740,1.0,0.0,-1.0,1636519,1.0,20,,0.0,2.0,3.0,C01,138Â 305Â 740,1.0
958896,201900000427,5,31,15:30,1,2,2,1.0,5.0,93029,MARTYRS DE CHATEAUBRIANT (AV. DES),M,"48,9168600","2,4702300",93,2019,50.0,1.0,1.0,4.0,2143129,1.0,1,1,1,0.0,,-1.0, -1,1973.0,C01,138Â 305Â 740,1.0,0.0,-1.0,1636520,2.0,33,,0.0,2.0,1.0,B01,138Â 305Â 741,1.0
958896,201900000427,5,31,15:30,1,2,2,1.0,5.0,93029,MARTYRS DE CHATEAUBRIANT (AV. DES),M,"48,9168600","2,4702300",93,2019,50.0,1.0,1.0,4.0,2143130,1.0,1,4,1,1.0,,-1.0, -1,1983.0,B01,138Â 305Â 741,2.0,6.0,-1.0,1636518,2.0,7,,0.0,2.0,2.0,A01,138Â 305Â 739,1.0
958896,201900000427,5,31,15:30,1,2,2,1.0,5.0,93029,MARTYRS DE CHATEAUBRIANT (AV. DES),M,"48,9168600","2,4702300",93,2019,50.0,1.0,1.0,4.0,2143130,1.0,1,4,1,1.0,,-1.0, -1,1983.0,B01,138Â 305Â 741,2.0,6.0,-1.0,1636519,1.0,20,,0.0,2.0,3.0,C01,138Â 305Â 740,1.0
958896,201900000427,5,31,15:30,1,2,2,1.0,5.0,93029,MARTYRS DE CHATEAUBRIANT (AV. DES),M,"48,9168600","2,4702300",93,2019,50.0,1.0,1.0,4.0,2143130,1.0,1,4,1,1.0,,-1.0, -1,1983.0,B01,138Â 305Â 741,2.0,6.0,-1.0,1636520,2.0,33,,0.0,2.0,1.0,B01,138Â 305Â 741,1.0
958897,201900000428,6,1,14:20,1,2,1,1.0,6.0,93029,ROGER SALENGRO NÂ° 94 - FIN,M,"48,9136700","2,4362400",93,2019,50.0,1.0,1.0,4.0,2143131,10.0,3,4,2,0.0,,1.0,3,2006.0,A01,138Â 305Â 738,8.0,0.0,-1.0,1636521,1.0,7,,1.0,1.0,2.0,A01,138Â 305Â 738,1.0
958897,201900000428,6,1,14:20,1,2,1,1.0,6.0,93029,ROGER SALENGRO NÂ° 94 - FIN,M,"48,9136700","2,4362400",93,2019,50.0,1.0,1.0,4.0,2143132,1.0,1,1,1,5.0,,0.0,0,1985.0,A01,138Â 305Â 738,1.0,8.0,-1.0,1636521,1.0,7,,1.0,1.0,2.0,A01,138Â 305Â 738,1.0
958898,201900000429,6,17,15:20,1,2,2,1.0,6.0,93013,LECLERC (AVENU DE LA DIVISION),M,"48,9376300","2,4283800",93,2019,50.0,1.0,1.0,3.0,2143133,1.0,1,1,1,4.0,,-1.0, -1,1973.0,A01,138Â 305Â 736,1.0,0.0,-1.0,1636522,2.0,7,,0.0,0.0,8.0,A01,138Â 305Â 736,1.0
958898,201900000429,6,17,15:20,1,2,2,1.0,6.0,93013,LECLERC (AVENU DE LA DIVISION),M,"48,9376300","2,4283800",93,2019,50.0,1.0,1.0,3.0,2143133,1.0,1,1,1,4.0,,-1.0, -1,1973.0,A01,138Â 305Â 736,1.0,0.0,-1.0,1636523,2.0,42,,0.0,0.0,7.0,B01,138Â 305Â 737,1.0
958898,201900000429,6,17,15:20,1,2,2,1.0,6.0,93013,LECLERC (AVENU DE LA DIVISION),M,"48,9376300","2,4283800",93,2019,50.0,1.0,1.0,3.0,2143134,1.0,1,4,1,0.0,,-1.0, -1,1965.0,B01,138Â 305Â 737,2.0,0.0,-1.0,1636522,2.0,7,,0.0,0.0,8.0,A01,138Â 305Â 736,1.0
958898,201900000429,6,17,15:20,1,2,2,1.0,6.0,93013,LECLERC (AVENU DE LA DIVISION),M,"48,9376300","2,4283800",93,2019,50.0,1.0,1.0,3.0,2143134,1.0,1,4,1,0.0,,-1.0, -1,1965.0,B01,138Â 305Â 737,2.0,0.0,-1.0,1636523,2.0,42,,0.0,0.0,7.0,B01,138Â 305Â 737,1.0
958899,201900000430,6,15,22:40,5,2,9,1.0,1.0,93013,VAILLANT (RUE EDOUARD),M,"48,9369200","2,4315000",93,2019,50.0,1.0,1.0,4.0,2143135,1.0,1,1,2,5.0,,-1.0, -1,1999.0,A01,138Â 305Â 734,1.0,0.0,-1.0,1636524,1.0,7,,1.0,0.0,2.0,A01,138Â 305Â 734,1.0
958899,201900000430,6,15,22:40,5,2,9,1.0,1.0,93013,VAILLANT (RUE EDOUARD),M,"48,9369200","2,4315000",93,2019,50.0,1.0,1.0,4.0,2143135,1.0,1,1,2,5.0,,-1.0, -1,1999.0,A01,138Â 305Â 734,1.0,0.0,-1.0,1636525,2.0,33,,0.0,2.0,1.0,B01,138Â 305Â 735,1.0
958899,201900000430,6,15,22:40,5,2,9,1.0,1.0,93013,VAILLANT (RUE EDOUARD),M,"48,9369200","2,4315000",93,2019,50.0,1.0,1.0,4.0,2143136,1.0,1,4,1,5.0,,-1.0, -1,1991.0,B01,138Â 305Â 735,2.0,6.0,-1.0,1636524,1.0,7,,1.0,0.0,2.0,A01,138Â 305Â 734,1.0
958899,201900000430,6,15,22:40,5,2,9,1.0,1.0,93013,VAILLANT (RUE EDOUARD),M,"48,9369200","2,4315000",93,2019,50.0,1.0,1.0,4.0,2143136,1.0,1,4,1,5.0,,-1.0, -1,1991.0,B01,138Â 305Â 735,2.0,6.0,-1.0,1636525,2.0,33,,0.0,2.0,1.0,B01,138Â 305Â 735,1.0
958900,201900000431,6,15,16:45,1,2,1,1.0,6.0,93027,CONVENTION (RUE DE LA),M,"48,9275900","2,3920100",93,2019,50.0,1.0,1.0,3.0,2143137,10.0,3,4,1,0.0,,4.0,3,2012.0,A01,138Â 305Â 733,8.0,0.0,-1.0,1636526,2.0,10,,6.0,2.0,1.0,A01,138Â 305Â 733,0.0
958900,201900000431,6,15,16:45,1,2,1,1.0,6.0,93027,CONVENTION (RUE DE LA),M,"48,9275900","2,3920100",93,2019,50.0,1.0,1.0,3.0,2143138,1.0,1,1,1,0.0,,0.0,0,1971.0,A01,138Â 305Â 733,1.0,0.0,-1.0,1636526,2.0,10,,6.0,2.0,1.0,A01,138Â 305Â 733,0.0
958901,201900000432,6,13,20:30,1,2,1,1.0,6.0,93030,HUIT-MAI-1945 (AVENUE DU),M,"48,9486900","2,4382200",93,2019,50.0,1.0,1.0,3.0,2143139,2.0,2,4,1,0.0,,-1.0, -1,2001.0,A01,138Â 305Â 732,1.0,0.0,-1.0,1636527,3.0,10,,4.0,0.0,9.0,A01,138Â 305Â 732,0.0
958901,201900000432,6,13,20:30,1,2,1,1.0,6.0,93030,HUIT-MAI-1945 (AVENUE DU),M,"48,9486900","2,4382200",93,2019,50.0,1.0,1.0,3.0,2143140,1.0,1,1,2,5.0,,-1.0, -1,1998.0,A01,138Â 305Â 732,1.0,0.0,-1.0,1636527,3.0,10,,4.0,0.0,9.0,A01,138Â 305Â 732,0.0
958902,201900000433,6,12,17:30,1,2,1,2.0,6.0,93027,HUGO (AVENUE VICTOR),M,"48,9253886","2,3911141",93,2019,50.0,1.0,2.0,4.0,2143141,10.0,3,4,1,5.0,,2.0,3,2009.0,A01,138Â 305Â 731,8.0,0.0,-1.0,1636528,3.0,7,,0.0,1.0,1.0,A01,138Â 305Â 731,1.0
958902,201900000433,6,12,17:30,1,2,1,2.0,6.0,93027,HUGO (AVENUE VICTOR),M,"48,9253886","2,3911141",93,2019,50.0,1.0,2.0,4.0,2143142,1.0,1,1,1,5.0,,0.0,0,1970.0,A01,138Â 305Â 731,1.0,0.0,-1.0,1636528,3.0,7,,0.0,1.0,1.0,A01,138Â 305Â 731,1.0
958903,201900000434,6,12,10:51,1,2,1,1.0,6.0,93027,FERRY (RUE JULES),M,"48,9266000","2,3926390",93,2019,50.0,1.0,1.0,4.0,2143143,10.0,3,4,2,9.0,,2.0,3,2007.0,A01,138Â 305Â 730,8.0,0.0,-1.0,1636529,2.0,7,,0.0,0.0,1.0,A01,138Â 305Â 730,1.0
958903,201900000434,6,12,10:51,1,2,1,1.0,6.0,93027,FERRY (RUE JULES),M,"48,9266000","2,3926390",93,2019,50.0,1.0,1.0,4.0,2143144,1.0,1,1,1,4.0,,0.0,0,1977.0,A01,138Â 305Â 730,1.0,0.0,-1.0,1636529,2.0,7,,0.0,0.0,1.0,A01,138Â 305Â 730,1.0
958904,201900000435,6,8,15:00,1,2,2,1.0,3.0,93027,VAILLANT-COUTURIER (AVENUE PAUL),M,"48,9181000","2,4078100",93,2019,50.0,1.0,1.0,3.0,2143145,2.0,2,1,2,5.0,,-1.0, -1,1995.0,A01,138Â 305Â 728,1.0,0.0,-1.0,1636530,1.0,7,,0.0,2.0,1.0,A01,138Â 305Â 728,1.0
958904,201900000435,6,8,15:00,1,2,2,1.0,3.0,93027,VAILLANT-COUTURIER (AVENUE PAUL),M,"48,9181000","2,4078100",93,2019,50.0,1.0,1.0,3.0,2143145,2.0,2,1,2,5.0,,-1.0, -1,1995.0,A01,138Â 305Â 728,1.0,0.0,-1.0,1636531,2.0,34,,0.0,2.0,1.0,B01,138Â 305Â 729,1.0
958904,201900000435,6,8,15:00,1,2,2,1.0,3.0,93027,VAILLANT-COUTURIER (AVENUE PAUL),M,"48,9181000","2,4078100",93,2019,50.0,1.0,1.0,3.0,2143146,1.0,1,1,1,5.0,,-1.0, -1,1975.0,A01,138Â 305Â 728,1.0,0.0,-1.0,1636530,1.0,7,,0.0,2.0,1.0,A01,138Â 305Â 728,1.0
958904,201900000435,6,8,15:00,1,2,2,1.0,3.0,93027,VAILLANT-COUTURIER (AVENUE PAUL),M,"48,9181000","2,4078100",93,2019,50.0,1.0,1.0,3.0,2143146,1.0,1,1,1,5.0,,-1.0, -1,1975.0,A01,138Â 305Â 728,1.0,0.0,-1.0,1636531,2.0,34,,0.0,2.0,1.0,B01,138Â 305Â 729,1.0
958904,201900000435,6,8,15:00,1,2,2,1.0,3.0,93027,VAILLANT-COUTURIER (AVENUE PAUL),M,"48,9181000","2,4078100",93,2019,50.0,1.0,1.0,3.0,2143147,2.0,2,3,2,0.0,,-1.0, -1,1991.0,B01,138Â 305Â 729,2.0,0.0,-1.0,1636530,1.0,7,,0.0,2.0,1.0,A01,138Â 305Â 728,1.0
958904,201900000435,6,8,15:00,1,2,2,1.0,3.0,93027,VAILLANT-COUTURIER (AVENUE PAUL),M,"48,9181000","2,4078100",93,2019,50.0,1.0,1.0,3.0,2143147,2.0,2,3,2,0.0,,-1.0, -1,1991.0,B01,138Â 305Â 729,2.0,0.0,-1.0,1636531,2.0,34,,0.0,2.0,1.0,B01,138Â 305Â 729,1.0
958904,201900000435,6,8,15:00,1,2,2,1.0,3.0,93027,VAILLANT-COUTURIER (AVENUE PAUL),M,"48,9181000","2,4078100",93,2019,50.0,1.0,1.0,3.0,2143148,1.0,1,3,1,5.0,,-1.0, -1,1990.0,B01,138Â 305Â 729,2.0,0.0,-1.0,1636530,1.0,7,,0.0,2.0,1.0,A01,138Â 305Â 728,1.0
958904,201900000435,6,8,15:00,1,2,2,1.0,3.0,93027,VAILLANT-COUTURIER (AVENUE PAUL),M,"48,9181000","2,4078100",93,2019,50.0,1.0,1.0,3.0,2143148,1.0,1,3,1,5.0,,-1.0, -1,1990.0,B01,138Â 305Â 729,2.0,0.0,-1.0,1636531,2.0,34,,0.0,2.0,1.0,B01,138Â 305Â 729,1.0
958905,201900000436,6,7,14:00,1,2,3,1.0,3.0,93027,BERRI (RUE DU),M,"48,9194800","2,4048500",93,2019,50.0,1.0,1.0,7.0,2143149,1.0,1,1,1,0.0,,-1.0, -1,1993.0,A01,138Â 305Â 726,1.0,0.0,-1.0,1636532,2.0,3,,0.0,2.0,3.0,A01,138Â 305Â 726,1.0
958905,201900000436,6,7,14:00,1,2,3,1.0,3.0,93027,BERRI (RUE DU),M,"48,9194800","2,4048500",93,2019,50.0,1.0,1.0,7.0,2143149,1.0,1,1,1,0.0,,-1.0, -1,1993.0,A01,138Â 305Â 726,1.0,0.0,-1.0,1636533,2.0,10,,0.0,2.0,2.0,B01,138Â 305Â 727,1.0
958905,201900000436,6,7,14:00,1,2,3,1.0,3.0,93027,BERRI (RUE DU),M,"48,9194800","2,4048500",93,2019,50.0,1.0,1.0,7.0,2143150,1.0,1,4,1,4.0,,-1.0, -1,1995.0,B01,138Â 305Â 727,1.0,0.0,-1.0,1636532,2.0,3,,0.0,2.0,3.0,A01,138Â 305Â 726,1.0
958905,201900000436,6,7,14:00,1,2,3,1.0,3.0,93027,BERRI (RUE DU),M,"48,9194800","2,4048500",93,2019,50.0,1.0,1.0,7.0,2143150,1.0,1,4,1,4.0,,-1.0, -1,1995.0,B01,138Â 305Â 727,1.0,0.0,-1.0,1636533,2.0,10,,0.0,2.0,2.0,B01,138Â 305Â 727,1.0
958906,201900000437,6,15,18:30,1,2,3,1.0,3.0,93047,JEAN JAURES (AVENUE),M,"48,8978300","2,5608500",93,2019,50.0,1.0,1.0,3.0,2143151,1.0,1,1,1,0.0,,-1.0, -1,1964.0,A01,138Â 305Â 724,1.0,0.0,-1.0,1636534,0.0,99,,0.0,2.0,2.0,A01,138Â 305Â 724,1.0
958906,201900000437,6,15,18:30,1,2,3,1.0,3.0,93047,JEAN JAURES (AVENUE),M,"48,8978300","2,5608500",93,2019,50.0,1.0,1.0,3.0,2143151,1.0,1,1,1,0.0,,-1.0, -1,1964.0,A01,138Â 305Â 724,1.0,0.0,-1.0,1636535,2.0,2,,0.0,2.0,1.0,B01,138Â 305Â 725,1.0