Unnamed: 0_x,num_acc,mois,jour,hrmn,lum,agg,int,atm,col,com,adr,gps,lat,long,dep,annee,vma,situ,surf,catr,Unnamed: 0_y,place,catu,grav,sexe,trajet,secu,locp,actp,an_nais,num_veh_x,id_vehicule_x,secu1,secu2,secu3,Unnamed: 0,senc,catv,occutc,obs,obsm,choc,num_veh_y,id_vehicule_y,motor
958906,201900000437,6,15,18:30,1,2,3,1.0,3.0,93047,JEAN JAURES (AVENUE),M,"48,8978300","2,5608500",93,2019,50.0,1.0,1.0,3.0,2143152,1.0,1,4,1,0.0,,-1.0, -1,1989.0,B01,138Â 305Â 725,2.0,0.0,-1.0,1636534,0.0,99,,0.0,2.0,2.0,A01,138Â 305Â 724,1.0
958906,201900000437,6,15,18:30,1,2,3,1.0,3.0,93047,JEAN JAURES (AVENUE),M,"48,8978300","2,5608500",93,2019,50.0,1.0,1.0,3.0,2143152,1.0,1,4,1,0.0,,-1.0, -1,1989.0,B01,138Â 305Â 725,2.0,0.0,-1.0,1636535,2.0,2,,0.0,2.0,1.0,B01,138Â 305Â 725,1.0
958907,201900000438,6,13,21:50,1,2,1,1.0,3.0,93047,EUROPE (BOULEVARD DE L'),M,"48,8952910","2,5706620",93,2019,30.0,1.0,1.0,4.0,2143153,1.0,1,4,1,0.0,,-1.0, -1,2001.0,B01,138Â 305Â 723,2.0,8.0,-1.0,1636536,1.0,10,,0.0,2.0,7.0,A01,138Â 305Â 722,1.0
958907,201900000438,6,13,21:50,1,2,1,1.0,3.0,93047,EUROPE (BOULEVARD DE L'),M,"48,8952910","2,5706620",93,2019,30.0,1.0,1.0,4.0,2143153,1.0,1,4,1,0.0,,-1.0, -1,2001.0,B01,138Â 305Â 723,2.0,8.0,-1.0,1636537,2.0,2,,0.0,2.0,1.0,B01,138Â 305Â 723,1.0
958908,201900000439,6,10,20:40,1,2,3,1.0,1.0,93047,COUBRON  (VIEUX CHEMIN DE),M,"48,9051000","2,5767000",93,2019,30.0,1.0,1.0,4.0,2143154,1.0,1,4,1,1.0,,-1.0, -1,2001.0,B01,138Â 305Â 720,2.0,8.0,-1.0,1636538,1.0,32,,0.0,2.0,1.0,B01,138Â 305Â 720,0.0
958908,201900000439,6,10,20:40,1,2,3,1.0,1.0,93047,COUBRON  (VIEUX CHEMIN DE),M,"48,9051000","2,5767000",93,2019,30.0,1.0,1.0,4.0,2143154,1.0,1,4,1,1.0,,-1.0, -1,2001.0,B01,138Â 305Â 720,2.0,8.0,-1.0,1636539,1.0,3,,0.0,2.0,1.0,A01,138Â 305Â 721,0.0
958908,201900000439,6,10,20:40,1,2,3,1.0,1.0,93047,COUBRON  (VIEUX CHEMIN DE),M,"48,9051000","2,5767000",93,2019,30.0,1.0,1.0,4.0,2143155,1.0,1,1,2,5.0,,-1.0, -1,1996.0,A01,138Â 305Â 721,1.0,8.0,-1.0,1636538,1.0,32,,0.0,2.0,1.0,B01,138Â 305Â 720,0.0
958908,201900000439,6,10,20:40,1,2,3,1.0,1.0,93047,COUBRON  (VIEUX CHEMIN DE),M,"48,9051000","2,5767000",93,2019,30.0,1.0,1.0,4.0,2143155,1.0,1,1,2,5.0,,-1.0, -1,1996.0,A01,138Â 305Â 721,1.0,8.0,-1.0,1636539,1.0,3,,0.0,2.0,1.0,A01,138Â 305Â 721,0.0
958909,201900000440,6,7,15:10,1,2,1,1.0,1.0,93047,VAUQUELIN   (AVENUE),M,"48,9076230","2,5852800",93,2019,50.0,1.0,1.0,4.0,2143156,1.0,1,1,1,0.0,,-1.0, -1,1978.0,A01,138Â 305Â 718,1.0,0.0,-1.0,1636540,3.0,7,,1.0,0.0,2.0,A01,138Â 305Â 718,1.0
958909,201900000440,6,7,15:10,1,2,1,1.0,1.0,93047,VAUQUELIN   (AVENUE),M,"48,9076230","2,5852800",93,2019,50.0,1.0,1.0,4.0,2143156,1.0,1,1,1,0.0,,-1.0, -1,1978.0,A01,138Â 305Â 718,1.0,0.0,-1.0,1636541,1.0,7,,2.0,0.0,2.0,B01,138Â 305Â 719,1.0
958909,201900000440,6,7,15:10,1,2,1,1.0,1.0,93047,VAUQUELIN   (AVENUE),M,"48,9076230","2,5852800",93,2019,50.0,1.0,1.0,4.0,2143157,1.0,1,3,1,5.0,,-1.0, -1,1945.0,B01,138Â 305Â 719,8.0,0.0,-1.0,1636540,3.0,7,,1.0,0.0,2.0,A01,138Â 305Â 718,1.0
958909,201900000440,6,7,15:10,1,2,1,1.0,1.0,93047,VAUQUELIN   (AVENUE),M,"48,9076230","2,5852800",93,2019,50.0,1.0,1.0,4.0,2143157,1.0,1,3,1,5.0,,-1.0, -1,1945.0,B01,138Â 305Â 719,8.0,0.0,-1.0,1636541,1.0,7,,2.0,0.0,2.0,B01,138Â 305Â 719,1.0
958910,201900000441,6,2,23:05,5,2,1,1.0,6.0,93047,CALMETTE (RUE DU DR),M,"48,9020000","2,5789500",93,2019,10.0,1.0,1.0,4.0,2143158,1.0,1,1,1,0.0,,0.0,0,1969.0,A01,138Â 305Â 717,8.0,0.0,-1.0,1636542,3.0,0,,0.0,1.0,6.0,A01,138Â 305Â 717,0.0
958910,201900000441,6,2,23:05,5,2,1,1.0,6.0,93047,CALMETTE (RUE DU DR),M,"48,9020000","2,5789500",93,2019,10.0,1.0,1.0,4.0,2143159,10.0,3,4,2,9.0,,9.0,1,1972.0,A01,138Â 305Â 717,8.0,0.0,-1.0,1636542,3.0,0,,0.0,1.0,6.0,A01,138Â 305Â 717,0.0
958911,201900000442,6,1,19:20,1,2,2,1.0,3.0,93047,GENERAL DE GAULLE (RUE DU),M,"48,8993870","2,5595230",93,2019,50.0,1.0,1.0,4.0,2143160,1.0,1,4,1,1.0,,0.0,0,1997.0,B01,138Â 305Â 715,1.0,0.0,-1.0,1636543,3.0,10,,9.0,2.0,1.0,B01,138Â 305Â 715,0.0
958911,201900000442,6,1,19:20,1,2,2,1.0,3.0,93047,GENERAL DE GAULLE (RUE DU),M,"48,8993870","2,5595230",93,2019,50.0,1.0,1.0,4.0,2143160,1.0,1,4,1,1.0,,0.0,0,1997.0,B01,138Â 305Â 715,1.0,0.0,-1.0,1636544,3.0,10,,0.0,2.0,2.0,A01,138Â 305Â 716,0.0
958911,201900000442,6,1,19:20,1,2,2,1.0,3.0,93047,GENERAL DE GAULLE (RUE DU),M,"48,8993870","2,5595230",93,2019,50.0,1.0,1.0,4.0,2143161,1.0,1,4,2,5.0,,-1.0, -1,1978.0,A01,138Â 305Â 716,1.0,0.0,-1.0,1636543,3.0,10,,9.0,2.0,1.0,B01,138Â 305Â 715,0.0
958911,201900000442,6,1,19:20,1,2,2,1.0,3.0,93047,GENERAL DE GAULLE (RUE DU),M,"48,8993870","2,5595230",93,2019,50.0,1.0,1.0,4.0,2143161,1.0,1,4,2,5.0,,-1.0, -1,1978.0,A01,138Â 305Â 716,1.0,0.0,-1.0,1636544,3.0,10,,0.0,2.0,2.0,A01,138Â 305Â 716,0.0
958911,201900000442,6,1,19:20,1,2,2,1.0,3.0,93047,GENERAL DE GAULLE (RUE DU),M,"48,8993870","2,5595230",93,2019,50.0,1.0,1.0,4.0,2143162,2.0,2,4,2,5.0,,-1.0, -1,1952.0,A01,138Â 305Â 716,1.0,0.0,-1.0,1636543,3.0,10,,9.0,2.0,1.0,B01,138Â 305Â 715,0.0
958911,201900000442,6,1,19:20,1,2,2,1.0,3.0,93047,GENERAL DE GAULLE (RUE DU),M,"48,8993870","2,5595230",93,2019,50.0,1.0,1.0,4.0,2143162,2.0,2,4,2,5.0,,-1.0, -1,1952.0,A01,138Â 305Â 716,1.0,0.0,-1.0,1636544,3.0,10,,0.0,2.0,2.0,A01,138Â 305Â 716,0.0
958911,201900000442,6,1,19:20,1,2,2,1.0,3.0,93047,GENERAL DE GAULLE (RUE DU),M,"48,8993870","2,5595230",93,2019,50.0,1.0,1.0,4.0,2143163,4.0,2,4,2,5.0,,-1.0, -1,2015.0,A01,138Â 305Â 716,1.0,0.0,-1.0,1636543,3.0,10,,9.0,2.0,1.0,B01,138Â 305Â 715,0.0
958911,201900000442,6,1,19:20,1,2,2,1.0,3.0,93047,GENERAL DE GAULLE (RUE DU),M,"48,8993870","2,5595230",93,2019,50.0,1.0,1.0,4.0,2143163,4.0,2,4,2,5.0,,-1.0, -1,2015.0,A01,138Â 305Â 716,1.0,0.0,-1.0,1636544,3.0,10,,0.0,2.0,2.0,A01,138Â 305Â 716,0.0
958912,201900000443,6,18,19:15,1,2,1,1.0,3.0,93057,CASANOVA (AL. DANIELLE) 1 A 98,M,"48,9078200","2,4945900",93,2019,50.0,1.0,1.0,3.0,2143164,1.0,1,1,1,1.0,,-1.0, -1,1968.0,A01,138Â 305Â 713,1.0,0.0,-1.0,1636545,1.0,7,,0.0,2.0,5.0,A01,138Â 305Â 713,1.0
958912,201900000443,6,18,19:15,1,2,1,1.0,3.0,93057,CASANOVA (AL. DANIELLE) 1 A 98,M,"48,9078200","2,4945900",93,2019,50.0,1.0,1.0,3.0,2143164,1.0,1,1,1,1.0,,-1.0, -1,1968.0,A01,138Â 305Â 713,1.0,0.0,-1.0,1636546,1.0,1,,0.0,2.0,8.0,B01,138Â 305Â 714,5.0
958912,201900000443,6,18,19:15,1,2,1,1.0,3.0,93057,CASANOVA (AL. DANIELLE) 1 A 98,M,"48,9078200","2,4945900",93,2019,50.0,1.0,1.0,3.0,2143165,2.0,2,1,1,9.0,,-1.0, -1,1977.0,A01,138Â 305Â 713,1.0,0.0,-1.0,1636545,1.0,7,,0.0,2.0,5.0,A01,138Â 305Â 713,1.0
958912,201900000443,6,18,19:15,1,2,1,1.0,3.0,93057,CASANOVA (AL. DANIELLE) 1 A 98,M,"48,9078200","2,4945900",93,2019,50.0,1.0,1.0,3.0,2143165,2.0,2,1,1,9.0,,-1.0, -1,1977.0,A01,138Â 305Â 713,1.0,0.0,-1.0,1636546,1.0,1,,0.0,2.0,8.0,B01,138Â 305Â 714,5.0
958912,201900000443,6,18,19:15,1,2,1,1.0,3.0,93057,CASANOVA (AL. DANIELLE) 1 A 98,M,"48,9078200","2,4945900",93,2019,50.0,1.0,1.0,3.0,2143166,2.0,1,4,1,9.0,,-1.0, -1,1961.0,B01,138Â 305Â 714,2.0,0.0,-1.0,1636545,1.0,7,,0.0,2.0,5.0,A01,138Â 305Â 713,1.0
958912,201900000443,6,18,19:15,1,2,1,1.0,3.0,93057,CASANOVA (AL. DANIELLE) 1 A 98,M,"48,9078200","2,4945900",93,2019,50.0,1.0,1.0,3.0,2143166,2.0,1,4,1,9.0,,-1.0, -1,1961.0,B01,138Â 305Â 714,2.0,0.0,-1.0,1636546,1.0,1,,0.0,2.0,8.0,B01,138Â 305Â 714,5.0
958913,201900000444,6,18,19:30,1,2,9,1.0,3.0,93057,JAURES (AV. JEAN) 1 A 123,M,"48,9056100","2,5012400",93,2019,50.0,1.0,1.0,3.0,2143167,1.0,1,1,1,9.0,,-1.0, -1,1984.0,A01,138Â 305Â 711,1.0,0.0,-1.0,1636547,3.0,7,,0.0,2.0,7.0,A01,138Â 305Â 711,0.0
958913,201900000444,6,18,19:30,1,2,9,1.0,3.0,93057,JAURES (AV. JEAN) 1 A 123,M,"48,9056100","2,5012400",93,2019,50.0,1.0,1.0,3.0,2143167,1.0,1,1,1,9.0,,-1.0, -1,1984.0,A01,138Â 305Â 711,1.0,0.0,-1.0,1636548,3.0,32,,0.0,2.0,3.0,B01,138Â 305Â 712,0.0
958913,201900000444,6,18,19:30,1,2,9,1.0,3.0,93057,JAURES (AV. JEAN) 1 A 123,M,"48,9056100","2,5012400",93,2019,50.0,1.0,1.0,3.0,2143168,1.0,1,4,1,9.0,,-1.0, -1,1996.0,B01,138Â 305Â 712,2.0,6.0,-1.0,1636547,3.0,7,,0.0,2.0,7.0,A01,138Â 305Â 711,0.0
958913,201900000444,6,18,19:30,1,2,9,1.0,3.0,93057,JAURES (AV. JEAN) 1 A 123,M,"48,9056100","2,5012400",93,2019,50.0,1.0,1.0,3.0,2143168,1.0,1,4,1,9.0,,-1.0, -1,1996.0,B01,138Â 305Â 712,2.0,6.0,-1.0,1636548,3.0,32,,0.0,2.0,3.0,B01,138Â 305Â 712,0.0
958914,201900000445,6,15,15:50,1,2,1,1.0,6.0,93010,RENONCULES (AL. DES),M,"48,9032200","2,4860200",93,2019,30.0,1.0,1.0,4.0,2143169,10.0,3,4,1,5.0,,1.0,3,2010.0,A01,138Â 305Â 710,8.0,0.0,-1.0,1636549,0.0,7,,0.0,1.0,1.0,A01,138Â 305Â 710,1.0
958915,201900000446,6,14,10:15,1,2,1,1.0,1.0,93010,QUATORZE-JUILLET (AV. DU),M,"48,9096982","2,4910051",93,2019,30.0,1.0,1.0,3.0,2143170,1.0,1,1,1,1.0,,0.0,0,1976.0,B01,138Â 305Â 708,1.0,8.0,-1.0,1636550,1.0,10,,0.0,2.0,4.0,B01,138Â 305Â 708,0.0
958915,201900000446,6,14,10:15,1,2,1,1.0,1.0,93010,QUATORZE-JUILLET (AV. DU),M,"48,9096982","2,4910051",93,2019,30.0,1.0,1.0,3.0,2143170,1.0,1,1,1,1.0,,0.0,0,1976.0,B01,138Â 305Â 708,1.0,8.0,-1.0,1636551,1.0,7,,0.0,2.0,1.0,A01,138Â 305Â 709,0.0
958915,201900000446,6,14,10:15,1,2,1,1.0,1.0,93010,QUATORZE-JUILLET (AV. DU),M,"48,9096982","2,4910051",93,2019,30.0,1.0,1.0,3.0,2143171,1.0,1,4,2,9.0,,0.0,0,1972.0,A01,138Â 305Â 709,1.0,8.0,-1.0,1636550,1.0,10,,0.0,2.0,4.0,B01,138Â 305Â 708,0.0
958915,201900000446,6,14,10:15,1,2,1,1.0,1.0,93010,QUATORZE-JUILLET (AV. DU),M,"48,9096982","2,4910051",93,2019,30.0,1.0,1.0,3.0,2143171,1.0,1,4,2,9.0,,0.0,0,1972.0,A01,138Â 305Â 709,1.0,8.0,-1.0,1636551,1.0,7,,0.0,2.0,1.0,A01,138Â 305Â 709,0.0
958916,201900000447,6,12,18:30,1,2,9,2.0,3.0,93057,BARBUSSE ( AL. HENRI),M,"48,9033820","2,5096620",93,2019,30.0,1.0,2.0,7.0,2143172,1.0,1,1,1,0.0,,-1.0, -1,1975.0,A01,138Â 305Â 706,1.0,8.0,-1.0,1636552,0.0,7,,0.0,2.0,2.0,A01,138Â 305Â 706,6.0
958916,201900000447,6,12,18:30,1,2,9,2.0,3.0,93057,BARBUSSE ( AL. HENRI),M,"48,9033820","2,5096620",93,2019,30.0,1.0,2.0,7.0,2143172,1.0,1,1,1,0.0,,-1.0, -1,1975.0,A01,138Â 305Â 706,1.0,8.0,-1.0,1636553,0.0,7,,0.0,2.0,6.0,B01,138Â 305Â 707,0.0
958916,201900000447,6,12,18:30,1,2,9,2.0,3.0,93057,BARBUSSE ( AL. HENRI),M,"48,9033820","2,5096620",93,2019,30.0,1.0,2.0,7.0,2143173,1.0,1,3,2,0.0,,-1.0, -1,1999.0,B01,138Â 305Â 707,1.0,0.0,-1.0,1636552,0.0,7,,0.0,2.0,2.0,A01,138Â 305Â 706,6.0
958916,201900000447,6,12,18:30,1,2,9,2.0,3.0,93057,BARBUSSE ( AL. HENRI),M,"48,9033820","2,5096620",93,2019,30.0,1.0,2.0,7.0,2143173,1.0,1,3,2,0.0,,-1.0, -1,1999.0,B01,138Â 305Â 707,1.0,0.0,-1.0,1636553,0.0,7,,0.0,2.0,6.0,B01,138Â 305Â 707,0.0
958917,201900000448,6,9,06:30,2,2,1,1.0,3.0,93057,BRIAND ( AV. ARISTIDE) 238 A 308,M,"48,9110000","2,5186000",93,2019,50.0,4.0,1.0,3.0,2143174,2.0,2,3,1,0.0,,-1.0, -1,1976.0,B01,138Â 305Â 704,8.0,0.0,-1.0,1636554,1.0,7,,0.0,2.0,6.0,B01,138Â 305Â 704,1.0
958917,201900000448,6,9,06:30,2,2,1,1.0,3.0,93057,BRIAND ( AV. ARISTIDE) 238 A 308,M,"48,9110000","2,5186000",93,2019,50.0,4.0,1.0,3.0,2143174,2.0,2,3,1,0.0,,-1.0, -1,1976.0,B01,138Â 305Â 704,8.0,0.0,-1.0,1636555,1.0,7,,1.0,0.0,2.0,A01,138Â 305Â 705,1.0
958917,201900000448,6,9,06:30,2,2,1,1.0,3.0,93057,BRIAND ( AV. ARISTIDE) 238 A 308,M,"48,9110000","2,5186000",93,2019,50.0,4.0,1.0,3.0,2143175,1.0,1,3,1,5.0,,-1.0, -1,1990.0,B01,138Â 305Â 704,8.0,0.0,-1.0,1636554,1.0,7,,0.0,2.0,6.0,B01,138Â 305Â 704,1.0
958917,201900000448,6,9,06:30,2,2,1,1.0,3.0,93057,BRIAND ( AV. ARISTIDE) 238 A 308,M,"48,9110000","2,5186000",93,2019,50.0,4.0,1.0,3.0,2143175,1.0,1,3,1,5.0,,-1.0, -1,1990.0,B01,138Â 305Â 704,8.0,0.0,-1.0,1636555,1.0,7,,1.0,0.0,2.0,A01,138Â 305Â 705,1.0
958917,201900000448,6,9,06:30,2,2,1,1.0,3.0,93057,BRIAND ( AV. ARISTIDE) 238 A 308,M,"48,9110000","2,5186000",93,2019,50.0,4.0,1.0,3.0,2143176,1.0,1,3,2,5.0,,-1.0, -1,1990.0,A01,138Â 305Â 705,1.0,0.0,-1.0,1636554,1.0,7,,0.0,2.0,6.0,B01,138Â 305Â 704,1.0
958917,201900000448,6,9,06:30,2,2,1,1.0,3.0,93057,BRIAND ( AV. ARISTIDE) 238 A 308,M,"48,9110000","2,5186000",93,2019,50.0,4.0,1.0,3.0,2143176,1.0,1,3,2,5.0,,-1.0, -1,1990.0,A01,138Â 305Â 705,1.0,0.0,-1.0,1636555,1.0,7,,1.0,0.0,2.0,A01,138Â 305Â 705,1.0
958918,201900000449,6,6,21:30,2,2,1,1.0,1.0,93010,GALLIENI (AV.) DE 111 A 175,M,"48,9066700","2,4854200",93,2019,50.0,1.0,1.0,3.0,2143177,1.0,1,4,2,0.0,,-1.0, -1,1994.0,A01,138Â 305Â 702,8.0,5.0,-1.0,1636556,2.0,7,,1.0,0.0,1.0,A01,138Â 305Â 702,0.0
958918,201900000449,6,6,21:30,2,2,1,1.0,1.0,93010,GALLIENI (AV.) DE 111 A 175,M,"48,9066700","2,4854200",93,2019,50.0,1.0,1.0,3.0,2143177,1.0,1,4,2,0.0,,-1.0, -1,1994.0,A01,138Â 305Â 702,8.0,5.0,-1.0,1636557,3.0,7,,0.0,2.0,4.0,B01,138Â 305Â 703,0.0
958919,201900000450,6,6,03:56,5,2,3,1.0,3.0,93010,GALLIENI (AV.) DE 111 A 175,M,"48,9060600","2,4803600",93,2019,50.0,1.0,2.0,3.0,2143178,1.0,1,3,1,9.0,,-1.0, -1,1999.0,B01,138Â 305Â 700,8.0,0.0,-1.0,1636558,2.0,3,,0.0,2.0,8.0,B01,138Â 305Â 700,6.0
958919,201900000450,6,6,03:56,5,2,3,1.0,3.0,93010,GALLIENI (AV.) DE 111 A 175,M,"48,9060600","2,4803600",93,2019,50.0,1.0,2.0,3.0,2143178,1.0,1,3,1,9.0,,-1.0, -1,1999.0,B01,138Â 305Â 700,8.0,0.0,-1.0,1636559,1.0,3,,0.0,2.0,1.0,A01,138Â 305Â 701,6.0
958919,201900000450,6,6,03:56,5,2,3,1.0,3.0,93010,GALLIENI (AV.) DE 111 A 175,M,"48,9060600","2,4803600",93,2019,50.0,1.0,2.0,3.0,2143179,3.0,2,3,1,9.0,,-1.0, -1,2002.0,B01,138Â 305Â 700,8.0,0.0,-1.0,1636558,2.0,3,,0.0,2.0,8.0,B01,138Â 305Â 700,6.0
958919,201900000450,6,6,03:56,5,2,3,1.0,3.0,93010,GALLIENI (AV.) DE 111 A 175,M,"48,9060600","2,4803600",93,2019,50.0,1.0,2.0,3.0,2143179,3.0,2,3,1,9.0,,-1.0, -1,2002.0,B01,138Â 305Â 700,8.0,0.0,-1.0,1636559,1.0,3,,0.0,2.0,1.0,A01,138Â 305Â 701,6.0
958919,201900000450,6,6,03:56,5,2,3,1.0,3.0,93010,GALLIENI (AV.) DE 111 A 175,M,"48,9060600","2,4803600",93,2019,50.0,1.0,2.0,3.0,2143180,4.0,2,3,1,9.0,,-1.0, -1,1999.0,B01,138Â 305Â 700,8.0,0.0,-1.0,1636558,2.0,3,,0.0,2.0,8.0,B01,138Â 305Â 700,6.0
958919,201900000450,6,6,03:56,5,2,3,1.0,3.0,93010,GALLIENI (AV.) DE 111 A 175,M,"48,9060600","2,4803600",93,2019,50.0,1.0,2.0,3.0,2143180,4.0,2,3,1,9.0,,-1.0, -1,1999.0,B01,138Â 305Â 700,8.0,0.0,-1.0,1636559,1.0,3,,0.0,2.0,1.0,A01,138Â 305Â 701,6.0
958919,201900000450,6,6,03:56,5,2,3,1.0,3.0,93010,GALLIENI (AV.) DE 111 A 175,M,"48,9060600","2,4803600",93,2019,50.0,1.0,2.0,3.0,2143181,2.0,2,3,1,9.0,,-1.0, -1,1999.0,B01,138Â 305Â 700,8.0,0.0,-1.0,1636558,2.0,3,,0.0,2.0,8.0,B01,138Â 305Â 700,6.0
958919,201900000450,6,6,03:56,5,2,3,1.0,3.0,93010,GALLIENI (AV.) DE 111 A 175,M,"48,9060600","2,4803600",93,2019,50.0,1.0,2.0,3.0,2143181,2.0,2,3,1,9.0,,-1.0, -1,1999.0,B01,138Â 305Â 700,8.0,0.0,-1.0,1636559,1.0,3,,0.0,2.0,1.0,A01,138Â 305Â 701,6.0
958919,201900000450,6,6,03:56,5,2,3,1.0,3.0,93010,GALLIENI (AV.) DE 111 A 175,M,"48,9060600","2,4803600",93,2019,50.0,1.0,2.0,3.0,2143182,5.0,2,3,2,9.0,,-1.0, -1,2001.0,B01,138Â 305Â 700,8.0,0.0,-1.0,1636558,2.0,3,,0.0,2.0,8.0,B01,138Â 305Â 700,6.0
958919,201900000450,6,6,03:56,5,2,3,1.0,3.0,93010,GALLIENI (AV.) DE 111 A 175,M,"48,9060600","2,4803600",93,2019,50.0,1.0,2.0,3.0,2143182,5.0,2,3,2,9.0,,-1.0, -1,2001.0,B01,138Â 305Â 700,8.0,0.0,-1.0,1636559,1.0,3,,0.0,2.0,1.0,A01,138Â 305Â 701,6.0
958919,201900000450,6,6,03:56,5,2,3,1.0,3.0,93010,GALLIENI (AV.) DE 111 A 175,M,"48,9060600","2,4803600",93,2019,50.0,1.0,2.0,3.0,2143183,3.0,2,1,1,9.0,,-1.0, -1,2000.0,A01,138Â 305Â 701,1.0,8.0,-1.0,1636558,2.0,3,,0.0,2.0,8.0,B01,138Â 305Â 700,6.0
958919,201900000450,6,6,03:56,5,2,3,1.0,3.0,93010,GALLIENI (AV.) DE 111 A 175,M,"48,9060600","2,4803600",93,2019,50.0,1.0,2.0,3.0,2143183,3.0,2,1,1,9.0,,-1.0, -1,2000.0,A01,138Â 305Â 701,1.0,8.0,-1.0,1636559,1.0,3,,0.0,2.0,1.0,A01,138Â 305Â 701,6.0
958919,201900000450,6,6,03:56,5,2,3,1.0,3.0,93010,GALLIENI (AV.) DE 111 A 175,M,"48,9060600","2,4803600",93,2019,50.0,1.0,2.0,3.0,2143184,1.0,1,1,1,9.0,,-1.0, -1,2000.0,A01,138Â 305Â 701,1.0,8.0,-1.0,1636558,2.0,3,,0.0,2.0,8.0,B01,138Â 305Â 700,6.0
958919,201900000450,6,6,03:56,5,2,3,1.0,3.0,93010,GALLIENI (AV.) DE 111 A 175,M,"48,9060600","2,4803600",93,2019,50.0,1.0,2.0,3.0,2143184,1.0,1,1,1,9.0,,-1.0, -1,2000.0,A01,138Â 305Â 701,1.0,8.0,-1.0,1636559,1.0,3,,0.0,2.0,1.0,A01,138Â 305Â 701,6.0
958919,201900000450,6,6,03:56,5,2,3,1.0,3.0,93010,GALLIENI (AV.) DE 111 A 175,M,"48,9060600","2,4803600",93,2019,50.0,1.0,2.0,3.0,2143185,2.0,2,1,1,9.0,,-1.0, -1,2000.0,A01,138Â 305Â 701,1.0,8.0,-1.0,1636558,2.0,3,,0.0,2.0,8.0,B01,138Â 305Â 700,6.0
958919,201900000450,6,6,03:56,5,2,3,1.0,3.0,93010,GALLIENI (AV.) DE 111 A 175,M,"48,9060600","2,4803600",93,2019,50.0,1.0,2.0,3.0,2143185,2.0,2,1,1,9.0,,-1.0, -1,2000.0,A01,138Â 305Â 701,1.0,8.0,-1.0,1636559,1.0,3,,0.0,2.0,1.0,A01,138Â 305Â 701,6.0
958920,201900000451,6,3,10:40,1,2,1,2.0,3.0,93010,GALLIENI (AV.) DE 177 A 211,M,"48,9075000","2,4907900",93,2019,50.0,1.0,2.0,3.0,2143186,1.0,1,4,1,4.0,,-1.0, -1,1996.0,A01,138Â 305Â 698,1.0,0.0,-1.0,1636560,2.0,7,,0.0,2.0,6.0,A01,138Â 305Â 698,1.0
958920,201900000451,6,3,10:40,1,2,1,2.0,3.0,93010,GALLIENI (AV.) DE 177 A 211,M,"48,9075000","2,4907900",93,2019,50.0,1.0,2.0,3.0,2143186,1.0,1,4,1,4.0,,-1.0, -1,1996.0,A01,138Â 305Â 698,1.0,0.0,-1.0,1636561,2.0,7,,0.0,2.0,2.0,B01,138Â 305Â 699,1.0
958920,201900000451,6,3,10:40,1,2,1,2.0,3.0,93010,GALLIENI (AV.) DE 177 A 211,M,"48,9075000","2,4907900",93,2019,50.0,1.0,2.0,3.0,2143187,2.0,2,4,1,4.0,,-1.0, -1,1993.0,A01,138Â 305Â 698,1.0,0.0,-1.0,1636560,2.0,7,,0.0,2.0,6.0,A01,138Â 305Â 698,1.0
958920,201900000451,6,3,10:40,1,2,1,2.0,3.0,93010,GALLIENI (AV.) DE 177 A 211,M,"48,9075000","2,4907900",93,2019,50.0,1.0,2.0,3.0,2143187,2.0,2,4,1,4.0,,-1.0, -1,1993.0,A01,138Â 305Â 698,1.0,0.0,-1.0,1636561,2.0,7,,0.0,2.0,2.0,B01,138Â 305Â 699,1.0
958920,201900000451,6,3,10:40,1,2,1,2.0,3.0,93010,GALLIENI (AV.) DE 177 A 211,M,"48,9075000","2,4907900",93,2019,50.0,1.0,2.0,3.0,2143188,1.0,1,1,1,9.0,,-1.0, -1,1966.0,B01,138Â 305Â 699,1.0,0.0,-1.0,1636560,2.0,7,,0.0,2.0,6.0,A01,138Â 305Â 698,1.0
958920,201900000451,6,3,10:40,1,2,1,2.0,3.0,93010,GALLIENI (AV.) DE 177 A 211,M,"48,9075000","2,4907900",93,2019,50.0,1.0,2.0,3.0,2143188,1.0,1,1,1,9.0,,-1.0, -1,1966.0,B01,138Â 305Â 699,1.0,0.0,-1.0,1636561,2.0,7,,0.0,2.0,2.0,B01,138Â 305Â 699,1.0
958921,201900000452,6,2,19:20,1,2,1,1.0,1.0,93010,BUISSON (AV. SUZANNE),M,"48,9138210","2,4810090",93,2019,30.0,1.0,1.0,4.0,2143189,2.0,2,4,1,5.0,,-1.0, -1,2002.0,B01,138Â 305Â 696,8.0,0.0,-1.0,1636562,0.0,31,,0.0,0.0,0.0,B01,138Â 305Â 696,0.0
958921,201900000452,6,2,19:20,1,2,1,1.0,1.0,93010,BUISSON (AV. SUZANNE),M,"48,9138210","2,4810090",93,2019,30.0,1.0,1.0,4.0,2143189,2.0,2,4,1,5.0,,-1.0, -1,2002.0,B01,138Â 305Â 696,8.0,0.0,-1.0,1636563,1.0,7,,1.0,0.0,2.0,A01,138Â 305Â 697,1.0
958921,201900000452,6,2,19:20,1,2,1,1.0,1.0,93010,BUISSON (AV. SUZANNE),M,"48,9138210","2,4810090",93,2019,30.0,1.0,1.0,4.0,2143190,1.0,1,1,2,5.0,,-1.0, -1,2000.0,A01,138Â 305Â 697,1.0,0.0,-1.0,1636562,0.0,31,,0.0,0.0,0.0,B01,138Â 305Â 696,0.0
958921,201900000452,6,2,19:20,1,2,1,1.0,1.0,93010,BUISSON (AV. SUZANNE),M,"48,9138210","2,4810090",93,2019,30.0,1.0,1.0,4.0,2143190,1.0,1,1,2,5.0,,-1.0, -1,2000.0,A01,138Â 305Â 697,1.0,0.0,-1.0,1636563,1.0,7,,1.0,0.0,2.0,A01,138Â 305Â 697,1.0