Unnamed: 0_x,num_acc,mois,jour,hrmn,lum,agg,int,atm,col,com,adr,gps,lat,long,dep,annee,vma,situ,surf,catr,Unnamed: 0_y,place,catu,grav,sexe,trajet,secu,locp,actp,an_nais,num_veh_x,id_vehicule_x,secu1,secu2,secu3,Unnamed: 0,senc,catv,occutc,obs,obsm,choc,num_veh_y,id_vehicule_y,motor
958922,201900000453,6,16,06:15,1,2,1,1.0,6.0,93008,VAILLANT COUTURIER (AVENUE PAUL),M,"48,9096800","2,4477900",93,2019,50.0,4.0,1.0,3.0,2143191,3.0,2,4,1,5.0,,-1.0, -1,2011.0,A01,138Â 305Â 695,8.0,0.0,-1.0,1636564,2.0,7,,15.0,2.0,1.0,A01,138Â 305Â 695,1.0
958922,201900000453,6,16,06:15,1,2,1,1.0,6.0,93008,VAILLANT COUTURIER (AVENUE PAUL),M,"48,9096800","2,4477900",93,2019,50.0,4.0,1.0,3.0,2143192,2.0,2,4,1,5.0,,-1.0, -1,1989.0,A01,138Â 305Â 695,8.0,5.0,-1.0,1636564,2.0,7,,15.0,2.0,1.0,A01,138Â 305Â 695,1.0
958922,201900000453,6,16,06:15,1,2,1,1.0,6.0,93008,VAILLANT COUTURIER (AVENUE PAUL),M,"48,9096800","2,4477900",93,2019,50.0,4.0,1.0,3.0,2143193,1.0,1,1,1,5.0,,-1.0, -1,1977.0,A01,138Â 305Â 695,8.0,5.0,-1.0,1636564,2.0,7,,15.0,2.0,1.0,A01,138Â 305Â 695,1.0
958922,201900000453,6,16,06:15,1,2,1,1.0,6.0,93008,VAILLANT COUTURIER (AVENUE PAUL),M,"48,9096800","2,4477900",93,2019,50.0,4.0,1.0,3.0,2143194,5.0,2,3,1,5.0,,-1.0, -1,2000.0,A01,138Â 305Â 695,8.0,0.0,-1.0,1636564,2.0,7,,15.0,2.0,1.0,A01,138Â 305Â 695,1.0
958923,201900000454,6,15,19:50,1,2,6,1.0,2.0,93008,PARIS (RUE DE),M,"48,8955500","2,4257500",93,2019,50.0,1.0,1.0,3.0,2143195,1.0,1,1,2,0.0,,-1.0, -1,1996.0,A01,138Â 305Â 693,1.0,0.0,-1.0,1636565,2.0,7,,0.0,2.0,6.0,A01,138Â 305Â 693,0.0
958923,201900000454,6,15,19:50,1,2,6,1.0,2.0,93008,PARIS (RUE DE),M,"48,8955500","2,4257500",93,2019,50.0,1.0,1.0,3.0,2143195,1.0,1,1,2,0.0,,-1.0, -1,1996.0,A01,138Â 305Â 693,1.0,0.0,-1.0,1636566,2.0,32,,0.0,2.0,1.0,B01,138Â 305Â 694,1.0
958923,201900000454,6,15,19:50,1,2,6,1.0,2.0,93008,PARIS (RUE DE),M,"48,8955500","2,4257500",93,2019,50.0,1.0,1.0,3.0,2143196,1.0,1,4,1,0.0,,-1.0, -1,1976.0,B01,138Â 305Â 694,2.0,0.0,-1.0,1636565,2.0,7,,0.0,2.0,6.0,A01,138Â 305Â 693,0.0
958923,201900000454,6,15,19:50,1,2,6,1.0,2.0,93008,PARIS (RUE DE),M,"48,8955500","2,4257500",93,2019,50.0,1.0,1.0,3.0,2143196,1.0,1,4,1,0.0,,-1.0, -1,1976.0,B01,138Â 305Â 694,2.0,0.0,-1.0,1636566,2.0,32,,0.0,2.0,1.0,B01,138Â 305Â 694,1.0
958924,201900000455,6,15,22:07,5,2,9,1.0,1.0,93007,8 MAI 45 (AVENUE DU 1 AU 182),M,"48,9505600","2,4402000",93,2019,50.0,1.0,1.0,3.0,2143197,4.0,2,4,1,5.0,,-1.0,0,2010.0,B01,138Â 305Â 691,1.0,0.0,-1.0,1636567,0.0,7,,0.0,2.0,1.0,B01,138Â 305Â 691,0.0
958924,201900000455,6,15,22:07,5,2,9,1.0,1.0,93007,8 MAI 45 (AVENUE DU 1 AU 182),M,"48,9505600","2,4402000",93,2019,50.0,1.0,1.0,3.0,2143197,4.0,2,4,1,5.0,,-1.0,0,2010.0,B01,138Â 305Â 691,1.0,0.0,-1.0,1636568,0.0,7,,0.0,2.0,8.0,A01,138Â 305Â 692,0.0
958924,201900000455,6,15,22:07,5,2,9,1.0,1.0,93007,8 MAI 45 (AVENUE DU 1 AU 182),M,"48,9505600","2,4402000",93,2019,50.0,1.0,1.0,3.0,2143198,1.0,1,1,1,5.0,,-1.0,0,1958.0,B01,138Â 305Â 691,1.0,0.0,-1.0,1636567,0.0,7,,0.0,2.0,1.0,B01,138Â 305Â 691,0.0
958924,201900000455,6,15,22:07,5,2,9,1.0,1.0,93007,8 MAI 45 (AVENUE DU 1 AU 182),M,"48,9505600","2,4402000",93,2019,50.0,1.0,1.0,3.0,2143198,1.0,1,1,1,5.0,,-1.0,0,1958.0,B01,138Â 305Â 691,1.0,0.0,-1.0,1636568,0.0,7,,0.0,2.0,8.0,A01,138Â 305Â 692,0.0
958924,201900000455,6,15,22:07,5,2,9,1.0,1.0,93007,8 MAI 45 (AVENUE DU 1 AU 182),M,"48,9505600","2,4402000",93,2019,50.0,1.0,1.0,3.0,2143199,1.0,1,1,1,0.0,,-1.0, -1,1997.0,A01,138Â 305Â 692,1.0,0.0,-1.0,1636567,0.0,7,,0.0,2.0,1.0,B01,138Â 305Â 691,0.0
958924,201900000455,6,15,22:07,5,2,9,1.0,1.0,93007,8 MAI 45 (AVENUE DU 1 AU 182),M,"48,9505600","2,4402000",93,2019,50.0,1.0,1.0,3.0,2143199,1.0,1,1,1,0.0,,-1.0, -1,1997.0,A01,138Â 305Â 692,1.0,0.0,-1.0,1636568,0.0,7,,0.0,2.0,8.0,A01,138Â 305Â 692,0.0
958925,201900000456,6,15,11:50,1,2,3,1.0,3.0,93007,DIDEROT,M,"48,9450600","2,4353300",93,2019,10.0,1.0,1.0,3.0,2143200,1.0,1,1,1,5.0,,-1.0, -1,1992.0,A01,138Â 305Â 689,1.0,0.0,-1.0,1636569,2.0,7,,0.0,2.0,1.0,A01,138Â 305Â 689,0.0
958925,201900000456,6,15,11:50,1,2,3,1.0,3.0,93007,DIDEROT,M,"48,9450600","2,4353300",93,2019,10.0,1.0,1.0,3.0,2143200,1.0,1,1,1,5.0,,-1.0, -1,1992.0,A01,138Â 305Â 689,1.0,0.0,-1.0,1636570,1.0,2,,0.0,2.0,2.0,B01,138Â 305Â 690,0.0
958925,201900000456,6,15,11:50,1,2,3,1.0,3.0,93007,DIDEROT,M,"48,9450600","2,4353300",93,2019,10.0,1.0,1.0,3.0,2143201,1.0,1,4,1,1.0,,-1.0, -1,1984.0,B01,138Â 305Â 690,2.0,8.0,-1.0,1636569,2.0,7,,0.0,2.0,1.0,A01,138Â 305Â 689,0.0
958925,201900000456,6,15,11:50,1,2,3,1.0,3.0,93007,DIDEROT,M,"48,9450600","2,4353300",93,2019,10.0,1.0,1.0,3.0,2143201,1.0,1,4,1,1.0,,-1.0, -1,1984.0,B01,138Â 305Â 690,2.0,8.0,-1.0,1636570,1.0,2,,0.0,2.0,2.0,B01,138Â 305Â 690,0.0
958926,201900000457,6,14,15:20,1,2,3,1.0,3.0,93007,PLISSON (AVENUE),M,"48,9429200","2,4403600",93,2019,50.0,1.0,1.0,3.0,2143202,1.0,1,1,1,4.0,,-1.0, -1,1986.0,A01,138Â 305Â 687,1.0,0.0,-1.0,1636571,3.0,37,1.0,0.0,2.0,2.0,A01,138Â 305Â 687,0.0
958926,201900000457,6,14,15:20,1,2,3,1.0,3.0,93007,PLISSON (AVENUE),M,"48,9429200","2,4403600",93,2019,50.0,1.0,1.0,3.0,2143202,1.0,1,1,1,4.0,,-1.0, -1,1986.0,A01,138Â 305Â 687,1.0,0.0,-1.0,1636572,3.0,7,,0.0,2.0,1.0,B01,138Â 305Â 688,1.0
958926,201900000457,6,14,15:20,1,2,3,1.0,3.0,93007,PLISSON (AVENUE),M,"48,9429200","2,4403600",93,2019,50.0,1.0,1.0,3.0,2143203,1.0,1,4,2,4.0,,-1.0, -1,1982.0,B01,138Â 305Â 688,1.0,0.0,-1.0,1636571,3.0,37,1.0,0.0,2.0,2.0,A01,138Â 305Â 687,0.0
958926,201900000457,6,14,15:20,1,2,3,1.0,3.0,93007,PLISSON (AVENUE),M,"48,9429200","2,4403600",93,2019,50.0,1.0,1.0,3.0,2143203,1.0,1,4,2,4.0,,-1.0, -1,1982.0,B01,138Â 305Â 688,1.0,0.0,-1.0,1636572,3.0,7,,0.0,2.0,1.0,B01,138Â 305Â 688,1.0
958927,201900000458,6,11,16:05,1,2,1,2.0,2.0,93007,DE LA REPUBLIQUE (AVENUE),M,"48,9350000","2,4750000",93,2019,50.0,1.0,2.0,9.0,2143204,1.0,1,4,2,0.0,,-1.0, -1,1958.0,B01,138Â 305Â 685,8.0,0.0,-1.0,1636573,1.0,7,,0.0,2.0,4.0,B01,138Â 305Â 685,0.0
958927,201900000458,6,11,16:05,1,2,1,2.0,2.0,93007,DE LA REPUBLIQUE (AVENUE),M,"48,9350000","2,4750000",93,2019,50.0,1.0,2.0,9.0,2143204,1.0,1,4,2,0.0,,-1.0, -1,1958.0,B01,138Â 305Â 685,8.0,0.0,-1.0,1636574,1.0,10,,0.0,2.0,1.0,A01,138Â 305Â 686,0.0
958927,201900000458,6,11,16:05,1,2,1,2.0,2.0,93007,DE LA REPUBLIQUE (AVENUE),M,"48,9350000","2,4750000",93,2019,50.0,1.0,2.0,9.0,2143205,1.0,1,1,1,4.0,,-1.0, -1,1994.0,A01,138Â 305Â 686,8.0,0.0,-1.0,1636573,1.0,7,,0.0,2.0,4.0,B01,138Â 305Â 685,0.0
958927,201900000458,6,11,16:05,1,2,1,2.0,2.0,93007,DE LA REPUBLIQUE (AVENUE),M,"48,9350000","2,4750000",93,2019,50.0,1.0,2.0,9.0,2143205,1.0,1,1,1,4.0,,-1.0, -1,1994.0,A01,138Â 305Â 686,8.0,0.0,-1.0,1636574,1.0,10,,0.0,2.0,1.0,A01,138Â 305Â 686,0.0
958928,201900000459,6,5,22:40,5,2,1,3.0,1.0,93007,"""REPUBLIQUE (AVENUE DE LA """"COTE PAIRS""""",M,"48,9352100","2,4697900",93,2019,50.0,1.0,2.0,9.0,2143206,1.0,1,4,2,0.0,,-1.0, -1,1992.0,B01,138Â 305Â 683,1.0,0.0,-1.0,1636575,3.0,7,,0.0,2.0,3.0,B01,138Â 305Â 683,1.0
958928,201900000459,6,5,22:40,5,2,1,3.0,1.0,93007,"""REPUBLIQUE (AVENUE DE LA """"COTE PAIRS""""",M,"48,9352100","2,4697900",93,2019,50.0,1.0,2.0,9.0,2143206,1.0,1,4,2,0.0,,-1.0, -1,1992.0,B01,138Â 305Â 683,1.0,0.0,-1.0,1636576,3.0,7,,0.0,0.0,3.0,A01,138Â 305Â 684,1.0
958928,201900000459,6,5,22:40,5,2,1,3.0,1.0,93007,"""REPUBLIQUE (AVENUE DE LA """"COTE PAIRS""""",M,"48,9352100","2,4697900",93,2019,50.0,1.0,2.0,9.0,2143207,1.0,1,1,1,0.0,,-1.0, -1,1981.0,A01,138Â 305Â 684,8.0,0.0,-1.0,1636575,3.0,7,,0.0,2.0,3.0,B01,138Â 305Â 683,1.0
958928,201900000459,6,5,22:40,5,2,1,3.0,1.0,93007,"""REPUBLIQUE (AVENUE DE LA """"COTE PAIRS""""",M,"48,9352100","2,4697900",93,2019,50.0,1.0,2.0,9.0,2143207,1.0,1,1,1,0.0,,-1.0, -1,1981.0,A01,138Â 305Â 684,8.0,0.0,-1.0,1636576,3.0,7,,0.0,0.0,3.0,A01,138Â 305Â 684,1.0
958929,201900000460,6,1,11:00,1,2,6,7.0,6.0,93007,"""DESCARTES (AVENUE """"DU 43AU 180"""")Z2""",M,"48,9500500","2,4661500",93,2019,50.0,1.0,1.0,3.0,2143208,10.0,3,4,2,0.0,,4.0,3,1955.0,A01,138Â 305Â 682,8.0,0.0,-1.0,1636577,2.0,7,,0.0,1.0,3.0,A01,138Â 305Â 682,1.0
958929,201900000460,6,1,11:00,1,2,6,7.0,6.0,93007,"""DESCARTES (AVENUE """"DU 43AU 180"""")Z2""",M,"48,9500500","2,4661500",93,2019,50.0,1.0,1.0,3.0,2143209,1.0,1,1,2,1.0,,-1.0, -1,1965.0,A01,138Â 305Â 682,1.0,0.0,-1.0,1636577,2.0,7,,0.0,1.0,3.0,A01,138Â 305Â 682,1.0
958930,201900000461,6,19,15:00,1,2,1,1.0,2.0,93005,EUROPE (CARREFOUR DE L'),M,"48,9512000","2,4854200",93,2019,50.0,1.0,1.0,3.0,2143210,1.0,1,1,1,0.0,,-1.0, -1,1991.0,A01,138Â 305Â 680,1.0,8.0,-1.0,1636578,3.0,10,,0.0,2.0,1.0,A01,138Â 305Â 680,1.0
958930,201900000461,6,19,15:00,1,2,1,1.0,2.0,93005,EUROPE (CARREFOUR DE L'),M,"48,9512000","2,4854200",93,2019,50.0,1.0,1.0,3.0,2143210,1.0,1,1,1,0.0,,-1.0, -1,1991.0,A01,138Â 305Â 680,1.0,8.0,-1.0,1636579,1.0,10,,0.0,2.0,4.0,B01,138Â 305Â 681,1.0
958930,201900000461,6,19,15:00,1,2,1,1.0,2.0,93005,EUROPE (CARREFOUR DE L'),M,"48,9512000","2,4854200",93,2019,50.0,1.0,1.0,3.0,2143211,2.0,2,1,1,0.0,,-1.0, -1,1988.0,A01,138Â 305Â 680,1.0,8.0,-1.0,1636578,3.0,10,,0.0,2.0,1.0,A01,138Â 305Â 680,1.0
958930,201900000461,6,19,15:00,1,2,1,1.0,2.0,93005,EUROPE (CARREFOUR DE L'),M,"48,9512000","2,4854200",93,2019,50.0,1.0,1.0,3.0,2143211,2.0,2,1,1,0.0,,-1.0, -1,1988.0,A01,138Â 305Â 680,1.0,8.0,-1.0,1636579,1.0,10,,0.0,2.0,4.0,B01,138Â 305Â 681,1.0
958930,201900000461,6,19,15:00,1,2,1,1.0,2.0,93005,EUROPE (CARREFOUR DE L'),M,"48,9512000","2,4854200",93,2019,50.0,1.0,1.0,3.0,2143212,1.0,1,4,2,0.0,,-1.0, -1,1991.0,B01,138Â 305Â 681,1.0,8.0,-1.0,1636578,3.0,10,,0.0,2.0,1.0,A01,138Â 305Â 680,1.0
958930,201900000461,6,19,15:00,1,2,1,1.0,2.0,93005,EUROPE (CARREFOUR DE L'),M,"48,9512000","2,4854200",93,2019,50.0,1.0,1.0,3.0,2143212,1.0,1,4,2,0.0,,-1.0, -1,1991.0,B01,138Â 305Â 681,1.0,8.0,-1.0,1636579,1.0,10,,0.0,2.0,4.0,B01,138Â 305Â 681,1.0
958931,201900000462,6,18,08:20,1,2,3,7.0,6.0,93005,QUATORZE JUILLET (AVENUE DU),M,"48,9293160","2,4968460",93,2019,50.0,2.0,1.0,4.0,2143213,10.0,3,4,1,2.0,,3.0,3,2012.0,A01,138Â 305Â 679,8.0,0.0,-1.0,1636580,3.0,7,,0.0,1.0,3.0,A01,138Â 305Â 679,2.0
958931,201900000462,6,18,08:20,1,2,3,7.0,6.0,93005,QUATORZE JUILLET (AVENUE DU),M,"48,9293160","2,4968460",93,2019,50.0,2.0,1.0,4.0,2143214,1.0,1,1,2,0.0,,-1.0, -1,1970.0,A01,138Â 305Â 679,8.0,0.0,-1.0,1636580,3.0,7,,0.0,1.0,3.0,A01,138Â 305Â 679,2.0
958931,201900000462,6,18,08:20,1,2,3,7.0,6.0,93005,QUATORZE JUILLET (AVENUE DU),M,"48,9293160","2,4968460",93,2019,50.0,2.0,1.0,4.0,2143215,10.0,3,4,2,2.0,,3.0,3,1981.0,A01,138Â 305Â 679,8.0,0.0,-1.0,1636580,3.0,7,,0.0,1.0,3.0,A01,138Â 305Â 679,2.0
958932,201900000463,6,17,17:30,1,2,1,1.0,4.0,93005,RAOUL DUFY (AVENUE),M,"48,9606800","2,5012700",93,2019,50.0,1.0,1.0,3.0,2143216,1.0,1,1,1,9.0,,-1.0, -1,1979.0,A01,138Â 305Â 676,1.0,0.0,-1.0,1636581,0.0,7,,0.0,2.0,4.0,A01,138Â 305Â 676,1.0
958932,201900000463,6,17,17:30,1,2,1,1.0,4.0,93005,RAOUL DUFY (AVENUE),M,"48,9606800","2,5012700",93,2019,50.0,1.0,1.0,3.0,2143216,1.0,1,1,1,9.0,,-1.0, -1,1979.0,A01,138Â 305Â 676,1.0,0.0,-1.0,1636582,0.0,7,,0.0,2.0,4.0,B01,138Â 305Â 677,1.0
958932,201900000463,6,17,17:30,1,2,1,1.0,4.0,93005,RAOUL DUFY (AVENUE),M,"48,9606800","2,5012700",93,2019,50.0,1.0,1.0,3.0,2143216,1.0,1,1,1,9.0,,-1.0, -1,1979.0,A01,138Â 305Â 676,1.0,0.0,-1.0,1636583,0.0,7,,0.0,2.0,1.0,C01,138Â 305Â 678,2.0
958932,201900000463,6,17,17:30,1,2,1,1.0,4.0,93005,RAOUL DUFY (AVENUE),M,"48,9606800","2,5012700",93,2019,50.0,1.0,1.0,3.0,2143217,1.0,1,4,2,0.0,,-1.0, -1,1974.0,B01,138Â 305Â 677,1.0,0.0,-1.0,1636581,0.0,7,,0.0,2.0,4.0,A01,138Â 305Â 676,1.0
958932,201900000463,6,17,17:30,1,2,1,1.0,4.0,93005,RAOUL DUFY (AVENUE),M,"48,9606800","2,5012700",93,2019,50.0,1.0,1.0,3.0,2143217,1.0,1,4,2,0.0,,-1.0, -1,1974.0,B01,138Â 305Â 677,1.0,0.0,-1.0,1636582,0.0,7,,0.0,2.0,4.0,B01,138Â 305Â 677,1.0
958932,201900000463,6,17,17:30,1,2,1,1.0,4.0,93005,RAOUL DUFY (AVENUE),M,"48,9606800","2,5012700",93,2019,50.0,1.0,1.0,3.0,2143217,1.0,1,4,2,0.0,,-1.0, -1,1974.0,B01,138Â 305Â 677,1.0,0.0,-1.0,1636583,0.0,7,,0.0,2.0,1.0,C01,138Â 305Â 678,2.0
958932,201900000463,6,17,17:30,1,2,1,1.0,4.0,93005,RAOUL DUFY (AVENUE),M,"48,9606800","2,5012700",93,2019,50.0,1.0,1.0,3.0,2143218,1.0,1,1,1,0.0,,-1.0, -1,1966.0,C01,138Â 305Â 678,1.0,0.0,-1.0,1636581,0.0,7,,0.0,2.0,4.0,A01,138Â 305Â 676,1.0
958932,201900000463,6,17,17:30,1,2,1,1.0,4.0,93005,RAOUL DUFY (AVENUE),M,"48,9606800","2,5012700",93,2019,50.0,1.0,1.0,3.0,2143218,1.0,1,1,1,0.0,,-1.0, -1,1966.0,C01,138Â 305Â 678,1.0,0.0,-1.0,1636582,0.0,7,,0.0,2.0,4.0,B01,138Â 305Â 677,1.0
958932,201900000463,6,17,17:30,1,2,1,1.0,4.0,93005,RAOUL DUFY (AVENUE),M,"48,9606800","2,5012700",93,2019,50.0,1.0,1.0,3.0,2143218,1.0,1,1,1,0.0,,-1.0, -1,1966.0,C01,138Â 305Â 678,1.0,0.0,-1.0,1636583,0.0,7,,0.0,2.0,1.0,C01,138Â 305Â 678,2.0
958933,201900000464,6,17,13:20,1,2,1,7.0,6.0,93005,PREFET CHALEIL (CD44) (RUE DU),M,"48,9389975","2,5074082",93,2019,50.0,1.0,1.0,3.0,2143219,1.0,1,4,1,0.0,,0.0,0,1992.0,B01,138Â 305Â 674,1.0,0.0,-1.0,1636584,3.0,7,,0.0,0.0,3.0,B01,138Â 305Â 674,0.0
958933,201900000464,6,17,13:20,1,2,1,7.0,6.0,93005,PREFET CHALEIL (CD44) (RUE DU),M,"48,9389975","2,5074082",93,2019,50.0,1.0,1.0,3.0,2143219,1.0,1,4,1,0.0,,0.0,0,1992.0,B01,138Â 305Â 674,1.0,0.0,-1.0,1636585,3.0,37,1.0,0.0,1.0,5.0,A01,138Â 305Â 675,0.0
958933,201900000464,6,17,13:20,1,2,1,7.0,6.0,93005,PREFET CHALEIL (CD44) (RUE DU),M,"48,9389975","2,5074082",93,2019,50.0,1.0,1.0,3.0,2143220,1.0,1,1,2,4.0,,-1.0, -1,1990.0,A01,138Â 305Â 675,1.0,4.0,-1.0,1636584,3.0,7,,0.0,0.0,3.0,B01,138Â 305Â 674,0.0
958933,201900000464,6,17,13:20,1,2,1,7.0,6.0,93005,PREFET CHALEIL (CD44) (RUE DU),M,"48,9389975","2,5074082",93,2019,50.0,1.0,1.0,3.0,2143220,1.0,1,1,2,4.0,,-1.0, -1,1990.0,A01,138Â 305Â 675,1.0,4.0,-1.0,1636585,3.0,37,1.0,0.0,1.0,5.0,A01,138Â 305Â 675,0.0
958934,201900000465,10,24,17:30,2,2,6,1.0,6.0,13117,RHIN DANUBE ( AVENUE ),M,"43,4221450","5,2698040",13,2019,50.0,1.0,1.0,4.0,2143221,10.0,3,3,1,0.0,,2.0,3,1989.0,A01,138Â 305Â 673,0.0,0.0,-1.0,1636586,3.0,7,,0.0,1.0,2.0,A01,138Â 305Â 673,0.0
958934,201900000465,10,24,17:30,2,2,6,1.0,6.0,13117,RHIN DANUBE ( AVENUE ),M,"43,4221450","5,2698040",13,2019,50.0,1.0,1.0,4.0,2143222,1.0,1,1,2,9.0,,-1.0, -1,1979.0,A01,138Â 305Â 673,1.0,8.0,-1.0,1636586,3.0,7,,0.0,1.0,2.0,A01,138Â 305Â 673,0.0
958935,201900000466,10,24,18:30,2,2,1,1.0,6.0,13208,RAYMOND TEISSERE (RUE),M,"43,2750900","5,3963800",13,2019,50.0,1.0,1.0,4.0,2143223,10.0,3,4,2,5.0,,4.0,3,1928.0,A01,138Â 305Â 672,8.0,0.0,-1.0,1636587,3.0,0,,0.0,2.0,8.0,B01,138Â 305Â 671,5.0
958935,201900000466,10,24,18:30,2,2,1,1.0,6.0,13208,RAYMOND TEISSERE (RUE),M,"43,2750900","5,3963800",13,2019,50.0,1.0,1.0,4.0,2143223,10.0,3,4,2,5.0,,4.0,3,1928.0,A01,138Â 305Â 672,8.0,0.0,-1.0,1636588,1.0,7,,0.0,1.0,4.0,A01,138Â 305Â 672,1.0
958935,201900000466,10,24,18:30,2,2,1,1.0,6.0,13208,RAYMOND TEISSERE (RUE),M,"43,2750900","5,3963800",13,2019,50.0,1.0,1.0,4.0,2143224,1.0,1,1,2,5.0,,-1.0,0,1996.0,A01,138Â 305Â 672,1.0,0.0,-1.0,1636587,3.0,0,,0.0,2.0,8.0,B01,138Â 305Â 671,5.0
958935,201900000466,10,24,18:30,2,2,1,1.0,6.0,13208,RAYMOND TEISSERE (RUE),M,"43,2750900","5,3963800",13,2019,50.0,1.0,1.0,4.0,2143224,1.0,1,1,2,5.0,,-1.0,0,1996.0,A01,138Â 305Â 672,1.0,0.0,-1.0,1636588,1.0,7,,0.0,1.0,4.0,A01,138Â 305Â 672,1.0
958936,201900000467,10,24,20:30,5,2,9,1.0,6.0,13215,LITTORAL (CHEMIN DU),M,"43,3402705","5,3480190",13,2019,50.0,6.0,1.0,9.0,2143225,10.0,3,3,2,0.0,,5.0,9,1998.0,A01,138Â 305Â 670,0.0,0.0,-1.0,1636589,0.0,7,,3.0,1.0,1.0,A01,138Â 305Â 670,0.0
958936,201900000467,10,24,20:30,5,2,9,1.0,6.0,13215,LITTORAL (CHEMIN DU),M,"43,3402705","5,3480190",13,2019,50.0,6.0,1.0,9.0,2143226,1.0,1,1,2,5.0,,-1.0, -1,1960.0,A01,138Â 305Â 670,1.0,0.0,-1.0,1636589,0.0,7,,3.0,1.0,1.0,A01,138Â 305Â 670,0.0
958937,201900000468,10,24,17:10,1,2,3,1.0,3.0,13002,SALVATORE ALLENDE (BOULEVARD),M,"43,3526400","5,4820900",13,2019,50.0,1.0,1.0,4.0,2143227,1.0,1,4,2,0.0,,-1.0, -1,1972.0,B01,138Â 305Â 668,2.0,0.0,-1.0,1636590,1.0,1,,0.0,2.0,1.0,B01,138Â 305Â 668,5.0
958937,201900000468,10,24,17:10,1,2,3,1.0,3.0,13002,SALVATORE ALLENDE (BOULEVARD),M,"43,3526400","5,4820900",13,2019,50.0,1.0,1.0,4.0,2143227,1.0,1,4,2,0.0,,-1.0, -1,1972.0,B01,138Â 305Â 668,2.0,0.0,-1.0,1636591,2.0,7,,0.0,2.0,7.0,A01,138Â 305Â 669,1.0
958937,201900000468,10,24,17:10,1,2,3,1.0,3.0,13002,SALVATORE ALLENDE (BOULEVARD),M,"43,3526400","5,4820900",13,2019,50.0,1.0,1.0,4.0,2143228,1.0,1,1,1,0.0,,-1.0, -1,1971.0,A01,138Â 305Â 669,1.0,0.0,-1.0,1636590,1.0,1,,0.0,2.0,1.0,B01,138Â 305Â 668,5.0
958937,201900000468,10,24,17:10,1,2,3,1.0,3.0,13002,SALVATORE ALLENDE (BOULEVARD),M,"43,3526400","5,4820900",13,2019,50.0,1.0,1.0,4.0,2143228,1.0,1,1,1,0.0,,-1.0, -1,1971.0,A01,138Â 305Â 669,1.0,0.0,-1.0,1636591,2.0,7,,0.0,2.0,7.0,A01,138Â 305Â 669,1.0
958938,201900000469,10,24,18:05,1,2,1,1.0,2.0,13209,MICHELET (BOULEVARD),M,"43,2584700","5,3992800",13,2019,50.0,1.0,1.0,4.0,2143229,2.0,2,4,2,0.0,,-1.0, -1,1973.0,B01,138Â 305Â 666,1.0,0.0,-1.0,1636592,2.0,7,,0.0,2.0,4.0,B01,138Â 305Â 666,0.0
958938,201900000469,10,24,18:05,1,2,1,1.0,2.0,13209,MICHELET (BOULEVARD),M,"43,2584700","5,3992800",13,2019,50.0,1.0,1.0,4.0,2143229,2.0,2,4,2,0.0,,-1.0, -1,1973.0,B01,138Â 305Â 666,1.0,0.0,-1.0,1636593,2.0,7,,0.0,2.0,1.0,A01,138Â 305Â 667,0.0
958938,201900000469,10,24,18:05,1,2,1,1.0,2.0,13209,MICHELET (BOULEVARD),M,"43,2584700","5,3992800",13,2019,50.0,1.0,1.0,4.0,2143230,1.0,1,1,2,5.0,,-1.0, -1,1947.0,B01,138Â 305Â 666,1.0,0.0,-1.0,1636592,2.0,7,,0.0,2.0,4.0,B01,138Â 305Â 666,0.0
958938,201900000469,10,24,18:05,1,2,1,1.0,2.0,13209,MICHELET (BOULEVARD),M,"43,2584700","5,3992800",13,2019,50.0,1.0,1.0,4.0,2143230,1.0,1,1,2,5.0,,-1.0, -1,1947.0,B01,138Â 305Â 666,1.0,0.0,-1.0,1636593,2.0,7,,0.0,2.0,1.0,A01,138Â 305Â 667,0.0
958938,201900000469,10,24,18:05,1,2,1,1.0,2.0,13209,MICHELET (BOULEVARD),M,"43,2584700","5,3992800",13,2019,50.0,1.0,1.0,4.0,2143231,1.0,1,1,2,5.0,,-1.0, -1,1992.0,A01,138Â 305Â 667,1.0,0.0,-1.0,1636592,2.0,7,,0.0,2.0,4.0,B01,138Â 305Â 666,0.0
958938,201900000469,10,24,18:05,1,2,1,1.0,2.0,13209,MICHELET (BOULEVARD),M,"43,2584700","5,3992800",13,2019,50.0,1.0,1.0,4.0,2143231,1.0,1,1,2,5.0,,-1.0, -1,1992.0,A01,138Â 305Â 667,1.0,0.0,-1.0,1636593,2.0,7,,0.0,2.0,1.0,A01,138Â 305Â 667,0.0
958939,201900000470,10,23,21:00,5,2,1,3.0,6.0,13002,SALVATORE ALLENDE (BOULEVARD),M,"43,3533860","5,4840460",13,2019,50.0,2.0,3.0,3.0,2143232,1.0,1,2,1,0.0,,0.0,0,1960.0,A01,138Â 305Â 665,2.0,7.0,-1.0,1636594,2.0,33,,0.0,0.0,3.0,A01,138Â 305Â 665,0.0
958940,201900000471,10,12,20:10,3,1,1,1.0,6.0,13004,RTE N113 MARSEILLE A BORBEAUX,M,"43,6726320","4,6219070",13,2019,110.0,1.0,1.0,2.0,2143233,10.0,3,3,1,9.0,,1.0,3,1970.0,Z01,138Â 305Â 664,8.0,0.0,-1.0,1636595,3.0,7,,0.0,1.0,0.0,Z01,138Â 305Â 664,0.0