Unnamed: 0_x,num_acc,mois,jour,hrmn,lum,agg,int,atm,col,com,adr,gps,lat,long,dep,annee,vma,situ,surf,catr,Unnamed: 0_y,place,catu,grav,sexe,trajet,secu,locp,actp,an_nais,num_veh_x,id_vehicule_x,secu1,secu2,secu3,Unnamed: 0,senc,catv,occutc,obs,obsm,choc,num_veh_y,id_vehicule_y,motor
958941,201900000472,10,24,16:45,1,2,3,1.0,1.0,03185,avenue de la RÃ©publique,M,"46,3457381","2,5976328",3,2019,50.0,1.0,1.0,3.0,2143234,1.0,1,4,1,5.0,,0.0,0,2001.0,B01,138Â 305Â 662,2.0,6.0,-1.0,1636596,2.0,2,,0.0,2.0,1.0,B01,138Â 305Â 662,1.0
958941,201900000472,10,24,16:45,1,2,3,1.0,1.0,03185,avenue de la RÃ©publique,M,"46,3457381","2,5976328",3,2019,50.0,1.0,1.0,3.0,2143234,1.0,1,4,1,5.0,,0.0,0,2001.0,B01,138Â 305Â 662,2.0,6.0,-1.0,1636597,1.0,7,,0.0,2.0,2.0,A01,138Â 305Â 663,1.0
958941,201900000472,10,24,16:45,1,2,3,1.0,1.0,03185,avenue de la RÃ©publique,M,"46,3457381","2,5976328",3,2019,50.0,1.0,1.0,3.0,2143235,1.0,1,1,2,4.0,,0.0,0,1978.0,A01,138Â 305Â 663,1.0,8.0,-1.0,1636596,2.0,2,,0.0,2.0,1.0,B01,138Â 305Â 662,1.0
958941,201900000472,10,24,16:45,1,2,3,1.0,1.0,03185,avenue de la RÃ©publique,M,"46,3457381","2,5976328",3,2019,50.0,1.0,1.0,3.0,2143235,1.0,1,1,2,4.0,,0.0,0,1978.0,A01,138Â 305Â 663,1.0,8.0,-1.0,1636597,1.0,7,,0.0,2.0,2.0,A01,138Â 305Â 663,1.0
958942,201900000473,10,24,20:50,5,2,4,1.0,3.0,75117,BD PERIPHEDIQUE EXTERIEUR,M,"48,8830744","2,2837066",75,2019,70.0,1.0,1.0,4.0,2143236,1.0,1,1,2,5.0,,0.0,0,1983.0,A01,138Â 305Â 660,1.0,0.0,-1.0,1636598,2.0,7,,0.0,2.0,5.0,A01,138Â 305Â 660,1.0
958942,201900000473,10,24,20:50,5,2,4,1.0,3.0,75117,BD PERIPHEDIQUE EXTERIEUR,M,"48,8830744","2,2837066",75,2019,70.0,1.0,1.0,4.0,2143236,1.0,1,1,2,5.0,,0.0,0,1983.0,A01,138Â 305Â 660,1.0,0.0,-1.0,1636599,2.0,33,,0.0,2.0,3.0,B01,138Â 305Â 661,1.0
958942,201900000473,10,24,20:50,5,2,4,1.0,3.0,75117,BD PERIPHEDIQUE EXTERIEUR,M,"48,8830744","2,2837066",75,2019,70.0,1.0,1.0,4.0,2143237,1.0,1,4,1,1.0,,0.0,0,1975.0,B01,138Â 305Â 661,2.0,6.0,-1.0,1636598,2.0,7,,0.0,2.0,5.0,A01,138Â 305Â 660,1.0
958942,201900000473,10,24,20:50,5,2,4,1.0,3.0,75117,BD PERIPHEDIQUE EXTERIEUR,M,"48,8830744","2,2837066",75,2019,70.0,1.0,1.0,4.0,2143237,1.0,1,4,1,1.0,,0.0,0,1975.0,B01,138Â 305Â 661,2.0,6.0,-1.0,1636599,2.0,33,,0.0,2.0,3.0,B01,138Â 305Â 661,1.0
958943,201900000474,10,23,04:50,5,2,2,1.0,3.0,75120,COURS DE VINCENNES,M,"48,8470484","2,4110571",75,2019,50.0,1.0,1.0,4.0,2143238,2.0,2,4,2,4.0,,0.0,0,1988.0,B01,138Â 305Â 658,1.0,0.0,-1.0,1636600,1.0,7,,12.0,2.0,0.0,B01,138Â 305Â 658,1.0
958943,201900000474,10,23,04:50,5,2,2,1.0,3.0,75120,COURS DE VINCENNES,M,"48,8470484","2,4110571",75,2019,50.0,1.0,1.0,4.0,2143238,2.0,2,4,2,4.0,,0.0,0,1988.0,B01,138Â 305Â 658,1.0,0.0,-1.0,1636601,1.0,33,,0.0,2.0,3.0,A01,138Â 305Â 659,1.0
958943,201900000474,10,23,04:50,5,2,2,1.0,3.0,75120,COURS DE VINCENNES,M,"48,8470484","2,4110571",75,2019,50.0,1.0,1.0,4.0,2143239,4.0,2,1,1,0.0,,0.0,0,1991.0,B01,138Â 305Â 658,1.0,0.0,-1.0,1636600,1.0,7,,12.0,2.0,0.0,B01,138Â 305Â 658,1.0
958943,201900000474,10,23,04:50,5,2,2,1.0,3.0,75120,COURS DE VINCENNES,M,"48,8470484","2,4110571",75,2019,50.0,1.0,1.0,4.0,2143239,4.0,2,1,1,0.0,,0.0,0,1991.0,B01,138Â 305Â 658,1.0,0.0,-1.0,1636601,1.0,33,,0.0,2.0,3.0,A01,138Â 305Â 659,1.0
958943,201900000474,10,23,04:50,5,2,2,1.0,3.0,75120,COURS DE VINCENNES,M,"48,8470484","2,4110571",75,2019,50.0,1.0,1.0,4.0,2143240,1.0,1,4,1,4.0,,0.0,0,1987.0,B01,138Â 305Â 658,1.0,0.0,-1.0,1636600,1.0,7,,12.0,2.0,0.0,B01,138Â 305Â 658,1.0
958943,201900000474,10,23,04:50,5,2,2,1.0,3.0,75120,COURS DE VINCENNES,M,"48,8470484","2,4110571",75,2019,50.0,1.0,1.0,4.0,2143240,1.0,1,4,1,4.0,,0.0,0,1987.0,B01,138Â 305Â 658,1.0,0.0,-1.0,1636601,1.0,33,,0.0,2.0,3.0,A01,138Â 305Â 659,1.0
958943,201900000474,10,23,04:50,5,2,2,1.0,3.0,75120,COURS DE VINCENNES,M,"48,8470484","2,4110571",75,2019,50.0,1.0,1.0,4.0,2143241,2.0,2,1,1,5.0,,0.0,0,1996.0,A01,138Â 305Â 659,2.0,6.0,-1.0,1636600,1.0,7,,12.0,2.0,0.0,B01,138Â 305Â 658,1.0
958943,201900000474,10,23,04:50,5,2,2,1.0,3.0,75120,COURS DE VINCENNES,M,"48,8470484","2,4110571",75,2019,50.0,1.0,1.0,4.0,2143241,2.0,2,1,1,5.0,,0.0,0,1996.0,A01,138Â 305Â 659,2.0,6.0,-1.0,1636601,1.0,33,,0.0,2.0,3.0,A01,138Â 305Â 659,1.0
958943,201900000474,10,23,04:50,5,2,2,1.0,3.0,75120,COURS DE VINCENNES,M,"48,8470484","2,4110571",75,2019,50.0,1.0,1.0,4.0,2143242,1.0,1,4,1,5.0,,0.0,0,1996.0,A01,138Â 305Â 659,2.0,6.0,-1.0,1636600,1.0,7,,12.0,2.0,0.0,B01,138Â 305Â 658,1.0
958943,201900000474,10,23,04:50,5,2,2,1.0,3.0,75120,COURS DE VINCENNES,M,"48,8470484","2,4110571",75,2019,50.0,1.0,1.0,4.0,2143242,1.0,1,4,1,5.0,,0.0,0,1996.0,A01,138Â 305Â 659,2.0,6.0,-1.0,1636601,1.0,33,,0.0,2.0,3.0,A01,138Â 305Â 659,1.0
958944,201900000475,10,23,15:25,1,2,2,1.0,6.0,75120,RUE DE GUEBRIANT,M,"48,8729280","2,4086480",75,2019,50.0,1.0,1.0,4.0,2143243,1.0,1,4,1,1.0,,0.0,0,1988.0,A01,138Â 305Â 656,2.0,6.0,-1.0,1636602,2.0,33,,0.0,2.0,6.0,A01,138Â 305Â 656,1.0
958944,201900000475,10,23,15:25,1,2,2,1.0,6.0,75120,RUE DE GUEBRIANT,M,"48,8729280","2,4086480",75,2019,50.0,1.0,1.0,4.0,2143243,1.0,1,4,1,1.0,,0.0,0,1988.0,A01,138Â 305Â 656,2.0,6.0,-1.0,1636603,1.0,7,,0.0,2.0,3.0,Z01,138Â 305Â 657,1.0
958945,201900000476,10,23,12:30,1,2,2,1.0,6.0,75111,BOULEVARD DE CHARONNE,M,"48,8565645","2,3944381",75,2019,50.0,1.0,1.0,4.0,2143244,10.0,3,4,2,5.0,,2.0,3,1968.0,Z01,138Â 305Â 655,0.0,-1.0,-1.0,1636604,1.0,33,,0.0,1.0,1.0,Z01,138Â 305Â 655,1.0
958946,201900000477,10,24,08:35,1,2,1,1.0,2.0,75119,ROUTE DES PETITS PONTS,M,"48,8919220","2,3983400",75,2019,50.0,1.0,8.0,4.0,2143245,1.0,1,4,1,1.0,,0.0,0,1974.0,B01,138Â 305Â 653,2.0,6.0,-1.0,1636605,1.0,32,,0.0,2.0,4.0,B01,138Â 305Â 653,1.0
958946,201900000477,10,24,08:35,1,2,1,1.0,2.0,75119,ROUTE DES PETITS PONTS,M,"48,8919220","2,3983400",75,2019,50.0,1.0,8.0,4.0,2143245,1.0,1,4,1,1.0,,0.0,0,1974.0,B01,138Â 305Â 653,2.0,6.0,-1.0,1636606,1.0,7,,0.0,2.0,1.0,A01,138Â 305Â 654,1.0
958946,201900000477,10,24,08:35,1,2,1,1.0,2.0,75119,ROUTE DES PETITS PONTS,M,"48,8919220","2,3983400",75,2019,50.0,1.0,8.0,4.0,2143246,1.0,1,1,1,1.0,,0.0,0,1977.0,A01,138Â 305Â 654,1.0,0.0,-1.0,1636605,1.0,32,,0.0,2.0,4.0,B01,138Â 305Â 653,1.0
958946,201900000477,10,24,08:35,1,2,1,1.0,2.0,75119,ROUTE DES PETITS PONTS,M,"48,8919220","2,3983400",75,2019,50.0,1.0,8.0,4.0,2143246,1.0,1,1,1,1.0,,0.0,0,1977.0,A01,138Â 305Â 654,1.0,0.0,-1.0,1636606,1.0,7,,0.0,2.0,1.0,A01,138Â 305Â 654,1.0
958947,201900000478,10,24,08:30,1,2,1,1.0,3.0,75118,RUE MARX DORMOY,M,"48,8881149","2,3598786",75,2019,50.0,1.0,1.0,4.0,2143247,1.0,1,1,1,4.0,,0.0,0,1969.0,A01,138Â 305Â 651,1.0,0.0,-1.0,1636607,2.0,14,,0.0,2.0,3.0,A01,138Â 305Â 651,1.0
958947,201900000478,10,24,08:30,1,2,1,1.0,3.0,75118,RUE MARX DORMOY,M,"48,8881149","2,3598786",75,2019,50.0,1.0,1.0,4.0,2143247,1.0,1,1,1,4.0,,0.0,0,1969.0,A01,138Â 305Â 651,1.0,0.0,-1.0,1636608,2.0,1,,0.0,2.0,7.0,B01,138Â 305Â 652,5.0
958947,201900000478,10,24,08:30,1,2,1,1.0,3.0,75118,RUE MARX DORMOY,M,"48,8881149","2,3598786",75,2019,50.0,1.0,1.0,4.0,2143248,1.0,1,4,2,1.0,,0.0,0,1989.0,B01,138Â 305Â 652,2.0,8.0,-1.0,1636607,2.0,14,,0.0,2.0,3.0,A01,138Â 305Â 651,1.0
958947,201900000478,10,24,08:30,1,2,1,1.0,3.0,75118,RUE MARX DORMOY,M,"48,8881149","2,3598786",75,2019,50.0,1.0,1.0,4.0,2143248,1.0,1,4,2,1.0,,0.0,0,1989.0,B01,138Â 305Â 652,2.0,8.0,-1.0,1636608,2.0,1,,0.0,2.0,7.0,B01,138Â 305Â 652,5.0
958948,201900000479,10,24,18:05,1,2,3,1.0,3.0,75117,BOULEVARD DU BOIS LE PRETRE,M,"48,8989026","2,3223972",75,2019,50.0,1.0,1.0,4.0,2143249,1.0,1,1,2,1.0,,0.0,0,1961.0,B01,138Â 305Â 649,1.0,0.0,-1.0,1636609,2.0,7,,0.0,2.0,3.0,B01,138Â 305Â 649,2.0
958948,201900000479,10,24,18:05,1,2,3,1.0,3.0,75117,BOULEVARD DU BOIS LE PRETRE,M,"48,8989026","2,3223972",75,2019,50.0,1.0,1.0,4.0,2143249,1.0,1,1,2,1.0,,0.0,0,1961.0,B01,138Â 305Â 649,1.0,0.0,-1.0,1636610,2.0,32,,0.0,2.0,1.0,A01,138Â 305Â 650,1.0
958948,201900000479,10,24,18:05,1,2,3,1.0,3.0,75117,BOULEVARD DU BOIS LE PRETRE,M,"48,8989026","2,3223972",75,2019,50.0,1.0,1.0,4.0,2143250,1.0,1,4,1,2.0,,0.0,0,1998.0,A01,138Â 305Â 650,2.0,6.0,-1.0,1636609,2.0,7,,0.0,2.0,3.0,B01,138Â 305Â 649,2.0
958948,201900000479,10,24,18:05,1,2,3,1.0,3.0,75117,BOULEVARD DU BOIS LE PRETRE,M,"48,8989026","2,3223972",75,2019,50.0,1.0,1.0,4.0,2143250,1.0,1,4,1,2.0,,0.0,0,1998.0,A01,138Â 305Â 650,2.0,6.0,-1.0,1636610,2.0,32,,0.0,2.0,1.0,A01,138Â 305Â 650,1.0
958949,201900000480,10,24,19:55,5,2,2,1.0,6.0,75115,RUE OLIVIER DE SERRES,M,"48,8361386","2,2972210",75,2019,50.0,1.0,1.0,4.0,2143251,1.0,1,1,1,5.0,,0.0,0,1996.0,A01,138Â 305Â 648,8.0,2.0,-1.0,1636611,1.0,1,,0.0,1.0,1.0,A01,138Â 305Â 648,5.0
958949,201900000480,10,24,19:55,5,2,2,1.0,6.0,75115,RUE OLIVIER DE SERRES,M,"48,8361386","2,2972210",75,2019,50.0,1.0,1.0,4.0,2143252,10.0,3,4,1,5.0,,4.0,3,1967.0,A01,138Â 305Â 648,0.0,-1.0,-1.0,1636611,1.0,1,,0.0,1.0,1.0,A01,138Â 305Â 648,5.0
958950,201900000481,10,24,16:00,1,2,3,1.0,3.0,75115,RUE DE VAUGIRARD,M,"48,8362714","2,2943778",75,2019,50.0,1.0,1.0,4.0,2143253,1.0,1,4,2,5.0,,0.0,0,1987.0,A01,138Â 305Â 646,2.0,6.0,-1.0,1636612,2.0,31,,1.0,2.0,1.0,A01,138Â 305Â 646,1.0
958950,201900000481,10,24,16:00,1,2,3,1.0,3.0,75115,RUE DE VAUGIRARD,M,"48,8362714","2,2943778",75,2019,50.0,1.0,1.0,4.0,2143253,1.0,1,4,2,5.0,,0.0,0,1987.0,A01,138Â 305Â 646,2.0,6.0,-1.0,1636613,2.0,10,,0.0,2.0,0.0,B01,138Â 305Â 647,1.0
958950,201900000481,10,24,16:00,1,2,3,1.0,3.0,75115,RUE DE VAUGIRARD,M,"48,8362714","2,2943778",75,2019,50.0,1.0,1.0,4.0,2143254,1.0,1,1,1,5.0,,0.0,0,1972.0,B01,138Â 305Â 647,1.0,0.0,-1.0,1636612,2.0,31,,1.0,2.0,1.0,A01,138Â 305Â 646,1.0
958950,201900000481,10,24,16:00,1,2,3,1.0,3.0,75115,RUE DE VAUGIRARD,M,"48,8362714","2,2943778",75,2019,50.0,1.0,1.0,4.0,2143254,1.0,1,1,1,5.0,,0.0,0,1972.0,B01,138Â 305Â 647,1.0,0.0,-1.0,1636613,2.0,10,,0.0,2.0,0.0,B01,138Â 305Â 647,1.0
958951,201900000482,10,24,16:35,1,2,1,1.0,3.0,75113,AVENUE D ITALIE,M,"48,8225998","2,3584040",75,2019,50.0,1.0,1.0,4.0,2143255,1.0,1,1,1,4.0,,0.0,0,1993.0,A01,138Â 305Â 644,1.0,0.0,-1.0,1636614,2.0,7,,0.0,2.0,5.0,A01,138Â 305Â 644,1.0
958951,201900000482,10,24,16:35,1,2,1,1.0,3.0,75113,AVENUE D ITALIE,M,"48,8225998","2,3584040",75,2019,50.0,1.0,1.0,4.0,2143255,1.0,1,1,1,4.0,,0.0,0,1993.0,A01,138Â 305Â 644,1.0,0.0,-1.0,1636615,2.0,30,,0.0,2.0,3.0,B01,138Â 305Â 645,1.0
958951,201900000482,10,24,16:35,1,2,1,1.0,3.0,75113,AVENUE D ITALIE,M,"48,8225998","2,3584040",75,2019,50.0,1.0,1.0,4.0,2143256,1.0,1,4,2,0.0,,0.0,0,1999.0,B01,138Â 305Â 645,2.0,6.0,-1.0,1636614,2.0,7,,0.0,2.0,5.0,A01,138Â 305Â 644,1.0
958951,201900000482,10,24,16:35,1,2,1,1.0,3.0,75113,AVENUE D ITALIE,M,"48,8225998","2,3584040",75,2019,50.0,1.0,1.0,4.0,2143256,1.0,1,4,2,0.0,,0.0,0,1999.0,B01,138Â 305Â 645,2.0,6.0,-1.0,1636615,2.0,30,,0.0,2.0,3.0,B01,138Â 305Â 645,1.0
958951,201900000482,10,24,16:35,1,2,1,1.0,3.0,75113,AVENUE D ITALIE,M,"48,8225998","2,3584040",75,2019,50.0,1.0,1.0,4.0,2143257,2.0,2,4,2,0.0,,0.0,0,1997.0,B01,138Â 305Â 645,2.0,6.0,-1.0,1636614,2.0,7,,0.0,2.0,5.0,A01,138Â 305Â 644,1.0
958951,201900000482,10,24,16:35,1,2,1,1.0,3.0,75113,AVENUE D ITALIE,M,"48,8225998","2,3584040",75,2019,50.0,1.0,1.0,4.0,2143257,2.0,2,4,2,0.0,,0.0,0,1997.0,B01,138Â 305Â 645,2.0,6.0,-1.0,1636615,2.0,30,,0.0,2.0,3.0,B01,138Â 305Â 645,1.0
958952,201900000483,10,24,20:10,5,2,7,1.0,6.0,75108,PLACE SAINT AUGUSTIN,M,"48,8756728","2,3195863",75,2019,50.0,1.0,1.0,4.0,2143258,1.0,1,4,2,2.0,,0.0,0,1999.0,A01,138Â 305Â 642,8.0,2.0,-1.0,1636616,1.0,1,,0.0,2.0,6.0,A01,138Â 305Â 642,5.0
958952,201900000483,10,24,20:10,5,2,7,1.0,6.0,75108,PLACE SAINT AUGUSTIN,M,"48,8756728","2,3195863",75,2019,50.0,1.0,1.0,4.0,2143258,1.0,1,4,2,2.0,,0.0,0,1999.0,A01,138Â 305Â 642,8.0,2.0,-1.0,1636617,1.0,30,,0.0,2.0,1.0,Z01,138Â 305Â 643,0.0
958953,201900000484,10,23,07:30,2,2,2,1.0,3.0,75104,RUE MORNAY,M,"48,8495100","2,3656300",75,2019,50.0,1.0,1.0,4.0,2143259,1.0,1,4,1,0.0,,0.0,0,1981.0,A01,138Â 305Â 640,1.0,8.0,-1.0,1636618,1.0,7,,0.0,2.0,1.0,A01,138Â 305Â 640,1.0
958953,201900000484,10,23,07:30,2,2,2,1.0,3.0,75104,RUE MORNAY,M,"48,8495100","2,3656300",75,2019,50.0,1.0,1.0,4.0,2143259,1.0,1,4,1,0.0,,0.0,0,1981.0,A01,138Â 305Â 640,1.0,8.0,-1.0,1636619,1.0,7,,0.0,2.0,8.0,B01,138Â 305Â 641,1.0
958953,201900000484,10,23,07:30,2,2,2,1.0,3.0,75104,RUE MORNAY,M,"48,8495100","2,3656300",75,2019,50.0,1.0,1.0,4.0,2143260,4.0,2,4,1,0.0,,0.0,0,1988.0,B01,138Â 305Â 641,1.0,8.0,-1.0,1636618,1.0,7,,0.0,2.0,1.0,A01,138Â 305Â 640,1.0
958953,201900000484,10,23,07:30,2,2,2,1.0,3.0,75104,RUE MORNAY,M,"48,8495100","2,3656300",75,2019,50.0,1.0,1.0,4.0,2143260,4.0,2,4,1,0.0,,0.0,0,1988.0,B01,138Â 305Â 641,1.0,8.0,-1.0,1636619,1.0,7,,0.0,2.0,8.0,B01,138Â 305Â 641,1.0
958953,201900000484,10,23,07:30,2,2,2,1.0,3.0,75104,RUE MORNAY,M,"48,8495100","2,3656300",75,2019,50.0,1.0,1.0,4.0,2143261,3.0,2,4,2,0.0,,0.0,0,1990.0,B01,138Â 305Â 641,1.0,8.0,-1.0,1636618,1.0,7,,0.0,2.0,1.0,A01,138Â 305Â 640,1.0
958953,201900000484,10,23,07:30,2,2,2,1.0,3.0,75104,RUE MORNAY,M,"48,8495100","2,3656300",75,2019,50.0,1.0,1.0,4.0,2143261,3.0,2,4,2,0.0,,0.0,0,1990.0,B01,138Â 305Â 641,1.0,8.0,-1.0,1636619,1.0,7,,0.0,2.0,8.0,B01,138Â 305Â 641,1.0
958953,201900000484,10,23,07:30,2,2,2,1.0,3.0,75104,RUE MORNAY,M,"48,8495100","2,3656300",75,2019,50.0,1.0,1.0,4.0,2143262,1.0,1,1,1,4.0,,0.0,0,1977.0,B01,138Â 305Â 641,1.0,8.0,-1.0,1636618,1.0,7,,0.0,2.0,1.0,A01,138Â 305Â 640,1.0
958953,201900000484,10,23,07:30,2,2,2,1.0,3.0,75104,RUE MORNAY,M,"48,8495100","2,3656300",75,2019,50.0,1.0,1.0,4.0,2143262,1.0,1,1,1,4.0,,0.0,0,1977.0,B01,138Â 305Â 641,1.0,8.0,-1.0,1636619,1.0,7,,0.0,2.0,8.0,B01,138Â 305Â 641,1.0
958954,201900000485,10,24,19:15,5,2,3,8.0,6.0,75104,BOULEVARD BEAUMARCHAIS,M,"48,8548110","2,3687331",75,2019,50.0,6.0,1.0,4.0,2143263,10.0,3,4,2,9.0,,3.0,3,2011.0,A01,138Â 305Â 639,0.0,-1.0,-1.0,1636620,2.0,33,,0.0,1.0,1.0,A01,138Â 305Â 639,1.0
958954,201900000485,10,24,19:15,5,2,3,8.0,6.0,75104,BOULEVARD BEAUMARCHAIS,M,"48,8548110","2,3687331",75,2019,50.0,6.0,1.0,4.0,2143264,1.0,1,1,1,0.0,,0.0,0,1983.0,A01,138Â 305Â 639,2.0,6.0,-1.0,1636620,2.0,33,,0.0,1.0,1.0,A01,138Â 305Â 639,1.0
958955,201900000486,10,24,07:30,2,2,3,1.0,1.0,94078,CHOISY (AV DE),M,"48,7355784","2,4467332",94,2019,50.0,1.0,1.0,2.0,2143265,1.0,1,1,2,1.0,,-1.0, -1,1979.0,A01,138Â 305Â 637,1.0,0.0,-1.0,1636621,1.0,7,,0.0,2.0,2.0,A01,138Â 305Â 637,1.0
958955,201900000486,10,24,07:30,2,2,3,1.0,1.0,94078,CHOISY (AV DE),M,"48,7355784","2,4467332",94,2019,50.0,1.0,1.0,2.0,2143265,1.0,1,1,2,1.0,,-1.0, -1,1979.0,A01,138Â 305Â 637,1.0,0.0,-1.0,1636622,2.0,33,,0.0,2.0,1.0,B01,138Â 305Â 638,1.0
958955,201900000486,10,24,07:30,2,2,3,1.0,1.0,94078,CHOISY (AV DE),M,"48,7355784","2,4467332",94,2019,50.0,1.0,1.0,2.0,2143266,1.0,1,4,1,1.0,,-1.0, -1,1989.0,B01,138Â 305Â 638,2.0,6.0,-1.0,1636621,1.0,7,,0.0,2.0,2.0,A01,138Â 305Â 637,1.0
958955,201900000486,10,24,07:30,2,2,3,1.0,1.0,94078,CHOISY (AV DE),M,"48,7355784","2,4467332",94,2019,50.0,1.0,1.0,2.0,2143266,1.0,1,4,1,1.0,,-1.0, -1,1989.0,B01,138Â 305Â 638,2.0,6.0,-1.0,1636622,2.0,33,,0.0,2.0,1.0,B01,138Â 305Â 638,1.0
958956,201900000487,10,24,02:50,5,2,3,1.0,6.0,94019,LIBERATION (RTE DE LA),M,"48,8033900","2,5378300",94,2019,50.0,1.0,1.0,3.0,2143267,1.0,1,4,1,5.0,,-1.0,0,1998.0,A01,138Â 305Â 636,1.0,0.0,-1.0,1636623,2.0,7,,16.0,0.0,1.0,A01,138Â 305Â 636,1.0
958956,201900000487,10,24,02:50,5,2,3,1.0,6.0,94019,LIBERATION (RTE DE LA),M,"48,8033900","2,5378300",94,2019,50.0,1.0,1.0,3.0,2143268,3.0,2,4,1,0.0,,-1.0, -1,1998.0,A01,138Â 305Â 636,1.0,0.0,-1.0,1636623,2.0,7,,16.0,0.0,1.0,A01,138Â 305Â 636,1.0
958956,201900000487,10,24,02:50,5,2,3,1.0,6.0,94019,LIBERATION (RTE DE LA),M,"48,8033900","2,5378300",94,2019,50.0,1.0,1.0,3.0,2143269,2.0,2,4,1,0.0,,-1.0, -1,2000.0,A01,138Â 305Â 636,1.0,0.0,-1.0,1636623,2.0,7,,16.0,0.0,1.0,A01,138Â 305Â 636,1.0
958957,201900000488,10,24,13:15,1,2,1,1.0,4.0,93073,CHAPIT RE ( RUE DU),M,"49,0029480","2,5368790",93,2019,50.0,1.0,1.0,4.0,2143270,2.0,2,1,1,0.0,,-1.0,0,1984.0,A01,138Â 305Â 633,1.0,0.0,-1.0,1636624,3.0,3,,0.0,2.0,6.0,A01,138Â 305Â 633,1.0
958957,201900000488,10,24,13:15,1,2,1,1.0,4.0,93073,CHAPIT RE ( RUE DU),M,"49,0029480","2,5368790",93,2019,50.0,1.0,1.0,4.0,2143270,2.0,2,1,1,0.0,,-1.0,0,1984.0,A01,138Â 305Â 633,1.0,0.0,-1.0,1636625,3.0,3,,0.0,2.0,2.0,B01,138Â 305Â 634,1.0
958957,201900000488,10,24,13:15,1,2,1,1.0,4.0,93073,CHAPIT RE ( RUE DU),M,"49,0029480","2,5368790",93,2019,50.0,1.0,1.0,4.0,2143270,2.0,2,1,1,0.0,,-1.0,0,1984.0,A01,138Â 305Â 633,1.0,0.0,-1.0,1636626,3.0,3,,0.0,2.0,1.0,C01,138Â 305Â 635,2.0
958957,201900000488,10,24,13:15,1,2,1,1.0,4.0,93073,CHAPIT RE ( RUE DU),M,"49,0029480","2,5368790",93,2019,50.0,1.0,1.0,4.0,2143271,1.0,1,1,1,0.0,,-1.0,0,1988.0,A01,138Â 305Â 633,1.0,0.0,-1.0,1636624,3.0,3,,0.0,2.0,6.0,A01,138Â 305Â 633,1.0
958957,201900000488,10,24,13:15,1,2,1,1.0,4.0,93073,CHAPIT RE ( RUE DU),M,"49,0029480","2,5368790",93,2019,50.0,1.0,1.0,4.0,2143271,1.0,1,1,1,0.0,,-1.0,0,1988.0,A01,138Â 305Â 633,1.0,0.0,-1.0,1636625,3.0,3,,0.0,2.0,2.0,B01,138Â 305Â 634,1.0
958957,201900000488,10,24,13:15,1,2,1,1.0,4.0,93073,CHAPIT RE ( RUE DU),M,"49,0029480","2,5368790",93,2019,50.0,1.0,1.0,4.0,2143271,1.0,1,1,1,0.0,,-1.0,0,1988.0,A01,138Â 305Â 633,1.0,0.0,-1.0,1636626,3.0,3,,0.0,2.0,1.0,C01,138Â 305Â 635,2.0
958957,201900000488,10,24,13:15,1,2,1,1.0,4.0,93073,CHAPIT RE ( RUE DU),M,"49,0029480","2,5368790",93,2019,50.0,1.0,1.0,4.0,2143272,1.0,1,1,1,4.0,,-1.0, -1,1976.0,B01,138Â 305Â 634,1.0,0.0,-1.0,1636624,3.0,3,,0.0,2.0,6.0,A01,138Â 305Â 633,1.0
958957,201900000488,10,24,13:15,1,2,1,1.0,4.0,93073,CHAPIT RE ( RUE DU),M,"49,0029480","2,5368790",93,2019,50.0,1.0,1.0,4.0,2143272,1.0,1,1,1,4.0,,-1.0, -1,1976.0,B01,138Â 305Â 634,1.0,0.0,-1.0,1636625,3.0,3,,0.0,2.0,2.0,B01,138Â 305Â 634,1.0
958957,201900000488,10,24,13:15,1,2,1,1.0,4.0,93073,CHAPIT RE ( RUE DU),M,"49,0029480","2,5368790",93,2019,50.0,1.0,1.0,4.0,2143272,1.0,1,1,1,4.0,,-1.0, -1,1976.0,B01,138Â 305Â 634,1.0,0.0,-1.0,1636626,3.0,3,,0.0,2.0,1.0,C01,138Â 305Â 635,2.0
958957,201900000488,10,24,13:15,1,2,1,1.0,4.0,93073,CHAPIT RE ( RUE DU),M,"49,0029480","2,5368790",93,2019,50.0,1.0,1.0,4.0,2143273,2.0,2,1,2,0.0,,-1.0, -1,2016.0,B01,138Â 305Â 634,1.0,0.0,-1.0,1636624,3.0,3,,0.0,2.0,6.0,A01,138Â 305Â 633,1.0
958957,201900000488,10,24,13:15,1,2,1,1.0,4.0,93073,CHAPIT RE ( RUE DU),M,"49,0029480","2,5368790",93,2019,50.0,1.0,1.0,4.0,2143273,2.0,2,1,2,0.0,,-1.0, -1,2016.0,B01,138Â 305Â 634,1.0,0.0,-1.0,1636625,3.0,3,,0.0,2.0,2.0,B01,138Â 305Â 634,1.0
958957,201900000488,10,24,13:15,1,2,1,1.0,4.0,93073,CHAPIT RE ( RUE DU),M,"49,0029480","2,5368790",93,2019,50.0,1.0,1.0,4.0,2143273,2.0,2,1,2,0.0,,-1.0, -1,2016.0,B01,138Â 305Â 634,1.0,0.0,-1.0,1636626,3.0,3,,0.0,2.0,1.0,C01,138Â 305Â 635,2.0
958957,201900000488,10,24,13:15,1,2,1,1.0,4.0,93073,CHAPIT RE ( RUE DU),M,"49,0029480","2,5368790",93,2019,50.0,1.0,1.0,4.0,2143274,3.0,2,1,2,0.0,,-1.0, -1,1966.0,B01,138Â 305Â 634,1.0,0.0,-1.0,1636624,3.0,3,,0.0,2.0,6.0,A01,138Â 305Â 633,1.0