Unnamed: 0_x,num_acc,mois,jour,hrmn,lum,agg,int,atm,col,com,adr,gps,lat,long,dep,annee,vma,situ,surf,catr,Unnamed: 0_y,place,catu,grav,sexe,trajet,secu,locp,actp,an_nais,num_veh_x,id_vehicule_x,secu1,secu2,secu3,Unnamed: 0,senc,catv,occutc,obs,obsm,choc,num_veh_y,id_vehicule_y,motor
958957,201900000488,10,24,13:15,1,2,1,1.0,4.0,93073,CHAPIT RE ( RUE DU),M,"49,0029480","2,5368790",93,2019,50.0,1.0,1.0,4.0,2143274,3.0,2,1,2,0.0,,-1.0, -1,1966.0,B01,138Â 305Â 634,1.0,0.0,-1.0,1636625,3.0,3,,0.0,2.0,2.0,B01,138Â 305Â 634,1.0
958957,201900000488,10,24,13:15,1,2,1,1.0,4.0,93073,CHAPIT RE ( RUE DU),M,"49,0029480","2,5368790",93,2019,50.0,1.0,1.0,4.0,2143274,3.0,2,1,2,0.0,,-1.0, -1,1966.0,B01,138Â 305Â 634,1.0,0.0,-1.0,1636626,3.0,3,,0.0,2.0,1.0,C01,138Â 305Â 635,2.0
958957,201900000488,10,24,13:15,1,2,1,1.0,4.0,93073,CHAPIT RE ( RUE DU),M,"49,0029480","2,5368790",93,2019,50.0,1.0,1.0,4.0,2143275,4.0,2,4,2,0.0,,-1.0, -1,1987.0,B01,138Â 305Â 634,1.0,0.0,-1.0,1636624,3.0,3,,0.0,2.0,6.0,A01,138Â 305Â 633,1.0
958957,201900000488,10,24,13:15,1,2,1,1.0,4.0,93073,CHAPIT RE ( RUE DU),M,"49,0029480","2,5368790",93,2019,50.0,1.0,1.0,4.0,2143275,4.0,2,4,2,0.0,,-1.0, -1,1987.0,B01,138Â 305Â 634,1.0,0.0,-1.0,1636625,3.0,3,,0.0,2.0,2.0,B01,138Â 305Â 634,1.0
958957,201900000488,10,24,13:15,1,2,1,1.0,4.0,93073,CHAPIT RE ( RUE DU),M,"49,0029480","2,5368790",93,2019,50.0,1.0,1.0,4.0,2143275,4.0,2,4,2,0.0,,-1.0, -1,1987.0,B01,138Â 305Â 634,1.0,0.0,-1.0,1636626,3.0,3,,0.0,2.0,1.0,C01,138Â 305Â 635,2.0
958957,201900000488,10,24,13:15,1,2,1,1.0,4.0,93073,CHAPIT RE ( RUE DU),M,"49,0029480","2,5368790",93,2019,50.0,1.0,1.0,4.0,2143276,1.0,1,4,1,0.0,,-1.0, -1,1968.0,C01,138Â 305Â 635,1.0,0.0,-1.0,1636624,3.0,3,,0.0,2.0,6.0,A01,138Â 305Â 633,1.0
958957,201900000488,10,24,13:15,1,2,1,1.0,4.0,93073,CHAPIT RE ( RUE DU),M,"49,0029480","2,5368790",93,2019,50.0,1.0,1.0,4.0,2143276,1.0,1,4,1,0.0,,-1.0, -1,1968.0,C01,138Â 305Â 635,1.0,0.0,-1.0,1636625,3.0,3,,0.0,2.0,2.0,B01,138Â 305Â 634,1.0
958957,201900000488,10,24,13:15,1,2,1,1.0,4.0,93073,CHAPIT RE ( RUE DU),M,"49,0029480","2,5368790",93,2019,50.0,1.0,1.0,4.0,2143276,1.0,1,4,1,0.0,,-1.0, -1,1968.0,C01,138Â 305Â 635,1.0,0.0,-1.0,1636626,3.0,3,,0.0,2.0,1.0,C01,138Â 305Â 635,2.0
958958,201900000489,10,24,13:00,1,2,1,1.0,3.0,93070,MICHELET(AV):NÂ°1AU 103,M,"48,9077400","2,3442140",93,2019,50.0,1.0,1.0,3.0,2143277,1.0,1,1,1,0.0,,-1.0, -1,1980.0,A01,138Â 305Â 631,2.0,6.0,-1.0,1636627,2.0,33,,0.0,1.0,2.0,A01,138Â 305Â 631,0.0
958958,201900000489,10,24,13:00,1,2,1,1.0,3.0,93070,MICHELET(AV):NÂ°1AU 103,M,"48,9077400","2,3442140",93,2019,50.0,1.0,1.0,3.0,2143277,1.0,1,1,1,0.0,,-1.0, -1,1980.0,A01,138Â 305Â 631,2.0,6.0,-1.0,1636628,2.0,1,,0.0,2.0,3.0,B01,138Â 305Â 632,5.0
958958,201900000489,10,24,13:00,1,2,1,1.0,3.0,93070,MICHELET(AV):NÂ°1AU 103,M,"48,9077400","2,3442140",93,2019,50.0,1.0,1.0,3.0,2143278,1.0,1,4,1,0.0,,-1.0, -1,1999.0,B01,138Â 305Â 632,8.0,8.0,-1.0,1636627,2.0,33,,0.0,1.0,2.0,A01,138Â 305Â 631,0.0
958958,201900000489,10,24,13:00,1,2,1,1.0,3.0,93070,MICHELET(AV):NÂ°1AU 103,M,"48,9077400","2,3442140",93,2019,50.0,1.0,1.0,3.0,2143278,1.0,1,4,1,0.0,,-1.0, -1,1999.0,B01,138Â 305Â 632,8.0,8.0,-1.0,1636628,2.0,1,,0.0,2.0,3.0,B01,138Â 305Â 632,5.0
958959,201900000490,10,23,17:46,1,2,9,2.0,2.0,93070,MICHELET(AV):NÂ°1AU 103,M,"48,9117700","2,3441200",93,2019,50.0,1.0,2.0,4.0,2143279,1.0,1,3,1,1.0,,-1.0, -1,1966.0,B01,138Â 305Â 629,1.0,0.0,-1.0,1636629,2.0,7,,0.0,2.0,4.0,B01,138Â 305Â 629,1.0
958959,201900000490,10,23,17:46,1,2,9,2.0,2.0,93070,MICHELET(AV):NÂ°1AU 103,M,"48,9117700","2,3441200",93,2019,50.0,1.0,2.0,4.0,2143279,1.0,1,3,1,1.0,,-1.0, -1,1966.0,B01,138Â 305Â 629,1.0,0.0,-1.0,1636630,2.0,7,,0.0,2.0,1.0,A01,138Â 305Â 630,1.0
958959,201900000490,10,23,17:46,1,2,9,2.0,2.0,93070,MICHELET(AV):NÂ°1AU 103,M,"48,9117700","2,3441200",93,2019,50.0,1.0,2.0,4.0,2143280,1.0,1,1,1,0.0,,-1.0, -1,1990.0,A01,138Â 305Â 630,1.0,0.0,-1.0,1636629,2.0,7,,0.0,2.0,4.0,B01,138Â 305Â 629,1.0
958959,201900000490,10,23,17:46,1,2,9,2.0,2.0,93070,MICHELET(AV):NÂ°1AU 103,M,"48,9117700","2,3441200",93,2019,50.0,1.0,2.0,4.0,2143280,1.0,1,1,1,0.0,,-1.0, -1,1990.0,A01,138Â 305Â 630,1.0,0.0,-1.0,1636630,2.0,7,,0.0,2.0,1.0,A01,138Â 305Â 630,1.0
958960,201900000491,10,21,18:25,1,2,9,1.0,6.0,93066,RIMET JULES,M,"48,9232900","2,3624800",93,2019,5.0,1.0,1.0,9.0,2143281,6.0,2,1,1,3.0,,0.0,0,1998.0,A01,138Â 305Â 628,8.0,0.0,-1.0,1636631,3.0,50,,0.0,1.0,1.0,A01,138Â 305Â 628,3.0
958960,201900000491,10,21,18:25,1,2,9,1.0,6.0,93066,RIMET JULES,M,"48,9232900","2,3624800",93,2019,5.0,1.0,1.0,9.0,2143282,10.0,3,4,2,0.0,,5.0,1,1970.0,A01,138Â 305Â 628,8.0,0.0,-1.0,1636631,3.0,50,,0.0,1.0,1.0,A01,138Â 305Â 628,3.0
958960,201900000491,10,21,18:25,1,2,9,1.0,6.0,93066,RIMET JULES,M,"48,9232900","2,3624800",93,2019,5.0,1.0,1.0,9.0,2143283,1.0,1,1,1,3.0,,0.0,0,1998.0,A01,138Â 305Â 628,8.0,0.0,-1.0,1636631,3.0,50,,0.0,1.0,1.0,A01,138Â 305Â 628,3.0
958961,201900000492,10,24,12:15,1,2,1,1.0,6.0,93077,NEUILLY (RUE DE),M,"48,8743000","2,5286600",93,2019,50.0,1.0,1.0,4.0,2143284,10.0,3,4,1,9.0,,3.0,3,2000.0,A01,138Â 305Â 627,8.0,0.0,-1.0,1636632,1.0,7,,0.0,1.0,7.0,A01,138Â 305Â 627,1.0
958961,201900000492,10,24,12:15,1,2,1,1.0,6.0,93077,NEUILLY (RUE DE),M,"48,8743000","2,5286600",93,2019,50.0,1.0,1.0,4.0,2143285,1.0,1,1,2,0.0,,-1.0, -1,1994.0,A01,138Â 305Â 627,1.0,8.0,-1.0,1636632,1.0,7,,0.0,1.0,7.0,A01,138Â 305Â 627,1.0
958962,201900000493,10,24,19:05,5,2,1,2.0,6.0,93051,DOCTEUR SUREAU,M,"48,8436200","2,5509700",93,2019,50.0,1.0,2.0,4.0,2143286,10.0,3,4,1,5.0,,3.0,3,2013.0,A01,138Â 305Â 626,8.0,0.0,-1.0,1636633,2.0,7,,0.0,1.0,2.0,A01,138Â 305Â 626,1.0
958962,201900000493,10,24,19:05,5,2,1,2.0,6.0,93051,DOCTEUR SUREAU,M,"48,8436200","2,5509700",93,2019,50.0,1.0,2.0,4.0,2143287,1.0,1,1,2,0.0,,-1.0, -1,1997.0,A01,138Â 305Â 626,1.0,8.0,-1.0,1636633,2.0,7,,0.0,1.0,2.0,A01,138Â 305Â 626,1.0
958963,201900000494,10,24,17:00,1,2,1,1.0,1.0,93063,REPUBLIQUE RUE DE LA,M,"48,8792000","2,4338000",93,2019,30.0,1.0,1.0,4.0,2143288,1.0,1,4,2,0.0,,-1.0, -1,1970.0,B01,138Â 305Â 624,1.0,0.0,-1.0,1636634,3.0,7,,0.0,2.0,1.0,B01,138Â 305Â 624,1.0
958963,201900000494,10,24,17:00,1,2,1,1.0,1.0,93063,REPUBLIQUE RUE DE LA,M,"48,8792000","2,4338000",93,2019,30.0,1.0,1.0,4.0,2143288,1.0,1,4,2,0.0,,-1.0, -1,1970.0,B01,138Â 305Â 624,1.0,0.0,-1.0,1636635,3.0,7,,0.0,2.0,1.0,A01,138Â 305Â 625,1.0
958963,201900000494,10,24,17:00,1,2,1,1.0,1.0,93063,REPUBLIQUE RUE DE LA,M,"48,8792000","2,4338000",93,2019,30.0,1.0,1.0,4.0,2143289,1.0,1,4,2,0.0,,-1.0, -1,1993.0,A01,138Â 305Â 625,1.0,0.0,-1.0,1636634,3.0,7,,0.0,2.0,1.0,B01,138Â 305Â 624,1.0
958963,201900000494,10,24,17:00,1,2,1,1.0,1.0,93063,REPUBLIQUE RUE DE LA,M,"48,8792000","2,4338000",93,2019,30.0,1.0,1.0,4.0,2143289,1.0,1,4,2,0.0,,-1.0, -1,1993.0,A01,138Â 305Â 625,1.0,0.0,-1.0,1636635,3.0,7,,0.0,2.0,1.0,A01,138Â 305Â 625,1.0
958963,201900000494,10,24,17:00,1,2,1,1.0,1.0,93063,REPUBLIQUE RUE DE LA,M,"48,8792000","2,4338000",93,2019,30.0,1.0,1.0,4.0,2143290,4.0,2,4,1,0.0,,-1.0, -1,2018.0,A01,138Â 305Â 625,1.0,0.0,-1.0,1636634,3.0,7,,0.0,2.0,1.0,B01,138Â 305Â 624,1.0
958963,201900000494,10,24,17:00,1,2,1,1.0,1.0,93063,REPUBLIQUE RUE DE LA,M,"48,8792000","2,4338000",93,2019,30.0,1.0,1.0,4.0,2143290,4.0,2,4,1,0.0,,-1.0, -1,2018.0,A01,138Â 305Â 625,1.0,0.0,-1.0,1636635,3.0,7,,0.0,2.0,1.0,A01,138Â 305Â 625,1.0
958964,201900000495,10,24,22:15,5,2,1,1.0,1.0,93027,CACHIN (AVENUE MARCEL),M,"48,9282800","2,3966200",93,2019,50.0,1.0,1.0,3.0,2143291,2.0,2,4,1,0.0,,-1.0, -1,2000.0,A01,138Â 305Â 622,1.0,0.0,-1.0,1636636,0.0,7,,14.0,0.0,1.0,A01,138Â 305Â 622,0.0
958964,201900000495,10,24,22:15,5,2,1,1.0,1.0,93027,CACHIN (AVENUE MARCEL),M,"48,9282800","2,3966200",93,2019,50.0,1.0,1.0,3.0,2143291,2.0,2,4,1,0.0,,-1.0, -1,2000.0,A01,138Â 305Â 622,1.0,0.0,-1.0,1636637,0.0,10,,0.0,0.0,0.0,B01,138Â 305Â 623,0.0
958964,201900000495,10,24,22:15,5,2,1,1.0,1.0,93027,CACHIN (AVENUE MARCEL),M,"48,9282800","2,3966200",93,2019,50.0,1.0,1.0,3.0,2143292,3.0,2,4,1,0.0,,-1.0, -1,2001.0,A01,138Â 305Â 622,1.0,0.0,-1.0,1636636,0.0,7,,14.0,0.0,1.0,A01,138Â 305Â 622,0.0
958964,201900000495,10,24,22:15,5,2,1,1.0,1.0,93027,CACHIN (AVENUE MARCEL),M,"48,9282800","2,3966200",93,2019,50.0,1.0,1.0,3.0,2143292,3.0,2,4,1,0.0,,-1.0, -1,2001.0,A01,138Â 305Â 622,1.0,0.0,-1.0,1636637,0.0,10,,0.0,0.0,0.0,B01,138Â 305Â 623,0.0
958964,201900000495,10,24,22:15,5,2,1,1.0,1.0,93027,CACHIN (AVENUE MARCEL),M,"48,9282800","2,3966200",93,2019,50.0,1.0,1.0,3.0,2143293,1.0,1,4,1,5.0,,-1.0, -1,2001.0,A01,138Â 305Â 622,8.0,0.0,-1.0,1636636,0.0,7,,14.0,0.0,1.0,A01,138Â 305Â 622,0.0
958964,201900000495,10,24,22:15,5,2,1,1.0,1.0,93027,CACHIN (AVENUE MARCEL),M,"48,9282800","2,3966200",93,2019,50.0,1.0,1.0,3.0,2143293,1.0,1,4,1,5.0,,-1.0, -1,2001.0,A01,138Â 305Â 622,8.0,0.0,-1.0,1636637,0.0,10,,0.0,0.0,0.0,B01,138Â 305Â 623,0.0
958964,201900000495,10,24,22:15,5,2,1,1.0,1.0,93027,CACHIN (AVENUE MARCEL),M,"48,9282800","2,3966200",93,2019,50.0,1.0,1.0,3.0,2143294,1.0,1,1,1,0.0,,-1.0, -1,1988.0,B01,138Â 305Â 623,1.0,0.0,-1.0,1636636,0.0,7,,14.0,0.0,1.0,A01,138Â 305Â 622,0.0
958964,201900000495,10,24,22:15,5,2,1,1.0,1.0,93027,CACHIN (AVENUE MARCEL),M,"48,9282800","2,3966200",93,2019,50.0,1.0,1.0,3.0,2143294,1.0,1,1,1,0.0,,-1.0, -1,1988.0,B01,138Â 305Â 623,1.0,0.0,-1.0,1636637,0.0,10,,0.0,0.0,0.0,B01,138Â 305Â 623,0.0
958965,201900000496,10,24,17:10,1,2,1,1.0,6.0,93010,GALLIENI (AV.) CONFORAMA 53,M,"48,9060500","2,4764080",93,2019,20.0,1.0,1.0,3.0,2143295,10.0,3,4,2,5.0,,9.0,B,1940.0,A01,138Â 305Â 621,8.0,0.0,-1.0,1636638,3.0,7,,0.0,1.0,4.0,A01,138Â 305Â 621,1.0
958965,201900000496,10,24,17:10,1,2,1,1.0,6.0,93010,GALLIENI (AV.) CONFORAMA 53,M,"48,9060500","2,4764080",93,2019,20.0,1.0,1.0,3.0,2143296,1.0,1,1,1,5.0,,-1.0, -1,1993.0,A01,138Â 305Â 621,1.0,0.0,-1.0,1636638,3.0,7,,0.0,1.0,4.0,A01,138Â 305Â 621,1.0
958966,201900000497,10,23,17:09,1,2,1,2.0,3.0,92072,VILLE D'AVRAY (RUE DE ),M,"48,8258145","2,2055540",92,2019,50.0,1.0,2.0,3.0,2143297,1.0,1,4,1,2.0,,-1.0,0,1998.0,A01,138Â 305Â 619,2.0,6.0,-1.0,1636639,3.0,33,,0.0,2.0,2.0,A01,138Â 305Â 619,1.0
958966,201900000497,10,23,17:09,1,2,1,2.0,3.0,92072,VILLE D'AVRAY (RUE DE ),M,"48,8258145","2,2055540",92,2019,50.0,1.0,2.0,3.0,2143297,1.0,1,4,1,2.0,,-1.0,0,1998.0,A01,138Â 305Â 619,2.0,6.0,-1.0,1636640,3.0,80,,0.0,2.0,8.0,B01,138Â 305Â 620,3.0
958966,201900000497,10,23,17:09,1,2,1,2.0,3.0,92072,VILLE D'AVRAY (RUE DE ),M,"48,8258145","2,2055540",92,2019,50.0,1.0,2.0,3.0,2143298,1.0,1,4,2,0.0,,-1.0,0,1985.0,B01,138Â 305Â 620,8.0,0.0,-1.0,1636639,3.0,33,,0.0,2.0,2.0,A01,138Â 305Â 619,1.0
958966,201900000497,10,23,17:09,1,2,1,2.0,3.0,92072,VILLE D'AVRAY (RUE DE ),M,"48,8258145","2,2055540",92,2019,50.0,1.0,2.0,3.0,2143298,1.0,1,4,2,0.0,,-1.0,0,1985.0,B01,138Â 305Â 620,8.0,0.0,-1.0,1636640,3.0,80,,0.0,2.0,8.0,B01,138Â 305Â 620,3.0
958967,201900000498,10,24,18:25,1,2,1,1.0,6.0,92064,DAILLY,M,"48,8451000","2,2176000",92,2019,50.0,1.0,1.0,3.0,2143299,1.0,1,1,1,4.0,,-1.0,0,1972.0,A01,138Â 305Â 617,8.0,0.0,-1.0,1636641,2.0,7,,0.0,2.0,8.0,A01,138Â 305Â 617,1.0
958967,201900000498,10,24,18:25,1,2,1,1.0,6.0,92064,DAILLY,M,"48,8451000","2,2176000",92,2019,50.0,1.0,1.0,3.0,2143299,1.0,1,1,1,4.0,,-1.0,0,1972.0,A01,138Â 305Â 617,8.0,0.0,-1.0,1636642,2.0,1,,1.0,0.0,1.0,B01,138Â 305Â 618,5.0
958967,201900000498,10,24,18:25,1,2,1,1.0,6.0,92064,DAILLY,M,"48,8451000","2,2176000",92,2019,50.0,1.0,1.0,3.0,2143300,2.0,1,4,2,1.0,,-1.0,0,1993.0,B01,138Â 305Â 618,8.0,0.0,-1.0,1636641,2.0,7,,0.0,2.0,8.0,A01,138Â 305Â 617,1.0
958967,201900000498,10,24,18:25,1,2,1,1.0,6.0,92064,DAILLY,M,"48,8451000","2,2176000",92,2019,50.0,1.0,1.0,3.0,2143300,2.0,1,4,2,1.0,,-1.0,0,1993.0,B01,138Â 305Â 618,8.0,0.0,-1.0,1636642,2.0,1,,1.0,0.0,1.0,B01,138Â 305Â 618,5.0
958968,201900000499,10,24,09:30,1,2,1,1.0,6.0,92076,CAZES,M,"48,8388800","2,1643300",92,2019,50.0,1.0,1.0,4.0,2143301,1.0,1,1,1,5.0,,-1.0,0,1983.0,A01,138Â 305Â 616,8.0,0.0,-1.0,1636643,2.0,10,,0.0,1.0,1.0,A01,138Â 305Â 616,0.0
958968,201900000499,10,24,09:30,1,2,1,1.0,6.0,92076,CAZES,M,"48,8388800","2,1643300",92,2019,50.0,1.0,1.0,4.0,2143302,10.0,3,4,1,0.0,,3.0,3,1978.0,A01,138Â 305Â 616,8.0,0.0,-1.0,1636643,2.0,10,,0.0,1.0,1.0,A01,138Â 305Â 616,0.0
958969,201900000500,10,24,19:25,5,2,3,1.0,3.0,92051,CHATEAU (RUE DU),M,"48,8868600","2,2632700",92,2019,50.0,1.0,1.0,4.0,2143303,10.0,3,4,2,0.0,,3.0,3,1980.0,A01,138Â 305Â 614,0.0,0.0,0.0,1636644,2.0,7,,0.0,1.0,8.0,A01,138Â 305Â 614,1.0
958969,201900000500,10,24,19:25,5,2,3,1.0,3.0,92051,CHATEAU (RUE DU),M,"48,8868600","2,2632700",92,2019,50.0,1.0,1.0,4.0,2143303,10.0,3,4,2,0.0,,3.0,3,1980.0,A01,138Â 305Â 614,0.0,0.0,0.0,1636645,2.0,0,,0.0,2.0,3.0,AB01,138Â 305Â 615,5.0
958969,201900000500,10,24,19:25,5,2,3,1.0,3.0,92051,CHATEAU (RUE DU),M,"48,8868600","2,2632700",92,2019,50.0,1.0,1.0,4.0,2143304,1.0,1,1,1,9.0,,-1.0,0,1933.0,A01,138Â 305Â 614,1.0,5.0,-1.0,1636644,2.0,7,,0.0,1.0,8.0,A01,138Â 305Â 614,1.0
958969,201900000500,10,24,19:25,5,2,3,1.0,3.0,92051,CHATEAU (RUE DU),M,"48,8868600","2,2632700",92,2019,50.0,1.0,1.0,4.0,2143304,1.0,1,1,1,9.0,,-1.0,0,1933.0,A01,138Â 305Â 614,1.0,5.0,-1.0,1636645,2.0,0,,0.0,2.0,3.0,AB01,138Â 305Â 615,5.0
958970,201900000501,10,24,20:00,5,2,3,1.0,5.0,92050,PICASSO PABLO AVENUE,M,"48,8903000","2,2187200",92,2019,50.0,1.0,1.0,4.0,2143305,1.0,1,4,1,0.0,,-1.0,0,1987.0,C01,138Â 305Â 610,1.0,0.0,-1.0,1636646,1.0,7,,0.0,2.0,1.0,C01,138Â 305Â 610,1.0
958970,201900000501,10,24,20:00,5,2,3,1.0,5.0,92050,PICASSO PABLO AVENUE,M,"48,8903000","2,2187200",92,2019,50.0,1.0,1.0,4.0,2143305,1.0,1,4,1,0.0,,-1.0,0,1987.0,C01,138Â 305Â 610,1.0,0.0,-1.0,1636647,1.0,7,,0.0,2.0,3.0,A01,138Â 305Â 611,1.0
958970,201900000501,10,24,20:00,5,2,3,1.0,5.0,92050,PICASSO PABLO AVENUE,M,"48,8903000","2,2187200",92,2019,50.0,1.0,1.0,4.0,2143305,1.0,1,4,1,0.0,,-1.0,0,1987.0,C01,138Â 305Â 610,1.0,0.0,-1.0,1636648,3.0,7,,0.0,2.0,6.0,D01,138Â 305Â 612,1.0
958970,201900000501,10,24,20:00,5,2,3,1.0,5.0,92050,PICASSO PABLO AVENUE,M,"48,8903000","2,2187200",92,2019,50.0,1.0,1.0,4.0,2143305,1.0,1,4,1,0.0,,-1.0,0,1987.0,C01,138Â 305Â 610,1.0,0.0,-1.0,1636649,1.0,33,,0.0,2.0,5.0,B01,138Â 305Â 613,1.0
958970,201900000501,10,24,20:00,5,2,3,1.0,5.0,92050,PICASSO PABLO AVENUE,M,"48,8903000","2,2187200",92,2019,50.0,1.0,1.0,4.0,2143306,2.0,2,4,2,0.0,,-1.0,0,1986.0,C01,138Â 305Â 610,1.0,0.0,-1.0,1636646,1.0,7,,0.0,2.0,1.0,C01,138Â 305Â 610,1.0
958970,201900000501,10,24,20:00,5,2,3,1.0,5.0,92050,PICASSO PABLO AVENUE,M,"48,8903000","2,2187200",92,2019,50.0,1.0,1.0,4.0,2143306,2.0,2,4,2,0.0,,-1.0,0,1986.0,C01,138Â 305Â 610,1.0,0.0,-1.0,1636647,1.0,7,,0.0,2.0,3.0,A01,138Â 305Â 611,1.0
958970,201900000501,10,24,20:00,5,2,3,1.0,5.0,92050,PICASSO PABLO AVENUE,M,"48,8903000","2,2187200",92,2019,50.0,1.0,1.0,4.0,2143306,2.0,2,4,2,0.0,,-1.0,0,1986.0,C01,138Â 305Â 610,1.0,0.0,-1.0,1636648,3.0,7,,0.0,2.0,6.0,D01,138Â 305Â 612,1.0
958970,201900000501,10,24,20:00,5,2,3,1.0,5.0,92050,PICASSO PABLO AVENUE,M,"48,8903000","2,2187200",92,2019,50.0,1.0,1.0,4.0,2143306,2.0,2,4,2,0.0,,-1.0,0,1986.0,C01,138Â 305Â 610,1.0,0.0,-1.0,1636649,1.0,33,,0.0,2.0,5.0,B01,138Â 305Â 613,1.0
958970,201900000501,10,24,20:00,5,2,3,1.0,5.0,92050,PICASSO PABLO AVENUE,M,"48,8903000","2,2187200",92,2019,50.0,1.0,1.0,4.0,2143307,1.0,1,1,2,1.0,,-1.0,0,1979.0,A01,138Â 305Â 611,1.0,0.0,-1.0,1636646,1.0,7,,0.0,2.0,1.0,C01,138Â 305Â 610,1.0
958970,201900000501,10,24,20:00,5,2,3,1.0,5.0,92050,PICASSO PABLO AVENUE,M,"48,8903000","2,2187200",92,2019,50.0,1.0,1.0,4.0,2143307,1.0,1,1,2,1.0,,-1.0,0,1979.0,A01,138Â 305Â 611,1.0,0.0,-1.0,1636647,1.0,7,,0.0,2.0,3.0,A01,138Â 305Â 611,1.0
958970,201900000501,10,24,20:00,5,2,3,1.0,5.0,92050,PICASSO PABLO AVENUE,M,"48,8903000","2,2187200",92,2019,50.0,1.0,1.0,4.0,2143307,1.0,1,1,2,1.0,,-1.0,0,1979.0,A01,138Â 305Â 611,1.0,0.0,-1.0,1636648,3.0,7,,0.0,2.0,6.0,D01,138Â 305Â 612,1.0
958970,201900000501,10,24,20:00,5,2,3,1.0,5.0,92050,PICASSO PABLO AVENUE,M,"48,8903000","2,2187200",92,2019,50.0,1.0,1.0,4.0,2143307,1.0,1,1,2,1.0,,-1.0,0,1979.0,A01,138Â 305Â 611,1.0,0.0,-1.0,1636649,1.0,33,,0.0,2.0,5.0,B01,138Â 305Â 613,1.0
958970,201900000501,10,24,20:00,5,2,3,1.0,5.0,92050,PICASSO PABLO AVENUE,M,"48,8903000","2,2187200",92,2019,50.0,1.0,1.0,4.0,2143308,1.0,1,1,1,0.0,,-1.0,0,1996.0,D01,138Â 305Â 612,1.0,0.0,-1.0,1636646,1.0,7,,0.0,2.0,1.0,C01,138Â 305Â 610,1.0
958970,201900000501,10,24,20:00,5,2,3,1.0,5.0,92050,PICASSO PABLO AVENUE,M,"48,8903000","2,2187200",92,2019,50.0,1.0,1.0,4.0,2143308,1.0,1,1,1,0.0,,-1.0,0,1996.0,D01,138Â 305Â 612,1.0,0.0,-1.0,1636647,1.0,7,,0.0,2.0,3.0,A01,138Â 305Â 611,1.0
958970,201900000501,10,24,20:00,5,2,3,1.0,5.0,92050,PICASSO PABLO AVENUE,M,"48,8903000","2,2187200",92,2019,50.0,1.0,1.0,4.0,2143308,1.0,1,1,1,0.0,,-1.0,0,1996.0,D01,138Â 305Â 612,1.0,0.0,-1.0,1636648,3.0,7,,0.0,2.0,6.0,D01,138Â 305Â 612,1.0
958970,201900000501,10,24,20:00,5,2,3,1.0,5.0,92050,PICASSO PABLO AVENUE,M,"48,8903000","2,2187200",92,2019,50.0,1.0,1.0,4.0,2143308,1.0,1,1,1,0.0,,-1.0,0,1996.0,D01,138Â 305Â 612,1.0,0.0,-1.0,1636649,1.0,33,,0.0,2.0,5.0,B01,138Â 305Â 613,1.0
958970,201900000501,10,24,20:00,5,2,3,1.0,5.0,92050,PICASSO PABLO AVENUE,M,"48,8903000","2,2187200",92,2019,50.0,1.0,1.0,4.0,2143309,2.0,2,1,1,0.0,,-1.0,0,1991.0,D01,138Â 305Â 612,1.0,0.0,-1.0,1636646,1.0,7,,0.0,2.0,1.0,C01,138Â 305Â 610,1.0
958970,201900000501,10,24,20:00,5,2,3,1.0,5.0,92050,PICASSO PABLO AVENUE,M,"48,8903000","2,2187200",92,2019,50.0,1.0,1.0,4.0,2143309,2.0,2,1,1,0.0,,-1.0,0,1991.0,D01,138Â 305Â 612,1.0,0.0,-1.0,1636647,1.0,7,,0.0,2.0,3.0,A01,138Â 305Â 611,1.0
958970,201900000501,10,24,20:00,5,2,3,1.0,5.0,92050,PICASSO PABLO AVENUE,M,"48,8903000","2,2187200",92,2019,50.0,1.0,1.0,4.0,2143309,2.0,2,1,1,0.0,,-1.0,0,1991.0,D01,138Â 305Â 612,1.0,0.0,-1.0,1636648,3.0,7,,0.0,2.0,6.0,D01,138Â 305Â 612,1.0
958970,201900000501,10,24,20:00,5,2,3,1.0,5.0,92050,PICASSO PABLO AVENUE,M,"48,8903000","2,2187200",92,2019,50.0,1.0,1.0,4.0,2143309,2.0,2,1,1,0.0,,-1.0,0,1991.0,D01,138Â 305Â 612,1.0,0.0,-1.0,1636649,1.0,33,,0.0,2.0,5.0,B01,138Â 305Â 613,1.0
958970,201900000501,10,24,20:00,5,2,3,1.0,5.0,92050,PICASSO PABLO AVENUE,M,"48,8903000","2,2187200",92,2019,50.0,1.0,1.0,4.0,2143310,1.0,1,1,1,9.0,,-1.0,0,1974.0,B01,138Â 305Â 613,2.0,0.0,-1.0,1636646,1.0,7,,0.0,2.0,1.0,C01,138Â 305Â 610,1.0
958970,201900000501,10,24,20:00,5,2,3,1.0,5.0,92050,PICASSO PABLO AVENUE,M,"48,8903000","2,2187200",92,2019,50.0,1.0,1.0,4.0,2143310,1.0,1,1,1,9.0,,-1.0,0,1974.0,B01,138Â 305Â 613,2.0,0.0,-1.0,1636647,1.0,7,,0.0,2.0,3.0,A01,138Â 305Â 611,1.0
958970,201900000501,10,24,20:00,5,2,3,1.0,5.0,92050,PICASSO PABLO AVENUE,M,"48,8903000","2,2187200",92,2019,50.0,1.0,1.0,4.0,2143310,1.0,1,1,1,9.0,,-1.0,0,1974.0,B01,138Â 305Â 613,2.0,0.0,-1.0,1636648,3.0,7,,0.0,2.0,6.0,D01,138Â 305Â 612,1.0