Unnamed: 0_x,num_acc,mois,jour,hrmn,lum,agg,int,atm,col,com,adr,gps,lat,long,dep,annee,vma,situ,surf,catr,Unnamed: 0_y,place,catu,grav,sexe,trajet,secu,locp,actp,an_nais,num_veh_x,id_vehicule_x,secu1,secu2,secu3,Unnamed: 0,senc,catv,occutc,obs,obsm,choc,num_veh_y,id_vehicule_y,motor
958970,201900000501,10,24,20:00,5,2,3,1.0,5.0,92050,PICASSO PABLO AVENUE,M,"48,8903000","2,2187200",92,2019,50.0,1.0,1.0,4.0,2143310,1.0,1,1,1,9.0,,-1.0,0,1974.0,B01,138Â 305Â 613,2.0,0.0,-1.0,1636649,1.0,33,,0.0,2.0,5.0,B01,138Â 305Â 613,1.0
958971,201900000502,10,23,19:20,5,2,1,8.0,3.0,92049,BRIAND AVENUE ARISTIDE AUTRES NÂ°,M,"48,8147990","2,3256940",92,2019,50.0,1.0,2.0,3.0,2143311,1.0,1,1,2,1.0,,-1.0,0,1971.0,B01,138Â 305Â 608,1.0,0.0,-1.0,1636650,1.0,7,,0.0,2.0,5.0,B01,138Â 305Â 608,1.0
958971,201900000502,10,23,19:20,5,2,1,8.0,3.0,92049,BRIAND AVENUE ARISTIDE AUTRES NÂ°,M,"48,8147990","2,3256940",92,2019,50.0,1.0,2.0,3.0,2143311,1.0,1,1,2,1.0,,-1.0,0,1971.0,B01,138Â 305Â 608,1.0,0.0,-1.0,1636651,1.0,32,,0.0,2.0,1.0,A01,138Â 305Â 609,1.0
958971,201900000502,10,23,19:20,5,2,1,8.0,3.0,92049,BRIAND AVENUE ARISTIDE AUTRES NÂ°,M,"48,8147990","2,3256940",92,2019,50.0,1.0,2.0,3.0,2143312,2.0,1,4,1,3.0,,-1.0,0,1990.0,A01,138Â 305Â 609,2.0,6.0,-1.0,1636650,1.0,7,,0.0,2.0,5.0,B01,138Â 305Â 608,1.0
958971,201900000502,10,23,19:20,5,2,1,8.0,3.0,92049,BRIAND AVENUE ARISTIDE AUTRES NÂ°,M,"48,8147990","2,3256940",92,2019,50.0,1.0,2.0,3.0,2143312,2.0,1,4,1,3.0,,-1.0,0,1990.0,A01,138Â 305Â 609,2.0,6.0,-1.0,1636651,1.0,32,,0.0,2.0,1.0,A01,138Â 305Â 609,1.0
958972,201900000503,10,23,15:00,1,2,1,2.0,7.0,92049,BROSSOLETTE AVENUE PIERRE,M,"48,8118895","2,3006251",92,2019,50.0,1.0,2.0,3.0,2143313,1.0,1,4,1,4.0,,-1.0,0,1962.0,A01,138Â 305Â 607,2.0,6.0,-1.0,1636652,2.0,33,,0.0,0.0,0.0,A01,138Â 305Â 607,0.0
958973,201900000504,7,7,04:10,1,2,4,1.0,6.0,92044,TREZEL(RUE) 1A13 ET 2A10,M,"48,8943606","2,2956479",92,2019,50.0,1.0,1.0,4.0,2143314,1.0,1,1,1,0.0,,-1.0,0,1969.0,A01,138Â 305Â 605,1.0,0.0,-1.0,1636653,1.0,7,,0.0,9.0,3.0,A01,138Â 305Â 605,1.0
958973,201900000504,7,7,04:10,1,2,4,1.0,6.0,92044,TREZEL(RUE) 1A13 ET 2A10,M,"48,8943606","2,2956479",92,2019,50.0,1.0,1.0,4.0,2143314,1.0,1,1,1,0.0,,-1.0,0,1969.0,A01,138Â 305Â 605,1.0,0.0,-1.0,1636654,1.0,60,,0.0,2.0,1.0,B01,138Â 305Â 606,5.0
958973,201900000504,7,7,04:10,1,2,4,1.0,6.0,92044,TREZEL(RUE) 1A13 ET 2A10,M,"48,8943606","2,2956479",92,2019,50.0,1.0,1.0,4.0,2143315,1.0,1,4,1,0.0,,-1.0,0,1978.0,B01,138Â 305Â 606,8.0,0.0,-1.0,1636653,1.0,7,,0.0,9.0,3.0,A01,138Â 305Â 605,1.0
958973,201900000504,7,7,04:10,1,2,4,1.0,6.0,92044,TREZEL(RUE) 1A13 ET 2A10,M,"48,8943606","2,2956479",92,2019,50.0,1.0,1.0,4.0,2143315,1.0,1,4,1,0.0,,-1.0,0,1978.0,B01,138Â 305Â 606,8.0,0.0,-1.0,1636654,1.0,60,,0.0,2.0,1.0,B01,138Â 305Â 606,5.0
958974,201900000505,10,24,15:20,1,2,3,1.0,6.0,92036,LAURENT CELY (AVENUE) (145/329),M,"48,9244719","2,3044535",92,2019,50.0,1.0,1.0,3.0,2143316,1.0,1,4,1,5.0,,-1.0,0,1997.0,A01,138Â 305Â 604,9.0,0.0,0.0,1636655,1.0,99,,8.0,1.0,2.0,A01,138Â 305Â 604,1.0
958975,201900000506,10,21,15:10,1,2,6,1.0,3.0,92036,PRINCIPALE DU PORT (ROUTE) (1/17),M,"48,9397300","2,2867900",92,2019,50.0,1.0,1.0,4.0,2143317,1.0,1,4,2,3.0,,-1.0,0,1994.0,A01,138Â 305Â 602,1.0,8.0,-1.0,1636656,1.0,7,,0.0,2.0,3.0,A01,138Â 305Â 602,1.0
958975,201900000506,10,21,15:10,1,2,6,1.0,3.0,92036,PRINCIPALE DU PORT (ROUTE) (1/17),M,"48,9397300","2,2867900",92,2019,50.0,1.0,1.0,4.0,2143317,1.0,1,4,2,3.0,,-1.0,0,1994.0,A01,138Â 305Â 602,1.0,8.0,-1.0,1636657,1.0,7,,0.0,2.0,1.0,B01,138Â 305Â 603,1.0
958975,201900000506,10,21,15:10,1,2,6,1.0,3.0,92036,PRINCIPALE DU PORT (ROUTE) (1/17),M,"48,9397300","2,2867900",92,2019,50.0,1.0,1.0,4.0,2143318,1.0,1,4,2,9.0,,-1.0,0,1993.0,B01,138Â 305Â 603,1.0,8.0,-1.0,1636656,1.0,7,,0.0,2.0,3.0,A01,138Â 305Â 602,1.0
958975,201900000506,10,21,15:10,1,2,6,1.0,3.0,92036,PRINCIPALE DU PORT (ROUTE) (1/17),M,"48,9397300","2,2867900",92,2019,50.0,1.0,1.0,4.0,2143318,1.0,1,4,2,9.0,,-1.0,0,1993.0,B01,138Â 305Â 603,1.0,8.0,-1.0,1636657,1.0,7,,0.0,2.0,1.0,B01,138Â 305Â 603,1.0
958976,201900000507,10,24,16:00,1,2,9,1.0,1.0,92026,MISSION MARCHAND (COTE PAIR),M,"48,9013100","2,2399400",92,2019,50.0,1.0,1.0,5.0,2143319,1.0,1,4,2,1.0,,-1.0,0,1991.0,B01,138Â 305Â 600,8.0,0.0,-1.0,1636658,3.0,60,,0.0,2.0,1.0,B01,138Â 305Â 600,5.0
958976,201900000507,10,24,16:00,1,2,9,1.0,1.0,92026,MISSION MARCHAND (COTE PAIR),M,"48,9013100","2,2399400",92,2019,50.0,1.0,1.0,5.0,2143319,1.0,1,4,2,1.0,,-1.0,0,1991.0,B01,138Â 305Â 600,8.0,0.0,-1.0,1636659,3.0,7,,6.0,2.0,3.0,A01,138Â 305Â 601,0.0
958976,201900000507,10,24,16:00,1,2,9,1.0,1.0,92026,MISSION MARCHAND (COTE PAIR),M,"48,9013100","2,2399400",92,2019,50.0,1.0,1.0,5.0,2143320,1.0,1,1,2,1.0,,-1.0,0,1977.0,A01,138Â 305Â 601,8.0,8.0,-1.0,1636658,3.0,60,,0.0,2.0,1.0,B01,138Â 305Â 600,5.0
958976,201900000507,10,24,16:00,1,2,9,1.0,1.0,92026,MISSION MARCHAND (COTE PAIR),M,"48,9013100","2,2399400",92,2019,50.0,1.0,1.0,5.0,2143320,1.0,1,1,2,1.0,,-1.0,0,1977.0,A01,138Â 305Â 601,8.0,8.0,-1.0,1636659,3.0,7,,6.0,2.0,3.0,A01,138Â 305Â 601,0.0
958977,201900000508,10,24,19:00,2,2,1,1.0,6.0,92012,VIEUX PONT DE SEVRES (RUE DU) 100/170 -,M,"48,8313400","2,2418400",92,2019,30.0,1.0,1.0,4.0,2143321,10.0,3,4,2,5.0,,3.0,3,2014.0,A01,138Â 305Â 599,8.0,0.0,-1.0,1636660,1.0,7,,0.0,1.0,2.0,A01,138Â 305Â 599,1.0
958977,201900000508,10,24,19:00,2,2,1,1.0,6.0,92012,VIEUX PONT DE SEVRES (RUE DU) 100/170 -,M,"48,8313400","2,2418400",92,2019,30.0,1.0,1.0,4.0,2143322,1.0,1,1,2,5.0,,0.0,0,1988.0,A01,138Â 305Â 599,1.0,0.0,-1.0,1636660,1.0,7,,0.0,1.0,2.0,A01,138Â 305Â 599,1.0
958978,201900000509,10,25,13:30,1,1,1,1.0,3.0,54364,D331,M,"48,6005020","6,1163960",54,2019,80.0,1.0,1.0,3.0,2143323,1.0,1,1,1,4.0,,0.0,0,1981.0,B01,138Â 305Â 597,1.0,-1.0,-1.0,1636661,2.0,17,,0.0,2.0,8.0,B01,138Â 305Â 597,1.0
958978,201900000509,10,25,13:30,1,1,1,1.0,3.0,54364,D331,M,"48,6005020","6,1163960",54,2019,80.0,1.0,1.0,3.0,2143323,1.0,1,1,1,4.0,,0.0,0,1981.0,B01,138Â 305Â 597,1.0,-1.0,-1.0,1636662,1.0,7,,0.0,2.0,3.0,A01,138Â 305Â 598,1.0
958978,201900000509,10,25,13:30,1,1,1,1.0,3.0,54364,D331,M,"48,6005020","6,1163960",54,2019,80.0,1.0,1.0,3.0,2143324,1.0,1,4,1,1.0,,0.0,0,1999.0,A01,138Â 305Â 598,1.0,-1.0,-1.0,1636661,2.0,17,,0.0,2.0,8.0,B01,138Â 305Â 597,1.0
958978,201900000509,10,25,13:30,1,1,1,1.0,3.0,54364,D331,M,"48,6005020","6,1163960",54,2019,80.0,1.0,1.0,3.0,2143324,1.0,1,4,1,1.0,,0.0,0,1999.0,A01,138Â 305Â 598,1.0,-1.0,-1.0,1636662,1.0,7,,0.0,2.0,3.0,A01,138Â 305Â 598,1.0
958978,201900000509,10,25,13:30,1,1,1,1.0,3.0,54364,D331,M,"48,6005020","6,1163960",54,2019,80.0,1.0,1.0,3.0,2143325,2.0,2,4,2,1.0,,0.0,0,1996.0,A01,138Â 305Â 598,1.0,-1.0,-1.0,1636661,2.0,17,,0.0,2.0,8.0,B01,138Â 305Â 597,1.0
958978,201900000509,10,25,13:30,1,1,1,1.0,3.0,54364,D331,M,"48,6005020","6,1163960",54,2019,80.0,1.0,1.0,3.0,2143325,2.0,2,4,2,1.0,,0.0,0,1996.0,A01,138Â 305Â 598,1.0,-1.0,-1.0,1636662,1.0,7,,0.0,2.0,3.0,A01,138Â 305Â 598,1.0
958979,201900000510,10,24,06:15,3,1,1,1.0,3.0,01333,D4,M,"45,9260800","4,9658630",1,2019,80.0,1.0,2.0,3.0,2143326,1.0,1,1,1,0.0,,0.0,0,1965.0,B01,138Â 305Â 595,1.0,-1.0,-1.0,1636663,1.0,7,,0.0,2.0,3.0,B01,138Â 305Â 595,1.0
958979,201900000510,10,24,06:15,3,1,1,1.0,3.0,01333,D4,M,"45,9260800","4,9658630",1,2019,80.0,1.0,2.0,3.0,2143326,1.0,1,1,1,0.0,,0.0,0,1965.0,B01,138Â 305Â 595,1.0,-1.0,-1.0,1636664,2.0,32,,0.0,2.0,1.0,A01,138Â 305Â 596,1.0
958979,201900000510,10,24,06:15,3,1,1,1.0,3.0,01333,D4,M,"45,9260800","4,9658630",1,2019,80.0,1.0,2.0,3.0,2143327,1.0,1,4,1,1.0,,0.0,0,1977.0,A01,138Â 305Â 596,2.0,-1.0,-1.0,1636663,1.0,7,,0.0,2.0,3.0,B01,138Â 305Â 595,1.0
958979,201900000510,10,24,06:15,3,1,1,1.0,3.0,01333,D4,M,"45,9260800","4,9658630",1,2019,80.0,1.0,2.0,3.0,2143327,1.0,1,4,1,1.0,,0.0,0,1977.0,A01,138Â 305Â 596,2.0,-1.0,-1.0,1636664,2.0,32,,0.0,2.0,1.0,A01,138Â 305Â 596,1.0
958980,201900000511,10,18,18:36,3,1,4,3.0,4.0,68020,D39,M,"47,8173310","7,5333460",68,2019,80.0,1.0,2.0,3.0,2143328,1.0,1,1,1,1.0,,0.0,0,1959.0,C01,138Â 305Â 592,1.0,-1.0,-1.0,1636665,1.0,7,,0.0,2.0,4.0,C01,138Â 305Â 592,1.0
958980,201900000511,10,18,18:36,3,1,4,3.0,4.0,68020,D39,M,"47,8173310","7,5333460",68,2019,80.0,1.0,2.0,3.0,2143328,1.0,1,1,1,1.0,,0.0,0,1959.0,C01,138Â 305Â 592,1.0,-1.0,-1.0,1636666,1.0,7,,0.0,2.0,4.0,B01,138Â 305Â 593,1.0
958980,201900000511,10,18,18:36,3,1,4,3.0,4.0,68020,D39,M,"47,8173310","7,5333460",68,2019,80.0,1.0,2.0,3.0,2143328,1.0,1,1,1,1.0,,0.0,0,1959.0,C01,138Â 305Â 592,1.0,-1.0,-1.0,1636667,1.0,7,,0.0,2.0,1.0,A01,138Â 305Â 594,1.0
958980,201900000511,10,18,18:36,3,1,4,3.0,4.0,68020,D39,M,"47,8173310","7,5333460",68,2019,80.0,1.0,2.0,3.0,2143329,1.0,1,1,2,1.0,,0.0,0,1974.0,B01,138Â 305Â 593,1.0,-1.0,-1.0,1636665,1.0,7,,0.0,2.0,4.0,C01,138Â 305Â 592,1.0
958980,201900000511,10,18,18:36,3,1,4,3.0,4.0,68020,D39,M,"47,8173310","7,5333460",68,2019,80.0,1.0,2.0,3.0,2143329,1.0,1,1,2,1.0,,0.0,0,1974.0,B01,138Â 305Â 593,1.0,-1.0,-1.0,1636666,1.0,7,,0.0,2.0,4.0,B01,138Â 305Â 593,1.0
958980,201900000511,10,18,18:36,3,1,4,3.0,4.0,68020,D39,M,"47,8173310","7,5333460",68,2019,80.0,1.0,2.0,3.0,2143329,1.0,1,1,2,1.0,,0.0,0,1974.0,B01,138Â 305Â 593,1.0,-1.0,-1.0,1636667,1.0,7,,0.0,2.0,1.0,A01,138Â 305Â 594,1.0
958980,201900000511,10,18,18:36,3,1,4,3.0,4.0,68020,D39,M,"47,8173310","7,5333460",68,2019,80.0,1.0,2.0,3.0,2143330,1.0,1,4,1,1.0,,0.0,0,1996.0,A01,138Â 305Â 594,1.0,-1.0,-1.0,1636665,1.0,7,,0.0,2.0,4.0,C01,138Â 305Â 592,1.0
958980,201900000511,10,18,18:36,3,1,4,3.0,4.0,68020,D39,M,"47,8173310","7,5333460",68,2019,80.0,1.0,2.0,3.0,2143330,1.0,1,4,1,1.0,,0.0,0,1996.0,A01,138Â 305Â 594,1.0,-1.0,-1.0,1636666,1.0,7,,0.0,2.0,4.0,B01,138Â 305Â 593,1.0
958980,201900000511,10,18,18:36,3,1,4,3.0,4.0,68020,D39,M,"47,8173310","7,5333460",68,2019,80.0,1.0,2.0,3.0,2143330,1.0,1,4,1,1.0,,0.0,0,1996.0,A01,138Â 305Â 594,1.0,-1.0,-1.0,1636667,1.0,7,,0.0,2.0,1.0,A01,138Â 305Â 594,1.0
958981,201900000512,10,25,09:50,1,1,1,2.0,4.0,22389,Yffiniac,M,"48,4820030"," -2,6853060",22,2019,110.0,1.0,2.0,2.0,2143331,2.0,2,1,2,9.0,,0.0,0,1946.0,A01,138Â 305Â 589,1.0,5.0,-1.0,1636668,2.0,7,,0.0,2.0,1.0,A01,138Â 305Â 589,1.0
958981,201900000512,10,25,09:50,1,1,1,2.0,4.0,22389,Yffiniac,M,"48,4820030"," -2,6853060",22,2019,110.0,1.0,2.0,2.0,2143331,2.0,2,1,2,9.0,,0.0,0,1946.0,A01,138Â 305Â 589,1.0,5.0,-1.0,1636669,2.0,7,,0.0,2.0,4.0,B01,138Â 305Â 590,1.0
958981,201900000512,10,25,09:50,1,1,1,2.0,4.0,22389,Yffiniac,M,"48,4820030"," -2,6853060",22,2019,110.0,1.0,2.0,2.0,2143331,2.0,2,1,2,9.0,,0.0,0,1946.0,A01,138Â 305Â 589,1.0,5.0,-1.0,1636670,2.0,7,,0.0,2.0,6.0,C01,138Â 305Â 591,1.0
958981,201900000512,10,25,09:50,1,1,1,2.0,4.0,22389,Yffiniac,M,"48,4820030"," -2,6853060",22,2019,110.0,1.0,2.0,2.0,2143332,1.0,1,1,1,5.0,,0.0,0,1943.0,A01,138Â 305Â 589,1.0,5.0,-1.0,1636668,2.0,7,,0.0,2.0,1.0,A01,138Â 305Â 589,1.0
958981,201900000512,10,25,09:50,1,1,1,2.0,4.0,22389,Yffiniac,M,"48,4820030"," -2,6853060",22,2019,110.0,1.0,2.0,2.0,2143332,1.0,1,1,1,5.0,,0.0,0,1943.0,A01,138Â 305Â 589,1.0,5.0,-1.0,1636669,2.0,7,,0.0,2.0,4.0,B01,138Â 305Â 590,1.0
958981,201900000512,10,25,09:50,1,1,1,2.0,4.0,22389,Yffiniac,M,"48,4820030"," -2,6853060",22,2019,110.0,1.0,2.0,2.0,2143332,1.0,1,1,1,5.0,,0.0,0,1943.0,A01,138Â 305Â 589,1.0,5.0,-1.0,1636670,2.0,7,,0.0,2.0,6.0,C01,138Â 305Â 591,1.0
958981,201900000512,10,25,09:50,1,1,1,2.0,4.0,22389,Yffiniac,M,"48,4820030"," -2,6853060",22,2019,110.0,1.0,2.0,2.0,2143333,1.0,1,1,1,5.0,,0.0,0,1962.0,B01,138Â 305Â 590,1.0,-1.0,-1.0,1636668,2.0,7,,0.0,2.0,1.0,A01,138Â 305Â 589,1.0
958981,201900000512,10,25,09:50,1,1,1,2.0,4.0,22389,Yffiniac,M,"48,4820030"," -2,6853060",22,2019,110.0,1.0,2.0,2.0,2143333,1.0,1,1,1,5.0,,0.0,0,1962.0,B01,138Â 305Â 590,1.0,-1.0,-1.0,1636669,2.0,7,,0.0,2.0,4.0,B01,138Â 305Â 590,1.0
958981,201900000512,10,25,09:50,1,1,1,2.0,4.0,22389,Yffiniac,M,"48,4820030"," -2,6853060",22,2019,110.0,1.0,2.0,2.0,2143333,1.0,1,1,1,5.0,,0.0,0,1962.0,B01,138Â 305Â 590,1.0,-1.0,-1.0,1636670,2.0,7,,0.0,2.0,6.0,C01,138Â 305Â 591,1.0
958981,201900000512,10,25,09:50,1,1,1,2.0,4.0,22389,Yffiniac,M,"48,4820030"," -2,6853060",22,2019,110.0,1.0,2.0,2.0,2143334,2.0,2,1,2,0.0,,0.0,0,1963.0,B01,138Â 305Â 590,1.0,-1.0,-1.0,1636668,2.0,7,,0.0,2.0,1.0,A01,138Â 305Â 589,1.0
958981,201900000512,10,25,09:50,1,1,1,2.0,4.0,22389,Yffiniac,M,"48,4820030"," -2,6853060",22,2019,110.0,1.0,2.0,2.0,2143334,2.0,2,1,2,0.0,,0.0,0,1963.0,B01,138Â 305Â 590,1.0,-1.0,-1.0,1636669,2.0,7,,0.0,2.0,4.0,B01,138Â 305Â 590,1.0
958981,201900000512,10,25,09:50,1,1,1,2.0,4.0,22389,Yffiniac,M,"48,4820030"," -2,6853060",22,2019,110.0,1.0,2.0,2.0,2143334,2.0,2,1,2,0.0,,0.0,0,1963.0,B01,138Â 305Â 590,1.0,-1.0,-1.0,1636670,2.0,7,,0.0,2.0,6.0,C01,138Â 305Â 591,1.0
958981,201900000512,10,25,09:50,1,1,1,2.0,4.0,22389,Yffiniac,M,"48,4820030"," -2,6853060",22,2019,110.0,1.0,2.0,2.0,2143335,1.0,1,4,2,0.0,,0.0,0,1988.0,C01,138Â 305Â 591,1.0,-1.0,-1.0,1636668,2.0,7,,0.0,2.0,1.0,A01,138Â 305Â 589,1.0
958981,201900000512,10,25,09:50,1,1,1,2.0,4.0,22389,Yffiniac,M,"48,4820030"," -2,6853060",22,2019,110.0,1.0,2.0,2.0,2143335,1.0,1,4,2,0.0,,0.0,0,1988.0,C01,138Â 305Â 591,1.0,-1.0,-1.0,1636669,2.0,7,,0.0,2.0,4.0,B01,138Â 305Â 590,1.0
958981,201900000512,10,25,09:50,1,1,1,2.0,4.0,22389,Yffiniac,M,"48,4820030"," -2,6853060",22,2019,110.0,1.0,2.0,2.0,2143335,1.0,1,4,2,0.0,,0.0,0,1988.0,C01,138Â 305Â 591,1.0,-1.0,-1.0,1636670,2.0,7,,0.0,2.0,6.0,C01,138Â 305Â 591,1.0
958982,201900000513,10,25,16:40,1,1,1,1.0,6.0,50363,La Longue Rue -mesnil Opac,M,"49,0208950"," -1,1162420",50,2019,80.0,3.0,1.0,3.0,2143336,1.0,1,3,1,5.0,,0.0,0,1987.0,A01,138Â 305Â 585,1.0,-1.0,-1.0,1636671,1.0,7,,2.0,0.0,9.0,A01,138Â 305Â 585,1.0
958982,201900000513,10,25,16:40,1,1,1,1.0,6.0,50363,La Longue Rue -mesnil Opac,M,"49,0208950"," -1,1162420",50,2019,80.0,3.0,1.0,3.0,2143337,2.0,2,4,1,5.0,,0.0,0,1983.0,A01,138Â 305Â 585,1.0,-1.0,-1.0,1636671,1.0,7,,2.0,0.0,9.0,A01,138Â 305Â 585,1.0
958983,201900000514,10,24,19:10,4,1,1,1.0,3.0,30047,D135,M,"43,8052760","4,4087150",30,2019,80.0,1.0,1.0,3.0,2143338,1.0,1,1,1,4.0,,0.0,0,1968.0,A01,138Â 305Â 583,8.0,-1.0,-1.0,1636672,1.0,99,,0.0,0.0,6.0,A01,138Â 305Â 583,1.0
958983,201900000514,10,24,19:10,4,1,1,1.0,3.0,30047,D135,M,"43,8052760","4,4087150",30,2019,80.0,1.0,1.0,3.0,2143338,1.0,1,1,1,4.0,,0.0,0,1968.0,A01,138Â 305Â 583,8.0,-1.0,-1.0,1636673,2.0,33,,0.0,0.0,0.0,B01,138Â 305Â 584,6.0
958983,201900000514,10,24,19:10,4,1,1,1.0,3.0,30047,D135,M,"43,8052760","4,4087150",30,2019,80.0,1.0,1.0,3.0,2143339,1.0,1,4,1,0.0,,0.0,0,1967.0,B01,138Â 305Â 584,8.0,-1.0,-1.0,1636672,1.0,99,,0.0,0.0,6.0,A01,138Â 305Â 583,1.0
958983,201900000514,10,24,19:10,4,1,1,1.0,3.0,30047,D135,M,"43,8052760","4,4087150",30,2019,80.0,1.0,1.0,3.0,2143339,1.0,1,4,1,0.0,,0.0,0,1967.0,B01,138Â 305Â 584,8.0,-1.0,-1.0,1636673,2.0,33,,0.0,0.0,0.0,B01,138Â 305Â 584,6.0
958984,201900000515,10,24,15:40,1,2,2,1.0,3.0,57330,31 Rue de la Source,M,"49,0163000","6,9552910",57,2019,50.0,1.0,1.0,4.0,2143340,1.0,1,3,1,5.0,,0.0,0,1935.0,A01,138Â 305Â 581,8.0,-1.0,-1.0,1636674,3.0,3,,0.0,0.0,8.0,A01,138Â 305Â 581,1.0
958984,201900000515,10,24,15:40,1,2,2,1.0,3.0,57330,31 Rue de la Source,M,"49,0163000","6,9552910",57,2019,50.0,1.0,1.0,4.0,2143340,1.0,1,3,1,5.0,,0.0,0,1935.0,A01,138Â 305Â 581,8.0,-1.0,-1.0,1636675,3.0,7,,0.0,2.0,1.0,B01,138Â 305Â 582,1.0
958984,201900000515,10,24,15:40,1,2,2,1.0,3.0,57330,31 Rue de la Source,M,"49,0163000","6,9552910",57,2019,50.0,1.0,1.0,4.0,2143341,1.0,1,1,2,5.0,,0.0,0,1953.0,B01,138Â 305Â 582,1.0,-1.0,-1.0,1636674,3.0,3,,0.0,0.0,8.0,A01,138Â 305Â 581,1.0
958984,201900000515,10,24,15:40,1,2,2,1.0,3.0,57330,31 Rue de la Source,M,"49,0163000","6,9552910",57,2019,50.0,1.0,1.0,4.0,2143341,1.0,1,1,2,5.0,,0.0,0,1953.0,B01,138Â 305Â 582,1.0,-1.0,-1.0,1636675,3.0,7,,0.0,2.0,1.0,B01,138Â 305Â 582,1.0
958985,201900000516,10,25,05:00,3,1,1,1.0,1.0,51588,RD 3,M,"49,0716456","4,8202181",51,2019,70.0,1.0,1.0,3.0,2143342,1.0,1,4,2,1.0,,0.0,0,1973.0,A01,138Â 305Â 579,1.0,5.0,-1.0,1636676,2.0,7,,0.0,2.0,3.0,A01,138Â 305Â 579,1.0
958985,201900000516,10,25,05:00,3,1,1,1.0,1.0,51588,RD 3,M,"49,0716456","4,8202181",51,2019,70.0,1.0,1.0,3.0,2143342,1.0,1,4,2,1.0,,0.0,0,1973.0,A01,138Â 305Â 579,1.0,5.0,-1.0,1636677,1.0,7,,0.0,2.0,3.0,B01,138Â 305Â 580,0.0
958985,201900000516,10,25,05:00,3,1,1,1.0,1.0,51588,RD 3,M,"49,0716456","4,8202181",51,2019,70.0,1.0,1.0,3.0,2143343,1.0,1,1,1,0.0,,0.0,0,1978.0,B01,138Â 305Â 580,1.0,4.0,-1.0,1636676,2.0,7,,0.0,2.0,3.0,A01,138Â 305Â 579,1.0
958985,201900000516,10,25,05:00,3,1,1,1.0,1.0,51588,RD 3,M,"49,0716456","4,8202181",51,2019,70.0,1.0,1.0,3.0,2143343,1.0,1,1,1,0.0,,0.0,0,1978.0,B01,138Â 305Â 580,1.0,4.0,-1.0,1636677,1.0,7,,0.0,2.0,3.0,B01,138Â 305Â 580,0.0
958986,201900000517,10,24,18:40,1,1,4,1.0,1.0,56193,4 Rue Pierre-marie JaffrÃ©,M,"47,7237062"," -3,3220381",56,2019,50.0,1.0,2.0,3.0,2143344,1.0,1,4,1,5.0,,0.0,0,1966.0,B01,138Â 305Â 577,2.0,-1.0,-1.0,1636678,2.0,33,,0.0,2.0,1.0,B01,138Â 305Â 577,1.0
958986,201900000517,10,24,18:40,1,1,4,1.0,1.0,56193,4 Rue Pierre-marie JaffrÃ©,M,"47,7237062"," -3,3220381",56,2019,50.0,1.0,2.0,3.0,2143344,1.0,1,4,1,5.0,,0.0,0,1966.0,B01,138Â 305Â 577,2.0,-1.0,-1.0,1636679,1.0,7,,0.0,2.0,3.0,A01,138Â 305Â 578,1.0
958986,201900000517,10,24,18:40,1,1,4,1.0,1.0,56193,4 Rue Pierre-marie JaffrÃ©,M,"47,7237062"," -3,3220381",56,2019,50.0,1.0,2.0,3.0,2143345,1.0,1,1,1,5.0,,0.0,0,1945.0,A01,138Â 305Â 578,1.0,-1.0,-1.0,1636678,2.0,33,,0.0,2.0,1.0,B01,138Â 305Â 577,1.0
958986,201900000517,10,24,18:40,1,1,4,1.0,1.0,56193,4 Rue Pierre-marie JaffrÃ©,M,"47,7237062"," -3,3220381",56,2019,50.0,1.0,2.0,3.0,2143345,1.0,1,1,1,5.0,,0.0,0,1945.0,A01,138Â 305Â 578,1.0,-1.0,-1.0,1636679,1.0,7,,0.0,2.0,3.0,A01,138Â 305Â 578,1.0
958987,201900000518,10,24,11:40,1,1,2,1.0,3.0,76318,905 Route de Grandcamp,M,"49,5560600","0,6001730",76,2019,80.0,1.0,1.0,3.0,2143346,1.0,1,3,1,4.0,,0.0,0,1961.0,A01,138Â 305Â 575,1.0,-1.0,-1.0,1636680,1.0,7,,0.0,2.0,2.0,A01,138Â 305Â 575,0.0
958987,201900000518,10,24,11:40,1,1,2,1.0,3.0,76318,905 Route de Grandcamp,M,"49,5560600","0,6001730",76,2019,80.0,1.0,1.0,3.0,2143346,1.0,1,3,1,4.0,,0.0,0,1961.0,A01,138Â 305Â 575,1.0,-1.0,-1.0,1636681,1.0,7,,0.0,2.0,3.0,B01,138Â 305Â 576,0.0
958987,201900000518,10,24,11:40,1,1,2,1.0,3.0,76318,905 Route de Grandcamp,M,"49,5560600","0,6001730",76,2019,80.0,1.0,1.0,3.0,2143347,1.0,1,4,1,4.0,,0.0,0,1961.0,B01,138Â 305Â 576,1.0,-1.0,-1.0,1636680,1.0,7,,0.0,2.0,2.0,A01,138Â 305Â 575,0.0
958987,201900000518,10,24,11:40,1,1,2,1.0,3.0,76318,905 Route de Grandcamp,M,"49,5560600","0,6001730",76,2019,80.0,1.0,1.0,3.0,2143347,1.0,1,4,1,4.0,,0.0,0,1961.0,B01,138Â 305Â 576,1.0,-1.0,-1.0,1636681,1.0,7,,0.0,2.0,3.0,B01,138Â 305Â 576,0.0
958988,201900000519,10,24,21:35,3,1,1,2.0,6.0,32148,N124,M,"43,6142470","0,9388830",32,2019,80.0,3.0,2.0,2.0,2143348,1.0,1,3,1,5.0,,0.0,0,1959.0,A01,138Â 305Â 574,1.0,-1.0,-1.0,1636682,1.0,7,,7.0,0.0,8.0,A01,138Â 305Â 574,1.0