Unnamed: 0_x,num_acc,mois,jour,hrmn,lum,agg,int,atm,col,com,adr,gps,lat,long,dep,annee,vma,situ,surf,catr,Unnamed: 0_y,place,catu,grav,sexe,trajet,secu,locp,actp,an_nais,num_veh_x,id_vehicule_x,secu1,secu2,secu3,Unnamed: 0,senc,catv,occutc,obs,obsm,choc,num_veh_y,id_vehicule_y,motor
958989,201900000520,3,5,17:40,1,2,1,1.0,1.0,11085,impasse du chateau d eau,M,"43,1618460","2,3496110",11,2019,50.0,1.0,1.0,4.0,2143349,1.0,1,4,1,5.0,,0.0,0,2002.0,A01,138Â 305Â 572,2.0,6.0,-1.0,1636683,3.0,2,,0.0,2.0,2.0,A01,138Â 305Â 572,1.0
958989,201900000520,3,5,17:40,1,2,1,1.0,1.0,11085,impasse du chateau d eau,M,"43,1618460","2,3496110",11,2019,50.0,1.0,1.0,4.0,2143349,1.0,1,4,1,5.0,,0.0,0,2002.0,A01,138Â 305Â 572,2.0,6.0,-1.0,1636684,3.0,7,,0.0,2.0,2.0,B01,138Â 305Â 573,1.0
958989,201900000520,3,5,17:40,1,2,1,1.0,1.0,11085,impasse du chateau d eau,M,"43,1618460","2,3496110",11,2019,50.0,1.0,1.0,4.0,2143350,1.0,1,1,1,5.0,,0.0,0,1990.0,B01,138Â 305Â 573,1.0,-1.0,-1.0,1636683,3.0,2,,0.0,2.0,2.0,A01,138Â 305Â 572,1.0
958989,201900000520,3,5,17:40,1,2,1,1.0,1.0,11085,impasse du chateau d eau,M,"43,1618460","2,3496110",11,2019,50.0,1.0,1.0,4.0,2143350,1.0,1,1,1,5.0,,0.0,0,1990.0,B01,138Â 305Â 573,1.0,-1.0,-1.0,1636684,3.0,7,,0.0,2.0,2.0,B01,138Â 305Â 573,1.0
958990,201900000521,10,22,12:40,1,2,3,8.0,1.0,71014,Rue de Planoise,M,"46,9403110","4,3150250",71,2019,50.0,1.0,2.0,3.0,2143351,1.0,1,1,1,5.0,,0.0,0,1995.0,A01,138Â 305Â 570,1.0,-1.0,-1.0,1636685,2.0,7,,0.0,2.0,1.0,A01,138Â 305Â 570,1.0
958990,201900000521,10,22,12:40,1,2,3,8.0,1.0,71014,Rue de Planoise,M,"46,9403110","4,3150250",71,2019,50.0,1.0,2.0,3.0,2143351,1.0,1,1,1,5.0,,0.0,0,1995.0,A01,138Â 305Â 570,1.0,-1.0,-1.0,1636686,2.0,7,,0.0,2.0,3.0,B01,138Â 305Â 571,1.0
958990,201900000521,10,22,12:40,1,2,3,8.0,1.0,71014,Rue de Planoise,M,"46,9403110","4,3150250",71,2019,50.0,1.0,2.0,3.0,2143352,1.0,1,4,2,5.0,,0.0,0,1995.0,B01,138Â 305Â 571,1.0,-1.0,-1.0,1636685,2.0,7,,0.0,2.0,1.0,A01,138Â 305Â 570,1.0
958990,201900000521,10,22,12:40,1,2,3,8.0,1.0,71014,Rue de Planoise,M,"46,9403110","4,3150250",71,2019,50.0,1.0,2.0,3.0,2143352,1.0,1,4,2,5.0,,0.0,0,1995.0,B01,138Â 305Â 571,1.0,-1.0,-1.0,1636686,2.0,7,,0.0,2.0,3.0,B01,138Â 305Â 571,1.0
958991,201900000522,10,25,08:00,5,2,2,2.0,6.0,61494,Rue Louis Guene,M,"48,8431700","0,0335490",61,2019,50.0,1.0,2.0,3.0,2143353,10.0,3,3,2,3.0,,2.0,3,1953.0,A01,138Â 305Â 569,0.0,-1.0,-1.0,1636687,2.0,7,,0.0,1.0,2.0,A01,138Â 305Â 569,1.0
958991,201900000522,10,25,08:00,5,2,2,2.0,6.0,61494,Rue Louis Guene,M,"48,8431700","0,0335490",61,2019,50.0,1.0,2.0,3.0,2143354,1.0,1,1,2,5.0,,0.0,0,1993.0,A01,138Â 305Â 569,1.0,-1.0,-1.0,1636687,2.0,7,,0.0,1.0,2.0,A01,138Â 305Â 569,1.0
958992,201900000523,10,25,08:33,2,2,1,5.0,1.0,47021,53 Route des Martinets,M,"44,1624850","0,2861600",47,2019,70.0,1.0,1.0,4.0,2143355,9.0,2,4,1,9.0,,0.0,0,2019.0,A01,138Â 305Â 567,3.0,-1.0,-1.0,1636688,3.0,7,,0.0,2.0,1.0,A01,138Â 305Â 567,0.0
958992,201900000523,10,25,08:33,2,2,1,5.0,1.0,47021,53 Route des Martinets,M,"44,1624850","0,2861600",47,2019,70.0,1.0,1.0,4.0,2143355,9.0,2,4,1,9.0,,0.0,0,2019.0,A01,138Â 305Â 567,3.0,-1.0,-1.0,1636689,3.0,7,,0.0,2.0,1.0,B01,138Â 305Â 568,1.0
958992,201900000523,10,25,08:33,2,2,1,5.0,1.0,47021,53 Route des Martinets,M,"44,1624850","0,2861600",47,2019,70.0,1.0,1.0,4.0,2143356,1.0,1,4,2,9.0,,0.0,0,1983.0,A01,138Â 305Â 567,1.0,-1.0,-1.0,1636688,3.0,7,,0.0,2.0,1.0,A01,138Â 305Â 567,0.0
958992,201900000523,10,25,08:33,2,2,1,5.0,1.0,47021,53 Route des Martinets,M,"44,1624850","0,2861600",47,2019,70.0,1.0,1.0,4.0,2143356,1.0,1,4,2,9.0,,0.0,0,1983.0,A01,138Â 305Â 567,1.0,-1.0,-1.0,1636689,3.0,7,,0.0,2.0,1.0,B01,138Â 305Â 568,1.0
958992,201900000523,10,25,08:33,2,2,1,5.0,1.0,47021,53 Route des Martinets,M,"44,1624850","0,2861600",47,2019,70.0,1.0,1.0,4.0,2143357,1.0,1,4,2,1.0,,0.0,0,1967.0,B01,138Â 305Â 568,1.0,-1.0,-1.0,1636688,3.0,7,,0.0,2.0,1.0,A01,138Â 305Â 567,0.0
958992,201900000523,10,25,08:33,2,2,1,5.0,1.0,47021,53 Route des Martinets,M,"44,1624850","0,2861600",47,2019,70.0,1.0,1.0,4.0,2143357,1.0,1,4,2,1.0,,0.0,0,1967.0,B01,138Â 305Â 568,1.0,-1.0,-1.0,1636689,3.0,7,,0.0,2.0,1.0,B01,138Â 305Â 568,1.0
958993,201900000524,10,25,14:25,1,1,1,1.0,1.0,39326,,M,"46,5929180","5,6759960",39,2019,80.0,1.0,1.0,3.0,2143358,9.0,2,1,2,5.0,,0.0,0,2014.0,B01,138Â 305Â 565,1.0,-1.0,-1.0,1636690,2.0,7,,0.0,2.0,3.0,B01,138Â 305Â 565,1.0
958993,201900000524,10,25,14:25,1,1,1,1.0,1.0,39326,,M,"46,5929180","5,6759960",39,2019,80.0,1.0,1.0,3.0,2143358,9.0,2,1,2,5.0,,0.0,0,2014.0,B01,138Â 305Â 565,1.0,-1.0,-1.0,1636691,1.0,33,,0.0,2.0,1.0,A01,138Â 305Â 566,1.0
958993,201900000524,10,25,14:25,1,1,1,1.0,1.0,39326,,M,"46,5929180","5,6759960",39,2019,80.0,1.0,1.0,3.0,2143359,1.0,1,1,1,5.0,,0.0,0,1980.0,B01,138Â 305Â 565,1.0,-1.0,-1.0,1636690,2.0,7,,0.0,2.0,3.0,B01,138Â 305Â 565,1.0
958993,201900000524,10,25,14:25,1,1,1,1.0,1.0,39326,,M,"46,5929180","5,6759960",39,2019,80.0,1.0,1.0,3.0,2143359,1.0,1,1,1,5.0,,0.0,0,1980.0,B01,138Â 305Â 565,1.0,-1.0,-1.0,1636691,1.0,33,,0.0,2.0,1.0,A01,138Â 305Â 566,1.0
958993,201900000524,10,25,14:25,1,1,1,1.0,1.0,39326,,M,"46,5929180","5,6759960",39,2019,80.0,1.0,1.0,3.0,2143360,7.0,2,1,2,5.0,,0.0,0,2010.0,B01,138Â 305Â 565,1.0,-1.0,-1.0,1636690,2.0,7,,0.0,2.0,3.0,B01,138Â 305Â 565,1.0
958993,201900000524,10,25,14:25,1,1,1,1.0,1.0,39326,,M,"46,5929180","5,6759960",39,2019,80.0,1.0,1.0,3.0,2143360,7.0,2,1,2,5.0,,0.0,0,2010.0,B01,138Â 305Â 565,1.0,-1.0,-1.0,1636691,1.0,33,,0.0,2.0,1.0,A01,138Â 305Â 566,1.0
958993,201900000524,10,25,14:25,1,1,1,1.0,1.0,39326,,M,"46,5929180","5,6759960",39,2019,80.0,1.0,1.0,3.0,2143361,2.0,2,1,2,5.0,,0.0,0,2007.0,B01,138Â 305Â 565,1.0,-1.0,-1.0,1636690,2.0,7,,0.0,2.0,3.0,B01,138Â 305Â 565,1.0
958993,201900000524,10,25,14:25,1,1,1,1.0,1.0,39326,,M,"46,5929180","5,6759960",39,2019,80.0,1.0,1.0,3.0,2143361,2.0,2,1,2,5.0,,0.0,0,2007.0,B01,138Â 305Â 565,1.0,-1.0,-1.0,1636691,1.0,33,,0.0,2.0,1.0,A01,138Â 305Â 566,1.0
958993,201900000524,10,25,14:25,1,1,1,1.0,1.0,39326,,M,"46,5929180","5,6759960",39,2019,80.0,1.0,1.0,3.0,2143362,1.0,1,2,1,5.0,,0.0,0,1990.0,A01,138Â 305Â 566,2.0,-1.0,-1.0,1636690,2.0,7,,0.0,2.0,3.0,B01,138Â 305Â 565,1.0
958993,201900000524,10,25,14:25,1,1,1,1.0,1.0,39326,,M,"46,5929180","5,6759960",39,2019,80.0,1.0,1.0,3.0,2143362,1.0,1,2,1,5.0,,0.0,0,1990.0,A01,138Â 305Â 566,2.0,-1.0,-1.0,1636691,1.0,33,,0.0,2.0,1.0,A01,138Â 305Â 566,1.0
958994,201900000525,10,24,17:30,1,2,3,1.0,3.0,38463,Le Village,M,"45,1745540","5,3328370",38,2019,30.0,1.0,1.0,3.0,2143363,1.0,1,1,1,1.0,,0.0,0,1970.0,B01,138Â 305Â 563,8.0,-1.0,-1.0,1636692,2.0,7,,0.0,2.0,1.0,B01,138Â 305Â 563,1.0
958994,201900000525,10,24,17:30,1,2,3,1.0,3.0,38463,Le Village,M,"45,1745540","5,3328370",38,2019,30.0,1.0,1.0,3.0,2143363,1.0,1,1,1,1.0,,0.0,0,1970.0,B01,138Â 305Â 563,8.0,-1.0,-1.0,1636693,1.0,7,,0.0,2.0,2.0,A01,138Â 305Â 564,1.0
958994,201900000525,10,24,17:30,1,2,3,1.0,3.0,38463,Le Village,M,"45,1745540","5,3328370",38,2019,30.0,1.0,1.0,3.0,2143364,1.0,1,4,2,4.0,,0.0,0,1993.0,A01,138Â 305Â 564,8.0,-1.0,-1.0,1636692,2.0,7,,0.0,2.0,1.0,B01,138Â 305Â 563,1.0
958994,201900000525,10,24,17:30,1,2,3,1.0,3.0,38463,Le Village,M,"45,1745540","5,3328370",38,2019,30.0,1.0,1.0,3.0,2143364,1.0,1,4,2,4.0,,0.0,0,1993.0,A01,138Â 305Â 564,8.0,-1.0,-1.0,1636693,1.0,7,,0.0,2.0,2.0,A01,138Â 305Â 564,1.0
958994,201900000525,10,24,17:30,1,2,3,1.0,3.0,38463,Le Village,M,"45,1745540","5,3328370",38,2019,30.0,1.0,1.0,3.0,2143365,2.0,2,4,1,2.0,,0.0,0,2006.0,A01,138Â 305Â 564,8.0,-1.0,-1.0,1636692,2.0,7,,0.0,2.0,1.0,B01,138Â 305Â 563,1.0
958994,201900000525,10,24,17:30,1,2,3,1.0,3.0,38463,Le Village,M,"45,1745540","5,3328370",38,2019,30.0,1.0,1.0,3.0,2143365,2.0,2,4,1,2.0,,0.0,0,2006.0,A01,138Â 305Â 564,8.0,-1.0,-1.0,1636693,1.0,7,,0.0,2.0,2.0,A01,138Â 305Â 564,1.0
958995,201900000526,10,11,16:40,1,2,1,1.0,1.0,38039,685 Chemin du Vivier,M,"45,2630800","5,8645680",38,2019,50.0,1.0,1.0,4.0,2143366,1.0,1,3,1,5.0,,0.0,0,1982.0,B01,138Â 305Â 561,0.0,-1.0,-1.0,1636694,0.0,80,,0.0,2.0,1.0,B01,138Â 305Â 561,3.0
958995,201900000526,10,11,16:40,1,2,1,1.0,1.0,38039,685 Chemin du Vivier,M,"45,2630800","5,8645680",38,2019,50.0,1.0,1.0,4.0,2143366,1.0,1,3,1,5.0,,0.0,0,1982.0,B01,138Â 305Â 561,0.0,-1.0,-1.0,1636695,0.0,7,,0.0,9.0,3.0,A01,138Â 305Â 562,1.0
958995,201900000526,10,11,16:40,1,2,1,1.0,1.0,38039,685 Chemin du Vivier,M,"45,2630800","5,8645680",38,2019,50.0,1.0,1.0,4.0,2143367,1.0,1,1,1,0.0,,0.0,0,1984.0,A01,138Â 305Â 562,1.0,-1.0,-1.0,1636694,0.0,80,,0.0,2.0,1.0,B01,138Â 305Â 561,3.0
958995,201900000526,10,11,16:40,1,2,1,1.0,1.0,38039,685 Chemin du Vivier,M,"45,2630800","5,8645680",38,2019,50.0,1.0,1.0,4.0,2143367,1.0,1,1,1,0.0,,0.0,0,1984.0,A01,138Â 305Â 562,1.0,-1.0,-1.0,1636695,0.0,7,,0.0,9.0,3.0,A01,138Â 305Â 562,1.0
958996,201900000527,10,25,09:00,1,1,1,1.0,7.0,03108,,M,"46,1847756","2,9451283",3,2019,80.0,3.0,2.0,3.0,2143368,1.0,1,4,1,5.0,,0.0,0,2000.0,A01,138Â 305Â 560,2.0,-1.0,-1.0,1636696,1.0,33,,13.0,0.0,0.0,A01,138Â 305Â 560,1.0
958997,201900000528,10,24,14:40,1,2,2,1.0,3.0,03082,rue Aujame,M,"46,2949333","2,7353721",3,2019,50.0,1.0,1.0,4.0,2143369,1.0,1,3,1,5.0,,0.0,0,1959.0,B01,138Â 305Â 558,0.0,-1.0,-1.0,1636697,3.0,1,,0.0,2.0,1.0,B01,138Â 305Â 558,5.0
958997,201900000528,10,24,14:40,1,2,2,1.0,3.0,03082,rue Aujame,M,"46,2949333","2,7353721",3,2019,50.0,1.0,1.0,4.0,2143369,1.0,1,3,1,5.0,,0.0,0,1959.0,B01,138Â 305Â 558,0.0,-1.0,-1.0,1636698,3.0,7,,0.0,2.0,2.0,A01,138Â 305Â 559,1.0
958997,201900000528,10,24,14:40,1,2,2,1.0,3.0,03082,rue Aujame,M,"46,2949333","2,7353721",3,2019,50.0,1.0,1.0,4.0,2143370,1.0,1,1,2,1.0,,0.0,0,1971.0,A01,138Â 305Â 559,1.0,-1.0,-1.0,1636697,3.0,1,,0.0,2.0,1.0,B01,138Â 305Â 558,5.0
958997,201900000528,10,24,14:40,1,2,2,1.0,3.0,03082,rue Aujame,M,"46,2949333","2,7353721",3,2019,50.0,1.0,1.0,4.0,2143370,1.0,1,1,2,1.0,,0.0,0,1971.0,A01,138Â 305Â 559,1.0,-1.0,-1.0,1636698,3.0,7,,0.0,2.0,2.0,A01,138Â 305Â 559,1.0
958998,201900000529,10,24,10:50,1,1,1,1.0,6.0,15253,D9,M,"45,2147650","2,8750550",15,2019,80.0,3.0,1.0,3.0,2143371,1.0,1,3,2,5.0,,0.0,0,1956.0,A01,138Â 305Â 555,1.0,-1.0,-1.0,1636699,2.0,7,,13.0,0.0,3.0,A01,138Â 305Â 555,1.0
958999,201900000530,10,25,11:50,1,1,3,1.0,1.0,01093,1 Lotissement Domaine Berthaud,M,"46,1073500","4,9627720",1,2019,80.0,1.0,1.0,3.0,2143372,1.0,1,3,1,5.0,,0.0,0,2005.0,B01,138Â 305Â 553,2.0,-1.0,-1.0,1636700,3.0,1,,13.0,0.0,4.0,B01,138Â 305Â 553,5.0
958999,201900000530,10,25,11:50,1,1,3,1.0,1.0,01093,1 Lotissement Domaine Berthaud,M,"46,1073500","4,9627720",1,2019,80.0,1.0,1.0,3.0,2143372,1.0,1,3,1,5.0,,0.0,0,2005.0,B01,138Â 305Â 553,2.0,-1.0,-1.0,1636701,3.0,7,,0.0,2.0,2.0,A01,138Â 305Â 554,1.0
958999,201900000530,10,25,11:50,1,1,3,1.0,1.0,01093,1 Lotissement Domaine Berthaud,M,"46,1073500","4,9627720",1,2019,80.0,1.0,1.0,3.0,2143373,2.0,2,1,2,5.0,,0.0,0,1948.0,A01,138Â 305Â 554,1.0,-1.0,-1.0,1636700,3.0,1,,13.0,0.0,4.0,B01,138Â 305Â 553,5.0
958999,201900000530,10,25,11:50,1,1,3,1.0,1.0,01093,1 Lotissement Domaine Berthaud,M,"46,1073500","4,9627720",1,2019,80.0,1.0,1.0,3.0,2143373,2.0,2,1,2,5.0,,0.0,0,1948.0,A01,138Â 305Â 554,1.0,-1.0,-1.0,1636701,3.0,7,,0.0,2.0,2.0,A01,138Â 305Â 554,1.0
958999,201900000530,10,25,11:50,1,1,3,1.0,1.0,01093,1 Lotissement Domaine Berthaud,M,"46,1073500","4,9627720",1,2019,80.0,1.0,1.0,3.0,2143374,1.0,1,1,2,5.0,,0.0,0,1939.0,A01,138Â 305Â 554,1.0,-1.0,-1.0,1636700,3.0,1,,13.0,0.0,4.0,B01,138Â 305Â 553,5.0
958999,201900000530,10,25,11:50,1,1,3,1.0,1.0,01093,1 Lotissement Domaine Berthaud,M,"46,1073500","4,9627720",1,2019,80.0,1.0,1.0,3.0,2143374,1.0,1,1,2,5.0,,0.0,0,1939.0,A01,138Â 305Â 554,1.0,-1.0,-1.0,1636701,3.0,7,,0.0,2.0,2.0,A01,138Â 305Â 554,1.0
959000,201900000531,10,24,21:50,3,1,1,1.0,7.0,58273,rd 981 pr6+600,M,"46,9631690","3,2363190",58,2019,80.0,1.0,1.0,3.0,2143375,1.0,1,3,1,5.0,,0.0,0,1987.0,A01,138Â 305Â 552,2.0,-1.0,-1.0,1636702,1.0,33,,0.0,0.0,0.0,A01,138Â 305Â 552,1.0
959001,201900000532,10,25,09:25,1,2,1,7.0,6.0,58095,2 Place du Champ de Foire,M,"46,8302060","3,4620860",58,2019,50.0,1.0,1.0,3.0,2143376,10.0,3,4,1,5.0,,3.0,3,1936.0,A01,138Â 305Â 551,0.0,-1.0,-1.0,1636703,3.0,7,,0.0,1.0,1.0,A01,138Â 305Â 551,1.0
959001,201900000532,10,25,09:25,1,2,1,7.0,6.0,58095,2 Place du Champ de Foire,M,"46,8302060","3,4620860",58,2019,50.0,1.0,1.0,3.0,2143377,1.0,1,1,1,3.0,,0.0,0,1989.0,A01,138Â 305Â 551,1.0,-1.0,-1.0,1636703,3.0,7,,0.0,1.0,1.0,A01,138Â 305Â 551,1.0
959002,201900000533,10,24,14:15,1,2,4,1.0,6.0,66124,1 Avenue d'Espagne,M,"42,5042230","2,0390290",66,2019,30.0,1.0,1.0,3.0,2143378,1.0,1,1,1,3.0,,0.0,0,1973.0,A01,138Â 305Â 550,8.0,-1.0,-1.0,1636704,3.0,3,,0.0,1.0,1.0,A01,138Â 305Â 550,1.0
959002,201900000533,10,24,14:15,1,2,4,1.0,6.0,66124,1 Avenue d'Espagne,M,"42,5042230","2,0390290",66,2019,30.0,1.0,1.0,3.0,2143379,10.0,3,4,2,5.0,,2.0,3,1929.0,A01,138Â 305Â 550,0.0,-1.0,-1.0,1636704,3.0,3,,0.0,1.0,1.0,A01,138Â 305Â 550,1.0
959002,201900000533,10,24,14:15,1,2,4,1.0,6.0,66124,1 Avenue d'Espagne,M,"42,5042230","2,0390290",66,2019,30.0,1.0,1.0,3.0,2143380,10.0,3,1,1,5.0,,2.0,3,1929.0,A01,138Â 305Â 550,0.0,-1.0,-1.0,1636704,3.0,3,,0.0,1.0,1.0,A01,138Â 305Â 550,1.0
959003,201900000534,10,22,13:28,1,2,3,1.0,7.0,50376,la maladrie,M,"49,0249890"," -1,4196000",50,2019,50.0,1.0,1.0,3.0,2143381,1.0,1,3,1,5.0,,0.0,0,1958.0,A01,138Â 305Â 549,2.0,-1.0,-1.0,1636705,2.0,2,,0.0,0.0,7.0,A01,138Â 305Â 549,1.0
959004,201900000535,10,25,17:30,1,1,1,1.0,6.0,50297,La Germainerie,M,"49,1840470"," -1,0972350",50,2019,80.0,8.0,1.0,3.0,2143382,1.0,1,2,1,5.0,,0.0,0,1993.0,A01,138Â 305Â 548,2.0,-1.0,-1.0,1636706,1.0,33,,13.0,0.0,1.0,A01,138Â 305Â 548,1.0
959005,201900000536,10,24,19:23,3,1,1,1.0,6.0,60238,D1017,M,"49,2489070","2,5866000",60,2019,80.0,1.0,1.0,3.0,2143383,1.0,1,4,1,0.0,,0.0,0,1970.0,A01,138Â 305Â 546,2.0,6.0,9.0,1636707,1.0,34,,0.0,6.0,1.0,A01,138Â 305Â 546,1.0
959006,201900000537,10,21,11:20,1,1,1,8.0,2.0,18118,Rue des Mares,M,"47,0555840","2,9838790",18,2019,80.0,1.0,2.0,3.0,2143384,9.0,2,1,2,9.0,,0.0,0,2019.0,B01,138Â 305Â 544,1.0,3.0,9.0,1636708,1.0,7,,0.0,2.0,1.0,B01,138Â 305Â 544,1.0
959006,201900000537,10,21,11:20,1,1,1,8.0,2.0,18118,Rue des Mares,M,"47,0555840","2,9838790",18,2019,80.0,1.0,2.0,3.0,2143384,9.0,2,1,2,9.0,,0.0,0,2019.0,B01,138Â 305Â 544,1.0,3.0,9.0,1636709,1.0,13,,6.0,0.0,3.0,A01,138Â 305Â 545,1.0
959006,201900000537,10,21,11:20,1,1,1,8.0,2.0,18118,Rue des Mares,M,"47,0555840","2,9838790",18,2019,80.0,1.0,2.0,3.0,2143385,1.0,1,4,1,9.0,,0.0,0,1989.0,B01,138Â 305Â 544,1.0,9.0,-1.0,1636708,1.0,7,,0.0,2.0,1.0,B01,138Â 305Â 544,1.0
959006,201900000537,10,21,11:20,1,1,1,8.0,2.0,18118,Rue des Mares,M,"47,0555840","2,9838790",18,2019,80.0,1.0,2.0,3.0,2143385,1.0,1,4,1,9.0,,0.0,0,1989.0,B01,138Â 305Â 544,1.0,9.0,-1.0,1636709,1.0,13,,6.0,0.0,3.0,A01,138Â 305Â 545,1.0
959006,201900000537,10,21,11:20,1,1,1,8.0,2.0,18118,Rue des Mares,M,"47,0555840","2,9838790",18,2019,80.0,1.0,2.0,3.0,2143386,1.0,1,1,1,4.0,,0.0,0,1978.0,A01,138Â 305Â 545,1.0,-1.0,-1.0,1636708,1.0,7,,0.0,2.0,1.0,B01,138Â 305Â 544,1.0
959006,201900000537,10,21,11:20,1,1,1,8.0,2.0,18118,Rue des Mares,M,"47,0555840","2,9838790",18,2019,80.0,1.0,2.0,3.0,2143386,1.0,1,1,1,4.0,,0.0,0,1978.0,A01,138Â 305Â 545,1.0,-1.0,-1.0,1636709,1.0,13,,6.0,0.0,3.0,A01,138Â 305Â 545,1.0
959007,201900000538,10,25,17:25,1,1,1,1.0,7.0,04004,RD 111,M,"43,7778290","6,0276900",4,2019,80.0,1.0,1.0,3.0,2143387,1.0,1,4,1,5.0,,0.0,0,1949.0,A01,138Â 305Â 543,2.0,-1.0,-1.0,1636710,1.0,1,,0.0,0.0,0.0,A01,138Â 305Â 543,5.0
959008,201900000539,10,25,17:00,1,1,1,1.0,2.0,04116,RD 4,M,"44,0417260","6,0051590",4,2019,80.0,1.0,1.0,3.0,2143388,1.0,1,4,2,5.0,,0.0,0,1943.0,B01,138Â 305Â 541,1.0,-1.0,-1.0,1636711,2.0,7,,0.0,0.0,4.0,B01,138Â 305Â 541,2.0
959008,201900000539,10,25,17:00,1,1,1,1.0,2.0,04116,RD 4,M,"44,0417260","6,0051590",4,2019,80.0,1.0,1.0,3.0,2143388,1.0,1,4,2,5.0,,0.0,0,1943.0,B01,138Â 305Â 541,1.0,-1.0,-1.0,1636712,2.0,7,,0.0,2.0,1.0,A01,138Â 305Â 542,1.0
959008,201900000539,10,25,17:00,1,1,1,1.0,2.0,04116,RD 4,M,"44,0417260","6,0051590",4,2019,80.0,1.0,1.0,3.0,2143389,9.0,2,3,1,5.0,,0.0,0,2001.0,B01,138Â 305Â 541,1.0,-1.0,-1.0,1636711,2.0,7,,0.0,0.0,4.0,B01,138Â 305Â 541,2.0
959008,201900000539,10,25,17:00,1,1,1,1.0,2.0,04116,RD 4,M,"44,0417260","6,0051590",4,2019,80.0,1.0,1.0,3.0,2143389,9.0,2,3,1,5.0,,0.0,0,2001.0,B01,138Â 305Â 541,1.0,-1.0,-1.0,1636712,2.0,7,,0.0,2.0,1.0,A01,138Â 305Â 542,1.0
959008,201900000539,10,25,17:00,1,1,1,1.0,2.0,04116,RD 4,M,"44,0417260","6,0051590",4,2019,80.0,1.0,1.0,3.0,2143390,2.0,2,3,1,5.0,,0.0,0,1936.0,B01,138Â 305Â 541,1.0,-1.0,-1.0,1636711,2.0,7,,0.0,0.0,4.0,B01,138Â 305Â 541,2.0
959008,201900000539,10,25,17:00,1,1,1,1.0,2.0,04116,RD 4,M,"44,0417260","6,0051590",4,2019,80.0,1.0,1.0,3.0,2143390,2.0,2,3,1,5.0,,0.0,0,1936.0,B01,138Â 305Â 541,1.0,-1.0,-1.0,1636712,2.0,7,,0.0,2.0,1.0,A01,138Â 305Â 542,1.0
959008,201900000539,10,25,17:00,1,1,1,1.0,2.0,04116,RD 4,M,"44,0417260","6,0051590",4,2019,80.0,1.0,1.0,3.0,2143391,1.0,1,1,1,4.0,,0.0,0,1999.0,A01,138Â 305Â 542,1.0,-1.0,-1.0,1636711,2.0,7,,0.0,0.0,4.0,B01,138Â 305Â 541,2.0
959008,201900000539,10,25,17:00,1,1,1,1.0,2.0,04116,RD 4,M,"44,0417260","6,0051590",4,2019,80.0,1.0,1.0,3.0,2143391,1.0,1,1,1,4.0,,0.0,0,1999.0,A01,138Â 305Â 542,1.0,-1.0,-1.0,1636712,2.0,7,,0.0,2.0,1.0,A01,138Â 305Â 542,1.0
959009,201900000540,10,20,08:00,2,2,1,1.0,6.0,27091,9 CitÃ© du Beau Soleil,M,"49,3599280","0,8514530",27,2019,50.0,3.0,1.0,3.0,2143392,1.0,1,3,2,5.0,,0.0,0,1991.0,A01,138Â 305Â 540,1.0,-1.0,-1.0,1636713,1.0,7,,2.0,0.0,1.0,A01,138Â 305Â 540,6.0
959010,201900000541,10,25,07:50,2,1,1,1.0,6.0,23093,D997,M,"46,2123970","2,2386630",23,2019,80.0,1.0,1.0,3.0,2143393,1.0,1,1,2,9.0,,0.0,0,1970.0,B01,138Â 305Â 539,1.0,-1.0,-1.0,1636714,1.0,7,,0.0,1.0,2.0,B01,138Â 305Â 539,1.0
959010,201900000541,10,25,07:50,2,1,1,1.0,6.0,23093,D997,M,"46,2123970","2,2386630",23,2019,80.0,1.0,1.0,3.0,2143394,2.0,2,1,2,9.0,,0.0,0,2000.0,B01,138Â 305Â 539,1.0,-1.0,-1.0,1636714,1.0,7,,0.0,1.0,2.0,B01,138Â 305Â 539,1.0
959010,201900000541,10,25,07:50,2,1,1,1.0,6.0,23093,D997,M,"46,2123970","2,2386630",23,2019,80.0,1.0,1.0,3.0,2143395,10.0,3,2,2,1.0,,1.0,3,1961.0,B01,138Â 305Â 539,0.0,-1.0,-1.0,1636714,1.0,7,,0.0,1.0,2.0,B01,138Â 305Â 539,1.0
959011,201900000542,10,25,10:35,1,1,1,8.0,7.0,37218,DÃ©partementale 41 PK/ PR:12+500,M,"46,9781637","1,0305948",37,2019,80.0,3.0,2.0,3.0,2143396,8.0,2,1,1,5.0,,0.0,0,1985.0,A01,138Â 305Â 538,0.0,-1.0,-1.0,1636715,1.0,99,,16.0,0.0,3.0,A01,138Â 305Â 538,6.0
959011,201900000542,10,25,10:35,1,1,1,8.0,7.0,37218,DÃ©partementale 41 PK/ PR:12+500,M,"46,9781637","1,0305948",37,2019,80.0,3.0,2.0,3.0,2143397,1.0,1,1,1,5.0,,0.0,0,1978.0,A01,138Â 305Â 538,0.0,-1.0,-1.0,1636715,1.0,99,,16.0,0.0,3.0,A01,138Â 305Â 538,6.0