Unnamed: 0_x,num_acc,mois,jour,hrmn,lum,agg,int,atm,col,com,adr,gps,lat,long,dep,annee,vma,situ,surf,catr,Unnamed: 0_y,place,catu,grav,sexe,trajet,secu,locp,actp,an_nais,num_veh_x,id_vehicule_x,secu1,secu2,secu3,Unnamed: 0,senc,catv,occutc,obs,obsm,choc,num_veh_y,id_vehicule_y,motor
959011,201900000542,10,25,10:35,1,1,1,8.0,7.0,37218,DÃ©partementale 41 PK/ PR:12+500,M,"46,9781637","1,0305948",37,2019,80.0,3.0,2.0,3.0,2143398,2.0,2,3,2,5.0,,0.0,0,2012.0,A01,138Â 305Â 538,0.0,-1.0,-1.0,1636715,1.0,99,,16.0,0.0,3.0,A01,138Â 305Â 538,6.0
959011,201900000542,10,25,10:35,1,1,1,8.0,7.0,37218,DÃ©partementale 41 PK/ PR:12+500,M,"46,9781637","1,0305948",37,2019,80.0,3.0,2.0,3.0,2143399,7.0,2,1,1,5.0,,0.0,0,2015.0,A01,138Â 305Â 538,0.0,-1.0,-1.0,1636715,1.0,99,,16.0,0.0,3.0,A01,138Â 305Â 538,6.0
959012,201900000543,10,25,07:30,3,1,1,5.0,3.0,24035,D53,M,"44,7573980","0,9800920",24,2019,80.0,1.0,2.0,4.0,2143400,1.0,1,3,1,1.0,,0.0,0,2002.0,B01,138Â 305Â 534,2.0,-1.0,-1.0,1636716,3.0,31,,0.0,2.0,1.0,B01,138Â 305Â 534,1.0
959012,201900000543,10,25,07:30,3,1,1,5.0,3.0,24035,D53,M,"44,7573980","0,9800920",24,2019,80.0,1.0,2.0,4.0,2143400,1.0,1,3,1,1.0,,0.0,0,2002.0,B01,138Â 305Â 534,2.0,-1.0,-1.0,1636717,3.0,7,,0.0,2.0,3.0,A01,138Â 305Â 535,1.0
959012,201900000543,10,25,07:30,3,1,1,5.0,3.0,24035,D53,M,"44,7573980","0,9800920",24,2019,80.0,1.0,2.0,4.0,2143401,1.0,1,4,1,9.0,,0.0,0,1975.0,A01,138Â 305Â 535,1.0,-1.0,-1.0,1636716,3.0,31,,0.0,2.0,1.0,B01,138Â 305Â 534,1.0
959012,201900000543,10,25,07:30,3,1,1,5.0,3.0,24035,D53,M,"44,7573980","0,9800920",24,2019,80.0,1.0,2.0,4.0,2143401,1.0,1,4,1,9.0,,0.0,0,1975.0,A01,138Â 305Â 535,1.0,-1.0,-1.0,1636717,3.0,7,,0.0,2.0,3.0,A01,138Â 305Â 535,1.0
959013,201900000544,10,24,16:00,1,1,1,1.0,2.0,30036,Route Nationale 113,M,"43,7804619","4,2930618",30,2019,70.0,1.0,1.0,2.0,2143402,1.0,1,4,1,5.0,,0.0,0,1996.0,B01,138Â 305Â 532,2.0,-1.0,-1.0,1636718,2.0,34,,0.0,2.0,1.0,B01,138Â 305Â 532,1.0
959013,201900000544,10,24,16:00,1,1,1,1.0,2.0,30036,Route Nationale 113,M,"43,7804619","4,2930618",30,2019,70.0,1.0,1.0,2.0,2143402,1.0,1,4,1,5.0,,0.0,0,1996.0,B01,138Â 305Â 532,2.0,-1.0,-1.0,1636719,2.0,7,,0.0,0.0,4.0,A01,138Â 305Â 533,1.0
959013,201900000544,10,24,16:00,1,1,1,1.0,2.0,30036,Route Nationale 113,M,"43,7804619","4,2930618",30,2019,70.0,1.0,1.0,2.0,2143403,2.0,2,4,1,5.0,,0.0,0,1993.0,B01,138Â 305Â 532,2.0,-1.0,-1.0,1636718,2.0,34,,0.0,2.0,1.0,B01,138Â 305Â 532,1.0
959013,201900000544,10,24,16:00,1,1,1,1.0,2.0,30036,Route Nationale 113,M,"43,7804619","4,2930618",30,2019,70.0,1.0,1.0,2.0,2143403,2.0,2,4,1,5.0,,0.0,0,1993.0,B01,138Â 305Â 532,2.0,-1.0,-1.0,1636719,2.0,7,,0.0,0.0,4.0,A01,138Â 305Â 533,1.0
959013,201900000544,10,24,16:00,1,1,1,1.0,2.0,30036,Route Nationale 113,M,"43,7804619","4,2930618",30,2019,70.0,1.0,1.0,2.0,2143404,1.0,1,1,1,5.0,,0.0,0,1959.0,A01,138Â 305Â 533,1.0,-1.0,-1.0,1636718,2.0,34,,0.0,2.0,1.0,B01,138Â 305Â 532,1.0
959013,201900000544,10,24,16:00,1,1,1,1.0,2.0,30036,Route Nationale 113,M,"43,7804619","4,2930618",30,2019,70.0,1.0,1.0,2.0,2143404,1.0,1,1,1,5.0,,0.0,0,1959.0,A01,138Â 305Â 533,1.0,-1.0,-1.0,1636719,2.0,7,,0.0,0.0,4.0,A01,138Â 305Â 533,1.0
959014,201900000545,10,24,14:15,1,2,1,1.0,6.0,35206,17 Rue Paul ValÃ©ry,M,"48,0342650"," -1,6633870",35,2019,30.0,1.0,1.0,3.0,2143405,10.0,3,4,2,0.0,,2.0,4,1998.0,A01,138Â 305Â 531,0.0,-1.0,-1.0,1636720,0.0,7,,0.0,1.0,3.0,A01,138Â 305Â 531,1.0
959014,201900000545,10,24,14:15,1,2,1,1.0,6.0,35206,17 Rue Paul ValÃ©ry,M,"48,0342650"," -1,6633870",35,2019,30.0,1.0,1.0,3.0,2143406,1.0,1,1,2,5.0,,0.0,0,1988.0,A01,138Â 305Â 531,1.0,-1.0,-1.0,1636720,0.0,7,,0.0,1.0,3.0,A01,138Â 305Â 531,1.0
959015,201900000546,11,28,19:28,5,2,1,1.0,1.0,13211,PARETTE (PLACE DE LA),M,"43,2949490","5,4233860",13,2019,50.0,1.0,1.0,4.0,2143407,1.0,1,4,1,5.0,,0.0,0,1993.0,B01,138Â 305Â 529,2.0,6.0,-1.0,1636721,0.0,33,,0.0,2.0,1.0,B01,138Â 305Â 529,1.0
959015,201900000546,11,28,19:28,5,2,1,1.0,1.0,13211,PARETTE (PLACE DE LA),M,"43,2949490","5,4233860",13,2019,50.0,1.0,1.0,4.0,2143407,1.0,1,4,1,5.0,,0.0,0,1993.0,B01,138Â 305Â 529,2.0,6.0,-1.0,1636722,0.0,7,,0.0,2.0,2.0,A01,138Â 305Â 530,1.0
959015,201900000546,11,28,19:28,5,2,1,1.0,1.0,13211,PARETTE (PLACE DE LA),M,"43,2949490","5,4233860",13,2019,50.0,1.0,1.0,4.0,2143408,1.0,1,1,1,5.0,,0.0,0,1978.0,A01,138Â 305Â 530,1.0,0.0,-1.0,1636721,0.0,33,,0.0,2.0,1.0,B01,138Â 305Â 529,1.0
959015,201900000546,11,28,19:28,5,2,1,1.0,1.0,13211,PARETTE (PLACE DE LA),M,"43,2949490","5,4233860",13,2019,50.0,1.0,1.0,4.0,2143408,1.0,1,1,1,5.0,,0.0,0,1978.0,A01,138Â 305Â 530,1.0,0.0,-1.0,1636722,0.0,7,,0.0,2.0,2.0,A01,138Â 305Â 530,1.0
959016,201900000547,11,28,09:20,1,2,1,1.0,6.0,13209,JOSEPH AIGUIER (CHEMIN),M,"43,2551800","5,4066300",13,2019,50.0,1.0,1.0,4.0,2143409,1.0,1,1,2,0.0,,0.0,0,1927.0,A01,138Â 305Â 528,1.0,0.0,-1.0,1636723,1.0,7,,0.0,1.0,1.0,A01,138Â 305Â 528,1.0
959016,201900000547,11,28,09:20,1,2,1,1.0,6.0,13209,JOSEPH AIGUIER (CHEMIN),M,"43,2551800","5,4066300",13,2019,50.0,1.0,1.0,4.0,2143410,10.0,3,4,2,0.0,,3.0,3,1950.0,A01,138Â 305Â 528,8.0,-1.0,-1.0,1636723,1.0,7,,0.0,1.0,1.0,A01,138Â 305Â 528,1.0
959017,201900000548,11,29,07:20,2,1,3,1.0,3.0,13005,PALUDS (AVENUE DES),M,"43,2894390","5,5980710",13,2019,50.0,1.0,1.0,4.0,2143411,1.0,1,4,1,1.0,,-1.0, -1,1985.0,A01,138Â 305Â 525,2.0,6.0,-1.0,1636724,2.0,32,,0.0,2.0,1.0,A01,138Â 305Â 525,1.0
959017,201900000548,11,29,07:20,2,1,3,1.0,3.0,13005,PALUDS (AVENUE DES),M,"43,2894390","5,5980710",13,2019,50.0,1.0,1.0,4.0,2143411,1.0,1,4,1,1.0,,-1.0, -1,1985.0,A01,138Â 305Â 525,2.0,6.0,-1.0,1636725,2.0,7,,0.0,2.0,8.0,B01,138Â 305Â 526,1.0
959017,201900000548,11,29,07:20,2,1,3,1.0,3.0,13005,PALUDS (AVENUE DES),M,"43,2894390","5,5980710",13,2019,50.0,1.0,1.0,4.0,2143412,1.0,1,1,1,4.0,,-1.0, -1,1966.0,B01,138Â 305Â 526,1.0,8.0,-1.0,1636724,2.0,32,,0.0,2.0,1.0,A01,138Â 305Â 525,1.0
959017,201900000548,11,29,07:20,2,1,3,1.0,3.0,13005,PALUDS (AVENUE DES),M,"43,2894390","5,5980710",13,2019,50.0,1.0,1.0,4.0,2143412,1.0,1,1,1,4.0,,-1.0, -1,1966.0,B01,138Â 305Â 526,1.0,8.0,-1.0,1636725,2.0,7,,0.0,2.0,8.0,B01,138Â 305Â 526,1.0
959018,201900000549,11,28,11:05,1,2,1,1.0,6.0,11262,FERROUL (BOULEVARD DU DOCTEUR),M,"43,1803500","3,0044200",11,2019,50.0,1.0,1.0,4.0,2143413,10.0,3,4,1,0.0,,3.0,3,1931.0,A01,138Â 305Â 524,8.0,0.0,-1.0,1636726,3.0,7,,0.0,1.0,3.0,A01,138Â 305Â 524,1.0
959018,201900000549,11,28,11:05,1,2,1,1.0,6.0,11262,FERROUL (BOULEVARD DU DOCTEUR),M,"43,1803500","3,0044200",11,2019,50.0,1.0,1.0,4.0,2143414,1.0,1,1,1,4.0,,-1.0, -1,1969.0,A01,138Â 305Â 524,8.0,8.0,-1.0,1636726,3.0,7,,0.0,1.0,3.0,A01,138Â 305Â 524,1.0
959019,201900000550,11,29,16:15,1,1,1,8.0,4.0,10325,ROCADE OUEST (RD 610),M,"48,2610174","4,0945591",10,2019,90.0,1.0,1.0,3.0,2143415,1.0,1,1,1,0.0,,-1.0, -1,2000.0,C01,138Â 305Â 521,1.0,0.0,-1.0,1636727,3.0,7,,0.0,2.0,4.0,C01,138Â 305Â 521,0.0
959019,201900000550,11,29,16:15,1,1,1,8.0,4.0,10325,ROCADE OUEST (RD 610),M,"48,2610174","4,0945591",10,2019,90.0,1.0,1.0,3.0,2143415,1.0,1,1,1,0.0,,-1.0, -1,2000.0,C01,138Â 305Â 521,1.0,0.0,-1.0,1636728,3.0,7,,0.0,2.0,4.0,B01,138Â 305Â 522,1.0
959019,201900000550,11,29,16:15,1,1,1,8.0,4.0,10325,ROCADE OUEST (RD 610),M,"48,2610174","4,0945591",10,2019,90.0,1.0,1.0,3.0,2143415,1.0,1,1,1,0.0,,-1.0, -1,2000.0,C01,138Â 305Â 521,1.0,0.0,-1.0,1636729,3.0,10,,0.0,2.0,1.0,A01,138Â 305Â 523,1.0
959019,201900000550,11,29,16:15,1,1,1,8.0,4.0,10325,ROCADE OUEST (RD 610),M,"48,2610174","4,0945591",10,2019,90.0,1.0,1.0,3.0,2143416,1.0,1,1,1,0.0,,-1.0,0,1987.0,B01,138Â 305Â 522,1.0,0.0,-1.0,1636727,3.0,7,,0.0,2.0,4.0,C01,138Â 305Â 521,0.0
959019,201900000550,11,29,16:15,1,1,1,8.0,4.0,10325,ROCADE OUEST (RD 610),M,"48,2610174","4,0945591",10,2019,90.0,1.0,1.0,3.0,2143416,1.0,1,1,1,0.0,,-1.0,0,1987.0,B01,138Â 305Â 522,1.0,0.0,-1.0,1636728,3.0,7,,0.0,2.0,4.0,B01,138Â 305Â 522,1.0
959019,201900000550,11,29,16:15,1,1,1,8.0,4.0,10325,ROCADE OUEST (RD 610),M,"48,2610174","4,0945591",10,2019,90.0,1.0,1.0,3.0,2143416,1.0,1,1,1,0.0,,-1.0,0,1987.0,B01,138Â 305Â 522,1.0,0.0,-1.0,1636729,3.0,10,,0.0,2.0,1.0,A01,138Â 305Â 523,1.0
959019,201900000550,11,29,16:15,1,1,1,8.0,4.0,10325,ROCADE OUEST (RD 610),M,"48,2610174","4,0945591",10,2019,90.0,1.0,1.0,3.0,2143417,3.0,2,1,2,0.0,,-1.0, -1,1990.0,B01,138Â 305Â 522,1.0,0.0,-1.0,1636727,3.0,7,,0.0,2.0,4.0,C01,138Â 305Â 521,0.0
959019,201900000550,11,29,16:15,1,1,1,8.0,4.0,10325,ROCADE OUEST (RD 610),M,"48,2610174","4,0945591",10,2019,90.0,1.0,1.0,3.0,2143417,3.0,2,1,2,0.0,,-1.0, -1,1990.0,B01,138Â 305Â 522,1.0,0.0,-1.0,1636728,3.0,7,,0.0,2.0,4.0,B01,138Â 305Â 522,1.0
959019,201900000550,11,29,16:15,1,1,1,8.0,4.0,10325,ROCADE OUEST (RD 610),M,"48,2610174","4,0945591",10,2019,90.0,1.0,1.0,3.0,2143417,3.0,2,1,2,0.0,,-1.0, -1,1990.0,B01,138Â 305Â 522,1.0,0.0,-1.0,1636729,3.0,10,,0.0,2.0,1.0,A01,138Â 305Â 523,1.0
959019,201900000550,11,29,16:15,1,1,1,8.0,4.0,10325,ROCADE OUEST (RD 610),M,"48,2610174","4,0945591",10,2019,90.0,1.0,1.0,3.0,2143418,2.0,2,4,2,0.0,,-1.0, -1,1972.0,B01,138Â 305Â 522,1.0,0.0,-1.0,1636727,3.0,7,,0.0,2.0,4.0,C01,138Â 305Â 521,0.0
959019,201900000550,11,29,16:15,1,1,1,8.0,4.0,10325,ROCADE OUEST (RD 610),M,"48,2610174","4,0945591",10,2019,90.0,1.0,1.0,3.0,2143418,2.0,2,4,2,0.0,,-1.0, -1,1972.0,B01,138Â 305Â 522,1.0,0.0,-1.0,1636728,3.0,7,,0.0,2.0,4.0,B01,138Â 305Â 522,1.0
959019,201900000550,11,29,16:15,1,1,1,8.0,4.0,10325,ROCADE OUEST (RD 610),M,"48,2610174","4,0945591",10,2019,90.0,1.0,1.0,3.0,2143418,2.0,2,4,2,0.0,,-1.0, -1,1972.0,B01,138Â 305Â 522,1.0,0.0,-1.0,1636729,3.0,10,,0.0,2.0,1.0,A01,138Â 305Â 523,1.0
959019,201900000550,11,29,16:15,1,1,1,8.0,4.0,10325,ROCADE OUEST (RD 610),M,"48,2610174","4,0945591",10,2019,90.0,1.0,1.0,3.0,2143419,1.0,1,1,2,0.0,,-1.0, -1,1992.0,A01,138Â 305Â 523,1.0,0.0,-1.0,1636727,3.0,7,,0.0,2.0,4.0,C01,138Â 305Â 521,0.0
959019,201900000550,11,29,16:15,1,1,1,8.0,4.0,10325,ROCADE OUEST (RD 610),M,"48,2610174","4,0945591",10,2019,90.0,1.0,1.0,3.0,2143419,1.0,1,1,2,0.0,,-1.0, -1,1992.0,A01,138Â 305Â 523,1.0,0.0,-1.0,1636728,3.0,7,,0.0,2.0,4.0,B01,138Â 305Â 522,1.0
959019,201900000550,11,29,16:15,1,1,1,8.0,4.0,10325,ROCADE OUEST (RD 610),M,"48,2610174","4,0945591",10,2019,90.0,1.0,1.0,3.0,2143419,1.0,1,1,2,0.0,,-1.0, -1,1992.0,A01,138Â 305Â 523,1.0,0.0,-1.0,1636729,3.0,10,,0.0,2.0,1.0,A01,138Â 305Â 523,1.0
959020,201900000551,11,29,21:50,4,1,1,2.0,6.0,07316,LONES (PONT DES),M,"44,9171900","4,8632700",7,2019,90.0,1.0,2.0,3.0,2143420,1.0,1,4,2,0.0,,-1.0, -1,1972.0,A01,138Â 305Â 520,1.0,0.0,-1.0,1636730,1.0,7,,4.0,0.0,5.0,A01,138Â 305Â 520,1.0
959021,201900000552,11,30,00:05,5,2,3,1.0,6.0,06088,ANGLAIS (DU NÂ° 45 AU NÂ° 112),M,"43,6937880","7,2565650",6,2019,50.0,1.0,1.0,7.0,2143421,10.0,3,3,2,0.0,,4.0,3,2002.0,Z01,138Â 305Â 519,8.0,0.0,-1.0,1636731,2.0,7,,0.0,1.0,2.0,Z01,138Â 305Â 519,1.0
959021,201900000552,11,30,00:05,5,2,3,1.0,6.0,06088,ANGLAIS (DU NÂ° 45 AU NÂ° 112),M,"43,6937880","7,2565650",6,2019,50.0,1.0,1.0,7.0,2143422,1.0,1,1,2,5.0,,0.0,0,1996.0,Z01,138Â 305Â 519,8.0,0.0,-1.0,1636731,2.0,7,,0.0,1.0,2.0,Z01,138Â 305Â 519,1.0
959022,201900000553,11,29,12:00,1,2,1,1.0,2.0,06088,CIMIEZ (BD) A PARTIR DU 16-17,M,"43,7151970","7,2718620",6,2019,50.0,1.0,1.0,4.0,2143423,1.0,1,4,1,5.0,,0.0,0,1959.0,B01,138Â 305Â 517,1.0,0.0,-1.0,1636732,2.0,7,,0.0,2.0,4.0,B01,138Â 305Â 517,0.0
959022,201900000553,11,29,12:00,1,2,1,1.0,2.0,06088,CIMIEZ (BD) A PARTIR DU 16-17,M,"43,7151970","7,2718620",6,2019,50.0,1.0,1.0,4.0,2143423,1.0,1,4,1,5.0,,0.0,0,1959.0,B01,138Â 305Â 517,1.0,0.0,-1.0,1636733,2.0,7,,0.0,2.0,1.0,A01,138Â 305Â 518,0.0
959022,201900000553,11,29,12:00,1,2,1,1.0,2.0,06088,CIMIEZ (BD) A PARTIR DU 16-17,M,"43,7151970","7,2718620",6,2019,50.0,1.0,1.0,4.0,2143424,2.0,2,1,1,5.0,,0.0,0,1932.0,B01,138Â 305Â 517,1.0,0.0,-1.0,1636732,2.0,7,,0.0,2.0,4.0,B01,138Â 305Â 517,0.0
959022,201900000553,11,29,12:00,1,2,1,1.0,2.0,06088,CIMIEZ (BD) A PARTIR DU 16-17,M,"43,7151970","7,2718620",6,2019,50.0,1.0,1.0,4.0,2143424,2.0,2,1,1,5.0,,0.0,0,1932.0,B01,138Â 305Â 517,1.0,0.0,-1.0,1636733,2.0,7,,0.0,2.0,1.0,A01,138Â 305Â 518,0.0
959022,201900000553,11,29,12:00,1,2,1,1.0,2.0,06088,CIMIEZ (BD) A PARTIR DU 16-17,M,"43,7151970","7,2718620",6,2019,50.0,1.0,1.0,4.0,2143425,4.0,2,4,2,2.0,,0.0,0,1999.0,A01,138Â 305Â 518,8.0,0.0,-1.0,1636732,2.0,7,,0.0,2.0,4.0,B01,138Â 305Â 517,0.0
959022,201900000553,11,29,12:00,1,2,1,1.0,2.0,06088,CIMIEZ (BD) A PARTIR DU 16-17,M,"43,7151970","7,2718620",6,2019,50.0,1.0,1.0,4.0,2143425,4.0,2,4,2,2.0,,0.0,0,1999.0,A01,138Â 305Â 518,8.0,0.0,-1.0,1636733,2.0,7,,0.0,2.0,1.0,A01,138Â 305Â 518,0.0
959022,201900000553,11,29,12:00,1,2,1,1.0,2.0,06088,CIMIEZ (BD) A PARTIR DU 16-17,M,"43,7151970","7,2718620",6,2019,50.0,1.0,1.0,4.0,2143426,5.0,2,1,2,2.0,,0.0,0,1998.0,A01,138Â 305Â 518,8.0,0.0,-1.0,1636732,2.0,7,,0.0,2.0,4.0,B01,138Â 305Â 517,0.0
959022,201900000553,11,29,12:00,1,2,1,1.0,2.0,06088,CIMIEZ (BD) A PARTIR DU 16-17,M,"43,7151970","7,2718620",6,2019,50.0,1.0,1.0,4.0,2143426,5.0,2,1,2,2.0,,0.0,0,1998.0,A01,138Â 305Â 518,8.0,0.0,-1.0,1636733,2.0,7,,0.0,2.0,1.0,A01,138Â 305Â 518,0.0
959022,201900000553,11,29,12:00,1,2,1,1.0,2.0,06088,CIMIEZ (BD) A PARTIR DU 16-17,M,"43,7151970","7,2718620",6,2019,50.0,1.0,1.0,4.0,2143427,5.0,2,3,2,2.0,,0.0,0,1999.0,A01,138Â 305Â 518,8.0,0.0,-1.0,1636732,2.0,7,,0.0,2.0,4.0,B01,138Â 305Â 517,0.0
959022,201900000553,11,29,12:00,1,2,1,1.0,2.0,06088,CIMIEZ (BD) A PARTIR DU 16-17,M,"43,7151970","7,2718620",6,2019,50.0,1.0,1.0,4.0,2143427,5.0,2,3,2,2.0,,0.0,0,1999.0,A01,138Â 305Â 518,8.0,0.0,-1.0,1636733,2.0,7,,0.0,2.0,1.0,A01,138Â 305Â 518,0.0
959022,201900000553,11,29,12:00,1,2,1,1.0,2.0,06088,CIMIEZ (BD) A PARTIR DU 16-17,M,"43,7151970","7,2718620",6,2019,50.0,1.0,1.0,4.0,2143428,2.0,2,1,1,2.0,,0.0,0,1998.0,A01,138Â 305Â 518,1.0,0.0,-1.0,1636732,2.0,7,,0.0,2.0,4.0,B01,138Â 305Â 517,0.0
959022,201900000553,11,29,12:00,1,2,1,1.0,2.0,06088,CIMIEZ (BD) A PARTIR DU 16-17,M,"43,7151970","7,2718620",6,2019,50.0,1.0,1.0,4.0,2143428,2.0,2,1,1,2.0,,0.0,0,1998.0,A01,138Â 305Â 518,1.0,0.0,-1.0,1636733,2.0,7,,0.0,2.0,1.0,A01,138Â 305Â 518,0.0
959022,201900000553,11,29,12:00,1,2,1,1.0,2.0,06088,CIMIEZ (BD) A PARTIR DU 16-17,M,"43,7151970","7,2718620",6,2019,50.0,1.0,1.0,4.0,2143429,1.0,1,1,1,0.0,,0.0,0,1998.0,A01,138Â 305Â 518,1.0,0.0,-1.0,1636732,2.0,7,,0.0,2.0,4.0,B01,138Â 305Â 517,0.0
959022,201900000553,11,29,12:00,1,2,1,1.0,2.0,06088,CIMIEZ (BD) A PARTIR DU 16-17,M,"43,7151970","7,2718620",6,2019,50.0,1.0,1.0,4.0,2143429,1.0,1,1,1,0.0,,0.0,0,1998.0,A01,138Â 305Â 518,1.0,0.0,-1.0,1636733,2.0,7,,0.0,2.0,1.0,A01,138Â 305Â 518,0.0
959022,201900000553,11,29,12:00,1,2,1,1.0,2.0,06088,CIMIEZ (BD) A PARTIR DU 16-17,M,"43,7151970","7,2718620",6,2019,50.0,1.0,1.0,4.0,2143430,3.0,2,4,2,2.0,,0.0,0,1997.0,A01,138Â 305Â 518,8.0,0.0,-1.0,1636732,2.0,7,,0.0,2.0,4.0,B01,138Â 305Â 517,0.0
959022,201900000553,11,29,12:00,1,2,1,1.0,2.0,06088,CIMIEZ (BD) A PARTIR DU 16-17,M,"43,7151970","7,2718620",6,2019,50.0,1.0,1.0,4.0,2143430,3.0,2,4,2,2.0,,0.0,0,1997.0,A01,138Â 305Â 518,8.0,0.0,-1.0,1636733,2.0,7,,0.0,2.0,1.0,A01,138Â 305Â 518,0.0
959023,201900000554,11,29,01:25,5,1,6,1.0,7.0,05061,plaine de lachaup,M,"44,5095876","6,0455006",5,2019,50.0,1.0,1.0,2.0,2143431,2.0,2,4,1,5.0,,-1.0,0,1993.0,A01,138Â 305Â 516,1.0,0.0,-1.0,1636734,1.0,7,,15.0,0.0,1.0,A01,138Â 305Â 516,1.0
959023,201900000554,11,29,01:25,5,1,6,1.0,7.0,05061,plaine de lachaup,M,"44,5095876","6,0455006",5,2019,50.0,1.0,1.0,2.0,2143432,1.0,1,4,2,5.0,,-1.0,0,1994.0,A01,138Â 305Â 516,1.0,0.0,-1.0,1636734,1.0,7,,15.0,0.0,1.0,A01,138Â 305Â 516,1.0
959024,201900000555,11,29,19:40,5,2,1,1.0,6.0,03190,route de Clermont,M,"46,5562249","3,3211499",3,2019,50.0,1.0,1.0,3.0,2143433,2.0,2,1,2,9.0,,-1.0,0,2002.0,A01,138Â 305Â 514,1.0,8.0,-1.0,1636735,1.0,7,,0.0,1.0,3.0,A01,138Â 305Â 514,1.0
959024,201900000555,11,29,19:40,5,2,1,1.0,6.0,03190,route de Clermont,M,"46,5562249","3,3211499",3,2019,50.0,1.0,1.0,3.0,2143434,10.0,3,3,2,9.0,,2.0,3,2002.0,A01,138Â 305Â 514,8.0,8.0,-1.0,1636735,1.0,7,,0.0,1.0,3.0,A01,138Â 305Â 514,1.0
959024,201900000555,11,29,19:40,5,2,1,1.0,6.0,03190,route de Clermont,M,"46,5562249","3,3211499",3,2019,50.0,1.0,1.0,3.0,2143435,10.0,3,1,1,9.0,,0.0,0,1976.0,A01,138Â 305Â 514,0.0,-1.0,-1.0,1636735,1.0,7,,0.0,1.0,3.0,A01,138Â 305Â 514,1.0
959025,201900000556,11,29,17:00,1,2,1,1.0,3.0,75112,BD PERIPHERIQUE EXTERIEUR,M,"48,8377373","2,4129528",75,2019,70.0,1.0,1.0,4.0,2143436,1.0,1,1,1,0.0,,0.0,0,1981.0,A01,138Â 305Â 512,1.0,0.0,-1.0,1636736,2.0,7,,0.0,2.0,2.0,A01,138Â 305Â 512,1.0
959025,201900000556,11,29,17:00,1,2,1,1.0,3.0,75112,BD PERIPHERIQUE EXTERIEUR,M,"48,8377373","2,4129528",75,2019,70.0,1.0,1.0,4.0,2143436,1.0,1,1,1,0.0,,0.0,0,1981.0,A01,138Â 305Â 512,1.0,0.0,-1.0,1636737,2.0,32,,0.0,2.0,8.0,B01,138Â 305Â 513,1.0
959025,201900000556,11,29,17:00,1,2,1,1.0,3.0,75112,BD PERIPHERIQUE EXTERIEUR,M,"48,8377373","2,4129528",75,2019,70.0,1.0,1.0,4.0,2143437,1.0,1,4,1,5.0,,0.0,0,1970.0,B01,138Â 305Â 513,2.0,6.0,-1.0,1636736,2.0,7,,0.0,2.0,2.0,A01,138Â 305Â 512,1.0
959025,201900000556,11,29,17:00,1,2,1,1.0,3.0,75112,BD PERIPHERIQUE EXTERIEUR,M,"48,8377373","2,4129528",75,2019,70.0,1.0,1.0,4.0,2143437,1.0,1,4,1,5.0,,0.0,0,1970.0,B01,138Â 305Â 513,2.0,6.0,-1.0,1636737,2.0,32,,0.0,2.0,8.0,B01,138Â 305Â 513,1.0
959026,201900000557,11,28,09:20,1,2,1,1.0,4.0,75112,RUE DE DIJON,M,"48,8356010","2,3859110",75,2019,30.0,1.0,1.0,4.0,2143438,1.0,1,1,1,4.0,,0.0,0,1962.0,C01,138Â 305Â 509,1.0,0.0,-1.0,1636738,2.0,14,,0.0,2.0,5.0,C01,138Â 305Â 509,6.0
959026,201900000557,11,28,09:20,1,2,1,1.0,4.0,75112,RUE DE DIJON,M,"48,8356010","2,3859110",75,2019,30.0,1.0,1.0,4.0,2143438,1.0,1,1,1,4.0,,0.0,0,1962.0,C01,138Â 305Â 509,1.0,0.0,-1.0,1636739,2.0,37,1.0,0.0,2.0,6.0,B01,138Â 305Â 510,1.0
959026,201900000557,11,28,09:20,1,2,1,1.0,4.0,75112,RUE DE DIJON,M,"48,8356010","2,3859110",75,2019,30.0,1.0,1.0,4.0,2143438,1.0,1,1,1,4.0,,0.0,0,1962.0,C01,138Â 305Â 509,1.0,0.0,-1.0,1636740,2.0,33,,0.0,2.0,1.0,A01,138Â 305Â 511,1.0
959026,201900000557,11,28,09:20,1,2,1,1.0,4.0,75112,RUE DE DIJON,M,"48,8356010","2,3859110",75,2019,30.0,1.0,1.0,4.0,2143439,1.0,1,1,1,4.0,,0.0,0,1981.0,B01,138Â 305Â 510,1.0,0.0,-1.0,1636738,2.0,14,,0.0,2.0,5.0,C01,138Â 305Â 509,6.0
959026,201900000557,11,28,09:20,1,2,1,1.0,4.0,75112,RUE DE DIJON,M,"48,8356010","2,3859110",75,2019,30.0,1.0,1.0,4.0,2143439,1.0,1,1,1,4.0,,0.0,0,1981.0,B01,138Â 305Â 510,1.0,0.0,-1.0,1636739,2.0,37,1.0,0.0,2.0,6.0,B01,138Â 305Â 510,1.0
959026,201900000557,11,28,09:20,1,2,1,1.0,4.0,75112,RUE DE DIJON,M,"48,8356010","2,3859110",75,2019,30.0,1.0,1.0,4.0,2143439,1.0,1,1,1,4.0,,0.0,0,1981.0,B01,138Â 305Â 510,1.0,0.0,-1.0,1636740,2.0,33,,0.0,2.0,1.0,A01,138Â 305Â 511,1.0
959026,201900000557,11,28,09:20,1,2,1,1.0,4.0,75112,RUE DE DIJON,M,"48,8356010","2,3859110",75,2019,30.0,1.0,1.0,4.0,2143440,2.0,2,3,2,1.0,,0.0,0,1981.0,A01,138Â 305Â 511,2.0,6.0,-1.0,1636738,2.0,14,,0.0,2.0,5.0,C01,138Â 305Â 509,6.0