Unnamed: 0_x,num_acc,mois,jour,hrmn,lum,agg,int,atm,col,com,adr,gps,lat,long,dep,annee,vma,situ,surf,catr,Unnamed: 0_y,place,catu,grav,sexe,trajet,secu,locp,actp,an_nais,num_veh_x,id_vehicule_x,secu1,secu2,secu3,Unnamed: 0,senc,catv,occutc,obs,obsm,choc,num_veh_y,id_vehicule_y,motor
959026,201900000557,11,28,09:20,1,2,1,1.0,4.0,75112,RUE DE DIJON,M,"48,8356010","2,3859110",75,2019,30.0,1.0,1.0,4.0,2143440,2.0,2,3,2,1.0,,0.0,0,1981.0,A01,138Â 305Â 511,2.0,6.0,-1.0,1636739,2.0,37,1.0,0.0,2.0,6.0,B01,138Â 305Â 510,1.0
959026,201900000557,11,28,09:20,1,2,1,1.0,4.0,75112,RUE DE DIJON,M,"48,8356010","2,3859110",75,2019,30.0,1.0,1.0,4.0,2143440,2.0,2,3,2,1.0,,0.0,0,1981.0,A01,138Â 305Â 511,2.0,6.0,-1.0,1636740,2.0,33,,0.0,2.0,1.0,A01,138Â 305Â 511,1.0
959026,201900000557,11,28,09:20,1,2,1,1.0,4.0,75112,RUE DE DIJON,M,"48,8356010","2,3859110",75,2019,30.0,1.0,1.0,4.0,2143441,1.0,1,4,1,1.0,,0.0,0,1979.0,A01,138Â 305Â 511,2.0,6.0,-1.0,1636738,2.0,14,,0.0,2.0,5.0,C01,138Â 305Â 509,6.0
959026,201900000557,11,28,09:20,1,2,1,1.0,4.0,75112,RUE DE DIJON,M,"48,8356010","2,3859110",75,2019,30.0,1.0,1.0,4.0,2143441,1.0,1,4,1,1.0,,0.0,0,1979.0,A01,138Â 305Â 511,2.0,6.0,-1.0,1636739,2.0,37,1.0,0.0,2.0,6.0,B01,138Â 305Â 510,1.0
959026,201900000557,11,28,09:20,1,2,1,1.0,4.0,75112,RUE DE DIJON,M,"48,8356010","2,3859110",75,2019,30.0,1.0,1.0,4.0,2143441,1.0,1,4,1,1.0,,0.0,0,1979.0,A01,138Â 305Â 511,2.0,6.0,-1.0,1636740,2.0,33,,0.0,2.0,1.0,A01,138Â 305Â 511,1.0
959027,201900000558,11,29,19:26,5,2,2,1.0,6.0,75105,BOULEVARD SAINT MARCEL,M,"48,8384763","2,3570239",75,2019,30.0,1.0,1.0,4.0,2143442,10.0,3,4,1,5.0,,4.0,3,1987.0,A01,138Â 305Â 508,0.0,-1.0,-1.0,1636741,2.0,1,,0.0,1.0,8.0,A01,138Â 305Â 508,5.0
959027,201900000558,11,29,19:26,5,2,2,1.0,6.0,75105,BOULEVARD SAINT MARCEL,M,"48,8384763","2,3570239",75,2019,30.0,1.0,1.0,4.0,2143443,1.0,1,1,1,1.0,,0.0,0,1978.0,A01,138Â 305Â 508,8.0,2.0,-1.0,1636741,2.0,1,,0.0,1.0,8.0,A01,138Â 305Â 508,5.0
959028,201900000559,11,27,13:20,1,2,4,2.0,3.0,75106,BOULEVARD SAINT MICHEL,M,"48,8412519","2,3374696",75,2019,50.0,1.0,2.0,4.0,2143444,1.0,1,1,1,5.0,,0.0,0,1986.0,B01,138Â 305Â 506,1.0,0.0,-1.0,1636742,1.0,7,,0.0,2.0,2.0,B01,138Â 305Â 506,1.0
959028,201900000559,11,27,13:20,1,2,4,2.0,3.0,75106,BOULEVARD SAINT MICHEL,M,"48,8412519","2,3374696",75,2019,50.0,1.0,2.0,4.0,2143444,1.0,1,1,1,5.0,,0.0,0,1986.0,B01,138Â 305Â 506,1.0,0.0,-1.0,1636743,1.0,30,,0.0,2.0,8.0,A01,138Â 305Â 507,1.0
959028,201900000559,11,27,13:20,1,2,4,2.0,3.0,75106,BOULEVARD SAINT MICHEL,M,"48,8412519","2,3374696",75,2019,50.0,1.0,2.0,4.0,2143445,1.0,1,4,2,5.0,,0.0,0,1994.0,A01,138Â 305Â 507,2.0,6.0,-1.0,1636742,1.0,7,,0.0,2.0,2.0,B01,138Â 305Â 506,1.0
959028,201900000559,11,27,13:20,1,2,4,2.0,3.0,75106,BOULEVARD SAINT MICHEL,M,"48,8412519","2,3374696",75,2019,50.0,1.0,2.0,4.0,2143445,1.0,1,4,2,5.0,,0.0,0,1994.0,A01,138Â 305Â 507,2.0,6.0,-1.0,1636743,1.0,30,,0.0,2.0,8.0,A01,138Â 305Â 507,1.0
959029,201900000560,11,29,14:50,1,2,1,1.0,3.0,75117,AVENUE DE VILLIERS,M,"48,8852650","2,2947960",75,2019,50.0,1.0,1.0,4.0,2143446,1.0,1,1,1,1.0,,0.0,0,1984.0,B01,138Â 305Â 504,1.0,0.0,-1.0,1636744,1.0,7,,0.0,2.0,8.0,B01,138Â 305Â 504,1.0
959029,201900000560,11,29,14:50,1,2,1,1.0,3.0,75117,AVENUE DE VILLIERS,M,"48,8852650","2,2947960",75,2019,50.0,1.0,1.0,4.0,2143446,1.0,1,1,1,1.0,,0.0,0,1984.0,B01,138Â 305Â 504,1.0,0.0,-1.0,1636745,1.0,33,,0.0,2.0,2.0,A01,138Â 305Â 505,1.0
959029,201900000560,11,29,14:50,1,2,1,1.0,3.0,75117,AVENUE DE VILLIERS,M,"48,8852650","2,2947960",75,2019,50.0,1.0,1.0,4.0,2143447,1.0,1,4,1,0.0,,0.0,0,1984.0,A01,138Â 305Â 505,2.0,6.0,-1.0,1636744,1.0,7,,0.0,2.0,8.0,B01,138Â 305Â 504,1.0
959029,201900000560,11,29,14:50,1,2,1,1.0,3.0,75117,AVENUE DE VILLIERS,M,"48,8852650","2,2947960",75,2019,50.0,1.0,1.0,4.0,2143447,1.0,1,4,1,0.0,,0.0,0,1984.0,A01,138Â 305Â 505,2.0,6.0,-1.0,1636745,1.0,33,,0.0,2.0,2.0,A01,138Â 305Â 505,1.0
959030,201900000561,11,28,10:35,1,2,1,1.0,3.0,75117,BOULEVARD DE COURCELLES,M,"48,8799080","2,3066330",75,2019,30.0,1.0,1.0,4.0,2143448,1.0,1,1,1,4.0,,0.0,0,1960.0,B01,138Â 305Â 502,1.0,0.0,-1.0,1636746,1.0,7,,0.0,2.0,7.0,B01,138Â 305Â 502,1.0
959030,201900000561,11,28,10:35,1,2,1,1.0,3.0,75117,BOULEVARD DE COURCELLES,M,"48,8799080","2,3066330",75,2019,30.0,1.0,1.0,4.0,2143448,1.0,1,1,1,4.0,,0.0,0,1960.0,B01,138Â 305Â 502,1.0,0.0,-1.0,1636747,1.0,30,,0.0,2.0,3.0,A01,138Â 305Â 503,1.0
959030,201900000561,11,28,10:35,1,2,1,1.0,3.0,75117,BOULEVARD DE COURCELLES,M,"48,8799080","2,3066330",75,2019,30.0,1.0,1.0,4.0,2143449,3.0,2,1,1,5.0,,0.0,0,1946.0,B01,138Â 305Â 502,1.0,0.0,-1.0,1636746,1.0,7,,0.0,2.0,7.0,B01,138Â 305Â 502,1.0
959030,201900000561,11,28,10:35,1,2,1,1.0,3.0,75117,BOULEVARD DE COURCELLES,M,"48,8799080","2,3066330",75,2019,30.0,1.0,1.0,4.0,2143449,3.0,2,1,1,5.0,,0.0,0,1946.0,B01,138Â 305Â 502,1.0,0.0,-1.0,1636747,1.0,30,,0.0,2.0,3.0,A01,138Â 305Â 503,1.0
959030,201900000561,11,28,10:35,1,2,1,1.0,3.0,75117,BOULEVARD DE COURCELLES,M,"48,8799080","2,3066330",75,2019,30.0,1.0,1.0,4.0,2143450,1.0,1,4,1,4.0,,0.0,0,2000.0,A01,138Â 305Â 503,2.0,6.0,-1.0,1636746,1.0,7,,0.0,2.0,7.0,B01,138Â 305Â 502,1.0
959030,201900000561,11,28,10:35,1,2,1,1.0,3.0,75117,BOULEVARD DE COURCELLES,M,"48,8799080","2,3066330",75,2019,30.0,1.0,1.0,4.0,2143450,1.0,1,4,1,4.0,,0.0,0,2000.0,A01,138Â 305Â 503,2.0,6.0,-1.0,1636747,1.0,30,,0.0,2.0,3.0,A01,138Â 305Â 503,1.0
959031,201900000562,11,28,16:25,1,2,4,8.0,6.0,75108,AVENUE MARCEAU,M,"48,8660756","2,2996588",75,2019,50.0,1.0,1.0,4.0,2143451,10.0,3,4,1,4.0,,2.0,3,1961.0,A01,138Â 305Â 501,0.0,-1.0,-1.0,1636748,2.0,31,,0.0,1.0,2.0,A01,138Â 305Â 501,1.0
959031,201900000562,11,28,16:25,1,2,4,8.0,6.0,75108,AVENUE MARCEAU,M,"48,8660756","2,2996588",75,2019,50.0,1.0,1.0,4.0,2143452,1.0,1,1,1,1.0,,0.0,0,1974.0,A01,138Â 305Â 501,2.0,6.0,-1.0,1636748,2.0,31,,0.0,1.0,2.0,A01,138Â 305Â 501,1.0
959032,201900000563,11,29,19:30,5,2,1,8.0,6.0,75112,BOULEVARD DIDEROT,M,"48,8466734","2,3809492",75,2019,50.0,6.0,2.0,4.0,2143453,1.0,1,4,1,5.0,,0.0,0,1954.0,A01,138Â 305Â 500,2.0,6.0,-1.0,1636749,1.0,7,,0.0,2.0,0.0,Z01,138Â 305Â 499,0.0
959032,201900000563,11,29,19:30,5,2,1,8.0,6.0,75112,BOULEVARD DIDEROT,M,"48,8466734","2,3809492",75,2019,50.0,6.0,2.0,4.0,2143453,1.0,1,4,1,5.0,,0.0,0,1954.0,A01,138Â 305Â 500,2.0,6.0,-1.0,1636750,1.0,31,,0.0,2.0,0.0,A01,138Â 305Â 500,1.0
959033,201900000564,11,29,08:00,1,2,1,2.0,3.0,75112,AVENUE LEDRU ROLLIN,M,"48,8488190","2,3728750",75,2019,50.0,1.0,2.0,4.0,2143454,1.0,1,4,1,1.0,,0.0,0,1972.0,B01,138Â 305Â 497,2.0,6.0,-1.0,1636751,1.0,32,,0.0,2.0,2.0,B01,138Â 305Â 497,1.0
959033,201900000564,11,29,08:00,1,2,1,2.0,3.0,75112,AVENUE LEDRU ROLLIN,M,"48,8488190","2,3728750",75,2019,50.0,1.0,2.0,4.0,2143454,1.0,1,4,1,1.0,,0.0,0,1972.0,B01,138Â 305Â 497,2.0,6.0,-1.0,1636752,1.0,7,,0.0,2.0,3.0,A01,138Â 305Â 498,1.0
959033,201900000564,11,29,08:00,1,2,1,2.0,3.0,75112,AVENUE LEDRU ROLLIN,M,"48,8488190","2,3728750",75,2019,50.0,1.0,2.0,4.0,2143455,1.0,1,1,1,0.0,,0.0,0,1980.0,A01,138Â 305Â 498,1.0,0.0,-1.0,1636751,1.0,32,,0.0,2.0,2.0,B01,138Â 305Â 497,1.0
959033,201900000564,11,29,08:00,1,2,1,2.0,3.0,75112,AVENUE LEDRU ROLLIN,M,"48,8488190","2,3728750",75,2019,50.0,1.0,2.0,4.0,2143455,1.0,1,1,1,0.0,,0.0,0,1980.0,A01,138Â 305Â 498,1.0,0.0,-1.0,1636752,1.0,7,,0.0,2.0,3.0,A01,138Â 305Â 498,1.0
959034,201900000565,11,29,09:00,1,2,1,8.0,6.0,75111,RUE DE CRUSSOL,M,"48,8640800","2,3677150",75,2019,30.0,1.0,2.0,4.0,2143456,10.0,3,4,2,2.0,,2.0,3,2003.0,A01,138Â 305Â 496,0.0,-1.0,-1.0,1636753,2.0,43,,0.0,1.0,1.0,A01,138Â 305Â 496,1.0
959034,201900000565,11,29,09:00,1,2,1,8.0,6.0,75111,RUE DE CRUSSOL,M,"48,8640800","2,3677150",75,2019,30.0,1.0,2.0,4.0,2143457,1.0,1,1,1,1.0,,0.0,0,1987.0,A01,138Â 305Â 496,2.0,6.0,-1.0,1636753,2.0,43,,0.0,1.0,1.0,A01,138Â 305Â 496,1.0
959035,201900000566,11,29,19:05,5,2,2,1.0,6.0,75108,COURS LA REINE,M,"48,8646810","2,3136570",75,2019,50.0,1.0,1.0,4.0,2143458,1.0,1,4,1,1.0,,0.0,0,1994.0,A01,138Â 305Â 495,2.0,6.0,-1.0,1636754,1.0,7,,0.0,2.0,2.0,Z01,138Â 305Â 494,1.0
959035,201900000566,11,29,19:05,5,2,2,1.0,6.0,75108,COURS LA REINE,M,"48,8646810","2,3136570",75,2019,50.0,1.0,1.0,4.0,2143458,1.0,1,4,1,1.0,,0.0,0,1994.0,A01,138Â 305Â 495,2.0,6.0,-1.0,1636755,1.0,33,,0.0,2.0,8.0,A01,138Â 305Â 495,1.0
959036,201900000567,11,29,12:00,1,2,1,1.0,7.0,75108,RUE DE COURCELLES,M,"48,8732719","2,3112966",75,2019,30.0,1.0,2.0,4.0,2143459,2.0,2,4,2,0.0,,0.0,0,1948.0,A01,138Â 305Â 493,2.0,6.0,-1.0,1636756,2.0,32,,0.0,0.0,8.0,A01,138Â 305Â 493,1.0
959036,201900000567,11,29,12:00,1,2,1,1.0,7.0,75108,RUE DE COURCELLES,M,"48,8732719","2,3112966",75,2019,30.0,1.0,2.0,4.0,2143460,1.0,1,4,1,0.0,,0.0,0,1949.0,A01,138Â 305Â 493,2.0,6.0,-1.0,1636756,2.0,32,,0.0,0.0,8.0,A01,138Â 305Â 493,1.0
959037,201900000568,11,29,09:30,1,2,3,2.0,2.0,75108,AVENUE MARCEAU,M,"48,8685250","2,2989190",75,2019,50.0,1.0,2.0,4.0,2143461,1.0,1,4,1,1.0,,0.0,0,1992.0,B01,138Â 305Â 491,2.0,6.0,-1.0,1636757,2.0,33,,0.0,2.0,4.0,B01,138Â 305Â 491,1.0
959037,201900000568,11,29,09:30,1,2,3,2.0,2.0,75108,AVENUE MARCEAU,M,"48,8685250","2,2989190",75,2019,50.0,1.0,2.0,4.0,2143461,1.0,1,4,1,1.0,,0.0,0,1992.0,B01,138Â 305Â 491,2.0,6.0,-1.0,1636758,2.0,7,,0.0,2.0,1.0,A01,138Â 305Â 492,1.0
959037,201900000568,11,29,09:30,1,2,3,2.0,2.0,75108,AVENUE MARCEAU,M,"48,8685250","2,2989190",75,2019,50.0,1.0,2.0,4.0,2143462,1.0,1,1,1,0.0,,0.0,0,1997.0,A01,138Â 305Â 492,1.0,0.0,-1.0,1636757,2.0,33,,0.0,2.0,4.0,B01,138Â 305Â 491,1.0
959037,201900000568,11,29,09:30,1,2,3,2.0,2.0,75108,AVENUE MARCEAU,M,"48,8685250","2,2989190",75,2019,50.0,1.0,2.0,4.0,2143462,1.0,1,1,1,0.0,,0.0,0,1997.0,A01,138Â 305Â 492,1.0,0.0,-1.0,1636758,2.0,7,,0.0,2.0,1.0,A01,138Â 305Â 492,1.0
959038,201900000569,11,29,13:45,1,2,3,2.0,6.0,75102,RUE SAINT DENIS,M,"48,8667094","2,3512489",75,2019,50.0,1.0,2.0,4.0,2143463,10.0,3,4,1,5.0,,2.0,3,1991.0,B01,138Â 305Â 489,0.0,-1.0,-1.0,1636759,1.0,30,,0.0,2.0,0.0,B01,138Â 305Â 489,1.0
959038,201900000569,11,29,13:45,1,2,3,2.0,6.0,75102,RUE SAINT DENIS,M,"48,8667094","2,3512489",75,2019,50.0,1.0,2.0,4.0,2143463,10.0,3,4,1,5.0,,2.0,3,1991.0,B01,138Â 305Â 489,0.0,-1.0,-1.0,1636760,2.0,1,,0.0,2.0,0.0,Z01,138Â 305Â 490,5.0
959038,201900000569,11,29,13:45,1,2,3,2.0,6.0,75102,RUE SAINT DENIS,M,"48,8667094","2,3512489",75,2019,50.0,1.0,2.0,4.0,2143464,1.0,1,1,1,0.0,,0.0,0,1997.0,B01,138Â 305Â 489,2.0,6.0,-1.0,1636759,1.0,30,,0.0,2.0,0.0,B01,138Â 305Â 489,1.0
959038,201900000569,11,29,13:45,1,2,3,2.0,6.0,75102,RUE SAINT DENIS,M,"48,8667094","2,3512489",75,2019,50.0,1.0,2.0,4.0,2143464,1.0,1,1,1,0.0,,0.0,0,1997.0,B01,138Â 305Â 489,2.0,6.0,-1.0,1636760,2.0,1,,0.0,2.0,0.0,Z01,138Â 305Â 490,5.0
959039,201900000570,11,28,23:20,5,2,2,2.0,3.0,75101,PLACE DU CARROUSEL,M,"48,8601150","2,3333390",75,2019,50.0,1.0,2.0,4.0,2143465,1.0,1,1,1,0.0,,0.0,0,1986.0,A01,138Â 305Â 487,1.0,0.0,-1.0,1636761,1.0,7,,0.0,2.0,3.0,A01,138Â 305Â 487,1.0
959039,201900000570,11,28,23:20,5,2,2,2.0,3.0,75101,PLACE DU CARROUSEL,M,"48,8601150","2,3333390",75,2019,50.0,1.0,2.0,4.0,2143465,1.0,1,1,1,0.0,,0.0,0,1986.0,A01,138Â 305Â 487,1.0,0.0,-1.0,1636762,1.0,32,,0.0,2.0,7.0,B01,138Â 305Â 488,1.0
959039,201900000570,11,28,23:20,5,2,2,2.0,3.0,75101,PLACE DU CARROUSEL,M,"48,8601150","2,3333390",75,2019,50.0,1.0,2.0,4.0,2143466,1.0,1,4,2,0.0,,0.0,0,1959.0,B01,138Â 305Â 488,2.0,6.0,-1.0,1636761,1.0,7,,0.0,2.0,3.0,A01,138Â 305Â 487,1.0
959039,201900000570,11,28,23:20,5,2,2,2.0,3.0,75101,PLACE DU CARROUSEL,M,"48,8601150","2,3333390",75,2019,50.0,1.0,2.0,4.0,2143466,1.0,1,4,2,0.0,,0.0,0,1959.0,B01,138Â 305Â 488,2.0,6.0,-1.0,1636762,1.0,32,,0.0,2.0,7.0,B01,138Â 305Â 488,1.0
959040,201900000571,11,28,00:05,5,2,1,2.0,1.0,94068,BAC (AV DU),M,"48,7938900","2,5133600",94,2019,50.0,1.0,1.0,3.0,2143467,1.0,1,1,1,5.0,,-1.0,0,1972.0,B01,138Â 305Â 483,1.0,0.0,-1.0,1636763,2.0,7,,0.0,2.0,8.0,B01,138Â 305Â 483,0.0
959040,201900000571,11,28,00:05,5,2,1,2.0,1.0,94068,BAC (AV DU),M,"48,7938900","2,5133600",94,2019,50.0,1.0,1.0,3.0,2143467,1.0,1,1,1,5.0,,-1.0,0,1972.0,B01,138Â 305Â 483,1.0,0.0,-1.0,1636764,1.0,7,,0.0,2.0,3.0,A01,138Â 305Â 484,1.0
959040,201900000571,11,28,00:05,5,2,1,2.0,1.0,94068,BAC (AV DU),M,"48,7938900","2,5133600",94,2019,50.0,1.0,1.0,3.0,2143468,1.0,1,4,2,5.0,,-1.0,0,1987.0,A01,138Â 305Â 484,1.0,0.0,-1.0,1636763,2.0,7,,0.0,2.0,8.0,B01,138Â 305Â 483,0.0
959040,201900000571,11,28,00:05,5,2,1,2.0,1.0,94068,BAC (AV DU),M,"48,7938900","2,5133600",94,2019,50.0,1.0,1.0,3.0,2143468,1.0,1,4,2,5.0,,-1.0,0,1987.0,A01,138Â 305Â 484,1.0,0.0,-1.0,1636764,1.0,7,,0.0,2.0,3.0,A01,138Â 305Â 484,1.0
959041,201900000572,11,29,21:00,5,2,1,1.0,6.0,94042,JEAN MERMOZ (R),M,"48,8197800","2,4646900",94,2019,30.0,1.0,1.0,3.0,2143469,10.0,3,3,1,0.0,,2.0,3,1983.0,A01,138Â 305Â 482,8.0,0.0,-1.0,1636765,1.0,7,,0.0,1.0,1.0,A01,138Â 305Â 482,1.0
959041,201900000572,11,29,21:00,5,2,1,1.0,6.0,94042,JEAN MERMOZ (R),M,"48,8197800","2,4646900",94,2019,30.0,1.0,1.0,3.0,2143470,1.0,1,1,1,0.0,,0.0,0,1998.0,A01,138Â 305Â 482,8.0,0.0,-1.0,1636765,1.0,7,,0.0,1.0,1.0,A01,138Â 305Â 482,1.0
959042,201900000573,11,28,13:20,1,2,2,8.0,3.0,94046,JEAN JAURES (R),M,"48,7956276","2,4338253",94,2019,50.0,1.0,1.0,3.0,2143471,1.0,1,1,1,0.0,,-1.0,0,1971.0,A01,138Â 305Â 480,1.0,0.0,-1.0,1636766,1.0,7,,0.0,2.0,8.0,A01,138Â 305Â 480,0.0
959042,201900000573,11,28,13:20,1,2,2,8.0,3.0,94046,JEAN JAURES (R),M,"48,7956276","2,4338253",94,2019,50.0,1.0,1.0,3.0,2143471,1.0,1,1,1,0.0,,-1.0,0,1971.0,A01,138Â 305Â 480,1.0,0.0,-1.0,1636767,2.0,37,2.0,0.0,2.0,2.0,B01,138Â 305Â 481,0.0
959042,201900000573,11,28,13:20,1,2,2,8.0,3.0,94046,JEAN JAURES (R),M,"48,7956276","2,4338253",94,2019,50.0,1.0,1.0,3.0,2143472,5.0,2,4,2,9.0,,-1.0,0,1982.0,B01,138Â 305Â 481,8.0,0.0,-1.0,1636766,1.0,7,,0.0,2.0,8.0,A01,138Â 305Â 480,0.0
959042,201900000573,11,28,13:20,1,2,2,8.0,3.0,94046,JEAN JAURES (R),M,"48,7956276","2,4338253",94,2019,50.0,1.0,1.0,3.0,2143472,5.0,2,4,2,9.0,,-1.0,0,1982.0,B01,138Â 305Â 481,8.0,0.0,-1.0,1636767,2.0,37,2.0,0.0,2.0,2.0,B01,138Â 305Â 481,0.0
959042,201900000573,11,28,13:20,1,2,2,8.0,3.0,94046,JEAN JAURES (R),M,"48,7956276","2,4338253",94,2019,50.0,1.0,1.0,3.0,2143473,1.0,1,1,1,1.0,,-1.0,0,1985.0,B01,138Â 305Â 481,1.0,0.0,-1.0,1636766,1.0,7,,0.0,2.0,8.0,A01,138Â 305Â 480,0.0
959042,201900000573,11,28,13:20,1,2,2,8.0,3.0,94046,JEAN JAURES (R),M,"48,7956276","2,4338253",94,2019,50.0,1.0,1.0,3.0,2143473,1.0,1,1,1,1.0,,-1.0,0,1985.0,B01,138Â 305Â 481,1.0,0.0,-1.0,1636767,2.0,37,2.0,0.0,2.0,2.0,B01,138Â 305Â 481,0.0
959043,201900000574,11,29,18:20,5,2,1,1.0,3.0,94076,MAXIME GORKI (R),M,"48,7905700","2,3694400",94,2019,50.0,4.0,1.0,3.0,2143474,1.0,1,4,2,9.0,,-1.0, -1,1994.0,B01,138Â 305Â 478,2.0,8.0,-1.0,1636768,1.0,50,,0.0,2.0,8.0,B01,138Â 305Â 478,3.0
959043,201900000574,11,29,18:20,5,2,1,1.0,3.0,94076,MAXIME GORKI (R),M,"48,7905700","2,3694400",94,2019,50.0,4.0,1.0,3.0,2143474,1.0,1,4,2,9.0,,-1.0, -1,1994.0,B01,138Â 305Â 478,2.0,8.0,-1.0,1636769,1.0,7,,0.0,9.0,1.0,A01,138Â 305Â 479,1.0
959043,201900000574,11,29,18:20,5,2,1,1.0,3.0,94076,MAXIME GORKI (R),M,"48,7905700","2,3694400",94,2019,50.0,4.0,1.0,3.0,2143475,1.0,1,1,1,5.0,,-1.0, -1,1984.0,A01,138Â 305Â 479,1.0,8.0,-1.0,1636768,1.0,50,,0.0,2.0,8.0,B01,138Â 305Â 478,3.0
959043,201900000574,11,29,18:20,5,2,1,1.0,3.0,94076,MAXIME GORKI (R),M,"48,7905700","2,3694400",94,2019,50.0,4.0,1.0,3.0,2143475,1.0,1,1,1,5.0,,-1.0, -1,1984.0,A01,138Â 305Â 479,1.0,8.0,-1.0,1636769,1.0,7,,0.0,9.0,1.0,A01,138Â 305Â 479,1.0
959044,201900000575,11,28,12:50,1,2,2,1.0,3.0,94065,STRASBOURG (RUE DE),M,"48,7587300","2,3581400",94,2019,30.0,8.0,2.0,5.0,2143476,1.0,1,4,1,1.0,,-1.0,0,1999.0,B01,138Â 305Â 476,1.0,0.0,-1.0,1636770,3.0,7,,0.0,2.0,8.0,B01,138Â 305Â 476,1.0
959044,201900000575,11,28,12:50,1,2,2,1.0,3.0,94065,STRASBOURG (RUE DE),M,"48,7587300","2,3581400",94,2019,30.0,8.0,2.0,5.0,2143476,1.0,1,4,1,1.0,,-1.0,0,1999.0,B01,138Â 305Â 476,1.0,0.0,-1.0,1636771,3.0,10,,0.0,2.0,1.0,A01,138Â 305Â 477,1.0
959044,201900000575,11,28,12:50,1,2,2,1.0,3.0,94065,STRASBOURG (RUE DE),M,"48,7587300","2,3581400",94,2019,30.0,8.0,2.0,5.0,2143477,1.0,1,1,1,1.0,,-1.0,0,1995.0,A01,138Â 305Â 477,1.0,0.0,-1.0,1636770,3.0,7,,0.0,2.0,8.0,B01,138Â 305Â 476,1.0
959044,201900000575,11,28,12:50,1,2,2,1.0,3.0,94065,STRASBOURG (RUE DE),M,"48,7587300","2,3581400",94,2019,30.0,8.0,2.0,5.0,2143477,1.0,1,1,1,1.0,,-1.0,0,1995.0,A01,138Â 305Â 477,1.0,0.0,-1.0,1636771,3.0,10,,0.0,2.0,1.0,A01,138Â 305Â 477,1.0
959045,201900000576,11,29,10:40,1,2,6,2.0,3.0,94028,POMPADOUR(CARREFOUR),M,"48,7746000","2,4391200",94,2019,50.0,1.0,2.0,3.0,2143478,1.0,1,4,1,1.0,,-1.0, -1,1955.0,B01,138Â 305Â 474,2.0,8.0,-1.0,1636772,3.0,32,,0.0,2.0,7.0,B01,138Â 305Â 474,1.0
959045,201900000576,11,29,10:40,1,2,6,2.0,3.0,94028,POMPADOUR(CARREFOUR),M,"48,7746000","2,4391200",94,2019,50.0,1.0,2.0,3.0,2143478,1.0,1,4,1,1.0,,-1.0, -1,1955.0,B01,138Â 305Â 474,2.0,8.0,-1.0,1636773,3.0,7,,0.0,2.0,1.0,A01,138Â 305Â 475,1.0
959045,201900000576,11,29,10:40,1,2,6,2.0,3.0,94028,POMPADOUR(CARREFOUR),M,"48,7746000","2,4391200",94,2019,50.0,1.0,2.0,3.0,2143479,1.0,1,1,1,0.0,,-1.0, -1,1962.0,A01,138Â 305Â 475,1.0,8.0,-1.0,1636772,3.0,32,,0.0,2.0,7.0,B01,138Â 305Â 474,1.0
959045,201900000576,11,29,10:40,1,2,6,2.0,3.0,94028,POMPADOUR(CARREFOUR),M,"48,7746000","2,4391200",94,2019,50.0,1.0,2.0,3.0,2143479,1.0,1,1,1,0.0,,-1.0, -1,1962.0,A01,138Â 305Â 475,1.0,8.0,-1.0,1636773,3.0,7,,0.0,2.0,1.0,A01,138Â 305Â 475,1.0
959046,201900000577,11,29,07:55,5,2,3,2.0,6.0,94028,FALKIRK(RUE),M,"48,7711600","2,4611900",94,2019,50.0,2.0,2.0,4.0,2143480,1.0,1,1,1,2.0,,-1.0, -1,1991.0,A01,138Â 305Â 473,1.0,0.0,-1.0,1636774,2.0,7,,0.0,1.0,1.0,A01,138Â 305Â 473,1.0
959046,201900000577,11,29,07:55,5,2,3,2.0,6.0,94028,FALKIRK(RUE),M,"48,7711600","2,4611900",94,2019,50.0,2.0,2.0,4.0,2143481,10.0,3,4,2,2.0,,4.0,3,2004.0,A01,138Â 305Â 473,8.0,0.0,-1.0,1636774,2.0,7,,0.0,1.0,1.0,A01,138Â 305Â 473,1.0
959047,201900000578,11,28,21:15,5,2,9,1.0,3.0,94011,BOISSY.(AVENUE DE),M,"48,7639700","2,4931100",94,2019,50.0,1.0,1.0,3.0,2143482,1.0,1,1,1,0.0,,-1.0, -1,1996.0,A01,138Â 305Â 471,8.0,0.0,-1.0,1636775,1.0,7,,0.0,2.0,1.0,A01,138Â 305Â 471,1.0
959047,201900000578,11,28,21:15,5,2,9,1.0,3.0,94011,BOISSY.(AVENUE DE),M,"48,7639700","2,4931100",94,2019,50.0,1.0,1.0,3.0,2143482,1.0,1,1,1,0.0,,-1.0, -1,1996.0,A01,138Â 305Â 471,8.0,0.0,-1.0,1636776,1.0,7,,0.0,1.0,7.0,B01,138Â 305Â 472,1.0
959047,201900000578,11,28,21:15,5,2,9,1.0,3.0,94011,BOISSY.(AVENUE DE),M,"48,7639700","2,4931100",94,2019,50.0,1.0,1.0,3.0,2143483,1.0,1,4,1,0.0,,-1.0, -1,2001.0,B01,138Â 305Â 472,8.0,0.0,-1.0,1636775,1.0,7,,0.0,2.0,1.0,A01,138Â 305Â 471,1.0
959047,201900000578,11,28,21:15,5,2,9,1.0,3.0,94011,BOISSY.(AVENUE DE),M,"48,7639700","2,4931100",94,2019,50.0,1.0,1.0,3.0,2143483,1.0,1,4,1,0.0,,-1.0, -1,2001.0,B01,138Â 305Â 472,8.0,0.0,-1.0,1636776,1.0,7,,0.0,1.0,7.0,B01,138Â 305Â 472,1.0