Unnamed: 0_x,num_acc,mois,jour,hrmn,lum,agg,int,atm,col,com,adr,gps,lat,long,dep,annee,vma,situ,surf,catr,Unnamed: 0_y,place,catu,grav,sexe,trajet,secu,locp,actp,an_nais,num_veh_x,id_vehicule_x,secu1,secu2,secu3,Unnamed: 0,senc,catv,occutc,obs,obsm,choc,num_veh_y,id_vehicule_y,motor
959048,201900000579,11,29,20:15,4,2,1,1.0,3.0,94022,VICTOR HUGO (AV),M,"48,7669000","2,4148100",94,2019,50.0,1.0,1.0,3.0,2143484,1.0,1,4,1,5.0,,-1.0, -1,1996.0,B01,138Â 305Â 469,2.0,6.0,-1.0,1636777,1.0,34,,0.0,2.0,1.0,B01,138Â 305Â 469,1.0
959048,201900000579,11,29,20:15,4,2,1,1.0,3.0,94022,VICTOR HUGO (AV),M,"48,7669000","2,4148100",94,2019,50.0,1.0,1.0,3.0,2143484,1.0,1,4,1,5.0,,-1.0, -1,1996.0,B01,138Â 305Â 469,2.0,6.0,-1.0,1636778,1.0,7,,0.0,2.0,3.0,A01,138Â 305Â 470,1.0
959048,201900000579,11,29,20:15,4,2,1,1.0,3.0,94022,VICTOR HUGO (AV),M,"48,7669000","2,4148100",94,2019,50.0,1.0,1.0,3.0,2143485,1.0,1,1,1,5.0,,-1.0, -1,2001.0,A01,138Â 305Â 470,1.0,8.0,-1.0,1636777,1.0,34,,0.0,2.0,1.0,B01,138Â 305Â 469,1.0
959048,201900000579,11,29,20:15,4,2,1,1.0,3.0,94022,VICTOR HUGO (AV),M,"48,7669000","2,4148100",94,2019,50.0,1.0,1.0,3.0,2143485,1.0,1,1,1,5.0,,-1.0, -1,2001.0,A01,138Â 305Â 470,1.0,8.0,-1.0,1636778,1.0,7,,0.0,2.0,3.0,A01,138Â 305Â 470,1.0
959049,201900000580,11,29,16:30,4,2,3,1.0,3.0,94054,MARECHAL FOCH (R DU),M,"48,7445200","2,3971800",94,2019,50.0,1.0,1.0,3.0,2143486,1.0,1,4,1,1.0,,-1.0, -1,1962.0,B01,138Â 305Â 467,2.0,0.0,-1.0,1636779,2.0,1,,0.0,2.0,1.0,B01,138Â 305Â 467,0.0
959049,201900000580,11,29,16:30,4,2,3,1.0,3.0,94054,MARECHAL FOCH (R DU),M,"48,7445200","2,3971800",94,2019,50.0,1.0,1.0,3.0,2143486,1.0,1,4,1,1.0,,-1.0, -1,1962.0,B01,138Â 305Â 467,2.0,0.0,-1.0,1636780,1.0,7,,0.0,2.0,7.0,A01,138Â 305Â 468,1.0
959049,201900000580,11,29,16:30,4,2,3,1.0,3.0,94054,MARECHAL FOCH (R DU),M,"48,7445200","2,3971800",94,2019,50.0,1.0,1.0,3.0,2143487,1.0,1,4,1,1.0,,-1.0, -1,1971.0,A01,138Â 305Â 468,1.0,0.0,-1.0,1636779,2.0,1,,0.0,2.0,1.0,B01,138Â 305Â 467,0.0
959049,201900000580,11,29,16:30,4,2,3,1.0,3.0,94054,MARECHAL FOCH (R DU),M,"48,7445200","2,3971800",94,2019,50.0,1.0,1.0,3.0,2143487,1.0,1,4,1,1.0,,-1.0, -1,1971.0,A01,138Â 305Â 468,1.0,0.0,-1.0,1636780,1.0,7,,0.0,2.0,7.0,A01,138Â 305Â 468,1.0
959050,201900000581,11,29,09:00,1,2,9,2.0,6.0,94022,VICTOR HUGO (AV),M,"48,7688400","2,4208500",94,2019,30.0,1.0,2.0,3.0,2143488,1.0,1,1,1,4.0,,-1.0, -1,1994.0,A01,138Â 305Â 466,1.0,8.0,-1.0,1636781,2.0,37,2.0,0.0,1.0,3.0,A01,138Â 305Â 466,6.0
959050,201900000581,11,29,09:00,1,2,9,2.0,6.0,94022,VICTOR HUGO (AV),M,"48,7688400","2,4208500",94,2019,30.0,1.0,2.0,3.0,2143489,10.0,3,4,1,0.0,,2.0,3,2007.0,A01,138Â 305Â 466,0.0,-1.0,-1.0,1636781,2.0,37,2.0,0.0,1.0,3.0,A01,138Â 305Â 466,6.0
959050,201900000581,11,29,09:00,1,2,9,2.0,6.0,94022,VICTOR HUGO (AV),M,"48,7688400","2,4208500",94,2019,30.0,1.0,2.0,3.0,2143490,2.0,2,1,1,1.0,,-1.0, -1,1968.0,A01,138Â 305Â 466,8.0,0.0,-1.0,1636781,2.0,37,2.0,0.0,1.0,3.0,A01,138Â 305Â 466,6.0
959051,201900000582,11,29,14:50,1,2,1,2.0,3.0,93048,IRENEE LECOQ (RUE),M,"48,8723810","2,4489890",93,2019,50.0,1.0,2.0,4.0,2143491,1.0,1,4,1,-1.0,,-1.0, -1,1959.0,A01,138Â 305Â 461,0.0,-1.0,-1.0,1636782,1.0,32,,0.0,2.0,1.0,A01,138Â 305Â 461,0.0
959051,201900000582,11,29,14:50,1,2,1,2.0,3.0,93048,IRENEE LECOQ (RUE),M,"48,8723810","2,4489890",93,2019,50.0,1.0,2.0,4.0,2143491,1.0,1,4,1,-1.0,,-1.0, -1,1959.0,A01,138Â 305Â 461,0.0,-1.0,-1.0,1636783,1.0,7,,-1.0,-1.0,-1.0,C01,138Â 305Â 462,-1.0
959051,201900000582,11,29,14:50,1,2,1,2.0,3.0,93048,IRENEE LECOQ (RUE),M,"48,8723810","2,4489890",93,2019,50.0,1.0,2.0,4.0,2143492,1.0,1,1,1,-1.0,,-1.0, -1,1984.0,C01,138Â 305Â 462,0.0,-1.0,-1.0,1636782,1.0,32,,0.0,2.0,1.0,A01,138Â 305Â 461,0.0
959051,201900000582,11,29,14:50,1,2,1,2.0,3.0,93048,IRENEE LECOQ (RUE),M,"48,8723810","2,4489890",93,2019,50.0,1.0,2.0,4.0,2143492,1.0,1,1,1,-1.0,,-1.0, -1,1984.0,C01,138Â 305Â 462,0.0,-1.0,-1.0,1636783,1.0,7,,-1.0,-1.0,-1.0,C01,138Â 305Â 462,-1.0
959052,201900000583,11,28,10:20,1,2,1,8.0,6.0,93005,SAVIGNY (AVENUE DE),M,"48,9505290","2,5110020",93,2019,50.0,1.0,1.0,4.0,2143493,1.0,1,1,1,4.0,,-1.0, -1,1991.0,A01,138Â 305Â 460,8.0,0.0,-1.0,1636784,1.0,14,,0.0,1.0,7.0,A01,138Â 305Â 460,6.0
959052,201900000583,11,28,10:20,1,2,1,8.0,6.0,93005,SAVIGNY (AVENUE DE),M,"48,9505290","2,5110020",93,2019,50.0,1.0,1.0,4.0,2143494,10.0,3,3,2,0.0,,9.0,1,1989.0,A01,138Â 305Â 460,8.0,0.0,-1.0,1636784,1.0,14,,0.0,1.0,7.0,A01,138Â 305Â 460,6.0
959053,201900000584,3,11,23:45,5,2,9,1.0,6.0,92078,GALLIENI (BD) (1 A 79 ET 22 A 102),M,"48,9271200","2,3299600",92,2019,50.0,1.0,1.0,3.0,2143495,10.0,3,3,1,0.0,,0.0,1,1983.0,A01,138Â 305Â 459,0.0,-1.0,-1.0,1636785,3.0,37,1.0,0.0,1.0,1.0,A01,138Â 305Â 459,0.0
959053,201900000584,3,11,23:45,5,2,9,1.0,6.0,92078,GALLIENI (BD) (1 A 79 ET 22 A 102),M,"48,9271200","2,3299600",92,2019,50.0,1.0,1.0,3.0,2143496,1.0,1,1,1,4.0,,-1.0, -1,1969.0,A01,138Â 305Â 459,1.0,8.0,-1.0,1636785,3.0,37,1.0,0.0,1.0,1.0,A01,138Â 305Â 459,0.0
959054,201900000585,4,11,18:10,1,2,9,1.0,6.0,92078,ROGER MARTIN DU GARD (SQUARE),M,"48,9365000","2,3269700",92,2019,50.0,1.0,1.0,4.0,2143497,10.0,3,4,2,9.0,,8.0,1,2014.0,A01,138Â 305Â 458,0.0,-1.0,-1.0,1636786,3.0,30,,0.0,1.0,1.0,A01,138Â 305Â 458,0.0
959055,201900000586,11,27,12:00,1,2,9,1.0,6.0,92078,CHEMIN VERT (ALLEE),M,"48,9369600","2,3329700",92,2019,30.0,1.0,1.0,9.0,2143498,10.0,3,4,2,9.0,,2.0,3,1932.0,A01,138Â 305Â 457,8.0,0.0,-1.0,1636787,3.0,13,,0.0,1.0,4.0,A01,138Â 305Â 457,6.0
959055,201900000586,11,27,12:00,1,2,9,1.0,6.0,92078,CHEMIN VERT (ALLEE),M,"48,9369600","2,3329700",92,2019,30.0,1.0,1.0,9.0,2143499,1.0,1,1,1,9.0,,-1.0, -1,1959.0,A01,138Â 305Â 457,1.0,8.0,-1.0,1636787,3.0,13,,0.0,1.0,4.0,A01,138Â 305Â 457,6.0
959056,201900000587,11,29,20:50,5,2,1,8.0,3.0,92073,BAS ROGERS (RUE DES),M,"48,8798700","2,2333300",92,2019,50.0,1.0,1.0,3.0,2143500,1.0,1,4,1,5.0,,-1.0,0,1988.0,B01,138Â 305Â 455,8.0,0.0,-1.0,1636788,2.0,1,,0.0,2.0,1.0,B01,138Â 305Â 455,6.0
959056,201900000587,11,29,20:50,5,2,1,8.0,3.0,92073,BAS ROGERS (RUE DES),M,"48,8798700","2,2333300",92,2019,50.0,1.0,1.0,3.0,2143500,1.0,1,4,1,5.0,,-1.0,0,1988.0,B01,138Â 305Â 455,8.0,0.0,-1.0,1636789,1.0,30,,0.0,2.0,6.0,A01,138Â 305Â 456,1.0
959056,201900000587,11,29,20:50,5,2,1,8.0,3.0,92073,BAS ROGERS (RUE DES),M,"48,8798700","2,2333300",92,2019,50.0,1.0,1.0,3.0,2143501,1.0,1,1,1,4.0,,-1.0,0,1996.0,A01,138Â 305Â 456,2.0,8.0,-1.0,1636788,2.0,1,,0.0,2.0,1.0,B01,138Â 305Â 455,6.0
959056,201900000587,11,29,20:50,5,2,1,8.0,3.0,92073,BAS ROGERS (RUE DES),M,"48,8798700","2,2333300",92,2019,50.0,1.0,1.0,3.0,2143501,1.0,1,1,1,4.0,,-1.0,0,1996.0,A01,138Â 305Â 456,2.0,8.0,-1.0,1636789,1.0,30,,0.0,2.0,6.0,A01,138Â 305Â 456,1.0
959057,201900000588,11,28,17:40,5,2,3,1.0,6.0,92063,FLOQUET (RUE CHARLES) NORD,M,"48,8719900","2,1768800",92,2019,50.0,1.0,1.0,3.0,2143502,1.0,1,1,2,5.0,,-1.0,0,1944.0,A01,138Â 305Â 454,1.0,8.0,-1.0,1636790,2.0,7,,0.0,1.0,3.0,A01,138Â 305Â 454,1.0
959057,201900000588,11,28,17:40,5,2,3,1.0,6.0,92063,FLOQUET (RUE CHARLES) NORD,M,"48,8719900","2,1768800",92,2019,50.0,1.0,1.0,3.0,2143503,10.0,3,3,2,1.0,,3.0,3,1973.0,A01,138Â 305Â 454,0.0,-1.0,-1.0,1636790,2.0,7,,0.0,1.0,3.0,A01,138Â 305Â 454,1.0
959058,201900000589,11,29,10:50,1,2,1,2.0,6.0,92051,CHARTRES (RUE DE ),M,"48,8819071","2,2777212",92,2019,50.0,1.0,2.0,9.0,2143504,10.0,3,4,2,-1.0,,2.0,0,1943.0,A01,138Â 305Â 453,0.0,-1.0,-1.0,1636791,0.0,2,,0.0,1.0,0.0,A01,138Â 305Â 453,-1.0
959059,201900000590,11,28,18:15,5,2,1,1.0,6.0,92050,GAMBETTA RUE,M,"48,8882190","2,1993270",92,2019,50.0,8.0,1.0,4.0,2143505,10.0,3,4,1,9.0,,3.0,3,2016.0,Z01,138Â 305Â 452,8.0,0.0,-1.0,1636792,1.0,2,,0.0,1.0,8.0,Z01,138Â 305Â 452,1.0
959060,201900000591,11,28,18:15,5,2,1,1.0,6.0,92050,FRACHON BENOIT AVENUE,M,"48,8946010","2,1909580",92,2019,50.0,6.0,1.0,3.0,2143506,10.0,3,4,1,5.0,,5.0,2,1958.0,Z01,138Â 305Â 451,0.0,-1.0,-1.0,1636793,3.0,30,,0.0,1.0,1.0,Z01,138Â 305Â 451,1.0
959060,201900000591,11,28,18:15,5,2,1,1.0,6.0,92050,FRACHON BENOIT AVENUE,M,"48,8946010","2,1909580",92,2019,50.0,6.0,1.0,3.0,2143507,1.0,1,1,1,0.0,,0.0,0,2000.0,Z01,138Â 305Â 451,8.0,0.0,-1.0,1636793,3.0,30,,0.0,1.0,1.0,Z01,138Â 305Â 451,1.0
959061,201900000592,11,29,16:00,1,2,1,1.0,3.0,92049,GAMBETTA AVENUE LEON NÂ° PAIRS,M,"48,8136000","2,3236700",92,2019,50.0,1.0,1.0,7.0,2143508,1.0,1,1,1,4.0,,-1.0,0,1966.0,A01,138Â 305Â 449,1.0,0.0,-1.0,1636794,1.0,7,,0.0,2.0,3.0,A01,138Â 305Â 449,0.0
959061,201900000592,11,29,16:00,1,2,1,1.0,3.0,92049,GAMBETTA AVENUE LEON NÂ° PAIRS,M,"48,8136000","2,3236700",92,2019,50.0,1.0,1.0,7.0,2143508,1.0,1,1,1,4.0,,-1.0,0,1966.0,A01,138Â 305Â 449,1.0,0.0,-1.0,1636795,1.0,30,,0.0,2.0,1.0,B01,138Â 305Â 450,0.0
959061,201900000592,11,29,16:00,1,2,1,1.0,3.0,92049,GAMBETTA AVENUE LEON NÂ° PAIRS,M,"48,8136000","2,3236700",92,2019,50.0,1.0,1.0,7.0,2143509,1.0,1,4,1,1.0,,-1.0,0,2000.0,B01,138Â 305Â 450,2.0,0.0,-1.0,1636794,1.0,7,,0.0,2.0,3.0,A01,138Â 305Â 449,0.0
959061,201900000592,11,29,16:00,1,2,1,1.0,3.0,92049,GAMBETTA AVENUE LEON NÂ° PAIRS,M,"48,8136000","2,3236700",92,2019,50.0,1.0,1.0,7.0,2143509,1.0,1,4,1,1.0,,-1.0,0,2000.0,B01,138Â 305Â 450,2.0,0.0,-1.0,1636795,1.0,30,,0.0,2.0,1.0,B01,138Â 305Â 450,0.0
959062,201900000593,11,27,23:45,3,2,1,1.0,6.0,92004,AULAGNIER ( QUAI ),M,"48,9156630","2,3156618",92,2019,50.0,1.0,1.0,3.0,2143510,1.0,1,3,1,0.0,,-1.0,0,1987.0,A01,138Â 305Â 448,2.0,8.0,-1.0,1636796,2.0,7,,0.0,1.0,0.0,Z01,138Â 305Â 447,0.0
959062,201900000593,11,27,23:45,3,2,1,1.0,6.0,92004,AULAGNIER ( QUAI ),M,"48,9156630","2,3156618",92,2019,50.0,1.0,1.0,3.0,2143510,1.0,1,3,1,0.0,,-1.0,0,1987.0,A01,138Â 305Â 448,2.0,8.0,-1.0,1636797,2.0,34,,0.0,1.0,1.0,A01,138Â 305Â 448,1.0
959062,201900000593,11,27,23:45,3,2,1,1.0,6.0,92004,AULAGNIER ( QUAI ),M,"48,9156630","2,3156618",92,2019,50.0,1.0,1.0,3.0,2143511,10.0,3,2,1,0.0,,0.0,3,1975.0,A01,138Â 305Â 448,0.0,-1.0,-1.0,1636796,2.0,7,,0.0,1.0,0.0,Z01,138Â 305Â 447,0.0
959062,201900000593,11,27,23:45,3,2,1,1.0,6.0,92004,AULAGNIER ( QUAI ),M,"48,9156630","2,3156618",92,2019,50.0,1.0,1.0,3.0,2143511,10.0,3,2,1,0.0,,0.0,3,1975.0,A01,138Â 305Â 448,0.0,-1.0,-1.0,1636797,2.0,34,,0.0,1.0,1.0,A01,138Â 305Â 448,1.0
959063,201900000594,11,29,15:30,1,2,1,1.0,6.0,80016,Rue des Otages,M,"50,0013850","2,6524060",80,2019,50.0,1.0,1.0,9.0,2143512,1.0,1,1,1,3.0,,0.0,0,1935.0,A01,138Â 305Â 446,1.0,-1.0,-1.0,1636798,3.0,7,,0.0,1.0,1.0,A01,138Â 305Â 446,1.0
959063,201900000594,11,29,15:30,1,2,1,1.0,6.0,80016,Rue des Otages,M,"50,0013850","2,6524060",80,2019,50.0,1.0,1.0,9.0,2143513,10.0,3,4,2,3.0,,3.0,3,1939.0,A01,138Â 305Â 446,0.0,-1.0,-1.0,1636798,3.0,7,,0.0,1.0,1.0,A01,138Â 305Â 446,1.0
959064,201900000595,11,29,17:55,3,1,1,1.0,6.0,37063,3 Rue du Pr Guillaume Louis,M,"47,5862660","0,8979140",37,2019,70.0,1.0,1.0,3.0,2143514,10.0,3,2,2,5.0,,1.0,3,1955.0,A01,138Â 305Â 445,0.0,-1.0,-1.0,1636799,1.0,10,,0.0,1.0,2.0,A01,138Â 305Â 445,1.0
959064,201900000595,11,29,17:55,3,1,1,1.0,6.0,37063,3 Rue du Pr Guillaume Louis,M,"47,5862660","0,8979140",37,2019,70.0,1.0,1.0,3.0,2143515,1.0,1,1,1,1.0,,0.0,0,1993.0,A01,138Â 305Â 445,1.0,-1.0,-1.0,1636799,1.0,10,,0.0,1.0,2.0,A01,138Â 305Â 445,1.0
959065,201900000596,11,26,17:20,1,1,1,1.0,1.0,47057,22 Avenue Saint-gregoire,M,"44,6512390","0,5873570",47,2019,50.0,1.0,1.0,3.0,2143516,1.0,1,3,1,0.0,,0.0,0,1976.0,A01,138Â 305Â 443,1.0,-1.0,-1.0,1636800,0.0,7,,0.0,2.0,3.0,A01,138Â 305Â 443,1.0
959065,201900000596,11,26,17:20,1,1,1,1.0,1.0,47057,22 Avenue Saint-gregoire,M,"44,6512390","0,5873570",47,2019,50.0,1.0,1.0,3.0,2143516,1.0,1,3,1,0.0,,0.0,0,1976.0,A01,138Â 305Â 443,1.0,-1.0,-1.0,1636801,3.0,21,,0.0,2.0,3.0,B01,138Â 305Â 444,1.0
959065,201900000596,11,26,17:20,1,1,1,1.0,1.0,47057,22 Avenue Saint-gregoire,M,"44,6512390","0,5873570",47,2019,50.0,1.0,1.0,3.0,2143517,1.0,1,1,1,4.0,,0.0,0,1986.0,B01,138Â 305Â 444,0.0,-1.0,-1.0,1636800,0.0,7,,0.0,2.0,3.0,A01,138Â 305Â 443,1.0
959065,201900000596,11,26,17:20,1,1,1,1.0,1.0,47057,22 Avenue Saint-gregoire,M,"44,6512390","0,5873570",47,2019,50.0,1.0,1.0,3.0,2143517,1.0,1,1,1,4.0,,0.0,0,1986.0,B01,138Â 305Â 444,0.0,-1.0,-1.0,1636801,3.0,21,,0.0,2.0,3.0,B01,138Â 305Â 444,1.0
959066,201900000597,11,29,21:44,5,2,1,8.0,6.0,62768,D137,M,"50,3623650","1,8655290",62,2019,50.0,4.0,2.0,3.0,2143518,1.0,1,4,2,5.0,,0.0,0,1986.0,A01,138Â 305Â 442,8.0,-1.0,-1.0,1636802,0.0,7,,6.0,0.0,1.0,A01,138Â 305Â 442,1.0
959067,201900000598,11,29,03:30,3,1,1,8.0,7.0,22368,D766,M,"48,5631860"," -2,0548220",22,2019,80.0,1.0,2.0,3.0,2143519,1.0,1,3,1,5.0,,0.0,0,1999.0,A01,138Â 305Â 441,1.0,-1.0,-1.0,1636803,3.0,7,,0.0,0.0,0.0,A01,138Â 305Â 441,1.0
959068,201900000599,11,29,23:45,5,1,1,1.0,1.0,95116,Chemin du Jacloret,M,"49,1503190","2,3424970",95,2019,30.0,1.0,1.0,4.0,2143520,1.0,1,4,1,5.0,,0.0,0,2001.0,B01,138Â 305Â 439,1.0,5.0,-1.0,1636804,3.0,7,,1.0,0.0,1.0,B01,138Â 305Â 439,1.0
959068,201900000599,11,29,23:45,5,1,1,1.0,1.0,95116,Chemin du Jacloret,M,"49,1503190","2,3424970",95,2019,30.0,1.0,1.0,4.0,2143520,1.0,1,4,1,5.0,,0.0,0,2001.0,B01,138Â 305Â 439,1.0,5.0,-1.0,1636805,3.0,7,,0.0,1.0,1.0,A01,138Â 305Â 440,1.0
959068,201900000599,11,29,23:45,5,1,1,1.0,1.0,95116,Chemin du Jacloret,M,"49,1503190","2,3424970",95,2019,30.0,1.0,1.0,4.0,2143521,7.0,2,1,1,5.0,,0.0,0,1998.0,B01,138Â 305Â 439,1.0,-1.0,-1.0,1636804,3.0,7,,1.0,0.0,1.0,B01,138Â 305Â 439,1.0
959068,201900000599,11,29,23:45,5,1,1,1.0,1.0,95116,Chemin du Jacloret,M,"49,1503190","2,3424970",95,2019,30.0,1.0,1.0,4.0,2143521,7.0,2,1,1,5.0,,0.0,0,1998.0,B01,138Â 305Â 439,1.0,-1.0,-1.0,1636805,3.0,7,,0.0,1.0,1.0,A01,138Â 305Â 440,1.0
959068,201900000599,11,29,23:45,5,1,1,1.0,1.0,95116,Chemin du Jacloret,M,"49,1503190","2,3424970",95,2019,30.0,1.0,1.0,4.0,2143522,10.0,3,4,1,9.0,,1.0,9,2000.0,A01,138Â 305Â 440,0.0,-1.0,-1.0,1636804,3.0,7,,1.0,0.0,1.0,B01,138Â 305Â 439,1.0
959068,201900000599,11,29,23:45,5,1,1,1.0,1.0,95116,Chemin du Jacloret,M,"49,1503190","2,3424970",95,2019,30.0,1.0,1.0,4.0,2143522,10.0,3,4,1,9.0,,1.0,9,2000.0,A01,138Â 305Â 440,0.0,-1.0,-1.0,1636805,3.0,7,,0.0,1.0,1.0,A01,138Â 305Â 440,1.0
959068,201900000599,11,29,23:45,5,1,1,1.0,1.0,95116,Chemin du Jacloret,M,"49,1503190","2,3424970",95,2019,30.0,1.0,1.0,4.0,2143523,10.0,3,4,1,9.0,,1.0,9,2001.0,A01,138Â 305Â 440,0.0,-1.0,-1.0,1636804,3.0,7,,1.0,0.0,1.0,B01,138Â 305Â 439,1.0
959068,201900000599,11,29,23:45,5,1,1,1.0,1.0,95116,Chemin du Jacloret,M,"49,1503190","2,3424970",95,2019,30.0,1.0,1.0,4.0,2143523,10.0,3,4,1,9.0,,1.0,9,2001.0,A01,138Â 305Â 440,0.0,-1.0,-1.0,1636805,3.0,7,,0.0,1.0,1.0,A01,138Â 305Â 440,1.0
959068,201900000599,11,29,23:45,5,1,1,1.0,1.0,95116,Chemin du Jacloret,M,"49,1503190","2,3424970",95,2019,30.0,1.0,1.0,4.0,2143524,10.0,3,3,1,9.0,,1.0,9,2000.0,A01,138Â 305Â 440,0.0,-1.0,-1.0,1636804,3.0,7,,1.0,0.0,1.0,B01,138Â 305Â 439,1.0
959068,201900000599,11,29,23:45,5,1,1,1.0,1.0,95116,Chemin du Jacloret,M,"49,1503190","2,3424970",95,2019,30.0,1.0,1.0,4.0,2143524,10.0,3,3,1,9.0,,1.0,9,2000.0,A01,138Â 305Â 440,0.0,-1.0,-1.0,1636805,3.0,7,,0.0,1.0,1.0,A01,138Â 305Â 440,1.0
959068,201900000599,11,29,23:45,5,1,1,1.0,1.0,95116,Chemin du Jacloret,M,"49,1503190","2,3424970",95,2019,30.0,1.0,1.0,4.0,2143525,10.0,3,4,1,9.0,,1.0,9,1994.0,A01,138Â 305Â 440,0.0,-1.0,-1.0,1636804,3.0,7,,1.0,0.0,1.0,B01,138Â 305Â 439,1.0
959068,201900000599,11,29,23:45,5,1,1,1.0,1.0,95116,Chemin du Jacloret,M,"49,1503190","2,3424970",95,2019,30.0,1.0,1.0,4.0,2143525,10.0,3,4,1,9.0,,1.0,9,1994.0,A01,138Â 305Â 440,0.0,-1.0,-1.0,1636805,3.0,7,,0.0,1.0,1.0,A01,138Â 305Â 440,1.0
959068,201900000599,11,29,23:45,5,1,1,1.0,1.0,95116,Chemin du Jacloret,M,"49,1503190","2,3424970",95,2019,30.0,1.0,1.0,4.0,2143526,10.0,3,4,1,9.0,,1.0,9,1999.0,A01,138Â 305Â 440,0.0,-1.0,-1.0,1636804,3.0,7,,1.0,0.0,1.0,B01,138Â 305Â 439,1.0
959068,201900000599,11,29,23:45,5,1,1,1.0,1.0,95116,Chemin du Jacloret,M,"49,1503190","2,3424970",95,2019,30.0,1.0,1.0,4.0,2143526,10.0,3,4,1,9.0,,1.0,9,1999.0,A01,138Â 305Â 440,0.0,-1.0,-1.0,1636805,3.0,7,,0.0,1.0,1.0,A01,138Â 305Â 440,1.0
959068,201900000599,11,29,23:45,5,1,1,1.0,1.0,95116,Chemin du Jacloret,M,"49,1503190","2,3424970",95,2019,30.0,1.0,1.0,4.0,2143527,10.0,3,3,1,9.0,,1.0,9,2000.0,A01,138Â 305Â 440,0.0,-1.0,-1.0,1636804,3.0,7,,1.0,0.0,1.0,B01,138Â 305Â 439,1.0
959068,201900000599,11,29,23:45,5,1,1,1.0,1.0,95116,Chemin du Jacloret,M,"49,1503190","2,3424970",95,2019,30.0,1.0,1.0,4.0,2143527,10.0,3,3,1,9.0,,1.0,9,2000.0,A01,138Â 305Â 440,0.0,-1.0,-1.0,1636805,3.0,7,,0.0,1.0,1.0,A01,138Â 305Â 440,1.0
959069,201900000600,11,29,12:00,1,1,1,3.0,7.0,01109,D884,M,"46,1436930","5,9114600",1,2019,110.0,3.0,3.0,3.0,2143528,9.0,2,4,2,5.0,,0.0,0,1934.0,A01,138Â 305Â 438,1.0,-1.0,-1.0,1636806,1.0,7,,13.0,0.0,1.0,A01,138Â 305Â 438,1.0
959069,201900000600,11,29,12:00,1,1,1,3.0,7.0,01109,D884,M,"46,1436930","5,9114600",1,2019,110.0,3.0,3.0,3.0,2143529,2.0,2,3,2,5.0,,0.0,0,1943.0,A01,138Â 305Â 438,1.0,-1.0,-1.0,1636806,1.0,7,,13.0,0.0,1.0,A01,138Â 305Â 438,1.0
959069,201900000600,11,29,12:00,1,1,1,3.0,7.0,01109,D884,M,"46,1436930","5,9114600",1,2019,110.0,3.0,3.0,3.0,2143530,1.0,1,3,2,5.0,,0.0,0,1947.0,A01,138Â 305Â 438,1.0,-1.0,-1.0,1636806,1.0,7,,13.0,0.0,1.0,A01,138Â 305Â 438,1.0
959070,201900000601,11,29,17:05,1,1,2,1.0,3.0,40295,Chemin Castelnau,M,"44,3776100"," -0,7997530",40,2019,80.0,1.0,1.0,3.0,2143531,9.0,2,1,1,2.0,,0.0,0,2017.0,A01,138Â 305Â 436,3.0,-1.0,-1.0,1636807,2.0,7,,15.0,2.0,1.0,A01,138Â 305Â 436,1.0
959070,201900000601,11,29,17:05,1,1,2,1.0,3.0,40295,Chemin Castelnau,M,"44,3776100"," -0,7997530",40,2019,80.0,1.0,1.0,3.0,2143531,9.0,2,1,1,2.0,,0.0,0,2017.0,A01,138Â 305Â 436,3.0,-1.0,-1.0,1636808,3.0,7,,15.0,2.0,7.0,B01,138Â 305Â 437,1.0
959070,201900000601,11,29,17:05,1,1,2,1.0,3.0,40295,Chemin Castelnau,M,"44,3776100"," -0,7997530",40,2019,80.0,1.0,1.0,3.0,2143532,1.0,1,1,2,2.0,,0.0,0,1985.0,A01,138Â 305Â 436,1.0,-1.0,-1.0,1636807,2.0,7,,15.0,2.0,1.0,A01,138Â 305Â 436,1.0
959070,201900000601,11,29,17:05,1,1,2,1.0,3.0,40295,Chemin Castelnau,M,"44,3776100"," -0,7997530",40,2019,80.0,1.0,1.0,3.0,2143532,1.0,1,1,2,2.0,,0.0,0,1985.0,A01,138Â 305Â 436,1.0,-1.0,-1.0,1636808,3.0,7,,15.0,2.0,7.0,B01,138Â 305Â 437,1.0
959070,201900000601,11,29,17:05,1,1,2,1.0,3.0,40295,Chemin Castelnau,M,"44,3776100"," -0,7997530",40,2019,80.0,1.0,1.0,3.0,2143533,2.0,2,2,2,5.0,,0.0,0,1994.0,B01,138Â 305Â 437,8.0,-1.0,-1.0,1636807,2.0,7,,15.0,2.0,1.0,A01,138Â 305Â 436,1.0
959070,201900000601,11,29,17:05,1,1,2,1.0,3.0,40295,Chemin Castelnau,M,"44,3776100"," -0,7997530",40,2019,80.0,1.0,1.0,3.0,2143533,2.0,2,2,2,5.0,,0.0,0,1994.0,B01,138Â 305Â 437,8.0,-1.0,-1.0,1636808,3.0,7,,15.0,2.0,7.0,B01,138Â 305Â 437,1.0
959070,201900000601,11,29,17:05,1,1,2,1.0,3.0,40295,Chemin Castelnau,M,"44,3776100"," -0,7997530",40,2019,80.0,1.0,1.0,3.0,2143534,1.0,1,3,2,5.0,,0.0,0,1992.0,B01,138Â 305Â 437,8.0,-1.0,-1.0,1636807,2.0,7,,15.0,2.0,1.0,A01,138Â 305Â 436,1.0