Unnamed: 0_x,num_acc,mois,jour,hrmn,lum,agg,int,atm,col,com,adr,gps,lat,long,dep,annee,vma,situ,surf,catr,Unnamed: 0_y,place,catu,grav,sexe,trajet,secu,locp,actp,an_nais,num_veh_x,id_vehicule_x,secu1,secu2,secu3,Unnamed: 0,senc,catv,occutc,obs,obsm,choc,num_veh_y,id_vehicule_y,motor
959070,201900000601,11,29,17:05,1,1,2,1.0,3.0,40295,Chemin Castelnau,M,"44,3776100"," -0,7997530",40,2019,80.0,1.0,1.0,3.0,2143534,1.0,1,3,2,5.0,,0.0,0,1992.0,B01,138Â 305Â 437,8.0,-1.0,-1.0,1636808,3.0,7,,15.0,2.0,7.0,B01,138Â 305Â 437,1.0
959071,201900000602,11,29,12:05,1,1,1,2.0,7.0,51507,RD 982E2,M,"49,0822722","4,8830996",51,2019,80.0,3.0,8.0,3.0,2143535,1.0,1,3,2,1.0,,0.0,0,1970.0,A01,138Â 305Â 435,1.0,-1.0,-1.0,1636809,2.0,7,,13.0,0.0,0.0,A01,138Â 305Â 435,1.0
959072,201900000603,11,30,17:10,2,2,9,1.0,1.0,51660,AVENUE DU VAL DES BOIS,M,"49,3481234","4,2125039",51,2019,50.0,1.0,1.0,3.0,2143536,2.0,2,1,1,5.0,,0.0,0,2009.0,A01,138Â 305Â 433,8.0,-1.0,-1.0,1636810,2.0,7,,0.0,2.0,3.0,A01,138Â 305Â 433,0.0
959072,201900000603,11,30,17:10,2,2,9,1.0,1.0,51660,AVENUE DU VAL DES BOIS,M,"49,3481234","4,2125039",51,2019,50.0,1.0,1.0,3.0,2143536,2.0,2,1,1,5.0,,0.0,0,2009.0,A01,138Â 305Â 433,8.0,-1.0,-1.0,1636811,2.0,1,,0.0,2.0,7.0,B01,138Â 305Â 434,5.0
959072,201900000603,11,30,17:10,2,2,9,1.0,1.0,51660,AVENUE DU VAL DES BOIS,M,"49,3481234","4,2125039",51,2019,50.0,1.0,1.0,3.0,2143537,1.0,1,1,1,5.0,,0.0,0,1978.0,A01,138Â 305Â 433,9.0,-1.0,-1.0,1636810,2.0,7,,0.0,2.0,3.0,A01,138Â 305Â 433,0.0
959072,201900000603,11,30,17:10,2,2,9,1.0,1.0,51660,AVENUE DU VAL DES BOIS,M,"49,3481234","4,2125039",51,2019,50.0,1.0,1.0,3.0,2143537,1.0,1,1,1,5.0,,0.0,0,1978.0,A01,138Â 305Â 433,9.0,-1.0,-1.0,1636811,2.0,1,,0.0,2.0,7.0,B01,138Â 305Â 434,5.0
959072,201900000603,11,30,17:10,2,2,9,1.0,1.0,51660,AVENUE DU VAL DES BOIS,M,"49,3481234","4,2125039",51,2019,50.0,1.0,1.0,3.0,2143538,1.0,1,2,1,9.0,,0.0,0,1940.0,B01,138Â 305Â 434,8.0,-1.0,-1.0,1636810,2.0,7,,0.0,2.0,3.0,A01,138Â 305Â 433,0.0
959072,201900000603,11,30,17:10,2,2,9,1.0,1.0,51660,AVENUE DU VAL DES BOIS,M,"49,3481234","4,2125039",51,2019,50.0,1.0,1.0,3.0,2143538,1.0,1,2,1,9.0,,0.0,0,1940.0,B01,138Â 305Â 434,8.0,-1.0,-1.0,1636811,2.0,1,,0.0,2.0,7.0,B01,138Â 305Â 434,5.0
959073,201900000604,11,29,16:15,1,2,1,1.0,6.0,56036,Rue Pierre Landais,M,"47,7849660"," -3,3374270",56,2019,50.0,1.0,1.0,9.0,2143539,10.0,3,4,2,2.0,,3.0,3,2003.0,A01,138Â 305Â 432,0.0,-1.0,-1.0,1636812,3.0,7,,0.0,1.0,3.0,A01,138Â 305Â 432,1.0
959073,201900000604,11,29,16:15,1,2,1,1.0,6.0,56036,Rue Pierre Landais,M,"47,7849660"," -3,3374270",56,2019,50.0,1.0,1.0,9.0,2143540,1.0,1,1,1,5.0,,0.0,0,1944.0,A01,138Â 305Â 432,1.0,-1.0,-1.0,1636812,3.0,7,,0.0,1.0,3.0,A01,138Â 305Â 432,1.0
959074,201900000605,11,8,20:30,3,1,1,2.0,6.0,74006,Route de sous le Mont,M,"45,9970220","6,1135420",74,2019,-1.0,3.0,2.0,4.0,2143541,1.0,1,3,1,0.0,,0.0,0,1971.0,A01,138Â 305Â 431,1.0,-1.0,-1.0,1636813,3.0,7,,8.0,0.0,1.0,A01,138Â 305Â 431,0.0
959075,201900000606,11,29,15:35,1,1,6,1.0,2.0,2B050,La Vigna,M,"42,5559170","8,7925820",2B,2019,70.0,1.0,1.0,2.0,2143542,1.0,1,3,1,5.0,,0.0,0,1967.0,B01,138Â 305Â 429,2.0,6.0,9.0,1636814,2.0,33,,0.0,0.0,4.0,B01,138Â 305Â 429,1.0
959075,201900000606,11,29,15:35,1,1,6,1.0,2.0,2B050,La Vigna,M,"42,5559170","8,7925820",2B,2019,70.0,1.0,1.0,2.0,2143542,1.0,1,3,1,5.0,,0.0,0,1967.0,B01,138Â 305Â 429,2.0,6.0,9.0,1636815,2.0,7,,0.0,2.0,3.0,A01,138Â 305Â 430,1.0
959075,201900000606,11,29,15:35,1,1,6,1.0,2.0,2B050,La Vigna,M,"42,5559170","8,7925820",2B,2019,70.0,1.0,1.0,2.0,2143543,1.0,1,1,1,9.0,,0.0,0,1937.0,A01,138Â 305Â 430,1.0,-1.0,-1.0,1636814,2.0,33,,0.0,0.0,4.0,B01,138Â 305Â 429,1.0
959075,201900000606,11,29,15:35,1,1,6,1.0,2.0,2B050,La Vigna,M,"42,5559170","8,7925820",2B,2019,70.0,1.0,1.0,2.0,2143543,1.0,1,1,1,9.0,,0.0,0,1937.0,A01,138Â 305Â 430,1.0,-1.0,-1.0,1636815,2.0,7,,0.0,2.0,3.0,A01,138Â 305Â 430,1.0
959076,201900000607,11,30,16:20,1,2,1,1.0,3.0,2B286,T10,M,"42,4822850","9,4807150",2B,2019,50.0,1.0,1.0,2.0,2143544,1.0,1,4,1,5.0,,0.0,0,1964.0,B01,138Â 305Â 427,1.0,-1.0,-1.0,1636816,2.0,7,,0.0,2.0,3.0,B01,138Â 305Â 427,1.0
959076,201900000607,11,30,16:20,1,2,1,1.0,3.0,2B286,T10,M,"42,4822850","9,4807150",2B,2019,50.0,1.0,1.0,2.0,2143544,1.0,1,4,1,5.0,,0.0,0,1964.0,B01,138Â 305Â 427,1.0,-1.0,-1.0,1636817,1.0,7,,0.0,2.0,2.0,A01,138Â 305Â 428,1.0
959076,201900000607,11,30,16:20,1,2,1,1.0,3.0,2B286,T10,M,"42,4822850","9,4807150",2B,2019,50.0,1.0,1.0,2.0,2143545,1.0,1,1,1,5.0,,0.0,0,1967.0,A01,138Â 305Â 428,8.0,-1.0,-1.0,1636816,2.0,7,,0.0,2.0,3.0,B01,138Â 305Â 427,1.0
959076,201900000607,11,30,16:20,1,2,1,1.0,3.0,2B286,T10,M,"42,4822850","9,4807150",2B,2019,50.0,1.0,1.0,2.0,2143545,1.0,1,1,1,5.0,,0.0,0,1967.0,A01,138Â 305Â 428,8.0,-1.0,-1.0,1636817,1.0,7,,0.0,2.0,2.0,A01,138Â 305Â 428,1.0
959076,201900000607,11,30,16:20,1,2,1,1.0,3.0,2B286,T10,M,"42,4822850","9,4807150",2B,2019,50.0,1.0,1.0,2.0,2143546,9.0,2,1,1,5.0,,0.0,0,2009.0,A01,138Â 305Â 428,1.0,-1.0,-1.0,1636816,2.0,7,,0.0,2.0,3.0,B01,138Â 305Â 427,1.0
959076,201900000607,11,30,16:20,1,2,1,1.0,3.0,2B286,T10,M,"42,4822850","9,4807150",2B,2019,50.0,1.0,1.0,2.0,2143546,9.0,2,1,1,5.0,,0.0,0,2009.0,A01,138Â 305Â 428,1.0,-1.0,-1.0,1636817,1.0,7,,0.0,2.0,2.0,A01,138Â 305Â 428,1.0
959076,201900000607,11,30,16:20,1,2,1,1.0,3.0,2B286,T10,M,"42,4822850","9,4807150",2B,2019,50.0,1.0,1.0,2.0,2143547,8.0,2,1,2,5.0,,0.0,0,2005.0,A01,138Â 305Â 428,1.0,-1.0,-1.0,1636816,2.0,7,,0.0,2.0,3.0,B01,138Â 305Â 427,1.0
959076,201900000607,11,30,16:20,1,2,1,1.0,3.0,2B286,T10,M,"42,4822850","9,4807150",2B,2019,50.0,1.0,1.0,2.0,2143547,8.0,2,1,2,5.0,,0.0,0,2005.0,A01,138Â 305Â 428,1.0,-1.0,-1.0,1636817,1.0,7,,0.0,2.0,2.0,A01,138Â 305Â 428,1.0
959076,201900000607,11,30,16:20,1,2,1,1.0,3.0,2B286,T10,M,"42,4822850","9,4807150",2B,2019,50.0,1.0,1.0,2.0,2143548,7.0,2,1,1,5.0,,0.0,0,2004.0,A01,138Â 305Â 428,1.0,-1.0,-1.0,1636816,2.0,7,,0.0,2.0,3.0,B01,138Â 305Â 427,1.0
959076,201900000607,11,30,16:20,1,2,1,1.0,3.0,2B286,T10,M,"42,4822850","9,4807150",2B,2019,50.0,1.0,1.0,2.0,2143548,7.0,2,1,1,5.0,,0.0,0,2004.0,A01,138Â 305Â 428,1.0,-1.0,-1.0,1636817,1.0,7,,0.0,2.0,2.0,A01,138Â 305Â 428,1.0
959077,201900000608,11,30,02:00,3,1,1,5.0,1.0,80082,D1001,M,"49,9767660","2,1445490",80,2019,80.0,1.0,1.0,3.0,2143549,1.0,1,4,1,1.0,,0.0,0,1973.0,B01,138Â 305Â 425,1.0,-1.0,-1.0,1636818,2.0,10,,0.0,2.0,1.0,B01,138Â 305Â 425,1.0
959077,201900000608,11,30,02:00,3,1,1,5.0,1.0,80082,D1001,M,"49,9767660","2,1445490",80,2019,80.0,1.0,1.0,3.0,2143549,1.0,1,4,1,1.0,,0.0,0,1973.0,B01,138Â 305Â 425,1.0,-1.0,-1.0,1636819,1.0,10,,0.0,2.0,1.0,A01,138Â 305Â 426,1.0
959077,201900000608,11,30,02:00,3,1,1,5.0,1.0,80082,D1001,M,"49,9767660","2,1445490",80,2019,80.0,1.0,1.0,3.0,2143550,1.0,1,3,1,1.0,,0.0,0,1969.0,A01,138Â 305Â 426,1.0,-1.0,-1.0,1636818,2.0,10,,0.0,2.0,1.0,B01,138Â 305Â 425,1.0
959077,201900000608,11,30,02:00,3,1,1,5.0,1.0,80082,D1001,M,"49,9767660","2,1445490",80,2019,80.0,1.0,1.0,3.0,2143550,1.0,1,3,1,1.0,,0.0,0,1969.0,A01,138Â 305Â 426,1.0,-1.0,-1.0,1636819,1.0,10,,0.0,2.0,1.0,A01,138Â 305Â 426,1.0
959078,201900000609,11,25,07:50,1,2,2,1.0,6.0,63178,Boulevard de BarriÃ¨re,M,"45,5387431","3,2439519",63,2019,50.0,1.0,1.0,4.0,2143551,1.0,1,1,2,2.0,,0.0,0,1969.0,A01,138Â 305Â 424,1.0,-1.0,-1.0,1636820,3.0,7,,0.0,1.0,1.0,A01,138Â 305Â 424,1.0
959078,201900000609,11,25,07:50,1,2,2,1.0,6.0,63178,Boulevard de BarriÃ¨re,M,"45,5387431","3,2439519",63,2019,50.0,1.0,1.0,4.0,2143552,10.0,3,4,1,5.0,,3.0,3,1984.0,A01,138Â 305Â 424,0.0,-1.0,-1.0,1636820,3.0,7,,0.0,1.0,1.0,A01,138Â 305Â 424,1.0
959079,201900000610,11,29,22:30,5,2,1,1.0,6.0,61168,Rue d'Hautvie,M,"48,5919590"," -0,3568470",61,2019,20.0,1.0,1.0,4.0,2143553,1.0,1,3,1,5.0,,0.0,0,1981.0,A01,138Â 305Â 423,0.0,-1.0,-1.0,1636821,2.0,2,,1.0,0.0,1.0,A01,138Â 305Â 423,6.0
959080,201900000611,11,30,03:30,3,1,1,1.0,6.0,49222,D160,M,"47,3333450"," -0,5892290",49,2019,80.0,1.0,1.0,3.0,2143554,10.0,3,3,1,5.0,,1.0,3,2000.0,A01,138Â 305Â 422,0.0,-1.0,-1.0,1636822,0.0,10,,0.0,1.0,1.0,A01,138Â 305Â 422,1.0
959080,201900000611,11,30,03:30,3,1,1,1.0,6.0,49222,D160,M,"47,3333450"," -0,5892290",49,2019,80.0,1.0,1.0,3.0,2143555,1.0,1,1,1,1.0,,0.0,0,1993.0,A01,138Â 305Â 422,1.0,-1.0,-1.0,1636822,0.0,10,,0.0,1.0,1.0,A01,138Â 305Â 422,1.0
959081,201900000612,11,30,10:30,1,1,1,1.0,6.0,42060,Lieu Dit Apagneux,M,"45,4957170","4,0987310",42,2019,-1.0,8.0,6.0,4.0,2143556,1.0,1,3,1,5.0,,0.0,0,1983.0,A01,138Â 305Â 421,2.0,6.0,9.0,1636823,3.0,33,,2.0,0.0,1.0,A01,138Â 305Â 421,1.0
959082,201900000613,11,29,15:35,1,1,3,7.0,1.0,47147,Au Trespountets,M,"44,6360760","0,2417190",47,2019,80.0,1.0,1.0,3.0,2143557,1.0,1,1,1,4.0,,0.0,0,1967.0,A01,138Â 305Â 419,1.0,-1.0,-1.0,1636824,1.0,7,,0.0,2.0,2.0,A01,138Â 305Â 419,1.0
959082,201900000613,11,29,15:35,1,1,3,7.0,1.0,47147,Au Trespountets,M,"44,6360760","0,2417190",47,2019,80.0,1.0,1.0,3.0,2143557,1.0,1,1,1,4.0,,0.0,0,1967.0,A01,138Â 305Â 419,1.0,-1.0,-1.0,1636825,2.0,1,,0.0,2.0,1.0,B01,138Â 305Â 420,5.0
959082,201900000613,11,29,15:35,1,1,3,7.0,1.0,47147,Au Trespountets,M,"44,6360760","0,2417190",47,2019,80.0,1.0,1.0,3.0,2143558,1.0,1,2,1,5.0,,0.0,0,1948.0,B01,138Â 305Â 420,2.0,-1.0,-1.0,1636824,1.0,7,,0.0,2.0,2.0,A01,138Â 305Â 419,1.0
959082,201900000613,11,29,15:35,1,1,3,7.0,1.0,47147,Au Trespountets,M,"44,6360760","0,2417190",47,2019,80.0,1.0,1.0,3.0,2143558,1.0,1,2,1,5.0,,0.0,0,1948.0,B01,138Â 305Â 420,2.0,-1.0,-1.0,1636825,2.0,1,,0.0,2.0,1.0,B01,138Â 305Â 420,5.0
959083,201900000614,11,30,14:00,1,1,1,1.0,1.0,34214,D15,M,"43,4660430","3,2737190",34,2019,-1.0,1.0,1.0,3.0,2143559,1.0,1,3,1,1.0,,0.0,0,1985.0,A01,138Â 305Â 417,1.0,-1.0,-1.0,1636826,1.0,7,,0.0,2.0,3.0,A01,138Â 305Â 417,0.0
959083,201900000614,11,30,14:00,1,1,1,1.0,1.0,34214,D15,M,"43,4660430","3,2737190",34,2019,-1.0,1.0,1.0,3.0,2143559,1.0,1,3,1,1.0,,0.0,0,1985.0,A01,138Â 305Â 417,1.0,-1.0,-1.0,1636827,2.0,7,,0.0,2.0,3.0,B01,138Â 305Â 418,0.0
959083,201900000614,11,30,14:00,1,1,1,1.0,1.0,34214,D15,M,"43,4660430","3,2737190",34,2019,-1.0,1.0,1.0,3.0,2143560,1.0,1,2,1,5.0,,0.0,0,1937.0,B01,138Â 305Â 418,1.0,-1.0,-1.0,1636826,1.0,7,,0.0,2.0,3.0,A01,138Â 305Â 417,0.0
959083,201900000614,11,30,14:00,1,1,1,1.0,1.0,34214,D15,M,"43,4660430","3,2737190",34,2019,-1.0,1.0,1.0,3.0,2143560,1.0,1,2,1,5.0,,0.0,0,1937.0,B01,138Â 305Â 418,1.0,-1.0,-1.0,1636827,2.0,7,,0.0,2.0,3.0,B01,138Â 305Â 418,0.0
959083,201900000614,11,30,14:00,1,1,1,1.0,1.0,34214,D15,M,"43,4660430","3,2737190",34,2019,-1.0,1.0,1.0,3.0,2143561,2.0,2,3,2,5.0,,0.0,0,1938.0,B01,138Â 305Â 418,1.0,-1.0,-1.0,1636826,1.0,7,,0.0,2.0,3.0,A01,138Â 305Â 417,0.0
959083,201900000614,11,30,14:00,1,1,1,1.0,1.0,34214,D15,M,"43,4660430","3,2737190",34,2019,-1.0,1.0,1.0,3.0,2143561,2.0,2,3,2,5.0,,0.0,0,1938.0,B01,138Â 305Â 418,1.0,-1.0,-1.0,1636827,2.0,7,,0.0,2.0,3.0,B01,138Â 305Â 418,0.0
959084,201900000615,11,29,13:20,1,2,1,1.0,6.0,68374,1 Rue du Logelbach,M,"48,0736660","7,2909890",68,2019,30.0,1.0,1.0,4.0,2143562,2.0,2,1,2,5.0,,0.0,0,1947.0,A01,138Â 305Â 416,8.0,-1.0,-1.0,1636828,2.0,7,,0.0,1.0,1.0,A01,138Â 305Â 416,1.0
959084,201900000615,11,29,13:20,1,2,1,1.0,6.0,68374,1 Rue du Logelbach,M,"48,0736660","7,2909890",68,2019,30.0,1.0,1.0,4.0,2143563,1.0,1,1,1,5.0,,0.0,0,1945.0,A01,138Â 305Â 416,8.0,-1.0,-1.0,1636828,2.0,7,,0.0,1.0,1.0,A01,138Â 305Â 416,1.0
959084,201900000615,11,29,13:20,1,2,1,1.0,6.0,68374,1 Rue du Logelbach,M,"48,0736660","7,2909890",68,2019,30.0,1.0,1.0,4.0,2143564,10.0,3,3,1,2.0,,3.0,3,2012.0,A01,138Â 305Â 416,0.0,-1.0,-1.0,1636828,2.0,7,,0.0,1.0,1.0,A01,138Â 305Â 416,1.0
959085,201900000616,11,29,19:30,3,1,1,1.0,1.0,44013,D773,M,"47,3971840"," -2,0970150",44,2019,80.0,1.0,1.0,3.0,2143565,1.0,1,3,2,5.0,,0.0,0,1995.0,A01,138Â 305Â 414,1.0,-1.0,-1.0,1636829,1.0,7,,0.0,2.0,3.0,A01,138Â 305Â 414,1.0
959085,201900000616,11,29,19:30,3,1,1,1.0,1.0,44013,D773,M,"47,3971840"," -2,0970150",44,2019,80.0,1.0,1.0,3.0,2143565,1.0,1,3,2,5.0,,0.0,0,1995.0,A01,138Â 305Â 414,1.0,-1.0,-1.0,1636830,2.0,7,,0.0,2.0,3.0,B01,138Â 305Â 415,1.0
959085,201900000616,11,29,19:30,3,1,1,1.0,1.0,44013,D773,M,"47,3971840"," -2,0970150",44,2019,80.0,1.0,1.0,3.0,2143566,1.0,1,4,2,5.0,,0.0,0,1997.0,B01,138Â 305Â 415,1.0,-1.0,-1.0,1636829,1.0,7,,0.0,2.0,3.0,A01,138Â 305Â 414,1.0
959085,201900000616,11,29,19:30,3,1,1,1.0,1.0,44013,D773,M,"47,3971840"," -2,0970150",44,2019,80.0,1.0,1.0,3.0,2143566,1.0,1,4,2,5.0,,0.0,0,1997.0,B01,138Â 305Â 415,1.0,-1.0,-1.0,1636830,2.0,7,,0.0,2.0,3.0,B01,138Â 305Â 415,1.0
959086,201900000617,11,29,16:45,2,2,6,1.0,3.0,44125,Route de Saint-sÃ©bastien,M,"47,3666063"," -2,5222546",44,2019,50.0,1.0,1.0,4.0,2143567,1.0,1,3,1,1.0,,0.0,0,1987.0,A01,138Â 305Â 412,2.0,6.0,-1.0,1636831,3.0,33,,0.0,2.0,1.0,A01,138Â 305Â 412,1.0
959086,201900000617,11,29,16:45,2,2,6,1.0,3.0,44125,Route de Saint-sÃ©bastien,M,"47,3666063"," -2,5222546",44,2019,50.0,1.0,1.0,4.0,2143567,1.0,1,3,1,1.0,,0.0,0,1987.0,A01,138Â 305Â 412,2.0,6.0,-1.0,1636832,3.0,7,,0.0,2.0,3.0,B01,138Â 305Â 413,1.0
959086,201900000617,11,29,16:45,2,2,6,1.0,3.0,44125,Route de Saint-sÃ©bastien,M,"47,3666063"," -2,5222546",44,2019,50.0,1.0,1.0,4.0,2143568,1.0,1,1,1,1.0,,0.0,0,1967.0,B01,138Â 305Â 413,1.0,-1.0,-1.0,1636831,3.0,33,,0.0,2.0,1.0,A01,138Â 305Â 412,1.0
959086,201900000617,11,29,16:45,2,2,6,1.0,3.0,44125,Route de Saint-sÃ©bastien,M,"47,3666063"," -2,5222546",44,2019,50.0,1.0,1.0,4.0,2143568,1.0,1,1,1,1.0,,0.0,0,1967.0,B01,138Â 305Â 413,1.0,-1.0,-1.0,1636832,3.0,7,,0.0,2.0,3.0,B01,138Â 305Â 413,1.0
959087,201900000618,11,29,17:21,2,1,1,9.0,6.0,29302,1770 Lieu-dit Pennarun,M,"48,2700610"," -4,0961940",29,2019,80.0,1.0,2.0,4.0,2143569,10.0,3,3,2,2.0,,1.0,3,2008.0,A01,138Â 305Â 411,0.0,-1.0,-1.0,1636833,1.0,7,,0.0,1.0,1.0,A01,138Â 305Â 411,1.0
959087,201900000618,11,29,17:21,2,1,1,9.0,6.0,29302,1770 Lieu-dit Pennarun,M,"48,2700610"," -4,0961940",29,2019,80.0,1.0,2.0,4.0,2143570,1.0,1,1,1,4.0,,0.0,0,1958.0,A01,138Â 305Â 411,8.0,-1.0,-1.0,1636833,1.0,7,,0.0,1.0,1.0,A01,138Â 305Â 411,1.0
959088,201900000619,11,30,06:15,3,1,1,1.0,6.0,26001,RD93,M,"44,6963150","5,3946420",26,2019,80.0,1.0,2.0,3.0,2143571,1.0,1,4,2,0.0,,0.0,0,1971.0,A01,138Â 305Â 410,8.0,-1.0,-1.0,1636834,2.0,7,,13.0,0.0,9.0,A01,138Â 305Â 410,1.0
959089,201900000620,11,30,04:45,5,2,9,1.0,6.0,72046,rue des ormeaux,M,"47,9968300","0,5024290",72,2019,-1.0,1.0,1.0,4.0,2143572,7.0,2,4,1,5.0,,0.0,0,2000.0,A01,138Â 305Â 409,1.0,-1.0,-1.0,1636835,0.0,7,,2.0,0.0,3.0,A01,138Â 305Â 409,1.0
959089,201900000620,11,30,04:45,5,2,9,1.0,6.0,72046,rue des ormeaux,M,"47,9968300","0,5024290",72,2019,-1.0,1.0,1.0,4.0,2143573,1.0,1,4,1,5.0,,0.0,0,2001.0,A01,138Â 305Â 409,1.0,-1.0,-1.0,1636835,0.0,7,,2.0,0.0,3.0,A01,138Â 305Â 409,1.0
959089,201900000620,11,30,04:45,5,2,9,1.0,6.0,72046,rue des ormeaux,M,"47,9968300","0,5024290",72,2019,-1.0,1.0,1.0,4.0,2143574,2.0,2,1,1,5.0,,0.0,0,2000.0,A01,138Â 305Â 409,1.0,-1.0,-1.0,1636835,0.0,7,,2.0,0.0,3.0,A01,138Â 305Â 409,1.0
959090,201900000621,11,30,13:20,1,1,1,1.0,7.0,60067,Chemin du SÃ©maphore,M,"49,2905190","2,8174580",60,2019,30.0,6.0,6.0,9.0,2143575,1.0,1,4,2,4.0,,0.0,0,1995.0,A01,138Â 305Â 408,1.0,-1.0,-1.0,1636836,3.0,10,,2.0,0.0,2.0,A01,138Â 305Â 408,1.0
959091,201900000622,11,29,23:30,3,1,6,1.0,7.0,60009,D1001,M,"49,4053558","2,1199451",60,2019,90.0,3.0,1.0,3.0,2143576,1.0,1,4,1,0.0,,0.0,0,1986.0,A01,138Â 305Â 407,8.0,-1.0,-1.0,1636837,0.0,10,,12.0,0.0,0.0,A01,138Â 305Â 407,1.0
959092,201900000623,11,30,01:45,3,2,6,1.0,7.0,64527,d918,M,"43,3406992"," -1,4726714",64,2019,50.0,1.0,2.0,3.0,2143577,1.0,1,4,1,5.0,,0.0,0,1970.0,A01,138Â 305Â 406,1.0,5.0,-1.0,1636838,2.0,7,,15.0,0.0,1.0,A01,138Â 305Â 406,1.0
959093,201900000624,11,29,17:35,3,1,1,2.0,7.0,73059,D991  Route de Paris,M,"45,7594224","5,8706055",73,2019,70.0,1.0,2.0,3.0,2143578,1.0,1,4,1,1.0,,0.0,0,1964.0,A01,138Â 305Â 405,2.0,6.0,4.0,1636839,2.0,30,,0.0,0.0,9.0,A01,138Â 305Â 405,1.0
959094,201900000625,11,30,06:10,3,1,1,1.0,7.0,16421,Lieu Dit la Petite Fenetre,M,"45,6775090","0,4581110",16,2019,80.0,1.0,1.0,3.0,2143579,1.0,1,3,1,5.0,,0.0,0,1994.0,A01,138Â 305Â 404,0.0,-1.0,-1.0,1636840,1.0,7,,0.0,0.0,9.0,A01,138Â 305Â 404,1.0
959095,201900000626,11,29,20:45,3,1,1,1.0,3.0,85107,LA TUILERIE,M,"46,9642500"," -1,2729900",85,2019,-1.0,1.0,1.0,3.0,2143580,1.0,1,3,1,5.0,,0.0,0,2003.0,B01,138Â 305Â 402,2.0,-1.0,-1.0,1636841,2.0,2,,0.0,2.0,7.0,B01,138Â 305Â 402,1.0
959095,201900000626,11,29,20:45,3,1,1,1.0,3.0,85107,LA TUILERIE,M,"46,9642500"," -1,2729900",85,2019,-1.0,1.0,1.0,3.0,2143580,1.0,1,3,1,5.0,,0.0,0,2003.0,B01,138Â 305Â 402,2.0,-1.0,-1.0,1636842,2.0,7,,0.0,2.0,3.0,A01,138Â 305Â 403,1.0
959095,201900000626,11,29,20:45,3,1,1,1.0,3.0,85107,LA TUILERIE,M,"46,9642500"," -1,2729900",85,2019,-1.0,1.0,1.0,3.0,2143581,1.0,1,1,1,1.0,,0.0,0,1993.0,A01,138Â 305Â 403,1.0,-1.0,-1.0,1636841,2.0,2,,0.0,2.0,7.0,B01,138Â 305Â 402,1.0
959095,201900000626,11,29,20:45,3,1,1,1.0,3.0,85107,LA TUILERIE,M,"46,9642500"," -1,2729900",85,2019,-1.0,1.0,1.0,3.0,2143581,1.0,1,1,1,1.0,,0.0,0,1993.0,A01,138Â 305Â 403,1.0,-1.0,-1.0,1636842,2.0,7,,0.0,2.0,3.0,A01,138Â 305Â 403,1.0
959096,201900000627,11,29,16:10,1,1,1,2.0,6.0,48063,D987,M,"44,7766720","3,3478690",48,2019,70.0,1.0,2.0,3.0,2143582,1.0,1,1,1,3.0,,0.0,0,1928.0,A01,138Â 305Â 401,1.0,-1.0,-1.0,1636843,1.0,7,,5.0,0.0,2.0,A01,138Â 305Â 401,1.0
959096,201900000627,11,29,16:10,1,1,1,2.0,6.0,48063,D987,M,"44,7766720","3,3478690",48,2019,70.0,1.0,2.0,3.0,2143583,2.0,2,3,2,3.0,,0.0,0,1937.0,A01,138Â 305Â 401,1.0,-1.0,-1.0,1636843,1.0,7,,5.0,0.0,2.0,A01,138Â 305Â 401,1.0
959097,201900000628,11,29,19:40,5,2,2,1.0,3.0,97307,RN2,M,"4,8860210"," -52,3353450",973,2019,50.0,1.0,2.0,2.0,2143584,1.0,1,1,2,1.0,,0.0,0,1975.0,B01,138Â 305Â 399,1.0,-1.0,-1.0,1636844,2.0,7,,0.0,0.0,7.0,B01,138Â 305Â 399,1.0
959097,201900000628,11,29,19:40,5,2,2,1.0,3.0,97307,RN2,M,"4,8860210"," -52,3353450",973,2019,50.0,1.0,2.0,2.0,2143584,1.0,1,1,2,1.0,,0.0,0,1975.0,B01,138Â 305Â 399,1.0,-1.0,-1.0,1636845,1.0,2,,0.0,2.0,1.0,A01,138Â 305Â 400,1.0
959097,201900000628,11,29,19:40,5,2,2,1.0,3.0,97307,RN2,M,"4,8860210"," -52,3353450",973,2019,50.0,1.0,2.0,2.0,2143585,1.0,1,3,1,9.0,,0.0,0,1948.0,A01,138Â 305Â 400,2.0,-1.0,-1.0,1636844,2.0,7,,0.0,0.0,7.0,B01,138Â 305Â 399,1.0
959097,201900000628,11,29,19:40,5,2,2,1.0,3.0,97307,RN2,M,"4,8860210"," -52,3353450",973,2019,50.0,1.0,2.0,2.0,2143585,1.0,1,3,1,9.0,,0.0,0,1948.0,A01,138Â 305Â 400,2.0,-1.0,-1.0,1636845,1.0,2,,0.0,2.0,1.0,A01,138Â 305Â 400,1.0
959098,201900000629,11,29,23:35,3,1,1,1.0,5.0,80160,A29,M,"49,8529430","2,3549160",80,2019,110.0,8.0,1.0,1.0,2143586,2.0,2,1,2,5.0,,0.0,0,1977.0,C01,138Â 305Â 396,1.0,-1.0,-1.0,1636846,1.0,7,,0.0,2.0,8.0,C01,138Â 305Â 396,1.0
959098,201900000629,11,29,23:35,3,1,1,1.0,5.0,80160,A29,M,"49,8529430","2,3549160",80,2019,110.0,8.0,1.0,1.0,2143586,2.0,2,1,2,5.0,,0.0,0,1977.0,C01,138Â 305Â 396,1.0,-1.0,-1.0,1636847,2.0,7,,0.0,2.0,3.0,B01,138Â 305Â 397,1.0