Unnamed: 0_x,num_acc,mois,jour,hrmn,lum,agg,int,atm,col,com,adr,gps,lat,long,dep,annee,vma,situ,surf,catr,Unnamed: 0_y,place,catu,grav,sexe,trajet,secu,locp,actp,an_nais,num_veh_x,id_vehicule_x,secu1,secu2,secu3,Unnamed: 0,senc,catv,occutc,obs,obsm,choc,num_veh_y,id_vehicule_y,motor
959098,201900000629,11,29,23:35,3,1,1,1.0,5.0,80160,A29,M,"49,8529430","2,3549160",80,2019,110.0,8.0,1.0,1.0,2143586,2.0,2,1,2,5.0,,0.0,0,1977.0,C01,138Â 305Â 396,1.0,-1.0,-1.0,1636848,1.0,7,,4.0,2.0,0.0,A01,138Â 305Â 398,1.0
959098,201900000629,11,29,23:35,3,1,1,1.0,5.0,80160,A29,M,"49,8529430","2,3549160",80,2019,110.0,8.0,1.0,1.0,2143587,1.0,1,1,2,5.0,,0.0,0,1979.0,C01,138Â 305Â 396,1.0,-1.0,-1.0,1636846,1.0,7,,0.0,2.0,8.0,C01,138Â 305Â 396,1.0
959098,201900000629,11,29,23:35,3,1,1,1.0,5.0,80160,A29,M,"49,8529430","2,3549160",80,2019,110.0,8.0,1.0,1.0,2143587,1.0,1,1,2,5.0,,0.0,0,1979.0,C01,138Â 305Â 396,1.0,-1.0,-1.0,1636847,2.0,7,,0.0,2.0,3.0,B01,138Â 305Â 397,1.0
959098,201900000629,11,29,23:35,3,1,1,1.0,5.0,80160,A29,M,"49,8529430","2,3549160",80,2019,110.0,8.0,1.0,1.0,2143587,1.0,1,1,2,5.0,,0.0,0,1979.0,C01,138Â 305Â 396,1.0,-1.0,-1.0,1636848,1.0,7,,4.0,2.0,0.0,A01,138Â 305Â 398,1.0
959098,201900000629,11,29,23:35,3,1,1,1.0,5.0,80160,A29,M,"49,8529430","2,3549160",80,2019,110.0,8.0,1.0,1.0,2143588,1.0,1,4,1,5.0,,0.0,0,1943.0,B01,138Â 305Â 397,0.0,-1.0,-1.0,1636846,1.0,7,,0.0,2.0,8.0,C01,138Â 305Â 396,1.0
959098,201900000629,11,29,23:35,3,1,1,1.0,5.0,80160,A29,M,"49,8529430","2,3549160",80,2019,110.0,8.0,1.0,1.0,2143588,1.0,1,4,1,5.0,,0.0,0,1943.0,B01,138Â 305Â 397,0.0,-1.0,-1.0,1636847,2.0,7,,0.0,2.0,3.0,B01,138Â 305Â 397,1.0
959098,201900000629,11,29,23:35,3,1,1,1.0,5.0,80160,A29,M,"49,8529430","2,3549160",80,2019,110.0,8.0,1.0,1.0,2143588,1.0,1,4,1,5.0,,0.0,0,1943.0,B01,138Â 305Â 397,0.0,-1.0,-1.0,1636848,1.0,7,,4.0,2.0,0.0,A01,138Â 305Â 398,1.0
959098,201900000629,11,29,23:35,3,1,1,1.0,5.0,80160,A29,M,"49,8529430","2,3549160",80,2019,110.0,8.0,1.0,1.0,2143589,1.0,1,4,1,5.0,,0.0,0,1980.0,A01,138Â 305Â 398,8.0,-1.0,-1.0,1636846,1.0,7,,0.0,2.0,8.0,C01,138Â 305Â 396,1.0
959098,201900000629,11,29,23:35,3,1,1,1.0,5.0,80160,A29,M,"49,8529430","2,3549160",80,2019,110.0,8.0,1.0,1.0,2143589,1.0,1,4,1,5.0,,0.0,0,1980.0,A01,138Â 305Â 398,8.0,-1.0,-1.0,1636847,2.0,7,,0.0,2.0,3.0,B01,138Â 305Â 397,1.0
959098,201900000629,11,29,23:35,3,1,1,1.0,5.0,80160,A29,M,"49,8529430","2,3549160",80,2019,110.0,8.0,1.0,1.0,2143589,1.0,1,4,1,5.0,,0.0,0,1980.0,A01,138Â 305Â 398,8.0,-1.0,-1.0,1636848,1.0,7,,4.0,2.0,0.0,A01,138Â 305Â 398,1.0
959098,201900000629,11,29,23:35,3,1,1,1.0,5.0,80160,A29,M,"49,8529430","2,3549160",80,2019,110.0,8.0,1.0,1.0,2143590,2.0,2,4,1,5.0,,0.0,0,2004.0,A01,138Â 305Â 398,1.0,-1.0,-1.0,1636846,1.0,7,,0.0,2.0,8.0,C01,138Â 305Â 396,1.0
959098,201900000629,11,29,23:35,3,1,1,1.0,5.0,80160,A29,M,"49,8529430","2,3549160",80,2019,110.0,8.0,1.0,1.0,2143590,2.0,2,4,1,5.0,,0.0,0,2004.0,A01,138Â 305Â 398,1.0,-1.0,-1.0,1636847,2.0,7,,0.0,2.0,3.0,B01,138Â 305Â 397,1.0
959098,201900000629,11,29,23:35,3,1,1,1.0,5.0,80160,A29,M,"49,8529430","2,3549160",80,2019,110.0,8.0,1.0,1.0,2143590,2.0,2,4,1,5.0,,0.0,0,2004.0,A01,138Â 305Â 398,1.0,-1.0,-1.0,1636848,1.0,7,,4.0,2.0,0.0,A01,138Â 305Â 398,1.0
959099,201900000630,11,30,07:50,2,1,1,1.0,4.0,76660,A131,M,"49,4860630","0,3184330",76,2019,130.0,1.0,1.0,1.0,2143591,1.0,1,1,1,1.0,,0.0,0,1995.0,A01,138Â 305Â 392,1.0,-1.0,-1.0,1636849,1.0,10,,0.0,2.0,2.0,A01,138Â 305Â 392,1.0
959099,201900000630,11,30,07:50,2,1,1,1.0,4.0,76660,A131,M,"49,4860630","0,3184330",76,2019,130.0,1.0,1.0,1.0,2143591,1.0,1,1,1,1.0,,0.0,0,1995.0,A01,138Â 305Â 392,1.0,-1.0,-1.0,1636850,1.0,17,,0.0,2.0,6.0,B01,138Â 305Â 393,6.0
959099,201900000630,11,30,07:50,2,1,1,1.0,4.0,76660,A131,M,"49,4860630","0,3184330",76,2019,130.0,1.0,1.0,1.0,2143591,1.0,1,1,1,1.0,,0.0,0,1995.0,A01,138Â 305Â 392,1.0,-1.0,-1.0,1636851,1.0,7,,0.0,2.0,1.0,C01,138Â 305Â 394,1.0
959099,201900000630,11,30,07:50,2,1,1,1.0,4.0,76660,A131,M,"49,4860630","0,3184330",76,2019,130.0,1.0,1.0,1.0,2143591,1.0,1,1,1,1.0,,0.0,0,1995.0,A01,138Â 305Â 392,1.0,-1.0,-1.0,1636852,1.0,7,,0.0,2.0,1.0,D01,138Â 305Â 395,1.0
959099,201900000630,11,30,07:50,2,1,1,1.0,4.0,76660,A131,M,"49,4860630","0,3184330",76,2019,130.0,1.0,1.0,1.0,2143592,1.0,1,1,1,4.0,,0.0,0,1971.0,B01,138Â 305Â 393,1.0,-1.0,-1.0,1636849,1.0,10,,0.0,2.0,2.0,A01,138Â 305Â 392,1.0
959099,201900000630,11,30,07:50,2,1,1,1.0,4.0,76660,A131,M,"49,4860630","0,3184330",76,2019,130.0,1.0,1.0,1.0,2143592,1.0,1,1,1,4.0,,0.0,0,1971.0,B01,138Â 305Â 393,1.0,-1.0,-1.0,1636850,1.0,17,,0.0,2.0,6.0,B01,138Â 305Â 393,6.0
959099,201900000630,11,30,07:50,2,1,1,1.0,4.0,76660,A131,M,"49,4860630","0,3184330",76,2019,130.0,1.0,1.0,1.0,2143592,1.0,1,1,1,4.0,,0.0,0,1971.0,B01,138Â 305Â 393,1.0,-1.0,-1.0,1636851,1.0,7,,0.0,2.0,1.0,C01,138Â 305Â 394,1.0
959099,201900000630,11,30,07:50,2,1,1,1.0,4.0,76660,A131,M,"49,4860630","0,3184330",76,2019,130.0,1.0,1.0,1.0,2143592,1.0,1,1,1,4.0,,0.0,0,1971.0,B01,138Â 305Â 393,1.0,-1.0,-1.0,1636852,1.0,7,,0.0,2.0,1.0,D01,138Â 305Â 395,1.0
959099,201900000630,11,30,07:50,2,1,1,1.0,4.0,76660,A131,M,"49,4860630","0,3184330",76,2019,130.0,1.0,1.0,1.0,2143593,1.0,1,1,1,9.0,,0.0,0,1952.0,C01,138Â 305Â 394,1.0,-1.0,-1.0,1636849,1.0,10,,0.0,2.0,2.0,A01,138Â 305Â 392,1.0
959099,201900000630,11,30,07:50,2,1,1,1.0,4.0,76660,A131,M,"49,4860630","0,3184330",76,2019,130.0,1.0,1.0,1.0,2143593,1.0,1,1,1,9.0,,0.0,0,1952.0,C01,138Â 305Â 394,1.0,-1.0,-1.0,1636850,1.0,17,,0.0,2.0,6.0,B01,138Â 305Â 393,6.0
959099,201900000630,11,30,07:50,2,1,1,1.0,4.0,76660,A131,M,"49,4860630","0,3184330",76,2019,130.0,1.0,1.0,1.0,2143593,1.0,1,1,1,9.0,,0.0,0,1952.0,C01,138Â 305Â 394,1.0,-1.0,-1.0,1636851,1.0,7,,0.0,2.0,1.0,C01,138Â 305Â 394,1.0
959099,201900000630,11,30,07:50,2,1,1,1.0,4.0,76660,A131,M,"49,4860630","0,3184330",76,2019,130.0,1.0,1.0,1.0,2143593,1.0,1,1,1,9.0,,0.0,0,1952.0,C01,138Â 305Â 394,1.0,-1.0,-1.0,1636852,1.0,7,,0.0,2.0,1.0,D01,138Â 305Â 395,1.0
959099,201900000630,11,30,07:50,2,1,1,1.0,4.0,76660,A131,M,"49,4860630","0,3184330",76,2019,130.0,1.0,1.0,1.0,2143594,1.0,1,3,1,9.0,,0.0,0,1997.0,D01,138Â 305Â 395,1.0,-1.0,-1.0,1636849,1.0,10,,0.0,2.0,2.0,A01,138Â 305Â 392,1.0
959099,201900000630,11,30,07:50,2,1,1,1.0,4.0,76660,A131,M,"49,4860630","0,3184330",76,2019,130.0,1.0,1.0,1.0,2143594,1.0,1,3,1,9.0,,0.0,0,1997.0,D01,138Â 305Â 395,1.0,-1.0,-1.0,1636850,1.0,17,,0.0,2.0,6.0,B01,138Â 305Â 393,6.0
959099,201900000630,11,30,07:50,2,1,1,1.0,4.0,76660,A131,M,"49,4860630","0,3184330",76,2019,130.0,1.0,1.0,1.0,2143594,1.0,1,3,1,9.0,,0.0,0,1997.0,D01,138Â 305Â 395,1.0,-1.0,-1.0,1636851,1.0,7,,0.0,2.0,1.0,C01,138Â 305Â 394,1.0
959099,201900000630,11,30,07:50,2,1,1,1.0,4.0,76660,A131,M,"49,4860630","0,3184330",76,2019,130.0,1.0,1.0,1.0,2143594,1.0,1,3,1,9.0,,0.0,0,1997.0,D01,138Â 305Â 395,1.0,-1.0,-1.0,1636852,1.0,7,,0.0,2.0,1.0,D01,138Â 305Â 395,1.0
959100,201900000631,11,26,17:33,3,1,1,1.0,3.0,28092,A10,M,"48,3558410","1,8756740",28,2019,130.0,1.0,2.0,1.0,2143595,2.0,2,4,1,4.0,,0.0,0,1956.0,B01,138Â 305Â 390,1.0,-1.0,-1.0,1636853,1.0,7,,13.0,2.0,6.0,B01,138Â 305Â 390,1.0
959100,201900000631,11,26,17:33,3,1,1,1.0,3.0,28092,A10,M,"48,3558410","1,8756740",28,2019,130.0,1.0,2.0,1.0,2143595,2.0,2,4,1,4.0,,0.0,0,1956.0,B01,138Â 305Â 390,1.0,-1.0,-1.0,1636854,1.0,7,,13.0,2.0,7.0,A01,138Â 305Â 391,1.0
959100,201900000631,11,26,17:33,3,1,1,1.0,3.0,28092,A10,M,"48,3558410","1,8756740",28,2019,130.0,1.0,2.0,1.0,2143596,1.0,1,4,2,4.0,,0.0,0,1965.0,B01,138Â 305Â 390,1.0,-1.0,-1.0,1636853,1.0,7,,13.0,2.0,6.0,B01,138Â 305Â 390,1.0
959100,201900000631,11,26,17:33,3,1,1,1.0,3.0,28092,A10,M,"48,3558410","1,8756740",28,2019,130.0,1.0,2.0,1.0,2143596,1.0,1,4,2,4.0,,0.0,0,1965.0,B01,138Â 305Â 390,1.0,-1.0,-1.0,1636854,1.0,7,,13.0,2.0,7.0,A01,138Â 305Â 391,1.0
959100,201900000631,11,26,17:33,3,1,1,1.0,3.0,28092,A10,M,"48,3558410","1,8756740",28,2019,130.0,1.0,2.0,1.0,2143597,1.0,1,1,1,0.0,,0.0,0,1948.0,A01,138Â 305Â 391,1.0,-1.0,-1.0,1636853,1.0,7,,13.0,2.0,6.0,B01,138Â 305Â 390,1.0
959100,201900000631,11,26,17:33,3,1,1,1.0,3.0,28092,A10,M,"48,3558410","1,8756740",28,2019,130.0,1.0,2.0,1.0,2143597,1.0,1,1,1,0.0,,0.0,0,1948.0,A01,138Â 305Â 391,1.0,-1.0,-1.0,1636854,1.0,7,,13.0,2.0,7.0,A01,138Â 305Â 391,1.0
959101,201900000632,11,30,05:50,1,1,1,1.0,7.0,98613,Vailala,M,"45,8934410"," -0,1475900",986,2019,70.0,3.0,1.0,2.0,2143598,2.0,2,2,1,5.0,,0.0,0,1979.0,A01,138Â 305Â 389,0.0,-1.0,-1.0,1636855,3.0,7,,13.0,0.0,0.0,A01,138Â 305Â 389,1.0
959101,201900000632,11,30,05:50,1,1,1,1.0,7.0,98613,Vailala,M,"45,8934410"," -0,1475900",986,2019,70.0,3.0,1.0,2.0,2143599,1.0,1,1,1,5.0,,0.0,0,1969.0,A01,138Â 305Â 389,0.0,-1.0,-1.0,1636855,3.0,7,,13.0,0.0,0.0,A01,138Â 305Â 389,1.0
959102,201900000633,11,29,19:45,3,1,1,1.0,2.0,97107,1368 Boulevard de Bananier,M,"15,9967510"," -61,6070940",971,2019,70.0,1.0,1.0,2.0,2143600,1.0,1,1,1,5.0,,0.0,0,1956.0,B01,138Â 305Â 387,1.0,-1.0,-1.0,1636856,1.0,7,,0.0,9.0,4.0,B01,138Â 305Â 387,1.0
959102,201900000633,11,29,19:45,3,1,1,1.0,2.0,97107,1368 Boulevard de Bananier,M,"15,9967510"," -61,6070940",971,2019,70.0,1.0,1.0,2.0,2143600,1.0,1,1,1,5.0,,0.0,0,1956.0,B01,138Â 305Â 387,1.0,-1.0,-1.0,1636857,1.0,2,,0.0,2.0,4.0,A01,138Â 305Â 388,1.0
959102,201900000633,11,29,19:45,3,1,1,1.0,2.0,97107,1368 Boulevard de Bananier,M,"15,9967510"," -61,6070940",971,2019,70.0,1.0,1.0,2.0,2143601,1.0,1,4,1,5.0,,0.0,0,1996.0,A01,138Â 305Â 388,0.0,-1.0,-1.0,1636856,1.0,7,,0.0,9.0,4.0,B01,138Â 305Â 387,1.0
959102,201900000633,11,29,19:45,3,1,1,1.0,2.0,97107,1368 Boulevard de Bananier,M,"15,9967510"," -61,6070940",971,2019,70.0,1.0,1.0,2.0,2143601,1.0,1,4,1,5.0,,0.0,0,1996.0,A01,138Â 305Â 388,0.0,-1.0,-1.0,1636857,1.0,2,,0.0,2.0,4.0,A01,138Â 305Â 388,1.0
959103,201900000634,11,29,20:45,4,2,1,1.0,2.0,33199,161 avenue MarÃ©chal de lattre de tassigny,M,"44,6365100"," -1,0956600",33,2019,50.0,1.0,1.0,3.0,2143602,1.0,1,1,1,5.0,,0.0,0,1989.0,A01,138Â 305Â 385,1.0,-1.0,-1.0,1636858,1.0,7,,0.0,0.0,1.0,A01,138Â 305Â 385,1.0
959103,201900000634,11,29,20:45,4,2,1,1.0,2.0,33199,161 avenue MarÃ©chal de lattre de tassigny,M,"44,6365100"," -1,0956600",33,2019,50.0,1.0,1.0,3.0,2143602,1.0,1,1,1,5.0,,0.0,0,1989.0,A01,138Â 305Â 385,1.0,-1.0,-1.0,1636859,1.0,1,,0.0,0.0,4.0,B01,138Â 305Â 386,6.0
959103,201900000634,11,29,20:45,4,2,1,1.0,2.0,33199,161 avenue MarÃ©chal de lattre de tassigny,M,"44,6365100"," -1,0956600",33,2019,50.0,1.0,1.0,3.0,2143603,1.0,1,3,1,5.0,,0.0,0,1943.0,B01,138Â 305Â 386,0.0,-1.0,-1.0,1636858,1.0,7,,0.0,0.0,1.0,A01,138Â 305Â 385,1.0
959103,201900000634,11,29,20:45,4,2,1,1.0,2.0,33199,161 avenue MarÃ©chal de lattre de tassigny,M,"44,6365100"," -1,0956600",33,2019,50.0,1.0,1.0,3.0,2143603,1.0,1,3,1,5.0,,0.0,0,1943.0,B01,138Â 305Â 386,0.0,-1.0,-1.0,1636859,1.0,1,,0.0,0.0,4.0,B01,138Â 305Â 386,6.0
959104,201900000635,11,30,16:20,1,2,1,1.0,6.0,45315,3 Place Maurice de Sully,M,"47,7657979","2,3755932",45,2019,50.0,1.0,1.0,3.0,2143604,10.0,3,4,2,5.0,,3.0,3,1931.0,A01,138Â 305Â 384,0.0,-1.0,-1.0,1636860,1.0,7,,0.0,1.0,2.0,A01,138Â 305Â 384,1.0
959104,201900000635,11,30,16:20,1,2,1,1.0,6.0,45315,3 Place Maurice de Sully,M,"47,7657979","2,3755932",45,2019,50.0,1.0,1.0,3.0,2143605,1.0,1,1,1,3.0,,0.0,0,1967.0,A01,138Â 305Â 384,8.0,-1.0,-1.0,1636860,1.0,7,,0.0,1.0,2.0,A01,138Â 305Â 384,1.0
959104,201900000635,11,30,16:20,1,2,1,1.0,6.0,45315,3 Place Maurice de Sully,M,"47,7657979","2,3755932",45,2019,50.0,1.0,1.0,3.0,2143606,10.0,3,3,2,5.0,,3.0,3,1940.0,A01,138Â 305Â 384,0.0,-1.0,-1.0,1636860,1.0,7,,0.0,1.0,2.0,A01,138Â 305Â 384,1.0
959105,201900000636,11,30,09:30,1,2,1,1.0,6.0,78415,Route de Mareil,M,"48,8857420","1,8602630",78,2019,30.0,1.0,1.0,4.0,2143607,10.0,3,3,2,0.0,,1.0,1,1977.0,A01,138Â 305Â 383,0.0,-1.0,-1.0,1636861,1.0,13,,0.0,1.0,2.0,A01,138Â 305Â 383,1.0
959105,201900000636,11,30,09:30,1,2,1,1.0,6.0,78415,Route de Mareil,M,"48,8857420","1,8602630",78,2019,30.0,1.0,1.0,4.0,2143608,1.0,1,1,1,0.0,,0.0,0,1989.0,A01,138Â 305Â 383,1.0,-1.0,-1.0,1636861,1.0,13,,0.0,1.0,2.0,A01,138Â 305Â 383,1.0
959106,201900000637,11,30,05:20,3,1,1,1.0,7.0,78231,RD 928,M,"48,9519030","1,6517300",78,2019,80.0,3.0,1.0,3.0,2143609,1.0,1,2,1,5.0,,0.0,0,1996.0,A01,138Â 305Â 382,2.0,6.0,9.0,1636862,1.0,33,,13.0,0.0,8.0,A01,138Â 305Â 382,1.0
959107,201900000638,11,30,01:15,3,1,1,1.0,1.0,83068,1251 Route de Saint Tropez,M,"43,2673040","6,5557800",83,2019,70.0,1.0,1.0,3.0,2143610,1.0,1,3,1,0.0,,0.0,0,1985.0,B01,138Â 305Â 380,2.0,6.0,-1.0,1636863,2.0,33,,0.0,2.0,1.0,B01,138Â 305Â 380,1.0
959107,201900000638,11,30,01:15,3,1,1,1.0,1.0,83068,1251 Route de Saint Tropez,M,"43,2673040","6,5557800",83,2019,70.0,1.0,1.0,3.0,2143610,1.0,1,3,1,0.0,,0.0,0,1985.0,B01,138Â 305Â 380,2.0,6.0,-1.0,1636864,1.0,7,,0.0,2.0,1.0,A01,138Â 305Â 381,1.0
959107,201900000638,11,30,01:15,3,1,1,1.0,1.0,83068,1251 Route de Saint Tropez,M,"43,2673040","6,5557800",83,2019,70.0,1.0,1.0,3.0,2143611,1.0,1,1,1,5.0,,0.0,0,1963.0,A01,138Â 305Â 381,1.0,-1.0,-1.0,1636863,2.0,33,,0.0,2.0,1.0,B01,138Â 305Â 380,1.0
959107,201900000638,11,30,01:15,3,1,1,1.0,1.0,83068,1251 Route de Saint Tropez,M,"43,2673040","6,5557800",83,2019,70.0,1.0,1.0,3.0,2143611,1.0,1,1,1,5.0,,0.0,0,1963.0,A01,138Â 305Â 381,1.0,-1.0,-1.0,1636864,1.0,7,,0.0,2.0,1.0,A01,138Â 305Â 381,1.0
959108,201900000639,11,30,10:40,1,2,1,1.0,1.0,06048,Chemin du Baudaric,M,"43,8156770","7,3157250",6,2019,50.0,1.0,1.0,4.0,2143612,1.0,1,3,1,5.0,,0.0,0,2005.0,B01,138Â 305Â 378,2.0,6.0,-1.0,1636865,3.0,2,,0.0,2.0,1.0,B01,138Â 305Â 378,1.0
959108,201900000639,11,30,10:40,1,2,1,1.0,1.0,06048,Chemin du Baudaric,M,"43,8156770","7,3157250",6,2019,50.0,1.0,1.0,4.0,2143612,1.0,1,3,1,5.0,,0.0,0,2005.0,B01,138Â 305Â 378,2.0,6.0,-1.0,1636866,3.0,7,,0.0,2.0,3.0,A01,138Â 305Â 379,0.0
959108,201900000639,11,30,10:40,1,2,1,1.0,1.0,06048,Chemin du Baudaric,M,"43,8156770","7,3157250",6,2019,50.0,1.0,1.0,4.0,2143613,1.0,1,1,2,0.0,,0.0,0,1962.0,A01,138Â 305Â 379,1.0,-1.0,-1.0,1636865,3.0,2,,0.0,2.0,1.0,B01,138Â 305Â 378,1.0
959108,201900000639,11,30,10:40,1,2,1,1.0,1.0,06048,Chemin du Baudaric,M,"43,8156770","7,3157250",6,2019,50.0,1.0,1.0,4.0,2143613,1.0,1,1,2,0.0,,0.0,0,1962.0,A01,138Â 305Â 379,1.0,-1.0,-1.0,1636866,3.0,7,,0.0,2.0,3.0,A01,138Â 305Â 379,0.0
959109,201900000640,11,29,17:55,3,1,1,3.0,4.0,89105,D606,M,"47,8997490","3,5209340",89,2019,90.0,1.0,2.0,3.0,2143614,1.0,1,1,1,0.0,,0.0,0,1979.0,C01,138Â 305Â 375,1.0,-1.0,-1.0,1636867,2.0,7,,0.0,2.0,1.0,C01,138Â 305Â 375,0.0
959109,201900000640,11,29,17:55,3,1,1,3.0,4.0,89105,D606,M,"47,8997490","3,5209340",89,2019,90.0,1.0,2.0,3.0,2143614,1.0,1,1,1,0.0,,0.0,0,1979.0,C01,138Â 305Â 375,1.0,-1.0,-1.0,1636868,2.0,7,,0.0,2.0,1.0,B01,138Â 305Â 376,0.0
959109,201900000640,11,29,17:55,3,1,1,3.0,4.0,89105,D606,M,"47,8997490","3,5209340",89,2019,90.0,1.0,2.0,3.0,2143614,1.0,1,1,1,0.0,,0.0,0,1979.0,C01,138Â 305Â 375,1.0,-1.0,-1.0,1636869,1.0,15,,0.0,0.0,6.0,A01,138Â 305Â 377,0.0
959109,201900000640,11,29,17:55,3,1,1,3.0,4.0,89105,D606,M,"47,8997490","3,5209340",89,2019,90.0,1.0,2.0,3.0,2143615,9.0,2,4,2,0.0,,0.0,0,2001.0,B01,138Â 305Â 376,1.0,-1.0,-1.0,1636867,2.0,7,,0.0,2.0,1.0,C01,138Â 305Â 375,0.0
959109,201900000640,11,29,17:55,3,1,1,3.0,4.0,89105,D606,M,"47,8997490","3,5209340",89,2019,90.0,1.0,2.0,3.0,2143615,9.0,2,4,2,0.0,,0.0,0,2001.0,B01,138Â 305Â 376,1.0,-1.0,-1.0,1636868,2.0,7,,0.0,2.0,1.0,B01,138Â 305Â 376,0.0
959109,201900000640,11,29,17:55,3,1,1,3.0,4.0,89105,D606,M,"47,8997490","3,5209340",89,2019,90.0,1.0,2.0,3.0,2143615,9.0,2,4,2,0.0,,0.0,0,2001.0,B01,138Â 305Â 376,1.0,-1.0,-1.0,1636869,1.0,15,,0.0,0.0,6.0,A01,138Â 305Â 377,0.0
959109,201900000640,11,29,17:55,3,1,1,3.0,4.0,89105,D606,M,"47,8997490","3,5209340",89,2019,90.0,1.0,2.0,3.0,2143616,1.0,1,4,1,0.0,,0.0,0,1975.0,B01,138Â 305Â 376,1.0,-1.0,-1.0,1636867,2.0,7,,0.0,2.0,1.0,C01,138Â 305Â 375,0.0
959109,201900000640,11,29,17:55,3,1,1,3.0,4.0,89105,D606,M,"47,8997490","3,5209340",89,2019,90.0,1.0,2.0,3.0,2143616,1.0,1,4,1,0.0,,0.0,0,1975.0,B01,138Â 305Â 376,1.0,-1.0,-1.0,1636868,2.0,7,,0.0,2.0,1.0,B01,138Â 305Â 376,0.0
959109,201900000640,11,29,17:55,3,1,1,3.0,4.0,89105,D606,M,"47,8997490","3,5209340",89,2019,90.0,1.0,2.0,3.0,2143616,1.0,1,4,1,0.0,,0.0,0,1975.0,B01,138Â 305Â 376,1.0,-1.0,-1.0,1636869,1.0,15,,0.0,0.0,6.0,A01,138Â 305Â 377,0.0
959109,201900000640,11,29,17:55,3,1,1,3.0,4.0,89105,D606,M,"47,8997490","3,5209340",89,2019,90.0,1.0,2.0,3.0,2143617,2.0,2,4,2,0.0,,0.0,0,1966.0,B01,138Â 305Â 376,1.0,-1.0,-1.0,1636867,2.0,7,,0.0,2.0,1.0,C01,138Â 305Â 375,0.0
959109,201900000640,11,29,17:55,3,1,1,3.0,4.0,89105,D606,M,"47,8997490","3,5209340",89,2019,90.0,1.0,2.0,3.0,2143617,2.0,2,4,2,0.0,,0.0,0,1966.0,B01,138Â 305Â 376,1.0,-1.0,-1.0,1636868,2.0,7,,0.0,2.0,1.0,B01,138Â 305Â 376,0.0
959109,201900000640,11,29,17:55,3,1,1,3.0,4.0,89105,D606,M,"47,8997490","3,5209340",89,2019,90.0,1.0,2.0,3.0,2143617,2.0,2,4,2,0.0,,0.0,0,1966.0,B01,138Â 305Â 376,1.0,-1.0,-1.0,1636869,1.0,15,,0.0,0.0,6.0,A01,138Â 305Â 377,0.0
959109,201900000640,11,29,17:55,3,1,1,3.0,4.0,89105,D606,M,"47,8997490","3,5209340",89,2019,90.0,1.0,2.0,3.0,2143618,1.0,1,1,1,4.0,,0.0,0,1979.0,A01,138Â 305Â 377,1.0,-1.0,-1.0,1636867,2.0,7,,0.0,2.0,1.0,C01,138Â 305Â 375,0.0
959109,201900000640,11,29,17:55,3,1,1,3.0,4.0,89105,D606,M,"47,8997490","3,5209340",89,2019,90.0,1.0,2.0,3.0,2143618,1.0,1,1,1,4.0,,0.0,0,1979.0,A01,138Â 305Â 377,1.0,-1.0,-1.0,1636868,2.0,7,,0.0,2.0,1.0,B01,138Â 305Â 376,0.0
959109,201900000640,11,29,17:55,3,1,1,3.0,4.0,89105,D606,M,"47,8997490","3,5209340",89,2019,90.0,1.0,2.0,3.0,2143618,1.0,1,1,1,4.0,,0.0,0,1979.0,A01,138Â 305Â 377,1.0,-1.0,-1.0,1636869,1.0,15,,0.0,0.0,6.0,A01,138Â 305Â 377,0.0
959110,201900000641,11,27,11:51,1,2,6,1.0,3.0,67205,rue de l'hippodromme,M,"48,6906490","7,7846270",67,2019,50.0,1.0,1.0,4.0,2143619,1.0,1,4,2,5.0,,0.0,0,1956.0,B01,138Â 305Â 373,0.0,-1.0,-1.0,1636870,0.0,1,,0.0,2.0,7.0,B01,138Â 305Â 373,5.0
959110,201900000641,11,27,11:51,1,2,6,1.0,3.0,67205,rue de l'hippodromme,M,"48,6906490","7,7846270",67,2019,50.0,1.0,1.0,4.0,2143619,1.0,1,4,2,5.0,,0.0,0,1956.0,B01,138Â 305Â 373,0.0,-1.0,-1.0,1636871,0.0,7,,0.0,2.0,1.0,A01,138Â 305Â 374,1.0
959110,201900000641,11,27,11:51,1,2,6,1.0,3.0,67205,rue de l'hippodromme,M,"48,6906490","7,7846270",67,2019,50.0,1.0,1.0,4.0,2143620,1.0,1,1,2,1.0,,0.0,0,1959.0,A01,138Â 305Â 374,1.0,-1.0,-1.0,1636870,0.0,1,,0.0,2.0,7.0,B01,138Â 305Â 373,5.0
959110,201900000641,11,27,11:51,1,2,6,1.0,3.0,67205,rue de l'hippodromme,M,"48,6906490","7,7846270",67,2019,50.0,1.0,1.0,4.0,2143620,1.0,1,1,2,1.0,,0.0,0,1959.0,A01,138Â 305Â 374,1.0,-1.0,-1.0,1636871,0.0,7,,0.0,2.0,1.0,A01,138Â 305Â 374,1.0
959111,201900000642,11,29,16:05,1,1,1,2.0,6.0,73248,D906  Rue de la LibÃ©ration,M,"45,2843830","6,3503010",73,2019,80.0,3.0,2.0,3.0,2143621,1.0,1,3,1,2.0,,0.0,0,1998.0,A01,138Â 305Â 372,1.0,-1.0,-1.0,1636872,1.0,7,,2.0,0.0,2.0,A01,138Â 305Â 372,1.0