Unnamed: 0_x,num_acc,mois,jour,hrmn,lum,agg,int,atm,col,com,adr,gps,lat,long,dep,annee,vma,situ,surf,catr,Unnamed: 0_y,place,catu,grav,sexe,trajet,secu,locp,actp,an_nais,num_veh_x,id_vehicule_x,secu1,secu2,secu3,Unnamed: 0,senc,catv,occutc,obs,obsm,choc,num_veh_y,id_vehicule_y,motor
959112,201900000643,11,29,15:25,1,1,1,7.0,1.0,56023,Kerhuiltan RD768,M,"47,7278790"," -3,0123360",56,2019,80.0,1.0,1.0,3.0,2143622,1.0,1,1,2,0.0,,0.0,0,1982.0,A01,138Â 305Â 368,1.0,-1.0,-1.0,1636873,2.0,7,,0.0,2.0,7.0,A01,138Â 305Â 368,1.0
959112,201900000643,11,29,15:25,1,1,1,7.0,1.0,56023,Kerhuiltan RD768,M,"47,7278790"," -3,0123360",56,2019,80.0,1.0,1.0,3.0,2143622,1.0,1,1,2,0.0,,0.0,0,1982.0,A01,138Â 305Â 368,1.0,-1.0,-1.0,1636874,1.0,7,,0.0,2.0,1.0,B01,138Â 305Â 369,1.0
959112,201900000643,11,29,15:25,1,1,1,7.0,1.0,56023,Kerhuiltan RD768,M,"47,7278790"," -3,0123360",56,2019,80.0,1.0,1.0,3.0,2143623,2.0,2,1,1,0.0,,0.0,0,1982.0,A01,138Â 305Â 368,1.0,-1.0,-1.0,1636873,2.0,7,,0.0,2.0,7.0,A01,138Â 305Â 368,1.0
959112,201900000643,11,29,15:25,1,1,1,7.0,1.0,56023,Kerhuiltan RD768,M,"47,7278790"," -3,0123360",56,2019,80.0,1.0,1.0,3.0,2143623,2.0,2,1,1,0.0,,0.0,0,1982.0,A01,138Â 305Â 368,1.0,-1.0,-1.0,1636874,1.0,7,,0.0,2.0,1.0,B01,138Â 305Â 369,1.0
959112,201900000643,11,29,15:25,1,1,1,7.0,1.0,56023,Kerhuiltan RD768,M,"47,7278790"," -3,0123360",56,2019,80.0,1.0,1.0,3.0,2143624,2.0,2,3,2,5.0,,0.0,0,1966.0,B01,138Â 305Â 369,1.0,-1.0,-1.0,1636873,2.0,7,,0.0,2.0,7.0,A01,138Â 305Â 368,1.0
959112,201900000643,11,29,15:25,1,1,1,7.0,1.0,56023,Kerhuiltan RD768,M,"47,7278790"," -3,0123360",56,2019,80.0,1.0,1.0,3.0,2143624,2.0,2,3,2,5.0,,0.0,0,1966.0,B01,138Â 305Â 369,1.0,-1.0,-1.0,1636874,1.0,7,,0.0,2.0,1.0,B01,138Â 305Â 369,1.0
959112,201900000643,11,29,15:25,1,1,1,7.0,1.0,56023,Kerhuiltan RD768,M,"47,7278790"," -3,0123360",56,2019,80.0,1.0,1.0,3.0,2143625,1.0,1,1,1,0.0,,0.0,0,2001.0,B01,138Â 305Â 369,1.0,-1.0,-1.0,1636873,2.0,7,,0.0,2.0,7.0,A01,138Â 305Â 368,1.0
959112,201900000643,11,29,15:25,1,1,1,7.0,1.0,56023,Kerhuiltan RD768,M,"47,7278790"," -3,0123360",56,2019,80.0,1.0,1.0,3.0,2143625,1.0,1,1,1,0.0,,0.0,0,2001.0,B01,138Â 305Â 369,1.0,-1.0,-1.0,1636874,1.0,7,,0.0,2.0,1.0,B01,138Â 305Â 369,1.0
959113,201900000644,11,30,03:00,3,2,1,1.0,5.0,76495,Avenue Jean Jouvenet,M,"49,5741200","0,9459580",76,2019,50.0,1.0,1.0,3.0,2143626,1.0,1,1,1,5.0,,0.0,0,1991.0,A01,138Â 305Â 365,1.0,-1.0,-1.0,1636875,3.0,7,,0.0,2.0,2.0,A01,138Â 305Â 365,1.0
959113,201900000644,11,30,03:00,3,2,1,1.0,5.0,76495,Avenue Jean Jouvenet,M,"49,5741200","0,9459580",76,2019,50.0,1.0,1.0,3.0,2143626,1.0,1,1,1,5.0,,0.0,0,1991.0,A01,138Â 305Â 365,1.0,-1.0,-1.0,1636876,0.0,31,,0.0,2.0,0.0,B01,138Â 305Â 366,1.0
959113,201900000644,11,30,03:00,3,2,1,1.0,5.0,76495,Avenue Jean Jouvenet,M,"49,5741200","0,9459580",76,2019,50.0,1.0,1.0,3.0,2143626,1.0,1,1,1,5.0,,0.0,0,1991.0,A01,138Â 305Â 365,1.0,-1.0,-1.0,1636877,3.0,33,,0.0,2.0,0.0,C01,138Â 305Â 367,1.0
959113,201900000644,11,30,03:00,3,2,1,1.0,5.0,76495,Avenue Jean Jouvenet,M,"49,5741200","0,9459580",76,2019,50.0,1.0,1.0,3.0,2143627,1.0,1,3,1,9.0,,0.0,0,2003.0,B01,138Â 305Â 366,8.0,-1.0,-1.0,1636875,3.0,7,,0.0,2.0,2.0,A01,138Â 305Â 365,1.0
959113,201900000644,11,30,03:00,3,2,1,1.0,5.0,76495,Avenue Jean Jouvenet,M,"49,5741200","0,9459580",76,2019,50.0,1.0,1.0,3.0,2143627,1.0,1,3,1,9.0,,0.0,0,2003.0,B01,138Â 305Â 366,8.0,-1.0,-1.0,1636876,0.0,31,,0.0,2.0,0.0,B01,138Â 305Â 366,1.0
959113,201900000644,11,30,03:00,3,2,1,1.0,5.0,76495,Avenue Jean Jouvenet,M,"49,5741200","0,9459580",76,2019,50.0,1.0,1.0,3.0,2143627,1.0,1,3,1,9.0,,0.0,0,2003.0,B01,138Â 305Â 366,8.0,-1.0,-1.0,1636877,3.0,33,,0.0,2.0,0.0,C01,138Â 305Â 367,1.0
959113,201900000644,11,30,03:00,3,2,1,1.0,5.0,76495,Avenue Jean Jouvenet,M,"49,5741200","0,9459580",76,2019,50.0,1.0,1.0,3.0,2143628,1.0,1,4,1,9.0,,0.0,0,2000.0,C01,138Â 305Â 367,8.0,-1.0,-1.0,1636875,3.0,7,,0.0,2.0,2.0,A01,138Â 305Â 365,1.0
959113,201900000644,11,30,03:00,3,2,1,1.0,5.0,76495,Avenue Jean Jouvenet,M,"49,5741200","0,9459580",76,2019,50.0,1.0,1.0,3.0,2143628,1.0,1,4,1,9.0,,0.0,0,2000.0,C01,138Â 305Â 367,8.0,-1.0,-1.0,1636876,0.0,31,,0.0,2.0,0.0,B01,138Â 305Â 366,1.0
959113,201900000644,11,30,03:00,3,2,1,1.0,5.0,76495,Avenue Jean Jouvenet,M,"49,5741200","0,9459580",76,2019,50.0,1.0,1.0,3.0,2143628,1.0,1,4,1,9.0,,0.0,0,2000.0,C01,138Â 305Â 367,8.0,-1.0,-1.0,1636877,3.0,33,,0.0,2.0,0.0,C01,138Â 305Â 367,1.0
959114,201900000645,11,30,09:30,1,2,1,1.0,6.0,80685,25 Rue Saint Pierre,M,"49,6986840","2,7909960",80,2019,50.0,1.0,1.0,4.0,2143629,1.0,1,1,1,5.0,,0.0,0,1967.0,A01,138Â 305Â 362,8.0,-1.0,-1.0,1636878,0.0,7,,0.0,1.0,6.0,A01,138Â 305Â 362,0.0
959114,201900000645,11,30,09:30,1,2,1,1.0,6.0,80685,25 Rue Saint Pierre,M,"49,6986840","2,7909960",80,2019,50.0,1.0,1.0,4.0,2143630,10.0,3,2,1,0.0,,2.0,3,1934.0,A01,138Â 305Â 362,0.0,-1.0,-1.0,1636878,0.0,7,,0.0,1.0,6.0,A01,138Â 305Â 362,0.0
959115,201900000646,11,29,01:15,3,2,1,1.0,6.0,59482,Rue de Warneton,M,"50,7164180","2,9933580",59,2019,50.0,3.0,2.0,7.0,2143631,1.0,1,3,1,0.0,,0.0,0,1984.0,A01,138Â 305Â 361,1.0,-1.0,-1.0,1636879,0.0,7,,2.0,0.0,1.0,A01,138Â 305Â 361,6.0
959116,201900000647,11,30,15:55,1,1,1,1.0,1.0,59106,Rue Felix Dehau,M,"50,5773974","3,1917099",59,2019,70.0,1.0,1.0,7.0,2143632,1.0,1,4,1,5.0,,0.0,0,1990.0,A01,138Â 305Â 359,1.0,-1.0,-1.0,1636880,3.0,7,,0.0,2.0,3.0,A01,138Â 305Â 359,1.0
959116,201900000647,11,30,15:55,1,1,1,1.0,1.0,59106,Rue Felix Dehau,M,"50,5773974","3,1917099",59,2019,70.0,1.0,1.0,7.0,2143632,1.0,1,4,1,5.0,,0.0,0,1990.0,A01,138Â 305Â 359,1.0,-1.0,-1.0,1636881,3.0,7,,0.0,2.0,3.0,B01,138Â 305Â 360,1.0
959116,201900000647,11,30,15:55,1,1,1,1.0,1.0,59106,Rue Felix Dehau,M,"50,5773974","3,1917099",59,2019,70.0,1.0,1.0,7.0,2143633,1.0,1,4,1,5.0,,0.0,0,1997.0,B01,138Â 305Â 360,1.0,-1.0,-1.0,1636880,3.0,7,,0.0,2.0,3.0,A01,138Â 305Â 359,1.0
959116,201900000647,11,30,15:55,1,1,1,1.0,1.0,59106,Rue Felix Dehau,M,"50,5773974","3,1917099",59,2019,70.0,1.0,1.0,7.0,2143633,1.0,1,4,1,5.0,,0.0,0,1997.0,B01,138Â 305Â 360,1.0,-1.0,-1.0,1636881,3.0,7,,0.0,2.0,3.0,B01,138Â 305Â 360,1.0
959117,201900000648,11,29,18:45,3,1,1,1.0,3.0,13211,A50-Sens Aubagne vers Marseille,M,"43,2911914","5,4503362",13,2019,90.0,1.0,1.0,1.0,2143634,1.0,1,4,1,5.0,,-1.0, -1,1973.0,A01,138Â 305Â 357,2.0,0.0,-1.0,1636882,2.0,31,,0.0,2.0,7.0,A01,138Â 305Â 357,1.0
959117,201900000648,11,29,18:45,3,1,1,1.0,3.0,13211,A50-Sens Aubagne vers Marseille,M,"43,2911914","5,4503362",13,2019,90.0,1.0,1.0,1.0,2143634,1.0,1,4,1,5.0,,-1.0, -1,1973.0,A01,138Â 305Â 357,2.0,0.0,-1.0,1636883,2.0,7,,0.0,2.0,8.0,B01,138Â 305Â 358,1.0
959117,201900000648,11,29,18:45,3,1,1,1.0,3.0,13211,A50-Sens Aubagne vers Marseille,M,"43,2911914","5,4503362",13,2019,90.0,1.0,1.0,1.0,2143635,1.0,1,1,1,5.0,,-1.0, -1,1997.0,B01,138Â 305Â 358,1.0,0.0,-1.0,1636882,2.0,31,,0.0,2.0,7.0,A01,138Â 305Â 357,1.0
959117,201900000648,11,29,18:45,3,1,1,1.0,3.0,13211,A50-Sens Aubagne vers Marseille,M,"43,2911914","5,4503362",13,2019,90.0,1.0,1.0,1.0,2143635,1.0,1,1,1,5.0,,-1.0, -1,1997.0,B01,138Â 305Â 358,1.0,0.0,-1.0,1636883,2.0,7,,0.0,2.0,8.0,B01,138Â 305Â 358,1.0
959118,201900000649,11,26,17:10,5,1,1,1.0,2.0,13211,Sens Aubagne vers Marseille,M,"43,2905430","5,4485760",13,2019,90.0,1.0,1.0,1.0,2143636,1.0,1,1,1,4.0,,-1.0,0,1963.0,B01,138Â 305Â 355,1.0,0.0,-1.0,1636884,2.0,14,,0.0,0.0,0.0,B01,138Â 305Â 355,1.0
959118,201900000649,11,26,17:10,5,1,1,1.0,2.0,13211,Sens Aubagne vers Marseille,M,"43,2905430","5,4485760",13,2019,90.0,1.0,1.0,1.0,2143636,1.0,1,1,1,4.0,,-1.0,0,1963.0,B01,138Â 305Â 355,1.0,0.0,-1.0,1636885,2.0,7,,0.0,0.0,0.0,A01,138Â 305Â 356,1.0
959118,201900000649,11,26,17:10,5,1,1,1.0,2.0,13211,Sens Aubagne vers Marseille,M,"43,2905430","5,4485760",13,2019,90.0,1.0,1.0,1.0,2143637,1.0,1,1,1,0.0,,-1.0,0,1973.0,A01,138Â 305Â 356,1.0,0.0,-1.0,1636884,2.0,14,,0.0,0.0,0.0,B01,138Â 305Â 355,1.0
959118,201900000649,11,26,17:10,5,1,1,1.0,2.0,13211,Sens Aubagne vers Marseille,M,"43,2905430","5,4485760",13,2019,90.0,1.0,1.0,1.0,2143637,1.0,1,1,1,0.0,,-1.0,0,1973.0,A01,138Â 305Â 356,1.0,0.0,-1.0,1636885,2.0,7,,0.0,0.0,0.0,A01,138Â 305Â 356,1.0
959118,201900000649,11,26,17:10,5,1,1,1.0,2.0,13211,Sens Aubagne vers Marseille,M,"43,2905430","5,4485760",13,2019,90.0,1.0,1.0,1.0,2143638,2.0,2,4,2,0.0,,-1.0,0,1971.0,A01,138Â 305Â 356,1.0,0.0,-1.0,1636884,2.0,14,,0.0,0.0,0.0,B01,138Â 305Â 355,1.0
959118,201900000649,11,26,17:10,5,1,1,1.0,2.0,13211,Sens Aubagne vers Marseille,M,"43,2905430","5,4485760",13,2019,90.0,1.0,1.0,1.0,2143638,2.0,2,4,2,0.0,,-1.0,0,1971.0,A01,138Â 305Â 356,1.0,0.0,-1.0,1636885,2.0,7,,0.0,0.0,0.0,A01,138Â 305Â 356,1.0
959119,201900000650,11,29,16:20,1,1,1,1.0,3.0,33550,ROCADE A 630,M,"44,7821700"," -0,5839800",33,2019,90.0,1.0,1.0,1.0,2143639,1.0,1,4,2,0.0,,-1.0, -1,1941.0,B01,138Â 305Â 350,1.0,8.0,-1.0,1636886,2.0,7,,0.0,2.0,8.0,B01,138Â 305Â 350,1.0
959119,201900000650,11,29,16:20,1,1,1,1.0,3.0,33550,ROCADE A 630,M,"44,7821700"," -0,5839800",33,2019,90.0,1.0,1.0,1.0,2143639,1.0,1,4,2,0.0,,-1.0, -1,1941.0,B01,138Â 305Â 350,1.0,8.0,-1.0,1636887,2.0,14,,0.0,2.0,1.0,A01,138Â 305Â 351,1.0
959119,201900000650,11,29,16:20,1,1,1,1.0,3.0,33550,ROCADE A 630,M,"44,7821700"," -0,5839800",33,2019,90.0,1.0,1.0,1.0,2143640,1.0,1,1,1,4.0,,-1.0, -1,1976.0,A01,138Â 305Â 351,1.0,8.0,-1.0,1636886,2.0,7,,0.0,2.0,8.0,B01,138Â 305Â 350,1.0
959119,201900000650,11,29,16:20,1,1,1,1.0,3.0,33550,ROCADE A 630,M,"44,7821700"," -0,5839800",33,2019,90.0,1.0,1.0,1.0,2143640,1.0,1,1,1,4.0,,-1.0, -1,1976.0,A01,138Â 305Â 351,1.0,8.0,-1.0,1636887,2.0,14,,0.0,2.0,1.0,A01,138Â 305Â 351,1.0
959120,201900000651,11,29,01:35,5,1,1,1.0,6.0,33550,ROCADE A 630,M,"44,7833600"," -0,5881400",33,2019,90.0,1.0,1.0,1.0,2143641,2.0,2,1,2,0.0,,-1.0,0,1997.0,A01,138Â 305Â 349,1.0,8.0,-1.0,1636888,1.0,7,,3.0,0.0,1.0,A01,138Â 305Â 349,1.0
959120,201900000651,11,29,01:35,5,1,1,1.0,6.0,33550,ROCADE A 630,M,"44,7833600"," -0,5881400",33,2019,90.0,1.0,1.0,1.0,2143642,4.0,2,1,1,0.0,,-1.0,0,1998.0,A01,138Â 305Â 349,1.0,8.0,-1.0,1636888,1.0,7,,3.0,0.0,1.0,A01,138Â 305Â 349,1.0
959120,201900000651,11,29,01:35,5,1,1,1.0,6.0,33550,ROCADE A 630,M,"44,7833600"," -0,5881400",33,2019,90.0,1.0,1.0,1.0,2143643,1.0,1,4,2,0.0,,-1.0,0,1996.0,A01,138Â 305Â 349,1.0,8.0,-1.0,1636888,1.0,7,,3.0,0.0,1.0,A01,138Â 305Â 349,1.0
959121,201900000652,11,25,08:25,1,1,1,1.0,4.0,59183,AUTOROUTE A16,M,"51,0125000","2,3584000",59,2019,90.0,1.0,2.0,1.0,2143644,1.0,1,1,1,0.0,,-1.0,0,1971.0,D01,138Â 305Â 345,1.0,0.0,-1.0,1636889,1.0,7,,0.0,2.0,4.0,D01,138Â 305Â 345,1.0
959121,201900000652,11,25,08:25,1,1,1,1.0,4.0,59183,AUTOROUTE A16,M,"51,0125000","2,3584000",59,2019,90.0,1.0,2.0,1.0,2143644,1.0,1,1,1,0.0,,-1.0,0,1971.0,D01,138Â 305Â 345,1.0,0.0,-1.0,1636890,2.0,7,,0.0,2.0,1.0,C01,138Â 305Â 346,1.0
959121,201900000652,11,25,08:25,1,1,1,1.0,4.0,59183,AUTOROUTE A16,M,"51,0125000","2,3584000",59,2019,90.0,1.0,2.0,1.0,2143644,1.0,1,1,1,0.0,,-1.0,0,1971.0,D01,138Â 305Â 345,1.0,0.0,-1.0,1636891,1.0,7,,0.0,2.0,4.0,B01,138Â 305Â 347,1.0
959121,201900000652,11,25,08:25,1,1,1,1.0,4.0,59183,AUTOROUTE A16,M,"51,0125000","2,3584000",59,2019,90.0,1.0,2.0,1.0,2143644,1.0,1,1,1,0.0,,-1.0,0,1971.0,D01,138Â 305Â 345,1.0,0.0,-1.0,1636892,2.0,10,,0.0,2.0,1.0,A01,138Â 305Â 348,1.0
959121,201900000652,11,25,08:25,1,1,1,1.0,4.0,59183,AUTOROUTE A16,M,"51,0125000","2,3584000",59,2019,90.0,1.0,2.0,1.0,2143645,1.0,1,1,2,0.0,,-1.0,0,1968.0,C01,138Â 305Â 346,1.0,0.0,-1.0,1636889,1.0,7,,0.0,2.0,4.0,D01,138Â 305Â 345,1.0
959121,201900000652,11,25,08:25,1,1,1,1.0,4.0,59183,AUTOROUTE A16,M,"51,0125000","2,3584000",59,2019,90.0,1.0,2.0,1.0,2143645,1.0,1,1,2,0.0,,-1.0,0,1968.0,C01,138Â 305Â 346,1.0,0.0,-1.0,1636890,2.0,7,,0.0,2.0,1.0,C01,138Â 305Â 346,1.0
959121,201900000652,11,25,08:25,1,1,1,1.0,4.0,59183,AUTOROUTE A16,M,"51,0125000","2,3584000",59,2019,90.0,1.0,2.0,1.0,2143645,1.0,1,1,2,0.0,,-1.0,0,1968.0,C01,138Â 305Â 346,1.0,0.0,-1.0,1636891,1.0,7,,0.0,2.0,4.0,B01,138Â 305Â 347,1.0
959121,201900000652,11,25,08:25,1,1,1,1.0,4.0,59183,AUTOROUTE A16,M,"51,0125000","2,3584000",59,2019,90.0,1.0,2.0,1.0,2143645,1.0,1,1,2,0.0,,-1.0,0,1968.0,C01,138Â 305Â 346,1.0,0.0,-1.0,1636892,2.0,10,,0.0,2.0,1.0,A01,138Â 305Â 348,1.0
959121,201900000652,11,25,08:25,1,1,1,1.0,4.0,59183,AUTOROUTE A16,M,"51,0125000","2,3584000",59,2019,90.0,1.0,2.0,1.0,2143646,3.0,2,4,1,0.0,,-1.0, -1,2007.0,B01,138Â 305Â 347,1.0,0.0,-1.0,1636889,1.0,7,,0.0,2.0,4.0,D01,138Â 305Â 345,1.0
959121,201900000652,11,25,08:25,1,1,1,1.0,4.0,59183,AUTOROUTE A16,M,"51,0125000","2,3584000",59,2019,90.0,1.0,2.0,1.0,2143646,3.0,2,4,1,0.0,,-1.0, -1,2007.0,B01,138Â 305Â 347,1.0,0.0,-1.0,1636890,2.0,7,,0.0,2.0,1.0,C01,138Â 305Â 346,1.0
959121,201900000652,11,25,08:25,1,1,1,1.0,4.0,59183,AUTOROUTE A16,M,"51,0125000","2,3584000",59,2019,90.0,1.0,2.0,1.0,2143646,3.0,2,4,1,0.0,,-1.0, -1,2007.0,B01,138Â 305Â 347,1.0,0.0,-1.0,1636891,1.0,7,,0.0,2.0,4.0,B01,138Â 305Â 347,1.0
959121,201900000652,11,25,08:25,1,1,1,1.0,4.0,59183,AUTOROUTE A16,M,"51,0125000","2,3584000",59,2019,90.0,1.0,2.0,1.0,2143646,3.0,2,4,1,0.0,,-1.0, -1,2007.0,B01,138Â 305Â 347,1.0,0.0,-1.0,1636892,2.0,10,,0.0,2.0,1.0,A01,138Â 305Â 348,1.0
959121,201900000652,11,25,08:25,1,1,1,1.0,4.0,59183,AUTOROUTE A16,M,"51,0125000","2,3584000",59,2019,90.0,1.0,2.0,1.0,2143647,2.0,2,4,1,0.0,,-1.0, -1,2009.0,B01,138Â 305Â 347,1.0,0.0,-1.0,1636889,1.0,7,,0.0,2.0,4.0,D01,138Â 305Â 345,1.0
959121,201900000652,11,25,08:25,1,1,1,1.0,4.0,59183,AUTOROUTE A16,M,"51,0125000","2,3584000",59,2019,90.0,1.0,2.0,1.0,2143647,2.0,2,4,1,0.0,,-1.0, -1,2009.0,B01,138Â 305Â 347,1.0,0.0,-1.0,1636890,2.0,7,,0.0,2.0,1.0,C01,138Â 305Â 346,1.0
959121,201900000652,11,25,08:25,1,1,1,1.0,4.0,59183,AUTOROUTE A16,M,"51,0125000","2,3584000",59,2019,90.0,1.0,2.0,1.0,2143647,2.0,2,4,1,0.0,,-1.0, -1,2009.0,B01,138Â 305Â 347,1.0,0.0,-1.0,1636891,1.0,7,,0.0,2.0,4.0,B01,138Â 305Â 347,1.0
959121,201900000652,11,25,08:25,1,1,1,1.0,4.0,59183,AUTOROUTE A16,M,"51,0125000","2,3584000",59,2019,90.0,1.0,2.0,1.0,2143647,2.0,2,4,1,0.0,,-1.0, -1,2009.0,B01,138Â 305Â 347,1.0,0.0,-1.0,1636892,2.0,10,,0.0,2.0,1.0,A01,138Â 305Â 348,1.0
959121,201900000652,11,25,08:25,1,1,1,1.0,4.0,59183,AUTOROUTE A16,M,"51,0125000","2,3584000",59,2019,90.0,1.0,2.0,1.0,2143648,1.0,1,4,1,0.0,,-1.0, -1,1974.0,B01,138Â 305Â 347,1.0,0.0,-1.0,1636889,1.0,7,,0.0,2.0,4.0,D01,138Â 305Â 345,1.0
959121,201900000652,11,25,08:25,1,1,1,1.0,4.0,59183,AUTOROUTE A16,M,"51,0125000","2,3584000",59,2019,90.0,1.0,2.0,1.0,2143648,1.0,1,4,1,0.0,,-1.0, -1,1974.0,B01,138Â 305Â 347,1.0,0.0,-1.0,1636890,2.0,7,,0.0,2.0,1.0,C01,138Â 305Â 346,1.0
959121,201900000652,11,25,08:25,1,1,1,1.0,4.0,59183,AUTOROUTE A16,M,"51,0125000","2,3584000",59,2019,90.0,1.0,2.0,1.0,2143648,1.0,1,4,1,0.0,,-1.0, -1,1974.0,B01,138Â 305Â 347,1.0,0.0,-1.0,1636891,1.0,7,,0.0,2.0,4.0,B01,138Â 305Â 347,1.0
959121,201900000652,11,25,08:25,1,1,1,1.0,4.0,59183,AUTOROUTE A16,M,"51,0125000","2,3584000",59,2019,90.0,1.0,2.0,1.0,2143648,1.0,1,4,1,0.0,,-1.0, -1,1974.0,B01,138Â 305Â 347,1.0,0.0,-1.0,1636892,2.0,10,,0.0,2.0,1.0,A01,138Â 305Â 348,1.0
959121,201900000652,11,25,08:25,1,1,1,1.0,4.0,59183,AUTOROUTE A16,M,"51,0125000","2,3584000",59,2019,90.0,1.0,2.0,1.0,2143649,1.0,1,1,1,0.0,,-1.0, -1,1988.0,A01,138Â 305Â 348,1.0,0.0,-1.0,1636889,1.0,7,,0.0,2.0,4.0,D01,138Â 305Â 345,1.0
959121,201900000652,11,25,08:25,1,1,1,1.0,4.0,59183,AUTOROUTE A16,M,"51,0125000","2,3584000",59,2019,90.0,1.0,2.0,1.0,2143649,1.0,1,1,1,0.0,,-1.0, -1,1988.0,A01,138Â 305Â 348,1.0,0.0,-1.0,1636890,2.0,7,,0.0,2.0,1.0,C01,138Â 305Â 346,1.0
959121,201900000652,11,25,08:25,1,1,1,1.0,4.0,59183,AUTOROUTE A16,M,"51,0125000","2,3584000",59,2019,90.0,1.0,2.0,1.0,2143649,1.0,1,1,1,0.0,,-1.0, -1,1988.0,A01,138Â 305Â 348,1.0,0.0,-1.0,1636891,1.0,7,,0.0,2.0,4.0,B01,138Â 305Â 347,1.0
959121,201900000652,11,25,08:25,1,1,1,1.0,4.0,59183,AUTOROUTE A16,M,"51,0125000","2,3584000",59,2019,90.0,1.0,2.0,1.0,2143649,1.0,1,1,1,0.0,,-1.0, -1,1988.0,A01,138Â 305Â 348,1.0,0.0,-1.0,1636892,2.0,10,,0.0,2.0,1.0,A01,138Â 305Â 348,1.0
959122,201900000653,11,26,07:50,2,1,1,1.0,4.0,59350,AUTOROUTE A25,M,"50,6168610","3,0446220",59,2019,90.0,1.0,2.0,1.0,2143650,1.0,1,1,1,0.0,,-1.0, -1,2000.0,A01,138Â 305Â 342,1.0,0.0,-1.0,1636893,2.0,7,,0.0,2.0,1.0,A01,138Â 305Â 342,1.0
959122,201900000653,11,26,07:50,2,1,1,1.0,4.0,59350,AUTOROUTE A25,M,"50,6168610","3,0446220",59,2019,90.0,1.0,2.0,1.0,2143650,1.0,1,1,1,0.0,,-1.0, -1,2000.0,A01,138Â 305Â 342,1.0,0.0,-1.0,1636894,2.0,33,,0.0,2.0,4.0,B01,138Â 305Â 343,1.0
959122,201900000653,11,26,07:50,2,1,1,1.0,4.0,59350,AUTOROUTE A25,M,"50,6168610","3,0446220",59,2019,90.0,1.0,2.0,1.0,2143650,1.0,1,1,1,0.0,,-1.0, -1,2000.0,A01,138Â 305Â 342,1.0,0.0,-1.0,1636895,2.0,7,,0.0,2.0,4.0,C01,138Â 305Â 344,1.0
959122,201900000653,11,26,07:50,2,1,1,1.0,4.0,59350,AUTOROUTE A25,M,"50,6168610","3,0446220",59,2019,90.0,1.0,2.0,1.0,2143651,1.0,1,3,1,0.0,,-1.0, -1,1983.0,B01,138Â 305Â 343,2.0,6.0,-1.0,1636893,2.0,7,,0.0,2.0,1.0,A01,138Â 305Â 342,1.0
959122,201900000653,11,26,07:50,2,1,1,1.0,4.0,59350,AUTOROUTE A25,M,"50,6168610","3,0446220",59,2019,90.0,1.0,2.0,1.0,2143651,1.0,1,3,1,0.0,,-1.0, -1,1983.0,B01,138Â 305Â 343,2.0,6.0,-1.0,1636894,2.0,33,,0.0,2.0,4.0,B01,138Â 305Â 343,1.0
959122,201900000653,11,26,07:50,2,1,1,1.0,4.0,59350,AUTOROUTE A25,M,"50,6168610","3,0446220",59,2019,90.0,1.0,2.0,1.0,2143651,1.0,1,3,1,0.0,,-1.0, -1,1983.0,B01,138Â 305Â 343,2.0,6.0,-1.0,1636895,2.0,7,,0.0,2.0,4.0,C01,138Â 305Â 344,1.0
959122,201900000653,11,26,07:50,2,1,1,1.0,4.0,59350,AUTOROUTE A25,M,"50,6168610","3,0446220",59,2019,90.0,1.0,2.0,1.0,2143652,1.0,1,1,1,0.0,,-1.0, -1,1983.0,C01,138Â 305Â 344,1.0,0.0,-1.0,1636893,2.0,7,,0.0,2.0,1.0,A01,138Â 305Â 342,1.0
959122,201900000653,11,26,07:50,2,1,1,1.0,4.0,59350,AUTOROUTE A25,M,"50,6168610","3,0446220",59,2019,90.0,1.0,2.0,1.0,2143652,1.0,1,1,1,0.0,,-1.0, -1,1983.0,C01,138Â 305Â 344,1.0,0.0,-1.0,1636894,2.0,33,,0.0,2.0,4.0,B01,138Â 305Â 343,1.0
959122,201900000653,11,26,07:50,2,1,1,1.0,4.0,59350,AUTOROUTE A25,M,"50,6168610","3,0446220",59,2019,90.0,1.0,2.0,1.0,2143652,1.0,1,1,1,0.0,,-1.0, -1,1983.0,C01,138Â 305Â 344,1.0,0.0,-1.0,1636895,2.0,7,,0.0,2.0,4.0,C01,138Â 305Â 344,1.0
959123,201900000654,11,29,07:30,1,1,1,2.0,4.0,91471,RD 188 CHEVREUSE,M,"48,6920000","2,1808000",91,2019,80.0,1.0,2.0,3.0,2143653,1.0,1,1,1,0.0,,0.0,0,1975.0,C01,138Â 305Â 339,1.0,0.0,-1.0,1636896,2.0,3,,0.0,2.0,7.0,C01,138Â 305Â 339,1.0
959123,201900000654,11,29,07:30,1,1,1,2.0,4.0,91471,RD 188 CHEVREUSE,M,"48,6920000","2,1808000",91,2019,80.0,1.0,2.0,3.0,2143653,1.0,1,1,1,0.0,,0.0,0,1975.0,C01,138Â 305Â 339,1.0,0.0,-1.0,1636897,2.0,3,,0.0,2.0,1.0,B01,138Â 305Â 340,1.0