Unnamed: 0_x,num_acc,mois,jour,hrmn,lum,agg,int,atm,col,com,adr,gps,lat,long,dep,annee,vma,situ,surf,catr,Unnamed: 0_y,place,catu,grav,sexe,trajet,secu,locp,actp,an_nais,num_veh_x,id_vehicule_x,secu1,secu2,secu3,Unnamed: 0,senc,catv,occutc,obs,obsm,choc,num_veh_y,id_vehicule_y,motor
959123,201900000654,11,29,07:30,1,1,1,2.0,4.0,91471,RD 188 CHEVREUSE,M,"48,6920000","2,1808000",91,2019,80.0,1.0,2.0,3.0,2143653,1.0,1,1,1,0.0,,0.0,0,1975.0,C01,138Â 305Â 339,1.0,0.0,-1.0,1636898,1.0,3,,0.0,2.0,1.0,A01,138Â 305Â 341,1.0
959123,201900000654,11,29,07:30,1,1,1,2.0,4.0,91471,RD 188 CHEVREUSE,M,"48,6920000","2,1808000",91,2019,80.0,1.0,2.0,3.0,2143654,2.0,2,4,1,0.0,,0.0,0,1964.0,B01,138Â 305Â 340,1.0,0.0,-1.0,1636896,2.0,3,,0.0,2.0,7.0,C01,138Â 305Â 339,1.0
959123,201900000654,11,29,07:30,1,1,1,2.0,4.0,91471,RD 188 CHEVREUSE,M,"48,6920000","2,1808000",91,2019,80.0,1.0,2.0,3.0,2143654,2.0,2,4,1,0.0,,0.0,0,1964.0,B01,138Â 305Â 340,1.0,0.0,-1.0,1636897,2.0,3,,0.0,2.0,1.0,B01,138Â 305Â 340,1.0
959123,201900000654,11,29,07:30,1,1,1,2.0,4.0,91471,RD 188 CHEVREUSE,M,"48,6920000","2,1808000",91,2019,80.0,1.0,2.0,3.0,2143654,2.0,2,4,1,0.0,,0.0,0,1964.0,B01,138Â 305Â 340,1.0,0.0,-1.0,1636898,1.0,3,,0.0,2.0,1.0,A01,138Â 305Â 341,1.0
959123,201900000654,11,29,07:30,1,1,1,2.0,4.0,91471,RD 188 CHEVREUSE,M,"48,6920000","2,1808000",91,2019,80.0,1.0,2.0,3.0,2143655,1.0,1,4,1,0.0,,0.0,0,1964.0,B01,138Â 305Â 340,1.0,0.0,-1.0,1636896,2.0,3,,0.0,2.0,7.0,C01,138Â 305Â 339,1.0
959123,201900000654,11,29,07:30,1,1,1,2.0,4.0,91471,RD 188 CHEVREUSE,M,"48,6920000","2,1808000",91,2019,80.0,1.0,2.0,3.0,2143655,1.0,1,4,1,0.0,,0.0,0,1964.0,B01,138Â 305Â 340,1.0,0.0,-1.0,1636897,2.0,3,,0.0,2.0,1.0,B01,138Â 305Â 340,1.0
959123,201900000654,11,29,07:30,1,1,1,2.0,4.0,91471,RD 188 CHEVREUSE,M,"48,6920000","2,1808000",91,2019,80.0,1.0,2.0,3.0,2143655,1.0,1,4,1,0.0,,0.0,0,1964.0,B01,138Â 305Â 340,1.0,0.0,-1.0,1636898,1.0,3,,0.0,2.0,1.0,A01,138Â 305Â 341,1.0
959123,201900000654,11,29,07:30,1,1,1,2.0,4.0,91471,RD 188 CHEVREUSE,M,"48,6920000","2,1808000",91,2019,80.0,1.0,2.0,3.0,2143656,1.0,1,3,1,0.0,,0.0,0,2001.0,A01,138Â 305Â 341,1.0,0.0,-1.0,1636896,2.0,3,,0.0,2.0,7.0,C01,138Â 305Â 339,1.0
959123,201900000654,11,29,07:30,1,1,1,2.0,4.0,91471,RD 188 CHEVREUSE,M,"48,6920000","2,1808000",91,2019,80.0,1.0,2.0,3.0,2143656,1.0,1,3,1,0.0,,0.0,0,2001.0,A01,138Â 305Â 341,1.0,0.0,-1.0,1636897,2.0,3,,0.0,2.0,1.0,B01,138Â 305Â 340,1.0
959123,201900000654,11,29,07:30,1,1,1,2.0,4.0,91471,RD 188 CHEVREUSE,M,"48,6920000","2,1808000",91,2019,80.0,1.0,2.0,3.0,2143656,1.0,1,3,1,0.0,,0.0,0,2001.0,A01,138Â 305Â 341,1.0,0.0,-1.0,1636898,1.0,3,,0.0,2.0,1.0,A01,138Â 305Â 341,1.0
959124,201900000655,11,29,07:55,2,1,1,1.0,3.0,91689,AUTOROUTE A6,M,"48,7224000","2,3120000",91,2019,110.0,1.0,1.0,1.0,2143657,1.0,1,1,1,1.0,,0.0,0,1981.0,A01,138Â 305Â 337,1.0,0.0,-1.0,1636899,2.0,7,,0.0,2.0,8.0,A01,138Â 305Â 337,1.0
959124,201900000655,11,29,07:55,2,1,1,1.0,3.0,91689,AUTOROUTE A6,M,"48,7224000","2,3120000",91,2019,110.0,1.0,1.0,1.0,2143657,1.0,1,1,1,1.0,,0.0,0,1981.0,A01,138Â 305Â 337,1.0,0.0,-1.0,1636900,2.0,32,,0.0,2.0,7.0,B01,138Â 305Â 338,1.0
959124,201900000655,11,29,07:55,2,1,1,1.0,3.0,91689,AUTOROUTE A6,M,"48,7224000","2,3120000",91,2019,110.0,1.0,1.0,1.0,2143658,1.0,1,4,1,1.0,,0.0,0,1997.0,B01,138Â 305Â 338,2.0,6.0,-1.0,1636899,2.0,7,,0.0,2.0,8.0,A01,138Â 305Â 337,1.0
959124,201900000655,11,29,07:55,2,1,1,1.0,3.0,91689,AUTOROUTE A6,M,"48,7224000","2,3120000",91,2019,110.0,1.0,1.0,1.0,2143658,1.0,1,4,1,1.0,,0.0,0,1997.0,B01,138Â 305Â 338,2.0,6.0,-1.0,1636900,2.0,32,,0.0,2.0,7.0,B01,138Â 305Â 338,1.0
959125,201900000656,11,29,17:20,3,1,1,1.0,2.0,92050,A86,M,"48,9097596","2,2153353",92,2019,90.0,1.0,1.0,1.0,2143659,1.0,1,1,2,0.0,,-1.0,0,1989.0,B01,138Â 305Â 335,1.0,0.0,-1.0,1636901,1.0,7,,0.0,2.0,4.0,B01,138Â 305Â 335,1.0
959125,201900000656,11,29,17:20,3,1,1,1.0,2.0,92050,A86,M,"48,9097596","2,2153353",92,2019,90.0,1.0,1.0,1.0,2143659,1.0,1,1,2,0.0,,-1.0,0,1989.0,B01,138Â 305Â 335,1.0,0.0,-1.0,1636902,1.0,33,,0.0,2.0,1.0,A01,138Â 305Â 336,1.0
959125,201900000656,11,29,17:20,3,1,1,1.0,2.0,92050,A86,M,"48,9097596","2,2153353",92,2019,90.0,1.0,1.0,1.0,2143660,1.0,1,4,1,0.0,,-1.0,0,1991.0,A01,138Â 305Â 336,2.0,0.0,-1.0,1636901,1.0,7,,0.0,2.0,4.0,B01,138Â 305Â 335,1.0
959125,201900000656,11,29,17:20,3,1,1,1.0,2.0,92050,A86,M,"48,9097596","2,2153353",92,2019,90.0,1.0,1.0,1.0,2143660,1.0,1,4,1,0.0,,-1.0,0,1991.0,A01,138Â 305Â 336,2.0,0.0,-1.0,1636902,1.0,33,,0.0,2.0,1.0,A01,138Â 305Â 336,1.0
959126,201900000657,11,29,10:20,1,1,1,2.0,7.0,92062,RN1013,M,"48,8903724","2,2398538",92,2019,70.0,1.0,2.0,2.0,2143661,1.0,1,3,1,1.0,,-1.0,0,1987.0,A01,138Â 305Â 334,2.0,6.0,-1.0,1636903,2.0,32,,0.0,0.0,2.0,A01,138Â 305Â 334,1.0
959127,201900000658,11,29,17:20,3,1,1,1.0,2.0,94046,A86 EXT,M,"48,7985000","2,4444200",94,2019,90.0,1.0,1.0,1.0,2143662,1.0,1,4,1,0.0,,-1.0,0,1974.0,A01,138Â 305Â 332,2.0,6.0,-1.0,1636904,2.0,33,,0.0,2.0,1.0,A01,138Â 305Â 332,1.0
959127,201900000658,11,29,17:20,3,1,1,1.0,2.0,94046,A86 EXT,M,"48,7985000","2,4444200",94,2019,90.0,1.0,1.0,1.0,2143662,1.0,1,4,1,0.0,,-1.0,0,1974.0,A01,138Â 305Â 332,2.0,6.0,-1.0,1636905,2.0,7,,0.0,2.0,6.0,B01,138Â 305Â 333,1.0
959127,201900000658,11,29,17:20,3,1,1,1.0,2.0,94046,A86 EXT,M,"48,7985000","2,4444200",94,2019,90.0,1.0,1.0,1.0,2143663,1.0,1,1,1,0.0,,-1.0,0,1992.0,B01,138Â 305Â 333,1.0,0.0,-1.0,1636904,2.0,33,,0.0,2.0,1.0,A01,138Â 305Â 332,1.0
959127,201900000658,11,29,17:20,3,1,1,1.0,2.0,94046,A86 EXT,M,"48,7985000","2,4444200",94,2019,90.0,1.0,1.0,1.0,2143663,1.0,1,1,1,0.0,,-1.0,0,1992.0,B01,138Â 305Â 333,1.0,0.0,-1.0,1636905,2.0,7,,0.0,2.0,6.0,B01,138Â 305Â 333,1.0
959128,201900000659,11,27,15:40,1,1,1,2.0,2.0,75112,A4,M,"48,8183908","2,4568786",75,2019,90.0,1.0,2.0,1.0,2143664,1.0,1,1,1,4.0,,0.0,0,1989.0,A01,138Â 305Â 330,1.0,0.0,-1.0,1636906,1.0,10,,0.0,2.0,1.0,A01,138Â 305Â 330,1.0
959128,201900000659,11,27,15:40,1,1,1,2.0,2.0,75112,A4,M,"48,8183908","2,4568786",75,2019,90.0,1.0,2.0,1.0,2143664,1.0,1,1,1,4.0,,0.0,0,1989.0,A01,138Â 305Â 330,1.0,0.0,-1.0,1636907,1.0,7,,0.0,2.0,4.0,B01,138Â 305Â 331,1.0
959128,201900000659,11,27,15:40,1,1,1,2.0,2.0,75112,A4,M,"48,8183908","2,4568786",75,2019,90.0,1.0,2.0,1.0,2143665,1.0,1,4,2,1.0,,0.0,0,1976.0,B01,138Â 305Â 331,1.0,0.0,-1.0,1636906,1.0,10,,0.0,2.0,1.0,A01,138Â 305Â 330,1.0
959128,201900000659,11,27,15:40,1,1,1,2.0,2.0,75112,A4,M,"48,8183908","2,4568786",75,2019,90.0,1.0,2.0,1.0,2143665,1.0,1,4,2,1.0,,0.0,0,1976.0,B01,138Â 305Â 331,1.0,0.0,-1.0,1636907,1.0,7,,0.0,2.0,4.0,B01,138Â 305Â 331,1.0
959129,201900000660,11,27,02:15,3,1,1,3.0,6.0,95488,AUTOROUTE A15,M,"49,0282000","2,1283900",95,2019,90.0,1.0,3.0,1.0,2143666,1.0,1,1,1,5.0,,-1.0,0,2001.0,B01,138Â 305Â 326,1.0,0.0,-1.0,1636908,1.0,7,,9.0,0.0,8.0,B01,138Â 305Â 326,1.0
959129,201900000660,11,27,02:15,3,1,1,3.0,6.0,95488,AUTOROUTE A15,M,"49,0282000","2,1283900",95,2019,90.0,1.0,3.0,1.0,2143666,1.0,1,1,1,5.0,,-1.0,0,2001.0,B01,138Â 305Â 326,1.0,0.0,-1.0,1636909,1.0,7,,4.0,0.0,1.0,A01,138Â 305Â 327,1.0
959129,201900000660,11,27,02:15,3,1,1,3.0,6.0,95488,AUTOROUTE A15,M,"49,0282000","2,1283900",95,2019,90.0,1.0,3.0,1.0,2143667,1.0,1,4,1,5.0,,-1.0,0,1965.0,A01,138Â 305Â 327,1.0,0.0,-1.0,1636908,1.0,7,,9.0,0.0,8.0,B01,138Â 305Â 326,1.0
959129,201900000660,11,27,02:15,3,1,1,3.0,6.0,95488,AUTOROUTE A15,M,"49,0282000","2,1283900",95,2019,90.0,1.0,3.0,1.0,2143667,1.0,1,4,1,5.0,,-1.0,0,1965.0,A01,138Â 305Â 327,1.0,0.0,-1.0,1636909,1.0,7,,4.0,0.0,1.0,A01,138Â 305Â 327,1.0
959130,201900000661,11,27,01:20,3,1,1,3.0,2.0,93010,AUTOROUTE A3,M,"48,9047900","2,4716900",93,2019,90.0,1.0,2.0,1.0,2143668,1.0,1,4,2,0.0,,-1.0, -1,1994.0,B01,138Â 305Â 324,1.0,8.0,-1.0,1636910,2.0,7,,0.0,2.0,4.0,B01,138Â 305Â 324,1.0
959130,201900000661,11,27,01:20,3,1,1,3.0,2.0,93010,AUTOROUTE A3,M,"48,9047900","2,4716900",93,2019,90.0,1.0,2.0,1.0,2143668,1.0,1,4,2,0.0,,-1.0, -1,1994.0,B01,138Â 305Â 324,1.0,8.0,-1.0,1636911,2.0,7,,1.0,0.0,1.0,A01,138Â 305Â 325,1.0
959130,201900000661,11,27,01:20,3,1,1,3.0,2.0,93010,AUTOROUTE A3,M,"48,9047900","2,4716900",93,2019,90.0,1.0,2.0,1.0,2143669,1.0,1,1,2,0.0,,-1.0, -1,1993.0,A01,138Â 305Â 325,1.0,0.0,-1.0,1636910,2.0,7,,0.0,2.0,4.0,B01,138Â 305Â 324,1.0
959130,201900000661,11,27,01:20,3,1,1,3.0,2.0,93010,AUTOROUTE A3,M,"48,9047900","2,4716900",93,2019,90.0,1.0,2.0,1.0,2143669,1.0,1,1,2,0.0,,-1.0, -1,1993.0,A01,138Â 305Â 325,1.0,0.0,-1.0,1636911,2.0,7,,1.0,0.0,1.0,A01,138Â 305Â 325,1.0
959131,201900000662,11,26,09:20,1,1,1,1.0,5.0,93006,AUTOROUTE A3,M,"48,8669000","2,4253200",93,2019,70.0,1.0,1.0,1.0,2143670,1.0,1,1,2,0.0,,-1.0, -1,1951.0,C01,138Â 305Â 321,1.0,0.0,-1.0,1636912,2.0,7,,0.0,2.0,6.0,C01,138Â 305Â 321,1.0
959131,201900000662,11,26,09:20,1,1,1,1.0,5.0,93006,AUTOROUTE A3,M,"48,8669000","2,4253200",93,2019,70.0,1.0,1.0,1.0,2143670,1.0,1,1,2,0.0,,-1.0, -1,1951.0,C01,138Â 305Â 321,1.0,0.0,-1.0,1636913,2.0,7,,0.0,2.0,7.0,B01,138Â 305Â 322,1.0
959131,201900000662,11,26,09:20,1,1,1,1.0,5.0,93006,AUTOROUTE A3,M,"48,8669000","2,4253200",93,2019,70.0,1.0,1.0,1.0,2143670,1.0,1,1,2,0.0,,-1.0, -1,1951.0,C01,138Â 305Â 321,1.0,0.0,-1.0,1636914,2.0,32,,0.0,2.0,3.0,A01,138Â 305Â 323,1.0
959131,201900000662,11,26,09:20,1,1,1,1.0,5.0,93006,AUTOROUTE A3,M,"48,8669000","2,4253200",93,2019,70.0,1.0,1.0,1.0,2143671,1.0,1,1,2,0.0,,-1.0, -1,1977.0,B01,138Â 305Â 322,1.0,0.0,-1.0,1636912,2.0,7,,0.0,2.0,6.0,C01,138Â 305Â 321,1.0
959131,201900000662,11,26,09:20,1,1,1,1.0,5.0,93006,AUTOROUTE A3,M,"48,8669000","2,4253200",93,2019,70.0,1.0,1.0,1.0,2143671,1.0,1,1,2,0.0,,-1.0, -1,1977.0,B01,138Â 305Â 322,1.0,0.0,-1.0,1636913,2.0,7,,0.0,2.0,7.0,B01,138Â 305Â 322,1.0
959131,201900000662,11,26,09:20,1,1,1,1.0,5.0,93006,AUTOROUTE A3,M,"48,8669000","2,4253200",93,2019,70.0,1.0,1.0,1.0,2143671,1.0,1,1,2,0.0,,-1.0, -1,1977.0,B01,138Â 305Â 322,1.0,0.0,-1.0,1636914,2.0,32,,0.0,2.0,3.0,A01,138Â 305Â 323,1.0
959131,201900000662,11,26,09:20,1,1,1,1.0,5.0,93006,AUTOROUTE A3,M,"48,8669000","2,4253200",93,2019,70.0,1.0,1.0,1.0,2143672,1.0,1,4,1,0.0,,-1.0, -1,1972.0,A01,138Â 305Â 323,2.0,6.0,-1.0,1636912,2.0,7,,0.0,2.0,6.0,C01,138Â 305Â 321,1.0
959131,201900000662,11,26,09:20,1,1,1,1.0,5.0,93006,AUTOROUTE A3,M,"48,8669000","2,4253200",93,2019,70.0,1.0,1.0,1.0,2143672,1.0,1,4,1,0.0,,-1.0, -1,1972.0,A01,138Â 305Â 323,2.0,6.0,-1.0,1636913,2.0,7,,0.0,2.0,7.0,B01,138Â 305Â 322,1.0
959131,201900000662,11,26,09:20,1,1,1,1.0,5.0,93006,AUTOROUTE A3,M,"48,8669000","2,4253200",93,2019,70.0,1.0,1.0,1.0,2143672,1.0,1,4,1,0.0,,-1.0, -1,1972.0,A01,138Â 305Â 323,2.0,6.0,-1.0,1636914,2.0,32,,0.0,2.0,3.0,A01,138Â 305Â 323,1.0
959132,201900000663,11,26,08:40,1,1,1,1.0,6.0,95061,RN 104,M,"49,0680700","2,2543700",95,2019,110.0,1.0,2.0,2.0,2143673,1.0,1,4,1,1.0,,-1.0,0,1995.0,A01,138Â 305Â 320,1.0,0.0,-1.0,1636915,2.0,7,,2.0,0.0,9.0,A01,138Â 305Â 320,1.0
959133,201900000664,11,26,13:50,1,2,2,8.0,3.0,75116,AVENUE FOCH,M,"48,8731676","2,2844497",75,2019,50.0,5.0,2.0,4.0,2143674,1.0,1,2,1,0.0,,0.0,0,1991.0,B01,138Â 305Â 318,2.0,8.0,-1.0,1636916,1.0,80,,0.0,2.0,8.0,B01,138Â 305Â 318,2.0
959133,201900000664,11,26,13:50,1,2,2,8.0,3.0,75116,AVENUE FOCH,M,"48,8731676","2,2844497",75,2019,50.0,5.0,2.0,4.0,2143674,1.0,1,2,1,0.0,,0.0,0,1991.0,B01,138Â 305Â 318,2.0,8.0,-1.0,1636917,1.0,14,,0.0,2.0,2.0,A01,138Â 305Â 319,1.0
959133,201900000664,11,26,13:50,1,2,2,8.0,3.0,75116,AVENUE FOCH,M,"48,8731676","2,2844497",75,2019,50.0,5.0,2.0,4.0,2143675,1.0,1,1,1,4.0,,0.0,0,1980.0,A01,138Â 305Â 319,1.0,0.0,-1.0,1636916,1.0,80,,0.0,2.0,8.0,B01,138Â 305Â 318,2.0
959133,201900000664,11,26,13:50,1,2,2,8.0,3.0,75116,AVENUE FOCH,M,"48,8731676","2,2844497",75,2019,50.0,5.0,2.0,4.0,2143675,1.0,1,1,1,4.0,,0.0,0,1980.0,A01,138Â 305Â 319,1.0,0.0,-1.0,1636917,1.0,14,,0.0,2.0,2.0,A01,138Â 305Â 319,1.0
959134,201900000665,11,28,21:25,5,2,4,1.0,3.0,75106,BOULEVARD SAINT MICHEL,M,"48,8483750","2,3414690",75,2019,50.0,1.0,1.0,4.0,2143676,1.0,1,1,1,4.0,,0.0,0,1989.0,A01,138Â 305Â 316,1.0,0.0,-1.0,1636918,1.0,37,1.0,0.0,2.0,2.0,A01,138Â 305Â 316,2.0
959134,201900000665,11,28,21:25,5,2,4,1.0,3.0,75106,BOULEVARD SAINT MICHEL,M,"48,8483750","2,3414690",75,2019,50.0,1.0,1.0,4.0,2143676,1.0,1,1,1,4.0,,0.0,0,1989.0,A01,138Â 305Â 316,1.0,0.0,-1.0,1636919,1.0,80,,0.0,2.0,8.0,B01,138Â 305Â 317,2.0
959134,201900000665,11,28,21:25,5,2,4,1.0,3.0,75106,BOULEVARD SAINT MICHEL,M,"48,8483750","2,3414690",75,2019,50.0,1.0,1.0,4.0,2143677,1.0,1,4,1,4.0,,0.0,0,1997.0,B01,138Â 305Â 317,8.0,2.0,-1.0,1636918,1.0,37,1.0,0.0,2.0,2.0,A01,138Â 305Â 316,2.0
959134,201900000665,11,28,21:25,5,2,4,1.0,3.0,75106,BOULEVARD SAINT MICHEL,M,"48,8483750","2,3414690",75,2019,50.0,1.0,1.0,4.0,2143677,1.0,1,4,1,4.0,,0.0,0,1997.0,B01,138Â 305Â 317,8.0,2.0,-1.0,1636919,1.0,80,,0.0,2.0,8.0,B01,138Â 305Â 317,2.0
959135,201900000666,11,27,21:00,5,2,4,1.0,6.0,75119,BOULEVARD D INDOCHINE,M,"48,8840994","2,3968389",75,2019,50.0,1.0,1.0,4.0,2143678,10.0,3,4,1,0.0,,2.0,3,1955.0,A01,138Â 305Â 315,0.0,-1.0,-1.0,1636920,2.0,7,,0.0,1.0,3.0,A01,138Â 305Â 315,1.0
959135,201900000666,11,27,21:00,5,2,4,1.0,6.0,75119,BOULEVARD D INDOCHINE,M,"48,8840994","2,3968389",75,2019,50.0,1.0,1.0,4.0,2143679,1.0,1,1,2,0.0,,0.0,0,1997.0,A01,138Â 305Â 315,1.0,0.0,-1.0,1636920,2.0,7,,0.0,1.0,3.0,A01,138Â 305Â 315,1.0
959136,201900000667,11,28,12:15,1,2,1,1.0,6.0,75119,RUE COMPANS,M,"48,8758010","2,3949710",75,2019,30.0,1.0,1.0,4.0,2143680,10.0,3,4,2,1.0,,2.0,3,1977.0,A01,138Â 305Â 314,0.0,-1.0,-1.0,1636921,1.0,30,,0.0,1.0,1.0,A01,138Â 305Â 314,3.0
959136,201900000667,11,28,12:15,1,2,1,1.0,6.0,75119,RUE COMPANS,M,"48,8758010","2,3949710",75,2019,30.0,1.0,1.0,4.0,2143681,1.0,1,4,1,1.0,,0.0,0,1999.0,A01,138Â 305Â 314,2.0,6.0,-1.0,1636921,1.0,30,,0.0,1.0,1.0,A01,138Â 305Â 314,3.0
959137,201900000668,11,27,12:30,1,2,2,1.0,6.0,75116,RUE JEAN DE LA FONTAINE,M,"48,8496840","2,2685590",75,2019,50.0,1.0,2.0,4.0,2143682,10.0,3,4,2,0.0,,4.0,3,1933.0,A01,138Â 305Â 313,0.0,-1.0,-1.0,1636922,1.0,7,,0.0,1.0,4.0,A01,138Â 305Â 313,1.0
959137,201900000668,11,27,12:30,1,2,2,1.0,6.0,75116,RUE JEAN DE LA FONTAINE,M,"48,8496840","2,2685590",75,2019,50.0,1.0,2.0,4.0,2143683,1.0,1,1,2,0.0,,0.0,0,1993.0,A01,138Â 305Â 313,1.0,0.0,-1.0,1636922,1.0,7,,0.0,1.0,4.0,A01,138Â 305Â 313,1.0
959138,201900000669,11,27,06:20,5,2,2,1.0,3.0,75116,ALLEE DE LONGCHAMP,M,"48,8637090","2,2401166",75,2019,50.0,1.0,2.0,4.0,2143684,1.0,1,1,1,1.0,,0.0,0,1973.0,A01,138Â 305Â 311,1.0,0.0,-1.0,1636923,2.0,10,,0.0,2.0,3.0,A01,138Â 305Â 311,1.0
959138,201900000669,11,27,06:20,5,2,2,1.0,3.0,75116,ALLEE DE LONGCHAMP,M,"48,8637090","2,2401166",75,2019,50.0,1.0,2.0,4.0,2143684,1.0,1,1,1,1.0,,0.0,0,1973.0,A01,138Â 305Â 311,1.0,0.0,-1.0,1636924,1.0,1,,0.0,2.0,8.0,B01,138Â 305Â 312,5.0
959138,201900000669,11,27,06:20,5,2,2,1.0,3.0,75116,ALLEE DE LONGCHAMP,M,"48,8637090","2,2401166",75,2019,50.0,1.0,2.0,4.0,2143685,1.0,1,4,1,1.0,,0.0,0,1996.0,B01,138Â 305Â 312,8.0,2.0,-1.0,1636923,2.0,10,,0.0,2.0,3.0,A01,138Â 305Â 311,1.0
959138,201900000669,11,27,06:20,5,2,2,1.0,3.0,75116,ALLEE DE LONGCHAMP,M,"48,8637090","2,2401166",75,2019,50.0,1.0,2.0,4.0,2143685,1.0,1,4,1,1.0,,0.0,0,1996.0,B01,138Â 305Â 312,8.0,2.0,-1.0,1636924,1.0,1,,0.0,2.0,8.0,B01,138Â 305Â 312,5.0
959139,201900000670,11,28,18:30,5,2,3,1.0,3.0,75115,RUE DE L ARRIVEE,M,"48,8441850","2,3228920",75,2019,50.0,1.0,1.0,4.0,2143686,1.0,1,1,1,4.0,,0.0,0,1956.0,A01,138Â 305Â 309,1.0,0.0,-1.0,1636925,1.0,7,,0.0,2.0,6.0,A01,138Â 305Â 309,1.0
959139,201900000670,11,28,18:30,5,2,3,1.0,3.0,75115,RUE DE L ARRIVEE,M,"48,8441850","2,3228920",75,2019,50.0,1.0,1.0,4.0,2143686,1.0,1,1,1,4.0,,0.0,0,1956.0,A01,138Â 305Â 309,1.0,0.0,-1.0,1636926,1.0,1,,0.0,2.0,1.0,B01,138Â 305Â 310,5.0
959139,201900000670,11,28,18:30,5,2,3,1.0,3.0,75115,RUE DE L ARRIVEE,M,"48,8441850","2,3228920",75,2019,50.0,1.0,1.0,4.0,2143687,4.0,2,1,1,0.0,,0.0,0,1972.0,A01,138Â 305Â 309,1.0,0.0,-1.0,1636925,1.0,7,,0.0,2.0,6.0,A01,138Â 305Â 309,1.0
959139,201900000670,11,28,18:30,5,2,3,1.0,3.0,75115,RUE DE L ARRIVEE,M,"48,8441850","2,3228920",75,2019,50.0,1.0,1.0,4.0,2143687,4.0,2,1,1,0.0,,0.0,0,1972.0,A01,138Â 305Â 309,1.0,0.0,-1.0,1636926,1.0,1,,0.0,2.0,1.0,B01,138Â 305Â 310,5.0
959139,201900000670,11,28,18:30,5,2,3,1.0,3.0,75115,RUE DE L ARRIVEE,M,"48,8441850","2,3228920",75,2019,50.0,1.0,1.0,4.0,2143688,1.0,1,4,2,0.0,,0.0,0,1987.0,B01,138Â 305Â 310,2.0,8.0,-1.0,1636925,1.0,7,,0.0,2.0,6.0,A01,138Â 305Â 309,1.0
959139,201900000670,11,28,18:30,5,2,3,1.0,3.0,75115,RUE DE L ARRIVEE,M,"48,8441850","2,3228920",75,2019,50.0,1.0,1.0,4.0,2143688,1.0,1,4,2,0.0,,0.0,0,1987.0,B01,138Â 305Â 310,2.0,8.0,-1.0,1636926,1.0,1,,0.0,2.0,1.0,B01,138Â 305Â 310,5.0
959140,201900000671,11,28,16:15,1,2,1,1.0,6.0,75111,AVENUE DE LA REPUBLIQUE,M,"48,8633720","2,3845210",75,2019,30.0,1.0,1.0,4.0,2143689,10.0,3,4,2,2.0,,4.0,3,2006.0,A01,138Â 305Â 308,0.0,-1.0,-1.0,1636927,2.0,7,,0.0,1.0,1.0,A01,138Â 305Â 308,1.0
959140,201900000671,11,28,16:15,1,2,1,1.0,6.0,75111,AVENUE DE LA REPUBLIQUE,M,"48,8633720","2,3845210",75,2019,30.0,1.0,1.0,4.0,2143690,1.0,1,1,1,5.0,,0.0,0,1987.0,A01,138Â 305Â 308,1.0,0.0,-1.0,1636927,2.0,7,,0.0,1.0,1.0,A01,138Â 305Â 308,1.0
959141,201900000672,11,28,17:25,5,2,5,1.0,6.0,75108,BOULEVARD MALESHERBES,M,"48,8747200","2,3199500",75,2019,50.0,1.0,1.0,4.0,2143691,1.0,1,1,1,5.0,,0.0,0,1994.0,A01,138Â 305Â 307,1.0,0.0,-1.0,1636928,2.0,7,,0.0,1.0,2.0,A01,138Â 305Â 307,1.0
959141,201900000672,11,28,17:25,5,2,5,1.0,6.0,75108,BOULEVARD MALESHERBES,M,"48,8747200","2,3199500",75,2019,50.0,1.0,1.0,4.0,2143692,10.0,3,4,2,1.0,,4.0,3,1974.0,A01,138Â 305Â 307,0.0,-1.0,-1.0,1636928,2.0,7,,0.0,1.0,2.0,A01,138Â 305Â 307,1.0
959142,201900000673,11,28,19:30,5,2,7,1.0,3.0,75102,PLACE DE L OPERA,M,"48,8706940","2,3325240",75,2019,50.0,1.0,1.0,4.0,2143693,1.0,1,4,1,4.0,,0.0,0,1980.0,B01,138Â 305Â 305,2.0,6.0,-1.0,1636929,1.0,32,,0.0,2.0,2.0,B01,138Â 305Â 305,1.0
959142,201900000673,11,28,19:30,5,2,7,1.0,3.0,75102,PLACE DE L OPERA,M,"48,8706940","2,3325240",75,2019,50.0,1.0,1.0,4.0,2143693,1.0,1,4,1,4.0,,0.0,0,1980.0,B01,138Â 305Â 305,2.0,6.0,-1.0,1636930,1.0,7,,0.0,2.0,4.0,A01,138Â 305Â 306,1.0
959142,201900000673,11,28,19:30,5,2,7,1.0,3.0,75102,PLACE DE L OPERA,M,"48,8706940","2,3325240",75,2019,50.0,1.0,1.0,4.0,2143694,1.0,1,1,2,4.0,,0.0,0,1968.0,A01,138Â 305Â 306,1.0,0.0,-1.0,1636929,1.0,32,,0.0,2.0,2.0,B01,138Â 305Â 305,1.0
959142,201900000673,11,28,19:30,5,2,7,1.0,3.0,75102,PLACE DE L OPERA,M,"48,8706940","2,3325240",75,2019,50.0,1.0,1.0,4.0,2143694,1.0,1,1,2,4.0,,0.0,0,1968.0,A01,138Â 305Â 306,1.0,0.0,-1.0,1636930,1.0,7,,0.0,2.0,4.0,A01,138Â 305Â 306,1.0
959143,201900000674,11,27,20:00,4,2,3,8.0,7.0,75102,BOULEVARD MONTMARTRE,M,"48,8716980","2,3415950",75,2019,50.0,5.0,2.0,4.0,2143695,1.0,1,4,2,4.0,,0.0,0,1997.0,A01,138Â 305Â 304,2.0,8.0,-1.0,1636931,2.0,50,,0.0,0.0,0.0,A01,138Â 305Â 304,3.0
959144,201900000675,11,28,20:10,5,2,2,1.0,6.0,75103,RUE SAINT MARTIN,M,"48,8679190","2,3550240",75,2019,30.0,1.0,1.0,4.0,2143696,1.0,1,4,1,5.0,,0.0,0,1981.0,A01,138Â 305Â 302,2.0,6.0,-1.0,1636932,2.0,31,,0.0,2.0,0.0,A01,138Â 305Â 302,1.0