Unnamed: 0_x,num_acc,mois,jour,hrmn,lum,agg,int,atm,col,com,adr,gps,lat,long,dep,annee,vma,situ,surf,catr,Unnamed: 0_y,place,catu,grav,sexe,trajet,secu,locp,actp,an_nais,num_veh_x,id_vehicule_x,secu1,secu2,secu3,Unnamed: 0,senc,catv,occutc,obs,obsm,choc,num_veh_y,id_vehicule_y,motor
959144,201900000675,11,28,20:10,5,2,2,1.0,6.0,75103,RUE SAINT MARTIN,M,"48,8679190","2,3550240",75,2019,30.0,1.0,1.0,4.0,2143696,1.0,1,4,1,5.0,,0.0,0,1981.0,A01,138Â 305Â 302,2.0,6.0,-1.0,1636933,2.0,80,,0.0,2.0,8.0,Z01,138Â 305Â 303,2.0
959145,201900000676,11,28,17:20,5,2,1,1.0,6.0,75117,RUE JACQUES IBERT,M,"48,8891050","2,2909020",75,2019,30.0,1.0,1.0,7.0,2143697,1.0,1,4,2,2.0,,0.0,0,1988.0,A01,138Â 305Â 300,1.0,0.0,-1.0,1636934,1.0,7,,1.0,2.0,3.0,A01,138Â 305Â 300,1.0
959145,201900000676,11,28,17:20,5,2,1,1.0,6.0,75117,RUE JACQUES IBERT,M,"48,8891050","2,2909020",75,2019,30.0,1.0,1.0,7.0,2143697,1.0,1,4,2,2.0,,0.0,0,1988.0,A01,138Â 305Â 300,1.0,0.0,-1.0,1636935,1.0,7,,0.0,2.0,0.0,Z01,138Â 305Â 301,0.0
959146,201900000677,11,27,09:13,1,2,3,8.0,3.0,94068,CORNEILLES (BD DES),M,"48,7845800","2,4921300",94,2019,50.0,1.0,2.0,3.0,2143698,1.0,1,4,1,0.0,,-1.0, -1,1968.0,B01,138Â 305Â 298,8.0,0.0,-1.0,1636936,1.0,7,,0.0,2.0,2.0,B01,138Â 305Â 298,1.0
959146,201900000677,11,27,09:13,1,2,3,8.0,3.0,94068,CORNEILLES (BD DES),M,"48,7845800","2,4921300",94,2019,50.0,1.0,2.0,3.0,2143698,1.0,1,4,1,0.0,,-1.0, -1,1968.0,B01,138Â 305Â 298,8.0,0.0,-1.0,1636937,1.0,10,,0.0,2.0,1.0,A01,138Â 305Â 299,1.0
959146,201900000677,11,27,09:13,1,2,3,8.0,3.0,94068,CORNEILLES (BD DES),M,"48,7845800","2,4921300",94,2019,50.0,1.0,2.0,3.0,2143699,1.0,1,1,1,4.0,,-1.0, -1,1998.0,A01,138Â 305Â 299,8.0,0.0,-1.0,1636936,1.0,7,,0.0,2.0,2.0,B01,138Â 305Â 298,1.0
959146,201900000677,11,27,09:13,1,2,3,8.0,3.0,94068,CORNEILLES (BD DES),M,"48,7845800","2,4921300",94,2019,50.0,1.0,2.0,3.0,2143699,1.0,1,1,1,4.0,,-1.0, -1,1998.0,A01,138Â 305Â 299,8.0,0.0,-1.0,1636937,1.0,10,,0.0,2.0,1.0,A01,138Â 305Â 299,1.0
959147,201900000678,11,28,11:05,1,2,2,1.0,7.0,94003,GABRIEL PERI (AV),M,"48,7993000","2,3436000",94,2019,50.0,1.0,2.0,3.0,2143700,1.0,1,4,1,0.0,,-1.0, -1,1971.0,A01,138Â 305Â 297,8.0,0.0,-1.0,1636938,2.0,1,,0.0,0.0,1.0,A01,138Â 305Â 297,5.0
959148,201900000679,11,27,13:30,1,2,1,2.0,3.0,94055,PROVINS (RTE DE),M,"48,7932600","2,5556400",94,2019,30.0,1.0,2.0,3.0,2143701,1.0,1,4,1,3.0,,0.0,0,2002.0,B01,138Â 305Â 295,2.0,8.0,-1.0,1636939,0.0,30,,0.0,2.0,8.0,B01,138Â 305Â 295,1.0
959148,201900000679,11,27,13:30,1,2,1,2.0,3.0,94055,PROVINS (RTE DE),M,"48,7932600","2,5556400",94,2019,30.0,1.0,2.0,3.0,2143701,1.0,1,4,1,3.0,,0.0,0,2002.0,B01,138Â 305Â 295,2.0,8.0,-1.0,1636940,0.0,7,,0.0,2.0,7.0,Z01,138Â 305Â 296,0.0
959149,201900000680,11,28,09:10,1,2,1,1.0,6.0,94017,DIDEROT (R),M,"48,8147100","2,4817700",94,2019,30.0,1.0,1.0,4.0,2143702,10.0,3,4,2,1.0,,2.0,1,1980.0,A01,138Â 305Â 292,8.0,0.0,-1.0,1636941,2.0,37,1.0,0.0,1.0,7.0,A01,138Â 305Â 292,1.0
959149,201900000680,11,28,09:10,1,2,1,1.0,6.0,94017,DIDEROT (R),M,"48,8147100","2,4817700",94,2019,30.0,1.0,1.0,4.0,2143703,1.0,1,1,2,9.0,,-1.0, -1,1990.0,A01,138Â 305Â 292,1.0,0.0,-1.0,1636941,2.0,37,1.0,0.0,1.0,7.0,A01,138Â 305Â 292,1.0
959150,201900000681,11,27,12:00,1,2,1,2.0,2.0,93070,SEINE (QUAI DE),M,"48,9154900","2,3219300",93,2019,50.0,1.0,2.0,4.0,2143704,1.0,1,1,1,4.0,,-1.0, -1,1979.0,B01,138Â 305Â 290,1.0,4.0,-1.0,1636942,0.0,7,,0.0,2.0,4.0,B01,138Â 305Â 290,1.0
959150,201900000681,11,27,12:00,1,2,1,2.0,2.0,93070,SEINE (QUAI DE),M,"48,9154900","2,3219300",93,2019,50.0,1.0,2.0,4.0,2143704,1.0,1,1,1,4.0,,-1.0, -1,1979.0,B01,138Â 305Â 290,1.0,4.0,-1.0,1636943,0.0,10,,0.0,2.0,1.0,A01,138Â 305Â 291,0.0
959150,201900000681,11,27,12:00,1,2,1,2.0,2.0,93070,SEINE (QUAI DE),M,"48,9154900","2,3219300",93,2019,50.0,1.0,2.0,4.0,2143705,1.0,1,4,1,4.0,,-1.0, -1,1961.0,A01,138Â 305Â 291,1.0,4.0,-1.0,1636942,0.0,7,,0.0,2.0,4.0,B01,138Â 305Â 290,1.0
959150,201900000681,11,27,12:00,1,2,1,2.0,2.0,93070,SEINE (QUAI DE),M,"48,9154900","2,3219300",93,2019,50.0,1.0,2.0,4.0,2143705,1.0,1,4,1,4.0,,-1.0, -1,1961.0,A01,138Â 305Â 291,1.0,4.0,-1.0,1636943,0.0,10,,0.0,2.0,1.0,A01,138Â 305Â 291,0.0
959151,201900000682,11,27,22:00,5,2,1,1.0,2.0,93066,ORNANO (BOULEVARD),M,"48,9183500","2,3444300",93,2019,50.0,1.0,1.0,3.0,2143706,1.0,1,4,1,5.0,,-1.0, -1,1965.0,A01,138Â 305Â 288,1.0,0.0,-1.0,1636944,2.0,7,,0.0,2.0,6.0,A01,138Â 305Â 288,1.0
959151,201900000682,11,27,22:00,5,2,1,1.0,2.0,93066,ORNANO (BOULEVARD),M,"48,9183500","2,3444300",93,2019,50.0,1.0,1.0,3.0,2143706,1.0,1,4,1,5.0,,-1.0, -1,1965.0,A01,138Â 305Â 288,1.0,0.0,-1.0,1636945,2.0,7,,0.0,2.0,2.0,B01,138Â 305Â 289,1.0
959151,201900000682,11,27,22:00,5,2,1,1.0,2.0,93066,ORNANO (BOULEVARD),M,"48,9183500","2,3444300",93,2019,50.0,1.0,1.0,3.0,2143707,2.0,2,1,1,5.0,,-1.0, -1,2001.0,A01,138Â 305Â 288,1.0,0.0,-1.0,1636944,2.0,7,,0.0,2.0,6.0,A01,138Â 305Â 288,1.0
959151,201900000682,11,27,22:00,5,2,1,1.0,2.0,93066,ORNANO (BOULEVARD),M,"48,9183500","2,3444300",93,2019,50.0,1.0,1.0,3.0,2143707,2.0,2,1,1,5.0,,-1.0, -1,2001.0,A01,138Â 305Â 288,1.0,0.0,-1.0,1636945,2.0,7,,0.0,2.0,2.0,B01,138Â 305Â 289,1.0
959151,201900000682,11,27,22:00,5,2,1,1.0,2.0,93066,ORNANO (BOULEVARD),M,"48,9183500","2,3444300",93,2019,50.0,1.0,1.0,3.0,2143708,1.0,1,1,1,5.0,,-1.0, -1,1983.0,B01,138Â 305Â 289,1.0,0.0,-1.0,1636944,2.0,7,,0.0,2.0,6.0,A01,138Â 305Â 288,1.0
959151,201900000682,11,27,22:00,5,2,1,1.0,2.0,93066,ORNANO (BOULEVARD),M,"48,9183500","2,3444300",93,2019,50.0,1.0,1.0,3.0,2143708,1.0,1,1,1,5.0,,-1.0, -1,1983.0,B01,138Â 305Â 289,1.0,0.0,-1.0,1636945,2.0,7,,0.0,2.0,2.0,B01,138Â 305Â 289,1.0
959152,201900000683,11,28,08:25,1,2,1,1.0,1.0,93046,GRAFFAN RUE,M,"48,9242200","2,5426000",93,2019,50.0,1.0,1.0,4.0,2143709,1.0,1,4,2,1.0,,-1.0, -1,1989.0,B01,138Â 305Â 285,1.0,0.0,-1.0,1636946,2.0,7,,0.0,2.0,1.0,B01,138Â 305Â 285,1.0
959152,201900000683,11,28,08:25,1,2,1,1.0,1.0,93046,GRAFFAN RUE,M,"48,9242200","2,5426000",93,2019,50.0,1.0,1.0,4.0,2143709,1.0,1,4,2,1.0,,-1.0, -1,1989.0,B01,138Â 305Â 285,1.0,0.0,-1.0,1636947,1.0,7,,0.0,2.0,2.0,A01,138Â 305Â 286,1.0
959152,201900000683,11,28,08:25,1,2,1,1.0,1.0,93046,GRAFFAN RUE,M,"48,9242200","2,5426000",93,2019,50.0,1.0,1.0,4.0,2143710,1.0,1,1,1,1.0,,-1.0, -1,1961.0,A01,138Â 305Â 286,1.0,0.0,-1.0,1636946,2.0,7,,0.0,2.0,1.0,B01,138Â 305Â 285,1.0
959152,201900000683,11,28,08:25,1,2,1,1.0,1.0,93046,GRAFFAN RUE,M,"48,9242200","2,5426000",93,2019,50.0,1.0,1.0,4.0,2143710,1.0,1,1,1,1.0,,-1.0, -1,1961.0,A01,138Â 305Â 286,1.0,0.0,-1.0,1636947,1.0,7,,0.0,2.0,2.0,A01,138Â 305Â 286,1.0
959153,201900000684,11,28,08:30,1,2,2,2.0,3.0,93045,JUIN AVENUE DU MARECHAL,M,"48,8783400","2,4225100",93,2019,50.0,1.0,1.0,3.0,2143711,1.0,1,1,1,4.0,,-1.0, -1,1959.0,Y01,138Â 305Â 283,2.0,0.0,-1.0,1636948,3.0,1,,0.0,2.0,7.0,Y01,138Â 305Â 283,0.0
959153,201900000684,11,28,08:30,1,2,2,2.0,3.0,93045,JUIN AVENUE DU MARECHAL,M,"48,8783400","2,4225100",93,2019,50.0,1.0,1.0,3.0,2143711,1.0,1,1,1,4.0,,-1.0, -1,1959.0,Y01,138Â 305Â 283,2.0,0.0,-1.0,1636949,1.0,7,,0.0,2.0,2.0,A01,138Â 305Â 284,1.0
959153,201900000684,11,28,08:30,1,2,2,2.0,3.0,93045,JUIN AVENUE DU MARECHAL,M,"48,8783400","2,4225100",93,2019,50.0,1.0,1.0,3.0,2143712,1.0,1,4,1,1.0,,-1.0,0,1992.0,A01,138Â 305Â 284,8.0,0.0,-1.0,1636948,3.0,1,,0.0,2.0,7.0,Y01,138Â 305Â 283,0.0
959153,201900000684,11,28,08:30,1,2,2,2.0,3.0,93045,JUIN AVENUE DU MARECHAL,M,"48,8783400","2,4225100",93,2019,50.0,1.0,1.0,3.0,2143712,1.0,1,4,1,1.0,,-1.0,0,1992.0,A01,138Â 305Â 284,8.0,0.0,-1.0,1636949,1.0,7,,0.0,2.0,2.0,A01,138Â 305Â 284,1.0
959154,201900000685,11,28,08:50,1,2,3,8.0,6.0,93027,CREVECOEUR (RUE DE),M,"48,9193700","2,3840900",93,2019,50.0,1.0,1.0,4.0,2143713,1.0,1,1,1,0.0,,0.0,0,1975.0,A01,138Â 305Â 281,0.0,-1.0,-1.0,1636950,1.0,3,,0.0,1.0,3.0,A01,138Â 305Â 281,6.0
959154,201900000685,11,28,08:50,1,2,3,8.0,6.0,93027,CREVECOEUR (RUE DE),M,"48,9193700","2,3840900",93,2019,50.0,1.0,1.0,4.0,2143714,10.0,3,4,2,9.0,,9.0,B,1994.0,A01,138Â 305Â 281,0.0,-1.0,-1.0,1636950,1.0,3,,0.0,1.0,3.0,A01,138Â 305Â 281,6.0
959155,201900000686,11,28,02:35,5,1,9,1.0,6.0,93005,GEORGES BRAQUE (BOULEVARD),M,"48,9594730","2,4761840",93,2019,50.0,1.0,1.0,3.0,2143715,1.0,1,4,1,0.0,,-1.0, -1,1956.0,A01,138Â 305Â 280,1.0,0.0,-1.0,1636951,3.0,7,,4.0,0.0,3.0,A01,138Â 305Â 280,1.0
959156,201900000687,11,28,07:19,5,2,2,1.0,6.0,92062,CHANTE COQ (RUE),M,"48,8827900","2,2391400",92,2019,30.0,1.0,2.0,4.0,2143716,1.0,1,1,1,4.0,,-1.0,0,1987.0,A01,138Â 305Â 279,1.0,8.0,-1.0,1636952,3.0,10,,0.0,1.0,1.0,A01,138Â 305Â 279,1.0
959156,201900000687,11,28,07:19,5,2,2,1.0,6.0,92062,CHANTE COQ (RUE),M,"48,8827900","2,2391400",92,2019,30.0,1.0,2.0,4.0,2143717,10.0,3,3,2,9.0,,4.0,3,1938.0,A01,138Â 305Â 279,8.0,0.0,-1.0,1636952,3.0,10,,0.0,1.0,1.0,A01,138Â 305Â 279,1.0
959157,201900000688,11,28,09:00,1,2,1,1.0,3.0,92025,HENRI BARBUSSE (AV),M,"48,9163400","2,2527420",92,2019,50.0,1.0,1.0,3.0,2143718,1.0,1,1,1,0.0,,-1.0, -1,1992.0,B01,138Â 305Â 277,1.0,0.0,-1.0,1636953,3.0,7,,0.0,2.0,3.0,B01,138Â 305Â 277,1.0
959157,201900000688,11,28,09:00,1,2,1,1.0,3.0,92025,HENRI BARBUSSE (AV),M,"48,9163400","2,2527420",92,2019,50.0,1.0,1.0,3.0,2143718,1.0,1,1,1,0.0,,-1.0, -1,1992.0,B01,138Â 305Â 277,1.0,0.0,-1.0,1636954,3.0,33,,0.0,2.0,1.0,A01,138Â 305Â 278,1.0
959157,201900000688,11,28,09:00,1,2,1,1.0,3.0,92025,HENRI BARBUSSE (AV),M,"48,9163400","2,2527420",92,2019,50.0,1.0,1.0,3.0,2143719,1.0,1,4,1,0.0,,-1.0, -1,1983.0,A01,138Â 305Â 278,2.0,6.0,-1.0,1636953,3.0,7,,0.0,2.0,3.0,B01,138Â 305Â 277,1.0
959157,201900000688,11,28,09:00,1,2,1,1.0,3.0,92025,HENRI BARBUSSE (AV),M,"48,9163400","2,2527420",92,2019,50.0,1.0,1.0,3.0,2143719,1.0,1,4,1,0.0,,-1.0, -1,1983.0,A01,138Â 305Â 278,2.0,6.0,-1.0,1636954,3.0,33,,0.0,2.0,1.0,A01,138Â 305Â 278,1.0
959157,201900000688,11,28,09:00,1,2,1,1.0,3.0,92025,HENRI BARBUSSE (AV),M,"48,9163400","2,2527420",92,2019,50.0,1.0,1.0,3.0,2143720,2.0,2,4,2,0.0,,-1.0, -1,1984.0,A01,138Â 305Â 278,2.0,6.0,-1.0,1636953,3.0,7,,0.0,2.0,3.0,B01,138Â 305Â 277,1.0
959157,201900000688,11,28,09:00,1,2,1,1.0,3.0,92025,HENRI BARBUSSE (AV),M,"48,9163400","2,2527420",92,2019,50.0,1.0,1.0,3.0,2143720,2.0,2,4,2,0.0,,-1.0, -1,1984.0,A01,138Â 305Â 278,2.0,6.0,-1.0,1636954,3.0,33,,0.0,2.0,1.0,A01,138Â 305Â 278,1.0
959158,201900000689,11,28,13:25,1,2,1,8.0,7.0,92012,POINT DU JOUR (QUAI DU),M,"48,8277900","2,2530900",92,2019,50.0,1.0,1.0,3.0,2143721,1.0,1,4,1,1.0,,-1.0,0,1968.0,A01,138Â 305Â 276,2.0,6.0,-1.0,1636955,3.0,30,,15.0,0.0,1.0,A01,138Â 305Â 276,1.0
959159,201900000690,11,28,11:25,1,2,2,1.0,3.0,92012,GENERAL LECLERC (AVENUE DU) 35/FIN - 60/,M,"48,8309329","2,2346122",92,2019,50.0,1.0,1.0,3.0,2143722,2.0,1,4,2,0.0,,-1.0,0,1947.0,B01,138Â 305Â 274,8.0,0.0,-1.0,1636956,1.0,1,,0.0,2.0,7.0,B01,138Â 305Â 274,5.0
959159,201900000690,11,28,11:25,1,2,2,1.0,3.0,92012,GENERAL LECLERC (AVENUE DU) 35/FIN - 60/,M,"48,8309329","2,2346122",92,2019,50.0,1.0,1.0,3.0,2143722,2.0,1,4,2,0.0,,-1.0,0,1947.0,B01,138Â 305Â 274,8.0,0.0,-1.0,1636957,1.0,7,,0.0,2.0,3.0,A01,138Â 305Â 275,0.0
959159,201900000690,11,28,11:25,1,2,2,1.0,3.0,92012,GENERAL LECLERC (AVENUE DU) 35/FIN - 60/,M,"48,8309329","2,2346122",92,2019,50.0,1.0,1.0,3.0,2143723,1.0,1,1,2,0.0,,-1.0,0,1992.0,A01,138Â 305Â 275,1.0,0.0,-1.0,1636956,1.0,1,,0.0,2.0,7.0,B01,138Â 305Â 274,5.0
959159,201900000690,11,28,11:25,1,2,2,1.0,3.0,92012,GENERAL LECLERC (AVENUE DU) 35/FIN - 60/,M,"48,8309329","2,2346122",92,2019,50.0,1.0,1.0,3.0,2143723,1.0,1,1,2,0.0,,-1.0,0,1992.0,A01,138Â 305Â 275,1.0,0.0,-1.0,1636957,1.0,7,,0.0,2.0,3.0,A01,138Â 305Â 275,0.0
959160,201900000691,11,27,16:35,1,2,2,2.0,3.0,92014,GALOIS (AVENUE),M,"48,7768112","2,3165238",92,2019,50.0,1.0,2.0,3.0,2143724,1.0,1,4,1,3.0,,-1.0,0,1991.0,A01,138Â 305Â 272,2.0,8.0,-1.0,1636958,2.0,32,,0.0,2.0,1.0,A01,138Â 305Â 272,1.0
959160,201900000691,11,27,16:35,1,2,2,2.0,3.0,92014,GALOIS (AVENUE),M,"48,7768112","2,3165238",92,2019,50.0,1.0,2.0,3.0,2143724,1.0,1,4,1,3.0,,-1.0,0,1991.0,A01,138Â 305Â 272,2.0,8.0,-1.0,1636959,2.0,7,,0.0,2.0,3.0,B01,138Â 305Â 273,1.0
959160,201900000691,11,27,16:35,1,2,2,2.0,3.0,92014,GALOIS (AVENUE),M,"48,7768112","2,3165238",92,2019,50.0,1.0,2.0,3.0,2143725,1.0,1,1,1,0.0,,-1.0,0,1999.0,B01,138Â 305Â 273,1.0,0.0,-1.0,1636958,2.0,32,,0.0,2.0,1.0,A01,138Â 305Â 272,1.0
959160,201900000691,11,27,16:35,1,2,2,2.0,3.0,92014,GALOIS (AVENUE),M,"48,7768112","2,3165238",92,2019,50.0,1.0,2.0,3.0,2143725,1.0,1,1,1,0.0,,-1.0,0,1999.0,B01,138Â 305Â 273,1.0,0.0,-1.0,1636959,2.0,7,,0.0,2.0,3.0,B01,138Â 305Â 273,1.0
959161,201900000692,11,28,16:45,4,1,1,3.0,2.0,25611,N57 - PR 18+1180 La VÃ¨ze,M,"47,2127950","6,0603060",25,2019,90.0,1.0,2.0,2.0,2143726,1.0,1,1,1,4.0,,0.0,0,1979.0,B01,138Â 305Â 270,1.0,-1.0,-1.0,1636960,1.0,17,,0.0,0.0,4.0,B01,138Â 305Â 270,1.0
959161,201900000692,11,28,16:45,4,1,1,3.0,2.0,25611,N57 - PR 18+1180 La VÃ¨ze,M,"47,2127950","6,0603060",25,2019,90.0,1.0,2.0,2.0,2143726,1.0,1,1,1,4.0,,0.0,0,1979.0,B01,138Â 305Â 270,1.0,-1.0,-1.0,1636961,1.0,7,,0.0,2.0,1.0,A01,138Â 305Â 271,1.0
959161,201900000692,11,28,16:45,4,1,1,3.0,2.0,25611,N57 - PR 18+1180 La VÃ¨ze,M,"47,2127950","6,0603060",25,2019,90.0,1.0,2.0,2.0,2143727,1.0,1,3,1,0.0,,0.0,0,1992.0,A01,138Â 305Â 271,0.0,-1.0,-1.0,1636960,1.0,17,,0.0,0.0,4.0,B01,138Â 305Â 270,1.0
959161,201900000692,11,28,16:45,4,1,1,3.0,2.0,25611,N57 - PR 18+1180 La VÃ¨ze,M,"47,2127950","6,0603060",25,2019,90.0,1.0,2.0,2.0,2143727,1.0,1,3,1,0.0,,0.0,0,1992.0,A01,138Â 305Â 271,0.0,-1.0,-1.0,1636961,1.0,7,,0.0,2.0,1.0,A01,138Â 305Â 271,1.0
959162,201900000693,11,29,09:00,1,1,1,1.0,6.0,31439,D54,M,"43,5372510","1,6061970",31,2019,80.0,3.0,2.0,3.0,2143728,1.0,1,2,2,1.0,,0.0,0,1970.0,A01,138Â 305Â 267,5.0,-1.0,-1.0,1636962,2.0,7,,2.0,0.0,3.0,A01,138Â 305Â 267,1.0
959163,201900000694,11,28,22:35,3,2,1,2.0,1.0,23001,Route de Limoges,M,"46,0808530","2,0440790",23,2019,50.0,1.0,2.0,4.0,2143729,2.0,2,3,2,5.0,,0.0,0,1955.0,B01,138Â 305Â 265,1.0,-1.0,-1.0,1636963,2.0,7,,0.0,2.0,1.0,B01,138Â 305Â 265,1.0
959163,201900000694,11,28,22:35,3,2,1,2.0,1.0,23001,Route de Limoges,M,"46,0808530","2,0440790",23,2019,50.0,1.0,2.0,4.0,2143729,2.0,2,3,2,5.0,,0.0,0,1955.0,B01,138Â 305Â 265,1.0,-1.0,-1.0,1636964,1.0,7,,0.0,2.0,1.0,A01,138Â 305Â 266,1.0
959163,201900000694,11,28,22:35,3,2,1,2.0,1.0,23001,Route de Limoges,M,"46,0808530","2,0440790",23,2019,50.0,1.0,2.0,4.0,2143730,1.0,1,1,1,5.0,,0.0,0,1958.0,B01,138Â 305Â 265,1.0,-1.0,-1.0,1636963,2.0,7,,0.0,2.0,1.0,B01,138Â 305Â 265,1.0
959163,201900000694,11,28,22:35,3,2,1,2.0,1.0,23001,Route de Limoges,M,"46,0808530","2,0440790",23,2019,50.0,1.0,2.0,4.0,2143730,1.0,1,1,1,5.0,,0.0,0,1958.0,B01,138Â 305Â 265,1.0,-1.0,-1.0,1636964,1.0,7,,0.0,2.0,1.0,A01,138Â 305Â 266,1.0
959163,201900000694,11,28,22:35,3,2,1,2.0,1.0,23001,Route de Limoges,M,"46,0808530","2,0440790",23,2019,50.0,1.0,2.0,4.0,2143731,1.0,1,1,1,5.0,,0.0,0,1992.0,A01,138Â 305Â 266,8.0,-1.0,-1.0,1636963,2.0,7,,0.0,2.0,1.0,B01,138Â 305Â 265,1.0
959163,201900000694,11,28,22:35,3,2,1,2.0,1.0,23001,Route de Limoges,M,"46,0808530","2,0440790",23,2019,50.0,1.0,2.0,4.0,2143731,1.0,1,1,1,5.0,,0.0,0,1992.0,A01,138Â 305Â 266,8.0,-1.0,-1.0,1636964,1.0,7,,0.0,2.0,1.0,A01,138Â 305Â 266,1.0
959164,201900000695,11,25,17:50,2,1,1,2.0,1.0,86256,RD 89 4+700,M,"46,5349840","0,4640880",86,2019,80.0,1.0,2.0,3.0,2143732,1.0,1,3,1,0.0,,0.0,0,1996.0,A01,138Â 305Â 263,1.0,-1.0,-1.0,1636965,2.0,10,,0.0,2.0,3.0,A01,138Â 305Â 263,1.0
959164,201900000695,11,25,17:50,2,1,1,2.0,1.0,86256,RD 89 4+700,M,"46,5349840","0,4640880",86,2019,80.0,1.0,2.0,3.0,2143732,1.0,1,3,1,0.0,,0.0,0,1996.0,A01,138Â 305Â 263,1.0,-1.0,-1.0,1636966,1.0,10,,0.0,2.0,3.0,B01,138Â 305Â 264,1.0
959164,201900000695,11,25,17:50,2,1,1,2.0,1.0,86256,RD 89 4+700,M,"46,5349840","0,4640880",86,2019,80.0,1.0,2.0,3.0,2143733,1.0,1,1,1,4.0,,0.0,0,1972.0,B01,138Â 305Â 264,1.0,-1.0,-1.0,1636965,2.0,10,,0.0,2.0,3.0,A01,138Â 305Â 263,1.0
959164,201900000695,11,25,17:50,2,1,1,2.0,1.0,86256,RD 89 4+700,M,"46,5349840","0,4640880",86,2019,80.0,1.0,2.0,3.0,2143733,1.0,1,1,1,4.0,,0.0,0,1972.0,B01,138Â 305Â 264,1.0,-1.0,-1.0,1636966,1.0,10,,0.0,2.0,3.0,B01,138Â 305Â 264,1.0
959165,201900000696,11,26,08:05,1,1,1,8.0,6.0,71170,A6,M,"46,9037840","4,8218480",71,2019,130.0,1.0,2.0,1.0,2143734,1.0,1,3,1,1.0,,0.0,0,1967.0,A01,138Â 305Â 262,1.0,-1.0,-1.0,1636967,1.0,7,,4.0,0.0,3.0,A01,138Â 305Â 262,1.0
959166,201900000697,11,28,19:35,3,1,1,2.0,3.0,41252,"A10, PK 138.900",M,"47,6946620","1,4375820",41,2019,130.0,1.0,2.0,1.0,2143735,2.0,2,4,2,5.0,,0.0,0,1982.0,B01,138Â 305Â 260,1.0,-1.0,-1.0,1636968,2.0,7,,0.0,2.0,3.0,B01,138Â 305Â 260,1.0
959166,201900000697,11,28,19:35,3,1,1,2.0,3.0,41252,"A10, PK 138.900",M,"47,6946620","1,4375820",41,2019,130.0,1.0,2.0,1.0,2143735,2.0,2,4,2,5.0,,0.0,0,1982.0,B01,138Â 305Â 260,1.0,-1.0,-1.0,1636969,2.0,7,,0.0,2.0,1.0,A01,138Â 305Â 261,1.0
959166,201900000697,11,28,19:35,3,1,1,2.0,3.0,41252,"A10, PK 138.900",M,"47,6946620","1,4375820",41,2019,130.0,1.0,2.0,1.0,2143736,1.0,1,1,1,5.0,,0.0,0,1983.0,B01,138Â 305Â 260,1.0,-1.0,-1.0,1636968,2.0,7,,0.0,2.0,3.0,B01,138Â 305Â 260,1.0
959166,201900000697,11,28,19:35,3,1,1,2.0,3.0,41252,"A10, PK 138.900",M,"47,6946620","1,4375820",41,2019,130.0,1.0,2.0,1.0,2143736,1.0,1,1,1,5.0,,0.0,0,1983.0,B01,138Â 305Â 260,1.0,-1.0,-1.0,1636969,2.0,7,,0.0,2.0,1.0,A01,138Â 305Â 261,1.0
959166,201900000697,11,28,19:35,3,1,1,2.0,3.0,41252,"A10, PK 138.900",M,"47,6946620","1,4375820",41,2019,130.0,1.0,2.0,1.0,2143737,1.0,1,1,1,1.0,,0.0,0,1997.0,A01,138Â 305Â 261,1.0,-1.0,-1.0,1636968,2.0,7,,0.0,2.0,3.0,B01,138Â 305Â 260,1.0
959166,201900000697,11,28,19:35,3,1,1,2.0,3.0,41252,"A10, PK 138.900",M,"47,6946620","1,4375820",41,2019,130.0,1.0,2.0,1.0,2143737,1.0,1,1,1,1.0,,0.0,0,1997.0,A01,138Â 305Â 261,1.0,-1.0,-1.0,1636969,2.0,7,,0.0,2.0,1.0,A01,138Â 305Â 261,1.0
959167,201900000698,11,29,01:40,4,2,3,2.0,7.0,60656,D20,M,"49,0899000","3,0564060",60,2019,-1.0,8.0,2.0,3.0,2143738,2.0,2,1,1,5.0,,0.0,0,2001.0,A01,138Â 305Â 259,8.0,-1.0,-1.0,1636970,3.0,7,,10.0,0.0,1.0,A01,138Â 305Â 259,1.0
959167,201900000698,11,29,01:40,4,2,3,2.0,7.0,60656,D20,M,"49,0899000","3,0564060",60,2019,-1.0,8.0,2.0,3.0,2143739,1.0,1,2,1,5.0,,0.0,0,2001.0,A01,138Â 305Â 259,1.0,-1.0,-1.0,1636970,3.0,7,,10.0,0.0,1.0,A01,138Â 305Â 259,1.0
959167,201900000698,11,29,01:40,4,2,3,2.0,7.0,60656,D20,M,"49,0899000","3,0564060",60,2019,-1.0,8.0,2.0,3.0,2143740,9.0,2,1,1,5.0,,0.0,0,2001.0,A01,138Â 305Â 259,8.0,-1.0,-1.0,1636970,3.0,7,,10.0,0.0,1.0,A01,138Â 305Â 259,1.0
959167,201900000698,11,29,01:40,4,2,3,2.0,7.0,60656,D20,M,"49,0899000","3,0564060",60,2019,-1.0,8.0,2.0,3.0,2143741,7.0,2,1,1,5.0,,0.0,0,2001.0,A01,138Â 305Â 259,8.0,-1.0,-1.0,1636970,3.0,7,,10.0,0.0,1.0,A01,138Â 305Â 259,1.0