Unnamed: 0_x,num_acc,mois,jour,hrmn,lum,agg,int,atm,col,com,adr,gps,lat,long,dep,annee,vma,situ,surf,catr,Unnamed: 0_y,place,catu,grav,sexe,trajet,secu,locp,actp,an_nais,num_veh_x,id_vehicule_x,secu1,secu2,secu3,Unnamed: 0,senc,catv,occutc,obs,obsm,choc,num_veh_y,id_vehicule_y,motor
959167,201900000698,11,29,01:40,4,2,3,2.0,7.0,60656,D20,M,"49,0899000","3,0564060",60,2019,-1.0,8.0,2.0,3.0,2143742,8.0,2,1,1,5.0,,0.0,0,2001.0,A01,138Â 305Â 259,8.0,-1.0,-1.0,1636970,3.0,7,,10.0,0.0,1.0,A01,138Â 305Â 259,1.0
959168,201900000699,11,29,14:15,1,1,2,1.0,2.0,83019,RD 98,M,"43,1556860","6,3127660",83,2019,80.0,1.0,1.0,3.0,2143743,1.0,1,4,1,3.0,,0.0,0,1961.0,A01,138Â 305Â 257,2.0,-1.0,-1.0,1636971,1.0,33,,0.0,2.0,2.0,A01,138Â 305Â 257,1.0
959168,201900000699,11,29,14:15,1,1,2,1.0,2.0,83019,RD 98,M,"43,1556860","6,3127660",83,2019,80.0,1.0,1.0,3.0,2143743,1.0,1,4,1,3.0,,0.0,0,1961.0,A01,138Â 305Â 257,2.0,-1.0,-1.0,1636972,1.0,13,,0.0,0.0,6.0,B01,138Â 305Â 258,1.0
959168,201900000699,11,29,14:15,1,1,2,1.0,2.0,83019,RD 98,M,"43,1556860","6,3127660",83,2019,80.0,1.0,1.0,3.0,2143744,1.0,1,1,1,5.0,,0.0,0,1980.0,B01,138Â 305Â 258,1.0,-1.0,-1.0,1636971,1.0,33,,0.0,2.0,2.0,A01,138Â 305Â 257,1.0
959168,201900000699,11,29,14:15,1,1,2,1.0,2.0,83019,RD 98,M,"43,1556860","6,3127660",83,2019,80.0,1.0,1.0,3.0,2143744,1.0,1,1,1,5.0,,0.0,0,1980.0,B01,138Â 305Â 258,1.0,-1.0,-1.0,1636972,1.0,13,,0.0,0.0,6.0,B01,138Â 305Â 258,1.0
959169,201900000700,11,29,06:30,3,1,1,2.0,6.0,62060,D938,M,"50,2234340","2,0978790",62,2019,80.0,3.0,2.0,3.0,2143745,1.0,1,2,1,1.0,,0.0,0,1993.0,A01,138Â 305Â 256,1.0,-1.0,-1.0,1636973,2.0,7,,2.0,0.0,1.0,A01,138Â 305Â 256,1.0
959170,201900000701,8,28,19:35,1,2,1,1.0,2.0,51612,44 AVENUE DE BAMMENTAL,M,"48,9069063","4,0173334",51,2019,50.0,1.0,1.0,3.0,2143746,1.0,1,1,2,1.0,,0.0,0,1988.0,B01,138Â 305Â 254,1.0,-1.0,-1.0,1636974,1.0,7,,0.0,9.0,4.0,B01,138Â 305Â 254,1.0
959170,201900000701,8,28,19:35,1,2,1,1.0,2.0,51612,44 AVENUE DE BAMMENTAL,M,"48,9069063","4,0173334",51,2019,50.0,1.0,1.0,3.0,2143746,1.0,1,1,2,1.0,,0.0,0,1988.0,B01,138Â 305Â 254,1.0,-1.0,-1.0,1636975,1.0,1,,0.0,2.0,1.0,A01,138Â 305Â 255,5.0
959170,201900000701,8,28,19:35,1,2,1,1.0,2.0,51612,44 AVENUE DE BAMMENTAL,M,"48,9069063","4,0173334",51,2019,50.0,1.0,1.0,3.0,2143747,1.0,1,3,1,5.0,,0.0,0,1975.0,A01,138Â 305Â 255,2.0,-1.0,-1.0,1636974,1.0,7,,0.0,9.0,4.0,B01,138Â 305Â 254,1.0
959170,201900000701,8,28,19:35,1,2,1,1.0,2.0,51612,44 AVENUE DE BAMMENTAL,M,"48,9069063","4,0173334",51,2019,50.0,1.0,1.0,3.0,2143747,1.0,1,3,1,5.0,,0.0,0,1975.0,A01,138Â 305Â 255,2.0,-1.0,-1.0,1636975,1.0,1,,0.0,2.0,1.0,A01,138Â 305Â 255,5.0
959171,201900000702,11,28,18:12,5,2,1,3.0,6.0,74173,1463 Route Nationale,M,"45,8585810","6,6177630",74,2019,50.0,1.0,2.0,3.0,2143748,1.0,1,1,1,1.0,,0.0,0,1986.0,A01,138Â 305Â 253,1.0,-1.0,-1.0,1636976,2.0,7,,0.0,1.0,1.0,A01,138Â 305Â 253,0.0
959171,201900000702,11,28,18:12,5,2,1,3.0,6.0,74173,1463 Route Nationale,M,"45,8585810","6,6177630",74,2019,50.0,1.0,2.0,3.0,2143749,10.0,3,4,2,5.0,,4.0,3,1941.0,A01,138Â 305Â 253,0.0,-1.0,-1.0,1636976,2.0,7,,0.0,1.0,1.0,A01,138Â 305Â 253,0.0
959172,201900000703,11,29,07:45,1,2,3,1.0,3.0,11397,Avenue des Capucins,M,"43,2061940","2,4306450",11,2019,50.0,1.0,1.0,3.0,2143750,1.0,1,1,2,5.0,,0.0,0,1965.0,B01,138Â 305Â 251,1.0,-1.0,-1.0,1636977,2.0,7,,0.0,2.0,2.0,B01,138Â 305Â 251,1.0
959172,201900000703,11,29,07:45,1,2,3,1.0,3.0,11397,Avenue des Capucins,M,"43,2061940","2,4306450",11,2019,50.0,1.0,1.0,3.0,2143750,1.0,1,1,2,5.0,,0.0,0,1965.0,B01,138Â 305Â 251,1.0,-1.0,-1.0,1636978,1.0,7,,0.0,2.0,1.0,A01,138Â 305Â 252,1.0
959172,201900000703,11,29,07:45,1,2,3,1.0,3.0,11397,Avenue des Capucins,M,"43,2061940","2,4306450",11,2019,50.0,1.0,1.0,3.0,2143751,1.0,1,3,1,0.0,,0.0,0,1972.0,A01,138Â 305Â 252,1.0,-1.0,-1.0,1636977,2.0,7,,0.0,2.0,2.0,B01,138Â 305Â 251,1.0
959172,201900000703,11,29,07:45,1,2,3,1.0,3.0,11397,Avenue des Capucins,M,"43,2061940","2,4306450",11,2019,50.0,1.0,1.0,3.0,2143751,1.0,1,3,1,0.0,,0.0,0,1972.0,A01,138Â 305Â 252,1.0,-1.0,-1.0,1636978,1.0,7,,0.0,2.0,1.0,A01,138Â 305Â 252,1.0
959173,201900000704,11,28,17:00,2,2,2,1.0,3.0,71310,32 Route du Pont Jeanne Rose,M,"46,7581570","4,4805020",71,2019,50.0,1.0,1.0,3.0,2143752,1.0,1,4,2,5.0,,0.0,0,1956.0,A01,138Â 305Â 250,1.0,-1.0,-1.0,1636979,3.0,7,,0.0,2.0,2.0,B01,138Â 305Â 249,0.0
959173,201900000704,11,28,17:00,2,2,2,1.0,3.0,71310,32 Route du Pont Jeanne Rose,M,"46,7581570","4,4805020",71,2019,50.0,1.0,1.0,3.0,2143752,1.0,1,4,2,5.0,,0.0,0,1956.0,A01,138Â 305Â 250,1.0,-1.0,-1.0,1636980,3.0,7,,8.0,0.0,3.0,A01,138Â 305Â 250,1.0
959173,201900000704,11,28,17:00,2,2,2,1.0,3.0,71310,32 Route du Pont Jeanne Rose,M,"46,7581570","4,4805020",71,2019,50.0,1.0,1.0,3.0,2143753,2.0,2,4,2,5.0,,0.0,0,1949.0,A01,138Â 305Â 250,1.0,-1.0,-1.0,1636979,3.0,7,,0.0,2.0,2.0,B01,138Â 305Â 249,0.0
959173,201900000704,11,28,17:00,2,2,2,1.0,3.0,71310,32 Route du Pont Jeanne Rose,M,"46,7581570","4,4805020",71,2019,50.0,1.0,1.0,3.0,2143753,2.0,2,4,2,5.0,,0.0,0,1949.0,A01,138Â 305Â 250,1.0,-1.0,-1.0,1636980,3.0,7,,8.0,0.0,3.0,A01,138Â 305Â 250,1.0
959174,201900000705,11,28,19:30,3,1,1,8.0,2.0,61426,Route de Mamers,M,"48,3757500","0,5376660",61,2019,80.0,1.0,2.0,3.0,2143754,1.0,1,3,2,1.0,,0.0,0,1995.0,B01,138Â 305Â 248,0.0,-1.0,-1.0,1636981,1.0,7,,0.0,2.0,2.0,A01,138Â 305Â 247,0.0
959174,201900000705,11,28,19:30,3,1,1,8.0,2.0,61426,Route de Mamers,M,"48,3757500","0,5376660",61,2019,80.0,1.0,2.0,3.0,2143754,1.0,1,3,2,1.0,,0.0,0,1995.0,B01,138Â 305Â 248,0.0,-1.0,-1.0,1636982,1.0,80,,0.0,2.0,6.0,B01,138Â 305Â 248,3.0
959175,201900000706,11,29,07:00,3,1,1,3.0,1.0,12142,D994,M,"44,4004970","2,3604840",12,2019,80.0,1.0,2.0,3.0,2143755,1.0,1,4,2,1.0,,0.0,0,1987.0,B01,138Â 305Â 245,1.0,-1.0,-1.0,1636983,2.0,7,,0.0,2.0,3.0,B01,138Â 305Â 245,1.0
959175,201900000706,11,29,07:00,3,1,1,3.0,1.0,12142,D994,M,"44,4004970","2,3604840",12,2019,80.0,1.0,2.0,3.0,2143755,1.0,1,4,2,1.0,,0.0,0,1987.0,B01,138Â 305Â 245,1.0,-1.0,-1.0,1636984,1.0,7,,0.0,2.0,3.0,A01,138Â 305Â 246,1.0
959175,201900000706,11,29,07:00,3,1,1,3.0,1.0,12142,D994,M,"44,4004970","2,3604840",12,2019,80.0,1.0,2.0,3.0,2143756,1.0,1,3,1,1.0,,0.0,0,1984.0,A01,138Â 305Â 246,1.0,-1.0,-1.0,1636983,2.0,7,,0.0,2.0,3.0,B01,138Â 305Â 245,1.0
959175,201900000706,11,29,07:00,3,1,1,3.0,1.0,12142,D994,M,"44,4004970","2,3604840",12,2019,80.0,1.0,2.0,3.0,2143756,1.0,1,3,1,1.0,,0.0,0,1984.0,A01,138Â 305Â 246,1.0,-1.0,-1.0,1636984,1.0,7,,0.0,2.0,3.0,A01,138Â 305Â 246,1.0
959176,201900000707,11,23,03:15,3,1,1,2.0,7.0,47167,D656,M,"44,0707940","0,2745090",47,2019,80.0,3.0,2.0,3.0,2143757,1.0,1,3,1,1.0,,0.0,0,1961.0,A01,138Â 305Â 244,1.0,-1.0,-1.0,1636985,2.0,7,,13.0,0.0,3.0,A01,138Â 305Â 244,1.0
959177,201900000708,10,22,17:15,1,1,1,1.0,3.0,29075,18 Rue Henri Becquerel,M,"48,4323110"," -4,4413739",29,2019,50.0,1.0,1.0,2.0,2143758,1.0,1,4,1,5.0,,0.0,0,1949.0,A01,138Â 305Â 242,2.0,-1.0,-1.0,1636986,1.0,1,,0.0,2.0,7.0,A01,138Â 305Â 242,5.0
959177,201900000708,10,22,17:15,1,1,1,1.0,3.0,29075,18 Rue Henri Becquerel,M,"48,4323110"," -4,4413739",29,2019,50.0,1.0,1.0,2.0,2143758,1.0,1,4,1,5.0,,0.0,0,1949.0,A01,138Â 305Â 242,2.0,-1.0,-1.0,1636987,1.0,33,,15.0,2.0,8.0,B01,138Â 305Â 243,1.0
959177,201900000708,10,22,17:15,1,1,1,1.0,3.0,29075,18 Rue Henri Becquerel,M,"48,4323110"," -4,4413739",29,2019,50.0,1.0,1.0,2.0,2143759,1.0,1,1,1,5.0,,0.0,0,1956.0,B01,138Â 305Â 243,2.0,-1.0,-1.0,1636986,1.0,1,,0.0,2.0,7.0,A01,138Â 305Â 242,5.0
959177,201900000708,10,22,17:15,1,1,1,1.0,3.0,29075,18 Rue Henri Becquerel,M,"48,4323110"," -4,4413739",29,2019,50.0,1.0,1.0,2.0,2143759,1.0,1,1,1,5.0,,0.0,0,1956.0,B01,138Â 305Â 243,2.0,-1.0,-1.0,1636987,1.0,33,,15.0,2.0,8.0,B01,138Â 305Â 243,1.0
959178,201900000709,11,28,18:38,5,2,1,3.0,7.0,31331,D38,M,"43,5216990","1,7006920",31,2019,50.0,3.0,2.0,3.0,2143760,1.0,1,3,2,1.0,,0.0,0,1992.0,A01,138Â 305Â 241,1.0,-1.0,-1.0,1636988,2.0,7,,0.0,0.0,3.0,A01,138Â 305Â 241,1.0
959179,201900000710,11,21,07:30,2,2,1,1.0,6.0,01363,221 Grande Rue,M,"46,0291480","5,3895640",1,2019,30.0,1.0,1.0,3.0,2143761,1.0,1,1,1,1.0,,0.0,0,1994.0,A01,138Â 305Â 240,1.0,-1.0,-1.0,1636989,2.0,7,,0.0,1.0,1.0,A01,138Â 305Â 240,0.0
959179,201900000710,11,21,07:30,2,2,1,1.0,6.0,01363,221 Grande Rue,M,"46,0291480","5,3895640",1,2019,30.0,1.0,1.0,3.0,2143762,10.0,3,4,1,5.0,,3.0,3,1949.0,A01,138Â 305Â 240,0.0,-1.0,-1.0,1636989,2.0,7,,0.0,1.0,1.0,A01,138Â 305Â 240,0.0
959180,201900000711,11,28,08:35,1,2,1,2.0,7.0,54449,Rue Yves de Ravinel,M,"48,5623670","6,4698590",54,2019,50.0,1.0,2.0,3.0,2143763,1.0,1,3,1,0.0,,0.0,0,1955.0,A01,138Â 305Â 239,2.0,-1.0,-1.0,1636990,2.0,2,,0.0,0.0,0.0,A01,138Â 305Â 239,1.0
959181,201900000712,11,29,18:25,5,2,1,1.0,6.0,50359,Rue des Fontaines,M,"48,6488210"," -0,9416510",50,2019,50.0,1.0,1.0,4.0,2143764,10.0,3,2,1,5.0,,1.0,3,1933.0,A01,138Â 305Â 238,0.0,-1.0,-1.0,1636991,3.0,7,,0.0,1.0,4.0,A01,138Â 305Â 238,3.0
959181,201900000712,11,29,18:25,5,2,1,1.0,6.0,50359,Rue des Fontaines,M,"48,6488210"," -0,9416510",50,2019,50.0,1.0,1.0,4.0,2143765,1.0,1,1,2,5.0,,0.0,0,1960.0,A01,138Â 305Â 238,1.0,-1.0,-1.0,1636991,3.0,7,,0.0,1.0,4.0,A01,138Â 305Â 238,3.0
959182,201900000713,11,29,13:35,1,1,1,1.0,7.0,50029,La Prise Passais de Haut,M,"48,6410980"," -0,7956950",50,2019,80.0,3.0,1.0,3.0,2143766,2.0,2,3,1,4.0,,0.0,0,2000.0,A01,138Â 305Â 237,1.0,-1.0,-1.0,1636992,1.0,10,,8.0,0.0,2.0,A01,138Â 305Â 237,1.0
959182,201900000713,11,29,13:35,1,1,1,1.0,7.0,50029,La Prise Passais de Haut,M,"48,6410980"," -0,7956950",50,2019,80.0,3.0,1.0,3.0,2143767,1.0,1,1,1,4.0,,0.0,0,1975.0,A01,138Â 305Â 237,1.0,-1.0,-1.0,1636992,1.0,10,,8.0,0.0,2.0,A01,138Â 305Â 237,1.0
959183,201900000714,11,29,15:30,1,2,1,1.0,7.0,60471,Avenue Fernand GrÃ©goire,M,"49,5865278","3,0132068",60,2019,50.0,4.0,1.0,4.0,2143768,1.0,1,3,1,0.0,,0.0,0,2002.0,A01,138Â 305Â 236,2.0,6.0,9.0,1636993,3.0,31,,12.0,0.0,7.0,A01,138Â 305Â 236,1.0
959184,201900000715,11,29,02:40,3,1,1,2.0,7.0,60030,,M,"49,3666642","2,1065001",60,2019,80.0,3.0,2.0,3.0,2143769,1.0,1,3,1,5.0,,0.0,0,1984.0,A01,138Â 305Â 235,1.0,-1.0,-1.0,1636994,2.0,7,,13.0,6.0,1.0,A01,138Â 305Â 235,1.0
959185,201900000716,11,25,18:30,3,1,9,2.0,1.0,28267,D16.1,M,"48,7719170","1,3707570",28,2019,80.0,1.0,2.0,3.0,2143770,1.0,1,4,1,0.0,,0.0,0,1981.0,B01,138Â 305Â 233,1.0,-1.0,-1.0,1636995,1.0,7,,0.0,2.0,1.0,B01,138Â 305Â 233,1.0
959185,201900000716,11,25,18:30,3,1,9,2.0,1.0,28267,D16.1,M,"48,7719170","1,3707570",28,2019,80.0,1.0,2.0,3.0,2143770,1.0,1,4,1,0.0,,0.0,0,1981.0,B01,138Â 305Â 233,1.0,-1.0,-1.0,1636996,2.0,7,,0.0,2.0,1.0,A01,138Â 305Â 234,1.0
959185,201900000716,11,25,18:30,3,1,9,2.0,1.0,28267,D16.1,M,"48,7719170","1,3707570",28,2019,80.0,1.0,2.0,3.0,2143771,1.0,1,4,1,0.0,,0.0,0,1975.0,A01,138Â 305Â 234,1.0,-1.0,-1.0,1636995,1.0,7,,0.0,2.0,1.0,B01,138Â 305Â 233,1.0
959185,201900000716,11,25,18:30,3,1,9,2.0,1.0,28267,D16.1,M,"48,7719170","1,3707570",28,2019,80.0,1.0,2.0,3.0,2143771,1.0,1,4,1,0.0,,0.0,0,1975.0,A01,138Â 305Â 234,1.0,-1.0,-1.0,1636996,2.0,7,,0.0,2.0,1.0,A01,138Â 305Â 234,1.0
959186,201900000717,11,28,17:50,3,1,1,2.0,3.0,88307,D460a,M,"48,0244930","5,8090520",88,2019,80.0,1.0,2.0,3.0,2143772,1.0,1,3,1,5.0,,0.0,0,2006.0,B01,138Â 305Â 231,0.0,-1.0,-1.0,1636997,1.0,1,,0.0,2.0,1.0,B01,138Â 305Â 231,5.0
959186,201900000717,11,28,17:50,3,1,1,2.0,3.0,88307,D460a,M,"48,0244930","5,8090520",88,2019,80.0,1.0,2.0,3.0,2143772,1.0,1,3,1,5.0,,0.0,0,2006.0,B01,138Â 305Â 231,0.0,-1.0,-1.0,1636998,1.0,7,,0.0,9.0,2.0,A01,138Â 305Â 232,1.0
959186,201900000717,11,28,17:50,3,1,1,2.0,3.0,88307,D460a,M,"48,0244930","5,8090520",88,2019,80.0,1.0,2.0,3.0,2143773,1.0,1,1,1,5.0,,0.0,0,1935.0,A01,138Â 305Â 232,8.0,-1.0,-1.0,1636997,1.0,1,,0.0,2.0,1.0,B01,138Â 305Â 231,5.0
959186,201900000717,11,28,17:50,3,1,1,2.0,3.0,88307,D460a,M,"48,0244930","5,8090520",88,2019,80.0,1.0,2.0,3.0,2143773,1.0,1,1,1,5.0,,0.0,0,1935.0,A01,138Â 305Â 232,8.0,-1.0,-1.0,1636998,1.0,7,,0.0,9.0,2.0,A01,138Â 305Â 232,1.0
959187,201900000718,11,28,16:15,1,2,1,1.0,7.0,98738,PK 13 - RT1,M," -17,6244740"," -149,6127060",987,2019,50.0,4.0,1.0,2.0,2143774,1.0,1,3,2,5.0,,0.0,0,2001.0,A01,138Â 305Â 230,2.0,-1.0,-1.0,1636999,2.0,2,,0.0,0.0,2.0,A01,138Â 305Â 230,1.0
959188,201900000719,11,29,07:40,2,1,1,1.0,2.0,01089,"A 42, PK 41+400, sens GENEVE/LYON",M,"45,9760590","5,3100580",1,2019,130.0,1.0,2.0,1.0,2143775,1.0,1,1,1,1.0,,0.0,0,1981.0,A01,138Â 305Â 228,1.0,-1.0,-1.0,1637000,2.0,7,,0.0,2.0,1.0,A01,138Â 305Â 228,1.0
959188,201900000719,11,29,07:40,2,1,1,1.0,2.0,01089,"A 42, PK 41+400, sens GENEVE/LYON",M,"45,9760590","5,3100580",1,2019,130.0,1.0,2.0,1.0,2143775,1.0,1,1,1,1.0,,0.0,0,1981.0,A01,138Â 305Â 228,1.0,-1.0,-1.0,1637001,2.0,7,,5.0,0.0,4.0,B01,138Â 305Â 229,1.0
959188,201900000719,11,29,07:40,2,1,1,1.0,2.0,01089,"A 42, PK 41+400, sens GENEVE/LYON",M,"45,9760590","5,3100580",1,2019,130.0,1.0,2.0,1.0,2143776,1.0,1,3,1,1.0,,0.0,0,1961.0,B01,138Â 305Â 229,1.0,-1.0,-1.0,1637000,2.0,7,,0.0,2.0,1.0,A01,138Â 305Â 228,1.0
959188,201900000719,11,29,07:40,2,1,1,1.0,2.0,01089,"A 42, PK 41+400, sens GENEVE/LYON",M,"45,9760590","5,3100580",1,2019,130.0,1.0,2.0,1.0,2143776,1.0,1,3,1,1.0,,0.0,0,1961.0,B01,138Â 305Â 229,1.0,-1.0,-1.0,1637001,2.0,7,,5.0,0.0,4.0,B01,138Â 305Â 229,1.0
959189,201900000720,11,28,16:00,1,1,1,1.0,3.0,66195,D916 a,M,"42,6871440","2,8108280",66,2019,90.0,1.0,1.0,3.0,2143777,1.0,1,1,2,0.0,,0.0,0,1979.0,A01,138Â 305Â 226,1.0,-1.0,-1.0,1637002,2.0,7,,0.0,0.0,8.0,A01,138Â 305Â 226,1.0
959189,201900000720,11,28,16:00,1,1,1,1.0,3.0,66195,D916 a,M,"42,6871440","2,8108280",66,2019,90.0,1.0,1.0,3.0,2143777,1.0,1,1,2,0.0,,0.0,0,1979.0,A01,138Â 305Â 226,1.0,-1.0,-1.0,1637003,2.0,33,,0.0,0.0,7.0,B01,138Â 305Â 227,1.0
959189,201900000720,11,28,16:00,1,1,1,1.0,3.0,66195,D916 a,M,"42,6871440","2,8108280",66,2019,90.0,1.0,1.0,3.0,2143778,1.0,1,3,1,1.0,,0.0,0,1963.0,B01,138Â 305Â 227,2.0,-1.0,-1.0,1637002,2.0,7,,0.0,0.0,8.0,A01,138Â 305Â 226,1.0
959189,201900000720,11,28,16:00,1,1,1,1.0,3.0,66195,D916 a,M,"42,6871440","2,8108280",66,2019,90.0,1.0,1.0,3.0,2143778,1.0,1,3,1,1.0,,0.0,0,1963.0,B01,138Â 305Â 227,2.0,-1.0,-1.0,1637003,2.0,33,,0.0,0.0,7.0,B01,138Â 305Â 227,1.0
959190,201900000721,11,25,16:40,2,1,1,1.0,4.0,68042,3 Chemin du Hellhof,M,"47,6070060","7,5275840",68,2019,110.0,1.0,1.0,1.0,2143779,1.0,1,1,1,1.0,,0.0,0,1985.0,D01,138Â 305Â 221,1.0,-1.0,-1.0,1637004,2.0,7,,0.0,0.0,0.0,D01,138Â 305Â 221,1.0
959190,201900000721,11,25,16:40,2,1,1,1.0,4.0,68042,3 Chemin du Hellhof,M,"47,6070060","7,5275840",68,2019,110.0,1.0,1.0,1.0,2143779,1.0,1,1,1,1.0,,0.0,0,1985.0,D01,138Â 305Â 221,1.0,-1.0,-1.0,1637005,2.0,7,,0.0,2.0,1.0,C01,138Â 305Â 222,1.0
959190,201900000721,11,25,16:40,2,1,1,1.0,4.0,68042,3 Chemin du Hellhof,M,"47,6070060","7,5275840",68,2019,110.0,1.0,1.0,1.0,2143779,1.0,1,1,1,1.0,,0.0,0,1985.0,D01,138Â 305Â 221,1.0,-1.0,-1.0,1637006,2.0,7,,0.0,2.0,4.0,B01,138Â 305Â 223,1.0
959190,201900000721,11,25,16:40,2,1,1,1.0,4.0,68042,3 Chemin du Hellhof,M,"47,6070060","7,5275840",68,2019,110.0,1.0,1.0,1.0,2143779,1.0,1,1,1,1.0,,0.0,0,1985.0,D01,138Â 305Â 221,1.0,-1.0,-1.0,1637007,2.0,7,,0.0,2.0,1.0,A01,138Â 305Â 224,1.0
959190,201900000721,11,25,16:40,2,1,1,1.0,4.0,68042,3 Chemin du Hellhof,M,"47,6070060","7,5275840",68,2019,110.0,1.0,1.0,1.0,2143780,1.0,1,4,1,1.0,,0.0,0,1999.0,C01,138Â 305Â 222,1.0,-1.0,-1.0,1637004,2.0,7,,0.0,0.0,0.0,D01,138Â 305Â 221,1.0
959190,201900000721,11,25,16:40,2,1,1,1.0,4.0,68042,3 Chemin du Hellhof,M,"47,6070060","7,5275840",68,2019,110.0,1.0,1.0,1.0,2143780,1.0,1,4,1,1.0,,0.0,0,1999.0,C01,138Â 305Â 222,1.0,-1.0,-1.0,1637005,2.0,7,,0.0,2.0,1.0,C01,138Â 305Â 222,1.0
959190,201900000721,11,25,16:40,2,1,1,1.0,4.0,68042,3 Chemin du Hellhof,M,"47,6070060","7,5275840",68,2019,110.0,1.0,1.0,1.0,2143780,1.0,1,4,1,1.0,,0.0,0,1999.0,C01,138Â 305Â 222,1.0,-1.0,-1.0,1637006,2.0,7,,0.0,2.0,4.0,B01,138Â 305Â 223,1.0
959190,201900000721,11,25,16:40,2,1,1,1.0,4.0,68042,3 Chemin du Hellhof,M,"47,6070060","7,5275840",68,2019,110.0,1.0,1.0,1.0,2143780,1.0,1,4,1,1.0,,0.0,0,1999.0,C01,138Â 305Â 222,1.0,-1.0,-1.0,1637007,2.0,7,,0.0,2.0,1.0,A01,138Â 305Â 224,1.0
959190,201900000721,11,25,16:40,2,1,1,1.0,4.0,68042,3 Chemin du Hellhof,M,"47,6070060","7,5275840",68,2019,110.0,1.0,1.0,1.0,2143781,1.0,1,1,1,1.0,,0.0,0,1974.0,B01,138Â 305Â 223,1.0,-1.0,-1.0,1637004,2.0,7,,0.0,0.0,0.0,D01,138Â 305Â 221,1.0
959190,201900000721,11,25,16:40,2,1,1,1.0,4.0,68042,3 Chemin du Hellhof,M,"47,6070060","7,5275840",68,2019,110.0,1.0,1.0,1.0,2143781,1.0,1,1,1,1.0,,0.0,0,1974.0,B01,138Â 305Â 223,1.0,-1.0,-1.0,1637005,2.0,7,,0.0,2.0,1.0,C01,138Â 305Â 222,1.0
959190,201900000721,11,25,16:40,2,1,1,1.0,4.0,68042,3 Chemin du Hellhof,M,"47,6070060","7,5275840",68,2019,110.0,1.0,1.0,1.0,2143781,1.0,1,1,1,1.0,,0.0,0,1974.0,B01,138Â 305Â 223,1.0,-1.0,-1.0,1637006,2.0,7,,0.0,2.0,4.0,B01,138Â 305Â 223,1.0
959190,201900000721,11,25,16:40,2,1,1,1.0,4.0,68042,3 Chemin du Hellhof,M,"47,6070060","7,5275840",68,2019,110.0,1.0,1.0,1.0,2143781,1.0,1,1,1,1.0,,0.0,0,1974.0,B01,138Â 305Â 223,1.0,-1.0,-1.0,1637007,2.0,7,,0.0,2.0,1.0,A01,138Â 305Â 224,1.0
959190,201900000721,11,25,16:40,2,1,1,1.0,4.0,68042,3 Chemin du Hellhof,M,"47,6070060","7,5275840",68,2019,110.0,1.0,1.0,1.0,2143782,1.0,1,4,1,5.0,,0.0,0,1965.0,A01,138Â 305Â 224,1.0,-1.0,-1.0,1637004,2.0,7,,0.0,0.0,0.0,D01,138Â 305Â 221,1.0
959190,201900000721,11,25,16:40,2,1,1,1.0,4.0,68042,3 Chemin du Hellhof,M,"47,6070060","7,5275840",68,2019,110.0,1.0,1.0,1.0,2143782,1.0,1,4,1,5.0,,0.0,0,1965.0,A01,138Â 305Â 224,1.0,-1.0,-1.0,1637005,2.0,7,,0.0,2.0,1.0,C01,138Â 305Â 222,1.0
959190,201900000721,11,25,16:40,2,1,1,1.0,4.0,68042,3 Chemin du Hellhof,M,"47,6070060","7,5275840",68,2019,110.0,1.0,1.0,1.0,2143782,1.0,1,4,1,5.0,,0.0,0,1965.0,A01,138Â 305Â 224,1.0,-1.0,-1.0,1637006,2.0,7,,0.0,2.0,4.0,B01,138Â 305Â 223,1.0
959190,201900000721,11,25,16:40,2,1,1,1.0,4.0,68042,3 Chemin du Hellhof,M,"47,6070060","7,5275840",68,2019,110.0,1.0,1.0,1.0,2143782,1.0,1,4,1,5.0,,0.0,0,1965.0,A01,138Â 305Â 224,1.0,-1.0,-1.0,1637007,2.0,7,,0.0,2.0,1.0,A01,138Â 305Â 224,1.0
959191,201900000722,11,21,08:55,1,1,2,1.0,2.0,69027,D386,M,"45,6598400","4,7518580",69,2019,70.0,1.0,1.0,3.0,2143783,1.0,1,3,1,1.0,,0.0,0,1963.0,B01,138Â 305Â 219,2.0,6.0,-1.0,1637008,2.0,33,,0.0,0.0,4.0,B01,138Â 305Â 219,0.0
959191,201900000722,11,21,08:55,1,1,2,1.0,2.0,69027,D386,M,"45,6598400","4,7518580",69,2019,70.0,1.0,1.0,3.0,2143783,1.0,1,3,1,1.0,,0.0,0,1963.0,B01,138Â 305Â 219,2.0,6.0,-1.0,1637009,2.0,10,,0.0,2.0,1.0,A01,138Â 305Â 220,0.0
959191,201900000722,11,21,08:55,1,1,2,1.0,2.0,69027,D386,M,"45,6598400","4,7518580",69,2019,70.0,1.0,1.0,3.0,2143784,1.0,1,1,1,4.0,,0.0,0,1965.0,A01,138Â 305Â 220,1.0,-1.0,-1.0,1637008,2.0,33,,0.0,0.0,4.0,B01,138Â 305Â 219,0.0
959191,201900000722,11,21,08:55,1,1,2,1.0,2.0,69027,D386,M,"45,6598400","4,7518580",69,2019,70.0,1.0,1.0,3.0,2143784,1.0,1,1,1,4.0,,0.0,0,1965.0,A01,138Â 305Â 220,1.0,-1.0,-1.0,1637009,2.0,10,,0.0,2.0,1.0,A01,138Â 305Â 220,0.0