Unnamed: 0_x,num_acc,mois,jour,hrmn,lum,agg,int,atm,col,com,adr,gps,lat,long,dep,annee,vma,situ,surf,catr,Unnamed: 0_y,place,catu,grav,sexe,trajet,secu,locp,actp,an_nais,num_veh_x,id_vehicule_x,secu1,secu2,secu3,Unnamed: 0,senc,catv,occutc,obs,obsm,choc,num_veh_y,id_vehicule_y,motor
959192,201900000723,11,29,00:25,3,1,1,1.0,2.0,98825,R.T.1,M," -21,2403930","164,9094890",988,2019,90.0,1.0,1.0,2.0,2143785,1.0,1,1,1,5.0,,0.0,0,2001.0,B01,138Â 305Â 217,1.0,-1.0,-1.0,1637010,2.0,10,,0.0,0.0,2.0,B01,138Â 305Â 217,1.0
959192,201900000723,11,29,00:25,3,1,1,1.0,2.0,98825,R.T.1,M," -21,2403930","164,9094890",988,2019,90.0,1.0,1.0,2.0,2143785,1.0,1,1,1,5.0,,0.0,0,2001.0,B01,138Â 305Â 217,1.0,-1.0,-1.0,1637011,2.0,7,,0.0,2.0,4.0,A01,138Â 305Â 218,1.0
959192,201900000723,11,29,00:25,3,1,1,1.0,2.0,98825,R.T.1,M," -21,2403930","164,9094890",988,2019,90.0,1.0,1.0,2.0,2143786,1.0,1,1,1,5.0,,0.0,0,1994.0,A01,138Â 305Â 218,1.0,-1.0,-1.0,1637010,2.0,10,,0.0,0.0,2.0,B01,138Â 305Â 217,1.0
959192,201900000723,11,29,00:25,3,1,1,1.0,2.0,98825,R.T.1,M," -21,2403930","164,9094890",988,2019,90.0,1.0,1.0,2.0,2143786,1.0,1,1,1,5.0,,0.0,0,1994.0,A01,138Â 305Â 218,1.0,-1.0,-1.0,1637011,2.0,7,,0.0,2.0,4.0,A01,138Â 305Â 218,1.0
959192,201900000723,11,29,00:25,3,1,1,1.0,2.0,98825,R.T.1,M," -21,2403930","164,9094890",988,2019,90.0,1.0,1.0,2.0,2143787,4.0,2,3,1,5.0,,0.0,0,1978.0,A01,138Â 305Â 218,0.0,-1.0,-1.0,1637010,2.0,10,,0.0,0.0,2.0,B01,138Â 305Â 217,1.0
959192,201900000723,11,29,00:25,3,1,1,1.0,2.0,98825,R.T.1,M," -21,2403930","164,9094890",988,2019,90.0,1.0,1.0,2.0,2143787,4.0,2,3,1,5.0,,0.0,0,1978.0,A01,138Â 305Â 218,0.0,-1.0,-1.0,1637011,2.0,7,,0.0,2.0,4.0,A01,138Â 305Â 218,1.0
959192,201900000723,11,29,00:25,3,1,1,1.0,2.0,98825,R.T.1,M," -21,2403930","164,9094890",988,2019,90.0,1.0,1.0,2.0,2143788,2.0,2,1,1,5.0,,0.0,0,1972.0,A01,138Â 305Â 218,0.0,-1.0,-1.0,1637010,2.0,10,,0.0,0.0,2.0,B01,138Â 305Â 217,1.0
959192,201900000723,11,29,00:25,3,1,1,1.0,2.0,98825,R.T.1,M," -21,2403930","164,9094890",988,2019,90.0,1.0,1.0,2.0,2143788,2.0,2,1,1,5.0,,0.0,0,1972.0,A01,138Â 305Â 218,0.0,-1.0,-1.0,1637011,2.0,7,,0.0,2.0,4.0,A01,138Â 305Â 218,1.0
959193,201900000724,11,28,20:35,3,1,1,1.0,6.0,97311,Avenue Jean Galmot,M,"5,5311820"," -53,9491260",973,2019,80.0,1.0,1.0,3.0,2143789,10.0,3,3,1,5.0,,9.0,B,1981.0,A01,138Â 305Â 216,0.0,-1.0,-1.0,1637012,1.0,0,,0.0,1.0,0.0,A01,138Â 305Â 216,0.0
959194,201900000725,11,28,18:15,3,1,3,1.0,3.0,97129,Plessis Nogent,M,"16,3532490"," -61,7344780",971,2019,70.0,1.0,1.0,2.0,2143790,1.0,1,1,1,3.0,,0.0,0,1974.0,A01,138Â 305Â 214,1.0,-1.0,-1.0,1637013,2.0,7,,0.0,9.0,1.0,A01,138Â 305Â 214,1.0
959194,201900000725,11,28,18:15,3,1,3,1.0,3.0,97129,Plessis Nogent,M,"16,3532490"," -61,7344780",971,2019,70.0,1.0,1.0,2.0,2143790,1.0,1,1,1,3.0,,0.0,0,1974.0,A01,138Â 305Â 214,1.0,-1.0,-1.0,1637014,1.0,2,,0.0,2.0,8.0,B01,138Â 305Â 215,1.0
959194,201900000725,11,28,18:15,3,1,3,1.0,3.0,97129,Plessis Nogent,M,"16,3532490"," -61,7344780",971,2019,70.0,1.0,1.0,2.0,2143791,1.0,1,3,1,0.0,,0.0,0,1997.0,B01,138Â 305Â 215,2.0,-1.0,-1.0,1637013,2.0,7,,0.0,9.0,1.0,A01,138Â 305Â 214,1.0
959194,201900000725,11,28,18:15,3,1,3,1.0,3.0,97129,Plessis Nogent,M,"16,3532490"," -61,7344780",971,2019,70.0,1.0,1.0,2.0,2143791,1.0,1,3,1,0.0,,0.0,0,1997.0,B01,138Â 305Â 215,2.0,-1.0,-1.0,1637014,1.0,2,,0.0,2.0,8.0,B01,138Â 305Â 215,1.0
959194,201900000725,11,28,18:15,3,1,3,1.0,3.0,97129,Plessis Nogent,M,"16,3532490"," -61,7344780",971,2019,70.0,1.0,1.0,2.0,2143792,2.0,2,4,1,0.0,,0.0,0,1995.0,B01,138Â 305Â 215,0.0,-1.0,-1.0,1637013,2.0,7,,0.0,9.0,1.0,A01,138Â 305Â 214,1.0
959194,201900000725,11,28,18:15,3,1,3,1.0,3.0,97129,Plessis Nogent,M,"16,3532490"," -61,7344780",971,2019,70.0,1.0,1.0,2.0,2143792,2.0,2,4,1,0.0,,0.0,0,1995.0,B01,138Â 305Â 215,0.0,-1.0,-1.0,1637014,1.0,2,,0.0,2.0,8.0,B01,138Â 305Â 215,1.0
959195,201900000726,11,29,13:00,1,1,2,1.0,3.0,37007,Intersection D517 - La Belle Croix,M,"47,0778380","0,2891210",37,2019,80.0,1.0,1.0,3.0,2143793,1.0,1,3,2,1.0,,0.0,0,1945.0,A01,138Â 305Â 212,8.0,-1.0,-1.0,1637015,2.0,7,,0.0,2.0,7.0,A01,138Â 305Â 212,1.0
959195,201900000726,11,29,13:00,1,1,2,1.0,3.0,37007,Intersection D517 - La Belle Croix,M,"47,0778380","0,2891210",37,2019,80.0,1.0,1.0,3.0,2143793,1.0,1,3,2,1.0,,0.0,0,1945.0,A01,138Â 305Â 212,8.0,-1.0,-1.0,1637016,1.0,7,,0.0,2.0,1.0,B01,138Â 305Â 213,1.0
959195,201900000726,11,29,13:00,1,1,2,1.0,3.0,37007,Intersection D517 - La Belle Croix,M,"47,0778380","0,2891210",37,2019,80.0,1.0,1.0,3.0,2143794,1.0,1,3,1,5.0,,0.0,0,1984.0,B01,138Â 305Â 213,8.0,-1.0,-1.0,1637015,2.0,7,,0.0,2.0,7.0,A01,138Â 305Â 212,1.0
959195,201900000726,11,29,13:00,1,1,2,1.0,3.0,37007,Intersection D517 - La Belle Croix,M,"47,0778380","0,2891210",37,2019,80.0,1.0,1.0,3.0,2143794,1.0,1,3,1,5.0,,0.0,0,1984.0,B01,138Â 305Â 213,8.0,-1.0,-1.0,1637016,1.0,7,,0.0,2.0,1.0,B01,138Â 305Â 213,1.0
959196,201900000727,11,25,20:30,3,1,1,1.0,6.0,77264,D402 - Route de Coulommiers,M,"48,7057400","2,9291800",77,2019,80.0,3.0,1.0,3.0,2143795,1.0,1,4,1,5.0,,0.0,0,1955.0,A01,138Â 305Â 211,1.0,-1.0,-1.0,1637017,1.0,10,,2.0,0.0,7.0,A01,138Â 305Â 211,0.0
959197,201900000728,11,29,15:25,1,2,3,1.0,3.0,84138,DÃ©partementale 10,M,"44,3919170","4,9885510",84,2019,50.0,5.0,1.0,3.0,2143796,1.0,1,3,2,5.0,,0.0,0,1990.0,B01,138Â 305Â 209,1.0,-1.0,-1.0,1637018,2.0,7,,0.0,0.0,3.0,B01,138Â 305Â 209,1.0
959197,201900000728,11,29,15:25,1,2,3,1.0,3.0,84138,DÃ©partementale 10,M,"44,3919170","4,9885510",84,2019,50.0,5.0,1.0,3.0,2143796,1.0,1,3,2,5.0,,0.0,0,1990.0,B01,138Â 305Â 209,1.0,-1.0,-1.0,1637019,1.0,7,,0.0,2.0,1.0,A01,138Â 305Â 210,1.0
959197,201900000728,11,29,15:25,1,2,3,1.0,3.0,84138,DÃ©partementale 10,M,"44,3919170","4,9885510",84,2019,50.0,5.0,1.0,3.0,2143797,1.0,1,1,1,5.0,,0.0,0,1997.0,A01,138Â 305Â 210,1.0,-1.0,-1.0,1637018,2.0,7,,0.0,0.0,3.0,B01,138Â 305Â 209,1.0
959197,201900000728,11,29,15:25,1,2,3,1.0,3.0,84138,DÃ©partementale 10,M,"44,3919170","4,9885510",84,2019,50.0,5.0,1.0,3.0,2143797,1.0,1,1,1,5.0,,0.0,0,1997.0,A01,138Â 305Â 210,1.0,-1.0,-1.0,1637019,1.0,7,,0.0,2.0,1.0,A01,138Â 305Â 210,1.0
959198,201900000729,11,27,13:55,1,2,7,2.0,7.0,51250,PLACE DE L'EGLISE,M,"49,3073580","3,6839530",51,2019,30.0,8.0,2.0,6.0,2143798,1.0,1,1,2,5.0,,0.0,0,1983.0,A01,138Â 305Â 208,1.0,-1.0,-1.0,1637020,3.0,7,,0.0,1.0,1.0,A01,138Â 305Â 208,1.0
959198,201900000729,11,27,13:55,1,2,7,2.0,7.0,51250,PLACE DE L'EGLISE,M,"49,3073580","3,6839530",51,2019,30.0,8.0,2.0,6.0,2143799,10.0,3,4,2,5.0,,5.0,3,2014.0,A01,138Â 305Â 208,0.0,-1.0,-1.0,1637020,3.0,7,,0.0,1.0,1.0,A01,138Â 305Â 208,1.0
959198,201900000729,11,27,13:55,1,2,7,2.0,7.0,51250,PLACE DE L'EGLISE,M,"49,3073580","3,6839530",51,2019,30.0,8.0,2.0,6.0,2143800,10.0,3,4,2,5.0,,5.0,3,1983.0,A01,138Â 305Â 208,0.0,-1.0,-1.0,1637020,3.0,7,,0.0,1.0,1.0,A01,138Â 305Â 208,1.0
959199,201900000730,11,28,14:00,1,1,1,1.0,3.0,68287,D18 BIS,M,"47,9546450","7,3342930",68,2019,80.0,1.0,1.0,3.0,2143801,1.0,1,4,2,0.0,,0.0,0,1966.0,B01,138Â 305Â 206,1.0,-1.0,-1.0,1637021,2.0,7,,0.0,0.0,8.0,B01,138Â 305Â 206,1.0
959199,201900000730,11,28,14:00,1,1,1,1.0,3.0,68287,D18 BIS,M,"47,9546450","7,3342930",68,2019,80.0,1.0,1.0,3.0,2143801,1.0,1,4,2,0.0,,0.0,0,1966.0,B01,138Â 305Â 206,1.0,-1.0,-1.0,1637022,1.0,7,,0.0,2.0,3.0,A01,138Â 305Â 207,1.0
959199,201900000730,11,28,14:00,1,1,1,1.0,3.0,68287,D18 BIS,M,"47,9546450","7,3342930",68,2019,80.0,1.0,1.0,3.0,2143802,1.0,1,4,2,5.0,,0.0,0,1984.0,A01,138Â 305Â 207,1.0,-1.0,-1.0,1637021,2.0,7,,0.0,0.0,8.0,B01,138Â 305Â 206,1.0
959199,201900000730,11,28,14:00,1,1,1,1.0,3.0,68287,D18 BIS,M,"47,9546450","7,3342930",68,2019,80.0,1.0,1.0,3.0,2143802,1.0,1,4,2,5.0,,0.0,0,1984.0,A01,138Â 305Â 207,1.0,-1.0,-1.0,1637022,1.0,7,,0.0,2.0,3.0,A01,138Â 305Â 207,1.0
959200,201900000731,11,28,07:10,2,2,1,2.0,6.0,67300,42 Rue de Saverne,M,"48,5454870","7,4914260",67,2019,50.0,1.0,2.0,3.0,2143803,1.0,1,1,2,3.0,,0.0,0,1960.0,A01,138Â 305Â 205,1.0,-1.0,-1.0,1637023,0.0,7,,0.0,1.0,1.0,A01,138Â 305Â 205,1.0
959200,201900000731,11,28,07:10,2,2,1,2.0,6.0,67300,42 Rue de Saverne,M,"48,5454870","7,4914260",67,2019,50.0,1.0,2.0,3.0,2143804,10.0,3,3,1,3.0,,2.0,3,1955.0,A01,138Â 305Â 205,0.0,-1.0,-1.0,1637023,0.0,7,,0.0,1.0,1.0,A01,138Â 305Â 205,1.0
959201,201900000732,11,29,18:30,5,2,3,2.0,3.0,38158,Avenue Teisseire,M,"45,1612200","5,7550260",38,2019,50.0,1.0,2.0,3.0,2143805,1.0,1,1,1,0.0,,0.0,0,1989.0,A01,138Â 305Â 203,1.0,-1.0,-1.0,1637024,3.0,7,,0.0,0.0,7.0,A01,138Â 305Â 203,1.0
959201,201900000732,11,29,18:30,5,2,3,2.0,3.0,38158,Avenue Teisseire,M,"45,1612200","5,7550260",38,2019,50.0,1.0,2.0,3.0,2143805,1.0,1,1,1,0.0,,0.0,0,1989.0,A01,138Â 305Â 203,1.0,-1.0,-1.0,1637025,3.0,2,,0.0,2.0,2.0,B01,138Â 305Â 204,1.0
959201,201900000732,11,29,18:30,5,2,3,2.0,3.0,38158,Avenue Teisseire,M,"45,1612200","5,7550260",38,2019,50.0,1.0,2.0,3.0,2143806,1.0,1,4,1,0.0,,0.0,0,1975.0,B01,138Â 305Â 204,2.0,-1.0,-1.0,1637024,3.0,7,,0.0,0.0,7.0,A01,138Â 305Â 203,1.0
959201,201900000732,11,29,18:30,5,2,3,2.0,3.0,38158,Avenue Teisseire,M,"45,1612200","5,7550260",38,2019,50.0,1.0,2.0,3.0,2143806,1.0,1,4,1,0.0,,0.0,0,1975.0,B01,138Â 305Â 204,2.0,-1.0,-1.0,1637025,3.0,2,,0.0,2.0,2.0,B01,138Â 305Â 204,1.0
959202,201900000733,9,1,15:32,1,2,1,1.0,3.0,63019,SOLEIL LEVANT (RUE DU),M,"45,7959039","3,1651663",63,2019,50.0,1.0,1.0,4.0,2143807,1.0,1,1,1,4.0,,0.0,0,1967.0,A01,138Â 305Â 201,8.0,8.0,-1.0,1637026,3.0,37,1.0,0.0,6.0,3.0,A01,138Â 305Â 201,1.0
959202,201900000733,9,1,15:32,1,2,1,1.0,3.0,63019,SOLEIL LEVANT (RUE DU),M,"45,7959039","3,1651663",63,2019,50.0,1.0,1.0,4.0,2143807,1.0,1,1,1,4.0,,0.0,0,1967.0,A01,138Â 305Â 201,8.0,8.0,-1.0,1637027,3.0,1,,0.0,2.0,1.0,B01,138Â 305Â 202,5.0
959202,201900000733,9,1,15:32,1,2,1,1.0,3.0,63019,SOLEIL LEVANT (RUE DU),M,"45,7959039","3,1651663",63,2019,50.0,1.0,1.0,4.0,2143808,1.0,1,3,1,5.0,,-1.0, -1,2004.0,B01,138Â 305Â 202,8.0,0.0,-1.0,1637026,3.0,37,1.0,0.0,6.0,3.0,A01,138Â 305Â 201,1.0
959202,201900000733,9,1,15:32,1,2,1,1.0,3.0,63019,SOLEIL LEVANT (RUE DU),M,"45,7959039","3,1651663",63,2019,50.0,1.0,1.0,4.0,2143808,1.0,1,3,1,5.0,,-1.0, -1,2004.0,B01,138Â 305Â 202,8.0,0.0,-1.0,1637027,3.0,1,,0.0,2.0,1.0,B01,138Â 305Â 202,5.0
959203,201900000734,9,20,17:50,1,2,1,1.0,6.0,59599,EGALITE (BOULEVARD DE L'),M,"50,7390000","3,1690500",59,2019,50.0,1.0,1.0,4.0,2143809,1.0,1,1,1,5.0,,-1.0,0,1962.0,A01,138Â 305Â 195,8.0,0.0,-1.0,1637028,3.0,7,,1.0,0.0,1.0,A01,138Â 305Â 195,1.0
959203,201900000734,9,20,17:50,1,2,1,1.0,6.0,59599,EGALITE (BOULEVARD DE L'),M,"50,7390000","3,1690500",59,2019,50.0,1.0,1.0,4.0,2143810,10.0,3,4,2,5.0,,4.0,3,1962.0,A01,138Â 305Â 195,8.0,0.0,-1.0,1637028,3.0,7,,1.0,0.0,1.0,A01,138Â 305Â 195,1.0
959204,201900000735,9,20,22:40,5,2,6,1.0,1.0,59512,AVELGHEM (RUE D'),M,"50,6946874","3,1949066",59,2019,50.0,1.0,1.0,4.0,2143811,1.0,1,4,1,0.0,,-1.0, -1,1974.0,B01,138Â 305Â 193,8.0,0.0,-1.0,1637029,3.0,1,,0.0,0.0,0.0,B01,138Â 305Â 193,5.0
959204,201900000735,9,20,22:40,5,2,6,1.0,1.0,59512,AVELGHEM (RUE D'),M,"50,6946874","3,1949066",59,2019,50.0,1.0,1.0,4.0,2143811,1.0,1,4,1,0.0,,-1.0, -1,1974.0,B01,138Â 305Â 193,8.0,0.0,-1.0,1637030,3.0,7,,0.0,2.0,1.0,A01,138Â 305Â 194,1.0
959204,201900000735,9,20,22:40,5,2,6,1.0,1.0,59512,AVELGHEM (RUE D'),M,"50,6946874","3,1949066",59,2019,50.0,1.0,1.0,4.0,2143812,1.0,1,4,1,0.0,,-1.0, -1,1996.0,A01,138Â 305Â 194,1.0,0.0,-1.0,1637029,3.0,1,,0.0,0.0,0.0,B01,138Â 305Â 193,5.0
959204,201900000735,9,20,22:40,5,2,6,1.0,1.0,59512,AVELGHEM (RUE D'),M,"50,6946874","3,1949066",59,2019,50.0,1.0,1.0,4.0,2143812,1.0,1,4,1,0.0,,-1.0, -1,1996.0,A01,138Â 305Â 194,1.0,0.0,-1.0,1637030,3.0,7,,0.0,2.0,1.0,A01,138Â 305Â 194,1.0
959205,201900000736,9,16,07:20,1,1,1,1.0,3.0,59193,"Bas chemin, rue du",M,"50,5915100","3,0115600",59,2019,50.0,1.0,1.0,4.0,2143813,1.0,1,4,2,4.0,,-1.0, -1,1987.0,B01,138Â 305Â 190,1.0,8.0,-1.0,1637031,3.0,7,,0.0,2.0,3.0,B01,138Â 305Â 190,1.0
959205,201900000736,9,16,07:20,1,1,1,1.0,3.0,59193,"Bas chemin, rue du",M,"50,5915100","3,0115600",59,2019,50.0,1.0,1.0,4.0,2143813,1.0,1,4,2,4.0,,-1.0, -1,1987.0,B01,138Â 305Â 190,1.0,8.0,-1.0,1637032,3.0,7,,0.0,2.0,3.0,A01,138Â 305Â 191,1.0
959206,201900000737,9,19,11:37,1,2,2,1.0,6.0,59009,OUEST BOULEVARD DE L,M,"50,6398651","3,1226237",59,2019,50.0,1.0,1.0,7.0,2143814,1.0,1,1,1,5.0,,-1.0,0,1940.0,A01,138Â 305Â 189,8.0,0.0,-1.0,1637033,3.0,7,,0.0,1.0,3.0,A01,138Â 305Â 189,1.0
959206,201900000737,9,19,11:37,1,2,2,1.0,6.0,59009,OUEST BOULEVARD DE L,M,"50,6398651","3,1226237",59,2019,50.0,1.0,1.0,7.0,2143815,10.0,3,2,2,5.0,,3.0,3,1964.0,A01,138Â 305Â 189,8.0,0.0,-1.0,1637033,3.0,7,,0.0,1.0,3.0,A01,138Â 305Â 189,1.0
959207,201900000738,9,20,15:00,1,2,1,1.0,6.0,57672,GENERAL DE CASTELNAU (RUE DU),M,"49,3527100","6,1608000",57,2019,50.0,1.0,1.0,4.0,2143816,1.0,1,1,1,5.0,,-1.0, -1,1938.0,A01,138Â 305Â 188,1.0,0.0,-1.0,1637034,1.0,7,,0.0,1.0,1.0,A01,138Â 305Â 188,1.0
959207,201900000738,9,20,15:00,1,2,1,1.0,6.0,57672,GENERAL DE CASTELNAU (RUE DU),M,"49,3527100","6,1608000",57,2019,50.0,1.0,1.0,4.0,2143817,10.0,3,3,2,5.0,,3.0,3,1954.0,A01,138Â 305Â 188,8.0,0.0,-1.0,1637034,1.0,7,,0.0,1.0,1.0,A01,138Â 305Â 188,1.0
959208,201900000739,9,18,14:55,1,2,1,1.0,3.0,57672,MEILBOURG (RUE DE),M,"49,3950000","6,1992000",57,2019,50.0,1.0,1.0,4.0,2143818,1.0,1,4,1,5.0,,-1.0, -1,2005.0,A01,138Â 305Â 186,2.0,0.0,-1.0,1637035,1.0,31,,1.0,0.0,1.0,A01,138Â 305Â 186,2.0
959208,201900000739,9,18,14:55,1,2,1,1.0,3.0,57672,MEILBOURG (RUE DE),M,"49,3950000","6,1992000",57,2019,50.0,1.0,1.0,4.0,2143818,1.0,1,4,1,5.0,,-1.0, -1,2005.0,A01,138Â 305Â 186,2.0,0.0,-1.0,1637036,1.0,36,,0.0,2.0,4.0,C01,138Â 305Â 187,1.0
959208,201900000739,9,18,14:55,1,2,1,1.0,3.0,57672,MEILBOURG (RUE DE),M,"49,3950000","6,1992000",57,2019,50.0,1.0,1.0,4.0,2143819,1.0,1,4,1,5.0,,-1.0, -1,1973.0,C01,138Â 305Â 187,2.0,6.0,-1.0,1637035,1.0,31,,1.0,0.0,1.0,A01,138Â 305Â 186,2.0
959208,201900000739,9,18,14:55,1,2,1,1.0,3.0,57672,MEILBOURG (RUE DE),M,"49,3950000","6,1992000",57,2019,50.0,1.0,1.0,4.0,2143819,1.0,1,4,1,5.0,,-1.0, -1,1973.0,C01,138Â 305Â 187,2.0,6.0,-1.0,1637036,1.0,36,,0.0,2.0,4.0,C01,138Â 305Â 187,1.0
959209,201900000740,9,19,17:15,1,2,2,1.0,3.0,56121,Rue Louis Guiguen,M,"47,7557400"," -3,3548100",56,2019,30.0,1.0,1.0,4.0,2143820,1.0,1,1,2,5.0,,-1.0,0,1987.0,A01,138Â 305Â 184,1.0,8.0,-1.0,1637037,1.0,7,,0.0,2.0,2.0,A01,138Â 305Â 184,1.0
959209,201900000740,9,19,17:15,1,2,2,1.0,3.0,56121,Rue Louis Guiguen,M,"47,7557400"," -3,3548100",56,2019,30.0,1.0,1.0,4.0,2143820,1.0,1,1,2,5.0,,-1.0,0,1987.0,A01,138Â 305Â 184,1.0,8.0,-1.0,1637038,2.0,1,,0.0,2.0,8.0,B01,138Â 305Â 185,5.0
959209,201900000740,9,19,17:15,1,2,2,1.0,3.0,56121,Rue Louis Guiguen,M,"47,7557400"," -3,3548100",56,2019,30.0,1.0,1.0,4.0,2143821,1.0,1,4,1,0.0,,-1.0,0,1963.0,B01,138Â 305Â 185,2.0,0.0,-1.0,1637037,1.0,7,,0.0,2.0,2.0,A01,138Â 305Â 184,1.0
959209,201900000740,9,19,17:15,1,2,2,1.0,3.0,56121,Rue Louis Guiguen,M,"47,7557400"," -3,3548100",56,2019,30.0,1.0,1.0,4.0,2143821,1.0,1,4,1,0.0,,-1.0,0,1963.0,B01,138Â 305Â 185,2.0,0.0,-1.0,1637038,2.0,1,,0.0,2.0,8.0,B01,138Â 305Â 185,5.0
959210,201900000741,9,20,18:40,2,2,6,1.0,3.0,54395,BROT (Rond-Point Marcel),M,"48,6767000","6,2054000",54,2019,30.0,1.0,1.0,4.0,2143822,1.0,1,1,1,0.0,,-1.0,0,1987.0,A01,138Â 305Â 182,1.0,0.0,-1.0,1637039,1.0,7,,0.0,2.0,0.0,A01,138Â 305Â 182,1.0
959210,201900000741,9,20,18:40,2,2,6,1.0,3.0,54395,BROT (Rond-Point Marcel),M,"48,6767000","6,2054000",54,2019,30.0,1.0,1.0,4.0,2143822,1.0,1,1,1,0.0,,-1.0,0,1987.0,A01,138Â 305Â 182,1.0,0.0,-1.0,1637040,1.0,33,,0.0,2.0,0.0,B01,138Â 305Â 183,1.0
959210,201900000741,9,20,18:40,2,2,6,1.0,3.0,54395,BROT (Rond-Point Marcel),M,"48,6767000","6,2054000",54,2019,30.0,1.0,1.0,4.0,2143823,1.0,1,4,1,0.0,,-1.0,0,1966.0,B01,138Â 305Â 183,2.0,0.0,-1.0,1637039,1.0,7,,0.0,2.0,0.0,A01,138Â 305Â 182,1.0
959210,201900000741,9,20,18:40,2,2,6,1.0,3.0,54395,BROT (Rond-Point Marcel),M,"48,6767000","6,2054000",54,2019,30.0,1.0,1.0,4.0,2143823,1.0,1,4,1,0.0,,-1.0,0,1966.0,B01,138Â 305Â 183,2.0,0.0,-1.0,1637040,1.0,33,,0.0,2.0,0.0,B01,138Â 305Â 183,1.0
959211,201900000742,9,20,16:50,1,2,1,1.0,7.0,54547,HOLLANDE (RUE DE),M,"48,6626220","6,1815450",54,2019,50.0,1.0,1.0,4.0,2143824,10.0,3,4,1,0.0,,3.0,3,2012.0,Z01,138Â 305Â 181,8.0,0.0,-1.0,1637041,1.0,7,,0.0,1.0,0.0,Z01,138Â 305Â 181,1.0
959211,201900000742,9,20,16:50,1,2,1,1.0,7.0,54547,HOLLANDE (RUE DE),M,"48,6626220","6,1815450",54,2019,50.0,1.0,1.0,4.0,2143825,10.0,3,1,1,5.0,,2.0,3,1985.0,Z01,138Â 305Â 181,0.0,-1.0,-1.0,1637041,1.0,7,,0.0,1.0,0.0,Z01,138Â 305Â 181,1.0
959212,201900000743,9,19,15:30,1,1,1,1.0,6.0,50203,VENTE (ROUTE DE LA),M,"49,5977400"," -1,5898000",50,2019,50.0,1.0,1.0,3.0,2143826,1.0,1,4,2,5.0,,0.0,0,1932.0,A01,138Â 305Â 180,1.0,8.0,-1.0,1637042,2.0,7,,13.0,0.0,3.0,A01,138Â 305Â 180,1.0
959213,201900000744,9,17,10:20,1,2,3,1.0,3.0,50129,BREMERHAVEN (AVENUE DE),M,"49,6310100"," -1,6065100",50,2019,50.0,1.0,1.0,4.0,2143827,2.0,2,4,1,2.0,,0.0,0,2003.0,A01,138Â 305Â 178,2.0,8.0,-1.0,1637043,0.0,2,,0.0,2.0,1.0,A01,138Â 305Â 178,1.0
959213,201900000744,9,17,10:20,1,2,3,1.0,3.0,50129,BREMERHAVEN (AVENUE DE),M,"49,6310100"," -1,6065100",50,2019,50.0,1.0,1.0,4.0,2143827,2.0,2,4,1,2.0,,0.0,0,2003.0,A01,138Â 305Â 178,2.0,8.0,-1.0,1637044,0.0,7,,0.0,2.0,5.0,B01,138Â 305Â 179,1.0
959213,201900000744,9,17,10:20,1,2,3,1.0,3.0,50129,BREMERHAVEN (AVENUE DE),M,"49,6310100"," -1,6065100",50,2019,50.0,1.0,1.0,4.0,2143828,1.0,1,4,1,2.0,,0.0,0,2003.0,A01,138Â 305Â 178,2.0,8.0,-1.0,1637043,0.0,2,,0.0,2.0,1.0,A01,138Â 305Â 178,1.0
959213,201900000744,9,17,10:20,1,2,3,1.0,3.0,50129,BREMERHAVEN (AVENUE DE),M,"49,6310100"," -1,6065100",50,2019,50.0,1.0,1.0,4.0,2143828,1.0,1,4,1,2.0,,0.0,0,2003.0,A01,138Â 305Â 178,2.0,8.0,-1.0,1637044,0.0,7,,0.0,2.0,5.0,B01,138Â 305Â 179,1.0
959213,201900000744,9,17,10:20,1,2,3,1.0,3.0,50129,BREMERHAVEN (AVENUE DE),M,"49,6310100"," -1,6065100",50,2019,50.0,1.0,1.0,4.0,2143829,1.0,1,1,2,5.0,,0.0,0,1957.0,B01,138Â 305Â 179,1.0,8.0,-1.0,1637043,0.0,2,,0.0,2.0,1.0,A01,138Â 305Â 178,1.0
959213,201900000744,9,17,10:20,1,2,3,1.0,3.0,50129,BREMERHAVEN (AVENUE DE),M,"49,6310100"," -1,6065100",50,2019,50.0,1.0,1.0,4.0,2143829,1.0,1,1,2,5.0,,0.0,0,1957.0,B01,138Â 305Â 179,1.0,8.0,-1.0,1637044,0.0,7,,0.0,2.0,5.0,B01,138Â 305Â 179,1.0
959214,201900000745,9,19,18:25,1,1,1,1.0,4.0,49007,ATLANTIQUE  AVENUE DE L',M,"47,4693400"," -0,5978000",49,2019,90.0,1.0,1.0,3.0,2143830,1.0,1,1,1,0.0,,-1.0,0,1993.0,A01,138Â 305Â 173,1.0,8.0,-1.0,1637045,2.0,7,,0.0,2.0,1.0,A01,138Â 305Â 173,1.0
959214,201900000745,9,19,18:25,1,1,1,1.0,4.0,49007,ATLANTIQUE  AVENUE DE L',M,"47,4693400"," -0,5978000",49,2019,90.0,1.0,1.0,3.0,2143830,1.0,1,1,1,0.0,,-1.0,0,1993.0,A01,138Â 305Â 173,1.0,8.0,-1.0,1637046,2.0,7,,0.0,2.0,4.0,B01,138Â 305Â 174,1.0