Unnamed: 0_x,num_acc,mois,jour,hrmn,lum,agg,int,atm,col,com,adr,gps,lat,long,dep,annee,vma,situ,surf,catr,Unnamed: 0_y,place,catu,grav,sexe,trajet,secu,locp,actp,an_nais,num_veh_x,id_vehicule_x,secu1,secu2,secu3,Unnamed: 0,senc,catv,occutc,obs,obsm,choc,num_veh_y,id_vehicule_y,motor
959214,201900000745,9,19,18:25,1,1,1,1.0,4.0,49007,ATLANTIQUE  AVENUE DE L',M,"47,4693400"," -0,5978000",49,2019,90.0,1.0,1.0,3.0,2143830,1.0,1,1,1,0.0,,-1.0,0,1993.0,A01,138Â 305Â 173,1.0,8.0,-1.0,1637047,2.0,7,,0.0,2.0,4.0,C01,138Â 305Â 175,1.0
959214,201900000745,9,19,18:25,1,1,1,1.0,4.0,49007,ATLANTIQUE  AVENUE DE L',M,"47,4693400"," -0,5978000",49,2019,90.0,1.0,1.0,3.0,2143830,1.0,1,1,1,0.0,,-1.0,0,1993.0,A01,138Â 305Â 173,1.0,8.0,-1.0,1637048,2.0,7,,0.0,2.0,4.0,D01,138Â 305Â 176,1.0
959214,201900000745,9,19,18:25,1,1,1,1.0,4.0,49007,ATLANTIQUE  AVENUE DE L',M,"47,4693400"," -0,5978000",49,2019,90.0,1.0,1.0,3.0,2143830,1.0,1,1,1,0.0,,-1.0,0,1993.0,A01,138Â 305Â 173,1.0,8.0,-1.0,1637049,2.0,7,,0.0,2.0,4.0,E01,138Â 305Â 177,1.0
959214,201900000745,9,19,18:25,1,1,1,1.0,4.0,49007,ATLANTIQUE  AVENUE DE L',M,"47,4693400"," -0,5978000",49,2019,90.0,1.0,1.0,3.0,2143831,1.0,1,4,2,0.0,,-1.0,0,1997.0,B01,138Â 305Â 174,1.0,0.0,-1.0,1637045,2.0,7,,0.0,2.0,1.0,A01,138Â 305Â 173,1.0
959214,201900000745,9,19,18:25,1,1,1,1.0,4.0,49007,ATLANTIQUE  AVENUE DE L',M,"47,4693400"," -0,5978000",49,2019,90.0,1.0,1.0,3.0,2143831,1.0,1,4,2,0.0,,-1.0,0,1997.0,B01,138Â 305Â 174,1.0,0.0,-1.0,1637046,2.0,7,,0.0,2.0,4.0,B01,138Â 305Â 174,1.0
959214,201900000745,9,19,18:25,1,1,1,1.0,4.0,49007,ATLANTIQUE  AVENUE DE L',M,"47,4693400"," -0,5978000",49,2019,90.0,1.0,1.0,3.0,2143831,1.0,1,4,2,0.0,,-1.0,0,1997.0,B01,138Â 305Â 174,1.0,0.0,-1.0,1637047,2.0,7,,0.0,2.0,4.0,C01,138Â 305Â 175,1.0
959214,201900000745,9,19,18:25,1,1,1,1.0,4.0,49007,ATLANTIQUE  AVENUE DE L',M,"47,4693400"," -0,5978000",49,2019,90.0,1.0,1.0,3.0,2143831,1.0,1,4,2,0.0,,-1.0,0,1997.0,B01,138Â 305Â 174,1.0,0.0,-1.0,1637048,2.0,7,,0.0,2.0,4.0,D01,138Â 305Â 176,1.0
959214,201900000745,9,19,18:25,1,1,1,1.0,4.0,49007,ATLANTIQUE  AVENUE DE L',M,"47,4693400"," -0,5978000",49,2019,90.0,1.0,1.0,3.0,2143831,1.0,1,4,2,0.0,,-1.0,0,1997.0,B01,138Â 305Â 174,1.0,0.0,-1.0,1637049,2.0,7,,0.0,2.0,4.0,E01,138Â 305Â 177,1.0
959214,201900000745,9,19,18:25,1,1,1,1.0,4.0,49007,ATLANTIQUE  AVENUE DE L',M,"47,4693400"," -0,5978000",49,2019,90.0,1.0,1.0,3.0,2143832,2.0,2,4,2,0.0,,-1.0,0,2001.0,C01,138Â 305Â 175,1.0,0.0,-1.0,1637045,2.0,7,,0.0,2.0,1.0,A01,138Â 305Â 173,1.0
959214,201900000745,9,19,18:25,1,1,1,1.0,4.0,49007,ATLANTIQUE  AVENUE DE L',M,"47,4693400"," -0,5978000",49,2019,90.0,1.0,1.0,3.0,2143832,2.0,2,4,2,0.0,,-1.0,0,2001.0,C01,138Â 305Â 175,1.0,0.0,-1.0,1637046,2.0,7,,0.0,2.0,4.0,B01,138Â 305Â 174,1.0
959214,201900000745,9,19,18:25,1,1,1,1.0,4.0,49007,ATLANTIQUE  AVENUE DE L',M,"47,4693400"," -0,5978000",49,2019,90.0,1.0,1.0,3.0,2143832,2.0,2,4,2,0.0,,-1.0,0,2001.0,C01,138Â 305Â 175,1.0,0.0,-1.0,1637047,2.0,7,,0.0,2.0,4.0,C01,138Â 305Â 175,1.0
959214,201900000745,9,19,18:25,1,1,1,1.0,4.0,49007,ATLANTIQUE  AVENUE DE L',M,"47,4693400"," -0,5978000",49,2019,90.0,1.0,1.0,3.0,2143832,2.0,2,4,2,0.0,,-1.0,0,2001.0,C01,138Â 305Â 175,1.0,0.0,-1.0,1637048,2.0,7,,0.0,2.0,4.0,D01,138Â 305Â 176,1.0
959214,201900000745,9,19,18:25,1,1,1,1.0,4.0,49007,ATLANTIQUE  AVENUE DE L',M,"47,4693400"," -0,5978000",49,2019,90.0,1.0,1.0,3.0,2143832,2.0,2,4,2,0.0,,-1.0,0,2001.0,C01,138Â 305Â 175,1.0,0.0,-1.0,1637049,2.0,7,,0.0,2.0,4.0,E01,138Â 305Â 177,1.0
959214,201900000745,9,19,18:25,1,1,1,1.0,4.0,49007,ATLANTIQUE  AVENUE DE L',M,"47,4693400"," -0,5978000",49,2019,90.0,1.0,1.0,3.0,2143833,1.0,1,1,1,0.0,,-1.0,0,1998.0,C01,138Â 305Â 175,1.0,0.0,-1.0,1637045,2.0,7,,0.0,2.0,1.0,A01,138Â 305Â 173,1.0
959214,201900000745,9,19,18:25,1,1,1,1.0,4.0,49007,ATLANTIQUE  AVENUE DE L',M,"47,4693400"," -0,5978000",49,2019,90.0,1.0,1.0,3.0,2143833,1.0,1,1,1,0.0,,-1.0,0,1998.0,C01,138Â 305Â 175,1.0,0.0,-1.0,1637046,2.0,7,,0.0,2.0,4.0,B01,138Â 305Â 174,1.0
959214,201900000745,9,19,18:25,1,1,1,1.0,4.0,49007,ATLANTIQUE  AVENUE DE L',M,"47,4693400"," -0,5978000",49,2019,90.0,1.0,1.0,3.0,2143833,1.0,1,1,1,0.0,,-1.0,0,1998.0,C01,138Â 305Â 175,1.0,0.0,-1.0,1637047,2.0,7,,0.0,2.0,4.0,C01,138Â 305Â 175,1.0
959214,201900000745,9,19,18:25,1,1,1,1.0,4.0,49007,ATLANTIQUE  AVENUE DE L',M,"47,4693400"," -0,5978000",49,2019,90.0,1.0,1.0,3.0,2143833,1.0,1,1,1,0.0,,-1.0,0,1998.0,C01,138Â 305Â 175,1.0,0.0,-1.0,1637048,2.0,7,,0.0,2.0,4.0,D01,138Â 305Â 176,1.0
959214,201900000745,9,19,18:25,1,1,1,1.0,4.0,49007,ATLANTIQUE  AVENUE DE L',M,"47,4693400"," -0,5978000",49,2019,90.0,1.0,1.0,3.0,2143833,1.0,1,1,1,0.0,,-1.0,0,1998.0,C01,138Â 305Â 175,1.0,0.0,-1.0,1637049,2.0,7,,0.0,2.0,4.0,E01,138Â 305Â 177,1.0
959214,201900000745,9,19,18:25,1,1,1,1.0,4.0,49007,ATLANTIQUE  AVENUE DE L',M,"47,4693400"," -0,5978000",49,2019,90.0,1.0,1.0,3.0,2143834,1.0,1,1,2,0.0,,-1.0,0,1984.0,D01,138Â 305Â 176,1.0,0.0,-1.0,1637045,2.0,7,,0.0,2.0,1.0,A01,138Â 305Â 173,1.0
959214,201900000745,9,19,18:25,1,1,1,1.0,4.0,49007,ATLANTIQUE  AVENUE DE L',M,"47,4693400"," -0,5978000",49,2019,90.0,1.0,1.0,3.0,2143834,1.0,1,1,2,0.0,,-1.0,0,1984.0,D01,138Â 305Â 176,1.0,0.0,-1.0,1637046,2.0,7,,0.0,2.0,4.0,B01,138Â 305Â 174,1.0
959214,201900000745,9,19,18:25,1,1,1,1.0,4.0,49007,ATLANTIQUE  AVENUE DE L',M,"47,4693400"," -0,5978000",49,2019,90.0,1.0,1.0,3.0,2143834,1.0,1,1,2,0.0,,-1.0,0,1984.0,D01,138Â 305Â 176,1.0,0.0,-1.0,1637047,2.0,7,,0.0,2.0,4.0,C01,138Â 305Â 175,1.0
959214,201900000745,9,19,18:25,1,1,1,1.0,4.0,49007,ATLANTIQUE  AVENUE DE L',M,"47,4693400"," -0,5978000",49,2019,90.0,1.0,1.0,3.0,2143834,1.0,1,1,2,0.0,,-1.0,0,1984.0,D01,138Â 305Â 176,1.0,0.0,-1.0,1637048,2.0,7,,0.0,2.0,4.0,D01,138Â 305Â 176,1.0
959214,201900000745,9,19,18:25,1,1,1,1.0,4.0,49007,ATLANTIQUE  AVENUE DE L',M,"47,4693400"," -0,5978000",49,2019,90.0,1.0,1.0,3.0,2143834,1.0,1,1,2,0.0,,-1.0,0,1984.0,D01,138Â 305Â 176,1.0,0.0,-1.0,1637049,2.0,7,,0.0,2.0,4.0,E01,138Â 305Â 177,1.0
959214,201900000745,9,19,18:25,1,1,1,1.0,4.0,49007,ATLANTIQUE  AVENUE DE L',M,"47,4693400"," -0,5978000",49,2019,90.0,1.0,1.0,3.0,2143835,2.0,2,4,2,0.0,,-1.0,0,1995.0,E01,138Â 305Â 177,1.0,0.0,-1.0,1637045,2.0,7,,0.0,2.0,1.0,A01,138Â 305Â 173,1.0
959214,201900000745,9,19,18:25,1,1,1,1.0,4.0,49007,ATLANTIQUE  AVENUE DE L',M,"47,4693400"," -0,5978000",49,2019,90.0,1.0,1.0,3.0,2143835,2.0,2,4,2,0.0,,-1.0,0,1995.0,E01,138Â 305Â 177,1.0,0.0,-1.0,1637046,2.0,7,,0.0,2.0,4.0,B01,138Â 305Â 174,1.0
959214,201900000745,9,19,18:25,1,1,1,1.0,4.0,49007,ATLANTIQUE  AVENUE DE L',M,"47,4693400"," -0,5978000",49,2019,90.0,1.0,1.0,3.0,2143835,2.0,2,4,2,0.0,,-1.0,0,1995.0,E01,138Â 305Â 177,1.0,0.0,-1.0,1637047,2.0,7,,0.0,2.0,4.0,C01,138Â 305Â 175,1.0
959214,201900000745,9,19,18:25,1,1,1,1.0,4.0,49007,ATLANTIQUE  AVENUE DE L',M,"47,4693400"," -0,5978000",49,2019,90.0,1.0,1.0,3.0,2143835,2.0,2,4,2,0.0,,-1.0,0,1995.0,E01,138Â 305Â 177,1.0,0.0,-1.0,1637048,2.0,7,,0.0,2.0,4.0,D01,138Â 305Â 176,1.0
959214,201900000745,9,19,18:25,1,1,1,1.0,4.0,49007,ATLANTIQUE  AVENUE DE L',M,"47,4693400"," -0,5978000",49,2019,90.0,1.0,1.0,3.0,2143835,2.0,2,4,2,0.0,,-1.0,0,1995.0,E01,138Â 305Â 177,1.0,0.0,-1.0,1637049,2.0,7,,0.0,2.0,4.0,E01,138Â 305Â 177,1.0
959214,201900000745,9,19,18:25,1,1,1,1.0,4.0,49007,ATLANTIQUE  AVENUE DE L',M,"47,4693400"," -0,5978000",49,2019,90.0,1.0,1.0,3.0,2143836,1.0,1,1,2,0.0,,-1.0,0,1997.0,E01,138Â 305Â 177,1.0,0.0,-1.0,1637045,2.0,7,,0.0,2.0,1.0,A01,138Â 305Â 173,1.0
959214,201900000745,9,19,18:25,1,1,1,1.0,4.0,49007,ATLANTIQUE  AVENUE DE L',M,"47,4693400"," -0,5978000",49,2019,90.0,1.0,1.0,3.0,2143836,1.0,1,1,2,0.0,,-1.0,0,1997.0,E01,138Â 305Â 177,1.0,0.0,-1.0,1637046,2.0,7,,0.0,2.0,4.0,B01,138Â 305Â 174,1.0
959214,201900000745,9,19,18:25,1,1,1,1.0,4.0,49007,ATLANTIQUE  AVENUE DE L',M,"47,4693400"," -0,5978000",49,2019,90.0,1.0,1.0,3.0,2143836,1.0,1,1,2,0.0,,-1.0,0,1997.0,E01,138Â 305Â 177,1.0,0.0,-1.0,1637047,2.0,7,,0.0,2.0,4.0,C01,138Â 305Â 175,1.0
959214,201900000745,9,19,18:25,1,1,1,1.0,4.0,49007,ATLANTIQUE  AVENUE DE L',M,"47,4693400"," -0,5978000",49,2019,90.0,1.0,1.0,3.0,2143836,1.0,1,1,2,0.0,,-1.0,0,1997.0,E01,138Â 305Â 177,1.0,0.0,-1.0,1637048,2.0,7,,0.0,2.0,4.0,D01,138Â 305Â 176,1.0
959214,201900000745,9,19,18:25,1,1,1,1.0,4.0,49007,ATLANTIQUE  AVENUE DE L',M,"47,4693400"," -0,5978000",49,2019,90.0,1.0,1.0,3.0,2143836,1.0,1,1,2,0.0,,-1.0,0,1997.0,E01,138Â 305Â 177,1.0,0.0,-1.0,1637049,2.0,7,,0.0,2.0,4.0,E01,138Â 305Â 177,1.0
959215,201900000746,9,19,11:20,1,1,2,1.0,3.0,49353,MARAICHERE CHEMIN,M,"47,4454900"," -0,4894600",49,2019,50.0,1.0,1.0,4.0,2143837,1.0,1,1,2,0.0,,-1.0,0,1945.0,A01,138Â 305Â 171,1.0,8.0,-1.0,1637050,1.0,7,,0.0,2.0,2.0,A01,138Â 305Â 171,0.0
959215,201900000746,9,19,11:20,1,1,2,1.0,3.0,49353,MARAICHERE CHEMIN,M,"47,4454900"," -0,4894600",49,2019,50.0,1.0,1.0,4.0,2143837,1.0,1,1,2,0.0,,-1.0,0,1945.0,A01,138Â 305Â 171,1.0,8.0,-1.0,1637051,1.0,2,,0.0,2.0,1.0,B01,138Â 305Â 172,0.0
959215,201900000746,9,19,11:20,1,1,2,1.0,3.0,49353,MARAICHERE CHEMIN,M,"47,4454900"," -0,4894600",49,2019,50.0,1.0,1.0,4.0,2143838,1.0,1,3,1,0.0,,-1.0,0,1964.0,B01,138Â 305Â 172,2.0,8.0,-1.0,1637050,1.0,7,,0.0,2.0,2.0,A01,138Â 305Â 171,0.0
959215,201900000746,9,19,11:20,1,1,2,1.0,3.0,49353,MARAICHERE CHEMIN,M,"47,4454900"," -0,4894600",49,2019,50.0,1.0,1.0,4.0,2143838,1.0,1,3,1,0.0,,-1.0,0,1964.0,B01,138Â 305Â 172,2.0,8.0,-1.0,1637051,1.0,2,,0.0,2.0,1.0,B01,138Â 305Â 172,0.0
959216,201900000747,9,20,14:03,1,2,1,1.0,1.0,45285,RUE DES DIAMANTS,M,"47,9215300","1,8769100",45,2019,30.0,1.0,1.0,4.0,2143839,1.0,1,3,1,0.0,,0.0,0,1999.0,A01,138Â 305Â 169,2.0,0.0,-1.0,1637052,1.0,30,,0.0,2.0,1.0,A01,138Â 305Â 169,1.0
959216,201900000747,9,20,14:03,1,2,1,1.0,1.0,45285,RUE DES DIAMANTS,M,"47,9215300","1,8769100",45,2019,30.0,1.0,1.0,4.0,2143839,1.0,1,3,1,0.0,,0.0,0,1999.0,A01,138Â 305Â 169,2.0,0.0,-1.0,1637053,2.0,7,,0.0,2.0,1.0,B01,138Â 305Â 170,1.0
959217,201900000748,9,20,07:40,1,2,6,1.0,6.0,45234,AV DES DROITS DE L'HOMME,M,"47,9184534","1,9244942",45,2019,50.0,1.0,1.0,4.0,2143840,10.0,3,4,2,2.0,,3.0,3,2000.0,A01,138Â 305Â 168,8.0,0.0,-1.0,1637054,2.0,7,,0.0,1.0,1.0,A01,138Â 305Â 168,1.0
959217,201900000748,9,20,07:40,1,2,6,1.0,6.0,45234,AV DES DROITS DE L'HOMME,M,"47,9184534","1,9244942",45,2019,50.0,1.0,1.0,4.0,2143841,1.0,1,1,1,1.0,,0.0,0,1992.0,A01,138Â 305Â 168,8.0,0.0,-1.0,1637054,2.0,7,,0.0,1.0,1.0,A01,138Â 305Â 168,1.0
959218,201900000749,9,20,13:10,1,2,2,1.0,3.0,44109,RUE JEAN LOUIS DE GIRODET/ AVENUE CEZANNE,M,"47,2258800"," -1,5854700",44,2019,50.0,1.0,1.0,4.0,2143842,1.0,1,3,1,5.0,,-1.0,0,1964.0,B01,138Â 305Â 166,2.0,0.0,-1.0,1637055,0.0,31,,0.0,2.0,0.0,B01,138Â 305Â 166,1.0
959218,201900000749,9,20,13:10,1,2,2,1.0,3.0,44109,RUE JEAN LOUIS DE GIRODET/ AVENUE CEZANNE,M,"47,2258800"," -1,5854700",44,2019,50.0,1.0,1.0,4.0,2143842,1.0,1,3,1,5.0,,-1.0,0,1964.0,B01,138Â 305Â 166,2.0,0.0,-1.0,1637056,0.0,7,,0.0,2.0,1.0,A01,138Â 305Â 167,1.0
959218,201900000749,9,20,13:10,1,2,2,1.0,3.0,44109,RUE JEAN LOUIS DE GIRODET/ AVENUE CEZANNE,M,"47,2258800"," -1,5854700",44,2019,50.0,1.0,1.0,4.0,2143843,1.0,1,1,2,2.0,,-1.0,0,2001.0,A01,138Â 305Â 167,1.0,0.0,-1.0,1637055,0.0,31,,0.0,2.0,0.0,B01,138Â 305Â 166,1.0
959218,201900000749,9,20,13:10,1,2,2,1.0,3.0,44109,RUE JEAN LOUIS DE GIRODET/ AVENUE CEZANNE,M,"47,2258800"," -1,5854700",44,2019,50.0,1.0,1.0,4.0,2143843,1.0,1,1,2,2.0,,-1.0,0,2001.0,A01,138Â 305Â 167,1.0,0.0,-1.0,1637056,0.0,7,,0.0,2.0,1.0,A01,138Â 305Â 167,1.0
959219,201900000750,9,18,18:50,1,2,1,1.0,3.0,41018,D 766,M,"47,5827000","1,2976000",41,2019,50.0,1.0,1.0,3.0,2143844,1.0,1,1,1,1.0,,0.0, -1,1963.0,A01,138Â 305Â 164,1.0,8.0,-1.0,1637057,1.0,7,,0.0,2.0,1.0,A01,138Â 305Â 164,1.0
959219,201900000750,9,18,18:50,1,2,1,1.0,3.0,41018,D 766,M,"47,5827000","1,2976000",41,2019,50.0,1.0,1.0,3.0,2143844,1.0,1,1,1,1.0,,0.0, -1,1963.0,A01,138Â 305Â 164,1.0,8.0,-1.0,1637058,1.0,1,,0.0,2.0,1.0,B01,138Â 305Â 165,5.0
959219,201900000750,9,18,18:50,1,2,1,1.0,3.0,41018,D 766,M,"47,5827000","1,2976000",41,2019,50.0,1.0,1.0,3.0,2143845,1.0,1,4,1,1.0,,-1.0, -1,1988.0,B01,138Â 305Â 165,8.0,0.0,-1.0,1637057,1.0,7,,0.0,2.0,1.0,A01,138Â 305Â 164,1.0
959219,201900000750,9,18,18:50,1,2,1,1.0,3.0,41018,D 766,M,"47,5827000","1,2976000",41,2019,50.0,1.0,1.0,3.0,2143845,1.0,1,4,1,1.0,,-1.0, -1,1988.0,B01,138Â 305Â 165,8.0,0.0,-1.0,1637058,1.0,1,,0.0,2.0,1.0,B01,138Â 305Â 165,5.0
959220,201900000751,9,20,16:50,1,2,1,1.0,6.0,38151,AVENUE DE GRUGLIASCO,M,"45,1497500","5,7188400",38,2019,30.0,1.0,1.0,3.0,2143846,10.0,3,4,2,2.0,,1.0,3,2006.0,A01,138Â 305Â 163,8.0,0.0,-1.0,1637059,3.0,7,,0.0,1.0,1.0,A01,138Â 305Â 163,1.0
959220,201900000751,9,20,16:50,1,2,1,1.0,6.0,38151,AVENUE DE GRUGLIASCO,M,"45,1497500","5,7188400",38,2019,30.0,1.0,1.0,3.0,2143847,1.0,1,1,1,0.0,,-1.0, -1,1948.0,A01,138Â 305Â 163,1.0,0.0,-1.0,1637059,3.0,7,,0.0,1.0,1.0,A01,138Â 305Â 163,1.0
959221,201900000752,9,20,13:24,1,1,1,1.0,6.0,38185,AUTOROUTE A 480,M,"45,2116424","5,6850037",38,2019,70.0,1.0,1.0,1.0,2143848,1.0,1,4,1,5.0,,-1.0, -1,1956.0,B01,138Â 305Â 161,2.0,6.0,-1.0,1637060,1.0,33,,0.0,6.0,1.0,B01,138Â 305Â 161,1.0
959221,201900000752,9,20,13:24,1,1,1,1.0,6.0,38185,AUTOROUTE A 480,M,"45,2116424","5,6850037",38,2019,70.0,1.0,1.0,1.0,2143848,1.0,1,4,1,5.0,,-1.0, -1,1956.0,B01,138Â 305Â 161,2.0,6.0,-1.0,1637061,1.0,10,,0.0,0.0,0.0,A01,138Â 305Â 162,1.0
959221,201900000752,9,20,13:24,1,1,1,1.0,6.0,38185,AUTOROUTE A 480,M,"45,2116424","5,6850037",38,2019,70.0,1.0,1.0,1.0,2143849,1.0,1,1,1,4.0,,-1.0, -1,1998.0,A01,138Â 305Â 162,1.0,0.0,-1.0,1637060,1.0,33,,0.0,6.0,1.0,B01,138Â 305Â 161,1.0
959221,201900000752,9,20,13:24,1,1,1,1.0,6.0,38185,AUTOROUTE A 480,M,"45,2116424","5,6850037",38,2019,70.0,1.0,1.0,1.0,2143849,1.0,1,1,1,4.0,,-1.0, -1,1998.0,A01,138Â 305Â 162,1.0,0.0,-1.0,1637061,1.0,10,,0.0,0.0,0.0,A01,138Â 305Â 162,1.0
959222,201900000753,9,20,12:20,1,2,1,1.0,6.0,38185,PLACE DOCTEUR GIRARD,M,"45,1970000","5,7369100",38,2019,30.0,1.0,1.0,7.0,2143850,10.0,3,3,1,0.0,,2.0,3,1995.0,A01,138Â 305Â 160,8.0,0.0,-1.0,1637062,3.0,7,,0.0,1.0,1.0,A01,138Â 305Â 160,1.0
959222,201900000753,9,20,12:20,1,2,1,1.0,6.0,38185,PLACE DOCTEUR GIRARD,M,"45,1970000","5,7369100",38,2019,30.0,1.0,1.0,7.0,2143851,1.0,1,1,1,0.0,,-1.0, -1,1995.0,A01,138Â 305Â 160,1.0,0.0,-1.0,1637062,3.0,7,,0.0,1.0,1.0,A01,138Â 305Â 160,1.0
959223,201900000754,9,20,11:45,1,2,1,1.0,2.0,37261,CHATEAUNEUF (RUE),M,"47,3933850","0,6831078",37,2019,30.0,2.0,1.0,4.0,2143852,1.0,1,1,2,3.0,,-1.0,0,1968.0,A01,138Â 305Â 158,1.0,8.0,-1.0,1637063,2.0,7,,0.0,2.0,1.0,A01,138Â 305Â 158,1.0
959223,201900000754,9,20,11:45,1,2,1,1.0,2.0,37261,CHATEAUNEUF (RUE),M,"47,3933850","0,6831078",37,2019,30.0,2.0,1.0,4.0,2143852,1.0,1,1,2,3.0,,-1.0,0,1968.0,A01,138Â 305Â 158,1.0,8.0,-1.0,1637064,1.0,7,,0.0,2.0,4.0,B01,138Â 305Â 159,0.0
959223,201900000754,9,20,11:45,1,2,1,1.0,2.0,37261,CHATEAUNEUF (RUE),M,"47,3933850","0,6831078",37,2019,30.0,2.0,1.0,4.0,2143853,1.0,1,4,1,3.0,,-1.0,0,1946.0,B01,138Â 305Â 159,1.0,0.0,-1.0,1637063,2.0,7,,0.0,2.0,1.0,A01,138Â 305Â 158,1.0
959223,201900000754,9,20,11:45,1,2,1,1.0,2.0,37261,CHATEAUNEUF (RUE),M,"47,3933850","0,6831078",37,2019,30.0,2.0,1.0,4.0,2143853,1.0,1,4,1,3.0,,-1.0,0,1946.0,B01,138Â 305Â 159,1.0,0.0,-1.0,1637064,1.0,7,,0.0,2.0,4.0,B01,138Â 305Â 159,0.0
959224,201900000755,9,20,23:40,3,1,1,1.0,2.0,35238,RN136,M,"48,1144020"," -1,7189010",35,2019,90.0,1.0,1.0,2.0,2143854,2.0,2,4,2,5.0,,-1.0,0,2003.0,B01,138Â 305Â 156,1.0,8.0,-1.0,1637065,1.0,7,,0.0,2.0,6.0,B01,138Â 305Â 156,0.0
959224,201900000755,9,20,23:40,3,1,1,1.0,2.0,35238,RN136,M,"48,1144020"," -1,7189010",35,2019,90.0,1.0,1.0,2.0,2143854,2.0,2,4,2,5.0,,-1.0,0,2003.0,B01,138Â 305Â 156,1.0,8.0,-1.0,1637066,1.0,7,,0.0,2.0,1.0,A01,138Â 305Â 157,1.0
959224,201900000755,9,20,23:40,3,1,1,1.0,2.0,35238,RN136,M,"48,1144020"," -1,7189010",35,2019,90.0,1.0,1.0,2.0,2143855,1.0,1,4,2,5.0,,-1.0,0,1970.0,B01,138Â 305Â 156,1.0,8.0,-1.0,1637065,1.0,7,,0.0,2.0,6.0,B01,138Â 305Â 156,0.0
959224,201900000755,9,20,23:40,3,1,1,1.0,2.0,35238,RN136,M,"48,1144020"," -1,7189010",35,2019,90.0,1.0,1.0,2.0,2143855,1.0,1,4,2,5.0,,-1.0,0,1970.0,B01,138Â 305Â 156,1.0,8.0,-1.0,1637066,1.0,7,,0.0,2.0,1.0,A01,138Â 305Â 157,1.0
959225,201900000756,9,20,17:20,1,2,1,7.0,6.0,35238,ISLY (RUE D'),M,"48,1050900"," -1,6774900",35,2019,50.0,1.0,1.0,4.0,2143856,10.0,3,4,1,5.0,,4.0,3,1972.0,A01,138Â 305Â 155,8.0,0.0,-1.0,1637067,3.0,2,,0.0,1.0,1.0,A01,138Â 305Â 155,1.0
959226,201900000757,9,20,09:04,1,2,1,1.0,3.0,35238,PARIS (RUE DE),M,"48,1127080"," -1,6643330",35,2019,50.0,1.0,1.0,4.0,2143857,1.0,1,1,2,1.0,,-1.0, -1,1970.0,A01,138Â 305Â 153,1.0,0.0,-1.0,1637068,3.0,7,,0.0,2.0,1.0,A01,138Â 305Â 153,1.0
959226,201900000757,9,20,09:04,1,2,1,1.0,3.0,35238,PARIS (RUE DE),M,"48,1127080"," -1,6643330",35,2019,50.0,1.0,1.0,4.0,2143857,1.0,1,1,2,1.0,,-1.0, -1,1970.0,A01,138Â 305Â 153,1.0,0.0,-1.0,1637069,3.0,31,,0.0,2.0,7.0,B01,138Â 305Â 154,1.0
959226,201900000757,9,20,09:04,1,2,1,1.0,3.0,35238,PARIS (RUE DE),M,"48,1127080"," -1,6643330",35,2019,50.0,1.0,1.0,4.0,2143858,1.0,1,3,1,1.0,,-1.0, -1,1994.0,B01,138Â 305Â 154,2.0,6.0,-1.0,1637068,3.0,7,,0.0,2.0,1.0,A01,138Â 305Â 153,1.0
959226,201900000757,9,20,09:04,1,2,1,1.0,3.0,35238,PARIS (RUE DE),M,"48,1127080"," -1,6643330",35,2019,50.0,1.0,1.0,4.0,2143858,1.0,1,3,1,1.0,,-1.0, -1,1994.0,B01,138Â 305Â 154,2.0,6.0,-1.0,1637069,3.0,31,,0.0,2.0,7.0,B01,138Â 305Â 154,1.0
959227,201900000758,9,19,20:55,5,2,3,1.0,3.0,35238,VOLCLAIR (BD LOUIS),M,"48,0883990"," -1,6651830",35,2019,50.0,1.0,1.0,4.0,2143859,2.0,2,1,2,9.0,,-1.0,0,1993.0,B01,138Â 305Â 151,1.0,0.0,-1.0,1637070,1.0,7,,0.0,2.0,7.0,B01,138Â 305Â 151,1.0
959227,201900000758,9,19,20:55,5,2,3,1.0,3.0,35238,VOLCLAIR (BD LOUIS),M,"48,0883990"," -1,6651830",35,2019,50.0,1.0,1.0,4.0,2143859,2.0,2,1,2,9.0,,-1.0,0,1993.0,B01,138Â 305Â 151,1.0,0.0,-1.0,1637071,3.0,30,,15.0,2.0,1.0,A01,138Â 305Â 152,1.0
959227,201900000758,9,19,20:55,5,2,3,1.0,3.0,35238,VOLCLAIR (BD LOUIS),M,"48,0883990"," -1,6651830",35,2019,50.0,1.0,1.0,4.0,2143860,1.0,1,1,1,9.0,,-1.0, -1,1970.0,B01,138Â 305Â 151,1.0,0.0,-1.0,1637070,1.0,7,,0.0,2.0,7.0,B01,138Â 305Â 151,1.0
959227,201900000758,9,19,20:55,5,2,3,1.0,3.0,35238,VOLCLAIR (BD LOUIS),M,"48,0883990"," -1,6651830",35,2019,50.0,1.0,1.0,4.0,2143860,1.0,1,1,1,9.0,,-1.0, -1,1970.0,B01,138Â 305Â 151,1.0,0.0,-1.0,1637071,3.0,30,,15.0,2.0,1.0,A01,138Â 305Â 152,1.0
959227,201900000758,9,19,20:55,5,2,3,1.0,3.0,35238,VOLCLAIR (BD LOUIS),M,"48,0883990"," -1,6651830",35,2019,50.0,1.0,1.0,4.0,2143861,1.0,1,3,1,4.0,,-1.0, -1,1996.0,A01,138Â 305Â 152,2.0,0.0,-1.0,1637070,1.0,7,,0.0,2.0,7.0,B01,138Â 305Â 151,1.0
959227,201900000758,9,19,20:55,5,2,3,1.0,3.0,35238,VOLCLAIR (BD LOUIS),M,"48,0883990"," -1,6651830",35,2019,50.0,1.0,1.0,4.0,2143861,1.0,1,3,1,4.0,,-1.0, -1,1996.0,A01,138Â 305Â 152,2.0,0.0,-1.0,1637071,3.0,30,,15.0,2.0,1.0,A01,138Â 305Â 152,1.0