Unnamed: 0_x,num_acc,mois,jour,hrmn,lum,agg,int,atm,col,com,adr,gps,lat,long,dep,annee,vma,situ,surf,catr,Unnamed: 0_y,place,catu,grav,sexe,trajet,secu,locp,actp,an_nais,num_veh_x,id_vehicule_x,secu1,secu2,secu3,Unnamed: 0,senc,catv,occutc,obs,obsm,choc,num_veh_y,id_vehicule_y,motor
959228,201900000759,9,19,15:29,1,2,1,1.0,6.0,35238,SAINT-MALO (RUE DE),M,"48,1180100"," -1,6806700",35,2019,50.0,1.0,1.0,4.0,2143862,10.0,3,4,1,9.0,,2.0,3,1956.0,A01,138Â 305Â 150,8.0,0.0,-1.0,1637072,1.0,7,,0.0,1.0,1.0,A01,138Â 305Â 150,1.0
959228,201900000759,9,19,15:29,1,2,1,1.0,6.0,35238,SAINT-MALO (RUE DE),M,"48,1180100"," -1,6806700",35,2019,50.0,1.0,1.0,4.0,2143863,1.0,1,1,1,9.0,,-1.0, -1,1956.0,A01,138Â 305Â 150,1.0,0.0,-1.0,1637072,1.0,7,,0.0,1.0,1.0,A01,138Â 305Â 150,1.0
959229,201900000760,9,20,15:00,1,2,1,1.0,3.0,34172,VALLOIS (RUE PROFESSEUR LEON),M,"43,6144100","3,8838000",34,2019,50.0,1.0,1.0,4.0,2143864,1.0,1,1,2,9.0,,0.0,0,1978.0,B01,138Â 305Â 148,1.0,8.0,-1.0,1637073,2.0,7,,0.0,2.0,3.0,B01,138Â 305Â 148,1.0
959229,201900000760,9,20,15:00,1,2,1,1.0,3.0,34172,VALLOIS (RUE PROFESSEUR LEON),M,"43,6144100","3,8838000",34,2019,50.0,1.0,1.0,4.0,2143864,1.0,1,1,2,9.0,,0.0,0,1978.0,B01,138Â 305Â 148,1.0,8.0,-1.0,1637074,2.0,60,,0.0,2.0,7.0,A01,138Â 305Â 149,5.0
959229,201900000760,9,20,15:00,1,2,1,1.0,3.0,34172,VALLOIS (RUE PROFESSEUR LEON),M,"43,6144100","3,8838000",34,2019,50.0,1.0,1.0,4.0,2143865,10.0,3,4,2,5.0,,9.0,B,1998.0,A01,138Â 305Â 149,8.0,0.0,-1.0,1637073,2.0,7,,0.0,2.0,3.0,B01,138Â 305Â 148,1.0
959229,201900000760,9,20,15:00,1,2,1,1.0,3.0,34172,VALLOIS (RUE PROFESSEUR LEON),M,"43,6144100","3,8838000",34,2019,50.0,1.0,1.0,4.0,2143865,10.0,3,4,2,5.0,,9.0,B,1998.0,A01,138Â 305Â 149,8.0,0.0,-1.0,1637074,2.0,60,,0.0,2.0,7.0,A01,138Â 305Â 149,5.0
959230,201900000761,9,20,02:20,5,2,2,1.0,6.0,34172,FLAHAULT (AVENUE CHARLES,M,"43,6237700","3,8621700",34,2019,50.0,1.0,1.0,4.0,2143866,1.0,1,3,1,0.0,,0.0,0,1998.0,A01,138Â 305Â 147,2.0,6.0,-1.0,1637075,1.0,33,,0.0,1.0,1.0,A01,138Â 305Â 147,1.0
959230,201900000761,9,20,02:20,5,2,2,1.0,6.0,34172,FLAHAULT (AVENUE CHARLES,M,"43,6237700","3,8621700",34,2019,50.0,1.0,1.0,4.0,2143867,10.0,3,4,1,0.0,,9.0,B,1998.0,A01,138Â 305Â 147,8.0,0.0,-1.0,1637075,1.0,33,,0.0,1.0,1.0,A01,138Â 305Â 147,1.0
959231,201900000762,9,18,10:40,1,2,1,1.0,3.0,34032,VERDUN (BD DE),M,"43,3363800","3,2218300",34,2019,50.0,1.0,1.0,4.0,2143868,1.0,1,3,1,1.0,,0.0,0,1984.0,B01,138Â 305Â 145,2.0,8.0,-1.0,1637076,2.0,34,,0.0,2.0,7.0,B01,138Â 305Â 145,1.0
959231,201900000762,9,18,10:40,1,2,1,1.0,3.0,34032,VERDUN (BD DE),M,"43,3363800","3,2218300",34,2019,50.0,1.0,1.0,4.0,2143868,1.0,1,3,1,1.0,,0.0,0,1984.0,B01,138Â 305Â 145,2.0,8.0,-1.0,1637077,2.0,7,,0.0,2.0,2.0,A01,138Â 305Â 146,1.0
959231,201900000762,9,18,10:40,1,2,1,1.0,3.0,34032,VERDUN (BD DE),M,"43,3363800","3,2218300",34,2019,50.0,1.0,1.0,4.0,2143869,1.0,1,1,1,5.0,,0.0,0,1949.0,A01,138Â 305Â 146,1.0,8.0,-1.0,1637076,2.0,34,,0.0,2.0,7.0,B01,138Â 305Â 145,1.0
959231,201900000762,9,18,10:40,1,2,1,1.0,3.0,34032,VERDUN (BD DE),M,"43,3363800","3,2218300",34,2019,50.0,1.0,1.0,4.0,2143869,1.0,1,1,1,5.0,,0.0,0,1949.0,A01,138Â 305Â 146,1.0,8.0,-1.0,1637077,2.0,7,,0.0,2.0,2.0,A01,138Â 305Â 146,1.0
959232,201900000763,9,20,12:18,1,2,2,1.0,3.0,33065,QUAI DE LA SOUYS,M,"44,8149100"," -0,5275800",33,2019,50.0,1.0,1.0,4.0,2143870,1.0,1,4,1,5.0,,-1.0, -1,1950.0,A01,138Â 305Â 143,8.0,0.0,-1.0,1637078,1.0,7,,0.0,2.0,2.0,A01,138Â 305Â 143,1.0
959232,201900000763,9,20,12:18,1,2,2,1.0,3.0,33065,QUAI DE LA SOUYS,M,"44,8149100"," -0,5275800",33,2019,50.0,1.0,1.0,4.0,2143870,1.0,1,4,1,5.0,,-1.0, -1,1950.0,A01,138Â 305Â 143,8.0,0.0,-1.0,1637079,2.0,33,,0.0,2.0,1.0,B01,138Â 305Â 144,1.0
959232,201900000763,9,20,12:18,1,2,2,1.0,3.0,33065,QUAI DE LA SOUYS,M,"44,8149100"," -0,5275800",33,2019,50.0,1.0,1.0,4.0,2143871,2.0,2,4,2,0.0,,-1.0, -1,1949.0,A01,138Â 305Â 143,8.0,0.0,-1.0,1637078,1.0,7,,0.0,2.0,2.0,A01,138Â 305Â 143,1.0
959232,201900000763,9,20,12:18,1,2,2,1.0,3.0,33065,QUAI DE LA SOUYS,M,"44,8149100"," -0,5275800",33,2019,50.0,1.0,1.0,4.0,2143871,2.0,2,4,2,0.0,,-1.0, -1,1949.0,A01,138Â 305Â 143,8.0,0.0,-1.0,1637079,2.0,33,,0.0,2.0,1.0,B01,138Â 305Â 144,1.0
959232,201900000763,9,20,12:18,1,2,2,1.0,3.0,33065,QUAI DE LA SOUYS,M,"44,8149100"," -0,5275800",33,2019,50.0,1.0,1.0,4.0,2143872,3.0,2,4,2,0.0,,-1.0, -1,1950.0,A01,138Â 305Â 143,8.0,0.0,-1.0,1637078,1.0,7,,0.0,2.0,2.0,A01,138Â 305Â 143,1.0
959232,201900000763,9,20,12:18,1,2,2,1.0,3.0,33065,QUAI DE LA SOUYS,M,"44,8149100"," -0,5275800",33,2019,50.0,1.0,1.0,4.0,2143872,3.0,2,4,2,0.0,,-1.0, -1,1950.0,A01,138Â 305Â 143,8.0,0.0,-1.0,1637079,2.0,33,,0.0,2.0,1.0,B01,138Â 305Â 144,1.0
959232,201900000763,9,20,12:18,1,2,2,1.0,3.0,33065,QUAI DE LA SOUYS,M,"44,8149100"," -0,5275800",33,2019,50.0,1.0,1.0,4.0,2143873,1.0,1,2,1,0.0,,-1.0, -1,1972.0,B01,138Â 305Â 144,8.0,0.0,-1.0,1637078,1.0,7,,0.0,2.0,2.0,A01,138Â 305Â 143,1.0
959232,201900000763,9,20,12:18,1,2,2,1.0,3.0,33065,QUAI DE LA SOUYS,M,"44,8149100"," -0,5275800",33,2019,50.0,1.0,1.0,4.0,2143873,1.0,1,2,1,0.0,,-1.0, -1,1972.0,B01,138Â 305Â 144,8.0,0.0,-1.0,1637079,2.0,33,,0.0,2.0,1.0,B01,138Â 305Â 144,1.0
959233,201900000764,9,20,14:20,1,2,1,1.0,3.0,33550,CHEM DE LEYSOTTE,M,"44,7993100"," -0,5769100",33,2019,50.0,1.0,1.0,4.0,2143874,1.0,1,4,2,0.0,,-1.0, -1,1969.0,A01,138Â 305Â 141,8.0,0.0,-1.0,1637080,1.0,1,,0.0,2.0,8.0,A01,138Â 305Â 141,5.0
959233,201900000764,9,20,14:20,1,2,1,1.0,3.0,33550,CHEM DE LEYSOTTE,M,"44,7993100"," -0,5769100",33,2019,50.0,1.0,1.0,4.0,2143874,1.0,1,4,2,0.0,,-1.0, -1,1969.0,A01,138Â 305Â 141,8.0,0.0,-1.0,1637081,1.0,7,,0.0,2.0,7.0,Z01,138Â 305Â 142,0.0
959234,201900000765,9,20,12:15,1,2,1,1.0,6.0,33063,79 COURS DE QUEBEC,M,"44,8821200"," -0,5699800",33,2019,50.0,1.0,1.0,4.0,2143875,1.0,1,4,1,0.0,,-1.0, -1,1998.0,A01,138Â 305Â 140,8.0,0.0,-1.0,1637082,1.0,1,,1.0,0.0,1.0,A01,138Â 305Â 140,5.0
959235,201900000766,9,20,08:50,1,2,6,1.0,3.0,33167,AVE DU PDT FRANCOIS MITTERRAND,M,"44,8430300"," -0,5112700",33,2019,50.0,1.0,1.0,4.0,2143876,1.0,1,4,1,0.0,,-1.0, -1,2003.0,A01,138Â 305Â 138,2.0,0.0,-1.0,1637083,0.0,2,,0.0,2.0,1.0,A01,138Â 305Â 138,1.0
959235,201900000766,9,20,08:50,1,2,6,1.0,3.0,33167,AVE DU PDT FRANCOIS MITTERRAND,M,"44,8430300"," -0,5112700",33,2019,50.0,1.0,1.0,4.0,2143876,1.0,1,4,1,0.0,,-1.0, -1,2003.0,A01,138Â 305Â 138,2.0,0.0,-1.0,1637084,0.0,7,,0.0,2.0,6.0,B01,138Â 305Â 139,1.0
959235,201900000766,9,20,08:50,1,2,6,1.0,3.0,33167,AVE DU PDT FRANCOIS MITTERRAND,M,"44,8430300"," -0,5112700",33,2019,50.0,1.0,1.0,4.0,2143877,1.0,1,1,2,2.0,,-1.0, -1,1981.0,B01,138Â 305Â 139,1.0,0.0,-1.0,1637083,0.0,2,,0.0,2.0,1.0,A01,138Â 305Â 138,1.0
959235,201900000766,9,20,08:50,1,2,6,1.0,3.0,33167,AVE DU PDT FRANCOIS MITTERRAND,M,"44,8430300"," -0,5112700",33,2019,50.0,1.0,1.0,4.0,2143877,1.0,1,1,2,2.0,,-1.0, -1,1981.0,B01,138Â 305Â 139,1.0,0.0,-1.0,1637084,0.0,7,,0.0,2.0,6.0,B01,138Â 305Â 139,1.0
959236,201900000767,9,20,00:40,5,2,3,1.0,7.0,33075,AQUITAINE (AVE D),M,"44,8744200"," -0,6007900",33,2019,50.0,1.0,1.0,4.0,2143878,1.0,1,4,1,0.0,,-1.0, -1,2001.0,A01,138Â 305Â 137,8.0,0.0,-1.0,1637085,2.0,30,,0.0,0.0,0.0,A01,138Â 305Â 137,1.0
959237,201900000768,9,19,16:05,1,2,3,1.0,3.0,33200,RUE DU MEDOC,M,"44,8866600"," -0,6745500",33,2019,30.0,1.0,1.0,4.0,2143879,1.0,1,4,1,0.0,,-1.0, -1,2004.0,A01,138Â 305Â 135,8.0,0.0,-1.0,1637086,1.0,30,,0.0,0.0,1.0,A01,138Â 305Â 135,0.0
959237,201900000768,9,19,16:05,1,2,3,1.0,3.0,33200,RUE DU MEDOC,M,"44,8866600"," -0,6745500",33,2019,30.0,1.0,1.0,4.0,2143879,1.0,1,4,1,0.0,,-1.0, -1,2004.0,A01,138Â 305Â 135,8.0,0.0,-1.0,1637087,1.0,32,,0.0,2.0,3.0,B01,138Â 305Â 136,1.0
959237,201900000768,9,19,16:05,1,2,3,1.0,3.0,33200,RUE DU MEDOC,M,"44,8866600"," -0,6745500",33,2019,30.0,1.0,1.0,4.0,2143880,1.0,1,1,1,0.0,,-1.0, -1,2004.0,B01,138Â 305Â 136,8.0,0.0,-1.0,1637086,1.0,30,,0.0,0.0,1.0,A01,138Â 305Â 135,0.0
959237,201900000768,9,19,16:05,1,2,3,1.0,3.0,33200,RUE DU MEDOC,M,"44,8866600"," -0,6745500",33,2019,30.0,1.0,1.0,4.0,2143880,1.0,1,1,1,0.0,,-1.0, -1,2004.0,B01,138Â 305Â 136,8.0,0.0,-1.0,1637087,1.0,32,,0.0,2.0,3.0,B01,138Â 305Â 136,1.0
959238,201900000769,9,19,08:30,1,2,2,1.0,3.0,33063,RUE POMME D'OR / RUE BORIE,M,"44,8547000"," -0,5698770",33,2019,20.0,1.0,1.0,4.0,2143881,1.0,1,3,2,1.0,,-1.0, -1,1993.0,A01,138Â 305Â 133,2.0,0.0,-1.0,1637088,2.0,30,,0.0,2.0,1.0,A01,138Â 305Â 133,1.0
959238,201900000769,9,19,08:30,1,2,2,1.0,3.0,33063,RUE POMME D'OR / RUE BORIE,M,"44,8547000"," -0,5698770",33,2019,20.0,1.0,1.0,4.0,2143881,1.0,1,3,2,1.0,,-1.0, -1,1993.0,A01,138Â 305Â 133,2.0,0.0,-1.0,1637089,1.0,10,,0.0,2.0,3.0,B01,138Â 305Â 134,1.0
959238,201900000769,9,19,08:30,1,2,2,1.0,3.0,33063,RUE POMME D'OR / RUE BORIE,M,"44,8547000"," -0,5698770",33,2019,20.0,1.0,1.0,4.0,2143882,1.0,1,1,1,4.0,,-1.0,0,1982.0,B01,138Â 305Â 134,1.0,0.0,-1.0,1637088,2.0,30,,0.0,2.0,1.0,A01,138Â 305Â 133,1.0
959238,201900000769,9,19,08:30,1,2,2,1.0,3.0,33063,RUE POMME D'OR / RUE BORIE,M,"44,8547000"," -0,5698770",33,2019,20.0,1.0,1.0,4.0,2143882,1.0,1,1,1,4.0,,-1.0,0,1982.0,B01,138Â 305Â 134,1.0,0.0,-1.0,1637089,1.0,10,,0.0,2.0,3.0,B01,138Â 305Â 134,1.0
959239,201900000770,9,19,05:30,5,2,1,1.0,6.0,33063,QUAI RICHELIEU,M,"44,8382100"," -0,5671000",33,2019,50.0,1.0,1.0,4.0,2143883,1.0,1,2,1,5.0,,-1.0, -1,1998.0,A01,138Â 305Â 132,8.0,0.0,-1.0,1637090,1.0,2,,8.0,0.0,1.0,A01,138Â 305Â 132,1.0
959240,201900000771,9,19,16:15,1,2,1,1.0,3.0,31555,FAUBOURG BONNEFOY (RUE DU) DU 1AU 231,M,"43,6160000","1,4531700",31,2019,50.0,1.0,1.0,3.0,2143884,1.0,1,1,1,5.0,,-1.0,0,1949.0,B01,138Â 305Â 130,1.0,8.0,-1.0,1637091,2.0,7,,0.0,2.0,2.0,B01,138Â 305Â 130,1.0
959240,201900000771,9,19,16:15,1,2,1,1.0,3.0,31555,FAUBOURG BONNEFOY (RUE DU) DU 1AU 231,M,"43,6160000","1,4531700",31,2019,50.0,1.0,1.0,3.0,2143884,1.0,1,1,1,5.0,,-1.0,0,1949.0,B01,138Â 305Â 130,1.0,8.0,-1.0,1637092,1.0,1,,0.0,2.0,1.0,A01,138Â 305Â 131,5.0
959240,201900000771,9,19,16:15,1,2,1,1.0,3.0,31555,FAUBOURG BONNEFOY (RUE DU) DU 1AU 231,M,"43,6160000","1,4531700",31,2019,50.0,1.0,1.0,3.0,2143885,1.0,1,3,2,9.0,,-1.0,0,1965.0,A01,138Â 305Â 131,2.0,8.0,-1.0,1637091,2.0,7,,0.0,2.0,2.0,B01,138Â 305Â 130,1.0
959240,201900000771,9,19,16:15,1,2,1,1.0,3.0,31555,FAUBOURG BONNEFOY (RUE DU) DU 1AU 231,M,"43,6160000","1,4531700",31,2019,50.0,1.0,1.0,3.0,2143885,1.0,1,3,2,9.0,,-1.0,0,1965.0,A01,138Â 305Â 131,2.0,8.0,-1.0,1637092,1.0,1,,0.0,2.0,1.0,A01,138Â 305Â 131,5.0
959241,201900000772,9,19,18:25,1,1,2,1.0,3.0,26252,RN7 DEV PLV AVENUE DU PORT,M,"44,8788800","4,8666000",26,2019,70.0,1.0,1.0,2.0,2143886,1.0,1,1,2,1.0,,-1.0,0,1962.0,A01,138Â 305Â 128,1.0,0.0,-1.0,1637093,2.0,7,,0.0,2.0,1.0,A01,138Â 305Â 128,1.0
959241,201900000772,9,19,18:25,1,1,2,1.0,3.0,26252,RN7 DEV PLV AVENUE DU PORT,M,"44,8788800","4,8666000",26,2019,70.0,1.0,1.0,2.0,2143886,1.0,1,1,2,1.0,,-1.0,0,1962.0,A01,138Â 305Â 128,1.0,0.0,-1.0,1637094,1.0,7,,0.0,2.0,6.0,B01,138Â 305Â 129,1.0
959241,201900000772,9,19,18:25,1,1,2,1.0,3.0,26252,RN7 DEV PLV AVENUE DU PORT,M,"44,8788800","4,8666000",26,2019,70.0,1.0,1.0,2.0,2143887,2.0,2,1,2,5.0,,-1.0,0,1946.0,B01,138Â 305Â 129,1.0,0.0,-1.0,1637093,2.0,7,,0.0,2.0,1.0,A01,138Â 305Â 128,1.0
959241,201900000772,9,19,18:25,1,1,2,1.0,3.0,26252,RN7 DEV PLV AVENUE DU PORT,M,"44,8788800","4,8666000",26,2019,70.0,1.0,1.0,2.0,2143887,2.0,2,1,2,5.0,,-1.0,0,1946.0,B01,138Â 305Â 129,1.0,0.0,-1.0,1637094,1.0,7,,0.0,2.0,6.0,B01,138Â 305Â 129,1.0
959241,201900000772,9,19,18:25,1,1,2,1.0,3.0,26252,RN7 DEV PLV AVENUE DU PORT,M,"44,8788800","4,8666000",26,2019,70.0,1.0,1.0,2.0,2143888,1.0,1,2,1,5.0,,-1.0,0,1947.0,B01,138Â 305Â 129,1.0,0.0,-1.0,1637093,2.0,7,,0.0,2.0,1.0,A01,138Â 305Â 128,1.0
959241,201900000772,9,19,18:25,1,1,2,1.0,3.0,26252,RN7 DEV PLV AVENUE DU PORT,M,"44,8788800","4,8666000",26,2019,70.0,1.0,1.0,2.0,2143888,1.0,1,2,1,5.0,,-1.0,0,1947.0,B01,138Â 305Â 129,1.0,0.0,-1.0,1637094,1.0,7,,0.0,2.0,6.0,B01,138Â 305Â 129,1.0
959242,201900000773,9,18,12:00,1,2,1,1.0,2.0,26198,SAINT GERVAIS (Route),M,"44,5556800","4,7609800",26,2019,50.0,1.0,1.0,3.0,2143889,1.0,1,1,1,4.0,,0.0,0,1982.0,A01,138Â 305Â 126,1.0,8.0,-1.0,1637095,2.0,7,,0.0,2.0,7.0,A01,138Â 305Â 126,1.0
959242,201900000773,9,18,12:00,1,2,1,1.0,2.0,26198,SAINT GERVAIS (Route),M,"44,5556800","4,7609800",26,2019,50.0,1.0,1.0,3.0,2143889,1.0,1,1,1,4.0,,0.0,0,1982.0,A01,138Â 305Â 126,1.0,8.0,-1.0,1637096,2.0,30,,0.0,2.0,1.0,B01,138Â 305Â 127,1.0
959242,201900000773,9,18,12:00,1,2,1,1.0,2.0,26198,SAINT GERVAIS (Route),M,"44,5556800","4,7609800",26,2019,50.0,1.0,1.0,3.0,2143890,1.0,1,3,2,2.0,,0.0,0,2002.0,B01,138Â 305Â 127,2.0,6.0,-1.0,1637095,2.0,7,,0.0,2.0,7.0,A01,138Â 305Â 126,1.0
959242,201900000773,9,18,12:00,1,2,1,1.0,2.0,26198,SAINT GERVAIS (Route),M,"44,5556800","4,7609800",26,2019,50.0,1.0,1.0,3.0,2143890,1.0,1,3,2,2.0,,0.0,0,2002.0,B01,138Â 305Â 127,2.0,6.0,-1.0,1637096,2.0,30,,0.0,2.0,1.0,B01,138Â 305Â 127,1.0
959243,201900000774,9,15,11:00,1,2,2,1.0,3.0,22278,Bd de l'Atlantique,M,"48,5194100"," -2,7882680",22,2019,50.0,1.0,1.0,4.0,2143891,1.0,1,4,1,5.0,,0.0,0,1943.0,A01,138Â 305Â 124,2.0,0.0,-1.0,1637097,1.0,1,,0.0,2.0,0.0,A01,138Â 305Â 124,5.0
959243,201900000774,9,15,11:00,1,2,2,1.0,3.0,22278,Bd de l'Atlantique,M,"48,5194100"," -2,7882680",22,2019,50.0,1.0,1.0,4.0,2143891,1.0,1,4,1,5.0,,0.0,0,1943.0,A01,138Â 305Â 124,2.0,0.0,-1.0,1637098,2.0,1,,0.0,2.0,1.0,B01,138Â 305Â 125,0.0
959243,201900000774,9,15,11:00,1,2,2,1.0,3.0,22278,Bd de l'Atlantique,M,"48,5194100"," -2,7882680",22,2019,50.0,1.0,1.0,4.0,2143892,1.0,1,1,1,5.0,,0.0,0,2008.0,B01,138Â 305Â 125,2.0,8.0,-1.0,1637097,1.0,1,,0.0,2.0,0.0,A01,138Â 305Â 124,5.0
959243,201900000774,9,15,11:00,1,2,2,1.0,3.0,22278,Bd de l'Atlantique,M,"48,5194100"," -2,7882680",22,2019,50.0,1.0,1.0,4.0,2143892,1.0,1,1,1,5.0,,0.0,0,2008.0,B01,138Â 305Â 125,2.0,8.0,-1.0,1637098,2.0,1,,0.0,2.0,1.0,B01,138Â 305Â 125,0.0
959244,201900000775,9,19,07:35,1,1,1,1.0,1.0,22113,R.D.767,M,"48,7449200"," -3,4454000",22,2019,80.0,1.0,1.0,3.0,2143893,1.0,1,3,1,2.0,,0.0,0,2001.0,A01,138Â 305Â 122,1.0,8.0,-1.0,1637099,3.0,7,,0.0,2.0,1.0,A01,138Â 305Â 122,1.0
959244,201900000775,9,19,07:35,1,1,1,1.0,1.0,22113,R.D.767,M,"48,7449200"," -3,4454000",22,2019,80.0,1.0,1.0,3.0,2143893,1.0,1,3,1,2.0,,0.0,0,2001.0,A01,138Â 305Â 122,1.0,8.0,-1.0,1637100,0.0,7,,0.0,2.0,1.0,B01,138Â 305Â 123,1.0
959244,201900000775,9,19,07:35,1,1,1,1.0,1.0,22113,R.D.767,M,"48,7449200"," -3,4454000",22,2019,80.0,1.0,1.0,3.0,2143894,1.0,1,3,1,1.0,,0.0,0,1959.0,B01,138Â 305Â 123,1.0,8.0,-1.0,1637099,3.0,7,,0.0,2.0,1.0,A01,138Â 305Â 122,1.0
959244,201900000775,9,19,07:35,1,1,1,1.0,1.0,22113,R.D.767,M,"48,7449200"," -3,4454000",22,2019,80.0,1.0,1.0,3.0,2143894,1.0,1,3,1,1.0,,0.0,0,1959.0,B01,138Â 305Â 123,1.0,8.0,-1.0,1637100,0.0,7,,0.0,2.0,1.0,B01,138Â 305Â 123,1.0
959245,201900000776,9,18,07:45,1,2,1,1.0,6.0,18033,SEMARD (AVENUE PIERRE),M,"47,0938500","2,3959600",18,2019,50.0,1.0,1.0,4.0,2143895,1.0,1,3,1,1.0,,-1.0, -1,1974.0,B01,138Â 305Â 118,2.0,8.0,-1.0,1637101,3.0,33,,0.0,0.0,0.0,B01,138Â 305Â 118,1.0
959245,201900000776,9,18,07:45,1,2,1,1.0,6.0,18033,SEMARD (AVENUE PIERRE),M,"47,0938500","2,3959600",18,2019,50.0,1.0,1.0,4.0,2143895,1.0,1,3,1,1.0,,-1.0, -1,1974.0,B01,138Â 305Â 118,2.0,8.0,-1.0,1637102,3.0,7,,0.0,2.0,7.0,A01,138Â 305Â 119,1.0
959245,201900000776,9,18,07:45,1,2,1,1.0,6.0,18033,SEMARD (AVENUE PIERRE),M,"47,0938500","2,3959600",18,2019,50.0,1.0,1.0,4.0,2143896,1.0,1,1,1,9.0,,-1.0, -1,1973.0,A01,138Â 305Â 119,1.0,0.0,-1.0,1637101,3.0,33,,0.0,0.0,0.0,B01,138Â 305Â 118,1.0
959245,201900000776,9,18,07:45,1,2,1,1.0,6.0,18033,SEMARD (AVENUE PIERRE),M,"47,0938500","2,3959600",18,2019,50.0,1.0,1.0,4.0,2143896,1.0,1,1,1,9.0,,-1.0, -1,1973.0,A01,138Â 305Â 119,1.0,0.0,-1.0,1637102,3.0,7,,0.0,2.0,7.0,A01,138Â 305Â 119,1.0
959246,201900000777,9,19,12:05,1,2,2,1.0,3.0,16102,Rue Dupuy,M,"45,6971900"," -0,3228500",16,2019,50.0,1.0,1.0,4.0,2143897,1.0,1,4,2,2.0,,-1.0, -1,2002.0,B01,138Â 305Â 116,2.0,6.0,-1.0,1637103,1.0,2,,0.0,2.0,1.0,B01,138Â 305Â 116,1.0
959246,201900000777,9,19,12:05,1,2,2,1.0,3.0,16102,Rue Dupuy,M,"45,6971900"," -0,3228500",16,2019,50.0,1.0,1.0,4.0,2143897,1.0,1,4,2,2.0,,-1.0, -1,2002.0,B01,138Â 305Â 116,2.0,6.0,-1.0,1637104,2.0,7,,0.0,2.0,2.0,A01,138Â 305Â 117,1.0
959246,201900000777,9,19,12:05,1,2,2,1.0,3.0,16102,Rue Dupuy,M,"45,6971900"," -0,3228500",16,2019,50.0,1.0,1.0,4.0,2143898,1.0,1,1,2,5.0,,-1.0, -1,1985.0,A01,138Â 305Â 117,1.0,8.0,-1.0,1637103,1.0,2,,0.0,2.0,1.0,B01,138Â 305Â 116,1.0
959246,201900000777,9,19,12:05,1,2,2,1.0,3.0,16102,Rue Dupuy,M,"45,6971900"," -0,3228500",16,2019,50.0,1.0,1.0,4.0,2143898,1.0,1,1,2,5.0,,-1.0, -1,1985.0,A01,138Â 305Â 117,1.0,8.0,-1.0,1637104,2.0,7,,0.0,2.0,2.0,A01,138Â 305Â 117,1.0
959247,201900000778,9,20,18:40,1,2,1,1.0,1.0,14118,CONQUERANT (RUE GUILLAUME LE),M,"49,1822400"," -0,3728900",14,2019,-1.0,1.0,1.0,4.0,2143899,1.0,1,1,1,-1.0,,0.0,0,1963.0,B01,138Â 305Â 114,1.0,-1.0,-1.0,1637105,1.0,7,,0.0,0.0,4.0,B01,138Â 305Â 114,-1.0
959247,201900000778,9,20,18:40,1,2,1,1.0,1.0,14118,CONQUERANT (RUE GUILLAUME LE),M,"49,1822400"," -0,3728900",14,2019,-1.0,1.0,1.0,4.0,2143899,1.0,1,1,1,-1.0,,0.0,0,1963.0,B01,138Â 305Â 114,1.0,-1.0,-1.0,1637106,1.0,33,,0.0,2.0,1.0,A01,138Â 305Â 115,1.0
959247,201900000778,9,20,18:40,1,2,1,1.0,1.0,14118,CONQUERANT (RUE GUILLAUME LE),M,"49,1822400"," -0,3728900",14,2019,-1.0,1.0,1.0,4.0,2143900,1.0,1,4,1,-1.0,,0.0,0,1995.0,A01,138Â 305Â 115,2.0,6.0,-1.0,1637105,1.0,7,,0.0,0.0,4.0,B01,138Â 305Â 114,-1.0
959247,201900000778,9,20,18:40,1,2,1,1.0,1.0,14118,CONQUERANT (RUE GUILLAUME LE),M,"49,1822400"," -0,3728900",14,2019,-1.0,1.0,1.0,4.0,2143900,1.0,1,4,1,-1.0,,0.0,0,1995.0,A01,138Â 305Â 115,2.0,6.0,-1.0,1637106,1.0,33,,0.0,2.0,1.0,A01,138Â 305Â 115,1.0
959248,201900000779,9,20,17:30,1,2,1,1.0,3.0,13216,HENRI BARNIER (BOULEVARD),M,"43,3700548","5,3460178",13,2019,50.0,1.0,1.0,3.0,2143901,1.0,1,3,1,3.0,,-1.0, -1,2005.0,B01,138Â 305Â 113,8.0,0.0,-1.0,1637107,1.0,7,,0.0,2.0,2.0,Z01,138Â 305Â 112,1.0
959248,201900000779,9,20,17:30,1,2,1,1.0,3.0,13216,HENRI BARNIER (BOULEVARD),M,"43,3700548","5,3460178",13,2019,50.0,1.0,1.0,3.0,2143901,1.0,1,3,1,3.0,,-1.0, -1,2005.0,B01,138Â 305Â 113,8.0,0.0,-1.0,1637108,1.0,1,,0.0,2.0,8.0,B01,138Â 305Â 113,5.0
959249,201900000780,9,20,13:45,1,2,1,1.0,3.0,13214,PLOMBIERES (BOULEVARD DES),M,"43,3187300","5,3791400",13,2019,50.0,1.0,1.0,4.0,2143902,1.0,1,3,1,4.0,,-1.0, -1,1994.0,B01,138Â 305Â 110,2.0,0.0,-1.0,1637109,1.0,34,,0.0,2.0,1.0,B01,138Â 305Â 110,1.0
959249,201900000780,9,20,13:45,1,2,1,1.0,3.0,13214,PLOMBIERES (BOULEVARD DES),M,"43,3187300","5,3791400",13,2019,50.0,1.0,1.0,4.0,2143902,1.0,1,3,1,4.0,,-1.0, -1,1994.0,B01,138Â 305Â 110,2.0,0.0,-1.0,1637110,1.0,7,,0.0,2.0,7.0,A01,138Â 305Â 111,1.0
959249,201900000780,9,20,13:45,1,2,1,1.0,3.0,13214,PLOMBIERES (BOULEVARD DES),M,"43,3187300","5,3791400",13,2019,50.0,1.0,1.0,4.0,2143903,1.0,1,1,1,5.0,,-1.0, -1,1971.0,A01,138Â 305Â 111,1.0,0.0,-1.0,1637109,1.0,34,,0.0,2.0,1.0,B01,138Â 305Â 110,1.0