Unnamed: 0_x,num_acc,mois,jour,hrmn,lum,agg,int,atm,col,com,adr,gps,lat,long,dep,annee,vma,situ,surf,catr,Unnamed: 0_y,place,catu,grav,sexe,trajet,secu,locp,actp,an_nais,num_veh_x,id_vehicule_x,secu1,secu2,secu3,Unnamed: 0,senc,catv,occutc,obs,obsm,choc,num_veh_y,id_vehicule_y,motor
959249,201900000780,9,20,13:45,1,2,1,1.0,3.0,13214,PLOMBIERES (BOULEVARD DES),M,"43,3187300","5,3791400",13,2019,50.0,1.0,1.0,4.0,2143903,1.0,1,1,1,5.0,,-1.0, -1,1971.0,A01,138Â 305Â 111,1.0,0.0,-1.0,1637110,1.0,7,,0.0,2.0,7.0,A01,138Â 305Â 111,1.0
959250,201900000781,9,20,14:35,1,2,1,1.0,3.0,13205,JEANNE D'ARC (BOULEVARD),M,"43,2933770","5,4034935",13,2019,50.0,1.0,1.0,4.0,2143904,1.0,1,4,2,2.0,,-1.0, -1,1967.0,A01,138Â 305Â 108,1.0,0.0,-1.0,1637111,1.0,7,,0.0,2.0,2.0,A01,138Â 305Â 108,1.0
959250,201900000781,9,20,14:35,1,2,1,1.0,3.0,13205,JEANNE D'ARC (BOULEVARD),M,"43,2933770","5,4034935",13,2019,50.0,1.0,1.0,4.0,2143904,1.0,1,4,2,2.0,,-1.0, -1,1967.0,A01,138Â 305Â 108,1.0,0.0,-1.0,1637112,2.0,7,,0.0,2.0,1.0,B01,138Â 305Â 109,1.0
959250,201900000781,9,20,14:35,1,2,1,1.0,3.0,13205,JEANNE D'ARC (BOULEVARD),M,"43,2933770","5,4034935",13,2019,50.0,1.0,1.0,4.0,2143905,1.0,1,1,1,0.0,,-1.0, -1,1955.0,B01,138Â 305Â 109,1.0,0.0,-1.0,1637111,1.0,7,,0.0,2.0,2.0,A01,138Â 305Â 108,1.0
959250,201900000781,9,20,14:35,1,2,1,1.0,3.0,13205,JEANNE D'ARC (BOULEVARD),M,"43,2933770","5,4034935",13,2019,50.0,1.0,1.0,4.0,2143905,1.0,1,1,1,0.0,,-1.0, -1,1955.0,B01,138Â 305Â 109,1.0,0.0,-1.0,1637112,2.0,7,,0.0,2.0,1.0,B01,138Â 305Â 109,1.0
959251,201900000782,9,20,12:00,1,2,1,1.0,3.0,13206,PAUL PEYTRAL (BOULEVARD),M,"43,2906500","5,3802100",13,2019,50.0,1.0,1.0,4.0,2143906,1.0,1,4,1,1.0,,-1.0, -1,1966.0,A01,138Â 305Â 106,2.0,6.0,-1.0,1637113,1.0,33,,0.0,2.0,1.0,A01,138Â 305Â 106,1.0
959251,201900000782,9,20,12:00,1,2,1,1.0,3.0,13206,PAUL PEYTRAL (BOULEVARD),M,"43,2906500","5,3802100",13,2019,50.0,1.0,1.0,4.0,2143906,1.0,1,4,1,1.0,,-1.0, -1,1966.0,A01,138Â 305Â 106,2.0,6.0,-1.0,1637114,2.0,7,,0.0,6.0,8.0,B01,138Â 305Â 107,1.0
959251,201900000782,9,20,12:00,1,2,1,1.0,3.0,13206,PAUL PEYTRAL (BOULEVARD),M,"43,2906500","5,3802100",13,2019,50.0,1.0,1.0,4.0,2143907,1.0,1,1,1,9.0,,-1.0,0,1978.0,B01,138Â 305Â 107,1.0,0.0,-1.0,1637113,1.0,33,,0.0,2.0,1.0,A01,138Â 305Â 106,1.0
959251,201900000782,9,20,12:00,1,2,1,1.0,3.0,13206,PAUL PEYTRAL (BOULEVARD),M,"43,2906500","5,3802100",13,2019,50.0,1.0,1.0,4.0,2143907,1.0,1,1,1,9.0,,-1.0,0,1978.0,B01,138Â 305Â 107,1.0,0.0,-1.0,1637114,2.0,7,,0.0,6.0,8.0,B01,138Â 305Â 107,1.0
959252,201900000783,9,20,13:05,1,2,2,1.0,3.0,13205,SAKAKINI (BOULEVARD),M,"43,2957754","5,4004711",13,2019,50.0,1.0,1.0,4.0,2143908,1.0,1,1,2,0.0,,-1.0,0,1972.0,A01,138Â 305Â 104,1.0,0.0,-1.0,1637115,2.0,7,,0.0,2.0,2.0,A01,138Â 305Â 104,1.0
959252,201900000783,9,20,13:05,1,2,2,1.0,3.0,13205,SAKAKINI (BOULEVARD),M,"43,2957754","5,4004711",13,2019,50.0,1.0,1.0,4.0,2143908,1.0,1,1,2,0.0,,-1.0,0,1972.0,A01,138Â 305Â 104,1.0,0.0,-1.0,1637116,2.0,7,,0.0,2.0,1.0,B01,138Â 305Â 105,1.0
959252,201900000783,9,20,13:05,1,2,2,1.0,3.0,13205,SAKAKINI (BOULEVARD),M,"43,2957754","5,4004711",13,2019,50.0,1.0,1.0,4.0,2143909,1.0,1,4,1,5.0,,-1.0, -1,1962.0,B01,138Â 305Â 105,1.0,0.0,-1.0,1637115,2.0,7,,0.0,2.0,2.0,A01,138Â 305Â 104,1.0
959252,201900000783,9,20,13:05,1,2,2,1.0,3.0,13205,SAKAKINI (BOULEVARD),M,"43,2957754","5,4004711",13,2019,50.0,1.0,1.0,4.0,2143909,1.0,1,4,1,5.0,,-1.0, -1,1962.0,B01,138Â 305Â 105,1.0,0.0,-1.0,1637116,2.0,7,,0.0,2.0,1.0,B01,138Â 305Â 105,1.0
959253,201900000784,9,19,19:50,2,2,1,1.0,2.0,13208,MENDES FRANCE (AVENUE),M,"43,2540930","5,3760690",13,2019,50.0,1.0,1.0,4.0,2143910,1.0,1,4,2,5.0,,-1.0, -1,1960.0,B01,138Â 305Â 102,1.0,8.0,-1.0,1637117,2.0,7,,0.0,2.0,4.0,B01,138Â 305Â 102,1.0
959253,201900000784,9,19,19:50,2,2,1,1.0,2.0,13208,MENDES FRANCE (AVENUE),M,"43,2540930","5,3760690",13,2019,50.0,1.0,1.0,4.0,2143910,1.0,1,4,2,5.0,,-1.0, -1,1960.0,B01,138Â 305Â 102,1.0,8.0,-1.0,1637118,2.0,7,,0.0,2.0,1.0,A01,138Â 305Â 103,1.0
959253,201900000784,9,19,19:50,2,2,1,1.0,2.0,13208,MENDES FRANCE (AVENUE),M,"43,2540930","5,3760690",13,2019,50.0,1.0,1.0,4.0,2143911,2.0,2,4,2,5.0,,-1.0, -1,1970.0,B01,138Â 305Â 102,1.0,8.0,-1.0,1637117,2.0,7,,0.0,2.0,4.0,B01,138Â 305Â 102,1.0
959253,201900000784,9,19,19:50,2,2,1,1.0,2.0,13208,MENDES FRANCE (AVENUE),M,"43,2540930","5,3760690",13,2019,50.0,1.0,1.0,4.0,2143911,2.0,2,4,2,5.0,,-1.0, -1,1970.0,B01,138Â 305Â 102,1.0,8.0,-1.0,1637118,2.0,7,,0.0,2.0,1.0,A01,138Â 305Â 103,1.0
959253,201900000784,9,19,19:50,2,2,1,1.0,2.0,13208,MENDES FRANCE (AVENUE),M,"43,2540930","5,3760690",13,2019,50.0,1.0,1.0,4.0,2143912,1.0,1,1,1,5.0,,-1.0, -1,1982.0,A01,138Â 305Â 103,1.0,8.0,-1.0,1637117,2.0,7,,0.0,2.0,4.0,B01,138Â 305Â 102,1.0
959253,201900000784,9,19,19:50,2,2,1,1.0,2.0,13208,MENDES FRANCE (AVENUE),M,"43,2540930","5,3760690",13,2019,50.0,1.0,1.0,4.0,2143912,1.0,1,1,1,5.0,,-1.0, -1,1982.0,A01,138Â 305Â 103,1.0,8.0,-1.0,1637118,2.0,7,,0.0,2.0,1.0,A01,138Â 305Â 103,1.0
959254,201900000785,9,19,18:30,1,2,1,1.0,3.0,13204,FRANÃOISE DUPARC (BOULEVARD),M,"43,3000000","5,4000000",13,2019,50.0,1.0,1.0,4.0,2143913,1.0,1,4,1,1.0,,-1.0, -1,1974.0,B01,138Â 305Â 100,2.0,8.0,-1.0,1637119,2.0,33,,0.0,2.0,1.0,B01,138Â 305Â 100,1.0
959254,201900000785,9,19,18:30,1,2,1,1.0,3.0,13204,FRANÃOISE DUPARC (BOULEVARD),M,"43,3000000","5,4000000",13,2019,50.0,1.0,1.0,4.0,2143913,1.0,1,4,1,1.0,,-1.0, -1,1974.0,B01,138Â 305Â 100,2.0,8.0,-1.0,1637120,2.0,10,,0.0,2.0,3.0,A01,138Â 305Â 101,1.0
959254,201900000785,9,19,18:30,1,2,1,1.0,3.0,13204,FRANÃOISE DUPARC (BOULEVARD),M,"43,3000000","5,4000000",13,2019,50.0,1.0,1.0,4.0,2143914,1.0,1,1,1,0.0,,-1.0, -1,1900.0,A01,138Â 305Â 101,8.0,8.0,-1.0,1637119,2.0,33,,0.0,2.0,1.0,B01,138Â 305Â 100,1.0
959254,201900000785,9,19,18:30,1,2,1,1.0,3.0,13204,FRANÃOISE DUPARC (BOULEVARD),M,"43,3000000","5,4000000",13,2019,50.0,1.0,1.0,4.0,2143914,1.0,1,1,1,0.0,,-1.0, -1,1900.0,A01,138Â 305Â 101,8.0,8.0,-1.0,1637120,2.0,10,,0.0,2.0,3.0,A01,138Â 305Â 101,1.0
959255,201900000786,9,19,08:30,1,2,1,1.0,4.0,13215,LYON (RUE DE),M,"43,3238660","5,3675350",13,2019,50.0,1.0,1.0,4.0,2143915,1.0,1,1,2,1.0,,-1.0, -1,1987.0,C01,138Â 305Â 097,8.0,0.0,-1.0,1637121,0.0,7,,0.0,2.0,4.0,C01,138Â 305Â 097,1.0
959255,201900000786,9,19,08:30,1,2,1,1.0,4.0,13215,LYON (RUE DE),M,"43,3238660","5,3675350",13,2019,50.0,1.0,1.0,4.0,2143915,1.0,1,1,2,1.0,,-1.0, -1,1987.0,C01,138Â 305Â 097,8.0,0.0,-1.0,1637122,0.0,7,,0.0,2.0,4.0,B01,138Â 305Â 098,1.0
959255,201900000786,9,19,08:30,1,2,1,1.0,4.0,13215,LYON (RUE DE),M,"43,3238660","5,3675350",13,2019,50.0,1.0,1.0,4.0,2143915,1.0,1,1,2,1.0,,-1.0, -1,1987.0,C01,138Â 305Â 097,8.0,0.0,-1.0,1637123,0.0,7,,0.0,2.0,1.0,A01,138Â 305Â 099,1.0
959255,201900000786,9,19,08:30,1,2,1,1.0,4.0,13215,LYON (RUE DE),M,"43,3238660","5,3675350",13,2019,50.0,1.0,1.0,4.0,2143916,1.0,1,4,2,1.0,,-1.0, -1,1988.0,B01,138Â 305Â 098,8.0,0.0,-1.0,1637121,0.0,7,,0.0,2.0,4.0,C01,138Â 305Â 097,1.0
959255,201900000786,9,19,08:30,1,2,1,1.0,4.0,13215,LYON (RUE DE),M,"43,3238660","5,3675350",13,2019,50.0,1.0,1.0,4.0,2143916,1.0,1,4,2,1.0,,-1.0, -1,1988.0,B01,138Â 305Â 098,8.0,0.0,-1.0,1637122,0.0,7,,0.0,2.0,4.0,B01,138Â 305Â 098,1.0
959255,201900000786,9,19,08:30,1,2,1,1.0,4.0,13215,LYON (RUE DE),M,"43,3238660","5,3675350",13,2019,50.0,1.0,1.0,4.0,2143916,1.0,1,4,2,1.0,,-1.0, -1,1988.0,B01,138Â 305Â 098,8.0,0.0,-1.0,1637123,0.0,7,,0.0,2.0,1.0,A01,138Â 305Â 099,1.0
959255,201900000786,9,19,08:30,1,2,1,1.0,4.0,13215,LYON (RUE DE),M,"43,3238660","5,3675350",13,2019,50.0,1.0,1.0,4.0,2143917,1.0,1,1,2,1.0,,-1.0, -1,1997.0,A01,138Â 305Â 099,8.0,0.0,-1.0,1637121,0.0,7,,0.0,2.0,4.0,C01,138Â 305Â 097,1.0
959255,201900000786,9,19,08:30,1,2,1,1.0,4.0,13215,LYON (RUE DE),M,"43,3238660","5,3675350",13,2019,50.0,1.0,1.0,4.0,2143917,1.0,1,1,2,1.0,,-1.0, -1,1997.0,A01,138Â 305Â 099,8.0,0.0,-1.0,1637122,0.0,7,,0.0,2.0,4.0,B01,138Â 305Â 098,1.0
959255,201900000786,9,19,08:30,1,2,1,1.0,4.0,13215,LYON (RUE DE),M,"43,3238660","5,3675350",13,2019,50.0,1.0,1.0,4.0,2143917,1.0,1,1,2,1.0,,-1.0, -1,1997.0,A01,138Â 305Â 099,8.0,0.0,-1.0,1637123,0.0,7,,0.0,2.0,1.0,A01,138Â 305Â 099,1.0
959256,201900000787,9,20,12:25,1,2,2,1.0,3.0,13063,ANCIENS COMBATTANTS AVENUE DES,M,"43,5916500","5,0039200",13,2019,50.0,1.0,1.0,9.0,2143918,1.0,1,1,2,0.0,,-1.0,0,1983.0,B01,138Â 305Â 095,1.0,0.0,-1.0,1637124,3.0,7,,0.0,2.0,6.0,B01,138Â 305Â 095,1.0
959256,201900000787,9,20,12:25,1,2,2,1.0,3.0,13063,ANCIENS COMBATTANTS AVENUE DES,M,"43,5916500","5,0039200",13,2019,50.0,1.0,1.0,9.0,2143918,1.0,1,1,2,0.0,,-1.0,0,1983.0,B01,138Â 305Â 095,1.0,0.0,-1.0,1637125,0.0,30,,0.0,2.0,1.0,A01,138Â 305Â 096,1.0
959256,201900000787,9,20,12:25,1,2,2,1.0,3.0,13063,ANCIENS COMBATTANTS AVENUE DES,M,"43,5916500","5,0039200",13,2019,50.0,1.0,1.0,9.0,2143919,1.0,1,3,1,0.0,,-1.0,0,1971.0,A01,138Â 305Â 096,2.0,8.0,-1.0,1637124,3.0,7,,0.0,2.0,6.0,B01,138Â 305Â 095,1.0
959256,201900000787,9,20,12:25,1,2,2,1.0,3.0,13063,ANCIENS COMBATTANTS AVENUE DES,M,"43,5916500","5,0039200",13,2019,50.0,1.0,1.0,9.0,2143919,1.0,1,3,1,0.0,,-1.0,0,1971.0,A01,138Â 305Â 096,2.0,8.0,-1.0,1637125,0.0,30,,0.0,2.0,1.0,A01,138Â 305Â 096,1.0
959257,201900000788,9,19,18:43,1,2,1,1.0,7.0,10333,MARECHAL LECLERC (RUE DU),M,"48,2803000","4,0557000",10,2019,50.0,1.0,1.0,4.0,2143920,1.0,1,4,1,9.0,,-1.0, -1,2002.0,A01,138Â 305Â 094,2.0,6.0,-1.0,1637126,1.0,2,,0.0,0.0,8.0,A01,138Â 305Â 094,1.0
959258,201900000789,9,20,11:11,1,2,6,1.0,3.0,10387,GRAND VEON (RUE DU),M,"48,2957500","4,0977300",10,2019,50.0,1.0,1.0,4.0,2143921,1.0,1,1,1,1.0,,-1.0, -1,1973.0,A01,138Â 305Â 092,1.0,8.0,-1.0,1637127,1.0,7,,0.0,2.0,3.0,A01,138Â 305Â 092,1.0
959258,201900000789,9,20,11:11,1,2,6,1.0,3.0,10387,GRAND VEON (RUE DU),M,"48,2957500","4,0977300",10,2019,50.0,1.0,1.0,4.0,2143921,1.0,1,1,1,1.0,,-1.0, -1,1973.0,A01,138Â 305Â 092,1.0,8.0,-1.0,1637128,3.0,33,,0.0,2.0,0.0,B01,138Â 305Â 093,1.0
959258,201900000789,9,20,11:11,1,2,6,1.0,3.0,10387,GRAND VEON (RUE DU),M,"48,2957500","4,0977300",10,2019,50.0,1.0,1.0,4.0,2143922,1.0,1,4,1,1.0,,-1.0, -1,1996.0,B01,138Â 305Â 093,2.0,8.0,-1.0,1637127,1.0,7,,0.0,2.0,3.0,A01,138Â 305Â 092,1.0
959258,201900000789,9,20,11:11,1,2,6,1.0,3.0,10387,GRAND VEON (RUE DU),M,"48,2957500","4,0977300",10,2019,50.0,1.0,1.0,4.0,2143922,1.0,1,4,1,1.0,,-1.0, -1,1996.0,B01,138Â 305Â 093,2.0,8.0,-1.0,1637128,3.0,33,,0.0,2.0,0.0,B01,138Â 305Â 093,1.0
959259,201900000790,9,20,09:00,1,2,1,1.0,6.0,07102,Ave de la RÃ©publique,M,"44,9387930","4,8676730",7,2019,50.0,1.0,1.0,3.0,2143923,1.0,1,1,1,3.0,,0.0,0,1942.0,A01,138Â 305Â 091,1.0,8.0,-1.0,1637129,2.0,7,,0.0,1.0,0.0,A01,138Â 305Â 091,1.0
959259,201900000790,9,20,09:00,1,2,1,1.0,6.0,07102,Ave de la RÃ©publique,M,"44,9387930","4,8676730",7,2019,50.0,1.0,1.0,3.0,2143924,10.0,3,4,2,1.0,,3.0,3,1965.0,A01,138Â 305Â 091,8.0,0.0,-1.0,1637129,2.0,7,,0.0,1.0,0.0,A01,138Â 305Â 091,1.0
959260,201900000791,9,20,16:21,1,2,9,1.0,5.0,06069,KENNEDY (BOULEVARD DU PRESIDENT),M,"43,6677400","6,9286400",6,2019,50.0,1.0,1.0,3.0,2143925,1.0,1,3,1,1.0,,0.0,0,1965.0,A01,138Â 305Â 088,2.0,8.0,-1.0,1637130,1.0,33,,0.0,2.0,1.0,A01,138Â 305Â 088,1.0
959260,201900000791,9,20,16:21,1,2,9,1.0,5.0,06069,KENNEDY (BOULEVARD DU PRESIDENT),M,"43,6677400","6,9286400",6,2019,50.0,1.0,1.0,3.0,2143925,1.0,1,3,1,1.0,,0.0,0,1965.0,A01,138Â 305Â 088,2.0,8.0,-1.0,1637131,1.0,34,,0.0,2.0,1.0,B01,138Â 305Â 089,1.0
959260,201900000791,9,20,16:21,1,2,9,1.0,5.0,06069,KENNEDY (BOULEVARD DU PRESIDENT),M,"43,6677400","6,9286400",6,2019,50.0,1.0,1.0,3.0,2143925,1.0,1,3,1,1.0,,0.0,0,1965.0,A01,138Â 305Â 088,2.0,8.0,-1.0,1637132,1.0,7,,0.0,2.0,3.0,C01,138Â 305Â 090,1.0
959260,201900000791,9,20,16:21,1,2,9,1.0,5.0,06069,KENNEDY (BOULEVARD DU PRESIDENT),M,"43,6677400","6,9286400",6,2019,50.0,1.0,1.0,3.0,2143926,1.0,1,3,1,1.0,,0.0,0,1972.0,B01,138Â 305Â 089,2.0,8.0,-1.0,1637130,1.0,33,,0.0,2.0,1.0,A01,138Â 305Â 088,1.0
959260,201900000791,9,20,16:21,1,2,9,1.0,5.0,06069,KENNEDY (BOULEVARD DU PRESIDENT),M,"43,6677400","6,9286400",6,2019,50.0,1.0,1.0,3.0,2143926,1.0,1,3,1,1.0,,0.0,0,1972.0,B01,138Â 305Â 089,2.0,8.0,-1.0,1637131,1.0,34,,0.0,2.0,1.0,B01,138Â 305Â 089,1.0
959260,201900000791,9,20,16:21,1,2,9,1.0,5.0,06069,KENNEDY (BOULEVARD DU PRESIDENT),M,"43,6677400","6,9286400",6,2019,50.0,1.0,1.0,3.0,2143926,1.0,1,3,1,1.0,,0.0,0,1972.0,B01,138Â 305Â 089,2.0,8.0,-1.0,1637132,1.0,7,,0.0,2.0,3.0,C01,138Â 305Â 090,1.0
959260,201900000791,9,20,16:21,1,2,9,1.0,5.0,06069,KENNEDY (BOULEVARD DU PRESIDENT),M,"43,6677400","6,9286400",6,2019,50.0,1.0,1.0,3.0,2143927,1.0,1,1,1,5.0,,0.0,0,1957.0,C01,138Â 305Â 090,1.0,8.0,-1.0,1637130,1.0,33,,0.0,2.0,1.0,A01,138Â 305Â 088,1.0
959260,201900000791,9,20,16:21,1,2,9,1.0,5.0,06069,KENNEDY (BOULEVARD DU PRESIDENT),M,"43,6677400","6,9286400",6,2019,50.0,1.0,1.0,3.0,2143927,1.0,1,1,1,5.0,,0.0,0,1957.0,C01,138Â 305Â 090,1.0,8.0,-1.0,1637131,1.0,34,,0.0,2.0,1.0,B01,138Â 305Â 089,1.0
959260,201900000791,9,20,16:21,1,2,9,1.0,5.0,06069,KENNEDY (BOULEVARD DU PRESIDENT),M,"43,6677400","6,9286400",6,2019,50.0,1.0,1.0,3.0,2143927,1.0,1,1,1,5.0,,0.0,0,1957.0,C01,138Â 305Â 090,1.0,8.0,-1.0,1637132,1.0,7,,0.0,2.0,3.0,C01,138Â 305Â 090,1.0
959261,201900000792,9,20,21:55,4,2,1,1.0,1.0,06004,SAINT CLAUDE CH.DE,M,"43,5945640","7,1081660",6,2019,50.0,1.0,1.0,4.0,2143928,1.0,1,3,1,4.0,,0.0,0,2001.0,A01,138Â 305Â 086,2.0,8.0,-1.0,1637133,1.0,30,,0.0,2.0,1.0,A01,138Â 305Â 086,0.0
959261,201900000792,9,20,21:55,4,2,1,1.0,1.0,06004,SAINT CLAUDE CH.DE,M,"43,5945640","7,1081660",6,2019,50.0,1.0,1.0,4.0,2143928,1.0,1,3,1,4.0,,0.0,0,2001.0,A01,138Â 305Â 086,2.0,8.0,-1.0,1637134,2.0,7,,0.0,2.0,0.0,Z01,138Â 305Â 087,0.0
959261,201900000792,9,20,21:55,4,2,1,1.0,1.0,06004,SAINT CLAUDE CH.DE,M,"43,5945640","7,1081660",6,2019,50.0,1.0,1.0,4.0,2143929,1.0,1,1,1,0.0,,0.0,0,1979.0,Z01,138Â 305Â 087,1.0,0.0,-1.0,1637133,1.0,30,,0.0,2.0,1.0,A01,138Â 305Â 086,0.0
959261,201900000792,9,20,21:55,4,2,1,1.0,1.0,06004,SAINT CLAUDE CH.DE,M,"43,5945640","7,1081660",6,2019,50.0,1.0,1.0,4.0,2143929,1.0,1,1,1,0.0,,0.0,0,1979.0,Z01,138Â 305Â 087,1.0,0.0,-1.0,1637134,2.0,7,,0.0,2.0,0.0,Z01,138Â 305Â 087,0.0
959262,201900000793,9,19,09:00,1,2,6,1.0,3.0,05061,TORRENT ( ALLEE DU ),M,"44,5672300","6,0971900",5,2019,50.0,1.0,1.0,2.0,2143930,1.0,1,1,1,0.0,,0.0,0,1980.0,A01,138Â 305Â 083,1.0,0.0,-1.0,1637135,1.0,7,,0.0,2.0,1.0,A01,138Â 305Â 083,1.0
959262,201900000793,9,19,09:00,1,2,6,1.0,3.0,05061,TORRENT ( ALLEE DU ),M,"44,5672300","6,0971900",5,2019,50.0,1.0,1.0,2.0,2143930,1.0,1,1,1,0.0,,0.0,0,1980.0,A01,138Â 305Â 083,1.0,0.0,-1.0,1637136,3.0,1,,0.0,2.0,7.0,B01,138Â 305Â 084,5.0
959262,201900000793,9,19,09:00,1,2,6,1.0,3.0,05061,TORRENT ( ALLEE DU ),M,"44,5672300","6,0971900",5,2019,50.0,1.0,1.0,2.0,2143931,1.0,1,4,2,1.0,,0.0,0,1969.0,B01,138Â 305Â 084,2.0,0.0,-1.0,1637135,1.0,7,,0.0,2.0,1.0,A01,138Â 305Â 083,1.0
959262,201900000793,9,19,09:00,1,2,6,1.0,3.0,05061,TORRENT ( ALLEE DU ),M,"44,5672300","6,0971900",5,2019,50.0,1.0,1.0,2.0,2143931,1.0,1,4,2,1.0,,0.0,0,1969.0,B01,138Â 305Â 084,2.0,0.0,-1.0,1637136,3.0,1,,0.0,2.0,7.0,B01,138Â 305Â 084,5.0
959263,201900000794,9,20,16:30,1,1,1,1.0,7.0,05023,GAP (ROUTE DE   RN94),M,"44,8715100","6,6075100",5,2019,80.0,1.0,1.0,2.0,2143932,1.0,1,3,1,3.0,,0.0,0,1938.0,A01,138Â 305Â 082,2.0,6.0,-1.0,1637137,1.0,33,,12.0,0.0,1.0,A01,138Â 305Â 082,1.0
959264,201900000795,9,19,13:24,1,2,3,1.0,3.0,05023,IZOARD (AVENUE DU COL D'),M,"44,8936900","6,6377300",5,2019,50.0,1.0,1.0,3.0,2143933,2.0,2,3,1,5.0,,0.0,0,2000.0,A01,138Â 305Â 080,2.0,0.0,-1.0,1637138,1.0,2,,0.0,2.0,8.0,A01,138Â 305Â 080,1.0
959264,201900000795,9,19,13:24,1,2,3,1.0,3.0,05023,IZOARD (AVENUE DU COL D'),M,"44,8936900","6,6377300",5,2019,50.0,1.0,1.0,3.0,2143933,2.0,2,3,1,5.0,,0.0,0,2000.0,A01,138Â 305Â 080,2.0,0.0,-1.0,1637139,1.0,7,,0.0,2.0,2.0,B01,138Â 305Â 081,1.0
959264,201900000795,9,19,13:24,1,2,3,1.0,3.0,05023,IZOARD (AVENUE DU COL D'),M,"44,8936900","6,6377300",5,2019,50.0,1.0,1.0,3.0,2143934,1.0,1,3,1,5.0,,0.0,0,2002.0,A01,138Â 305Â 080,2.0,6.0,-1.0,1637138,1.0,2,,0.0,2.0,8.0,A01,138Â 305Â 080,1.0
959264,201900000795,9,19,13:24,1,2,3,1.0,3.0,05023,IZOARD (AVENUE DU COL D'),M,"44,8936900","6,6377300",5,2019,50.0,1.0,1.0,3.0,2143934,1.0,1,3,1,5.0,,0.0,0,2002.0,A01,138Â 305Â 080,2.0,6.0,-1.0,1637139,1.0,7,,0.0,2.0,2.0,B01,138Â 305Â 081,1.0
959264,201900000795,9,19,13:24,1,2,3,1.0,3.0,05023,IZOARD (AVENUE DU COL D'),M,"44,8936900","6,6377300",5,2019,50.0,1.0,1.0,3.0,2143935,1.0,1,1,1,4.0,,0.0,0,1999.0,B01,138Â 305Â 081,1.0,8.0,-1.0,1637138,1.0,2,,0.0,2.0,8.0,A01,138Â 305Â 080,1.0
959264,201900000795,9,19,13:24,1,2,3,1.0,3.0,05023,IZOARD (AVENUE DU COL D'),M,"44,8936900","6,6377300",5,2019,50.0,1.0,1.0,3.0,2143935,1.0,1,1,1,4.0,,0.0,0,1999.0,B01,138Â 305Â 081,1.0,8.0,-1.0,1637139,1.0,7,,0.0,2.0,2.0,B01,138Â 305Â 081,1.0
959265,201900000796,9,20,21:05,5,2,1,1.0,3.0,75114,BD PERIPHERIQUE INTERIEUR,M,"48,8214600","2,3192260",75,2019,70.0,1.0,1.0,4.0,2143936,1.0,1,4,1,9.0,,0.0,0,2000.0,A01,138Â 305Â 078,2.0,6.0,-1.0,1637140,1.0,30,,0.0,2.0,7.0,A01,138Â 305Â 078,1.0
959265,201900000796,9,20,21:05,5,2,1,1.0,3.0,75114,BD PERIPHERIQUE INTERIEUR,M,"48,8214600","2,3192260",75,2019,70.0,1.0,1.0,4.0,2143936,1.0,1,4,1,9.0,,0.0,0,2000.0,A01,138Â 305Â 078,2.0,6.0,-1.0,1637141,1.0,7,,0.0,2.0,8.0,B01,138Â 305Â 079,1.0
959265,201900000796,9,20,21:05,5,2,1,1.0,3.0,75114,BD PERIPHERIQUE INTERIEUR,M,"48,8214600","2,3192260",75,2019,70.0,1.0,1.0,4.0,2143937,1.0,1,1,1,9.0,,0.0,0,1975.0,B01,138Â 305Â 079,1.0,0.0,-1.0,1637140,1.0,30,,0.0,2.0,7.0,A01,138Â 305Â 078,1.0
959265,201900000796,9,20,21:05,5,2,1,1.0,3.0,75114,BD PERIPHERIQUE INTERIEUR,M,"48,8214600","2,3192260",75,2019,70.0,1.0,1.0,4.0,2143937,1.0,1,1,1,9.0,,0.0,0,1975.0,B01,138Â 305Â 079,1.0,0.0,-1.0,1637141,1.0,7,,0.0,2.0,8.0,B01,138Â 305Â 079,1.0
959266,201900000797,9,20,18:50,1,2,1,1.0,3.0,75116,BD PERIPHERIQUE EXTERIEUR,M,"48,8395896","2,2539032",75,2019,70.0,1.0,1.0,4.0,2143938,1.0,1,1,1,5.0,,0.0,0,1950.0,A01,138Â 305Â 076,1.0,0.0,-1.0,1637142,2.0,7,,0.0,2.0,3.0,A01,138Â 305Â 076,1.0
959266,201900000797,9,20,18:50,1,2,1,1.0,3.0,75116,BD PERIPHERIQUE EXTERIEUR,M,"48,8395896","2,2539032",75,2019,70.0,1.0,1.0,4.0,2143938,1.0,1,1,1,5.0,,0.0,0,1950.0,A01,138Â 305Â 076,1.0,0.0,-1.0,1637143,2.0,34,,4.0,2.0,2.0,B01,138Â 305Â 077,1.0
959266,201900000797,9,20,18:50,1,2,1,1.0,3.0,75116,BD PERIPHERIQUE EXTERIEUR,M,"48,8395896","2,2539032",75,2019,70.0,1.0,1.0,4.0,2143939,1.0,1,4,1,4.0,,0.0,0,1978.0,B01,138Â 305Â 077,2.0,6.0,-1.0,1637142,2.0,7,,0.0,2.0,3.0,A01,138Â 305Â 076,1.0
959266,201900000797,9,20,18:50,1,2,1,1.0,3.0,75116,BD PERIPHERIQUE EXTERIEUR,M,"48,8395896","2,2539032",75,2019,70.0,1.0,1.0,4.0,2143939,1.0,1,4,1,4.0,,0.0,0,1978.0,B01,138Â 305Â 077,2.0,6.0,-1.0,1637143,2.0,34,,4.0,2.0,2.0,B01,138Â 305Â 077,1.0