Unnamed: 0_x,num_acc,mois,jour,hrmn,lum,agg,int,atm,col,com,adr,gps,lat,long,dep,annee,vma,situ,surf,catr,Unnamed: 0_y,place,catu,grav,sexe,trajet,secu,locp,actp,an_nais,num_veh_x,id_vehicule_x,secu1,secu2,secu3,Unnamed: 0,senc,catv,occutc,obs,obsm,choc,num_veh_y,id_vehicule_y,motor
959267,201900000798,9,20,10:25,1,2,1,1.0,3.0,75118,BD PERIPHERIQUE EXTERIEUR,M,"48,9008020","2,3698070",75,2019,70.0,1.0,1.0,4.0,2143940,1.0,1,1,1,5.0,,0.0,0,1949.0,B01,138Â 305Â 074,1.0,0.0,-1.0,1637144,2.0,7,,0.0,2.0,5.0,B01,138Â 305Â 074,1.0
959267,201900000798,9,20,10:25,1,2,1,1.0,3.0,75118,BD PERIPHERIQUE EXTERIEUR,M,"48,9008020","2,3698070",75,2019,70.0,1.0,1.0,4.0,2143940,1.0,1,1,1,5.0,,0.0,0,1949.0,B01,138Â 305Â 074,1.0,0.0,-1.0,1637145,2.0,33,,0.0,2.0,3.0,A01,138Â 305Â 075,1.0
959267,201900000798,9,20,10:25,1,2,1,1.0,3.0,75118,BD PERIPHERIQUE EXTERIEUR,M,"48,9008020","2,3698070",75,2019,70.0,1.0,1.0,4.0,2143941,1.0,1,4,1,1.0,,0.0,0,1997.0,A01,138Â 305Â 075,2.0,6.0,-1.0,1637144,2.0,7,,0.0,2.0,5.0,B01,138Â 305Â 074,1.0
959267,201900000798,9,20,10:25,1,2,1,1.0,3.0,75118,BD PERIPHERIQUE EXTERIEUR,M,"48,9008020","2,3698070",75,2019,70.0,1.0,1.0,4.0,2143941,1.0,1,4,1,1.0,,0.0,0,1997.0,A01,138Â 305Â 075,2.0,6.0,-1.0,1637145,2.0,33,,0.0,2.0,3.0,A01,138Â 305Â 075,1.0
959268,201900000799,9,19,11:20,1,2,1,1.0,4.0,75114,ECHANGEUR ORLEANS,M,"48,8194839","2,3287882",75,2019,50.0,1.0,1.0,4.0,2143942,1.0,1,4,1,1.0,,0.0,0,1970.0,A01,138Â 305Â 071,2.0,6.0,-1.0,1637146,1.0,31,,0.0,2.0,1.0,A01,138Â 305Â 071,1.0
959268,201900000799,9,19,11:20,1,2,1,1.0,4.0,75114,ECHANGEUR ORLEANS,M,"48,8194839","2,3287882",75,2019,50.0,1.0,1.0,4.0,2143942,1.0,1,4,1,1.0,,0.0,0,1970.0,A01,138Â 305Â 071,2.0,6.0,-1.0,1637147,1.0,7,,0.0,2.0,6.0,B01,138Â 305Â 072,1.0
959268,201900000799,9,19,11:20,1,2,1,1.0,4.0,75114,ECHANGEUR ORLEANS,M,"48,8194839","2,3287882",75,2019,50.0,1.0,1.0,4.0,2143942,1.0,1,4,1,1.0,,0.0,0,1970.0,A01,138Â 305Â 071,2.0,6.0,-1.0,1637148,1.0,7,,0.0,2.0,2.0,C01,138Â 305Â 073,1.0
959268,201900000799,9,19,11:20,1,2,1,1.0,4.0,75114,ECHANGEUR ORLEANS,M,"48,8194839","2,3287882",75,2019,50.0,1.0,1.0,4.0,2143943,4.0,2,1,1,2.0,,0.0,0,2011.0,B01,138Â 305Â 072,3.0,0.0,-1.0,1637146,1.0,31,,0.0,2.0,1.0,A01,138Â 305Â 071,1.0
959268,201900000799,9,19,11:20,1,2,1,1.0,4.0,75114,ECHANGEUR ORLEANS,M,"48,8194839","2,3287882",75,2019,50.0,1.0,1.0,4.0,2143943,4.0,2,1,1,2.0,,0.0,0,2011.0,B01,138Â 305Â 072,3.0,0.0,-1.0,1637147,1.0,7,,0.0,2.0,6.0,B01,138Â 305Â 072,1.0
959268,201900000799,9,19,11:20,1,2,1,1.0,4.0,75114,ECHANGEUR ORLEANS,M,"48,8194839","2,3287882",75,2019,50.0,1.0,1.0,4.0,2143943,4.0,2,1,1,2.0,,0.0,0,2011.0,B01,138Â 305Â 072,3.0,0.0,-1.0,1637148,1.0,7,,0.0,2.0,2.0,C01,138Â 305Â 073,1.0
959268,201900000799,9,19,11:20,1,2,1,1.0,4.0,75114,ECHANGEUR ORLEANS,M,"48,8194839","2,3287882",75,2019,50.0,1.0,1.0,4.0,2143944,1.0,1,1,1,5.0,,0.0,0,1981.0,B01,138Â 305Â 072,1.0,0.0,-1.0,1637146,1.0,31,,0.0,2.0,1.0,A01,138Â 305Â 071,1.0
959268,201900000799,9,19,11:20,1,2,1,1.0,4.0,75114,ECHANGEUR ORLEANS,M,"48,8194839","2,3287882",75,2019,50.0,1.0,1.0,4.0,2143944,1.0,1,1,1,5.0,,0.0,0,1981.0,B01,138Â 305Â 072,1.0,0.0,-1.0,1637147,1.0,7,,0.0,2.0,6.0,B01,138Â 305Â 072,1.0
959268,201900000799,9,19,11:20,1,2,1,1.0,4.0,75114,ECHANGEUR ORLEANS,M,"48,8194839","2,3287882",75,2019,50.0,1.0,1.0,4.0,2143944,1.0,1,1,1,5.0,,0.0,0,1981.0,B01,138Â 305Â 072,1.0,0.0,-1.0,1637148,1.0,7,,0.0,2.0,2.0,C01,138Â 305Â 073,1.0
959268,201900000799,9,19,11:20,1,2,1,1.0,4.0,75114,ECHANGEUR ORLEANS,M,"48,8194839","2,3287882",75,2019,50.0,1.0,1.0,4.0,2143945,1.0,1,1,1,4.0,,0.0,0,1962.0,C01,138Â 305Â 073,1.0,0.0,-1.0,1637146,1.0,31,,0.0,2.0,1.0,A01,138Â 305Â 071,1.0
959268,201900000799,9,19,11:20,1,2,1,1.0,4.0,75114,ECHANGEUR ORLEANS,M,"48,8194839","2,3287882",75,2019,50.0,1.0,1.0,4.0,2143945,1.0,1,1,1,4.0,,0.0,0,1962.0,C01,138Â 305Â 073,1.0,0.0,-1.0,1637147,1.0,7,,0.0,2.0,6.0,B01,138Â 305Â 072,1.0
959268,201900000799,9,19,11:20,1,2,1,1.0,4.0,75114,ECHANGEUR ORLEANS,M,"48,8194839","2,3287882",75,2019,50.0,1.0,1.0,4.0,2143945,1.0,1,1,1,4.0,,0.0,0,1962.0,C01,138Â 305Â 073,1.0,0.0,-1.0,1637148,1.0,7,,0.0,2.0,2.0,C01,138Â 305Â 073,1.0
959269,201900000800,9,20,09:25,1,2,1,1.0,3.0,75103,RUE REAUMUR,M,"48,8656245","2,3553242",75,2019,50.0,1.0,1.0,4.0,2143946,1.0,1,3,1,9.0,,0.0,0,1967.0,B01,138Â 305Â 069,2.0,6.0,-1.0,1637149,1.0,32,,0.0,2.0,4.0,B01,138Â 305Â 069,1.0
959269,201900000800,9,20,09:25,1,2,1,1.0,3.0,75103,RUE REAUMUR,M,"48,8656245","2,3553242",75,2019,50.0,1.0,1.0,4.0,2143946,1.0,1,3,1,9.0,,0.0,0,1967.0,B01,138Â 305Â 069,2.0,6.0,-1.0,1637150,1.0,7,,0.0,2.0,1.0,A01,138Â 305Â 070,1.0
959269,201900000800,9,20,09:25,1,2,1,1.0,3.0,75103,RUE REAUMUR,M,"48,8656245","2,3553242",75,2019,50.0,1.0,1.0,4.0,2143947,1.0,1,1,2,9.0,,0.0,0,1972.0,A01,138Â 305Â 070,1.0,0.0,-1.0,1637149,1.0,32,,0.0,2.0,4.0,B01,138Â 305Â 069,1.0
959269,201900000800,9,20,09:25,1,2,1,1.0,3.0,75103,RUE REAUMUR,M,"48,8656245","2,3553242",75,2019,50.0,1.0,1.0,4.0,2143947,1.0,1,1,2,9.0,,0.0,0,1972.0,A01,138Â 305Â 070,1.0,0.0,-1.0,1637150,1.0,7,,0.0,2.0,1.0,A01,138Â 305Â 070,1.0
959270,201900000801,9,20,02:51,5,2,2,1.0,3.0,75106,BOULEVARD SAINT GERMAIN,M,"48,8544710","2,3304650",75,2019,50.0,1.0,1.0,4.0,2143948,4.0,2,1,1,5.0,,-1.0,0,2001.0,B01,138Â 305Â 067,1.0,0.0,-1.0,1637151,1.0,7,,0.0,2.0,2.0,B01,138Â 305Â 067,1.0
959270,201900000801,9,20,02:51,5,2,2,1.0,3.0,75106,BOULEVARD SAINT GERMAIN,M,"48,8544710","2,3304650",75,2019,50.0,1.0,1.0,4.0,2143948,4.0,2,1,1,5.0,,-1.0,0,2001.0,B01,138Â 305Â 067,1.0,0.0,-1.0,1637152,2.0,32,,0.0,2.0,1.0,A01,138Â 305Â 068,1.0
959270,201900000801,9,20,02:51,5,2,2,1.0,3.0,75106,BOULEVARD SAINT GERMAIN,M,"48,8544710","2,3304650",75,2019,50.0,1.0,1.0,4.0,2143949,5.0,2,1,1,5.0,,0.0,0,1999.0,B01,138Â 305Â 067,1.0,0.0,-1.0,1637151,1.0,7,,0.0,2.0,2.0,B01,138Â 305Â 067,1.0
959270,201900000801,9,20,02:51,5,2,2,1.0,3.0,75106,BOULEVARD SAINT GERMAIN,M,"48,8544710","2,3304650",75,2019,50.0,1.0,1.0,4.0,2143949,5.0,2,1,1,5.0,,0.0,0,1999.0,B01,138Â 305Â 067,1.0,0.0,-1.0,1637152,2.0,32,,0.0,2.0,1.0,A01,138Â 305Â 068,1.0
959270,201900000801,9,20,02:51,5,2,2,1.0,3.0,75106,BOULEVARD SAINT GERMAIN,M,"48,8544710","2,3304650",75,2019,50.0,1.0,1.0,4.0,2143950,1.0,1,1,1,4.0,,0.0,0,1988.0,B01,138Â 305Â 067,1.0,0.0,-1.0,1637151,1.0,7,,0.0,2.0,2.0,B01,138Â 305Â 067,1.0
959270,201900000801,9,20,02:51,5,2,2,1.0,3.0,75106,BOULEVARD SAINT GERMAIN,M,"48,8544710","2,3304650",75,2019,50.0,1.0,1.0,4.0,2143950,1.0,1,1,1,4.0,,0.0,0,1988.0,B01,138Â 305Â 067,1.0,0.0,-1.0,1637152,2.0,32,,0.0,2.0,1.0,A01,138Â 305Â 068,1.0
959270,201900000801,9,20,02:51,5,2,2,1.0,3.0,75106,BOULEVARD SAINT GERMAIN,M,"48,8544710","2,3304650",75,2019,50.0,1.0,1.0,4.0,2143951,2.0,2,1,1,0.0,,0.0,0,2001.0,B01,138Â 305Â 067,1.0,0.0,-1.0,1637151,1.0,7,,0.0,2.0,2.0,B01,138Â 305Â 067,1.0
959270,201900000801,9,20,02:51,5,2,2,1.0,3.0,75106,BOULEVARD SAINT GERMAIN,M,"48,8544710","2,3304650",75,2019,50.0,1.0,1.0,4.0,2143951,2.0,2,1,1,0.0,,0.0,0,2001.0,B01,138Â 305Â 067,1.0,0.0,-1.0,1637152,2.0,32,,0.0,2.0,1.0,A01,138Â 305Â 068,1.0
959270,201900000801,9,20,02:51,5,2,2,1.0,3.0,75106,BOULEVARD SAINT GERMAIN,M,"48,8544710","2,3304650",75,2019,50.0,1.0,1.0,4.0,2143952,8.0,2,1,1,5.0,,0.0,0,1999.0,B01,138Â 305Â 067,1.0,0.0,-1.0,1637151,1.0,7,,0.0,2.0,2.0,B01,138Â 305Â 067,1.0
959270,201900000801,9,20,02:51,5,2,2,1.0,3.0,75106,BOULEVARD SAINT GERMAIN,M,"48,8544710","2,3304650",75,2019,50.0,1.0,1.0,4.0,2143952,8.0,2,1,1,5.0,,0.0,0,1999.0,B01,138Â 305Â 067,1.0,0.0,-1.0,1637152,2.0,32,,0.0,2.0,1.0,A01,138Â 305Â 068,1.0
959270,201900000801,9,20,02:51,5,2,2,1.0,3.0,75106,BOULEVARD SAINT GERMAIN,M,"48,8544710","2,3304650",75,2019,50.0,1.0,1.0,4.0,2143953,3.0,2,1,1,5.0,,-1.0,0,1998.0,B01,138Â 305Â 067,1.0,0.0,-1.0,1637151,1.0,7,,0.0,2.0,2.0,B01,138Â 305Â 067,1.0
959270,201900000801,9,20,02:51,5,2,2,1.0,3.0,75106,BOULEVARD SAINT GERMAIN,M,"48,8544710","2,3304650",75,2019,50.0,1.0,1.0,4.0,2143953,3.0,2,1,1,5.0,,-1.0,0,1998.0,B01,138Â 305Â 067,1.0,0.0,-1.0,1637152,2.0,32,,0.0,2.0,1.0,A01,138Â 305Â 068,1.0
959270,201900000801,9,20,02:51,5,2,2,1.0,3.0,75106,BOULEVARD SAINT GERMAIN,M,"48,8544710","2,3304650",75,2019,50.0,1.0,1.0,4.0,2143954,1.0,1,3,1,5.0,,0.0,0,1990.0,A01,138Â 305Â 068,2.0,6.0,-1.0,1637151,1.0,7,,0.0,2.0,2.0,B01,138Â 305Â 067,1.0
959270,201900000801,9,20,02:51,5,2,2,1.0,3.0,75106,BOULEVARD SAINT GERMAIN,M,"48,8544710","2,3304650",75,2019,50.0,1.0,1.0,4.0,2143954,1.0,1,3,1,5.0,,0.0,0,1990.0,A01,138Â 305Â 068,2.0,6.0,-1.0,1637152,2.0,32,,0.0,2.0,1.0,A01,138Â 305Â 068,1.0
959271,201900000802,9,20,06:15,5,2,2,1.0,3.0,75105,RUE CLAUDE BERNARD,M,"48,8390120","2,3492090",75,2019,30.0,1.0,1.0,4.0,2143955,1.0,1,1,1,1.0,,0.0,0,1995.0,A01,138Â 305Â 065,1.0,0.0,-1.0,1637153,1.0,10,,0.0,2.0,1.0,A01,138Â 305Â 065,1.0
959271,201900000802,9,20,06:15,5,2,2,1.0,3.0,75105,RUE CLAUDE BERNARD,M,"48,8390120","2,3492090",75,2019,30.0,1.0,1.0,4.0,2143955,1.0,1,1,1,1.0,,0.0,0,1995.0,A01,138Â 305Â 065,1.0,0.0,-1.0,1637154,2.0,32,,0.0,2.0,1.0,B01,138Â 305Â 066,1.0
959271,201900000802,9,20,06:15,5,2,2,1.0,3.0,75105,RUE CLAUDE BERNARD,M,"48,8390120","2,3492090",75,2019,30.0,1.0,1.0,4.0,2143956,1.0,1,4,1,4.0,,0.0,0,1993.0,B01,138Â 305Â 066,2.0,6.0,-1.0,1637153,1.0,10,,0.0,2.0,1.0,A01,138Â 305Â 065,1.0
959271,201900000802,9,20,06:15,5,2,2,1.0,3.0,75105,RUE CLAUDE BERNARD,M,"48,8390120","2,3492090",75,2019,30.0,1.0,1.0,4.0,2143956,1.0,1,4,1,4.0,,0.0,0,1993.0,B01,138Â 305Â 066,2.0,6.0,-1.0,1637154,2.0,32,,0.0,2.0,1.0,B01,138Â 305Â 066,1.0
959272,201900000803,9,20,16:40,1,2,1,1.0,6.0,75119,RUE DU MAROC,M,"48,8871068","2,3677059",75,2019,30.0,1.0,1.0,4.0,2143957,1.0,1,4,1,5.0,,0.0,0,1991.0,A01,138Â 305Â 064,2.0,6.0,-1.0,1637155,1.0,30,,14.0,0.0,1.0,A01,138Â 305Â 064,1.0
959273,201900000804,9,20,20:49,3,2,5,1.0,6.0,75116,CHAUSSEE LA MUETTE,M,"48,8580722","2,2728234",75,2019,50.0,1.0,1.0,4.0,2143958,1.0,1,1,1,5.0,,0.0,0,1966.0,A01,138Â 305Â 063,2.0,6.0,-1.0,1637156,2.0,32,,0.0,1.0,1.0,A01,138Â 305Â 063,1.0
959273,201900000804,9,20,20:49,3,2,5,1.0,6.0,75116,CHAUSSEE LA MUETTE,M,"48,8580722","2,2728234",75,2019,50.0,1.0,1.0,4.0,2143959,10.0,3,4,1,5.0,,2.0,3,1999.0,A01,138Â 305Â 063,0.0,0.0,0.0,1637156,2.0,32,,0.0,1.0,1.0,A01,138Â 305Â 063,1.0
959274,201900000805,9,20,08:34,1,2,3,1.0,3.0,75116,BOULEVARD DE L AMIRAL BRUIX,M,"48,8748629","2,2787538",75,2019,50.0,1.0,1.0,4.0,2143960,1.0,1,1,2,5.0,,0.0,0,1941.0,B01,138Â 305Â 061,1.0,0.0,-1.0,1637157,1.0,7,,0.0,2.0,2.0,B01,138Â 305Â 061,1.0
959274,201900000805,9,20,08:34,1,2,3,1.0,3.0,75116,BOULEVARD DE L AMIRAL BRUIX,M,"48,8748629","2,2787538",75,2019,50.0,1.0,1.0,4.0,2143960,1.0,1,1,2,5.0,,0.0,0,1941.0,B01,138Â 305Â 061,1.0,0.0,-1.0,1637158,3.0,30,,0.0,2.0,7.0,A01,138Â 305Â 062,3.0
959274,201900000805,9,20,08:34,1,2,3,1.0,3.0,75116,BOULEVARD DE L AMIRAL BRUIX,M,"48,8748629","2,2787538",75,2019,50.0,1.0,1.0,4.0,2143961,1.0,1,4,2,1.0,,0.0,0,1979.0,A01,138Â 305Â 062,2.0,6.0,-1.0,1637157,1.0,7,,0.0,2.0,2.0,B01,138Â 305Â 061,1.0
959274,201900000805,9,20,08:34,1,2,3,1.0,3.0,75116,BOULEVARD DE L AMIRAL BRUIX,M,"48,8748629","2,2787538",75,2019,50.0,1.0,1.0,4.0,2143961,1.0,1,4,2,1.0,,0.0,0,1979.0,A01,138Â 305Â 062,2.0,6.0,-1.0,1637158,3.0,30,,0.0,2.0,7.0,A01,138Â 305Â 062,3.0
959275,201900000806,9,20,03:17,5,2,2,1.0,2.0,75114,BOULEVARD BRUNE,M,"48,8261358","2,3127615",75,2019,50.0,1.0,1.0,4.0,2143962,1.0,1,1,1,5.0,,0.0,0,1995.0,B01,138Â 305Â 056,1.0,0.0,-1.0,1637159,2.0,7,,0.0,2.0,2.0,B01,138Â 305Â 056,1.0
959275,201900000806,9,20,03:17,5,2,2,1.0,2.0,75114,BOULEVARD BRUNE,M,"48,8261358","2,3127615",75,2019,50.0,1.0,1.0,4.0,2143962,1.0,1,1,1,5.0,,0.0,0,1995.0,B01,138Â 305Â 056,1.0,0.0,-1.0,1637160,2.0,34,,0.0,2.0,3.0,A01,138Â 305Â 057,1.0
959275,201900000806,9,20,03:17,5,2,2,1.0,2.0,75114,BOULEVARD BRUNE,M,"48,8261358","2,3127615",75,2019,50.0,1.0,1.0,4.0,2143963,2.0,2,1,1,5.0,,0.0,0,1995.0,A01,138Â 305Â 057,2.0,6.0,-1.0,1637159,2.0,7,,0.0,2.0,2.0,B01,138Â 305Â 056,1.0
959275,201900000806,9,20,03:17,5,2,2,1.0,2.0,75114,BOULEVARD BRUNE,M,"48,8261358","2,3127615",75,2019,50.0,1.0,1.0,4.0,2143963,2.0,2,1,1,5.0,,0.0,0,1995.0,A01,138Â 305Â 057,2.0,6.0,-1.0,1637160,2.0,34,,0.0,2.0,3.0,A01,138Â 305Â 057,1.0
959275,201900000806,9,20,03:17,5,2,2,1.0,2.0,75114,BOULEVARD BRUNE,M,"48,8261358","2,3127615",75,2019,50.0,1.0,1.0,4.0,2143964,1.0,1,4,1,5.0,,0.0,0,1984.0,A01,138Â 305Â 057,2.0,6.0,-1.0,1637159,2.0,7,,0.0,2.0,2.0,B01,138Â 305Â 056,1.0
959275,201900000806,9,20,03:17,5,2,2,1.0,2.0,75114,BOULEVARD BRUNE,M,"48,8261358","2,3127615",75,2019,50.0,1.0,1.0,4.0,2143964,1.0,1,4,1,5.0,,0.0,0,1984.0,A01,138Â 305Â 057,2.0,6.0,-1.0,1637160,2.0,34,,0.0,2.0,3.0,A01,138Â 305Â 057,1.0
959276,201900000807,9,20,19:25,2,2,1,1.0,6.0,75113,RUE DE TOLBIAC,M,"48,8259651","2,3531906",75,2019,50.0,6.0,1.0,4.0,2143965,1.0,1,4,1,2.0,,0.0,0,2001.0,A01,138Â 305Â 054,8.0,2.0,-1.0,1637161,1.0,1,,0.0,2.0,4.0,A01,138Â 305Â 054,5.0
959276,201900000807,9,20,19:25,2,2,1,1.0,6.0,75113,RUE DE TOLBIAC,M,"48,8259651","2,3531906",75,2019,50.0,6.0,1.0,4.0,2143965,1.0,1,4,1,2.0,,0.0,0,2001.0,A01,138Â 305Â 054,8.0,2.0,-1.0,1637162,1.0,10,,0.0,2.0,1.0,Z01,138Â 305Â 055,0.0
959277,201900000808,9,20,13:05,1,2,3,1.0,3.0,75113,AVENUE D ITALIE,M,"48,8258256","2,3575383",75,2019,50.0,1.0,1.0,4.0,2143966,1.0,1,4,1,0.0,,0.0,0,1997.0,B01,138Â 305Â 052,2.0,6.0,-1.0,1637163,2.0,30,,0.0,2.0,7.0,B01,138Â 305Â 052,1.0
959277,201900000808,9,20,13:05,1,2,3,1.0,3.0,75113,AVENUE D ITALIE,M,"48,8258256","2,3575383",75,2019,50.0,1.0,1.0,4.0,2143966,1.0,1,4,1,0.0,,0.0,0,1997.0,B01,138Â 305Â 052,2.0,6.0,-1.0,1637164,2.0,38,1.0,0.0,2.0,8.0,A01,138Â 305Â 053,1.0
959277,201900000808,9,20,13:05,1,2,3,1.0,3.0,75113,AVENUE D ITALIE,M,"48,8258256","2,3575383",75,2019,50.0,1.0,1.0,4.0,2143967,1.0,1,1,1,4.0,,0.0,0,1977.0,A01,138Â 305Â 053,1.0,0.0,-1.0,1637163,2.0,30,,0.0,2.0,7.0,B01,138Â 305Â 052,1.0
959277,201900000808,9,20,13:05,1,2,3,1.0,3.0,75113,AVENUE D ITALIE,M,"48,8258256","2,3575383",75,2019,50.0,1.0,1.0,4.0,2143967,1.0,1,1,1,4.0,,0.0,0,1977.0,A01,138Â 305Â 053,1.0,0.0,-1.0,1637164,2.0,38,1.0,0.0,2.0,8.0,A01,138Â 305Â 053,1.0
959278,201900000809,9,20,09:00,1,2,1,1.0,3.0,75113,AVENUE DE LA PORTE DE CHOISY,M,"48,8181990","2,3661230",75,2019,50.0,1.0,1.0,4.0,2143968,1.0,1,4,1,1.0,,0.0,0,1981.0,B01,138Â 305Â 050,2.0,8.0,-1.0,1637165,1.0,50,,0.0,2.0,4.0,B01,138Â 305Â 050,3.0
959278,201900000809,9,20,09:00,1,2,1,1.0,3.0,75113,AVENUE DE LA PORTE DE CHOISY,M,"48,8181990","2,3661230",75,2019,50.0,1.0,1.0,4.0,2143968,1.0,1,4,1,1.0,,0.0,0,1981.0,B01,138Â 305Â 050,2.0,8.0,-1.0,1637166,1.0,32,,0.0,2.0,1.0,A01,138Â 305Â 051,1.0
959278,201900000809,9,20,09:00,1,2,1,1.0,3.0,75113,AVENUE DE LA PORTE DE CHOISY,M,"48,8181990","2,3661230",75,2019,50.0,1.0,1.0,4.0,2143969,1.0,1,4,1,1.0,,0.0,0,1978.0,A01,138Â 305Â 051,2.0,6.0,-1.0,1637165,1.0,50,,0.0,2.0,4.0,B01,138Â 305Â 050,3.0
959278,201900000809,9,20,09:00,1,2,1,1.0,3.0,75113,AVENUE DE LA PORTE DE CHOISY,M,"48,8181990","2,3661230",75,2019,50.0,1.0,1.0,4.0,2143969,1.0,1,4,1,1.0,,0.0,0,1978.0,A01,138Â 305Â 051,2.0,6.0,-1.0,1637166,1.0,32,,0.0,2.0,1.0,A01,138Â 305Â 051,1.0
959279,201900000810,9,20,15:35,1,2,1,1.0,6.0,75112,ROUTE ROYALE DE BEAUTE,M,"48,8341140","2,4435680",75,2019,50.0,5.0,1.0,4.0,2143970,1.0,1,4,1,5.0,,0.0,0,1945.0,B01,138Â 305Â 049,2.0,8.0,-1.0,1637167,1.0,1,,1.0,0.0,1.0,B01,138Â 305Â 049,5.0
959280,201900000811,9,20,15:40,1,2,1,1.0,7.0,75111,BOULEVARD RICHARD LENOIR,M,"48,8574310","2,3713870",75,2019,50.0,1.0,1.0,4.0,2143971,1.0,1,4,1,5.0,,0.0,0,1990.0,A01,138Â 305Â 048,2.0,6.0,-1.0,1637168,1.0,30,,0.0,0.0,0.0,A01,138Â 305Â 048,1.0
959281,201900000812,9,20,15:45,1,2,3,1.0,6.0,75108,RUE DE ROME,M,"48,8771953","2,3230354",75,2019,50.0,6.0,1.0,4.0,2143972,1.0,1,4,2,5.0,,0.0,0,1992.0,A01,138Â 305Â 046,8.0,2.0,-1.0,1637169,2.0,1,,0.0,2.0,1.0,A01,138Â 305Â 046,5.0
959281,201900000812,9,20,15:45,1,2,3,1.0,6.0,75108,RUE DE ROME,M,"48,8771953","2,3230354",75,2019,50.0,6.0,1.0,4.0,2143972,1.0,1,4,2,5.0,,0.0,0,1992.0,A01,138Â 305Â 046,8.0,2.0,-1.0,1637170,2.0,7,,0.0,2.0,8.0,Z01,138Â 305Â 047,1.0
959282,201900000813,9,20,15:43,1,2,3,1.0,6.0,75107,BOULEVARD SAINT GERMAIN,M,"48,8569673","2,3245999",75,2019,50.0,1.0,1.0,4.0,2143973,1.0,1,4,1,9.0,,0.0,0,1946.0,A01,138Â 305Â 045,1.0,0.0,-1.0,1637171,2.0,3,,11.0,0.0,1.0,A01,138Â 305Â 045,1.0
959283,201900000814,9,20,01:30,5,2,2,1.0,3.0,75107,QUAI D ORSAY,M,"48,8628320","2,3134370",75,2019,50.0,1.0,1.0,4.0,2143974,1.0,1,4,2,5.0,,0.0,0,1991.0,A01,138Â 305Â 043,1.0,0.0,-1.0,1637172,1.0,7,,0.0,2.0,7.0,A01,138Â 305Â 043,1.0
959283,201900000814,9,20,01:30,5,2,2,1.0,3.0,75107,QUAI D ORSAY,M,"48,8628320","2,3134370",75,2019,50.0,1.0,1.0,4.0,2143974,1.0,1,4,2,5.0,,0.0,0,1991.0,A01,138Â 305Â 043,1.0,0.0,-1.0,1637173,2.0,7,,0.0,2.0,1.0,B01,138Â 305Â 044,2.0
959283,201900000814,9,20,01:30,5,2,2,1.0,3.0,75107,QUAI D ORSAY,M,"48,8628320","2,3134370",75,2019,50.0,1.0,1.0,4.0,2143975,1.0,1,4,1,1.0,,-1.0,0,1967.0,B01,138Â 305Â 044,1.0,0.0,-1.0,1637172,1.0,7,,0.0,2.0,7.0,A01,138Â 305Â 043,1.0
959283,201900000814,9,20,01:30,5,2,2,1.0,3.0,75107,QUAI D ORSAY,M,"48,8628320","2,3134370",75,2019,50.0,1.0,1.0,4.0,2143975,1.0,1,4,1,1.0,,-1.0,0,1967.0,B01,138Â 305Â 044,1.0,0.0,-1.0,1637173,2.0,7,,0.0,2.0,1.0,B01,138Â 305Â 044,2.0
959284,201900000815,9,20,17:20,1,2,1,1.0,6.0,75104,BOULEVARD DU PALAIS,M,"48,8552101","2,3458059",75,2019,50.0,6.0,1.0,4.0,2143976,10.0,3,4,2,1.0,,4.0,3,1964.0,A01,138Â 305Â 042,0.0,-1.0,-1.0,1637174,1.0,1,,0.0,1.0,1.0,A01,138Â 305Â 042,5.0
959284,201900000815,9,20,17:20,1,2,1,1.0,6.0,75104,BOULEVARD DU PALAIS,M,"48,8552101","2,3458059",75,2019,50.0,6.0,1.0,4.0,2143977,1.0,1,1,1,9.0,,0.0,0,1995.0,A01,138Â 305Â 042,8.0,2.0,-1.0,1637174,1.0,1,,0.0,1.0,1.0,A01,138Â 305Â 042,5.0
959285,201900000816,9,19,18:40,2,2,1,1.0,6.0,75101,QUAI FRANCOIS MITTERRAND,M,"48,8592526","2,3379745",75,2019,50.0,1.0,1.0,4.0,2143978,1.0,1,4,1,0.0,,0.0,0,1991.0,A01,138Â 305Â 041,2.0,6.0,-1.0,1637175,1.0,7,,0.0,2.0,0.0,Z01,138Â 305Â 040,0.0
959285,201900000816,9,19,18:40,2,2,1,1.0,6.0,75101,QUAI FRANCOIS MITTERRAND,M,"48,8592526","2,3379745",75,2019,50.0,1.0,1.0,4.0,2143978,1.0,1,4,1,0.0,,0.0,0,1991.0,A01,138Â 305Â 041,2.0,6.0,-1.0,1637176,1.0,33,,0.0,2.0,1.0,A01,138Â 305Â 041,1.0
959286,201900000817,9,19,20:00,5,2,2,1.0,2.0,75109,RUE DU HAVRE,M,"48,8741780","2,3269490",75,2019,50.0,1.0,1.0,4.0,2143979,1.0,1,4,1,5.0,,0.0,0,1981.0,A01,138Â 305Â 038,2.0,8.0,-1.0,1637177,2.0,50,,0.0,2.0,0.0,A01,138Â 305Â 038,3.0
959286,201900000817,9,19,20:00,5,2,2,1.0,2.0,75109,RUE DU HAVRE,M,"48,8741780","2,3269490",75,2019,50.0,1.0,1.0,4.0,2143979,1.0,1,4,1,5.0,,0.0,0,1981.0,A01,138Â 305Â 038,2.0,8.0,-1.0,1637178,2.0,32,,0.0,2.0,0.0,B01,138Â 305Â 039,1.0
959286,201900000817,9,19,20:00,5,2,2,1.0,2.0,75109,RUE DU HAVRE,M,"48,8741780","2,3269490",75,2019,50.0,1.0,1.0,4.0,2143980,1.0,1,1,1,5.0,,0.0,0,1967.0,B01,138Â 305Â 039,2.0,6.0,-1.0,1637177,2.0,50,,0.0,2.0,0.0,A01,138Â 305Â 038,3.0