Unnamed: 0_x,num_acc,mois,jour,hrmn,lum,agg,int,atm,col,com,adr,gps,lat,long,dep,annee,vma,situ,surf,catr,Unnamed: 0_y,place,catu,grav,sexe,trajet,secu,locp,actp,an_nais,num_veh_x,id_vehicule_x,secu1,secu2,secu3,Unnamed: 0,senc,catv,occutc,obs,obsm,choc,num_veh_y,id_vehicule_y,motor
959286,201900000817,9,19,20:00,5,2,2,1.0,2.0,75109,RUE DU HAVRE,M,"48,8741780","2,3269490",75,2019,50.0,1.0,1.0,4.0,2143980,1.0,1,1,1,5.0,,0.0,0,1967.0,B01,138Â 305Â 039,2.0,6.0,-1.0,1637178,2.0,32,,0.0,2.0,0.0,B01,138Â 305Â 039,1.0
959287,201900000818,9,20,15:45,1,2,1,1.0,6.0,94081,MOULIN DE SAQUET (AV DU),M,"48,7900000","2,3790000",94,2019,50.0,1.0,1.0,3.0,2143981,1.0,1,1,1,4.0,,-1.0, -1,1972.0,A01,138Â 305Â 037,8.0,0.0,-1.0,1637179,1.0,37,1.0,0.0,1.0,2.0,A01,138Â 305Â 037,1.0
959287,201900000818,9,20,15:45,1,2,1,1.0,6.0,94081,MOULIN DE SAQUET (AV DU),M,"48,7900000","2,3790000",94,2019,50.0,1.0,1.0,3.0,2143982,10.0,3,4,1,2.0,,3.0,3,2008.0,A01,138Â 305Â 037,8.0,0.0,-1.0,1637179,1.0,37,1.0,0.0,1.0,2.0,A01,138Â 305Â 037,1.0
959288,201900000819,9,3,00:09,5,2,1,1.0,3.0,94077,VILLENEUVE LE ROI (PONT DE),M,"48,7278707","2,4457500",94,2019,50.0,1.0,1.0,3.0,2143983,1.0,1,1,1,1.0,,-1.0, -1,1970.0,B01,138Â 305Â 035,1.0,0.0,-1.0,1637180,0.0,13,,0.0,2.0,3.0,B01,138Â 305Â 035,0.0
959288,201900000819,9,3,00:09,5,2,1,1.0,3.0,94077,VILLENEUVE LE ROI (PONT DE),M,"48,7278707","2,4457500",94,2019,50.0,1.0,1.0,3.0,2143983,1.0,1,1,1,1.0,,-1.0, -1,1970.0,B01,138Â 305Â 035,1.0,0.0,-1.0,1637181,0.0,32,,0.0,2.0,1.0,A01,138Â 305Â 036,1.0
959288,201900000819,9,3,00:09,5,2,1,1.0,3.0,94077,VILLENEUVE LE ROI (PONT DE),M,"48,7278707","2,4457500",94,2019,50.0,1.0,1.0,3.0,2143984,1.0,1,4,1,1.0,,-1.0, -1,1989.0,A01,138Â 305Â 036,2.0,6.0,-1.0,1637180,0.0,13,,0.0,2.0,3.0,B01,138Â 305Â 035,0.0
959288,201900000819,9,3,00:09,5,2,1,1.0,3.0,94077,VILLENEUVE LE ROI (PONT DE),M,"48,7278707","2,4457500",94,2019,50.0,1.0,1.0,3.0,2143984,1.0,1,4,1,1.0,,-1.0, -1,1989.0,A01,138Â 305Â 036,2.0,6.0,-1.0,1637181,0.0,32,,0.0,2.0,1.0,A01,138Â 305Â 036,1.0
959289,201900000820,9,20,09:45,1,2,3,1.0,3.0,94068,CONDE (AV DE),M,"48,8114800","2,4769160",94,2019,50.0,2.0,1.0,3.0,2143985,1.0,1,1,1,4.0,,-1.0, -1,1984.0,A01,138Â 305Â 033,1.0,5.0,-1.0,1637182,2.0,10,,0.0,2.0,7.0,A01,138Â 305Â 033,1.0
959289,201900000820,9,20,09:45,1,2,3,1.0,3.0,94068,CONDE (AV DE),M,"48,8114800","2,4769160",94,2019,50.0,2.0,1.0,3.0,2143985,1.0,1,1,1,4.0,,-1.0, -1,1984.0,A01,138Â 305Â 033,1.0,5.0,-1.0,1637183,1.0,33,,0.0,2.0,7.0,B01,138Â 305Â 034,1.0
959289,201900000820,9,20,09:45,1,2,3,1.0,3.0,94068,CONDE (AV DE),M,"48,8114800","2,4769160",94,2019,50.0,2.0,1.0,3.0,2143986,1.0,1,4,1,3.0,,-1.0, -1,1988.0,B01,138Â 305Â 034,2.0,8.0,-1.0,1637182,2.0,10,,0.0,2.0,7.0,A01,138Â 305Â 033,1.0
959289,201900000820,9,20,09:45,1,2,3,1.0,3.0,94068,CONDE (AV DE),M,"48,8114800","2,4769160",94,2019,50.0,2.0,1.0,3.0,2143986,1.0,1,4,1,3.0,,-1.0, -1,1988.0,B01,138Â 305Â 034,2.0,8.0,-1.0,1637183,1.0,33,,0.0,2.0,7.0,B01,138Â 305Â 034,1.0
959290,201900000821,9,18,17:10,1,2,1,1.0,6.0,94015,GEORGES CLEMENCEAU (AV),M,"48,8402500","2,5241200",94,2019,30.0,1.0,1.0,4.0,2143987,10.0,3,4,1,2.0,,4.0,3,2014.0,A01,138Â 305Â 032,8.0,0.0,-1.0,1637184,2.0,7,,0.0,1.0,2.0,A01,138Â 305Â 032,1.0
959290,201900000821,9,18,17:10,1,2,1,1.0,6.0,94015,GEORGES CLEMENCEAU (AV),M,"48,8402500","2,5241200",94,2019,30.0,1.0,1.0,4.0,2143988,1.0,1,1,2,0.0,,0.0,0,1947.0,A01,138Â 305Â 032,1.0,8.0,-1.0,1637184,2.0,7,,0.0,1.0,2.0,A01,138Â 305Â 032,1.0
959291,201900000822,9,20,09:15,1,2,1,1.0,6.0,94041,AMEDEE HUON (R),M,"48,8043000","2,3854000",94,2019,50.0,3.0,1.0,4.0,2143989,10.0,3,4,2,0.0,,2.0,3,1995.0,A01,138Â 305Â 031,0.0,0.0,0.0,1637185,1.0,20,,0.0,1.0,3.0,A01,138Â 305Â 031,1.0
959291,201900000822,9,20,09:15,1,2,1,1.0,6.0,94041,AMEDEE HUON (R),M,"48,8043000","2,3854000",94,2019,50.0,3.0,1.0,4.0,2143990,1.0,1,1,2,5.0,,0.0,0,1987.0,A01,138Â 305Â 031,1.0,8.0,-1.0,1637185,1.0,20,,0.0,1.0,3.0,A01,138Â 305Â 031,1.0
959292,201900000823,9,20,19:05,1,2,1,1.0,3.0,94034,ROGER SALENGRO (R),M,"48,7554500","2,3210000",94,2019,50.0,1.0,1.0,4.0,2143991,1.0,1,4,2,5.0,,-1.0,0,1993.0,A01,138Â 305Â 029,2.0,6.0,-1.0,1637186,1.0,33,,1.0,0.0,2.0,A01,138Â 305Â 029,1.0
959292,201900000823,9,20,19:05,1,2,1,1.0,3.0,94034,ROGER SALENGRO (R),M,"48,7554500","2,3210000",94,2019,50.0,1.0,1.0,4.0,2143991,1.0,1,4,2,5.0,,-1.0,0,1993.0,A01,138Â 305Â 029,2.0,6.0,-1.0,1637187,3.0,7,,0.0,2.0,0.0,C01,138Â 305Â 030,1.0
959293,201900000824,9,20,12:15,1,2,1,1.0,1.0,94033,PIERRE BROSSOLETTE (R),M,"48,8400000","2,4700000",94,2019,30.0,1.0,1.0,4.0,2143992,1.0,1,1,2,5.0,,-1.0,0,1982.0,A01,138Â 305Â 027,1.0,0.0,-1.0,1637188,1.0,7,,0.0,6.0,1.0,A01,138Â 305Â 027,0.0
959293,201900000824,9,20,12:15,1,2,1,1.0,1.0,94033,PIERRE BROSSOLETTE (R),M,"48,8400000","2,4700000",94,2019,30.0,1.0,1.0,4.0,2143992,1.0,1,1,2,5.0,,-1.0,0,1982.0,A01,138Â 305Â 027,1.0,0.0,-1.0,1637189,2.0,1,,0.0,2.0,1.0,B01,138Â 305Â 028,5.0
959293,201900000824,9,20,12:15,1,2,1,1.0,1.0,94033,PIERRE BROSSOLETTE (R),M,"48,8400000","2,4700000",94,2019,30.0,1.0,1.0,4.0,2143993,1.0,1,4,1,2.0,,-1.0,0,2004.0,B01,138Â 305Â 028,8.0,0.0,-1.0,1637188,1.0,7,,0.0,6.0,1.0,A01,138Â 305Â 027,0.0
959293,201900000824,9,20,12:15,1,2,1,1.0,1.0,94033,PIERRE BROSSOLETTE (R),M,"48,8400000","2,4700000",94,2019,30.0,1.0,1.0,4.0,2143993,1.0,1,4,1,2.0,,-1.0,0,2004.0,B01,138Â 305Â 028,8.0,0.0,-1.0,1637189,2.0,1,,0.0,2.0,1.0,B01,138Â 305Â 028,5.0
959294,201900000825,9,19,18:45,1,2,1,1.0,3.0,94028,DEMENITROUX(RUE MAURICE),M,"48,7898900","2,4537900",94,2019,50.0,1.0,1.0,4.0,2143994,1.0,1,1,2,9.0,,-1.0, -1,1985.0,B01,138Â 305Â 025,1.0,0.0,-1.0,1637190,1.0,7,,0.0,2.0,2.0,B01,138Â 305Â 025,1.0
959294,201900000825,9,19,18:45,1,2,1,1.0,3.0,94028,DEMENITROUX(RUE MAURICE),M,"48,7898900","2,4537900",94,2019,50.0,1.0,1.0,4.0,2143994,1.0,1,1,2,9.0,,-1.0, -1,1985.0,B01,138Â 305Â 025,1.0,0.0,-1.0,1637191,1.0,7,,0.0,2.0,0.0,A01,138Â 305Â 026,1.0
959294,201900000825,9,19,18:45,1,2,1,1.0,3.0,94028,DEMENITROUX(RUE MAURICE),M,"48,7898900","2,4537900",94,2019,50.0,1.0,1.0,4.0,2143995,1.0,1,4,2,9.0,,-1.0, -1,1996.0,A01,138Â 305Â 026,8.0,0.0,-1.0,1637190,1.0,7,,0.0,2.0,2.0,B01,138Â 305Â 025,1.0
959294,201900000825,9,19,18:45,1,2,1,1.0,3.0,94028,DEMENITROUX(RUE MAURICE),M,"48,7898900","2,4537900",94,2019,50.0,1.0,1.0,4.0,2143995,1.0,1,4,2,9.0,,-1.0, -1,1996.0,A01,138Â 305Â 026,8.0,0.0,-1.0,1637191,1.0,7,,0.0,2.0,0.0,A01,138Â 305Â 026,1.0
959295,201900000826,9,19,15:30,1,2,9,1.0,3.0,94028,COMPAGNONS DE LA LIBERATION(AVE DES),M,"48,7700000","2,4600000",94,2019,50.0,1.0,1.0,4.0,2143996,1.0,1,4,1,9.0,,-1.0,0,1984.0,B01,138Â 305Â 023,2.0,6.0,-1.0,1637192,3.0,31,,0.0,2.0,1.0,B01,138Â 305Â 023,1.0
959295,201900000826,9,19,15:30,1,2,9,1.0,3.0,94028,COMPAGNONS DE LA LIBERATION(AVE DES),M,"48,7700000","2,4600000",94,2019,50.0,1.0,1.0,4.0,2143996,1.0,1,4,1,9.0,,-1.0,0,1984.0,B01,138Â 305Â 023,2.0,6.0,-1.0,1637193,3.0,7,,0.0,2.0,8.0,A01,138Â 305Â 024,1.0
959295,201900000826,9,19,15:30,1,2,9,1.0,3.0,94028,COMPAGNONS DE LA LIBERATION(AVE DES),M,"48,7700000","2,4600000",94,2019,50.0,1.0,1.0,4.0,2143997,1.0,1,1,1,9.0,,-1.0,0,1995.0,A01,138Â 305Â 024,1.0,0.0,-1.0,1637192,3.0,31,,0.0,2.0,1.0,B01,138Â 305Â 023,1.0
959295,201900000826,9,19,15:30,1,2,9,1.0,3.0,94028,COMPAGNONS DE LA LIBERATION(AVE DES),M,"48,7700000","2,4600000",94,2019,50.0,1.0,1.0,4.0,2143997,1.0,1,1,1,9.0,,-1.0,0,1995.0,A01,138Â 305Â 024,1.0,0.0,-1.0,1637193,3.0,7,,0.0,2.0,8.0,A01,138Â 305Â 024,1.0
959296,201900000827,9,20,11:35,1,2,1,1.0,2.0,94054,CHARLES TILLON (route),M,"48,7401400","2,3880200",94,2019,50.0,1.0,1.0,3.0,2143998,1.0,1,1,1,1.0,,-1.0, -1,1974.0,A01,138Â 305Â 021,1.0,0.0,-1.0,1637194,3.0,7,,0.0,2.0,1.0,A01,138Â 305Â 021,0.0
959296,201900000827,9,20,11:35,1,2,1,1.0,2.0,94054,CHARLES TILLON (route),M,"48,7401400","2,3880200",94,2019,50.0,1.0,1.0,3.0,2143998,1.0,1,1,1,1.0,,-1.0, -1,1974.0,A01,138Â 305Â 021,1.0,0.0,-1.0,1637195,3.0,7,,0.0,2.0,4.0,B01,138Â 305Â 022,1.0
959296,201900000827,9,20,11:35,1,2,1,1.0,2.0,94054,CHARLES TILLON (route),M,"48,7401400","2,3880200",94,2019,50.0,1.0,1.0,3.0,2143999,1.0,1,4,1,1.0,,-1.0, -1,1989.0,B01,138Â 305Â 022,1.0,8.0,-1.0,1637194,3.0,7,,0.0,2.0,1.0,A01,138Â 305Â 021,0.0
959296,201900000827,9,20,11:35,1,2,1,1.0,2.0,94054,CHARLES TILLON (route),M,"48,7401400","2,3880200",94,2019,50.0,1.0,1.0,3.0,2143999,1.0,1,4,1,1.0,,-1.0, -1,1989.0,B01,138Â 305Â 022,1.0,8.0,-1.0,1637195,3.0,7,,0.0,2.0,4.0,B01,138Â 305Â 022,1.0
959297,201900000828,9,20,21:30,5,2,2,1.0,3.0,94059,MAURICE BERTEAUX (AV),M,"48,8100000","2,5600000",94,2019,50.0,3.0,1.0,3.0,2144000,1.0,1,1,1,5.0,,-1.0, -1,1970.0,B01,138Â 305Â 019,1.0,0.0,-1.0,1637196,1.0,7,,0.0,2.0,8.0,B01,138Â 305Â 019,1.0
959297,201900000828,9,20,21:30,5,2,2,1.0,3.0,94059,MAURICE BERTEAUX (AV),M,"48,8100000","2,5600000",94,2019,50.0,3.0,1.0,3.0,2144000,1.0,1,1,1,5.0,,-1.0, -1,1970.0,B01,138Â 305Â 019,1.0,0.0,-1.0,1637197,1.0,33,,0.0,2.0,1.0,A01,138Â 305Â 020,1.0
959297,201900000828,9,20,21:30,5,2,2,1.0,3.0,94059,MAURICE BERTEAUX (AV),M,"48,8100000","2,5600000",94,2019,50.0,3.0,1.0,3.0,2144001,1.0,1,4,1,5.0,,-1.0, -1,1997.0,A01,138Â 305Â 020,2.0,0.0,-1.0,1637196,1.0,7,,0.0,2.0,8.0,B01,138Â 305Â 019,1.0
959297,201900000828,9,20,21:30,5,2,2,1.0,3.0,94059,MAURICE BERTEAUX (AV),M,"48,8100000","2,5600000",94,2019,50.0,3.0,1.0,3.0,2144001,1.0,1,4,1,5.0,,-1.0, -1,1997.0,A01,138Â 305Â 020,2.0,0.0,-1.0,1637197,1.0,33,,0.0,2.0,1.0,A01,138Â 305Â 020,1.0
959297,201900000828,9,20,21:30,5,2,2,1.0,3.0,94059,MAURICE BERTEAUX (AV),M,"48,8100000","2,5600000",94,2019,50.0,3.0,1.0,3.0,2144002,3.0,2,4,1,5.0,,0.0,0,1997.0,A01,138Â 305Â 020,2.0,0.0,-1.0,1637196,1.0,7,,0.0,2.0,8.0,B01,138Â 305Â 019,1.0
959297,201900000828,9,20,21:30,5,2,2,1.0,3.0,94059,MAURICE BERTEAUX (AV),M,"48,8100000","2,5600000",94,2019,50.0,3.0,1.0,3.0,2144002,3.0,2,4,1,5.0,,0.0,0,1997.0,A01,138Â 305Â 020,2.0,0.0,-1.0,1637197,1.0,33,,0.0,2.0,1.0,A01,138Â 305Â 020,1.0
959298,201900000829,9,20,07:45,2,2,6,1.0,3.0,94079,GENERAL GALLIENI (RUE DU),M,"48,8267100","2,5402700",94,2019,50.0,1.0,1.0,3.0,2144003,1.0,1,4,1,1.0,,-1.0,0,1997.0,A01,138Â 305Â 017,2.0,6.0,-1.0,1637198,3.0,30,,0.0,2.0,2.0,A01,138Â 305Â 017,1.0
959298,201900000829,9,20,07:45,2,2,6,1.0,3.0,94079,GENERAL GALLIENI (RUE DU),M,"48,8267100","2,5402700",94,2019,50.0,1.0,1.0,3.0,2144003,1.0,1,4,1,1.0,,-1.0,0,1997.0,A01,138Â 305Â 017,2.0,6.0,-1.0,1637199,3.0,7,,0.0,2.0,1.0,B01,138Â 305Â 018,1.0
959298,201900000829,9,20,07:45,2,2,6,1.0,3.0,94079,GENERAL GALLIENI (RUE DU),M,"48,8267100","2,5402700",94,2019,50.0,1.0,1.0,3.0,2144004,1.0,1,1,1,1.0,,-1.0, -1,1971.0,B01,138Â 305Â 018,1.0,0.0,-1.0,1637198,3.0,30,,0.0,2.0,2.0,A01,138Â 305Â 017,1.0
959298,201900000829,9,20,07:45,2,2,6,1.0,3.0,94079,GENERAL GALLIENI (RUE DU),M,"48,8267100","2,5402700",94,2019,50.0,1.0,1.0,3.0,2144004,1.0,1,1,1,1.0,,-1.0, -1,1971.0,B01,138Â 305Â 018,1.0,0.0,-1.0,1637199,3.0,7,,0.0,2.0,1.0,B01,138Â 305Â 018,1.0
959299,201900000830,9,19,17:10,1,2,1,7.0,6.0,94079,NOISY (R DE),M,"48,8321300","2,5448900",94,2019,50.0,1.0,1.0,4.0,2144005,10.0,3,4,2,2.0,,1.0,3,2006.0,A01,138Â 305Â 016,8.0,0.0,-1.0,1637200,3.0,7,,0.0,1.0,2.0,A01,138Â 305Â 016,1.0
959299,201900000830,9,19,17:10,1,2,1,7.0,6.0,94079,NOISY (R DE),M,"48,8321300","2,5448900",94,2019,50.0,1.0,1.0,4.0,2144006,1.0,1,1,2,0.0,,-1.0,0,1971.0,A01,138Â 305Â 016,1.0,0.0,-1.0,1637200,3.0,7,,0.0,1.0,2.0,A01,138Â 305Â 016,1.0
959300,201900000831,9,20,19:50,1,2,2,1.0,3.0,93048,PAUL VAILLANT COUTURIER (BOULEVARD),M,"48,8667200","2,4451200",93,2019,50.0,1.0,1.0,3.0,2144007,1.0,1,1,1,5.0,,-1.0, -1,1996.0,A01,138Â 305Â 014,1.0,0.0,-1.0,1637201,1.0,7,,0.0,2.0,5.0,A01,138Â 305Â 014,1.0
959300,201900000831,9,20,19:50,1,2,2,1.0,3.0,93048,PAUL VAILLANT COUTURIER (BOULEVARD),M,"48,8667200","2,4451200",93,2019,50.0,1.0,1.0,3.0,2144007,1.0,1,1,1,5.0,,-1.0, -1,1996.0,A01,138Â 305Â 014,1.0,0.0,-1.0,1637202,2.0,30,,0.0,2.0,1.0,B01,138Â 305Â 015,1.0
959300,201900000831,9,20,19:50,1,2,2,1.0,3.0,93048,PAUL VAILLANT COUTURIER (BOULEVARD),M,"48,8667200","2,4451200",93,2019,50.0,1.0,1.0,3.0,2144008,1.0,1,3,1,4.0,,-1.0, -1,2000.0,B01,138Â 305Â 015,2.0,0.0,-1.0,1637201,1.0,7,,0.0,2.0,5.0,A01,138Â 305Â 014,1.0
959300,201900000831,9,20,19:50,1,2,2,1.0,3.0,93048,PAUL VAILLANT COUTURIER (BOULEVARD),M,"48,8667200","2,4451200",93,2019,50.0,1.0,1.0,3.0,2144008,1.0,1,3,1,4.0,,-1.0, -1,2000.0,B01,138Â 305Â 015,2.0,0.0,-1.0,1637202,2.0,30,,0.0,2.0,1.0,B01,138Â 305Â 015,1.0
959301,201900000832,9,20,14:00,1,2,5,1.0,6.0,93046,SALVADOR ALLENDE CARREFOUR,M,"48,9111778","2,5161780",93,2019,50.0,1.0,1.0,3.0,2144009,1.0,1,3,1,1.0,,-1.0, -1,1973.0,A01,138Â 305Â 013,8.0,5.0,-1.0,1637203,2.0,7,,8.0,0.0,3.0,A01,138Â 305Â 013,1.0
959302,201900000833,9,20,18:50,1,2,1,1.0,6.0,93045,PARIS RUE DE,M,"48,8840000","2,4182000",93,2019,50.0,1.0,1.0,3.0,2144010,1.0,1,1,2,1.0,,-1.0, -1,1975.0,A01,138Â 305Â 012,2.0,0.0,-1.0,1637204,2.0,34,,0.0,1.0,1.0,A01,138Â 305Â 012,1.0
959302,201900000833,9,20,18:50,1,2,1,1.0,6.0,93045,PARIS RUE DE,M,"48,8840000","2,4182000",93,2019,50.0,1.0,1.0,3.0,2144011,10.0,3,4,1,2.0,,3.0,3,2001.0,A01,138Â 305Â 012,8.0,0.0,-1.0,1637204,2.0,34,,0.0,1.0,1.0,A01,138Â 305Â 012,1.0
959303,201900000834,9,20,17:05,1,2,1,1.0,6.0,93006,STALINGRAD AV.,M,"48,8761000","2,4262500",93,2019,50.0,1.0,1.0,3.0,2144012,10.0,3,4,1,0.0,,4.0,3,2015.0,A01,138Â 305Â 011,8.0,0.0,-1.0,1637205,3.0,34,,0.0,1.0,1.0,A01,138Â 305Â 011,1.0
959304,201900000835,9,18,17:00,1,2,2,1.0,1.0,93032,ARISTIDE BRIAND (RUE),M,"48,8828800","2,5350700",93,2019,50.0,1.0,1.0,3.0,2144013,1.0,1,1,1,0.0,,-1.0, -1,1994.0,B01,138Â 305Â 009,1.0,0.0,-1.0,1637206,3.0,7,,0.0,2.0,2.0,B01,138Â 305Â 009,1.0
959304,201900000835,9,18,17:00,1,2,2,1.0,1.0,93032,ARISTIDE BRIAND (RUE),M,"48,8828800","2,5350700",93,2019,50.0,1.0,1.0,3.0,2144013,1.0,1,1,1,0.0,,-1.0, -1,1994.0,B01,138Â 305Â 009,1.0,0.0,-1.0,1637207,3.0,80,,0.0,2.0,2.0,A01,138Â 305Â 010,3.0
959304,201900000835,9,18,17:00,1,2,2,1.0,1.0,93032,ARISTIDE BRIAND (RUE),M,"48,8828800","2,5350700",93,2019,50.0,1.0,1.0,3.0,2144014,1.0,1,4,1,0.0,,-1.0, -1,1994.0,A01,138Â 305Â 010,8.0,0.0,-1.0,1637206,3.0,7,,0.0,2.0,2.0,B01,138Â 305Â 009,1.0
959304,201900000835,9,18,17:00,1,2,2,1.0,1.0,93032,ARISTIDE BRIAND (RUE),M,"48,8828800","2,5350700",93,2019,50.0,1.0,1.0,3.0,2144014,1.0,1,4,1,0.0,,-1.0, -1,1994.0,A01,138Â 305Â 010,8.0,0.0,-1.0,1637207,3.0,80,,0.0,2.0,2.0,A01,138Â 305Â 010,3.0
959305,201900000836,9,18,12:35,1,2,1,1.0,6.0,93027,MASSON (RUE SUZANNE),M,"48,9233000","2,3851700",93,2019,50.0,3.0,1.0,4.0,2144015,10.0,3,4,1,9.0,,2.0,3,2000.0,A01,138Â 305Â 008,8.0,0.0,-1.0,1637208,3.0,7,,0.0,1.0,1.0,A01,138Â 305Â 008,0.0
959305,201900000836,9,18,12:35,1,2,1,1.0,6.0,93027,MASSON (RUE SUZANNE),M,"48,9233000","2,3851700",93,2019,50.0,3.0,1.0,4.0,2144016,1.0,1,1,1,0.0,,-1.0, -1,1958.0,A01,138Â 305Â 008,1.0,0.0,-1.0,1637208,3.0,7,,0.0,1.0,1.0,A01,138Â 305Â 008,0.0
959306,201900000837,9,20,10:20,1,2,1,1.0,6.0,93010,MOULIN (AV. JEAN) COTE PAIRS,M,"48,9125120","2,4787230",93,2019,30.0,1.0,1.0,4.0,2144017,1.0,1,1,1,0.0,,-1.0, -1,1953.0,A01,138Â 305Â 007,1.0,0.0,-1.0,1637209,1.0,7,,0.0,1.0,2.0,A01,138Â 305Â 007,1.0
959306,201900000837,9,20,10:20,1,2,1,1.0,6.0,93010,MOULIN (AV. JEAN) COTE PAIRS,M,"48,9125120","2,4787230",93,2019,30.0,1.0,1.0,4.0,2144018,10.0,3,4,1,2.0,,2.0,3,2013.0,A01,138Â 305Â 007,8.0,0.0,-1.0,1637209,1.0,7,,0.0,1.0,2.0,A01,138Â 305Â 007,1.0
959307,201900000838,9,20,19:25,2,2,2,1.0,6.0,93008,LUXEMBOURG (RUE DE),M,"48,9124600","2,4642300",93,2019,50.0,-1.0,1.0,3.0,2144019,10.0,3,4,2,0.0,,5.0,5,2014.0,A01,138Â 305Â 006,8.0,0.0,-1.0,1637210,1.0,7,,0.0,1.0,2.0,A01,138Â 305Â 006,0.0
959307,201900000838,9,20,19:25,2,2,2,1.0,6.0,93008,LUXEMBOURG (RUE DE),M,"48,9124600","2,4642300",93,2019,50.0,-1.0,1.0,3.0,2144020,1.0,1,1,1,0.0,,-1.0,0,1981.0,A01,138Â 305Â 006,1.0,0.0,-1.0,1637210,1.0,7,,0.0,1.0,2.0,A01,138Â 305Â 006,0.0
959308,201900000839,9,20,08:50,1,2,2,1.0,6.0,93005,CHARLES FLOQUET (BOULEVARD),M,"48,9300000","2,5000000",93,2019,50.0,1.0,1.0,4.0,2144021,1.0,1,1,1,0.0,,-1.0, -1,1992.0,A01,138Â 305Â 005,0.0,-1.0,-1.0,1637211,0.0,7,,0.0,0.0,0.0,A01,138Â 305Â 005,0.0
959308,201900000839,9,20,08:50,1,2,2,1.0,6.0,93005,CHARLES FLOQUET (BOULEVARD),M,"48,9300000","2,5000000",93,2019,50.0,1.0,1.0,4.0,2144022,10.0,3,4,1,0.0,,9.0,B,2005.0,A01,138Â 305Â 005,0.0,-1.0,-1.0,1637211,0.0,7,,0.0,0.0,0.0,A01,138Â 305Â 005,0.0
959309,201900000840,9,20,09:00,1,2,1,1.0,2.0,93005,ROBERT SCHUMAN (CARREFOUR),M,"48,9493440","2,5176750",93,2019,50.0,1.0,1.0,3.0,2144023,1.0,1,4,2,1.0,,-1.0, -1,1995.0,B01,138Â 305Â 003,1.0,0.0,-1.0,1637212,1.0,7,,0.0,2.0,6.0,B01,138Â 305Â 003,1.0
959309,201900000840,9,20,09:00,1,2,1,1.0,2.0,93005,ROBERT SCHUMAN (CARREFOUR),M,"48,9493440","2,5176750",93,2019,50.0,1.0,1.0,3.0,2144023,1.0,1,4,2,1.0,,-1.0, -1,1995.0,B01,138Â 305Â 003,1.0,0.0,-1.0,1637213,1.0,7,,0.0,2.0,1.0,A01,138Â 305Â 004,1.0
959309,201900000840,9,20,09:00,1,2,1,1.0,2.0,93005,ROBERT SCHUMAN (CARREFOUR),M,"48,9493440","2,5176750",93,2019,50.0,1.0,1.0,3.0,2144024,1.0,1,1,1,1.0,,-1.0, -1,1982.0,A01,138Â 305Â 004,1.0,0.0,-1.0,1637212,1.0,7,,0.0,2.0,6.0,B01,138Â 305Â 003,1.0
959309,201900000840,9,20,09:00,1,2,1,1.0,2.0,93005,ROBERT SCHUMAN (CARREFOUR),M,"48,9493440","2,5176750",93,2019,50.0,1.0,1.0,3.0,2144024,1.0,1,1,1,1.0,,-1.0, -1,1982.0,A01,138Â 305Â 004,1.0,0.0,-1.0,1637213,1.0,7,,0.0,2.0,1.0,A01,138Â 305Â 004,1.0
959310,201900000841,9,20,14:30,1,2,1,1.0,3.0,92073,SELLIER (BOULEVARD HENRI),M,"48,8679800","2,2249400",92,2019,50.0,1.0,1.0,3.0,2144025,1.0,1,1,1,1.0,,-1.0, -1,1981.0,A01,138Â 305Â 001,1.0,0.0,-1.0,1637214,1.0,7,,0.0,2.0,2.0,A01,138Â 305Â 001,1.0
959310,201900000841,9,20,14:30,1,2,1,1.0,3.0,92073,SELLIER (BOULEVARD HENRI),M,"48,8679800","2,2249400",92,2019,50.0,1.0,1.0,3.0,2144025,1.0,1,1,1,1.0,,-1.0, -1,1981.0,A01,138Â 305Â 001,1.0,0.0,-1.0,1637215,1.0,1,,0.0,2.0,3.0,B01,138Â 305Â 002,5.0
959310,201900000841,9,20,14:30,1,2,1,1.0,3.0,92073,SELLIER (BOULEVARD HENRI),M,"48,8679800","2,2249400",92,2019,50.0,1.0,1.0,3.0,2144026,1.0,1,4,1,1.0,,-1.0,0,1965.0,B01,138Â 305Â 002,2.0,0.0,-1.0,1637214,1.0,7,,0.0,2.0,2.0,A01,138Â 305Â 001,1.0
959310,201900000841,9,20,14:30,1,2,1,1.0,3.0,92073,SELLIER (BOULEVARD HENRI),M,"48,8679800","2,2249400",92,2019,50.0,1.0,1.0,3.0,2144026,1.0,1,4,1,1.0,,-1.0,0,1965.0,B01,138Â 305Â 002,2.0,0.0,-1.0,1637215,1.0,1,,0.0,2.0,3.0,B01,138Â 305Â 002,5.0
959311,201900000842,9,18,16:58,1,2,1,1.0,3.0,92072,BRUYERES (CARREFOUR DES),M,"48,8213670","2,2187780",92,2019,50.0,1.0,1.0,4.0,2144027,1.0,1,4,1,5.0,,-1.0,0,1974.0,B01,138Â 304Â 999,2.0,0.0,-1.0,1637216,3.0,32,,0.0,2.0,8.0,B01,138Â 304Â 999,1.0
959311,201900000842,9,18,16:58,1,2,1,1.0,3.0,92072,BRUYERES (CARREFOUR DES),M,"48,8213670","2,2187780",92,2019,50.0,1.0,1.0,4.0,2144027,1.0,1,4,1,5.0,,-1.0,0,1974.0,B01,138Â 304Â 999,2.0,0.0,-1.0,1637217,3.0,7,,0.0,2.0,2.0,A01,138Â 305Â 000,1.0