Unnamed: 0_x,num_acc,mois,jour,hrmn,lum,agg,int,atm,col,com,adr,gps,lat,long,dep,annee,vma,situ,surf,catr,Unnamed: 0_y,place,catu,grav,sexe,trajet,secu,locp,actp,an_nais,num_veh_x,id_vehicule_x,secu1,secu2,secu3,Unnamed: 0,senc,catv,occutc,obs,obsm,choc,num_veh_y,id_vehicule_y,motor
959311,201900000842,9,18,16:58,1,2,1,1.0,3.0,92072,BRUYERES (CARREFOUR DES),M,"48,8213670","2,2187780",92,2019,50.0,1.0,1.0,4.0,2144028,1.0,1,1,1,5.0,,-1.0,0,1985.0,A01,138Â 305Â 000,1.0,0.0,-1.0,1637216,3.0,32,,0.0,2.0,8.0,B01,138Â 304Â 999,1.0
959311,201900000842,9,18,16:58,1,2,1,1.0,3.0,92072,BRUYERES (CARREFOUR DES),M,"48,8213670","2,2187780",92,2019,50.0,1.0,1.0,4.0,2144028,1.0,1,1,1,5.0,,-1.0,0,1985.0,A01,138Â 305Â 000,1.0,0.0,-1.0,1637217,3.0,7,,0.0,2.0,2.0,A01,138Â 305Â 000,1.0
959312,201900000843,9,20,16:00,1,2,2,1.0,6.0,92062,GENERAL DE GAULLE (AV) DU 44 AU 106,M,"48,8876000","2,2331000",92,2019,50.0,2.0,1.0,3.0,2144029,10.0,3,4,1,2.0,,2.0,3,2006.0,A01,138Â 304Â 998,8.0,0.0,-1.0,1637218,0.0,0,,0.0,1.0,0.0,A01,138Â 304Â 998,-1.0
959312,201900000843,9,20,16:00,1,2,2,1.0,6.0,92062,GENERAL DE GAULLE (AV) DU 44 AU 106,M,"48,8876000","2,2331000",92,2019,50.0,2.0,1.0,3.0,2144030,1.0,1,1,1,4.0,,-1.0,0,1971.0,A01,138Â 304Â 998,8.0,0.0,-1.0,1637218,0.0,0,,0.0,1.0,0.0,A01,138Â 304Â 998,-1.0
959313,201900000844,9,20,18:05,1,2,9,1.0,2.0,92050,boulevard AimÃ© CÃ©saire,M,"48,8958281","2,2283826",92,2019,50.0,1.0,1.0,4.0,2144031,1.0,1,4,1,9.0,,-1.0,0,1989.0,A01,138Â 304Â 996,8.0,0.0,-1.0,1637219,3.0,7,,0.0,2.0,5.0,A01,138Â 304Â 996,1.0
959313,201900000844,9,20,18:05,1,2,9,1.0,2.0,92050,boulevard AimÃ© CÃ©saire,M,"48,8958281","2,2283826",92,2019,50.0,1.0,1.0,4.0,2144031,1.0,1,4,1,9.0,,-1.0,0,1989.0,A01,138Â 304Â 996,8.0,0.0,-1.0,1637220,3.0,7,,0.0,2.0,2.0,B01,138Â 304Â 997,1.0
959313,201900000844,9,20,18:05,1,2,9,1.0,2.0,92050,boulevard AimÃ© CÃ©saire,M,"48,8958281","2,2283826",92,2019,50.0,1.0,1.0,4.0,2144032,1.0,1,1,2,1.0,,-1.0,0,1965.0,B01,138Â 304Â 997,1.0,0.0,-1.0,1637219,3.0,7,,0.0,2.0,5.0,A01,138Â 304Â 996,1.0
959313,201900000844,9,20,18:05,1,2,9,1.0,2.0,92050,boulevard AimÃ© CÃ©saire,M,"48,8958281","2,2283826",92,2019,50.0,1.0,1.0,4.0,2144032,1.0,1,1,2,1.0,,-1.0,0,1965.0,B01,138Â 304Â 997,1.0,0.0,-1.0,1637220,3.0,7,,0.0,2.0,2.0,B01,138Â 304Â 997,1.0
959314,201900000845,9,20,12:25,1,2,1,7.0,6.0,92040,GABRIEL PERI,M,"48,8019800","2,2672600",92,2019,50.0,1.0,1.0,4.0,2144033,10.0,3,4,1,0.0,,3.0,3,2008.0,A01,138Â 304Â 995,8.0,0.0,-1.0,1637221,1.0,3,,0.0,1.0,1.0,A01,138Â 304Â 995,0.0
959314,201900000845,9,20,12:25,1,2,1,7.0,6.0,92040,GABRIEL PERI,M,"48,8019800","2,2672600",92,2019,50.0,1.0,1.0,4.0,2144034,1.0,1,1,2,0.0,,-1.0,0,1967.0,A01,138Â 304Â 995,1.0,0.0,-1.0,1637221,1.0,3,,0.0,1.0,1.0,A01,138Â 304Â 995,0.0
959315,201900000846,9,8,10:35,1,2,1,1.0,1.0,92040,STALINGRAD (QUAI DE),M,"48,8236412","2,2554331",92,2019,30.0,1.0,1.0,3.0,2144035,10.0,3,4,1,0.0,,5.0,2,1959.0,A01,138Â 304Â 993,8.0,0.0,-1.0,1637222,3.0,1,,0.0,1.0,1.0,A01,138Â 304Â 993,5.0
959315,201900000846,9,8,10:35,1,2,1,1.0,1.0,92040,STALINGRAD (QUAI DE),M,"48,8236412","2,2554331",92,2019,30.0,1.0,1.0,3.0,2144035,10.0,3,4,1,0.0,,5.0,2,1959.0,A01,138Â 304Â 993,8.0,0.0,-1.0,1637223,3.0,0,,0.0,6.0,1.0,Y01,138Â 304Â 994,5.0
959315,201900000846,9,8,10:35,1,2,1,1.0,1.0,92040,STALINGRAD (QUAI DE),M,"48,8236412","2,2554331",92,2019,30.0,1.0,1.0,3.0,2144036,1.0,1,4,1,0.0,,-1.0,0,1972.0,A01,138Â 304Â 993,8.0,0.0,-1.0,1637222,3.0,1,,0.0,1.0,1.0,A01,138Â 304Â 993,5.0
959315,201900000846,9,8,10:35,1,2,1,1.0,1.0,92040,STALINGRAD (QUAI DE),M,"48,8236412","2,2554331",92,2019,30.0,1.0,1.0,3.0,2144036,1.0,1,4,1,0.0,,-1.0,0,1972.0,A01,138Â 304Â 993,8.0,0.0,-1.0,1637223,3.0,0,,0.0,6.0,1.0,Y01,138Â 304Â 994,5.0
959316,201900000847,9,16,11:30,1,2,2,1.0,6.0,92024,CLICHY (QUAI DE) DE (8 A 60),M,"48,9032900","2,2897340",92,2019,50.0,1.0,1.0,3.0,2144037,1.0,1,1,1,4.0,,-1.0,0,1963.0,A01,138Â 304Â 990,8.0,8.0,-1.0,1637224,2.0,7,,0.0,2.0,8.0,A01,138Â 304Â 990,1.0
959316,201900000847,9,16,11:30,1,2,2,1.0,6.0,92024,CLICHY (QUAI DE) DE (8 A 60),M,"48,9032900","2,2897340",92,2019,50.0,1.0,1.0,3.0,2144037,1.0,1,1,1,4.0,,-1.0,0,1963.0,A01,138Â 304Â 990,8.0,8.0,-1.0,1637225,2.0,7,,0.0,2.0,7.0,B01,138Â 304Â 991,1.0
959316,201900000847,9,16,11:30,1,2,2,1.0,6.0,92024,CLICHY (QUAI DE) DE (8 A 60),M,"48,9032900","2,2897340",92,2019,50.0,1.0,1.0,3.0,2144037,1.0,1,1,1,4.0,,-1.0,0,1963.0,A01,138Â 304Â 990,8.0,8.0,-1.0,1637226,1.0,17,,0.0,1.0,8.0,C01,138Â 304Â 992,0.0
959316,201900000847,9,16,11:30,1,2,2,1.0,6.0,92024,CLICHY (QUAI DE) DE (8 A 60),M,"48,9032900","2,2897340",92,2019,50.0,1.0,1.0,3.0,2144038,1.0,1,4,1,0.0,,-1.0,0,1972.0,B01,138Â 304Â 991,8.0,0.0,-1.0,1637224,2.0,7,,0.0,2.0,8.0,A01,138Â 304Â 990,1.0
959316,201900000847,9,16,11:30,1,2,2,1.0,6.0,92024,CLICHY (QUAI DE) DE (8 A 60),M,"48,9032900","2,2897340",92,2019,50.0,1.0,1.0,3.0,2144038,1.0,1,4,1,0.0,,-1.0,0,1972.0,B01,138Â 304Â 991,8.0,0.0,-1.0,1637225,2.0,7,,0.0,2.0,7.0,B01,138Â 304Â 991,1.0
959316,201900000847,9,16,11:30,1,2,2,1.0,6.0,92024,CLICHY (QUAI DE) DE (8 A 60),M,"48,9032900","2,2897340",92,2019,50.0,1.0,1.0,3.0,2144038,1.0,1,4,1,0.0,,-1.0,0,1972.0,B01,138Â 304Â 991,8.0,0.0,-1.0,1637226,1.0,17,,0.0,1.0,8.0,C01,138Â 304Â 992,0.0
959316,201900000847,9,16,11:30,1,2,2,1.0,6.0,92024,CLICHY (QUAI DE) DE (8 A 60),M,"48,9032900","2,2897340",92,2019,50.0,1.0,1.0,3.0,2144039,1.0,1,1,1,4.0,,-1.0,0,1965.0,C01,138Â 304Â 992,8.0,0.0,-1.0,1637224,2.0,7,,0.0,2.0,8.0,A01,138Â 304Â 990,1.0
959316,201900000847,9,16,11:30,1,2,2,1.0,6.0,92024,CLICHY (QUAI DE) DE (8 A 60),M,"48,9032900","2,2897340",92,2019,50.0,1.0,1.0,3.0,2144039,1.0,1,1,1,4.0,,-1.0,0,1965.0,C01,138Â 304Â 992,8.0,0.0,-1.0,1637225,2.0,7,,0.0,2.0,7.0,B01,138Â 304Â 991,1.0
959316,201900000847,9,16,11:30,1,2,2,1.0,6.0,92024,CLICHY (QUAI DE) DE (8 A 60),M,"48,9032900","2,2897340",92,2019,50.0,1.0,1.0,3.0,2144039,1.0,1,1,1,4.0,,-1.0,0,1965.0,C01,138Â 304Â 992,8.0,0.0,-1.0,1637226,1.0,17,,0.0,1.0,8.0,C01,138Â 304Â 992,0.0
959317,201900000848,9,20,13:40,1,2,1,1.0,6.0,92071,COLBERT (BOULEVARD),M,"48,7783300","2,3029600",92,2019,50.0,1.0,1.0,7.0,2144040,10.0,3,4,2,0.0,,0.0,0,1993.0,Y01,138Â 304Â 987,0.0,0.0,-1.0,1637227,3.0,0,,0.0,0.0,0.0,Y01,138Â 304Â 987,0.0
959317,201900000848,9,20,13:40,1,2,1,1.0,6.0,92071,COLBERT (BOULEVARD),M,"48,7783300","2,3029600",92,2019,50.0,1.0,1.0,7.0,2144040,10.0,3,4,2,0.0,,0.0,0,1993.0,Y01,138Â 304Â 987,0.0,0.0,-1.0,1637228,3.0,37,1.0,0.0,1.0,5.0,B01,138Â 304Â 988,1.0
959317,201900000848,9,20,13:40,1,2,1,1.0,6.0,92071,COLBERT (BOULEVARD),M,"48,7783300","2,3029600",92,2019,50.0,1.0,1.0,7.0,2144040,10.0,3,4,2,0.0,,0.0,0,1993.0,Y01,138Â 304Â 987,0.0,0.0,-1.0,1637229,3.0,7,,0.0,1.0,2.0,A01,138Â 304Â 989,1.0
959317,201900000848,9,20,13:40,1,2,1,1.0,6.0,92071,COLBERT (BOULEVARD),M,"48,7783300","2,3029600",92,2019,50.0,1.0,1.0,7.0,2144041,1.0,1,1,1,4.0,,-1.0,0,1969.0,B01,138Â 304Â 988,1.0,0.0,-1.0,1637227,3.0,0,,0.0,0.0,0.0,Y01,138Â 304Â 987,0.0
959317,201900000848,9,20,13:40,1,2,1,1.0,6.0,92071,COLBERT (BOULEVARD),M,"48,7783300","2,3029600",92,2019,50.0,1.0,1.0,7.0,2144041,1.0,1,1,1,4.0,,-1.0,0,1969.0,B01,138Â 304Â 988,1.0,0.0,-1.0,1637228,3.0,37,1.0,0.0,1.0,5.0,B01,138Â 304Â 988,1.0
959317,201900000848,9,20,13:40,1,2,1,1.0,6.0,92071,COLBERT (BOULEVARD),M,"48,7783300","2,3029600",92,2019,50.0,1.0,1.0,7.0,2144041,1.0,1,1,1,4.0,,-1.0,0,1969.0,B01,138Â 304Â 988,1.0,0.0,-1.0,1637229,3.0,7,,0.0,1.0,2.0,A01,138Â 304Â 989,1.0
959317,201900000848,9,20,13:40,1,2,1,1.0,6.0,92071,COLBERT (BOULEVARD),M,"48,7783300","2,3029600",92,2019,50.0,1.0,1.0,7.0,2144042,1.0,1,1,2,2.0,,-1.0,0,1980.0,A01,138Â 304Â 989,1.0,0.0,-1.0,1637227,3.0,0,,0.0,0.0,0.0,Y01,138Â 304Â 987,0.0
959317,201900000848,9,20,13:40,1,2,1,1.0,6.0,92071,COLBERT (BOULEVARD),M,"48,7783300","2,3029600",92,2019,50.0,1.0,1.0,7.0,2144042,1.0,1,1,2,2.0,,-1.0,0,1980.0,A01,138Â 304Â 989,1.0,0.0,-1.0,1637228,3.0,37,1.0,0.0,1.0,5.0,B01,138Â 304Â 988,1.0
959317,201900000848,9,20,13:40,1,2,1,1.0,6.0,92071,COLBERT (BOULEVARD),M,"48,7783300","2,3029600",92,2019,50.0,1.0,1.0,7.0,2144042,1.0,1,1,2,2.0,,-1.0,0,1980.0,A01,138Â 304Â 989,1.0,0.0,-1.0,1637229,3.0,7,,0.0,1.0,2.0,A01,138Â 304Â 989,1.0
959318,201900000849,9,20,09:00,1,2,6,1.0,6.0,92012,PIERRE GRENIER (AVENUE),M,"48,8253800","2,2483800",92,2019,50.0,1.0,1.0,3.0,2144043,10.0,3,4,1,5.0,,4.0,3,1989.0,A01,138Â 304Â 986,8.0,0.0,-1.0,1637230,1.0,7,,0.0,1.0,1.0,A01,138Â 304Â 986,1.0
959319,201900000850,9,21,15:00,1,1,1,1.0,7.0,47241,D 153,M,"44,5611630","0,6973120",47,2019,80.0,1.0,1.0,3.0,2144044,1.0,1,3,1,5.0,,0.0,0,1955.0,A01,138Â 304Â 983,2.0,6.0,9.0,1637231,1.0,33,,0.0,0.0,8.0,A01,138Â 304Â 983,1.0
959320,201900000851,9,21,09:40,1,1,6,7.0,3.0,22209,BEAUSSAIS (TrÃ©gon),M,"48,5750790"," -2,1760500",22,2019,50.0,1.0,1.0,3.0,2144045,1.0,1,1,2,3.0,,0.0,0,1949.0,A01,138Â 304Â 980,1.0,-1.0,-1.0,1637232,2.0,7,,0.0,2.0,3.0,A01,138Â 304Â 980,1.0
959320,201900000851,9,21,09:40,1,1,6,7.0,3.0,22209,BEAUSSAIS (TrÃ©gon),M,"48,5750790"," -2,1760500",22,2019,50.0,1.0,1.0,3.0,2144045,1.0,1,1,2,3.0,,0.0,0,1949.0,A01,138Â 304Â 980,1.0,-1.0,-1.0,1637233,2.0,30,,0.0,2.0,5.0,B01,138Â 304Â 981,1.0
959320,201900000851,9,21,09:40,1,1,6,7.0,3.0,22209,BEAUSSAIS (TrÃ©gon),M,"48,5750790"," -2,1760500",22,2019,50.0,1.0,1.0,3.0,2144046,1.0,1,3,1,3.0,,0.0,0,1967.0,B01,138Â 304Â 981,2.0,6.0,-1.0,1637232,2.0,7,,0.0,2.0,3.0,A01,138Â 304Â 980,1.0
959320,201900000851,9,21,09:40,1,1,6,7.0,3.0,22209,BEAUSSAIS (TrÃ©gon),M,"48,5750790"," -2,1760500",22,2019,50.0,1.0,1.0,3.0,2144046,1.0,1,3,1,3.0,,0.0,0,1967.0,B01,138Â 304Â 981,2.0,6.0,-1.0,1637233,2.0,30,,0.0,2.0,5.0,B01,138Â 304Â 981,1.0
959321,201900000852,9,21,13:15,1,1,1,1.0,1.0,49092,"route dÃ©paremantale 160 lieu-dit ""l'echo""",M,"47,2265380"," -0,7236830",49,2019,80.0,1.0,1.0,3.0,2144047,1.0,1,1,1,1.0,,0.0,0,1994.0,B01,138Â 304Â 978,1.0,-1.0,-1.0,1637234,0.0,7,,0.0,2.0,3.0,B01,138Â 304Â 978,1.0
959321,201900000852,9,21,13:15,1,1,1,1.0,1.0,49092,"route dÃ©paremantale 160 lieu-dit ""l'echo""",M,"47,2265380"," -0,7236830",49,2019,80.0,1.0,1.0,3.0,2144047,1.0,1,1,1,1.0,,0.0,0,1994.0,B01,138Â 304Â 978,1.0,-1.0,-1.0,1637235,0.0,33,,0.0,2.0,1.0,A01,138Â 304Â 979,1.0
959321,201900000852,9,21,13:15,1,1,1,1.0,1.0,49092,"route dÃ©paremantale 160 lieu-dit ""l'echo""",M,"47,2265380"," -0,7236830",49,2019,80.0,1.0,1.0,3.0,2144048,1.0,1,3,1,1.0,,0.0,0,1975.0,A01,138Â 304Â 979,2.0,6.0,9.0,1637234,0.0,7,,0.0,2.0,3.0,B01,138Â 304Â 978,1.0
959321,201900000852,9,21,13:15,1,1,1,1.0,1.0,49092,"route dÃ©paremantale 160 lieu-dit ""l'echo""",M,"47,2265380"," -0,7236830",49,2019,80.0,1.0,1.0,3.0,2144048,1.0,1,3,1,1.0,,0.0,0,1975.0,A01,138Â 304Â 979,2.0,6.0,9.0,1637235,0.0,33,,0.0,2.0,1.0,A01,138Â 304Â 979,1.0
959322,201900000853,9,20,19:30,2,2,1,1.0,6.0,68023,23 rue du hoen,M,"48,1591360","7,3277490",68,2019,50.0,4.0,1.0,3.0,2144049,1.0,1,3,1,5.0,,0.0,0,1989.0,A01,138Â 304Â 977,2.0,6.0,-1.0,1637236,1.0,33,,6.0,0.0,1.0,A01,138Â 304Â 977,1.0
959323,201900000854,9,20,20:40,3,1,1,1.0,7.0,10066,"PR 8 , RD 34",M,"48,2432450","3,8977100",10,2019,80.0,3.0,1.0,3.0,2144050,1.0,1,2,1,5.0,,0.0,0,1978.0,A01,138Â 304Â 976,2.0,6.0,9.0,1637237,2.0,33,,13.0,0.0,0.0,A01,138Â 304Â 976,6.0
959324,201900000855,9,20,18:20,1,1,2,1.0,3.0,01419,chemin de prÃ© jacquet,M,"46,2332920","6,0022090",1,2019,70.0,1.0,1.0,9.0,2144051,1.0,1,3,1,5.0,,0.0,0,1999.0,B01,138Â 304Â 974,2.0,-1.0,-1.0,1637238,0.0,50,,0.0,2.0,1.0,B01,138Â 304Â 974,3.0
959324,201900000855,9,20,18:20,1,1,2,1.0,3.0,01419,chemin de prÃ© jacquet,M,"46,2332920","6,0022090",1,2019,70.0,1.0,1.0,9.0,2144051,1.0,1,3,1,5.0,,0.0,0,1999.0,B01,138Â 304Â 974,2.0,-1.0,-1.0,1637239,3.0,7,,0.0,9.0,5.0,A01,138Â 304Â 975,0.0
959324,201900000855,9,20,18:20,1,1,2,1.0,3.0,01419,chemin de prÃ© jacquet,M,"46,2332920","6,0022090",1,2019,70.0,1.0,1.0,9.0,2144052,1.0,1,1,1,5.0,,0.0,0,1975.0,A01,138Â 304Â 975,1.0,-1.0,-1.0,1637238,0.0,50,,0.0,2.0,1.0,B01,138Â 304Â 974,3.0
959324,201900000855,9,20,18:20,1,1,2,1.0,3.0,01419,chemin de prÃ© jacquet,M,"46,2332920","6,0022090",1,2019,70.0,1.0,1.0,9.0,2144052,1.0,1,1,1,5.0,,0.0,0,1975.0,A01,138Â 304Â 975,1.0,-1.0,-1.0,1637239,3.0,7,,0.0,9.0,5.0,A01,138Â 304Â 975,0.0
959325,201900000856,9,21,05:45,5,2,1,1.0,6.0,60658,15 rue nationale,M,"49,2404081","3,0179665",60,2019,50.0,4.0,1.0,2.0,2144053,1.0,1,4,1,5.0,,0.0,0,1998.0,A01,138Â 304Â 973,8.0,-1.0,-1.0,1637240,1.0,7,,6.0,0.0,1.0,A01,138Â 304Â 973,1.0
959326,201900000857,9,20,09:00,1,2,7,1.0,2.0,62473,3 Rue Emile Basly,M,"50,6184900","2,4705790",62,2019,50.0,1.0,1.0,9.0,2144054,1.0,1,1,2,5.0,,0.0,0,1937.0,B01,138Â 304Â 971,1.0,-1.0,-1.0,1637241,3.0,7,,0.0,2.0,1.0,B01,138Â 304Â 971,1.0
959326,201900000857,9,20,09:00,1,2,7,1.0,2.0,62473,3 Rue Emile Basly,M,"50,6184900","2,4705790",62,2019,50.0,1.0,1.0,9.0,2144054,1.0,1,1,2,5.0,,0.0,0,1937.0,B01,138Â 304Â 971,1.0,-1.0,-1.0,1637242,0.0,1,,0.0,2.0,4.0,A01,138Â 304Â 972,5.0
959326,201900000857,9,20,09:00,1,2,7,1.0,2.0,62473,3 Rue Emile Basly,M,"50,6184900","2,4705790",62,2019,50.0,1.0,1.0,9.0,2144055,1.0,1,3,1,5.0,,0.0,0,1934.0,A01,138Â 304Â 972,0.0,-1.0,-1.0,1637241,3.0,7,,0.0,2.0,1.0,B01,138Â 304Â 971,1.0
959326,201900000857,9,20,09:00,1,2,7,1.0,2.0,62473,3 Rue Emile Basly,M,"50,6184900","2,4705790",62,2019,50.0,1.0,1.0,9.0,2144055,1.0,1,3,1,5.0,,0.0,0,1934.0,A01,138Â 304Â 972,0.0,-1.0,-1.0,1637242,0.0,1,,0.0,2.0,4.0,A01,138Â 304Â 972,5.0
959327,201900000858,9,20,19:45,3,2,1,1.0,6.0,41149,Avenue des reclusages,M,"47,7467890","0,8643610",41,2019,-1.0,1.0,1.0,4.0,2144056,1.0,1,1,1,5.0,,0.0,0,1994.0,B01,138Â 304Â 969,2.0,-1.0,-1.0,1637243,0.0,1,,0.0,2.0,5.0,B01,138Â 304Â 969,5.0
959327,201900000858,9,20,19:45,3,2,1,1.0,6.0,41149,Avenue des reclusages,M,"47,7467890","0,8643610",41,2019,-1.0,1.0,1.0,4.0,2144056,1.0,1,1,1,5.0,,0.0,0,1994.0,B01,138Â 304Â 969,2.0,-1.0,-1.0,1637244,3.0,1,,0.0,9.0,0.0,A01,138Â 304Â 970,5.0
959327,201900000858,9,20,19:45,3,2,1,1.0,6.0,41149,Avenue des reclusages,M,"47,7467890","0,8643610",41,2019,-1.0,1.0,1.0,4.0,2144057,1.0,1,2,1,5.0,,0.0,0,1958.0,A01,138Â 304Â 970,2.0,-1.0,-1.0,1637243,0.0,1,,0.0,2.0,5.0,B01,138Â 304Â 969,5.0
959327,201900000858,9,20,19:45,3,2,1,1.0,6.0,41149,Avenue des reclusages,M,"47,7467890","0,8643610",41,2019,-1.0,1.0,1.0,4.0,2144057,1.0,1,2,1,5.0,,0.0,0,1958.0,A01,138Â 304Â 970,2.0,-1.0,-1.0,1637244,3.0,1,,0.0,9.0,0.0,A01,138Â 304Â 970,5.0
959328,201900000859,9,20,21:50,3,1,1,1.0,6.0,34077,cd 21,M,"43,6517760","3,8976560",34,2019,50.0,1.0,1.0,3.0,2144058,1.0,1,1,1,1.0,,0.0,0,1947.0,A01,138Â 304Â 968,1.0,-1.0,-1.0,1637245,2.0,7,,0.0,1.0,1.0,A01,138Â 304Â 968,0.0
959328,201900000859,9,20,21:50,3,1,1,1.0,6.0,34077,cd 21,M,"43,6517760","3,8976560",34,2019,50.0,1.0,1.0,3.0,2144059,10.0,3,3,2,5.0,,3.0,3,2000.0,A01,138Â 304Â 968,0.0,-1.0,-1.0,1637245,2.0,7,,0.0,1.0,1.0,A01,138Â 304Â 968,0.0
959329,201900000860,9,21,14:20,1,1,1,1.0,6.0,62773,D127E4,M,"50,6330340","1,7892740",62,2019,80.0,3.0,1.0,3.0,2144060,1.0,1,2,2,5.0,,0.0,0,1973.0,A01,138Â 304Â 967,2.0,6.0,-1.0,1637246,1.0,33,,13.0,0.0,1.0,A01,138Â 304Â 967,1.0
959330,201900000861,9,21,01:30,3,1,1,1.0,7.0,51459,RD 934,M,"48,7501934","3,4403820",51,2019,80.0,1.0,1.0,3.0,2144061,1.0,1,3,1,9.0,,0.0,0,1987.0,A01,138Â 304Â 966,8.0,-1.0,-1.0,1637247,1.0,7,,0.0,0.0,0.0,A01,138Â 304Â 966,1.0
959331,201900000862,9,20,17:00,1,1,1,1.0,1.0,56237,Kernivinen RD767,M,"48,0496910"," -2,9301380",56,2019,80.0,1.0,1.0,3.0,2144062,2.0,2,3,2,9.0,,0.0,0,2002.0,A01,138Â 304Â 964,1.0,-1.0,-1.0,1637248,2.0,7,,0.0,0.0,3.0,A01,138Â 304Â 964,1.0
959331,201900000862,9,20,17:00,1,1,1,1.0,1.0,56237,Kernivinen RD767,M,"48,0496910"," -2,9301380",56,2019,80.0,1.0,1.0,3.0,2144062,2.0,2,3,2,9.0,,0.0,0,2002.0,A01,138Â 304Â 964,1.0,-1.0,-1.0,1637249,1.0,7,,0.0,0.0,3.0,B01,138Â 304Â 965,1.0
959331,201900000862,9,20,17:00,1,1,1,1.0,1.0,56237,Kernivinen RD767,M,"48,0496910"," -2,9301380",56,2019,80.0,1.0,1.0,3.0,2144063,1.0,1,3,2,5.0,,0.0,0,1983.0,A01,138Â 304Â 964,1.0,-1.0,-1.0,1637248,2.0,7,,0.0,0.0,3.0,A01,138Â 304Â 964,1.0
959331,201900000862,9,20,17:00,1,1,1,1.0,1.0,56237,Kernivinen RD767,M,"48,0496910"," -2,9301380",56,2019,80.0,1.0,1.0,3.0,2144063,1.0,1,3,2,5.0,,0.0,0,1983.0,A01,138Â 304Â 964,1.0,-1.0,-1.0,1637249,1.0,7,,0.0,0.0,3.0,B01,138Â 304Â 965,1.0
959331,201900000862,9,20,17:00,1,1,1,1.0,1.0,56237,Kernivinen RD767,M,"48,0496910"," -2,9301380",56,2019,80.0,1.0,1.0,3.0,2144064,1.0,1,3,1,2.0,,0.0,0,1984.0,B01,138Â 304Â 965,1.0,-1.0,-1.0,1637248,2.0,7,,0.0,0.0,3.0,A01,138Â 304Â 964,1.0
959331,201900000862,9,20,17:00,1,1,1,1.0,1.0,56237,Kernivinen RD767,M,"48,0496910"," -2,9301380",56,2019,80.0,1.0,1.0,3.0,2144064,1.0,1,3,1,2.0,,0.0,0,1984.0,B01,138Â 304Â 965,1.0,-1.0,-1.0,1637249,1.0,7,,0.0,0.0,3.0,B01,138Â 304Â 965,1.0
959331,201900000862,9,20,17:00,1,1,1,1.0,1.0,56237,Kernivinen RD767,M,"48,0496910"," -2,9301380",56,2019,80.0,1.0,1.0,3.0,2144065,2.0,2,1,1,2.0,,0.0,0,2007.0,B01,138Â 304Â 965,1.0,-1.0,-1.0,1637248,2.0,7,,0.0,0.0,3.0,A01,138Â 304Â 964,1.0
959331,201900000862,9,20,17:00,1,1,1,1.0,1.0,56237,Kernivinen RD767,M,"48,0496910"," -2,9301380",56,2019,80.0,1.0,1.0,3.0,2144065,2.0,2,1,1,2.0,,0.0,0,2007.0,B01,138Â 304Â 965,1.0,-1.0,-1.0,1637249,1.0,7,,0.0,0.0,3.0,B01,138Â 304Â 965,1.0
959332,201900000863,9,20,22:10,3,1,1,1.0,7.0,76020,Route du Colombier,M,"49,4492100","0,8809090",76,2019,80.0,3.0,1.0,4.0,2144066,1.0,1,3,1,5.0,,0.0,0,1962.0,A01,138Â 304Â 963,2.0,-1.0,-1.0,1637250,3.0,31,,0.0,0.0,8.0,A01,138Â 304Â 963,1.0
959333,201900000864,9,21,05:30,3,1,1,1.0,1.0,76242,cd916,M,"49,4643680","1,6965340",76,2019,80.0,1.0,1.0,3.0,2144067,1.0,1,4,1,1.0,,0.0,0,1991.0,A01,138Â 304Â 961,1.0,-1.0,-1.0,1637251,2.0,7,,0.0,0.0,1.0,A01,138Â 304Â 961,1.0
959333,201900000864,9,21,05:30,3,1,1,1.0,1.0,76242,cd916,M,"49,4643680","1,6965340",76,2019,80.0,1.0,1.0,3.0,2144067,1.0,1,4,1,1.0,,0.0,0,1991.0,A01,138Â 304Â 961,1.0,-1.0,-1.0,1637252,1.0,7,,9.0,2.0,1.0,B01,138Â 304Â 962,1.0
959333,201900000864,9,21,05:30,3,1,1,1.0,1.0,76242,cd916,M,"49,4643680","1,6965340",76,2019,80.0,1.0,1.0,3.0,2144068,1.0,1,4,1,5.0,,0.0,0,1994.0,B01,138Â 304Â 962,1.0,-1.0,-1.0,1637251,2.0,7,,0.0,0.0,1.0,A01,138Â 304Â 961,1.0
959333,201900000864,9,21,05:30,3,1,1,1.0,1.0,76242,cd916,M,"49,4643680","1,6965340",76,2019,80.0,1.0,1.0,3.0,2144068,1.0,1,4,1,5.0,,0.0,0,1994.0,B01,138Â 304Â 962,1.0,-1.0,-1.0,1637252,1.0,7,,9.0,2.0,1.0,B01,138Â 304Â 962,1.0
959333,201900000864,9,21,05:30,3,1,1,1.0,1.0,76242,cd916,M,"49,4643680","1,6965340",76,2019,80.0,1.0,1.0,3.0,2144069,2.0,2,4,1,5.0,,0.0,0,1991.0,B01,138Â 304Â 962,1.0,-1.0,-1.0,1637251,2.0,7,,0.0,0.0,1.0,A01,138Â 304Â 961,1.0
959333,201900000864,9,21,05:30,3,1,1,1.0,1.0,76242,cd916,M,"49,4643680","1,6965340",76,2019,80.0,1.0,1.0,3.0,2144069,2.0,2,4,1,5.0,,0.0,0,1991.0,B01,138Â 304Â 962,1.0,-1.0,-1.0,1637252,1.0,7,,9.0,2.0,1.0,B01,138Â 304Â 962,1.0
959334,201900000865,9,20,06:30,3,1,1,1.0,2.0,41110,"Point kilomÃ©trique 189, autoroute A85",M,"47,3124060","1,8245570",41,2019,130.0,2.0,1.0,1.0,2144070,1.0,1,3,2,1.0,,0.0,0,1973.0,B01,138Â 304Â 959,1.0,-1.0,-1.0,1637253,2.0,7,,0.0,0.0,4.0,B01,138Â 304Â 959,0.0