Unnamed: 0_x,num_acc,mois,jour,hrmn,lum,agg,int,atm,col,com,adr,gps,lat,long,dep,annee,vma,situ,surf,catr,Unnamed: 0_y,place,catu,grav,sexe,trajet,secu,locp,actp,an_nais,num_veh_x,id_vehicule_x,secu1,secu2,secu3,Unnamed: 0,senc,catv,occutc,obs,obsm,choc,num_veh_y,id_vehicule_y,motor
959334,201900000865,9,20,06:30,3,1,1,1.0,2.0,41110,"Point kilomÃ©trique 189, autoroute A85",M,"47,3124060","1,8245570",41,2019,130.0,2.0,1.0,1.0,2144070,1.0,1,3,2,1.0,,0.0,0,1973.0,B01,138Â 304Â 959,1.0,-1.0,-1.0,1637254,2.0,7,,3.0,2.0,1.0,A01,138Â 304Â 960,0.0
959334,201900000865,9,20,06:30,3,1,1,1.0,2.0,41110,"Point kilomÃ©trique 189, autoroute A85",M,"47,3124060","1,8245570",41,2019,130.0,2.0,1.0,1.0,2144071,1.0,1,4,1,4.0,,0.0,0,1969.0,A01,138Â 304Â 960,1.0,-1.0,-1.0,1637253,2.0,7,,0.0,0.0,4.0,B01,138Â 304Â 959,0.0
959334,201900000865,9,20,06:30,3,1,1,1.0,2.0,41110,"Point kilomÃ©trique 189, autoroute A85",M,"47,3124060","1,8245570",41,2019,130.0,2.0,1.0,1.0,2144071,1.0,1,4,1,4.0,,0.0,0,1969.0,A01,138Â 304Â 960,1.0,-1.0,-1.0,1637254,2.0,7,,3.0,2.0,1.0,A01,138Â 304Â 960,0.0
959335,201900000866,9,20,15:20,1,1,1,1.0,6.0,65036,Rd 100 Pk 5+800,M,"42,9876438"," -0,0565356",65,2019,80.0,1.0,1.0,3.0,2144072,1.0,1,3,1,5.0,,0.0,0,1953.0,A01,138Â 304Â 958,2.0,-1.0,-1.0,1637255,2.0,1,,10.0,0.0,1.0,A01,138Â 304Â 958,5.0
959336,201900000867,9,20,19:30,1,1,2,1.0,1.0,63295,Lieu dit Jussat,M,"45,9970063","3,3561999",63,2019,70.0,1.0,1.0,3.0,2144073,1.0,1,2,1,5.0,,0.0,0,1986.0,A01,138Â 304Â 955,2.0,-1.0,-1.0,1637256,2.0,33,,0.0,2.0,1.0,A01,138Â 304Â 955,1.0
959336,201900000867,9,20,19:30,1,1,2,1.0,1.0,63295,Lieu dit Jussat,M,"45,9970063","3,3561999",63,2019,70.0,1.0,1.0,3.0,2144073,1.0,1,2,1,5.0,,0.0,0,1986.0,A01,138Â 304Â 955,2.0,-1.0,-1.0,1637257,2.0,7,,0.0,2.0,3.0,B01,138Â 304Â 956,1.0
959336,201900000867,9,20,19:30,1,1,2,1.0,1.0,63295,Lieu dit Jussat,M,"45,9970063","3,3561999",63,2019,70.0,1.0,1.0,3.0,2144074,1.0,1,1,2,5.0,,0.0,0,1987.0,B01,138Â 304Â 956,1.0,-1.0,-1.0,1637256,2.0,33,,0.0,2.0,1.0,A01,138Â 304Â 955,1.0
959336,201900000867,9,20,19:30,1,1,2,1.0,1.0,63295,Lieu dit Jussat,M,"45,9970063","3,3561999",63,2019,70.0,1.0,1.0,3.0,2144074,1.0,1,1,2,5.0,,0.0,0,1987.0,B01,138Â 304Â 956,1.0,-1.0,-1.0,1637257,2.0,7,,0.0,2.0,3.0,B01,138Â 304Â 956,1.0
959337,201900000868,9,14,11:50,1,1,1,1.0,6.0,61284,6 Route d'Essay,M,"48,5941030","0,3384690",61,2019,80.0,3.0,1.0,3.0,2144075,3.0,2,4,2,5.0,,0.0,0,2002.0,A01,138Â 304Â 954,1.0,-1.0,-1.0,1637258,2.0,7,,13.0,0.0,2.0,A01,138Â 304Â 954,1.0
959337,201900000868,9,14,11:50,1,1,1,1.0,6.0,61284,6 Route d'Essay,M,"48,5941030","0,3384690",61,2019,80.0,3.0,1.0,3.0,2144076,4.0,2,4,2,5.0,,0.0,0,2000.0,A01,138Â 304Â 954,1.0,-1.0,-1.0,1637258,2.0,7,,13.0,0.0,2.0,A01,138Â 304Â 954,1.0
959337,201900000868,9,14,11:50,1,1,1,1.0,6.0,61284,6 Route d'Essay,M,"48,5941030","0,3384690",61,2019,80.0,3.0,1.0,3.0,2144077,2.0,2,4,1,5.0,,0.0,0,1941.0,A01,138Â 304Â 954,1.0,-1.0,-1.0,1637258,2.0,7,,13.0,0.0,2.0,A01,138Â 304Â 954,1.0
959337,201900000868,9,14,11:50,1,1,1,1.0,6.0,61284,6 Route d'Essay,M,"48,5941030","0,3384690",61,2019,80.0,3.0,1.0,3.0,2144078,7.0,2,4,2,5.0,,0.0,0,1972.0,A01,138Â 304Â 954,1.0,-1.0,-1.0,1637258,2.0,7,,13.0,0.0,2.0,A01,138Â 304Â 954,1.0
959337,201900000868,9,14,11:50,1,1,1,1.0,6.0,61284,6 Route d'Essay,M,"48,5941030","0,3384690",61,2019,80.0,3.0,1.0,3.0,2144079,9.0,2,4,2,5.0,,0.0,0,1944.0,A01,138Â 304Â 954,1.0,-1.0,-1.0,1637258,2.0,7,,13.0,0.0,2.0,A01,138Â 304Â 954,1.0
959337,201900000868,9,14,11:50,1,1,1,1.0,6.0,61284,6 Route d'Essay,M,"48,5941030","0,3384690",61,2019,80.0,3.0,1.0,3.0,2144080,1.0,1,4,2,5.0,,0.0,0,1968.0,A01,138Â 304Â 954,1.0,-1.0,-1.0,1637258,2.0,7,,13.0,0.0,2.0,A01,138Â 304Â 954,1.0
959338,201900000869,9,1,19:00,1,1,3,1.0,1.0,49088,D180,M,"47,7555010"," -1,1131890",49,2019,80.0,1.0,1.0,3.0,2144081,1.0,1,1,1,5.0,,0.0,0,1991.0,B01,138Â 304Â 952,1.0,-1.0,-1.0,1637259,2.0,7,,0.0,2.0,1.0,B01,138Â 304Â 952,1.0
959338,201900000869,9,1,19:00,1,1,3,1.0,1.0,49088,D180,M,"47,7555010"," -1,1131890",49,2019,80.0,1.0,1.0,3.0,2144081,1.0,1,1,1,5.0,,0.0,0,1991.0,B01,138Â 304Â 952,1.0,-1.0,-1.0,1637260,1.0,2,,0.0,2.0,1.0,A01,138Â 304Â 953,1.0
959338,201900000869,9,1,19:00,1,1,3,1.0,1.0,49088,D180,M,"47,7555010"," -1,1131890",49,2019,80.0,1.0,1.0,3.0,2144082,1.0,1,3,1,5.0,,0.0,0,2002.0,A01,138Â 304Â 953,2.0,-1.0,-1.0,1637259,2.0,7,,0.0,2.0,1.0,B01,138Â 304Â 952,1.0
959338,201900000869,9,1,19:00,1,1,3,1.0,1.0,49088,D180,M,"47,7555010"," -1,1131890",49,2019,80.0,1.0,1.0,3.0,2144082,1.0,1,3,1,5.0,,0.0,0,2002.0,A01,138Â 304Â 953,2.0,-1.0,-1.0,1637260,1.0,2,,0.0,2.0,1.0,A01,138Â 304Â 953,1.0
959339,201900000870,9,9,09:00,1,1,9,1.0,2.0,34130,rd909,M,"43,5212649","3,1887739",34,2019,80.0,1.0,1.0,3.0,2144083,1.0,1,1,1,1.0,,0.0,0,1944.0,B01,138Â 304Â 950,1.0,-1.0,-1.0,1637261,2.0,21,,0.0,0.0,4.0,B01,138Â 304Â 950,1.0
959339,201900000870,9,9,09:00,1,1,9,1.0,2.0,34130,rd909,M,"43,5212649","3,1887739",34,2019,80.0,1.0,1.0,3.0,2144083,1.0,1,1,1,1.0,,0.0,0,1944.0,B01,138Â 304Â 950,1.0,-1.0,-1.0,1637262,2.0,2,,0.0,2.0,1.0,A01,138Â 304Â 951,1.0
959339,201900000870,9,9,09:00,1,1,9,1.0,2.0,34130,rd909,M,"43,5212649","3,1887739",34,2019,80.0,1.0,1.0,3.0,2144084,1.0,1,4,1,0.0,,0.0,0,1981.0,A01,138Â 304Â 951,2.0,6.0,-1.0,1637261,2.0,21,,0.0,0.0,4.0,B01,138Â 304Â 950,1.0
959339,201900000870,9,9,09:00,1,1,9,1.0,2.0,34130,rd909,M,"43,5212649","3,1887739",34,2019,80.0,1.0,1.0,3.0,2144084,1.0,1,4,1,0.0,,0.0,0,1981.0,A01,138Â 304Â 951,2.0,6.0,-1.0,1637262,2.0,2,,0.0,2.0,1.0,A01,138Â 304Â 951,1.0
959340,201900000871,9,20,20:21,2,1,1,1.0,1.0,22087,Lustruyen,M,"48,2778890"," -3,3035490",22,2019,80.0,1.0,1.0,3.0,2144085,1.0,1,1,1,4.0,,0.0,0,1995.0,A01,138Â 304Â 948,9.0,-1.0,-1.0,1637263,1.0,21,,0.0,9.0,3.0,A01,138Â 304Â 948,1.0
959340,201900000871,9,20,20:21,2,1,1,1.0,1.0,22087,Lustruyen,M,"48,2778890"," -3,3035490",22,2019,80.0,1.0,1.0,3.0,2144085,1.0,1,1,1,4.0,,0.0,0,1995.0,A01,138Â 304Â 948,9.0,-1.0,-1.0,1637264,2.0,30,,0.0,9.0,8.0,B01,138Â 304Â 949,1.0
959340,201900000871,9,20,20:21,2,1,1,1.0,1.0,22087,Lustruyen,M,"48,2778890"," -3,3035490",22,2019,80.0,1.0,1.0,3.0,2144086,1.0,1,3,1,1.0,,0.0,0,2001.0,B01,138Â 304Â 949,2.0,-1.0,-1.0,1637263,1.0,21,,0.0,9.0,3.0,A01,138Â 304Â 948,1.0
959340,201900000871,9,20,20:21,2,1,1,1.0,1.0,22087,Lustruyen,M,"48,2778890"," -3,3035490",22,2019,80.0,1.0,1.0,3.0,2144086,1.0,1,3,1,1.0,,0.0,0,2001.0,B01,138Â 304Â 949,2.0,-1.0,-1.0,1637264,2.0,30,,0.0,9.0,8.0,B01,138Â 304Â 949,1.0
959341,201900000872,8,22,19:45,1,1,1,1.0,7.0,39274,,M,"46,3690540","5,9845490",39,2019,80.0,1.0,1.0,3.0,2144087,1.0,1,3,1,5.0,,0.0,0,1982.0,A01,138Â 304Â 947,2.0,6.0,-1.0,1637265,1.0,33,,0.0,0.0,0.0,A01,138Â 304Â 947,1.0
959342,201900000873,9,21,02:50,3,1,1,1.0,6.0,25050,La Vie Paul et Richard,M,"47,1203630","6,6202460",25,2019,80.0,3.0,1.0,3.0,2144088,1.0,1,3,1,0.0,,0.0,0,1990.0,A01,138Â 304Â 946,1.0,-1.0,-1.0,1637266,2.0,7,,7.0,0.0,8.0,A01,138Â 304Â 946,1.0
959343,201900000874,9,19,17:15,1,1,9,1.0,7.0,35340,pk 26+400,M,"48,0274200"," -2,0289450",35,2019,110.0,3.0,1.0,2.0,2144089,2.0,2,3,2,5.0,,0.0,0,1993.0,A01,138Â 304Â 945,1.0,-1.0,-1.0,1637267,2.0,7,,0.0,0.0,1.0,A01,138Â 304Â 945,1.0
959343,201900000874,9,19,17:15,1,1,9,1.0,7.0,35340,pk 26+400,M,"48,0274200"," -2,0289450",35,2019,110.0,3.0,1.0,2.0,2144090,1.0,1,1,1,5.0,,0.0,0,1990.0,A01,138Â 304Â 945,1.0,-1.0,-1.0,1637267,2.0,7,,0.0,0.0,1.0,A01,138Â 304Â 945,1.0
959344,201900000875,9,21,19:15,3,1,1,8.0,7.0,38139,route dÃ©partmentale D14A,M,"45,7617200","5,4560100",38,2019,80.0,1.0,1.0,3.0,2144091,2.0,2,3,1,5.0,,0.0,0,2001.0,A01,138Â 304Â 942,1.0,-1.0,-1.0,1637268,1.0,7,,0.0,0.0,9.0,A01,138Â 304Â 942,1.0
959344,201900000875,9,21,19:15,3,1,1,8.0,7.0,38139,route dÃ©partmentale D14A,M,"45,7617200","5,4560100",38,2019,80.0,1.0,1.0,3.0,2144092,1.0,1,1,1,5.0,,0.0,0,2001.0,A01,138Â 304Â 942,1.0,-1.0,-1.0,1637268,1.0,7,,0.0,0.0,9.0,A01,138Â 304Â 942,1.0
959344,201900000875,9,21,19:15,3,1,1,8.0,7.0,38139,route dÃ©partmentale D14A,M,"45,7617200","5,4560100",38,2019,80.0,1.0,1.0,3.0,2144093,7.0,2,1,1,5.0,,0.0,0,2000.0,A01,138Â 304Â 942,1.0,-1.0,-1.0,1637268,1.0,7,,0.0,0.0,9.0,A01,138Â 304Â 942,1.0
959344,201900000875,9,21,19:15,3,1,1,8.0,7.0,38139,route dÃ©partmentale D14A,M,"45,7617200","5,4560100",38,2019,80.0,1.0,1.0,3.0,2144094,9.0,2,1,1,5.0,,0.0,0,2000.0,A01,138Â 304Â 942,1.0,-1.0,-1.0,1637268,1.0,7,,0.0,0.0,9.0,A01,138Â 304Â 942,1.0
959345,201900000876,9,21,15:00,1,1,1,1.0,7.0,01113,AllÃ©e de Romans,M,"46,1501686","5,0662855",1,2019,50.0,3.0,1.0,4.0,2144095,2.0,2,4,1,5.0,,0.0,0,2001.0,A01,138Â 304Â 941,1.0,-1.0,-1.0,1637269,0.0,7,,13.0,0.0,2.0,A01,138Â 304Â 941,0.0
959345,201900000876,9,21,15:00,1,1,1,1.0,7.0,01113,AllÃ©e de Romans,M,"46,1501686","5,0662855",1,2019,50.0,3.0,1.0,4.0,2144096,1.0,1,3,1,5.0,,0.0,0,2001.0,A01,138Â 304Â 941,1.0,-1.0,-1.0,1637269,0.0,7,,13.0,0.0,2.0,A01,138Â 304Â 941,0.0
959346,201900000877,9,20,16:20,1,1,1,1.0,6.0,14575,La Forge St Cloud,M,"49,2984140","0,1267760",14,2019,50.0,3.0,1.0,3.0,2144097,1.0,1,4,1,5.0,,0.0,0,1963.0,A01,138Â 304Â 940,2.0,6.0,-1.0,1637270,2.0,2,,3.0,0.0,0.0,A01,138Â 304Â 940,1.0
959347,201900000878,9,20,19:20,1,1,1,7.0,1.0,14297,D214,M,"49,1163350"," -0,5040100",14,2019,80.0,1.0,1.0,3.0,2144098,1.0,1,1,1,1.0,,0.0,0,2001.0,B01,138Â 304Â 938,1.0,5.0,-1.0,1637271,2.0,7,,0.0,2.0,3.0,B01,138Â 304Â 938,1.0
959347,201900000878,9,20,19:20,1,1,1,7.0,1.0,14297,D214,M,"49,1163350"," -0,5040100",14,2019,80.0,1.0,1.0,3.0,2144098,1.0,1,1,1,1.0,,0.0,0,2001.0,B01,138Â 304Â 938,1.0,5.0,-1.0,1637272,1.0,7,,0.0,2.0,3.0,A01,138Â 304Â 939,1.0
959347,201900000878,9,20,19:20,1,1,1,7.0,1.0,14297,D214,M,"49,1163350"," -0,5040100",14,2019,80.0,1.0,1.0,3.0,2144099,1.0,1,3,1,5.0,,0.0,0,1996.0,A01,138Â 304Â 939,1.0,5.0,-1.0,1637271,2.0,7,,0.0,2.0,3.0,B01,138Â 304Â 938,1.0
959347,201900000878,9,20,19:20,1,1,1,7.0,1.0,14297,D214,M,"49,1163350"," -0,5040100",14,2019,80.0,1.0,1.0,3.0,2144099,1.0,1,3,1,5.0,,0.0,0,1996.0,A01,138Â 304Â 939,1.0,5.0,-1.0,1637272,1.0,7,,0.0,2.0,3.0,A01,138Â 304Â 939,1.0
959348,201900000879,9,21,15:35,1,1,1,1.0,2.0,50507,RD 421,M,"49,4950110"," -1,2656440",50,2019,80.0,1.0,1.0,3.0,2144100,1.0,1,4,1,5.0,,0.0,0,1960.0,B01,138Â 304Â 936,2.0,-1.0,-1.0,1637273,0.0,1,,0.0,2.0,4.0,B01,138Â 304Â 936,5.0
959348,201900000879,9,21,15:35,1,1,1,1.0,2.0,50507,RD 421,M,"49,4950110"," -1,2656440",50,2019,80.0,1.0,1.0,3.0,2144100,1.0,1,4,1,5.0,,0.0,0,1960.0,B01,138Â 304Â 936,2.0,-1.0,-1.0,1637274,0.0,7,,0.0,2.0,2.0,A01,138Â 304Â 937,1.0
959348,201900000879,9,21,15:35,1,1,1,1.0,2.0,50507,RD 421,M,"49,4950110"," -1,2656440",50,2019,80.0,1.0,1.0,3.0,2144101,1.0,1,1,1,5.0,,0.0,0,1939.0,A01,138Â 304Â 937,1.0,-1.0,-1.0,1637273,0.0,1,,0.0,2.0,4.0,B01,138Â 304Â 936,5.0
959348,201900000879,9,21,15:35,1,1,1,1.0,2.0,50507,RD 421,M,"49,4950110"," -1,2656440",50,2019,80.0,1.0,1.0,3.0,2144101,1.0,1,1,1,5.0,,0.0,0,1939.0,A01,138Â 304Â 937,1.0,-1.0,-1.0,1637274,0.0,7,,0.0,2.0,2.0,A01,138Â 304Â 937,1.0
959349,201900000880,9,20,23:00,5,2,1,1.0,2.0,73300,D1201  Boulevard Jean Charcot,M,"45,6890004","5,8956964",73,2019,50.0,1.0,1.0,3.0,2144102,1.0,1,1,1,5.0,,0.0,0,1999.0,B01,138Â 304Â 934,1.0,-1.0,-1.0,1637275,1.0,7,,0.0,0.0,6.0,B01,138Â 304Â 934,1.0
959349,201900000880,9,20,23:00,5,2,1,1.0,2.0,73300,D1201  Boulevard Jean Charcot,M,"45,6890004","5,8956964",73,2019,50.0,1.0,1.0,3.0,2144102,1.0,1,1,1,5.0,,0.0,0,1999.0,B01,138Â 304Â 934,1.0,-1.0,-1.0,1637276,1.0,33,,0.0,2.0,1.0,A01,138Â 304Â 935,1.0
959349,201900000880,9,20,23:00,5,2,1,1.0,2.0,73300,D1201  Boulevard Jean Charcot,M,"45,6890004","5,8956964",73,2019,50.0,1.0,1.0,3.0,2144103,1.0,1,3,1,5.0,,0.0,0,1960.0,A01,138Â 304Â 935,2.0,6.0,-1.0,1637275,1.0,7,,0.0,0.0,6.0,B01,138Â 304Â 934,1.0
959349,201900000880,9,20,23:00,5,2,1,1.0,2.0,73300,D1201  Boulevard Jean Charcot,M,"45,6890004","5,8956964",73,2019,50.0,1.0,1.0,3.0,2144103,1.0,1,3,1,5.0,,0.0,0,1960.0,A01,138Â 304Â 935,2.0,6.0,-1.0,1637276,1.0,33,,0.0,2.0,1.0,A01,138Â 304Â 935,1.0
959350,201900000881,9,20,13:45,1,1,1,1.0,7.0,43119,RD 103 - PK 71+200,M,"45,1112390","3,8974100",43,2019,80.0,3.0,1.0,3.0,2144104,1.0,1,4,1,5.0,,0.0,0,1994.0,A01,138Â 304Â 933,6.0,2.0,9.0,1637277,2.0,33,,13.0,0.0,1.0,A01,138Â 304Â 933,1.0
959351,201900000882,9,20,22:45,3,1,1,1.0,7.0,16414,Les Couates,M,"45,8589490","0,0838960",16,2019,80.0,1.0,1.0,3.0,2144105,2.0,2,3,2,5.0,,0.0,0,1974.0,A01,138Â 304Â 932,2.0,6.0,-1.0,1637278,1.0,33,,0.0,0.0,7.0,A01,138Â 304Â 932,1.0
959351,201900000882,9,20,22:45,3,1,1,1.0,7.0,16414,Les Couates,M,"45,8589490","0,0838960",16,2019,80.0,1.0,1.0,3.0,2144106,1.0,1,3,1,5.0,,0.0,0,1977.0,A01,138Â 304Â 932,2.0,6.0,-1.0,1637278,1.0,33,,0.0,0.0,7.0,A01,138Â 304Â 932,1.0
959352,201900000883,9,21,13:40,1,1,3,1.0,1.0,53121,Le Laisy,M,"48,4161420"," -0,3436990",53,2019,70.0,1.0,1.0,2.0,2144107,2.0,1,1,1,4.0,,0.0,0,1988.0,A01,138Â 304Â 930,1.0,-1.0,-1.0,1637279,2.0,10,,0.0,2.0,2.0,A01,138Â 304Â 930,1.0
959352,201900000883,9,21,13:40,1,1,3,1.0,1.0,53121,Le Laisy,M,"48,4161420"," -0,3436990",53,2019,70.0,1.0,1.0,2.0,2144107,2.0,1,1,1,4.0,,0.0,0,1988.0,A01,138Â 304Â 930,1.0,-1.0,-1.0,1637280,1.0,33,,0.0,2.0,1.0,B01,138Â 304Â 931,1.0
959352,201900000883,9,21,13:40,1,1,3,1.0,1.0,53121,Le Laisy,M,"48,4161420"," -0,3436990",53,2019,70.0,1.0,1.0,2.0,2144108,1.0,1,3,1,5.0,,0.0,0,1963.0,B01,138Â 304Â 931,2.0,6.0,-1.0,1637279,2.0,10,,0.0,2.0,2.0,A01,138Â 304Â 930,1.0
959352,201900000883,9,21,13:40,1,1,3,1.0,1.0,53121,Le Laisy,M,"48,4161420"," -0,3436990",53,2019,70.0,1.0,1.0,2.0,2144108,1.0,1,3,1,5.0,,0.0,0,1963.0,B01,138Â 304Â 931,2.0,6.0,-1.0,1637280,1.0,33,,0.0,2.0,1.0,B01,138Â 304Â 931,1.0
959353,201900000884,9,20,20:35,2,2,1,1.0,1.0,27062,1315 Route du Val,M,"49,2961240","0,8398520",27,2019,50.0,1.0,1.0,4.0,2144109,1.0,1,4,1,5.0,,0.0,0,2004.0,B01,138Â 304Â 928,2.0,6.0,-1.0,1637281,0.0,2,,0.0,2.0,1.0,B01,138Â 304Â 928,1.0
959353,201900000884,9,20,20:35,2,2,1,1.0,1.0,27062,1315 Route du Val,M,"49,2961240","0,8398520",27,2019,50.0,1.0,1.0,4.0,2144109,1.0,1,4,1,5.0,,0.0,0,2004.0,B01,138Â 304Â 928,2.0,6.0,-1.0,1637282,0.0,2,,0.0,2.0,1.0,A01,138Â 304Â 929,1.0
959353,201900000884,9,20,20:35,2,2,1,1.0,1.0,27062,1315 Route du Val,M,"49,2961240","0,8398520",27,2019,50.0,1.0,1.0,4.0,2144110,1.0,1,3,1,5.0,,0.0,0,2003.0,A01,138Â 304Â 929,2.0,6.0,-1.0,1637281,0.0,2,,0.0,2.0,1.0,B01,138Â 304Â 928,1.0
959353,201900000884,9,20,20:35,2,2,1,1.0,1.0,27062,1315 Route du Val,M,"49,2961240","0,8398520",27,2019,50.0,1.0,1.0,4.0,2144110,1.0,1,3,1,5.0,,0.0,0,2003.0,A01,138Â 304Â 929,2.0,6.0,-1.0,1637282,0.0,2,,0.0,2.0,1.0,A01,138Â 304Â 929,1.0
959354,201900000885,9,20,18:25,1,1,1,7.0,1.0,87006,RD49,M,"46,3268260","1,0606340",87,2019,80.0,1.0,1.0,3.0,2144111,1.0,1,2,1,5.0,,0.0,0,1982.0,A01,138Â 304Â 926,1.0,-1.0,-1.0,1637283,2.0,7,,0.0,2.0,3.0,A01,138Â 304Â 926,1.0
959354,201900000885,9,20,18:25,1,1,1,7.0,1.0,87006,RD49,M,"46,3268260","1,0606340",87,2019,80.0,1.0,1.0,3.0,2144111,1.0,1,2,1,5.0,,0.0,0,1982.0,A01,138Â 304Â 926,1.0,-1.0,-1.0,1637284,1.0,38,1.0,0.0,0.0,3.0,B01,138Â 304Â 927,1.0
959354,201900000885,9,20,18:25,1,1,1,7.0,1.0,87006,RD49,M,"46,3268260","1,0606340",87,2019,80.0,1.0,1.0,3.0,2144112,1.0,1,4,1,4.0,,0.0,0,1984.0,B01,138Â 304Â 927,1.0,-1.0,-1.0,1637283,2.0,7,,0.0,2.0,3.0,A01,138Â 304Â 926,1.0
959354,201900000885,9,20,18:25,1,1,1,7.0,1.0,87006,RD49,M,"46,3268260","1,0606340",87,2019,80.0,1.0,1.0,3.0,2144112,1.0,1,4,1,4.0,,0.0,0,1984.0,B01,138Â 304Â 927,1.0,-1.0,-1.0,1637284,1.0,38,1.0,0.0,0.0,3.0,B01,138Â 304Â 927,1.0
959355,201900000886,9,21,05:30,3,1,1,8.0,6.0,48128,D806 MasbÃ©rals le Vieux,M,"44,7446620","3,3404740",48,2019,80.0,1.0,9.0,3.0,2144113,1.0,1,2,1,5.0,,0.0,0,1999.0,A01,138Â 304Â 925,1.0,-1.0,-1.0,1637285,2.0,7,,2.0,0.0,3.0,A01,138Â 304Â 925,1.0
959356,201900000887,9,20,07:45,1,2,3,1.0,6.0,49132,Rue de la Garenne,M,"47,6493570"," -0,4418740",49,2019,50.0,1.0,1.0,4.0,2144114,1.0,1,1,1,4.0,,0.0,0,1956.0,A01,138Â 304Â 923,1.0,-1.0,-1.0,1637286,2.0,38,1.0,0.0,9.0,1.0,A01,138Â 304Â 923,1.0
959356,201900000887,9,20,07:45,1,2,3,1.0,6.0,49132,Rue de la Garenne,M,"47,6493570"," -0,4418740",49,2019,50.0,1.0,1.0,4.0,2144114,1.0,1,1,1,4.0,,0.0,0,1956.0,A01,138Â 304Â 923,1.0,-1.0,-1.0,1637287,2.0,1,,0.0,2.0,8.0,B01,138Â 304Â 924,5.0
959356,201900000887,9,20,07:45,1,2,3,1.0,6.0,49132,Rue de la Garenne,M,"47,6493570"," -0,4418740",49,2019,50.0,1.0,1.0,4.0,2144115,1.0,1,3,1,5.0,,0.0,0,1939.0,B01,138Â 304Â 924,0.0,-1.0,-1.0,1637286,2.0,38,1.0,0.0,9.0,1.0,A01,138Â 304Â 923,1.0
959356,201900000887,9,20,07:45,1,2,3,1.0,6.0,49132,Rue de la Garenne,M,"47,6493570"," -0,4418740",49,2019,50.0,1.0,1.0,4.0,2144115,1.0,1,3,1,5.0,,0.0,0,1939.0,B01,138Â 304Â 924,0.0,-1.0,-1.0,1637287,2.0,1,,0.0,2.0,8.0,B01,138Â 304Â 924,5.0
959357,201900000888,9,14,16:10,1,2,2,1.0,3.0,35131,Rue Ernest Renan,M,"48,1293510"," -1,8095160",35,2019,50.0,1.0,1.0,4.0,2144116,1.0,1,1,1,5.0,,0.0,0,1948.0,B01,138Â 304Â 921,0.0,-1.0,-1.0,1637288,3.0,1,,0.0,9.0,2.0,B01,138Â 304Â 921,5.0
959357,201900000888,9,14,16:10,1,2,2,1.0,3.0,35131,Rue Ernest Renan,M,"48,1293510"," -1,8095160",35,2019,50.0,1.0,1.0,4.0,2144116,1.0,1,1,1,5.0,,0.0,0,1948.0,B01,138Â 304Â 921,0.0,-1.0,-1.0,1637289,3.0,50,,0.0,9.0,7.0,A01,138Â 304Â 922,3.0
959357,201900000888,9,14,16:10,1,2,2,1.0,3.0,35131,Rue Ernest Renan,M,"48,1293510"," -1,8095160",35,2019,50.0,1.0,1.0,4.0,2144117,1.0,1,3,1,3.0,,0.0,0,1966.0,A01,138Â 304Â 922,0.0,-1.0,-1.0,1637288,3.0,1,,0.0,9.0,2.0,B01,138Â 304Â 921,5.0
959357,201900000888,9,14,16:10,1,2,2,1.0,3.0,35131,Rue Ernest Renan,M,"48,1293510"," -1,8095160",35,2019,50.0,1.0,1.0,4.0,2144117,1.0,1,3,1,3.0,,0.0,0,1966.0,A01,138Â 304Â 922,0.0,-1.0,-1.0,1637289,3.0,50,,0.0,9.0,7.0,A01,138Â 304Â 922,3.0
959358,201900000889,9,21,10:30,1,1,1,1.0,6.0,38289,D44 C,M,"45,1263300","6,0432400",38,2019,80.0,1.0,2.0,3.0,2144118,1.0,1,3,1,5.0,,0.0,0,1984.0,A01,138Â 304Â 919,2.0,-1.0,-1.0,1637290,1.0,1,,0.0,2.0,1.0,A01,138Â 304Â 919,5.0
959358,201900000889,9,21,10:30,1,1,1,1.0,6.0,38289,D44 C,M,"45,1263300","6,0432400",38,2019,80.0,1.0,2.0,3.0,2144118,1.0,1,3,1,5.0,,0.0,0,1984.0,A01,138Â 304Â 919,2.0,-1.0,-1.0,1637291,1.0,1,,0.0,0.0,4.0,B01,138Â 304Â 920,5.0
959358,201900000889,9,21,10:30,1,1,1,1.0,6.0,38289,D44 C,M,"45,1263300","6,0432400",38,2019,80.0,1.0,2.0,3.0,2144119,1.0,1,3,1,5.0,,0.0,0,1978.0,B01,138Â 304Â 920,2.0,-1.0,-1.0,1637290,1.0,1,,0.0,2.0,1.0,A01,138Â 304Â 919,5.0
959358,201900000889,9,21,10:30,1,1,1,1.0,6.0,38289,D44 C,M,"45,1263300","6,0432400",38,2019,80.0,1.0,2.0,3.0,2144119,1.0,1,3,1,5.0,,0.0,0,1978.0,B01,138Â 304Â 920,2.0,-1.0,-1.0,1637291,1.0,1,,0.0,0.0,4.0,B01,138Â 304Â 920,5.0
959359,201900000890,9,21,11:00,1,1,1,1.0,6.0,98814,R.M.12,M," -20,9322200","167,1038200",988,2019,90.0,3.0,1.0,4.0,2144120,1.0,1,2,1,5.0,,0.0,0,1988.0,A01,138Â 304Â 918,1.0,-1.0,-1.0,1637292,3.0,7,,8.0,0.0,7.0,A01,138Â 304Â 918,1.0