Unnamed: 0_x,num_acc,mois,jour,hrmn,lum,agg,int,atm,col,com,adr,gps,lat,long,dep,annee,vma,situ,surf,catr,Unnamed: 0_y,place,catu,grav,sexe,trajet,secu,locp,actp,an_nais,num_veh_x,id_vehicule_x,secu1,secu2,secu3,Unnamed: 0,senc,catv,occutc,obs,obsm,choc,num_veh_y,id_vehicule_y,motor
959360,201900000891,9,21,05:30,2,1,1,1.0,7.0,98804,R.P.N.3,M," -21,5264300","165,9712800",988,2019,50.0,8.0,1.0,3.0,2144121,5.0,2,4,1,0.0,,0.0,0,2007.0,A01,138Â 304Â 917,8.0,-1.0,-1.0,1637293,3.0,7,,0.0,0.0,9.0,A01,138Â 304Â 917,1.0
959360,201900000891,9,21,05:30,2,1,1,1.0,7.0,98804,R.P.N.3,M," -21,5264300","165,9712800",988,2019,50.0,8.0,1.0,3.0,2144122,2.0,2,4,1,0.0,,0.0,0,2005.0,A01,138Â 304Â 917,8.0,-1.0,-1.0,1637293,3.0,7,,0.0,0.0,9.0,A01,138Â 304Â 917,1.0
959360,201900000891,9,21,05:30,2,1,1,1.0,7.0,98804,R.P.N.3,M," -21,5264300","165,9712800",988,2019,50.0,8.0,1.0,3.0,2144123,1.0,1,1,1,9.0,,0.0,0,2003.0,A01,138Â 304Â 917,8.0,-1.0,-1.0,1637293,3.0,7,,0.0,0.0,9.0,A01,138Â 304Â 917,1.0
959361,201900000892,9,21,12:15,1,1,1,1.0,1.0,45253,D927,M,"48,1677526","2,2208833",45,2019,70.0,1.0,1.0,3.0,2144124,2.0,2,4,2,5.0,,0.0,0,1963.0,B01,138Â 304Â 915,8.0,-1.0,-1.0,1637294,2.0,7,,8.0,2.0,1.0,B01,138Â 304Â 915,1.0
959361,201900000892,9,21,12:15,1,1,1,1.0,1.0,45253,D927,M,"48,1677526","2,2208833",45,2019,70.0,1.0,1.0,3.0,2144124,2.0,2,4,2,5.0,,0.0,0,1963.0,B01,138Â 304Â 915,8.0,-1.0,-1.0,1637295,1.0,7,,0.0,2.0,1.0,A01,138Â 304Â 916,1.0
959361,201900000892,9,21,12:15,1,1,1,1.0,1.0,45253,D927,M,"48,1677526","2,2208833",45,2019,70.0,1.0,1.0,3.0,2144125,1.0,1,4,1,5.0,,0.0,0,1994.0,B01,138Â 304Â 915,8.0,-1.0,-1.0,1637294,2.0,7,,8.0,2.0,1.0,B01,138Â 304Â 915,1.0
959361,201900000892,9,21,12:15,1,1,1,1.0,1.0,45253,D927,M,"48,1677526","2,2208833",45,2019,70.0,1.0,1.0,3.0,2144125,1.0,1,4,1,5.0,,0.0,0,1994.0,B01,138Â 304Â 915,8.0,-1.0,-1.0,1637295,1.0,7,,0.0,2.0,1.0,A01,138Â 304Â 916,1.0
959361,201900000892,9,21,12:15,1,1,1,1.0,1.0,45253,D927,M,"48,1677526","2,2208833",45,2019,70.0,1.0,1.0,3.0,2144126,7.0,2,4,2,5.0,,0.0,0,2010.0,B01,138Â 304Â 915,8.0,-1.0,-1.0,1637294,2.0,7,,8.0,2.0,1.0,B01,138Â 304Â 915,1.0
959361,201900000892,9,21,12:15,1,1,1,1.0,1.0,45253,D927,M,"48,1677526","2,2208833",45,2019,70.0,1.0,1.0,3.0,2144126,7.0,2,4,2,5.0,,0.0,0,2010.0,B01,138Â 304Â 915,8.0,-1.0,-1.0,1637295,1.0,7,,0.0,2.0,1.0,A01,138Â 304Â 916,1.0
959361,201900000892,9,21,12:15,1,1,1,1.0,1.0,45253,D927,M,"48,1677526","2,2208833",45,2019,70.0,1.0,1.0,3.0,2144127,1.0,1,4,1,1.0,,0.0,0,1996.0,A01,138Â 304Â 916,8.0,-1.0,-1.0,1637294,2.0,7,,8.0,2.0,1.0,B01,138Â 304Â 915,1.0
959361,201900000892,9,21,12:15,1,1,1,1.0,1.0,45253,D927,M,"48,1677526","2,2208833",45,2019,70.0,1.0,1.0,3.0,2144127,1.0,1,4,1,1.0,,0.0,0,1996.0,A01,138Â 304Â 916,8.0,-1.0,-1.0,1637295,1.0,7,,0.0,2.0,1.0,A01,138Â 304Â 916,1.0
959362,201900000893,9,13,07:45,1,2,9,1.0,3.0,45028,48 AV DE BLOIS,M,"47,7748472","1,6232825",45,2019,50.0,1.0,1.0,3.0,2144128,1.0,1,3,1,1.0,,0.0,0,2001.0,B01,138Â 304Â 913,8.0,-1.0,-1.0,1637296,1.0,2,,0.0,2.0,3.0,B01,138Â 304Â 913,1.0
959362,201900000893,9,13,07:45,1,2,9,1.0,3.0,45028,48 AV DE BLOIS,M,"47,7748472","1,6232825",45,2019,50.0,1.0,1.0,3.0,2144128,1.0,1,3,1,1.0,,0.0,0,2001.0,B01,138Â 304Â 913,8.0,-1.0,-1.0,1637297,3.0,10,,0.0,2.0,7.0,A01,138Â 304Â 914,1.0
959362,201900000893,9,13,07:45,1,2,9,1.0,3.0,45028,48 AV DE BLOIS,M,"47,7748472","1,6232825",45,2019,50.0,1.0,1.0,3.0,2144129,1.0,1,1,1,1.0,,0.0,0,1987.0,A01,138Â 304Â 914,8.0,-1.0,-1.0,1637296,1.0,2,,0.0,2.0,3.0,B01,138Â 304Â 913,1.0
959362,201900000893,9,13,07:45,1,2,9,1.0,3.0,45028,48 AV DE BLOIS,M,"47,7748472","1,6232825",45,2019,50.0,1.0,1.0,3.0,2144129,1.0,1,1,1,1.0,,0.0,0,1987.0,A01,138Â 304Â 914,8.0,-1.0,-1.0,1637297,3.0,10,,0.0,2.0,7.0,A01,138Â 304Â 914,1.0
959363,201900000894,9,20,16:45,1,1,1,1.0,3.0,77392,D401,M,"49,0556600","2,7129100",77,2019,70.0,1.0,1.0,3.0,2144130,1.0,1,4,1,1.0,,0.0,0,1982.0,B01,138Â 304Â 912,2.0,6.0,9.0,1637298,1.0,7,,0.0,2.0,3.0,A01,138Â 304Â 911,0.0
959363,201900000894,9,20,16:45,1,1,1,1.0,3.0,77392,D401,M,"49,0556600","2,7129100",77,2019,70.0,1.0,1.0,3.0,2144130,1.0,1,4,1,1.0,,0.0,0,1982.0,B01,138Â 304Â 912,2.0,6.0,9.0,1637299,1.0,31,,14.0,2.0,7.0,B01,138Â 304Â 912,0.0
959364,201900000895,9,20,18:15,1,2,7,7.0,6.0,2B134,Place Paoli,M,"42,6346850","8,9383180",2B,2019,50.0,1.0,1.0,9.0,2144131,1.0,1,1,2,5.0,,0.0,0,1987.0,A01,138Â 304Â 910,8.0,-1.0,-1.0,1637300,3.0,7,,0.0,1.0,3.0,A01,138Â 304Â 910,1.0
959364,201900000895,9,20,18:15,1,2,7,7.0,6.0,2B134,Place Paoli,M,"42,6346850","8,9383180",2B,2019,50.0,1.0,1.0,9.0,2144132,10.0,3,3,2,5.0,,3.0,3,1934.0,A01,138Â 304Â 910,0.0,-1.0,-1.0,1637300,3.0,7,,0.0,1.0,3.0,A01,138Â 304Â 910,1.0
959365,201900000896,8,3,18:05,1,1,1,7.0,6.0,05139,le pin,M,"44,7005970","5,9291990",5,2019,80.0,1.0,1.0,3.0,2144133,10.0,3,3,1,5.0,,1.0,3,1981.0,A01,138Â 304Â 909,0.0,-1.0,-1.0,1637301,1.0,7,,0.0,1.0,1.0,A01,138Â 304Â 909,1.0
959365,201900000896,8,3,18:05,1,1,1,7.0,6.0,05139,le pin,M,"44,7005970","5,9291990",5,2019,80.0,1.0,1.0,3.0,2144134,10.0,3,3,1,5.0,,1.0,3,1997.0,A01,138Â 304Â 909,0.0,-1.0,-1.0,1637301,1.0,7,,0.0,1.0,1.0,A01,138Â 304Â 909,1.0
959365,201900000896,8,3,18:05,1,1,1,7.0,6.0,05139,le pin,M,"44,7005970","5,9291990",5,2019,80.0,1.0,1.0,3.0,2144135,1.0,1,1,1,5.0,,0.0,0,1961.0,A01,138Â 304Â 909,1.0,-1.0,-1.0,1637301,1.0,7,,0.0,1.0,1.0,A01,138Â 304Â 909,1.0
959366,201900000897,9,18,01:08,3,1,1,1.0,6.0,38072,A7,M,"45,3168000","4,8118700",38,2019,130.0,3.0,1.0,1.0,2144136,1.0,1,3,1,4.0,,0.0,0,1979.0,A01,138Â 304Â 908,1.0,-1.0,-1.0,1637302,1.0,17,,3.0,0.0,0.0,A01,138Â 304Â 908,1.0
959367,201900000898,9,20,17:30,1,1,1,1.0,7.0,70220,D70,M,"47,4051830","5,4737960",70,2019,80.0,3.0,1.0,3.0,2144137,1.0,1,3,1,5.0,,0.0,0,1974.0,A01,138Â 304Â 907,2.0,6.0,-1.0,1637303,1.0,33,,3.0,0.0,3.0,A01,138Â 304Â 907,1.0
959368,201900000899,9,20,23:10,3,1,1,1.0,6.0,71235,route de Salornay,M,"46,3268700","4,7896220",71,2019,80.0,3.0,1.0,4.0,2144138,1.0,1,3,2,5.0,,0.0,0,1991.0,A01,138Â 304Â 906,1.0,-1.0,-1.0,1637304,3.0,7,,6.0,0.0,1.0,A01,138Â 304Â 906,1.0
959369,201900000900,9,20,11:30,1,2,1,1.0,6.0,58121,Rue Gabriel PÃ©ri,M,"47,0347580","3,0994200",58,2019,50.0,1.0,1.0,3.0,2144139,1.0,1,1,2,3.0,,0.0,0,1964.0,A01,138Â 304Â 905,1.0,-1.0,-1.0,1637305,0.0,7,,0.0,1.0,2.0,A01,138Â 304Â 905,1.0
959369,201900000900,9,20,11:30,1,2,1,1.0,6.0,58121,Rue Gabriel PÃ©ri,M,"47,0347580","3,0994200",58,2019,50.0,1.0,1.0,3.0,2144140,10.0,3,3,2,5.0,,1.0,3,1933.0,A01,138Â 304Â 905,0.0,-1.0,-1.0,1637305,0.0,7,,0.0,1.0,2.0,A01,138Â 304Â 905,1.0
959370,201900000901,9,21,17:00,1,1,1,1.0,6.0,73307,D215A  La Combaz,M,"45,1791618","6,4848377",73,2019,80.0,8.0,1.0,3.0,2144141,1.0,1,3,1,5.0,,0.0,0,1990.0,A01,138Â 304Â 904,0.0,-1.0,-1.0,1637306,1.0,7,,16.0,0.0,9.0,A01,138Â 304Â 904,1.0
959371,201900000902,8,9,20:20,1,2,1,1.0,6.0,01142,253 route de GenÃ¨ve,M,"45,8511740","5,0656430",1,2019,50.0,1.0,1.0,3.0,2144142,1.0,1,3,1,0.0,,0.0,0,1977.0,A01,138Â 304Â 903,1.0,-1.0,-1.0,1637307,1.0,7,,2.0,0.0,0.0,A01,138Â 304Â 903,0.0
959372,201900000903,9,21,11:15,1,1,1,1.0,3.0,69229,Sous Favardie,M,"46,1062000","4,4410000",69,2019,80.0,1.0,1.0,9.0,2144143,1.0,1,1,1,5.0,,0.0,0,1978.0,B01,138Â 304Â 901,2.0,-1.0,-1.0,1637308,0.0,33,,0.0,1.0,1.0,B01,138Â 304Â 901,1.0
959372,201900000903,9,21,11:15,1,1,1,1.0,3.0,69229,Sous Favardie,M,"46,1062000","4,4410000",69,2019,80.0,1.0,1.0,9.0,2144143,1.0,1,1,1,5.0,,0.0,0,1978.0,B01,138Â 304Â 901,2.0,-1.0,-1.0,1637309,0.0,31,,0.0,0.0,0.0,A01,138Â 304Â 902,1.0
959372,201900000903,9,21,11:15,1,1,1,1.0,3.0,69229,Sous Favardie,M,"46,1062000","4,4410000",69,2019,80.0,1.0,1.0,9.0,2144144,1.0,1,4,1,5.0,,0.0,0,1976.0,A01,138Â 304Â 902,2.0,-1.0,-1.0,1637308,0.0,33,,0.0,1.0,1.0,B01,138Â 304Â 901,1.0
959372,201900000903,9,21,11:15,1,1,1,1.0,3.0,69229,Sous Favardie,M,"46,1062000","4,4410000",69,2019,80.0,1.0,1.0,9.0,2144144,1.0,1,4,1,5.0,,0.0,0,1976.0,A01,138Â 304Â 902,2.0,-1.0,-1.0,1637309,0.0,31,,0.0,0.0,0.0,A01,138Â 304Â 902,1.0
959373,201900000904,9,19,19:00,1,1,1,1.0,1.0,33242,D672,M,"44,8033200","0,1844100",33,2019,80.0,1.0,1.0,3.0,2144145,1.0,1,1,2,5.0,,0.0,0,1987.0,A01,138Â 304Â 899,1.0,-1.0,-1.0,1637310,2.0,7,,0.0,2.0,1.0,A01,138Â 304Â 899,1.0
959373,201900000904,9,19,19:00,1,1,1,1.0,1.0,33242,D672,M,"44,8033200","0,1844100",33,2019,80.0,1.0,1.0,3.0,2144145,1.0,1,1,2,5.0,,0.0,0,1987.0,A01,138Â 304Â 899,1.0,-1.0,-1.0,1637311,1.0,7,,0.0,2.0,1.0,B01,138Â 304Â 900,1.0
959373,201900000904,9,19,19:00,1,1,1,1.0,1.0,33242,D672,M,"44,8033200","0,1844100",33,2019,80.0,1.0,1.0,3.0,2144146,2.0,2,4,1,5.0,,0.0,0,1997.0,A01,138Â 304Â 899,1.0,-1.0,-1.0,1637310,2.0,7,,0.0,2.0,1.0,A01,138Â 304Â 899,1.0
959373,201900000904,9,19,19:00,1,1,1,1.0,1.0,33242,D672,M,"44,8033200","0,1844100",33,2019,80.0,1.0,1.0,3.0,2144146,2.0,2,4,1,5.0,,0.0,0,1997.0,A01,138Â 304Â 899,1.0,-1.0,-1.0,1637311,1.0,7,,0.0,2.0,1.0,B01,138Â 304Â 900,1.0
959373,201900000904,9,19,19:00,1,1,1,1.0,1.0,33242,D672,M,"44,8033200","0,1844100",33,2019,80.0,1.0,1.0,3.0,2144147,1.0,1,3,1,2.0,,0.0,0,2000.0,B01,138Â 304Â 900,1.0,-1.0,-1.0,1637310,2.0,7,,0.0,2.0,1.0,A01,138Â 304Â 899,1.0
959373,201900000904,9,19,19:00,1,1,1,1.0,1.0,33242,D672,M,"44,8033200","0,1844100",33,2019,80.0,1.0,1.0,3.0,2144147,1.0,1,3,1,2.0,,0.0,0,2000.0,B01,138Â 304Â 900,1.0,-1.0,-1.0,1637311,1.0,7,,0.0,2.0,1.0,B01,138Â 304Â 900,1.0
959374,201900000905,9,21,03:10,3,2,6,1.0,6.0,33366,rd 137,M,"45,0098580"," -0,4398780",33,2019,80.0,1.0,1.0,3.0,2144148,1.0,1,2,1,5.0,,0.0,0,1974.0,A01,138Â 304Â 898,2.0,-1.0,-1.0,1637312,2.0,33,,11.0,0.0,1.0,A01,138Â 304Â 898,1.0
959375,201900000906,9,20,19:00,1,1,1,1.0,1.0,50492,Le Haut Rouxeville (Rouxeville),M,"49,1019510"," -0,9525080",50,2019,80.0,1.0,1.0,3.0,2144149,1.0,1,3,2,5.0,,0.0,0,1949.0,A01,138Â 304Â 896,1.0,-1.0,-1.0,1637313,1.0,7,,0.0,2.0,1.0,A01,138Â 304Â 896,1.0
959375,201900000906,9,20,19:00,1,1,1,1.0,1.0,50492,Le Haut Rouxeville (Rouxeville),M,"49,1019510"," -0,9525080",50,2019,80.0,1.0,1.0,3.0,2144149,1.0,1,3,2,5.0,,0.0,0,1949.0,A01,138Â 304Â 896,1.0,-1.0,-1.0,1637314,2.0,7,,0.0,2.0,1.0,B01,138Â 304Â 897,1.0
959375,201900000906,9,20,19:00,1,1,1,1.0,1.0,50492,Le Haut Rouxeville (Rouxeville),M,"49,1019510"," -0,9525080",50,2019,80.0,1.0,1.0,3.0,2144150,9.0,2,4,2,2.0,,0.0,0,2006.0,B01,138Â 304Â 897,1.0,-1.0,-1.0,1637313,1.0,7,,0.0,2.0,1.0,A01,138Â 304Â 896,1.0
959375,201900000906,9,20,19:00,1,1,1,1.0,1.0,50492,Le Haut Rouxeville (Rouxeville),M,"49,1019510"," -0,9525080",50,2019,80.0,1.0,1.0,3.0,2144150,9.0,2,4,2,2.0,,0.0,0,2006.0,B01,138Â 304Â 897,1.0,-1.0,-1.0,1637314,2.0,7,,0.0,2.0,1.0,B01,138Â 304Â 897,1.0
959375,201900000906,9,20,19:00,1,1,1,1.0,1.0,50492,Le Haut Rouxeville (Rouxeville),M,"49,1019510"," -0,9525080",50,2019,80.0,1.0,1.0,3.0,2144151,2.0,2,4,1,2.0,,0.0,0,2002.0,B01,138Â 304Â 897,1.0,-1.0,-1.0,1637313,1.0,7,,0.0,2.0,1.0,A01,138Â 304Â 896,1.0
959375,201900000906,9,20,19:00,1,1,1,1.0,1.0,50492,Le Haut Rouxeville (Rouxeville),M,"49,1019510"," -0,9525080",50,2019,80.0,1.0,1.0,3.0,2144151,2.0,2,4,1,2.0,,0.0,0,2002.0,B01,138Â 304Â 897,1.0,-1.0,-1.0,1637314,2.0,7,,0.0,2.0,1.0,B01,138Â 304Â 897,1.0
959375,201900000906,9,20,19:00,1,1,1,1.0,1.0,50492,Le Haut Rouxeville (Rouxeville),M,"49,1019510"," -0,9525080",50,2019,80.0,1.0,1.0,3.0,2144152,1.0,1,3,2,2.0,,0.0,0,1974.0,B01,138Â 304Â 897,1.0,-1.0,-1.0,1637313,1.0,7,,0.0,2.0,1.0,A01,138Â 304Â 896,1.0
959375,201900000906,9,20,19:00,1,1,1,1.0,1.0,50492,Le Haut Rouxeville (Rouxeville),M,"49,1019510"," -0,9525080",50,2019,80.0,1.0,1.0,3.0,2144152,1.0,1,3,2,2.0,,0.0,0,1974.0,B01,138Â 304Â 897,1.0,-1.0,-1.0,1637314,2.0,7,,0.0,2.0,1.0,B01,138Â 304Â 897,1.0
959376,201900000907,9,20,11:15,1,2,1,1.0,1.0,27016,Clos du Gambon,M,"49,2493350","1,4390520",27,2019,50.0,1.0,1.0,4.0,2144153,1.0,1,4,1,2.0,,0.0,0,2001.0,B01,138Â 304Â 892,0.0,-1.0,-1.0,1637315,0.0,1,,0.0,2.0,7.0,B01,138Â 304Â 892,5.0
959376,201900000907,9,20,11:15,1,2,1,1.0,1.0,27016,Clos du Gambon,M,"49,2493350","1,4390520",27,2019,50.0,1.0,1.0,4.0,2144153,1.0,1,4,1,2.0,,0.0,0,2001.0,B01,138Â 304Â 892,0.0,-1.0,-1.0,1637316,1.0,7,,0.0,9.0,1.0,A01,138Â 304Â 893,1.0
959376,201900000907,9,20,11:15,1,2,1,1.0,1.0,27016,Clos du Gambon,M,"49,2493350","1,4390520",27,2019,50.0,1.0,1.0,4.0,2144154,1.0,1,1,1,5.0,,0.0,0,1958.0,A01,138Â 304Â 893,1.0,-1.0,-1.0,1637315,0.0,1,,0.0,2.0,7.0,B01,138Â 304Â 892,5.0
959376,201900000907,9,20,11:15,1,2,1,1.0,1.0,27016,Clos du Gambon,M,"49,2493350","1,4390520",27,2019,50.0,1.0,1.0,4.0,2144154,1.0,1,1,1,5.0,,0.0,0,1958.0,A01,138Â 304Â 893,1.0,-1.0,-1.0,1637316,1.0,7,,0.0,9.0,1.0,A01,138Â 304Â 893,1.0
959377,201900000908,9,21,12:40,1,1,1,1.0,1.0,27123,route nationale 13,M,"49,0121410","1,3059980",27,2019,80.0,1.0,1.0,2.0,2144155,7.0,2,3,2,0.0,,0.0,0,2017.0,B01,138Â 304Â 890,1.0,-1.0,-1.0,1637317,2.0,7,,0.0,2.0,3.0,B01,138Â 304Â 890,1.0
959377,201900000908,9,21,12:40,1,1,1,1.0,1.0,27123,route nationale 13,M,"49,0121410","1,3059980",27,2019,80.0,1.0,1.0,2.0,2144155,7.0,2,3,2,0.0,,0.0,0,2017.0,B01,138Â 304Â 890,1.0,-1.0,-1.0,1637318,1.0,7,,0.0,2.0,3.0,A01,138Â 304Â 891,1.0
959377,201900000908,9,21,12:40,1,1,1,1.0,1.0,27123,route nationale 13,M,"49,0121410","1,3059980",27,2019,80.0,1.0,1.0,2.0,2144156,2.0,2,3,2,0.0,,0.0,0,1996.0,B01,138Â 304Â 890,1.0,-1.0,-1.0,1637317,2.0,7,,0.0,2.0,3.0,B01,138Â 304Â 890,1.0
959377,201900000908,9,21,12:40,1,1,1,1.0,1.0,27123,route nationale 13,M,"49,0121410","1,3059980",27,2019,80.0,1.0,1.0,2.0,2144156,2.0,2,3,2,0.0,,0.0,0,1996.0,B01,138Â 304Â 890,1.0,-1.0,-1.0,1637318,1.0,7,,0.0,2.0,3.0,A01,138Â 304Â 891,1.0
959377,201900000908,9,21,12:40,1,1,1,1.0,1.0,27123,route nationale 13,M,"49,0121410","1,3059980",27,2019,80.0,1.0,1.0,2.0,2144157,1.0,1,3,2,0.0,,0.0,0,1991.0,B01,138Â 304Â 890,1.0,-1.0,-1.0,1637317,2.0,7,,0.0,2.0,3.0,B01,138Â 304Â 890,1.0
959377,201900000908,9,21,12:40,1,1,1,1.0,1.0,27123,route nationale 13,M,"49,0121410","1,3059980",27,2019,80.0,1.0,1.0,2.0,2144157,1.0,1,3,2,0.0,,0.0,0,1991.0,B01,138Â 304Â 890,1.0,-1.0,-1.0,1637318,1.0,7,,0.0,2.0,3.0,A01,138Â 304Â 891,1.0
959377,201900000908,9,21,12:40,1,1,1,1.0,1.0,27123,route nationale 13,M,"49,0121410","1,3059980",27,2019,80.0,1.0,1.0,2.0,2144158,1.0,1,3,1,0.0,,0.0,0,1980.0,A01,138Â 304Â 891,1.0,-1.0,-1.0,1637317,2.0,7,,0.0,2.0,3.0,B01,138Â 304Â 890,1.0
959377,201900000908,9,21,12:40,1,1,1,1.0,1.0,27123,route nationale 13,M,"49,0121410","1,3059980",27,2019,80.0,1.0,1.0,2.0,2144158,1.0,1,3,1,0.0,,0.0,0,1980.0,A01,138Â 304Â 891,1.0,-1.0,-1.0,1637318,1.0,7,,0.0,2.0,3.0,A01,138Â 304Â 891,1.0
959378,201900000909,9,20,19:10,1,1,1,1.0,2.0,13211,A50-Sens Marseille vers Aubagne,M,"43,2900981","5,4477368",13,2019,90.0,1.0,1.0,1.0,2144159,1.0,1,1,2,1.0,,-1.0,0,1979.0,B01,138Â 304Â 888,1.0,8.0,-1.0,1637319,1.0,7,,0.0,2.0,1.0,B01,138Â 304Â 888,1.0
959378,201900000909,9,20,19:10,1,1,1,1.0,2.0,13211,A50-Sens Marseille vers Aubagne,M,"43,2900981","5,4477368",13,2019,90.0,1.0,1.0,1.0,2144159,1.0,1,1,2,1.0,,-1.0,0,1979.0,B01,138Â 304Â 888,1.0,8.0,-1.0,1637320,1.0,7,,0.0,2.0,4.0,A01,138Â 304Â 889,1.0
959378,201900000909,9,20,19:10,1,1,1,1.0,2.0,13211,A50-Sens Marseille vers Aubagne,M,"43,2900981","5,4477368",13,2019,90.0,1.0,1.0,1.0,2144160,1.0,1,4,2,1.0,,-1.0,0,1991.0,A01,138Â 304Â 889,1.0,8.0,-1.0,1637319,1.0,7,,0.0,2.0,1.0,B01,138Â 304Â 888,1.0
959378,201900000909,9,20,19:10,1,1,1,1.0,2.0,13211,A50-Sens Marseille vers Aubagne,M,"43,2900981","5,4477368",13,2019,90.0,1.0,1.0,1.0,2144160,1.0,1,4,2,1.0,,-1.0,0,1991.0,A01,138Â 304Â 889,1.0,8.0,-1.0,1637320,1.0,7,,0.0,2.0,4.0,A01,138Â 304Â 889,1.0
959379,201900000910,9,20,06:27,3,1,1,1.0,2.0,13019,A51-Sens Marseille vers Aix en Provence,M,"43,4262400","5,3799600",13,2019,90.0,1.0,1.0,1.0,2144161,1.0,1,4,2,1.0,,-1.0,0,1971.0,A01,138Â 304Â 886,1.0,0.0,-1.0,1637321,1.0,10,,0.0,2.0,5.0,A01,138Â 304Â 886,1.0
959379,201900000910,9,20,06:27,3,1,1,1.0,2.0,13019,A51-Sens Marseille vers Aix en Provence,M,"43,4262400","5,3799600",13,2019,90.0,1.0,1.0,1.0,2144161,1.0,1,4,2,1.0,,-1.0,0,1971.0,A01,138Â 304Â 886,1.0,0.0,-1.0,1637322,1.0,33,,14.0,0.0,1.0,B01,138Â 304Â 887,1.0
959379,201900000910,9,20,06:27,3,1,1,1.0,2.0,13019,A51-Sens Marseille vers Aix en Provence,M,"43,4262400","5,3799600",13,2019,90.0,1.0,1.0,1.0,2144162,1.0,1,3,1,1.0,,-1.0,0,1986.0,B01,138Â 304Â 887,2.0,6.0,-1.0,1637321,1.0,10,,0.0,2.0,5.0,A01,138Â 304Â 886,1.0
959379,201900000910,9,20,06:27,3,1,1,1.0,2.0,13019,A51-Sens Marseille vers Aix en Provence,M,"43,4262400","5,3799600",13,2019,90.0,1.0,1.0,1.0,2144162,1.0,1,3,1,1.0,,-1.0,0,1986.0,B01,138Â 304Â 887,2.0,6.0,-1.0,1637322,1.0,33,,14.0,0.0,1.0,B01,138Â 304Â 887,1.0
959380,201900000911,9,19,11:55,1,1,1,1.0,3.0,83137,A50,M,"43,1250600","5,9062500",83,2019,90.0,1.0,1.0,1.0,2144163,1.0,1,1,1,5.0,,-1.0, -1,1945.0,A01,138Â 304Â 884,1.0,0.0,-1.0,1637323,2.0,7,,0.0,2.0,7.0,A01,138Â 304Â 884,1.0
959380,201900000911,9,19,11:55,1,1,1,1.0,3.0,83137,A50,M,"43,1250600","5,9062500",83,2019,90.0,1.0,1.0,1.0,2144163,1.0,1,1,1,5.0,,-1.0, -1,1945.0,A01,138Â 304Â 884,1.0,0.0,-1.0,1637324,2.0,32,,0.0,2.0,8.0,B01,138Â 304Â 885,1.0
959380,201900000911,9,19,11:55,1,1,1,1.0,3.0,83137,A50,M,"43,1250600","5,9062500",83,2019,90.0,1.0,1.0,1.0,2144164,1.0,1,3,1,9.0,,-1.0, -1,1968.0,B01,138Â 304Â 885,2.0,6.0,-1.0,1637323,2.0,7,,0.0,2.0,7.0,A01,138Â 304Â 884,1.0
959380,201900000911,9,19,11:55,1,1,1,1.0,3.0,83137,A50,M,"43,1250600","5,9062500",83,2019,90.0,1.0,1.0,1.0,2144164,1.0,1,3,1,9.0,,-1.0, -1,1968.0,B01,138Â 304Â 885,2.0,6.0,-1.0,1637324,2.0,32,,0.0,2.0,8.0,B01,138Â 304Â 885,1.0
959381,201900000912,9,19,08:45,1,1,1,1.0,2.0,69275,RN346   29.300 A 34.350,M,"45,7668600","4,9848500",69,2019,90.0,1.0,1.0,2.0,2144165,1.0,1,1,1,1.0,,-1.0, -1,1991.0,A01,138Â 304Â 882,1.0,8.0,-1.0,1637325,1.0,7,,0.0,2.0,1.0,A01,138Â 304Â 882,0.0
959381,201900000912,9,19,08:45,1,1,1,1.0,2.0,69275,RN346   29.300 A 34.350,M,"45,7668600","4,9848500",69,2019,90.0,1.0,1.0,2.0,2144165,1.0,1,1,1,1.0,,-1.0, -1,1991.0,A01,138Â 304Â 882,1.0,8.0,-1.0,1637326,1.0,10,,0.0,2.0,4.0,B01,138Â 304Â 883,0.0
959381,201900000912,9,19,08:45,1,1,1,1.0,2.0,69275,RN346   29.300 A 34.350,M,"45,7668600","4,9848500",69,2019,90.0,1.0,1.0,2.0,2144166,2.0,2,1,1,5.0,,-1.0,0,1991.0,B01,138Â 304Â 883,1.0,8.0,-1.0,1637325,1.0,7,,0.0,2.0,1.0,A01,138Â 304Â 882,0.0
959381,201900000912,9,19,08:45,1,1,1,1.0,2.0,69275,RN346   29.300 A 34.350,M,"45,7668600","4,9848500",69,2019,90.0,1.0,1.0,2.0,2144166,2.0,2,1,1,5.0,,-1.0,0,1991.0,B01,138Â 304Â 883,1.0,8.0,-1.0,1637326,1.0,10,,0.0,2.0,4.0,B01,138Â 304Â 883,0.0
959381,201900000912,9,19,08:45,1,1,1,1.0,2.0,69275,RN346   29.300 A 34.350,M,"45,7668600","4,9848500",69,2019,90.0,1.0,1.0,2.0,2144167,1.0,1,4,1,4.0,,-1.0,0,1989.0,B01,138Â 304Â 883,1.0,8.0,-1.0,1637325,1.0,7,,0.0,2.0,1.0,A01,138Â 304Â 882,0.0
959381,201900000912,9,19,08:45,1,1,1,1.0,2.0,69275,RN346   29.300 A 34.350,M,"45,7668600","4,9848500",69,2019,90.0,1.0,1.0,2.0,2144167,1.0,1,4,1,4.0,,-1.0,0,1989.0,B01,138Â 304Â 883,1.0,8.0,-1.0,1637326,1.0,10,,0.0,2.0,4.0,B01,138Â 304Â 883,0.0