Unnamed: 0_x,num_acc,mois,jour,hrmn,lum,agg,int,atm,col,com,adr,gps,lat,long,dep,annee,vma,situ,surf,catr,Unnamed: 0_y,place,catu,grav,sexe,trajet,secu,locp,actp,an_nais,num_veh_x,id_vehicule_x,secu1,secu2,secu3,Unnamed: 0,senc,catv,occutc,obs,obsm,choc,num_veh_y,id_vehicule_y,motor
959382,201900000913,9,20,07:30,1,1,1,1.0,3.0,33249,ROCADE A 630,M,"44,8846500"," -0,5157800",33,2019,90.0,1.0,1.0,1.0,2144168,1.0,1,1,1,0.0,,-1.0, -1,1979.0,B01,138Â 304Â 880,1.0,8.0,-1.0,1637327,2.0,7,,0.0,2.0,8.0,B01,138Â 304Â 880,1.0
959382,201900000913,9,20,07:30,1,1,1,1.0,3.0,33249,ROCADE A 630,M,"44,8846500"," -0,5157800",33,2019,90.0,1.0,1.0,1.0,2144168,1.0,1,1,1,0.0,,-1.0, -1,1979.0,B01,138Â 304Â 880,1.0,8.0,-1.0,1637328,2.0,33,,0.0,2.0,7.0,A01,138Â 304Â 881,1.0
959382,201900000913,9,20,07:30,1,1,1,1.0,3.0,33249,ROCADE A 630,M,"44,8846500"," -0,5157800",33,2019,90.0,1.0,1.0,1.0,2144169,1.0,1,4,1,0.0,,-1.0, -1,1997.0,A01,138Â 304Â 881,2.0,6.0,-1.0,1637327,2.0,7,,0.0,2.0,8.0,B01,138Â 304Â 880,1.0
959382,201900000913,9,20,07:30,1,1,1,1.0,3.0,33249,ROCADE A 630,M,"44,8846500"," -0,5157800",33,2019,90.0,1.0,1.0,1.0,2144169,1.0,1,4,1,0.0,,-1.0, -1,1997.0,A01,138Â 304Â 881,2.0,6.0,-1.0,1637328,2.0,33,,0.0,2.0,7.0,A01,138Â 304Â 881,1.0
959383,201900000914,9,20,07:40,2,1,1,1.0,3.0,33167,ROUTE NATIONALE 230,M,"44,8260900"," -0,5093100",33,2019,90.0,1.0,1.0,2.0,2144170,1.0,1,1,1,4.0,,-1.0, -1,1997.0,A01,138Â 304Â 878,1.0,8.0,-1.0,1637329,2.0,10,,0.0,2.0,8.0,A01,138Â 304Â 878,1.0
959383,201900000914,9,20,07:40,2,1,1,1.0,3.0,33167,ROUTE NATIONALE 230,M,"44,8260900"," -0,5093100",33,2019,90.0,1.0,1.0,2.0,2144170,1.0,1,1,1,4.0,,-1.0, -1,1997.0,A01,138Â 304Â 878,1.0,8.0,-1.0,1637330,2.0,33,,0.0,2.0,7.0,B01,138Â 304Â 879,0.0
959383,201900000914,9,20,07:40,2,1,1,1.0,3.0,33167,ROUTE NATIONALE 230,M,"44,8260900"," -0,5093100",33,2019,90.0,1.0,1.0,2.0,2144171,2.0,2,4,2,1.0,,0.0, -1,1969.0,B01,138Â 304Â 879,2.0,6.0,-1.0,1637329,2.0,10,,0.0,2.0,8.0,A01,138Â 304Â 878,1.0
959383,201900000914,9,20,07:40,2,1,1,1.0,3.0,33167,ROUTE NATIONALE 230,M,"44,8260900"," -0,5093100",33,2019,90.0,1.0,1.0,2.0,2144171,2.0,2,4,2,1.0,,0.0, -1,1969.0,B01,138Â 304Â 879,2.0,6.0,-1.0,1637330,2.0,33,,0.0,2.0,7.0,B01,138Â 304Â 879,0.0
959383,201900000914,9,20,07:40,2,1,1,1.0,3.0,33167,ROUTE NATIONALE 230,M,"44,8260900"," -0,5093100",33,2019,90.0,1.0,1.0,2.0,2144172,1.0,1,1,1,1.0,,-1.0, -1,1969.0,B01,138Â 304Â 879,2.0,6.0,-1.0,1637329,2.0,10,,0.0,2.0,8.0,A01,138Â 304Â 878,1.0
959383,201900000914,9,20,07:40,2,1,1,1.0,3.0,33167,ROUTE NATIONALE 230,M,"44,8260900"," -0,5093100",33,2019,90.0,1.0,1.0,2.0,2144172,1.0,1,1,1,1.0,,-1.0, -1,1969.0,B01,138Â 304Â 879,2.0,6.0,-1.0,1637330,2.0,33,,0.0,2.0,7.0,B01,138Â 304Â 879,0.0
959384,201900000915,9,20,07:27,1,1,1,1.0,3.0,91086,RN 104,M,"48,6237300","2,3848000",91,2019,110.0,1.0,1.0,2.0,2144173,1.0,1,4,1,1.0,,0.0,0,1972.0,B01,138Â 304Â 876,1.0,0.0,-1.0,1637331,1.0,7,,0.0,2.0,3.0,B01,138Â 304Â 876,1.0
959384,201900000915,9,20,07:27,1,1,1,1.0,3.0,91086,RN 104,M,"48,6237300","2,3848000",91,2019,110.0,1.0,1.0,2.0,2144173,1.0,1,4,1,1.0,,0.0,0,1972.0,B01,138Â 304Â 876,1.0,0.0,-1.0,1637332,1.0,7,,0.0,2.0,2.0,A01,138Â 304Â 877,1.0
959384,201900000915,9,20,07:27,1,1,1,1.0,3.0,91086,RN 104,M,"48,6237300","2,3848000",91,2019,110.0,1.0,1.0,2.0,2144174,1.0,1,4,1,1.0,,0.0,0,1980.0,A01,138Â 304Â 877,1.0,0.0,-1.0,1637331,1.0,7,,0.0,2.0,3.0,B01,138Â 304Â 876,1.0
959384,201900000915,9,20,07:27,1,1,1,1.0,3.0,91086,RN 104,M,"48,6237300","2,3848000",91,2019,110.0,1.0,1.0,2.0,2144174,1.0,1,4,1,1.0,,0.0,0,1980.0,A01,138Â 304Â 877,1.0,0.0,-1.0,1637332,1.0,7,,0.0,2.0,2.0,A01,138Â 304Â 877,1.0
959385,201900000916,9,20,07:30,3,1,1,2.0,2.0,92002,AUTOROUTE A10,M,"48,7301720","2,3079170",92,2019,90.0,1.0,1.0,1.0,2144175,1.0,1,1,1,1.0,,-1.0,0,1973.0,B01,138Â 304Â 874,1.0,0.0,-1.0,1637333,1.0,10,,0.0,2.0,4.0,B01,138Â 304Â 874,1.0
959385,201900000916,9,20,07:30,3,1,1,2.0,2.0,92002,AUTOROUTE A10,M,"48,7301720","2,3079170",92,2019,90.0,1.0,1.0,1.0,2144175,1.0,1,1,1,1.0,,-1.0,0,1973.0,B01,138Â 304Â 874,1.0,0.0,-1.0,1637334,1.0,33,,0.0,2.0,1.0,A01,138Â 304Â 875,1.0
959385,201900000916,9,20,07:30,3,1,1,2.0,2.0,92002,AUTOROUTE A10,M,"48,7301720","2,3079170",92,2019,90.0,1.0,1.0,1.0,2144176,1.0,1,4,1,1.0,,-1.0,0,1996.0,A01,138Â 304Â 875,2.0,0.0,-1.0,1637333,1.0,10,,0.0,2.0,4.0,B01,138Â 304Â 874,1.0
959385,201900000916,9,20,07:30,3,1,1,2.0,2.0,92002,AUTOROUTE A10,M,"48,7301720","2,3079170",92,2019,90.0,1.0,1.0,1.0,2144176,1.0,1,4,1,1.0,,-1.0,0,1996.0,A01,138Â 304Â 875,2.0,0.0,-1.0,1637334,1.0,33,,0.0,2.0,1.0,A01,138Â 304Â 875,1.0
959386,201900000917,9,20,05:00,3,1,1,1.0,2.0,91228,AUTOROUTE A6,M,"48,6186500","2,4271600",91,2019,70.0,1.0,1.0,1.0,2144177,1.0,1,4,1,9.0,,0.0,0,1966.0,B01,138Â 304Â 872,1.0,0.0,-1.0,1637335,2.0,7,,0.0,2.0,2.0,B01,138Â 304Â 872,1.0
959386,201900000917,9,20,05:00,3,1,1,1.0,2.0,91228,AUTOROUTE A6,M,"48,6186500","2,4271600",91,2019,70.0,1.0,1.0,1.0,2144177,1.0,1,4,1,9.0,,0.0,0,1966.0,B01,138Â 304Â 872,1.0,0.0,-1.0,1637336,2.0,7,,0.0,2.0,4.0,A01,138Â 304Â 873,1.0
959386,201900000917,9,20,05:00,3,1,1,1.0,2.0,91228,AUTOROUTE A6,M,"48,6186500","2,4271600",91,2019,70.0,1.0,1.0,1.0,2144178,1.0,1,4,1,9.0,,0.0,0,1975.0,A01,138Â 304Â 873,8.0,0.0,-1.0,1637335,2.0,7,,0.0,2.0,2.0,B01,138Â 304Â 872,1.0
959386,201900000917,9,20,05:00,3,1,1,1.0,2.0,91228,AUTOROUTE A6,M,"48,6186500","2,4271600",91,2019,70.0,1.0,1.0,1.0,2144178,1.0,1,4,1,9.0,,0.0,0,1975.0,A01,138Â 304Â 873,8.0,0.0,-1.0,1637336,2.0,7,,0.0,2.0,4.0,A01,138Â 304Â 873,1.0
959387,201900000918,9,20,14:11,1,1,1,1.0,3.0,92048,N118,M,"48,7956000","2,2179000",92,2019,90.0,1.0,1.0,2.0,2144179,1.0,1,1,1,0.0,,-1.0,0,1992.0,B01,138Â 304Â 870,1.0,8.0,-1.0,1637337,1.0,7,,4.0,2.0,2.0,B01,138Â 304Â 870,1.0
959387,201900000918,9,20,14:11,1,1,1,1.0,3.0,92048,N118,M,"48,7956000","2,2179000",92,2019,90.0,1.0,1.0,2.0,2144179,1.0,1,1,1,0.0,,-1.0,0,1992.0,B01,138Â 304Â 870,1.0,8.0,-1.0,1637338,1.0,7,,4.0,2.0,8.0,A01,138Â 304Â 871,1.0
959387,201900000918,9,20,14:11,1,1,1,1.0,3.0,92048,N118,M,"48,7956000","2,2179000",92,2019,90.0,1.0,1.0,2.0,2144180,1.0,1,4,1,0.0,,-1.0,0,1996.0,A01,138Â 304Â 871,1.0,8.0,-1.0,1637337,1.0,7,,4.0,2.0,2.0,B01,138Â 304Â 870,1.0
959387,201900000918,9,20,14:11,1,1,1,1.0,3.0,92048,N118,M,"48,7956000","2,2179000",92,2019,90.0,1.0,1.0,2.0,2144180,1.0,1,4,1,0.0,,-1.0,0,1996.0,A01,138Â 304Â 871,1.0,8.0,-1.0,1637338,1.0,7,,4.0,2.0,8.0,A01,138Â 304Â 871,1.0
959388,201900000919,9,20,07:30,1,1,1,1.0,4.0,78490,RN12 EXT,M,"48,8016060","1,9482390",78,2019,90.0,2.0,1.0,2.0,2144181,1.0,1,1,1,0.0,,-1.0, -1,1984.0,A01,138Â 304Â 867,8.0,0.0,-1.0,1637339,2.0,10,,0.0,2.0,0.0,A01,138Â 304Â 867,1.0
959388,201900000919,9,20,07:30,1,1,1,1.0,4.0,78490,RN12 EXT,M,"48,8016060","1,9482390",78,2019,90.0,2.0,1.0,2.0,2144181,1.0,1,1,1,0.0,,-1.0, -1,1984.0,A01,138Â 304Â 867,8.0,0.0,-1.0,1637340,2.0,33,,0.0,0.0,3.0,B01,138Â 304Â 868,0.0
959388,201900000919,9,20,07:30,1,1,1,1.0,4.0,78490,RN12 EXT,M,"48,8016060","1,9482390",78,2019,90.0,2.0,1.0,2.0,2144181,1.0,1,1,1,0.0,,-1.0, -1,1984.0,A01,138Â 304Â 867,8.0,0.0,-1.0,1637341,2.0,7,,0.0,2.0,3.0,C01,138Â 304Â 869,1.0
959388,201900000919,9,20,07:30,1,1,1,1.0,4.0,78490,RN12 EXT,M,"48,8016060","1,9482390",78,2019,90.0,2.0,1.0,2.0,2144182,1.0,1,4,1,1.0,,-1.0, -1,1978.0,B01,138Â 304Â 868,2.0,0.0,-1.0,1637339,2.0,10,,0.0,2.0,0.0,A01,138Â 304Â 867,1.0
959388,201900000919,9,20,07:30,1,1,1,1.0,4.0,78490,RN12 EXT,M,"48,8016060","1,9482390",78,2019,90.0,2.0,1.0,2.0,2144182,1.0,1,4,1,1.0,,-1.0, -1,1978.0,B01,138Â 304Â 868,2.0,0.0,-1.0,1637340,2.0,33,,0.0,0.0,3.0,B01,138Â 304Â 868,0.0
959388,201900000919,9,20,07:30,1,1,1,1.0,4.0,78490,RN12 EXT,M,"48,8016060","1,9482390",78,2019,90.0,2.0,1.0,2.0,2144182,1.0,1,4,1,1.0,,-1.0, -1,1978.0,B01,138Â 304Â 868,2.0,0.0,-1.0,1637341,2.0,7,,0.0,2.0,3.0,C01,138Â 304Â 869,1.0
959388,201900000919,9,20,07:30,1,1,1,1.0,4.0,78490,RN12 EXT,M,"48,8016060","1,9482390",78,2019,90.0,2.0,1.0,2.0,2144183,1.0,1,1,1,0.0,,-1.0, -1,1976.0,C01,138Â 304Â 869,1.0,0.0,-1.0,1637339,2.0,10,,0.0,2.0,0.0,A01,138Â 304Â 867,1.0
959388,201900000919,9,20,07:30,1,1,1,1.0,4.0,78490,RN12 EXT,M,"48,8016060","1,9482390",78,2019,90.0,2.0,1.0,2.0,2144183,1.0,1,1,1,0.0,,-1.0, -1,1976.0,C01,138Â 304Â 869,1.0,0.0,-1.0,1637340,2.0,33,,0.0,0.0,3.0,B01,138Â 304Â 868,0.0
959388,201900000919,9,20,07:30,1,1,1,1.0,4.0,78490,RN12 EXT,M,"48,8016060","1,9482390",78,2019,90.0,2.0,1.0,2.0,2144183,1.0,1,1,1,0.0,,-1.0, -1,1976.0,C01,138Â 304Â 869,1.0,0.0,-1.0,1637341,2.0,7,,0.0,2.0,3.0,C01,138Â 304Â 869,1.0
959389,201900000920,8,8,18:20,1,1,1,1.0,3.0,46209,D12,M,"44,8538760","1,4053270",46,2019,80.0,1.0,1.0,3.0,2144184,1.0,1,1,1,1.0,,0.0,0,1972.0,A01,138Â 304Â 864,1.0,-1.0,-1.0,1637342,1.0,7,,0.0,2.0,3.0,A01,138Â 304Â 864,1.0
959389,201900000920,8,8,18:20,1,1,1,1.0,3.0,46209,D12,M,"44,8538760","1,4053270",46,2019,80.0,1.0,1.0,3.0,2144184,1.0,1,1,1,1.0,,0.0,0,1972.0,A01,138Â 304Â 864,1.0,-1.0,-1.0,1637343,2.0,7,,13.0,2.0,6.0,B01,138Â 304Â 865,1.0
959389,201900000920,8,8,18:20,1,1,1,1.0,3.0,46209,D12,M,"44,8538760","1,4053270",46,2019,80.0,1.0,1.0,3.0,2144185,1.0,1,1,1,5.0,,0.0,0,1952.0,B01,138Â 304Â 865,1.0,-1.0,-1.0,1637342,1.0,7,,0.0,2.0,3.0,A01,138Â 304Â 864,1.0
959389,201900000920,8,8,18:20,1,1,1,1.0,3.0,46209,D12,M,"44,8538760","1,4053270",46,2019,80.0,1.0,1.0,3.0,2144185,1.0,1,1,1,5.0,,0.0,0,1952.0,B01,138Â 304Â 865,1.0,-1.0,-1.0,1637343,2.0,7,,13.0,2.0,6.0,B01,138Â 304Â 865,1.0
959389,201900000920,8,8,18:20,1,1,1,1.0,3.0,46209,D12,M,"44,8538760","1,4053270",46,2019,80.0,1.0,1.0,3.0,2144186,4.0,2,4,2,5.0,,0.0,0,2006.0,B01,138Â 304Â 865,1.0,-1.0,-1.0,1637342,1.0,7,,0.0,2.0,3.0,A01,138Â 304Â 864,1.0
959389,201900000920,8,8,18:20,1,1,1,1.0,3.0,46209,D12,M,"44,8538760","1,4053270",46,2019,80.0,1.0,1.0,3.0,2144186,4.0,2,4,2,5.0,,0.0,0,2006.0,B01,138Â 304Â 865,1.0,-1.0,-1.0,1637343,2.0,7,,13.0,2.0,6.0,B01,138Â 304Â 865,1.0
959389,201900000920,8,8,18:20,1,1,1,1.0,3.0,46209,D12,M,"44,8538760","1,4053270",46,2019,80.0,1.0,1.0,3.0,2144187,2.0,2,1,2,5.0,,0.0,0,1959.0,B01,138Â 304Â 865,1.0,-1.0,-1.0,1637342,1.0,7,,0.0,2.0,3.0,A01,138Â 304Â 864,1.0
959389,201900000920,8,8,18:20,1,1,1,1.0,3.0,46209,D12,M,"44,8538760","1,4053270",46,2019,80.0,1.0,1.0,3.0,2144187,2.0,2,1,2,5.0,,0.0,0,1959.0,B01,138Â 304Â 865,1.0,-1.0,-1.0,1637343,2.0,7,,13.0,2.0,6.0,B01,138Â 304Â 865,1.0
959390,201900000921,12,11,17:50,5,2,1,2.0,6.0,57463,PAIXHANS (BOULEVARD ),M,"49,1222500","6,1827200",57,2019,-1.0,-1.0,-1.0,4.0,2144188,1.0,1,1,1,-1.0,,0.0,0,1989.0,B01,138Â 304Â 863,8.0,-1.0,-1.0,1637344,-1.0,32,,-1.0,-1.0,-1.0,B01,138Â 304Â 863,-1.0
959390,201900000921,12,11,17:50,5,2,1,2.0,6.0,57463,PAIXHANS (BOULEVARD ),M,"49,1222500","6,1827200",57,2019,-1.0,-1.0,-1.0,4.0,2144189,10.0,3,3,2,0.0,,9.0,3,2008.0,B01,138Â 304Â 863,0.0,-1.0,-1.0,1637344,-1.0,32,,-1.0,-1.0,-1.0,B01,138Â 304Â 863,-1.0
959391,201900000922,4,12,20:38,5,1,4,1.0,1.0,38544,CD 41,M,"45,5265000","4,8818000",38,2019,70.0,1.0,1.0,3.0,2144190,1.0,1,4,1,1.0,,0.0,0,1970.0,B01,138Â 304Â 861,1.0,5.0,-1.0,1637345,1.0,7,,0.0,2.0,1.0,B01,138Â 304Â 861,1.0
959391,201900000922,4,12,20:38,5,1,4,1.0,1.0,38544,CD 41,M,"45,5265000","4,8818000",38,2019,70.0,1.0,1.0,3.0,2144190,1.0,1,4,1,1.0,,0.0,0,1970.0,B01,138Â 304Â 861,1.0,5.0,-1.0,1637346,3.0,7,,0.0,2.0,1.0,A01,138Â 304Â 862,1.0
959391,201900000922,4,12,20:38,5,1,4,1.0,1.0,38544,CD 41,M,"45,5265000","4,8818000",38,2019,70.0,1.0,1.0,3.0,2144191,1.0,1,1,1,5.0,,0.0,0,1999.0,A01,138Â 304Â 862,1.0,5.0,-1.0,1637345,1.0,7,,0.0,2.0,1.0,B01,138Â 304Â 861,1.0
959391,201900000922,4,12,20:38,5,1,4,1.0,1.0,38544,CD 41,M,"45,5265000","4,8818000",38,2019,70.0,1.0,1.0,3.0,2144191,1.0,1,1,1,5.0,,0.0,0,1999.0,A01,138Â 304Â 862,1.0,5.0,-1.0,1637346,3.0,7,,0.0,2.0,1.0,A01,138Â 304Â 862,1.0
959391,201900000922,4,12,20:38,5,1,4,1.0,1.0,38544,CD 41,M,"45,5265000","4,8818000",38,2019,70.0,1.0,1.0,3.0,2144192,3.0,2,1,1,5.0,,0.0,0,1988.0,A01,138Â 304Â 862,1.0,0.0,-1.0,1637345,1.0,7,,0.0,2.0,1.0,B01,138Â 304Â 861,1.0
959391,201900000922,4,12,20:38,5,1,4,1.0,1.0,38544,CD 41,M,"45,5265000","4,8818000",38,2019,70.0,1.0,1.0,3.0,2144192,3.0,2,1,1,5.0,,0.0,0,1988.0,A01,138Â 304Â 862,1.0,0.0,-1.0,1637346,3.0,7,,0.0,2.0,1.0,A01,138Â 304Â 862,1.0
959391,201900000922,4,12,20:38,5,1,4,1.0,1.0,38544,CD 41,M,"45,5265000","4,8818000",38,2019,70.0,1.0,1.0,3.0,2144193,2.0,2,4,1,5.0,,0.0,0,1991.0,A01,138Â 304Â 862,1.0,0.0,-1.0,1637345,1.0,7,,0.0,2.0,1.0,B01,138Â 304Â 861,1.0
959391,201900000922,4,12,20:38,5,1,4,1.0,1.0,38544,CD 41,M,"45,5265000","4,8818000",38,2019,70.0,1.0,1.0,3.0,2144193,2.0,2,4,1,5.0,,0.0,0,1991.0,A01,138Â 304Â 862,1.0,0.0,-1.0,1637346,3.0,7,,0.0,2.0,1.0,A01,138Â 304Â 862,1.0
959392,201900000923,9,10,07:30,1,2,9,1.0,3.0,93005,JULES PRINCET [CD115] (RUE),M,"48,9353450","2,4931380",93,2019,50.0,1.0,1.0,3.0,2144194,1.0,1,1,1,1.0,,-1.0, -1,1977.0,B01,138Â 304Â 859,8.0,0.0,-1.0,1637347,2.0,7,,0.0,2.0,1.0,B01,138Â 304Â 859,1.0
959392,201900000923,9,10,07:30,1,2,9,1.0,3.0,93005,JULES PRINCET [CD115] (RUE),M,"48,9353450","2,4931380",93,2019,50.0,1.0,1.0,3.0,2144194,1.0,1,1,1,1.0,,-1.0, -1,1977.0,B01,138Â 304Â 859,8.0,0.0,-1.0,1637348,1.0,31,,0.0,2.0,7.0,A01,138Â 304Â 860,1.0
959392,201900000923,9,10,07:30,1,2,9,1.0,3.0,93005,JULES PRINCET [CD115] (RUE),M,"48,9353450","2,4931380",93,2019,50.0,1.0,1.0,3.0,2144195,1.0,1,4,1,1.0,,-1.0, -1,1993.0,A01,138Â 304Â 860,2.0,0.0,-1.0,1637347,2.0,7,,0.0,2.0,1.0,B01,138Â 304Â 859,1.0
959392,201900000923,9,10,07:30,1,2,9,1.0,3.0,93005,JULES PRINCET [CD115] (RUE),M,"48,9353450","2,4931380",93,2019,50.0,1.0,1.0,3.0,2144195,1.0,1,4,1,1.0,,-1.0, -1,1993.0,A01,138Â 304Â 860,2.0,0.0,-1.0,1637348,1.0,31,,0.0,2.0,7.0,A01,138Â 304Â 860,1.0
959393,201900000924,8,14,08:45,1,1,1,1.0,4.0,93005,JEAN MONET (CARREFOUR),M,"48,9540606","2,5090767",93,2019,90.0,1.0,1.0,3.0,2144196,1.0,1,1,1,0.0,,-1.0, -1,1970.0,D01,138Â 304Â 855,1.0,0.0,-1.0,1637349,0.0,17,,0.0,2.0,4.0,D01,138Â 304Â 855,0.0
959393,201900000924,8,14,08:45,1,1,1,1.0,4.0,93005,JEAN MONET (CARREFOUR),M,"48,9540606","2,5090767",93,2019,90.0,1.0,1.0,3.0,2144196,1.0,1,1,1,0.0,,-1.0, -1,1970.0,D01,138Â 304Â 855,1.0,0.0,-1.0,1637350,0.0,7,,0.0,2.0,4.0,C01,138Â 304Â 856,0.0
959393,201900000924,8,14,08:45,1,1,1,1.0,4.0,93005,JEAN MONET (CARREFOUR),M,"48,9540606","2,5090767",93,2019,90.0,1.0,1.0,3.0,2144196,1.0,1,1,1,0.0,,-1.0, -1,1970.0,D01,138Â 304Â 855,1.0,0.0,-1.0,1637351,3.0,7,,0.0,2.0,4.0,B01,138Â 304Â 857,0.0
959393,201900000924,8,14,08:45,1,1,1,1.0,4.0,93005,JEAN MONET (CARREFOUR),M,"48,9540606","2,5090767",93,2019,90.0,1.0,1.0,3.0,2144196,1.0,1,1,1,0.0,,-1.0, -1,1970.0,D01,138Â 304Â 855,1.0,0.0,-1.0,1637352,3.0,99,,0.0,2.0,1.0,A01,138Â 304Â 858,0.0
959393,201900000924,8,14,08:45,1,1,1,1.0,4.0,93005,JEAN MONET (CARREFOUR),M,"48,9540606","2,5090767",93,2019,90.0,1.0,1.0,3.0,2144197,1.0,1,1,1,0.0,,-1.0, -1,1998.0,C01,138Â 304Â 856,1.0,8.0,-1.0,1637349,0.0,17,,0.0,2.0,4.0,D01,138Â 304Â 855,0.0
959393,201900000924,8,14,08:45,1,1,1,1.0,4.0,93005,JEAN MONET (CARREFOUR),M,"48,9540606","2,5090767",93,2019,90.0,1.0,1.0,3.0,2144197,1.0,1,1,1,0.0,,-1.0, -1,1998.0,C01,138Â 304Â 856,1.0,8.0,-1.0,1637350,0.0,7,,0.0,2.0,4.0,C01,138Â 304Â 856,0.0
959393,201900000924,8,14,08:45,1,1,1,1.0,4.0,93005,JEAN MONET (CARREFOUR),M,"48,9540606","2,5090767",93,2019,90.0,1.0,1.0,3.0,2144197,1.0,1,1,1,0.0,,-1.0, -1,1998.0,C01,138Â 304Â 856,1.0,8.0,-1.0,1637351,3.0,7,,0.0,2.0,4.0,B01,138Â 304Â 857,0.0
959393,201900000924,8,14,08:45,1,1,1,1.0,4.0,93005,JEAN MONET (CARREFOUR),M,"48,9540606","2,5090767",93,2019,90.0,1.0,1.0,3.0,2144197,1.0,1,1,1,0.0,,-1.0, -1,1998.0,C01,138Â 304Â 856,1.0,8.0,-1.0,1637352,3.0,99,,0.0,2.0,1.0,A01,138Â 304Â 858,0.0
959393,201900000924,8,14,08:45,1,1,1,1.0,4.0,93005,JEAN MONET (CARREFOUR),M,"48,9540606","2,5090767",93,2019,90.0,1.0,1.0,3.0,2144198,1.0,1,4,1,0.0,,-1.0, -1,1964.0,B01,138Â 304Â 857,1.0,8.0,-1.0,1637349,0.0,17,,0.0,2.0,4.0,D01,138Â 304Â 855,0.0
959393,201900000924,8,14,08:45,1,1,1,1.0,4.0,93005,JEAN MONET (CARREFOUR),M,"48,9540606","2,5090767",93,2019,90.0,1.0,1.0,3.0,2144198,1.0,1,4,1,0.0,,-1.0, -1,1964.0,B01,138Â 304Â 857,1.0,8.0,-1.0,1637350,0.0,7,,0.0,2.0,4.0,C01,138Â 304Â 856,0.0
959393,201900000924,8,14,08:45,1,1,1,1.0,4.0,93005,JEAN MONET (CARREFOUR),M,"48,9540606","2,5090767",93,2019,90.0,1.0,1.0,3.0,2144198,1.0,1,4,1,0.0,,-1.0, -1,1964.0,B01,138Â 304Â 857,1.0,8.0,-1.0,1637351,3.0,7,,0.0,2.0,4.0,B01,138Â 304Â 857,0.0
959393,201900000924,8,14,08:45,1,1,1,1.0,4.0,93005,JEAN MONET (CARREFOUR),M,"48,9540606","2,5090767",93,2019,90.0,1.0,1.0,3.0,2144198,1.0,1,4,1,0.0,,-1.0, -1,1964.0,B01,138Â 304Â 857,1.0,8.0,-1.0,1637352,3.0,99,,0.0,2.0,1.0,A01,138Â 304Â 858,0.0
959393,201900000924,8,14,08:45,1,1,1,1.0,4.0,93005,JEAN MONET (CARREFOUR),M,"48,9540606","2,5090767",93,2019,90.0,1.0,1.0,3.0,2144199,1.0,1,1,1,0.0,,-1.0, -1,2000.0,A01,138Â 304Â 858,1.0,8.0,-1.0,1637349,0.0,17,,0.0,2.0,4.0,D01,138Â 304Â 855,0.0
959393,201900000924,8,14,08:45,1,1,1,1.0,4.0,93005,JEAN MONET (CARREFOUR),M,"48,9540606","2,5090767",93,2019,90.0,1.0,1.0,3.0,2144199,1.0,1,1,1,0.0,,-1.0, -1,2000.0,A01,138Â 304Â 858,1.0,8.0,-1.0,1637350,0.0,7,,0.0,2.0,4.0,C01,138Â 304Â 856,0.0
959393,201900000924,8,14,08:45,1,1,1,1.0,4.0,93005,JEAN MONET (CARREFOUR),M,"48,9540606","2,5090767",93,2019,90.0,1.0,1.0,3.0,2144199,1.0,1,1,1,0.0,,-1.0, -1,2000.0,A01,138Â 304Â 858,1.0,8.0,-1.0,1637351,3.0,7,,0.0,2.0,4.0,B01,138Â 304Â 857,0.0
959393,201900000924,8,14,08:45,1,1,1,1.0,4.0,93005,JEAN MONET (CARREFOUR),M,"48,9540606","2,5090767",93,2019,90.0,1.0,1.0,3.0,2144199,1.0,1,1,1,0.0,,-1.0, -1,2000.0,A01,138Â 304Â 858,1.0,8.0,-1.0,1637352,3.0,99,,0.0,2.0,1.0,A01,138Â 304Â 858,0.0
959394,201900000925,12,21,17:55,5,2,1,2.0,3.0,14366,HENRY CHERON (RUE),M,"49,1460673","0,2276082",14,2019,30.0,1.0,2.0,4.0,2144200,1.0,1,1,1,5.0,,-1.0,0,1989.0,A01,138Â 304Â 853,1.0,8.0,-1.0,1637353,3.0,7,,0.0,2.0,3.0,A01,138Â 304Â 853,1.0
959394,201900000925,12,21,17:55,5,2,1,2.0,3.0,14366,HENRY CHERON (RUE),M,"49,1460673","0,2276082",14,2019,30.0,1.0,2.0,4.0,2144200,1.0,1,1,1,5.0,,-1.0,0,1989.0,A01,138Â 304Â 853,1.0,8.0,-1.0,1637354,3.0,2,,0.0,2.0,1.0,B01,138Â 304Â 854,1.0
959394,201900000925,12,21,17:55,5,2,1,2.0,3.0,14366,HENRY CHERON (RUE),M,"49,1460673","0,2276082",14,2019,30.0,1.0,2.0,4.0,2144201,1.0,1,4,1,5.0,,0.0,0,2005.0,B01,138Â 304Â 854,2.0,0.0,-1.0,1637353,3.0,7,,0.0,2.0,3.0,A01,138Â 304Â 853,1.0
959394,201900000925,12,21,17:55,5,2,1,2.0,3.0,14366,HENRY CHERON (RUE),M,"49,1460673","0,2276082",14,2019,30.0,1.0,2.0,4.0,2144201,1.0,1,4,1,5.0,,0.0,0,2005.0,B01,138Â 304Â 854,2.0,0.0,-1.0,1637354,3.0,2,,0.0,2.0,1.0,B01,138Â 304Â 854,1.0
959395,201900000926,9,1,07:00,5,2,1,1.0,6.0,75110,BOULEVARD DE STRASBOURG,M,"48,8734560","2,3566320",75,2019,50.0,1.0,1.0,4.0,2144202,1.0,1,4,1,9.0,,0.0,0,1972.0,A01,138Â 304Â 852,2.0,6.0,-1.0,1637355,1.0,33,,11.0,0.0,1.0,A01,138Â 304Â 852,1.0