Unnamed: 0_x,num_acc,mois,jour,hrmn,lum,agg,int,atm,col,com,adr,gps,lat,long,dep,annee,vma,situ,surf,catr,Unnamed: 0_y,place,catu,grav,sexe,trajet,secu,locp,actp,an_nais,num_veh_x,id_vehicule_x,secu1,secu2,secu3,Unnamed: 0,senc,catv,occutc,obs,obsm,choc,num_veh_y,id_vehicule_y,motor
959396,201900000927,12,12,07:25,3,1,1,2.0,6.0,35333,D173,M,"47,9154560"," -1,4096440",35,2019,110.0,1.0,2.0,3.0,2144203,1.0,1,3,1,1.0,,0.0,0,1965.0,A01,138Â 304Â 851,8.0,-1.0,-1.0,1637356,2.0,7,,3.0,0.0,2.0,A01,138Â 304Â 851,1.0
959397,201900000928,8,10,09:16,1,1,1,1.0,6.0,36044,177 AVENUE D'ARGENTON,M,"46,7981793","1,6683742",36,2019,50.0,4.0,1.0,4.0,2144204,1.0,1,4,1,5.0,,0.0,0,1999.0,A01,138Â 304Â 850,-1.0,-1.0,-1.0,1637357,2.0,2,,12.0,0.0,7.0,A01,138Â 304Â 850,1.0
959398,201900000929,12,21,15:45,1,2,3,1.0,3.0,84141,Rue Rainoardi,M,"43,9731305","4,9045101",84,2019,70.0,1.0,1.0,9.0,2144205,1.0,1,1,1,5.0,,0.0,0,1954.0,B01,138Â 304Â 848,0.0,-1.0,-1.0,1637358,3.0,21,,0.0,0.0,8.0,B01,138Â 304Â 848,1.0
959398,201900000929,12,21,15:45,1,2,3,1.0,3.0,84141,Rue Rainoardi,M,"43,9731305","4,9045101",84,2019,70.0,1.0,1.0,9.0,2144205,1.0,1,1,1,5.0,,0.0,0,1954.0,B01,138Â 304Â 848,0.0,-1.0,-1.0,1637359,3.0,33,,0.0,2.0,1.0,A01,138Â 304Â 849,1.0
959398,201900000929,12,21,15:45,1,2,3,1.0,3.0,84141,Rue Rainoardi,M,"43,9731305","4,9045101",84,2019,70.0,1.0,1.0,9.0,2144206,2.0,2,2,2,5.0,,0.0,0,1996.0,A01,138Â 304Â 849,2.0,-1.0,-1.0,1637358,3.0,21,,0.0,0.0,8.0,B01,138Â 304Â 848,1.0
959398,201900000929,12,21,15:45,1,2,3,1.0,3.0,84141,Rue Rainoardi,M,"43,9731305","4,9045101",84,2019,70.0,1.0,1.0,9.0,2144206,2.0,2,2,2,5.0,,0.0,0,1996.0,A01,138Â 304Â 849,2.0,-1.0,-1.0,1637359,3.0,33,,0.0,2.0,1.0,A01,138Â 304Â 849,1.0
959398,201900000929,12,21,15:45,1,2,3,1.0,3.0,84141,Rue Rainoardi,M,"43,9731305","4,9045101",84,2019,70.0,1.0,1.0,9.0,2144207,1.0,1,1,1,5.0,,0.0,0,1998.0,A01,138Â 304Â 849,2.0,-1.0,-1.0,1637358,3.0,21,,0.0,0.0,8.0,B01,138Â 304Â 848,1.0
959398,201900000929,12,21,15:45,1,2,3,1.0,3.0,84141,Rue Rainoardi,M,"43,9731305","4,9045101",84,2019,70.0,1.0,1.0,9.0,2144207,1.0,1,1,1,5.0,,0.0,0,1998.0,A01,138Â 304Â 849,2.0,-1.0,-1.0,1637359,3.0,33,,0.0,2.0,1.0,A01,138Â 304Â 849,1.0
959399,201900000930,3,18,16:00,1,1,1,8.0,3.0,36127,AVENUE DE VERDUN,M,"46,5990537","1,9767179",36,2019,70.0,1.0,1.0,3.0,2144208,1.0,1,1,1,1.0,,0.0,0,1996.0,A01,138Â 304Â 846,-1.0,-1.0,-1.0,1637360,2.0,7,,0.0,2.0,3.0,A01,138Â 304Â 846,1.0
959399,201900000930,3,18,16:00,1,1,1,8.0,3.0,36127,AVENUE DE VERDUN,M,"46,5990537","1,9767179",36,2019,70.0,1.0,1.0,3.0,2144208,1.0,1,1,1,1.0,,0.0,0,1996.0,A01,138Â 304Â 846,-1.0,-1.0,-1.0,1637361,1.0,7,,0.0,2.0,8.0,B01,138Â 304Â 847,1.0
959399,201900000930,3,18,16:00,1,1,1,8.0,3.0,36127,AVENUE DE VERDUN,M,"46,5990537","1,9767179",36,2019,70.0,1.0,1.0,3.0,2144209,1.0,1,4,2,9.0,,0.0,0,1977.0,B01,138Â 304Â 847,-1.0,-1.0,-1.0,1637360,2.0,7,,0.0,2.0,3.0,A01,138Â 304Â 846,1.0
959399,201900000930,3,18,16:00,1,1,1,8.0,3.0,36127,AVENUE DE VERDUN,M,"46,5990537","1,9767179",36,2019,70.0,1.0,1.0,3.0,2144209,1.0,1,4,2,9.0,,0.0,0,1977.0,B01,138Â 304Â 847,-1.0,-1.0,-1.0,1637361,1.0,7,,0.0,2.0,8.0,B01,138Â 304Â 847,1.0
959400,201900000931,11,13,12:30,1,2,3,7.0,6.0,01004,8 Allee Alfred Rocheray,M,"45,9590970","5,3445700",1,2019,50.0,1.0,1.0,4.0,2144210,1.0,1,1,2,4.0,,0.0,0,1973.0,A01,138Â 304Â 845,1.0,-1.0,-1.0,1637362,3.0,7,,0.0,1.0,3.0,A01,138Â 304Â 845,1.0
959400,201900000931,11,13,12:30,1,2,3,7.0,6.0,01004,8 Allee Alfred Rocheray,M,"45,9590970","5,3445700",1,2019,50.0,1.0,1.0,4.0,2144211,10.0,3,3,1,5.0,,1.0,1,1940.0,A01,138Â 304Â 845,0.0,-1.0,-1.0,1637362,3.0,7,,0.0,1.0,3.0,A01,138Â 304Â 845,1.0
959401,201900000932,4,14,15:35,1,1,1,1.0,2.0,01089,D77,M,"45,9767900","5,3250990",1,2019,80.0,1.0,1.0,3.0,2144212,1.0,1,1,1,5.0,,0.0,0,1998.0,A01,138Â 304Â 843,1.0,-1.0,-1.0,1637363,2.0,7,,0.0,2.0,6.0,A01,138Â 304Â 843,1.0
959401,201900000932,4,14,15:35,1,1,1,1.0,2.0,01089,D77,M,"45,9767900","5,3250990",1,2019,80.0,1.0,1.0,3.0,2144212,1.0,1,1,1,5.0,,0.0,0,1998.0,A01,138Â 304Â 843,1.0,-1.0,-1.0,1637364,2.0,33,,0.0,2.0,1.0,B01,138Â 304Â 844,1.0
959401,201900000932,4,14,15:35,1,1,1,1.0,2.0,01089,D77,M,"45,9767900","5,3250990",1,2019,80.0,1.0,1.0,3.0,2144213,1.0,1,3,1,5.0,,0.0,0,1996.0,B01,138Â 304Â 844,2.0,6.0,9.0,1637363,2.0,7,,0.0,2.0,6.0,A01,138Â 304Â 843,1.0
959401,201900000932,4,14,15:35,1,1,1,1.0,2.0,01089,D77,M,"45,9767900","5,3250990",1,2019,80.0,1.0,1.0,3.0,2144213,1.0,1,3,1,5.0,,0.0,0,1996.0,B01,138Â 304Â 844,2.0,6.0,9.0,1637364,2.0,33,,0.0,2.0,1.0,B01,138Â 304Â 844,1.0
959402,201900000933,12,22,17:45,3,2,9,2.0,1.0,91600,2 Rue de l'Eglise,M,"48,6457340","2,4505090",91,2019,50.0,1.0,2.0,3.0,2144214,10.0,3,3,1,5.0,,3.0,3,1982.0,B01,138Â 304Â 841,0.0,-1.0,-1.0,1637365,0.0,99,,0.0,2.0,0.0,B01,138Â 304Â 841,5.0
959402,201900000933,12,22,17:45,3,2,9,2.0,1.0,91600,2 Rue de l'Eglise,M,"48,6457340","2,4505090",91,2019,50.0,1.0,2.0,3.0,2144214,10.0,3,3,1,5.0,,3.0,3,1982.0,B01,138Â 304Â 841,0.0,-1.0,-1.0,1637366,1.0,7,,0.0,1.0,1.0,A01,138Â 304Â 842,1.0
959402,201900000933,12,22,17:45,3,2,9,2.0,1.0,91600,2 Rue de l'Eglise,M,"48,6457340","2,4505090",91,2019,50.0,1.0,2.0,3.0,2144215,10.0,3,3,2,5.0,,3.0,3,1984.0,B01,138Â 304Â 841,0.0,-1.0,-1.0,1637365,0.0,99,,0.0,2.0,0.0,B01,138Â 304Â 841,5.0
959402,201900000933,12,22,17:45,3,2,9,2.0,1.0,91600,2 Rue de l'Eglise,M,"48,6457340","2,4505090",91,2019,50.0,1.0,2.0,3.0,2144215,10.0,3,3,2,5.0,,3.0,3,1984.0,B01,138Â 304Â 841,0.0,-1.0,-1.0,1637366,1.0,7,,0.0,1.0,1.0,A01,138Â 304Â 842,1.0
959402,201900000933,12,22,17:45,3,2,9,2.0,1.0,91600,2 Rue de l'Eglise,M,"48,6457340","2,4505090",91,2019,50.0,1.0,2.0,3.0,2144216,1.0,1,1,1,5.0,,0.0,0,2001.0,A01,138Â 304Â 842,1.0,-1.0,-1.0,1637365,0.0,99,,0.0,2.0,0.0,B01,138Â 304Â 841,5.0
959402,201900000933,12,22,17:45,3,2,9,2.0,1.0,91600,2 Rue de l'Eglise,M,"48,6457340","2,4505090",91,2019,50.0,1.0,2.0,3.0,2144216,1.0,1,1,1,5.0,,0.0,0,2001.0,A01,138Â 304Â 842,1.0,-1.0,-1.0,1637366,1.0,7,,0.0,1.0,1.0,A01,138Â 304Â 842,1.0
959403,201900000934,12,1,05:20,3,1,1,3.0,6.0,13088,d568,M,"43,3601240","5,2476850",13,2019,80.0,3.0,2.0,3.0,2144217,9.0,2,3,1,5.0,,0.0,0,1995.0,A01,138Â 304Â 840,0.0,-1.0,-1.0,1637367,2.0,7,,8.0,0.0,2.0,A01,138Â 304Â 840,1.0
959403,201900000934,12,1,05:20,3,1,1,3.0,6.0,13088,d568,M,"43,3601240","5,2476850",13,2019,80.0,3.0,2.0,3.0,2144218,1.0,1,3,1,5.0,,0.0,0,1998.0,A01,138Â 304Â 840,0.0,-1.0,-1.0,1637367,2.0,7,,8.0,0.0,2.0,A01,138Â 304Â 840,1.0
959403,201900000934,12,1,05:20,3,1,1,3.0,6.0,13088,d568,M,"43,3601240","5,2476850",13,2019,80.0,3.0,2.0,3.0,2144219,5.0,2,3,2,5.0,,0.0,0,2001.0,A01,138Â 304Â 840,0.0,-1.0,-1.0,1637367,2.0,7,,8.0,0.0,2.0,A01,138Â 304Â 840,1.0
959404,201900000935,10,8,17:30,1,2,4,2.0,7.0,75115,PLACE ALFRED DREYFUS,M,"48,8469070","2,2931024",75,2019,50.0,1.0,2.0,4.0,2144220,2.0,1,4,2,0.0,,0.0,0,1993.0,A01,138Â 304Â 837,2.0,8.0,-1.0,1637368,3.0,50,,0.0,0.0,0.0,A01,138Â 304Â 837,3.0
959405,201900000936,1,29,15:30,1,2,9,1.0,6.0,92078,GALLIENI (BD) (154 ET 214),M,"48,9327630","2,3325250",92,2019,30.0,1.0,1.0,3.0,2144221,1.0,1,1,1,9.0,,-1.0,0,1979.0,A01,138Â 304Â 836,1.0,8.0,-1.0,1637369,3.0,7,,0.0,1.0,1.0,A01,138Â 304Â 836,0.0
959405,201900000936,1,29,15:30,1,2,9,1.0,6.0,92078,GALLIENI (BD) (154 ET 214),M,"48,9327630","2,3325250",92,2019,30.0,1.0,1.0,3.0,2144222,10.0,3,4,2,2.0,,3.0,3,2005.0,A01,138Â 304Â 836,0.0,-1.0,-1.0,1637369,3.0,7,,0.0,1.0,1.0,A01,138Â 304Â 836,0.0
959406,201900000937,12,26,08:10,2,1,1,1.0,7.0,21056,A31 PR 54+500,M,"47,4078010","5,1805290",21,2019,130.0,1.0,2.0,1.0,2144223,1.0,1,4,1,5.0,,0.0,0,1964.0,A01,138Â 304Â 835,1.0,-1.0,-1.0,1637370,2.0,7,,4.0,0.0,1.0,A01,138Â 304Â 835,1.0
959407,201900000938,12,19,13:10,1,1,1,1.0,7.0,21449,A6,M,"47,4044300","4,3482000",21,2019,130.0,1.0,1.0,1.0,2144224,1.0,1,4,1,4.0,,0.0,0,1977.0,A01,138Â 304Â 834,0.0,-1.0,-1.0,1637371,2.0,17,,3.0,0.0,1.0,A01,138Â 304Â 834,1.0
959408,201900000939,12,30,08:45,1,1,1,1.0,6.0,90071,D34,M,"47,5992600","7,0051270",90,2019,80.0,3.0,1.0,3.0,2144225,1.0,1,3,2,1.0,,0.0,0,1997.0,A01,138Â 304Â 833,1.0,-1.0,-1.0,1637372,1.0,7,,2.0,0.0,3.0,A01,138Â 304Â 833,1.0
959409,201900000940,12,9,07:00,2,2,2,2.0,3.0,21390,89 Route de Beaune,M,"47,2685980","5,0001700",21,2019,-1.0,1.0,2.0,3.0,2144226,1.0,1,3,2,1.0,,0.0,0,1974.0,B01,138Â 304Â 831,1.0,-1.0,-1.0,1637373,1.0,7,,0.0,2.0,8.0,B01,138Â 304Â 831,1.0
959409,201900000940,12,9,07:00,2,2,2,2.0,3.0,21390,89 Route de Beaune,M,"47,2685980","5,0001700",21,2019,-1.0,1.0,2.0,3.0,2144226,1.0,1,3,2,1.0,,0.0,0,1974.0,B01,138Â 304Â 831,1.0,-1.0,-1.0,1637374,0.0,7,,0.0,2.0,1.0,A01,138Â 304Â 832,1.0
959409,201900000940,12,9,07:00,2,2,2,2.0,3.0,21390,89 Route de Beaune,M,"47,2685980","5,0001700",21,2019,-1.0,1.0,2.0,3.0,2144227,1.0,1,4,1,1.0,,0.0,0,1973.0,A01,138Â 304Â 832,1.0,-1.0,-1.0,1637373,1.0,7,,0.0,2.0,8.0,B01,138Â 304Â 831,1.0
959409,201900000940,12,9,07:00,2,2,2,2.0,3.0,21390,89 Route de Beaune,M,"47,2685980","5,0001700",21,2019,-1.0,1.0,2.0,3.0,2144227,1.0,1,4,1,1.0,,0.0,0,1973.0,A01,138Â 304Â 832,1.0,-1.0,-1.0,1637374,0.0,7,,0.0,2.0,1.0,A01,138Â 304Â 832,1.0
959409,201900000940,12,9,07:00,2,2,2,2.0,3.0,21390,89 Route de Beaune,M,"47,2685980","5,0001700",21,2019,-1.0,1.0,2.0,3.0,2144228,7.0,2,1,1,1.0,,0.0,0,1983.0,A01,138Â 304Â 832,1.0,-1.0,-1.0,1637373,1.0,7,,0.0,2.0,8.0,B01,138Â 304Â 831,1.0
959409,201900000940,12,9,07:00,2,2,2,2.0,3.0,21390,89 Route de Beaune,M,"47,2685980","5,0001700",21,2019,-1.0,1.0,2.0,3.0,2144228,7.0,2,1,1,1.0,,0.0,0,1983.0,A01,138Â 304Â 832,1.0,-1.0,-1.0,1637374,0.0,7,,0.0,2.0,1.0,A01,138Â 304Â 832,1.0
959409,201900000940,12,9,07:00,2,2,2,2.0,3.0,21390,89 Route de Beaune,M,"47,2685980","5,0001700",21,2019,-1.0,1.0,2.0,3.0,2144229,2.0,2,1,1,1.0,,0.0,0,1964.0,A01,138Â 304Â 832,1.0,-1.0,-1.0,1637373,1.0,7,,0.0,2.0,8.0,B01,138Â 304Â 831,1.0
959409,201900000940,12,9,07:00,2,2,2,2.0,3.0,21390,89 Route de Beaune,M,"47,2685980","5,0001700",21,2019,-1.0,1.0,2.0,3.0,2144229,2.0,2,1,1,1.0,,0.0,0,1964.0,A01,138Â 304Â 832,1.0,-1.0,-1.0,1637374,0.0,7,,0.0,2.0,1.0,A01,138Â 304Â 832,1.0
959410,201900000941,12,23,11:09,1,2,2,1.0,3.0,21021,92 Route Nationale,M,"47,3480960","5,1810320",21,2019,50.0,1.0,2.0,3.0,2144230,1.0,1,1,2,5.0,,0.0,0,1976.0,B01,138Â 304Â 829,1.0,-1.0,-1.0,1637375,2.0,7,,0.0,2.0,2.0,B01,138Â 304Â 829,1.0
959410,201900000941,12,23,11:09,1,2,2,1.0,3.0,21021,92 Route Nationale,M,"47,3480960","5,1810320",21,2019,50.0,1.0,2.0,3.0,2144230,1.0,1,1,2,5.0,,0.0,0,1976.0,B01,138Â 304Â 829,1.0,-1.0,-1.0,1637376,1.0,7,,0.0,2.0,7.0,A01,138Â 304Â 830,1.0
959410,201900000941,12,23,11:09,1,2,2,1.0,3.0,21021,92 Route Nationale,M,"47,3480960","5,1810320",21,2019,50.0,1.0,2.0,3.0,2144231,1.0,1,1,1,5.0,,0.0,0,1939.0,A01,138Â 304Â 830,1.0,-1.0,-1.0,1637375,2.0,7,,0.0,2.0,2.0,B01,138Â 304Â 829,1.0
959410,201900000941,12,23,11:09,1,2,2,1.0,3.0,21021,92 Route Nationale,M,"47,3480960","5,1810320",21,2019,50.0,1.0,2.0,3.0,2144231,1.0,1,1,1,5.0,,0.0,0,1939.0,A01,138Â 304Â 830,1.0,-1.0,-1.0,1637376,1.0,7,,0.0,2.0,7.0,A01,138Â 304Â 830,1.0
959410,201900000941,12,23,11:09,1,2,2,1.0,3.0,21021,92 Route Nationale,M,"47,3480960","5,1810320",21,2019,50.0,1.0,2.0,3.0,2144232,2.0,2,3,2,5.0,,0.0,0,1950.0,A01,138Â 304Â 830,1.0,-1.0,-1.0,1637375,2.0,7,,0.0,2.0,2.0,B01,138Â 304Â 829,1.0
959410,201900000941,12,23,11:09,1,2,2,1.0,3.0,21021,92 Route Nationale,M,"47,3480960","5,1810320",21,2019,50.0,1.0,2.0,3.0,2144232,2.0,2,3,2,5.0,,0.0,0,1950.0,A01,138Â 304Â 830,1.0,-1.0,-1.0,1637376,1.0,7,,0.0,2.0,7.0,A01,138Â 304Â 830,1.0
959411,201900000942,8,8,03:20,5,1,9,1.0,6.0,92078,CHARLES DE GAULLE (PLACE),M,"48,9403890","2,3236820",92,2019,-1.0,1.0,1.0,3.0,2144233,1.0,2,4,1,-1.0,,-1.0,0,2001.0,A01,138Â 304Â 827,0.0,-1.0,-1.0,1637377,0.0,7,,2.0,0.0,0.0,A01,138Â 304Â 827,-1.0
959412,201900000943,8,2,01:25,5,2,9,1.0,6.0,92078,CHARLES DE GAULLE (BD)(72 AU 308),M,"48,9422380","2,3204050",92,2019,-1.0,1.0,1.0,3.0,2144234,1.0,2,4,1,-1.0,,-1.0,0,2001.0,A01,138Â 304Â 826,0.0,-1.0,-1.0,1637378,0.0,30,,0.0,0.0,0.0,A01,138Â 304Â 826,-1.0
959413,201900000944,7,23,01:20,5,2,1,1.0,6.0,77420,rue pasteur,M,"49,0391210","2,7039200",77,2019,50.0,3.0,1.0,6.0,2144235,1.0,1,4,1,5.0,,0.0,0,2000.0,A01,138Â 304Â 825,1.0,-1.0,-1.0,1637379,3.0,7,,2.0,0.0,7.0,A01,138Â 304Â 825,1.0
959413,201900000944,7,23,01:20,5,2,1,1.0,6.0,77420,rue pasteur,M,"49,0391210","2,7039200",77,2019,50.0,3.0,1.0,6.0,2144236,7.0,2,4,1,5.0,,0.0,0,2000.0,A01,138Â 304Â 825,0.0,-1.0,-1.0,1637379,3.0,7,,2.0,0.0,7.0,A01,138Â 304Â 825,1.0
959413,201900000944,7,23,01:20,5,2,1,1.0,6.0,77420,rue pasteur,M,"49,0391210","2,7039200",77,2019,50.0,3.0,1.0,6.0,2144237,2.0,2,3,1,5.0,,0.0,0,2000.0,A01,138Â 304Â 825,0.0,-1.0,-1.0,1637379,3.0,7,,2.0,0.0,7.0,A01,138Â 304Â 825,1.0
959414,201900000945,12,20,07:35,2,2,3,3.0,6.0,13051,Route de Saint-chamas,M,"43,5927950","5,1180330",13,2019,50.0,8.0,2.0,3.0,2144238,1.0,1,1,2,4.0,,0.0,0,1977.0,B01,138Â 304Â 823,1.0,-1.0,-1.0,1637380,0.0,3,,0.0,0.0,0.0,B01,138Â 304Â 823,1.0
959414,201900000945,12,20,07:35,2,2,3,3.0,6.0,13051,Route de Saint-chamas,M,"43,5927950","5,1180330",13,2019,50.0,8.0,2.0,3.0,2144238,1.0,1,1,2,4.0,,0.0,0,1977.0,B01,138Â 304Â 823,1.0,-1.0,-1.0,1637381,3.0,7,,6.0,0.0,1.0,A01,138Â 304Â 824,1.0
959414,201900000945,12,20,07:35,2,2,3,3.0,6.0,13051,Route de Saint-chamas,M,"43,5927950","5,1180330",13,2019,50.0,8.0,2.0,3.0,2144239,1.0,1,4,1,1.0,,0.0,0,1995.0,A01,138Â 304Â 824,1.0,-1.0,-1.0,1637380,0.0,3,,0.0,0.0,0.0,B01,138Â 304Â 823,1.0
959414,201900000945,12,20,07:35,2,2,3,3.0,6.0,13051,Route de Saint-chamas,M,"43,5927950","5,1180330",13,2019,50.0,8.0,2.0,3.0,2144239,1.0,1,4,1,1.0,,0.0,0,1995.0,A01,138Â 304Â 824,1.0,-1.0,-1.0,1637381,3.0,7,,6.0,0.0,1.0,A01,138Â 304Â 824,1.0
959415,201900000946,12,28,05:15,3,1,1,1.0,6.0,13088,rn 568,M,"43,3667110","5,2346770",13,2019,80.0,3.0,1.0,3.0,2144240,7.0,2,2,2,5.0,,0.0,0,2001.0,A01,138Â 304Â 822,1.0,-1.0,-1.0,1637382,2.0,7,,13.0,0.0,6.0,A01,138Â 304Â 822,1.0
959415,201900000946,12,28,05:15,3,1,1,1.0,6.0,13088,rn 568,M,"43,3667110","5,2346770",13,2019,80.0,3.0,1.0,3.0,2144241,2.0,2,4,2,5.0,,0.0,0,2000.0,A01,138Â 304Â 822,1.0,-1.0,-1.0,1637382,2.0,7,,13.0,0.0,6.0,A01,138Â 304Â 822,1.0
959415,201900000946,12,28,05:15,3,1,1,1.0,6.0,13088,rn 568,M,"43,3667110","5,2346770",13,2019,80.0,3.0,1.0,3.0,2144242,1.0,1,4,2,5.0,,0.0,0,2000.0,A01,138Â 304Â 822,1.0,-1.0,-1.0,1637382,2.0,7,,13.0,0.0,6.0,A01,138Â 304Â 822,1.0
959416,201900000947,8,20,01:45,3,1,1,1.0,7.0,97121,Mahault,M,"16,1919800"," -61,7779680",971,2019,70.0,8.0,1.0,2.0,2144243,1.0,1,3,1,0.0,,0.0,0,1987.0,A01,138Â 304Â 821,0.0,-1.0,-1.0,1637383,3.0,7,,2.0,9.0,1.0,A01,138Â 304Â 821,6.0
959417,201900000948,9,26,13:05,1,1,1,3.0,2.0,50407,A84,M,"48,6185340"," -1,3347780",50,2019,70.0,1.0,2.0,1.0,2144244,2.0,2,4,2,3.0,,0.0,0,1980.0,B01,138Â 304Â 819,1.0,-1.0,-1.0,1637384,1.0,7,,0.0,2.0,4.0,B01,138Â 304Â 819,1.0
959417,201900000948,9,26,13:05,1,1,1,3.0,2.0,50407,A84,M,"48,6185340"," -1,3347780",50,2019,70.0,1.0,2.0,1.0,2144244,2.0,2,4,2,3.0,,0.0,0,1980.0,B01,138Â 304Â 819,1.0,-1.0,-1.0,1637385,1.0,14,,0.0,2.0,1.0,A01,138Â 304Â 820,1.0
959417,201900000948,9,26,13:05,1,1,1,3.0,2.0,50407,A84,M,"48,6185340"," -1,3347780",50,2019,70.0,1.0,2.0,1.0,2144245,1.0,1,4,1,3.0,,0.0,0,1979.0,B01,138Â 304Â 819,1.0,-1.0,-1.0,1637384,1.0,7,,0.0,2.0,4.0,B01,138Â 304Â 819,1.0
959417,201900000948,9,26,13:05,1,1,1,3.0,2.0,50407,A84,M,"48,6185340"," -1,3347780",50,2019,70.0,1.0,2.0,1.0,2144245,1.0,1,4,1,3.0,,0.0,0,1979.0,B01,138Â 304Â 819,1.0,-1.0,-1.0,1637385,1.0,14,,0.0,2.0,1.0,A01,138Â 304Â 820,1.0
959417,201900000948,9,26,13:05,1,1,1,3.0,2.0,50407,A84,M,"48,6185340"," -1,3347780",50,2019,70.0,1.0,2.0,1.0,2144246,1.0,1,1,1,4.0,,0.0,0,1976.0,A01,138Â 304Â 820,1.0,-1.0,-1.0,1637384,1.0,7,,0.0,2.0,4.0,B01,138Â 304Â 819,1.0
959417,201900000948,9,26,13:05,1,1,1,3.0,2.0,50407,A84,M,"48,6185340"," -1,3347780",50,2019,70.0,1.0,2.0,1.0,2144246,1.0,1,1,1,4.0,,0.0,0,1976.0,A01,138Â 304Â 820,1.0,-1.0,-1.0,1637385,1.0,14,,0.0,2.0,1.0,A01,138Â 304Â 820,1.0
959418,201900000949,11,27,06:05,5,2,1,2.0,2.0,92026,PRÃSIDENT PAUL DOUMER (QUAI DU),M,"48,8915815","2,2582912",92,2019,50.0,1.0,2.0,4.0,2144247,1.0,1,1,1,1.0,,0.0,0,1991.0,A01,138Â 304Â 817,1.0,0.0,-1.0,1637386,2.0,7,,0.0,2.0,1.0,A01,138Â 304Â 817,1.0
959418,201900000949,11,27,06:05,5,2,1,2.0,2.0,92026,PRÃSIDENT PAUL DOUMER (QUAI DU),M,"48,8915815","2,2582912",92,2019,50.0,1.0,2.0,4.0,2144247,1.0,1,1,1,1.0,,0.0,0,1991.0,A01,138Â 304Â 817,1.0,0.0,-1.0,1637387,2.0,33,,0.0,2.0,4.0,B01,138Â 304Â 818,1.0
959418,201900000949,11,27,06:05,5,2,1,2.0,2.0,92026,PRÃSIDENT PAUL DOUMER (QUAI DU),M,"48,8915815","2,2582912",92,2019,50.0,1.0,2.0,4.0,2144248,1.0,1,4,1,1.0,,0.0,0,1986.0,B01,138Â 304Â 818,2.0,0.0,-1.0,1637386,2.0,7,,0.0,2.0,1.0,A01,138Â 304Â 817,1.0
959418,201900000949,11,27,06:05,5,2,1,2.0,2.0,92026,PRÃSIDENT PAUL DOUMER (QUAI DU),M,"48,8915815","2,2582912",92,2019,50.0,1.0,2.0,4.0,2144248,1.0,1,4,1,1.0,,0.0,0,1986.0,B01,138Â 304Â 818,2.0,0.0,-1.0,1637387,2.0,33,,0.0,2.0,4.0,B01,138Â 304Â 818,1.0
959419,201900000950,10,15,14:00,1,2,4,1.0,3.0,92026,VERDUN (DE 62 A FIN),M,"48,9030400","2,2581900",92,2019,50.0,1.0,1.0,3.0,2144249,1.0,1,4,1,5.0,,-1.0,0,1997.0,B01,138Â 304Â 815,2.0,6.0,-1.0,1637388,2.0,33,,0.0,2.0,8.0,B01,138Â 304Â 815,1.0
959419,201900000950,10,15,14:00,1,2,4,1.0,3.0,92026,VERDUN (DE 62 A FIN),M,"48,9030400","2,2581900",92,2019,50.0,1.0,1.0,3.0,2144249,1.0,1,4,1,5.0,,-1.0,0,1997.0,B01,138Â 304Â 815,2.0,6.0,-1.0,1637389,1.0,10,,0.0,2.0,2.0,A01,138Â 304Â 816,1.0
959419,201900000950,10,15,14:00,1,2,4,1.0,3.0,92026,VERDUN (DE 62 A FIN),M,"48,9030400","2,2581900",92,2019,50.0,1.0,1.0,3.0,2144250,1.0,1,1,1,1.0,,-1.0,0,1982.0,A01,138Â 304Â 816,1.0,0.0,-1.0,1637388,2.0,33,,0.0,2.0,8.0,B01,138Â 304Â 815,1.0
959419,201900000950,10,15,14:00,1,2,4,1.0,3.0,92026,VERDUN (DE 62 A FIN),M,"48,9030400","2,2581900",92,2019,50.0,1.0,1.0,3.0,2144250,1.0,1,1,1,1.0,,-1.0,0,1982.0,A01,138Â 304Â 816,1.0,0.0,-1.0,1637389,1.0,10,,0.0,2.0,2.0,A01,138Â 304Â 816,1.0
959420,201900000951,9,22,14:15,1,2,3,1.0,1.0,36018,INTERSECTION QUAI AUBEPIN-QUAI ANDRE LIESSE,M,"46,6298963","1,0618735",36,2019,50.0,1.0,1.0,3.0,2144251,1.0,1,4,1,5.0,,0.0,0,1998.0,B01,138Â 304Â 813,-1.0,-1.0,-1.0,1637390,2.0,7,,0.0,2.0,1.0,B01,138Â 304Â 813,1.0
959420,201900000951,9,22,14:15,1,2,3,1.0,1.0,36018,INTERSECTION QUAI AUBEPIN-QUAI ANDRE LIESSE,M,"46,6298963","1,0618735",36,2019,50.0,1.0,1.0,3.0,2144251,1.0,1,4,1,5.0,,0.0,0,1998.0,B01,138Â 304Â 813,-1.0,-1.0,-1.0,1637391,1.0,10,,0.0,2.0,1.0,A01,138Â 304Â 814,1.0
959420,201900000951,9,22,14:15,1,2,3,1.0,1.0,36018,INTERSECTION QUAI AUBEPIN-QUAI ANDRE LIESSE,M,"46,6298963","1,0618735",36,2019,50.0,1.0,1.0,3.0,2144252,1.0,1,1,1,9.0,,-1.0,0,1985.0,A01,138Â 304Â 814,-1.0,-1.0,-1.0,1637390,2.0,7,,0.0,2.0,1.0,B01,138Â 304Â 813,1.0