Unnamed: 0_x,num_acc,mois,jour,hrmn,lum,agg,int,atm,col,com,adr,gps,lat,long,dep,annee,vma,situ,surf,catr,Unnamed: 0_y,place,catu,grav,sexe,trajet,secu,locp,actp,an_nais,num_veh_x,id_vehicule_x,secu1,secu2,secu3,Unnamed: 0,senc,catv,occutc,obs,obsm,choc,num_veh_y,id_vehicule_y,motor
959420,201900000951,9,22,14:15,1,2,3,1.0,1.0,36018,INTERSECTION QUAI AUBEPIN-QUAI ANDRE LIESSE,M,"46,6298963","1,0618735",36,2019,50.0,1.0,1.0,3.0,2144252,1.0,1,1,1,9.0,,-1.0,0,1985.0,A01,138Â 304Â 814,-1.0,-1.0,-1.0,1637391,1.0,10,,0.0,2.0,1.0,A01,138Â 304Â 814,1.0
959421,201900000952,11,3,23:13,5,2,1,2.0,2.0,94060,GENERAL DE GAULLE (R DU),M,"48,7807900","2,5738500",94,2019,50.0,1.0,2.0,3.0,2144253,1.0,1,1,1,5.0,,-1.0, -1,2000.0,A01,138Â 304Â 811,1.0,0.0,-1.0,1637392,2.0,7,,0.0,2.0,1.0,A01,138Â 304Â 811,0.0
959421,201900000952,11,3,23:13,5,2,1,2.0,2.0,94060,GENERAL DE GAULLE (R DU),M,"48,7807900","2,5738500",94,2019,50.0,1.0,2.0,3.0,2144253,1.0,1,1,1,5.0,,-1.0, -1,2000.0,A01,138Â 304Â 811,1.0,0.0,-1.0,1637393,2.0,7,,0.0,2.0,4.0,B01,138Â 304Â 812,0.0
959421,201900000952,11,3,23:13,5,2,1,2.0,2.0,94060,GENERAL DE GAULLE (R DU),M,"48,7807900","2,5738500",94,2019,50.0,1.0,2.0,3.0,2144254,1.0,1,4,2,5.0,,-1.0, -1,1974.0,B01,138Â 304Â 812,1.0,0.0,-1.0,1637392,2.0,7,,0.0,2.0,1.0,A01,138Â 304Â 811,0.0
959421,201900000952,11,3,23:13,5,2,1,2.0,2.0,94060,GENERAL DE GAULLE (R DU),M,"48,7807900","2,5738500",94,2019,50.0,1.0,2.0,3.0,2144254,1.0,1,4,2,5.0,,-1.0, -1,1974.0,B01,138Â 304Â 812,1.0,0.0,-1.0,1637393,2.0,7,,0.0,2.0,4.0,B01,138Â 304Â 812,0.0
959422,201900000953,10,14,09:30,1,2,1,1.0,3.0,92051,MAILLOT (BOULEVARD),M,"48,8782500","2,2762200",92,2019,50.0,1.0,1.0,4.0,2144255,1.0,1,1,1,4.0,,-1.0, -1,1961.0,A01,138Â 304Â 809,1.0,0.0,-1.0,1637394,1.0,10,,0.0,2.0,2.0,A01,138Â 304Â 809,1.0
959422,201900000953,10,14,09:30,1,2,1,1.0,3.0,92051,MAILLOT (BOULEVARD),M,"48,8782500","2,2762200",92,2019,50.0,1.0,1.0,4.0,2144255,1.0,1,1,1,4.0,,-1.0, -1,1961.0,A01,138Â 304Â 809,1.0,0.0,-1.0,1637395,2.0,33,,0.0,2.0,1.0,B01,138Â 304Â 810,1.0
959422,201900000953,10,14,09:30,1,2,1,1.0,3.0,92051,MAILLOT (BOULEVARD),M,"48,8782500","2,2762200",92,2019,50.0,1.0,1.0,4.0,2144256,1.0,1,2,1,1.0,,-1.0, -1,1989.0,B01,138Â 304Â 810,2.0,6.0,-1.0,1637394,1.0,10,,0.0,2.0,2.0,A01,138Â 304Â 809,1.0
959422,201900000953,10,14,09:30,1,2,1,1.0,3.0,92051,MAILLOT (BOULEVARD),M,"48,8782500","2,2762200",92,2019,50.0,1.0,1.0,4.0,2144256,1.0,1,2,1,1.0,,-1.0, -1,1989.0,B01,138Â 304Â 810,2.0,6.0,-1.0,1637395,2.0,33,,0.0,2.0,1.0,B01,138Â 304Â 810,1.0
959423,201900000954,12,31,22:55,5,2,1,1.0,7.0,92051,"BINEAU (BOULEVARD, NÂ°53 A 131 ET 52 A 13",M,"48,8889020","2,2739880",92,2019,50.0,1.0,1.0,3.0,2144257,1.0,1,2,2,5.0,,-1.0, -1,1981.0,A01,138Â 304Â 808,2.0,6.0,-1.0,1637396,1.0,33,,9.0,0.0,1.0,A01,138Â 304Â 808,1.0
959424,201900000955,12,5,08:00,1,2,3,1.0,6.0,97213,ACAJOU PROLONGEE,M,"14,6291500"," -61,0156800",972,2019,50.0,1.0,1.0,3.0,2144258,1.0,1,1,2,0.0,,-1.0,0,1963.0,A01,138Â 304Â 806,1.0,8.0,-1.0,1637397,2.0,0,,0.0,0.0,0.0,B01,138Â 304Â 805,-1.0
959424,201900000955,12,5,08:00,1,2,3,1.0,6.0,97213,ACAJOU PROLONGEE,M,"14,6291500"," -61,0156800",972,2019,50.0,1.0,1.0,3.0,2144258,1.0,1,1,2,0.0,,-1.0,0,1963.0,A01,138Â 304Â 806,1.0,8.0,-1.0,1637398,1.0,7,,0.0,1.0,1.0,A01,138Â 304Â 806,1.0
959424,201900000955,12,5,08:00,1,2,3,1.0,6.0,97213,ACAJOU PROLONGEE,M,"14,6291500"," -61,0156800",972,2019,50.0,1.0,1.0,3.0,2144259,10.0,3,4,2,0.0,,2.0,3,1986.0,A01,138Â 304Â 806,0.0,-1.0,-1.0,1637397,2.0,0,,0.0,0.0,0.0,B01,138Â 304Â 805,-1.0
959424,201900000955,12,5,08:00,1,2,3,1.0,6.0,97213,ACAJOU PROLONGEE,M,"14,6291500"," -61,0156800",972,2019,50.0,1.0,1.0,3.0,2144259,10.0,3,4,2,0.0,,2.0,3,1986.0,A01,138Â 304Â 806,0.0,-1.0,-1.0,1637398,1.0,7,,0.0,1.0,1.0,A01,138Â 304Â 806,1.0
959424,201900000955,12,5,08:00,1,2,3,1.0,6.0,97213,ACAJOU PROLONGEE,M,"14,6291500"," -61,0156800",972,2019,50.0,1.0,1.0,3.0,2144260,10.0,3,4,1,0.0,,2.0,3,2016.0,A01,138Â 304Â 806,0.0,-1.0,-1.0,1637397,2.0,0,,0.0,0.0,0.0,B01,138Â 304Â 805,-1.0
959424,201900000955,12,5,08:00,1,2,3,1.0,6.0,97213,ACAJOU PROLONGEE,M,"14,6291500"," -61,0156800",972,2019,50.0,1.0,1.0,3.0,2144260,10.0,3,4,1,0.0,,2.0,3,2016.0,A01,138Â 304Â 806,0.0,-1.0,-1.0,1637398,1.0,7,,0.0,1.0,1.0,A01,138Â 304Â 806,1.0
959424,201900000955,12,5,08:00,1,2,3,1.0,6.0,97213,ACAJOU PROLONGEE,M,"14,6291500"," -61,0156800",972,2019,50.0,1.0,1.0,3.0,2144261,10.0,3,4,2,0.0,,2.0,3,2017.0,A01,138Â 304Â 806,0.0,-1.0,-1.0,1637397,2.0,0,,0.0,0.0,0.0,B01,138Â 304Â 805,-1.0
959424,201900000955,12,5,08:00,1,2,3,1.0,6.0,97213,ACAJOU PROLONGEE,M,"14,6291500"," -61,0156800",972,2019,50.0,1.0,1.0,3.0,2144261,10.0,3,4,2,0.0,,2.0,3,2017.0,A01,138Â 304Â 806,0.0,-1.0,-1.0,1637398,1.0,7,,0.0,1.0,1.0,A01,138Â 304Â 806,1.0
959425,201900000956,1,27,06:10,5,2,2,1.0,6.0,92024,114 CLICHY (QUAI DE)/ GENERAL LECLERC (BD DU),M,"48,9106563","2,3058111",92,2019,-1.0,1.0,1.0,3.0,2144262,1.0,1,2,1,-1.0,,0.0,0,1985.0,A01,138Â 304Â 801,-1.0,-1.0,-1.0,1637399,0.0,33,,9.0,0.0,0.0,A01,138Â 304Â 801,1.0
959426,201900000957,5,12,14:30,1,1,1,1.0,3.0,85224,Rue AndrÃ© Charles Boulle,M,"47,0247200"," -1,3454900",85,2019,50.0,8.0,1.0,4.0,2144263,1.0,1,4,1,5.0,,0.0,0,1997.0,A01,138Â 304Â 799,2.0,-1.0,-1.0,1637400,3.0,99,,0.0,9.0,1.0,A01,138Â 304Â 799,1.0
959426,201900000957,5,12,14:30,1,1,1,1.0,3.0,85224,Rue AndrÃ© Charles Boulle,M,"47,0247200"," -1,3454900",85,2019,50.0,8.0,1.0,4.0,2144263,1.0,1,4,1,5.0,,0.0,0,1997.0,A01,138Â 304Â 799,2.0,-1.0,-1.0,1637401,3.0,99,,0.0,9.0,6.0,B01,138Â 304Â 800,1.0
959426,201900000957,5,12,14:30,1,1,1,1.0,3.0,85224,Rue AndrÃ© Charles Boulle,M,"47,0247200"," -1,3454900",85,2019,50.0,8.0,1.0,4.0,2144264,1.0,1,4,1,5.0,,0.0,0,2002.0,B01,138Â 304Â 800,2.0,-1.0,-1.0,1637400,3.0,99,,0.0,9.0,1.0,A01,138Â 304Â 799,1.0
959426,201900000957,5,12,14:30,1,1,1,1.0,3.0,85224,Rue AndrÃ© Charles Boulle,M,"47,0247200"," -1,3454900",85,2019,50.0,8.0,1.0,4.0,2144264,1.0,1,4,1,5.0,,0.0,0,2002.0,B01,138Â 304Â 800,2.0,-1.0,-1.0,1637401,3.0,99,,0.0,9.0,6.0,B01,138Â 304Â 800,1.0
959427,201900000958,12,1,20:45,5,2,1,1.0,2.0,92026,VERDUN (DE 01 A 61),M,"48,8989890","2,2621450",92,2019,50.0,1.0,1.0,3.0,2144265,1.0,1,1,1,0.0,,-1.0,0,1981.0,A01,138Â 304Â 797,1.0,0.0,-1.0,1637402,3.0,7,,0.0,2.0,4.0,A01,138Â 304Â 797,1.0
959427,201900000958,12,1,20:45,5,2,1,1.0,2.0,92026,VERDUN (DE 01 A 61),M,"48,8989890","2,2621450",92,2019,50.0,1.0,1.0,3.0,2144265,1.0,1,1,1,0.0,,-1.0,0,1981.0,A01,138Â 304Â 797,1.0,0.0,-1.0,1637403,3.0,30,,0.0,2.0,1.0,B01,138Â 304Â 798,1.0
959427,201900000958,12,1,20:45,5,2,1,1.0,2.0,92026,VERDUN (DE 01 A 61),M,"48,8989890","2,2621450",92,2019,50.0,1.0,1.0,3.0,2144266,1.0,1,4,1,9.0,,-1.0,0,2001.0,B01,138Â 304Â 798,2.0,0.0,-1.0,1637402,3.0,7,,0.0,2.0,4.0,A01,138Â 304Â 797,1.0
959427,201900000958,12,1,20:45,5,2,1,1.0,2.0,92026,VERDUN (DE 01 A 61),M,"48,8989890","2,2621450",92,2019,50.0,1.0,1.0,3.0,2144266,1.0,1,4,1,9.0,,-1.0,0,2001.0,B01,138Â 304Â 798,2.0,0.0,-1.0,1637403,3.0,30,,0.0,2.0,1.0,B01,138Â 304Â 798,1.0
959428,201900000959,6,30,19:40,2,1,1,1.0,2.0,78640,N118,M,"48,7741630","2,2235340",78,2019,90.0,1.0,1.0,2.0,2144267,2.0,2,1,2,5.0,,-1.0, -1,1996.0,B01,138Â 304Â 795,1.0,0.0,-1.0,1637404,2.0,7,,0.0,2.0,5.0,B01,138Â 304Â 795,1.0
959428,201900000959,6,30,19:40,2,1,1,1.0,2.0,78640,N118,M,"48,7741630","2,2235340",78,2019,90.0,1.0,1.0,2.0,2144267,2.0,2,1,2,5.0,,-1.0, -1,1996.0,B01,138Â 304Â 795,1.0,0.0,-1.0,1637405,2.0,10,,0.0,2.0,1.0,A01,138Â 304Â 796,1.0
959428,201900000959,6,30,19:40,2,1,1,1.0,2.0,78640,N118,M,"48,7741630","2,2235340",78,2019,90.0,1.0,1.0,2.0,2144268,1.0,1,4,2,5.0,,-1.0, -1,1962.0,B01,138Â 304Â 795,1.0,0.0,-1.0,1637404,2.0,7,,0.0,2.0,5.0,B01,138Â 304Â 795,1.0
959428,201900000959,6,30,19:40,2,1,1,1.0,2.0,78640,N118,M,"48,7741630","2,2235340",78,2019,90.0,1.0,1.0,2.0,2144268,1.0,1,4,2,5.0,,-1.0, -1,1962.0,B01,138Â 304Â 795,1.0,0.0,-1.0,1637405,2.0,10,,0.0,2.0,1.0,A01,138Â 304Â 796,1.0
959428,201900000959,6,30,19:40,2,1,1,1.0,2.0,78640,N118,M,"48,7741630","2,2235340",78,2019,90.0,1.0,1.0,2.0,2144269,1.0,1,1,1,5.0,,-1.0, -1,1955.0,A01,138Â 304Â 796,1.0,0.0,-1.0,1637404,2.0,7,,0.0,2.0,5.0,B01,138Â 304Â 795,1.0
959428,201900000959,6,30,19:40,2,1,1,1.0,2.0,78640,N118,M,"48,7741630","2,2235340",78,2019,90.0,1.0,1.0,2.0,2144269,1.0,1,1,1,5.0,,-1.0, -1,1955.0,A01,138Â 304Â 796,1.0,0.0,-1.0,1637405,2.0,10,,0.0,2.0,1.0,A01,138Â 304Â 796,1.0
959429,201900000960,12,15,02:43,5,2,1,2.0,6.0,94018,PARIS (R DE),M,"48,8251200","2,4082300",94,2019,30.0,1.0,2.0,3.0,2144270,1.0,1,1,2,5.0,,-1.0, -1,1988.0,A01,138Â 304Â 794,1.0,0.0,-1.0,1637406,1.0,20,,1.0,0.0,7.0,A01,138Â 304Â 794,0.0
959429,201900000960,12,15,02:43,5,2,1,2.0,6.0,94018,PARIS (R DE),M,"48,8251200","2,4082300",94,2019,30.0,1.0,2.0,3.0,2144271,2.0,2,4,1,0.0,,-1.0, -1,1990.0,A01,138Â 304Â 794,8.0,0.0,-1.0,1637406,1.0,20,,1.0,0.0,7.0,A01,138Â 304Â 794,0.0
959430,201900000961,2,10,20:50,5,2,1,9.0,5.0,93046,CONSUL GENERAL NORDLING AVENUE,M,"48,9178600","2,5353300",93,2019,50.0,1.0,2.0,3.0,2144272,1.0,1,1,1,5.0,,-1.0, -1,1994.0,A01,138Â 304Â 791,1.0,0.0,-1.0,1637407,3.0,7,,0.0,2.0,2.0,A01,138Â 304Â 791,1.0
959430,201900000961,2,10,20:50,5,2,1,9.0,5.0,93046,CONSUL GENERAL NORDLING AVENUE,M,"48,9178600","2,5353300",93,2019,50.0,1.0,2.0,3.0,2144272,1.0,1,1,1,5.0,,-1.0, -1,1994.0,A01,138Â 304Â 791,1.0,0.0,-1.0,1637408,3.0,7,,0.0,2.0,4.0,B01,138Â 304Â 792,1.0
959430,201900000961,2,10,20:50,5,2,1,9.0,5.0,93046,CONSUL GENERAL NORDLING AVENUE,M,"48,9178600","2,5353300",93,2019,50.0,1.0,2.0,3.0,2144272,1.0,1,1,1,5.0,,-1.0, -1,1994.0,A01,138Â 304Â 791,1.0,0.0,-1.0,1637409,3.0,7,,0.0,2.0,2.0,C01,138Â 304Â 793,1.0
959430,201900000961,2,10,20:50,5,2,1,9.0,5.0,93046,CONSUL GENERAL NORDLING AVENUE,M,"48,9178600","2,5353300",93,2019,50.0,1.0,2.0,3.0,2144273,1.0,1,1,2,5.0,,-1.0, -1,1983.0,B01,138Â 304Â 792,1.0,0.0,-1.0,1637407,3.0,7,,0.0,2.0,2.0,A01,138Â 304Â 791,1.0
959430,201900000961,2,10,20:50,5,2,1,9.0,5.0,93046,CONSUL GENERAL NORDLING AVENUE,M,"48,9178600","2,5353300",93,2019,50.0,1.0,2.0,3.0,2144273,1.0,1,1,2,5.0,,-1.0, -1,1983.0,B01,138Â 304Â 792,1.0,0.0,-1.0,1637408,3.0,7,,0.0,2.0,4.0,B01,138Â 304Â 792,1.0
959430,201900000961,2,10,20:50,5,2,1,9.0,5.0,93046,CONSUL GENERAL NORDLING AVENUE,M,"48,9178600","2,5353300",93,2019,50.0,1.0,2.0,3.0,2144273,1.0,1,1,2,5.0,,-1.0, -1,1983.0,B01,138Â 304Â 792,1.0,0.0,-1.0,1637409,3.0,7,,0.0,2.0,2.0,C01,138Â 304Â 793,1.0
959430,201900000961,2,10,20:50,5,2,1,9.0,5.0,93046,CONSUL GENERAL NORDLING AVENUE,M,"48,9178600","2,5353300",93,2019,50.0,1.0,2.0,3.0,2144274,2.0,2,1,1,5.0,,-1.0, -1,1979.0,B01,138Â 304Â 792,1.0,0.0,-1.0,1637407,3.0,7,,0.0,2.0,2.0,A01,138Â 304Â 791,1.0
959430,201900000961,2,10,20:50,5,2,1,9.0,5.0,93046,CONSUL GENERAL NORDLING AVENUE,M,"48,9178600","2,5353300",93,2019,50.0,1.0,2.0,3.0,2144274,2.0,2,1,1,5.0,,-1.0, -1,1979.0,B01,138Â 304Â 792,1.0,0.0,-1.0,1637408,3.0,7,,0.0,2.0,4.0,B01,138Â 304Â 792,1.0
959430,201900000961,2,10,20:50,5,2,1,9.0,5.0,93046,CONSUL GENERAL NORDLING AVENUE,M,"48,9178600","2,5353300",93,2019,50.0,1.0,2.0,3.0,2144274,2.0,2,1,1,5.0,,-1.0, -1,1979.0,B01,138Â 304Â 792,1.0,0.0,-1.0,1637409,3.0,7,,0.0,2.0,2.0,C01,138Â 304Â 793,1.0
959430,201900000961,2,10,20:50,5,2,1,9.0,5.0,93046,CONSUL GENERAL NORDLING AVENUE,M,"48,9178600","2,5353300",93,2019,50.0,1.0,2.0,3.0,2144275,1.0,1,4,2,5.0,,-1.0, -1,1992.0,C01,138Â 304Â 793,1.0,5.0,-1.0,1637407,3.0,7,,0.0,2.0,2.0,A01,138Â 304Â 791,1.0
959430,201900000961,2,10,20:50,5,2,1,9.0,5.0,93046,CONSUL GENERAL NORDLING AVENUE,M,"48,9178600","2,5353300",93,2019,50.0,1.0,2.0,3.0,2144275,1.0,1,4,2,5.0,,-1.0, -1,1992.0,C01,138Â 304Â 793,1.0,5.0,-1.0,1637408,3.0,7,,0.0,2.0,4.0,B01,138Â 304Â 792,1.0
959430,201900000961,2,10,20:50,5,2,1,9.0,5.0,93046,CONSUL GENERAL NORDLING AVENUE,M,"48,9178600","2,5353300",93,2019,50.0,1.0,2.0,3.0,2144275,1.0,1,4,2,5.0,,-1.0, -1,1992.0,C01,138Â 304Â 793,1.0,5.0,-1.0,1637409,3.0,7,,0.0,2.0,2.0,C01,138Â 304Â 793,1.0
959430,201900000961,2,10,20:50,5,2,1,9.0,5.0,93046,CONSUL GENERAL NORDLING AVENUE,M,"48,9178600","2,5353300",93,2019,50.0,1.0,2.0,3.0,2144276,2.0,2,1,2,5.0,,-1.0, -1,1989.0,C01,138Â 304Â 793,1.0,5.0,-1.0,1637407,3.0,7,,0.0,2.0,2.0,A01,138Â 304Â 791,1.0
959430,201900000961,2,10,20:50,5,2,1,9.0,5.0,93046,CONSUL GENERAL NORDLING AVENUE,M,"48,9178600","2,5353300",93,2019,50.0,1.0,2.0,3.0,2144276,2.0,2,1,2,5.0,,-1.0, -1,1989.0,C01,138Â 304Â 793,1.0,5.0,-1.0,1637408,3.0,7,,0.0,2.0,4.0,B01,138Â 304Â 792,1.0
959430,201900000961,2,10,20:50,5,2,1,9.0,5.0,93046,CONSUL GENERAL NORDLING AVENUE,M,"48,9178600","2,5353300",93,2019,50.0,1.0,2.0,3.0,2144276,2.0,2,1,2,5.0,,-1.0, -1,1989.0,C01,138Â 304Â 793,1.0,5.0,-1.0,1637409,3.0,7,,0.0,2.0,2.0,C01,138Â 304Â 793,1.0
959431,201900000962,12,10,18:30,5,2,2,1.0,6.0,63113,BRUYANT (RUE CHARLES),M,"45,7643590","3,0828300",63,2019,50.0,1.0,1.0,4.0,2144277,10.0,3,3,1,0.0,,3.0,3,1982.0,A01,138Â 304Â 788,0.0,-1.0,-1.0,1637410,2.0,7,,0.0,1.0,1.0,A01,138Â 304Â 788,1.0
959431,201900000962,12,10,18:30,5,2,2,1.0,6.0,63113,BRUYANT (RUE CHARLES),M,"45,7643590","3,0828300",63,2019,50.0,1.0,1.0,4.0,2144278,1.0,1,1,2,0.0,,-1.0, -1,1956.0,A01,138Â 304Â 788,1.0,0.0,-1.0,1637410,2.0,7,,0.0,1.0,1.0,A01,138Â 304Â 788,1.0
959432,201900000963,6,8,22:50,5,2,2,1.0,1.0,91461,Route de Limours,M,"48,6009200","2,2299670",91,2019,50.0,1.0,1.0,3.0,2144279,1.0,1,2,2,5.0,,0.0,0,1954.0,A01,138Â 304Â 786,1.0,-1.0,-1.0,1637411,0.0,7,,15.0,2.0,2.0,A01,138Â 304Â 786,1.0
959432,201900000963,6,8,22:50,5,2,2,1.0,1.0,91461,Route de Limours,M,"48,6009200","2,2299670",91,2019,50.0,1.0,1.0,3.0,2144279,1.0,1,2,2,5.0,,0.0,0,1954.0,A01,138Â 304Â 786,1.0,-1.0,-1.0,1637412,0.0,7,,14.0,2.0,1.0,B01,138Â 304Â 787,1.0
959432,201900000963,6,8,22:50,5,2,2,1.0,1.0,91461,Route de Limours,M,"48,6009200","2,2299670",91,2019,50.0,1.0,1.0,3.0,2144280,1.0,1,1,1,5.0,,0.0,0,2001.0,B01,138Â 304Â 787,1.0,-1.0,-1.0,1637411,0.0,7,,15.0,2.0,2.0,A01,138Â 304Â 786,1.0
959432,201900000963,6,8,22:50,5,2,2,1.0,1.0,91461,Route de Limours,M,"48,6009200","2,2299670",91,2019,50.0,1.0,1.0,3.0,2144280,1.0,1,1,1,5.0,,0.0,0,2001.0,B01,138Â 304Â 787,1.0,-1.0,-1.0,1637412,0.0,7,,14.0,2.0,1.0,B01,138Â 304Â 787,1.0
959433,201900000964,9,6,16:00,1,2,1,1.0,6.0,94060,MARMOUSETS (CHE DES),M,"48,7722100","2,5860700",94,2019,20.0,8.0,1.0,6.0,2144281,2.0,1,4,1,9.0,,-1.0, -1,1996.0,A01,138Â 304Â 785,2.0,6.0,-1.0,1637413,3.0,33,,2.0,0.0,1.0,A01,138Â 304Â 785,1.0
959434,201900000965,12,20,20:50,5,2,1,2.0,6.0,94041,PIERRE SEMARD (AV),M,"48,8191000","2,3806000",94,2019,50.0,1.0,2.0,3.0,2144282,1.0,1,4,1,0.0,,-1.0, -1,2002.0,A01,138Â 304Â 784,8.0,0.0,-1.0,1637414,2.0,1,,0.0,2.0,8.0,A01,138Â 304Â 784,5.0
959435,201900000966,3,20,10:05,1,2,3,1.0,3.0,46232,Avenue Augustin GARCIA,M,"44,9956610","1,6457220",46,2019,50.0,1.0,1.0,3.0,2144283,1.0,1,4,1,5.0,,0.0,0,2001.0,B01,138Â 304Â 782,2.0,-1.0,-1.0,1637415,2.0,2,,0.0,2.0,3.0,B01,138Â 304Â 782,1.0
959435,201900000966,3,20,10:05,1,2,3,1.0,3.0,46232,Avenue Augustin GARCIA,M,"44,9956610","1,6457220",46,2019,50.0,1.0,1.0,3.0,2144283,1.0,1,4,1,5.0,,0.0,0,2001.0,B01,138Â 304Â 782,2.0,-1.0,-1.0,1637416,1.0,7,,0.0,2.0,1.0,A01,138Â 304Â 783,1.0
959435,201900000966,3,20,10:05,1,2,3,1.0,3.0,46232,Avenue Augustin GARCIA,M,"44,9956610","1,6457220",46,2019,50.0,1.0,1.0,3.0,2144284,1.0,1,1,1,4.0,,0.0,0,1980.0,A01,138Â 304Â 783,8.0,-1.0,-1.0,1637415,2.0,2,,0.0,2.0,3.0,B01,138Â 304Â 782,1.0
959435,201900000966,3,20,10:05,1,2,3,1.0,3.0,46232,Avenue Augustin GARCIA,M,"44,9956610","1,6457220",46,2019,50.0,1.0,1.0,3.0,2144284,1.0,1,1,1,4.0,,0.0,0,1980.0,A01,138Â 304Â 783,8.0,-1.0,-1.0,1637416,1.0,7,,0.0,2.0,1.0,A01,138Â 304Â 783,1.0
959436,201900000967,1,24,08:05,1,2,2,1.0,6.0,94017,GEORGES DIMITROV (R),M,"48,8136490","2,5101600",94,2019,50.0,1.0,1.0,3.0,2144285,1.0,1,1,1,1.0,,0.0,0,1998.0,A01,138Â 304Â 781,1.0,0.0,-1.0,1637417,1.0,10,,0.0,1.0,1.0,A01,138Â 304Â 781,0.0
959436,201900000967,1,24,08:05,1,2,2,1.0,6.0,94017,GEORGES DIMITROV (R),M,"48,8136490","2,5101600",94,2019,50.0,1.0,1.0,3.0,2144286,10.0,3,4,2,2.0,,4.0,3,2003.0,A01,138Â 304Â 781,8.0,0.0,-1.0,1637417,1.0,10,,0.0,1.0,1.0,A01,138Â 304Â 781,0.0
959437,201900000968,2,13,19:00,5,2,1,1.0,6.0,94033,ROGER SALENGRO (R),M,"48,8505900","2,4882700",94,2019,50.0,1.0,1.0,4.0,2144287,10.0,3,4,1,1.0,,3.0,3,1993.0,A01,138Â 304Â 780,8.0,0.0,-1.0,1637418,1.0,7,,0.0,1.0,1.0,A01,138Â 304Â 780,1.0
959437,201900000968,2,13,19:00,5,2,1,1.0,6.0,94033,ROGER SALENGRO (R),M,"48,8505900","2,4882700",94,2019,50.0,1.0,1.0,4.0,2144288,1.0,1,1,1,3.0,,-1.0,0,1957.0,A01,138Â 304Â 780,1.0,0.0,-1.0,1637418,1.0,7,,0.0,1.0,1.0,A01,138Â 304Â 780,1.0
959438,201900000969,2,6,20:00,5,2,1,2.0,3.0,94022,BABEUF (R),M,"48,7592500","2,4060800",94,2019,50.0,1.0,2.0,4.0,2144289,2.0,1,4,1,5.0,,-1.0,0,1996.0,B01,138Â 304Â 778,2.0,8.0,-1.0,1637419,1.0,33,,0.0,2.0,1.0,B01,138Â 304Â 778,1.0
959438,201900000969,2,6,20:00,5,2,1,2.0,3.0,94022,BABEUF (R),M,"48,7592500","2,4060800",94,2019,50.0,1.0,2.0,4.0,2144289,2.0,1,4,1,5.0,,-1.0,0,1996.0,B01,138Â 304Â 778,2.0,8.0,-1.0,1637420,0.0,7,,0.0,2.0,3.0,A01,138Â 304Â 779,1.0
959438,201900000969,2,6,20:00,5,2,1,2.0,3.0,94022,BABEUF (R),M,"48,7592500","2,4060800",94,2019,50.0,1.0,2.0,4.0,2144290,1.0,1,1,2,5.0,,-1.0,0,1953.0,A01,138Â 304Â 779,1.0,0.0,-1.0,1637419,1.0,33,,0.0,2.0,1.0,B01,138Â 304Â 778,1.0
959438,201900000969,2,6,20:00,5,2,1,2.0,3.0,94022,BABEUF (R),M,"48,7592500","2,4060800",94,2019,50.0,1.0,2.0,4.0,2144290,1.0,1,1,2,5.0,,-1.0,0,1953.0,A01,138Â 304Â 779,1.0,0.0,-1.0,1637420,0.0,7,,0.0,2.0,3.0,A01,138Â 304Â 779,1.0
959439,201900000970,2,4,08:30,1,2,2,1.0,6.0,94058,GENERAL DE GAULLE (AV DU),M,"48,8391000","2,5085400",94,2019,50.0,1.0,1.0,3.0,2144291,1.0,1,1,1,5.0,,-1.0,0,1945.0,A01,138Â 304Â 777,1.0,0.0,-1.0,1637421,2.0,7,,0.0,1.0,3.0,A01,138Â 304Â 777,1.0
959439,201900000970,2,4,08:30,1,2,2,1.0,6.0,94058,GENERAL DE GAULLE (AV DU),M,"48,8391000","2,5085400",94,2019,50.0,1.0,1.0,3.0,2144292,2.0,2,1,2,5.0,,-1.0,0,1946.0,A01,138Â 304Â 777,1.0,0.0,-1.0,1637421,2.0,7,,0.0,1.0,3.0,A01,138Â 304Â 777,1.0
959439,201900000970,2,4,08:30,1,2,2,1.0,6.0,94058,GENERAL DE GAULLE (AV DU),M,"48,8391000","2,5085400",94,2019,50.0,1.0,1.0,3.0,2144293,10.0,3,4,2,2.0,,3.0,3,2008.0,A01,138Â 304Â 777,8.0,0.0,-1.0,1637421,2.0,7,,0.0,1.0,3.0,A01,138Â 304Â 777,1.0
959440,201900000971,2,1,08:20,1,2,1,1.0,6.0,94019,FUSILLES DE CHATEAUBRIAND (R DES),M,"48,7993000","2,5418000",94,2019,50.0,1.0,2.0,4.0,2144294,10.0,3,4,2,1.0,,3.0,3,1996.0,A01,138Â 304Â 776,8.0,0.0,-1.0,1637422,1.0,7,,0.0,1.0,2.0,A01,138Â 304Â 776,1.0
959440,201900000971,2,1,08:20,1,2,1,1.0,6.0,94019,FUSILLES DE CHATEAUBRIAND (R DES),M,"48,7993000","2,5418000",94,2019,50.0,1.0,2.0,4.0,2144295,10.0,3,1,1,9.0,,3.0,3,1983.0,A01,138Â 304Â 776,8.0,0.0,-1.0,1637422,1.0,7,,0.0,1.0,2.0,A01,138Â 304Â 776,1.0
959440,201900000971,2,1,08:20,1,2,1,1.0,6.0,94019,FUSILLES DE CHATEAUBRIAND (R DES),M,"48,7993000","2,5418000",94,2019,50.0,1.0,2.0,4.0,2144296,1.0,1,1,1,1.0,,-1.0, -1,1978.0,A01,138Â 304Â 776,1.0,0.0,-1.0,1637422,1.0,7,,0.0,1.0,2.0,A01,138Â 304Â 776,1.0