Unnamed: 0_x,num_acc,mois,jour,hrmn,lum,agg,int,atm,col,com,adr,gps,lat,long,dep,annee,vma,situ,surf,catr,Unnamed: 0_y,place,catu,grav,sexe,trajet,secu,locp,actp,an_nais,num_veh_x,id_vehicule_x,secu1,secu2,secu3,Unnamed: 0,senc,catv,occutc,obs,obsm,choc,num_veh_y,id_vehicule_y,motor
959441,201900000972,1,22,13:20,1,2,1,4.0,6.0,94017,REPUBLIQUE (AV DE LA),M,"48,8248100","2,5099900",94,2019,50.0,1.0,5.0,3.0,2144297,1.0,1,1,1,1.0,,-1.0,0,1979.0,A01,138Â 304Â 775,8.0,0.0,-1.0,1637423,1.0,7,,0.0,1.0,1.0,A01,138Â 304Â 775,1.0
959441,201900000972,1,22,13:20,1,2,1,4.0,6.0,94017,REPUBLIQUE (AV DE LA),M,"48,8248100","2,5099900",94,2019,50.0,1.0,5.0,3.0,2144298,10.0,3,4,1,1.0,,2.0,3,1981.0,A01,138Â 304Â 775,8.0,0.0,-1.0,1637423,1.0,7,,0.0,1.0,1.0,A01,138Â 304Â 775,1.0
959442,201900000973,1,9,19:30,5,2,1,1.0,3.0,94054,CHARLES TILLON (route),M,"48,7442500","2,3863600",94,2019,50.0,1.0,2.0,3.0,2144299,1.0,1,1,2,1.0,,-1.0,0,1999.0,B01,138Â 304Â 773,1.0,0.0,-1.0,1637424,3.0,7,,0.0,2.0,2.0,B01,138Â 304Â 773,0.0
959442,201900000973,1,9,19:30,5,2,1,1.0,3.0,94054,CHARLES TILLON (route),M,"48,7442500","2,3863600",94,2019,50.0,1.0,2.0,3.0,2144299,1.0,1,1,2,1.0,,-1.0,0,1999.0,B01,138Â 304Â 773,1.0,0.0,-1.0,1637425,3.0,34,,0.0,2.0,3.0,A01,138Â 304Â 774,0.0
959442,201900000973,1,9,19:30,5,2,1,1.0,3.0,94054,CHARLES TILLON (route),M,"48,7442500","2,3863600",94,2019,50.0,1.0,2.0,3.0,2144300,1.0,1,4,1,1.0,,-1.0,0,1997.0,A01,138Â 304Â 774,2.0,6.0,-1.0,1637424,3.0,7,,0.0,2.0,2.0,B01,138Â 304Â 773,0.0
959442,201900000973,1,9,19:30,5,2,1,1.0,3.0,94054,CHARLES TILLON (route),M,"48,7442500","2,3863600",94,2019,50.0,1.0,2.0,3.0,2144300,1.0,1,4,1,1.0,,-1.0,0,1997.0,A01,138Â 304Â 774,2.0,6.0,-1.0,1637425,3.0,34,,0.0,2.0,3.0,A01,138Â 304Â 774,0.0
959443,201900000974,11,25,18:45,5,2,1,2.0,3.0,85194,RUE GEORGES CLEMENCEAU ,M,"46,5033800"," -1,7435800",85,2019,50.0,1.0,2.0,4.0,2144301,1.0,1,3,1,3.0,,0.0,0,1999.0,B01,138Â 304Â 771,2.0,8.0,-1.0,1637426,3.0,2,,0.0,2.0,1.0,B01,138Â 304Â 771,1.0
959443,201900000974,11,25,18:45,5,2,1,2.0,3.0,85194,RUE GEORGES CLEMENCEAU ,M,"46,5033800"," -1,7435800",85,2019,50.0,1.0,2.0,4.0,2144301,1.0,1,3,1,3.0,,0.0,0,1999.0,B01,138Â 304Â 771,2.0,8.0,-1.0,1637427,3.0,7,,0.0,2.0,2.0,A01,138Â 304Â 772,1.0
959443,201900000974,11,25,18:45,5,2,1,2.0,3.0,85194,RUE GEORGES CLEMENCEAU ,M,"46,5033800"," -1,7435800",85,2019,50.0,1.0,2.0,4.0,2144302,1.0,1,1,1,3.0,,0.0,0,1974.0,A01,138Â 304Â 772,1.0,8.0,-1.0,1637426,3.0,2,,0.0,2.0,1.0,B01,138Â 304Â 771,1.0
959443,201900000974,11,25,18:45,5,2,1,2.0,3.0,85194,RUE GEORGES CLEMENCEAU ,M,"46,5033800"," -1,7435800",85,2019,50.0,1.0,2.0,4.0,2144302,1.0,1,1,1,3.0,,0.0,0,1974.0,A01,138Â 304Â 772,1.0,8.0,-1.0,1637427,3.0,7,,0.0,2.0,2.0,A01,138Â 304Â 772,1.0
959444,201900000975,12,5,10:50,1,2,1,1.0,3.0,84007,PIERRE SEMARD (avenue),M,"43,9373500","4,8242600",84,2019,50.0,1.0,1.0,4.0,2144303,1.0,1,1,2,1.0,,-1.0, -1,1952.0,A01,138Â 304Â 769,1.0,0.0,-1.0,1637428,1.0,7,,0.0,2.0,3.0,A01,138Â 304Â 769,1.0
959444,201900000975,12,5,10:50,1,2,1,1.0,3.0,84007,PIERRE SEMARD (avenue),M,"43,9373500","4,8242600",84,2019,50.0,1.0,1.0,4.0,2144303,1.0,1,1,2,1.0,,-1.0, -1,1952.0,A01,138Â 304Â 769,1.0,0.0,-1.0,1637429,0.0,33,,0.0,2.0,1.0,B01,138Â 304Â 770,1.0
959444,201900000975,12,5,10:50,1,2,1,1.0,3.0,84007,PIERRE SEMARD (avenue),M,"43,9373500","4,8242600",84,2019,50.0,1.0,1.0,4.0,2144304,1.0,1,3,1,4.0,,-1.0, -1,1968.0,B01,138Â 304Â 770,2.0,6.0,-1.0,1637428,1.0,7,,0.0,2.0,3.0,A01,138Â 304Â 769,1.0
959444,201900000975,12,5,10:50,1,2,1,1.0,3.0,84007,PIERRE SEMARD (avenue),M,"43,9373500","4,8242600",84,2019,50.0,1.0,1.0,4.0,2144304,1.0,1,3,1,4.0,,-1.0, -1,1968.0,B01,138Â 304Â 770,2.0,6.0,-1.0,1637429,0.0,33,,0.0,2.0,1.0,B01,138Â 304Â 770,1.0
959445,201900000976,6,5,14:15,1,2,1,1.0,2.0,69266,11 NOVEMBRE 1918    (Boulevard du),M,"45,7788653","4,8671097",69,2019,50.0,1.0,1.0,4.0,2144305,2.0,1,4,2,0.0,,-1.0, -1,2001.0,B01,138Â 304Â 767,2.0,0.0,-1.0,1637430,1.0,30,,0.0,2.0,0.0,B01,138Â 304Â 767,0.0
959445,201900000976,6,5,14:15,1,2,1,1.0,2.0,69266,11 NOVEMBRE 1918    (Boulevard du),M,"45,7788653","4,8671097",69,2019,50.0,1.0,1.0,4.0,2144305,2.0,1,4,2,0.0,,-1.0, -1,2001.0,B01,138Â 304Â 767,2.0,0.0,-1.0,1637431,1.0,99,,0.0,2.0,0.0,A01,138Â 304Â 768,1.0
959445,201900000976,6,5,14:15,1,2,1,1.0,2.0,69266,11 NOVEMBRE 1918    (Boulevard du),M,"45,7788653","4,8671097",69,2019,50.0,1.0,1.0,4.0,2144306,1.0,1,1,1,0.0,,-1.0, -1,1983.0,A01,138Â 304Â 768,1.0,8.0,-1.0,1637430,1.0,30,,0.0,2.0,0.0,B01,138Â 304Â 767,0.0
959445,201900000976,6,5,14:15,1,2,1,1.0,2.0,69266,11 NOVEMBRE 1918    (Boulevard du),M,"45,7788653","4,8671097",69,2019,50.0,1.0,1.0,4.0,2144306,1.0,1,1,1,0.0,,-1.0, -1,1983.0,A01,138Â 304Â 768,1.0,8.0,-1.0,1637431,1.0,99,,0.0,2.0,0.0,A01,138Â 304Â 768,1.0
959446,201900000977,3,4,01:45,5,2,9,1.0,6.0,92078,FOSSE ASTRES (RUE) (IMPAIRS>J MOULIN),M,"48,9406080","2,3315420",92,2019,-1.0,1.0,1.0,4.0,2144307,1.0,1,4,1,-1.0,,-1.0, -1,1986.0,A01,138Â 304Â 766,0.0,-1.0,-1.0,1637432,0.0,33,,9.0,0.0,0.0,A01,138Â 304Â 766,-1.0
959447,201900000978,1,4,19:35,5,2,1,1.0,6.0,94073,ALOUETTES (R DES),M,"48,7527600","2,3775300",94,2019,50.0,1.0,1.0,4.0,2144308,10.0,3,4,1,0.0,,1.0,3,2002.0,A01,138Â 304Â 764,8.0,0.0,-1.0,1637433,0.0,7,,0.0,1.0,2.0,A01,138Â 304Â 764,1.0
959447,201900000978,1,4,19:35,5,2,1,1.0,6.0,94073,ALOUETTES (R DES),M,"48,7527600","2,3775300",94,2019,50.0,1.0,1.0,4.0,2144309,1.0,1,1,1,0.0,,0.0,0,1980.0,A01,138Â 304Â 764,1.0,0.0,-1.0,1637433,0.0,7,,0.0,1.0,2.0,A01,138Â 304Â 764,1.0
959448,201900000979,1,2,17:00,1,2,6,1.0,6.0,94079,GENERAL DE GAULLE (R DU),M,"48,8284700","2,5588700",94,2019,50.0,1.0,1.0,4.0,2144310,1.0,1,4,1,5.0,,0.0,0,1936.0,A01,138Â 304Â 761,1.0,0.0,-1.0,1637434,1.0,7,,6.0,0.0,1.0,A01,138Â 304Â 761,0.0
959449,201900000980,1,4,10:35,1,2,1,1.0,6.0,94021,GENERAL DE GAULLE (AV DU),M,"48,7718700","2,3441900",94,2019,50.0,2.0,1.0,4.0,2144311,10.0,3,4,1,9.0,,3.0,3,1969.0,A01,138Â 304Â 760,8.0,0.0,-1.0,1637435,1.0,7,,0.0,1.0,2.0,A01,138Â 304Â 760,0.0
959449,201900000980,1,4,10:35,1,2,1,1.0,6.0,94021,GENERAL DE GAULLE (AV DU),M,"48,7718700","2,3441900",94,2019,50.0,2.0,1.0,4.0,2144312,1.0,1,1,1,5.0,,-1.0,0,1975.0,A01,138Â 304Â 760,1.0,8.0,-1.0,1637435,1.0,7,,0.0,1.0,2.0,A01,138Â 304Â 760,0.0
959450,201900000981,1,3,18:30,5,2,1,1.0,3.0,94046,GENERAL LECLERC (AV DU),M,"48,8045762","2,4430833",94,2019,50.0,1.0,1.0,3.0,2144313,1.0,1,1,1,0.0,,-1.0,0,1974.0,A01,138Â 304Â 758,1.0,0.0,-1.0,1637436,1.0,7,,0.0,2.0,8.0,A01,138Â 304Â 758,1.0
959450,201900000981,1,3,18:30,5,2,1,1.0,3.0,94046,GENERAL LECLERC (AV DU),M,"48,8045762","2,4430833",94,2019,50.0,1.0,1.0,3.0,2144313,1.0,1,1,1,0.0,,-1.0,0,1974.0,A01,138Â 304Â 758,1.0,0.0,-1.0,1637437,1.0,32,,0.0,2.0,2.0,B01,138Â 304Â 759,1.0
959450,201900000981,1,3,18:30,5,2,1,1.0,3.0,94046,GENERAL LECLERC (AV DU),M,"48,8045762","2,4430833",94,2019,50.0,1.0,1.0,3.0,2144314,2.0,1,4,1,1.0,,-1.0,0,2001.0,B01,138Â 304Â 759,2.0,0.0,-1.0,1637436,1.0,7,,0.0,2.0,8.0,A01,138Â 304Â 758,1.0
959450,201900000981,1,3,18:30,5,2,1,1.0,3.0,94046,GENERAL LECLERC (AV DU),M,"48,8045762","2,4430833",94,2019,50.0,1.0,1.0,3.0,2144314,2.0,1,4,1,1.0,,-1.0,0,2001.0,B01,138Â 304Â 759,2.0,0.0,-1.0,1637437,1.0,32,,0.0,2.0,2.0,B01,138Â 304Â 759,1.0
959451,201900000982,1,3,15:40,1,2,9,1.0,3.0,94003,ARISTIDE BRIAND (AV),M,"48,8090688","2,3266315",94,2019,50.0,1.0,1.0,3.0,2144315,1.0,1,1,1,4.0,,0.0,0,1975.0,B01,138Â 304Â 756,1.0,0.0,-1.0,1637438,2.0,14,,8.0,0.0,5.0,B01,138Â 304Â 756,0.0
959451,201900000982,1,3,15:40,1,2,9,1.0,3.0,94003,ARISTIDE BRIAND (AV),M,"48,8090688","2,3266315",94,2019,50.0,1.0,1.0,3.0,2144315,1.0,1,1,1,4.0,,0.0,0,1975.0,B01,138Â 304Â 756,1.0,0.0,-1.0,1637439,1.0,7,,8.0,0.0,8.0,A01,138Â 304Â 757,1.0
959451,201900000982,1,3,15:40,1,2,9,1.0,3.0,94003,ARISTIDE BRIAND (AV),M,"48,8090688","2,3266315",94,2019,50.0,1.0,1.0,3.0,2144316,2.0,2,4,2,0.0,,0.0,0,1995.0,A01,138Â 304Â 757,1.0,0.0,-1.0,1637438,2.0,14,,8.0,0.0,5.0,B01,138Â 304Â 756,0.0
959451,201900000982,1,3,15:40,1,2,9,1.0,3.0,94003,ARISTIDE BRIAND (AV),M,"48,8090688","2,3266315",94,2019,50.0,1.0,1.0,3.0,2144316,2.0,2,4,2,0.0,,0.0,0,1995.0,A01,138Â 304Â 757,1.0,0.0,-1.0,1637439,1.0,7,,8.0,0.0,8.0,A01,138Â 304Â 757,1.0
959451,201900000982,1,3,15:40,1,2,9,1.0,3.0,94003,ARISTIDE BRIAND (AV),M,"48,8090688","2,3266315",94,2019,50.0,1.0,1.0,3.0,2144317,1.0,1,1,2,0.0,,0.0,0,1993.0,A01,138Â 304Â 757,1.0,0.0,-1.0,1637438,2.0,14,,8.0,0.0,5.0,B01,138Â 304Â 756,0.0
959451,201900000982,1,3,15:40,1,2,9,1.0,3.0,94003,ARISTIDE BRIAND (AV),M,"48,8090688","2,3266315",94,2019,50.0,1.0,1.0,3.0,2144317,1.0,1,1,2,0.0,,0.0,0,1993.0,A01,138Â 304Â 757,1.0,0.0,-1.0,1637439,1.0,7,,8.0,0.0,8.0,A01,138Â 304Â 757,1.0
959452,201900000983,10,30,19:00,3,1,1,1.0,1.0,02013,Ferme de Fleuricourt,M,"49,5202660","3,9133480",2,2019,80.0,1.0,1.0,3.0,2144318,1.0,1,1,1,0.0,,0.0,0,1969.0,B01,138Â 304Â 754,1.0,9.0,-1.0,1637440,0.0,10,,0.0,2.0,1.0,B01,138Â 304Â 754,1.0
959452,201900000983,10,30,19:00,3,1,1,1.0,1.0,02013,Ferme de Fleuricourt,M,"49,5202660","3,9133480",2,2019,80.0,1.0,1.0,3.0,2144318,1.0,1,1,1,0.0,,0.0,0,1969.0,B01,138Â 304Â 754,1.0,9.0,-1.0,1637441,2.0,7,,0.0,2.0,1.0,A01,138Â 304Â 755,1.0
959452,201900000983,10,30,19:00,3,1,1,1.0,1.0,02013,Ferme de Fleuricourt,M,"49,5202660","3,9133480",2,2019,80.0,1.0,1.0,3.0,2144319,3.0,2,3,1,5.0,,0.0,0,1999.0,A01,138Â 304Â 755,1.0,-1.0,-1.0,1637440,0.0,10,,0.0,2.0,1.0,B01,138Â 304Â 754,1.0
959452,201900000983,10,30,19:00,3,1,1,1.0,1.0,02013,Ferme de Fleuricourt,M,"49,5202660","3,9133480",2,2019,80.0,1.0,1.0,3.0,2144319,3.0,2,3,1,5.0,,0.0,0,1999.0,A01,138Â 304Â 755,1.0,-1.0,-1.0,1637441,2.0,7,,0.0,2.0,1.0,A01,138Â 304Â 755,1.0
959452,201900000983,10,30,19:00,3,1,1,1.0,1.0,02013,Ferme de Fleuricourt,M,"49,5202660","3,9133480",2,2019,80.0,1.0,1.0,3.0,2144320,2.0,2,4,1,5.0,,0.0,0,2001.0,A01,138Â 304Â 755,1.0,9.0,-1.0,1637440,0.0,10,,0.0,2.0,1.0,B01,138Â 304Â 754,1.0
959452,201900000983,10,30,19:00,3,1,1,1.0,1.0,02013,Ferme de Fleuricourt,M,"49,5202660","3,9133480",2,2019,80.0,1.0,1.0,3.0,2144320,2.0,2,4,1,5.0,,0.0,0,2001.0,A01,138Â 304Â 755,1.0,9.0,-1.0,1637441,2.0,7,,0.0,2.0,1.0,A01,138Â 304Â 755,1.0
959452,201900000983,10,30,19:00,3,1,1,1.0,1.0,02013,Ferme de Fleuricourt,M,"49,5202660","3,9133480",2,2019,80.0,1.0,1.0,3.0,2144321,1.0,1,4,1,5.0,,0.0,0,1998.0,A01,138Â 304Â 755,1.0,9.0,-1.0,1637440,0.0,10,,0.0,2.0,1.0,B01,138Â 304Â 754,1.0
959452,201900000983,10,30,19:00,3,1,1,1.0,1.0,02013,Ferme de Fleuricourt,M,"49,5202660","3,9133480",2,2019,80.0,1.0,1.0,3.0,2144321,1.0,1,4,1,5.0,,0.0,0,1998.0,A01,138Â 304Â 755,1.0,9.0,-1.0,1637441,2.0,7,,0.0,2.0,1.0,A01,138Â 304Â 755,1.0
959453,201900000984,12,31,08:30,1,2,1,1.0,5.0,13205,ABBÃ FERAUD (RUE),M,"43,2851471","5,3908417",13,2019,50.0,1.0,1.0,7.0,2144322,1.0,1,1,1,4.0,,-1.0, -1,1964.0,C01,138Â 304Â 751,1.0,0.0,-1.0,1637442,1.0,10,,0.0,2.0,6.0,C01,138Â 304Â 751,1.0
959453,201900000984,12,31,08:30,1,2,1,1.0,5.0,13205,ABBÃ FERAUD (RUE),M,"43,2851471","5,3908417",13,2019,50.0,1.0,1.0,7.0,2144322,1.0,1,1,1,4.0,,-1.0, -1,1964.0,C01,138Â 304Â 751,1.0,0.0,-1.0,1637443,1.0,7,,0.0,2.0,5.0,B01,138Â 304Â 752,1.0
959453,201900000984,12,31,08:30,1,2,1,1.0,5.0,13205,ABBÃ FERAUD (RUE),M,"43,2851471","5,3908417",13,2019,50.0,1.0,1.0,7.0,2144322,1.0,1,1,1,4.0,,-1.0, -1,1964.0,C01,138Â 304Â 751,1.0,0.0,-1.0,1637444,1.0,30,,0.0,2.0,8.0,A01,138Â 304Â 753,1.0
959453,201900000984,12,31,08:30,1,2,1,1.0,5.0,13205,ABBÃ FERAUD (RUE),M,"43,2851471","5,3908417",13,2019,50.0,1.0,1.0,7.0,2144323,1.0,1,1,2,4.0,,-1.0, -1,1989.0,B01,138Â 304Â 752,1.0,0.0,-1.0,1637442,1.0,10,,0.0,2.0,6.0,C01,138Â 304Â 751,1.0
959453,201900000984,12,31,08:30,1,2,1,1.0,5.0,13205,ABBÃ FERAUD (RUE),M,"43,2851471","5,3908417",13,2019,50.0,1.0,1.0,7.0,2144323,1.0,1,1,2,4.0,,-1.0, -1,1989.0,B01,138Â 304Â 752,1.0,0.0,-1.0,1637443,1.0,7,,0.0,2.0,5.0,B01,138Â 304Â 752,1.0
959453,201900000984,12,31,08:30,1,2,1,1.0,5.0,13205,ABBÃ FERAUD (RUE),M,"43,2851471","5,3908417",13,2019,50.0,1.0,1.0,7.0,2144323,1.0,1,1,2,4.0,,-1.0, -1,1989.0,B01,138Â 304Â 752,1.0,0.0,-1.0,1637444,1.0,30,,0.0,2.0,8.0,A01,138Â 304Â 753,1.0
959453,201900000984,12,31,08:30,1,2,1,1.0,5.0,13205,ABBÃ FERAUD (RUE),M,"43,2851471","5,3908417",13,2019,50.0,1.0,1.0,7.0,2144324,1.0,1,4,1,5.0,,-1.0,0,2002.0,A01,138Â 304Â 753,2.0,8.0,-1.0,1637442,1.0,10,,0.0,2.0,6.0,C01,138Â 304Â 751,1.0
959453,201900000984,12,31,08:30,1,2,1,1.0,5.0,13205,ABBÃ FERAUD (RUE),M,"43,2851471","5,3908417",13,2019,50.0,1.0,1.0,7.0,2144324,1.0,1,4,1,5.0,,-1.0,0,2002.0,A01,138Â 304Â 753,2.0,8.0,-1.0,1637443,1.0,7,,0.0,2.0,5.0,B01,138Â 304Â 752,1.0
959453,201900000984,12,31,08:30,1,2,1,1.0,5.0,13205,ABBÃ FERAUD (RUE),M,"43,2851471","5,3908417",13,2019,50.0,1.0,1.0,7.0,2144324,1.0,1,4,1,5.0,,-1.0,0,2002.0,A01,138Â 304Â 753,2.0,8.0,-1.0,1637444,1.0,30,,0.0,2.0,8.0,A01,138Â 304Â 753,1.0
959454,201900000985,12,7,18:24,3,1,1,8.0,2.0,67389,Autoroute A.4,M,"48,6446300","7,7324400",67,2019,90.0,1.0,2.0,1.0,2144325,1.0,1,1,1,4.0,,-1.0,0,1998.0,B01,138Â 304Â 749,1.0,8.0,-1.0,1637445,2.0,7,,0.0,2.0,1.0,B01,138Â 304Â 749,1.0
959454,201900000985,12,7,18:24,3,1,1,8.0,2.0,67389,Autoroute A.4,M,"48,6446300","7,7324400",67,2019,90.0,1.0,2.0,1.0,2144325,1.0,1,1,1,4.0,,-1.0,0,1998.0,B01,138Â 304Â 749,1.0,8.0,-1.0,1637446,2.0,7,,0.0,2.0,4.0,A01,138Â 304Â 750,2.0
959454,201900000985,12,7,18:24,3,1,1,8.0,2.0,67389,Autoroute A.4,M,"48,6446300","7,7324400",67,2019,90.0,1.0,2.0,1.0,2144326,1.0,1,4,1,5.0,,-1.0,0,1998.0,A01,138Â 304Â 750,1.0,0.0,-1.0,1637445,2.0,7,,0.0,2.0,1.0,B01,138Â 304Â 749,1.0
959454,201900000985,12,7,18:24,3,1,1,8.0,2.0,67389,Autoroute A.4,M,"48,6446300","7,7324400",67,2019,90.0,1.0,2.0,1.0,2144326,1.0,1,4,1,5.0,,-1.0,0,1998.0,A01,138Â 304Â 750,1.0,0.0,-1.0,1637446,2.0,7,,0.0,2.0,4.0,A01,138Â 304Â 750,2.0
959455,201900000986,11,26,10:30,1,2,6,1.0,6.0,06088,Rond point dit de l'aÃ©ropostale,M,"43,6634720","7,2006110",6,2019,50.0,3.0,1.0,4.0,2144327,2.0,2,1,2,9.0,,0.0,0,1936.0,A01,138Â 304Â 748,1.0,-1.0,-1.0,1637447,3.0,7,,13.0,0.0,1.0,A01,138Â 304Â 748,1.0
959455,201900000986,11,26,10:30,1,2,6,1.0,6.0,06088,Rond point dit de l'aÃ©ropostale,M,"43,6634720","7,2006110",6,2019,50.0,3.0,1.0,4.0,2144328,1.0,1,2,1,9.0,,-1.0, -1,1947.0,A01,138Â 304Â 748,1.0,-1.0,-1.0,1637447,3.0,7,,13.0,0.0,1.0,A01,138Â 304Â 748,1.0
959456,201900000987,1,1,17:50,3,1,1,1.0,4.0,59009,ROUTE NATIONALE 227,M,"50,6407147","3,1439835",59,2019,90.0,1.0,1.0,2.0,2144329,1.0,1,1,1,0.0,,-1.0,0,1997.0,E01,138Â 304Â 743,1.0,0.0,-1.0,1637448,1.0,7,,0.0,2.0,4.0,E01,138Â 304Â 743,1.0
959456,201900000987,1,1,17:50,3,1,1,1.0,4.0,59009,ROUTE NATIONALE 227,M,"50,6407147","3,1439835",59,2019,90.0,1.0,1.0,2.0,2144329,1.0,1,1,1,0.0,,-1.0,0,1997.0,E01,138Â 304Â 743,1.0,0.0,-1.0,1637449,1.0,7,,0.0,2.0,4.0,D01,138Â 304Â 744,1.0
959456,201900000987,1,1,17:50,3,1,1,1.0,4.0,59009,ROUTE NATIONALE 227,M,"50,6407147","3,1439835",59,2019,90.0,1.0,1.0,2.0,2144329,1.0,1,1,1,0.0,,-1.0,0,1997.0,E01,138Â 304Â 743,1.0,0.0,-1.0,1637450,1.0,7,,0.0,2.0,4.0,C01,138Â 304Â 745,1.0
959456,201900000987,1,1,17:50,3,1,1,1.0,4.0,59009,ROUTE NATIONALE 227,M,"50,6407147","3,1439835",59,2019,90.0,1.0,1.0,2.0,2144329,1.0,1,1,1,0.0,,-1.0,0,1997.0,E01,138Â 304Â 743,1.0,0.0,-1.0,1637451,1.0,7,,0.0,2.0,4.0,B01,138Â 304Â 746,1.0
959456,201900000987,1,1,17:50,3,1,1,1.0,4.0,59009,ROUTE NATIONALE 227,M,"50,6407147","3,1439835",59,2019,90.0,1.0,1.0,2.0,2144329,1.0,1,1,1,0.0,,-1.0,0,1997.0,E01,138Â 304Â 743,1.0,0.0,-1.0,1637452,1.0,7,,0.0,2.0,1.0,A01,138Â 304Â 747,1.0
959456,201900000987,1,1,17:50,3,1,1,1.0,4.0,59009,ROUTE NATIONALE 227,M,"50,6407147","3,1439835",59,2019,90.0,1.0,1.0,2.0,2144330,1.0,1,1,1,0.0,,0.0,0,1999.0,D01,138Â 304Â 744,1.0,0.0,-1.0,1637448,1.0,7,,0.0,2.0,4.0,E01,138Â 304Â 743,1.0
959456,201900000987,1,1,17:50,3,1,1,1.0,4.0,59009,ROUTE NATIONALE 227,M,"50,6407147","3,1439835",59,2019,90.0,1.0,1.0,2.0,2144330,1.0,1,1,1,0.0,,0.0,0,1999.0,D01,138Â 304Â 744,1.0,0.0,-1.0,1637449,1.0,7,,0.0,2.0,4.0,D01,138Â 304Â 744,1.0
959456,201900000987,1,1,17:50,3,1,1,1.0,4.0,59009,ROUTE NATIONALE 227,M,"50,6407147","3,1439835",59,2019,90.0,1.0,1.0,2.0,2144330,1.0,1,1,1,0.0,,0.0,0,1999.0,D01,138Â 304Â 744,1.0,0.0,-1.0,1637450,1.0,7,,0.0,2.0,4.0,C01,138Â 304Â 745,1.0
959456,201900000987,1,1,17:50,3,1,1,1.0,4.0,59009,ROUTE NATIONALE 227,M,"50,6407147","3,1439835",59,2019,90.0,1.0,1.0,2.0,2144330,1.0,1,1,1,0.0,,0.0,0,1999.0,D01,138Â 304Â 744,1.0,0.0,-1.0,1637451,1.0,7,,0.0,2.0,4.0,B01,138Â 304Â 746,1.0
959456,201900000987,1,1,17:50,3,1,1,1.0,4.0,59009,ROUTE NATIONALE 227,M,"50,6407147","3,1439835",59,2019,90.0,1.0,1.0,2.0,2144330,1.0,1,1,1,0.0,,0.0,0,1999.0,D01,138Â 304Â 744,1.0,0.0,-1.0,1637452,1.0,7,,0.0,2.0,1.0,A01,138Â 304Â 747,1.0
959456,201900000987,1,1,17:50,3,1,1,1.0,4.0,59009,ROUTE NATIONALE 227,M,"50,6407147","3,1439835",59,2019,90.0,1.0,1.0,2.0,2144331,1.0,1,1,1,0.0,,0.0,0,1977.0,C01,138Â 304Â 745,1.0,0.0,-1.0,1637448,1.0,7,,0.0,2.0,4.0,E01,138Â 304Â 743,1.0
959456,201900000987,1,1,17:50,3,1,1,1.0,4.0,59009,ROUTE NATIONALE 227,M,"50,6407147","3,1439835",59,2019,90.0,1.0,1.0,2.0,2144331,1.0,1,1,1,0.0,,0.0,0,1977.0,C01,138Â 304Â 745,1.0,0.0,-1.0,1637449,1.0,7,,0.0,2.0,4.0,D01,138Â 304Â 744,1.0
959456,201900000987,1,1,17:50,3,1,1,1.0,4.0,59009,ROUTE NATIONALE 227,M,"50,6407147","3,1439835",59,2019,90.0,1.0,1.0,2.0,2144331,1.0,1,1,1,0.0,,0.0,0,1977.0,C01,138Â 304Â 745,1.0,0.0,-1.0,1637450,1.0,7,,0.0,2.0,4.0,C01,138Â 304Â 745,1.0
959456,201900000987,1,1,17:50,3,1,1,1.0,4.0,59009,ROUTE NATIONALE 227,M,"50,6407147","3,1439835",59,2019,90.0,1.0,1.0,2.0,2144331,1.0,1,1,1,0.0,,0.0,0,1977.0,C01,138Â 304Â 745,1.0,0.0,-1.0,1637451,1.0,7,,0.0,2.0,4.0,B01,138Â 304Â 746,1.0
959456,201900000987,1,1,17:50,3,1,1,1.0,4.0,59009,ROUTE NATIONALE 227,M,"50,6407147","3,1439835",59,2019,90.0,1.0,1.0,2.0,2144331,1.0,1,1,1,0.0,,0.0,0,1977.0,C01,138Â 304Â 745,1.0,0.0,-1.0,1637452,1.0,7,,0.0,2.0,1.0,A01,138Â 304Â 747,1.0
959456,201900000987,1,1,17:50,3,1,1,1.0,4.0,59009,ROUTE NATIONALE 227,M,"50,6407147","3,1439835",59,2019,90.0,1.0,1.0,2.0,2144332,2.0,2,3,2,5.0,,0.0,0,1961.0,B01,138Â 304Â 746,1.0,0.0,0.0,1637448,1.0,7,,0.0,2.0,4.0,E01,138Â 304Â 743,1.0
959456,201900000987,1,1,17:50,3,1,1,1.0,4.0,59009,ROUTE NATIONALE 227,M,"50,6407147","3,1439835",59,2019,90.0,1.0,1.0,2.0,2144332,2.0,2,3,2,5.0,,0.0,0,1961.0,B01,138Â 304Â 746,1.0,0.0,0.0,1637449,1.0,7,,0.0,2.0,4.0,D01,138Â 304Â 744,1.0
959456,201900000987,1,1,17:50,3,1,1,1.0,4.0,59009,ROUTE NATIONALE 227,M,"50,6407147","3,1439835",59,2019,90.0,1.0,1.0,2.0,2144332,2.0,2,3,2,5.0,,0.0,0,1961.0,B01,138Â 304Â 746,1.0,0.0,0.0,1637450,1.0,7,,0.0,2.0,4.0,C01,138Â 304Â 745,1.0
959456,201900000987,1,1,17:50,3,1,1,1.0,4.0,59009,ROUTE NATIONALE 227,M,"50,6407147","3,1439835",59,2019,90.0,1.0,1.0,2.0,2144332,2.0,2,3,2,5.0,,0.0,0,1961.0,B01,138Â 304Â 746,1.0,0.0,0.0,1637451,1.0,7,,0.0,2.0,4.0,B01,138Â 304Â 746,1.0