Unnamed: 0_x,num_acc,mois,jour,hrmn,lum,agg,int,atm,col,com,adr,gps,lat,long,dep,annee,vma,situ,surf,catr,Unnamed: 0_y,place,catu,grav,sexe,trajet,secu,locp,actp,an_nais,num_veh_x,id_vehicule_x,secu1,secu2,secu3,Unnamed: 0,senc,catv,occutc,obs,obsm,choc,num_veh_y,id_vehicule_y,motor
959456,201900000987,1,1,17:50,3,1,1,1.0,4.0,59009,ROUTE NATIONALE 227,M,"50,6407147","3,1439835",59,2019,90.0,1.0,1.0,2.0,2144332,2.0,2,3,2,5.0,,0.0,0,1961.0,B01,138Â 304Â 746,1.0,0.0,0.0,1637452,1.0,7,,0.0,2.0,1.0,A01,138Â 304Â 747,1.0
959456,201900000987,1,1,17:50,3,1,1,1.0,4.0,59009,ROUTE NATIONALE 227,M,"50,6407147","3,1439835",59,2019,90.0,1.0,1.0,2.0,2144333,1.0,1,2,1,0.0,,0.0,0,1965.0,B01,138Â 304Â 746,1.0,0.0,-1.0,1637448,1.0,7,,0.0,2.0,4.0,E01,138Â 304Â 743,1.0
959456,201900000987,1,1,17:50,3,1,1,1.0,4.0,59009,ROUTE NATIONALE 227,M,"50,6407147","3,1439835",59,2019,90.0,1.0,1.0,2.0,2144333,1.0,1,2,1,0.0,,0.0,0,1965.0,B01,138Â 304Â 746,1.0,0.0,-1.0,1637449,1.0,7,,0.0,2.0,4.0,D01,138Â 304Â 744,1.0
959456,201900000987,1,1,17:50,3,1,1,1.0,4.0,59009,ROUTE NATIONALE 227,M,"50,6407147","3,1439835",59,2019,90.0,1.0,1.0,2.0,2144333,1.0,1,2,1,0.0,,0.0,0,1965.0,B01,138Â 304Â 746,1.0,0.0,-1.0,1637450,1.0,7,,0.0,2.0,4.0,C01,138Â 304Â 745,1.0
959456,201900000987,1,1,17:50,3,1,1,1.0,4.0,59009,ROUTE NATIONALE 227,M,"50,6407147","3,1439835",59,2019,90.0,1.0,1.0,2.0,2144333,1.0,1,2,1,0.0,,0.0,0,1965.0,B01,138Â 304Â 746,1.0,0.0,-1.0,1637451,1.0,7,,0.0,2.0,4.0,B01,138Â 304Â 746,1.0
959456,201900000987,1,1,17:50,3,1,1,1.0,4.0,59009,ROUTE NATIONALE 227,M,"50,6407147","3,1439835",59,2019,90.0,1.0,1.0,2.0,2144333,1.0,1,2,1,0.0,,0.0,0,1965.0,B01,138Â 304Â 746,1.0,0.0,-1.0,1637452,1.0,7,,0.0,2.0,1.0,A01,138Â 304Â 747,1.0
959456,201900000987,1,1,17:50,3,1,1,1.0,4.0,59009,ROUTE NATIONALE 227,M,"50,6407147","3,1439835",59,2019,90.0,1.0,1.0,2.0,2144334,1.0,1,1,1,0.0,,0.0,0,1986.0,A01,138Â 304Â 747,1.0,0.0,-1.0,1637448,1.0,7,,0.0,2.0,4.0,E01,138Â 304Â 743,1.0
959456,201900000987,1,1,17:50,3,1,1,1.0,4.0,59009,ROUTE NATIONALE 227,M,"50,6407147","3,1439835",59,2019,90.0,1.0,1.0,2.0,2144334,1.0,1,1,1,0.0,,0.0,0,1986.0,A01,138Â 304Â 747,1.0,0.0,-1.0,1637449,1.0,7,,0.0,2.0,4.0,D01,138Â 304Â 744,1.0
959456,201900000987,1,1,17:50,3,1,1,1.0,4.0,59009,ROUTE NATIONALE 227,M,"50,6407147","3,1439835",59,2019,90.0,1.0,1.0,2.0,2144334,1.0,1,1,1,0.0,,0.0,0,1986.0,A01,138Â 304Â 747,1.0,0.0,-1.0,1637450,1.0,7,,0.0,2.0,4.0,C01,138Â 304Â 745,1.0
959456,201900000987,1,1,17:50,3,1,1,1.0,4.0,59009,ROUTE NATIONALE 227,M,"50,6407147","3,1439835",59,2019,90.0,1.0,1.0,2.0,2144334,1.0,1,1,1,0.0,,0.0,0,1986.0,A01,138Â 304Â 747,1.0,0.0,-1.0,1637451,1.0,7,,0.0,2.0,4.0,B01,138Â 304Â 746,1.0
959456,201900000987,1,1,17:50,3,1,1,1.0,4.0,59009,ROUTE NATIONALE 227,M,"50,6407147","3,1439835",59,2019,90.0,1.0,1.0,2.0,2144334,1.0,1,1,1,0.0,,0.0,0,1986.0,A01,138Â 304Â 747,1.0,0.0,-1.0,1637452,1.0,7,,0.0,2.0,1.0,A01,138Â 304Â 747,1.0
959457,201900000988,12,6,21:30,5,2,1,1.0,6.0,83137,"1643, avenue Joseph Gasquet",M,"43,1223590","5,9724450",83,2019,50.0,1.0,1.0,3.0,2144335,1.0,1,2,1,4.0,,-1.0, -1,1959.0,B01,138Â 304Â 741,2.0,-1.0,-1.0,1637453,1.0,7,,0.0,2.0,0.0,A01,138Â 304Â 740,1.0
959457,201900000988,12,6,21:30,5,2,1,1.0,6.0,83137,"1643, avenue Joseph Gasquet",M,"43,1223590","5,9724450",83,2019,50.0,1.0,1.0,3.0,2144335,1.0,1,2,1,4.0,,-1.0, -1,1959.0,B01,138Â 304Â 741,2.0,-1.0,-1.0,1637454,1.0,30,,0.0,2.0,2.0,B01,138Â 304Â 741,1.0
959458,201900000989,12,15,06:10,5,2,5,1.0,3.0,38185,LIBERATION (COURS DE LA)  (58-65 A 104-1,M,"45,1744600","5,7144500",38,2019,50.0,6.0,2.0,3.0,2144336,1.0,1,3,1,0.0,,-1.0, -1,1996.0,A01,138Â 304Â 738,1.0,0.0,-1.0,1637455,3.0,7,,0.0,4.0,2.0,A01,138Â 304Â 738,1.0
959458,201900000989,12,15,06:10,5,2,5,1.0,3.0,38185,LIBERATION (COURS DE LA)  (58-65 A 104-1,M,"45,1744600","5,7144500",38,2019,50.0,6.0,2.0,3.0,2144336,1.0,1,3,1,0.0,,-1.0, -1,1996.0,A01,138Â 304Â 738,1.0,0.0,-1.0,1637456,3.0,40,,0.0,2.0,1.0,B01,138Â 304Â 739,3.0
959458,201900000989,12,15,06:10,5,2,5,1.0,3.0,38185,LIBERATION (COURS DE LA)  (58-65 A 104-1,M,"45,1744600","5,7144500",38,2019,50.0,6.0,2.0,3.0,2144337,1.0,1,4,2,4.0,,-1.0, -1,1972.0,B01,138Â 304Â 739,1.0,0.0,-1.0,1637455,3.0,7,,0.0,4.0,2.0,A01,138Â 304Â 738,1.0
959458,201900000989,12,15,06:10,5,2,5,1.0,3.0,38185,LIBERATION (COURS DE LA)  (58-65 A 104-1,M,"45,1744600","5,7144500",38,2019,50.0,6.0,2.0,3.0,2144337,1.0,1,4,2,4.0,,-1.0, -1,1972.0,B01,138Â 304Â 739,1.0,0.0,-1.0,1637456,3.0,40,,0.0,2.0,1.0,B01,138Â 304Â 739,3.0
959459,201900000990,12,24,09:00,1,2,6,1.0,6.0,85194,AVENUE CARNOT,M,"46,4975300"," -1,7825000",85,2019,50.0,1.0,1.0,4.0,2144338,1.0,1,1,1,5.0,,-1.0, -1,1933.0,A01,138Â 304Â 737,1.0,-1.0,-1.0,1637457,1.0,7,,0.0,1.0,3.0,A01,138Â 304Â 737,1.0
959459,201900000990,12,24,09:00,1,2,6,1.0,6.0,85194,AVENUE CARNOT,M,"46,4975300"," -1,7825000",85,2019,50.0,1.0,1.0,4.0,2144339,10.0,3,3,2,3.0,,3.0,3,1947.0,A01,138Â 304Â 737,0.0,-1.0,-1.0,1637457,1.0,7,,0.0,1.0,3.0,A01,138Â 304Â 737,1.0
959460,201900000991,10,13,12:10,1,2,3,1.0,5.0,63113,AURIOL (BOULEVARD VINCENT),M,"45,7928399","3,1198883",63,2019,50.0,3.0,1.0,7.0,2144340,1.0,1,1,2,0.0,,0.0,0,1948.0,A01,138Â 304Â 734,1.0,0.0,-1.0,1637458,1.0,7,,0.0,6.0,0.0,A01,138Â 304Â 734,1.0
959460,201900000991,10,13,12:10,1,2,3,1.0,5.0,63113,AURIOL (BOULEVARD VINCENT),M,"45,7928399","3,1198883",63,2019,50.0,3.0,1.0,7.0,2144340,1.0,1,1,2,0.0,,0.0,0,1948.0,A01,138Â 304Â 734,1.0,0.0,-1.0,1637459,1.0,1,,0.0,2.0,1.0,B01,138Â 304Â 735,5.0
959460,201900000991,10,13,12:10,1,2,3,1.0,5.0,63113,AURIOL (BOULEVARD VINCENT),M,"45,7928399","3,1198883",63,2019,50.0,3.0,1.0,7.0,2144340,1.0,1,1,2,0.0,,0.0,0,1948.0,A01,138Â 304Â 734,1.0,0.0,-1.0,1637460,1.0,2,,0.0,2.0,1.0,C01,138Â 304Â 736,1.0
959460,201900000991,10,13,12:10,1,2,3,1.0,5.0,63113,AURIOL (BOULEVARD VINCENT),M,"45,7928399","3,1198883",63,2019,50.0,3.0,1.0,7.0,2144341,1.0,1,1,1,0.0,,0.0,0,1993.0,B01,138Â 304Â 735,8.0,0.0,-1.0,1637458,1.0,7,,0.0,6.0,0.0,A01,138Â 304Â 734,1.0
959460,201900000991,10,13,12:10,1,2,3,1.0,5.0,63113,AURIOL (BOULEVARD VINCENT),M,"45,7928399","3,1198883",63,2019,50.0,3.0,1.0,7.0,2144341,1.0,1,1,1,0.0,,0.0,0,1993.0,B01,138Â 304Â 735,8.0,0.0,-1.0,1637459,1.0,1,,0.0,2.0,1.0,B01,138Â 304Â 735,5.0
959460,201900000991,10,13,12:10,1,2,3,1.0,5.0,63113,AURIOL (BOULEVARD VINCENT),M,"45,7928399","3,1198883",63,2019,50.0,3.0,1.0,7.0,2144341,1.0,1,1,1,0.0,,0.0,0,1993.0,B01,138Â 304Â 735,8.0,0.0,-1.0,1637460,1.0,2,,0.0,2.0,1.0,C01,138Â 304Â 736,1.0
959460,201900000991,10,13,12:10,1,2,3,1.0,5.0,63113,AURIOL (BOULEVARD VINCENT),M,"45,7928399","3,1198883",63,2019,50.0,3.0,1.0,7.0,2144342,1.0,1,4,1,0.0,,0.0,0,1995.0,C01,138Â 304Â 736,2.0,0.0,-1.0,1637458,1.0,7,,0.0,6.0,0.0,A01,138Â 304Â 734,1.0
959460,201900000991,10,13,12:10,1,2,3,1.0,5.0,63113,AURIOL (BOULEVARD VINCENT),M,"45,7928399","3,1198883",63,2019,50.0,3.0,1.0,7.0,2144342,1.0,1,4,1,0.0,,0.0,0,1995.0,C01,138Â 304Â 736,2.0,0.0,-1.0,1637459,1.0,1,,0.0,2.0,1.0,B01,138Â 304Â 735,5.0
959460,201900000991,10,13,12:10,1,2,3,1.0,5.0,63113,AURIOL (BOULEVARD VINCENT),M,"45,7928399","3,1198883",63,2019,50.0,3.0,1.0,7.0,2144342,1.0,1,4,1,0.0,,0.0,0,1995.0,C01,138Â 304Â 736,2.0,0.0,-1.0,1637460,1.0,2,,0.0,2.0,1.0,C01,138Â 304Â 736,1.0
959461,201900000992,12,21,08:15,1,1,1,1.0,6.0,38185,,M,"45,1822200","5,7028400",38,2019,-1.0,1.0,1.0,1.0,2144343,1.0,1,2,1,-1.0,,-1.0, -1,1976.0,A01,138Â 304Â 733,-1.0,-1.0,-1.0,1637461,2.0,15,,3.0,0.0,3.0,A01,138Â 304Â 733,-1.0
959462,201900000993,12,28,06:24,5,2,9,1.0,2.0,95539,GENERAL DE GAULLE (AVENUE DU),M,"48,9916400","2,3602100",95,2019,90.0,1.0,1.0,3.0,2144344,1.0,1,4,1,4.0,,-1.0,0,1969.0,B01,138Â 304Â 731,1.0,0.0,-1.0,1637462,2.0,15,,0.0,2.0,1.0,B01,138Â 304Â 731,0.0
959462,201900000993,12,28,06:24,5,2,9,1.0,2.0,95539,GENERAL DE GAULLE (AVENUE DU),M,"48,9916400","2,3602100",95,2019,90.0,1.0,1.0,3.0,2144344,1.0,1,4,1,4.0,,-1.0,0,1969.0,B01,138Â 304Â 731,1.0,0.0,-1.0,1637463,2.0,7,,0.0,2.0,4.0,A01,138Â 304Â 732,0.0
959462,201900000993,12,28,06:24,5,2,9,1.0,2.0,95539,GENERAL DE GAULLE (AVENUE DU),M,"48,9916400","2,3602100",95,2019,90.0,1.0,1.0,3.0,2144345,1.0,1,4,1,1.0,,-1.0,0,1996.0,A01,138Â 304Â 732,1.0,0.0,-1.0,1637462,2.0,15,,0.0,2.0,1.0,B01,138Â 304Â 731,0.0
959462,201900000993,12,28,06:24,5,2,9,1.0,2.0,95539,GENERAL DE GAULLE (AVENUE DU),M,"48,9916400","2,3602100",95,2019,90.0,1.0,1.0,3.0,2144345,1.0,1,4,1,1.0,,-1.0,0,1996.0,A01,138Â 304Â 732,1.0,0.0,-1.0,1637463,2.0,7,,0.0,2.0,4.0,A01,138Â 304Â 732,0.0
959463,201900000994,12,26,20:30,5,2,1,3.0,6.0,95127,MERVEILLES (BOULEVARD DES),M,"49,0510600","2,0070900",95,2019,50.0,1.0,2.0,4.0,2144346,10.0,3,4,1,5.0,,2.0,3,1982.0,A01,138Â 304Â 730,8.0,8.0,-1.0,1637464,3.0,7,,0.0,1.0,1.0,A01,138Â 304Â 730,0.0
959464,201900000995,12,23,22:07,3,2,1,1.0,1.0,95572,FOND DE VAUX (AVENUE DU),M,"49,0376700","2,0852200",95,2019,50.0,1.0,1.0,4.0,2144347,1.0,1,1,1,1.0,,-1.0, -1,2000.0,B01,138Â 304Â 728,1.0,8.0,-1.0,1637465,3.0,7,,0.0,2.0,3.0,B01,138Â 304Â 728,1.0
959464,201900000995,12,23,22:07,3,2,1,1.0,1.0,95572,FOND DE VAUX (AVENUE DU),M,"49,0376700","2,0852200",95,2019,50.0,1.0,1.0,4.0,2144347,1.0,1,1,1,1.0,,-1.0, -1,2000.0,B01,138Â 304Â 728,1.0,8.0,-1.0,1637466,3.0,3,,0.0,2.0,8.0,A01,138Â 304Â 729,1.0
959464,201900000995,12,23,22:07,3,2,1,1.0,1.0,95572,FOND DE VAUX (AVENUE DU),M,"49,0376700","2,0852200",95,2019,50.0,1.0,1.0,4.0,2144348,1.0,1,4,1,5.0,,-1.0, -1,1953.0,A01,138Â 304Â 729,1.0,8.0,-1.0,1637465,3.0,7,,0.0,2.0,3.0,B01,138Â 304Â 728,1.0
959464,201900000995,12,23,22:07,3,2,1,1.0,1.0,95572,FOND DE VAUX (AVENUE DU),M,"49,0376700","2,0852200",95,2019,50.0,1.0,1.0,4.0,2144348,1.0,1,4,1,5.0,,-1.0, -1,1953.0,A01,138Â 304Â 729,1.0,8.0,-1.0,1637466,3.0,3,,0.0,2.0,8.0,A01,138Â 304Â 729,1.0
959465,201900000996,2,17,20:30,3,1,1,1.0,6.0,34020,D10,M,"43,3321800","2,7365250",34,2019,80.0,3.0,1.0,2.0,2144349,8.0,2,1,2,5.0,,0.0,0,2008.0,A01,138Â 304Â 727,1.0,-1.0,-1.0,1637467,2.0,7,,2.0,0.0,8.0,A01,138Â 304Â 727,1.0
959465,201900000996,2,17,20:30,3,1,1,1.0,6.0,34020,D10,M,"43,3321800","2,7365250",34,2019,80.0,3.0,1.0,2.0,2144350,2.0,2,1,1,5.0,,0.0,0,2006.0,A01,138Â 304Â 727,1.0,-1.0,-1.0,1637467,2.0,7,,2.0,0.0,8.0,A01,138Â 304Â 727,1.0
959465,201900000996,2,17,20:30,3,1,1,1.0,6.0,34020,D10,M,"43,3321800","2,7365250",34,2019,80.0,3.0,1.0,2.0,2144351,1.0,1,3,2,5.0,,0.0,0,1979.0,A01,138Â 304Â 727,0.0,-1.0,-1.0,1637467,2.0,7,,2.0,0.0,8.0,A01,138Â 304Â 727,1.0
959466,201900000997,2,17,17:00,1,1,1,1.0,3.0,83107,Col du bougnon,M,"43,3895020","6,6765960",83,2019,90.0,1.0,1.0,3.0,2144352,1.0,1,3,1,5.0,,0.0,0,1967.0,A01,138Â 304Â 725,2.0,6.0,-1.0,1637468,2.0,33,,0.0,2.0,8.0,A01,138Â 304Â 725,1.0
959466,201900000997,2,17,17:00,1,1,1,1.0,3.0,83107,Col du bougnon,M,"43,3895020","6,6765960",83,2019,90.0,1.0,1.0,3.0,2144352,1.0,1,3,1,5.0,,0.0,0,1967.0,A01,138Â 304Â 725,2.0,6.0,-1.0,1637469,1.0,7,,0.0,2.0,8.0,B01,138Â 304Â 726,1.0
959466,201900000997,2,17,17:00,1,1,1,1.0,3.0,83107,Col du bougnon,M,"43,3895020","6,6765960",83,2019,90.0,1.0,1.0,3.0,2144353,1.0,1,1,1,5.0,,0.0,0,1959.0,B01,138Â 304Â 726,1.0,-1.0,-1.0,1637468,2.0,33,,0.0,2.0,8.0,A01,138Â 304Â 725,1.0
959466,201900000997,2,17,17:00,1,1,1,1.0,3.0,83107,Col du bougnon,M,"43,3895020","6,6765960",83,2019,90.0,1.0,1.0,3.0,2144353,1.0,1,1,1,5.0,,0.0,0,1959.0,B01,138Â 304Â 726,1.0,-1.0,-1.0,1637469,1.0,7,,0.0,2.0,8.0,B01,138Â 304Â 726,1.0
959467,201900000998,2,11,17:00,1,2,6,7.0,6.0,06157,"rond-point de l'Ara, boulevard Emmanuel Maurel",M,"43,7203750","7,1074200",6,2019,50.0,8.0,1.0,7.0,2144354,1.0,1,1,1,5.0,,0.0,0,1999.0,A01,138Â 304Â 724,8.0,-1.0,-1.0,1637470,3.0,7,,0.0,1.0,3.0,A01,138Â 304Â 724,0.0
959467,201900000998,2,11,17:00,1,2,6,7.0,6.0,06157,"rond-point de l'Ara, boulevard Emmanuel Maurel",M,"43,7203750","7,1074200",6,2019,50.0,8.0,1.0,7.0,2144355,10.0,3,3,2,2.0,,3.0,3,2002.0,A01,138Â 304Â 724,0.0,-1.0,-1.0,1637470,3.0,7,,0.0,1.0,3.0,A01,138Â 304Â 724,0.0
959468,201900000999,2,13,18:10,1,1,3,1.0,4.0,04242, RD 4096 / CH DU PATRE,M,"43,9121650","5,8845770",4,2019,80.0,1.0,1.0,3.0,2144356,1.0,1,1,1,5.0,,0.0,0,1963.0,C01,138Â 304Â 721,1.0,-1.0,-1.0,1637471,1.0,7,,0.0,0.0,5.0,C01,138Â 304Â 721,1.0
959468,201900000999,2,13,18:10,1,1,3,1.0,4.0,04242, RD 4096 / CH DU PATRE,M,"43,9121650","5,8845770",4,2019,80.0,1.0,1.0,3.0,2144356,1.0,1,1,1,5.0,,0.0,0,1963.0,C01,138Â 304Â 721,1.0,-1.0,-1.0,1637472,1.0,7,,0.0,2.0,4.0,B01,138Â 304Â 722,1.0
959468,201900000999,2,13,18:10,1,1,3,1.0,4.0,04242, RD 4096 / CH DU PATRE,M,"43,9121650","5,8845770",4,2019,80.0,1.0,1.0,3.0,2144356,1.0,1,1,1,5.0,,0.0,0,1963.0,C01,138Â 304Â 721,1.0,-1.0,-1.0,1637473,1.0,7,,0.0,2.0,1.0,A01,138Â 304Â 723,1.0
959468,201900000999,2,13,18:10,1,1,3,1.0,4.0,04242, RD 4096 / CH DU PATRE,M,"43,9121650","5,8845770",4,2019,80.0,1.0,1.0,3.0,2144357,1.0,1,4,1,1.0,,0.0,0,1978.0,B01,138Â 304Â 722,1.0,-1.0,-1.0,1637471,1.0,7,,0.0,0.0,5.0,C01,138Â 304Â 721,1.0
959468,201900000999,2,13,18:10,1,1,3,1.0,4.0,04242, RD 4096 / CH DU PATRE,M,"43,9121650","5,8845770",4,2019,80.0,1.0,1.0,3.0,2144357,1.0,1,4,1,1.0,,0.0,0,1978.0,B01,138Â 304Â 722,1.0,-1.0,-1.0,1637472,1.0,7,,0.0,2.0,4.0,B01,138Â 304Â 722,1.0
959468,201900000999,2,13,18:10,1,1,3,1.0,4.0,04242, RD 4096 / CH DU PATRE,M,"43,9121650","5,8845770",4,2019,80.0,1.0,1.0,3.0,2144357,1.0,1,4,1,1.0,,0.0,0,1978.0,B01,138Â 304Â 722,1.0,-1.0,-1.0,1637473,1.0,7,,0.0,2.0,1.0,A01,138Â 304Â 723,1.0
959468,201900000999,2,13,18:10,1,1,3,1.0,4.0,04242, RD 4096 / CH DU PATRE,M,"43,9121650","5,8845770",4,2019,80.0,1.0,1.0,3.0,2144358,1.0,1,4,1,9.0,,0.0,0,1970.0,A01,138Â 304Â 723,1.0,-1.0,-1.0,1637471,1.0,7,,0.0,0.0,5.0,C01,138Â 304Â 721,1.0
959468,201900000999,2,13,18:10,1,1,3,1.0,4.0,04242, RD 4096 / CH DU PATRE,M,"43,9121650","5,8845770",4,2019,80.0,1.0,1.0,3.0,2144358,1.0,1,4,1,9.0,,0.0,0,1970.0,A01,138Â 304Â 723,1.0,-1.0,-1.0,1637472,1.0,7,,0.0,2.0,4.0,B01,138Â 304Â 722,1.0
959468,201900000999,2,13,18:10,1,1,3,1.0,4.0,04242, RD 4096 / CH DU PATRE,M,"43,9121650","5,8845770",4,2019,80.0,1.0,1.0,3.0,2144358,1.0,1,4,1,9.0,,0.0,0,1970.0,A01,138Â 304Â 723,1.0,-1.0,-1.0,1637473,1.0,7,,0.0,2.0,1.0,A01,138Â 304Â 723,1.0
959469,201900001000,2,16,08:10,1,1,1,1.0,6.0,13072,CD 6,M,"43,4629670","5,6126870",13,2019,80.0,1.0,1.0,3.0,2144359,10.0,3,2,1,3.0,,1.0,3,1926.0,A01,138Â 304Â 720,0.0,-1.0,-1.0,1637474,2.0,7,,0.0,1.0,1.0,A01,138Â 304Â 720,1.0
959469,201900001000,2,16,08:10,1,1,1,1.0,6.0,13072,CD 6,M,"43,4629670","5,6126870",13,2019,80.0,1.0,1.0,3.0,2144360,1.0,1,1,1,5.0,,0.0,0,1976.0,A01,138Â 304Â 720,1.0,-1.0,-1.0,1637474,2.0,7,,0.0,1.0,1.0,A01,138Â 304Â 720,1.0
959470,201900001001,2,17,20:30,3,1,1,1.0,7.0,71250,rd 82,M,"46,3668410","4,8016310",71,2019,80.0,1.0,1.0,3.0,2144361,1.0,1,1,1,5.0,,0.0,0,2000.0,A01,138Â 304Â 719,1.0,-1.0,-1.0,1637475,1.0,7,,8.0,0.0,0.0,A01,138Â 304Â 719,1.0
959470,201900001001,2,17,20:30,3,1,1,1.0,7.0,71250,rd 82,M,"46,3668410","4,8016310",71,2019,80.0,1.0,1.0,3.0,2144362,2.0,2,4,1,5.0,,0.0,0,1997.0,A01,138Â 304Â 719,0.0,-1.0,-1.0,1637475,1.0,7,,8.0,0.0,0.0,A01,138Â 304Â 719,1.0
959471,201900001002,2,17,16:45,1,1,1,1.0,6.0,10210,D5,M,"48,3847970","4,2205900",10,2019,80.0,1.0,1.0,3.0,2144363,1.0,1,2,1,5.0,,0.0,0,1970.0,A01,138Â 304Â 718,2.0,6.0,9.0,1637476,2.0,33,,0.0,0.0,0.0,A01,138Â 304Â 718,1.0
959472,201900001003,2,14,13:36,1,1,4,7.0,3.0,67433,croisement D282 et D124,M,"48,3772780","7,6191370",67,2019,-1.0,1.0,1.0,3.0,2144364,1.0,1,3,1,5.0,,0.0,0,1957.0,B01,138Â 304Â 716,2.0,6.0,-1.0,1637477,1.0,1,,0.0,2.0,7.0,B01,138Â 304Â 716,5.0
959472,201900001003,2,14,13:36,1,1,4,7.0,3.0,67433,croisement D282 et D124,M,"48,3772780","7,6191370",67,2019,-1.0,1.0,1.0,3.0,2144364,1.0,1,3,1,5.0,,0.0,0,1957.0,B01,138Â 304Â 716,2.0,6.0,-1.0,1637478,2.0,7,,0.0,9.0,3.0,A01,138Â 304Â 717,1.0
959472,201900001003,2,14,13:36,1,1,4,7.0,3.0,67433,croisement D282 et D124,M,"48,3772780","7,6191370",67,2019,-1.0,1.0,1.0,3.0,2144365,1.0,1,1,2,5.0,,0.0,0,1950.0,A01,138Â 304Â 717,1.0,-1.0,-1.0,1637477,1.0,1,,0.0,2.0,7.0,B01,138Â 304Â 716,5.0
959472,201900001003,2,14,13:36,1,1,4,7.0,3.0,67433,croisement D282 et D124,M,"48,3772780","7,6191370",67,2019,-1.0,1.0,1.0,3.0,2144365,1.0,1,1,2,5.0,,0.0,0,1950.0,A01,138Â 304Â 717,1.0,-1.0,-1.0,1637478,2.0,7,,0.0,9.0,3.0,A01,138Â 304Â 717,1.0
959473,201900001004,2,16,19:20,5,2,1,1.0,6.0,88196,10 Boulevard des xettes,M,"48,0728090","6,8700770",88,2019,50.0,1.0,1.0,3.0,2144366,10.0,3,2,1,5.0,,3.0,3,1967.0,A01,138Â 304Â 715,0.0,-1.0,-1.0,1637479,1.0,7,,0.0,1.0,1.0,A01,138Â 304Â 715,1.0
959473,201900001004,2,16,19:20,5,2,1,1.0,6.0,88196,10 Boulevard des xettes,M,"48,0728090","6,8700770",88,2019,50.0,1.0,1.0,3.0,2144367,1.0,1,1,1,5.0,,0.0,0,1993.0,A01,138Â 304Â 715,1.0,-1.0,-1.0,1637479,1.0,7,,0.0,1.0,1.0,A01,138Â 304Â 715,1.0
959474,201900001005,2,15,18:45,3,1,1,1.0,7.0,03253,Les Abeaupins,M,"46,4861894","3,6802953",3,2019,90.0,3.0,1.0,4.0,2144368,1.0,1,3,1,5.0,,0.0,0,1991.0,A01,138Â 304Â 714,2.0,6.0,-1.0,1637480,3.0,36,,13.0,0.0,3.0,A01,138Â 304Â 714,1.0
959475,201900001006,2,16,08:40,2,2,1,1.0,6.0,74153,route de Lucinges,M,"46,1909120","6,3180780",74,2019,50.0,1.0,1.0,3.0,2144369,1.0,1,1,1,5.0,,0.0,0,1986.0,A01,138Â 304Â 713,1.0,-1.0,-1.0,1637481,1.0,7,,0.0,1.0,2.0,A01,138Â 304Â 713,1.0
959475,201900001006,2,16,08:40,2,2,1,1.0,6.0,74153,route de Lucinges,M,"46,1909120","6,3180780",74,2019,50.0,1.0,1.0,3.0,2144370,10.0,3,2,2,3.0,,3.0,3,1936.0,A01,138Â 304Â 713,0.0,-1.0,-1.0,1637481,1.0,7,,0.0,1.0,2.0,A01,138Â 304Â 713,1.0
959476,201900001007,2,15,09:00,1,2,1,7.0,6.0,42147,"18, Boulevard LACHEZE",M,"45,6049220","4,0655990",42,2019,50.0,1.0,1.0,3.0,2144371,1.0,1,1,1,4.0,,0.0,0,1946.0,A01,138Â 304Â 710,1.0,-1.0,-1.0,1637482,0.0,99,,0.0,1.0,3.0,A01,138Â 304Â 710,1.0
959476,201900001007,2,15,09:00,1,2,1,7.0,6.0,42147,"18, Boulevard LACHEZE",M,"45,6049220","4,0655990",42,2019,50.0,1.0,1.0,3.0,2144372,10.0,3,3,2,5.0,,3.0,3,1938.0,A01,138Â 304Â 710,0.0,-1.0,-1.0,1637482,0.0,99,,0.0,1.0,3.0,A01,138Â 304Â 710,1.0
959477,201900001008,2,15,16:45,2,1,2,1.0,1.0,38072,d51,M,"45,3363500","4,8321200",38,2019,80.0,1.0,1.0,3.0,2144373,1.0,1,4,2,0.0,,0.0,0,1988.0,A01,138Â 304Â 708,1.0,-1.0,-1.0,1637483,2.0,7,,0.0,2.0,3.0,A01,138Â 304Â 708,1.0
959477,201900001008,2,15,16:45,2,1,2,1.0,1.0,38072,d51,M,"45,3363500","4,8321200",38,2019,80.0,1.0,1.0,3.0,2144373,1.0,1,4,2,0.0,,0.0,0,1988.0,A01,138Â 304Â 708,1.0,-1.0,-1.0,1637484,1.0,7,,0.0,2.0,1.0,B01,138Â 304Â 709,1.0
959477,201900001008,2,15,16:45,2,1,2,1.0,1.0,38072,d51,M,"45,3363500","4,8321200",38,2019,80.0,1.0,1.0,3.0,2144374,3.0,2,4,1,0.0,,0.0,0,2013.0,A01,138Â 304Â 708,1.0,-1.0,-1.0,1637483,2.0,7,,0.0,2.0,3.0,A01,138Â 304Â 708,1.0
959477,201900001008,2,15,16:45,2,1,2,1.0,1.0,38072,d51,M,"45,3363500","4,8321200",38,2019,80.0,1.0,1.0,3.0,2144374,3.0,2,4,1,0.0,,0.0,0,2013.0,A01,138Â 304Â 708,1.0,-1.0,-1.0,1637484,1.0,7,,0.0,2.0,1.0,B01,138Â 304Â 709,1.0