Unnamed: 0_x,num_acc,mois,jour,hrmn,lum,agg,int,atm,col,com,adr,gps,lat,long,dep,annee,vma,situ,surf,catr,Unnamed: 0_y,place,catu,grav,sexe,trajet,secu,locp,actp,an_nais,num_veh_x,id_vehicule_x,secu1,secu2,secu3,Unnamed: 0,senc,catv,occutc,obs,obsm,choc,num_veh_y,id_vehicule_y,motor
959477,201900001008,2,15,16:45,2,1,2,1.0,1.0,38072,d51,M,"45,3363500","4,8321200",38,2019,80.0,1.0,1.0,3.0,2144375,4.0,2,4,1,0.0,,0.0,0,2016.0,A01,138Â 304Â 708,1.0,3.0,-1.0,1637483,2.0,7,,0.0,2.0,3.0,A01,138Â 304Â 708,1.0
959477,201900001008,2,15,16:45,2,1,2,1.0,1.0,38072,d51,M,"45,3363500","4,8321200",38,2019,80.0,1.0,1.0,3.0,2144375,4.0,2,4,1,0.0,,0.0,0,2016.0,A01,138Â 304Â 708,1.0,3.0,-1.0,1637484,1.0,7,,0.0,2.0,1.0,B01,138Â 304Â 709,1.0
959477,201900001008,2,15,16:45,2,1,2,1.0,1.0,38072,d51,M,"45,3363500","4,8321200",38,2019,80.0,1.0,1.0,3.0,2144376,1.0,1,2,1,0.0,,0.0,0,1930.0,B01,138Â 304Â 709,1.0,-1.0,-1.0,1637483,2.0,7,,0.0,2.0,3.0,A01,138Â 304Â 708,1.0
959477,201900001008,2,15,16:45,2,1,2,1.0,1.0,38072,d51,M,"45,3363500","4,8321200",38,2019,80.0,1.0,1.0,3.0,2144376,1.0,1,2,1,0.0,,0.0,0,1930.0,B01,138Â 304Â 709,1.0,-1.0,-1.0,1637484,1.0,7,,0.0,2.0,1.0,B01,138Â 304Â 709,1.0
959477,201900001008,2,15,16:45,2,1,2,1.0,1.0,38072,d51,M,"45,3363500","4,8321200",38,2019,80.0,1.0,1.0,3.0,2144377,2.0,2,2,2,0.0,,0.0,0,1928.0,B01,138Â 304Â 709,1.0,-1.0,-1.0,1637483,2.0,7,,0.0,2.0,3.0,A01,138Â 304Â 708,1.0
959477,201900001008,2,15,16:45,2,1,2,1.0,1.0,38072,d51,M,"45,3363500","4,8321200",38,2019,80.0,1.0,1.0,3.0,2144377,2.0,2,2,2,0.0,,0.0,0,1928.0,B01,138Â 304Â 709,1.0,-1.0,-1.0,1637484,1.0,7,,0.0,2.0,1.0,B01,138Â 304Â 709,1.0
959478,201900001009,2,15,19:15,3,1,1,1.0,7.0,38554,D 75 - Hameau de Beptenoud,M,"45,7151220","5,2357010",38,2019,70.0,1.0,1.0,3.0,2144378,1.0,1,3,1,5.0,,0.0,0,1978.0,A01,138Â 304Â 707,2.0,-1.0,-1.0,1637485,1.0,36,,0.0,0.0,0.0,A01,138Â 304Â 707,1.0
959479,201900001010,2,16,00:30,3,1,1,1.0,6.0,38498,RD520,M,"45,5297370","5,3245150",38,2019,80.0,3.0,1.0,3.0,2144379,1.0,1,1,1,5.0,,0.0,0,2000.0,A01,138Â 304Â 706,1.0,-1.0,-1.0,1637486,2.0,7,,13.0,0.0,2.0,A01,138Â 304Â 706,1.0
959479,201900001010,2,16,00:30,3,1,1,1.0,6.0,38498,RD520,M,"45,5297370","5,3245150",38,2019,80.0,3.0,1.0,3.0,2144380,2.0,2,3,1,5.0,,0.0,0,2000.0,A01,138Â 304Â 706,1.0,-1.0,-1.0,1637486,2.0,7,,13.0,0.0,2.0,A01,138Â 304Â 706,1.0
959479,201900001010,2,16,00:30,3,1,1,1.0,6.0,38498,RD520,M,"45,5297370","5,3245150",38,2019,80.0,3.0,1.0,3.0,2144381,3.0,2,1,1,5.0,,0.0,0,1999.0,A01,138Â 304Â 706,1.0,-1.0,-1.0,1637486,2.0,7,,13.0,0.0,2.0,A01,138Â 304Â 706,1.0
959479,201900001010,2,16,00:30,3,1,1,1.0,6.0,38498,RD520,M,"45,5297370","5,3245150",38,2019,80.0,3.0,1.0,3.0,2144382,4.0,2,4,1,5.0,,0.0,0,2000.0,A01,138Â 304Â 706,1.0,-1.0,-1.0,1637486,2.0,7,,13.0,0.0,2.0,A01,138Â 304Â 706,1.0
959480,201900001011,2,16,19:30,5,2,1,1.0,7.0,38388,D63A,M,"45,0463200","5,7036300",38,2019,50.0,1.0,9.0,3.0,2144383,1.0,1,3,1,3.0,,0.0,0,1996.0,A01,138Â 304Â 705,6.0,2.0,-1.0,1637487,1.0,33,,12.0,9.0,9.0,A01,138Â 304Â 705,1.0
959481,201900001012,2,14,14:50,1,2,1,1.0,6.0,38565,Rue de la gare,M,"45,2907700","5,6342600",38,2019,50.0,8.0,1.0,6.0,2144384,10.0,3,3,2,3.0,,9.0,4,1946.0,A01,138Â 304Â 704,0.0,-1.0,-1.0,1637488,3.0,7,,0.0,1.0,2.0,A01,138Â 304Â 704,1.0
959481,201900001012,2,14,14:50,1,2,1,1.0,6.0,38565,Rue de la gare,M,"45,2907700","5,6342600",38,2019,50.0,8.0,1.0,6.0,2144385,1.0,1,1,1,3.0,,0.0,0,1929.0,A01,138Â 304Â 704,1.0,-1.0,-1.0,1637488,3.0,7,,0.0,1.0,2.0,A01,138Â 304Â 704,1.0
959482,201900001013,2,15,18:20,2,1,1,1.0,1.0,38317,RN85,M,"45,1082200","5,7001640",38,2019,80.0,1.0,1.0,2.0,2144386,1.0,1,4,1,5.0,,0.0,0,1974.0,B01,138Â 304Â 702,1.0,-1.0,-1.0,1637489,3.0,7,,0.0,2.0,3.0,B01,138Â 304Â 702,1.0
959482,201900001013,2,15,18:20,2,1,1,1.0,1.0,38317,RN85,M,"45,1082200","5,7001640",38,2019,80.0,1.0,1.0,2.0,2144386,1.0,1,4,1,5.0,,0.0,0,1974.0,B01,138Â 304Â 702,1.0,-1.0,-1.0,1637490,3.0,7,,0.0,2.0,3.0,A01,138Â 304Â 703,2.0
959482,201900001013,2,15,18:20,2,1,1,1.0,1.0,38317,RN85,M,"45,1082200","5,7001640",38,2019,80.0,1.0,1.0,2.0,2144387,1.0,1,1,1,5.0,,0.0,0,1983.0,A01,138Â 304Â 703,1.0,-1.0,-1.0,1637489,3.0,7,,0.0,2.0,3.0,B01,138Â 304Â 702,1.0
959482,201900001013,2,15,18:20,2,1,1,1.0,1.0,38317,RN85,M,"45,1082200","5,7001640",38,2019,80.0,1.0,1.0,2.0,2144387,1.0,1,1,1,5.0,,0.0,0,1983.0,A01,138Â 304Â 703,1.0,-1.0,-1.0,1637490,3.0,7,,0.0,2.0,3.0,A01,138Â 304Â 703,2.0
959483,201900001014,2,18,13:30,1,1,1,1.0,2.0,38557,D517,M,"45,7662100","5,1006700",38,2019,90.0,1.0,1.0,3.0,2144388,1.0,1,4,2,3.0,,0.0,0,1968.0,B01,138Â 304Â 700,1.0,-1.0,-1.0,1637491,1.0,3,,0.0,0.0,4.0,B01,138Â 304Â 700,1.0
959483,201900001014,2,18,13:30,1,1,1,1.0,2.0,38557,D517,M,"45,7662100","5,1006700",38,2019,90.0,1.0,1.0,3.0,2144388,1.0,1,4,2,3.0,,0.0,0,1968.0,B01,138Â 304Â 700,1.0,-1.0,-1.0,1637492,1.0,15,,0.0,2.0,2.0,A01,138Â 304Â 701,1.0
959483,201900001014,2,18,13:30,1,1,1,1.0,2.0,38557,D517,M,"45,7662100","5,1006700",38,2019,90.0,1.0,1.0,3.0,2144389,2.0,2,4,1,3.0,,0.0,0,1955.0,B01,138Â 304Â 700,1.0,-1.0,-1.0,1637491,1.0,3,,0.0,0.0,4.0,B01,138Â 304Â 700,1.0
959483,201900001014,2,18,13:30,1,1,1,1.0,2.0,38557,D517,M,"45,7662100","5,1006700",38,2019,90.0,1.0,1.0,3.0,2144389,2.0,2,4,1,3.0,,0.0,0,1955.0,B01,138Â 304Â 700,1.0,-1.0,-1.0,1637492,1.0,15,,0.0,2.0,2.0,A01,138Â 304Â 701,1.0
959483,201900001014,2,18,13:30,1,1,1,1.0,2.0,38557,D517,M,"45,7662100","5,1006700",38,2019,90.0,1.0,1.0,3.0,2144390,1.0,1,1,1,4.0,,0.0,0,1983.0,A01,138Â 304Â 701,1.0,-1.0,-1.0,1637491,1.0,3,,0.0,0.0,4.0,B01,138Â 304Â 700,1.0
959483,201900001014,2,18,13:30,1,1,1,1.0,2.0,38557,D517,M,"45,7662100","5,1006700",38,2019,90.0,1.0,1.0,3.0,2144390,1.0,1,1,1,4.0,,0.0,0,1983.0,A01,138Â 304Â 701,1.0,-1.0,-1.0,1637492,1.0,15,,0.0,2.0,2.0,A01,138Â 304Â 701,1.0
959484,201900001015,2,15,14:20,1,1,1,1.0,3.0,26182,RD 538,M,"44,3277020","5,1024420",26,2019,80.0,1.0,1.0,3.0,2144391,1.0,1,3,1,0.0,,0.0,0,1962.0,B01,138Â 304Â 698,2.0,6.0,-1.0,1637493,1.0,33,,0.0,2.0,1.0,B01,138Â 304Â 698,1.0
959484,201900001015,2,15,14:20,1,1,1,1.0,3.0,26182,RD 538,M,"44,3277020","5,1024420",26,2019,80.0,1.0,1.0,3.0,2144391,1.0,1,3,1,0.0,,0.0,0,1962.0,B01,138Â 304Â 698,2.0,6.0,-1.0,1637494,1.0,7,,0.0,2.0,5.0,A01,138Â 304Â 699,1.0
959484,201900001015,2,15,14:20,1,1,1,1.0,3.0,26182,RD 538,M,"44,3277020","5,1024420",26,2019,80.0,1.0,1.0,3.0,2144392,1.0,1,1,1,0.0,,0.0,0,1954.0,A01,138Â 304Â 699,8.0,-1.0,-1.0,1637493,1.0,33,,0.0,2.0,1.0,B01,138Â 304Â 698,1.0
959484,201900001015,2,15,14:20,1,1,1,1.0,3.0,26182,RD 538,M,"44,3277020","5,1024420",26,2019,80.0,1.0,1.0,3.0,2144392,1.0,1,1,1,0.0,,0.0,0,1954.0,A01,138Â 304Â 699,8.0,-1.0,-1.0,1637494,1.0,7,,0.0,2.0,5.0,A01,138Â 304Â 699,1.0
959485,201900001016,2,16,17:05,1,2,3,1.0,7.0,07345,RD86,M,"45,1107390","4,8078870",7,2019,-1.0,1.0,1.0,3.0,2144393,1.0,1,3,1,5.0,,0.0,0,1953.0,A01,138Â 304Â 695,2.0,6.0,9.0,1637495,0.0,33,,0.0,0.0,0.0,A01,138Â 304Â 695,1.0
959486,201900001017,2,14,12:51,1,1,3,1.0,1.0,01276,Route de JONS,M,"45,8222180","5,0723360",1,2019,80.0,1.0,1.0,3.0,2144394,1.0,1,1,1,4.0,,0.0,0,1970.0,B01,138Â 304Â 693,1.0,9.0,-1.0,1637496,1.0,7,,0.0,2.0,1.0,B01,138Â 304Â 693,1.0
959486,201900001017,2,14,12:51,1,1,3,1.0,1.0,01276,Route de JONS,M,"45,8222180","5,0723360",1,2019,80.0,1.0,1.0,3.0,2144394,1.0,1,1,1,4.0,,0.0,0,1970.0,B01,138Â 304Â 693,1.0,9.0,-1.0,1637497,2.0,7,,0.0,2.0,1.0,A01,138Â 304Â 694,1.0
959486,201900001017,2,14,12:51,1,1,3,1.0,1.0,01276,Route de JONS,M,"45,8222180","5,0723360",1,2019,80.0,1.0,1.0,3.0,2144395,2.0,2,4,1,4.0,,0.0,0,1980.0,B01,138Â 304Â 693,1.0,9.0,-1.0,1637496,1.0,7,,0.0,2.0,1.0,B01,138Â 304Â 693,1.0
959486,201900001017,2,14,12:51,1,1,3,1.0,1.0,01276,Route de JONS,M,"45,8222180","5,0723360",1,2019,80.0,1.0,1.0,3.0,2144395,2.0,2,4,1,4.0,,0.0,0,1980.0,B01,138Â 304Â 693,1.0,9.0,-1.0,1637497,2.0,7,,0.0,2.0,1.0,A01,138Â 304Â 694,1.0
959486,201900001017,2,14,12:51,1,1,3,1.0,1.0,01276,Route de JONS,M,"45,8222180","5,0723360",1,2019,80.0,1.0,1.0,3.0,2144396,9.0,2,1,1,4.0,,0.0,0,1965.0,B01,138Â 304Â 693,1.0,9.0,-1.0,1637496,1.0,7,,0.0,2.0,1.0,B01,138Â 304Â 693,1.0
959486,201900001017,2,14,12:51,1,1,3,1.0,1.0,01276,Route de JONS,M,"45,8222180","5,0723360",1,2019,80.0,1.0,1.0,3.0,2144396,9.0,2,1,1,4.0,,0.0,0,1965.0,B01,138Â 304Â 693,1.0,9.0,-1.0,1637497,2.0,7,,0.0,2.0,1.0,A01,138Â 304Â 694,1.0
959486,201900001017,2,14,12:51,1,1,3,1.0,1.0,01276,Route de JONS,M,"45,8222180","5,0723360",1,2019,80.0,1.0,1.0,3.0,2144397,1.0,1,4,2,4.0,,0.0,0,1988.0,A01,138Â 304Â 694,1.0,-1.0,-1.0,1637496,1.0,7,,0.0,2.0,1.0,B01,138Â 304Â 693,1.0
959486,201900001017,2,14,12:51,1,1,3,1.0,1.0,01276,Route de JONS,M,"45,8222180","5,0723360",1,2019,80.0,1.0,1.0,3.0,2144397,1.0,1,4,2,4.0,,0.0,0,1988.0,A01,138Â 304Â 694,1.0,-1.0,-1.0,1637497,2.0,7,,0.0,2.0,1.0,A01,138Â 304Â 694,1.0
959487,201900001018,2,14,16:13,1,2,9,1.0,6.0,01049,55 rue de la meule,M,"45,8465460","5,0422980",1,2019,-1.0,8.0,1.0,6.0,2144398,1.0,1,1,2,9.0,,0.0,0,1942.0,A01,138Â 304Â 692,1.0,-1.0,-1.0,1637498,3.0,7,,0.0,1.0,3.0,A01,138Â 304Â 692,1.0
959487,201900001018,2,14,16:13,1,2,9,1.0,6.0,01049,55 rue de la meule,M,"45,8465460","5,0422980",1,2019,-1.0,8.0,1.0,6.0,2144399,10.0,3,3,1,0.0,,9.0,2,2017.0,A01,138Â 304Â 692,0.0,-1.0,-1.0,1637498,3.0,7,,0.0,1.0,3.0,A01,138Â 304Â 692,1.0
959488,201900001019,2,16,17:25,1,1,1,1.0,1.0,69050,D 596,M,"45,8569300","4,6623050",69,2019,80.0,1.0,1.0,3.0,2144400,1.0,1,3,1,5.0,,0.0,0,1979.0,B01,138Â 304Â 690,1.0,-1.0,-1.0,1637499,2.0,7,,0.0,2.0,1.0,B01,138Â 304Â 690,0.0
959488,201900001019,2,16,17:25,1,1,1,1.0,1.0,69050,D 596,M,"45,8569300","4,6623050",69,2019,80.0,1.0,1.0,3.0,2144400,1.0,1,3,1,5.0,,0.0,0,1979.0,B01,138Â 304Â 690,1.0,-1.0,-1.0,1637500,1.0,10,,0.0,2.0,1.0,A01,138Â 304Â 691,0.0
959488,201900001019,2,16,17:25,1,1,1,1.0,1.0,69050,D 596,M,"45,8569300","4,6623050",69,2019,80.0,1.0,1.0,3.0,2144401,1.0,1,3,1,9.0,,0.0,0,1956.0,A01,138Â 304Â 691,1.0,-1.0,-1.0,1637499,2.0,7,,0.0,2.0,1.0,B01,138Â 304Â 690,0.0
959488,201900001019,2,16,17:25,1,1,1,1.0,1.0,69050,D 596,M,"45,8569300","4,6623050",69,2019,80.0,1.0,1.0,3.0,2144401,1.0,1,3,1,9.0,,0.0,0,1956.0,A01,138Â 304Â 691,1.0,-1.0,-1.0,1637500,1.0,10,,0.0,2.0,1.0,A01,138Â 304Â 691,0.0
959489,201900001020,2,17,18:15,1,1,2,1.0,3.0,69242,D 109,M,"46,1205300","4,7554200",69,2019,80.0,1.0,1.0,3.0,2144402,7.0,2,3,2,5.0,,0.0,0,1987.0,A01,138Â 304Â 688,1.0,-1.0,-1.0,1637501,1.0,7,,13.0,2.0,1.0,A01,138Â 304Â 688,0.0
959489,201900001020,2,17,18:15,1,1,2,1.0,3.0,69242,D 109,M,"46,1205300","4,7554200",69,2019,80.0,1.0,1.0,3.0,2144402,7.0,2,3,2,5.0,,0.0,0,1987.0,A01,138Â 304Â 688,1.0,-1.0,-1.0,1637502,1.0,7,,0.0,2.0,3.0,B01,138Â 304Â 689,0.0
959489,201900001020,2,17,18:15,1,1,2,1.0,3.0,69242,D 109,M,"46,1205300","4,7554200",69,2019,80.0,1.0,1.0,3.0,2144403,1.0,1,1,1,5.0,,0.0,0,1988.0,A01,138Â 304Â 688,1.0,-1.0,-1.0,1637501,1.0,7,,13.0,2.0,1.0,A01,138Â 304Â 688,0.0
959489,201900001020,2,17,18:15,1,1,2,1.0,3.0,69242,D 109,M,"46,1205300","4,7554200",69,2019,80.0,1.0,1.0,3.0,2144403,1.0,1,1,1,5.0,,0.0,0,1988.0,A01,138Â 304Â 688,1.0,-1.0,-1.0,1637502,1.0,7,,0.0,2.0,3.0,B01,138Â 304Â 689,0.0
959489,201900001020,2,17,18:15,1,1,2,1.0,3.0,69242,D 109,M,"46,1205300","4,7554200",69,2019,80.0,1.0,1.0,3.0,2144404,2.0,2,1,2,5.0,,0.0,0,1986.0,A01,138Â 304Â 688,1.0,-1.0,-1.0,1637501,1.0,7,,13.0,2.0,1.0,A01,138Â 304Â 688,0.0
959489,201900001020,2,17,18:15,1,1,2,1.0,3.0,69242,D 109,M,"46,1205300","4,7554200",69,2019,80.0,1.0,1.0,3.0,2144404,2.0,2,1,2,5.0,,0.0,0,1986.0,A01,138Â 304Â 688,1.0,-1.0,-1.0,1637502,1.0,7,,0.0,2.0,3.0,B01,138Â 304Â 689,0.0
959489,201900001020,2,17,18:15,1,1,2,1.0,3.0,69242,D 109,M,"46,1205300","4,7554200",69,2019,80.0,1.0,1.0,3.0,2144405,1.0,1,1,2,5.0,,0.0,0,1992.0,B01,138Â 304Â 689,1.0,-1.0,-1.0,1637501,1.0,7,,13.0,2.0,1.0,A01,138Â 304Â 688,0.0
959489,201900001020,2,17,18:15,1,1,2,1.0,3.0,69242,D 109,M,"46,1205300","4,7554200",69,2019,80.0,1.0,1.0,3.0,2144405,1.0,1,1,2,5.0,,0.0,0,1992.0,B01,138Â 304Â 689,1.0,-1.0,-1.0,1637502,1.0,7,,0.0,2.0,3.0,B01,138Â 304Â 689,0.0
959490,201900001021,2,15,13:30,1,2,1,1.0,6.0,69143,Avenue Auguste Wissel,M,"45,8847200","4,8497100",69,2019,-1.0,1.0,1.0,3.0,2144406,10.0,3,4,2,0.0,,3.0,1,1994.0,A01,138Â 304Â 687,0.0,-1.0,-1.0,1637503,3.0,7,,0.0,1.0,8.0,A01,138Â 304Â 687,0.0
959490,201900001021,2,15,13:30,1,2,1,1.0,6.0,69143,Avenue Auguste Wissel,M,"45,8847200","4,8497100",69,2019,-1.0,1.0,1.0,3.0,2144407,1.0,1,1,1,5.0,,0.0,0,1946.0,A01,138Â 304Â 687,1.0,-1.0,-1.0,1637503,3.0,7,,0.0,1.0,8.0,A01,138Â 304Â 687,0.0
959491,201900001022,1,30,18:10,5,2,1,1.0,6.0,69191,route de lyon,M,"45,8124880","4,8183480",69,2019,50.0,1.0,1.0,3.0,2144408,1.0,1,1,1,5.0,,0.0,0,1933.0,A01,138Â 304Â 685,1.0,-1.0,-1.0,1637504,1.0,7,,0.0,0.0,5.0,A01,138Â 304Â 685,1.0
959491,201900001022,1,30,18:10,5,2,1,1.0,6.0,69191,route de lyon,M,"45,8124880","4,8183480",69,2019,50.0,1.0,1.0,3.0,2144408,1.0,1,1,1,5.0,,0.0,0,1933.0,A01,138Â 304Â 685,1.0,-1.0,-1.0,1637505,2.0,1,,0.0,2.0,1.0,B01,138Â 304Â 686,5.0
959491,201900001022,1,30,18:10,5,2,1,1.0,6.0,69191,route de lyon,M,"45,8124880","4,8183480",69,2019,50.0,1.0,1.0,3.0,2144409,1.0,1,3,1,9.0,,0.0,0,1991.0,B01,138Â 304Â 686,2.0,-1.0,-1.0,1637504,1.0,7,,0.0,0.0,5.0,A01,138Â 304Â 685,1.0
959491,201900001022,1,30,18:10,5,2,1,1.0,6.0,69191,route de lyon,M,"45,8124880","4,8183480",69,2019,50.0,1.0,1.0,3.0,2144409,1.0,1,3,1,9.0,,0.0,0,1991.0,B01,138Â 304Â 686,2.0,-1.0,-1.0,1637505,2.0,1,,0.0,2.0,1.0,B01,138Â 304Â 686,5.0
959492,201900001023,2,16,10:35,1,2,1,1.0,7.0,81105,allÃ©e de Prien am Chiemsee,M,"43,7626690","1,9949840",81,2019,50.0,1.0,1.0,4.0,2144410,1.0,1,3,1,0.0,,0.0,0,1956.0,A01,138Â 304Â 684,8.0,-1.0,-1.0,1637506,0.0,33,,0.0,0.0,0.0,A01,138Â 304Â 684,1.0
959493,201900001024,2,14,17:45,1,2,3,1.0,3.0,09282,route de cante,M,"43,2413020","1,5678150",9,2019,50.0,1.0,1.0,3.0,2144411,1.0,1,1,2,1.0,,0.0,0,1980.0,A01,138Â 304Â 682,1.0,-1.0,-1.0,1637507,2.0,10,,0.0,2.0,5.0,A01,138Â 304Â 682,1.0
959493,201900001024,2,14,17:45,1,2,3,1.0,3.0,09282,route de cante,M,"43,2413020","1,5678150",9,2019,50.0,1.0,1.0,3.0,2144411,1.0,1,1,2,1.0,,0.0,0,1980.0,A01,138Â 304Â 682,1.0,-1.0,-1.0,1637508,1.0,34,,0.0,2.0,1.0,B01,138Â 304Â 683,1.0
959493,201900001024,2,14,17:45,1,2,3,1.0,3.0,09282,route de cante,M,"43,2413020","1,5678150",9,2019,50.0,1.0,1.0,3.0,2144412,1.0,1,4,1,2.0,,0.0,0,2002.0,B01,138Â 304Â 683,2.0,6.0,-1.0,1637507,2.0,10,,0.0,2.0,5.0,A01,138Â 304Â 682,1.0
959493,201900001024,2,14,17:45,1,2,3,1.0,3.0,09282,route de cante,M,"43,2413020","1,5678150",9,2019,50.0,1.0,1.0,3.0,2144412,1.0,1,4,1,2.0,,0.0,0,2002.0,B01,138Â 304Â 683,2.0,6.0,-1.0,1637508,1.0,34,,0.0,2.0,1.0,B01,138Â 304Â 683,1.0
959494,201900001025,2,16,19:50,3,1,1,1.0,6.0,17219,RD 728,M,"45,8239940"," -1,0883590",17,2019,80.0,1.0,1.0,3.0,2144413,1.0,1,1,1,5.0,,0.0,0,1967.0,A01,138Â 304Â 681,1.0,-1.0,-1.0,1637509,2.0,7,,0.0,1.0,2.0,A01,138Â 304Â 681,1.0
959494,201900001025,2,16,19:50,3,1,1,1.0,6.0,17219,RD 728,M,"45,8239940"," -1,0883590",17,2019,80.0,1.0,1.0,3.0,2144414,10.0,3,3,1,5.0,,1.0,1,1974.0,A01,138Â 304Â 681,0.0,-1.0,-1.0,1637509,2.0,7,,0.0,1.0,2.0,A01,138Â 304Â 681,1.0
959495,201900001026,2,17,04:00,3,1,1,1.0,7.0,16348,Ld Les Chaumes Coupris,M,"45,6657750","0,0355480",16,2019,80.0,3.0,1.0,3.0,2144415,1.0,1,4,2,5.0,,0.0,0,1992.0,A01,138Â 304Â 680,1.0,-1.0,-1.0,1637510,2.0,7,,15.0,0.0,9.0,A01,138Â 304Â 680,1.0
959495,201900001026,2,17,04:00,3,1,1,1.0,7.0,16348,Ld Les Chaumes Coupris,M,"45,6657750","0,0355480",16,2019,80.0,3.0,1.0,3.0,2144416,2.0,2,1,2,5.0,,0.0,0,1990.0,A01,138Â 304Â 680,1.0,-1.0,-1.0,1637510,2.0,7,,15.0,0.0,9.0,A01,138Â 304Â 680,1.0
959495,201900001026,2,17,04:00,3,1,1,1.0,7.0,16348,Ld Les Chaumes Coupris,M,"45,6657750","0,0355480",16,2019,80.0,3.0,1.0,3.0,2144417,3.0,2,1,2,5.0,,0.0,0,1986.0,A01,138Â 304Â 680,1.0,-1.0,-1.0,1637510,2.0,7,,15.0,0.0,9.0,A01,138Â 304Â 680,1.0
959496,201900001027,2,14,21:50,3,1,1,1.0,2.0,33539,RN 89,M,"44,8831790"," -0,3380020",33,2019,110.0,1.0,1.0,2.0,2144418,1.0,1,3,1,9.0,,0.0,0,1990.0,A01,138Â 304Â 678,1.0,-1.0,-1.0,1637511,1.0,7,,3.0,0.0,4.0,A01,138Â 304Â 678,1.0
959496,201900001027,2,14,21:50,3,1,1,1.0,2.0,33539,RN 89,M,"44,8831790"," -0,3380020",33,2019,110.0,1.0,1.0,2.0,2144418,1.0,1,3,1,9.0,,0.0,0,1990.0,A01,138Â 304Â 678,1.0,-1.0,-1.0,1637512,1.0,7,,0.0,2.0,1.0,B01,138Â 304Â 679,1.0
959496,201900001027,2,14,21:50,3,1,1,1.0,2.0,33539,RN 89,M,"44,8831790"," -0,3380020",33,2019,110.0,1.0,1.0,2.0,2144419,2.0,2,1,1,0.0,,0.0,0,1993.0,B01,138Â 304Â 679,1.0,-1.0,-1.0,1637511,1.0,7,,3.0,0.0,4.0,A01,138Â 304Â 678,1.0
959496,201900001027,2,14,21:50,3,1,1,1.0,2.0,33539,RN 89,M,"44,8831790"," -0,3380020",33,2019,110.0,1.0,1.0,2.0,2144419,2.0,2,1,1,0.0,,0.0,0,1993.0,B01,138Â 304Â 679,1.0,-1.0,-1.0,1637512,1.0,7,,0.0,2.0,1.0,B01,138Â 304Â 679,1.0
959496,201900001027,2,14,21:50,3,1,1,1.0,2.0,33539,RN 89,M,"44,8831790"," -0,3380020",33,2019,110.0,1.0,1.0,2.0,2144420,1.0,1,1,2,9.0,,0.0,0,1990.0,B01,138Â 304Â 679,1.0,-1.0,-1.0,1637511,1.0,7,,3.0,0.0,4.0,A01,138Â 304Â 678,1.0
959496,201900001027,2,14,21:50,3,1,1,1.0,2.0,33539,RN 89,M,"44,8831790"," -0,3380020",33,2019,110.0,1.0,1.0,2.0,2144420,1.0,1,1,2,9.0,,0.0,0,1990.0,B01,138Â 304Â 679,1.0,-1.0,-1.0,1637512,1.0,7,,0.0,2.0,1.0,B01,138Â 304Â 679,1.0
959497,201900001028,2,16,17:30,1,2,1,1.0,2.0,33438,125 route de gascogne ?,M,"44,5766000"," -0,2574500",33,2019,50.0,1.0,1.0,3.0,2144421,1.0,1,1,1,3.0,,0.0,0,1945.0,B01,138Â 304Â 676,1.0,-1.0,-1.0,1637513,1.0,7,,0.0,0.0,4.0,B01,138Â 304Â 676,0.0
959497,201900001028,2,16,17:30,1,2,1,1.0,2.0,33438,125 route de gascogne ?,M,"44,5766000"," -0,2574500",33,2019,50.0,1.0,1.0,3.0,2144421,1.0,1,1,1,3.0,,0.0,0,1945.0,B01,138Â 304Â 676,1.0,-1.0,-1.0,1637514,1.0,33,,0.0,2.0,1.0,A01,138Â 304Â 677,1.0
959497,201900001028,2,16,17:30,1,2,1,1.0,2.0,33438,125 route de gascogne ?,M,"44,5766000"," -0,2574500",33,2019,50.0,1.0,1.0,3.0,2144422,1.0,1,3,1,5.0,,0.0,0,1981.0,A01,138Â 304Â 677,2.0,6.0,9.0,1637513,1.0,7,,0.0,0.0,4.0,B01,138Â 304Â 676,0.0
959497,201900001028,2,16,17:30,1,2,1,1.0,2.0,33438,125 route de gascogne ?,M,"44,5766000"," -0,2574500",33,2019,50.0,1.0,1.0,3.0,2144422,1.0,1,3,1,5.0,,0.0,0,1981.0,A01,138Â 304Â 677,2.0,6.0,9.0,1637514,1.0,33,,0.0,2.0,1.0,A01,138Â 304Â 677,1.0
959498,201900001029,2,16,08:40,1,1,1,7.0,6.0,33351,RD132E1,M,"45,2364700"," -0,5166700",33,2019,80.0,3.0,1.0,3.0,2144423,1.0,1,2,1,5.0,,0.0,0,1945.0,A01,138Â 304Â 675,8.0,-1.0,-1.0,1637515,2.0,10,,17.0,0.0,2.0,A01,138Â 304Â 675,1.0
959499,201900001030,2,11,17:50,2,2,2,1.0,3.0,33056,avenue 11 novembre - rue de la landille,M,"44,9144200"," -0,6263500",33,2019,50.0,1.0,1.0,4.0,2144424,1.0,1,3,1,1.0,,0.0,0,1971.0,B01,138Â 304Â 673,2.0,6.0,-1.0,1637516,1.0,33,,0.0,2.0,2.0,B01,138Â 304Â 673,1.0
959499,201900001030,2,11,17:50,2,2,2,1.0,3.0,33056,avenue 11 novembre - rue de la landille,M,"44,9144200"," -0,6263500",33,2019,50.0,1.0,1.0,4.0,2144424,1.0,1,3,1,1.0,,0.0,0,1971.0,B01,138Â 304Â 673,2.0,6.0,-1.0,1637517,1.0,7,,0.0,2.0,8.0,A01,138Â 304Â 674,1.0