Unnamed: 0_x,num_acc,mois,jour,hrmn,lum,agg,int,atm,col,com,adr,gps,lat,long,dep,annee,vma,situ,surf,catr,Unnamed: 0_y,place,catu,grav,sexe,trajet,secu,locp,actp,an_nais,num_veh_x,id_vehicule_x,secu1,secu2,secu3,Unnamed: 0,senc,catv,occutc,obs,obsm,choc,num_veh_y,id_vehicule_y,motor
959499,201900001030,2,11,17:50,2,2,2,1.0,3.0,33056,avenue 11 novembre - rue de la landille,M,"44,9144200"," -0,6263500",33,2019,50.0,1.0,1.0,4.0,2144425,1.0,1,1,1,1.0,,0.0,0,1998.0,A01,138Â 304Â 674,1.0,-1.0,-1.0,1637516,1.0,33,,0.0,2.0,2.0,B01,138Â 304Â 673,1.0
959499,201900001030,2,11,17:50,2,2,2,1.0,3.0,33056,avenue 11 novembre - rue de la landille,M,"44,9144200"," -0,6263500",33,2019,50.0,1.0,1.0,4.0,2144425,1.0,1,1,1,1.0,,0.0,0,1998.0,A01,138Â 304Â 674,1.0,-1.0,-1.0,1637517,1.0,7,,0.0,2.0,8.0,A01,138Â 304Â 674,1.0
959500,201900001031,2,17,22:50,5,2,1,1.0,6.0,49023,1 rue des mauges,M,"47,1984450"," -0,9945670",49,2019,30.0,8.0,1.0,4.0,2144426,7.0,2,2,2,5.0,,0.0,0,1998.0,A01,138Â 304Â 672,1.0,-1.0,-1.0,1637518,0.0,7,,6.0,0.0,1.0,A01,138Â 304Â 672,0.0
959500,201900001031,2,17,22:50,5,2,1,1.0,6.0,49023,1 rue des mauges,M,"47,1984450"," -0,9945670",49,2019,30.0,8.0,1.0,4.0,2144427,1.0,1,3,2,5.0,,0.0,0,2004.0,A01,138Â 304Â 672,1.0,-1.0,-1.0,1637518,0.0,7,,6.0,0.0,1.0,A01,138Â 304Â 672,0.0
959500,201900001031,2,17,22:50,5,2,1,1.0,6.0,49023,1 rue des mauges,M,"47,1984450"," -0,9945670",49,2019,30.0,8.0,1.0,4.0,2144428,9.0,2,3,1,5.0,,0.0,0,1998.0,A01,138Â 304Â 672,8.0,-1.0,-1.0,1637518,0.0,7,,6.0,0.0,1.0,A01,138Â 304Â 672,0.0
959500,201900001031,2,17,22:50,5,2,1,1.0,6.0,49023,1 rue des mauges,M,"47,1984450"," -0,9945670",49,2019,30.0,8.0,1.0,4.0,2144429,2.0,2,3,2,0.0,,0.0,0,1997.0,A01,138Â 304Â 672,8.0,-1.0,-1.0,1637518,0.0,7,,6.0,0.0,1.0,A01,138Â 304Â 672,0.0
959501,201900001032,2,16,05:00,3,1,3,5.0,6.0,44137,Rue de la chataignerais,M,"47,3672180"," -2,0046980",44,2019,80.0,3.0,1.0,4.0,2144430,1.0,1,3,1,5.0,,0.0,0,1999.0,A01,138Â 304Â 671,1.0,-1.0,-1.0,1637519,3.0,7,,2.0,0.0,1.0,A01,138Â 304Â 671,1.0
959502,201900001033,2,16,15:45,1,2,1,1.0,6.0,14047,rue des bouchers,M,"49,2779560"," -0,7018290",14,2019,50.0,1.0,1.0,4.0,2144431,1.0,1,3,1,3.0,,0.0,0,1965.0,A01,138Â 304Â 670,2.0,6.0,9.0,1637520,3.0,33,,1.0,0.0,1.0,A01,138Â 304Â 670,1.0
959503,201900001034,2,16,04:15,5,2,1,1.0,7.0,14047,Route de Caen,M,"49,2717890"," -0,6847860",14,2019,50.0,8.0,1.0,4.0,2144432,1.0,1,4,1,9.0,,0.0,0,2000.0,A01,138Â 304Â 669,0.0,-1.0,-1.0,1637521,3.0,2,,0.0,0.0,1.0,A01,138Â 304Â 669,1.0
959504,201900001035,2,17,04:00,3,2,4,1.0,6.0,22070,rue rustang,M,"48,5574011"," -3,1502314",22,2019,50.0,4.0,1.0,3.0,2144433,1.0,1,3,1,9.0,,0.0,0,1951.0,A01,138Â 304Â 668,0.0,-1.0,-1.0,1637522,1.0,7,,6.0,0.0,2.0,A01,138Â 304Â 668,1.0
959505,201900001036,2,15,15:24,1,1,3,1.0,7.0,22054,Lieu-dit La Gambaderie,M,"48,5895884"," -2,4749621",22,2019,80.0,1.0,1.0,4.0,2144434,1.0,1,3,2,5.0,,0.0,0,1954.0,A01,138Â 304Â 667,2.0,-1.0,-1.0,1637523,3.0,80,,14.0,0.0,7.0,A01,138Â 304Â 667,3.0
959506,201900001037,2,15,15:55,1,1,3,1.0,3.0,22300,Le Tourlanquin,M,"48,2682020"," -2,7908250",22,2019,80.0,1.0,1.0,3.0,2144435,1.0,1,1,1,5.0,,0.0,0,1935.0,A01,138Â 304Â 665,1.0,-1.0,-1.0,1637524,1.0,7,,0.0,2.0,5.0,A01,138Â 304Â 665,1.0
959506,201900001037,2,15,15:55,1,1,3,1.0,3.0,22300,Le Tourlanquin,M,"48,2682020"," -2,7908250",22,2019,80.0,1.0,1.0,3.0,2144435,1.0,1,1,1,5.0,,0.0,0,1935.0,A01,138Â 304Â 665,1.0,-1.0,-1.0,1637525,1.0,7,,0.0,2.0,1.0,B01,138Â 304Â 666,1.0
959506,201900001037,2,15,15:55,1,1,3,1.0,3.0,22300,Le Tourlanquin,M,"48,2682020"," -2,7908250",22,2019,80.0,1.0,1.0,3.0,2144436,3.0,2,3,2,5.0,,0.0,0,1938.0,A01,138Â 304Â 665,1.0,-1.0,-1.0,1637524,1.0,7,,0.0,2.0,5.0,A01,138Â 304Â 665,1.0
959506,201900001037,2,15,15:55,1,1,3,1.0,3.0,22300,Le Tourlanquin,M,"48,2682020"," -2,7908250",22,2019,80.0,1.0,1.0,3.0,2144436,3.0,2,3,2,5.0,,0.0,0,1938.0,A01,138Â 304Â 665,1.0,-1.0,-1.0,1637525,1.0,7,,0.0,2.0,1.0,B01,138Â 304Â 666,1.0
959506,201900001037,2,15,15:55,1,1,3,1.0,3.0,22300,Le Tourlanquin,M,"48,2682020"," -2,7908250",22,2019,80.0,1.0,1.0,3.0,2144437,2.0,2,4,2,5.0,,0.0,0,1935.0,A01,138Â 304Â 665,1.0,-1.0,-1.0,1637524,1.0,7,,0.0,2.0,5.0,A01,138Â 304Â 665,1.0
959506,201900001037,2,15,15:55,1,1,3,1.0,3.0,22300,Le Tourlanquin,M,"48,2682020"," -2,7908250",22,2019,80.0,1.0,1.0,3.0,2144437,2.0,2,4,2,5.0,,0.0,0,1935.0,A01,138Â 304Â 665,1.0,-1.0,-1.0,1637525,1.0,7,,0.0,2.0,1.0,B01,138Â 304Â 666,1.0
959506,201900001037,2,15,15:55,1,1,3,1.0,3.0,22300,Le Tourlanquin,M,"48,2682020"," -2,7908250",22,2019,80.0,1.0,1.0,3.0,2144438,1.0,2,1,2,5.0,,0.0,0,1959.0,B01,138Â 304Â 666,1.0,-1.0,-1.0,1637524,1.0,7,,0.0,2.0,5.0,A01,138Â 304Â 665,1.0
959506,201900001037,2,15,15:55,1,1,3,1.0,3.0,22300,Le Tourlanquin,M,"48,2682020"," -2,7908250",22,2019,80.0,1.0,1.0,3.0,2144438,1.0,2,1,2,5.0,,0.0,0,1959.0,B01,138Â 304Â 666,1.0,-1.0,-1.0,1637525,1.0,7,,0.0,2.0,1.0,B01,138Â 304Â 666,1.0
959506,201900001037,2,15,15:55,1,1,3,1.0,3.0,22300,Le Tourlanquin,M,"48,2682020"," -2,7908250",22,2019,80.0,1.0,1.0,3.0,2144439,2.0,1,1,1,5.0,,0.0,0,1958.0,B01,138Â 304Â 666,1.0,-1.0,-1.0,1637524,1.0,7,,0.0,2.0,5.0,A01,138Â 304Â 665,1.0
959506,201900001037,2,15,15:55,1,1,3,1.0,3.0,22300,Le Tourlanquin,M,"48,2682020"," -2,7908250",22,2019,80.0,1.0,1.0,3.0,2144439,2.0,1,1,1,5.0,,0.0,0,1958.0,B01,138Â 304Â 666,1.0,-1.0,-1.0,1637525,1.0,7,,0.0,2.0,1.0,B01,138Â 304Â 666,1.0
959507,201900001038,2,14,03:00,3,2,3,1.0,6.0,35110,6 rue de dingÃ©,M,"48,3295510"," -1,6428940",35,2019,50.0,4.0,1.0,3.0,2144440,1.0,1,2,2,5.0,,0.0,0,1973.0,A01,138Â 304Â 664,1.0,0.0,-1.0,1637526,1.0,7,,8.0,0.0,2.0,A01,138Â 304Â 664,1.0
959508,201900001039,2,16,16:40,1,1,3,1.0,6.0,27124,Rue de la Mairie,M,"49,1187150","1,2233500",27,2019,80.0,3.0,1.0,3.0,2144441,1.0,1,2,1,5.0,,0.0,0,1975.0,A01,138Â 304Â 663,2.0,6.0,-1.0,1637527,1.0,33,,7.0,0.0,1.0,A01,138Â 304Â 663,1.0
959509,201900001040,2,18,11:45,1,2,1,1.0,6.0,76758,IMPASSE LÃON JACQUES,M,"49,6172400","0,7449050",76,2019,50.0,1.0,1.0,9.0,2144442,10.0,3,2,2,0.0,,9.0,9,1920.0,A01,138Â 304Â 662,0.0,-1.0,-1.0,1637528,3.0,7,,0.0,1.0,5.0,A01,138Â 304Â 662,1.0
959509,201900001040,2,18,11:45,1,2,1,1.0,6.0,76758,IMPASSE LÃON JACQUES,M,"49,6172400","0,7449050",76,2019,50.0,1.0,1.0,9.0,2144443,1.0,1,1,1,4.0,,0.0,0,1966.0,A01,138Â 304Â 662,1.0,-1.0,-1.0,1637528,3.0,7,,0.0,1.0,5.0,A01,138Â 304Â 662,1.0
959510,201900001041,2,17,12:48,1,1,1,6.0,2.0,76024,route de dieppe,M,"49,7503050","1,2846030",76,2019,80.0,1.0,1.0,3.0,2144444,2.0,2,1,2,0.0,,0.0,0,1973.0,B01,138Â 304Â 660,1.0,-1.0,-1.0,1637529,1.0,7,,0.0,9.0,4.0,B01,138Â 304Â 660,1.0
959510,201900001041,2,17,12:48,1,1,1,6.0,2.0,76024,route de dieppe,M,"49,7503050","1,2846030",76,2019,80.0,1.0,1.0,3.0,2144444,2.0,2,1,2,0.0,,0.0,0,1973.0,B01,138Â 304Â 660,1.0,-1.0,-1.0,1637530,1.0,1,,0.0,2.0,1.0,A01,138Â 304Â 661,5.0
959510,201900001041,2,17,12:48,1,1,1,6.0,2.0,76024,route de dieppe,M,"49,7503050","1,2846030",76,2019,80.0,1.0,1.0,3.0,2144445,1.0,1,1,2,5.0,,0.0,0,1931.0,B01,138Â 304Â 660,1.0,-1.0,-1.0,1637529,1.0,7,,0.0,9.0,4.0,B01,138Â 304Â 660,1.0
959510,201900001041,2,17,12:48,1,1,1,6.0,2.0,76024,route de dieppe,M,"49,7503050","1,2846030",76,2019,80.0,1.0,1.0,3.0,2144445,1.0,1,1,2,5.0,,0.0,0,1931.0,B01,138Â 304Â 660,1.0,-1.0,-1.0,1637530,1.0,1,,0.0,2.0,1.0,A01,138Â 304Â 661,5.0
959510,201900001041,2,17,12:48,1,1,1,6.0,2.0,76024,route de dieppe,M,"49,7503050","1,2846030",76,2019,80.0,1.0,1.0,3.0,2144446,1.0,1,3,1,5.0,,0.0,0,1986.0,A01,138Â 304Â 661,2.0,-1.0,-1.0,1637529,1.0,7,,0.0,9.0,4.0,B01,138Â 304Â 660,1.0
959510,201900001041,2,17,12:48,1,1,1,6.0,2.0,76024,route de dieppe,M,"49,7503050","1,2846030",76,2019,80.0,1.0,1.0,3.0,2144446,1.0,1,3,1,5.0,,0.0,0,1986.0,A01,138Â 304Â 661,2.0,-1.0,-1.0,1637530,1.0,1,,0.0,2.0,1.0,A01,138Â 304Â 661,5.0
959511,201900001042,2,15,09:25,1,2,9,7.0,6.0,60141,avenue du gÃ©nÃ©ral de gaulle,M,"49,1991010","2,4613520",60,2019,50.0,8.0,1.0,3.0,2144447,1.0,1,1,1,5.0,,0.0,0,1961.0,A01,138Â 304Â 659,1.0,-1.0,-1.0,1637531,0.0,7,,0.0,1.0,2.0,A01,138Â 304Â 659,0.0
959511,201900001042,2,15,09:25,1,2,9,7.0,6.0,60141,avenue du gÃ©nÃ©ral de gaulle,M,"49,1991010","2,4613520",60,2019,50.0,8.0,1.0,3.0,2144448,10.0,3,4,2,1.0,,3.0,3,1981.0,A01,138Â 304Â 659,0.0,-1.0,-1.0,1637531,0.0,7,,0.0,1.0,2.0,A01,138Â 304Â 659,0.0
959512,201900001043,2,16,00:23,3,1,1,1.0,6.0,60540,CD200,M,"49,3445020","2,7394320",60,2019,110.0,3.0,1.0,3.0,2144449,1.0,1,2,1,9.0,,0.0,0,1979.0,A01,138Â 304Â 658,1.0,-1.0,-1.0,1637532,2.0,7,,2.0,0.0,1.0,A01,138Â 304Â 658,1.0
959513,201900001044,2,18,19:45,5,2,1,1.0,3.0,60575,Route DÃ©partementale 1001,M,"49,2885520","2,2010670",60,2019,50.0,1.0,1.0,3.0,2144450,1.0,1,4,1,0.0,,0.0,0,1967.0,B01,138Â 304Â 656,1.0,-1.0,-1.0,1637533,2.0,10,,0.0,2.0,3.0,B01,138Â 304Â 656,1.0
959513,201900001044,2,18,19:45,5,2,1,1.0,3.0,60575,Route DÃ©partementale 1001,M,"49,2885520","2,2010670",60,2019,50.0,1.0,1.0,3.0,2144450,1.0,1,4,1,0.0,,0.0,0,1967.0,B01,138Â 304Â 656,1.0,-1.0,-1.0,1637534,2.0,2,,0.0,2.0,1.0,A01,138Â 304Â 657,1.0
959513,201900001044,2,18,19:45,5,2,1,1.0,3.0,60575,Route DÃ©partementale 1001,M,"49,2885520","2,2010670",60,2019,50.0,1.0,1.0,3.0,2144451,1.0,1,3,1,0.0,,0.0,0,1994.0,A01,138Â 304Â 657,2.0,6.0,-1.0,1637533,2.0,10,,0.0,2.0,3.0,B01,138Â 304Â 656,1.0
959513,201900001044,2,18,19:45,5,2,1,1.0,3.0,60575,Route DÃ©partementale 1001,M,"49,2885520","2,2010670",60,2019,50.0,1.0,1.0,3.0,2144451,1.0,1,3,1,0.0,,0.0,0,1994.0,A01,138Â 304Â 657,2.0,6.0,-1.0,1637534,2.0,2,,0.0,2.0,1.0,A01,138Â 304Â 657,1.0
959514,201900001045,2,17,16:00,1,2,4,1.0,1.0,60330,"rue Madame, intersection rue verte",M,"49,2958570","2,1641230",60,2019,50.0,1.0,1.0,3.0,2144452,1.0,1,1,2,5.0,,0.0,0,1979.0,A01,138Â 304Â 654,1.0,-1.0,-1.0,1637535,3.0,7,,0.0,2.0,1.0,A01,138Â 304Â 654,1.0
959514,201900001045,2,17,16:00,1,2,4,1.0,1.0,60330,"rue Madame, intersection rue verte",M,"49,2958570","2,1641230",60,2019,50.0,1.0,1.0,3.0,2144452,1.0,1,1,2,5.0,,0.0,0,1979.0,A01,138Â 304Â 654,1.0,-1.0,-1.0,1637536,3.0,2,,0.0,2.0,1.0,B01,138Â 304Â 655,1.0
959514,201900001045,2,17,16:00,1,2,4,1.0,1.0,60330,"rue Madame, intersection rue verte",M,"49,2958570","2,1641230",60,2019,50.0,1.0,1.0,3.0,2144453,1.0,1,4,1,5.0,,0.0,0,1998.0,B01,138Â 304Â 655,2.0,6.0,-1.0,1637535,3.0,7,,0.0,2.0,1.0,A01,138Â 304Â 654,1.0
959514,201900001045,2,17,16:00,1,2,4,1.0,1.0,60330,"rue Madame, intersection rue verte",M,"49,2958570","2,1641230",60,2019,50.0,1.0,1.0,3.0,2144453,1.0,1,4,1,5.0,,0.0,0,1998.0,B01,138Â 304Â 655,2.0,6.0,-1.0,1637536,3.0,2,,0.0,2.0,1.0,B01,138Â 304Â 655,1.0
959514,201900001045,2,17,16:00,1,2,4,1.0,1.0,60330,"rue Madame, intersection rue verte",M,"49,2958570","2,1641230",60,2019,50.0,1.0,1.0,3.0,2144454,2.0,2,3,2,5.0,,0.0,0,1998.0,B01,138Â 304Â 655,2.0,6.0,-1.0,1637535,3.0,7,,0.0,2.0,1.0,A01,138Â 304Â 654,1.0
959514,201900001045,2,17,16:00,1,2,4,1.0,1.0,60330,"rue Madame, intersection rue verte",M,"49,2958570","2,1641230",60,2019,50.0,1.0,1.0,3.0,2144454,2.0,2,3,2,5.0,,0.0,0,1998.0,B01,138Â 304Â 655,2.0,6.0,-1.0,1637536,3.0,2,,0.0,2.0,1.0,B01,138Â 304Â 655,1.0
959515,201900001046,2,18,06:39,2,1,1,1.0,2.0,80521,autoroute A1 sens PARIS/LILLE PK 134+075,M,"49,9810450","2,8676490",80,2019,90.0,1.0,1.0,1.0,2144455,1.0,1,1,1,4.0,,0.0,0,1972.0,C01,138Â 304Â 651,1.0,-1.0,-1.0,1637537,1.0,17,,0.0,0.0,0.0,C01,138Â 304Â 651,0.0
959515,201900001046,2,18,06:39,2,1,1,1.0,2.0,80521,autoroute A1 sens PARIS/LILLE PK 134+075,M,"49,9810450","2,8676490",80,2019,90.0,1.0,1.0,1.0,2144455,1.0,1,1,1,4.0,,0.0,0,1972.0,C01,138Â 304Â 651,1.0,-1.0,-1.0,1637538,1.0,17,,0.0,2.0,1.0,A01,138Â 304Â 652,0.0
959515,201900001046,2,18,06:39,2,1,1,1.0,2.0,80521,autoroute A1 sens PARIS/LILLE PK 134+075,M,"49,9810450","2,8676490",80,2019,90.0,1.0,1.0,1.0,2144456,1.0,1,2,1,4.0,,0.0,0,1964.0,A01,138Â 304Â 652,1.0,-1.0,-1.0,1637537,1.0,17,,0.0,0.0,0.0,C01,138Â 304Â 651,0.0
959515,201900001046,2,18,06:39,2,1,1,1.0,2.0,80521,autoroute A1 sens PARIS/LILLE PK 134+075,M,"49,9810450","2,8676490",80,2019,90.0,1.0,1.0,1.0,2144456,1.0,1,2,1,4.0,,0.0,0,1964.0,A01,138Â 304Â 652,1.0,-1.0,-1.0,1637538,1.0,17,,0.0,2.0,1.0,A01,138Â 304Â 652,0.0
959516,201900001047,2,17,12:25,1,1,1,7.0,3.0,62875,D943,M,"50,7036300","2,3364900",62,2019,80.0,1.0,1.0,3.0,2144457,1.0,1,3,1,0.0,,0.0,0,1963.0,A01,138Â 304Â 649,2.0,6.0,-1.0,1637539,1.0,33,,0.0,2.0,8.0,A01,138Â 304Â 649,1.0
959516,201900001047,2,17,12:25,1,1,1,7.0,3.0,62875,D943,M,"50,7036300","2,3364900",62,2019,80.0,1.0,1.0,3.0,2144457,1.0,1,3,1,0.0,,0.0,0,1963.0,A01,138Â 304Â 649,2.0,6.0,-1.0,1637540,2.0,7,,0.0,2.0,8.0,B01,138Â 304Â 650,1.0
959516,201900001047,2,17,12:25,1,1,1,7.0,3.0,62875,D943,M,"50,7036300","2,3364900",62,2019,80.0,1.0,1.0,3.0,2144458,1.0,1,4,1,0.0,,0.0,0,1966.0,B01,138Â 304Â 650,1.0,-1.0,-1.0,1637539,1.0,33,,0.0,2.0,8.0,A01,138Â 304Â 649,1.0
959516,201900001047,2,17,12:25,1,1,1,7.0,3.0,62875,D943,M,"50,7036300","2,3364900",62,2019,80.0,1.0,1.0,3.0,2144458,1.0,1,4,1,0.0,,0.0,0,1966.0,B01,138Â 304Â 650,1.0,-1.0,-1.0,1637540,2.0,7,,0.0,2.0,8.0,B01,138Â 304Â 650,1.0
959517,201900001048,2,16,16:55,1,2,1,1.0,6.0,59449,CD 938,M,"50,4738000","3,2339180",59,2019,50.0,1.0,1.0,3.0,2144459,1.0,1,1,1,5.0,,0.0,0,1999.0,B01,138Â 304Â 647,1.0,-1.0,-1.0,1637541,1.0,7,,0.0,2.0,1.0,B01,138Â 304Â 647,1.0
959517,201900001048,2,16,16:55,1,2,1,1.0,6.0,59449,CD 938,M,"50,4738000","3,2339180",59,2019,50.0,1.0,1.0,3.0,2144459,1.0,1,1,1,5.0,,0.0,0,1999.0,B01,138Â 304Â 647,1.0,-1.0,-1.0,1637542,1.0,7,,0.0,1.0,4.0,A01,138Â 304Â 648,1.0
959517,201900001048,2,16,16:55,1,2,1,1.0,6.0,59449,CD 938,M,"50,4738000","3,2339180",59,2019,50.0,1.0,1.0,3.0,2144460,10.0,3,3,2,0.0,,3.0,3,2000.0,A01,138Â 304Â 648,0.0,-1.0,-1.0,1637541,1.0,7,,0.0,2.0,1.0,B01,138Â 304Â 647,1.0
959517,201900001048,2,16,16:55,1,2,1,1.0,6.0,59449,CD 938,M,"50,4738000","3,2339180",59,2019,50.0,1.0,1.0,3.0,2144460,10.0,3,3,2,0.0,,3.0,3,2000.0,A01,138Â 304Â 648,0.0,-1.0,-1.0,1637542,1.0,7,,0.0,1.0,4.0,A01,138Â 304Â 648,1.0
959517,201900001048,2,16,16:55,1,2,1,1.0,6.0,59449,CD 938,M,"50,4738000","3,2339180",59,2019,50.0,1.0,1.0,3.0,2144461,1.0,1,1,1,0.0,,0.0,0,1980.0,A01,138Â 304Â 648,1.0,-1.0,-1.0,1637541,1.0,7,,0.0,2.0,1.0,B01,138Â 304Â 647,1.0
959517,201900001048,2,16,16:55,1,2,1,1.0,6.0,59449,CD 938,M,"50,4738000","3,2339180",59,2019,50.0,1.0,1.0,3.0,2144461,1.0,1,1,1,0.0,,0.0,0,1980.0,A01,138Â 304Â 648,1.0,-1.0,-1.0,1637542,1.0,7,,0.0,1.0,4.0,A01,138Â 304Â 648,1.0
959518,201900001049,2,14,17:35,1,1,1,7.0,3.0,59571,cd113,M,"50,1777520","3,4714876",59,2019,80.0,1.0,1.0,3.0,2144462,1.0,1,3,1,5.0,,0.0,0,1984.0,B01,138Â 304Â 645,2.0,-1.0,-1.0,1637543,2.0,1,,0.0,2.0,8.0,B01,138Â 304Â 645,6.0
959518,201900001049,2,14,17:35,1,1,1,7.0,3.0,59571,cd113,M,"50,1777520","3,4714876",59,2019,80.0,1.0,1.0,3.0,2144462,1.0,1,3,1,5.0,,0.0,0,1984.0,B01,138Â 304Â 645,2.0,-1.0,-1.0,1637544,2.0,99,,0.0,9.0,2.0,A01,138Â 304Â 646,1.0
959518,201900001049,2,14,17:35,1,1,1,7.0,3.0,59571,cd113,M,"50,1777520","3,4714876",59,2019,80.0,1.0,1.0,3.0,2144463,1.0,1,1,1,1.0,,0.0,0,1971.0,A01,138Â 304Â 646,1.0,-1.0,-1.0,1637543,2.0,1,,0.0,2.0,8.0,B01,138Â 304Â 645,6.0
959518,201900001049,2,14,17:35,1,1,1,7.0,3.0,59571,cd113,M,"50,1777520","3,4714876",59,2019,80.0,1.0,1.0,3.0,2144463,1.0,1,1,1,1.0,,0.0,0,1971.0,A01,138Â 304Â 646,1.0,-1.0,-1.0,1637544,2.0,99,,0.0,9.0,2.0,A01,138Â 304Â 646,1.0
959519,201900001050,2,7,12:40,1,1,1,1.0,6.0,59652,rue de paillencourt,M,"50,2718140","3,2870810",59,2019,90.0,6.0,1.0,4.0,2144464,1.0,1,3,1,5.0,,0.0,0,1932.0,A01,138Â 304Â 644,1.0,-1.0,-1.0,1637545,3.0,7,,16.0,0.0,1.0,A01,138Â 304Â 644,1.0
959520,201900001051,2,16,17:55,2,1,1,1.0,4.0,13211,A50-Sens Aubagne vers Marseille,M,"43,2901400","5,4474700",13,2019,90.0,1.0,1.0,1.0,2144465,1.0,1,4,2,0.0,,-1.0, -1,1983.0,B01,138Â 304Â 640,1.0,0.0,-1.0,1637546,2.0,7,,0.0,2.0,3.0,B01,138Â 304Â 640,1.0
959520,201900001051,2,16,17:55,2,1,1,1.0,4.0,13211,A50-Sens Aubagne vers Marseille,M,"43,2901400","5,4474700",13,2019,90.0,1.0,1.0,1.0,2144465,1.0,1,4,2,0.0,,-1.0, -1,1983.0,B01,138Â 304Â 640,1.0,0.0,-1.0,1637547,2.0,7,,0.0,2.0,1.0,C01,138Â 304Â 641,1.0
959520,201900001051,2,16,17:55,2,1,1,1.0,4.0,13211,A50-Sens Aubagne vers Marseille,M,"43,2901400","5,4474700",13,2019,90.0,1.0,1.0,1.0,2144465,1.0,1,4,2,0.0,,-1.0, -1,1983.0,B01,138Â 304Â 640,1.0,0.0,-1.0,1637548,2.0,7,,0.0,2.0,1.0,D01,138Â 304Â 642,1.0
959520,201900001051,2,16,17:55,2,1,1,1.0,4.0,13211,A50-Sens Aubagne vers Marseille,M,"43,2901400","5,4474700",13,2019,90.0,1.0,1.0,1.0,2144465,1.0,1,4,2,0.0,,-1.0, -1,1983.0,B01,138Â 304Â 640,1.0,0.0,-1.0,1637549,2.0,7,,0.0,2.0,5.0,A01,138Â 304Â 643,1.0
959520,201900001051,2,16,17:55,2,1,1,1.0,4.0,13211,A50-Sens Aubagne vers Marseille,M,"43,2901400","5,4474700",13,2019,90.0,1.0,1.0,1.0,2144466,1.0,1,1,1,0.0,,-1.0, -1,1999.0,C01,138Â 304Â 641,1.0,0.0,-1.0,1637546,2.0,7,,0.0,2.0,3.0,B01,138Â 304Â 640,1.0
959520,201900001051,2,16,17:55,2,1,1,1.0,4.0,13211,A50-Sens Aubagne vers Marseille,M,"43,2901400","5,4474700",13,2019,90.0,1.0,1.0,1.0,2144466,1.0,1,1,1,0.0,,-1.0, -1,1999.0,C01,138Â 304Â 641,1.0,0.0,-1.0,1637547,2.0,7,,0.0,2.0,1.0,C01,138Â 304Â 641,1.0
959520,201900001051,2,16,17:55,2,1,1,1.0,4.0,13211,A50-Sens Aubagne vers Marseille,M,"43,2901400","5,4474700",13,2019,90.0,1.0,1.0,1.0,2144466,1.0,1,1,1,0.0,,-1.0, -1,1999.0,C01,138Â 304Â 641,1.0,0.0,-1.0,1637548,2.0,7,,0.0,2.0,1.0,D01,138Â 304Â 642,1.0
959520,201900001051,2,16,17:55,2,1,1,1.0,4.0,13211,A50-Sens Aubagne vers Marseille,M,"43,2901400","5,4474700",13,2019,90.0,1.0,1.0,1.0,2144466,1.0,1,1,1,0.0,,-1.0, -1,1999.0,C01,138Â 304Â 641,1.0,0.0,-1.0,1637549,2.0,7,,0.0,2.0,5.0,A01,138Â 304Â 643,1.0
959520,201900001051,2,16,17:55,2,1,1,1.0,4.0,13211,A50-Sens Aubagne vers Marseille,M,"43,2901400","5,4474700",13,2019,90.0,1.0,1.0,1.0,2144467,1.0,1,1,2,0.0,,-1.0, -1,1974.0,D01,138Â 304Â 642,1.0,0.0,-1.0,1637546,2.0,7,,0.0,2.0,3.0,B01,138Â 304Â 640,1.0
959520,201900001051,2,16,17:55,2,1,1,1.0,4.0,13211,A50-Sens Aubagne vers Marseille,M,"43,2901400","5,4474700",13,2019,90.0,1.0,1.0,1.0,2144467,1.0,1,1,2,0.0,,-1.0, -1,1974.0,D01,138Â 304Â 642,1.0,0.0,-1.0,1637547,2.0,7,,0.0,2.0,1.0,C01,138Â 304Â 641,1.0
959520,201900001051,2,16,17:55,2,1,1,1.0,4.0,13211,A50-Sens Aubagne vers Marseille,M,"43,2901400","5,4474700",13,2019,90.0,1.0,1.0,1.0,2144467,1.0,1,1,2,0.0,,-1.0, -1,1974.0,D01,138Â 304Â 642,1.0,0.0,-1.0,1637548,2.0,7,,0.0,2.0,1.0,D01,138Â 304Â 642,1.0
959520,201900001051,2,16,17:55,2,1,1,1.0,4.0,13211,A50-Sens Aubagne vers Marseille,M,"43,2901400","5,4474700",13,2019,90.0,1.0,1.0,1.0,2144467,1.0,1,1,2,0.0,,-1.0, -1,1974.0,D01,138Â 304Â 642,1.0,0.0,-1.0,1637549,2.0,7,,0.0,2.0,5.0,A01,138Â 304Â 643,1.0
959520,201900001051,2,16,17:55,2,1,1,1.0,4.0,13211,A50-Sens Aubagne vers Marseille,M,"43,2901400","5,4474700",13,2019,90.0,1.0,1.0,1.0,2144468,2.0,2,4,1,0.0,,-1.0, -1,1976.0,D01,138Â 304Â 642,1.0,0.0,-1.0,1637546,2.0,7,,0.0,2.0,3.0,B01,138Â 304Â 640,1.0