Unnamed: 0_x,num_acc,mois,jour,hrmn,lum,agg,int,atm,col,com,adr,gps,lat,long,dep,annee,vma,situ,surf,catr,Unnamed: 0_y,place,catu,grav,sexe,trajet,secu,locp,actp,an_nais,num_veh_x,id_vehicule_x,secu1,secu2,secu3,Unnamed: 0,senc,catv,occutc,obs,obsm,choc,num_veh_y,id_vehicule_y,motor
959520,201900001051,2,16,17:55,2,1,1,1.0,4.0,13211,A50-Sens Aubagne vers Marseille,M,"43,2901400","5,4474700",13,2019,90.0,1.0,1.0,1.0,2144468,2.0,2,4,1,0.0,,-1.0, -1,1976.0,D01,138Â 304Â 642,1.0,0.0,-1.0,1637547,2.0,7,,0.0,2.0,1.0,C01,138Â 304Â 641,1.0
959520,201900001051,2,16,17:55,2,1,1,1.0,4.0,13211,A50-Sens Aubagne vers Marseille,M,"43,2901400","5,4474700",13,2019,90.0,1.0,1.0,1.0,2144468,2.0,2,4,1,0.0,,-1.0, -1,1976.0,D01,138Â 304Â 642,1.0,0.0,-1.0,1637548,2.0,7,,0.0,2.0,1.0,D01,138Â 304Â 642,1.0
959520,201900001051,2,16,17:55,2,1,1,1.0,4.0,13211,A50-Sens Aubagne vers Marseille,M,"43,2901400","5,4474700",13,2019,90.0,1.0,1.0,1.0,2144468,2.0,2,4,1,0.0,,-1.0, -1,1976.0,D01,138Â 304Â 642,1.0,0.0,-1.0,1637549,2.0,7,,0.0,2.0,5.0,A01,138Â 304Â 643,1.0
959520,201900001051,2,16,17:55,2,1,1,1.0,4.0,13211,A50-Sens Aubagne vers Marseille,M,"43,2901400","5,4474700",13,2019,90.0,1.0,1.0,1.0,2144469,1.0,1,1,1,0.0,,-1.0, -1,1982.0,A01,138Â 304Â 643,1.0,8.0,-1.0,1637546,2.0,7,,0.0,2.0,3.0,B01,138Â 304Â 640,1.0
959520,201900001051,2,16,17:55,2,1,1,1.0,4.0,13211,A50-Sens Aubagne vers Marseille,M,"43,2901400","5,4474700",13,2019,90.0,1.0,1.0,1.0,2144469,1.0,1,1,1,0.0,,-1.0, -1,1982.0,A01,138Â 304Â 643,1.0,8.0,-1.0,1637547,2.0,7,,0.0,2.0,1.0,C01,138Â 304Â 641,1.0
959520,201900001051,2,16,17:55,2,1,1,1.0,4.0,13211,A50-Sens Aubagne vers Marseille,M,"43,2901400","5,4474700",13,2019,90.0,1.0,1.0,1.0,2144469,1.0,1,1,1,0.0,,-1.0, -1,1982.0,A01,138Â 304Â 643,1.0,8.0,-1.0,1637548,2.0,7,,0.0,2.0,1.0,D01,138Â 304Â 642,1.0
959520,201900001051,2,16,17:55,2,1,1,1.0,4.0,13211,A50-Sens Aubagne vers Marseille,M,"43,2901400","5,4474700",13,2019,90.0,1.0,1.0,1.0,2144469,1.0,1,1,1,0.0,,-1.0, -1,1982.0,A01,138Â 304Â 643,1.0,8.0,-1.0,1637549,2.0,7,,0.0,2.0,5.0,A01,138Â 304Â 643,1.0
959521,201900001052,2,17,10:20,1,2,1,1.0,6.0,13214,A7-Sens Lyon vers Marseille,M,"43,3322350","5,3774580",13,2019,90.0,1.0,1.0,1.0,2144470,1.0,1,4,2,1.0,,-1.0,0,1996.0,A01,138Â 304Â 639,1.0,0.0,-1.0,1637550,2.0,10,,4.0,0.0,3.0,A01,138Â 304Â 639,1.0
959522,201900001053,2,10,13:30,1,1,1,1.0,7.0,13085,A50-Sens Toulon vers Aubagne,M,"43,2506620","5,5959450",13,2019,110.0,2.0,1.0,1.0,2144471,1.0,1,4,2,5.0,,-1.0, -1,1957.0,A01,138Â 304Â 638,1.0,4.0,-1.0,1637551,2.0,7,,4.0,0.0,8.0,A01,138Â 304Â 638,1.0
959523,201900001054,2,14,08:00,1,1,1,1.0,4.0,13210,A50-Sens Marseille vers Aubagne,M,"43,2850820","5,4210470",13,2019,90.0,1.0,1.0,1.0,2144472,1.0,1,1,2,0.0,,-1.0, -1,1994.0,A01,138Â 304Â 635,1.0,0.0,-1.0,1637552,1.0,7,,0.0,2.0,4.0,A01,138Â 304Â 635,1.0
959523,201900001054,2,14,08:00,1,1,1,1.0,4.0,13210,A50-Sens Marseille vers Aubagne,M,"43,2850820","5,4210470",13,2019,90.0,1.0,1.0,1.0,2144472,1.0,1,1,2,0.0,,-1.0, -1,1994.0,A01,138Â 304Â 635,1.0,0.0,-1.0,1637553,1.0,7,,0.0,2.0,9.0,B01,138Â 304Â 636,1.0
959523,201900001054,2,14,08:00,1,1,1,1.0,4.0,13210,A50-Sens Marseille vers Aubagne,M,"43,2850820","5,4210470",13,2019,90.0,1.0,1.0,1.0,2144472,1.0,1,1,2,0.0,,-1.0, -1,1994.0,A01,138Â 304Â 635,1.0,0.0,-1.0,1637554,1.0,7,,0.0,2.0,1.0,C01,138Â 304Â 637,0.0
959523,201900001054,2,14,08:00,1,1,1,1.0,4.0,13210,A50-Sens Marseille vers Aubagne,M,"43,2850820","5,4210470",13,2019,90.0,1.0,1.0,1.0,2144473,1.0,1,4,2,0.0,,-1.0, -1,1986.0,B01,138Â 304Â 636,1.0,0.0,-1.0,1637552,1.0,7,,0.0,2.0,4.0,A01,138Â 304Â 635,1.0
959523,201900001054,2,14,08:00,1,1,1,1.0,4.0,13210,A50-Sens Marseille vers Aubagne,M,"43,2850820","5,4210470",13,2019,90.0,1.0,1.0,1.0,2144473,1.0,1,4,2,0.0,,-1.0, -1,1986.0,B01,138Â 304Â 636,1.0,0.0,-1.0,1637553,1.0,7,,0.0,2.0,9.0,B01,138Â 304Â 636,1.0
959523,201900001054,2,14,08:00,1,1,1,1.0,4.0,13210,A50-Sens Marseille vers Aubagne,M,"43,2850820","5,4210470",13,2019,90.0,1.0,1.0,1.0,2144473,1.0,1,4,2,0.0,,-1.0, -1,1986.0,B01,138Â 304Â 636,1.0,0.0,-1.0,1637554,1.0,7,,0.0,2.0,1.0,C01,138Â 304Â 637,0.0
959523,201900001054,2,14,08:00,1,1,1,1.0,4.0,13210,A50-Sens Marseille vers Aubagne,M,"43,2850820","5,4210470",13,2019,90.0,1.0,1.0,1.0,2144474,1.0,1,1,1,0.0,,-1.0, -1,1985.0,C01,138Â 304Â 637,1.0,0.0,-1.0,1637552,1.0,7,,0.0,2.0,4.0,A01,138Â 304Â 635,1.0
959523,201900001054,2,14,08:00,1,1,1,1.0,4.0,13210,A50-Sens Marseille vers Aubagne,M,"43,2850820","5,4210470",13,2019,90.0,1.0,1.0,1.0,2144474,1.0,1,1,1,0.0,,-1.0, -1,1985.0,C01,138Â 304Â 637,1.0,0.0,-1.0,1637553,1.0,7,,0.0,2.0,9.0,B01,138Â 304Â 636,1.0
959523,201900001054,2,14,08:00,1,1,1,1.0,4.0,13210,A50-Sens Marseille vers Aubagne,M,"43,2850820","5,4210470",13,2019,90.0,1.0,1.0,1.0,2144474,1.0,1,1,1,0.0,,-1.0, -1,1985.0,C01,138Â 304Â 637,1.0,0.0,-1.0,1637554,1.0,7,,0.0,2.0,1.0,C01,138Â 304Â 637,0.0
959524,201900001055,2,13,16:45,1,1,1,1.0,4.0,13211,A50-Sens Marseille vers Aubagne,M,"43,2895200","5,4461800",13,2019,90.0,1.0,1.0,1.0,2144475,1.0,1,1,1,9.0,,-1.0, -1,1996.0,A01,138Â 304Â 632,1.0,0.0,-1.0,1637555,1.0,7,,0.0,2.0,1.0,A01,138Â 304Â 632,1.0
959524,201900001055,2,13,16:45,1,1,1,1.0,4.0,13211,A50-Sens Marseille vers Aubagne,M,"43,2895200","5,4461800",13,2019,90.0,1.0,1.0,1.0,2144475,1.0,1,1,1,9.0,,-1.0, -1,1996.0,A01,138Â 304Â 632,1.0,0.0,-1.0,1637556,1.0,7,,0.0,2.0,4.0,B01,138Â 304Â 633,1.0
959524,201900001055,2,13,16:45,1,1,1,1.0,4.0,13211,A50-Sens Marseille vers Aubagne,M,"43,2895200","5,4461800",13,2019,90.0,1.0,1.0,1.0,2144475,1.0,1,1,1,9.0,,-1.0, -1,1996.0,A01,138Â 304Â 632,1.0,0.0,-1.0,1637557,1.0,7,,0.0,2.0,4.0,C01,138Â 304Â 634,1.0
959524,201900001055,2,13,16:45,1,1,1,1.0,4.0,13211,A50-Sens Marseille vers Aubagne,M,"43,2895200","5,4461800",13,2019,90.0,1.0,1.0,1.0,2144476,1.0,1,4,1,9.0,,-1.0, -1,1998.0,B01,138Â 304Â 633,1.0,0.0,-1.0,1637555,1.0,7,,0.0,2.0,1.0,A01,138Â 304Â 632,1.0
959524,201900001055,2,13,16:45,1,1,1,1.0,4.0,13211,A50-Sens Marseille vers Aubagne,M,"43,2895200","5,4461800",13,2019,90.0,1.0,1.0,1.0,2144476,1.0,1,4,1,9.0,,-1.0, -1,1998.0,B01,138Â 304Â 633,1.0,0.0,-1.0,1637556,1.0,7,,0.0,2.0,4.0,B01,138Â 304Â 633,1.0
959524,201900001055,2,13,16:45,1,1,1,1.0,4.0,13211,A50-Sens Marseille vers Aubagne,M,"43,2895200","5,4461800",13,2019,90.0,1.0,1.0,1.0,2144476,1.0,1,4,1,9.0,,-1.0, -1,1998.0,B01,138Â 304Â 633,1.0,0.0,-1.0,1637557,1.0,7,,0.0,2.0,4.0,C01,138Â 304Â 634,1.0
959524,201900001055,2,13,16:45,1,1,1,1.0,4.0,13211,A50-Sens Marseille vers Aubagne,M,"43,2895200","5,4461800",13,2019,90.0,1.0,1.0,1.0,2144477,1.0,1,1,1,9.0,,-1.0, -1,1997.0,C01,138Â 304Â 634,1.0,0.0,-1.0,1637555,1.0,7,,0.0,2.0,1.0,A01,138Â 304Â 632,1.0
959524,201900001055,2,13,16:45,1,1,1,1.0,4.0,13211,A50-Sens Marseille vers Aubagne,M,"43,2895200","5,4461800",13,2019,90.0,1.0,1.0,1.0,2144477,1.0,1,1,1,9.0,,-1.0, -1,1997.0,C01,138Â 304Â 634,1.0,0.0,-1.0,1637556,1.0,7,,0.0,2.0,4.0,B01,138Â 304Â 633,1.0
959524,201900001055,2,13,16:45,1,1,1,1.0,4.0,13211,A50-Sens Marseille vers Aubagne,M,"43,2895200","5,4461800",13,2019,90.0,1.0,1.0,1.0,2144477,1.0,1,1,1,9.0,,-1.0, -1,1997.0,C01,138Â 304Â 634,1.0,0.0,-1.0,1637557,1.0,7,,0.0,2.0,4.0,C01,138Â 304Â 634,1.0
959525,201900001056,2,13,12:00,1,2,1,1.0,2.0,13216,A55-Sens Marseille vers Martigues,M,"43,3763390","5,3187430",13,2019,90.0,1.0,1.0,1.0,2144478,1.0,1,4,1,0.0,,-1.0, -1,1981.0,B01,138Â 304Â 630,2.0,6.0,-1.0,1637558,1.0,33,,0.0,2.0,1.0,B01,138Â 304Â 630,1.0
959525,201900001056,2,13,12:00,1,2,1,1.0,2.0,13216,A55-Sens Marseille vers Martigues,M,"43,3763390","5,3187430",13,2019,90.0,1.0,1.0,1.0,2144478,1.0,1,4,1,0.0,,-1.0, -1,1981.0,B01,138Â 304Â 630,2.0,6.0,-1.0,1637559,1.0,7,,0.0,2.0,4.0,A01,138Â 304Â 631,1.0
959525,201900001056,2,13,12:00,1,2,1,1.0,2.0,13216,A55-Sens Marseille vers Martigues,M,"43,3763390","5,3187430",13,2019,90.0,1.0,1.0,1.0,2144479,1.0,1,4,2,0.0,,-1.0, -1,1988.0,A01,138Â 304Â 631,1.0,0.0,-1.0,1637558,1.0,33,,0.0,2.0,1.0,B01,138Â 304Â 630,1.0
959525,201900001056,2,13,12:00,1,2,1,1.0,2.0,13216,A55-Sens Marseille vers Martigues,M,"43,3763390","5,3187430",13,2019,90.0,1.0,1.0,1.0,2144479,1.0,1,4,2,0.0,,-1.0, -1,1988.0,A01,138Â 304Â 631,1.0,0.0,-1.0,1637559,1.0,7,,0.0,2.0,4.0,A01,138Â 304Â 631,1.0
959526,201900001057,1,25,13:05,1,1,1,1.0,4.0,69199,RD383   14.250 A 18.000,M,"45,6967800","4,8448600",69,2019,70.0,1.0,1.0,3.0,2144480,1.0,1,4,2,5.0,,0.0,0,1995.0,B01,138Â 304Â 626,1.0,0.0,-1.0,1637560,1.0,7,,0.0,2.0,4.0,B01,138Â 304Â 626,1.0
959526,201900001057,1,25,13:05,1,1,1,1.0,4.0,69199,RD383   14.250 A 18.000,M,"45,6967800","4,8448600",69,2019,70.0,1.0,1.0,3.0,2144480,1.0,1,4,2,5.0,,0.0,0,1995.0,B01,138Â 304Â 626,1.0,0.0,-1.0,1637561,1.0,7,,0.0,0.0,4.0,D01,138Â 304Â 627,1.0
959526,201900001057,1,25,13:05,1,1,1,1.0,4.0,69199,RD383   14.250 A 18.000,M,"45,6967800","4,8448600",69,2019,70.0,1.0,1.0,3.0,2144480,1.0,1,4,2,5.0,,0.0,0,1995.0,B01,138Â 304Â 626,1.0,0.0,-1.0,1637562,1.0,7,,0.0,2.0,4.0,C01,138Â 304Â 628,1.0
959526,201900001057,1,25,13:05,1,1,1,1.0,4.0,69199,RD383   14.250 A 18.000,M,"45,6967800","4,8448600",69,2019,70.0,1.0,1.0,3.0,2144480,1.0,1,4,2,5.0,,0.0,0,1995.0,B01,138Â 304Â 626,1.0,0.0,-1.0,1637563,1.0,7,,0.0,2.0,1.0,A01,138Â 304Â 629,1.0
959526,201900001057,1,25,13:05,1,1,1,1.0,4.0,69199,RD383   14.250 A 18.000,M,"45,6967800","4,8448600",69,2019,70.0,1.0,1.0,3.0,2144481,1.0,1,1,1,5.0,,0.0,0,1977.0,D01,138Â 304Â 627,1.0,0.0,-1.0,1637560,1.0,7,,0.0,2.0,4.0,B01,138Â 304Â 626,1.0
959526,201900001057,1,25,13:05,1,1,1,1.0,4.0,69199,RD383   14.250 A 18.000,M,"45,6967800","4,8448600",69,2019,70.0,1.0,1.0,3.0,2144481,1.0,1,1,1,5.0,,0.0,0,1977.0,D01,138Â 304Â 627,1.0,0.0,-1.0,1637561,1.0,7,,0.0,0.0,4.0,D01,138Â 304Â 627,1.0
959526,201900001057,1,25,13:05,1,1,1,1.0,4.0,69199,RD383   14.250 A 18.000,M,"45,6967800","4,8448600",69,2019,70.0,1.0,1.0,3.0,2144481,1.0,1,1,1,5.0,,0.0,0,1977.0,D01,138Â 304Â 627,1.0,0.0,-1.0,1637562,1.0,7,,0.0,2.0,4.0,C01,138Â 304Â 628,1.0
959526,201900001057,1,25,13:05,1,1,1,1.0,4.0,69199,RD383   14.250 A 18.000,M,"45,6967800","4,8448600",69,2019,70.0,1.0,1.0,3.0,2144481,1.0,1,1,1,5.0,,0.0,0,1977.0,D01,138Â 304Â 627,1.0,0.0,-1.0,1637563,1.0,7,,0.0,2.0,1.0,A01,138Â 304Â 629,1.0
959526,201900001057,1,25,13:05,1,1,1,1.0,4.0,69199,RD383   14.250 A 18.000,M,"45,6967800","4,8448600",69,2019,70.0,1.0,1.0,3.0,2144482,1.0,1,1,1,5.0,,0.0,0,1989.0,C01,138Â 304Â 628,1.0,0.0,-1.0,1637560,1.0,7,,0.0,2.0,4.0,B01,138Â 304Â 626,1.0
959526,201900001057,1,25,13:05,1,1,1,1.0,4.0,69199,RD383   14.250 A 18.000,M,"45,6967800","4,8448600",69,2019,70.0,1.0,1.0,3.0,2144482,1.0,1,1,1,5.0,,0.0,0,1989.0,C01,138Â 304Â 628,1.0,0.0,-1.0,1637561,1.0,7,,0.0,0.0,4.0,D01,138Â 304Â 627,1.0
959526,201900001057,1,25,13:05,1,1,1,1.0,4.0,69199,RD383   14.250 A 18.000,M,"45,6967800","4,8448600",69,2019,70.0,1.0,1.0,3.0,2144482,1.0,1,1,1,5.0,,0.0,0,1989.0,C01,138Â 304Â 628,1.0,0.0,-1.0,1637562,1.0,7,,0.0,2.0,4.0,C01,138Â 304Â 628,1.0
959526,201900001057,1,25,13:05,1,1,1,1.0,4.0,69199,RD383   14.250 A 18.000,M,"45,6967800","4,8448600",69,2019,70.0,1.0,1.0,3.0,2144482,1.0,1,1,1,5.0,,0.0,0,1989.0,C01,138Â 304Â 628,1.0,0.0,-1.0,1637563,1.0,7,,0.0,2.0,1.0,A01,138Â 304Â 629,1.0
959526,201900001057,1,25,13:05,1,1,1,1.0,4.0,69199,RD383   14.250 A 18.000,M,"45,6967800","4,8448600",69,2019,70.0,1.0,1.0,3.0,2144483,1.0,1,1,2,5.0,,0.0,0,1995.0,A01,138Â 304Â 629,1.0,0.0,-1.0,1637560,1.0,7,,0.0,2.0,4.0,B01,138Â 304Â 626,1.0
959526,201900001057,1,25,13:05,1,1,1,1.0,4.0,69199,RD383   14.250 A 18.000,M,"45,6967800","4,8448600",69,2019,70.0,1.0,1.0,3.0,2144483,1.0,1,1,2,5.0,,0.0,0,1995.0,A01,138Â 304Â 629,1.0,0.0,-1.0,1637561,1.0,7,,0.0,0.0,4.0,D01,138Â 304Â 627,1.0
959526,201900001057,1,25,13:05,1,1,1,1.0,4.0,69199,RD383   14.250 A 18.000,M,"45,6967800","4,8448600",69,2019,70.0,1.0,1.0,3.0,2144483,1.0,1,1,2,5.0,,0.0,0,1995.0,A01,138Â 304Â 629,1.0,0.0,-1.0,1637562,1.0,7,,0.0,2.0,4.0,C01,138Â 304Â 628,1.0
959526,201900001057,1,25,13:05,1,1,1,1.0,4.0,69199,RD383   14.250 A 18.000,M,"45,6967800","4,8448600",69,2019,70.0,1.0,1.0,3.0,2144483,1.0,1,1,2,5.0,,0.0,0,1995.0,A01,138Â 304Â 629,1.0,0.0,-1.0,1637563,1.0,7,,0.0,2.0,1.0,A01,138Â 304Â 629,1.0
959527,201900001058,1,31,07:27,2,1,1,1.0,2.0,01275,A42 4.329 A 5.760   LYON/GEN,M,"45,8115510","4,9400350",1,2019,110.0,1.0,1.0,1.0,2144484,1.0,1,1,1,1.0,,-1.0, -1,1983.0,A01,138Â 304Â 624,1.0,0.0,-1.0,1637564,2.0,10,,0.0,2.0,1.0,A01,138Â 304Â 624,1.0
959527,201900001058,1,31,07:27,2,1,1,1.0,2.0,01275,A42 4.329 A 5.760   LYON/GEN,M,"45,8115510","4,9400350",1,2019,110.0,1.0,1.0,1.0,2144484,1.0,1,1,1,1.0,,-1.0, -1,1983.0,A01,138Â 304Â 624,1.0,0.0,-1.0,1637565,2.0,10,,0.0,2.0,4.0,B01,138Â 304Â 625,1.0
959527,201900001058,1,31,07:27,2,1,1,1.0,2.0,01275,A42 4.329 A 5.760   LYON/GEN,M,"45,8115510","4,9400350",1,2019,110.0,1.0,1.0,1.0,2144485,1.0,1,4,1,1.0,,-1.0, -1,1986.0,B01,138Â 304Â 625,1.0,0.0,-1.0,1637564,2.0,10,,0.0,2.0,1.0,A01,138Â 304Â 624,1.0
959527,201900001058,1,31,07:27,2,1,1,1.0,2.0,01275,A42 4.329 A 5.760   LYON/GEN,M,"45,8115510","4,9400350",1,2019,110.0,1.0,1.0,1.0,2144485,1.0,1,4,1,1.0,,-1.0, -1,1986.0,B01,138Â 304Â 625,1.0,0.0,-1.0,1637565,2.0,10,,0.0,2.0,4.0,B01,138Â 304Â 625,1.0
959528,201900001059,2,5,17:10,1,1,1,1.0,4.0,69290,RN346   38.960 A 40.883,M,"45,7084100","4,9677800",69,2019,90.0,1.0,1.0,2.0,2144486,1.0,1,4,2,1.0,,0.0,0,1978.0,B01,138Â 304Â 621,1.0,0.0,-1.0,1637566,2.0,7,,0.0,2.0,4.0,B01,138Â 304Â 621,1.0
959528,201900001059,2,5,17:10,1,1,1,1.0,4.0,69290,RN346   38.960 A 40.883,M,"45,7084100","4,9677800",69,2019,90.0,1.0,1.0,2.0,2144486,1.0,1,4,2,1.0,,0.0,0,1978.0,B01,138Â 304Â 621,1.0,0.0,-1.0,1637567,2.0,10,,0.0,2.0,4.0,C01,138Â 304Â 622,1.0
959528,201900001059,2,5,17:10,1,1,1,1.0,4.0,69290,RN346   38.960 A 40.883,M,"45,7084100","4,9677800",69,2019,90.0,1.0,1.0,2.0,2144486,1.0,1,4,2,1.0,,0.0,0,1978.0,B01,138Â 304Â 621,1.0,0.0,-1.0,1637568,2.0,7,,0.0,2.0,1.0,A01,138Â 304Â 623,1.0
959528,201900001059,2,5,17:10,1,1,1,1.0,4.0,69290,RN346   38.960 A 40.883,M,"45,7084100","4,9677800",69,2019,90.0,1.0,1.0,2.0,2144487,1.0,1,1,1,4.0,,0.0,0,1990.0,C01,138Â 304Â 622,1.0,0.0,-1.0,1637566,2.0,7,,0.0,2.0,4.0,B01,138Â 304Â 621,1.0
959528,201900001059,2,5,17:10,1,1,1,1.0,4.0,69290,RN346   38.960 A 40.883,M,"45,7084100","4,9677800",69,2019,90.0,1.0,1.0,2.0,2144487,1.0,1,1,1,4.0,,0.0,0,1990.0,C01,138Â 304Â 622,1.0,0.0,-1.0,1637567,2.0,10,,0.0,2.0,4.0,C01,138Â 304Â 622,1.0
959528,201900001059,2,5,17:10,1,1,1,1.0,4.0,69290,RN346   38.960 A 40.883,M,"45,7084100","4,9677800",69,2019,90.0,1.0,1.0,2.0,2144487,1.0,1,1,1,4.0,,0.0,0,1990.0,C01,138Â 304Â 622,1.0,0.0,-1.0,1637568,2.0,7,,0.0,2.0,1.0,A01,138Â 304Â 623,1.0
959528,201900001059,2,5,17:10,1,1,1,1.0,4.0,69290,RN346   38.960 A 40.883,M,"45,7084100","4,9677800",69,2019,90.0,1.0,1.0,2.0,2144488,1.0,1,4,2,3.0,,0.0,0,1963.0,A01,138Â 304Â 623,1.0,0.0,-1.0,1637566,2.0,7,,0.0,2.0,4.0,B01,138Â 304Â 621,1.0
959528,201900001059,2,5,17:10,1,1,1,1.0,4.0,69290,RN346   38.960 A 40.883,M,"45,7084100","4,9677800",69,2019,90.0,1.0,1.0,2.0,2144488,1.0,1,4,2,3.0,,0.0,0,1963.0,A01,138Â 304Â 623,1.0,0.0,-1.0,1637567,2.0,10,,0.0,2.0,4.0,C01,138Â 304Â 622,1.0
959528,201900001059,2,5,17:10,1,1,1,1.0,4.0,69290,RN346   38.960 A 40.883,M,"45,7084100","4,9677800",69,2019,90.0,1.0,1.0,2.0,2144488,1.0,1,4,2,3.0,,0.0,0,1963.0,A01,138Â 304Â 623,1.0,0.0,-1.0,1637568,2.0,7,,0.0,2.0,1.0,A01,138Â 304Â 623,1.0
959529,201900001060,2,14,23:30,3,1,1,1.0,7.0,42123,A47,M,"45,5147700","4,5752400",42,2019,90.0,1.0,1.0,1.0,2144489,1.0,1,4,2,5.0,,-1.0,0,1995.0,A01,138Â 304Â 620,1.0,0.0,-1.0,1637569,1.0,7,,4.0,0.0,8.0,A01,138Â 304Â 620,1.0
959529,201900001060,2,14,23:30,3,1,1,1.0,7.0,42123,A47,M,"45,5147700","4,5752400",42,2019,90.0,1.0,1.0,1.0,2144490,2.0,2,4,2,5.0,,-1.0,0,1997.0,A01,138Â 304Â 620,1.0,0.0,-1.0,1637569,1.0,7,,4.0,0.0,8.0,A01,138Â 304Â 620,1.0
959529,201900001060,2,14,23:30,3,1,1,1.0,7.0,42123,A47,M,"45,5147700","4,5752400",42,2019,90.0,1.0,1.0,1.0,2144491,3.0,2,1,1,5.0,,-1.0,0,1998.0,A01,138Â 304Â 620,1.0,0.0,-1.0,1637569,1.0,7,,4.0,0.0,8.0,A01,138Â 304Â 620,1.0
959529,201900001060,2,14,23:30,3,1,1,1.0,7.0,42123,A47,M,"45,5147700","4,5752400",42,2019,90.0,1.0,1.0,1.0,2144492,4.0,2,4,1,5.0,,-1.0,0,1992.0,A01,138Â 304Â 620,1.0,0.0,-1.0,1637569,1.0,7,,4.0,0.0,8.0,A01,138Â 304Â 620,1.0
959530,201900001061,2,11,19:45,3,1,1,1.0,6.0,42218,A72,M,"45,4653100","4,3971100",42,2019,70.0,1.0,1.0,1.0,2144493,10.0,3,3,1,9.0,,1.0,1,1993.0,A01,138Â 304Â 619,0.0,0.0,0.0,1637570,2.0,7,,0.0,1.0,2.0,A01,138Â 304Â 619,1.0
959530,201900001061,2,11,19:45,3,1,1,1.0,6.0,42218,A72,M,"45,4653100","4,3971100",42,2019,70.0,1.0,1.0,1.0,2144494,1.0,1,1,1,0.0,,0.0,0,1993.0,A01,138Â 304Â 619,1.0,0.0,-1.0,1637570,2.0,7,,0.0,1.0,2.0,A01,138Â 304Â 619,1.0
959531,201900001062,2,15,06:45,3,1,1,1.0,3.0,42186,A47,M,"45,5312320","4,6168120",42,2019,90.0,1.0,1.0,1.0,2144495,4.0,2,1,1,5.0,,0.0,0,1998.0,A01,138Â 304Â 617,1.0,8.0,-1.0,1637571,1.0,7,,4.0,2.0,3.0,A01,138Â 304Â 617,1.0
959531,201900001062,2,15,06:45,3,1,1,1.0,3.0,42186,A47,M,"45,5312320","4,6168120",42,2019,90.0,1.0,1.0,1.0,2144495,4.0,2,1,1,5.0,,0.0,0,1998.0,A01,138Â 304Â 617,1.0,8.0,-1.0,1637572,1.0,14,,0.0,2.0,3.0,B01,138Â 304Â 618,1.0
959531,201900001062,2,15,06:45,3,1,1,1.0,3.0,42186,A47,M,"45,5312320","4,6168120",42,2019,90.0,1.0,1.0,1.0,2144496,3.0,2,4,1,5.0,,0.0,0,1994.0,A01,138Â 304Â 617,1.0,0.0,-1.0,1637571,1.0,7,,4.0,2.0,3.0,A01,138Â 304Â 617,1.0
959531,201900001062,2,15,06:45,3,1,1,1.0,3.0,42186,A47,M,"45,5312320","4,6168120",42,2019,90.0,1.0,1.0,1.0,2144496,3.0,2,4,1,5.0,,0.0,0,1994.0,A01,138Â 304Â 617,1.0,0.0,-1.0,1637572,1.0,14,,0.0,2.0,3.0,B01,138Â 304Â 618,1.0
959531,201900001062,2,15,06:45,3,1,1,1.0,3.0,42186,A47,M,"45,5312320","4,6168120",42,2019,90.0,1.0,1.0,1.0,2144497,2.0,2,1,1,5.0,,0.0,0,2001.0,A01,138Â 304Â 617,1.0,0.0,-1.0,1637571,1.0,7,,4.0,2.0,3.0,A01,138Â 304Â 617,1.0
959531,201900001062,2,15,06:45,3,1,1,1.0,3.0,42186,A47,M,"45,5312320","4,6168120",42,2019,90.0,1.0,1.0,1.0,2144497,2.0,2,1,1,5.0,,0.0,0,2001.0,A01,138Â 304Â 617,1.0,0.0,-1.0,1637572,1.0,14,,0.0,2.0,3.0,B01,138Â 304Â 618,1.0
959531,201900001062,2,15,06:45,3,1,1,1.0,3.0,42186,A47,M,"45,5312320","4,6168120",42,2019,90.0,1.0,1.0,1.0,2144498,1.0,1,1,1,4.0,,0.0,0,1986.0,B01,138Â 304Â 618,1.0,0.0,-1.0,1637571,1.0,7,,4.0,2.0,3.0,A01,138Â 304Â 617,1.0
959531,201900001062,2,15,06:45,3,1,1,1.0,3.0,42186,A47,M,"45,5312320","4,6168120",42,2019,90.0,1.0,1.0,1.0,2144498,1.0,1,1,1,4.0,,0.0,0,1986.0,B01,138Â 304Â 618,1.0,0.0,-1.0,1637572,1.0,14,,0.0,2.0,3.0,B01,138Â 304Â 618,1.0
959532,201900001063,2,14,18:50,3,1,1,1.0,2.0,42218,A72,M,"45,4613400","4,4027100",42,2019,90.0,1.0,1.0,1.0,2144499,1.0,1,4,2,5.0,,-1.0,0,1987.0,B01,138Â 304Â 615,1.0,0.0,-1.0,1637573,2.0,10,,0.0,2.0,6.0,B01,138Â 304Â 615,1.0