Unnamed: 0_x,num_acc,mois,jour,hrmn,lum,agg,int,atm,col,com,adr,gps,lat,long,dep,annee,vma,situ,surf,catr,Unnamed: 0_y,place,catu,grav,sexe,trajet,secu,locp,actp,an_nais,num_veh_x,id_vehicule_x,secu1,secu2,secu3,Unnamed: 0,senc,catv,occutc,obs,obsm,choc,num_veh_y,id_vehicule_y,motor
959532,201900001063,2,14,18:50,3,1,1,1.0,2.0,42218,A72,M,"45,4613400","4,4027100",42,2019,90.0,1.0,1.0,1.0,2144499,1.0,1,4,2,5.0,,-1.0,0,1987.0,B01,138Â 304Â 615,1.0,0.0,-1.0,1637574,1.0,10,,0.0,2.0,2.0,A01,138Â 304Â 616,1.0
959532,201900001063,2,14,18:50,3,1,1,1.0,2.0,42218,A72,M,"45,4613400","4,4027100",42,2019,90.0,1.0,1.0,1.0,2144500,2.0,2,1,2,5.0,,-1.0,0,1997.0,A01,138Â 304Â 616,1.0,0.0,-1.0,1637573,2.0,10,,0.0,2.0,6.0,B01,138Â 304Â 615,1.0
959532,201900001063,2,14,18:50,3,1,1,1.0,2.0,42218,A72,M,"45,4613400","4,4027100",42,2019,90.0,1.0,1.0,1.0,2144500,2.0,2,1,2,5.0,,-1.0,0,1997.0,A01,138Â 304Â 616,1.0,0.0,-1.0,1637574,1.0,10,,0.0,2.0,2.0,A01,138Â 304Â 616,1.0
959532,201900001063,2,14,18:50,3,1,1,1.0,2.0,42218,A72,M,"45,4613400","4,4027100",42,2019,90.0,1.0,1.0,1.0,2144501,1.0,1,1,1,5.0,,-1.0, -1,1988.0,A01,138Â 304Â 616,1.0,0.0,-1.0,1637573,2.0,10,,0.0,2.0,6.0,B01,138Â 304Â 615,1.0
959532,201900001063,2,14,18:50,3,1,1,1.0,2.0,42218,A72,M,"45,4613400","4,4027100",42,2019,90.0,1.0,1.0,1.0,2144501,1.0,1,1,1,5.0,,-1.0, -1,1988.0,A01,138Â 304Â 616,1.0,0.0,-1.0,1637574,1.0,10,,0.0,2.0,2.0,A01,138Â 304Â 616,1.0
959533,201900001064,2,17,18:05,2,1,1,1.0,4.0,33063,ROCADE A 630,M,"44,8872100"," -0,5709700",33,2019,90.0,1.0,1.0,1.0,2144502,2.0,2,1,2,5.0,,-1.0, -1,1970.0,D01,138Â 304Â 611,1.0,8.0,-1.0,1637575,1.0,7,,0.0,2.0,4.0,D01,138Â 304Â 611,1.0
959533,201900001064,2,17,18:05,2,1,1,1.0,4.0,33063,ROCADE A 630,M,"44,8872100"," -0,5709700",33,2019,90.0,1.0,1.0,1.0,2144502,2.0,2,1,2,5.0,,-1.0, -1,1970.0,D01,138Â 304Â 611,1.0,8.0,-1.0,1637576,1.0,7,,0.0,2.0,4.0,C01,138Â 304Â 612,1.0
959533,201900001064,2,17,18:05,2,1,1,1.0,4.0,33063,ROCADE A 630,M,"44,8872100"," -0,5709700",33,2019,90.0,1.0,1.0,1.0,2144502,2.0,2,1,2,5.0,,-1.0, -1,1970.0,D01,138Â 304Â 611,1.0,8.0,-1.0,1637577,1.0,7,,0.0,2.0,4.0,B01,138Â 304Â 613,1.0
959533,201900001064,2,17,18:05,2,1,1,1.0,4.0,33063,ROCADE A 630,M,"44,8872100"," -0,5709700",33,2019,90.0,1.0,1.0,1.0,2144502,2.0,2,1,2,5.0,,-1.0, -1,1970.0,D01,138Â 304Â 611,1.0,8.0,-1.0,1637578,1.0,7,,0.0,2.0,1.0,A01,138Â 304Â 614,1.0
959533,201900001064,2,17,18:05,2,1,1,1.0,4.0,33063,ROCADE A 630,M,"44,8872100"," -0,5709700",33,2019,90.0,1.0,1.0,1.0,2144503,1.0,1,1,1,5.0,,-1.0, -1,1990.0,D01,138Â 304Â 611,1.0,8.0,-1.0,1637575,1.0,7,,0.0,2.0,4.0,D01,138Â 304Â 611,1.0
959533,201900001064,2,17,18:05,2,1,1,1.0,4.0,33063,ROCADE A 630,M,"44,8872100"," -0,5709700",33,2019,90.0,1.0,1.0,1.0,2144503,1.0,1,1,1,5.0,,-1.0, -1,1990.0,D01,138Â 304Â 611,1.0,8.0,-1.0,1637576,1.0,7,,0.0,2.0,4.0,C01,138Â 304Â 612,1.0
959533,201900001064,2,17,18:05,2,1,1,1.0,4.0,33063,ROCADE A 630,M,"44,8872100"," -0,5709700",33,2019,90.0,1.0,1.0,1.0,2144503,1.0,1,1,1,5.0,,-1.0, -1,1990.0,D01,138Â 304Â 611,1.0,8.0,-1.0,1637577,1.0,7,,0.0,2.0,4.0,B01,138Â 304Â 613,1.0
959533,201900001064,2,17,18:05,2,1,1,1.0,4.0,33063,ROCADE A 630,M,"44,8872100"," -0,5709700",33,2019,90.0,1.0,1.0,1.0,2144503,1.0,1,1,1,5.0,,-1.0, -1,1990.0,D01,138Â 304Â 611,1.0,8.0,-1.0,1637578,1.0,7,,0.0,2.0,1.0,A01,138Â 304Â 614,1.0
959533,201900001064,2,17,18:05,2,1,1,1.0,4.0,33063,ROCADE A 630,M,"44,8872100"," -0,5709700",33,2019,90.0,1.0,1.0,1.0,2144504,2.0,2,4,2,5.0,,-1.0, -1,1960.0,C01,138Â 304Â 612,1.0,8.0,-1.0,1637575,1.0,7,,0.0,2.0,4.0,D01,138Â 304Â 611,1.0
959533,201900001064,2,17,18:05,2,1,1,1.0,4.0,33063,ROCADE A 630,M,"44,8872100"," -0,5709700",33,2019,90.0,1.0,1.0,1.0,2144504,2.0,2,4,2,5.0,,-1.0, -1,1960.0,C01,138Â 304Â 612,1.0,8.0,-1.0,1637576,1.0,7,,0.0,2.0,4.0,C01,138Â 304Â 612,1.0
959533,201900001064,2,17,18:05,2,1,1,1.0,4.0,33063,ROCADE A 630,M,"44,8872100"," -0,5709700",33,2019,90.0,1.0,1.0,1.0,2144504,2.0,2,4,2,5.0,,-1.0, -1,1960.0,C01,138Â 304Â 612,1.0,8.0,-1.0,1637577,1.0,7,,0.0,2.0,4.0,B01,138Â 304Â 613,1.0
959533,201900001064,2,17,18:05,2,1,1,1.0,4.0,33063,ROCADE A 630,M,"44,8872100"," -0,5709700",33,2019,90.0,1.0,1.0,1.0,2144504,2.0,2,4,2,5.0,,-1.0, -1,1960.0,C01,138Â 304Â 612,1.0,8.0,-1.0,1637578,1.0,7,,0.0,2.0,1.0,A01,138Â 304Â 614,1.0
959533,201900001064,2,17,18:05,2,1,1,1.0,4.0,33063,ROCADE A 630,M,"44,8872100"," -0,5709700",33,2019,90.0,1.0,1.0,1.0,2144505,1.0,1,1,1,5.0,,-1.0, -1,1994.0,C01,138Â 304Â 612,1.0,8.0,-1.0,1637575,1.0,7,,0.0,2.0,4.0,D01,138Â 304Â 611,1.0
959533,201900001064,2,17,18:05,2,1,1,1.0,4.0,33063,ROCADE A 630,M,"44,8872100"," -0,5709700",33,2019,90.0,1.0,1.0,1.0,2144505,1.0,1,1,1,5.0,,-1.0, -1,1994.0,C01,138Â 304Â 612,1.0,8.0,-1.0,1637576,1.0,7,,0.0,2.0,4.0,C01,138Â 304Â 612,1.0
959533,201900001064,2,17,18:05,2,1,1,1.0,4.0,33063,ROCADE A 630,M,"44,8872100"," -0,5709700",33,2019,90.0,1.0,1.0,1.0,2144505,1.0,1,1,1,5.0,,-1.0, -1,1994.0,C01,138Â 304Â 612,1.0,8.0,-1.0,1637577,1.0,7,,0.0,2.0,4.0,B01,138Â 304Â 613,1.0
959533,201900001064,2,17,18:05,2,1,1,1.0,4.0,33063,ROCADE A 630,M,"44,8872100"," -0,5709700",33,2019,90.0,1.0,1.0,1.0,2144505,1.0,1,1,1,5.0,,-1.0, -1,1994.0,C01,138Â 304Â 612,1.0,8.0,-1.0,1637578,1.0,7,,0.0,2.0,1.0,A01,138Â 304Â 614,1.0
959533,201900001064,2,17,18:05,2,1,1,1.0,4.0,33063,ROCADE A 630,M,"44,8872100"," -0,5709700",33,2019,90.0,1.0,1.0,1.0,2144506,4.0,2,4,1,0.0,,-1.0, -1,2010.0,B01,138Â 304Â 613,1.0,8.0,-1.0,1637575,1.0,7,,0.0,2.0,4.0,D01,138Â 304Â 611,1.0
959533,201900001064,2,17,18:05,2,1,1,1.0,4.0,33063,ROCADE A 630,M,"44,8872100"," -0,5709700",33,2019,90.0,1.0,1.0,1.0,2144506,4.0,2,4,1,0.0,,-1.0, -1,2010.0,B01,138Â 304Â 613,1.0,8.0,-1.0,1637576,1.0,7,,0.0,2.0,4.0,C01,138Â 304Â 612,1.0
959533,201900001064,2,17,18:05,2,1,1,1.0,4.0,33063,ROCADE A 630,M,"44,8872100"," -0,5709700",33,2019,90.0,1.0,1.0,1.0,2144506,4.0,2,4,1,0.0,,-1.0, -1,2010.0,B01,138Â 304Â 613,1.0,8.0,-1.0,1637577,1.0,7,,0.0,2.0,4.0,B01,138Â 304Â 613,1.0
959533,201900001064,2,17,18:05,2,1,1,1.0,4.0,33063,ROCADE A 630,M,"44,8872100"," -0,5709700",33,2019,90.0,1.0,1.0,1.0,2144506,4.0,2,4,1,0.0,,-1.0, -1,2010.0,B01,138Â 304Â 613,1.0,8.0,-1.0,1637578,1.0,7,,0.0,2.0,1.0,A01,138Â 304Â 614,1.0
959533,201900001064,2,17,18:05,2,1,1,1.0,4.0,33063,ROCADE A 630,M,"44,8872100"," -0,5709700",33,2019,90.0,1.0,1.0,1.0,2144507,1.0,1,1,1,0.0,,-1.0, -1,1988.0,B01,138Â 304Â 613,1.0,8.0,-1.0,1637575,1.0,7,,0.0,2.0,4.0,D01,138Â 304Â 611,1.0
959533,201900001064,2,17,18:05,2,1,1,1.0,4.0,33063,ROCADE A 630,M,"44,8872100"," -0,5709700",33,2019,90.0,1.0,1.0,1.0,2144507,1.0,1,1,1,0.0,,-1.0, -1,1988.0,B01,138Â 304Â 613,1.0,8.0,-1.0,1637576,1.0,7,,0.0,2.0,4.0,C01,138Â 304Â 612,1.0
959533,201900001064,2,17,18:05,2,1,1,1.0,4.0,33063,ROCADE A 630,M,"44,8872100"," -0,5709700",33,2019,90.0,1.0,1.0,1.0,2144507,1.0,1,1,1,0.0,,-1.0, -1,1988.0,B01,138Â 304Â 613,1.0,8.0,-1.0,1637577,1.0,7,,0.0,2.0,4.0,B01,138Â 304Â 613,1.0
959533,201900001064,2,17,18:05,2,1,1,1.0,4.0,33063,ROCADE A 630,M,"44,8872100"," -0,5709700",33,2019,90.0,1.0,1.0,1.0,2144507,1.0,1,1,1,0.0,,-1.0, -1,1988.0,B01,138Â 304Â 613,1.0,8.0,-1.0,1637578,1.0,7,,0.0,2.0,1.0,A01,138Â 304Â 614,1.0
959533,201900001064,2,17,18:05,2,1,1,1.0,4.0,33063,ROCADE A 630,M,"44,8872100"," -0,5709700",33,2019,90.0,1.0,1.0,1.0,2144508,2.0,2,1,2,0.0,,-1.0, -1,1987.0,B01,138Â 304Â 613,1.0,0.0,-1.0,1637575,1.0,7,,0.0,2.0,4.0,D01,138Â 304Â 611,1.0
959533,201900001064,2,17,18:05,2,1,1,1.0,4.0,33063,ROCADE A 630,M,"44,8872100"," -0,5709700",33,2019,90.0,1.0,1.0,1.0,2144508,2.0,2,1,2,0.0,,-1.0, -1,1987.0,B01,138Â 304Â 613,1.0,0.0,-1.0,1637576,1.0,7,,0.0,2.0,4.0,C01,138Â 304Â 612,1.0
959533,201900001064,2,17,18:05,2,1,1,1.0,4.0,33063,ROCADE A 630,M,"44,8872100"," -0,5709700",33,2019,90.0,1.0,1.0,1.0,2144508,2.0,2,1,2,0.0,,-1.0, -1,1987.0,B01,138Â 304Â 613,1.0,0.0,-1.0,1637577,1.0,7,,0.0,2.0,4.0,B01,138Â 304Â 613,1.0
959533,201900001064,2,17,18:05,2,1,1,1.0,4.0,33063,ROCADE A 630,M,"44,8872100"," -0,5709700",33,2019,90.0,1.0,1.0,1.0,2144508,2.0,2,1,2,0.0,,-1.0, -1,1987.0,B01,138Â 304Â 613,1.0,0.0,-1.0,1637578,1.0,7,,0.0,2.0,1.0,A01,138Â 304Â 614,1.0
959533,201900001064,2,17,18:05,2,1,1,1.0,4.0,33063,ROCADE A 630,M,"44,8872100"," -0,5709700",33,2019,90.0,1.0,1.0,1.0,2144509,2.0,2,1,1,5.0,,-1.0, -1,2001.0,A01,138Â 304Â 614,1.0,8.0,-1.0,1637575,1.0,7,,0.0,2.0,4.0,D01,138Â 304Â 611,1.0
959533,201900001064,2,17,18:05,2,1,1,1.0,4.0,33063,ROCADE A 630,M,"44,8872100"," -0,5709700",33,2019,90.0,1.0,1.0,1.0,2144509,2.0,2,1,1,5.0,,-1.0, -1,2001.0,A01,138Â 304Â 614,1.0,8.0,-1.0,1637576,1.0,7,,0.0,2.0,4.0,C01,138Â 304Â 612,1.0
959533,201900001064,2,17,18:05,2,1,1,1.0,4.0,33063,ROCADE A 630,M,"44,8872100"," -0,5709700",33,2019,90.0,1.0,1.0,1.0,2144509,2.0,2,1,1,5.0,,-1.0, -1,2001.0,A01,138Â 304Â 614,1.0,8.0,-1.0,1637577,1.0,7,,0.0,2.0,4.0,B01,138Â 304Â 613,1.0
959533,201900001064,2,17,18:05,2,1,1,1.0,4.0,33063,ROCADE A 630,M,"44,8872100"," -0,5709700",33,2019,90.0,1.0,1.0,1.0,2144509,2.0,2,1,1,5.0,,-1.0, -1,2001.0,A01,138Â 304Â 614,1.0,8.0,-1.0,1637578,1.0,7,,0.0,2.0,1.0,A01,138Â 304Â 614,1.0
959533,201900001064,2,17,18:05,2,1,1,1.0,4.0,33063,ROCADE A 630,M,"44,8872100"," -0,5709700",33,2019,90.0,1.0,1.0,1.0,2144510,1.0,1,1,2,5.0,,-1.0, -1,1996.0,A01,138Â 304Â 614,1.0,8.0,-1.0,1637575,1.0,7,,0.0,2.0,4.0,D01,138Â 304Â 611,1.0
959533,201900001064,2,17,18:05,2,1,1,1.0,4.0,33063,ROCADE A 630,M,"44,8872100"," -0,5709700",33,2019,90.0,1.0,1.0,1.0,2144510,1.0,1,1,2,5.0,,-1.0, -1,1996.0,A01,138Â 304Â 614,1.0,8.0,-1.0,1637576,1.0,7,,0.0,2.0,4.0,C01,138Â 304Â 612,1.0
959533,201900001064,2,17,18:05,2,1,1,1.0,4.0,33063,ROCADE A 630,M,"44,8872100"," -0,5709700",33,2019,90.0,1.0,1.0,1.0,2144510,1.0,1,1,2,5.0,,-1.0, -1,1996.0,A01,138Â 304Â 614,1.0,8.0,-1.0,1637577,1.0,7,,0.0,2.0,4.0,B01,138Â 304Â 613,1.0
959533,201900001064,2,17,18:05,2,1,1,1.0,4.0,33063,ROCADE A 630,M,"44,8872100"," -0,5709700",33,2019,90.0,1.0,1.0,1.0,2144510,1.0,1,1,2,5.0,,-1.0, -1,1996.0,A01,138Â 304Â 614,1.0,8.0,-1.0,1637578,1.0,7,,0.0,2.0,1.0,A01,138Â 304Â 614,1.0
959533,201900001064,2,17,18:05,2,1,1,1.0,4.0,33063,ROCADE A 630,M,"44,8872100"," -0,5709700",33,2019,90.0,1.0,1.0,1.0,2144511,4.0,2,1,1,5.0,,-1.0, -1,2003.0,A01,138Â 304Â 614,1.0,8.0,-1.0,1637575,1.0,7,,0.0,2.0,4.0,D01,138Â 304Â 611,1.0
959533,201900001064,2,17,18:05,2,1,1,1.0,4.0,33063,ROCADE A 630,M,"44,8872100"," -0,5709700",33,2019,90.0,1.0,1.0,1.0,2144511,4.0,2,1,1,5.0,,-1.0, -1,2003.0,A01,138Â 304Â 614,1.0,8.0,-1.0,1637576,1.0,7,,0.0,2.0,4.0,C01,138Â 304Â 612,1.0
959533,201900001064,2,17,18:05,2,1,1,1.0,4.0,33063,ROCADE A 630,M,"44,8872100"," -0,5709700",33,2019,90.0,1.0,1.0,1.0,2144511,4.0,2,1,1,5.0,,-1.0, -1,2003.0,A01,138Â 304Â 614,1.0,8.0,-1.0,1637577,1.0,7,,0.0,2.0,4.0,B01,138Â 304Â 613,1.0
959533,201900001064,2,17,18:05,2,1,1,1.0,4.0,33063,ROCADE A 630,M,"44,8872100"," -0,5709700",33,2019,90.0,1.0,1.0,1.0,2144511,4.0,2,1,1,5.0,,-1.0, -1,2003.0,A01,138Â 304Â 614,1.0,8.0,-1.0,1637578,1.0,7,,0.0,2.0,1.0,A01,138Â 304Â 614,1.0
959534,201900001065,2,16,05:40,3,1,1,1.0,2.0,33122,AUTOROUTE A 63,M,"44,7268800"," -0,7309900",33,2019,130.0,1.0,1.0,1.0,2144512,1.0,1,3,1,0.0,,-1.0, -1,1984.0,A01,138Â 304Â 609,1.0,8.0,-1.0,1637579,1.0,7,,0.0,2.0,1.0,A01,138Â 304Â 609,1.0
959534,201900001065,2,16,05:40,3,1,1,1.0,2.0,33122,AUTOROUTE A 63,M,"44,7268800"," -0,7309900",33,2019,130.0,1.0,1.0,1.0,2144512,1.0,1,3,1,0.0,,-1.0, -1,1984.0,A01,138Â 304Â 609,1.0,8.0,-1.0,1637580,1.0,17,,0.0,2.0,4.0,B01,138Â 304Â 610,1.0
959534,201900001065,2,16,05:40,3,1,1,1.0,2.0,33122,AUTOROUTE A 63,M,"44,7268800"," -0,7309900",33,2019,130.0,1.0,1.0,1.0,2144513,1.0,1,1,1,4.0,,-1.0, -1,1968.0,B01,138Â 304Â 610,1.0,8.0,-1.0,1637579,1.0,7,,0.0,2.0,1.0,A01,138Â 304Â 609,1.0
959534,201900001065,2,16,05:40,3,1,1,1.0,2.0,33122,AUTOROUTE A 63,M,"44,7268800"," -0,7309900",33,2019,130.0,1.0,1.0,1.0,2144513,1.0,1,1,1,4.0,,-1.0, -1,1968.0,B01,138Â 304Â 610,1.0,8.0,-1.0,1637580,1.0,17,,0.0,2.0,4.0,B01,138Â 304Â 610,1.0
959535,201900001066,2,15,16:00,1,1,1,1.0,2.0,33039,ROUTE NATIONALE 230,M,"44,8069100"," -0,5286400",33,2019,70.0,1.0,1.0,2.0,2144514,1.0,1,4,1,1.0,,-1.0, -1,1975.0,A01,138Â 304Â 607,1.0,8.0,-1.0,1637581,2.0,7,,0.0,2.0,1.0,A01,138Â 304Â 607,1.0
959535,201900001066,2,15,16:00,1,1,1,1.0,2.0,33039,ROUTE NATIONALE 230,M,"44,8069100"," -0,5286400",33,2019,70.0,1.0,1.0,2.0,2144514,1.0,1,4,1,1.0,,-1.0, -1,1975.0,A01,138Â 304Â 607,1.0,8.0,-1.0,1637582,2.0,7,,0.0,2.0,4.0,B01,138Â 304Â 608,1.0
959535,201900001066,2,15,16:00,1,1,1,1.0,2.0,33039,ROUTE NATIONALE 230,M,"44,8069100"," -0,5286400",33,2019,70.0,1.0,1.0,2.0,2144515,1.0,1,1,1,0.0,,-1.0, -1,1989.0,B01,138Â 304Â 608,1.0,8.0,-1.0,1637581,2.0,7,,0.0,2.0,1.0,A01,138Â 304Â 607,1.0
959535,201900001066,2,15,16:00,1,1,1,1.0,2.0,33039,ROUTE NATIONALE 230,M,"44,8069100"," -0,5286400",33,2019,70.0,1.0,1.0,2.0,2144515,1.0,1,1,1,0.0,,-1.0, -1,1989.0,B01,138Â 304Â 608,1.0,8.0,-1.0,1637582,2.0,7,,0.0,2.0,4.0,B01,138Â 304Â 608,1.0
959536,201900001067,2,7,19:15,3,1,1,1.0,4.0,59557,AUTOROUTE A2,M,"50,3407400","3,5662800",59,2019,110.0,1.0,1.0,1.0,2144516,1.0,1,1,1,4.0,,-1.0, -1,1988.0,C01,138Â 304Â 603,1.0,0.0,-1.0,1637583,2.0,7,,0.0,2.0,7.0,C01,138Â 304Â 603,1.0
959536,201900001067,2,7,19:15,3,1,1,1.0,4.0,59557,AUTOROUTE A2,M,"50,3407400","3,5662800",59,2019,110.0,1.0,1.0,1.0,2144516,1.0,1,1,1,4.0,,-1.0, -1,1988.0,C01,138Â 304Â 603,1.0,0.0,-1.0,1637584,2.0,17,,0.0,2.0,4.0,B01,138Â 304Â 604,1.0
959536,201900001067,2,7,19:15,3,1,1,1.0,4.0,59557,AUTOROUTE A2,M,"50,3407400","3,5662800",59,2019,110.0,1.0,1.0,1.0,2144516,1.0,1,1,1,4.0,,-1.0, -1,1988.0,C01,138Â 304Â 603,1.0,0.0,-1.0,1637585,2.0,7,,1.0,0.0,1.0,A01,138Â 304Â 605,1.0
959536,201900001067,2,7,19:15,3,1,1,1.0,4.0,59557,AUTOROUTE A2,M,"50,3407400","3,5662800",59,2019,110.0,1.0,1.0,1.0,2144517,1.0,1,1,1,4.0,,-1.0, -1,1977.0,B01,138Â 304Â 604,1.0,0.0,-1.0,1637583,2.0,7,,0.0,2.0,7.0,C01,138Â 304Â 603,1.0
959536,201900001067,2,7,19:15,3,1,1,1.0,4.0,59557,AUTOROUTE A2,M,"50,3407400","3,5662800",59,2019,110.0,1.0,1.0,1.0,2144517,1.0,1,1,1,4.0,,-1.0, -1,1977.0,B01,138Â 304Â 604,1.0,0.0,-1.0,1637584,2.0,17,,0.0,2.0,4.0,B01,138Â 304Â 604,1.0
959536,201900001067,2,7,19:15,3,1,1,1.0,4.0,59557,AUTOROUTE A2,M,"50,3407400","3,5662800",59,2019,110.0,1.0,1.0,1.0,2144517,1.0,1,1,1,4.0,,-1.0, -1,1977.0,B01,138Â 304Â 604,1.0,0.0,-1.0,1637585,2.0,7,,1.0,0.0,1.0,A01,138Â 304Â 605,1.0
959536,201900001067,2,7,19:15,3,1,1,1.0,4.0,59557,AUTOROUTE A2,M,"50,3407400","3,5662800",59,2019,110.0,1.0,1.0,1.0,2144518,2.0,2,2,1,0.0,,0.0,0,1960.0,A01,138Â 304Â 605,8.0,0.0,-1.0,1637583,2.0,7,,0.0,2.0,7.0,C01,138Â 304Â 603,1.0
959536,201900001067,2,7,19:15,3,1,1,1.0,4.0,59557,AUTOROUTE A2,M,"50,3407400","3,5662800",59,2019,110.0,1.0,1.0,1.0,2144518,2.0,2,2,1,0.0,,0.0,0,1960.0,A01,138Â 304Â 605,8.0,0.0,-1.0,1637584,2.0,17,,0.0,2.0,4.0,B01,138Â 304Â 604,1.0
959536,201900001067,2,7,19:15,3,1,1,1.0,4.0,59557,AUTOROUTE A2,M,"50,3407400","3,5662800",59,2019,110.0,1.0,1.0,1.0,2144518,2.0,2,2,1,0.0,,0.0,0,1960.0,A01,138Â 304Â 605,8.0,0.0,-1.0,1637585,2.0,7,,1.0,0.0,1.0,A01,138Â 304Â 605,1.0
959536,201900001067,2,7,19:15,3,1,1,1.0,4.0,59557,AUTOROUTE A2,M,"50,3407400","3,5662800",59,2019,110.0,1.0,1.0,1.0,2144519,1.0,1,2,2,0.0,,-1.0, -1,1981.0,A01,138Â 304Â 605,8.0,0.0,-1.0,1637583,2.0,7,,0.0,2.0,7.0,C01,138Â 304Â 603,1.0
959536,201900001067,2,7,19:15,3,1,1,1.0,4.0,59557,AUTOROUTE A2,M,"50,3407400","3,5662800",59,2019,110.0,1.0,1.0,1.0,2144519,1.0,1,2,2,0.0,,-1.0, -1,1981.0,A01,138Â 304Â 605,8.0,0.0,-1.0,1637584,2.0,17,,0.0,2.0,4.0,B01,138Â 304Â 604,1.0
959536,201900001067,2,7,19:15,3,1,1,1.0,4.0,59557,AUTOROUTE A2,M,"50,3407400","3,5662800",59,2019,110.0,1.0,1.0,1.0,2144519,1.0,1,2,2,0.0,,-1.0, -1,1981.0,A01,138Â 304Â 605,8.0,0.0,-1.0,1637585,2.0,7,,1.0,0.0,1.0,A01,138Â 304Â 605,1.0
959537,201900001068,2,16,14:38,1,1,1,1.0,5.0,91312,RD 444,M,"48,7399000","2,2252000",91,2019,90.0,1.0,1.0,3.0,2144520,1.0,1,1,2,0.0,,0.0,0,1972.0,B01,138Â 304Â 600,1.0,8.0,-1.0,1637586,2.0,7,,0.0,2.0,4.0,B01,138Â 304Â 600,1.0
959537,201900001068,2,16,14:38,1,1,1,1.0,5.0,91312,RD 444,M,"48,7399000","2,2252000",91,2019,90.0,1.0,1.0,3.0,2144520,1.0,1,1,2,0.0,,0.0,0,1972.0,B01,138Â 304Â 600,1.0,8.0,-1.0,1637587,1.0,7,,0.0,2.0,8.0,C01,138Â 304Â 601,1.0
959537,201900001068,2,16,14:38,1,1,1,1.0,5.0,91312,RD 444,M,"48,7399000","2,2252000",91,2019,90.0,1.0,1.0,3.0,2144520,1.0,1,1,2,0.0,,0.0,0,1972.0,B01,138Â 304Â 600,1.0,8.0,-1.0,1637588,2.0,7,,0.0,2.0,1.0,A01,138Â 304Â 602,1.0
959537,201900001068,2,16,14:38,1,1,1,1.0,5.0,91312,RD 444,M,"48,7399000","2,2252000",91,2019,90.0,1.0,1.0,3.0,2144521,1.0,1,1,2,0.0,,0.0,0,1993.0,C01,138Â 304Â 601,1.0,8.0,-1.0,1637586,2.0,7,,0.0,2.0,4.0,B01,138Â 304Â 600,1.0
959537,201900001068,2,16,14:38,1,1,1,1.0,5.0,91312,RD 444,M,"48,7399000","2,2252000",91,2019,90.0,1.0,1.0,3.0,2144521,1.0,1,1,2,0.0,,0.0,0,1993.0,C01,138Â 304Â 601,1.0,8.0,-1.0,1637587,1.0,7,,0.0,2.0,8.0,C01,138Â 304Â 601,1.0
959537,201900001068,2,16,14:38,1,1,1,1.0,5.0,91312,RD 444,M,"48,7399000","2,2252000",91,2019,90.0,1.0,1.0,3.0,2144521,1.0,1,1,2,0.0,,0.0,0,1993.0,C01,138Â 304Â 601,1.0,8.0,-1.0,1637588,2.0,7,,0.0,2.0,1.0,A01,138Â 304Â 602,1.0
959537,201900001068,2,16,14:38,1,1,1,1.0,5.0,91312,RD 444,M,"48,7399000","2,2252000",91,2019,90.0,1.0,1.0,3.0,2144522,1.0,1,4,2,0.0,,0.0,0,1966.0,A01,138Â 304Â 602,1.0,8.0,-1.0,1637586,2.0,7,,0.0,2.0,4.0,B01,138Â 304Â 600,1.0
959537,201900001068,2,16,14:38,1,1,1,1.0,5.0,91312,RD 444,M,"48,7399000","2,2252000",91,2019,90.0,1.0,1.0,3.0,2144522,1.0,1,4,2,0.0,,0.0,0,1966.0,A01,138Â 304Â 602,1.0,8.0,-1.0,1637587,1.0,7,,0.0,2.0,8.0,C01,138Â 304Â 601,1.0
959537,201900001068,2,16,14:38,1,1,1,1.0,5.0,91312,RD 444,M,"48,7399000","2,2252000",91,2019,90.0,1.0,1.0,3.0,2144522,1.0,1,4,2,0.0,,0.0,0,1966.0,A01,138Â 304Â 602,1.0,8.0,-1.0,1637588,2.0,7,,0.0,2.0,1.0,A01,138Â 304Â 602,1.0
959538,201900001069,2,15,21:17,3,1,1,1.0,7.0,91521,RN 449,M,"48,6350200","2,4043500",91,2019,70.0,1.0,1.0,2.0,2144523,1.0,1,1,1,0.0,,0.0,0,1993.0,A01,138Â 304Â 599,2.0,6.0,-1.0,1637589,3.0,33,,0.0,0.0,7.0,A01,138Â 304Â 599,1.0
959538,201900001069,2,15,21:17,3,1,1,1.0,7.0,91521,RN 449,M,"48,6350200","2,4043500",91,2019,70.0,1.0,1.0,2.0,2144524,2.0,2,4,1,0.0,,0.0,0,1993.0,A01,138Â 304Â 599,2.0,6.0,-1.0,1637589,3.0,33,,0.0,0.0,7.0,A01,138Â 304Â 599,1.0
959539,201900001070,2,15,15:55,1,1,1,1.0,4.0,91689,AUTOROUTE A10,M,"48,7410000","2,3201800",91,2019,90.0,1.0,1.0,1.0,2144525,1.0,1,1,1,1.0,,0.0,0,1989.0,B01,138Â 304Â 596,1.0,8.0,-1.0,1637590,1.0,10,,0.0,2.0,4.0,B01,138Â 304Â 596,1.0
959539,201900001070,2,15,15:55,1,1,1,1.0,4.0,91689,AUTOROUTE A10,M,"48,7410000","2,3201800",91,2019,90.0,1.0,1.0,1.0,2144525,1.0,1,1,1,1.0,,0.0,0,1989.0,B01,138Â 304Â 596,1.0,8.0,-1.0,1637591,1.0,10,,0.0,2.0,4.0,C01,138Â 304Â 597,1.0
959539,201900001070,2,15,15:55,1,1,1,1.0,4.0,91689,AUTOROUTE A10,M,"48,7410000","2,3201800",91,2019,90.0,1.0,1.0,1.0,2144525,1.0,1,1,1,1.0,,0.0,0,1989.0,B01,138Â 304Â 596,1.0,8.0,-1.0,1637592,1.0,7,,0.0,2.0,1.0,A01,138Â 304Â 598,1.0