Unnamed: 0_x,num_acc,mois,jour,hrmn,lum,agg,int,atm,col,com,adr,gps,lat,long,dep,annee,vma,situ,surf,catr,Unnamed: 0_y,place,catu,grav,sexe,trajet,secu,locp,actp,an_nais,num_veh_x,id_vehicule_x,secu1,secu2,secu3,Unnamed: 0,senc,catv,occutc,obs,obsm,choc,num_veh_y,id_vehicule_y,motor
959539,201900001070,2,15,15:55,1,1,1,1.0,4.0,91689,AUTOROUTE A10,M,"48,7410000","2,3201800",91,2019,90.0,1.0,1.0,1.0,2144526,1.0,1,1,1,1.0,,0.0,0,1961.0,C01,138Â 304Â 597,1.0,8.0,-1.0,1637590,1.0,10,,0.0,2.0,4.0,B01,138Â 304Â 596,1.0
959539,201900001070,2,15,15:55,1,1,1,1.0,4.0,91689,AUTOROUTE A10,M,"48,7410000","2,3201800",91,2019,90.0,1.0,1.0,1.0,2144526,1.0,1,1,1,1.0,,0.0,0,1961.0,C01,138Â 304Â 597,1.0,8.0,-1.0,1637591,1.0,10,,0.0,2.0,4.0,C01,138Â 304Â 597,1.0
959539,201900001070,2,15,15:55,1,1,1,1.0,4.0,91689,AUTOROUTE A10,M,"48,7410000","2,3201800",91,2019,90.0,1.0,1.0,1.0,2144526,1.0,1,1,1,1.0,,0.0,0,1961.0,C01,138Â 304Â 597,1.0,8.0,-1.0,1637592,1.0,7,,0.0,2.0,1.0,A01,138Â 304Â 598,1.0
959539,201900001070,2,15,15:55,1,1,1,1.0,4.0,91689,AUTOROUTE A10,M,"48,7410000","2,3201800",91,2019,90.0,1.0,1.0,1.0,2144527,1.0,1,4,2,1.0,,0.0,0,1982.0,A01,138Â 304Â 598,1.0,8.0,-1.0,1637590,1.0,10,,0.0,2.0,4.0,B01,138Â 304Â 596,1.0
959539,201900001070,2,15,15:55,1,1,1,1.0,4.0,91689,AUTOROUTE A10,M,"48,7410000","2,3201800",91,2019,90.0,1.0,1.0,1.0,2144527,1.0,1,4,2,1.0,,0.0,0,1982.0,A01,138Â 304Â 598,1.0,8.0,-1.0,1637591,1.0,10,,0.0,2.0,4.0,C01,138Â 304Â 597,1.0
959539,201900001070,2,15,15:55,1,1,1,1.0,4.0,91689,AUTOROUTE A10,M,"48,7410000","2,3201800",91,2019,90.0,1.0,1.0,1.0,2144527,1.0,1,4,2,1.0,,0.0,0,1982.0,A01,138Â 304Â 598,1.0,8.0,-1.0,1637592,1.0,7,,0.0,2.0,1.0,A01,138Â 304Â 598,1.0
959540,201900001071,2,15,11:50,1,1,1,1.0,2.0,91589,AUTOROUTE A6,M,"48,6736100","2,3430000",91,2019,110.0,1.0,1.0,1.0,2144528,2.0,2,4,1,0.0,,0.0,0,1984.0,B01,138Â 304Â 594,1.0,8.0,-1.0,1637593,1.0,7,,0.0,2.0,4.0,B01,138Â 304Â 594,1.0
959540,201900001071,2,15,11:50,1,1,1,1.0,2.0,91589,AUTOROUTE A6,M,"48,6736100","2,3430000",91,2019,110.0,1.0,1.0,1.0,2144528,2.0,2,4,1,0.0,,0.0,0,1984.0,B01,138Â 304Â 594,1.0,8.0,-1.0,1637594,1.0,7,,0.0,2.0,1.0,A01,138Â 304Â 595,1.0
959540,201900001071,2,15,11:50,1,1,1,1.0,2.0,91589,AUTOROUTE A6,M,"48,6736100","2,3430000",91,2019,110.0,1.0,1.0,1.0,2144529,4.0,2,4,2,0.0,,0.0,0,1950.0,B01,138Â 304Â 594,1.0,8.0,-1.0,1637593,1.0,7,,0.0,2.0,4.0,B01,138Â 304Â 594,1.0
959540,201900001071,2,15,11:50,1,1,1,1.0,2.0,91589,AUTOROUTE A6,M,"48,6736100","2,3430000",91,2019,110.0,1.0,1.0,1.0,2144529,4.0,2,4,2,0.0,,0.0,0,1950.0,B01,138Â 304Â 594,1.0,8.0,-1.0,1637594,1.0,7,,0.0,2.0,1.0,A01,138Â 304Â 595,1.0
959540,201900001071,2,15,11:50,1,1,1,1.0,2.0,91589,AUTOROUTE A6,M,"48,6736100","2,3430000",91,2019,110.0,1.0,1.0,1.0,2144530,1.0,1,4,1,0.0,,0.0,0,1946.0,B01,138Â 304Â 594,1.0,8.0,-1.0,1637593,1.0,7,,0.0,2.0,4.0,B01,138Â 304Â 594,1.0
959540,201900001071,2,15,11:50,1,1,1,1.0,2.0,91589,AUTOROUTE A6,M,"48,6736100","2,3430000",91,2019,110.0,1.0,1.0,1.0,2144530,1.0,1,4,1,0.0,,0.0,0,1946.0,B01,138Â 304Â 594,1.0,8.0,-1.0,1637594,1.0,7,,0.0,2.0,1.0,A01,138Â 304Â 595,1.0
959540,201900001071,2,15,11:50,1,1,1,1.0,2.0,91589,AUTOROUTE A6,M,"48,6736100","2,3430000",91,2019,110.0,1.0,1.0,1.0,2144531,1.0,1,4,1,4.0,,0.0,0,1991.0,A01,138Â 304Â 595,1.0,8.0,-1.0,1637593,1.0,7,,0.0,2.0,4.0,B01,138Â 304Â 594,1.0
959540,201900001071,2,15,11:50,1,1,1,1.0,2.0,91589,AUTOROUTE A6,M,"48,6736100","2,3430000",91,2019,110.0,1.0,1.0,1.0,2144531,1.0,1,4,1,4.0,,0.0,0,1991.0,A01,138Â 304Â 595,1.0,8.0,-1.0,1637594,1.0,7,,0.0,2.0,1.0,A01,138Â 304Â 595,1.0
959541,201900001072,2,15,08:30,1,1,9,1.0,4.0,91161,AUTOROUTE A6,M,"48,7060800","2,3061600",91,2019,110.0,1.0,1.0,1.0,2144532,1.0,1,1,1,5.0,,0.0,0,1993.0,C01,138Â 304Â 591,1.0,0.0,-1.0,1637595,2.0,7,,0.0,2.0,4.0,C01,138Â 304Â 591,1.0
959541,201900001072,2,15,08:30,1,1,9,1.0,4.0,91161,AUTOROUTE A6,M,"48,7060800","2,3061600",91,2019,110.0,1.0,1.0,1.0,2144532,1.0,1,1,1,5.0,,0.0,0,1993.0,C01,138Â 304Â 591,1.0,0.0,-1.0,1637596,2.0,7,,0.0,2.0,6.0,B01,138Â 304Â 592,1.0
959541,201900001072,2,15,08:30,1,1,9,1.0,4.0,91161,AUTOROUTE A6,M,"48,7060800","2,3061600",91,2019,110.0,1.0,1.0,1.0,2144532,1.0,1,1,1,5.0,,0.0,0,1993.0,C01,138Â 304Â 591,1.0,0.0,-1.0,1637597,2.0,7,,0.0,2.0,2.0,A01,138Â 304Â 593,1.0
959541,201900001072,2,15,08:30,1,1,9,1.0,4.0,91161,AUTOROUTE A6,M,"48,7060800","2,3061600",91,2019,110.0,1.0,1.0,1.0,2144533,1.0,1,4,1,0.0,,0.0,0,1960.0,B01,138Â 304Â 592,8.0,0.0,-1.0,1637595,2.0,7,,0.0,2.0,4.0,C01,138Â 304Â 591,1.0
959541,201900001072,2,15,08:30,1,1,9,1.0,4.0,91161,AUTOROUTE A6,M,"48,7060800","2,3061600",91,2019,110.0,1.0,1.0,1.0,2144533,1.0,1,4,1,0.0,,0.0,0,1960.0,B01,138Â 304Â 592,8.0,0.0,-1.0,1637596,2.0,7,,0.0,2.0,6.0,B01,138Â 304Â 592,1.0
959541,201900001072,2,15,08:30,1,1,9,1.0,4.0,91161,AUTOROUTE A6,M,"48,7060800","2,3061600",91,2019,110.0,1.0,1.0,1.0,2144533,1.0,1,4,1,0.0,,0.0,0,1960.0,B01,138Â 304Â 592,8.0,0.0,-1.0,1637597,2.0,7,,0.0,2.0,2.0,A01,138Â 304Â 593,1.0
959542,201900001073,2,15,06:00,4,1,9,1.0,3.0,94021,AUTOROUTE A6B,M,"48,7629000","2,3410700",94,2019,110.0,1.0,1.0,1.0,2144534,1.0,1,4,2,5.0,,-1.0,0,1959.0,A01,138Â 304Â 590,1.0,0.0,-1.0,1637598,1.0,17,,0.0,2.0,7.0,Z01,138Â 304Â 589,0.0
959542,201900001073,2,15,06:00,4,1,9,1.0,3.0,94021,AUTOROUTE A6B,M,"48,7629000","2,3410700",94,2019,110.0,1.0,1.0,1.0,2144534,1.0,1,4,2,5.0,,-1.0,0,1959.0,A01,138Â 304Â 590,1.0,0.0,-1.0,1637599,1.0,7,,0.0,2.0,8.0,A01,138Â 304Â 590,1.0
959543,201900001074,2,14,17:40,2,1,1,1.0,2.0,91174,RN 104,M,"48,6196700","2,4595500",91,2019,90.0,1.0,1.0,2.0,2144535,2.0,2,4,2,0.0,,0.0,0,1999.0,A01,138Â 304Â 587,1.0,8.0,-1.0,1637600,2.0,7,,0.0,2.0,5.0,A01,138Â 304Â 587,1.0
959543,201900001074,2,14,17:40,2,1,1,1.0,2.0,91174,RN 104,M,"48,6196700","2,4595500",91,2019,90.0,1.0,1.0,2.0,2144535,2.0,2,4,2,0.0,,0.0,0,1999.0,A01,138Â 304Â 587,1.0,8.0,-1.0,1637601,2.0,15,,0.0,2.0,3.0,B01,138Â 304Â 588,1.0
959543,201900001074,2,14,17:40,2,1,1,1.0,2.0,91174,RN 104,M,"48,6196700","2,4595500",91,2019,90.0,1.0,1.0,2.0,2144536,1.0,1,4,2,3.0,,0.0,0,1999.0,A01,138Â 304Â 587,1.0,8.0,-1.0,1637600,2.0,7,,0.0,2.0,5.0,A01,138Â 304Â 587,1.0
959543,201900001074,2,14,17:40,2,1,1,1.0,2.0,91174,RN 104,M,"48,6196700","2,4595500",91,2019,90.0,1.0,1.0,2.0,2144536,1.0,1,4,2,3.0,,0.0,0,1999.0,A01,138Â 304Â 587,1.0,8.0,-1.0,1637601,2.0,15,,0.0,2.0,3.0,B01,138Â 304Â 588,1.0
959543,201900001074,2,14,17:40,2,1,1,1.0,2.0,91174,RN 104,M,"48,6196700","2,4595500",91,2019,90.0,1.0,1.0,2.0,2144537,1.0,1,1,1,4.0,,0.0,0,1965.0,B01,138Â 304Â 588,1.0,0.0,-1.0,1637600,2.0,7,,0.0,2.0,5.0,A01,138Â 304Â 587,1.0
959543,201900001074,2,14,17:40,2,1,1,1.0,2.0,91174,RN 104,M,"48,6196700","2,4595500",91,2019,90.0,1.0,1.0,2.0,2144537,1.0,1,1,1,4.0,,0.0,0,1965.0,B01,138Â 304Â 588,1.0,0.0,-1.0,1637601,2.0,15,,0.0,2.0,3.0,B01,138Â 304Â 588,1.0
959544,201900001075,2,14,09:05,1,1,1,1.0,2.0,91553,RN 104,M,"48,6274400","2,4779700",91,2019,90.0,1.0,9.0,2.0,2144538,1.0,1,4,1,5.0,,0.0,0,1980.0,B01,138Â 304Â 585,1.0,8.0,-1.0,1637602,2.0,7,,0.0,2.0,6.0,B01,138Â 304Â 585,1.0
959544,201900001075,2,14,09:05,1,1,1,1.0,2.0,91553,RN 104,M,"48,6274400","2,4779700",91,2019,90.0,1.0,9.0,2.0,2144538,1.0,1,4,1,5.0,,0.0,0,1980.0,B01,138Â 304Â 585,1.0,8.0,-1.0,1637603,2.0,15,,0.0,2.0,2.0,A01,138Â 304Â 586,1.0
959544,201900001075,2,14,09:05,1,1,1,1.0,2.0,91553,RN 104,M,"48,6274400","2,4779700",91,2019,90.0,1.0,9.0,2.0,2144539,1.0,1,1,1,4.0,,0.0,0,1976.0,A01,138Â 304Â 586,1.0,8.0,-1.0,1637602,2.0,7,,0.0,2.0,6.0,B01,138Â 304Â 585,1.0
959544,201900001075,2,14,09:05,1,1,1,1.0,2.0,91553,RN 104,M,"48,6274400","2,4779700",91,2019,90.0,1.0,9.0,2.0,2144539,1.0,1,1,1,4.0,,0.0,0,1976.0,A01,138Â 304Â 586,1.0,8.0,-1.0,1637603,2.0,15,,0.0,2.0,2.0,A01,138Â 304Â 586,1.0
959545,201900001076,2,14,07:30,3,1,1,1.0,2.0,91340,RN 104,M,"48,6100900","2,4334700",91,2019,110.0,1.0,2.0,2.0,2144540,1.0,1,1,1,4.0,,0.0,0,1983.0,A01,138Â 304Â 583,1.0,8.0,-1.0,1637604,1.0,10,,0.0,2.0,1.0,A01,138Â 304Â 583,1.0
959545,201900001076,2,14,07:30,3,1,1,1.0,2.0,91340,RN 104,M,"48,6100900","2,4334700",91,2019,110.0,1.0,2.0,2.0,2144540,1.0,1,1,1,4.0,,0.0,0,1983.0,A01,138Â 304Â 583,1.0,8.0,-1.0,1637605,1.0,10,,0.0,2.0,4.0,B01,138Â 304Â 584,1.0
959545,201900001076,2,14,07:30,3,1,1,1.0,2.0,91340,RN 104,M,"48,6100900","2,4334700",91,2019,110.0,1.0,2.0,2.0,2144541,1.0,1,4,1,4.0,,0.0,0,1991.0,B01,138Â 304Â 584,1.0,8.0,-1.0,1637604,1.0,10,,0.0,2.0,1.0,A01,138Â 304Â 583,1.0
959545,201900001076,2,14,07:30,3,1,1,1.0,2.0,91340,RN 104,M,"48,6100900","2,4334700",91,2019,110.0,1.0,2.0,2.0,2144541,1.0,1,4,1,4.0,,0.0,0,1991.0,B01,138Â 304Â 584,1.0,8.0,-1.0,1637605,1.0,10,,0.0,2.0,4.0,B01,138Â 304Â 584,1.0
959546,201900001077,2,13,08:15,1,1,1,5.0,7.0,94021,AUTOROUTE A6A,M,"48,7658200","2,3434000",94,2019,90.0,1.0,1.0,1.0,2144542,2.0,1,4,1,1.0,,-1.0, -1,1985.0,A01,138Â 304Â 582,2.0,6.0,-1.0,1637606,2.0,33,,0.0,0.0,3.0,A01,138Â 304Â 582,1.0
959547,201900001078,2,13,06:31,3,1,1,5.0,7.0,91589,AUTOROUTE A6,M,"48,6751000","2,3416000",91,2019,110.0,1.0,2.0,1.0,2144543,1.0,1,4,1,1.0,,0.0,0,1964.0,A01,138Â 304Â 581,2.0,6.0,-1.0,1637607,2.0,34,,0.0,0.0,0.0,A01,138Â 304Â 581,1.0
959548,201900001079,2,12,19:00,3,1,1,1.0,4.0,91363,RN 104,M,"48,6662070","2,1912140",91,2019,90.0,1.0,1.0,2.0,2144544,1.0,1,4,2,0.0,,0.0,0,1972.0,B01,138Â 304Â 578,1.0,8.0,-1.0,1637608,2.0,7,,0.0,2.0,4.0,B01,138Â 304Â 578,1.0
959548,201900001079,2,12,19:00,3,1,1,1.0,4.0,91363,RN 104,M,"48,6662070","2,1912140",91,2019,90.0,1.0,1.0,2.0,2144544,1.0,1,4,2,0.0,,0.0,0,1972.0,B01,138Â 304Â 578,1.0,8.0,-1.0,1637609,2.0,7,,0.0,2.0,4.0,C01,138Â 304Â 579,1.0
959548,201900001079,2,12,19:00,3,1,1,1.0,4.0,91363,RN 104,M,"48,6662070","2,1912140",91,2019,90.0,1.0,1.0,2.0,2144544,1.0,1,4,2,0.0,,0.0,0,1972.0,B01,138Â 304Â 578,1.0,8.0,-1.0,1637610,2.0,10,,0.0,2.0,1.0,A01,138Â 304Â 580,1.0
959548,201900001079,2,12,19:00,3,1,1,1.0,4.0,91363,RN 104,M,"48,6662070","2,1912140",91,2019,90.0,1.0,1.0,2.0,2144545,1.0,1,1,1,0.0,,0.0,0,1989.0,C01,138Â 304Â 579,1.0,8.0,-1.0,1637608,2.0,7,,0.0,2.0,4.0,B01,138Â 304Â 578,1.0
959548,201900001079,2,12,19:00,3,1,1,1.0,4.0,91363,RN 104,M,"48,6662070","2,1912140",91,2019,90.0,1.0,1.0,2.0,2144545,1.0,1,1,1,0.0,,0.0,0,1989.0,C01,138Â 304Â 579,1.0,8.0,-1.0,1637609,2.0,7,,0.0,2.0,4.0,C01,138Â 304Â 579,1.0
959548,201900001079,2,12,19:00,3,1,1,1.0,4.0,91363,RN 104,M,"48,6662070","2,1912140",91,2019,90.0,1.0,1.0,2.0,2144545,1.0,1,1,1,0.0,,0.0,0,1989.0,C01,138Â 304Â 579,1.0,8.0,-1.0,1637610,2.0,10,,0.0,2.0,1.0,A01,138Â 304Â 580,1.0
959548,201900001079,2,12,19:00,3,1,1,1.0,4.0,91363,RN 104,M,"48,6662070","2,1912140",91,2019,90.0,1.0,1.0,2.0,2144546,1.0,1,1,1,0.0,,0.0,0,1963.0,A01,138Â 304Â 580,1.0,8.0,-1.0,1637608,2.0,7,,0.0,2.0,4.0,B01,138Â 304Â 578,1.0
959548,201900001079,2,12,19:00,3,1,1,1.0,4.0,91363,RN 104,M,"48,6662070","2,1912140",91,2019,90.0,1.0,1.0,2.0,2144546,1.0,1,1,1,0.0,,0.0,0,1963.0,A01,138Â 304Â 580,1.0,8.0,-1.0,1637609,2.0,7,,0.0,2.0,4.0,C01,138Â 304Â 579,1.0
959548,201900001079,2,12,19:00,3,1,1,1.0,4.0,91363,RN 104,M,"48,6662070","2,1912140",91,2019,90.0,1.0,1.0,2.0,2144546,1.0,1,1,1,0.0,,0.0,0,1963.0,A01,138Â 304Â 580,1.0,8.0,-1.0,1637610,2.0,10,,0.0,2.0,1.0,A01,138Â 304Â 580,1.0
959549,201900001080,2,16,05:20,3,1,1,1.0,2.0,78043,A12 W,M,"48,8329800","2,0848280",78,2019,110.0,1.0,1.0,1.0,2144547,2.0,2,3,2,0.0,,-1.0, -1,1998.0,B01,138Â 304Â 576,1.0,0.0,-1.0,1637611,2.0,7,,0.0,2.0,4.0,B01,138Â 304Â 576,1.0
959549,201900001080,2,16,05:20,3,1,1,1.0,2.0,78043,A12 W,M,"48,8329800","2,0848280",78,2019,110.0,1.0,1.0,1.0,2144547,2.0,2,3,2,0.0,,-1.0, -1,1998.0,B01,138Â 304Â 576,1.0,0.0,-1.0,1637612,2.0,7,,0.0,2.0,1.0,A01,138Â 304Â 577,1.0
959549,201900001080,2,16,05:20,3,1,1,1.0,2.0,78043,A12 W,M,"48,8329800","2,0848280",78,2019,110.0,1.0,1.0,1.0,2144548,1.0,1,1,1,0.0,,-1.0, -1,1996.0,B01,138Â 304Â 576,1.0,0.0,-1.0,1637611,2.0,7,,0.0,2.0,4.0,B01,138Â 304Â 576,1.0
959549,201900001080,2,16,05:20,3,1,1,1.0,2.0,78043,A12 W,M,"48,8329800","2,0848280",78,2019,110.0,1.0,1.0,1.0,2144548,1.0,1,1,1,0.0,,-1.0, -1,1996.0,B01,138Â 304Â 576,1.0,0.0,-1.0,1637612,2.0,7,,0.0,2.0,1.0,A01,138Â 304Â 577,1.0
959549,201900001080,2,16,05:20,3,1,1,1.0,2.0,78043,A12 W,M,"48,8329800","2,0848280",78,2019,110.0,1.0,1.0,1.0,2144549,1.0,1,1,1,0.0,,-1.0, -1,1994.0,A01,138Â 304Â 577,1.0,0.0,-1.0,1637611,2.0,7,,0.0,2.0,4.0,B01,138Â 304Â 576,1.0
959549,201900001080,2,16,05:20,3,1,1,1.0,2.0,78043,A12 W,M,"48,8329800","2,0848280",78,2019,110.0,1.0,1.0,1.0,2144549,1.0,1,1,1,0.0,,-1.0, -1,1994.0,A01,138Â 304Â 577,1.0,0.0,-1.0,1637612,2.0,7,,0.0,2.0,1.0,A01,138Â 304Â 577,1.0
959550,201900001081,2,16,01:50,5,1,1,1.0,7.0,92064,A13,M,"48,8477504","2,2249047",92,2019,70.0,1.0,1.0,1.0,2144550,1.0,1,4,1,5.0,,-1.0,0,1991.0,A01,138Â 304Â 575,2.0,6.0,-1.0,1637613,1.0,31,,0.0,0.0,8.0,A01,138Â 304Â 575,1.0
959551,201900001082,2,15,14:05,1,1,1,1.0,6.0,78140,A13,M,"48,9630100","1,9274600",78,2019,130.0,1.0,1.0,1.0,2144551,1.0,1,1,1,2.0,,-1.0,0,1996.0,A01,138Â 304Â 574,1.0,0.0,-1.0,1637614,2.0,7,,13.0,0.0,1.0,A01,138Â 304Â 574,1.0
959551,201900001082,2,15,14:05,1,1,1,1.0,6.0,78140,A13,M,"48,9630100","1,9274600",78,2019,130.0,1.0,1.0,1.0,2144552,2.0,2,4,1,0.0,,-1.0, -1,1997.0,A01,138Â 304Â 574,1.0,0.0,-1.0,1637614,2.0,7,,13.0,0.0,1.0,A01,138Â 304Â 574,1.0
959551,201900001082,2,15,14:05,1,1,1,1.0,6.0,78140,A13,M,"48,9630100","1,9274600",78,2019,130.0,1.0,1.0,1.0,2144553,3.0,2,4,1,0.0,,-1.0, -1,1997.0,A01,138Â 304Â 574,1.0,0.0,-1.0,1637614,2.0,7,,13.0,0.0,1.0,A01,138Â 304Â 574,1.0
959552,201900001083,2,15,13:00,1,1,1,1.0,6.0,78524,A13Y,M,"48,8416300","2,1028200",78,2019,110.0,1.0,1.0,1.0,2144554,1.0,1,4,2,5.0,,-1.0, -1,1973.0,A01,138Â 304Â 573,1.0,8.0,-1.0,1637615,1.0,7,,3.0,0.0,1.0,A01,138Â 304Â 573,1.0
959553,201900001084,2,15,07:00,3,1,1,1.0,4.0,78126,A13,M,"48,8363140","2,1285470",78,2019,110.0,1.0,1.0,1.0,2144555,1.0,1,4,1,0.0,,-1.0, -1,1983.0,C01,138Â 304Â 570,1.0,0.0,-1.0,1637616,2.0,7,,0.0,2.0,4.0,C01,138Â 304Â 570,1.0
959553,201900001084,2,15,07:00,3,1,1,1.0,4.0,78126,A13,M,"48,8363140","2,1285470",78,2019,110.0,1.0,1.0,1.0,2144555,1.0,1,4,1,0.0,,-1.0, -1,1983.0,C01,138Â 304Â 570,1.0,0.0,-1.0,1637617,2.0,10,,0.0,2.0,1.0,B01,138Â 304Â 571,1.0
959553,201900001084,2,15,07:00,3,1,1,1.0,4.0,78126,A13,M,"48,8363140","2,1285470",78,2019,110.0,1.0,1.0,1.0,2144555,1.0,1,4,1,0.0,,-1.0, -1,1983.0,C01,138Â 304Â 570,1.0,0.0,-1.0,1637618,2.0,7,,0.0,2.0,2.0,A01,138Â 304Â 572,1.0
959553,201900001084,2,15,07:00,3,1,1,1.0,4.0,78126,A13,M,"48,8363140","2,1285470",78,2019,110.0,1.0,1.0,1.0,2144556,1.0,1,1,1,1.0,,-1.0, -1,1976.0,B01,138Â 304Â 571,1.0,0.0,-1.0,1637616,2.0,7,,0.0,2.0,4.0,C01,138Â 304Â 570,1.0
959553,201900001084,2,15,07:00,3,1,1,1.0,4.0,78126,A13,M,"48,8363140","2,1285470",78,2019,110.0,1.0,1.0,1.0,2144556,1.0,1,1,1,1.0,,-1.0, -1,1976.0,B01,138Â 304Â 571,1.0,0.0,-1.0,1637617,2.0,10,,0.0,2.0,1.0,B01,138Â 304Â 571,1.0
959553,201900001084,2,15,07:00,3,1,1,1.0,4.0,78126,A13,M,"48,8363140","2,1285470",78,2019,110.0,1.0,1.0,1.0,2144556,1.0,1,1,1,1.0,,-1.0, -1,1976.0,B01,138Â 304Â 571,1.0,0.0,-1.0,1637618,2.0,7,,0.0,2.0,2.0,A01,138Â 304Â 572,1.0
959553,201900001084,2,15,07:00,3,1,1,1.0,4.0,78126,A13,M,"48,8363140","2,1285470",78,2019,110.0,1.0,1.0,1.0,2144557,4.0,2,1,2,0.0,,-1.0, -1,1995.0,A01,138Â 304Â 572,1.0,0.0,-1.0,1637616,2.0,7,,0.0,2.0,4.0,C01,138Â 304Â 570,1.0
959553,201900001084,2,15,07:00,3,1,1,1.0,4.0,78126,A13,M,"48,8363140","2,1285470",78,2019,110.0,1.0,1.0,1.0,2144557,4.0,2,1,2,0.0,,-1.0, -1,1995.0,A01,138Â 304Â 572,1.0,0.0,-1.0,1637617,2.0,10,,0.0,2.0,1.0,B01,138Â 304Â 571,1.0
959553,201900001084,2,15,07:00,3,1,1,1.0,4.0,78126,A13,M,"48,8363140","2,1285470",78,2019,110.0,1.0,1.0,1.0,2144557,4.0,2,1,2,0.0,,-1.0, -1,1995.0,A01,138Â 304Â 572,1.0,0.0,-1.0,1637618,2.0,7,,0.0,2.0,2.0,A01,138Â 304Â 572,1.0
959553,201900001084,2,15,07:00,3,1,1,1.0,4.0,78126,A13,M,"48,8363140","2,1285470",78,2019,110.0,1.0,1.0,1.0,2144558,2.0,2,1,2,0.0,,-1.0, -1,1992.0,A01,138Â 304Â 572,1.0,0.0,-1.0,1637616,2.0,7,,0.0,2.0,4.0,C01,138Â 304Â 570,1.0
959553,201900001084,2,15,07:00,3,1,1,1.0,4.0,78126,A13,M,"48,8363140","2,1285470",78,2019,110.0,1.0,1.0,1.0,2144558,2.0,2,1,2,0.0,,-1.0, -1,1992.0,A01,138Â 304Â 572,1.0,0.0,-1.0,1637617,2.0,10,,0.0,2.0,1.0,B01,138Â 304Â 571,1.0
959553,201900001084,2,15,07:00,3,1,1,1.0,4.0,78126,A13,M,"48,8363140","2,1285470",78,2019,110.0,1.0,1.0,1.0,2144558,2.0,2,1,2,0.0,,-1.0, -1,1992.0,A01,138Â 304Â 572,1.0,0.0,-1.0,1637618,2.0,7,,0.0,2.0,2.0,A01,138Â 304Â 572,1.0
959553,201900001084,2,15,07:00,3,1,1,1.0,4.0,78126,A13,M,"48,8363140","2,1285470",78,2019,110.0,1.0,1.0,1.0,2144559,1.0,1,1,2,0.0,,-1.0, -1,1995.0,A01,138Â 304Â 572,1.0,0.0,-1.0,1637616,2.0,7,,0.0,2.0,4.0,C01,138Â 304Â 570,1.0
959553,201900001084,2,15,07:00,3,1,1,1.0,4.0,78126,A13,M,"48,8363140","2,1285470",78,2019,110.0,1.0,1.0,1.0,2144559,1.0,1,1,2,0.0,,-1.0, -1,1995.0,A01,138Â 304Â 572,1.0,0.0,-1.0,1637617,2.0,10,,0.0,2.0,1.0,B01,138Â 304Â 571,1.0
959553,201900001084,2,15,07:00,3,1,1,1.0,4.0,78126,A13,M,"48,8363140","2,1285470",78,2019,110.0,1.0,1.0,1.0,2144559,1.0,1,1,2,0.0,,-1.0, -1,1995.0,A01,138Â 304Â 572,1.0,0.0,-1.0,1637618,2.0,7,,0.0,2.0,2.0,A01,138Â 304Â 572,1.0
959554,201900001085,2,14,16:45,1,1,1,1.0,3.0,78242,A12 Y,M,"48,8074250","2,0526020",78,2019,90.0,1.0,1.0,1.0,2144560,1.0,1,3,2,9.0,,-1.0,0,1936.0,A01,138Â 304Â 568,1.0,8.0,-1.0,1637619,1.0,7,,14.0,2.0,1.0,A01,138Â 304Â 568,1.0
959554,201900001085,2,14,16:45,1,1,1,1.0,3.0,78242,A12 Y,M,"48,8074250","2,0526020",78,2019,90.0,1.0,1.0,1.0,2144560,1.0,1,3,2,9.0,,-1.0,0,1936.0,A01,138Â 304Â 568,1.0,8.0,-1.0,1637620,1.0,7,,0.0,2.0,1.0,B01,138Â 304Â 569,1.0
959554,201900001085,2,14,16:45,1,1,1,1.0,3.0,78242,A12 Y,M,"48,8074250","2,0526020",78,2019,90.0,1.0,1.0,1.0,2144561,1.0,1,1,2,4.0,,-1.0,0,1969.0,B01,138Â 304Â 569,1.0,8.0,-1.0,1637619,1.0,7,,14.0,2.0,1.0,A01,138Â 304Â 568,1.0
959554,201900001085,2,14,16:45,1,1,1,1.0,3.0,78242,A12 Y,M,"48,8074250","2,0526020",78,2019,90.0,1.0,1.0,1.0,2144561,1.0,1,1,2,4.0,,-1.0,0,1969.0,B01,138Â 304Â 569,1.0,8.0,-1.0,1637620,1.0,7,,0.0,2.0,1.0,B01,138Â 304Â 569,1.0
959555,201900001086,2,14,08:40,1,1,1,1.0,2.0,78640,A86 EXT,M,"48,7784180","2,2095650",78,2019,90.0,1.0,1.0,1.0,2144562,1.0,1,1,1,1.0,,-1.0, -1,1996.0,B01,138Â 304Â 566,1.0,-1.0,-1.0,1637621,2.0,7,,0.0,2.0,6.0,B01,138Â 304Â 566,1.0
959555,201900001086,2,14,08:40,1,1,1,1.0,2.0,78640,A86 EXT,M,"48,7784180","2,2095650",78,2019,90.0,1.0,1.0,1.0,2144562,1.0,1,1,1,1.0,,-1.0, -1,1996.0,B01,138Â 304Â 566,1.0,-1.0,-1.0,1637622,2.0,33,,0.0,2.0,2.0,A01,138Â 304Â 567,1.0
959555,201900001086,2,14,08:40,1,1,1,1.0,2.0,78640,A86 EXT,M,"48,7784180","2,2095650",78,2019,90.0,1.0,1.0,1.0,2144563,1.0,1,4,1,1.0,,-1.0, -1,1973.0,A01,138Â 304Â 567,2.0,6.0,0.0,1637621,2.0,7,,0.0,2.0,6.0,B01,138Â 304Â 566,1.0