Unnamed: 0_x,num_acc,mois,jour,hrmn,lum,agg,int,atm,col,com,adr,gps,lat,long,dep,annee,vma,situ,surf,catr,Unnamed: 0_y,place,catu,grav,sexe,trajet,secu,locp,actp,an_nais,num_veh_x,id_vehicule_x,secu1,secu2,secu3,Unnamed: 0,senc,catv,occutc,obs,obsm,choc,num_veh_y,id_vehicule_y,motor
959555,201900001086,2,14,08:40,1,1,1,1.0,2.0,78640,A86 EXT,M,"48,7784180","2,2095650",78,2019,90.0,1.0,1.0,1.0,2144563,1.0,1,4,1,1.0,,-1.0, -1,1973.0,A01,138Â 304Â 567,2.0,6.0,0.0,1637622,2.0,33,,0.0,2.0,2.0,A01,138Â 304Â 567,1.0
959556,201900001087,2,14,08:12,3,1,1,3.0,1.0,78524,A13,M,"48,8399000","2,1143300",78,2019,50.0,1.0,1.0,1.0,2144564,2.0,2,4,2,0.0,,-1.0,0,1967.0,B01,138Â 304Â 564,2.0,0.0,-1.0,1637623,2.0,33,,0.0,2.0,5.0,B01,138Â 304Â 564,0.0
959556,201900001087,2,14,08:12,3,1,1,3.0,1.0,78524,A13,M,"48,8399000","2,1143300",78,2019,50.0,1.0,1.0,1.0,2144564,2.0,2,4,2,0.0,,-1.0,0,1967.0,B01,138Â 304Â 564,2.0,0.0,-1.0,1637624,2.0,7,,0.0,2.0,3.0,A01,138Â 304Â 565,1.0
959556,201900001087,2,14,08:12,3,1,1,3.0,1.0,78524,A13,M,"48,8399000","2,1143300",78,2019,50.0,1.0,1.0,1.0,2144565,1.0,1,4,1,0.0,,-1.0,0,1964.0,B01,138Â 304Â 564,2.0,0.0,-1.0,1637623,2.0,33,,0.0,2.0,5.0,B01,138Â 304Â 564,0.0
959556,201900001087,2,14,08:12,3,1,1,3.0,1.0,78524,A13,M,"48,8399000","2,1143300",78,2019,50.0,1.0,1.0,1.0,2144565,1.0,1,4,1,0.0,,-1.0,0,1964.0,B01,138Â 304Â 564,2.0,0.0,-1.0,1637624,2.0,7,,0.0,2.0,3.0,A01,138Â 304Â 565,1.0
959556,201900001087,2,14,08:12,3,1,1,3.0,1.0,78524,A13,M,"48,8399000","2,1143300",78,2019,50.0,1.0,1.0,1.0,2144566,1.0,1,1,2,1.0,,-1.0, -1,1995.0,A01,138Â 304Â 565,1.0,0.0,-1.0,1637623,2.0,33,,0.0,2.0,5.0,B01,138Â 304Â 564,0.0
959556,201900001087,2,14,08:12,3,1,1,3.0,1.0,78524,A13,M,"48,8399000","2,1143300",78,2019,50.0,1.0,1.0,1.0,2144566,1.0,1,1,2,1.0,,-1.0, -1,1995.0,A01,138Â 304Â 565,1.0,0.0,-1.0,1637624,2.0,7,,0.0,2.0,3.0,A01,138Â 304Â 565,1.0
959557,201900001088,2,16,21:05,3,1,1,1.0,2.0,95582,AUTOROUTE A115,M,"48,9806400","2,2408800",95,2019,90.0,1.0,1.0,1.0,2144567,1.0,1,4,1,0.0,,-1.0,0,1989.0,B01,138Â 304Â 562,1.0,0.0,-1.0,1637625,2.0,7,,0.0,2.0,1.0,B01,138Â 304Â 562,1.0
959557,201900001088,2,16,21:05,3,1,1,1.0,2.0,95582,AUTOROUTE A115,M,"48,9806400","2,2408800",95,2019,90.0,1.0,1.0,1.0,2144567,1.0,1,4,1,0.0,,-1.0,0,1989.0,B01,138Â 304Â 562,1.0,0.0,-1.0,1637626,2.0,7,,0.0,2.0,4.0,A01,138Â 304Â 563,1.0
959557,201900001088,2,16,21:05,3,1,1,1.0,2.0,95582,AUTOROUTE A115,M,"48,9806400","2,2408800",95,2019,90.0,1.0,1.0,1.0,2144568,1.0,1,1,1,9.0,,-1.0,0,1976.0,A01,138Â 304Â 563,1.0,0.0,-1.0,1637625,2.0,7,,0.0,2.0,1.0,B01,138Â 304Â 562,1.0
959557,201900001088,2,16,21:05,3,1,1,1.0,2.0,95582,AUTOROUTE A115,M,"48,9806400","2,2408800",95,2019,90.0,1.0,1.0,1.0,2144568,1.0,1,1,1,9.0,,-1.0,0,1976.0,A01,138Â 304Â 563,1.0,0.0,-1.0,1637626,2.0,7,,0.0,2.0,4.0,A01,138Â 304Â 563,1.0
959558,201900001089,2,16,13:45,1,1,1,1.0,6.0,92036,AUTOROUTE A15,M,"48,9378227","2,2937076",92,2019,50.0,1.0,1.0,1.0,2144569,1.0,1,4,2,0.0,,-1.0,0,1971.0,A01,138Â 304Â 561,1.0,0.0,-1.0,1637627,2.0,7,,4.0,0.0,1.0,A01,138Â 304Â 561,1.0
959559,201900001090,2,16,13:04,1,1,1,1.0,3.0,93005,AUTOROUTE A104,M,"48,9732890","2,4909920",93,2019,70.0,1.0,1.0,1.0,2144570,1.0,1,1,1,0.0,,0.0,0,1998.0,B01,138Â 304Â 559,1.0,8.0,-1.0,1637628,1.0,7,,0.0,2.0,3.0,B01,138Â 304Â 559,1.0
959559,201900001090,2,16,13:04,1,1,1,1.0,3.0,93005,AUTOROUTE A104,M,"48,9732890","2,4909920",93,2019,70.0,1.0,1.0,1.0,2144570,1.0,1,1,1,0.0,,0.0,0,1998.0,B01,138Â 304Â 559,1.0,8.0,-1.0,1637629,1.0,7,,0.0,2.0,7.0,A01,138Â 304Â 560,1.0
959559,201900001090,2,16,13:04,1,1,1,1.0,3.0,93005,AUTOROUTE A104,M,"48,9732890","2,4909920",93,2019,70.0,1.0,1.0,1.0,2144571,1.0,1,4,1,0.0,,0.0,0,1998.0,A01,138Â 304Â 560,1.0,8.0,-1.0,1637628,1.0,7,,0.0,2.0,3.0,B01,138Â 304Â 559,1.0
959559,201900001090,2,16,13:04,1,1,1,1.0,3.0,93005,AUTOROUTE A104,M,"48,9732890","2,4909920",93,2019,70.0,1.0,1.0,1.0,2144571,1.0,1,4,1,0.0,,0.0,0,1998.0,A01,138Â 304Â 560,1.0,8.0,-1.0,1637629,1.0,7,,0.0,2.0,7.0,A01,138Â 304Â 560,1.0
959560,201900001091,2,16,07:00,2,1,1,1.0,2.0,93066,AUTOROUTE A86,M,"48,9227000","2,3475500",93,2019,50.0,1.0,1.0,1.0,2144572,1.0,1,4,1,1.0,,-1.0, -1,1976.0,B01,138Â 304Â 557,1.0,8.0,-1.0,1637630,1.0,7,,0.0,2.0,4.0,B01,138Â 304Â 557,1.0
959560,201900001091,2,16,07:00,2,1,1,1.0,2.0,93066,AUTOROUTE A86,M,"48,9227000","2,3475500",93,2019,50.0,1.0,1.0,1.0,2144572,1.0,1,4,1,1.0,,-1.0, -1,1976.0,B01,138Â 304Â 557,1.0,8.0,-1.0,1637631,1.0,7,,0.0,2.0,1.0,Z01,138Â 304Â 558,1.0
959561,201900001092,2,16,08:00,1,1,1,1.0,2.0,95607,AUTOROUTE A115,M,"49,0282700","2,2034700",95,2019,90.0,1.0,1.0,1.0,2144573,1.0,1,1,1,3.0,,-1.0,0,1968.0,B01,138Â 304Â 555,1.0,0.0,-1.0,1637632,1.0,7,,0.0,2.0,5.0,B01,138Â 304Â 555,1.0
959561,201900001092,2,16,08:00,1,1,1,1.0,2.0,95607,AUTOROUTE A115,M,"49,0282700","2,2034700",95,2019,90.0,1.0,1.0,1.0,2144573,1.0,1,1,1,3.0,,-1.0,0,1968.0,B01,138Â 304Â 555,1.0,0.0,-1.0,1637633,1.0,7,,3.0,2.0,1.0,A01,138Â 304Â 556,1.0
959561,201900001092,2,16,08:00,1,1,1,1.0,2.0,95607,AUTOROUTE A115,M,"49,0282700","2,2034700",95,2019,90.0,1.0,1.0,1.0,2144574,1.0,1,4,1,5.0,,-1.0,0,1995.0,A01,138Â 304Â 556,1.0,0.0,-1.0,1637632,1.0,7,,0.0,2.0,5.0,B01,138Â 304Â 555,1.0
959561,201900001092,2,16,08:00,1,1,1,1.0,2.0,95607,AUTOROUTE A115,M,"49,0282700","2,2034700",95,2019,90.0,1.0,1.0,1.0,2144574,1.0,1,4,1,5.0,,-1.0,0,1995.0,A01,138Â 304Â 556,1.0,0.0,-1.0,1637633,1.0,7,,3.0,2.0,1.0,A01,138Â 304Â 556,1.0
959562,201900001093,2,16,02:28,3,1,1,1.0,3.0,95580,AUTOROUTE A1,M,"49,0839900","2,5510800",95,2019,130.0,1.0,1.0,1.0,2144575,4.0,2,4,1,5.0,,-1.0,0,2016.0,B01,138Â 304Â 553,3.0,0.0,-1.0,1637634,2.0,7,,0.0,2.0,2.0,B01,138Â 304Â 553,1.0
959562,201900001093,2,16,02:28,3,1,1,1.0,3.0,95580,AUTOROUTE A1,M,"49,0839900","2,5510800",95,2019,130.0,1.0,1.0,1.0,2144575,4.0,2,4,1,5.0,,-1.0,0,2016.0,B01,138Â 304Â 553,3.0,0.0,-1.0,1637635,2.0,15,,0.0,2.0,6.0,A01,138Â 304Â 554,1.0
959562,201900001093,2,16,02:28,3,1,1,1.0,3.0,95580,AUTOROUTE A1,M,"49,0839900","2,5510800",95,2019,130.0,1.0,1.0,1.0,2144576,1.0,1,1,2,5.0,,-1.0,0,1979.0,B01,138Â 304Â 553,1.0,0.0,-1.0,1637634,2.0,7,,0.0,2.0,2.0,B01,138Â 304Â 553,1.0
959562,201900001093,2,16,02:28,3,1,1,1.0,3.0,95580,AUTOROUTE A1,M,"49,0839900","2,5510800",95,2019,130.0,1.0,1.0,1.0,2144576,1.0,1,1,2,5.0,,-1.0,0,1979.0,B01,138Â 304Â 553,1.0,0.0,-1.0,1637635,2.0,15,,0.0,2.0,6.0,A01,138Â 304Â 554,1.0
959562,201900001093,2,16,02:28,3,1,1,1.0,3.0,95580,AUTOROUTE A1,M,"49,0839900","2,5510800",95,2019,130.0,1.0,1.0,1.0,2144577,2.0,2,4,1,5.0,,-1.0,0,1986.0,B01,138Â 304Â 553,1.0,0.0,-1.0,1637634,2.0,7,,0.0,2.0,2.0,B01,138Â 304Â 553,1.0
959562,201900001093,2,16,02:28,3,1,1,1.0,3.0,95580,AUTOROUTE A1,M,"49,0839900","2,5510800",95,2019,130.0,1.0,1.0,1.0,2144577,2.0,2,4,1,5.0,,-1.0,0,1986.0,B01,138Â 304Â 553,1.0,0.0,-1.0,1637635,2.0,15,,0.0,2.0,6.0,A01,138Â 304Â 554,1.0
959562,201900001093,2,16,02:28,3,1,1,1.0,3.0,95580,AUTOROUTE A1,M,"49,0839900","2,5510800",95,2019,130.0,1.0,1.0,1.0,2144578,1.0,1,1,1,4.0,,-1.0,0,1968.0,A01,138Â 304Â 554,1.0,4.0,-1.0,1637634,2.0,7,,0.0,2.0,2.0,B01,138Â 304Â 553,1.0
959562,201900001093,2,16,02:28,3,1,1,1.0,3.0,95580,AUTOROUTE A1,M,"49,0839900","2,5510800",95,2019,130.0,1.0,1.0,1.0,2144578,1.0,1,1,1,4.0,,-1.0,0,1968.0,A01,138Â 304Â 554,1.0,4.0,-1.0,1637635,2.0,15,,0.0,2.0,6.0,A01,138Â 304Â 554,1.0
959563,201900001094,2,15,23:20,3,1,1,1.0,2.0,93006,AUTOROUTE A3,M,"48,8657700","2,4186200",93,2019,70.0,1.0,1.0,1.0,2144579,1.0,1,1,2,0.0,,-1.0, -1,1978.0,A01,138Â 304Â 551,1.0,0.0,-1.0,1637636,2.0,7,,0.0,2.0,1.0,A01,138Â 304Â 551,1.0
959563,201900001094,2,15,23:20,3,1,1,1.0,2.0,93006,AUTOROUTE A3,M,"48,8657700","2,4186200",93,2019,70.0,1.0,1.0,1.0,2144579,1.0,1,1,2,0.0,,-1.0, -1,1978.0,A01,138Â 304Â 551,1.0,0.0,-1.0,1637637,2.0,7,,0.0,2.0,4.0,B01,138Â 304Â 552,1.0
959563,201900001094,2,15,23:20,3,1,1,1.0,2.0,93006,AUTOROUTE A3,M,"48,8657700","2,4186200",93,2019,70.0,1.0,1.0,1.0,2144580,1.0,1,1,1,9.0,,-1.0, -1,1990.0,B01,138Â 304Â 552,1.0,0.0,-1.0,1637636,2.0,7,,0.0,2.0,1.0,A01,138Â 304Â 551,1.0
959563,201900001094,2,15,23:20,3,1,1,1.0,2.0,93006,AUTOROUTE A3,M,"48,8657700","2,4186200",93,2019,70.0,1.0,1.0,1.0,2144580,1.0,1,1,1,9.0,,-1.0, -1,1990.0,B01,138Â 304Â 552,1.0,0.0,-1.0,1637637,2.0,7,,0.0,2.0,4.0,B01,138Â 304Â 552,1.0
959563,201900001094,2,15,23:20,3,1,1,1.0,2.0,93006,AUTOROUTE A3,M,"48,8657700","2,4186200",93,2019,70.0,1.0,1.0,1.0,2144581,3.0,2,4,2,9.0,,-1.0, -1,1961.0,B01,138Â 304Â 552,1.0,0.0,-1.0,1637636,2.0,7,,0.0,2.0,1.0,A01,138Â 304Â 551,1.0
959563,201900001094,2,15,23:20,3,1,1,1.0,2.0,93006,AUTOROUTE A3,M,"48,8657700","2,4186200",93,2019,70.0,1.0,1.0,1.0,2144581,3.0,2,4,2,9.0,,-1.0, -1,1961.0,B01,138Â 304Â 552,1.0,0.0,-1.0,1637637,2.0,7,,0.0,2.0,4.0,B01,138Â 304Â 552,1.0
959564,201900001095,2,15,18:00,1,1,1,1.0,2.0,93066,AUTOROUTE A1,M,"48,9295900","2,3623900",93,2019,90.0,1.0,1.0,1.0,2144582,1.0,1,1,2,0.0,,-1.0, -1,1935.0,A01,138Â 304Â 549,1.0,0.0,-1.0,1637638,2.0,7,,0.0,2.0,1.0,A01,138Â 304Â 549,1.0
959564,201900001095,2,15,18:00,1,1,1,1.0,2.0,93066,AUTOROUTE A1,M,"48,9295900","2,3623900",93,2019,90.0,1.0,1.0,1.0,2144582,1.0,1,1,2,0.0,,-1.0, -1,1935.0,A01,138Â 304Â 549,1.0,0.0,-1.0,1637639,2.0,7,,0.0,2.0,4.0,B01,138Â 304Â 550,1.0
959564,201900001095,2,15,18:00,1,1,1,1.0,2.0,93066,AUTOROUTE A1,M,"48,9295900","2,3623900",93,2019,90.0,1.0,1.0,1.0,2144583,1.0,1,1,1,0.0,,-1.0, -1,1983.0,B01,138Â 304Â 550,1.0,0.0,-1.0,1637638,2.0,7,,0.0,2.0,1.0,A01,138Â 304Â 549,1.0
959564,201900001095,2,15,18:00,1,1,1,1.0,2.0,93066,AUTOROUTE A1,M,"48,9295900","2,3623900",93,2019,90.0,1.0,1.0,1.0,2144583,1.0,1,1,1,0.0,,-1.0, -1,1983.0,B01,138Â 304Â 550,1.0,0.0,-1.0,1637639,2.0,7,,0.0,2.0,4.0,B01,138Â 304Â 550,1.0
959564,201900001095,2,15,18:00,1,1,1,1.0,2.0,93066,AUTOROUTE A1,M,"48,9295900","2,3623900",93,2019,90.0,1.0,1.0,1.0,2144584,2.0,2,4,2,0.0,,-1.0, -1,1984.0,B01,138Â 304Â 550,1.0,0.0,-1.0,1637638,2.0,7,,0.0,2.0,1.0,A01,138Â 304Â 549,1.0
959564,201900001095,2,15,18:00,1,1,1,1.0,2.0,93066,AUTOROUTE A1,M,"48,9295900","2,3623900",93,2019,90.0,1.0,1.0,1.0,2144584,2.0,2,4,2,0.0,,-1.0, -1,1984.0,B01,138Â 304Â 550,1.0,0.0,-1.0,1637639,2.0,7,,0.0,2.0,4.0,B01,138Â 304Â 550,1.0
959565,201900001096,2,15,15:00,1,1,1,1.0,2.0,93005,AUTOROUTE A3,M,"48,9416269","2,4786217",93,2019,110.0,1.0,1.0,1.0,2144585,1.0,1,4,2,0.0,,0.0,0,1995.0,B01,138Â 304Â 547,1.0,0.0,-1.0,1637640,1.0,7,,0.0,2.0,4.0,B01,138Â 304Â 547,1.0
959565,201900001096,2,15,15:00,1,1,1,1.0,2.0,93005,AUTOROUTE A3,M,"48,9416269","2,4786217",93,2019,110.0,1.0,1.0,1.0,2144585,1.0,1,4,2,0.0,,0.0,0,1995.0,B01,138Â 304Â 547,1.0,0.0,-1.0,1637641,1.0,7,,0.0,2.0,1.0,A01,138Â 304Â 548,1.0
959565,201900001096,2,15,15:00,1,1,1,1.0,2.0,93005,AUTOROUTE A3,M,"48,9416269","2,4786217",93,2019,110.0,1.0,1.0,1.0,2144586,1.0,1,1,1,0.0,,-1.0, -1,1982.0,A01,138Â 304Â 548,1.0,8.0,-1.0,1637640,1.0,7,,0.0,2.0,4.0,B01,138Â 304Â 547,1.0
959565,201900001096,2,15,15:00,1,1,1,1.0,2.0,93005,AUTOROUTE A3,M,"48,9416269","2,4786217",93,2019,110.0,1.0,1.0,1.0,2144586,1.0,1,1,1,0.0,,-1.0, -1,1982.0,A01,138Â 304Â 548,1.0,8.0,-1.0,1637641,1.0,7,,0.0,2.0,1.0,A01,138Â 304Â 548,1.0
959566,201900001097,2,15,14:00,1,1,1,1.0,5.0,93005,AUTOROUTE A3,M,"48,9601700","2,4735200",93,2019,90.0,1.0,1.0,1.0,2144587,1.0,1,1,1,4.0,,-1.0, -1,1971.0,A01,138Â 304Â 544,1.0,8.0,-1.0,1637642,1.0,7,,0.0,2.0,1.0,A01,138Â 304Â 544,1.0
959566,201900001097,2,15,14:00,1,1,1,1.0,5.0,93005,AUTOROUTE A3,M,"48,9601700","2,4735200",93,2019,90.0,1.0,1.0,1.0,2144587,1.0,1,1,1,4.0,,-1.0, -1,1971.0,A01,138Â 304Â 544,1.0,8.0,-1.0,1637643,1.0,7,,0.0,2.0,4.0,B01,138Â 304Â 545,1.0
959566,201900001097,2,15,14:00,1,1,1,1.0,5.0,93005,AUTOROUTE A3,M,"48,9601700","2,4735200",93,2019,90.0,1.0,1.0,1.0,2144587,1.0,1,1,1,4.0,,-1.0, -1,1971.0,A01,138Â 304Â 544,1.0,8.0,-1.0,1637644,1.0,7,,0.0,2.0,4.0,C01,138Â 304Â 546,1.0
959566,201900001097,2,15,14:00,1,1,1,1.0,5.0,93005,AUTOROUTE A3,M,"48,9601700","2,4735200",93,2019,90.0,1.0,1.0,1.0,2144588,1.0,1,4,2,0.0,,-1.0, -1,1987.0,B01,138Â 304Â 545,1.0,8.0,-1.0,1637642,1.0,7,,0.0,2.0,1.0,A01,138Â 304Â 544,1.0
959566,201900001097,2,15,14:00,1,1,1,1.0,5.0,93005,AUTOROUTE A3,M,"48,9601700","2,4735200",93,2019,90.0,1.0,1.0,1.0,2144588,1.0,1,4,2,0.0,,-1.0, -1,1987.0,B01,138Â 304Â 545,1.0,8.0,-1.0,1637643,1.0,7,,0.0,2.0,4.0,B01,138Â 304Â 545,1.0
959566,201900001097,2,15,14:00,1,1,1,1.0,5.0,93005,AUTOROUTE A3,M,"48,9601700","2,4735200",93,2019,90.0,1.0,1.0,1.0,2144588,1.0,1,4,2,0.0,,-1.0, -1,1987.0,B01,138Â 304Â 545,1.0,8.0,-1.0,1637644,1.0,7,,0.0,2.0,4.0,C01,138Â 304Â 546,1.0
959566,201900001097,2,15,14:00,1,1,1,1.0,5.0,93005,AUTOROUTE A3,M,"48,9601700","2,4735200",93,2019,90.0,1.0,1.0,1.0,2144589,1.0,1,1,1,0.0,,-1.0, -1,1960.0,C01,138Â 304Â 546,1.0,8.0,-1.0,1637642,1.0,7,,0.0,2.0,1.0,A01,138Â 304Â 544,1.0
959566,201900001097,2,15,14:00,1,1,1,1.0,5.0,93005,AUTOROUTE A3,M,"48,9601700","2,4735200",93,2019,90.0,1.0,1.0,1.0,2144589,1.0,1,1,1,0.0,,-1.0, -1,1960.0,C01,138Â 304Â 546,1.0,8.0,-1.0,1637643,1.0,7,,0.0,2.0,4.0,B01,138Â 304Â 545,1.0
959566,201900001097,2,15,14:00,1,1,1,1.0,5.0,93005,AUTOROUTE A3,M,"48,9601700","2,4735200",93,2019,90.0,1.0,1.0,1.0,2144589,1.0,1,1,1,0.0,,-1.0, -1,1960.0,C01,138Â 304Â 546,1.0,8.0,-1.0,1637644,1.0,7,,0.0,2.0,4.0,C01,138Â 304Â 546,1.0
959567,201900001098,2,15,05:40,3,1,1,1.0,5.0,93027,AUTOROUTE A1,M,"48,9338400","2,3853700",93,2019,90.0,1.0,1.0,1.0,2144590,1.0,1,1,1,5.0,,-1.0, -1,1988.0,C01,138Â 304Â 541,1.0,0.0,-1.0,1637645,1.0,7,,0.0,2.0,0.0,Z01,138Â 304Â 540,1.0
959567,201900001098,2,15,05:40,3,1,1,1.0,5.0,93027,AUTOROUTE A1,M,"48,9338400","2,3853700",93,2019,90.0,1.0,1.0,1.0,2144590,1.0,1,1,1,5.0,,-1.0, -1,1988.0,C01,138Â 304Â 541,1.0,0.0,-1.0,1637646,1.0,7,,0.0,2.0,1.0,C01,138Â 304Â 541,1.0
959567,201900001098,2,15,05:40,3,1,1,1.0,5.0,93027,AUTOROUTE A1,M,"48,9338400","2,3853700",93,2019,90.0,1.0,1.0,1.0,2144590,1.0,1,1,1,5.0,,-1.0, -1,1988.0,C01,138Â 304Â 541,1.0,0.0,-1.0,1637647,1.0,7,,0.0,2.0,2.0,D01,138Â 304Â 542,1.0
959567,201900001098,2,15,05:40,3,1,1,1.0,5.0,93027,AUTOROUTE A1,M,"48,9338400","2,3853700",93,2019,90.0,1.0,1.0,1.0,2144590,1.0,1,1,1,5.0,,-1.0, -1,1988.0,C01,138Â 304Â 541,1.0,0.0,-1.0,1637648,1.0,7,,0.0,2.0,8.0,B01,138Â 304Â 543,1.0
959567,201900001098,2,15,05:40,3,1,1,1.0,5.0,93027,AUTOROUTE A1,M,"48,9338400","2,3853700",93,2019,90.0,1.0,1.0,1.0,2144591,1.0,1,1,1,0.0,,-1.0, -1,1990.0,D01,138Â 304Â 542,1.0,8.0,-1.0,1637645,1.0,7,,0.0,2.0,0.0,Z01,138Â 304Â 540,1.0
959567,201900001098,2,15,05:40,3,1,1,1.0,5.0,93027,AUTOROUTE A1,M,"48,9338400","2,3853700",93,2019,90.0,1.0,1.0,1.0,2144591,1.0,1,1,1,0.0,,-1.0, -1,1990.0,D01,138Â 304Â 542,1.0,8.0,-1.0,1637646,1.0,7,,0.0,2.0,1.0,C01,138Â 304Â 541,1.0
959567,201900001098,2,15,05:40,3,1,1,1.0,5.0,93027,AUTOROUTE A1,M,"48,9338400","2,3853700",93,2019,90.0,1.0,1.0,1.0,2144591,1.0,1,1,1,0.0,,-1.0, -1,1990.0,D01,138Â 304Â 542,1.0,8.0,-1.0,1637647,1.0,7,,0.0,2.0,2.0,D01,138Â 304Â 542,1.0
959567,201900001098,2,15,05:40,3,1,1,1.0,5.0,93027,AUTOROUTE A1,M,"48,9338400","2,3853700",93,2019,90.0,1.0,1.0,1.0,2144591,1.0,1,1,1,0.0,,-1.0, -1,1990.0,D01,138Â 304Â 542,1.0,8.0,-1.0,1637648,1.0,7,,0.0,2.0,8.0,B01,138Â 304Â 543,1.0
959567,201900001098,2,15,05:40,3,1,1,1.0,5.0,93027,AUTOROUTE A1,M,"48,9338400","2,3853700",93,2019,90.0,1.0,1.0,1.0,2144592,1.0,1,4,2,1.0,,-1.0, -1,1977.0,B01,138Â 304Â 543,1.0,8.0,-1.0,1637645,1.0,7,,0.0,2.0,0.0,Z01,138Â 304Â 540,1.0
959567,201900001098,2,15,05:40,3,1,1,1.0,5.0,93027,AUTOROUTE A1,M,"48,9338400","2,3853700",93,2019,90.0,1.0,1.0,1.0,2144592,1.0,1,4,2,1.0,,-1.0, -1,1977.0,B01,138Â 304Â 543,1.0,8.0,-1.0,1637646,1.0,7,,0.0,2.0,1.0,C01,138Â 304Â 541,1.0
959567,201900001098,2,15,05:40,3,1,1,1.0,5.0,93027,AUTOROUTE A1,M,"48,9338400","2,3853700",93,2019,90.0,1.0,1.0,1.0,2144592,1.0,1,4,2,1.0,,-1.0, -1,1977.0,B01,138Â 304Â 543,1.0,8.0,-1.0,1637647,1.0,7,,0.0,2.0,2.0,D01,138Â 304Â 542,1.0
959567,201900001098,2,15,05:40,3,1,1,1.0,5.0,93027,AUTOROUTE A1,M,"48,9338400","2,3853700",93,2019,90.0,1.0,1.0,1.0,2144592,1.0,1,4,2,1.0,,-1.0, -1,1977.0,B01,138Â 304Â 543,1.0,8.0,-1.0,1637648,1.0,7,,0.0,2.0,8.0,B01,138Â 304Â 543,1.0
959568,201900001099,2,15,03:50,3,1,1,1.0,6.0,92078,AUTOROUTE A86,M,"48,9273287","2,3334281",92,2019,90.0,1.0,1.0,1.0,2144593,1.0,1,4,1,0.0,,-1.0,0,1982.0,A01,138Â 304Â 539,1.0,0.0,-1.0,1637649,1.0,7,,4.0,0.0,3.0,A01,138Â 304Â 539,2.0
959569,201900001100,2,14,13:18,1,1,1,1.0,6.0,95252,AUTOROUTE A15,M,"48,9834100","2,2188000",95,2019,110.0,1.0,1.0,1.0,2144594,1.0,1,4,2,5.0,,-1.0,0,1956.0,A01,138Â 304Â 538,1.0,8.0,-1.0,1637650,1.0,7,,4.0,0.0,1.0,A01,138Â 304Â 538,1.0
959570,201900001101,2,14,16:00,1,1,1,1.0,4.0,93066,AUTOROUTE A86,M,"48,9255800","2,3397500",93,2019,50.0,1.0,1.0,1.0,2144595,1.0,1,4,2,0.0,,-1.0, -1,1987.0,A01,138Â 304Â 534,1.0,8.0,-1.0,1637651,2.0,7,,0.0,2.0,1.0,A01,138Â 304Â 534,1.0
959570,201900001101,2,14,16:00,1,1,1,1.0,4.0,93066,AUTOROUTE A86,M,"48,9255800","2,3397500",93,2019,50.0,1.0,1.0,1.0,2144595,1.0,1,4,2,0.0,,-1.0, -1,1987.0,A01,138Â 304Â 534,1.0,8.0,-1.0,1637652,2.0,7,,0.0,2.0,4.0,C01,138Â 304Â 535,1.0
959570,201900001101,2,14,16:00,1,1,1,1.0,4.0,93066,AUTOROUTE A86,M,"48,9255800","2,3397500",93,2019,50.0,1.0,1.0,1.0,2144595,1.0,1,4,2,0.0,,-1.0, -1,1987.0,A01,138Â 304Â 534,1.0,8.0,-1.0,1637653,2.0,17,,0.0,2.0,4.0,D01,138Â 304Â 536,1.0
959570,201900001101,2,14,16:00,1,1,1,1.0,4.0,93066,AUTOROUTE A86,M,"48,9255800","2,3397500",93,2019,50.0,1.0,1.0,1.0,2144595,1.0,1,4,2,0.0,,-1.0, -1,1987.0,A01,138Â 304Â 534,1.0,8.0,-1.0,1637654,2.0,10,,0.0,2.0,4.0,B01,138Â 304Â 537,1.0
959570,201900001101,2,14,16:00,1,1,1,1.0,4.0,93066,AUTOROUTE A86,M,"48,9255800","2,3397500",93,2019,50.0,1.0,1.0,1.0,2144596,1.0,1,1,1,0.0,,-1.0, -1,1997.0,C01,138Â 304Â 535,1.0,0.0,-1.0,1637651,2.0,7,,0.0,2.0,1.0,A01,138Â 304Â 534,1.0
959570,201900001101,2,14,16:00,1,1,1,1.0,4.0,93066,AUTOROUTE A86,M,"48,9255800","2,3397500",93,2019,50.0,1.0,1.0,1.0,2144596,1.0,1,1,1,0.0,,-1.0, -1,1997.0,C01,138Â 304Â 535,1.0,0.0,-1.0,1637652,2.0,7,,0.0,2.0,4.0,C01,138Â 304Â 535,1.0
959570,201900001101,2,14,16:00,1,1,1,1.0,4.0,93066,AUTOROUTE A86,M,"48,9255800","2,3397500",93,2019,50.0,1.0,1.0,1.0,2144596,1.0,1,1,1,0.0,,-1.0, -1,1997.0,C01,138Â 304Â 535,1.0,0.0,-1.0,1637653,2.0,17,,0.0,2.0,4.0,D01,138Â 304Â 536,1.0
959570,201900001101,2,14,16:00,1,1,1,1.0,4.0,93066,AUTOROUTE A86,M,"48,9255800","2,3397500",93,2019,50.0,1.0,1.0,1.0,2144596,1.0,1,1,1,0.0,,-1.0, -1,1997.0,C01,138Â 304Â 535,1.0,0.0,-1.0,1637654,2.0,10,,0.0,2.0,4.0,B01,138Â 304Â 537,1.0
959570,201900001101,2,14,16:00,1,1,1,1.0,4.0,93066,AUTOROUTE A86,M,"48,9255800","2,3397500",93,2019,50.0,1.0,1.0,1.0,2144597,1.0,1,1,1,1.0,,-1.0, -1,1978.0,D01,138Â 304Â 536,1.0,0.0,-1.0,1637651,2.0,7,,0.0,2.0,1.0,A01,138Â 304Â 534,1.0
959570,201900001101,2,14,16:00,1,1,1,1.0,4.0,93066,AUTOROUTE A86,M,"48,9255800","2,3397500",93,2019,50.0,1.0,1.0,1.0,2144597,1.0,1,1,1,1.0,,-1.0, -1,1978.0,D01,138Â 304Â 536,1.0,0.0,-1.0,1637652,2.0,7,,0.0,2.0,4.0,C01,138Â 304Â 535,1.0