Unnamed: 0_x,num_acc,mois,jour,hrmn,lum,agg,int,atm,col,com,adr,gps,lat,long,dep,annee,vma,situ,surf,catr,Unnamed: 0_y,place,catu,grav,sexe,trajet,secu,locp,actp,an_nais,num_veh_x,id_vehicule_x,secu1,secu2,secu3,Unnamed: 0,senc,catv,occutc,obs,obsm,choc,num_veh_y,id_vehicule_y,motor
959570,201900001101,2,14,16:00,1,1,1,1.0,4.0,93066,AUTOROUTE A86,M,"48,9255800","2,3397500",93,2019,50.0,1.0,1.0,1.0,2144597,1.0,1,1,1,1.0,,-1.0, -1,1978.0,D01,138Â 304Â 536,1.0,0.0,-1.0,1637653,2.0,17,,0.0,2.0,4.0,D01,138Â 304Â 536,1.0
959570,201900001101,2,14,16:00,1,1,1,1.0,4.0,93066,AUTOROUTE A86,M,"48,9255800","2,3397500",93,2019,50.0,1.0,1.0,1.0,2144597,1.0,1,1,1,1.0,,-1.0, -1,1978.0,D01,138Â 304Â 536,1.0,0.0,-1.0,1637654,2.0,10,,0.0,2.0,4.0,B01,138Â 304Â 537,1.0
959570,201900001101,2,14,16:00,1,1,1,1.0,4.0,93066,AUTOROUTE A86,M,"48,9255800","2,3397500",93,2019,50.0,1.0,1.0,1.0,2144598,1.0,1,1,1,1.0,,-1.0, -1,1980.0,B01,138Â 304Â 537,1.0,8.0,-1.0,1637651,2.0,7,,0.0,2.0,1.0,A01,138Â 304Â 534,1.0
959570,201900001101,2,14,16:00,1,1,1,1.0,4.0,93066,AUTOROUTE A86,M,"48,9255800","2,3397500",93,2019,50.0,1.0,1.0,1.0,2144598,1.0,1,1,1,1.0,,-1.0, -1,1980.0,B01,138Â 304Â 537,1.0,8.0,-1.0,1637652,2.0,7,,0.0,2.0,4.0,C01,138Â 304Â 535,1.0
959570,201900001101,2,14,16:00,1,1,1,1.0,4.0,93066,AUTOROUTE A86,M,"48,9255800","2,3397500",93,2019,50.0,1.0,1.0,1.0,2144598,1.0,1,1,1,1.0,,-1.0, -1,1980.0,B01,138Â 304Â 537,1.0,8.0,-1.0,1637653,2.0,17,,0.0,2.0,4.0,D01,138Â 304Â 536,1.0
959570,201900001101,2,14,16:00,1,1,1,1.0,4.0,93066,AUTOROUTE A86,M,"48,9255800","2,3397500",93,2019,50.0,1.0,1.0,1.0,2144598,1.0,1,1,1,1.0,,-1.0, -1,1980.0,B01,138Â 304Â 537,1.0,8.0,-1.0,1637654,2.0,10,,0.0,2.0,4.0,B01,138Â 304Â 537,1.0
959571,201900001102,2,9,08:36,1,1,1,1.0,6.0,60612,AUTOROUTE A1,M,"49,1920700","2,6034100",60,2019,130.0,1.0,1.0,1.0,2144599,1.0,1,4,1,0.0,,-1.0,0,2000.0,A01,138Â 304Â 533,1.0,0.0,-1.0,1637655,1.0,7,,4.0,0.0,9.0,A01,138Â 304Â 533,1.0
959571,201900001102,2,9,08:36,1,1,1,1.0,6.0,60612,AUTOROUTE A1,M,"49,1920700","2,6034100",60,2019,130.0,1.0,1.0,1.0,2144600,3.0,2,4,1,0.0,,-1.0,0,1999.0,A01,138Â 304Â 533,1.0,0.0,-1.0,1637655,1.0,7,,4.0,0.0,9.0,A01,138Â 304Â 533,1.0
959572,201900001103,2,13,23:34,3,1,1,1.0,5.0,93066,AUTOROUTE A1,M,"48,9139200","2,3579900",93,2019,90.0,1.0,1.0,1.0,2144601,2.0,2,4,2,9.0,,-1.0, -1,1961.0,A01,138Â 304Â 530,1.0,0.0,-1.0,1637656,1.0,7,,4.0,2.0,4.0,A01,138Â 304Â 530,1.0
959572,201900001103,2,13,23:34,3,1,1,1.0,5.0,93066,AUTOROUTE A1,M,"48,9139200","2,3579900",93,2019,90.0,1.0,1.0,1.0,2144601,2.0,2,4,2,9.0,,-1.0, -1,1961.0,A01,138Â 304Â 530,1.0,0.0,-1.0,1637657,1.0,7,,0.0,2.0,8.0,C01,138Â 304Â 531,1.0
959572,201900001103,2,13,23:34,3,1,1,1.0,5.0,93066,AUTOROUTE A1,M,"48,9139200","2,3579900",93,2019,90.0,1.0,1.0,1.0,2144601,2.0,2,4,2,9.0,,-1.0, -1,1961.0,A01,138Â 304Â 530,1.0,0.0,-1.0,1637658,1.0,7,,0.0,2.0,1.0,B01,138Â 304Â 532,1.0
959572,201900001103,2,13,23:34,3,1,1,1.0,5.0,93066,AUTOROUTE A1,M,"48,9139200","2,3579900",93,2019,90.0,1.0,1.0,1.0,2144602,1.0,1,4,1,9.0,,-1.0, -1,1962.0,A01,138Â 304Â 530,1.0,0.0,-1.0,1637656,1.0,7,,4.0,2.0,4.0,A01,138Â 304Â 530,1.0
959572,201900001103,2,13,23:34,3,1,1,1.0,5.0,93066,AUTOROUTE A1,M,"48,9139200","2,3579900",93,2019,90.0,1.0,1.0,1.0,2144602,1.0,1,4,1,9.0,,-1.0, -1,1962.0,A01,138Â 304Â 530,1.0,0.0,-1.0,1637657,1.0,7,,0.0,2.0,8.0,C01,138Â 304Â 531,1.0
959572,201900001103,2,13,23:34,3,1,1,1.0,5.0,93066,AUTOROUTE A1,M,"48,9139200","2,3579900",93,2019,90.0,1.0,1.0,1.0,2144602,1.0,1,4,1,9.0,,-1.0, -1,1962.0,A01,138Â 304Â 530,1.0,0.0,-1.0,1637658,1.0,7,,0.0,2.0,1.0,B01,138Â 304Â 532,1.0
959572,201900001103,2,13,23:34,3,1,1,1.0,5.0,93066,AUTOROUTE A1,M,"48,9139200","2,3579900",93,2019,90.0,1.0,1.0,1.0,2144603,1.0,1,1,1,9.0,,-1.0, -1,1964.0,C01,138Â 304Â 531,1.0,0.0,-1.0,1637656,1.0,7,,4.0,2.0,4.0,A01,138Â 304Â 530,1.0
959572,201900001103,2,13,23:34,3,1,1,1.0,5.0,93066,AUTOROUTE A1,M,"48,9139200","2,3579900",93,2019,90.0,1.0,1.0,1.0,2144603,1.0,1,1,1,9.0,,-1.0, -1,1964.0,C01,138Â 304Â 531,1.0,0.0,-1.0,1637657,1.0,7,,0.0,2.0,8.0,C01,138Â 304Â 531,1.0
959572,201900001103,2,13,23:34,3,1,1,1.0,5.0,93066,AUTOROUTE A1,M,"48,9139200","2,3579900",93,2019,90.0,1.0,1.0,1.0,2144603,1.0,1,1,1,9.0,,-1.0, -1,1964.0,C01,138Â 304Â 531,1.0,0.0,-1.0,1637658,1.0,7,,0.0,2.0,1.0,B01,138Â 304Â 532,1.0
959572,201900001103,2,13,23:34,3,1,1,1.0,5.0,93066,AUTOROUTE A1,M,"48,9139200","2,3579900",93,2019,90.0,1.0,1.0,1.0,2144604,1.0,1,1,1,9.0,,-1.0, -1,1994.0,B01,138Â 304Â 532,8.0,0.0,-1.0,1637656,1.0,7,,4.0,2.0,4.0,A01,138Â 304Â 530,1.0
959572,201900001103,2,13,23:34,3,1,1,1.0,5.0,93066,AUTOROUTE A1,M,"48,9139200","2,3579900",93,2019,90.0,1.0,1.0,1.0,2144604,1.0,1,1,1,9.0,,-1.0, -1,1994.0,B01,138Â 304Â 532,8.0,0.0,-1.0,1637657,1.0,7,,0.0,2.0,8.0,C01,138Â 304Â 531,1.0
959572,201900001103,2,13,23:34,3,1,1,1.0,5.0,93066,AUTOROUTE A1,M,"48,9139200","2,3579900",93,2019,90.0,1.0,1.0,1.0,2144604,1.0,1,1,1,9.0,,-1.0, -1,1994.0,B01,138Â 304Â 532,8.0,0.0,-1.0,1637658,1.0,7,,0.0,2.0,1.0,B01,138Â 304Â 532,1.0
959573,201900001104,2,13,14:15,1,1,1,1.0,4.0,93005,AUTOROUTE A3,M,"48,9679700","2,4795000",93,2019,90.0,1.0,1.0,1.0,2144605,1.0,1,1,1,4.0,,-1.0, -1,1962.0,A01,138Â 304Â 527,1.0,0.0,-1.0,1637659,1.0,10,,0.0,2.0,1.0,A01,138Â 304Â 527,1.0
959573,201900001104,2,13,14:15,1,1,1,1.0,4.0,93005,AUTOROUTE A3,M,"48,9679700","2,4795000",93,2019,90.0,1.0,1.0,1.0,2144605,1.0,1,1,1,4.0,,-1.0, -1,1962.0,A01,138Â 304Â 527,1.0,0.0,-1.0,1637660,1.0,10,,1.0,0.0,1.0,B01,138Â 304Â 528,1.0
959573,201900001104,2,13,14:15,1,1,1,1.0,4.0,93005,AUTOROUTE A3,M,"48,9679700","2,4795000",93,2019,90.0,1.0,1.0,1.0,2144605,1.0,1,1,1,4.0,,-1.0, -1,1962.0,A01,138Â 304Â 527,1.0,0.0,-1.0,1637661,1.0,7,,0.0,2.0,4.0,C01,138Â 304Â 529,1.0
959573,201900001104,2,13,14:15,1,1,1,1.0,4.0,93005,AUTOROUTE A3,M,"48,9679700","2,4795000",93,2019,90.0,1.0,1.0,1.0,2144606,1.0,1,4,1,4.0,,-1.0, -1,1983.0,B01,138Â 304Â 528,1.0,0.0,-1.0,1637659,1.0,10,,0.0,2.0,1.0,A01,138Â 304Â 527,1.0
959573,201900001104,2,13,14:15,1,1,1,1.0,4.0,93005,AUTOROUTE A3,M,"48,9679700","2,4795000",93,2019,90.0,1.0,1.0,1.0,2144606,1.0,1,4,1,4.0,,-1.0, -1,1983.0,B01,138Â 304Â 528,1.0,0.0,-1.0,1637660,1.0,10,,1.0,0.0,1.0,B01,138Â 304Â 528,1.0
959573,201900001104,2,13,14:15,1,1,1,1.0,4.0,93005,AUTOROUTE A3,M,"48,9679700","2,4795000",93,2019,90.0,1.0,1.0,1.0,2144606,1.0,1,4,1,4.0,,-1.0, -1,1983.0,B01,138Â 304Â 528,1.0,0.0,-1.0,1637661,1.0,7,,0.0,2.0,4.0,C01,138Â 304Â 529,1.0
959573,201900001104,2,13,14:15,1,1,1,1.0,4.0,93005,AUTOROUTE A3,M,"48,9679700","2,4795000",93,2019,90.0,1.0,1.0,1.0,2144607,1.0,1,4,1,4.0,,-1.0, -1,1981.0,C01,138Â 304Â 529,1.0,0.0,-1.0,1637659,1.0,10,,0.0,2.0,1.0,A01,138Â 304Â 527,1.0
959573,201900001104,2,13,14:15,1,1,1,1.0,4.0,93005,AUTOROUTE A3,M,"48,9679700","2,4795000",93,2019,90.0,1.0,1.0,1.0,2144607,1.0,1,4,1,4.0,,-1.0, -1,1981.0,C01,138Â 304Â 529,1.0,0.0,-1.0,1637660,1.0,10,,1.0,0.0,1.0,B01,138Â 304Â 528,1.0
959573,201900001104,2,13,14:15,1,1,1,1.0,4.0,93005,AUTOROUTE A3,M,"48,9679700","2,4795000",93,2019,90.0,1.0,1.0,1.0,2144607,1.0,1,4,1,4.0,,-1.0, -1,1981.0,C01,138Â 304Â 529,1.0,0.0,-1.0,1637661,1.0,7,,0.0,2.0,4.0,C01,138Â 304Â 529,1.0
959574,201900001105,2,13,19:30,3,1,1,1.0,2.0,95582,AUTOROUTE A15,M,"48,9662100","2,2574600",95,2019,110.0,1.0,1.0,1.0,2144608,1.0,1,1,1,3.0,,-1.0,0,1963.0,B01,138Â 304Â 525,1.0,0.0,-1.0,1637662,1.0,7,,0.0,2.0,2.0,B01,138Â 304Â 525,1.0
959574,201900001105,2,13,19:30,3,1,1,1.0,2.0,95582,AUTOROUTE A15,M,"48,9662100","2,2574600",95,2019,110.0,1.0,1.0,1.0,2144608,1.0,1,1,1,3.0,,-1.0,0,1963.0,B01,138Â 304Â 525,1.0,0.0,-1.0,1637663,1.0,7,,0.0,2.0,6.0,A01,138Â 304Â 526,1.0
959574,201900001105,2,13,19:30,3,1,1,1.0,2.0,95582,AUTOROUTE A15,M,"48,9662100","2,2574600",95,2019,110.0,1.0,1.0,1.0,2144609,1.0,1,4,1,1.0,,-1.0,0,1984.0,A01,138Â 304Â 526,1.0,0.0,-1.0,1637662,1.0,7,,0.0,2.0,2.0,B01,138Â 304Â 525,1.0
959574,201900001105,2,13,19:30,3,1,1,1.0,2.0,95582,AUTOROUTE A15,M,"48,9662100","2,2574600",95,2019,110.0,1.0,1.0,1.0,2144609,1.0,1,4,1,1.0,,-1.0,0,1984.0,A01,138Â 304Â 526,1.0,0.0,-1.0,1637663,1.0,7,,0.0,2.0,6.0,A01,138Â 304Â 526,1.0
959575,201900001106,2,13,11:45,1,1,1,1.0,4.0,93066,AUTOROUTE A1,M,"48,9078900","2,3581800",93,2019,90.0,1.0,1.0,1.0,2144610,1.0,1,1,1,0.0,,-1.0, -1,1992.0,C01,138Â 304Â 522,1.0,0.0,-1.0,1637664,2.0,7,,0.0,2.0,4.0,C01,138Â 304Â 522,1.0
959575,201900001106,2,13,11:45,1,1,1,1.0,4.0,93066,AUTOROUTE A1,M,"48,9078900","2,3581800",93,2019,90.0,1.0,1.0,1.0,2144610,1.0,1,1,1,0.0,,-1.0, -1,1992.0,C01,138Â 304Â 522,1.0,0.0,-1.0,1637665,2.0,7,,0.0,2.0,4.0,B01,138Â 304Â 523,1.0
959575,201900001106,2,13,11:45,1,1,1,1.0,4.0,93066,AUTOROUTE A1,M,"48,9078900","2,3581800",93,2019,90.0,1.0,1.0,1.0,2144610,1.0,1,1,1,0.0,,-1.0, -1,1992.0,C01,138Â 304Â 522,1.0,0.0,-1.0,1637666,2.0,7,,0.0,2.0,1.0,A01,138Â 304Â 524,1.0
959575,201900001106,2,13,11:45,1,1,1,1.0,4.0,93066,AUTOROUTE A1,M,"48,9078900","2,3581800",93,2019,90.0,1.0,1.0,1.0,2144611,1.0,1,4,2,9.0,,-1.0, -1,1994.0,B01,138Â 304Â 523,1.0,0.0,-1.0,1637664,2.0,7,,0.0,2.0,4.0,C01,138Â 304Â 522,1.0
959575,201900001106,2,13,11:45,1,1,1,1.0,4.0,93066,AUTOROUTE A1,M,"48,9078900","2,3581800",93,2019,90.0,1.0,1.0,1.0,2144611,1.0,1,4,2,9.0,,-1.0, -1,1994.0,B01,138Â 304Â 523,1.0,0.0,-1.0,1637665,2.0,7,,0.0,2.0,4.0,B01,138Â 304Â 523,1.0
959575,201900001106,2,13,11:45,1,1,1,1.0,4.0,93066,AUTOROUTE A1,M,"48,9078900","2,3581800",93,2019,90.0,1.0,1.0,1.0,2144611,1.0,1,4,2,9.0,,-1.0, -1,1994.0,B01,138Â 304Â 523,1.0,0.0,-1.0,1637666,2.0,7,,0.0,2.0,1.0,A01,138Â 304Â 524,1.0
959575,201900001106,2,13,11:45,1,1,1,1.0,4.0,93066,AUTOROUTE A1,M,"48,9078900","2,3581800",93,2019,90.0,1.0,1.0,1.0,2144612,1.0,1,1,1,9.0,,-1.0, -1,1950.0,A01,138Â 304Â 524,1.0,0.0,-1.0,1637664,2.0,7,,0.0,2.0,4.0,C01,138Â 304Â 522,1.0
959575,201900001106,2,13,11:45,1,1,1,1.0,4.0,93066,AUTOROUTE A1,M,"48,9078900","2,3581800",93,2019,90.0,1.0,1.0,1.0,2144612,1.0,1,1,1,9.0,,-1.0, -1,1950.0,A01,138Â 304Â 524,1.0,0.0,-1.0,1637665,2.0,7,,0.0,2.0,4.0,B01,138Â 304Â 523,1.0
959575,201900001106,2,13,11:45,1,1,1,1.0,4.0,93066,AUTOROUTE A1,M,"48,9078900","2,3581800",93,2019,90.0,1.0,1.0,1.0,2144612,1.0,1,1,1,9.0,,-1.0, -1,1950.0,A01,138Â 304Â 524,1.0,0.0,-1.0,1637666,2.0,7,,0.0,2.0,1.0,A01,138Â 304Â 524,1.0
959576,201900001107,2,13,09:50,1,1,1,1.0,2.0,93066,AUTOROUTE A1,M,"48,9261700","2,3567400",93,2019,90.0,1.0,1.0,1.0,2144613,1.0,1,4,1,0.0,,-1.0, -1,1992.0,A01,138Â 304Â 520,2.0,6.0,-1.0,1637667,2.0,33,,0.0,2.0,1.0,A01,138Â 304Â 520,1.0
959576,201900001107,2,13,09:50,1,1,1,1.0,2.0,93066,AUTOROUTE A1,M,"48,9261700","2,3567400",93,2019,90.0,1.0,1.0,1.0,2144613,1.0,1,4,1,0.0,,-1.0, -1,1992.0,A01,138Â 304Â 520,2.0,6.0,-1.0,1637668,2.0,7,,0.0,2.0,4.0,B01,138Â 304Â 521,1.0
959576,201900001107,2,13,09:50,1,1,1,1.0,2.0,93066,AUTOROUTE A1,M,"48,9261700","2,3567400",93,2019,90.0,1.0,1.0,1.0,2144614,1.0,1,1,1,0.0,,-1.0, -1,1986.0,B01,138Â 304Â 521,1.0,0.0,-1.0,1637667,2.0,33,,0.0,2.0,1.0,A01,138Â 304Â 520,1.0
959576,201900001107,2,13,09:50,1,1,1,1.0,2.0,93066,AUTOROUTE A1,M,"48,9261700","2,3567400",93,2019,90.0,1.0,1.0,1.0,2144614,1.0,1,1,1,0.0,,-1.0, -1,1986.0,B01,138Â 304Â 521,1.0,0.0,-1.0,1637668,2.0,7,,0.0,2.0,4.0,B01,138Â 304Â 521,1.0
959577,201900001108,2,13,09:15,1,1,1,5.0,6.0,95060,AUTOROUTE A115,M,"49,0443800","2,1872800",95,2019,90.0,1.0,1.0,1.0,2144615,1.0,1,4,2,0.0,,-1.0,0,1989.0,A01,138Â 304Â 519,1.0,0.0,-1.0,1637669,1.0,7,,14.0,0.0,9.0,A01,138Â 304Â 519,1.0
959578,201900001109,2,13,05:50,3,1,1,1.0,7.0,95607,AUTOROUTE A115,M,"49,0356000","2,1956400",95,2019,90.0,1.0,1.0,1.0,2144616,1.0,1,4,2,0.0,,-1.0,0,1988.0,A01,138Â 304Â 518,1.0,0.0,-1.0,1637670,2.0,7,,16.0,0.0,9.0,A01,138Â 304Â 518,1.0
959579,201900001110,2,17,07:30,2,1,1,1.0,2.0,94073,A86 EXT,M,"48,7676600","2,3786000",94,2019,90.0,1.0,1.0,1.0,2144617,1.0,1,4,2,5.0,,-1.0,0,2000.0,A01,138Â 304Â 516,1.0,0.0,-1.0,1637671,2.0,7,,4.0,0.0,3.0,A01,138Â 304Â 516,1.0
959579,201900001110,2,17,07:30,2,1,1,1.0,2.0,94073,A86 EXT,M,"48,7676600","2,3786000",94,2019,90.0,1.0,1.0,1.0,2144617,1.0,1,4,2,5.0,,-1.0,0,2000.0,A01,138Â 304Â 516,1.0,0.0,-1.0,1637672,2.0,7,,0.0,0.0,4.0,B01,138Â 304Â 517,1.0
959579,201900001110,2,17,07:30,2,1,1,1.0,2.0,94073,A86 EXT,M,"48,7676600","2,3786000",94,2019,90.0,1.0,1.0,1.0,2144618,1.0,1,1,1,5.0,,-1.0,0,1997.0,B01,138Â 304Â 517,1.0,0.0,-1.0,1637671,2.0,7,,4.0,0.0,3.0,A01,138Â 304Â 516,1.0
959579,201900001110,2,17,07:30,2,1,1,1.0,2.0,94073,A86 EXT,M,"48,7676600","2,3786000",94,2019,90.0,1.0,1.0,1.0,2144618,1.0,1,1,1,5.0,,-1.0,0,1997.0,B01,138Â 304Â 517,1.0,0.0,-1.0,1637672,2.0,7,,0.0,0.0,4.0,B01,138Â 304Â 517,1.0
959580,201900001111,2,16,19:00,2,1,1,1.0,2.0,77083,A4.W,M,"48,8304900","2,6114100",77,2019,110.0,1.0,1.0,1.0,2144619,2.0,2,1,2,5.0,,-1.0,0,1984.0,A01,138Â 304Â 514,2.0,6.0,-1.0,1637673,2.0,33,,0.0,2.0,1.0,A01,138Â 304Â 514,1.0
959580,201900001111,2,16,19:00,2,1,1,1.0,2.0,77083,A4.W,M,"48,8304900","2,6114100",77,2019,110.0,1.0,1.0,1.0,2144619,2.0,2,1,2,5.0,,-1.0,0,1984.0,A01,138Â 304Â 514,2.0,6.0,-1.0,1637674,2.0,7,,0.0,2.0,4.0,B01,138Â 304Â 515,1.0
959580,201900001111,2,16,19:00,2,1,1,1.0,2.0,77083,A4.W,M,"48,8304900","2,6114100",77,2019,110.0,1.0,1.0,1.0,2144620,1.0,1,4,1,5.0,,-1.0,0,1987.0,A01,138Â 304Â 514,2.0,6.0,-1.0,1637673,2.0,33,,0.0,2.0,1.0,A01,138Â 304Â 514,1.0
959580,201900001111,2,16,19:00,2,1,1,1.0,2.0,77083,A4.W,M,"48,8304900","2,6114100",77,2019,110.0,1.0,1.0,1.0,2144620,1.0,1,4,1,5.0,,-1.0,0,1987.0,A01,138Â 304Â 514,2.0,6.0,-1.0,1637674,2.0,7,,0.0,2.0,4.0,B01,138Â 304Â 515,1.0
959580,201900001111,2,16,19:00,2,1,1,1.0,2.0,77083,A4.W,M,"48,8304900","2,6114100",77,2019,110.0,1.0,1.0,1.0,2144621,1.0,1,1,1,5.0,,-1.0,0,1972.0,B01,138Â 304Â 515,1.0,4.0,-1.0,1637673,2.0,33,,0.0,2.0,1.0,A01,138Â 304Â 514,1.0
959580,201900001111,2,16,19:00,2,1,1,1.0,2.0,77083,A4.W,M,"48,8304900","2,6114100",77,2019,110.0,1.0,1.0,1.0,2144621,1.0,1,1,1,5.0,,-1.0,0,1972.0,B01,138Â 304Â 515,1.0,4.0,-1.0,1637674,2.0,7,,0.0,2.0,4.0,B01,138Â 304Â 515,1.0
959581,201900001112,2,15,22:00,3,1,1,1.0,6.0,77450,RN104,M,"48,7198400","2,5986700",77,2019,90.0,1.0,1.0,2.0,2144622,1.0,1,4,1,5.0,,-1.0,0,1999.0,A01,138Â 304Â 512,1.0,4.0,-1.0,1637675,2.0,10,,0.0,0.0,0.0,A01,138Â 304Â 512,1.0
959581,201900001112,2,15,22:00,3,1,1,1.0,6.0,77450,RN104,M,"48,7198400","2,5986700",77,2019,90.0,1.0,1.0,2.0,2144622,1.0,1,4,1,5.0,,-1.0,0,1999.0,A01,138Â 304Â 512,1.0,4.0,-1.0,1637676,2.0,17,,0.0,2.0,8.0,B01,138Â 304Â 513,1.0
959581,201900001112,2,15,22:00,3,1,1,1.0,6.0,77450,RN104,M,"48,7198400","2,5986700",77,2019,90.0,1.0,1.0,2.0,2144623,1.0,1,1,1,4.0,,-1.0,0,1961.0,B01,138Â 304Â 513,1.0,4.0,-1.0,1637675,2.0,10,,0.0,0.0,0.0,A01,138Â 304Â 512,1.0
959581,201900001112,2,15,22:00,3,1,1,1.0,6.0,77450,RN104,M,"48,7198400","2,5986700",77,2019,90.0,1.0,1.0,2.0,2144623,1.0,1,1,1,4.0,,-1.0,0,1961.0,B01,138Â 304Â 513,1.0,4.0,-1.0,1637676,2.0,17,,0.0,2.0,8.0,B01,138Â 304Â 513,1.0
959582,201900001113,2,15,20:00,3,1,1,1.0,3.0,75112,A4,M,"48,8215500","2,4620800",75,2019,90.0,1.0,1.0,1.0,2144624,1.0,1,1,1,5.0,,0.0,0,1989.0,B01,138Â 304Â 510,1.0,8.0,-1.0,1637677,1.0,7,,0.0,2.0,5.0,B01,138Â 304Â 510,1.0
959582,201900001113,2,15,20:00,3,1,1,1.0,3.0,75112,A4,M,"48,8215500","2,4620800",75,2019,90.0,1.0,1.0,1.0,2144624,1.0,1,1,1,5.0,,0.0,0,1989.0,B01,138Â 304Â 510,1.0,8.0,-1.0,1637678,1.0,33,,0.0,2.0,3.0,A01,138Â 304Â 511,1.0
959582,201900001113,2,15,20:00,3,1,1,1.0,3.0,75112,A4,M,"48,8215500","2,4620800",75,2019,90.0,1.0,1.0,1.0,2144625,1.0,1,4,1,5.0,,0.0,0,1993.0,A01,138Â 304Â 511,2.0,8.0,-1.0,1637677,1.0,7,,0.0,2.0,5.0,B01,138Â 304Â 510,1.0
959582,201900001113,2,15,20:00,3,1,1,1.0,3.0,75112,A4,M,"48,8215500","2,4620800",75,2019,90.0,1.0,1.0,1.0,2144625,1.0,1,4,1,5.0,,0.0,0,1993.0,A01,138Â 304Â 511,2.0,8.0,-1.0,1637678,1.0,33,,0.0,2.0,3.0,A01,138Â 304Â 511,1.0
959583,201900001114,2,15,12:59,1,1,1,1.0,7.0,94022,A86 EXT,M,"48,7727500","2,3992200",94,2019,70.0,1.0,1.0,1.0,2144626,1.0,1,4,2,5.0,,-1.0,0,1982.0,A01,138Â 304Â 509,1.0,8.0,-1.0,1637679,2.0,7,,4.0,0.0,9.0,A01,138Â 304Â 509,1.0
959584,201900001115,2,13,20:30,3,1,1,1.0,6.0,94052,A4,M,"48,8390400","2,4925900",94,2019,90.0,1.0,1.0,1.0,2144627,1.0,1,4,1,0.0,,-1.0,0,1973.0,A01,138Â 304Â 508,2.0,6.0,-1.0,1637680,1.0,33,,0.0,0.0,4.0,A01,138Â 304Â 508,1.0
959585,201900001116,2,13,08:20,5,1,1,1.0,4.0,94017,A86.INT,M,"48,8305235","2,4889139",94,2019,90.0,1.0,1.0,1.0,2144628,1.0,1,4,1,1.0,,-1.0,0,1996.0,A01,138Â 304Â 505,1.0,0.0,-1.0,1637681,1.0,7,,0.0,2.0,1.0,A01,138Â 304Â 505,1.0
959585,201900001116,2,13,08:20,5,1,1,1.0,4.0,94017,A86.INT,M,"48,8305235","2,4889139",94,2019,90.0,1.0,1.0,1.0,2144628,1.0,1,4,1,1.0,,-1.0,0,1996.0,A01,138Â 304Â 505,1.0,0.0,-1.0,1637682,1.0,7,,0.0,2.0,4.0,B01,138Â 304Â 506,1.0
959585,201900001116,2,13,08:20,5,1,1,1.0,4.0,94017,A86.INT,M,"48,8305235","2,4889139",94,2019,90.0,1.0,1.0,1.0,2144628,1.0,1,4,1,1.0,,-1.0,0,1996.0,A01,138Â 304Â 505,1.0,0.0,-1.0,1637683,1.0,7,,0.0,2.0,4.0,C01,138Â 304Â 507,1.0
959585,201900001116,2,13,08:20,5,1,1,1.0,4.0,94017,A86.INT,M,"48,8305235","2,4889139",94,2019,90.0,1.0,1.0,1.0,2144629,1.0,1,1,1,4.0,,-1.0,0,1970.0,B01,138Â 304Â 506,1.0,4.0,-1.0,1637681,1.0,7,,0.0,2.0,1.0,A01,138Â 304Â 505,1.0
959585,201900001116,2,13,08:20,5,1,1,1.0,4.0,94017,A86.INT,M,"48,8305235","2,4889139",94,2019,90.0,1.0,1.0,1.0,2144629,1.0,1,1,1,4.0,,-1.0,0,1970.0,B01,138Â 304Â 506,1.0,4.0,-1.0,1637682,1.0,7,,0.0,2.0,4.0,B01,138Â 304Â 506,1.0
959585,201900001116,2,13,08:20,5,1,1,1.0,4.0,94017,A86.INT,M,"48,8305235","2,4889139",94,2019,90.0,1.0,1.0,1.0,2144629,1.0,1,1,1,4.0,,-1.0,0,1970.0,B01,138Â 304Â 506,1.0,4.0,-1.0,1637683,1.0,7,,0.0,2.0,4.0,C01,138Â 304Â 507,1.0
959585,201900001116,2,13,08:20,5,1,1,1.0,4.0,94017,A86.INT,M,"48,8305235","2,4889139",94,2019,90.0,1.0,1.0,1.0,2144630,1.0,1,1,1,4.0,,-1.0,0,1975.0,C01,138Â 304Â 507,1.0,4.0,-1.0,1637681,1.0,7,,0.0,2.0,1.0,A01,138Â 304Â 505,1.0
959585,201900001116,2,13,08:20,5,1,1,1.0,4.0,94017,A86.INT,M,"48,8305235","2,4889139",94,2019,90.0,1.0,1.0,1.0,2144630,1.0,1,1,1,4.0,,-1.0,0,1975.0,C01,138Â 304Â 507,1.0,4.0,-1.0,1637682,1.0,7,,0.0,2.0,4.0,B01,138Â 304Â 506,1.0
959585,201900001116,2,13,08:20,5,1,1,1.0,4.0,94017,A86.INT,M,"48,8305235","2,4889139",94,2019,90.0,1.0,1.0,1.0,2144630,1.0,1,1,1,4.0,,-1.0,0,1975.0,C01,138Â 304Â 507,1.0,4.0,-1.0,1637683,1.0,7,,0.0,2.0,4.0,C01,138Â 304Â 507,1.0
959586,201900001117,2,13,07:30,1,1,1,1.0,2.0,94033,A86.INT,M,"48,8516710","2,4897664",94,2019,90.0,1.0,1.0,1.0,2144631,1.0,1,1,2,1.0,,-1.0,0,1961.0,B01,138Â 304Â 503,1.0,4.0,-1.0,1637684,1.0,7,,0.0,2.0,8.0,B01,138Â 304Â 503,1.0
959586,201900001117,2,13,07:30,1,1,1,1.0,2.0,94033,A86.INT,M,"48,8516710","2,4897664",94,2019,90.0,1.0,1.0,1.0,2144631,1.0,1,1,2,1.0,,-1.0,0,1961.0,B01,138Â 304Â 503,1.0,4.0,-1.0,1637685,1.0,33,,0.0,2.0,2.0,A01,138Â 304Â 504,1.0
959586,201900001117,2,13,07:30,1,1,1,1.0,2.0,94033,A86.INT,M,"48,8516710","2,4897664",94,2019,90.0,1.0,1.0,1.0,2144632,1.0,1,4,1,1.0,,-1.0,0,1996.0,A01,138Â 304Â 504,2.0,6.0,-1.0,1637684,1.0,7,,0.0,2.0,8.0,B01,138Â 304Â 503,1.0