Unnamed: 0_x,num_acc,mois,jour,hrmn,lum,agg,int,atm,col,com,adr,gps,lat,long,dep,annee,vma,situ,surf,catr,Unnamed: 0_y,place,catu,grav,sexe,trajet,secu,locp,actp,an_nais,num_veh_x,id_vehicule_x,secu1,secu2,secu3,Unnamed: 0,senc,catv,occutc,obs,obsm,choc,num_veh_y,id_vehicule_y,motor
959586,201900001117,2,13,07:30,1,1,1,1.0,2.0,94033,A86.INT,M,"48,8516710","2,4897664",94,2019,90.0,1.0,1.0,1.0,2144632,1.0,1,4,1,1.0,,-1.0,0,1996.0,A01,138Â 304Â 504,2.0,6.0,-1.0,1637685,1.0,33,,0.0,2.0,2.0,A01,138Â 304Â 504,1.0
959587,201900001118,2,2,12:05,1,1,1,1.0,2.0,77337,A4,M,"48,8302040","2,6114420",77,2019,90.0,1.0,2.0,1.0,2144633,1.0,1,1,1,5.0,,0.0,0,1993.0,A01,138Â 304Â 501,1.0,4.0,-1.0,1637686,1.0,7,,3.0,2.0,2.0,A01,138Â 304Â 501,1.0
959587,201900001118,2,2,12:05,1,1,1,1.0,2.0,77337,A4,M,"48,8302040","2,6114420",77,2019,90.0,1.0,2.0,1.0,2144633,1.0,1,1,1,5.0,,0.0,0,1993.0,A01,138Â 304Â 501,1.0,4.0,-1.0,1637687,1.0,7,,3.0,2.0,3.0,B01,138Â 304Â 502,1.0
959587,201900001118,2,2,12:05,1,1,1,1.0,2.0,77337,A4,M,"48,8302040","2,6114420",77,2019,90.0,1.0,2.0,1.0,2144634,1.0,1,4,1,5.0,,0.0,0,1995.0,B01,138Â 304Â 502,1.0,4.0,-1.0,1637686,1.0,7,,3.0,2.0,2.0,A01,138Â 304Â 501,1.0
959587,201900001118,2,2,12:05,1,1,1,1.0,2.0,77337,A4,M,"48,8302040","2,6114420",77,2019,90.0,1.0,2.0,1.0,2144634,1.0,1,4,1,5.0,,0.0,0,1995.0,B01,138Â 304Â 502,1.0,4.0,-1.0,1637687,1.0,7,,3.0,2.0,3.0,B01,138Â 304Â 502,1.0
959588,201900001119,2,8,13:00,1,2,1,1.0,2.0,64348,MARTYRS DU PONT LONG DES,M,"43,3452485"," -0,3798785",64,2019,50.0,1.0,1.0,3.0,2144635,1.0,1,1,1,1.0,,0.0,0,1995.0,A01,138Â 304Â 496,1.0,8.0,-1.0,1637688,1.0,7,,0.0,2.0,2.0,A01,138Â 304Â 496,1.0
959588,201900001119,2,8,13:00,1,2,1,1.0,2.0,64348,MARTYRS DU PONT LONG DES,M,"43,3452485"," -0,3798785",64,2019,50.0,1.0,1.0,3.0,2144635,1.0,1,1,1,1.0,,0.0,0,1995.0,A01,138Â 304Â 496,1.0,8.0,-1.0,1637689,1.0,7,,0.0,2.0,6.0,B01,138Â 304Â 497,1.0
959588,201900001119,2,8,13:00,1,2,1,1.0,2.0,64348,MARTYRS DU PONT LONG DES,M,"43,3452485"," -0,3798785",64,2019,50.0,1.0,1.0,3.0,2144636,2.0,1,4,2,1.0,,0.0,0,1960.0,B01,138Â 304Â 497,1.0,8.0,-1.0,1637688,1.0,7,,0.0,2.0,2.0,A01,138Â 304Â 496,1.0
959588,201900001119,2,8,13:00,1,2,1,1.0,2.0,64348,MARTYRS DU PONT LONG DES,M,"43,3452485"," -0,3798785",64,2019,50.0,1.0,1.0,3.0,2144636,2.0,1,4,2,1.0,,0.0,0,1960.0,B01,138Â 304Â 497,1.0,8.0,-1.0,1637689,1.0,7,,0.0,2.0,6.0,B01,138Â 304Â 497,1.0
959589,201900001120,2,11,18:45,5,2,1,1.0,2.0,51454,RUE PASSE DEMOISELLES,M,"49,2484400","4,0168600",51,2019,50.0,1.0,1.0,4.0,2144637,1.0,1,1,1,0.0,,-1.0,0,2000.0,A01,138Â 304Â 494,1.0,0.0,-1.0,1637690,2.0,7,,0.0,2.0,1.0,A01,138Â 304Â 494,1.0
959589,201900001120,2,11,18:45,5,2,1,1.0,2.0,51454,RUE PASSE DEMOISELLES,M,"49,2484400","4,0168600",51,2019,50.0,1.0,1.0,4.0,2144637,1.0,1,1,1,0.0,,-1.0,0,2000.0,A01,138Â 304Â 494,1.0,0.0,-1.0,1637691,2.0,7,,0.0,2.0,4.0,B01,138Â 304Â 495,1.0
959589,201900001120,2,11,18:45,5,2,1,1.0,2.0,51454,RUE PASSE DEMOISELLES,M,"49,2484400","4,0168600",51,2019,50.0,1.0,1.0,4.0,2144638,1.0,1,4,2,0.0,,-1.0,0,1969.0,B01,138Â 304Â 495,1.0,0.0,-1.0,1637690,2.0,7,,0.0,2.0,1.0,A01,138Â 304Â 494,1.0
959589,201900001120,2,11,18:45,5,2,1,1.0,2.0,51454,RUE PASSE DEMOISELLES,M,"49,2484400","4,0168600",51,2019,50.0,1.0,1.0,4.0,2144638,1.0,1,4,2,0.0,,-1.0,0,1969.0,B01,138Â 304Â 495,1.0,0.0,-1.0,1637691,2.0,7,,0.0,2.0,4.0,B01,138Â 304Â 495,1.0
959590,201900001121,2,10,12:40,1,2,1,3.0,3.0,14699,ARISTIDE BRIAND (AVENUE),M,"49,3478700","0,0995300",14,2019,30.0,1.0,2.0,4.0,2144639,1.0,1,1,1,5.0,,-1.0, -1,1986.0,A01,138Â 304Â 492,1.0,0.0,-1.0,1637692,2.0,7,,0.0,2.0,7.0,A01,138Â 304Â 492,1.0
959590,201900001121,2,10,12:40,1,2,1,3.0,3.0,14699,ARISTIDE BRIAND (AVENUE),M,"49,3478700","0,0995300",14,2019,30.0,1.0,2.0,4.0,2144639,1.0,1,1,1,5.0,,-1.0, -1,1986.0,A01,138Â 304Â 492,1.0,0.0,-1.0,1637693,1.0,30,,0.0,2.0,1.0,B01,138Â 304Â 493,1.0
959590,201900001121,2,10,12:40,1,2,1,3.0,3.0,14699,ARISTIDE BRIAND (AVENUE),M,"49,3478700","0,0995300",14,2019,30.0,1.0,2.0,4.0,2144640,1.0,1,3,2,0.0,,-1.0, -1,1971.0,B01,138Â 304Â 493,2.0,0.0,-1.0,1637692,2.0,7,,0.0,2.0,7.0,A01,138Â 304Â 492,1.0
959590,201900001121,2,10,12:40,1,2,1,3.0,3.0,14699,ARISTIDE BRIAND (AVENUE),M,"49,3478700","0,0995300",14,2019,30.0,1.0,2.0,4.0,2144640,1.0,1,3,2,0.0,,-1.0, -1,1971.0,B01,138Â 304Â 493,2.0,0.0,-1.0,1637693,1.0,30,,0.0,2.0,1.0,B01,138Â 304Â 493,1.0
959591,201900001122,2,10,17:00,1,1,1,1.0,6.0,93078,AUTOROUTE A104,M,"48,9632500","2,5214400",93,2019,90.0,1.0,2.0,1.0,2144641,1.0,1,4,2,5.0,,-1.0, -1,1989.0,A01,138Â 304Â 490,1.0,0.0,-1.0,1637694,1.0,7,,4.0,0.0,1.0,A01,138Â 304Â 490,1.0
959592,201900001123,2,10,13:40,1,1,1,2.0,7.0,93064,AUTOROUTE A86,M,"48,8791600","2,4763600",93,2019,90.0,1.0,2.0,1.0,2144642,1.0,1,4,1,9.0,,-1.0, -1,1979.0,A01,138Â 304Â 489,2.0,0.0,-1.0,1637695,2.0,32,,0.0,0.0,9.0,A01,138Â 304Â 489,1.0
959593,201900001124,2,13,12:30,1,2,3,1.0,1.0,98818,T. CELIERES/ANSE-VATA,M," -22,2961400","166,4456000",988,2019,30.0,1.0,1.0,4.0,2144643,1.0,1,3,2,4.0,,0.0,0,1973.0,B01,138Â 304Â 487,2.0,8.0,-1.0,1637696,3.0,30,,0.0,2.0,3.0,B01,138Â 304Â 487,1.0
959593,201900001124,2,13,12:30,1,2,3,1.0,1.0,98818,T. CELIERES/ANSE-VATA,M," -22,2961400","166,4456000",988,2019,30.0,1.0,1.0,4.0,2144643,1.0,1,3,2,4.0,,0.0,0,1973.0,B01,138Â 304Â 487,2.0,8.0,-1.0,1637697,3.0,7,,0.0,2.0,2.0,A01,138Â 304Â 488,1.0
959593,201900001124,2,13,12:30,1,2,3,1.0,1.0,98818,T. CELIERES/ANSE-VATA,M," -22,2961400","166,4456000",988,2019,30.0,1.0,1.0,4.0,2144644,1.0,1,1,2,0.0,,0.0,0,1955.0,A01,138Â 304Â 488,8.0,8.0,-1.0,1637696,3.0,30,,0.0,2.0,3.0,B01,138Â 304Â 487,1.0
959593,201900001124,2,13,12:30,1,2,3,1.0,1.0,98818,T. CELIERES/ANSE-VATA,M," -22,2961400","166,4456000",988,2019,30.0,1.0,1.0,4.0,2144644,1.0,1,1,2,0.0,,0.0,0,1955.0,A01,138Â 304Â 488,8.0,8.0,-1.0,1637697,3.0,7,,0.0,2.0,2.0,A01,138Â 304Â 488,1.0
959594,201900001125,2,12,21:00,5,2,2,1.0,3.0,98818,J. IEKAWE/A. OHLEN,M," -22,2483500","166,4637700",988,2019,50.0,1.0,1.0,4.0,2144645,1.0,1,1,1,5.0,,-1.0,0,2000.0,A01,138Â 304Â 485,1.0,1.0,-1.0,1637698,3.0,10,,0.0,2.0,2.0,A01,138Â 304Â 485,1.0
959594,201900001125,2,12,21:00,5,2,2,1.0,3.0,98818,J. IEKAWE/A. OHLEN,M," -22,2483500","166,4637700",988,2019,50.0,1.0,1.0,4.0,2144645,1.0,1,1,1,5.0,,-1.0,0,2000.0,A01,138Â 304Â 485,1.0,1.0,-1.0,1637699,3.0,7,,0.0,2.0,1.0,B01,138Â 304Â 486,1.0
959594,201900001125,2,12,21:00,5,2,2,1.0,3.0,98818,J. IEKAWE/A. OHLEN,M," -22,2483500","166,4637700",988,2019,50.0,1.0,1.0,4.0,2144646,2.0,2,1,1,0.0,,-1.0,0,2000.0,A01,138Â 304Â 485,1.0,0.0,-1.0,1637698,3.0,10,,0.0,2.0,2.0,A01,138Â 304Â 485,1.0
959594,201900001125,2,12,21:00,5,2,2,1.0,3.0,98818,J. IEKAWE/A. OHLEN,M," -22,2483500","166,4637700",988,2019,50.0,1.0,1.0,4.0,2144646,2.0,2,1,1,0.0,,-1.0,0,2000.0,A01,138Â 304Â 485,1.0,0.0,-1.0,1637699,3.0,7,,0.0,2.0,1.0,B01,138Â 304Â 486,1.0
959594,201900001125,2,12,21:00,5,2,2,1.0,3.0,98818,J. IEKAWE/A. OHLEN,M," -22,2483500","166,4637700",988,2019,50.0,1.0,1.0,4.0,2144647,1.0,1,1,1,0.0,,-1.0,0,1987.0,B01,138Â 304Â 486,1.0,1.0,-1.0,1637698,3.0,10,,0.0,2.0,2.0,A01,138Â 304Â 485,1.0
959594,201900001125,2,12,21:00,5,2,2,1.0,3.0,98818,J. IEKAWE/A. OHLEN,M," -22,2483500","166,4637700",988,2019,50.0,1.0,1.0,4.0,2144647,1.0,1,1,1,0.0,,-1.0,0,1987.0,B01,138Â 304Â 486,1.0,1.0,-1.0,1637699,3.0,7,,0.0,2.0,1.0,B01,138Â 304Â 486,1.0
959594,201900001125,2,12,21:00,5,2,2,1.0,3.0,98818,J. IEKAWE/A. OHLEN,M," -22,2483500","166,4637700",988,2019,50.0,1.0,1.0,4.0,2144648,2.0,2,4,2,0.0,,-1.0,0,1993.0,B01,138Â 304Â 486,1.0,1.0,-1.0,1637698,3.0,10,,0.0,2.0,2.0,A01,138Â 304Â 485,1.0
959594,201900001125,2,12,21:00,5,2,2,1.0,3.0,98818,J. IEKAWE/A. OHLEN,M," -22,2483500","166,4637700",988,2019,50.0,1.0,1.0,4.0,2144648,2.0,2,4,2,0.0,,-1.0,0,1993.0,B01,138Â 304Â 486,1.0,1.0,-1.0,1637699,3.0,7,,0.0,2.0,1.0,B01,138Â 304Â 486,1.0
959595,201900001126,2,12,23:20,5,2,6,1.0,7.0,97611,passamanty-VahibÃ© ( route ),M," -12,8007700","45,2056000",976,2019,40.0,1.0,1.0,3.0,2144649,1.0,1,4,1,9.0,,-1.0,0,1995.0,A01,138Â 304Â 484,2.0,8.0,-1.0,1637700,1.0,32,,5.0,6.0,3.0,A01,138Â 304Â 484,6.0
959596,201900001127,2,12,07:10,1,2,9,2.0,2.0,97611,tsoundzou-KOUALE ( rue de ),M," -12,8125500","45,2024700",976,2019,50.0,1.0,9.0,2.0,2144650,1.0,1,1,2,9.0,,-1.0,0,1989.0,B01,138Â 304Â 482,1.0,8.0,-1.0,1637701,2.0,7,,0.0,2.0,3.0,B01,138Â 304Â 482,1.0
959596,201900001127,2,12,07:10,1,2,9,2.0,2.0,97611,tsoundzou-KOUALE ( rue de ),M," -12,8125500","45,2024700",976,2019,50.0,1.0,9.0,2.0,2144650,1.0,1,1,2,9.0,,-1.0,0,1989.0,B01,138Â 304Â 482,1.0,8.0,-1.0,1637702,2.0,30,,5.0,2.0,3.0,A01,138Â 304Â 483,1.0
959596,201900001127,2,12,07:10,1,2,9,2.0,2.0,97611,tsoundzou-KOUALE ( rue de ),M," -12,8125500","45,2024700",976,2019,50.0,1.0,9.0,2.0,2144651,1.0,1,4,1,9.0,,-1.0,0,2002.0,A01,138Â 304Â 483,2.0,8.0,-1.0,1637701,2.0,7,,0.0,2.0,3.0,B01,138Â 304Â 482,1.0
959596,201900001127,2,12,07:10,1,2,9,2.0,2.0,97611,tsoundzou-KOUALE ( rue de ),M," -12,8125500","45,2024700",976,2019,50.0,1.0,9.0,2.0,2144651,1.0,1,4,1,9.0,,-1.0,0,2002.0,A01,138Â 304Â 483,2.0,8.0,-1.0,1637702,2.0,30,,5.0,2.0,3.0,A01,138Â 304Â 483,1.0
959596,201900001127,2,12,07:10,1,2,9,2.0,2.0,97611,tsoundzou-KOUALE ( rue de ),M," -12,8125500","45,2024700",976,2019,50.0,1.0,9.0,2.0,2144652,2.0,2,4,1,0.0,,-1.0,0,2001.0,A01,138Â 304Â 483,2.0,8.0,-1.0,1637701,2.0,7,,0.0,2.0,3.0,B01,138Â 304Â 482,1.0
959596,201900001127,2,12,07:10,1,2,9,2.0,2.0,97611,tsoundzou-KOUALE ( rue de ),M," -12,8125500","45,2024700",976,2019,50.0,1.0,9.0,2.0,2144652,2.0,2,4,1,0.0,,-1.0,0,2001.0,A01,138Â 304Â 483,2.0,8.0,-1.0,1637702,2.0,30,,5.0,2.0,3.0,A01,138Â 304Â 483,1.0
959597,201900001128,2,13,18:10,1,2,1,1.0,1.0,97416,BOISSY(CHEMIN),M," -21,3437800","55,5053900",974,2019,50.0,1.0,1.0,4.0,2144653,1.0,1,1,1,1.0,,-1.0, -1,1982.0,B01,138Â 304Â 480,1.0,0.0,-1.0,1637703,2.0,7,,0.0,2.0,2.0,B01,138Â 304Â 480,1.0
959597,201900001128,2,13,18:10,1,2,1,1.0,1.0,97416,BOISSY(CHEMIN),M," -21,3437800","55,5053900",974,2019,50.0,1.0,1.0,4.0,2144653,1.0,1,1,1,1.0,,-1.0, -1,1982.0,B01,138Â 304Â 480,1.0,0.0,-1.0,1637704,1.0,31,,0.0,2.0,1.0,A01,138Â 304Â 481,1.0
959597,201900001128,2,13,18:10,1,2,1,1.0,1.0,97416,BOISSY(CHEMIN),M," -21,3437800","55,5053900",974,2019,50.0,1.0,1.0,4.0,2144654,1.0,1,4,1,1.0,,-1.0, -1,1970.0,A01,138Â 304Â 481,2.0,6.0,-1.0,1637703,2.0,7,,0.0,2.0,2.0,B01,138Â 304Â 480,1.0
959597,201900001128,2,13,18:10,1,2,1,1.0,1.0,97416,BOISSY(CHEMIN),M," -21,3437800","55,5053900",974,2019,50.0,1.0,1.0,4.0,2144654,1.0,1,4,1,1.0,,-1.0, -1,1970.0,A01,138Â 304Â 481,2.0,6.0,-1.0,1637704,1.0,31,,0.0,2.0,1.0,A01,138Â 304Â 481,1.0
959598,201900001129,2,13,13:30,1,2,1,1.0,6.0,97416,Avenue Laurent VergÃ¨s,M," -21,2981000","55,4578600",974,2019,50.0,1.0,1.0,4.0,2144655,10.0,3,4,2,0.0,,3.0,3,1990.0,A01,138Â 304Â 479,8.0,0.0,-1.0,1637705,1.0,7,,0.0,1.0,1.0,A01,138Â 304Â 479,1.0
959598,201900001129,2,13,13:30,1,2,1,1.0,6.0,97416,Avenue Laurent VergÃ¨s,M," -21,2981000","55,4578600",974,2019,50.0,1.0,1.0,4.0,2144656,1.0,1,1,2,0.0,,0.0,0,1990.0,A01,138Â 304Â 479,1.0,0.0,-1.0,1637705,1.0,7,,0.0,1.0,1.0,A01,138Â 304Â 479,1.0
959599,201900001130,2,12,08:05,1,2,1,1.0,2.0,97416,RN3 (2),M," -21,3103000","55,4970900",974,2019,90.0,1.0,1.0,2.0,2144657,1.0,1,3,1,2.0,,-1.0, -1,1997.0,A01,138Â 304Â 477,2.0,6.0,-1.0,1637706,3.0,31,,0.0,2.0,2.0,A01,138Â 304Â 477,1.0
959599,201900001130,2,12,08:05,1,2,1,1.0,2.0,97416,RN3 (2),M," -21,3103000","55,4970900",974,2019,90.0,1.0,1.0,2.0,2144657,1.0,1,3,1,2.0,,-1.0, -1,1997.0,A01,138Â 304Â 477,2.0,6.0,-1.0,1637707,3.0,7,,0.0,2.0,6.0,B01,138Â 304Â 478,1.0
959599,201900001130,2,12,08:05,1,2,1,1.0,2.0,97416,RN3 (2),M," -21,3103000","55,4970900",974,2019,90.0,1.0,1.0,2.0,2144658,1.0,1,1,1,1.0,,-1.0, -1,1987.0,B01,138Â 304Â 478,1.0,0.0,-1.0,1637706,3.0,31,,0.0,2.0,2.0,A01,138Â 304Â 477,1.0
959599,201900001130,2,12,08:05,1,2,1,1.0,2.0,97416,RN3 (2),M," -21,3103000","55,4970900",974,2019,90.0,1.0,1.0,2.0,2144658,1.0,1,1,1,1.0,,-1.0, -1,1987.0,B01,138Â 304Â 478,1.0,0.0,-1.0,1637707,3.0,7,,0.0,2.0,6.0,B01,138Â 304Â 478,1.0
959600,201900001131,2,13,14:00,1,2,9,1.0,2.0,97409,DE LA GARE(RUE),M," -20,9625800","55,6580400",974,2019,50.0,1.0,1.0,4.0,2144659,1.0,1,1,1,4.0,,-1.0, -1,1962.0,B01,138Â 304Â 475,1.0,8.0,-1.0,1637708,3.0,10,,0.0,2.0,4.0,B01,138Â 304Â 475,1.0
959600,201900001131,2,13,14:00,1,2,9,1.0,2.0,97409,DE LA GARE(RUE),M," -20,9625800","55,6580400",974,2019,50.0,1.0,1.0,4.0,2144659,1.0,1,1,1,4.0,,-1.0, -1,1962.0,B01,138Â 304Â 475,1.0,8.0,-1.0,1637709,3.0,1,,0.0,2.0,1.0,A01,138Â 304Â 476,6.0
959600,201900001131,2,13,14:00,1,2,9,1.0,2.0,97409,DE LA GARE(RUE),M," -20,9625800","55,6580400",974,2019,50.0,1.0,1.0,4.0,2144660,1.0,1,4,1,0.0,,-1.0, -1,2001.0,A01,138Â 304Â 476,8.0,0.0,-1.0,1637708,3.0,10,,0.0,2.0,4.0,B01,138Â 304Â 475,1.0
959600,201900001131,2,13,14:00,1,2,9,1.0,2.0,97409,DE LA GARE(RUE),M," -20,9625800","55,6580400",974,2019,50.0,1.0,1.0,4.0,2144660,1.0,1,4,1,0.0,,-1.0, -1,2001.0,A01,138Â 304Â 476,8.0,0.0,-1.0,1637709,3.0,1,,0.0,2.0,1.0,A01,138Â 304Â 476,6.0
959601,201900001132,2,12,20:00,1,1,1,1.0,6.0,97409,Chemin StÃ©phane,M," -21,2759000","55,4880000",974,2019,50.0,1.0,2.0,4.0,2144661,10.0,3,4,2,5.0,,2.0,3,2011.0,A01,138Â 304Â 474,8.0,0.0,-1.0,1637710,2.0,7,,0.0,1.0,1.0,A01,138Â 304Â 474,1.0
959601,201900001132,2,12,20:00,1,1,1,1.0,6.0,97409,Chemin StÃ©phane,M," -21,2759000","55,4880000",974,2019,50.0,1.0,2.0,4.0,2144662,1.0,1,1,1,3.0,,0.0,0,1988.0,A01,138Â 304Â 474,1.0,8.0,-1.0,1637710,2.0,7,,0.0,1.0,1.0,A01,138Â 304Â 474,1.0
959602,201900001133,2,9,04:30,3,2,1,1.0,7.0,97409,Chemin AGENOR,M," -20,9490900","55,6855200",974,2019,50.0,1.0,1.0,3.0,2144663,1.0,1,4,1,5.0,,0.0,0,1988.0,A01,138Â 304Â 473,2.0,0.0,-1.0,1637711,3.0,32,,0.0,0.0,0.0,A01,138Â 304Â 473,1.0
959603,201900001134,2,13,14:10,1,2,3,1.0,3.0,97302,UNIVERSITE CHICAGO (RUE DE),M,"4,9371043"," -52,2977436",973,2019,50.0,1.0,1.0,3.0,2144664,3.0,2,4,2,9.0,,-1.0,0,1999.0,B01,138Â 304Â 471,1.0,0.0,-1.0,1637712,1.0,7,,0.0,2.0,1.0,B01,138Â 304Â 471,1.0
959603,201900001134,2,13,14:10,1,2,3,1.0,3.0,97302,UNIVERSITE CHICAGO (RUE DE),M,"4,9371043"," -52,2977436",973,2019,50.0,1.0,1.0,3.0,2144664,3.0,2,4,2,9.0,,-1.0,0,1999.0,B01,138Â 304Â 471,1.0,0.0,-1.0,1637713,0.0,7,,0.0,2.0,7.0,A01,138Â 304Â 472,1.0
959603,201900001134,2,13,14:10,1,2,3,1.0,3.0,97302,UNIVERSITE CHICAGO (RUE DE),M,"4,9371043"," -52,2977436",973,2019,50.0,1.0,1.0,3.0,2144665,1.0,1,4,1,9.0,,-1.0, -1,1998.0,B01,138Â 304Â 471,1.0,0.0,-1.0,1637712,1.0,7,,0.0,2.0,1.0,B01,138Â 304Â 471,1.0
959603,201900001134,2,13,14:10,1,2,3,1.0,3.0,97302,UNIVERSITE CHICAGO (RUE DE),M,"4,9371043"," -52,2977436",973,2019,50.0,1.0,1.0,3.0,2144665,1.0,1,4,1,9.0,,-1.0, -1,1998.0,B01,138Â 304Â 471,1.0,0.0,-1.0,1637713,0.0,7,,0.0,2.0,7.0,A01,138Â 304Â 472,1.0
959603,201900001134,2,13,14:10,1,2,3,1.0,3.0,97302,UNIVERSITE CHICAGO (RUE DE),M,"4,9371043"," -52,2977436",973,2019,50.0,1.0,1.0,3.0,2144666,2.0,2,4,2,9.0,,-1.0,0,1998.0,B01,138Â 304Â 471,1.0,0.0,-1.0,1637712,1.0,7,,0.0,2.0,1.0,B01,138Â 304Â 471,1.0
959603,201900001134,2,13,14:10,1,2,3,1.0,3.0,97302,UNIVERSITE CHICAGO (RUE DE),M,"4,9371043"," -52,2977436",973,2019,50.0,1.0,1.0,3.0,2144666,2.0,2,4,2,9.0,,-1.0,0,1998.0,B01,138Â 304Â 471,1.0,0.0,-1.0,1637713,0.0,7,,0.0,2.0,7.0,A01,138Â 304Â 472,1.0
959603,201900001134,2,13,14:10,1,2,3,1.0,3.0,97302,UNIVERSITE CHICAGO (RUE DE),M,"4,9371043"," -52,2977436",973,2019,50.0,1.0,1.0,3.0,2144667,1.0,1,1,2,0.0,,-1.0, -1,1954.0,A01,138Â 304Â 472,1.0,0.0,-1.0,1637712,1.0,7,,0.0,2.0,1.0,B01,138Â 304Â 471,1.0
959603,201900001134,2,13,14:10,1,2,3,1.0,3.0,97302,UNIVERSITE CHICAGO (RUE DE),M,"4,9371043"," -52,2977436",973,2019,50.0,1.0,1.0,3.0,2144667,1.0,1,1,2,0.0,,-1.0, -1,1954.0,A01,138Â 304Â 472,1.0,0.0,-1.0,1637713,0.0,7,,0.0,2.0,7.0,A01,138Â 304Â 472,1.0
959604,201900001135,2,12,17:05,1,2,1,1.0,3.0,97302,MONTABO (ROUTE DE) 1,M,"4,9394559"," -52,3010373",973,2019,50.0,1.0,1.0,3.0,2144668,1.0,1,1,1,0.0,,-1.0, -1,1995.0,A01,138Â 304Â 467,1.0,0.0,-1.0,1637714,1.0,7,,0.0,6.0,2.0,A01,138Â 304Â 467,0.0
959604,201900001135,2,12,17:05,1,2,1,1.0,3.0,97302,MONTABO (ROUTE DE) 1,M,"4,9394559"," -52,3010373",973,2019,50.0,1.0,1.0,3.0,2144668,1.0,1,1,1,0.0,,-1.0, -1,1995.0,A01,138Â 304Â 467,1.0,0.0,-1.0,1637715,1.0,2,,0.0,2.0,8.0,B01,138Â 304Â 468,0.0
959604,201900001135,2,12,17:05,1,2,1,1.0,3.0,97302,MONTABO (ROUTE DE) 1,M,"4,9394559"," -52,3010373",973,2019,50.0,1.0,1.0,3.0,2144669,1.0,1,4,1,0.0,,-1.0, -1,2001.0,B01,138Â 304Â 468,2.0,0.0,-1.0,1637714,1.0,7,,0.0,6.0,2.0,A01,138Â 304Â 467,0.0
959604,201900001135,2,12,17:05,1,2,1,1.0,3.0,97302,MONTABO (ROUTE DE) 1,M,"4,9394559"," -52,3010373",973,2019,50.0,1.0,1.0,3.0,2144669,1.0,1,4,1,0.0,,-1.0, -1,2001.0,B01,138Â 304Â 468,2.0,0.0,-1.0,1637715,1.0,2,,0.0,2.0,8.0,B01,138Â 304Â 468,0.0
959604,201900001135,2,12,17:05,1,2,1,1.0,3.0,97302,MONTABO (ROUTE DE) 1,M,"4,9394559"," -52,3010373",973,2019,50.0,1.0,1.0,3.0,2144670,2.0,2,4,1,0.0,,-1.0, -1,2002.0,B01,138Â 304Â 468,2.0,-1.0,-1.0,1637714,1.0,7,,0.0,6.0,2.0,A01,138Â 304Â 467,0.0
959604,201900001135,2,12,17:05,1,2,1,1.0,3.0,97302,MONTABO (ROUTE DE) 1,M,"4,9394559"," -52,3010373",973,2019,50.0,1.0,1.0,3.0,2144670,2.0,2,4,1,0.0,,-1.0, -1,2002.0,B01,138Â 304Â 468,2.0,-1.0,-1.0,1637715,1.0,2,,0.0,2.0,8.0,B01,138Â 304Â 468,0.0
959605,201900001136,2,12,15:32,1,2,9,1.0,3.0,97302,MANDELA  (BOULEVARD),M,"4,9380877"," -52,3261643",973,2019,50.0,1.0,1.0,3.0,2144671,2.0,2,1,2,5.0,,-1.0,0,1997.0,A01,138Â 304Â 465,1.0,8.0,-1.0,1637716,2.0,7,,0.0,2.0,1.0,A01,138Â 304Â 465,1.0
959605,201900001136,2,12,15:32,1,2,9,1.0,3.0,97302,MANDELA  (BOULEVARD),M,"4,9380877"," -52,3261643",973,2019,50.0,1.0,1.0,3.0,2144671,2.0,2,1,2,5.0,,-1.0,0,1997.0,A01,138Â 304Â 465,1.0,8.0,-1.0,1637717,1.0,34,,0.0,2.0,1.0,B01,138Â 304Â 466,1.0
959605,201900001136,2,12,15:32,1,2,9,1.0,3.0,97302,MANDELA  (BOULEVARD),M,"4,9380877"," -52,3261643",973,2019,50.0,1.0,1.0,3.0,2144672,1.0,1,1,2,5.0,,-1.0,0,1998.0,A01,138Â 304Â 465,1.0,8.0,-1.0,1637716,2.0,7,,0.0,2.0,1.0,A01,138Â 304Â 465,1.0
959605,201900001136,2,12,15:32,1,2,9,1.0,3.0,97302,MANDELA  (BOULEVARD),M,"4,9380877"," -52,3261643",973,2019,50.0,1.0,1.0,3.0,2144672,1.0,1,1,2,5.0,,-1.0,0,1998.0,A01,138Â 304Â 465,1.0,8.0,-1.0,1637717,1.0,34,,0.0,2.0,1.0,B01,138Â 304Â 466,1.0
959605,201900001136,2,12,15:32,1,2,9,1.0,3.0,97302,MANDELA  (BOULEVARD),M,"4,9380877"," -52,3261643",973,2019,50.0,1.0,1.0,3.0,2144673,1.0,1,3,1,1.0,,-1.0,0,1996.0,B01,138Â 304Â 466,2.0,8.0,-1.0,1637716,2.0,7,,0.0,2.0,1.0,A01,138Â 304Â 465,1.0
959605,201900001136,2,12,15:32,1,2,9,1.0,3.0,97302,MANDELA  (BOULEVARD),M,"4,9380877"," -52,3261643",973,2019,50.0,1.0,1.0,3.0,2144673,1.0,1,3,1,1.0,,-1.0,0,1996.0,B01,138Â 304Â 466,2.0,8.0,-1.0,1637717,1.0,34,,0.0,2.0,1.0,B01,138Â 304Â 466,1.0