Unnamed: 0_x,num_acc,mois,jour,hrmn,lum,agg,int,atm,col,com,adr,gps,lat,long,dep,annee,vma,situ,surf,catr,Unnamed: 0_y,place,catu,grav,sexe,trajet,secu,locp,actp,an_nais,num_veh_x,id_vehicule_x,secu1,secu2,secu3,Unnamed: 0,senc,catv,occutc,obs,obsm,choc,num_veh_y,id_vehicule_y,motor
959606,201900001137,2,13,21:34,5,2,2,1.0,3.0,69386,BROTTEAUX (DES)                     (BD),M,"45,7679200","4,8569200",69,2019,50.0,1.0,1.0,7.0,2144674,2.0,2,3,1,9.0,,0.0,0,1999.0,B01,138Â 304Â 463,1.0,0.0,-1.0,1637718,1.0,7,,0.0,2.0,1.0,B01,138Â 304Â 463,1.0
959606,201900001137,2,13,21:34,5,2,2,1.0,3.0,69386,BROTTEAUX (DES)                     (BD),M,"45,7679200","4,8569200",69,2019,50.0,1.0,1.0,7.0,2144674,2.0,2,3,1,9.0,,0.0,0,1999.0,B01,138Â 304Â 463,1.0,0.0,-1.0,1637719,1.0,7,,0.0,2.0,1.0,A01,138Â 304Â 464,1.0
959606,201900001137,2,13,21:34,5,2,2,1.0,3.0,69386,BROTTEAUX (DES)                     (BD),M,"45,7679200","4,8569200",69,2019,50.0,1.0,1.0,7.0,2144675,1.0,1,3,1,9.0,,0.0,0,1999.0,B01,138Â 304Â 463,1.0,0.0,-1.0,1637718,1.0,7,,0.0,2.0,1.0,B01,138Â 304Â 463,1.0
959606,201900001137,2,13,21:34,5,2,2,1.0,3.0,69386,BROTTEAUX (DES)                     (BD),M,"45,7679200","4,8569200",69,2019,50.0,1.0,1.0,7.0,2144675,1.0,1,3,1,9.0,,0.0,0,1999.0,B01,138Â 304Â 463,1.0,0.0,-1.0,1637719,1.0,7,,0.0,2.0,1.0,A01,138Â 304Â 464,1.0
959606,201900001137,2,13,21:34,5,2,2,1.0,3.0,69386,BROTTEAUX (DES)                     (BD),M,"45,7679200","4,8569200",69,2019,50.0,1.0,1.0,7.0,2144676,2.0,2,1,1,9.0,,0.0,0,1992.0,A01,138Â 304Â 464,1.0,0.0,-1.0,1637718,1.0,7,,0.0,2.0,1.0,B01,138Â 304Â 463,1.0
959606,201900001137,2,13,21:34,5,2,2,1.0,3.0,69386,BROTTEAUX (DES)                     (BD),M,"45,7679200","4,8569200",69,2019,50.0,1.0,1.0,7.0,2144676,2.0,2,1,1,9.0,,0.0,0,1992.0,A01,138Â 304Â 464,1.0,0.0,-1.0,1637719,1.0,7,,0.0,2.0,1.0,A01,138Â 304Â 464,1.0
959606,201900001137,2,13,21:34,5,2,2,1.0,3.0,69386,BROTTEAUX (DES)                     (BD),M,"45,7679200","4,8569200",69,2019,50.0,1.0,1.0,7.0,2144677,1.0,1,1,1,9.0,,0.0,0,1990.0,A01,138Â 304Â 464,1.0,8.0,-1.0,1637718,1.0,7,,0.0,2.0,1.0,B01,138Â 304Â 463,1.0
959606,201900001137,2,13,21:34,5,2,2,1.0,3.0,69386,BROTTEAUX (DES)                     (BD),M,"45,7679200","4,8569200",69,2019,50.0,1.0,1.0,7.0,2144677,1.0,1,1,1,9.0,,0.0,0,1990.0,A01,138Â 304Â 464,1.0,8.0,-1.0,1637719,1.0,7,,0.0,2.0,1.0,A01,138Â 304Â 464,1.0
959607,201900001138,2,12,18:05,2,2,2,1.0,6.0,69388,PAUL SANTY                          (AV),M,"45,7362600","4,8695600",69,2019,50.0,1.0,1.0,4.0,2144678,1.0,1,4,1,0.0,,0.0,0,1983.0,B01,138Â 304Â 461,8.0,0.0,-1.0,1637720,2.0,32,,0.0,2.0,1.0,B01,138Â 304Â 461,1.0
959607,201900001138,2,12,18:05,2,2,2,1.0,6.0,69388,PAUL SANTY                          (AV),M,"45,7362600","4,8695600",69,2019,50.0,1.0,1.0,4.0,2144678,1.0,1,4,1,0.0,,0.0,0,1983.0,B01,138Â 304Â 461,8.0,0.0,-1.0,1637721,1.0,7,,0.0,2.0,8.0,A01,138Â 304Â 462,1.0
959607,201900001138,2,12,18:05,2,2,2,1.0,6.0,69388,PAUL SANTY                          (AV),M,"45,7362600","4,8695600",69,2019,50.0,1.0,1.0,4.0,2144679,2.0,2,4,1,0.0,,0.0,0,1983.0,A01,138Â 304Â 462,8.0,0.0,-1.0,1637720,2.0,32,,0.0,2.0,1.0,B01,138Â 304Â 461,1.0
959607,201900001138,2,12,18:05,2,2,2,1.0,6.0,69388,PAUL SANTY                          (AV),M,"45,7362600","4,8695600",69,2019,50.0,1.0,1.0,4.0,2144679,2.0,2,4,1,0.0,,0.0,0,1983.0,A01,138Â 304Â 462,8.0,0.0,-1.0,1637721,1.0,7,,0.0,2.0,8.0,A01,138Â 304Â 462,1.0
959607,201900001138,2,12,18:05,2,2,2,1.0,6.0,69388,PAUL SANTY                          (AV),M,"45,7362600","4,8695600",69,2019,50.0,1.0,1.0,4.0,2144680,1.0,1,1,1,0.0,,0.0,0,1964.0,A01,138Â 304Â 462,8.0,0.0,-1.0,1637720,2.0,32,,0.0,2.0,1.0,B01,138Â 304Â 461,1.0
959607,201900001138,2,12,18:05,2,2,2,1.0,6.0,69388,PAUL SANTY                          (AV),M,"45,7362600","4,8695600",69,2019,50.0,1.0,1.0,4.0,2144680,1.0,1,1,1,0.0,,0.0,0,1964.0,A01,138Â 304Â 462,8.0,0.0,-1.0,1637721,1.0,7,,0.0,2.0,8.0,A01,138Â 304Â 462,1.0
959608,201900001139,2,13,23:10,5,2,1,1.0,6.0,97209,FOLIE (ROUTE DE LA),M,"14,6086700"," -61,0639300",972,2019,50.0,1.0,1.0,2.0,2144681,1.0,1,1,1,5.0,,-1.0,0,1970.0,B01,138Â 304Â 459,1.0,0.0,-1.0,1637722,1.0,7,,0.0,2.0,5.0,B01,138Â 304Â 459,1.0
959608,201900001139,2,13,23:10,5,2,1,1.0,6.0,97209,FOLIE (ROUTE DE LA),M,"14,6086700"," -61,0639300",972,2019,50.0,1.0,1.0,2.0,2144681,1.0,1,1,1,5.0,,-1.0,0,1970.0,B01,138Â 304Â 459,1.0,0.0,-1.0,1637723,1.0,7,,0.0,1.0,2.0,A01,138Â 304Â 460,1.0
959608,201900001139,2,13,23:10,5,2,1,1.0,6.0,97209,FOLIE (ROUTE DE LA),M,"14,6086700"," -61,0639300",972,2019,50.0,1.0,1.0,2.0,2144682,1.0,1,1,1,5.0,,-1.0,0,1977.0,A01,138Â 304Â 460,1.0,0.0,-1.0,1637722,1.0,7,,0.0,2.0,5.0,B01,138Â 304Â 459,1.0
959608,201900001139,2,13,23:10,5,2,1,1.0,6.0,97209,FOLIE (ROUTE DE LA),M,"14,6086700"," -61,0639300",972,2019,50.0,1.0,1.0,2.0,2144682,1.0,1,1,1,5.0,,-1.0,0,1977.0,A01,138Â 304Â 460,1.0,0.0,-1.0,1637723,1.0,7,,0.0,1.0,2.0,A01,138Â 304Â 460,1.0
959608,201900001139,2,13,23:10,5,2,1,1.0,6.0,97209,FOLIE (ROUTE DE LA),M,"14,6086700"," -61,0639300",972,2019,50.0,1.0,1.0,2.0,2144683,10.0,3,4,1,5.0,,1.0,3,1985.0,A01,138Â 304Â 460,8.0,0.0,-1.0,1637722,1.0,7,,0.0,2.0,5.0,B01,138Â 304Â 459,1.0
959608,201900001139,2,13,23:10,5,2,1,1.0,6.0,97209,FOLIE (ROUTE DE LA),M,"14,6086700"," -61,0639300",972,2019,50.0,1.0,1.0,2.0,2144683,10.0,3,4,1,5.0,,1.0,3,1985.0,A01,138Â 304Â 460,8.0,0.0,-1.0,1637723,1.0,7,,0.0,1.0,2.0,A01,138Â 304Â 460,1.0
959609,201900001140,2,13,14:15,1,2,1,1.0,3.0,69286,ROUTE DE GENEVE                     (RO),M,"45,8065000","4,8885400",69,2019,50.0,1.0,1.0,4.0,2144684,1.0,1,4,1,5.0,,0.0,0,1944.0,A01,138Â 304Â 457,1.0,5.0,-1.0,1637724,2.0,7,,1.0,0.0,2.0,A01,138Â 304Â 457,1.0
959609,201900001140,2,13,14:15,1,2,1,1.0,3.0,69286,ROUTE DE GENEVE                     (RO),M,"45,8065000","4,8885400",69,2019,50.0,1.0,1.0,4.0,2144684,1.0,1,4,1,5.0,,0.0,0,1944.0,A01,138Â 304Â 457,1.0,5.0,-1.0,1637725,3.0,7,,1.0,0.0,6.0,B01,138Â 304Â 458,1.0
959610,201900001141,2,12,17:00,1,2,1,1.0,3.0,69149,JEAN JAURES                         (AV),M,"45,7138900","4,8194600",69,2019,50.0,1.0,1.0,3.0,2144685,2.0,2,4,1,0.0,,0.0,0,2010.0,B01,138Â 304Â 455,2.0,8.0,-1.0,1637726,3.0,2,,0.0,2.0,1.0,B01,138Â 304Â 455,1.0
959610,201900001141,2,12,17:00,1,2,1,1.0,3.0,69149,JEAN JAURES                         (AV),M,"45,7138900","4,8194600",69,2019,50.0,1.0,1.0,3.0,2144685,2.0,2,4,1,0.0,,0.0,0,2010.0,B01,138Â 304Â 455,2.0,8.0,-1.0,1637727,3.0,7,,0.0,2.0,6.0,A01,138Â 304Â 456,1.0
959610,201900001141,2,12,17:00,1,2,1,1.0,3.0,69149,JEAN JAURES                         (AV),M,"45,7138900","4,8194600",69,2019,50.0,1.0,1.0,3.0,2144686,1.0,1,1,1,0.0,,0.0,0,1983.0,B01,138Â 304Â 455,2.0,8.0,-1.0,1637726,3.0,2,,0.0,2.0,1.0,B01,138Â 304Â 455,1.0
959610,201900001141,2,12,17:00,1,2,1,1.0,3.0,69149,JEAN JAURES                         (AV),M,"45,7138900","4,8194600",69,2019,50.0,1.0,1.0,3.0,2144686,1.0,1,1,1,0.0,,0.0,0,1983.0,B01,138Â 304Â 455,2.0,8.0,-1.0,1637727,3.0,7,,0.0,2.0,6.0,A01,138Â 304Â 456,1.0
959610,201900001141,2,12,17:00,1,2,1,1.0,3.0,69149,JEAN JAURES                         (AV),M,"45,7138900","4,8194600",69,2019,50.0,1.0,1.0,3.0,2144687,1.0,1,1,1,0.0,,0.0,0,1963.0,A01,138Â 304Â 456,8.0,8.0,-1.0,1637726,3.0,2,,0.0,2.0,1.0,B01,138Â 304Â 455,1.0
959610,201900001141,2,12,17:00,1,2,1,1.0,3.0,69149,JEAN JAURES                         (AV),M,"45,7138900","4,8194600",69,2019,50.0,1.0,1.0,3.0,2144687,1.0,1,1,1,0.0,,0.0,0,1963.0,A01,138Â 304Â 456,8.0,8.0,-1.0,1637727,3.0,7,,0.0,2.0,6.0,A01,138Â 304Â 456,1.0
959611,201900001142,2,12,08:45,1,2,1,1.0,3.0,69389,BOURBONNAIS (DU)                    (R ),M,"45,7742200","4,8029000",69,2019,50.0,1.0,1.0,4.0,2144688,1.0,1,4,1,1.0,,0.0,0,1969.0,B01,138Â 304Â 453,2.0,8.0,-1.0,1637728,2.0,1,,0.0,2.0,1.0,B01,138Â 304Â 453,0.0
959611,201900001142,2,12,08:45,1,2,1,1.0,3.0,69389,BOURBONNAIS (DU)                    (R ),M,"45,7742200","4,8029000",69,2019,50.0,1.0,1.0,4.0,2144688,1.0,1,4,1,1.0,,0.0,0,1969.0,B01,138Â 304Â 453,2.0,8.0,-1.0,1637729,1.0,7,,0.0,1.0,1.0,A01,138Â 304Â 454,1.0
959611,201900001142,2,12,08:45,1,2,1,1.0,3.0,69389,BOURBONNAIS (DU)                    (R ),M,"45,7742200","4,8029000",69,2019,50.0,1.0,1.0,4.0,2144689,1.0,1,1,1,1.0,,0.0,0,1986.0,A01,138Â 304Â 454,1.0,0.0,-1.0,1637728,2.0,1,,0.0,2.0,1.0,B01,138Â 304Â 453,0.0
959611,201900001142,2,12,08:45,1,2,1,1.0,3.0,69389,BOURBONNAIS (DU)                    (R ),M,"45,7742200","4,8029000",69,2019,50.0,1.0,1.0,4.0,2144689,1.0,1,1,1,1.0,,0.0,0,1986.0,A01,138Â 304Â 454,1.0,0.0,-1.0,1637729,1.0,7,,0.0,1.0,1.0,A01,138Â 304Â 454,1.0
959612,201900001143,2,13,18:32,5,2,1,1.0,4.0,2B120,11 - RT,M,"42,6604900","9,4421000",2B,2019,80.0,1.0,1.0,2.0,2144690,1.0,1,4,1,5.0,,-1.0, -1,1953.0,B01,138Â 304Â 450,1.0,8.0,-1.0,1637730,3.0,7,,0.0,2.0,4.0,B01,138Â 304Â 450,1.0
959612,201900001143,2,13,18:32,5,2,1,1.0,4.0,2B120,11 - RT,M,"42,6604900","9,4421000",2B,2019,80.0,1.0,1.0,2.0,2144690,1.0,1,4,1,5.0,,-1.0, -1,1953.0,B01,138Â 304Â 450,1.0,8.0,-1.0,1637731,3.0,7,,0.0,2.0,4.0,C01,138Â 304Â 451,1.0
959612,201900001143,2,13,18:32,5,2,1,1.0,4.0,2B120,11 - RT,M,"42,6604900","9,4421000",2B,2019,80.0,1.0,1.0,2.0,2144690,1.0,1,4,1,5.0,,-1.0, -1,1953.0,B01,138Â 304Â 450,1.0,8.0,-1.0,1637732,3.0,7,,0.0,2.0,1.0,A01,138Â 304Â 452,1.0
959612,201900001143,2,13,18:32,5,2,1,1.0,4.0,2B120,11 - RT,M,"42,6604900","9,4421000",2B,2019,80.0,1.0,1.0,2.0,2144691,2.0,2,1,1,5.0,,-1.0, -1,1996.0,C01,138Â 304Â 451,1.0,0.0,-1.0,1637730,3.0,7,,0.0,2.0,4.0,B01,138Â 304Â 450,1.0
959612,201900001143,2,13,18:32,5,2,1,1.0,4.0,2B120,11 - RT,M,"42,6604900","9,4421000",2B,2019,80.0,1.0,1.0,2.0,2144691,2.0,2,1,1,5.0,,-1.0, -1,1996.0,C01,138Â 304Â 451,1.0,0.0,-1.0,1637731,3.0,7,,0.0,2.0,4.0,C01,138Â 304Â 451,1.0
959612,201900001143,2,13,18:32,5,2,1,1.0,4.0,2B120,11 - RT,M,"42,6604900","9,4421000",2B,2019,80.0,1.0,1.0,2.0,2144691,2.0,2,1,1,5.0,,-1.0, -1,1996.0,C01,138Â 304Â 451,1.0,0.0,-1.0,1637732,3.0,7,,0.0,2.0,1.0,A01,138Â 304Â 452,1.0
959612,201900001143,2,13,18:32,5,2,1,1.0,4.0,2B120,11 - RT,M,"42,6604900","9,4421000",2B,2019,80.0,1.0,1.0,2.0,2144692,1.0,1,4,1,5.0,,-1.0, -1,1995.0,C01,138Â 304Â 451,1.0,0.0,-1.0,1637730,3.0,7,,0.0,2.0,4.0,B01,138Â 304Â 450,1.0
959612,201900001143,2,13,18:32,5,2,1,1.0,4.0,2B120,11 - RT,M,"42,6604900","9,4421000",2B,2019,80.0,1.0,1.0,2.0,2144692,1.0,1,4,1,5.0,,-1.0, -1,1995.0,C01,138Â 304Â 451,1.0,0.0,-1.0,1637731,3.0,7,,0.0,2.0,4.0,C01,138Â 304Â 451,1.0
959612,201900001143,2,13,18:32,5,2,1,1.0,4.0,2B120,11 - RT,M,"42,6604900","9,4421000",2B,2019,80.0,1.0,1.0,2.0,2144692,1.0,1,4,1,5.0,,-1.0, -1,1995.0,C01,138Â 304Â 451,1.0,0.0,-1.0,1637732,3.0,7,,0.0,2.0,1.0,A01,138Â 304Â 452,1.0
959612,201900001143,2,13,18:32,5,2,1,1.0,4.0,2B120,11 - RT,M,"42,6604900","9,4421000",2B,2019,80.0,1.0,1.0,2.0,2144693,1.0,1,4,1,5.0,,-1.0, -1,1989.0,A01,138Â 304Â 452,1.0,8.0,-1.0,1637730,3.0,7,,0.0,2.0,4.0,B01,138Â 304Â 450,1.0
959612,201900001143,2,13,18:32,5,2,1,1.0,4.0,2B120,11 - RT,M,"42,6604900","9,4421000",2B,2019,80.0,1.0,1.0,2.0,2144693,1.0,1,4,1,5.0,,-1.0, -1,1989.0,A01,138Â 304Â 452,1.0,8.0,-1.0,1637731,3.0,7,,0.0,2.0,4.0,C01,138Â 304Â 451,1.0
959612,201900001143,2,13,18:32,5,2,1,1.0,4.0,2B120,11 - RT,M,"42,6604900","9,4421000",2B,2019,80.0,1.0,1.0,2.0,2144693,1.0,1,4,1,5.0,,-1.0, -1,1989.0,A01,138Â 304Â 452,1.0,8.0,-1.0,1637732,3.0,7,,0.0,2.0,1.0,A01,138Â 304Â 452,1.0
959613,201900001144,2,12,18:35,5,2,1,1.0,4.0,2B037,TOUTES RUES,M,"42,6337300","9,4381700",2B,2019,80.0,1.0,1.0,2.0,2144694,1.0,1,4,2,1.0,,-1.0,0,1995.0,A01,138Â 304Â 447,1.0,8.0,-1.0,1637733,3.0,7,,0.0,2.0,5.0,A01,138Â 304Â 447,1.0
959613,201900001144,2,12,18:35,5,2,1,1.0,4.0,2B037,TOUTES RUES,M,"42,6337300","9,4381700",2B,2019,80.0,1.0,1.0,2.0,2144694,1.0,1,4,2,1.0,,-1.0,0,1995.0,A01,138Â 304Â 447,1.0,8.0,-1.0,1637734,3.0,7,,0.0,2.0,1.0,C01,138Â 304Â 448,1.0
959613,201900001144,2,12,18:35,5,2,1,1.0,4.0,2B037,TOUTES RUES,M,"42,6337300","9,4381700",2B,2019,80.0,1.0,1.0,2.0,2144694,1.0,1,4,2,1.0,,-1.0,0,1995.0,A01,138Â 304Â 447,1.0,8.0,-1.0,1637735,3.0,7,,0.0,2.0,4.0,B01,138Â 304Â 449,1.0
959613,201900001144,2,12,18:35,5,2,1,1.0,4.0,2B037,TOUTES RUES,M,"42,6337300","9,4381700",2B,2019,80.0,1.0,1.0,2.0,2144695,4.0,2,1,2,0.0,,-1.0,0,2007.0,C01,138Â 304Â 448,1.0,0.0,-1.0,1637733,3.0,7,,0.0,2.0,5.0,A01,138Â 304Â 447,1.0
959613,201900001144,2,12,18:35,5,2,1,1.0,4.0,2B037,TOUTES RUES,M,"42,6337300","9,4381700",2B,2019,80.0,1.0,1.0,2.0,2144695,4.0,2,1,2,0.0,,-1.0,0,2007.0,C01,138Â 304Â 448,1.0,0.0,-1.0,1637734,3.0,7,,0.0,2.0,1.0,C01,138Â 304Â 448,1.0
959613,201900001144,2,12,18:35,5,2,1,1.0,4.0,2B037,TOUTES RUES,M,"42,6337300","9,4381700",2B,2019,80.0,1.0,1.0,2.0,2144695,4.0,2,1,2,0.0,,-1.0,0,2007.0,C01,138Â 304Â 448,1.0,0.0,-1.0,1637735,3.0,7,,0.0,2.0,4.0,B01,138Â 304Â 449,1.0
959613,201900001144,2,12,18:35,5,2,1,1.0,4.0,2B037,TOUTES RUES,M,"42,6337300","9,4381700",2B,2019,80.0,1.0,1.0,2.0,2144696,3.0,2,1,2,0.0,,-1.0,0,1984.0,C01,138Â 304Â 448,1.0,0.0,-1.0,1637733,3.0,7,,0.0,2.0,5.0,A01,138Â 304Â 447,1.0
959613,201900001144,2,12,18:35,5,2,1,1.0,4.0,2B037,TOUTES RUES,M,"42,6337300","9,4381700",2B,2019,80.0,1.0,1.0,2.0,2144696,3.0,2,1,2,0.0,,-1.0,0,1984.0,C01,138Â 304Â 448,1.0,0.0,-1.0,1637734,3.0,7,,0.0,2.0,1.0,C01,138Â 304Â 448,1.0
959613,201900001144,2,12,18:35,5,2,1,1.0,4.0,2B037,TOUTES RUES,M,"42,6337300","9,4381700",2B,2019,80.0,1.0,1.0,2.0,2144696,3.0,2,1,2,0.0,,-1.0,0,1984.0,C01,138Â 304Â 448,1.0,0.0,-1.0,1637735,3.0,7,,0.0,2.0,4.0,B01,138Â 304Â 449,1.0
959613,201900001144,2,12,18:35,5,2,1,1.0,4.0,2B037,TOUTES RUES,M,"42,6337300","9,4381700",2B,2019,80.0,1.0,1.0,2.0,2144697,1.0,1,1,1,5.0,,-1.0,0,1972.0,C01,138Â 304Â 448,1.0,8.0,-1.0,1637733,3.0,7,,0.0,2.0,5.0,A01,138Â 304Â 447,1.0
959613,201900001144,2,12,18:35,5,2,1,1.0,4.0,2B037,TOUTES RUES,M,"42,6337300","9,4381700",2B,2019,80.0,1.0,1.0,2.0,2144697,1.0,1,1,1,5.0,,-1.0,0,1972.0,C01,138Â 304Â 448,1.0,8.0,-1.0,1637734,3.0,7,,0.0,2.0,1.0,C01,138Â 304Â 448,1.0
959613,201900001144,2,12,18:35,5,2,1,1.0,4.0,2B037,TOUTES RUES,M,"42,6337300","9,4381700",2B,2019,80.0,1.0,1.0,2.0,2144697,1.0,1,1,1,5.0,,-1.0,0,1972.0,C01,138Â 304Â 448,1.0,8.0,-1.0,1637735,3.0,7,,0.0,2.0,4.0,B01,138Â 304Â 449,1.0
959613,201900001144,2,12,18:35,5,2,1,1.0,4.0,2B037,TOUTES RUES,M,"42,6337300","9,4381700",2B,2019,80.0,1.0,1.0,2.0,2144698,8.0,2,1,1,0.0,,-1.0,0,2017.0,C01,138Â 304Â 448,1.0,0.0,-1.0,1637733,3.0,7,,0.0,2.0,5.0,A01,138Â 304Â 447,1.0
959613,201900001144,2,12,18:35,5,2,1,1.0,4.0,2B037,TOUTES RUES,M,"42,6337300","9,4381700",2B,2019,80.0,1.0,1.0,2.0,2144698,8.0,2,1,1,0.0,,-1.0,0,2017.0,C01,138Â 304Â 448,1.0,0.0,-1.0,1637734,3.0,7,,0.0,2.0,1.0,C01,138Â 304Â 448,1.0
959613,201900001144,2,12,18:35,5,2,1,1.0,4.0,2B037,TOUTES RUES,M,"42,6337300","9,4381700",2B,2019,80.0,1.0,1.0,2.0,2144698,8.0,2,1,1,0.0,,-1.0,0,2017.0,C01,138Â 304Â 448,1.0,0.0,-1.0,1637735,3.0,7,,0.0,2.0,4.0,B01,138Â 304Â 449,1.0
959613,201900001144,2,12,18:35,5,2,1,1.0,4.0,2B037,TOUTES RUES,M,"42,6337300","9,4381700",2B,2019,80.0,1.0,1.0,2.0,2144699,1.0,1,4,2,5.0,,-1.0,0,1969.0,B01,138Â 304Â 449,1.0,8.0,-1.0,1637733,3.0,7,,0.0,2.0,5.0,A01,138Â 304Â 447,1.0
959613,201900001144,2,12,18:35,5,2,1,1.0,4.0,2B037,TOUTES RUES,M,"42,6337300","9,4381700",2B,2019,80.0,1.0,1.0,2.0,2144699,1.0,1,4,2,5.0,,-1.0,0,1969.0,B01,138Â 304Â 449,1.0,8.0,-1.0,1637734,3.0,7,,0.0,2.0,1.0,C01,138Â 304Â 448,1.0
959613,201900001144,2,12,18:35,5,2,1,1.0,4.0,2B037,TOUTES RUES,M,"42,6337300","9,4381700",2B,2019,80.0,1.0,1.0,2.0,2144699,1.0,1,4,2,5.0,,-1.0,0,1969.0,B01,138Â 304Â 449,1.0,8.0,-1.0,1637735,3.0,7,,0.0,2.0,4.0,B01,138Â 304Â 449,1.0
959614,201900001145,2,8,12:24,1,2,1,1.0,5.0,2A004,NICOLI JEAN COURS,M,"41,9331529","8,7427706",2A,2019,50.0,1.0,1.0,2.0,2144700,1.0,1,4,1,0.0,,-1.0,0,1997.0,C01,138Â 304Â 444,2.0,0.0,-1.0,1637736,2.0,33,,0.0,2.0,0.0,C01,138Â 304Â 444,1.0
959614,201900001145,2,8,12:24,1,2,1,1.0,5.0,2A004,NICOLI JEAN COURS,M,"41,9331529","8,7427706",2A,2019,50.0,1.0,1.0,2.0,2144700,1.0,1,4,1,0.0,,-1.0,0,1997.0,C01,138Â 304Â 444,2.0,0.0,-1.0,1637737,2.0,33,,0.0,2.0,7.0,B01,138Â 304Â 445,1.0
959614,201900001145,2,8,12:24,1,2,1,1.0,5.0,2A004,NICOLI JEAN COURS,M,"41,9331529","8,7427706",2A,2019,50.0,1.0,1.0,2.0,2144700,1.0,1,4,1,0.0,,-1.0,0,1997.0,C01,138Â 304Â 444,2.0,0.0,-1.0,1637738,2.0,7,,0.0,2.0,6.0,A01,138Â 304Â 446,1.0
959614,201900001145,2,8,12:24,1,2,1,1.0,5.0,2A004,NICOLI JEAN COURS,M,"41,9331529","8,7427706",2A,2019,50.0,1.0,1.0,2.0,2144701,1.0,1,4,1,0.0,,-1.0,0,1993.0,B01,138Â 304Â 445,2.0,0.0,-1.0,1637736,2.0,33,,0.0,2.0,0.0,C01,138Â 304Â 444,1.0
959614,201900001145,2,8,12:24,1,2,1,1.0,5.0,2A004,NICOLI JEAN COURS,M,"41,9331529","8,7427706",2A,2019,50.0,1.0,1.0,2.0,2144701,1.0,1,4,1,0.0,,-1.0,0,1993.0,B01,138Â 304Â 445,2.0,0.0,-1.0,1637737,2.0,33,,0.0,2.0,7.0,B01,138Â 304Â 445,1.0
959614,201900001145,2,8,12:24,1,2,1,1.0,5.0,2A004,NICOLI JEAN COURS,M,"41,9331529","8,7427706",2A,2019,50.0,1.0,1.0,2.0,2144701,1.0,1,4,1,0.0,,-1.0,0,1993.0,B01,138Â 304Â 445,2.0,0.0,-1.0,1637738,2.0,7,,0.0,2.0,6.0,A01,138Â 304Â 446,1.0
959614,201900001145,2,8,12:24,1,2,1,1.0,5.0,2A004,NICOLI JEAN COURS,M,"41,9331529","8,7427706",2A,2019,50.0,1.0,1.0,2.0,2144702,1.0,1,1,2,0.0,,-1.0,0,1964.0,A01,138Â 304Â 446,1.0,0.0,-1.0,1637736,2.0,33,,0.0,2.0,0.0,C01,138Â 304Â 444,1.0
959614,201900001145,2,8,12:24,1,2,1,1.0,5.0,2A004,NICOLI JEAN COURS,M,"41,9331529","8,7427706",2A,2019,50.0,1.0,1.0,2.0,2144702,1.0,1,1,2,0.0,,-1.0,0,1964.0,A01,138Â 304Â 446,1.0,0.0,-1.0,1637737,2.0,33,,0.0,2.0,7.0,B01,138Â 304Â 445,1.0
959614,201900001145,2,8,12:24,1,2,1,1.0,5.0,2A004,NICOLI JEAN COURS,M,"41,9331529","8,7427706",2A,2019,50.0,1.0,1.0,2.0,2144702,1.0,1,1,2,0.0,,-1.0,0,1964.0,A01,138Â 304Â 446,1.0,0.0,-1.0,1637738,2.0,7,,0.0,2.0,6.0,A01,138Â 304Â 446,1.0
959615,201900001146,2,12,08:05,1,2,6,1.0,3.0,91589,ALLEMANE (RUE JEAN),M,"48,6903000","2,3393890",91,2019,30.0,1.0,1.0,4.0,2144703,1.0,1,4,1,2.0,,0.0,0,1950.0,B01,138Â 304Â 440,1.0,0.0,-1.0,1637739,3.0,10,,0.0,2.0,7.0,B01,138Â 304Â 440,1.0
959615,201900001146,2,12,08:05,1,2,6,1.0,3.0,91589,ALLEMANE (RUE JEAN),M,"48,6903000","2,3393890",91,2019,30.0,1.0,1.0,4.0,2144703,1.0,1,4,1,2.0,,0.0,0,1950.0,B01,138Â 304Â 440,1.0,0.0,-1.0,1637740,3.0,10,,0.0,2.0,1.0,A01,138Â 304Â 441,1.0
959615,201900001146,2,12,08:05,1,2,6,1.0,3.0,91589,ALLEMANE (RUE JEAN),M,"48,6903000","2,3393890",91,2019,30.0,1.0,1.0,4.0,2144704,1.0,1,1,2,1.0,,0.0,0,1973.0,A01,138Â 304Â 441,1.0,0.0,-1.0,1637739,3.0,10,,0.0,2.0,7.0,B01,138Â 304Â 440,1.0
959615,201900001146,2,12,08:05,1,2,6,1.0,3.0,91589,ALLEMANE (RUE JEAN),M,"48,6903000","2,3393890",91,2019,30.0,1.0,1.0,4.0,2144704,1.0,1,1,2,1.0,,0.0,0,1973.0,A01,138Â 304Â 441,1.0,0.0,-1.0,1637740,3.0,10,,0.0,2.0,1.0,A01,138Â 304Â 441,1.0
959616,201900001147,2,12,13:35,1,2,1,1.0,6.0,91377,DIVISION LECLERC (RUE DE LA),M,"48,7303130","2,2727940",91,2019,50.0,1.0,1.0,4.0,2144705,10.0,3,3,2,0.0,,9.0,3,1975.0,Y01,138Â 304Â 438,0.0,0.0,0.0,1637741,3.0,0,,0.0,2.0,0.0,Y01,138Â 304Â 438,0.0