Unnamed: 0_x,num_acc,mois,jour,hrmn,lum,agg,int,atm,col,com,adr,gps,lat,long,dep,annee,vma,situ,surf,catr,Unnamed: 0_y,place,catu,grav,sexe,trajet,secu,locp,actp,an_nais,num_veh_x,id_vehicule_x,secu1,secu2,secu3,Unnamed: 0,senc,catv,occutc,obs,obsm,choc,num_veh_y,id_vehicule_y,motor
959616,201900001147,2,12,13:35,1,2,1,1.0,6.0,91377,DIVISION LECLERC (RUE DE LA),M,"48,7303130","2,2727940",91,2019,50.0,1.0,1.0,4.0,2144705,10.0,3,3,2,0.0,,9.0,3,1975.0,Y01,138Â 304Â 438,0.0,0.0,0.0,1637742,3.0,30,,0.0,1.0,7.0,A01,138Â 304Â 439,1.0
959616,201900001147,2,12,13:35,1,2,1,1.0,6.0,91377,DIVISION LECLERC (RUE DE LA),M,"48,7303130","2,2727940",91,2019,50.0,1.0,1.0,4.0,2144706,1.0,1,4,1,0.0,,0.0,0,2000.0,A01,138Â 304Â 439,2.0,6.0,-1.0,1637741,3.0,0,,0.0,2.0,0.0,Y01,138Â 304Â 438,0.0
959616,201900001147,2,12,13:35,1,2,1,1.0,6.0,91377,DIVISION LECLERC (RUE DE LA),M,"48,7303130","2,2727940",91,2019,50.0,1.0,1.0,4.0,2144706,1.0,1,4,1,0.0,,0.0,0,2000.0,A01,138Â 304Â 439,2.0,6.0,-1.0,1637742,3.0,30,,0.0,1.0,7.0,A01,138Â 304Â 439,1.0
959617,201900001148,2,13,19:20,3,2,1,1.0,6.0,91687,MARMONT (AVENUE),M,"48,6632500","2,3750500",91,2019,50.0,1.0,1.0,3.0,2144707,1.0,1,1,1,0.0,,-1.0, -1,1998.0,A01,138Â 304Â 437,1.0,0.0,-1.0,1637743,3.0,7,,3.0,0.0,1.0,A01,138Â 304Â 437,1.0
959617,201900001148,2,13,19:20,3,2,1,1.0,6.0,91687,MARMONT (AVENUE),M,"48,6632500","2,3750500",91,2019,50.0,1.0,1.0,3.0,2144708,10.0,3,3,1,0.0,,1.0,3,1970.0,A01,138Â 304Â 437,8.0,0.0,-1.0,1637743,3.0,7,,3.0,0.0,1.0,A01,138Â 304Â 437,1.0
959618,201900001149,2,11,16:45,1,2,1,1.0,6.0,91223,HAUT PAVE (RUE DU),M,"48,4300700","2,1481900",91,2019,50.0,1.0,1.0,4.0,2144709,1.0,1,1,1,0.0,,0.0,0,1983.0,A01,138Â 304Â 434,1.0,0.0,-1.0,1637744,0.0,7,,0.0,1.0,1.0,A01,138Â 304Â 434,1.0
959618,201900001149,2,11,16:45,1,2,1,1.0,6.0,91223,HAUT PAVE (RUE DU),M,"48,4300700","2,1481900",91,2019,50.0,1.0,1.0,4.0,2144710,10.0,3,4,1,0.0,,1.0,3,1949.0,A01,138Â 304Â 434,8.0,0.0,-1.0,1637744,0.0,7,,0.0,1.0,1.0,A01,138Â 304Â 434,1.0
959619,201900001150,2,12,22:30,5,2,1,1.0,6.0,91174,FONTAINEBLEAU (BD),M,"48,5965820","2,4742800",91,2019,50.0,1.0,2.0,4.0,2144711,10.0,3,4,2,0.0,,1.0,3,1950.0,A01,138Â 304Â 433,0.0,0.0,0.0,1637745,3.0,10,,0.0,1.0,2.0,A01,138Â 304Â 433,1.0
959619,201900001150,2,12,22:30,5,2,1,1.0,6.0,91174,FONTAINEBLEAU (BD),M,"48,5965820","2,4742800",91,2019,50.0,1.0,2.0,4.0,2144712,1.0,1,1,1,0.0,,0.0,0,1977.0,A01,138Â 304Â 433,1.0,8.0,-1.0,1637745,3.0,10,,0.0,1.0,2.0,A01,138Â 304Â 433,1.0
959620,201900001151,2,12,07:55,1,1,1,1.0,3.0,91552,RN 20,M,"48,6011900","2,2470600",91,2019,70.0,1.0,1.0,2.0,2144713,1.0,1,4,1,1.0,,0.0,0,1979.0,B01,138Â 304Â 431,2.0,0.0,-1.0,1637746,1.0,33,,0.0,2.0,7.0,B01,138Â 304Â 431,1.0
959620,201900001151,2,12,07:55,1,1,1,1.0,3.0,91552,RN 20,M,"48,6011900","2,2470600",91,2019,70.0,1.0,1.0,2.0,2144713,1.0,1,4,1,1.0,,0.0,0,1979.0,B01,138Â 304Â 431,2.0,0.0,-1.0,1637747,1.0,7,,0.0,2.0,6.0,A01,138Â 304Â 432,1.0
959620,201900001151,2,12,07:55,1,1,1,1.0,3.0,91552,RN 20,M,"48,6011900","2,2470600",91,2019,70.0,1.0,1.0,2.0,2144714,1.0,1,1,2,1.0,,0.0,0,1998.0,A01,138Â 304Â 432,1.0,0.0,-1.0,1637746,1.0,33,,0.0,2.0,7.0,B01,138Â 304Â 431,1.0
959620,201900001151,2,12,07:55,1,1,1,1.0,3.0,91552,RN 20,M,"48,6011900","2,2470600",91,2019,70.0,1.0,1.0,2.0,2144714,1.0,1,1,2,1.0,,0.0,0,1998.0,A01,138Â 304Â 432,1.0,0.0,-1.0,1637747,1.0,7,,0.0,2.0,6.0,A01,138Â 304Â 432,1.0
959621,201900001152,2,11,16:50,1,2,3,1.0,3.0,91347,MONTLHERY (ROUTE DE),M,"48,6340000","2,2880000",91,2019,50.0,1.0,1.0,4.0,2144715,1.0,1,3,1,0.0,,0.0,0,1992.0,B01,138Â 304Â 429,2.0,0.0,-1.0,1637748,3.0,2,,0.0,2.0,1.0,B01,138Â 304Â 429,0.0
959621,201900001152,2,11,16:50,1,2,3,1.0,3.0,91347,MONTLHERY (ROUTE DE),M,"48,6340000","2,2880000",91,2019,50.0,1.0,1.0,4.0,2144715,1.0,1,3,1,0.0,,0.0,0,1992.0,B01,138Â 304Â 429,2.0,0.0,-1.0,1637749,3.0,7,,0.0,2.0,3.0,A01,138Â 304Â 430,0.0
959621,201900001152,2,11,16:50,1,2,3,1.0,3.0,91347,MONTLHERY (ROUTE DE),M,"48,6340000","2,2880000",91,2019,50.0,1.0,1.0,4.0,2144716,1.0,1,1,2,0.0,,0.0,0,1974.0,A01,138Â 304Â 430,1.0,0.0,-1.0,1637748,3.0,2,,0.0,2.0,1.0,B01,138Â 304Â 429,0.0
959621,201900001152,2,11,16:50,1,2,3,1.0,3.0,91347,MONTLHERY (ROUTE DE),M,"48,6340000","2,2880000",91,2019,50.0,1.0,1.0,4.0,2144716,1.0,1,1,2,0.0,,0.0,0,1974.0,A01,138Â 304Â 430,1.0,0.0,-1.0,1637749,3.0,7,,0.0,2.0,3.0,A01,138Â 304Â 430,0.0
959622,201900001153,2,13,07:36,1,2,2,1.0,3.0,86194,JOHN KENNEDY (AVENUE),M,"46,5846704","0,3665189",86,2019,50.0,1.0,1.0,3.0,2144717,1.0,1,1,2,0.0,,-1.0,0,1999.0,A01,138Â 304Â 427,1.0,0.0,-1.0,1637750,3.0,7,,0.0,2.0,1.0,A01,138Â 304Â 427,1.0
959622,201900001153,2,13,07:36,1,2,2,1.0,3.0,86194,JOHN KENNEDY (AVENUE),M,"46,5846704","0,3665189",86,2019,50.0,1.0,1.0,3.0,2144717,1.0,1,1,2,0.0,,-1.0,0,1999.0,A01,138Â 304Â 427,1.0,0.0,-1.0,1637751,3.0,7,,0.0,2.0,7.0,B01,138Â 304Â 428,1.0
959622,201900001153,2,13,07:36,1,2,2,1.0,3.0,86194,JOHN KENNEDY (AVENUE),M,"46,5846704","0,3665189",86,2019,50.0,1.0,1.0,3.0,2144718,2.0,2,4,1,2.0,,-1.0,0,2003.0,B01,138Â 304Â 428,1.0,0.0,-1.0,1637750,3.0,7,,0.0,2.0,1.0,A01,138Â 304Â 427,1.0
959622,201900001153,2,13,07:36,1,2,2,1.0,3.0,86194,JOHN KENNEDY (AVENUE),M,"46,5846704","0,3665189",86,2019,50.0,1.0,1.0,3.0,2144718,2.0,2,4,1,2.0,,-1.0,0,2003.0,B01,138Â 304Â 428,1.0,0.0,-1.0,1637751,3.0,7,,0.0,2.0,7.0,B01,138Â 304Â 428,1.0
959622,201900001153,2,13,07:36,1,2,2,1.0,3.0,86194,JOHN KENNEDY (AVENUE),M,"46,5846704","0,3665189",86,2019,50.0,1.0,1.0,3.0,2144719,1.0,1,4,2,1.0,,-1.0,0,1974.0,B01,138Â 304Â 428,1.0,0.0,-1.0,1637750,3.0,7,,0.0,2.0,1.0,A01,138Â 304Â 427,1.0
959622,201900001153,2,13,07:36,1,2,2,1.0,3.0,86194,JOHN KENNEDY (AVENUE),M,"46,5846704","0,3665189",86,2019,50.0,1.0,1.0,3.0,2144719,1.0,1,4,2,1.0,,-1.0,0,1974.0,B01,138Â 304Â 428,1.0,0.0,-1.0,1637751,3.0,7,,0.0,2.0,7.0,B01,138Â 304Â 428,1.0
959623,201900001154,2,7,19:43,2,1,2,1.0,2.0,84035,ISLE/SORGUE-RD 938 (ROUTE DE L'),M,"43,8638100","5,0431600",84,2019,80.0,1.0,1.0,3.0,2144720,1.0,1,4,1,5.0,,-1.0, -1,1954.0,A01,138Â 304Â 425,1.0,0.0,-1.0,1637752,3.0,7,,0.0,2.0,4.0,A01,138Â 304Â 425,1.0
959623,201900001154,2,7,19:43,2,1,2,1.0,2.0,84035,ISLE/SORGUE-RD 938 (ROUTE DE L'),M,"43,8638100","5,0431600",84,2019,80.0,1.0,1.0,3.0,2144720,1.0,1,4,1,5.0,,-1.0, -1,1954.0,A01,138Â 304Â 425,1.0,0.0,-1.0,1637753,1.0,7,,0.0,2.0,1.0,B01,138Â 304Â 426,1.0
959623,201900001154,2,7,19:43,2,1,2,1.0,2.0,84035,ISLE/SORGUE-RD 938 (ROUTE DE L'),M,"43,8638100","5,0431600",84,2019,80.0,1.0,1.0,3.0,2144721,1.0,1,1,1,5.0,,-1.0, -1,1992.0,B01,138Â 304Â 426,1.0,0.0,-1.0,1637752,3.0,7,,0.0,2.0,4.0,A01,138Â 304Â 425,1.0
959623,201900001154,2,7,19:43,2,1,2,1.0,2.0,84035,ISLE/SORGUE-RD 938 (ROUTE DE L'),M,"43,8638100","5,0431600",84,2019,80.0,1.0,1.0,3.0,2144721,1.0,1,1,1,5.0,,-1.0, -1,1992.0,B01,138Â 304Â 426,1.0,0.0,-1.0,1637753,1.0,7,,0.0,2.0,1.0,B01,138Â 304Â 426,1.0
959624,201900001155,2,12,18:10,5,2,3,1.0,3.0,84007,PIERRE SEMARD (avenue),M,"43,9431400","4,8157800",84,2019,50.0,1.0,1.0,4.0,2144722,1.0,1,3,1,9.0,,-1.0, -1,1961.0,B01,138Â 304Â 423,2.0,0.0,-1.0,1637754,2.0,2,,0.0,2.0,1.0,B01,138Â 304Â 423,1.0
959624,201900001155,2,12,18:10,5,2,3,1.0,3.0,84007,PIERRE SEMARD (avenue),M,"43,9431400","4,8157800",84,2019,50.0,1.0,1.0,4.0,2144722,1.0,1,3,1,9.0,,-1.0, -1,1961.0,B01,138Â 304Â 423,2.0,0.0,-1.0,1637755,3.0,7,,0.0,2.0,8.0,A01,138Â 304Â 424,1.0
959624,201900001155,2,12,18:10,5,2,3,1.0,3.0,84007,PIERRE SEMARD (avenue),M,"43,9431400","4,8157800",84,2019,50.0,1.0,1.0,4.0,2144723,1.0,1,1,1,1.0,,-1.0, -1,1968.0,A01,138Â 304Â 424,1.0,0.0,-1.0,1637754,2.0,2,,0.0,2.0,1.0,B01,138Â 304Â 423,1.0
959624,201900001155,2,12,18:10,5,2,3,1.0,3.0,84007,PIERRE SEMARD (avenue),M,"43,9431400","4,8157800",84,2019,50.0,1.0,1.0,4.0,2144723,1.0,1,1,1,1.0,,-1.0, -1,1968.0,A01,138Â 304Â 424,1.0,0.0,-1.0,1637755,3.0,7,,0.0,2.0,8.0,A01,138Â 304Â 424,1.0
959625,201900001156,2,12,16:40,1,1,9,1.0,3.0,83069,SALINS ( ROUTE DES VIEUX),M,"43,1244700","6,1887500",83,2019,50.0,1.0,1.0,4.0,2144724,1.0,1,3,1,5.0,,0.0,0,1943.0,A01,138Â 304Â 421,8.0,0.0,-1.0,1637756,2.0,1,,0.0,2.0,1.0,A01,138Â 304Â 421,5.0
959625,201900001156,2,12,16:40,1,1,9,1.0,3.0,83069,SALINS ( ROUTE DES VIEUX),M,"43,1244700","6,1887500",83,2019,50.0,1.0,1.0,4.0,2144724,1.0,1,3,1,5.0,,0.0,0,1943.0,A01,138Â 304Â 421,8.0,0.0,-1.0,1637757,3.0,33,,0.0,6.0,1.0,B01,138Â 304Â 422,1.0
959625,201900001156,2,12,16:40,1,1,9,1.0,3.0,83069,SALINS ( ROUTE DES VIEUX),M,"43,1244700","6,1887500",83,2019,50.0,1.0,1.0,4.0,2144725,1.0,1,1,1,5.0,,0.0,0,1964.0,B01,138Â 304Â 422,2.0,8.0,-1.0,1637756,2.0,1,,0.0,2.0,1.0,A01,138Â 304Â 421,5.0
959625,201900001156,2,12,16:40,1,1,9,1.0,3.0,83069,SALINS ( ROUTE DES VIEUX),M,"43,1244700","6,1887500",83,2019,50.0,1.0,1.0,4.0,2144725,1.0,1,1,1,5.0,,0.0,0,1964.0,B01,138Â 304Â 422,2.0,8.0,-1.0,1637757,3.0,33,,0.0,6.0,1.0,B01,138Â 304Â 422,1.0
959626,201900001157,2,12,18:10,5,2,1,1.0,6.0,77337,ROCHES (COURS DES),M,"48,8447018","2,6153625",77,2019,50.0,1.0,1.0,4.0,2144726,10.0,3,4,2,5.0,,3.0,5,2009.0,A01,138Â 304Â 411,8.0,0.0,-1.0,1637758,1.0,7,,0.0,1.0,2.0,A01,138Â 304Â 411,0.0
959626,201900001157,2,12,18:10,5,2,1,1.0,6.0,77337,ROCHES (COURS DES),M,"48,8447018","2,6153625",77,2019,50.0,1.0,1.0,4.0,2144727,1.0,1,1,1,4.0,,0.0,0,1983.0,A01,138Â 304Â 411,1.0,0.0,-1.0,1637758,1.0,7,,0.0,1.0,2.0,A01,138Â 304Â 411,0.0
959627,201900001158,2,13,21:45,5,2,1,1.0,2.0,77445,BOIS DES SAINT PERES ( RUE DU),M,"48,5795600","2,5963100",77,2019,50.0,1.0,1.0,4.0,2144728,1.0,1,4,1,1.0,,0.0,0,1998.0,B01,138Â 304Â 409,1.0,5.0,-1.0,1637759,1.0,7,,1.0,0.0,1.0,B01,138Â 304Â 409,0.0
959627,201900001158,2,13,21:45,5,2,1,1.0,2.0,77445,BOIS DES SAINT PERES ( RUE DU),M,"48,5795600","2,5963100",77,2019,50.0,1.0,1.0,4.0,2144728,1.0,1,4,1,1.0,,0.0,0,1998.0,B01,138Â 304Â 409,1.0,5.0,-1.0,1637760,1.0,15,,1.0,2.0,6.0,A01,138Â 304Â 410,0.0
959627,201900001158,2,13,21:45,5,2,1,1.0,2.0,77445,BOIS DES SAINT PERES ( RUE DU),M,"48,5795600","2,5963100",77,2019,50.0,1.0,1.0,4.0,2144729,1.0,1,1,1,4.0,,0.0,0,1978.0,A01,138Â 304Â 410,8.0,0.0,-1.0,1637759,1.0,7,,1.0,0.0,1.0,B01,138Â 304Â 409,0.0
959627,201900001158,2,13,21:45,5,2,1,1.0,2.0,77445,BOIS DES SAINT PERES ( RUE DU),M,"48,5795600","2,5963100",77,2019,50.0,1.0,1.0,4.0,2144729,1.0,1,1,1,4.0,,0.0,0,1978.0,A01,138Â 304Â 410,8.0,0.0,-1.0,1637760,1.0,15,,1.0,2.0,6.0,A01,138Â 304Â 410,0.0
959628,201900001159,2,13,02:21,3,1,6,5.0,6.0,77335,N3 X N330 DÃ©nivelÃ©e,M,"48,9565200","2,8577200",77,2019,80.0,1.0,9.0,2.0,2144730,1.0,1,4,2,1.0,,-1.0,0,1990.0,A01,138Â 304Â 408,1.0,0.0,-1.0,1637761,1.0,7,,16.0,0.0,2.0,A01,138Â 304Â 408,1.0
959629,201900001160,2,11,16:45,1,2,3,1.0,3.0,76351,ARISTIDE BRIAND,M,"49,5001700","0,1335300",76,2019,50.0,1.0,1.0,3.0,2144731,1.0,1,4,1,3.0,,-1.0,0,1957.0,B01,138Â 304Â 406,2.0,8.0,-1.0,1637762,2.0,32,,0.0,2.0,2.0,B01,138Â 304Â 406,1.0
959629,201900001160,2,11,16:45,1,2,3,1.0,3.0,76351,ARISTIDE BRIAND,M,"49,5001700","0,1335300",76,2019,50.0,1.0,1.0,3.0,2144731,1.0,1,4,1,3.0,,-1.0,0,1957.0,B01,138Â 304Â 406,2.0,8.0,-1.0,1637763,1.0,7,,0.0,2.0,1.0,A01,138Â 304Â 407,1.0
959629,201900001160,2,11,16:45,1,2,3,1.0,3.0,76351,ARISTIDE BRIAND,M,"49,5001700","0,1335300",76,2019,50.0,1.0,1.0,3.0,2144732,1.0,1,1,1,5.0,,-1.0,0,1984.0,A01,138Â 304Â 407,1.0,8.0,-1.0,1637762,2.0,32,,0.0,2.0,2.0,B01,138Â 304Â 406,1.0
959629,201900001160,2,11,16:45,1,2,3,1.0,3.0,76351,ARISTIDE BRIAND,M,"49,5001700","0,1335300",76,2019,50.0,1.0,1.0,3.0,2144732,1.0,1,1,1,5.0,,-1.0,0,1984.0,A01,138Â 304Â 407,1.0,8.0,-1.0,1637763,1.0,7,,0.0,2.0,1.0,A01,138Â 304Â 407,1.0
959630,201900001161,2,13,18:30,3,2,1,1.0,1.0,74281,PELERINS (ALLEE DES),M,"46,3594400","6,4604200",74,2019,50.0,1.0,1.0,4.0,2144733,1.0,1,1,1,0.0,,0.0,0,1970.0,A01,138Â 304Â 403,8.0,0.0,-1.0,1637764,3.0,7,,15.0,2.0,1.0,A01,138Â 304Â 403,1.0
959630,201900001161,2,13,18:30,3,2,1,1.0,1.0,74281,PELERINS (ALLEE DES),M,"46,3594400","6,4604200",74,2019,50.0,1.0,1.0,4.0,2144733,1.0,1,1,1,0.0,,0.0,0,1970.0,A01,138Â 304Â 403,8.0,0.0,-1.0,1637765,3.0,30,,0.0,2.0,1.0,B01,138Â 304Â 404,1.0
959630,201900001161,2,13,18:30,3,2,1,1.0,1.0,74281,PELERINS (ALLEE DES),M,"46,3594400","6,4604200",74,2019,50.0,1.0,1.0,4.0,2144734,1.0,1,4,1,5.0,,0.0,0,2002.0,B01,138Â 304Â 404,2.0,6.0,-1.0,1637764,3.0,7,,15.0,2.0,1.0,A01,138Â 304Â 403,1.0
959630,201900001161,2,13,18:30,3,2,1,1.0,1.0,74281,PELERINS (ALLEE DES),M,"46,3594400","6,4604200",74,2019,50.0,1.0,1.0,4.0,2144734,1.0,1,4,1,5.0,,0.0,0,2002.0,B01,138Â 304Â 404,2.0,6.0,-1.0,1637765,3.0,30,,0.0,2.0,1.0,B01,138Â 304Â 404,1.0
959631,201900001162,2,12,12:05,1,2,6,1.0,3.0,74012,LECLERC (AVENUE DU MARECHAL),M,"46,1896300","6,2492400",74,2019,50.0,1.0,1.0,4.0,2144735,1.0,1,1,2,3.0,,0.0,0,1942.0,A01,138Â 304Â 399,1.0,0.0,-1.0,1637766,1.0,7,,0.0,2.0,3.0,A01,138Â 304Â 399,0.0
959631,201900001162,2,12,12:05,1,2,6,1.0,3.0,74012,LECLERC (AVENUE DU MARECHAL),M,"46,1896300","6,2492400",74,2019,50.0,1.0,1.0,4.0,2144735,1.0,1,1,2,3.0,,0.0,0,1942.0,A01,138Â 304Â 399,1.0,0.0,-1.0,1637767,1.0,34,,0.0,2.0,4.0,B01,138Â 304Â 400,0.0
959631,201900001162,2,12,12:05,1,2,6,1.0,3.0,74012,LECLERC (AVENUE DU MARECHAL),M,"46,1896300","6,2492400",74,2019,50.0,1.0,1.0,4.0,2144736,1.0,1,4,1,5.0,,0.0,0,1953.0,B01,138Â 304Â 400,2.0,0.0,-1.0,1637766,1.0,7,,0.0,2.0,3.0,A01,138Â 304Â 399,0.0
959631,201900001162,2,12,12:05,1,2,6,1.0,3.0,74012,LECLERC (AVENUE DU MARECHAL),M,"46,1896300","6,2492400",74,2019,50.0,1.0,1.0,4.0,2144736,1.0,1,4,1,5.0,,0.0,0,1953.0,B01,138Â 304Â 400,2.0,0.0,-1.0,1637767,1.0,34,,0.0,2.0,4.0,B01,138Â 304Â 400,0.0
959632,201900001163,2,13,17:45,1,2,2,1.0,3.0,69290,LORTARET (DE)   -  D 148             (CH,M,"45,7134200","4,9566500",69,2019,70.0,1.0,1.0,3.0,2144737,1.0,1,1,1,0.0,,0.0,0,1963.0,A01,138Â 304Â 397,1.0,0.0,-1.0,1637768,3.0,7,,0.0,2.0,1.0,A01,138Â 304Â 397,1.0
959632,201900001163,2,13,17:45,1,2,2,1.0,3.0,69290,LORTARET (DE)   -  D 148             (CH,M,"45,7134200","4,9566500",69,2019,70.0,1.0,1.0,3.0,2144737,1.0,1,1,1,0.0,,0.0,0,1963.0,A01,138Â 304Â 397,1.0,0.0,-1.0,1637769,3.0,33,,0.0,2.0,1.0,B01,138Â 304Â 398,1.0
959632,201900001163,2,13,17:45,1,2,2,1.0,3.0,69290,LORTARET (DE)   -  D 148             (CH,M,"45,7134200","4,9566500",69,2019,70.0,1.0,1.0,3.0,2144738,1.0,1,3,2,0.0,,0.0,0,1984.0,B01,138Â 304Â 398,2.0,0.0,-1.0,1637768,3.0,7,,0.0,2.0,1.0,A01,138Â 304Â 397,1.0
959632,201900001163,2,13,17:45,1,2,2,1.0,3.0,69290,LORTARET (DE)   -  D 148             (CH,M,"45,7134200","4,9566500",69,2019,70.0,1.0,1.0,3.0,2144738,1.0,1,3,2,0.0,,0.0,0,1984.0,B01,138Â 304Â 398,2.0,0.0,-1.0,1637769,3.0,33,,0.0,2.0,1.0,B01,138Â 304Â 398,1.0
959633,201900001164,2,11,14:45,1,2,1,1.0,6.0,67482,HALLEBARDES (RUE DES),M,"48,5827300","7,7509700",67,2019,5.0,1.0,1.0,4.0,2144739,10.0,3,3,2,5.0,,8.0,1,1947.0,Z01,138Â 304Â 396,8.0,0.0,-1.0,1637770,1.0,1,,0.0,1.0,1.0,Z01,138Â 304Â 396,5.0
959634,201900001165,2,9,19:10,5,2,1,1.0,6.0,67482,GARE (PLACE DE LA),M,"48,5854500","7,7359500",67,2019,50.0,1.0,1.0,4.0,2144740,1.0,1,1,1,0.0,,-1.0,0,2000.0,A01,138Â 304Â 395,1.0,8.0,-1.0,1637771,1.0,7,,0.0,1.0,7.0,A01,138Â 304Â 395,1.0
959634,201900001165,2,9,19:10,5,2,1,1.0,6.0,67482,GARE (PLACE DE LA),M,"48,5854500","7,7359500",67,2019,50.0,1.0,1.0,4.0,2144741,10.0,3,4,1,0.0,,4.0,5,2015.0,A01,138Â 304Â 395,8.0,0.0,-1.0,1637771,1.0,7,,0.0,1.0,7.0,A01,138Â 304Â 395,1.0
959635,201900001166,2,8,13:45,1,2,3,1.0,3.0,67482,SCHIRMECK (ROUTE DE),M,"48,5661800","7,7080000",67,2019,50.0,1.0,1.0,4.0,2144742,1.0,1,1,2,0.0,,-1.0,0,1983.0,A01,138Â 304Â 393,1.0,8.0,-1.0,1637772,1.0,7,,0.0,2.0,1.0,A01,138Â 304Â 393,1.0
959635,201900001166,2,8,13:45,1,2,3,1.0,3.0,67482,SCHIRMECK (ROUTE DE),M,"48,5661800","7,7080000",67,2019,50.0,1.0,1.0,4.0,2144742,1.0,1,1,2,0.0,,-1.0,0,1983.0,A01,138Â 304Â 393,1.0,8.0,-1.0,1637773,1.0,1,,0.0,2.0,8.0,B01,138Â 304Â 394,5.0
959635,201900001166,2,8,13:45,1,2,3,1.0,3.0,67482,SCHIRMECK (ROUTE DE),M,"48,5661800","7,7080000",67,2019,50.0,1.0,1.0,4.0,2144743,1.0,1,4,1,1.0,,-1.0,0,1976.0,B01,138Â 304Â 394,8.0,0.0,-1.0,1637772,1.0,7,,0.0,2.0,1.0,A01,138Â 304Â 393,1.0
959635,201900001166,2,8,13:45,1,2,3,1.0,3.0,67482,SCHIRMECK (ROUTE DE),M,"48,5661800","7,7080000",67,2019,50.0,1.0,1.0,4.0,2144743,1.0,1,4,1,1.0,,-1.0,0,1976.0,B01,138Â 304Â 394,8.0,0.0,-1.0,1637773,1.0,1,,0.0,2.0,8.0,B01,138Â 304Â 394,5.0
959636,201900001167,2,13,08:00,1,2,3,1.0,3.0,66136,PANCHOT (AVENUE JULIEN),M,"42,6866000","2,8695000",66,2019,30.0,1.0,1.0,4.0,2144744,1.0,1,1,1,4.0,,-1.0,0,1981.0,A01,138Â 304Â 391,1.0,8.0,-1.0,1637774,0.0,7,,0.0,2.0,3.0,A01,138Â 304Â 391,1.0
959636,201900001167,2,13,08:00,1,2,3,1.0,3.0,66136,PANCHOT (AVENUE JULIEN),M,"42,6866000","2,8695000",66,2019,30.0,1.0,1.0,4.0,2144744,1.0,1,1,1,4.0,,-1.0,0,1981.0,A01,138Â 304Â 391,1.0,8.0,-1.0,1637775,0.0,33,,0.0,2.0,1.0,B01,138Â 304Â 392,1.0
959636,201900001167,2,13,08:00,1,2,3,1.0,3.0,66136,PANCHOT (AVENUE JULIEN),M,"42,6866000","2,8695000",66,2019,30.0,1.0,1.0,4.0,2144745,1.0,1,4,1,5.0,,-1.0,0,1965.0,B01,138Â 304Â 392,2.0,7.0,-1.0,1637774,0.0,7,,0.0,2.0,3.0,A01,138Â 304Â 391,1.0
959636,201900001167,2,13,08:00,1,2,3,1.0,3.0,66136,PANCHOT (AVENUE JULIEN),M,"42,6866000","2,8695000",66,2019,30.0,1.0,1.0,4.0,2144745,1.0,1,4,1,5.0,,-1.0,0,1965.0,B01,138Â 304Â 392,2.0,7.0,-1.0,1637775,0.0,33,,0.0,2.0,1.0,B01,138Â 304Â 392,1.0
959637,201900001168,2,11,10:50,1,2,1,1.0,2.0,66136,PANCHOT (AVENUE JULIEN),M,"42,6864000","2,8691000",66,2019,50.0,1.0,1.0,4.0,2144746,1.0,1,4,1,5.0,,0.0,0,1976.0,B01,138Â 304Â 389,1.0,8.0,-1.0,1637776,1.0,7,,0.0,2.0,6.0,B01,138Â 304Â 389,1.0
959637,201900001168,2,11,10:50,1,2,1,1.0,2.0,66136,PANCHOT (AVENUE JULIEN),M,"42,6864000","2,8691000",66,2019,50.0,1.0,1.0,4.0,2144746,1.0,1,4,1,5.0,,0.0,0,1976.0,B01,138Â 304Â 389,1.0,8.0,-1.0,1637777,1.0,14,,0.0,2.0,2.0,A01,138Â 304Â 390,1.0
959637,201900001168,2,11,10:50,1,2,1,1.0,2.0,66136,PANCHOT (AVENUE JULIEN),M,"42,6864000","2,8691000",66,2019,50.0,1.0,1.0,4.0,2144747,1.0,1,1,1,4.0,,0.0,0,1971.0,A01,138Â 304Â 390,1.0,8.0,-1.0,1637776,1.0,7,,0.0,2.0,6.0,B01,138Â 304Â 389,1.0
959637,201900001168,2,11,10:50,1,2,1,1.0,2.0,66136,PANCHOT (AVENUE JULIEN),M,"42,6864000","2,8691000",66,2019,50.0,1.0,1.0,4.0,2144747,1.0,1,1,1,4.0,,0.0,0,1971.0,A01,138Â 304Â 390,1.0,8.0,-1.0,1637777,1.0,14,,0.0,2.0,2.0,A01,138Â 304Â 390,1.0
959638,201900001169,2,11,13:20,1,2,2,1.0,3.0,66136,CERBERE (DE),M,"42,6838225","2,9091602",66,2019,30.0,1.0,1.0,4.0,2144748,1.0,1,4,2,5.0,,0.0,0,1947.0,B01,138Â 304Â 387,1.0,0.0,-1.0,1637778,0.0,7,,0.0,0.0,3.0,B01,138Â 304Â 387,1.0
959638,201900001169,2,11,13:20,1,2,2,1.0,3.0,66136,CERBERE (DE),M,"42,6838225","2,9091602",66,2019,30.0,1.0,1.0,4.0,2144748,1.0,1,4,2,5.0,,0.0,0,1947.0,B01,138Â 304Â 387,1.0,0.0,-1.0,1637779,0.0,7,,0.0,2.0,2.0,A01,138Â 304Â 388,1.0
959638,201900001169,2,11,13:20,1,2,2,1.0,3.0,66136,CERBERE (DE),M,"42,6838225","2,9091602",66,2019,30.0,1.0,1.0,4.0,2144749,1.0,1,4,1,5.0,,0.0,0,1982.0,A01,138Â 304Â 388,1.0,8.0,-1.0,1637778,0.0,7,,0.0,0.0,3.0,B01,138Â 304Â 387,1.0