Unnamed: 0_x,num_acc,mois,jour,hrmn,lum,agg,int,atm,col,com,adr,gps,lat,long,dep,annee,vma,situ,surf,catr,Unnamed: 0_y,place,catu,grav,sexe,trajet,secu,locp,actp,an_nais,num_veh_x,id_vehicule_x,secu1,secu2,secu3,Unnamed: 0,senc,catv,occutc,obs,obsm,choc,num_veh_y,id_vehicule_y,motor
959638,201900001169,2,11,13:20,1,2,2,1.0,3.0,66136,CERBERE (DE),M,"42,6838225","2,9091602",66,2019,30.0,1.0,1.0,4.0,2144749,1.0,1,4,1,5.0,,0.0,0,1982.0,A01,138Â 304Â 388,1.0,8.0,-1.0,1637779,0.0,7,,0.0,2.0,2.0,A01,138Â 304Â 388,1.0
959639,201900001170,2,12,18:55,5,2,1,1.0,2.0,64129,pont d'Espagne,M,"43,2944600"," -0,3871000",64,2019,50.0,1.0,1.0,4.0,2144750,1.0,1,4,2,1.0,,0.0,0,1985.0,A01,138Â 304Â 385,2.0,0.0,-1.0,1637780,2.0,2,,0.0,2.0,1.0,A01,138Â 304Â 385,1.0
959639,201900001170,2,12,18:55,5,2,1,1.0,2.0,64129,pont d'Espagne,M,"43,2944600"," -0,3871000",64,2019,50.0,1.0,1.0,4.0,2144750,1.0,1,4,2,1.0,,0.0,0,1985.0,A01,138Â 304Â 385,2.0,0.0,-1.0,1637781,2.0,7,,0.0,2.0,4.0,B01,138Â 304Â 386,1.0
959639,201900001170,2,12,18:55,5,2,1,1.0,2.0,64129,pont d'Espagne,M,"43,2944600"," -0,3871000",64,2019,50.0,1.0,1.0,4.0,2144751,1.0,1,1,1,5.0,,0.0,0,1997.0,B01,138Â 304Â 386,1.0,0.0,-1.0,1637780,2.0,2,,0.0,2.0,1.0,A01,138Â 304Â 385,1.0
959639,201900001170,2,12,18:55,5,2,1,1.0,2.0,64129,pont d'Espagne,M,"43,2944600"," -0,3871000",64,2019,50.0,1.0,1.0,4.0,2144751,1.0,1,1,1,5.0,,0.0,0,1997.0,B01,138Â 304Â 386,1.0,0.0,-1.0,1637781,2.0,7,,0.0,2.0,4.0,B01,138Â 304Â 386,1.0
959640,201900001171,2,12,17:40,1,2,1,1.0,6.0,64445,PIERRE MASSE,M,"43,3159900"," -0,3567300",64,2019,30.0,1.0,1.0,4.0,2144752,10.0,3,4,2,4.0,,3.0,3,1966.0,A01,138Â 304Â 384,8.0,0.0,-1.0,1637782,2.0,7,,0.0,1.0,1.0,A01,138Â 304Â 384,1.0
959640,201900001171,2,12,17:40,1,2,1,1.0,6.0,64445,PIERRE MASSE,M,"43,3159900"," -0,3567300",64,2019,30.0,1.0,1.0,4.0,2144753,1.0,1,1,2,2.0,,0.0,0,2000.0,A01,138Â 304Â 384,1.0,0.0,-1.0,1637782,2.0,7,,0.0,1.0,1.0,A01,138Â 304Â 384,1.0
959641,201900001172,2,12,11:10,1,2,1,1.0,2.0,64335,EUROPE DE L',M,"43,3393948"," -0,4647568",64,2019,50.0,1.0,1.0,2.0,2144754,1.0,1,1,2,9.0,,-1.0,0,1992.0,A01,138Â 304Â 382,1.0,8.0,-1.0,1637783,2.0,7,,0.0,2.0,1.0,A01,138Â 304Â 382,1.0
959641,201900001172,2,12,11:10,1,2,1,1.0,2.0,64335,EUROPE DE L',M,"43,3393948"," -0,4647568",64,2019,50.0,1.0,1.0,2.0,2144754,1.0,1,1,2,9.0,,-1.0,0,1992.0,A01,138Â 304Â 382,1.0,8.0,-1.0,1637784,2.0,7,,0.0,2.0,4.0,B01,138Â 304Â 383,1.0
959641,201900001172,2,12,11:10,1,2,1,1.0,2.0,64335,EUROPE DE L',M,"43,3393948"," -0,4647568",64,2019,50.0,1.0,1.0,2.0,2144755,1.0,1,4,2,9.0,,-1.0,0,1973.0,B01,138Â 304Â 383,1.0,0.0,-1.0,1637783,2.0,7,,0.0,2.0,1.0,A01,138Â 304Â 382,1.0
959641,201900001172,2,12,11:10,1,2,1,1.0,2.0,64335,EUROPE DE L',M,"43,3393948"," -0,4647568",64,2019,50.0,1.0,1.0,2.0,2144755,1.0,1,4,2,9.0,,-1.0,0,1973.0,B01,138Â 304Â 383,1.0,0.0,-1.0,1637784,2.0,7,,0.0,2.0,4.0,B01,138Â 304Â 383,1.0
959642,201900001173,2,13,09:10,1,2,1,7.0,6.0,64102,QUATORZE AVRIL (AVENUE DU),M,"43,5021261"," -1,4615349",64,2019,50.0,1.0,1.0,3.0,2144756,10.0,3,3,2,5.0,,3.0,3,1965.0,A01,138Â 304Â 381,8.0,0.0,-1.0,1637785,1.0,10,,0.0,1.0,1.0,A01,138Â 304Â 381,1.0
959642,201900001173,2,13,09:10,1,2,1,7.0,6.0,64102,QUATORZE AVRIL (AVENUE DU),M,"43,5021261"," -1,4615349",64,2019,50.0,1.0,1.0,3.0,2144757,1.0,1,1,1,5.0,,0.0,0,1951.0,A01,138Â 304Â 381,1.0,0.0,-1.0,1637785,1.0,10,,0.0,1.0,1.0,A01,138Â 304Â 381,1.0
959643,201900001174,2,11,15:25,1,2,1,2.0,7.0,64024,BIARRITZ (AVENUE DE),M,"43,4803700"," -1,5222600",64,2019,50.0,1.0,2.0,4.0,2144758,1.0,1,3,2,5.0,,0.0,0,1955.0,A01,138Â 304Â 380,8.0,0.0,-1.0,1637786,2.0,1,,12.0,0.0,2.0,A01,138Â 304Â 380,5.0
959644,201900001175,2,8,09:35,1,2,1,7.0,6.0,64024,JUZAN (CHEMIN DE),M,"43,4724000"," -1,5095900",64,2019,30.0,1.0,1.0,4.0,2144759,1.0,1,1,2,1.0,,0.0,0,1989.0,A01,138Â 304Â 379,1.0,0.0,-1.0,1637787,1.0,7,,0.0,1.0,2.0,A01,138Â 304Â 379,1.0
959644,201900001175,2,8,09:35,1,2,1,7.0,6.0,64024,JUZAN (CHEMIN DE),M,"43,4724000"," -1,5095900",64,2019,30.0,1.0,1.0,4.0,2144760,10.0,3,3,1,5.0,,1.0,3,1960.0,A01,138Â 304Â 379,8.0,0.0,-1.0,1637787,1.0,7,,0.0,1.0,2.0,A01,138Â 304Â 379,1.0
959645,201900001176,2,4,16:00,1,1,1,2.0,3.0,62528,HOCHE (R LAZARE),M,"50,4664320","2,8053450",62,2019,50.0,1.0,2.0,3.0,2144761,1.0,1,2,1,5.0,,0.0,0,1961.0,A01,138Â 304Â 377,1.0,0.0,-1.0,1637788,1.0,7,,8.0,2.0,7.0,A01,138Â 304Â 377,1.0
959645,201900001176,2,4,16:00,1,1,1,2.0,3.0,62528,HOCHE (R LAZARE),M,"50,4664320","2,8053450",62,2019,50.0,1.0,2.0,3.0,2144761,1.0,1,2,1,5.0,,0.0,0,1961.0,A01,138Â 304Â 377,1.0,0.0,-1.0,1637789,1.0,7,,0.0,2.0,1.0,B01,138Â 304Â 378,1.0
959645,201900001176,2,4,16:00,1,1,1,2.0,3.0,62528,HOCHE (R LAZARE),M,"50,4664320","2,8053450",62,2019,50.0,1.0,2.0,3.0,2144762,2.0,2,1,2,5.0,,0.0,0,1951.0,B01,138Â 304Â 378,1.0,8.0,-1.0,1637788,1.0,7,,8.0,2.0,7.0,A01,138Â 304Â 377,1.0
959645,201900001176,2,4,16:00,1,1,1,2.0,3.0,62528,HOCHE (R LAZARE),M,"50,4664320","2,8053450",62,2019,50.0,1.0,2.0,3.0,2144762,2.0,2,1,2,5.0,,0.0,0,1951.0,B01,138Â 304Â 378,1.0,8.0,-1.0,1637789,1.0,7,,0.0,2.0,1.0,B01,138Â 304Â 378,1.0
959645,201900001176,2,4,16:00,1,1,1,2.0,3.0,62528,HOCHE (R LAZARE),M,"50,4664320","2,8053450",62,2019,50.0,1.0,2.0,3.0,2144763,1.0,1,1,1,5.0,,0.0,0,1967.0,B01,138Â 304Â 378,1.0,8.0,-1.0,1637788,1.0,7,,8.0,2.0,7.0,A01,138Â 304Â 377,1.0
959645,201900001176,2,4,16:00,1,1,1,2.0,3.0,62528,HOCHE (R LAZARE),M,"50,4664320","2,8053450",62,2019,50.0,1.0,2.0,3.0,2144763,1.0,1,1,1,5.0,,0.0,0,1967.0,B01,138Â 304Â 378,1.0,8.0,-1.0,1637789,1.0,7,,0.0,2.0,1.0,B01,138Â 304Â 378,1.0
959646,201900001177,2,12,10:05,1,2,1,1.0,7.0,62178,EVRARD ( FLORENT ),M,"50,4889500","2,5527900",62,2019,50.0,1.0,1.0,4.0,2144764,1.0,1,3,1,0.0,,0.0,0,1965.0,A01,138Â 304Â 376,8.0,0.0,-1.0,1637790,3.0,30,,0.0,0.0,0.0,A01,138Â 304Â 376,1.0
959647,201900001178,5,5,12:45,1,1,1,2.0,6.0,62693,chaussÃ©e brunehaut,M,"50,4395750","2,5420750",62,2019,80.0,8.0,2.0,4.0,2144765,1.0,1,1,2,5.0,,0.0,0,1995.0,A01,138Â 304Â 375,2.0,6.0,-1.0,1637791,3.0,36,,16.0,0.0,1.0,A01,138Â 304Â 375,1.0
959647,201900001178,5,5,12:45,1,1,1,2.0,6.0,62693,chaussÃ©e brunehaut,M,"50,4395750","2,5420750",62,2019,80.0,8.0,2.0,4.0,2144766,2.0,2,3,1,5.0,,0.0,0,1991.0,A01,138Â 304Â 375,2.0,6.0,-1.0,1637791,3.0,36,,16.0,0.0,1.0,A01,138Â 304Â 375,1.0
959648,201900001179,5,12,16:40,1,2,1,1.0,6.0,62560,Rue Nationale,M,"50,8141570","1,7027510",62,2019,50.0,1.0,1.0,4.0,2144767,10.0,3,3,1,5.0,,3.0,3,1948.0,A01,138Â 304Â 374,0.0,-1.0,-1.0,1637792,1.0,7,,1.0,1.0,1.0,A01,138Â 304Â 374,1.0
959648,201900001179,5,12,16:40,1,2,1,1.0,6.0,62560,Rue Nationale,M,"50,8141570","1,7027510",62,2019,50.0,1.0,1.0,4.0,2144768,1.0,1,1,1,5.0,,0.0,0,1996.0,A01,138Â 304Â 374,1.0,-1.0,-1.0,1637792,1.0,7,,1.0,1.0,1.0,A01,138Â 304Â 374,1.0
959649,201900001180,5,16,20:45,1,2,1,1.0,6.0,62627,Rue Jean Soille,M,"50,3092990","3,0302070",62,2019,50.0,4.0,1.0,3.0,2144769,1.0,1,3,1,5.0,,0.0,0,1999.0,A01,138Â 304Â 373,1.0,-1.0,-1.0,1637793,3.0,7,,1.0,0.0,1.0,A01,138Â 304Â 373,1.0
959650,201900001181,5,18,09:55,1,1,6,1.0,3.0,62861,Route Nationale 17,M,"50,3720260","2,8104940",62,2019,90.0,1.0,1.0,2.0,2144770,1.0,1,3,1,5.0,,0.0,0,1972.0,B01,138Â 304Â 371,2.0,6.0,9.0,1637794,3.0,33,,0.0,2.0,1.0,B01,138Â 304Â 371,1.0
959650,201900001181,5,18,09:55,1,1,6,1.0,3.0,62861,Route Nationale 17,M,"50,3720260","2,8104940",62,2019,90.0,1.0,1.0,2.0,2144770,1.0,1,3,1,5.0,,0.0,0,1972.0,B01,138Â 304Â 371,2.0,6.0,9.0,1637795,3.0,7,,0.0,2.0,3.0,A01,138Â 304Â 372,1.0
959650,201900001181,5,18,09:55,1,1,6,1.0,3.0,62861,Route Nationale 17,M,"50,3720260","2,8104940",62,2019,90.0,1.0,1.0,2.0,2144771,1.0,1,1,1,5.0,,0.0,0,1958.0,A01,138Â 304Â 372,1.0,-1.0,-1.0,1637794,3.0,33,,0.0,2.0,1.0,B01,138Â 304Â 371,1.0
959650,201900001181,5,18,09:55,1,1,6,1.0,3.0,62861,Route Nationale 17,M,"50,3720260","2,8104940",62,2019,90.0,1.0,1.0,2.0,2144771,1.0,1,1,1,5.0,,0.0,0,1958.0,A01,138Â 304Â 372,1.0,-1.0,-1.0,1637795,3.0,7,,0.0,2.0,3.0,A01,138Â 304Â 372,1.0
959651,201900001182,5,17,18:00,1,2,6,1.0,2.0,62612,rue de fresnes,M,"50,3517020","2,9120710",62,2019,50.0,1.0,1.0,3.0,2144772,1.0,1,3,1,1.0,,0.0,0,1991.0,B01,138Â 304Â 369,2.0,6.0,-1.0,1637796,1.0,33,,0.0,0.0,4.0,B01,138Â 304Â 369,1.0
959651,201900001182,5,17,18:00,1,2,6,1.0,2.0,62612,rue de fresnes,M,"50,3517020","2,9120710",62,2019,50.0,1.0,1.0,3.0,2144772,1.0,1,3,1,1.0,,0.0,0,1991.0,B01,138Â 304Â 369,2.0,6.0,-1.0,1637797,1.0,7,,0.0,2.0,2.0,A01,138Â 304Â 370,1.0
959651,201900001182,5,17,18:00,1,2,6,1.0,2.0,62612,rue de fresnes,M,"50,3517020","2,9120710",62,2019,50.0,1.0,1.0,3.0,2144773,1.0,1,1,1,5.0,,0.0,0,1999.0,A01,138Â 304Â 370,1.0,-1.0,-1.0,1637796,1.0,33,,0.0,0.0,4.0,B01,138Â 304Â 369,1.0
959651,201900001182,5,17,18:00,1,2,6,1.0,2.0,62612,rue de fresnes,M,"50,3517020","2,9120710",62,2019,50.0,1.0,1.0,3.0,2144773,1.0,1,1,1,5.0,,0.0,0,1999.0,A01,138Â 304Â 370,1.0,-1.0,-1.0,1637797,1.0,7,,0.0,2.0,2.0,A01,138Â 304Â 370,1.0
959652,201900001183,5,18,09:35,1,1,1,1.0,6.0,62505,A16,M,"50,8337910","1,7040870",62,2019,130.0,2.0,1.0,1.0,2144774,1.0,1,3,1,0.0,,0.0,0,1986.0,A01,138Â 304Â 368,1.0,-1.0,-1.0,1637798,2.0,7,,13.0,0.0,9.0,A01,138Â 304Â 368,1.0
959653,201900001184,5,12,16:00,1,1,1,1.0,7.0,59541,cd 942,M,"50,1884100","3,4569680",59,2019,80.0,3.0,1.0,3.0,2144775,1.0,1,3,1,5.0,,0.0,0,1974.0,A01,138Â 304Â 362,2.0,-1.0,-1.0,1637799,1.0,33,,0.0,0.0,1.0,A01,138Â 304Â 362,1.0
959654,201900001185,5,18,13:40,1,2,1,1.0,6.0,59139,Place Ernest Plet,M,"50,1277240","3,4152520",59,2019,50.0,4.0,1.0,4.0,2144776,10.0,3,4,1,5.0,,5.0,9,1950.0,A01,138Â 304Â 361,0.0,-1.0,-1.0,1637800,1.0,7,,0.0,1.0,2.0,A01,138Â 304Â 361,1.0
959654,201900001185,5,18,13:40,1,2,1,1.0,6.0,59139,Place Ernest Plet,M,"50,1277240","3,4152520",59,2019,50.0,4.0,1.0,4.0,2144777,1.0,1,1,2,3.0,,0.0,0,1932.0,A01,138Â 304Â 361,1.0,-1.0,-1.0,1637800,1.0,7,,0.0,1.0,2.0,A01,138Â 304Â 361,1.0
959655,201900001186,5,10,22:40,5,2,1,2.0,6.0,59136,rue fontellay desjardin,M,"50,1070160","3,5423200",59,2019,50.0,4.0,2.0,3.0,2144778,1.0,1,3,1,5.0,,0.0,0,1992.0,A01,138Â 304Â 360,5.0,-1.0,-1.0,1637801,2.0,7,,6.0,0.0,1.0,A01,138Â 304Â 360,1.0
959656,201900001187,5,1,12:15,1,2,1,1.0,6.0,59136,54 chemin de Montay,M,"50,1113970","3,5426870",59,2019,50.0,1.0,1.0,4.0,2144779,10.0,3,1,2,9.0,,0.0,0,1995.0,B01,138Â 304Â 358,0.0,-1.0,-1.0,1637802,0.0,99,,0.0,2.0,0.0,B01,138Â 304Â 358,5.0
959656,201900001187,5,1,12:15,1,2,1,1.0,6.0,59136,54 chemin de Montay,M,"50,1113970","3,5426870",59,2019,50.0,1.0,1.0,4.0,2144779,10.0,3,1,2,9.0,,0.0,0,1995.0,B01,138Â 304Â 358,0.0,-1.0,-1.0,1637803,0.0,33,,0.0,5.0,1.0,A01,138Â 304Â 359,1.0
959656,201900001187,5,1,12:15,1,2,1,1.0,6.0,59136,54 chemin de Montay,M,"50,1113970","3,5426870",59,2019,50.0,1.0,1.0,4.0,2144780,2.0,2,1,2,5.0,,0.0,0,1990.0,A01,138Â 304Â 359,2.0,6.0,9.0,1637802,0.0,99,,0.0,2.0,0.0,B01,138Â 304Â 358,5.0
959656,201900001187,5,1,12:15,1,2,1,1.0,6.0,59136,54 chemin de Montay,M,"50,1113970","3,5426870",59,2019,50.0,1.0,1.0,4.0,2144780,2.0,2,1,2,5.0,,0.0,0,1990.0,A01,138Â 304Â 359,2.0,6.0,9.0,1637803,0.0,33,,0.0,5.0,1.0,A01,138Â 304Â 359,1.0
959656,201900001187,5,1,12:15,1,2,1,1.0,6.0,59136,54 chemin de Montay,M,"50,1113970","3,5426870",59,2019,50.0,1.0,1.0,4.0,2144781,1.0,1,3,1,5.0,,0.0,0,1991.0,A01,138Â 304Â 359,2.0,6.0,9.0,1637802,0.0,99,,0.0,2.0,0.0,B01,138Â 304Â 358,5.0
959656,201900001187,5,1,12:15,1,2,1,1.0,6.0,59136,54 chemin de Montay,M,"50,1113970","3,5426870",59,2019,50.0,1.0,1.0,4.0,2144781,1.0,1,3,1,5.0,,0.0,0,1991.0,A01,138Â 304Â 359,2.0,6.0,9.0,1637803,0.0,33,,0.0,5.0,1.0,A01,138Â 304Â 359,1.0
959657,201900001188,5,17,23:30,3,1,1,2.0,6.0,59275,CD 90,M,"50,5946110","3,2058540",59,2019,80.0,3.0,2.0,7.0,2144782,1.0,1,2,1,2.0,,0.0,0,1977.0,A01,138Â 304Â 357,1.0,-1.0,-1.0,1637804,1.0,7,,13.0,0.0,0.0,A01,138Â 304Â 357,1.0
959658,201900001189,5,12,05:45,2,1,1,1.0,6.0,59660,rue de Verdun - D90,M,"50,6376480","3,2352400",59,2019,70.0,3.0,1.0,3.0,2144783,1.0,1,3,1,5.0,,0.0,0,1988.0,A01,138Â 304Â 356,1.0,-1.0,-1.0,1637805,1.0,7,,2.0,0.0,2.0,A01,138Â 304Â 356,1.0
959659,201900001190,5,23,08:30,1,2,1,1.0,3.0,59400,6 rue thiers,M,"50,6436200","2,6401080",59,2019,50.0,1.0,1.0,3.0,2144784,1.0,1,1,1,1.0,,0.0,0,1985.0,B01,138Â 304Â 354,8.0,-1.0,-1.0,1637806,2.0,10,,0.0,2.0,7.0,B01,138Â 304Â 354,1.0
959659,201900001190,5,23,08:30,1,2,1,1.0,3.0,59400,6 rue thiers,M,"50,6436200","2,6401080",59,2019,50.0,1.0,1.0,3.0,2144784,1.0,1,1,1,1.0,,0.0,0,1985.0,B01,138Â 304Â 354,8.0,-1.0,-1.0,1637807,2.0,1,,0.0,2.0,8.0,A01,138Â 304Â 355,5.0
959659,201900001190,5,23,08:30,1,2,1,1.0,3.0,59400,6 rue thiers,M,"50,6436200","2,6401080",59,2019,50.0,1.0,1.0,3.0,2144785,1.0,1,3,1,5.0,,0.0,0,1938.0,A01,138Â 304Â 355,0.0,-1.0,-1.0,1637806,2.0,10,,0.0,2.0,7.0,B01,138Â 304Â 354,1.0
959659,201900001190,5,23,08:30,1,2,1,1.0,3.0,59400,6 rue thiers,M,"50,6436200","2,6401080",59,2019,50.0,1.0,1.0,3.0,2144785,1.0,1,3,1,5.0,,0.0,0,1938.0,A01,138Â 304Â 355,0.0,-1.0,-1.0,1637807,2.0,1,,0.0,2.0,8.0,A01,138Â 304Â 355,5.0
959660,201900001191,5,27,08:30,1,2,1,1.0,6.0,59212,Rue Ãmile Roche,M,"50,6440770","2,7215210",59,2019,50.0,8.0,1.0,4.0,2144786,1.0,1,1,1,4.0,,0.0,0,1962.0,A01,138Â 304Â 353,1.0,-1.0,-1.0,1637808,3.0,37,1.0,0.0,1.0,3.0,A01,138Â 304Â 353,1.0
959660,201900001191,5,27,08:30,1,2,1,1.0,6.0,59212,Rue Ãmile Roche,M,"50,6440770","2,7215210",59,2019,50.0,8.0,1.0,4.0,2144787,10.0,3,3,2,5.0,,3.0,3,1994.0,A01,138Â 304Â 353,0.0,-1.0,-1.0,1637808,3.0,37,1.0,0.0,1.0,3.0,A01,138Â 304Â 353,1.0
959661,201900001192,5,26,10:50,1,1,1,1.0,6.0,59535,361 Route du Mont-Noir,M,"50,7771010","2,7383170",59,2019,80.0,3.0,1.0,3.0,2144788,1.0,1,4,2,0.0,,0.0,0,1959.0,A01,138Â 304Â 351,1.0,-1.0,-1.0,1637809,1.0,7,,0.0,2.0,9.0,A01,138Â 304Â 351,0.0
959661,201900001192,5,26,10:50,1,1,1,1.0,6.0,59535,361 Route du Mont-Noir,M,"50,7771010","2,7383170",59,2019,80.0,3.0,1.0,3.0,2144788,1.0,1,4,2,0.0,,0.0,0,1959.0,A01,138Â 304Â 351,1.0,-1.0,-1.0,1637810,1.0,7,,0.0,2.0,1.0,B01,138Â 304Â 352,0.0
959661,201900001192,5,26,10:50,1,1,1,1.0,6.0,59535,361 Route du Mont-Noir,M,"50,7771010","2,7383170",59,2019,80.0,3.0,1.0,3.0,2144789,1.0,1,1,2,5.0,,0.0,0,1964.0,B01,138Â 304Â 352,1.0,-1.0,-1.0,1637809,1.0,7,,0.0,2.0,9.0,A01,138Â 304Â 351,0.0
959661,201900001192,5,26,10:50,1,1,1,1.0,6.0,59535,361 Route du Mont-Noir,M,"50,7771010","2,7383170",59,2019,80.0,3.0,1.0,3.0,2144789,1.0,1,1,2,5.0,,0.0,0,1964.0,B01,138Â 304Â 352,1.0,-1.0,-1.0,1637810,1.0,7,,0.0,2.0,1.0,B01,138Â 304Â 352,0.0
959662,201900001193,5,21,18:45,1,1,2,1.0,3.0,59586,Rue de la FourmisiÃ¨re,M,"50,5264470","3,1745980",59,2019,80.0,1.0,1.0,3.0,2144790,1.0,1,1,2,0.0,,0.0,0,1998.0,B01,138Â 304Â 349,1.0,-1.0,-1.0,1637811,2.0,7,,0.0,2.0,8.0,B01,138Â 304Â 349,1.0
959662,201900001193,5,21,18:45,1,1,2,1.0,3.0,59586,Rue de la FourmisiÃ¨re,M,"50,5264470","3,1745980",59,2019,80.0,1.0,1.0,3.0,2144790,1.0,1,1,2,0.0,,0.0,0,1998.0,B01,138Â 304Â 349,1.0,-1.0,-1.0,1637812,1.0,33,,0.0,2.0,1.0,A01,138Â 304Â 350,1.0
959662,201900001193,5,21,18:45,1,1,2,1.0,3.0,59586,Rue de la FourmisiÃ¨re,M,"50,5264470","3,1745980",59,2019,80.0,1.0,1.0,3.0,2144791,1.0,1,3,1,0.0,,0.0,0,1993.0,A01,138Â 304Â 350,2.0,6.0,9.0,1637811,2.0,7,,0.0,2.0,8.0,B01,138Â 304Â 349,1.0
959662,201900001193,5,21,18:45,1,1,2,1.0,3.0,59586,Rue de la FourmisiÃ¨re,M,"50,5264470","3,1745980",59,2019,80.0,1.0,1.0,3.0,2144791,1.0,1,3,1,0.0,,0.0,0,1993.0,A01,138Â 304Â 350,2.0,6.0,9.0,1637812,1.0,33,,0.0,2.0,1.0,A01,138Â 304Â 350,1.0
959663,201900001194,5,25,17:00,1,2,4,1.0,2.0,59051,Route d'Estaires,M,"50,5464300","2,7966581",59,2019,50.0,1.0,1.0,7.0,2144792,1.0,1,1,1,5.0,,0.0,0,1961.0,B01,138Â 304Â 347,1.0,-1.0,-1.0,1637813,2.0,7,,0.0,0.0,6.0,B01,138Â 304Â 347,6.0
959663,201900001194,5,25,17:00,1,2,4,1.0,2.0,59051,Route d'Estaires,M,"50,5464300","2,7966581",59,2019,50.0,1.0,1.0,7.0,2144792,1.0,1,1,1,5.0,,0.0,0,1961.0,B01,138Â 304Â 347,1.0,-1.0,-1.0,1637814,1.0,33,,0.0,2.0,1.0,A01,138Â 304Â 348,6.0
959663,201900001194,5,25,17:00,1,2,4,1.0,2.0,59051,Route d'Estaires,M,"50,5464300","2,7966581",59,2019,50.0,1.0,1.0,7.0,2144793,1.0,1,3,1,5.0,,0.0,0,1971.0,A01,138Â 304Â 348,2.0,6.0,9.0,1637813,2.0,7,,0.0,0.0,6.0,B01,138Â 304Â 347,6.0
959663,201900001194,5,25,17:00,1,2,4,1.0,2.0,59051,Route d'Estaires,M,"50,5464300","2,7966581",59,2019,50.0,1.0,1.0,7.0,2144793,1.0,1,3,1,5.0,,0.0,0,1971.0,A01,138Â 304Â 348,2.0,6.0,9.0,1637814,1.0,33,,0.0,2.0,1.0,A01,138Â 304Â 348,6.0
959664,201900001195,5,3,16:45,1,1,1,1.0,7.0,59658,RN41,M,"50,5719590","2,8603680",59,2019,90.0,1.0,1.0,2.0,2144794,1.0,1,3,1,4.0,,0.0,0,1979.0,A01,138Â 304Â 346,1.0,-1.0,-1.0,1637815,1.0,13,,4.0,0.0,2.0,A01,138Â 304Â 346,1.0
959665,201900001196,5,28,14:40,1,1,1,1.0,4.0,13055,A507 sens Marseille - Aubagne,M,"43,2941560","5,4242300",13,2019,70.0,1.0,1.0,1.0,2144795,1.0,1,1,1,5.0,,-1.0,0,1967.0,A01,138Â 304Â 343,1.0,0.0,-1.0,1637816,1.0,7,,0.0,2.0,4.0,A01,138Â 304Â 343,1.0
959665,201900001196,5,28,14:40,1,1,1,1.0,4.0,13055,A507 sens Marseille - Aubagne,M,"43,2941560","5,4242300",13,2019,70.0,1.0,1.0,1.0,2144795,1.0,1,1,1,5.0,,-1.0,0,1967.0,A01,138Â 304Â 343,1.0,0.0,-1.0,1637817,1.0,10,,0.0,2.0,4.0,B01,138Â 304Â 344,1.0
959665,201900001196,5,28,14:40,1,1,1,1.0,4.0,13055,A507 sens Marseille - Aubagne,M,"43,2941560","5,4242300",13,2019,70.0,1.0,1.0,1.0,2144795,1.0,1,1,1,5.0,,-1.0,0,1967.0,A01,138Â 304Â 343,1.0,0.0,-1.0,1637818,1.0,7,,0.0,2.0,1.0,C01,138Â 304Â 345,1.0
959665,201900001196,5,28,14:40,1,1,1,1.0,4.0,13055,A507 sens Marseille - Aubagne,M,"43,2941560","5,4242300",13,2019,70.0,1.0,1.0,1.0,2144796,1.0,1,1,1,5.0,,-1.0,0,1965.0,B01,138Â 304Â 344,1.0,0.0,-1.0,1637816,1.0,7,,0.0,2.0,4.0,A01,138Â 304Â 343,1.0
959665,201900001196,5,28,14:40,1,1,1,1.0,4.0,13055,A507 sens Marseille - Aubagne,M,"43,2941560","5,4242300",13,2019,70.0,1.0,1.0,1.0,2144796,1.0,1,1,1,5.0,,-1.0,0,1965.0,B01,138Â 304Â 344,1.0,0.0,-1.0,1637817,1.0,10,,0.0,2.0,4.0,B01,138Â 304Â 344,1.0
959665,201900001196,5,28,14:40,1,1,1,1.0,4.0,13055,A507 sens Marseille - Aubagne,M,"43,2941560","5,4242300",13,2019,70.0,1.0,1.0,1.0,2144796,1.0,1,1,1,5.0,,-1.0,0,1965.0,B01,138Â 304Â 344,1.0,0.0,-1.0,1637818,1.0,7,,0.0,2.0,1.0,C01,138Â 304Â 345,1.0
959665,201900001196,5,28,14:40,1,1,1,1.0,4.0,13055,A507 sens Marseille - Aubagne,M,"43,2941560","5,4242300",13,2019,70.0,1.0,1.0,1.0,2144797,2.0,2,4,2,5.0,,-1.0,0,1983.0,B01,138Â 304Â 344,1.0,0.0,-1.0,1637816,1.0,7,,0.0,2.0,4.0,A01,138Â 304Â 343,1.0
959665,201900001196,5,28,14:40,1,1,1,1.0,4.0,13055,A507 sens Marseille - Aubagne,M,"43,2941560","5,4242300",13,2019,70.0,1.0,1.0,1.0,2144797,2.0,2,4,2,5.0,,-1.0,0,1983.0,B01,138Â 304Â 344,1.0,0.0,-1.0,1637817,1.0,10,,0.0,2.0,4.0,B01,138Â 304Â 344,1.0
959665,201900001196,5,28,14:40,1,1,1,1.0,4.0,13055,A507 sens Marseille - Aubagne,M,"43,2941560","5,4242300",13,2019,70.0,1.0,1.0,1.0,2144797,2.0,2,4,2,5.0,,-1.0,0,1983.0,B01,138Â 304Â 344,1.0,0.0,-1.0,1637818,1.0,7,,0.0,2.0,1.0,C01,138Â 304Â 345,1.0