Unnamed: 0_x,num_acc,mois,jour,hrmn,lum,agg,int,atm,col,com,adr,gps,lat,long,dep,annee,vma,situ,surf,catr,Unnamed: 0_y,place,catu,grav,sexe,trajet,secu,locp,actp,an_nais,num_veh_x,id_vehicule_x,secu1,secu2,secu3,Unnamed: 0,senc,catv,occutc,obs,obsm,choc,num_veh_y,id_vehicule_y,motor
959665,201900001196,5,28,14:40,1,1,1,1.0,4.0,13055,A507 sens Marseille - Aubagne,M,"43,2941560","5,4242300",13,2019,70.0,1.0,1.0,1.0,2144798,1.0,1,1,1,4.0,,-1.0,0,1974.0,C01,138Â 304Â 345,1.0,0.0,-1.0,1637816,1.0,7,,0.0,2.0,4.0,A01,138Â 304Â 343,1.0
959665,201900001196,5,28,14:40,1,1,1,1.0,4.0,13055,A507 sens Marseille - Aubagne,M,"43,2941560","5,4242300",13,2019,70.0,1.0,1.0,1.0,2144798,1.0,1,1,1,4.0,,-1.0,0,1974.0,C01,138Â 304Â 345,1.0,0.0,-1.0,1637817,1.0,10,,0.0,2.0,4.0,B01,138Â 304Â 344,1.0
959665,201900001196,5,28,14:40,1,1,1,1.0,4.0,13055,A507 sens Marseille - Aubagne,M,"43,2941560","5,4242300",13,2019,70.0,1.0,1.0,1.0,2144798,1.0,1,1,1,4.0,,-1.0,0,1974.0,C01,138Â 304Â 345,1.0,0.0,-1.0,1637818,1.0,7,,0.0,2.0,1.0,C01,138Â 304Â 345,1.0
959666,201900001197,5,27,17:40,1,1,1,1.0,2.0,13019,A51-Sens Marseille vers Aix en Provence,M,"43,4233000","5,3735000",13,2019,90.0,1.0,1.0,1.0,2144799,1.0,1,1,1,5.0,,0.0,0,1949.0,A01,138Â 304Â 341,1.0,0.0,-1.0,1637819,1.0,7,,0.0,2.0,4.0,A01,138Â 304Â 341,1.0
959666,201900001197,5,27,17:40,1,1,1,1.0,2.0,13019,A51-Sens Marseille vers Aix en Provence,M,"43,4233000","5,3735000",13,2019,90.0,1.0,1.0,1.0,2144799,1.0,1,1,1,5.0,,0.0,0,1949.0,A01,138Â 304Â 341,1.0,0.0,-1.0,1637820,1.0,33,,0.0,2.0,1.0,B01,138Â 304Â 342,1.0
959666,201900001197,5,27,17:40,1,1,1,1.0,2.0,13019,A51-Sens Marseille vers Aix en Provence,M,"43,4233000","5,3735000",13,2019,90.0,1.0,1.0,1.0,2144800,2.0,2,1,2,5.0,,0.0,0,1951.0,A01,138Â 304Â 341,1.0,0.0,-1.0,1637819,1.0,7,,0.0,2.0,4.0,A01,138Â 304Â 341,1.0
959666,201900001197,5,27,17:40,1,1,1,1.0,2.0,13019,A51-Sens Marseille vers Aix en Provence,M,"43,4233000","5,3735000",13,2019,90.0,1.0,1.0,1.0,2144800,2.0,2,1,2,5.0,,0.0,0,1951.0,A01,138Â 304Â 341,1.0,0.0,-1.0,1637820,1.0,33,,0.0,2.0,1.0,B01,138Â 304Â 342,1.0
959666,201900001197,5,27,17:40,1,1,1,1.0,2.0,13019,A51-Sens Marseille vers Aix en Provence,M,"43,4233000","5,3735000",13,2019,90.0,1.0,1.0,1.0,2144801,1.0,1,4,1,1.0,,0.0,0,1960.0,B01,138Â 304Â 342,2.0,6.0,-1.0,1637819,1.0,7,,0.0,2.0,4.0,A01,138Â 304Â 341,1.0
959666,201900001197,5,27,17:40,1,1,1,1.0,2.0,13019,A51-Sens Marseille vers Aix en Provence,M,"43,4233000","5,3735000",13,2019,90.0,1.0,1.0,1.0,2144801,1.0,1,4,1,1.0,,0.0,0,1960.0,B01,138Â 304Â 342,2.0,6.0,-1.0,1637820,1.0,33,,0.0,2.0,1.0,B01,138Â 304Â 342,1.0
959667,201900001198,5,24,11:22,1,1,1,1.0,7.0,13028,A50-Sens Toulon vers Aubagne,M,"43,2055500","5,5889500",13,2019,30.0,1.0,1.0,1.0,2144802,1.0,1,3,1,4.0,,-1.0, -1,1957.0,A01,138Â 304Â 340,2.0,6.0,-1.0,1637821,2.0,34,,0.0,0.0,8.0,A01,138Â 304Â 340,1.0
959668,201900001199,5,26,06:00,1,1,1,1.0,6.0,13202,A55-Sens Marseille vers Martigues,M,"43,2964900","5,3626400",13,2019,50.0,4.0,1.0,1.0,2144803,1.0,1,4,1,5.0,,0.0,0,1982.0,A01,138Â 304Â 339,2.0,0.0,-1.0,1637822,1.0,34,,6.0,0.0,1.0,A01,138Â 304Â 339,1.0
959669,201900001200,5,23,18:15,1,1,1,1.0,2.0,13211,Sens Aubagne vers Marseille,M,"43,2942400","5,4720900",13,2019,90.0,1.0,1.0,1.0,2144804,1.0,1,1,2,1.0,,-1.0, -1,1996.0,A01,138Â 304Â 337,1.0,8.0,-1.0,1637823,2.0,7,,0.0,2.0,1.0,A01,138Â 304Â 337,1.0
959669,201900001200,5,23,18:15,1,1,1,1.0,2.0,13211,Sens Aubagne vers Marseille,M,"43,2942400","5,4720900",13,2019,90.0,1.0,1.0,1.0,2144804,1.0,1,1,2,1.0,,-1.0, -1,1996.0,A01,138Â 304Â 337,1.0,8.0,-1.0,1637824,2.0,7,,0.0,2.0,4.0,B01,138Â 304Â 338,1.0
959669,201900001200,5,23,18:15,1,1,1,1.0,2.0,13211,Sens Aubagne vers Marseille,M,"43,2942400","5,4720900",13,2019,90.0,1.0,1.0,1.0,2144805,1.0,1,4,2,1.0,,-1.0, -1,1997.0,B01,138Â 304Â 338,1.0,8.0,-1.0,1637823,2.0,7,,0.0,2.0,1.0,A01,138Â 304Â 337,1.0
959669,201900001200,5,23,18:15,1,1,1,1.0,2.0,13211,Sens Aubagne vers Marseille,M,"43,2942400","5,4720900",13,2019,90.0,1.0,1.0,1.0,2144805,1.0,1,4,2,1.0,,-1.0, -1,1997.0,B01,138Â 304Â 338,1.0,8.0,-1.0,1637824,2.0,7,,0.0,2.0,4.0,B01,138Â 304Â 338,1.0
959670,201900001201,5,23,16:00,1,1,9,1.0,2.0,13005,A52-Sens Toulon vers Pont de l'Etoile,M,"43,3232900","5,5977300",13,2019,50.0,1.0,1.0,1.0,2144806,1.0,1,4,1,4.0,,0.0,0,1984.0,A01,138Â 304Â 335,1.0,8.0,-1.0,1637825,1.0,10,,0.0,2.0,4.0,A01,138Â 304Â 335,1.0
959670,201900001201,5,23,16:00,1,1,9,1.0,2.0,13005,A52-Sens Toulon vers Pont de l'Etoile,M,"43,3232900","5,5977300",13,2019,50.0,1.0,1.0,1.0,2144806,1.0,1,4,1,4.0,,0.0,0,1984.0,A01,138Â 304Â 335,1.0,8.0,-1.0,1637826,1.0,7,,0.0,2.0,1.0,B01,138Â 304Â 336,1.0
959670,201900001201,5,23,16:00,1,1,9,1.0,2.0,13005,A52-Sens Toulon vers Pont de l'Etoile,M,"43,3232900","5,5977300",13,2019,50.0,1.0,1.0,1.0,2144807,2.0,2,4,1,4.0,,0.0,0,1995.0,A01,138Â 304Â 335,1.0,8.0,-1.0,1637825,1.0,10,,0.0,2.0,4.0,A01,138Â 304Â 335,1.0
959670,201900001201,5,23,16:00,1,1,9,1.0,2.0,13005,A52-Sens Toulon vers Pont de l'Etoile,M,"43,3232900","5,5977300",13,2019,50.0,1.0,1.0,1.0,2144807,2.0,2,4,1,4.0,,0.0,0,1995.0,A01,138Â 304Â 335,1.0,8.0,-1.0,1637826,1.0,7,,0.0,2.0,1.0,B01,138Â 304Â 336,1.0
959670,201900001201,5,23,16:00,1,1,9,1.0,2.0,13005,A52-Sens Toulon vers Pont de l'Etoile,M,"43,3232900","5,5977300",13,2019,50.0,1.0,1.0,1.0,2144808,1.0,1,1,1,1.0,,-1.0,0,1986.0,B01,138Â 304Â 336,1.0,0.0,-1.0,1637825,1.0,10,,0.0,2.0,4.0,A01,138Â 304Â 335,1.0
959670,201900001201,5,23,16:00,1,1,9,1.0,2.0,13005,A52-Sens Toulon vers Pont de l'Etoile,M,"43,3232900","5,5977300",13,2019,50.0,1.0,1.0,1.0,2144808,1.0,1,1,1,1.0,,-1.0,0,1986.0,B01,138Â 304Â 336,1.0,0.0,-1.0,1637826,1.0,7,,0.0,2.0,1.0,B01,138Â 304Â 336,1.0
959671,201900001202,5,23,07:50,1,1,1,1.0,7.0,13211,A50-Sens Aubagne vers Marseille,M,"43,2904000","5,4484000",13,2019,90.0,1.0,1.0,1.0,2144809,1.0,1,3,1,1.0,,-1.0, -1,1955.0,A01,138Â 304Â 334,2.0,6.0,-1.0,1637827,2.0,33,,0.0,2.0,2.0,A01,138Â 304Â 334,1.0
959672,201900001203,5,22,08:05,1,1,1,1.0,5.0,13022,A50-Sens Toulon vers Aubagne,M,"43,2298000","5,5852000",13,2019,110.0,1.0,1.0,1.0,2144810,1.0,1,1,1,5.0,,-1.0, -1,1955.0,A01,138Â 304Â 331,1.0,4.0,-1.0,1637828,2.0,10,,0.0,2.0,4.0,A01,138Â 304Â 331,1.0
959672,201900001203,5,22,08:05,1,1,1,1.0,5.0,13022,A50-Sens Toulon vers Aubagne,M,"43,2298000","5,5852000",13,2019,110.0,1.0,1.0,1.0,2144810,1.0,1,1,1,5.0,,-1.0, -1,1955.0,A01,138Â 304Â 331,1.0,4.0,-1.0,1637829,2.0,10,,0.0,2.0,1.0,B01,138Â 304Â 332,1.0
959672,201900001203,5,22,08:05,1,1,1,1.0,5.0,13022,A50-Sens Toulon vers Aubagne,M,"43,2298000","5,5852000",13,2019,110.0,1.0,1.0,1.0,2144810,1.0,1,1,1,5.0,,-1.0, -1,1955.0,A01,138Â 304Â 331,1.0,4.0,-1.0,1637830,2.0,10,,0.0,2.0,1.0,C01,138Â 304Â 333,1.0
959672,201900001203,5,22,08:05,1,1,1,1.0,5.0,13022,A50-Sens Toulon vers Aubagne,M,"43,2298000","5,5852000",13,2019,110.0,1.0,1.0,1.0,2144811,1.0,1,4,1,4.0,,-1.0, -1,1992.0,B01,138Â 304Â 332,1.0,0.0,-1.0,1637828,2.0,10,,0.0,2.0,4.0,A01,138Â 304Â 331,1.0
959672,201900001203,5,22,08:05,1,1,1,1.0,5.0,13022,A50-Sens Toulon vers Aubagne,M,"43,2298000","5,5852000",13,2019,110.0,1.0,1.0,1.0,2144811,1.0,1,4,1,4.0,,-1.0, -1,1992.0,B01,138Â 304Â 332,1.0,0.0,-1.0,1637829,2.0,10,,0.0,2.0,1.0,B01,138Â 304Â 332,1.0
959672,201900001203,5,22,08:05,1,1,1,1.0,5.0,13022,A50-Sens Toulon vers Aubagne,M,"43,2298000","5,5852000",13,2019,110.0,1.0,1.0,1.0,2144811,1.0,1,4,1,4.0,,-1.0, -1,1992.0,B01,138Â 304Â 332,1.0,0.0,-1.0,1637830,2.0,10,,0.0,2.0,1.0,C01,138Â 304Â 333,1.0
959672,201900001203,5,22,08:05,1,1,1,1.0,5.0,13022,A50-Sens Toulon vers Aubagne,M,"43,2298000","5,5852000",13,2019,110.0,1.0,1.0,1.0,2144812,1.0,1,1,1,4.0,,-1.0, -1,1986.0,C01,138Â 304Â 333,1.0,4.0,-1.0,1637828,2.0,10,,0.0,2.0,4.0,A01,138Â 304Â 331,1.0
959672,201900001203,5,22,08:05,1,1,1,1.0,5.0,13022,A50-Sens Toulon vers Aubagne,M,"43,2298000","5,5852000",13,2019,110.0,1.0,1.0,1.0,2144812,1.0,1,1,1,4.0,,-1.0, -1,1986.0,C01,138Â 304Â 333,1.0,4.0,-1.0,1637829,2.0,10,,0.0,2.0,1.0,B01,138Â 304Â 332,1.0
959672,201900001203,5,22,08:05,1,1,1,1.0,5.0,13022,A50-Sens Toulon vers Aubagne,M,"43,2298000","5,5852000",13,2019,110.0,1.0,1.0,1.0,2144812,1.0,1,1,1,4.0,,-1.0, -1,1986.0,C01,138Â 304Â 333,1.0,4.0,-1.0,1637830,2.0,10,,0.0,2.0,1.0,C01,138Â 304Â 333,1.0
959673,201900001204,5,20,08:00,1,1,1,2.0,2.0,13071,A55 - Sens Marseille vers Martigues,M,"43,3936660","5,2997280",13,2019,90.0,1.0,2.0,1.0,2144813,1.0,1,1,1,4.0,,-1.0, -1,1986.0,B01,138Â 304Â 329,1.0,0.0,-1.0,1637831,1.0,7,,0.0,2.0,1.0,B01,138Â 304Â 329,1.0
959673,201900001204,5,20,08:00,1,1,1,2.0,2.0,13071,A55 - Sens Marseille vers Martigues,M,"43,3936660","5,2997280",13,2019,90.0,1.0,2.0,1.0,2144813,1.0,1,1,1,4.0,,-1.0, -1,1986.0,B01,138Â 304Â 329,1.0,0.0,-1.0,1637832,1.0,7,,0.0,2.0,4.0,A01,138Â 304Â 330,0.0
959673,201900001204,5,20,08:00,1,1,1,2.0,2.0,13071,A55 - Sens Marseille vers Martigues,M,"43,3936660","5,2997280",13,2019,90.0,1.0,2.0,1.0,2144814,1.0,1,4,1,4.0,,-1.0, -1,1972.0,A01,138Â 304Â 330,1.0,0.0,-1.0,1637831,1.0,7,,0.0,2.0,1.0,B01,138Â 304Â 329,1.0
959673,201900001204,5,20,08:00,1,1,1,2.0,2.0,13071,A55 - Sens Marseille vers Martigues,M,"43,3936660","5,2997280",13,2019,90.0,1.0,2.0,1.0,2144814,1.0,1,4,1,4.0,,-1.0, -1,1972.0,A01,138Â 304Â 330,1.0,0.0,-1.0,1637832,1.0,7,,0.0,2.0,4.0,A01,138Â 304Â 330,0.0
959674,201900001205,5,17,18:20,1,1,1,2.0,2.0,13019,A51-Sens Aix en Provence vers Marseille,M,"43,4277000","5,3851000",13,2019,90.0,1.0,2.0,1.0,2144815,2.0,2,4,2,5.0,,-1.0, -1,1954.0,A01,138Â 304Â 327,1.0,0.0,-1.0,1637833,2.0,7,,0.0,2.0,4.0,A01,138Â 304Â 327,1.0
959674,201900001205,5,17,18:20,1,1,1,2.0,2.0,13019,A51-Sens Aix en Provence vers Marseille,M,"43,4277000","5,3851000",13,2019,90.0,1.0,2.0,1.0,2144815,2.0,2,4,2,5.0,,-1.0, -1,1954.0,A01,138Â 304Â 327,1.0,0.0,-1.0,1637834,2.0,7,,0.0,2.0,1.0,B01,138Â 304Â 328,1.0
959674,201900001205,5,17,18:20,1,1,1,2.0,2.0,13019,A51-Sens Aix en Provence vers Marseille,M,"43,4277000","5,3851000",13,2019,90.0,1.0,2.0,1.0,2144816,1.0,1,4,1,5.0,,-1.0, -1,1952.0,A01,138Â 304Â 327,1.0,0.0,-1.0,1637833,2.0,7,,0.0,2.0,4.0,A01,138Â 304Â 327,1.0
959674,201900001205,5,17,18:20,1,1,1,2.0,2.0,13019,A51-Sens Aix en Provence vers Marseille,M,"43,4277000","5,3851000",13,2019,90.0,1.0,2.0,1.0,2144816,1.0,1,4,1,5.0,,-1.0, -1,1952.0,A01,138Â 304Â 327,1.0,0.0,-1.0,1637834,2.0,7,,0.0,2.0,1.0,B01,138Â 304Â 328,1.0
959674,201900001205,5,17,18:20,1,1,1,2.0,2.0,13019,A51-Sens Aix en Provence vers Marseille,M,"43,4277000","5,3851000",13,2019,90.0,1.0,2.0,1.0,2144817,1.0,1,4,2,5.0,,-1.0, -1,1987.0,B01,138Â 304Â 328,1.0,0.0,-1.0,1637833,2.0,7,,0.0,2.0,4.0,A01,138Â 304Â 327,1.0
959674,201900001205,5,17,18:20,1,1,1,2.0,2.0,13019,A51-Sens Aix en Provence vers Marseille,M,"43,4277000","5,3851000",13,2019,90.0,1.0,2.0,1.0,2144817,1.0,1,4,2,5.0,,-1.0, -1,1987.0,B01,138Â 304Â 328,1.0,0.0,-1.0,1637834,2.0,7,,0.0,2.0,1.0,B01,138Â 304Â 328,1.0
959675,201900001206,5,14,14:30,1,1,1,1.0,6.0,13033,A55 SENS MARTIGUES-MARSEILLE,M,"43,3800600","5,2219800",13,2019,110.0,1.0,1.0,1.0,2144818,1.0,1,4,1,4.0,,-1.0, -1,1999.0,A01,138Â 304Â 326,1.0,8.0,-1.0,1637835,2.0,15,,4.0,0.0,8.0,A01,138Â 304Â 326,1.0
959676,201900001207,5,11,15:50,1,1,1,1.0,2.0,13211,A50-Sens Marseille vers Aubagne,M,"43,2871440","5,5043780",13,2019,90.0,1.0,1.0,1.0,2144819,1.0,1,1,1,0.0,,-1.0, -1,1979.0,B01,138Â 304Â 324,1.0,4.0,-1.0,1637836,1.0,7,,0.0,2.0,1.0,B01,138Â 304Â 324,1.0
959676,201900001207,5,11,15:50,1,1,1,1.0,2.0,13211,A50-Sens Marseille vers Aubagne,M,"43,2871440","5,5043780",13,2019,90.0,1.0,1.0,1.0,2144819,1.0,1,1,1,0.0,,-1.0, -1,1979.0,B01,138Â 304Â 324,1.0,4.0,-1.0,1637837,1.0,7,,0.0,2.0,4.0,A01,138Â 304Â 325,1.0
959676,201900001207,5,11,15:50,1,1,1,1.0,2.0,13211,A50-Sens Marseille vers Aubagne,M,"43,2871440","5,5043780",13,2019,90.0,1.0,1.0,1.0,2144820,1.0,1,4,2,0.0,,-1.0, -1,1980.0,A01,138Â 304Â 325,1.0,4.0,-1.0,1637836,1.0,7,,0.0,2.0,1.0,B01,138Â 304Â 324,1.0
959676,201900001207,5,11,15:50,1,1,1,1.0,2.0,13211,A50-Sens Marseille vers Aubagne,M,"43,2871440","5,5043780",13,2019,90.0,1.0,1.0,1.0,2144820,1.0,1,4,2,0.0,,-1.0, -1,1980.0,A01,138Â 304Â 325,1.0,4.0,-1.0,1637837,1.0,7,,0.0,2.0,4.0,A01,138Â 304Â 325,1.0
959677,201900001208,5,16,21:58,3,1,1,1.0,3.0,13005,A50-Sens Aubagne vers Marseille,M,"43,2878180","5,5450540",13,2019,90.0,1.0,1.0,1.0,2144821,2.0,2,1,2,5.0,,-1.0, -1,1978.0,A01,138Â 304Â 322,1.0,8.0,-1.0,1637838,2.0,7,,0.0,2.0,2.0,A01,138Â 304Â 322,1.0
959677,201900001208,5,16,21:58,3,1,1,1.0,3.0,13005,A50-Sens Aubagne vers Marseille,M,"43,2878180","5,5450540",13,2019,90.0,1.0,1.0,1.0,2144821,2.0,2,1,2,5.0,,-1.0, -1,1978.0,A01,138Â 304Â 322,1.0,8.0,-1.0,1637839,2.0,7,,3.0,2.0,9.0,B01,138Â 304Â 323,1.0
959677,201900001208,5,16,21:58,3,1,1,1.0,3.0,13005,A50-Sens Aubagne vers Marseille,M,"43,2878180","5,5450540",13,2019,90.0,1.0,1.0,1.0,2144822,1.0,1,1,2,1.0,,-1.0, -1,1972.0,A01,138Â 304Â 322,1.0,8.0,-1.0,1637838,2.0,7,,0.0,2.0,2.0,A01,138Â 304Â 322,1.0
959677,201900001208,5,16,21:58,3,1,1,1.0,3.0,13005,A50-Sens Aubagne vers Marseille,M,"43,2878180","5,5450540",13,2019,90.0,1.0,1.0,1.0,2144822,1.0,1,1,2,1.0,,-1.0, -1,1972.0,A01,138Â 304Â 322,1.0,8.0,-1.0,1637839,2.0,7,,3.0,2.0,9.0,B01,138Â 304Â 323,1.0
959677,201900001208,5,16,21:58,3,1,1,1.0,3.0,13005,A50-Sens Aubagne vers Marseille,M,"43,2878180","5,5450540",13,2019,90.0,1.0,1.0,1.0,2144823,1.0,1,2,1,5.0,,-1.0, -1,1997.0,B01,138Â 304Â 323,1.0,0.0,-1.0,1637838,2.0,7,,0.0,2.0,2.0,A01,138Â 304Â 322,1.0
959677,201900001208,5,16,21:58,3,1,1,1.0,3.0,13005,A50-Sens Aubagne vers Marseille,M,"43,2878180","5,5450540",13,2019,90.0,1.0,1.0,1.0,2144823,1.0,1,2,1,5.0,,-1.0, -1,1997.0,B01,138Â 304Â 323,1.0,0.0,-1.0,1637839,2.0,7,,3.0,2.0,9.0,B01,138Â 304Â 323,1.0
959677,201900001208,5,16,21:58,3,1,1,1.0,3.0,13005,A50-Sens Aubagne vers Marseille,M,"43,2878180","5,5450540",13,2019,90.0,1.0,1.0,1.0,2144824,2.0,2,4,1,5.0,,-1.0, -1,1990.0,B01,138Â 304Â 323,1.0,8.0,-1.0,1637838,2.0,7,,0.0,2.0,2.0,A01,138Â 304Â 322,1.0
959677,201900001208,5,16,21:58,3,1,1,1.0,3.0,13005,A50-Sens Aubagne vers Marseille,M,"43,2878180","5,5450540",13,2019,90.0,1.0,1.0,1.0,2144824,2.0,2,4,1,5.0,,-1.0, -1,1990.0,B01,138Â 304Â 323,1.0,8.0,-1.0,1637839,2.0,7,,3.0,2.0,9.0,B01,138Â 304Â 323,1.0
959678,201900001209,5,16,07:40,1,1,1,1.0,4.0,13211,A50-Sens Marseille vers Aubagne,M,"43,2874900","5,5030630",13,2019,70.0,1.0,1.0,1.0,2144825,1.0,1,4,1,1.0,,-1.0, -1,1984.0,C01,138Â 304Â 319,1.0,4.0,-1.0,1637840,1.0,7,,0.0,2.0,1.0,C01,138Â 304Â 319,1.0
959678,201900001209,5,16,07:40,1,1,1,1.0,4.0,13211,A50-Sens Marseille vers Aubagne,M,"43,2874900","5,5030630",13,2019,70.0,1.0,1.0,1.0,2144825,1.0,1,4,1,1.0,,-1.0, -1,1984.0,C01,138Â 304Â 319,1.0,4.0,-1.0,1637841,1.0,10,,0.0,2.0,1.0,B01,138Â 304Â 320,1.0
959678,201900001209,5,16,07:40,1,1,1,1.0,4.0,13211,A50-Sens Marseille vers Aubagne,M,"43,2874900","5,5030630",13,2019,70.0,1.0,1.0,1.0,2144825,1.0,1,4,1,1.0,,-1.0, -1,1984.0,C01,138Â 304Â 319,1.0,4.0,-1.0,1637842,1.0,7,,0.0,2.0,4.0,A01,138Â 304Â 321,1.0
959678,201900001209,5,16,07:40,1,1,1,1.0,4.0,13211,A50-Sens Marseille vers Aubagne,M,"43,2874900","5,5030630",13,2019,70.0,1.0,1.0,1.0,2144826,1.0,1,4,1,1.0,,-1.0, -1,1986.0,B01,138Â 304Â 320,1.0,4.0,-1.0,1637840,1.0,7,,0.0,2.0,1.0,C01,138Â 304Â 319,1.0
959678,201900001209,5,16,07:40,1,1,1,1.0,4.0,13211,A50-Sens Marseille vers Aubagne,M,"43,2874900","5,5030630",13,2019,70.0,1.0,1.0,1.0,2144826,1.0,1,4,1,1.0,,-1.0, -1,1986.0,B01,138Â 304Â 320,1.0,4.0,-1.0,1637841,1.0,10,,0.0,2.0,1.0,B01,138Â 304Â 320,1.0
959678,201900001209,5,16,07:40,1,1,1,1.0,4.0,13211,A50-Sens Marseille vers Aubagne,M,"43,2874900","5,5030630",13,2019,70.0,1.0,1.0,1.0,2144826,1.0,1,4,1,1.0,,-1.0, -1,1986.0,B01,138Â 304Â 320,1.0,4.0,-1.0,1637842,1.0,7,,0.0,2.0,4.0,A01,138Â 304Â 321,1.0
959678,201900001209,5,16,07:40,1,1,1,1.0,4.0,13211,A50-Sens Marseille vers Aubagne,M,"43,2874900","5,5030630",13,2019,70.0,1.0,1.0,1.0,2144827,1.0,1,4,1,1.0,,-1.0, -1,1998.0,A01,138Â 304Â 321,1.0,4.0,-1.0,1637840,1.0,7,,0.0,2.0,1.0,C01,138Â 304Â 319,1.0
959678,201900001209,5,16,07:40,1,1,1,1.0,4.0,13211,A50-Sens Marseille vers Aubagne,M,"43,2874900","5,5030630",13,2019,70.0,1.0,1.0,1.0,2144827,1.0,1,4,1,1.0,,-1.0, -1,1998.0,A01,138Â 304Â 321,1.0,4.0,-1.0,1637841,1.0,10,,0.0,2.0,1.0,B01,138Â 304Â 320,1.0
959678,201900001209,5,16,07:40,1,1,1,1.0,4.0,13211,A50-Sens Marseille vers Aubagne,M,"43,2874900","5,5030630",13,2019,70.0,1.0,1.0,1.0,2144827,1.0,1,4,1,1.0,,-1.0, -1,1998.0,A01,138Â 304Â 321,1.0,4.0,-1.0,1637842,1.0,7,,0.0,2.0,4.0,A01,138Â 304Â 321,1.0
959679,201900001210,5,16,04:45,3,1,1,1.0,6.0,13215,A7-Sens Marseille vers Lyon,M,"43,3589390","5,3621951",13,2019,90.0,1.0,1.0,1.0,2144828,1.0,1,4,2,1.0,,-1.0, -1,1994.0,A01,138Â 304Â 318,1.0,0.0,-1.0,1637843,2.0,7,,3.0,0.0,1.0,A01,138Â 304Â 318,1.0
959680,201900001211,5,15,17:30,1,1,1,1.0,6.0,13216,A55-Sens Martigues vers Marseille,M,"43,3661080","5,3334960",13,2019,90.0,1.0,1.0,1.0,2144829,1.0,1,4,1,4.0,,-1.0, -1,1994.0,A01,138Â 304Â 317,1.0,0.0,-1.0,1637844,2.0,10,,4.0,0.0,8.0,A01,138Â 304Â 317,1.0
959681,201900001212,5,13,15:30,1,1,1,1.0,2.0,13015,A51-Sens Aix en Provence vers Marseille,M,"43,4587200","5,4026500",13,2019,90.0,1.0,1.0,1.0,2144830,1.0,1,4,2,1.0,,-1.0, -1,1995.0,A01,138Â 304Â 313,1.0,8.0,-1.0,1637845,2.0,7,,0.0,2.0,4.0,A01,138Â 304Â 313,1.0
959681,201900001212,5,13,15:30,1,1,1,1.0,2.0,13015,A51-Sens Aix en Provence vers Marseille,M,"43,4587200","5,4026500",13,2019,90.0,1.0,1.0,1.0,2144830,1.0,1,4,2,1.0,,-1.0, -1,1995.0,A01,138Â 304Â 313,1.0,8.0,-1.0,1637846,2.0,7,,0.0,2.0,1.0,B01,138Â 304Â 314,1.0
959681,201900001212,5,13,15:30,1,1,1,1.0,2.0,13015,A51-Sens Aix en Provence vers Marseille,M,"43,4587200","5,4026500",13,2019,90.0,1.0,1.0,1.0,2144831,1.0,1,4,2,1.0,,-1.0, -1,2000.0,B01,138Â 304Â 314,1.0,0.0,-1.0,1637845,2.0,7,,0.0,2.0,4.0,A01,138Â 304Â 313,1.0
959681,201900001212,5,13,15:30,1,1,1,1.0,2.0,13015,A51-Sens Aix en Provence vers Marseille,M,"43,4587200","5,4026500",13,2019,90.0,1.0,1.0,1.0,2144831,1.0,1,4,2,1.0,,-1.0, -1,2000.0,B01,138Â 304Â 314,1.0,0.0,-1.0,1637846,2.0,7,,0.0,2.0,1.0,B01,138Â 304Â 314,1.0
959682,201900001213,5,13,11:05,1,1,1,1.0,6.0,13001,A51-Sens Marseille vers Aix en Provence,M,"43,5279700","5,4279600",13,2019,50.0,1.0,1.0,1.0,2144832,1.0,1,3,1,0.0,,0.0,0,1957.0,A01,138Â 304Â 312,2.0,6.0,-1.0,1637847,1.0,33,,13.0,0.0,7.0,A01,138Â 304Â 312,1.0
959683,201900001214,5,13,09:25,1,1,1,1.0,2.0,13071,A7-Sens Lyon vers Marseille,M,"43,4396800","5,2496000",13,2019,110.0,1.0,1.0,1.0,2144833,1.0,1,4,1,4.0,,-1.0, -1,1996.0,B01,138Â 304Â 310,1.0,0.0,-1.0,1637848,1.0,13,,0.0,2.0,1.0,B01,138Â 304Â 310,1.0
959683,201900001214,5,13,09:25,1,1,1,1.0,2.0,13071,A7-Sens Lyon vers Marseille,M,"43,4396800","5,2496000",13,2019,110.0,1.0,1.0,1.0,2144833,1.0,1,4,1,4.0,,-1.0, -1,1996.0,B01,138Â 304Â 310,1.0,0.0,-1.0,1637849,1.0,7,,0.0,2.0,4.0,A01,138Â 304Â 311,1.0