Unnamed: 0_x,num_acc,mois,jour,hrmn,lum,agg,int,atm,col,com,adr,gps,lat,long,dep,annee,vma,situ,surf,catr,Unnamed: 0_y,place,catu,grav,sexe,trajet,secu,locp,actp,an_nais,num_veh_x,id_vehicule_x,secu1,secu2,secu3,Unnamed: 0,senc,catv,occutc,obs,obsm,choc,num_veh_y,id_vehicule_y,motor
959683,201900001214,5,13,09:25,1,1,1,1.0,2.0,13071,A7-Sens Lyon vers Marseille,M,"43,4396800","5,2496000",13,2019,110.0,1.0,1.0,1.0,2144834,1.0,1,4,2,1.0,,0.0,0,1997.0,A01,138Â 304Â 311,1.0,8.0,-1.0,1637848,1.0,13,,0.0,2.0,1.0,B01,138Â 304Â 310,1.0
959683,201900001214,5,13,09:25,1,1,1,1.0,2.0,13071,A7-Sens Lyon vers Marseille,M,"43,4396800","5,2496000",13,2019,110.0,1.0,1.0,1.0,2144834,1.0,1,4,2,1.0,,0.0,0,1997.0,A01,138Â 304Â 311,1.0,8.0,-1.0,1637849,1.0,7,,0.0,2.0,4.0,A01,138Â 304Â 311,1.0
959684,201900001215,5,10,09:13,1,1,1,1.0,3.0,13055,A507 sens Marseille - Aubagne,M,"43,3213300","5,4225500",13,2019,70.0,1.0,1.0,1.0,2144835,1.0,1,4,1,0.0,,0.0,0,1964.0,A01,138Â 304Â 308,1.0,0.0,-1.0,1637850,1.0,7,,0.0,2.0,8.0,A01,138Â 304Â 308,1.0
959684,201900001215,5,10,09:13,1,1,1,1.0,3.0,13055,A507 sens Marseille - Aubagne,M,"43,3213300","5,4225500",13,2019,70.0,1.0,1.0,1.0,2144835,1.0,1,4,1,0.0,,0.0,0,1964.0,A01,138Â 304Â 308,1.0,0.0,-1.0,1637851,1.0,17,,0.0,2.0,2.0,B01,138Â 304Â 309,1.0
959684,201900001215,5,10,09:13,1,1,1,1.0,3.0,13055,A507 sens Marseille - Aubagne,M,"43,3213300","5,4225500",13,2019,70.0,1.0,1.0,1.0,2144836,1.0,1,1,1,4.0,,-1.0,0,1989.0,B01,138Â 304Â 309,1.0,0.0,-1.0,1637850,1.0,7,,0.0,2.0,8.0,A01,138Â 304Â 308,1.0
959684,201900001215,5,10,09:13,1,1,1,1.0,3.0,13055,A507 sens Marseille - Aubagne,M,"43,3213300","5,4225500",13,2019,70.0,1.0,1.0,1.0,2144836,1.0,1,1,1,4.0,,-1.0,0,1989.0,B01,138Â 304Â 309,1.0,0.0,-1.0,1637851,1.0,17,,0.0,2.0,2.0,B01,138Â 304Â 309,1.0
959685,201900001216,5,9,13:40,1,1,1,1.0,5.0,13055,A507 sens Aubagne- Marseille,M,"43,3005150","5,4253079",13,2019,70.0,1.0,1.0,1.0,2144837,1.0,1,1,1,5.0,,-1.0,0,1995.0,C01,138Â 304Â 305,1.0,0.0,-1.0,1637852,1.0,7,,0.0,2.0,7.0,C01,138Â 304Â 305,1.0
959685,201900001216,5,9,13:40,1,1,1,1.0,5.0,13055,A507 sens Aubagne- Marseille,M,"43,3005150","5,4253079",13,2019,70.0,1.0,1.0,1.0,2144837,1.0,1,1,1,5.0,,-1.0,0,1995.0,C01,138Â 304Â 305,1.0,0.0,-1.0,1637853,2.0,7,,0.0,2.0,6.0,B01,138Â 304Â 306,1.0
959685,201900001216,5,9,13:40,1,1,1,1.0,5.0,13055,A507 sens Aubagne- Marseille,M,"43,3005150","5,4253079",13,2019,70.0,1.0,1.0,1.0,2144837,1.0,1,1,1,5.0,,-1.0,0,1995.0,C01,138Â 304Â 305,1.0,0.0,-1.0,1637854,2.0,15,,0.0,2.0,7.0,A01,138Â 304Â 307,1.0
959685,201900001216,5,9,13:40,1,1,1,1.0,5.0,13055,A507 sens Aubagne- Marseille,M,"43,3005150","5,4253079",13,2019,70.0,1.0,1.0,1.0,2144838,2.0,2,1,2,5.0,,-1.0,0,2018.0,B01,138Â 304Â 306,1.0,0.0,-1.0,1637852,1.0,7,,0.0,2.0,7.0,C01,138Â 304Â 305,1.0
959685,201900001216,5,9,13:40,1,1,1,1.0,5.0,13055,A507 sens Aubagne- Marseille,M,"43,3005150","5,4253079",13,2019,70.0,1.0,1.0,1.0,2144838,2.0,2,1,2,5.0,,-1.0,0,2018.0,B01,138Â 304Â 306,1.0,0.0,-1.0,1637853,2.0,7,,0.0,2.0,6.0,B01,138Â 304Â 306,1.0
959685,201900001216,5,9,13:40,1,1,1,1.0,5.0,13055,A507 sens Aubagne- Marseille,M,"43,3005150","5,4253079",13,2019,70.0,1.0,1.0,1.0,2144838,2.0,2,1,2,5.0,,-1.0,0,2018.0,B01,138Â 304Â 306,1.0,0.0,-1.0,1637854,2.0,15,,0.0,2.0,7.0,A01,138Â 304Â 307,1.0
959685,201900001216,5,9,13:40,1,1,1,1.0,5.0,13055,A507 sens Aubagne- Marseille,M,"43,3005150","5,4253079",13,2019,70.0,1.0,1.0,1.0,2144839,3.0,2,4,2,5.0,,-1.0,0,1959.0,B01,138Â 304Â 306,1.0,0.0,-1.0,1637852,1.0,7,,0.0,2.0,7.0,C01,138Â 304Â 305,1.0
959685,201900001216,5,9,13:40,1,1,1,1.0,5.0,13055,A507 sens Aubagne- Marseille,M,"43,3005150","5,4253079",13,2019,70.0,1.0,1.0,1.0,2144839,3.0,2,4,2,5.0,,-1.0,0,1959.0,B01,138Â 304Â 306,1.0,0.0,-1.0,1637853,2.0,7,,0.0,2.0,6.0,B01,138Â 304Â 306,1.0
959685,201900001216,5,9,13:40,1,1,1,1.0,5.0,13055,A507 sens Aubagne- Marseille,M,"43,3005150","5,4253079",13,2019,70.0,1.0,1.0,1.0,2144839,3.0,2,4,2,5.0,,-1.0,0,1959.0,B01,138Â 304Â 306,1.0,0.0,-1.0,1637854,2.0,15,,0.0,2.0,7.0,A01,138Â 304Â 307,1.0
959685,201900001216,5,9,13:40,1,1,1,1.0,5.0,13055,A507 sens Aubagne- Marseille,M,"43,3005150","5,4253079",13,2019,70.0,1.0,1.0,1.0,2144840,1.0,1,4,2,5.0,,-1.0,0,1984.0,B01,138Â 304Â 306,1.0,0.0,-1.0,1637852,1.0,7,,0.0,2.0,7.0,C01,138Â 304Â 305,1.0
959685,201900001216,5,9,13:40,1,1,1,1.0,5.0,13055,A507 sens Aubagne- Marseille,M,"43,3005150","5,4253079",13,2019,70.0,1.0,1.0,1.0,2144840,1.0,1,4,2,5.0,,-1.0,0,1984.0,B01,138Â 304Â 306,1.0,0.0,-1.0,1637853,2.0,7,,0.0,2.0,6.0,B01,138Â 304Â 306,1.0
959685,201900001216,5,9,13:40,1,1,1,1.0,5.0,13055,A507 sens Aubagne- Marseille,M,"43,3005150","5,4253079",13,2019,70.0,1.0,1.0,1.0,2144840,1.0,1,4,2,5.0,,-1.0,0,1984.0,B01,138Â 304Â 306,1.0,0.0,-1.0,1637854,2.0,15,,0.0,2.0,7.0,A01,138Â 304Â 307,1.0
959685,201900001216,5,9,13:40,1,1,1,1.0,5.0,13055,A507 sens Aubagne- Marseille,M,"43,3005150","5,4253079",13,2019,70.0,1.0,1.0,1.0,2144841,1.0,1,1,1,4.0,,-1.0,0,1983.0,A01,138Â 304Â 307,1.0,0.0,-1.0,1637852,1.0,7,,0.0,2.0,7.0,C01,138Â 304Â 305,1.0
959685,201900001216,5,9,13:40,1,1,1,1.0,5.0,13055,A507 sens Aubagne- Marseille,M,"43,3005150","5,4253079",13,2019,70.0,1.0,1.0,1.0,2144841,1.0,1,1,1,4.0,,-1.0,0,1983.0,A01,138Â 304Â 307,1.0,0.0,-1.0,1637853,2.0,7,,0.0,2.0,6.0,B01,138Â 304Â 306,1.0
959685,201900001216,5,9,13:40,1,1,1,1.0,5.0,13055,A507 sens Aubagne- Marseille,M,"43,3005150","5,4253079",13,2019,70.0,1.0,1.0,1.0,2144841,1.0,1,1,1,4.0,,-1.0,0,1983.0,A01,138Â 304Â 307,1.0,0.0,-1.0,1637854,2.0,15,,0.0,2.0,7.0,A01,138Â 304Â 307,1.0
959686,201900001217,5,9,10:00,1,1,1,1.0,4.0,13005,A502-Sens Toulon par R.N. vers  Aubagne,M,"43,2838440","5,5882350",13,2019,70.0,1.0,1.0,1.0,2144842,1.0,1,4,2,5.0,,-1.0, -1,1962.0,B01,138Â 304Â 302,1.0,4.0,-1.0,1637855,1.0,7,,0.0,2.0,4.0,B01,138Â 304Â 302,1.0
959686,201900001217,5,9,10:00,1,1,1,1.0,4.0,13005,A502-Sens Toulon par R.N. vers  Aubagne,M,"43,2838440","5,5882350",13,2019,70.0,1.0,1.0,1.0,2144842,1.0,1,4,2,5.0,,-1.0, -1,1962.0,B01,138Â 304Â 302,1.0,4.0,-1.0,1637856,1.0,7,,0.0,2.0,1.0,C01,138Â 304Â 303,1.0
959686,201900001217,5,9,10:00,1,1,1,1.0,4.0,13005,A502-Sens Toulon par R.N. vers  Aubagne,M,"43,2838440","5,5882350",13,2019,70.0,1.0,1.0,1.0,2144842,1.0,1,4,2,5.0,,-1.0, -1,1962.0,B01,138Â 304Â 302,1.0,4.0,-1.0,1637857,1.0,7,,0.0,2.0,4.0,A01,138Â 304Â 304,1.0
959686,201900001217,5,9,10:00,1,1,1,1.0,4.0,13005,A502-Sens Toulon par R.N. vers  Aubagne,M,"43,2838440","5,5882350",13,2019,70.0,1.0,1.0,1.0,2144843,1.0,1,4,1,1.0,,-1.0, -1,1975.0,C01,138Â 304Â 303,1.0,4.0,-1.0,1637855,1.0,7,,0.0,2.0,4.0,B01,138Â 304Â 302,1.0
959686,201900001217,5,9,10:00,1,1,1,1.0,4.0,13005,A502-Sens Toulon par R.N. vers  Aubagne,M,"43,2838440","5,5882350",13,2019,70.0,1.0,1.0,1.0,2144843,1.0,1,4,1,1.0,,-1.0, -1,1975.0,C01,138Â 304Â 303,1.0,4.0,-1.0,1637856,1.0,7,,0.0,2.0,1.0,C01,138Â 304Â 303,1.0
959686,201900001217,5,9,10:00,1,1,1,1.0,4.0,13005,A502-Sens Toulon par R.N. vers  Aubagne,M,"43,2838440","5,5882350",13,2019,70.0,1.0,1.0,1.0,2144843,1.0,1,4,1,1.0,,-1.0, -1,1975.0,C01,138Â 304Â 303,1.0,4.0,-1.0,1637857,1.0,7,,0.0,2.0,4.0,A01,138Â 304Â 304,1.0
959686,201900001217,5,9,10:00,1,1,1,1.0,4.0,13005,A502-Sens Toulon par R.N. vers  Aubagne,M,"43,2838440","5,5882350",13,2019,70.0,1.0,1.0,1.0,2144844,1.0,1,1,1,0.0,,-1.0, -1,1979.0,A01,138Â 304Â 304,1.0,0.0,-1.0,1637855,1.0,7,,0.0,2.0,4.0,B01,138Â 304Â 302,1.0
959686,201900001217,5,9,10:00,1,1,1,1.0,4.0,13005,A502-Sens Toulon par R.N. vers  Aubagne,M,"43,2838440","5,5882350",13,2019,70.0,1.0,1.0,1.0,2144844,1.0,1,1,1,0.0,,-1.0, -1,1979.0,A01,138Â 304Â 304,1.0,0.0,-1.0,1637856,1.0,7,,0.0,2.0,1.0,C01,138Â 304Â 303,1.0
959686,201900001217,5,9,10:00,1,1,1,1.0,4.0,13005,A502-Sens Toulon par R.N. vers  Aubagne,M,"43,2838440","5,5882350",13,2019,70.0,1.0,1.0,1.0,2144844,1.0,1,1,1,0.0,,-1.0, -1,1979.0,A01,138Â 304Â 304,1.0,0.0,-1.0,1637857,1.0,7,,0.0,2.0,4.0,A01,138Â 304Â 304,1.0
959687,201900001218,5,6,18:15,1,1,1,1.0,4.0,13071,A5502D-Sens Marseille vers A55-Martigues,M,"43,4028200","5,2986000",13,2019,110.0,1.0,1.0,1.0,2144845,1.0,1,1,2,4.0,,-1.0, -1,1961.0,A01,138Â 304Â 299,1.0,0.0,-1.0,1637858,1.0,10,,0.0,2.0,4.0,A01,138Â 304Â 299,1.0
959687,201900001218,5,6,18:15,1,1,1,1.0,4.0,13071,A5502D-Sens Marseille vers A55-Martigues,M,"43,4028200","5,2986000",13,2019,110.0,1.0,1.0,1.0,2144845,1.0,1,1,2,4.0,,-1.0, -1,1961.0,A01,138Â 304Â 299,1.0,0.0,-1.0,1637859,1.0,10,,0.0,2.0,4.0,B01,138Â 304Â 300,1.0
959687,201900001218,5,6,18:15,1,1,1,1.0,4.0,13071,A5502D-Sens Marseille vers A55-Martigues,M,"43,4028200","5,2986000",13,2019,110.0,1.0,1.0,1.0,2144845,1.0,1,1,2,4.0,,-1.0, -1,1961.0,A01,138Â 304Â 299,1.0,0.0,-1.0,1637860,1.0,10,,0.0,2.0,1.0,C01,138Â 304Â 301,1.0
959687,201900001218,5,6,18:15,1,1,1,1.0,4.0,13071,A5502D-Sens Marseille vers A55-Martigues,M,"43,4028200","5,2986000",13,2019,110.0,1.0,1.0,1.0,2144846,1.0,1,4,2,1.0,,-1.0, -1,1966.0,B01,138Â 304Â 300,1.0,0.0,-1.0,1637858,1.0,10,,0.0,2.0,4.0,A01,138Â 304Â 299,1.0
959687,201900001218,5,6,18:15,1,1,1,1.0,4.0,13071,A5502D-Sens Marseille vers A55-Martigues,M,"43,4028200","5,2986000",13,2019,110.0,1.0,1.0,1.0,2144846,1.0,1,4,2,1.0,,-1.0, -1,1966.0,B01,138Â 304Â 300,1.0,0.0,-1.0,1637859,1.0,10,,0.0,2.0,4.0,B01,138Â 304Â 300,1.0
959687,201900001218,5,6,18:15,1,1,1,1.0,4.0,13071,A5502D-Sens Marseille vers A55-Martigues,M,"43,4028200","5,2986000",13,2019,110.0,1.0,1.0,1.0,2144846,1.0,1,4,2,1.0,,-1.0, -1,1966.0,B01,138Â 304Â 300,1.0,0.0,-1.0,1637860,1.0,10,,0.0,2.0,1.0,C01,138Â 304Â 301,1.0
959687,201900001218,5,6,18:15,1,1,1,1.0,4.0,13071,A5502D-Sens Marseille vers A55-Martigues,M,"43,4028200","5,2986000",13,2019,110.0,1.0,1.0,1.0,2144847,1.0,1,4,1,9.0,,-1.0, -1,1989.0,C01,138Â 304Â 301,1.0,0.0,-1.0,1637858,1.0,10,,0.0,2.0,4.0,A01,138Â 304Â 299,1.0
959687,201900001218,5,6,18:15,1,1,1,1.0,4.0,13071,A5502D-Sens Marseille vers A55-Martigues,M,"43,4028200","5,2986000",13,2019,110.0,1.0,1.0,1.0,2144847,1.0,1,4,1,9.0,,-1.0, -1,1989.0,C01,138Â 304Â 301,1.0,0.0,-1.0,1637859,1.0,10,,0.0,2.0,4.0,B01,138Â 304Â 300,1.0
959687,201900001218,5,6,18:15,1,1,1,1.0,4.0,13071,A5502D-Sens Marseille vers A55-Martigues,M,"43,4028200","5,2986000",13,2019,110.0,1.0,1.0,1.0,2144847,1.0,1,4,1,9.0,,-1.0, -1,1989.0,C01,138Â 304Â 301,1.0,0.0,-1.0,1637860,1.0,10,,0.0,2.0,1.0,C01,138Â 304Â 301,1.0
959688,201900001219,5,6,16:15,1,1,1,1.0,4.0,13071,A7-Sens Marseille vers Lyon,M,"43,4130000","5,2814000",13,2019,110.0,1.0,1.0,1.0,2144848,1.0,1,1,1,4.0,,-1.0, -1,1972.0,A01,138Â 304Â 296,1.0,0.0,-1.0,1637861,2.0,7,,0.0,2.0,4.0,A01,138Â 304Â 296,1.0
959688,201900001219,5,6,16:15,1,1,1,1.0,4.0,13071,A7-Sens Marseille vers Lyon,M,"43,4130000","5,2814000",13,2019,110.0,1.0,1.0,1.0,2144848,1.0,1,1,1,4.0,,-1.0, -1,1972.0,A01,138Â 304Â 296,1.0,0.0,-1.0,1637862,2.0,7,,0.0,2.0,4.0,B01,138Â 304Â 297,1.0
959688,201900001219,5,6,16:15,1,1,1,1.0,4.0,13071,A7-Sens Marseille vers Lyon,M,"43,4130000","5,2814000",13,2019,110.0,1.0,1.0,1.0,2144848,1.0,1,1,1,4.0,,-1.0, -1,1972.0,A01,138Â 304Â 296,1.0,0.0,-1.0,1637863,2.0,14,,0.0,0.0,1.0,C01,138Â 304Â 298,1.0
959688,201900001219,5,6,16:15,1,1,1,1.0,4.0,13071,A7-Sens Marseille vers Lyon,M,"43,4130000","5,2814000",13,2019,110.0,1.0,1.0,1.0,2144849,1.0,1,4,2,9.0,,-1.0, -1,1984.0,B01,138Â 304Â 297,1.0,0.0,-1.0,1637861,2.0,7,,0.0,2.0,4.0,A01,138Â 304Â 296,1.0
959688,201900001219,5,6,16:15,1,1,1,1.0,4.0,13071,A7-Sens Marseille vers Lyon,M,"43,4130000","5,2814000",13,2019,110.0,1.0,1.0,1.0,2144849,1.0,1,4,2,9.0,,-1.0, -1,1984.0,B01,138Â 304Â 297,1.0,0.0,-1.0,1637862,2.0,7,,0.0,2.0,4.0,B01,138Â 304Â 297,1.0
959688,201900001219,5,6,16:15,1,1,1,1.0,4.0,13071,A7-Sens Marseille vers Lyon,M,"43,4130000","5,2814000",13,2019,110.0,1.0,1.0,1.0,2144849,1.0,1,4,2,9.0,,-1.0, -1,1984.0,B01,138Â 304Â 297,1.0,0.0,-1.0,1637863,2.0,14,,0.0,0.0,1.0,C01,138Â 304Â 298,1.0
959688,201900001219,5,6,16:15,1,1,1,1.0,4.0,13071,A7-Sens Marseille vers Lyon,M,"43,4130000","5,2814000",13,2019,110.0,1.0,1.0,1.0,2144850,1.0,1,1,1,4.0,,-1.0, -1,1978.0,C01,138Â 304Â 298,1.0,0.0,-1.0,1637861,2.0,7,,0.0,2.0,4.0,A01,138Â 304Â 296,1.0
959688,201900001219,5,6,16:15,1,1,1,1.0,4.0,13071,A7-Sens Marseille vers Lyon,M,"43,4130000","5,2814000",13,2019,110.0,1.0,1.0,1.0,2144850,1.0,1,1,1,4.0,,-1.0, -1,1978.0,C01,138Â 304Â 298,1.0,0.0,-1.0,1637862,2.0,7,,0.0,2.0,4.0,B01,138Â 304Â 297,1.0
959688,201900001219,5,6,16:15,1,1,1,1.0,4.0,13071,A7-Sens Marseille vers Lyon,M,"43,4130000","5,2814000",13,2019,110.0,1.0,1.0,1.0,2144850,1.0,1,1,1,4.0,,-1.0, -1,1978.0,C01,138Â 304Â 298,1.0,0.0,-1.0,1637863,2.0,14,,0.0,0.0,1.0,C01,138Â 304Â 298,1.0
959689,201900001220,5,2,13:00,1,1,1,1.0,2.0,13211,Sens Marseille vers Aubagne,M,"43,2924200","5,4557500",13,2019,90.0,1.0,1.0,1.0,2144851,1.0,1,1,1,5.0,,0.0,0,1939.0,A01,138Â 304Â 294,1.0,0.0,-1.0,1637864,1.0,7,,0.0,2.0,6.0,A01,138Â 304Â 294,2.0
959689,201900001220,5,2,13:00,1,1,1,1.0,2.0,13211,Sens Marseille vers Aubagne,M,"43,2924200","5,4557500",13,2019,90.0,1.0,1.0,1.0,2144851,1.0,1,1,1,5.0,,0.0,0,1939.0,A01,138Â 304Â 294,1.0,0.0,-1.0,1637865,1.0,32,,0.0,2.0,1.0,B01,138Â 304Â 295,1.0
959689,201900001220,5,2,13:00,1,1,1,1.0,2.0,13211,Sens Marseille vers Aubagne,M,"43,2924200","5,4557500",13,2019,90.0,1.0,1.0,1.0,2144852,1.0,1,4,1,1.0,,-1.0, -1,1979.0,B01,138Â 304Â 295,2.0,6.0,-1.0,1637864,1.0,7,,0.0,2.0,6.0,A01,138Â 304Â 294,2.0
959689,201900001220,5,2,13:00,1,1,1,1.0,2.0,13211,Sens Marseille vers Aubagne,M,"43,2924200","5,4557500",13,2019,90.0,1.0,1.0,1.0,2144852,1.0,1,4,1,1.0,,-1.0, -1,1979.0,B01,138Â 304Â 295,2.0,6.0,-1.0,1637865,1.0,32,,0.0,2.0,1.0,B01,138Â 304Â 295,1.0
959690,201900001221,5,5,14:50,1,1,1,1.0,6.0,13212,A507 sens Marseille - Aubagne,M,"43,3064160","5,4251260",13,2019,70.0,1.0,1.0,1.0,2144853,1.0,1,4,2,5.0,,0.0,0,1968.0,A01,138Â 304Â 293,1.0,0.0,-1.0,1637866,1.0,7,,12.0,0.0,1.0,A01,138Â 304Â 293,1.0
959691,201900001222,5,4,04:50,3,1,1,1.0,2.0,13117,A7-Sens Marseille vers Lyon,M,"43,4247650","5,2652810",13,2019,110.0,1.0,1.0,1.0,2144854,1.0,1,3,1,5.0,,0.0,0,1993.0,B01,138Â 304Â 291,1.0,8.0,-1.0,1637867,2.0,7,,3.0,2.0,1.0,B01,138Â 304Â 291,1.0
959691,201900001222,5,4,04:50,3,1,1,1.0,2.0,13117,A7-Sens Marseille vers Lyon,M,"43,4247650","5,2652810",13,2019,110.0,1.0,1.0,1.0,2144854,1.0,1,3,1,5.0,,0.0,0,1993.0,B01,138Â 304Â 291,1.0,8.0,-1.0,1637868,2.0,7,,0.0,2.0,6.0,A01,138Â 304Â 292,1.0
959691,201900001222,5,4,04:50,3,1,1,1.0,2.0,13117,A7-Sens Marseille vers Lyon,M,"43,4247650","5,2652810",13,2019,110.0,1.0,1.0,1.0,2144855,2.0,2,4,2,5.0,,0.0,0,1999.0,A01,138Â 304Â 292,1.0,8.0,-1.0,1637867,2.0,7,,3.0,2.0,1.0,B01,138Â 304Â 291,1.0
959691,201900001222,5,4,04:50,3,1,1,1.0,2.0,13117,A7-Sens Marseille vers Lyon,M,"43,4247650","5,2652810",13,2019,110.0,1.0,1.0,1.0,2144855,2.0,2,4,2,5.0,,0.0,0,1999.0,A01,138Â 304Â 292,1.0,8.0,-1.0,1637868,2.0,7,,0.0,2.0,6.0,A01,138Â 304Â 292,1.0
959691,201900001222,5,4,04:50,3,1,1,1.0,2.0,13117,A7-Sens Marseille vers Lyon,M,"43,4247650","5,2652810",13,2019,110.0,1.0,1.0,1.0,2144856,1.0,1,4,1,5.0,,0.0,0,2000.0,A01,138Â 304Â 292,1.0,8.0,-1.0,1637867,2.0,7,,3.0,2.0,1.0,B01,138Â 304Â 291,1.0
959691,201900001222,5,4,04:50,3,1,1,1.0,2.0,13117,A7-Sens Marseille vers Lyon,M,"43,4247650","5,2652810",13,2019,110.0,1.0,1.0,1.0,2144856,1.0,1,4,1,5.0,,0.0,0,2000.0,A01,138Â 304Â 292,1.0,8.0,-1.0,1637868,2.0,7,,0.0,2.0,6.0,A01,138Â 304Â 292,1.0
959692,201900001223,5,3,13:30,1,1,1,1.0,6.0,13071,A7-Sens Marseille vers Lyon,M,"43,4046900","5,2991800",13,2019,110.0,-1.0,1.0,1.0,2144857,1.0,1,3,2,9.0,,-1.0, -1,1972.0,A01,138Â 304Â 290,2.0,6.0,-1.0,1637869,2.0,33,,0.0,0.0,7.0,A01,138Â 304Â 290,1.0
959693,201900001224,5,4,09:15,1,1,1,1.0,6.0,13005,A501-Sens Pont de l' Etoile vers Aubagne,M,"43,3198000","5,5922000",13,2019,130.0,2.0,1.0,1.0,2144858,1.0,1,4,2,5.0,,-1.0, -1,1968.0,A01,138Â 304Â 289,1.0,0.0,-1.0,1637870,2.0,7,,4.0,0.0,4.0,A01,138Â 304Â 289,1.0
959694,201900001225,5,4,03:30,4,1,1,1.0,2.0,13215,A7-Sens Marseille vers Lyon,M,"43,3477500","5,3716600",13,2019,90.0,1.0,1.0,1.0,2144859,1.0,1,4,1,1.0,,0.0,0,1986.0,A01,138Â 304Â 288,1.0,8.0,-1.0,1637871,2.0,7,,0.0,2.0,1.0,B01,138Â 304Â 287,1.0
959694,201900001225,5,4,03:30,4,1,1,1.0,2.0,13215,A7-Sens Marseille vers Lyon,M,"43,3477500","5,3716600",13,2019,90.0,1.0,1.0,1.0,2144859,1.0,1,4,1,1.0,,0.0,0,1986.0,A01,138Â 304Â 288,1.0,8.0,-1.0,1637872,2.0,7,,0.0,2.0,4.0,A01,138Â 304Â 288,1.0
959695,201900001226,5,2,14:00,1,1,1,1.0,3.0,13215,A7-Sens Marseille vers Lyon,M,"43,3696400","5,3610400",13,2019,90.0,1.0,1.0,1.0,2144860,1.0,1,3,1,1.0,,-1.0, -1,1972.0,A01,138Â 304Â 286,2.0,6.0,-1.0,1637873,2.0,7,,0.0,2.0,3.0,Z01,138Â 304Â 285,1.0
959695,201900001226,5,2,14:00,1,1,1,1.0,3.0,13215,A7-Sens Marseille vers Lyon,M,"43,3696400","5,3610400",13,2019,90.0,1.0,1.0,1.0,2144860,1.0,1,3,1,1.0,,-1.0, -1,1972.0,A01,138Â 304Â 286,2.0,6.0,-1.0,1637874,2.0,31,,0.0,2.0,2.0,A01,138Â 304Â 286,1.0
959696,201900001227,5,1,06:05,2,2,1,1.0,3.0,13210,A50-Sens Aubagne vers Marseille,M,"43,2878700","5,4410040",13,2019,70.0,1.0,1.0,1.0,2144861,1.0,1,1,1,1.0,,-1.0, -1,1992.0,B01,138Â 304Â 283,1.0,0.0,-1.0,1637875,2.0,7,,0.0,9.0,8.0,B01,138Â 304Â 283,1.0
959696,201900001227,5,1,06:05,2,2,1,1.0,3.0,13210,A50-Sens Aubagne vers Marseille,M,"43,2878700","5,4410040",13,2019,70.0,1.0,1.0,1.0,2144861,1.0,1,1,1,1.0,,-1.0, -1,1992.0,B01,138Â 304Â 283,1.0,0.0,-1.0,1637876,2.0,33,,0.0,2.0,2.0,A01,138Â 304Â 284,1.0
959696,201900001227,5,1,06:05,2,2,1,1.0,3.0,13210,A50-Sens Aubagne vers Marseille,M,"43,2878700","5,4410040",13,2019,70.0,1.0,1.0,1.0,2144862,1.0,1,4,1,0.0,,-1.0, -1,1975.0,A01,138Â 304Â 284,2.0,0.0,-1.0,1637875,2.0,7,,0.0,9.0,8.0,B01,138Â 304Â 283,1.0
959696,201900001227,5,1,06:05,2,2,1,1.0,3.0,13210,A50-Sens Aubagne vers Marseille,M,"43,2878700","5,4410040",13,2019,70.0,1.0,1.0,1.0,2144862,1.0,1,4,1,0.0,,-1.0, -1,1975.0,A01,138Â 304Â 284,2.0,0.0,-1.0,1637876,2.0,33,,0.0,2.0,2.0,A01,138Â 304Â 284,1.0
959697,201900001228,4,28,19:40,2,2,1,1.0,6.0,13085,A50-Sens Aubagne vers Toulon,M,"43,2637696","5,5881382",13,2019,90.0,1.0,1.0,1.0,2144863,1.0,1,4,1,5.0,,-1.0, -1,1989.0,A01,138Â 304Â 282,1.0,0.0,-1.0,1637877,1.0,7,,0.0,-1.0,9.0,A01,138Â 304Â 282,1.0
959698,201900001229,4,30,22:10,3,1,1,1.0,2.0,13215,A7-Sens Marseille vers Lyon,M,"43,3332700","5,3775600",13,2019,90.0,1.0,1.0,1.0,2144864,2.0,2,1,2,0.0,,-1.0, -1,1961.0,A01,138Â 304Â 280,1.0,0.0,-1.0,1637878,1.0,7,,0.0,2.0,6.0,A01,138Â 304Â 280,1.0
959698,201900001229,4,30,22:10,3,1,1,1.0,2.0,13215,A7-Sens Marseille vers Lyon,M,"43,3332700","5,3775600",13,2019,90.0,1.0,1.0,1.0,2144864,2.0,2,1,2,0.0,,-1.0, -1,1961.0,A01,138Â 304Â 280,1.0,0.0,-1.0,1637879,1.0,7,,0.0,2.0,2.0,B01,138Â 304Â 281,1.0
959698,201900001229,4,30,22:10,3,1,1,1.0,2.0,13215,A7-Sens Marseille vers Lyon,M,"43,3332700","5,3775600",13,2019,90.0,1.0,1.0,1.0,2144865,1.0,1,4,1,0.0,,-1.0, -1,1953.0,A01,138Â 304Â 280,1.0,0.0,-1.0,1637878,1.0,7,,0.0,2.0,6.0,A01,138Â 304Â 280,1.0