Unnamed: 0_x,num_acc,mois,jour,hrmn,lum,agg,int,atm,col,com,adr,gps,lat,long,dep,annee,vma,situ,surf,catr,Unnamed: 0_y,place,catu,grav,sexe,trajet,secu,locp,actp,an_nais,num_veh_x,id_vehicule_x,secu1,secu2,secu3,Unnamed: 0,senc,catv,occutc,obs,obsm,choc,num_veh_y,id_vehicule_y,motor
959698,201900001229,4,30,22:10,3,1,1,1.0,2.0,13215,A7-Sens Marseille vers Lyon,M,"43,3332700","5,3775600",13,2019,90.0,1.0,1.0,1.0,2144865,1.0,1,4,1,0.0,,-1.0, -1,1953.0,A01,138Â 304Â 280,1.0,0.0,-1.0,1637879,1.0,7,,0.0,2.0,2.0,B01,138Â 304Â 281,1.0
959698,201900001229,4,30,22:10,3,1,1,1.0,2.0,13215,A7-Sens Marseille vers Lyon,M,"43,3332700","5,3775600",13,2019,90.0,1.0,1.0,1.0,2144866,1.0,1,1,1,0.0,,-1.0,0,1985.0,B01,138Â 304Â 281,1.0,0.0,-1.0,1637878,1.0,7,,0.0,2.0,6.0,A01,138Â 304Â 280,1.0
959698,201900001229,4,30,22:10,3,1,1,1.0,2.0,13215,A7-Sens Marseille vers Lyon,M,"43,3332700","5,3775600",13,2019,90.0,1.0,1.0,1.0,2144866,1.0,1,1,1,0.0,,-1.0,0,1985.0,B01,138Â 304Â 281,1.0,0.0,-1.0,1637879,1.0,7,,0.0,2.0,2.0,B01,138Â 304Â 281,1.0
959699,201900001230,4,30,17:45,1,1,1,1.0,4.0,13005,A50-Sens Marseille vers Aubagne,M,"43,2840000","5,5232000",13,2019,90.0,1.0,1.0,1.0,2144867,1.0,1,1,1,1.0,,-1.0, -1,1973.0,A01,138Â 304Â 277,1.0,0.0,-1.0,1637880,1.0,10,,0.0,2.0,4.0,A01,138Â 304Â 277,1.0
959699,201900001230,4,30,17:45,1,1,1,1.0,4.0,13005,A50-Sens Marseille vers Aubagne,M,"43,2840000","5,5232000",13,2019,90.0,1.0,1.0,1.0,2144867,1.0,1,1,1,1.0,,-1.0, -1,1973.0,A01,138Â 304Â 277,1.0,0.0,-1.0,1637881,1.0,7,,0.0,2.0,4.0,B01,138Â 304Â 278,1.0
959699,201900001230,4,30,17:45,1,1,1,1.0,4.0,13005,A50-Sens Marseille vers Aubagne,M,"43,2840000","5,5232000",13,2019,90.0,1.0,1.0,1.0,2144867,1.0,1,1,1,1.0,,-1.0, -1,1973.0,A01,138Â 304Â 277,1.0,0.0,-1.0,1637882,1.0,10,,0.0,2.0,1.0,C01,138Â 304Â 279,1.0
959699,201900001230,4,30,17:45,1,1,1,1.0,4.0,13005,A50-Sens Marseille vers Aubagne,M,"43,2840000","5,5232000",13,2019,90.0,1.0,1.0,1.0,2144868,1.0,1,4,2,1.0,,-1.0, -1,1993.0,B01,138Â 304Â 278,1.0,0.0,-1.0,1637880,1.0,10,,0.0,2.0,4.0,A01,138Â 304Â 277,1.0
959699,201900001230,4,30,17:45,1,1,1,1.0,4.0,13005,A50-Sens Marseille vers Aubagne,M,"43,2840000","5,5232000",13,2019,90.0,1.0,1.0,1.0,2144868,1.0,1,4,2,1.0,,-1.0, -1,1993.0,B01,138Â 304Â 278,1.0,0.0,-1.0,1637881,1.0,7,,0.0,2.0,4.0,B01,138Â 304Â 278,1.0
959699,201900001230,4,30,17:45,1,1,1,1.0,4.0,13005,A50-Sens Marseille vers Aubagne,M,"43,2840000","5,5232000",13,2019,90.0,1.0,1.0,1.0,2144868,1.0,1,4,2,1.0,,-1.0, -1,1993.0,B01,138Â 304Â 278,1.0,0.0,-1.0,1637882,1.0,10,,0.0,2.0,1.0,C01,138Â 304Â 279,1.0
959699,201900001230,4,30,17:45,1,1,1,1.0,4.0,13005,A50-Sens Marseille vers Aubagne,M,"43,2840000","5,5232000",13,2019,90.0,1.0,1.0,1.0,2144869,1.0,1,1,1,1.0,,-1.0, -1,1975.0,C01,138Â 304Â 279,1.0,0.0,-1.0,1637880,1.0,10,,0.0,2.0,4.0,A01,138Â 304Â 277,1.0
959699,201900001230,4,30,17:45,1,1,1,1.0,4.0,13005,A50-Sens Marseille vers Aubagne,M,"43,2840000","5,5232000",13,2019,90.0,1.0,1.0,1.0,2144869,1.0,1,1,1,1.0,,-1.0, -1,1975.0,C01,138Â 304Â 279,1.0,0.0,-1.0,1637881,1.0,7,,0.0,2.0,4.0,B01,138Â 304Â 278,1.0
959699,201900001230,4,30,17:45,1,1,1,1.0,4.0,13005,A50-Sens Marseille vers Aubagne,M,"43,2840000","5,5232000",13,2019,90.0,1.0,1.0,1.0,2144869,1.0,1,1,1,1.0,,-1.0, -1,1975.0,C01,138Â 304Â 279,1.0,0.0,-1.0,1637882,1.0,10,,0.0,2.0,1.0,C01,138Â 304Â 279,1.0
959700,201900001231,4,30,16:50,1,1,1,1.0,6.0,13215,A7-Sens Lyon vers Marseille,M,"43,3634900","5,3606300",13,2019,90.0,1.0,1.0,1.0,2144870,1.0,1,4,1,9.0,,-1.0, -1,1968.0,A01,138Â 304Â 275,1.0,0.0,-1.0,1637883,1.0,7,,0.0,2.0,5.0,A01,138Â 304Â 275,1.0
959700,201900001231,4,30,16:50,1,1,1,1.0,6.0,13215,A7-Sens Lyon vers Marseille,M,"43,3634900","5,3606300",13,2019,90.0,1.0,1.0,1.0,2144870,1.0,1,4,1,9.0,,-1.0, -1,1968.0,A01,138Â 304Â 275,1.0,0.0,-1.0,1637884,1.0,33,,0.0,2.0,8.0,B01,138Â 304Â 276,1.0
959700,201900001231,4,30,16:50,1,1,1,1.0,6.0,13215,A7-Sens Lyon vers Marseille,M,"43,3634900","5,3606300",13,2019,90.0,1.0,1.0,1.0,2144871,1.0,1,4,1,9.0,,-1.0, -1,1991.0,B01,138Â 304Â 276,2.0,6.0,-1.0,1637883,1.0,7,,0.0,2.0,5.0,A01,138Â 304Â 275,1.0
959700,201900001231,4,30,16:50,1,1,1,1.0,6.0,13215,A7-Sens Lyon vers Marseille,M,"43,3634900","5,3606300",13,2019,90.0,1.0,1.0,1.0,2144871,1.0,1,4,1,9.0,,-1.0, -1,1991.0,B01,138Â 304Â 276,2.0,6.0,-1.0,1637884,1.0,33,,0.0,2.0,8.0,B01,138Â 304Â 276,1.0
959701,201900001232,4,30,14:20,1,1,1,1.0,7.0,13085,A50-Sens Aubagne vers Toulon,M,"43,2436000","5,5944000",13,2019,90.0,1.0,1.0,1.0,2144872,1.0,1,3,2,5.0,,-1.0, -1,1947.0,A01,138Â 304Â 274,1.0,0.0,-1.0,1637885,1.0,7,,0.0,0.0,1.0,A01,138Â 304Â 274,1.0
959702,201900001233,4,30,07:15,1,1,1,1.0,4.0,13211,A50-Sens Aubagne vers Marseille,M,"43,2922100","5,4799800",13,2019,90.0,1.0,1.0,1.0,2144873,1.0,1,4,2,0.0,,-1.0, -1,1985.0,A01,138Â 304Â 270,1.0,0.0,-1.0,1637886,2.0,7,,0.0,2.0,4.0,A01,138Â 304Â 270,1.0
959702,201900001233,4,30,07:15,1,1,1,1.0,4.0,13211,A50-Sens Aubagne vers Marseille,M,"43,2922100","5,4799800",13,2019,90.0,1.0,1.0,1.0,2144873,1.0,1,4,2,0.0,,-1.0, -1,1985.0,A01,138Â 304Â 270,1.0,0.0,-1.0,1637887,2.0,7,,0.0,0.0,0.0,C01,138Â 304Â 271,1.0
959702,201900001233,4,30,07:15,1,1,1,1.0,4.0,13211,A50-Sens Aubagne vers Marseille,M,"43,2922100","5,4799800",13,2019,90.0,1.0,1.0,1.0,2144873,1.0,1,4,2,0.0,,-1.0, -1,1985.0,A01,138Â 304Â 270,1.0,0.0,-1.0,1637888,2.0,7,,0.0,2.0,1.0,B01,138Â 304Â 272,1.0
959702,201900001233,4,30,07:15,1,1,1,1.0,4.0,13211,A50-Sens Aubagne vers Marseille,M,"43,2922100","5,4799800",13,2019,90.0,1.0,1.0,1.0,2144873,1.0,1,4,2,0.0,,-1.0, -1,1985.0,A01,138Â 304Â 270,1.0,0.0,-1.0,1637889,2.0,7,,0.0,2.0,1.0,D01,138Â 304Â 273,1.0
959702,201900001233,4,30,07:15,1,1,1,1.0,4.0,13211,A50-Sens Aubagne vers Marseille,M,"43,2922100","5,4799800",13,2019,90.0,1.0,1.0,1.0,2144874,1.0,1,1,2,0.0,,-1.0, -1,1986.0,C01,138Â 304Â 271,1.0,0.0,-1.0,1637886,2.0,7,,0.0,2.0,4.0,A01,138Â 304Â 270,1.0
959702,201900001233,4,30,07:15,1,1,1,1.0,4.0,13211,A50-Sens Aubagne vers Marseille,M,"43,2922100","5,4799800",13,2019,90.0,1.0,1.0,1.0,2144874,1.0,1,1,2,0.0,,-1.0, -1,1986.0,C01,138Â 304Â 271,1.0,0.0,-1.0,1637887,2.0,7,,0.0,0.0,0.0,C01,138Â 304Â 271,1.0
959702,201900001233,4,30,07:15,1,1,1,1.0,4.0,13211,A50-Sens Aubagne vers Marseille,M,"43,2922100","5,4799800",13,2019,90.0,1.0,1.0,1.0,2144874,1.0,1,1,2,0.0,,-1.0, -1,1986.0,C01,138Â 304Â 271,1.0,0.0,-1.0,1637888,2.0,7,,0.0,2.0,1.0,B01,138Â 304Â 272,1.0
959702,201900001233,4,30,07:15,1,1,1,1.0,4.0,13211,A50-Sens Aubagne vers Marseille,M,"43,2922100","5,4799800",13,2019,90.0,1.0,1.0,1.0,2144874,1.0,1,1,2,0.0,,-1.0, -1,1986.0,C01,138Â 304Â 271,1.0,0.0,-1.0,1637889,2.0,7,,0.0,2.0,1.0,D01,138Â 304Â 273,1.0
959702,201900001233,4,30,07:15,1,1,1,1.0,4.0,13211,A50-Sens Aubagne vers Marseille,M,"43,2922100","5,4799800",13,2019,90.0,1.0,1.0,1.0,2144875,1.0,1,4,1,0.0,,-1.0, -1,1978.0,B01,138Â 304Â 272,1.0,0.0,-1.0,1637886,2.0,7,,0.0,2.0,4.0,A01,138Â 304Â 270,1.0
959702,201900001233,4,30,07:15,1,1,1,1.0,4.0,13211,A50-Sens Aubagne vers Marseille,M,"43,2922100","5,4799800",13,2019,90.0,1.0,1.0,1.0,2144875,1.0,1,4,1,0.0,,-1.0, -1,1978.0,B01,138Â 304Â 272,1.0,0.0,-1.0,1637887,2.0,7,,0.0,0.0,0.0,C01,138Â 304Â 271,1.0
959702,201900001233,4,30,07:15,1,1,1,1.0,4.0,13211,A50-Sens Aubagne vers Marseille,M,"43,2922100","5,4799800",13,2019,90.0,1.0,1.0,1.0,2144875,1.0,1,4,1,0.0,,-1.0, -1,1978.0,B01,138Â 304Â 272,1.0,0.0,-1.0,1637888,2.0,7,,0.0,2.0,1.0,B01,138Â 304Â 272,1.0
959702,201900001233,4,30,07:15,1,1,1,1.0,4.0,13211,A50-Sens Aubagne vers Marseille,M,"43,2922100","5,4799800",13,2019,90.0,1.0,1.0,1.0,2144875,1.0,1,4,1,0.0,,-1.0, -1,1978.0,B01,138Â 304Â 272,1.0,0.0,-1.0,1637889,2.0,7,,0.0,2.0,1.0,D01,138Â 304Â 273,1.0
959702,201900001233,4,30,07:15,1,1,1,1.0,4.0,13211,A50-Sens Aubagne vers Marseille,M,"43,2922100","5,4799800",13,2019,90.0,1.0,1.0,1.0,2144876,1.0,1,4,2,0.0,,-1.0, -1,1985.0,D01,138Â 304Â 273,1.0,0.0,-1.0,1637886,2.0,7,,0.0,2.0,4.0,A01,138Â 304Â 270,1.0
959702,201900001233,4,30,07:15,1,1,1,1.0,4.0,13211,A50-Sens Aubagne vers Marseille,M,"43,2922100","5,4799800",13,2019,90.0,1.0,1.0,1.0,2144876,1.0,1,4,2,0.0,,-1.0, -1,1985.0,D01,138Â 304Â 273,1.0,0.0,-1.0,1637887,2.0,7,,0.0,0.0,0.0,C01,138Â 304Â 271,1.0
959702,201900001233,4,30,07:15,1,1,1,1.0,4.0,13211,A50-Sens Aubagne vers Marseille,M,"43,2922100","5,4799800",13,2019,90.0,1.0,1.0,1.0,2144876,1.0,1,4,2,0.0,,-1.0, -1,1985.0,D01,138Â 304Â 273,1.0,0.0,-1.0,1637888,2.0,7,,0.0,2.0,1.0,B01,138Â 304Â 272,1.0
959702,201900001233,4,30,07:15,1,1,1,1.0,4.0,13211,A50-Sens Aubagne vers Marseille,M,"43,2922100","5,4799800",13,2019,90.0,1.0,1.0,1.0,2144876,1.0,1,4,2,0.0,,-1.0, -1,1985.0,D01,138Â 304Â 273,1.0,0.0,-1.0,1637889,2.0,7,,0.0,2.0,1.0,D01,138Â 304Â 273,1.0
959703,201900001234,4,29,12:26,1,1,4,1.0,4.0,13210,S10CM-Sens Marseille vers A.50 Aubagne,M,"43,2834100","5,4006300",13,2019,50.0,1.0,1.0,1.0,2144877,1.0,1,1,1,1.0,,-1.0, -1,1976.0,A01,138Â 304Â 267,1.0,0.0,-1.0,1637890,1.0,7,,0.0,2.0,1.0,A01,138Â 304Â 267,1.0
959703,201900001234,4,29,12:26,1,1,4,1.0,4.0,13210,S10CM-Sens Marseille vers A.50 Aubagne,M,"43,2834100","5,4006300",13,2019,50.0,1.0,1.0,1.0,2144877,1.0,1,1,1,1.0,,-1.0, -1,1976.0,A01,138Â 304Â 267,1.0,0.0,-1.0,1637891,1.0,7,,0.0,2.0,4.0,B01,138Â 304Â 268,1.0
959703,201900001234,4,29,12:26,1,1,4,1.0,4.0,13210,S10CM-Sens Marseille vers A.50 Aubagne,M,"43,2834100","5,4006300",13,2019,50.0,1.0,1.0,1.0,2144877,1.0,1,1,1,1.0,,-1.0, -1,1976.0,A01,138Â 304Â 267,1.0,0.0,-1.0,1637892,1.0,7,,0.0,2.0,4.0,C01,138Â 304Â 269,1.0
959703,201900001234,4,29,12:26,1,1,4,1.0,4.0,13210,S10CM-Sens Marseille vers A.50 Aubagne,M,"43,2834100","5,4006300",13,2019,50.0,1.0,1.0,1.0,2144878,1.0,1,4,1,5.0,,-1.0, -1,1971.0,B01,138Â 304Â 268,1.0,8.0,-1.0,1637890,1.0,7,,0.0,2.0,1.0,A01,138Â 304Â 267,1.0
959703,201900001234,4,29,12:26,1,1,4,1.0,4.0,13210,S10CM-Sens Marseille vers A.50 Aubagne,M,"43,2834100","5,4006300",13,2019,50.0,1.0,1.0,1.0,2144878,1.0,1,4,1,5.0,,-1.0, -1,1971.0,B01,138Â 304Â 268,1.0,8.0,-1.0,1637891,1.0,7,,0.0,2.0,4.0,B01,138Â 304Â 268,1.0
959703,201900001234,4,29,12:26,1,1,4,1.0,4.0,13210,S10CM-Sens Marseille vers A.50 Aubagne,M,"43,2834100","5,4006300",13,2019,50.0,1.0,1.0,1.0,2144878,1.0,1,4,1,5.0,,-1.0, -1,1971.0,B01,138Â 304Â 268,1.0,8.0,-1.0,1637892,1.0,7,,0.0,2.0,4.0,C01,138Â 304Â 269,1.0
959703,201900001234,4,29,12:26,1,1,4,1.0,4.0,13210,S10CM-Sens Marseille vers A.50 Aubagne,M,"43,2834100","5,4006300",13,2019,50.0,1.0,1.0,1.0,2144879,1.0,1,4,1,0.0,,-1.0, -1,1991.0,C01,138Â 304Â 269,1.0,0.0,-1.0,1637890,1.0,7,,0.0,2.0,1.0,A01,138Â 304Â 267,1.0
959703,201900001234,4,29,12:26,1,1,4,1.0,4.0,13210,S10CM-Sens Marseille vers A.50 Aubagne,M,"43,2834100","5,4006300",13,2019,50.0,1.0,1.0,1.0,2144879,1.0,1,4,1,0.0,,-1.0, -1,1991.0,C01,138Â 304Â 269,1.0,0.0,-1.0,1637891,1.0,7,,0.0,2.0,4.0,B01,138Â 304Â 268,1.0
959703,201900001234,4,29,12:26,1,1,4,1.0,4.0,13210,S10CM-Sens Marseille vers A.50 Aubagne,M,"43,2834100","5,4006300",13,2019,50.0,1.0,1.0,1.0,2144879,1.0,1,4,1,0.0,,-1.0, -1,1991.0,C01,138Â 304Â 269,1.0,0.0,-1.0,1637892,1.0,7,,0.0,2.0,4.0,C01,138Â 304Â 269,1.0
959704,201900001235,4,29,08:00,1,1,1,1.0,5.0,13106,A7-Sens Lyon vers Marseille,M,"43,3971700","5,3502800",13,2019,110.0,1.0,1.0,1.0,2144880,1.0,1,4,1,1.0,,-1.0, -1,1976.0,A01,138Â 304Â 264,2.0,6.0,-1.0,1637893,1.0,33,,0.0,2.0,6.0,A01,138Â 304Â 264,1.0
959704,201900001235,4,29,08:00,1,1,1,1.0,5.0,13106,A7-Sens Lyon vers Marseille,M,"43,3971700","5,3502800",13,2019,110.0,1.0,1.0,1.0,2144880,1.0,1,4,1,1.0,,-1.0, -1,1976.0,A01,138Â 304Â 264,2.0,6.0,-1.0,1637894,1.0,7,,0.0,2.0,2.0,B01,138Â 304Â 265,1.0
959704,201900001235,4,29,08:00,1,1,1,1.0,5.0,13106,A7-Sens Lyon vers Marseille,M,"43,3971700","5,3502800",13,2019,110.0,1.0,1.0,1.0,2144880,1.0,1,4,1,1.0,,-1.0, -1,1976.0,A01,138Â 304Â 264,2.0,6.0,-1.0,1637895,1.0,7,,0.0,2.0,4.0,C01,138Â 304Â 266,1.0
959704,201900001235,4,29,08:00,1,1,1,1.0,5.0,13106,A7-Sens Lyon vers Marseille,M,"43,3971700","5,3502800",13,2019,110.0,1.0,1.0,1.0,2144881,1.0,1,1,1,1.0,,-1.0, -1,1963.0,B01,138Â 304Â 265,1.0,8.0,-1.0,1637893,1.0,33,,0.0,2.0,6.0,A01,138Â 304Â 264,1.0
959704,201900001235,4,29,08:00,1,1,1,1.0,5.0,13106,A7-Sens Lyon vers Marseille,M,"43,3971700","5,3502800",13,2019,110.0,1.0,1.0,1.0,2144881,1.0,1,1,1,1.0,,-1.0, -1,1963.0,B01,138Â 304Â 265,1.0,8.0,-1.0,1637894,1.0,7,,0.0,2.0,2.0,B01,138Â 304Â 265,1.0
959704,201900001235,4,29,08:00,1,1,1,1.0,5.0,13106,A7-Sens Lyon vers Marseille,M,"43,3971700","5,3502800",13,2019,110.0,1.0,1.0,1.0,2144881,1.0,1,1,1,1.0,,-1.0, -1,1963.0,B01,138Â 304Â 265,1.0,8.0,-1.0,1637895,1.0,7,,0.0,2.0,4.0,C01,138Â 304Â 266,1.0
959704,201900001235,4,29,08:00,1,1,1,1.0,5.0,13106,A7-Sens Lyon vers Marseille,M,"43,3971700","5,3502800",13,2019,110.0,1.0,1.0,1.0,2144882,1.0,1,1,2,1.0,,-1.0, -1,1985.0,C01,138Â 304Â 266,1.0,8.0,-1.0,1637893,1.0,33,,0.0,2.0,6.0,A01,138Â 304Â 264,1.0
959704,201900001235,4,29,08:00,1,1,1,1.0,5.0,13106,A7-Sens Lyon vers Marseille,M,"43,3971700","5,3502800",13,2019,110.0,1.0,1.0,1.0,2144882,1.0,1,1,2,1.0,,-1.0, -1,1985.0,C01,138Â 304Â 266,1.0,8.0,-1.0,1637894,1.0,7,,0.0,2.0,2.0,B01,138Â 304Â 265,1.0
959704,201900001235,4,29,08:00,1,1,1,1.0,5.0,13106,A7-Sens Lyon vers Marseille,M,"43,3971700","5,3502800",13,2019,110.0,1.0,1.0,1.0,2144882,1.0,1,1,2,1.0,,-1.0, -1,1985.0,C01,138Â 304Â 266,1.0,8.0,-1.0,1637895,1.0,7,,0.0,2.0,4.0,C01,138Â 304Â 266,1.0
959705,201900001236,4,28,21:10,2,1,1,1.0,2.0,13071,A51-Sens Aix en Provence vers Marseille,M,"43,4098306","5,3637475",13,2019,90.0,1.0,1.0,1.0,2144883,1.0,1,1,1,0.0,,-1.0, -1,1993.0,Z01,138Â 304Â 262,8.0,0.0,-1.0,1637896,2.0,7,,0.0,2.0,1.0,Z01,138Â 304Â 262,0.0
959705,201900001236,4,28,21:10,2,1,1,1.0,2.0,13071,A51-Sens Aix en Provence vers Marseille,M,"43,4098306","5,3637475",13,2019,90.0,1.0,1.0,1.0,2144883,1.0,1,1,1,0.0,,-1.0, -1,1993.0,Z01,138Â 304Â 262,8.0,0.0,-1.0,1637897,2.0,7,,3.0,2.0,4.0,A01,138Â 304Â 263,1.0
959705,201900001236,4,28,21:10,2,1,1,1.0,2.0,13071,A51-Sens Aix en Provence vers Marseille,M,"43,4098306","5,3637475",13,2019,90.0,1.0,1.0,1.0,2144884,2.0,2,4,2,0.0,,-1.0, -1,1989.0,A01,138Â 304Â 263,1.0,4.0,-1.0,1637896,2.0,7,,0.0,2.0,1.0,Z01,138Â 304Â 262,0.0
959705,201900001236,4,28,21:10,2,1,1,1.0,2.0,13071,A51-Sens Aix en Provence vers Marseille,M,"43,4098306","5,3637475",13,2019,90.0,1.0,1.0,1.0,2144884,2.0,2,4,2,0.0,,-1.0, -1,1989.0,A01,138Â 304Â 263,1.0,4.0,-1.0,1637897,2.0,7,,3.0,2.0,4.0,A01,138Â 304Â 263,1.0
959705,201900001236,4,28,21:10,2,1,1,1.0,2.0,13071,A51-Sens Aix en Provence vers Marseille,M,"43,4098306","5,3637475",13,2019,90.0,1.0,1.0,1.0,2144885,1.0,1,4,1,0.0,,-1.0, -1,1993.0,A01,138Â 304Â 263,1.0,4.0,-1.0,1637896,2.0,7,,0.0,2.0,1.0,Z01,138Â 304Â 262,0.0
959705,201900001236,4,28,21:10,2,1,1,1.0,2.0,13071,A51-Sens Aix en Provence vers Marseille,M,"43,4098306","5,3637475",13,2019,90.0,1.0,1.0,1.0,2144885,1.0,1,4,1,0.0,,-1.0, -1,1993.0,A01,138Â 304Â 263,1.0,4.0,-1.0,1637897,2.0,7,,3.0,2.0,4.0,A01,138Â 304Â 263,1.0
959706,201900001237,5,16,17:15,1,1,1,1.0,2.0,83069,,M,"43,1231200","6,0968600",83,2019,90.0,1.0,2.0,1.0,2144886,1.0,1,1,1,5.0,,-1.0,0,1944.0,B01,138Â 304Â 260,1.0,8.0,-1.0,1637898,1.0,7,,0.0,2.0,5.0,B01,138Â 304Â 260,1.0
959706,201900001237,5,16,17:15,1,1,1,1.0,2.0,83069,,M,"43,1231200","6,0968600",83,2019,90.0,1.0,2.0,1.0,2144886,1.0,1,1,1,5.0,,-1.0,0,1944.0,B01,138Â 304Â 260,1.0,8.0,-1.0,1637899,1.0,32,,12.0,2.0,1.0,A01,138Â 304Â 261,1.0
959706,201900001237,5,16,17:15,1,1,1,1.0,2.0,83069,,M,"43,1231200","6,0968600",83,2019,90.0,1.0,2.0,1.0,2144887,1.0,1,3,1,3.0,,-1.0,0,1986.0,A01,138Â 304Â 261,2.0,6.0,-1.0,1637898,1.0,7,,0.0,2.0,5.0,B01,138Â 304Â 260,1.0
959706,201900001237,5,16,17:15,1,1,1,1.0,2.0,83069,,M,"43,1231200","6,0968600",83,2019,90.0,1.0,2.0,1.0,2144887,1.0,1,3,1,3.0,,-1.0,0,1986.0,A01,138Â 304Â 261,2.0,6.0,-1.0,1637899,1.0,32,,12.0,2.0,1.0,A01,138Â 304Â 261,1.0
959707,201900001238,5,4,10:23,1,1,1,1.0,6.0,83062,,M,"43,1434000","6,0142000",83,2019,90.0,1.0,1.0,1.0,2144888,1.0,1,4,2,5.0,,-1.0,0,1955.0,B01,138Â 304Â 251,1.0,8.0,-1.0,1637900,1.0,7,,0.0,2.0,5.0,B01,138Â 304Â 251,1.0
959707,201900001238,5,4,10:23,1,1,1,1.0,6.0,83062,,M,"43,1434000","6,0142000",83,2019,90.0,1.0,1.0,1.0,2144888,1.0,1,4,2,5.0,,-1.0,0,1955.0,B01,138Â 304Â 251,1.0,8.0,-1.0,1637901,1.0,7,,0.0,0.0,0.0,C01,138Â 304Â 252,1.0
959707,201900001238,5,4,10:23,1,1,1,1.0,6.0,83062,,M,"43,1434000","6,0142000",83,2019,90.0,1.0,1.0,1.0,2144888,1.0,1,4,2,5.0,,-1.0,0,1955.0,B01,138Â 304Â 251,1.0,8.0,-1.0,1637902,1.0,31,,0.0,2.0,1.0,A01,138Â 304Â 253,1.0
959707,201900001238,5,4,10:23,1,1,1,1.0,6.0,83062,,M,"43,1434000","6,0142000",83,2019,90.0,1.0,1.0,1.0,2144889,1.0,1,1,2,5.0,,-1.0,0,1940.0,C01,138Â 304Â 252,1.0,8.0,-1.0,1637900,1.0,7,,0.0,2.0,5.0,B01,138Â 304Â 251,1.0
959707,201900001238,5,4,10:23,1,1,1,1.0,6.0,83062,,M,"43,1434000","6,0142000",83,2019,90.0,1.0,1.0,1.0,2144889,1.0,1,1,2,5.0,,-1.0,0,1940.0,C01,138Â 304Â 252,1.0,8.0,-1.0,1637901,1.0,7,,0.0,0.0,0.0,C01,138Â 304Â 252,1.0
959707,201900001238,5,4,10:23,1,1,1,1.0,6.0,83062,,M,"43,1434000","6,0142000",83,2019,90.0,1.0,1.0,1.0,2144889,1.0,1,1,2,5.0,,-1.0,0,1940.0,C01,138Â 304Â 252,1.0,8.0,-1.0,1637902,1.0,31,,0.0,2.0,1.0,A01,138Â 304Â 253,1.0
959707,201900001238,5,4,10:23,1,1,1,1.0,6.0,83062,,M,"43,1434000","6,0142000",83,2019,90.0,1.0,1.0,1.0,2144890,1.0,1,4,2,9.0,,-1.0,0,1983.0,A01,138Â 304Â 253,2.0,4.0,-1.0,1637900,1.0,7,,0.0,2.0,5.0,B01,138Â 304Â 251,1.0
959707,201900001238,5,4,10:23,1,1,1,1.0,6.0,83062,,M,"43,1434000","6,0142000",83,2019,90.0,1.0,1.0,1.0,2144890,1.0,1,4,2,9.0,,-1.0,0,1983.0,A01,138Â 304Â 253,2.0,4.0,-1.0,1637901,1.0,7,,0.0,0.0,0.0,C01,138Â 304Â 252,1.0
959707,201900001238,5,4,10:23,1,1,1,1.0,6.0,83062,,M,"43,1434000","6,0142000",83,2019,90.0,1.0,1.0,1.0,2144890,1.0,1,4,2,9.0,,-1.0,0,1983.0,A01,138Â 304Â 253,2.0,4.0,-1.0,1637902,1.0,31,,0.0,2.0,1.0,A01,138Â 304Â 253,1.0
959708,201900001239,5,2,09:15,1,1,1,1.0,3.0,83137,A57,M,"43,1243774","5,9657739",83,2019,90.0,1.0,1.0,1.0,2144891,1.0,1,4,1,9.0,,-1.0,0,1974.0,A01,138Â 304Â 249,2.0,0.0,-1.0,1637903,1.0,31,,0.0,2.0,3.0,A01,138Â 304Â 249,1.0
959708,201900001239,5,2,09:15,1,1,1,1.0,3.0,83137,A57,M,"43,1243774","5,9657739",83,2019,90.0,1.0,1.0,1.0,2144891,1.0,1,4,1,9.0,,-1.0,0,1974.0,A01,138Â 304Â 249,2.0,0.0,-1.0,1637904,1.0,7,,0.0,2.0,2.0,B01,138Â 304Â 250,1.0
959708,201900001239,5,2,09:15,1,1,1,1.0,3.0,83137,A57,M,"43,1243774","5,9657739",83,2019,90.0,1.0,1.0,1.0,2144892,1.0,1,1,2,9.0,,-1.0,0,1966.0,B01,138Â 304Â 250,1.0,0.0,-1.0,1637903,1.0,31,,0.0,2.0,3.0,A01,138Â 304Â 249,1.0
959708,201900001239,5,2,09:15,1,1,1,1.0,3.0,83137,A57,M,"43,1243774","5,9657739",83,2019,90.0,1.0,1.0,1.0,2144892,1.0,1,1,2,9.0,,-1.0,0,1966.0,B01,138Â 304Â 250,1.0,0.0,-1.0,1637904,1.0,7,,0.0,2.0,2.0,B01,138Â 304Â 250,1.0
959709,201900001240,4,30,17:07,1,1,1,1.0,1.0,83035,A50,M,"43,1614400","5,7674300",83,2019,130.0,1.0,1.0,1.0,2144893,1.0,1,4,2,9.0,,-1.0,0,1985.0,A01,138Â 304Â 247,1.0,0.0,-1.0,1637905,1.0,7,,0.0,2.0,4.0,A01,138Â 304Â 247,1.0