Unnamed: 0_x,num_acc,mois,jour,hrmn,lum,agg,int,atm,col,com,adr,gps,lat,long,dep,annee,vma,situ,surf,catr,Unnamed: 0_y,place,catu,grav,sexe,trajet,secu,locp,actp,an_nais,num_veh_x,id_vehicule_x,secu1,secu2,secu3,Unnamed: 0,senc,catv,occutc,obs,obsm,choc,num_veh_y,id_vehicule_y,motor
959709,201900001240,4,30,17:07,1,1,1,1.0,1.0,83035,A50,M,"43,1614400","5,7674300",83,2019,130.0,1.0,1.0,1.0,2144893,1.0,1,4,2,9.0,,-1.0,0,1985.0,A01,138Â 304Â 247,1.0,0.0,-1.0,1637906,1.0,10,,0.0,2.0,1.0,B01,138Â 304Â 248,1.0
959709,201900001240,4,30,17:07,1,1,1,1.0,1.0,83035,A50,M,"43,1614400","5,7674300",83,2019,130.0,1.0,1.0,1.0,2144894,1.0,1,1,1,9.0,,-1.0,0,1984.0,B01,138Â 304Â 248,1.0,0.0,-1.0,1637905,1.0,7,,0.0,2.0,4.0,A01,138Â 304Â 247,1.0
959709,201900001240,4,30,17:07,1,1,1,1.0,1.0,83035,A50,M,"43,1614400","5,7674300",83,2019,130.0,1.0,1.0,1.0,2144894,1.0,1,1,1,9.0,,-1.0,0,1984.0,B01,138Â 304Â 248,1.0,0.0,-1.0,1637906,1.0,10,,0.0,2.0,1.0,B01,138Â 304Â 248,1.0
959710,201900001241,4,29,14:35,1,1,1,1.0,6.0,83137,,M,"43,1213200","5,9533100",83,2019,110.0,1.0,1.0,1.0,2144895,1.0,1,1,1,5.0,,-1.0,0,1966.0,A01,138Â 304Â 244,1.0,8.0,-1.0,1637907,2.0,7,,16.0,0.0,3.0,A01,138Â 304Â 244,1.0
959710,201900001241,4,29,14:35,1,1,1,1.0,6.0,83137,,M,"43,1213200","5,9533100",83,2019,110.0,1.0,1.0,1.0,2144895,1.0,1,1,1,5.0,,-1.0,0,1966.0,A01,138Â 304Â 244,1.0,8.0,-1.0,1637908,2.0,33,,0.0,2.0,1.0,C01,138Â 304Â 245,1.0
959710,201900001241,4,29,14:35,1,1,1,1.0,6.0,83137,,M,"43,1213200","5,9533100",83,2019,110.0,1.0,1.0,1.0,2144895,1.0,1,1,1,5.0,,-1.0,0,1966.0,A01,138Â 304Â 244,1.0,8.0,-1.0,1637909,2.0,7,,0.0,2.0,4.0,B01,138Â 304Â 246,1.0
959710,201900001241,4,29,14:35,1,1,1,1.0,6.0,83137,,M,"43,1213200","5,9533100",83,2019,110.0,1.0,1.0,1.0,2144896,1.0,1,4,2,5.0,,-1.0,0,1998.0,C01,138Â 304Â 245,2.0,0.0,-1.0,1637907,2.0,7,,16.0,0.0,3.0,A01,138Â 304Â 244,1.0
959710,201900001241,4,29,14:35,1,1,1,1.0,6.0,83137,,M,"43,1213200","5,9533100",83,2019,110.0,1.0,1.0,1.0,2144896,1.0,1,4,2,5.0,,-1.0,0,1998.0,C01,138Â 304Â 245,2.0,0.0,-1.0,1637908,2.0,33,,0.0,2.0,1.0,C01,138Â 304Â 245,1.0
959710,201900001241,4,29,14:35,1,1,1,1.0,6.0,83137,,M,"43,1213200","5,9533100",83,2019,110.0,1.0,1.0,1.0,2144896,1.0,1,4,2,5.0,,-1.0,0,1998.0,C01,138Â 304Â 245,2.0,0.0,-1.0,1637909,2.0,7,,0.0,2.0,4.0,B01,138Â 304Â 246,1.0
959710,201900001241,4,29,14:35,1,1,1,1.0,6.0,83137,,M,"43,1213200","5,9533100",83,2019,110.0,1.0,1.0,1.0,2144897,1.0,1,1,1,5.0,,-1.0,0,1990.0,B01,138Â 304Â 246,1.0,8.0,-1.0,1637907,2.0,7,,16.0,0.0,3.0,A01,138Â 304Â 244,1.0
959710,201900001241,4,29,14:35,1,1,1,1.0,6.0,83137,,M,"43,1213200","5,9533100",83,2019,110.0,1.0,1.0,1.0,2144897,1.0,1,1,1,5.0,,-1.0,0,1990.0,B01,138Â 304Â 246,1.0,8.0,-1.0,1637908,2.0,33,,0.0,2.0,1.0,C01,138Â 304Â 245,1.0
959710,201900001241,4,29,14:35,1,1,1,1.0,6.0,83137,,M,"43,1213200","5,9533100",83,2019,110.0,1.0,1.0,1.0,2144897,1.0,1,1,1,5.0,,-1.0,0,1990.0,B01,138Â 304Â 246,1.0,8.0,-1.0,1637909,2.0,7,,0.0,2.0,4.0,B01,138Â 304Â 246,1.0
959711,201900001242,4,26,17:21,1,1,1,1.0,4.0,83137,,M,"43,1213200","5,9533100",83,2019,70.0,1.0,1.0,1.0,2144898,1.0,1,1,1,9.0,,-1.0,0,1981.0,A01,138Â 304Â 241,1.0,8.0,-1.0,1637910,1.0,7,,0.0,2.0,1.0,A01,138Â 304Â 241,1.0
959711,201900001242,4,26,17:21,1,1,1,1.0,4.0,83137,,M,"43,1213200","5,9533100",83,2019,70.0,1.0,1.0,1.0,2144898,1.0,1,1,1,9.0,,-1.0,0,1981.0,A01,138Â 304Â 241,1.0,8.0,-1.0,1637911,1.0,7,,0.0,2.0,4.0,C01,138Â 304Â 242,1.0
959711,201900001242,4,26,17:21,1,1,1,1.0,4.0,83137,,M,"43,1213200","5,9533100",83,2019,70.0,1.0,1.0,1.0,2144898,1.0,1,1,1,9.0,,-1.0,0,1981.0,A01,138Â 304Â 241,1.0,8.0,-1.0,1637912,1.0,7,,0.0,2.0,4.0,B01,138Â 304Â 243,1.0
959711,201900001242,4,26,17:21,1,1,1,1.0,4.0,83137,,M,"43,1213200","5,9533100",83,2019,70.0,1.0,1.0,1.0,2144899,1.0,1,1,2,9.0,,-1.0,0,1945.0,C01,138Â 304Â 242,1.0,8.0,-1.0,1637910,1.0,7,,0.0,2.0,1.0,A01,138Â 304Â 241,1.0
959711,201900001242,4,26,17:21,1,1,1,1.0,4.0,83137,,M,"43,1213200","5,9533100",83,2019,70.0,1.0,1.0,1.0,2144899,1.0,1,1,2,9.0,,-1.0,0,1945.0,C01,138Â 304Â 242,1.0,8.0,-1.0,1637911,1.0,7,,0.0,2.0,4.0,C01,138Â 304Â 242,1.0
959711,201900001242,4,26,17:21,1,1,1,1.0,4.0,83137,,M,"43,1213200","5,9533100",83,2019,70.0,1.0,1.0,1.0,2144899,1.0,1,1,2,9.0,,-1.0,0,1945.0,C01,138Â 304Â 242,1.0,8.0,-1.0,1637912,1.0,7,,0.0,2.0,4.0,B01,138Â 304Â 243,1.0
959711,201900001242,4,26,17:21,1,1,1,1.0,4.0,83137,,M,"43,1213200","5,9533100",83,2019,70.0,1.0,1.0,1.0,2144900,2.0,2,4,1,9.0,,-1.0,0,1995.0,B01,138Â 304Â 243,1.0,8.0,-1.0,1637910,1.0,7,,0.0,2.0,1.0,A01,138Â 304Â 241,1.0
959711,201900001242,4,26,17:21,1,1,1,1.0,4.0,83137,,M,"43,1213200","5,9533100",83,2019,70.0,1.0,1.0,1.0,2144900,2.0,2,4,1,9.0,,-1.0,0,1995.0,B01,138Â 304Â 243,1.0,8.0,-1.0,1637911,1.0,7,,0.0,2.0,4.0,C01,138Â 304Â 242,1.0
959711,201900001242,4,26,17:21,1,1,1,1.0,4.0,83137,,M,"43,1213200","5,9533100",83,2019,70.0,1.0,1.0,1.0,2144900,2.0,2,4,1,9.0,,-1.0,0,1995.0,B01,138Â 304Â 243,1.0,8.0,-1.0,1637912,1.0,7,,0.0,2.0,4.0,B01,138Â 304Â 243,1.0
959711,201900001242,4,26,17:21,1,1,1,1.0,4.0,83137,,M,"43,1213200","5,9533100",83,2019,70.0,1.0,1.0,1.0,2144901,1.0,1,4,2,9.0,,-1.0,0,1995.0,B01,138Â 304Â 243,1.0,8.0,-1.0,1637910,1.0,7,,0.0,2.0,1.0,A01,138Â 304Â 241,1.0
959711,201900001242,4,26,17:21,1,1,1,1.0,4.0,83137,,M,"43,1213200","5,9533100",83,2019,70.0,1.0,1.0,1.0,2144901,1.0,1,4,2,9.0,,-1.0,0,1995.0,B01,138Â 304Â 243,1.0,8.0,-1.0,1637911,1.0,7,,0.0,2.0,4.0,C01,138Â 304Â 242,1.0
959711,201900001242,4,26,17:21,1,1,1,1.0,4.0,83137,,M,"43,1213200","5,9533100",83,2019,70.0,1.0,1.0,1.0,2144901,1.0,1,4,2,9.0,,-1.0,0,1995.0,B01,138Â 304Â 243,1.0,8.0,-1.0,1637912,1.0,7,,0.0,2.0,4.0,B01,138Â 304Â 243,1.0
959712,201900001243,5,25,23:30,5,1,1,1.0,5.0,69275,RN346   29.300 A 34.350,M,"45,7671100","4,9850100",69,2019,90.0,1.0,1.0,2.0,2144902,3.0,2,4,2,5.0,,-1.0, -1,1990.0,A01,138Â 304Â 236,1.0,8.0,-1.0,1637913,1.0,10,,0.0,2.0,1.0,A01,138Â 304Â 236,1.0
959712,201900001243,5,25,23:30,5,1,1,1.0,5.0,69275,RN346   29.300 A 34.350,M,"45,7671100","4,9850100",69,2019,90.0,1.0,1.0,2.0,2144902,3.0,2,4,2,5.0,,-1.0, -1,1990.0,A01,138Â 304Â 236,1.0,8.0,-1.0,1637914,1.0,7,,0.0,2.0,4.0,B01,138Â 304Â 237,1.0
959712,201900001243,5,25,23:30,5,1,1,1.0,5.0,69275,RN346   29.300 A 34.350,M,"45,7671100","4,9850100",69,2019,90.0,1.0,1.0,2.0,2144902,3.0,2,4,2,5.0,,-1.0, -1,1990.0,A01,138Â 304Â 236,1.0,8.0,-1.0,1637915,2.0,7,,0.0,2.0,2.0,C01,138Â 304Â 238,1.0
959712,201900001243,5,25,23:30,5,1,1,1.0,5.0,69275,RN346   29.300 A 34.350,M,"45,7671100","4,9850100",69,2019,90.0,1.0,1.0,2.0,2144902,3.0,2,4,2,5.0,,-1.0, -1,1990.0,A01,138Â 304Â 236,1.0,8.0,-1.0,1637916,2.0,7,,0.0,2.0,8.0,D01,138Â 304Â 239,1.0
959712,201900001243,5,25,23:30,5,1,1,1.0,5.0,69275,RN346   29.300 A 34.350,M,"45,7671100","4,9850100",69,2019,90.0,1.0,1.0,2.0,2144902,3.0,2,4,2,5.0,,-1.0, -1,1990.0,A01,138Â 304Â 236,1.0,8.0,-1.0,1637917,2.0,7,,0.0,2.0,8.0,E01,138Â 304Â 240,1.0
959712,201900001243,5,25,23:30,5,1,1,1.0,5.0,69275,RN346   29.300 A 34.350,M,"45,7671100","4,9850100",69,2019,90.0,1.0,1.0,2.0,2144903,1.0,1,1,1,5.0,,-1.0,0,1992.0,A01,138Â 304Â 236,1.0,8.0,-1.0,1637913,1.0,10,,0.0,2.0,1.0,A01,138Â 304Â 236,1.0
959712,201900001243,5,25,23:30,5,1,1,1.0,5.0,69275,RN346   29.300 A 34.350,M,"45,7671100","4,9850100",69,2019,90.0,1.0,1.0,2.0,2144903,1.0,1,1,1,5.0,,-1.0,0,1992.0,A01,138Â 304Â 236,1.0,8.0,-1.0,1637914,1.0,7,,0.0,2.0,4.0,B01,138Â 304Â 237,1.0
959712,201900001243,5,25,23:30,5,1,1,1.0,5.0,69275,RN346   29.300 A 34.350,M,"45,7671100","4,9850100",69,2019,90.0,1.0,1.0,2.0,2144903,1.0,1,1,1,5.0,,-1.0,0,1992.0,A01,138Â 304Â 236,1.0,8.0,-1.0,1637915,2.0,7,,0.0,2.0,2.0,C01,138Â 304Â 238,1.0
959712,201900001243,5,25,23:30,5,1,1,1.0,5.0,69275,RN346   29.300 A 34.350,M,"45,7671100","4,9850100",69,2019,90.0,1.0,1.0,2.0,2144903,1.0,1,1,1,5.0,,-1.0,0,1992.0,A01,138Â 304Â 236,1.0,8.0,-1.0,1637916,2.0,7,,0.0,2.0,8.0,D01,138Â 304Â 239,1.0
959712,201900001243,5,25,23:30,5,1,1,1.0,5.0,69275,RN346   29.300 A 34.350,M,"45,7671100","4,9850100",69,2019,90.0,1.0,1.0,2.0,2144903,1.0,1,1,1,5.0,,-1.0,0,1992.0,A01,138Â 304Â 236,1.0,8.0,-1.0,1637917,2.0,7,,0.0,2.0,8.0,E01,138Â 304Â 240,1.0
959712,201900001243,5,25,23:30,5,1,1,1.0,5.0,69275,RN346   29.300 A 34.350,M,"45,7671100","4,9850100",69,2019,90.0,1.0,1.0,2.0,2144904,1.0,1,4,1,5.0,,-1.0,0,1957.0,B01,138Â 304Â 237,1.0,8.0,-1.0,1637913,1.0,10,,0.0,2.0,1.0,A01,138Â 304Â 236,1.0
959712,201900001243,5,25,23:30,5,1,1,1.0,5.0,69275,RN346   29.300 A 34.350,M,"45,7671100","4,9850100",69,2019,90.0,1.0,1.0,2.0,2144904,1.0,1,4,1,5.0,,-1.0,0,1957.0,B01,138Â 304Â 237,1.0,8.0,-1.0,1637914,1.0,7,,0.0,2.0,4.0,B01,138Â 304Â 237,1.0
959712,201900001243,5,25,23:30,5,1,1,1.0,5.0,69275,RN346   29.300 A 34.350,M,"45,7671100","4,9850100",69,2019,90.0,1.0,1.0,2.0,2144904,1.0,1,4,1,5.0,,-1.0,0,1957.0,B01,138Â 304Â 237,1.0,8.0,-1.0,1637915,2.0,7,,0.0,2.0,2.0,C01,138Â 304Â 238,1.0
959712,201900001243,5,25,23:30,5,1,1,1.0,5.0,69275,RN346   29.300 A 34.350,M,"45,7671100","4,9850100",69,2019,90.0,1.0,1.0,2.0,2144904,1.0,1,4,1,5.0,,-1.0,0,1957.0,B01,138Â 304Â 237,1.0,8.0,-1.0,1637916,2.0,7,,0.0,2.0,8.0,D01,138Â 304Â 239,1.0
959712,201900001243,5,25,23:30,5,1,1,1.0,5.0,69275,RN346   29.300 A 34.350,M,"45,7671100","4,9850100",69,2019,90.0,1.0,1.0,2.0,2144904,1.0,1,4,1,5.0,,-1.0,0,1957.0,B01,138Â 304Â 237,1.0,8.0,-1.0,1637917,2.0,7,,0.0,2.0,8.0,E01,138Â 304Â 240,1.0
959712,201900001243,5,25,23:30,5,1,1,1.0,5.0,69275,RN346   29.300 A 34.350,M,"45,7671100","4,9850100",69,2019,90.0,1.0,1.0,2.0,2144905,3.0,2,4,2,5.0,,-1.0,0,1997.0,B01,138Â 304Â 237,1.0,8.0,-1.0,1637913,1.0,10,,0.0,2.0,1.0,A01,138Â 304Â 236,1.0
959712,201900001243,5,25,23:30,5,1,1,1.0,5.0,69275,RN346   29.300 A 34.350,M,"45,7671100","4,9850100",69,2019,90.0,1.0,1.0,2.0,2144905,3.0,2,4,2,5.0,,-1.0,0,1997.0,B01,138Â 304Â 237,1.0,8.0,-1.0,1637914,1.0,7,,0.0,2.0,4.0,B01,138Â 304Â 237,1.0
959712,201900001243,5,25,23:30,5,1,1,1.0,5.0,69275,RN346   29.300 A 34.350,M,"45,7671100","4,9850100",69,2019,90.0,1.0,1.0,2.0,2144905,3.0,2,4,2,5.0,,-1.0,0,1997.0,B01,138Â 304Â 237,1.0,8.0,-1.0,1637915,2.0,7,,0.0,2.0,2.0,C01,138Â 304Â 238,1.0
959712,201900001243,5,25,23:30,5,1,1,1.0,5.0,69275,RN346   29.300 A 34.350,M,"45,7671100","4,9850100",69,2019,90.0,1.0,1.0,2.0,2144905,3.0,2,4,2,5.0,,-1.0,0,1997.0,B01,138Â 304Â 237,1.0,8.0,-1.0,1637916,2.0,7,,0.0,2.0,8.0,D01,138Â 304Â 239,1.0
959712,201900001243,5,25,23:30,5,1,1,1.0,5.0,69275,RN346   29.300 A 34.350,M,"45,7671100","4,9850100",69,2019,90.0,1.0,1.0,2.0,2144905,3.0,2,4,2,5.0,,-1.0,0,1997.0,B01,138Â 304Â 237,1.0,8.0,-1.0,1637917,2.0,7,,0.0,2.0,8.0,E01,138Â 304Â 240,1.0
959712,201900001243,5,25,23:30,5,1,1,1.0,5.0,69275,RN346   29.300 A 34.350,M,"45,7671100","4,9850100",69,2019,90.0,1.0,1.0,2.0,2144906,2.0,2,4,2,5.0,,-1.0,0,1965.0,B01,138Â 304Â 237,1.0,8.0,-1.0,1637913,1.0,10,,0.0,2.0,1.0,A01,138Â 304Â 236,1.0
959712,201900001243,5,25,23:30,5,1,1,1.0,5.0,69275,RN346   29.300 A 34.350,M,"45,7671100","4,9850100",69,2019,90.0,1.0,1.0,2.0,2144906,2.0,2,4,2,5.0,,-1.0,0,1965.0,B01,138Â 304Â 237,1.0,8.0,-1.0,1637914,1.0,7,,0.0,2.0,4.0,B01,138Â 304Â 237,1.0
959712,201900001243,5,25,23:30,5,1,1,1.0,5.0,69275,RN346   29.300 A 34.350,M,"45,7671100","4,9850100",69,2019,90.0,1.0,1.0,2.0,2144906,2.0,2,4,2,5.0,,-1.0,0,1965.0,B01,138Â 304Â 237,1.0,8.0,-1.0,1637915,2.0,7,,0.0,2.0,2.0,C01,138Â 304Â 238,1.0
959712,201900001243,5,25,23:30,5,1,1,1.0,5.0,69275,RN346   29.300 A 34.350,M,"45,7671100","4,9850100",69,2019,90.0,1.0,1.0,2.0,2144906,2.0,2,4,2,5.0,,-1.0,0,1965.0,B01,138Â 304Â 237,1.0,8.0,-1.0,1637916,2.0,7,,0.0,2.0,8.0,D01,138Â 304Â 239,1.0
959712,201900001243,5,25,23:30,5,1,1,1.0,5.0,69275,RN346   29.300 A 34.350,M,"45,7671100","4,9850100",69,2019,90.0,1.0,1.0,2.0,2144906,2.0,2,4,2,5.0,,-1.0,0,1965.0,B01,138Â 304Â 237,1.0,8.0,-1.0,1637917,2.0,7,,0.0,2.0,8.0,E01,138Â 304Â 240,1.0
959712,201900001243,5,25,23:30,5,1,1,1.0,5.0,69275,RN346   29.300 A 34.350,M,"45,7671100","4,9850100",69,2019,90.0,1.0,1.0,2.0,2144907,1.0,1,4,1,5.0,,-1.0,0,1984.0,C01,138Â 304Â 238,1.0,8.0,-1.0,1637913,1.0,10,,0.0,2.0,1.0,A01,138Â 304Â 236,1.0
959712,201900001243,5,25,23:30,5,1,1,1.0,5.0,69275,RN346   29.300 A 34.350,M,"45,7671100","4,9850100",69,2019,90.0,1.0,1.0,2.0,2144907,1.0,1,4,1,5.0,,-1.0,0,1984.0,C01,138Â 304Â 238,1.0,8.0,-1.0,1637914,1.0,7,,0.0,2.0,4.0,B01,138Â 304Â 237,1.0
959712,201900001243,5,25,23:30,5,1,1,1.0,5.0,69275,RN346   29.300 A 34.350,M,"45,7671100","4,9850100",69,2019,90.0,1.0,1.0,2.0,2144907,1.0,1,4,1,5.0,,-1.0,0,1984.0,C01,138Â 304Â 238,1.0,8.0,-1.0,1637915,2.0,7,,0.0,2.0,2.0,C01,138Â 304Â 238,1.0
959712,201900001243,5,25,23:30,5,1,1,1.0,5.0,69275,RN346   29.300 A 34.350,M,"45,7671100","4,9850100",69,2019,90.0,1.0,1.0,2.0,2144907,1.0,1,4,1,5.0,,-1.0,0,1984.0,C01,138Â 304Â 238,1.0,8.0,-1.0,1637916,2.0,7,,0.0,2.0,8.0,D01,138Â 304Â 239,1.0
959712,201900001243,5,25,23:30,5,1,1,1.0,5.0,69275,RN346   29.300 A 34.350,M,"45,7671100","4,9850100",69,2019,90.0,1.0,1.0,2.0,2144907,1.0,1,4,1,5.0,,-1.0,0,1984.0,C01,138Â 304Â 238,1.0,8.0,-1.0,1637917,2.0,7,,0.0,2.0,8.0,E01,138Â 304Â 240,1.0
959712,201900001243,5,25,23:30,5,1,1,1.0,5.0,69275,RN346   29.300 A 34.350,M,"45,7671100","4,9850100",69,2019,90.0,1.0,1.0,2.0,2144908,1.0,1,1,2,5.0,,-1.0,0,1960.0,D01,138Â 304Â 239,1.0,8.0,-1.0,1637913,1.0,10,,0.0,2.0,1.0,A01,138Â 304Â 236,1.0
959712,201900001243,5,25,23:30,5,1,1,1.0,5.0,69275,RN346   29.300 A 34.350,M,"45,7671100","4,9850100",69,2019,90.0,1.0,1.0,2.0,2144908,1.0,1,1,2,5.0,,-1.0,0,1960.0,D01,138Â 304Â 239,1.0,8.0,-1.0,1637914,1.0,7,,0.0,2.0,4.0,B01,138Â 304Â 237,1.0
959712,201900001243,5,25,23:30,5,1,1,1.0,5.0,69275,RN346   29.300 A 34.350,M,"45,7671100","4,9850100",69,2019,90.0,1.0,1.0,2.0,2144908,1.0,1,1,2,5.0,,-1.0,0,1960.0,D01,138Â 304Â 239,1.0,8.0,-1.0,1637915,2.0,7,,0.0,2.0,2.0,C01,138Â 304Â 238,1.0
959712,201900001243,5,25,23:30,5,1,1,1.0,5.0,69275,RN346   29.300 A 34.350,M,"45,7671100","4,9850100",69,2019,90.0,1.0,1.0,2.0,2144908,1.0,1,1,2,5.0,,-1.0,0,1960.0,D01,138Â 304Â 239,1.0,8.0,-1.0,1637916,2.0,7,,0.0,2.0,8.0,D01,138Â 304Â 239,1.0
959712,201900001243,5,25,23:30,5,1,1,1.0,5.0,69275,RN346   29.300 A 34.350,M,"45,7671100","4,9850100",69,2019,90.0,1.0,1.0,2.0,2144908,1.0,1,1,2,5.0,,-1.0,0,1960.0,D01,138Â 304Â 239,1.0,8.0,-1.0,1637917,2.0,7,,0.0,2.0,8.0,E01,138Â 304Â 240,1.0
959712,201900001243,5,25,23:30,5,1,1,1.0,5.0,69275,RN346   29.300 A 34.350,M,"45,7671100","4,9850100",69,2019,90.0,1.0,1.0,2.0,2144909,1.0,1,1,1,5.0,,-1.0,0,1981.0,E01,138Â 304Â 240,1.0,8.0,-1.0,1637913,1.0,10,,0.0,2.0,1.0,A01,138Â 304Â 236,1.0
959712,201900001243,5,25,23:30,5,1,1,1.0,5.0,69275,RN346   29.300 A 34.350,M,"45,7671100","4,9850100",69,2019,90.0,1.0,1.0,2.0,2144909,1.0,1,1,1,5.0,,-1.0,0,1981.0,E01,138Â 304Â 240,1.0,8.0,-1.0,1637914,1.0,7,,0.0,2.0,4.0,B01,138Â 304Â 237,1.0
959712,201900001243,5,25,23:30,5,1,1,1.0,5.0,69275,RN346   29.300 A 34.350,M,"45,7671100","4,9850100",69,2019,90.0,1.0,1.0,2.0,2144909,1.0,1,1,1,5.0,,-1.0,0,1981.0,E01,138Â 304Â 240,1.0,8.0,-1.0,1637915,2.0,7,,0.0,2.0,2.0,C01,138Â 304Â 238,1.0
959712,201900001243,5,25,23:30,5,1,1,1.0,5.0,69275,RN346   29.300 A 34.350,M,"45,7671100","4,9850100",69,2019,90.0,1.0,1.0,2.0,2144909,1.0,1,1,1,5.0,,-1.0,0,1981.0,E01,138Â 304Â 240,1.0,8.0,-1.0,1637916,2.0,7,,0.0,2.0,8.0,D01,138Â 304Â 239,1.0
959712,201900001243,5,25,23:30,5,1,1,1.0,5.0,69275,RN346   29.300 A 34.350,M,"45,7671100","4,9850100",69,2019,90.0,1.0,1.0,2.0,2144909,1.0,1,1,1,5.0,,-1.0,0,1981.0,E01,138Â 304Â 240,1.0,8.0,-1.0,1637917,2.0,7,,0.0,2.0,8.0,E01,138Â 304Â 240,1.0
959713,201900001244,5,27,17:10,1,1,1,1.0,6.0,69290,A43   3.865 A 9.894,M,"45,7059000","4,9590000",69,2019,90.0,1.0,1.0,1.0,2144910,1.0,1,4,1,5.0,,-1.0,0,1986.0,C01,138Â 304Â 232,1.0,0.0,-1.0,1637918,1.0,10,,0.0,2.0,4.0,C01,138Â 304Â 232,1.0
959713,201900001244,5,27,17:10,1,1,1,1.0,6.0,69290,A43   3.865 A 9.894,M,"45,7059000","4,9590000",69,2019,90.0,1.0,1.0,1.0,2144910,1.0,1,4,1,5.0,,-1.0,0,1986.0,C01,138Â 304Â 232,1.0,0.0,-1.0,1637919,1.0,10,,0.0,2.0,4.0,B01,138Â 304Â 233,1.0
959713,201900001244,5,27,17:10,1,1,1,1.0,6.0,69290,A43   3.865 A 9.894,M,"45,7059000","4,9590000",69,2019,90.0,1.0,1.0,1.0,2144910,1.0,1,4,1,5.0,,-1.0,0,1986.0,C01,138Â 304Â 232,1.0,0.0,-1.0,1637920,1.0,10,,0.0,2.0,1.0,A01,138Â 304Â 234,1.0
959713,201900001244,5,27,17:10,1,1,1,1.0,6.0,69290,A43   3.865 A 9.894,M,"45,7059000","4,9590000",69,2019,90.0,1.0,1.0,1.0,2144910,1.0,1,4,1,5.0,,-1.0,0,1986.0,C01,138Â 304Â 232,1.0,0.0,-1.0,1637921,1.0,7,,0.0,2.0,4.0,D01,138Â 304Â 235,1.0
959713,201900001244,5,27,17:10,1,1,1,1.0,6.0,69290,A43   3.865 A 9.894,M,"45,7059000","4,9590000",69,2019,90.0,1.0,1.0,1.0,2144911,1.0,1,4,1,1.0,,-1.0,0,1984.0,B01,138Â 304Â 233,1.0,0.0,-1.0,1637918,1.0,10,,0.0,2.0,4.0,C01,138Â 304Â 232,1.0
959713,201900001244,5,27,17:10,1,1,1,1.0,6.0,69290,A43   3.865 A 9.894,M,"45,7059000","4,9590000",69,2019,90.0,1.0,1.0,1.0,2144911,1.0,1,4,1,1.0,,-1.0,0,1984.0,B01,138Â 304Â 233,1.0,0.0,-1.0,1637919,1.0,10,,0.0,2.0,4.0,B01,138Â 304Â 233,1.0
959713,201900001244,5,27,17:10,1,1,1,1.0,6.0,69290,A43   3.865 A 9.894,M,"45,7059000","4,9590000",69,2019,90.0,1.0,1.0,1.0,2144911,1.0,1,4,1,1.0,,-1.0,0,1984.0,B01,138Â 304Â 233,1.0,0.0,-1.0,1637920,1.0,10,,0.0,2.0,1.0,A01,138Â 304Â 234,1.0
959713,201900001244,5,27,17:10,1,1,1,1.0,6.0,69290,A43   3.865 A 9.894,M,"45,7059000","4,9590000",69,2019,90.0,1.0,1.0,1.0,2144911,1.0,1,4,1,1.0,,-1.0,0,1984.0,B01,138Â 304Â 233,1.0,0.0,-1.0,1637921,1.0,7,,0.0,2.0,4.0,D01,138Â 304Â 235,1.0
959713,201900001244,5,27,17:10,1,1,1,1.0,6.0,69290,A43   3.865 A 9.894,M,"45,7059000","4,9590000",69,2019,90.0,1.0,1.0,1.0,2144912,1.0,1,4,1,5.0,,-1.0,0,1997.0,A01,138Â 304Â 234,1.0,8.0,-1.0,1637918,1.0,10,,0.0,2.0,4.0,C01,138Â 304Â 232,1.0
959713,201900001244,5,27,17:10,1,1,1,1.0,6.0,69290,A43   3.865 A 9.894,M,"45,7059000","4,9590000",69,2019,90.0,1.0,1.0,1.0,2144912,1.0,1,4,1,5.0,,-1.0,0,1997.0,A01,138Â 304Â 234,1.0,8.0,-1.0,1637919,1.0,10,,0.0,2.0,4.0,B01,138Â 304Â 233,1.0
959713,201900001244,5,27,17:10,1,1,1,1.0,6.0,69290,A43   3.865 A 9.894,M,"45,7059000","4,9590000",69,2019,90.0,1.0,1.0,1.0,2144912,1.0,1,4,1,5.0,,-1.0,0,1997.0,A01,138Â 304Â 234,1.0,8.0,-1.0,1637920,1.0,10,,0.0,2.0,1.0,A01,138Â 304Â 234,1.0
959713,201900001244,5,27,17:10,1,1,1,1.0,6.0,69290,A43   3.865 A 9.894,M,"45,7059000","4,9590000",69,2019,90.0,1.0,1.0,1.0,2144912,1.0,1,4,1,5.0,,-1.0,0,1997.0,A01,138Â 304Â 234,1.0,8.0,-1.0,1637921,1.0,7,,0.0,2.0,4.0,D01,138Â 304Â 235,1.0
959713,201900001244,5,27,17:10,1,1,1,1.0,6.0,69290,A43   3.865 A 9.894,M,"45,7059000","4,9590000",69,2019,90.0,1.0,1.0,1.0,2144913,3.0,2,1,2,5.0,,-1.0,0,1989.0,D01,138Â 304Â 235,1.0,0.0,-1.0,1637918,1.0,10,,0.0,2.0,4.0,C01,138Â 304Â 232,1.0
959713,201900001244,5,27,17:10,1,1,1,1.0,6.0,69290,A43   3.865 A 9.894,M,"45,7059000","4,9590000",69,2019,90.0,1.0,1.0,1.0,2144913,3.0,2,1,2,5.0,,-1.0,0,1989.0,D01,138Â 304Â 235,1.0,0.0,-1.0,1637919,1.0,10,,0.0,2.0,4.0,B01,138Â 304Â 233,1.0