Unnamed: 0_x,num_acc,mois,jour,hrmn,lum,agg,int,atm,col,com,adr,gps,lat,long,dep,annee,vma,situ,surf,catr,Unnamed: 0_y,place,catu,grav,sexe,trajet,secu,locp,actp,an_nais,num_veh_x,id_vehicule_x,secu1,secu2,secu3,Unnamed: 0,senc,catv,occutc,obs,obsm,choc,num_veh_y,id_vehicule_y,motor
959713,201900001244,5,27,17:10,1,1,1,1.0,6.0,69290,A43   3.865 A 9.894,M,"45,7059000","4,9590000",69,2019,90.0,1.0,1.0,1.0,2144913,3.0,2,1,2,5.0,,-1.0,0,1989.0,D01,138Â 304Â 235,1.0,0.0,-1.0,1637920,1.0,10,,0.0,2.0,1.0,A01,138Â 304Â 234,1.0
959713,201900001244,5,27,17:10,1,1,1,1.0,6.0,69290,A43   3.865 A 9.894,M,"45,7059000","4,9590000",69,2019,90.0,1.0,1.0,1.0,2144913,3.0,2,1,2,5.0,,-1.0,0,1989.0,D01,138Â 304Â 235,1.0,0.0,-1.0,1637921,1.0,7,,0.0,2.0,4.0,D01,138Â 304Â 235,1.0
959713,201900001244,5,27,17:10,1,1,1,1.0,6.0,69290,A43   3.865 A 9.894,M,"45,7059000","4,9590000",69,2019,90.0,1.0,1.0,1.0,2144914,1.0,1,1,1,5.0,,-1.0,0,1989.0,D01,138Â 304Â 235,1.0,0.0,-1.0,1637918,1.0,10,,0.0,2.0,4.0,C01,138Â 304Â 232,1.0
959713,201900001244,5,27,17:10,1,1,1,1.0,6.0,69290,A43   3.865 A 9.894,M,"45,7059000","4,9590000",69,2019,90.0,1.0,1.0,1.0,2144914,1.0,1,1,1,5.0,,-1.0,0,1989.0,D01,138Â 304Â 235,1.0,0.0,-1.0,1637919,1.0,10,,0.0,2.0,4.0,B01,138Â 304Â 233,1.0
959713,201900001244,5,27,17:10,1,1,1,1.0,6.0,69290,A43   3.865 A 9.894,M,"45,7059000","4,9590000",69,2019,90.0,1.0,1.0,1.0,2144914,1.0,1,1,1,5.0,,-1.0,0,1989.0,D01,138Â 304Â 235,1.0,0.0,-1.0,1637920,1.0,10,,0.0,2.0,1.0,A01,138Â 304Â 234,1.0
959713,201900001244,5,27,17:10,1,1,1,1.0,6.0,69290,A43   3.865 A 9.894,M,"45,7059000","4,9590000",69,2019,90.0,1.0,1.0,1.0,2144914,1.0,1,1,1,5.0,,-1.0,0,1989.0,D01,138Â 304Â 235,1.0,0.0,-1.0,1637921,1.0,7,,0.0,2.0,4.0,D01,138Â 304Â 235,1.0
959713,201900001244,5,27,17:10,1,1,1,1.0,6.0,69290,A43   3.865 A 9.894,M,"45,7059000","4,9590000",69,2019,90.0,1.0,1.0,1.0,2144915,2.0,2,1,1,5.0,,-1.0,0,2019.0,D01,138Â 304Â 235,3.0,8.0,-1.0,1637918,1.0,10,,0.0,2.0,4.0,C01,138Â 304Â 232,1.0
959713,201900001244,5,27,17:10,1,1,1,1.0,6.0,69290,A43   3.865 A 9.894,M,"45,7059000","4,9590000",69,2019,90.0,1.0,1.0,1.0,2144915,2.0,2,1,1,5.0,,-1.0,0,2019.0,D01,138Â 304Â 235,3.0,8.0,-1.0,1637919,1.0,10,,0.0,2.0,4.0,B01,138Â 304Â 233,1.0
959713,201900001244,5,27,17:10,1,1,1,1.0,6.0,69290,A43   3.865 A 9.894,M,"45,7059000","4,9590000",69,2019,90.0,1.0,1.0,1.0,2144915,2.0,2,1,1,5.0,,-1.0,0,2019.0,D01,138Â 304Â 235,3.0,8.0,-1.0,1637920,1.0,10,,0.0,2.0,1.0,A01,138Â 304Â 234,1.0
959713,201900001244,5,27,17:10,1,1,1,1.0,6.0,69290,A43   3.865 A 9.894,M,"45,7059000","4,9590000",69,2019,90.0,1.0,1.0,1.0,2144915,2.0,2,1,1,5.0,,-1.0,0,2019.0,D01,138Â 304Â 235,3.0,8.0,-1.0,1637921,1.0,7,,0.0,2.0,4.0,D01,138Â 304Â 235,1.0
959714,201900001245,5,23,15:45,1,1,1,1.0,2.0,69152,A450   0.000 A 1.090,M,"45,6959000","4,8328100",69,2019,70.0,1.0,1.0,1.0,2144916,1.0,1,1,1,5.0,,-1.0,0,1999.0,B01,138Â 304Â 230,1.0,0.0,-1.0,1637922,2.0,7,,4.0,2.0,6.0,B01,138Â 304Â 230,1.0
959714,201900001245,5,23,15:45,1,1,1,1.0,2.0,69152,A450   0.000 A 1.090,M,"45,6959000","4,8328100",69,2019,70.0,1.0,1.0,1.0,2144916,1.0,1,1,1,5.0,,-1.0,0,1999.0,B01,138Â 304Â 230,1.0,0.0,-1.0,1637923,2.0,7,,1.0,2.0,2.0,A01,138Â 304Â 231,1.0
959714,201900001245,5,23,15:45,1,1,1,1.0,2.0,69152,A450   0.000 A 1.090,M,"45,6959000","4,8328100",69,2019,70.0,1.0,1.0,1.0,2144917,2.0,2,4,1,5.0,,-1.0,0,2000.0,B01,138Â 304Â 230,1.0,8.0,-1.0,1637922,2.0,7,,4.0,2.0,6.0,B01,138Â 304Â 230,1.0
959714,201900001245,5,23,15:45,1,1,1,1.0,2.0,69152,A450   0.000 A 1.090,M,"45,6959000","4,8328100",69,2019,70.0,1.0,1.0,1.0,2144917,2.0,2,4,1,5.0,,-1.0,0,2000.0,B01,138Â 304Â 230,1.0,8.0,-1.0,1637923,2.0,7,,1.0,2.0,2.0,A01,138Â 304Â 231,1.0
959714,201900001245,5,23,15:45,1,1,1,1.0,2.0,69152,A450   0.000 A 1.090,M,"45,6959000","4,8328100",69,2019,70.0,1.0,1.0,1.0,2144918,1.0,1,4,2,5.0,,-1.0,0,1996.0,A01,138Â 304Â 231,1.0,8.0,-1.0,1637922,2.0,7,,4.0,2.0,6.0,B01,138Â 304Â 230,1.0
959714,201900001245,5,23,15:45,1,1,1,1.0,2.0,69152,A450   0.000 A 1.090,M,"45,6959000","4,8328100",69,2019,70.0,1.0,1.0,1.0,2144918,1.0,1,4,2,5.0,,-1.0,0,1996.0,A01,138Â 304Â 231,1.0,8.0,-1.0,1637923,2.0,7,,1.0,2.0,2.0,A01,138Â 304Â 231,1.0
959715,201900001246,5,23,13:55,1,1,1,1.0,3.0,69081,A6   449.510 A 451.640,M,"45,7773700","4,7817200",69,2019,70.0,1.0,1.0,1.0,2144919,1.0,1,3,1,4.0,,-1.0,0,1973.0,A01,138Â 304Â 228,2.0,6.0,-1.0,1637924,2.0,33,,0.0,2.0,3.0,A01,138Â 304Â 228,1.0
959715,201900001246,5,23,13:55,1,1,1,1.0,3.0,69081,A6   449.510 A 451.640,M,"45,7773700","4,7817200",69,2019,70.0,1.0,1.0,1.0,2144919,1.0,1,3,1,4.0,,-1.0,0,1973.0,A01,138Â 304Â 228,2.0,6.0,-1.0,1637925,2.0,7,,0.0,2.0,5.0,B01,138Â 304Â 229,1.0
959715,201900001246,5,23,13:55,1,1,1,1.0,3.0,69081,A6   449.510 A 451.640,M,"45,7773700","4,7817200",69,2019,70.0,1.0,1.0,1.0,2144920,1.0,1,1,1,4.0,,-1.0,0,1961.0,B01,138Â 304Â 229,1.0,0.0,-1.0,1637924,2.0,33,,0.0,2.0,3.0,A01,138Â 304Â 228,1.0
959715,201900001246,5,23,13:55,1,1,1,1.0,3.0,69081,A6   449.510 A 451.640,M,"45,7773700","4,7817200",69,2019,70.0,1.0,1.0,1.0,2144920,1.0,1,1,1,4.0,,-1.0,0,1961.0,B01,138Â 304Â 229,1.0,0.0,-1.0,1637925,2.0,7,,0.0,2.0,5.0,B01,138Â 304Â 229,1.0
959716,201900001247,5,20,17:25,1,1,1,1.0,2.0,69276,BUS (RD301)   0.000 A 2.800,M,"45,6844822","4,8560206",69,2019,90.0,1.0,1.0,3.0,2144921,1.0,1,1,1,9.0,,-1.0,0,1997.0,B01,138Â 304Â 226,1.0,0.0,-1.0,1637926,2.0,7,,0.0,2.0,4.0,B01,138Â 304Â 226,1.0
959716,201900001247,5,20,17:25,1,1,1,1.0,2.0,69276,BUS (RD301)   0.000 A 2.800,M,"45,6844822","4,8560206",69,2019,90.0,1.0,1.0,3.0,2144921,1.0,1,1,1,9.0,,-1.0,0,1997.0,B01,138Â 304Â 226,1.0,0.0,-1.0,1637927,2.0,33,,0.0,2.0,1.0,A01,138Â 304Â 227,1.0
959716,201900001247,5,20,17:25,1,1,1,1.0,2.0,69276,BUS (RD301)   0.000 A 2.800,M,"45,6844822","4,8560206",69,2019,90.0,1.0,1.0,3.0,2144922,1.0,1,3,1,5.0,,-1.0,0,1981.0,A01,138Â 304Â 227,2.0,6.0,-1.0,1637926,2.0,7,,0.0,2.0,4.0,B01,138Â 304Â 226,1.0
959716,201900001247,5,20,17:25,1,1,1,1.0,2.0,69276,BUS (RD301)   0.000 A 2.800,M,"45,6844822","4,8560206",69,2019,90.0,1.0,1.0,3.0,2144922,1.0,1,3,1,5.0,,-1.0,0,1981.0,A01,138Â 304Â 227,2.0,6.0,-1.0,1637927,2.0,33,,0.0,2.0,1.0,A01,138Â 304Â 227,1.0
959717,201900001248,5,14,09:00,1,1,9,1.0,2.0,69266,A42   0.000 A 0.560,M,"45,7837438","4,8940535",69,2019,70.0,1.0,1.0,1.0,2144923,1.0,1,1,1,4.0,,0.0,0,1985.0,A01,138Â 304Â 220,1.0,8.0,-1.0,1637928,2.0,10,,0.0,2.0,1.0,A01,138Â 304Â 220,1.0
959717,201900001248,5,14,09:00,1,1,9,1.0,2.0,69266,A42   0.000 A 0.560,M,"45,7837438","4,8940535",69,2019,70.0,1.0,1.0,1.0,2144923,1.0,1,1,1,4.0,,0.0,0,1985.0,A01,138Â 304Â 220,1.0,8.0,-1.0,1637929,2.0,7,,0.0,6.0,4.0,B01,138Â 304Â 221,1.0
959717,201900001248,5,14,09:00,1,1,9,1.0,2.0,69266,A42   0.000 A 0.560,M,"45,7837438","4,8940535",69,2019,70.0,1.0,1.0,1.0,2144924,1.0,1,4,2,4.0,,0.0,0,1980.0,B01,138Â 304Â 221,1.0,8.0,-1.0,1637928,2.0,10,,0.0,2.0,1.0,A01,138Â 304Â 220,1.0
959717,201900001248,5,14,09:00,1,1,9,1.0,2.0,69266,A42   0.000 A 0.560,M,"45,7837438","4,8940535",69,2019,70.0,1.0,1.0,1.0,2144924,1.0,1,4,2,4.0,,0.0,0,1980.0,B01,138Â 304Â 221,1.0,8.0,-1.0,1637929,2.0,7,,0.0,6.0,4.0,B01,138Â 304Â 221,1.0
959718,201900001249,5,15,15:30,1,2,1,1.0,2.0,69256,A42     0.560 A 4.020,M,"45,7915400","4,9121000",69,2019,90.0,1.0,1.0,1.0,2144925,1.0,1,1,1,4.0,,0.0,0,1977.0,B01,138Â 304Â 218,1.0,8.0,-1.0,1637930,1.0,15,,0.0,2.0,4.0,B01,138Â 304Â 218,0.0
959718,201900001249,5,15,15:30,1,2,1,1.0,2.0,69256,A42     0.560 A 4.020,M,"45,7915400","4,9121000",69,2019,90.0,1.0,1.0,1.0,2144925,1.0,1,1,1,4.0,,0.0,0,1977.0,B01,138Â 304Â 218,1.0,8.0,-1.0,1637931,1.0,10,,0.0,2.0,2.0,A01,138Â 304Â 219,0.0
959718,201900001249,5,15,15:30,1,2,1,1.0,2.0,69256,A42     0.560 A 4.020,M,"45,7915400","4,9121000",69,2019,90.0,1.0,1.0,1.0,2144926,1.0,1,1,1,1.0,,0.0,0,1984.0,A01,138Â 304Â 219,1.0,8.0,-1.0,1637930,1.0,15,,0.0,2.0,4.0,B01,138Â 304Â 218,0.0
959718,201900001249,5,15,15:30,1,2,1,1.0,2.0,69256,A42     0.560 A 4.020,M,"45,7915400","4,9121000",69,2019,90.0,1.0,1.0,1.0,2144926,1.0,1,1,1,1.0,,0.0,0,1984.0,A01,138Â 304Â 219,1.0,8.0,-1.0,1637931,1.0,10,,0.0,2.0,2.0,A01,138Â 304Â 219,0.0
959718,201900001249,5,15,15:30,1,2,1,1.0,2.0,69256,A42     0.560 A 4.020,M,"45,7915400","4,9121000",69,2019,90.0,1.0,1.0,1.0,2144927,2.0,2,3,1,1.0,,0.0,0,1991.0,A01,138Â 304Â 219,1.0,8.0,-1.0,1637930,1.0,15,,0.0,2.0,4.0,B01,138Â 304Â 218,0.0
959718,201900001249,5,15,15:30,1,2,1,1.0,2.0,69256,A42     0.560 A 4.020,M,"45,7915400","4,9121000",69,2019,90.0,1.0,1.0,1.0,2144927,2.0,2,3,1,1.0,,0.0,0,1991.0,A01,138Â 304Â 219,1.0,8.0,-1.0,1637931,1.0,10,,0.0,2.0,2.0,A01,138Â 304Â 219,0.0
959719,201900001250,5,11,16:55,1,1,1,1.0,7.0,69283,A46S   43.680 A 47.880,M,"45,6609900","4,9232000",69,2019,50.0,1.0,1.0,1.0,2144928,1.0,1,4,2,5.0,,0.0,0,1957.0,A01,138Â 304Â 217,2.0,6.0,-1.0,1637932,2.0,33,,13.0,0.0,1.0,A01,138Â 304Â 217,1.0
959720,201900001251,5,10,04:10,5,1,1,2.0,2.0,69152,A7   7.000 A 8.630,M,"45,6967200","4,8381500",69,2019,90.0,1.0,2.0,1.0,2144929,2.0,2,4,1,5.0,,0.0,0,1988.0,A01,138Â 304Â 215,1.0,5.0,-1.0,1637933,1.0,7,,0.0,2.0,1.0,A01,138Â 304Â 215,1.0
959720,201900001251,5,10,04:10,5,1,1,2.0,2.0,69152,A7   7.000 A 8.630,M,"45,6967200","4,8381500",69,2019,90.0,1.0,2.0,1.0,2144929,2.0,2,4,1,5.0,,0.0,0,1988.0,A01,138Â 304Â 215,1.0,5.0,-1.0,1637934,1.0,7,,0.0,2.0,4.0,B01,138Â 304Â 216,1.0
959720,201900001251,5,10,04:10,5,1,1,2.0,2.0,69152,A7   7.000 A 8.630,M,"45,6967200","4,8381500",69,2019,90.0,1.0,2.0,1.0,2144930,1.0,1,4,2,5.0,,0.0,0,1984.0,A01,138Â 304Â 215,1.0,5.0,-1.0,1637933,1.0,7,,0.0,2.0,1.0,A01,138Â 304Â 215,1.0
959720,201900001251,5,10,04:10,5,1,1,2.0,2.0,69152,A7   7.000 A 8.630,M,"45,6967200","4,8381500",69,2019,90.0,1.0,2.0,1.0,2144930,1.0,1,4,2,5.0,,0.0,0,1984.0,A01,138Â 304Â 215,1.0,5.0,-1.0,1637934,1.0,7,,0.0,2.0,4.0,B01,138Â 304Â 216,1.0
959720,201900001251,5,10,04:10,5,1,1,2.0,2.0,69152,A7   7.000 A 8.630,M,"45,6967200","4,8381500",69,2019,90.0,1.0,2.0,1.0,2144931,1.0,1,3,2,1.0,,0.0,0,1965.0,B01,138Â 304Â 216,1.0,0.0,-1.0,1637933,1.0,7,,0.0,2.0,1.0,A01,138Â 304Â 215,1.0
959720,201900001251,5,10,04:10,5,1,1,2.0,2.0,69152,A7   7.000 A 8.630,M,"45,6967200","4,8381500",69,2019,90.0,1.0,2.0,1.0,2144931,1.0,1,3,2,1.0,,0.0,0,1965.0,B01,138Â 304Â 216,1.0,0.0,-1.0,1637934,1.0,7,,0.0,2.0,4.0,B01,138Â 304Â 216,1.0
959721,201900001252,5,3,19:30,1,1,1,1.0,2.0,69033,A46N   17.210 A 18.490,M,"45,8709484","4,9044416",69,2019,90.0,1.0,1.0,1.0,2144932,1.0,1,4,1,1.0,,0.0,0,1986.0,B01,138Â 304Â 213,1.0,8.0,-1.0,1637935,1.0,7,,0.0,2.0,4.0,B01,138Â 304Â 213,1.0
959721,201900001252,5,3,19:30,1,1,1,1.0,2.0,69033,A46N   17.210 A 18.490,M,"45,8709484","4,9044416",69,2019,90.0,1.0,1.0,1.0,2144932,1.0,1,4,1,1.0,,0.0,0,1986.0,B01,138Â 304Â 213,1.0,8.0,-1.0,1637936,1.0,7,,0.0,2.0,1.0,A01,138Â 304Â 214,1.0
959721,201900001252,5,3,19:30,1,1,1,1.0,2.0,69033,A46N   17.210 A 18.490,M,"45,8709484","4,9044416",69,2019,90.0,1.0,1.0,1.0,2144933,1.0,1,1,1,1.0,,0.0,0,1965.0,A01,138Â 304Â 214,1.0,8.0,-1.0,1637935,1.0,7,,0.0,2.0,4.0,B01,138Â 304Â 213,1.0
959721,201900001252,5,3,19:30,1,1,1,1.0,2.0,69033,A46N   17.210 A 18.490,M,"45,8709484","4,9044416",69,2019,90.0,1.0,1.0,1.0,2144933,1.0,1,1,1,1.0,,0.0,0,1965.0,A01,138Â 304Â 214,1.0,8.0,-1.0,1637936,1.0,7,,0.0,2.0,1.0,A01,138Â 304Â 214,1.0
959722,201900001253,5,4,14:50,1,1,3,1.0,3.0,69199,RD383   14.250 A 18.000,M,"45,6945400","4,8441700",69,2019,50.0,1.0,1.0,1.0,2144934,1.0,1,4,1,5.0,,-1.0, -1,1978.0,B01,138Â 304Â 211,2.0,8.0,-1.0,1637937,1.0,33,,0.0,2.0,1.0,B01,138Â 304Â 211,1.0
959722,201900001253,5,4,14:50,1,1,3,1.0,3.0,69199,RD383   14.250 A 18.000,M,"45,6945400","4,8441700",69,2019,50.0,1.0,1.0,1.0,2144934,1.0,1,4,1,5.0,,-1.0, -1,1978.0,B01,138Â 304Â 211,2.0,8.0,-1.0,1637938,2.0,7,,0.0,2.0,7.0,A01,138Â 304Â 212,1.0
959722,201900001253,5,4,14:50,1,1,3,1.0,3.0,69199,RD383   14.250 A 18.000,M,"45,6945400","4,8441700",69,2019,50.0,1.0,1.0,1.0,2144935,1.0,1,1,1,5.0,,-1.0,0,1961.0,A01,138Â 304Â 212,1.0,8.0,-1.0,1637937,1.0,33,,0.0,2.0,1.0,B01,138Â 304Â 211,1.0
959722,201900001253,5,4,14:50,1,1,3,1.0,3.0,69199,RD383   14.250 A 18.000,M,"45,6945400","4,8441700",69,2019,50.0,1.0,1.0,1.0,2144935,1.0,1,1,1,5.0,,-1.0,0,1961.0,A01,138Â 304Â 212,1.0,8.0,-1.0,1637938,2.0,7,,0.0,2.0,7.0,A01,138Â 304Â 212,1.0
959723,201900001254,5,7,17:30,1,1,1,1.0,4.0,69272,A46S   57.400 A 61.010,M,"45,5895397","4,8241564",69,2019,110.0,1.0,1.0,1.0,2144936,1.0,1,4,2,1.0,,0.0,0,1991.0,A01,138Â 304Â 207,2.0,6.0,-1.0,1637939,1.0,31,,0.0,2.0,1.0,A01,138Â 304Â 207,1.0
959723,201900001254,5,7,17:30,1,1,1,1.0,4.0,69272,A46S   57.400 A 61.010,M,"45,5895397","4,8241564",69,2019,110.0,1.0,1.0,1.0,2144936,1.0,1,4,2,1.0,,0.0,0,1991.0,A01,138Â 304Â 207,2.0,6.0,-1.0,1637940,1.0,31,,0.0,2.0,4.0,C01,138Â 304Â 208,1.0
959723,201900001254,5,7,17:30,1,1,1,1.0,4.0,69272,A46S   57.400 A 61.010,M,"45,5895397","4,8241564",69,2019,110.0,1.0,1.0,1.0,2144936,1.0,1,4,2,1.0,,0.0,0,1991.0,A01,138Â 304Â 207,2.0,6.0,-1.0,1637941,1.0,31,,0.0,2.0,4.0,B01,138Â 304Â 209,1.0
959723,201900001254,5,7,17:30,1,1,1,1.0,4.0,69272,A46S   57.400 A 61.010,M,"45,5895397","4,8241564",69,2019,110.0,1.0,1.0,1.0,2144936,1.0,1,4,2,1.0,,0.0,0,1991.0,A01,138Â 304Â 207,2.0,6.0,-1.0,1637942,1.0,10,,0.0,2.0,6.0,D01,138Â 304Â 210,1.0
959723,201900001254,5,7,17:30,1,1,1,1.0,4.0,69272,A46S   57.400 A 61.010,M,"45,5895397","4,8241564",69,2019,110.0,1.0,1.0,1.0,2144937,1.0,1,1,1,1.0,,0.0,0,1995.0,C01,138Â 304Â 208,2.0,6.0,-1.0,1637939,1.0,31,,0.0,2.0,1.0,A01,138Â 304Â 207,1.0
959723,201900001254,5,7,17:30,1,1,1,1.0,4.0,69272,A46S   57.400 A 61.010,M,"45,5895397","4,8241564",69,2019,110.0,1.0,1.0,1.0,2144937,1.0,1,1,1,1.0,,0.0,0,1995.0,C01,138Â 304Â 208,2.0,6.0,-1.0,1637940,1.0,31,,0.0,2.0,4.0,C01,138Â 304Â 208,1.0
959723,201900001254,5,7,17:30,1,1,1,1.0,4.0,69272,A46S   57.400 A 61.010,M,"45,5895397","4,8241564",69,2019,110.0,1.0,1.0,1.0,2144937,1.0,1,1,1,1.0,,0.0,0,1995.0,C01,138Â 304Â 208,2.0,6.0,-1.0,1637941,1.0,31,,0.0,2.0,4.0,B01,138Â 304Â 209,1.0
959723,201900001254,5,7,17:30,1,1,1,1.0,4.0,69272,A46S   57.400 A 61.010,M,"45,5895397","4,8241564",69,2019,110.0,1.0,1.0,1.0,2144937,1.0,1,1,1,1.0,,0.0,0,1995.0,C01,138Â 304Â 208,2.0,6.0,-1.0,1637942,1.0,10,,0.0,2.0,6.0,D01,138Â 304Â 210,1.0
959723,201900001254,5,7,17:30,1,1,1,1.0,4.0,69272,A46S   57.400 A 61.010,M,"45,5895397","4,8241564",69,2019,110.0,1.0,1.0,1.0,2144938,1.0,1,1,1,1.0,,0.0,0,1998.0,B01,138Â 304Â 209,2.0,6.0,-1.0,1637939,1.0,31,,0.0,2.0,1.0,A01,138Â 304Â 207,1.0
959723,201900001254,5,7,17:30,1,1,1,1.0,4.0,69272,A46S   57.400 A 61.010,M,"45,5895397","4,8241564",69,2019,110.0,1.0,1.0,1.0,2144938,1.0,1,1,1,1.0,,0.0,0,1998.0,B01,138Â 304Â 209,2.0,6.0,-1.0,1637940,1.0,31,,0.0,2.0,4.0,C01,138Â 304Â 208,1.0
959723,201900001254,5,7,17:30,1,1,1,1.0,4.0,69272,A46S   57.400 A 61.010,M,"45,5895397","4,8241564",69,2019,110.0,1.0,1.0,1.0,2144938,1.0,1,1,1,1.0,,0.0,0,1998.0,B01,138Â 304Â 209,2.0,6.0,-1.0,1637941,1.0,31,,0.0,2.0,4.0,B01,138Â 304Â 209,1.0
959723,201900001254,5,7,17:30,1,1,1,1.0,4.0,69272,A46S   57.400 A 61.010,M,"45,5895397","4,8241564",69,2019,110.0,1.0,1.0,1.0,2144938,1.0,1,1,1,1.0,,0.0,0,1998.0,B01,138Â 304Â 209,2.0,6.0,-1.0,1637942,1.0,10,,0.0,2.0,6.0,D01,138Â 304Â 210,1.0
959723,201900001254,5,7,17:30,1,1,1,1.0,4.0,69272,A46S   57.400 A 61.010,M,"45,5895397","4,8241564",69,2019,110.0,1.0,1.0,1.0,2144939,1.0,1,1,1,1.0,,0.0,0,1995.0,D01,138Â 304Â 210,1.0,0.0,-1.0,1637939,1.0,31,,0.0,2.0,1.0,A01,138Â 304Â 207,1.0
959723,201900001254,5,7,17:30,1,1,1,1.0,4.0,69272,A46S   57.400 A 61.010,M,"45,5895397","4,8241564",69,2019,110.0,1.0,1.0,1.0,2144939,1.0,1,1,1,1.0,,0.0,0,1995.0,D01,138Â 304Â 210,1.0,0.0,-1.0,1637940,1.0,31,,0.0,2.0,4.0,C01,138Â 304Â 208,1.0
959723,201900001254,5,7,17:30,1,1,1,1.0,4.0,69272,A46S   57.400 A 61.010,M,"45,5895397","4,8241564",69,2019,110.0,1.0,1.0,1.0,2144939,1.0,1,1,1,1.0,,0.0,0,1995.0,D01,138Â 304Â 210,1.0,0.0,-1.0,1637941,1.0,31,,0.0,2.0,4.0,B01,138Â 304Â 209,1.0
959723,201900001254,5,7,17:30,1,1,1,1.0,4.0,69272,A46S   57.400 A 61.010,M,"45,5895397","4,8241564",69,2019,110.0,1.0,1.0,1.0,2144939,1.0,1,1,1,1.0,,0.0,0,1995.0,D01,138Â 304Â 210,1.0,0.0,-1.0,1637942,1.0,10,,0.0,2.0,6.0,D01,138Â 304Â 210,1.0
959724,201900001255,5,2,10:50,1,1,1,1.0,3.0,69290,A46S   40.883 A 43.680,M,"45,6997200","4,9670000",69,2019,90.0,1.0,1.0,1.0,2144940,1.0,1,1,1,4.0,,0.0,0,1974.0,A01,138Â 304Â 205,1.0,8.0,-1.0,1637943,2.0,17,,0.0,2.0,2.0,A01,138Â 304Â 205,1.0
959724,201900001255,5,2,10:50,1,1,1,1.0,3.0,69290,A46S   40.883 A 43.680,M,"45,6997200","4,9670000",69,2019,90.0,1.0,1.0,1.0,2144940,1.0,1,1,1,4.0,,0.0,0,1974.0,A01,138Â 304Â 205,1.0,8.0,-1.0,1637944,2.0,7,,0.0,2.0,8.0,B01,138Â 304Â 206,1.0
959724,201900001255,5,2,10:50,1,1,1,1.0,3.0,69290,A46S   40.883 A 43.680,M,"45,6997200","4,9670000",69,2019,90.0,1.0,1.0,1.0,2144941,2.0,2,4,1,4.0,,0.0,0,1969.0,B01,138Â 304Â 206,1.0,8.0,-1.0,1637943,2.0,17,,0.0,2.0,2.0,A01,138Â 304Â 205,1.0
959724,201900001255,5,2,10:50,1,1,1,1.0,3.0,69290,A46S   40.883 A 43.680,M,"45,6997200","4,9670000",69,2019,90.0,1.0,1.0,1.0,2144941,2.0,2,4,1,4.0,,0.0,0,1969.0,B01,138Â 304Â 206,1.0,8.0,-1.0,1637944,2.0,7,,0.0,2.0,8.0,B01,138Â 304Â 206,1.0
959724,201900001255,5,2,10:50,1,1,1,1.0,3.0,69290,A46S   40.883 A 43.680,M,"45,6997200","4,9670000",69,2019,90.0,1.0,1.0,1.0,2144942,1.0,1,4,2,9.0,,0.0,0,1981.0,B01,138Â 304Â 206,1.0,8.0,-1.0,1637943,2.0,17,,0.0,2.0,2.0,A01,138Â 304Â 205,1.0
959724,201900001255,5,2,10:50,1,1,1,1.0,3.0,69290,A46S   40.883 A 43.680,M,"45,6997200","4,9670000",69,2019,90.0,1.0,1.0,1.0,2144942,1.0,1,4,2,9.0,,0.0,0,1981.0,B01,138Â 304Â 206,1.0,8.0,-1.0,1637944,2.0,7,,0.0,2.0,8.0,B01,138Â 304Â 206,1.0
959725,201900001256,5,6,17:00,1,1,1,1.0,4.0,69290,A43   3.865 A 9.894,M,"45,7059600","4,9593500",69,2019,3.0,1.0,1.0,1.0,2144943,1.0,1,1,1,4.0,,0.0,0,1982.0,A01,138Â 304Â 202,1.0,0.0,-1.0,1637945,1.0,14,,0.0,2.0,1.0,A01,138Â 304Â 202,1.0
959725,201900001256,5,6,17:00,1,1,1,1.0,4.0,69290,A43   3.865 A 9.894,M,"45,7059600","4,9593500",69,2019,3.0,1.0,1.0,1.0,2144943,1.0,1,1,1,4.0,,0.0,0,1982.0,A01,138Â 304Â 202,1.0,0.0,-1.0,1637946,1.0,7,,0.0,2.0,4.0,C01,138Â 304Â 203,1.0
959725,201900001256,5,6,17:00,1,1,1,1.0,4.0,69290,A43   3.865 A 9.894,M,"45,7059600","4,9593500",69,2019,3.0,1.0,1.0,1.0,2144943,1.0,1,1,1,4.0,,0.0,0,1982.0,A01,138Â 304Â 202,1.0,0.0,-1.0,1637947,1.0,7,,0.0,2.0,4.0,B01,138Â 304Â 204,1.0
959725,201900001256,5,6,17:00,1,1,1,1.0,4.0,69290,A43   3.865 A 9.894,M,"45,7059600","4,9593500",69,2019,3.0,1.0,1.0,1.0,2144944,1.0,1,4,1,9.0,,0.0,0,1983.0,C01,138Â 304Â 203,1.0,8.0,-1.0,1637945,1.0,14,,0.0,2.0,1.0,A01,138Â 304Â 202,1.0
959725,201900001256,5,6,17:00,1,1,1,1.0,4.0,69290,A43   3.865 A 9.894,M,"45,7059600","4,9593500",69,2019,3.0,1.0,1.0,1.0,2144944,1.0,1,4,1,9.0,,0.0,0,1983.0,C01,138Â 304Â 203,1.0,8.0,-1.0,1637946,1.0,7,,0.0,2.0,4.0,C01,138Â 304Â 203,1.0