Unnamed: 0_x,num_acc,mois,jour,hrmn,lum,agg,int,atm,col,com,adr,gps,lat,long,dep,annee,vma,situ,surf,catr,Unnamed: 0_y,place,catu,grav,sexe,trajet,secu,locp,actp,an_nais,num_veh_x,id_vehicule_x,secu1,secu2,secu3,Unnamed: 0,senc,catv,occutc,obs,obsm,choc,num_veh_y,id_vehicule_y,motor
959725,201900001256,5,6,17:00,1,1,1,1.0,4.0,69290,A43   3.865 A 9.894,M,"45,7059600","4,9593500",69,2019,3.0,1.0,1.0,1.0,2144944,1.0,1,4,1,9.0,,0.0,0,1983.0,C01,138Â 304Â 203,1.0,8.0,-1.0,1637947,1.0,7,,0.0,2.0,4.0,B01,138Â 304Â 204,1.0
959725,201900001256,5,6,17:00,1,1,1,1.0,4.0,69290,A43   3.865 A 9.894,M,"45,7059600","4,9593500",69,2019,3.0,1.0,1.0,1.0,2144945,1.0,1,4,2,9.0,,0.0,0,1984.0,B01,138Â 304Â 204,1.0,8.0,-1.0,1637945,1.0,14,,0.0,2.0,1.0,A01,138Â 304Â 202,1.0
959725,201900001256,5,6,17:00,1,1,1,1.0,4.0,69290,A43   3.865 A 9.894,M,"45,7059600","4,9593500",69,2019,3.0,1.0,1.0,1.0,2144945,1.0,1,4,2,9.0,,0.0,0,1984.0,B01,138Â 304Â 204,1.0,8.0,-1.0,1637946,1.0,7,,0.0,2.0,4.0,C01,138Â 304Â 203,1.0
959725,201900001256,5,6,17:00,1,1,1,1.0,4.0,69290,A43   3.865 A 9.894,M,"45,7059600","4,9593500",69,2019,3.0,1.0,1.0,1.0,2144945,1.0,1,4,2,9.0,,0.0,0,1984.0,B01,138Â 304Â 204,1.0,8.0,-1.0,1637947,1.0,7,,0.0,2.0,4.0,B01,138Â 304Â 204,1.0
959725,201900001256,5,6,17:00,1,1,1,1.0,4.0,69290,A43   3.865 A 9.894,M,"45,7059600","4,9593500",69,2019,3.0,1.0,1.0,1.0,2144946,2.0,2,3,1,9.0,,0.0,0,2018.0,B01,138Â 304Â 204,3.0,0.0,-1.0,1637945,1.0,14,,0.0,2.0,1.0,A01,138Â 304Â 202,1.0
959725,201900001256,5,6,17:00,1,1,1,1.0,4.0,69290,A43   3.865 A 9.894,M,"45,7059600","4,9593500",69,2019,3.0,1.0,1.0,1.0,2144946,2.0,2,3,1,9.0,,0.0,0,2018.0,B01,138Â 304Â 204,3.0,0.0,-1.0,1637946,1.0,7,,0.0,2.0,4.0,C01,138Â 304Â 203,1.0
959725,201900001256,5,6,17:00,1,1,1,1.0,4.0,69290,A43   3.865 A 9.894,M,"45,7059600","4,9593500",69,2019,3.0,1.0,1.0,1.0,2144946,2.0,2,3,1,9.0,,0.0,0,2018.0,B01,138Â 304Â 204,3.0,0.0,-1.0,1637947,1.0,7,,0.0,2.0,4.0,B01,138Â 304Â 204,1.0
959726,201900001257,5,1,18:15,1,1,9,1.0,6.0,69287,A43   9.894 A 13.029,M,"45,6789700","5,0249800",69,2019,130.0,1.0,1.0,1.0,2144947,3.0,2,4,1,5.0,,0.0,0,2012.0,A01,138Â 304Â 201,1.0,8.0,-1.0,1637948,1.0,7,,4.0,0.0,1.0,A01,138Â 304Â 201,1.0
959726,201900001257,5,1,18:15,1,1,9,1.0,6.0,69287,A43   9.894 A 13.029,M,"45,6789700","5,0249800",69,2019,130.0,1.0,1.0,1.0,2144948,1.0,1,4,2,5.0,,0.0,0,1992.0,A01,138Â 304Â 201,1.0,0.0,-1.0,1637948,1.0,7,,4.0,0.0,1.0,A01,138Â 304Â 201,1.0
959727,201900001258,4,26,07:40,2,1,1,1.0,2.0,69009,A6   428.880 A 431.800,M,"45,9414400","4,7210200",69,2019,110.0,1.0,1.0,1.0,2144949,1.0,1,1,1,4.0,,-1.0, -1,1971.0,B01,138Â 304Â 199,1.0,0.0,-1.0,1637949,1.0,10,,3.0,2.0,8.0,B01,138Â 304Â 199,1.0
959727,201900001258,4,26,07:40,2,1,1,1.0,2.0,69009,A6   428.880 A 431.800,M,"45,9414400","4,7210200",69,2019,110.0,1.0,1.0,1.0,2144949,1.0,1,1,1,4.0,,-1.0, -1,1971.0,B01,138Â 304Â 199,1.0,0.0,-1.0,1637950,1.0,7,,4.0,2.0,2.0,A01,138Â 304Â 200,1.0
959727,201900001258,4,26,07:40,2,1,1,1.0,2.0,69009,A6   428.880 A 431.800,M,"45,9414400","4,7210200",69,2019,110.0,1.0,1.0,1.0,2144950,1.0,1,3,2,1.0,,-1.0, -1,1973.0,A01,138Â 304Â 200,1.0,0.0,-1.0,1637949,1.0,10,,3.0,2.0,8.0,B01,138Â 304Â 199,1.0
959727,201900001258,4,26,07:40,2,1,1,1.0,2.0,69009,A6   428.880 A 431.800,M,"45,9414400","4,7210200",69,2019,110.0,1.0,1.0,1.0,2144950,1.0,1,3,2,1.0,,-1.0, -1,1973.0,A01,138Â 304Â 200,1.0,0.0,-1.0,1637950,1.0,7,,4.0,2.0,2.0,A01,138Â 304Â 200,1.0
959728,201900001259,4,22,21:30,3,1,1,1.0,5.0,69288,A43   13.029 A 15.971,M,"45,6670961","5,0551700",69,2019,130.0,1.0,1.0,1.0,2144951,1.0,1,4,2,5.0,,0.0,0,1984.0,B01,138Â 304Â 196,1.0,0.0,-1.0,1637951,2.0,7,,0.0,2.0,3.0,B01,138Â 304Â 196,1.0
959728,201900001259,4,22,21:30,3,1,1,1.0,5.0,69288,A43   13.029 A 15.971,M,"45,6670961","5,0551700",69,2019,130.0,1.0,1.0,1.0,2144951,1.0,1,4,2,5.0,,0.0,0,1984.0,B01,138Â 304Â 196,1.0,0.0,-1.0,1637952,2.0,7,,0.0,2.0,8.0,C01,138Â 304Â 197,1.0
959728,201900001259,4,22,21:30,3,1,1,1.0,5.0,69288,A43   13.029 A 15.971,M,"45,6670961","5,0551700",69,2019,130.0,1.0,1.0,1.0,2144951,1.0,1,4,2,5.0,,0.0,0,1984.0,B01,138Â 304Â 196,1.0,0.0,-1.0,1637953,2.0,7,,0.0,2.0,8.0,A01,138Â 304Â 198,1.0
959728,201900001259,4,22,21:30,3,1,1,1.0,5.0,69288,A43   13.029 A 15.971,M,"45,6670961","5,0551700",69,2019,130.0,1.0,1.0,1.0,2144952,1.0,1,4,1,5.0,,0.0,0,1984.0,C01,138Â 304Â 197,1.0,4.0,-1.0,1637951,2.0,7,,0.0,2.0,3.0,B01,138Â 304Â 196,1.0
959728,201900001259,4,22,21:30,3,1,1,1.0,5.0,69288,A43   13.029 A 15.971,M,"45,6670961","5,0551700",69,2019,130.0,1.0,1.0,1.0,2144952,1.0,1,4,1,5.0,,0.0,0,1984.0,C01,138Â 304Â 197,1.0,4.0,-1.0,1637952,2.0,7,,0.0,2.0,8.0,C01,138Â 304Â 197,1.0
959728,201900001259,4,22,21:30,3,1,1,1.0,5.0,69288,A43   13.029 A 15.971,M,"45,6670961","5,0551700",69,2019,130.0,1.0,1.0,1.0,2144952,1.0,1,4,1,5.0,,0.0,0,1984.0,C01,138Â 304Â 197,1.0,4.0,-1.0,1637953,2.0,7,,0.0,2.0,8.0,A01,138Â 304Â 198,1.0
959728,201900001259,4,22,21:30,3,1,1,1.0,5.0,69288,A43   13.029 A 15.971,M,"45,6670961","5,0551700",69,2019,130.0,1.0,1.0,1.0,2144953,1.0,1,4,2,5.0,,0.0,0,1987.0,A01,138Â 304Â 198,1.0,4.0,-1.0,1637951,2.0,7,,0.0,2.0,3.0,B01,138Â 304Â 196,1.0
959728,201900001259,4,22,21:30,3,1,1,1.0,5.0,69288,A43   13.029 A 15.971,M,"45,6670961","5,0551700",69,2019,130.0,1.0,1.0,1.0,2144953,1.0,1,4,2,5.0,,0.0,0,1987.0,A01,138Â 304Â 198,1.0,4.0,-1.0,1637952,2.0,7,,0.0,2.0,8.0,C01,138Â 304Â 197,1.0
959728,201900001259,4,22,21:30,3,1,1,1.0,5.0,69288,A43   13.029 A 15.971,M,"45,6670961","5,0551700",69,2019,130.0,1.0,1.0,1.0,2144953,1.0,1,4,2,5.0,,0.0,0,1987.0,A01,138Â 304Â 198,1.0,4.0,-1.0,1637953,2.0,7,,0.0,2.0,8.0,A01,138Â 304Â 198,1.0
959729,201900001260,4,30,13:36,1,1,1,1.0,3.0,69027,A450   5.100 A 7.285,M,"45,6646000","4,7607000",69,2019,90.0,1.0,1.0,1.0,2144954,1.0,1,3,1,5.0,,0.0,0,1990.0,B01,138Â 304Â 194,2.0,6.0,-1.0,1637954,1.0,33,,0.0,2.0,1.0,B01,138Â 304Â 194,1.0
959729,201900001260,4,30,13:36,1,1,1,1.0,3.0,69027,A450   5.100 A 7.285,M,"45,6646000","4,7607000",69,2019,90.0,1.0,1.0,1.0,2144954,1.0,1,3,1,5.0,,0.0,0,1990.0,B01,138Â 304Â 194,2.0,6.0,-1.0,1637955,1.0,7,,0.0,2.0,3.0,A01,138Â 304Â 195,1.0
959729,201900001260,4,30,13:36,1,1,1,1.0,3.0,69027,A450   5.100 A 7.285,M,"45,6646000","4,7607000",69,2019,90.0,1.0,1.0,1.0,2144955,1.0,1,1,1,5.0,,0.0,0,1969.0,A01,138Â 304Â 195,1.0,0.0,-1.0,1637954,1.0,33,,0.0,2.0,1.0,B01,138Â 304Â 194,1.0
959729,201900001260,4,30,13:36,1,1,1,1.0,3.0,69027,A450   5.100 A 7.285,M,"45,6646000","4,7607000",69,2019,90.0,1.0,1.0,1.0,2144955,1.0,1,1,1,5.0,,0.0,0,1969.0,A01,138Â 304Â 195,1.0,0.0,-1.0,1637955,1.0,7,,0.0,2.0,3.0,A01,138Â 304Â 195,1.0
959730,201900001261,4,29,14:00,1,1,1,1.0,3.0,69029,A43   0.550 A 3.353,M,"45,7263200","4,9173500",69,2019,70.0,1.0,1.0,1.0,2144956,1.0,1,1,1,4.0,,0.0,0,1971.0,B01,138Â 304Â 192,1.0,0.0,-1.0,1637956,2.0,14,,0.0,2.0,2.0,B01,138Â 304Â 192,1.0
959730,201900001261,4,29,14:00,1,1,1,1.0,3.0,69029,A43   0.550 A 3.353,M,"45,7263200","4,9173500",69,2019,70.0,1.0,1.0,1.0,2144956,1.0,1,1,1,4.0,,0.0,0,1971.0,B01,138Â 304Â 192,1.0,0.0,-1.0,1637957,2.0,7,,0.0,2.0,6.0,A01,138Â 304Â 193,1.0
959730,201900001261,4,29,14:00,1,1,1,1.0,3.0,69029,A43   0.550 A 3.353,M,"45,7263200","4,9173500",69,2019,70.0,1.0,1.0,1.0,2144957,1.0,1,4,2,0.0,,0.0,0,1991.0,A01,138Â 304Â 193,1.0,0.0,-1.0,1637956,2.0,14,,0.0,2.0,2.0,B01,138Â 304Â 192,1.0
959730,201900001261,4,29,14:00,1,1,1,1.0,3.0,69029,A43   0.550 A 3.353,M,"45,7263200","4,9173500",69,2019,70.0,1.0,1.0,1.0,2144957,1.0,1,4,2,0.0,,0.0,0,1991.0,A01,138Â 304Â 193,1.0,0.0,-1.0,1637957,2.0,7,,0.0,2.0,6.0,A01,138Â 304Â 193,1.0
959731,201900001262,5,23,14:15,1,1,1,1.0,5.0,57666,Autoroute A31,M,"49,3461400","6,1202300",57,2019,90.0,1.0,1.0,1.0,2144958,1.0,1,4,1,4.0,,-1.0, -1,1994.0,A01,138Â 304Â 189,1.0,0.0,-1.0,1637958,1.0,15,,3.0,2.0,3.0,A01,138Â 304Â 189,1.0
959731,201900001262,5,23,14:15,1,1,1,1.0,5.0,57666,Autoroute A31,M,"49,3461400","6,1202300",57,2019,90.0,1.0,1.0,1.0,2144958,1.0,1,4,1,4.0,,-1.0, -1,1994.0,A01,138Â 304Â 189,1.0,0.0,-1.0,1637959,2.0,7,,0.0,2.0,3.0,B01,138Â 304Â 190,1.0
959731,201900001262,5,23,14:15,1,1,1,1.0,5.0,57666,Autoroute A31,M,"49,3461400","6,1202300",57,2019,90.0,1.0,1.0,1.0,2144958,1.0,1,4,1,4.0,,-1.0, -1,1994.0,A01,138Â 304Â 189,1.0,0.0,-1.0,1637960,2.0,7,,0.0,2.0,2.0,C01,138Â 304Â 191,1.0
959731,201900001262,5,23,14:15,1,1,1,1.0,5.0,57666,Autoroute A31,M,"49,3461400","6,1202300",57,2019,90.0,1.0,1.0,1.0,2144959,1.0,1,2,1,5.0,,-1.0, -1,1967.0,B01,138Â 304Â 190,1.0,0.0,-1.0,1637958,1.0,15,,3.0,2.0,3.0,A01,138Â 304Â 189,1.0
959731,201900001262,5,23,14:15,1,1,1,1.0,5.0,57666,Autoroute A31,M,"49,3461400","6,1202300",57,2019,90.0,1.0,1.0,1.0,2144959,1.0,1,2,1,5.0,,-1.0, -1,1967.0,B01,138Â 304Â 190,1.0,0.0,-1.0,1637959,2.0,7,,0.0,2.0,3.0,B01,138Â 304Â 190,1.0
959731,201900001262,5,23,14:15,1,1,1,1.0,5.0,57666,Autoroute A31,M,"49,3461400","6,1202300",57,2019,90.0,1.0,1.0,1.0,2144959,1.0,1,2,1,5.0,,-1.0, -1,1967.0,B01,138Â 304Â 190,1.0,0.0,-1.0,1637960,2.0,7,,0.0,2.0,2.0,C01,138Â 304Â 191,1.0
959731,201900001262,5,23,14:15,1,1,1,1.0,5.0,57666,Autoroute A31,M,"49,3461400","6,1202300",57,2019,90.0,1.0,1.0,1.0,2144960,1.0,1,1,2,5.0,,-1.0, -1,1952.0,C01,138Â 304Â 191,1.0,0.0,-1.0,1637958,1.0,15,,3.0,2.0,3.0,A01,138Â 304Â 189,1.0
959731,201900001262,5,23,14:15,1,1,1,1.0,5.0,57666,Autoroute A31,M,"49,3461400","6,1202300",57,2019,90.0,1.0,1.0,1.0,2144960,1.0,1,1,2,5.0,,-1.0, -1,1952.0,C01,138Â 304Â 191,1.0,0.0,-1.0,1637959,2.0,7,,0.0,2.0,3.0,B01,138Â 304Â 190,1.0
959731,201900001262,5,23,14:15,1,1,1,1.0,5.0,57666,Autoroute A31,M,"49,3461400","6,1202300",57,2019,90.0,1.0,1.0,1.0,2144960,1.0,1,1,2,5.0,,-1.0, -1,1952.0,C01,138Â 304Â 191,1.0,0.0,-1.0,1637960,2.0,7,,0.0,2.0,2.0,C01,138Â 304Â 191,1.0
959732,201900001263,5,13,21:55,3,1,1,1.0,7.0,57269,Autoroute A31,M,"49,2984500","6,1834100",57,2019,70.0,1.0,1.0,1.0,2144961,1.0,1,3,1,5.0,,-1.0, -1,1983.0,A01,138Â 304Â 188,2.0,6.0,-1.0,1637961,1.0,33,,15.0,0.0,1.0,A01,138Â 304Â 188,1.0
959733,201900001264,5,2,08:35,1,1,9,1.0,4.0,57463,RN 431,M,"49,1184200","6,2346500",57,2019,110.0,1.0,1.0,2.0,2144962,1.0,1,1,1,4.0,,-1.0, -1,1987.0,A01,138Â 304Â 185,1.0,0.0,-1.0,1637962,2.0,10,,0.0,2.0,1.0,A01,138Â 304Â 185,1.0
959733,201900001264,5,2,08:35,1,1,9,1.0,4.0,57463,RN 431,M,"49,1184200","6,2346500",57,2019,110.0,1.0,1.0,2.0,2144962,1.0,1,1,1,4.0,,-1.0, -1,1987.0,A01,138Â 304Â 185,1.0,0.0,-1.0,1637963,2.0,7,,0.0,2.0,4.0,B01,138Â 304Â 186,1.0
959733,201900001264,5,2,08:35,1,1,9,1.0,4.0,57463,RN 431,M,"49,1184200","6,2346500",57,2019,110.0,1.0,1.0,2.0,2144962,1.0,1,1,1,4.0,,-1.0, -1,1987.0,A01,138Â 304Â 185,1.0,0.0,-1.0,1637964,2.0,7,,0.0,2.0,4.0,C01,138Â 304Â 187,1.0
959733,201900001264,5,2,08:35,1,1,9,1.0,4.0,57463,RN 431,M,"49,1184200","6,2346500",57,2019,110.0,1.0,1.0,2.0,2144963,2.0,2,4,1,4.0,,-1.0, -1,1983.0,A01,138Â 304Â 185,1.0,0.0,-1.0,1637962,2.0,10,,0.0,2.0,1.0,A01,138Â 304Â 185,1.0
959733,201900001264,5,2,08:35,1,1,9,1.0,4.0,57463,RN 431,M,"49,1184200","6,2346500",57,2019,110.0,1.0,1.0,2.0,2144963,2.0,2,4,1,4.0,,-1.0, -1,1983.0,A01,138Â 304Â 185,1.0,0.0,-1.0,1637963,2.0,7,,0.0,2.0,4.0,B01,138Â 304Â 186,1.0
959733,201900001264,5,2,08:35,1,1,9,1.0,4.0,57463,RN 431,M,"49,1184200","6,2346500",57,2019,110.0,1.0,1.0,2.0,2144963,2.0,2,4,1,4.0,,-1.0, -1,1983.0,A01,138Â 304Â 185,1.0,0.0,-1.0,1637964,2.0,7,,0.0,2.0,4.0,C01,138Â 304Â 187,1.0
959733,201900001264,5,2,08:35,1,1,9,1.0,4.0,57463,RN 431,M,"49,1184200","6,2346500",57,2019,110.0,1.0,1.0,2.0,2144964,1.0,1,4,2,1.0,,-1.0, -1,1983.0,B01,138Â 304Â 186,1.0,0.0,-1.0,1637962,2.0,10,,0.0,2.0,1.0,A01,138Â 304Â 185,1.0
959733,201900001264,5,2,08:35,1,1,9,1.0,4.0,57463,RN 431,M,"49,1184200","6,2346500",57,2019,110.0,1.0,1.0,2.0,2144964,1.0,1,4,2,1.0,,-1.0, -1,1983.0,B01,138Â 304Â 186,1.0,0.0,-1.0,1637963,2.0,7,,0.0,2.0,4.0,B01,138Â 304Â 186,1.0
959733,201900001264,5,2,08:35,1,1,9,1.0,4.0,57463,RN 431,M,"49,1184200","6,2346500",57,2019,110.0,1.0,1.0,2.0,2144964,1.0,1,4,2,1.0,,-1.0, -1,1983.0,B01,138Â 304Â 186,1.0,0.0,-1.0,1637964,2.0,7,,0.0,2.0,4.0,C01,138Â 304Â 187,1.0
959733,201900001264,5,2,08:35,1,1,9,1.0,4.0,57463,RN 431,M,"49,1184200","6,2346500",57,2019,110.0,1.0,1.0,2.0,2144965,2.0,2,4,2,5.0,,-1.0, -1,1958.0,C01,138Â 304Â 187,1.0,0.0,-1.0,1637962,2.0,10,,0.0,2.0,1.0,A01,138Â 304Â 185,1.0
959733,201900001264,5,2,08:35,1,1,9,1.0,4.0,57463,RN 431,M,"49,1184200","6,2346500",57,2019,110.0,1.0,1.0,2.0,2144965,2.0,2,4,2,5.0,,-1.0, -1,1958.0,C01,138Â 304Â 187,1.0,0.0,-1.0,1637963,2.0,7,,0.0,2.0,4.0,B01,138Â 304Â 186,1.0
959733,201900001264,5,2,08:35,1,1,9,1.0,4.0,57463,RN 431,M,"49,1184200","6,2346500",57,2019,110.0,1.0,1.0,2.0,2144965,2.0,2,4,2,5.0,,-1.0, -1,1958.0,C01,138Â 304Â 187,1.0,0.0,-1.0,1637964,2.0,7,,0.0,2.0,4.0,C01,138Â 304Â 187,1.0
959733,201900001264,5,2,08:35,1,1,9,1.0,4.0,57463,RN 431,M,"49,1184200","6,2346500",57,2019,110.0,1.0,1.0,2.0,2144966,3.0,2,1,2,5.0,,-1.0, -1,2018.0,C01,138Â 304Â 187,3.0,0.0,-1.0,1637962,2.0,10,,0.0,2.0,1.0,A01,138Â 304Â 185,1.0
959733,201900001264,5,2,08:35,1,1,9,1.0,4.0,57463,RN 431,M,"49,1184200","6,2346500",57,2019,110.0,1.0,1.0,2.0,2144966,3.0,2,1,2,5.0,,-1.0, -1,2018.0,C01,138Â 304Â 187,3.0,0.0,-1.0,1637963,2.0,7,,0.0,2.0,4.0,B01,138Â 304Â 186,1.0
959733,201900001264,5,2,08:35,1,1,9,1.0,4.0,57463,RN 431,M,"49,1184200","6,2346500",57,2019,110.0,1.0,1.0,2.0,2144966,3.0,2,1,2,5.0,,-1.0, -1,2018.0,C01,138Â 304Â 187,3.0,0.0,-1.0,1637964,2.0,7,,0.0,2.0,4.0,C01,138Â 304Â 187,1.0
959733,201900001264,5,2,08:35,1,1,9,1.0,4.0,57463,RN 431,M,"49,1184200","6,2346500",57,2019,110.0,1.0,1.0,2.0,2144967,1.0,1,1,2,9.0,,-1.0, -1,1989.0,C01,138Â 304Â 187,1.0,0.0,-1.0,1637962,2.0,10,,0.0,2.0,1.0,A01,138Â 304Â 185,1.0
959733,201900001264,5,2,08:35,1,1,9,1.0,4.0,57463,RN 431,M,"49,1184200","6,2346500",57,2019,110.0,1.0,1.0,2.0,2144967,1.0,1,1,2,9.0,,-1.0, -1,1989.0,C01,138Â 304Â 187,1.0,0.0,-1.0,1637963,2.0,7,,0.0,2.0,4.0,B01,138Â 304Â 186,1.0
959733,201900001264,5,2,08:35,1,1,9,1.0,4.0,57463,RN 431,M,"49,1184200","6,2346500",57,2019,110.0,1.0,1.0,2.0,2144967,1.0,1,1,2,9.0,,-1.0, -1,1989.0,C01,138Â 304Â 187,1.0,0.0,-1.0,1637964,2.0,7,,0.0,2.0,4.0,C01,138Â 304Â 187,1.0
959734,201900001265,5,19,11:00,1,1,1,1.0,2.0,54115,Autoroute 31,M,"48,7298000","6,1609700",54,2019,90.0,1.0,1.0,1.0,2144968,1.0,1,4,1,0.0,,-1.0,0,1992.0,B01,138Â 304Â 183,1.0,0.0,-1.0,1637965,2.0,10,,0.0,2.0,4.0,B01,138Â 304Â 183,1.0
959734,201900001265,5,19,11:00,1,1,1,1.0,2.0,54115,Autoroute 31,M,"48,7298000","6,1609700",54,2019,90.0,1.0,1.0,1.0,2144968,1.0,1,4,1,0.0,,-1.0,0,1992.0,B01,138Â 304Â 183,1.0,0.0,-1.0,1637966,2.0,10,,0.0,2.0,2.0,A01,138Â 304Â 184,1.0
959734,201900001265,5,19,11:00,1,1,1,1.0,2.0,54115,Autoroute 31,M,"48,7298000","6,1609700",54,2019,90.0,1.0,1.0,1.0,2144969,1.0,1,1,1,0.0,,-1.0,0,1945.0,A01,138Â 304Â 184,1.0,0.0,-1.0,1637965,2.0,10,,0.0,2.0,4.0,B01,138Â 304Â 183,1.0
959734,201900001265,5,19,11:00,1,1,1,1.0,2.0,54115,Autoroute 31,M,"48,7298000","6,1609700",54,2019,90.0,1.0,1.0,1.0,2144969,1.0,1,1,1,0.0,,-1.0,0,1945.0,A01,138Â 304Â 184,1.0,0.0,-1.0,1637966,2.0,10,,0.0,2.0,2.0,A01,138Â 304Â 184,1.0
959735,201900001266,5,23,22:25,3,1,9,1.0,7.0,67482,N.4 CONTOURNEMENT-SUD,M,"48,5710410","7,7329440",67,2019,70.0,1.0,1.0,2.0,2144970,1.0,1,4,1,5.0,,-1.0,0,1972.0,A01,138Â 304Â 182,2.0,6.0,-1.0,1637967,1.0,34,,0.0,0.0,7.0,A01,138Â 304Â 182,1.0
959736,201900001267,5,12,13:15,1,1,1,1.0,4.0,67137,Route MÃ©tropolitaine 1083,M,"48,5038400","7,6941800",67,2019,50.0,1.0,1.0,7.0,2144971,1.0,1,1,2,5.0,,-1.0,0,1992.0,C01,138Â 304Â 179,1.0,8.0,-1.0,1637968,2.0,7,,0.0,2.0,1.0,C01,138Â 304Â 179,1.0
959736,201900001267,5,12,13:15,1,1,1,1.0,4.0,67137,Route MÃ©tropolitaine 1083,M,"48,5038400","7,6941800",67,2019,50.0,1.0,1.0,7.0,2144971,1.0,1,1,2,5.0,,-1.0,0,1992.0,C01,138Â 304Â 179,1.0,8.0,-1.0,1637969,2.0,7,,0.0,2.0,4.0,B01,138Â 304Â 180,1.0
959736,201900001267,5,12,13:15,1,1,1,1.0,4.0,67137,Route MÃ©tropolitaine 1083,M,"48,5038400","7,6941800",67,2019,50.0,1.0,1.0,7.0,2144971,1.0,1,1,2,5.0,,-1.0,0,1992.0,C01,138Â 304Â 179,1.0,8.0,-1.0,1637970,2.0,7,,0.0,2.0,4.0,A01,138Â 304Â 181,1.0
959736,201900001267,5,12,13:15,1,1,1,1.0,4.0,67137,Route MÃ©tropolitaine 1083,M,"48,5038400","7,6941800",67,2019,50.0,1.0,1.0,7.0,2144972,1.0,1,4,1,0.0,,-1.0,0,1985.0,B01,138Â 304Â 180,1.0,0.0,-1.0,1637968,2.0,7,,0.0,2.0,1.0,C01,138Â 304Â 179,1.0
959736,201900001267,5,12,13:15,1,1,1,1.0,4.0,67137,Route MÃ©tropolitaine 1083,M,"48,5038400","7,6941800",67,2019,50.0,1.0,1.0,7.0,2144972,1.0,1,4,1,0.0,,-1.0,0,1985.0,B01,138Â 304Â 180,1.0,0.0,-1.0,1637969,2.0,7,,0.0,2.0,4.0,B01,138Â 304Â 180,1.0
959736,201900001267,5,12,13:15,1,1,1,1.0,4.0,67137,Route MÃ©tropolitaine 1083,M,"48,5038400","7,6941800",67,2019,50.0,1.0,1.0,7.0,2144972,1.0,1,4,1,0.0,,-1.0,0,1985.0,B01,138Â 304Â 180,1.0,0.0,-1.0,1637970,2.0,7,,0.0,2.0,4.0,A01,138Â 304Â 181,1.0
959736,201900001267,5,12,13:15,1,1,1,1.0,4.0,67137,Route MÃ©tropolitaine 1083,M,"48,5038400","7,6941800",67,2019,50.0,1.0,1.0,7.0,2144973,2.0,2,4,2,5.0,,-1.0,0,1985.0,A01,138Â 304Â 181,1.0,8.0,-1.0,1637968,2.0,7,,0.0,2.0,1.0,C01,138Â 304Â 179,1.0
959736,201900001267,5,12,13:15,1,1,1,1.0,4.0,67137,Route MÃ©tropolitaine 1083,M,"48,5038400","7,6941800",67,2019,50.0,1.0,1.0,7.0,2144973,2.0,2,4,2,5.0,,-1.0,0,1985.0,A01,138Â 304Â 181,1.0,8.0,-1.0,1637969,2.0,7,,0.0,2.0,4.0,B01,138Â 304Â 180,1.0
959736,201900001267,5,12,13:15,1,1,1,1.0,4.0,67137,Route MÃ©tropolitaine 1083,M,"48,5038400","7,6941800",67,2019,50.0,1.0,1.0,7.0,2144973,2.0,2,4,2,5.0,,-1.0,0,1985.0,A01,138Â 304Â 181,1.0,8.0,-1.0,1637970,2.0,7,,0.0,2.0,4.0,A01,138Â 304Â 181,1.0
959736,201900001267,5,12,13:15,1,1,1,1.0,4.0,67137,Route MÃ©tropolitaine 1083,M,"48,5038400","7,6941800",67,2019,50.0,1.0,1.0,7.0,2144974,1.0,1,1,1,5.0,,-1.0,0,1997.0,A01,138Â 304Â 181,1.0,0.0,-1.0,1637968,2.0,7,,0.0,2.0,1.0,C01,138Â 304Â 179,1.0
959736,201900001267,5,12,13:15,1,1,1,1.0,4.0,67137,Route MÃ©tropolitaine 1083,M,"48,5038400","7,6941800",67,2019,50.0,1.0,1.0,7.0,2144974,1.0,1,1,1,5.0,,-1.0,0,1997.0,A01,138Â 304Â 181,1.0,0.0,-1.0,1637969,2.0,7,,0.0,2.0,4.0,B01,138Â 304Â 180,1.0
959736,201900001267,5,12,13:15,1,1,1,1.0,4.0,67137,Route MÃ©tropolitaine 1083,M,"48,5038400","7,6941800",67,2019,50.0,1.0,1.0,7.0,2144974,1.0,1,1,1,5.0,,-1.0,0,1997.0,A01,138Â 304Â 181,1.0,0.0,-1.0,1637970,2.0,7,,0.0,2.0,4.0,A01,138Â 304Â 181,1.0
959737,201900001268,5,2,14:20,1,1,1,1.0,3.0,67482,Autoroute A35,M,"48,5631820","7,7332630",67,2019,90.0,1.0,1.0,1.0,2144975,1.0,1,1,1,4.0,,-1.0,0,1976.0,A01,138Â 304Â 175,1.0,0.0,-1.0,1637971,1.0,15,,0.0,2.0,7.0,A01,138Â 304Â 175,1.0
959737,201900001268,5,2,14:20,1,1,1,1.0,3.0,67482,Autoroute A35,M,"48,5631820","7,7332630",67,2019,90.0,1.0,1.0,1.0,2144975,1.0,1,1,1,4.0,,-1.0,0,1976.0,A01,138Â 304Â 175,1.0,0.0,-1.0,1637972,1.0,7,,0.0,2.0,8.0,B01,138Â 304Â 176,1.0
959737,201900001268,5,2,14:20,1,1,1,1.0,3.0,67482,Autoroute A35,M,"48,5631820","7,7332630",67,2019,90.0,1.0,1.0,1.0,2144976,1.0,1,4,1,3.0,,-1.0,0,1972.0,B01,138Â 304Â 176,1.0,0.0,-1.0,1637971,1.0,15,,0.0,2.0,7.0,A01,138Â 304Â 175,1.0