Unnamed: 0_x,num_acc,mois,jour,hrmn,lum,agg,int,atm,col,com,adr,gps,lat,long,dep,annee,vma,situ,surf,catr,Unnamed: 0_y,place,catu,grav,sexe,trajet,secu,locp,actp,an_nais,num_veh_x,id_vehicule_x,secu1,secu2,secu3,Unnamed: 0,senc,catv,occutc,obs,obsm,choc,num_veh_y,id_vehicule_y,motor
959737,201900001268,5,2,14:20,1,1,1,1.0,3.0,67482,Autoroute A35,M,"48,5631820","7,7332630",67,2019,90.0,1.0,1.0,1.0,2144976,1.0,1,4,1,3.0,,-1.0,0,1972.0,B01,138Â 304Â 176,1.0,0.0,-1.0,1637972,1.0,7,,0.0,2.0,8.0,B01,138Â 304Â 176,1.0
959738,201900001269,5,3,07:40,1,1,1,8.0,2.0,67137,Route Nationale 83,M,"48,5035200","7,6936700",67,2019,90.0,1.0,2.0,7.0,2144977,1.0,1,1,1,4.0,,-1.0,0,1971.0,B01,138Â 304Â 173,1.0,8.0,-1.0,1637973,1.0,10,,0.0,2.0,1.0,B01,138Â 304Â 173,1.0
959738,201900001269,5,3,07:40,1,1,1,8.0,2.0,67137,Route Nationale 83,M,"48,5035200","7,6936700",67,2019,90.0,1.0,2.0,7.0,2144977,1.0,1,1,1,4.0,,-1.0,0,1971.0,B01,138Â 304Â 173,1.0,8.0,-1.0,1637974,1.0,7,,0.0,2.0,4.0,A01,138Â 304Â 174,1.0
959738,201900001269,5,3,07:40,1,1,1,8.0,2.0,67137,Route Nationale 83,M,"48,5035200","7,6936700",67,2019,90.0,1.0,2.0,7.0,2144978,1.0,1,4,1,1.0,,-1.0,0,1982.0,A01,138Â 304Â 174,1.0,8.0,-1.0,1637973,1.0,10,,0.0,2.0,1.0,B01,138Â 304Â 173,1.0
959738,201900001269,5,3,07:40,1,1,1,8.0,2.0,67137,Route Nationale 83,M,"48,5035200","7,6936700",67,2019,90.0,1.0,2.0,7.0,2144978,1.0,1,4,1,1.0,,-1.0,0,1982.0,A01,138Â 304Â 174,1.0,8.0,-1.0,1637974,1.0,7,,0.0,2.0,4.0,A01,138Â 304Â 174,1.0
959739,201900001270,4,30,14:45,1,1,1,1.0,3.0,67043,Autoroute A.4,M,"48,6175955","7,7265968",67,2019,90.0,1.0,1.0,1.0,2144979,2.0,2,4,2,5.0,,-1.0,0,1992.0,A01,138Â 304Â 171,1.0,0.0,-1.0,1637975,2.0,7,,0.0,2.0,8.0,A01,138Â 304Â 171,1.0
959739,201900001270,4,30,14:45,1,1,1,1.0,3.0,67043,Autoroute A.4,M,"48,6175955","7,7265968",67,2019,90.0,1.0,1.0,1.0,2144979,2.0,2,4,2,5.0,,-1.0,0,1992.0,A01,138Â 304Â 171,1.0,0.0,-1.0,1637976,2.0,15,,0.0,2.0,2.0,B01,138Â 304Â 172,1.0
959739,201900001270,4,30,14:45,1,1,1,1.0,3.0,67043,Autoroute A.4,M,"48,6175955","7,7265968",67,2019,90.0,1.0,1.0,1.0,2144980,1.0,1,4,2,5.0,,-1.0,0,1994.0,A01,138Â 304Â 171,1.0,0.0,-1.0,1637975,2.0,7,,0.0,2.0,8.0,A01,138Â 304Â 171,1.0
959739,201900001270,4,30,14:45,1,1,1,1.0,3.0,67043,Autoroute A.4,M,"48,6175955","7,7265968",67,2019,90.0,1.0,1.0,1.0,2144980,1.0,1,4,2,5.0,,-1.0,0,1994.0,A01,138Â 304Â 171,1.0,0.0,-1.0,1637976,2.0,15,,0.0,2.0,2.0,B01,138Â 304Â 172,1.0
959739,201900001270,4,30,14:45,1,1,1,1.0,3.0,67043,Autoroute A.4,M,"48,6175955","7,7265968",67,2019,90.0,1.0,1.0,1.0,2144981,1.0,1,1,1,4.0,,-1.0,0,1987.0,B01,138Â 304Â 172,1.0,8.0,-1.0,1637975,2.0,7,,0.0,2.0,8.0,A01,138Â 304Â 171,1.0
959739,201900001270,4,30,14:45,1,1,1,1.0,3.0,67043,Autoroute A.4,M,"48,6175955","7,7265968",67,2019,90.0,1.0,1.0,1.0,2144981,1.0,1,1,1,4.0,,-1.0,0,1987.0,B01,138Â 304Â 172,1.0,8.0,-1.0,1637976,2.0,15,,0.0,2.0,2.0,B01,138Â 304Â 172,1.0
959740,201900001271,4,26,12:40,1,1,1,8.0,4.0,67482,Autoroute A.351,M,"48,5872050","7,7137220",67,2019,90.0,1.0,2.0,1.0,2144982,1.0,1,4,1,4.0,,-1.0,0,1982.0,C01,138Â 304Â 168,1.0,8.0,-1.0,1637977,1.0,7,,0.0,2.0,4.0,C01,138Â 304Â 168,1.0
959740,201900001271,4,26,12:40,1,1,1,8.0,4.0,67482,Autoroute A.351,M,"48,5872050","7,7137220",67,2019,90.0,1.0,2.0,1.0,2144982,1.0,1,4,1,4.0,,-1.0,0,1982.0,C01,138Â 304Â 168,1.0,8.0,-1.0,1637978,1.0,7,,0.0,2.0,2.0,B01,138Â 304Â 169,1.0
959740,201900001271,4,26,12:40,1,1,1,8.0,4.0,67482,Autoroute A.351,M,"48,5872050","7,7137220",67,2019,90.0,1.0,2.0,1.0,2144982,1.0,1,4,1,4.0,,-1.0,0,1982.0,C01,138Â 304Â 168,1.0,8.0,-1.0,1637979,1.0,7,,0.0,2.0,3.0,A01,138Â 304Â 170,1.0
959740,201900001271,4,26,12:40,1,1,1,8.0,4.0,67482,Autoroute A.351,M,"48,5872050","7,7137220",67,2019,90.0,1.0,2.0,1.0,2144983,1.0,1,1,1,4.0,,-1.0,0,1990.0,B01,138Â 304Â 169,1.0,8.0,-1.0,1637977,1.0,7,,0.0,2.0,4.0,C01,138Â 304Â 168,1.0
959740,201900001271,4,26,12:40,1,1,1,8.0,4.0,67482,Autoroute A.351,M,"48,5872050","7,7137220",67,2019,90.0,1.0,2.0,1.0,2144983,1.0,1,1,1,4.0,,-1.0,0,1990.0,B01,138Â 304Â 169,1.0,8.0,-1.0,1637978,1.0,7,,0.0,2.0,2.0,B01,138Â 304Â 169,1.0
959740,201900001271,4,26,12:40,1,1,1,8.0,4.0,67482,Autoroute A.351,M,"48,5872050","7,7137220",67,2019,90.0,1.0,2.0,1.0,2144983,1.0,1,1,1,4.0,,-1.0,0,1990.0,B01,138Â 304Â 169,1.0,8.0,-1.0,1637979,1.0,7,,0.0,2.0,3.0,A01,138Â 304Â 170,1.0
959740,201900001271,4,26,12:40,1,1,1,8.0,4.0,67482,Autoroute A.351,M,"48,5872050","7,7137220",67,2019,90.0,1.0,2.0,1.0,2144984,1.0,1,1,2,5.0,,-1.0,0,2002.0,A01,138Â 304Â 170,1.0,8.0,-1.0,1637977,1.0,7,,0.0,2.0,4.0,C01,138Â 304Â 168,1.0
959740,201900001271,4,26,12:40,1,1,1,8.0,4.0,67482,Autoroute A.351,M,"48,5872050","7,7137220",67,2019,90.0,1.0,2.0,1.0,2144984,1.0,1,1,2,5.0,,-1.0,0,2002.0,A01,138Â 304Â 170,1.0,8.0,-1.0,1637978,1.0,7,,0.0,2.0,2.0,B01,138Â 304Â 169,1.0
959740,201900001271,4,26,12:40,1,1,1,8.0,4.0,67482,Autoroute A.351,M,"48,5872050","7,7137220",67,2019,90.0,1.0,2.0,1.0,2144984,1.0,1,1,2,5.0,,-1.0,0,2002.0,A01,138Â 304Â 170,1.0,8.0,-1.0,1637979,1.0,7,,0.0,2.0,3.0,A01,138Â 304Â 170,1.0
959740,201900001271,4,26,12:40,1,1,1,8.0,4.0,67482,Autoroute A.351,M,"48,5872050","7,7137220",67,2019,90.0,1.0,2.0,1.0,2144985,2.0,2,1,1,5.0,,-1.0,0,1960.0,A01,138Â 304Â 170,1.0,8.0,-1.0,1637977,1.0,7,,0.0,2.0,4.0,C01,138Â 304Â 168,1.0
959740,201900001271,4,26,12:40,1,1,1,8.0,4.0,67482,Autoroute A.351,M,"48,5872050","7,7137220",67,2019,90.0,1.0,2.0,1.0,2144985,2.0,2,1,1,5.0,,-1.0,0,1960.0,A01,138Â 304Â 170,1.0,8.0,-1.0,1637978,1.0,7,,0.0,2.0,2.0,B01,138Â 304Â 169,1.0
959740,201900001271,4,26,12:40,1,1,1,8.0,4.0,67482,Autoroute A.351,M,"48,5872050","7,7137220",67,2019,90.0,1.0,2.0,1.0,2144985,2.0,2,1,1,5.0,,-1.0,0,1960.0,A01,138Â 304Â 170,1.0,8.0,-1.0,1637979,1.0,7,,0.0,2.0,3.0,A01,138Â 304Â 170,1.0
959741,201900001272,5,29,19:40,1,1,1,1.0,2.0,33039,ROCADE A 630,M,"44,7925200"," -0,5399900",33,2019,90.0,1.0,1.0,1.0,2144986,1.0,1,4,1,1.0,,-1.0, -1,1991.0,A01,138Â 304Â 166,2.0,6.0,-1.0,1637980,1.0,33,,0.0,2.0,8.0,A01,138Â 304Â 166,1.0
959741,201900001272,5,29,19:40,1,1,1,1.0,2.0,33039,ROCADE A 630,M,"44,7925200"," -0,5399900",33,2019,90.0,1.0,1.0,1.0,2144986,1.0,1,4,1,1.0,,-1.0, -1,1991.0,A01,138Â 304Â 166,2.0,6.0,-1.0,1637981,1.0,7,,0.0,2.0,6.0,B01,138Â 304Â 167,1.0
959741,201900001272,5,29,19:40,1,1,1,1.0,2.0,33039,ROCADE A 630,M,"44,7925200"," -0,5399900",33,2019,90.0,1.0,1.0,1.0,2144987,2.0,2,1,2,0.0,,-1.0, -1,2006.0,B01,138Â 304Â 167,1.0,8.0,-1.0,1637980,1.0,33,,0.0,2.0,8.0,A01,138Â 304Â 166,1.0
959741,201900001272,5,29,19:40,1,1,1,1.0,2.0,33039,ROCADE A 630,M,"44,7925200"," -0,5399900",33,2019,90.0,1.0,1.0,1.0,2144987,2.0,2,1,2,0.0,,-1.0, -1,2006.0,B01,138Â 304Â 167,1.0,8.0,-1.0,1637981,1.0,7,,0.0,2.0,6.0,B01,138Â 304Â 167,1.0
959741,201900001272,5,29,19:40,1,1,1,1.0,2.0,33039,ROCADE A 630,M,"44,7925200"," -0,5399900",33,2019,90.0,1.0,1.0,1.0,2144988,1.0,1,1,2,0.0,,-1.0, -1,1965.0,B01,138Â 304Â 167,1.0,8.0,-1.0,1637980,1.0,33,,0.0,2.0,8.0,A01,138Â 304Â 166,1.0
959741,201900001272,5,29,19:40,1,1,1,1.0,2.0,33039,ROCADE A 630,M,"44,7925200"," -0,5399900",33,2019,90.0,1.0,1.0,1.0,2144988,1.0,1,1,2,0.0,,-1.0, -1,1965.0,B01,138Â 304Â 167,1.0,8.0,-1.0,1637981,1.0,7,,0.0,2.0,6.0,B01,138Â 304Â 167,1.0
959742,201900001273,5,29,20:45,1,1,1,1.0,3.0,33535,ROUTE NATIONALE 230,M,"44,8315600"," -0,5010900",33,2019,90.0,1.0,1.0,2.0,2144989,1.0,1,1,1,4.0,,0.0, -1,1974.0,A01,138Â 304Â 164,1.0,8.0,-1.0,1637982,2.0,17,,0.0,2.0,2.0,A01,138Â 304Â 164,1.0
959742,201900001273,5,29,20:45,1,1,1,1.0,3.0,33535,ROUTE NATIONALE 230,M,"44,8315600"," -0,5010900",33,2019,90.0,1.0,1.0,2.0,2144989,1.0,1,1,1,4.0,,0.0, -1,1974.0,A01,138Â 304Â 164,1.0,8.0,-1.0,1637983,2.0,7,,0.0,2.0,8.0,B01,138Â 304Â 165,1.0
959742,201900001273,5,29,20:45,1,1,1,1.0,3.0,33535,ROUTE NATIONALE 230,M,"44,8315600"," -0,5010900",33,2019,90.0,1.0,1.0,2.0,2144990,1.0,1,4,2,0.0,,0.0, -1,1979.0,B01,138Â 304Â 165,1.0,8.0,-1.0,1637982,2.0,17,,0.0,2.0,2.0,A01,138Â 304Â 164,1.0
959742,201900001273,5,29,20:45,1,1,1,1.0,3.0,33535,ROUTE NATIONALE 230,M,"44,8315600"," -0,5010900",33,2019,90.0,1.0,1.0,2.0,2144990,1.0,1,4,2,0.0,,0.0, -1,1979.0,B01,138Â 304Â 165,1.0,8.0,-1.0,1637983,2.0,7,,0.0,2.0,8.0,B01,138Â 304Â 165,1.0
959743,201900001274,5,29,16:30,1,1,1,1.0,2.0,33122,AUTOROUTE A 63,M,"44,7522200"," -0,6923200",33,2019,130.0,1.0,1.0,1.0,2144991,2.0,2,1,2,5.0,,0.0, -1,1943.0,B01,138Â 304Â 162,1.0,8.0,-1.0,1637984,1.0,7,,0.0,2.0,5.0,B01,138Â 304Â 162,1.0
959743,201900001274,5,29,16:30,1,1,1,1.0,2.0,33122,AUTOROUTE A 63,M,"44,7522200"," -0,6923200",33,2019,130.0,1.0,1.0,1.0,2144991,2.0,2,1,2,5.0,,0.0, -1,1943.0,B01,138Â 304Â 162,1.0,8.0,-1.0,1637985,1.0,33,,0.0,2.0,8.0,A01,138Â 304Â 163,1.0
959743,201900001274,5,29,16:30,1,1,1,1.0,2.0,33122,AUTOROUTE A 63,M,"44,7522200"," -0,6923200",33,2019,130.0,1.0,1.0,1.0,2144992,1.0,1,1,1,5.0,,-1.0, -1,1939.0,B01,138Â 304Â 162,1.0,8.0,-1.0,1637984,1.0,7,,0.0,2.0,5.0,B01,138Â 304Â 162,1.0
959743,201900001274,5,29,16:30,1,1,1,1.0,2.0,33122,AUTOROUTE A 63,M,"44,7522200"," -0,6923200",33,2019,130.0,1.0,1.0,1.0,2144992,1.0,1,1,1,5.0,,-1.0, -1,1939.0,B01,138Â 304Â 162,1.0,8.0,-1.0,1637985,1.0,33,,0.0,2.0,8.0,A01,138Â 304Â 163,1.0
959743,201900001274,5,29,16:30,1,1,1,1.0,2.0,33122,AUTOROUTE A 63,M,"44,7522200"," -0,6923200",33,2019,130.0,1.0,1.0,1.0,2144993,1.0,1,4,1,1.0,,-1.0, -1,1990.0,A01,138Â 304Â 163,2.0,6.0,-1.0,1637984,1.0,7,,0.0,2.0,5.0,B01,138Â 304Â 162,1.0
959743,201900001274,5,29,16:30,1,1,1,1.0,2.0,33122,AUTOROUTE A 63,M,"44,7522200"," -0,6923200",33,2019,130.0,1.0,1.0,1.0,2144993,1.0,1,4,1,1.0,,-1.0, -1,1990.0,A01,138Â 304Â 163,2.0,6.0,-1.0,1637985,1.0,33,,0.0,2.0,8.0,A01,138Â 304Â 163,1.0
959744,201900001275,5,29,07:35,1,1,1,1.0,2.0,33192,ROCADE A 630,M,"44,7897600"," -0,6062200",33,2019,90.0,1.0,1.0,1.0,2144994,1.0,1,1,1,0.0,,-1.0, -1,1964.0,B01,138Â 304Â 160,1.0,8.0,-1.0,1637986,1.0,7,,0.0,2.0,4.0,B01,138Â 304Â 160,1.0
959744,201900001275,5,29,07:35,1,1,1,1.0,2.0,33192,ROCADE A 630,M,"44,7897600"," -0,6062200",33,2019,90.0,1.0,1.0,1.0,2144994,1.0,1,1,1,0.0,,-1.0, -1,1964.0,B01,138Â 304Â 160,1.0,8.0,-1.0,1637987,1.0,10,,0.0,2.0,1.0,A01,138Â 304Â 161,1.0
959744,201900001275,5,29,07:35,1,1,1,1.0,2.0,33192,ROCADE A 630,M,"44,7897600"," -0,6062200",33,2019,90.0,1.0,1.0,1.0,2144995,1.0,1,4,1,4.0,,-1.0, -1,1989.0,A01,138Â 304Â 161,1.0,8.0,-1.0,1637986,1.0,7,,0.0,2.0,4.0,B01,138Â 304Â 160,1.0
959744,201900001275,5,29,07:35,1,1,1,1.0,2.0,33192,ROCADE A 630,M,"44,7897600"," -0,6062200",33,2019,90.0,1.0,1.0,1.0,2144995,1.0,1,4,1,4.0,,-1.0, -1,1989.0,A01,138Â 304Â 161,1.0,8.0,-1.0,1637987,1.0,10,,0.0,2.0,1.0,A01,138Â 304Â 161,1.0
959745,201900001276,5,21,06:05,2,1,1,1.0,6.0,33039,ROUTE NATIONALE 230,M,"44,8050400"," -0,5313100",33,2019,90.0,1.0,1.0,2.0,2144996,1.0,1,4,2,1.0,,-1.0, -1,1999.0,A01,138Â 304Â 159,1.0,8.0,-1.0,1637988,1.0,7,,4.0,0.0,3.0,A01,138Â 304Â 159,1.0
959746,201900001277,5,21,03:45,5,1,1,1.0,6.0,33143,AUTOROUTE A 10,M,"44,9575500"," -0,4492600",33,2019,130.0,1.0,1.0,1.0,2144997,1.0,1,4,1,5.0,,0.0,0,1943.0,A01,138Â 304Â 158,1.0,8.0,-1.0,1637989,1.0,7,,3.0,0.0,1.0,A01,138Â 304Â 158,1.0
959747,201900001278,5,18,17:20,1,1,1,1.0,3.0,33013,ROUTE NATIONALE 230,M,"44,8612900"," -0,5041800",33,2019,90.0,1.0,1.0,2.0,2144998,1.0,1,4,2,5.0,,0.0,0,1945.0,B01,138Â 304Â 156,1.0,8.0,-1.0,1637990,2.0,7,,3.0,2.0,8.0,B01,138Â 304Â 156,1.0
959747,201900001278,5,18,17:20,1,1,1,1.0,3.0,33013,ROUTE NATIONALE 230,M,"44,8612900"," -0,5041800",33,2019,90.0,1.0,1.0,2.0,2144998,1.0,1,4,2,5.0,,0.0,0,1945.0,B01,138Â 304Â 156,1.0,8.0,-1.0,1637991,2.0,17,,0.0,2.0,2.0,A01,138Â 304Â 157,1.0
959747,201900001278,5,18,17:20,1,1,1,1.0,3.0,33013,ROUTE NATIONALE 230,M,"44,8612900"," -0,5041800",33,2019,90.0,1.0,1.0,2.0,2144999,1.0,1,1,1,4.0,,-1.0, -1,1977.0,A01,138Â 304Â 157,1.0,8.0,-1.0,1637990,2.0,7,,3.0,2.0,8.0,B01,138Â 304Â 156,1.0
959747,201900001278,5,18,17:20,1,1,1,1.0,3.0,33013,ROUTE NATIONALE 230,M,"44,8612900"," -0,5041800",33,2019,90.0,1.0,1.0,2.0,2144999,1.0,1,1,1,4.0,,-1.0, -1,1977.0,A01,138Â 304Â 157,1.0,8.0,-1.0,1637991,2.0,17,,0.0,2.0,2.0,A01,138Â 304Â 157,1.0
959748,201900001279,5,16,15:20,1,1,1,1.0,2.0,33096,AUTOROUTE A 10,M,"44,8935300"," -0,4994600",33,2019,90.0,1.0,1.0,1.0,2145000,1.0,1,1,1,4.0,,-1.0, -1,1964.0,B01,138Â 304Â 154,1.0,8.0,-1.0,1637992,1.0,17,,0.0,2.0,5.0,B01,138Â 304Â 154,1.0
959748,201900001279,5,16,15:20,1,1,1,1.0,2.0,33096,AUTOROUTE A 10,M,"44,8935300"," -0,4994600",33,2019,90.0,1.0,1.0,1.0,2145000,1.0,1,1,1,4.0,,-1.0, -1,1964.0,B01,138Â 304Â 154,1.0,8.0,-1.0,1637993,1.0,14,,4.0,2.0,3.0,A01,138Â 304Â 155,1.0
959748,201900001279,5,16,15:20,1,1,1,1.0,2.0,33096,AUTOROUTE A 10,M,"44,8935300"," -0,4994600",33,2019,90.0,1.0,1.0,1.0,2145001,1.0,1,2,1,4.0,,-1.0, -1,1991.0,A01,138Â 304Â 155,1.0,8.0,-1.0,1637992,1.0,17,,0.0,2.0,5.0,B01,138Â 304Â 154,1.0
959748,201900001279,5,16,15:20,1,1,1,1.0,2.0,33096,AUTOROUTE A 10,M,"44,8935300"," -0,4994600",33,2019,90.0,1.0,1.0,1.0,2145001,1.0,1,2,1,4.0,,-1.0, -1,1991.0,A01,138Â 304Â 155,1.0,8.0,-1.0,1637993,1.0,14,,4.0,2.0,3.0,A01,138Â 304Â 155,1.0
959749,201900001280,5,14,11:10,1,1,1,1.0,2.0,33096,AUTOROUTE A 10,M,"44,9007100"," -0,4943200",33,2019,110.0,1.0,1.0,1.0,2145002,1.0,1,1,1,4.0,,-1.0, -1,1961.0,B01,138Â 304Â 152,1.0,8.0,-1.0,1637994,1.0,17,,0.0,2.0,4.0,B01,138Â 304Â 152,1.0
959749,201900001280,5,14,11:10,1,1,1,1.0,2.0,33096,AUTOROUTE A 10,M,"44,9007100"," -0,4943200",33,2019,110.0,1.0,1.0,1.0,2145002,1.0,1,1,1,4.0,,-1.0, -1,1961.0,B01,138Â 304Â 152,1.0,8.0,-1.0,1637995,1.0,7,,0.0,2.0,1.0,A01,138Â 304Â 153,1.0
959749,201900001280,5,14,11:10,1,1,1,1.0,2.0,33096,AUTOROUTE A 10,M,"44,9007100"," -0,4943200",33,2019,110.0,1.0,1.0,1.0,2145003,1.0,1,4,2,3.0,,-1.0, -1,1947.0,A01,138Â 304Â 153,1.0,8.0,-1.0,1637994,1.0,17,,0.0,2.0,4.0,B01,138Â 304Â 152,1.0
959749,201900001280,5,14,11:10,1,1,1,1.0,2.0,33096,AUTOROUTE A 10,M,"44,9007100"," -0,4943200",33,2019,110.0,1.0,1.0,1.0,2145003,1.0,1,4,2,3.0,,-1.0, -1,1947.0,A01,138Â 304Â 153,1.0,8.0,-1.0,1637995,1.0,7,,0.0,2.0,1.0,A01,138Â 304Â 153,1.0
959750,201900001281,5,14,08:10,1,1,1,1.0,6.0,33039,ROCADE A 630,M,"44,7899100"," -0,5408100",33,2019,90.0,1.0,1.0,1.0,2145004,1.0,1,4,1,1.0,,-1.0, -1,1991.0,A01,138Â 304Â 151,2.0,6.0,-1.0,1637996,2.0,33,,0.0,2.0,0.0,A01,138Â 304Â 151,1.0
959751,201900001282,5,13,08:50,1,1,1,1.0,2.0,33550,ROCADE A 630,M,"44,7796200"," -0,5497600",33,2019,90.0,1.0,1.0,1.0,2145005,1.0,1,1,1,0.0,,-1.0, -1,1986.0,B01,138Â 304Â 149,1.0,8.0,-1.0,1637997,2.0,7,,0.0,2.0,5.0,B01,138Â 304Â 149,0.0
959751,201900001282,5,13,08:50,1,1,1,1.0,2.0,33550,ROCADE A 630,M,"44,7796200"," -0,5497600",33,2019,90.0,1.0,1.0,1.0,2145005,1.0,1,1,1,0.0,,-1.0, -1,1986.0,B01,138Â 304Â 149,1.0,8.0,-1.0,1637998,2.0,33,,0.0,2.0,1.0,A01,138Â 304Â 150,1.0
959751,201900001282,5,13,08:50,1,1,1,1.0,2.0,33550,ROCADE A 630,M,"44,7796200"," -0,5497600",33,2019,90.0,1.0,1.0,1.0,2145006,1.0,1,4,1,1.0,,-1.0, -1,1981.0,A01,138Â 304Â 150,2.0,6.0,-1.0,1637997,2.0,7,,0.0,2.0,5.0,B01,138Â 304Â 149,0.0
959751,201900001282,5,13,08:50,1,1,1,1.0,2.0,33550,ROCADE A 630,M,"44,7796200"," -0,5497600",33,2019,90.0,1.0,1.0,1.0,2145006,1.0,1,4,1,1.0,,-1.0, -1,1981.0,A01,138Â 304Â 150,2.0,6.0,-1.0,1637998,2.0,33,,0.0,2.0,1.0,A01,138Â 304Â 150,1.0
959752,201900001283,5,11,02:20,3,1,1,1.0,6.0,33281,ROCADE A 630,M,"44,8193400"," -0,6737600",33,2019,90.0,1.0,1.0,1.0,2145007,3.0,2,4,1,0.0,,0.0, -1,2017.0,A01,138Â 304Â 148,3.0,8.0,-1.0,1637999,1.0,7,,11.0,0.0,1.0,A01,138Â 304Â 148,1.0
959752,201900001283,5,11,02:20,3,1,1,1.0,6.0,33281,ROCADE A 630,M,"44,8193400"," -0,6737600",33,2019,90.0,1.0,1.0,1.0,2145008,2.0,2,1,1,0.0,,0.0, -1,1989.0,A01,138Â 304Â 148,1.0,8.0,-1.0,1637999,1.0,7,,11.0,0.0,1.0,A01,138Â 304Â 148,1.0
959752,201900001283,5,11,02:20,3,1,1,1.0,6.0,33281,ROCADE A 630,M,"44,8193400"," -0,6737600",33,2019,90.0,1.0,1.0,1.0,2145009,1.0,1,1,2,0.0,,0.0, -1,1989.0,A01,138Â 304Â 148,1.0,8.0,-1.0,1637999,1.0,7,,11.0,0.0,1.0,A01,138Â 304Â 148,1.0
959753,201900001284,5,10,17:36,1,1,1,1.0,4.0,33162,ROCADE A 630,M,"44,8781000"," -0,6301900",33,2019,90.0,1.0,1.0,1.0,2145010,1.0,1,1,2,1.0,,-1.0, -1,1987.0,D01,138Â 304Â 144,1.0,8.0,-1.0,1638000,2.0,7,,0.0,2.0,6.0,D01,138Â 304Â 144,1.0
959753,201900001284,5,10,17:36,1,1,1,1.0,4.0,33162,ROCADE A 630,M,"44,8781000"," -0,6301900",33,2019,90.0,1.0,1.0,1.0,2145010,1.0,1,1,2,1.0,,-1.0, -1,1987.0,D01,138Â 304Â 144,1.0,8.0,-1.0,1638001,2.0,10,,0.0,2.0,5.0,C01,138Â 304Â 145,1.0
959753,201900001284,5,10,17:36,1,1,1,1.0,4.0,33162,ROCADE A 630,M,"44,8781000"," -0,6301900",33,2019,90.0,1.0,1.0,1.0,2145010,1.0,1,1,2,1.0,,-1.0, -1,1987.0,D01,138Â 304Â 144,1.0,8.0,-1.0,1638002,2.0,7,,0.0,2.0,0.0,B01,138Â 304Â 146,1.0
959753,201900001284,5,10,17:36,1,1,1,1.0,4.0,33162,ROCADE A 630,M,"44,8781000"," -0,6301900",33,2019,90.0,1.0,1.0,1.0,2145010,1.0,1,1,2,1.0,,-1.0, -1,1987.0,D01,138Â 304Â 144,1.0,8.0,-1.0,1638003,2.0,7,,0.0,2.0,1.0,A01,138Â 304Â 147,1.0
959753,201900001284,5,10,17:36,1,1,1,1.0,4.0,33162,ROCADE A 630,M,"44,8781000"," -0,6301900",33,2019,90.0,1.0,1.0,1.0,2145011,1.0,1,1,1,4.0,,-1.0, -1,1989.0,C01,138Â 304Â 145,1.0,8.0,-1.0,1638000,2.0,7,,0.0,2.0,6.0,D01,138Â 304Â 144,1.0
959753,201900001284,5,10,17:36,1,1,1,1.0,4.0,33162,ROCADE A 630,M,"44,8781000"," -0,6301900",33,2019,90.0,1.0,1.0,1.0,2145011,1.0,1,1,1,4.0,,-1.0, -1,1989.0,C01,138Â 304Â 145,1.0,8.0,-1.0,1638001,2.0,10,,0.0,2.0,5.0,C01,138Â 304Â 145,1.0
959753,201900001284,5,10,17:36,1,1,1,1.0,4.0,33162,ROCADE A 630,M,"44,8781000"," -0,6301900",33,2019,90.0,1.0,1.0,1.0,2145011,1.0,1,1,1,4.0,,-1.0, -1,1989.0,C01,138Â 304Â 145,1.0,8.0,-1.0,1638002,2.0,7,,0.0,2.0,0.0,B01,138Â 304Â 146,1.0
959753,201900001284,5,10,17:36,1,1,1,1.0,4.0,33162,ROCADE A 630,M,"44,8781000"," -0,6301900",33,2019,90.0,1.0,1.0,1.0,2145011,1.0,1,1,1,4.0,,-1.0, -1,1989.0,C01,138Â 304Â 145,1.0,8.0,-1.0,1638003,2.0,7,,0.0,2.0,1.0,A01,138Â 304Â 147,1.0
959753,201900001284,5,10,17:36,1,1,1,1.0,4.0,33162,ROCADE A 630,M,"44,8781000"," -0,6301900",33,2019,90.0,1.0,1.0,1.0,2145012,1.0,1,4,2,5.0,,-1.0, -1,1963.0,B01,138Â 304Â 146,1.0,8.0,-1.0,1638000,2.0,7,,0.0,2.0,6.0,D01,138Â 304Â 144,1.0
959753,201900001284,5,10,17:36,1,1,1,1.0,4.0,33162,ROCADE A 630,M,"44,8781000"," -0,6301900",33,2019,90.0,1.0,1.0,1.0,2145012,1.0,1,4,2,5.0,,-1.0, -1,1963.0,B01,138Â 304Â 146,1.0,8.0,-1.0,1638001,2.0,10,,0.0,2.0,5.0,C01,138Â 304Â 145,1.0
959753,201900001284,5,10,17:36,1,1,1,1.0,4.0,33162,ROCADE A 630,M,"44,8781000"," -0,6301900",33,2019,90.0,1.0,1.0,1.0,2145012,1.0,1,4,2,5.0,,-1.0, -1,1963.0,B01,138Â 304Â 146,1.0,8.0,-1.0,1638002,2.0,7,,0.0,2.0,0.0,B01,138Â 304Â 146,1.0
959753,201900001284,5,10,17:36,1,1,1,1.0,4.0,33162,ROCADE A 630,M,"44,8781000"," -0,6301900",33,2019,90.0,1.0,1.0,1.0,2145012,1.0,1,4,2,5.0,,-1.0, -1,1963.0,B01,138Â 304Â 146,1.0,8.0,-1.0,1638003,2.0,7,,0.0,2.0,1.0,A01,138Â 304Â 147,1.0