Unnamed: 0_x,num_acc,mois,jour,hrmn,lum,agg,int,atm,col,com,adr,gps,lat,long,dep,annee,vma,situ,surf,catr,Unnamed: 0_y,place,catu,grav,sexe,trajet,secu,locp,actp,an_nais,num_veh_x,id_vehicule_x,secu1,secu2,secu3,Unnamed: 0,senc,catv,occutc,obs,obsm,choc,num_veh_y,id_vehicule_y,motor
959753,201900001284,5,10,17:36,1,1,1,1.0,4.0,33162,ROCADE A 630,M,"44,8781000"," -0,6301900",33,2019,90.0,1.0,1.0,1.0,2145013,1.0,1,4,1,0.0,,-1.0, -1,1957.0,A01,138Â 304Â 147,1.0,8.0,-1.0,1638000,2.0,7,,0.0,2.0,6.0,D01,138Â 304Â 144,1.0
959753,201900001284,5,10,17:36,1,1,1,1.0,4.0,33162,ROCADE A 630,M,"44,8781000"," -0,6301900",33,2019,90.0,1.0,1.0,1.0,2145013,1.0,1,4,1,0.0,,-1.0, -1,1957.0,A01,138Â 304Â 147,1.0,8.0,-1.0,1638001,2.0,10,,0.0,2.0,5.0,C01,138Â 304Â 145,1.0
959753,201900001284,5,10,17:36,1,1,1,1.0,4.0,33162,ROCADE A 630,M,"44,8781000"," -0,6301900",33,2019,90.0,1.0,1.0,1.0,2145013,1.0,1,4,1,0.0,,-1.0, -1,1957.0,A01,138Â 304Â 147,1.0,8.0,-1.0,1638002,2.0,7,,0.0,2.0,0.0,B01,138Â 304Â 146,1.0
959753,201900001284,5,10,17:36,1,1,1,1.0,4.0,33162,ROCADE A 630,M,"44,8781000"," -0,6301900",33,2019,90.0,1.0,1.0,1.0,2145013,1.0,1,4,1,0.0,,-1.0, -1,1957.0,A01,138Â 304Â 147,1.0,8.0,-1.0,1638003,2.0,7,,0.0,2.0,1.0,A01,138Â 304Â 147,1.0
959754,201900001285,5,10,16:25,1,1,1,1.0,5.0,33013,ROUTE NATIONALE 230,M,"44,8455400"," -0,5020900",33,2019,90.0,1.0,1.0,2.0,2145014,1.0,1,1,2,4.0,,-1.0, -1,1985.0,D01,138Â 304Â 140,1.0,8.0,-1.0,1638004,1.0,7,,0.0,2.0,2.0,D01,138Â 304Â 140,1.0
959754,201900001285,5,10,16:25,1,1,1,1.0,5.0,33013,ROUTE NATIONALE 230,M,"44,8455400"," -0,5020900",33,2019,90.0,1.0,1.0,2.0,2145014,1.0,1,1,2,4.0,,-1.0, -1,1985.0,D01,138Â 304Â 140,1.0,8.0,-1.0,1638005,1.0,10,,0.0,2.0,8.0,C01,138Â 304Â 141,1.0
959754,201900001285,5,10,16:25,1,1,1,1.0,5.0,33013,ROUTE NATIONALE 230,M,"44,8455400"," -0,5020900",33,2019,90.0,1.0,1.0,2.0,2145014,1.0,1,1,2,4.0,,-1.0, -1,1985.0,D01,138Â 304Â 140,1.0,8.0,-1.0,1638006,1.0,7,,0.0,2.0,5.0,B01,138Â 304Â 142,1.0
959754,201900001285,5,10,16:25,1,1,1,1.0,5.0,33013,ROUTE NATIONALE 230,M,"44,8455400"," -0,5020900",33,2019,90.0,1.0,1.0,2.0,2145014,1.0,1,1,2,4.0,,-1.0, -1,1985.0,D01,138Â 304Â 140,1.0,8.0,-1.0,1638007,1.0,33,,0.0,2.0,8.0,A01,138Â 304Â 143,1.0
959754,201900001285,5,10,16:25,1,1,1,1.0,5.0,33013,ROUTE NATIONALE 230,M,"44,8455400"," -0,5020900",33,2019,90.0,1.0,1.0,2.0,2145015,1.0,1,1,1,4.0,,-1.0, -1,1979.0,C01,138Â 304Â 141,1.0,8.0,-1.0,1638004,1.0,7,,0.0,2.0,2.0,D01,138Â 304Â 140,1.0
959754,201900001285,5,10,16:25,1,1,1,1.0,5.0,33013,ROUTE NATIONALE 230,M,"44,8455400"," -0,5020900",33,2019,90.0,1.0,1.0,2.0,2145015,1.0,1,1,1,4.0,,-1.0, -1,1979.0,C01,138Â 304Â 141,1.0,8.0,-1.0,1638005,1.0,10,,0.0,2.0,8.0,C01,138Â 304Â 141,1.0
959754,201900001285,5,10,16:25,1,1,1,1.0,5.0,33013,ROUTE NATIONALE 230,M,"44,8455400"," -0,5020900",33,2019,90.0,1.0,1.0,2.0,2145015,1.0,1,1,1,4.0,,-1.0, -1,1979.0,C01,138Â 304Â 141,1.0,8.0,-1.0,1638006,1.0,7,,0.0,2.0,5.0,B01,138Â 304Â 142,1.0
959754,201900001285,5,10,16:25,1,1,1,1.0,5.0,33013,ROUTE NATIONALE 230,M,"44,8455400"," -0,5020900",33,2019,90.0,1.0,1.0,2.0,2145015,1.0,1,1,1,4.0,,-1.0, -1,1979.0,C01,138Â 304Â 141,1.0,8.0,-1.0,1638007,1.0,33,,0.0,2.0,8.0,A01,138Â 304Â 143,1.0
959754,201900001285,5,10,16:25,1,1,1,1.0,5.0,33013,ROUTE NATIONALE 230,M,"44,8455400"," -0,5020900",33,2019,90.0,1.0,1.0,2.0,2145016,2.0,2,1,2,0.0,,-1.0, -1,2000.0,C01,138Â 304Â 141,1.0,8.0,-1.0,1638004,1.0,7,,0.0,2.0,2.0,D01,138Â 304Â 140,1.0
959754,201900001285,5,10,16:25,1,1,1,1.0,5.0,33013,ROUTE NATIONALE 230,M,"44,8455400"," -0,5020900",33,2019,90.0,1.0,1.0,2.0,2145016,2.0,2,1,2,0.0,,-1.0, -1,2000.0,C01,138Â 304Â 141,1.0,8.0,-1.0,1638005,1.0,10,,0.0,2.0,8.0,C01,138Â 304Â 141,1.0
959754,201900001285,5,10,16:25,1,1,1,1.0,5.0,33013,ROUTE NATIONALE 230,M,"44,8455400"," -0,5020900",33,2019,90.0,1.0,1.0,2.0,2145016,2.0,2,1,2,0.0,,-1.0, -1,2000.0,C01,138Â 304Â 141,1.0,8.0,-1.0,1638006,1.0,7,,0.0,2.0,5.0,B01,138Â 304Â 142,1.0
959754,201900001285,5,10,16:25,1,1,1,1.0,5.0,33013,ROUTE NATIONALE 230,M,"44,8455400"," -0,5020900",33,2019,90.0,1.0,1.0,2.0,2145016,2.0,2,1,2,0.0,,-1.0, -1,2000.0,C01,138Â 304Â 141,1.0,8.0,-1.0,1638007,1.0,33,,0.0,2.0,8.0,A01,138Â 304Â 143,1.0
959754,201900001285,5,10,16:25,1,1,1,1.0,5.0,33013,ROUTE NATIONALE 230,M,"44,8455400"," -0,5020900",33,2019,90.0,1.0,1.0,2.0,2145017,1.0,1,1,1,5.0,,-1.0, -1,1959.0,B01,138Â 304Â 142,1.0,8.0,-1.0,1638004,1.0,7,,0.0,2.0,2.0,D01,138Â 304Â 140,1.0
959754,201900001285,5,10,16:25,1,1,1,1.0,5.0,33013,ROUTE NATIONALE 230,M,"44,8455400"," -0,5020900",33,2019,90.0,1.0,1.0,2.0,2145017,1.0,1,1,1,5.0,,-1.0, -1,1959.0,B01,138Â 304Â 142,1.0,8.0,-1.0,1638005,1.0,10,,0.0,2.0,8.0,C01,138Â 304Â 141,1.0
959754,201900001285,5,10,16:25,1,1,1,1.0,5.0,33013,ROUTE NATIONALE 230,M,"44,8455400"," -0,5020900",33,2019,90.0,1.0,1.0,2.0,2145017,1.0,1,1,1,5.0,,-1.0, -1,1959.0,B01,138Â 304Â 142,1.0,8.0,-1.0,1638006,1.0,7,,0.0,2.0,5.0,B01,138Â 304Â 142,1.0
959754,201900001285,5,10,16:25,1,1,1,1.0,5.0,33013,ROUTE NATIONALE 230,M,"44,8455400"," -0,5020900",33,2019,90.0,1.0,1.0,2.0,2145017,1.0,1,1,1,5.0,,-1.0, -1,1959.0,B01,138Â 304Â 142,1.0,8.0,-1.0,1638007,1.0,33,,0.0,2.0,8.0,A01,138Â 304Â 143,1.0
959754,201900001285,5,10,16:25,1,1,1,1.0,5.0,33013,ROUTE NATIONALE 230,M,"44,8455400"," -0,5020900",33,2019,90.0,1.0,1.0,2.0,2145018,1.0,1,4,1,5.0,,-1.0, -1,1958.0,A01,138Â 304Â 143,2.0,6.0,-1.0,1638004,1.0,7,,0.0,2.0,2.0,D01,138Â 304Â 140,1.0
959754,201900001285,5,10,16:25,1,1,1,1.0,5.0,33013,ROUTE NATIONALE 230,M,"44,8455400"," -0,5020900",33,2019,90.0,1.0,1.0,2.0,2145018,1.0,1,4,1,5.0,,-1.0, -1,1958.0,A01,138Â 304Â 143,2.0,6.0,-1.0,1638005,1.0,10,,0.0,2.0,8.0,C01,138Â 304Â 141,1.0
959754,201900001285,5,10,16:25,1,1,1,1.0,5.0,33013,ROUTE NATIONALE 230,M,"44,8455400"," -0,5020900",33,2019,90.0,1.0,1.0,2.0,2145018,1.0,1,4,1,5.0,,-1.0, -1,1958.0,A01,138Â 304Â 143,2.0,6.0,-1.0,1638006,1.0,7,,0.0,2.0,5.0,B01,138Â 304Â 142,1.0
959754,201900001285,5,10,16:25,1,1,1,1.0,5.0,33013,ROUTE NATIONALE 230,M,"44,8455400"," -0,5020900",33,2019,90.0,1.0,1.0,2.0,2145018,1.0,1,4,1,5.0,,-1.0, -1,1958.0,A01,138Â 304Â 143,2.0,6.0,-1.0,1638007,1.0,33,,0.0,2.0,8.0,A01,138Â 304Â 143,1.0
959755,201900001286,5,4,22:45,3,1,1,1.0,6.0,33080,AUTOROUTE A 62,M,"44,7353800"," -0,5327100",33,2019,130.0,1.0,1.0,1.0,2145019,1.0,1,4,1,5.0,,-1.0, -1,1997.0,A01,138Â 304Â 139,1.0,8.0,-1.0,1638008,2.0,7,,0.0,6.0,9.0,A01,138Â 304Â 139,1.0
959756,201900001287,5,3,07:50,1,1,1,1.0,3.0,33075,ROCADE A 630,M,"44,8818000"," -0,6242900",33,2019,90.0,1.0,1.0,1.0,2145020,1.0,1,1,2,1.0,,0.0, -1,1988.0,B01,138Â 304Â 137,1.0,8.0,-1.0,1638009,1.0,7,,0.0,2.0,2.0,B01,138Â 304Â 137,1.0
959756,201900001287,5,3,07:50,1,1,1,1.0,3.0,33075,ROCADE A 630,M,"44,8818000"," -0,6242900",33,2019,90.0,1.0,1.0,1.0,2145020,1.0,1,1,2,1.0,,0.0, -1,1988.0,B01,138Â 304Â 137,1.0,8.0,-1.0,1638010,1.0,32,,0.0,2.0,1.0,A01,138Â 304Â 138,1.0
959756,201900001287,5,3,07:50,1,1,1,1.0,3.0,33075,ROCADE A 630,M,"44,8818000"," -0,6242900",33,2019,90.0,1.0,1.0,1.0,2145021,1.0,1,4,1,0.0,,0.0, -1,1993.0,A01,138Â 304Â 138,2.0,6.0,-1.0,1638009,1.0,7,,0.0,2.0,2.0,B01,138Â 304Â 137,1.0
959756,201900001287,5,3,07:50,1,1,1,1.0,3.0,33075,ROCADE A 630,M,"44,8818000"," -0,6242900",33,2019,90.0,1.0,1.0,1.0,2145021,1.0,1,4,1,0.0,,0.0, -1,1993.0,A01,138Â 304Â 138,2.0,6.0,-1.0,1638010,1.0,32,,0.0,2.0,1.0,A01,138Â 304Â 138,1.0
959757,201900001288,4,30,18:20,1,1,1,1.0,5.0,33397,AUTOROUTE A 10,M,"44,9082600"," -0,4904000",33,2019,110.0,1.0,1.0,1.0,2145022,1.0,1,4,1,1.0,,0.0, -1,1972.0,C01,138Â 304Â 134,2.0,6.0,-1.0,1638011,2.0,33,,0.0,2.0,7.0,C01,138Â 304Â 134,1.0
959757,201900001288,4,30,18:20,1,1,1,1.0,5.0,33397,AUTOROUTE A 10,M,"44,9082600"," -0,4904000",33,2019,110.0,1.0,1.0,1.0,2145022,1.0,1,4,1,1.0,,0.0, -1,1972.0,C01,138Â 304Â 134,2.0,6.0,-1.0,1638012,2.0,7,,3.0,2.0,4.0,B01,138Â 304Â 135,1.0
959757,201900001288,4,30,18:20,1,1,1,1.0,5.0,33397,AUTOROUTE A 10,M,"44,9082600"," -0,4904000",33,2019,110.0,1.0,1.0,1.0,2145022,1.0,1,4,1,1.0,,0.0, -1,1972.0,C01,138Â 304Â 134,2.0,6.0,-1.0,1638013,2.0,7,,0.0,2.0,1.0,A01,138Â 304Â 136,1.0
959757,201900001288,4,30,18:20,1,1,1,1.0,5.0,33397,AUTOROUTE A 10,M,"44,9082600"," -0,4904000",33,2019,110.0,1.0,1.0,1.0,2145023,1.0,1,4,1,1.0,,0.0, -1,1984.0,B01,138Â 304Â 135,1.0,8.0,-1.0,1638011,2.0,33,,0.0,2.0,7.0,C01,138Â 304Â 134,1.0
959757,201900001288,4,30,18:20,1,1,1,1.0,5.0,33397,AUTOROUTE A 10,M,"44,9082600"," -0,4904000",33,2019,110.0,1.0,1.0,1.0,2145023,1.0,1,4,1,1.0,,0.0, -1,1984.0,B01,138Â 304Â 135,1.0,8.0,-1.0,1638012,2.0,7,,3.0,2.0,4.0,B01,138Â 304Â 135,1.0
959757,201900001288,4,30,18:20,1,1,1,1.0,5.0,33397,AUTOROUTE A 10,M,"44,9082600"," -0,4904000",33,2019,110.0,1.0,1.0,1.0,2145023,1.0,1,4,1,1.0,,0.0, -1,1984.0,B01,138Â 304Â 135,1.0,8.0,-1.0,1638013,2.0,7,,0.0,2.0,1.0,A01,138Â 304Â 136,1.0
959757,201900001288,4,30,18:20,1,1,1,1.0,5.0,33397,AUTOROUTE A 10,M,"44,9082600"," -0,4904000",33,2019,110.0,1.0,1.0,1.0,2145024,1.0,1,1,1,0.0,,0.0, -1,1964.0,A01,138Â 304Â 136,1.0,8.0,-1.0,1638011,2.0,33,,0.0,2.0,7.0,C01,138Â 304Â 134,1.0
959757,201900001288,4,30,18:20,1,1,1,1.0,5.0,33397,AUTOROUTE A 10,M,"44,9082600"," -0,4904000",33,2019,110.0,1.0,1.0,1.0,2145024,1.0,1,1,1,0.0,,0.0, -1,1964.0,A01,138Â 304Â 136,1.0,8.0,-1.0,1638012,2.0,7,,3.0,2.0,4.0,B01,138Â 304Â 135,1.0
959757,201900001288,4,30,18:20,1,1,1,1.0,5.0,33397,AUTOROUTE A 10,M,"44,9082600"," -0,4904000",33,2019,110.0,1.0,1.0,1.0,2145024,1.0,1,1,1,0.0,,0.0, -1,1964.0,A01,138Â 304Â 136,1.0,8.0,-1.0,1638013,2.0,7,,0.0,2.0,1.0,A01,138Â 304Â 136,1.0
959758,201900001289,5,25,18:15,1,1,1,1.0,7.0,59456,AUTOROUTE A 21,M,"50,3827800","3,2101500",59,2019,90.0,1.0,1.0,1.0,2145025,2.0,2,3,1,0.0,,-1.0,0,1993.0,A01,138Â 304Â 133,1.0,0.0,-1.0,1638014,1.0,7,,0.0,0.0,0.0,A01,138Â 304Â 133,1.0
959758,201900001289,5,25,18:15,1,1,1,1.0,7.0,59456,AUTOROUTE A 21,M,"50,3827800","3,2101500",59,2019,90.0,1.0,1.0,1.0,2145026,1.0,1,1,1,0.0,,0.0,0,1984.0,A01,138Â 304Â 133,1.0,0.0,-1.0,1638014,1.0,7,,0.0,0.0,0.0,A01,138Â 304Â 133,1.0
959759,201900001290,5,20,23:30,3,1,1,1.0,6.0,62393,AUTOROUTE A16,M,"50,9336300","1,9971500",62,2019,110.0,1.0,1.0,1.0,2145027,1.0,1,1,2,5.0,,0.0,0,1993.0,A01,138Â 304Â 132,1.0,0.0,-1.0,1638015,1.0,7,,0.0,1.0,1.0,A01,138Â 304Â 132,1.0
959759,201900001290,5,20,23:30,3,1,1,1.0,6.0,62393,AUTOROUTE A16,M,"50,9336300","1,9971500",62,2019,110.0,1.0,1.0,1.0,2145028,10.0,3,2,1,0.0,,1.0,3,1993.0,A01,138Â 304Â 132,8.0,0.0,-1.0,1638015,1.0,7,,0.0,1.0,1.0,A01,138Â 304Â 132,1.0
959760,201900001291,5,15,13:30,1,1,1,1.0,2.0,59665,AUTOROUTE A25,M,"50,9114200","2,4834600",59,2019,110.0,1.0,1.0,1.0,2145029,1.0,1,3,1,0.0,,-1.0, -1,1949.0,A01,138Â 304Â 130,1.0,0.0,-1.0,1638016,1.0,7,,0.0,2.0,1.0,A01,138Â 304Â 130,1.0
959760,201900001291,5,15,13:30,1,1,1,1.0,2.0,59665,AUTOROUTE A25,M,"50,9114200","2,4834600",59,2019,110.0,1.0,1.0,1.0,2145029,1.0,1,3,1,0.0,,-1.0, -1,1949.0,A01,138Â 304Â 130,1.0,0.0,-1.0,1638017,1.0,17,,0.0,2.0,4.0,B01,138Â 304Â 131,1.0
959760,201900001291,5,15,13:30,1,1,1,1.0,2.0,59665,AUTOROUTE A25,M,"50,9114200","2,4834600",59,2019,110.0,1.0,1.0,1.0,2145030,1.0,1,1,1,4.0,,-1.0, -1,1965.0,B01,138Â 304Â 131,1.0,0.0,-1.0,1638016,1.0,7,,0.0,2.0,1.0,A01,138Â 304Â 130,1.0
959760,201900001291,5,15,13:30,1,1,1,1.0,2.0,59665,AUTOROUTE A25,M,"50,9114200","2,4834600",59,2019,110.0,1.0,1.0,1.0,2145030,1.0,1,1,1,4.0,,-1.0, -1,1965.0,B01,138Â 304Â 131,1.0,0.0,-1.0,1638017,1.0,17,,0.0,2.0,4.0,B01,138Â 304Â 131,1.0
959761,201900001292,5,24,17:50,1,1,1,1.0,7.0,59350,AUTOROUTE A25,M,"50,6212100","3,0281000",59,2019,90.0,1.0,1.0,1.0,2145031,1.0,1,3,1,0.0,,-1.0, -1,1958.0,A01,138Â 304Â 129,2.0,0.0,-1.0,1638018,2.0,33,,0.0,2.0,0.0,A01,138Â 304Â 129,1.0
959762,201900001293,5,13,07:50,1,1,1,1.0,6.0,62510,AUTOROUTE A21,M,"50,4396600","2,7733000",62,2019,110.0,1.0,1.0,1.0,2145032,10.0,3,2,1,0.0,,6.0,3,1956.0,A01,138Â 304Â 128,0.0,0.0,-1.0,1638019,1.0,15,,0.0,1.0,1.0,A01,138Â 304Â 128,1.0
959762,201900001293,5,13,07:50,1,1,1,1.0,6.0,62510,AUTOROUTE A21,M,"50,4396600","2,7733000",62,2019,110.0,1.0,1.0,1.0,2145033,1.0,1,1,1,4.0,,0.0,0,1974.0,A01,138Â 304Â 128,1.0,0.0,-1.0,1638019,1.0,15,,0.0,1.0,1.0,A01,138Â 304Â 128,1.0
959763,201900001294,5,9,13:55,1,1,1,1.0,6.0,59449,AUTOROUTE A23,M,"50,4692400","3,2317600",59,2019,110.0,1.0,1.0,1.0,2145034,1.0,1,3,1,0.0,,-1.0, -1,1966.0,A01,138Â 304Â 127,1.0,0.0,-1.0,1638020,2.0,7,,7.0,0.0,1.0,A01,138Â 304Â 127,1.0
959764,201900001295,4,27,08:40,1,1,1,1.0,7.0,59009,AUTOROUTE A22,M,"50,6490100","3,1432600",59,2019,90.0,1.0,1.0,1.0,2145035,1.0,1,3,2,0.0,,-1.0, -1,1995.0,A01,138Â 304Â 126,1.0,0.0,-1.0,1638021,2.0,7,,0.0,0.0,0.0,A01,138Â 304Â 126,1.0
959765,201900001296,5,29,17:45,1,1,1,1.0,4.0,91161,AUTOROUTE A126,M,"48,7114300","2,2944700",91,2019,90.0,1.0,1.0,1.0,2145036,1.0,1,1,1,5.0,,0.0,0,1964.0,A01,138Â 304Â 123,1.0,0.0,-1.0,1638022,1.0,10,,0.0,2.0,1.0,A01,138Â 304Â 123,1.0
959765,201900001296,5,29,17:45,1,1,1,1.0,4.0,91161,AUTOROUTE A126,M,"48,7114300","2,2944700",91,2019,90.0,1.0,1.0,1.0,2145036,1.0,1,1,1,5.0,,0.0,0,1964.0,A01,138Â 304Â 123,1.0,0.0,-1.0,1638023,1.0,10,,0.0,2.0,4.0,C01,138Â 304Â 124,1.0
959765,201900001296,5,29,17:45,1,1,1,1.0,4.0,91161,AUTOROUTE A126,M,"48,7114300","2,2944700",91,2019,90.0,1.0,1.0,1.0,2145036,1.0,1,1,1,5.0,,0.0,0,1964.0,A01,138Â 304Â 123,1.0,0.0,-1.0,1638024,1.0,10,,0.0,2.0,4.0,B01,138Â 304Â 125,1.0
959765,201900001296,5,29,17:45,1,1,1,1.0,4.0,91161,AUTOROUTE A126,M,"48,7114300","2,2944700",91,2019,90.0,1.0,1.0,1.0,2145037,1.0,1,1,1,5.0,,0.0,0,1986.0,C01,138Â 304Â 124,1.0,0.0,-1.0,1638022,1.0,10,,0.0,2.0,1.0,A01,138Â 304Â 123,1.0
959765,201900001296,5,29,17:45,1,1,1,1.0,4.0,91161,AUTOROUTE A126,M,"48,7114300","2,2944700",91,2019,90.0,1.0,1.0,1.0,2145037,1.0,1,1,1,5.0,,0.0,0,1986.0,C01,138Â 304Â 124,1.0,0.0,-1.0,1638023,1.0,10,,0.0,2.0,4.0,C01,138Â 304Â 124,1.0
959765,201900001296,5,29,17:45,1,1,1,1.0,4.0,91161,AUTOROUTE A126,M,"48,7114300","2,2944700",91,2019,90.0,1.0,1.0,1.0,2145037,1.0,1,1,1,5.0,,0.0,0,1986.0,C01,138Â 304Â 124,1.0,0.0,-1.0,1638024,1.0,10,,0.0,2.0,4.0,B01,138Â 304Â 125,1.0
959765,201900001296,5,29,17:45,1,1,1,1.0,4.0,91161,AUTOROUTE A126,M,"48,7114300","2,2944700",91,2019,90.0,1.0,1.0,1.0,2145038,4.0,2,3,2,5.0,,0.0,0,2011.0,B01,138Â 304Â 125,1.0,0.0,-1.0,1638022,1.0,10,,0.0,2.0,1.0,A01,138Â 304Â 123,1.0
959765,201900001296,5,29,17:45,1,1,1,1.0,4.0,91161,AUTOROUTE A126,M,"48,7114300","2,2944700",91,2019,90.0,1.0,1.0,1.0,2145038,4.0,2,3,2,5.0,,0.0,0,2011.0,B01,138Â 304Â 125,1.0,0.0,-1.0,1638023,1.0,10,,0.0,2.0,4.0,C01,138Â 304Â 124,1.0
959765,201900001296,5,29,17:45,1,1,1,1.0,4.0,91161,AUTOROUTE A126,M,"48,7114300","2,2944700",91,2019,90.0,1.0,1.0,1.0,2145038,4.0,2,3,2,5.0,,0.0,0,2011.0,B01,138Â 304Â 125,1.0,0.0,-1.0,1638024,1.0,10,,0.0,2.0,4.0,B01,138Â 304Â 125,1.0
959765,201900001296,5,29,17:45,1,1,1,1.0,4.0,91161,AUTOROUTE A126,M,"48,7114300","2,2944700",91,2019,90.0,1.0,1.0,1.0,2145039,3.0,2,3,2,5.0,,0.0,0,2015.0,B01,138Â 304Â 125,1.0,0.0,-1.0,1638022,1.0,10,,0.0,2.0,1.0,A01,138Â 304Â 123,1.0
959765,201900001296,5,29,17:45,1,1,1,1.0,4.0,91161,AUTOROUTE A126,M,"48,7114300","2,2944700",91,2019,90.0,1.0,1.0,1.0,2145039,3.0,2,3,2,5.0,,0.0,0,2015.0,B01,138Â 304Â 125,1.0,0.0,-1.0,1638023,1.0,10,,0.0,2.0,4.0,C01,138Â 304Â 124,1.0
959765,201900001296,5,29,17:45,1,1,1,1.0,4.0,91161,AUTOROUTE A126,M,"48,7114300","2,2944700",91,2019,90.0,1.0,1.0,1.0,2145039,3.0,2,3,2,5.0,,0.0,0,2015.0,B01,138Â 304Â 125,1.0,0.0,-1.0,1638024,1.0,10,,0.0,2.0,4.0,B01,138Â 304Â 125,1.0
959765,201900001296,5,29,17:45,1,1,1,1.0,4.0,91161,AUTOROUTE A126,M,"48,7114300","2,2944700",91,2019,90.0,1.0,1.0,1.0,2145040,1.0,1,3,2,5.0,,0.0,0,1982.0,B01,138Â 304Â 125,1.0,0.0,-1.0,1638022,1.0,10,,0.0,2.0,1.0,A01,138Â 304Â 123,1.0
959765,201900001296,5,29,17:45,1,1,1,1.0,4.0,91161,AUTOROUTE A126,M,"48,7114300","2,2944700",91,2019,90.0,1.0,1.0,1.0,2145040,1.0,1,3,2,5.0,,0.0,0,1982.0,B01,138Â 304Â 125,1.0,0.0,-1.0,1638023,1.0,10,,0.0,2.0,4.0,C01,138Â 304Â 124,1.0
959765,201900001296,5,29,17:45,1,1,1,1.0,4.0,91161,AUTOROUTE A126,M,"48,7114300","2,2944700",91,2019,90.0,1.0,1.0,1.0,2145040,1.0,1,3,2,5.0,,0.0,0,1982.0,B01,138Â 304Â 125,1.0,0.0,-1.0,1638024,1.0,10,,0.0,2.0,4.0,B01,138Â 304Â 125,1.0
959766,201900001297,5,29,09:10,1,1,1,1.0,5.0,94038,AUTOROUTE A6A,M,"48,7747600","2,3460700",94,2019,90.0,1.0,1.0,1.0,2145041,1.0,1,1,1,1.0,,-1.0,0,1973.0,D01,138Â 304Â 119,1.0,0.0,-1.0,1638025,2.0,7,,0.0,2.0,4.0,D01,138Â 304Â 119,3.0
959766,201900001297,5,29,09:10,1,1,1,1.0,5.0,94038,AUTOROUTE A6A,M,"48,7747600","2,3460700",94,2019,90.0,1.0,1.0,1.0,2145041,1.0,1,1,1,1.0,,-1.0,0,1973.0,D01,138Â 304Â 119,1.0,0.0,-1.0,1638026,2.0,7,,0.0,2.0,4.0,B01,138Â 304Â 120,1.0
959766,201900001297,5,29,09:10,1,1,1,1.0,5.0,94038,AUTOROUTE A6A,M,"48,7747600","2,3460700",94,2019,90.0,1.0,1.0,1.0,2145041,1.0,1,1,1,1.0,,-1.0,0,1973.0,D01,138Â 304Â 119,1.0,0.0,-1.0,1638027,2.0,7,,0.0,2.0,4.0,C01,138Â 304Â 121,1.0
959766,201900001297,5,29,09:10,1,1,1,1.0,5.0,94038,AUTOROUTE A6A,M,"48,7747600","2,3460700",94,2019,90.0,1.0,1.0,1.0,2145041,1.0,1,1,1,1.0,,-1.0,0,1973.0,D01,138Â 304Â 119,1.0,0.0,-1.0,1638028,2.0,7,,0.0,2.0,1.0,A01,138Â 304Â 122,1.0
959766,201900001297,5,29,09:10,1,1,1,1.0,5.0,94038,AUTOROUTE A6A,M,"48,7747600","2,3460700",94,2019,90.0,1.0,1.0,1.0,2145042,3.0,2,1,2,0.0,,-1.0,0,1957.0,B01,138Â 304Â 120,1.0,0.0,-1.0,1638025,2.0,7,,0.0,2.0,4.0,D01,138Â 304Â 119,3.0
959766,201900001297,5,29,09:10,1,1,1,1.0,5.0,94038,AUTOROUTE A6A,M,"48,7747600","2,3460700",94,2019,90.0,1.0,1.0,1.0,2145042,3.0,2,1,2,0.0,,-1.0,0,1957.0,B01,138Â 304Â 120,1.0,0.0,-1.0,1638026,2.0,7,,0.0,2.0,4.0,B01,138Â 304Â 120,1.0
959766,201900001297,5,29,09:10,1,1,1,1.0,5.0,94038,AUTOROUTE A6A,M,"48,7747600","2,3460700",94,2019,90.0,1.0,1.0,1.0,2145042,3.0,2,1,2,0.0,,-1.0,0,1957.0,B01,138Â 304Â 120,1.0,0.0,-1.0,1638027,2.0,7,,0.0,2.0,4.0,C01,138Â 304Â 121,1.0
959766,201900001297,5,29,09:10,1,1,1,1.0,5.0,94038,AUTOROUTE A6A,M,"48,7747600","2,3460700",94,2019,90.0,1.0,1.0,1.0,2145042,3.0,2,1,2,0.0,,-1.0,0,1957.0,B01,138Â 304Â 120,1.0,0.0,-1.0,1638028,2.0,7,,0.0,2.0,1.0,A01,138Â 304Â 122,1.0
959766,201900001297,5,29,09:10,1,1,1,1.0,5.0,94038,AUTOROUTE A6A,M,"48,7747600","2,3460700",94,2019,90.0,1.0,1.0,1.0,2145043,4.0,2,1,1,0.0,,-1.0,0,1958.0,B01,138Â 304Â 120,1.0,0.0,-1.0,1638025,2.0,7,,0.0,2.0,4.0,D01,138Â 304Â 119,3.0
959766,201900001297,5,29,09:10,1,1,1,1.0,5.0,94038,AUTOROUTE A6A,M,"48,7747600","2,3460700",94,2019,90.0,1.0,1.0,1.0,2145043,4.0,2,1,1,0.0,,-1.0,0,1958.0,B01,138Â 304Â 120,1.0,0.0,-1.0,1638026,2.0,7,,0.0,2.0,4.0,B01,138Â 304Â 120,1.0
959766,201900001297,5,29,09:10,1,1,1,1.0,5.0,94038,AUTOROUTE A6A,M,"48,7747600","2,3460700",94,2019,90.0,1.0,1.0,1.0,2145043,4.0,2,1,1,0.0,,-1.0,0,1958.0,B01,138Â 304Â 120,1.0,0.0,-1.0,1638027,2.0,7,,0.0,2.0,4.0,C01,138Â 304Â 121,1.0