Unnamed: 0_x,num_acc,mois,jour,hrmn,lum,agg,int,atm,col,com,adr,gps,lat,long,dep,annee,vma,situ,surf,catr,Unnamed: 0_y,place,catu,grav,sexe,trajet,secu,locp,actp,an_nais,num_veh_x,id_vehicule_x,secu1,secu2,secu3,Unnamed: 0,senc,catv,occutc,obs,obsm,choc,num_veh_y,id_vehicule_y,motor
959766,201900001297,5,29,09:10,1,1,1,1.0,5.0,94038,AUTOROUTE A6A,M,"48,7747600","2,3460700",94,2019,90.0,1.0,1.0,1.0,2145043,4.0,2,1,1,0.0,,-1.0,0,1958.0,B01,138Â 304Â 120,1.0,0.0,-1.0,1638028,2.0,7,,0.0,2.0,1.0,A01,138Â 304Â 122,1.0
959766,201900001297,5,29,09:10,1,1,1,1.0,5.0,94038,AUTOROUTE A6A,M,"48,7747600","2,3460700",94,2019,90.0,1.0,1.0,1.0,2145044,1.0,1,1,1,4.0,,-1.0,0,1978.0,B01,138Â 304Â 120,1.0,0.0,-1.0,1638025,2.0,7,,0.0,2.0,4.0,D01,138Â 304Â 119,3.0
959766,201900001297,5,29,09:10,1,1,1,1.0,5.0,94038,AUTOROUTE A6A,M,"48,7747600","2,3460700",94,2019,90.0,1.0,1.0,1.0,2145044,1.0,1,1,1,4.0,,-1.0,0,1978.0,B01,138Â 304Â 120,1.0,0.0,-1.0,1638026,2.0,7,,0.0,2.0,4.0,B01,138Â 304Â 120,1.0
959766,201900001297,5,29,09:10,1,1,1,1.0,5.0,94038,AUTOROUTE A6A,M,"48,7747600","2,3460700",94,2019,90.0,1.0,1.0,1.0,2145044,1.0,1,1,1,4.0,,-1.0,0,1978.0,B01,138Â 304Â 120,1.0,0.0,-1.0,1638027,2.0,7,,0.0,2.0,4.0,C01,138Â 304Â 121,1.0
959766,201900001297,5,29,09:10,1,1,1,1.0,5.0,94038,AUTOROUTE A6A,M,"48,7747600","2,3460700",94,2019,90.0,1.0,1.0,1.0,2145044,1.0,1,1,1,4.0,,-1.0,0,1978.0,B01,138Â 304Â 120,1.0,0.0,-1.0,1638028,2.0,7,,0.0,2.0,1.0,A01,138Â 304Â 122,1.0
959766,201900001297,5,29,09:10,1,1,1,1.0,5.0,94038,AUTOROUTE A6A,M,"48,7747600","2,3460700",94,2019,90.0,1.0,1.0,1.0,2145045,4.0,2,4,1,0.0,,-1.0,0,2010.0,C01,138Â 304Â 121,1.0,8.0,-1.0,1638025,2.0,7,,0.0,2.0,4.0,D01,138Â 304Â 119,3.0
959766,201900001297,5,29,09:10,1,1,1,1.0,5.0,94038,AUTOROUTE A6A,M,"48,7747600","2,3460700",94,2019,90.0,1.0,1.0,1.0,2145045,4.0,2,4,1,0.0,,-1.0,0,2010.0,C01,138Â 304Â 121,1.0,8.0,-1.0,1638026,2.0,7,,0.0,2.0,4.0,B01,138Â 304Â 120,1.0
959766,201900001297,5,29,09:10,1,1,1,1.0,5.0,94038,AUTOROUTE A6A,M,"48,7747600","2,3460700",94,2019,90.0,1.0,1.0,1.0,2145045,4.0,2,4,1,0.0,,-1.0,0,2010.0,C01,138Â 304Â 121,1.0,8.0,-1.0,1638027,2.0,7,,0.0,2.0,4.0,C01,138Â 304Â 121,1.0
959766,201900001297,5,29,09:10,1,1,1,1.0,5.0,94038,AUTOROUTE A6A,M,"48,7747600","2,3460700",94,2019,90.0,1.0,1.0,1.0,2145045,4.0,2,4,1,0.0,,-1.0,0,2010.0,C01,138Â 304Â 121,1.0,8.0,-1.0,1638028,2.0,7,,0.0,2.0,1.0,A01,138Â 304Â 122,1.0
959766,201900001297,5,29,09:10,1,1,1,1.0,5.0,94038,AUTOROUTE A6A,M,"48,7747600","2,3460700",94,2019,90.0,1.0,1.0,1.0,2145046,1.0,1,1,2,0.0,,-1.0,0,1983.0,C01,138Â 304Â 121,1.0,8.0,-1.0,1638025,2.0,7,,0.0,2.0,4.0,D01,138Â 304Â 119,3.0
959766,201900001297,5,29,09:10,1,1,1,1.0,5.0,94038,AUTOROUTE A6A,M,"48,7747600","2,3460700",94,2019,90.0,1.0,1.0,1.0,2145046,1.0,1,1,2,0.0,,-1.0,0,1983.0,C01,138Â 304Â 121,1.0,8.0,-1.0,1638026,2.0,7,,0.0,2.0,4.0,B01,138Â 304Â 120,1.0
959766,201900001297,5,29,09:10,1,1,1,1.0,5.0,94038,AUTOROUTE A6A,M,"48,7747600","2,3460700",94,2019,90.0,1.0,1.0,1.0,2145046,1.0,1,1,2,0.0,,-1.0,0,1983.0,C01,138Â 304Â 121,1.0,8.0,-1.0,1638027,2.0,7,,0.0,2.0,4.0,C01,138Â 304Â 121,1.0
959766,201900001297,5,29,09:10,1,1,1,1.0,5.0,94038,AUTOROUTE A6A,M,"48,7747600","2,3460700",94,2019,90.0,1.0,1.0,1.0,2145046,1.0,1,1,2,0.0,,-1.0,0,1983.0,C01,138Â 304Â 121,1.0,8.0,-1.0,1638028,2.0,7,,0.0,2.0,1.0,A01,138Â 304Â 122,1.0
959766,201900001297,5,29,09:10,1,1,1,1.0,5.0,94038,AUTOROUTE A6A,M,"48,7747600","2,3460700",94,2019,90.0,1.0,1.0,1.0,2145047,1.0,1,1,1,1.0,,-1.0,0,1983.0,A01,138Â 304Â 122,1.0,8.0,-1.0,1638025,2.0,7,,0.0,2.0,4.0,D01,138Â 304Â 119,3.0
959766,201900001297,5,29,09:10,1,1,1,1.0,5.0,94038,AUTOROUTE A6A,M,"48,7747600","2,3460700",94,2019,90.0,1.0,1.0,1.0,2145047,1.0,1,1,1,1.0,,-1.0,0,1983.0,A01,138Â 304Â 122,1.0,8.0,-1.0,1638026,2.0,7,,0.0,2.0,4.0,B01,138Â 304Â 120,1.0
959766,201900001297,5,29,09:10,1,1,1,1.0,5.0,94038,AUTOROUTE A6A,M,"48,7747600","2,3460700",94,2019,90.0,1.0,1.0,1.0,2145047,1.0,1,1,1,1.0,,-1.0,0,1983.0,A01,138Â 304Â 122,1.0,8.0,-1.0,1638027,2.0,7,,0.0,2.0,4.0,C01,138Â 304Â 121,1.0
959766,201900001297,5,29,09:10,1,1,1,1.0,5.0,94038,AUTOROUTE A6A,M,"48,7747600","2,3460700",94,2019,90.0,1.0,1.0,1.0,2145047,1.0,1,1,1,1.0,,-1.0,0,1983.0,A01,138Â 304Â 122,1.0,8.0,-1.0,1638028,2.0,7,,0.0,2.0,1.0,A01,138Â 304Â 122,1.0
959766,201900001297,5,29,09:10,1,1,1,1.0,5.0,94038,AUTOROUTE A6A,M,"48,7747600","2,3460700",94,2019,90.0,1.0,1.0,1.0,2145048,2.0,2,1,1,1.0,,-1.0,0,1997.0,A01,138Â 304Â 122,1.0,8.0,-1.0,1638025,2.0,7,,0.0,2.0,4.0,D01,138Â 304Â 119,3.0
959766,201900001297,5,29,09:10,1,1,1,1.0,5.0,94038,AUTOROUTE A6A,M,"48,7747600","2,3460700",94,2019,90.0,1.0,1.0,1.0,2145048,2.0,2,1,1,1.0,,-1.0,0,1997.0,A01,138Â 304Â 122,1.0,8.0,-1.0,1638026,2.0,7,,0.0,2.0,4.0,B01,138Â 304Â 120,1.0
959766,201900001297,5,29,09:10,1,1,1,1.0,5.0,94038,AUTOROUTE A6A,M,"48,7747600","2,3460700",94,2019,90.0,1.0,1.0,1.0,2145048,2.0,2,1,1,1.0,,-1.0,0,1997.0,A01,138Â 304Â 122,1.0,8.0,-1.0,1638027,2.0,7,,0.0,2.0,4.0,C01,138Â 304Â 121,1.0
959766,201900001297,5,29,09:10,1,1,1,1.0,5.0,94038,AUTOROUTE A6A,M,"48,7747600","2,3460700",94,2019,90.0,1.0,1.0,1.0,2145048,2.0,2,1,1,1.0,,-1.0,0,1997.0,A01,138Â 304Â 122,1.0,8.0,-1.0,1638028,2.0,7,,0.0,2.0,1.0,A01,138Â 304Â 122,1.0
959767,201900001298,5,29,06:50,1,1,1,1.0,3.0,91589,AUTOROUTE A6,M,"48,6699340","2,3492930",91,2019,110.0,1.0,1.0,1.0,2145049,1.0,1,1,1,1.0,,0.0,0,1972.0,A01,138Â 304Â 117,1.0,8.0,-1.0,1638029,2.0,7,,0.0,2.0,7.0,A01,138Â 304Â 117,1.0
959767,201900001298,5,29,06:50,1,1,1,1.0,3.0,91589,AUTOROUTE A6,M,"48,6699340","2,3492930",91,2019,110.0,1.0,1.0,1.0,2145049,1.0,1,1,1,1.0,,0.0,0,1972.0,A01,138Â 304Â 117,1.0,8.0,-1.0,1638030,2.0,31,,0.0,2.0,8.0,B01,138Â 304Â 118,1.0
959767,201900001298,5,29,06:50,1,1,1,1.0,3.0,91589,AUTOROUTE A6,M,"48,6699340","2,3492930",91,2019,110.0,1.0,1.0,1.0,2145050,1.0,1,4,1,1.0,,0.0,0,1971.0,B01,138Â 304Â 118,2.0,0.0,-1.0,1638029,2.0,7,,0.0,2.0,7.0,A01,138Â 304Â 117,1.0
959767,201900001298,5,29,06:50,1,1,1,1.0,3.0,91589,AUTOROUTE A6,M,"48,6699340","2,3492930",91,2019,110.0,1.0,1.0,1.0,2145050,1.0,1,4,1,1.0,,0.0,0,1971.0,B01,138Â 304Â 118,2.0,0.0,-1.0,1638030,2.0,31,,0.0,2.0,8.0,B01,138Â 304Â 118,1.0
959768,201900001299,5,28,16:50,1,1,1,8.0,3.0,91432,AUTOROUTE A6,M,"48,6909400","2,3227900",91,2019,110.0,1.0,1.0,1.0,2145051,1.0,1,4,2,1.0,,0.0,0,1993.0,B01,138Â 304Â 115,2.0,6.0,-1.0,1638031,2.0,33,,0.0,2.0,8.0,B01,138Â 304Â 115,1.0
959768,201900001299,5,28,16:50,1,1,1,8.0,3.0,91432,AUTOROUTE A6,M,"48,6909400","2,3227900",91,2019,110.0,1.0,1.0,1.0,2145051,1.0,1,4,2,1.0,,0.0,0,1993.0,B01,138Â 304Â 115,2.0,6.0,-1.0,1638032,2.0,7,,0.0,2.0,7.0,A01,138Â 304Â 116,1.0
959768,201900001299,5,28,16:50,1,1,1,8.0,3.0,91432,AUTOROUTE A6,M,"48,6909400","2,3227900",91,2019,110.0,1.0,1.0,1.0,2145052,1.0,1,1,1,1.0,,0.0,0,1987.0,A01,138Â 304Â 116,1.0,0.0,-1.0,1638031,2.0,33,,0.0,2.0,8.0,B01,138Â 304Â 115,1.0
959768,201900001299,5,28,16:50,1,1,1,8.0,3.0,91432,AUTOROUTE A6,M,"48,6909400","2,3227900",91,2019,110.0,1.0,1.0,1.0,2145052,1.0,1,1,1,1.0,,0.0,0,1987.0,A01,138Â 304Â 116,1.0,0.0,-1.0,1638032,2.0,7,,0.0,2.0,7.0,A01,138Â 304Â 116,1.0
959769,201900001300,5,28,15:00,1,1,1,1.0,5.0,91689,AUTOROUTE A6B,M,"48,7427700","2,3210400",91,2019,90.0,1.0,1.0,1.0,2145053,1.0,1,1,1,9.0,,0.0,0,1977.0,A01,138Â 304Â 112,1.0,8.0,-1.0,1638033,1.0,7,,0.0,2.0,7.0,A01,138Â 304Â 112,1.0
959769,201900001300,5,28,15:00,1,1,1,1.0,5.0,91689,AUTOROUTE A6B,M,"48,7427700","2,3210400",91,2019,90.0,1.0,1.0,1.0,2145053,1.0,1,1,1,9.0,,0.0,0,1977.0,A01,138Â 304Â 112,1.0,8.0,-1.0,1638034,1.0,33,,0.0,2.0,2.0,C01,138Â 304Â 113,1.0
959769,201900001300,5,28,15:00,1,1,1,1.0,5.0,91689,AUTOROUTE A6B,M,"48,7427700","2,3210400",91,2019,90.0,1.0,1.0,1.0,2145053,1.0,1,1,1,9.0,,0.0,0,1977.0,A01,138Â 304Â 112,1.0,8.0,-1.0,1638035,1.0,17,,0.0,2.0,6.0,B01,138Â 304Â 114,1.0
959769,201900001300,5,28,15:00,1,1,1,1.0,5.0,91689,AUTOROUTE A6B,M,"48,7427700","2,3210400",91,2019,90.0,1.0,1.0,1.0,2145054,1.0,1,4,1,0.0,,0.0,0,1992.0,C01,138Â 304Â 113,2.0,6.0,-1.0,1638033,1.0,7,,0.0,2.0,7.0,A01,138Â 304Â 112,1.0
959769,201900001300,5,28,15:00,1,1,1,1.0,5.0,91689,AUTOROUTE A6B,M,"48,7427700","2,3210400",91,2019,90.0,1.0,1.0,1.0,2145054,1.0,1,4,1,0.0,,0.0,0,1992.0,C01,138Â 304Â 113,2.0,6.0,-1.0,1638034,1.0,33,,0.0,2.0,2.0,C01,138Â 304Â 113,1.0
959769,201900001300,5,28,15:00,1,1,1,1.0,5.0,91689,AUTOROUTE A6B,M,"48,7427700","2,3210400",91,2019,90.0,1.0,1.0,1.0,2145054,1.0,1,4,1,0.0,,0.0,0,1992.0,C01,138Â 304Â 113,2.0,6.0,-1.0,1638035,1.0,17,,0.0,2.0,6.0,B01,138Â 304Â 114,1.0
959769,201900001300,5,28,15:00,1,1,1,1.0,5.0,91689,AUTOROUTE A6B,M,"48,7427700","2,3210400",91,2019,90.0,1.0,1.0,1.0,2145055,1.0,1,1,1,4.0,,0.0,0,1963.0,B01,138Â 304Â 114,1.0,0.0,-1.0,1638033,1.0,7,,0.0,2.0,7.0,A01,138Â 304Â 112,1.0
959769,201900001300,5,28,15:00,1,1,1,1.0,5.0,91689,AUTOROUTE A6B,M,"48,7427700","2,3210400",91,2019,90.0,1.0,1.0,1.0,2145055,1.0,1,1,1,4.0,,0.0,0,1963.0,B01,138Â 304Â 114,1.0,0.0,-1.0,1638034,1.0,33,,0.0,2.0,2.0,C01,138Â 304Â 113,1.0
959769,201900001300,5,28,15:00,1,1,1,1.0,5.0,91689,AUTOROUTE A6B,M,"48,7427700","2,3210400",91,2019,90.0,1.0,1.0,1.0,2145055,1.0,1,1,1,4.0,,0.0,0,1963.0,B01,138Â 304Â 114,1.0,0.0,-1.0,1638035,1.0,17,,0.0,2.0,6.0,B01,138Â 304Â 114,1.0
959770,201900001301,5,28,14:35,1,1,1,2.0,5.0,92002,A6,M,"48,7345200","2,3161800",92,2019,110.0,1.0,1.0,1.0,2145056,1.0,1,1,1,5.0,,-1.0,0,1954.0,C01,138Â 304Â 109,1.0,0.0,-1.0,1638036,1.0,7,,0.0,2.0,5.0,C01,138Â 304Â 109,1.0
959770,201900001301,5,28,14:35,1,1,1,2.0,5.0,92002,A6,M,"48,7345200","2,3161800",92,2019,110.0,1.0,1.0,1.0,2145056,1.0,1,1,1,5.0,,-1.0,0,1954.0,C01,138Â 304Â 109,1.0,0.0,-1.0,1638037,1.0,33,,0.0,2.0,3.0,B01,138Â 304Â 110,1.0
959770,201900001301,5,28,14:35,1,1,1,2.0,5.0,92002,A6,M,"48,7345200","2,3161800",92,2019,110.0,1.0,1.0,1.0,2145056,1.0,1,1,1,5.0,,-1.0,0,1954.0,C01,138Â 304Â 109,1.0,0.0,-1.0,1638038,1.0,7,,0.0,2.0,3.0,A01,138Â 304Â 111,1.0
959770,201900001301,5,28,14:35,1,1,1,2.0,5.0,92002,A6,M,"48,7345200","2,3161800",92,2019,110.0,1.0,1.0,1.0,2145057,1.0,1,4,1,5.0,,-1.0,0,1956.0,B01,138Â 304Â 110,2.0,6.0,-1.0,1638036,1.0,7,,0.0,2.0,5.0,C01,138Â 304Â 109,1.0
959770,201900001301,5,28,14:35,1,1,1,2.0,5.0,92002,A6,M,"48,7345200","2,3161800",92,2019,110.0,1.0,1.0,1.0,2145057,1.0,1,4,1,5.0,,-1.0,0,1956.0,B01,138Â 304Â 110,2.0,6.0,-1.0,1638037,1.0,33,,0.0,2.0,3.0,B01,138Â 304Â 110,1.0
959770,201900001301,5,28,14:35,1,1,1,2.0,5.0,92002,A6,M,"48,7345200","2,3161800",92,2019,110.0,1.0,1.0,1.0,2145057,1.0,1,4,1,5.0,,-1.0,0,1956.0,B01,138Â 304Â 110,2.0,6.0,-1.0,1638038,1.0,7,,0.0,2.0,3.0,A01,138Â 304Â 111,1.0
959770,201900001301,5,28,14:35,1,1,1,2.0,5.0,92002,A6,M,"48,7345200","2,3161800",92,2019,110.0,1.0,1.0,1.0,2145058,1.0,1,1,1,1.0,,-1.0,0,1968.0,A01,138Â 304Â 111,1.0,8.0,-1.0,1638036,1.0,7,,0.0,2.0,5.0,C01,138Â 304Â 109,1.0
959770,201900001301,5,28,14:35,1,1,1,2.0,5.0,92002,A6,M,"48,7345200","2,3161800",92,2019,110.0,1.0,1.0,1.0,2145058,1.0,1,1,1,1.0,,-1.0,0,1968.0,A01,138Â 304Â 111,1.0,8.0,-1.0,1638037,1.0,33,,0.0,2.0,3.0,B01,138Â 304Â 110,1.0
959770,201900001301,5,28,14:35,1,1,1,2.0,5.0,92002,A6,M,"48,7345200","2,3161800",92,2019,110.0,1.0,1.0,1.0,2145058,1.0,1,1,1,1.0,,-1.0,0,1968.0,A01,138Â 304Â 111,1.0,8.0,-1.0,1638038,1.0,7,,0.0,2.0,3.0,A01,138Â 304Â 111,1.0
959771,201900001302,5,28,01:30,3,1,1,1.0,2.0,91659,AUTOROUTE A6,M,"48,5886100","2,4485200",91,2019,130.0,1.0,1.0,1.0,2145059,1.0,1,1,1,4.0,,0.0,0,1972.0,B01,138Â 304Â 107,1.0,8.0,-1.0,1638039,2.0,15,,0.0,2.0,1.0,B01,138Â 304Â 107,1.0
959771,201900001302,5,28,01:30,3,1,1,1.0,2.0,91659,AUTOROUTE A6,M,"48,5886100","2,4485200",91,2019,130.0,1.0,1.0,1.0,2145059,1.0,1,1,1,4.0,,0.0,0,1972.0,B01,138Â 304Â 107,1.0,8.0,-1.0,1638040,2.0,7,,0.0,2.0,4.0,A01,138Â 304Â 108,1.0
959771,201900001302,5,28,01:30,3,1,1,1.0,2.0,91659,AUTOROUTE A6,M,"48,5886100","2,4485200",91,2019,130.0,1.0,1.0,1.0,2145060,1.0,1,4,1,0.0,,0.0,0,1976.0,A01,138Â 304Â 108,1.0,8.0,-1.0,1638039,2.0,15,,0.0,2.0,1.0,B01,138Â 304Â 107,1.0
959771,201900001302,5,28,01:30,3,1,1,1.0,2.0,91659,AUTOROUTE A6,M,"48,5886100","2,4485200",91,2019,130.0,1.0,1.0,1.0,2145060,1.0,1,4,1,0.0,,0.0,0,1976.0,A01,138Â 304Â 108,1.0,8.0,-1.0,1638040,2.0,7,,0.0,2.0,4.0,A01,138Â 304Â 108,1.0
959772,201900001303,5,26,12:00,1,1,1,1.0,5.0,91689,AUTOROUTE A6B,M,"48,7492000","2,3284000",91,2019,90.0,3.0,1.0,1.0,2145061,1.0,1,1,1,0.0,,0.0,0,1983.0,D01,138Â 304Â 103,1.0,0.0,-1.0,1638041,2.0,7,,0.0,2.0,0.0,D01,138Â 304Â 103,0.0
959772,201900001303,5,26,12:00,1,1,1,1.0,5.0,91689,AUTOROUTE A6B,M,"48,7492000","2,3284000",91,2019,90.0,3.0,1.0,1.0,2145061,1.0,1,1,1,0.0,,0.0,0,1983.0,D01,138Â 304Â 103,1.0,0.0,-1.0,1638042,2.0,7,,0.0,2.0,0.0,B01,138Â 304Â 104,0.0
959772,201900001303,5,26,12:00,1,1,1,1.0,5.0,91689,AUTOROUTE A6B,M,"48,7492000","2,3284000",91,2019,90.0,3.0,1.0,1.0,2145061,1.0,1,1,1,0.0,,0.0,0,1983.0,D01,138Â 304Â 103,1.0,0.0,-1.0,1638043,2.0,7,,0.0,2.0,0.0,C01,138Â 304Â 105,0.0
959772,201900001303,5,26,12:00,1,1,1,1.0,5.0,91689,AUTOROUTE A6B,M,"48,7492000","2,3284000",91,2019,90.0,3.0,1.0,1.0,2145061,1.0,1,1,1,0.0,,0.0,0,1983.0,D01,138Â 304Â 103,1.0,0.0,-1.0,1638044,2.0,7,,0.0,2.0,1.0,A01,138Â 304Â 106,0.0
959772,201900001303,5,26,12:00,1,1,1,1.0,5.0,91689,AUTOROUTE A6B,M,"48,7492000","2,3284000",91,2019,90.0,3.0,1.0,1.0,2145062,1.0,1,1,1,0.0,,0.0,0,1975.0,B01,138Â 304Â 104,1.0,0.0,-1.0,1638041,2.0,7,,0.0,2.0,0.0,D01,138Â 304Â 103,0.0
959772,201900001303,5,26,12:00,1,1,1,1.0,5.0,91689,AUTOROUTE A6B,M,"48,7492000","2,3284000",91,2019,90.0,3.0,1.0,1.0,2145062,1.0,1,1,1,0.0,,0.0,0,1975.0,B01,138Â 304Â 104,1.0,0.0,-1.0,1638042,2.0,7,,0.0,2.0,0.0,B01,138Â 304Â 104,0.0
959772,201900001303,5,26,12:00,1,1,1,1.0,5.0,91689,AUTOROUTE A6B,M,"48,7492000","2,3284000",91,2019,90.0,3.0,1.0,1.0,2145062,1.0,1,1,1,0.0,,0.0,0,1975.0,B01,138Â 304Â 104,1.0,0.0,-1.0,1638043,2.0,7,,0.0,2.0,0.0,C01,138Â 304Â 105,0.0
959772,201900001303,5,26,12:00,1,1,1,1.0,5.0,91689,AUTOROUTE A6B,M,"48,7492000","2,3284000",91,2019,90.0,3.0,1.0,1.0,2145062,1.0,1,1,1,0.0,,0.0,0,1975.0,B01,138Â 304Â 104,1.0,0.0,-1.0,1638044,2.0,7,,0.0,2.0,1.0,A01,138Â 304Â 106,0.0
959772,201900001303,5,26,12:00,1,1,1,1.0,5.0,91689,AUTOROUTE A6B,M,"48,7492000","2,3284000",91,2019,90.0,3.0,1.0,1.0,2145063,2.0,2,4,2,0.0,,0.0,0,1972.0,B01,138Â 304Â 104,1.0,0.0,-1.0,1638041,2.0,7,,0.0,2.0,0.0,D01,138Â 304Â 103,0.0
959772,201900001303,5,26,12:00,1,1,1,1.0,5.0,91689,AUTOROUTE A6B,M,"48,7492000","2,3284000",91,2019,90.0,3.0,1.0,1.0,2145063,2.0,2,4,2,0.0,,0.0,0,1972.0,B01,138Â 304Â 104,1.0,0.0,-1.0,1638042,2.0,7,,0.0,2.0,0.0,B01,138Â 304Â 104,0.0
959772,201900001303,5,26,12:00,1,1,1,1.0,5.0,91689,AUTOROUTE A6B,M,"48,7492000","2,3284000",91,2019,90.0,3.0,1.0,1.0,2145063,2.0,2,4,2,0.0,,0.0,0,1972.0,B01,138Â 304Â 104,1.0,0.0,-1.0,1638043,2.0,7,,0.0,2.0,0.0,C01,138Â 304Â 105,0.0
959772,201900001303,5,26,12:00,1,1,1,1.0,5.0,91689,AUTOROUTE A6B,M,"48,7492000","2,3284000",91,2019,90.0,3.0,1.0,1.0,2145063,2.0,2,4,2,0.0,,0.0,0,1972.0,B01,138Â 304Â 104,1.0,0.0,-1.0,1638044,2.0,7,,0.0,2.0,1.0,A01,138Â 304Â 106,0.0
959772,201900001303,5,26,12:00,1,1,1,1.0,5.0,91689,AUTOROUTE A6B,M,"48,7492000","2,3284000",91,2019,90.0,3.0,1.0,1.0,2145064,1.0,1,1,1,0.0,,0.0,0,1968.0,C01,138Â 304Â 105,1.0,0.0,-1.0,1638041,2.0,7,,0.0,2.0,0.0,D01,138Â 304Â 103,0.0
959772,201900001303,5,26,12:00,1,1,1,1.0,5.0,91689,AUTOROUTE A6B,M,"48,7492000","2,3284000",91,2019,90.0,3.0,1.0,1.0,2145064,1.0,1,1,1,0.0,,0.0,0,1968.0,C01,138Â 304Â 105,1.0,0.0,-1.0,1638042,2.0,7,,0.0,2.0,0.0,B01,138Â 304Â 104,0.0
959772,201900001303,5,26,12:00,1,1,1,1.0,5.0,91689,AUTOROUTE A6B,M,"48,7492000","2,3284000",91,2019,90.0,3.0,1.0,1.0,2145064,1.0,1,1,1,0.0,,0.0,0,1968.0,C01,138Â 304Â 105,1.0,0.0,-1.0,1638043,2.0,7,,0.0,2.0,0.0,C01,138Â 304Â 105,0.0
959772,201900001303,5,26,12:00,1,1,1,1.0,5.0,91689,AUTOROUTE A6B,M,"48,7492000","2,3284000",91,2019,90.0,3.0,1.0,1.0,2145064,1.0,1,1,1,0.0,,0.0,0,1968.0,C01,138Â 304Â 105,1.0,0.0,-1.0,1638044,2.0,7,,0.0,2.0,1.0,A01,138Â 304Â 106,0.0
959772,201900001303,5,26,12:00,1,1,1,1.0,5.0,91689,AUTOROUTE A6B,M,"48,7492000","2,3284000",91,2019,90.0,3.0,1.0,1.0,2145065,1.0,1,1,2,0.0,,0.0,0,1963.0,A01,138Â 304Â 106,1.0,0.0,-1.0,1638041,2.0,7,,0.0,2.0,0.0,D01,138Â 304Â 103,0.0
959772,201900001303,5,26,12:00,1,1,1,1.0,5.0,91689,AUTOROUTE A6B,M,"48,7492000","2,3284000",91,2019,90.0,3.0,1.0,1.0,2145065,1.0,1,1,2,0.0,,0.0,0,1963.0,A01,138Â 304Â 106,1.0,0.0,-1.0,1638042,2.0,7,,0.0,2.0,0.0,B01,138Â 304Â 104,0.0
959772,201900001303,5,26,12:00,1,1,1,1.0,5.0,91689,AUTOROUTE A6B,M,"48,7492000","2,3284000",91,2019,90.0,3.0,1.0,1.0,2145065,1.0,1,1,2,0.0,,0.0,0,1963.0,A01,138Â 304Â 106,1.0,0.0,-1.0,1638043,2.0,7,,0.0,2.0,0.0,C01,138Â 304Â 105,0.0
959772,201900001303,5,26,12:00,1,1,1,1.0,5.0,91689,AUTOROUTE A6B,M,"48,7492000","2,3284000",91,2019,90.0,3.0,1.0,1.0,2145065,1.0,1,1,2,0.0,,0.0,0,1963.0,A01,138Â 304Â 106,1.0,0.0,-1.0,1638044,2.0,7,,0.0,2.0,1.0,A01,138Â 304Â 106,0.0
959773,201900001304,5,26,06:30,1,1,1,1.0,2.0,91286,AUTOROUTE A6,M,"48,6553200","2,3793500",91,2019,70.0,3.0,1.0,1.0,2145066,3.0,2,4,2,0.0,,0.0,0,1955.0,A01,138Â 304Â 101,1.0,0.0,-1.0,1638045,2.0,7,,1.0,0.0,1.0,A01,138Â 304Â 101,1.0
959773,201900001304,5,26,06:30,1,1,1,1.0,2.0,91286,AUTOROUTE A6,M,"48,6553200","2,3793500",91,2019,70.0,3.0,1.0,1.0,2145066,3.0,2,4,2,0.0,,0.0,0,1955.0,A01,138Â 304Â 101,1.0,0.0,-1.0,1638046,2.0,7,,0.0,2.0,4.0,B01,138Â 304Â 102,1.0
959773,201900001304,5,26,06:30,1,1,1,1.0,2.0,91286,AUTOROUTE A6,M,"48,6553200","2,3793500",91,2019,70.0,3.0,1.0,1.0,2145067,2.0,2,4,1,0.0,,0.0,0,1953.0,A01,138Â 304Â 101,1.0,0.0,-1.0,1638045,2.0,7,,1.0,0.0,1.0,A01,138Â 304Â 101,1.0
959773,201900001304,5,26,06:30,1,1,1,1.0,2.0,91286,AUTOROUTE A6,M,"48,6553200","2,3793500",91,2019,70.0,3.0,1.0,1.0,2145067,2.0,2,4,1,0.0,,0.0,0,1953.0,A01,138Â 304Â 101,1.0,0.0,-1.0,1638046,2.0,7,,0.0,2.0,4.0,B01,138Â 304Â 102,1.0
959773,201900001304,5,26,06:30,1,1,1,1.0,2.0,91286,AUTOROUTE A6,M,"48,6553200","2,3793500",91,2019,70.0,3.0,1.0,1.0,2145068,1.0,1,1,2,0.0,,0.0,0,1983.0,A01,138Â 304Â 101,1.0,0.0,-1.0,1638045,2.0,7,,1.0,0.0,1.0,A01,138Â 304Â 101,1.0
959773,201900001304,5,26,06:30,1,1,1,1.0,2.0,91286,AUTOROUTE A6,M,"48,6553200","2,3793500",91,2019,70.0,3.0,1.0,1.0,2145068,1.0,1,1,2,0.0,,0.0,0,1983.0,A01,138Â 304Â 101,1.0,0.0,-1.0,1638046,2.0,7,,0.0,2.0,4.0,B01,138Â 304Â 102,1.0
959773,201900001304,5,26,06:30,1,1,1,1.0,2.0,91286,AUTOROUTE A6,M,"48,6553200","2,3793500",91,2019,70.0,3.0,1.0,1.0,2145069,4.0,2,4,1,0.0,,0.0,0,1954.0,A01,138Â 304Â 101,1.0,0.0,-1.0,1638045,2.0,7,,1.0,0.0,1.0,A01,138Â 304Â 101,1.0
959773,201900001304,5,26,06:30,1,1,1,1.0,2.0,91286,AUTOROUTE A6,M,"48,6553200","2,3793500",91,2019,70.0,3.0,1.0,1.0,2145069,4.0,2,4,1,0.0,,0.0,0,1954.0,A01,138Â 304Â 101,1.0,0.0,-1.0,1638046,2.0,7,,0.0,2.0,4.0,B01,138Â 304Â 102,1.0
959773,201900001304,5,26,06:30,1,1,1,1.0,2.0,91286,AUTOROUTE A6,M,"48,6553200","2,3793500",91,2019,70.0,3.0,1.0,1.0,2145070,5.0,2,4,1,0.0,,0.0,0,1959.0,A01,138Â 304Â 101,1.0,0.0,-1.0,1638045,2.0,7,,1.0,0.0,1.0,A01,138Â 304Â 101,1.0