Unnamed: 0_x,num_acc,mois,jour,hrmn,lum,agg,int,atm,col,com,adr,gps,lat,long,dep,annee,vma,situ,surf,catr,Unnamed: 0_y,place,catu,grav,sexe,trajet,secu,locp,actp,an_nais,num_veh_x,id_vehicule_x,secu1,secu2,secu3,Unnamed: 0,senc,catv,occutc,obs,obsm,choc,num_veh_y,id_vehicule_y,motor
959773,201900001304,5,26,06:30,1,1,1,1.0,2.0,91286,AUTOROUTE A6,M,"48,6553200","2,3793500",91,2019,70.0,3.0,1.0,1.0,2145070,5.0,2,4,1,0.0,,0.0,0,1959.0,A01,138Â 304Â 101,1.0,0.0,-1.0,1638046,2.0,7,,0.0,2.0,4.0,B01,138Â 304Â 102,1.0
959773,201900001304,5,26,06:30,1,1,1,1.0,2.0,91286,AUTOROUTE A6,M,"48,6553200","2,3793500",91,2019,70.0,3.0,1.0,1.0,2145071,1.0,1,4,1,5.0,,0.0,0,1970.0,B01,138Â 304Â 102,1.0,0.0,-1.0,1638045,2.0,7,,1.0,0.0,1.0,A01,138Â 304Â 101,1.0
959773,201900001304,5,26,06:30,1,1,1,1.0,2.0,91286,AUTOROUTE A6,M,"48,6553200","2,3793500",91,2019,70.0,3.0,1.0,1.0,2145071,1.0,1,4,1,5.0,,0.0,0,1970.0,B01,138Â 304Â 102,1.0,0.0,-1.0,1638046,2.0,7,,0.0,2.0,4.0,B01,138Â 304Â 102,1.0
959774,201900001305,5,26,01:28,3,1,1,1.0,1.0,91661,AUTOROUTE A10,M,"48,7033400","2,2487200",91,2019,130.0,3.0,1.0,1.0,2145072,1.0,1,4,1,5.0,,-1.0,0,1966.0,B01,138Â 304Â 099,8.0,0.0,-1.0,1638047,1.0,7,,0.0,2.0,1.0,B01,138Â 304Â 099,1.0
959774,201900001305,5,26,01:28,3,1,1,1.0,1.0,91661,AUTOROUTE A10,M,"48,7033400","2,2487200",91,2019,130.0,3.0,1.0,1.0,2145072,1.0,1,4,1,5.0,,-1.0,0,1966.0,B01,138Â 304Â 099,8.0,0.0,-1.0,1638048,2.0,7,,0.0,2.0,1.0,A01,138Â 304Â 100,1.0
959774,201900001305,5,26,01:28,3,1,1,1.0,1.0,91661,AUTOROUTE A10,M,"48,7033400","2,2487200",91,2019,130.0,3.0,1.0,1.0,2145073,1.0,1,2,1,5.0,,0.0,0,1995.0,A01,138Â 304Â 100,8.0,0.0,-1.0,1638047,1.0,7,,0.0,2.0,1.0,B01,138Â 304Â 099,1.0
959774,201900001305,5,26,01:28,3,1,1,1.0,1.0,91661,AUTOROUTE A10,M,"48,7033400","2,2487200",91,2019,130.0,3.0,1.0,1.0,2145073,1.0,1,2,1,5.0,,0.0,0,1995.0,A01,138Â 304Â 100,8.0,0.0,-1.0,1638048,2.0,7,,0.0,2.0,1.0,A01,138Â 304Â 100,1.0
959775,201900001306,5,25,13:15,1,1,1,1.0,3.0,94065,AUTOROUTE A86,M,"48,7652500","2,3444600",94,2019,70.0,1.0,1.0,1.0,2145074,2.0,2,3,2,5.0,,-1.0,0,1983.0,A01,138Â 304Â 097,1.0,0.0,-1.0,1638049,1.0,10,,0.0,2.0,8.0,A01,138Â 304Â 097,1.0
959775,201900001306,5,25,13:15,1,1,1,1.0,3.0,94065,AUTOROUTE A86,M,"48,7652500","2,3444600",94,2019,70.0,1.0,1.0,1.0,2145074,2.0,2,3,2,5.0,,-1.0,0,1983.0,A01,138Â 304Â 097,1.0,0.0,-1.0,1638050,1.0,15,,0.0,2.0,2.0,B01,138Â 304Â 098,1.0
959775,201900001306,5,25,13:15,1,1,1,1.0,3.0,94065,AUTOROUTE A86,M,"48,7652500","2,3444600",94,2019,70.0,1.0,1.0,1.0,2145075,3.0,2,1,2,5.0,,-1.0,0,2017.0,A01,138Â 304Â 097,1.0,0.0,-1.0,1638049,1.0,10,,0.0,2.0,8.0,A01,138Â 304Â 097,1.0
959775,201900001306,5,25,13:15,1,1,1,1.0,3.0,94065,AUTOROUTE A86,M,"48,7652500","2,3444600",94,2019,70.0,1.0,1.0,1.0,2145075,3.0,2,1,2,5.0,,-1.0,0,2017.0,A01,138Â 304Â 097,1.0,0.0,-1.0,1638050,1.0,15,,0.0,2.0,2.0,B01,138Â 304Â 098,1.0
959775,201900001306,5,25,13:15,1,1,1,1.0,3.0,94065,AUTOROUTE A86,M,"48,7652500","2,3444600",94,2019,70.0,1.0,1.0,1.0,2145076,1.0,1,1,1,5.0,,-1.0,0,1987.0,A01,138Â 304Â 097,1.0,8.0,-1.0,1638049,1.0,10,,0.0,2.0,8.0,A01,138Â 304Â 097,1.0
959775,201900001306,5,25,13:15,1,1,1,1.0,3.0,94065,AUTOROUTE A86,M,"48,7652500","2,3444600",94,2019,70.0,1.0,1.0,1.0,2145076,1.0,1,1,1,5.0,,-1.0,0,1987.0,A01,138Â 304Â 097,1.0,8.0,-1.0,1638050,1.0,15,,0.0,2.0,2.0,B01,138Â 304Â 098,1.0
959775,201900001306,5,25,13:15,1,1,1,1.0,3.0,94065,AUTOROUTE A86,M,"48,7652500","2,3444600",94,2019,70.0,1.0,1.0,1.0,2145077,1.0,1,1,1,4.0,,-1.0,0,1975.0,B01,138Â 304Â 098,1.0,0.0,-1.0,1638049,1.0,10,,0.0,2.0,8.0,A01,138Â 304Â 097,1.0
959775,201900001306,5,25,13:15,1,1,1,1.0,3.0,94065,AUTOROUTE A86,M,"48,7652500","2,3444600",94,2019,70.0,1.0,1.0,1.0,2145077,1.0,1,1,1,4.0,,-1.0,0,1975.0,B01,138Â 304Â 098,1.0,0.0,-1.0,1638050,1.0,15,,0.0,2.0,2.0,B01,138Â 304Â 098,1.0
959776,201900001307,5,24,05:55,1,1,1,1.0,2.0,91340,RN 104,M,"48,6125180","2,4312900",91,2019,90.0,1.0,1.0,2.0,2145078,1.0,1,4,1,1.0,,0.0,0,1981.0,A01,138Â 304Â 095,2.0,0.0,-1.0,1638051,2.0,34,,0.0,2.0,1.0,A01,138Â 304Â 095,1.0
959776,201900001307,5,24,05:55,1,1,1,1.0,2.0,91340,RN 104,M,"48,6125180","2,4312900",91,2019,90.0,1.0,1.0,2.0,2145078,1.0,1,4,1,1.0,,0.0,0,1981.0,A01,138Â 304Â 095,2.0,0.0,-1.0,1638052,2.0,10,,0.0,2.0,4.0,B01,138Â 304Â 096,1.0
959776,201900001307,5,24,05:55,1,1,1,1.0,2.0,91340,RN 104,M,"48,6125180","2,4312900",91,2019,90.0,1.0,1.0,2.0,2145079,1.0,1,1,1,1.0,,0.0,0,1978.0,B01,138Â 304Â 096,1.0,0.0,-1.0,1638051,2.0,34,,0.0,2.0,1.0,A01,138Â 304Â 095,1.0
959776,201900001307,5,24,05:55,1,1,1,1.0,2.0,91340,RN 104,M,"48,6125180","2,4312900",91,2019,90.0,1.0,1.0,2.0,2145079,1.0,1,1,1,1.0,,0.0,0,1978.0,B01,138Â 304Â 096,1.0,0.0,-1.0,1638052,2.0,10,,0.0,2.0,4.0,B01,138Â 304Â 096,1.0
959777,201900001308,5,24,03:10,3,1,1,1.0,2.0,91086,RN 104,M,"48,6230700","2,3872100",91,2019,110.0,1.0,1.0,1.0,2145080,1.0,1,4,2,4.0,,0.0,0,1965.0,B01,138Â 304Â 093,1.0,8.0,-1.0,1638053,2.0,15,,0.0,0.0,0.0,B01,138Â 304Â 093,1.0
959777,201900001308,5,24,03:10,3,1,1,1.0,2.0,91086,RN 104,M,"48,6230700","2,3872100",91,2019,110.0,1.0,1.0,1.0,2145080,1.0,1,4,2,4.0,,0.0,0,1965.0,B01,138Â 304Â 093,1.0,8.0,-1.0,1638054,2.0,7,,0.0,0.0,0.0,A01,138Â 304Â 094,1.0
959777,201900001308,5,24,03:10,3,1,1,1.0,2.0,91086,RN 104,M,"48,6230700","2,3872100",91,2019,110.0,1.0,1.0,1.0,2145081,1.0,1,4,1,0.0,,0.0,0,1941.0,A01,138Â 304Â 094,1.0,8.0,-1.0,1638053,2.0,15,,0.0,0.0,0.0,B01,138Â 304Â 093,1.0
959777,201900001308,5,24,03:10,3,1,1,1.0,2.0,91086,RN 104,M,"48,6230700","2,3872100",91,2019,110.0,1.0,1.0,1.0,2145081,1.0,1,4,1,0.0,,0.0,0,1941.0,A01,138Â 304Â 094,1.0,8.0,-1.0,1638054,2.0,7,,0.0,0.0,0.0,A01,138Â 304Â 094,1.0
959778,201900001309,5,23,17:05,1,1,1,1.0,2.0,94034,AUTOROUTE A86,M,"48,7596400","2,3210800",94,2019,90.0,1.0,1.0,1.0,2145082,1.0,1,1,1,4.0,,-1.0,0,1987.0,B01,138Â 304Â 091,1.0,0.0,-1.0,1638055,1.0,7,,0.0,2.0,4.0,B01,138Â 304Â 091,1.0
959778,201900001309,5,23,17:05,1,1,1,1.0,2.0,94034,AUTOROUTE A86,M,"48,7596400","2,3210800",94,2019,90.0,1.0,1.0,1.0,2145082,1.0,1,1,1,4.0,,-1.0,0,1987.0,B01,138Â 304Â 091,1.0,0.0,-1.0,1638056,1.0,43,,0.0,2.0,1.0,A01,138Â 304Â 092,1.0
959778,201900001309,5,23,17:05,1,1,1,1.0,2.0,94034,AUTOROUTE A86,M,"48,7596400","2,3210800",94,2019,90.0,1.0,1.0,1.0,2145083,1.0,1,4,1,5.0,,-1.0,0,1944.0,A01,138Â 304Â 092,2.0,6.0,-1.0,1638055,1.0,7,,0.0,2.0,4.0,B01,138Â 304Â 091,1.0
959778,201900001309,5,23,17:05,1,1,1,1.0,2.0,94034,AUTOROUTE A86,M,"48,7596400","2,3210800",94,2019,90.0,1.0,1.0,1.0,2145083,1.0,1,4,1,5.0,,-1.0,0,1944.0,A01,138Â 304Â 092,2.0,6.0,-1.0,1638056,1.0,43,,0.0,2.0,1.0,A01,138Â 304Â 092,1.0
959779,201900001310,5,23,12:35,1,1,1,1.0,3.0,94065,AUTOROUTE A86,M,"48,7536222","2,3580963",94,2019,70.0,1.0,1.0,1.0,2145084,1.0,1,4,2,1.0,,-1.0,0,1986.0,B01,138Â 304Â 089,1.0,0.0,-1.0,1638057,1.0,7,,0.0,2.0,8.0,B01,138Â 304Â 089,1.0
959779,201900001310,5,23,12:35,1,1,1,1.0,3.0,94065,AUTOROUTE A86,M,"48,7536222","2,3580963",94,2019,70.0,1.0,1.0,1.0,2145084,1.0,1,4,2,1.0,,-1.0,0,1986.0,B01,138Â 304Â 089,1.0,0.0,-1.0,1638058,1.0,13,,0.0,2.0,2.0,A01,138Â 304Â 090,1.0
959779,201900001310,5,23,12:35,1,1,1,1.0,3.0,94065,AUTOROUTE A86,M,"48,7536222","2,3580963",94,2019,70.0,1.0,1.0,1.0,2145085,1.0,1,1,1,4.0,,-1.0,0,1983.0,A01,138Â 304Â 090,1.0,0.0,-1.0,1638057,1.0,7,,0.0,2.0,8.0,B01,138Â 304Â 089,1.0
959779,201900001310,5,23,12:35,1,1,1,1.0,3.0,94065,AUTOROUTE A86,M,"48,7536222","2,3580963",94,2019,70.0,1.0,1.0,1.0,2145085,1.0,1,1,1,4.0,,-1.0,0,1983.0,A01,138Â 304Â 090,1.0,0.0,-1.0,1638058,1.0,13,,0.0,2.0,2.0,A01,138Â 304Â 090,1.0
959780,201900001311,5,22,18:20,1,1,1,1.0,3.0,91377,AUTOROUTE A10,M,"48,7219140","2,2955980",91,2019,110.0,1.0,1.0,1.0,2145086,1.0,1,4,1,0.0,,0.0,0,1989.0,B01,138Â 304Â 087,2.0,6.0,-1.0,1638059,2.0,33,,0.0,2.0,2.0,B01,138Â 304Â 087,1.0
959780,201900001311,5,22,18:20,1,1,1,1.0,3.0,91377,AUTOROUTE A10,M,"48,7219140","2,2955980",91,2019,110.0,1.0,1.0,1.0,2145086,1.0,1,4,1,0.0,,0.0,0,1989.0,B01,138Â 304Â 087,2.0,6.0,-1.0,1638060,2.0,10,,0.0,2.0,8.0,A01,138Â 304Â 088,1.0
959780,201900001311,5,22,18:20,1,1,1,1.0,3.0,91377,AUTOROUTE A10,M,"48,7219140","2,2955980",91,2019,110.0,1.0,1.0,1.0,2145087,1.0,1,1,1,4.0,,0.0,0,1982.0,A01,138Â 304Â 088,1.0,0.0,-1.0,1638059,2.0,33,,0.0,2.0,2.0,B01,138Â 304Â 087,1.0
959780,201900001311,5,22,18:20,1,1,1,1.0,3.0,91377,AUTOROUTE A10,M,"48,7219140","2,2955980",91,2019,110.0,1.0,1.0,1.0,2145087,1.0,1,1,1,4.0,,0.0,0,1982.0,A01,138Â 304Â 088,1.0,0.0,-1.0,1638060,2.0,10,,0.0,2.0,8.0,A01,138Â 304Â 088,1.0
959781,201900001312,5,22,11:15,1,1,1,1.0,3.0,94021,AUTOROUTE A6A,M,"48,7701300","2,3454300",94,2019,110.0,1.0,1.0,1.0,2145088,1.0,1,1,2,4.0,,-1.0,0,1978.0,A01,138Â 304Â 085,1.0,8.0,-1.0,1638061,2.0,7,,0.0,2.0,2.0,A01,138Â 304Â 085,1.0
959781,201900001312,5,22,11:15,1,1,1,1.0,3.0,94021,AUTOROUTE A6A,M,"48,7701300","2,3454300",94,2019,110.0,1.0,1.0,1.0,2145088,1.0,1,1,2,4.0,,-1.0,0,1978.0,A01,138Â 304Â 085,1.0,8.0,-1.0,1638062,2.0,31,,0.0,2.0,8.0,B01,138Â 304Â 086,1.0
959781,201900001312,5,22,11:15,1,1,1,1.0,3.0,94021,AUTOROUTE A6A,M,"48,7701300","2,3454300",94,2019,110.0,1.0,1.0,1.0,2145089,1.0,1,4,1,0.0,,-1.0,0,2000.0,B01,138Â 304Â 086,2.0,8.0,-1.0,1638061,2.0,7,,0.0,2.0,2.0,A01,138Â 304Â 085,1.0
959781,201900001312,5,22,11:15,1,1,1,1.0,3.0,94021,AUTOROUTE A6A,M,"48,7701300","2,3454300",94,2019,110.0,1.0,1.0,1.0,2145089,1.0,1,4,1,0.0,,-1.0,0,2000.0,B01,138Â 304Â 086,2.0,8.0,-1.0,1638062,2.0,31,,0.0,2.0,8.0,B01,138Â 304Â 086,1.0
959782,201900001313,5,22,08:50,1,1,1,1.0,4.0,94034,AUTOROUTE A6B,M,"48,7524700","2,3312100",94,2019,130.0,1.0,1.0,1.0,2145090,2.0,2,4,2,5.0,,-1.0,0,1978.0,A01,138Â 304Â 081,1.0,0.0,-1.0,1638063,1.0,7,,0.0,2.0,1.0,A01,138Â 304Â 081,1.0
959782,201900001313,5,22,08:50,1,1,1,1.0,4.0,94034,AUTOROUTE A6B,M,"48,7524700","2,3312100",94,2019,130.0,1.0,1.0,1.0,2145090,2.0,2,4,2,5.0,,-1.0,0,1978.0,A01,138Â 304Â 081,1.0,0.0,-1.0,1638064,1.0,7,,0.0,2.0,4.0,C01,138Â 304Â 082,1.0
959782,201900001313,5,22,08:50,1,1,1,1.0,4.0,94034,AUTOROUTE A6B,M,"48,7524700","2,3312100",94,2019,130.0,1.0,1.0,1.0,2145090,2.0,2,4,2,5.0,,-1.0,0,1978.0,A01,138Â 304Â 081,1.0,0.0,-1.0,1638065,1.0,7,,0.0,2.0,4.0,B01,138Â 304Â 083,1.0
959782,201900001313,5,22,08:50,1,1,1,1.0,4.0,94034,AUTOROUTE A6B,M,"48,7524700","2,3312100",94,2019,130.0,1.0,1.0,1.0,2145090,2.0,2,4,2,5.0,,-1.0,0,1978.0,A01,138Â 304Â 081,1.0,0.0,-1.0,1638066,1.0,7,,0.0,2.0,4.0,D01,138Â 304Â 084,3.0
959782,201900001313,5,22,08:50,1,1,1,1.0,4.0,94034,AUTOROUTE A6B,M,"48,7524700","2,3312100",94,2019,130.0,1.0,1.0,1.0,2145091,1.0,1,1,2,5.0,,-1.0,0,1948.0,A01,138Â 304Â 081,1.0,0.0,-1.0,1638063,1.0,7,,0.0,2.0,1.0,A01,138Â 304Â 081,1.0
959782,201900001313,5,22,08:50,1,1,1,1.0,4.0,94034,AUTOROUTE A6B,M,"48,7524700","2,3312100",94,2019,130.0,1.0,1.0,1.0,2145091,1.0,1,1,2,5.0,,-1.0,0,1948.0,A01,138Â 304Â 081,1.0,0.0,-1.0,1638064,1.0,7,,0.0,2.0,4.0,C01,138Â 304Â 082,1.0
959782,201900001313,5,22,08:50,1,1,1,1.0,4.0,94034,AUTOROUTE A6B,M,"48,7524700","2,3312100",94,2019,130.0,1.0,1.0,1.0,2145091,1.0,1,1,2,5.0,,-1.0,0,1948.0,A01,138Â 304Â 081,1.0,0.0,-1.0,1638065,1.0,7,,0.0,2.0,4.0,B01,138Â 304Â 083,1.0
959782,201900001313,5,22,08:50,1,1,1,1.0,4.0,94034,AUTOROUTE A6B,M,"48,7524700","2,3312100",94,2019,130.0,1.0,1.0,1.0,2145091,1.0,1,1,2,5.0,,-1.0,0,1948.0,A01,138Â 304Â 081,1.0,0.0,-1.0,1638066,1.0,7,,0.0,2.0,4.0,D01,138Â 304Â 084,3.0
959782,201900001313,5,22,08:50,1,1,1,1.0,4.0,94034,AUTOROUTE A6B,M,"48,7524700","2,3312100",94,2019,130.0,1.0,1.0,1.0,2145092,1.0,1,1,2,1.0,,-1.0,0,1978.0,C01,138Â 304Â 082,1.0,0.0,-1.0,1638063,1.0,7,,0.0,2.0,1.0,A01,138Â 304Â 081,1.0
959782,201900001313,5,22,08:50,1,1,1,1.0,4.0,94034,AUTOROUTE A6B,M,"48,7524700","2,3312100",94,2019,130.0,1.0,1.0,1.0,2145092,1.0,1,1,2,1.0,,-1.0,0,1978.0,C01,138Â 304Â 082,1.0,0.0,-1.0,1638064,1.0,7,,0.0,2.0,4.0,C01,138Â 304Â 082,1.0
959782,201900001313,5,22,08:50,1,1,1,1.0,4.0,94034,AUTOROUTE A6B,M,"48,7524700","2,3312100",94,2019,130.0,1.0,1.0,1.0,2145092,1.0,1,1,2,1.0,,-1.0,0,1978.0,C01,138Â 304Â 082,1.0,0.0,-1.0,1638065,1.0,7,,0.0,2.0,4.0,B01,138Â 304Â 083,1.0
959782,201900001313,5,22,08:50,1,1,1,1.0,4.0,94034,AUTOROUTE A6B,M,"48,7524700","2,3312100",94,2019,130.0,1.0,1.0,1.0,2145092,1.0,1,1,2,1.0,,-1.0,0,1978.0,C01,138Â 304Â 082,1.0,0.0,-1.0,1638066,1.0,7,,0.0,2.0,4.0,D01,138Â 304Â 084,3.0
959782,201900001313,5,22,08:50,1,1,1,1.0,4.0,94034,AUTOROUTE A6B,M,"48,7524700","2,3312100",94,2019,130.0,1.0,1.0,1.0,2145093,1.0,1,1,1,5.0,,-1.0,0,1992.0,B01,138Â 304Â 083,1.0,0.0,-1.0,1638063,1.0,7,,0.0,2.0,1.0,A01,138Â 304Â 081,1.0
959782,201900001313,5,22,08:50,1,1,1,1.0,4.0,94034,AUTOROUTE A6B,M,"48,7524700","2,3312100",94,2019,130.0,1.0,1.0,1.0,2145093,1.0,1,1,1,5.0,,-1.0,0,1992.0,B01,138Â 304Â 083,1.0,0.0,-1.0,1638064,1.0,7,,0.0,2.0,4.0,C01,138Â 304Â 082,1.0
959782,201900001313,5,22,08:50,1,1,1,1.0,4.0,94034,AUTOROUTE A6B,M,"48,7524700","2,3312100",94,2019,130.0,1.0,1.0,1.0,2145093,1.0,1,1,1,5.0,,-1.0,0,1992.0,B01,138Â 304Â 083,1.0,0.0,-1.0,1638065,1.0,7,,0.0,2.0,4.0,B01,138Â 304Â 083,1.0
959782,201900001313,5,22,08:50,1,1,1,1.0,4.0,94034,AUTOROUTE A6B,M,"48,7524700","2,3312100",94,2019,130.0,1.0,1.0,1.0,2145093,1.0,1,1,1,5.0,,-1.0,0,1992.0,B01,138Â 304Â 083,1.0,0.0,-1.0,1638066,1.0,7,,0.0,2.0,4.0,D01,138Â 304Â 084,3.0
959782,201900001313,5,22,08:50,1,1,1,1.0,4.0,94034,AUTOROUTE A6B,M,"48,7524700","2,3312100",94,2019,130.0,1.0,1.0,1.0,2145094,1.0,1,1,1,1.0,,-1.0,0,1968.0,D01,138Â 304Â 084,1.0,0.0,-1.0,1638063,1.0,7,,0.0,2.0,1.0,A01,138Â 304Â 081,1.0
959782,201900001313,5,22,08:50,1,1,1,1.0,4.0,94034,AUTOROUTE A6B,M,"48,7524700","2,3312100",94,2019,130.0,1.0,1.0,1.0,2145094,1.0,1,1,1,1.0,,-1.0,0,1968.0,D01,138Â 304Â 084,1.0,0.0,-1.0,1638064,1.0,7,,0.0,2.0,4.0,C01,138Â 304Â 082,1.0
959782,201900001313,5,22,08:50,1,1,1,1.0,4.0,94034,AUTOROUTE A6B,M,"48,7524700","2,3312100",94,2019,130.0,1.0,1.0,1.0,2145094,1.0,1,1,1,1.0,,-1.0,0,1968.0,D01,138Â 304Â 084,1.0,0.0,-1.0,1638065,1.0,7,,0.0,2.0,4.0,B01,138Â 304Â 083,1.0
959782,201900001313,5,22,08:50,1,1,1,1.0,4.0,94034,AUTOROUTE A6B,M,"48,7524700","2,3312100",94,2019,130.0,1.0,1.0,1.0,2145094,1.0,1,1,1,1.0,,-1.0,0,1968.0,D01,138Â 304Â 084,1.0,0.0,-1.0,1638066,1.0,7,,0.0,2.0,4.0,D01,138Â 304Â 084,3.0
959783,201900001314,5,22,07:43,1,1,1,1.0,2.0,92002,RN 385,M,"48,7597903","2,2734189",92,2019,80.0,1.0,1.0,2.0,2145095,1.0,1,4,2,1.0,,-1.0,0,1994.0,A01,138Â 304Â 079,2.0,6.0,-1.0,1638067,2.0,33,,0.0,2.0,1.0,A01,138Â 304Â 079,1.0
959783,201900001314,5,22,07:43,1,1,1,1.0,2.0,92002,RN 385,M,"48,7597903","2,2734189",92,2019,80.0,1.0,1.0,2.0,2145095,1.0,1,4,2,1.0,,-1.0,0,1994.0,A01,138Â 304Â 079,2.0,6.0,-1.0,1638068,2.0,10,,0.0,2.0,5.0,B01,138Â 304Â 080,1.0
959783,201900001314,5,22,07:43,1,1,1,1.0,2.0,92002,RN 385,M,"48,7597903","2,2734189",92,2019,80.0,1.0,1.0,2.0,2145096,1.0,1,1,1,4.0,,-1.0,0,1971.0,B01,138Â 304Â 080,1.0,8.0,-1.0,1638067,2.0,33,,0.0,2.0,1.0,A01,138Â 304Â 079,1.0
959783,201900001314,5,22,07:43,1,1,1,1.0,2.0,92002,RN 385,M,"48,7597903","2,2734189",92,2019,80.0,1.0,1.0,2.0,2145096,1.0,1,1,1,4.0,,-1.0,0,1971.0,B01,138Â 304Â 080,1.0,8.0,-1.0,1638068,2.0,10,,0.0,2.0,5.0,B01,138Â 304Â 080,1.0
959784,201900001315,5,21,18:20,1,1,1,1.0,6.0,91477,AUTOROUTE A126,M,"48,7166400","2,2646200",91,2019,130.0,1.0,1.0,1.0,2145097,1.0,1,1,1,1.0,,0.0,0,1987.0,B01,138Â 304Â 074,1.0,8.0,-1.0,1638069,1.0,7,,0.0,2.0,4.0,B01,138Â 304Â 074,1.0
959784,201900001315,5,21,18:20,1,1,1,1.0,6.0,91477,AUTOROUTE A126,M,"48,7166400","2,2646200",91,2019,130.0,1.0,1.0,1.0,2145097,1.0,1,1,1,1.0,,0.0,0,1987.0,B01,138Â 304Â 074,1.0,8.0,-1.0,1638070,1.0,7,,0.0,2.0,4.0,C01,138Â 304Â 075,1.0
959784,201900001315,5,21,18:20,1,1,1,1.0,6.0,91477,AUTOROUTE A126,M,"48,7166400","2,2646200",91,2019,130.0,1.0,1.0,1.0,2145097,1.0,1,1,1,1.0,,0.0,0,1987.0,B01,138Â 304Â 074,1.0,8.0,-1.0,1638071,1.0,7,,0.0,2.0,1.0,A01,138Â 304Â 076,1.0
959784,201900001315,5,21,18:20,1,1,1,1.0,6.0,91477,AUTOROUTE A126,M,"48,7166400","2,2646200",91,2019,130.0,1.0,1.0,1.0,2145098,1.0,1,1,1,4.0,,0.0,0,1994.0,C01,138Â 304Â 075,8.0,0.0,-1.0,1638069,1.0,7,,0.0,2.0,4.0,B01,138Â 304Â 074,1.0
959784,201900001315,5,21,18:20,1,1,1,1.0,6.0,91477,AUTOROUTE A126,M,"48,7166400","2,2646200",91,2019,130.0,1.0,1.0,1.0,2145098,1.0,1,1,1,4.0,,0.0,0,1994.0,C01,138Â 304Â 075,8.0,0.0,-1.0,1638070,1.0,7,,0.0,2.0,4.0,C01,138Â 304Â 075,1.0
959784,201900001315,5,21,18:20,1,1,1,1.0,6.0,91477,AUTOROUTE A126,M,"48,7166400","2,2646200",91,2019,130.0,1.0,1.0,1.0,2145098,1.0,1,1,1,4.0,,0.0,0,1994.0,C01,138Â 304Â 075,8.0,0.0,-1.0,1638071,1.0,7,,0.0,2.0,1.0,A01,138Â 304Â 076,1.0
959784,201900001315,5,21,18:20,1,1,1,1.0,6.0,91477,AUTOROUTE A126,M,"48,7166400","2,2646200",91,2019,130.0,1.0,1.0,1.0,2145099,2.0,2,4,2,5.0,,0.0,0,1970.0,A01,138Â 304Â 076,1.0,8.0,-1.0,1638069,1.0,7,,0.0,2.0,4.0,B01,138Â 304Â 074,1.0
959784,201900001315,5,21,18:20,1,1,1,1.0,6.0,91477,AUTOROUTE A126,M,"48,7166400","2,2646200",91,2019,130.0,1.0,1.0,1.0,2145099,2.0,2,4,2,5.0,,0.0,0,1970.0,A01,138Â 304Â 076,1.0,8.0,-1.0,1638070,1.0,7,,0.0,2.0,4.0,C01,138Â 304Â 075,1.0
959784,201900001315,5,21,18:20,1,1,1,1.0,6.0,91477,AUTOROUTE A126,M,"48,7166400","2,2646200",91,2019,130.0,1.0,1.0,1.0,2145099,2.0,2,4,2,5.0,,0.0,0,1970.0,A01,138Â 304Â 076,1.0,8.0,-1.0,1638071,1.0,7,,0.0,2.0,1.0,A01,138Â 304Â 076,1.0
959784,201900001315,5,21,18:20,1,1,1,1.0,6.0,91477,AUTOROUTE A126,M,"48,7166400","2,2646200",91,2019,130.0,1.0,1.0,1.0,2145100,1.0,1,1,2,5.0,,0.0,0,1970.0,A01,138Â 304Â 076,1.0,8.0,-1.0,1638069,1.0,7,,0.0,2.0,4.0,B01,138Â 304Â 074,1.0
959784,201900001315,5,21,18:20,1,1,1,1.0,6.0,91477,AUTOROUTE A126,M,"48,7166400","2,2646200",91,2019,130.0,1.0,1.0,1.0,2145100,1.0,1,1,2,5.0,,0.0,0,1970.0,A01,138Â 304Â 076,1.0,8.0,-1.0,1638070,1.0,7,,0.0,2.0,4.0,C01,138Â 304Â 075,1.0
959784,201900001315,5,21,18:20,1,1,1,1.0,6.0,91477,AUTOROUTE A126,M,"48,7166400","2,2646200",91,2019,130.0,1.0,1.0,1.0,2145100,1.0,1,1,2,5.0,,0.0,0,1970.0,A01,138Â 304Â 076,1.0,8.0,-1.0,1638071,1.0,7,,0.0,2.0,1.0,A01,138Â 304Â 076,1.0
959785,201900001316,5,21,15:20,1,1,1,8.0,2.0,91216,AUTOROUTE A6,M,"48,6826500","2,3297100",91,2019,110.0,1.0,1.0,1.0,2145101,1.0,1,4,1,1.0,,0.0,0,1958.0,B01,138Â 304Â 072,1.0,8.0,-1.0,1638072,2.0,7,,0.0,2.0,4.0,B01,138Â 304Â 072,1.0
959785,201900001316,5,21,15:20,1,1,1,8.0,2.0,91216,AUTOROUTE A6,M,"48,6826500","2,3297100",91,2019,110.0,1.0,1.0,1.0,2145101,1.0,1,4,1,1.0,,0.0,0,1958.0,B01,138Â 304Â 072,1.0,8.0,-1.0,1638073,2.0,7,,0.0,2.0,1.0,A01,138Â 304Â 073,1.0
959785,201900001316,5,21,15:20,1,1,1,8.0,2.0,91216,AUTOROUTE A6,M,"48,6826500","2,3297100",91,2019,110.0,1.0,1.0,1.0,2145102,1.0,1,1,1,1.0,,0.0,0,1998.0,A01,138Â 304Â 073,1.0,8.0,-1.0,1638072,2.0,7,,0.0,2.0,4.0,B01,138Â 304Â 072,1.0
959785,201900001316,5,21,15:20,1,1,1,8.0,2.0,91216,AUTOROUTE A6,M,"48,6826500","2,3297100",91,2019,110.0,1.0,1.0,1.0,2145102,1.0,1,1,1,1.0,,0.0,0,1998.0,A01,138Â 304Â 073,1.0,8.0,-1.0,1638073,2.0,7,,0.0,2.0,1.0,A01,138Â 304Â 073,1.0