Unnamed: 0_x,num_acc,mois,jour,hrmn,lum,agg,int,atm,col,com,adr,gps,lat,long,dep,annee,vma,situ,surf,catr,Unnamed: 0_y,place,catu,grav,sexe,trajet,secu,locp,actp,an_nais,num_veh_x,id_vehicule_x,secu1,secu2,secu3,Unnamed: 0,senc,catv,occutc,obs,obsm,choc,num_veh_y,id_vehicule_y,motor
959786,201900001317,5,20,17:20,1,1,1,1.0,2.0,91339,RN 104,M,"48,6306600","2,2498200",91,2019,80.0,1.0,1.0,2.0,2145103,1.0,1,4,1,1.0,,0.0,0,1993.0,A01,138Â 304Â 070,2.0,6.0,-1.0,1638074,2.0,33,,0.0,2.0,7.0,A01,138Â 304Â 070,1.0
959786,201900001317,5,20,17:20,1,1,1,1.0,2.0,91339,RN 104,M,"48,6306600","2,2498200",91,2019,80.0,1.0,1.0,2.0,2145103,1.0,1,4,1,1.0,,0.0,0,1993.0,A01,138Â 304Â 070,2.0,6.0,-1.0,1638075,2.0,7,,0.0,2.0,4.0,B01,138Â 304Â 071,1.0
959786,201900001317,5,20,17:20,1,1,1,1.0,2.0,91339,RN 104,M,"48,6306600","2,2498200",91,2019,80.0,1.0,1.0,2.0,2145104,1.0,1,1,2,1.0,,0.0,0,1986.0,B01,138Â 304Â 071,1.0,8.0,-1.0,1638074,2.0,33,,0.0,2.0,7.0,A01,138Â 304Â 070,1.0
959786,201900001317,5,20,17:20,1,1,1,1.0,2.0,91339,RN 104,M,"48,6306600","2,2498200",91,2019,80.0,1.0,1.0,2.0,2145104,1.0,1,1,2,1.0,,0.0,0,1986.0,B01,138Â 304Â 071,1.0,8.0,-1.0,1638075,2.0,7,,0.0,2.0,4.0,B01,138Â 304Â 071,1.0
959787,201900001318,5,19,06:00,1,1,9,5.0,6.0,77495,AUTOROUTE A5A,M,"48,5935400","2,6200700",77,2019,110.0,1.0,2.0,1.0,2145105,1.0,1,4,1,5.0,,-1.0,0,1979.0,A01,138Â 304Â 069,1.0,0.0,-1.0,1638076,1.0,7,,3.0,0.0,1.0,A01,138Â 304Â 069,1.0
959788,201900001319,5,18,18:45,1,1,1,8.0,3.0,91645,RN 385 ExtÃ¨rieure,M,"48,7597130","2,2666450",91,2019,4.0,1.0,2.0,2.0,2145106,2.0,2,4,2,5.0,,0.0,0,1968.0,A01,138Â 304Â 067,2.0,8.0,-1.0,1638077,2.0,33,,0.0,2.0,8.0,A01,138Â 304Â 067,1.0
959788,201900001319,5,18,18:45,1,1,1,8.0,3.0,91645,RN 385 ExtÃ¨rieure,M,"48,7597130","2,2666450",91,2019,4.0,1.0,2.0,2.0,2145106,2.0,2,4,2,5.0,,0.0,0,1968.0,A01,138Â 304Â 067,2.0,8.0,-1.0,1638078,2.0,99,,0.0,2.0,7.0,B01,138Â 304Â 068,1.0
959788,201900001319,5,18,18:45,1,1,1,8.0,3.0,91645,RN 385 ExtÃ¨rieure,M,"48,7597130","2,2666450",91,2019,4.0,1.0,2.0,2.0,2145107,1.0,1,4,1,5.0,,0.0,0,1968.0,A01,138Â 304Â 067,2.0,6.0,-1.0,1638077,2.0,33,,0.0,2.0,8.0,A01,138Â 304Â 067,1.0
959788,201900001319,5,18,18:45,1,1,1,8.0,3.0,91645,RN 385 ExtÃ¨rieure,M,"48,7597130","2,2666450",91,2019,4.0,1.0,2.0,2.0,2145107,1.0,1,4,1,5.0,,0.0,0,1968.0,A01,138Â 304Â 067,2.0,6.0,-1.0,1638078,2.0,99,,0.0,2.0,7.0,B01,138Â 304Â 068,1.0
959788,201900001319,5,18,18:45,1,1,1,8.0,3.0,91645,RN 385 ExtÃ¨rieure,M,"48,7597130","2,2666450",91,2019,4.0,1.0,2.0,2.0,2145108,2.0,2,1,1,4.0,,0.0,0,1995.0,B01,138Â 304Â 068,1.0,0.0,-1.0,1638077,2.0,33,,0.0,2.0,8.0,A01,138Â 304Â 067,1.0
959788,201900001319,5,18,18:45,1,1,1,8.0,3.0,91645,RN 385 ExtÃ¨rieure,M,"48,7597130","2,2666450",91,2019,4.0,1.0,2.0,2.0,2145108,2.0,2,1,1,4.0,,0.0,0,1995.0,B01,138Â 304Â 068,1.0,0.0,-1.0,1638078,2.0,99,,0.0,2.0,7.0,B01,138Â 304Â 068,1.0
959788,201900001319,5,18,18:45,1,1,1,8.0,3.0,91645,RN 385 ExtÃ¨rieure,M,"48,7597130","2,2666450",91,2019,4.0,1.0,2.0,2.0,2145109,5.0,2,1,1,4.0,,0.0,0,1998.0,B01,138Â 304Â 068,1.0,0.0,-1.0,1638077,2.0,33,,0.0,2.0,8.0,A01,138Â 304Â 067,1.0
959788,201900001319,5,18,18:45,1,1,1,8.0,3.0,91645,RN 385 ExtÃ¨rieure,M,"48,7597130","2,2666450",91,2019,4.0,1.0,2.0,2.0,2145109,5.0,2,1,1,4.0,,0.0,0,1998.0,B01,138Â 304Â 068,1.0,0.0,-1.0,1638078,2.0,99,,0.0,2.0,7.0,B01,138Â 304Â 068,1.0
959788,201900001319,5,18,18:45,1,1,1,8.0,3.0,91645,RN 385 ExtÃ¨rieure,M,"48,7597130","2,2666450",91,2019,4.0,1.0,2.0,2.0,2145110,1.0,1,1,1,4.0,,0.0,0,1968.0,B01,138Â 304Â 068,1.0,0.0,-1.0,1638077,2.0,33,,0.0,2.0,8.0,A01,138Â 304Â 067,1.0
959788,201900001319,5,18,18:45,1,1,1,8.0,3.0,91645,RN 385 ExtÃ¨rieure,M,"48,7597130","2,2666450",91,2019,4.0,1.0,2.0,2.0,2145110,1.0,1,1,1,4.0,,0.0,0,1968.0,B01,138Â 304Â 068,1.0,0.0,-1.0,1638078,2.0,99,,0.0,2.0,7.0,B01,138Â 304Â 068,1.0
959788,201900001319,5,18,18:45,1,1,1,8.0,3.0,91645,RN 385 ExtÃ¨rieure,M,"48,7597130","2,2666450",91,2019,4.0,1.0,2.0,2.0,2145111,6.0,2,1,2,4.0,,0.0,0,1982.0,B01,138Â 304Â 068,1.0,0.0,-1.0,1638077,2.0,33,,0.0,2.0,8.0,A01,138Â 304Â 067,1.0
959788,201900001319,5,18,18:45,1,1,1,8.0,3.0,91645,RN 385 ExtÃ¨rieure,M,"48,7597130","2,2666450",91,2019,4.0,1.0,2.0,2.0,2145111,6.0,2,1,2,4.0,,0.0,0,1982.0,B01,138Â 304Â 068,1.0,0.0,-1.0,1638078,2.0,99,,0.0,2.0,7.0,B01,138Â 304Â 068,1.0
959789,201900001320,5,18,18:20,1,1,1,1.0,6.0,91161,AUTOROUTE A6,M,"48,7127000","2,3127000",91,2019,110.0,1.0,1.0,1.0,2145112,1.0,1,4,2,5.0,,0.0,0,1979.0,A01,138Â 304Â 066,1.0,8.0,-1.0,1638079,1.0,7,,6.0,0.0,1.0,A01,138Â 304Â 066,1.0
959789,201900001320,5,18,18:20,1,1,1,1.0,6.0,91161,AUTOROUTE A6,M,"48,7127000","2,3127000",91,2019,110.0,1.0,1.0,1.0,2145113,4.0,2,4,2,5.0,,0.0,0,2014.0,A01,138Â 304Â 066,1.0,8.0,-1.0,1638079,1.0,7,,6.0,0.0,1.0,A01,138Â 304Â 066,1.0
959789,201900001320,5,18,18:20,1,1,1,1.0,6.0,91161,AUTOROUTE A6,M,"48,7127000","2,3127000",91,2019,110.0,1.0,1.0,1.0,2145114,2.0,2,4,2,5.0,,0.0,0,2006.0,A01,138Â 304Â 066,1.0,8.0,-1.0,1638079,1.0,7,,6.0,0.0,1.0,A01,138Â 304Â 066,1.0
959789,201900001320,5,18,18:20,1,1,1,1.0,6.0,91161,AUTOROUTE A6,M,"48,7127000","2,3127000",91,2019,110.0,1.0,1.0,1.0,2145115,2.0,2,4,1,5.0,,0.0,0,2008.0,A01,138Â 304Â 066,1.0,8.0,-1.0,1638079,1.0,7,,6.0,0.0,1.0,A01,138Â 304Â 066,1.0
959790,201900001321,5,18,09:29,1,1,1,8.0,2.0,91216,AUTOROUTE A6,M,"48,6857710","2,3269100",91,2019,110.0,1.0,2.0,1.0,2145116,1.0,1,4,2,9.0,,0.0,0,1987.0,B01,138Â 304Â 064,1.0,0.0,-1.0,1638080,1.0,7,,0.0,2.0,4.0,B01,138Â 304Â 064,1.0
959790,201900001321,5,18,09:29,1,1,1,8.0,2.0,91216,AUTOROUTE A6,M,"48,6857710","2,3269100",91,2019,110.0,1.0,2.0,1.0,2145116,1.0,1,4,2,9.0,,0.0,0,1987.0,B01,138Â 304Â 064,1.0,0.0,-1.0,1638081,1.0,10,,0.0,2.0,1.0,A01,138Â 304Â 065,0.0
959790,201900001321,5,18,09:29,1,1,1,8.0,2.0,91216,AUTOROUTE A6,M,"48,6857710","2,3269100",91,2019,110.0,1.0,2.0,1.0,2145117,1.0,1,1,1,9.0,,0.0,0,1992.0,A01,138Â 304Â 065,1.0,0.0,-1.0,1638080,1.0,7,,0.0,2.0,4.0,B01,138Â 304Â 064,1.0
959790,201900001321,5,18,09:29,1,1,1,8.0,2.0,91216,AUTOROUTE A6,M,"48,6857710","2,3269100",91,2019,110.0,1.0,2.0,1.0,2145117,1.0,1,1,1,9.0,,0.0,0,1992.0,A01,138Â 304Â 065,1.0,0.0,-1.0,1638081,1.0,10,,0.0,2.0,1.0,A01,138Â 304Â 065,0.0
959791,201900001322,5,18,06:30,2,1,1,2.0,2.0,91161,AUTOROUTE A6,M,"48,6969400","2,3155300",91,2019,110.0,1.0,2.0,1.0,2145118,1.0,1,4,1,5.0,,0.0,0,1968.0,B01,138Â 304Â 062,1.0,0.0,-1.0,1638082,1.0,7,,0.0,2.0,4.0,B01,138Â 304Â 062,1.0
959791,201900001322,5,18,06:30,2,1,1,2.0,2.0,91161,AUTOROUTE A6,M,"48,6969400","2,3155300",91,2019,110.0,1.0,2.0,1.0,2145118,1.0,1,4,1,5.0,,0.0,0,1968.0,B01,138Â 304Â 062,1.0,0.0,-1.0,1638083,1.0,7,,0.0,2.0,2.0,A01,138Â 304Â 063,1.0
959791,201900001322,5,18,06:30,2,1,1,2.0,2.0,91161,AUTOROUTE A6,M,"48,6969400","2,3155300",91,2019,110.0,1.0,2.0,1.0,2145119,2.0,2,4,2,5.0,,0.0,0,1991.0,B01,138Â 304Â 062,1.0,0.0,-1.0,1638082,1.0,7,,0.0,2.0,4.0,B01,138Â 304Â 062,1.0
959791,201900001322,5,18,06:30,2,1,1,2.0,2.0,91161,AUTOROUTE A6,M,"48,6969400","2,3155300",91,2019,110.0,1.0,2.0,1.0,2145119,2.0,2,4,2,5.0,,0.0,0,1991.0,B01,138Â 304Â 062,1.0,0.0,-1.0,1638083,1.0,7,,0.0,2.0,2.0,A01,138Â 304Â 063,1.0
959791,201900001322,5,18,06:30,2,1,1,2.0,2.0,91161,AUTOROUTE A6,M,"48,6969400","2,3155300",91,2019,110.0,1.0,2.0,1.0,2145120,1.0,1,1,1,5.0,,0.0,0,1997.0,A01,138Â 304Â 063,1.0,0.0,-1.0,1638082,1.0,7,,0.0,2.0,4.0,B01,138Â 304Â 062,1.0
959791,201900001322,5,18,06:30,2,1,1,2.0,2.0,91161,AUTOROUTE A6,M,"48,6969400","2,3155300",91,2019,110.0,1.0,2.0,1.0,2145120,1.0,1,1,1,5.0,,0.0,0,1997.0,A01,138Â 304Â 063,1.0,0.0,-1.0,1638083,1.0,7,,0.0,2.0,2.0,A01,138Â 304Â 063,1.0
959791,201900001322,5,18,06:30,2,1,1,2.0,2.0,91161,AUTOROUTE A6,M,"48,6969400","2,3155300",91,2019,110.0,1.0,2.0,1.0,2145121,4.0,2,1,1,5.0,,0.0,0,1998.0,A01,138Â 304Â 063,1.0,0.0,-1.0,1638082,1.0,7,,0.0,2.0,4.0,B01,138Â 304Â 062,1.0
959791,201900001322,5,18,06:30,2,1,1,2.0,2.0,91161,AUTOROUTE A6,M,"48,6969400","2,3155300",91,2019,110.0,1.0,2.0,1.0,2145121,4.0,2,1,1,5.0,,0.0,0,1998.0,A01,138Â 304Â 063,1.0,0.0,-1.0,1638083,1.0,7,,0.0,2.0,2.0,A01,138Â 304Â 063,1.0
959791,201900001322,5,18,06:30,2,1,1,2.0,2.0,91161,AUTOROUTE A6,M,"48,6969400","2,3155300",91,2019,110.0,1.0,2.0,1.0,2145122,2.0,2,1,1,5.0,,0.0,0,1999.0,A01,138Â 304Â 063,1.0,0.0,-1.0,1638082,1.0,7,,0.0,2.0,4.0,B01,138Â 304Â 062,1.0
959791,201900001322,5,18,06:30,2,1,1,2.0,2.0,91161,AUTOROUTE A6,M,"48,6969400","2,3155300",91,2019,110.0,1.0,2.0,1.0,2145122,2.0,2,1,1,5.0,,0.0,0,1999.0,A01,138Â 304Â 063,1.0,0.0,-1.0,1638083,1.0,7,,0.0,2.0,2.0,A01,138Â 304Â 063,1.0
959791,201900001322,5,18,06:30,2,1,1,2.0,2.0,91161,AUTOROUTE A6,M,"48,6969400","2,3155300",91,2019,110.0,1.0,2.0,1.0,2145123,5.0,2,1,2,5.0,,0.0,0,1997.0,A01,138Â 304Â 063,1.0,0.0,-1.0,1638082,1.0,7,,0.0,2.0,4.0,B01,138Â 304Â 062,1.0
959791,201900001322,5,18,06:30,2,1,1,2.0,2.0,91161,AUTOROUTE A6,M,"48,6969400","2,3155300",91,2019,110.0,1.0,2.0,1.0,2145123,5.0,2,1,2,5.0,,0.0,0,1997.0,A01,138Â 304Â 063,1.0,0.0,-1.0,1638083,1.0,7,,0.0,2.0,2.0,A01,138Â 304Â 063,1.0
959791,201900001322,5,18,06:30,2,1,1,2.0,2.0,91161,AUTOROUTE A6,M,"48,6969400","2,3155300",91,2019,110.0,1.0,2.0,1.0,2145124,3.0,2,1,1,5.0,,-1.0, -1,2000.0,A01,138Â 304Â 063,1.0,0.0,-1.0,1638082,1.0,7,,0.0,2.0,4.0,B01,138Â 304Â 062,1.0
959791,201900001322,5,18,06:30,2,1,1,2.0,2.0,91161,AUTOROUTE A6,M,"48,6969400","2,3155300",91,2019,110.0,1.0,2.0,1.0,2145124,3.0,2,1,1,5.0,,-1.0, -1,2000.0,A01,138Â 304Â 063,1.0,0.0,-1.0,1638083,1.0,7,,0.0,2.0,2.0,A01,138Â 304Â 063,1.0
959792,201900001323,5,17,10:30,1,1,1,1.0,5.0,91216,AUTOROUTE A6,M,"48,6840400","2,3284700",91,2019,90.0,1.0,1.0,1.0,2145125,1.0,1,4,1,0.0,,0.0,0,1987.0,B01,138Â 304Â 059,1.0,0.0,-1.0,1638084,2.0,10,,0.0,2.0,4.0,B01,138Â 304Â 059,1.0
959792,201900001323,5,17,10:30,1,1,1,1.0,5.0,91216,AUTOROUTE A6,M,"48,6840400","2,3284700",91,2019,90.0,1.0,1.0,1.0,2145125,1.0,1,4,1,0.0,,0.0,0,1987.0,B01,138Â 304Â 059,1.0,0.0,-1.0,1638085,2.0,7,,0.0,0.0,4.0,C01,138Â 304Â 060,1.0
959792,201900001323,5,17,10:30,1,1,1,1.0,5.0,91216,AUTOROUTE A6,M,"48,6840400","2,3284700",91,2019,90.0,1.0,1.0,1.0,2145125,1.0,1,4,1,0.0,,0.0,0,1987.0,B01,138Â 304Â 059,1.0,0.0,-1.0,1638086,2.0,7,,0.0,2.0,1.0,A01,138Â 304Â 061,1.0
959792,201900001323,5,17,10:30,1,1,1,1.0,5.0,91216,AUTOROUTE A6,M,"48,6840400","2,3284700",91,2019,90.0,1.0,1.0,1.0,2145126,1.0,1,1,1,0.0,,0.0,0,1986.0,C01,138Â 304Â 060,1.0,0.0,-1.0,1638084,2.0,10,,0.0,2.0,4.0,B01,138Â 304Â 059,1.0
959792,201900001323,5,17,10:30,1,1,1,1.0,5.0,91216,AUTOROUTE A6,M,"48,6840400","2,3284700",91,2019,90.0,1.0,1.0,1.0,2145126,1.0,1,1,1,0.0,,0.0,0,1986.0,C01,138Â 304Â 060,1.0,0.0,-1.0,1638085,2.0,7,,0.0,0.0,4.0,C01,138Â 304Â 060,1.0
959792,201900001323,5,17,10:30,1,1,1,1.0,5.0,91216,AUTOROUTE A6,M,"48,6840400","2,3284700",91,2019,90.0,1.0,1.0,1.0,2145126,1.0,1,1,1,0.0,,0.0,0,1986.0,C01,138Â 304Â 060,1.0,0.0,-1.0,1638086,2.0,7,,0.0,2.0,1.0,A01,138Â 304Â 061,1.0
959792,201900001323,5,17,10:30,1,1,1,1.0,5.0,91216,AUTOROUTE A6,M,"48,6840400","2,3284700",91,2019,90.0,1.0,1.0,1.0,2145127,1.0,1,1,1,0.0,,0.0,0,1996.0,A01,138Â 304Â 061,1.0,0.0,-1.0,1638084,2.0,10,,0.0,2.0,4.0,B01,138Â 304Â 059,1.0
959792,201900001323,5,17,10:30,1,1,1,1.0,5.0,91216,AUTOROUTE A6,M,"48,6840400","2,3284700",91,2019,90.0,1.0,1.0,1.0,2145127,1.0,1,1,1,0.0,,0.0,0,1996.0,A01,138Â 304Â 061,1.0,0.0,-1.0,1638085,2.0,7,,0.0,0.0,4.0,C01,138Â 304Â 060,1.0
959792,201900001323,5,17,10:30,1,1,1,1.0,5.0,91216,AUTOROUTE A6,M,"48,6840400","2,3284700",91,2019,90.0,1.0,1.0,1.0,2145127,1.0,1,1,1,0.0,,0.0,0,1996.0,A01,138Â 304Â 061,1.0,0.0,-1.0,1638086,2.0,7,,0.0,2.0,1.0,A01,138Â 304Â 061,1.0
959793,201900001324,5,17,07:04,2,1,1,1.0,2.0,94038,AUTOROUTE A6A,M,"48,7790000","2,3466400",94,2019,130.0,1.0,1.0,1.0,2145128,1.0,1,4,1,4.0,,-1.0,0,1974.0,B01,138Â 304Â 057,1.0,8.0,-1.0,1638087,2.0,10,,0.0,2.0,4.0,B01,138Â 304Â 057,1.0
959793,201900001324,5,17,07:04,2,1,1,1.0,2.0,94038,AUTOROUTE A6A,M,"48,7790000","2,3466400",94,2019,130.0,1.0,1.0,1.0,2145128,1.0,1,4,1,4.0,,-1.0,0,1974.0,B01,138Â 304Â 057,1.0,8.0,-1.0,1638088,2.0,7,,0.0,2.0,1.0,A01,138Â 304Â 058,1.0
959793,201900001324,5,17,07:04,2,1,1,1.0,2.0,94038,AUTOROUTE A6A,M,"48,7790000","2,3466400",94,2019,130.0,1.0,1.0,1.0,2145129,1.0,1,4,2,1.0,,-1.0,0,1987.0,A01,138Â 304Â 058,1.0,8.0,-1.0,1638087,2.0,10,,0.0,2.0,4.0,B01,138Â 304Â 057,1.0
959793,201900001324,5,17,07:04,2,1,1,1.0,2.0,94038,AUTOROUTE A6A,M,"48,7790000","2,3466400",94,2019,130.0,1.0,1.0,1.0,2145129,1.0,1,4,2,1.0,,-1.0,0,1987.0,A01,138Â 304Â 058,1.0,8.0,-1.0,1638088,2.0,7,,0.0,2.0,1.0,A01,138Â 304Â 058,1.0
959794,201900001325,5,16,20:10,1,1,1,1.0,6.0,94021,AUTOROUTE A6A,M,"48,7713500","2,3454700",94,2019,90.0,1.0,1.0,1.0,2145130,1.0,1,4,1,1.0,,-1.0,0,1975.0,B01,138Â 304Â 055,2.0,6.0,-1.0,1638089,1.0,33,,0.0,2.0,3.0,B01,138Â 304Â 055,0.0
959794,201900001325,5,16,20:10,1,1,1,1.0,6.0,94021,AUTOROUTE A6A,M,"48,7713500","2,3454700",94,2019,90.0,1.0,1.0,1.0,2145130,1.0,1,4,1,1.0,,-1.0,0,1975.0,B01,138Â 304Â 055,2.0,6.0,-1.0,1638090,1.0,7,,0.0,0.0,2.0,A01,138Â 304Â 056,1.0
959794,201900001325,5,16,20:10,1,1,1,1.0,6.0,94021,AUTOROUTE A6A,M,"48,7713500","2,3454700",94,2019,90.0,1.0,1.0,1.0,2145131,1.0,1,1,2,5.0,,-1.0, -1,1999.0,A01,138Â 304Â 056,1.0,8.0,-1.0,1638089,1.0,33,,0.0,2.0,3.0,B01,138Â 304Â 055,0.0
959794,201900001325,5,16,20:10,1,1,1,1.0,6.0,94021,AUTOROUTE A6A,M,"48,7713500","2,3454700",94,2019,90.0,1.0,1.0,1.0,2145131,1.0,1,1,2,5.0,,-1.0, -1,1999.0,A01,138Â 304Â 056,1.0,8.0,-1.0,1638090,1.0,7,,0.0,0.0,2.0,A01,138Â 304Â 056,1.0
959795,201900001326,5,16,17:35,1,1,1,1.0,5.0,91689,AUTOROUTE A6B,M,"48,7479100","2,3263100",91,2019,110.0,1.0,1.0,1.0,2145132,1.0,1,1,1,1.0,,0.0,0,1986.0,C01,138Â 304Â 052,1.0,0.0,-1.0,1638091,1.0,7,,0.0,2.0,4.0,C01,138Â 304Â 052,1.0
959795,201900001326,5,16,17:35,1,1,1,1.0,5.0,91689,AUTOROUTE A6B,M,"48,7479100","2,3263100",91,2019,110.0,1.0,1.0,1.0,2145132,1.0,1,1,1,1.0,,0.0,0,1986.0,C01,138Â 304Â 052,1.0,0.0,-1.0,1638092,1.0,7,,0.0,2.0,3.0,Z01,138Â 304Â 053,1.0
959795,201900001326,5,16,17:35,1,1,1,1.0,5.0,91689,AUTOROUTE A6B,M,"48,7479100","2,3263100",91,2019,110.0,1.0,1.0,1.0,2145132,1.0,1,1,1,1.0,,0.0,0,1986.0,C01,138Â 304Â 052,1.0,0.0,-1.0,1638093,0.0,34,,0.0,2.0,7.0,B01,138Â 304Â 054,1.0
959795,201900001326,5,16,17:35,1,1,1,1.0,5.0,91689,AUTOROUTE A6B,M,"48,7479100","2,3263100",91,2019,110.0,1.0,1.0,1.0,2145133,1.0,1,1,1,0.0,,0.0,0,1989.0,Z01,138Â 304Â 053,1.0,0.0,-1.0,1638091,1.0,7,,0.0,2.0,4.0,C01,138Â 304Â 052,1.0
959795,201900001326,5,16,17:35,1,1,1,1.0,5.0,91689,AUTOROUTE A6B,M,"48,7479100","2,3263100",91,2019,110.0,1.0,1.0,1.0,2145133,1.0,1,1,1,0.0,,0.0,0,1989.0,Z01,138Â 304Â 053,1.0,0.0,-1.0,1638092,1.0,7,,0.0,2.0,3.0,Z01,138Â 304Â 053,1.0
959795,201900001326,5,16,17:35,1,1,1,1.0,5.0,91689,AUTOROUTE A6B,M,"48,7479100","2,3263100",91,2019,110.0,1.0,1.0,1.0,2145133,1.0,1,1,1,0.0,,0.0,0,1989.0,Z01,138Â 304Â 053,1.0,0.0,-1.0,1638093,0.0,34,,0.0,2.0,7.0,B01,138Â 304Â 054,1.0
959795,201900001326,5,16,17:35,1,1,1,1.0,5.0,91689,AUTOROUTE A6B,M,"48,7479100","2,3263100",91,2019,110.0,1.0,1.0,1.0,2145134,1.0,1,4,1,1.0,,0.0,0,1973.0,B01,138Â 304Â 054,2.0,0.0,-1.0,1638091,1.0,7,,0.0,2.0,4.0,C01,138Â 304Â 052,1.0
959795,201900001326,5,16,17:35,1,1,1,1.0,5.0,91689,AUTOROUTE A6B,M,"48,7479100","2,3263100",91,2019,110.0,1.0,1.0,1.0,2145134,1.0,1,4,1,1.0,,0.0,0,1973.0,B01,138Â 304Â 054,2.0,0.0,-1.0,1638092,1.0,7,,0.0,2.0,3.0,Z01,138Â 304Â 053,1.0
959795,201900001326,5,16,17:35,1,1,1,1.0,5.0,91689,AUTOROUTE A6B,M,"48,7479100","2,3263100",91,2019,110.0,1.0,1.0,1.0,2145134,1.0,1,4,1,1.0,,0.0,0,1973.0,B01,138Â 304Â 054,2.0,0.0,-1.0,1638093,0.0,34,,0.0,2.0,7.0,B01,138Â 304Â 054,1.0
959796,201900001327,5,16,12:15,1,1,1,1.0,2.0,91434,AUTOROUTE A6,M,"48,6682800","2,3541000",91,2019,90.0,1.0,1.0,1.0,2145135,1.0,1,1,1,0.0,,0.0,0,1966.0,B01,138Â 304Â 050,1.0,8.0,-1.0,1638094,2.0,7,,0.0,2.0,4.0,B01,138Â 304Â 050,1.0
959796,201900001327,5,16,12:15,1,1,1,1.0,2.0,91434,AUTOROUTE A6,M,"48,6682800","2,3541000",91,2019,90.0,1.0,1.0,1.0,2145135,1.0,1,1,1,0.0,,0.0,0,1966.0,B01,138Â 304Â 050,1.0,8.0,-1.0,1638095,2.0,7,,0.0,2.0,1.0,A01,138Â 304Â 051,1.0
959796,201900001327,5,16,12:15,1,1,1,1.0,2.0,91434,AUTOROUTE A6,M,"48,6682800","2,3541000",91,2019,90.0,1.0,1.0,1.0,2145136,1.0,1,4,2,0.0,,0.0,0,1993.0,A01,138Â 304Â 051,1.0,8.0,-1.0,1638094,2.0,7,,0.0,2.0,4.0,B01,138Â 304Â 050,1.0
959796,201900001327,5,16,12:15,1,1,1,1.0,2.0,91434,AUTOROUTE A6,M,"48,6682800","2,3541000",91,2019,90.0,1.0,1.0,1.0,2145136,1.0,1,4,2,0.0,,0.0,0,1993.0,A01,138Â 304Â 051,1.0,8.0,-1.0,1638095,2.0,7,,0.0,2.0,1.0,A01,138Â 304Â 051,1.0
959797,201900001328,5,15,20:55,1,1,1,1.0,3.0,91617,RN 104,M,"48,6325140","2,5311110",91,2019,110.0,1.0,1.0,2.0,2145137,1.0,1,4,1,0.0,,0.0,0,1995.0,A01,138Â 304Â 048,2.0,6.0,-1.0,1638096,1.0,31,,0.0,2.0,3.0,A01,138Â 304Â 048,1.0
959797,201900001328,5,15,20:55,1,1,1,1.0,3.0,91617,RN 104,M,"48,6325140","2,5311110",91,2019,110.0,1.0,1.0,2.0,2145137,1.0,1,4,1,0.0,,0.0,0,1995.0,A01,138Â 304Â 048,2.0,6.0,-1.0,1638097,1.0,7,,0.0,2.0,5.0,B01,138Â 304Â 049,1.0
959797,201900001328,5,15,20:55,1,1,1,1.0,3.0,91617,RN 104,M,"48,6325140","2,5311110",91,2019,110.0,1.0,1.0,2.0,2145138,1.0,1,1,1,0.0,,0.0,0,1967.0,B01,138Â 304Â 049,1.0,4.0,-1.0,1638096,1.0,31,,0.0,2.0,3.0,A01,138Â 304Â 048,1.0
959797,201900001328,5,15,20:55,1,1,1,1.0,3.0,91617,RN 104,M,"48,6325140","2,5311110",91,2019,110.0,1.0,1.0,2.0,2145138,1.0,1,1,1,0.0,,0.0,0,1967.0,B01,138Â 304Â 049,1.0,4.0,-1.0,1638097,1.0,7,,0.0,2.0,5.0,B01,138Â 304Â 049,1.0
959798,201900001329,5,15,08:20,1,1,1,1.0,2.0,91161,AUTOROUTE A6,M,"48,7010000","2,3097000",91,2019,90.0,1.0,1.0,1.0,2145139,1.0,1,1,1,1.0,,0.0,0,1996.0,B01,138Â 304Â 046,2.0,6.0,-1.0,1638098,2.0,33,,0.0,2.0,1.0,B01,138Â 304Â 046,1.0
959798,201900001329,5,15,08:20,1,1,1,1.0,2.0,91161,AUTOROUTE A6,M,"48,7010000","2,3097000",91,2019,90.0,1.0,1.0,1.0,2145139,1.0,1,1,1,1.0,,0.0,0,1996.0,B01,138Â 304Â 046,2.0,6.0,-1.0,1638099,2.0,33,,0.0,2.0,4.0,A01,138Â 304Â 047,1.0
959798,201900001329,5,15,08:20,1,1,1,1.0,2.0,91161,AUTOROUTE A6,M,"48,7010000","2,3097000",91,2019,90.0,1.0,1.0,1.0,2145140,1.0,1,4,1,1.0,,0.0,0,1988.0,A01,138Â 304Â 047,2.0,6.0,-1.0,1638098,2.0,33,,0.0,2.0,1.0,B01,138Â 304Â 046,1.0
959798,201900001329,5,15,08:20,1,1,1,1.0,2.0,91161,AUTOROUTE A6,M,"48,7010000","2,3097000",91,2019,90.0,1.0,1.0,1.0,2145140,1.0,1,4,1,1.0,,0.0,0,1988.0,A01,138Â 304Â 047,2.0,6.0,-1.0,1638099,2.0,33,,0.0,2.0,4.0,A01,138Â 304Â 047,1.0
959799,201900001330,5,14,20:50,2,1,1,1.0,2.0,94065,AUTOROUTE A86,M,"48,7547300","2,3467300",94,2019,130.0,1.0,1.0,1.0,2145141,1.0,1,4,1,0.0,,-1.0,0,1976.0,B01,138Â 304Â 044,1.0,0.0,-1.0,1638100,2.0,7,,1.0,0.0,2.0,B01,138Â 304Â 044,1.0
959799,201900001330,5,14,20:50,2,1,1,1.0,2.0,94065,AUTOROUTE A86,M,"48,7547300","2,3467300",94,2019,130.0,1.0,1.0,1.0,2145141,1.0,1,4,1,0.0,,-1.0,0,1976.0,B01,138Â 304Â 044,1.0,0.0,-1.0,1638101,2.0,17,,1.0,2.0,6.0,A01,138Â 304Â 045,1.0