Unnamed: 0_x,num_acc,mois,jour,hrmn,lum,agg,int,atm,col,com,adr,gps,lat,long,dep,annee,vma,situ,surf,catr,Unnamed: 0_y,place,catu,grav,sexe,trajet,secu,locp,actp,an_nais,num_veh_x,id_vehicule_x,secu1,secu2,secu3,Unnamed: 0,senc,catv,occutc,obs,obsm,choc,num_veh_y,id_vehicule_y,motor
959799,201900001330,5,14,20:50,2,1,1,1.0,2.0,94065,AUTOROUTE A86,M,"48,7547300","2,3467300",94,2019,130.0,1.0,1.0,1.0,2145142,1.0,1,1,1,1.0,,-1.0, -1,1982.0,A01,138Â 304Â 045,8.0,0.0,-1.0,1638100,2.0,7,,1.0,0.0,2.0,B01,138Â 304Â 044,1.0
959799,201900001330,5,14,20:50,2,1,1,1.0,2.0,94065,AUTOROUTE A86,M,"48,7547300","2,3467300",94,2019,130.0,1.0,1.0,1.0,2145142,1.0,1,1,1,1.0,,-1.0, -1,1982.0,A01,138Â 304Â 045,8.0,0.0,-1.0,1638101,2.0,17,,1.0,2.0,6.0,A01,138Â 304Â 045,1.0
959800,201900001331,5,14,18:05,1,1,1,1.0,7.0,91692,RN 118,M,"48,6788410","2,1920400",91,2019,90.0,1.0,1.0,2.0,2145143,1.0,1,4,1,4.0,,0.0,0,1963.0,A01,138Â 304Â 043,1.0,0.0,-1.0,1638102,2.0,99,,13.0,0.0,1.0,A01,138Â 304Â 043,1.0
959800,201900001331,5,14,18:05,1,1,1,1.0,7.0,91692,RN 118,M,"48,6788410","2,1920400",91,2019,90.0,1.0,1.0,2.0,2145144,2.0,2,1,1,4.0,,0.0,0,1972.0,A01,138Â 304Â 043,1.0,0.0,-1.0,1638102,2.0,99,,13.0,0.0,1.0,A01,138Â 304Â 043,1.0
959801,201900001332,5,14,15:00,1,1,1,1.0,5.0,91179,AUTOROUTE A6,M,"48,5587070","2,4885520",91,2019,110.0,1.0,1.0,1.0,2145145,1.0,1,1,1,0.0,,0.0,0,1965.0,B01,138Â 304Â 040,1.0,4.0,-1.0,1638103,2.0,7,,0.0,2.0,0.0,B01,138Â 304Â 040,1.0
959801,201900001332,5,14,15:00,1,1,1,1.0,5.0,91179,AUTOROUTE A6,M,"48,5587070","2,4885520",91,2019,110.0,1.0,1.0,1.0,2145145,1.0,1,1,1,0.0,,0.0,0,1965.0,B01,138Â 304Â 040,1.0,4.0,-1.0,1638104,2.0,15,,0.0,2.0,3.0,C01,138Â 304Â 041,1.0
959801,201900001332,5,14,15:00,1,1,1,1.0,5.0,91179,AUTOROUTE A6,M,"48,5587070","2,4885520",91,2019,110.0,1.0,1.0,1.0,2145145,1.0,1,1,1,0.0,,0.0,0,1965.0,B01,138Â 304Â 040,1.0,4.0,-1.0,1638105,1.0,7,,4.0,2.0,1.0,A01,138Â 304Â 042,1.0
959801,201900001332,5,14,15:00,1,1,1,1.0,5.0,91179,AUTOROUTE A6,M,"48,5587070","2,4885520",91,2019,110.0,1.0,1.0,1.0,2145146,1.0,1,1,1,0.0,,0.0,0,1982.0,C01,138Â 304Â 041,1.0,4.0,-1.0,1638103,2.0,7,,0.0,2.0,0.0,B01,138Â 304Â 040,1.0
959801,201900001332,5,14,15:00,1,1,1,1.0,5.0,91179,AUTOROUTE A6,M,"48,5587070","2,4885520",91,2019,110.0,1.0,1.0,1.0,2145146,1.0,1,1,1,0.0,,0.0,0,1982.0,C01,138Â 304Â 041,1.0,4.0,-1.0,1638104,2.0,15,,0.0,2.0,3.0,C01,138Â 304Â 041,1.0
959801,201900001332,5,14,15:00,1,1,1,1.0,5.0,91179,AUTOROUTE A6,M,"48,5587070","2,4885520",91,2019,110.0,1.0,1.0,1.0,2145146,1.0,1,1,1,0.0,,0.0,0,1982.0,C01,138Â 304Â 041,1.0,4.0,-1.0,1638105,1.0,7,,4.0,2.0,1.0,A01,138Â 304Â 042,1.0
959801,201900001332,5,14,15:00,1,1,1,1.0,5.0,91179,AUTOROUTE A6,M,"48,5587070","2,4885520",91,2019,110.0,1.0,1.0,1.0,2145147,1.0,1,4,2,0.0,,-1.0, -1,1960.0,A01,138Â 304Â 042,1.0,0.0,-1.0,1638103,2.0,7,,0.0,2.0,0.0,B01,138Â 304Â 040,1.0
959801,201900001332,5,14,15:00,1,1,1,1.0,5.0,91179,AUTOROUTE A6,M,"48,5587070","2,4885520",91,2019,110.0,1.0,1.0,1.0,2145147,1.0,1,4,2,0.0,,-1.0, -1,1960.0,A01,138Â 304Â 042,1.0,0.0,-1.0,1638104,2.0,15,,0.0,2.0,3.0,C01,138Â 304Â 041,1.0
959801,201900001332,5,14,15:00,1,1,1,1.0,5.0,91179,AUTOROUTE A6,M,"48,5587070","2,4885520",91,2019,110.0,1.0,1.0,1.0,2145147,1.0,1,4,2,0.0,,-1.0, -1,1960.0,A01,138Â 304Â 042,1.0,0.0,-1.0,1638105,1.0,7,,4.0,2.0,1.0,A01,138Â 304Â 042,1.0
959801,201900001332,5,14,15:00,1,1,1,1.0,5.0,91179,AUTOROUTE A6,M,"48,5587070","2,4885520",91,2019,110.0,1.0,1.0,1.0,2145148,2.0,2,4,2,0.0,,-1.0, -1,1969.0,A01,138Â 304Â 042,1.0,0.0,-1.0,1638103,2.0,7,,0.0,2.0,0.0,B01,138Â 304Â 040,1.0
959801,201900001332,5,14,15:00,1,1,1,1.0,5.0,91179,AUTOROUTE A6,M,"48,5587070","2,4885520",91,2019,110.0,1.0,1.0,1.0,2145148,2.0,2,4,2,0.0,,-1.0, -1,1969.0,A01,138Â 304Â 042,1.0,0.0,-1.0,1638104,2.0,15,,0.0,2.0,3.0,C01,138Â 304Â 041,1.0
959801,201900001332,5,14,15:00,1,1,1,1.0,5.0,91179,AUTOROUTE A6,M,"48,5587070","2,4885520",91,2019,110.0,1.0,1.0,1.0,2145148,2.0,2,4,2,0.0,,-1.0, -1,1969.0,A01,138Â 304Â 042,1.0,0.0,-1.0,1638105,1.0,7,,4.0,2.0,1.0,A01,138Â 304Â 042,1.0
959802,201900001333,5,14,17:50,1,1,1,1.0,7.0,91689,AUTOROUTE A6B,M,"48,7412300","2,3192000",91,2019,130.0,1.0,1.0,1.0,2145149,1.0,1,4,1,1.0,,0.0,0,1977.0,A01,138Â 304Â 039,2.0,0.0,-1.0,1638106,1.0,34,,14.0,0.0,0.0,A01,138Â 304Â 039,1.0
959803,201900001334,5,14,16:30,1,1,1,1.0,2.0,92002,AUTOROUTE A10,M,"48,7309580","2,3091078",92,2019,130.0,1.0,1.0,1.0,2145150,1.0,1,1,1,0.0,,-1.0,0,1978.0,A01,138Â 304Â 037,1.0,4.0,-1.0,1638107,1.0,10,,0.0,2.0,1.0,A01,138Â 304Â 037,1.0
959803,201900001334,5,14,16:30,1,1,1,1.0,2.0,92002,AUTOROUTE A10,M,"48,7309580","2,3091078",92,2019,130.0,1.0,1.0,1.0,2145150,1.0,1,1,1,0.0,,-1.0,0,1978.0,A01,138Â 304Â 037,1.0,4.0,-1.0,1638108,2.0,7,,0.0,2.0,4.0,B01,138Â 304Â 038,1.0
959803,201900001334,5,14,16:30,1,1,1,1.0,2.0,92002,AUTOROUTE A10,M,"48,7309580","2,3091078",92,2019,130.0,1.0,1.0,1.0,2145151,1.0,1,4,2,1.0,,-1.0,0,1996.0,B01,138Â 304Â 038,1.0,4.0,-1.0,1638107,1.0,10,,0.0,2.0,1.0,A01,138Â 304Â 037,1.0
959803,201900001334,5,14,16:30,1,1,1,1.0,2.0,92002,AUTOROUTE A10,M,"48,7309580","2,3091078",92,2019,130.0,1.0,1.0,1.0,2145151,1.0,1,4,2,1.0,,-1.0,0,1996.0,B01,138Â 304Â 038,1.0,4.0,-1.0,1638108,2.0,7,,0.0,2.0,4.0,B01,138Â 304Â 038,1.0
959804,201900001335,5,14,13:10,1,1,1,1.0,7.0,91617,RN 104,M,"48,6358100","2,5355100",91,2019,80.0,1.0,1.0,2.0,2145152,1.0,1,4,1,5.0,,0.0,0,1983.0,A01,138Â 304Â 036,2.0,0.0,-1.0,1638109,2.0,34,,0.0,0.0,7.0,A01,138Â 304Â 036,1.0
959805,201900001336,5,14,07:35,1,1,1,1.0,5.0,94034,AUTOROUTE A6B,M,"48,7545400","2,3303600",94,2019,90.0,1.0,1.0,1.0,2145153,1.0,1,1,1,9.0,,-1.0,0,1980.0,D01,138Â 304Â 032,1.0,0.0,-1.0,1638110,2.0,10,,0.0,2.0,6.0,D01,138Â 304Â 032,1.0
959805,201900001336,5,14,07:35,1,1,1,1.0,5.0,94034,AUTOROUTE A6B,M,"48,7545400","2,3303600",94,2019,90.0,1.0,1.0,1.0,2145153,1.0,1,1,1,9.0,,-1.0,0,1980.0,D01,138Â 304Â 032,1.0,0.0,-1.0,1638111,2.0,7,,0.0,2.0,6.0,B01,138Â 304Â 033,1.0
959805,201900001336,5,14,07:35,1,1,1,1.0,5.0,94034,AUTOROUTE A6B,M,"48,7545400","2,3303600",94,2019,90.0,1.0,1.0,1.0,2145153,1.0,1,1,1,9.0,,-1.0,0,1980.0,D01,138Â 304Â 032,1.0,0.0,-1.0,1638112,2.0,7,,0.0,2.0,4.0,C01,138Â 304Â 034,1.0
959805,201900001336,5,14,07:35,1,1,1,1.0,5.0,94034,AUTOROUTE A6B,M,"48,7545400","2,3303600",94,2019,90.0,1.0,1.0,1.0,2145153,1.0,1,1,1,9.0,,-1.0,0,1980.0,D01,138Â 304Â 032,1.0,0.0,-1.0,1638113,2.0,7,,0.0,2.0,1.0,A01,138Â 304Â 035,1.0
959805,201900001336,5,14,07:35,1,1,1,1.0,5.0,94034,AUTOROUTE A6B,M,"48,7545400","2,3303600",94,2019,90.0,1.0,1.0,1.0,2145154,1.0,1,1,1,2.0,,-1.0,0,1964.0,B01,138Â 304Â 033,1.0,0.0,-1.0,1638110,2.0,10,,0.0,2.0,6.0,D01,138Â 304Â 032,1.0
959805,201900001336,5,14,07:35,1,1,1,1.0,5.0,94034,AUTOROUTE A6B,M,"48,7545400","2,3303600",94,2019,90.0,1.0,1.0,1.0,2145154,1.0,1,1,1,2.0,,-1.0,0,1964.0,B01,138Â 304Â 033,1.0,0.0,-1.0,1638111,2.0,7,,0.0,2.0,6.0,B01,138Â 304Â 033,1.0
959805,201900001336,5,14,07:35,1,1,1,1.0,5.0,94034,AUTOROUTE A6B,M,"48,7545400","2,3303600",94,2019,90.0,1.0,1.0,1.0,2145154,1.0,1,1,1,2.0,,-1.0,0,1964.0,B01,138Â 304Â 033,1.0,0.0,-1.0,1638112,2.0,7,,0.0,2.0,4.0,C01,138Â 304Â 034,1.0
959805,201900001336,5,14,07:35,1,1,1,1.0,5.0,94034,AUTOROUTE A6B,M,"48,7545400","2,3303600",94,2019,90.0,1.0,1.0,1.0,2145154,1.0,1,1,1,2.0,,-1.0,0,1964.0,B01,138Â 304Â 033,1.0,0.0,-1.0,1638113,2.0,7,,0.0,2.0,1.0,A01,138Â 304Â 035,1.0
959805,201900001336,5,14,07:35,1,1,1,1.0,5.0,94034,AUTOROUTE A6B,M,"48,7545400","2,3303600",94,2019,90.0,1.0,1.0,1.0,2145155,1.0,1,4,1,9.0,,-1.0,0,1980.0,C01,138Â 304Â 034,1.0,0.0,-1.0,1638110,2.0,10,,0.0,2.0,6.0,D01,138Â 304Â 032,1.0
959805,201900001336,5,14,07:35,1,1,1,1.0,5.0,94034,AUTOROUTE A6B,M,"48,7545400","2,3303600",94,2019,90.0,1.0,1.0,1.0,2145155,1.0,1,4,1,9.0,,-1.0,0,1980.0,C01,138Â 304Â 034,1.0,0.0,-1.0,1638111,2.0,7,,0.0,2.0,6.0,B01,138Â 304Â 033,1.0
959805,201900001336,5,14,07:35,1,1,1,1.0,5.0,94034,AUTOROUTE A6B,M,"48,7545400","2,3303600",94,2019,90.0,1.0,1.0,1.0,2145155,1.0,1,4,1,9.0,,-1.0,0,1980.0,C01,138Â 304Â 034,1.0,0.0,-1.0,1638112,2.0,7,,0.0,2.0,4.0,C01,138Â 304Â 034,1.0
959805,201900001336,5,14,07:35,1,1,1,1.0,5.0,94034,AUTOROUTE A6B,M,"48,7545400","2,3303600",94,2019,90.0,1.0,1.0,1.0,2145155,1.0,1,4,1,9.0,,-1.0,0,1980.0,C01,138Â 304Â 034,1.0,0.0,-1.0,1638113,2.0,7,,0.0,2.0,1.0,A01,138Â 304Â 035,1.0
959805,201900001336,5,14,07:35,1,1,1,1.0,5.0,94034,AUTOROUTE A6B,M,"48,7545400","2,3303600",94,2019,90.0,1.0,1.0,1.0,2145156,1.0,1,4,1,1.0,,-1.0,0,1977.0,A01,138Â 304Â 035,1.0,0.0,-1.0,1638110,2.0,10,,0.0,2.0,6.0,D01,138Â 304Â 032,1.0
959805,201900001336,5,14,07:35,1,1,1,1.0,5.0,94034,AUTOROUTE A6B,M,"48,7545400","2,3303600",94,2019,90.0,1.0,1.0,1.0,2145156,1.0,1,4,1,1.0,,-1.0,0,1977.0,A01,138Â 304Â 035,1.0,0.0,-1.0,1638111,2.0,7,,0.0,2.0,6.0,B01,138Â 304Â 033,1.0
959805,201900001336,5,14,07:35,1,1,1,1.0,5.0,94034,AUTOROUTE A6B,M,"48,7545400","2,3303600",94,2019,90.0,1.0,1.0,1.0,2145156,1.0,1,4,1,1.0,,-1.0,0,1977.0,A01,138Â 304Â 035,1.0,0.0,-1.0,1638112,2.0,7,,0.0,2.0,4.0,C01,138Â 304Â 034,1.0
959805,201900001336,5,14,07:35,1,1,1,1.0,5.0,94034,AUTOROUTE A6B,M,"48,7545400","2,3303600",94,2019,90.0,1.0,1.0,1.0,2145156,1.0,1,4,1,1.0,,-1.0,0,1977.0,A01,138Â 304Â 035,1.0,0.0,-1.0,1638113,2.0,7,,0.0,2.0,1.0,A01,138Â 304Â 035,1.0
959806,201900001337,5,13,12:40,1,1,1,1.0,3.0,92002,AUTOROUTE A10,M,"48,7318134","2,3104351",92,2019,110.0,1.0,1.0,1.0,2145157,1.0,1,1,1,5.0,,-1.0,0,1983.0,A01,138Â 304Â 030,1.0,0.0,-1.0,1638114,2.0,7,,0.0,2.0,5.0,A01,138Â 304Â 030,1.0
959806,201900001337,5,13,12:40,1,1,1,1.0,3.0,92002,AUTOROUTE A10,M,"48,7318134","2,3104351",92,2019,110.0,1.0,1.0,1.0,2145157,1.0,1,1,1,5.0,,-1.0,0,1983.0,A01,138Â 304Â 030,1.0,0.0,-1.0,1638115,2.0,33,,0.0,2.0,3.0,B01,138Â 304Â 031,1.0
959806,201900001337,5,13,12:40,1,1,1,1.0,3.0,92002,AUTOROUTE A10,M,"48,7318134","2,3104351",92,2019,110.0,1.0,1.0,1.0,2145158,1.0,1,4,1,5.0,,-1.0,0,1971.0,B01,138Â 304Â 031,2.0,6.0,-1.0,1638114,2.0,7,,0.0,2.0,5.0,A01,138Â 304Â 030,1.0
959806,201900001337,5,13,12:40,1,1,1,1.0,3.0,92002,AUTOROUTE A10,M,"48,7318134","2,3104351",92,2019,110.0,1.0,1.0,1.0,2145158,1.0,1,4,1,5.0,,-1.0,0,1971.0,B01,138Â 304Â 031,2.0,6.0,-1.0,1638115,2.0,33,,0.0,2.0,3.0,B01,138Â 304Â 031,1.0
959807,201900001338,5,12,19:30,1,1,1,1.0,2.0,91064,RN 118,M,"48,7694000","2,2293000",91,2019,50.0,1.0,1.0,2.0,2145159,1.0,1,1,1,0.0,,0.0,0,1976.0,A01,138Â 304Â 028,2.0,6.0,-1.0,1638116,1.0,43,,0.0,2.0,1.0,A01,138Â 304Â 028,1.0
959807,201900001338,5,12,19:30,1,1,1,1.0,2.0,91064,RN 118,M,"48,7694000","2,2293000",91,2019,50.0,1.0,1.0,2.0,2145159,1.0,1,1,1,0.0,,0.0,0,1976.0,A01,138Â 304Â 028,2.0,6.0,-1.0,1638117,3.0,7,,0.0,2.0,5.0,B01,138Â 304Â 029,1.0
959807,201900001338,5,12,19:30,1,1,1,1.0,2.0,91064,RN 118,M,"48,7694000","2,2293000",91,2019,50.0,1.0,1.0,2.0,2145160,1.0,1,4,2,0.0,,0.0,0,1997.0,B01,138Â 304Â 029,1.0,0.0,-1.0,1638116,1.0,43,,0.0,2.0,1.0,A01,138Â 304Â 028,1.0
959807,201900001338,5,12,19:30,1,1,1,1.0,2.0,91064,RN 118,M,"48,7694000","2,2293000",91,2019,50.0,1.0,1.0,2.0,2145160,1.0,1,4,2,0.0,,0.0,0,1997.0,B01,138Â 304Â 029,1.0,0.0,-1.0,1638117,3.0,7,,0.0,2.0,5.0,B01,138Â 304Â 029,1.0
959808,201900001339,5,11,09:00,1,1,1,3.0,6.0,91589,AUTOROUTE A6,M,"48,6780500","2,3363600",91,2019,110.0,1.0,2.0,1.0,2145161,1.0,1,4,2,5.0,,0.0,0,1990.0,A01,138Â 304Â 027,1.0,0.0,-1.0,1638118,1.0,7,,4.0,0.0,3.0,A01,138Â 304Â 027,1.0
959809,201900001340,5,11,08:45,1,1,1,3.0,7.0,94021,AUTOROUTE A6A,M,"48,7637800","2,3422700",94,2019,90.0,1.0,2.0,1.0,2145162,1.0,1,4,1,1.0,,-1.0,0,1994.0,A01,138Â 304Â 026,1.0,8.0,-1.0,1638119,2.0,10,,4.0,0.0,1.0,A01,138Â 304Â 026,1.0
959810,201900001341,5,11,05:35,3,1,1,3.0,7.0,91661,RD 188 CHEVREUSE,M,"48,7049000","2,2498000",91,2019,70.0,1.0,2.0,2.0,2145163,1.0,1,4,1,0.0,,0.0,0,1990.0,A01,138Â 304Â 025,1.0,8.0,-1.0,1638120,2.0,7,,3.0,0.0,1.0,A01,138Â 304Â 025,1.0
959811,201900001342,5,11,03:58,4,1,1,3.0,7.0,91689,AUTOROUTE A6B,M,"48,7481100","2,3262600",91,2019,110.0,1.0,2.0,1.0,2145164,1.0,1,4,1,4.0,,0.0,0,1978.0,A01,138Â 304Â 024,1.0,0.0,-1.0,1638121,1.0,15,,4.0,0.0,1.0,A01,138Â 304Â 024,1.0
959812,201900001343,5,10,09:26,1,1,1,1.0,7.0,91589,AUTOROUTE A6,M,"48,6801400","2,3323500",91,2019,110.0,1.0,1.0,1.0,2145165,1.0,1,4,1,0.0,,0.0,0,1957.0,A01,138Â 304Â 023,1.0,0.0,-1.0,1638122,1.0,7,,4.0,0.0,1.0,A01,138Â 304Â 023,1.0
959813,201900001344,5,8,18:12,1,1,1,2.0,4.0,94021,AUTOROUTE A6B,M,"48,7604800","2,3393100",94,2019,90.0,1.0,2.0,1.0,2145166,1.0,1,1,2,4.0,,-1.0, -1,1988.0,B01,138Â 304Â 020,1.0,0.0,-1.0,1638123,2.0,10,,0.0,2.0,6.0,B01,138Â 304Â 020,0.0
959813,201900001344,5,8,18:12,1,1,1,2.0,4.0,94021,AUTOROUTE A6B,M,"48,7604800","2,3393100",94,2019,90.0,1.0,2.0,1.0,2145166,1.0,1,1,2,4.0,,-1.0, -1,1988.0,B01,138Â 304Â 020,1.0,0.0,-1.0,1638124,2.0,7,,1.0,2.0,1.0,Z01,138Â 304Â 021,1.0
959813,201900001344,5,8,18:12,1,1,1,2.0,4.0,94021,AUTOROUTE A6B,M,"48,7604800","2,3393100",94,2019,90.0,1.0,2.0,1.0,2145166,1.0,1,1,2,4.0,,-1.0, -1,1988.0,B01,138Â 304Â 020,1.0,0.0,-1.0,1638125,2.0,7,,1.0,2.0,4.0,A01,138Â 304Â 022,1.0
959813,201900001344,5,8,18:12,1,1,1,2.0,4.0,94021,AUTOROUTE A6B,M,"48,7604800","2,3393100",94,2019,90.0,1.0,2.0,1.0,2145167,2.0,2,1,1,4.0,,-1.0,0,1982.0,B01,138Â 304Â 020,1.0,0.0,-1.0,1638123,2.0,10,,0.0,2.0,6.0,B01,138Â 304Â 020,0.0
959813,201900001344,5,8,18:12,1,1,1,2.0,4.0,94021,AUTOROUTE A6B,M,"48,7604800","2,3393100",94,2019,90.0,1.0,2.0,1.0,2145167,2.0,2,1,1,4.0,,-1.0,0,1982.0,B01,138Â 304Â 020,1.0,0.0,-1.0,1638124,2.0,7,,1.0,2.0,1.0,Z01,138Â 304Â 021,1.0
959813,201900001344,5,8,18:12,1,1,1,2.0,4.0,94021,AUTOROUTE A6B,M,"48,7604800","2,3393100",94,2019,90.0,1.0,2.0,1.0,2145167,2.0,2,1,1,4.0,,-1.0,0,1982.0,B01,138Â 304Â 020,1.0,0.0,-1.0,1638125,2.0,7,,1.0,2.0,4.0,A01,138Â 304Â 022,1.0
959813,201900001344,5,8,18:12,1,1,1,2.0,4.0,94021,AUTOROUTE A6B,M,"48,7604800","2,3393100",94,2019,90.0,1.0,2.0,1.0,2145168,4.0,2,1,1,0.0,,-1.0,0,1993.0,B01,138Â 304Â 020,1.0,0.0,-1.0,1638123,2.0,10,,0.0,2.0,6.0,B01,138Â 304Â 020,0.0
959813,201900001344,5,8,18:12,1,1,1,2.0,4.0,94021,AUTOROUTE A6B,M,"48,7604800","2,3393100",94,2019,90.0,1.0,2.0,1.0,2145168,4.0,2,1,1,0.0,,-1.0,0,1993.0,B01,138Â 304Â 020,1.0,0.0,-1.0,1638124,2.0,7,,1.0,2.0,1.0,Z01,138Â 304Â 021,1.0
959813,201900001344,5,8,18:12,1,1,1,2.0,4.0,94021,AUTOROUTE A6B,M,"48,7604800","2,3393100",94,2019,90.0,1.0,2.0,1.0,2145168,4.0,2,1,1,0.0,,-1.0,0,1993.0,B01,138Â 304Â 020,1.0,0.0,-1.0,1638125,2.0,7,,1.0,2.0,4.0,A01,138Â 304Â 022,1.0
959813,201900001344,5,8,18:12,1,1,1,2.0,4.0,94021,AUTOROUTE A6B,M,"48,7604800","2,3393100",94,2019,90.0,1.0,2.0,1.0,2145169,1.0,1,1,1,0.0,,-1.0,0,1956.0,Z01,138Â 304Â 021,8.0,0.0,-1.0,1638123,2.0,10,,0.0,2.0,6.0,B01,138Â 304Â 020,0.0
959813,201900001344,5,8,18:12,1,1,1,2.0,4.0,94021,AUTOROUTE A6B,M,"48,7604800","2,3393100",94,2019,90.0,1.0,2.0,1.0,2145169,1.0,1,1,1,0.0,,-1.0,0,1956.0,Z01,138Â 304Â 021,8.0,0.0,-1.0,1638124,2.0,7,,1.0,2.0,1.0,Z01,138Â 304Â 021,1.0
959813,201900001344,5,8,18:12,1,1,1,2.0,4.0,94021,AUTOROUTE A6B,M,"48,7604800","2,3393100",94,2019,90.0,1.0,2.0,1.0,2145169,1.0,1,1,1,0.0,,-1.0,0,1956.0,Z01,138Â 304Â 021,8.0,0.0,-1.0,1638125,2.0,7,,1.0,2.0,4.0,A01,138Â 304Â 022,1.0
959813,201900001344,5,8,18:12,1,1,1,2.0,4.0,94021,AUTOROUTE A6B,M,"48,7604800","2,3393100",94,2019,90.0,1.0,2.0,1.0,2145170,4.0,2,4,2,0.0,,-1.0,0,1966.0,A01,138Â 304Â 022,1.0,0.0,-1.0,1638123,2.0,10,,0.0,2.0,6.0,B01,138Â 304Â 020,0.0
959813,201900001344,5,8,18:12,1,1,1,2.0,4.0,94021,AUTOROUTE A6B,M,"48,7604800","2,3393100",94,2019,90.0,1.0,2.0,1.0,2145170,4.0,2,4,2,0.0,,-1.0,0,1966.0,A01,138Â 304Â 022,1.0,0.0,-1.0,1638124,2.0,7,,1.0,2.0,1.0,Z01,138Â 304Â 021,1.0
959813,201900001344,5,8,18:12,1,1,1,2.0,4.0,94021,AUTOROUTE A6B,M,"48,7604800","2,3393100",94,2019,90.0,1.0,2.0,1.0,2145170,4.0,2,4,2,0.0,,-1.0,0,1966.0,A01,138Â 304Â 022,1.0,0.0,-1.0,1638125,2.0,7,,1.0,2.0,4.0,A01,138Â 304Â 022,1.0
959813,201900001344,5,8,18:12,1,1,1,2.0,4.0,94021,AUTOROUTE A6B,M,"48,7604800","2,3393100",94,2019,90.0,1.0,2.0,1.0,2145171,3.0,2,1,1,0.0,,-1.0,0,1968.0,A01,138Â 304Â 022,1.0,0.0,-1.0,1638123,2.0,10,,0.0,2.0,6.0,B01,138Â 304Â 020,0.0
959813,201900001344,5,8,18:12,1,1,1,2.0,4.0,94021,AUTOROUTE A6B,M,"48,7604800","2,3393100",94,2019,90.0,1.0,2.0,1.0,2145171,3.0,2,1,1,0.0,,-1.0,0,1968.0,A01,138Â 304Â 022,1.0,0.0,-1.0,1638124,2.0,7,,1.0,2.0,1.0,Z01,138Â 304Â 021,1.0
959813,201900001344,5,8,18:12,1,1,1,2.0,4.0,94021,AUTOROUTE A6B,M,"48,7604800","2,3393100",94,2019,90.0,1.0,2.0,1.0,2145171,3.0,2,1,1,0.0,,-1.0,0,1968.0,A01,138Â 304Â 022,1.0,0.0,-1.0,1638125,2.0,7,,1.0,2.0,4.0,A01,138Â 304Â 022,1.0
959813,201900001344,5,8,18:12,1,1,1,2.0,4.0,94021,AUTOROUTE A6B,M,"48,7604800","2,3393100",94,2019,90.0,1.0,2.0,1.0,2145172,1.0,1,1,1,0.0,,-1.0, -1,1961.0,A01,138Â 304Â 022,1.0,0.0,-1.0,1638123,2.0,10,,0.0,2.0,6.0,B01,138Â 304Â 020,0.0
959813,201900001344,5,8,18:12,1,1,1,2.0,4.0,94021,AUTOROUTE A6B,M,"48,7604800","2,3393100",94,2019,90.0,1.0,2.0,1.0,2145172,1.0,1,1,1,0.0,,-1.0, -1,1961.0,A01,138Â 304Â 022,1.0,0.0,-1.0,1638124,2.0,7,,1.0,2.0,1.0,Z01,138Â 304Â 021,1.0
959813,201900001344,5,8,18:12,1,1,1,2.0,4.0,94021,AUTOROUTE A6B,M,"48,7604800","2,3393100",94,2019,90.0,1.0,2.0,1.0,2145172,1.0,1,1,1,0.0,,-1.0, -1,1961.0,A01,138Â 304Â 022,1.0,0.0,-1.0,1638125,2.0,7,,1.0,2.0,4.0,A01,138Â 304Â 022,1.0
959813,201900001344,5,8,18:12,1,1,1,2.0,4.0,94021,AUTOROUTE A6B,M,"48,7604800","2,3393100",94,2019,90.0,1.0,2.0,1.0,2145173,2.0,2,1,2,0.0,,-1.0,0,1960.0,A01,138Â 304Â 022,1.0,0.0,-1.0,1638123,2.0,10,,0.0,2.0,6.0,B01,138Â 304Â 020,0.0
959813,201900001344,5,8,18:12,1,1,1,2.0,4.0,94021,AUTOROUTE A6B,M,"48,7604800","2,3393100",94,2019,90.0,1.0,2.0,1.0,2145173,2.0,2,1,2,0.0,,-1.0,0,1960.0,A01,138Â 304Â 022,1.0,0.0,-1.0,1638124,2.0,7,,1.0,2.0,1.0,Z01,138Â 304Â 021,1.0
959813,201900001344,5,8,18:12,1,1,1,2.0,4.0,94021,AUTOROUTE A6B,M,"48,7604800","2,3393100",94,2019,90.0,1.0,2.0,1.0,2145173,2.0,2,1,2,0.0,,-1.0,0,1960.0,A01,138Â 304Â 022,1.0,0.0,-1.0,1638125,2.0,7,,1.0,2.0,4.0,A01,138Â 304Â 022,1.0
959814,201900001345,5,8,12:15,1,1,1,2.0,4.0,92002,AUTOROUTE A86,M,"48,7632142","2,3108203",92,2019,70.0,1.0,2.0,1.0,2145174,4.0,2,4,2,9.0,,-1.0,0,1976.0,B01,138Â 304Â 017,1.0,0.0,-1.0,1638126,2.0,7,,0.0,2.0,4.0,B01,138Â 304Â 017,1.0
959814,201900001345,5,8,12:15,1,1,1,2.0,4.0,92002,AUTOROUTE A86,M,"48,7632142","2,3108203",92,2019,70.0,1.0,2.0,1.0,2145174,4.0,2,4,2,9.0,,-1.0,0,1976.0,B01,138Â 304Â 017,1.0,0.0,-1.0,1638127,2.0,7,,0.0,2.0,4.0,C01,138Â 304Â 018,1.0
959814,201900001345,5,8,12:15,1,1,1,2.0,4.0,92002,AUTOROUTE A86,M,"48,7632142","2,3108203",92,2019,70.0,1.0,2.0,1.0,2145174,4.0,2,4,2,9.0,,-1.0,0,1976.0,B01,138Â 304Â 017,1.0,0.0,-1.0,1638128,2.0,7,,0.0,2.0,1.0,A01,138Â 304Â 019,1.0
959814,201900001345,5,8,12:15,1,1,1,2.0,4.0,92002,AUTOROUTE A86,M,"48,7632142","2,3108203",92,2019,70.0,1.0,2.0,1.0,2145175,1.0,1,1,1,9.0,,-1.0,0,1965.0,B01,138Â 304Â 017,1.0,0.0,-1.0,1638126,2.0,7,,0.0,2.0,4.0,B01,138Â 304Â 017,1.0