Unnamed: 0_x,num_acc,mois,jour,hrmn,lum,agg,int,atm,col,com,adr,gps,lat,long,dep,annee,vma,situ,surf,catr,Unnamed: 0_y,place,catu,grav,sexe,trajet,secu,locp,actp,an_nais,num_veh_x,id_vehicule_x,secu1,secu2,secu3,Unnamed: 0,senc,catv,occutc,obs,obsm,choc,num_veh_y,id_vehicule_y,motor
959814,201900001345,5,8,12:15,1,1,1,2.0,4.0,92002,AUTOROUTE A86,M,"48,7632142","2,3108203",92,2019,70.0,1.0,2.0,1.0,2145175,1.0,1,1,1,9.0,,-1.0,0,1965.0,B01,138Â 304Â 017,1.0,0.0,-1.0,1638127,2.0,7,,0.0,2.0,4.0,C01,138Â 304Â 018,1.0
959814,201900001345,5,8,12:15,1,1,1,2.0,4.0,92002,AUTOROUTE A86,M,"48,7632142","2,3108203",92,2019,70.0,1.0,2.0,1.0,2145175,1.0,1,1,1,9.0,,-1.0,0,1965.0,B01,138Â 304Â 017,1.0,0.0,-1.0,1638128,2.0,7,,0.0,2.0,1.0,A01,138Â 304Â 019,1.0
959814,201900001345,5,8,12:15,1,1,1,2.0,4.0,92002,AUTOROUTE A86,M,"48,7632142","2,3108203",92,2019,70.0,1.0,2.0,1.0,2145176,1.0,1,4,1,9.0,,-1.0,0,1992.0,C01,138Â 304Â 018,1.0,0.0,-1.0,1638126,2.0,7,,0.0,2.0,4.0,B01,138Â 304Â 017,1.0
959814,201900001345,5,8,12:15,1,1,1,2.0,4.0,92002,AUTOROUTE A86,M,"48,7632142","2,3108203",92,2019,70.0,1.0,2.0,1.0,2145176,1.0,1,4,1,9.0,,-1.0,0,1992.0,C01,138Â 304Â 018,1.0,0.0,-1.0,1638127,2.0,7,,0.0,2.0,4.0,C01,138Â 304Â 018,1.0
959814,201900001345,5,8,12:15,1,1,1,2.0,4.0,92002,AUTOROUTE A86,M,"48,7632142","2,3108203",92,2019,70.0,1.0,2.0,1.0,2145176,1.0,1,4,1,9.0,,-1.0,0,1992.0,C01,138Â 304Â 018,1.0,0.0,-1.0,1638128,2.0,7,,0.0,2.0,1.0,A01,138Â 304Â 019,1.0
959814,201900001345,5,8,12:15,1,1,1,2.0,4.0,92002,AUTOROUTE A86,M,"48,7632142","2,3108203",92,2019,70.0,1.0,2.0,1.0,2145177,1.0,1,1,2,9.0,,-1.0,0,1977.0,A01,138Â 304Â 019,1.0,0.0,-1.0,1638126,2.0,7,,0.0,2.0,4.0,B01,138Â 304Â 017,1.0
959814,201900001345,5,8,12:15,1,1,1,2.0,4.0,92002,AUTOROUTE A86,M,"48,7632142","2,3108203",92,2019,70.0,1.0,2.0,1.0,2145177,1.0,1,1,2,9.0,,-1.0,0,1977.0,A01,138Â 304Â 019,1.0,0.0,-1.0,1638127,2.0,7,,0.0,2.0,4.0,C01,138Â 304Â 018,1.0
959814,201900001345,5,8,12:15,1,1,1,2.0,4.0,92002,AUTOROUTE A86,M,"48,7632142","2,3108203",92,2019,70.0,1.0,2.0,1.0,2145177,1.0,1,1,2,9.0,,-1.0,0,1977.0,A01,138Â 304Â 019,1.0,0.0,-1.0,1638128,2.0,7,,0.0,2.0,1.0,A01,138Â 304Â 019,1.0
959815,201900001346,5,7,22:00,3,1,1,1.0,2.0,91659,AUTOROUTE A6,M,"48,5838400","2,4555600",91,2019,110.0,1.0,1.0,1.0,2145178,1.0,1,4,1,0.0,,0.0,0,1997.0,A01,138Â 304Â 015,8.0,0.0,-1.0,1638129,2.0,10,,3.0,2.0,2.0,A01,138Â 304Â 015,1.0
959815,201900001346,5,7,22:00,3,1,1,1.0,2.0,91659,AUTOROUTE A6,M,"48,5838400","2,4555600",91,2019,110.0,1.0,1.0,1.0,2145178,1.0,1,4,1,0.0,,0.0,0,1997.0,A01,138Â 304Â 015,8.0,0.0,-1.0,1638130,2.0,7,,0.0,2.0,5.0,B01,138Â 304Â 016,1.0
959815,201900001346,5,7,22:00,3,1,1,1.0,2.0,91659,AUTOROUTE A6,M,"48,5838400","2,4555600",91,2019,110.0,1.0,1.0,1.0,2145179,1.0,1,1,1,5.0,,0.0,0,1995.0,B01,138Â 304Â 016,1.0,0.0,-1.0,1638129,2.0,10,,3.0,2.0,2.0,A01,138Â 304Â 015,1.0
959815,201900001346,5,7,22:00,3,1,1,1.0,2.0,91659,AUTOROUTE A6,M,"48,5838400","2,4555600",91,2019,110.0,1.0,1.0,1.0,2145179,1.0,1,1,1,5.0,,0.0,0,1995.0,B01,138Â 304Â 016,1.0,0.0,-1.0,1638130,2.0,7,,0.0,2.0,5.0,B01,138Â 304Â 016,1.0
959816,201900001347,5,7,18:20,1,1,1,1.0,5.0,92002,AUTOROUTE A86,M,"48,7605835","2,2926766",92,2019,90.0,1.0,1.0,1.0,2145180,1.0,1,3,1,1.0,,-1.0,0,1987.0,A01,138Â 304Â 011,2.0,6.0,-1.0,1638131,1.0,33,,0.0,2.0,2.0,A01,138Â 304Â 011,1.0
959816,201900001347,5,7,18:20,1,1,1,1.0,5.0,92002,AUTOROUTE A86,M,"48,7605835","2,2926766",92,2019,90.0,1.0,1.0,1.0,2145180,1.0,1,3,1,1.0,,-1.0,0,1987.0,A01,138Â 304Â 011,2.0,6.0,-1.0,1638132,1.0,7,,0.0,2.0,6.0,B01,138Â 304Â 012,1.0
959816,201900001347,5,7,18:20,1,1,1,1.0,5.0,92002,AUTOROUTE A86,M,"48,7605835","2,2926766",92,2019,90.0,1.0,1.0,1.0,2145180,1.0,1,3,1,1.0,,-1.0,0,1987.0,A01,138Â 304Â 011,2.0,6.0,-1.0,1638133,2.0,7,,0.0,2.0,1.0,C01,138Â 304Â 013,1.0
959816,201900001347,5,7,18:20,1,1,1,1.0,5.0,92002,AUTOROUTE A86,M,"48,7605835","2,2926766",92,2019,90.0,1.0,1.0,1.0,2145180,1.0,1,3,1,1.0,,-1.0,0,1987.0,A01,138Â 304Â 011,2.0,6.0,-1.0,1638134,2.0,7,,0.0,2.0,1.0,D01,138Â 304Â 014,1.0
959816,201900001347,5,7,18:20,1,1,1,1.0,5.0,92002,AUTOROUTE A86,M,"48,7605835","2,2926766",92,2019,90.0,1.0,1.0,1.0,2145181,1.0,1,1,1,1.0,,-1.0,0,1980.0,B01,138Â 304Â 012,1.0,0.0,-1.0,1638131,1.0,33,,0.0,2.0,2.0,A01,138Â 304Â 011,1.0
959816,201900001347,5,7,18:20,1,1,1,1.0,5.0,92002,AUTOROUTE A86,M,"48,7605835","2,2926766",92,2019,90.0,1.0,1.0,1.0,2145181,1.0,1,1,1,1.0,,-1.0,0,1980.0,B01,138Â 304Â 012,1.0,0.0,-1.0,1638132,1.0,7,,0.0,2.0,6.0,B01,138Â 304Â 012,1.0
959816,201900001347,5,7,18:20,1,1,1,1.0,5.0,92002,AUTOROUTE A86,M,"48,7605835","2,2926766",92,2019,90.0,1.0,1.0,1.0,2145181,1.0,1,1,1,1.0,,-1.0,0,1980.0,B01,138Â 304Â 012,1.0,0.0,-1.0,1638133,2.0,7,,0.0,2.0,1.0,C01,138Â 304Â 013,1.0
959816,201900001347,5,7,18:20,1,1,1,1.0,5.0,92002,AUTOROUTE A86,M,"48,7605835","2,2926766",92,2019,90.0,1.0,1.0,1.0,2145181,1.0,1,1,1,1.0,,-1.0,0,1980.0,B01,138Â 304Â 012,1.0,0.0,-1.0,1638134,2.0,7,,0.0,2.0,1.0,D01,138Â 304Â 014,1.0
959816,201900001347,5,7,18:20,1,1,1,1.0,5.0,92002,AUTOROUTE A86,M,"48,7605835","2,2926766",92,2019,90.0,1.0,1.0,1.0,2145182,1.0,1,1,1,1.0,,-1.0,0,1970.0,C01,138Â 304Â 013,1.0,0.0,-1.0,1638131,1.0,33,,0.0,2.0,2.0,A01,138Â 304Â 011,1.0
959816,201900001347,5,7,18:20,1,1,1,1.0,5.0,92002,AUTOROUTE A86,M,"48,7605835","2,2926766",92,2019,90.0,1.0,1.0,1.0,2145182,1.0,1,1,1,1.0,,-1.0,0,1970.0,C01,138Â 304Â 013,1.0,0.0,-1.0,1638132,1.0,7,,0.0,2.0,6.0,B01,138Â 304Â 012,1.0
959816,201900001347,5,7,18:20,1,1,1,1.0,5.0,92002,AUTOROUTE A86,M,"48,7605835","2,2926766",92,2019,90.0,1.0,1.0,1.0,2145182,1.0,1,1,1,1.0,,-1.0,0,1970.0,C01,138Â 304Â 013,1.0,0.0,-1.0,1638133,2.0,7,,0.0,2.0,1.0,C01,138Â 304Â 013,1.0
959816,201900001347,5,7,18:20,1,1,1,1.0,5.0,92002,AUTOROUTE A86,M,"48,7605835","2,2926766",92,2019,90.0,1.0,1.0,1.0,2145182,1.0,1,1,1,1.0,,-1.0,0,1970.0,C01,138Â 304Â 013,1.0,0.0,-1.0,1638134,2.0,7,,0.0,2.0,1.0,D01,138Â 304Â 014,1.0
959816,201900001347,5,7,18:20,1,1,1,1.0,5.0,92002,AUTOROUTE A86,M,"48,7605835","2,2926766",92,2019,90.0,1.0,1.0,1.0,2145183,1.0,1,1,2,1.0,,-1.0,0,1965.0,D01,138Â 304Â 014,1.0,0.0,-1.0,1638131,1.0,33,,0.0,2.0,2.0,A01,138Â 304Â 011,1.0
959816,201900001347,5,7,18:20,1,1,1,1.0,5.0,92002,AUTOROUTE A86,M,"48,7605835","2,2926766",92,2019,90.0,1.0,1.0,1.0,2145183,1.0,1,1,2,1.0,,-1.0,0,1965.0,D01,138Â 304Â 014,1.0,0.0,-1.0,1638132,1.0,7,,0.0,2.0,6.0,B01,138Â 304Â 012,1.0
959816,201900001347,5,7,18:20,1,1,1,1.0,5.0,92002,AUTOROUTE A86,M,"48,7605835","2,2926766",92,2019,90.0,1.0,1.0,1.0,2145183,1.0,1,1,2,1.0,,-1.0,0,1965.0,D01,138Â 304Â 014,1.0,0.0,-1.0,1638133,2.0,7,,0.0,2.0,1.0,C01,138Â 304Â 013,1.0
959816,201900001347,5,7,18:20,1,1,1,1.0,5.0,92002,AUTOROUTE A86,M,"48,7605835","2,2926766",92,2019,90.0,1.0,1.0,1.0,2145183,1.0,1,1,2,1.0,,-1.0,0,1965.0,D01,138Â 304Â 014,1.0,0.0,-1.0,1638134,2.0,7,,0.0,2.0,1.0,D01,138Â 304Â 014,1.0
959817,201900001348,5,6,14:00,1,1,1,1.0,7.0,94076,AUTOROUTE A6B,M,"48,7912000","2,3445000",94,2019,90.0,1.0,1.0,1.0,2145184,1.0,1,4,1,0.0,,-1.0,0,1971.0,A01,138Â 304Â 010,2.0,6.0,-1.0,1638135,2.0,33,,0.0,0.0,2.0,A01,138Â 304Â 010,1.0
959818,201900001349,5,6,08:20,1,1,1,1.0,2.0,94038,AUTOROUTE A6A,M,"48,7780000","2,3462700",94,2019,90.0,1.0,1.0,1.0,2145185,1.0,1,1,1,4.0,,-1.0,0,1997.0,A01,138Â 304Â 005,1.0,0.0,-1.0,1638136,2.0,13,,0.0,2.0,1.0,A01,138Â 304Â 005,1.0
959818,201900001349,5,6,08:20,1,1,1,1.0,2.0,94038,AUTOROUTE A6A,M,"48,7780000","2,3462700",94,2019,90.0,1.0,1.0,1.0,2145185,1.0,1,1,1,4.0,,-1.0,0,1997.0,A01,138Â 304Â 005,1.0,0.0,-1.0,1638137,2.0,10,,0.0,2.0,4.0,B01,138Â 304Â 006,1.0
959818,201900001349,5,6,08:20,1,1,1,1.0,2.0,94038,AUTOROUTE A6A,M,"48,7780000","2,3462700",94,2019,90.0,1.0,1.0,1.0,2145186,1.0,1,4,2,5.0,,-1.0,0,1966.0,B01,138Â 304Â 006,1.0,0.0,-1.0,1638136,2.0,13,,0.0,2.0,1.0,A01,138Â 304Â 005,1.0
959818,201900001349,5,6,08:20,1,1,1,1.0,2.0,94038,AUTOROUTE A6A,M,"48,7780000","2,3462700",94,2019,90.0,1.0,1.0,1.0,2145186,1.0,1,4,2,5.0,,-1.0,0,1966.0,B01,138Â 304Â 006,1.0,0.0,-1.0,1638137,2.0,10,,0.0,2.0,4.0,B01,138Â 304Â 006,1.0
959819,201900001350,5,5,17:15,1,1,1,1.0,7.0,91521,RN 104,M,"48,6293700","2,4004800",91,2019,90.0,1.0,2.0,2.0,2145187,1.0,1,4,1,5.0,,0.0,0,1985.0,A01,138Â 304Â 004,2.0,6.0,-1.0,1638138,2.0,33,,0.0,2.0,8.0,A01,138Â 304Â 004,1.0
959820,201900001351,5,4,15:45,1,1,1,2.0,3.0,91521,RN 104,M,"48,6376380","2,3976440",91,2019,70.0,1.0,2.0,2.0,2145188,1.0,1,4,2,0.0,,0.0,0,1998.0,A01,138Â 304Â 002,1.0,0.0,-1.0,1638139,1.0,7,,1.0,0.0,5.0,A01,138Â 304Â 002,1.0
959820,201900001351,5,4,15:45,1,1,1,2.0,3.0,91521,RN 104,M,"48,6376380","2,3976440",91,2019,70.0,1.0,2.0,2.0,2145188,1.0,1,4,2,0.0,,0.0,0,1998.0,A01,138Â 304Â 002,1.0,0.0,-1.0,1638140,1.0,7,,1.0,0.0,6.0,B01,138Â 304Â 003,1.0
959820,201900001351,5,4,15:45,1,1,1,2.0,3.0,91521,RN 104,M,"48,6376380","2,3976440",91,2019,70.0,1.0,2.0,2.0,2145189,1.0,1,1,1,0.0,,0.0,0,1992.0,B01,138Â 304Â 003,1.0,0.0,-1.0,1638139,1.0,7,,1.0,0.0,5.0,A01,138Â 304Â 002,1.0
959820,201900001351,5,4,15:45,1,1,1,2.0,3.0,91521,RN 104,M,"48,6376380","2,3976440",91,2019,70.0,1.0,2.0,2.0,2145189,1.0,1,1,1,0.0,,0.0,0,1992.0,B01,138Â 304Â 003,1.0,0.0,-1.0,1638140,1.0,7,,1.0,0.0,6.0,B01,138Â 304Â 003,1.0
959821,201900001352,5,4,15:15,1,1,1,2.0,7.0,91136,AUTOROUTE A10,M,"48,7115400","2,2892600",91,2019,70.0,1.0,2.0,1.0,2145190,1.0,1,4,2,5.0,,0.0,0,1979.0,A01,138Â 304Â 001,1.0,0.0,-1.0,1638141,2.0,7,,4.0,0.0,3.0,A01,138Â 304Â 001,1.0
959822,201900001353,5,4,12:50,1,1,1,8.0,7.0,94034,AUTOROUTE A6B,M,"48,7597800","2,3385800",94,2019,50.0,1.0,8.0,1.0,2145191,1.0,1,4,1,1.0,,-1.0,0,1985.0,A01,138Â 304Â 000,2.0,6.0,-1.0,1638142,1.0,33,,3.0,0.0,0.0,A01,138Â 304Â 000,0.0
959823,201900001354,5,4,12:20,1,1,1,8.0,2.0,91161,AUTOROUTE A6,M,"48,7067000","2,3050600",91,2019,130.0,1.0,2.0,1.0,2145192,1.0,1,1,2,1.0,,0.0,0,1963.0,B01,138Â 303Â 998,1.0,0.0,-1.0,1638143,1.0,7,,0.0,2.0,4.0,B01,138Â 303Â 998,1.0
959823,201900001354,5,4,12:20,1,1,1,8.0,2.0,91161,AUTOROUTE A6,M,"48,7067000","2,3050600",91,2019,130.0,1.0,2.0,1.0,2145192,1.0,1,1,2,1.0,,0.0,0,1963.0,B01,138Â 303Â 998,1.0,0.0,-1.0,1638144,1.0,7,,0.0,2.0,1.0,A01,138Â 303Â 999,1.0
959823,201900001354,5,4,12:20,1,1,1,8.0,2.0,91161,AUTOROUTE A6,M,"48,7067000","2,3050600",91,2019,130.0,1.0,2.0,1.0,2145193,1.0,1,1,1,1.0,,0.0,0,1985.0,A01,138Â 303Â 999,1.0,0.0,-1.0,1638143,1.0,7,,0.0,2.0,4.0,B01,138Â 303Â 998,1.0
959823,201900001354,5,4,12:20,1,1,1,8.0,2.0,91161,AUTOROUTE A6,M,"48,7067000","2,3050600",91,2019,130.0,1.0,2.0,1.0,2145193,1.0,1,1,1,1.0,,0.0,0,1985.0,A01,138Â 303Â 999,1.0,0.0,-1.0,1638144,1.0,7,,0.0,2.0,1.0,A01,138Â 303Â 999,1.0
959823,201900001354,5,4,12:20,1,1,1,8.0,2.0,91161,AUTOROUTE A6,M,"48,7067000","2,3050600",91,2019,130.0,1.0,2.0,1.0,2145194,2.0,2,4,1,1.0,,0.0,0,1990.0,A01,138Â 303Â 999,1.0,0.0,-1.0,1638143,1.0,7,,0.0,2.0,4.0,B01,138Â 303Â 998,1.0
959823,201900001354,5,4,12:20,1,1,1,8.0,2.0,91161,AUTOROUTE A6,M,"48,7067000","2,3050600",91,2019,130.0,1.0,2.0,1.0,2145194,2.0,2,4,1,1.0,,0.0,0,1990.0,A01,138Â 303Â 999,1.0,0.0,-1.0,1638144,1.0,7,,0.0,2.0,1.0,A01,138Â 303Â 999,1.0
959824,201900001355,5,2,15:05,1,1,1,2.0,2.0,91687,AUTOROUTE A6,M,"48,6645300","2,3648800",91,2019,70.0,1.0,2.0,1.0,2145195,1.0,1,4,2,1.0,,0.0,0,1981.0,B01,138Â 303Â 996,1.0,0.0,-1.0,1638145,1.0,7,,0.0,2.0,1.0,B01,138Â 303Â 996,1.0
959824,201900001355,5,2,15:05,1,1,1,2.0,2.0,91687,AUTOROUTE A6,M,"48,6645300","2,3648800",91,2019,70.0,1.0,2.0,1.0,2145195,1.0,1,4,2,1.0,,0.0,0,1981.0,B01,138Â 303Â 996,1.0,0.0,-1.0,1638146,1.0,7,,0.0,2.0,5.0,A01,138Â 303Â 997,1.0
959824,201900001355,5,2,15:05,1,1,1,2.0,2.0,91687,AUTOROUTE A6,M,"48,6645300","2,3648800",91,2019,70.0,1.0,2.0,1.0,2145196,1.0,1,1,1,5.0,,0.0,0,1993.0,A01,138Â 303Â 997,1.0,0.0,-1.0,1638145,1.0,7,,0.0,2.0,1.0,B01,138Â 303Â 996,1.0
959824,201900001355,5,2,15:05,1,1,1,2.0,2.0,91687,AUTOROUTE A6,M,"48,6645300","2,3648800",91,2019,70.0,1.0,2.0,1.0,2145196,1.0,1,1,1,5.0,,0.0,0,1993.0,A01,138Â 303Â 997,1.0,0.0,-1.0,1638146,1.0,7,,0.0,2.0,5.0,A01,138Â 303Â 997,1.0
959825,201900001356,5,2,13:50,1,1,1,1.0,5.0,94038,AUTOROUTE A6B,M,"48,7747100","2,3462500",94,2019,130.0,1.0,2.0,1.0,2145197,1.0,1,1,1,0.0,,-1.0,0,1969.0,D01,138Â 303Â 992,1.0,0.0,-1.0,1638147,2.0,7,,0.0,2.0,6.0,D01,138Â 303Â 992,0.0
959825,201900001356,5,2,13:50,1,1,1,1.0,5.0,94038,AUTOROUTE A6B,M,"48,7747100","2,3462500",94,2019,130.0,1.0,2.0,1.0,2145197,1.0,1,1,1,0.0,,-1.0,0,1969.0,D01,138Â 303Â 992,1.0,0.0,-1.0,1638148,2.0,7,,0.0,2.0,4.0,C01,138Â 303Â 993,0.0
959825,201900001356,5,2,13:50,1,1,1,1.0,5.0,94038,AUTOROUTE A6B,M,"48,7747100","2,3462500",94,2019,130.0,1.0,2.0,1.0,2145197,1.0,1,1,1,0.0,,-1.0,0,1969.0,D01,138Â 303Â 992,1.0,0.0,-1.0,1638149,2.0,7,,0.0,2.0,8.0,B01,138Â 303Â 994,1.0
959825,201900001356,5,2,13:50,1,1,1,1.0,5.0,94038,AUTOROUTE A6B,M,"48,7747100","2,3462500",94,2019,130.0,1.0,2.0,1.0,2145197,1.0,1,1,1,0.0,,-1.0,0,1969.0,D01,138Â 303Â 992,1.0,0.0,-1.0,1638150,2.0,7,,0.0,2.0,3.0,A01,138Â 303Â 995,1.0
959825,201900001356,5,2,13:50,1,1,1,1.0,5.0,94038,AUTOROUTE A6B,M,"48,7747100","2,3462500",94,2019,130.0,1.0,2.0,1.0,2145198,1.0,1,1,1,0.0,,-1.0,0,1960.0,C01,138Â 303Â 993,1.0,0.0,-1.0,1638147,2.0,7,,0.0,2.0,6.0,D01,138Â 303Â 992,0.0
959825,201900001356,5,2,13:50,1,1,1,1.0,5.0,94038,AUTOROUTE A6B,M,"48,7747100","2,3462500",94,2019,130.0,1.0,2.0,1.0,2145198,1.0,1,1,1,0.0,,-1.0,0,1960.0,C01,138Â 303Â 993,1.0,0.0,-1.0,1638148,2.0,7,,0.0,2.0,4.0,C01,138Â 303Â 993,0.0
959825,201900001356,5,2,13:50,1,1,1,1.0,5.0,94038,AUTOROUTE A6B,M,"48,7747100","2,3462500",94,2019,130.0,1.0,2.0,1.0,2145198,1.0,1,1,1,0.0,,-1.0,0,1960.0,C01,138Â 303Â 993,1.0,0.0,-1.0,1638149,2.0,7,,0.0,2.0,8.0,B01,138Â 303Â 994,1.0
959825,201900001356,5,2,13:50,1,1,1,1.0,5.0,94038,AUTOROUTE A6B,M,"48,7747100","2,3462500",94,2019,130.0,1.0,2.0,1.0,2145198,1.0,1,1,1,0.0,,-1.0,0,1960.0,C01,138Â 303Â 993,1.0,0.0,-1.0,1638150,2.0,7,,0.0,2.0,3.0,A01,138Â 303Â 995,1.0
959825,201900001356,5,2,13:50,1,1,1,1.0,5.0,94038,AUTOROUTE A6B,M,"48,7747100","2,3462500",94,2019,130.0,1.0,2.0,1.0,2145199,1.0,1,1,1,0.0,,-1.0,0,1975.0,B01,138Â 303Â 994,1.0,0.0,-1.0,1638147,2.0,7,,0.0,2.0,6.0,D01,138Â 303Â 992,0.0
959825,201900001356,5,2,13:50,1,1,1,1.0,5.0,94038,AUTOROUTE A6B,M,"48,7747100","2,3462500",94,2019,130.0,1.0,2.0,1.0,2145199,1.0,1,1,1,0.0,,-1.0,0,1975.0,B01,138Â 303Â 994,1.0,0.0,-1.0,1638148,2.0,7,,0.0,2.0,4.0,C01,138Â 303Â 993,0.0
959825,201900001356,5,2,13:50,1,1,1,1.0,5.0,94038,AUTOROUTE A6B,M,"48,7747100","2,3462500",94,2019,130.0,1.0,2.0,1.0,2145199,1.0,1,1,1,0.0,,-1.0,0,1975.0,B01,138Â 303Â 994,1.0,0.0,-1.0,1638149,2.0,7,,0.0,2.0,8.0,B01,138Â 303Â 994,1.0
959825,201900001356,5,2,13:50,1,1,1,1.0,5.0,94038,AUTOROUTE A6B,M,"48,7747100","2,3462500",94,2019,130.0,1.0,2.0,1.0,2145199,1.0,1,1,1,0.0,,-1.0,0,1975.0,B01,138Â 303Â 994,1.0,0.0,-1.0,1638150,2.0,7,,0.0,2.0,3.0,A01,138Â 303Â 995,1.0
959825,201900001356,5,2,13:50,1,1,1,1.0,5.0,94038,AUTOROUTE A6B,M,"48,7747100","2,3462500",94,2019,130.0,1.0,2.0,1.0,2145200,2.0,2,4,1,0.0,,-1.0,0,1996.0,A01,138Â 303Â 995,1.0,0.0,-1.0,1638147,2.0,7,,0.0,2.0,6.0,D01,138Â 303Â 992,0.0
959825,201900001356,5,2,13:50,1,1,1,1.0,5.0,94038,AUTOROUTE A6B,M,"48,7747100","2,3462500",94,2019,130.0,1.0,2.0,1.0,2145200,2.0,2,4,1,0.0,,-1.0,0,1996.0,A01,138Â 303Â 995,1.0,0.0,-1.0,1638148,2.0,7,,0.0,2.0,4.0,C01,138Â 303Â 993,0.0
959825,201900001356,5,2,13:50,1,1,1,1.0,5.0,94038,AUTOROUTE A6B,M,"48,7747100","2,3462500",94,2019,130.0,1.0,2.0,1.0,2145200,2.0,2,4,1,0.0,,-1.0,0,1996.0,A01,138Â 303Â 995,1.0,0.0,-1.0,1638149,2.0,7,,0.0,2.0,8.0,B01,138Â 303Â 994,1.0
959825,201900001356,5,2,13:50,1,1,1,1.0,5.0,94038,AUTOROUTE A6B,M,"48,7747100","2,3462500",94,2019,130.0,1.0,2.0,1.0,2145200,2.0,2,4,1,0.0,,-1.0,0,1996.0,A01,138Â 303Â 995,1.0,0.0,-1.0,1638150,2.0,7,,0.0,2.0,3.0,A01,138Â 303Â 995,1.0
959826,201900001357,5,2,06:00,1,1,1,1.0,2.0,91377,AUTOROUTE A10,M,"48,7245000","2,3001000",91,2019,110.0,1.0,1.0,1.0,2145201,1.0,1,1,1,4.0,,0.0,0,1991.0,A01,138Â 303Â 990,1.0,0.0,-1.0,1638151,1.0,17,,1.0,0.0,2.0,A01,138Â 303Â 990,1.0
959826,201900001357,5,2,06:00,1,1,1,1.0,2.0,91377,AUTOROUTE A10,M,"48,7245000","2,3001000",91,2019,110.0,1.0,1.0,1.0,2145201,1.0,1,1,1,4.0,,0.0,0,1991.0,A01,138Â 303Â 990,1.0,0.0,-1.0,1638152,1.0,7,,0.0,2.0,6.0,B01,138Â 303Â 991,1.0
959826,201900001357,5,2,06:00,1,1,1,1.0,2.0,91377,AUTOROUTE A10,M,"48,7245000","2,3001000",91,2019,110.0,1.0,1.0,1.0,2145202,2.0,2,4,1,4.0,,0.0,0,1989.0,B01,138Â 303Â 991,8.0,0.0,-1.0,1638151,1.0,17,,1.0,0.0,2.0,A01,138Â 303Â 990,1.0
959826,201900001357,5,2,06:00,1,1,1,1.0,2.0,91377,AUTOROUTE A10,M,"48,7245000","2,3001000",91,2019,110.0,1.0,1.0,1.0,2145202,2.0,2,4,1,4.0,,0.0,0,1989.0,B01,138Â 303Â 991,8.0,0.0,-1.0,1638152,1.0,7,,0.0,2.0,6.0,B01,138Â 303Â 991,1.0
959826,201900001357,5,2,06:00,1,1,1,1.0,2.0,91377,AUTOROUTE A10,M,"48,7245000","2,3001000",91,2019,110.0,1.0,1.0,1.0,2145203,1.0,1,4,1,4.0,,0.0,0,1995.0,B01,138Â 303Â 991,8.0,0.0,-1.0,1638151,1.0,17,,1.0,0.0,2.0,A01,138Â 303Â 990,1.0
959826,201900001357,5,2,06:00,1,1,1,1.0,2.0,91377,AUTOROUTE A10,M,"48,7245000","2,3001000",91,2019,110.0,1.0,1.0,1.0,2145203,1.0,1,4,1,4.0,,0.0,0,1995.0,B01,138Â 303Â 991,8.0,0.0,-1.0,1638152,1.0,7,,0.0,2.0,6.0,B01,138Â 303Â 991,1.0
959827,201900001358,4,29,07:55,1,1,1,1.0,2.0,91553,RN 104,M,"48,6284200","2,4806300",91,2019,110.0,1.0,1.0,2.0,2145204,1.0,1,1,1,0.0,,0.0,0,1972.0,A01,138Â 303Â 986,1.0,0.0,-1.0,1638153,1.0,7,,0.0,2.0,3.0,A01,138Â 303Â 986,0.0
959827,201900001358,4,29,07:55,1,1,1,1.0,2.0,91553,RN 104,M,"48,6284200","2,4806300",91,2019,110.0,1.0,1.0,2.0,2145204,1.0,1,1,1,0.0,,0.0,0,1972.0,A01,138Â 303Â 986,1.0,0.0,-1.0,1638154,1.0,7,,4.0,2.0,5.0,B01,138Â 303Â 987,0.0
959827,201900001358,4,29,07:55,1,1,1,1.0,2.0,91553,RN 104,M,"48,6284200","2,4806300",91,2019,110.0,1.0,1.0,2.0,2145205,1.0,1,4,2,1.0,,0.0,0,1961.0,B01,138Â 303Â 987,1.0,0.0,-1.0,1638153,1.0,7,,0.0,2.0,3.0,A01,138Â 303Â 986,0.0
959827,201900001358,4,29,07:55,1,1,1,1.0,2.0,91553,RN 104,M,"48,6284200","2,4806300",91,2019,110.0,1.0,1.0,2.0,2145205,1.0,1,4,2,1.0,,0.0,0,1961.0,B01,138Â 303Â 987,1.0,0.0,-1.0,1638154,1.0,7,,4.0,2.0,5.0,B01,138Â 303Â 987,0.0
959828,201900001359,5,29,15:50,1,1,1,1.0,6.0,92036,AUTOROUTE A86,M,"48,9345200","2,2677300",92,2019,90.0,1.0,1.0,1.0,2145206,1.0,1,4,2,0.0,,-1.0,0,1974.0,A01,138Â 303Â 985,1.0,0.0,-1.0,1638155,1.0,7,,0.0,0.0,0.0,A01,138Â 303Â 985,1.0
959829,201900001360,5,28,17:40,1,1,1,1.0,6.0,92050,A86,M,"48,9127969","2,2178569",92,2019,90.0,1.0,1.0,1.0,2145207,1.0,1,4,1,4.0,,-1.0,0,1989.0,A01,138Â 303Â 984,2.0,6.0,-1.0,1638156,1.0,33,,0.0,0.0,7.0,A01,138Â 303Â 984,1.0
959830,201900001361,5,27,08:05,1,1,1,1.0,6.0,92036,A86,M,"48,9347202","2,2678634",92,2019,70.0,1.0,1.0,1.0,2145208,1.0,1,1,1,1.0,,-1.0,0,1968.0,C01,138Â 303Â 981,1.0,4.0,-1.0,1638157,2.0,7,,0.0,2.0,8.0,C01,138Â 303Â 981,1.0