Unnamed: 0_x,num_acc,mois,jour,hrmn,lum,agg,int,atm,col,com,adr,gps,lat,long,dep,annee,vma,situ,surf,catr,Unnamed: 0_y,place,catu,grav,sexe,trajet,secu,locp,actp,an_nais,num_veh_x,id_vehicule_x,secu1,secu2,secu3,Unnamed: 0,senc,catv,occutc,obs,obsm,choc,num_veh_y,id_vehicule_y,motor
959830,201900001361,5,27,08:05,1,1,1,1.0,6.0,92036,A86,M,"48,9347202","2,2678634",92,2019,70.0,1.0,1.0,1.0,2145208,1.0,1,1,1,1.0,,-1.0,0,1968.0,C01,138Â 303Â 981,1.0,4.0,-1.0,1638158,2.0,7,,0.0,2.0,5.0,B01,138Â 303Â 982,1.0
959830,201900001361,5,27,08:05,1,1,1,1.0,6.0,92036,A86,M,"48,9347202","2,2678634",92,2019,70.0,1.0,1.0,1.0,2145208,1.0,1,1,1,1.0,,-1.0,0,1968.0,C01,138Â 303Â 981,1.0,4.0,-1.0,1638159,2.0,34,,0.0,4.0,1.0,A01,138Â 303Â 983,1.0
959830,201900001361,5,27,08:05,1,1,1,1.0,6.0,92036,A86,M,"48,9347202","2,2678634",92,2019,70.0,1.0,1.0,1.0,2145209,1.0,1,1,1,1.0,,-1.0,0,1989.0,B01,138Â 303Â 982,1.0,4.0,-1.0,1638157,2.0,7,,0.0,2.0,8.0,C01,138Â 303Â 981,1.0
959830,201900001361,5,27,08:05,1,1,1,1.0,6.0,92036,A86,M,"48,9347202","2,2678634",92,2019,70.0,1.0,1.0,1.0,2145209,1.0,1,1,1,1.0,,-1.0,0,1989.0,B01,138Â 303Â 982,1.0,4.0,-1.0,1638158,2.0,7,,0.0,2.0,5.0,B01,138Â 303Â 982,1.0
959830,201900001361,5,27,08:05,1,1,1,1.0,6.0,92036,A86,M,"48,9347202","2,2678634",92,2019,70.0,1.0,1.0,1.0,2145209,1.0,1,1,1,1.0,,-1.0,0,1989.0,B01,138Â 303Â 982,1.0,4.0,-1.0,1638159,2.0,34,,0.0,4.0,1.0,A01,138Â 303Â 983,1.0
959830,201900001361,5,27,08:05,1,1,1,1.0,6.0,92036,A86,M,"48,9347202","2,2678634",92,2019,70.0,1.0,1.0,1.0,2145210,2.0,1,4,1,1.0,,-1.0,0,1983.0,A01,138Â 303Â 983,2.0,0.0,-1.0,1638157,2.0,7,,0.0,2.0,8.0,C01,138Â 303Â 981,1.0
959830,201900001361,5,27,08:05,1,1,1,1.0,6.0,92036,A86,M,"48,9347202","2,2678634",92,2019,70.0,1.0,1.0,1.0,2145210,2.0,1,4,1,1.0,,-1.0,0,1983.0,A01,138Â 303Â 983,2.0,0.0,-1.0,1638158,2.0,7,,0.0,2.0,5.0,B01,138Â 303Â 982,1.0
959830,201900001361,5,27,08:05,1,1,1,1.0,6.0,92036,A86,M,"48,9347202","2,2678634",92,2019,70.0,1.0,1.0,1.0,2145210,2.0,1,4,1,1.0,,-1.0,0,1983.0,A01,138Â 303Â 983,2.0,0.0,-1.0,1638159,2.0,34,,0.0,4.0,1.0,A01,138Â 303Â 983,1.0
959831,201900001362,5,26,21:40,4,1,1,1.0,6.0,92025,A86,M,"48,9274816","2,2375338",92,2019,90.0,2.0,1.0,1.0,2145211,4.0,2,4,1,9.0,,-1.0,0,1999.0,A01,138Â 303Â 980,8.0,0.0,-1.0,1638160,1.0,10,,4.0,0.0,3.0,A01,138Â 303Â 980,1.0
959831,201900001362,5,26,21:40,4,1,1,1.0,6.0,92025,A86,M,"48,9274816","2,2375338",92,2019,90.0,2.0,1.0,1.0,2145212,5.0,2,4,1,9.0,,-1.0,0,2000.0,A01,138Â 303Â 980,1.0,0.0,-1.0,1638160,1.0,10,,4.0,0.0,3.0,A01,138Â 303Â 980,1.0
959831,201900001362,5,26,21:40,4,1,1,1.0,6.0,92025,A86,M,"48,9274816","2,2375338",92,2019,90.0,2.0,1.0,1.0,2145213,3.0,2,4,1,0.0,,-1.0,0,2000.0,A01,138Â 303Â 980,8.0,0.0,-1.0,1638160,1.0,10,,4.0,0.0,3.0,A01,138Â 303Â 980,1.0
959831,201900001362,5,26,21:40,4,1,1,1.0,6.0,92025,A86,M,"48,9274816","2,2375338",92,2019,90.0,2.0,1.0,1.0,2145214,1.0,1,4,1,0.0,,-1.0,0,2000.0,A01,138Â 303Â 980,8.0,0.0,-1.0,1638160,1.0,10,,4.0,0.0,3.0,A01,138Â 303Â 980,1.0
959831,201900001362,5,26,21:40,4,1,1,1.0,6.0,92025,A86,M,"48,9274816","2,2375338",92,2019,90.0,2.0,1.0,1.0,2145215,2.0,2,3,1,0.0,,-1.0,0,2000.0,A01,138Â 303Â 980,8.0,0.0,-1.0,1638160,1.0,10,,4.0,0.0,3.0,A01,138Â 303Â 980,1.0
959832,201900001363,5,26,16:50,1,1,1,1.0,2.0,78362,A13,M,"48,9759310","1,7225690",78,2019,110.0,1.0,1.0,1.0,2145216,1.0,1,1,1,5.0,,-1.0, -1,1967.0,B01,138Â 303Â 978,1.0,8.0,-1.0,1638161,2.0,7,,0.0,2.0,6.0,B01,138Â 303Â 978,1.0
959832,201900001363,5,26,16:50,1,1,1,1.0,2.0,78362,A13,M,"48,9759310","1,7225690",78,2019,110.0,1.0,1.0,1.0,2145216,1.0,1,1,1,5.0,,-1.0, -1,1967.0,B01,138Â 303Â 978,1.0,8.0,-1.0,1638162,2.0,31,,0.0,2.0,1.0,A01,138Â 303Â 979,1.0
959832,201900001363,5,26,16:50,1,1,1,1.0,2.0,78362,A13,M,"48,9759310","1,7225690",78,2019,110.0,1.0,1.0,1.0,2145217,1.0,1,4,1,5.0,,-1.0, -1,1992.0,A01,138Â 303Â 979,2.0,6.0,-1.0,1638161,2.0,7,,0.0,2.0,6.0,B01,138Â 303Â 978,1.0
959832,201900001363,5,26,16:50,1,1,1,1.0,2.0,78362,A13,M,"48,9759310","1,7225690",78,2019,110.0,1.0,1.0,1.0,2145217,1.0,1,4,1,5.0,,-1.0, -1,1992.0,A01,138Â 303Â 979,2.0,6.0,-1.0,1638162,2.0,31,,0.0,2.0,1.0,A01,138Â 303Â 979,1.0
959832,201900001363,5,26,16:50,1,1,1,1.0,2.0,78362,A13,M,"48,9759310","1,7225690",78,2019,110.0,1.0,1.0,1.0,2145218,2.0,2,4,2,9.0,,-1.0, -1,1991.0,A01,138Â 303Â 979,2.0,6.0,-1.0,1638161,2.0,7,,0.0,2.0,6.0,B01,138Â 303Â 978,1.0
959832,201900001363,5,26,16:50,1,1,1,1.0,2.0,78362,A13,M,"48,9759310","1,7225690",78,2019,110.0,1.0,1.0,1.0,2145218,2.0,2,4,2,9.0,,-1.0, -1,1991.0,A01,138Â 303Â 979,2.0,6.0,-1.0,1638162,2.0,31,,0.0,2.0,1.0,A01,138Â 303Â 979,1.0
959833,201900001364,5,26,07:05,1,1,1,1.0,7.0,92050,A14,M,"48,9018318","2,2028664",92,2019,50.0,1.0,1.0,1.0,2145219,1.0,1,4,1,0.0,,-1.0,0,1979.0,A01,138Â 303Â 977,2.0,6.0,-1.0,1638163,2.0,33,,0.0,0.0,8.0,A01,138Â 303Â 977,1.0
959834,201900001365,6,11,09:25,1,2,2,1.0,1.0,93005,MARC CHAGALL (BOULEVARD),M,"48,9536660","2,5064400",93,2019,50.0,1.0,1.0,3.0,2145220,1.0,1,4,1,1.0,,-1.0, -1,1983.0,B01,138Â 303Â 975,8.0,0.0,-1.0,1638164,3.0,10,,0.0,2.0,2.0,B01,138Â 303Â 975,1.0
959834,201900001365,6,11,09:25,1,2,2,1.0,1.0,93005,MARC CHAGALL (BOULEVARD),M,"48,9536660","2,5064400",93,2019,50.0,1.0,1.0,3.0,2145220,1.0,1,4,1,1.0,,-1.0, -1,1983.0,B01,138Â 303Â 975,8.0,0.0,-1.0,1638165,3.0,7,,0.0,2.0,1.0,A01,138Â 303Â 976,1.0
959834,201900001365,6,11,09:25,1,2,2,1.0,1.0,93005,MARC CHAGALL (BOULEVARD),M,"48,9536660","2,5064400",93,2019,50.0,1.0,1.0,3.0,2145221,2.0,2,4,1,1.0,,-1.0, -1,1979.0,B01,138Â 303Â 975,8.0,0.0,-1.0,1638164,3.0,10,,0.0,2.0,2.0,B01,138Â 303Â 975,1.0
959834,201900001365,6,11,09:25,1,2,2,1.0,1.0,93005,MARC CHAGALL (BOULEVARD),M,"48,9536660","2,5064400",93,2019,50.0,1.0,1.0,3.0,2145221,2.0,2,4,1,1.0,,-1.0, -1,1979.0,B01,138Â 303Â 975,8.0,0.0,-1.0,1638165,3.0,7,,0.0,2.0,1.0,A01,138Â 303Â 976,1.0
959834,201900001365,6,11,09:25,1,2,2,1.0,1.0,93005,MARC CHAGALL (BOULEVARD),M,"48,9536660","2,5064400",93,2019,50.0,1.0,1.0,3.0,2145222,1.0,1,4,1,0.0,,-1.0, -1,1985.0,A01,138Â 303Â 976,1.0,0.0,-1.0,1638164,3.0,10,,0.0,2.0,2.0,B01,138Â 303Â 975,1.0
959834,201900001365,6,11,09:25,1,2,2,1.0,1.0,93005,MARC CHAGALL (BOULEVARD),M,"48,9536660","2,5064400",93,2019,50.0,1.0,1.0,3.0,2145222,1.0,1,4,1,0.0,,-1.0, -1,1985.0,A01,138Â 303Â 976,1.0,0.0,-1.0,1638165,3.0,7,,0.0,2.0,1.0,A01,138Â 303Â 976,1.0
959835,201900001366,6,8,15:15,1,2,2,2.0,3.0,93005,JEAN CHARCOT [CD115] (RUE),M,"48,9340550","2,4911000",93,2019,50.0,1.0,1.0,3.0,2145223,1.0,1,4,1,0.0,,-1.0, -1,1988.0,B01,138Â 303Â 973,1.0,0.0,-1.0,1638166,3.0,7,,0.0,2.0,7.0,B01,138Â 303Â 973,1.0
959835,201900001366,6,8,15:15,1,2,2,2.0,3.0,93005,JEAN CHARCOT [CD115] (RUE),M,"48,9340550","2,4911000",93,2019,50.0,1.0,1.0,3.0,2145223,1.0,1,4,1,0.0,,-1.0, -1,1988.0,B01,138Â 303Â 973,1.0,0.0,-1.0,1638167,3.0,7,,0.0,2.0,2.0,A01,138Â 303Â 974,1.0
959835,201900001366,6,8,15:15,1,2,2,2.0,3.0,93005,JEAN CHARCOT [CD115] (RUE),M,"48,9340550","2,4911000",93,2019,50.0,1.0,1.0,3.0,2145224,1.0,1,1,2,0.0,,-1.0, -1,1995.0,A01,138Â 303Â 974,1.0,8.0,-1.0,1638166,3.0,7,,0.0,2.0,7.0,B01,138Â 303Â 973,1.0
959835,201900001366,6,8,15:15,1,2,2,2.0,3.0,93005,JEAN CHARCOT [CD115] (RUE),M,"48,9340550","2,4911000",93,2019,50.0,1.0,1.0,3.0,2145224,1.0,1,1,2,0.0,,-1.0, -1,1995.0,A01,138Â 303Â 974,1.0,8.0,-1.0,1638167,3.0,7,,0.0,2.0,2.0,A01,138Â 303Â 974,1.0
959836,201900001367,6,7,18:30,1,2,1,2.0,4.0,93005,MARC CHAGALL (BOULEVARD),M,"48,9531900","2,5014650",93,2019,50.0,1.0,2.0,3.0,2145225,1.0,1,3,2,1.0,,-1.0, -1,1968.0,C01,138Â 303Â 970,1.0,8.0,-1.0,1638168,0.0,10,,0.0,2.0,4.0,C01,138Â 303Â 970,1.0
959836,201900001367,6,7,18:30,1,2,1,2.0,4.0,93005,MARC CHAGALL (BOULEVARD),M,"48,9531900","2,5014650",93,2019,50.0,1.0,2.0,3.0,2145225,1.0,1,3,2,1.0,,-1.0, -1,1968.0,C01,138Â 303Â 970,1.0,8.0,-1.0,1638169,3.0,10,,0.0,2.0,4.0,B01,138Â 303Â 971,1.0
959836,201900001367,6,7,18:30,1,2,1,2.0,4.0,93005,MARC CHAGALL (BOULEVARD),M,"48,9531900","2,5014650",93,2019,50.0,1.0,2.0,3.0,2145225,1.0,1,3,2,1.0,,-1.0, -1,1968.0,C01,138Â 303Â 970,1.0,8.0,-1.0,1638170,1.0,7,,0.0,2.0,1.0,A01,138Â 303Â 972,1.0
959836,201900001367,6,7,18:30,1,2,1,2.0,4.0,93005,MARC CHAGALL (BOULEVARD),M,"48,9531900","2,5014650",93,2019,50.0,1.0,2.0,3.0,2145226,1.0,1,1,2,9.0,,-1.0, -1,1978.0,B01,138Â 303Â 971,1.0,8.0,-1.0,1638168,0.0,10,,0.0,2.0,4.0,C01,138Â 303Â 970,1.0
959836,201900001367,6,7,18:30,1,2,1,2.0,4.0,93005,MARC CHAGALL (BOULEVARD),M,"48,9531900","2,5014650",93,2019,50.0,1.0,2.0,3.0,2145226,1.0,1,1,2,9.0,,-1.0, -1,1978.0,B01,138Â 303Â 971,1.0,8.0,-1.0,1638169,3.0,10,,0.0,2.0,4.0,B01,138Â 303Â 971,1.0
959836,201900001367,6,7,18:30,1,2,1,2.0,4.0,93005,MARC CHAGALL (BOULEVARD),M,"48,9531900","2,5014650",93,2019,50.0,1.0,2.0,3.0,2145226,1.0,1,1,2,9.0,,-1.0, -1,1978.0,B01,138Â 303Â 971,1.0,8.0,-1.0,1638170,1.0,7,,0.0,2.0,1.0,A01,138Â 303Â 972,1.0
959836,201900001367,6,7,18:30,1,2,1,2.0,4.0,93005,MARC CHAGALL (BOULEVARD),M,"48,9531900","2,5014650",93,2019,50.0,1.0,2.0,3.0,2145227,1.0,1,1,2,9.0,,-1.0, -1,1995.0,A01,138Â 303Â 972,1.0,0.0,-1.0,1638168,0.0,10,,0.0,2.0,4.0,C01,138Â 303Â 970,1.0
959836,201900001367,6,7,18:30,1,2,1,2.0,4.0,93005,MARC CHAGALL (BOULEVARD),M,"48,9531900","2,5014650",93,2019,50.0,1.0,2.0,3.0,2145227,1.0,1,1,2,9.0,,-1.0, -1,1995.0,A01,138Â 303Â 972,1.0,0.0,-1.0,1638169,3.0,10,,0.0,2.0,4.0,B01,138Â 303Â 971,1.0
959836,201900001367,6,7,18:30,1,2,1,2.0,4.0,93005,MARC CHAGALL (BOULEVARD),M,"48,9531900","2,5014650",93,2019,50.0,1.0,2.0,3.0,2145227,1.0,1,1,2,9.0,,-1.0, -1,1995.0,A01,138Â 303Â 972,1.0,0.0,-1.0,1638170,1.0,7,,0.0,2.0,1.0,A01,138Â 303Â 972,1.0
959837,201900001368,6,6,19:45,1,2,1,1.0,6.0,93005,SEVRAN (CD44) (RUE DE),M,"48,9431900","2,5039000",93,2019,50.0,1.0,1.0,3.0,2145228,1.0,1,1,2,1.0,,0.0,0,1968.0,A01,138Â 303Â 969,1.0,0.0,-1.0,1638171,3.0,7,,0.0,1.0,1.0,A01,138Â 303Â 969,1.0
959837,201900001368,6,6,19:45,1,2,1,1.0,6.0,93005,SEVRAN (CD44) (RUE DE),M,"48,9431900","2,5039000",93,2019,50.0,1.0,1.0,3.0,2145229,10.0,3,4,1,1.0,,2.0,3,1998.0,A01,138Â 303Â 969,8.0,0.0,-1.0,1638171,3.0,7,,0.0,1.0,1.0,A01,138Â 303Â 969,1.0
959838,201900001369,6,6,19:05,1,2,1,1.0,4.0,93005,JACQUES DUCLOS [CD44] (RUE),M,"48,9555010","2,4922450",93,2019,50.0,1.0,1.0,3.0,2145230,1.0,1,1,1,0.0,,-1.0, -1,1996.0,C01,138Â 303Â 966,1.0,0.0,-1.0,1638172,2.0,7,,0.0,2.0,1.0,C01,138Â 303Â 966,1.0
959838,201900001369,6,6,19:05,1,2,1,1.0,4.0,93005,JACQUES DUCLOS [CD44] (RUE),M,"48,9555010","2,4922450",93,2019,50.0,1.0,1.0,3.0,2145230,1.0,1,1,1,0.0,,-1.0, -1,1996.0,C01,138Â 303Â 966,1.0,0.0,-1.0,1638173,2.0,7,,0.0,2.0,4.0,B01,138Â 303Â 967,1.0
959838,201900001369,6,6,19:05,1,2,1,1.0,4.0,93005,JACQUES DUCLOS [CD44] (RUE),M,"48,9555010","2,4922450",93,2019,50.0,1.0,1.0,3.0,2145230,1.0,1,1,1,0.0,,-1.0, -1,1996.0,C01,138Â 303Â 966,1.0,0.0,-1.0,1638174,3.0,7,,0.0,2.0,1.0,A01,138Â 303Â 968,1.0
959838,201900001369,6,6,19:05,1,2,1,1.0,4.0,93005,JACQUES DUCLOS [CD44] (RUE),M,"48,9555010","2,4922450",93,2019,50.0,1.0,1.0,3.0,2145231,1.0,1,4,2,0.0,,-1.0, -1,1966.0,B01,138Â 303Â 967,1.0,0.0,-1.0,1638172,2.0,7,,0.0,2.0,1.0,C01,138Â 303Â 966,1.0
959838,201900001369,6,6,19:05,1,2,1,1.0,4.0,93005,JACQUES DUCLOS [CD44] (RUE),M,"48,9555010","2,4922450",93,2019,50.0,1.0,1.0,3.0,2145231,1.0,1,4,2,0.0,,-1.0, -1,1966.0,B01,138Â 303Â 967,1.0,0.0,-1.0,1638173,2.0,7,,0.0,2.0,4.0,B01,138Â 303Â 967,1.0
959838,201900001369,6,6,19:05,1,2,1,1.0,4.0,93005,JACQUES DUCLOS [CD44] (RUE),M,"48,9555010","2,4922450",93,2019,50.0,1.0,1.0,3.0,2145231,1.0,1,4,2,0.0,,-1.0, -1,1966.0,B01,138Â 303Â 967,1.0,0.0,-1.0,1638174,3.0,7,,0.0,2.0,1.0,A01,138Â 303Â 968,1.0
959838,201900001369,6,6,19:05,1,2,1,1.0,4.0,93005,JACQUES DUCLOS [CD44] (RUE),M,"48,9555010","2,4922450",93,2019,50.0,1.0,1.0,3.0,2145232,1.0,1,1,2,0.0,,-1.0, -1,1994.0,A01,138Â 303Â 968,1.0,0.0,-1.0,1638172,2.0,7,,0.0,2.0,1.0,C01,138Â 303Â 966,1.0
959838,201900001369,6,6,19:05,1,2,1,1.0,4.0,93005,JACQUES DUCLOS [CD44] (RUE),M,"48,9555010","2,4922450",93,2019,50.0,1.0,1.0,3.0,2145232,1.0,1,1,2,0.0,,-1.0, -1,1994.0,A01,138Â 303Â 968,1.0,0.0,-1.0,1638173,2.0,7,,0.0,2.0,4.0,B01,138Â 303Â 967,1.0
959838,201900001369,6,6,19:05,1,2,1,1.0,4.0,93005,JACQUES DUCLOS [CD44] (RUE),M,"48,9555010","2,4922450",93,2019,50.0,1.0,1.0,3.0,2145232,1.0,1,1,2,0.0,,-1.0, -1,1994.0,A01,138Â 303Â 968,1.0,0.0,-1.0,1638174,3.0,7,,0.0,2.0,1.0,A01,138Â 303Â 968,1.0
959839,201900001370,6,6,17:00,1,2,2,1.0,6.0,93005,CROIX NOBILLON (RUE DE LA),M,"48,9454870","2,5082320",93,2019,50.0,2.0,1.0,4.0,2145233,10.0,3,4,1,0.0,,8.0,0,2015.0,A01,138Â 303Â 965,8.0,0.0,-1.0,1638175,3.0,7,,0.0,1.0,3.0,A01,138Â 303Â 965,1.0
959839,201900001370,6,6,17:00,1,2,2,1.0,6.0,93005,CROIX NOBILLON (RUE DE LA),M,"48,9454870","2,5082320",93,2019,50.0,2.0,1.0,4.0,2145234,1.0,1,1,1,0.0,,-1.0, -1,1995.0,A01,138Â 303Â 965,1.0,0.0,-1.0,1638175,3.0,7,,0.0,1.0,3.0,A01,138Â 303Â 965,1.0
959840,201900001371,6,5,11:40,1,2,1,1.0,6.0,93005,PETITS PONTS (ROUTE DES),M,"48,9494400","2,5195900",93,2019,50.0,1.0,1.0,3.0,2145235,1.0,1,1,1,0.0,,-1.0, -1,1956.0,A01,138Â 303Â 964,1.0,0.0,-1.0,1638176,3.0,7,,0.0,1.0,1.0,A01,138Â 303Â 964,1.0
959840,201900001371,6,5,11:40,1,2,1,1.0,6.0,93005,PETITS PONTS (ROUTE DES),M,"48,9494400","2,5195900",93,2019,50.0,1.0,1.0,3.0,2145236,10.0,3,3,1,0.0,,4.0,3,1998.0,A01,138Â 303Â 964,8.0,0.0,-1.0,1638176,3.0,7,,0.0,1.0,1.0,A01,138Â 303Â 964,1.0
959841,201900001372,6,15,23:40,5,2,9,1.0,3.0,93001,VICTOR HUGO (AVE)  => NÂ° 129,M,"48,9086900","2,3780000",93,2019,50.0,1.0,1.0,3.0,2145237,1.0,1,4,1,5.0,,-1.0, -1,1989.0,B01,138Â 303Â 962,8.0,0.0,-1.0,1638177,3.0,30,,0.0,2.0,2.0,B01,138Â 303Â 962,0.0
959841,201900001372,6,15,23:40,5,2,9,1.0,3.0,93001,VICTOR HUGO (AVE)  => NÂ° 129,M,"48,9086900","2,3780000",93,2019,50.0,1.0,1.0,3.0,2145237,1.0,1,4,1,5.0,,-1.0, -1,1989.0,B01,138Â 303Â 962,8.0,0.0,-1.0,1638178,3.0,7,,0.0,2.0,3.0,A01,138Â 303Â 963,0.0
959841,201900001372,6,15,23:40,5,2,9,1.0,3.0,93001,VICTOR HUGO (AVE)  => NÂ° 129,M,"48,9086900","2,3780000",93,2019,50.0,1.0,1.0,3.0,2145238,1.0,1,1,1,0.0,,-1.0, -1,1982.0,A01,138Â 303Â 963,1.0,8.0,-1.0,1638177,3.0,30,,0.0,2.0,2.0,B01,138Â 303Â 962,0.0
959841,201900001372,6,15,23:40,5,2,9,1.0,3.0,93001,VICTOR HUGO (AVE)  => NÂ° 129,M,"48,9086900","2,3780000",93,2019,50.0,1.0,1.0,3.0,2145238,1.0,1,1,1,0.0,,-1.0, -1,1982.0,A01,138Â 303Â 963,1.0,8.0,-1.0,1638178,3.0,7,,0.0,2.0,3.0,A01,138Â 303Â 963,0.0
959842,201900001373,6,15,20:10,1,2,1,1.0,3.0,93001,LUCIEN LEFRANC (QUAI),M,"48,9110800","2,3737500",93,2019,50.0,1.0,1.0,3.0,2145239,1.0,1,1,2,5.0,,-1.0, -1,1992.0,B01,138Â 303Â 960,1.0,8.0,-1.0,1638179,2.0,7,,0.0,2.0,8.0,B01,138Â 303Â 960,1.0
959842,201900001373,6,15,20:10,1,2,1,1.0,3.0,93001,LUCIEN LEFRANC (QUAI),M,"48,9110800","2,3737500",93,2019,50.0,1.0,1.0,3.0,2145239,1.0,1,1,2,5.0,,-1.0, -1,1992.0,B01,138Â 303Â 960,1.0,8.0,-1.0,1638180,2.0,32,,0.0,2.0,1.0,A01,138Â 303Â 961,1.0
959842,201900001373,6,15,20:10,1,2,1,1.0,3.0,93001,LUCIEN LEFRANC (QUAI),M,"48,9110800","2,3737500",93,2019,50.0,1.0,1.0,3.0,2145240,1.0,1,4,1,9.0,,-1.0, -1,1985.0,A01,138Â 303Â 961,2.0,8.0,-1.0,1638179,2.0,7,,0.0,2.0,8.0,B01,138Â 303Â 960,1.0
959842,201900001373,6,15,20:10,1,2,1,1.0,3.0,93001,LUCIEN LEFRANC (QUAI),M,"48,9110800","2,3737500",93,2019,50.0,1.0,1.0,3.0,2145240,1.0,1,4,1,9.0,,-1.0, -1,1985.0,A01,138Â 303Â 961,2.0,8.0,-1.0,1638180,2.0,32,,0.0,2.0,1.0,A01,138Â 303Â 961,1.0
959843,201900001374,6,15,11:05,1,2,1,7.0,1.0,93001,LUCIEN LEFRANC (QUAI),M,"48,9104500","2,3743400",93,2019,50.0,1.0,1.0,3.0,2145241,1.0,1,1,1,0.0,,-1.0, -1,1967.0,A01,138Â 303Â 958,1.0,0.0,-1.0,1638181,1.0,7,,0.0,2.0,3.0,A01,138Â 303Â 958,1.0
959843,201900001374,6,15,11:05,1,2,1,7.0,1.0,93001,LUCIEN LEFRANC (QUAI),M,"48,9104500","2,3743400",93,2019,50.0,1.0,1.0,3.0,2145241,1.0,1,1,1,0.0,,-1.0, -1,1967.0,A01,138Â 303Â 958,1.0,0.0,-1.0,1638182,2.0,33,,0.0,2.0,1.0,B01,138Â 303Â 959,1.0
959843,201900001374,6,15,11:05,1,2,1,7.0,1.0,93001,LUCIEN LEFRANC (QUAI),M,"48,9104500","2,3743400",93,2019,50.0,1.0,1.0,3.0,2145242,2.0,2,4,1,5.0,,-1.0, -1,1989.0,B01,138Â 303Â 959,2.0,0.0,-1.0,1638181,1.0,7,,0.0,2.0,3.0,A01,138Â 303Â 958,1.0
959843,201900001374,6,15,11:05,1,2,1,7.0,1.0,93001,LUCIEN LEFRANC (QUAI),M,"48,9104500","2,3743400",93,2019,50.0,1.0,1.0,3.0,2145242,2.0,2,4,1,5.0,,-1.0, -1,1989.0,B01,138Â 303Â 959,2.0,0.0,-1.0,1638182,2.0,33,,0.0,2.0,1.0,B01,138Â 303Â 959,1.0
959843,201900001374,6,15,11:05,1,2,1,7.0,1.0,93001,LUCIEN LEFRANC (QUAI),M,"48,9104500","2,3743400",93,2019,50.0,1.0,1.0,3.0,2145243,1.0,1,4,1,5.0,,-1.0, -1,1993.0,B01,138Â 303Â 959,2.0,0.0,-1.0,1638181,1.0,7,,0.0,2.0,3.0,A01,138Â 303Â 958,1.0
959843,201900001374,6,15,11:05,1,2,1,7.0,1.0,93001,LUCIEN LEFRANC (QUAI),M,"48,9104500","2,3743400",93,2019,50.0,1.0,1.0,3.0,2145243,1.0,1,4,1,5.0,,-1.0, -1,1993.0,B01,138Â 303Â 959,2.0,0.0,-1.0,1638182,2.0,33,,0.0,2.0,1.0,B01,138Â 303Â 959,1.0
959844,201900001375,6,11,16:20,1,2,1,1.0,6.0,93001,REPUBLIQUE (AVE DE LA ) 43/106 =>,M,"48,9063700","2,3893000",93,2019,50.0,1.0,1.0,3.0,2145244,10.0,3,3,1,0.0,,9.0,B,1964.0,A01,138Â 303Â 957,8.0,0.0,-1.0,1638183,2.0,7,,0.0,1.0,3.0,A01,138Â 303Â 957,0.0
959844,201900001375,6,11,16:20,1,2,1,1.0,6.0,93001,REPUBLIQUE (AVE DE LA ) 43/106 =>,M,"48,9063700","2,3893000",93,2019,50.0,1.0,1.0,3.0,2145245,2.0,2,1,1,0.0,,-1.0, -1,1982.0,A01,138Â 303Â 957,1.0,0.0,-1.0,1638183,2.0,7,,0.0,1.0,3.0,A01,138Â 303Â 957,0.0
959844,201900001375,6,11,16:20,1,2,1,1.0,6.0,93001,REPUBLIQUE (AVE DE LA ) 43/106 =>,M,"48,9063700","2,3893000",93,2019,50.0,1.0,1.0,3.0,2145246,1.0,1,1,2,0.0,,-1.0, -1,1987.0,A01,138Â 303Â 957,1.0,0.0,-1.0,1638183,2.0,7,,0.0,1.0,3.0,A01,138Â 303Â 957,0.0
959845,201900001376,6,3,21:10,1,2,1,1.0,6.0,93001,PONT BLANC.CHARLES TILLON (RUE) =>72,M,"48,9216000","2,3913400",93,2019,30.0,1.0,1.0,3.0,2145247,10.0,3,4,1,0.0,,9.0,B,1973.0,A01,138Â 303Â 956,8.0,0.0,-1.0,1638184,2.0,7,,0.0,2.0,3.0,A01,138Â 303Â 956,1.0
959845,201900001376,6,3,21:10,1,2,1,1.0,6.0,93001,PONT BLANC.CHARLES TILLON (RUE) =>72,M,"48,9216000","2,3913400",93,2019,30.0,1.0,1.0,3.0,2145248,1.0,1,1,1,0.0,,-1.0, -1,1947.0,A01,138Â 303Â 956,1.0,0.0,-1.0,1638184,2.0,7,,0.0,2.0,3.0,A01,138Â 303Â 956,1.0
959846,201900001377,6,2,19:00,1,2,1,1.0,6.0,93001,PRESIDENT ROOSEVELT (AVENUE DU),M,"48,9200000","2,3780000",93,2019,30.0,1.0,1.0,3.0,2145249,10.0,3,4,1,0.0,,1.0,A,1996.0,A01,138Â 303Â 955,0.0,0.0,-1.0,1638185,2.0,30,,0.0,1.0,1.0,A01,138Â 303Â 955,0.0
959846,201900001377,6,2,19:00,1,2,1,1.0,6.0,93001,PRESIDENT ROOSEVELT (AVENUE DU),M,"48,9200000","2,3780000",93,2019,30.0,1.0,1.0,3.0,2145250,1.0,1,1,1,0.0,,-1.0, -1,1999.0,A01,138Â 303Â 955,2.0,8.0,-1.0,1638185,2.0,30,,0.0,1.0,1.0,A01,138Â 303Â 955,0.0
959847,201900001378,6,2,07:55,1,2,1,7.0,2.0,93001,JEAN JAURES  (AVE)  157 A 213,M,"48,9115300","2,4003900",93,2019,50.0,1.0,1.0,3.0,2145251,1.0,1,1,1,9.0,,-1.0, -1,1971.0,B01,138Â 303Â 953,1.0,0.0,-1.0,1638186,2.0,7,,0.0,2.0,1.0,B01,138Â 303Â 953,1.0