Unnamed: 0_x,num_acc,mois,jour,hrmn,lum,agg,int,atm,col,com,adr,gps,lat,long,dep,annee,vma,situ,surf,catr,Unnamed: 0_y,place,catu,grav,sexe,trajet,secu,locp,actp,an_nais,num_veh_x,id_vehicule_x,secu1,secu2,secu3,Unnamed: 0,senc,catv,occutc,obs,obsm,choc,num_veh_y,id_vehicule_y,motor
959847,201900001378,6,2,07:55,1,2,1,7.0,2.0,93001,JEAN JAURES  (AVE)  157 A 213,M,"48,9115300","2,4003900",93,2019,50.0,1.0,1.0,3.0,2145251,1.0,1,1,1,9.0,,-1.0, -1,1971.0,B01,138Â 303Â 953,1.0,0.0,-1.0,1638187,2.0,2,,0.0,2.0,4.0,A01,138Â 303Â 954,1.0
959847,201900001378,6,2,07:55,1,2,1,7.0,2.0,93001,JEAN JAURES  (AVE)  157 A 213,M,"48,9115300","2,4003900",93,2019,50.0,1.0,1.0,3.0,2145252,1.0,1,4,1,0.0,,-1.0, -1,1987.0,A01,138Â 303Â 954,2.0,6.0,-1.0,1638186,2.0,7,,0.0,2.0,1.0,B01,138Â 303Â 953,1.0
959847,201900001378,6,2,07:55,1,2,1,7.0,2.0,93001,JEAN JAURES  (AVE)  157 A 213,M,"48,9115300","2,4003900",93,2019,50.0,1.0,1.0,3.0,2145252,1.0,1,4,1,0.0,,-1.0, -1,1987.0,A01,138Â 303Â 954,2.0,6.0,-1.0,1638187,2.0,2,,0.0,2.0,4.0,A01,138Â 303Â 954,1.0
959848,201900001379,6,1,02:30,5,2,1,1.0,4.0,93001,JEAN JAURES  (AVE)  157 A 213,M,"48,9096840","2,3981580",93,2019,50.0,1.0,1.0,3.0,2145253,2.0,2,4,1,0.0,,-1.0,0,1979.0,B01,138Â 303Â 950,1.0,0.0,-1.0,1638188,2.0,7,,0.0,2.0,1.0,A01,138Â 303Â 949,0.0
959848,201900001379,6,1,02:30,5,2,1,1.0,4.0,93001,JEAN JAURES  (AVE)  157 A 213,M,"48,9096840","2,3981580",93,2019,50.0,1.0,1.0,3.0,2145253,2.0,2,4,1,0.0,,-1.0,0,1979.0,B01,138Â 303Â 950,1.0,0.0,-1.0,1638189,2.0,7,,0.0,2.0,4.0,B01,138Â 303Â 950,0.0
959848,201900001379,6,1,02:30,5,2,1,1.0,4.0,93001,JEAN JAURES  (AVE)  157 A 213,M,"48,9096840","2,3981580",93,2019,50.0,1.0,1.0,3.0,2145253,2.0,2,4,1,0.0,,-1.0,0,1979.0,B01,138Â 303Â 950,1.0,0.0,-1.0,1638190,1.0,7,,0.0,2.0,4.0,C01,138Â 303Â 951,1.0
959848,201900001379,6,1,02:30,5,2,1,1.0,4.0,93001,JEAN JAURES  (AVE)  157 A 213,M,"48,9096840","2,3981580",93,2019,50.0,1.0,1.0,3.0,2145253,2.0,2,4,1,0.0,,-1.0,0,1979.0,B01,138Â 303Â 950,1.0,0.0,-1.0,1638191,2.0,7,,0.0,2.0,4.0,D01,138Â 303Â 952,0.0
959848,201900001379,6,1,02:30,5,2,1,1.0,4.0,93001,JEAN JAURES  (AVE)  157 A 213,M,"48,9096840","2,3981580",93,2019,50.0,1.0,1.0,3.0,2145254,1.0,1,1,2,0.0,,-1.0, -1,1990.0,B01,138Â 303Â 950,1.0,0.0,-1.0,1638188,2.0,7,,0.0,2.0,1.0,A01,138Â 303Â 949,0.0
959848,201900001379,6,1,02:30,5,2,1,1.0,4.0,93001,JEAN JAURES  (AVE)  157 A 213,M,"48,9096840","2,3981580",93,2019,50.0,1.0,1.0,3.0,2145254,1.0,1,1,2,0.0,,-1.0, -1,1990.0,B01,138Â 303Â 950,1.0,0.0,-1.0,1638189,2.0,7,,0.0,2.0,4.0,B01,138Â 303Â 950,0.0
959848,201900001379,6,1,02:30,5,2,1,1.0,4.0,93001,JEAN JAURES  (AVE)  157 A 213,M,"48,9096840","2,3981580",93,2019,50.0,1.0,1.0,3.0,2145254,1.0,1,1,2,0.0,,-1.0, -1,1990.0,B01,138Â 303Â 950,1.0,0.0,-1.0,1638190,1.0,7,,0.0,2.0,4.0,C01,138Â 303Â 951,1.0
959848,201900001379,6,1,02:30,5,2,1,1.0,4.0,93001,JEAN JAURES  (AVE)  157 A 213,M,"48,9096840","2,3981580",93,2019,50.0,1.0,1.0,3.0,2145254,1.0,1,1,2,0.0,,-1.0, -1,1990.0,B01,138Â 303Â 950,1.0,0.0,-1.0,1638191,2.0,7,,0.0,2.0,4.0,D01,138Â 303Â 952,0.0
959848,201900001379,6,1,02:30,5,2,1,1.0,4.0,93001,JEAN JAURES  (AVE)  157 A 213,M,"48,9096840","2,3981580",93,2019,50.0,1.0,1.0,3.0,2145255,1.0,1,1,1,5.0,,-1.0,0,1976.0,C01,138Â 303Â 951,1.0,0.0,-1.0,1638188,2.0,7,,0.0,2.0,1.0,A01,138Â 303Â 949,0.0
959848,201900001379,6,1,02:30,5,2,1,1.0,4.0,93001,JEAN JAURES  (AVE)  157 A 213,M,"48,9096840","2,3981580",93,2019,50.0,1.0,1.0,3.0,2145255,1.0,1,1,1,5.0,,-1.0,0,1976.0,C01,138Â 303Â 951,1.0,0.0,-1.0,1638189,2.0,7,,0.0,2.0,4.0,B01,138Â 303Â 950,0.0
959848,201900001379,6,1,02:30,5,2,1,1.0,4.0,93001,JEAN JAURES  (AVE)  157 A 213,M,"48,9096840","2,3981580",93,2019,50.0,1.0,1.0,3.0,2145255,1.0,1,1,1,5.0,,-1.0,0,1976.0,C01,138Â 303Â 951,1.0,0.0,-1.0,1638190,1.0,7,,0.0,2.0,4.0,C01,138Â 303Â 951,1.0
959848,201900001379,6,1,02:30,5,2,1,1.0,4.0,93001,JEAN JAURES  (AVE)  157 A 213,M,"48,9096840","2,3981580",93,2019,50.0,1.0,1.0,3.0,2145255,1.0,1,1,1,5.0,,-1.0,0,1976.0,C01,138Â 303Â 951,1.0,0.0,-1.0,1638191,2.0,7,,0.0,2.0,4.0,D01,138Â 303Â 952,0.0
959848,201900001379,6,1,02:30,5,2,1,1.0,4.0,93001,JEAN JAURES  (AVE)  157 A 213,M,"48,9096840","2,3981580",93,2019,50.0,1.0,1.0,3.0,2145256,1.0,1,1,1,1.0,,-1.0,0,1980.0,D01,138Â 303Â 952,1.0,0.0,-1.0,1638188,2.0,7,,0.0,2.0,1.0,A01,138Â 303Â 949,0.0
959848,201900001379,6,1,02:30,5,2,1,1.0,4.0,93001,JEAN JAURES  (AVE)  157 A 213,M,"48,9096840","2,3981580",93,2019,50.0,1.0,1.0,3.0,2145256,1.0,1,1,1,1.0,,-1.0,0,1980.0,D01,138Â 303Â 952,1.0,0.0,-1.0,1638189,2.0,7,,0.0,2.0,4.0,B01,138Â 303Â 950,0.0
959848,201900001379,6,1,02:30,5,2,1,1.0,4.0,93001,JEAN JAURES  (AVE)  157 A 213,M,"48,9096840","2,3981580",93,2019,50.0,1.0,1.0,3.0,2145256,1.0,1,1,1,1.0,,-1.0,0,1980.0,D01,138Â 303Â 952,1.0,0.0,-1.0,1638190,1.0,7,,0.0,2.0,4.0,C01,138Â 303Â 951,1.0
959848,201900001379,6,1,02:30,5,2,1,1.0,4.0,93001,JEAN JAURES  (AVE)  157 A 213,M,"48,9096840","2,3981580",93,2019,50.0,1.0,1.0,3.0,2145256,1.0,1,1,1,1.0,,-1.0,0,1980.0,D01,138Â 303Â 952,1.0,0.0,-1.0,1638191,2.0,7,,0.0,2.0,4.0,D01,138Â 303Â 952,0.0
959849,201900001380,6,19,07:35,1,2,1,1.0,3.0,92075,RAYMOND MARCHERON (RUE),M,"48,8190780","2,2874492",92,2019,50.0,1.0,8.0,3.0,2145257,1.0,1,1,1,0.0,,-1.0,0,1954.0,B01,138Â 303Â 947,1.0,0.0,-1.0,1638192,2.0,7,,0.0,2.0,8.0,B01,138Â 303Â 947,1.0
959849,201900001380,6,19,07:35,1,2,1,1.0,3.0,92075,RAYMOND MARCHERON (RUE),M,"48,8190780","2,2874492",92,2019,50.0,1.0,8.0,3.0,2145257,1.0,1,1,1,0.0,,-1.0,0,1954.0,B01,138Â 303Â 947,1.0,0.0,-1.0,1638193,1.0,33,,0.0,2.0,8.0,A01,138Â 303Â 948,1.0
959849,201900001380,6,19,07:35,1,2,1,1.0,3.0,92075,RAYMOND MARCHERON (RUE),M,"48,8190780","2,2874492",92,2019,50.0,1.0,8.0,3.0,2145258,1.0,1,4,1,1.0,,-1.0,0,1974.0,A01,138Â 303Â 948,2.0,6.0,-1.0,1638192,2.0,7,,0.0,2.0,8.0,B01,138Â 303Â 947,1.0
959849,201900001380,6,19,07:35,1,2,1,1.0,3.0,92075,RAYMOND MARCHERON (RUE),M,"48,8190780","2,2874492",92,2019,50.0,1.0,8.0,3.0,2145258,1.0,1,4,1,1.0,,-1.0,0,1974.0,A01,138Â 303Â 948,2.0,6.0,-1.0,1638193,1.0,33,,0.0,2.0,8.0,A01,138Â 303Â 948,1.0
959850,201900001381,6,13,09:30,1,2,3,2.0,3.0,92075,PAIX (AVENUE DE LA),M,"48,8147937","2,2780765",92,2019,50.0,1.0,1.0,3.0,2145259,1.0,1,4,1,1.0,,-1.0,0,1961.0,A01,138Â 303Â 945,2.0,6.0,-1.0,1638194,1.0,34,,0.0,2.0,7.0,A01,138Â 303Â 945,1.0
959850,201900001381,6,13,09:30,1,2,3,2.0,3.0,92075,PAIX (AVENUE DE LA),M,"48,8147937","2,2780765",92,2019,50.0,1.0,1.0,3.0,2145259,1.0,1,4,1,1.0,,-1.0,0,1961.0,A01,138Â 303Â 945,2.0,6.0,-1.0,1638195,1.0,7,,0.0,2.0,3.0,B01,138Â 303Â 946,1.0
959850,201900001381,6,13,09:30,1,2,3,2.0,3.0,92075,PAIX (AVENUE DE LA),M,"48,8147937","2,2780765",92,2019,50.0,1.0,1.0,3.0,2145260,1.0,1,1,1,1.0,,-1.0,0,1983.0,B01,138Â 303Â 946,1.0,0.0,-1.0,1638194,1.0,34,,0.0,2.0,7.0,A01,138Â 303Â 945,1.0
959850,201900001381,6,13,09:30,1,2,3,2.0,3.0,92075,PAIX (AVENUE DE LA),M,"48,8147937","2,2780765",92,2019,50.0,1.0,1.0,3.0,2145260,1.0,1,1,1,1.0,,-1.0,0,1983.0,B01,138Â 303Â 946,1.0,0.0,-1.0,1638195,1.0,7,,0.0,2.0,3.0,B01,138Â 303Â 946,1.0
959851,201900001382,6,7,21:30,5,2,2,1.0,3.0,92075,GUY MOQUET (RUE),M,"48,8155200","2,2985100",92,2019,50.0,1.0,1.0,4.0,2145261,1.0,1,4,1,4.0,,-1.0,0,1998.0,A01,138Â 303Â 943,2.0,6.0,-1.0,1638196,2.0,30,,0.0,2.0,3.0,A01,138Â 303Â 943,1.0
959851,201900001382,6,7,21:30,5,2,2,1.0,3.0,92075,GUY MOQUET (RUE),M,"48,8155200","2,2985100",92,2019,50.0,1.0,1.0,4.0,2145261,1.0,1,4,1,4.0,,-1.0,0,1998.0,A01,138Â 303Â 943,2.0,6.0,-1.0,1638197,1.0,37,1.0,0.0,2.0,2.0,B01,138Â 303Â 944,1.0
959851,201900001382,6,7,21:30,5,2,2,1.0,3.0,92075,GUY MOQUET (RUE),M,"48,8155200","2,2985100",92,2019,50.0,1.0,1.0,4.0,2145262,1.0,1,1,1,4.0,,-1.0,0,1984.0,B01,138Â 303Â 944,8.0,8.0,-1.0,1638196,2.0,30,,0.0,2.0,3.0,A01,138Â 303Â 943,1.0
959851,201900001382,6,7,21:30,5,2,2,1.0,3.0,92075,GUY MOQUET (RUE),M,"48,8155200","2,2985100",92,2019,50.0,1.0,1.0,4.0,2145262,1.0,1,1,1,4.0,,-1.0,0,1984.0,B01,138Â 303Â 944,8.0,8.0,-1.0,1638197,1.0,37,1.0,0.0,2.0,2.0,B01,138Â 303Â 944,1.0
959852,201900001383,6,6,16:45,1,2,1,1.0,6.0,92046,Charles de gaulle,M,"48,8211676","2,2970490",92,2019,50.0,1.0,1.0,3.0,2145263,1.0,1,4,1,1.0,,-1.0,0,1995.0,B01,138Â 303Â 942,1.0,0.0,-1.0,1638198,3.0,10,,0.0,0.0,4.0,B01,138Â 303Â 942,1.0
959853,201900001384,6,1,21:00,1,2,2,1.0,3.0,92075,PIERRE BROSSOLETTE (AVENUE),M,"48,8176908","2,3078676",92,2019,50.0,1.0,1.0,3.0,2145264,2.0,2,4,2,5.0,,-1.0,0,1954.0,B01,138Â 303Â 940,2.0,8.0,-1.0,1638199,1.0,34,,0.0,2.0,1.0,B01,138Â 303Â 940,1.0
959853,201900001384,6,1,21:00,1,2,2,1.0,3.0,92075,PIERRE BROSSOLETTE (AVENUE),M,"48,8176908","2,3078676",92,2019,50.0,1.0,1.0,3.0,2145264,2.0,2,4,2,5.0,,-1.0,0,1954.0,B01,138Â 303Â 940,2.0,8.0,-1.0,1638200,1.0,7,,0.0,2.0,8.0,A01,138Â 303Â 941,1.0
959853,201900001384,6,1,21:00,1,2,2,1.0,3.0,92075,PIERRE BROSSOLETTE (AVENUE),M,"48,8176908","2,3078676",92,2019,50.0,1.0,1.0,3.0,2145265,1.0,1,1,1,5.0,,-1.0,0,1952.0,B01,138Â 303Â 940,2.0,8.0,-1.0,1638199,1.0,34,,0.0,2.0,1.0,B01,138Â 303Â 940,1.0
959853,201900001384,6,1,21:00,1,2,2,1.0,3.0,92075,PIERRE BROSSOLETTE (AVENUE),M,"48,8176908","2,3078676",92,2019,50.0,1.0,1.0,3.0,2145265,1.0,1,1,1,5.0,,-1.0,0,1952.0,B01,138Â 303Â 940,2.0,8.0,-1.0,1638200,1.0,7,,0.0,2.0,8.0,A01,138Â 303Â 941,1.0
959853,201900001384,6,1,21:00,1,2,2,1.0,3.0,92075,PIERRE BROSSOLETTE (AVENUE),M,"48,8176908","2,3078676",92,2019,50.0,1.0,1.0,3.0,2145266,1.0,1,1,2,5.0,,-1.0,0,1969.0,A01,138Â 303Â 941,1.0,8.0,-1.0,1638199,1.0,34,,0.0,2.0,1.0,B01,138Â 303Â 940,1.0
959853,201900001384,6,1,21:00,1,2,2,1.0,3.0,92075,PIERRE BROSSOLETTE (AVENUE),M,"48,8176908","2,3078676",92,2019,50.0,1.0,1.0,3.0,2145266,1.0,1,1,2,5.0,,-1.0,0,1969.0,A01,138Â 303Â 941,1.0,8.0,-1.0,1638200,1.0,7,,0.0,2.0,8.0,A01,138Â 303Â 941,1.0
959854,201900001385,6,1,19:30,1,2,1,1.0,6.0,92075,PIERRE BROSSOLETTE (AVENUE),M,"48,8188532","2,3094437",92,2019,50.0,1.0,1.0,3.0,2145267,10.0,3,4,1,5.0,,4.0,3,1977.0,A01,138Â 303Â 939,8.0,0.0,-1.0,1638201,1.0,7,,0.0,1.0,3.0,A01,138Â 303Â 939,1.0
959854,201900001385,6,1,19:30,1,2,1,1.0,6.0,92075,PIERRE BROSSOLETTE (AVENUE),M,"48,8188532","2,3094437",92,2019,50.0,1.0,1.0,3.0,2145268,1.0,1,1,1,5.0,,-1.0,0,1994.0,A01,138Â 303Â 939,1.0,8.0,-1.0,1638201,1.0,7,,0.0,1.0,3.0,A01,138Â 303Â 939,1.0
959855,201900001386,6,1,01:05,5,2,1,1.0,6.0,92075,LARMEROUX (RUE),M,"48,8168600","2,2808500",92,2019,50.0,1.0,1.0,3.0,2145269,2.0,2,4,1,0.0,,-1.0,0,2003.0,A01,138Â 303Â 938,1.0,0.0,-1.0,1638202,1.0,3,,2.0,0.0,1.0,A01,138Â 303Â 938,1.0
959855,201900001386,6,1,01:05,5,2,1,1.0,6.0,92075,LARMEROUX (RUE),M,"48,8168600","2,2808500",92,2019,50.0,1.0,1.0,3.0,2145270,3.0,2,4,1,0.0,,-1.0,0,1975.0,A01,138Â 303Â 938,1.0,0.0,-1.0,1638202,1.0,3,,2.0,0.0,1.0,A01,138Â 303Â 938,1.0
959855,201900001386,6,1,01:05,5,2,1,1.0,6.0,92075,LARMEROUX (RUE),M,"48,8168600","2,2808500",92,2019,50.0,1.0,1.0,3.0,2145271,4.0,2,4,2,0.0,,-1.0,0,1970.0,A01,138Â 303Â 938,1.0,0.0,-1.0,1638202,1.0,3,,2.0,0.0,1.0,A01,138Â 303Â 938,1.0
959855,201900001386,6,1,01:05,5,2,1,1.0,6.0,92075,LARMEROUX (RUE),M,"48,8168600","2,2808500",92,2019,50.0,1.0,1.0,3.0,2145272,5.0,2,4,1,0.0,,-1.0,0,2002.0,A01,138Â 303Â 938,1.0,0.0,-1.0,1638202,1.0,3,,2.0,0.0,1.0,A01,138Â 303Â 938,1.0
959855,201900001386,6,1,01:05,5,2,1,1.0,6.0,92075,LARMEROUX (RUE),M,"48,8168600","2,2808500",92,2019,50.0,1.0,1.0,3.0,2145273,1.0,1,4,1,5.0,,-1.0,0,1970.0,A01,138Â 303Â 938,1.0,0.0,-1.0,1638202,1.0,3,,2.0,0.0,1.0,A01,138Â 303Â 938,1.0
959856,201900001387,6,19,16:04,1,2,1,1.0,6.0,92073,PASTEUR (RUE),M,"48,8635100","2,2238000",92,2019,30.0,1.0,1.0,4.0,2145274,1.0,1,4,2,5.0,,-1.0,0,1984.0,A01,138Â 303Â 937,1.0,0.0,-1.0,1638203,1.0,7,,6.0,0.0,1.0,A01,138Â 303Â 937,1.0
959856,201900001387,6,19,16:04,1,2,1,1.0,6.0,92073,PASTEUR (RUE),M,"48,8635100","2,2238000",92,2019,30.0,1.0,1.0,4.0,2145275,3.0,2,1,1,5.0,,-1.0, -1,2008.0,A01,138Â 303Â 937,1.0,0.0,-1.0,1638203,1.0,7,,6.0,0.0,1.0,A01,138Â 303Â 937,1.0
959857,201900001388,6,9,19:45,1,2,2,1.0,3.0,92073,ROOSVELT (AVENUE FRANKLIN),M,"48,8743449","2,2206545",92,2019,50.0,1.0,1.0,3.0,2145276,1.0,1,1,1,0.0,,-1.0,0,1968.0,A01,138Â 303Â 935,1.0,0.0,-1.0,1638204,3.0,10,,0.0,6.0,5.0,A01,138Â 303Â 935,0.0
959857,201900001388,6,9,19:45,1,2,2,1.0,3.0,92073,ROOSVELT (AVENUE FRANKLIN),M,"48,8743449","2,2206545",92,2019,50.0,1.0,1.0,3.0,2145276,1.0,1,1,1,0.0,,-1.0,0,1968.0,A01,138Â 303Â 935,1.0,0.0,-1.0,1638205,3.0,1,,0.0,2.0,1.0,B01,138Â 303Â 936,0.0
959857,201900001388,6,9,19:45,1,2,2,1.0,3.0,92073,ROOSVELT (AVENUE FRANKLIN),M,"48,8743449","2,2206545",92,2019,50.0,1.0,1.0,3.0,2145277,1.0,1,4,1,0.0,,-1.0, -1,1986.0,B01,138Â 303Â 936,2.0,0.0,-1.0,1638204,3.0,10,,0.0,6.0,5.0,A01,138Â 303Â 935,0.0
959857,201900001388,6,9,19:45,1,2,2,1.0,3.0,92073,ROOSVELT (AVENUE FRANKLIN),M,"48,8743449","2,2206545",92,2019,50.0,1.0,1.0,3.0,2145277,1.0,1,4,1,0.0,,-1.0, -1,1986.0,B01,138Â 303Â 936,2.0,0.0,-1.0,1638205,3.0,1,,0.0,2.0,1.0,B01,138Â 303Â 936,0.0
959858,201900001389,8,12,10:30,1,2,1,1.0,2.0,34198,RD N21,M,"43,5872500","3,9162400",34,2019,50.0,1.0,1.0,3.0,2145278,1.0,1,1,2,5.0,,0.0,0,1999.0,A01,138Â 303Â 933,1.0,8.0,-1.0,1638206,3.0,10,,0.0,2.0,1.0,A01,138Â 303Â 933,1.0
959858,201900001389,8,12,10:30,1,2,1,1.0,2.0,34198,RD N21,M,"43,5872500","3,9162400",34,2019,50.0,1.0,1.0,3.0,2145278,1.0,1,1,2,5.0,,0.0,0,1999.0,A01,138Â 303Â 933,1.0,8.0,-1.0,1638207,3.0,10,,0.0,2.0,4.0,B01,138Â 303Â 934,1.0
959858,201900001389,8,12,10:30,1,2,1,1.0,2.0,34198,RD N21,M,"43,5872500","3,9162400",34,2019,50.0,1.0,1.0,3.0,2145279,8.0,2,4,2,5.0,,0.0,0,1961.0,B01,138Â 303Â 934,1.0,8.0,-1.0,1638206,3.0,10,,0.0,2.0,1.0,A01,138Â 303Â 933,1.0
959858,201900001389,8,12,10:30,1,2,1,1.0,2.0,34198,RD N21,M,"43,5872500","3,9162400",34,2019,50.0,1.0,1.0,3.0,2145279,8.0,2,4,2,5.0,,0.0,0,1961.0,B01,138Â 303Â 934,1.0,8.0,-1.0,1638207,3.0,10,,0.0,2.0,4.0,B01,138Â 303Â 934,1.0
959858,201900001389,8,12,10:30,1,2,1,1.0,2.0,34198,RD N21,M,"43,5872500","3,9162400",34,2019,50.0,1.0,1.0,3.0,2145280,2.0,2,1,2,0.0,,0.0,0,2012.0,B01,138Â 303Â 934,1.0,8.0,-1.0,1638206,3.0,10,,0.0,2.0,1.0,A01,138Â 303Â 933,1.0
959858,201900001389,8,12,10:30,1,2,1,1.0,2.0,34198,RD N21,M,"43,5872500","3,9162400",34,2019,50.0,1.0,1.0,3.0,2145280,2.0,2,1,2,0.0,,0.0,0,2012.0,B01,138Â 303Â 934,1.0,8.0,-1.0,1638207,3.0,10,,0.0,2.0,4.0,B01,138Â 303Â 934,1.0
959858,201900001389,8,12,10:30,1,2,1,1.0,2.0,34198,RD N21,M,"43,5872500","3,9162400",34,2019,50.0,1.0,1.0,3.0,2145281,2.0,2,1,1,5.0,,0.0,0,1956.0,B01,138Â 303Â 934,1.0,8.0,-1.0,1638206,3.0,10,,0.0,2.0,1.0,A01,138Â 303Â 933,1.0
959858,201900001389,8,12,10:30,1,2,1,1.0,2.0,34198,RD N21,M,"43,5872500","3,9162400",34,2019,50.0,1.0,1.0,3.0,2145281,2.0,2,1,1,5.0,,0.0,0,1956.0,B01,138Â 303Â 934,1.0,8.0,-1.0,1638207,3.0,10,,0.0,2.0,4.0,B01,138Â 303Â 934,1.0
959858,201900001389,8,12,10:30,1,2,1,1.0,2.0,34198,RD N21,M,"43,5872500","3,9162400",34,2019,50.0,1.0,1.0,3.0,2145282,1.0,1,1,1,5.0,,0.0,0,1984.0,B01,138Â 303Â 934,1.0,8.0,-1.0,1638206,3.0,10,,0.0,2.0,1.0,A01,138Â 303Â 933,1.0
959858,201900001389,8,12,10:30,1,2,1,1.0,2.0,34198,RD N21,M,"43,5872500","3,9162400",34,2019,50.0,1.0,1.0,3.0,2145282,1.0,1,1,1,5.0,,0.0,0,1984.0,B01,138Â 303Â 934,1.0,8.0,-1.0,1638207,3.0,10,,0.0,2.0,4.0,B01,138Â 303Â 934,1.0
959858,201900001389,8,12,10:30,1,2,1,1.0,2.0,34198,RD N21,M,"43,5872500","3,9162400",34,2019,50.0,1.0,1.0,3.0,2145283,4.0,2,1,1,5.0,,0.0,0,1980.0,B01,138Â 303Â 934,1.0,8.0,-1.0,1638206,3.0,10,,0.0,2.0,1.0,A01,138Â 303Â 933,1.0
959858,201900001389,8,12,10:30,1,2,1,1.0,2.0,34198,RD N21,M,"43,5872500","3,9162400",34,2019,50.0,1.0,1.0,3.0,2145283,4.0,2,1,1,5.0,,0.0,0,1980.0,B01,138Â 303Â 934,1.0,8.0,-1.0,1638207,3.0,10,,0.0,2.0,4.0,B01,138Â 303Â 934,1.0
959859,201900001390,8,16,00:25,3,1,9,1.0,6.0,34032,ROUTE DEPARTEMENTALE NR.64,M,"43,3043900","3,2163400",34,2019,90.0,1.0,1.0,3.0,2145284,1.0,1,2,1,5.0,,0.0,0,1957.0,A01,138Â 303Â 931,1.0,8.0,-1.0,1638208,1.0,10,,3.0,0.0,9.0,A01,138Â 303Â 931,1.0
959860,201900001391,8,16,15:20,1,2,3,1.0,7.0,33318,RUE JEAN PERRIN,M,"44,7789200"," -0,6601700",33,2019,50.0,1.0,1.0,4.0,2145285,1.0,1,4,1,0.0,,-1.0, -1,1980.0,A01,138Â 303Â 929,8.0,0.0,-1.0,1638209,0.0,33,,0.0,0.0,1.0,A01,138Â 303Â 929,1.0
959861,201900001392,6,7,10:11,1,2,2,1.0,3.0,92073,LIBERTE (RUE DE LA),M,"48,8797350","2,2189376",92,2019,50.0,1.0,1.0,3.0,2145286,1.0,1,3,1,1.0,,-1.0,0,1965.0,B01,138Â 303Â 930,2.0,6.0,-1.0,1638210,1.0,33,,0.0,2.0,3.0,B01,138Â 303Â 930,1.0
959861,201900001392,6,7,10:11,1,2,2,1.0,3.0,92073,LIBERTE (RUE DE LA),M,"48,8797350","2,2189376",92,2019,50.0,1.0,1.0,3.0,2145286,1.0,1,3,1,1.0,,-1.0,0,1965.0,B01,138Â 303Â 930,2.0,6.0,-1.0,1638211,1.0,7,,0.0,2.0,3.0,A01,138Â 303Â 932,1.0
959861,201900001392,6,7,10:11,1,2,2,1.0,3.0,92073,LIBERTE (RUE DE LA),M,"48,8797350","2,2189376",92,2019,50.0,1.0,1.0,3.0,2145287,1.0,1,1,2,5.0,,-1.0,0,1982.0,A01,138Â 303Â 932,1.0,0.0,-1.0,1638210,1.0,33,,0.0,2.0,3.0,B01,138Â 303Â 930,1.0
959861,201900001392,6,7,10:11,1,2,2,1.0,3.0,92073,LIBERTE (RUE DE LA),M,"48,8797350","2,2189376",92,2019,50.0,1.0,1.0,3.0,2145287,1.0,1,1,2,5.0,,-1.0,0,1982.0,A01,138Â 303Â 932,1.0,0.0,-1.0,1638211,1.0,7,,0.0,2.0,3.0,A01,138Â 303Â 932,1.0
959862,201900001393,8,12,14:45,1,2,2,1.0,2.0,33318,BECQUEREL (AVE ANTOINE),M,"44,7879600"," -0,6461100",33,2019,50.0,1.0,1.0,4.0,2145288,1.0,1,1,2,0.0,,-1.0, -1,1964.0,B01,138Â 303Â 927,8.0,0.0,-1.0,1638212,1.0,7,,0.0,2.0,4.0,B01,138Â 303Â 927,1.0
959862,201900001393,8,12,14:45,1,2,2,1.0,2.0,33318,BECQUEREL (AVE ANTOINE),M,"44,7879600"," -0,6461100",33,2019,50.0,1.0,1.0,4.0,2145288,1.0,1,1,2,0.0,,-1.0, -1,1964.0,B01,138Â 303Â 927,8.0,0.0,-1.0,1638213,1.0,10,,0.0,2.0,1.0,Z01,138Â 303Â 928,1.0
959862,201900001393,8,12,14:45,1,2,2,1.0,2.0,33318,BECQUEREL (AVE ANTOINE),M,"44,7879600"," -0,6461100",33,2019,50.0,1.0,1.0,4.0,2145289,2.0,2,4,2,0.0,,-1.0, -1,1964.0,B01,138Â 303Â 927,8.0,0.0,-1.0,1638212,1.0,7,,0.0,2.0,4.0,B01,138Â 303Â 927,1.0
959862,201900001393,8,12,14:45,1,2,2,1.0,2.0,33318,BECQUEREL (AVE ANTOINE),M,"44,7879600"," -0,6461100",33,2019,50.0,1.0,1.0,4.0,2145289,2.0,2,4,2,0.0,,-1.0, -1,1964.0,B01,138Â 303Â 927,8.0,0.0,-1.0,1638213,1.0,10,,0.0,2.0,1.0,Z01,138Â 303Â 928,1.0
959863,201900001394,8,15,16:40,1,2,6,1.0,6.0,33039,RUE LOUIS BLERIOT,M,"44,8000000"," -0,5306500",33,2019,30.0,1.0,1.0,4.0,2145290,2.0,2,3,2,0.0,,0.0,0,1981.0,A01,138Â 303Â 925,2.0,0.0,-1.0,1638214,0.0,33,,7.0,0.0,1.0,A01,138Â 303Â 925,1.0
959863,201900001394,8,15,16:40,1,2,6,1.0,6.0,33039,RUE LOUIS BLERIOT,M,"44,8000000"," -0,5306500",33,2019,30.0,1.0,1.0,4.0,2145291,1.0,1,3,1,0.0,,0.0,0,1978.0,A01,138Â 303Â 925,2.0,0.0,-1.0,1638214,0.0,33,,7.0,0.0,1.0,A01,138Â 303Â 925,1.0
959864,201900001395,6,5,15:20,1,2,3,2.0,3.0,92073,SELLIER (BOULEVARD HENRI),M,"48,8681700","2,2256500",92,2019,30.0,1.0,2.0,3.0,2145292,2.0,2,4,1,1.0,,-1.0, -1,2007.0,B01,138Â 303Â 924,1.0,0.0,-1.0,1638215,1.0,7,,0.0,2.0,3.0,B01,138Â 303Â 924,1.0
959864,201900001395,6,5,15:20,1,2,3,2.0,3.0,92073,SELLIER (BOULEVARD HENRI),M,"48,8681700","2,2256500",92,2019,30.0,1.0,2.0,3.0,2145292,2.0,2,4,1,1.0,,-1.0, -1,2007.0,B01,138Â 303Â 924,1.0,0.0,-1.0,1638216,1.0,7,,0.0,2.0,2.0,A01,138Â 303Â 926,1.0