Unnamed: 0_x,num_acc,mois,jour,hrmn,lum,agg,int,atm,col,com,adr,gps,lat,long,dep,annee,vma,situ,surf,catr,Unnamed: 0_y,place,catu,grav,sexe,trajet,secu,locp,actp,an_nais,num_veh_x,id_vehicule_x,secu1,secu2,secu3,Unnamed: 0,senc,catv,occutc,obs,obsm,choc,num_veh_y,id_vehicule_y,motor
959864,201900001395,6,5,15:20,1,2,3,2.0,3.0,92073,SELLIER (BOULEVARD HENRI),M,"48,8681700","2,2256500",92,2019,30.0,1.0,2.0,3.0,2145293,1.0,1,4,1,0.0,,-1.0, -1,1975.0,B01,138Â 303Â 924,1.0,0.0,-1.0,1638215,1.0,7,,0.0,2.0,3.0,B01,138Â 303Â 924,1.0
959864,201900001395,6,5,15:20,1,2,3,2.0,3.0,92073,SELLIER (BOULEVARD HENRI),M,"48,8681700","2,2256500",92,2019,30.0,1.0,2.0,3.0,2145293,1.0,1,4,1,0.0,,-1.0, -1,1975.0,B01,138Â 303Â 924,1.0,0.0,-1.0,1638216,1.0,7,,0.0,2.0,2.0,A01,138Â 303Â 926,1.0
959864,201900001395,6,5,15:20,1,2,3,2.0,3.0,92073,SELLIER (BOULEVARD HENRI),M,"48,8681700","2,2256500",92,2019,30.0,1.0,2.0,3.0,2145294,1.0,1,1,2,0.0,,-1.0, -1,1966.0,A01,138Â 303Â 926,1.0,0.0,-1.0,1638215,1.0,7,,0.0,2.0,3.0,B01,138Â 303Â 924,1.0
959864,201900001395,6,5,15:20,1,2,3,2.0,3.0,92073,SELLIER (BOULEVARD HENRI),M,"48,8681700","2,2256500",92,2019,30.0,1.0,2.0,3.0,2145294,1.0,1,1,2,0.0,,-1.0, -1,1966.0,A01,138Â 303Â 926,1.0,0.0,-1.0,1638216,1.0,7,,0.0,2.0,2.0,A01,138Â 303Â 926,1.0
959865,201900001396,6,3,11:10,1,2,1,2.0,2.0,92073,LATTRE DE TASSIGNY (BOULEVARD DU MARECHA,M,"48,8676191","2,2170726",92,2019,50.0,1.0,2.0,3.0,2145295,1.0,1,1,1,0.0,,-1.0,0,1992.0,B01,138Â 303Â 922,1.0,8.0,-1.0,1638217,1.0,3,,0.0,2.0,4.0,B01,138Â 303Â 922,1.0
959865,201900001396,6,3,11:10,1,2,1,2.0,2.0,92073,LATTRE DE TASSIGNY (BOULEVARD DU MARECHA,M,"48,8676191","2,2170726",92,2019,50.0,1.0,2.0,3.0,2145295,1.0,1,1,1,0.0,,-1.0,0,1992.0,B01,138Â 303Â 922,1.0,8.0,-1.0,1638218,1.0,30,,0.0,2.0,1.0,A01,138Â 303Â 923,1.0
959865,201900001396,6,3,11:10,1,2,1,2.0,2.0,92073,LATTRE DE TASSIGNY (BOULEVARD DU MARECHA,M,"48,8676191","2,2170726",92,2019,50.0,1.0,2.0,3.0,2145296,1.0,1,4,1,0.0,,-1.0,0,1970.0,A01,138Â 303Â 923,2.0,6.0,-1.0,1638217,1.0,3,,0.0,2.0,4.0,B01,138Â 303Â 922,1.0
959865,201900001396,6,3,11:10,1,2,1,2.0,2.0,92073,LATTRE DE TASSIGNY (BOULEVARD DU MARECHA,M,"48,8676191","2,2170726",92,2019,50.0,1.0,2.0,3.0,2145296,1.0,1,4,1,0.0,,-1.0,0,1970.0,A01,138Â 303Â 923,2.0,6.0,-1.0,1638218,1.0,30,,0.0,2.0,1.0,A01,138Â 303Â 923,1.0
959866,201900001397,8,14,14:25,1,2,2,1.0,6.0,33550,2 AVE GEORGES CLEMENCEAU,M,"44,7817200"," -0,5654900",33,2019,50.0,1.0,1.0,4.0,2145297,1.0,1,1,1,4.0,,-1.0, -1,1974.0,A01,138Â 303Â 921,1.0,0.0,-1.0,1638219,2.0,15,,0.0,1.0,1.0,A01,138Â 303Â 921,1.0
959866,201900001397,8,14,14:25,1,2,2,1.0,6.0,33550,2 AVE GEORGES CLEMENCEAU,M,"44,7817200"," -0,5654900",33,2019,50.0,1.0,1.0,4.0,2145298,10.0,3,3,2,0.0,,2.0,3,1971.0,A01,138Â 303Â 921,8.0,0.0,-1.0,1638219,2.0,15,,0.0,1.0,1.0,A01,138Â 303Â 921,1.0
959866,201900001397,8,14,14:25,1,2,2,1.0,6.0,33550,2 AVE GEORGES CLEMENCEAU,M,"44,7817200"," -0,5654900",33,2019,50.0,1.0,1.0,4.0,2145299,10.0,3,2,2,0.0,,2.0,3,1946.0,A01,138Â 303Â 921,8.0,0.0,-1.0,1638219,2.0,15,,0.0,1.0,1.0,A01,138Â 303Â 921,1.0
959867,201900001398,6,17,09:45,1,2,2,1.0,3.0,92072,PAVE DES GARDES (ROUTE DU),M,"48,8123335","2,2149086",92,2019,50.0,2.0,1.0,3.0,2145300,1.0,1,4,2,9.0,,-1.0,0,1969.0,B01,138Â 303Â 919,1.0,8.0,-1.0,1638220,3.0,7,,0.0,2.0,3.0,B01,138Â 303Â 919,1.0
959867,201900001398,6,17,09:45,1,2,2,1.0,3.0,92072,PAVE DES GARDES (ROUTE DU),M,"48,8123335","2,2149086",92,2019,50.0,2.0,1.0,3.0,2145300,1.0,1,4,2,9.0,,-1.0,0,1969.0,B01,138Â 303Â 919,1.0,8.0,-1.0,1638221,3.0,10,,0.0,2.0,3.0,A01,138Â 303Â 920,1.0
959867,201900001398,6,17,09:45,1,2,2,1.0,3.0,92072,PAVE DES GARDES (ROUTE DU),M,"48,8123335","2,2149086",92,2019,50.0,2.0,1.0,3.0,2145301,1.0,1,4,1,4.0,,-1.0,0,1986.0,A01,138Â 303Â 920,1.0,8.0,-1.0,1638220,3.0,7,,0.0,2.0,3.0,B01,138Â 303Â 919,1.0
959867,201900001398,6,17,09:45,1,2,2,1.0,3.0,92072,PAVE DES GARDES (ROUTE DU),M,"48,8123335","2,2149086",92,2019,50.0,2.0,1.0,3.0,2145301,1.0,1,4,1,4.0,,-1.0,0,1986.0,A01,138Â 303Â 920,1.0,8.0,-1.0,1638221,3.0,10,,0.0,2.0,3.0,A01,138Â 303Â 920,1.0
959868,201900001399,8,14,11:45,1,2,1,1.0,6.0,33281,AVE DU TRUC,M,"44,8492900"," -0,6551800",33,2019,50.0,1.0,1.0,4.0,2145302,1.0,1,1,2,5.0,,-1.0, -1,1940.0,A01,138Â 303Â 918,1.0,0.0,-1.0,1638222,0.0,7,,1.0,1.0,4.0,A01,138Â 303Â 918,1.0
959868,201900001399,8,14,11:45,1,2,1,1.0,6.0,33281,AVE DU TRUC,M,"44,8492900"," -0,6551800",33,2019,50.0,1.0,1.0,4.0,2145303,10.0,3,4,2,0.0,,9.0,9,1974.0,A01,138Â 303Â 918,8.0,0.0,-1.0,1638222,0.0,7,,1.0,1.0,4.0,A01,138Â 303Â 918,1.0
959869,201900001400,8,15,11:50,1,1,1,1.0,4.0,33529,D259,M,"44,6006600"," -1,1843800",33,2019,80.0,1.0,1.0,3.0,2145304,1.0,1,1,1,5.0,,-1.0, -1,1971.0,C01,138Â 303Â 913,1.0,0.0,-1.0,1638223,2.0,7,,0.0,2.0,4.0,Z01,138Â 303Â 912,0.0
959869,201900001400,8,15,11:50,1,1,1,1.0,4.0,33529,D259,M,"44,6006600"," -1,1843800",33,2019,80.0,1.0,1.0,3.0,2145304,1.0,1,1,1,5.0,,-1.0, -1,1971.0,C01,138Â 303Â 913,1.0,0.0,-1.0,1638224,2.0,7,,0.0,2.0,1.0,C01,138Â 303Â 913,1.0
959869,201900001400,8,15,11:50,1,1,1,1.0,4.0,33529,D259,M,"44,6006600"," -1,1843800",33,2019,80.0,1.0,1.0,3.0,2145304,1.0,1,1,1,5.0,,-1.0, -1,1971.0,C01,138Â 303Â 913,1.0,0.0,-1.0,1638225,2.0,7,,0.0,2.0,1.0,B01,138Â 303Â 915,1.0
959869,201900001400,8,15,11:50,1,1,1,1.0,4.0,33529,D259,M,"44,6006600"," -1,1843800",33,2019,80.0,1.0,1.0,3.0,2145304,1.0,1,1,1,5.0,,-1.0, -1,1971.0,C01,138Â 303Â 913,1.0,0.0,-1.0,1638226,2.0,7,,0.0,2.0,1.0,A01,138Â 303Â 916,1.0
959869,201900001400,8,15,11:50,1,1,1,1.0,4.0,33529,D259,M,"44,6006600"," -1,1843800",33,2019,80.0,1.0,1.0,3.0,2145305,2.0,2,3,1,0.0,,-1.0, -1,2003.0,C01,138Â 303Â 913,1.0,0.0,-1.0,1638223,2.0,7,,0.0,2.0,4.0,Z01,138Â 303Â 912,0.0
959869,201900001400,8,15,11:50,1,1,1,1.0,4.0,33529,D259,M,"44,6006600"," -1,1843800",33,2019,80.0,1.0,1.0,3.0,2145305,2.0,2,3,1,0.0,,-1.0, -1,2003.0,C01,138Â 303Â 913,1.0,0.0,-1.0,1638224,2.0,7,,0.0,2.0,1.0,C01,138Â 303Â 913,1.0
959869,201900001400,8,15,11:50,1,1,1,1.0,4.0,33529,D259,M,"44,6006600"," -1,1843800",33,2019,80.0,1.0,1.0,3.0,2145305,2.0,2,3,1,0.0,,-1.0, -1,2003.0,C01,138Â 303Â 913,1.0,0.0,-1.0,1638225,2.0,7,,0.0,2.0,1.0,B01,138Â 303Â 915,1.0
959869,201900001400,8,15,11:50,1,1,1,1.0,4.0,33529,D259,M,"44,6006600"," -1,1843800",33,2019,80.0,1.0,1.0,3.0,2145305,2.0,2,3,1,0.0,,-1.0, -1,2003.0,C01,138Â 303Â 913,1.0,0.0,-1.0,1638226,2.0,7,,0.0,2.0,1.0,A01,138Â 303Â 916,1.0
959869,201900001400,8,15,11:50,1,1,1,1.0,4.0,33529,D259,M,"44,6006600"," -1,1843800",33,2019,80.0,1.0,1.0,3.0,2145306,1.0,1,1,2,5.0,,-1.0, -1,1996.0,B01,138Â 303Â 915,1.0,0.0,-1.0,1638223,2.0,7,,0.0,2.0,4.0,Z01,138Â 303Â 912,0.0
959869,201900001400,8,15,11:50,1,1,1,1.0,4.0,33529,D259,M,"44,6006600"," -1,1843800",33,2019,80.0,1.0,1.0,3.0,2145306,1.0,1,1,2,5.0,,-1.0, -1,1996.0,B01,138Â 303Â 915,1.0,0.0,-1.0,1638224,2.0,7,,0.0,2.0,1.0,C01,138Â 303Â 913,1.0
959869,201900001400,8,15,11:50,1,1,1,1.0,4.0,33529,D259,M,"44,6006600"," -1,1843800",33,2019,80.0,1.0,1.0,3.0,2145306,1.0,1,1,2,5.0,,-1.0, -1,1996.0,B01,138Â 303Â 915,1.0,0.0,-1.0,1638225,2.0,7,,0.0,2.0,1.0,B01,138Â 303Â 915,1.0
959869,201900001400,8,15,11:50,1,1,1,1.0,4.0,33529,D259,M,"44,6006600"," -1,1843800",33,2019,80.0,1.0,1.0,3.0,2145306,1.0,1,1,2,5.0,,-1.0, -1,1996.0,B01,138Â 303Â 915,1.0,0.0,-1.0,1638226,2.0,7,,0.0,2.0,1.0,A01,138Â 303Â 916,1.0
959869,201900001400,8,15,11:50,1,1,1,1.0,4.0,33529,D259,M,"44,6006600"," -1,1843800",33,2019,80.0,1.0,1.0,3.0,2145307,1.0,1,1,1,5.0,,-1.0, -1,1984.0,A01,138Â 303Â 916,1.0,0.0,-1.0,1638223,2.0,7,,0.0,2.0,4.0,Z01,138Â 303Â 912,0.0
959869,201900001400,8,15,11:50,1,1,1,1.0,4.0,33529,D259,M,"44,6006600"," -1,1843800",33,2019,80.0,1.0,1.0,3.0,2145307,1.0,1,1,1,5.0,,-1.0, -1,1984.0,A01,138Â 303Â 916,1.0,0.0,-1.0,1638224,2.0,7,,0.0,2.0,1.0,C01,138Â 303Â 913,1.0
959869,201900001400,8,15,11:50,1,1,1,1.0,4.0,33529,D259,M,"44,6006600"," -1,1843800",33,2019,80.0,1.0,1.0,3.0,2145307,1.0,1,1,1,5.0,,-1.0, -1,1984.0,A01,138Â 303Â 916,1.0,0.0,-1.0,1638225,2.0,7,,0.0,2.0,1.0,B01,138Â 303Â 915,1.0
959869,201900001400,8,15,11:50,1,1,1,1.0,4.0,33529,D259,M,"44,6006600"," -1,1843800",33,2019,80.0,1.0,1.0,3.0,2145307,1.0,1,1,1,5.0,,-1.0, -1,1984.0,A01,138Â 303Â 916,1.0,0.0,-1.0,1638226,2.0,7,,0.0,2.0,1.0,A01,138Â 303Â 916,1.0
959870,201900001401,8,15,14:42,1,2,1,1.0,6.0,31555,RUE DE KIEV,M,"43,5708710","1,4066140",31,2019,5.0,1.0,1.0,4.0,2145308,1.0,1,4,1,5.0,,-1.0,0,1994.0,A01,138Â 303Â 909,2.0,8.0,-1.0,1638227,0.0,2,,0.0,1.0,1.0,A01,138Â 303Â 909,1.0
959870,201900001401,8,15,14:42,1,2,1,1.0,6.0,31555,RUE DE KIEV,M,"43,5708710","1,4066140",31,2019,5.0,1.0,1.0,4.0,2145309,10.0,3,4,1,4.0,,2.0,9,1968.0,A01,138Â 303Â 909,8.0,4.0,-1.0,1638227,0.0,2,,0.0,1.0,1.0,A01,138Â 303Â 909,1.0
959871,201900001402,8,14,18:43,1,2,1,1.0,3.0,31555,AV JEAN ZAY,M,"43,6488900","1,4330900",31,2019,50.0,1.0,1.0,4.0,2145310,1.0,1,3,1,5.0,,-1.0,0,1939.0,B01,138Â 303Â 907,2.0,0.0,-1.0,1638228,0.0,1,,0.0,2.0,8.0,B01,138Â 303Â 907,5.0
959871,201900001402,8,14,18:43,1,2,1,1.0,3.0,31555,AV JEAN ZAY,M,"43,6488900","1,4330900",31,2019,50.0,1.0,1.0,4.0,2145310,1.0,1,3,1,5.0,,-1.0,0,1939.0,B01,138Â 303Â 907,2.0,0.0,-1.0,1638229,0.0,7,,0.0,2.0,3.0,A01,138Â 303Â 908,1.0
959871,201900001402,8,14,18:43,1,2,1,1.0,3.0,31555,AV JEAN ZAY,M,"43,6488900","1,4330900",31,2019,50.0,1.0,1.0,4.0,2145311,2.0,2,1,2,5.0,,-1.0,0,1989.0,A01,138Â 303Â 908,1.0,8.0,-1.0,1638228,0.0,1,,0.0,2.0,8.0,B01,138Â 303Â 907,5.0
959871,201900001402,8,14,18:43,1,2,1,1.0,3.0,31555,AV JEAN ZAY,M,"43,6488900","1,4330900",31,2019,50.0,1.0,1.0,4.0,2145311,2.0,2,1,2,5.0,,-1.0,0,1989.0,A01,138Â 303Â 908,1.0,8.0,-1.0,1638229,0.0,7,,0.0,2.0,3.0,A01,138Â 303Â 908,1.0
959871,201900001402,8,14,18:43,1,2,1,1.0,3.0,31555,AV JEAN ZAY,M,"43,6488900","1,4330900",31,2019,50.0,1.0,1.0,4.0,2145312,1.0,1,1,1,5.0,,-1.0,0,1985.0,A01,138Â 303Â 908,1.0,7.0,-1.0,1638228,0.0,1,,0.0,2.0,8.0,B01,138Â 303Â 907,5.0
959871,201900001402,8,14,18:43,1,2,1,1.0,3.0,31555,AV JEAN ZAY,M,"43,6488900","1,4330900",31,2019,50.0,1.0,1.0,4.0,2145312,1.0,1,1,1,5.0,,-1.0,0,1985.0,A01,138Â 303Â 908,1.0,7.0,-1.0,1638229,0.0,7,,0.0,2.0,3.0,A01,138Â 303Â 908,1.0
959872,201900001403,8,14,16:10,1,2,1,1.0,6.0,31555,ARCOLE (BD D) DU 2AU 76,M,"43,6112900","1,4411200",31,2019,50.0,1.0,1.0,4.0,2145313,1.0,1,1,2,9.0,,0.0,0,1986.0,A01,138Â 303Â 906,1.0,8.0,-1.0,1638230,1.0,7,,0.0,1.0,2.0,A01,138Â 303Â 906,1.0
959872,201900001403,8,14,16:10,1,2,1,1.0,6.0,31555,ARCOLE (BD D) DU 2AU 76,M,"43,6112900","1,4411200",31,2019,50.0,1.0,1.0,4.0,2145314,10.0,3,3,2,5.0,,3.0,5,2003.0,A01,138Â 303Â 906,8.0,0.0,-1.0,1638230,1.0,7,,0.0,1.0,2.0,A01,138Â 303Â 906,1.0
959873,201900001404,8,12,05:50,4,1,1,2.0,7.0,31555,ECHANGEUR ST MARTIN ( A624-RD 901),M,"43,6108600","1,3831000",31,2019,90.0,1.0,2.0,1.0,2145315,1.0,1,4,1,9.0,,-1.0,0,1996.0,A01,138Â 303Â 905,2.0,6.0,-1.0,1638231,1.0,33,,0.0,0.0,9.0,A01,138Â 303Â 905,1.0
959874,201900001405,8,14,15:46,1,1,1,2.0,7.0,29232,BREST ROUTE DE,M,"48,0193900"," -4,0841400",29,2019,80.0,1.0,2.0,3.0,2145316,1.0,1,3,1,0.0,,-1.0,0,1992.0,A01,138Â 303Â 904,1.0,0.0,-1.0,1638232,1.0,7,,13.0,0.0,9.0,A01,138Â 303Â 904,1.0
959875,201900001406,6,12,19:50,1,2,1,2.0,3.0,92022,SALENGRO (AVENUE ROGER),M,"48,8167132","2,1950997",92,2019,50.0,1.0,2.0,3.0,2145317,4.0,2,1,2,0.0,,-1.0,0,2015.0,B01,138Â 303Â 914,1.0,8.0,-1.0,1638233,2.0,7,,0.0,2.0,7.0,B01,138Â 303Â 914,1.0
959875,201900001406,6,12,19:50,1,2,1,2.0,3.0,92022,SALENGRO (AVENUE ROGER),M,"48,8167132","2,1950997",92,2019,50.0,1.0,2.0,3.0,2145317,4.0,2,1,2,0.0,,-1.0,0,2015.0,B01,138Â 303Â 914,1.0,8.0,-1.0,1638234,1.0,30,,0.0,2.0,1.0,A01,138Â 303Â 917,1.0
959875,201900001406,6,12,19:50,1,2,1,2.0,3.0,92022,SALENGRO (AVENUE ROGER),M,"48,8167132","2,1950997",92,2019,50.0,1.0,2.0,3.0,2145318,3.0,2,1,1,9.0,,-1.0,0,2008.0,B01,138Â 303Â 914,1.0,0.0,-1.0,1638233,2.0,7,,0.0,2.0,7.0,B01,138Â 303Â 914,1.0
959875,201900001406,6,12,19:50,1,2,1,2.0,3.0,92022,SALENGRO (AVENUE ROGER),M,"48,8167132","2,1950997",92,2019,50.0,1.0,2.0,3.0,2145318,3.0,2,1,1,9.0,,-1.0,0,2008.0,B01,138Â 303Â 914,1.0,0.0,-1.0,1638234,1.0,30,,0.0,2.0,1.0,A01,138Â 303Â 917,1.0
959875,201900001406,6,12,19:50,1,2,1,2.0,3.0,92022,SALENGRO (AVENUE ROGER),M,"48,8167132","2,1950997",92,2019,50.0,1.0,2.0,3.0,2145319,1.0,1,1,1,5.0,,-1.0,0,1978.0,B01,138Â 303Â 914,8.0,0.0,-1.0,1638233,2.0,7,,0.0,2.0,7.0,B01,138Â 303Â 914,1.0
959875,201900001406,6,12,19:50,1,2,1,2.0,3.0,92022,SALENGRO (AVENUE ROGER),M,"48,8167132","2,1950997",92,2019,50.0,1.0,2.0,3.0,2145319,1.0,1,1,1,5.0,,-1.0,0,1978.0,B01,138Â 303Â 914,8.0,0.0,-1.0,1638234,1.0,30,,0.0,2.0,1.0,A01,138Â 303Â 917,1.0
959875,201900001406,6,12,19:50,1,2,1,2.0,3.0,92022,SALENGRO (AVENUE ROGER),M,"48,8167132","2,1950997",92,2019,50.0,1.0,2.0,3.0,2145320,1.0,1,4,2,0.0,,-1.0,0,1994.0,A01,138Â 303Â 917,2.0,6.0,-1.0,1638233,2.0,7,,0.0,2.0,7.0,B01,138Â 303Â 914,1.0
959875,201900001406,6,12,19:50,1,2,1,2.0,3.0,92022,SALENGRO (AVENUE ROGER),M,"48,8167132","2,1950997",92,2019,50.0,1.0,2.0,3.0,2145320,1.0,1,4,2,0.0,,-1.0,0,1994.0,A01,138Â 303Â 917,2.0,6.0,-1.0,1638234,1.0,30,,0.0,2.0,1.0,A01,138Â 303Â 917,1.0
959876,201900001407,8,14,02:58,3,1,1,1.0,7.0,29232,DE KERREQUELLOU CHEMIN,M,"47,9582699"," -4,0656636",29,2019,80.0,3.0,1.0,4.0,2145321,1.0,1,4,1,9.0,,-1.0,0,1993.0,A01,138Â 303Â 903,1.0,0.0,-1.0,1638235,1.0,3,,13.0,0.0,2.0,A01,138Â 303Â 903,1.0
959877,201900001408,8,15,16:35,1,2,1,1.0,7.0,29039,RD 783,M,"47,8818800"," -3,9106900",29,2019,50.0,1.0,1.0,3.0,2145322,1.0,1,4,1,0.0,,0.0,0,1997.0,A01,138Â 303Â 901,1.0,0.0,-1.0,1638236,1.0,7,,0.0,0.0,1.0,A01,138Â 303Â 901,1.0
959878,201900001409,6,5,09:40,1,2,9,8.0,1.0,92072,VILLE D'AVRAY (RUE DE ),M,"48,8258781","2,2015011",92,2019,50.0,1.0,1.0,3.0,2145323,1.0,1,4,1,0.0,,-1.0,0,1961.0,A01,138Â 303Â 900,2.0,8.0,-1.0,1638237,3.0,33,,0.0,2.0,1.0,A01,138Â 303Â 900,1.0
959878,201900001409,6,5,09:40,1,2,9,8.0,1.0,92072,VILLE D'AVRAY (RUE DE ),M,"48,8258781","2,2015011",92,2019,50.0,1.0,1.0,3.0,2145323,1.0,1,4,1,0.0,,-1.0,0,1961.0,A01,138Â 303Â 900,2.0,8.0,-1.0,1638238,3.0,7,,0.0,2.0,1.0,B01,138Â 303Â 902,1.0
959878,201900001409,6,5,09:40,1,2,9,8.0,1.0,92072,VILLE D'AVRAY (RUE DE ),M,"48,8258781","2,2015011",92,2019,50.0,1.0,1.0,3.0,2145324,1.0,1,1,1,0.0,,-1.0,0,1954.0,B01,138Â 303Â 902,1.0,0.0,-1.0,1638237,3.0,33,,0.0,2.0,1.0,A01,138Â 303Â 900,1.0
959878,201900001409,6,5,09:40,1,2,9,8.0,1.0,92072,VILLE D'AVRAY (RUE DE ),M,"48,8258781","2,2015011",92,2019,50.0,1.0,1.0,3.0,2145324,1.0,1,1,1,0.0,,-1.0,0,1954.0,B01,138Â 303Â 902,1.0,0.0,-1.0,1638238,3.0,7,,0.0,2.0,1.0,B01,138Â 303Â 902,1.0
959879,201900001410,6,4,08:35,1,2,1,8.0,6.0,92072,VILLE D'AVRAY (RUE DE ),M,"48,8258882","2,2012770",92,2019,50.0,1.0,2.0,3.0,2145325,1.0,1,1,1,0.0,,0.0,0,1972.0,A01,138Â 303Â 898,2.0,0.0,-1.0,1638239,2.0,32,,0.0,1.0,1.0,A01,138Â 303Â 898,1.0
959879,201900001410,6,4,08:35,1,2,1,8.0,6.0,92072,VILLE D'AVRAY (RUE DE ),M,"48,8258882","2,2012770",92,2019,50.0,1.0,2.0,3.0,2145326,10.0,3,4,1,0.0,,3.0,3,1998.0,A01,138Â 303Â 898,8.0,0.0,-1.0,1638239,2.0,32,,0.0,1.0,1.0,A01,138Â 303Â 898,1.0
959880,201900001411,8,16,17:38,1,2,1,1.0,2.0,29019,MONTAIGNE (DE 39 A 111 ET 32 A 96),M,"48,4016600"," -4,4832100",29,2019,50.0,1.0,1.0,4.0,2145327,1.0,1,1,1,5.0,,0.0,0,1946.0,B01,138Â 303Â 897,1.0,0.0,-1.0,1638240,1.0,7,,0.0,2.0,4.0,B01,138Â 303Â 897,1.0
959880,201900001411,8,16,17:38,1,2,1,1.0,2.0,29019,MONTAIGNE (DE 39 A 111 ET 32 A 96),M,"48,4016600"," -4,4832100",29,2019,50.0,1.0,1.0,4.0,2145327,1.0,1,1,1,5.0,,0.0,0,1946.0,B01,138Â 303Â 897,1.0,0.0,-1.0,1638241,1.0,30,,0.0,2.0,1.0,A01,138Â 303Â 899,1.0
959880,201900001411,8,16,17:38,1,2,1,1.0,2.0,29019,MONTAIGNE (DE 39 A 111 ET 32 A 96),M,"48,4016600"," -4,4832100",29,2019,50.0,1.0,1.0,4.0,2145328,1.0,1,4,1,5.0,,0.0,0,2001.0,A01,138Â 303Â 899,2.0,6.0,-1.0,1638240,1.0,7,,0.0,2.0,4.0,B01,138Â 303Â 897,1.0
959880,201900001411,8,16,17:38,1,2,1,1.0,2.0,29019,MONTAIGNE (DE 39 A 111 ET 32 A 96),M,"48,4016600"," -4,4832100",29,2019,50.0,1.0,1.0,4.0,2145328,1.0,1,4,1,5.0,,0.0,0,2001.0,A01,138Â 303Â 899,2.0,6.0,-1.0,1638241,1.0,30,,0.0,2.0,1.0,A01,138Â 303Â 899,1.0
959880,201900001411,8,16,17:38,1,2,1,1.0,2.0,29019,MONTAIGNE (DE 39 A 111 ET 32 A 96),M,"48,4016600"," -4,4832100",29,2019,50.0,1.0,1.0,4.0,2145329,2.0,2,1,1,5.0,,0.0,0,2001.0,A01,138Â 303Â 899,2.0,0.0,-1.0,1638240,1.0,7,,0.0,2.0,4.0,B01,138Â 303Â 897,1.0
959880,201900001411,8,16,17:38,1,2,1,1.0,2.0,29019,MONTAIGNE (DE 39 A 111 ET 32 A 96),M,"48,4016600"," -4,4832100",29,2019,50.0,1.0,1.0,4.0,2145329,2.0,2,1,1,5.0,,0.0,0,2001.0,A01,138Â 303Â 899,2.0,0.0,-1.0,1638241,1.0,30,,0.0,2.0,1.0,A01,138Â 303Â 899,1.0
959881,201900001412,8,13,11:58,1,2,6,2.0,7.0,29019,PEN AR CH'LEUZ (ROND POINT),M,"48,4141300"," -4,4800900",29,2019,50.0,1.0,2.0,4.0,2145330,1.0,1,4,2,1.0,,-1.0,0,1970.0,A01,138Â 303Â 895,1.0,5.0,-1.0,1638242,3.0,7,,12.0,0.0,6.0,A01,138Â 303Â 895,1.0
959882,201900001413,6,13,15:05,1,2,1,1.0,4.0,92064,MARCEL DASSAULT,M,"48,8559109","2,2230920",92,2019,50.0,1.0,1.0,3.0,2145331,1.0,1,4,1,1.0,,-1.0,0,1957.0,A01,138Â 303Â 892,1.0,0.0,-1.0,1638243,1.0,7,,0.0,2.0,1.0,A01,138Â 303Â 892,1.0
959882,201900001413,6,13,15:05,1,2,1,1.0,4.0,92064,MARCEL DASSAULT,M,"48,8559109","2,2230920",92,2019,50.0,1.0,1.0,3.0,2145331,1.0,1,4,1,1.0,,-1.0,0,1957.0,A01,138Â 303Â 892,1.0,0.0,-1.0,1638244,1.0,7,,0.0,2.0,4.0,B01,138Â 303Â 893,1.0
959882,201900001413,6,13,15:05,1,2,1,1.0,4.0,92064,MARCEL DASSAULT,M,"48,8559109","2,2230920",92,2019,50.0,1.0,1.0,3.0,2145331,1.0,1,4,1,1.0,,-1.0,0,1957.0,A01,138Â 303Â 892,1.0,0.0,-1.0,1638245,1.0,7,,0.0,2.0,4.0,C01,138Â 303Â 894,1.0
959882,201900001413,6,13,15:05,1,2,1,1.0,4.0,92064,MARCEL DASSAULT,M,"48,8559109","2,2230920",92,2019,50.0,1.0,1.0,3.0,2145331,1.0,1,4,1,1.0,,-1.0,0,1957.0,A01,138Â 303Â 892,1.0,0.0,-1.0,1638246,1.0,7,,0.0,2.0,4.0,D01,138Â 303Â 896,1.0
959882,201900001413,6,13,15:05,1,2,1,1.0,4.0,92064,MARCEL DASSAULT,M,"48,8559109","2,2230920",92,2019,50.0,1.0,1.0,3.0,2145332,1.0,1,1,1,1.0,,-1.0,0,1979.0,B01,138Â 303Â 893,1.0,0.0,-1.0,1638243,1.0,7,,0.0,2.0,1.0,A01,138Â 303Â 892,1.0
959882,201900001413,6,13,15:05,1,2,1,1.0,4.0,92064,MARCEL DASSAULT,M,"48,8559109","2,2230920",92,2019,50.0,1.0,1.0,3.0,2145332,1.0,1,1,1,1.0,,-1.0,0,1979.0,B01,138Â 303Â 893,1.0,0.0,-1.0,1638244,1.0,7,,0.0,2.0,4.0,B01,138Â 303Â 893,1.0
959882,201900001413,6,13,15:05,1,2,1,1.0,4.0,92064,MARCEL DASSAULT,M,"48,8559109","2,2230920",92,2019,50.0,1.0,1.0,3.0,2145332,1.0,1,1,1,1.0,,-1.0,0,1979.0,B01,138Â 303Â 893,1.0,0.0,-1.0,1638245,1.0,7,,0.0,2.0,4.0,C01,138Â 303Â 894,1.0
959882,201900001413,6,13,15:05,1,2,1,1.0,4.0,92064,MARCEL DASSAULT,M,"48,8559109","2,2230920",92,2019,50.0,1.0,1.0,3.0,2145332,1.0,1,1,1,1.0,,-1.0,0,1979.0,B01,138Â 303Â 893,1.0,0.0,-1.0,1638246,1.0,7,,0.0,2.0,4.0,D01,138Â 303Â 896,1.0