Unnamed: 0_x,num_acc,mois,jour,hrmn,lum,agg,int,atm,col,com,adr,gps,lat,long,dep,annee,vma,situ,surf,catr,Unnamed: 0_y,place,catu,grav,sexe,trajet,secu,locp,actp,an_nais,num_veh_x,id_vehicule_x,secu1,secu2,secu3,Unnamed: 0,senc,catv,occutc,obs,obsm,choc,num_veh_y,id_vehicule_y,motor
959882,201900001413,6,13,15:05,1,2,1,1.0,4.0,92064,MARCEL DASSAULT,M,"48,8559109","2,2230920",92,2019,50.0,1.0,1.0,3.0,2145333,2.0,2,1,1,1.0,,-1.0,0,1979.0,B01,138Â 303Â 893,1.0,0.0,-1.0,1638243,1.0,7,,0.0,2.0,1.0,A01,138Â 303Â 892,1.0
959882,201900001413,6,13,15:05,1,2,1,1.0,4.0,92064,MARCEL DASSAULT,M,"48,8559109","2,2230920",92,2019,50.0,1.0,1.0,3.0,2145333,2.0,2,1,1,1.0,,-1.0,0,1979.0,B01,138Â 303Â 893,1.0,0.0,-1.0,1638244,1.0,7,,0.0,2.0,4.0,B01,138Â 303Â 893,1.0
959882,201900001413,6,13,15:05,1,2,1,1.0,4.0,92064,MARCEL DASSAULT,M,"48,8559109","2,2230920",92,2019,50.0,1.0,1.0,3.0,2145333,2.0,2,1,1,1.0,,-1.0,0,1979.0,B01,138Â 303Â 893,1.0,0.0,-1.0,1638245,1.0,7,,0.0,2.0,4.0,C01,138Â 303Â 894,1.0
959882,201900001413,6,13,15:05,1,2,1,1.0,4.0,92064,MARCEL DASSAULT,M,"48,8559109","2,2230920",92,2019,50.0,1.0,1.0,3.0,2145333,2.0,2,1,1,1.0,,-1.0,0,1979.0,B01,138Â 303Â 893,1.0,0.0,-1.0,1638246,1.0,7,,0.0,2.0,4.0,D01,138Â 303Â 896,1.0
959882,201900001413,6,13,15:05,1,2,1,1.0,4.0,92064,MARCEL DASSAULT,M,"48,8559109","2,2230920",92,2019,50.0,1.0,1.0,3.0,2145334,1.0,1,1,1,1.0,,-1.0,0,1957.0,C01,138Â 303Â 894,1.0,0.0,-1.0,1638243,1.0,7,,0.0,2.0,1.0,A01,138Â 303Â 892,1.0
959882,201900001413,6,13,15:05,1,2,1,1.0,4.0,92064,MARCEL DASSAULT,M,"48,8559109","2,2230920",92,2019,50.0,1.0,1.0,3.0,2145334,1.0,1,1,1,1.0,,-1.0,0,1957.0,C01,138Â 303Â 894,1.0,0.0,-1.0,1638244,1.0,7,,0.0,2.0,4.0,B01,138Â 303Â 893,1.0
959882,201900001413,6,13,15:05,1,2,1,1.0,4.0,92064,MARCEL DASSAULT,M,"48,8559109","2,2230920",92,2019,50.0,1.0,1.0,3.0,2145334,1.0,1,1,1,1.0,,-1.0,0,1957.0,C01,138Â 303Â 894,1.0,0.0,-1.0,1638245,1.0,7,,0.0,2.0,4.0,C01,138Â 303Â 894,1.0
959882,201900001413,6,13,15:05,1,2,1,1.0,4.0,92064,MARCEL DASSAULT,M,"48,8559109","2,2230920",92,2019,50.0,1.0,1.0,3.0,2145334,1.0,1,1,1,1.0,,-1.0,0,1957.0,C01,138Â 303Â 894,1.0,0.0,-1.0,1638246,1.0,7,,0.0,2.0,4.0,D01,138Â 303Â 896,1.0
959882,201900001413,6,13,15:05,1,2,1,1.0,4.0,92064,MARCEL DASSAULT,M,"48,8559109","2,2230920",92,2019,50.0,1.0,1.0,3.0,2145335,1.0,1,1,1,1.0,,-1.0,0,1971.0,D01,138Â 303Â 896,1.0,0.0,-1.0,1638243,1.0,7,,0.0,2.0,1.0,A01,138Â 303Â 892,1.0
959882,201900001413,6,13,15:05,1,2,1,1.0,4.0,92064,MARCEL DASSAULT,M,"48,8559109","2,2230920",92,2019,50.0,1.0,1.0,3.0,2145335,1.0,1,1,1,1.0,,-1.0,0,1971.0,D01,138Â 303Â 896,1.0,0.0,-1.0,1638244,1.0,7,,0.0,2.0,4.0,B01,138Â 303Â 893,1.0
959882,201900001413,6,13,15:05,1,2,1,1.0,4.0,92064,MARCEL DASSAULT,M,"48,8559109","2,2230920",92,2019,50.0,1.0,1.0,3.0,2145335,1.0,1,1,1,1.0,,-1.0,0,1971.0,D01,138Â 303Â 896,1.0,0.0,-1.0,1638245,1.0,7,,0.0,2.0,4.0,C01,138Â 303Â 894,1.0
959882,201900001413,6,13,15:05,1,2,1,1.0,4.0,92064,MARCEL DASSAULT,M,"48,8559109","2,2230920",92,2019,50.0,1.0,1.0,3.0,2145335,1.0,1,1,1,1.0,,-1.0,0,1971.0,D01,138Â 303Â 896,1.0,0.0,-1.0,1638246,1.0,7,,0.0,2.0,4.0,D01,138Â 303Â 896,1.0
959883,201900001414,6,11,19:44,1,2,1,1.0,6.0,92064,DAILLY,M,"48,8428000","2,2211000",92,2019,50.0,1.0,2.0,3.0,2145336,1.0,1,4,2,5.0,,-1.0,0,1964.0,A01,138Â 303Â 890,8.0,0.0,-1.0,1638247,2.0,1,,9.0,0.0,1.0,A01,138Â 303Â 890,5.0
959884,201900001415,8,13,09:55,1,2,1,1.0,3.0,27229,NORMANDIE (BOULEVARD DE),M,"49,0216020","1,1375080",27,2019,50.0,1.0,1.0,4.0,2145337,1.0,1,1,1,0.0,,0.0,0,1948.0,A01,138Â 303Â 888,1.0,5.0,-1.0,1638248,0.0,7,,0.0,2.0,1.0,A01,138Â 303Â 888,1.0
959884,201900001415,8,13,09:55,1,2,1,1.0,3.0,27229,NORMANDIE (BOULEVARD DE),M,"49,0216020","1,1375080",27,2019,50.0,1.0,1.0,4.0,2145337,1.0,1,1,1,0.0,,0.0,0,1948.0,A01,138Â 303Â 888,1.0,5.0,-1.0,1638249,0.0,7,,0.0,2.0,8.0,B01,138Â 303Â 889,1.0
959884,201900001415,8,13,09:55,1,2,1,1.0,3.0,27229,NORMANDIE (BOULEVARD DE),M,"49,0216020","1,1375080",27,2019,50.0,1.0,1.0,4.0,2145338,1.0,1,4,1,0.0,,0.0,0,2000.0,B01,138Â 303Â 889,1.0,5.0,-1.0,1638248,0.0,7,,0.0,2.0,1.0,A01,138Â 303Â 888,1.0
959884,201900001415,8,13,09:55,1,2,1,1.0,3.0,27229,NORMANDIE (BOULEVARD DE),M,"49,0216020","1,1375080",27,2019,50.0,1.0,1.0,4.0,2145338,1.0,1,4,1,0.0,,0.0,0,2000.0,B01,138Â 303Â 889,1.0,5.0,-1.0,1638249,0.0,7,,0.0,2.0,8.0,B01,138Â 303Â 889,1.0
959885,201900001416,6,7,15:40,1,2,9,2.0,7.0,92064,REPUBLIQUE,M,"48,8575000","2,2108000",92,2019,30.0,1.0,2.0,3.0,2145339,10.0,3,4,2,5.0,,1.0,9,1929.0,A01,138Â 303Â 887,8.0,0.0,-1.0,1638250,3.0,7,,0.0,0.0,0.0,A01,138Â 303Â 887,1.0
959885,201900001416,6,7,15:40,1,2,9,2.0,7.0,92064,REPUBLIQUE,M,"48,8575000","2,2108000",92,2019,30.0,1.0,2.0,3.0,2145340,1.0,1,1,1,5.0,,0.0,0,1938.0,A01,138Â 303Â 887,1.0,8.0,-1.0,1638250,3.0,7,,0.0,0.0,0.0,A01,138Â 303Â 887,1.0
959886,201900001417,8,13,12:00,1,2,1,1.0,2.0,26281,JAURES JEAN (PLACE),M,"45,0455400","5,0527400",26,2019,50.0,1.0,1.0,4.0,2145341,1.0,1,1,1,4.0,,-1.0, -1,1980.0,B01,138Â 303Â 884,1.0,8.0,-1.0,1638251,3.0,37,3.0,0.0,2.0,4.0,B01,138Â 303Â 884,1.0
959886,201900001417,8,13,12:00,1,2,1,1.0,2.0,26281,JAURES JEAN (PLACE),M,"45,0455400","5,0527400",26,2019,50.0,1.0,1.0,4.0,2145341,1.0,1,1,1,4.0,,-1.0, -1,1980.0,B01,138Â 303Â 884,1.0,8.0,-1.0,1638252,3.0,7,,0.0,2.0,1.0,A01,138Â 303Â 886,1.0
959886,201900001417,8,13,12:00,1,2,1,1.0,2.0,26281,JAURES JEAN (PLACE),M,"45,0455400","5,0527400",26,2019,50.0,1.0,1.0,4.0,2145342,9.0,2,4,1,0.0,,-1.0, -1,1954.0,B01,138Â 303Â 884,8.0,0.0,-1.0,1638251,3.0,37,3.0,0.0,2.0,4.0,B01,138Â 303Â 884,1.0
959886,201900001417,8,13,12:00,1,2,1,1.0,2.0,26281,JAURES JEAN (PLACE),M,"45,0455400","5,0527400",26,2019,50.0,1.0,1.0,4.0,2145342,9.0,2,4,1,0.0,,-1.0, -1,1954.0,B01,138Â 303Â 884,8.0,0.0,-1.0,1638252,3.0,7,,0.0,2.0,1.0,A01,138Â 303Â 886,1.0
959886,201900001417,8,13,12:00,1,2,1,1.0,2.0,26281,JAURES JEAN (PLACE),M,"45,0455400","5,0527400",26,2019,50.0,1.0,1.0,4.0,2145343,9.0,2,4,2,0.0,,-1.0, -1,1960.0,B01,138Â 303Â 884,8.0,0.0,-1.0,1638251,3.0,37,3.0,0.0,2.0,4.0,B01,138Â 303Â 884,1.0
959886,201900001417,8,13,12:00,1,2,1,1.0,2.0,26281,JAURES JEAN (PLACE),M,"45,0455400","5,0527400",26,2019,50.0,1.0,1.0,4.0,2145343,9.0,2,4,2,0.0,,-1.0, -1,1960.0,B01,138Â 303Â 884,8.0,0.0,-1.0,1638252,3.0,7,,0.0,2.0,1.0,A01,138Â 303Â 886,1.0
959886,201900001417,8,13,12:00,1,2,1,1.0,2.0,26281,JAURES JEAN (PLACE),M,"45,0455400","5,0527400",26,2019,50.0,1.0,1.0,4.0,2145344,1.0,1,4,1,0.0,,-1.0, -1,1981.0,A01,138Â 303Â 886,1.0,8.0,-1.0,1638251,3.0,37,3.0,0.0,2.0,4.0,B01,138Â 303Â 884,1.0
959886,201900001417,8,13,12:00,1,2,1,1.0,2.0,26281,JAURES JEAN (PLACE),M,"45,0455400","5,0527400",26,2019,50.0,1.0,1.0,4.0,2145344,1.0,1,4,1,0.0,,-1.0, -1,1981.0,A01,138Â 303Â 886,1.0,8.0,-1.0,1638252,3.0,7,,0.0,2.0,1.0,A01,138Â 303Â 886,1.0
959887,201900001418,6,7,13:40,1,2,1,2.0,3.0,92064,REPUBLIQUE,M,"48,8504600","2,2134800",92,2019,50.0,2.0,2.0,3.0,2145345,1.0,1,1,1,5.0,,-1.0,0,1938.0,A01,138Â 303Â 883,1.0,0.0,-1.0,1638253,1.0,10,,12.0,2.0,3.0,A01,138Â 303Â 883,1.0
959887,201900001418,6,7,13:40,1,2,1,2.0,3.0,92064,REPUBLIQUE,M,"48,8504600","2,2134800",92,2019,50.0,2.0,2.0,3.0,2145345,1.0,1,1,1,5.0,,-1.0,0,1938.0,A01,138Â 303Â 883,1.0,0.0,-1.0,1638254,1.0,34,,6.0,2.0,1.0,B01,138Â 303Â 885,1.0
959887,201900001418,6,7,13:40,1,2,1,2.0,3.0,92064,REPUBLIQUE,M,"48,8504600","2,2134800",92,2019,50.0,2.0,2.0,3.0,2145346,1.0,1,4,1,4.0,,-1.0,0,1973.0,B01,138Â 303Â 885,2.0,6.0,-1.0,1638253,1.0,10,,12.0,2.0,3.0,A01,138Â 303Â 883,1.0
959887,201900001418,6,7,13:40,1,2,1,2.0,3.0,92064,REPUBLIQUE,M,"48,8504600","2,2134800",92,2019,50.0,2.0,2.0,3.0,2145346,1.0,1,4,1,4.0,,-1.0,0,1973.0,B01,138Â 303Â 885,2.0,6.0,-1.0,1638254,1.0,34,,6.0,2.0,1.0,B01,138Â 303Â 885,1.0
959888,201900001419,6,14,16:30,1,2,1,1.0,6.0,92063,FOCH (BOULEVARD DU MARECHAL),M,"48,8782000","2,1803600",92,2019,50.0,1.0,1.0,4.0,2145347,1.0,1,1,2,5.0,,-1.0,0,1938.0,A01,138Â 303Â 881,1.0,8.0,-1.0,1638255,2.0,7,,0.0,1.0,8.0,A01,138Â 303Â 881,1.0
959888,201900001419,6,14,16:30,1,2,1,1.0,6.0,92063,FOCH (BOULEVARD DU MARECHAL),M,"48,8782000","2,1803600",92,2019,50.0,1.0,1.0,4.0,2145348,10.0,3,4,1,2.0,,2.0,3,2007.0,A01,138Â 303Â 881,8.0,0.0,-1.0,1638255,2.0,7,,0.0,1.0,8.0,A01,138Â 303Â 881,1.0
959889,201900001420,8,9,14:40,1,2,3,1.0,3.0,26198,DAUJAT( Rue Raymond),M,"44,5588700","4,7487200",26,2019,30.0,1.0,1.0,4.0,2145349,1.0,1,1,1,5.0,,-1.0, -1,2000.0,A01,138Â 303Â 880,1.0,8.0,-1.0,1638256,3.0,7,,0.0,2.0,3.0,A01,138Â 303Â 880,1.0
959889,201900001420,8,9,14:40,1,2,3,1.0,3.0,26198,DAUJAT( Rue Raymond),M,"44,5588700","4,7487200",26,2019,30.0,1.0,1.0,4.0,2145349,1.0,1,1,1,5.0,,-1.0, -1,2000.0,A01,138Â 303Â 880,1.0,8.0,-1.0,1638257,3.0,33,,0.0,2.0,1.0,B01,138Â 303Â 882,1.0
959889,201900001420,8,9,14:40,1,2,3,1.0,3.0,26198,DAUJAT( Rue Raymond),M,"44,5588700","4,7487200",26,2019,30.0,1.0,1.0,4.0,2145350,1.0,1,4,1,9.0,,-1.0, -1,1973.0,B01,138Â 303Â 882,2.0,8.0,-1.0,1638256,3.0,7,,0.0,2.0,3.0,A01,138Â 303Â 880,1.0
959889,201900001420,8,9,14:40,1,2,3,1.0,3.0,26198,DAUJAT( Rue Raymond),M,"44,5588700","4,7487200",26,2019,30.0,1.0,1.0,4.0,2145350,1.0,1,4,1,9.0,,-1.0, -1,1973.0,B01,138Â 303Â 882,2.0,8.0,-1.0,1638257,3.0,33,,0.0,2.0,1.0,B01,138Â 303Â 882,1.0
959890,201900001421,6,10,09:15,1,2,3,1.0,6.0,92063,DOUMER (AVENUE PAUL) EST,M,"48,8787617","2,1773299",92,2019,50.0,1.0,1.0,3.0,2145351,1.0,1,1,1,1.0,,-1.0,0,1956.0,B01,138Â 303Â 878,1.0,8.0,-1.0,1638258,2.0,7,,0.0,2.0,3.0,B01,138Â 303Â 878,1.0
959890,201900001421,6,10,09:15,1,2,3,1.0,6.0,92063,DOUMER (AVENUE PAUL) EST,M,"48,8787617","2,1773299",92,2019,50.0,1.0,1.0,3.0,2145351,1.0,1,1,1,1.0,,-1.0,0,1956.0,B01,138Â 303Â 878,1.0,8.0,-1.0,1638259,1.0,50,,0.0,2.0,1.0,A01,138Â 303Â 879,3.0
959890,201900001421,6,10,09:15,1,2,3,1.0,6.0,92063,DOUMER (AVENUE PAUL) EST,M,"48,8787617","2,1773299",92,2019,50.0,1.0,1.0,3.0,2145352,1.0,1,4,1,1.0,,-1.0,0,1985.0,A01,138Â 303Â 879,8.0,0.0,-1.0,1638258,2.0,7,,0.0,2.0,3.0,B01,138Â 303Â 878,1.0
959890,201900001421,6,10,09:15,1,2,3,1.0,6.0,92063,DOUMER (AVENUE PAUL) EST,M,"48,8787617","2,1773299",92,2019,50.0,1.0,1.0,3.0,2145352,1.0,1,4,1,1.0,,-1.0,0,1985.0,A01,138Â 303Â 879,8.0,0.0,-1.0,1638259,1.0,50,,0.0,2.0,1.0,A01,138Â 303Â 879,3.0
959891,201900001422,8,8,17:30,1,2,1,1.0,6.0,26198,MEYNOT (Boulevard),M,"44,5556870","4,7517470",26,2019,30.0,1.0,1.0,4.0,2145353,10.0,3,4,2,5.0,,3.0,3,1983.0,A01,138Â 303Â 877,8.0,0.0,-1.0,1638260,1.0,7,,0.0,1.0,3.0,A01,138Â 303Â 877,1.0
959891,201900001422,8,8,17:30,1,2,1,1.0,6.0,26198,MEYNOT (Boulevard),M,"44,5556870","4,7517470",26,2019,30.0,1.0,1.0,4.0,2145354,1.0,1,1,2,5.0,,0.0,0,1980.0,A01,138Â 303Â 877,1.0,8.0,-1.0,1638260,1.0,7,,0.0,1.0,3.0,A01,138Â 303Â 877,1.0
959892,201900001423,8,12,17:10,1,2,1,1.0,6.0,26198,MEYNOT (Boulevard),M,"44,5556500","4,7516100",26,2019,30.0,1.0,1.0,4.0,2145355,10.0,3,4,2,1.0,,3.0,3,1979.0,Z01,138Â 303Â 876,8.0,0.0,-1.0,1638261,3.0,7,,0.0,1.0,1.0,Z01,138Â 303Â 876,0.0
959893,201900001424,6,6,10:00,1,2,3,1.0,6.0,92063,THIERS (RUE),M,"48,8696000","2,1937600",92,2019,50.0,1.0,2.0,4.0,2145356,10.0,3,4,1,1.0,,3.0,3,1992.0,A01,138Â 303Â 875,8.0,0.0,-1.0,1638262,2.0,7,,0.0,1.0,1.0,A01,138Â 303Â 875,1.0
959893,201900001424,6,6,10:00,1,2,3,1.0,6.0,92063,THIERS (RUE),M,"48,8696000","2,1937600",92,2019,50.0,1.0,2.0,4.0,2145357,1.0,1,1,1,5.0,,-1.0,0,1932.0,A01,138Â 303Â 875,1.0,8.0,-1.0,1638262,2.0,7,,0.0,1.0,1.0,A01,138Â 303Â 875,1.0
959894,201900001425,8,17,03:40,4,1,1,1.0,7.0,25056,EPINAL RUE D',M,"47,2698390","5,9996720",25,2019,50.0,1.0,1.0,4.0,2145358,1.0,1,4,2,5.0,,0.0,0,1999.0,A01,138Â 303Â 874,1.0,0.0,-1.0,1638263,3.0,7,,4.0,0.0,9.0,A01,138Â 303Â 874,1.0
959895,201900001426,5,31,12:40,1,2,1,1.0,3.0,92063,SUE (RUE EUGENE),M,"48,8765700","2,2012400",92,2019,50.0,1.0,1.0,4.0,2145359,1.0,1,4,1,5.0,,-1.0,0,2006.0,A01,138Â 303Â 872,8.0,8.0,-1.0,1638264,2.0,1,,0.0,2.0,8.0,A01,138Â 303Â 872,5.0
959895,201900001426,5,31,12:40,1,2,1,1.0,3.0,92063,SUE (RUE EUGENE),M,"48,8765700","2,2012400",92,2019,50.0,1.0,1.0,4.0,2145359,1.0,1,4,1,5.0,,-1.0,0,2006.0,A01,138Â 303Â 872,8.0,8.0,-1.0,1638265,2.0,7,,0.0,2.0,1.0,B01,138Â 303Â 873,1.0
959895,201900001426,5,31,12:40,1,2,1,1.0,3.0,92063,SUE (RUE EUGENE),M,"48,8765700","2,2012400",92,2019,50.0,1.0,1.0,4.0,2145360,1.0,1,1,2,5.0,,-1.0,0,1963.0,B01,138Â 303Â 873,1.0,8.0,-1.0,1638264,2.0,1,,0.0,2.0,8.0,A01,138Â 303Â 872,5.0
959895,201900001426,5,31,12:40,1,2,1,1.0,3.0,92063,SUE (RUE EUGENE),M,"48,8765700","2,2012400",92,2019,50.0,1.0,1.0,4.0,2145360,1.0,1,1,2,5.0,,-1.0,0,1963.0,B01,138Â 303Â 873,1.0,8.0,-1.0,1638265,2.0,7,,0.0,2.0,1.0,B01,138Â 303Â 873,1.0
959896,201900001427,6,19,07:45,1,2,1,1.0,2.0,92062,DE DION BOUTON (QUAI) DU 29 AU 65,M,"48,8831547","2,2484496",92,2019,50.0,1.0,1.0,3.0,2145361,1.0,1,4,1,4.0,,-1.0,0,1992.0,B01,138Â 303Â 868,2.0,6.0,-1.0,1638266,3.0,34,,0.0,2.0,5.0,B01,138Â 303Â 868,0.0
959896,201900001427,6,19,07:45,1,2,1,1.0,2.0,92062,DE DION BOUTON (QUAI) DU 29 AU 65,M,"48,8831547","2,2484496",92,2019,50.0,1.0,1.0,3.0,2145361,1.0,1,4,1,4.0,,-1.0,0,1992.0,B01,138Â 303Â 868,2.0,6.0,-1.0,1638267,3.0,7,,0.0,2.0,5.0,A01,138Â 303Â 870,0.0
959896,201900001427,6,19,07:45,1,2,1,1.0,2.0,92062,DE DION BOUTON (QUAI) DU 29 AU 65,M,"48,8831547","2,2484496",92,2019,50.0,1.0,1.0,3.0,2145362,1.0,1,1,1,1.0,,-1.0,0,1975.0,A01,138Â 303Â 870,1.0,0.0,-1.0,1638266,3.0,34,,0.0,2.0,5.0,B01,138Â 303Â 868,0.0
959896,201900001427,6,19,07:45,1,2,1,1.0,2.0,92062,DE DION BOUTON (QUAI) DU 29 AU 65,M,"48,8831547","2,2484496",92,2019,50.0,1.0,1.0,3.0,2145362,1.0,1,1,1,1.0,,-1.0,0,1975.0,A01,138Â 303Â 870,1.0,0.0,-1.0,1638267,3.0,7,,0.0,2.0,5.0,A01,138Â 303Â 870,0.0
959897,201900001428,6,3,18:48,1,2,1,1.0,3.0,92062,GODEFROY (RUE) DU 1 AU 17,M,"48,8808920","2,2428610",92,2019,50.0,1.0,1.0,4.0,2145363,1.0,1,4,1,1.0,,-1.0,0,1997.0,A01,138Â 303Â 866,2.0,6.0,-1.0,1638268,1.0,30,,0.0,2.0,1.0,A01,138Â 303Â 866,1.0
959897,201900001428,6,3,18:48,1,2,1,1.0,3.0,92062,GODEFROY (RUE) DU 1 AU 17,M,"48,8808920","2,2428610",92,2019,50.0,1.0,1.0,4.0,2145363,1.0,1,4,1,1.0,,-1.0,0,1997.0,A01,138Â 303Â 866,2.0,6.0,-1.0,1638269,1.0,7,,0.0,2.0,0.0,B01,138Â 303Â 867,1.0
959897,201900001428,6,3,18:48,1,2,1,1.0,3.0,92062,GODEFROY (RUE) DU 1 AU 17,M,"48,8808920","2,2428610",92,2019,50.0,1.0,1.0,4.0,2145364,1.0,1,1,1,4.0,,-1.0,0,1975.0,B01,138Â 303Â 867,1.0,0.0,-1.0,1638268,1.0,30,,0.0,2.0,1.0,A01,138Â 303Â 866,1.0
959897,201900001428,6,3,18:48,1,2,1,1.0,3.0,92062,GODEFROY (RUE) DU 1 AU 17,M,"48,8808920","2,2428610",92,2019,50.0,1.0,1.0,4.0,2145364,1.0,1,1,1,4.0,,-1.0,0,1975.0,B01,138Â 303Â 867,1.0,0.0,-1.0,1638269,1.0,7,,0.0,2.0,0.0,B01,138Â 303Â 867,1.0
959898,201900001429,8,14,16:45,1,2,2,1.0,3.0,25056,VESOUL RUE DE (inf 52),M,"47,2533400","6,0157900",25,2019,50.0,1.0,1.0,3.0,2145365,1.0,1,1,1,0.0,,-1.0,0,1998.0,A01,138Â 303Â 869,1.0,0.0,-1.0,1638270,1.0,7,,0.0,2.0,1.0,A01,138Â 303Â 869,1.0
959898,201900001429,8,14,16:45,1,2,2,1.0,3.0,25056,VESOUL RUE DE (inf 52),M,"47,2533400","6,0157900",25,2019,50.0,1.0,1.0,3.0,2145365,1.0,1,1,1,0.0,,-1.0,0,1998.0,A01,138Â 303Â 869,1.0,0.0,-1.0,1638271,1.0,33,,0.0,2.0,5.0,B01,138Â 303Â 871,1.0
959898,201900001429,8,14,16:45,1,2,2,1.0,3.0,25056,VESOUL RUE DE (inf 52),M,"47,2533400","6,0157900",25,2019,50.0,1.0,1.0,3.0,2145366,1.0,1,4,1,0.0,,0.0,0,1982.0,B01,138Â 303Â 871,2.0,6.0,-1.0,1638270,1.0,7,,0.0,2.0,1.0,A01,138Â 303Â 869,1.0
959898,201900001429,8,14,16:45,1,2,2,1.0,3.0,25056,VESOUL RUE DE (inf 52),M,"47,2533400","6,0157900",25,2019,50.0,1.0,1.0,3.0,2145366,1.0,1,4,1,0.0,,0.0,0,1982.0,B01,138Â 303Â 871,2.0,6.0,-1.0,1638271,1.0,33,,0.0,2.0,5.0,B01,138Â 303Â 871,1.0
959899,201900001430,6,7,14:15,1,2,1,8.0,6.0,92051,CHATEAU (BOULEVARD DU),M,"48,8867280","2,2622630",92,2019,50.0,1.0,1.0,4.0,2145367,1.0,1,1,1,0.0,,-1.0,0,1991.0,A01,138Â 303Â 862,2.0,0.0,-1.0,1638272,2.0,34,,0.0,1.0,2.0,A01,138Â 303Â 862,1.0
959899,201900001430,6,7,14:15,1,2,1,8.0,6.0,92051,CHATEAU (BOULEVARD DU),M,"48,8867280","2,2622630",92,2019,50.0,1.0,1.0,4.0,2145368,10.0,3,4,1,0.0,,1.0,3,1954.0,A01,138Â 303Â 862,8.0,0.0,-1.0,1638272,2.0,34,,0.0,1.0,2.0,A01,138Â 303Â 862,1.0
959900,201900001431,6,6,09:05,1,2,2,1.0,3.0,92051,RICHARD WALLACE (BOULEVARD),M,"48,8752229","2,2505202",92,2019,50.0,1.0,1.0,4.0,2145369,2.0,2,4,2,0.0,,-1.0,0,1976.0,A01,138Â 303Â 859,2.0,0.0,-1.0,1638273,2.0,34,,0.0,2.0,3.0,A01,138Â 303Â 859,1.0
959900,201900001431,6,6,09:05,1,2,2,1.0,3.0,92051,RICHARD WALLACE (BOULEVARD),M,"48,8752229","2,2505202",92,2019,50.0,1.0,1.0,4.0,2145369,2.0,2,4,2,0.0,,-1.0,0,1976.0,A01,138Â 303Â 859,2.0,0.0,-1.0,1638274,1.0,7,,0.0,2.0,3.0,B01,138Â 303Â 860,0.0
959900,201900001431,6,6,09:05,1,2,2,1.0,3.0,92051,RICHARD WALLACE (BOULEVARD),M,"48,8752229","2,2505202",92,2019,50.0,1.0,1.0,4.0,2145370,1.0,1,1,1,0.0,,-1.0,0,1972.0,A01,138Â 303Â 859,2.0,6.0,-1.0,1638273,2.0,34,,0.0,2.0,3.0,A01,138Â 303Â 859,1.0
959900,201900001431,6,6,09:05,1,2,2,1.0,3.0,92051,RICHARD WALLACE (BOULEVARD),M,"48,8752229","2,2505202",92,2019,50.0,1.0,1.0,4.0,2145370,1.0,1,1,1,0.0,,-1.0,0,1972.0,A01,138Â 303Â 859,2.0,6.0,-1.0,1638274,1.0,7,,0.0,2.0,3.0,B01,138Â 303Â 860,0.0
959900,201900001431,6,6,09:05,1,2,2,1.0,3.0,92051,RICHARD WALLACE (BOULEVARD),M,"48,8752229","2,2505202",92,2019,50.0,1.0,1.0,4.0,2145371,1.0,1,1,1,0.0,,-1.0,0,1985.0,B01,138Â 303Â 860,8.0,0.0,-1.0,1638273,2.0,34,,0.0,2.0,3.0,A01,138Â 303Â 859,1.0
959900,201900001431,6,6,09:05,1,2,2,1.0,3.0,92051,RICHARD WALLACE (BOULEVARD),M,"48,8752229","2,2505202",92,2019,50.0,1.0,1.0,4.0,2145371,1.0,1,1,1,0.0,,-1.0,0,1985.0,B01,138Â 303Â 860,8.0,0.0,-1.0,1638274,1.0,7,,0.0,2.0,3.0,B01,138Â 303Â 860,0.0
959901,201900001432,8,10,16:28,1,2,3,1.0,3.0,24037,RN 21,M,"44,8191600","0,5045400",24,2019,50.0,1.0,1.0,2.0,2145372,1.0,1,1,1,0.0,,0.0,0,1952.0,A01,138Â 303Â 857,1.0,0.0,-1.0,1638275,1.0,7,,0.0,2.0,1.0,A01,138Â 303Â 857,1.0
959901,201900001432,8,10,16:28,1,2,3,1.0,3.0,24037,RN 21,M,"44,8191600","0,5045400",24,2019,50.0,1.0,1.0,2.0,2145372,1.0,1,1,1,0.0,,0.0,0,1952.0,A01,138Â 303Â 857,1.0,0.0,-1.0,1638276,1.0,7,,0.0,2.0,7.0,B01,138Â 303Â 858,1.0
959901,201900001432,8,10,16:28,1,2,3,1.0,3.0,24037,RN 21,M,"44,8191600","0,5045400",24,2019,50.0,1.0,1.0,2.0,2145373,2.0,2,3,2,5.0,,-1.0,0,1946.0,B01,138Â 303Â 858,1.0,0.0,-1.0,1638275,1.0,7,,0.0,2.0,1.0,A01,138Â 303Â 857,1.0
959901,201900001432,8,10,16:28,1,2,3,1.0,3.0,24037,RN 21,M,"44,8191600","0,5045400",24,2019,50.0,1.0,1.0,2.0,2145373,2.0,2,3,2,5.0,,-1.0,0,1946.0,B01,138Â 303Â 858,1.0,0.0,-1.0,1638276,1.0,7,,0.0,2.0,7.0,B01,138Â 303Â 858,1.0
959901,201900001432,8,10,16:28,1,2,3,1.0,3.0,24037,RN 21,M,"44,8191600","0,5045400",24,2019,50.0,1.0,1.0,2.0,2145374,1.0,1,4,1,5.0,,-1.0,0,1940.0,B01,138Â 303Â 858,1.0,0.0,-1.0,1638275,1.0,7,,0.0,2.0,1.0,A01,138Â 303Â 857,1.0
959901,201900001432,8,10,16:28,1,2,3,1.0,3.0,24037,RN 21,M,"44,8191600","0,5045400",24,2019,50.0,1.0,1.0,2.0,2145374,1.0,1,4,1,5.0,,-1.0,0,1940.0,B01,138Â 303Â 858,1.0,0.0,-1.0,1638276,1.0,7,,0.0,2.0,7.0,B01,138Â 303Â 858,1.0