Unnamed: 0_x,num_acc,mois,jour,hrmn,lum,agg,int,atm,col,com,adr,gps,lat,long,dep,annee,vma,situ,surf,catr,Unnamed: 0_y,place,catu,grav,sexe,trajet,secu,locp,actp,an_nais,num_veh_x,id_vehicule_x,secu1,secu2,secu3,Unnamed: 0,senc,catv,occutc,obs,obsm,choc,num_veh_y,id_vehicule_y,motor
959902,201900001433,6,3,13:42,1,2,1,2.0,2.0,92051,"CHARLES DE GAULLE (AVENUE,NÂ°118 A 192 +",M,"48,8818900","2,2687200",92,2019,50.0,1.0,2.0,2.0,2145375,1.0,1,1,1,1.0,,-1.0,0,1969.0,B01,138Â 303Â 855,1.0,0.0,-1.0,1638277,1.0,7,,0.0,1.0,5.0,B01,138Â 303Â 855,0.0
959902,201900001433,6,3,13:42,1,2,1,2.0,2.0,92051,"CHARLES DE GAULLE (AVENUE,NÂ°118 A 192 +",M,"48,8818900","2,2687200",92,2019,50.0,1.0,2.0,2.0,2145375,1.0,1,1,1,1.0,,-1.0,0,1969.0,B01,138Â 303Â 855,1.0,0.0,-1.0,1638278,1.0,30,,0.0,2.0,1.0,A01,138Â 303Â 856,0.0
959902,201900001433,6,3,13:42,1,2,1,2.0,2.0,92051,"CHARLES DE GAULLE (AVENUE,NÂ°118 A 192 +",M,"48,8818900","2,2687200",92,2019,50.0,1.0,2.0,2.0,2145376,1.0,1,4,1,4.0,,-1.0,0,2000.0,A01,138Â 303Â 856,2.0,0.0,-1.0,1638277,1.0,7,,0.0,1.0,5.0,B01,138Â 303Â 855,0.0
959902,201900001433,6,3,13:42,1,2,1,2.0,2.0,92051,"CHARLES DE GAULLE (AVENUE,NÂ°118 A 192 +",M,"48,8818900","2,2687200",92,2019,50.0,1.0,2.0,2.0,2145376,1.0,1,4,1,4.0,,-1.0,0,2000.0,A01,138Â 303Â 856,2.0,0.0,-1.0,1638278,1.0,30,,0.0,2.0,1.0,A01,138Â 303Â 856,0.0
959903,201900001434,8,7,17:20,1,2,1,1.0,6.0,22278,GENEVE (DE),M,"48,5171383"," -2,7430372",22,2019,30.0,1.0,1.0,4.0,2145377,1.0,1,1,2,1.0,,0.0,0,1979.0,A01,138Â 303Â 854,8.0,0.0,-1.0,1638279,1.0,7,,0.0,1.0,3.0,A01,138Â 303Â 854,1.0
959903,201900001434,8,7,17:20,1,2,1,1.0,6.0,22278,GENEVE (DE),M,"48,5171383"," -2,7430372",22,2019,30.0,1.0,1.0,4.0,2145378,10.0,3,4,1,0.0,,2.0,5,2000.0,A01,138Â 303Â 854,8.0,0.0,-1.0,1638279,1.0,7,,0.0,1.0,3.0,A01,138Â 303Â 854,1.0
959904,201900001435,5,30,12:20,1,2,1,1.0,6.0,92051,"ACHILLE PERETTI (AVENUE, NÂ° 90 A 96 ET 9",M,"48,8877400","2,2551900",92,2019,30.0,1.0,1.0,4.0,2145379,1.0,1,1,1,9.0,,-1.0,0,1961.0,A01,138Â 303Â 853,1.0,8.0,-1.0,1638280,0.0,10,,0.0,1.0,6.0,A01,138Â 303Â 853,1.0
959904,201900001435,5,30,12:20,1,2,1,1.0,6.0,92051,"ACHILLE PERETTI (AVENUE, NÂ° 90 A 96 ET 9",M,"48,8877400","2,2551900",92,2019,30.0,1.0,1.0,4.0,2145380,10.0,3,3,2,5.0,,2.0,3,1931.0,A01,138Â 303Â 853,8.0,0.0,-1.0,1638280,0.0,10,,0.0,1.0,6.0,A01,138Â 303Â 853,1.0
959905,201900001436,8,12,12:00,1,1,1,1.0,2.0,22187,RN12,M,"48,5455800"," -2,7915100",22,2019,90.0,1.0,1.0,2.0,2145381,1.0,1,4,2,9.0,,0.0,0,1978.0,B01,138Â 303Â 850,1.0,8.0,-1.0,1638281,2.0,7,,0.0,2.0,4.0,B01,138Â 303Â 850,1.0
959905,201900001436,8,12,12:00,1,1,1,1.0,2.0,22187,RN12,M,"48,5455800"," -2,7915100",22,2019,90.0,1.0,1.0,2.0,2145381,1.0,1,4,2,9.0,,0.0,0,1978.0,B01,138Â 303Â 850,1.0,8.0,-1.0,1638282,2.0,7,,0.0,2.0,1.0,A01,138Â 303Â 852,1.0
959905,201900001436,8,12,12:00,1,1,1,1.0,2.0,22187,RN12,M,"48,5455800"," -2,7915100",22,2019,90.0,1.0,1.0,2.0,2145382,1.0,1,1,2,5.0,,0.0,0,1976.0,A01,138Â 303Â 852,1.0,8.0,-1.0,1638281,2.0,7,,0.0,2.0,4.0,B01,138Â 303Â 850,1.0
959905,201900001436,8,12,12:00,1,1,1,1.0,2.0,22187,RN12,M,"48,5455800"," -2,7915100",22,2019,90.0,1.0,1.0,2.0,2145382,1.0,1,1,2,5.0,,0.0,0,1976.0,A01,138Â 303Â 852,1.0,8.0,-1.0,1638282,2.0,7,,0.0,2.0,1.0,A01,138Â 303Â 852,1.0
959906,201900001437,6,18,14:45,1,2,2,1.0,3.0,92050,REPUBLIQUE AVENUE DE LA,M,"48,8980730","2,1987590",92,2019,50.0,1.0,1.0,3.0,2145383,1.0,1,4,1,4.0,,-1.0,0,1995.0,A01,138Â 303Â 849,2.0,0.0,-1.0,1638283,1.0,30,,0.0,2.0,7.0,A01,138Â 303Â 849,1.0
959906,201900001437,6,18,14:45,1,2,2,1.0,3.0,92050,REPUBLIQUE AVENUE DE LA,M,"48,8980730","2,1987590",92,2019,50.0,1.0,1.0,3.0,2145383,1.0,1,4,1,4.0,,-1.0,0,1995.0,A01,138Â 303Â 849,2.0,0.0,-1.0,1638284,3.0,7,,0.0,2.0,1.0,Z01,138Â 303Â 851,0.0
959907,201900001438,8,11,18:10,1,1,1,1.0,1.0,22278,BOUGAINVILLE (DE),M,"48,5199200"," -2,7168700",22,2019,50.0,1.0,1.0,4.0,2145384,1.0,1,1,1,5.0,,0.0,0,1974.0,A01,138Â 303Â 846,8.0,8.0,-1.0,1638285,3.0,7,,0.0,2.0,1.0,A01,138Â 303Â 846,1.0
959907,201900001438,8,11,18:10,1,1,1,1.0,1.0,22278,BOUGAINVILLE (DE),M,"48,5199200"," -2,7168700",22,2019,50.0,1.0,1.0,4.0,2145384,1.0,1,1,1,5.0,,0.0,0,1974.0,A01,138Â 303Â 846,8.0,8.0,-1.0,1638286,3.0,33,,0.0,2.0,1.0,B01,138Â 303Â 848,1.0
959907,201900001438,8,11,18:10,1,1,1,1.0,1.0,22278,BOUGAINVILLE (DE),M,"48,5199200"," -2,7168700",22,2019,50.0,1.0,1.0,4.0,2145385,1.0,1,3,1,1.0,,0.0,0,1990.0,B01,138Â 303Â 848,2.0,8.0,-1.0,1638285,3.0,7,,0.0,2.0,1.0,A01,138Â 303Â 846,1.0
959907,201900001438,8,11,18:10,1,1,1,1.0,1.0,22278,BOUGAINVILLE (DE),M,"48,5199200"," -2,7168700",22,2019,50.0,1.0,1.0,4.0,2145385,1.0,1,3,1,1.0,,0.0,0,1990.0,B01,138Â 303Â 848,2.0,8.0,-1.0,1638286,3.0,33,,0.0,2.0,1.0,B01,138Â 303Â 848,1.0
959908,201900001439,6,18,12:05,1,2,1,1.0,2.0,92050,LENINE VLADIMIR ILITCH AVENUE,M,"48,8881100","2,1946000",92,2019,50.0,1.0,1.0,3.0,2145386,1.0,1,1,1,9.0,,-1.0,0,1975.0,B01,138Â 303Â 845,8.0,0.0,-1.0,1638287,3.0,14,,1.0,0.0,4.0,B01,138Â 303Â 845,6.0
959908,201900001439,6,18,12:05,1,2,1,1.0,2.0,92050,LENINE VLADIMIR ILITCH AVENUE,M,"48,8881100","2,1946000",92,2019,50.0,1.0,1.0,3.0,2145386,1.0,1,1,1,9.0,,-1.0,0,1975.0,B01,138Â 303Â 845,8.0,0.0,-1.0,1638288,2.0,30,,0.0,2.0,1.0,A01,138Â 303Â 847,6.0
959908,201900001439,6,18,12:05,1,2,1,1.0,2.0,92050,LENINE VLADIMIR ILITCH AVENUE,M,"48,8881100","2,1946000",92,2019,50.0,1.0,1.0,3.0,2145387,1.0,1,3,1,0.0,,-1.0,0,1995.0,A01,138Â 303Â 847,2.0,0.0,-1.0,1638287,3.0,14,,1.0,0.0,4.0,B01,138Â 303Â 845,6.0
959908,201900001439,6,18,12:05,1,2,1,1.0,2.0,92050,LENINE VLADIMIR ILITCH AVENUE,M,"48,8881100","2,1946000",92,2019,50.0,1.0,1.0,3.0,2145387,1.0,1,3,1,0.0,,-1.0,0,1995.0,A01,138Â 303Â 847,2.0,0.0,-1.0,1638288,2.0,30,,0.0,2.0,1.0,A01,138Â 303Â 847,6.0
959909,201900001440,8,13,15:15,1,2,9,1.0,6.0,22113,RESISTANCE (AVENUE DE LA),M,"48,7522700"," -3,4569200",22,2019,30.0,1.0,1.0,6.0,2145388,1.0,1,1,1,3.0,,0.0,0,2000.0,A01,138Â 303Â 844,1.0,0.0,-1.0,1638289,3.0,7,,0.0,1.0,2.0,A01,138Â 303Â 844,1.0
959909,201900001440,8,13,15:15,1,2,9,1.0,6.0,22113,RESISTANCE (AVENUE DE LA),M,"48,7522700"," -3,4569200",22,2019,30.0,1.0,1.0,6.0,2145389,10.0,3,3,2,3.0,,2.0,3,1938.0,A01,138Â 303Â 844,8.0,0.0,-1.0,1638289,3.0,7,,0.0,1.0,2.0,A01,138Â 303Â 844,1.0
959910,201900001441,6,16,16:45,1,2,1,1.0,6.0,92050,GAULLE DE CHARLES ESPLANADE,M,"48,8945300","2,2223100",92,2019,1.0,2.0,1.0,9.0,2145390,1.0,1,1,1,5.0,,-1.0,0,2002.0,Z01,138Â 303Â 843,2.0,0.0,-1.0,1638290,1.0,30,,0.0,1.0,0.0,Z01,138Â 303Â 843,0.0
959910,201900001441,6,16,16:45,1,2,1,1.0,6.0,92050,GAULLE DE CHARLES ESPLANADE,M,"48,8945300","2,2223100",92,2019,1.0,2.0,1.0,9.0,2145391,10.0,3,4,1,5.0,,5.0,5,2010.0,Z01,138Â 303Â 843,8.0,0.0,-1.0,1638290,1.0,30,,0.0,1.0,0.0,Z01,138Â 303Â 843,0.0
959911,201900001442,8,14,15:25,1,2,1,1.0,6.0,19272,Winston Churchill (Av),M,"45,2589988","1,7567579",19,2019,20.0,1.0,1.0,4.0,2145392,1.0,1,1,2,5.0,,-1.0, -1,1970.0,A01,138Â 303Â 841,1.0,8.0,-1.0,1638291,1.0,7,,1.0,0.0,2.0,A01,138Â 303Â 841,1.0
959911,201900001442,8,14,15:25,1,2,1,1.0,6.0,19272,Winston Churchill (Av),M,"45,2589988","1,7567579",19,2019,20.0,1.0,1.0,4.0,2145392,1.0,1,1,2,5.0,,-1.0, -1,1970.0,A01,138Â 303Â 841,1.0,8.0,-1.0,1638292,1.0,7,,1.0,0.0,6.0,B01,138Â 303Â 842,1.0
959911,201900001442,8,14,15:25,1,2,1,1.0,6.0,19272,Winston Churchill (Av),M,"45,2589988","1,7567579",19,2019,20.0,1.0,1.0,4.0,2145393,4.0,2,4,2,0.0,,-1.0, -1,1925.0,B01,138Â 303Â 842,1.0,0.0,-1.0,1638291,1.0,7,,1.0,0.0,2.0,A01,138Â 303Â 841,1.0
959911,201900001442,8,14,15:25,1,2,1,1.0,6.0,19272,Winston Churchill (Av),M,"45,2589988","1,7567579",19,2019,20.0,1.0,1.0,4.0,2145393,4.0,2,4,2,0.0,,-1.0, -1,1925.0,B01,138Â 303Â 842,1.0,0.0,-1.0,1638292,1.0,7,,1.0,0.0,6.0,B01,138Â 303Â 842,1.0
959912,201900001443,6,15,14:05,1,2,2,1.0,6.0,92050,PONT DE BEZONS,M,"48,9190530","2,2229390",92,2019,50.0,1.0,1.0,3.0,2145394,2.0,2,4,2,5.0,,-1.0,0,2010.0,A01,138Â 303Â 840,1.0,0.0,-1.0,1638293,1.0,7,,8.0,0.0,1.0,A01,138Â 303Â 840,0.0
959912,201900001443,6,15,14:05,1,2,2,1.0,6.0,92050,PONT DE BEZONS,M,"48,9190530","2,2229390",92,2019,50.0,1.0,1.0,3.0,2145395,1.0,1,1,2,5.0,,-1.0,0,1956.0,A01,138Â 303Â 840,1.0,0.0,-1.0,1638293,1.0,7,,8.0,0.0,1.0,A01,138Â 303Â 840,0.0
959913,201900001444,8,14,15:45,1,2,1,1.0,1.0,19031,GEOFFRAY (RUE CESAR),M,"45,1562100","1,5094900",19,2019,50.0,1.0,1.0,4.0,2145396,1.0,1,4,1,4.0,,0.0,0,1978.0,B01,138Â 303Â 838,1.0,0.0,-1.0,1638294,2.0,3,,0.0,2.0,1.0,B01,138Â 303Â 838,1.0
959913,201900001444,8,14,15:45,1,2,1,1.0,1.0,19031,GEOFFRAY (RUE CESAR),M,"45,1562100","1,5094900",19,2019,50.0,1.0,1.0,4.0,2145396,1.0,1,4,1,4.0,,0.0,0,1978.0,B01,138Â 303Â 838,1.0,0.0,-1.0,1638295,1.0,7,,0.0,2.0,1.0,A01,138Â 303Â 839,1.0
959913,201900001444,8,14,15:45,1,2,1,1.0,1.0,19031,GEOFFRAY (RUE CESAR),M,"45,1562100","1,5094900",19,2019,50.0,1.0,1.0,4.0,2145397,1.0,1,1,1,9.0,,0.0,0,1972.0,A01,138Â 303Â 839,1.0,0.0,-1.0,1638294,2.0,3,,0.0,2.0,1.0,B01,138Â 303Â 838,1.0
959913,201900001444,8,14,15:45,1,2,1,1.0,1.0,19031,GEOFFRAY (RUE CESAR),M,"45,1562100","1,5094900",19,2019,50.0,1.0,1.0,4.0,2145397,1.0,1,1,1,9.0,,0.0,0,1972.0,A01,138Â 303Â 839,1.0,0.0,-1.0,1638295,1.0,7,,0.0,2.0,1.0,A01,138Â 303Â 839,1.0
959914,201900001445,6,14,18:30,1,2,2,1.0,6.0,92050,COMMUNE DE PARIS AVENUE DE LA,M,"48,9058300","2,2094300",92,2019,50.0,1.0,1.0,3.0,2145398,1.0,1,1,2,5.0,,-1.0,0,1956.0,A01,138Â 303Â 837,1.0,0.0,-1.0,1638296,1.0,7,,8.0,0.0,1.0,A01,138Â 303Â 837,0.0
959914,201900001445,6,14,18:30,1,2,2,1.0,6.0,92050,COMMUNE DE PARIS AVENUE DE LA,M,"48,9058300","2,2094300",92,2019,50.0,1.0,1.0,3.0,2145399,2.0,2,4,2,5.0,,-1.0,0,2010.0,A01,138Â 303Â 837,1.0,0.0,-1.0,1638296,1.0,7,,8.0,0.0,1.0,A01,138Â 303Â 837,0.0
959915,201900001446,8,9,18:45,1,1,6,1.0,3.0,19031,CRETES (CHEMIN DES),M,"45,1764500","1,5163900",19,2019,50.0,1.0,2.0,4.0,2145400,1.0,1,4,1,5.0,,-1.0, -1,1980.0,B01,138Â 303Â 835,2.0,6.0,-1.0,1638297,1.0,33,,0.0,2.0,7.0,B01,138Â 303Â 835,1.0
959915,201900001446,8,9,18:45,1,1,6,1.0,3.0,19031,CRETES (CHEMIN DES),M,"45,1764500","1,5163900",19,2019,50.0,1.0,2.0,4.0,2145400,1.0,1,4,1,5.0,,-1.0, -1,1980.0,B01,138Â 303Â 835,2.0,6.0,-1.0,1638298,0.0,7,,0.0,2.0,1.0,A01,138Â 303Â 836,1.0
959915,201900001446,8,9,18:45,1,1,6,1.0,3.0,19031,CRETES (CHEMIN DES),M,"45,1764500","1,5163900",19,2019,50.0,1.0,2.0,4.0,2145401,1.0,1,1,1,5.0,,-1.0, -1,1980.0,A01,138Â 303Â 836,1.0,0.0,-1.0,1638297,1.0,33,,0.0,2.0,7.0,B01,138Â 303Â 835,1.0
959915,201900001446,8,9,18:45,1,1,6,1.0,3.0,19031,CRETES (CHEMIN DES),M,"45,1764500","1,5163900",19,2019,50.0,1.0,2.0,4.0,2145401,1.0,1,1,1,5.0,,-1.0, -1,1980.0,A01,138Â 303Â 836,1.0,0.0,-1.0,1638298,0.0,7,,0.0,2.0,1.0,A01,138Â 303Â 836,1.0
959916,201900001447,6,14,14:25,1,2,2,1.0,3.0,92050,QUENTIN JULES AVENUE,M,"48,8949800","2,1918900",92,2019,-1.0,1.0,1.0,3.0,2145402,1.0,1,1,1,4.0,,-1.0,0,1996.0,B01,138Â 303Â 829,1.0,0.0,-1.0,1638299,3.0,10,,0.0,2.0,2.0,B01,138Â 303Â 829,1.0
959916,201900001447,6,14,14:25,1,2,2,1.0,3.0,92050,QUENTIN JULES AVENUE,M,"48,8949800","2,1918900",92,2019,-1.0,1.0,1.0,3.0,2145402,1.0,1,1,1,4.0,,-1.0,0,1996.0,B01,138Â 303Â 829,1.0,0.0,-1.0,1638300,3.0,1,,0.0,2.0,3.0,A01,138Â 303Â 832,5.0
959916,201900001447,6,14,14:25,1,2,2,1.0,3.0,92050,QUENTIN JULES AVENUE,M,"48,8949800","2,1918900",92,2019,-1.0,1.0,1.0,3.0,2145403,1.0,1,2,1,0.0,,-1.0,0,1987.0,A01,138Â 303Â 832,8.0,0.0,-1.0,1638299,3.0,10,,0.0,2.0,2.0,B01,138Â 303Â 829,1.0
959916,201900001447,6,14,14:25,1,2,2,1.0,3.0,92050,QUENTIN JULES AVENUE,M,"48,8949800","2,1918900",92,2019,-1.0,1.0,1.0,3.0,2145403,1.0,1,2,1,0.0,,-1.0,0,1987.0,A01,138Â 303Â 832,8.0,0.0,-1.0,1638300,3.0,1,,0.0,2.0,3.0,A01,138Â 303Â 832,5.0
959917,201900001448,8,13,09:40,1,1,1,1.0,7.0,17415,Route DÃ©partementale 728,M,"45,7469768"," -0,7027119",17,2019,80.0,1.0,1.0,3.0,2145404,1.0,1,3,2,5.0,,0.0,0,1998.0,A01,138Â 303Â 828,1.0,0.0,-1.0,1638301,1.0,7,,16.0,0.0,1.0,A01,138Â 303Â 828,1.0
959918,201900001449,6,11,21:10,2,2,1,2.0,3.0,92050,CLEMENCEAU GEORGES AVENUE NÂ° PAIR,M,"48,8862530","2,2140410",92,2019,50.0,1.0,2.0,3.0,2145405,1.0,1,4,1,0.0,,-1.0,0,1998.0,B01,138Â 303Â 826,2.0,0.0,-1.0,1638302,1.0,2,,0.0,2.0,3.0,B01,138Â 303Â 826,0.0
959918,201900001449,6,11,21:10,2,2,1,2.0,3.0,92050,CLEMENCEAU GEORGES AVENUE NÂ° PAIR,M,"48,8862530","2,2140410",92,2019,50.0,1.0,2.0,3.0,2145405,1.0,1,4,1,0.0,,-1.0,0,1998.0,B01,138Â 303Â 826,2.0,0.0,-1.0,1638303,1.0,7,,0.0,2.0,2.0,A01,138Â 303Â 827,0.0
959918,201900001449,6,11,21:10,2,2,1,2.0,3.0,92050,CLEMENCEAU GEORGES AVENUE NÂ° PAIR,M,"48,8862530","2,2140410",92,2019,50.0,1.0,2.0,3.0,2145406,1.0,1,1,1,9.0,,-1.0,0,1995.0,A01,138Â 303Â 827,1.0,0.0,-1.0,1638302,1.0,2,,0.0,2.0,3.0,B01,138Â 303Â 826,0.0
959918,201900001449,6,11,21:10,2,2,1,2.0,3.0,92050,CLEMENCEAU GEORGES AVENUE NÂ° PAIR,M,"48,8862530","2,2140410",92,2019,50.0,1.0,2.0,3.0,2145406,1.0,1,1,1,9.0,,-1.0,0,1995.0,A01,138Â 303Â 827,1.0,0.0,-1.0,1638303,1.0,7,,0.0,2.0,2.0,A01,138Â 303Â 827,0.0
959919,201900001450,8,16,18:30,1,2,1,1.0,5.0,17306,EUROPE (COURS DE L'),M,"45,6249680"," -1,0198590",17,2019,50.0,1.0,1.0,4.0,2145407,1.0,1,1,1,5.0,,-1.0,0,1986.0,C01,138Â 303Â 823,1.0,8.0,-1.0,1638304,1.0,7,,0.0,2.0,4.0,C01,138Â 303Â 823,1.0
959919,201900001450,8,16,18:30,1,2,1,1.0,5.0,17306,EUROPE (COURS DE L'),M,"45,6249680"," -1,0198590",17,2019,50.0,1.0,1.0,4.0,2145407,1.0,1,1,1,5.0,,-1.0,0,1986.0,C01,138Â 303Â 823,1.0,8.0,-1.0,1638305,1.0,33,,0.0,2.0,4.0,B01,138Â 303Â 824,1.0
959919,201900001450,8,16,18:30,1,2,1,1.0,5.0,17306,EUROPE (COURS DE L'),M,"45,6249680"," -1,0198590",17,2019,50.0,1.0,1.0,4.0,2145407,1.0,1,1,1,5.0,,-1.0,0,1986.0,C01,138Â 303Â 823,1.0,8.0,-1.0,1638306,1.0,7,,1.0,2.0,1.0,A01,138Â 303Â 825,1.0
959919,201900001450,8,16,18:30,1,2,1,1.0,5.0,17306,EUROPE (COURS DE L'),M,"45,6249680"," -1,0198590",17,2019,50.0,1.0,1.0,4.0,2145408,1.0,1,4,1,1.0,,-1.0,0,1957.0,B01,138Â 303Â 824,2.0,6.0,-1.0,1638304,1.0,7,,0.0,2.0,4.0,C01,138Â 303Â 823,1.0
959919,201900001450,8,16,18:30,1,2,1,1.0,5.0,17306,EUROPE (COURS DE L'),M,"45,6249680"," -1,0198590",17,2019,50.0,1.0,1.0,4.0,2145408,1.0,1,4,1,1.0,,-1.0,0,1957.0,B01,138Â 303Â 824,2.0,6.0,-1.0,1638305,1.0,33,,0.0,2.0,4.0,B01,138Â 303Â 824,1.0
959919,201900001450,8,16,18:30,1,2,1,1.0,5.0,17306,EUROPE (COURS DE L'),M,"45,6249680"," -1,0198590",17,2019,50.0,1.0,1.0,4.0,2145408,1.0,1,4,1,1.0,,-1.0,0,1957.0,B01,138Â 303Â 824,2.0,6.0,-1.0,1638306,1.0,7,,1.0,2.0,1.0,A01,138Â 303Â 825,1.0
959919,201900001450,8,16,18:30,1,2,1,1.0,5.0,17306,EUROPE (COURS DE L'),M,"45,6249680"," -1,0198590",17,2019,50.0,1.0,1.0,4.0,2145409,1.0,1,1,1,1.0,,-1.0,0,1999.0,A01,138Â 303Â 825,1.0,0.0,-1.0,1638304,1.0,7,,0.0,2.0,4.0,C01,138Â 303Â 823,1.0
959919,201900001450,8,16,18:30,1,2,1,1.0,5.0,17306,EUROPE (COURS DE L'),M,"45,6249680"," -1,0198590",17,2019,50.0,1.0,1.0,4.0,2145409,1.0,1,1,1,1.0,,-1.0,0,1999.0,A01,138Â 303Â 825,1.0,0.0,-1.0,1638305,1.0,33,,0.0,2.0,4.0,B01,138Â 303Â 824,1.0
959919,201900001450,8,16,18:30,1,2,1,1.0,5.0,17306,EUROPE (COURS DE L'),M,"45,6249680"," -1,0198590",17,2019,50.0,1.0,1.0,4.0,2145409,1.0,1,1,1,1.0,,-1.0,0,1999.0,A01,138Â 303Â 825,1.0,0.0,-1.0,1638306,1.0,7,,1.0,2.0,1.0,A01,138Â 303Â 825,1.0
959920,201900001451,6,9,16:15,1,2,1,1.0,6.0,92050,GAMBETTA RUE,M,"48,8885230","2,1990200",92,2019,50.0,1.0,1.0,4.0,2145410,10.0,3,3,1,5.0,,3.0,3,2015.0,A01,138Â 303Â 822,8.0,0.0,-1.0,1638307,1.0,7,,0.0,1.0,1.0,A01,138Â 303Â 822,1.0
959920,201900001451,6,9,16:15,1,2,1,1.0,6.0,92050,GAMBETTA RUE,M,"48,8885230","2,1990200",92,2019,50.0,1.0,1.0,4.0,2145411,1.0,1,1,1,1.0,,0.0,0,1969.0,A01,138Â 303Â 822,1.0,0.0,-1.0,1638307,1.0,7,,0.0,1.0,1.0,A01,138Â 303Â 822,1.0
959921,201900001452,6,7,12:10,1,2,1,1.0,6.0,92050,PROVINCES FRANCAISES BD DES,M,"48,8997900","2,2140500",92,2019,50.0,1.0,1.0,4.0,2145412,1.0,1,1,2,4.0,,-1.0,0,1984.0,A01,138Â 303Â 821,8.0,0.0,-1.0,1638308,2.0,37,1.0,0.0,1.0,5.0,A01,138Â 303Â 821,1.0
959921,201900001452,6,7,12:10,1,2,1,1.0,6.0,92050,PROVINCES FRANCAISES BD DES,M,"48,8997900","2,2140500",92,2019,50.0,1.0,1.0,4.0,2145413,10.0,3,4,2,2.0,,5.0,3,1998.0,A01,138Â 303Â 821,8.0,0.0,-1.0,1638308,2.0,37,1.0,0.0,1.0,5.0,A01,138Â 303Â 821,1.0
959922,201900001453,8,16,11:00,1,2,2,1.0,2.0,17306,Avenue Louis BOUCHET,M,"45,6293610"," -0,9935700",17,2019,50.0,1.0,1.0,3.0,2145414,1.0,1,1,1,5.0,,-1.0,0,1977.0,A01,138Â 303Â 819,1.0,0.0,-1.0,1638309,1.0,7,,0.0,2.0,1.0,A01,138Â 303Â 819,1.0
959922,201900001453,8,16,11:00,1,2,2,1.0,2.0,17306,Avenue Louis BOUCHET,M,"45,6293610"," -0,9935700",17,2019,50.0,1.0,1.0,3.0,2145414,1.0,1,1,1,5.0,,-1.0,0,1977.0,A01,138Â 303Â 819,1.0,0.0,-1.0,1638310,1.0,7,,0.0,2.0,4.0,B01,138Â 303Â 820,1.0
959922,201900001453,8,16,11:00,1,2,2,1.0,2.0,17306,Avenue Louis BOUCHET,M,"45,6293610"," -0,9935700",17,2019,50.0,1.0,1.0,3.0,2145415,2.0,2,4,2,0.0,,-1.0,0,1974.0,A01,138Â 303Â 819,1.0,0.0,-1.0,1638309,1.0,7,,0.0,2.0,1.0,A01,138Â 303Â 819,1.0
959922,201900001453,8,16,11:00,1,2,2,1.0,2.0,17306,Avenue Louis BOUCHET,M,"45,6293610"," -0,9935700",17,2019,50.0,1.0,1.0,3.0,2145415,2.0,2,4,2,0.0,,-1.0,0,1974.0,A01,138Â 303Â 819,1.0,0.0,-1.0,1638310,1.0,7,,0.0,2.0,4.0,B01,138Â 303Â 820,1.0
959922,201900001453,8,16,11:00,1,2,2,1.0,2.0,17306,Avenue Louis BOUCHET,M,"45,6293610"," -0,9935700",17,2019,50.0,1.0,1.0,3.0,2145416,3.0,2,1,2,0.0,,-1.0,0,2015.0,A01,138Â 303Â 819,1.0,0.0,-1.0,1638309,1.0,7,,0.0,2.0,1.0,A01,138Â 303Â 819,1.0
959922,201900001453,8,16,11:00,1,2,2,1.0,2.0,17306,Avenue Louis BOUCHET,M,"45,6293610"," -0,9935700",17,2019,50.0,1.0,1.0,3.0,2145416,3.0,2,1,2,0.0,,-1.0,0,2015.0,A01,138Â 303Â 819,1.0,0.0,-1.0,1638310,1.0,7,,0.0,2.0,4.0,B01,138Â 303Â 820,1.0
959922,201900001453,8,16,11:00,1,2,2,1.0,2.0,17306,Avenue Louis BOUCHET,M,"45,6293610"," -0,9935700",17,2019,50.0,1.0,1.0,3.0,2145417,4.0,2,1,1,5.0,,-1.0,0,2013.0,A01,138Â 303Â 819,1.0,0.0,-1.0,1638309,1.0,7,,0.0,2.0,1.0,A01,138Â 303Â 819,1.0
959922,201900001453,8,16,11:00,1,2,2,1.0,2.0,17306,Avenue Louis BOUCHET,M,"45,6293610"," -0,9935700",17,2019,50.0,1.0,1.0,3.0,2145417,4.0,2,1,1,5.0,,-1.0,0,2013.0,A01,138Â 303Â 819,1.0,0.0,-1.0,1638310,1.0,7,,0.0,2.0,4.0,B01,138Â 303Â 820,1.0
959922,201900001453,8,16,11:00,1,2,2,1.0,2.0,17306,Avenue Louis BOUCHET,M,"45,6293610"," -0,9935700",17,2019,50.0,1.0,1.0,3.0,2145418,2.0,2,4,1,0.0,,-1.0,0,1969.0,B01,138Â 303Â 820,1.0,0.0,-1.0,1638309,1.0,7,,0.0,2.0,1.0,A01,138Â 303Â 819,1.0
959922,201900001453,8,16,11:00,1,2,2,1.0,2.0,17306,Avenue Louis BOUCHET,M,"45,6293610"," -0,9935700",17,2019,50.0,1.0,1.0,3.0,2145418,2.0,2,4,1,0.0,,-1.0,0,1969.0,B01,138Â 303Â 820,1.0,0.0,-1.0,1638310,1.0,7,,0.0,2.0,4.0,B01,138Â 303Â 820,1.0
959922,201900001453,8,16,11:00,1,2,2,1.0,2.0,17306,Avenue Louis BOUCHET,M,"45,6293610"," -0,9935700",17,2019,50.0,1.0,1.0,3.0,2145419,1.0,1,1,1,0.0,,-1.0,0,1970.0,B01,138Â 303Â 820,1.0,0.0,-1.0,1638309,1.0,7,,0.0,2.0,1.0,A01,138Â 303Â 819,1.0