Unnamed: 0_x,num_acc,mois,jour,hrmn,lum,agg,int,atm,col,com,adr,gps,lat,long,dep,annee,vma,situ,surf,catr,Unnamed: 0_y,place,catu,grav,sexe,trajet,secu,locp,actp,an_nais,num_veh_x,id_vehicule_x,secu1,secu2,secu3,Unnamed: 0,senc,catv,occutc,obs,obsm,choc,num_veh_y,id_vehicule_y,motor
959922,201900001453,8,16,11:00,1,2,2,1.0,2.0,17306,Avenue Louis BOUCHET,M,"45,6293610"," -0,9935700",17,2019,50.0,1.0,1.0,3.0,2145419,1.0,1,1,1,0.0,,-1.0,0,1970.0,B01,138Â 303Â 820,1.0,0.0,-1.0,1638310,1.0,7,,0.0,2.0,4.0,B01,138Â 303Â 820,1.0
959922,201900001453,8,16,11:00,1,2,2,1.0,2.0,17306,Avenue Louis BOUCHET,M,"45,6293610"," -0,9935700",17,2019,50.0,1.0,1.0,3.0,2145420,4.0,2,4,1,0.0,,-1.0,0,2004.0,B01,138Â 303Â 820,1.0,0.0,-1.0,1638309,1.0,7,,0.0,2.0,1.0,A01,138Â 303Â 819,1.0
959922,201900001453,8,16,11:00,1,2,2,1.0,2.0,17306,Avenue Louis BOUCHET,M,"45,6293610"," -0,9935700",17,2019,50.0,1.0,1.0,3.0,2145420,4.0,2,4,1,0.0,,-1.0,0,2004.0,B01,138Â 303Â 820,1.0,0.0,-1.0,1638310,1.0,7,,0.0,2.0,4.0,B01,138Â 303Â 820,1.0
959922,201900001453,8,16,11:00,1,2,2,1.0,2.0,17306,Avenue Louis BOUCHET,M,"45,6293610"," -0,9935700",17,2019,50.0,1.0,1.0,3.0,2145421,3.0,2,4,1,0.0,,-1.0,0,1999.0,B01,138Â 303Â 820,1.0,0.0,-1.0,1638309,1.0,7,,0.0,2.0,1.0,A01,138Â 303Â 819,1.0
959922,201900001453,8,16,11:00,1,2,2,1.0,2.0,17306,Avenue Louis BOUCHET,M,"45,6293610"," -0,9935700",17,2019,50.0,1.0,1.0,3.0,2145421,3.0,2,4,1,0.0,,-1.0,0,1999.0,B01,138Â 303Â 820,1.0,0.0,-1.0,1638310,1.0,7,,0.0,2.0,4.0,B01,138Â 303Â 820,1.0
959923,201900001454,6,6,17:00,1,2,1,1.0,2.0,92050,JOILIOT CURIE F. ET IRENE AVENUE NÂ°IMPAI,M,"48,8923050","2,2094080",92,2019,50.0,1.0,1.0,3.0,2145422,1.0,1,4,1,0.0,,0.0,0,1969.0,B01,138Â 303Â 817,0.0,0.0,0.0,1638311,2.0,1,,1.0,0.0,1.0,B01,138Â 303Â 817,6.0
959923,201900001454,6,6,17:00,1,2,1,1.0,2.0,92050,JOILIOT CURIE F. ET IRENE AVENUE NÂ°IMPAI,M,"48,8923050","2,2094080",92,2019,50.0,1.0,1.0,3.0,2145422,1.0,1,4,1,0.0,,0.0,0,1969.0,B01,138Â 303Â 817,0.0,0.0,0.0,1638312,2.0,7,,0.0,2.0,6.0,A01,138Â 303Â 818,1.0
959923,201900001454,6,6,17:00,1,2,1,1.0,2.0,92050,JOILIOT CURIE F. ET IRENE AVENUE NÂ°IMPAI,M,"48,8923050","2,2094080",92,2019,50.0,1.0,1.0,3.0,2145423,1.0,1,1,1,0.0,,-1.0,0,1983.0,A01,138Â 303Â 818,1.0,0.0,-1.0,1638311,2.0,1,,1.0,0.0,1.0,B01,138Â 303Â 817,6.0
959923,201900001454,6,6,17:00,1,2,1,1.0,2.0,92050,JOILIOT CURIE F. ET IRENE AVENUE NÂ°IMPAI,M,"48,8923050","2,2094080",92,2019,50.0,1.0,1.0,3.0,2145423,1.0,1,1,1,0.0,,-1.0,0,1983.0,A01,138Â 303Â 818,1.0,0.0,-1.0,1638312,2.0,7,,0.0,2.0,6.0,A01,138Â 303Â 818,1.0
959924,201900001455,8,9,10:05,1,2,2,1.0,3.0,17306,ROCHEFORT (DE)  (AVENUE),M,"45,6489700"," -1,0244500",17,2019,50.0,1.0,1.0,3.0,2145424,1.0,1,4,1,5.0,,-1.0,0,1999.0,A01,138Â 303Â 815,2.0,6.0,-1.0,1638313,1.0,33,,0.0,2.0,1.0,A01,138Â 303Â 815,1.0
959924,201900001455,8,9,10:05,1,2,2,1.0,3.0,17306,ROCHEFORT (DE)  (AVENUE),M,"45,6489700"," -1,0244500",17,2019,50.0,1.0,1.0,3.0,2145424,1.0,1,4,1,5.0,,-1.0,0,1999.0,A01,138Â 303Â 815,2.0,6.0,-1.0,1638314,1.0,7,,0.0,2.0,3.0,B01,138Â 303Â 816,1.0
959924,201900001455,8,9,10:05,1,2,2,1.0,3.0,17306,ROCHEFORT (DE)  (AVENUE),M,"45,6489700"," -1,0244500",17,2019,50.0,1.0,1.0,3.0,2145425,1.0,1,1,1,5.0,,-1.0,0,1946.0,B01,138Â 303Â 816,1.0,0.0,-1.0,1638313,1.0,33,,0.0,2.0,1.0,A01,138Â 303Â 815,1.0
959924,201900001455,8,9,10:05,1,2,2,1.0,3.0,17306,ROCHEFORT (DE)  (AVENUE),M,"45,6489700"," -1,0244500",17,2019,50.0,1.0,1.0,3.0,2145425,1.0,1,1,1,5.0,,-1.0,0,1946.0,B01,138Â 303Â 816,1.0,0.0,-1.0,1638314,1.0,7,,0.0,2.0,3.0,B01,138Â 303Â 816,1.0
959925,201900001456,6,5,19:25,1,2,1,2.0,6.0,92050,PROVINCES FRANCAISES BD DES,M,"48,9011930","2,2174950",92,2019,50.0,1.0,2.0,4.0,2145426,1.0,1,1,2,9.0,,0.0,0,1995.0,A01,138Â 303Â 814,8.0,0.0,-1.0,1638315,3.0,7,,0.0,1.0,4.0,A01,138Â 303Â 814,1.0
959925,201900001456,6,5,19:25,1,2,1,2.0,6.0,92050,PROVINCES FRANCAISES BD DES,M,"48,9011930","2,2174950",92,2019,50.0,1.0,2.0,4.0,2145427,10.0,3,4,2,0.0,,8.0,3,1979.0,A01,138Â 303Â 814,8.0,0.0,-1.0,1638315,3.0,7,,0.0,1.0,4.0,A01,138Â 303Â 814,1.0
959926,201900001457,8,14,17:40,1,2,1,1.0,7.0,17291,BELGIQUE  RUE,M,"46,1792400"," -1,1228300",17,2019,50.0,1.0,1.0,4.0,2145428,1.0,1,4,2,0.0,,0.0,0,1970.0,A01,138Â 303Â 813,2.0,6.0,-1.0,1638316,3.0,31,,0.0,2.0,6.0,A01,138Â 303Â 813,1.0
959927,201900001458,6,1,14:00,1,2,1,1.0,2.0,92050,REPUBLIQUE AVENUE DE LA,M,"48,9057850","2,2105090",92,2019,50.0,1.0,1.0,3.0,2145429,2.0,2,4,2,1.0,,-1.0,0,1979.0,B01,138Â 303Â 811,1.0,0.0,-1.0,1638317,1.0,7,,0.0,2.0,4.0,B01,138Â 303Â 811,1.0
959927,201900001458,6,1,14:00,1,2,1,1.0,2.0,92050,REPUBLIQUE AVENUE DE LA,M,"48,9057850","2,2105090",92,2019,50.0,1.0,1.0,3.0,2145429,2.0,2,4,2,1.0,,-1.0,0,1979.0,B01,138Â 303Â 811,1.0,0.0,-1.0,1638318,1.0,3,,0.0,2.0,1.0,A01,138Â 303Â 812,1.0
959927,201900001458,6,1,14:00,1,2,1,1.0,2.0,92050,REPUBLIQUE AVENUE DE LA,M,"48,9057850","2,2105090",92,2019,50.0,1.0,1.0,3.0,2145430,1.0,1,1,1,5.0,,-1.0,0,1976.0,B01,138Â 303Â 811,1.0,0.0,-1.0,1638317,1.0,7,,0.0,2.0,4.0,B01,138Â 303Â 811,1.0
959927,201900001458,6,1,14:00,1,2,1,1.0,2.0,92050,REPUBLIQUE AVENUE DE LA,M,"48,9057850","2,2105090",92,2019,50.0,1.0,1.0,3.0,2145430,1.0,1,1,1,5.0,,-1.0,0,1976.0,B01,138Â 303Â 811,1.0,0.0,-1.0,1638318,1.0,3,,0.0,2.0,1.0,A01,138Â 303Â 812,1.0
959927,201900001458,6,1,14:00,1,2,1,1.0,2.0,92050,REPUBLIQUE AVENUE DE LA,M,"48,9057850","2,2105090",92,2019,50.0,1.0,1.0,3.0,2145431,1.0,1,1,1,5.0,,-1.0,0,1927.0,A01,138Â 303Â 812,1.0,0.0,-1.0,1638317,1.0,7,,0.0,2.0,4.0,B01,138Â 303Â 811,1.0
959927,201900001458,6,1,14:00,1,2,1,1.0,2.0,92050,REPUBLIQUE AVENUE DE LA,M,"48,9057850","2,2105090",92,2019,50.0,1.0,1.0,3.0,2145431,1.0,1,1,1,5.0,,-1.0,0,1927.0,A01,138Â 303Â 812,1.0,0.0,-1.0,1638318,1.0,3,,0.0,2.0,1.0,A01,138Â 303Â 812,1.0
959928,201900001459,8,13,19:05,2,2,2,1.0,1.0,16102,Bd de JAVREZAC,M,"45,6921600"," -0,3448800",16,2019,50.0,1.0,1.0,3.0,2145432,1.0,1,3,1,5.0,,-1.0,0,1953.0,B01,138Â 303Â 809,2.0,0.0,-1.0,1638319,1.0,1,,0.0,2.0,1.0,B01,138Â 303Â 809,5.0
959928,201900001459,8,13,19:05,2,2,2,1.0,1.0,16102,Bd de JAVREZAC,M,"45,6921600"," -0,3448800",16,2019,50.0,1.0,1.0,3.0,2145432,1.0,1,3,1,5.0,,-1.0,0,1953.0,B01,138Â 303Â 809,2.0,0.0,-1.0,1638320,2.0,7,,0.0,2.0,1.0,A01,138Â 303Â 810,1.0
959928,201900001459,8,13,19:05,2,2,2,1.0,1.0,16102,Bd de JAVREZAC,M,"45,6921600"," -0,3448800",16,2019,50.0,1.0,1.0,3.0,2145433,1.0,1,1,1,5.0,,-1.0,0,1963.0,A01,138Â 303Â 810,8.0,0.0,-1.0,1638319,1.0,1,,0.0,2.0,1.0,B01,138Â 303Â 809,5.0
959928,201900001459,8,13,19:05,2,2,2,1.0,1.0,16102,Bd de JAVREZAC,M,"45,6921600"," -0,3448800",16,2019,50.0,1.0,1.0,3.0,2145433,1.0,1,1,1,5.0,,-1.0,0,1963.0,A01,138Â 303Â 810,8.0,0.0,-1.0,1638320,2.0,7,,0.0,2.0,1.0,A01,138Â 303Â 810,1.0
959929,201900001460,5,31,12:00,1,2,2,1.0,4.0,92050,VAILLANT COUTURIER PAUL RUE,M,"48,8823000","2,2046200",92,2019,50.0,1.0,1.0,3.0,2145434,1.0,1,1,1,0.0,,-1.0,0,1935.0,A01,138Â 303Â 805,1.0,0.0,-1.0,1638321,2.0,7,,0.0,2.0,1.0,A01,138Â 303Â 805,1.0
959929,201900001460,5,31,12:00,1,2,2,1.0,4.0,92050,VAILLANT COUTURIER PAUL RUE,M,"48,8823000","2,2046200",92,2019,50.0,1.0,1.0,3.0,2145434,1.0,1,1,1,0.0,,-1.0,0,1935.0,A01,138Â 303Â 805,1.0,0.0,-1.0,1638322,2.0,7,,0.0,2.0,4.0,B01,138Â 303Â 806,1.0
959929,201900001460,5,31,12:00,1,2,2,1.0,4.0,92050,VAILLANT COUTURIER PAUL RUE,M,"48,8823000","2,2046200",92,2019,50.0,1.0,1.0,3.0,2145434,1.0,1,1,1,0.0,,-1.0,0,1935.0,A01,138Â 303Â 805,1.0,0.0,-1.0,1638323,2.0,7,,0.0,2.0,4.0,C01,138Â 303Â 807,1.0
959929,201900001460,5,31,12:00,1,2,2,1.0,4.0,92050,VAILLANT COUTURIER PAUL RUE,M,"48,8823000","2,2046200",92,2019,50.0,1.0,1.0,3.0,2145434,1.0,1,1,1,0.0,,-1.0,0,1935.0,A01,138Â 303Â 805,1.0,0.0,-1.0,1638324,2.0,7,,0.0,2.0,4.0,D01,138Â 303Â 808,1.0
959929,201900001460,5,31,12:00,1,2,2,1.0,4.0,92050,VAILLANT COUTURIER PAUL RUE,M,"48,8823000","2,2046200",92,2019,50.0,1.0,1.0,3.0,2145435,1.0,1,1,1,9.0,,-1.0,0,1940.0,B01,138Â 303Â 806,1.0,0.0,-1.0,1638321,2.0,7,,0.0,2.0,1.0,A01,138Â 303Â 805,1.0
959929,201900001460,5,31,12:00,1,2,2,1.0,4.0,92050,VAILLANT COUTURIER PAUL RUE,M,"48,8823000","2,2046200",92,2019,50.0,1.0,1.0,3.0,2145435,1.0,1,1,1,9.0,,-1.0,0,1940.0,B01,138Â 303Â 806,1.0,0.0,-1.0,1638322,2.0,7,,0.0,2.0,4.0,B01,138Â 303Â 806,1.0
959929,201900001460,5,31,12:00,1,2,2,1.0,4.0,92050,VAILLANT COUTURIER PAUL RUE,M,"48,8823000","2,2046200",92,2019,50.0,1.0,1.0,3.0,2145435,1.0,1,1,1,9.0,,-1.0,0,1940.0,B01,138Â 303Â 806,1.0,0.0,-1.0,1638323,2.0,7,,0.0,2.0,4.0,C01,138Â 303Â 807,1.0
959929,201900001460,5,31,12:00,1,2,2,1.0,4.0,92050,VAILLANT COUTURIER PAUL RUE,M,"48,8823000","2,2046200",92,2019,50.0,1.0,1.0,3.0,2145435,1.0,1,1,1,9.0,,-1.0,0,1940.0,B01,138Â 303Â 806,1.0,0.0,-1.0,1638324,2.0,7,,0.0,2.0,4.0,D01,138Â 303Â 808,1.0
959929,201900001460,5,31,12:00,1,2,2,1.0,4.0,92050,VAILLANT COUTURIER PAUL RUE,M,"48,8823000","2,2046200",92,2019,50.0,1.0,1.0,3.0,2145436,2.0,2,4,2,9.0,,-1.0,0,1977.0,B01,138Â 303Â 806,8.0,0.0,-1.0,1638321,2.0,7,,0.0,2.0,1.0,A01,138Â 303Â 805,1.0
959929,201900001460,5,31,12:00,1,2,2,1.0,4.0,92050,VAILLANT COUTURIER PAUL RUE,M,"48,8823000","2,2046200",92,2019,50.0,1.0,1.0,3.0,2145436,2.0,2,4,2,9.0,,-1.0,0,1977.0,B01,138Â 303Â 806,8.0,0.0,-1.0,1638322,2.0,7,,0.0,2.0,4.0,B01,138Â 303Â 806,1.0
959929,201900001460,5,31,12:00,1,2,2,1.0,4.0,92050,VAILLANT COUTURIER PAUL RUE,M,"48,8823000","2,2046200",92,2019,50.0,1.0,1.0,3.0,2145436,2.0,2,4,2,9.0,,-1.0,0,1977.0,B01,138Â 303Â 806,8.0,0.0,-1.0,1638323,2.0,7,,0.0,2.0,4.0,C01,138Â 303Â 807,1.0
959929,201900001460,5,31,12:00,1,2,2,1.0,4.0,92050,VAILLANT COUTURIER PAUL RUE,M,"48,8823000","2,2046200",92,2019,50.0,1.0,1.0,3.0,2145436,2.0,2,4,2,9.0,,-1.0,0,1977.0,B01,138Â 303Â 806,8.0,0.0,-1.0,1638324,2.0,7,,0.0,2.0,4.0,D01,138Â 303Â 808,1.0
959929,201900001460,5,31,12:00,1,2,2,1.0,4.0,92050,VAILLANT COUTURIER PAUL RUE,M,"48,8823000","2,2046200",92,2019,50.0,1.0,1.0,3.0,2145437,1.0,1,1,2,0.0,,-1.0,0,1976.0,C01,138Â 303Â 807,1.0,0.0,-1.0,1638321,2.0,7,,0.0,2.0,1.0,A01,138Â 303Â 805,1.0
959929,201900001460,5,31,12:00,1,2,2,1.0,4.0,92050,VAILLANT COUTURIER PAUL RUE,M,"48,8823000","2,2046200",92,2019,50.0,1.0,1.0,3.0,2145437,1.0,1,1,2,0.0,,-1.0,0,1976.0,C01,138Â 303Â 807,1.0,0.0,-1.0,1638322,2.0,7,,0.0,2.0,4.0,B01,138Â 303Â 806,1.0
959929,201900001460,5,31,12:00,1,2,2,1.0,4.0,92050,VAILLANT COUTURIER PAUL RUE,M,"48,8823000","2,2046200",92,2019,50.0,1.0,1.0,3.0,2145437,1.0,1,1,2,0.0,,-1.0,0,1976.0,C01,138Â 303Â 807,1.0,0.0,-1.0,1638323,2.0,7,,0.0,2.0,4.0,C01,138Â 303Â 807,1.0
959929,201900001460,5,31,12:00,1,2,2,1.0,4.0,92050,VAILLANT COUTURIER PAUL RUE,M,"48,8823000","2,2046200",92,2019,50.0,1.0,1.0,3.0,2145437,1.0,1,1,2,0.0,,-1.0,0,1976.0,C01,138Â 303Â 807,1.0,0.0,-1.0,1638324,2.0,7,,0.0,2.0,4.0,D01,138Â 303Â 808,1.0
959929,201900001460,5,31,12:00,1,2,2,1.0,4.0,92050,VAILLANT COUTURIER PAUL RUE,M,"48,8823000","2,2046200",92,2019,50.0,1.0,1.0,3.0,2145438,1.0,1,1,1,0.0,,-1.0,0,1986.0,D01,138Â 303Â 808,1.0,0.0,-1.0,1638321,2.0,7,,0.0,2.0,1.0,A01,138Â 303Â 805,1.0
959929,201900001460,5,31,12:00,1,2,2,1.0,4.0,92050,VAILLANT COUTURIER PAUL RUE,M,"48,8823000","2,2046200",92,2019,50.0,1.0,1.0,3.0,2145438,1.0,1,1,1,0.0,,-1.0,0,1986.0,D01,138Â 303Â 808,1.0,0.0,-1.0,1638322,2.0,7,,0.0,2.0,4.0,B01,138Â 303Â 806,1.0
959929,201900001460,5,31,12:00,1,2,2,1.0,4.0,92050,VAILLANT COUTURIER PAUL RUE,M,"48,8823000","2,2046200",92,2019,50.0,1.0,1.0,3.0,2145438,1.0,1,1,1,0.0,,-1.0,0,1986.0,D01,138Â 303Â 808,1.0,0.0,-1.0,1638323,2.0,7,,0.0,2.0,4.0,C01,138Â 303Â 807,1.0
959929,201900001460,5,31,12:00,1,2,2,1.0,4.0,92050,VAILLANT COUTURIER PAUL RUE,M,"48,8823000","2,2046200",92,2019,50.0,1.0,1.0,3.0,2145438,1.0,1,1,1,0.0,,-1.0,0,1986.0,D01,138Â 303Â 808,1.0,0.0,-1.0,1638324,2.0,7,,0.0,2.0,4.0,D01,138Â 303Â 808,1.0
959930,201900001461,6,13,07:45,1,2,1,1.0,5.0,92020,LIBERTE BOULEVARD DE LA NÂ° PAIRS,M,"48,8030500","2,2899000",92,2019,50.0,1.0,1.0,3.0,2145439,1.0,1,4,2,1.0,,-1.0,0,1962.0,A01,138Â 303Â 800,1.0,0.0,0.0,1638325,2.0,7,,1.0,2.0,3.0,A01,138Â 303Â 800,0.0
959930,201900001461,6,13,07:45,1,2,1,1.0,5.0,92020,LIBERTE BOULEVARD DE LA NÂ° PAIRS,M,"48,8030500","2,2899000",92,2019,50.0,1.0,1.0,3.0,2145439,1.0,1,4,2,1.0,,-1.0,0,1962.0,A01,138Â 303Â 800,1.0,0.0,0.0,1638326,1.0,7,,0.0,2.0,8.0,C01,138Â 303Â 802,0.0
959930,201900001461,6,13,07:45,1,2,1,1.0,5.0,92020,LIBERTE BOULEVARD DE LA NÂ° PAIRS,M,"48,8030500","2,2899000",92,2019,50.0,1.0,1.0,3.0,2145439,1.0,1,4,2,1.0,,-1.0,0,1962.0,A01,138Â 303Â 800,1.0,0.0,0.0,1638327,1.0,33,,0.0,2.0,1.0,B01,138Â 303Â 803,0.0
959930,201900001461,6,13,07:45,1,2,1,1.0,5.0,92020,LIBERTE BOULEVARD DE LA NÂ° PAIRS,M,"48,8030500","2,2899000",92,2019,50.0,1.0,1.0,3.0,2145440,1.0,1,1,2,1.0,,-1.0,0,1973.0,C01,138Â 303Â 802,1.0,0.0,-1.0,1638325,2.0,7,,1.0,2.0,3.0,A01,138Â 303Â 800,0.0
959930,201900001461,6,13,07:45,1,2,1,1.0,5.0,92020,LIBERTE BOULEVARD DE LA NÂ° PAIRS,M,"48,8030500","2,2899000",92,2019,50.0,1.0,1.0,3.0,2145440,1.0,1,1,2,1.0,,-1.0,0,1973.0,C01,138Â 303Â 802,1.0,0.0,-1.0,1638326,1.0,7,,0.0,2.0,8.0,C01,138Â 303Â 802,0.0
959930,201900001461,6,13,07:45,1,2,1,1.0,5.0,92020,LIBERTE BOULEVARD DE LA NÂ° PAIRS,M,"48,8030500","2,2899000",92,2019,50.0,1.0,1.0,3.0,2145440,1.0,1,1,2,1.0,,-1.0,0,1973.0,C01,138Â 303Â 802,1.0,0.0,-1.0,1638327,1.0,33,,0.0,2.0,1.0,B01,138Â 303Â 803,0.0
959930,201900001461,6,13,07:45,1,2,1,1.0,5.0,92020,LIBERTE BOULEVARD DE LA NÂ° PAIRS,M,"48,8030500","2,2899000",92,2019,50.0,1.0,1.0,3.0,2145441,1.0,1,1,1,1.0,,-1.0,0,1965.0,B01,138Â 303Â 803,2.0,0.0,-1.0,1638325,2.0,7,,1.0,2.0,3.0,A01,138Â 303Â 800,0.0
959930,201900001461,6,13,07:45,1,2,1,1.0,5.0,92020,LIBERTE BOULEVARD DE LA NÂ° PAIRS,M,"48,8030500","2,2899000",92,2019,50.0,1.0,1.0,3.0,2145441,1.0,1,1,1,1.0,,-1.0,0,1965.0,B01,138Â 303Â 803,2.0,0.0,-1.0,1638326,1.0,7,,0.0,2.0,8.0,C01,138Â 303Â 802,0.0
959930,201900001461,6,13,07:45,1,2,1,1.0,5.0,92020,LIBERTE BOULEVARD DE LA NÂ° PAIRS,M,"48,8030500","2,2899000",92,2019,50.0,1.0,1.0,3.0,2145441,1.0,1,1,1,1.0,,-1.0,0,1965.0,B01,138Â 303Â 803,2.0,0.0,-1.0,1638327,1.0,33,,0.0,2.0,1.0,B01,138Â 303Â 803,0.0
959931,201900001462,6,13,06:53,1,2,2,8.0,3.0,92049,BRIAND AVENUE ARISTIDE NÂ°1 A 129,M,"48,8175000","2,3256000",92,2019,50.0,1.0,1.0,3.0,2145442,1.0,1,3,2,1.0,,-1.0, -1,1967.0,B01,138Â 303Â 798,2.0,8.0,-1.0,1638328,2.0,34,,0.0,2.0,2.0,B01,138Â 303Â 798,1.0
959931,201900001462,6,13,06:53,1,2,2,8.0,3.0,92049,BRIAND AVENUE ARISTIDE NÂ°1 A 129,M,"48,8175000","2,3256000",92,2019,50.0,1.0,1.0,3.0,2145442,1.0,1,3,2,1.0,,-1.0, -1,1967.0,B01,138Â 303Â 798,2.0,8.0,-1.0,1638329,2.0,7,,0.0,2.0,8.0,A01,138Â 303Â 799,1.0
959931,201900001462,6,13,06:53,1,2,2,8.0,3.0,92049,BRIAND AVENUE ARISTIDE NÂ°1 A 129,M,"48,8175000","2,3256000",92,2019,50.0,1.0,1.0,3.0,2145443,1.0,1,1,1,0.0,,-1.0, -1,1998.0,A01,138Â 303Â 799,1.0,0.0,-1.0,1638328,2.0,34,,0.0,2.0,2.0,B01,138Â 303Â 798,1.0
959931,201900001462,6,13,06:53,1,2,2,8.0,3.0,92049,BRIAND AVENUE ARISTIDE NÂ°1 A 129,M,"48,8175000","2,3256000",92,2019,50.0,1.0,1.0,3.0,2145443,1.0,1,1,1,0.0,,-1.0, -1,1998.0,A01,138Â 303Â 799,1.0,0.0,-1.0,1638329,2.0,7,,0.0,2.0,8.0,A01,138Â 303Â 799,1.0
959932,201900001463,6,10,19:30,1,2,2,1.0,3.0,92049,GINOUX AVENUE HENRI AUTRES NÂ°,M,"48,8120100","2,3189600",92,2019,50.0,1.0,1.0,4.0,2145444,1.0,1,1,1,5.0,,-1.0,0,1973.0,A01,138Â 303Â 796,1.0,5.0,-1.0,1638330,1.0,7,,0.0,2.0,1.0,A01,138Â 303Â 796,1.0
959932,201900001463,6,10,19:30,1,2,2,1.0,3.0,92049,GINOUX AVENUE HENRI AUTRES NÂ°,M,"48,8120100","2,3189600",92,2019,50.0,1.0,1.0,4.0,2145444,1.0,1,1,1,5.0,,-1.0,0,1973.0,A01,138Â 303Â 796,1.0,5.0,-1.0,1638331,1.0,7,,0.0,2.0,8.0,B01,138Â 303Â 797,0.0
959932,201900001463,6,10,19:30,1,2,2,1.0,3.0,92049,GINOUX AVENUE HENRI AUTRES NÂ°,M,"48,8120100","2,3189600",92,2019,50.0,1.0,1.0,4.0,2145445,2.0,2,4,1,0.0,,-1.0,0,2016.0,B01,138Â 303Â 797,1.0,0.0,-1.0,1638330,1.0,7,,0.0,2.0,1.0,A01,138Â 303Â 796,1.0
959932,201900001463,6,10,19:30,1,2,2,1.0,3.0,92049,GINOUX AVENUE HENRI AUTRES NÂ°,M,"48,8120100","2,3189600",92,2019,50.0,1.0,1.0,4.0,2145445,2.0,2,4,1,0.0,,-1.0,0,2016.0,B01,138Â 303Â 797,1.0,0.0,-1.0,1638331,1.0,7,,0.0,2.0,8.0,B01,138Â 303Â 797,0.0
959932,201900001463,6,10,19:30,1,2,2,1.0,3.0,92049,GINOUX AVENUE HENRI AUTRES NÂ°,M,"48,8120100","2,3189600",92,2019,50.0,1.0,1.0,4.0,2145446,1.0,1,1,2,0.0,,-1.0,0,1984.0,B01,138Â 303Â 797,1.0,0.0,-1.0,1638330,1.0,7,,0.0,2.0,1.0,A01,138Â 303Â 796,1.0
959932,201900001463,6,10,19:30,1,2,2,1.0,3.0,92049,GINOUX AVENUE HENRI AUTRES NÂ°,M,"48,8120100","2,3189600",92,2019,50.0,1.0,1.0,4.0,2145446,1.0,1,1,2,0.0,,-1.0,0,1984.0,B01,138Â 303Â 797,1.0,0.0,-1.0,1638331,1.0,7,,0.0,2.0,8.0,B01,138Â 303Â 797,0.0
959933,201900001464,6,8,19:55,1,2,1,1.0,6.0,92049,GAMBETTA AVENUE LEON NÂ° IMPAIRS,M,"48,8135900","2,3242100",92,2019,50.0,1.0,1.0,4.0,2145447,1.0,1,1,1,5.0,,-1.0,0,1990.0,A01,138Â 303Â 795,1.0,0.0,-1.0,1638332,1.0,7,,0.0,1.0,2.0,A01,138Â 303Â 795,1.0
959933,201900001464,6,8,19:55,1,2,1,1.0,6.0,92049,GAMBETTA AVENUE LEON NÂ° IMPAIRS,M,"48,8135900","2,3242100",92,2019,50.0,1.0,1.0,4.0,2145448,10.0,3,4,1,5.0,,2.0,3,2017.0,A01,138Â 303Â 795,8.0,0.0,-1.0,1638332,1.0,7,,0.0,1.0,2.0,A01,138Â 303Â 795,1.0
959934,201900001465,8,13,14:15,1,2,3,3.0,6.0,14366,CONDORCET (RUE),M,"49,1463342","0,2254670",14,2019,50.0,1.0,2.0,4.0,2145449,10.0,3,3,2,5.0,,3.0,3,1973.0,A01,138Â 303Â 794,8.0,0.0,-1.0,1638333,3.0,7,,0.0,1.0,1.0,A01,138Â 303Â 794,1.0
959934,201900001465,8,13,14:15,1,2,3,3.0,6.0,14366,CONDORCET (RUE),M,"49,1463342","0,2254670",14,2019,50.0,1.0,2.0,4.0,2145450,1.0,1,1,1,5.0,,0.0,0,1996.0,A01,138Â 303Â 794,1.0,0.0,-1.0,1638333,3.0,7,,0.0,1.0,1.0,A01,138Â 303Â 794,1.0
959935,201900001466,6,7,14:55,1,2,1,1.0,6.0,92049,PERI RUE GABRIEL NÂ°2 A 36,M,"48,8179100","2,3225600",92,2019,50.0,1.0,1.0,3.0,2145451,10.0,3,4,2,5.0,,2.0,3,1952.0,A01,138Â 303Â 793,8.0,0.0,-1.0,1638334,2.0,7,,0.0,1.0,1.0,A01,138Â 303Â 793,1.0
959935,201900001466,6,7,14:55,1,2,1,1.0,6.0,92049,PERI RUE GABRIEL NÂ°2 A 36,M,"48,8179100","2,3225600",92,2019,50.0,1.0,1.0,3.0,2145452,1.0,1,1,1,5.0,,-1.0,0,1934.0,A01,138Â 303Â 793,1.0,8.0,-1.0,1638334,2.0,7,,0.0,1.0,1.0,A01,138Â 303Â 793,1.0
959936,201900001467,8,16,18:30,1,1,2,1.0,1.0,14304,CD  579,M,"49,3822100","0,2400000",14,2019,80.0,1.0,1.0,3.0,2145453,1.0,1,1,1,5.0,,0.0,0,2000.0,A01,138Â 303Â 790,1.0,0.0,-1.0,1638335,1.0,7,,0.0,2.0,1.0,A01,138Â 303Â 790,1.0
959936,201900001467,8,16,18:30,1,1,2,1.0,1.0,14304,CD  579,M,"49,3822100","0,2400000",14,2019,80.0,1.0,1.0,3.0,2145453,1.0,1,1,1,5.0,,0.0,0,2000.0,A01,138Â 303Â 790,1.0,0.0,-1.0,1638336,2.0,33,,0.0,2.0,1.0,B01,138Â 303Â 792,1.0
959936,201900001467,8,16,18:30,1,1,2,1.0,1.0,14304,CD  579,M,"49,3822100","0,2400000",14,2019,80.0,1.0,1.0,3.0,2145454,1.0,1,4,1,5.0,,0.0,0,1996.0,B01,138Â 303Â 792,2.0,0.0,-1.0,1638335,1.0,7,,0.0,2.0,1.0,A01,138Â 303Â 790,1.0
959936,201900001467,8,16,18:30,1,1,2,1.0,1.0,14304,CD  579,M,"49,3822100","0,2400000",14,2019,80.0,1.0,1.0,3.0,2145454,1.0,1,4,1,5.0,,0.0,0,1996.0,B01,138Â 303Â 792,2.0,0.0,-1.0,1638336,2.0,33,,0.0,2.0,1.0,B01,138Â 303Â 792,1.0