Unnamed: 0_x,num_acc,mois,jour,hrmn,lum,agg,int,atm,col,com,adr,gps,lat,long,dep,annee,vma,situ,surf,catr,Unnamed: 0_y,place,catu,grav,sexe,trajet,secu,locp,actp,an_nais,num_veh_x,id_vehicule_x,secu1,secu2,secu3,Unnamed: 0,senc,catv,occutc,obs,obsm,choc,num_veh_y,id_vehicule_y,motor
959937,201900001468,6,14,09:45,1,2,1,1.0,3.0,92048,REPUBLIQUE (RUE DE LA) NÂ° 47 A 85,M,"48,8060440","2,2357642",92,2019,50.0,1.0,1.0,3.0,2145455,1.0,1,4,1,5.0,,-1.0,0,1985.0,B01,138Â 303Â 789,2.0,8.0,-1.0,1638337,2.0,2,,0.0,2.0,1.0,B01,138Â 303Â 789,1.0
959937,201900001468,6,14,09:45,1,2,1,1.0,3.0,92048,REPUBLIQUE (RUE DE LA) NÂ° 47 A 85,M,"48,8060440","2,2357642",92,2019,50.0,1.0,1.0,3.0,2145455,1.0,1,4,1,5.0,,-1.0,0,1985.0,B01,138Â 303Â 789,2.0,8.0,-1.0,1638338,2.0,7,,0.0,2.0,3.0,A01,138Â 303Â 791,1.0
959937,201900001468,6,14,09:45,1,2,1,1.0,3.0,92048,REPUBLIQUE (RUE DE LA) NÂ° 47 A 85,M,"48,8060440","2,2357642",92,2019,50.0,1.0,1.0,3.0,2145456,1.0,1,1,2,1.0,,-1.0,0,1981.0,A01,138Â 303Â 791,1.0,0.0,-1.0,1638337,2.0,2,,0.0,2.0,1.0,B01,138Â 303Â 789,1.0
959937,201900001468,6,14,09:45,1,2,1,1.0,3.0,92048,REPUBLIQUE (RUE DE LA) NÂ° 47 A 85,M,"48,8060440","2,2357642",92,2019,50.0,1.0,1.0,3.0,2145456,1.0,1,1,2,1.0,,-1.0,0,1981.0,A01,138Â 303Â 791,1.0,0.0,-1.0,1638338,2.0,7,,0.0,2.0,3.0,A01,138Â 303Â 791,1.0
959938,201900001469,8,14,21:40,3,1,1,1.0,6.0,14271,ECHANGEUR NÂ° 10 ( ETERVILLE ),M,"49,1554648"," -0,4221192",14,2019,110.0,1.0,1.0,2.0,2145457,1.0,1,4,1,0.0,,-1.0, -1,1962.0,A01,138Â 303Â 787,1.0,0.0,-1.0,1638339,2.0,7,,13.0,0.0,1.0,A01,138Â 303Â 787,1.0
959939,201900001470,6,10,07:57,1,2,1,8.0,1.0,92048,GARDES (ROUTE DES) NÂ° 5 A 51,M,"48,8188000","2,2378000",92,2019,50.0,1.0,2.0,3.0,2145458,1.0,1,4,1,5.0,,-1.0, -1,1993.0,A01,138Â 303Â 786,2.0,6.0,-1.0,1638340,1.0,31,,0.0,2.0,1.0,A01,138Â 303Â 786,1.0
959939,201900001470,6,10,07:57,1,2,1,8.0,1.0,92048,GARDES (ROUTE DES) NÂ° 5 A 51,M,"48,8188000","2,2378000",92,2019,50.0,1.0,2.0,3.0,2145458,1.0,1,4,1,5.0,,-1.0, -1,1993.0,A01,138Â 303Â 786,2.0,6.0,-1.0,1638341,2.0,7,,0.0,2.0,1.0,B01,138Â 303Â 788,1.0
959939,201900001470,6,10,07:57,1,2,1,8.0,1.0,92048,GARDES (ROUTE DES) NÂ° 5 A 51,M,"48,8188000","2,2378000",92,2019,50.0,1.0,2.0,3.0,2145459,1.0,1,1,1,5.0,,-1.0, -1,1992.0,B01,138Â 303Â 788,1.0,0.0,-1.0,1638340,1.0,31,,0.0,2.0,1.0,A01,138Â 303Â 786,1.0
959939,201900001470,6,10,07:57,1,2,1,8.0,1.0,92048,GARDES (ROUTE DES) NÂ° 5 A 51,M,"48,8188000","2,2378000",92,2019,50.0,1.0,2.0,3.0,2145459,1.0,1,1,1,5.0,,-1.0, -1,1992.0,B01,138Â 303Â 788,1.0,0.0,-1.0,1638341,2.0,7,,0.0,2.0,1.0,B01,138Â 303Â 788,1.0
959940,201900001471,8,8,09:10,1,2,3,1.0,3.0,14118,FALAISE (RUE DE  - 90 PAIR 95 IMPAIR),M,"49,1725600"," -0,3545300",14,2019,-1.0,1.0,1.0,4.0,2145460,1.0,1,1,1,-1.0,,0.0,0,1970.0,A01,138Â 303Â 783,0.0,-1.0,-1.0,1638342,1.0,7,,0.0,2.0,1.0,A01,138Â 303Â 783,1.0
959940,201900001471,8,8,09:10,1,2,3,1.0,3.0,14118,FALAISE (RUE DE  - 90 PAIR 95 IMPAIR),M,"49,1725600"," -0,3545300",14,2019,-1.0,1.0,1.0,4.0,2145460,1.0,1,1,1,-1.0,,0.0,0,1970.0,A01,138Â 303Â 783,0.0,-1.0,-1.0,1638343,1.0,1,,0.0,0.0,0.0,B01,138Â 303Â 785,5.0
959940,201900001471,8,8,09:10,1,2,3,1.0,3.0,14118,FALAISE (RUE DE  - 90 PAIR 95 IMPAIR),M,"49,1725600"," -0,3545300",14,2019,-1.0,1.0,1.0,4.0,2145461,1.0,1,4,1,-1.0,,0.0,0,1978.0,B01,138Â 303Â 785,0.0,-1.0,-1.0,1638342,1.0,7,,0.0,2.0,1.0,A01,138Â 303Â 783,1.0
959940,201900001471,8,8,09:10,1,2,3,1.0,3.0,14118,FALAISE (RUE DE  - 90 PAIR 95 IMPAIR),M,"49,1725600"," -0,3545300",14,2019,-1.0,1.0,1.0,4.0,2145461,1.0,1,4,1,-1.0,,0.0,0,1978.0,B01,138Â 303Â 785,0.0,-1.0,-1.0,1638343,1.0,1,,0.0,0.0,0.0,B01,138Â 303Â 785,5.0
959941,201900001472,6,3,14:40,1,2,1,2.0,2.0,92048,GARDES (ROUTE DES) NÂ° 55 A 87,M,"48,8165100","2,2269300",92,2019,50.0,1.0,2.0,3.0,2145462,1.0,1,1,1,5.0,,-1.0, -1,1933.0,A01,138Â 303Â 782,1.0,8.0,-1.0,1638344,2.0,7,,0.0,2.0,2.0,A01,138Â 303Â 782,1.0
959941,201900001472,6,3,14:40,1,2,1,2.0,2.0,92048,GARDES (ROUTE DES) NÂ° 55 A 87,M,"48,8165100","2,2269300",92,2019,50.0,1.0,2.0,3.0,2145462,1.0,1,1,1,5.0,,-1.0, -1,1933.0,A01,138Â 303Â 782,1.0,8.0,-1.0,1638345,2.0,33,,0.0,2.0,4.0,B01,138Â 303Â 784,1.0
959941,201900001472,6,3,14:40,1,2,1,2.0,2.0,92048,GARDES (ROUTE DES) NÂ° 55 A 87,M,"48,8165100","2,2269300",92,2019,50.0,1.0,2.0,3.0,2145463,1.0,1,4,1,1.0,,-1.0, -1,1982.0,B01,138Â 303Â 784,2.0,8.0,-1.0,1638344,2.0,7,,0.0,2.0,2.0,A01,138Â 303Â 782,1.0
959941,201900001472,6,3,14:40,1,2,1,2.0,2.0,92048,GARDES (ROUTE DES) NÂ° 55 A 87,M,"48,8165100","2,2269300",92,2019,50.0,1.0,2.0,3.0,2145463,1.0,1,4,1,1.0,,-1.0, -1,1982.0,B01,138Â 303Â 784,2.0,8.0,-1.0,1638345,2.0,33,,0.0,2.0,4.0,B01,138Â 303Â 784,1.0
959942,201900001473,8,15,21:30,3,1,1,1.0,6.0,13039,FENOUILLERE (Chemin de la),M,"43,4620226","4,9191043",13,2019,90.0,1.0,1.0,2.0,2145464,4.0,2,4,2,0.0,,-1.0, -1,1997.0,A01,138Â 303Â 780,1.0,0.0,-1.0,1638346,0.0,7,,14.0,0.0,1.0,A01,138Â 303Â 780,1.0
959942,201900001473,8,15,21:30,3,1,1,1.0,6.0,13039,FENOUILLERE (Chemin de la),M,"43,4620226","4,9191043",13,2019,90.0,1.0,1.0,2.0,2145465,3.0,2,4,2,0.0,,-1.0, -1,2003.0,A01,138Â 303Â 780,1.0,0.0,-1.0,1638346,0.0,7,,14.0,0.0,1.0,A01,138Â 303Â 780,1.0
959942,201900001473,8,15,21:30,3,1,1,1.0,6.0,13039,FENOUILLERE (Chemin de la),M,"43,4620226","4,9191043",13,2019,90.0,1.0,1.0,2.0,2145466,2.0,2,4,2,0.0,,-1.0, -1,2000.0,A01,138Â 303Â 780,1.0,0.0,-1.0,1638346,0.0,7,,14.0,0.0,1.0,A01,138Â 303Â 780,1.0
959942,201900001473,8,15,21:30,3,1,1,1.0,6.0,13039,FENOUILLERE (Chemin de la),M,"43,4620226","4,9191043",13,2019,90.0,1.0,1.0,2.0,2145467,2.0,1,4,2,0.0,,-1.0, -1,2000.0,A01,138Â 303Â 780,1.0,0.0,-1.0,1638346,0.0,7,,14.0,0.0,1.0,A01,138Â 303Â 780,1.0
959943,201900001474,6,3,10:55,1,2,3,2.0,6.0,92048,MAL DE LATTRE DE TASSIGNY (AVENUE),M,"48,7857500","2,2292100",92,2019,50.0,1.0,1.0,4.0,2145468,10.0,3,4,2,0.0,,4.0,3,1944.0,A01,138Â 303Â 781,0.0,0.0,0.0,1638347,2.0,7,,0.0,1.0,1.0,A01,138Â 303Â 781,1.0
959943,201900001474,6,3,10:55,1,2,3,2.0,6.0,92048,MAL DE LATTRE DE TASSIGNY (AVENUE),M,"48,7857500","2,2292100",92,2019,50.0,1.0,1.0,4.0,2145469,1.0,1,1,2,5.0,,-1.0,0,1927.0,A01,138Â 303Â 781,1.0,8.0,-1.0,1638347,2.0,7,,0.0,1.0,1.0,A01,138Â 303Â 781,1.0
959944,201900001475,8,17,17:35,1,2,1,1.0,2.0,13204,LIBERATION (BOULEVARD),M,"43,3022800","5,3947500",13,2019,50.0,1.0,1.0,4.0,2145470,1.0,1,1,1,5.0,,0.0,0,1974.0,A01,138Â 303Â 777,1.0,0.0,-1.0,1638348,2.0,7,,0.0,2.0,1.0,A01,138Â 303Â 777,1.0
959944,201900001475,8,17,17:35,1,2,1,1.0,2.0,13204,LIBERATION (BOULEVARD),M,"43,3022800","5,3947500",13,2019,50.0,1.0,1.0,4.0,2145470,1.0,1,1,1,5.0,,0.0,0,1974.0,A01,138Â 303Â 777,1.0,0.0,-1.0,1638349,2.0,7,,0.0,2.0,4.0,B01,138Â 303Â 778,1.0
959944,201900001475,8,17,17:35,1,2,1,1.0,2.0,13204,LIBERATION (BOULEVARD),M,"43,3022800","5,3947500",13,2019,50.0,1.0,1.0,4.0,2145471,2.0,2,4,1,5.0,,0.0,0,1996.0,B01,138Â 303Â 778,1.0,8.0,-1.0,1638348,2.0,7,,0.0,2.0,1.0,A01,138Â 303Â 777,1.0
959944,201900001475,8,17,17:35,1,2,1,1.0,2.0,13204,LIBERATION (BOULEVARD),M,"43,3022800","5,3947500",13,2019,50.0,1.0,1.0,4.0,2145471,2.0,2,4,1,5.0,,0.0,0,1996.0,B01,138Â 303Â 778,1.0,8.0,-1.0,1638349,2.0,7,,0.0,2.0,4.0,B01,138Â 303Â 778,1.0
959944,201900001475,8,17,17:35,1,2,1,1.0,2.0,13204,LIBERATION (BOULEVARD),M,"43,3022800","5,3947500",13,2019,50.0,1.0,1.0,4.0,2145472,3.0,2,4,1,5.0,,0.0,0,1997.0,B01,138Â 303Â 778,1.0,0.0,-1.0,1638348,2.0,7,,0.0,2.0,1.0,A01,138Â 303Â 777,1.0
959944,201900001475,8,17,17:35,1,2,1,1.0,2.0,13204,LIBERATION (BOULEVARD),M,"43,3022800","5,3947500",13,2019,50.0,1.0,1.0,4.0,2145472,3.0,2,4,1,5.0,,0.0,0,1997.0,B01,138Â 303Â 778,1.0,0.0,-1.0,1638349,2.0,7,,0.0,2.0,4.0,B01,138Â 303Â 778,1.0
959944,201900001475,8,17,17:35,1,2,1,1.0,2.0,13204,LIBERATION (BOULEVARD),M,"43,3022800","5,3947500",13,2019,50.0,1.0,1.0,4.0,2145473,1.0,1,1,1,5.0,,0.0,0,1997.0,B01,138Â 303Â 778,1.0,0.0,-1.0,1638348,2.0,7,,0.0,2.0,1.0,A01,138Â 303Â 777,1.0
959944,201900001475,8,17,17:35,1,2,1,1.0,2.0,13204,LIBERATION (BOULEVARD),M,"43,3022800","5,3947500",13,2019,50.0,1.0,1.0,4.0,2145473,1.0,1,1,1,5.0,,0.0,0,1997.0,B01,138Â 303Â 778,1.0,0.0,-1.0,1638349,2.0,7,,0.0,2.0,4.0,B01,138Â 303Â 778,1.0
959945,201900001476,6,19,14:40,1,2,2,1.0,3.0,92044,KLEBER (RUE),M,"48,8925282","2,2794899",92,2019,50.0,1.0,1.0,4.0,2145474,1.0,1,1,1,4.0,,-1.0, -1,1973.0,B01,138Â 303Â 776,1.0,8.0,-1.0,1638350,2.0,10,,0.0,2.0,1.0,B01,138Â 303Â 776,1.0
959945,201900001476,6,19,14:40,1,2,2,1.0,3.0,92044,KLEBER (RUE),M,"48,8925282","2,2794899",92,2019,50.0,1.0,1.0,4.0,2145474,1.0,1,1,1,4.0,,-1.0, -1,1973.0,B01,138Â 303Â 776,1.0,8.0,-1.0,1638351,2.0,1,,0.0,2.0,7.0,A01,138Â 303Â 779,5.0
959945,201900001476,6,19,14:40,1,2,2,1.0,3.0,92044,KLEBER (RUE),M,"48,8925282","2,2794899",92,2019,50.0,1.0,1.0,4.0,2145475,1.0,1,4,1,5.0,,-1.0, -1,1992.0,A01,138Â 303Â 779,2.0,0.0,-1.0,1638350,2.0,10,,0.0,2.0,1.0,B01,138Â 303Â 776,1.0
959945,201900001476,6,19,14:40,1,2,2,1.0,3.0,92044,KLEBER (RUE),M,"48,8925282","2,2794899",92,2019,50.0,1.0,1.0,4.0,2145475,1.0,1,4,1,5.0,,-1.0, -1,1992.0,A01,138Â 303Â 779,2.0,0.0,-1.0,1638351,2.0,1,,0.0,2.0,7.0,A01,138Â 303Â 779,5.0
959946,201900001477,8,16,22:10,5,2,1,1.0,6.0,13208,MAZARGUES (AVENUE DE),M,"43,2669700","5,3896500",13,2019,50.0,1.0,1.0,4.0,2145476,1.0,1,4,1,4.0,,0.0,0,1996.0,B01,138Â 303Â 774,2.0,6.0,-1.0,1638352,1.0,2,,0.0,2.0,1.0,B01,138Â 303Â 774,1.0
959946,201900001477,8,16,22:10,5,2,1,1.0,6.0,13208,MAZARGUES (AVENUE DE),M,"43,2669700","5,3896500",13,2019,50.0,1.0,1.0,4.0,2145476,1.0,1,4,1,4.0,,0.0,0,1996.0,B01,138Â 303Â 774,2.0,6.0,-1.0,1638353,3.0,7,,0.0,2.0,8.0,A01,138Â 303Â 775,1.0
959947,201900001478,1,21,08:02,2,2,3,1.0,6.0,92044,GABRIEL PERI(RUE) 1A23 ET 2A36,M,"48,8889900","2,2905000",92,2019,50.0,1.0,1.0,4.0,2145477,2.0,2,1,2,2.0,,0.0,0,2005.0,A01,138Â 303Â 773,1.0,0.0,-1.0,1638354,2.0,7,,0.0,1.0,2.0,A01,138Â 303Â 773,1.0
959947,201900001478,1,21,08:02,2,2,3,1.0,6.0,92044,GABRIEL PERI(RUE) 1A23 ET 2A36,M,"48,8889900","2,2905000",92,2019,50.0,1.0,1.0,4.0,2145478,1.0,1,1,2,2.0,,0.0,0,1966.0,A01,138Â 303Â 773,1.0,0.0,-1.0,1638354,2.0,7,,0.0,1.0,2.0,A01,138Â 303Â 773,1.0
959947,201900001478,1,21,08:02,2,2,3,1.0,6.0,92044,GABRIEL PERI(RUE) 1A23 ET 2A36,M,"48,8889900","2,2905000",92,2019,50.0,1.0,1.0,4.0,2145479,10.0,3,4,2,1.0,,3.0,3,1970.0,A01,138Â 303Â 773,8.0,0.0,-1.0,1638354,2.0,7,,0.0,1.0,2.0,A01,138Â 303Â 773,1.0
959948,201900001479,8,16,19:30,1,2,1,1.0,3.0,13208,MENDES FRANCE (AVENUE),M,"43,2559000","5,3766600",13,2019,50.0,1.0,1.0,4.0,2145480,1.0,1,1,2,1.0,,0.0,0,1993.0,B01,138Â 303Â 771,1.0,0.0,-1.0,1638355,1.0,37,4.0,0.0,2.0,3.0,B01,138Â 303Â 771,1.0
959948,201900001479,8,16,19:30,1,2,1,1.0,3.0,13208,MENDES FRANCE (AVENUE),M,"43,2559000","5,3766600",13,2019,50.0,1.0,1.0,4.0,2145480,1.0,1,1,2,1.0,,0.0,0,1993.0,B01,138Â 303Â 771,1.0,0.0,-1.0,1638356,1.0,7,,0.0,2.0,2.0,A01,138Â 303Â 772,1.0
959948,201900001479,8,16,19:30,1,2,1,1.0,3.0,13208,MENDES FRANCE (AVENUE),M,"43,2559000","5,3766600",13,2019,50.0,1.0,1.0,4.0,2145481,4.0,2,4,2,0.0,,0.0,0,1969.0,B01,138Â 303Â 771,1.0,0.0,-1.0,1638355,1.0,37,4.0,0.0,2.0,3.0,B01,138Â 303Â 771,1.0
959948,201900001479,8,16,19:30,1,2,1,1.0,3.0,13208,MENDES FRANCE (AVENUE),M,"43,2559000","5,3766600",13,2019,50.0,1.0,1.0,4.0,2145481,4.0,2,4,2,0.0,,0.0,0,1969.0,B01,138Â 303Â 771,1.0,0.0,-1.0,1638356,1.0,7,,0.0,2.0,2.0,A01,138Â 303Â 772,1.0
959948,201900001479,8,16,19:30,1,2,1,1.0,3.0,13208,MENDES FRANCE (AVENUE),M,"43,2559000","5,3766600",13,2019,50.0,1.0,1.0,4.0,2145482,7.0,2,4,1,5.0,,0.0,0,2002.0,B01,138Â 303Â 771,8.0,0.0,-1.0,1638355,1.0,37,4.0,0.0,2.0,3.0,B01,138Â 303Â 771,1.0
959948,201900001479,8,16,19:30,1,2,1,1.0,3.0,13208,MENDES FRANCE (AVENUE),M,"43,2559000","5,3766600",13,2019,50.0,1.0,1.0,4.0,2145482,7.0,2,4,1,5.0,,0.0,0,2002.0,B01,138Â 303Â 771,8.0,0.0,-1.0,1638356,1.0,7,,0.0,2.0,2.0,A01,138Â 303Â 772,1.0
959948,201900001479,8,16,19:30,1,2,1,1.0,3.0,13208,MENDES FRANCE (AVENUE),M,"43,2559000","5,3766600",13,2019,50.0,1.0,1.0,4.0,2145483,7.0,2,4,2,5.0,,0.0,0,1990.0,B01,138Â 303Â 771,8.0,0.0,-1.0,1638355,1.0,37,4.0,0.0,2.0,3.0,B01,138Â 303Â 771,1.0
959948,201900001479,8,16,19:30,1,2,1,1.0,3.0,13208,MENDES FRANCE (AVENUE),M,"43,2559000","5,3766600",13,2019,50.0,1.0,1.0,4.0,2145483,7.0,2,4,2,5.0,,0.0,0,1990.0,B01,138Â 303Â 771,8.0,0.0,-1.0,1638356,1.0,7,,0.0,2.0,2.0,A01,138Â 303Â 772,1.0
959948,201900001479,8,16,19:30,1,2,1,1.0,3.0,13208,MENDES FRANCE (AVENUE),M,"43,2559000","5,3766600",13,2019,50.0,1.0,1.0,4.0,2145484,1.0,1,1,1,5.0,,0.0,0,1962.0,A01,138Â 303Â 772,1.0,8.0,-1.0,1638355,1.0,37,4.0,0.0,2.0,3.0,B01,138Â 303Â 771,1.0
959948,201900001479,8,16,19:30,1,2,1,1.0,3.0,13208,MENDES FRANCE (AVENUE),M,"43,2559000","5,3766600",13,2019,50.0,1.0,1.0,4.0,2145484,1.0,1,1,1,5.0,,0.0,0,1962.0,A01,138Â 303Â 772,1.0,8.0,-1.0,1638356,1.0,7,,0.0,2.0,2.0,A01,138Â 303Â 772,1.0
959949,201900001480,8,16,17:20,1,2,1,1.0,6.0,13215,VISTE (AVENUE DE LA),M,"43,3599410","5,3575980",13,2019,50.0,1.0,1.0,4.0,2145485,1.0,1,2,1,1.0,,0.0,0,1967.0,A01,138Â 303Â 770,2.0,0.0,-1.0,1638357,1.0,33,,8.0,0.0,1.0,A01,138Â 303Â 770,0.0
959950,201900001481,6,9,20:22,1,2,2,1.0,3.0,92044,PDT WILSON(RUE)23A49 ET 26A52,M,"48,8921392","2,2903164",92,2019,50.0,1.0,1.0,4.0,2145486,1.0,1,4,1,5.0,,-1.0,0,2001.0,B01,138Â 303Â 768,1.0,0.0,-1.0,1638358,1.0,7,,0.0,2.0,1.0,B01,138Â 303Â 768,0.0
959950,201900001481,6,9,20:22,1,2,2,1.0,3.0,92044,PDT WILSON(RUE)23A49 ET 26A52,M,"48,8921392","2,2903164",92,2019,50.0,1.0,1.0,4.0,2145486,1.0,1,4,1,5.0,,-1.0,0,2001.0,B01,138Â 303Â 768,1.0,0.0,-1.0,1638359,1.0,2,,0.0,2.0,0.0,A01,138Â 303Â 769,1.0
959950,201900001481,6,9,20:22,1,2,2,1.0,3.0,92044,PDT WILSON(RUE)23A49 ET 26A52,M,"48,8921392","2,2903164",92,2019,50.0,1.0,1.0,4.0,2145487,1.0,1,4,1,4.0,,-1.0,0,1996.0,A01,138Â 303Â 769,2.0,6.0,-1.0,1638358,1.0,7,,0.0,2.0,1.0,B01,138Â 303Â 768,0.0
959950,201900001481,6,9,20:22,1,2,2,1.0,3.0,92044,PDT WILSON(RUE)23A49 ET 26A52,M,"48,8921392","2,2903164",92,2019,50.0,1.0,1.0,4.0,2145487,1.0,1,4,1,4.0,,-1.0,0,1996.0,A01,138Â 303Â 769,2.0,6.0,-1.0,1638359,1.0,2,,0.0,2.0,0.0,A01,138Â 303Â 769,1.0
959951,201900001482,8,16,17:25,1,2,1,1.0,2.0,13202,REPUBLIQUE (RUE DE LA),M,"43,3041150","5,3678110",13,2019,50.0,1.0,1.0,4.0,2145488,1.0,1,4,1,5.0,,0.0,0,1984.0,A01,138Â 303Â 766,1.0,0.0,-1.0,1638360,1.0,7,,0.0,2.0,1.0,A01,138Â 303Â 766,1.0
959951,201900001482,8,16,17:25,1,2,1,1.0,2.0,13202,REPUBLIQUE (RUE DE LA),M,"43,3041150","5,3678110",13,2019,50.0,1.0,1.0,4.0,2145488,1.0,1,4,1,5.0,,0.0,0,1984.0,A01,138Â 303Â 766,1.0,0.0,-1.0,1638361,1.0,7,,0.0,2.0,4.0,B01,138Â 303Â 767,0.0
959952,201900001483,8,16,16:20,1,2,9,1.0,1.0,13213,VALDONNE (AVENUE DE),M,"43,3244200","5,4154900",13,2019,50.0,1.0,1.0,4.0,2145489,1.0,1,3,1,0.0,,-1.0, -1,1973.0,B01,138Â 303Â 762,2.0,0.0,-1.0,1638362,3.0,30,,0.0,2.0,1.0,B01,138Â 303Â 762,1.0
959952,201900001483,8,16,16:20,1,2,9,1.0,1.0,13213,VALDONNE (AVENUE DE),M,"43,3244200","5,4154900",13,2019,50.0,1.0,1.0,4.0,2145489,1.0,1,3,1,0.0,,-1.0, -1,1973.0,B01,138Â 303Â 762,2.0,0.0,-1.0,1638363,3.0,37,1.0,0.0,2.0,3.0,A01,138Â 303Â 764,1.0
959952,201900001483,8,16,16:20,1,2,9,1.0,1.0,13213,VALDONNE (AVENUE DE),M,"43,3244200","5,4154900",13,2019,50.0,1.0,1.0,4.0,2145490,1.0,1,1,1,4.0,,-1.0, -1,1987.0,A01,138Â 303Â 764,1.0,0.0,-1.0,1638362,3.0,30,,0.0,2.0,1.0,B01,138Â 303Â 762,1.0
959952,201900001483,8,16,16:20,1,2,9,1.0,1.0,13213,VALDONNE (AVENUE DE),M,"43,3244200","5,4154900",13,2019,50.0,1.0,1.0,4.0,2145490,1.0,1,1,1,4.0,,-1.0, -1,1987.0,A01,138Â 303Â 764,1.0,0.0,-1.0,1638363,3.0,37,1.0,0.0,2.0,3.0,A01,138Â 303Â 764,1.0
959953,201900001484,8,16,12:50,1,2,1,1.0,2.0,13002,GÃNÃRAL DE GAULLE (AVENUE DU),M,"43,3397600","5,4824800",13,2019,30.0,1.0,1.0,4.0,2145491,1.0,1,1,2,0.0,,-1.0, -1,1964.0,B01,138Â 303Â 760,1.0,8.0,-1.0,1638364,1.0,7,,0.0,2.0,4.0,B01,138Â 303Â 760,1.0
959953,201900001484,8,16,12:50,1,2,1,1.0,2.0,13002,GÃNÃRAL DE GAULLE (AVENUE DU),M,"43,3397600","5,4824800",13,2019,30.0,1.0,1.0,4.0,2145491,1.0,1,1,2,0.0,,-1.0, -1,1964.0,B01,138Â 303Â 760,1.0,8.0,-1.0,1638365,1.0,7,,0.0,2.0,1.0,A01,138Â 303Â 761,1.0
959953,201900001484,8,16,12:50,1,2,1,1.0,2.0,13002,GÃNÃRAL DE GAULLE (AVENUE DU),M,"43,3397600","5,4824800",13,2019,30.0,1.0,1.0,4.0,2145492,1.0,1,4,2,1.0,,-1.0, -1,1997.0,A01,138Â 303Â 761,1.0,8.0,-1.0,1638364,1.0,7,,0.0,2.0,4.0,B01,138Â 303Â 760,1.0
959953,201900001484,8,16,12:50,1,2,1,1.0,2.0,13002,GÃNÃRAL DE GAULLE (AVENUE DU),M,"43,3397600","5,4824800",13,2019,30.0,1.0,1.0,4.0,2145492,1.0,1,4,2,1.0,,-1.0, -1,1997.0,A01,138Â 303Â 761,1.0,8.0,-1.0,1638365,1.0,7,,0.0,2.0,1.0,A01,138Â 303Â 761,1.0
959954,201900001485,8,16,10:00,1,2,1,1.0,6.0,13210,ROMAIN ROLLAND (BOULEVARD),M,"43,2710510","5,4086800",13,2019,50.0,1.0,1.0,4.0,2145493,10.0,3,4,1,5.0,,4.0,3,1935.0,A01,138Â 303Â 759,8.0,0.0,-1.0,1638366,2.0,7,,0.0,1.0,2.0,A01,138Â 303Â 759,1.0
959954,201900001485,8,16,10:00,1,2,1,1.0,6.0,13210,ROMAIN ROLLAND (BOULEVARD),M,"43,2710510","5,4086800",13,2019,50.0,1.0,1.0,4.0,2145494,1.0,1,1,1,5.0,,-1.0, -1,1951.0,A01,138Â 303Â 759,1.0,0.0,-1.0,1638366,2.0,7,,0.0,1.0,2.0,A01,138Â 303Â 759,1.0
959955,201900001486,8,15,22:30,5,2,1,1.0,6.0,13216,JEAN LABRO (BOULEVARD),M,"43,3546500","5,3410800",13,2019,50.0,1.0,1.0,4.0,2145495,10.0,3,4,1,5.0,,6.0,A,1974.0,A01,138Â 303Â 758,8.0,0.0,-1.0,1638367,3.0,7,,0.0,2.0,7.0,B01,138Â 303Â 757,1.0
959955,201900001486,8,15,22:30,5,2,1,1.0,6.0,13216,JEAN LABRO (BOULEVARD),M,"43,3546500","5,3410800",13,2019,50.0,1.0,1.0,4.0,2145495,10.0,3,4,1,5.0,,6.0,A,1974.0,A01,138Â 303Â 758,8.0,0.0,-1.0,1638368,1.0,7,,1.0,0.0,3.0,A01,138Â 303Â 758,1.0
959955,201900001486,8,15,22:30,5,2,1,1.0,6.0,13216,JEAN LABRO (BOULEVARD),M,"43,3546500","5,3410800",13,2019,50.0,1.0,1.0,4.0,2145496,1.0,1,1,1,5.0,,-1.0, -1,1965.0,A01,138Â 303Â 758,1.0,0.0,-1.0,1638367,3.0,7,,0.0,2.0,7.0,B01,138Â 303Â 757,1.0
959955,201900001486,8,15,22:30,5,2,1,1.0,6.0,13216,JEAN LABRO (BOULEVARD),M,"43,3546500","5,3410800",13,2019,50.0,1.0,1.0,4.0,2145496,1.0,1,1,1,5.0,,-1.0, -1,1965.0,A01,138Â 303Â 758,1.0,0.0,-1.0,1638368,1.0,7,,1.0,0.0,3.0,A01,138Â 303Â 758,1.0
959956,201900001487,6,6,20:25,2,2,3,1.0,3.0,92044,JEAN JAURES(RUE) 1A55 ET 2A54,M,"48,8910828","2,2922625",92,2019,50.0,1.0,1.0,4.0,2145497,1.0,1,4,1,1.0,,-1.0, -1,1987.0,A01,138Â 303Â 763,2.0,0.0,-1.0,1638369,2.0,33,,15.0,0.0,1.0,A01,138Â 303Â 763,1.0
959956,201900001487,6,6,20:25,2,2,3,1.0,3.0,92044,JEAN JAURES(RUE) 1A55 ET 2A54,M,"48,8910828","2,2922625",92,2019,50.0,1.0,1.0,4.0,2145497,1.0,1,4,1,1.0,,-1.0, -1,1987.0,A01,138Â 303Â 763,2.0,0.0,-1.0,1638370,2.0,7,,15.0,0.0,5.0,B01,138Â 303Â 765,2.0
959956,201900001487,6,6,20:25,2,2,3,1.0,3.0,92044,JEAN JAURES(RUE) 1A55 ET 2A54,M,"48,8910828","2,2922625",92,2019,50.0,1.0,1.0,4.0,2145498,1.0,1,1,1,4.0,,-1.0, -1,1985.0,B01,138Â 303Â 765,1.0,0.0,-1.0,1638369,2.0,33,,15.0,0.0,1.0,A01,138Â 303Â 763,1.0