Unnamed: 0_x,num_acc,mois,jour,hrmn,lum,agg,int,atm,col,com,adr,gps,lat,long,dep,annee,vma,situ,surf,catr,Unnamed: 0_y,place,catu,grav,sexe,trajet,secu,locp,actp,an_nais,num_veh_x,id_vehicule_x,secu1,secu2,secu3,Unnamed: 0,senc,catv,occutc,obs,obsm,choc,num_veh_y,id_vehicule_y,motor
959956,201900001487,6,6,20:25,2,2,3,1.0,3.0,92044,JEAN JAURES(RUE) 1A55 ET 2A54,M,"48,8910828","2,2922625",92,2019,50.0,1.0,1.0,4.0,2145498,1.0,1,1,1,4.0,,-1.0, -1,1985.0,B01,138Â 303Â 765,1.0,0.0,-1.0,1638370,2.0,7,,15.0,0.0,5.0,B01,138Â 303Â 765,2.0
959956,201900001487,6,6,20:25,2,2,3,1.0,3.0,92044,JEAN JAURES(RUE) 1A55 ET 2A54,M,"48,8910828","2,2922625",92,2019,50.0,1.0,1.0,4.0,2145499,3.0,2,1,2,9.0,,-1.0,0,1989.0,B01,138Â 303Â 765,1.0,0.0,-1.0,1638369,2.0,33,,15.0,0.0,1.0,A01,138Â 303Â 763,1.0
959956,201900001487,6,6,20:25,2,2,3,1.0,3.0,92044,JEAN JAURES(RUE) 1A55 ET 2A54,M,"48,8910828","2,2922625",92,2019,50.0,1.0,1.0,4.0,2145499,3.0,2,1,2,9.0,,-1.0,0,1989.0,B01,138Â 303Â 765,1.0,0.0,-1.0,1638370,2.0,7,,15.0,0.0,5.0,B01,138Â 303Â 765,2.0
959957,201900001488,8,15,19:40,1,2,1,1.0,6.0,13002,JEAN GIONO (AVENUE),M,"43,3356100","5,4772200",13,2019,50.0,1.0,1.0,4.0,2145500,1.0,1,3,1,5.0,,-1.0, -1,1953.0,A01,138Â 303Â 756,2.0,6.0,-1.0,1638371,2.0,34,,7.0,6.0,3.0,A01,138Â 303Â 756,1.0
959958,201900001489,4,9,18:30,1,2,2,1.0,7.0,92044,VICTOR HUGO (RUE),M,"48,8959294","2,2965016",92,2019,50.0,1.0,1.0,3.0,2145501,1.0,1,4,1,1.0,,-1.0,0,1986.0,A01,138Â 303Â 755,2.0,0.0,-1.0,1638372,1.0,32,,0.0,0.0,0.0,A01,138Â 303Â 755,0.0
959959,201900001490,8,15,11:00,1,2,1,1.0,2.0,13208,PRADO (contre allÃ©e),M,"43,2800000","5,3800000",13,2019,50.0,1.0,1.0,4.0,2145502,1.0,1,1,1,0.0,,-1.0, -1,1990.0,B01,138Â 303Â 753,1.0,0.0,-1.0,1638373,1.0,7,,0.0,2.0,5.0,B01,138Â 303Â 753,1.0
959959,201900001490,8,15,11:00,1,2,1,1.0,2.0,13208,PRADO (contre allÃ©e),M,"43,2800000","5,3800000",13,2019,50.0,1.0,1.0,4.0,2145502,1.0,1,1,1,0.0,,-1.0, -1,1990.0,B01,138Â 303Â 753,1.0,0.0,-1.0,1638374,1.0,30,,0.0,2.0,1.0,A01,138Â 303Â 754,1.0
959959,201900001490,8,15,11:00,1,2,1,1.0,2.0,13208,PRADO (contre allÃ©e),M,"43,2800000","5,3800000",13,2019,50.0,1.0,1.0,4.0,2145503,2.0,1,4,1,0.0,,-1.0, -1,1992.0,A01,138Â 303Â 754,2.0,0.0,-1.0,1638373,1.0,7,,0.0,2.0,5.0,B01,138Â 303Â 753,1.0
959959,201900001490,8,15,11:00,1,2,1,1.0,2.0,13208,PRADO (contre allÃ©e),M,"43,2800000","5,3800000",13,2019,50.0,1.0,1.0,4.0,2145503,2.0,1,4,1,0.0,,-1.0, -1,1992.0,A01,138Â 303Â 754,2.0,0.0,-1.0,1638374,1.0,30,,0.0,2.0,1.0,A01,138Â 303Â 754,1.0
959960,201900001491,6,13,20:10,1,2,1,1.0,2.0,92040,GALLIENI (BOULEVARD),M,"48,8316700","2,2672000",92,2019,50.0,1.0,1.0,3.0,2145504,1.0,1,4,1,0.0,,-1.0,0,1995.0,B01,138Â 303Â 751,1.0,8.0,-1.0,1638375,2.0,3,,15.0,2.0,4.0,B01,138Â 303Â 751,0.0
959960,201900001491,6,13,20:10,1,2,1,1.0,2.0,92040,GALLIENI (BOULEVARD),M,"48,8316700","2,2672000",92,2019,50.0,1.0,1.0,3.0,2145504,1.0,1,4,1,0.0,,-1.0,0,1995.0,B01,138Â 303Â 751,1.0,8.0,-1.0,1638376,2.0,3,,0.0,2.0,1.0,A01,138Â 303Â 752,0.0
959960,201900001491,6,13,20:10,1,2,1,1.0,2.0,92040,GALLIENI (BOULEVARD),M,"48,8316700","2,2672000",92,2019,50.0,1.0,1.0,3.0,2145505,2.0,2,4,2,0.0,,-1.0,0,1996.0,B01,138Â 303Â 751,1.0,0.0,-1.0,1638375,2.0,3,,15.0,2.0,4.0,B01,138Â 303Â 751,0.0
959960,201900001491,6,13,20:10,1,2,1,1.0,2.0,92040,GALLIENI (BOULEVARD),M,"48,8316700","2,2672000",92,2019,50.0,1.0,1.0,3.0,2145505,2.0,2,4,2,0.0,,-1.0,0,1996.0,B01,138Â 303Â 751,1.0,0.0,-1.0,1638376,2.0,3,,0.0,2.0,1.0,A01,138Â 303Â 752,0.0
959960,201900001491,6,13,20:10,1,2,1,1.0,2.0,92040,GALLIENI (BOULEVARD),M,"48,8316700","2,2672000",92,2019,50.0,1.0,1.0,3.0,2145506,1.0,1,1,2,0.0,,-1.0,0,1995.0,A01,138Â 303Â 752,1.0,8.0,-1.0,1638375,2.0,3,,15.0,2.0,4.0,B01,138Â 303Â 751,0.0
959960,201900001491,6,13,20:10,1,2,1,1.0,2.0,92040,GALLIENI (BOULEVARD),M,"48,8316700","2,2672000",92,2019,50.0,1.0,1.0,3.0,2145506,1.0,1,1,2,0.0,,-1.0,0,1995.0,A01,138Â 303Â 752,1.0,8.0,-1.0,1638376,2.0,3,,0.0,2.0,1.0,A01,138Â 303Â 752,0.0
959961,201900001492,8,15,10:00,1,2,1,1.0,6.0,13208,PRADO (AVENUE DU),M,"43,2741000","5,3904000",13,2019,50.0,1.0,1.0,4.0,2145507,10.0,3,4,2,5.0,,4.0,3,1946.0,A01,138Â 303Â 750,8.0,0.0,-1.0,1638377,0.0,7,,0.0,1.0,1.0,A01,138Â 303Â 750,0.0
959961,201900001492,8,15,10:00,1,2,1,1.0,6.0,13208,PRADO (AVENUE DU),M,"43,2741000","5,3904000",13,2019,50.0,1.0,1.0,4.0,2145508,1.0,1,1,2,5.0,,0.0,0,1977.0,A01,138Â 303Â 750,1.0,-1.0,-1.0,1638377,0.0,7,,0.0,1.0,1.0,A01,138Â 303Â 750,0.0
959962,201900001493,8,15,00:19,5,2,5,1.0,1.0,13204,FRANÃOISE DUPARC (BOULEVARD),M,"43,3065400","5,4008900",13,2019,50.0,1.0,1.0,4.0,2145509,1.0,1,3,1,9.0,,0.0,0,1996.0,B01,138Â 303Â 748,8.0,8.0,-1.0,1638378,2.0,0,,0.0,2.0,1.0,B01,138Â 303Â 748,0.0
959962,201900001493,8,15,00:19,5,2,5,1.0,1.0,13204,FRANÃOISE DUPARC (BOULEVARD),M,"43,3065400","5,4008900",13,2019,50.0,1.0,1.0,4.0,2145509,1.0,1,3,1,9.0,,0.0,0,1996.0,B01,138Â 303Â 748,8.0,8.0,-1.0,1638379,2.0,7,,0.0,2.0,1.0,Z01,138Â 303Â 749,1.0
959962,201900001493,8,15,00:19,5,2,5,1.0,1.0,13204,FRANÃOISE DUPARC (BOULEVARD),M,"43,3065400","5,4008900",13,2019,50.0,1.0,1.0,4.0,2145510,1.0,1,1,2,9.0,,0.0,0,1997.0,Z01,138Â 303Â 749,8.0,0.0,-1.0,1638378,2.0,0,,0.0,2.0,1.0,B01,138Â 303Â 748,0.0
959962,201900001493,8,15,00:19,5,2,5,1.0,1.0,13204,FRANÃOISE DUPARC (BOULEVARD),M,"43,3065400","5,4008900",13,2019,50.0,1.0,1.0,4.0,2145510,1.0,1,1,2,9.0,,0.0,0,1997.0,Z01,138Â 303Â 749,8.0,0.0,-1.0,1638379,2.0,7,,0.0,2.0,1.0,Z01,138Â 303Â 749,1.0
959963,201900001494,6,3,20:10,1,2,1,1.0,6.0,92040,VERDUN (AVENUE DE) DU 115 AU 149,M,"48,8196400","2,2562700",92,2019,50.0,1.0,1.0,3.0,2145511,1.0,1,1,1,-1.0,,0.0,0,1991.0,A01,138Â 303Â 747,8.0,-1.0,-1.0,1638380,2.0,30,,0.0,2.0,1.0,A01,138Â 303Â 747,1.0
959963,201900001494,6,3,20:10,1,2,1,1.0,6.0,92040,VERDUN (AVENUE DE) DU 115 AU 149,M,"48,8196400","2,2562700",92,2019,50.0,1.0,1.0,3.0,2145512,10.0,3,4,1,0.0,,9.0,B,1957.0,A01,138Â 303Â 747,0.0,-1.0,-1.0,1638380,2.0,30,,0.0,2.0,1.0,A01,138Â 303Â 747,1.0
959964,201900001495,8,14,05:40,5,2,1,1.0,6.0,13204,ALEX. FLEMING (BOULEVARD),M,"43,3135100","5,4055900",13,2019,50.0,1.0,1.0,4.0,2145513,1.0,1,4,2,5.0,,-1.0, -1,1998.0,A01,138Â 303Â 746,1.0,0.0,-1.0,1638381,3.0,7,,3.0,0.0,1.0,A01,138Â 303Â 746,1.0
959965,201900001496,5,31,15:45,1,2,1,1.0,7.0,92040,GALLIENI (BOULEVARD),M,"48,8341000","2,2668000",92,2019,50.0,1.0,1.0,3.0,2145514,1.0,1,4,1,1.0,,-1.0,0,1985.0,A01,138Â 303Â 745,2.0,0.0,-1.0,1638382,1.0,30,,0.0,6.0,7.0,A01,138Â 303Â 745,3.0
959966,201900001497,8,13,13:45,1,2,1,1.0,3.0,13209,FLORALIA (Rue),M,"43,2414500","5,3940100",13,2019,50.0,1.0,1.0,4.0,2145515,1.0,1,1,2,1.0,,-1.0, -1,1968.0,B01,138Â 303Â 743,1.0,0.0,-1.0,1638383,0.0,7,,0.0,2.0,0.0,B01,138Â 303Â 743,1.0
959966,201900001497,8,13,13:45,1,2,1,1.0,3.0,13209,FLORALIA (Rue),M,"43,2414500","5,3940100",13,2019,50.0,1.0,1.0,4.0,2145515,1.0,1,1,2,1.0,,-1.0, -1,1968.0,B01,138Â 303Â 743,1.0,0.0,-1.0,1638384,0.0,2,,0.0,2.0,1.0,A01,138Â 303Â 744,1.0
959966,201900001497,8,13,13:45,1,2,1,1.0,3.0,13209,FLORALIA (Rue),M,"43,2414500","5,3940100",13,2019,50.0,1.0,1.0,4.0,2145516,1.0,1,4,1,5.0,,0.0,0,2003.0,A01,138Â 303Â 744,2.0,0.0,-1.0,1638383,0.0,7,,0.0,2.0,0.0,B01,138Â 303Â 743,1.0
959966,201900001497,8,13,13:45,1,2,1,1.0,3.0,13209,FLORALIA (Rue),M,"43,2414500","5,3940100",13,2019,50.0,1.0,1.0,4.0,2145516,1.0,1,4,1,5.0,,0.0,0,2003.0,A01,138Â 303Â 744,2.0,0.0,-1.0,1638384,0.0,2,,0.0,2.0,1.0,A01,138Â 303Â 744,1.0
959967,201900001498,6,17,17:39,1,2,1,1.0,3.0,92036,MARCEL PAUL (AVENUE) (52/102),M,"48,9396133","2,3039875",92,2019,50.0,1.0,1.0,3.0,2145517,1.0,1,4,1,9.0,,-1.0,0,1961.0,B01,138Â 303Â 741,2.0,8.0,-1.0,1638385,1.0,1,,0.0,1.0,3.0,B01,138Â 303Â 741,5.0
959967,201900001498,6,17,17:39,1,2,1,1.0,3.0,92036,MARCEL PAUL (AVENUE) (52/102),M,"48,9396133","2,3039875",92,2019,50.0,1.0,1.0,3.0,2145517,1.0,1,4,1,9.0,,-1.0,0,1961.0,B01,138Â 303Â 741,2.0,8.0,-1.0,1638386,1.0,1,,0.0,1.0,1.0,A01,138Â 303Â 742,5.0
959967,201900001498,6,17,17:39,1,2,1,1.0,3.0,92036,MARCEL PAUL (AVENUE) (52/102),M,"48,9396133","2,3039875",92,2019,50.0,1.0,1.0,3.0,2145518,1.0,1,1,1,9.0,,-1.0,0,1959.0,A01,138Â 303Â 742,2.0,8.0,-1.0,1638385,1.0,1,,0.0,1.0,3.0,B01,138Â 303Â 741,5.0
959967,201900001498,6,17,17:39,1,2,1,1.0,3.0,92036,MARCEL PAUL (AVENUE) (52/102),M,"48,9396133","2,3039875",92,2019,50.0,1.0,1.0,3.0,2145518,1.0,1,1,1,9.0,,-1.0,0,1959.0,A01,138Â 303Â 742,2.0,8.0,-1.0,1638386,1.0,1,,0.0,1.0,1.0,A01,138Â 303Â 742,5.0
959968,201900001499,8,13,09:00,1,2,1,1.0,1.0,13209,LÃON LACHAMP (ROUTE),M,"43,2487840","5,4417060",13,2019,50.0,1.0,1.0,3.0,2145519,1.0,1,4,1,5.0,,0.0,0,1965.0,B01,138Â 303Â 739,2.0,0.0,-1.0,1638387,2.0,1,,0.0,2.0,1.0,B01,138Â 303Â 739,0.0
959968,201900001499,8,13,09:00,1,2,1,1.0,1.0,13209,LÃON LACHAMP (ROUTE),M,"43,2487840","5,4417060",13,2019,50.0,1.0,1.0,3.0,2145519,1.0,1,4,1,5.0,,0.0,0,1965.0,B01,138Â 303Â 739,2.0,0.0,-1.0,1638388,1.0,7,,0.0,2.0,1.0,A01,138Â 303Â 740,0.0
959968,201900001499,8,13,09:00,1,2,1,1.0,1.0,13209,LÃON LACHAMP (ROUTE),M,"43,2487840","5,4417060",13,2019,50.0,1.0,1.0,3.0,2145520,1.0,1,1,1,4.0,,0.0,0,1960.0,A01,138Â 303Â 740,1.0,0.0,-1.0,1638387,2.0,1,,0.0,2.0,1.0,B01,138Â 303Â 739,0.0
959968,201900001499,8,13,09:00,1,2,1,1.0,1.0,13209,LÃON LACHAMP (ROUTE),M,"43,2487840","5,4417060",13,2019,50.0,1.0,1.0,3.0,2145520,1.0,1,1,1,4.0,,0.0,0,1960.0,A01,138Â 303Â 740,1.0,0.0,-1.0,1638388,1.0,7,,0.0,2.0,1.0,A01,138Â 303Â 740,0.0
959969,201900001500,8,16,18:30,1,1,1,1.0,5.0,13047,R.N 569,M,"43,5535140","4,9595900",13,2019,80.0,1.0,1.0,2.0,2145521,1.0,1,4,1,0.0,,0.0,0,1976.0,C01,138Â 303Â 735,1.0,0.0,-1.0,1638389,2.0,7,,0.0,2.0,1.0,C01,138Â 303Â 735,0.0
959969,201900001500,8,16,18:30,1,1,1,1.0,5.0,13047,R.N 569,M,"43,5535140","4,9595900",13,2019,80.0,1.0,1.0,2.0,2145521,1.0,1,4,1,0.0,,0.0,0,1976.0,C01,138Â 303Â 735,1.0,0.0,-1.0,1638390,2.0,7,,0.0,2.0,0.0,D01,138Â 303Â 736,0.0
959969,201900001500,8,16,18:30,1,1,1,1.0,5.0,13047,R.N 569,M,"43,5535140","4,9595900",13,2019,80.0,1.0,1.0,2.0,2145521,1.0,1,4,1,0.0,,0.0,0,1976.0,C01,138Â 303Â 735,1.0,0.0,-1.0,1638391,1.0,7,,0.0,2.0,1.0,A01,138Â 303Â 737,6.0
959969,201900001500,8,16,18:30,1,1,1,1.0,5.0,13047,R.N 569,M,"43,5535140","4,9595900",13,2019,80.0,1.0,1.0,2.0,2145521,1.0,1,4,1,0.0,,0.0,0,1976.0,C01,138Â 303Â 735,1.0,0.0,-1.0,1638392,2.0,10,,0.0,2.0,1.0,B01,138Â 303Â 738,6.0
959969,201900001500,8,16,18:30,1,1,1,1.0,5.0,13047,R.N 569,M,"43,5535140","4,9595900",13,2019,80.0,1.0,1.0,2.0,2145522,1.0,1,4,1,0.0,,0.0,0,1945.0,A01,138Â 303Â 737,8.0,5.0,-1.0,1638389,2.0,7,,0.0,2.0,1.0,C01,138Â 303Â 735,0.0
959969,201900001500,8,16,18:30,1,1,1,1.0,5.0,13047,R.N 569,M,"43,5535140","4,9595900",13,2019,80.0,1.0,1.0,2.0,2145522,1.0,1,4,1,0.0,,0.0,0,1945.0,A01,138Â 303Â 737,8.0,5.0,-1.0,1638390,2.0,7,,0.0,2.0,0.0,D01,138Â 303Â 736,0.0
959969,201900001500,8,16,18:30,1,1,1,1.0,5.0,13047,R.N 569,M,"43,5535140","4,9595900",13,2019,80.0,1.0,1.0,2.0,2145522,1.0,1,4,1,0.0,,0.0,0,1945.0,A01,138Â 303Â 737,8.0,5.0,-1.0,1638391,1.0,7,,0.0,2.0,1.0,A01,138Â 303Â 737,6.0
959969,201900001500,8,16,18:30,1,1,1,1.0,5.0,13047,R.N 569,M,"43,5535140","4,9595900",13,2019,80.0,1.0,1.0,2.0,2145522,1.0,1,4,1,0.0,,0.0,0,1945.0,A01,138Â 303Â 737,8.0,5.0,-1.0,1638392,2.0,10,,0.0,2.0,1.0,B01,138Â 303Â 738,6.0
959969,201900001500,8,16,18:30,1,1,1,1.0,5.0,13047,R.N 569,M,"43,5535140","4,9595900",13,2019,80.0,1.0,1.0,2.0,2145523,6.0,2,4,1,1.0,,0.0,0,1986.0,B01,138Â 303Â 738,1.0,8.0,-1.0,1638389,2.0,7,,0.0,2.0,1.0,C01,138Â 303Â 735,0.0
959969,201900001500,8,16,18:30,1,1,1,1.0,5.0,13047,R.N 569,M,"43,5535140","4,9595900",13,2019,80.0,1.0,1.0,2.0,2145523,6.0,2,4,1,1.0,,0.0,0,1986.0,B01,138Â 303Â 738,1.0,8.0,-1.0,1638390,2.0,7,,0.0,2.0,0.0,D01,138Â 303Â 736,0.0
959969,201900001500,8,16,18:30,1,1,1,1.0,5.0,13047,R.N 569,M,"43,5535140","4,9595900",13,2019,80.0,1.0,1.0,2.0,2145523,6.0,2,4,1,1.0,,0.0,0,1986.0,B01,138Â 303Â 738,1.0,8.0,-1.0,1638391,1.0,7,,0.0,2.0,1.0,A01,138Â 303Â 737,6.0
959969,201900001500,8,16,18:30,1,1,1,1.0,5.0,13047,R.N 569,M,"43,5535140","4,9595900",13,2019,80.0,1.0,1.0,2.0,2145523,6.0,2,4,1,1.0,,0.0,0,1986.0,B01,138Â 303Â 738,1.0,8.0,-1.0,1638392,2.0,10,,0.0,2.0,1.0,B01,138Â 303Â 738,6.0
959969,201900001500,8,16,18:30,1,1,1,1.0,5.0,13047,R.N 569,M,"43,5535140","4,9595900",13,2019,80.0,1.0,1.0,2.0,2145524,2.0,2,4,1,1.0,,0.0,0,1986.0,B01,138Â 303Â 738,1.0,8.0,-1.0,1638389,2.0,7,,0.0,2.0,1.0,C01,138Â 303Â 735,0.0
959969,201900001500,8,16,18:30,1,1,1,1.0,5.0,13047,R.N 569,M,"43,5535140","4,9595900",13,2019,80.0,1.0,1.0,2.0,2145524,2.0,2,4,1,1.0,,0.0,0,1986.0,B01,138Â 303Â 738,1.0,8.0,-1.0,1638390,2.0,7,,0.0,2.0,0.0,D01,138Â 303Â 736,0.0
959969,201900001500,8,16,18:30,1,1,1,1.0,5.0,13047,R.N 569,M,"43,5535140","4,9595900",13,2019,80.0,1.0,1.0,2.0,2145524,2.0,2,4,1,1.0,,0.0,0,1986.0,B01,138Â 303Â 738,1.0,8.0,-1.0,1638391,1.0,7,,0.0,2.0,1.0,A01,138Â 303Â 737,6.0
959969,201900001500,8,16,18:30,1,1,1,1.0,5.0,13047,R.N 569,M,"43,5535140","4,9595900",13,2019,80.0,1.0,1.0,2.0,2145524,2.0,2,4,1,1.0,,0.0,0,1986.0,B01,138Â 303Â 738,1.0,8.0,-1.0,1638392,2.0,10,,0.0,2.0,1.0,B01,138Â 303Â 738,6.0
959969,201900001500,8,16,18:30,1,1,1,1.0,5.0,13047,R.N 569,M,"43,5535140","4,9595900",13,2019,80.0,1.0,1.0,2.0,2145525,1.0,1,4,1,1.0,,0.0,0,1971.0,B01,138Â 303Â 738,1.0,0.0,-1.0,1638389,2.0,7,,0.0,2.0,1.0,C01,138Â 303Â 735,0.0
959969,201900001500,8,16,18:30,1,1,1,1.0,5.0,13047,R.N 569,M,"43,5535140","4,9595900",13,2019,80.0,1.0,1.0,2.0,2145525,1.0,1,4,1,1.0,,0.0,0,1971.0,B01,138Â 303Â 738,1.0,0.0,-1.0,1638390,2.0,7,,0.0,2.0,0.0,D01,138Â 303Â 736,0.0
959969,201900001500,8,16,18:30,1,1,1,1.0,5.0,13047,R.N 569,M,"43,5535140","4,9595900",13,2019,80.0,1.0,1.0,2.0,2145525,1.0,1,4,1,1.0,,0.0,0,1971.0,B01,138Â 303Â 738,1.0,0.0,-1.0,1638391,1.0,7,,0.0,2.0,1.0,A01,138Â 303Â 737,6.0
959969,201900001500,8,16,18:30,1,1,1,1.0,5.0,13047,R.N 569,M,"43,5535140","4,9595900",13,2019,80.0,1.0,1.0,2.0,2145525,1.0,1,4,1,1.0,,0.0,0,1971.0,B01,138Â 303Â 738,1.0,0.0,-1.0,1638392,2.0,10,,0.0,2.0,1.0,B01,138Â 303Â 738,6.0
959970,201900001501,8,16,17:00,1,2,6,1.0,3.0,13047,RADOLFZELL AVENUE DE,M,"43,4991940","4,9878290",13,2019,50.0,1.0,1.0,7.0,2145526,1.0,1,1,2,5.0,,-1.0, -1,1979.0,A01,138Â 303Â 733,1.0,0.0,-1.0,1638393,3.0,7,,0.0,2.0,3.0,A01,138Â 303Â 733,1.0
959970,201900001501,8,16,17:00,1,2,6,1.0,3.0,13047,RADOLFZELL AVENUE DE,M,"43,4991940","4,9878290",13,2019,50.0,1.0,1.0,7.0,2145526,1.0,1,1,2,5.0,,-1.0, -1,1979.0,A01,138Â 303Â 733,1.0,0.0,-1.0,1638394,3.0,33,,0.0,2.0,1.0,B01,138Â 303Â 734,1.0
959970,201900001501,8,16,17:00,1,2,6,1.0,3.0,13047,RADOLFZELL AVENUE DE,M,"43,4991940","4,9878290",13,2019,50.0,1.0,1.0,7.0,2145527,1.0,1,3,1,5.0,,-1.0, -1,1963.0,B01,138Â 303Â 734,2.0,0.0,-1.0,1638393,3.0,7,,0.0,2.0,3.0,A01,138Â 303Â 733,1.0
959970,201900001501,8,16,17:00,1,2,6,1.0,3.0,13047,RADOLFZELL AVENUE DE,M,"43,4991940","4,9878290",13,2019,50.0,1.0,1.0,7.0,2145527,1.0,1,3,1,5.0,,-1.0, -1,1963.0,B01,138Â 303Â 734,2.0,0.0,-1.0,1638394,3.0,33,,0.0,2.0,1.0,B01,138Â 303Â 734,1.0
959971,201900001502,8,13,12:20,1,1,1,1.0,1.0,13005,BAUMONE (AVENUE DE LA ),M,"43,2962200","5,5946900",13,2019,30.0,1.0,1.0,4.0,2145528,1.0,1,1,2,0.0,,0.0,0,1946.0,A01,138Â 303Â 731,1.0,0.0,-1.0,1638395,3.0,7,,0.0,2.0,1.0,A01,138Â 303Â 731,1.0
959971,201900001502,8,13,12:20,1,1,1,1.0,1.0,13005,BAUMONE (AVENUE DE LA ),M,"43,2962200","5,5946900",13,2019,30.0,1.0,1.0,4.0,2145528,1.0,1,1,2,0.0,,0.0,0,1946.0,A01,138Â 303Â 731,1.0,0.0,-1.0,1638396,3.0,7,,0.0,2.0,1.0,B01,138Â 303Â 732,1.0
959971,201900001502,8,13,12:20,1,1,1,1.0,1.0,13005,BAUMONE (AVENUE DE LA ),M,"43,2962200","5,5946900",13,2019,30.0,1.0,1.0,4.0,2145529,2.0,2,4,2,0.0,,0.0,0,1987.0,B01,138Â 303Â 732,1.0,0.0,-1.0,1638395,3.0,7,,0.0,2.0,1.0,A01,138Â 303Â 731,1.0
959971,201900001502,8,13,12:20,1,1,1,1.0,1.0,13005,BAUMONE (AVENUE DE LA ),M,"43,2962200","5,5946900",13,2019,30.0,1.0,1.0,4.0,2145529,2.0,2,4,2,0.0,,0.0,0,1987.0,B01,138Â 303Â 732,1.0,0.0,-1.0,1638396,3.0,7,,0.0,2.0,1.0,B01,138Â 303Â 732,1.0
959971,201900001502,8,13,12:20,1,1,1,1.0,1.0,13005,BAUMONE (AVENUE DE LA ),M,"43,2962200","5,5946900",13,2019,30.0,1.0,1.0,4.0,2145530,1.0,1,4,1,0.0,,0.0,0,1975.0,B01,138Â 303Â 732,1.0,0.0,-1.0,1638395,3.0,7,,0.0,2.0,1.0,A01,138Â 303Â 731,1.0
959971,201900001502,8,13,12:20,1,1,1,1.0,1.0,13005,BAUMONE (AVENUE DE LA ),M,"43,2962200","5,5946900",13,2019,30.0,1.0,1.0,4.0,2145530,1.0,1,4,1,0.0,,0.0,0,1975.0,B01,138Â 303Â 732,1.0,0.0,-1.0,1638396,3.0,7,,0.0,2.0,1.0,B01,138Â 303Â 732,1.0
959971,201900001502,8,13,12:20,1,1,1,1.0,1.0,13005,BAUMONE (AVENUE DE LA ),M,"43,2962200","5,5946900",13,2019,30.0,1.0,1.0,4.0,2145531,5.0,2,4,1,0.0,,0.0,0,2013.0,B01,138Â 303Â 732,1.0,0.0,-1.0,1638395,3.0,7,,0.0,2.0,1.0,A01,138Â 303Â 731,1.0
959971,201900001502,8,13,12:20,1,1,1,1.0,1.0,13005,BAUMONE (AVENUE DE LA ),M,"43,2962200","5,5946900",13,2019,30.0,1.0,1.0,4.0,2145531,5.0,2,4,1,0.0,,0.0,0,2013.0,B01,138Â 303Â 732,1.0,0.0,-1.0,1638396,3.0,7,,0.0,2.0,1.0,B01,138Â 303Â 732,1.0
959972,201900001503,8,13,09:10,1,2,1,1.0,4.0,12202,BOURRAN (AVENUE DE),M,"44,3628500","2,5540600",12,2019,50.0,1.0,1.0,4.0,2145532,1.0,1,1,2,3.0,,0.0,0,1934.0,A01,138Â 303Â 727,1.0,8.0,-1.0,1638397,2.0,7,,0.0,2.0,1.0,A01,138Â 303Â 727,1.0
959972,201900001503,8,13,09:10,1,2,1,1.0,4.0,12202,BOURRAN (AVENUE DE),M,"44,3628500","2,5540600",12,2019,50.0,1.0,1.0,4.0,2145532,1.0,1,1,2,3.0,,0.0,0,1934.0,A01,138Â 303Â 727,1.0,8.0,-1.0,1638398,2.0,7,,0.0,2.0,4.0,B01,138Â 303Â 728,1.0
959972,201900001503,8,13,09:10,1,2,1,1.0,4.0,12202,BOURRAN (AVENUE DE),M,"44,3628500","2,5540600",12,2019,50.0,1.0,1.0,4.0,2145532,1.0,1,1,2,3.0,,0.0,0,1934.0,A01,138Â 303Â 727,1.0,8.0,-1.0,1638399,2.0,7,,0.0,2.0,4.0,C01,138Â 303Â 729,1.0
959972,201900001503,8,13,09:10,1,2,1,1.0,4.0,12202,BOURRAN (AVENUE DE),M,"44,3628500","2,5540600",12,2019,50.0,1.0,1.0,4.0,2145532,1.0,1,1,2,3.0,,0.0,0,1934.0,A01,138Â 303Â 727,1.0,8.0,-1.0,1638400,2.0,10,,0.0,0.0,0.0,D01,138Â 303Â 730,1.0
959972,201900001503,8,13,09:10,1,2,1,1.0,4.0,12202,BOURRAN (AVENUE DE),M,"44,3628500","2,5540600",12,2019,50.0,1.0,1.0,4.0,2145533,1.0,1,4,1,1.0,,0.0,0,1953.0,B01,138Â 303Â 728,1.0,8.0,-1.0,1638397,2.0,7,,0.0,2.0,1.0,A01,138Â 303Â 727,1.0
959972,201900001503,8,13,09:10,1,2,1,1.0,4.0,12202,BOURRAN (AVENUE DE),M,"44,3628500","2,5540600",12,2019,50.0,1.0,1.0,4.0,2145533,1.0,1,4,1,1.0,,0.0,0,1953.0,B01,138Â 303Â 728,1.0,8.0,-1.0,1638398,2.0,7,,0.0,2.0,4.0,B01,138Â 303Â 728,1.0
959972,201900001503,8,13,09:10,1,2,1,1.0,4.0,12202,BOURRAN (AVENUE DE),M,"44,3628500","2,5540600",12,2019,50.0,1.0,1.0,4.0,2145533,1.0,1,4,1,1.0,,0.0,0,1953.0,B01,138Â 303Â 728,1.0,8.0,-1.0,1638399,2.0,7,,0.0,2.0,4.0,C01,138Â 303Â 729,1.0
959972,201900001503,8,13,09:10,1,2,1,1.0,4.0,12202,BOURRAN (AVENUE DE),M,"44,3628500","2,5540600",12,2019,50.0,1.0,1.0,4.0,2145533,1.0,1,4,1,1.0,,0.0,0,1953.0,B01,138Â 303Â 728,1.0,8.0,-1.0,1638400,2.0,10,,0.0,0.0,0.0,D01,138Â 303Â 730,1.0
959972,201900001503,8,13,09:10,1,2,1,1.0,4.0,12202,BOURRAN (AVENUE DE),M,"44,3628500","2,5540600",12,2019,50.0,1.0,1.0,4.0,2145534,2.0,2,4,2,3.0,,0.0,0,1960.0,B01,138Â 303Â 728,1.0,8.0,-1.0,1638397,2.0,7,,0.0,2.0,1.0,A01,138Â 303Â 727,1.0