Unnamed: 0_x,num_acc,mois,jour,hrmn,lum,agg,int,atm,col,com,adr,gps,lat,long,dep,annee,vma,situ,surf,catr,Unnamed: 0_y,place,catu,grav,sexe,trajet,secu,locp,actp,an_nais,num_veh_x,id_vehicule_x,secu1,secu2,secu3,Unnamed: 0,senc,catv,occutc,obs,obsm,choc,num_veh_y,id_vehicule_y,motor
959972,201900001503,8,13,09:10,1,2,1,1.0,4.0,12202,BOURRAN (AVENUE DE),M,"44,3628500","2,5540600",12,2019,50.0,1.0,1.0,4.0,2145534,2.0,2,4,2,3.0,,0.0,0,1960.0,B01,138Â 303Â 728,1.0,8.0,-1.0,1638398,2.0,7,,0.0,2.0,4.0,B01,138Â 303Â 728,1.0
959972,201900001503,8,13,09:10,1,2,1,1.0,4.0,12202,BOURRAN (AVENUE DE),M,"44,3628500","2,5540600",12,2019,50.0,1.0,1.0,4.0,2145534,2.0,2,4,2,3.0,,0.0,0,1960.0,B01,138Â 303Â 728,1.0,8.0,-1.0,1638399,2.0,7,,0.0,2.0,4.0,C01,138Â 303Â 729,1.0
959972,201900001503,8,13,09:10,1,2,1,1.0,4.0,12202,BOURRAN (AVENUE DE),M,"44,3628500","2,5540600",12,2019,50.0,1.0,1.0,4.0,2145534,2.0,2,4,2,3.0,,0.0,0,1960.0,B01,138Â 303Â 728,1.0,8.0,-1.0,1638400,2.0,10,,0.0,0.0,0.0,D01,138Â 303Â 730,1.0
959972,201900001503,8,13,09:10,1,2,1,1.0,4.0,12202,BOURRAN (AVENUE DE),M,"44,3628500","2,5540600",12,2019,50.0,1.0,1.0,4.0,2145535,1.0,1,1,1,1.0,,0.0,0,1955.0,C01,138Â 303Â 729,1.0,8.0,-1.0,1638397,2.0,7,,0.0,2.0,1.0,A01,138Â 303Â 727,1.0
959972,201900001503,8,13,09:10,1,2,1,1.0,4.0,12202,BOURRAN (AVENUE DE),M,"44,3628500","2,5540600",12,2019,50.0,1.0,1.0,4.0,2145535,1.0,1,1,1,1.0,,0.0,0,1955.0,C01,138Â 303Â 729,1.0,8.0,-1.0,1638398,2.0,7,,0.0,2.0,4.0,B01,138Â 303Â 728,1.0
959972,201900001503,8,13,09:10,1,2,1,1.0,4.0,12202,BOURRAN (AVENUE DE),M,"44,3628500","2,5540600",12,2019,50.0,1.0,1.0,4.0,2145535,1.0,1,1,1,1.0,,0.0,0,1955.0,C01,138Â 303Â 729,1.0,8.0,-1.0,1638399,2.0,7,,0.0,2.0,4.0,C01,138Â 303Â 729,1.0
959972,201900001503,8,13,09:10,1,2,1,1.0,4.0,12202,BOURRAN (AVENUE DE),M,"44,3628500","2,5540600",12,2019,50.0,1.0,1.0,4.0,2145535,1.0,1,1,1,1.0,,0.0,0,1955.0,C01,138Â 303Â 729,1.0,8.0,-1.0,1638400,2.0,10,,0.0,0.0,0.0,D01,138Â 303Â 730,1.0
959972,201900001503,8,13,09:10,1,2,1,1.0,4.0,12202,BOURRAN (AVENUE DE),M,"44,3628500","2,5540600",12,2019,50.0,1.0,1.0,4.0,2145536,1.0,1,1,1,4.0,,0.0,0,1971.0,D01,138Â 303Â 730,1.0,8.0,-1.0,1638397,2.0,7,,0.0,2.0,1.0,A01,138Â 303Â 727,1.0
959972,201900001503,8,13,09:10,1,2,1,1.0,4.0,12202,BOURRAN (AVENUE DE),M,"44,3628500","2,5540600",12,2019,50.0,1.0,1.0,4.0,2145536,1.0,1,1,1,4.0,,0.0,0,1971.0,D01,138Â 303Â 730,1.0,8.0,-1.0,1638398,2.0,7,,0.0,2.0,4.0,B01,138Â 303Â 728,1.0
959972,201900001503,8,13,09:10,1,2,1,1.0,4.0,12202,BOURRAN (AVENUE DE),M,"44,3628500","2,5540600",12,2019,50.0,1.0,1.0,4.0,2145536,1.0,1,1,1,4.0,,0.0,0,1971.0,D01,138Â 303Â 730,1.0,8.0,-1.0,1638399,2.0,7,,0.0,2.0,4.0,C01,138Â 303Â 729,1.0
959972,201900001503,8,13,09:10,1,2,1,1.0,4.0,12202,BOURRAN (AVENUE DE),M,"44,3628500","2,5540600",12,2019,50.0,1.0,1.0,4.0,2145536,1.0,1,1,1,4.0,,0.0,0,1971.0,D01,138Â 303Â 730,1.0,8.0,-1.0,1638400,2.0,10,,0.0,0.0,0.0,D01,138Â 303Â 730,1.0
959973,201900001504,8,10,19:05,1,2,1,1.0,6.0,12145,JAURES JEAN (AVENUE),M,"44,1005800","3,0789300",12,2019,30.0,1.0,1.0,4.0,2145537,10.0,3,4,1,5.0,,1.0,3,2011.0,A01,138Â 303Â 726,8.0,0.0,-1.0,1638401,2.0,7,,0.0,1.0,2.0,A01,138Â 303Â 726,1.0
959973,201900001504,8,10,19:05,1,2,1,1.0,6.0,12145,JAURES JEAN (AVENUE),M,"44,1005800","3,0789300",12,2019,30.0,1.0,1.0,4.0,2145538,1.0,1,1,1,5.0,,-1.0,0,1935.0,A01,138Â 303Â 726,1.0,8.0,-1.0,1638401,2.0,7,,0.0,1.0,2.0,A01,138Â 303Â 726,1.0
959974,201900001505,6,17,16:40,1,2,1,1.0,7.0,92036,RUE GUY MOCQUET,M,"48,9342000","2,2879400",92,2019,50.0,2.0,1.0,4.0,2145539,1.0,1,4,2,4.0,,-1.0,0,1966.0,A01,138Â 303Â 725,2.0,8.0,-1.0,1638402,1.0,30,,9.0,0.0,1.0,A01,138Â 303Â 725,1.0
959975,201900001506,8,9,16:33,1,1,1,1.0,7.0,12089,D 963,M,"44,5862100","2,2479700",12,2019,80.0,1.0,1.0,3.0,2145540,1.0,1,4,1,4.0,,-1.0, -1,1952.0,A01,138Â 303Â 724,1.0,8.0,-1.0,1638403,2.0,17,,3.0,0.0,8.0,A01,138Â 303Â 724,1.0
959976,201900001507,8,17,10:47,1,2,1,2.0,7.0,10357,GENERAL DE GAULLE (RUE DU),M,"48,2970000","4,1200000",10,2019,50.0,1.0,2.0,4.0,2145541,1.0,1,4,2,4.0,,-1.0, -1,1984.0,A01,138Â 303Â 723,2.0,8.0,-1.0,1638404,1.0,1,,0.0,0.0,0.0,A01,138Â 303Â 723,5.0
959977,201900001508,6,15,20:30,2,2,1,1.0,3.0,92036,MARCEL PAUL (AVENUE) (52/102),M,"48,9417901","2,3028883",92,2019,50.0,1.0,1.0,3.0,2145542,1.0,1,1,1,9.0,,-1.0,0,1977.0,B01,138Â 303Â 720,1.0,8.0,-1.0,1638405,1.0,7,,0.0,2.0,1.0,B01,138Â 303Â 720,1.0
959977,201900001508,6,15,20:30,2,2,1,1.0,3.0,92036,MARCEL PAUL (AVENUE) (52/102),M,"48,9417901","2,3028883",92,2019,50.0,1.0,1.0,3.0,2145542,1.0,1,1,1,9.0,,-1.0,0,1977.0,B01,138Â 303Â 720,1.0,8.0,-1.0,1638406,1.0,7,,0.0,2.0,3.0,A01,138Â 303Â 722,1.0
959977,201900001508,6,15,20:30,2,2,1,1.0,3.0,92036,MARCEL PAUL (AVENUE) (52/102),M,"48,9417901","2,3028883",92,2019,50.0,1.0,1.0,3.0,2145543,2.0,2,4,2,9.0,,-1.0,0,1994.0,A01,138Â 303Â 722,1.0,0.0,-1.0,1638405,1.0,7,,0.0,2.0,1.0,B01,138Â 303Â 720,1.0
959977,201900001508,6,15,20:30,2,2,1,1.0,3.0,92036,MARCEL PAUL (AVENUE) (52/102),M,"48,9417901","2,3028883",92,2019,50.0,1.0,1.0,3.0,2145543,2.0,2,4,2,9.0,,-1.0,0,1994.0,A01,138Â 303Â 722,1.0,0.0,-1.0,1638406,1.0,7,,0.0,2.0,3.0,A01,138Â 303Â 722,1.0
959977,201900001508,6,15,20:30,2,2,1,1.0,3.0,92036,MARCEL PAUL (AVENUE) (52/102),M,"48,9417901","2,3028883",92,2019,50.0,1.0,1.0,3.0,2145544,1.0,1,4,1,9.0,,-1.0,0,1995.0,A01,138Â 303Â 722,1.0,8.0,-1.0,1638405,1.0,7,,0.0,2.0,1.0,B01,138Â 303Â 720,1.0
959977,201900001508,6,15,20:30,2,2,1,1.0,3.0,92036,MARCEL PAUL (AVENUE) (52/102),M,"48,9417901","2,3028883",92,2019,50.0,1.0,1.0,3.0,2145544,1.0,1,4,1,9.0,,-1.0,0,1995.0,A01,138Â 303Â 722,1.0,8.0,-1.0,1638406,1.0,7,,0.0,2.0,3.0,A01,138Â 303Â 722,1.0
959978,201900001509,8,14,18:02,1,2,1,1.0,3.0,10387,MAROTS (RUE DES),M,"48,3063000","4,0491000",10,2019,50.0,1.0,1.0,4.0,2145545,10.0,3,4,2,9.0,,5.0,1,1970.0,A01,138Â 303Â 719,8.0,0.0,-1.0,1638407,2.0,1,,0.0,1.0,7.0,A01,138Â 303Â 719,5.0
959978,201900001509,8,14,18:02,1,2,1,1.0,3.0,10387,MAROTS (RUE DES),M,"48,3063000","4,0491000",10,2019,50.0,1.0,1.0,4.0,2145545,10.0,3,4,2,9.0,,5.0,1,1970.0,A01,138Â 303Â 719,8.0,0.0,-1.0,1638408,3.0,2,,0.0,1.0,0.0,Z01,138Â 303Â 721,1.0
959979,201900001510,6,13,19:00,1,2,1,1.0,6.0,92036,GRESILLONS (QUAI DES),M,"48,9201358","2,3231615",92,2019,50.0,1.0,1.0,3.0,2145546,1.0,1,4,1,1.0,,-1.0,0,1960.0,A01,138Â 303Â 714,2.0,8.0,-1.0,1638409,1.0,33,,14.0,0.0,3.0,A01,138Â 303Â 714,1.0
959979,201900001510,6,13,19:00,1,2,1,1.0,6.0,92036,GRESILLONS (QUAI DES),M,"48,9201358","2,3231615",92,2019,50.0,1.0,1.0,3.0,2145546,1.0,1,4,1,1.0,,-1.0,0,1960.0,A01,138Â 303Â 714,2.0,8.0,-1.0,1638410,1.0,10,,0.0,1.0,7.0,Z01,138Â 303Â 715,1.0
959980,201900001511,6,11,18:55,1,2,3,3.0,7.0,92036,FELICIE (RUE),M,"48,9145500","2,2939300",92,2019,50.0,1.0,2.0,4.0,2145547,1.0,1,3,2,0.0,,-1.0,0,1960.0,A01,138Â 303Â 713,2.0,0.0,-1.0,1638411,1.0,1,,0.0,0.0,0.0,A01,138Â 303Â 713,5.0
959981,201900001512,8,13,15:54,1,1,6,1.0,2.0,10081,ROCADE OUEST (RD 610),M,"48,3022800","4,0256000",10,2019,50.0,1.0,1.0,3.0,2145548,1.0,1,1,1,5.0,,-1.0, -1,1996.0,A01,138Â 303Â 716,1.0,0.0,-1.0,1638412,3.0,7,,0.0,2.0,1.0,A01,138Â 303Â 716,1.0
959981,201900001512,8,13,15:54,1,1,6,1.0,2.0,10081,ROCADE OUEST (RD 610),M,"48,3022800","4,0256000",10,2019,50.0,1.0,1.0,3.0,2145548,1.0,1,1,1,5.0,,-1.0, -1,1996.0,A01,138Â 303Â 716,1.0,0.0,-1.0,1638413,3.0,7,,0.0,2.0,4.0,B01,138Â 303Â 717,1.0
959981,201900001512,8,13,15:54,1,1,6,1.0,2.0,10081,ROCADE OUEST (RD 610),M,"48,3022800","4,0256000",10,2019,50.0,1.0,1.0,3.0,2145549,1.0,1,1,1,5.0,,-1.0, -1,1984.0,B01,138Â 303Â 717,1.0,0.0,-1.0,1638412,3.0,7,,0.0,2.0,1.0,A01,138Â 303Â 716,1.0
959981,201900001512,8,13,15:54,1,1,6,1.0,2.0,10081,ROCADE OUEST (RD 610),M,"48,3022800","4,0256000",10,2019,50.0,1.0,1.0,3.0,2145549,1.0,1,1,1,5.0,,-1.0, -1,1984.0,B01,138Â 303Â 717,1.0,0.0,-1.0,1638413,3.0,7,,0.0,2.0,4.0,B01,138Â 303Â 717,1.0
959981,201900001512,8,13,15:54,1,1,6,1.0,2.0,10081,ROCADE OUEST (RD 610),M,"48,3022800","4,0256000",10,2019,50.0,1.0,1.0,3.0,2145550,2.0,2,4,2,5.0,,-1.0, -1,1983.0,B01,138Â 303Â 717,1.0,0.0,-1.0,1638412,3.0,7,,0.0,2.0,1.0,A01,138Â 303Â 716,1.0
959981,201900001512,8,13,15:54,1,1,6,1.0,2.0,10081,ROCADE OUEST (RD 610),M,"48,3022800","4,0256000",10,2019,50.0,1.0,1.0,3.0,2145550,2.0,2,4,2,5.0,,-1.0, -1,1983.0,B01,138Â 303Â 717,1.0,0.0,-1.0,1638413,3.0,7,,0.0,2.0,4.0,B01,138Â 303Â 717,1.0
959982,201900001513,6,7,21:35,2,2,1,2.0,3.0,92036,GABRIEL PERI (AVENUE) (60/134),M,"48,9207309","2,2951770",92,2019,50.0,1.0,1.0,3.0,2145551,1.0,1,4,2,9.0,,-1.0,0,1999.0,A01,138Â 303Â 710,1.0,8.0,-1.0,1638414,1.0,7,,1.0,2.0,1.0,A01,138Â 303Â 710,1.0
959982,201900001513,6,7,21:35,2,2,1,2.0,3.0,92036,GABRIEL PERI (AVENUE) (60/134),M,"48,9207309","2,2951770",92,2019,50.0,1.0,1.0,3.0,2145551,1.0,1,4,2,9.0,,-1.0,0,1999.0,A01,138Â 303Â 710,1.0,8.0,-1.0,1638415,1.0,7,,0.0,2.0,3.0,B01,138Â 303Â 712,1.0
959982,201900001513,6,7,21:35,2,2,1,2.0,3.0,92036,GABRIEL PERI (AVENUE) (60/134),M,"48,9207309","2,2951770",92,2019,50.0,1.0,1.0,3.0,2145552,1.0,1,1,1,9.0,,-1.0,0,1977.0,B01,138Â 303Â 712,1.0,8.0,-1.0,1638414,1.0,7,,1.0,2.0,1.0,A01,138Â 303Â 710,1.0
959982,201900001513,6,7,21:35,2,2,1,2.0,3.0,92036,GABRIEL PERI (AVENUE) (60/134),M,"48,9207309","2,2951770",92,2019,50.0,1.0,1.0,3.0,2145552,1.0,1,1,1,9.0,,-1.0,0,1977.0,B01,138Â 303Â 712,1.0,8.0,-1.0,1638415,1.0,7,,0.0,2.0,3.0,B01,138Â 303Â 712,1.0
959983,201900001514,6,3,12:10,1,2,1,1.0,6.0,92036,LIBERATION (AVENUE DE LA),M,"48,9246300","2,2939300",92,2019,50.0,1.0,1.0,4.0,2145553,10.0,3,4,2,0.0,,2.0,3,1975.0,A01,138Â 303Â 708,0.0,0.0,0.0,1638416,1.0,7,,0.0,1.0,3.0,A01,138Â 303Â 708,1.0
959983,201900001514,6,3,12:10,1,2,1,1.0,6.0,92036,LIBERATION (AVENUE DE LA),M,"48,9246300","2,2939300",92,2019,50.0,1.0,1.0,4.0,2145554,1.0,1,1,2,0.0,,-1.0,0,1959.0,A01,138Â 303Â 708,1.0,8.0,-1.0,1638416,1.0,7,,0.0,1.0,3.0,A01,138Â 303Â 708,1.0
959984,201900001515,5,30,19:15,2,2,1,1.0,2.0,92035,Estienne d'Orves ( rue d' ),M,"48,9090730","2,2496860",92,2019,50.0,1.0,1.0,4.0,2145555,1.0,1,1,1,9.0,,-1.0,0,1974.0,B01,138Â 303Â 704,1.0,0.0,-1.0,1638417,2.0,7,,0.0,2.0,4.0,B01,138Â 303Â 704,1.0
959984,201900001515,5,30,19:15,2,2,1,1.0,2.0,92035,Estienne d'Orves ( rue d' ),M,"48,9090730","2,2496860",92,2019,50.0,1.0,1.0,4.0,2145555,1.0,1,1,1,9.0,,-1.0,0,1974.0,B01,138Â 303Â 704,1.0,0.0,-1.0,1638418,2.0,34,,0.0,2.0,1.0,A01,138Â 303Â 706,1.0
959984,201900001515,5,30,19:15,2,2,1,1.0,2.0,92035,Estienne d'Orves ( rue d' ),M,"48,9090730","2,2496860",92,2019,50.0,1.0,1.0,4.0,2145556,1.0,1,4,1,0.0,,-1.0,0,1995.0,A01,138Â 303Â 706,2.0,6.0,-1.0,1638417,2.0,7,,0.0,2.0,4.0,B01,138Â 303Â 704,1.0
959984,201900001515,5,30,19:15,2,2,1,1.0,2.0,92035,Estienne d'Orves ( rue d' ),M,"48,9090730","2,2496860",92,2019,50.0,1.0,1.0,4.0,2145556,1.0,1,4,1,0.0,,-1.0,0,1995.0,A01,138Â 303Â 706,2.0,6.0,-1.0,1638418,2.0,34,,0.0,2.0,1.0,A01,138Â 303Â 706,1.0
959985,201900001516,6,7,07:40,1,2,2,1.0,3.0,92026,AVENUE GAMBETTA,M,"48,8924926","2,2455058",92,2019,50.0,3.0,1.0,3.0,2145557,1.0,1,4,1,4.0,,-1.0,0,1986.0,A01,138Â 303Â 702,1.0,0.0,-1.0,1638419,3.0,3,,0.0,2.0,2.0,B01,138Â 303Â 700,0.0
959985,201900001516,6,7,07:40,1,2,2,1.0,3.0,92026,AVENUE GAMBETTA,M,"48,8924926","2,2455058",92,2019,50.0,3.0,1.0,3.0,2145557,1.0,1,4,1,4.0,,-1.0,0,1986.0,A01,138Â 303Â 702,1.0,0.0,-1.0,1638420,3.0,3,,0.0,2.0,1.0,A01,138Â 303Â 702,0.0
959985,201900001516,6,7,07:40,1,2,2,1.0,3.0,92026,AVENUE GAMBETTA,M,"48,8924926","2,2455058",92,2019,50.0,3.0,1.0,3.0,2145558,1.0,2,1,1,4.0,,-1.0,0,2007.0,A01,138Â 303Â 702,1.0,0.0,-1.0,1638419,3.0,3,,0.0,2.0,2.0,B01,138Â 303Â 700,0.0
959985,201900001516,6,7,07:40,1,2,2,1.0,3.0,92026,AVENUE GAMBETTA,M,"48,8924926","2,2455058",92,2019,50.0,3.0,1.0,3.0,2145558,1.0,2,1,1,4.0,,-1.0,0,2007.0,A01,138Â 303Â 702,1.0,0.0,-1.0,1638420,3.0,3,,0.0,2.0,1.0,A01,138Â 303Â 702,0.0
959986,201900001517,8,12,23:00,5,2,2,1.0,3.0,08409,THIERS (RUE),M,"49,7017000","4,9386300",8,2019,50.0,1.0,1.0,4.0,2145559,1.0,1,1,1,1.0,,0.0,0,1988.0,A01,138Â 303Â 701,8.0,0.0,-1.0,1638421,1.0,7,,0.0,2.0,3.0,A01,138Â 303Â 701,6.0
959986,201900001517,8,12,23:00,5,2,2,1.0,3.0,08409,THIERS (RUE),M,"49,7017000","4,9386300",8,2019,50.0,1.0,1.0,4.0,2145559,1.0,1,1,1,1.0,,0.0,0,1988.0,A01,138Â 303Â 701,8.0,0.0,-1.0,1638422,2.0,31,,0.0,2.0,3.0,B01,138Â 303Â 703,1.0
959986,201900001517,8,12,23:00,5,2,2,1.0,3.0,08409,THIERS (RUE),M,"49,7017000","4,9386300",8,2019,50.0,1.0,1.0,4.0,2145560,1.0,1,4,1,0.0,,0.0,0,2005.0,B01,138Â 303Â 703,2.0,8.0,-1.0,1638421,1.0,7,,0.0,2.0,3.0,A01,138Â 303Â 701,6.0
959986,201900001517,8,12,23:00,5,2,2,1.0,3.0,08409,THIERS (RUE),M,"49,7017000","4,9386300",8,2019,50.0,1.0,1.0,4.0,2145560,1.0,1,4,1,0.0,,0.0,0,2005.0,B01,138Â 303Â 703,2.0,8.0,-1.0,1638422,2.0,31,,0.0,2.0,3.0,B01,138Â 303Â 703,1.0
959987,201900001518,6,18,09:20,1,2,1,1.0,2.0,92026,PRÃSIDENT PAUL DOUMER (QUAI DU),M,"48,8929600","2,2597200",92,2019,50.0,1.0,1.0,4.0,2145561,1.0,1,4,1,1.0,,-1.0,0,1973.0,A01,138Â 303Â 698,2.0,6.0,-1.0,1638423,2.0,33,,0.0,2.0,1.0,A01,138Â 303Â 698,1.0
959987,201900001518,6,18,09:20,1,2,1,1.0,2.0,92026,PRÃSIDENT PAUL DOUMER (QUAI DU),M,"48,8929600","2,2597200",92,2019,50.0,1.0,1.0,4.0,2145561,1.0,1,4,1,1.0,,-1.0,0,1973.0,A01,138Â 303Â 698,2.0,6.0,-1.0,1638424,2.0,10,,0.0,2.0,4.0,B01,138Â 303Â 699,1.0
959987,201900001518,6,18,09:20,1,2,1,1.0,2.0,92026,PRÃSIDENT PAUL DOUMER (QUAI DU),M,"48,8929600","2,2597200",92,2019,50.0,1.0,1.0,4.0,2145562,1.0,1,1,1,1.0,,-1.0,0,1997.0,B01,138Â 303Â 699,1.0,0.0,-1.0,1638423,2.0,33,,0.0,2.0,1.0,A01,138Â 303Â 698,1.0
959987,201900001518,6,18,09:20,1,2,1,1.0,2.0,92026,PRÃSIDENT PAUL DOUMER (QUAI DU),M,"48,8929600","2,2597200",92,2019,50.0,1.0,1.0,4.0,2145562,1.0,1,1,1,1.0,,-1.0,0,1997.0,B01,138Â 303Â 699,1.0,0.0,-1.0,1638424,2.0,10,,0.0,2.0,4.0,B01,138Â 303Â 699,1.0
959988,201900001519,6,13,18:30,1,2,1,1.0,6.0,92026,SAINT-DENIS BD (120 A 174 / DE 199 A 315,M,"48,9032133","2,2760672",92,2019,50.0,1.0,1.0,3.0,2145563,1.0,1,1,2,1.0,,-1.0,0,1957.0,A01,138Â 303Â 695,1.0,8.0,-1.0,1638425,2.0,7,,0.0,1.0,1.0,A01,138Â 303Â 695,1.0
959988,201900001519,6,13,18:30,1,2,1,1.0,6.0,92026,SAINT-DENIS BD (120 A 174 / DE 199 A 315,M,"48,9032133","2,2760672",92,2019,50.0,1.0,1.0,3.0,2145564,10.0,3,4,2,1.0,,4.0,3,1984.0,A01,138Â 303Â 695,8.0,0.0,-1.0,1638425,2.0,7,,0.0,1.0,1.0,A01,138Â 303Â 695,1.0
959989,201900001520,8,17,11:35,1,2,6,1.0,6.0,07102,TREMOLETS (Rue des),M,"44,9375200","4,8634500",7,2019,50.0,1.0,1.0,4.0,2145565,1.0,1,1,1,5.0,,-1.0, -1,1979.0,C01,138Â 303Â 694,1.0,8.0,-1.0,1638426,2.0,7,,0.0,2.0,0.0,C01,138Â 303Â 694,0.0
959989,201900001520,8,17,11:35,1,2,6,1.0,6.0,07102,TREMOLETS (Rue des),M,"44,9375200","4,8634500",7,2019,50.0,1.0,1.0,4.0,2145565,1.0,1,1,1,5.0,,-1.0, -1,1979.0,C01,138Â 303Â 694,1.0,8.0,-1.0,1638427,1.0,7,,0.0,2.0,0.0,A01,138Â 303Â 696,0.0
959989,201900001520,8,17,11:35,1,2,6,1.0,6.0,07102,TREMOLETS (Rue des),M,"44,9375200","4,8634500",7,2019,50.0,1.0,1.0,4.0,2145565,1.0,1,1,1,5.0,,-1.0, -1,1979.0,C01,138Â 303Â 694,1.0,8.0,-1.0,1638428,1.0,32,,0.0,2.0,0.0,B01,138Â 303Â 697,1.0
959989,201900001520,8,17,11:35,1,2,6,1.0,6.0,07102,TREMOLETS (Rue des),M,"44,9375200","4,8634500",7,2019,50.0,1.0,1.0,4.0,2145566,1.0,1,1,1,0.0,,-1.0, -1,1984.0,A01,138Â 303Â 696,1.0,8.0,-1.0,1638426,2.0,7,,0.0,2.0,0.0,C01,138Â 303Â 694,0.0
959989,201900001520,8,17,11:35,1,2,6,1.0,6.0,07102,TREMOLETS (Rue des),M,"44,9375200","4,8634500",7,2019,50.0,1.0,1.0,4.0,2145566,1.0,1,1,1,0.0,,-1.0, -1,1984.0,A01,138Â 303Â 696,1.0,8.0,-1.0,1638427,1.0,7,,0.0,2.0,0.0,A01,138Â 303Â 696,0.0
959989,201900001520,8,17,11:35,1,2,6,1.0,6.0,07102,TREMOLETS (Rue des),M,"44,9375200","4,8634500",7,2019,50.0,1.0,1.0,4.0,2145566,1.0,1,1,1,0.0,,-1.0, -1,1984.0,A01,138Â 303Â 696,1.0,8.0,-1.0,1638428,1.0,32,,0.0,2.0,0.0,B01,138Â 303Â 697,1.0
959989,201900001520,8,17,11:35,1,2,6,1.0,6.0,07102,TREMOLETS (Rue des),M,"44,9375200","4,8634500",7,2019,50.0,1.0,1.0,4.0,2145567,1.0,1,4,1,5.0,,-1.0, -1,1980.0,B01,138Â 303Â 697,2.0,6.0,-1.0,1638426,2.0,7,,0.0,2.0,0.0,C01,138Â 303Â 694,0.0
959989,201900001520,8,17,11:35,1,2,6,1.0,6.0,07102,TREMOLETS (Rue des),M,"44,9375200","4,8634500",7,2019,50.0,1.0,1.0,4.0,2145567,1.0,1,4,1,5.0,,-1.0, -1,1980.0,B01,138Â 303Â 697,2.0,6.0,-1.0,1638427,1.0,7,,0.0,2.0,0.0,A01,138Â 303Â 696,0.0
959989,201900001520,8,17,11:35,1,2,6,1.0,6.0,07102,TREMOLETS (Rue des),M,"44,9375200","4,8634500",7,2019,50.0,1.0,1.0,4.0,2145567,1.0,1,4,1,5.0,,-1.0, -1,1980.0,B01,138Â 303Â 697,2.0,6.0,-1.0,1638428,1.0,32,,0.0,2.0,0.0,B01,138Â 303Â 697,1.0
959990,201900001521,6,13,16:30,1,2,1,1.0,6.0,92026,SAINT DENIS BD (120 A 174 / 199 A 315),M,"48,9004230","2,2695590",92,2019,50.0,1.0,1.0,4.0,2145568,1.0,1,1,1,1.0,,-1.0,0,1992.0,A01,138Â 303Â 693,1.0,0.0,-1.0,1638429,2.0,7,,0.0,1.0,1.0,A01,138Â 303Â 693,1.0
959990,201900001521,6,13,16:30,1,2,1,1.0,6.0,92026,SAINT DENIS BD (120 A 174 / 199 A 315),M,"48,9004230","2,2695590",92,2019,50.0,1.0,1.0,4.0,2145569,10.0,3,4,2,1.0,,4.0,3,1997.0,A01,138Â 303Â 693,8.0,0.0,-1.0,1638429,2.0,7,,0.0,1.0,1.0,A01,138Â 303Â 693,1.0
959991,201900001522,8,15,15:30,1,2,2,1.0,6.0,06088,HOTEL DES POSTES (R.),M,"43,6988900","7,2694900",6,2019,50.0,1.0,1.0,4.0,2145570,1.0,1,1,1,5.0,,-1.0, -1,1968.0,A01,138Â 303Â 692,2.0,6.0,-1.0,1638430,2.0,34,,0.0,1.0,1.0,A01,138Â 303Â 692,1.0
959991,201900001522,8,15,15:30,1,2,2,1.0,6.0,06088,HOTEL DES POSTES (R.),M,"43,6988900","7,2694900",6,2019,50.0,1.0,1.0,4.0,2145571,10.0,3,4,1,5.0,,2.0,3,1928.0,A01,138Â 303Â 692,0.0,0.0,0.0,1638430,2.0,34,,0.0,1.0,1.0,A01,138Â 303Â 692,1.0
959992,201900001523,6,10,16:18,1,2,1,1.0,2.0,92026,VERDUN (DE 62 A FIN),M,"48,9003040","2,2609210",92,2019,50.0,1.0,1.0,3.0,2145572,1.0,1,1,1,0.0,,0.0,0,1990.0,B01,138Â 303Â 689,1.0,0.0,-1.0,1638431,2.0,10,,0.0,2.0,4.0,B01,138Â 303Â 689,1.0
959992,201900001523,6,10,16:18,1,2,1,1.0,2.0,92026,VERDUN (DE 62 A FIN),M,"48,9003040","2,2609210",92,2019,50.0,1.0,1.0,3.0,2145572,1.0,1,1,1,0.0,,0.0,0,1990.0,B01,138Â 303Â 689,1.0,0.0,-1.0,1638432,2.0,1,,0.0,2.0,1.0,A01,138Â 303Â 691,5.0
959992,201900001523,6,10,16:18,1,2,1,1.0,2.0,92026,VERDUN (DE 62 A FIN),M,"48,9003040","2,2609210",92,2019,50.0,1.0,1.0,3.0,2145573,1.0,1,4,1,9.0,,-1.0,0,1985.0,A01,138Â 303Â 691,8.0,0.0,-1.0,1638431,2.0,10,,0.0,2.0,4.0,B01,138Â 303Â 689,1.0
959992,201900001523,6,10,16:18,1,2,1,1.0,2.0,92026,VERDUN (DE 62 A FIN),M,"48,9003040","2,2609210",92,2019,50.0,1.0,1.0,3.0,2145573,1.0,1,4,1,9.0,,-1.0,0,1985.0,A01,138Â 303Â 691,8.0,0.0,-1.0,1638432,2.0,1,,0.0,2.0,1.0,A01,138Â 303Â 691,5.0
959993,201900001524,8,13,16:42,1,2,1,1.0,3.0,06159,PRINCESSE GRACE DE MONACO (AVENUE),M,"43,6891700","7,3070600",6,2019,50.0,1.0,1.0,7.0,2145574,1.0,1,4,1,0.0,,0.0,0,1978.0,B01,138Â 303Â 688,2.0,8.0,-1.0,1638433,2.0,34,,0.0,2.0,1.0,B01,138Â 303Â 688,1.0