Unnamed: 0_x,num_acc,mois,jour,hrmn,lum,agg,int,atm,col,com,adr,gps,lat,long,dep,annee,vma,situ,surf,catr,Unnamed: 0_y,place,catu,grav,sexe,trajet,secu,locp,actp,an_nais,num_veh_x,id_vehicule_x,secu1,secu2,secu3,Unnamed: 0,senc,catv,occutc,obs,obsm,choc,num_veh_y,id_vehicule_y,motor
959993,201900001524,8,13,16:42,1,2,1,1.0,3.0,06159,PRINCESSE GRACE DE MONACO (AVENUE),M,"43,6891700","7,3070600",6,2019,50.0,1.0,1.0,7.0,2145574,1.0,1,4,1,0.0,,0.0,0,1978.0,B01,138Â 303Â 688,2.0,8.0,-1.0,1638434,2.0,7,,0.0,2.0,8.0,A01,138Â 303Â 690,1.0
959993,201900001524,8,13,16:42,1,2,1,1.0,3.0,06159,PRINCESSE GRACE DE MONACO (AVENUE),M,"43,6891700","7,3070600",6,2019,50.0,1.0,1.0,7.0,2145575,1.0,1,1,1,0.0,,0.0,0,1996.0,A01,138Â 303Â 690,1.0,0.0,-1.0,1638433,2.0,34,,0.0,2.0,1.0,B01,138Â 303Â 688,1.0
959993,201900001524,8,13,16:42,1,2,1,1.0,3.0,06159,PRINCESSE GRACE DE MONACO (AVENUE),M,"43,6891700","7,3070600",6,2019,50.0,1.0,1.0,7.0,2145575,1.0,1,1,1,0.0,,0.0,0,1996.0,A01,138Â 303Â 690,1.0,0.0,-1.0,1638434,2.0,7,,0.0,2.0,8.0,A01,138Â 303Â 690,1.0
959994,201900001525,6,10,11:00,1,2,2,1.0,6.0,92026,PRÃSIDENT PAUL DOUMER (QUAI DU),M,"48,8901330","2,2562550",92,2019,70.0,1.0,1.0,3.0,2145576,2.0,2,4,1,0.0,,-1.0,0,1941.0,B01,138Â 303Â 684,1.0,0.0,-1.0,1638435,1.0,7,,0.0,2.0,4.0,B01,138Â 303Â 684,1.0
959994,201900001525,6,10,11:00,1,2,2,1.0,6.0,92026,PRÃSIDENT PAUL DOUMER (QUAI DU),M,"48,8901330","2,2562550",92,2019,70.0,1.0,1.0,3.0,2145576,2.0,2,4,1,0.0,,-1.0,0,1941.0,B01,138Â 303Â 684,1.0,0.0,-1.0,1638436,2.0,7,,0.0,2.0,1.0,A01,138Â 303Â 686,1.0
959994,201900001525,6,10,11:00,1,2,2,1.0,6.0,92026,PRÃSIDENT PAUL DOUMER (QUAI DU),M,"48,8901330","2,2562550",92,2019,70.0,1.0,1.0,3.0,2145577,1.0,1,4,2,0.0,,-1.0,0,1946.0,B01,138Â 303Â 684,1.0,0.0,-1.0,1638435,1.0,7,,0.0,2.0,4.0,B01,138Â 303Â 684,1.0
959994,201900001525,6,10,11:00,1,2,2,1.0,6.0,92026,PRÃSIDENT PAUL DOUMER (QUAI DU),M,"48,8901330","2,2562550",92,2019,70.0,1.0,1.0,3.0,2145577,1.0,1,4,2,0.0,,-1.0,0,1946.0,B01,138Â 303Â 684,1.0,0.0,-1.0,1638436,2.0,7,,0.0,2.0,1.0,A01,138Â 303Â 686,1.0
959994,201900001525,6,10,11:00,1,2,2,1.0,6.0,92026,PRÃSIDENT PAUL DOUMER (QUAI DU),M,"48,8901330","2,2562550",92,2019,70.0,1.0,1.0,3.0,2145578,1.0,1,4,1,0.0,,-1.0,0,1975.0,A01,138Â 303Â 686,1.0,0.0,-1.0,1638435,1.0,7,,0.0,2.0,4.0,B01,138Â 303Â 684,1.0
959994,201900001525,6,10,11:00,1,2,2,1.0,6.0,92026,PRÃSIDENT PAUL DOUMER (QUAI DU),M,"48,8901330","2,2562550",92,2019,70.0,1.0,1.0,3.0,2145578,1.0,1,4,1,0.0,,-1.0,0,1975.0,A01,138Â 303Â 686,1.0,0.0,-1.0,1638436,2.0,7,,0.0,2.0,1.0,A01,138Â 303Â 686,1.0
959995,201900001526,8,13,15:40,1,2,4,1.0,1.0,06104,PRINCE RAINIER III (AVENUE),M,"43,7543200","7,4345220",6,2019,50.0,1.0,1.0,3.0,2145579,1.0,1,1,1,1.0,,0.0,0,1989.0,A01,138Â 303Â 685,1.0,5.0,-1.0,1638437,2.0,7,,0.0,2.0,5.0,A01,138Â 303Â 685,1.0
959995,201900001526,8,13,15:40,1,2,4,1.0,1.0,06104,PRINCE RAINIER III (AVENUE),M,"43,7543200","7,4345220",6,2019,50.0,1.0,1.0,3.0,2145579,1.0,1,1,1,1.0,,0.0,0,1989.0,A01,138Â 303Â 685,1.0,5.0,-1.0,1638438,2.0,33,,0.0,2.0,1.0,B01,138Â 303Â 687,1.0
959995,201900001526,8,13,15:40,1,2,4,1.0,1.0,06104,PRINCE RAINIER III (AVENUE),M,"43,7543200","7,4345220",6,2019,50.0,1.0,1.0,3.0,2145580,1.0,1,4,1,1.0,,0.0,0,1996.0,B01,138Â 303Â 687,2.0,6.0,-1.0,1638437,2.0,7,,0.0,2.0,5.0,A01,138Â 303Â 685,1.0
959995,201900001526,8,13,15:40,1,2,4,1.0,1.0,06104,PRINCE RAINIER III (AVENUE),M,"43,7543200","7,4345220",6,2019,50.0,1.0,1.0,3.0,2145580,1.0,1,4,1,1.0,,0.0,0,1996.0,B01,138Â 303Â 687,2.0,6.0,-1.0,1638438,2.0,33,,0.0,2.0,1.0,B01,138Â 303Â 687,1.0
959996,201900001527,6,9,20:00,1,2,9,1.0,4.0,92026,COLOMBES,M,"48,8997170","2,2564660",92,2019,50.0,1.0,1.0,3.0,2145581,1.0,1,1,2,5.0,,-1.0,0,1987.0,A01,138Â 303Â 679,1.0,0.0,-1.0,1638439,1.0,7,,0.0,2.0,1.0,A01,138Â 303Â 679,1.0
959996,201900001527,6,9,20:00,1,2,9,1.0,4.0,92026,COLOMBES,M,"48,8997170","2,2564660",92,2019,50.0,1.0,1.0,3.0,2145581,1.0,1,1,2,5.0,,-1.0,0,1987.0,A01,138Â 303Â 679,1.0,0.0,-1.0,1638440,1.0,7,,0.0,2.0,4.0,B01,138Â 303Â 680,1.0
959996,201900001527,6,9,20:00,1,2,9,1.0,4.0,92026,COLOMBES,M,"48,8997170","2,2564660",92,2019,50.0,1.0,1.0,3.0,2145581,1.0,1,1,2,5.0,,-1.0,0,1987.0,A01,138Â 303Â 679,1.0,0.0,-1.0,1638441,1.0,7,,0.0,2.0,4.0,C01,138Â 303Â 682,1.0
959996,201900001527,6,9,20:00,1,2,9,1.0,4.0,92026,COLOMBES,M,"48,8997170","2,2564660",92,2019,50.0,1.0,1.0,3.0,2145582,3.0,2,1,2,0.0,,-1.0,0,2003.0,B01,138Â 303Â 680,1.0,0.0,-1.0,1638439,1.0,7,,0.0,2.0,1.0,A01,138Â 303Â 679,1.0
959996,201900001527,6,9,20:00,1,2,9,1.0,4.0,92026,COLOMBES,M,"48,8997170","2,2564660",92,2019,50.0,1.0,1.0,3.0,2145582,3.0,2,1,2,0.0,,-1.0,0,2003.0,B01,138Â 303Â 680,1.0,0.0,-1.0,1638440,1.0,7,,0.0,2.0,4.0,B01,138Â 303Â 680,1.0
959996,201900001527,6,9,20:00,1,2,9,1.0,4.0,92026,COLOMBES,M,"48,8997170","2,2564660",92,2019,50.0,1.0,1.0,3.0,2145582,3.0,2,1,2,0.0,,-1.0,0,2003.0,B01,138Â 303Â 680,1.0,0.0,-1.0,1638441,1.0,7,,0.0,2.0,4.0,C01,138Â 303Â 682,1.0
959996,201900001527,6,9,20:00,1,2,9,1.0,4.0,92026,COLOMBES,M,"48,8997170","2,2564660",92,2019,50.0,1.0,1.0,3.0,2145583,1.0,1,1,1,5.0,,-1.0,0,1970.0,B01,138Â 303Â 680,1.0,0.0,-1.0,1638439,1.0,7,,0.0,2.0,1.0,A01,138Â 303Â 679,1.0
959996,201900001527,6,9,20:00,1,2,9,1.0,4.0,92026,COLOMBES,M,"48,8997170","2,2564660",92,2019,50.0,1.0,1.0,3.0,2145583,1.0,1,1,1,5.0,,-1.0,0,1970.0,B01,138Â 303Â 680,1.0,0.0,-1.0,1638440,1.0,7,,0.0,2.0,4.0,B01,138Â 303Â 680,1.0
959996,201900001527,6,9,20:00,1,2,9,1.0,4.0,92026,COLOMBES,M,"48,8997170","2,2564660",92,2019,50.0,1.0,1.0,3.0,2145583,1.0,1,1,1,5.0,,-1.0,0,1970.0,B01,138Â 303Â 680,1.0,0.0,-1.0,1638441,1.0,7,,0.0,2.0,4.0,C01,138Â 303Â 682,1.0
959996,201900001527,6,9,20:00,1,2,9,1.0,4.0,92026,COLOMBES,M,"48,8997170","2,2564660",92,2019,50.0,1.0,1.0,3.0,2145584,2.0,2,1,2,0.0,,-1.0,0,1988.0,B01,138Â 303Â 680,1.0,0.0,-1.0,1638439,1.0,7,,0.0,2.0,1.0,A01,138Â 303Â 679,1.0
959996,201900001527,6,9,20:00,1,2,9,1.0,4.0,92026,COLOMBES,M,"48,8997170","2,2564660",92,2019,50.0,1.0,1.0,3.0,2145584,2.0,2,1,2,0.0,,-1.0,0,1988.0,B01,138Â 303Â 680,1.0,0.0,-1.0,1638440,1.0,7,,0.0,2.0,4.0,B01,138Â 303Â 680,1.0
959996,201900001527,6,9,20:00,1,2,9,1.0,4.0,92026,COLOMBES,M,"48,8997170","2,2564660",92,2019,50.0,1.0,1.0,3.0,2145584,2.0,2,1,2,0.0,,-1.0,0,1988.0,B01,138Â 303Â 680,1.0,0.0,-1.0,1638441,1.0,7,,0.0,2.0,4.0,C01,138Â 303Â 682,1.0
959996,201900001527,6,9,20:00,1,2,9,1.0,4.0,92026,COLOMBES,M,"48,8997170","2,2564660",92,2019,50.0,1.0,1.0,3.0,2145585,4.0,2,1,2,0.0,,-1.0,0,2006.0,B01,138Â 303Â 680,1.0,0.0,-1.0,1638439,1.0,7,,0.0,2.0,1.0,A01,138Â 303Â 679,1.0
959996,201900001527,6,9,20:00,1,2,9,1.0,4.0,92026,COLOMBES,M,"48,8997170","2,2564660",92,2019,50.0,1.0,1.0,3.0,2145585,4.0,2,1,2,0.0,,-1.0,0,2006.0,B01,138Â 303Â 680,1.0,0.0,-1.0,1638440,1.0,7,,0.0,2.0,4.0,B01,138Â 303Â 680,1.0
959996,201900001527,6,9,20:00,1,2,9,1.0,4.0,92026,COLOMBES,M,"48,8997170","2,2564660",92,2019,50.0,1.0,1.0,3.0,2145585,4.0,2,1,2,0.0,,-1.0,0,2006.0,B01,138Â 303Â 680,1.0,0.0,-1.0,1638441,1.0,7,,0.0,2.0,4.0,C01,138Â 303Â 682,1.0
959996,201900001527,6,9,20:00,1,2,9,1.0,4.0,92026,COLOMBES,M,"48,8997170","2,2564660",92,2019,50.0,1.0,1.0,3.0,2145586,6.0,2,4,1,0.0,,-1.0,0,2010.0,B01,138Â 303Â 680,1.0,0.0,-1.0,1638439,1.0,7,,0.0,2.0,1.0,A01,138Â 303Â 679,1.0
959996,201900001527,6,9,20:00,1,2,9,1.0,4.0,92026,COLOMBES,M,"48,8997170","2,2564660",92,2019,50.0,1.0,1.0,3.0,2145586,6.0,2,4,1,0.0,,-1.0,0,2010.0,B01,138Â 303Â 680,1.0,0.0,-1.0,1638440,1.0,7,,0.0,2.0,4.0,B01,138Â 303Â 680,1.0
959996,201900001527,6,9,20:00,1,2,9,1.0,4.0,92026,COLOMBES,M,"48,8997170","2,2564660",92,2019,50.0,1.0,1.0,3.0,2145586,6.0,2,4,1,0.0,,-1.0,0,2010.0,B01,138Â 303Â 680,1.0,0.0,-1.0,1638441,1.0,7,,0.0,2.0,4.0,C01,138Â 303Â 682,1.0
959996,201900001527,6,9,20:00,1,2,9,1.0,4.0,92026,COLOMBES,M,"48,8997170","2,2564660",92,2019,50.0,1.0,1.0,3.0,2145587,2.0,2,1,2,0.0,,-1.0,0,1991.0,C01,138Â 303Â 682,1.0,0.0,-1.0,1638439,1.0,7,,0.0,2.0,1.0,A01,138Â 303Â 679,1.0
959996,201900001527,6,9,20:00,1,2,9,1.0,4.0,92026,COLOMBES,M,"48,8997170","2,2564660",92,2019,50.0,1.0,1.0,3.0,2145587,2.0,2,1,2,0.0,,-1.0,0,1991.0,C01,138Â 303Â 682,1.0,0.0,-1.0,1638440,1.0,7,,0.0,2.0,4.0,B01,138Â 303Â 680,1.0
959996,201900001527,6,9,20:00,1,2,9,1.0,4.0,92026,COLOMBES,M,"48,8997170","2,2564660",92,2019,50.0,1.0,1.0,3.0,2145587,2.0,2,1,2,0.0,,-1.0,0,1991.0,C01,138Â 303Â 682,1.0,0.0,-1.0,1638441,1.0,7,,0.0,2.0,4.0,C01,138Â 303Â 682,1.0
959996,201900001527,6,9,20:00,1,2,9,1.0,4.0,92026,COLOMBES,M,"48,8997170","2,2564660",92,2019,50.0,1.0,1.0,3.0,2145588,1.0,1,1,1,0.0,,-1.0,0,1987.0,C01,138Â 303Â 682,1.0,0.0,-1.0,1638439,1.0,7,,0.0,2.0,1.0,A01,138Â 303Â 679,1.0
959996,201900001527,6,9,20:00,1,2,9,1.0,4.0,92026,COLOMBES,M,"48,8997170","2,2564660",92,2019,50.0,1.0,1.0,3.0,2145588,1.0,1,1,1,0.0,,-1.0,0,1987.0,C01,138Â 303Â 682,1.0,0.0,-1.0,1638440,1.0,7,,0.0,2.0,4.0,B01,138Â 303Â 680,1.0
959996,201900001527,6,9,20:00,1,2,9,1.0,4.0,92026,COLOMBES,M,"48,8997170","2,2564660",92,2019,50.0,1.0,1.0,3.0,2145588,1.0,1,1,1,0.0,,-1.0,0,1987.0,C01,138Â 303Â 682,1.0,0.0,-1.0,1638441,1.0,7,,0.0,2.0,4.0,C01,138Â 303Â 682,1.0
959997,201900001528,5,25,08:15,1,2,2,1.0,3.0,92026,PRÃSIDENT PAUL DOUMER (QUAI DU),M,"48,8900800","2,2562600",92,2019,50.0,1.0,1.0,4.0,2145589,1.0,1,1,1,0.0,,-1.0,0,1963.0,A01,138Â 303Â 677,1.0,0.0,-1.0,1638442,1.0,7,,0.0,2.0,7.0,A01,138Â 303Â 677,1.0
959997,201900001528,5,25,08:15,1,2,2,1.0,3.0,92026,PRÃSIDENT PAUL DOUMER (QUAI DU),M,"48,8900800","2,2562600",92,2019,50.0,1.0,1.0,4.0,2145589,1.0,1,1,1,0.0,,-1.0,0,1963.0,A01,138Â 303Â 677,1.0,0.0,-1.0,1638443,2.0,7,,0.0,2.0,1.0,B01,138Â 303Â 678,1.0
959997,201900001528,5,25,08:15,1,2,2,1.0,3.0,92026,PRÃSIDENT PAUL DOUMER (QUAI DU),M,"48,8900800","2,2562600",92,2019,50.0,1.0,1.0,4.0,2145590,1.0,1,1,1,4.0,,-1.0,0,1993.0,B01,138Â 303Â 678,1.0,0.0,-1.0,1638442,1.0,7,,0.0,2.0,7.0,A01,138Â 303Â 677,1.0
959997,201900001528,5,25,08:15,1,2,2,1.0,3.0,92026,PRÃSIDENT PAUL DOUMER (QUAI DU),M,"48,8900800","2,2562600",92,2019,50.0,1.0,1.0,4.0,2145590,1.0,1,1,1,4.0,,-1.0,0,1993.0,B01,138Â 303Â 678,1.0,0.0,-1.0,1638443,2.0,7,,0.0,2.0,1.0,B01,138Â 303Â 678,1.0
959997,201900001528,5,25,08:15,1,2,2,1.0,3.0,92026,PRÃSIDENT PAUL DOUMER (QUAI DU),M,"48,8900800","2,2562600",92,2019,50.0,1.0,1.0,4.0,2145591,2.0,2,4,1,4.0,,-1.0,0,1992.0,B01,138Â 303Â 678,1.0,0.0,-1.0,1638442,1.0,7,,0.0,2.0,7.0,A01,138Â 303Â 677,1.0
959997,201900001528,5,25,08:15,1,2,2,1.0,3.0,92026,PRÃSIDENT PAUL DOUMER (QUAI DU),M,"48,8900800","2,2562600",92,2019,50.0,1.0,1.0,4.0,2145591,2.0,2,4,1,4.0,,-1.0,0,1992.0,B01,138Â 303Â 678,1.0,0.0,-1.0,1638443,2.0,7,,0.0,2.0,1.0,B01,138Â 303Â 678,1.0
959997,201900001528,5,25,08:15,1,2,2,1.0,3.0,92026,PRÃSIDENT PAUL DOUMER (QUAI DU),M,"48,8900800","2,2562600",92,2019,50.0,1.0,1.0,4.0,2145592,4.0,2,1,1,4.0,,-1.0,0,1990.0,B01,138Â 303Â 678,1.0,0.0,-1.0,1638442,1.0,7,,0.0,2.0,7.0,A01,138Â 303Â 677,1.0
959997,201900001528,5,25,08:15,1,2,2,1.0,3.0,92026,PRÃSIDENT PAUL DOUMER (QUAI DU),M,"48,8900800","2,2562600",92,2019,50.0,1.0,1.0,4.0,2145592,4.0,2,1,1,4.0,,-1.0,0,1990.0,B01,138Â 303Â 678,1.0,0.0,-1.0,1638443,2.0,7,,0.0,2.0,1.0,B01,138Â 303Â 678,1.0
959998,201900001529,6,5,13:50,1,2,1,3.0,6.0,92026,VERDUN (DE 62 A FIN),M,"48,9003760","2,2608520",92,2019,50.0,1.0,2.0,3.0,2145593,10.0,3,4,2,9.0,,3.0,3,1993.0,A01,138Â 303Â 676,8.0,0.0,-1.0,1638444,3.0,32,,0.0,1.0,1.0,A01,138Â 303Â 676,1.0
959998,201900001529,6,5,13:50,1,2,1,3.0,6.0,92026,VERDUN (DE 62 A FIN),M,"48,9003760","2,2608520",92,2019,50.0,1.0,2.0,3.0,2145594,1.0,1,1,1,0.0,,-1.0,0,1974.0,A01,138Â 303Â 676,2.0,0.0,-1.0,1638444,3.0,32,,0.0,1.0,1.0,A01,138Â 303Â 676,1.0
959999,201900001530,8,13,22:30,5,2,9,1.0,1.0,06069,DUVAL (AVENUE MATHIAS),M,"43,6515800","6,9222100",6,2019,50.0,1.0,1.0,3.0,2145595,1.0,1,1,2,5.0,,0.0,0,1998.0,A01,138Â 303Â 681,1.0,0.0,-1.0,1638445,3.0,7,,0.0,2.0,1.0,A01,138Â 303Â 681,1.0
959999,201900001530,8,13,22:30,5,2,9,1.0,1.0,06069,DUVAL (AVENUE MATHIAS),M,"43,6515800","6,9222100",6,2019,50.0,1.0,1.0,3.0,2145595,1.0,1,1,2,5.0,,0.0,0,1998.0,A01,138Â 303Â 681,1.0,0.0,-1.0,1638446,3.0,30,,0.0,2.0,1.0,B01,138Â 303Â 683,3.0
959999,201900001530,8,13,22:30,5,2,9,1.0,1.0,06069,DUVAL (AVENUE MATHIAS),M,"43,6515800","6,9222100",6,2019,50.0,1.0,1.0,3.0,2145596,1.0,1,3,1,4.0,,0.0,0,1999.0,B01,138Â 303Â 683,2.0,0.0,-1.0,1638445,3.0,7,,0.0,2.0,1.0,A01,138Â 303Â 681,1.0
959999,201900001530,8,13,22:30,5,2,9,1.0,1.0,06069,DUVAL (AVENUE MATHIAS),M,"43,6515800","6,9222100",6,2019,50.0,1.0,1.0,3.0,2145596,1.0,1,3,1,4.0,,0.0,0,1999.0,B01,138Â 303Â 683,2.0,0.0,-1.0,1638446,3.0,30,,0.0,2.0,1.0,B01,138Â 303Â 683,3.0
960000,201900001531,6,4,20:10,1,2,1,1.0,6.0,92026,ARISTIDE BRIAND,M,"48,8997100","2,2588400",92,2019,50.0,1.0,1.0,4.0,2145597,10.0,3,4,2,5.0,,3.0,3,2006.0,A01,138Â 303Â 675,8.0,0.0,-1.0,1638447,1.0,7,,0.0,1.0,2.0,A01,138Â 303Â 675,1.0
960000,201900001531,6,4,20:10,1,2,1,1.0,6.0,92026,ARISTIDE BRIAND,M,"48,8997100","2,2588400",92,2019,50.0,1.0,1.0,4.0,2145598,1.0,1,1,1,3.0,,-1.0,0,1937.0,A01,138Â 303Â 675,1.0,0.0,-1.0,1638447,1.0,7,,0.0,1.0,2.0,A01,138Â 303Â 675,1.0
960000,201900001531,6,4,20:10,1,2,1,1.0,6.0,92026,ARISTIDE BRIAND,M,"48,8997100","2,2588400",92,2019,50.0,1.0,1.0,4.0,2145599,2.0,2,1,2,3.0,,-1.0,0,1947.0,A01,138Â 303Â 675,1.0,0.0,-1.0,1638447,1.0,7,,0.0,1.0,2.0,A01,138Â 303Â 675,1.0
960001,201900001532,8,14,19:13,1,2,1,1.0,3.0,06029,JOURDAN (AVENUE MICHEL),M,"43,5556756","6,9702699",6,2019,50.0,1.0,1.0,4.0,2145600,1.0,1,3,1,5.0,,0.0,0,2000.0,B01,138Â 303Â 673,2.0,6.0,-1.0,1638448,3.0,30,,0.0,2.0,3.0,B01,138Â 303Â 673,1.0
960001,201900001532,8,14,19:13,1,2,1,1.0,3.0,06029,JOURDAN (AVENUE MICHEL),M,"43,5556756","6,9702699",6,2019,50.0,1.0,1.0,4.0,2145600,1.0,1,3,1,5.0,,0.0,0,2000.0,B01,138Â 303Â 673,2.0,6.0,-1.0,1638449,2.0,7,,0.0,2.0,3.0,A01,138Â 303Â 674,1.0
960001,201900001532,8,14,19:13,1,2,1,1.0,3.0,06029,JOURDAN (AVENUE MICHEL),M,"43,5556756","6,9702699",6,2019,50.0,1.0,1.0,4.0,2145601,1.0,1,1,1,5.0,,-1.0, -1,1937.0,A01,138Â 303Â 674,1.0,0.0,-1.0,1638448,3.0,30,,0.0,2.0,3.0,B01,138Â 303Â 673,1.0
960001,201900001532,8,14,19:13,1,2,1,1.0,3.0,06029,JOURDAN (AVENUE MICHEL),M,"43,5556756","6,9702699",6,2019,50.0,1.0,1.0,4.0,2145601,1.0,1,1,1,5.0,,-1.0, -1,1937.0,A01,138Â 303Â 674,1.0,0.0,-1.0,1638449,2.0,7,,0.0,2.0,3.0,A01,138Â 303Â 674,1.0
960002,201900001533,5,31,20:00,1,2,1,1.0,6.0,92026,SAINT-DENIS BD (120 A 174 / DE 199 A 315,M,"48,9000000","2,2760000",92,2019,50.0,1.0,1.0,3.0,2145602,1.0,1,3,1,0.0,,-1.0,0,1997.0,A01,138Â 303Â 672,8.0,8.0,-1.0,1638450,2.0,30,,15.0,0.0,1.0,A01,138Â 303Â 672,0.0
960003,201900001534,8,16,07:10,1,2,1,1.0,3.0,06027,CANNES AVENUE DE (RN7),M,"43,6541802","7,1481105",6,2019,50.0,1.0,1.0,7.0,2145603,1.0,1,4,1,1.0,,0.0,0,1963.0,B01,138Â 303Â 669,2.0,6.0,-1.0,1638451,2.0,33,,0.0,2.0,1.0,B01,138Â 303Â 669,1.0
960003,201900001534,8,16,07:10,1,2,1,1.0,3.0,06027,CANNES AVENUE DE (RN7),M,"43,6541802","7,1481105",6,2019,50.0,1.0,1.0,7.0,2145603,1.0,1,4,1,1.0,,0.0,0,1963.0,B01,138Â 303Â 669,2.0,6.0,-1.0,1638452,1.0,10,,0.0,2.0,8.0,A01,138Â 303Â 671,1.0
960003,201900001534,8,16,07:10,1,2,1,1.0,3.0,06027,CANNES AVENUE DE (RN7),M,"43,6541802","7,1481105",6,2019,50.0,1.0,1.0,7.0,2145604,1.0,1,1,1,4.0,,0.0,0,1970.0,A01,138Â 303Â 671,8.0,0.0,-1.0,1638451,2.0,33,,0.0,2.0,1.0,B01,138Â 303Â 669,1.0
960003,201900001534,8,16,07:10,1,2,1,1.0,3.0,06027,CANNES AVENUE DE (RN7),M,"43,6541802","7,1481105",6,2019,50.0,1.0,1.0,7.0,2145604,1.0,1,1,1,4.0,,0.0,0,1970.0,A01,138Â 303Â 671,8.0,0.0,-1.0,1638452,1.0,10,,0.0,2.0,8.0,A01,138Â 303Â 671,1.0
960004,201900001535,5,30,17:30,1,2,1,1.0,3.0,92026,PRÃSIDENT PAUL DOUMER (QUAI DU),M,"48,8913430","2,2578360",92,2019,50.0,1.0,1.0,3.0,2145605,1.0,1,1,1,0.0,,-1.0,0,1991.0,A01,138Â 303Â 668,1.0,0.0,-1.0,1638453,2.0,7,,0.0,2.0,3.0,A01,138Â 303Â 668,1.0
960004,201900001535,5,30,17:30,1,2,1,1.0,3.0,92026,PRÃSIDENT PAUL DOUMER (QUAI DU),M,"48,8913430","2,2578360",92,2019,50.0,1.0,1.0,3.0,2145605,1.0,1,1,1,0.0,,-1.0,0,1991.0,A01,138Â 303Â 668,1.0,0.0,-1.0,1638454,2.0,33,,0.0,2.0,2.0,B01,138Â 303Â 670,1.0
960004,201900001535,5,30,17:30,1,2,1,1.0,3.0,92026,PRÃSIDENT PAUL DOUMER (QUAI DU),M,"48,8913430","2,2578360",92,2019,50.0,1.0,1.0,3.0,2145606,2.0,2,1,2,0.0,,-1.0,0,1992.0,A01,138Â 303Â 668,1.0,0.0,-1.0,1638453,2.0,7,,0.0,2.0,3.0,A01,138Â 303Â 668,1.0
960004,201900001535,5,30,17:30,1,2,1,1.0,3.0,92026,PRÃSIDENT PAUL DOUMER (QUAI DU),M,"48,8913430","2,2578360",92,2019,50.0,1.0,1.0,3.0,2145606,2.0,2,1,2,0.0,,-1.0,0,1992.0,A01,138Â 303Â 668,1.0,0.0,-1.0,1638454,2.0,33,,0.0,2.0,2.0,B01,138Â 303Â 670,1.0
960004,201900001535,5,30,17:30,1,2,1,1.0,3.0,92026,PRÃSIDENT PAUL DOUMER (QUAI DU),M,"48,8913430","2,2578360",92,2019,50.0,1.0,1.0,3.0,2145607,1.0,1,4,1,5.0,,-1.0,0,1979.0,B01,138Â 303Â 670,2.0,6.0,-1.0,1638453,2.0,7,,0.0,2.0,3.0,A01,138Â 303Â 668,1.0
960004,201900001535,5,30,17:30,1,2,1,1.0,3.0,92026,PRÃSIDENT PAUL DOUMER (QUAI DU),M,"48,8913430","2,2578360",92,2019,50.0,1.0,1.0,3.0,2145607,1.0,1,4,1,5.0,,-1.0,0,1979.0,B01,138Â 303Â 670,2.0,6.0,-1.0,1638454,2.0,33,,0.0,2.0,2.0,B01,138Â 303Â 670,1.0
960005,201900001536,8,10,11:53,1,2,1,1.0,2.0,06027,PLAGE BOULEVARD DE LA,M,"43,6469641","7,1478721",6,2019,50.0,1.0,1.0,7.0,2145608,1.0,1,1,1,9.0,,0.0,0,1949.0,A01,138Â 303Â 666,1.0,0.0,-1.0,1638455,1.0,7,,0.0,2.0,4.0,A01,138Â 303Â 666,1.0
960005,201900001536,8,10,11:53,1,2,1,1.0,2.0,06027,PLAGE BOULEVARD DE LA,M,"43,6469641","7,1478721",6,2019,50.0,1.0,1.0,7.0,2145608,1.0,1,1,1,9.0,,0.0,0,1949.0,A01,138Â 303Â 666,1.0,0.0,-1.0,1638456,1.0,31,,0.0,2.0,1.0,B01,138Â 303Â 667,1.0
960005,201900001536,8,10,11:53,1,2,1,1.0,2.0,06027,PLAGE BOULEVARD DE LA,M,"43,6469641","7,1478721",6,2019,50.0,1.0,1.0,7.0,2145609,1.0,1,3,1,9.0,,0.0,0,1989.0,B01,138Â 303Â 667,2.0,0.0,-1.0,1638455,1.0,7,,0.0,2.0,4.0,A01,138Â 303Â 666,1.0
960005,201900001536,8,10,11:53,1,2,1,1.0,2.0,06027,PLAGE BOULEVARD DE LA,M,"43,6469641","7,1478721",6,2019,50.0,1.0,1.0,7.0,2145609,1.0,1,3,1,9.0,,0.0,0,1989.0,B01,138Â 303Â 667,2.0,0.0,-1.0,1638456,1.0,31,,0.0,2.0,1.0,B01,138Â 303Â 667,1.0
960006,201900001537,6,11,11:45,1,2,1,1.0,6.0,92025,MARECHAL JOFFRE (RUE DU),M,"48,9244000","2,2630000",92,2019,50.0,1.0,1.0,4.0,2145610,1.0,1,1,1,9.0,,-1.0,0,1987.0,A01,138Â 303Â 665,1.0,0.0,-1.0,1638457,3.0,7,,0.0,1.0,3.0,A01,138Â 303Â 665,1.0
960006,201900001537,6,11,11:45,1,2,1,1.0,6.0,92025,MARECHAL JOFFRE (RUE DU),M,"48,9244000","2,2630000",92,2019,50.0,1.0,1.0,4.0,2145611,10.0,3,4,1,9.0,,2.0,3,1974.0,A01,138Â 303Â 665,8.0,0.0,-1.0,1638457,3.0,7,,0.0,1.0,3.0,A01,138Â 303Â 665,1.0
960007,201900001538,6,13,21:10,1,2,1,1.0,3.0,92025,GABRIEL PERI (RUE),M,"48,9232400","2,2523900",92,2019,50.0,1.0,1.0,3.0,2145612,1.0,1,4,1,9.0,,-1.0,0,1981.0,A01,138Â 303Â 661,2.0,0.0,-1.0,1638458,3.0,2,,0.0,2.0,1.0,A01,138Â 303Â 661,1.0
960007,201900001538,6,13,21:10,1,2,1,1.0,3.0,92025,GABRIEL PERI (RUE),M,"48,9232400","2,2523900",92,2019,50.0,1.0,1.0,3.0,2145612,1.0,1,4,1,9.0,,-1.0,0,1981.0,A01,138Â 303Â 661,2.0,0.0,-1.0,1638459,3.0,32,,0.0,2.0,0.0,B01,138Â 303Â 662,1.0