Unnamed: 0_x,num_acc,mois,jour,hrmn,lum,agg,int,atm,col,com,adr,gps,lat,long,dep,annee,vma,situ,surf,catr,Unnamed: 0_y,place,catu,grav,sexe,trajet,secu,locp,actp,an_nais,num_veh_x,id_vehicule_x,secu1,secu2,secu3,Unnamed: 0,senc,catv,occutc,obs,obsm,choc,num_veh_y,id_vehicule_y,motor
960007,201900001538,6,13,21:10,1,2,1,1.0,3.0,92025,GABRIEL PERI (RUE),M,"48,9232400","2,2523900",92,2019,50.0,1.0,1.0,3.0,2145613,1.0,1,4,1,9.0,,-1.0,0,1996.0,B01,138Â 303Â 662,2.0,0.0,-1.0,1638458,3.0,2,,0.0,2.0,1.0,A01,138Â 303Â 661,1.0
960007,201900001538,6,13,21:10,1,2,1,1.0,3.0,92025,GABRIEL PERI (RUE),M,"48,9232400","2,2523900",92,2019,50.0,1.0,1.0,3.0,2145613,1.0,1,4,1,9.0,,-1.0,0,1996.0,B01,138Â 303Â 662,2.0,0.0,-1.0,1638459,3.0,32,,0.0,2.0,0.0,B01,138Â 303Â 662,1.0
960008,201900001539,8,13,14:50,1,2,1,1.0,6.0,06004,GRASSE RTE DE,M,"43,6015600","7,0843260",6,2019,50.0,1.0,1.0,3.0,2145614,1.0,1,1,2,3.0,,0.0,0,1934.0,A01,138Â 303Â 660,1.0,8.0,-1.0,1638460,1.0,7,,0.0,1.0,1.0,A01,138Â 303Â 660,1.0
960008,201900001539,8,13,14:50,1,2,1,1.0,6.0,06004,GRASSE RTE DE,M,"43,6015600","7,0843260",6,2019,50.0,1.0,1.0,3.0,2145615,10.0,3,3,2,5.0,,3.0,3,1944.0,A01,138Â 303Â 660,8.0,0.0,-1.0,1638460,1.0,7,,0.0,1.0,1.0,A01,138Â 303Â 660,1.0
960009,201900001540,6,12,17:55,1,2,1,2.0,3.0,92025,EDGARD QUINET (BD),M,"48,9234000","2,2493600",92,2019,50.0,1.0,2.0,4.0,2145616,2.0,2,4,2,0.0,,-1.0,0,2010.0,A01,138Â 303Â 658,2.0,0.0,-1.0,1638461,3.0,30,,0.0,2.0,2.0,A01,138Â 303Â 658,1.0
960009,201900001540,6,12,17:55,1,2,1,2.0,3.0,92025,EDGARD QUINET (BD),M,"48,9234000","2,2493600",92,2019,50.0,1.0,2.0,4.0,2145616,2.0,2,4,2,0.0,,-1.0,0,2010.0,A01,138Â 303Â 658,2.0,0.0,-1.0,1638462,3.0,7,,0.0,2.0,3.0,B01,138Â 303Â 659,1.0
960009,201900001540,6,12,17:55,1,2,1,2.0,3.0,92025,EDGARD QUINET (BD),M,"48,9234000","2,2493600",92,2019,50.0,1.0,2.0,4.0,2145617,1.0,1,4,1,0.0,,-1.0,0,1994.0,A01,138Â 303Â 658,2.0,6.0,-1.0,1638461,3.0,30,,0.0,2.0,2.0,A01,138Â 303Â 658,1.0
960009,201900001540,6,12,17:55,1,2,1,2.0,3.0,92025,EDGARD QUINET (BD),M,"48,9234000","2,2493600",92,2019,50.0,1.0,2.0,4.0,2145617,1.0,1,4,1,0.0,,-1.0,0,1994.0,A01,138Â 303Â 658,2.0,6.0,-1.0,1638462,3.0,7,,0.0,2.0,3.0,B01,138Â 303Â 659,1.0
960009,201900001540,6,12,17:55,1,2,1,2.0,3.0,92025,EDGARD QUINET (BD),M,"48,9234000","2,2493600",92,2019,50.0,1.0,2.0,4.0,2145618,1.0,1,1,2,1.0,,-1.0,0,1986.0,B01,138Â 303Â 659,1.0,0.0,-1.0,1638461,3.0,30,,0.0,2.0,2.0,A01,138Â 303Â 658,1.0
960009,201900001540,6,12,17:55,1,2,1,2.0,3.0,92025,EDGARD QUINET (BD),M,"48,9234000","2,2493600",92,2019,50.0,1.0,2.0,4.0,2145618,1.0,1,1,2,1.0,,-1.0,0,1986.0,B01,138Â 303Â 659,1.0,0.0,-1.0,1638462,3.0,7,,0.0,2.0,3.0,B01,138Â 303Â 659,1.0
960010,201900001541,8,13,07:37,1,2,1,1.0,6.0,06004,VAUTRIN BD DU GENERAL,M,"43,5874297","7,1191105",6,2019,30.0,1.0,1.0,3.0,2145619,10.0,3,3,2,0.0,,2.0,1,1968.0,A01,138Â 303Â 657,8.0,0.0,-1.0,1638463,3.0,38,1.0,0.0,1.0,5.0,A01,138Â 303Â 657,0.0
960010,201900001541,8,13,07:37,1,2,1,1.0,6.0,06004,VAUTRIN BD DU GENERAL,M,"43,5874297","7,1191105",6,2019,30.0,1.0,1.0,3.0,2145620,1.0,1,1,1,4.0,,0.0,0,1958.0,A01,138Â 303Â 657,1.0,0.0,-1.0,1638463,3.0,38,1.0,0.0,1.0,5.0,A01,138Â 303Â 657,0.0
960011,201900001542,6,10,20:30,1,2,1,1.0,3.0,92025,STALINGRAD (AV DE),M,"48,9310060","2,2671850",92,2019,50.0,1.0,1.0,3.0,2145621,1.0,1,4,1,0.0,,-1.0,0,1977.0,B01,138Â 303Â 655,2.0,0.0,-1.0,1638464,2.0,34,,0.0,2.0,1.0,B01,138Â 303Â 655,1.0
960011,201900001542,6,10,20:30,1,2,1,1.0,3.0,92025,STALINGRAD (AV DE),M,"48,9310060","2,2671850",92,2019,50.0,1.0,1.0,3.0,2145621,1.0,1,4,1,0.0,,-1.0,0,1977.0,B01,138Â 303Â 655,2.0,0.0,-1.0,1638465,2.0,7,,0.0,2.0,2.0,A01,138Â 303Â 656,1.0
960011,201900001542,6,10,20:30,1,2,1,1.0,3.0,92025,STALINGRAD (AV DE),M,"48,9310060","2,2671850",92,2019,50.0,1.0,1.0,3.0,2145622,1.0,1,1,1,0.0,,-1.0,0,1976.0,A01,138Â 303Â 656,1.0,0.0,-1.0,1638464,2.0,34,,0.0,2.0,1.0,B01,138Â 303Â 655,1.0
960011,201900001542,6,10,20:30,1,2,1,1.0,3.0,92025,STALINGRAD (AV DE),M,"48,9310060","2,2671850",92,2019,50.0,1.0,1.0,3.0,2145622,1.0,1,1,1,0.0,,-1.0,0,1976.0,A01,138Â 303Â 656,1.0,0.0,-1.0,1638465,2.0,7,,0.0,2.0,2.0,A01,138Â 303Â 656,1.0
960012,201900001543,8,15,18:45,1,2,6,1.0,3.0,05061,EMBRUN ( AVENUE D'),M,"44,5675300","6,0972700",5,2019,50.0,1.0,1.0,2.0,2145623,1.0,1,4,1,5.0,,0.0,0,1987.0,B01,138Â 303Â 653,2.0,6.0,-1.0,1638466,2.0,33,,0.0,2.0,7.0,B01,138Â 303Â 653,1.0
960012,201900001543,8,15,18:45,1,2,6,1.0,3.0,05061,EMBRUN ( AVENUE D'),M,"44,5675300","6,0972700",5,2019,50.0,1.0,1.0,2.0,2145623,1.0,1,4,1,5.0,,0.0,0,1987.0,B01,138Â 303Â 653,2.0,6.0,-1.0,1638467,2.0,7,,0.0,2.0,3.0,A01,138Â 303Â 654,1.0
960012,201900001543,8,15,18:45,1,2,6,1.0,3.0,05061,EMBRUN ( AVENUE D'),M,"44,5675300","6,0972700",5,2019,50.0,1.0,1.0,2.0,2145624,1.0,1,1,1,5.0,,0.0,0,1942.0,A01,138Â 303Â 654,1.0,0.0,-1.0,1638466,2.0,33,,0.0,2.0,7.0,B01,138Â 303Â 653,1.0
960012,201900001543,8,15,18:45,1,2,6,1.0,3.0,05061,EMBRUN ( AVENUE D'),M,"44,5675300","6,0972700",5,2019,50.0,1.0,1.0,2.0,2145624,1.0,1,1,1,5.0,,0.0,0,1942.0,A01,138Â 303Â 654,1.0,0.0,-1.0,1638467,2.0,7,,0.0,2.0,3.0,A01,138Â 303Â 654,1.0
960013,201900001544,8,14,09:10,1,2,1,1.0,7.0,05061,GEORGES POUGET ( RUE),M,"44,5588200","6,0680700",5,2019,50.0,1.0,1.0,4.0,2145625,1.0,1,4,1,5.0,,-1.0,0,2004.0,A01,138Â 303Â 651,8.0,0.0,-1.0,1638468,2.0,1,,0.0,0.0,0.0,A01,138Â 303Â 651,5.0
960014,201900001545,8,14,08:25,1,2,1,1.0,6.0,05023,FORGUES (AVENUE DU PROF.),M,"44,9056000","6,6302000",5,2019,50.0,1.0,1.0,2.0,2145626,10.0,3,4,2,9.0,,3.0,3,1957.0,A01,138Â 303Â 649,8.0,0.0,-1.0,1638469,2.0,1,,0.0,1.0,1.0,A01,138Â 303Â 649,5.0
960014,201900001545,8,14,08:25,1,2,1,1.0,6.0,05023,FORGUES (AVENUE DU PROF.),M,"44,9056000","6,6302000",5,2019,50.0,1.0,1.0,2.0,2145627,1.0,1,1,1,1.0,,0.0,0,1991.0,A01,138Â 303Â 649,8.0,0.0,-1.0,1638469,2.0,1,,0.0,1.0,1.0,A01,138Â 303Â 649,5.0
960015,201900001546,8,4,17:10,1,2,1,1.0,7.0,02805,MOINES Rue des,M,"49,3710000","3,3564700",2,2019,50.0,1.0,1.0,4.0,2145628,1.0,1,1,1,5.0,,-1.0,0,1986.0,A01,138Â 303Â 648,2.0,6.0,-1.0,1638470,3.0,33,,15.0,0.0,1.0,A01,138Â 303Â 648,1.0
960015,201900001546,8,4,17:10,1,2,1,1.0,7.0,02805,MOINES Rue des,M,"49,3710000","3,3564700",2,2019,50.0,1.0,1.0,4.0,2145629,2.0,2,3,2,5.0,,-1.0,0,1986.0,A01,138Â 303Â 648,2.0,6.0,-1.0,1638470,3.0,33,,15.0,0.0,1.0,A01,138Â 303Â 648,1.0
960016,201900001547,6,10,16:40,1,2,1,1.0,2.0,92025,BOURNARD (RUE DU),M,"48,9230345","2,2544218",92,2019,50.0,1.0,1.0,3.0,2145630,1.0,1,4,1,0.0,,-1.0,0,1999.0,A01,138Â 303Â 650,8.0,0.0,-1.0,1638471,3.0,1,,0.0,6.0,1.0,A01,138Â 303Â 650,5.0
960016,201900001547,6,10,16:40,1,2,1,1.0,2.0,92025,BOURNARD (RUE DU),M,"48,9230345","2,2544218",92,2019,50.0,1.0,1.0,3.0,2145630,1.0,1,4,1,0.0,,-1.0,0,1999.0,A01,138Â 303Â 650,8.0,0.0,-1.0,1638472,0.0,7,,0.0,6.0,4.0,B01,138Â 303Â 652,1.0
960016,201900001547,6,10,16:40,1,2,1,1.0,2.0,92025,BOURNARD (RUE DU),M,"48,9230345","2,2544218",92,2019,50.0,1.0,1.0,3.0,2145631,1.0,1,1,2,0.0,,-1.0,0,1981.0,B01,138Â 303Â 652,1.0,0.0,-1.0,1638471,3.0,1,,0.0,6.0,1.0,A01,138Â 303Â 650,5.0
960016,201900001547,6,10,16:40,1,2,1,1.0,2.0,92025,BOURNARD (RUE DU),M,"48,9230345","2,2544218",92,2019,50.0,1.0,1.0,3.0,2145631,1.0,1,1,2,0.0,,-1.0,0,1981.0,B01,138Â 303Â 652,1.0,0.0,-1.0,1638472,0.0,7,,0.0,6.0,4.0,B01,138Â 303Â 652,1.0
960017,201900001548,6,18,15:05,1,2,1,1.0,6.0,92024,HENRI BARBUSSE (RUE) DE (73 A 139),M,"48,9009100","2,3081700",92,2019,50.0,1.0,1.0,3.0,2145632,10.0,3,4,2,5.0,,4.0,3,1966.0,A01,138Â 303Â 646,8.0,0.0,-1.0,1638473,2.0,7,,0.0,1.0,3.0,A01,138Â 303Â 646,1.0
960017,201900001548,6,18,15:05,1,2,1,1.0,6.0,92024,HENRI BARBUSSE (RUE) DE (73 A 139),M,"48,9009100","2,3081700",92,2019,50.0,1.0,1.0,3.0,2145633,1.0,1,1,1,5.0,,0.0,0,1975.0,A01,138Â 303Â 646,8.0,8.0,-1.0,1638473,2.0,7,,0.0,1.0,3.0,A01,138Â 303Â 646,1.0
960018,201900001549,6,16,17:00,1,2,2,1.0,3.0,92024,CLICHY (QUAI DE) DE (104 A 202),M,"48,9036700","2,2900900",92,2019,50.0,1.0,1.0,3.0,2145634,1.0,1,4,1,0.0,,-1.0,0,1991.0,B01,138Â 303Â 644,2.0,0.0,-1.0,1638474,1.0,32,,0.0,2.0,0.0,B01,138Â 303Â 644,0.0
960018,201900001549,6,16,17:00,1,2,2,1.0,3.0,92024,CLICHY (QUAI DE) DE (104 A 202),M,"48,9036700","2,2900900",92,2019,50.0,1.0,1.0,3.0,2145634,1.0,1,4,1,0.0,,-1.0,0,1991.0,B01,138Â 303Â 644,2.0,0.0,-1.0,1638475,1.0,7,,0.0,2.0,7.0,A01,138Â 303Â 645,1.0
960018,201900001549,6,16,17:00,1,2,2,1.0,3.0,92024,CLICHY (QUAI DE) DE (104 A 202),M,"48,9036700","2,2900900",92,2019,50.0,1.0,1.0,3.0,2145635,1.0,1,1,1,0.0,,-1.0,0,1987.0,A01,138Â 303Â 645,1.0,0.0,-1.0,1638474,1.0,32,,0.0,2.0,0.0,B01,138Â 303Â 644,0.0
960018,201900001549,6,16,17:00,1,2,2,1.0,3.0,92024,CLICHY (QUAI DE) DE (104 A 202),M,"48,9036700","2,2900900",92,2019,50.0,1.0,1.0,3.0,2145635,1.0,1,1,1,0.0,,-1.0,0,1987.0,A01,138Â 303Â 645,1.0,0.0,-1.0,1638475,1.0,7,,0.0,2.0,7.0,A01,138Â 303Â 645,1.0
960019,201900001550,6,17,09:45,1,2,1,1.0,6.0,92023,FONTENAY (RUE DE),M,"48,7972300","2,2735700",92,2019,30.0,1.0,1.0,4.0,2145636,10.0,3,4,2,2.0,,2.0,3,2005.0,A01,138Â 303Â 643,8.0,0.0,-1.0,1638476,1.0,7,,0.0,1.0,3.0,A01,138Â 303Â 643,1.0
960019,201900001550,6,17,09:45,1,2,1,1.0,6.0,92023,FONTENAY (RUE DE),M,"48,7972300","2,2735700",92,2019,30.0,1.0,1.0,4.0,2145637,1.0,1,1,1,9.0,,-1.0,0,1971.0,A01,138Â 303Â 643,1.0,0.0,-1.0,1638476,1.0,7,,0.0,1.0,3.0,A01,138Â 303Â 643,1.0
960020,201900001551,6,11,06:50,1,2,1,1.0,3.0,92060,GALILEE (AVENUE),M,"48,7814100","2,2477700",92,2019,50.0,1.0,1.0,4.0,2145638,1.0,1,4,1,4.0,,-1.0,0,1965.0,A01,138Â 303Â 641,2.0,8.0,-1.0,1638477,1.0,33,,0.0,2.0,1.0,A01,138Â 303Â 641,1.0
960020,201900001551,6,11,06:50,1,2,1,1.0,3.0,92060,GALILEE (AVENUE),M,"48,7814100","2,2477700",92,2019,50.0,1.0,1.0,4.0,2145638,1.0,1,4,1,4.0,,-1.0,0,1965.0,A01,138Â 303Â 641,2.0,8.0,-1.0,1638478,1.0,10,,0.0,2.0,3.0,B01,138Â 303Â 642,1.0
960020,201900001551,6,11,06:50,1,2,1,1.0,3.0,92060,GALILEE (AVENUE),M,"48,7814100","2,2477700",92,2019,50.0,1.0,1.0,4.0,2145639,1.0,1,1,1,4.0,,-1.0,0,1981.0,B01,138Â 303Â 642,1.0,0.0,-1.0,1638477,1.0,33,,0.0,2.0,1.0,A01,138Â 303Â 641,1.0
960020,201900001551,6,11,06:50,1,2,1,1.0,3.0,92060,GALILEE (AVENUE),M,"48,7814100","2,2477700",92,2019,50.0,1.0,1.0,4.0,2145639,1.0,1,1,1,4.0,,-1.0,0,1981.0,B01,138Â 303Â 642,1.0,0.0,-1.0,1638478,1.0,10,,0.0,2.0,3.0,B01,138Â 303Â 642,1.0
960021,201900001552,6,6,08:40,1,2,1,1.0,3.0,92023,PORTE DE TRIVAUX (RUE DE) NÂ°57 A 197 ET,M,"48,7871400","2,2466000",92,2019,50.0,1.0,1.0,3.0,2145640,1.0,1,4,2,4.0,,-1.0,0,1965.0,A01,138Â 303Â 639,2.0,8.0,-1.0,1638479,2.0,30,,0.0,2.0,1.0,A01,138Â 303Â 639,1.0
960021,201900001552,6,6,08:40,1,2,1,1.0,3.0,92023,PORTE DE TRIVAUX (RUE DE) NÂ°57 A 197 ET,M,"48,7871400","2,2466000",92,2019,50.0,1.0,1.0,3.0,2145640,1.0,1,4,2,4.0,,-1.0,0,1965.0,A01,138Â 303Â 639,2.0,8.0,-1.0,1638480,2.0,7,,0.0,2.0,3.0,B01,138Â 303Â 640,1.0
960021,201900001552,6,6,08:40,1,2,1,1.0,3.0,92023,PORTE DE TRIVAUX (RUE DE) NÂ°57 A 197 ET,M,"48,7871400","2,2466000",92,2019,50.0,1.0,1.0,3.0,2145641,1.0,1,1,2,5.0,,-1.0,0,1980.0,B01,138Â 303Â 640,1.0,0.0,-1.0,1638479,2.0,30,,0.0,2.0,1.0,A01,138Â 303Â 639,1.0
960021,201900001552,6,6,08:40,1,2,1,1.0,3.0,92023,PORTE DE TRIVAUX (RUE DE) NÂ°57 A 197 ET,M,"48,7871400","2,2466000",92,2019,50.0,1.0,1.0,3.0,2145641,1.0,1,1,2,5.0,,-1.0,0,1980.0,B01,138Â 303Â 640,1.0,0.0,-1.0,1638480,2.0,7,,0.0,2.0,3.0,B01,138Â 303Â 640,1.0
960022,201900001553,6,3,18:00,1,2,1,1.0,6.0,92023,PORTE DE TRIVAUX (RUE DE) NÂ°57 A 197 ET,M,"48,7851000","2,2394300",92,2019,50.0,1.0,1.0,3.0,2145642,10.0,3,4,2,5.0,,5.0,9,2014.0,A01,138Â 303Â 638,8.0,0.0,-1.0,1638481,2.0,1,,0.0,1.0,1.0,A01,138Â 303Â 638,5.0
960022,201900001553,6,3,18:00,1,2,1,1.0,6.0,92023,PORTE DE TRIVAUX (RUE DE) NÂ°57 A 197 ET,M,"48,7851000","2,2394300",92,2019,50.0,1.0,1.0,3.0,2145643,1.0,1,4,1,1.0,,-1.0,0,1972.0,A01,138Â 303Â 638,8.0,0.0,-1.0,1638481,2.0,1,,0.0,1.0,1.0,A01,138Â 303Â 638,5.0
960023,201900001554,6,1,13:20,1,2,1,1.0,3.0,92023,GENERAL DE GAULLE (AV DU) NÂ°130 A 340 ET,M,"48,7872646","2,2561842",92,2019,50.0,1.0,1.0,3.0,2145644,1.0,1,4,1,5.0,,-1.0,0,1979.0,B01,138Â 303Â 636,2.0,8.0,-1.0,1638482,2.0,1,,0.0,2.0,1.0,B01,138Â 303Â 636,5.0
960023,201900001554,6,1,13:20,1,2,1,1.0,3.0,92023,GENERAL DE GAULLE (AV DU) NÂ°130 A 340 ET,M,"48,7872646","2,2561842",92,2019,50.0,1.0,1.0,3.0,2145644,1.0,1,4,1,5.0,,-1.0,0,1979.0,B01,138Â 303Â 636,2.0,8.0,-1.0,1638483,2.0,7,,0.0,2.0,6.0,A01,138Â 303Â 637,1.0
960023,201900001554,6,1,13:20,1,2,1,1.0,3.0,92023,GENERAL DE GAULLE (AV DU) NÂ°130 A 340 ET,M,"48,7872646","2,2561842",92,2019,50.0,1.0,1.0,3.0,2145645,1.0,1,1,1,5.0,,-1.0,0,1990.0,A01,138Â 303Â 637,1.0,8.0,-1.0,1638482,2.0,1,,0.0,2.0,1.0,B01,138Â 303Â 636,5.0
960023,201900001554,6,1,13:20,1,2,1,1.0,3.0,92023,GENERAL DE GAULLE (AV DU) NÂ°130 A 340 ET,M,"48,7872646","2,2561842",92,2019,50.0,1.0,1.0,3.0,2145645,1.0,1,1,1,5.0,,-1.0,0,1990.0,A01,138Â 303Â 637,1.0,8.0,-1.0,1638483,2.0,7,,0.0,2.0,6.0,A01,138Â 303Â 637,1.0
960024,201900001555,6,13,15:40,1,2,3,2.0,3.0,92019,DIVISION LECLERC (AVENUE DE LA),M,"48,7656516","2,2592994",92,2019,30.0,1.0,2.0,3.0,2145646,1.0,1,1,1,1.0,,-1.0, -1,1985.0,A01,138Â 303Â 634,1.0,0.0,-1.0,1638484,2.0,10,,0.0,2.0,3.0,A01,138Â 303Â 634,1.0
960024,201900001555,6,13,15:40,1,2,3,2.0,3.0,92019,DIVISION LECLERC (AVENUE DE LA),M,"48,7656516","2,2592994",92,2019,30.0,1.0,2.0,3.0,2145646,1.0,1,1,1,1.0,,-1.0, -1,1985.0,A01,138Â 303Â 634,1.0,0.0,-1.0,1638485,2.0,32,,0.0,2.0,1.0,B01,138Â 303Â 635,1.0
960024,201900001555,6,13,15:40,1,2,3,2.0,3.0,92019,DIVISION LECLERC (AVENUE DE LA),M,"48,7656516","2,2592994",92,2019,30.0,1.0,2.0,3.0,2145647,2.0,2,4,2,5.0,,-1.0, -1,2001.0,B01,138Â 303Â 635,2.0,0.0,-1.0,1638484,2.0,10,,0.0,2.0,3.0,A01,138Â 303Â 634,1.0
960024,201900001555,6,13,15:40,1,2,3,2.0,3.0,92019,DIVISION LECLERC (AVENUE DE LA),M,"48,7656516","2,2592994",92,2019,30.0,1.0,2.0,3.0,2145647,2.0,2,4,2,5.0,,-1.0, -1,2001.0,B01,138Â 303Â 635,2.0,0.0,-1.0,1638485,2.0,32,,0.0,2.0,1.0,B01,138Â 303Â 635,1.0
960024,201900001555,6,13,15:40,1,2,3,2.0,3.0,92019,DIVISION LECLERC (AVENUE DE LA),M,"48,7656516","2,2592994",92,2019,30.0,1.0,2.0,3.0,2145648,1.0,1,4,1,9.0,,-1.0, -1,2000.0,B01,138Â 303Â 635,2.0,6.0,-1.0,1638484,2.0,10,,0.0,2.0,3.0,A01,138Â 303Â 634,1.0
960024,201900001555,6,13,15:40,1,2,3,2.0,3.0,92019,DIVISION LECLERC (AVENUE DE LA),M,"48,7656516","2,2592994",92,2019,30.0,1.0,2.0,3.0,2145648,1.0,1,4,1,9.0,,-1.0, -1,2000.0,B01,138Â 303Â 635,2.0,6.0,-1.0,1638485,2.0,32,,0.0,2.0,1.0,B01,138Â 303Â 635,1.0
960025,201900001556,8,17,18:35,1,2,1,2.0,3.0,75120,ECHANGEUR LILAS,M,"48,8762742","2,4100024",75,2019,50.0,1.0,2.0,4.0,2145649,1.0,1,1,1,5.0,,0.0,0,1999.0,A01,138Â 303Â 633,1.0,0.0,-1.0,1638486,2.0,7,,0.0,2.0,8.0,A01,138Â 303Â 633,1.0
960025,201900001556,8,17,18:35,1,2,1,2.0,3.0,75120,ECHANGEUR LILAS,M,"48,8762742","2,4100024",75,2019,50.0,1.0,2.0,4.0,2145649,1.0,1,1,1,5.0,,0.0,0,1999.0,A01,138Â 303Â 633,1.0,0.0,-1.0,1638487,2.0,32,,0.0,2.0,2.0,B01,138Â 303Â 647,1.0
960025,201900001556,8,17,18:35,1,2,1,2.0,3.0,75120,ECHANGEUR LILAS,M,"48,8762742","2,4100024",75,2019,50.0,1.0,2.0,4.0,2145650,2.0,2,1,1,5.0,,0.0,0,1991.0,A01,138Â 303Â 633,1.0,0.0,-1.0,1638486,2.0,7,,0.0,2.0,8.0,A01,138Â 303Â 633,1.0
960025,201900001556,8,17,18:35,1,2,1,2.0,3.0,75120,ECHANGEUR LILAS,M,"48,8762742","2,4100024",75,2019,50.0,1.0,2.0,4.0,2145650,2.0,2,1,1,5.0,,0.0,0,1991.0,A01,138Â 303Â 633,1.0,0.0,-1.0,1638487,2.0,32,,0.0,2.0,2.0,B01,138Â 303Â 647,1.0
960025,201900001556,8,17,18:35,1,2,1,2.0,3.0,75120,ECHANGEUR LILAS,M,"48,8762742","2,4100024",75,2019,50.0,1.0,2.0,4.0,2145651,1.0,1,4,1,1.0,,0.0,0,1984.0,B01,138Â 303Â 647,2.0,6.0,-1.0,1638486,2.0,7,,0.0,2.0,8.0,A01,138Â 303Â 633,1.0
960025,201900001556,8,17,18:35,1,2,1,2.0,3.0,75120,ECHANGEUR LILAS,M,"48,8762742","2,4100024",75,2019,50.0,1.0,2.0,4.0,2145651,1.0,1,4,1,1.0,,0.0,0,1984.0,B01,138Â 303Â 647,2.0,6.0,-1.0,1638487,2.0,32,,0.0,2.0,2.0,B01,138Â 303Â 647,1.0
960026,201900001557,6,16,06:20,1,2,1,1.0,2.0,92012,GENERAL LECLERC (AVENUE DU) 1/33 - 2/58,M,"48,8329200","2,2405700",92,2019,50.0,1.0,1.0,3.0,2145652,1.0,1,1,2,5.0,,0.0,0,1998.0,A01,138Â 303Â 631,1.0,5.0,-1.0,1638488,3.0,7,,0.0,2.0,1.0,A01,138Â 303Â 631,0.0
960026,201900001557,6,16,06:20,1,2,1,1.0,2.0,92012,GENERAL LECLERC (AVENUE DU) 1/33 - 2/58,M,"48,8329200","2,2405700",92,2019,50.0,1.0,1.0,3.0,2145652,1.0,1,1,2,5.0,,0.0,0,1998.0,A01,138Â 303Â 631,1.0,5.0,-1.0,1638489,3.0,7,,0.0,2.0,4.0,B01,138Â 303Â 632,0.0
960026,201900001557,6,16,06:20,1,2,1,1.0,2.0,92012,GENERAL LECLERC (AVENUE DU) 1/33 - 2/58,M,"48,8329200","2,2405700",92,2019,50.0,1.0,1.0,3.0,2145653,1.0,1,4,1,1.0,,-1.0,0,1989.0,B01,138Â 303Â 632,1.0,0.0,-1.0,1638488,3.0,7,,0.0,2.0,1.0,A01,138Â 303Â 631,0.0
960026,201900001557,6,16,06:20,1,2,1,1.0,2.0,92012,GENERAL LECLERC (AVENUE DU) 1/33 - 2/58,M,"48,8329200","2,2405700",92,2019,50.0,1.0,1.0,3.0,2145653,1.0,1,4,1,1.0,,-1.0,0,1989.0,B01,138Â 303Â 632,1.0,0.0,-1.0,1638489,3.0,7,,0.0,2.0,4.0,B01,138Â 303Â 632,0.0
960027,201900001558,8,17,18:00,1,2,1,2.0,4.0,75120,ECHANGEUR BAGNOLET,M,"48,8646795","2,4127597",75,2019,50.0,1.0,8.0,4.0,2145654,1.0,1,1,2,4.0,,0.0,0,1978.0,C01,138Â 303Â 627,1.0,0.0,-1.0,1638490,1.0,10,,4.0,2.0,3.0,C01,138Â 303Â 627,1.0
960027,201900001558,8,17,18:00,1,2,1,2.0,4.0,75120,ECHANGEUR BAGNOLET,M,"48,8646795","2,4127597",75,2019,50.0,1.0,8.0,4.0,2145654,1.0,1,1,2,4.0,,0.0,0,1978.0,C01,138Â 303Â 627,1.0,0.0,-1.0,1638491,1.0,7,,0.0,2.0,6.0,B01,138Â 303Â 629,1.0
960027,201900001558,8,17,18:00,1,2,1,2.0,4.0,75120,ECHANGEUR BAGNOLET,M,"48,8646795","2,4127597",75,2019,50.0,1.0,8.0,4.0,2145654,1.0,1,1,2,4.0,,0.0,0,1978.0,C01,138Â 303Â 627,1.0,0.0,-1.0,1638492,1.0,7,,0.0,2.0,2.0,A01,138Â 303Â 630,1.0
960027,201900001558,8,17,18:00,1,2,1,2.0,4.0,75120,ECHANGEUR BAGNOLET,M,"48,8646795","2,4127597",75,2019,50.0,1.0,8.0,4.0,2145655,2.0,2,4,1,9.0,,0.0,0,2004.0,C01,138Â 303Â 627,1.0,0.0,-1.0,1638490,1.0,10,,4.0,2.0,3.0,C01,138Â 303Â 627,1.0
960027,201900001558,8,17,18:00,1,2,1,2.0,4.0,75120,ECHANGEUR BAGNOLET,M,"48,8646795","2,4127597",75,2019,50.0,1.0,8.0,4.0,2145655,2.0,2,4,1,9.0,,0.0,0,2004.0,C01,138Â 303Â 627,1.0,0.0,-1.0,1638491,1.0,7,,0.0,2.0,6.0,B01,138Â 303Â 629,1.0
960027,201900001558,8,17,18:00,1,2,1,2.0,4.0,75120,ECHANGEUR BAGNOLET,M,"48,8646795","2,4127597",75,2019,50.0,1.0,8.0,4.0,2145655,2.0,2,4,1,9.0,,0.0,0,2004.0,C01,138Â 303Â 627,1.0,0.0,-1.0,1638492,1.0,7,,0.0,2.0,2.0,A01,138Â 303Â 630,1.0
960027,201900001558,8,17,18:00,1,2,1,2.0,4.0,75120,ECHANGEUR BAGNOLET,M,"48,8646795","2,4127597",75,2019,50.0,1.0,8.0,4.0,2145656,4.0,2,4,1,9.0,,0.0,0,2004.0,C01,138Â 303Â 627,1.0,0.0,-1.0,1638490,1.0,10,,4.0,2.0,3.0,C01,138Â 303Â 627,1.0
960027,201900001558,8,17,18:00,1,2,1,2.0,4.0,75120,ECHANGEUR BAGNOLET,M,"48,8646795","2,4127597",75,2019,50.0,1.0,8.0,4.0,2145656,4.0,2,4,1,9.0,,0.0,0,2004.0,C01,138Â 303Â 627,1.0,0.0,-1.0,1638491,1.0,7,,0.0,2.0,6.0,B01,138Â 303Â 629,1.0