Unnamed: 0_x,num_acc,mois,jour,hrmn,lum,agg,int,atm,col,com,adr,gps,lat,long,dep,annee,vma,situ,surf,catr,Unnamed: 0_y,place,catu,grav,sexe,trajet,secu,locp,actp,an_nais,num_veh_x,id_vehicule_x,secu1,secu2,secu3,Unnamed: 0,senc,catv,occutc,obs,obsm,choc,num_veh_y,id_vehicule_y,motor
960027,201900001558,8,17,18:00,1,2,1,2.0,4.0,75120,ECHANGEUR BAGNOLET,M,"48,8646795","2,4127597",75,2019,50.0,1.0,8.0,4.0,2145656,4.0,2,4,1,9.0,,0.0,0,2004.0,C01,138Â 303Â 627,1.0,0.0,-1.0,1638492,1.0,7,,0.0,2.0,2.0,A01,138Â 303Â 630,1.0
960027,201900001558,8,17,18:00,1,2,1,2.0,4.0,75120,ECHANGEUR BAGNOLET,M,"48,8646795","2,4127597",75,2019,50.0,1.0,8.0,4.0,2145657,2.0,2,4,2,5.0,,0.0,0,1997.0,B01,138Â 303Â 629,1.0,0.0,-1.0,1638490,1.0,10,,4.0,2.0,3.0,C01,138Â 303Â 627,1.0
960027,201900001558,8,17,18:00,1,2,1,2.0,4.0,75120,ECHANGEUR BAGNOLET,M,"48,8646795","2,4127597",75,2019,50.0,1.0,8.0,4.0,2145657,2.0,2,4,2,5.0,,0.0,0,1997.0,B01,138Â 303Â 629,1.0,0.0,-1.0,1638491,1.0,7,,0.0,2.0,6.0,B01,138Â 303Â 629,1.0
960027,201900001558,8,17,18:00,1,2,1,2.0,4.0,75120,ECHANGEUR BAGNOLET,M,"48,8646795","2,4127597",75,2019,50.0,1.0,8.0,4.0,2145657,2.0,2,4,2,5.0,,0.0,0,1997.0,B01,138Â 303Â 629,1.0,0.0,-1.0,1638492,1.0,7,,0.0,2.0,2.0,A01,138Â 303Â 630,1.0
960027,201900001558,8,17,18:00,1,2,1,2.0,4.0,75120,ECHANGEUR BAGNOLET,M,"48,8646795","2,4127597",75,2019,50.0,1.0,8.0,4.0,2145658,1.0,1,1,2,5.0,,0.0,0,1988.0,B01,138Â 303Â 629,1.0,0.0,-1.0,1638490,1.0,10,,4.0,2.0,3.0,C01,138Â 303Â 627,1.0
960027,201900001558,8,17,18:00,1,2,1,2.0,4.0,75120,ECHANGEUR BAGNOLET,M,"48,8646795","2,4127597",75,2019,50.0,1.0,8.0,4.0,2145658,1.0,1,1,2,5.0,,0.0,0,1988.0,B01,138Â 303Â 629,1.0,0.0,-1.0,1638491,1.0,7,,0.0,2.0,6.0,B01,138Â 303Â 629,1.0
960027,201900001558,8,17,18:00,1,2,1,2.0,4.0,75120,ECHANGEUR BAGNOLET,M,"48,8646795","2,4127597",75,2019,50.0,1.0,8.0,4.0,2145658,1.0,1,1,2,5.0,,0.0,0,1988.0,B01,138Â 303Â 629,1.0,0.0,-1.0,1638492,1.0,7,,0.0,2.0,2.0,A01,138Â 303Â 630,1.0
960027,201900001558,8,17,18:00,1,2,1,2.0,4.0,75120,ECHANGEUR BAGNOLET,M,"48,8646795","2,4127597",75,2019,50.0,1.0,8.0,4.0,2145659,1.0,1,1,2,5.0,,0.0,0,1981.0,A01,138Â 303Â 630,1.0,0.0,-1.0,1638490,1.0,10,,4.0,2.0,3.0,C01,138Â 303Â 627,1.0
960027,201900001558,8,17,18:00,1,2,1,2.0,4.0,75120,ECHANGEUR BAGNOLET,M,"48,8646795","2,4127597",75,2019,50.0,1.0,8.0,4.0,2145659,1.0,1,1,2,5.0,,0.0,0,1981.0,A01,138Â 303Â 630,1.0,0.0,-1.0,1638491,1.0,7,,0.0,2.0,6.0,B01,138Â 303Â 629,1.0
960027,201900001558,8,17,18:00,1,2,1,2.0,4.0,75120,ECHANGEUR BAGNOLET,M,"48,8646795","2,4127597",75,2019,50.0,1.0,8.0,4.0,2145659,1.0,1,1,2,5.0,,0.0,0,1981.0,A01,138Â 303Â 630,1.0,0.0,-1.0,1638492,1.0,7,,0.0,2.0,2.0,A01,138Â 303Â 630,1.0
960028,201900001559,6,13,09:50,1,2,2,1.0,3.0,92012,GENERAL LECLERC (AVENUE DU) 35/FIN - 60/,M,"48,8309549","2,2346812",92,2019,50.0,1.0,1.0,3.0,2145660,1.0,1,4,1,4.0,,-1.0,0,1984.0,B01,138Â 303Â 626,2.0,0.0,-1.0,1638493,1.0,33,,0.0,2.0,1.0,B01,138Â 303Â 626,1.0
960028,201900001559,6,13,09:50,1,2,2,1.0,3.0,92012,GENERAL LECLERC (AVENUE DU) 35/FIN - 60/,M,"48,8309549","2,2346812",92,2019,50.0,1.0,1.0,3.0,2145660,1.0,1,4,1,4.0,,-1.0,0,1984.0,B01,138Â 303Â 626,2.0,0.0,-1.0,1638494,2.0,7,,0.0,2.0,2.0,A01,138Â 303Â 628,1.0
960028,201900001559,6,13,09:50,1,2,2,1.0,3.0,92012,GENERAL LECLERC (AVENUE DU) 35/FIN - 60/,M,"48,8309549","2,2346812",92,2019,50.0,1.0,1.0,3.0,2145661,1.0,1,1,1,1.0,,-1.0,0,1981.0,A01,138Â 303Â 628,8.0,0.0,-1.0,1638493,1.0,33,,0.0,2.0,1.0,B01,138Â 303Â 626,1.0
960028,201900001559,6,13,09:50,1,2,2,1.0,3.0,92012,GENERAL LECLERC (AVENUE DU) 35/FIN - 60/,M,"48,8309549","2,2346812",92,2019,50.0,1.0,1.0,3.0,2145661,1.0,1,1,1,1.0,,-1.0,0,1981.0,A01,138Â 303Â 628,8.0,0.0,-1.0,1638494,2.0,7,,0.0,2.0,2.0,A01,138Â 303Â 628,1.0
960029,201900001560,8,16,19:55,1,2,4,1.0,2.0,75115,BD PERIPHERIQUE INTERIEUR,M,"48,8267961","2,2956214",75,2019,70.0,1.0,1.0,4.0,2145662,1.0,1,4,2,4.0,,0.0,0,1982.0,B01,138Â 303Â 624,1.0,8.0,-1.0,1638495,1.0,7,,0.0,2.0,4.0,B01,138Â 303Â 624,1.0
960029,201900001560,8,16,19:55,1,2,4,1.0,2.0,75115,BD PERIPHERIQUE INTERIEUR,M,"48,8267961","2,2956214",75,2019,70.0,1.0,1.0,4.0,2145662,1.0,1,4,2,4.0,,0.0,0,1982.0,B01,138Â 303Â 624,1.0,8.0,-1.0,1638496,1.0,7,,4.0,2.0,1.0,A01,138Â 303Â 625,1.0
960029,201900001560,8,16,19:55,1,2,4,1.0,2.0,75115,BD PERIPHERIQUE INTERIEUR,M,"48,8267961","2,2956214",75,2019,70.0,1.0,1.0,4.0,2145663,1.0,1,4,1,5.0,,0.0,0,1966.0,A01,138Â 303Â 625,1.0,8.0,-1.0,1638495,1.0,7,,0.0,2.0,4.0,B01,138Â 303Â 624,1.0
960029,201900001560,8,16,19:55,1,2,4,1.0,2.0,75115,BD PERIPHERIQUE INTERIEUR,M,"48,8267961","2,2956214",75,2019,70.0,1.0,1.0,4.0,2145663,1.0,1,4,1,5.0,,0.0,0,1966.0,A01,138Â 303Â 625,1.0,8.0,-1.0,1638496,1.0,7,,4.0,2.0,1.0,A01,138Â 303Â 625,1.0
960030,201900001561,6,12,14:15,1,2,2,3.0,2.0,92012,SILLY (RUE DE) 1/87 - 2/88,M,"48,8423800","2,2307400",92,2019,50.0,1.0,2.0,4.0,2145664,1.0,1,4,1,0.0,,-1.0,0,2002.0,B01,138Â 303Â 622,8.0,0.0,-1.0,1638497,3.0,80,,0.0,2.0,1.0,B01,138Â 303Â 622,3.0
960030,201900001561,6,12,14:15,1,2,2,3.0,2.0,92012,SILLY (RUE DE) 1/87 - 2/88,M,"48,8423800","2,2307400",92,2019,50.0,1.0,2.0,4.0,2145664,1.0,1,4,1,0.0,,-1.0,0,2002.0,B01,138Â 303Â 622,8.0,0.0,-1.0,1638498,3.0,7,,0.0,2.0,5.0,A01,138Â 303Â 623,1.0
960030,201900001561,6,12,14:15,1,2,2,3.0,2.0,92012,SILLY (RUE DE) 1/87 - 2/88,M,"48,8423800","2,2307400",92,2019,50.0,1.0,2.0,4.0,2145665,1.0,1,1,1,0.0,,-1.0,0,1966.0,A01,138Â 303Â 623,1.0,0.0,-1.0,1638497,3.0,80,,0.0,2.0,1.0,B01,138Â 303Â 622,3.0
960030,201900001561,6,12,14:15,1,2,2,3.0,2.0,92012,SILLY (RUE DE) 1/87 - 2/88,M,"48,8423800","2,2307400",92,2019,50.0,1.0,2.0,4.0,2145665,1.0,1,1,1,0.0,,-1.0,0,1966.0,A01,138Â 303Â 623,1.0,0.0,-1.0,1638498,3.0,7,,0.0,2.0,5.0,A01,138Â 303Â 623,1.0
960031,201900001562,8,14,19:30,1,2,1,1.0,4.0,75114,BD PERIPHERIQUE EXTERIEUR,M,"48,8240040","2,3076690",75,2019,70.0,1.0,1.0,4.0,2145666,1.0,1,1,1,5.0,,0.0,0,1991.0,C01,138Â 303Â 616,1.0,0.0,-1.0,1638499,2.0,7,,0.0,2.0,5.0,C01,138Â 303Â 616,1.0
960031,201900001562,8,14,19:30,1,2,1,1.0,4.0,75114,BD PERIPHERIQUE EXTERIEUR,M,"48,8240040","2,3076690",75,2019,70.0,1.0,1.0,4.0,2145666,1.0,1,1,1,5.0,,0.0,0,1991.0,C01,138Â 303Â 616,1.0,0.0,-1.0,1638500,2.0,32,,0.0,2.0,7.0,B01,138Â 303Â 617,1.0
960031,201900001562,8,14,19:30,1,2,1,1.0,4.0,75114,BD PERIPHERIQUE EXTERIEUR,M,"48,8240040","2,3076690",75,2019,70.0,1.0,1.0,4.0,2145666,1.0,1,1,1,5.0,,0.0,0,1991.0,C01,138Â 303Â 616,1.0,0.0,-1.0,1638501,2.0,31,,0.0,2.0,8.0,A01,138Â 303Â 618,1.0
960031,201900001562,8,14,19:30,1,2,1,1.0,4.0,75114,BD PERIPHERIQUE EXTERIEUR,M,"48,8240040","2,3076690",75,2019,70.0,1.0,1.0,4.0,2145667,1.0,1,4,2,5.0,,0.0,0,1981.0,B01,138Â 303Â 617,2.0,6.0,-1.0,1638499,2.0,7,,0.0,2.0,5.0,C01,138Â 303Â 616,1.0
960031,201900001562,8,14,19:30,1,2,1,1.0,4.0,75114,BD PERIPHERIQUE EXTERIEUR,M,"48,8240040","2,3076690",75,2019,70.0,1.0,1.0,4.0,2145667,1.0,1,4,2,5.0,,0.0,0,1981.0,B01,138Â 303Â 617,2.0,6.0,-1.0,1638500,2.0,32,,0.0,2.0,7.0,B01,138Â 303Â 617,1.0
960031,201900001562,8,14,19:30,1,2,1,1.0,4.0,75114,BD PERIPHERIQUE EXTERIEUR,M,"48,8240040","2,3076690",75,2019,70.0,1.0,1.0,4.0,2145667,1.0,1,4,2,5.0,,0.0,0,1981.0,B01,138Â 303Â 617,2.0,6.0,-1.0,1638501,2.0,31,,0.0,2.0,8.0,A01,138Â 303Â 618,1.0
960031,201900001562,8,14,19:30,1,2,1,1.0,4.0,75114,BD PERIPHERIQUE EXTERIEUR,M,"48,8240040","2,3076690",75,2019,70.0,1.0,1.0,4.0,2145668,1.0,1,1,1,1.0,,0.0,0,1986.0,A01,138Â 303Â 618,2.0,6.0,-1.0,1638499,2.0,7,,0.0,2.0,5.0,C01,138Â 303Â 616,1.0
960031,201900001562,8,14,19:30,1,2,1,1.0,4.0,75114,BD PERIPHERIQUE EXTERIEUR,M,"48,8240040","2,3076690",75,2019,70.0,1.0,1.0,4.0,2145668,1.0,1,1,1,1.0,,0.0,0,1986.0,A01,138Â 303Â 618,2.0,6.0,-1.0,1638500,2.0,32,,0.0,2.0,7.0,B01,138Â 303Â 617,1.0
960031,201900001562,8,14,19:30,1,2,1,1.0,4.0,75114,BD PERIPHERIQUE EXTERIEUR,M,"48,8240040","2,3076690",75,2019,70.0,1.0,1.0,4.0,2145668,1.0,1,1,1,1.0,,0.0,0,1986.0,A01,138Â 303Â 618,2.0,6.0,-1.0,1638501,2.0,31,,0.0,2.0,8.0,A01,138Â 303Â 618,1.0
960032,201900001563,6,11,17:15,1,2,1,2.0,6.0,92012,MEUDON (RUE DE) - COTE PAIR,M,"48,8281700","2,2420700",92,2019,50.0,1.0,2.0,4.0,2145669,1.0,1,1,1,0.0,,-1.0,0,1964.0,A01,138Â 303Â 619,8.0,8.0,-1.0,1638502,3.0,7,,0.0,1.0,2.0,A01,138Â 303Â 619,2.0
960032,201900001563,6,11,17:15,1,2,1,2.0,6.0,92012,MEUDON (RUE DE) - COTE PAIR,M,"48,8281700","2,2420700",92,2019,50.0,1.0,2.0,4.0,2145670,10.0,3,4,1,5.0,,2.0,3,2007.0,A01,138Â 303Â 619,8.0,0.0,-1.0,1638502,3.0,7,,0.0,1.0,2.0,A01,138Â 303Â 619,2.0
960033,201900001564,8,14,17:30,1,2,1,1.0,6.0,75117,BD PERIPHERIQUE INTERIEUR,M,"48,8896919","2,2974046",75,2019,70.0,1.0,1.0,4.0,2145671,2.0,2,4,1,5.0,,0.0,0,1985.0,A01,138Â 303Â 614,2.0,6.0,-1.0,1638503,1.0,34,,0.0,2.0,4.0,A01,138Â 303Â 614,1.0
960033,201900001564,8,14,17:30,1,2,1,1.0,6.0,75117,BD PERIPHERIQUE INTERIEUR,M,"48,8896919","2,2974046",75,2019,70.0,1.0,1.0,4.0,2145671,2.0,2,4,1,5.0,,0.0,0,1985.0,A01,138Â 303Â 614,2.0,6.0,-1.0,1638504,1.0,10,,0.0,2.0,0.0,Z01,138Â 303Â 615,0.0
960033,201900001564,8,14,17:30,1,2,1,1.0,6.0,75117,BD PERIPHERIQUE INTERIEUR,M,"48,8896919","2,2974046",75,2019,70.0,1.0,1.0,4.0,2145672,1.0,1,1,1,5.0,,0.0,0,1988.0,A01,138Â 303Â 614,2.0,6.0,-1.0,1638503,1.0,34,,0.0,2.0,4.0,A01,138Â 303Â 614,1.0
960033,201900001564,8,14,17:30,1,2,1,1.0,6.0,75117,BD PERIPHERIQUE INTERIEUR,M,"48,8896919","2,2974046",75,2019,70.0,1.0,1.0,4.0,2145672,1.0,1,1,1,5.0,,0.0,0,1988.0,A01,138Â 303Â 614,2.0,6.0,-1.0,1638504,1.0,10,,0.0,2.0,0.0,Z01,138Â 303Â 615,0.0
960034,201900001565,6,10,14:00,1,2,1,1.0,6.0,92012,REPUBLIQUE (BOULEVARD DE LA) 5/77BIS - 6,M,"48,8315532","2,2555370",92,2019,50.0,1.0,2.0,3.0,2145673,10.0,3,4,2,0.0,,1.0,A,1971.0,A01,138Â 303Â 613,0.0,0.0,0.0,1638505,1.0,99,,0.0,1.0,1.0,A01,138Â 303Â 613,0.0
960034,201900001565,6,10,14:00,1,2,1,1.0,6.0,92012,REPUBLIQUE (BOULEVARD DE LA) 5/77BIS - 6,M,"48,8315532","2,2555370",92,2019,50.0,1.0,2.0,3.0,2145674,1.0,1,1,2,9.0,,-1.0,0,1961.0,A01,138Â 303Â 613,1.0,0.0,-1.0,1638505,1.0,99,,0.0,1.0,1.0,A01,138Â 303Â 613,0.0
960035,201900001566,6,7,17:30,1,2,2,2.0,6.0,92012,GALLIENI (RUE) 142/FIN,M,"48,8350806","2,2280588",92,2019,30.0,1.0,1.0,4.0,2145675,1.0,1,1,1,5.0,,-1.0,0,1972.0,A01,138Â 303Â 611,1.0,0.0,-1.0,1638506,2.0,7,,0.0,1.0,1.0,A01,138Â 303Â 611,1.0
960035,201900001566,6,7,17:30,1,2,2,2.0,6.0,92012,GALLIENI (RUE) 142/FIN,M,"48,8350806","2,2280588",92,2019,30.0,1.0,1.0,4.0,2145676,10.0,3,4,1,2.0,,2.0,3,2006.0,A01,138Â 303Â 611,8.0,0.0,-1.0,1638506,2.0,7,,0.0,1.0,1.0,A01,138Â 303Â 611,1.0
960036,201900001567,8,14,17:40,1,2,1,1.0,3.0,75113,BD PERIPHERIQUE INTERIEUR,M,"48,8230400","2,3812350",75,2019,70.0,1.0,1.0,4.0,2145677,1.0,1,4,1,1.0,,0.0,0,1992.0,B01,138Â 303Â 610,2.0,6.0,-1.0,1638507,1.0,31,,0.0,2.0,8.0,B01,138Â 303Â 610,1.0
960036,201900001567,8,14,17:40,1,2,1,1.0,3.0,75113,BD PERIPHERIQUE INTERIEUR,M,"48,8230400","2,3812350",75,2019,70.0,1.0,1.0,4.0,2145677,1.0,1,4,1,1.0,,0.0,0,1992.0,B01,138Â 303Â 610,2.0,6.0,-1.0,1638508,1.0,7,,0.0,2.0,5.0,A01,138Â 303Â 612,1.0
960036,201900001567,8,14,17:40,1,2,1,1.0,3.0,75113,BD PERIPHERIQUE INTERIEUR,M,"48,8230400","2,3812350",75,2019,70.0,1.0,1.0,4.0,2145678,1.0,1,1,2,5.0,,0.0,0,1999.0,A01,138Â 303Â 612,1.0,0.0,-1.0,1638507,1.0,31,,0.0,2.0,8.0,B01,138Â 303Â 610,1.0
960036,201900001567,8,14,17:40,1,2,1,1.0,3.0,75113,BD PERIPHERIQUE INTERIEUR,M,"48,8230400","2,3812350",75,2019,70.0,1.0,1.0,4.0,2145678,1.0,1,1,2,5.0,,0.0,0,1999.0,A01,138Â 303Â 612,1.0,0.0,-1.0,1638508,1.0,7,,0.0,2.0,5.0,A01,138Â 303Â 612,1.0
960037,201900001568,6,6,20:26,2,2,3,1.0,6.0,92012,VIEUX PONT DE SEVRES (ALLEE DU),M,"48,8312980","2,2415800",92,2019,50.0,1.0,1.0,4.0,2145679,10.0,3,4,1,9.0,,0.0,1,1983.0,A01,138Â 303Â 609,8.0,0.0,-1.0,1638509,1.0,7,,0.0,2.0,7.0,A01,138Â 303Â 609,1.0
960037,201900001568,6,6,20:26,2,2,3,1.0,6.0,92012,VIEUX PONT DE SEVRES (ALLEE DU),M,"48,8312980","2,2415800",92,2019,50.0,1.0,1.0,4.0,2145680,1.0,1,1,1,0.0,,-1.0,0,1995.0,A01,138Â 303Â 609,1.0,0.0,-1.0,1638509,1.0,7,,0.0,2.0,7.0,A01,138Â 303Â 609,1.0
960038,201900001569,8,14,10:30,1,2,1,1.0,7.0,75120,ECHANGEUR BAGNOLET,M,"48,8653726","2,4123730",75,2019,50.0,1.0,1.0,4.0,2145681,1.0,1,4,1,1.0,,0.0,0,1975.0,A01,138Â 303Â 608,2.0,6.0,-1.0,1638510,1.0,43,,0.0,0.0,7.0,A01,138Â 303Â 608,1.0
960039,201900001570,6,6,17:45,1,2,1,1.0,6.0,92012,BILLANCOURT (RUE DE) 1/61 - 2/104,M,"48,8433000","2,2345000",92,2019,30.0,1.0,1.0,4.0,2145682,10.0,3,3,1,0.0,,3.0,3,2006.0,A01,138Â 303Â 607,8.0,0.0,-1.0,1638511,1.0,7,,0.0,1.0,1.0,A01,138Â 303Â 607,0.0
960039,201900001570,6,6,17:45,1,2,1,1.0,6.0,92012,BILLANCOURT (RUE DE) 1/61 - 2/104,M,"48,8433000","2,2345000",92,2019,30.0,1.0,1.0,4.0,2145683,2.0,2,1,1,0.0,,-1.0,0,2005.0,A01,138Â 303Â 607,1.0,0.0,-1.0,1638511,1.0,7,,0.0,1.0,1.0,A01,138Â 303Â 607,0.0
960039,201900001570,6,6,17:45,1,2,1,1.0,6.0,92012,BILLANCOURT (RUE DE) 1/61 - 2/104,M,"48,8433000","2,2345000",92,2019,30.0,1.0,1.0,4.0,2145684,1.0,1,1,2,0.0,,-1.0,0,1967.0,A01,138Â 303Â 607,1.0,0.0,-1.0,1638511,1.0,7,,0.0,1.0,1.0,A01,138Â 303Â 607,0.0
960040,201900001571,1,31,20:17,5,2,1,2.0,6.0,92012,JEAN JAURES (BOULEVARD) 217/FIN - 210/FI,M,"48,8278600","2,2468800",92,2019,50.0,1.0,2.0,3.0,2145685,1.0,1,1,1,1.0,,-1.0,0,1976.0,A01,138Â 303Â 603,1.0,0.0,-1.0,1638512,1.0,7,,0.0,1.0,1.0,A01,138Â 303Â 603,1.0
960040,201900001571,1,31,20:17,5,2,1,2.0,6.0,92012,JEAN JAURES (BOULEVARD) 217/FIN - 210/FI,M,"48,8278600","2,2468800",92,2019,50.0,1.0,2.0,3.0,2145686,10.0,3,3,2,0.0,,3.0,0,2009.0,A01,138Â 303Â 603,0.0,0.0,-1.0,1638512,1.0,7,,0.0,1.0,1.0,A01,138Â 303Â 603,1.0
960041,201900001572,8,14,09:30,1,2,1,1.0,4.0,75114,BD PERIPHERIQUE INTERIEUR,M,"48,8235200","2,3103580",75,2019,70.0,1.0,1.0,4.0,2145687,1.0,1,1,2,1.0,,0.0,0,1990.0,C01,138Â 303Â 604,1.0,0.0,-1.0,1638513,1.0,7,,0.0,2.0,4.0,C01,138Â 303Â 604,1.0
960041,201900001572,8,14,09:30,1,2,1,1.0,4.0,75114,BD PERIPHERIQUE INTERIEUR,M,"48,8235200","2,3103580",75,2019,70.0,1.0,1.0,4.0,2145687,1.0,1,1,2,1.0,,0.0,0,1990.0,C01,138Â 303Â 604,1.0,0.0,-1.0,1638514,1.0,7,,0.0,2.0,6.0,B01,138Â 303Â 605,1.0
960041,201900001572,8,14,09:30,1,2,1,1.0,4.0,75114,BD PERIPHERIQUE INTERIEUR,M,"48,8235200","2,3103580",75,2019,70.0,1.0,1.0,4.0,2145687,1.0,1,1,2,1.0,,0.0,0,1990.0,C01,138Â 303Â 604,1.0,0.0,-1.0,1638515,1.0,7,,0.0,2.0,2.0,A01,138Â 303Â 606,1.0
960041,201900001572,8,14,09:30,1,2,1,1.0,4.0,75114,BD PERIPHERIQUE INTERIEUR,M,"48,8235200","2,3103580",75,2019,70.0,1.0,1.0,4.0,2145688,1.0,1,1,1,1.0,,0.0,0,1973.0,B01,138Â 303Â 605,1.0,0.0,-1.0,1638513,1.0,7,,0.0,2.0,4.0,C01,138Â 303Â 604,1.0
960041,201900001572,8,14,09:30,1,2,1,1.0,4.0,75114,BD PERIPHERIQUE INTERIEUR,M,"48,8235200","2,3103580",75,2019,70.0,1.0,1.0,4.0,2145688,1.0,1,1,1,1.0,,0.0,0,1973.0,B01,138Â 303Â 605,1.0,0.0,-1.0,1638514,1.0,7,,0.0,2.0,6.0,B01,138Â 303Â 605,1.0
960041,201900001572,8,14,09:30,1,2,1,1.0,4.0,75114,BD PERIPHERIQUE INTERIEUR,M,"48,8235200","2,3103580",75,2019,70.0,1.0,1.0,4.0,2145688,1.0,1,1,1,1.0,,0.0,0,1973.0,B01,138Â 303Â 605,1.0,0.0,-1.0,1638515,1.0,7,,0.0,2.0,2.0,A01,138Â 303Â 606,1.0
960041,201900001572,8,14,09:30,1,2,1,1.0,4.0,75114,BD PERIPHERIQUE INTERIEUR,M,"48,8235200","2,3103580",75,2019,70.0,1.0,1.0,4.0,2145689,1.0,1,4,1,1.0,,0.0,0,1981.0,A01,138Â 303Â 606,1.0,0.0,-1.0,1638513,1.0,7,,0.0,2.0,4.0,C01,138Â 303Â 604,1.0
960041,201900001572,8,14,09:30,1,2,1,1.0,4.0,75114,BD PERIPHERIQUE INTERIEUR,M,"48,8235200","2,3103580",75,2019,70.0,1.0,1.0,4.0,2145689,1.0,1,4,1,1.0,,0.0,0,1981.0,A01,138Â 303Â 606,1.0,0.0,-1.0,1638514,1.0,7,,0.0,2.0,6.0,B01,138Â 303Â 605,1.0
960041,201900001572,8,14,09:30,1,2,1,1.0,4.0,75114,BD PERIPHERIQUE INTERIEUR,M,"48,8235200","2,3103580",75,2019,70.0,1.0,1.0,4.0,2145689,1.0,1,4,1,1.0,,0.0,0,1981.0,A01,138Â 303Â 606,1.0,0.0,-1.0,1638515,1.0,7,,0.0,2.0,2.0,A01,138Â 303Â 606,1.0
960042,201900001573,6,10,17:58,1,2,6,1.0,3.0,92007,VAILLANT-COUTURIER (AVENU PAUL),M,"48,7933200","2,3160100",92,2019,50.0,2.0,1.0,3.0,2145690,1.0,1,1,1,5.0,,-1.0,0,1970.0,B01,138Â 303Â 601,1.0,0.0,-1.0,1638516,1.0,7,,0.0,2.0,2.0,B01,138Â 303Â 601,0.0
960042,201900001573,6,10,17:58,1,2,6,1.0,3.0,92007,VAILLANT-COUTURIER (AVENU PAUL),M,"48,7933200","2,3160100",92,2019,50.0,2.0,1.0,3.0,2145690,1.0,1,1,1,5.0,,-1.0,0,1970.0,B01,138Â 303Â 601,1.0,0.0,-1.0,1638517,1.0,31,,0.0,2.0,1.0,A01,138Â 303Â 602,1.0
960042,201900001573,6,10,17:58,1,2,6,1.0,3.0,92007,VAILLANT-COUTURIER (AVENU PAUL),M,"48,7933200","2,3160100",92,2019,50.0,2.0,1.0,3.0,2145691,1.0,1,3,1,5.0,,-1.0,0,1997.0,A01,138Â 303Â 602,8.0,0.0,-1.0,1638516,1.0,7,,0.0,2.0,2.0,B01,138Â 303Â 601,0.0
960042,201900001573,6,10,17:58,1,2,6,1.0,3.0,92007,VAILLANT-COUTURIER (AVENU PAUL),M,"48,7933200","2,3160100",92,2019,50.0,2.0,1.0,3.0,2145691,1.0,1,3,1,5.0,,-1.0,0,1997.0,A01,138Â 303Â 602,8.0,0.0,-1.0,1638517,1.0,31,,0.0,2.0,1.0,A01,138Â 303Â 602,1.0
960043,201900001574,8,17,06:55,2,2,7,2.0,6.0,75114,PLACE JULES HENAFFE,M,"48,8237672","2,3318486",75,2019,50.0,1.0,2.0,4.0,2145692,10.0,3,4,1,5.0,,5.0,9,1965.0,A01,138Â 303Â 600,0.0,0.0,0.0,1638518,1.0,7,,8.0,1.0,1.0,A01,138Â 303Â 600,1.0
960043,201900001574,8,17,06:55,2,2,7,2.0,6.0,75114,PLACE JULES HENAFFE,M,"48,8237672","2,3318486",75,2019,50.0,1.0,2.0,4.0,2145693,1.0,1,3,1,5.0,,0.0,0,1998.0,A01,138Â 303Â 600,1.0,0.0,-1.0,1638518,1.0,7,,8.0,1.0,1.0,A01,138Â 303Â 600,1.0
960044,201900001575,8,14,20:00,1,2,2,1.0,3.0,75107,RUE FABERT,M,"48,8599330","2,3113720",75,2019,50.0,1.0,1.0,4.0,2145694,1.0,1,4,1,5.0,,0.0,0,2001.0,A01,138Â 303Â 598,2.0,0.0,-1.0,1638519,2.0,80,,0.0,2.0,1.0,A01,138Â 303Â 598,3.0
960044,201900001575,8,14,20:00,1,2,2,1.0,3.0,75107,RUE FABERT,M,"48,8599330","2,3113720",75,2019,50.0,1.0,1.0,4.0,2145694,1.0,1,4,1,5.0,,0.0,0,2001.0,A01,138Â 303Â 598,2.0,0.0,-1.0,1638520,1.0,7,,0.0,2.0,3.0,B01,138Â 303Â 599,1.0
960044,201900001575,8,14,20:00,1,2,2,1.0,3.0,75107,RUE FABERT,M,"48,8599330","2,3113720",75,2019,50.0,1.0,1.0,4.0,2145695,1.0,1,1,1,4.0,,0.0,0,1969.0,B01,138Â 303Â 599,1.0,8.0,-1.0,1638519,2.0,80,,0.0,2.0,1.0,A01,138Â 303Â 598,3.0
960044,201900001575,8,14,20:00,1,2,2,1.0,3.0,75107,RUE FABERT,M,"48,8599330","2,3113720",75,2019,50.0,1.0,1.0,4.0,2145695,1.0,1,1,1,4.0,,0.0,0,1969.0,B01,138Â 303Â 599,1.0,8.0,-1.0,1638520,1.0,7,,0.0,2.0,3.0,B01,138Â 303Â 599,1.0
960045,201900001576,6,7,16:25,1,2,5,8.0,3.0,92007,BRIAND (AVENUE ARISTIDE) NÂ° 162 A 300,M,"48,7908800","2,3197800",92,2019,50.0,1.0,2.0,3.0,2145696,1.0,1,4,1,3.0,,-1.0,0,1979.0,B01,138Â 303Â 596,1.0,0.0,-1.0,1638521,1.0,7,,14.0,2.0,1.0,B01,138Â 303Â 596,1.0
960045,201900001576,6,7,16:25,1,2,5,8.0,3.0,92007,BRIAND (AVENUE ARISTIDE) NÂ° 162 A 300,M,"48,7908800","2,3197800",92,2019,50.0,1.0,2.0,3.0,2145696,1.0,1,4,1,3.0,,-1.0,0,1979.0,B01,138Â 303Â 596,1.0,0.0,-1.0,1638522,1.0,10,,14.0,2.0,3.0,A01,138Â 303Â 597,1.0
960045,201900001576,6,7,16:25,1,2,5,8.0,3.0,92007,BRIAND (AVENUE ARISTIDE) NÂ° 162 A 300,M,"48,7908800","2,3197800",92,2019,50.0,1.0,2.0,3.0,2145697,2.0,2,3,2,3.0,,-1.0,0,1984.0,B01,138Â 303Â 596,1.0,0.0,-1.0,1638521,1.0,7,,14.0,2.0,1.0,B01,138Â 303Â 596,1.0