Unnamed: 0_x,num_acc,mois,jour,hrmn,lum,agg,int,atm,col,com,adr,gps,lat,long,dep,annee,vma,situ,surf,catr,Unnamed: 0_y,place,catu,grav,sexe,trajet,secu,locp,actp,an_nais,num_veh_x,id_vehicule_x,secu1,secu2,secu3,Unnamed: 0,senc,catv,occutc,obs,obsm,choc,num_veh_y,id_vehicule_y,motor
960045,201900001576,6,7,16:25,1,2,5,8.0,3.0,92007,BRIAND (AVENUE ARISTIDE) NÂ° 162 A 300,M,"48,7908800","2,3197800",92,2019,50.0,1.0,2.0,3.0,2145697,2.0,2,3,2,3.0,,-1.0,0,1984.0,B01,138Â 303Â 596,1.0,0.0,-1.0,1638522,1.0,10,,14.0,2.0,3.0,A01,138Â 303Â 597,1.0
960045,201900001576,6,7,16:25,1,2,5,8.0,3.0,92007,BRIAND (AVENUE ARISTIDE) NÂ° 162 A 300,M,"48,7908800","2,3197800",92,2019,50.0,1.0,2.0,3.0,2145698,1.0,1,4,1,4.0,,-1.0,0,1958.0,A01,138Â 303Â 597,8.0,0.0,-1.0,1638521,1.0,7,,14.0,2.0,1.0,B01,138Â 303Â 596,1.0
960045,201900001576,6,7,16:25,1,2,5,8.0,3.0,92007,BRIAND (AVENUE ARISTIDE) NÂ° 162 A 300,M,"48,7908800","2,3197800",92,2019,50.0,1.0,2.0,3.0,2145698,1.0,1,4,1,4.0,,-1.0,0,1958.0,A01,138Â 303Â 597,8.0,0.0,-1.0,1638522,1.0,10,,14.0,2.0,3.0,A01,138Â 303Â 597,1.0
960046,201900001577,8,13,16:20,1,2,1,1.0,2.0,75105,BOULEVARD DE L HOPITAL,M,"48,8423030","2,3635050",75,2019,50.0,1.0,1.0,4.0,2145699,1.0,1,4,1,0.0,,0.0,0,1967.0,A01,138Â 303Â 594,2.0,6.0,-1.0,1638523,1.0,43,,0.0,2.0,1.0,A01,138Â 303Â 594,1.0
960046,201900001577,8,13,16:20,1,2,1,1.0,2.0,75105,BOULEVARD DE L HOPITAL,M,"48,8423030","2,3635050",75,2019,50.0,1.0,1.0,4.0,2145699,1.0,1,4,1,0.0,,0.0,0,1967.0,A01,138Â 303Â 594,2.0,6.0,-1.0,1638524,1.0,33,,0.0,2.0,4.0,B01,138Â 303Â 595,1.0
960046,201900001577,8,13,16:20,1,2,1,1.0,2.0,75105,BOULEVARD DE L HOPITAL,M,"48,8423030","2,3635050",75,2019,50.0,1.0,1.0,4.0,2145700,1.0,1,1,1,0.0,,0.0,0,1972.0,B01,138Â 303Â 595,2.0,6.0,-1.0,1638523,1.0,43,,0.0,2.0,1.0,A01,138Â 303Â 594,1.0
960046,201900001577,8,13,16:20,1,2,1,1.0,2.0,75105,BOULEVARD DE L HOPITAL,M,"48,8423030","2,3635050",75,2019,50.0,1.0,1.0,4.0,2145700,1.0,1,1,1,0.0,,0.0,0,1972.0,B01,138Â 303Â 595,2.0,6.0,-1.0,1638524,1.0,33,,0.0,2.0,4.0,B01,138Â 303Â 595,1.0
960047,201900001578,6,17,18:45,1,2,1,1.0,6.0,92004,VOLTAIRE  ( BD 01 A 15 ),M,"48,9114500","2,2968300",92,2019,50.0,1.0,1.0,3.0,2145701,1.0,1,1,1,5.0,,-1.0,0,1951.0,A01,138Â 303Â 593,1.0,0.0,-1.0,1638525,3.0,7,,0.0,1.0,4.0,A01,138Â 303Â 593,0.0
960047,201900001578,6,17,18:45,1,2,1,1.0,6.0,92004,VOLTAIRE  ( BD 01 A 15 ),M,"48,9114500","2,2968300",92,2019,50.0,1.0,1.0,3.0,2145702,10.0,3,4,1,5.0,,9.0,B,1976.0,A01,138Â 303Â 593,8.0,0.0,-1.0,1638525,3.0,7,,0.0,1.0,4.0,A01,138Â 303Â 593,0.0
960048,201900001579,8,15,22:40,5,2,7,1.0,6.0,75120,AVENUE GAMBETTA,M,"48,8650465","2,3986083",75,2019,50.0,1.0,1.0,4.0,2145703,10.0,3,4,1,9.0,,4.0,3,1981.0,Z01,138Â 303Â 592,0.0,0.0,0.0,1638526,1.0,30,,0.0,1.0,0.0,Z01,138Â 303Â 592,0.0
960049,201900001580,6,12,08:50,1,2,1,1.0,3.0,92009,EUROPE (AVENUE),M,"48,9073016","2,2652115",92,2019,50.0,1.0,1.0,3.0,2145704,1.0,1,4,2,1.0,,-1.0,0,1966.0,B01,138Â 303Â 590,2.0,6.0,-1.0,1638527,3.0,32,,0.0,2.0,1.0,B01,138Â 303Â 590,0.0
960049,201900001580,6,12,08:50,1,2,1,1.0,3.0,92009,EUROPE (AVENUE),M,"48,9073016","2,2652115",92,2019,50.0,1.0,1.0,3.0,2145704,1.0,1,4,2,1.0,,-1.0,0,1966.0,B01,138Â 303Â 590,2.0,6.0,-1.0,1638528,3.0,7,,0.0,2.0,8.0,A01,138Â 303Â 591,0.0
960049,201900001580,6,12,08:50,1,2,1,1.0,3.0,92009,EUROPE (AVENUE),M,"48,9073016","2,2652115",92,2019,50.0,1.0,1.0,3.0,2145705,1.0,1,1,1,1.0,,-1.0,0,1990.0,A01,138Â 303Â 591,1.0,0.0,-1.0,1638527,3.0,32,,0.0,2.0,1.0,B01,138Â 303Â 590,0.0
960049,201900001580,6,12,08:50,1,2,1,1.0,3.0,92009,EUROPE (AVENUE),M,"48,9073016","2,2652115",92,2019,50.0,1.0,1.0,3.0,2145705,1.0,1,1,1,1.0,,-1.0,0,1990.0,A01,138Â 303Â 591,1.0,0.0,-1.0,1638528,3.0,7,,0.0,2.0,8.0,A01,138Â 303Â 591,0.0
960050,201900001581,8,15,16:50,1,2,3,1.0,7.0,75120,AVENUE DU PROFESSEUR ANDRE LEMIERE,M,"48,8551410","2,4152490",75,2019,50.0,1.0,1.0,4.0,2145706,1.0,1,3,1,5.0,,0.0,0,1977.0,A01,138Â 303Â 589,2.0,6.0,-1.0,1638529,1.0,32,,0.0,0.0,0.0,A01,138Â 303Â 589,1.0
960051,201900001582,6,8,19:50,1,2,1,1.0,6.0,92009,GENERAL LECLERC ( RUE DU ),M,"48,9139000","2,2716500",92,2019,50.0,1.0,1.0,4.0,2145707,10.0,3,4,1,3.0,,9.0,3,1973.0,A01,138Â 303Â 588,8.0,0.0,-1.0,1638530,3.0,7,,0.0,1.0,5.0,A01,138Â 303Â 588,1.0
960051,201900001582,6,8,19:50,1,2,1,1.0,6.0,92009,GENERAL LECLERC ( RUE DU ),M,"48,9139000","2,2716500",92,2019,50.0,1.0,1.0,4.0,2145708,1.0,1,1,2,0.0,,0.0,0,1965.0,A01,138Â 303Â 588,1.0,8.0,-1.0,1638530,3.0,7,,0.0,1.0,5.0,A01,138Â 303Â 588,1.0
960052,201900001583,8,15,16:30,1,2,2,1.0,6.0,75120,RUE D AVRON,M,"48,8534795","2,4104900",75,2019,50.0,1.0,1.0,4.0,2145709,1.0,1,1,2,5.0,,0.0,0,1972.0,A01,138Â 303Â 587,1.0,0.0,-1.0,1638531,2.0,7,,0.0,1.0,1.0,A01,138Â 303Â 587,1.0
960052,201900001583,8,15,16:30,1,2,2,1.0,6.0,75120,RUE D AVRON,M,"48,8534795","2,4104900",75,2019,50.0,1.0,1.0,4.0,2145710,10.0,3,4,1,5.0,,0.0,0,1961.0,A01,138Â 303Â 587,0.0,0.0,0.0,1638531,2.0,7,,0.0,1.0,1.0,A01,138Â 303Â 587,1.0
960053,201900001584,6,5,18:25,1,2,1,8.0,6.0,92004,DOCTEUR DERVAUX  ( QUAI DU ),M,"48,9075898","2,2921371",92,2019,50.0,1.0,2.0,3.0,2145711,10.0,3,4,2,5.0,,4.0,5,1983.0,A01,138Â 303Â 586,8.0,0.0,-1.0,1638532,3.0,33,,0.0,1.0,1.0,A01,138Â 303Â 586,0.0
960053,201900001584,6,5,18:25,1,2,1,8.0,6.0,92004,DOCTEUR DERVAUX  ( QUAI DU ),M,"48,9075898","2,2921371",92,2019,50.0,1.0,2.0,3.0,2145712,1.0,1,1,2,5.0,,-1.0,0,1980.0,A01,138Â 303Â 586,2.0,0.0,-1.0,1638532,3.0,33,,0.0,1.0,1.0,A01,138Â 303Â 586,0.0
960054,201900001585,8,15,07:30,1,2,2,1.0,3.0,75120,RUE DE BELLEVILLE,M,"48,8759790","2,4025940",75,2019,50.0,1.0,1.0,4.0,2145713,1.0,1,1,1,0.0,,0.0,0,1950.0,B01,138Â 303Â 584,1.0,0.0,-1.0,1638533,1.0,7,,0.0,2.0,7.0,B01,138Â 303Â 584,1.0
960054,201900001585,8,15,07:30,1,2,2,1.0,3.0,75120,RUE DE BELLEVILLE,M,"48,8759790","2,4025940",75,2019,50.0,1.0,1.0,4.0,2145713,1.0,1,1,1,0.0,,0.0,0,1950.0,B01,138Â 303Â 584,1.0,0.0,-1.0,1638534,1.0,32,,0.0,2.0,8.0,A01,138Â 303Â 585,1.0
960054,201900001585,8,15,07:30,1,2,2,1.0,3.0,75120,RUE DE BELLEVILLE,M,"48,8759790","2,4025940",75,2019,50.0,1.0,1.0,4.0,2145714,1.0,1,4,1,0.0,,0.0,0,1978.0,A01,138Â 303Â 585,2.0,6.0,-1.0,1638533,1.0,7,,0.0,2.0,7.0,B01,138Â 303Â 584,1.0
960054,201900001585,8,15,07:30,1,2,2,1.0,3.0,75120,RUE DE BELLEVILLE,M,"48,8759790","2,4025940",75,2019,50.0,1.0,1.0,4.0,2145714,1.0,1,4,1,0.0,,0.0,0,1978.0,A01,138Â 303Â 585,2.0,6.0,-1.0,1638534,1.0,32,,0.0,2.0,8.0,A01,138Â 303Â 585,1.0
960055,201900001586,6,19,18:45,1,2,2,1.0,3.0,92014,GENERAL LECLERC (57A 135 - 50 A 186),M,"48,7768711","2,3142743",92,2019,50.0,1.0,1.0,3.0,2145715,1.0,1,1,1,5.0,,-1.0,0,1976.0,A01,138Â 303Â 582,1.0,8.0,-1.0,1638535,2.0,7,,0.0,2.0,7.0,A01,138Â 303Â 582,1.0
960055,201900001586,6,19,18:45,1,2,2,1.0,3.0,92014,GENERAL LECLERC (57A 135 - 50 A 186),M,"48,7768711","2,3142743",92,2019,50.0,1.0,1.0,3.0,2145715,1.0,1,1,1,5.0,,-1.0,0,1976.0,A01,138Â 303Â 582,1.0,8.0,-1.0,1638536,2.0,7,,0.0,2.0,1.0,B01,138Â 303Â 583,1.0
960055,201900001586,6,19,18:45,1,2,2,1.0,3.0,92014,GENERAL LECLERC (57A 135 - 50 A 186),M,"48,7768711","2,3142743",92,2019,50.0,1.0,1.0,3.0,2145716,2.0,2,4,1,5.0,,-1.0,0,2008.0,A01,138Â 303Â 582,1.0,0.0,-1.0,1638535,2.0,7,,0.0,2.0,7.0,A01,138Â 303Â 582,1.0
960055,201900001586,6,19,18:45,1,2,2,1.0,3.0,92014,GENERAL LECLERC (57A 135 - 50 A 186),M,"48,7768711","2,3142743",92,2019,50.0,1.0,1.0,3.0,2145716,2.0,2,4,1,5.0,,-1.0,0,2008.0,A01,138Â 303Â 582,1.0,0.0,-1.0,1638536,2.0,7,,0.0,2.0,1.0,B01,138Â 303Â 583,1.0
960055,201900001586,6,19,18:45,1,2,2,1.0,3.0,92014,GENERAL LECLERC (57A 135 - 50 A 186),M,"48,7768711","2,3142743",92,2019,50.0,1.0,1.0,3.0,2145717,1.0,1,1,2,5.0,,-1.0,0,1969.0,B01,138Â 303Â 583,1.0,8.0,-1.0,1638535,2.0,7,,0.0,2.0,7.0,A01,138Â 303Â 582,1.0
960055,201900001586,6,19,18:45,1,2,2,1.0,3.0,92014,GENERAL LECLERC (57A 135 - 50 A 186),M,"48,7768711","2,3142743",92,2019,50.0,1.0,1.0,3.0,2145717,1.0,1,1,2,5.0,,-1.0,0,1969.0,B01,138Â 303Â 583,1.0,8.0,-1.0,1638536,2.0,7,,0.0,2.0,1.0,B01,138Â 303Â 583,1.0
960056,201900001587,8,16,22:15,5,2,2,1.0,6.0,75119,RUE DE MEAUX,M,"48,8828110","2,3757320",75,2019,30.0,1.0,1.0,4.0,2145718,1.0,1,1,1,5.0,,0.0,0,1987.0,A01,138Â 303Â 580,1.0,0.0,-1.0,1638537,1.0,7,,0.0,2.0,3.0,A01,138Â 303Â 580,1.0
960056,201900001587,8,16,22:15,5,2,2,1.0,6.0,75119,RUE DE MEAUX,M,"48,8828110","2,3757320",75,2019,30.0,1.0,1.0,4.0,2145718,1.0,1,1,1,5.0,,0.0,0,1987.0,A01,138Â 303Â 580,1.0,0.0,-1.0,1638538,1.0,30,,0.0,2.0,6.0,Z01,138Â 303Â 581,1.0
960056,201900001587,8,16,22:15,5,2,2,1.0,6.0,75119,RUE DE MEAUX,M,"48,8828110","2,3757320",75,2019,30.0,1.0,1.0,4.0,2145719,2.0,2,4,1,5.0,,0.0,0,1983.0,Z01,138Â 303Â 581,2.0,6.0,-1.0,1638537,1.0,7,,0.0,2.0,3.0,A01,138Â 303Â 580,1.0
960056,201900001587,8,16,22:15,5,2,2,1.0,6.0,75119,RUE DE MEAUX,M,"48,8828110","2,3757320",75,2019,30.0,1.0,1.0,4.0,2145719,2.0,2,4,1,5.0,,0.0,0,1983.0,Z01,138Â 303Â 581,2.0,6.0,-1.0,1638538,1.0,30,,0.0,2.0,6.0,Z01,138Â 303Â 581,1.0
960057,201900001588,6,12,18:55,1,2,2,1.0,6.0,92014,RAVON (RUE),M,"48,7799480","2,3159417",92,2019,50.0,1.0,1.0,4.0,2145720,1.0,1,1,2,5.0,,-1.0,0,1982.0,A01,138Â 303Â 579,1.0,0.0,-1.0,1638539,2.0,7,,0.0,1.0,2.0,A01,138Â 303Â 579,1.0
960057,201900001588,6,12,18:55,1,2,2,1.0,6.0,92014,RAVON (RUE),M,"48,7799480","2,3159417",92,2019,50.0,1.0,1.0,4.0,2145721,10.0,3,4,1,5.0,,2.0,9,2008.0,A01,138Â 303Â 579,8.0,0.0,-1.0,1638539,2.0,7,,0.0,1.0,2.0,A01,138Â 303Â 579,1.0
960058,201900001589,6,12,13:00,1,2,1,2.0,6.0,92002,DIVISION LECLERC (53 A 217 - 58 A 186),M,"48,7443376","2,3031223",92,2019,50.0,1.0,2.0,3.0,2145722,1.0,1,1,1,4.0,,-1.0,0,1993.0,A01,138Â 303Â 576,2.0,6.0,-1.0,1638540,1.0,33,,0.0,1.0,5.0,A01,138Â 303Â 576,1.0
960058,201900001589,6,12,13:00,1,2,1,2.0,6.0,92002,DIVISION LECLERC (53 A 217 - 58 A 186),M,"48,7443376","2,3031223",92,2019,50.0,1.0,2.0,3.0,2145723,10.0,3,4,1,5.0,,4.0,3,2010.0,A01,138Â 303Â 576,8.0,0.0,-1.0,1638540,1.0,33,,0.0,1.0,5.0,A01,138Â 303Â 576,1.0
960059,201900001590,8,15,22:00,5,2,4,2.0,6.0,75118,AVENUE DE LA PORTE DE LA CHAPELLE,M,"48,8989116","2,3590122",75,2019,50.0,1.0,2.0,4.0,2145724,1.0,1,4,1,0.0,,0.0,0,1996.0,A01,138Â 303Â 574,2.0,0.0,-1.0,1638541,1.0,1,,0.0,2.0,4.0,A01,138Â 303Â 574,5.0
960059,201900001590,8,15,22:00,5,2,4,2.0,6.0,75118,AVENUE DE LA PORTE DE LA CHAPELLE,M,"48,8989116","2,3590122",75,2019,50.0,1.0,2.0,4.0,2145724,1.0,1,4,1,0.0,,0.0,0,1996.0,A01,138Â 303Â 574,2.0,0.0,-1.0,1638542,1.0,7,,0.0,2.0,2.0,Z01,138Â 303Â 575,0.0
960060,201900001591,8,14,15:00,1,2,3,1.0,6.0,75118,RUE SAINT ELEUTHERE,M,"48,8861970","2,3413950",75,2019,30.0,1.0,1.0,4.0,2145725,10.0,3,4,1,0.0,,1.0,3,2014.0,A01,138Â 303Â 571,0.0,0.0,0.0,1638543,1.0,7,,0.0,1.0,1.0,A01,138Â 303Â 571,2.0
960060,201900001591,8,14,15:00,1,2,3,1.0,6.0,75118,RUE SAINT ELEUTHERE,M,"48,8861970","2,3413950",75,2019,30.0,1.0,1.0,4.0,2145726,1.0,1,1,1,4.0,,0.0,0,1970.0,A01,138Â 303Â 571,1.0,0.0,-1.0,1638543,1.0,7,,0.0,1.0,1.0,A01,138Â 303Â 571,2.0
960061,201900001592,8,14,07:55,1,2,2,1.0,6.0,75118,RUE HERMEL,M,"48,8916800","2,3446100",75,2019,50.0,1.0,1.0,4.0,2145727,10.0,3,3,1,0.0,,3.0,3,1970.0,A01,138Â 303Â 570,0.0,0.0,0.0,1638544,1.0,43,,0.0,1.0,1.0,A01,138Â 303Â 570,1.0
960061,201900001592,8,14,07:55,1,2,2,1.0,6.0,75118,RUE HERMEL,M,"48,8916800","2,3446100",75,2019,50.0,1.0,1.0,4.0,2145728,1.0,1,1,1,1.0,,0.0,0,1967.0,A01,138Â 303Â 570,2.0,6.0,-1.0,1638544,1.0,43,,0.0,1.0,1.0,A01,138Â 303Â 570,1.0
960062,201900001593,8,14,10:00,1,2,2,1.0,6.0,75117,RUE DE COURCELLES,M,"48,8812321","2,3010456",75,2019,30.0,1.0,1.0,4.0,2145729,10.0,3,4,1,5.0,,4.0,3,1951.0,A01,138Â 303Â 569,0.0,0.0,0.0,1638545,2.0,10,,0.0,1.0,2.0,A01,138Â 303Â 569,1.0
960062,201900001593,8,14,10:00,1,2,2,1.0,6.0,75117,RUE DE COURCELLES,M,"48,8812321","2,3010456",75,2019,30.0,1.0,1.0,4.0,2145730,1.0,1,1,2,4.0,,0.0,0,1992.0,A01,138Â 303Â 569,1.0,0.0,-1.0,1638545,2.0,10,,0.0,1.0,2.0,A01,138Â 303Â 569,1.0
960063,201900001594,6,8,10:40,1,2,3,1.0,3.0,92002,PRESIDENT KENNEDY (2 A 48),M,"48,7398795","2,3009454",92,2019,50.0,1.0,1.0,3.0,2145731,2.0,2,1,1,5.0,,-1.0,0,1984.0,B01,138Â 303Â 572,1.0,0.0,-1.0,1638546,2.0,10,,0.0,2.0,3.0,B01,138Â 303Â 572,1.0
960063,201900001594,6,8,10:40,1,2,3,1.0,3.0,92002,PRESIDENT KENNEDY (2 A 48),M,"48,7398795","2,3009454",92,2019,50.0,1.0,1.0,3.0,2145731,2.0,2,1,1,5.0,,-1.0,0,1984.0,B01,138Â 303Â 572,1.0,0.0,-1.0,1638547,2.0,30,,0.0,2.0,2.0,A01,138Â 303Â 573,1.0
960063,201900001594,6,8,10:40,1,2,3,1.0,3.0,92002,PRESIDENT KENNEDY (2 A 48),M,"48,7398795","2,3009454",92,2019,50.0,1.0,1.0,3.0,2145732,1.0,1,1,1,5.0,,-1.0,0,1967.0,B01,138Â 303Â 572,1.0,0.0,-1.0,1638546,2.0,10,,0.0,2.0,3.0,B01,138Â 303Â 572,1.0
960063,201900001594,6,8,10:40,1,2,3,1.0,3.0,92002,PRESIDENT KENNEDY (2 A 48),M,"48,7398795","2,3009454",92,2019,50.0,1.0,1.0,3.0,2145732,1.0,1,1,1,5.0,,-1.0,0,1967.0,B01,138Â 303Â 572,1.0,0.0,-1.0,1638547,2.0,30,,0.0,2.0,2.0,A01,138Â 303Â 573,1.0
960063,201900001594,6,8,10:40,1,2,3,1.0,3.0,92002,PRESIDENT KENNEDY (2 A 48),M,"48,7398795","2,3009454",92,2019,50.0,1.0,1.0,3.0,2145733,1.0,1,4,1,5.0,,-1.0,0,2000.0,A01,138Â 303Â 573,2.0,6.0,-1.0,1638546,2.0,10,,0.0,2.0,3.0,B01,138Â 303Â 572,1.0
960063,201900001594,6,8,10:40,1,2,3,1.0,3.0,92002,PRESIDENT KENNEDY (2 A 48),M,"48,7398795","2,3009454",92,2019,50.0,1.0,1.0,3.0,2145733,1.0,1,4,1,5.0,,-1.0,0,2000.0,A01,138Â 303Â 573,2.0,6.0,-1.0,1638547,2.0,30,,0.0,2.0,2.0,A01,138Â 303Â 573,1.0
960063,201900001594,6,8,10:40,1,2,3,1.0,3.0,92002,PRESIDENT KENNEDY (2 A 48),M,"48,7398795","2,3009454",92,2019,50.0,1.0,1.0,3.0,2145734,2.0,2,1,2,5.0,,-1.0,0,2002.0,A01,138Â 303Â 573,2.0,0.0,-1.0,1638546,2.0,10,,0.0,2.0,3.0,B01,138Â 303Â 572,1.0
960063,201900001594,6,8,10:40,1,2,3,1.0,3.0,92002,PRESIDENT KENNEDY (2 A 48),M,"48,7398795","2,3009454",92,2019,50.0,1.0,1.0,3.0,2145734,2.0,2,1,2,5.0,,-1.0,0,2002.0,A01,138Â 303Â 573,2.0,0.0,-1.0,1638547,2.0,30,,0.0,2.0,2.0,A01,138Â 303Â 573,1.0
960064,201900001595,8,12,12:40,1,2,7,1.0,3.0,75117,PLACE DE VERDUN,M,"48,8795871","2,2808435",75,2019,50.0,1.0,1.0,4.0,2145735,1.0,1,1,1,9.0,,0.0,0,1980.0,B01,138Â 303Â 567,1.0,0.0,-1.0,1638548,1.0,38,1.0,0.0,2.0,7.0,B01,138Â 303Â 567,1.0
960064,201900001595,8,12,12:40,1,2,7,1.0,3.0,75117,PLACE DE VERDUN,M,"48,8795871","2,2808435",75,2019,50.0,1.0,1.0,4.0,2145735,1.0,1,1,1,9.0,,0.0,0,1980.0,B01,138Â 303Â 567,1.0,0.0,-1.0,1638549,1.0,32,,0.0,2.0,8.0,A01,138Â 303Â 568,1.0
960064,201900001595,8,12,12:40,1,2,7,1.0,3.0,75117,PLACE DE VERDUN,M,"48,8795871","2,2808435",75,2019,50.0,1.0,1.0,4.0,2145736,1.0,1,4,1,4.0,,0.0,0,1965.0,A01,138Â 303Â 568,2.0,6.0,-1.0,1638548,1.0,38,1.0,0.0,2.0,7.0,B01,138Â 303Â 567,1.0
960064,201900001595,8,12,12:40,1,2,7,1.0,3.0,75117,PLACE DE VERDUN,M,"48,8795871","2,2808435",75,2019,50.0,1.0,1.0,4.0,2145736,1.0,1,4,1,4.0,,0.0,0,1965.0,A01,138Â 303Â 568,2.0,6.0,-1.0,1638549,1.0,32,,0.0,2.0,8.0,A01,138Â 303Â 568,1.0
960065,201900001596,6,3,19:30,1,2,3,1.0,3.0,92002,ARMAND GUILLEBAUD (AVENUE),M,"48,7486198","2,3074262",92,2019,50.0,2.0,1.0,3.0,2145737,1.0,1,4,1,5.0,,-1.0,0,1992.0,B01,138Â 303Â 565,2.0,6.0,-1.0,1638550,2.0,33,,0.0,2.0,1.0,B01,138Â 303Â 565,1.0
960065,201900001596,6,3,19:30,1,2,3,1.0,3.0,92002,ARMAND GUILLEBAUD (AVENUE),M,"48,7486198","2,3074262",92,2019,50.0,2.0,1.0,3.0,2145737,1.0,1,4,1,5.0,,-1.0,0,1992.0,B01,138Â 303Â 565,2.0,6.0,-1.0,1638551,2.0,7,,0.0,2.0,3.0,A01,138Â 303Â 566,1.0
960065,201900001596,6,3,19:30,1,2,3,1.0,3.0,92002,ARMAND GUILLEBAUD (AVENUE),M,"48,7486198","2,3074262",92,2019,50.0,2.0,1.0,3.0,2145738,1.0,1,1,1,5.0,,-1.0,0,1997.0,A01,138Â 303Â 566,1.0,0.0,-1.0,1638550,2.0,33,,0.0,2.0,1.0,B01,138Â 303Â 565,1.0
960065,201900001596,6,3,19:30,1,2,3,1.0,3.0,92002,ARMAND GUILLEBAUD (AVENUE),M,"48,7486198","2,3074262",92,2019,50.0,2.0,1.0,3.0,2145738,1.0,1,1,1,5.0,,-1.0,0,1997.0,A01,138Â 303Â 566,1.0,0.0,-1.0,1638551,2.0,7,,0.0,2.0,3.0,A01,138Â 303Â 566,1.0
960066,201900001597,8,17,19:05,1,2,1,2.0,3.0,75116,RUE DU COMMANDANT GUILBAUD,M,"48,8401400","2,2516350",75,2019,50.0,1.0,2.0,4.0,2145739,1.0,1,4,1,4.0,,0.0,0,1998.0,B01,138Â 303Â 563,2.0,6.0,-1.0,1638552,2.0,30,,0.0,2.0,1.0,B01,138Â 303Â 563,3.0
960066,201900001597,8,17,19:05,1,2,1,2.0,3.0,75116,RUE DU COMMANDANT GUILBAUD,M,"48,8401400","2,2516350",75,2019,50.0,1.0,2.0,4.0,2145739,1.0,1,4,1,4.0,,0.0,0,1998.0,B01,138Â 303Â 563,2.0,6.0,-1.0,1638553,2.0,7,,0.0,2.0,3.0,A01,138Â 303Â 564,1.0
960066,201900001597,8,17,19:05,1,2,1,2.0,3.0,75116,RUE DU COMMANDANT GUILBAUD,M,"48,8401400","2,2516350",75,2019,50.0,1.0,2.0,4.0,2145740,1.0,1,1,2,4.0,,0.0,0,1995.0,A01,138Â 303Â 564,1.0,0.0,-1.0,1638552,2.0,30,,0.0,2.0,1.0,B01,138Â 303Â 563,3.0
960066,201900001597,8,17,19:05,1,2,1,2.0,3.0,75116,RUE DU COMMANDANT GUILBAUD,M,"48,8401400","2,2516350",75,2019,50.0,1.0,2.0,4.0,2145740,1.0,1,1,2,4.0,,0.0,0,1995.0,A01,138Â 303Â 564,1.0,0.0,-1.0,1638553,2.0,7,,0.0,2.0,3.0,A01,138Â 303Â 564,1.0
960067,201900001598,6,2,02:54,3,1,1,1.0,7.0,22213,Le Bouillon,M,"48,5081292"," -1,9988723",22,2019,70.0,3.0,1.0,3.0,2145741,1.0,1,2,1,5.0,,0.0,0,1999.0,A01,138Â 303Â 562,1.0,-1.0,-1.0,1638554,2.0,7,,13.0,0.0,9.0,A01,138Â 303Â 562,1.0
960068,201900001599,8,17,02:50,5,2,3,2.0,3.0,75116,AVENUE DU PRESIDENT KENNEDY,M,"48,8527065","2,2807069",75,2019,50.0,1.0,2.0,4.0,2145742,3.0,2,1,2,5.0,,0.0,0,1993.0,B01,138Â 303Â 560,1.0,0.0,-1.0,1638555,1.0,7,,0.0,2.0,2.0,B01,138Â 303Â 560,1.0
960068,201900001599,8,17,02:50,5,2,3,2.0,3.0,75116,AVENUE DU PRESIDENT KENNEDY,M,"48,8527065","2,2807069",75,2019,50.0,1.0,2.0,4.0,2145742,3.0,2,1,2,5.0,,0.0,0,1993.0,B01,138Â 303Â 560,1.0,0.0,-1.0,1638556,1.0,33,,0.0,2.0,1.0,A01,138Â 303Â 561,1.0
960068,201900001599,8,17,02:50,5,2,3,2.0,3.0,75116,AVENUE DU PRESIDENT KENNEDY,M,"48,8527065","2,2807069",75,2019,50.0,1.0,2.0,4.0,2145743,1.0,1,1,1,5.0,,0.0,0,1983.0,B01,138Â 303Â 560,1.0,0.0,-1.0,1638555,1.0,7,,0.0,2.0,2.0,B01,138Â 303Â 560,1.0
960068,201900001599,8,17,02:50,5,2,3,2.0,3.0,75116,AVENUE DU PRESIDENT KENNEDY,M,"48,8527065","2,2807069",75,2019,50.0,1.0,2.0,4.0,2145743,1.0,1,1,1,5.0,,0.0,0,1983.0,B01,138Â 303Â 560,1.0,0.0,-1.0,1638556,1.0,33,,0.0,2.0,1.0,A01,138Â 303Â 561,1.0
960068,201900001599,8,17,02:50,5,2,3,2.0,3.0,75116,AVENUE DU PRESIDENT KENNEDY,M,"48,8527065","2,2807069",75,2019,50.0,1.0,2.0,4.0,2145744,2.0,2,1,2,5.0,,0.0,0,1990.0,B01,138Â 303Â 560,1.0,0.0,-1.0,1638555,1.0,7,,0.0,2.0,2.0,B01,138Â 303Â 560,1.0
960068,201900001599,8,17,02:50,5,2,3,2.0,3.0,75116,AVENUE DU PRESIDENT KENNEDY,M,"48,8527065","2,2807069",75,2019,50.0,1.0,2.0,4.0,2145744,2.0,2,1,2,5.0,,0.0,0,1990.0,B01,138Â 303Â 560,1.0,0.0,-1.0,1638556,1.0,33,,0.0,2.0,1.0,A01,138Â 303Â 561,1.0
960068,201900001599,8,17,02:50,5,2,3,2.0,3.0,75116,AVENUE DU PRESIDENT KENNEDY,M,"48,8527065","2,2807069",75,2019,50.0,1.0,2.0,4.0,2145745,1.0,1,4,1,5.0,,0.0,0,1988.0,A01,138Â 303Â 561,2.0,6.0,-1.0,1638555,1.0,7,,0.0,2.0,2.0,B01,138Â 303Â 560,1.0