Unnamed: 0_x,num_acc,mois,jour,hrmn,lum,agg,int,atm,col,com,adr,gps,lat,long,dep,annee,vma,situ,surf,catr,Unnamed: 0_y,place,catu,grav,sexe,trajet,secu,locp,actp,an_nais,num_veh_x,id_vehicule_x,secu1,secu2,secu3,Unnamed: 0,senc,catv,occutc,obs,obsm,choc,num_veh_y,id_vehicule_y,motor
960068,201900001599,8,17,02:50,5,2,3,2.0,3.0,75116,AVENUE DU PRESIDENT KENNEDY,M,"48,8527065","2,2807069",75,2019,50.0,1.0,2.0,4.0,2145745,1.0,1,4,1,5.0,,0.0,0,1988.0,A01,138Â 303Â 561,2.0,6.0,-1.0,1638556,1.0,33,,0.0,2.0,1.0,A01,138Â 303Â 561,1.0
960068,201900001599,8,17,02:50,5,2,3,2.0,3.0,75116,AVENUE DU PRESIDENT KENNEDY,M,"48,8527065","2,2807069",75,2019,50.0,1.0,2.0,4.0,2145746,2.0,2,4,1,5.0,,0.0,0,1988.0,A01,138Â 303Â 561,2.0,6.0,-1.0,1638555,1.0,7,,0.0,2.0,2.0,B01,138Â 303Â 560,1.0
960068,201900001599,8,17,02:50,5,2,3,2.0,3.0,75116,AVENUE DU PRESIDENT KENNEDY,M,"48,8527065","2,2807069",75,2019,50.0,1.0,2.0,4.0,2145746,2.0,2,4,1,5.0,,0.0,0,1988.0,A01,138Â 303Â 561,2.0,6.0,-1.0,1638556,1.0,33,,0.0,2.0,1.0,A01,138Â 303Â 561,1.0
960069,201900001600,8,14,10:15,1,2,3,1.0,3.0,75116,AVENUE DE LA GRANDE ARMEE,M,"48,8748065","2,2917062",75,2019,50.0,1.0,1.0,4.0,2145747,1.0,1,4,1,4.0,,0.0,0,1971.0,B01,138Â 303Â 555,2.0,6.0,-1.0,1638557,2.0,31,,0.0,2.0,7.0,B01,138Â 303Â 555,1.0
960069,201900001600,8,14,10:15,1,2,3,1.0,3.0,75116,AVENUE DE LA GRANDE ARMEE,M,"48,8748065","2,2917062",75,2019,50.0,1.0,1.0,4.0,2145747,1.0,1,4,1,4.0,,0.0,0,1971.0,B01,138Â 303Â 555,2.0,6.0,-1.0,1638558,1.0,10,,0.0,2.0,2.0,A01,138Â 303Â 557,1.0
960069,201900001600,8,14,10:15,1,2,3,1.0,3.0,75116,AVENUE DE LA GRANDE ARMEE,M,"48,8748065","2,2917062",75,2019,50.0,1.0,1.0,4.0,2145748,1.0,1,1,1,4.0,,0.0,0,1970.0,A01,138Â 303Â 557,1.0,0.0,-1.0,1638557,2.0,31,,0.0,2.0,7.0,B01,138Â 303Â 555,1.0
960069,201900001600,8,14,10:15,1,2,3,1.0,3.0,75116,AVENUE DE LA GRANDE ARMEE,M,"48,8748065","2,2917062",75,2019,50.0,1.0,1.0,4.0,2145748,1.0,1,1,1,4.0,,0.0,0,1970.0,A01,138Â 303Â 557,1.0,0.0,-1.0,1638558,1.0,10,,0.0,2.0,2.0,A01,138Â 303Â 557,1.0
960070,201900001601,6,1,18:50,1,1,3,1.0,3.0,80540,D50,M,"50,0467260","2,6617670",80,2019,80.0,8.0,1.0,3.0,2145749,1.0,1,1,1,5.0,,0.0,0,1946.0,B01,138Â 303Â 556,1.0,-1.0,-1.0,1638559,1.0,7,,0.0,0.0,5.0,B01,138Â 303Â 556,1.0
960070,201900001601,6,1,18:50,1,1,3,1.0,3.0,80540,D50,M,"50,0467260","2,6617670",80,2019,80.0,8.0,1.0,3.0,2145749,1.0,1,1,1,5.0,,0.0,0,1946.0,B01,138Â 303Â 556,1.0,-1.0,-1.0,1638560,2.0,33,,0.0,2.0,1.0,A01,138Â 303Â 558,1.0
960070,201900001601,6,1,18:50,1,1,3,1.0,3.0,80540,D50,M,"50,0467260","2,6617670",80,2019,80.0,8.0,1.0,3.0,2145750,1.0,1,3,1,0.0,,0.0,0,1988.0,A01,138Â 303Â 558,2.0,6.0,9.0,1638559,1.0,7,,0.0,0.0,5.0,B01,138Â 303Â 556,1.0
960070,201900001601,6,1,18:50,1,1,3,1.0,3.0,80540,D50,M,"50,0467260","2,6617670",80,2019,80.0,8.0,1.0,3.0,2145750,1.0,1,3,1,0.0,,0.0,0,1988.0,A01,138Â 303Â 558,2.0,6.0,9.0,1638560,2.0,33,,0.0,2.0,1.0,A01,138Â 303Â 558,1.0
960071,201900001602,6,1,12:55,1,1,6,1.0,7.0,37123,D952,M,"47,3290400","0,4463210",37,2019,50.0,1.0,1.0,3.0,2145751,1.0,1,4,2,4.0,,0.0,0,1997.0,A01,138Â 303Â 553,0.0,-1.0,-1.0,1638561,1.0,15,,3.0,0.0,7.0,A01,138Â 303Â 553,4.0
960071,201900001602,6,1,12:55,1,1,6,1.0,7.0,37123,D952,M,"47,3290400","0,4463210",37,2019,50.0,1.0,1.0,3.0,2145752,2.0,2,4,1,4.0,,0.0,0,1993.0,A01,138Â 303Â 553,0.0,-1.0,-1.0,1638561,1.0,15,,3.0,0.0,7.0,A01,138Â 303Â 553,4.0
960072,201900001603,8,15,17:20,1,2,2,1.0,3.0,75115,RUE EMERIAU,M,"48,8487262","2,2852260",75,2019,50.0,1.0,1.0,4.0,2145753,1.0,1,1,1,3.0,,0.0,0,1985.0,A01,138Â 303Â 552,1.0,0.0,-1.0,1638562,2.0,7,,0.0,2.0,3.0,A01,138Â 303Â 552,1.0
960072,201900001603,8,15,17:20,1,2,2,1.0,3.0,75115,RUE EMERIAU,M,"48,8487262","2,2852260",75,2019,50.0,1.0,1.0,4.0,2145753,1.0,1,1,1,3.0,,0.0,0,1985.0,A01,138Â 303Â 552,1.0,0.0,-1.0,1638563,1.0,7,,0.0,2.0,8.0,B01,138Â 303Â 554,1.0
960072,201900001603,8,15,17:20,1,2,2,1.0,3.0,75115,RUE EMERIAU,M,"48,8487262","2,2852260",75,2019,50.0,1.0,1.0,4.0,2145754,1.0,1,4,2,3.0,,0.0,0,1986.0,B01,138Â 303Â 554,1.0,0.0,-1.0,1638562,2.0,7,,0.0,2.0,3.0,A01,138Â 303Â 552,1.0
960072,201900001603,8,15,17:20,1,2,2,1.0,3.0,75115,RUE EMERIAU,M,"48,8487262","2,2852260",75,2019,50.0,1.0,1.0,4.0,2145754,1.0,1,4,2,3.0,,0.0,0,1986.0,B01,138Â 303Â 554,1.0,0.0,-1.0,1638563,1.0,7,,0.0,2.0,8.0,B01,138Â 303Â 554,1.0
960073,201900001604,6,5,09:18,1,2,3,2.0,6.0,37063,32 Rue Gambetta,M,"47,5954235","0,9129736",37,2019,50.0,1.0,2.0,3.0,2145755,1.0,1,1,1,3.0,,0.0,0,1944.0,A01,138Â 303Â 551,1.0,-1.0,-1.0,1638564,1.0,7,,0.0,1.0,2.0,A01,138Â 303Â 551,1.0
960073,201900001604,6,5,09:18,1,2,3,2.0,6.0,37063,32 Rue Gambetta,M,"47,5954235","0,9129736",37,2019,50.0,1.0,2.0,3.0,2145756,10.0,3,3,1,2.0,,4.0,3,2003.0,A01,138Â 303Â 551,0.0,-1.0,-1.0,1638564,1.0,7,,0.0,1.0,2.0,A01,138Â 303Â 551,1.0
960074,201900001605,8,16,17:05,1,2,4,1.0,3.0,75114,BOULEVARD ROMAIN ROLLAND,M,"48,8202094","2,3239812",75,2019,50.0,1.0,1.0,4.0,2145757,1.0,1,4,2,5.0,,0.0,0,1996.0,B01,138Â 303Â 549,1.0,0.0,-1.0,1638565,2.0,7,,0.0,2.0,3.0,B01,138Â 303Â 549,1.0
960074,201900001605,8,16,17:05,1,2,4,1.0,3.0,75114,BOULEVARD ROMAIN ROLLAND,M,"48,8202094","2,3239812",75,2019,50.0,1.0,1.0,4.0,2145757,1.0,1,4,2,5.0,,0.0,0,1996.0,B01,138Â 303Â 549,1.0,0.0,-1.0,1638566,2.0,10,,0.0,2.0,2.0,A01,138Â 303Â 550,1.0
960074,201900001605,8,16,17:05,1,2,4,1.0,3.0,75114,BOULEVARD ROMAIN ROLLAND,M,"48,8202094","2,3239812",75,2019,50.0,1.0,1.0,4.0,2145758,2.0,2,4,2,5.0,,0.0,0,1993.0,B01,138Â 303Â 549,1.0,0.0,-1.0,1638565,2.0,7,,0.0,2.0,3.0,B01,138Â 303Â 549,1.0
960074,201900001605,8,16,17:05,1,2,4,1.0,3.0,75114,BOULEVARD ROMAIN ROLLAND,M,"48,8202094","2,3239812",75,2019,50.0,1.0,1.0,4.0,2145758,2.0,2,4,2,5.0,,0.0,0,1993.0,B01,138Â 303Â 549,1.0,0.0,-1.0,1638566,2.0,10,,0.0,2.0,2.0,A01,138Â 303Â 550,1.0
960074,201900001605,8,16,17:05,1,2,4,1.0,3.0,75114,BOULEVARD ROMAIN ROLLAND,M,"48,8202094","2,3239812",75,2019,50.0,1.0,1.0,4.0,2145759,1.0,1,1,1,4.0,,0.0,0,1974.0,A01,138Â 303Â 550,1.0,0.0,-1.0,1638565,2.0,7,,0.0,2.0,3.0,B01,138Â 303Â 549,1.0
960074,201900001605,8,16,17:05,1,2,4,1.0,3.0,75114,BOULEVARD ROMAIN ROLLAND,M,"48,8202094","2,3239812",75,2019,50.0,1.0,1.0,4.0,2145759,1.0,1,1,1,4.0,,0.0,0,1974.0,A01,138Â 303Â 550,1.0,0.0,-1.0,1638566,2.0,10,,0.0,2.0,2.0,A01,138Â 303Â 550,1.0
960075,201900001606,6,9,17:30,1,2,1,1.0,6.0,83043,lieu dit le moulin,M,"43,2370450","6,3146330",83,2019,50.0,1.0,1.0,3.0,2145760,1.0,1,1,1,5.0,,0.0,0,1958.0,A01,138Â 303Â 548,2.0,6.0,9.0,1638567,1.0,33,,0.0,1.0,2.0,A01,138Â 303Â 548,1.0
960075,201900001606,6,9,17:30,1,2,1,1.0,6.0,83043,lieu dit le moulin,M,"43,2370450","6,3146330",83,2019,50.0,1.0,1.0,3.0,2145761,2.0,2,4,2,5.0,,0.0,0,1964.0,A01,138Â 303Â 548,2.0,6.0,-1.0,1638567,1.0,33,,0.0,1.0,2.0,A01,138Â 303Â 548,1.0
960075,201900001606,6,9,17:30,1,2,1,1.0,6.0,83043,lieu dit le moulin,M,"43,2370450","6,3146330",83,2019,50.0,1.0,1.0,3.0,2145762,10.0,3,4,1,5.0,,1.0,3,1988.0,A01,138Â 303Â 548,0.0,-1.0,-1.0,1638567,1.0,33,,0.0,1.0,2.0,A01,138Â 303Â 548,1.0
960076,201900001607,6,4,17:30,1,1,1,9.0,6.0,01444,D 19 PK 2+700,M,"45,8362036","5,4373044",1,2019,80.0,3.0,1.0,3.0,2145763,1.0,1,4,2,1.0,,0.0,0,1982.0,A01,138Â 303Â 546,1.0,-1.0,-1.0,1638568,1.0,7,,13.0,0.0,9.0,A01,138Â 303Â 546,0.0
960077,201900001608,8,16,11:10,1,2,2,1.0,6.0,75114,BOULEVARD JOURDAN,M,"48,8213962","2,3343745",75,2019,50.0,1.0,1.0,4.0,2145764,1.0,1,4,1,5.0,,0.0,0,1955.0,A01,138Â 303Â 547,1.0,0.0,-1.0,1638569,2.0,7,,15.0,0.0,3.0,A01,138Â 303Â 547,1.0
960078,201900001609,8,12,04:07,5,2,2,1.0,3.0,75114,AVENUE DU MAINE,M,"48,8368401","2,3232434",75,2019,50.0,1.0,1.0,4.0,2145765,1.0,1,1,1,0.0,,0.0,0,1996.0,B01,138Â 303Â 542,1.0,0.0,-1.0,1638570,1.0,7,,0.0,2.0,5.0,B01,138Â 303Â 542,1.0
960078,201900001609,8,12,04:07,5,2,2,1.0,3.0,75114,AVENUE DU MAINE,M,"48,8368401","2,3232434",75,2019,50.0,1.0,1.0,4.0,2145765,1.0,1,1,1,0.0,,0.0,0,1996.0,B01,138Â 303Â 542,1.0,0.0,-1.0,1638571,2.0,30,,0.0,2.0,1.0,A01,138Â 303Â 543,1.0
960078,201900001609,8,12,04:07,5,2,2,1.0,3.0,75114,AVENUE DU MAINE,M,"48,8368401","2,3232434",75,2019,50.0,1.0,1.0,4.0,2145766,1.0,1,4,1,0.0,,0.0,0,2004.0,A01,138Â 303Â 543,2.0,6.0,-1.0,1638570,1.0,7,,0.0,2.0,5.0,B01,138Â 303Â 542,1.0
960078,201900001609,8,12,04:07,5,2,2,1.0,3.0,75114,AVENUE DU MAINE,M,"48,8368401","2,3232434",75,2019,50.0,1.0,1.0,4.0,2145766,1.0,1,4,1,0.0,,0.0,0,2004.0,A01,138Â 303Â 543,2.0,6.0,-1.0,1638571,2.0,30,,0.0,2.0,1.0,A01,138Â 303Â 543,1.0
960078,201900001609,8,12,04:07,5,2,2,1.0,3.0,75114,AVENUE DU MAINE,M,"48,8368401","2,3232434",75,2019,50.0,1.0,1.0,4.0,2145767,2.0,2,1,1,0.0,,0.0,0,2002.0,A01,138Â 303Â 543,2.0,6.0,-1.0,1638570,1.0,7,,0.0,2.0,5.0,B01,138Â 303Â 542,1.0
960078,201900001609,8,12,04:07,5,2,2,1.0,3.0,75114,AVENUE DU MAINE,M,"48,8368401","2,3232434",75,2019,50.0,1.0,1.0,4.0,2145767,2.0,2,1,1,0.0,,0.0,0,2002.0,A01,138Â 303Â 543,2.0,6.0,-1.0,1638571,2.0,30,,0.0,2.0,1.0,A01,138Â 303Â 543,1.0
960079,201900001610,6,3,14:05,1,2,1,1.0,6.0,47048,Avenue du Parc des Sports,M,"44,5386850","0,6217380",47,2019,50.0,1.0,1.0,2.0,2145768,1.0,1,4,1,5.0,,0.0,0,1950.0,A01,138Â 303Â 541,1.0,-1.0,-1.0,1638572,1.0,7,,2.0,0.0,2.0,A01,138Â 303Â 541,1.0
960079,201900001610,6,3,14:05,1,2,1,1.0,6.0,47048,Avenue du Parc des Sports,M,"44,5386850","0,6217380",47,2019,50.0,1.0,1.0,2.0,2145769,2.0,2,3,2,5.0,,0.0,0,1950.0,A01,138Â 303Â 541,1.0,-1.0,-1.0,1638572,1.0,7,,2.0,0.0,2.0,A01,138Â 303Â 541,1.0
960080,201900001611,6,15,09:00,1,1,1,1.0,6.0,54089,D913,M,"48,7851440","6,2803250",54,2019,80.0,8.0,1.0,3.0,2145770,1.0,1,2,1,0.0,,0.0,0,2000.0,A01,138Â 303Â 540,1.0,-1.0,-1.0,1638573,1.0,7,,13.0,0.0,1.0,A01,138Â 303Â 540,1.0
960081,201900001612,8,17,19:35,1,2,1,2.0,6.0,75113,RUE CLISSON,M,"48,8316237","2,3667222",75,2019,30.0,1.0,2.0,4.0,2145771,10.0,3,4,2,0.0,,2.0,3,1940.0,A01,138Â 303Â 539,0.0,0.0,0.0,1638574,1.0,7,,0.0,1.0,6.0,A01,138Â 303Â 539,1.0
960081,201900001612,8,17,19:35,1,2,1,2.0,6.0,75113,RUE CLISSON,M,"48,8316237","2,3667222",75,2019,30.0,1.0,2.0,4.0,2145772,1.0,1,1,1,0.0,,0.0,0,1959.0,A01,138Â 303Â 539,1.0,0.0,-1.0,1638574,1.0,7,,0.0,1.0,6.0,A01,138Â 303Â 539,1.0
960082,201900001613,5,31,19:15,1,1,1,7.0,2.0,81271,A 68  PK 027+385  sens  dÃ©croissant   echangeur 6,M,"43,7597920","1,7113930",81,2019,130.0,1.0,1.0,1.0,2145773,1.0,1,3,2,9.0,,0.0,0,2000.0,A01,138Â 303Â 537,1.0,-1.0,-1.0,1638575,2.0,7,,0.0,2.0,1.0,A01,138Â 303Â 537,1.0
960082,201900001613,5,31,19:15,1,1,1,7.0,2.0,81271,A 68  PK 027+385  sens  dÃ©croissant   echangeur 6,M,"43,7597920","1,7113930",81,2019,130.0,1.0,1.0,1.0,2145773,1.0,1,3,2,9.0,,0.0,0,2000.0,A01,138Â 303Â 537,1.0,-1.0,-1.0,1638576,2.0,37,1.0,0.0,0.0,6.0,B01,138Â 303Â 538,1.0
960082,201900001613,5,31,19:15,1,1,1,7.0,2.0,81271,A 68  PK 027+385  sens  dÃ©croissant   echangeur 6,M,"43,7597920","1,7113930",81,2019,130.0,1.0,1.0,1.0,2145774,1.0,1,1,1,4.0,,0.0,0,1957.0,B01,138Â 303Â 538,1.0,-1.0,-1.0,1638575,2.0,7,,0.0,2.0,1.0,A01,138Â 303Â 537,1.0
960082,201900001613,5,31,19:15,1,1,1,7.0,2.0,81271,A 68  PK 027+385  sens  dÃ©croissant   echangeur 6,M,"43,7597920","1,7113930",81,2019,130.0,1.0,1.0,1.0,2145774,1.0,1,1,1,4.0,,0.0,0,1957.0,B01,138Â 303Â 538,1.0,-1.0,-1.0,1638576,2.0,37,1.0,0.0,0.0,6.0,B01,138Â 303Â 538,1.0
960083,201900001614,8,16,16:00,1,2,1,1.0,2.0,75113,AVENUE D ITALIE,M,"48,8291571","2,3562258",75,2019,50.0,1.0,1.0,4.0,2145775,1.0,1,4,1,5.0,,0.0,0,1994.0,A01,138Â 303Â 535,2.0,6.0,-1.0,1638577,2.0,30,,0.0,2.0,1.0,A01,138Â 303Â 535,3.0
960083,201900001614,8,16,16:00,1,2,1,1.0,2.0,75113,AVENUE D ITALIE,M,"48,8291571","2,3562258",75,2019,50.0,1.0,1.0,4.0,2145775,1.0,1,4,1,5.0,,0.0,0,1994.0,A01,138Â 303Â 535,2.0,6.0,-1.0,1638578,2.0,7,,0.0,2.0,5.0,B01,138Â 303Â 536,1.0
960083,201900001614,8,16,16:00,1,2,1,1.0,2.0,75113,AVENUE D ITALIE,M,"48,8291571","2,3562258",75,2019,50.0,1.0,1.0,4.0,2145776,1.0,1,1,1,5.0,,0.0,0,1975.0,B01,138Â 303Â 536,1.0,0.0,-1.0,1638577,2.0,30,,0.0,2.0,1.0,A01,138Â 303Â 535,3.0
960083,201900001614,8,16,16:00,1,2,1,1.0,2.0,75113,AVENUE D ITALIE,M,"48,8291571","2,3562258",75,2019,50.0,1.0,1.0,4.0,2145776,1.0,1,1,1,5.0,,0.0,0,1975.0,B01,138Â 303Â 536,1.0,0.0,-1.0,1638578,2.0,7,,0.0,2.0,5.0,B01,138Â 303Â 536,1.0
960084,201900001615,8,15,00:25,5,2,3,1.0,6.0,75107,QUAI D ORSAY,M,"48,8623324","2,3074885",75,2019,50.0,1.0,1.0,4.0,2145777,5.0,2,4,1,0.0,,0.0,0,2009.0,A01,138Â 303Â 533,1.0,0.0,-1.0,1638579,2.0,7,,0.0,2.0,1.0,Z01,138Â 303Â 532,1.0
960084,201900001615,8,15,00:25,5,2,3,1.0,6.0,75107,QUAI D ORSAY,M,"48,8623324","2,3074885",75,2019,50.0,1.0,1.0,4.0,2145777,5.0,2,4,1,0.0,,0.0,0,2009.0,A01,138Â 303Â 533,1.0,0.0,-1.0,1638580,2.0,7,,0.0,2.0,4.0,A01,138Â 303Â 533,1.0
960084,201900001615,8,15,00:25,5,2,3,1.0,6.0,75107,QUAI D ORSAY,M,"48,8623324","2,3074885",75,2019,50.0,1.0,1.0,4.0,2145778,1.0,1,1,1,5.0,,0.0,0,1954.0,A01,138Â 303Â 533,1.0,0.0,-1.0,1638579,2.0,7,,0.0,2.0,1.0,Z01,138Â 303Â 532,1.0
960084,201900001615,8,15,00:25,5,2,3,1.0,6.0,75107,QUAI D ORSAY,M,"48,8623324","2,3074885",75,2019,50.0,1.0,1.0,4.0,2145778,1.0,1,1,1,5.0,,0.0,0,1954.0,A01,138Â 303Â 533,1.0,0.0,-1.0,1638580,2.0,7,,0.0,2.0,4.0,A01,138Â 303Â 533,1.0
960085,201900001616,6,9,05:15,3,1,1,1.0,3.0,2A189,RD 157 - lieu-dit Tenutella,M,"41,7080410","8,8304550",2A,2019,80.0,1.0,1.0,3.0,2145779,1.0,1,4,1,5.0,,0.0,0,1995.0,B01,138Â 303Â 531,1.0,-1.0,-1.0,1638581,1.0,7,,0.0,2.0,8.0,B01,138Â 303Â 531,1.0
960085,201900001616,6,9,05:15,3,1,1,1.0,3.0,2A189,RD 157 - lieu-dit Tenutella,M,"41,7080410","8,8304550",2A,2019,80.0,1.0,1.0,3.0,2145779,1.0,1,4,1,5.0,,0.0,0,1995.0,B01,138Â 303Â 531,1.0,-1.0,-1.0,1638582,2.0,7,,0.0,2.0,3.0,A01,138Â 303Â 534,1.0
960085,201900001616,6,9,05:15,3,1,1,1.0,3.0,2A189,RD 157 - lieu-dit Tenutella,M,"41,7080410","8,8304550",2A,2019,80.0,1.0,1.0,3.0,2145780,2.0,2,1,1,5.0,,0.0,0,1994.0,B01,138Â 303Â 531,1.0,-1.0,-1.0,1638581,1.0,7,,0.0,2.0,8.0,B01,138Â 303Â 531,1.0
960085,201900001616,6,9,05:15,3,1,1,1.0,3.0,2A189,RD 157 - lieu-dit Tenutella,M,"41,7080410","8,8304550",2A,2019,80.0,1.0,1.0,3.0,2145780,2.0,2,1,1,5.0,,0.0,0,1994.0,B01,138Â 303Â 531,1.0,-1.0,-1.0,1638582,2.0,7,,0.0,2.0,3.0,A01,138Â 303Â 534,1.0
960085,201900001616,6,9,05:15,3,1,1,1.0,3.0,2A189,RD 157 - lieu-dit Tenutella,M,"41,7080410","8,8304550",2A,2019,80.0,1.0,1.0,3.0,2145781,3.0,2,4,1,5.0,,0.0,0,1987.0,A01,138Â 303Â 534,1.0,-1.0,-1.0,1638581,1.0,7,,0.0,2.0,8.0,B01,138Â 303Â 531,1.0
960085,201900001616,6,9,05:15,3,1,1,1.0,3.0,2A189,RD 157 - lieu-dit Tenutella,M,"41,7080410","8,8304550",2A,2019,80.0,1.0,1.0,3.0,2145781,3.0,2,4,1,5.0,,0.0,0,1987.0,A01,138Â 303Â 534,1.0,-1.0,-1.0,1638582,2.0,7,,0.0,2.0,3.0,A01,138Â 303Â 534,1.0
960085,201900001616,6,9,05:15,3,1,1,1.0,3.0,2A189,RD 157 - lieu-dit Tenutella,M,"41,7080410","8,8304550",2A,2019,80.0,1.0,1.0,3.0,2145782,1.0,1,1,1,5.0,,0.0,0,1989.0,A01,138Â 303Â 534,1.0,-1.0,-1.0,1638581,1.0,7,,0.0,2.0,8.0,B01,138Â 303Â 531,1.0
960085,201900001616,6,9,05:15,3,1,1,1.0,3.0,2A189,RD 157 - lieu-dit Tenutella,M,"41,7080410","8,8304550",2A,2019,80.0,1.0,1.0,3.0,2145782,1.0,1,1,1,5.0,,0.0,0,1989.0,A01,138Â 303Â 534,1.0,-1.0,-1.0,1638582,2.0,7,,0.0,2.0,3.0,A01,138Â 303Â 534,1.0
960086,201900001617,8,14,00:32,5,2,3,1.0,3.0,75113,QUAI D AUSTERLITZ,M,"48,8430669","2,3663200",75,2019,30.0,1.0,1.0,4.0,2145783,1.0,1,1,1,5.0,,0.0,0,1978.0,A01,138Â 303Â 529,1.0,0.0,-1.0,1638583,1.0,10,,0.0,2.0,3.0,A01,138Â 303Â 529,1.0
960086,201900001617,8,14,00:32,5,2,3,1.0,3.0,75113,QUAI D AUSTERLITZ,M,"48,8430669","2,3663200",75,2019,30.0,1.0,1.0,4.0,2145783,1.0,1,1,1,5.0,,0.0,0,1978.0,A01,138Â 303Â 529,1.0,0.0,-1.0,1638584,2.0,30,,0.0,2.0,3.0,B01,138Â 303Â 530,3.0
960086,201900001617,8,14,00:32,5,2,3,1.0,3.0,75113,QUAI D AUSTERLITZ,M,"48,8430669","2,3663200",75,2019,30.0,1.0,1.0,4.0,2145784,1.0,1,4,1,5.0,,0.0,0,1982.0,B01,138Â 303Â 530,2.0,6.0,-1.0,1638583,1.0,10,,0.0,2.0,3.0,A01,138Â 303Â 529,1.0
960086,201900001617,8,14,00:32,5,2,3,1.0,3.0,75113,QUAI D AUSTERLITZ,M,"48,8430669","2,3663200",75,2019,30.0,1.0,1.0,4.0,2145784,1.0,1,4,1,5.0,,0.0,0,1982.0,B01,138Â 303Â 530,2.0,6.0,-1.0,1638584,2.0,30,,0.0,2.0,3.0,B01,138Â 303Â 530,3.0
960087,201900001618,6,11,10:45,1,1,1,2.0,2.0,87157,Bussin,M,"45,9386110","1,4586490",87,2019,-1.0,1.0,2.0,4.0,2145785,1.0,1,3,1,5.0,,0.0,0,1957.0,A01,138Â 303Â 527,0.0,-1.0,-1.0,1638585,0.0,1,,0.0,2.0,1.0,A01,138Â 303Â 527,0.0
960087,201900001618,6,11,10:45,1,1,1,2.0,2.0,87157,Bussin,M,"45,9386110","1,4586490",87,2019,-1.0,1.0,2.0,4.0,2145785,1.0,1,3,1,5.0,,0.0,0,1957.0,A01,138Â 303Â 527,0.0,-1.0,-1.0,1638586,3.0,7,,0.0,0.0,4.0,B01,138Â 303Â 528,0.0
960087,201900001618,6,11,10:45,1,1,1,2.0,2.0,87157,Bussin,M,"45,9386110","1,4586490",87,2019,-1.0,1.0,2.0,4.0,2145786,1.0,1,1,1,4.0,,0.0,0,1975.0,B01,138Â 303Â 528,1.0,-1.0,-1.0,1638585,0.0,1,,0.0,2.0,1.0,A01,138Â 303Â 527,0.0
960087,201900001618,6,11,10:45,1,1,1,2.0,2.0,87157,Bussin,M,"45,9386110","1,4586490",87,2019,-1.0,1.0,2.0,4.0,2145786,1.0,1,1,1,4.0,,0.0,0,1975.0,B01,138Â 303Â 528,1.0,-1.0,-1.0,1638586,3.0,7,,0.0,0.0,4.0,B01,138Â 303Â 528,0.0
960088,201900001619,8,13,07:50,1,2,1,1.0,3.0,75112,BOULEVARD DIDEROT,M,"48,8470490","2,3843070",75,2019,50.0,1.0,1.0,4.0,2145787,1.0,1,4,1,0.0,,0.0,0,1976.0,B01,138Â 303Â 525,2.0,6.0,-1.0,1638587,2.0,30,,0.0,2.0,2.0,B01,138Â 303Â 525,1.0
960088,201900001619,8,13,07:50,1,2,1,1.0,3.0,75112,BOULEVARD DIDEROT,M,"48,8470490","2,3843070",75,2019,50.0,1.0,1.0,4.0,2145787,1.0,1,4,1,0.0,,0.0,0,1976.0,B01,138Â 303Â 525,2.0,6.0,-1.0,1638588,2.0,10,,0.0,2.0,8.0,A01,138Â 303Â 526,1.0
960088,201900001619,8,13,07:50,1,2,1,1.0,3.0,75112,BOULEVARD DIDEROT,M,"48,8470490","2,3843070",75,2019,50.0,1.0,1.0,4.0,2145788,1.0,1,1,1,4.0,,0.0,0,1956.0,A01,138Â 303Â 526,1.0,0.0,-1.0,1638587,2.0,30,,0.0,2.0,2.0,B01,138Â 303Â 525,1.0
960088,201900001619,8,13,07:50,1,2,1,1.0,3.0,75112,BOULEVARD DIDEROT,M,"48,8470490","2,3843070",75,2019,50.0,1.0,1.0,4.0,2145788,1.0,1,1,1,4.0,,0.0,0,1956.0,A01,138Â 303Â 526,1.0,0.0,-1.0,1638588,2.0,10,,0.0,2.0,8.0,A01,138Â 303Â 526,1.0
960089,201900001620,6,16,23:00,3,1,1,1.0,1.0,86276,ROUTE DEPARTEMENTALE 741,M,"46,2663810","0,5207580",86,2019,80.0,1.0,1.0,3.0,2145789,1.0,1,3,2,5.0,,0.0,0,1995.0,A01,138Â 303Â 523,1.0,-1.0,-1.0,1638589,1.0,7,,0.0,2.0,1.0,A01,138Â 303Â 523,1.0
960089,201900001620,6,16,23:00,3,1,1,1.0,1.0,86276,ROUTE DEPARTEMENTALE 741,M,"46,2663810","0,5207580",86,2019,80.0,1.0,1.0,3.0,2145789,1.0,1,3,2,5.0,,0.0,0,1995.0,A01,138Â 303Â 523,1.0,-1.0,-1.0,1638590,2.0,7,,0.0,2.0,1.0,B01,138Â 303Â 524,1.0
960089,201900001620,6,16,23:00,3,1,1,1.0,1.0,86276,ROUTE DEPARTEMENTALE 741,M,"46,2663810","0,5207580",86,2019,80.0,1.0,1.0,3.0,2145790,1.0,1,1,2,5.0,,0.0,0,1995.0,B01,138Â 303Â 524,1.0,-1.0,-1.0,1638589,1.0,7,,0.0,2.0,1.0,A01,138Â 303Â 523,1.0
960089,201900001620,6,16,23:00,3,1,1,1.0,1.0,86276,ROUTE DEPARTEMENTALE 741,M,"46,2663810","0,5207580",86,2019,80.0,1.0,1.0,3.0,2145790,1.0,1,1,2,5.0,,0.0,0,1995.0,B01,138Â 303Â 524,1.0,-1.0,-1.0,1638590,2.0,7,,0.0,2.0,1.0,B01,138Â 303Â 524,1.0