Unnamed: 0_x,num_acc,mois,jour,hrmn,lum,agg,int,atm,col,com,adr,gps,lat,long,dep,annee,vma,situ,surf,catr,Unnamed: 0_y,place,catu,grav,sexe,trajet,secu,locp,actp,an_nais,num_veh_x,id_vehicule_x,secu1,secu2,secu3,Unnamed: 0,senc,catv,occutc,obs,obsm,choc,num_veh_y,id_vehicule_y,motor
960089,201900001620,6,16,23:00,3,1,1,1.0,1.0,86276,ROUTE DEPARTEMENTALE 741,M,"46,2663810","0,5207580",86,2019,80.0,1.0,1.0,3.0,2145791,2.0,2,1,1,5.0,,0.0,0,1985.0,B01,138Â 303Â 524,1.0,-1.0,-1.0,1638589,1.0,7,,0.0,2.0,1.0,A01,138Â 303Â 523,1.0
960089,201900001620,6,16,23:00,3,1,1,1.0,1.0,86276,ROUTE DEPARTEMENTALE 741,M,"46,2663810","0,5207580",86,2019,80.0,1.0,1.0,3.0,2145791,2.0,2,1,1,5.0,,0.0,0,1985.0,B01,138Â 303Â 524,1.0,-1.0,-1.0,1638590,2.0,7,,0.0,2.0,1.0,B01,138Â 303Â 524,1.0
960089,201900001620,6,16,23:00,3,1,1,1.0,1.0,86276,ROUTE DEPARTEMENTALE 741,M,"46,2663810","0,5207580",86,2019,80.0,1.0,1.0,3.0,2145792,4.0,2,1,1,5.0,,0.0,0,2013.0,B01,138Â 303Â 524,1.0,-1.0,-1.0,1638589,1.0,7,,0.0,2.0,1.0,A01,138Â 303Â 523,1.0
960089,201900001620,6,16,23:00,3,1,1,1.0,1.0,86276,ROUTE DEPARTEMENTALE 741,M,"46,2663810","0,5207580",86,2019,80.0,1.0,1.0,3.0,2145792,4.0,2,1,1,5.0,,0.0,0,2013.0,B01,138Â 303Â 524,1.0,-1.0,-1.0,1638590,2.0,7,,0.0,2.0,1.0,B01,138Â 303Â 524,1.0
960090,201900001621,8,16,12:10,1,2,2,1.0,6.0,75110,RUE DU FAUBOURG SAINT DENIS,M,"48,8795380","2,3572220",75,2019,50.0,6.0,1.0,4.0,2145793,10.0,3,4,2,5.0,,4.0,3,1995.0,A01,138Â 303Â 522,0.0,0.0,0.0,1638591,2.0,37,1.0,0.0,1.0,3.0,A01,138Â 303Â 522,1.0
960090,201900001621,8,16,12:10,1,2,2,1.0,6.0,75110,RUE DU FAUBOURG SAINT DENIS,M,"48,8795380","2,3572220",75,2019,50.0,6.0,1.0,4.0,2145794,1.0,1,1,1,4.0,,0.0,0,1991.0,A01,138Â 303Â 522,1.0,0.0,-1.0,1638591,2.0,37,1.0,0.0,1.0,3.0,A01,138Â 303Â 522,1.0
960091,201900001622,6,6,17:45,1,1,1,1.0,7.0,2A212,D824,M,"42,2406890","8,6043820",2A,2019,80.0,1.0,1.0,3.0,2145795,2.0,2,3,2,5.0,,0.0,0,1969.0,A01,138Â 303Â 521,2.0,6.0,-1.0,1638592,2.0,32,,0.0,0.0,8.0,A01,138Â 303Â 521,1.0
960091,201900001622,6,6,17:45,1,1,1,1.0,7.0,2A212,D824,M,"42,2406890","8,6043820",2A,2019,80.0,1.0,1.0,3.0,2145796,1.0,1,3,1,5.0,,0.0,0,1973.0,A01,138Â 303Â 521,2.0,6.0,-1.0,1638592,2.0,32,,0.0,0.0,8.0,A01,138Â 303Â 521,1.0
960092,201900001623,8,14,16:35,1,2,3,1.0,6.0,75110,RUE DU CHATEAU LANDON,M,"48,8837850","2,3643510",75,2019,50.0,1.0,1.0,4.0,2145797,10.0,3,4,2,9.0,,2.0,3,1949.0,Z01,138Â 303Â 520,0.0,0.0,0.0,1638593,2.0,30,,0.0,1.0,1.0,Z01,138Â 303Â 520,0.0
960093,201900001624,6,15,18:35,1,2,1,1.0,7.0,51328,RUE D'HARAPE,M,"48,7572700","4,5462174",51,2019,50.0,1.0,1.0,4.0,2145798,1.0,1,3,1,5.0,,0.0,0,1983.0,A01,138Â 303Â 519,0.0,-1.0,-1.0,1638594,0.0,32,,0.0,0.0,0.0,A01,138Â 303Â 519,0.0
960094,201900001625,8,13,15:30,1,2,3,1.0,3.0,75109,RUE LA FAYETTE,M,"48,8765705","2,3465735",75,2019,50.0,1.0,1.0,4.0,2145799,1.0,1,1,1,1.0,,0.0,0,1967.0,A01,138Â 303Â 517,1.0,0.0,-1.0,1638595,1.0,10,,0.0,2.0,3.0,A01,138Â 303Â 517,1.0
960094,201900001625,8,13,15:30,1,2,3,1.0,3.0,75109,RUE LA FAYETTE,M,"48,8765705","2,3465735",75,2019,50.0,1.0,1.0,4.0,2145799,1.0,1,1,1,1.0,,0.0,0,1967.0,A01,138Â 303Â 517,1.0,0.0,-1.0,1638596,1.0,1,,0.0,2.0,1.0,B01,138Â 303Â 518,5.0
960094,201900001625,8,13,15:30,1,2,3,1.0,3.0,75109,RUE LA FAYETTE,M,"48,8765705","2,3465735",75,2019,50.0,1.0,1.0,4.0,2145800,1.0,1,4,1,5.0,,0.0,0,1978.0,B01,138Â 303Â 518,2.0,0.0,-1.0,1638595,1.0,10,,0.0,2.0,3.0,A01,138Â 303Â 517,1.0
960094,201900001625,8,13,15:30,1,2,3,1.0,3.0,75109,RUE LA FAYETTE,M,"48,8765705","2,3465735",75,2019,50.0,1.0,1.0,4.0,2145800,1.0,1,4,1,5.0,,0.0,0,1978.0,B01,138Â 303Â 518,2.0,0.0,-1.0,1638596,1.0,1,,0.0,2.0,1.0,B01,138Â 303Â 518,5.0
960095,201900001626,6,4,04:35,2,1,1,1.0,7.0,01359,D7B,M,"46,0742740","5,0651610",1,2019,80.0,3.0,1.0,3.0,2145801,1.0,1,3,1,1.0,,0.0,0,1999.0,A01,138Â 303Â 516,0.0,-1.0,-1.0,1638597,1.0,7,,13.0,0.0,3.0,A01,138Â 303Â 516,1.0
960096,201900001627,8,16,17:10,1,2,1,1.0,3.0,75108,RUE D ARTOIS,M,"48,8729510","2,3077990",75,2019,50.0,1.0,1.0,4.0,2145802,1.0,1,4,2,4.0,,0.0,0,1979.0,B01,138Â 303Â 513,2.0,6.0,-1.0,1638598,2.0,43,,0.0,2.0,1.0,B01,138Â 303Â 513,1.0
960096,201900001627,8,16,17:10,1,2,1,1.0,3.0,75108,RUE D ARTOIS,M,"48,8729510","2,3077990",75,2019,50.0,1.0,1.0,4.0,2145802,1.0,1,4,2,4.0,,0.0,0,1979.0,B01,138Â 303Â 513,2.0,6.0,-1.0,1638599,2.0,7,,0.0,2.0,2.0,A01,138Â 303Â 515,1.0
960096,201900001627,8,16,17:10,1,2,1,1.0,3.0,75108,RUE D ARTOIS,M,"48,8729510","2,3077990",75,2019,50.0,1.0,1.0,4.0,2145803,1.0,1,1,2,5.0,,0.0,0,2001.0,A01,138Â 303Â 515,1.0,0.0,-1.0,1638598,2.0,43,,0.0,2.0,1.0,B01,138Â 303Â 513,1.0
960096,201900001627,8,16,17:10,1,2,1,1.0,3.0,75108,RUE D ARTOIS,M,"48,8729510","2,3077990",75,2019,50.0,1.0,1.0,4.0,2145803,1.0,1,1,2,5.0,,0.0,0,2001.0,A01,138Â 303Â 515,1.0,0.0,-1.0,1638599,2.0,7,,0.0,2.0,2.0,A01,138Â 303Â 515,1.0
960097,201900001628,6,10,18:00,1,1,1,2.0,7.0,01450,RD 984,M,"45,9198412","5,2226969",1,2019,80.0,1.0,2.0,3.0,2145804,1.0,1,4,1,5.0,,0.0,0,1955.0,A01,138Â 303Â 514,1.0,-1.0,-1.0,1638600,2.0,7,,13.0,0.0,2.0,A01,138Â 303Â 514,1.0
960097,201900001628,6,10,18:00,1,1,1,2.0,7.0,01450,RD 984,M,"45,9198412","5,2226969",1,2019,80.0,1.0,2.0,3.0,2145805,2.0,2,3,1,5.0,,0.0,0,1959.0,A01,138Â 303Â 514,1.0,-1.0,-1.0,1638600,2.0,7,,13.0,0.0,2.0,A01,138Â 303Â 514,1.0
960098,201900001629,8,12,09:10,1,2,7,1.0,3.0,75108,PLACE DE L EUROPE,M,"48,8791056","2,3234607",75,2019,30.0,1.0,1.0,4.0,2145806,1.0,1,4,1,4.0,,0.0,0,1973.0,B01,138Â 303Â 511,2.0,6.0,-1.0,1638601,1.0,43,,0.0,2.0,7.0,B01,138Â 303Â 511,1.0
960098,201900001629,8,12,09:10,1,2,7,1.0,3.0,75108,PLACE DE L EUROPE,M,"48,8791056","2,3234607",75,2019,30.0,1.0,1.0,4.0,2145806,1.0,1,4,1,4.0,,0.0,0,1973.0,B01,138Â 303Â 511,2.0,6.0,-1.0,1638602,1.0,37,1.0,0.0,2.0,8.0,A01,138Â 303Â 512,1.0
960098,201900001629,8,12,09:10,1,2,7,1.0,3.0,75108,PLACE DE L EUROPE,M,"48,8791056","2,3234607",75,2019,30.0,1.0,1.0,4.0,2145807,1.0,1,1,1,4.0,,0.0,0,1975.0,A01,138Â 303Â 512,1.0,0.0,-1.0,1638601,1.0,43,,0.0,2.0,7.0,B01,138Â 303Â 511,1.0
960098,201900001629,8,12,09:10,1,2,7,1.0,3.0,75108,PLACE DE L EUROPE,M,"48,8791056","2,3234607",75,2019,30.0,1.0,1.0,4.0,2145807,1.0,1,1,1,4.0,,0.0,0,1975.0,A01,138Â 303Â 512,1.0,0.0,-1.0,1638602,1.0,37,1.0,0.0,2.0,8.0,A01,138Â 303Â 512,1.0
960099,201900001630,8,16,20:05,1,2,7,1.0,3.0,75107,PLACE DE LA RESISTANCE,M,"48,8624421","2,3019415",75,2019,30.0,1.0,1.0,4.0,2145808,1.0,1,4,1,4.0,,0.0,0,1997.0,B01,138Â 303Â 508,2.0,6.0,-1.0,1638603,3.0,34,,0.0,2.0,2.0,B01,138Â 303Â 508,1.0
960099,201900001630,8,16,20:05,1,2,7,1.0,3.0,75107,PLACE DE LA RESISTANCE,M,"48,8624421","2,3019415",75,2019,30.0,1.0,1.0,4.0,2145808,1.0,1,4,1,4.0,,0.0,0,1997.0,B01,138Â 303Â 508,2.0,6.0,-1.0,1638604,3.0,7,,0.0,2.0,3.0,A01,138Â 303Â 510,1.0
960099,201900001630,8,16,20:05,1,2,7,1.0,3.0,75107,PLACE DE LA RESISTANCE,M,"48,8624421","2,3019415",75,2019,30.0,1.0,1.0,4.0,2145809,1.0,1,1,1,9.0,,0.0,0,1949.0,A01,138Â 303Â 510,1.0,0.0,-1.0,1638603,3.0,34,,0.0,2.0,2.0,B01,138Â 303Â 508,1.0
960099,201900001630,8,16,20:05,1,2,7,1.0,3.0,75107,PLACE DE LA RESISTANCE,M,"48,8624421","2,3019415",75,2019,30.0,1.0,1.0,4.0,2145809,1.0,1,1,1,9.0,,0.0,0,1949.0,A01,138Â 303Â 510,1.0,0.0,-1.0,1638604,3.0,7,,0.0,2.0,3.0,A01,138Â 303Â 510,1.0
960100,201900001631,8,16,12:38,1,2,2,1.0,3.0,75107,QUAI D ORSAY,M,"48,8624421","2,3019522",75,2019,50.0,1.0,1.0,4.0,2145810,1.0,1,1,1,4.0,,0.0,0,1992.0,A01,138Â 303Â 505,1.0,0.0,-1.0,1638605,3.0,10,,0.0,2.0,2.0,A01,138Â 303Â 505,1.0
960100,201900001631,8,16,12:38,1,2,2,1.0,3.0,75107,QUAI D ORSAY,M,"48,8624421","2,3019522",75,2019,50.0,1.0,1.0,4.0,2145810,1.0,1,1,1,4.0,,0.0,0,1992.0,A01,138Â 303Â 505,1.0,0.0,-1.0,1638606,3.0,31,,0.0,2.0,0.0,B01,138Â 303Â 506,1.0
960100,201900001631,8,16,12:38,1,2,2,1.0,3.0,75107,QUAI D ORSAY,M,"48,8624421","2,3019522",75,2019,50.0,1.0,1.0,4.0,2145811,1.0,1,4,1,0.0,,0.0,0,1995.0,B01,138Â 303Â 506,2.0,6.0,-1.0,1638605,3.0,10,,0.0,2.0,2.0,A01,138Â 303Â 505,1.0
960100,201900001631,8,16,12:38,1,2,2,1.0,3.0,75107,QUAI D ORSAY,M,"48,8624421","2,3019522",75,2019,50.0,1.0,1.0,4.0,2145811,1.0,1,4,1,0.0,,0.0,0,1995.0,B01,138Â 303Â 506,2.0,6.0,-1.0,1638606,3.0,31,,0.0,2.0,0.0,B01,138Â 303Â 506,1.0
960101,201900001632,6,5,15:00,1,1,2,1.0,1.0,62534,D225,M,"50,7148560","2,1064830",62,2019,80.0,1.0,1.0,3.0,2145812,4.0,2,1,2,5.0,,0.0,0,1959.0,B01,138Â 303Â 507,1.0,-1.0,-1.0,1638607,2.0,7,,0.0,2.0,3.0,B01,138Â 303Â 507,1.0
960101,201900001632,6,5,15:00,1,1,2,1.0,1.0,62534,D225,M,"50,7148560","2,1064830",62,2019,80.0,1.0,1.0,3.0,2145812,4.0,2,1,2,5.0,,0.0,0,1959.0,B01,138Â 303Â 507,1.0,-1.0,-1.0,1638608,1.0,17,,0.0,2.0,1.0,A01,138Â 303Â 509,1.0
960101,201900001632,6,5,15:00,1,1,2,1.0,1.0,62534,D225,M,"50,7148560","2,1064830",62,2019,80.0,1.0,1.0,3.0,2145813,2.0,2,1,2,5.0,,0.0,0,1936.0,B01,138Â 303Â 507,1.0,-1.0,-1.0,1638607,2.0,7,,0.0,2.0,3.0,B01,138Â 303Â 507,1.0
960101,201900001632,6,5,15:00,1,1,2,1.0,1.0,62534,D225,M,"50,7148560","2,1064830",62,2019,80.0,1.0,1.0,3.0,2145813,2.0,2,1,2,5.0,,0.0,0,1936.0,B01,138Â 303Â 507,1.0,-1.0,-1.0,1638608,1.0,17,,0.0,2.0,1.0,A01,138Â 303Â 509,1.0
960101,201900001632,6,5,15:00,1,1,2,1.0,1.0,62534,D225,M,"50,7148560","2,1064830",62,2019,80.0,1.0,1.0,3.0,2145814,1.0,1,3,2,5.0,,0.0,0,1954.0,B01,138Â 303Â 507,1.0,-1.0,-1.0,1638607,2.0,7,,0.0,2.0,3.0,B01,138Â 303Â 507,1.0
960101,201900001632,6,5,15:00,1,1,2,1.0,1.0,62534,D225,M,"50,7148560","2,1064830",62,2019,80.0,1.0,1.0,3.0,2145814,1.0,1,3,2,5.0,,0.0,0,1954.0,B01,138Â 303Â 507,1.0,-1.0,-1.0,1638608,1.0,17,,0.0,2.0,1.0,A01,138Â 303Â 509,1.0
960101,201900001632,6,5,15:00,1,1,2,1.0,1.0,62534,D225,M,"50,7148560","2,1064830",62,2019,80.0,1.0,1.0,3.0,2145815,1.0,1,1,1,4.0,,0.0,0,1978.0,A01,138Â 303Â 509,1.0,-1.0,-1.0,1638607,2.0,7,,0.0,2.0,3.0,B01,138Â 303Â 507,1.0
960101,201900001632,6,5,15:00,1,1,2,1.0,1.0,62534,D225,M,"50,7148560","2,1064830",62,2019,80.0,1.0,1.0,3.0,2145815,1.0,1,1,1,4.0,,0.0,0,1978.0,A01,138Â 303Â 509,1.0,-1.0,-1.0,1638608,1.0,17,,0.0,2.0,1.0,A01,138Â 303Â 509,1.0
960102,201900001633,8,16,00:01,5,2,3,1.0,3.0,75102,BOULEVARD POISSONNIERE,M,"48,8708792","2,3467142",75,2019,50.0,1.0,1.0,4.0,2145816,1.0,1,1,2,0.0,,0.0,0,1998.0,B01,138Â 303Â 503,1.0,0.0,-1.0,1638609,1.0,7,,0.0,2.0,3.0,B01,138Â 303Â 503,1.0
960102,201900001633,8,16,00:01,5,2,3,1.0,3.0,75102,BOULEVARD POISSONNIERE,M,"48,8708792","2,3467142",75,2019,50.0,1.0,1.0,4.0,2145816,1.0,1,1,2,0.0,,0.0,0,1998.0,B01,138Â 303Â 503,1.0,0.0,-1.0,1638610,1.0,1,,0.0,2.0,8.0,A01,138Â 303Â 504,5.0
960102,201900001633,8,16,00:01,5,2,3,1.0,3.0,75102,BOULEVARD POISSONNIERE,M,"48,8708792","2,3467142",75,2019,50.0,1.0,1.0,4.0,2145817,1.0,1,4,2,0.0,,0.0,0,1989.0,A01,138Â 303Â 504,2.0,0.0,-1.0,1638609,1.0,7,,0.0,2.0,3.0,B01,138Â 303Â 503,1.0
960102,201900001633,8,16,00:01,5,2,3,1.0,3.0,75102,BOULEVARD POISSONNIERE,M,"48,8708792","2,3467142",75,2019,50.0,1.0,1.0,4.0,2145817,1.0,1,4,2,0.0,,0.0,0,1989.0,A01,138Â 303Â 504,2.0,0.0,-1.0,1638610,1.0,1,,0.0,2.0,8.0,A01,138Â 303Â 504,5.0
960103,201900001634,6,5,05:30,2,1,2,1.0,3.0,62837,Route DÃ©partementale 131,M,"50,6790140","2,0762920",62,2019,80.0,1.0,1.0,3.0,2145818,1.0,1,1,1,1.0,,0.0,0,1996.0,B01,138Â 303Â 501,1.0,-1.0,-1.0,1638611,0.0,7,,0.0,0.0,2.0,B01,138Â 303Â 501,0.0
960103,201900001634,6,5,05:30,2,1,2,1.0,3.0,62837,Route DÃ©partementale 131,M,"50,6790140","2,0762920",62,2019,80.0,1.0,1.0,3.0,2145818,1.0,1,1,1,1.0,,0.0,0,1996.0,B01,138Â 303Â 501,1.0,-1.0,-1.0,1638612,3.0,7,,0.0,2.0,1.0,A01,138Â 303Â 502,0.0
960103,201900001634,6,5,05:30,2,1,2,1.0,3.0,62837,Route DÃ©partementale 131,M,"50,6790140","2,0762920",62,2019,80.0,1.0,1.0,3.0,2145819,1.0,1,3,1,1.0,,0.0,0,1976.0,A01,138Â 303Â 502,1.0,-1.0,-1.0,1638611,0.0,7,,0.0,0.0,2.0,B01,138Â 303Â 501,0.0
960103,201900001634,6,5,05:30,2,1,2,1.0,3.0,62837,Route DÃ©partementale 131,M,"50,6790140","2,0762920",62,2019,80.0,1.0,1.0,3.0,2145819,1.0,1,3,1,1.0,,0.0,0,1976.0,A01,138Â 303Â 502,1.0,-1.0,-1.0,1638612,3.0,7,,0.0,2.0,1.0,A01,138Â 303Â 502,0.0
960104,201900001635,6,18,08:50,1,2,1,1.0,2.0,26087,Route de Parnans,M,"45,0934680","5,1326560",26,2019,50.0,1.0,1.0,3.0,2145820,1.0,1,3,2,0.0,,0.0,0,2000.0,B01,138Â 303Â 497,2.0,6.0,-1.0,1638613,2.0,2,,6.0,2.0,6.0,B01,138Â 303Â 497,1.0
960104,201900001635,6,18,08:50,1,2,1,1.0,2.0,26087,Route de Parnans,M,"45,0934680","5,1326560",26,2019,50.0,1.0,1.0,3.0,2145820,1.0,1,3,2,0.0,,0.0,0,2000.0,B01,138Â 303Â 497,2.0,6.0,-1.0,1638614,1.0,10,,0.0,2.0,3.0,A01,138Â 303Â 499,1.0
960104,201900001635,6,18,08:50,1,2,1,1.0,2.0,26087,Route de Parnans,M,"45,0934680","5,1326560",26,2019,50.0,1.0,1.0,3.0,2145821,1.0,1,1,1,4.0,,0.0,0,1954.0,A01,138Â 303Â 499,1.0,-1.0,-1.0,1638613,2.0,2,,6.0,2.0,6.0,B01,138Â 303Â 497,1.0
960104,201900001635,6,18,08:50,1,2,1,1.0,2.0,26087,Route de Parnans,M,"45,0934680","5,1326560",26,2019,50.0,1.0,1.0,3.0,2145821,1.0,1,1,1,4.0,,0.0,0,1954.0,A01,138Â 303Â 499,1.0,-1.0,-1.0,1638614,1.0,10,,0.0,2.0,3.0,A01,138Â 303Â 499,1.0
960105,201900001636,8,15,15:45,1,2,2,8.0,3.0,75103,RUE DES FRANCS BOURGEOIS,M,"48,8586818","2,3587801",75,2019,50.0,1.0,1.0,4.0,2145822,1.0,1,1,2,3.0,,0.0,0,1985.0,A01,138Â 303Â 498,1.0,0.0,-1.0,1638615,1.0,7,,0.0,2.0,2.0,A01,138Â 303Â 498,1.0
960105,201900001636,8,15,15:45,1,2,2,8.0,3.0,75103,RUE DES FRANCS BOURGEOIS,M,"48,8586818","2,3587801",75,2019,50.0,1.0,1.0,4.0,2145822,1.0,1,1,2,3.0,,0.0,0,1985.0,A01,138Â 303Â 498,1.0,0.0,-1.0,1638616,1.0,1,,0.0,2.0,0.0,B01,138Â 303Â 500,5.0
960105,201900001636,8,15,15:45,1,2,2,8.0,3.0,75103,RUE DES FRANCS BOURGEOIS,M,"48,8586818","2,3587801",75,2019,50.0,1.0,1.0,4.0,2145823,1.0,1,4,1,5.0,,0.0,0,2001.0,B01,138Â 303Â 500,2.0,0.0,-1.0,1638615,1.0,7,,0.0,2.0,2.0,A01,138Â 303Â 498,1.0
960105,201900001636,8,15,15:45,1,2,2,8.0,3.0,75103,RUE DES FRANCS BOURGEOIS,M,"48,8586818","2,3587801",75,2019,50.0,1.0,1.0,4.0,2145823,1.0,1,4,1,5.0,,0.0,0,2001.0,B01,138Â 303Â 500,2.0,0.0,-1.0,1638616,1.0,1,,0.0,2.0,0.0,B01,138Â 303Â 500,5.0
960106,201900001637,8,13,16:00,1,2,1,1.0,6.0,75102,RUE MONTMARTRE,M,"48,8705870","2,3427750",75,2019,50.0,1.0,1.0,4.0,2145824,1.0,1,4,1,0.0,,0.0,0,1962.0,A01,138Â 303Â 495,2.0,6.0,-1.0,1638617,1.0,30,,14.0,0.0,7.0,A01,138Â 303Â 495,3.0
960107,201900001638,6,6,08:00,1,2,1,1.0,1.0,26194,Route du Poulet,M,"45,1963160","5,0580870",26,2019,50.0,1.0,2.0,3.0,2145825,1.0,1,3,1,1.0,,0.0,0,1990.0,B01,138Â 303Â 494,1.0,-1.0,-1.0,1638618,2.0,7,,0.0,2.0,1.0,B01,138Â 303Â 494,1.0
960107,201900001638,6,6,08:00,1,2,1,1.0,1.0,26194,Route du Poulet,M,"45,1963160","5,0580870",26,2019,50.0,1.0,2.0,3.0,2145825,1.0,1,3,1,1.0,,0.0,0,1990.0,B01,138Â 303Â 494,1.0,-1.0,-1.0,1638619,1.0,7,,0.0,2.0,1.0,A01,138Â 303Â 496,1.0
960107,201900001638,6,6,08:00,1,2,1,1.0,1.0,26194,Route du Poulet,M,"45,1963160","5,0580870",26,2019,50.0,1.0,2.0,3.0,2145826,1.0,1,1,2,5.0,,0.0,0,1961.0,A01,138Â 303Â 496,1.0,-1.0,-1.0,1638618,2.0,7,,0.0,2.0,1.0,B01,138Â 303Â 494,1.0
960107,201900001638,6,6,08:00,1,2,1,1.0,1.0,26194,Route du Poulet,M,"45,1963160","5,0580870",26,2019,50.0,1.0,2.0,3.0,2145826,1.0,1,1,2,5.0,,0.0,0,1961.0,A01,138Â 303Â 496,1.0,-1.0,-1.0,1638619,1.0,7,,0.0,2.0,1.0,A01,138Â 303Â 496,1.0
960108,201900001639,8,13,18:20,2,2,2,8.0,3.0,94081,BERTHIE ALBRECHT (R),M,"48,7990900","2,4114300",94,2019,50.0,1.0,1.0,4.0,2145827,1.0,1,4,1,1.0,,-1.0, -1,1987.0,B01,138Â 303Â 491,2.0,0.0,-1.0,1638620,1.0,33,,0.0,2.0,2.0,B01,138Â 303Â 491,1.0
960108,201900001639,8,13,18:20,2,2,2,8.0,3.0,94081,BERTHIE ALBRECHT (R),M,"48,7990900","2,4114300",94,2019,50.0,1.0,1.0,4.0,2145827,1.0,1,4,1,1.0,,-1.0, -1,1987.0,B01,138Â 303Â 491,2.0,0.0,-1.0,1638621,1.0,10,,0.0,2.0,3.0,A01,138Â 303Â 493,1.0
960108,201900001639,8,13,18:20,2,2,2,8.0,3.0,94081,BERTHIE ALBRECHT (R),M,"48,7990900","2,4114300",94,2019,50.0,1.0,1.0,4.0,2145828,1.0,1,1,2,1.0,,-1.0, -1,1977.0,A01,138Â 303Â 493,1.0,0.0,-1.0,1638620,1.0,33,,0.0,2.0,2.0,B01,138Â 303Â 491,1.0
960108,201900001639,8,13,18:20,2,2,2,8.0,3.0,94081,BERTHIE ALBRECHT (R),M,"48,7990900","2,4114300",94,2019,50.0,1.0,1.0,4.0,2145828,1.0,1,1,2,1.0,,-1.0, -1,1977.0,A01,138Â 303Â 493,1.0,0.0,-1.0,1638621,1.0,10,,0.0,2.0,3.0,A01,138Â 303Â 493,1.0
960109,201900001640,6,12,13:50,1,1,3,1.0,3.0,38336,Route du Barrage,M,"45,4925600","4,8285900",38,2019,70.0,1.0,1.0,3.0,2145829,2.0,2,1,2,5.0,,0.0,0,1953.0,A01,138Â 303Â 490,1.0,-1.0,-1.0,1638622,1.0,7,,0.0,2.0,1.0,A01,138Â 303Â 490,1.0
960109,201900001640,6,12,13:50,1,1,3,1.0,3.0,38336,Route du Barrage,M,"45,4925600","4,8285900",38,2019,70.0,1.0,1.0,3.0,2145829,2.0,2,1,2,5.0,,0.0,0,1953.0,A01,138Â 303Â 490,1.0,-1.0,-1.0,1638623,1.0,7,,9.0,2.0,7.0,B01,138Â 303Â 492,2.0
960109,201900001640,6,12,13:50,1,1,3,1.0,3.0,38336,Route du Barrage,M,"45,4925600","4,8285900",38,2019,70.0,1.0,1.0,3.0,2145830,1.0,1,1,1,5.0,,0.0,0,1949.0,A01,138Â 303Â 490,1.0,-1.0,-1.0,1638622,1.0,7,,0.0,2.0,1.0,A01,138Â 303Â 490,1.0
960109,201900001640,6,12,13:50,1,1,3,1.0,3.0,38336,Route du Barrage,M,"45,4925600","4,8285900",38,2019,70.0,1.0,1.0,3.0,2145830,1.0,1,1,1,5.0,,0.0,0,1949.0,A01,138Â 303Â 490,1.0,-1.0,-1.0,1638623,1.0,7,,9.0,2.0,7.0,B01,138Â 303Â 492,2.0
960109,201900001640,6,12,13:50,1,1,3,1.0,3.0,38336,Route du Barrage,M,"45,4925600","4,8285900",38,2019,70.0,1.0,1.0,3.0,2145831,1.0,1,4,2,0.0,,0.0,0,1967.0,B01,138Â 303Â 492,1.0,-1.0,-1.0,1638622,1.0,7,,0.0,2.0,1.0,A01,138Â 303Â 490,1.0
960109,201900001640,6,12,13:50,1,1,3,1.0,3.0,38336,Route du Barrage,M,"45,4925600","4,8285900",38,2019,70.0,1.0,1.0,3.0,2145831,1.0,1,4,2,0.0,,0.0,0,1967.0,B01,138Â 303Â 492,1.0,-1.0,-1.0,1638623,1.0,7,,9.0,2.0,7.0,B01,138Â 303Â 492,2.0
960110,201900001641,8,14,17:15,1,2,3,1.0,1.0,94078,EMILE ZOLA (R),M,"48,7353300","2,4517200",94,2019,50.0,1.0,1.0,4.0,2145832,1.0,1,4,2,1.0,,-1.0, -1,1984.0,B01,138Â 303Â 488,1.0,0.0,-1.0,1638624,1.0,3,,0.0,2.0,7.0,B01,138Â 303Â 488,1.0
960110,201900001641,8,14,17:15,1,2,3,1.0,1.0,94078,EMILE ZOLA (R),M,"48,7353300","2,4517200",94,2019,50.0,1.0,1.0,4.0,2145832,1.0,1,4,2,1.0,,-1.0, -1,1984.0,B01,138Â 303Â 488,1.0,0.0,-1.0,1638625,1.0,3,,0.0,2.0,1.0,A01,138Â 303Â 489,1.0
960110,201900001641,8,14,17:15,1,2,3,1.0,1.0,94078,EMILE ZOLA (R),M,"48,7353300","2,4517200",94,2019,50.0,1.0,1.0,4.0,2145833,1.0,1,1,1,1.0,,-1.0, -1,1996.0,A01,138Â 303Â 489,1.0,0.0,-1.0,1638624,1.0,3,,0.0,2.0,7.0,B01,138Â 303Â 488,1.0
960110,201900001641,8,14,17:15,1,2,3,1.0,1.0,94078,EMILE ZOLA (R),M,"48,7353300","2,4517200",94,2019,50.0,1.0,1.0,4.0,2145833,1.0,1,1,1,1.0,,-1.0, -1,1996.0,A01,138Â 303Â 489,1.0,0.0,-1.0,1638625,1.0,3,,0.0,2.0,1.0,A01,138Â 303Â 489,1.0
960111,201900001642,6,4,08:07,1,1,1,1.0,3.0,25001,RD105,M,"47,1436130","5,8891650",25,2019,80.0,3.0,1.0,3.0,2145834,1.0,1,1,1,4.0,,0.0,0,1961.0,B01,138Â 303Â 486,1.0,-1.0,-1.0,1638626,1.0,38,1.0,0.0,2.0,7.0,B01,138Â 303Â 486,1.0
960111,201900001642,6,4,08:07,1,1,1,1.0,3.0,25001,RD105,M,"47,1436130","5,8891650",25,2019,80.0,3.0,1.0,3.0,2145834,1.0,1,1,1,4.0,,0.0,0,1961.0,B01,138Â 303Â 486,1.0,-1.0,-1.0,1638627,1.0,7,,2.0,2.0,8.0,A01,138Â 303Â 487,1.0