Unnamed: 0_x,num_acc,mois,jour,hrmn,lum,agg,int,atm,col,com,adr,gps,lat,long,dep,annee,vma,situ,surf,catr,Unnamed: 0_y,place,catu,grav,sexe,trajet,secu,locp,actp,an_nais,num_veh_x,id_vehicule_x,secu1,secu2,secu3,Unnamed: 0,senc,catv,occutc,obs,obsm,choc,num_veh_y,id_vehicule_y,motor
960111,201900001642,6,4,08:07,1,1,1,1.0,3.0,25001,RD105,M,"47,1436130","5,8891650",25,2019,80.0,3.0,1.0,3.0,2145835,1.0,1,4,1,9.0,,0.0,0,1988.0,A01,138Â 303Â 487,1.0,-1.0,-1.0,1638626,1.0,38,1.0,0.0,2.0,7.0,B01,138Â 303Â 486,1.0
960111,201900001642,6,4,08:07,1,1,1,1.0,3.0,25001,RD105,M,"47,1436130","5,8891650",25,2019,80.0,3.0,1.0,3.0,2145835,1.0,1,4,1,9.0,,0.0,0,1988.0,A01,138Â 303Â 487,1.0,-1.0,-1.0,1638627,1.0,7,,2.0,2.0,8.0,A01,138Â 303Â 487,1.0
960111,201900001642,6,4,08:07,1,1,1,1.0,3.0,25001,RD105,M,"47,1436130","5,8891650",25,2019,80.0,3.0,1.0,3.0,2145836,2.0,2,3,1,9.0,,0.0,0,1984.0,A01,138Â 303Â 487,1.0,-1.0,-1.0,1638626,1.0,38,1.0,0.0,2.0,7.0,B01,138Â 303Â 486,1.0
960111,201900001642,6,4,08:07,1,1,1,1.0,3.0,25001,RD105,M,"47,1436130","5,8891650",25,2019,80.0,3.0,1.0,3.0,2145836,2.0,2,3,1,9.0,,0.0,0,1984.0,A01,138Â 303Â 487,1.0,-1.0,-1.0,1638627,1.0,7,,2.0,2.0,8.0,A01,138Â 303Â 487,1.0
960112,201900001643,8,14,18:00,1,2,1,1.0,4.0,94042,GENERAL GALLIENI (AV DU),M,"48,8199300","2,4782400",94,2019,50.0,1.0,1.0,3.0,2145837,1.0,1,1,1,5.0,,-1.0,0,1954.0,A01,138Â 303Â 483,1.0,0.0,-1.0,1638628,1.0,7,,0.0,2.0,1.0,A01,138Â 303Â 483,1.0
960112,201900001643,8,14,18:00,1,2,1,1.0,4.0,94042,GENERAL GALLIENI (AV DU),M,"48,8199300","2,4782400",94,2019,50.0,1.0,1.0,3.0,2145837,1.0,1,1,1,5.0,,-1.0,0,1954.0,A01,138Â 303Â 483,1.0,0.0,-1.0,1638629,1.0,7,,0.0,2.0,4.0,B01,138Â 303Â 484,1.0
960112,201900001643,8,14,18:00,1,2,1,1.0,4.0,94042,GENERAL GALLIENI (AV DU),M,"48,8199300","2,4782400",94,2019,50.0,1.0,1.0,3.0,2145837,1.0,1,1,1,5.0,,-1.0,0,1954.0,A01,138Â 303Â 483,1.0,0.0,-1.0,1638630,1.0,7,,0.0,2.0,4.0,C01,138Â 303Â 485,1.0
960112,201900001643,8,14,18:00,1,2,1,1.0,4.0,94042,GENERAL GALLIENI (AV DU),M,"48,8199300","2,4782400",94,2019,50.0,1.0,1.0,3.0,2145838,1.0,1,4,2,5.0,,-1.0,0,1953.0,B01,138Â 303Â 484,1.0,0.0,-1.0,1638628,1.0,7,,0.0,2.0,1.0,A01,138Â 303Â 483,1.0
960112,201900001643,8,14,18:00,1,2,1,1.0,4.0,94042,GENERAL GALLIENI (AV DU),M,"48,8199300","2,4782400",94,2019,50.0,1.0,1.0,3.0,2145838,1.0,1,4,2,5.0,,-1.0,0,1953.0,B01,138Â 303Â 484,1.0,0.0,-1.0,1638629,1.0,7,,0.0,2.0,4.0,B01,138Â 303Â 484,1.0
960112,201900001643,8,14,18:00,1,2,1,1.0,4.0,94042,GENERAL GALLIENI (AV DU),M,"48,8199300","2,4782400",94,2019,50.0,1.0,1.0,3.0,2145838,1.0,1,4,2,5.0,,-1.0,0,1953.0,B01,138Â 303Â 484,1.0,0.0,-1.0,1638630,1.0,7,,0.0,2.0,4.0,C01,138Â 303Â 485,1.0
960112,201900001643,8,14,18:00,1,2,1,1.0,4.0,94042,GENERAL GALLIENI (AV DU),M,"48,8199300","2,4782400",94,2019,50.0,1.0,1.0,3.0,2145839,1.0,1,1,2,0.0,,-1.0,0,1987.0,C01,138Â 303Â 485,1.0,0.0,-1.0,1638628,1.0,7,,0.0,2.0,1.0,A01,138Â 303Â 483,1.0
960112,201900001643,8,14,18:00,1,2,1,1.0,4.0,94042,GENERAL GALLIENI (AV DU),M,"48,8199300","2,4782400",94,2019,50.0,1.0,1.0,3.0,2145839,1.0,1,1,2,0.0,,-1.0,0,1987.0,C01,138Â 303Â 485,1.0,0.0,-1.0,1638629,1.0,7,,0.0,2.0,4.0,B01,138Â 303Â 484,1.0
960112,201900001643,8,14,18:00,1,2,1,1.0,4.0,94042,GENERAL GALLIENI (AV DU),M,"48,8199300","2,4782400",94,2019,50.0,1.0,1.0,3.0,2145839,1.0,1,1,2,0.0,,-1.0,0,1987.0,C01,138Â 303Â 485,1.0,0.0,-1.0,1638630,1.0,7,,0.0,2.0,4.0,C01,138Â 303Â 485,1.0
960113,201900001644,6,1,07:50,1,1,1,1.0,2.0,66144,"A9, sens Espagne//France, PK 257+200",M,"42,6517480","2,8613910",66,2019,130.0,1.0,1.0,1.0,2145840,1.0,1,1,1,4.0,,0.0,0,1969.0,B01,138Â 303Â 481,1.0,-1.0,-1.0,1638631,2.0,17,,0.0,0.0,6.0,B01,138Â 303Â 481,1.0
960113,201900001644,6,1,07:50,1,1,1,1.0,2.0,66144,"A9, sens Espagne//France, PK 257+200",M,"42,6517480","2,8613910",66,2019,130.0,1.0,1.0,1.0,2145840,1.0,1,1,1,4.0,,0.0,0,1969.0,B01,138Â 303Â 481,1.0,-1.0,-1.0,1638632,2.0,7,,0.0,2.0,2.0,A01,138Â 303Â 482,0.0
960113,201900001644,6,1,07:50,1,1,1,1.0,2.0,66144,"A9, sens Espagne//France, PK 257+200",M,"42,6517480","2,8613910",66,2019,130.0,1.0,1.0,1.0,2145841,1.0,1,1,1,5.0,,0.0,0,1995.0,A01,138Â 303Â 482,1.0,-1.0,-1.0,1638631,2.0,17,,0.0,0.0,6.0,B01,138Â 303Â 481,1.0
960113,201900001644,6,1,07:50,1,1,1,1.0,2.0,66144,"A9, sens Espagne//France, PK 257+200",M,"42,6517480","2,8613910",66,2019,130.0,1.0,1.0,1.0,2145841,1.0,1,1,1,5.0,,0.0,0,1995.0,A01,138Â 303Â 482,1.0,-1.0,-1.0,1638632,2.0,7,,0.0,2.0,2.0,A01,138Â 303Â 482,0.0
960113,201900001644,6,1,07:50,1,1,1,1.0,2.0,66144,"A9, sens Espagne//France, PK 257+200",M,"42,6517480","2,8613910",66,2019,130.0,1.0,1.0,1.0,2145842,4.0,2,4,2,5.0,,0.0,0,2009.0,A01,138Â 303Â 482,1.0,-1.0,-1.0,1638631,2.0,17,,0.0,0.0,6.0,B01,138Â 303Â 481,1.0
960113,201900001644,6,1,07:50,1,1,1,1.0,2.0,66144,"A9, sens Espagne//France, PK 257+200",M,"42,6517480","2,8613910",66,2019,130.0,1.0,1.0,1.0,2145842,4.0,2,4,2,5.0,,0.0,0,2009.0,A01,138Â 303Â 482,1.0,-1.0,-1.0,1638632,2.0,7,,0.0,2.0,2.0,A01,138Â 303Â 482,0.0
960113,201900001644,6,1,07:50,1,1,1,1.0,2.0,66144,"A9, sens Espagne//France, PK 257+200",M,"42,6517480","2,8613910",66,2019,130.0,1.0,1.0,1.0,2145843,2.0,2,4,2,5.0,,0.0,0,1999.0,A01,138Â 303Â 482,1.0,-1.0,-1.0,1638631,2.0,17,,0.0,0.0,6.0,B01,138Â 303Â 481,1.0
960113,201900001644,6,1,07:50,1,1,1,1.0,2.0,66144,"A9, sens Espagne//France, PK 257+200",M,"42,6517480","2,8613910",66,2019,130.0,1.0,1.0,1.0,2145843,2.0,2,4,2,5.0,,0.0,0,1999.0,A01,138Â 303Â 482,1.0,-1.0,-1.0,1638632,2.0,7,,0.0,2.0,2.0,A01,138Â 303Â 482,0.0
960113,201900001644,6,1,07:50,1,1,1,1.0,2.0,66144,"A9, sens Espagne//France, PK 257+200",M,"42,6517480","2,8613910",66,2019,130.0,1.0,1.0,1.0,2145844,3.0,2,4,2,5.0,,0.0,0,1961.0,A01,138Â 303Â 482,1.0,-1.0,-1.0,1638631,2.0,17,,0.0,0.0,6.0,B01,138Â 303Â 481,1.0
960113,201900001644,6,1,07:50,1,1,1,1.0,2.0,66144,"A9, sens Espagne//France, PK 257+200",M,"42,6517480","2,8613910",66,2019,130.0,1.0,1.0,1.0,2145844,3.0,2,4,2,5.0,,0.0,0,1961.0,A01,138Â 303Â 482,1.0,-1.0,-1.0,1638632,2.0,7,,0.0,2.0,2.0,A01,138Â 303Â 482,0.0
960113,201900001644,6,1,07:50,1,1,1,1.0,2.0,66144,"A9, sens Espagne//France, PK 257+200",M,"42,6517480","2,8613910",66,2019,130.0,1.0,1.0,1.0,2145845,7.0,2,1,1,5.0,,0.0,0,1975.0,A01,138Â 303Â 482,1.0,-1.0,-1.0,1638631,2.0,17,,0.0,0.0,6.0,B01,138Â 303Â 481,1.0
960113,201900001644,6,1,07:50,1,1,1,1.0,2.0,66144,"A9, sens Espagne//France, PK 257+200",M,"42,6517480","2,8613910",66,2019,130.0,1.0,1.0,1.0,2145845,7.0,2,1,1,5.0,,0.0,0,1975.0,A01,138Â 303Â 482,1.0,-1.0,-1.0,1638632,2.0,7,,0.0,2.0,2.0,A01,138Â 303Â 482,0.0
960114,201900001645,6,8,14:30,1,2,1,1.0,1.0,01004,rue du clos lebreton,M,"45,9597330","5,3507650",1,2019,50.0,1.0,1.0,4.0,2145846,1.0,1,1,1,0.0,,0.0,0,1998.0,A01,138Â 303Â 477,8.0,-1.0,-1.0,1638633,3.0,7,,0.0,2.0,1.0,A01,138Â 303Â 477,1.0
960114,201900001645,6,8,14:30,1,2,1,1.0,1.0,01004,rue du clos lebreton,M,"45,9597330","5,3507650",1,2019,50.0,1.0,1.0,4.0,2145846,1.0,1,1,1,0.0,,0.0,0,1998.0,A01,138Â 303Â 477,8.0,-1.0,-1.0,1638634,3.0,7,,0.0,2.0,1.0,B01,138Â 303Â 478,1.0
960114,201900001645,6,8,14:30,1,2,1,1.0,1.0,01004,rue du clos lebreton,M,"45,9597330","5,3507650",1,2019,50.0,1.0,1.0,4.0,2145847,2.0,2,4,2,0.0,,0.0,0,1976.0,B01,138Â 303Â 478,8.0,-1.0,-1.0,1638633,3.0,7,,0.0,2.0,1.0,A01,138Â 303Â 477,1.0
960114,201900001645,6,8,14:30,1,2,1,1.0,1.0,01004,rue du clos lebreton,M,"45,9597330","5,3507650",1,2019,50.0,1.0,1.0,4.0,2145847,2.0,2,4,2,0.0,,0.0,0,1976.0,B01,138Â 303Â 478,8.0,-1.0,-1.0,1638634,3.0,7,,0.0,2.0,1.0,B01,138Â 303Â 478,1.0
960114,201900001645,6,8,14:30,1,2,1,1.0,1.0,01004,rue du clos lebreton,M,"45,9597330","5,3507650",1,2019,50.0,1.0,1.0,4.0,2145848,1.0,1,4,1,0.0,,0.0,0,1969.0,B01,138Â 303Â 478,8.0,-1.0,-1.0,1638633,3.0,7,,0.0,2.0,1.0,A01,138Â 303Â 477,1.0
960114,201900001645,6,8,14:30,1,2,1,1.0,1.0,01004,rue du clos lebreton,M,"45,9597330","5,3507650",1,2019,50.0,1.0,1.0,4.0,2145848,1.0,1,4,1,0.0,,0.0,0,1969.0,B01,138Â 303Â 478,8.0,-1.0,-1.0,1638634,3.0,7,,0.0,2.0,1.0,B01,138Â 303Â 478,1.0
960115,201900001646,8,14,07:50,1,2,1,1.0,6.0,94052,STRASBOURG (BD DE),M,"48,8341500","2,4768300",94,2019,50.0,1.0,1.0,3.0,2145849,1.0,1,4,1,1.0,,-1.0,0,1962.0,B01,138Â 303Â 475,2.0,6.0,-1.0,1638635,2.0,33,,0.0,2.0,2.0,B01,138Â 303Â 475,1.0
960115,201900001646,8,14,07:50,1,2,1,1.0,6.0,94052,STRASBOURG (BD DE),M,"48,8341500","2,4768300",94,2019,50.0,1.0,1.0,3.0,2145849,1.0,1,4,1,1.0,,-1.0,0,1962.0,B01,138Â 303Â 475,2.0,6.0,-1.0,1638636,2.0,7,,0.0,2.0,3.0,A01,138Â 303Â 476,1.0
960115,201900001646,8,14,07:50,1,2,1,1.0,6.0,94052,STRASBOURG (BD DE),M,"48,8341500","2,4768300",94,2019,50.0,1.0,1.0,3.0,2145850,1.0,1,1,1,5.0,,-1.0,0,1980.0,A01,138Â 303Â 476,1.0,0.0,-1.0,1638635,2.0,33,,0.0,2.0,2.0,B01,138Â 303Â 475,1.0
960115,201900001646,8,14,07:50,1,2,1,1.0,6.0,94052,STRASBOURG (BD DE),M,"48,8341500","2,4768300",94,2019,50.0,1.0,1.0,3.0,2145850,1.0,1,1,1,5.0,,-1.0,0,1980.0,A01,138Â 303Â 476,1.0,0.0,-1.0,1638636,2.0,7,,0.0,2.0,3.0,A01,138Â 303Â 476,1.0
960116,201900001647,5,31,20:55,1,2,1,1.0,7.0,01004,Avenue Roger Salengro,M,"45,9559450","5,3463300",1,2019,30.0,1.0,1.0,9.0,2145851,2.0,2,4,1,0.0,,0.0,0,1993.0,A01,138Â 303Â 474,2.0,-1.0,-1.0,1638637,0.0,2,,6.0,0.0,1.0,A01,138Â 303Â 474,0.0
960117,201900001648,8,16,22:50,5,2,9,1.0,1.0,94041,REPUBLIQUE (AV DE LA),M,"48,8025400","2,3972000",94,2019,50.0,1.0,1.0,4.0,2145852,2.0,2,1,1,9.0,,-1.0,0,2002.0,A01,138Â 303Â 472,1.0,0.0,-1.0,1638638,2.0,7,,0.0,2.0,1.0,A01,138Â 303Â 472,1.0
960117,201900001648,8,16,22:50,5,2,9,1.0,1.0,94041,REPUBLIQUE (AV DE LA),M,"48,8025400","2,3972000",94,2019,50.0,1.0,1.0,4.0,2145852,2.0,2,1,1,9.0,,-1.0,0,2002.0,A01,138Â 303Â 472,1.0,0.0,-1.0,1638639,1.0,31,,0.0,2.0,1.0,B01,138Â 303Â 473,1.0
960117,201900001648,8,16,22:50,5,2,9,1.0,1.0,94041,REPUBLIQUE (AV DE LA),M,"48,8025400","2,3972000",94,2019,50.0,1.0,1.0,4.0,2145853,1.0,1,1,1,5.0,,-1.0,0,2000.0,A01,138Â 303Â 472,1.0,0.0,-1.0,1638638,2.0,7,,0.0,2.0,1.0,A01,138Â 303Â 472,1.0
960117,201900001648,8,16,22:50,5,2,9,1.0,1.0,94041,REPUBLIQUE (AV DE LA),M,"48,8025400","2,3972000",94,2019,50.0,1.0,1.0,4.0,2145853,1.0,1,1,1,5.0,,-1.0,0,2000.0,A01,138Â 303Â 472,1.0,0.0,-1.0,1638639,1.0,31,,0.0,2.0,1.0,B01,138Â 303Â 473,1.0
960117,201900001648,8,16,22:50,5,2,9,1.0,1.0,94041,REPUBLIQUE (AV DE LA),M,"48,8025400","2,3972000",94,2019,50.0,1.0,1.0,4.0,2145854,1.0,1,2,1,9.0,,-1.0,0,1961.0,B01,138Â 303Â 473,2.0,0.0,-1.0,1638638,2.0,7,,0.0,2.0,1.0,A01,138Â 303Â 472,1.0
960117,201900001648,8,16,22:50,5,2,9,1.0,1.0,94041,REPUBLIQUE (AV DE LA),M,"48,8025400","2,3972000",94,2019,50.0,1.0,1.0,4.0,2145854,1.0,1,2,1,9.0,,-1.0,0,1961.0,B01,138Â 303Â 473,2.0,0.0,-1.0,1638639,1.0,31,,0.0,2.0,1.0,B01,138Â 303Â 473,1.0
960118,201900001649,6,9,00:00,3,1,1,1.0,6.0,17045,RD 238,M,"45,8712170"," -0,8534170",17,2019,80.0,3.0,1.0,3.0,2145855,1.0,1,4,1,5.0,,0.0,0,1992.0,A01,138Â 303Â 471,1.0,-1.0,-1.0,1638640,1.0,7,,17.0,0.0,1.0,A01,138Â 303Â 471,1.0
960118,201900001649,6,9,00:00,3,1,1,1.0,6.0,17045,RD 238,M,"45,8712170"," -0,8534170",17,2019,80.0,3.0,1.0,3.0,2145856,5.0,2,3,1,5.0,,0.0,0,1999.0,A01,138Â 303Â 471,1.0,-1.0,-1.0,1638640,1.0,7,,17.0,0.0,1.0,A01,138Â 303Â 471,1.0
960118,201900001649,6,9,00:00,3,1,1,1.0,6.0,17045,RD 238,M,"45,8712170"," -0,8534170",17,2019,80.0,3.0,1.0,3.0,2145857,2.0,2,3,1,5.0,,0.0,0,2000.0,A01,138Â 303Â 471,1.0,-1.0,-1.0,1638640,1.0,7,,17.0,0.0,1.0,A01,138Â 303Â 471,1.0
960118,201900001649,6,9,00:00,3,1,1,1.0,6.0,17045,RD 238,M,"45,8712170"," -0,8534170",17,2019,80.0,3.0,1.0,3.0,2145858,4.0,2,3,1,5.0,,0.0,0,2001.0,A01,138Â 303Â 471,1.0,-1.0,-1.0,1638640,1.0,7,,17.0,0.0,1.0,A01,138Â 303Â 471,1.0
960118,201900001649,6,9,00:00,3,1,1,1.0,6.0,17045,RD 238,M,"45,8712170"," -0,8534170",17,2019,80.0,3.0,1.0,3.0,2145859,3.0,2,2,2,5.0,,0.0,0,2000.0,A01,138Â 303Â 471,1.0,-1.0,-1.0,1638640,1.0,7,,17.0,0.0,1.0,A01,138Â 303Â 471,1.0
960119,201900001650,6,16,10:50,1,1,1,1.0,7.0,80444,A28,M,"50,0502100","1,7989810",80,2019,130.0,2.0,1.0,1.0,2145860,1.0,1,4,1,5.0,,0.0,0,1971.0,A01,138Â 303Â 469,2.0,6.0,-1.0,1638641,1.0,33,,0.0,0.0,3.0,A01,138Â 303Â 469,1.0
960119,201900001650,6,16,10:50,1,1,1,1.0,7.0,80444,A28,M,"50,0502100","1,7989810",80,2019,130.0,2.0,1.0,1.0,2145861,2.0,2,4,1,5.0,,0.0,0,2005.0,A01,138Â 303Â 469,2.0,6.0,-1.0,1638641,1.0,33,,0.0,0.0,3.0,A01,138Â 303Â 469,1.0
960120,201900001651,6,15,20:50,1,2,1,1.0,7.0,60157,107 Rue de Paris,M,"49,3671200","2,4189580",60,2019,50.0,1.0,1.0,3.0,2145862,1.0,1,3,2,5.0,,0.0,0,1982.0,A01,138Â 303Â 467,2.0,6.0,-1.0,1638642,3.0,33,,0.0,0.0,1.0,A01,138Â 303Â 467,1.0
960121,201900001652,8,16,08:45,1,2,3,1.0,3.0,94011,SEMARD(RUE PIERRE),M,"48,7620000","2,4780000",94,2019,50.0,1.0,1.0,3.0,2145863,1.0,1,4,1,4.0,,-1.0, -1,1969.0,A01,138Â 303Â 466,1.0,8.0,-1.0,1638643,1.0,14,,0.0,2.0,8.0,A01,138Â 303Â 466,1.0
960121,201900001652,8,16,08:45,1,2,3,1.0,3.0,94011,SEMARD(RUE PIERRE),M,"48,7620000","2,4780000",94,2019,50.0,1.0,1.0,3.0,2145863,1.0,1,4,1,4.0,,-1.0, -1,1969.0,A01,138Â 303Â 466,1.0,8.0,-1.0,1638644,1.0,7,,0.0,2.0,2.0,B01,138Â 303Â 468,1.0
960121,201900001652,8,16,08:45,1,2,3,1.0,3.0,94011,SEMARD(RUE PIERRE),M,"48,7620000","2,4780000",94,2019,50.0,1.0,1.0,3.0,2145864,1.0,1,4,1,1.0,,-1.0, -1,1987.0,B01,138Â 303Â 468,1.0,8.0,-1.0,1638643,1.0,14,,0.0,2.0,8.0,A01,138Â 303Â 466,1.0
960121,201900001652,8,16,08:45,1,2,3,1.0,3.0,94011,SEMARD(RUE PIERRE),M,"48,7620000","2,4780000",94,2019,50.0,1.0,1.0,3.0,2145864,1.0,1,4,1,1.0,,-1.0, -1,1987.0,B01,138Â 303Â 468,1.0,8.0,-1.0,1638644,1.0,7,,0.0,2.0,2.0,B01,138Â 303Â 468,1.0
960122,201900001653,6,14,03:55,3,1,1,1.0,2.0,02017,Autoroute A26 CALAIS REIMS PK 191+500,M,"49,6986950","3,4428920",2,2019,130.0,1.0,1.0,1.0,2145865,1.0,1,4,2,5.0,,0.0,0,1992.0,A01,138Â 303Â 464,1.0,9.0,-1.0,1638645,1.0,7,,0.0,2.0,6.0,A01,138Â 303Â 464,1.0
960122,201900001653,6,14,03:55,3,1,1,1.0,2.0,02017,Autoroute A26 CALAIS REIMS PK 191+500,M,"49,6986950","3,4428920",2,2019,130.0,1.0,1.0,1.0,2145865,1.0,1,4,2,5.0,,0.0,0,1992.0,A01,138Â 303Â 464,1.0,9.0,-1.0,1638646,1.0,15,,0.0,2.0,2.0,B01,138Â 303Â 465,1.0
960122,201900001653,6,14,03:55,3,1,1,1.0,2.0,02017,Autoroute A26 CALAIS REIMS PK 191+500,M,"49,6986950","3,4428920",2,2019,130.0,1.0,1.0,1.0,2145866,1.0,1,1,1,4.0,,0.0,0,1989.0,B01,138Â 303Â 465,1.0,9.0,-1.0,1638645,1.0,7,,0.0,2.0,6.0,A01,138Â 303Â 464,1.0
960122,201900001653,6,14,03:55,3,1,1,1.0,2.0,02017,Autoroute A26 CALAIS REIMS PK 191+500,M,"49,6986950","3,4428920",2,2019,130.0,1.0,1.0,1.0,2145866,1.0,1,1,1,4.0,,0.0,0,1989.0,B01,138Â 303Â 465,1.0,9.0,-1.0,1638646,1.0,15,,0.0,2.0,2.0,B01,138Â 303Â 465,1.0
960123,201900001654,8,15,17:15,1,2,3,1.0,6.0,94028,LECLERC.(RUE DU GENERAL),M,"48,7842300","2,4715500",94,2019,50.0,1.0,1.0,3.0,2145867,10.0,3,4,2,9.0,,4.0,3,1950.0,A01,138Â 303Â 463,8.0,0.0,-1.0,1638647,1.0,30,,0.0,1.0,1.0,A01,138Â 303Â 463,1.0
960123,201900001654,8,15,17:15,1,2,3,1.0,6.0,94028,LECLERC.(RUE DU GENERAL),M,"48,7842300","2,4715500",94,2019,50.0,1.0,1.0,3.0,2145868,1.0,1,1,1,0.0,,0.0,0,2001.0,A01,138Â 303Â 463,8.0,0.0,-1.0,1638647,1.0,30,,0.0,1.0,1.0,A01,138Â 303Â 463,1.0
960124,201900001655,8,15,08:45,1,2,1,1.0,6.0,94028,CHOISY(ROUTE DE),M,"48,7902200","2,4529700",94,2019,50.0,1.0,1.0,3.0,2145869,1.0,1,1,1,4.0,,-1.0, -1,1986.0,A01,138Â 303Â 461,8.0,0.0,-1.0,1638648,2.0,37,1.0,0.0,1.0,7.0,A01,138Â 303Â 461,1.0
960124,201900001655,8,15,08:45,1,2,1,1.0,6.0,94028,CHOISY(ROUTE DE),M,"48,7902200","2,4529700",94,2019,50.0,1.0,1.0,3.0,2145870,10.0,3,3,2,1.0,,2.0,9,1993.0,A01,138Â 303Â 461,8.0,0.0,-1.0,1638648,2.0,37,1.0,0.0,1.0,7.0,A01,138Â 303Â 461,1.0
960125,201900001656,5,29,16:20,1,1,1,1.0,6.0,02124,Autoroute A26 pk 187+700,M,"49,7276200","3,4094990",2,2019,130.0,1.0,1.0,1.0,2145871,1.0,1,1,2,5.0,,0.0,0,1954.0,B01,138Â 303Â 459,1.0,-1.0,-1.0,1638649,2.0,7,,0.0,9.0,1.0,B01,138Â 303Â 459,1.0
960125,201900001656,5,29,16:20,1,1,1,1.0,6.0,02124,Autoroute A26 pk 187+700,M,"49,7276200","3,4094990",2,2019,130.0,1.0,1.0,1.0,2145871,1.0,1,1,2,5.0,,0.0,0,1954.0,B01,138Â 303Â 459,1.0,-1.0,-1.0,1638650,2.0,7,,3.0,0.0,1.0,A01,138Â 303Â 460,1.0
960125,201900001656,5,29,16:20,1,1,1,1.0,6.0,02124,Autoroute A26 pk 187+700,M,"49,7276200","3,4094990",2,2019,130.0,1.0,1.0,1.0,2145872,1.0,1,1,1,4.0,,0.0,0,2001.0,A01,138Â 303Â 460,1.0,9.0,-1.0,1638649,2.0,7,,0.0,9.0,1.0,B01,138Â 303Â 459,1.0
960125,201900001656,5,29,16:20,1,1,1,1.0,6.0,02124,Autoroute A26 pk 187+700,M,"49,7276200","3,4094990",2,2019,130.0,1.0,1.0,1.0,2145872,1.0,1,1,1,4.0,,0.0,0,2001.0,A01,138Â 303Â 460,1.0,9.0,-1.0,1638650,2.0,7,,3.0,0.0,1.0,A01,138Â 303Â 460,1.0
960125,201900001656,5,29,16:20,1,1,1,1.0,6.0,02124,Autoroute A26 pk 187+700,M,"49,7276200","3,4094990",2,2019,130.0,1.0,1.0,1.0,2145873,2.0,2,3,1,4.0,,0.0,0,1994.0,A01,138Â 303Â 460,1.0,9.0,-1.0,1638649,2.0,7,,0.0,9.0,1.0,B01,138Â 303Â 459,1.0
960125,201900001656,5,29,16:20,1,1,1,1.0,6.0,02124,Autoroute A26 pk 187+700,M,"49,7276200","3,4094990",2,2019,130.0,1.0,1.0,1.0,2145873,2.0,2,3,1,4.0,,0.0,0,1994.0,A01,138Â 303Â 460,1.0,9.0,-1.0,1638650,2.0,7,,3.0,0.0,1.0,A01,138Â 303Â 460,1.0
960126,201900001657,8,13,12:00,1,2,1,1.0,3.0,94028,SEBASTIEN(VILLA),M,"48,7892500","2,4652200",94,2019,50.0,1.0,1.0,4.0,2145874,1.0,1,4,2,5.0,,-1.0, -1,2004.0,B01,138Â 303Â 457,8.0,0.0,-1.0,1638651,3.0,1,,0.0,2.0,0.0,B01,138Â 303Â 457,5.0
960126,201900001657,8,13,12:00,1,2,1,1.0,3.0,94028,SEBASTIEN(VILLA),M,"48,7892500","2,4652200",94,2019,50.0,1.0,1.0,4.0,2145874,1.0,1,4,2,5.0,,-1.0, -1,2004.0,B01,138Â 303Â 457,8.0,0.0,-1.0,1638652,2.0,10,,0.0,6.0,1.0,A01,138Â 303Â 458,1.0
960126,201900001657,8,13,12:00,1,2,1,1.0,3.0,94028,SEBASTIEN(VILLA),M,"48,7892500","2,4652200",94,2019,50.0,1.0,1.0,4.0,2145875,1.0,1,1,1,4.0,,-1.0, -1,1968.0,A01,138Â 303Â 458,1.0,8.0,-1.0,1638651,3.0,1,,0.0,2.0,0.0,B01,138Â 303Â 457,5.0
960126,201900001657,8,13,12:00,1,2,1,1.0,3.0,94028,SEBASTIEN(VILLA),M,"48,7892500","2,4652200",94,2019,50.0,1.0,1.0,4.0,2145875,1.0,1,1,1,4.0,,-1.0, -1,1968.0,A01,138Â 303Â 458,1.0,8.0,-1.0,1638652,2.0,10,,0.0,6.0,1.0,A01,138Â 303Â 458,1.0
960127,201900001658,6,4,08:00,1,1,1,1.0,1.0,16050,Ld Le Maine Aubrun,M,"45,5855500"," -0,1231720",16,2019,80.0,1.0,1.0,3.0,2145876,1.0,1,3,1,2.0,,0.0,0,2003.0,A01,138Â 303Â 455,2.0,6.0,-1.0,1638653,1.0,2,,0.0,2.0,1.0,A01,138Â 303Â 455,1.0
960127,201900001658,6,4,08:00,1,1,1,1.0,1.0,16050,Ld Le Maine Aubrun,M,"45,5855500"," -0,1231720",16,2019,80.0,1.0,1.0,3.0,2145876,1.0,1,3,1,2.0,,0.0,0,2003.0,A01,138Â 303Â 455,2.0,6.0,-1.0,1638654,2.0,21,,0.0,2.0,3.0,B01,138Â 303Â 456,1.0
960127,201900001658,6,4,08:00,1,1,1,1.0,1.0,16050,Ld Le Maine Aubrun,M,"45,5855500"," -0,1231720",16,2019,80.0,1.0,1.0,3.0,2145877,1.0,1,1,1,5.0,,0.0,0,1941.0,B01,138Â 303Â 456,0.0,-1.0,-1.0,1638653,1.0,2,,0.0,2.0,1.0,A01,138Â 303Â 455,1.0
960127,201900001658,6,4,08:00,1,1,1,1.0,1.0,16050,Ld Le Maine Aubrun,M,"45,5855500"," -0,1231720",16,2019,80.0,1.0,1.0,3.0,2145877,1.0,1,1,1,5.0,,0.0,0,1941.0,B01,138Â 303Â 456,0.0,-1.0,-1.0,1638654,2.0,21,,0.0,2.0,3.0,B01,138Â 303Â 456,1.0