Unnamed: 0_x,num_acc,mois,jour,hrmn,lum,agg,int,atm,col,com,adr,gps,lat,long,dep,annee,vma,situ,surf,catr,Unnamed: 0_y,place,catu,grav,sexe,trajet,secu,locp,actp,an_nais,num_veh_x,id_vehicule_x,secu1,secu2,secu3,Unnamed: 0,senc,catv,occutc,obs,obsm,choc,num_veh_y,id_vehicule_y,motor
960128,201900001659,8,12,19:40,1,2,9,1.0,7.0,94028,CHOISY(ROUTE DE),M,"48,7837530","2,4471030",94,2019,50.0,1.0,1.0,3.0,2145878,1.0,1,4,2,0.0,,-1.0, -1,1989.0,A01,138Â 303Â 454,8.0,0.0,-1.0,1638655,2.0,7,,4.0,0.0,1.0,A01,138Â 303Â 454,0.0
960129,201900001660,6,14,01:30,3,1,1,1.0,4.0,74307,A410,M,"46,0035210","6,1265880",74,2019,90.0,1.0,1.0,1.0,2145879,10.0,3,2,1,5.0,,6.0,9,1987.0,C01,138Â 303Â 452,0.0,-1.0,-1.0,1638656,2.0,15,,0.0,0.0,4.0,B01,138Â 303Â 450,6.0
960129,201900001660,6,14,01:30,3,1,1,1.0,4.0,74307,A410,M,"46,0035210","6,1265880",74,2019,90.0,1.0,1.0,1.0,2145879,10.0,3,2,1,5.0,,6.0,9,1987.0,C01,138Â 303Â 452,0.0,-1.0,-1.0,1638657,2.0,7,,14.0,1.0,1.0,C01,138Â 303Â 452,1.0
960129,201900001660,6,14,01:30,3,1,1,1.0,4.0,74307,A410,M,"46,0035210","6,1265880",74,2019,90.0,1.0,1.0,1.0,2145879,10.0,3,2,1,5.0,,6.0,9,1987.0,C01,138Â 303Â 452,0.0,-1.0,-1.0,1638658,2.0,7,,7.0,0.0,3.0,A01,138Â 303Â 453,1.0
960129,201900001660,6,14,01:30,3,1,1,1.0,4.0,74307,A410,M,"46,0035210","6,1265880",74,2019,90.0,1.0,1.0,1.0,2145880,1.0,1,1,1,1.0,,0.0,0,1986.0,C01,138Â 303Â 452,5.0,1.0,-1.0,1638656,2.0,15,,0.0,0.0,4.0,B01,138Â 303Â 450,6.0
960129,201900001660,6,14,01:30,3,1,1,1.0,4.0,74307,A410,M,"46,0035210","6,1265880",74,2019,90.0,1.0,1.0,1.0,2145880,1.0,1,1,1,1.0,,0.0,0,1986.0,C01,138Â 303Â 452,5.0,1.0,-1.0,1638657,2.0,7,,14.0,1.0,1.0,C01,138Â 303Â 452,1.0
960129,201900001660,6,14,01:30,3,1,1,1.0,4.0,74307,A410,M,"46,0035210","6,1265880",74,2019,90.0,1.0,1.0,1.0,2145880,1.0,1,1,1,1.0,,0.0,0,1986.0,C01,138Â 303Â 452,5.0,1.0,-1.0,1638658,2.0,7,,7.0,0.0,3.0,A01,138Â 303Â 453,1.0
960129,201900001660,6,14,01:30,3,1,1,1.0,4.0,74307,A410,M,"46,0035210","6,1265880",74,2019,90.0,1.0,1.0,1.0,2145881,1.0,1,4,1,0.0,,0.0,0,1973.0,A01,138Â 303Â 453,1.0,-1.0,-1.0,1638656,2.0,15,,0.0,0.0,4.0,B01,138Â 303Â 450,6.0
960129,201900001660,6,14,01:30,3,1,1,1.0,4.0,74307,A410,M,"46,0035210","6,1265880",74,2019,90.0,1.0,1.0,1.0,2145881,1.0,1,4,1,0.0,,0.0,0,1973.0,A01,138Â 303Â 453,1.0,-1.0,-1.0,1638657,2.0,7,,14.0,1.0,1.0,C01,138Â 303Â 452,1.0
960129,201900001660,6,14,01:30,3,1,1,1.0,4.0,74307,A410,M,"46,0035210","6,1265880",74,2019,90.0,1.0,1.0,1.0,2145881,1.0,1,4,1,0.0,,0.0,0,1973.0,A01,138Â 303Â 453,1.0,-1.0,-1.0,1638658,2.0,7,,7.0,0.0,3.0,A01,138Â 303Â 453,1.0
960130,201900001661,6,20,11:40,1,1,3,1.0,3.0,22172,RD 19 / D 768,M,"48,5375162"," -2,2242192",22,2019,80.0,1.0,1.0,3.0,2145882,1.0,1,1,1,5.0,,0.0,0,1941.0,A01,138Â 303Â 448,1.0,-1.0,-1.0,1638659,2.0,7,,0.0,2.0,2.0,A01,138Â 303Â 448,1.0
960130,201900001661,6,20,11:40,1,1,3,1.0,3.0,22172,RD 19 / D 768,M,"48,5375162"," -2,2242192",22,2019,80.0,1.0,1.0,3.0,2145882,1.0,1,1,1,5.0,,0.0,0,1941.0,A01,138Â 303Â 448,1.0,-1.0,-1.0,1638660,2.0,7,,0.0,2.0,3.0,B01,138Â 303Â 449,1.0
960130,201900001661,6,20,11:40,1,1,3,1.0,3.0,22172,RD 19 / D 768,M,"48,5375162"," -2,2242192",22,2019,80.0,1.0,1.0,3.0,2145883,1.0,1,3,2,5.0,,0.0,0,1933.0,B01,138Â 303Â 449,1.0,-1.0,-1.0,1638659,2.0,7,,0.0,2.0,2.0,A01,138Â 303Â 448,1.0
960130,201900001661,6,20,11:40,1,1,3,1.0,3.0,22172,RD 19 / D 768,M,"48,5375162"," -2,2242192",22,2019,80.0,1.0,1.0,3.0,2145883,1.0,1,3,2,5.0,,0.0,0,1933.0,B01,138Â 303Â 449,1.0,-1.0,-1.0,1638660,2.0,7,,0.0,2.0,3.0,B01,138Â 303Â 449,1.0
960131,201900001662,6,18,21:37,1,2,1,1.0,7.0,22209,rue du colonel pleven,M,"48,5799400"," -2,1425700",22,2019,50.0,1.0,1.0,3.0,2145884,1.0,1,4,1,0.0,,0.0,0,2001.0,A01,138Â 303Â 447,2.0,-1.0,-1.0,1638661,3.0,2,,0.0,0.0,0.0,A01,138Â 303Â 447,1.0
960132,201900001663,6,7,11:13,1,2,1,1.0,2.0,43040,Avenue d'Auvergne,M,"45,3036810","3,3783150",43,2019,50.0,1.0,1.0,4.0,2145885,1.0,1,3,1,5.0,,0.0,0,1937.0,A01,138Â 303Â 445,1.0,-1.0,-1.0,1638662,3.0,7,,0.0,2.0,1.0,A01,138Â 303Â 445,0.0
960132,201900001663,6,7,11:13,1,2,1,1.0,2.0,43040,Avenue d'Auvergne,M,"45,3036810","3,3783150",43,2019,50.0,1.0,1.0,4.0,2145885,1.0,1,3,1,5.0,,0.0,0,1937.0,A01,138Â 303Â 445,1.0,-1.0,-1.0,1638663,3.0,7,,0.0,0.0,4.0,B01,138Â 303Â 446,0.0
960132,201900001663,6,7,11:13,1,2,1,1.0,2.0,43040,Avenue d'Auvergne,M,"45,3036810","3,3783150",43,2019,50.0,1.0,1.0,4.0,2145886,1.0,1,4,2,3.0,,0.0,0,1991.0,B01,138Â 303Â 446,1.0,-1.0,-1.0,1638662,3.0,7,,0.0,2.0,1.0,A01,138Â 303Â 445,0.0
960132,201900001663,6,7,11:13,1,2,1,1.0,2.0,43040,Avenue d'Auvergne,M,"45,3036810","3,3783150",43,2019,50.0,1.0,1.0,4.0,2145886,1.0,1,4,2,3.0,,0.0,0,1991.0,B01,138Â 303Â 446,1.0,-1.0,-1.0,1638663,3.0,7,,0.0,0.0,4.0,B01,138Â 303Â 446,0.0
960133,201900001664,8,13,21:00,2,2,1,1.0,7.0,94022,STALINGRAD (BD DE),M,"48,7707170","2,4013730",94,2019,50.0,1.0,1.0,3.0,2145887,2.0,2,4,1,0.0,,-1.0, -1,1998.0,A01,138Â 303Â 451,8.0,0.0,-1.0,1638664,1.0,30,,0.0,2.0,0.0,A01,138Â 303Â 451,0.0
960134,201900001665,5,29,15:17,1,2,1,1.0,2.0,43188,le bourg,M,"45,1556736","3,5414600",43,2019,50.0,1.0,1.0,2.0,2145888,2.0,2,4,1,5.0,,0.0,0,1965.0,B01,138Â 303Â 443,1.0,-1.0,-1.0,1638665,2.0,7,,0.0,0.0,4.0,B01,138Â 303Â 443,0.0
960134,201900001665,5,29,15:17,1,2,1,1.0,2.0,43188,le bourg,M,"45,1556736","3,5414600",43,2019,50.0,1.0,1.0,2.0,2145888,2.0,2,4,1,5.0,,0.0,0,1965.0,B01,138Â 303Â 443,1.0,-1.0,-1.0,1638666,2.0,10,,0.0,2.0,1.0,A01,138Â 303Â 444,0.0
960134,201900001665,5,29,15:17,1,2,1,1.0,2.0,43188,le bourg,M,"45,1556736","3,5414600",43,2019,50.0,1.0,1.0,2.0,2145889,1.0,1,1,1,4.0,,0.0,0,1995.0,A01,138Â 303Â 444,1.0,-1.0,-1.0,1638665,2.0,7,,0.0,0.0,4.0,B01,138Â 303Â 443,0.0
960134,201900001665,5,29,15:17,1,2,1,1.0,2.0,43188,le bourg,M,"45,1556736","3,5414600",43,2019,50.0,1.0,1.0,2.0,2145889,1.0,1,1,1,4.0,,0.0,0,1995.0,A01,138Â 303Â 444,1.0,-1.0,-1.0,1638666,2.0,10,,0.0,2.0,1.0,A01,138Â 303Â 444,0.0
960135,201900001666,8,12,22:55,3,2,9,1.0,3.0,94017,JEAN JAURES (R),M,"48,8149820","2,5066010",94,2019,50.0,1.0,1.0,3.0,2145890,1.0,1,1,1,5.0,,-1.0,0,1984.0,A01,138Â 303Â 441,1.0,0.0,-1.0,1638667,1.0,10,,0.0,2.0,3.0,A01,138Â 303Â 441,1.0
960135,201900001666,8,12,22:55,3,2,9,1.0,3.0,94017,JEAN JAURES (R),M,"48,8149820","2,5066010",94,2019,50.0,1.0,1.0,3.0,2145890,1.0,1,1,1,5.0,,-1.0,0,1984.0,A01,138Â 303Â 441,1.0,0.0,-1.0,1638668,1.0,2,,0.0,2.0,1.0,B01,138Â 303Â 442,1.0
960135,201900001666,8,12,22:55,3,2,9,1.0,3.0,94017,JEAN JAURES (R),M,"48,8149820","2,5066010",94,2019,50.0,1.0,1.0,3.0,2145891,2.0,2,4,1,5.0,,-1.0,0,2002.0,B01,138Â 303Â 442,2.0,0.0,-1.0,1638667,1.0,10,,0.0,2.0,3.0,A01,138Â 303Â 441,1.0
960135,201900001666,8,12,22:55,3,2,9,1.0,3.0,94017,JEAN JAURES (R),M,"48,8149820","2,5066010",94,2019,50.0,1.0,1.0,3.0,2145891,2.0,2,4,1,5.0,,-1.0,0,2002.0,B01,138Â 303Â 442,2.0,0.0,-1.0,1638668,1.0,2,,0.0,2.0,1.0,B01,138Â 303Â 442,1.0
960135,201900001666,8,12,22:55,3,2,9,1.0,3.0,94017,JEAN JAURES (R),M,"48,8149820","2,5066010",94,2019,50.0,1.0,1.0,3.0,2145892,1.0,1,4,1,5.0,,-1.0,0,2000.0,B01,138Â 303Â 442,2.0,0.0,-1.0,1638667,1.0,10,,0.0,2.0,3.0,A01,138Â 303Â 441,1.0
960135,201900001666,8,12,22:55,3,2,9,1.0,3.0,94017,JEAN JAURES (R),M,"48,8149820","2,5066010",94,2019,50.0,1.0,1.0,3.0,2145892,1.0,1,4,1,5.0,,-1.0,0,2000.0,B01,138Â 303Â 442,2.0,0.0,-1.0,1638668,1.0,2,,0.0,2.0,1.0,B01,138Â 303Â 442,1.0
960136,201900001667,6,7,23:00,3,1,1,6.0,6.0,68156,D3B3,M,"47,9102500","7,2576250",68,2019,80.0,1.0,2.0,3.0,2145893,10.0,3,3,2,1.0,,1.0,3,1999.0,A01,138Â 303Â 440,0.0,-1.0,-1.0,1638669,1.0,7,,0.0,1.0,2.0,A01,138Â 303Â 440,2.0
960136,201900001667,6,7,23:00,3,1,1,6.0,6.0,68156,D3B3,M,"47,9102500","7,2576250",68,2019,80.0,1.0,2.0,3.0,2145894,1.0,1,1,2,1.0,,0.0,0,1993.0,A01,138Â 303Â 440,1.0,-1.0,-1.0,1638669,1.0,7,,0.0,1.0,2.0,A01,138Â 303Â 440,2.0
960137,201900001668,8,17,17:40,1,2,6,2.0,7.0,94047,VERDUN (R DE),M,"48,7102600","2,5581600",94,2019,50.0,1.0,2.0,4.0,2145895,1.0,1,4,1,1.0,,-1.0,0,1972.0,A01,138Â 303Â 439,2.0,6.0,-1.0,1638670,3.0,30,,0.0,0.0,1.0,A01,138Â 303Â 439,1.0
960138,201900001669,6,7,13:30,1,2,1,1.0,7.0,68112,Rue de l'Ãglise,M,"47,9106430","7,2106180",68,2019,50.0,1.0,1.0,4.0,2145896,10.0,3,4,1,2.0,,3.0,3,2011.0,A01,138Â 303Â 438,0.0,-1.0,-1.0,1638671,3.0,7,,0.0,1.0,1.0,A01,138Â 303Â 438,1.0
960138,201900001669,6,7,13:30,1,2,1,1.0,7.0,68112,Rue de l'Ãglise,M,"47,9106430","7,2106180",68,2019,50.0,1.0,1.0,4.0,2145897,1.0,1,1,2,2.0,,0.0,0,1986.0,A01,138Â 303Â 438,1.0,-1.0,-1.0,1638671,3.0,7,,0.0,1.0,1.0,A01,138Â 303Â 438,1.0
960139,201900001670,8,14,16:45,1,2,1,1.0,3.0,94071,MAGELLAN (RUE),M,"48,7726981","2,5039773",94,2019,50.0,1.0,1.0,4.0,2145898,1.0,1,3,1,5.0,,-1.0, -1,1965.0,A01,138Â 303Â 436,2.0,6.0,-1.0,1638672,3.0,33,,12.0,0.0,8.0,A01,138Â 303Â 436,1.0
960139,201900001670,8,14,16:45,1,2,1,1.0,3.0,94071,MAGELLAN (RUE),M,"48,7726981","2,5039773",94,2019,50.0,1.0,1.0,4.0,2145898,1.0,1,3,1,5.0,,-1.0, -1,1965.0,A01,138Â 303Â 436,2.0,6.0,-1.0,1638673,3.0,10,,0.0,0.0,0.0,B01,138Â 303Â 437,1.0
960139,201900001670,8,14,16:45,1,2,1,1.0,3.0,94071,MAGELLAN (RUE),M,"48,7726981","2,5039773",94,2019,50.0,1.0,1.0,4.0,2145899,1.0,1,1,1,1.0,,-1.0, -1,1975.0,B01,138Â 303Â 437,1.0,8.0,-1.0,1638672,3.0,33,,12.0,0.0,8.0,A01,138Â 303Â 436,1.0
960139,201900001670,8,14,16:45,1,2,1,1.0,3.0,94071,MAGELLAN (RUE),M,"48,7726981","2,5039773",94,2019,50.0,1.0,1.0,4.0,2145899,1.0,1,1,1,1.0,,-1.0, -1,1975.0,B01,138Â 303Â 437,1.0,8.0,-1.0,1638673,3.0,10,,0.0,0.0,0.0,B01,138Â 303Â 437,1.0
960140,201900001671,6,19,00:30,3,1,1,1.0,6.0,86050,RD24,M,"46,6685100"," -0,0036050",86,2019,80.0,3.0,1.0,3.0,2145900,1.0,1,3,1,1.0,,0.0,0,1995.0,A01,138Â 303Â 435,1.0,-1.0,-1.0,1638674,1.0,7,,2.0,0.0,1.0,A01,138Â 303Â 435,1.0
960141,201900001672,8,17,17:15,1,2,3,2.0,2.0,94002,JEAN BAPTISTE CLEMENT (QU),M,"48,7904900","2,4239400",94,2019,50.0,1.0,2.0,4.0,2145901,1.0,1,4,1,5.0,,-1.0,0,1993.0,A01,138Â 303Â 433,1.0,0.0,-1.0,1638675,1.0,7,,0.0,2.0,4.0,A01,138Â 303Â 433,1.0
960141,201900001672,8,17,17:15,1,2,3,2.0,2.0,94002,JEAN BAPTISTE CLEMENT (QU),M,"48,7904900","2,4239400",94,2019,50.0,1.0,2.0,4.0,2145901,1.0,1,4,1,5.0,,-1.0,0,1993.0,A01,138Â 303Â 433,1.0,0.0,-1.0,1638676,1.0,7,,0.0,2.0,0.0,B01,138Â 303Â 434,1.0
960141,201900001672,8,17,17:15,1,2,3,2.0,2.0,94002,JEAN BAPTISTE CLEMENT (QU),M,"48,7904900","2,4239400",94,2019,50.0,1.0,2.0,4.0,2145902,1.0,1,1,1,0.0,,-1.0,0,1956.0,B01,138Â 303Â 434,1.0,0.0,-1.0,1638675,1.0,7,,0.0,2.0,4.0,A01,138Â 303Â 433,1.0
960141,201900001672,8,17,17:15,1,2,3,2.0,2.0,94002,JEAN BAPTISTE CLEMENT (QU),M,"48,7904900","2,4239400",94,2019,50.0,1.0,2.0,4.0,2145902,1.0,1,1,1,0.0,,-1.0,0,1956.0,B01,138Â 303Â 434,1.0,0.0,-1.0,1638676,1.0,7,,0.0,2.0,0.0,B01,138Â 303Â 434,1.0
960142,201900001673,6,6,22:15,5,2,1,1.0,6.0,33138,5 Avenue Justin Luquot,M,"45,0406520"," -0,1254110",33,2019,50.0,4.0,1.0,4.0,2145903,1.0,1,1,1,4.0,,0.0,0,1984.0,A01,138Â 303Â 432,1.0,4.0,-1.0,1638677,0.0,13,,0.0,1.0,6.0,A01,138Â 303Â 432,1.0
960142,201900001673,6,6,22:15,5,2,1,1.0,6.0,33138,5 Avenue Justin Luquot,M,"45,0406520"," -0,1254110",33,2019,50.0,4.0,1.0,4.0,2145904,10.0,3,3,2,9.0,,5.0,9,1990.0,A01,138Â 303Â 432,0.0,-1.0,-1.0,1638677,0.0,13,,0.0,1.0,6.0,A01,138Â 303Â 432,1.0
960143,201900001674,6,9,18:35,1,2,2,1.0,3.0,40296,Avenue Charles de Gaulle,M,"43,6845650"," -1,3752900",40,2019,50.0,1.0,1.0,3.0,2145905,1.0,1,1,2,5.0,,0.0,0,1958.0,A01,138Â 303Â 427,1.0,-1.0,-1.0,1638678,3.0,7,,0.0,2.0,2.0,A01,138Â 303Â 427,1.0
960143,201900001674,6,9,18:35,1,2,2,1.0,3.0,40296,Avenue Charles de Gaulle,M,"43,6845650"," -1,3752900",40,2019,50.0,1.0,1.0,3.0,2145905,1.0,1,1,2,5.0,,0.0,0,1958.0,A01,138Â 303Â 427,1.0,-1.0,-1.0,1638679,3.0,32,,0.0,2.0,3.0,B01,138Â 303Â 429,1.0
960143,201900001674,6,9,18:35,1,2,2,1.0,3.0,40296,Avenue Charles de Gaulle,M,"43,6845650"," -1,3752900",40,2019,50.0,1.0,1.0,3.0,2145906,2.0,2,3,2,5.0,,0.0,0,2004.0,B01,138Â 303Â 429,2.0,6.0,-1.0,1638678,3.0,7,,0.0,2.0,2.0,A01,138Â 303Â 427,1.0
960143,201900001674,6,9,18:35,1,2,2,1.0,3.0,40296,Avenue Charles de Gaulle,M,"43,6845650"," -1,3752900",40,2019,50.0,1.0,1.0,3.0,2145906,2.0,2,3,2,5.0,,0.0,0,2004.0,B01,138Â 303Â 429,2.0,6.0,-1.0,1638679,3.0,32,,0.0,2.0,3.0,B01,138Â 303Â 429,1.0
960143,201900001674,6,9,18:35,1,2,2,1.0,3.0,40296,Avenue Charles de Gaulle,M,"43,6845650"," -1,3752900",40,2019,50.0,1.0,1.0,3.0,2145907,1.0,1,4,2,5.0,,0.0,0,2004.0,B01,138Â 303Â 429,2.0,6.0,-1.0,1638678,3.0,7,,0.0,2.0,2.0,A01,138Â 303Â 427,1.0
960143,201900001674,6,9,18:35,1,2,2,1.0,3.0,40296,Avenue Charles de Gaulle,M,"43,6845650"," -1,3752900",40,2019,50.0,1.0,1.0,3.0,2145907,1.0,1,4,2,5.0,,0.0,0,2004.0,B01,138Â 303Â 429,2.0,6.0,-1.0,1638679,3.0,32,,0.0,2.0,3.0,B01,138Â 303Â 429,1.0
960144,201900001675,8,17,19:00,1,2,1,2.0,5.0,93078,CHEMIN DEPARTEMENTAL,M,"48,9791640","2,5300910",93,2019,50.0,1.0,2.0,3.0,2145908,2.0,2,1,1,5.0,,-1.0, -1,1978.0,C01,138Â 303Â 428,1.0,0.0,-1.0,1638680,3.0,7,,0.0,2.0,1.0,C01,138Â 303Â 428,1.0
960144,201900001675,8,17,19:00,1,2,1,2.0,5.0,93078,CHEMIN DEPARTEMENTAL,M,"48,9791640","2,5300910",93,2019,50.0,1.0,2.0,3.0,2145908,2.0,2,1,1,5.0,,-1.0, -1,1978.0,C01,138Â 303Â 428,1.0,0.0,-1.0,1638681,3.0,7,,0.0,2.0,1.0,B01,138Â 303Â 430,1.0
960144,201900001675,8,17,19:00,1,2,1,2.0,5.0,93078,CHEMIN DEPARTEMENTAL,M,"48,9791640","2,5300910",93,2019,50.0,1.0,2.0,3.0,2145908,2.0,2,1,1,5.0,,-1.0, -1,1978.0,C01,138Â 303Â 428,1.0,0.0,-1.0,1638682,3.0,7,,0.0,2.0,1.0,A01,138Â 303Â 431,1.0
960144,201900001675,8,17,19:00,1,2,1,2.0,5.0,93078,CHEMIN DEPARTEMENTAL,M,"48,9791640","2,5300910",93,2019,50.0,1.0,2.0,3.0,2145909,1.0,1,4,1,5.0,,-1.0, -1,2000.0,C01,138Â 303Â 428,1.0,0.0,-1.0,1638680,3.0,7,,0.0,2.0,1.0,C01,138Â 303Â 428,1.0
960144,201900001675,8,17,19:00,1,2,1,2.0,5.0,93078,CHEMIN DEPARTEMENTAL,M,"48,9791640","2,5300910",93,2019,50.0,1.0,2.0,3.0,2145909,1.0,1,4,1,5.0,,-1.0, -1,2000.0,C01,138Â 303Â 428,1.0,0.0,-1.0,1638681,3.0,7,,0.0,2.0,1.0,B01,138Â 303Â 430,1.0
960144,201900001675,8,17,19:00,1,2,1,2.0,5.0,93078,CHEMIN DEPARTEMENTAL,M,"48,9791640","2,5300910",93,2019,50.0,1.0,2.0,3.0,2145909,1.0,1,4,1,5.0,,-1.0, -1,2000.0,C01,138Â 303Â 428,1.0,0.0,-1.0,1638682,3.0,7,,0.0,2.0,1.0,A01,138Â 303Â 431,1.0
960144,201900001675,8,17,19:00,1,2,1,2.0,5.0,93078,CHEMIN DEPARTEMENTAL,M,"48,9791640","2,5300910",93,2019,50.0,1.0,2.0,3.0,2145910,3.0,2,4,1,5.0,,-1.0, -1,1979.0,C01,138Â 303Â 428,1.0,0.0,-1.0,1638680,3.0,7,,0.0,2.0,1.0,C01,138Â 303Â 428,1.0
960144,201900001675,8,17,19:00,1,2,1,2.0,5.0,93078,CHEMIN DEPARTEMENTAL,M,"48,9791640","2,5300910",93,2019,50.0,1.0,2.0,3.0,2145910,3.0,2,4,1,5.0,,-1.0, -1,1979.0,C01,138Â 303Â 428,1.0,0.0,-1.0,1638681,3.0,7,,0.0,2.0,1.0,B01,138Â 303Â 430,1.0
960144,201900001675,8,17,19:00,1,2,1,2.0,5.0,93078,CHEMIN DEPARTEMENTAL,M,"48,9791640","2,5300910",93,2019,50.0,1.0,2.0,3.0,2145910,3.0,2,4,1,5.0,,-1.0, -1,1979.0,C01,138Â 303Â 428,1.0,0.0,-1.0,1638682,3.0,7,,0.0,2.0,1.0,A01,138Â 303Â 431,1.0
960144,201900001675,8,17,19:00,1,2,1,2.0,5.0,93078,CHEMIN DEPARTEMENTAL,M,"48,9791640","2,5300910",93,2019,50.0,1.0,2.0,3.0,2145911,1.0,1,3,1,5.0,,-1.0, -1,1997.0,B01,138Â 303Â 430,1.0,0.0,-1.0,1638680,3.0,7,,0.0,2.0,1.0,C01,138Â 303Â 428,1.0
960144,201900001675,8,17,19:00,1,2,1,2.0,5.0,93078,CHEMIN DEPARTEMENTAL,M,"48,9791640","2,5300910",93,2019,50.0,1.0,2.0,3.0,2145911,1.0,1,3,1,5.0,,-1.0, -1,1997.0,B01,138Â 303Â 430,1.0,0.0,-1.0,1638681,3.0,7,,0.0,2.0,1.0,B01,138Â 303Â 430,1.0
960144,201900001675,8,17,19:00,1,2,1,2.0,5.0,93078,CHEMIN DEPARTEMENTAL,M,"48,9791640","2,5300910",93,2019,50.0,1.0,2.0,3.0,2145911,1.0,1,3,1,5.0,,-1.0, -1,1997.0,B01,138Â 303Â 430,1.0,0.0,-1.0,1638682,3.0,7,,0.0,2.0,1.0,A01,138Â 303Â 431,1.0
960144,201900001675,8,17,19:00,1,2,1,2.0,5.0,93078,CHEMIN DEPARTEMENTAL,M,"48,9791640","2,5300910",93,2019,50.0,1.0,2.0,3.0,2145912,1.0,1,4,2,5.0,,-1.0, -1,1994.0,A01,138Â 303Â 431,1.0,0.0,-1.0,1638680,3.0,7,,0.0,2.0,1.0,C01,138Â 303Â 428,1.0
960144,201900001675,8,17,19:00,1,2,1,2.0,5.0,93078,CHEMIN DEPARTEMENTAL,M,"48,9791640","2,5300910",93,2019,50.0,1.0,2.0,3.0,2145912,1.0,1,4,2,5.0,,-1.0, -1,1994.0,A01,138Â 303Â 431,1.0,0.0,-1.0,1638681,3.0,7,,0.0,2.0,1.0,B01,138Â 303Â 430,1.0
960144,201900001675,8,17,19:00,1,2,1,2.0,5.0,93078,CHEMIN DEPARTEMENTAL,M,"48,9791640","2,5300910",93,2019,50.0,1.0,2.0,3.0,2145912,1.0,1,4,2,5.0,,-1.0, -1,1994.0,A01,138Â 303Â 431,1.0,0.0,-1.0,1638682,3.0,7,,0.0,2.0,1.0,A01,138Â 303Â 431,1.0
960145,201900001676,6,7,23:10,3,1,1,1.0,1.0,40296,"RD 152, les casernes",M,"43,7181660"," -1,4178410",40,2019,90.0,1.0,1.0,3.0,2145913,1.0,1,3,2,5.0,,0.0,0,1980.0,B01,138Â 303Â 425,1.0,-1.0,-1.0,1638683,3.0,7,,0.0,2.0,3.0,B01,138Â 303Â 425,1.0
960145,201900001676,6,7,23:10,3,1,1,1.0,1.0,40296,"RD 152, les casernes",M,"43,7181660"," -1,4178410",40,2019,90.0,1.0,1.0,3.0,2145913,1.0,1,3,2,5.0,,0.0,0,1980.0,B01,138Â 303Â 425,1.0,-1.0,-1.0,1638684,3.0,7,,0.0,2.0,3.0,A01,138Â 303Â 426,1.0
960145,201900001676,6,7,23:10,3,1,1,1.0,1.0,40296,"RD 152, les casernes",M,"43,7181660"," -1,4178410",40,2019,90.0,1.0,1.0,3.0,2145914,2.0,2,1,1,5.0,,0.0,0,1981.0,B01,138Â 303Â 425,1.0,-1.0,-1.0,1638683,3.0,7,,0.0,2.0,3.0,B01,138Â 303Â 425,1.0
960145,201900001676,6,7,23:10,3,1,1,1.0,1.0,40296,"RD 152, les casernes",M,"43,7181660"," -1,4178410",40,2019,90.0,1.0,1.0,3.0,2145914,2.0,2,1,1,5.0,,0.0,0,1981.0,B01,138Â 303Â 425,1.0,-1.0,-1.0,1638684,3.0,7,,0.0,2.0,3.0,A01,138Â 303Â 426,1.0
960145,201900001676,6,7,23:10,3,1,1,1.0,1.0,40296,"RD 152, les casernes",M,"43,7181660"," -1,4178410",40,2019,90.0,1.0,1.0,3.0,2145915,1.0,1,1,1,5.0,,0.0,0,1975.0,A01,138Â 303Â 426,1.0,-1.0,-1.0,1638683,3.0,7,,0.0,2.0,3.0,B01,138Â 303Â 425,1.0
960145,201900001676,6,7,23:10,3,1,1,1.0,1.0,40296,"RD 152, les casernes",M,"43,7181660"," -1,4178410",40,2019,90.0,1.0,1.0,3.0,2145915,1.0,1,1,1,5.0,,0.0,0,1975.0,A01,138Â 303Â 426,1.0,-1.0,-1.0,1638684,3.0,7,,0.0,2.0,3.0,A01,138Â 303Â 426,1.0
960146,201900001677,8,17,09:15,1,2,4,2.0,6.0,93073,CHAPIT RE ( RUE DU),M,"49,0024820","2,5369540",93,2019,70.0,1.0,2.0,9.0,2145916,1.0,1,4,2,9.0,,-1.0, -1,1992.0,A01,138Â 303Â 424,1.0,0.0,-1.0,1638685,3.0,10,,3.0,0.0,1.0,A01,138Â 303Â 424,0.0
960147,201900001678,6,2,06:00,2,1,1,1.0,6.0,40296,D337,M,"43,7227030"," -1,4055470",40,2019,50.0,1.0,1.0,3.0,2145917,7.0,2,3,1,5.0,,0.0,0,1999.0,A01,138Â 303Â 423,1.0,-1.0,-1.0,1638686,0.0,7,,2.0,0.0,5.0,A01,138Â 303Â 423,1.0
960147,201900001678,6,2,06:00,2,1,1,1.0,6.0,40296,D337,M,"43,7227030"," -1,4055470",40,2019,50.0,1.0,1.0,3.0,2145918,1.0,1,1,1,5.0,,0.0,0,1998.0,A01,138Â 303Â 423,1.0,-1.0,-1.0,1638686,0.0,7,,2.0,0.0,5.0,A01,138Â 303Â 423,1.0
960148,201900001679,6,4,22:55,5,2,2,1.0,6.0,33081,allÃ©e de lattre de tassigny,M,"44,6362400"," -0,3211360",33,2019,50.0,1.0,1.0,3.0,2145919,10.0,3,3,1,5.0,,3.0,3,1957.0,A01,138Â 303Â 421,0.0,-1.0,-1.0,1638687,1.0,7,,0.0,1.0,2.0,A01,138Â 303Â 421,0.0
960148,201900001679,6,4,22:55,5,2,2,1.0,6.0,33081,allÃ©e de lattre de tassigny,M,"44,6362400"," -0,3211360",33,2019,50.0,1.0,1.0,3.0,2145920,1.0,1,1,2,5.0,,0.0,0,1954.0,A01,138Â 303Â 421,1.0,-1.0,-1.0,1638687,1.0,7,,0.0,1.0,2.0,A01,138Â 303Â 421,0.0