Unnamed: 0_x,num_acc,mois,jour,hrmn,lum,agg,int,atm,col,com,adr,gps,lat,long,dep,annee,vma,situ,surf,catr,Unnamed: 0_y,place,catu,grav,sexe,trajet,secu,locp,actp,an_nais,num_veh_x,id_vehicule_x,secu1,secu2,secu3,Unnamed: 0,senc,catv,occutc,obs,obsm,choc,num_veh_y,id_vehicule_y,motor
960149,201900001680,8,12,01:00,5,2,1,1.0,3.0,93072,MARCEL CACHIN (AVENUE) DES NÂ°1 AU 17,M,"48,9577060","2,3824960",93,2019,50.0,1.0,1.0,3.0,2145921,1.0,1,4,2,0.0,,-1.0, -1,1983.0,A01,138Â 303Â 420,2.0,8.0,-1.0,1638688,1.0,33,,0.0,2.0,1.0,A01,138Â 303Â 420,1.0
960149,201900001680,8,12,01:00,5,2,1,1.0,3.0,93072,MARCEL CACHIN (AVENUE) DES NÂ°1 AU 17,M,"48,9577060","2,3824960",93,2019,50.0,1.0,1.0,3.0,2145921,1.0,1,4,2,0.0,,-1.0, -1,1983.0,A01,138Â 303Â 420,2.0,8.0,-1.0,1638689,1.0,7,,0.0,2.0,3.0,B01,138Â 303Â 422,1.0
960149,201900001680,8,12,01:00,5,2,1,1.0,3.0,93072,MARCEL CACHIN (AVENUE) DES NÂ°1 AU 17,M,"48,9577060","2,3824960",93,2019,50.0,1.0,1.0,3.0,2145922,1.0,1,1,2,0.0,,-1.0, -1,1985.0,B01,138Â 303Â 422,1.0,0.0,-1.0,1638688,1.0,33,,0.0,2.0,1.0,A01,138Â 303Â 420,1.0
960149,201900001680,8,12,01:00,5,2,1,1.0,3.0,93072,MARCEL CACHIN (AVENUE) DES NÂ°1 AU 17,M,"48,9577060","2,3824960",93,2019,50.0,1.0,1.0,3.0,2145922,1.0,1,1,2,0.0,,-1.0, -1,1985.0,B01,138Â 303Â 422,1.0,0.0,-1.0,1638689,1.0,7,,0.0,2.0,3.0,B01,138Â 303Â 422,1.0
960150,201900001681,8,13,18:00,1,2,1,8.0,2.0,93066,CASANOVA DANIELLE NR 2 A 50 ET 1 A 19,M,"48,9295500","2,3592500",93,2019,50.0,1.0,9.0,3.0,2145923,1.0,1,4,1,4.0,,-1.0, -1,1974.0,A01,138Â 303Â 416,2.0,6.0,-1.0,1638690,1.0,33,,0.0,2.0,4.0,A01,138Â 303Â 416,0.0
960150,201900001681,8,13,18:00,1,2,1,8.0,2.0,93066,CASANOVA DANIELLE NR 2 A 50 ET 1 A 19,M,"48,9295500","2,3592500",93,2019,50.0,1.0,9.0,3.0,2145923,1.0,1,4,1,4.0,,-1.0, -1,1974.0,A01,138Â 303Â 416,2.0,6.0,-1.0,1638691,1.0,7,,0.0,2.0,1.0,B01,138Â 303Â 418,0.0
960150,201900001681,8,13,18:00,1,2,1,8.0,2.0,93066,CASANOVA DANIELLE NR 2 A 50 ET 1 A 19,M,"48,9295500","2,3592500",93,2019,50.0,1.0,9.0,3.0,2145924,1.0,1,1,1,0.0,,-1.0, -1,1988.0,B01,138Â 303Â 418,1.0,8.0,-1.0,1638690,1.0,33,,0.0,2.0,4.0,A01,138Â 303Â 416,0.0
960150,201900001681,8,13,18:00,1,2,1,8.0,2.0,93066,CASANOVA DANIELLE NR 2 A 50 ET 1 A 19,M,"48,9295500","2,3592500",93,2019,50.0,1.0,9.0,3.0,2145924,1.0,1,1,1,0.0,,-1.0, -1,1988.0,B01,138Â 303Â 418,1.0,8.0,-1.0,1638691,1.0,7,,0.0,2.0,1.0,B01,138Â 303Â 418,0.0
960151,201900001682,8,13,10:00,1,2,1,1.0,6.0,93066,"""STRASBOURG, NR 1 A 71 ET 2 A 34""",M,"48,9361800","2,3636800",93,2019,50.0,1.0,1.0,4.0,2145925,1.0,1,4,2,3.0,,-1.0, -1,1953.0,A01,138Â 303Â 414,1.0,0.0,-1.0,1638692,1.0,7,,11.0,0.0,1.0,A01,138Â 303Â 414,1.0
960152,201900001683,6,1,10:40,1,1,1,1.0,2.0,33254,Bonin Nord,M,"44,5440300"," -0,0351900",33,2019,80.0,1.0,1.0,3.0,2145926,1.0,1,4,1,5.0,,0.0,0,1965.0,B01,138Â 303Â 413,1.0,-1.0,-1.0,1638693,1.0,7,,0.0,0.0,4.0,B01,138Â 303Â 413,1.0
960152,201900001683,6,1,10:40,1,1,1,1.0,2.0,33254,Bonin Nord,M,"44,5440300"," -0,0351900",33,2019,80.0,1.0,1.0,3.0,2145926,1.0,1,4,1,5.0,,0.0,0,1965.0,B01,138Â 303Â 413,1.0,-1.0,-1.0,1638694,1.0,7,,0.0,2.0,1.0,A01,138Â 303Â 415,1.0
960152,201900001683,6,1,10:40,1,1,1,1.0,2.0,33254,Bonin Nord,M,"44,5440300"," -0,0351900",33,2019,80.0,1.0,1.0,3.0,2145927,1.0,1,1,1,5.0,,0.0,0,1999.0,A01,138Â 303Â 415,1.0,-1.0,-1.0,1638693,1.0,7,,0.0,0.0,4.0,B01,138Â 303Â 413,1.0
960152,201900001683,6,1,10:40,1,1,1,1.0,2.0,33254,Bonin Nord,M,"44,5440300"," -0,0351900",33,2019,80.0,1.0,1.0,3.0,2145927,1.0,1,1,1,5.0,,0.0,0,1999.0,A01,138Â 303Â 415,1.0,-1.0,-1.0,1638694,1.0,7,,0.0,2.0,1.0,A01,138Â 303Â 415,1.0
960153,201900001684,8,17,18:45,1,2,1,2.0,2.0,93064,QUATRIEME ZOUAVES (RUE DU),M,"48,8719020","2,4750370",93,2019,50.0,1.0,2.0,3.0,2145928,1.0,1,1,1,5.0,,-1.0, -1,1964.0,B01,138Â 303Â 410,1.0,0.0,-1.0,1638695,2.0,7,,0.0,0.0,4.0,B01,138Â 303Â 410,1.0
960153,201900001684,8,17,18:45,1,2,1,2.0,2.0,93064,QUATRIEME ZOUAVES (RUE DU),M,"48,8719020","2,4750370",93,2019,50.0,1.0,2.0,3.0,2145928,1.0,1,1,1,5.0,,-1.0, -1,1964.0,B01,138Â 303Â 410,1.0,0.0,-1.0,1638696,2.0,7,,1.0,0.0,1.0,A01,138Â 303Â 412,1.0
960153,201900001684,8,17,18:45,1,2,1,2.0,2.0,93064,QUATRIEME ZOUAVES (RUE DU),M,"48,8719020","2,4750370",93,2019,50.0,1.0,2.0,3.0,2145929,4.0,2,4,2,5.0,,-1.0, -1,1963.0,B01,138Â 303Â 410,1.0,0.0,-1.0,1638695,2.0,7,,0.0,0.0,4.0,B01,138Â 303Â 410,1.0
960153,201900001684,8,17,18:45,1,2,1,2.0,2.0,93064,QUATRIEME ZOUAVES (RUE DU),M,"48,8719020","2,4750370",93,2019,50.0,1.0,2.0,3.0,2145929,4.0,2,4,2,5.0,,-1.0, -1,1963.0,B01,138Â 303Â 410,1.0,0.0,-1.0,1638696,2.0,7,,1.0,0.0,1.0,A01,138Â 303Â 412,1.0
960153,201900001684,8,17,18:45,1,2,1,2.0,2.0,93064,QUATRIEME ZOUAVES (RUE DU),M,"48,8719020","2,4750370",93,2019,50.0,1.0,2.0,3.0,2145930,1.0,1,1,2,5.0,,-1.0, -1,1987.0,A01,138Â 303Â 412,1.0,0.0,-1.0,1638695,2.0,7,,0.0,0.0,4.0,B01,138Â 303Â 410,1.0
960153,201900001684,8,17,18:45,1,2,1,2.0,2.0,93064,QUATRIEME ZOUAVES (RUE DU),M,"48,8719020","2,4750370",93,2019,50.0,1.0,2.0,3.0,2145930,1.0,1,1,2,5.0,,-1.0, -1,1987.0,A01,138Â 303Â 412,1.0,0.0,-1.0,1638696,2.0,7,,1.0,0.0,1.0,A01,138Â 303Â 412,1.0
960154,201900001685,8,16,18:45,1,2,9,1.0,2.0,93064,HOFFMANN (RUE PHILIBERT),M,"48,8813130","2,4861020",93,2019,50.0,1.0,1.0,4.0,2145931,1.0,1,1,2,0.0,,-1.0, -1,1985.0,A01,138Â 303Â 407,1.0,8.0,-1.0,1638697,3.0,7,,0.0,2.0,6.0,A01,138Â 303Â 407,0.0
960154,201900001685,8,16,18:45,1,2,9,1.0,2.0,93064,HOFFMANN (RUE PHILIBERT),M,"48,8813130","2,4861020",93,2019,50.0,1.0,1.0,4.0,2145931,1.0,1,1,2,0.0,,-1.0, -1,1985.0,A01,138Â 303Â 407,1.0,8.0,-1.0,1638698,3.0,32,,0.0,2.0,1.0,B01,138Â 303Â 408,0.0
960154,201900001685,8,16,18:45,1,2,9,1.0,2.0,93064,HOFFMANN (RUE PHILIBERT),M,"48,8813130","2,4861020",93,2019,50.0,1.0,1.0,4.0,2145932,1.0,1,4,1,1.0,,-1.0, -1,1984.0,B01,138Â 303Â 408,2.0,6.0,-1.0,1638697,3.0,7,,0.0,2.0,6.0,A01,138Â 303Â 407,0.0
960154,201900001685,8,16,18:45,1,2,9,1.0,2.0,93064,HOFFMANN (RUE PHILIBERT),M,"48,8813130","2,4861020",93,2019,50.0,1.0,1.0,4.0,2145932,1.0,1,4,1,1.0,,-1.0, -1,1984.0,B01,138Â 303Â 408,2.0,6.0,-1.0,1638698,3.0,32,,0.0,2.0,1.0,B01,138Â 303Â 408,0.0
960155,201900001686,6,8,17:00,1,1,2,1.0,1.0,17437,Le Caillaud,M,"45,5320936"," -0,8920826",17,2019,80.0,1.0,1.0,3.0,2145933,1.0,1,1,2,5.0,,0.0,0,1928.0,A01,138Â 303Â 409,1.0,-1.0,-1.0,1638699,2.0,7,,0.0,9.0,3.0,A01,138Â 303Â 409,1.0
960155,201900001686,6,8,17:00,1,1,2,1.0,1.0,17437,Le Caillaud,M,"45,5320936"," -0,8920826",17,2019,80.0,1.0,1.0,3.0,2145933,1.0,1,1,2,5.0,,0.0,0,1928.0,A01,138Â 303Â 409,1.0,-1.0,-1.0,1638700,1.0,33,,0.0,2.0,1.0,B01,138Â 303Â 411,1.0
960155,201900001686,6,8,17:00,1,1,2,1.0,1.0,17437,Le Caillaud,M,"45,5320936"," -0,8920826",17,2019,80.0,1.0,1.0,3.0,2145934,1.0,1,3,1,5.0,,0.0,0,1993.0,B01,138Â 303Â 411,2.0,6.0,-1.0,1638699,2.0,7,,0.0,9.0,3.0,A01,138Â 303Â 409,1.0
960155,201900001686,6,8,17:00,1,1,2,1.0,1.0,17437,Le Caillaud,M,"45,5320936"," -0,8920826",17,2019,80.0,1.0,1.0,3.0,2145934,1.0,1,3,1,5.0,,0.0,0,1993.0,B01,138Â 303Â 411,2.0,6.0,-1.0,1638700,1.0,33,,0.0,2.0,1.0,B01,138Â 303Â 411,1.0
960156,201900001687,8,15,04:50,5,1,1,8.0,2.0,93051,PAVE NEUF (AVENUE),M,"48,8361800","2,5643280",93,2019,110.0,3.0,9.0,3.0,2145935,2.0,2,4,1,5.0,,-1.0, -1,1986.0,A01,138Â 303Â 405,8.0,0.0,-1.0,1638701,0.0,7,,0.0,2.0,2.0,A01,138Â 303Â 405,1.0
960156,201900001687,8,15,04:50,5,1,1,8.0,2.0,93051,PAVE NEUF (AVENUE),M,"48,8361800","2,5643280",93,2019,110.0,3.0,9.0,3.0,2145935,2.0,2,4,1,5.0,,-1.0, -1,1986.0,A01,138Â 303Â 405,8.0,0.0,-1.0,1638702,0.0,7,,0.0,0.0,6.0,B01,138Â 303Â 406,1.0
960156,201900001687,8,15,04:50,5,1,1,8.0,2.0,93051,PAVE NEUF (AVENUE),M,"48,8361800","2,5643280",93,2019,110.0,3.0,9.0,3.0,2145936,1.0,1,4,1,5.0,,-1.0, -1,1977.0,B01,138Â 303Â 406,1.0,0.0,-1.0,1638701,0.0,7,,0.0,2.0,2.0,A01,138Â 303Â 405,1.0
960156,201900001687,8,15,04:50,5,1,1,8.0,2.0,93051,PAVE NEUF (AVENUE),M,"48,8361800","2,5643280",93,2019,110.0,3.0,9.0,3.0,2145936,1.0,1,4,1,5.0,,-1.0, -1,1977.0,B01,138Â 303Â 406,1.0,0.0,-1.0,1638702,0.0,7,,0.0,0.0,6.0,B01,138Â 303Â 406,1.0
960157,201900001688,6,8,11:15,1,1,1,1.0,3.0,34243,d 986,M,"43,9101020","3,7366700",34,2019,80.0,1.0,1.0,3.0,2145937,1.0,1,3,1,5.0,,0.0,0,1950.0,B01,138Â 303Â 403,2.0,-1.0,-1.0,1638703,1.0,34,,0.0,2.0,1.0,B01,138Â 303Â 403,1.0
960157,201900001688,6,8,11:15,1,1,1,1.0,3.0,34243,d 986,M,"43,9101020","3,7366700",34,2019,80.0,1.0,1.0,3.0,2145937,1.0,1,3,1,5.0,,0.0,0,1950.0,B01,138Â 303Â 403,2.0,-1.0,-1.0,1638704,2.0,7,,0.0,2.0,5.0,A01,138Â 303Â 404,1.0
960157,201900001688,6,8,11:15,1,1,1,1.0,3.0,34243,d 986,M,"43,9101020","3,7366700",34,2019,80.0,1.0,1.0,3.0,2145938,1.0,1,1,2,5.0,,0.0,0,1991.0,A01,138Â 303Â 404,1.0,-1.0,-1.0,1638703,1.0,34,,0.0,2.0,1.0,B01,138Â 303Â 403,1.0
960157,201900001688,6,8,11:15,1,1,1,1.0,3.0,34243,d 986,M,"43,9101020","3,7366700",34,2019,80.0,1.0,1.0,3.0,2145938,1.0,1,1,2,5.0,,0.0,0,1991.0,A01,138Â 303Â 404,1.0,-1.0,-1.0,1638704,2.0,7,,0.0,2.0,5.0,A01,138Â 303Â 404,1.0
960158,201900001689,6,20,08:00,1,2,1,1.0,3.0,06161,D241,M,"43,6341640","7,1274460",6,2019,50.0,1.0,1.0,3.0,2145939,1.0,1,4,1,4.0,,0.0,0,1966.0,B01,138Â 303Â 399,2.0,6.0,-1.0,1638705,0.0,34,,0.0,2.0,2.0,B01,138Â 303Â 399,1.0
960158,201900001689,6,20,08:00,1,2,1,1.0,3.0,06161,D241,M,"43,6341640","7,1274460",6,2019,50.0,1.0,1.0,3.0,2145939,1.0,1,4,1,4.0,,0.0,0,1966.0,B01,138Â 303Â 399,2.0,6.0,-1.0,1638706,0.0,7,,0.0,2.0,6.0,A01,138Â 303Â 401,1.0
960158,201900001689,6,20,08:00,1,2,1,1.0,3.0,06161,D241,M,"43,6341640","7,1274460",6,2019,50.0,1.0,1.0,3.0,2145940,1.0,1,1,1,4.0,,0.0,0,1990.0,A01,138Â 303Â 401,1.0,-1.0,-1.0,1638705,0.0,34,,0.0,2.0,2.0,B01,138Â 303Â 399,1.0
960158,201900001689,6,20,08:00,1,2,1,1.0,3.0,06161,D241,M,"43,6341640","7,1274460",6,2019,50.0,1.0,1.0,3.0,2145940,1.0,1,1,1,4.0,,0.0,0,1990.0,A01,138Â 303Â 401,1.0,-1.0,-1.0,1638706,0.0,7,,0.0,2.0,6.0,A01,138Â 303Â 401,1.0
960159,201900001690,8,13,14:30,1,2,2,8.0,3.0,93048,GABRIEL PERI (AVENUE),M,"48,8574260","2,4400760",93,2019,50.0,1.0,1.0,3.0,2145941,1.0,1,1,2,1.0,,0.0,0,1972.0,A01,138Â 303Â 400,1.0,0.0,-1.0,1638707,0.0,99,,0.0,2.0,2.0,A01,138Â 303Â 400,1.0
960159,201900001690,8,13,14:30,1,2,2,8.0,3.0,93048,GABRIEL PERI (AVENUE),M,"48,8574260","2,4400760",93,2019,50.0,1.0,1.0,3.0,2145941,1.0,1,1,2,1.0,,0.0,0,1972.0,A01,138Â 303Â 400,1.0,0.0,-1.0,1638708,0.0,99,,0.0,2.0,1.0,B01,138Â 303Â 402,1.0
960159,201900001690,8,13,14:30,1,2,2,8.0,3.0,93048,GABRIEL PERI (AVENUE),M,"48,8574260","2,4400760",93,2019,50.0,1.0,1.0,3.0,2145942,2.0,2,4,1,1.0,,0.0,0,2006.0,B01,138Â 303Â 402,1.0,0.0,-1.0,1638707,0.0,99,,0.0,2.0,2.0,A01,138Â 303Â 400,1.0
960159,201900001690,8,13,14:30,1,2,2,8.0,3.0,93048,GABRIEL PERI (AVENUE),M,"48,8574260","2,4400760",93,2019,50.0,1.0,1.0,3.0,2145942,2.0,2,4,1,1.0,,0.0,0,2006.0,B01,138Â 303Â 402,1.0,0.0,-1.0,1638708,0.0,99,,0.0,2.0,1.0,B01,138Â 303Â 402,1.0
960159,201900001690,8,13,14:30,1,2,2,8.0,3.0,93048,GABRIEL PERI (AVENUE),M,"48,8574260","2,4400760",93,2019,50.0,1.0,1.0,3.0,2145943,1.0,1,4,1,1.0,,0.0,0,1972.0,B01,138Â 303Â 402,1.0,0.0,-1.0,1638707,0.0,99,,0.0,2.0,2.0,A01,138Â 303Â 400,1.0
960159,201900001690,8,13,14:30,1,2,2,8.0,3.0,93048,GABRIEL PERI (AVENUE),M,"48,8574260","2,4400760",93,2019,50.0,1.0,1.0,3.0,2145943,1.0,1,4,1,1.0,,0.0,0,1972.0,B01,138Â 303Â 402,1.0,0.0,-1.0,1638708,0.0,99,,0.0,2.0,1.0,B01,138Â 303Â 402,1.0
960160,201900001691,6,5,10:45,1,2,9,1.0,3.0,06161,1843-1721 Route Nationale 7,M,"43,6329990","7,1342970",6,2019,70.0,1.0,1.0,3.0,2145944,1.0,1,1,1,0.0,,0.0,0,1978.0,A01,138Â 303Â 396,1.0,-1.0,-1.0,1638709,0.0,7,,0.0,2.0,2.0,A01,138Â 303Â 396,1.0
960160,201900001691,6,5,10:45,1,2,9,1.0,3.0,06161,1843-1721 Route Nationale 7,M,"43,6329990","7,1342970",6,2019,70.0,1.0,1.0,3.0,2145944,1.0,1,1,1,0.0,,0.0,0,1978.0,A01,138Â 303Â 396,1.0,-1.0,-1.0,1638710,0.0,34,,0.0,2.0,8.0,B01,138Â 303Â 398,1.0
960160,201900001691,6,5,10:45,1,2,9,1.0,3.0,06161,1843-1721 Route Nationale 7,M,"43,6329990","7,1342970",6,2019,70.0,1.0,1.0,3.0,2145945,1.0,1,4,1,0.0,,0.0,0,1961.0,B01,138Â 303Â 398,2.0,6.0,-1.0,1638709,0.0,7,,0.0,2.0,2.0,A01,138Â 303Â 396,1.0
960160,201900001691,6,5,10:45,1,2,9,1.0,3.0,06161,1843-1721 Route Nationale 7,M,"43,6329990","7,1342970",6,2019,70.0,1.0,1.0,3.0,2145945,1.0,1,4,1,0.0,,0.0,0,1961.0,B01,138Â 303Â 398,2.0,6.0,-1.0,1638710,0.0,34,,0.0,2.0,8.0,B01,138Â 303Â 398,1.0
960161,201900001692,8,17,16:00,1,2,2,2.0,2.0,93046,EUGENE MASSE RUE,M,"48,9260900","2,5450400",93,2019,50.0,1.0,2.0,4.0,2145946,1.0,2,4,1,0.0,,-1.0, -1,1988.0,B01,138Â 303Â 395,1.0,0.0,-1.0,1638711,3.0,10,,1.0,2.0,6.0,B01,138Â 303Â 395,1.0
960161,201900001692,8,17,16:00,1,2,2,2.0,2.0,93046,EUGENE MASSE RUE,M,"48,9260900","2,5450400",93,2019,50.0,1.0,2.0,4.0,2145946,1.0,2,4,1,0.0,,-1.0, -1,1988.0,B01,138Â 303Â 395,1.0,0.0,-1.0,1638712,2.0,10,,1.0,0.0,2.0,A01,138Â 303Â 397,1.0
960161,201900001692,8,17,16:00,1,2,2,2.0,2.0,93046,EUGENE MASSE RUE,M,"48,9260900","2,5450400",93,2019,50.0,1.0,2.0,4.0,2145947,1.0,1,1,1,5.0,,-1.0, -1,1997.0,A01,138Â 303Â 397,1.0,8.0,-1.0,1638711,3.0,10,,1.0,2.0,6.0,B01,138Â 303Â 395,1.0
960161,201900001692,8,17,16:00,1,2,2,2.0,2.0,93046,EUGENE MASSE RUE,M,"48,9260900","2,5450400",93,2019,50.0,1.0,2.0,4.0,2145947,1.0,1,1,1,5.0,,-1.0, -1,1997.0,A01,138Â 303Â 397,1.0,8.0,-1.0,1638712,2.0,10,,1.0,0.0,2.0,A01,138Â 303Â 397,1.0
960162,201900001693,6,1,23:00,5,2,1,1.0,7.0,06161,688 Avenue de la Grange Rimade,M,"43,6633220","7,1238090",6,2019,50.0,3.0,1.0,3.0,2145948,1.0,1,3,1,5.0,,0.0,0,1997.0,A01,138Â 303Â 394,2.0,6.0,9.0,1638713,1.0,33,,6.0,0.0,1.0,A01,138Â 303Â 394,1.0
960163,201900001694,8,16,08:40,1,2,1,1.0,6.0,93063,BERLIOZ AVENUE,M,"48,8728332","2,4461662",93,2019,50.0,1.0,1.0,4.0,2145949,1.0,1,4,2,0.0,,-1.0, -1,1990.0,A01,138Â 303Â 393,1.0,0.0,-1.0,1638714,1.0,7,,1.0,0.0,2.0,A01,138Â 303Â 393,1.0
960164,201900001695,5,3,11:08,1,2,1,1.0,2.0,06161,Avenue des Plans,M,"43,6537280","7,1259480",6,2019,50.0,1.0,1.0,3.0,2145950,1.0,1,4,1,5.0,,0.0,0,1957.0,B01,138Â 303Â 391,2.0,6.0,-1.0,1638715,0.0,33,,0.0,2.0,1.0,B01,138Â 303Â 391,0.0
960164,201900001695,5,3,11:08,1,2,1,1.0,2.0,06161,Avenue des Plans,M,"43,6537280","7,1259480",6,2019,50.0,1.0,1.0,3.0,2145950,1.0,1,4,1,5.0,,0.0,0,1957.0,B01,138Â 303Â 391,2.0,6.0,-1.0,1638716,0.0,7,,0.0,0.0,6.0,A01,138Â 303Â 392,0.0
960164,201900001695,5,3,11:08,1,2,1,1.0,2.0,06161,Avenue des Plans,M,"43,6537280","7,1259480",6,2019,50.0,1.0,1.0,3.0,2145951,1.0,1,1,1,5.0,,0.0,0,1992.0,A01,138Â 303Â 392,1.0,-1.0,-1.0,1638715,0.0,33,,0.0,2.0,1.0,B01,138Â 303Â 391,0.0
960164,201900001695,5,3,11:08,1,2,1,1.0,2.0,06161,Avenue des Plans,M,"43,6537280","7,1259480",6,2019,50.0,1.0,1.0,3.0,2145951,1.0,1,1,1,5.0,,0.0,0,1992.0,A01,138Â 303Â 392,1.0,-1.0,-1.0,1638716,0.0,7,,0.0,0.0,6.0,A01,138Â 303Â 392,0.0
960165,201900001696,8,15,22:20,5,2,5,1.0,3.0,93006,CARNOT RUE SADI,M,"48,8762870","2,4260530",93,2019,50.0,1.0,1.0,3.0,2145952,1.0,1,1,1,0.0,,-1.0, -1,1986.0,B01,138Â 303Â 388,1.0,0.0,-1.0,1638717,1.0,99,,0.0,2.0,1.0,B01,138Â 303Â 388,1.0
960165,201900001696,8,15,22:20,5,2,5,1.0,3.0,93006,CARNOT RUE SADI,M,"48,8762870","2,4260530",93,2019,50.0,1.0,1.0,3.0,2145952,1.0,1,1,1,0.0,,-1.0, -1,1986.0,B01,138Â 303Â 388,1.0,0.0,-1.0,1638718,1.0,7,,0.0,2.0,3.0,A01,138Â 303Â 390,1.0
960165,201900001696,8,15,22:20,5,2,5,1.0,3.0,93006,CARNOT RUE SADI,M,"48,8762870","2,4260530",93,2019,50.0,1.0,1.0,3.0,2145953,2.0,2,1,1,0.0,,-1.0, -1,2008.0,A01,138Â 303Â 390,1.0,0.0,-1.0,1638717,1.0,99,,0.0,2.0,1.0,B01,138Â 303Â 388,1.0
960165,201900001696,8,15,22:20,5,2,5,1.0,3.0,93006,CARNOT RUE SADI,M,"48,8762870","2,4260530",93,2019,50.0,1.0,1.0,3.0,2145953,2.0,2,1,1,0.0,,-1.0, -1,2008.0,A01,138Â 303Â 390,1.0,0.0,-1.0,1638718,1.0,7,,0.0,2.0,3.0,A01,138Â 303Â 390,1.0
960165,201900001696,8,15,22:20,5,2,5,1.0,3.0,93006,CARNOT RUE SADI,M,"48,8762870","2,4260530",93,2019,50.0,1.0,1.0,3.0,2145954,1.0,1,4,2,0.0,,-1.0, -1,1968.0,A01,138Â 303Â 390,1.0,0.0,-1.0,1638717,1.0,99,,0.0,2.0,1.0,B01,138Â 303Â 388,1.0
960165,201900001696,8,15,22:20,5,2,5,1.0,3.0,93006,CARNOT RUE SADI,M,"48,8762870","2,4260530",93,2019,50.0,1.0,1.0,3.0,2145954,1.0,1,4,2,0.0,,-1.0, -1,1968.0,A01,138Â 303Â 390,1.0,0.0,-1.0,1638718,1.0,7,,0.0,2.0,3.0,A01,138Â 303Â 390,1.0
960166,201900001697,6,15,17:05,2,2,3,3.0,3.0,74238,Route des Grandes Alpes,M,"46,2341575","6,6559552",74,2019,70.0,1.0,2.0,3.0,2145955,2.0,2,1,2,3.0,,0.0,0,1951.0,A01,138Â 303Â 387,1.0,-1.0,-1.0,1638719,1.0,7,,0.0,2.0,5.0,A01,138Â 303Â 387,1.0
960166,201900001697,6,15,17:05,2,2,3,3.0,3.0,74238,Route des Grandes Alpes,M,"46,2341575","6,6559552",74,2019,70.0,1.0,2.0,3.0,2145955,2.0,2,1,2,3.0,,0.0,0,1951.0,A01,138Â 303Â 387,1.0,-1.0,-1.0,1638720,2.0,33,,0.0,2.0,2.0,B01,138Â 303Â 389,1.0
960166,201900001697,6,15,17:05,2,2,3,3.0,3.0,74238,Route des Grandes Alpes,M,"46,2341575","6,6559552",74,2019,70.0,1.0,2.0,3.0,2145956,1.0,1,1,1,3.0,,0.0,0,1955.0,A01,138Â 303Â 387,1.0,-1.0,-1.0,1638719,1.0,7,,0.0,2.0,5.0,A01,138Â 303Â 387,1.0
960166,201900001697,6,15,17:05,2,2,3,3.0,3.0,74238,Route des Grandes Alpes,M,"46,2341575","6,6559552",74,2019,70.0,1.0,2.0,3.0,2145956,1.0,1,1,1,3.0,,0.0,0,1955.0,A01,138Â 303Â 387,1.0,-1.0,-1.0,1638720,2.0,33,,0.0,2.0,2.0,B01,138Â 303Â 389,1.0
960166,201900001697,6,15,17:05,2,2,3,3.0,3.0,74238,Route des Grandes Alpes,M,"46,2341575","6,6559552",74,2019,70.0,1.0,2.0,3.0,2145957,1.0,1,4,1,5.0,,0.0,0,1977.0,B01,138Â 303Â 389,2.0,-1.0,-1.0,1638719,1.0,7,,0.0,2.0,5.0,A01,138Â 303Â 387,1.0
960166,201900001697,6,15,17:05,2,2,3,3.0,3.0,74238,Route des Grandes Alpes,M,"46,2341575","6,6559552",74,2019,70.0,1.0,2.0,3.0,2145957,1.0,1,4,1,5.0,,0.0,0,1977.0,B01,138Â 303Â 389,2.0,-1.0,-1.0,1638720,2.0,33,,0.0,2.0,2.0,B01,138Â 303Â 389,1.0
960167,201900001698,8,16,09:24,1,2,1,1.0,3.0,93032,MONTFERMEIL   (ALLEE DE),M,"48,8986300","2,5372700",93,2019,50.0,1.0,1.0,4.0,2145958,1.0,1,4,1,1.0,,-1.0, -1,1989.0,A01,138Â 303Â 385,1.0,0.0,-1.0,1638721,2.0,7,,1.0,2.0,2.0,A01,138Â 303Â 385,0.0
960167,201900001698,8,16,09:24,1,2,1,1.0,3.0,93032,MONTFERMEIL   (ALLEE DE),M,"48,8986300","2,5372700",93,2019,50.0,1.0,1.0,4.0,2145958,1.0,1,4,1,1.0,,-1.0, -1,1989.0,A01,138Â 303Â 385,1.0,0.0,-1.0,1638722,3.0,7,,0.0,2.0,3.0,B01,138Â 303Â 386,0.0
960167,201900001698,8,16,09:24,1,2,1,1.0,3.0,93032,MONTFERMEIL   (ALLEE DE),M,"48,8986300","2,5372700",93,2019,50.0,1.0,1.0,4.0,2145959,1.0,1,4,1,5.0,,-1.0, -1,1938.0,B01,138Â 303Â 386,1.0,0.0,-1.0,1638721,2.0,7,,1.0,2.0,2.0,A01,138Â 303Â 385,0.0
960167,201900001698,8,16,09:24,1,2,1,1.0,3.0,93032,MONTFERMEIL   (ALLEE DE),M,"48,8986300","2,5372700",93,2019,50.0,1.0,1.0,4.0,2145959,1.0,1,4,1,5.0,,-1.0, -1,1938.0,B01,138Â 303Â 386,1.0,0.0,-1.0,1638722,3.0,7,,0.0,2.0,3.0,B01,138Â 303Â 386,0.0
960168,201900001699,6,2,15:20,1,1,1,1.0,7.0,74295,Le Jotty,M,"46,3141794","6,6101319",74,2019,80.0,3.0,1.0,3.0,2145960,1.0,1,3,1,5.0,,0.0,0,1975.0,A01,138Â 303Â 384,2.0,-1.0,-1.0,1638723,1.0,33,,3.0,0.0,1.0,A01,138Â 303Â 384,1.0