Unnamed: 0_x,num_acc,mois,jour,hrmn,lum,agg,int,atm,col,com,adr,gps,lat,long,dep,annee,vma,situ,surf,catr,Unnamed: 0_y,place,catu,grav,sexe,trajet,secu,locp,actp,an_nais,num_veh_x,id_vehicule_x,secu1,secu2,secu3,Unnamed: 0,senc,catv,occutc,obs,obsm,choc,num_veh_y,id_vehicule_y,motor
960169,201900001700,8,17,14:26,1,2,1,2.0,6.0,93013,LECLERC (AVENU DE LA DIVISION),M,"48,9334600","2,4240600",93,2019,50.0,3.0,2.0,3.0,2145961,10.0,3,4,2,5.0,,4.0,3,2003.0,A01,138Â 303Â 382,8.0,0.0,-1.0,1638724,2.0,10,,0.0,1.0,1.0,A01,138Â 303Â 382,1.0
960169,201900001700,8,17,14:26,1,2,1,2.0,6.0,93013,LECLERC (AVENU DE LA DIVISION),M,"48,9334600","2,4240600",93,2019,50.0,3.0,2.0,3.0,2145962,1.0,1,1,1,5.0,,-1.0, -1,1966.0,A01,138Â 303Â 382,1.0,8.0,-1.0,1638724,2.0,10,,0.0,1.0,1.0,A01,138Â 303Â 382,1.0
960170,201900001701,6,1,16:50,1,1,1,1.0,7.0,74114,Route de Graydon,M,"46,2055140","6,6637830",74,2019,30.0,1.0,1.0,4.0,2145963,1.0,1,3,1,5.0,,0.0,0,1950.0,A01,138Â 303Â 383,1.0,-1.0,-1.0,1638725,0.0,7,,13.0,0.0,2.0,A01,138Â 303Â 383,1.0
960170,201900001701,6,1,16:50,1,1,1,1.0,7.0,74114,Route de Graydon,M,"46,2055140","6,6637830",74,2019,30.0,1.0,1.0,4.0,2145964,2.0,2,1,2,5.0,,0.0,0,1948.0,A01,138Â 303Â 383,1.0,-1.0,-1.0,1638725,0.0,7,,13.0,0.0,2.0,A01,138Â 303Â 383,1.0
960171,201900001702,8,15,19:17,1,2,1,1.0,2.0,93027,JAURES (AVENUE JEAN),M,"48,9256300","2,3977200",93,2019,50.0,1.0,1.0,3.0,2145965,1.0,1,4,1,0.0,,-1.0, -1,2000.0,B01,138Â 303Â 380,2.0,8.0,-1.0,1638726,3.0,30,,0.0,2.0,1.0,B01,138Â 303Â 380,1.0
960171,201900001702,8,15,19:17,1,2,1,1.0,2.0,93027,JAURES (AVENUE JEAN),M,"48,9256300","2,3977200",93,2019,50.0,1.0,1.0,3.0,2145965,1.0,1,4,1,0.0,,-1.0, -1,2000.0,B01,138Â 303Â 380,2.0,8.0,-1.0,1638727,3.0,7,,0.0,2.0,4.0,A01,138Â 303Â 381,1.0
960171,201900001702,8,15,19:17,1,2,1,1.0,2.0,93027,JAURES (AVENUE JEAN),M,"48,9256300","2,3977200",93,2019,50.0,1.0,1.0,3.0,2145966,1.0,1,1,1,5.0,,-1.0, -1,1984.0,A01,138Â 303Â 381,1.0,8.0,-1.0,1638726,3.0,30,,0.0,2.0,1.0,B01,138Â 303Â 380,1.0
960171,201900001702,8,15,19:17,1,2,1,1.0,2.0,93027,JAURES (AVENUE JEAN),M,"48,9256300","2,3977200",93,2019,50.0,1.0,1.0,3.0,2145966,1.0,1,1,1,5.0,,-1.0, -1,1984.0,A01,138Â 303Â 381,1.0,8.0,-1.0,1638727,3.0,7,,0.0,2.0,4.0,A01,138Â 303Â 381,1.0
960172,201900001703,6,15,23:10,3,1,1,1.0,7.0,98812,RPN7,M," -20,5015500","164,2666600",988,2019,90.0,3.0,1.0,3.0,2145967,1.0,1,1,1,0.0,,0.0,0,1993.0,A01,138Â 303Â 379,1.0,-1.0,-1.0,1638728,1.0,7,,2.0,0.0,0.0,A01,138Â 303Â 379,1.0
960172,201900001703,6,15,23:10,3,1,1,1.0,7.0,98812,RPN7,M," -20,5015500","164,2666600",988,2019,90.0,3.0,1.0,3.0,2145968,2.0,2,4,1,5.0,,0.0,0,1998.0,A01,138Â 303Â 379,0.0,-1.0,-1.0,1638728,1.0,7,,2.0,0.0,0.0,A01,138Â 303Â 379,1.0
960172,201900001703,6,15,23:10,3,1,1,1.0,7.0,98812,RPN7,M," -20,5015500","164,2666600",988,2019,90.0,3.0,1.0,3.0,2145969,9.0,2,3,1,5.0,,0.0,0,1997.0,A01,138Â 303Â 379,8.0,-1.0,-1.0,1638728,1.0,7,,2.0,0.0,0.0,A01,138Â 303Â 379,1.0
960172,201900001703,6,15,23:10,3,1,1,1.0,7.0,98812,RPN7,M," -20,5015500","164,2666600",988,2019,90.0,3.0,1.0,3.0,2145970,7.0,2,4,1,5.0,,0.0,0,1989.0,A01,138Â 303Â 379,1.0,-1.0,-1.0,1638728,1.0,7,,2.0,0.0,0.0,A01,138Â 303Â 379,1.0
960173,201900001704,6,18,01:20,3,1,1,1.0,6.0,84137,Avenue Marcel Corneloup,M,"44,2292220","5,0886570",84,2019,80.0,8.0,1.0,3.0,2145971,1.0,1,2,1,1.0,,0.0,0,1989.0,A01,138Â 303Â 376,1.0,-1.0,-1.0,1638729,2.0,7,,10.0,0.0,9.0,A01,138Â 303Â 376,1.0
960174,201900001705,8,14,12:35,1,2,2,1.0,2.0,93027,RENARD (RUE EDOUARD),M,"48,9231830","2,4132420",93,2019,50.0,3.0,1.0,3.0,2145972,1.0,1,1,1,1.0,,0.0,0,1998.0,I01,138Â 303Â 377,1.0,-1.0,-1.0,1638730,1.0,7,,14.0,2.0,1.0,I01,138Â 303Â 377,1.0
960174,201900001705,8,14,12:35,1,2,2,1.0,2.0,93027,RENARD (RUE EDOUARD),M,"48,9231830","2,4132420",93,2019,50.0,3.0,1.0,3.0,2145972,1.0,1,1,1,1.0,,0.0,0,1998.0,I01,138Â 303Â 377,1.0,-1.0,-1.0,1638731,1.0,7,,0.0,2.0,4.0,A01,138Â 303Â 378,1.0
960174,201900001705,8,14,12:35,1,2,2,1.0,2.0,93027,RENARD (RUE EDOUARD),M,"48,9231830","2,4132420",93,2019,50.0,3.0,1.0,3.0,2145973,1.0,1,4,1,1.0,,0.0,0,1982.0,A01,138Â 303Â 378,1.0,8.0,-1.0,1638730,1.0,7,,14.0,2.0,1.0,I01,138Â 303Â 377,1.0
960174,201900001705,8,14,12:35,1,2,2,1.0,2.0,93027,RENARD (RUE EDOUARD),M,"48,9231830","2,4132420",93,2019,50.0,3.0,1.0,3.0,2145973,1.0,1,4,1,1.0,,0.0,0,1982.0,A01,138Â 303Â 378,1.0,8.0,-1.0,1638731,1.0,7,,0.0,2.0,4.0,A01,138Â 303Â 378,1.0
960175,201900001706,8,14,20:10,1,2,1,1.0,6.0,93010,POLISSARD (RUE AUGUSTE),M,"48,9053000","2,4804000",93,2019,50.0,1.0,1.0,3.0,2145974,1.0,1,4,1,9.0,,-1.0, -1,2001.0,A01,138Â 303Â 374,2.0,0.0,-1.0,1638732,2.0,43,,0.0,2.0,0.0,A01,138Â 303Â 374,0.0
960176,201900001707,6,1,14:30,1,1,1,1.0,1.0,84069,RD 19,M,"44,1734100","5,1312660",84,2019,80.0,1.0,1.0,3.0,2145975,1.0,1,3,1,5.0,,0.0,0,1969.0,B01,138Â 303Â 373,2.0,-1.0,-1.0,1638733,1.0,33,,0.0,2.0,3.0,B01,138Â 303Â 373,0.0
960176,201900001707,6,1,14:30,1,1,1,1.0,1.0,84069,RD 19,M,"44,1734100","5,1312660",84,2019,80.0,1.0,1.0,3.0,2145975,1.0,1,3,1,5.0,,0.0,0,1969.0,B01,138Â 303Â 373,2.0,-1.0,-1.0,1638734,2.0,7,,0.0,2.0,3.0,A01,138Â 303Â 375,2.0
960176,201900001707,6,1,14:30,1,1,1,1.0,1.0,84069,RD 19,M,"44,1734100","5,1312660",84,2019,80.0,1.0,1.0,3.0,2145976,7.0,2,1,2,5.0,,0.0,0,1955.0,A01,138Â 303Â 375,1.0,-1.0,-1.0,1638733,1.0,33,,0.0,2.0,3.0,B01,138Â 303Â 373,0.0
960176,201900001707,6,1,14:30,1,1,1,1.0,1.0,84069,RD 19,M,"44,1734100","5,1312660",84,2019,80.0,1.0,1.0,3.0,2145976,7.0,2,1,2,5.0,,0.0,0,1955.0,A01,138Â 303Â 375,1.0,-1.0,-1.0,1638734,2.0,7,,0.0,2.0,3.0,A01,138Â 303Â 375,2.0
960176,201900001707,6,1,14:30,1,1,1,1.0,1.0,84069,RD 19,M,"44,1734100","5,1312660",84,2019,80.0,1.0,1.0,3.0,2145977,2.0,2,1,2,5.0,,0.0,0,1946.0,A01,138Â 303Â 375,1.0,-1.0,-1.0,1638733,1.0,33,,0.0,2.0,3.0,B01,138Â 303Â 373,0.0
960176,201900001707,6,1,14:30,1,1,1,1.0,1.0,84069,RD 19,M,"44,1734100","5,1312660",84,2019,80.0,1.0,1.0,3.0,2145977,2.0,2,1,2,5.0,,0.0,0,1946.0,A01,138Â 303Â 375,1.0,-1.0,-1.0,1638734,2.0,7,,0.0,2.0,3.0,A01,138Â 303Â 375,2.0
960176,201900001707,6,1,14:30,1,1,1,1.0,1.0,84069,RD 19,M,"44,1734100","5,1312660",84,2019,80.0,1.0,1.0,3.0,2145978,1.0,1,1,1,5.0,,0.0,0,1956.0,A01,138Â 303Â 375,1.0,-1.0,-1.0,1638733,1.0,33,,0.0,2.0,3.0,B01,138Â 303Â 373,0.0
960176,201900001707,6,1,14:30,1,1,1,1.0,1.0,84069,RD 19,M,"44,1734100","5,1312660",84,2019,80.0,1.0,1.0,3.0,2145978,1.0,1,1,1,5.0,,0.0,0,1956.0,A01,138Â 303Â 375,1.0,-1.0,-1.0,1638734,2.0,7,,0.0,2.0,3.0,A01,138Â 303Â 375,2.0
960177,201900001708,8,13,18:50,1,2,1,8.0,6.0,93008,VAILLANT (AVENUE EDOUARD),M,"48,9100000","2,4664000",93,2019,50.0,1.0,1.0,3.0,2145979,1.0,1,1,1,0.0,,-1.0, -1,1986.0,A01,138Â 303Â 372,2.0,8.0,-1.0,1638735,2.0,34,,0.0,1.0,1.0,A01,138Â 303Â 372,1.0
960177,201900001708,8,13,18:50,1,2,1,8.0,6.0,93008,VAILLANT (AVENUE EDOUARD),M,"48,9100000","2,4664000",93,2019,50.0,1.0,1.0,3.0,2145980,10.0,3,4,1,0.0,,9.0,B,1952.0,A01,138Â 303Â 372,0.0,0.0,-1.0,1638735,2.0,34,,0.0,1.0,1.0,A01,138Â 303Â 372,1.0
960178,201900001709,6,10,13:45,1,2,2,1.0,3.0,31573,Courbenause,M,"43,6483260","1,6529410",31,2019,50.0,1.0,1.0,4.0,2145981,1.0,1,1,1,5.0,,0.0,0,1999.0,A01,138Â 303Â 370,1.0,-1.0,-1.0,1638736,3.0,7,,0.0,2.0,3.0,A01,138Â 303Â 370,1.0
960178,201900001709,6,10,13:45,1,2,2,1.0,3.0,31573,Courbenause,M,"43,6483260","1,6529410",31,2019,50.0,1.0,1.0,4.0,2145981,1.0,1,1,1,5.0,,0.0,0,1999.0,A01,138Â 303Â 370,1.0,-1.0,-1.0,1638737,3.0,36,,0.0,2.0,1.0,B01,138Â 303Â 371,1.0
960178,201900001709,6,10,13:45,1,2,2,1.0,3.0,31573,Courbenause,M,"43,6483260","1,6529410",31,2019,50.0,1.0,1.0,4.0,2145982,1.0,1,3,1,5.0,,0.0,0,1999.0,B01,138Â 303Â 371,2.0,-1.0,-1.0,1638736,3.0,7,,0.0,2.0,3.0,A01,138Â 303Â 370,1.0
960178,201900001709,6,10,13:45,1,2,2,1.0,3.0,31573,Courbenause,M,"43,6483260","1,6529410",31,2019,50.0,1.0,1.0,4.0,2145982,1.0,1,3,1,5.0,,0.0,0,1999.0,B01,138Â 303Â 371,2.0,-1.0,-1.0,1638737,3.0,36,,0.0,2.0,1.0,B01,138Â 303Â 371,1.0
960178,201900001709,6,10,13:45,1,2,2,1.0,3.0,31573,Courbenause,M,"43,6483260","1,6529410",31,2019,50.0,1.0,1.0,4.0,2145983,2.0,2,4,2,5.0,,0.0,0,2000.0,B01,138Â 303Â 371,2.0,-1.0,-1.0,1638736,3.0,7,,0.0,2.0,3.0,A01,138Â 303Â 370,1.0
960178,201900001709,6,10,13:45,1,2,2,1.0,3.0,31573,Courbenause,M,"43,6483260","1,6529410",31,2019,50.0,1.0,1.0,4.0,2145983,2.0,2,4,2,5.0,,0.0,0,2000.0,B01,138Â 303Â 371,2.0,-1.0,-1.0,1638737,3.0,36,,0.0,2.0,1.0,B01,138Â 303Â 371,1.0
960179,201900001710,8,13,16:30,1,2,9,2.0,3.0,93007,"""PAUL VAILLANT COUTURIER (AVENUE """"DU 01",M,"48,9254200","2,4658700",93,2019,50.0,3.0,1.0,3.0,2145984,1.0,1,1,1,3.0,,-1.0, -1,1950.0,A01,138Â 303Â 368,1.0,0.0,-1.0,1638738,3.0,10,,0.0,6.0,1.0,A01,138Â 303Â 368,1.0
960179,201900001710,8,13,16:30,1,2,9,2.0,3.0,93007,"""PAUL VAILLANT COUTURIER (AVENUE """"DU 01",M,"48,9254200","2,4658700",93,2019,50.0,3.0,1.0,3.0,2145984,1.0,1,1,1,3.0,,-1.0, -1,1950.0,A01,138Â 303Â 368,1.0,0.0,-1.0,1638739,3.0,99,,0.0,2.0,8.0,B01,138Â 303Â 369,0.0
960179,201900001710,8,13,16:30,1,2,9,2.0,3.0,93007,"""PAUL VAILLANT COUTURIER (AVENUE """"DU 01",M,"48,9254200","2,4658700",93,2019,50.0,3.0,1.0,3.0,2145985,1.0,1,4,1,3.0,,-1.0, -1,1980.0,B01,138Â 303Â 369,8.0,0.0,-1.0,1638738,3.0,10,,0.0,6.0,1.0,A01,138Â 303Â 368,1.0
960179,201900001710,8,13,16:30,1,2,9,2.0,3.0,93007,"""PAUL VAILLANT COUTURIER (AVENUE """"DU 01",M,"48,9254200","2,4658700",93,2019,50.0,3.0,1.0,3.0,2145985,1.0,1,4,1,3.0,,-1.0, -1,1980.0,B01,138Â 303Â 369,8.0,0.0,-1.0,1638739,3.0,99,,0.0,2.0,8.0,B01,138Â 303Â 369,0.0
960180,201900001711,6,16,14:00,1,1,1,1.0,7.0,21572,A 36 - Bretelle A39 (PR 33),M,"47,1236690","5,3906310",21,2019,50.0,1.0,1.0,1.0,2145986,1.0,1,1,1,4.0,,0.0,0,1970.0,A01,138Â 303Â 367,1.0,-1.0,-1.0,1638740,1.0,38,2.0,3.0,0.0,7.0,A01,138Â 303Â 367,1.0
960180,201900001711,6,16,14:00,1,1,1,1.0,7.0,21572,A 36 - Bretelle A39 (PR 33),M,"47,1236690","5,3906310",21,2019,50.0,1.0,1.0,1.0,2145987,9.0,2,3,2,5.0,,0.0,0,1979.0,A01,138Â 303Â 367,1.0,-1.0,-1.0,1638740,1.0,38,2.0,3.0,0.0,7.0,A01,138Â 303Â 367,1.0
960181,201900001712,8,13,23:15,5,2,9,1.0,6.0,93027,BLOCH (IMPASSE PRAEGER),M,"48,9276700","2,4163300",93,2019,5.0,1.0,1.0,9.0,2145988,10.0,3,4,1,9.0,,9.0,B,1991.0,A01,138Â 303Â 366,8.0,0.0,-1.0,1638741,1.0,3,,0.0,1.0,3.0,A01,138Â 303Â 366,6.0
960181,201900001712,8,13,23:15,5,2,9,1.0,6.0,93027,BLOCH (IMPASSE PRAEGER),M,"48,9276700","2,4163300",93,2019,5.0,1.0,1.0,9.0,2145989,1.0,1,1,1,5.0,,-1.0, -1,2000.0,A01,138Â 303Â 366,8.0,0.0,-1.0,1638741,1.0,3,,0.0,1.0,3.0,A01,138Â 303Â 366,6.0
960182,201900001713,6,9,16:45,1,1,1,1.0,7.0,81321,RD 53 P 053+400 sens ANGLES - MAZAMET,M,"43,5508760","2,4535620",81,2019,90.0,1.0,9.0,3.0,2145990,1.0,1,4,1,5.0,,0.0,0,1996.0,A01,138Â 303Â 365,2.0,6.0,9.0,1638742,2.0,31,,0.0,0.0,7.0,A01,138Â 303Â 365,0.0
960183,201900001714,6,16,11:55,1,1,1,1.0,6.0,81311,MONTMIRAIL,M,"43,7608930","2,1925500",81,2019,80.0,3.0,1.0,3.0,2145991,1.0,1,3,1,5.0,,0.0,0,1998.0,A01,138Â 303Â 363,8.0,-1.0,-1.0,1638743,2.0,7,,10.0,0.0,3.0,A01,138Â 303Â 363,1.0
960184,201900001715,8,17,18:54,1,2,2,2.0,5.0,92051,SABLONS (BOULEVARD DES),M,"48,8789200","2,2707300",92,2019,50.0,1.0,2.0,4.0,2145992,1.0,1,1,1,0.0,,-1.0, -1,1962.0,A01,138Â 303Â 361,8.0,0.0,-1.0,1638744,1.0,7,,0.0,2.0,1.0,A01,138Â 303Â 361,1.0
960184,201900001715,8,17,18:54,1,2,2,2.0,5.0,92051,SABLONS (BOULEVARD DES),M,"48,8789200","2,2707300",92,2019,50.0,1.0,2.0,4.0,2145992,1.0,1,1,1,0.0,,-1.0, -1,1962.0,A01,138Â 303Â 361,8.0,0.0,-1.0,1638745,1.0,7,,0.0,2.0,6.0,B01,138Â 303Â 362,1.0
960184,201900001715,8,17,18:54,1,2,2,2.0,5.0,92051,SABLONS (BOULEVARD DES),M,"48,8789200","2,2707300",92,2019,50.0,1.0,2.0,4.0,2145992,1.0,1,1,1,0.0,,-1.0, -1,1962.0,A01,138Â 303Â 361,8.0,0.0,-1.0,1638746,1.0,7,,0.0,2.0,7.0,C01,138Â 303Â 364,1.0
960184,201900001715,8,17,18:54,1,2,2,2.0,5.0,92051,SABLONS (BOULEVARD DES),M,"48,8789200","2,2707300",92,2019,50.0,1.0,2.0,4.0,2145993,1.0,1,1,1,0.0,,-1.0,0,1980.0,B01,138Â 303Â 362,1.0,0.0,-1.0,1638744,1.0,7,,0.0,2.0,1.0,A01,138Â 303Â 361,1.0
960184,201900001715,8,17,18:54,1,2,2,2.0,5.0,92051,SABLONS (BOULEVARD DES),M,"48,8789200","2,2707300",92,2019,50.0,1.0,2.0,4.0,2145993,1.0,1,1,1,0.0,,-1.0,0,1980.0,B01,138Â 303Â 362,1.0,0.0,-1.0,1638745,1.0,7,,0.0,2.0,6.0,B01,138Â 303Â 362,1.0
960184,201900001715,8,17,18:54,1,2,2,2.0,5.0,92051,SABLONS (BOULEVARD DES),M,"48,8789200","2,2707300",92,2019,50.0,1.0,2.0,4.0,2145993,1.0,1,1,1,0.0,,-1.0,0,1980.0,B01,138Â 303Â 362,1.0,0.0,-1.0,1638746,1.0,7,,0.0,2.0,7.0,C01,138Â 303Â 364,1.0
960184,201900001715,8,17,18:54,1,2,2,2.0,5.0,92051,SABLONS (BOULEVARD DES),M,"48,8789200","2,2707300",92,2019,50.0,1.0,2.0,4.0,2145994,4.0,2,3,2,0.0,,-1.0,0,1979.0,B01,138Â 303Â 362,1.0,0.0,-1.0,1638744,1.0,7,,0.0,2.0,1.0,A01,138Â 303Â 361,1.0
960184,201900001715,8,17,18:54,1,2,2,2.0,5.0,92051,SABLONS (BOULEVARD DES),M,"48,8789200","2,2707300",92,2019,50.0,1.0,2.0,4.0,2145994,4.0,2,3,2,0.0,,-1.0,0,1979.0,B01,138Â 303Â 362,1.0,0.0,-1.0,1638745,1.0,7,,0.0,2.0,6.0,B01,138Â 303Â 362,1.0
960184,201900001715,8,17,18:54,1,2,2,2.0,5.0,92051,SABLONS (BOULEVARD DES),M,"48,8789200","2,2707300",92,2019,50.0,1.0,2.0,4.0,2145994,4.0,2,3,2,0.0,,-1.0,0,1979.0,B01,138Â 303Â 362,1.0,0.0,-1.0,1638746,1.0,7,,0.0,2.0,7.0,C01,138Â 303Â 364,1.0
960184,201900001715,8,17,18:54,1,2,2,2.0,5.0,92051,SABLONS (BOULEVARD DES),M,"48,8789200","2,2707300",92,2019,50.0,1.0,2.0,4.0,2145995,1.0,1,1,1,0.0,,-1.0,0,1979.0,C01,138Â 303Â 364,1.0,0.0,-1.0,1638744,1.0,7,,0.0,2.0,1.0,A01,138Â 303Â 361,1.0
960184,201900001715,8,17,18:54,1,2,2,2.0,5.0,92051,SABLONS (BOULEVARD DES),M,"48,8789200","2,2707300",92,2019,50.0,1.0,2.0,4.0,2145995,1.0,1,1,1,0.0,,-1.0,0,1979.0,C01,138Â 303Â 364,1.0,0.0,-1.0,1638745,1.0,7,,0.0,2.0,6.0,B01,138Â 303Â 362,1.0
960184,201900001715,8,17,18:54,1,2,2,2.0,5.0,92051,SABLONS (BOULEVARD DES),M,"48,8789200","2,2707300",92,2019,50.0,1.0,2.0,4.0,2145995,1.0,1,1,1,0.0,,-1.0,0,1979.0,C01,138Â 303Â 364,1.0,0.0,-1.0,1638746,1.0,7,,0.0,2.0,7.0,C01,138Â 303Â 364,1.0
960185,201900001716,8,16,20:00,1,2,2,1.0,3.0,92020,PERI RUE GABRIEL,M,"48,7997500","2,2856100",92,2019,50.0,1.0,1.0,3.0,2145996,2.0,2,1,2,1.0,,-1.0,0,1968.0,B01,138Â 303Â 358,1.0,8.0,-1.0,1638747,1.0,7,,0.0,2.0,1.0,B01,138Â 303Â 358,1.0
960185,201900001716,8,16,20:00,1,2,2,1.0,3.0,92020,PERI RUE GABRIEL,M,"48,7997500","2,2856100",92,2019,50.0,1.0,1.0,3.0,2145996,2.0,2,1,2,1.0,,-1.0,0,1968.0,B01,138Â 303Â 358,1.0,8.0,-1.0,1638748,2.0,7,,0.0,2.0,5.0,A01,138Â 303Â 359,1.0
960185,201900001716,8,16,20:00,1,2,2,1.0,3.0,92020,PERI RUE GABRIEL,M,"48,7997500","2,2856100",92,2019,50.0,1.0,1.0,3.0,2145997,1.0,1,1,2,1.0,,-1.0,0,1964.0,B01,138Â 303Â 358,1.0,8.0,-1.0,1638747,1.0,7,,0.0,2.0,1.0,B01,138Â 303Â 358,1.0
960185,201900001716,8,16,20:00,1,2,2,1.0,3.0,92020,PERI RUE GABRIEL,M,"48,7997500","2,2856100",92,2019,50.0,1.0,1.0,3.0,2145997,1.0,1,1,2,1.0,,-1.0,0,1964.0,B01,138Â 303Â 358,1.0,8.0,-1.0,1638748,2.0,7,,0.0,2.0,5.0,A01,138Â 303Â 359,1.0
960185,201900001716,8,16,20:00,1,2,2,1.0,3.0,92020,PERI RUE GABRIEL,M,"48,7997500","2,2856100",92,2019,50.0,1.0,1.0,3.0,2145998,1.0,1,4,2,1.0,,-1.0,0,1990.0,A01,138Â 303Â 359,1.0,8.0,-1.0,1638747,1.0,7,,0.0,2.0,1.0,B01,138Â 303Â 358,1.0
960185,201900001716,8,16,20:00,1,2,2,1.0,3.0,92020,PERI RUE GABRIEL,M,"48,7997500","2,2856100",92,2019,50.0,1.0,1.0,3.0,2145998,1.0,1,4,2,1.0,,-1.0,0,1990.0,A01,138Â 303Â 359,1.0,8.0,-1.0,1638748,2.0,7,,0.0,2.0,5.0,A01,138Â 303Â 359,1.0
960186,201900001717,6,18,11:13,1,1,9,1.0,3.0,77141,Autoroute A4 PK36.800 Coutevroult,M,"48,8662860","2,8518610",77,2019,130.0,1.0,1.0,1.0,2145999,1.0,1,4,2,5.0,,0.0,0,1952.0,B01,138Â 303Â 356,1.0,-1.0,-1.0,1638749,1.0,7,,4.0,2.0,6.0,B01,138Â 303Â 356,0.0
960186,201900001717,6,18,11:13,1,1,9,1.0,3.0,77141,Autoroute A4 PK36.800 Coutevroult,M,"48,8662860","2,8518610",77,2019,130.0,1.0,1.0,1.0,2145999,1.0,1,4,2,5.0,,0.0,0,1952.0,B01,138Â 303Â 356,1.0,-1.0,-1.0,1638750,1.0,15,,0.0,2.0,2.0,A01,138Â 303Â 357,6.0
960186,201900001717,6,18,11:13,1,1,9,1.0,3.0,77141,Autoroute A4 PK36.800 Coutevroult,M,"48,8662860","2,8518610",77,2019,130.0,1.0,1.0,1.0,2146000,1.0,1,1,1,4.0,,0.0,0,1982.0,A01,138Â 303Â 357,1.0,-1.0,-1.0,1638749,1.0,7,,4.0,2.0,6.0,B01,138Â 303Â 356,0.0
960186,201900001717,6,18,11:13,1,1,9,1.0,3.0,77141,Autoroute A4 PK36.800 Coutevroult,M,"48,8662860","2,8518610",77,2019,130.0,1.0,1.0,1.0,2146000,1.0,1,1,1,4.0,,0.0,0,1982.0,A01,138Â 303Â 357,1.0,-1.0,-1.0,1638750,1.0,15,,0.0,2.0,2.0,A01,138Â 303Â 357,6.0
960187,201900001718,6,1,03:35,3,1,1,1.0,2.0,77128,A4,M,"48,8768610","2,8779100",77,2019,130.0,1.0,1.0,1.0,2146001,1.0,1,3,1,5.0,,0.0,0,1988.0,A01,138Â 303Â 353,1.0,-1.0,-1.0,1638751,1.0,7,,0.0,2.0,1.0,A01,138Â 303Â 353,1.0
960187,201900001718,6,1,03:35,3,1,1,1.0,2.0,77128,A4,M,"48,8768610","2,8779100",77,2019,130.0,1.0,1.0,1.0,2146001,1.0,1,3,1,5.0,,0.0,0,1988.0,A01,138Â 303Â 353,1.0,-1.0,-1.0,1638752,1.0,15,,0.0,0.0,4.0,B01,138Â 303Â 354,1.0
960187,201900001718,6,1,03:35,3,1,1,1.0,2.0,77128,A4,M,"48,8768610","2,8779100",77,2019,130.0,1.0,1.0,1.0,2146002,1.0,1,1,1,4.0,,0.0,0,1981.0,B01,138Â 303Â 354,1.0,-1.0,-1.0,1638751,1.0,7,,0.0,2.0,1.0,A01,138Â 303Â 353,1.0
960187,201900001718,6,1,03:35,3,1,1,1.0,2.0,77128,A4,M,"48,8768610","2,8779100",77,2019,130.0,1.0,1.0,1.0,2146002,1.0,1,1,1,4.0,,0.0,0,1981.0,B01,138Â 303Â 354,1.0,-1.0,-1.0,1638752,1.0,15,,0.0,0.0,4.0,B01,138Â 303Â 354,1.0
960188,201900001719,6,9,13:40,1,1,1,1.0,7.0,28177,Autoroute A11 PK 57+800 Sens PARIS/Province,M,"48,4275790","1,5160477",28,2019,130.0,1.0,1.0,1.0,2146003,1.0,1,3,1,5.0,,0.0,0,1963.0,A01,138Â 303Â 352,2.0,6.0,-1.0,1638753,1.0,34,,0.0,0.0,8.0,A01,138Â 303Â 352,1.0
960189,201900001720,6,9,20:30,1,2,1,1.0,6.0,92044,CHARLES PASQUA(QUAI) 2 A 30,M,"48,9009381","2,2841129",92,2019,50.0,1.0,1.0,3.0,2146004,1.0,1,4,1,0.0,,-1.0,0,1954.0,B01,138Â 303Â 355,2.0,0.0,-1.0,1638754,1.0,2,,0.0,2.0,5.0,B01,138Â 303Â 355,1.0
960190,201900001721,6,9,16:45,1,1,1,1.0,7.0,83073,,M,"43,3973337","6,3535520",83,2019,130.0,1.0,1.0,1.0,2146005,1.0,1,4,2,5.0,,0.0,0,1981.0,A01,138Â 303Â 351,2.0,-1.0,-1.0,1638755,1.0,33,,0.0,0.0,7.0,A01,138Â 303Â 351,6.0
960191,201900001722,8,13,16:45,1,2,1,1.0,2.0,92036,GRESILLONS (QUAI DES),M,"48,9194100","2,3219900",92,2019,50.0,1.0,1.0,3.0,2146006,1.0,1,4,1,0.0,,-1.0,0,1987.0,B01,138Â 303Â 349,2.0,8.0,-1.0,1638756,1.0,33,,0.0,2.0,1.0,B01,138Â 303Â 349,1.0
960191,201900001722,8,13,16:45,1,2,1,1.0,2.0,92036,GRESILLONS (QUAI DES),M,"48,9194100","2,3219900",92,2019,50.0,1.0,1.0,3.0,2146006,1.0,1,4,1,0.0,,-1.0,0,1987.0,B01,138Â 303Â 349,2.0,8.0,-1.0,1638757,1.0,7,,0.0,2.0,6.0,A01,138Â 303Â 350,1.0
960191,201900001722,8,13,16:45,1,2,1,1.0,2.0,92036,GRESILLONS (QUAI DES),M,"48,9194100","2,3219900",92,2019,50.0,1.0,1.0,3.0,2146007,1.0,1,1,1,4.0,,-1.0,0,1956.0,A01,138Â 303Â 350,1.0,8.0,-1.0,1638756,1.0,33,,0.0,2.0,1.0,B01,138Â 303Â 349,1.0