Unnamed: 0_x,num_acc,mois,jour,hrmn,lum,agg,int,atm,col,com,adr,gps,lat,long,dep,annee,vma,situ,surf,catr,Unnamed: 0_y,place,catu,grav,sexe,trajet,secu,locp,actp,an_nais,num_veh_x,id_vehicule_x,secu1,secu2,secu3,Unnamed: 0,senc,catv,occutc,obs,obsm,choc,num_veh_y,id_vehicule_y,motor
960191,201900001722,8,13,16:45,1,2,1,1.0,2.0,92036,GRESILLONS (QUAI DES),M,"48,9194100","2,3219900",92,2019,50.0,1.0,1.0,3.0,2146007,1.0,1,1,1,4.0,,-1.0,0,1956.0,A01,138Â 303Â 350,1.0,8.0,-1.0,1638757,1.0,7,,0.0,2.0,6.0,A01,138Â 303Â 350,1.0
960192,201900001723,8,14,08:00,1,2,9,1.0,4.0,92026,PRÃSIDENT PAUL DOUMER (QUAI DU),M,"48,8907800","2,2571120",92,2019,50.0,1.0,1.0,3.0,2146008,1.0,1,1,1,1.0,,-1.0,0,1968.0,C01,138Â 303Â 346,1.0,0.0,-1.0,1638758,2.0,7,,0.0,2.0,7.0,C01,138Â 303Â 346,1.0
960192,201900001723,8,14,08:00,1,2,9,1.0,4.0,92026,PRÃSIDENT PAUL DOUMER (QUAI DU),M,"48,8907800","2,2571120",92,2019,50.0,1.0,1.0,3.0,2146008,1.0,1,1,1,1.0,,-1.0,0,1968.0,C01,138Â 303Â 346,1.0,0.0,-1.0,1638759,2.0,7,,0.0,2.0,6.0,B01,138Â 303Â 347,1.0
960192,201900001723,8,14,08:00,1,2,9,1.0,4.0,92026,PRÃSIDENT PAUL DOUMER (QUAI DU),M,"48,8907800","2,2571120",92,2019,50.0,1.0,1.0,3.0,2146008,1.0,1,1,1,1.0,,-1.0,0,1968.0,C01,138Â 303Â 346,1.0,0.0,-1.0,1638760,2.0,32,,0.0,2.0,2.0,A01,138Â 303Â 348,1.0
960192,201900001723,8,14,08:00,1,2,9,1.0,4.0,92026,PRÃSIDENT PAUL DOUMER (QUAI DU),M,"48,8907800","2,2571120",92,2019,50.0,1.0,1.0,3.0,2146009,1.0,1,1,2,1.0,,-1.0,0,1979.0,B01,138Â 303Â 347,1.0,0.0,-1.0,1638758,2.0,7,,0.0,2.0,7.0,C01,138Â 303Â 346,1.0
960192,201900001723,8,14,08:00,1,2,9,1.0,4.0,92026,PRÃSIDENT PAUL DOUMER (QUAI DU),M,"48,8907800","2,2571120",92,2019,50.0,1.0,1.0,3.0,2146009,1.0,1,1,2,1.0,,-1.0,0,1979.0,B01,138Â 303Â 347,1.0,0.0,-1.0,1638759,2.0,7,,0.0,2.0,6.0,B01,138Â 303Â 347,1.0
960192,201900001723,8,14,08:00,1,2,9,1.0,4.0,92026,PRÃSIDENT PAUL DOUMER (QUAI DU),M,"48,8907800","2,2571120",92,2019,50.0,1.0,1.0,3.0,2146009,1.0,1,1,2,1.0,,-1.0,0,1979.0,B01,138Â 303Â 347,1.0,0.0,-1.0,1638760,2.0,32,,0.0,2.0,2.0,A01,138Â 303Â 348,1.0
960192,201900001723,8,14,08:00,1,2,9,1.0,4.0,92026,PRÃSIDENT PAUL DOUMER (QUAI DU),M,"48,8907800","2,2571120",92,2019,50.0,1.0,1.0,3.0,2146010,1.0,1,4,1,1.0,,-1.0,0,1978.0,A01,138Â 303Â 348,2.0,6.0,-1.0,1638758,2.0,7,,0.0,2.0,7.0,C01,138Â 303Â 346,1.0
960192,201900001723,8,14,08:00,1,2,9,1.0,4.0,92026,PRÃSIDENT PAUL DOUMER (QUAI DU),M,"48,8907800","2,2571120",92,2019,50.0,1.0,1.0,3.0,2146010,1.0,1,4,1,1.0,,-1.0,0,1978.0,A01,138Â 303Â 348,2.0,6.0,-1.0,1638759,2.0,7,,0.0,2.0,6.0,B01,138Â 303Â 347,1.0
960192,201900001723,8,14,08:00,1,2,9,1.0,4.0,92026,PRÃSIDENT PAUL DOUMER (QUAI DU),M,"48,8907800","2,2571120",92,2019,50.0,1.0,1.0,3.0,2146010,1.0,1,4,1,1.0,,-1.0,0,1978.0,A01,138Â 303Â 348,2.0,6.0,-1.0,1638760,2.0,32,,0.0,2.0,2.0,A01,138Â 303Â 348,1.0
960193,201900001724,8,13,11:50,1,2,3,1.0,3.0,92026,VERDUN (DE 01 A 61),M,"48,9013000","2,2599278",92,2019,50.0,1.0,1.0,3.0,2146011,1.0,1,1,1,0.0,,-1.0,0,1953.0,B01,138Â 303Â 344,1.0,0.0,-1.0,1638761,2.0,7,,0.0,2.0,8.0,B01,138Â 303Â 344,1.0
960193,201900001724,8,13,11:50,1,2,3,1.0,3.0,92026,VERDUN (DE 01 A 61),M,"48,9013000","2,2599278",92,2019,50.0,1.0,1.0,3.0,2146011,1.0,1,1,1,0.0,,-1.0,0,1953.0,B01,138Â 303Â 344,1.0,0.0,-1.0,1638762,2.0,33,,0.0,2.0,2.0,A01,138Â 303Â 345,1.0
960193,201900001724,8,13,11:50,1,2,3,1.0,3.0,92026,VERDUN (DE 01 A 61),M,"48,9013000","2,2599278",92,2019,50.0,1.0,1.0,3.0,2146012,1.0,1,4,1,5.0,,-1.0,0,1986.0,A01,138Â 303Â 345,2.0,6.0,-1.0,1638761,2.0,7,,0.0,2.0,8.0,B01,138Â 303Â 344,1.0
960193,201900001724,8,13,11:50,1,2,3,1.0,3.0,92026,VERDUN (DE 01 A 61),M,"48,9013000","2,2599278",92,2019,50.0,1.0,1.0,3.0,2146012,1.0,1,4,1,5.0,,-1.0,0,1986.0,A01,138Â 303Â 345,2.0,6.0,-1.0,1638762,2.0,33,,0.0,2.0,2.0,A01,138Â 303Â 345,1.0
960194,201900001725,8,13,16:00,1,2,1,1.0,3.0,92025,CHARLES DE GAULLE (BD),M,"48,9142810","2,2292805",92,2019,50.0,1.0,1.0,3.0,2146013,1.0,1,1,1,9.0,,-1.0,0,1954.0,A01,138Â 303Â 342,1.0,0.0,-1.0,1638763,3.0,7,,0.0,2.0,1.0,A01,138Â 303Â 342,1.0
960194,201900001725,8,13,16:00,1,2,1,1.0,3.0,92025,CHARLES DE GAULLE (BD),M,"48,9142810","2,2292805",92,2019,50.0,1.0,1.0,3.0,2146013,1.0,1,1,1,9.0,,-1.0,0,1954.0,A01,138Â 303Â 342,1.0,0.0,-1.0,1638764,3.0,50,,0.0,2.0,1.0,B01,138Â 303Â 343,3.0
960194,201900001725,8,13,16:00,1,2,1,1.0,3.0,92025,CHARLES DE GAULLE (BD),M,"48,9142810","2,2292805",92,2019,50.0,1.0,1.0,3.0,2146014,1.0,1,4,2,0.0,,-1.0,0,1997.0,B01,138Â 303Â 343,8.0,0.0,-1.0,1638763,3.0,7,,0.0,2.0,1.0,A01,138Â 303Â 342,1.0
960194,201900001725,8,13,16:00,1,2,1,1.0,3.0,92025,CHARLES DE GAULLE (BD),M,"48,9142810","2,2292805",92,2019,50.0,1.0,1.0,3.0,2146014,1.0,1,4,2,0.0,,-1.0,0,1997.0,B01,138Â 303Â 343,8.0,0.0,-1.0,1638764,3.0,50,,0.0,2.0,1.0,B01,138Â 303Â 343,3.0
960195,201900001726,7,21,19:25,1,2,1,1.0,3.0,92012,ANDRE MORIZET (AVENUE) 1/47 - 2/52,M,"48,8359426","2,2389835",92,2019,50.0,1.0,1.0,3.0,2146015,1.0,1,4,1,4.0,,-1.0,0,1996.0,A01,138Â 303Â 340,2.0,0.0,-1.0,1638765,2.0,30,,0.0,2.0,1.0,A01,138Â 303Â 340,1.0
960195,201900001726,7,21,19:25,1,2,1,1.0,3.0,92012,ANDRE MORIZET (AVENUE) 1/47 - 2/52,M,"48,8359426","2,2389835",92,2019,50.0,1.0,1.0,3.0,2146015,1.0,1,4,1,4.0,,-1.0,0,1996.0,A01,138Â 303Â 340,2.0,0.0,-1.0,1638766,2.0,7,,0.0,2.0,3.0,B01,138Â 303Â 341,1.0
960195,201900001726,7,21,19:25,1,2,1,1.0,3.0,92012,ANDRE MORIZET (AVENUE) 1/47 - 2/52,M,"48,8359426","2,2389835",92,2019,50.0,1.0,1.0,3.0,2146016,1.0,1,1,1,5.0,,-1.0,0,1984.0,B01,138Â 303Â 341,1.0,0.0,-1.0,1638765,2.0,30,,0.0,2.0,1.0,A01,138Â 303Â 340,1.0
960195,201900001726,7,21,19:25,1,2,1,1.0,3.0,92012,ANDRE MORIZET (AVENUE) 1/47 - 2/52,M,"48,8359426","2,2389835",92,2019,50.0,1.0,1.0,3.0,2146016,1.0,1,1,1,5.0,,-1.0,0,1984.0,B01,138Â 303Â 341,1.0,0.0,-1.0,1638766,2.0,7,,0.0,2.0,3.0,B01,138Â 303Â 341,1.0
960196,201900001727,7,13,14:35,1,2,1,1.0,6.0,92012,GENERAL LECLERC (AVENUE DU) 1/33 - 2/58,M,"48,8324973","2,2397593",92,2019,30.0,1.0,1.0,3.0,2146017,1.0,1,1,1,5.0,,-1.0,0,1995.0,A01,138Â 303Â 339,1.0,0.0,-1.0,1638767,1.0,7,,0.0,6.0,1.0,A01,138Â 303Â 339,1.0
960196,201900001727,7,13,14:35,1,2,1,1.0,6.0,92012,GENERAL LECLERC (AVENUE DU) 1/33 - 2/58,M,"48,8324973","2,2397593",92,2019,30.0,1.0,1.0,3.0,2146018,4.0,2,1,2,5.0,,-1.0,0,1989.0,A01,138Â 303Â 339,1.0,0.0,-1.0,1638767,1.0,7,,0.0,6.0,1.0,A01,138Â 303Â 339,1.0
960196,201900001727,7,13,14:35,1,2,1,1.0,6.0,92012,GENERAL LECLERC (AVENUE DU) 1/33 - 2/58,M,"48,8324973","2,2397593",92,2019,30.0,1.0,1.0,3.0,2146019,2.0,2,1,2,5.0,,-1.0,0,1999.0,A01,138Â 303Â 339,1.0,0.0,-1.0,1638767,1.0,7,,0.0,6.0,1.0,A01,138Â 303Â 339,1.0
960196,201900001727,7,13,14:35,1,2,1,1.0,6.0,92012,GENERAL LECLERC (AVENUE DU) 1/33 - 2/58,M,"48,8324973","2,2397593",92,2019,30.0,1.0,1.0,3.0,2146020,3.0,2,4,1,5.0,,-1.0,0,2004.0,A01,138Â 303Â 339,1.0,0.0,-1.0,1638767,1.0,7,,0.0,6.0,1.0,A01,138Â 303Â 339,1.0
960197,201900001728,8,16,19:25,2,2,4,1.0,6.0,63302,FossÃ© de Macon/Mendes France,M,"45,7072549","3,1261281",63,2019,50.0,1.0,1.0,4.0,2146021,1.0,1,1,1,0.0,,0.0,0,1953.0,A01,138Â 303Â 336,1.0,-1.0,-1.0,1638768,0.0,7,,0.0,1.0,3.0,A01,138Â 303Â 336,1.0
960197,201900001728,8,16,19:25,2,2,4,1.0,6.0,63302,FossÃ© de Macon/Mendes France,M,"45,7072549","3,1261281",63,2019,50.0,1.0,1.0,4.0,2146022,10.0,3,3,2,5.0,,2.0,3,1952.0,A01,138Â 303Â 336,0.0,-1.0,-1.0,1638768,0.0,7,,0.0,1.0,3.0,A01,138Â 303Â 336,1.0
960198,201900001729,8,12,09:00,1,1,1,1.0,7.0,49069,"Les Ponciers, LE PONCIER (BouzillÃ©)",M,"47,3433490"," -1,0773490",49,2019,80.0,3.0,1.0,3.0,2146023,1.0,1,4,1,1.0,,0.0,0,1999.0,A01,138Â 303Â 335,2.0,6.0,-1.0,1638769,0.0,33,,13.0,0.0,0.0,A01,138Â 303Â 335,1.0
960199,201900001730,8,10,20:50,5,2,2,1.0,3.0,01443,Avenue Charles de Gaulle,M,"45,9997040","5,0296570",1,2019,50.0,1.0,1.0,3.0,2146024,1.0,1,1,1,5.0,,0.0,0,1998.0,A01,138Â 303Â 333,2.0,-1.0,-1.0,1638770,1.0,2,,0.0,2.0,1.0,A01,138Â 303Â 333,1.0
960199,201900001730,8,10,20:50,5,2,2,1.0,3.0,01443,Avenue Charles de Gaulle,M,"45,9997040","5,0296570",1,2019,50.0,1.0,1.0,3.0,2146024,1.0,1,1,1,5.0,,0.0,0,1998.0,A01,138Â 303Â 333,2.0,-1.0,-1.0,1638771,2.0,7,,0.0,2.0,8.0,B01,138Â 303Â 334,1.0
960199,201900001730,8,10,20:50,5,2,2,1.0,3.0,01443,Avenue Charles de Gaulle,M,"45,9997040","5,0296570",1,2019,50.0,1.0,1.0,3.0,2146025,1.0,1,4,2,5.0,,0.0,0,1999.0,B01,138Â 303Â 334,1.0,-1.0,-1.0,1638770,1.0,2,,0.0,2.0,1.0,A01,138Â 303Â 333,1.0
960199,201900001730,8,10,20:50,5,2,2,1.0,3.0,01443,Avenue Charles de Gaulle,M,"45,9997040","5,0296570",1,2019,50.0,1.0,1.0,3.0,2146025,1.0,1,4,2,5.0,,0.0,0,1999.0,B01,138Â 303Â 334,1.0,-1.0,-1.0,1638771,2.0,7,,0.0,2.0,8.0,B01,138Â 303Â 334,1.0
960200,201900001731,8,16,01:55,5,2,1,1.0,6.0,83136,route du luc,M,"43,4517580","6,3031030",83,2019,50.0,3.0,1.0,3.0,2146026,1.0,1,4,1,5.0,,0.0,0,1999.0,A01,138Â 303Â 332,8.0,-1.0,-1.0,1638772,1.0,7,,6.0,2.0,1.0,A01,138Â 303Â 332,1.0
960200,201900001731,8,16,01:55,5,2,1,1.0,6.0,83136,route du luc,M,"43,4517580","6,3031030",83,2019,50.0,3.0,1.0,3.0,2146027,2.0,2,1,1,5.0,,0.0,0,2000.0,A01,138Â 303Â 332,8.0,-1.0,-1.0,1638772,1.0,7,,6.0,2.0,1.0,A01,138Â 303Â 332,1.0
960201,201900001732,8,15,19:20,2,1,3,1.0,1.0,38107,712 Nationale 7,M,"45,4627694","4,8263025",38,2019,70.0,1.0,1.0,2.0,2146028,1.0,1,1,1,9.0,,0.0,0,1949.0,A01,138Â 303Â 330,1.0,-1.0,-1.0,1638773,2.0,7,,0.0,2.0,2.0,A01,138Â 303Â 330,1.0
960201,201900001732,8,15,19:20,2,1,3,1.0,1.0,38107,712 Nationale 7,M,"45,4627694","4,8263025",38,2019,70.0,1.0,1.0,2.0,2146028,1.0,1,1,1,9.0,,0.0,0,1949.0,A01,138Â 303Â 330,1.0,-1.0,-1.0,1638774,1.0,31,,0.0,2.0,1.0,B01,138Â 303Â 331,1.0
960201,201900001732,8,15,19:20,2,1,3,1.0,1.0,38107,712 Nationale 7,M,"45,4627694","4,8263025",38,2019,70.0,1.0,1.0,2.0,2146029,1.0,1,3,1,0.0,,0.0,0,1984.0,B01,138Â 303Â 331,2.0,6.0,-1.0,1638773,2.0,7,,0.0,2.0,2.0,A01,138Â 303Â 330,1.0
960201,201900001732,8,15,19:20,2,1,3,1.0,1.0,38107,712 Nationale 7,M,"45,4627694","4,8263025",38,2019,70.0,1.0,1.0,2.0,2146029,1.0,1,3,1,0.0,,0.0,0,1984.0,B01,138Â 303Â 331,2.0,6.0,-1.0,1638774,1.0,31,,0.0,2.0,1.0,B01,138Â 303Â 331,1.0
960202,201900001733,8,14,12:28,1,1,1,1.0,1.0,91414,D18 PK+PR 04+200,M,"48,3476000","2,0313170",91,2019,90.0,1.0,1.0,3.0,2146030,1.0,1,4,2,0.0,,0.0,0,1991.0,B01,138Â 303Â 328,1.0,-1.0,-1.0,1638775,1.0,7,,0.0,2.0,3.0,B01,138Â 303Â 328,6.0
960202,201900001733,8,14,12:28,1,1,1,1.0,1.0,91414,D18 PK+PR 04+200,M,"48,3476000","2,0313170",91,2019,90.0,1.0,1.0,3.0,2146030,1.0,1,4,2,0.0,,0.0,0,1991.0,B01,138Â 303Â 328,1.0,-1.0,-1.0,1638776,2.0,7,,0.0,2.0,3.0,A01,138Â 303Â 329,6.0
960202,201900001733,8,14,12:28,1,1,1,1.0,1.0,91414,D18 PK+PR 04+200,M,"48,3476000","2,0313170",91,2019,90.0,1.0,1.0,3.0,2146031,1.0,1,3,1,0.0,,0.0,0,1987.0,A01,138Â 303Â 329,1.0,-1.0,-1.0,1638775,1.0,7,,0.0,2.0,3.0,B01,138Â 303Â 328,6.0
960202,201900001733,8,14,12:28,1,1,1,1.0,1.0,91414,D18 PK+PR 04+200,M,"48,3476000","2,0313170",91,2019,90.0,1.0,1.0,3.0,2146031,1.0,1,3,1,0.0,,0.0,0,1987.0,A01,138Â 303Â 329,1.0,-1.0,-1.0,1638776,2.0,7,,0.0,2.0,3.0,A01,138Â 303Â 329,6.0
960203,201900001734,8,15,01:22,5,2,6,1.0,7.0,06161,6007,M,"43,6384630","7,1335166",6,2019,50.0,5.0,1.0,3.0,2146032,1.0,1,4,1,0.0,,0.0,0,1989.0,A01,138Â 303Â 327,1.0,-1.0,-1.0,1638777,3.0,7,,12.0,0.0,1.0,A01,138Â 303Â 327,1.0
960204,201900001735,8,15,01:30,5,2,6,1.0,6.0,06161,RD 241,M,"43,6369676","7,1323392",6,2019,50.0,1.0,1.0,3.0,2146033,2.0,2,4,1,5.0,,0.0,0,1994.0,A01,138Â 303Â 326,1.0,-1.0,-1.0,1638778,1.0,7,,6.0,0.0,1.0,A01,138Â 303Â 326,0.0
960204,201900001735,8,15,01:30,5,2,6,1.0,6.0,06161,RD 241,M,"43,6369676","7,1323392",6,2019,50.0,1.0,1.0,3.0,2146034,1.0,1,1,1,5.0,,0.0,0,1995.0,A01,138Â 303Â 326,1.0,-1.0,-1.0,1638778,1.0,7,,6.0,0.0,1.0,A01,138Â 303Â 326,0.0
960205,201900001736,8,17,14:15,1,1,1,1.0,3.0,84069,RD974,M,"44,1607480","5,1468650",84,2019,80.0,1.0,1.0,3.0,2146035,1.0,1,3,1,5.0,,0.0,0,1964.0,B01,138Â 303Â 324,2.0,-1.0,-1.0,1638779,2.0,1,,0.0,2.0,3.0,B01,138Â 303Â 324,5.0
960205,201900001736,8,17,14:15,1,1,1,1.0,3.0,84069,RD974,M,"44,1607480","5,1468650",84,2019,80.0,1.0,1.0,3.0,2146035,1.0,1,3,1,5.0,,0.0,0,1964.0,B01,138Â 303Â 324,2.0,-1.0,-1.0,1638780,1.0,7,,0.0,9.0,3.0,A01,138Â 303Â 325,1.0
960205,201900001736,8,17,14:15,1,1,1,1.0,3.0,84069,RD974,M,"44,1607480","5,1468650",84,2019,80.0,1.0,1.0,3.0,2146036,4.0,2,1,2,5.0,,0.0,0,2010.0,A01,138Â 303Â 325,1.0,-1.0,-1.0,1638779,2.0,1,,0.0,2.0,3.0,B01,138Â 303Â 324,5.0
960205,201900001736,8,17,14:15,1,1,1,1.0,3.0,84069,RD974,M,"44,1607480","5,1468650",84,2019,80.0,1.0,1.0,3.0,2146036,4.0,2,1,2,5.0,,0.0,0,2010.0,A01,138Â 303Â 325,1.0,-1.0,-1.0,1638780,1.0,7,,0.0,9.0,3.0,A01,138Â 303Â 325,1.0
960205,201900001736,8,17,14:15,1,1,1,1.0,3.0,84069,RD974,M,"44,1607480","5,1468650",84,2019,80.0,1.0,1.0,3.0,2146037,1.0,1,1,2,5.0,,0.0,0,1975.0,A01,138Â 303Â 325,1.0,-1.0,-1.0,1638779,2.0,1,,0.0,2.0,3.0,B01,138Â 303Â 324,5.0
960205,201900001736,8,17,14:15,1,1,1,1.0,3.0,84069,RD974,M,"44,1607480","5,1468650",84,2019,80.0,1.0,1.0,3.0,2146037,1.0,1,1,2,5.0,,0.0,0,1975.0,A01,138Â 303Â 325,1.0,-1.0,-1.0,1638780,1.0,7,,0.0,9.0,3.0,A01,138Â 303Â 325,1.0
960205,201900001736,8,17,14:15,1,1,1,1.0,3.0,84069,RD974,M,"44,1607480","5,1468650",84,2019,80.0,1.0,1.0,3.0,2146038,2.0,2,1,1,5.0,,0.0,0,2003.0,A01,138Â 303Â 325,1.0,-1.0,-1.0,1638779,2.0,1,,0.0,2.0,3.0,B01,138Â 303Â 324,5.0
960205,201900001736,8,17,14:15,1,1,1,1.0,3.0,84069,RD974,M,"44,1607480","5,1468650",84,2019,80.0,1.0,1.0,3.0,2146038,2.0,2,1,1,5.0,,0.0,0,2003.0,A01,138Â 303Â 325,1.0,-1.0,-1.0,1638780,1.0,7,,0.0,9.0,3.0,A01,138Â 303Â 325,1.0
960206,201900001737,7,25,12:50,1,1,6,1.0,3.0,84126,RD977,M,"44,2051860","5,0223070",84,2019,80.0,1.0,1.0,3.0,2146039,1.0,1,3,1,5.0,,0.0,0,1958.0,B01,138Â 303Â 322,2.0,-1.0,-1.0,1638781,2.0,1,,0.0,2.0,2.0,B01,138Â 303Â 322,0.0
960206,201900001737,7,25,12:50,1,1,6,1.0,3.0,84126,RD977,M,"44,2051860","5,0223070",84,2019,80.0,1.0,1.0,3.0,2146039,1.0,1,3,1,5.0,,0.0,0,1958.0,B01,138Â 303Â 322,2.0,-1.0,-1.0,1638782,1.0,7,,0.0,9.0,3.0,A01,138Â 303Â 323,0.0
960206,201900001737,7,25,12:50,1,1,6,1.0,3.0,84126,RD977,M,"44,2051860","5,0223070",84,2019,80.0,1.0,1.0,3.0,2146040,1.0,1,1,2,1.0,,0.0,0,1979.0,A01,138Â 303Â 323,1.0,-1.0,-1.0,1638781,2.0,1,,0.0,2.0,2.0,B01,138Â 303Â 322,0.0
960206,201900001737,7,25,12:50,1,1,6,1.0,3.0,84126,RD977,M,"44,2051860","5,0223070",84,2019,80.0,1.0,1.0,3.0,2146040,1.0,1,1,2,1.0,,0.0,0,1979.0,A01,138Â 303Â 323,1.0,-1.0,-1.0,1638782,1.0,7,,0.0,9.0,3.0,A01,138Â 303Â 323,0.0
960207,201900001738,8,16,11:45,1,1,2,1.0,3.0,31547,D12 - D50,M,"43,5040470","1,2483680",31,2019,70.0,1.0,1.0,3.0,2146041,1.0,1,1,2,5.0,,0.0,0,1960.0,A01,138Â 303Â 320,1.0,-1.0,-1.0,1638783,2.0,7,,0.0,9.0,7.0,A01,138Â 303Â 320,1.0
960207,201900001738,8,16,11:45,1,1,2,1.0,3.0,31547,D12 - D50,M,"43,5040470","1,2483680",31,2019,70.0,1.0,1.0,3.0,2146041,1.0,1,1,2,5.0,,0.0,0,1960.0,A01,138Â 303Â 320,1.0,-1.0,-1.0,1638784,1.0,1,,0.0,2.0,1.0,B01,138Â 303Â 321,5.0
960207,201900001738,8,16,11:45,1,1,2,1.0,3.0,31547,D12 - D50,M,"43,5040470","1,2483680",31,2019,70.0,1.0,1.0,3.0,2146042,1.0,1,4,1,5.0,,0.0,0,1960.0,B01,138Â 303Â 321,2.0,-1.0,-1.0,1638783,2.0,7,,0.0,9.0,7.0,A01,138Â 303Â 320,1.0
960207,201900001738,8,16,11:45,1,1,2,1.0,3.0,31547,D12 - D50,M,"43,5040470","1,2483680",31,2019,70.0,1.0,1.0,3.0,2146042,1.0,1,4,1,5.0,,0.0,0,1960.0,B01,138Â 303Â 321,2.0,-1.0,-1.0,1638784,1.0,1,,0.0,2.0,1.0,B01,138Â 303Â 321,5.0
960208,201900001739,8,16,13:45,1,1,1,1.0,6.0,76135,A150 pk 17+900,M,"49,5645474","0,9014261",76,2019,130.0,3.0,1.0,1.0,2146043,1.0,1,4,2,5.0,,0.0,0,1990.0,A01,138Â 303Â 319,1.0,-1.0,-1.0,1638785,2.0,7,,4.0,0.0,3.0,A01,138Â 303Â 319,1.0
960208,201900001739,8,16,13:45,1,1,1,1.0,6.0,76135,A150 pk 17+900,M,"49,5645474","0,9014261",76,2019,130.0,3.0,1.0,1.0,2146044,9.0,2,1,2,5.0,,0.0,0,2016.0,A01,138Â 303Â 319,3.0,-1.0,-1.0,1638785,2.0,7,,4.0,0.0,3.0,A01,138Â 303Â 319,1.0
960208,201900001739,8,16,13:45,1,1,1,1.0,6.0,76135,A150 pk 17+900,M,"49,5645474","0,9014261",76,2019,130.0,3.0,1.0,1.0,2146045,7.0,2,1,1,5.0,,0.0,0,2018.0,A01,138Â 303Â 319,3.0,-1.0,-1.0,1638785,2.0,7,,4.0,0.0,3.0,A01,138Â 303Â 319,1.0
960209,201900001740,8,14,15:55,1,1,1,1.0,7.0,68162,RD 1 Bis - Sigolsheim,M,"48,1373590","7,3227250",68,2019,80.0,3.0,1.0,3.0,2146046,1.0,1,3,1,5.0,,0.0,0,1932.0,A01,138Â 303Â 318,2.0,-1.0,-1.0,1638786,1.0,1,,16.0,0.0,8.0,A01,138Â 303Â 318,5.0
960210,201900001741,8,16,16:30,1,1,1,1.0,7.0,04148,RD 4085 Le Mousteiret,M,"43,7972230","6,6302870",4,2019,80.0,3.0,1.0,3.0,2146047,1.0,1,3,1,5.0,,0.0,0,2000.0,A01,138Â 303Â 317,2.0,6.0,-1.0,1638787,1.0,33,,16.0,0.0,0.0,A01,138Â 303Â 317,1.0
960211,201900001742,10,25,19:55,5,2,1,1.0,6.0,98805,R.T.1,M," -22,1981570","166,4787950",988,2019,50.0,3.0,1.0,2.0,2146048,1.0,1,2,1,5.0,,0.0,0,1969.0,A01,138Â 303Â 316,2.0,6.0,9.0,1638788,1.0,31,,13.0,0.0,1.0,A01,138Â 303Â 316,3.0
960212,201900001743,10,18,16:00,1,1,1,2.0,4.0,79048,,M,"46,3471000"," -0,2950000",79,2019,130.0,1.0,2.0,1.0,2146049,1.0,1,4,2,5.0,,0.0,0,1948.0,A01,138Â 303Â 311,1.0,-1.0,-1.0,1638789,1.0,7,,3.0,2.0,6.0,A01,138Â 303Â 311,1.0
960212,201900001743,10,18,16:00,1,1,1,2.0,4.0,79048,,M,"46,3471000"," -0,2950000",79,2019,130.0,1.0,2.0,1.0,2146049,1.0,1,4,2,5.0,,0.0,0,1948.0,A01,138Â 303Â 311,1.0,-1.0,-1.0,1638790,1.0,7,,0.0,2.0,1.0,B01,138Â 303Â 312,1.0
960212,201900001743,10,18,16:00,1,1,1,2.0,4.0,79048,,M,"46,3471000"," -0,2950000",79,2019,130.0,1.0,2.0,1.0,2146049,1.0,1,4,2,5.0,,0.0,0,1948.0,A01,138Â 303Â 311,1.0,-1.0,-1.0,1638791,1.0,7,,0.0,2.0,1.0,C01,138Â 303Â 313,1.0
960212,201900001743,10,18,16:00,1,1,1,2.0,4.0,79048,,M,"46,3471000"," -0,2950000",79,2019,130.0,1.0,2.0,1.0,2146050,7.0,2,4,2,5.0,,0.0,0,1962.0,B01,138Â 303Â 312,1.0,-1.0,-1.0,1638789,1.0,7,,3.0,2.0,6.0,A01,138Â 303Â 311,1.0
960212,201900001743,10,18,16:00,1,1,1,2.0,4.0,79048,,M,"46,3471000"," -0,2950000",79,2019,130.0,1.0,2.0,1.0,2146050,7.0,2,4,2,5.0,,0.0,0,1962.0,B01,138Â 303Â 312,1.0,-1.0,-1.0,1638790,1.0,7,,0.0,2.0,1.0,B01,138Â 303Â 312,1.0
960212,201900001743,10,18,16:00,1,1,1,2.0,4.0,79048,,M,"46,3471000"," -0,2950000",79,2019,130.0,1.0,2.0,1.0,2146050,7.0,2,4,2,5.0,,0.0,0,1962.0,B01,138Â 303Â 312,1.0,-1.0,-1.0,1638791,1.0,7,,0.0,2.0,1.0,C01,138Â 303Â 313,1.0
960212,201900001743,10,18,16:00,1,1,1,2.0,4.0,79048,,M,"46,3471000"," -0,2950000",79,2019,130.0,1.0,2.0,1.0,2146051,1.0,1,1,1,5.0,,0.0,0,1967.0,B01,138Â 303Â 312,1.0,-1.0,-1.0,1638789,1.0,7,,3.0,2.0,6.0,A01,138Â 303Â 311,1.0
960212,201900001743,10,18,16:00,1,1,1,2.0,4.0,79048,,M,"46,3471000"," -0,2950000",79,2019,130.0,1.0,2.0,1.0,2146051,1.0,1,1,1,5.0,,0.0,0,1967.0,B01,138Â 303Â 312,1.0,-1.0,-1.0,1638790,1.0,7,,0.0,2.0,1.0,B01,138Â 303Â 312,1.0
960212,201900001743,10,18,16:00,1,1,1,2.0,4.0,79048,,M,"46,3471000"," -0,2950000",79,2019,130.0,1.0,2.0,1.0,2146051,1.0,1,1,1,5.0,,0.0,0,1967.0,B01,138Â 303Â 312,1.0,-1.0,-1.0,1638791,1.0,7,,0.0,2.0,1.0,C01,138Â 303Â 313,1.0
960212,201900001743,10,18,16:00,1,1,1,2.0,4.0,79048,,M,"46,3471000"," -0,2950000",79,2019,130.0,1.0,2.0,1.0,2146052,2.0,2,3,2,5.0,,0.0,0,1936.0,B01,138Â 303Â 312,1.0,-1.0,-1.0,1638789,1.0,7,,3.0,2.0,6.0,A01,138Â 303Â 311,1.0