Unnamed: 0_x,num_acc,mois,jour,hrmn,lum,agg,int,atm,col,com,adr,gps,lat,long,dep,annee,vma,situ,surf,catr,Unnamed: 0_y,place,catu,grav,sexe,trajet,secu,locp,actp,an_nais,num_veh_x,id_vehicule_x,secu1,secu2,secu3,Unnamed: 0,senc,catv,occutc,obs,obsm,choc,num_veh_y,id_vehicule_y,motor
960212,201900001743,10,18,16:00,1,1,1,2.0,4.0,79048,,M,"46,3471000"," -0,2950000",79,2019,130.0,1.0,2.0,1.0,2146052,2.0,2,3,2,5.0,,0.0,0,1936.0,B01,138Â 303Â 312,1.0,-1.0,-1.0,1638790,1.0,7,,0.0,2.0,1.0,B01,138Â 303Â 312,1.0
960212,201900001743,10,18,16:00,1,1,1,2.0,4.0,79048,,M,"46,3471000"," -0,2950000",79,2019,130.0,1.0,2.0,1.0,2146052,2.0,2,3,2,5.0,,0.0,0,1936.0,B01,138Â 303Â 312,1.0,-1.0,-1.0,1638791,1.0,7,,0.0,2.0,1.0,C01,138Â 303Â 313,1.0
960212,201900001743,10,18,16:00,1,1,1,2.0,4.0,79048,,M,"46,3471000"," -0,2950000",79,2019,130.0,1.0,2.0,1.0,2146053,2.0,2,1,2,5.0,,0.0,0,1993.0,C01,138Â 303Â 313,1.0,-1.0,-1.0,1638789,1.0,7,,3.0,2.0,6.0,A01,138Â 303Â 311,1.0
960212,201900001743,10,18,16:00,1,1,1,2.0,4.0,79048,,M,"46,3471000"," -0,2950000",79,2019,130.0,1.0,2.0,1.0,2146053,2.0,2,1,2,5.0,,0.0,0,1993.0,C01,138Â 303Â 313,1.0,-1.0,-1.0,1638790,1.0,7,,0.0,2.0,1.0,B01,138Â 303Â 312,1.0
960212,201900001743,10,18,16:00,1,1,1,2.0,4.0,79048,,M,"46,3471000"," -0,2950000",79,2019,130.0,1.0,2.0,1.0,2146053,2.0,2,1,2,5.0,,0.0,0,1993.0,C01,138Â 303Â 313,1.0,-1.0,-1.0,1638791,1.0,7,,0.0,2.0,1.0,C01,138Â 303Â 313,1.0
960212,201900001743,10,18,16:00,1,1,1,2.0,4.0,79048,,M,"46,3471000"," -0,2950000",79,2019,130.0,1.0,2.0,1.0,2146054,1.0,1,1,1,5.0,,0.0,0,1997.0,C01,138Â 303Â 313,1.0,-1.0,-1.0,1638789,1.0,7,,3.0,2.0,6.0,A01,138Â 303Â 311,1.0
960212,201900001743,10,18,16:00,1,1,1,2.0,4.0,79048,,M,"46,3471000"," -0,2950000",79,2019,130.0,1.0,2.0,1.0,2146054,1.0,1,1,1,5.0,,0.0,0,1997.0,C01,138Â 303Â 313,1.0,-1.0,-1.0,1638790,1.0,7,,0.0,2.0,1.0,B01,138Â 303Â 312,1.0
960212,201900001743,10,18,16:00,1,1,1,2.0,4.0,79048,,M,"46,3471000"," -0,2950000",79,2019,130.0,1.0,2.0,1.0,2146054,1.0,1,1,1,5.0,,0.0,0,1997.0,C01,138Â 303Â 313,1.0,-1.0,-1.0,1638791,1.0,7,,0.0,2.0,1.0,C01,138Â 303Â 313,1.0
960212,201900001743,10,18,16:00,1,1,1,2.0,4.0,79048,,M,"46,3471000"," -0,2950000",79,2019,130.0,1.0,2.0,1.0,2146055,9.0,2,1,2,5.0,,0.0,0,1980.0,C01,138Â 303Â 313,1.0,-1.0,-1.0,1638789,1.0,7,,3.0,2.0,6.0,A01,138Â 303Â 311,1.0
960212,201900001743,10,18,16:00,1,1,1,2.0,4.0,79048,,M,"46,3471000"," -0,2950000",79,2019,130.0,1.0,2.0,1.0,2146055,9.0,2,1,2,5.0,,0.0,0,1980.0,C01,138Â 303Â 313,1.0,-1.0,-1.0,1638790,1.0,7,,0.0,2.0,1.0,B01,138Â 303Â 312,1.0
960212,201900001743,10,18,16:00,1,1,1,2.0,4.0,79048,,M,"46,3471000"," -0,2950000",79,2019,130.0,1.0,2.0,1.0,2146055,9.0,2,1,2,5.0,,0.0,0,1980.0,C01,138Â 303Â 313,1.0,-1.0,-1.0,1638791,1.0,7,,0.0,2.0,1.0,C01,138Â 303Â 313,1.0
960212,201900001743,10,18,16:00,1,1,1,2.0,4.0,79048,,M,"46,3471000"," -0,2950000",79,2019,130.0,1.0,2.0,1.0,2146056,7.0,2,1,2,5.0,,0.0,0,1991.0,C01,138Â 303Â 313,1.0,-1.0,-1.0,1638789,1.0,7,,3.0,2.0,6.0,A01,138Â 303Â 311,1.0
960212,201900001743,10,18,16:00,1,1,1,2.0,4.0,79048,,M,"46,3471000"," -0,2950000",79,2019,130.0,1.0,2.0,1.0,2146056,7.0,2,1,2,5.0,,0.0,0,1991.0,C01,138Â 303Â 313,1.0,-1.0,-1.0,1638790,1.0,7,,0.0,2.0,1.0,B01,138Â 303Â 312,1.0
960212,201900001743,10,18,16:00,1,1,1,2.0,4.0,79048,,M,"46,3471000"," -0,2950000",79,2019,130.0,1.0,2.0,1.0,2146056,7.0,2,1,2,5.0,,0.0,0,1991.0,C01,138Â 303Â 313,1.0,-1.0,-1.0,1638791,1.0,7,,0.0,2.0,1.0,C01,138Â 303Â 313,1.0
960213,201900001744,10,18,23:55,3,1,1,1.0,2.0,33260,A63,M,"44,5072600"," -0,8424500",33,2019,130.0,1.0,1.0,1.0,2146057,1.0,1,3,1,1.0,,0.0,0,1992.0,A01,138Â 303Â 310,1.0,-1.0,-1.0,1638792,1.0,0,,0.0,2.0,4.0,B01,138Â 303Â 309,-1.0
960213,201900001744,10,18,23:55,3,1,1,1.0,2.0,33260,A63,M,"44,5072600"," -0,8424500",33,2019,130.0,1.0,1.0,1.0,2146057,1.0,1,3,1,1.0,,0.0,0,1992.0,A01,138Â 303Â 310,1.0,-1.0,-1.0,1638793,1.0,7,,0.0,2.0,1.0,A01,138Â 303Â 310,1.0
960214,201900001745,10,25,08:00,1,1,1,1.0,3.0,06004,A8 chaussÃ©e nord,M,"43,6174960","7,1155140",6,2019,110.0,1.0,2.0,1.0,2146058,1.0,1,3,1,1.0,,0.0,0,1998.0,B01,138Â 303Â 307,2.0,6.0,-1.0,1638794,2.0,33,,0.0,2.0,7.0,B01,138Â 303Â 307,1.0
960214,201900001745,10,25,08:00,1,1,1,1.0,3.0,06004,A8 chaussÃ©e nord,M,"43,6174960","7,1155140",6,2019,110.0,1.0,2.0,1.0,2146058,1.0,1,3,1,1.0,,0.0,0,1998.0,B01,138Â 303Â 307,2.0,6.0,-1.0,1638795,2.0,10,,0.0,2.0,8.0,A01,138Â 303Â 308,1.0
960214,201900001745,10,25,08:00,1,1,1,1.0,3.0,06004,A8 chaussÃ©e nord,M,"43,6174960","7,1155140",6,2019,110.0,1.0,2.0,1.0,2146059,1.0,1,1,1,5.0,,0.0,0,1967.0,A01,138Â 303Â 308,1.0,-1.0,-1.0,1638794,2.0,33,,0.0,2.0,7.0,B01,138Â 303Â 307,1.0
960214,201900001745,10,25,08:00,1,1,1,1.0,3.0,06004,A8 chaussÃ©e nord,M,"43,6174960","7,1155140",6,2019,110.0,1.0,2.0,1.0,2146059,1.0,1,1,1,5.0,,0.0,0,1967.0,A01,138Â 303Â 308,1.0,-1.0,-1.0,1638795,2.0,10,,0.0,2.0,8.0,A01,138Â 303Â 308,1.0
960215,201900001746,10,24,18:20,2,1,1,1.0,2.0,34172,A709,M,"43,6048320","3,9298110",34,2019,90.0,1.0,1.0,1.0,2146060,1.0,1,1,2,5.0,,0.0,0,1946.0,B01,138Â 303Â 305,1.0,-1.0,-1.0,1638796,2.0,7,,0.0,2.0,4.0,B01,138Â 303Â 305,1.0
960215,201900001746,10,24,18:20,2,1,1,1.0,2.0,34172,A709,M,"43,6048320","3,9298110",34,2019,90.0,1.0,1.0,1.0,2146060,1.0,1,1,2,5.0,,0.0,0,1946.0,B01,138Â 303Â 305,1.0,-1.0,-1.0,1638797,2.0,34,,0.0,2.0,1.0,A01,138Â 303Â 306,1.0
960215,201900001746,10,24,18:20,2,1,1,1.0,2.0,34172,A709,M,"43,6048320","3,9298110",34,2019,90.0,1.0,1.0,1.0,2146061,1.0,1,4,1,4.0,,0.0,0,1965.0,A01,138Â 303Â 306,2.0,-1.0,-1.0,1638796,2.0,7,,0.0,2.0,4.0,B01,138Â 303Â 305,1.0
960215,201900001746,10,24,18:20,2,1,1,1.0,2.0,34172,A709,M,"43,6048320","3,9298110",34,2019,90.0,1.0,1.0,1.0,2146061,1.0,1,4,1,4.0,,0.0,0,1965.0,A01,138Â 303Â 306,2.0,-1.0,-1.0,1638797,2.0,34,,0.0,2.0,1.0,A01,138Â 303Â 306,1.0
960216,201900001747,10,24,19:30,5,2,1,1.0,6.0,13058,Avenue du GÃ©nÃ©ral de Gaulle,M,"43,7151770","4,8052110",13,2019,50.0,4.0,1.0,3.0,2146062,1.0,1,2,2,5.0,,0.0,0,1994.0,A01,138Â 303Â 304,2.0,6.0,-1.0,1638798,3.0,33,,8.0,0.0,0.0,A01,138Â 303Â 304,1.0
960217,201900001748,9,26,08:00,1,1,1,2.0,6.0,27469,D6015,M,"49,2853450","1,1576690",27,2019,80.0,1.0,2.0,3.0,2146063,1.0,1,1,2,4.0,,0.0,0,1971.0,A01,138Â 303Â 302,1.0,-1.0,-1.0,1638799,1.0,15,,0.0,2.0,6.0,A01,138Â 303Â 302,1.0
960217,201900001748,9,26,08:00,1,1,1,2.0,6.0,27469,D6015,M,"49,2853450","1,1576690",27,2019,80.0,1.0,2.0,3.0,2146063,1.0,1,1,2,4.0,,0.0,0,1971.0,A01,138Â 303Â 302,1.0,-1.0,-1.0,1638800,2.0,7,,0.0,2.0,3.0,B01,138Â 303Â 303,1.0
960217,201900001748,9,26,08:00,1,1,1,2.0,6.0,27469,D6015,M,"49,2853450","1,1576690",27,2019,80.0,1.0,2.0,3.0,2146064,1.0,1,3,2,1.0,,0.0,0,1988.0,B01,138Â 303Â 303,1.0,-1.0,-1.0,1638799,1.0,15,,0.0,2.0,6.0,A01,138Â 303Â 302,1.0
960217,201900001748,9,26,08:00,1,1,1,2.0,6.0,27469,D6015,M,"49,2853450","1,1576690",27,2019,80.0,1.0,2.0,3.0,2146064,1.0,1,3,2,1.0,,0.0,0,1988.0,B01,138Â 303Â 303,1.0,-1.0,-1.0,1638800,2.0,7,,0.0,2.0,3.0,B01,138Â 303Â 303,1.0
960218,201900001749,10,25,12:05,1,1,1,2.0,6.0,28092,A10,M,"48,3649240","1,8811130",28,2019,130.0,8.0,2.0,1.0,2146065,1.0,1,4,1,5.0,,0.0,0,1940.0,A01,138Â 303Â 301,1.0,-1.0,-1.0,1638801,2.0,7,,0.0,0.0,2.0,A01,138Â 303Â 301,1.0
960218,201900001749,10,25,12:05,1,1,1,2.0,6.0,28092,A10,M,"48,3649240","1,8811130",28,2019,130.0,8.0,2.0,1.0,2146066,2.0,2,3,2,5.0,,0.0,0,1940.0,A01,138Â 303Â 301,1.0,-1.0,-1.0,1638801,2.0,7,,0.0,0.0,2.0,A01,138Â 303Â 301,1.0
960219,201900001750,10,25,15:15,1,1,1,1.0,4.0,78349,A10,M,"48,5752510","2,0032930",78,2019,130.0,1.0,1.0,1.0,2146067,1.0,1,1,1,5.0,,0.0,0,1965.0,A01,138Â 303Â 297,1.0,-1.0,-1.0,1638802,1.0,7,,0.0,0.0,0.0,A01,138Â 303Â 297,1.0
960219,201900001750,10,25,15:15,1,1,1,1.0,4.0,78349,A10,M,"48,5752510","2,0032930",78,2019,130.0,1.0,1.0,1.0,2146067,1.0,1,1,1,5.0,,0.0,0,1965.0,A01,138Â 303Â 297,1.0,-1.0,-1.0,1638803,1.0,7,,14.0,0.0,4.0,B01,138Â 303Â 298,1.0
960219,201900001750,10,25,15:15,1,1,1,1.0,4.0,78349,A10,M,"48,5752510","2,0032930",78,2019,130.0,1.0,1.0,1.0,2146067,1.0,1,1,1,5.0,,0.0,0,1965.0,A01,138Â 303Â 297,1.0,-1.0,-1.0,1638804,1.0,7,,0.0,2.0,4.0,C01,138Â 303Â 299,1.0
960219,201900001750,10,25,15:15,1,1,1,1.0,4.0,78349,A10,M,"48,5752510","2,0032930",78,2019,130.0,1.0,1.0,1.0,2146067,1.0,1,1,1,5.0,,0.0,0,1965.0,A01,138Â 303Â 297,1.0,-1.0,-1.0,1638805,1.0,7,,0.0,2.0,1.0,D01,138Â 303Â 300,1.0
960219,201900001750,10,25,15:15,1,1,1,1.0,4.0,78349,A10,M,"48,5752510","2,0032930",78,2019,130.0,1.0,1.0,1.0,2146068,2.0,2,4,2,5.0,,0.0,0,1989.0,B01,138Â 303Â 298,1.0,-1.0,-1.0,1638802,1.0,7,,0.0,0.0,0.0,A01,138Â 303Â 297,1.0
960219,201900001750,10,25,15:15,1,1,1,1.0,4.0,78349,A10,M,"48,5752510","2,0032930",78,2019,130.0,1.0,1.0,1.0,2146068,2.0,2,4,2,5.0,,0.0,0,1989.0,B01,138Â 303Â 298,1.0,-1.0,-1.0,1638803,1.0,7,,14.0,0.0,4.0,B01,138Â 303Â 298,1.0
960219,201900001750,10,25,15:15,1,1,1,1.0,4.0,78349,A10,M,"48,5752510","2,0032930",78,2019,130.0,1.0,1.0,1.0,2146068,2.0,2,4,2,5.0,,0.0,0,1989.0,B01,138Â 303Â 298,1.0,-1.0,-1.0,1638804,1.0,7,,0.0,2.0,4.0,C01,138Â 303Â 299,1.0
960219,201900001750,10,25,15:15,1,1,1,1.0,4.0,78349,A10,M,"48,5752510","2,0032930",78,2019,130.0,1.0,1.0,1.0,2146068,2.0,2,4,2,5.0,,0.0,0,1989.0,B01,138Â 303Â 298,1.0,-1.0,-1.0,1638805,1.0,7,,0.0,2.0,1.0,D01,138Â 303Â 300,1.0
960219,201900001750,10,25,15:15,1,1,1,1.0,4.0,78349,A10,M,"48,5752510","2,0032930",78,2019,130.0,1.0,1.0,1.0,2146069,1.0,1,1,1,5.0,,0.0,0,1959.0,B01,138Â 303Â 298,1.0,-1.0,-1.0,1638802,1.0,7,,0.0,0.0,0.0,A01,138Â 303Â 297,1.0
960219,201900001750,10,25,15:15,1,1,1,1.0,4.0,78349,A10,M,"48,5752510","2,0032930",78,2019,130.0,1.0,1.0,1.0,2146069,1.0,1,1,1,5.0,,0.0,0,1959.0,B01,138Â 303Â 298,1.0,-1.0,-1.0,1638803,1.0,7,,14.0,0.0,4.0,B01,138Â 303Â 298,1.0
960219,201900001750,10,25,15:15,1,1,1,1.0,4.0,78349,A10,M,"48,5752510","2,0032930",78,2019,130.0,1.0,1.0,1.0,2146069,1.0,1,1,1,5.0,,0.0,0,1959.0,B01,138Â 303Â 298,1.0,-1.0,-1.0,1638804,1.0,7,,0.0,2.0,4.0,C01,138Â 303Â 299,1.0
960219,201900001750,10,25,15:15,1,1,1,1.0,4.0,78349,A10,M,"48,5752510","2,0032930",78,2019,130.0,1.0,1.0,1.0,2146069,1.0,1,1,1,5.0,,0.0,0,1959.0,B01,138Â 303Â 298,1.0,-1.0,-1.0,1638805,1.0,7,,0.0,2.0,1.0,D01,138Â 303Â 300,1.0
960219,201900001750,10,25,15:15,1,1,1,1.0,4.0,78349,A10,M,"48,5752510","2,0032930",78,2019,130.0,1.0,1.0,1.0,2146070,1.0,1,1,1,5.0,,0.0,0,1975.0,C01,138Â 303Â 299,1.0,-1.0,-1.0,1638802,1.0,7,,0.0,0.0,0.0,A01,138Â 303Â 297,1.0
960219,201900001750,10,25,15:15,1,1,1,1.0,4.0,78349,A10,M,"48,5752510","2,0032930",78,2019,130.0,1.0,1.0,1.0,2146070,1.0,1,1,1,5.0,,0.0,0,1975.0,C01,138Â 303Â 299,1.0,-1.0,-1.0,1638803,1.0,7,,14.0,0.0,4.0,B01,138Â 303Â 298,1.0
960219,201900001750,10,25,15:15,1,1,1,1.0,4.0,78349,A10,M,"48,5752510","2,0032930",78,2019,130.0,1.0,1.0,1.0,2146070,1.0,1,1,1,5.0,,0.0,0,1975.0,C01,138Â 303Â 299,1.0,-1.0,-1.0,1638804,1.0,7,,0.0,2.0,4.0,C01,138Â 303Â 299,1.0
960219,201900001750,10,25,15:15,1,1,1,1.0,4.0,78349,A10,M,"48,5752510","2,0032930",78,2019,130.0,1.0,1.0,1.0,2146070,1.0,1,1,1,5.0,,0.0,0,1975.0,C01,138Â 303Â 299,1.0,-1.0,-1.0,1638805,1.0,7,,0.0,2.0,1.0,D01,138Â 303Â 300,1.0
960219,201900001750,10,25,15:15,1,1,1,1.0,4.0,78349,A10,M,"48,5752510","2,0032930",78,2019,130.0,1.0,1.0,1.0,2146071,2.0,2,4,2,5.0,,0.0,0,1976.0,C01,138Â 303Â 299,1.0,-1.0,-1.0,1638802,1.0,7,,0.0,0.0,0.0,A01,138Â 303Â 297,1.0
960219,201900001750,10,25,15:15,1,1,1,1.0,4.0,78349,A10,M,"48,5752510","2,0032930",78,2019,130.0,1.0,1.0,1.0,2146071,2.0,2,4,2,5.0,,0.0,0,1976.0,C01,138Â 303Â 299,1.0,-1.0,-1.0,1638803,1.0,7,,14.0,0.0,4.0,B01,138Â 303Â 298,1.0
960219,201900001750,10,25,15:15,1,1,1,1.0,4.0,78349,A10,M,"48,5752510","2,0032930",78,2019,130.0,1.0,1.0,1.0,2146071,2.0,2,4,2,5.0,,0.0,0,1976.0,C01,138Â 303Â 299,1.0,-1.0,-1.0,1638804,1.0,7,,0.0,2.0,4.0,C01,138Â 303Â 299,1.0
960219,201900001750,10,25,15:15,1,1,1,1.0,4.0,78349,A10,M,"48,5752510","2,0032930",78,2019,130.0,1.0,1.0,1.0,2146071,2.0,2,4,2,5.0,,0.0,0,1976.0,C01,138Â 303Â 299,1.0,-1.0,-1.0,1638805,1.0,7,,0.0,2.0,1.0,D01,138Â 303Â 300,1.0
960219,201900001750,10,25,15:15,1,1,1,1.0,4.0,78349,A10,M,"48,5752510","2,0032930",78,2019,130.0,1.0,1.0,1.0,2146072,9.0,2,1,1,5.0,,0.0,0,2010.0,C01,138Â 303Â 299,1.0,-1.0,-1.0,1638802,1.0,7,,0.0,0.0,0.0,A01,138Â 303Â 297,1.0
960219,201900001750,10,25,15:15,1,1,1,1.0,4.0,78349,A10,M,"48,5752510","2,0032930",78,2019,130.0,1.0,1.0,1.0,2146072,9.0,2,1,1,5.0,,0.0,0,2010.0,C01,138Â 303Â 299,1.0,-1.0,-1.0,1638803,1.0,7,,14.0,0.0,4.0,B01,138Â 303Â 298,1.0
960219,201900001750,10,25,15:15,1,1,1,1.0,4.0,78349,A10,M,"48,5752510","2,0032930",78,2019,130.0,1.0,1.0,1.0,2146072,9.0,2,1,1,5.0,,0.0,0,2010.0,C01,138Â 303Â 299,1.0,-1.0,-1.0,1638804,1.0,7,,0.0,2.0,4.0,C01,138Â 303Â 299,1.0
960219,201900001750,10,25,15:15,1,1,1,1.0,4.0,78349,A10,M,"48,5752510","2,0032930",78,2019,130.0,1.0,1.0,1.0,2146072,9.0,2,1,1,5.0,,0.0,0,2010.0,C01,138Â 303Â 299,1.0,-1.0,-1.0,1638805,1.0,7,,0.0,2.0,1.0,D01,138Â 303Â 300,1.0
960219,201900001750,10,25,15:15,1,1,1,1.0,4.0,78349,A10,M,"48,5752510","2,0032930",78,2019,130.0,1.0,1.0,1.0,2146073,7.0,2,1,1,5.0,,0.0,0,2007.0,C01,138Â 303Â 299,1.0,-1.0,-1.0,1638802,1.0,7,,0.0,0.0,0.0,A01,138Â 303Â 297,1.0
960219,201900001750,10,25,15:15,1,1,1,1.0,4.0,78349,A10,M,"48,5752510","2,0032930",78,2019,130.0,1.0,1.0,1.0,2146073,7.0,2,1,1,5.0,,0.0,0,2007.0,C01,138Â 303Â 299,1.0,-1.0,-1.0,1638803,1.0,7,,14.0,0.0,4.0,B01,138Â 303Â 298,1.0
960219,201900001750,10,25,15:15,1,1,1,1.0,4.0,78349,A10,M,"48,5752510","2,0032930",78,2019,130.0,1.0,1.0,1.0,2146073,7.0,2,1,1,5.0,,0.0,0,2007.0,C01,138Â 303Â 299,1.0,-1.0,-1.0,1638804,1.0,7,,0.0,2.0,4.0,C01,138Â 303Â 299,1.0
960219,201900001750,10,25,15:15,1,1,1,1.0,4.0,78349,A10,M,"48,5752510","2,0032930",78,2019,130.0,1.0,1.0,1.0,2146073,7.0,2,1,1,5.0,,0.0,0,2007.0,C01,138Â 303Â 299,1.0,-1.0,-1.0,1638805,1.0,7,,0.0,2.0,1.0,D01,138Â 303Â 300,1.0
960219,201900001750,10,25,15:15,1,1,1,1.0,4.0,78349,A10,M,"48,5752510","2,0032930",78,2019,130.0,1.0,1.0,1.0,2146074,1.0,1,4,1,5.0,,0.0,0,1996.0,D01,138Â 303Â 300,1.0,-1.0,-1.0,1638802,1.0,7,,0.0,0.0,0.0,A01,138Â 303Â 297,1.0
960219,201900001750,10,25,15:15,1,1,1,1.0,4.0,78349,A10,M,"48,5752510","2,0032930",78,2019,130.0,1.0,1.0,1.0,2146074,1.0,1,4,1,5.0,,0.0,0,1996.0,D01,138Â 303Â 300,1.0,-1.0,-1.0,1638803,1.0,7,,14.0,0.0,4.0,B01,138Â 303Â 298,1.0
960219,201900001750,10,25,15:15,1,1,1,1.0,4.0,78349,A10,M,"48,5752510","2,0032930",78,2019,130.0,1.0,1.0,1.0,2146074,1.0,1,4,1,5.0,,0.0,0,1996.0,D01,138Â 303Â 300,1.0,-1.0,-1.0,1638804,1.0,7,,0.0,2.0,4.0,C01,138Â 303Â 299,1.0
960219,201900001750,10,25,15:15,1,1,1,1.0,4.0,78349,A10,M,"48,5752510","2,0032930",78,2019,130.0,1.0,1.0,1.0,2146074,1.0,1,4,1,5.0,,0.0,0,1996.0,D01,138Â 303Â 300,1.0,-1.0,-1.0,1638805,1.0,7,,0.0,2.0,1.0,D01,138Â 303Â 300,1.0
960219,201900001750,10,25,15:15,1,1,1,1.0,4.0,78349,A10,M,"48,5752510","2,0032930",78,2019,130.0,1.0,1.0,1.0,2146075,2.0,2,4,1,5.0,,0.0,0,1996.0,D01,138Â 303Â 300,1.0,-1.0,-1.0,1638802,1.0,7,,0.0,0.0,0.0,A01,138Â 303Â 297,1.0
960219,201900001750,10,25,15:15,1,1,1,1.0,4.0,78349,A10,M,"48,5752510","2,0032930",78,2019,130.0,1.0,1.0,1.0,2146075,2.0,2,4,1,5.0,,0.0,0,1996.0,D01,138Â 303Â 300,1.0,-1.0,-1.0,1638803,1.0,7,,14.0,0.0,4.0,B01,138Â 303Â 298,1.0
960219,201900001750,10,25,15:15,1,1,1,1.0,4.0,78349,A10,M,"48,5752510","2,0032930",78,2019,130.0,1.0,1.0,1.0,2146075,2.0,2,4,1,5.0,,0.0,0,1996.0,D01,138Â 303Â 300,1.0,-1.0,-1.0,1638804,1.0,7,,0.0,2.0,4.0,C01,138Â 303Â 299,1.0
960219,201900001750,10,25,15:15,1,1,1,1.0,4.0,78349,A10,M,"48,5752510","2,0032930",78,2019,130.0,1.0,1.0,1.0,2146075,2.0,2,4,1,5.0,,0.0,0,1996.0,D01,138Â 303Â 300,1.0,-1.0,-1.0,1638805,1.0,7,,0.0,2.0,1.0,D01,138Â 303Â 300,1.0
960219,201900001750,10,25,15:15,1,1,1,1.0,4.0,78349,A10,M,"48,5752510","2,0032930",78,2019,130.0,1.0,1.0,1.0,2146076,7.0,2,4,1,5.0,,0.0,0,1999.0,D01,138Â 303Â 300,1.0,-1.0,-1.0,1638802,1.0,7,,0.0,0.0,0.0,A01,138Â 303Â 297,1.0
960219,201900001750,10,25,15:15,1,1,1,1.0,4.0,78349,A10,M,"48,5752510","2,0032930",78,2019,130.0,1.0,1.0,1.0,2146076,7.0,2,4,1,5.0,,0.0,0,1999.0,D01,138Â 303Â 300,1.0,-1.0,-1.0,1638803,1.0,7,,14.0,0.0,4.0,B01,138Â 303Â 298,1.0
960219,201900001750,10,25,15:15,1,1,1,1.0,4.0,78349,A10,M,"48,5752510","2,0032930",78,2019,130.0,1.0,1.0,1.0,2146076,7.0,2,4,1,5.0,,0.0,0,1999.0,D01,138Â 303Â 300,1.0,-1.0,-1.0,1638804,1.0,7,,0.0,2.0,4.0,C01,138Â 303Â 299,1.0
960219,201900001750,10,25,15:15,1,1,1,1.0,4.0,78349,A10,M,"48,5752510","2,0032930",78,2019,130.0,1.0,1.0,1.0,2146076,7.0,2,4,1,5.0,,0.0,0,1999.0,D01,138Â 303Â 300,1.0,-1.0,-1.0,1638805,1.0,7,,0.0,2.0,1.0,D01,138Â 303Â 300,1.0
960219,201900001750,10,25,15:15,1,1,1,1.0,4.0,78349,A10,M,"48,5752510","2,0032930",78,2019,130.0,1.0,1.0,1.0,2146077,9.0,2,3,1,5.0,,0.0,0,2000.0,D01,138Â 303Â 300,1.0,-1.0,-1.0,1638802,1.0,7,,0.0,0.0,0.0,A01,138Â 303Â 297,1.0
960219,201900001750,10,25,15:15,1,1,1,1.0,4.0,78349,A10,M,"48,5752510","2,0032930",78,2019,130.0,1.0,1.0,1.0,2146077,9.0,2,3,1,5.0,,0.0,0,2000.0,D01,138Â 303Â 300,1.0,-1.0,-1.0,1638803,1.0,7,,14.0,0.0,4.0,B01,138Â 303Â 298,1.0
960219,201900001750,10,25,15:15,1,1,1,1.0,4.0,78349,A10,M,"48,5752510","2,0032930",78,2019,130.0,1.0,1.0,1.0,2146077,9.0,2,3,1,5.0,,0.0,0,2000.0,D01,138Â 303Â 300,1.0,-1.0,-1.0,1638804,1.0,7,,0.0,2.0,4.0,C01,138Â 303Â 299,1.0
960219,201900001750,10,25,15:15,1,1,1,1.0,4.0,78349,A10,M,"48,5752510","2,0032930",78,2019,130.0,1.0,1.0,1.0,2146077,9.0,2,3,1,5.0,,0.0,0,2000.0,D01,138Â 303Â 300,1.0,-1.0,-1.0,1638805,1.0,7,,0.0,2.0,1.0,D01,138Â 303Â 300,1.0
960220,201900001751,6,15,16:00,1,1,1,1.0,6.0,98742,.,M," -18,5206910"," -136,3477270",987,2019,50.0,3.0,1.0,4.0,2146078,1.0,1,2,1,5.0,,0.0,0,1982.0,A01,138Â 303Â 296,0.0,-1.0,-1.0,1638806,0.0,32,,2.0,0.0,1.0,A01,138Â 303Â 296,1.0
960221,201900001752,7,28,17:00,1,2,1,1.0,7.0,98731,Taipivai - VallÃ©e de Hooumi,M," -8,8746693"," -140,0612104",987,2019,-1.0,3.0,1.0,2.0,2146079,7.0,2,3,2,5.0,,0.0,0,2016.0,A01,138Â 303Â 295,0.0,-1.0,-1.0,1638807,3.0,7,,13.0,0.0,3.0,A01,138Â 303Â 295,1.0
960221,201900001752,7,28,17:00,1,2,1,1.0,7.0,98731,Taipivai - VallÃ©e de Hooumi,M," -8,8746693"," -140,0612104",987,2019,-1.0,3.0,1.0,2.0,2146080,6.0,2,3,1,5.0,,0.0,0,2017.0,A01,138Â 303Â 295,0.0,-1.0,-1.0,1638807,3.0,7,,13.0,0.0,3.0,A01,138Â 303Â 295,1.0
960221,201900001752,7,28,17:00,1,2,1,1.0,7.0,98731,Taipivai - VallÃ©e de Hooumi,M," -8,8746693"," -140,0612104",987,2019,-1.0,3.0,1.0,2.0,2146081,1.0,1,1,1,5.0,,0.0,0,1990.0,A01,138Â 303Â 295,1.0,-1.0,-1.0,1638807,3.0,7,,13.0,0.0,3.0,A01,138Â 303Â 295,1.0
960221,201900001752,7,28,17:00,1,2,1,1.0,7.0,98731,Taipivai - VallÃ©e de Hooumi,M," -8,8746693"," -140,0612104",987,2019,-1.0,3.0,1.0,2.0,2146082,8.0,2,4,1,5.0,,0.0,0,2005.0,A01,138Â 303Â 295,0.0,-1.0,-1.0,1638807,3.0,7,,13.0,0.0,3.0,A01,138Â 303Â 295,1.0