Unnamed: 0_x,num_acc,mois,jour,hrmn,lum,agg,int,atm,col,com,adr,gps,lat,long,dep,annee,vma,situ,surf,catr,Unnamed: 0_y,place,catu,grav,sexe,trajet,secu,locp,actp,an_nais,num_veh_x,id_vehicule_x,secu1,secu2,secu3,Unnamed: 0,senc,catv,occutc,obs,obsm,choc,num_veh_y,id_vehicule_y,motor
960221,201900001752,7,28,17:00,1,2,1,1.0,7.0,98731,Taipivai - VallÃ©e de Hooumi,M," -8,8746693"," -140,0612104",987,2019,-1.0,3.0,1.0,2.0,2146083,2.0,2,3,2,5.0,,0.0,0,1992.0,A01,138Â 303Â 295,1.0,-1.0,-1.0,1638807,3.0,7,,13.0,0.0,3.0,A01,138Â 303Â 295,1.0
960222,201900001753,10,24,10:50,1,2,1,1.0,6.0,97228,Route Departementale 25 Bon Air,M,"14,7478300"," -61,0037140",972,2019,50.0,1.0,2.0,3.0,2146084,10.0,3,2,2,0.0,,3.0,1,1940.0,A01,138Â 303Â 294,0.0,-1.0,-1.0,1638808,2.0,7,,0.0,1.0,2.0,A01,138Â 303Â 294,1.0
960222,201900001753,10,24,10:50,1,2,1,1.0,6.0,97228,Route Departementale 25 Bon Air,M,"14,7478300"," -61,0037140",972,2019,50.0,1.0,2.0,3.0,2146085,1.0,1,1,1,0.0,,0.0,0,2000.0,A01,138Â 303Â 294,1.0,-1.0,-1.0,1638808,2.0,7,,0.0,1.0,2.0,A01,138Â 303Â 294,1.0
960223,201900001754,10,24,17:45,1,2,1,1.0,3.0,57433,Rue de MARANGE,M,"49,2083540","6,1542470",57,2019,50.0,1.0,1.0,3.0,2146086,1.0,1,4,2,5.0,,0.0,0,2007.0,B01,138Â 303Â 292,0.0,-1.0,-1.0,1638809,3.0,1,,0.0,2.0,1.0,B01,138Â 303Â 292,5.0
960223,201900001754,10,24,17:45,1,2,1,1.0,3.0,57433,Rue de MARANGE,M,"49,2083540","6,1542470",57,2019,50.0,1.0,1.0,3.0,2146086,1.0,1,4,2,5.0,,0.0,0,2007.0,B01,138Â 303Â 292,0.0,-1.0,-1.0,1638810,0.0,7,,0.0,9.0,2.0,A01,138Â 303Â 293,0.0
960223,201900001754,10,24,17:45,1,2,1,1.0,3.0,57433,Rue de MARANGE,M,"49,2083540","6,1542470",57,2019,50.0,1.0,1.0,3.0,2146087,1.0,1,1,1,1.0,,0.0,0,1960.0,A01,138Â 303Â 293,1.0,-1.0,-1.0,1638809,3.0,1,,0.0,2.0,1.0,B01,138Â 303Â 292,5.0
960223,201900001754,10,24,17:45,1,2,1,1.0,3.0,57433,Rue de MARANGE,M,"49,2083540","6,1542470",57,2019,50.0,1.0,1.0,3.0,2146087,1.0,1,1,1,1.0,,0.0,0,1960.0,A01,138Â 303Â 293,1.0,-1.0,-1.0,1638810,0.0,7,,0.0,9.0,2.0,A01,138Â 303Â 293,0.0
960224,201900001755,10,24,18:50,3,1,1,1.0,7.0,73097,D11,M,"45,5631958","6,0192204",73,2019,80.0,1.0,1.0,3.0,2146088,1.0,1,3,1,5.0,,0.0,0,1982.0,A01,138Â 303Â 291,2.0,6.0,-1.0,1638811,0.0,31,,0.0,0.0,0.0,A01,138Â 303Â 291,1.0
960225,201900001756,10,18,13:23,1,2,6,1.0,6.0,73213,D5 Rue des Belledonnes,M,"45,5516210","5,9693155",73,2019,50.0,1.0,1.0,3.0,2146089,1.0,1,4,1,9.0,,0.0,0,2003.0,A01,138Â 303Â 290,6.0,-1.0,-1.0,1638812,0.0,2,,0.0,1.0,1.0,A01,138Â 303Â 290,1.0
960225,201900001756,10,18,13:23,1,2,6,1.0,6.0,73213,D5 Rue des Belledonnes,M,"45,5516210","5,9693155",73,2019,50.0,1.0,1.0,3.0,2146090,10.0,3,3,2,0.0,,3.0,3,2000.0,A01,138Â 303Â 290,0.0,-1.0,-1.0,1638812,0.0,2,,0.0,1.0,1.0,A01,138Â 303Â 290,1.0
960226,201900001757,10,24,16:50,1,2,3,1.0,2.0,01049,D1084,M,"45,8458800","5,0388210",1,2019,50.0,1.0,1.0,3.0,2146091,1.0,1,4,1,2.0,,0.0,0,2004.0,B01,138Â 303Â 288,2.0,6.0,-1.0,1638813,2.0,2,,0.0,2.0,1.0,B01,138Â 303Â 288,1.0
960226,201900001757,10,24,16:50,1,2,3,1.0,2.0,01049,D1084,M,"45,8458800","5,0388210",1,2019,50.0,1.0,1.0,3.0,2146091,1.0,1,4,1,2.0,,0.0,0,2004.0,B01,138Â 303Â 288,2.0,6.0,-1.0,1638814,2.0,2,,0.0,0.0,4.0,A01,138Â 303Â 289,1.0
960226,201900001757,10,24,16:50,1,2,3,1.0,2.0,01049,D1084,M,"45,8458800","5,0388210",1,2019,50.0,1.0,1.0,3.0,2146092,1.0,1,4,1,2.0,,0.0,0,2004.0,A01,138Â 303Â 289,2.0,6.0,-1.0,1638813,2.0,2,,0.0,2.0,1.0,B01,138Â 303Â 288,1.0
960226,201900001757,10,24,16:50,1,2,3,1.0,2.0,01049,D1084,M,"45,8458800","5,0388210",1,2019,50.0,1.0,1.0,3.0,2146092,1.0,1,4,1,2.0,,0.0,0,2004.0,A01,138Â 303Â 289,2.0,6.0,-1.0,1638814,2.0,2,,0.0,0.0,4.0,A01,138Â 303Â 289,1.0
960227,201900001758,10,24,07:40,2,2,6,2.0,6.0,01376,Avenue Maurice-Cusin (Pont),M,"45,8261530","4,9814000",1,2019,50.0,1.0,2.0,4.0,2146093,1.0,1,1,1,2.0,,0.0,0,1988.0,A01,138Â 303Â 287,1.0,-1.0,-1.0,1638815,0.0,7,,0.0,1.0,2.0,A01,138Â 303Â 287,0.0
960227,201900001758,10,24,07:40,2,2,6,2.0,6.0,01376,Avenue Maurice-Cusin (Pont),M,"45,8261530","4,9814000",1,2019,50.0,1.0,2.0,4.0,2146094,10.0,3,4,2,1.0,,3.0,3,1970.0,A01,138Â 303Â 287,0.0,-1.0,-1.0,1638815,0.0,7,,0.0,1.0,2.0,A01,138Â 303Â 287,0.0
960228,201900001759,10,23,19:10,5,2,1,2.0,6.0,69040,67 Avenue de Lanessan,M,"45,7954400","4,7921100",69,2019,50.0,1.0,2.0,3.0,2146095,1.0,1,1,2,0.0,,0.0,0,1996.0,A01,138Â 303Â 286,1.0,-1.0,-1.0,1638816,3.0,7,,0.0,1.0,1.0,A01,138Â 303Â 286,1.0
960228,201900001759,10,23,19:10,5,2,1,2.0,6.0,69040,67 Avenue de Lanessan,M,"45,7954400","4,7921100",69,2019,50.0,1.0,2.0,3.0,2146096,10.0,3,4,2,5.0,,3.0,3,1990.0,A01,138Â 303Â 286,0.0,-1.0,-1.0,1638816,3.0,7,,0.0,1.0,1.0,A01,138Â 303Â 286,1.0
960229,201900001760,10,25,17:00,1,2,3,1.0,3.0,31381,rd 813,M,"43,4634580","1,5684950",31,2019,70.0,1.0,1.0,3.0,2146097,1.0,1,1,1,5.0,,0.0,0,1978.0,A01,138Â 303Â 284,1.0,-1.0,-1.0,1638817,2.0,7,,0.0,2.0,3.0,A01,138Â 303Â 284,1.0
960229,201900001760,10,25,17:00,1,2,3,1.0,3.0,31381,rd 813,M,"43,4634580","1,5684950",31,2019,70.0,1.0,1.0,3.0,2146097,1.0,1,1,1,5.0,,0.0,0,1978.0,A01,138Â 303Â 284,1.0,-1.0,-1.0,1638818,1.0,33,,0.0,2.0,8.0,B01,138Â 303Â 285,1.0
960229,201900001760,10,25,17:00,1,2,3,1.0,3.0,31381,rd 813,M,"43,4634580","1,5684950",31,2019,70.0,1.0,1.0,3.0,2146098,1.0,1,3,1,5.0,,0.0,0,1968.0,B01,138Â 303Â 285,2.0,-1.0,-1.0,1638817,2.0,7,,0.0,2.0,3.0,A01,138Â 303Â 284,1.0
960229,201900001760,10,25,17:00,1,2,3,1.0,3.0,31381,rd 813,M,"43,4634580","1,5684950",31,2019,70.0,1.0,1.0,3.0,2146098,1.0,1,3,1,5.0,,0.0,0,1968.0,B01,138Â 303Â 285,2.0,-1.0,-1.0,1638818,1.0,33,,0.0,2.0,8.0,B01,138Â 303Â 285,1.0
960230,201900001761,10,25,19:30,2,1,9,1.0,3.0,17038,RD 145,M,"45,2004850"," -0,3398900",17,2019,80.0,1.0,1.0,3.0,2146099,1.0,1,2,1,5.0,,0.0,0,1990.0,A01,138Â 303Â 282,2.0,6.0,9.0,1638819,2.0,33,,0.0,2.0,1.0,A01,138Â 303Â 282,1.0
960230,201900001761,10,25,19:30,2,1,9,1.0,3.0,17038,RD 145,M,"45,2004850"," -0,3398900",17,2019,80.0,1.0,1.0,3.0,2146099,1.0,1,2,1,5.0,,0.0,0,1990.0,A01,138Â 303Â 282,2.0,6.0,9.0,1638820,1.0,7,,0.0,2.0,2.0,B01,138Â 303Â 283,1.0
960230,201900001761,10,25,19:30,2,1,9,1.0,3.0,17038,RD 145,M,"45,2004850"," -0,3398900",17,2019,80.0,1.0,1.0,3.0,2146100,1.0,1,1,1,1.0,,0.0,0,1964.0,B01,138Â 303Â 283,1.0,-1.0,-1.0,1638819,2.0,33,,0.0,2.0,1.0,A01,138Â 303Â 282,1.0
960230,201900001761,10,25,19:30,2,1,9,1.0,3.0,17038,RD 145,M,"45,2004850"," -0,3398900",17,2019,80.0,1.0,1.0,3.0,2146100,1.0,1,1,1,1.0,,0.0,0,1964.0,B01,138Â 303Â 283,1.0,-1.0,-1.0,1638820,1.0,7,,0.0,2.0,2.0,B01,138Â 303Â 283,1.0
960231,201900001762,10,24,02:00,5,2,9,1.0,6.0,47157,Boulevard Richard Coeur de Lion,M,"44,4991810","0,1575210",47,2019,50.0,8.0,1.0,4.0,2146101,1.0,1,3,1,5.0,,0.0,0,1999.0,A01,138Â 303Â 281,1.0,-1.0,-1.0,1638821,1.0,7,,10.0,0.0,1.0,A01,138Â 303Â 281,1.0
960231,201900001762,10,24,02:00,5,2,9,1.0,6.0,47157,Boulevard Richard Coeur de Lion,M,"44,4991810","0,1575210",47,2019,50.0,8.0,1.0,4.0,2146102,2.0,2,1,1,5.0,,0.0,0,1998.0,A01,138Â 303Â 281,1.0,-1.0,-1.0,1638821,1.0,7,,10.0,0.0,1.0,A01,138Â 303Â 281,1.0
960232,201900001763,10,24,17:30,1,1,1,3.0,3.0,33164,D8,M,"44,5395300"," -0,2876190",33,2019,70.0,1.0,2.0,3.0,2146103,1.0,1,2,1,1.0,,0.0,0,1991.0,A01,138Â 303Â 279,1.0,-1.0,-1.0,1638822,2.0,7,,0.0,2.0,7.0,A01,138Â 303Â 279,0.0
960232,201900001763,10,24,17:30,1,1,1,3.0,3.0,33164,D8,M,"44,5395300"," -0,2876190",33,2019,70.0,1.0,2.0,3.0,2146103,1.0,1,2,1,1.0,,0.0,0,1991.0,A01,138Â 303Â 279,1.0,-1.0,-1.0,1638823,1.0,7,,0.0,2.0,1.0,B01,138Â 303Â 280,1.0
960232,201900001763,10,24,17:30,1,1,1,3.0,3.0,33164,D8,M,"44,5395300"," -0,2876190",33,2019,70.0,1.0,2.0,3.0,2146104,2.0,2,4,1,0.0,,0.0,0,1989.0,B01,138Â 303Â 280,1.0,-1.0,-1.0,1638822,2.0,7,,0.0,2.0,7.0,A01,138Â 303Â 279,0.0
960232,201900001763,10,24,17:30,1,1,1,3.0,3.0,33164,D8,M,"44,5395300"," -0,2876190",33,2019,70.0,1.0,2.0,3.0,2146104,2.0,2,4,1,0.0,,0.0,0,1989.0,B01,138Â 303Â 280,1.0,-1.0,-1.0,1638823,1.0,7,,0.0,2.0,1.0,B01,138Â 303Â 280,1.0
960232,201900001763,10,24,17:30,1,1,1,3.0,3.0,33164,D8,M,"44,5395300"," -0,2876190",33,2019,70.0,1.0,2.0,3.0,2146105,1.0,1,4,1,0.0,,0.0,0,1949.0,B01,138Â 303Â 280,1.0,-1.0,-1.0,1638822,2.0,7,,0.0,2.0,7.0,A01,138Â 303Â 279,0.0
960232,201900001763,10,24,17:30,1,1,1,3.0,3.0,33164,D8,M,"44,5395300"," -0,2876190",33,2019,70.0,1.0,2.0,3.0,2146105,1.0,1,4,1,0.0,,0.0,0,1949.0,B01,138Â 303Â 280,1.0,-1.0,-1.0,1638823,1.0,7,,0.0,2.0,1.0,B01,138Â 303Â 280,1.0
960233,201900001764,10,25,11:45,1,1,1,2.0,6.0,50597,La Durerie - Tirepied,M,"48,7149290"," -1,3082510",50,2019,80.0,3.0,2.0,4.0,2146106,2.0,2,1,2,5.0,,0.0,0,1945.0,A01,138Â 303Â 278,1.0,-1.0,-1.0,1638824,0.0,7,,13.0,0.0,2.0,A01,138Â 303Â 278,1.0
960233,201900001764,10,25,11:45,1,1,1,2.0,6.0,50597,La Durerie - Tirepied,M,"48,7149290"," -1,3082510",50,2019,80.0,3.0,2.0,4.0,2146107,1.0,1,2,1,5.0,,0.0,0,1943.0,A01,138Â 303Â 278,1.0,-1.0,-1.0,1638824,0.0,7,,13.0,0.0,2.0,A01,138Â 303Â 278,1.0
960233,201900001764,10,25,11:45,1,1,1,2.0,6.0,50597,La Durerie - Tirepied,M,"48,7149290"," -1,3082510",50,2019,80.0,3.0,2.0,4.0,2146108,7.0,2,1,2,5.0,,0.0,0,2010.0,A01,138Â 303Â 278,1.0,-1.0,-1.0,1638824,0.0,7,,13.0,0.0,2.0,A01,138Â 303Â 278,1.0
960234,201900001765,10,25,00:30,5,2,6,1.0,3.0,29103,20 Rue la Tour d'Auvergne,M,"48,4523810"," -4,2468060",29,2019,50.0,1.0,1.0,3.0,2146109,2.0,2,3,1,5.0,,0.0,0,2001.0,A01,138Â 303Â 276,2.0,-1.0,-1.0,1638825,1.0,30,,0.0,2.0,1.0,A01,138Â 303Â 276,1.0
960234,201900001765,10,25,00:30,5,2,6,1.0,3.0,29103,20 Rue la Tour d'Auvergne,M,"48,4523810"," -4,2468060",29,2019,50.0,1.0,1.0,3.0,2146109,2.0,2,3,1,5.0,,0.0,0,2001.0,A01,138Â 303Â 276,2.0,-1.0,-1.0,1638826,1.0,7,,0.0,0.0,7.0,B01,138Â 303Â 277,1.0
960234,201900001765,10,25,00:30,5,2,6,1.0,3.0,29103,20 Rue la Tour d'Auvergne,M,"48,4523810"," -4,2468060",29,2019,50.0,1.0,1.0,3.0,2146110,1.0,1,4,1,5.0,,0.0,0,2004.0,A01,138Â 303Â 276,2.0,6.0,-1.0,1638825,1.0,30,,0.0,2.0,1.0,A01,138Â 303Â 276,1.0
960234,201900001765,10,25,00:30,5,2,6,1.0,3.0,29103,20 Rue la Tour d'Auvergne,M,"48,4523810"," -4,2468060",29,2019,50.0,1.0,1.0,3.0,2146110,1.0,1,4,1,5.0,,0.0,0,2004.0,A01,138Â 303Â 276,2.0,6.0,-1.0,1638826,1.0,7,,0.0,0.0,7.0,B01,138Â 303Â 277,1.0
960234,201900001765,10,25,00:30,5,2,6,1.0,3.0,29103,20 Rue la Tour d'Auvergne,M,"48,4523810"," -4,2468060",29,2019,50.0,1.0,1.0,3.0,2146111,2.0,2,1,1,5.0,,0.0,0,2005.0,B01,138Â 303Â 277,1.0,-1.0,-1.0,1638825,1.0,30,,0.0,2.0,1.0,A01,138Â 303Â 276,1.0
960234,201900001765,10,25,00:30,5,2,6,1.0,3.0,29103,20 Rue la Tour d'Auvergne,M,"48,4523810"," -4,2468060",29,2019,50.0,1.0,1.0,3.0,2146111,2.0,2,1,1,5.0,,0.0,0,2005.0,B01,138Â 303Â 277,1.0,-1.0,-1.0,1638826,1.0,7,,0.0,0.0,7.0,B01,138Â 303Â 277,1.0
960234,201900001765,10,25,00:30,5,2,6,1.0,3.0,29103,20 Rue la Tour d'Auvergne,M,"48,4523810"," -4,2468060",29,2019,50.0,1.0,1.0,3.0,2146112,1.0,1,1,1,5.0,,0.0,0,1999.0,B01,138Â 303Â 277,1.0,-1.0,-1.0,1638825,1.0,30,,0.0,2.0,1.0,A01,138Â 303Â 276,1.0
960234,201900001765,10,25,00:30,5,2,6,1.0,3.0,29103,20 Rue la Tour d'Auvergne,M,"48,4523810"," -4,2468060",29,2019,50.0,1.0,1.0,3.0,2146112,1.0,1,1,1,5.0,,0.0,0,1999.0,B01,138Â 303Â 277,1.0,-1.0,-1.0,1638826,1.0,7,,0.0,0.0,7.0,B01,138Â 303Â 277,1.0
960235,201900001766,10,25,12:40,1,2,1,8.0,7.0,27161,Rue Sainte Suzanne,M,"49,0552770","1,0184210",27,2019,50.0,1.0,1.0,4.0,2146113,1.0,1,3,1,5.0,,0.0,0,1968.0,A01,138Â 303Â 275,2.0,-1.0,-1.0,1638827,3.0,50,,0.0,0.0,0.0,A01,138Â 303Â 275,3.0
960236,201900001767,10,24,17:15,1,2,3,3.0,3.0,76321,route de dieppe,M,"49,7817170","1,2336050",76,2019,50.0,1.0,2.0,3.0,2146114,1.0,1,3,1,1.0,,0.0,0,2000.0,B01,138Â 303Â 273,2.0,6.0,9.0,1638828,1.0,33,,0.0,2.0,8.0,B01,138Â 303Â 273,1.0
960236,201900001767,10,24,17:15,1,2,3,3.0,3.0,76321,route de dieppe,M,"49,7817170","1,2336050",76,2019,50.0,1.0,2.0,3.0,2146114,1.0,1,3,1,1.0,,0.0,0,2000.0,B01,138Â 303Â 273,2.0,6.0,9.0,1638829,2.0,7,,0.0,2.0,3.0,A01,138Â 303Â 274,1.0
960236,201900001767,10,24,17:15,1,2,3,3.0,3.0,76321,route de dieppe,M,"49,7817170","1,2336050",76,2019,50.0,1.0,2.0,3.0,2146115,1.0,1,1,2,5.0,,0.0,0,1967.0,A01,138Â 303Â 274,1.0,-1.0,-1.0,1638828,1.0,33,,0.0,2.0,8.0,B01,138Â 303Â 273,1.0
960236,201900001767,10,24,17:15,1,2,3,3.0,3.0,76321,route de dieppe,M,"49,7817170","1,2336050",76,2019,50.0,1.0,2.0,3.0,2146115,1.0,1,1,2,5.0,,0.0,0,1967.0,A01,138Â 303Â 274,1.0,-1.0,-1.0,1638829,2.0,7,,0.0,2.0,3.0,A01,138Â 303Â 274,1.0
960237,201900001768,10,25,15:00,1,1,6,1.0,2.0,60589,D44,M,"49,2057890","2,4629820",60,2019,50.0,1.0,1.0,3.0,2146116,1.0,1,1,1,5.0,,0.0,0,1974.0,A01,138Â 303Â 271,1.0,-1.0,-1.0,1638830,1.0,7,,0.0,2.0,1.0,A01,138Â 303Â 271,1.0
960237,201900001768,10,25,15:00,1,1,6,1.0,2.0,60589,D44,M,"49,2057890","2,4629820",60,2019,50.0,1.0,1.0,3.0,2146116,1.0,1,1,1,5.0,,0.0,0,1974.0,A01,138Â 303Â 271,1.0,-1.0,-1.0,1638831,1.0,7,,0.0,0.0,4.0,B01,138Â 303Â 272,1.0
960237,201900001768,10,25,15:00,1,1,6,1.0,2.0,60589,D44,M,"49,2057890","2,4629820",60,2019,50.0,1.0,1.0,3.0,2146117,2.0,2,4,2,5.0,,0.0,0,2001.0,B01,138Â 303Â 272,1.0,-1.0,-1.0,1638830,1.0,7,,0.0,2.0,1.0,A01,138Â 303Â 271,1.0
960237,201900001768,10,25,15:00,1,1,6,1.0,2.0,60589,D44,M,"49,2057890","2,4629820",60,2019,50.0,1.0,1.0,3.0,2146117,2.0,2,4,2,5.0,,0.0,0,2001.0,B01,138Â 303Â 272,1.0,-1.0,-1.0,1638831,1.0,7,,0.0,0.0,4.0,B01,138Â 303Â 272,1.0
960237,201900001768,10,25,15:00,1,1,6,1.0,2.0,60589,D44,M,"49,2057890","2,4629820",60,2019,50.0,1.0,1.0,3.0,2146118,7.0,2,4,1,5.0,,0.0,0,1971.0,B01,138Â 303Â 272,1.0,-1.0,-1.0,1638830,1.0,7,,0.0,2.0,1.0,A01,138Â 303Â 271,1.0
960237,201900001768,10,25,15:00,1,1,6,1.0,2.0,60589,D44,M,"49,2057890","2,4629820",60,2019,50.0,1.0,1.0,3.0,2146118,7.0,2,4,1,5.0,,0.0,0,1971.0,B01,138Â 303Â 272,1.0,-1.0,-1.0,1638831,1.0,7,,0.0,0.0,4.0,B01,138Â 303Â 272,1.0
960237,201900001768,10,25,15:00,1,1,6,1.0,2.0,60589,D44,M,"49,2057890","2,4629820",60,2019,50.0,1.0,1.0,3.0,2146119,1.0,1,4,2,5.0,,0.0,0,1971.0,B01,138Â 303Â 272,1.0,-1.0,-1.0,1638830,1.0,7,,0.0,2.0,1.0,A01,138Â 303Â 271,1.0
960237,201900001768,10,25,15:00,1,1,6,1.0,2.0,60589,D44,M,"49,2057890","2,4629820",60,2019,50.0,1.0,1.0,3.0,2146119,1.0,1,4,2,5.0,,0.0,0,1971.0,B01,138Â 303Â 272,1.0,-1.0,-1.0,1638831,1.0,7,,0.0,0.0,4.0,B01,138Â 303Â 272,1.0
960238,201900001769,10,25,17:40,1,2,6,1.0,6.0,60141,Avenue de la Plaine des Aigles,M,"49,1892780","2,4802720",60,2019,50.0,1.0,1.0,4.0,2146120,1.0,1,1,2,5.0,,0.0,0,1982.0,A01,138Â 303Â 270,1.0,-1.0,-1.0,1638832,3.0,7,,0.0,1.0,3.0,A01,138Â 303Â 270,1.0
960238,201900001769,10,25,17:40,1,2,6,1.0,6.0,60141,Avenue de la Plaine des Aigles,M,"49,1892780","2,4802720",60,2019,50.0,1.0,1.0,4.0,2146121,10.0,3,3,2,1.0,,4.0,3,1999.0,A01,138Â 303Â 270,0.0,-1.0,-1.0,1638832,3.0,7,,0.0,1.0,3.0,A01,138Â 303Â 270,1.0
960239,201900001770,10,25,17:25,1,1,1,1.0,1.0,80467,D930,M,"49,6673250","2,7488960",80,2019,80.0,1.0,1.0,3.0,2146122,2.0,2,3,2,5.0,,0.0,0,1959.0,B01,138Â 303Â 268,1.0,-1.0,-1.0,1638833,1.0,7,,0.0,2.0,1.0,B01,138Â 303Â 268,1.0
960239,201900001770,10,25,17:25,1,1,1,1.0,1.0,80467,D930,M,"49,6673250","2,7488960",80,2019,80.0,1.0,1.0,3.0,2146122,2.0,2,3,2,5.0,,0.0,0,1959.0,B01,138Â 303Â 268,1.0,-1.0,-1.0,1638834,2.0,7,,0.0,2.0,2.0,A01,138Â 303Â 269,0.0
960239,201900001770,10,25,17:25,1,1,1,1.0,1.0,80467,D930,M,"49,6673250","2,7488960",80,2019,80.0,1.0,1.0,3.0,2146123,9.0,2,1,2,5.0,,0.0,0,2014.0,B01,138Â 303Â 268,1.0,-1.0,-1.0,1638833,1.0,7,,0.0,2.0,1.0,B01,138Â 303Â 268,1.0
960239,201900001770,10,25,17:25,1,1,1,1.0,1.0,80467,D930,M,"49,6673250","2,7488960",80,2019,80.0,1.0,1.0,3.0,2146123,9.0,2,1,2,5.0,,0.0,0,2014.0,B01,138Â 303Â 268,1.0,-1.0,-1.0,1638834,2.0,7,,0.0,2.0,2.0,A01,138Â 303Â 269,0.0
960239,201900001770,10,25,17:25,1,1,1,1.0,1.0,80467,D930,M,"49,6673250","2,7488960",80,2019,80.0,1.0,1.0,3.0,2146124,1.0,1,3,1,5.0,,0.0,0,1981.0,B01,138Â 303Â 268,1.0,-1.0,-1.0,1638833,1.0,7,,0.0,2.0,1.0,B01,138Â 303Â 268,1.0
960239,201900001770,10,25,17:25,1,1,1,1.0,1.0,80467,D930,M,"49,6673250","2,7488960",80,2019,80.0,1.0,1.0,3.0,2146124,1.0,1,3,1,5.0,,0.0,0,1981.0,B01,138Â 303Â 268,1.0,-1.0,-1.0,1638834,2.0,7,,0.0,2.0,2.0,A01,138Â 303Â 269,0.0
960239,201900001770,10,25,17:25,1,1,1,1.0,1.0,80467,D930,M,"49,6673250","2,7488960",80,2019,80.0,1.0,1.0,3.0,2146125,1.0,1,3,1,5.0,,0.0,0,1984.0,A01,138Â 303Â 269,8.0,-1.0,-1.0,1638833,1.0,7,,0.0,2.0,1.0,B01,138Â 303Â 268,1.0
960239,201900001770,10,25,17:25,1,1,1,1.0,1.0,80467,D930,M,"49,6673250","2,7488960",80,2019,80.0,1.0,1.0,3.0,2146125,1.0,1,3,1,5.0,,0.0,0,1984.0,A01,138Â 303Â 269,8.0,-1.0,-1.0,1638834,2.0,7,,0.0,2.0,2.0,A01,138Â 303Â 269,0.0
960239,201900001770,10,25,17:25,1,1,1,1.0,1.0,80467,D930,M,"49,6673250","2,7488960",80,2019,80.0,1.0,1.0,3.0,2146126,2.0,2,3,1,5.0,,0.0,0,1976.0,A01,138Â 303Â 269,1.0,-1.0,-1.0,1638833,1.0,7,,0.0,2.0,1.0,B01,138Â 303Â 268,1.0
960239,201900001770,10,25,17:25,1,1,1,1.0,1.0,80467,D930,M,"49,6673250","2,7488960",80,2019,80.0,1.0,1.0,3.0,2146126,2.0,2,3,1,5.0,,0.0,0,1976.0,A01,138Â 303Â 269,1.0,-1.0,-1.0,1638834,2.0,7,,0.0,2.0,2.0,A01,138Â 303Â 269,0.0
960240,201900001771,10,2,13:15,1,1,9,1.0,1.0,80322,D1017,M,"49,7716780","2,8193090",80,2019,80.0,1.0,1.0,3.0,2146127,1.0,1,4,1,1.0,,0.0,0,1991.0,B01,138Â 303Â 266,2.0,6.0,-1.0,1638835,1.0,33,,0.0,2.0,1.0,B01,138Â 303Â 266,1.0
960240,201900001771,10,2,13:15,1,1,9,1.0,1.0,80322,D1017,M,"49,7716780","2,8193090",80,2019,80.0,1.0,1.0,3.0,2146127,1.0,1,4,1,1.0,,0.0,0,1991.0,B01,138Â 303Â 266,2.0,6.0,-1.0,1638836,2.0,7,,0.0,9.0,1.0,A01,138Â 303Â 267,1.0
960240,201900001771,10,2,13:15,1,1,9,1.0,1.0,80322,D1017,M,"49,7716780","2,8193090",80,2019,80.0,1.0,1.0,3.0,2146128,1.0,1,1,2,1.0,,0.0,0,1981.0,A01,138Â 303Â 267,1.0,-1.0,-1.0,1638835,1.0,33,,0.0,2.0,1.0,B01,138Â 303Â 266,1.0
960240,201900001771,10,2,13:15,1,1,9,1.0,1.0,80322,D1017,M,"49,7716780","2,8193090",80,2019,80.0,1.0,1.0,3.0,2146128,1.0,1,1,2,1.0,,0.0,0,1981.0,A01,138Â 303Â 267,1.0,-1.0,-1.0,1638836,2.0,7,,0.0,9.0,1.0,A01,138Â 303Â 267,1.0
960241,201900001772,10,25,08:10,1,1,1,1.0,3.0,80521,A1,M,"49,9800270","2,8671200",80,2019,130.0,1.0,1.0,1.0,2146129,1.0,1,1,1,4.0,,0.0,0,1973.0,B01,138Â 303Â 264,1.0,-1.0,-1.0,1638837,1.0,17,,0.0,2.0,6.0,B01,138Â 303Â 264,1.0
960241,201900001772,10,25,08:10,1,1,1,1.0,3.0,80521,A1,M,"49,9800270","2,8671200",80,2019,130.0,1.0,1.0,1.0,2146129,1.0,1,1,1,4.0,,0.0,0,1973.0,B01,138Â 303Â 264,1.0,-1.0,-1.0,1638838,1.0,7,,0.0,2.0,2.0,A01,138Â 303Â 265,1.0
960241,201900001772,10,25,08:10,1,1,1,1.0,3.0,80521,A1,M,"49,9800270","2,8671200",80,2019,130.0,1.0,1.0,1.0,2146130,1.0,1,3,1,5.0,,0.0,0,1999.0,A01,138Â 303Â 265,1.0,-1.0,-1.0,1638837,1.0,17,,0.0,2.0,6.0,B01,138Â 303Â 264,1.0
960241,201900001772,10,25,08:10,1,1,1,1.0,3.0,80521,A1,M,"49,9800270","2,8671200",80,2019,130.0,1.0,1.0,1.0,2146130,1.0,1,3,1,5.0,,0.0,0,1999.0,A01,138Â 303Â 265,1.0,-1.0,-1.0,1638838,1.0,7,,0.0,2.0,2.0,A01,138Â 303Â 265,1.0
960242,201900001773,10,6,10:20,1,1,1,1.0,4.0,13071,A51-Sens Marseille vers Aix en Provence,M,"43,4167900","5,3655100",13,2019,50.0,1.0,1.0,1.0,2146131,2.0,2,4,2,5.0,,-1.0,0,1994.0,C01,138Â 303Â 261,1.0,0.0,-1.0,1638839,1.0,7,,0.0,2.0,4.0,C01,138Â 303Â 261,1.0