Unnamed: 0_x,num_acc,mois,jour,hrmn,lum,agg,int,atm,col,com,adr,gps,lat,long,dep,annee,vma,situ,surf,catr,Unnamed: 0_y,place,catu,grav,sexe,trajet,secu,locp,actp,an_nais,num_veh_x,id_vehicule_x,secu1,secu2,secu3,Unnamed: 0,senc,catv,occutc,obs,obsm,choc,num_veh_y,id_vehicule_y,motor
960242,201900001773,10,6,10:20,1,1,1,1.0,4.0,13071,A51-Sens Marseille vers Aix en Provence,M,"43,4167900","5,3655100",13,2019,50.0,1.0,1.0,1.0,2146131,2.0,2,4,2,5.0,,-1.0,0,1994.0,C01,138Â 303Â 261,1.0,0.0,-1.0,1638840,1.0,7,,0.0,2.0,4.0,B01,138Â 303Â 262,1.0
960242,201900001773,10,6,10:20,1,1,1,1.0,4.0,13071,A51-Sens Marseille vers Aix en Provence,M,"43,4167900","5,3655100",13,2019,50.0,1.0,1.0,1.0,2146131,2.0,2,4,2,5.0,,-1.0,0,1994.0,C01,138Â 303Â 261,1.0,0.0,-1.0,1638841,1.0,7,,0.0,2.0,1.0,A01,138Â 303Â 263,1.0
960242,201900001773,10,6,10:20,1,1,1,1.0,4.0,13071,A51-Sens Marseille vers Aix en Provence,M,"43,4167900","5,3655100",13,2019,50.0,1.0,1.0,1.0,2146132,1.0,1,4,1,5.0,,-1.0, -1,1995.0,C01,138Â 303Â 261,1.0,0.0,-1.0,1638839,1.0,7,,0.0,2.0,4.0,C01,138Â 303Â 261,1.0
960242,201900001773,10,6,10:20,1,1,1,1.0,4.0,13071,A51-Sens Marseille vers Aix en Provence,M,"43,4167900","5,3655100",13,2019,50.0,1.0,1.0,1.0,2146132,1.0,1,4,1,5.0,,-1.0, -1,1995.0,C01,138Â 303Â 261,1.0,0.0,-1.0,1638840,1.0,7,,0.0,2.0,4.0,B01,138Â 303Â 262,1.0
960242,201900001773,10,6,10:20,1,1,1,1.0,4.0,13071,A51-Sens Marseille vers Aix en Provence,M,"43,4167900","5,3655100",13,2019,50.0,1.0,1.0,1.0,2146132,1.0,1,4,1,5.0,,-1.0, -1,1995.0,C01,138Â 303Â 261,1.0,0.0,-1.0,1638841,1.0,7,,0.0,2.0,1.0,A01,138Â 303Â 263,1.0
960242,201900001773,10,6,10:20,1,1,1,1.0,4.0,13071,A51-Sens Marseille vers Aix en Provence,M,"43,4167900","5,3655100",13,2019,50.0,1.0,1.0,1.0,2146133,1.0,1,4,1,1.0,,-1.0, -1,2001.0,B01,138Â 303Â 262,1.0,0.0,-1.0,1638839,1.0,7,,0.0,2.0,4.0,C01,138Â 303Â 261,1.0
960242,201900001773,10,6,10:20,1,1,1,1.0,4.0,13071,A51-Sens Marseille vers Aix en Provence,M,"43,4167900","5,3655100",13,2019,50.0,1.0,1.0,1.0,2146133,1.0,1,4,1,1.0,,-1.0, -1,2001.0,B01,138Â 303Â 262,1.0,0.0,-1.0,1638840,1.0,7,,0.0,2.0,4.0,B01,138Â 303Â 262,1.0
960242,201900001773,10,6,10:20,1,1,1,1.0,4.0,13071,A51-Sens Marseille vers Aix en Provence,M,"43,4167900","5,3655100",13,2019,50.0,1.0,1.0,1.0,2146133,1.0,1,4,1,1.0,,-1.0, -1,2001.0,B01,138Â 303Â 262,1.0,0.0,-1.0,1638841,1.0,7,,0.0,2.0,1.0,A01,138Â 303Â 263,1.0
960242,201900001773,10,6,10:20,1,1,1,1.0,4.0,13071,A51-Sens Marseille vers Aix en Provence,M,"43,4167900","5,3655100",13,2019,50.0,1.0,1.0,1.0,2146134,1.0,1,1,1,5.0,,-1.0,0,1995.0,A01,138Â 303Â 263,1.0,8.0,-1.0,1638839,1.0,7,,0.0,2.0,4.0,C01,138Â 303Â 261,1.0
960242,201900001773,10,6,10:20,1,1,1,1.0,4.0,13071,A51-Sens Marseille vers Aix en Provence,M,"43,4167900","5,3655100",13,2019,50.0,1.0,1.0,1.0,2146134,1.0,1,1,1,5.0,,-1.0,0,1995.0,A01,138Â 303Â 263,1.0,8.0,-1.0,1638840,1.0,7,,0.0,2.0,4.0,B01,138Â 303Â 262,1.0
960242,201900001773,10,6,10:20,1,1,1,1.0,4.0,13071,A51-Sens Marseille vers Aix en Provence,M,"43,4167900","5,3655100",13,2019,50.0,1.0,1.0,1.0,2146134,1.0,1,1,1,5.0,,-1.0,0,1995.0,A01,138Â 303Â 263,1.0,8.0,-1.0,1638841,1.0,7,,0.0,2.0,1.0,A01,138Â 303Â 263,1.0
960243,201900001774,10,18,19:20,2,1,1,2.0,3.0,69029,RD383   7.640 A 11.044,M,"45,7389600","4,9042300",69,2019,70.0,1.0,2.0,3.0,2146135,1.0,1,3,2,1.0,,-1.0,0,1961.0,B01,138Â 303Â 259,1.0,8.0,-1.0,1638842,1.0,10,,0.0,2.0,3.0,B01,138Â 303Â 259,1.0
960243,201900001774,10,18,19:20,2,1,1,2.0,3.0,69029,RD383   7.640 A 11.044,M,"45,7389600","4,9042300",69,2019,70.0,1.0,2.0,3.0,2146135,1.0,1,3,2,1.0,,-1.0,0,1961.0,B01,138Â 303Â 259,1.0,8.0,-1.0,1638843,1.0,10,,0.0,2.0,5.0,A01,138Â 303Â 260,1.0
960243,201900001774,10,18,19:20,2,1,1,2.0,3.0,69029,RD383   7.640 A 11.044,M,"45,7389600","4,9042300",69,2019,70.0,1.0,2.0,3.0,2146136,1.0,1,1,1,5.0,,-1.0,0,1995.0,A01,138Â 303Â 260,1.0,8.0,-1.0,1638842,1.0,10,,0.0,2.0,3.0,B01,138Â 303Â 259,1.0
960243,201900001774,10,18,19:20,2,1,1,2.0,3.0,69029,RD383   7.640 A 11.044,M,"45,7389600","4,9042300",69,2019,70.0,1.0,2.0,3.0,2146136,1.0,1,1,1,5.0,,-1.0,0,1995.0,A01,138Â 303Â 260,1.0,8.0,-1.0,1638843,1.0,10,,0.0,2.0,5.0,A01,138Â 303Â 260,1.0
960244,201900001775,10,18,06:25,5,1,1,2.0,6.0,69115,A6   427.300 A 428.640,M,"45,9733000","4,7337900",69,2019,70.0,1.0,2.0,1.0,2146137,2.0,2,3,1,0.0,,-1.0, -1,1993.0,A01,138Â 303Â 258,1.0,0.0,-1.0,1638844,2.0,7,,4.0,0.0,2.0,A01,138Â 303Â 258,1.0
960244,201900001775,10,18,06:25,5,1,1,2.0,6.0,69115,A6   427.300 A 428.640,M,"45,9733000","4,7337900",69,2019,70.0,1.0,2.0,1.0,2146138,1.0,1,3,1,1.0,,-1.0,0,1995.0,A01,138Â 303Â 258,1.0,0.0,-1.0,1638844,2.0,7,,4.0,0.0,2.0,A01,138Â 303Â 258,1.0
960245,201900001776,10,19,21:20,3,1,1,1.0,2.0,69272,A46S   57.400 A 61.010,M,"45,5939600","4,8466500",69,2019,110.0,1.0,2.0,1.0,2146139,1.0,1,4,1,9.0,,0.0,0,1958.0,B01,138Â 303Â 256,1.0,0.0,-1.0,1638845,1.0,7,,3.0,2.0,4.0,B01,138Â 303Â 256,1.0
960245,201900001776,10,19,21:20,3,1,1,1.0,2.0,69272,A46S   57.400 A 61.010,M,"45,5939600","4,8466500",69,2019,110.0,1.0,2.0,1.0,2146139,1.0,1,4,1,9.0,,0.0,0,1958.0,B01,138Â 303Â 256,1.0,0.0,-1.0,1638846,1.0,0,,4.0,2.0,1.0,Z01,138Â 303Â 257,0.0
960245,201900001776,10,19,21:20,3,1,1,1.0,2.0,69272,A46S   57.400 A 61.010,M,"45,5939600","4,8466500",69,2019,110.0,1.0,2.0,1.0,2146140,4.0,2,4,1,9.0,,-1.0, -1,1955.0,B01,138Â 303Â 256,1.0,0.0,-1.0,1638845,1.0,7,,3.0,2.0,4.0,B01,138Â 303Â 256,1.0
960245,201900001776,10,19,21:20,3,1,1,1.0,2.0,69272,A46S   57.400 A 61.010,M,"45,5939600","4,8466500",69,2019,110.0,1.0,2.0,1.0,2146140,4.0,2,4,1,9.0,,-1.0, -1,1955.0,B01,138Â 303Â 256,1.0,0.0,-1.0,1638846,1.0,0,,4.0,2.0,1.0,Z01,138Â 303Â 257,0.0
960245,201900001776,10,19,21:20,3,1,1,1.0,2.0,69272,A46S   57.400 A 61.010,M,"45,5939600","4,8466500",69,2019,110.0,1.0,2.0,1.0,2146141,3.0,2,4,1,9.0,,-1.0, -1,1948.0,B01,138Â 303Â 256,1.0,0.0,-1.0,1638845,1.0,7,,3.0,2.0,4.0,B01,138Â 303Â 256,1.0
960245,201900001776,10,19,21:20,3,1,1,1.0,2.0,69272,A46S   57.400 A 61.010,M,"45,5939600","4,8466500",69,2019,110.0,1.0,2.0,1.0,2146141,3.0,2,4,1,9.0,,-1.0, -1,1948.0,B01,138Â 303Â 256,1.0,0.0,-1.0,1638846,1.0,0,,4.0,2.0,1.0,Z01,138Â 303Â 257,0.0
960245,201900001776,10,19,21:20,3,1,1,1.0,2.0,69272,A46S   57.400 A 61.010,M,"45,5939600","4,8466500",69,2019,110.0,1.0,2.0,1.0,2146142,2.0,2,4,2,9.0,,-1.0, -1,1950.0,B01,138Â 303Â 256,1.0,0.0,-1.0,1638845,1.0,7,,3.0,2.0,4.0,B01,138Â 303Â 256,1.0
960245,201900001776,10,19,21:20,3,1,1,1.0,2.0,69272,A46S   57.400 A 61.010,M,"45,5939600","4,8466500",69,2019,110.0,1.0,2.0,1.0,2146142,2.0,2,4,2,9.0,,-1.0, -1,1950.0,B01,138Â 303Â 256,1.0,0.0,-1.0,1638846,1.0,0,,4.0,2.0,1.0,Z01,138Â 303Â 257,0.0
960246,201900001777,10,24,09:00,1,1,1,1.0,3.0,33550,ROCADE A 630,M,"44,7777100"," -0,5594100",33,2019,90.0,1.0,2.0,1.0,2146143,1.0,1,4,1,2.0,,-1.0, -1,1996.0,B01,138Â 303Â 254,2.0,8.0,-1.0,1638847,2.0,33,,0.0,2.0,1.0,B01,138Â 303Â 254,1.0
960246,201900001777,10,24,09:00,1,1,1,1.0,3.0,33550,ROCADE A 630,M,"44,7777100"," -0,5594100",33,2019,90.0,1.0,2.0,1.0,2146143,1.0,1,4,1,2.0,,-1.0, -1,1996.0,B01,138Â 303Â 254,2.0,8.0,-1.0,1638848,2.0,10,,0.0,2.0,2.0,A01,138Â 303Â 255,1.0
960246,201900001777,10,24,09:00,1,1,1,1.0,3.0,33550,ROCADE A 630,M,"44,7777100"," -0,5594100",33,2019,90.0,1.0,2.0,1.0,2146144,1.0,1,1,1,0.0,,-1.0, -1,1987.0,A01,138Â 303Â 255,1.0,8.0,-1.0,1638847,2.0,33,,0.0,2.0,1.0,B01,138Â 303Â 254,1.0
960246,201900001777,10,24,09:00,1,1,1,1.0,3.0,33550,ROCADE A 630,M,"44,7777100"," -0,5594100",33,2019,90.0,1.0,2.0,1.0,2146144,1.0,1,1,1,0.0,,-1.0, -1,1987.0,A01,138Â 303Â 255,1.0,8.0,-1.0,1638848,2.0,10,,0.0,2.0,2.0,A01,138Â 303Â 255,1.0
960246,201900001777,10,24,09:00,1,1,1,1.0,3.0,33550,ROCADE A 630,M,"44,7777100"," -0,5594100",33,2019,90.0,1.0,2.0,1.0,2146145,2.0,2,1,1,0.0,,-1.0, -1,2007.0,A01,138Â 303Â 255,1.0,8.0,-1.0,1638847,2.0,33,,0.0,2.0,1.0,B01,138Â 303Â 254,1.0
960246,201900001777,10,24,09:00,1,1,1,1.0,3.0,33550,ROCADE A 630,M,"44,7777100"," -0,5594100",33,2019,90.0,1.0,2.0,1.0,2146145,2.0,2,1,1,0.0,,-1.0, -1,2007.0,A01,138Â 303Â 255,1.0,8.0,-1.0,1638848,2.0,10,,0.0,2.0,2.0,A01,138Â 303Â 255,1.0
960247,201900001778,10,24,07:50,1,1,1,2.0,4.0,33013,ROUTE NATIONALE 230,M,"44,8622900"," -0,5039000",33,2019,90.0,1.0,2.0,2.0,2146146,1.0,1,1,1,5.0,,-1.0, -1,1941.0,A01,138Â 303Â 251,1.0,8.0,-1.0,1638849,1.0,7,,0.0,2.0,1.0,A01,138Â 303Â 251,1.0
960247,201900001778,10,24,07:50,1,1,1,2.0,4.0,33013,ROUTE NATIONALE 230,M,"44,8622900"," -0,5039000",33,2019,90.0,1.0,2.0,2.0,2146146,1.0,1,1,1,5.0,,-1.0, -1,1941.0,A01,138Â 303Â 251,1.0,8.0,-1.0,1638850,1.0,7,,0.0,2.0,4.0,B01,138Â 303Â 252,1.0
960247,201900001778,10,24,07:50,1,1,1,2.0,4.0,33013,ROUTE NATIONALE 230,M,"44,8622900"," -0,5039000",33,2019,90.0,1.0,2.0,2.0,2146146,1.0,1,1,1,5.0,,-1.0, -1,1941.0,A01,138Â 303Â 251,1.0,8.0,-1.0,1638851,1.0,7,,0.0,2.0,4.0,C01,138Â 303Â 253,1.0
960247,201900001778,10,24,07:50,1,1,1,2.0,4.0,33013,ROUTE NATIONALE 230,M,"44,8622900"," -0,5039000",33,2019,90.0,1.0,2.0,2.0,2146147,2.0,2,1,1,5.0,,-1.0, -1,1965.0,A01,138Â 303Â 251,1.0,8.0,-1.0,1638849,1.0,7,,0.0,2.0,1.0,A01,138Â 303Â 251,1.0
960247,201900001778,10,24,07:50,1,1,1,2.0,4.0,33013,ROUTE NATIONALE 230,M,"44,8622900"," -0,5039000",33,2019,90.0,1.0,2.0,2.0,2146147,2.0,2,1,1,5.0,,-1.0, -1,1965.0,A01,138Â 303Â 251,1.0,8.0,-1.0,1638850,1.0,7,,0.0,2.0,4.0,B01,138Â 303Â 252,1.0
960247,201900001778,10,24,07:50,1,1,1,2.0,4.0,33013,ROUTE NATIONALE 230,M,"44,8622900"," -0,5039000",33,2019,90.0,1.0,2.0,2.0,2146147,2.0,2,1,1,5.0,,-1.0, -1,1965.0,A01,138Â 303Â 251,1.0,8.0,-1.0,1638851,1.0,7,,0.0,2.0,4.0,C01,138Â 303Â 253,1.0
960247,201900001778,10,24,07:50,1,1,1,2.0,4.0,33013,ROUTE NATIONALE 230,M,"44,8622900"," -0,5039000",33,2019,90.0,1.0,2.0,2.0,2146148,1.0,1,1,1,4.0,,-1.0, -1,1981.0,B01,138Â 303Â 252,1.0,8.0,-1.0,1638849,1.0,7,,0.0,2.0,1.0,A01,138Â 303Â 251,1.0
960247,201900001778,10,24,07:50,1,1,1,2.0,4.0,33013,ROUTE NATIONALE 230,M,"44,8622900"," -0,5039000",33,2019,90.0,1.0,2.0,2.0,2146148,1.0,1,1,1,4.0,,-1.0, -1,1981.0,B01,138Â 303Â 252,1.0,8.0,-1.0,1638850,1.0,7,,0.0,2.0,4.0,B01,138Â 303Â 252,1.0
960247,201900001778,10,24,07:50,1,1,1,2.0,4.0,33013,ROUTE NATIONALE 230,M,"44,8622900"," -0,5039000",33,2019,90.0,1.0,2.0,2.0,2146148,1.0,1,1,1,4.0,,-1.0, -1,1981.0,B01,138Â 303Â 252,1.0,8.0,-1.0,1638851,1.0,7,,0.0,2.0,4.0,C01,138Â 303Â 253,1.0
960247,201900001778,10,24,07:50,1,1,1,2.0,4.0,33013,ROUTE NATIONALE 230,M,"44,8622900"," -0,5039000",33,2019,90.0,1.0,2.0,2.0,2146149,1.0,1,4,2,0.0,,-1.0, -1,1988.0,C01,138Â 303Â 253,1.0,8.0,-1.0,1638849,1.0,7,,0.0,2.0,1.0,A01,138Â 303Â 251,1.0
960247,201900001778,10,24,07:50,1,1,1,2.0,4.0,33013,ROUTE NATIONALE 230,M,"44,8622900"," -0,5039000",33,2019,90.0,1.0,2.0,2.0,2146149,1.0,1,4,2,0.0,,-1.0, -1,1988.0,C01,138Â 303Â 253,1.0,8.0,-1.0,1638850,1.0,7,,0.0,2.0,4.0,B01,138Â 303Â 252,1.0
960247,201900001778,10,24,07:50,1,1,1,2.0,4.0,33013,ROUTE NATIONALE 230,M,"44,8622900"," -0,5039000",33,2019,90.0,1.0,2.0,2.0,2146149,1.0,1,4,2,0.0,,-1.0, -1,1988.0,C01,138Â 303Â 253,1.0,8.0,-1.0,1638851,1.0,7,,0.0,2.0,4.0,C01,138Â 303Â 253,1.0
960248,201900001779,10,24,17:45,1,1,1,1.0,3.0,91064,RN 118,M,"48,7482000","2,1987200",91,2019,90.0,1.0,1.0,2.0,2146150,1.0,1,1,1,5.0,,0.0,0,1968.0,A01,138Â 303Â 249,1.0,0.0,-1.0,1638852,1.0,7,,0.0,2.0,2.0,A01,138Â 303Â 249,1.0
960248,201900001779,10,24,17:45,1,1,1,1.0,3.0,91064,RN 118,M,"48,7482000","2,1987200",91,2019,90.0,1.0,1.0,2.0,2146150,1.0,1,1,1,5.0,,0.0,0,1968.0,A01,138Â 303Â 249,1.0,0.0,-1.0,1638853,1.0,33,,0.0,2.0,6.0,B01,138Â 303Â 250,1.0
960248,201900001779,10,24,17:45,1,1,1,1.0,3.0,91064,RN 118,M,"48,7482000","2,1987200",91,2019,90.0,1.0,1.0,2.0,2146151,1.0,1,4,1,9.0,,0.0,0,1966.0,B01,138Â 303Â 250,2.0,6.0,-1.0,1638852,1.0,7,,0.0,2.0,2.0,A01,138Â 303Â 249,1.0
960248,201900001779,10,24,17:45,1,1,1,1.0,3.0,91064,RN 118,M,"48,7482000","2,1987200",91,2019,90.0,1.0,1.0,2.0,2146151,1.0,1,4,1,9.0,,0.0,0,1966.0,B01,138Â 303Â 250,2.0,6.0,-1.0,1638853,1.0,33,,0.0,2.0,6.0,B01,138Â 303Â 250,1.0
960249,201900001780,10,24,09:30,1,1,1,1.0,4.0,94003,AUTOROUTE A6A,M,"48,8026000","2,3418000",94,2019,70.0,1.0,1.0,1.0,2146152,1.0,1,1,1,0.0,,-1.0,0,1954.0,D01,138Â 303Â 245,1.0,0.0,-1.0,1638854,2.0,7,,0.0,2.0,4.0,D01,138Â 303Â 245,1.0
960249,201900001780,10,24,09:30,1,1,1,1.0,4.0,94003,AUTOROUTE A6A,M,"48,8026000","2,3418000",94,2019,70.0,1.0,1.0,1.0,2146152,1.0,1,1,1,0.0,,-1.0,0,1954.0,D01,138Â 303Â 245,1.0,0.0,-1.0,1638855,2.0,7,,0.0,2.0,4.0,C01,138Â 303Â 246,1.0
960249,201900001780,10,24,09:30,1,1,1,1.0,4.0,94003,AUTOROUTE A6A,M,"48,8026000","2,3418000",94,2019,70.0,1.0,1.0,1.0,2146152,1.0,1,1,1,0.0,,-1.0,0,1954.0,D01,138Â 303Â 245,1.0,0.0,-1.0,1638856,2.0,7,,0.0,2.0,4.0,B01,138Â 303Â 247,1.0
960249,201900001780,10,24,09:30,1,1,1,1.0,4.0,94003,AUTOROUTE A6A,M,"48,8026000","2,3418000",94,2019,70.0,1.0,1.0,1.0,2146152,1.0,1,1,1,0.0,,-1.0,0,1954.0,D01,138Â 303Â 245,1.0,0.0,-1.0,1638857,2.0,10,,0.0,2.0,1.0,A01,138Â 303Â 248,1.0
960249,201900001780,10,24,09:30,1,1,1,1.0,4.0,94003,AUTOROUTE A6A,M,"48,8026000","2,3418000",94,2019,70.0,1.0,1.0,1.0,2146153,1.0,1,4,2,1.0,,-1.0,0,1984.0,C01,138Â 303Â 246,1.0,0.0,-1.0,1638854,2.0,7,,0.0,2.0,4.0,D01,138Â 303Â 245,1.0
960249,201900001780,10,24,09:30,1,1,1,1.0,4.0,94003,AUTOROUTE A6A,M,"48,8026000","2,3418000",94,2019,70.0,1.0,1.0,1.0,2146153,1.0,1,4,2,1.0,,-1.0,0,1984.0,C01,138Â 303Â 246,1.0,0.0,-1.0,1638855,2.0,7,,0.0,2.0,4.0,C01,138Â 303Â 246,1.0
960249,201900001780,10,24,09:30,1,1,1,1.0,4.0,94003,AUTOROUTE A6A,M,"48,8026000","2,3418000",94,2019,70.0,1.0,1.0,1.0,2146153,1.0,1,4,2,1.0,,-1.0,0,1984.0,C01,138Â 303Â 246,1.0,0.0,-1.0,1638856,2.0,7,,0.0,2.0,4.0,B01,138Â 303Â 247,1.0
960249,201900001780,10,24,09:30,1,1,1,1.0,4.0,94003,AUTOROUTE A6A,M,"48,8026000","2,3418000",94,2019,70.0,1.0,1.0,1.0,2146153,1.0,1,4,2,1.0,,-1.0,0,1984.0,C01,138Â 303Â 246,1.0,0.0,-1.0,1638857,2.0,10,,0.0,2.0,1.0,A01,138Â 303Â 248,1.0
960249,201900001780,10,24,09:30,1,1,1,1.0,4.0,94003,AUTOROUTE A6A,M,"48,8026000","2,3418000",94,2019,70.0,1.0,1.0,1.0,2146154,1.0,1,4,2,1.0,,-1.0, -1,1990.0,B01,138Â 303Â 247,1.0,0.0,-1.0,1638854,2.0,7,,0.0,2.0,4.0,D01,138Â 303Â 245,1.0
960249,201900001780,10,24,09:30,1,1,1,1.0,4.0,94003,AUTOROUTE A6A,M,"48,8026000","2,3418000",94,2019,70.0,1.0,1.0,1.0,2146154,1.0,1,4,2,1.0,,-1.0, -1,1990.0,B01,138Â 303Â 247,1.0,0.0,-1.0,1638855,2.0,7,,0.0,2.0,4.0,C01,138Â 303Â 246,1.0
960249,201900001780,10,24,09:30,1,1,1,1.0,4.0,94003,AUTOROUTE A6A,M,"48,8026000","2,3418000",94,2019,70.0,1.0,1.0,1.0,2146154,1.0,1,4,2,1.0,,-1.0, -1,1990.0,B01,138Â 303Â 247,1.0,0.0,-1.0,1638856,2.0,7,,0.0,2.0,4.0,B01,138Â 303Â 247,1.0
960249,201900001780,10,24,09:30,1,1,1,1.0,4.0,94003,AUTOROUTE A6A,M,"48,8026000","2,3418000",94,2019,70.0,1.0,1.0,1.0,2146154,1.0,1,4,2,1.0,,-1.0, -1,1990.0,B01,138Â 303Â 247,1.0,0.0,-1.0,1638857,2.0,10,,0.0,2.0,1.0,A01,138Â 303Â 248,1.0
960250,201900001781,10,23,17:00,1,1,1,1.0,2.0,93008,AUTOROUTE A86,M,"48,9117750","2,4395660",93,2019,90.0,1.0,1.0,1.0,2146155,1.0,1,4,2,0.0,,0.0,0,1992.0,A01,138Â 303Â 243,1.0,8.0,-1.0,1638858,1.0,7,,1.0,0.0,1.0,A01,138Â 303Â 243,1.0
960250,201900001781,10,23,17:00,1,1,1,1.0,2.0,93008,AUTOROUTE A86,M,"48,9117750","2,4395660",93,2019,90.0,1.0,1.0,1.0,2146155,1.0,1,4,2,0.0,,0.0,0,1992.0,A01,138Â 303Â 243,1.0,8.0,-1.0,1638859,1.0,7,,0.0,2.0,4.0,B01,138Â 303Â 244,1.0
960250,201900001781,10,23,17:00,1,1,1,1.0,2.0,93008,AUTOROUTE A86,M,"48,9117750","2,4395660",93,2019,90.0,1.0,1.0,1.0,2146156,2.0,2,4,2,0.0,,0.0,0,1969.0,A01,138Â 303Â 243,1.0,0.0,-1.0,1638858,1.0,7,,1.0,0.0,1.0,A01,138Â 303Â 243,1.0
960250,201900001781,10,23,17:00,1,1,1,1.0,2.0,93008,AUTOROUTE A86,M,"48,9117750","2,4395660",93,2019,90.0,1.0,1.0,1.0,2146156,2.0,2,4,2,0.0,,0.0,0,1969.0,A01,138Â 303Â 243,1.0,0.0,-1.0,1638859,1.0,7,,0.0,2.0,4.0,B01,138Â 303Â 244,1.0
960250,201900001781,10,23,17:00,1,1,1,1.0,2.0,93008,AUTOROUTE A86,M,"48,9117750","2,4395660",93,2019,90.0,1.0,1.0,1.0,2146157,1.0,1,1,1,1.0,,0.0,0,1972.0,B01,138Â 303Â 244,1.0,8.0,-1.0,1638858,1.0,7,,1.0,0.0,1.0,A01,138Â 303Â 243,1.0
960250,201900001781,10,23,17:00,1,1,1,1.0,2.0,93008,AUTOROUTE A86,M,"48,9117750","2,4395660",93,2019,90.0,1.0,1.0,1.0,2146157,1.0,1,1,1,1.0,,0.0,0,1972.0,B01,138Â 303Â 244,1.0,8.0,-1.0,1638859,1.0,7,,0.0,2.0,4.0,B01,138Â 303Â 244,1.0
960251,201900001782,10,23,14:30,1,1,1,1.0,2.0,92036,AUTOROUTE A86,M,"48,9378311","2,2974755",92,2019,90.0,1.0,1.0,1.0,2146158,1.0,1,4,1,0.0,,-1.0,0,1985.0,A01,138Â 303Â 241,2.0,0.0,-1.0,1638860,1.0,31,,0.0,2.0,1.0,A01,138Â 303Â 241,1.0
960251,201900001782,10,23,14:30,1,1,1,1.0,2.0,92036,AUTOROUTE A86,M,"48,9378311","2,2974755",92,2019,90.0,1.0,1.0,1.0,2146158,1.0,1,4,1,0.0,,-1.0,0,1985.0,A01,138Â 303Â 241,2.0,0.0,-1.0,1638861,1.0,10,,0.0,2.0,4.0,B01,138Â 303Â 242,1.0
960251,201900001782,10,23,14:30,1,1,1,1.0,2.0,92036,AUTOROUTE A86,M,"48,9378311","2,2974755",92,2019,90.0,1.0,1.0,1.0,2146159,1.0,1,1,1,9.0,,-1.0,0,1966.0,B01,138Â 303Â 242,1.0,0.0,-1.0,1638860,1.0,31,,0.0,2.0,1.0,A01,138Â 303Â 241,1.0
960251,201900001782,10,23,14:30,1,1,1,1.0,2.0,92036,AUTOROUTE A86,M,"48,9378311","2,2974755",92,2019,90.0,1.0,1.0,1.0,2146159,1.0,1,1,1,9.0,,-1.0,0,1966.0,B01,138Â 303Â 242,1.0,0.0,-1.0,1638861,1.0,10,,0.0,2.0,4.0,B01,138Â 303Â 242,1.0
960252,201900001783,10,23,09:20,1,1,1,1.0,2.0,93010,AUTOROUTE A3,M,"48,9127900","2,4765600",93,2019,110.0,1.0,1.0,1.0,2146160,1.0,1,1,2,0.0,,-1.0, -1,1981.0,A01,138Â 303Â 239,1.0,0.0,-1.0,1638862,2.0,7,,0.0,2.0,6.0,A01,138Â 303Â 239,1.0
960252,201900001783,10,23,09:20,1,1,1,1.0,2.0,93010,AUTOROUTE A3,M,"48,9127900","2,4765600",93,2019,110.0,1.0,1.0,1.0,2146160,1.0,1,1,2,0.0,,-1.0, -1,1981.0,A01,138Â 303Â 239,1.0,0.0,-1.0,1638863,2.0,33,,0.0,2.0,1.0,B01,138Â 303Â 240,1.0
960252,201900001783,10,23,09:20,1,1,1,1.0,2.0,93010,AUTOROUTE A3,M,"48,9127900","2,4765600",93,2019,110.0,1.0,1.0,1.0,2146161,1.0,1,4,1,0.0,,-1.0, -1,1987.0,B01,138Â 303Â 240,2.0,0.0,-1.0,1638862,2.0,7,,0.0,2.0,6.0,A01,138Â 303Â 239,1.0
960252,201900001783,10,23,09:20,1,1,1,1.0,2.0,93010,AUTOROUTE A3,M,"48,9127900","2,4765600",93,2019,110.0,1.0,1.0,1.0,2146161,1.0,1,4,1,0.0,,-1.0, -1,1987.0,B01,138Â 303Â 240,2.0,0.0,-1.0,1638863,2.0,33,,0.0,2.0,1.0,B01,138Â 303Â 240,1.0
960253,201900001784,10,22,18:40,1,1,1,1.0,3.0,93008,AUTOROUTE A86,M,"48,9107500","2,4420200",93,2019,90.0,1.0,1.0,1.0,2146162,1.0,1,1,1,0.0,,-1.0, -1,1980.0,A01,138Â 303Â 237,1.0,4.0,-1.0,1638864,1.0,7,,0.0,2.0,5.0,A01,138Â 303Â 237,1.0
960253,201900001784,10,22,18:40,1,1,1,1.0,3.0,93008,AUTOROUTE A86,M,"48,9107500","2,4420200",93,2019,90.0,1.0,1.0,1.0,2146162,1.0,1,1,1,0.0,,-1.0, -1,1980.0,A01,138Â 303Â 237,1.0,4.0,-1.0,1638865,1.0,33,,0.0,2.0,1.0,B01,138Â 303Â 238,1.0
960253,201900001784,10,22,18:40,1,1,1,1.0,3.0,93008,AUTOROUTE A86,M,"48,9107500","2,4420200",93,2019,90.0,1.0,1.0,1.0,2146163,1.0,1,4,1,0.0,,-1.0, -1,1992.0,B01,138Â 303Â 238,2.0,6.0,-1.0,1638864,1.0,7,,0.0,2.0,5.0,A01,138Â 303Â 237,1.0