Unnamed: 0_x,num_acc,mois,jour,hrmn,lum,agg,int,atm,col,com,adr,gps,lat,long,dep,annee,vma,situ,surf,catr,Unnamed: 0_y,place,catu,grav,sexe,trajet,secu,locp,actp,an_nais,num_veh_x,id_vehicule_x,secu1,secu2,secu3,Unnamed: 0,senc,catv,occutc,obs,obsm,choc,num_veh_y,id_vehicule_y,motor
960253,201900001784,10,22,18:40,1,1,1,1.0,3.0,93008,AUTOROUTE A86,M,"48,9107500","2,4420200",93,2019,90.0,1.0,1.0,1.0,2146163,1.0,1,4,1,0.0,,-1.0, -1,1992.0,B01,138Â 303Â 238,2.0,6.0,-1.0,1638865,1.0,33,,0.0,2.0,1.0,B01,138Â 303Â 238,1.0
960254,201900001785,10,22,13:40,1,1,1,5.0,7.0,95424,AUTOROUTE A15,M,"48,9924700","2,1882000",95,2019,110.0,1.0,1.0,1.0,2146164,1.0,1,4,1,4.0,,-1.0,0,1987.0,A01,138Â 303Â 236,2.0,0.0,-1.0,1638866,1.0,33,,0.0,0.0,9.0,A01,138Â 303Â 236,1.0
960255,201900001786,10,24,20:00,4,1,1,1.0,2.0,77373,RN104,M,"48,7888000","2,6176000",77,2019,90.0,1.0,1.0,2.0,2146165,1.0,1,1,1,5.0,,-1.0,0,1996.0,B01,138Â 303Â 234,1.0,0.0,-1.0,1638867,1.0,7,,0.0,2.0,5.0,B01,138Â 303Â 234,1.0
960255,201900001786,10,24,20:00,4,1,1,1.0,2.0,77373,RN104,M,"48,7888000","2,6176000",77,2019,90.0,1.0,1.0,2.0,2146165,1.0,1,1,1,5.0,,-1.0,0,1996.0,B01,138Â 303Â 234,1.0,0.0,-1.0,1638868,1.0,7,,0.0,2.0,1.0,A01,138Â 303Â 235,1.0
960255,201900001786,10,24,20:00,4,1,1,1.0,2.0,77373,RN104,M,"48,7888000","2,6176000",77,2019,90.0,1.0,1.0,2.0,2146166,1.0,1,3,1,0.0,,-1.0,0,1968.0,A01,138Â 303Â 235,1.0,0.0,-1.0,1638867,1.0,7,,0.0,2.0,5.0,B01,138Â 303Â 234,1.0
960255,201900001786,10,24,20:00,4,1,1,1.0,2.0,77373,RN104,M,"48,7888000","2,6176000",77,2019,90.0,1.0,1.0,2.0,2146166,1.0,1,3,1,0.0,,-1.0,0,1968.0,A01,138Â 303Â 235,1.0,0.0,-1.0,1638868,1.0,7,,0.0,2.0,1.0,A01,138Â 303Â 235,1.0
960256,201900001787,10,24,20:00,5,1,1,1.0,4.0,94065,A86 EXT,M,"48,7540000","2,3507500",94,2019,90.0,1.0,1.0,1.0,2146167,2.0,2,4,1,0.0,,-1.0, -1,1998.0,A01,138Â 303Â 231,2.0,8.0,-1.0,1638869,2.0,33,,0.0,2.0,1.0,A01,138Â 303Â 231,1.0
960256,201900001787,10,24,20:00,5,1,1,1.0,4.0,94065,A86 EXT,M,"48,7540000","2,3507500",94,2019,90.0,1.0,1.0,1.0,2146167,2.0,2,4,1,0.0,,-1.0, -1,1998.0,A01,138Â 303Â 231,2.0,8.0,-1.0,1638870,2.0,7,,0.0,2.0,3.0,B01,138Â 303Â 232,1.0
960256,201900001787,10,24,20:00,5,1,1,1.0,4.0,94065,A86 EXT,M,"48,7540000","2,3507500",94,2019,90.0,1.0,1.0,1.0,2146167,2.0,2,4,1,0.0,,-1.0, -1,1998.0,A01,138Â 303Â 231,2.0,8.0,-1.0,1638871,2.0,7,,0.0,2.0,5.0,C01,138Â 303Â 233,1.0
960256,201900001787,10,24,20:00,5,1,1,1.0,4.0,94065,A86 EXT,M,"48,7540000","2,3507500",94,2019,90.0,1.0,1.0,1.0,2146168,1.0,1,4,1,0.0,,-1.0, -1,1984.0,A01,138Â 303Â 231,2.0,8.0,-1.0,1638869,2.0,33,,0.0,2.0,1.0,A01,138Â 303Â 231,1.0
960256,201900001787,10,24,20:00,5,1,1,1.0,4.0,94065,A86 EXT,M,"48,7540000","2,3507500",94,2019,90.0,1.0,1.0,1.0,2146168,1.0,1,4,1,0.0,,-1.0, -1,1984.0,A01,138Â 303Â 231,2.0,8.0,-1.0,1638870,2.0,7,,0.0,2.0,3.0,B01,138Â 303Â 232,1.0
960256,201900001787,10,24,20:00,5,1,1,1.0,4.0,94065,A86 EXT,M,"48,7540000","2,3507500",94,2019,90.0,1.0,1.0,1.0,2146168,1.0,1,4,1,0.0,,-1.0, -1,1984.0,A01,138Â 303Â 231,2.0,8.0,-1.0,1638871,2.0,7,,0.0,2.0,5.0,C01,138Â 303Â 233,1.0
960256,201900001787,10,24,20:00,5,1,1,1.0,4.0,94065,A86 EXT,M,"48,7540000","2,3507500",94,2019,90.0,1.0,1.0,1.0,2146169,1.0,1,1,1,9.0,,-1.0, -1,1996.0,B01,138Â 303Â 232,1.0,8.0,-1.0,1638869,2.0,33,,0.0,2.0,1.0,A01,138Â 303Â 231,1.0
960256,201900001787,10,24,20:00,5,1,1,1.0,4.0,94065,A86 EXT,M,"48,7540000","2,3507500",94,2019,90.0,1.0,1.0,1.0,2146169,1.0,1,1,1,9.0,,-1.0, -1,1996.0,B01,138Â 303Â 232,1.0,8.0,-1.0,1638870,2.0,7,,0.0,2.0,3.0,B01,138Â 303Â 232,1.0
960256,201900001787,10,24,20:00,5,1,1,1.0,4.0,94065,A86 EXT,M,"48,7540000","2,3507500",94,2019,90.0,1.0,1.0,1.0,2146169,1.0,1,1,1,9.0,,-1.0, -1,1996.0,B01,138Â 303Â 232,1.0,8.0,-1.0,1638871,2.0,7,,0.0,2.0,5.0,C01,138Â 303Â 233,1.0
960256,201900001787,10,24,20:00,5,1,1,1.0,4.0,94065,A86 EXT,M,"48,7540000","2,3507500",94,2019,90.0,1.0,1.0,1.0,2146170,1.0,1,1,1,0.0,,-1.0, -1,1992.0,C01,138Â 303Â 233,1.0,8.0,-1.0,1638869,2.0,33,,0.0,2.0,1.0,A01,138Â 303Â 231,1.0
960256,201900001787,10,24,20:00,5,1,1,1.0,4.0,94065,A86 EXT,M,"48,7540000","2,3507500",94,2019,90.0,1.0,1.0,1.0,2146170,1.0,1,1,1,0.0,,-1.0, -1,1992.0,C01,138Â 303Â 233,1.0,8.0,-1.0,1638870,2.0,7,,0.0,2.0,3.0,B01,138Â 303Â 232,1.0
960256,201900001787,10,24,20:00,5,1,1,1.0,4.0,94065,A86 EXT,M,"48,7540000","2,3507500",94,2019,90.0,1.0,1.0,1.0,2146170,1.0,1,1,1,0.0,,-1.0, -1,1992.0,C01,138Â 303Â 233,1.0,8.0,-1.0,1638871,2.0,7,,0.0,2.0,5.0,C01,138Â 303Â 233,1.0
960257,201900001788,10,24,08:00,2,1,1,1.0,4.0,94018,A4,M,"48,8176000","2,4188000",94,2019,90.0,1.0,1.0,1.0,2146171,1.0,1,1,1,5.0,,-1.0, -1,1946.0,A01,138Â 303Â 228,1.0,8.0,-1.0,1638872,2.0,7,,0.0,2.0,4.0,A01,138Â 303Â 228,1.0
960257,201900001788,10,24,08:00,2,1,1,1.0,4.0,94018,A4,M,"48,8176000","2,4188000",94,2019,90.0,1.0,1.0,1.0,2146171,1.0,1,1,1,5.0,,-1.0, -1,1946.0,A01,138Â 303Â 228,1.0,8.0,-1.0,1638873,2.0,10,,0.0,2.0,7.0,C01,138Â 303Â 229,1.0
960257,201900001788,10,24,08:00,2,1,1,1.0,4.0,94018,A4,M,"48,8176000","2,4188000",94,2019,90.0,1.0,1.0,1.0,2146171,1.0,1,1,1,5.0,,-1.0, -1,1946.0,A01,138Â 303Â 228,1.0,8.0,-1.0,1638874,2.0,32,,0.0,2.0,1.0,B01,138Â 303Â 230,1.0
960257,201900001788,10,24,08:00,2,1,1,1.0,4.0,94018,A4,M,"48,8176000","2,4188000",94,2019,90.0,1.0,1.0,1.0,2146172,1.0,1,1,1,4.0,,-1.0, -1,1982.0,C01,138Â 303Â 229,1.0,8.0,-1.0,1638872,2.0,7,,0.0,2.0,4.0,A01,138Â 303Â 228,1.0
960257,201900001788,10,24,08:00,2,1,1,1.0,4.0,94018,A4,M,"48,8176000","2,4188000",94,2019,90.0,1.0,1.0,1.0,2146172,1.0,1,1,1,4.0,,-1.0, -1,1982.0,C01,138Â 303Â 229,1.0,8.0,-1.0,1638873,2.0,10,,0.0,2.0,7.0,C01,138Â 303Â 229,1.0
960257,201900001788,10,24,08:00,2,1,1,1.0,4.0,94018,A4,M,"48,8176000","2,4188000",94,2019,90.0,1.0,1.0,1.0,2146172,1.0,1,1,1,4.0,,-1.0, -1,1982.0,C01,138Â 303Â 229,1.0,8.0,-1.0,1638874,2.0,32,,0.0,2.0,1.0,B01,138Â 303Â 230,1.0
960257,201900001788,10,24,08:00,2,1,1,1.0,4.0,94018,A4,M,"48,8176000","2,4188000",94,2019,90.0,1.0,1.0,1.0,2146173,1.0,1,4,1,5.0,,-1.0, -1,1983.0,B01,138Â 303Â 230,2.0,8.0,-1.0,1638872,2.0,7,,0.0,2.0,4.0,A01,138Â 303Â 228,1.0
960257,201900001788,10,24,08:00,2,1,1,1.0,4.0,94018,A4,M,"48,8176000","2,4188000",94,2019,90.0,1.0,1.0,1.0,2146173,1.0,1,4,1,5.0,,-1.0, -1,1983.0,B01,138Â 303Â 230,2.0,8.0,-1.0,1638873,2.0,10,,0.0,2.0,7.0,C01,138Â 303Â 229,1.0
960257,201900001788,10,24,08:00,2,1,1,1.0,4.0,94018,A4,M,"48,8176000","2,4188000",94,2019,90.0,1.0,1.0,1.0,2146173,1.0,1,4,1,5.0,,-1.0, -1,1983.0,B01,138Â 303Â 230,2.0,8.0,-1.0,1638874,2.0,32,,0.0,2.0,1.0,B01,138Â 303Â 230,1.0
960258,201900001789,10,24,07:40,3,1,1,1.0,2.0,94018,A4,M,"48,8175600","2,4221900",94,2019,90.0,1.0,1.0,1.0,2146174,1.0,1,1,1,1.0,,-1.0, -1,1961.0,B01,138Â 303Â 226,1.0,4.0,-1.0,1638875,2.0,7,,0.0,2.0,2.0,B01,138Â 303Â 226,0.0
960258,201900001789,10,24,07:40,3,1,1,1.0,2.0,94018,A4,M,"48,8175600","2,4221900",94,2019,90.0,1.0,1.0,1.0,2146174,1.0,1,1,1,1.0,,-1.0, -1,1961.0,B01,138Â 303Â 226,1.0,4.0,-1.0,1638876,2.0,32,,0.0,2.0,3.0,A01,138Â 303Â 227,0.0
960258,201900001789,10,24,07:40,3,1,1,1.0,2.0,94018,A4,M,"48,8175600","2,4221900",94,2019,90.0,1.0,1.0,1.0,2146175,1.0,1,4,1,1.0,,-1.0, -1,1969.0,A01,138Â 303Â 227,2.0,6.0,-1.0,1638875,2.0,7,,0.0,2.0,2.0,B01,138Â 303Â 226,0.0
960258,201900001789,10,24,07:40,3,1,1,1.0,2.0,94018,A4,M,"48,8175600","2,4221900",94,2019,90.0,1.0,1.0,1.0,2146175,1.0,1,4,1,1.0,,-1.0, -1,1969.0,A01,138Â 303Â 227,2.0,6.0,-1.0,1638876,2.0,32,,0.0,2.0,3.0,A01,138Â 303Â 227,0.0
960259,201900001790,10,22,20:45,3,1,1,1.0,2.0,94018,A4,M,"48,8182579","2,4107479",94,2019,90.0,1.0,1.0,1.0,2146176,2.0,2,4,2,0.0,,-1.0, -1,1997.0,A01,138Â 303Â 224,1.0,8.0,-1.0,1638877,2.0,7,,0.0,2.0,1.0,A01,138Â 303Â 224,1.0
960259,201900001790,10,22,20:45,3,1,1,1.0,2.0,94018,A4,M,"48,8182579","2,4107479",94,2019,90.0,1.0,1.0,1.0,2146176,2.0,2,4,2,0.0,,-1.0, -1,1997.0,A01,138Â 303Â 224,1.0,8.0,-1.0,1638878,2.0,7,,0.0,2.0,4.0,B01,138Â 303Â 225,1.0
960259,201900001790,10,22,20:45,3,1,1,1.0,2.0,94018,A4,M,"48,8182579","2,4107479",94,2019,90.0,1.0,1.0,1.0,2146177,1.0,1,4,2,5.0,,-1.0, -1,1998.0,A01,138Â 303Â 224,1.0,8.0,-1.0,1638877,2.0,7,,0.0,2.0,1.0,A01,138Â 303Â 224,1.0
960259,201900001790,10,22,20:45,3,1,1,1.0,2.0,94018,A4,M,"48,8182579","2,4107479",94,2019,90.0,1.0,1.0,1.0,2146177,1.0,1,4,2,5.0,,-1.0, -1,1998.0,A01,138Â 303Â 224,1.0,8.0,-1.0,1638878,2.0,7,,0.0,2.0,4.0,B01,138Â 303Â 225,1.0
960259,201900001790,10,22,20:45,3,1,1,1.0,2.0,94018,A4,M,"48,8182579","2,4107479",94,2019,90.0,1.0,1.0,1.0,2146178,1.0,1,1,2,0.0,,-1.0, -1,1992.0,B01,138Â 303Â 225,1.0,8.0,-1.0,1638877,2.0,7,,0.0,2.0,1.0,A01,138Â 303Â 224,1.0
960259,201900001790,10,22,20:45,3,1,1,1.0,2.0,94018,A4,M,"48,8182579","2,4107479",94,2019,90.0,1.0,1.0,1.0,2146178,1.0,1,1,2,0.0,,-1.0, -1,1992.0,B01,138Â 303Â 225,1.0,8.0,-1.0,1638878,2.0,7,,0.0,2.0,4.0,B01,138Â 303Â 225,1.0
960260,201900001791,10,22,20:00,3,1,1,1.0,4.0,94073,A86 EXT,M,"48,7667000","2,3833000",94,2019,90.0,1.0,1.0,1.0,2146179,1.0,1,1,2,1.0,,-1.0, -1,1989.0,C01,138Â 303Â 221,1.0,0.0,-1.0,1638879,2.0,7,,0.0,2.0,1.0,C01,138Â 303Â 221,1.0
960260,201900001791,10,22,20:00,3,1,1,1.0,4.0,94073,A86 EXT,M,"48,7667000","2,3833000",94,2019,90.0,1.0,1.0,1.0,2146179,1.0,1,1,2,1.0,,-1.0, -1,1989.0,C01,138Â 303Â 221,1.0,0.0,-1.0,1638880,2.0,10,,0.0,2.0,4.0,B01,138Â 303Â 222,1.0
960260,201900001791,10,22,20:00,3,1,1,1.0,4.0,94073,A86 EXT,M,"48,7667000","2,3833000",94,2019,90.0,1.0,1.0,1.0,2146179,1.0,1,1,2,1.0,,-1.0, -1,1989.0,C01,138Â 303Â 221,1.0,0.0,-1.0,1638881,2.0,10,,0.0,2.0,4.0,A01,138Â 303Â 223,1.0
960260,201900001791,10,22,20:00,3,1,1,1.0,4.0,94073,A86 EXT,M,"48,7667000","2,3833000",94,2019,90.0,1.0,1.0,1.0,2146180,1.0,1,4,1,1.0,,-1.0, -1,1979.0,B01,138Â 303Â 222,1.0,0.0,-1.0,1638879,2.0,7,,0.0,2.0,1.0,C01,138Â 303Â 221,1.0
960260,201900001791,10,22,20:00,3,1,1,1.0,4.0,94073,A86 EXT,M,"48,7667000","2,3833000",94,2019,90.0,1.0,1.0,1.0,2146180,1.0,1,4,1,1.0,,-1.0, -1,1979.0,B01,138Â 303Â 222,1.0,0.0,-1.0,1638880,2.0,10,,0.0,2.0,4.0,B01,138Â 303Â 222,1.0
960260,201900001791,10,22,20:00,3,1,1,1.0,4.0,94073,A86 EXT,M,"48,7667000","2,3833000",94,2019,90.0,1.0,1.0,1.0,2146180,1.0,1,4,1,1.0,,-1.0, -1,1979.0,B01,138Â 303Â 222,1.0,0.0,-1.0,1638881,2.0,10,,0.0,2.0,4.0,A01,138Â 303Â 223,1.0
960260,201900001791,10,22,20:00,3,1,1,1.0,4.0,94073,A86 EXT,M,"48,7667000","2,3833000",94,2019,90.0,1.0,1.0,1.0,2146181,1.0,1,1,1,1.0,,-1.0, -1,1989.0,A01,138Â 303Â 223,1.0,0.0,-1.0,1638879,2.0,7,,0.0,2.0,1.0,C01,138Â 303Â 221,1.0
960260,201900001791,10,22,20:00,3,1,1,1.0,4.0,94073,A86 EXT,M,"48,7667000","2,3833000",94,2019,90.0,1.0,1.0,1.0,2146181,1.0,1,1,1,1.0,,-1.0, -1,1989.0,A01,138Â 303Â 223,1.0,0.0,-1.0,1638880,2.0,10,,0.0,2.0,4.0,B01,138Â 303Â 222,1.0
960260,201900001791,10,22,20:00,3,1,1,1.0,4.0,94073,A86 EXT,M,"48,7667000","2,3833000",94,2019,90.0,1.0,1.0,1.0,2146181,1.0,1,1,1,1.0,,-1.0, -1,1989.0,A01,138Â 303Â 223,1.0,0.0,-1.0,1638881,2.0,10,,0.0,2.0,4.0,A01,138Â 303Â 223,1.0
960261,201900001792,10,21,17:45,1,2,7,1.0,1.0,71153,VILAR (RUE JEAN),M,"46,7849000","4,4347200",71,2019,50.0,1.0,1.0,4.0,2146182,1.0,1,1,1,5.0,,0.0,0,1928.0,A01,138Â 303Â 216,1.0,0.0,-1.0,1638882,2.0,7,,0.0,2.0,1.0,A01,138Â 303Â 216,1.0
960261,201900001792,10,21,17:45,1,2,7,1.0,1.0,71153,VILAR (RUE JEAN),M,"46,7849000","4,4347200",71,2019,50.0,1.0,1.0,4.0,2146182,1.0,1,1,1,5.0,,0.0,0,1928.0,A01,138Â 303Â 216,1.0,0.0,-1.0,1638883,1.0,1,,0.0,2.0,1.0,B01,138Â 303Â 217,5.0
960261,201900001792,10,21,17:45,1,2,7,1.0,1.0,71153,VILAR (RUE JEAN),M,"46,7849000","4,4347200",71,2019,50.0,1.0,1.0,4.0,2146183,1.0,1,3,1,5.0,,-1.0, -1,1964.0,B01,138Â 303Â 217,8.0,0.0,-1.0,1638882,2.0,7,,0.0,2.0,1.0,A01,138Â 303Â 216,1.0
960261,201900001792,10,21,17:45,1,2,7,1.0,1.0,71153,VILAR (RUE JEAN),M,"46,7849000","4,4347200",71,2019,50.0,1.0,1.0,4.0,2146183,1.0,1,3,1,5.0,,-1.0, -1,1964.0,B01,138Â 303Â 217,8.0,0.0,-1.0,1638883,1.0,1,,0.0,2.0,1.0,B01,138Â 303Â 217,5.0
960262,201900001793,10,22,17:25,1,1,2,1.0,3.0,50532,CROISSANT (ROUTE DU),M,"48,8154060"," -1,5474000",50,2019,80.0,1.0,1.0,4.0,2146184,1.0,1,1,2,5.0,,0.0,0,1997.0,B01,138Â 303Â 214,1.0,8.0,-1.0,1638884,1.0,7,,0.0,2.0,1.0,B01,138Â 303Â 214,1.0
960262,201900001793,10,22,17:25,1,1,2,1.0,3.0,50532,CROISSANT (ROUTE DU),M,"48,8154060"," -1,5474000",50,2019,80.0,1.0,1.0,4.0,2146184,1.0,1,1,2,5.0,,0.0,0,1997.0,B01,138Â 303Â 214,1.0,8.0,-1.0,1638885,1.0,7,,0.0,2.0,6.0,A01,138Â 303Â 215,1.0
960262,201900001793,10,22,17:25,1,1,2,1.0,3.0,50532,CROISSANT (ROUTE DU),M,"48,8154060"," -1,5474000",50,2019,80.0,1.0,1.0,4.0,2146185,2.0,2,1,1,0.0,,-1.0, -1,2007.0,A01,138Â 303Â 215,1.0,0.0,-1.0,1638884,1.0,7,,0.0,2.0,1.0,B01,138Â 303Â 214,1.0
960262,201900001793,10,22,17:25,1,1,2,1.0,3.0,50532,CROISSANT (ROUTE DU),M,"48,8154060"," -1,5474000",50,2019,80.0,1.0,1.0,4.0,2146185,2.0,2,1,1,0.0,,-1.0, -1,2007.0,A01,138Â 303Â 215,1.0,0.0,-1.0,1638885,1.0,7,,0.0,2.0,6.0,A01,138Â 303Â 215,1.0
960262,201900001793,10,22,17:25,1,1,2,1.0,3.0,50532,CROISSANT (ROUTE DU),M,"48,8154060"," -1,5474000",50,2019,80.0,1.0,1.0,4.0,2146186,1.0,1,4,2,5.0,,0.0,0,1938.0,A01,138Â 303Â 215,1.0,8.0,-1.0,1638884,1.0,7,,0.0,2.0,1.0,B01,138Â 303Â 214,1.0
960262,201900001793,10,22,17:25,1,1,2,1.0,3.0,50532,CROISSANT (ROUTE DU),M,"48,8154060"," -1,5474000",50,2019,80.0,1.0,1.0,4.0,2146186,1.0,1,4,2,5.0,,0.0,0,1938.0,A01,138Â 303Â 215,1.0,8.0,-1.0,1638885,1.0,7,,0.0,2.0,6.0,A01,138Â 303Â 215,1.0
960263,201900001794,10,23,09:30,1,1,1,8.0,6.0,13211,Sens Aubagne vers Marseille,M,"43,2870500","5,4358800",13,2019,70.0,1.0,1.0,1.0,2146187,1.0,1,1,1,4.0,,-1.0, -1,1966.0,B01,138Â 303Â 212,1.0,0.0,-1.0,1638886,2.0,14,,3.0,0.0,1.0,B01,138Â 303Â 212,1.0
960263,201900001794,10,23,09:30,1,1,1,8.0,6.0,13211,Sens Aubagne vers Marseille,M,"43,2870500","5,4358800",13,2019,70.0,1.0,1.0,1.0,2146187,1.0,1,1,1,4.0,,-1.0, -1,1966.0,B01,138Â 303Â 212,1.0,0.0,-1.0,1638887,2.0,7,,14.0,0.0,2.0,A01,138Â 303Â 213,1.0
960263,201900001794,10,23,09:30,1,1,1,8.0,6.0,13211,Sens Aubagne vers Marseille,M,"43,2870500","5,4358800",13,2019,70.0,1.0,1.0,1.0,2146188,1.0,1,4,2,0.0,,-1.0, -1,1958.0,A01,138Â 303Â 213,1.0,0.0,-1.0,1638886,2.0,14,,3.0,0.0,1.0,B01,138Â 303Â 212,1.0
960263,201900001794,10,23,09:30,1,1,1,8.0,6.0,13211,Sens Aubagne vers Marseille,M,"43,2870500","5,4358800",13,2019,70.0,1.0,1.0,1.0,2146188,1.0,1,4,2,0.0,,-1.0, -1,1958.0,A01,138Â 303Â 213,1.0,0.0,-1.0,1638887,2.0,7,,14.0,0.0,2.0,A01,138Â 303Â 213,1.0
960264,201900001795,10,21,19:25,4,1,1,1.0,5.0,93005,AUTOROUTE A3,M,"48,9601800","2,4735200",93,2019,90.0,1.0,1.0,1.0,2146189,1.0,1,1,2,0.0,,-1.0, -1,1963.0,C01,138Â 303Â 209,1.0,0.0,-1.0,1638888,1.0,7,,0.0,2.0,3.0,C01,138Â 303Â 209,2.0
960264,201900001795,10,21,19:25,4,1,1,1.0,5.0,93005,AUTOROUTE A3,M,"48,9601800","2,4735200",93,2019,90.0,1.0,1.0,1.0,2146189,1.0,1,1,2,0.0,,-1.0, -1,1963.0,C01,138Â 303Â 209,1.0,0.0,-1.0,1638889,1.0,10,,0.0,2.0,3.0,B01,138Â 303Â 210,1.0
960264,201900001795,10,21,19:25,4,1,1,1.0,5.0,93005,AUTOROUTE A3,M,"48,9601800","2,4735200",93,2019,90.0,1.0,1.0,1.0,2146189,1.0,1,1,2,0.0,,-1.0, -1,1963.0,C01,138Â 303Â 209,1.0,0.0,-1.0,1638890,1.0,7,,0.0,2.0,1.0,A01,138Â 303Â 211,1.0
960264,201900001795,10,21,19:25,4,1,1,1.0,5.0,93005,AUTOROUTE A3,M,"48,9601800","2,4735200",93,2019,90.0,1.0,1.0,1.0,2146190,1.0,1,1,1,0.0,,-1.0, -1,1979.0,B01,138Â 303Â 210,1.0,0.0,-1.0,1638888,1.0,7,,0.0,2.0,3.0,C01,138Â 303Â 209,2.0
960264,201900001795,10,21,19:25,4,1,1,1.0,5.0,93005,AUTOROUTE A3,M,"48,9601800","2,4735200",93,2019,90.0,1.0,1.0,1.0,2146190,1.0,1,1,1,0.0,,-1.0, -1,1979.0,B01,138Â 303Â 210,1.0,0.0,-1.0,1638889,1.0,10,,0.0,2.0,3.0,B01,138Â 303Â 210,1.0
960264,201900001795,10,21,19:25,4,1,1,1.0,5.0,93005,AUTOROUTE A3,M,"48,9601800","2,4735200",93,2019,90.0,1.0,1.0,1.0,2146190,1.0,1,1,1,0.0,,-1.0, -1,1979.0,B01,138Â 303Â 210,1.0,0.0,-1.0,1638890,1.0,7,,0.0,2.0,1.0,A01,138Â 303Â 211,1.0
960264,201900001795,10,21,19:25,4,1,1,1.0,5.0,93005,AUTOROUTE A3,M,"48,9601800","2,4735200",93,2019,90.0,1.0,1.0,1.0,2146191,1.0,1,4,1,0.0,,-1.0, -1,1994.0,A01,138Â 303Â 211,1.0,0.0,-1.0,1638888,1.0,7,,0.0,2.0,3.0,C01,138Â 303Â 209,2.0
960264,201900001795,10,21,19:25,4,1,1,1.0,5.0,93005,AUTOROUTE A3,M,"48,9601800","2,4735200",93,2019,90.0,1.0,1.0,1.0,2146191,1.0,1,4,1,0.0,,-1.0, -1,1994.0,A01,138Â 303Â 211,1.0,0.0,-1.0,1638889,1.0,10,,0.0,2.0,3.0,B01,138Â 303Â 210,1.0
960264,201900001795,10,21,19:25,4,1,1,1.0,5.0,93005,AUTOROUTE A3,M,"48,9601800","2,4735200",93,2019,90.0,1.0,1.0,1.0,2146191,1.0,1,4,1,0.0,,-1.0, -1,1994.0,A01,138Â 303Â 211,1.0,0.0,-1.0,1638890,1.0,7,,0.0,2.0,1.0,A01,138Â 303Â 211,1.0
960265,201900001796,10,20,22:15,4,1,1,2.0,6.0,93053,AUTOROUTE A3,M,"48,8957000","2,4709000",93,2019,70.0,1.0,2.0,1.0,2146192,1.0,1,4,1,0.0,,-1.0, -1,1994.0,A01,138Â 303Â 208,1.0,8.0,-1.0,1638891,1.0,7,,4.0,0.0,1.0,A01,138Â 303Â 208,1.0
960266,201900001797,10,23,18:17,4,2,1,1.0,6.0,97611,kaweni-Kaweni nord ( Z I ),M," -12,7613600","45,2263800",976,2019,50.0,1.0,1.0,2.0,2146193,10.0,3,4,1,0.0,,2.0,3,2004.0,A01,138Â 303Â 207,8.0,0.0,-1.0,1638892,1.0,7,,0.0,2.0,7.0,A01,138Â 303Â 207,1.0
960266,201900001797,10,23,18:17,4,2,1,1.0,6.0,97611,kaweni-Kaweni nord ( Z I ),M," -12,7613600","45,2263800",976,2019,50.0,1.0,1.0,2.0,2146194,1.0,1,1,1,0.0,,0.0,0,1992.0,A01,138Â 303Â 207,1.0,8.0,-1.0,1638892,1.0,7,,0.0,2.0,7.0,A01,138Â 303Â 207,1.0
960267,201900001798,10,23,13:10,1,1,2,1.0,3.0,97416,SAINT-EXPEDIT (RUE),M," -21,3455930","55,4836770",974,2019,50.0,1.0,1.0,4.0,2146195,1.0,1,1,1,9.0,,-1.0,0,2001.0,B01,138Â 303Â 205,1.0,8.0,-1.0,1638893,1.0,7,,0.0,2.0,2.0,B01,138Â 303Â 205,1.0
960267,201900001798,10,23,13:10,1,1,2,1.0,3.0,97416,SAINT-EXPEDIT (RUE),M," -21,3455930","55,4836770",974,2019,50.0,1.0,1.0,4.0,2146195,1.0,1,1,1,9.0,,-1.0,0,2001.0,B01,138Â 303Â 205,1.0,8.0,-1.0,1638894,1.0,7,,0.0,2.0,3.0,A01,138Â 303Â 206,0.0
960267,201900001798,10,23,13:10,1,1,2,1.0,3.0,97416,SAINT-EXPEDIT (RUE),M," -21,3455930","55,4836770",974,2019,50.0,1.0,1.0,4.0,2146196,5.0,2,1,1,9.0,,-1.0,0,2015.0,A01,138Â 303Â 206,1.0,8.0,-1.0,1638893,1.0,7,,0.0,2.0,2.0,B01,138Â 303Â 205,1.0
960267,201900001798,10,23,13:10,1,1,2,1.0,3.0,97416,SAINT-EXPEDIT (RUE),M," -21,3455930","55,4836770",974,2019,50.0,1.0,1.0,4.0,2146196,5.0,2,1,1,9.0,,-1.0,0,2015.0,A01,138Â 303Â 206,1.0,8.0,-1.0,1638894,1.0,7,,0.0,2.0,3.0,A01,138Â 303Â 206,0.0
960267,201900001798,10,23,13:10,1,1,2,1.0,3.0,97416,SAINT-EXPEDIT (RUE),M," -21,3455930","55,4836770",974,2019,50.0,1.0,1.0,4.0,2146197,2.0,2,1,2,9.0,,-1.0, -1,1963.0,A01,138Â 303Â 206,1.0,8.0,-1.0,1638893,1.0,7,,0.0,2.0,2.0,B01,138Â 303Â 205,1.0
960267,201900001798,10,23,13:10,1,1,2,1.0,3.0,97416,SAINT-EXPEDIT (RUE),M," -21,3455930","55,4836770",974,2019,50.0,1.0,1.0,4.0,2146197,2.0,2,1,2,9.0,,-1.0, -1,1963.0,A01,138Â 303Â 206,1.0,8.0,-1.0,1638894,1.0,7,,0.0,2.0,3.0,A01,138Â 303Â 206,0.0