Unnamed: 0_x,num_acc,mois,jour,hrmn,lum,agg,int,atm,col,com,adr,gps,lat,long,dep,annee,vma,situ,surf,catr,Unnamed: 0_y,place,catu,grav,sexe,trajet,secu,locp,actp,an_nais,num_veh_x,id_vehicule_x,secu1,secu2,secu3,Unnamed: 0,senc,catv,occutc,obs,obsm,choc,num_veh_y,id_vehicule_y,motor
960267,201900001798,10,23,13:10,1,1,2,1.0,3.0,97416,SAINT-EXPEDIT (RUE),M," -21,3455930","55,4836770",974,2019,50.0,1.0,1.0,4.0,2146198,4.0,2,1,1,9.0,,-1.0, -1,2012.0,A01,138Â 303Â 206,1.0,8.0,-1.0,1638893,1.0,7,,0.0,2.0,2.0,B01,138Â 303Â 205,1.0
960267,201900001798,10,23,13:10,1,1,2,1.0,3.0,97416,SAINT-EXPEDIT (RUE),M," -21,3455930","55,4836770",974,2019,50.0,1.0,1.0,4.0,2146198,4.0,2,1,1,9.0,,-1.0, -1,2012.0,A01,138Â 303Â 206,1.0,8.0,-1.0,1638894,1.0,7,,0.0,2.0,3.0,A01,138Â 303Â 206,0.0
960267,201900001798,10,23,13:10,1,1,2,1.0,3.0,97416,SAINT-EXPEDIT (RUE),M," -21,3455930","55,4836770",974,2019,50.0,1.0,1.0,4.0,2146199,1.0,1,4,2,9.0,,-1.0, -1,1983.0,A01,138Â 303Â 206,1.0,8.0,-1.0,1638893,1.0,7,,0.0,2.0,2.0,B01,138Â 303Â 205,1.0
960267,201900001798,10,23,13:10,1,1,2,1.0,3.0,97416,SAINT-EXPEDIT (RUE),M," -21,3455930","55,4836770",974,2019,50.0,1.0,1.0,4.0,2146199,1.0,1,4,2,9.0,,-1.0, -1,1983.0,A01,138Â 303Â 206,1.0,8.0,-1.0,1638894,1.0,7,,0.0,2.0,3.0,A01,138Â 303Â 206,0.0
960268,201900001799,10,23,17:10,1,2,3,1.0,5.0,97409,DE LA GARE(RUE),M," -20,9614200","55,6564790",974,2019,50.0,1.0,1.0,4.0,2146200,1.0,1,4,1,0.0,,-1.0, -1,1957.0,A01,138Â 303Â 202,1.0,8.0,-1.0,1638895,1.0,7,,0.0,2.0,1.0,A01,138Â 303Â 202,0.0
960268,201900001799,10,23,17:10,1,2,3,1.0,5.0,97409,DE LA GARE(RUE),M," -20,9614200","55,6564790",974,2019,50.0,1.0,1.0,4.0,2146200,1.0,1,4,1,0.0,,-1.0, -1,1957.0,A01,138Â 303Â 202,1.0,8.0,-1.0,1638896,2.0,10,,0.0,2.0,5.0,B01,138Â 303Â 203,0.0
960268,201900001799,10,23,17:10,1,2,3,1.0,5.0,97409,DE LA GARE(RUE),M," -20,9614200","55,6564790",974,2019,50.0,1.0,1.0,4.0,2146200,1.0,1,4,1,0.0,,-1.0, -1,1957.0,A01,138Â 303Â 202,1.0,8.0,-1.0,1638897,1.0,7,,0.0,2.0,1.0,C01,138Â 303Â 204,0.0
960268,201900001799,10,23,17:10,1,2,3,1.0,5.0,97409,DE LA GARE(RUE),M," -20,9614200","55,6564790",974,2019,50.0,1.0,1.0,4.0,2146201,1.0,1,4,2,9.0,,-1.0,0,1989.0,B01,138Â 303Â 203,1.0,0.0,-1.0,1638895,1.0,7,,0.0,2.0,1.0,A01,138Â 303Â 202,0.0
960268,201900001799,10,23,17:10,1,2,3,1.0,5.0,97409,DE LA GARE(RUE),M," -20,9614200","55,6564790",974,2019,50.0,1.0,1.0,4.0,2146201,1.0,1,4,2,9.0,,-1.0,0,1989.0,B01,138Â 303Â 203,1.0,0.0,-1.0,1638896,2.0,10,,0.0,2.0,5.0,B01,138Â 303Â 203,0.0
960268,201900001799,10,23,17:10,1,2,3,1.0,5.0,97409,DE LA GARE(RUE),M," -20,9614200","55,6564790",974,2019,50.0,1.0,1.0,4.0,2146201,1.0,1,4,2,9.0,,-1.0,0,1989.0,B01,138Â 303Â 203,1.0,0.0,-1.0,1638897,1.0,7,,0.0,2.0,1.0,C01,138Â 303Â 204,0.0
960268,201900001799,10,23,17:10,1,2,3,1.0,5.0,97409,DE LA GARE(RUE),M," -20,9614200","55,6564790",974,2019,50.0,1.0,1.0,4.0,2146202,5.0,2,4,1,0.0,,-1.0, -1,2018.0,C01,138Â 303Â 204,1.0,8.0,-1.0,1638895,1.0,7,,0.0,2.0,1.0,A01,138Â 303Â 202,0.0
960268,201900001799,10,23,17:10,1,2,3,1.0,5.0,97409,DE LA GARE(RUE),M," -20,9614200","55,6564790",974,2019,50.0,1.0,1.0,4.0,2146202,5.0,2,4,1,0.0,,-1.0, -1,2018.0,C01,138Â 303Â 204,1.0,8.0,-1.0,1638896,2.0,10,,0.0,2.0,5.0,B01,138Â 303Â 203,0.0
960268,201900001799,10,23,17:10,1,2,3,1.0,5.0,97409,DE LA GARE(RUE),M," -20,9614200","55,6564790",974,2019,50.0,1.0,1.0,4.0,2146202,5.0,2,4,1,0.0,,-1.0, -1,2018.0,C01,138Â 303Â 204,1.0,8.0,-1.0,1638897,1.0,7,,0.0,2.0,1.0,C01,138Â 303Â 204,0.0
960268,201900001799,10,23,17:10,1,2,3,1.0,5.0,97409,DE LA GARE(RUE),M," -20,9614200","55,6564790",974,2019,50.0,1.0,1.0,4.0,2146203,3.0,2,4,2,0.0,,-1.0, -1,2014.0,C01,138Â 303Â 204,1.0,0.0,-1.0,1638895,1.0,7,,0.0,2.0,1.0,A01,138Â 303Â 202,0.0
960268,201900001799,10,23,17:10,1,2,3,1.0,5.0,97409,DE LA GARE(RUE),M," -20,9614200","55,6564790",974,2019,50.0,1.0,1.0,4.0,2146203,3.0,2,4,2,0.0,,-1.0, -1,2014.0,C01,138Â 303Â 204,1.0,0.0,-1.0,1638896,2.0,10,,0.0,2.0,5.0,B01,138Â 303Â 203,0.0
960268,201900001799,10,23,17:10,1,2,3,1.0,5.0,97409,DE LA GARE(RUE),M," -20,9614200","55,6564790",974,2019,50.0,1.0,1.0,4.0,2146203,3.0,2,4,2,0.0,,-1.0, -1,2014.0,C01,138Â 303Â 204,1.0,0.0,-1.0,1638897,1.0,7,,0.0,2.0,1.0,C01,138Â 303Â 204,0.0
960268,201900001799,10,23,17:10,1,2,3,1.0,5.0,97409,DE LA GARE(RUE),M," -20,9614200","55,6564790",974,2019,50.0,1.0,1.0,4.0,2146204,4.0,2,4,2,0.0,,-1.0, -1,2014.0,C01,138Â 303Â 204,1.0,0.0,-1.0,1638895,1.0,7,,0.0,2.0,1.0,A01,138Â 303Â 202,0.0
960268,201900001799,10,23,17:10,1,2,3,1.0,5.0,97409,DE LA GARE(RUE),M," -20,9614200","55,6564790",974,2019,50.0,1.0,1.0,4.0,2146204,4.0,2,4,2,0.0,,-1.0, -1,2014.0,C01,138Â 303Â 204,1.0,0.0,-1.0,1638896,2.0,10,,0.0,2.0,5.0,B01,138Â 303Â 203,0.0
960268,201900001799,10,23,17:10,1,2,3,1.0,5.0,97409,DE LA GARE(RUE),M," -20,9614200","55,6564790",974,2019,50.0,1.0,1.0,4.0,2146204,4.0,2,4,2,0.0,,-1.0, -1,2014.0,C01,138Â 303Â 204,1.0,0.0,-1.0,1638897,1.0,7,,0.0,2.0,1.0,C01,138Â 303Â 204,0.0
960268,201900001799,10,23,17:10,1,2,3,1.0,5.0,97409,DE LA GARE(RUE),M," -20,9614200","55,6564790",974,2019,50.0,1.0,1.0,4.0,2146205,1.0,1,4,1,0.0,,-1.0,0,1981.0,C01,138Â 303Â 204,1.0,0.0,-1.0,1638895,1.0,7,,0.0,2.0,1.0,A01,138Â 303Â 202,0.0
960268,201900001799,10,23,17:10,1,2,3,1.0,5.0,97409,DE LA GARE(RUE),M," -20,9614200","55,6564790",974,2019,50.0,1.0,1.0,4.0,2146205,1.0,1,4,1,0.0,,-1.0,0,1981.0,C01,138Â 303Â 204,1.0,0.0,-1.0,1638896,2.0,10,,0.0,2.0,5.0,B01,138Â 303Â 203,0.0
960268,201900001799,10,23,17:10,1,2,3,1.0,5.0,97409,DE LA GARE(RUE),M," -20,9614200","55,6564790",974,2019,50.0,1.0,1.0,4.0,2146205,1.0,1,4,1,0.0,,-1.0,0,1981.0,C01,138Â 303Â 204,1.0,0.0,-1.0,1638897,1.0,7,,0.0,2.0,1.0,C01,138Â 303Â 204,0.0
960268,201900001799,10,23,17:10,1,2,3,1.0,5.0,97409,DE LA GARE(RUE),M," -20,9614200","55,6564790",974,2019,50.0,1.0,1.0,4.0,2146206,2.0,2,4,2,0.0,,-1.0, -1,1980.0,C01,138Â 303Â 204,1.0,0.0,-1.0,1638895,1.0,7,,0.0,2.0,1.0,A01,138Â 303Â 202,0.0
960268,201900001799,10,23,17:10,1,2,3,1.0,5.0,97409,DE LA GARE(RUE),M," -20,9614200","55,6564790",974,2019,50.0,1.0,1.0,4.0,2146206,2.0,2,4,2,0.0,,-1.0, -1,1980.0,C01,138Â 303Â 204,1.0,0.0,-1.0,1638896,2.0,10,,0.0,2.0,5.0,B01,138Â 303Â 203,0.0
960268,201900001799,10,23,17:10,1,2,3,1.0,5.0,97409,DE LA GARE(RUE),M," -20,9614200","55,6564790",974,2019,50.0,1.0,1.0,4.0,2146206,2.0,2,4,2,0.0,,-1.0, -1,1980.0,C01,138Â 303Â 204,1.0,0.0,-1.0,1638897,1.0,7,,0.0,2.0,1.0,C01,138Â 303Â 204,0.0
960269,201900001800,10,24,00:00,5,2,1,3.0,6.0,69386,MARECHAL DE SAXE                    (R ),M,"45,7662500","4,8444100",69,2019,50.0,6.0,2.0,4.0,2146207,1.0,1,1,1,4.0,,-1.0, -1,1975.0,A01,138Â 303Â 199,1.0,0.0,-1.0,1638898,1.0,37,1.0,0.0,1.0,1.0,A01,138Â 303Â 199,1.0
960269,201900001800,10,24,00:00,5,2,1,3.0,6.0,69386,MARECHAL DE SAXE                    (R ),M,"45,7662500","4,8444100",69,2019,50.0,6.0,2.0,4.0,2146208,10.0,3,4,1,0.0,,4.0,3,2001.0,A01,138Â 303Â 199,8.0,0.0,-1.0,1638898,1.0,37,1.0,0.0,1.0,1.0,A01,138Â 303Â 199,1.0
960270,201900001801,10,23,16:30,1,2,2,2.0,6.0,69387,BERTHELOT                           (AV),M,"45,7478200","4,8336100",69,2019,50.0,1.0,2.0,4.0,2146209,10.0,3,4,1,0.0,,9.0,B,1987.0,A01,138Â 303Â 198,8.0,0.0,-1.0,1638899,1.0,3,,0.0,1.0,1.0,A01,138Â 303Â 198,1.0
960270,201900001801,10,23,16:30,1,2,2,2.0,6.0,69387,BERTHELOT                           (AV),M,"45,7478200","4,8336100",69,2019,50.0,1.0,2.0,4.0,2146210,1.0,1,1,1,0.0,,-1.0, -1,1980.0,A01,138Â 303Â 198,8.0,0.0,-1.0,1638899,1.0,3,,0.0,1.0,1.0,A01,138Â 303Â 198,1.0
960271,201900001802,10,23,13:45,1,1,1,1.0,3.0,97213,PLACE D'ARMES,M,"14,6121700"," -60,9917200",972,2019,30.0,1.0,1.0,5.0,2146211,1.0,1,1,1,1.0,,-1.0,0,2000.0,A01,138Â 303Â 196,1.0,0.0,-1.0,1638900,3.0,7,,0.0,9.0,3.0,A01,138Â 303Â 196,1.0
960271,201900001802,10,23,13:45,1,1,1,1.0,3.0,97213,PLACE D'ARMES,M,"14,6121700"," -60,9917200",972,2019,30.0,1.0,1.0,5.0,2146211,1.0,1,1,1,1.0,,-1.0,0,2000.0,A01,138Â 303Â 196,1.0,0.0,-1.0,1638901,1.0,7,,0.0,2.0,8.0,B01,138Â 303Â 197,1.0
960271,201900001802,10,23,13:45,1,1,1,1.0,3.0,97213,PLACE D'ARMES,M,"14,6121700"," -60,9917200",972,2019,30.0,1.0,1.0,5.0,2146212,1.0,1,4,1,4.0,,-1.0,0,1968.0,B01,138Â 303Â 197,1.0,0.0,-1.0,1638900,3.0,7,,0.0,9.0,3.0,A01,138Â 303Â 196,1.0
960271,201900001802,10,23,13:45,1,1,1,1.0,3.0,97213,PLACE D'ARMES,M,"14,6121700"," -60,9917200",972,2019,30.0,1.0,1.0,5.0,2146212,1.0,1,4,1,4.0,,-1.0,0,1968.0,B01,138Â 303Â 197,1.0,0.0,-1.0,1638901,1.0,7,,0.0,2.0,8.0,B01,138Â 303Â 197,1.0
960272,201900001803,10,22,11:45,1,2,1,2.0,1.0,69389,DOCTEURS CORDIER (DES)              (R ),M,"45,8014600","4,8287200",69,2019,50.0,1.0,2.0,4.0,2146213,1.0,1,1,2,0.0,,-1.0, -1,1975.0,B01,138Â 303Â 194,1.0,0.0,-1.0,1638902,1.0,7,,0.0,2.0,1.0,B01,138Â 303Â 194,1.0
960272,201900001803,10,22,11:45,1,2,1,2.0,1.0,69389,DOCTEURS CORDIER (DES)              (R ),M,"45,8014600","4,8287200",69,2019,50.0,1.0,2.0,4.0,2146213,1.0,1,1,2,0.0,,-1.0, -1,1975.0,B01,138Â 303Â 194,1.0,0.0,-1.0,1638903,2.0,32,,0.0,2.0,1.0,A01,138Â 303Â 195,3.0
960272,201900001803,10,22,11:45,1,2,1,2.0,1.0,69389,DOCTEURS CORDIER (DES)              (R ),M,"45,8014600","4,8287200",69,2019,50.0,1.0,2.0,4.0,2146214,1.0,1,4,1,4.0,,-1.0, -1,1977.0,A01,138Â 303Â 195,2.0,6.0,-1.0,1638902,1.0,7,,0.0,2.0,1.0,B01,138Â 303Â 194,1.0
960272,201900001803,10,22,11:45,1,2,1,2.0,1.0,69389,DOCTEURS CORDIER (DES)              (R ),M,"45,8014600","4,8287200",69,2019,50.0,1.0,2.0,4.0,2146214,1.0,1,4,1,4.0,,-1.0, -1,1977.0,A01,138Â 303Â 195,2.0,6.0,-1.0,1638903,2.0,32,,0.0,2.0,1.0,A01,138Â 303Â 195,3.0
960273,201900001804,10,11,17:29,1,2,1,1.0,6.0,97101,MORNE VERGAIN,M,"16,2543000"," -61,5229600",971,2019,50.0,1.0,1.0,2.0,2146215,10.0,3,3,2,9.0,,3.0,3,1960.0,A01,138Â 303Â 193,8.0,0.0,-1.0,1638904,3.0,7,,0.0,1.0,2.0,A01,138Â 303Â 193,1.0
960273,201900001804,10,11,17:29,1,2,1,1.0,6.0,97101,MORNE VERGAIN,M,"16,2543000"," -61,5229600",971,2019,50.0,1.0,1.0,2.0,2146216,1.0,1,1,1,3.0,,0.0,0,1943.0,A01,138Â 303Â 193,1.0,8.0,-1.0,1638904,3.0,7,,0.0,1.0,2.0,A01,138Â 303Â 193,1.0
960274,201900001805,10,22,12:25,1,1,9,1.0,5.0,91215,QUINCY (RUE DE),M,"48,6847000","2,5154000",91,2019,50.0,1.0,1.0,4.0,2146217,1.0,1,3,1,5.0,,0.0,0,1997.0,A01,138Â 303Â 188,1.0,0.0,-1.0,1638905,3.0,7,,0.0,2.0,3.0,A01,138Â 303Â 188,1.0
960274,201900001805,10,22,12:25,1,1,9,1.0,5.0,91215,QUINCY (RUE DE),M,"48,6847000","2,5154000",91,2019,50.0,1.0,1.0,4.0,2146217,1.0,1,3,1,5.0,,0.0,0,1997.0,A01,138Â 303Â 188,1.0,0.0,-1.0,1638906,3.0,7,,0.0,2.0,3.0,B01,138Â 303Â 189,1.0
960274,201900001805,10,22,12:25,1,1,9,1.0,5.0,91215,QUINCY (RUE DE),M,"48,6847000","2,5154000",91,2019,50.0,1.0,1.0,4.0,2146217,1.0,1,3,1,5.0,,0.0,0,1997.0,A01,138Â 303Â 188,1.0,0.0,-1.0,1638907,3.0,7,,0.0,2.0,3.0,C01,138Â 303Â 190,1.0
960274,201900001805,10,22,12:25,1,1,9,1.0,5.0,91215,QUINCY (RUE DE),M,"48,6847000","2,5154000",91,2019,50.0,1.0,1.0,4.0,2146218,3.0,2,4,1,5.0,,0.0,0,2000.0,A01,138Â 303Â 188,1.0,0.0,-1.0,1638905,3.0,7,,0.0,2.0,3.0,A01,138Â 303Â 188,1.0
960274,201900001805,10,22,12:25,1,1,9,1.0,5.0,91215,QUINCY (RUE DE),M,"48,6847000","2,5154000",91,2019,50.0,1.0,1.0,4.0,2146218,3.0,2,4,1,5.0,,0.0,0,2000.0,A01,138Â 303Â 188,1.0,0.0,-1.0,1638906,3.0,7,,0.0,2.0,3.0,B01,138Â 303Â 189,1.0
960274,201900001805,10,22,12:25,1,1,9,1.0,5.0,91215,QUINCY (RUE DE),M,"48,6847000","2,5154000",91,2019,50.0,1.0,1.0,4.0,2146218,3.0,2,4,1,5.0,,0.0,0,2000.0,A01,138Â 303Â 188,1.0,0.0,-1.0,1638907,3.0,7,,0.0,2.0,3.0,C01,138Â 303Â 190,1.0
960274,201900001805,10,22,12:25,1,1,9,1.0,5.0,91215,QUINCY (RUE DE),M,"48,6847000","2,5154000",91,2019,50.0,1.0,1.0,4.0,2146219,2.0,2,4,1,5.0,,0.0,0,1998.0,A01,138Â 303Â 188,1.0,0.0,-1.0,1638905,3.0,7,,0.0,2.0,3.0,A01,138Â 303Â 188,1.0
960274,201900001805,10,22,12:25,1,1,9,1.0,5.0,91215,QUINCY (RUE DE),M,"48,6847000","2,5154000",91,2019,50.0,1.0,1.0,4.0,2146219,2.0,2,4,1,5.0,,0.0,0,1998.0,A01,138Â 303Â 188,1.0,0.0,-1.0,1638906,3.0,7,,0.0,2.0,3.0,B01,138Â 303Â 189,1.0
960274,201900001805,10,22,12:25,1,1,9,1.0,5.0,91215,QUINCY (RUE DE),M,"48,6847000","2,5154000",91,2019,50.0,1.0,1.0,4.0,2146219,2.0,2,4,1,5.0,,0.0,0,1998.0,A01,138Â 303Â 188,1.0,0.0,-1.0,1638907,3.0,7,,0.0,2.0,3.0,C01,138Â 303Â 190,1.0
960274,201900001805,10,22,12:25,1,1,9,1.0,5.0,91215,QUINCY (RUE DE),M,"48,6847000","2,5154000",91,2019,50.0,1.0,1.0,4.0,2146220,1.0,1,4,2,5.0,,0.0,0,1956.0,B01,138Â 303Â 189,1.0,0.0,-1.0,1638905,3.0,7,,0.0,2.0,3.0,A01,138Â 303Â 188,1.0
960274,201900001805,10,22,12:25,1,1,9,1.0,5.0,91215,QUINCY (RUE DE),M,"48,6847000","2,5154000",91,2019,50.0,1.0,1.0,4.0,2146220,1.0,1,4,2,5.0,,0.0,0,1956.0,B01,138Â 303Â 189,1.0,0.0,-1.0,1638906,3.0,7,,0.0,2.0,3.0,B01,138Â 303Â 189,1.0
960274,201900001805,10,22,12:25,1,1,9,1.0,5.0,91215,QUINCY (RUE DE),M,"48,6847000","2,5154000",91,2019,50.0,1.0,1.0,4.0,2146220,1.0,1,4,2,5.0,,0.0,0,1956.0,B01,138Â 303Â 189,1.0,0.0,-1.0,1638907,3.0,7,,0.0,2.0,3.0,C01,138Â 303Â 190,1.0
960274,201900001805,10,22,12:25,1,1,9,1.0,5.0,91215,QUINCY (RUE DE),M,"48,6847000","2,5154000",91,2019,50.0,1.0,1.0,4.0,2146221,5.0,2,4,2,5.0,,0.0,0,2011.0,B01,138Â 303Â 189,1.0,0.0,-1.0,1638905,3.0,7,,0.0,2.0,3.0,A01,138Â 303Â 188,1.0
960274,201900001805,10,22,12:25,1,1,9,1.0,5.0,91215,QUINCY (RUE DE),M,"48,6847000","2,5154000",91,2019,50.0,1.0,1.0,4.0,2146221,5.0,2,4,2,5.0,,0.0,0,2011.0,B01,138Â 303Â 189,1.0,0.0,-1.0,1638906,3.0,7,,0.0,2.0,3.0,B01,138Â 303Â 189,1.0
960274,201900001805,10,22,12:25,1,1,9,1.0,5.0,91215,QUINCY (RUE DE),M,"48,6847000","2,5154000",91,2019,50.0,1.0,1.0,4.0,2146221,5.0,2,4,2,5.0,,0.0,0,2011.0,B01,138Â 303Â 189,1.0,0.0,-1.0,1638907,3.0,7,,0.0,2.0,3.0,C01,138Â 303Â 190,1.0
960274,201900001805,10,22,12:25,1,1,9,1.0,5.0,91215,QUINCY (RUE DE),M,"48,6847000","2,5154000",91,2019,50.0,1.0,1.0,4.0,2146222,4.0,2,4,2,5.0,,0.0,0,2014.0,B01,138Â 303Â 189,3.0,0.0,-1.0,1638905,3.0,7,,0.0,2.0,3.0,A01,138Â 303Â 188,1.0
960274,201900001805,10,22,12:25,1,1,9,1.0,5.0,91215,QUINCY (RUE DE),M,"48,6847000","2,5154000",91,2019,50.0,1.0,1.0,4.0,2146222,4.0,2,4,2,5.0,,0.0,0,2014.0,B01,138Â 303Â 189,3.0,0.0,-1.0,1638906,3.0,7,,0.0,2.0,3.0,B01,138Â 303Â 189,1.0
960274,201900001805,10,22,12:25,1,1,9,1.0,5.0,91215,QUINCY (RUE DE),M,"48,6847000","2,5154000",91,2019,50.0,1.0,1.0,4.0,2146222,4.0,2,4,2,5.0,,0.0,0,2014.0,B01,138Â 303Â 189,3.0,0.0,-1.0,1638907,3.0,7,,0.0,2.0,3.0,C01,138Â 303Â 190,1.0
960274,201900001805,10,22,12:25,1,1,9,1.0,5.0,91215,QUINCY (RUE DE),M,"48,6847000","2,5154000",91,2019,50.0,1.0,1.0,4.0,2146223,1.0,1,4,1,5.0,,0.0,0,1938.0,C01,138Â 303Â 190,1.0,0.0,-1.0,1638905,3.0,7,,0.0,2.0,3.0,A01,138Â 303Â 188,1.0
960274,201900001805,10,22,12:25,1,1,9,1.0,5.0,91215,QUINCY (RUE DE),M,"48,6847000","2,5154000",91,2019,50.0,1.0,1.0,4.0,2146223,1.0,1,4,1,5.0,,0.0,0,1938.0,C01,138Â 303Â 190,1.0,0.0,-1.0,1638906,3.0,7,,0.0,2.0,3.0,B01,138Â 303Â 189,1.0
960274,201900001805,10,22,12:25,1,1,9,1.0,5.0,91215,QUINCY (RUE DE),M,"48,6847000","2,5154000",91,2019,50.0,1.0,1.0,4.0,2146223,1.0,1,4,1,5.0,,0.0,0,1938.0,C01,138Â 303Â 190,1.0,0.0,-1.0,1638907,3.0,7,,0.0,2.0,3.0,C01,138Â 303Â 190,1.0
960275,201900001806,10,21,19:09,5,2,2,1.0,3.0,87085,PETIT TOUR (RUE DU),M,"45,8317000","1,2489300",87,2019,50.0,1.0,1.0,4.0,2146224,1.0,1,4,1,5.0,,-1.0, -1,1997.0,B01,138Â 303Â 186,2.0,6.0,-1.0,1638908,2.0,33,,0.0,2.0,3.0,B01,138Â 303Â 186,1.0
960275,201900001806,10,21,19:09,5,2,2,1.0,3.0,87085,PETIT TOUR (RUE DU),M,"45,8317000","1,2489300",87,2019,50.0,1.0,1.0,4.0,2146224,1.0,1,4,1,5.0,,-1.0, -1,1997.0,B01,138Â 303Â 186,2.0,6.0,-1.0,1638909,2.0,7,,0.0,2.0,8.0,A01,138Â 303Â 187,1.0
960275,201900001806,10,21,19:09,5,2,2,1.0,3.0,87085,PETIT TOUR (RUE DU),M,"45,8317000","1,2489300",87,2019,50.0,1.0,1.0,4.0,2146225,1.0,1,1,2,5.0,,-1.0, -1,1967.0,A01,138Â 303Â 187,1.0,0.0,-1.0,1638908,2.0,33,,0.0,2.0,3.0,B01,138Â 303Â 186,1.0
960275,201900001806,10,21,19:09,5,2,2,1.0,3.0,87085,PETIT TOUR (RUE DU),M,"45,8317000","1,2489300",87,2019,50.0,1.0,1.0,4.0,2146225,1.0,1,1,2,5.0,,-1.0, -1,1967.0,A01,138Â 303Â 187,1.0,0.0,-1.0,1638909,2.0,7,,0.0,2.0,8.0,A01,138Â 303Â 187,1.0
960276,201900001807,10,21,09:10,1,2,6,1.0,6.0,85194,BOULEVARD DU VENDEE GLOBE ,M,"46,4998500"," -1,7569100",85,2019,50.0,1.0,1.0,4.0,2146226,10.0,3,2,1,3.0,,3.0,3,1932.0,A01,138Â 303Â 185,0.0,-1.0,-1.0,1638910,3.0,10,,0.0,1.0,3.0,A01,138Â 303Â 185,1.0
960276,201900001807,10,21,09:10,1,2,6,1.0,6.0,85194,BOULEVARD DU VENDEE GLOBE ,M,"46,4998500"," -1,7569100",85,2019,50.0,1.0,1.0,4.0,2146227,1.0,1,1,1,4.0,,0.0,0,1971.0,A01,138Â 303Â 185,1.0,8.0,-1.0,1638910,3.0,10,,0.0,1.0,3.0,A01,138Â 303Â 185,1.0
960277,201900001808,10,23,03:50,5,2,6,2.0,7.0,85194,AVENUE DE TALMONT ,M,"46,4895900"," -1,7502500",85,2019,50.0,1.0,2.0,4.0,2146228,1.0,1,3,1,5.0,,0.0,0,2002.0,A01,138Â 303Â 184,2.0,0.0,-1.0,1638911,3.0,30,,0.0,0.0,0.0,A01,138Â 303Â 184,1.0
960277,201900001808,10,23,03:50,5,2,6,2.0,7.0,85194,AVENUE DE TALMONT ,M,"46,4895900"," -1,7502500",85,2019,50.0,1.0,2.0,4.0,2146229,2.0,2,4,1,5.0,,0.0,0,2003.0,A01,138Â 303Â 184,2.0,0.0,-1.0,1638911,3.0,30,,0.0,0.0,0.0,A01,138Â 303Â 184,1.0
960278,201900001809,10,21,19:40,2,2,3,1.0,6.0,80021,VERDUN (RUE DE ),M,"49,8939600","2,3115300",80,2019,50.0,1.0,1.0,4.0,2146230,10.0,3,4,1,0.0,,3.0,3,1982.0,A01,138Â 303Â 181,8.0,0.0,-1.0,1638912,0.0,7,,0.0,1.0,2.0,A01,138Â 303Â 181,1.0
960278,201900001809,10,21,19:40,2,2,3,1.0,6.0,80021,VERDUN (RUE DE ),M,"49,8939600","2,3115300",80,2019,50.0,1.0,1.0,4.0,2146231,1.0,1,1,2,0.0,,-1.0, -1,1950.0,A01,138Â 303Â 181,1.0,0.0,-1.0,1638912,0.0,7,,0.0,1.0,2.0,A01,138Â 303Â 181,1.0
960279,201900001810,10,18,16:25,1,2,1,1.0,2.0,78640,LOUIS BREGUET (AVENUE),M,"48,7818600","2,1822500",78,2019,50.0,1.0,1.0,4.0,2146232,1.0,1,4,1,4.0,,-1.0, -1,1977.0,B01,138Â 303Â 179,1.0,0.0,-1.0,1638913,3.0,7,,0.0,2.0,5.0,B01,138Â 303Â 179,1.0
960279,201900001810,10,18,16:25,1,2,1,1.0,2.0,78640,LOUIS BREGUET (AVENUE),M,"48,7818600","2,1822500",78,2019,50.0,1.0,1.0,4.0,2146232,1.0,1,4,1,4.0,,-1.0, -1,1977.0,B01,138Â 303Â 179,1.0,0.0,-1.0,1638914,3.0,7,,0.0,2.0,3.0,A01,138Â 303Â 180,1.0
960279,201900001810,10,18,16:25,1,2,1,1.0,2.0,78640,LOUIS BREGUET (AVENUE),M,"48,7818600","2,1822500",78,2019,50.0,1.0,1.0,4.0,2146233,1.0,1,1,2,0.0,,-1.0,0,1968.0,A01,138Â 303Â 180,1.0,0.0,-1.0,1638913,3.0,7,,0.0,2.0,5.0,B01,138Â 303Â 179,1.0
960279,201900001810,10,18,16:25,1,2,1,1.0,2.0,78640,LOUIS BREGUET (AVENUE),M,"48,7818600","2,1822500",78,2019,50.0,1.0,1.0,4.0,2146233,1.0,1,1,2,0.0,,-1.0,0,1968.0,A01,138Â 303Â 180,1.0,0.0,-1.0,1638914,3.0,7,,0.0,2.0,3.0,A01,138Â 303Â 180,1.0
960280,201900001811,10,23,07:00,5,2,4,1.0,4.0,77438,D418 X AV DES JONCS,M,"48,8698500","2,6817100",77,2019,50.0,1.0,1.0,3.0,2146234,1.0,1,1,2,1.0,,-1.0,0,1971.0,C01,138Â 303Â 172,1.0,0.0,-1.0,1638915,3.0,7,,0.0,2.0,3.0,C01,138Â 303Â 172,1.0
960280,201900001811,10,23,07:00,5,2,4,1.0,4.0,77438,D418 X AV DES JONCS,M,"48,8698500","2,6817100",77,2019,50.0,1.0,1.0,3.0,2146234,1.0,1,1,2,1.0,,-1.0,0,1971.0,C01,138Â 303Â 172,1.0,0.0,-1.0,1638916,3.0,7,,0.0,2.0,6.0,A01,138Â 303Â 173,1.0