Unnamed: 0_x,num_acc,mois,jour,hrmn,lum,agg,int,atm,col,com,adr,gps,lat,long,dep,annee,vma,situ,surf,catr,Unnamed: 0_y,place,catu,grav,sexe,trajet,secu,locp,actp,an_nais,num_veh_x,id_vehicule_x,secu1,secu2,secu3,Unnamed: 0,senc,catv,occutc,obs,obsm,choc,num_veh_y,id_vehicule_y,motor
960280,201900001811,10,23,07:00,5,2,4,1.0,4.0,77438,D418 X AV DES JONCS,M,"48,8698500","2,6817100",77,2019,50.0,1.0,1.0,3.0,2146234,1.0,1,1,2,1.0,,-1.0,0,1971.0,C01,138Â 303Â 172,1.0,0.0,-1.0,1638917,2.0,7,,0.0,2.0,1.0,B01,138Â 303Â 174,1.0
960280,201900001811,10,23,07:00,5,2,4,1.0,4.0,77438,D418 X AV DES JONCS,M,"48,8698500","2,6817100",77,2019,50.0,1.0,1.0,3.0,2146235,1.0,1,4,2,1.0,,-1.0,0,1991.0,A01,138Â 303Â 173,1.0,0.0,-1.0,1638915,3.0,7,,0.0,2.0,3.0,C01,138Â 303Â 172,1.0
960280,201900001811,10,23,07:00,5,2,4,1.0,4.0,77438,D418 X AV DES JONCS,M,"48,8698500","2,6817100",77,2019,50.0,1.0,1.0,3.0,2146235,1.0,1,4,2,1.0,,-1.0,0,1991.0,A01,138Â 303Â 173,1.0,0.0,-1.0,1638916,3.0,7,,0.0,2.0,6.0,A01,138Â 303Â 173,1.0
960280,201900001811,10,23,07:00,5,2,4,1.0,4.0,77438,D418 X AV DES JONCS,M,"48,8698500","2,6817100",77,2019,50.0,1.0,1.0,3.0,2146235,1.0,1,4,2,1.0,,-1.0,0,1991.0,A01,138Â 303Â 173,1.0,0.0,-1.0,1638917,2.0,7,,0.0,2.0,1.0,B01,138Â 303Â 174,1.0
960280,201900001811,10,23,07:00,5,2,4,1.0,4.0,77438,D418 X AV DES JONCS,M,"48,8698500","2,6817100",77,2019,50.0,1.0,1.0,3.0,2146236,1.0,1,4,1,1.0,,-1.0,0,1999.0,B01,138Â 303Â 174,1.0,0.0,-1.0,1638915,3.0,7,,0.0,2.0,3.0,C01,138Â 303Â 172,1.0
960280,201900001811,10,23,07:00,5,2,4,1.0,4.0,77438,D418 X AV DES JONCS,M,"48,8698500","2,6817100",77,2019,50.0,1.0,1.0,3.0,2146236,1.0,1,4,1,1.0,,-1.0,0,1999.0,B01,138Â 303Â 174,1.0,0.0,-1.0,1638916,3.0,7,,0.0,2.0,6.0,A01,138Â 303Â 173,1.0
960280,201900001811,10,23,07:00,5,2,4,1.0,4.0,77438,D418 X AV DES JONCS,M,"48,8698500","2,6817100",77,2019,50.0,1.0,1.0,3.0,2146236,1.0,1,4,1,1.0,,-1.0,0,1999.0,B01,138Â 303Â 174,1.0,0.0,-1.0,1638917,2.0,7,,0.0,2.0,1.0,B01,138Â 303Â 174,1.0
960281,201900001812,10,23,18:10,2,2,3,2.0,1.0,74305,MONTREAL (RUE DE),M,"46,2057440","6,2834730",74,2019,50.0,1.0,1.0,4.0,2146237,1.0,1,1,1,0.0,,0.0,0,1964.0,A01,138Â 303Â 168,1.0,8.0,-1.0,1638918,1.0,7,,0.0,2.0,1.0,A01,138Â 303Â 168,1.0
960281,201900001812,10,23,18:10,2,2,3,2.0,1.0,74305,MONTREAL (RUE DE),M,"46,2057440","6,2834730",74,2019,50.0,1.0,1.0,4.0,2146237,1.0,1,1,1,0.0,,0.0,0,1964.0,A01,138Â 303Â 168,1.0,8.0,-1.0,1638919,0.0,3,,0.0,2.0,0.0,B01,138Â 303Â 169,1.0
960281,201900001812,10,23,18:10,2,2,3,2.0,1.0,74305,MONTREAL (RUE DE),M,"46,2057440","6,2834730",74,2019,50.0,1.0,1.0,4.0,2146238,1.0,1,4,1,0.0,,0.0,0,1964.0,B01,138Â 303Â 169,1.0,8.0,-1.0,1638918,1.0,7,,0.0,2.0,1.0,A01,138Â 303Â 168,1.0
960281,201900001812,10,23,18:10,2,2,3,2.0,1.0,74305,MONTREAL (RUE DE),M,"46,2057440","6,2834730",74,2019,50.0,1.0,1.0,4.0,2146238,1.0,1,4,1,0.0,,0.0,0,1964.0,B01,138Â 303Â 169,1.0,8.0,-1.0,1638919,0.0,3,,0.0,2.0,0.0,B01,138Â 303Â 169,1.0
960282,201900001813,10,23,11:20,1,2,1,8.0,7.0,64140,GLIZE (RUE RAYMOND ET MARCEL),M,"43,5154000"," -1,4795700",64,2019,50.0,1.0,8.0,4.0,2146239,1.0,1,4,1,4.0,,0.0,0,1962.0,A01,138Â 303Â 167,8.0,4.0,-1.0,1638920,2.0,10,,0.0,0.0,8.0,A01,138Â 303Â 167,3.0
960283,201900001814,10,23,08:10,1,2,1,1.0,2.0,63113,CHATEAUDUN (RUE DE),M,"45,7825000","3,0982500",63,2019,50.0,1.0,1.0,4.0,2146240,1.0,1,1,2,0.0,,0.0,0,2001.0,A01,138Â 303Â 165,1.0,0.0,-1.0,1638921,1.0,7,,0.0,2.0,4.0,A01,138Â 303Â 165,1.0
960283,201900001814,10,23,08:10,1,2,1,1.0,2.0,63113,CHATEAUDUN (RUE DE),M,"45,7825000","3,0982500",63,2019,50.0,1.0,1.0,4.0,2146240,1.0,1,1,2,0.0,,0.0,0,2001.0,A01,138Â 303Â 165,1.0,0.0,-1.0,1638922,1.0,1,,0.0,2.0,1.0,B01,138Â 303Â 166,5.0
960283,201900001814,10,23,08:10,1,2,1,1.0,2.0,63113,CHATEAUDUN (RUE DE),M,"45,7825000","3,0982500",63,2019,50.0,1.0,1.0,4.0,2146241,1.0,1,4,2,0.0,,-1.0, -1,1992.0,B01,138Â 303Â 166,8.0,0.0,-1.0,1638921,1.0,7,,0.0,2.0,4.0,A01,138Â 303Â 165,1.0
960283,201900001814,10,23,08:10,1,2,1,1.0,2.0,63113,CHATEAUDUN (RUE DE),M,"45,7825000","3,0982500",63,2019,50.0,1.0,1.0,4.0,2146241,1.0,1,4,2,0.0,,-1.0, -1,1992.0,B01,138Â 303Â 166,8.0,0.0,-1.0,1638922,1.0,1,,0.0,2.0,1.0,B01,138Â 303Â 166,5.0
960284,201900001815,10,22,12:30,1,2,1,1.0,2.0,63113,MOULIN (BD JEAN),M,"45,7732300","3,1207700",63,2019,50.0,3.0,1.0,7.0,2146242,2.0,2,4,2,0.0,,0.0,0,2005.0,B01,138Â 303Â 163,1.0,0.0,-1.0,1638923,0.0,7,,0.0,2.0,4.0,B01,138Â 303Â 163,1.0
960284,201900001815,10,22,12:30,1,2,1,1.0,2.0,63113,MOULIN (BD JEAN),M,"45,7732300","3,1207700",63,2019,50.0,3.0,1.0,7.0,2146242,2.0,2,4,2,0.0,,0.0,0,2005.0,B01,138Â 303Â 163,1.0,0.0,-1.0,1638924,1.0,7,,0.0,2.0,1.0,A01,138Â 303Â 164,1.0
960284,201900001815,10,22,12:30,1,2,1,1.0,2.0,63113,MOULIN (BD JEAN),M,"45,7732300","3,1207700",63,2019,50.0,3.0,1.0,7.0,2146243,3.0,2,4,2,0.0,,-1.0, -1,2001.0,B01,138Â 303Â 163,1.0,0.0,-1.0,1638923,0.0,7,,0.0,2.0,4.0,B01,138Â 303Â 163,1.0
960284,201900001815,10,22,12:30,1,2,1,1.0,2.0,63113,MOULIN (BD JEAN),M,"45,7732300","3,1207700",63,2019,50.0,3.0,1.0,7.0,2146243,3.0,2,4,2,0.0,,-1.0, -1,2001.0,B01,138Â 303Â 163,1.0,0.0,-1.0,1638924,1.0,7,,0.0,2.0,1.0,A01,138Â 303Â 164,1.0
960284,201900001815,10,22,12:30,1,2,1,1.0,2.0,63113,MOULIN (BD JEAN),M,"45,7732300","3,1207700",63,2019,50.0,3.0,1.0,7.0,2146244,1.0,1,1,2,0.0,,0.0,0,1972.0,B01,138Â 303Â 163,1.0,0.0,-1.0,1638923,0.0,7,,0.0,2.0,4.0,B01,138Â 303Â 163,1.0
960284,201900001815,10,22,12:30,1,2,1,1.0,2.0,63113,MOULIN (BD JEAN),M,"45,7732300","3,1207700",63,2019,50.0,3.0,1.0,7.0,2146244,1.0,1,1,2,0.0,,0.0,0,1972.0,B01,138Â 303Â 163,1.0,0.0,-1.0,1638924,1.0,7,,0.0,2.0,1.0,A01,138Â 303Â 164,1.0
960284,201900001815,10,22,12:30,1,2,1,1.0,2.0,63113,MOULIN (BD JEAN),M,"45,7732300","3,1207700",63,2019,50.0,3.0,1.0,7.0,2146245,1.0,1,1,1,0.0,,0.0,0,1988.0,A01,138Â 303Â 164,1.0,0.0,-1.0,1638923,0.0,7,,0.0,2.0,4.0,B01,138Â 303Â 163,1.0
960284,201900001815,10,22,12:30,1,2,1,1.0,2.0,63113,MOULIN (BD JEAN),M,"45,7732300","3,1207700",63,2019,50.0,3.0,1.0,7.0,2146245,1.0,1,1,1,0.0,,0.0,0,1988.0,A01,138Â 303Â 164,1.0,0.0,-1.0,1638924,1.0,7,,0.0,2.0,1.0,A01,138Â 303Â 164,1.0
960285,201900001816,10,22,11:00,1,2,2,1.0,3.0,62193,CURIE (BOULEVARD),M,"50,9395300","1,8628600",62,2019,50.0,1.0,1.0,4.0,2146246,2.0,2,3,2,0.0,,-1.0, -1,2002.0,B01,138Â 303Â 161,2.0,0.0,-1.0,1638925,2.0,30,,0.0,2.0,1.0,B01,138Â 303Â 161,1.0
960285,201900001816,10,22,11:00,1,2,2,1.0,3.0,62193,CURIE (BOULEVARD),M,"50,9395300","1,8628600",62,2019,50.0,1.0,1.0,4.0,2146246,2.0,2,3,2,0.0,,-1.0, -1,2002.0,B01,138Â 303Â 161,2.0,0.0,-1.0,1638926,1.0,7,,0.0,2.0,3.0,A01,138Â 303Â 162,1.0
960285,201900001816,10,22,11:00,1,2,2,1.0,3.0,62193,CURIE (BOULEVARD),M,"50,9395300","1,8628600",62,2019,50.0,1.0,1.0,4.0,2146247,1.0,1,3,1,0.0,,-1.0, -1,2000.0,B01,138Â 303Â 161,2.0,8.0,-1.0,1638925,2.0,30,,0.0,2.0,1.0,B01,138Â 303Â 161,1.0
960285,201900001816,10,22,11:00,1,2,2,1.0,3.0,62193,CURIE (BOULEVARD),M,"50,9395300","1,8628600",62,2019,50.0,1.0,1.0,4.0,2146247,1.0,1,3,1,0.0,,-1.0, -1,2000.0,B01,138Â 303Â 161,2.0,8.0,-1.0,1638926,1.0,7,,0.0,2.0,3.0,A01,138Â 303Â 162,1.0
960285,201900001816,10,22,11:00,1,2,2,1.0,3.0,62193,CURIE (BOULEVARD),M,"50,9395300","1,8628600",62,2019,50.0,1.0,1.0,4.0,2146248,1.0,1,1,2,1.0,,-1.0, -1,1963.0,A01,138Â 303Â 162,1.0,0.0,-1.0,1638925,2.0,30,,0.0,2.0,1.0,B01,138Â 303Â 161,1.0
960285,201900001816,10,22,11:00,1,2,2,1.0,3.0,62193,CURIE (BOULEVARD),M,"50,9395300","1,8628600",62,2019,50.0,1.0,1.0,4.0,2146248,1.0,1,1,2,1.0,,-1.0, -1,1963.0,A01,138Â 303Â 162,1.0,0.0,-1.0,1638926,1.0,7,,0.0,2.0,3.0,A01,138Â 303Â 162,1.0
960286,201900001817,10,22,07:55,2,2,2,5.0,3.0,60057,JEAN MERMOZ (AVENUE),M,"49,4370300","2,0751700",60,2019,50.0,1.0,1.0,4.0,2146249,1.0,1,3,1,0.0,,-1.0,0,1966.0,B01,138Â 303Â 159,2.0,6.0,-1.0,1638927,1.0,33,,0.0,0.0,1.0,B01,138Â 303Â 159,0.0
960286,201900001817,10,22,07:55,2,2,2,5.0,3.0,60057,JEAN MERMOZ (AVENUE),M,"49,4370300","2,0751700",60,2019,50.0,1.0,1.0,4.0,2146249,1.0,1,3,1,0.0,,-1.0,0,1966.0,B01,138Â 303Â 159,2.0,6.0,-1.0,1638928,2.0,7,,0.0,2.0,1.0,A01,138Â 303Â 160,1.0
960286,201900001817,10,22,07:55,2,2,2,5.0,3.0,60057,JEAN MERMOZ (AVENUE),M,"49,4370300","2,0751700",60,2019,50.0,1.0,1.0,4.0,2146250,1.0,1,1,1,0.0,,-1.0,0,1991.0,A01,138Â 303Â 160,1.0,0.0,-1.0,1638927,1.0,33,,0.0,0.0,1.0,B01,138Â 303Â 159,0.0
960286,201900001817,10,22,07:55,2,2,2,5.0,3.0,60057,JEAN MERMOZ (AVENUE),M,"49,4370300","2,0751700",60,2019,50.0,1.0,1.0,4.0,2146250,1.0,1,1,1,0.0,,-1.0,0,1991.0,A01,138Â 303Â 160,1.0,0.0,-1.0,1638928,2.0,7,,0.0,2.0,1.0,A01,138Â 303Â 160,1.0
960287,201900001818,10,23,08:25,1,2,6,1.0,3.0,59009,MONS BOULEVARD DE,M,"50,6460000","3,1290000",59,2019,50.0,1.0,1.0,4.0,2146251,1.0,1,1,1,1.0,,-1.0,0,1979.0,A01,138Â 303Â 157,1.0,0.0,-1.0,1638929,3.0,7,,0.0,2.0,1.0,A01,138Â 303Â 157,1.0
960287,201900001818,10,23,08:25,1,2,6,1.0,3.0,59009,MONS BOULEVARD DE,M,"50,6460000","3,1290000",59,2019,50.0,1.0,1.0,4.0,2146251,1.0,1,1,1,1.0,,-1.0,0,1979.0,A01,138Â 303Â 157,1.0,0.0,-1.0,1638930,3.0,1,,0.0,2.0,7.0,Y01,138Â 303Â 158,5.0
960287,201900001818,10,23,08:25,1,2,6,1.0,3.0,59009,MONS BOULEVARD DE,M,"50,6460000","3,1290000",59,2019,50.0,1.0,1.0,4.0,2146252,1.0,1,4,1,1.0,,-1.0,0,1965.0,Y01,138Â 303Â 158,8.0,4.0,-1.0,1638929,3.0,7,,0.0,2.0,1.0,A01,138Â 303Â 157,1.0
960287,201900001818,10,23,08:25,1,2,6,1.0,3.0,59009,MONS BOULEVARD DE,M,"50,6460000","3,1290000",59,2019,50.0,1.0,1.0,4.0,2146252,1.0,1,4,1,1.0,,-1.0,0,1965.0,Y01,138Â 303Â 158,8.0,4.0,-1.0,1638930,3.0,1,,0.0,2.0,7.0,Y01,138Â 303Â 158,5.0
960288,201900001819,10,13,11:06,1,2,9,1.0,6.0,59350,LAMBRET OSCAR AVENUE,M,"50,6148208","3,0356061",59,2019,50.0,1.0,1.0,4.0,2146253,10.0,3,3,2,1.0,,3.0,3,1995.0,A01,138Â 303Â 155,8.0,0.0,-1.0,1638931,3.0,3,,0.0,1.0,1.0,A01,138Â 303Â 155,6.0
960288,201900001819,10,13,11:06,1,2,9,1.0,6.0,59350,LAMBRET OSCAR AVENUE,M,"50,6148208","3,0356061",59,2019,50.0,1.0,1.0,4.0,2146254,1.0,1,1,1,9.0,,-1.0, -1,1986.0,A01,138Â 303Â 155,1.0,0.0,-1.0,1638931,3.0,3,,0.0,1.0,1.0,A01,138Â 303Â 155,6.0
960289,201900001820,10,7,16:28,1,2,1,1.0,6.0,59017,FAIDHERBE (BD ),M,"50,6866300","2,8674300",59,2019,50.0,2.0,1.0,4.0,2146255,10.0,3,4,1,2.0,,2.0,3,2008.0,A01,138Â 303Â 154,8.0,0.0,-1.0,1638932,1.0,7,,0.0,1.0,1.0,A01,138Â 303Â 154,1.0
960289,201900001820,10,7,16:28,1,2,1,1.0,6.0,59017,FAIDHERBE (BD ),M,"50,6866300","2,8674300",59,2019,50.0,2.0,1.0,4.0,2146256,1.0,1,1,1,2.0,,-1.0, -1,1998.0,A01,138Â 303Â 154,1.0,0.0,-1.0,1638932,1.0,7,,0.0,1.0,1.0,A01,138Â 303Â 154,1.0
960290,201900001821,10,23,09:45,1,2,6,1.0,2.0,56098,LECLERC (RUE  GENERAL ),M,"47,7630700"," -3,3495500",56,2019,30.0,1.0,1.0,4.0,2146257,1.0,1,4,1,0.0,,-1.0,0,1972.0,B01,138Â 303Â 152,1.0,8.0,-1.0,1638933,1.0,7,,0.0,2.0,4.0,B01,138Â 303Â 152,1.0
960290,201900001821,10,23,09:45,1,2,6,1.0,2.0,56098,LECLERC (RUE  GENERAL ),M,"47,7630700"," -3,3495500",56,2019,30.0,1.0,1.0,4.0,2146257,1.0,1,4,1,0.0,,-1.0,0,1972.0,B01,138Â 303Â 152,1.0,8.0,-1.0,1638934,1.0,7,,0.0,2.0,2.0,A01,138Â 303Â 153,1.0
960290,201900001821,10,23,09:45,1,2,6,1.0,2.0,56098,LECLERC (RUE  GENERAL ),M,"47,7630700"," -3,3495500",56,2019,30.0,1.0,1.0,4.0,2146258,1.0,1,1,2,0.0,,-1.0,0,1997.0,A01,138Â 303Â 153,1.0,8.0,-1.0,1638933,1.0,7,,0.0,2.0,4.0,B01,138Â 303Â 152,1.0
960290,201900001821,10,23,09:45,1,2,6,1.0,2.0,56098,LECLERC (RUE  GENERAL ),M,"47,7630700"," -3,3495500",56,2019,30.0,1.0,1.0,4.0,2146258,1.0,1,1,2,0.0,,-1.0,0,1997.0,A01,138Â 303Â 153,1.0,8.0,-1.0,1638934,1.0,7,,0.0,2.0,2.0,A01,138Â 303Â 153,1.0
960291,201900001822,10,22,17:35,1,1,1,1.0,4.0,56098,RN 165,M,"47,7763800"," -3,3624300",56,2019,90.0,1.0,1.0,2.0,2146259,1.0,1,1,1,0.0,,-1.0,0,1971.0,D01,138Â 303Â 148,1.0,8.0,-1.0,1638935,2.0,7,,0.0,2.0,4.0,D01,138Â 303Â 148,1.0
960291,201900001822,10,22,17:35,1,1,1,1.0,4.0,56098,RN 165,M,"47,7763800"," -3,3624300",56,2019,90.0,1.0,1.0,2.0,2146259,1.0,1,1,1,0.0,,-1.0,0,1971.0,D01,138Â 303Â 148,1.0,8.0,-1.0,1638936,2.0,7,,0.0,2.0,4.0,C01,138Â 303Â 149,1.0
960291,201900001822,10,22,17:35,1,1,1,1.0,4.0,56098,RN 165,M,"47,7763800"," -3,3624300",56,2019,90.0,1.0,1.0,2.0,2146259,1.0,1,1,1,0.0,,-1.0,0,1971.0,D01,138Â 303Â 148,1.0,8.0,-1.0,1638937,2.0,10,,0.0,2.0,4.0,B01,138Â 303Â 150,1.0
960291,201900001822,10,22,17:35,1,1,1,1.0,4.0,56098,RN 165,M,"47,7763800"," -3,3624300",56,2019,90.0,1.0,1.0,2.0,2146259,1.0,1,1,1,0.0,,-1.0,0,1971.0,D01,138Â 303Â 148,1.0,8.0,-1.0,1638938,2.0,7,,0.0,2.0,1.0,A01,138Â 303Â 151,1.0
960291,201900001822,10,22,17:35,1,1,1,1.0,4.0,56098,RN 165,M,"47,7763800"," -3,3624300",56,2019,90.0,1.0,1.0,2.0,2146260,1.0,1,1,2,0.0,,-1.0,0,1962.0,C01,138Â 303Â 149,1.0,8.0,-1.0,1638935,2.0,7,,0.0,2.0,4.0,D01,138Â 303Â 148,1.0
960291,201900001822,10,22,17:35,1,1,1,1.0,4.0,56098,RN 165,M,"47,7763800"," -3,3624300",56,2019,90.0,1.0,1.0,2.0,2146260,1.0,1,1,2,0.0,,-1.0,0,1962.0,C01,138Â 303Â 149,1.0,8.0,-1.0,1638936,2.0,7,,0.0,2.0,4.0,C01,138Â 303Â 149,1.0
960291,201900001822,10,22,17:35,1,1,1,1.0,4.0,56098,RN 165,M,"47,7763800"," -3,3624300",56,2019,90.0,1.0,1.0,2.0,2146260,1.0,1,1,2,0.0,,-1.0,0,1962.0,C01,138Â 303Â 149,1.0,8.0,-1.0,1638937,2.0,10,,0.0,2.0,4.0,B01,138Â 303Â 150,1.0
960291,201900001822,10,22,17:35,1,1,1,1.0,4.0,56098,RN 165,M,"47,7763800"," -3,3624300",56,2019,90.0,1.0,1.0,2.0,2146260,1.0,1,1,2,0.0,,-1.0,0,1962.0,C01,138Â 303Â 149,1.0,8.0,-1.0,1638938,2.0,7,,0.0,2.0,1.0,A01,138Â 303Â 151,1.0
960291,201900001822,10,22,17:35,1,1,1,1.0,4.0,56098,RN 165,M,"47,7763800"," -3,3624300",56,2019,90.0,1.0,1.0,2.0,2146261,1.0,1,4,1,1.0,,-1.0,0,1994.0,B01,138Â 303Â 150,1.0,8.0,-1.0,1638935,2.0,7,,0.0,2.0,4.0,D01,138Â 303Â 148,1.0
960291,201900001822,10,22,17:35,1,1,1,1.0,4.0,56098,RN 165,M,"47,7763800"," -3,3624300",56,2019,90.0,1.0,1.0,2.0,2146261,1.0,1,4,1,1.0,,-1.0,0,1994.0,B01,138Â 303Â 150,1.0,8.0,-1.0,1638936,2.0,7,,0.0,2.0,4.0,C01,138Â 303Â 149,1.0
960291,201900001822,10,22,17:35,1,1,1,1.0,4.0,56098,RN 165,M,"47,7763800"," -3,3624300",56,2019,90.0,1.0,1.0,2.0,2146261,1.0,1,4,1,1.0,,-1.0,0,1994.0,B01,138Â 303Â 150,1.0,8.0,-1.0,1638937,2.0,10,,0.0,2.0,4.0,B01,138Â 303Â 150,1.0
960291,201900001822,10,22,17:35,1,1,1,1.0,4.0,56098,RN 165,M,"47,7763800"," -3,3624300",56,2019,90.0,1.0,1.0,2.0,2146261,1.0,1,4,1,1.0,,-1.0,0,1994.0,B01,138Â 303Â 150,1.0,8.0,-1.0,1638938,2.0,7,,0.0,2.0,1.0,A01,138Â 303Â 151,1.0
960291,201900001822,10,22,17:35,1,1,1,1.0,4.0,56098,RN 165,M,"47,7763800"," -3,3624300",56,2019,90.0,1.0,1.0,2.0,2146262,1.0,1,4,1,0.0,,-1.0,0,1962.0,A01,138Â 303Â 151,1.0,8.0,-1.0,1638935,2.0,7,,0.0,2.0,4.0,D01,138Â 303Â 148,1.0
960291,201900001822,10,22,17:35,1,1,1,1.0,4.0,56098,RN 165,M,"47,7763800"," -3,3624300",56,2019,90.0,1.0,1.0,2.0,2146262,1.0,1,4,1,0.0,,-1.0,0,1962.0,A01,138Â 303Â 151,1.0,8.0,-1.0,1638936,2.0,7,,0.0,2.0,4.0,C01,138Â 303Â 149,1.0
960291,201900001822,10,22,17:35,1,1,1,1.0,4.0,56098,RN 165,M,"47,7763800"," -3,3624300",56,2019,90.0,1.0,1.0,2.0,2146262,1.0,1,4,1,0.0,,-1.0,0,1962.0,A01,138Â 303Â 151,1.0,8.0,-1.0,1638937,2.0,10,,0.0,2.0,4.0,B01,138Â 303Â 150,1.0
960291,201900001822,10,22,17:35,1,1,1,1.0,4.0,56098,RN 165,M,"47,7763800"," -3,3624300",56,2019,90.0,1.0,1.0,2.0,2146262,1.0,1,4,1,0.0,,-1.0,0,1962.0,A01,138Â 303Â 151,1.0,8.0,-1.0,1638938,2.0,7,,0.0,2.0,1.0,A01,138Â 303Â 151,1.0
960292,201900001823,10,18,15:00,1,2,1,1.0,7.0,54395,LORRAIN (QUAI CLAUDE LE),M,"48,6996700","6,1695200",54,2019,50.0,1.0,1.0,4.0,2146263,10.0,3,4,1,5.0,,3.0,3,1946.0,A01,138Â 303Â 147,8.0,0.0,-1.0,1638939,1.0,7,,0.0,1.0,1.0,A01,138Â 303Â 147,1.0
960292,201900001823,10,18,15:00,1,2,1,1.0,7.0,54395,LORRAIN (QUAI CLAUDE LE),M,"48,6996700","6,1695200",54,2019,50.0,1.0,1.0,4.0,2146264,1.0,1,1,1,0.0,,-1.0,0,1992.0,A01,138Â 303Â 147,8.0,0.0,-1.0,1638939,1.0,7,,0.0,1.0,1.0,A01,138Â 303Â 147,1.0
960293,201900001824,10,22,10:25,1,2,1,8.0,7.0,51108,RUE EMILE SCHMIT,M,"48,9667500","4,3600900",51,2019,50.0,1.0,1.0,4.0,2146265,10.0,3,4,2,5.0,,6.0,B,1953.0,Z01,138Â 303Â 146,8.0,8.0,-1.0,1638940,2.0,7,,0.0,1.0,4.0,Z01,138Â 303Â 146,1.0
960294,201900001825,10,23,08:35,2,2,9,2.0,6.0,50218,MATIGNON (AV DES),M,"48,8379000"," -1,5834000",50,2019,50.0,1.0,2.0,3.0,2146266,1.0,1,1,2,1.0,,0.0,0,1968.0,A01,138Â 303Â 145,1.0,8.0,-1.0,1638941,1.0,7,,0.0,1.0,1.0,A01,138Â 303Â 145,1.0
960294,201900001825,10,23,08:35,2,2,9,2.0,6.0,50218,MATIGNON (AV DES),M,"48,8379000"," -1,5834000",50,2019,50.0,1.0,2.0,3.0,2146267,10.0,3,4,2,3.0,,3.0,3,1930.0,A01,138Â 303Â 145,8.0,0.0,-1.0,1638941,1.0,7,,0.0,1.0,1.0,A01,138Â 303Â 145,1.0
960295,201900001826,10,22,07:00,5,2,1,5.0,4.0,50129,ABBAYE (RUE DE L'),M,"49,6459800"," -1,6397100",50,2019,50.0,1.0,2.0,3.0,2146268,1.0,1,1,1,1.0,,0.0,0,1993.0,A01,138Â 303Â 141,1.0,8.0,-1.0,1638942,1.0,7,,0.0,2.0,1.0,A01,138Â 303Â 141,1.0
960295,201900001826,10,22,07:00,5,2,1,5.0,4.0,50129,ABBAYE (RUE DE L'),M,"49,6459800"," -1,6397100",50,2019,50.0,1.0,2.0,3.0,2146268,1.0,1,1,1,1.0,,0.0,0,1993.0,A01,138Â 303Â 141,1.0,8.0,-1.0,1638943,1.0,7,,0.0,0.0,0.0,B01,138Â 303Â 142,1.0
960295,201900001826,10,22,07:00,5,2,1,5.0,4.0,50129,ABBAYE (RUE DE L'),M,"49,6459800"," -1,6397100",50,2019,50.0,1.0,2.0,3.0,2146268,1.0,1,1,1,1.0,,0.0,0,1993.0,A01,138Â 303Â 141,1.0,8.0,-1.0,1638944,1.0,7,,0.0,2.0,4.0,C01,138Â 303Â 143,1.0
960295,201900001826,10,22,07:00,5,2,1,5.0,4.0,50129,ABBAYE (RUE DE L'),M,"49,6459800"," -1,6397100",50,2019,50.0,1.0,2.0,3.0,2146268,1.0,1,1,1,1.0,,0.0,0,1993.0,A01,138Â 303Â 141,1.0,8.0,-1.0,1638945,1.0,7,,0.0,2.0,4.0,D01,138Â 303Â 144,1.0
960295,201900001826,10,22,07:00,5,2,1,5.0,4.0,50129,ABBAYE (RUE DE L'),M,"49,6459800"," -1,6397100",50,2019,50.0,1.0,2.0,3.0,2146269,1.0,1,4,1,1.0,,0.0,0,1982.0,B01,138Â 303Â 142,1.0,8.0,-1.0,1638942,1.0,7,,0.0,2.0,1.0,A01,138Â 303Â 141,1.0
960295,201900001826,10,22,07:00,5,2,1,5.0,4.0,50129,ABBAYE (RUE DE L'),M,"49,6459800"," -1,6397100",50,2019,50.0,1.0,2.0,3.0,2146269,1.0,1,4,1,1.0,,0.0,0,1982.0,B01,138Â 303Â 142,1.0,8.0,-1.0,1638943,1.0,7,,0.0,0.0,0.0,B01,138Â 303Â 142,1.0
960295,201900001826,10,22,07:00,5,2,1,5.0,4.0,50129,ABBAYE (RUE DE L'),M,"49,6459800"," -1,6397100",50,2019,50.0,1.0,2.0,3.0,2146269,1.0,1,4,1,1.0,,0.0,0,1982.0,B01,138Â 303Â 142,1.0,8.0,-1.0,1638944,1.0,7,,0.0,2.0,4.0,C01,138Â 303Â 143,1.0
960295,201900001826,10,22,07:00,5,2,1,5.0,4.0,50129,ABBAYE (RUE DE L'),M,"49,6459800"," -1,6397100",50,2019,50.0,1.0,2.0,3.0,2146269,1.0,1,4,1,1.0,,0.0,0,1982.0,B01,138Â 303Â 142,1.0,8.0,-1.0,1638945,1.0,7,,0.0,2.0,4.0,D01,138Â 303Â 144,1.0
960295,201900001826,10,22,07:00,5,2,1,5.0,4.0,50129,ABBAYE (RUE DE L'),M,"49,6459800"," -1,6397100",50,2019,50.0,1.0,2.0,3.0,2146270,1.0,1,1,1,1.0,,0.0,0,1971.0,C01,138Â 303Â 143,1.0,8.0,-1.0,1638942,1.0,7,,0.0,2.0,1.0,A01,138Â 303Â 141,1.0
960295,201900001826,10,22,07:00,5,2,1,5.0,4.0,50129,ABBAYE (RUE DE L'),M,"49,6459800"," -1,6397100",50,2019,50.0,1.0,2.0,3.0,2146270,1.0,1,1,1,1.0,,0.0,0,1971.0,C01,138Â 303Â 143,1.0,8.0,-1.0,1638943,1.0,7,,0.0,0.0,0.0,B01,138Â 303Â 142,1.0