Unnamed: 0_x,num_acc,mois,jour,hrmn,lum,agg,int,atm,col,com,adr,gps,lat,long,dep,annee,vma,situ,surf,catr,Unnamed: 0_y,place,catu,grav,sexe,trajet,secu,locp,actp,an_nais,num_veh_x,id_vehicule_x,secu1,secu2,secu3,Unnamed: 0,senc,catv,occutc,obs,obsm,choc,num_veh_y,id_vehicule_y,motor
960295,201900001826,10,22,07:00,5,2,1,5.0,4.0,50129,ABBAYE (RUE DE L'),M,"49,6459800"," -1,6397100",50,2019,50.0,1.0,2.0,3.0,2146270,1.0,1,1,1,1.0,,0.0,0,1971.0,C01,138Â 303Â 143,1.0,8.0,-1.0,1638944,1.0,7,,0.0,2.0,4.0,C01,138Â 303Â 143,1.0
960295,201900001826,10,22,07:00,5,2,1,5.0,4.0,50129,ABBAYE (RUE DE L'),M,"49,6459800"," -1,6397100",50,2019,50.0,1.0,2.0,3.0,2146270,1.0,1,1,1,1.0,,0.0,0,1971.0,C01,138Â 303Â 143,1.0,8.0,-1.0,1638945,1.0,7,,0.0,2.0,4.0,D01,138Â 303Â 144,1.0
960295,201900001826,10,22,07:00,5,2,1,5.0,4.0,50129,ABBAYE (RUE DE L'),M,"49,6459800"," -1,6397100",50,2019,50.0,1.0,2.0,3.0,2146271,1.0,1,1,1,1.0,,0.0,0,1965.0,D01,138Â 303Â 144,1.0,8.0,-1.0,1638942,1.0,7,,0.0,2.0,1.0,A01,138Â 303Â 141,1.0
960295,201900001826,10,22,07:00,5,2,1,5.0,4.0,50129,ABBAYE (RUE DE L'),M,"49,6459800"," -1,6397100",50,2019,50.0,1.0,2.0,3.0,2146271,1.0,1,1,1,1.0,,0.0,0,1965.0,D01,138Â 303Â 144,1.0,8.0,-1.0,1638943,1.0,7,,0.0,0.0,0.0,B01,138Â 303Â 142,1.0
960295,201900001826,10,22,07:00,5,2,1,5.0,4.0,50129,ABBAYE (RUE DE L'),M,"49,6459800"," -1,6397100",50,2019,50.0,1.0,2.0,3.0,2146271,1.0,1,1,1,1.0,,0.0,0,1965.0,D01,138Â 303Â 144,1.0,8.0,-1.0,1638944,1.0,7,,0.0,2.0,4.0,C01,138Â 303Â 143,1.0
960295,201900001826,10,22,07:00,5,2,1,5.0,4.0,50129,ABBAYE (RUE DE L'),M,"49,6459800"," -1,6397100",50,2019,50.0,1.0,2.0,3.0,2146271,1.0,1,1,1,1.0,,0.0,0,1965.0,D01,138Â 303Â 144,1.0,8.0,-1.0,1638945,1.0,7,,0.0,2.0,4.0,D01,138Â 303Â 144,1.0
960296,201900001827,10,23,09:40,1,2,1,1.0,6.0,50129,FOURCHES (ROUTE DES),M,"49,6372200"," -1,6506200",50,2019,50.0,1.0,1.0,6.0,2146272,1.0,1,1,2,5.0,,0.0,0,1952.0,A01,138Â 303Â 140,8.0,0.0,-1.0,1638946,0.0,7,,0.0,1.0,5.0,A01,138Â 303Â 140,1.0
960296,201900001827,10,23,09:40,1,2,1,1.0,6.0,50129,FOURCHES (ROUTE DES),M,"49,6372200"," -1,6506200",50,2019,50.0,1.0,1.0,6.0,2146273,10.0,3,4,1,5.0,,1.0,3,1947.0,A01,138Â 303Â 140,8.0,0.0,-1.0,1638946,0.0,7,,0.0,1.0,5.0,A01,138Â 303Â 140,1.0
960297,201900001828,10,21,08:50,1,2,1,8.0,2.0,50129,TANNERIES (RUE DES),M,"49,6329100"," -1,6230000",50,2019,50.0,1.0,2.0,4.0,2146274,1.0,1,1,2,1.0,,0.0,0,1957.0,A01,138Â 303Â 138,1.0,0.0,-1.0,1638947,0.0,7,,0.0,2.0,1.0,A01,138Â 303Â 138,1.0
960297,201900001828,10,21,08:50,1,2,1,8.0,2.0,50129,TANNERIES (RUE DES),M,"49,6329100"," -1,6230000",50,2019,50.0,1.0,2.0,4.0,2146274,1.0,1,1,2,1.0,,0.0,0,1957.0,A01,138Â 303Â 138,1.0,0.0,-1.0,1638948,0.0,2,,0.0,2.0,4.0,B01,138Â 303Â 139,1.0
960297,201900001828,10,21,08:50,1,2,1,8.0,2.0,50129,TANNERIES (RUE DES),M,"49,6329100"," -1,6230000",50,2019,50.0,1.0,2.0,4.0,2146275,1.0,1,4,1,9.0,,0.0,0,2001.0,B01,138Â 303Â 139,2.0,6.0,-1.0,1638947,0.0,7,,0.0,2.0,1.0,A01,138Â 303Â 138,1.0
960297,201900001828,10,21,08:50,1,2,1,8.0,2.0,50129,TANNERIES (RUE DES),M,"49,6329100"," -1,6230000",50,2019,50.0,1.0,2.0,4.0,2146275,1.0,1,4,1,9.0,,0.0,0,2001.0,B01,138Â 303Â 139,2.0,6.0,-1.0,1638948,0.0,2,,0.0,2.0,4.0,B01,138Â 303Â 139,1.0
960298,201900001829,10,24,19:00,2,2,1,1.0,6.0,49099,MINEE(BOULEVARD DE LA),M,"47,0551800"," -0,8600900",49,2019,50.0,1.0,1.0,7.0,2146276,10.0,3,3,1,5.0,,3.0,3,1981.0,A01,138Â 303Â 137,8.0,8.0,-1.0,1638949,1.0,7,,0.0,1.0,1.0,A01,138Â 303Â 137,1.0
960298,201900001829,10,24,19:00,2,2,1,1.0,6.0,49099,MINEE(BOULEVARD DE LA),M,"47,0551800"," -0,8600900",49,2019,50.0,1.0,1.0,7.0,2146277,1.0,1,1,2,1.0,,-1.0,0,1972.0,A01,138Â 303Â 137,1.0,8.0,-1.0,1638949,1.0,7,,0.0,1.0,1.0,A01,138Â 303Â 137,1.0
960299,201900001830,10,23,19:25,4,2,1,1.0,6.0,45285,AV P MENDES FRANCE,M,"47,9047000","1,8660500",45,2019,50.0,1.0,1.0,4.0,2146278,10.0,3,3,1,5.0,,1.0,5,2007.0,A01,138Â 303Â 136,8.0,0.0,-1.0,1638950,1.0,7,,0.0,1.0,2.0,A01,138Â 303Â 136,1.0
960299,201900001830,10,23,19:25,4,2,1,1.0,6.0,45285,AV P MENDES FRANCE,M,"47,9047000","1,8660500",45,2019,50.0,1.0,1.0,4.0,2146279,1.0,1,1,1,5.0,,0.0,0,1970.0,A01,138Â 303Â 136,1.0,0.0,-1.0,1638950,1.0,7,,0.0,1.0,2.0,A01,138Â 303Â 136,1.0
960300,201900001831,10,23,16:52,1,1,1,9.0,3.0,45232,RUE DE LA REINE BLANCHE,M,"47,8738906","1,8811961",45,2019,50.0,1.0,2.0,4.0,2146280,1.0,1,4,1,1.0,,0.0,0,1993.0,A01,138Â 303Â 134,1.0,0.0,-1.0,1638951,3.0,7,,0.0,2.0,5.0,A01,138Â 303Â 134,1.0
960300,201900001831,10,23,16:52,1,1,1,9.0,3.0,45232,RUE DE LA REINE BLANCHE,M,"47,8738906","1,8811961",45,2019,50.0,1.0,2.0,4.0,2146280,1.0,1,4,1,1.0,,0.0,0,1993.0,A01,138Â 303Â 134,1.0,0.0,-1.0,1638952,3.0,7,,0.0,2.0,1.0,B01,138Â 303Â 135,1.0
960300,201900001831,10,23,16:52,1,1,1,9.0,3.0,45232,RUE DE LA REINE BLANCHE,M,"47,8738906","1,8811961",45,2019,50.0,1.0,2.0,4.0,2146281,2.0,2,4,2,0.0,,0.0,0,1997.0,B01,138Â 303Â 135,1.0,0.0,-1.0,1638951,3.0,7,,0.0,2.0,5.0,A01,138Â 303Â 134,1.0
960300,201900001831,10,23,16:52,1,1,1,9.0,3.0,45232,RUE DE LA REINE BLANCHE,M,"47,8738906","1,8811961",45,2019,50.0,1.0,2.0,4.0,2146281,2.0,2,4,2,0.0,,0.0,0,1997.0,B01,138Â 303Â 135,1.0,0.0,-1.0,1638952,3.0,7,,0.0,2.0,1.0,B01,138Â 303Â 135,1.0
960300,201900001831,10,23,16:52,1,1,1,9.0,3.0,45232,RUE DE LA REINE BLANCHE,M,"47,8738906","1,8811961",45,2019,50.0,1.0,2.0,4.0,2146282,1.0,1,4,1,1.0,,0.0,0,1995.0,B01,138Â 303Â 135,1.0,0.0,-1.0,1638951,3.0,7,,0.0,2.0,5.0,A01,138Â 303Â 134,1.0
960300,201900001831,10,23,16:52,1,1,1,9.0,3.0,45232,RUE DE LA REINE BLANCHE,M,"47,8738906","1,8811961",45,2019,50.0,1.0,2.0,4.0,2146282,1.0,1,4,1,1.0,,0.0,0,1995.0,B01,138Â 303Â 135,1.0,0.0,-1.0,1638952,3.0,7,,0.0,2.0,1.0,B01,138Â 303Â 135,1.0
960301,201900001832,10,23,07:00,5,2,9,1.0,6.0,44109,BOULEVARD ROBERT SCHUMAN,M,"47,2416000"," -1,5734800",44,2019,50.0,1.0,1.0,4.0,2146283,1.0,1,1,1,0.0,,0.0,0,1948.0,A01,138Â 303Â 133,1.0,0.0,-1.0,1638953,1.0,7,,0.0,1.0,3.0,A01,138Â 303Â 133,1.0
960301,201900001832,10,23,07:00,5,2,9,1.0,6.0,44109,BOULEVARD ROBERT SCHUMAN,M,"47,2416000"," -1,5734800",44,2019,50.0,1.0,1.0,4.0,2146284,10.0,3,3,2,0.0,,2.0,3,1966.0,A01,138Â 303Â 133,8.0,0.0,-1.0,1638953,1.0,7,,0.0,1.0,3.0,A01,138Â 303Â 133,1.0
960302,201900001833,10,23,08:40,1,2,1,8.0,6.0,37208,BEAUGAILLARD (AVENUE),M,"47,3649415","0,7186116",37,2019,50.0,1.0,1.0,4.0,2146285,1.0,1,4,1,1.0,,-1.0, -1,1983.0,C01,138Â 303Â 130,2.0,0.0,-1.0,1638954,3.0,80,,0.0,2.0,7.0,C01,138Â 303Â 130,3.0
960302,201900001833,10,23,08:40,1,2,1,8.0,6.0,37208,BEAUGAILLARD (AVENUE),M,"47,3649415","0,7186116",37,2019,50.0,1.0,1.0,4.0,2146285,1.0,1,4,1,1.0,,-1.0, -1,1983.0,C01,138Â 303Â 130,2.0,0.0,-1.0,1638955,3.0,10,,0.0,2.0,5.0,B01,138Â 303Â 131,1.0
960302,201900001833,10,23,08:40,1,2,1,8.0,6.0,37208,BEAUGAILLARD (AVENUE),M,"47,3649415","0,7186116",37,2019,50.0,1.0,1.0,4.0,2146285,1.0,1,4,1,1.0,,-1.0, -1,1983.0,C01,138Â 303Â 130,2.0,0.0,-1.0,1638956,3.0,10,,0.0,2.0,1.0,A01,138Â 303Â 132,1.0
960302,201900001833,10,23,08:40,1,2,1,8.0,6.0,37208,BEAUGAILLARD (AVENUE),M,"47,3649415","0,7186116",37,2019,50.0,1.0,1.0,4.0,2146286,1.0,1,4,1,1.0,,-1.0, -1,1963.0,B01,138Â 303Â 131,1.0,0.0,-1.0,1638954,3.0,80,,0.0,2.0,7.0,C01,138Â 303Â 130,3.0
960302,201900001833,10,23,08:40,1,2,1,8.0,6.0,37208,BEAUGAILLARD (AVENUE),M,"47,3649415","0,7186116",37,2019,50.0,1.0,1.0,4.0,2146286,1.0,1,4,1,1.0,,-1.0, -1,1963.0,B01,138Â 303Â 131,1.0,0.0,-1.0,1638955,3.0,10,,0.0,2.0,5.0,B01,138Â 303Â 131,1.0
960302,201900001833,10,23,08:40,1,2,1,8.0,6.0,37208,BEAUGAILLARD (AVENUE),M,"47,3649415","0,7186116",37,2019,50.0,1.0,1.0,4.0,2146286,1.0,1,4,1,1.0,,-1.0, -1,1963.0,B01,138Â 303Â 131,1.0,0.0,-1.0,1638956,3.0,10,,0.0,2.0,1.0,A01,138Â 303Â 132,1.0
960302,201900001833,10,23,08:40,1,2,1,8.0,6.0,37208,BEAUGAILLARD (AVENUE),M,"47,3649415","0,7186116",37,2019,50.0,1.0,1.0,4.0,2146287,1.0,1,1,1,1.0,,-1.0, -1,1996.0,A01,138Â 303Â 132,1.0,0.0,-1.0,1638954,3.0,80,,0.0,2.0,7.0,C01,138Â 303Â 130,3.0
960302,201900001833,10,23,08:40,1,2,1,8.0,6.0,37208,BEAUGAILLARD (AVENUE),M,"47,3649415","0,7186116",37,2019,50.0,1.0,1.0,4.0,2146287,1.0,1,1,1,1.0,,-1.0, -1,1996.0,A01,138Â 303Â 132,1.0,0.0,-1.0,1638955,3.0,10,,0.0,2.0,5.0,B01,138Â 303Â 131,1.0
960302,201900001833,10,23,08:40,1,2,1,8.0,6.0,37208,BEAUGAILLARD (AVENUE),M,"47,3649415","0,7186116",37,2019,50.0,1.0,1.0,4.0,2146287,1.0,1,1,1,1.0,,-1.0, -1,1996.0,A01,138Â 303Â 132,1.0,0.0,-1.0,1638956,3.0,10,,0.0,2.0,1.0,A01,138Â 303Â 132,1.0
960303,201900001834,10,23,20:45,3,2,5,1.0,1.0,35238,SAINT-BRIEUC (DE),M,"48,1164200"," -1,7100000",35,2019,50.0,1.0,1.0,4.0,2146288,1.0,1,4,2,0.0,,-1.0,0,1979.0,A01,138Â 303Â 128,1.0,0.0,-1.0,1638957,3.0,7,,0.0,2.0,7.0,A01,138Â 303Â 128,1.0
960303,201900001834,10,23,20:45,3,2,5,1.0,1.0,35238,SAINT-BRIEUC (DE),M,"48,1164200"," -1,7100000",35,2019,50.0,1.0,1.0,4.0,2146288,1.0,1,4,2,0.0,,-1.0,0,1979.0,A01,138Â 303Â 128,1.0,0.0,-1.0,1638958,3.0,7,,0.0,2.0,1.0,B01,138Â 303Â 129,1.0
960303,201900001834,10,23,20:45,3,2,5,1.0,1.0,35238,SAINT-BRIEUC (DE),M,"48,1164200"," -1,7100000",35,2019,50.0,1.0,1.0,4.0,2146289,4.0,2,4,2,0.0,,-1.0, -1,2015.0,A01,138Â 303Â 128,1.0,0.0,-1.0,1638957,3.0,7,,0.0,2.0,7.0,A01,138Â 303Â 128,1.0
960303,201900001834,10,23,20:45,3,2,5,1.0,1.0,35238,SAINT-BRIEUC (DE),M,"48,1164200"," -1,7100000",35,2019,50.0,1.0,1.0,4.0,2146289,4.0,2,4,2,0.0,,-1.0, -1,2015.0,A01,138Â 303Â 128,1.0,0.0,-1.0,1638958,3.0,7,,0.0,2.0,1.0,B01,138Â 303Â 129,1.0
960303,201900001834,10,23,20:45,3,2,5,1.0,1.0,35238,SAINT-BRIEUC (DE),M,"48,1164200"," -1,7100000",35,2019,50.0,1.0,1.0,4.0,2146290,2.0,2,4,2,0.0,,-1.0,0,1985.0,A01,138Â 303Â 128,1.0,0.0,-1.0,1638957,3.0,7,,0.0,2.0,7.0,A01,138Â 303Â 128,1.0
960303,201900001834,10,23,20:45,3,2,5,1.0,1.0,35238,SAINT-BRIEUC (DE),M,"48,1164200"," -1,7100000",35,2019,50.0,1.0,1.0,4.0,2146290,2.0,2,4,2,0.0,,-1.0,0,1985.0,A01,138Â 303Â 128,1.0,0.0,-1.0,1638958,3.0,7,,0.0,2.0,1.0,B01,138Â 303Â 129,1.0
960303,201900001834,10,23,20:45,3,2,5,1.0,1.0,35238,SAINT-BRIEUC (DE),M,"48,1164200"," -1,7100000",35,2019,50.0,1.0,1.0,4.0,2146291,1.0,1,4,2,0.0,,-1.0, -1,1971.0,B01,138Â 303Â 129,1.0,0.0,-1.0,1638957,3.0,7,,0.0,2.0,7.0,A01,138Â 303Â 128,1.0
960303,201900001834,10,23,20:45,3,2,5,1.0,1.0,35238,SAINT-BRIEUC (DE),M,"48,1164200"," -1,7100000",35,2019,50.0,1.0,1.0,4.0,2146291,1.0,1,4,2,0.0,,-1.0, -1,1971.0,B01,138Â 303Â 129,1.0,0.0,-1.0,1638958,3.0,7,,0.0,2.0,1.0,B01,138Â 303Â 129,1.0
960304,201900001835,10,24,02:10,5,2,3,2.0,3.0,33063,CRS VICTOR HUGO  - VTA = VTC,M,"44,8356790"," -0,5681300",33,2019,50.0,1.0,1.0,4.0,2146292,1.0,1,1,1,4.0,,-1.0, -1,1990.0,A01,138Â 303Â 126,8.0,0.0,-1.0,1638959,2.0,7,,0.0,2.0,6.0,A01,138Â 303Â 126,1.0
960304,201900001835,10,24,02:10,5,2,3,2.0,3.0,33063,CRS VICTOR HUGO  - VTA = VTC,M,"44,8356790"," -0,5681300",33,2019,50.0,1.0,1.0,4.0,2146292,1.0,1,1,1,4.0,,-1.0, -1,1990.0,A01,138Â 303Â 126,8.0,0.0,-1.0,1638960,2.0,33,,0.0,2.0,1.0,B01,138Â 303Â 127,1.0
960304,201900001835,10,24,02:10,5,2,3,2.0,3.0,33063,CRS VICTOR HUGO  - VTA = VTC,M,"44,8356790"," -0,5681300",33,2019,50.0,1.0,1.0,4.0,2146293,1.0,1,4,1,5.0,,-1.0, -1,1991.0,B01,138Â 303Â 127,2.0,6.0,-1.0,1638959,2.0,7,,0.0,2.0,6.0,A01,138Â 303Â 126,1.0
960304,201900001835,10,24,02:10,5,2,3,2.0,3.0,33063,CRS VICTOR HUGO  - VTA = VTC,M,"44,8356790"," -0,5681300",33,2019,50.0,1.0,1.0,4.0,2146293,1.0,1,4,1,5.0,,-1.0, -1,1991.0,B01,138Â 303Â 127,2.0,6.0,-1.0,1638960,2.0,33,,0.0,2.0,1.0,B01,138Â 303Â 127,1.0
960305,201900001836,10,22,16:50,1,2,4,3.0,2.0,33039,ALL DES QUATRE CASTERA,M,"44,8111900"," -0,5336400",33,2019,30.0,1.0,2.0,4.0,2146294,1.0,1,1,1,0.0,,-1.0, -1,1965.0,A01,138Â 303Â 124,8.0,0.0,-1.0,1638961,1.0,7,,0.0,2.0,2.0,A01,138Â 303Â 124,2.0
960305,201900001836,10,22,16:50,1,2,4,3.0,2.0,33039,ALL DES QUATRE CASTERA,M,"44,8111900"," -0,5336400",33,2019,30.0,1.0,2.0,4.0,2146294,1.0,1,1,1,0.0,,-1.0, -1,1965.0,A01,138Â 303Â 124,8.0,0.0,-1.0,1638962,1.0,7,,0.0,0.0,4.0,B01,138Â 303Â 125,1.0
960305,201900001836,10,22,16:50,1,2,4,3.0,2.0,33039,ALL DES QUATRE CASTERA,M,"44,8111900"," -0,5336400",33,2019,30.0,1.0,2.0,4.0,2146295,1.0,1,4,1,0.0,,-1.0, -1,1973.0,B01,138Â 303Â 125,1.0,0.0,-1.0,1638961,1.0,7,,0.0,2.0,2.0,A01,138Â 303Â 124,2.0
960305,201900001836,10,22,16:50,1,2,4,3.0,2.0,33039,ALL DES QUATRE CASTERA,M,"44,8111900"," -0,5336400",33,2019,30.0,1.0,2.0,4.0,2146295,1.0,1,4,1,0.0,,-1.0, -1,1973.0,B01,138Â 303Â 125,1.0,0.0,-1.0,1638962,1.0,7,,0.0,0.0,4.0,B01,138Â 303Â 125,1.0
960306,201900001837,10,23,09:50,1,2,1,1.0,6.0,32013,JEAN JAURES (AVENUE),M,"43,6641600","0,5974500",32,2019,50.0,1.0,1.0,4.0,2146296,1.0,1,1,1,4.0,,0.0,0,1977.0,A01,138Â 303Â 123,1.0,8.0,-1.0,1638963,3.0,7,,0.0,1.0,4.0,A01,138Â 303Â 123,1.0
960306,201900001837,10,23,09:50,1,2,1,1.0,6.0,32013,JEAN JAURES (AVENUE),M,"43,6641600","0,5974500",32,2019,50.0,1.0,1.0,4.0,2146297,10.0,3,3,1,5.0,,6.0,4,1934.0,A01,138Â 303Â 123,8.0,8.0,-1.0,1638963,3.0,7,,0.0,1.0,4.0,A01,138Â 303Â 123,1.0
960307,201900001838,10,23,00:30,5,2,1,3.0,1.0,31555,AV M BOURGES MAUNOURY,M,"43,6296500","1,4495900",31,2019,50.0,1.0,2.0,4.0,2146298,1.0,1,4,2,0.0,,-1.0,0,1997.0,A01,138Â 303Â 121,1.0,0.0,-1.0,1638964,1.0,7,,0.0,2.0,3.0,A01,138Â 303Â 121,1.0
960307,201900001838,10,23,00:30,5,2,1,3.0,1.0,31555,AV M BOURGES MAUNOURY,M,"43,6296500","1,4495900",31,2019,50.0,1.0,2.0,4.0,2146298,1.0,1,4,2,0.0,,-1.0,0,1997.0,A01,138Â 303Â 121,1.0,0.0,-1.0,1638965,2.0,7,,0.0,2.0,3.0,B01,138Â 303Â 122,1.0
960307,201900001838,10,23,00:30,5,2,1,3.0,1.0,31555,AV M BOURGES MAUNOURY,M,"43,6296500","1,4495900",31,2019,50.0,1.0,2.0,4.0,2146299,3.0,2,1,1,0.0,,-1.0,0,1999.0,B01,138Â 303Â 122,1.0,0.0,-1.0,1638964,1.0,7,,0.0,2.0,3.0,A01,138Â 303Â 121,1.0
960307,201900001838,10,23,00:30,5,2,1,3.0,1.0,31555,AV M BOURGES MAUNOURY,M,"43,6296500","1,4495900",31,2019,50.0,1.0,2.0,4.0,2146299,3.0,2,1,1,0.0,,-1.0,0,1999.0,B01,138Â 303Â 122,1.0,0.0,-1.0,1638965,2.0,7,,0.0,2.0,3.0,B01,138Â 303Â 122,1.0
960307,201900001838,10,23,00:30,5,2,1,3.0,1.0,31555,AV M BOURGES MAUNOURY,M,"43,6296500","1,4495900",31,2019,50.0,1.0,2.0,4.0,2146300,1.0,1,1,1,9.0,,-1.0,0,1996.0,B01,138Â 303Â 122,1.0,0.0,-1.0,1638964,1.0,7,,0.0,2.0,3.0,A01,138Â 303Â 121,1.0
960307,201900001838,10,23,00:30,5,2,1,3.0,1.0,31555,AV M BOURGES MAUNOURY,M,"43,6296500","1,4495900",31,2019,50.0,1.0,2.0,4.0,2146300,1.0,1,1,1,9.0,,-1.0,0,1996.0,B01,138Â 303Â 122,1.0,0.0,-1.0,1638965,2.0,7,,0.0,2.0,3.0,B01,138Â 303Â 122,1.0
960307,201900001838,10,23,00:30,5,2,1,3.0,1.0,31555,AV M BOURGES MAUNOURY,M,"43,6296500","1,4495900",31,2019,50.0,1.0,2.0,4.0,2146301,2.0,2,1,1,0.0,,-1.0,0,1999.0,B01,138Â 303Â 122,1.0,0.0,-1.0,1638964,1.0,7,,0.0,2.0,3.0,A01,138Â 303Â 121,1.0
960307,201900001838,10,23,00:30,5,2,1,3.0,1.0,31555,AV M BOURGES MAUNOURY,M,"43,6296500","1,4495900",31,2019,50.0,1.0,2.0,4.0,2146301,2.0,2,1,1,0.0,,-1.0,0,1999.0,B01,138Â 303Â 122,1.0,0.0,-1.0,1638965,2.0,7,,0.0,2.0,3.0,B01,138Â 303Â 122,1.0
960308,201900001839,10,23,16:40,1,2,1,3.0,7.0,30007,LUMIERES (AVE DES FRERES),M,"44,1396700","4,0893100",30,2019,50.0,1.0,2.0,4.0,2146302,1.0,1,2,1,9.0,,-1.0, -1,1928.0,A01,138Â 303Â 120,1.0,0.0,-1.0,1638966,1.0,7,,0.0,0.0,9.0,A01,138Â 303Â 120,1.0
960309,201900001840,10,23,15:35,1,2,1,2.0,3.0,29232,LUZEL RUE,M,"47,9960400"," -4,0998700",29,2019,30.0,1.0,2.0,4.0,2146303,1.0,1,1,2,9.0,,-1.0, -1,1979.0,A01,138Â 303Â 117,8.0,0.0,-1.0,1638967,2.0,7,,0.0,2.0,3.0,A01,138Â 303Â 117,1.0
960309,201900001840,10,23,15:35,1,2,1,2.0,3.0,29232,LUZEL RUE,M,"47,9960400"," -4,0998700",29,2019,30.0,1.0,2.0,4.0,2146303,1.0,1,1,2,9.0,,-1.0, -1,1979.0,A01,138Â 303Â 117,8.0,0.0,-1.0,1638968,2.0,33,,0.0,2.0,7.0,B01,138Â 303Â 118,1.0
960309,201900001840,10,23,15:35,1,2,1,2.0,3.0,29232,LUZEL RUE,M,"47,9960400"," -4,0998700",29,2019,30.0,1.0,2.0,4.0,2146304,1.0,1,4,1,1.0,,0.0,0,1977.0,B01,138Â 303Â 118,2.0,0.0,-1.0,1638967,2.0,7,,0.0,2.0,3.0,A01,138Â 303Â 117,1.0
960309,201900001840,10,23,15:35,1,2,1,2.0,3.0,29232,LUZEL RUE,M,"47,9960400"," -4,0998700",29,2019,30.0,1.0,2.0,4.0,2146304,1.0,1,4,1,1.0,,0.0,0,1977.0,B01,138Â 303Â 118,2.0,0.0,-1.0,1638968,2.0,33,,0.0,2.0,7.0,B01,138Â 303Â 118,1.0
960310,201900001841,10,20,14:50,1,2,1,1.0,7.0,29232,LIMERICK AVENUE DE,M,"47,9869800"," -4,0915100",29,2019,50.0,1.0,1.0,4.0,2146305,1.0,1,4,1,5.0,,-1.0, -1,1996.0,A01,138Â 303Â 116,1.0,0.0,-1.0,1638969,1.0,7,,8.0,0.0,1.0,A01,138Â 303Â 116,1.0
960311,201900001842,10,18,13:00,1,2,6,1.0,6.0,29232,MENEZ EDOUARD  ROND POINT,M,"48,0154000"," -4,0821000",29,2019,50.0,1.0,1.0,4.0,2146306,1.0,1,1,1,0.0,,0.0,0,1997.0,A01,138Â 303Â 115,1.0,0.0,-1.0,1638970,3.0,7,,0.0,1.0,1.0,A01,138Â 303Â 115,1.0
960311,201900001842,10,18,13:00,1,2,6,1.0,6.0,29232,MENEZ EDOUARD  ROND POINT,M,"48,0154000"," -4,0821000",29,2019,50.0,1.0,1.0,4.0,2146307,10.0,3,4,2,0.0,,3.0,3,1964.0,A01,138Â 303Â 115,8.0,0.0,-1.0,1638970,3.0,7,,0.0,1.0,1.0,A01,138Â 303Â 115,1.0
960312,201900001843,10,22,12:15,1,1,9,1.0,2.0,13026,RN 568 CLM,M,"43,3900600","5,1675800",13,2019,80.0,1.0,2.0,3.0,2146308,1.0,1,4,1,5.0,,-1.0, -1,2000.0,A01,138Â 303Â 110,1.0,8.0,-1.0,1638971,0.0,7,,0.0,2.0,1.0,A01,138Â 303Â 110,1.0
960312,201900001843,10,22,12:15,1,1,9,1.0,2.0,13026,RN 568 CLM,M,"43,3900600","5,1675800",13,2019,80.0,1.0,2.0,3.0,2146308,1.0,1,4,1,5.0,,-1.0, -1,2000.0,A01,138Â 303Â 110,1.0,8.0,-1.0,1638972,0.0,7,,0.0,0.0,4.0,B01,138Â 303Â 111,0.0
960312,201900001843,10,22,12:15,1,1,9,1.0,2.0,13026,RN 568 CLM,M,"43,3900600","5,1675800",13,2019,80.0,1.0,2.0,3.0,2146309,2.0,2,4,2,1.0,,-1.0, -1,1991.0,B01,138Â 303Â 111,8.0,0.0,-1.0,1638971,0.0,7,,0.0,2.0,1.0,A01,138Â 303Â 110,1.0
960312,201900001843,10,22,12:15,1,1,9,1.0,2.0,13026,RN 568 CLM,M,"43,3900600","5,1675800",13,2019,80.0,1.0,2.0,3.0,2146309,2.0,2,4,2,1.0,,-1.0, -1,1991.0,B01,138Â 303Â 111,8.0,0.0,-1.0,1638972,0.0,7,,0.0,0.0,4.0,B01,138Â 303Â 111,0.0
960312,201900001843,10,22,12:15,1,1,9,1.0,2.0,13026,RN 568 CLM,M,"43,3900600","5,1675800",13,2019,80.0,1.0,2.0,3.0,2146310,1.0,1,4,1,1.0,,-1.0, -1,1984.0,B01,138Â 303Â 111,1.0,8.0,-1.0,1638971,0.0,7,,0.0,2.0,1.0,A01,138Â 303Â 110,1.0
960312,201900001843,10,22,12:15,1,1,9,1.0,2.0,13026,RN 568 CLM,M,"43,3900600","5,1675800",13,2019,80.0,1.0,2.0,3.0,2146310,1.0,1,4,1,1.0,,-1.0, -1,1984.0,B01,138Â 303Â 111,1.0,8.0,-1.0,1638972,0.0,7,,0.0,0.0,4.0,B01,138Â 303Â 111,0.0
960313,201900001844,10,23,19:10,5,2,2,3.0,6.0,13202,DAMES (BOULEVARD DES),M,"43,3029062","5,3676313",13,2019,50.0,1.0,2.0,4.0,2146311,10.0,3,4,2,0.0,,2.0,3,1984.0,A01,138Â 303Â 109,8.0,0.0,-1.0,1638973,1.0,7,,0.0,1.0,4.0,A01,138Â 303Â 109,1.0
960313,201900001844,10,23,19:10,5,2,2,3.0,6.0,13202,DAMES (BOULEVARD DES),M,"43,3029062","5,3676313",13,2019,50.0,1.0,2.0,4.0,2146312,1.0,1,1,1,0.0,,-1.0, -1,1950.0,A01,138Â 303Â 109,1.0,0.0,-1.0,1638973,1.0,7,,0.0,1.0,4.0,A01,138Â 303Â 109,1.0
960314,201900001845,10,23,15:30,1,2,1,3.0,2.0,13213,ROSE (AVENUE DE LA),M,"43,3260674","5,4205459",13,2019,50.0,1.0,2.0,4.0,2146313,1.0,1,1,1,5.0,,-1.0, -1,2002.0,A01,138Â 303Â 107,8.0,0.0,-1.0,1638974,0.0,3,,0.0,2.0,1.0,A01,138Â 303Â 107,1.0