Unnamed: 0_x,num_acc,mois,jour,hrmn,lum,agg,int,atm,col,com,adr,gps,lat,long,dep,annee,vma,situ,surf,catr,Unnamed: 0_y,place,catu,grav,sexe,trajet,secu,locp,actp,an_nais,num_veh_x,id_vehicule_x,secu1,secu2,secu3,Unnamed: 0,senc,catv,occutc,obs,obsm,choc,num_veh_y,id_vehicule_y,motor
960314,201900001845,10,23,15:30,1,2,1,3.0,2.0,13213,ROSE (AVENUE DE LA),M,"43,3260674","5,4205459",13,2019,50.0,1.0,2.0,4.0,2146313,1.0,1,1,1,5.0,,-1.0, -1,2002.0,A01,138Â 303Â 107,8.0,0.0,-1.0,1638975,0.0,7,,0.0,2.0,4.0,B01,138Â 303Â 108,1.0
960314,201900001845,10,23,15:30,1,2,1,3.0,2.0,13213,ROSE (AVENUE DE LA),M,"43,3260674","5,4205459",13,2019,50.0,1.0,2.0,4.0,2146314,1.0,1,4,2,5.0,,-1.0, -1,1984.0,B01,138Â 303Â 108,8.0,0.0,-1.0,1638974,0.0,3,,0.0,2.0,1.0,A01,138Â 303Â 107,1.0
960314,201900001845,10,23,15:30,1,2,1,3.0,2.0,13213,ROSE (AVENUE DE LA),M,"43,3260674","5,4205459",13,2019,50.0,1.0,2.0,4.0,2146314,1.0,1,4,2,5.0,,-1.0, -1,1984.0,B01,138Â 303Â 108,8.0,0.0,-1.0,1638975,0.0,7,,0.0,2.0,4.0,B01,138Â 303Â 108,1.0
960314,201900001845,10,23,15:30,1,2,1,3.0,2.0,13213,ROSE (AVENUE DE LA),M,"43,3260674","5,4205459",13,2019,50.0,1.0,2.0,4.0,2146315,2.0,2,4,2,5.0,,-1.0, -1,2003.0,B01,138Â 303Â 108,8.0,0.0,-1.0,1638974,0.0,3,,0.0,2.0,1.0,A01,138Â 303Â 107,1.0
960314,201900001845,10,23,15:30,1,2,1,3.0,2.0,13213,ROSE (AVENUE DE LA),M,"43,3260674","5,4205459",13,2019,50.0,1.0,2.0,4.0,2146315,2.0,2,4,2,5.0,,-1.0, -1,2003.0,B01,138Â 303Â 108,8.0,0.0,-1.0,1638975,0.0,7,,0.0,2.0,4.0,B01,138Â 303Â 108,1.0
960315,201900001846,10,23,14:10,1,1,1,2.0,6.0,13211,JEAN LOMBARD (AVENUE),M,"43,2889770","5,4338270",13,2019,50.0,1.0,2.0,3.0,2146316,10.0,3,4,1,5.0,,1.0,3,2010.0,Z01,138Â 303Â 106,8.0,0.0,-1.0,1638976,3.0,7,,0.0,1.0,1.0,Z01,138Â 303Â 106,0.0
960316,201900001847,10,21,18:00,1,2,1,3.0,5.0,13215,GARE (BOULEVARD DE LA) ,M,"43,3580400","5,3657300",13,2019,50.0,1.0,2.0,4.0,2146317,1.0,1,1,2,0.0,,-1.0, -1,1986.0,A01,138Â 303Â 102,1.0,0.0,-1.0,1638977,0.0,7,,0.0,0.0,4.0,A01,138Â 303Â 102,0.0
960316,201900001847,10,21,18:00,1,2,1,3.0,5.0,13215,GARE (BOULEVARD DE LA) ,M,"43,3580400","5,3657300",13,2019,50.0,1.0,2.0,4.0,2146317,1.0,1,1,2,0.0,,-1.0, -1,1986.0,A01,138Â 303Â 102,1.0,0.0,-1.0,1638978,0.0,7,,0.0,2.0,1.0,B01,138Â 303Â 103,0.0
960316,201900001847,10,21,18:00,1,2,1,3.0,5.0,13215,GARE (BOULEVARD DE LA) ,M,"43,3580400","5,3657300",13,2019,50.0,1.0,2.0,4.0,2146317,1.0,1,1,2,0.0,,-1.0, -1,1986.0,A01,138Â 303Â 102,1.0,0.0,-1.0,1638979,0.0,7,,0.0,2.0,1.0,C01,138Â 303Â 104,0.0
960316,201900001847,10,21,18:00,1,2,1,3.0,5.0,13215,GARE (BOULEVARD DE LA) ,M,"43,3580400","5,3657300",13,2019,50.0,1.0,2.0,4.0,2146317,1.0,1,1,2,0.0,,-1.0, -1,1986.0,A01,138Â 303Â 102,1.0,0.0,-1.0,1638980,0.0,7,,0.0,2.0,1.0,D01,138Â 303Â 105,0.0
960316,201900001847,10,21,18:00,1,2,1,3.0,5.0,13215,GARE (BOULEVARD DE LA) ,M,"43,3580400","5,3657300",13,2019,50.0,1.0,2.0,4.0,2146318,2.0,2,4,2,0.0,,-1.0, -1,1998.0,A01,138Â 303Â 102,1.0,0.0,-1.0,1638977,0.0,7,,0.0,0.0,4.0,A01,138Â 303Â 102,0.0
960316,201900001847,10,21,18:00,1,2,1,3.0,5.0,13215,GARE (BOULEVARD DE LA) ,M,"43,3580400","5,3657300",13,2019,50.0,1.0,2.0,4.0,2146318,2.0,2,4,2,0.0,,-1.0, -1,1998.0,A01,138Â 303Â 102,1.0,0.0,-1.0,1638978,0.0,7,,0.0,2.0,1.0,B01,138Â 303Â 103,0.0
960316,201900001847,10,21,18:00,1,2,1,3.0,5.0,13215,GARE (BOULEVARD DE LA) ,M,"43,3580400","5,3657300",13,2019,50.0,1.0,2.0,4.0,2146318,2.0,2,4,2,0.0,,-1.0, -1,1998.0,A01,138Â 303Â 102,1.0,0.0,-1.0,1638979,0.0,7,,0.0,2.0,1.0,C01,138Â 303Â 104,0.0
960316,201900001847,10,21,18:00,1,2,1,3.0,5.0,13215,GARE (BOULEVARD DE LA) ,M,"43,3580400","5,3657300",13,2019,50.0,1.0,2.0,4.0,2146318,2.0,2,4,2,0.0,,-1.0, -1,1998.0,A01,138Â 303Â 102,1.0,0.0,-1.0,1638980,0.0,7,,0.0,2.0,1.0,D01,138Â 303Â 105,0.0
960316,201900001847,10,21,18:00,1,2,1,3.0,5.0,13215,GARE (BOULEVARD DE LA) ,M,"43,3580400","5,3657300",13,2019,50.0,1.0,2.0,4.0,2146319,1.0,1,4,1,0.0,,-1.0, -1,1986.0,B01,138Â 303Â 103,1.0,0.0,-1.0,1638977,0.0,7,,0.0,0.0,4.0,A01,138Â 303Â 102,0.0
960316,201900001847,10,21,18:00,1,2,1,3.0,5.0,13215,GARE (BOULEVARD DE LA) ,M,"43,3580400","5,3657300",13,2019,50.0,1.0,2.0,4.0,2146319,1.0,1,4,1,0.0,,-1.0, -1,1986.0,B01,138Â 303Â 103,1.0,0.0,-1.0,1638978,0.0,7,,0.0,2.0,1.0,B01,138Â 303Â 103,0.0
960316,201900001847,10,21,18:00,1,2,1,3.0,5.0,13215,GARE (BOULEVARD DE LA) ,M,"43,3580400","5,3657300",13,2019,50.0,1.0,2.0,4.0,2146319,1.0,1,4,1,0.0,,-1.0, -1,1986.0,B01,138Â 303Â 103,1.0,0.0,-1.0,1638979,0.0,7,,0.0,2.0,1.0,C01,138Â 303Â 104,0.0
960316,201900001847,10,21,18:00,1,2,1,3.0,5.0,13215,GARE (BOULEVARD DE LA) ,M,"43,3580400","5,3657300",13,2019,50.0,1.0,2.0,4.0,2146319,1.0,1,4,1,0.0,,-1.0, -1,1986.0,B01,138Â 303Â 103,1.0,0.0,-1.0,1638980,0.0,7,,0.0,2.0,1.0,D01,138Â 303Â 105,0.0
960316,201900001847,10,21,18:00,1,2,1,3.0,5.0,13215,GARE (BOULEVARD DE LA) ,M,"43,3580400","5,3657300",13,2019,50.0,1.0,2.0,4.0,2146320,1.0,1,4,1,0.0,,-1.0, -1,1992.0,C01,138Â 303Â 104,1.0,0.0,-1.0,1638977,0.0,7,,0.0,0.0,4.0,A01,138Â 303Â 102,0.0
960316,201900001847,10,21,18:00,1,2,1,3.0,5.0,13215,GARE (BOULEVARD DE LA) ,M,"43,3580400","5,3657300",13,2019,50.0,1.0,2.0,4.0,2146320,1.0,1,4,1,0.0,,-1.0, -1,1992.0,C01,138Â 303Â 104,1.0,0.0,-1.0,1638978,0.0,7,,0.0,2.0,1.0,B01,138Â 303Â 103,0.0
960316,201900001847,10,21,18:00,1,2,1,3.0,5.0,13215,GARE (BOULEVARD DE LA) ,M,"43,3580400","5,3657300",13,2019,50.0,1.0,2.0,4.0,2146320,1.0,1,4,1,0.0,,-1.0, -1,1992.0,C01,138Â 303Â 104,1.0,0.0,-1.0,1638979,0.0,7,,0.0,2.0,1.0,C01,138Â 303Â 104,0.0
960316,201900001847,10,21,18:00,1,2,1,3.0,5.0,13215,GARE (BOULEVARD DE LA) ,M,"43,3580400","5,3657300",13,2019,50.0,1.0,2.0,4.0,2146320,1.0,1,4,1,0.0,,-1.0, -1,1992.0,C01,138Â 303Â 104,1.0,0.0,-1.0,1638980,0.0,7,,0.0,2.0,1.0,D01,138Â 303Â 105,0.0
960316,201900001847,10,21,18:00,1,2,1,3.0,5.0,13215,GARE (BOULEVARD DE LA) ,M,"43,3580400","5,3657300",13,2019,50.0,1.0,2.0,4.0,2146321,1.0,1,4,2,0.0,,-1.0, -1,1986.0,D01,138Â 303Â 105,1.0,0.0,-1.0,1638977,0.0,7,,0.0,0.0,4.0,A01,138Â 303Â 102,0.0
960316,201900001847,10,21,18:00,1,2,1,3.0,5.0,13215,GARE (BOULEVARD DE LA) ,M,"43,3580400","5,3657300",13,2019,50.0,1.0,2.0,4.0,2146321,1.0,1,4,2,0.0,,-1.0, -1,1986.0,D01,138Â 303Â 105,1.0,0.0,-1.0,1638978,0.0,7,,0.0,2.0,1.0,B01,138Â 303Â 103,0.0
960316,201900001847,10,21,18:00,1,2,1,3.0,5.0,13215,GARE (BOULEVARD DE LA) ,M,"43,3580400","5,3657300",13,2019,50.0,1.0,2.0,4.0,2146321,1.0,1,4,2,0.0,,-1.0, -1,1986.0,D01,138Â 303Â 105,1.0,0.0,-1.0,1638979,0.0,7,,0.0,2.0,1.0,C01,138Â 303Â 104,0.0
960316,201900001847,10,21,18:00,1,2,1,3.0,5.0,13215,GARE (BOULEVARD DE LA) ,M,"43,3580400","5,3657300",13,2019,50.0,1.0,2.0,4.0,2146321,1.0,1,4,2,0.0,,-1.0, -1,1986.0,D01,138Â 303Â 105,1.0,0.0,-1.0,1638980,0.0,7,,0.0,2.0,1.0,D01,138Â 303Â 105,0.0
960317,201900001848,10,23,10:35,1,2,1,8.0,3.0,13213,VALLON VERT (CHEMIN DU),M,"43,3349200","5,4515200",13,2019,50.0,1.0,1.0,4.0,2146322,1.0,1,3,1,4.0,,-1.0, -1,1966.0,A01,138Â 303Â 100,2.0,0.0,-1.0,1638981,1.0,34,,8.0,2.0,3.0,A01,138Â 303Â 100,1.0
960317,201900001848,10,23,10:35,1,2,1,8.0,3.0,13213,VALLON VERT (CHEMIN DU),M,"43,3349200","5,4515200",13,2019,50.0,1.0,1.0,4.0,2146322,1.0,1,3,1,4.0,,-1.0, -1,1966.0,A01,138Â 303Â 100,2.0,0.0,-1.0,1638982,1.0,7,,0.0,2.0,2.0,B01,138Â 303Â 101,1.0
960317,201900001848,10,23,10:35,1,2,1,8.0,3.0,13213,VALLON VERT (CHEMIN DU),M,"43,3349200","5,4515200",13,2019,50.0,1.0,1.0,4.0,2146323,1.0,1,1,1,4.0,,-1.0, -1,1955.0,B01,138Â 303Â 101,1.0,0.0,-1.0,1638981,1.0,34,,8.0,2.0,3.0,A01,138Â 303Â 100,1.0
960317,201900001848,10,23,10:35,1,2,1,8.0,3.0,13213,VALLON VERT (CHEMIN DU),M,"43,3349200","5,4515200",13,2019,50.0,1.0,1.0,4.0,2146323,1.0,1,1,1,4.0,,-1.0, -1,1955.0,B01,138Â 303Â 101,1.0,0.0,-1.0,1638982,1.0,7,,0.0,2.0,2.0,B01,138Â 303Â 101,1.0
960318,201900001849,10,22,19:55,5,2,1,1.0,2.0,13211,PINEDE (RUE DE LA),M,"43,2926900","5,4285800",13,2019,30.0,1.0,1.0,9.0,2146324,1.0,1,4,2,3.0,,-1.0,0,1989.0,B01,138Â 303Â 098,1.0,0.0,-1.0,1638983,0.0,7,,0.0,2.0,5.0,B01,138Â 303Â 098,1.0
960318,201900001849,10,22,19:55,5,2,1,1.0,2.0,13211,PINEDE (RUE DE LA),M,"43,2926900","5,4285800",13,2019,30.0,1.0,1.0,9.0,2146324,1.0,1,4,2,3.0,,-1.0,0,1989.0,B01,138Â 303Â 098,1.0,0.0,-1.0,1638984,0.0,7,,0.0,2.0,1.0,A01,138Â 303Â 099,1.0
960319,201900001850,10,22,08:10,1,2,1,2.0,4.0,05061,FOREST D'ENTRAIS ( RUE  DU ),M,"44,5647800","6,0864700",5,2019,50.0,1.0,2.0,4.0,2146325,1.0,1,1,2,1.0,,-1.0, -1,1970.0,D01,138Â 303Â 094,1.0,0.0,-1.0,1638985,1.0,7,,0.0,0.0,4.0,D01,138Â 303Â 094,1.0
960319,201900001850,10,22,08:10,1,2,1,2.0,4.0,05061,FOREST D'ENTRAIS ( RUE  DU ),M,"44,5647800","6,0864700",5,2019,50.0,1.0,2.0,4.0,2146325,1.0,1,1,2,1.0,,-1.0, -1,1970.0,D01,138Â 303Â 094,1.0,0.0,-1.0,1638986,1.0,7,,0.0,2.0,4.0,C01,138Â 303Â 095,1.0
960319,201900001850,10,22,08:10,1,2,1,2.0,4.0,05061,FOREST D'ENTRAIS ( RUE  DU ),M,"44,5647800","6,0864700",5,2019,50.0,1.0,2.0,4.0,2146325,1.0,1,1,2,1.0,,-1.0, -1,1970.0,D01,138Â 303Â 094,1.0,0.0,-1.0,1638987,1.0,7,,0.0,2.0,4.0,B01,138Â 303Â 096,1.0
960319,201900001850,10,22,08:10,1,2,1,2.0,4.0,05061,FOREST D'ENTRAIS ( RUE  DU ),M,"44,5647800","6,0864700",5,2019,50.0,1.0,2.0,4.0,2146325,1.0,1,1,2,1.0,,-1.0, -1,1970.0,D01,138Â 303Â 094,1.0,0.0,-1.0,1638988,1.0,14,,0.0,2.0,1.0,A01,138Â 303Â 097,1.0
960319,201900001850,10,22,08:10,1,2,1,2.0,4.0,05061,FOREST D'ENTRAIS ( RUE  DU ),M,"44,5647800","6,0864700",5,2019,50.0,1.0,2.0,4.0,2146326,1.0,1,1,1,1.0,,-1.0,0,1983.0,C01,138Â 303Â 095,1.0,0.0,-1.0,1638985,1.0,7,,0.0,0.0,4.0,D01,138Â 303Â 094,1.0
960319,201900001850,10,22,08:10,1,2,1,2.0,4.0,05061,FOREST D'ENTRAIS ( RUE  DU ),M,"44,5647800","6,0864700",5,2019,50.0,1.0,2.0,4.0,2146326,1.0,1,1,1,1.0,,-1.0,0,1983.0,C01,138Â 303Â 095,1.0,0.0,-1.0,1638986,1.0,7,,0.0,2.0,4.0,C01,138Â 303Â 095,1.0
960319,201900001850,10,22,08:10,1,2,1,2.0,4.0,05061,FOREST D'ENTRAIS ( RUE  DU ),M,"44,5647800","6,0864700",5,2019,50.0,1.0,2.0,4.0,2146326,1.0,1,1,1,1.0,,-1.0,0,1983.0,C01,138Â 303Â 095,1.0,0.0,-1.0,1638987,1.0,7,,0.0,2.0,4.0,B01,138Â 303Â 096,1.0
960319,201900001850,10,22,08:10,1,2,1,2.0,4.0,05061,FOREST D'ENTRAIS ( RUE  DU ),M,"44,5647800","6,0864700",5,2019,50.0,1.0,2.0,4.0,2146326,1.0,1,1,1,1.0,,-1.0,0,1983.0,C01,138Â 303Â 095,1.0,0.0,-1.0,1638988,1.0,14,,0.0,2.0,1.0,A01,138Â 303Â 097,1.0
960319,201900001850,10,22,08:10,1,2,1,2.0,4.0,05061,FOREST D'ENTRAIS ( RUE  DU ),M,"44,5647800","6,0864700",5,2019,50.0,1.0,2.0,4.0,2146327,1.0,1,4,2,1.0,,-1.0,0,1980.0,B01,138Â 303Â 096,1.0,0.0,-1.0,1638985,1.0,7,,0.0,0.0,4.0,D01,138Â 303Â 094,1.0
960319,201900001850,10,22,08:10,1,2,1,2.0,4.0,05061,FOREST D'ENTRAIS ( RUE  DU ),M,"44,5647800","6,0864700",5,2019,50.0,1.0,2.0,4.0,2146327,1.0,1,4,2,1.0,,-1.0,0,1980.0,B01,138Â 303Â 096,1.0,0.0,-1.0,1638986,1.0,7,,0.0,2.0,4.0,C01,138Â 303Â 095,1.0
960319,201900001850,10,22,08:10,1,2,1,2.0,4.0,05061,FOREST D'ENTRAIS ( RUE  DU ),M,"44,5647800","6,0864700",5,2019,50.0,1.0,2.0,4.0,2146327,1.0,1,4,2,1.0,,-1.0,0,1980.0,B01,138Â 303Â 096,1.0,0.0,-1.0,1638987,1.0,7,,0.0,2.0,4.0,B01,138Â 303Â 096,1.0
960319,201900001850,10,22,08:10,1,2,1,2.0,4.0,05061,FOREST D'ENTRAIS ( RUE  DU ),M,"44,5647800","6,0864700",5,2019,50.0,1.0,2.0,4.0,2146327,1.0,1,4,2,1.0,,-1.0,0,1980.0,B01,138Â 303Â 096,1.0,0.0,-1.0,1638988,1.0,14,,0.0,2.0,1.0,A01,138Â 303Â 097,1.0
960319,201900001850,10,22,08:10,1,2,1,2.0,4.0,05061,FOREST D'ENTRAIS ( RUE  DU ),M,"44,5647800","6,0864700",5,2019,50.0,1.0,2.0,4.0,2146328,1.0,1,1,1,4.0,,-1.0,0,1981.0,A01,138Â 303Â 097,1.0,0.0,-1.0,1638985,1.0,7,,0.0,0.0,4.0,D01,138Â 303Â 094,1.0
960319,201900001850,10,22,08:10,1,2,1,2.0,4.0,05061,FOREST D'ENTRAIS ( RUE  DU ),M,"44,5647800","6,0864700",5,2019,50.0,1.0,2.0,4.0,2146328,1.0,1,1,1,4.0,,-1.0,0,1981.0,A01,138Â 303Â 097,1.0,0.0,-1.0,1638986,1.0,7,,0.0,2.0,4.0,C01,138Â 303Â 095,1.0
960319,201900001850,10,22,08:10,1,2,1,2.0,4.0,05061,FOREST D'ENTRAIS ( RUE  DU ),M,"44,5647800","6,0864700",5,2019,50.0,1.0,2.0,4.0,2146328,1.0,1,1,1,4.0,,-1.0,0,1981.0,A01,138Â 303Â 097,1.0,0.0,-1.0,1638987,1.0,7,,0.0,2.0,4.0,B01,138Â 303Â 096,1.0
960319,201900001850,10,22,08:10,1,2,1,2.0,4.0,05061,FOREST D'ENTRAIS ( RUE  DU ),M,"44,5647800","6,0864700",5,2019,50.0,1.0,2.0,4.0,2146328,1.0,1,1,1,4.0,,-1.0,0,1981.0,A01,138Â 303Â 097,1.0,0.0,-1.0,1638988,1.0,14,,0.0,2.0,1.0,A01,138Â 303Â 097,1.0
960320,201900001851,10,22,19:15,5,2,1,1.0,6.0,75120,BD PERIPHERIQUE INTERIEUR,M,"48,8572400","2,4140250",75,2019,70.0,1.0,1.0,4.0,2146329,1.0,1,4,1,5.0,,0.0,0,1986.0,A01,138Â 303Â 092,2.0,6.0,-1.0,1638989,1.0,43,,0.0,2.0,8.0,A01,138Â 303Â 092,1.0
960320,201900001851,10,22,19:15,5,2,1,1.0,6.0,75120,BD PERIPHERIQUE INTERIEUR,M,"48,8572400","2,4140250",75,2019,70.0,1.0,1.0,4.0,2146329,1.0,1,4,1,5.0,,0.0,0,1986.0,A01,138Â 303Â 092,2.0,6.0,-1.0,1638990,1.0,7,,0.0,2.0,0.0,Z01,138Â 303Â 093,0.0
960321,201900001852,10,22,17:40,1,2,1,1.0,4.0,75116,BD PERIPHERIQUE EXTERIEUR,M,"48,8620140","2,2643930",75,2019,70.0,1.0,1.0,4.0,2146330,1.0,1,4,2,5.0,,0.0,0,1986.0,D01,138Â 303Â 088,1.0,0.0,-1.0,1638991,1.0,7,,0.0,2.0,3.0,D01,138Â 303Â 088,1.0
960321,201900001852,10,22,17:40,1,2,1,1.0,4.0,75116,BD PERIPHERIQUE EXTERIEUR,M,"48,8620140","2,2643930",75,2019,70.0,1.0,1.0,4.0,2146330,1.0,1,4,2,5.0,,0.0,0,1986.0,D01,138Â 303Â 088,1.0,0.0,-1.0,1638992,1.0,10,,0.0,2.0,5.0,C01,138Â 303Â 089,1.0
960321,201900001852,10,22,17:40,1,2,1,1.0,4.0,75116,BD PERIPHERIQUE EXTERIEUR,M,"48,8620140","2,2643930",75,2019,70.0,1.0,1.0,4.0,2146330,1.0,1,4,2,5.0,,0.0,0,1986.0,D01,138Â 303Â 088,1.0,0.0,-1.0,1638993,1.0,7,,0.0,2.0,4.0,B01,138Â 303Â 090,2.0
960321,201900001852,10,22,17:40,1,2,1,1.0,4.0,75116,BD PERIPHERIQUE EXTERIEUR,M,"48,8620140","2,2643930",75,2019,70.0,1.0,1.0,4.0,2146330,1.0,1,4,2,5.0,,0.0,0,1986.0,D01,138Â 303Â 088,1.0,0.0,-1.0,1638994,1.0,7,,0.0,2.0,1.0,A01,138Â 303Â 091,1.0
960321,201900001852,10,22,17:40,1,2,1,1.0,4.0,75116,BD PERIPHERIQUE EXTERIEUR,M,"48,8620140","2,2643930",75,2019,70.0,1.0,1.0,4.0,2146331,1.0,1,1,1,4.0,,0.0,0,1970.0,C01,138Â 303Â 089,1.0,0.0,-1.0,1638991,1.0,7,,0.0,2.0,3.0,D01,138Â 303Â 088,1.0
960321,201900001852,10,22,17:40,1,2,1,1.0,4.0,75116,BD PERIPHERIQUE EXTERIEUR,M,"48,8620140","2,2643930",75,2019,70.0,1.0,1.0,4.0,2146331,1.0,1,1,1,4.0,,0.0,0,1970.0,C01,138Â 303Â 089,1.0,0.0,-1.0,1638992,1.0,10,,0.0,2.0,5.0,C01,138Â 303Â 089,1.0
960321,201900001852,10,22,17:40,1,2,1,1.0,4.0,75116,BD PERIPHERIQUE EXTERIEUR,M,"48,8620140","2,2643930",75,2019,70.0,1.0,1.0,4.0,2146331,1.0,1,1,1,4.0,,0.0,0,1970.0,C01,138Â 303Â 089,1.0,0.0,-1.0,1638993,1.0,7,,0.0,2.0,4.0,B01,138Â 303Â 090,2.0
960321,201900001852,10,22,17:40,1,2,1,1.0,4.0,75116,BD PERIPHERIQUE EXTERIEUR,M,"48,8620140","2,2643930",75,2019,70.0,1.0,1.0,4.0,2146331,1.0,1,1,1,4.0,,0.0,0,1970.0,C01,138Â 303Â 089,1.0,0.0,-1.0,1638994,1.0,7,,0.0,2.0,1.0,A01,138Â 303Â 091,1.0
960321,201900001852,10,22,17:40,1,2,1,1.0,4.0,75116,BD PERIPHERIQUE EXTERIEUR,M,"48,8620140","2,2643930",75,2019,70.0,1.0,1.0,4.0,2146332,1.0,1,4,1,4.0,,0.0,0,1974.0,B01,138Â 303Â 090,1.0,0.0,-1.0,1638991,1.0,7,,0.0,2.0,3.0,D01,138Â 303Â 088,1.0
960321,201900001852,10,22,17:40,1,2,1,1.0,4.0,75116,BD PERIPHERIQUE EXTERIEUR,M,"48,8620140","2,2643930",75,2019,70.0,1.0,1.0,4.0,2146332,1.0,1,4,1,4.0,,0.0,0,1974.0,B01,138Â 303Â 090,1.0,0.0,-1.0,1638992,1.0,10,,0.0,2.0,5.0,C01,138Â 303Â 089,1.0
960321,201900001852,10,22,17:40,1,2,1,1.0,4.0,75116,BD PERIPHERIQUE EXTERIEUR,M,"48,8620140","2,2643930",75,2019,70.0,1.0,1.0,4.0,2146332,1.0,1,4,1,4.0,,0.0,0,1974.0,B01,138Â 303Â 090,1.0,0.0,-1.0,1638993,1.0,7,,0.0,2.0,4.0,B01,138Â 303Â 090,2.0
960321,201900001852,10,22,17:40,1,2,1,1.0,4.0,75116,BD PERIPHERIQUE EXTERIEUR,M,"48,8620140","2,2643930",75,2019,70.0,1.0,1.0,4.0,2146332,1.0,1,4,1,4.0,,0.0,0,1974.0,B01,138Â 303Â 090,1.0,0.0,-1.0,1638994,1.0,7,,0.0,2.0,1.0,A01,138Â 303Â 091,1.0
960321,201900001852,10,22,17:40,1,2,1,1.0,4.0,75116,BD PERIPHERIQUE EXTERIEUR,M,"48,8620140","2,2643930",75,2019,70.0,1.0,1.0,4.0,2146333,1.0,1,4,2,4.0,,0.0,0,1979.0,A01,138Â 303Â 091,1.0,0.0,-1.0,1638991,1.0,7,,0.0,2.0,3.0,D01,138Â 303Â 088,1.0
960321,201900001852,10,22,17:40,1,2,1,1.0,4.0,75116,BD PERIPHERIQUE EXTERIEUR,M,"48,8620140","2,2643930",75,2019,70.0,1.0,1.0,4.0,2146333,1.0,1,4,2,4.0,,0.0,0,1979.0,A01,138Â 303Â 091,1.0,0.0,-1.0,1638992,1.0,10,,0.0,2.0,5.0,C01,138Â 303Â 089,1.0
960321,201900001852,10,22,17:40,1,2,1,1.0,4.0,75116,BD PERIPHERIQUE EXTERIEUR,M,"48,8620140","2,2643930",75,2019,70.0,1.0,1.0,4.0,2146333,1.0,1,4,2,4.0,,0.0,0,1979.0,A01,138Â 303Â 091,1.0,0.0,-1.0,1638993,1.0,7,,0.0,2.0,4.0,B01,138Â 303Â 090,2.0
960321,201900001852,10,22,17:40,1,2,1,1.0,4.0,75116,BD PERIPHERIQUE EXTERIEUR,M,"48,8620140","2,2643930",75,2019,70.0,1.0,1.0,4.0,2146333,1.0,1,4,2,4.0,,0.0,0,1979.0,A01,138Â 303Â 091,1.0,0.0,-1.0,1638994,1.0,7,,0.0,2.0,1.0,A01,138Â 303Â 091,1.0
960322,201900001853,10,21,16:30,1,2,1,1.0,2.0,75112,BD PERIPHERIQUE INTERIEUR,M,"48,8308143","2,4028080",75,2019,70.0,1.0,1.0,4.0,2146334,1.0,1,1,1,4.0,,0.0,0,1988.0,B01,138Â 303Â 086,1.0,0.0,-1.0,1638995,1.0,10,,0.0,2.0,6.0,B01,138Â 303Â 086,1.0
960322,201900001853,10,21,16:30,1,2,1,1.0,2.0,75112,BD PERIPHERIQUE INTERIEUR,M,"48,8308143","2,4028080",75,2019,70.0,1.0,1.0,4.0,2146334,1.0,1,1,1,4.0,,0.0,0,1988.0,B01,138Â 303Â 086,1.0,0.0,-1.0,1638996,1.0,33,,0.0,2.0,2.0,A01,138Â 303Â 087,1.0
960322,201900001853,10,21,16:30,1,2,1,1.0,2.0,75112,BD PERIPHERIQUE INTERIEUR,M,"48,8308143","2,4028080",75,2019,70.0,1.0,1.0,4.0,2146335,1.0,1,4,1,1.0,,0.0,0,1978.0,A01,138Â 303Â 087,2.0,6.0,-1.0,1638995,1.0,10,,0.0,2.0,6.0,B01,138Â 303Â 086,1.0
960322,201900001853,10,21,16:30,1,2,1,1.0,2.0,75112,BD PERIPHERIQUE INTERIEUR,M,"48,8308143","2,4028080",75,2019,70.0,1.0,1.0,4.0,2146335,1.0,1,4,1,1.0,,0.0,0,1978.0,A01,138Â 303Â 087,2.0,6.0,-1.0,1638996,1.0,33,,0.0,2.0,2.0,A01,138Â 303Â 087,1.0
960323,201900001854,10,23,20:32,3,2,1,1.0,3.0,75112,AVENUE DE NOGENT,M,"48,8443575","2,4414997",75,2019,50.0,6.0,1.0,4.0,2146336,1.0,1,1,1,1.0,,0.0,0,1976.0,A01,138Â 303Â 084,2.0,6.0,-1.0,1638997,3.0,33,,0.0,2.0,2.0,A01,138Â 303Â 084,1.0
960323,201900001854,10,23,20:32,3,2,1,1.0,3.0,75112,AVENUE DE NOGENT,M,"48,8443575","2,4414997",75,2019,50.0,6.0,1.0,4.0,2146336,1.0,1,1,1,1.0,,0.0,0,1976.0,A01,138Â 303Â 084,2.0,6.0,-1.0,1638998,3.0,30,,0.0,2.0,3.0,B01,138Â 303Â 085,1.0
960323,201900001854,10,23,20:32,3,2,1,1.0,3.0,75112,AVENUE DE NOGENT,M,"48,8443575","2,4414997",75,2019,50.0,6.0,1.0,4.0,2146337,1.0,1,3,1,1.0,,0.0,0,1971.0,B01,138Â 303Â 085,2.0,6.0,-1.0,1638997,3.0,33,,0.0,2.0,2.0,A01,138Â 303Â 084,1.0
960323,201900001854,10,23,20:32,3,2,1,1.0,3.0,75112,AVENUE DE NOGENT,M,"48,8443575","2,4414997",75,2019,50.0,6.0,1.0,4.0,2146337,1.0,1,3,1,1.0,,0.0,0,1971.0,B01,138Â 303Â 085,2.0,6.0,-1.0,1638998,3.0,30,,0.0,2.0,3.0,B01,138Â 303Â 085,1.0
960324,201900001855,10,22,20:20,5,2,3,8.0,3.0,75114,AVENUE PAUL VAILLANT COUTURIER,M,"48,8169835","2,3321307",75,2019,50.0,1.0,1.0,4.0,2146338,1.0,1,4,1,0.0,,0.0,0,1986.0,B01,138Â 303Â 082,2.0,6.0,-1.0,1638999,1.0,33,,0.0,2.0,6.0,B01,138Â 303Â 082,1.0