Unnamed: 0_x,num_acc,mois,jour,hrmn,lum,agg,int,atm,col,com,adr,gps,lat,long,dep,annee,vma,situ,surf,catr,Unnamed: 0_y,place,catu,grav,sexe,trajet,secu,locp,actp,an_nais,num_veh_x,id_vehicule_x,secu1,secu2,secu3,Unnamed: 0,senc,catv,occutc,obs,obsm,choc,num_veh_y,id_vehicule_y,motor
960324,201900001855,10,22,20:20,5,2,3,8.0,3.0,75114,AVENUE PAUL VAILLANT COUTURIER,M,"48,8169835","2,3321307",75,2019,50.0,1.0,1.0,4.0,2146338,1.0,1,4,1,0.0,,0.0,0,1986.0,B01,138Â 303Â 082,2.0,6.0,-1.0,1639000,2.0,7,,0.0,2.0,3.0,A01,138Â 303Â 083,1.0
960324,201900001855,10,22,20:20,5,2,3,8.0,3.0,75114,AVENUE PAUL VAILLANT COUTURIER,M,"48,8169835","2,3321307",75,2019,50.0,1.0,1.0,4.0,2146339,1.0,1,1,1,0.0,,0.0,0,1949.0,A01,138Â 303Â 083,1.0,0.0,-1.0,1638999,1.0,33,,0.0,2.0,6.0,B01,138Â 303Â 082,1.0
960324,201900001855,10,22,20:20,5,2,3,8.0,3.0,75114,AVENUE PAUL VAILLANT COUTURIER,M,"48,8169835","2,3321307",75,2019,50.0,1.0,1.0,4.0,2146339,1.0,1,1,1,0.0,,0.0,0,1949.0,A01,138Â 303Â 083,1.0,0.0,-1.0,1639000,2.0,7,,0.0,2.0,3.0,A01,138Â 303Â 083,1.0
960325,201900001856,10,23,11:50,1,2,1,8.0,3.0,75119,RUE DU MAROC,M,"48,8862304","2,3698221",75,2019,50.0,1.0,1.0,4.0,2146340,1.0,1,4,1,1.0,,0.0,0,1979.0,B01,138Â 303Â 080,2.0,6.0,-1.0,1639001,1.0,34,,0.0,2.0,1.0,B01,138Â 303Â 080,1.0
960325,201900001856,10,23,11:50,1,2,1,8.0,3.0,75119,RUE DU MAROC,M,"48,8862304","2,3698221",75,2019,50.0,1.0,1.0,4.0,2146340,1.0,1,4,1,1.0,,0.0,0,1979.0,B01,138Â 303Â 080,2.0,6.0,-1.0,1639002,2.0,10,,0.0,2.0,2.0,A01,138Â 303Â 081,1.0
960325,201900001856,10,23,11:50,1,2,1,8.0,3.0,75119,RUE DU MAROC,M,"48,8862304","2,3698221",75,2019,50.0,1.0,1.0,4.0,2146341,1.0,1,1,1,5.0,,0.0,0,1981.0,A01,138Â 303Â 081,1.0,8.0,-1.0,1639001,1.0,34,,0.0,2.0,1.0,B01,138Â 303Â 080,1.0
960325,201900001856,10,23,11:50,1,2,1,8.0,3.0,75119,RUE DU MAROC,M,"48,8862304","2,3698221",75,2019,50.0,1.0,1.0,4.0,2146341,1.0,1,1,1,5.0,,0.0,0,1981.0,A01,138Â 303Â 081,1.0,8.0,-1.0,1639002,2.0,10,,0.0,2.0,2.0,A01,138Â 303Â 081,1.0
960326,201900001857,10,23,17:10,1,2,1,8.0,3.0,75118,BOULEVARD NEY,M,"48,8986751","2,3670130",75,2019,50.0,1.0,2.0,4.0,2146342,1.0,1,4,1,5.0,,0.0,0,1972.0,B01,138Â 303Â 078,2.0,8.0,-1.0,1639003,1.0,1,,0.0,2.0,1.0,B01,138Â 303Â 078,5.0
960326,201900001857,10,23,17:10,1,2,1,8.0,3.0,75118,BOULEVARD NEY,M,"48,8986751","2,3670130",75,2019,50.0,1.0,2.0,4.0,2146342,1.0,1,4,1,5.0,,0.0,0,1972.0,B01,138Â 303Â 078,2.0,8.0,-1.0,1639004,1.0,10,,0.0,2.0,8.0,A01,138Â 303Â 079,3.0
960326,201900001857,10,23,17:10,1,2,1,8.0,3.0,75118,BOULEVARD NEY,M,"48,8986751","2,3670130",75,2019,50.0,1.0,2.0,4.0,2146343,1.0,1,1,1,4.0,,0.0,0,1959.0,A01,138Â 303Â 079,1.0,0.0,-1.0,1639003,1.0,1,,0.0,2.0,1.0,B01,138Â 303Â 078,5.0
960326,201900001857,10,23,17:10,1,2,1,8.0,3.0,75118,BOULEVARD NEY,M,"48,8986751","2,3670130",75,2019,50.0,1.0,2.0,4.0,2146343,1.0,1,1,1,4.0,,0.0,0,1959.0,A01,138Â 303Â 079,1.0,0.0,-1.0,1639004,1.0,10,,0.0,2.0,8.0,A01,138Â 303Â 079,3.0
960327,201900001858,10,23,16:00,1,2,5,2.0,3.0,75118,RUE MARCADET,M,"48,8912100","2,3396426",75,2019,30.0,1.0,2.0,4.0,2146344,1.0,1,1,2,5.0,,0.0,0,1963.0,A01,138Â 303Â 076,1.0,0.0,-1.0,1639005,1.0,7,,0.0,2.0,8.0,A01,138Â 303Â 076,1.0
960327,201900001858,10,23,16:00,1,2,5,2.0,3.0,75118,RUE MARCADET,M,"48,8912100","2,3396426",75,2019,30.0,1.0,2.0,4.0,2146344,1.0,1,1,2,5.0,,0.0,0,1963.0,A01,138Â 303Â 076,1.0,0.0,-1.0,1639006,1.0,1,,0.0,2.0,1.0,B01,138Â 303Â 077,5.0
960327,201900001858,10,23,16:00,1,2,5,2.0,3.0,75118,RUE MARCADET,M,"48,8912100","2,3396426",75,2019,30.0,1.0,2.0,4.0,2146345,1.0,1,4,2,5.0,,0.0,0,1968.0,B01,138Â 303Â 077,2.0,8.0,-1.0,1639005,1.0,7,,0.0,2.0,8.0,A01,138Â 303Â 076,1.0
960327,201900001858,10,23,16:00,1,2,5,2.0,3.0,75118,RUE MARCADET,M,"48,8912100","2,3396426",75,2019,30.0,1.0,2.0,4.0,2146345,1.0,1,4,2,5.0,,0.0,0,1968.0,B01,138Â 303Â 077,2.0,8.0,-1.0,1639006,1.0,1,,0.0,2.0,1.0,B01,138Â 303Â 077,5.0
960328,201900001859,10,23,14:30,1,2,2,8.0,6.0,75110,QUAI DE JEMMAPES,M,"48,8732275","2,3642030",75,2019,50.0,5.0,1.0,4.0,2146346,10.0,3,4,1,5.0,,4.0,3,1966.0,A01,138Â 303Â 075,0.0,-1.0,-1.0,1639007,2.0,1,,0.0,1.0,1.0,A01,138Â 303Â 075,5.0
960328,201900001859,10,23,14:30,1,2,2,8.0,6.0,75110,QUAI DE JEMMAPES,M,"48,8732275","2,3642030",75,2019,50.0,5.0,1.0,4.0,2146347,1.0,1,4,1,4.0,,0.0,0,1985.0,A01,138Â 303Â 075,2.0,-1.0,-1.0,1639007,2.0,1,,0.0,1.0,1.0,A01,138Â 303Â 075,5.0
960329,201900001860,10,23,10:38,1,2,3,8.0,3.0,75118,RUE MARX DORMOY,M,"48,8868300","2,3596900",75,2019,50.0,1.0,1.0,4.0,2146348,1.0,1,1,1,4.0,,0.0,0,1996.0,B01,138Â 303Â 073,1.0,0.0,-1.0,1639008,1.0,10,,0.0,0.0,8.0,B01,138Â 303Â 073,1.0
960329,201900001860,10,23,10:38,1,2,3,8.0,3.0,75118,RUE MARX DORMOY,M,"48,8868300","2,3596900",75,2019,50.0,1.0,1.0,4.0,2146348,1.0,1,1,1,4.0,,0.0,0,1996.0,B01,138Â 303Â 073,1.0,0.0,-1.0,1639009,1.0,1,,0.0,2.0,1.0,A01,138Â 303Â 074,5.0
960329,201900001860,10,23,10:38,1,2,3,8.0,3.0,75118,RUE MARX DORMOY,M,"48,8868300","2,3596900",75,2019,50.0,1.0,1.0,4.0,2146349,1.0,1,3,1,0.0,,0.0,0,1995.0,A01,138Â 303Â 074,2.0,8.0,-1.0,1639008,1.0,10,,0.0,0.0,8.0,B01,138Â 303Â 073,1.0
960329,201900001860,10,23,10:38,1,2,3,8.0,3.0,75118,RUE MARX DORMOY,M,"48,8868300","2,3596900",75,2019,50.0,1.0,1.0,4.0,2146349,1.0,1,3,1,0.0,,0.0,0,1995.0,A01,138Â 303Â 074,2.0,8.0,-1.0,1639009,1.0,1,,0.0,2.0,1.0,A01,138Â 303Â 074,5.0
960330,201900001861,10,23,16:50,1,2,2,2.0,3.0,75117,RUE RENNEQUIN,M,"48,8813090","2,2985350",75,2019,30.0,1.0,2.0,4.0,2146350,1.0,1,1,1,1.0,,0.0,0,1969.0,B01,138Â 303Â 071,1.0,0.0,-1.0,1639010,1.0,10,,0.0,2.0,3.0,B01,138Â 303Â 071,1.0
960330,201900001861,10,23,16:50,1,2,2,2.0,3.0,75117,RUE RENNEQUIN,M,"48,8813090","2,2985350",75,2019,30.0,1.0,2.0,4.0,2146350,1.0,1,1,1,1.0,,0.0,0,1969.0,B01,138Â 303Â 071,1.0,0.0,-1.0,1639011,1.0,2,,0.0,2.0,1.0,A01,138Â 303Â 072,1.0
960330,201900001861,10,23,16:50,1,2,2,2.0,3.0,75117,RUE RENNEQUIN,M,"48,8813090","2,2985350",75,2019,30.0,1.0,2.0,4.0,2146351,1.0,1,4,1,0.0,,0.0,0,2001.0,A01,138Â 303Â 072,2.0,6.0,-1.0,1639010,1.0,10,,0.0,2.0,3.0,B01,138Â 303Â 071,1.0
960330,201900001861,10,23,16:50,1,2,2,2.0,3.0,75117,RUE RENNEQUIN,M,"48,8813090","2,2985350",75,2019,30.0,1.0,2.0,4.0,2146351,1.0,1,4,1,0.0,,0.0,0,2001.0,A01,138Â 303Â 072,2.0,6.0,-1.0,1639011,1.0,2,,0.0,2.0,1.0,A01,138Â 303Â 072,1.0
960331,201900001862,10,23,17:00,1,2,3,1.0,6.0,75117,BOULEVARD DE COURCELLES,M,"48,8786745","2,3008495",75,2019,30.0,1.0,2.0,4.0,2146352,10.0,3,4,1,5.0,,3.0,3,1931.0,Z01,138Â 303Â 070,0.0,-1.0,-1.0,1639012,1.0,1,,0.0,1.0,1.0,Z01,138Â 303Â 070,5.0
960332,201900001863,10,22,09:30,1,2,1,1.0,3.0,75108,BOULEVARD DE COURCELLES,M,"48,8793707","2,3041734",75,2019,30.0,1.0,1.0,4.0,2146353,1.0,1,1,1,9.0,,0.0,0,1973.0,B01,138Â 303Â 068,2.0,6.0,-1.0,1639013,1.0,33,,0.0,2.0,4.0,B01,138Â 303Â 068,1.0
960332,201900001863,10,22,09:30,1,2,1,1.0,3.0,75108,BOULEVARD DE COURCELLES,M,"48,8793707","2,3041734",75,2019,30.0,1.0,1.0,4.0,2146353,1.0,1,1,1,9.0,,0.0,0,1973.0,B01,138Â 303Â 068,2.0,6.0,-1.0,1639014,1.0,33,,0.0,2.0,3.0,A01,138Â 303Â 069,1.0
960332,201900001863,10,22,09:30,1,2,1,1.0,3.0,75108,BOULEVARD DE COURCELLES,M,"48,8793707","2,3041734",75,2019,30.0,1.0,1.0,4.0,2146354,1.0,1,4,1,1.0,,0.0,0,1977.0,A01,138Â 303Â 069,2.0,6.0,-1.0,1639013,1.0,33,,0.0,2.0,4.0,B01,138Â 303Â 068,1.0
960332,201900001863,10,22,09:30,1,2,1,1.0,3.0,75108,BOULEVARD DE COURCELLES,M,"48,8793707","2,3041734",75,2019,30.0,1.0,1.0,4.0,2146354,1.0,1,4,1,1.0,,0.0,0,1977.0,A01,138Â 303Â 069,2.0,6.0,-1.0,1639014,1.0,33,,0.0,2.0,3.0,A01,138Â 303Â 069,1.0
960333,201900001864,10,22,17:50,1,2,7,1.0,2.0,75116,PLACE DE COLOMBIE,M,"48,8631674","2,2685777",75,2019,50.0,1.0,1.0,4.0,2146355,1.0,1,1,1,1.0,,0.0,0,1981.0,B01,138Â 303Â 066,1.0,8.0,-1.0,1639015,1.0,10,,0.0,2.0,6.0,B01,138Â 303Â 066,1.0
960333,201900001864,10,22,17:50,1,2,7,1.0,2.0,75116,PLACE DE COLOMBIE,M,"48,8631674","2,2685777",75,2019,50.0,1.0,1.0,4.0,2146355,1.0,1,1,1,1.0,,0.0,0,1981.0,B01,138Â 303Â 066,1.0,8.0,-1.0,1639016,1.0,32,,0.0,2.0,6.0,A01,138Â 303Â 067,1.0
960333,201900001864,10,22,17:50,1,2,7,1.0,2.0,75116,PLACE DE COLOMBIE,M,"48,8631674","2,2685777",75,2019,50.0,1.0,1.0,4.0,2146356,1.0,1,4,1,1.0,,0.0,0,1989.0,A01,138Â 303Â 067,2.0,6.0,-1.0,1639015,1.0,10,,0.0,2.0,6.0,B01,138Â 303Â 066,1.0
960333,201900001864,10,22,17:50,1,2,7,1.0,2.0,75116,PLACE DE COLOMBIE,M,"48,8631674","2,2685777",75,2019,50.0,1.0,1.0,4.0,2146356,1.0,1,4,1,1.0,,0.0,0,1989.0,A01,138Â 303Â 067,2.0,6.0,-1.0,1639016,1.0,32,,0.0,2.0,6.0,A01,138Â 303Â 067,1.0
960334,201900001865,10,22,17:20,1,2,1,1.0,6.0,75115,BOULEVARD PASTEUR,M,"48,8392271","2,3163333",75,2019,50.0,1.0,1.0,4.0,2146357,1.0,1,4,1,4.0,,0.0,0,1983.0,A01,138Â 303Â 065,2.0,6.0,-1.0,1639017,1.0,43,,0.0,1.0,1.0,A01,138Â 303Â 065,1.0
960334,201900001865,10,22,17:20,1,2,1,1.0,6.0,75115,BOULEVARD PASTEUR,M,"48,8392271","2,3163333",75,2019,50.0,1.0,1.0,4.0,2146358,10.0,3,4,1,0.0,,2.0,4,1994.0,A01,138Â 303Â 065,0.0,-1.0,-1.0,1639017,1.0,43,,0.0,1.0,1.0,A01,138Â 303Â 065,1.0
960335,201900001866,10,23,08:45,1,2,3,1.0,3.0,75114,AVENUE DU GENERAL LECLERC,M,"48,8308010","2,3293970",75,2019,50.0,6.0,1.0,4.0,2146359,1.0,1,4,1,0.0,,0.0,0,2001.0,A01,138Â 303Â 063,2.0,8.0,-1.0,1639018,1.0,80,,0.0,2.0,3.0,A01,138Â 303Â 063,2.0
960335,201900001866,10,23,08:45,1,2,3,1.0,3.0,75114,AVENUE DU GENERAL LECLERC,M,"48,8308010","2,3293970",75,2019,50.0,6.0,1.0,4.0,2146359,1.0,1,4,1,0.0,,0.0,0,2001.0,A01,138Â 303Â 063,2.0,8.0,-1.0,1639019,1.0,14,,0.0,2.0,5.0,B01,138Â 303Â 064,1.0
960335,201900001866,10,23,08:45,1,2,3,1.0,3.0,75114,AVENUE DU GENERAL LECLERC,M,"48,8308010","2,3293970",75,2019,50.0,6.0,1.0,4.0,2146360,1.0,1,1,1,4.0,,0.0,0,1974.0,B01,138Â 303Â 064,1.0,8.0,-1.0,1639018,1.0,80,,0.0,2.0,3.0,A01,138Â 303Â 063,2.0
960335,201900001866,10,23,08:45,1,2,3,1.0,3.0,75114,AVENUE DU GENERAL LECLERC,M,"48,8308010","2,3293970",75,2019,50.0,6.0,1.0,4.0,2146360,1.0,1,1,1,4.0,,0.0,0,1974.0,B01,138Â 303Â 064,1.0,8.0,-1.0,1639019,1.0,14,,0.0,2.0,5.0,B01,138Â 303Â 064,1.0
960336,201900001867,10,23,10:45,1,2,1,8.0,6.0,75113,BOULEVARD MASSENA,M,"48,8239679","2,3767372",75,2019,50.0,5.0,1.0,4.0,2146361,10.0,3,4,2,5.0,,4.0,3,1933.0,A01,138Â 303Â 062,0.0,-1.0,-1.0,1639020,2.0,50,,0.0,1.0,1.0,A01,138Â 303Â 062,3.0
960336,201900001867,10,23,10:45,1,2,1,8.0,6.0,75113,BOULEVARD MASSENA,M,"48,8239679","2,3767372",75,2019,50.0,5.0,1.0,4.0,2146362,1.0,1,1,1,0.0,,0.0,0,1998.0,A01,138Â 303Â 062,2.0,8.0,-1.0,1639020,2.0,50,,0.0,1.0,1.0,A01,138Â 303Â 062,3.0
960337,201900001868,10,22,22:32,5,2,5,1.0,3.0,75113,RUE BOBILLOT,M,"48,8258116","2,3503620",75,2019,50.0,1.0,1.0,4.0,2146363,1.0,1,4,1,0.0,,0.0,0,1967.0,A01,138Â 303Â 060,2.0,6.0,-1.0,1639021,2.0,2,,0.0,2.0,1.0,A01,138Â 303Â 060,1.0
960337,201900001868,10,22,22:32,5,2,5,1.0,3.0,75113,RUE BOBILLOT,M,"48,8258116","2,3503620",75,2019,50.0,1.0,1.0,4.0,2146363,1.0,1,4,1,0.0,,0.0,0,1967.0,A01,138Â 303Â 060,2.0,6.0,-1.0,1639022,1.0,7,,0.0,2.0,3.0,B01,138Â 303Â 061,1.0
960337,201900001868,10,22,22:32,5,2,5,1.0,3.0,75113,RUE BOBILLOT,M,"48,8258116","2,3503620",75,2019,50.0,1.0,1.0,4.0,2146364,1.0,1,1,1,0.0,,0.0,0,1980.0,B01,138Â 303Â 061,1.0,0.0,-1.0,1639021,2.0,2,,0.0,2.0,1.0,A01,138Â 303Â 060,1.0
960337,201900001868,10,22,22:32,5,2,5,1.0,3.0,75113,RUE BOBILLOT,M,"48,8258116","2,3503620",75,2019,50.0,1.0,1.0,4.0,2146364,1.0,1,1,1,0.0,,0.0,0,1980.0,B01,138Â 303Â 061,1.0,0.0,-1.0,1639022,1.0,7,,0.0,2.0,3.0,B01,138Â 303Â 061,1.0
960338,201900001869,10,23,11:50,1,2,7,1.0,3.0,75112,AVENUE DU TRONE,M,"48,8481109","2,3974879",75,2019,50.0,1.0,1.0,4.0,2146365,1.0,1,1,1,0.0,,0.0,0,1950.0,A01,138Â 303Â 058,1.0,0.0,-1.0,1639023,1.0,10,,0.0,2.0,1.0,A01,138Â 303Â 058,1.0
960338,201900001869,10,23,11:50,1,2,7,1.0,3.0,75112,AVENUE DU TRONE,M,"48,8481109","2,3974879",75,2019,50.0,1.0,1.0,4.0,2146365,1.0,1,1,1,0.0,,0.0,0,1950.0,A01,138Â 303Â 058,1.0,0.0,-1.0,1639024,1.0,1,,0.0,2.0,4.0,B01,138Â 303Â 059,5.0
960338,201900001869,10,23,11:50,1,2,7,1.0,3.0,75112,AVENUE DU TRONE,M,"48,8481109","2,3974879",75,2019,50.0,1.0,1.0,4.0,2146366,1.0,1,4,1,0.0,,0.0,0,2005.0,B01,138Â 303Â 059,2.0,0.0,-1.0,1639023,1.0,10,,0.0,2.0,1.0,A01,138Â 303Â 058,1.0
960338,201900001869,10,23,11:50,1,2,7,1.0,3.0,75112,AVENUE DU TRONE,M,"48,8481109","2,3974879",75,2019,50.0,1.0,1.0,4.0,2146366,1.0,1,4,1,0.0,,0.0,0,2005.0,B01,138Â 303Â 059,2.0,0.0,-1.0,1639024,1.0,1,,0.0,2.0,4.0,B01,138Â 303Â 059,5.0
960339,201900001870,10,23,18:30,5,2,2,1.0,3.0,75110,RUE DE LANCRY,M,"48,8698630","2,3607300",75,2019,30.0,5.0,1.0,4.0,2146367,1.0,1,1,1,0.0,,0.0,0,1969.0,A01,138Â 303Â 056,1.0,0.0,-1.0,1639025,2.0,10,,0.0,2.0,2.0,A01,138Â 303Â 056,1.0
960339,201900001870,10,23,18:30,5,2,2,1.0,3.0,75110,RUE DE LANCRY,M,"48,8698630","2,3607300",75,2019,30.0,5.0,1.0,4.0,2146367,1.0,1,1,1,0.0,,0.0,0,1969.0,A01,138Â 303Â 056,1.0,0.0,-1.0,1639026,2.0,1,,0.0,2.0,8.0,B01,138Â 303Â 057,5.0
960339,201900001870,10,23,18:30,5,2,2,1.0,3.0,75110,RUE DE LANCRY,M,"48,8698630","2,3607300",75,2019,30.0,5.0,1.0,4.0,2146368,1.0,1,4,2,0.0,,0.0,0,1992.0,B01,138Â 303Â 057,8.0,2.0,-1.0,1639025,2.0,10,,0.0,2.0,2.0,A01,138Â 303Â 056,1.0
960339,201900001870,10,23,18:30,5,2,2,1.0,3.0,75110,RUE DE LANCRY,M,"48,8698630","2,3607300",75,2019,30.0,5.0,1.0,4.0,2146368,1.0,1,4,2,0.0,,0.0,0,1992.0,B01,138Â 303Â 057,8.0,2.0,-1.0,1639026,2.0,1,,0.0,2.0,8.0,B01,138Â 303Â 057,5.0
960340,201900001871,10,23,21:40,3,2,1,1.0,3.0,75108,VOIE GEORGES POMPIDOU,M,"48,8645733","2,3039737",75,2019,50.0,1.0,2.0,4.0,2146369,1.0,1,4,2,4.0,,0.0,0,1984.0,B01,138Â 303Â 054,2.0,6.0,-1.0,1639027,1.0,31,,0.0,2.0,8.0,B01,138Â 303Â 054,1.0
960340,201900001871,10,23,21:40,3,2,1,1.0,3.0,75108,VOIE GEORGES POMPIDOU,M,"48,8645733","2,3039737",75,2019,50.0,1.0,2.0,4.0,2146369,1.0,1,4,2,4.0,,0.0,0,1984.0,B01,138Â 303Â 054,2.0,6.0,-1.0,1639028,1.0,7,,0.0,2.0,7.0,A01,138Â 303Â 055,1.0
960340,201900001871,10,23,21:40,3,2,1,1.0,3.0,75108,VOIE GEORGES POMPIDOU,M,"48,8645733","2,3039737",75,2019,50.0,1.0,2.0,4.0,2146370,1.0,1,1,1,0.0,,0.0,0,1990.0,A01,138Â 303Â 055,1.0,0.0,-1.0,1639027,1.0,31,,0.0,2.0,8.0,B01,138Â 303Â 054,1.0
960340,201900001871,10,23,21:40,3,2,1,1.0,3.0,75108,VOIE GEORGES POMPIDOU,M,"48,8645733","2,3039737",75,2019,50.0,1.0,2.0,4.0,2146370,1.0,1,1,1,0.0,,0.0,0,1990.0,A01,138Â 303Â 055,1.0,0.0,-1.0,1639028,1.0,7,,0.0,2.0,7.0,A01,138Â 303Â 055,1.0
960341,201900001872,10,23,09:45,1,2,3,1.0,2.0,75108,BOULEVARD MALESHERBES,M,"48,8800984","2,3134602",75,2019,50.0,1.0,1.0,4.0,2146371,1.0,1,4,1,0.0,,0.0,0,1959.0,B01,138Â 303Â 052,1.0,0.0,-1.0,1639029,2.0,10,,0.0,2.0,4.0,B01,138Â 303Â 052,1.0
960341,201900001872,10,23,09:45,1,2,3,1.0,2.0,75108,BOULEVARD MALESHERBES,M,"48,8800984","2,3134602",75,2019,50.0,1.0,1.0,4.0,2146371,1.0,1,4,1,0.0,,0.0,0,1959.0,B01,138Â 303Â 052,1.0,0.0,-1.0,1639030,2.0,7,,0.0,2.0,1.0,A01,138Â 303Â 053,1.0
960341,201900001872,10,23,09:45,1,2,3,1.0,2.0,75108,BOULEVARD MALESHERBES,M,"48,8800984","2,3134602",75,2019,50.0,1.0,1.0,4.0,2146372,1.0,1,1,1,4.0,,0.0,0,1964.0,A01,138Â 303Â 053,1.0,0.0,-1.0,1639029,2.0,10,,0.0,2.0,4.0,B01,138Â 303Â 052,1.0
960341,201900001872,10,23,09:45,1,2,3,1.0,2.0,75108,BOULEVARD MALESHERBES,M,"48,8800984","2,3134602",75,2019,50.0,1.0,1.0,4.0,2146372,1.0,1,1,1,4.0,,0.0,0,1964.0,A01,138Â 303Â 053,1.0,0.0,-1.0,1639030,2.0,7,,0.0,2.0,1.0,A01,138Â 303Â 053,1.0
960342,201900001873,10,23,14:20,1,2,1,1.0,6.0,75103,RUE DES FRANCS BOURGEOIS,M,"48,8578900","2,3603000",75,2019,30.0,1.0,1.0,4.0,2146373,10.0,3,4,2,0.0,,2.0,1,1953.0,A01,138Â 303Â 051,0.0,-1.0,-1.0,1639031,2.0,7,,0.0,1.0,2.0,A01,138Â 303Â 051,1.0
960342,201900001873,10,23,14:20,1,2,1,1.0,6.0,75103,RUE DES FRANCS BOURGEOIS,M,"48,8578900","2,3603000",75,2019,30.0,1.0,1.0,4.0,2146374,1.0,1,1,2,5.0,,0.0,0,1946.0,A01,138Â 303Â 051,1.0,0.0,-1.0,1639031,2.0,7,,0.0,1.0,2.0,A01,138Â 303Â 051,1.0
960343,201900001874,10,22,15:40,1,2,1,2.0,2.0,94078,PARIS (R DE),M,"48,7311700","2,4467100",94,2019,50.0,1.0,2.0,2.0,2146375,1.0,1,4,1,5.0,,-1.0, -1,1956.0,B01,138Â 303Â 049,1.0,0.0,-1.0,1639032,2.0,7,,0.0,0.0,4.0,B01,138Â 303Â 049,0.0
960343,201900001874,10,22,15:40,1,2,1,2.0,2.0,94078,PARIS (R DE),M,"48,7311700","2,4467100",94,2019,50.0,1.0,2.0,2.0,2146375,1.0,1,4,1,5.0,,-1.0, -1,1956.0,B01,138Â 303Â 049,1.0,0.0,-1.0,1639033,2.0,15,,0.0,2.0,1.0,A01,138Â 303Â 050,0.0
960343,201900001874,10,22,15:40,1,2,1,2.0,2.0,94078,PARIS (R DE),M,"48,7311700","2,4467100",94,2019,50.0,1.0,2.0,2.0,2146376,1.0,1,1,1,4.0,,-1.0, -1,1986.0,A01,138Â 303Â 050,1.0,0.0,-1.0,1639032,2.0,7,,0.0,0.0,4.0,B01,138Â 303Â 049,0.0
960343,201900001874,10,22,15:40,1,2,1,2.0,2.0,94078,PARIS (R DE),M,"48,7311700","2,4467100",94,2019,50.0,1.0,2.0,2.0,2146376,1.0,1,1,1,4.0,,-1.0, -1,1986.0,A01,138Â 303Â 050,1.0,0.0,-1.0,1639033,2.0,15,,0.0,2.0,1.0,A01,138Â 303Â 050,0.0
960344,201900001875,10,23,19:00,3,2,1,1.0,4.0,94003,PAUL VAILLANT COUTURIER (AV),M,"48,8000000","2,3400000",94,2019,50.0,1.0,1.0,3.0,2146377,1.0,1,1,2,1.0,,-1.0,0,1992.0,C01,138Â 303Â 046,8.0,0.0,-1.0,1639034,1.0,7,,0.0,2.0,1.0,C01,138Â 303Â 046,1.0
960344,201900001875,10,23,19:00,3,2,1,1.0,4.0,94003,PAUL VAILLANT COUTURIER (AV),M,"48,8000000","2,3400000",94,2019,50.0,1.0,1.0,3.0,2146377,1.0,1,1,2,1.0,,-1.0,0,1992.0,C01,138Â 303Â 046,8.0,0.0,-1.0,1639035,1.0,7,,0.0,2.0,4.0,B01,138Â 303Â 047,1.0
960344,201900001875,10,23,19:00,3,2,1,1.0,4.0,94003,PAUL VAILLANT COUTURIER (AV),M,"48,8000000","2,3400000",94,2019,50.0,1.0,1.0,3.0,2146377,1.0,1,1,2,1.0,,-1.0,0,1992.0,C01,138Â 303Â 046,8.0,0.0,-1.0,1639036,1.0,7,,0.0,2.0,4.0,A01,138Â 303Â 048,1.0
960344,201900001875,10,23,19:00,3,2,1,1.0,4.0,94003,PAUL VAILLANT COUTURIER (AV),M,"48,8000000","2,3400000",94,2019,50.0,1.0,1.0,3.0,2146378,1.0,1,4,1,1.0,,-1.0,0,1971.0,B01,138Â 303Â 047,8.0,0.0,-1.0,1639034,1.0,7,,0.0,2.0,1.0,C01,138Â 303Â 046,1.0
960344,201900001875,10,23,19:00,3,2,1,1.0,4.0,94003,PAUL VAILLANT COUTURIER (AV),M,"48,8000000","2,3400000",94,2019,50.0,1.0,1.0,3.0,2146378,1.0,1,4,1,1.0,,-1.0,0,1971.0,B01,138Â 303Â 047,8.0,0.0,-1.0,1639035,1.0,7,,0.0,2.0,4.0,B01,138Â 303Â 047,1.0
960344,201900001875,10,23,19:00,3,2,1,1.0,4.0,94003,PAUL VAILLANT COUTURIER (AV),M,"48,8000000","2,3400000",94,2019,50.0,1.0,1.0,3.0,2146378,1.0,1,4,1,1.0,,-1.0,0,1971.0,B01,138Â 303Â 047,8.0,0.0,-1.0,1639036,1.0,7,,0.0,2.0,4.0,A01,138Â 303Â 048,1.0
960344,201900001875,10,23,19:00,3,2,1,1.0,4.0,94003,PAUL VAILLANT COUTURIER (AV),M,"48,8000000","2,3400000",94,2019,50.0,1.0,1.0,3.0,2146379,1.0,1,4,2,1.0,,-1.0,0,1972.0,A01,138Â 303Â 048,8.0,0.0,-1.0,1639034,1.0,7,,0.0,2.0,1.0,C01,138Â 303Â 046,1.0
960344,201900001875,10,23,19:00,3,2,1,1.0,4.0,94003,PAUL VAILLANT COUTURIER (AV),M,"48,8000000","2,3400000",94,2019,50.0,1.0,1.0,3.0,2146379,1.0,1,4,2,1.0,,-1.0,0,1972.0,A01,138Â 303Â 048,8.0,0.0,-1.0,1639035,1.0,7,,0.0,2.0,4.0,B01,138Â 303Â 047,1.0
960344,201900001875,10,23,19:00,3,2,1,1.0,4.0,94003,PAUL VAILLANT COUTURIER (AV),M,"48,8000000","2,3400000",94,2019,50.0,1.0,1.0,3.0,2146379,1.0,1,4,2,1.0,,-1.0,0,1972.0,A01,138Â 303Â 048,8.0,0.0,-1.0,1639036,1.0,7,,0.0,2.0,4.0,A01,138Â 303Â 048,1.0