Unnamed: 0_x,num_acc,mois,jour,hrmn,lum,agg,int,atm,col,com,adr,gps,lat,long,dep,annee,vma,situ,surf,catr,Unnamed: 0_y,place,catu,grav,sexe,trajet,secu,locp,actp,an_nais,num_veh_x,id_vehicule_x,secu1,secu2,secu3,Unnamed: 0,senc,catv,occutc,obs,obsm,choc,num_veh_y,id_vehicule_y,motor
960345,201900001876,10,23,02:50,5,2,1,1.0,7.0,94076,JEAN JAURES (R),M,"48,7927000","2,3665000",94,2019,30.0,1.0,1.0,3.0,2146380,1.0,1,4,2,5.0,,-1.0,0,1984.0,A01,138Â 303Â 045,1.0,0.0,-1.0,1639037,1.0,7,,1.0,0.0,1.0,A01,138Â 303Â 045,1.0
960346,201900001877,10,21,19:30,5,2,2,1.0,3.0,94011,PARIS(AVENUE DE),M,"48,7741855","2,4818347",94,2019,50.0,1.0,1.0,3.0,2146381,1.0,1,1,1,0.0,,-1.0, -1,1995.0,A01,138Â 303Â 043,1.0,0.0,-1.0,1639038,2.0,7,,0.0,2.0,0.0,A01,138Â 303Â 043,1.0
960346,201900001877,10,21,19:30,5,2,2,1.0,3.0,94011,PARIS(AVENUE DE),M,"48,7741855","2,4818347",94,2019,50.0,1.0,1.0,3.0,2146381,1.0,1,1,1,0.0,,-1.0, -1,1995.0,A01,138Â 303Â 043,1.0,0.0,-1.0,1639039,2.0,30,,0.0,2.0,1.0,B01,138Â 303Â 044,1.0
960346,201900001877,10,21,19:30,5,2,2,1.0,3.0,94011,PARIS(AVENUE DE),M,"48,7741855","2,4818347",94,2019,50.0,1.0,1.0,3.0,2146382,1.0,1,4,1,5.0,,-1.0, -1,2001.0,B01,138Â 303Â 044,2.0,0.0,-1.0,1639038,2.0,7,,0.0,2.0,0.0,A01,138Â 303Â 043,1.0
960346,201900001877,10,21,19:30,5,2,2,1.0,3.0,94011,PARIS(AVENUE DE),M,"48,7741855","2,4818347",94,2019,50.0,1.0,1.0,3.0,2146382,1.0,1,4,1,5.0,,-1.0, -1,2001.0,B01,138Â 303Â 044,2.0,0.0,-1.0,1639039,2.0,30,,0.0,2.0,1.0,B01,138Â 303Â 044,1.0
960347,201900001878,10,23,13:30,1,2,1,1.0,3.0,94079,ANDRE ROUY (R),M,"48,8228500","2,5504400",94,2019,50.0,1.0,1.0,4.0,2146383,1.0,1,1,2,9.0,,0.0,0,1985.0,Z01,138Â 303Â 041,1.0,0.0,-1.0,1639040,3.0,7,,0.0,6.0,0.0,Z01,138Â 303Â 041,0.0
960347,201900001878,10,23,13:30,1,2,1,1.0,3.0,94079,ANDRE ROUY (R),M,"48,8228500","2,5504400",94,2019,50.0,1.0,1.0,4.0,2146383,1.0,1,1,2,9.0,,0.0,0,1985.0,Z01,138Â 303Â 041,1.0,0.0,-1.0,1639041,3.0,50,,0.0,2.0,0.0,A01,138Â 303Â 042,3.0
960347,201900001878,10,23,13:30,1,2,1,1.0,3.0,94079,ANDRE ROUY (R),M,"48,8228500","2,5504400",94,2019,50.0,1.0,1.0,4.0,2146384,1.0,1,4,1,0.0,,0.0,0,1995.0,A01,138Â 303Â 042,8.0,0.0,-1.0,1639040,3.0,7,,0.0,6.0,0.0,Z01,138Â 303Â 041,0.0
960347,201900001878,10,23,13:30,1,2,1,1.0,3.0,94079,ANDRE ROUY (R),M,"48,8228500","2,5504400",94,2019,50.0,1.0,1.0,4.0,2146384,1.0,1,4,1,0.0,,0.0,0,1995.0,A01,138Â 303Â 042,8.0,0.0,-1.0,1639041,3.0,50,,0.0,2.0,0.0,A01,138Â 303Â 042,3.0
960348,201900001879,10,23,12:23,1,2,2,1.0,3.0,93078,ROUX (RUE DU DOCTEUR),M,"48,9509000","2,5559000",93,2019,50.0,1.0,1.0,7.0,2146385,1.0,1,4,1,9.0,,-1.0, -1,1977.0,A01,138Â 303Â 039,1.0,0.0,-1.0,1639042,1.0,7,,8.0,2.0,1.0,A01,138Â 303Â 039,1.0
960348,201900001879,10,23,12:23,1,2,2,1.0,3.0,93078,ROUX (RUE DU DOCTEUR),M,"48,9509000","2,5559000",93,2019,50.0,1.0,1.0,7.0,2146385,1.0,1,4,1,9.0,,-1.0, -1,1977.0,A01,138Â 303Â 039,1.0,0.0,-1.0,1639043,1.0,7,,0.0,2.0,6.0,B01,138Â 303Â 040,1.0
960348,201900001879,10,23,12:23,1,2,2,1.0,3.0,93078,ROUX (RUE DU DOCTEUR),M,"48,9509000","2,5559000",93,2019,50.0,1.0,1.0,7.0,2146386,3.0,2,1,1,9.0,,-1.0, -1,2011.0,A01,138Â 303Â 039,1.0,8.0,-1.0,1639042,1.0,7,,8.0,2.0,1.0,A01,138Â 303Â 039,1.0
960348,201900001879,10,23,12:23,1,2,2,1.0,3.0,93078,ROUX (RUE DU DOCTEUR),M,"48,9509000","2,5559000",93,2019,50.0,1.0,1.0,7.0,2146386,3.0,2,1,1,9.0,,-1.0, -1,2011.0,A01,138Â 303Â 039,1.0,8.0,-1.0,1639043,1.0,7,,0.0,2.0,6.0,B01,138Â 303Â 040,1.0
960348,201900001879,10,23,12:23,1,2,2,1.0,3.0,93078,ROUX (RUE DU DOCTEUR),M,"48,9509000","2,5559000",93,2019,50.0,1.0,1.0,7.0,2146387,1.0,1,1,1,1.0,,-1.0, -1,1964.0,B01,138Â 303Â 040,1.0,0.0,-1.0,1639042,1.0,7,,8.0,2.0,1.0,A01,138Â 303Â 039,1.0
960348,201900001879,10,23,12:23,1,2,2,1.0,3.0,93078,ROUX (RUE DU DOCTEUR),M,"48,9509000","2,5559000",93,2019,50.0,1.0,1.0,7.0,2146387,1.0,1,1,1,1.0,,-1.0, -1,1964.0,B01,138Â 303Â 040,1.0,0.0,-1.0,1639043,1.0,7,,0.0,2.0,6.0,B01,138Â 303Â 040,1.0
960349,201900001880,10,23,07:19,4,2,7,1.0,6.0,93053,STAINS (ROUTE DE),M,"48,9046890","2,4701910",93,2019,50.0,1.0,1.0,3.0,2146388,10.0,3,4,2,0.0,,3.0,3,1991.0,A01,138Â 303Â 038,0.0,0.0,-1.0,1639044,3.0,7,,0.0,1.0,2.0,A01,138Â 303Â 038,0.0
960349,201900001880,10,23,07:19,4,2,7,1.0,6.0,93053,STAINS (ROUTE DE),M,"48,9046890","2,4701910",93,2019,50.0,1.0,1.0,3.0,2146389,1.0,1,1,1,1.0,,-1.0, -1,1999.0,A01,138Â 303Â 038,1.0,0.0,-1.0,1639044,3.0,7,,0.0,1.0,2.0,A01,138Â 303Â 038,0.0
960350,201900001881,10,23,08:00,2,2,1,8.0,6.0,93014,JEAN MOULIN (AVENUE),M,"48,9082500","2,5549600",93,2019,50.0,1.0,1.0,4.0,2146390,1.0,1,4,2,0.0,,-1.0, -1,1931.0,A01,138Â 303Â 037,1.0,0.0,-1.0,1639045,3.0,7,,9.0,0.0,2.0,A01,138Â 303Â 037,0.0
960351,201900001882,10,23,18:20,2,2,2,1.0,5.0,93010,BLANQUI (R. LOUIS-AUGUSTE) DE 32 A 134 C,M,"48,8981700","2,4896800",93,2019,30.0,1.0,2.0,4.0,2146391,1.0,1,1,2,0.0,,-1.0, -1,1978.0,B01,138Â 303Â 034,1.0,0.0,-1.0,1639046,2.0,7,,0.0,2.0,2.0,B01,138Â 303Â 034,0.0
960351,201900001882,10,23,18:20,2,2,2,1.0,5.0,93010,BLANQUI (R. LOUIS-AUGUSTE) DE 32 A 134 C,M,"48,8981700","2,4896800",93,2019,30.0,1.0,2.0,4.0,2146391,1.0,1,1,2,0.0,,-1.0, -1,1978.0,B01,138Â 303Â 034,1.0,0.0,-1.0,1639047,2.0,7,,0.0,2.0,3.0,C01,138Â 303Â 035,0.0
960351,201900001882,10,23,18:20,2,2,2,1.0,5.0,93010,BLANQUI (R. LOUIS-AUGUSTE) DE 32 A 134 C,M,"48,8981700","2,4896800",93,2019,30.0,1.0,2.0,4.0,2146391,1.0,1,1,2,0.0,,-1.0, -1,1978.0,B01,138Â 303Â 034,1.0,0.0,-1.0,1639048,1.0,2,,0.0,2.0,1.0,A01,138Â 303Â 036,0.0
960351,201900001882,10,23,18:20,2,2,2,1.0,5.0,93010,BLANQUI (R. LOUIS-AUGUSTE) DE 32 A 134 C,M,"48,8981700","2,4896800",93,2019,30.0,1.0,2.0,4.0,2146392,1.0,1,1,2,0.0,,-1.0, -1,1986.0,C01,138Â 303Â 035,1.0,0.0,-1.0,1639046,2.0,7,,0.0,2.0,2.0,B01,138Â 303Â 034,0.0
960351,201900001882,10,23,18:20,2,2,2,1.0,5.0,93010,BLANQUI (R. LOUIS-AUGUSTE) DE 32 A 134 C,M,"48,8981700","2,4896800",93,2019,30.0,1.0,2.0,4.0,2146392,1.0,1,1,2,0.0,,-1.0, -1,1986.0,C01,138Â 303Â 035,1.0,0.0,-1.0,1639047,2.0,7,,0.0,2.0,3.0,C01,138Â 303Â 035,0.0
960351,201900001882,10,23,18:20,2,2,2,1.0,5.0,93010,BLANQUI (R. LOUIS-AUGUSTE) DE 32 A 134 C,M,"48,8981700","2,4896800",93,2019,30.0,1.0,2.0,4.0,2146392,1.0,1,1,2,0.0,,-1.0, -1,1986.0,C01,138Â 303Â 035,1.0,0.0,-1.0,1639048,1.0,2,,0.0,2.0,1.0,A01,138Â 303Â 036,0.0
960351,201900001882,10,23,18:20,2,2,2,1.0,5.0,93010,BLANQUI (R. LOUIS-AUGUSTE) DE 32 A 134 C,M,"48,8981700","2,4896800",93,2019,30.0,1.0,2.0,4.0,2146393,1.0,1,4,1,0.0,,-1.0, -1,2002.0,A01,138Â 303Â 036,2.0,8.0,-1.0,1639046,2.0,7,,0.0,2.0,2.0,B01,138Â 303Â 034,0.0
960351,201900001882,10,23,18:20,2,2,2,1.0,5.0,93010,BLANQUI (R. LOUIS-AUGUSTE) DE 32 A 134 C,M,"48,8981700","2,4896800",93,2019,30.0,1.0,2.0,4.0,2146393,1.0,1,4,1,0.0,,-1.0, -1,2002.0,A01,138Â 303Â 036,2.0,8.0,-1.0,1639047,2.0,7,,0.0,2.0,3.0,C01,138Â 303Â 035,0.0
960351,201900001882,10,23,18:20,2,2,2,1.0,5.0,93010,BLANQUI (R. LOUIS-AUGUSTE) DE 32 A 134 C,M,"48,8981700","2,4896800",93,2019,30.0,1.0,2.0,4.0,2146393,1.0,1,4,1,0.0,,-1.0, -1,2002.0,A01,138Â 303Â 036,2.0,8.0,-1.0,1639048,1.0,2,,0.0,2.0,1.0,A01,138Â 303Â 036,0.0
960352,201900001883,10,23,14:28,1,2,1,1.0,3.0,93008,JAURES (AVENUE JEAN),M,"48,8988300","2,4420900",93,2019,50.0,1.0,1.0,3.0,2146394,1.0,1,4,1,0.0,,-1.0, -1,2003.0,A01,138Â 303Â 032,2.0,0.0,-1.0,1639049,1.0,30,,0.0,2.0,3.0,A01,138Â 303Â 032,1.0
960352,201900001883,10,23,14:28,1,2,1,1.0,3.0,93008,JAURES (AVENUE JEAN),M,"48,8988300","2,4420900",93,2019,50.0,1.0,1.0,3.0,2146394,1.0,1,4,1,0.0,,-1.0, -1,2003.0,A01,138Â 303Â 032,2.0,0.0,-1.0,1639050,1.0,10,,0.0,2.0,2.0,B01,138Â 303Â 033,1.0
960352,201900001883,10,23,14:28,1,2,1,1.0,3.0,93008,JAURES (AVENUE JEAN),M,"48,8988300","2,4420900",93,2019,50.0,1.0,1.0,3.0,2146395,1.0,1,1,1,0.0,,-1.0, -1,1982.0,B01,138Â 303Â 033,1.0,0.0,-1.0,1639049,1.0,30,,0.0,2.0,3.0,A01,138Â 303Â 032,1.0
960352,201900001883,10,23,14:28,1,2,1,1.0,3.0,93008,JAURES (AVENUE JEAN),M,"48,8988300","2,4420900",93,2019,50.0,1.0,1.0,3.0,2146395,1.0,1,1,1,0.0,,-1.0, -1,1982.0,B01,138Â 303Â 033,1.0,0.0,-1.0,1639050,1.0,10,,0.0,2.0,2.0,B01,138Â 303Â 033,1.0
960353,201900001884,10,23,21:15,3,2,1,1.0,2.0,93001,ADRIEN AGNES (QUAI),M,"48,9184200","2,3692300",93,2019,50.0,1.0,1.0,3.0,2146396,1.0,1,1,1,5.0,,-1.0, -1,1987.0,A01,138Â 303Â 030,1.0,0.0,-1.0,1639051,2.0,7,,0.0,2.0,5.0,A01,138Â 303Â 030,0.0
960353,201900001884,10,23,21:15,3,2,1,1.0,2.0,93001,ADRIEN AGNES (QUAI),M,"48,9184200","2,3692300",93,2019,50.0,1.0,1.0,3.0,2146396,1.0,1,1,1,5.0,,-1.0, -1,1987.0,A01,138Â 303Â 030,1.0,0.0,-1.0,1639052,2.0,30,,0.0,2.0,1.0,B01,138Â 303Â 031,1.0
960353,201900001884,10,23,21:15,3,2,1,1.0,2.0,93001,ADRIEN AGNES (QUAI),M,"48,9184200","2,3692300",93,2019,50.0,1.0,1.0,3.0,2146397,1.0,1,4,1,5.0,,-1.0, -1,1984.0,B01,138Â 303Â 031,2.0,0.0,-1.0,1639051,2.0,7,,0.0,2.0,5.0,A01,138Â 303Â 030,0.0
960353,201900001884,10,23,21:15,3,2,1,1.0,2.0,93001,ADRIEN AGNES (QUAI),M,"48,9184200","2,3692300",93,2019,50.0,1.0,1.0,3.0,2146397,1.0,1,4,1,5.0,,-1.0, -1,1984.0,B01,138Â 303Â 031,2.0,0.0,-1.0,1639052,2.0,30,,0.0,2.0,1.0,B01,138Â 303Â 031,1.0
960354,201900001885,10,23,21:20,5,2,1,1.0,3.0,92062,GENERAL DE GAULLE (AV) DU 63 AU 107,M,"48,8875000","2,2325000",92,2019,50.0,1.0,1.0,3.0,2146398,1.0,1,4,1,5.0,,-1.0,0,1994.0,B01,138Â 303Â 028,2.0,6.0,-1.0,1639053,1.0,33,,0.0,2.0,7.0,B01,138Â 303Â 028,1.0
960354,201900001885,10,23,21:20,5,2,1,1.0,3.0,92062,GENERAL DE GAULLE (AV) DU 63 AU 107,M,"48,8875000","2,2325000",92,2019,50.0,1.0,1.0,3.0,2146398,1.0,1,4,1,5.0,,-1.0,0,1994.0,B01,138Â 303Â 028,2.0,6.0,-1.0,1639054,1.0,7,,0.0,2.0,8.0,A01,138Â 303Â 029,1.0
960354,201900001885,10,23,21:20,5,2,1,1.0,3.0,92062,GENERAL DE GAULLE (AV) DU 63 AU 107,M,"48,8875000","2,2325000",92,2019,50.0,1.0,1.0,3.0,2146399,1.0,1,1,1,5.0,,-1.0,0,1990.0,A01,138Â 303Â 029,1.0,0.0,-1.0,1639053,1.0,33,,0.0,2.0,7.0,B01,138Â 303Â 028,1.0
960354,201900001885,10,23,21:20,5,2,1,1.0,3.0,92062,GENERAL DE GAULLE (AV) DU 63 AU 107,M,"48,8875000","2,2325000",92,2019,50.0,1.0,1.0,3.0,2146399,1.0,1,1,1,5.0,,-1.0,0,1990.0,A01,138Â 303Â 029,1.0,0.0,-1.0,1639054,1.0,7,,0.0,2.0,8.0,A01,138Â 303Â 029,1.0
960355,201900001886,10,23,11:15,1,2,1,1.0,6.0,92035,Voltaire ( rue ),M,"48,9069300","2,2448000",92,2019,30.0,1.0,1.0,4.0,2146400,10.0,3,4,1,3.0,,2.0,3,1932.0,A01,138Â 303Â 026,8.0,0.0,-1.0,1639055,2.0,7,,0.0,1.0,4.0,A01,138Â 303Â 026,1.0
960355,201900001886,10,23,11:15,1,2,1,1.0,6.0,92035,Voltaire ( rue ),M,"48,9069300","2,2448000",92,2019,30.0,1.0,1.0,4.0,2146401,1.0,1,1,2,3.0,,0.0,0,1962.0,A01,138Â 303Â 026,8.0,0.0,-1.0,1639055,2.0,7,,0.0,1.0,4.0,A01,138Â 303Â 026,1.0
960356,201900001887,9,6,13:50,1,1,1,1.0,6.0,09209,Audinac les Bains,M,"43,0073400","1,1827320",9,2019,50.0,1.0,1.0,3.0,2146402,1.0,1,2,1,0.0,,0.0,0,1991.0,A01,138Â 303Â 025,1.0,-1.0,-1.0,1639056,3.0,7,,13.0,0.0,1.0,A01,138Â 303Â 025,1.0
960357,201900001888,10,24,09:00,1,1,1,1.0,6.0,54235,D55,M,"48,4882040","6,0148370",54,2019,70.0,1.0,1.0,3.0,2146403,1.0,1,4,2,4.0,,0.0,0,1997.0,A01,138Â 303Â 023,1.0,-1.0,-1.0,1639057,2.0,10,,0.0,2.0,3.0,A01,138Â 303Â 023,1.0
960357,201900001888,10,24,09:00,1,1,1,1.0,6.0,54235,D55,M,"48,4882040","6,0148370",54,2019,70.0,1.0,1.0,3.0,2146403,1.0,1,4,2,4.0,,0.0,0,1997.0,A01,138Â 303Â 023,1.0,-1.0,-1.0,1639058,1.0,15,,0.0,2.0,0.0,B01,138Â 303Â 024,1.0
960357,201900001888,10,24,09:00,1,1,1,1.0,6.0,54235,D55,M,"48,4882040","6,0148370",54,2019,70.0,1.0,1.0,3.0,2146404,1.0,1,1,1,4.0,,0.0,0,1981.0,B01,138Â 303Â 024,1.0,-1.0,-1.0,1639057,2.0,10,,0.0,2.0,3.0,A01,138Â 303Â 023,1.0
960357,201900001888,10,24,09:00,1,1,1,1.0,6.0,54235,D55,M,"48,4882040","6,0148370",54,2019,70.0,1.0,1.0,3.0,2146404,1.0,1,1,1,4.0,,0.0,0,1981.0,B01,138Â 303Â 024,1.0,-1.0,-1.0,1639058,1.0,15,,0.0,2.0,0.0,B01,138Â 303Â 024,1.0
960358,201900001889,10,14,15:25,1,1,1,1.0,2.0,76245,A151,M,"49,5487730","1,0411350",76,2019,130.0,1.0,1.0,1.0,2146405,1.0,1,1,2,5.0,,0.0,0,1999.0,A01,138Â 303Â 021,1.0,-1.0,-1.0,1639059,2.0,7,,0.0,2.0,1.0,A01,138Â 303Â 021,0.0
960358,201900001889,10,14,15:25,1,1,1,1.0,2.0,76245,A151,M,"49,5487730","1,0411350",76,2019,130.0,1.0,1.0,1.0,2146405,1.0,1,1,2,5.0,,0.0,0,1999.0,A01,138Â 303Â 021,1.0,-1.0,-1.0,1639060,2.0,7,,3.0,2.0,4.0,B01,138Â 303Â 022,0.0
960358,201900001889,10,14,15:25,1,1,1,1.0,2.0,76245,A151,M,"49,5487730","1,0411350",76,2019,130.0,1.0,1.0,1.0,2146406,2.0,2,4,2,5.0,,0.0,0,1952.0,B01,138Â 303Â 022,1.0,-1.0,-1.0,1639059,2.0,7,,0.0,2.0,1.0,A01,138Â 303Â 021,0.0
960358,201900001889,10,14,15:25,1,1,1,1.0,2.0,76245,A151,M,"49,5487730","1,0411350",76,2019,130.0,1.0,1.0,1.0,2146406,2.0,2,4,2,5.0,,0.0,0,1952.0,B01,138Â 303Â 022,1.0,-1.0,-1.0,1639060,2.0,7,,3.0,2.0,4.0,B01,138Â 303Â 022,0.0
960358,201900001889,10,14,15:25,1,1,1,1.0,2.0,76245,A151,M,"49,5487730","1,0411350",76,2019,130.0,1.0,1.0,1.0,2146407,1.0,1,1,1,5.0,,0.0,0,1940.0,B01,138Â 303Â 022,1.0,-1.0,-1.0,1639059,2.0,7,,0.0,2.0,1.0,A01,138Â 303Â 021,0.0
960358,201900001889,10,14,15:25,1,1,1,1.0,2.0,76245,A151,M,"49,5487730","1,0411350",76,2019,130.0,1.0,1.0,1.0,2146407,1.0,1,1,1,5.0,,0.0,0,1940.0,B01,138Â 303Â 022,1.0,-1.0,-1.0,1639060,2.0,7,,3.0,2.0,4.0,B01,138Â 303Â 022,0.0
960359,201900001890,10,24,07:50,1,2,1,1.0,6.0,97422,4 Chemin de l'Hermitage,M," -21,2643260","55,5079230",974,2019,50.0,8.0,1.0,2.0,2146408,1.0,1,1,1,9.0,,0.0,0,1944.0,A01,138Â 303Â 020,1.0,-1.0,-1.0,1639061,0.0,7,,0.0,1.0,1.0,A01,138Â 303Â 020,6.0
960359,201900001890,10,24,07:50,1,2,1,1.0,6.0,97422,4 Chemin de l'Hermitage,M," -21,2643260","55,5079230",974,2019,50.0,8.0,1.0,2.0,2146409,10.0,3,2,2,5.0,,3.0,3,1958.0,A01,138Â 303Â 020,0.0,-1.0,-1.0,1639061,0.0,7,,0.0,1.0,1.0,A01,138Â 303Â 020,6.0
960360,201900001891,10,20,00:30,5,2,1,1.0,1.0,97220,chevalier,M,"14,4885820"," -60,9044930",972,2019,50.0,1.0,1.0,2.0,2146410,1.0,1,1,1,5.0,,0.0,0,2000.0,B01,138Â 303Â 018,1.0,-1.0,-1.0,1639062,1.0,7,,0.0,9.0,3.0,B01,138Â 303Â 018,1.0
960360,201900001891,10,20,00:30,5,2,1,1.0,1.0,97220,chevalier,M,"14,4885820"," -60,9044930",972,2019,50.0,1.0,1.0,2.0,2146410,1.0,1,1,1,5.0,,0.0,0,2000.0,B01,138Â 303Â 018,1.0,-1.0,-1.0,1639063,2.0,2,,0.0,2.0,1.0,A01,138Â 303Â 019,1.0
960360,201900001891,10,20,00:30,5,2,1,1.0,1.0,97220,chevalier,M,"14,4885820"," -60,9044930",972,2019,50.0,1.0,1.0,2.0,2146411,1.0,1,3,1,5.0,,0.0,0,2002.0,A01,138Â 303Â 019,0.0,-1.0,-1.0,1639062,1.0,7,,0.0,9.0,3.0,B01,138Â 303Â 018,1.0
960360,201900001891,10,20,00:30,5,2,1,1.0,1.0,97220,chevalier,M,"14,4885820"," -60,9044930",972,2019,50.0,1.0,1.0,2.0,2146411,1.0,1,3,1,5.0,,0.0,0,2002.0,A01,138Â 303Â 019,0.0,-1.0,-1.0,1639063,2.0,2,,0.0,2.0,1.0,A01,138Â 303Â 019,1.0
960361,201900001892,10,23,16:50,1,2,3,1.0,3.0,62361,Avenue Philippe Lebas,M,"50,2765460","2,2833670",62,2019,50.0,1.0,1.0,3.0,2146412,1.0,1,4,1,5.0,,0.0,0,2003.0,B01,138Â 303Â 014,2.0,-1.0,-1.0,1639064,2.0,2,,0.0,2.0,7.0,B01,138Â 303Â 014,1.0
960361,201900001892,10,23,16:50,1,2,3,1.0,3.0,62361,Avenue Philippe Lebas,M,"50,2765460","2,2833670",62,2019,50.0,1.0,1.0,3.0,2146412,1.0,1,4,1,5.0,,0.0,0,2003.0,B01,138Â 303Â 014,2.0,-1.0,-1.0,1639065,2.0,2,,0.0,2.0,8.0,A01,138Â 303Â 015,1.0
960361,201900001892,10,23,16:50,1,2,3,1.0,3.0,62361,Avenue Philippe Lebas,M,"50,2765460","2,2833670",62,2019,50.0,1.0,1.0,3.0,2146413,1.0,1,3,1,5.0,,0.0,0,2002.0,A01,138Â 303Â 015,2.0,-1.0,-1.0,1639064,2.0,2,,0.0,2.0,7.0,B01,138Â 303Â 014,1.0
960361,201900001892,10,23,16:50,1,2,3,1.0,3.0,62361,Avenue Philippe Lebas,M,"50,2765460","2,2833670",62,2019,50.0,1.0,1.0,3.0,2146413,1.0,1,3,1,5.0,,0.0,0,2002.0,A01,138Â 303Â 015,2.0,-1.0,-1.0,1639065,2.0,2,,0.0,2.0,8.0,A01,138Â 303Â 015,1.0
960362,201900001893,10,24,11:40,1,1,1,8.0,7.0,51380,RD 41,M,"48,9083228","3,5562406",51,2019,80.0,3.0,2.0,3.0,2146414,1.0,1,3,1,5.0,,0.0,0,1939.0,A01,138Â 303Â 013,1.0,-1.0,-1.0,1639066,1.0,7,,16.0,0.0,9.0,A01,138Â 303Â 013,1.0
960363,201900001894,10,20,21:40,3,1,1,1.0,6.0,56022,La ForÃªt,M,"47,8010680"," -2,9090670",56,2019,80.0,3.0,2.0,3.0,2146415,1.0,1,4,1,5.0,,0.0,0,1977.0,A01,138Â 303Â 012,1.0,-1.0,-1.0,1639067,1.0,7,,2.0,0.0,1.0,A01,138Â 303Â 012,1.0
960364,201900001895,10,23,17:20,1,1,1,3.0,1.0,69169,D98,M,"45,9890090","4,3996820",69,2019,80.0,1.0,2.0,3.0,2146416,2.0,2,4,1,4.0,,0.0,0,1960.0,A01,138Â 303Â 010,1.0,-1.0,-1.0,1639068,2.0,7,,0.0,2.0,3.0,A01,138Â 303Â 010,1.0
960364,201900001895,10,23,17:20,1,1,1,3.0,1.0,69169,D98,M,"45,9890090","4,3996820",69,2019,80.0,1.0,2.0,3.0,2146416,2.0,2,4,1,4.0,,0.0,0,1960.0,A01,138Â 303Â 010,1.0,-1.0,-1.0,1639069,1.0,7,,0.0,2.0,3.0,B01,138Â 303Â 011,0.0
960364,201900001895,10,23,17:20,1,1,1,3.0,1.0,69169,D98,M,"45,9890090","4,3996820",69,2019,80.0,1.0,2.0,3.0,2146417,1.0,1,4,1,4.0,,0.0,0,1981.0,A01,138Â 303Â 010,1.0,-1.0,-1.0,1639068,2.0,7,,0.0,2.0,3.0,A01,138Â 303Â 010,1.0
960364,201900001895,10,23,17:20,1,1,1,3.0,1.0,69169,D98,M,"45,9890090","4,3996820",69,2019,80.0,1.0,2.0,3.0,2146417,1.0,1,4,1,4.0,,0.0,0,1981.0,A01,138Â 303Â 010,1.0,-1.0,-1.0,1639069,1.0,7,,0.0,2.0,3.0,B01,138Â 303Â 011,0.0
960364,201900001895,10,23,17:20,1,1,1,3.0,1.0,69169,D98,M,"45,9890090","4,3996820",69,2019,80.0,1.0,2.0,3.0,2146418,1.0,1,4,1,4.0,,0.0,0,1996.0,B01,138Â 303Â 011,1.0,-1.0,-1.0,1639068,2.0,7,,0.0,2.0,3.0,A01,138Â 303Â 010,1.0
960364,201900001895,10,23,17:20,1,1,1,3.0,1.0,69169,D98,M,"45,9890090","4,3996820",69,2019,80.0,1.0,2.0,3.0,2146418,1.0,1,4,1,4.0,,0.0,0,1996.0,B01,138Â 303Â 011,1.0,-1.0,-1.0,1639069,1.0,7,,0.0,2.0,3.0,B01,138Â 303Â 011,0.0
960365,201900001896,10,18,10:40,1,2,6,1.0,6.0,81120,Place de l'Europe,M,"43,5384854","2,2633694",81,2019,50.0,1.0,1.0,3.0,2146419,1.0,1,1,1,3.0,,0.0,0,1934.0,A01,138Â 303Â 009,1.0,-1.0,-1.0,1639070,2.0,7,,0.0,1.0,2.0,A01,138Â 303Â 009,1.0
960365,201900001896,10,18,10:40,1,2,6,1.0,6.0,81120,Place de l'Europe,M,"43,5384854","2,2633694",81,2019,50.0,1.0,1.0,3.0,2146420,10.0,3,3,2,3.0,,3.0,3,1941.0,A01,138Â 303Â 009,0.0,-1.0,-1.0,1639070,2.0,7,,0.0,1.0,2.0,A01,138Â 303Â 009,1.0
960366,201900001897,10,24,07:30,3,1,3,1.0,3.0,49143,Chenaie,M,"47,6158310"," -0,1596990",49,2019,80.0,1.0,2.0,3.0,2146421,1.0,1,1,2,1.0,,0.0,0,1993.0,B01,138Â 303Â 007,1.0,-1.0,-1.0,1639071,2.0,7,,0.0,2.0,3.0,B01,138Â 303Â 007,1.0
960366,201900001897,10,24,07:30,3,1,3,1.0,3.0,49143,Chenaie,M,"47,6158310"," -0,1596990",49,2019,80.0,1.0,2.0,3.0,2146421,1.0,1,1,2,1.0,,0.0,0,1993.0,B01,138Â 303Â 007,1.0,-1.0,-1.0,1639072,1.0,33,,0.0,2.0,2.0,A01,138Â 303Â 008,1.0
960366,201900001897,10,24,07:30,3,1,3,1.0,3.0,49143,Chenaie,M,"47,6158310"," -0,1596990",49,2019,80.0,1.0,2.0,3.0,2146422,1.0,1,3,1,1.0,,0.0,0,1999.0,A01,138Â 303Â 008,2.0,-1.0,-1.0,1639071,2.0,7,,0.0,2.0,3.0,B01,138Â 303Â 007,1.0
960366,201900001897,10,24,07:30,3,1,3,1.0,3.0,49143,Chenaie,M,"47,6158310"," -0,1596990",49,2019,80.0,1.0,2.0,3.0,2146422,1.0,1,3,1,1.0,,0.0,0,1999.0,A01,138Â 303Â 008,2.0,-1.0,-1.0,1639072,1.0,33,,0.0,2.0,2.0,A01,138Â 303Â 008,1.0