Unnamed: 0_x,num_acc,mois,jour,hrmn,lum,agg,int,atm,col,com,adr,gps,lat,long,dep,annee,vma,situ,surf,catr,Unnamed: 0_y,place,catu,grav,sexe,trajet,secu,locp,actp,an_nais,num_veh_x,id_vehicule_x,secu1,secu2,secu3,Unnamed: 0,senc,catv,occutc,obs,obsm,choc,num_veh_y,id_vehicule_y,motor
960366,201900001897,10,24,07:30,3,1,3,1.0,3.0,49143,Chenaie,M,"47,6158310"," -0,1596990",49,2019,80.0,1.0,2.0,3.0,2146423,2.0,2,3,2,5.0,,0.0,0,2002.0,A01,138Â 303Â 008,2.0,-1.0,-1.0,1639071,2.0,7,,0.0,2.0,3.0,B01,138Â 303Â 007,1.0
960366,201900001897,10,24,07:30,3,1,3,1.0,3.0,49143,Chenaie,M,"47,6158310"," -0,1596990",49,2019,80.0,1.0,2.0,3.0,2146423,2.0,2,3,2,5.0,,0.0,0,2002.0,A01,138Â 303Â 008,2.0,-1.0,-1.0,1639072,1.0,33,,0.0,2.0,2.0,A01,138Â 303Â 008,1.0
960367,201900001898,10,22,14:18,1,1,4,3.0,1.0,12042,D25,M,"43,9521080","2,7601070",12,2019,80.0,1.0,2.0,3.0,2146424,2.0,2,4,2,5.0,,0.0,0,1979.0,B01,138Â 303Â 005,1.0,-1.0,-1.0,1639073,1.0,7,,0.0,2.0,3.0,B01,138Â 303Â 005,1.0
960367,201900001898,10,22,14:18,1,1,4,3.0,1.0,12042,D25,M,"43,9521080","2,7601070",12,2019,80.0,1.0,2.0,3.0,2146424,2.0,2,4,2,5.0,,0.0,0,1979.0,B01,138Â 303Â 005,1.0,-1.0,-1.0,1639074,2.0,17,,0.0,2.0,8.0,A01,138Â 303Â 006,1.0
960367,201900001898,10,22,14:18,1,1,4,3.0,1.0,12042,D25,M,"43,9521080","2,7601070",12,2019,80.0,1.0,2.0,3.0,2146425,5.0,2,4,1,5.0,,0.0,0,2010.0,B01,138Â 303Â 005,1.0,-1.0,-1.0,1639073,1.0,7,,0.0,2.0,3.0,B01,138Â 303Â 005,1.0
960367,201900001898,10,22,14:18,1,1,4,3.0,1.0,12042,D25,M,"43,9521080","2,7601070",12,2019,80.0,1.0,2.0,3.0,2146425,5.0,2,4,1,5.0,,0.0,0,2010.0,B01,138Â 303Â 005,1.0,-1.0,-1.0,1639074,2.0,17,,0.0,2.0,8.0,A01,138Â 303Â 006,1.0
960367,201900001898,10,22,14:18,1,1,4,3.0,1.0,12042,D25,M,"43,9521080","2,7601070",12,2019,80.0,1.0,2.0,3.0,2146426,3.0,2,4,1,5.0,,0.0,0,2010.0,B01,138Â 303Â 005,1.0,-1.0,-1.0,1639073,1.0,7,,0.0,2.0,3.0,B01,138Â 303Â 005,1.0
960367,201900001898,10,22,14:18,1,1,4,3.0,1.0,12042,D25,M,"43,9521080","2,7601070",12,2019,80.0,1.0,2.0,3.0,2146426,3.0,2,4,1,5.0,,0.0,0,2010.0,B01,138Â 303Â 005,1.0,-1.0,-1.0,1639074,2.0,17,,0.0,2.0,8.0,A01,138Â 303Â 006,1.0
960367,201900001898,10,22,14:18,1,1,4,3.0,1.0,12042,D25,M,"43,9521080","2,7601070",12,2019,80.0,1.0,2.0,3.0,2146427,1.0,1,4,1,5.0,,0.0,0,1966.0,B01,138Â 303Â 005,1.0,-1.0,-1.0,1639073,1.0,7,,0.0,2.0,3.0,B01,138Â 303Â 005,1.0
960367,201900001898,10,22,14:18,1,1,4,3.0,1.0,12042,D25,M,"43,9521080","2,7601070",12,2019,80.0,1.0,2.0,3.0,2146427,1.0,1,4,1,5.0,,0.0,0,1966.0,B01,138Â 303Â 005,1.0,-1.0,-1.0,1639074,2.0,17,,0.0,2.0,8.0,A01,138Â 303Â 006,1.0
960367,201900001898,10,22,14:18,1,1,4,3.0,1.0,12042,D25,M,"43,9521080","2,7601070",12,2019,80.0,1.0,2.0,3.0,2146428,4.0,2,4,2,5.0,,0.0,0,2009.0,B01,138Â 303Â 005,1.0,-1.0,-1.0,1639073,1.0,7,,0.0,2.0,3.0,B01,138Â 303Â 005,1.0
960367,201900001898,10,22,14:18,1,1,4,3.0,1.0,12042,D25,M,"43,9521080","2,7601070",12,2019,80.0,1.0,2.0,3.0,2146428,4.0,2,4,2,5.0,,0.0,0,2009.0,B01,138Â 303Â 005,1.0,-1.0,-1.0,1639074,2.0,17,,0.0,2.0,8.0,A01,138Â 303Â 006,1.0
960367,201900001898,10,22,14:18,1,1,4,3.0,1.0,12042,D25,M,"43,9521080","2,7601070",12,2019,80.0,1.0,2.0,3.0,2146429,1.0,1,1,1,4.0,,0.0,0,1992.0,A01,138Â 303Â 006,1.0,-1.0,-1.0,1639073,1.0,7,,0.0,2.0,3.0,B01,138Â 303Â 005,1.0
960367,201900001898,10,22,14:18,1,1,4,3.0,1.0,12042,D25,M,"43,9521080","2,7601070",12,2019,80.0,1.0,2.0,3.0,2146429,1.0,1,1,1,4.0,,0.0,0,1992.0,A01,138Â 303Â 006,1.0,-1.0,-1.0,1639074,2.0,17,,0.0,2.0,8.0,A01,138Â 303Â 006,1.0
960368,201900001899,10,18,07:55,2,1,2,1.0,3.0,44072,Route des Marais,M,"47,4110460"," -2,3504790",44,2019,80.0,1.0,1.0,3.0,2146430,1.0,1,4,1,1.0,,0.0,0,1987.0,A01,138Â 303Â 002,0.0,-1.0,-1.0,1639075,2.0,7,,0.0,2.0,2.0,A01,138Â 303Â 002,1.0
960368,201900001899,10,18,07:55,2,1,2,1.0,3.0,44072,Route des Marais,M,"47,4110460"," -2,3504790",44,2019,80.0,1.0,1.0,3.0,2146430,1.0,1,4,1,1.0,,0.0,0,1987.0,A01,138Â 303Â 002,0.0,-1.0,-1.0,1639076,1.0,7,,0.0,2.0,3.0,B01,138Â 303Â 003,1.0
960368,201900001899,10,18,07:55,2,1,2,1.0,3.0,44072,Route des Marais,M,"47,4110460"," -2,3504790",44,2019,80.0,1.0,1.0,3.0,2146431,2.0,2,1,1,1.0,,0.0,0,1980.0,B01,138Â 303Â 003,1.0,-1.0,-1.0,1639075,2.0,7,,0.0,2.0,2.0,A01,138Â 303Â 002,1.0
960368,201900001899,10,18,07:55,2,1,2,1.0,3.0,44072,Route des Marais,M,"47,4110460"," -2,3504790",44,2019,80.0,1.0,1.0,3.0,2146431,2.0,2,1,1,1.0,,0.0,0,1980.0,B01,138Â 303Â 003,1.0,-1.0,-1.0,1639076,1.0,7,,0.0,2.0,3.0,B01,138Â 303Â 003,1.0
960368,201900001899,10,18,07:55,2,1,2,1.0,3.0,44072,Route des Marais,M,"47,4110460"," -2,3504790",44,2019,80.0,1.0,1.0,3.0,2146432,1.0,1,4,1,1.0,,0.0,0,1961.0,B01,138Â 303Â 003,1.0,-1.0,-1.0,1639075,2.0,7,,0.0,2.0,2.0,A01,138Â 303Â 002,1.0
960368,201900001899,10,18,07:55,2,1,2,1.0,3.0,44072,Route des Marais,M,"47,4110460"," -2,3504790",44,2019,80.0,1.0,1.0,3.0,2146432,1.0,1,4,1,1.0,,0.0,0,1961.0,B01,138Â 303Â 003,1.0,-1.0,-1.0,1639076,1.0,7,,0.0,2.0,3.0,B01,138Â 303Â 003,1.0
960369,201900001900,10,23,07:25,3,1,1,2.0,1.0,44072,D33,M,"47,4489080"," -2,2989160",44,2019,80.0,1.0,2.0,3.0,2146433,1.0,1,3,1,1.0,,0.0,0,1998.0,A01,138Â 303Â 000,1.0,-1.0,-1.0,1639077,1.0,7,,0.0,2.0,3.0,A01,138Â 303Â 000,1.0
960369,201900001900,10,23,07:25,3,1,1,2.0,1.0,44072,D33,M,"47,4489080"," -2,2989160",44,2019,80.0,1.0,2.0,3.0,2146433,1.0,1,3,1,1.0,,0.0,0,1998.0,A01,138Â 303Â 000,1.0,-1.0,-1.0,1639078,2.0,7,,0.0,2.0,3.0,B01,138Â 303Â 001,1.0
960369,201900001900,10,23,07:25,3,1,1,2.0,1.0,44072,D33,M,"47,4489080"," -2,2989160",44,2019,80.0,1.0,2.0,3.0,2146434,1.0,1,4,1,1.0,,0.0,0,1975.0,B01,138Â 303Â 001,1.0,-1.0,-1.0,1639077,1.0,7,,0.0,2.0,3.0,A01,138Â 303Â 000,1.0
960369,201900001900,10,23,07:25,3,1,1,2.0,1.0,44072,D33,M,"47,4489080"," -2,2989160",44,2019,80.0,1.0,2.0,3.0,2146434,1.0,1,4,1,1.0,,0.0,0,1975.0,B01,138Â 303Â 001,1.0,-1.0,-1.0,1639078,2.0,7,,0.0,2.0,3.0,B01,138Â 303Â 001,1.0
960370,201900001901,10,24,17:15,1,1,2,1.0,3.0,38389,D518,M,"45,5560500","5,0977200",38,2019,80.0,1.0,1.0,3.0,2146435,1.0,1,2,2,5.0,,0.0,0,1936.0,A01,138Â 302Â 998,1.0,-1.0,-1.0,1639079,3.0,3,,0.0,2.0,8.0,A01,138Â 302Â 998,1.0
960370,201900001901,10,24,17:15,1,1,2,1.0,3.0,38389,D518,M,"45,5560500","5,0977200",38,2019,80.0,1.0,1.0,3.0,2146435,1.0,1,2,2,5.0,,0.0,0,1936.0,A01,138Â 302Â 998,1.0,-1.0,-1.0,1639080,1.0,7,,0.0,2.0,1.0,B01,138Â 302Â 999,1.0
960370,201900001901,10,24,17:15,1,1,2,1.0,3.0,38389,D518,M,"45,5560500","5,0977200",38,2019,80.0,1.0,1.0,3.0,2146436,1.0,1,4,2,5.0,,0.0,0,1999.0,B01,138Â 302Â 999,1.0,-1.0,-1.0,1639079,3.0,3,,0.0,2.0,8.0,A01,138Â 302Â 998,1.0
960370,201900001901,10,24,17:15,1,1,2,1.0,3.0,38389,D518,M,"45,5560500","5,0977200",38,2019,80.0,1.0,1.0,3.0,2146436,1.0,1,4,2,5.0,,0.0,0,1999.0,B01,138Â 302Â 999,1.0,-1.0,-1.0,1639080,1.0,7,,0.0,2.0,1.0,B01,138Â 302Â 999,1.0
960371,201900001902,10,14,13:00,1,2,1,1.0,1.0,02179,6 Rue de Fismes,M,"49,2612110","3,6133150",2,2019,50.0,1.0,1.0,3.0,2146437,1.0,1,3,1,9.0,,0.0,0,1986.0,B01,138Â 302Â 996,2.0,6.0,-1.0,1639081,2.0,33,,0.0,2.0,1.0,B01,138Â 302Â 996,1.0
960371,201900001902,10,14,13:00,1,2,1,1.0,1.0,02179,6 Rue de Fismes,M,"49,2612110","3,6133150",2,2019,50.0,1.0,1.0,3.0,2146437,1.0,1,3,1,9.0,,0.0,0,1986.0,B01,138Â 302Â 996,2.0,6.0,-1.0,1639082,1.0,7,,0.0,2.0,2.0,A01,138Â 302Â 997,1.0
960371,201900001902,10,14,13:00,1,2,1,1.0,1.0,02179,6 Rue de Fismes,M,"49,2612110","3,6133150",2,2019,50.0,1.0,1.0,3.0,2146438,1.0,1,1,2,3.0,,0.0,0,1990.0,A01,138Â 302Â 997,1.0,9.0,-1.0,1639081,2.0,33,,0.0,2.0,1.0,B01,138Â 302Â 996,1.0
960371,201900001902,10,14,13:00,1,2,1,1.0,1.0,02179,6 Rue de Fismes,M,"49,2612110","3,6133150",2,2019,50.0,1.0,1.0,3.0,2146438,1.0,1,1,2,3.0,,0.0,0,1990.0,A01,138Â 302Â 997,1.0,9.0,-1.0,1639082,1.0,7,,0.0,2.0,2.0,A01,138Â 302Â 997,1.0
960372,201900001903,10,24,07:30,2,1,1,1.0,5.0,03110,,M,"46,1233520","3,3560326",3,2019,-1.0,1.0,2.0,3.0,2146439,1.0,1,3,1,1.0,,0.0,0,1991.0,A01,138Â 302Â 993,1.0,-1.0,-1.0,1639083,1.0,7,,0.0,2.0,4.0,A01,138Â 302Â 993,1.0
960372,201900001903,10,24,07:30,2,1,1,1.0,5.0,03110,,M,"46,1233520","3,3560326",3,2019,-1.0,1.0,2.0,3.0,2146439,1.0,1,3,1,1.0,,0.0,0,1991.0,A01,138Â 302Â 993,1.0,-1.0,-1.0,1639084,2.0,7,,0.0,2.0,1.0,B01,138Â 302Â 994,1.0
960372,201900001903,10,24,07:30,2,1,1,1.0,5.0,03110,,M,"46,1233520","3,3560326",3,2019,-1.0,1.0,2.0,3.0,2146439,1.0,1,3,1,1.0,,0.0,0,1991.0,A01,138Â 302Â 993,1.0,-1.0,-1.0,1639085,1.0,7,,0.0,2.0,1.0,C01,138Â 302Â 995,1.0
960372,201900001903,10,24,07:30,2,1,1,1.0,5.0,03110,,M,"46,1233520","3,3560326",3,2019,-1.0,1.0,2.0,3.0,2146440,1.0,1,3,1,1.0,,0.0,0,1967.0,B01,138Â 302Â 994,1.0,-1.0,-1.0,1639083,1.0,7,,0.0,2.0,4.0,A01,138Â 302Â 993,1.0
960372,201900001903,10,24,07:30,2,1,1,1.0,5.0,03110,,M,"46,1233520","3,3560326",3,2019,-1.0,1.0,2.0,3.0,2146440,1.0,1,3,1,1.0,,0.0,0,1967.0,B01,138Â 302Â 994,1.0,-1.0,-1.0,1639084,2.0,7,,0.0,2.0,1.0,B01,138Â 302Â 994,1.0
960372,201900001903,10,24,07:30,2,1,1,1.0,5.0,03110,,M,"46,1233520","3,3560326",3,2019,-1.0,1.0,2.0,3.0,2146440,1.0,1,3,1,1.0,,0.0,0,1967.0,B01,138Â 302Â 994,1.0,-1.0,-1.0,1639085,1.0,7,,0.0,2.0,1.0,C01,138Â 302Â 995,1.0
960372,201900001903,10,24,07:30,2,1,1,1.0,5.0,03110,,M,"46,1233520","3,3560326",3,2019,-1.0,1.0,2.0,3.0,2146441,1.0,1,1,1,5.0,,0.0,0,1964.0,C01,138Â 302Â 995,1.0,-1.0,-1.0,1639083,1.0,7,,0.0,2.0,4.0,A01,138Â 302Â 993,1.0
960372,201900001903,10,24,07:30,2,1,1,1.0,5.0,03110,,M,"46,1233520","3,3560326",3,2019,-1.0,1.0,2.0,3.0,2146441,1.0,1,1,1,5.0,,0.0,0,1964.0,C01,138Â 302Â 995,1.0,-1.0,-1.0,1639084,2.0,7,,0.0,2.0,1.0,B01,138Â 302Â 994,1.0
960372,201900001903,10,24,07:30,2,1,1,1.0,5.0,03110,,M,"46,1233520","3,3560326",3,2019,-1.0,1.0,2.0,3.0,2146441,1.0,1,1,1,5.0,,0.0,0,1964.0,C01,138Â 302Â 995,1.0,-1.0,-1.0,1639085,1.0,7,,0.0,2.0,1.0,C01,138Â 302Â 995,1.0
960373,201900001904,10,23,20:45,5,2,1,1.0,6.0,01147,D1,M,"46,4199560","5,2960460",1,2019,50.0,3.0,2.0,3.0,2146442,1.0,1,4,1,5.0,,0.0,0,2003.0,A01,138Â 302Â 992,2.0,6.0,9.0,1639086,1.0,31,,8.0,0.0,1.0,A01,138Â 302Â 992,1.0
960374,201900001905,10,24,08:00,2,1,1,2.0,1.0,14675,D230,M,"49,1290610"," -0,2975760",14,2019,80.0,1.0,2.0,3.0,2146443,1.0,1,1,1,1.0,,0.0,0,1986.0,A01,138Â 302Â 989,1.0,-1.0,-1.0,1639087,1.0,7,,0.0,2.0,1.0,A01,138Â 302Â 989,1.0
960374,201900001905,10,24,08:00,2,1,1,2.0,1.0,14675,D230,M,"49,1290610"," -0,2975760",14,2019,80.0,1.0,2.0,3.0,2146443,1.0,1,1,1,1.0,,0.0,0,1986.0,A01,138Â 302Â 989,1.0,-1.0,-1.0,1639088,2.0,30,,0.0,2.0,1.0,B01,138Â 302Â 990,1.0
960374,201900001905,10,24,08:00,2,1,1,2.0,1.0,14675,D230,M,"49,1290610"," -0,2975760",14,2019,80.0,1.0,2.0,3.0,2146444,1.0,1,3,1,2.0,,0.0,0,2001.0,B01,138Â 302Â 990,2.0,-1.0,-1.0,1639087,1.0,7,,0.0,2.0,1.0,A01,138Â 302Â 989,1.0
960374,201900001905,10,24,08:00,2,1,1,2.0,1.0,14675,D230,M,"49,1290610"," -0,2975760",14,2019,80.0,1.0,2.0,3.0,2146444,1.0,1,3,1,2.0,,0.0,0,2001.0,B01,138Â 302Â 990,2.0,-1.0,-1.0,1639088,2.0,30,,0.0,2.0,1.0,B01,138Â 302Â 990,1.0
960375,201900001906,10,24,05:27,3,1,1,1.0,3.0,45306,D2060,M,"48,0183970","2,8853350",45,2019,80.0,1.0,1.0,3.0,2146445,1.0,1,1,1,4.0,,0.0,0,1962.0,B01,138Â 302Â 987,1.0,-1.0,-1.0,1639089,2.0,17,,0.0,0.0,8.0,B01,138Â 302Â 987,1.0
960375,201900001906,10,24,05:27,3,1,1,1.0,3.0,45306,D2060,M,"48,0183970","2,8853350",45,2019,80.0,1.0,1.0,3.0,2146445,1.0,1,1,1,4.0,,0.0,0,1962.0,B01,138Â 302Â 987,1.0,-1.0,-1.0,1639090,1.0,7,,0.0,2.0,3.0,A01,138Â 302Â 988,1.0
960375,201900001906,10,24,05:27,3,1,1,1.0,3.0,45306,D2060,M,"48,0183970","2,8853350",45,2019,80.0,1.0,1.0,3.0,2146446,1.0,1,3,1,1.0,,0.0,0,1997.0,A01,138Â 302Â 988,8.0,-1.0,-1.0,1639089,2.0,17,,0.0,0.0,8.0,B01,138Â 302Â 987,1.0
960375,201900001906,10,24,05:27,3,1,1,1.0,3.0,45306,D2060,M,"48,0183970","2,8853350",45,2019,80.0,1.0,1.0,3.0,2146446,1.0,1,3,1,1.0,,0.0,0,1997.0,A01,138Â 302Â 988,8.0,-1.0,-1.0,1639090,1.0,7,,0.0,2.0,3.0,A01,138Â 302Â 988,1.0
960376,201900001907,10,23,16:00,1,2,1,8.0,6.0,64371,36 rue Victor Hugo,M,"43,2208915"," -0,8878753",64,2019,30.0,4.0,1.0,3.0,2146447,10.0,3,3,1,0.0,,5.0,A,1930.0,A01,138Â 302Â 986,0.0,-1.0,-1.0,1639091,1.0,1,,0.0,1.0,1.0,A01,138Â 302Â 986,5.0
960376,201900001907,10,23,16:00,1,2,1,8.0,6.0,64371,36 rue Victor Hugo,M,"43,2208915"," -0,8878753",64,2019,30.0,4.0,1.0,3.0,2146448,1.0,1,1,1,5.0,,0.0,0,2006.0,A01,138Â 302Â 986,0.0,-1.0,-1.0,1639091,1.0,1,,0.0,1.0,1.0,A01,138Â 302Â 986,5.0
960377,201900001908,10,24,14:35,1,1,1,2.0,1.0,73114,D1212,M,"45,8230291","6,5335659",73,2019,80.0,1.0,2.0,3.0,2146449,3.0,2,3,1,9.0,,0.0,0,2015.0,B01,138Â 302Â 984,1.0,-1.0,-1.0,1639092,1.0,7,,6.0,2.0,1.0,B01,138Â 302Â 984,1.0
960377,201900001908,10,24,14:35,1,1,1,2.0,1.0,73114,D1212,M,"45,8230291","6,5335659",73,2019,80.0,1.0,2.0,3.0,2146449,3.0,2,3,1,9.0,,0.0,0,2015.0,B01,138Â 302Â 984,1.0,-1.0,-1.0,1639093,2.0,7,,0.0,2.0,1.0,A01,138Â 302Â 985,1.0
960377,201900001908,10,24,14:35,1,1,1,2.0,1.0,73114,D1212,M,"45,8230291","6,5335659",73,2019,80.0,1.0,2.0,3.0,2146450,1.0,1,4,2,9.0,,0.0,0,1963.0,B01,138Â 302Â 984,1.0,-1.0,-1.0,1639092,1.0,7,,6.0,2.0,1.0,B01,138Â 302Â 984,1.0
960377,201900001908,10,24,14:35,1,1,1,2.0,1.0,73114,D1212,M,"45,8230291","6,5335659",73,2019,80.0,1.0,2.0,3.0,2146450,1.0,1,4,2,9.0,,0.0,0,1963.0,B01,138Â 302Â 984,1.0,-1.0,-1.0,1639093,2.0,7,,0.0,2.0,1.0,A01,138Â 302Â 985,1.0
960377,201900001908,10,24,14:35,1,1,1,2.0,1.0,73114,D1212,M,"45,8230291","6,5335659",73,2019,80.0,1.0,2.0,3.0,2146451,1.0,1,1,1,9.0,,0.0,0,1998.0,A01,138Â 302Â 985,1.0,-1.0,-1.0,1639092,1.0,7,,6.0,2.0,1.0,B01,138Â 302Â 984,1.0
960377,201900001908,10,24,14:35,1,1,1,2.0,1.0,73114,D1212,M,"45,8230291","6,5335659",73,2019,80.0,1.0,2.0,3.0,2146451,1.0,1,1,1,9.0,,0.0,0,1998.0,A01,138Â 302Â 985,1.0,-1.0,-1.0,1639093,2.0,7,,0.0,2.0,1.0,A01,138Â 302Â 985,1.0
960378,201900001909,10,23,19:20,3,1,1,6.0,7.0,18221,D35,M,"46,8056140","2,3927510",18,2019,80.0,1.0,2.0,3.0,2146452,1.0,1,3,1,1.0,,0.0,0,2002.0,A01,138Â 302Â 983,2.0,6.0,-1.0,1639094,1.0,2,,0.0,0.0,8.0,A01,138Â 302Â 983,1.0
960379,201900001910,10,23,12:35,1,1,4,1.0,2.0,40288,1628 Route du Jay,M,"44,0185690"," -0,3439350",40,2019,80.0,1.0,2.0,3.0,2146453,1.0,1,1,1,1.0,,0.0,0,1999.0,A01,138Â 302Â 981,1.0,-1.0,-1.0,1639095,1.0,7,,0.0,2.0,1.0,A01,138Â 302Â 981,1.0
960379,201900001910,10,23,12:35,1,1,4,1.0,2.0,40288,1628 Route du Jay,M,"44,0185690"," -0,3439350",40,2019,80.0,1.0,2.0,3.0,2146453,1.0,1,1,1,1.0,,0.0,0,1999.0,A01,138Â 302Â 981,1.0,-1.0,-1.0,1639096,1.0,7,,0.0,0.0,4.0,B01,138Â 302Â 982,1.0
960379,201900001910,10,23,12:35,1,1,4,1.0,2.0,40288,1628 Route du Jay,M,"44,0185690"," -0,3439350",40,2019,80.0,1.0,2.0,3.0,2146454,1.0,1,4,2,1.0,,0.0,0,1985.0,B01,138Â 302Â 982,1.0,-1.0,-1.0,1639095,1.0,7,,0.0,2.0,1.0,A01,138Â 302Â 981,1.0
960379,201900001910,10,23,12:35,1,1,4,1.0,2.0,40288,1628 Route du Jay,M,"44,0185690"," -0,3439350",40,2019,80.0,1.0,2.0,3.0,2146454,1.0,1,4,2,1.0,,0.0,0,1985.0,B01,138Â 302Â 982,1.0,-1.0,-1.0,1639096,1.0,7,,0.0,0.0,4.0,B01,138Â 302Â 982,1.0
960380,201900001911,10,23,23:40,3,1,1,2.0,6.0,30004,N113,M,"43,7167690","4,2022440",30,2019,80.0,3.0,2.0,2.0,2146455,1.0,1,2,1,0.0,,0.0,0,1996.0,A01,138Â 302Â 980,0.0,-1.0,-1.0,1639097,1.0,7,,2.0,0.0,9.0,A01,138Â 302Â 980,0.0
960381,201900001912,10,24,10:05,1,2,1,1.0,6.0,48092,17 Avenue ThÃ©ophile Roussel,M,"44,5579680","3,2909180",48,2019,50.0,1.0,2.0,3.0,2146456,1.0,1,1,1,3.0,,0.0,0,1947.0,A01,138Â 302Â 979,1.0,-1.0,-1.0,1639098,1.0,7,,0.0,1.0,2.0,A01,138Â 302Â 979,1.0
960381,201900001912,10,24,10:05,1,2,1,1.0,6.0,48092,17 Avenue ThÃ©ophile Roussel,M,"44,5579680","3,2909180",48,2019,50.0,1.0,2.0,3.0,2146457,10.0,3,3,1,0.0,,3.0,3,1957.0,A01,138Â 302Â 979,0.0,-1.0,-1.0,1639098,1.0,7,,0.0,1.0,2.0,A01,138Â 302Â 979,1.0
960382,201900001913,10,23,15:10,1,1,1,1.0,6.0,49193,D15,M,"47,1592890"," -0,8945400",49,2019,80.0,1.0,1.0,3.0,2146458,1.0,1,4,1,4.0,,0.0,0,1962.0,A01,138Â 302Â 977,1.0,-1.0,-1.0,1639099,1.0,15,,2.0,0.0,9.0,A01,138Â 302Â 977,1.0
960382,201900001913,10,23,15:10,1,1,1,1.0,6.0,49193,D15,M,"47,1592890"," -0,8945400",49,2019,80.0,1.0,1.0,3.0,2146458,1.0,1,4,1,4.0,,0.0,0,1962.0,A01,138Â 302Â 977,1.0,-1.0,-1.0,1639100,2.0,7,,0.0,9.0,1.0,C01,138Â 302Â 978,1.0
960382,201900001913,10,23,15:10,1,1,1,1.0,6.0,49193,D15,M,"47,1592890"," -0,8945400",49,2019,80.0,1.0,1.0,3.0,2146459,1.0,1,1,2,5.0,,0.0,0,1953.0,C01,138Â 302Â 978,1.0,-1.0,-1.0,1639099,1.0,15,,2.0,0.0,9.0,A01,138Â 302Â 977,1.0
960382,201900001913,10,23,15:10,1,1,1,1.0,6.0,49193,D15,M,"47,1592890"," -0,8945400",49,2019,80.0,1.0,1.0,3.0,2146459,1.0,1,1,2,5.0,,0.0,0,1953.0,C01,138Â 302Â 978,1.0,-1.0,-1.0,1639100,2.0,7,,0.0,9.0,1.0,C01,138Â 302Â 978,1.0
960383,201900001914,10,23,09:40,1,1,1,1.0,4.0,91045,D17,M,"48,5416740","2,3872310",91,2019,70.0,1.0,1.0,3.0,2146460,1.0,1,1,2,0.0,,0.0,0,1983.0,A01,138Â 302Â 974,1.0,-1.0,-1.0,1639101,1.0,7,,0.0,0.0,4.0,A01,138Â 302Â 974,1.0
960383,201900001914,10,23,09:40,1,1,1,1.0,4.0,91045,D17,M,"48,5416740","2,3872310",91,2019,70.0,1.0,1.0,3.0,2146460,1.0,1,1,2,0.0,,0.0,0,1983.0,A01,138Â 302Â 974,1.0,-1.0,-1.0,1639102,1.0,7,,0.0,0.0,4.0,B01,138Â 302Â 975,1.0
960383,201900001914,10,23,09:40,1,1,1,1.0,4.0,91045,D17,M,"48,5416740","2,3872310",91,2019,70.0,1.0,1.0,3.0,2146460,1.0,1,1,2,0.0,,0.0,0,1983.0,A01,138Â 302Â 974,1.0,-1.0,-1.0,1639103,1.0,33,,0.0,0.0,1.0,C01,138Â 302Â 976,1.0
960383,201900001914,10,23,09:40,1,1,1,1.0,4.0,91045,D17,M,"48,5416740","2,3872310",91,2019,70.0,1.0,1.0,3.0,2146461,1.0,1,1,1,0.0,,0.0,0,1946.0,B01,138Â 302Â 975,1.0,-1.0,-1.0,1639101,1.0,7,,0.0,0.0,4.0,A01,138Â 302Â 974,1.0
960383,201900001914,10,23,09:40,1,1,1,1.0,4.0,91045,D17,M,"48,5416740","2,3872310",91,2019,70.0,1.0,1.0,3.0,2146461,1.0,1,1,1,0.0,,0.0,0,1946.0,B01,138Â 302Â 975,1.0,-1.0,-1.0,1639102,1.0,7,,0.0,0.0,4.0,B01,138Â 302Â 975,1.0
960383,201900001914,10,23,09:40,1,1,1,1.0,4.0,91045,D17,M,"48,5416740","2,3872310",91,2019,70.0,1.0,1.0,3.0,2146461,1.0,1,1,1,0.0,,0.0,0,1946.0,B01,138Â 302Â 975,1.0,-1.0,-1.0,1639103,1.0,33,,0.0,0.0,1.0,C01,138Â 302Â 976,1.0
960383,201900001914,10,23,09:40,1,1,1,1.0,4.0,91045,D17,M,"48,5416740","2,3872310",91,2019,70.0,1.0,1.0,3.0,2146462,1.0,1,3,1,0.0,,0.0,0,1970.0,C01,138Â 302Â 976,2.0,6.0,-1.0,1639101,1.0,7,,0.0,0.0,4.0,A01,138Â 302Â 974,1.0
960383,201900001914,10,23,09:40,1,1,1,1.0,4.0,91045,D17,M,"48,5416740","2,3872310",91,2019,70.0,1.0,1.0,3.0,2146462,1.0,1,3,1,0.0,,0.0,0,1970.0,C01,138Â 302Â 976,2.0,6.0,-1.0,1639102,1.0,7,,0.0,0.0,4.0,B01,138Â 302Â 975,1.0
960383,201900001914,10,23,09:40,1,1,1,1.0,4.0,91045,D17,M,"48,5416740","2,3872310",91,2019,70.0,1.0,1.0,3.0,2146462,1.0,1,3,1,0.0,,0.0,0,1970.0,C01,138Â 302Â 976,2.0,6.0,-1.0,1639103,1.0,33,,0.0,0.0,1.0,C01,138Â 302Â 976,1.0
960384,201900001915,10,23,20:28,3,1,1,1.0,4.0,67125,Autoroute A35 PK 432.200 sens Strasbourg / Colmar,M,"48,3353480","7,4991320",67,2019,130.0,1.0,1.0,1.0,2146463,1.0,1,1,1,0.0,,0.0,0,1973.0,C01,138Â 302Â 971,1.0,-1.0,-1.0,1639104,1.0,7,,14.0,0.0,3.0,C01,138Â 302Â 971,1.0
960384,201900001915,10,23,20:28,3,1,1,1.0,4.0,67125,Autoroute A35 PK 432.200 sens Strasbourg / Colmar,M,"48,3353480","7,4991320",67,2019,130.0,1.0,1.0,1.0,2146463,1.0,1,1,1,0.0,,0.0,0,1973.0,C01,138Â 302Â 971,1.0,-1.0,-1.0,1639105,1.0,7,,14.0,0.0,1.0,B01,138Â 302Â 972,1.0