Unnamed: 0_x,num_acc,mois,jour,hrmn,lum,agg,int,atm,col,com,adr,gps,lat,long,dep,annee,vma,situ,surf,catr,Unnamed: 0_y,place,catu,grav,sexe,trajet,secu,locp,actp,an_nais,num_veh_x,id_vehicule_x,secu1,secu2,secu3,Unnamed: 0,senc,catv,occutc,obs,obsm,choc,num_veh_y,id_vehicule_y,motor
960384,201900001915,10,23,20:28,3,1,1,1.0,4.0,67125,Autoroute A35 PK 432.200 sens Strasbourg / Colmar,M,"48,3353480","7,4991320",67,2019,130.0,1.0,1.0,1.0,2146463,1.0,1,1,1,0.0,,0.0,0,1973.0,C01,138Â 302Â 971,1.0,-1.0,-1.0,1639106,1.0,7,,3.0,0.0,3.0,A01,138Â 302Â 973,1.0
960384,201900001915,10,23,20:28,3,1,1,1.0,4.0,67125,Autoroute A35 PK 432.200 sens Strasbourg / Colmar,M,"48,3353480","7,4991320",67,2019,130.0,1.0,1.0,1.0,2146464,1.0,1,1,2,0.0,,0.0,0,1991.0,B01,138Â 302Â 972,1.0,-1.0,-1.0,1639104,1.0,7,,14.0,0.0,3.0,C01,138Â 302Â 971,1.0
960384,201900001915,10,23,20:28,3,1,1,1.0,4.0,67125,Autoroute A35 PK 432.200 sens Strasbourg / Colmar,M,"48,3353480","7,4991320",67,2019,130.0,1.0,1.0,1.0,2146464,1.0,1,1,2,0.0,,0.0,0,1991.0,B01,138Â 302Â 972,1.0,-1.0,-1.0,1639105,1.0,7,,14.0,0.0,1.0,B01,138Â 302Â 972,1.0
960384,201900001915,10,23,20:28,3,1,1,1.0,4.0,67125,Autoroute A35 PK 432.200 sens Strasbourg / Colmar,M,"48,3353480","7,4991320",67,2019,130.0,1.0,1.0,1.0,2146464,1.0,1,1,2,0.0,,0.0,0,1991.0,B01,138Â 302Â 972,1.0,-1.0,-1.0,1639106,1.0,7,,3.0,0.0,3.0,A01,138Â 302Â 973,1.0
960384,201900001915,10,23,20:28,3,1,1,1.0,4.0,67125,Autoroute A35 PK 432.200 sens Strasbourg / Colmar,M,"48,3353480","7,4991320",67,2019,130.0,1.0,1.0,1.0,2146465,1.0,1,3,1,0.0,,0.0,0,1985.0,A01,138Â 302Â 973,8.0,-1.0,-1.0,1639104,1.0,7,,14.0,0.0,3.0,C01,138Â 302Â 971,1.0
960384,201900001915,10,23,20:28,3,1,1,1.0,4.0,67125,Autoroute A35 PK 432.200 sens Strasbourg / Colmar,M,"48,3353480","7,4991320",67,2019,130.0,1.0,1.0,1.0,2146465,1.0,1,3,1,0.0,,0.0,0,1985.0,A01,138Â 302Â 973,8.0,-1.0,-1.0,1639105,1.0,7,,14.0,0.0,1.0,B01,138Â 302Â 972,1.0
960384,201900001915,10,23,20:28,3,1,1,1.0,4.0,67125,Autoroute A35 PK 432.200 sens Strasbourg / Colmar,M,"48,3353480","7,4991320",67,2019,130.0,1.0,1.0,1.0,2146465,1.0,1,3,1,0.0,,0.0,0,1985.0,A01,138Â 302Â 973,8.0,-1.0,-1.0,1639106,1.0,7,,3.0,0.0,3.0,A01,138Â 302Â 973,1.0
960385,201900001916,10,23,07:45,2,1,1,2.0,6.0,69112,A89  (Embranchement d'autoroute),M,"45,8215900","4,6892000",69,2019,110.0,1.0,2.0,1.0,2146466,1.0,1,4,2,1.0,,0.0,0,1997.0,A01,138Â 302Â 970,1.0,-1.0,-1.0,1639107,1.0,7,,13.0,0.0,9.0,A01,138Â 302Â 970,1.0
960386,201900001917,10,19,13:00,1,1,1,3.0,3.0,06088,A8 - PK 198+500 NORD,M,"43,7337390","7,2405610",6,2019,90.0,1.0,2.0,1.0,2146467,1.0,1,4,1,5.0,,0.0,0,1979.0,B01,138Â 302Â 968,1.0,-1.0,-1.0,1639108,2.0,7,,0.0,2.0,4.0,B01,138Â 302Â 968,1.0
960386,201900001917,10,19,13:00,1,1,1,3.0,3.0,06088,A8 - PK 198+500 NORD,M,"43,7337390","7,2405610",6,2019,90.0,1.0,2.0,1.0,2146467,1.0,1,4,1,5.0,,0.0,0,1979.0,B01,138Â 302Â 968,1.0,-1.0,-1.0,1639109,2.0,14,,0.0,2.0,7.0,A01,138Â 302Â 969,1.0
960386,201900001917,10,19,13:00,1,1,1,3.0,3.0,06088,A8 - PK 198+500 NORD,M,"43,7337390","7,2405610",6,2019,90.0,1.0,2.0,1.0,2146468,2.0,2,4,2,5.0,,0.0,0,1976.0,B01,138Â 302Â 968,1.0,-1.0,-1.0,1639108,2.0,7,,0.0,2.0,4.0,B01,138Â 302Â 968,1.0
960386,201900001917,10,19,13:00,1,1,1,3.0,3.0,06088,A8 - PK 198+500 NORD,M,"43,7337390","7,2405610",6,2019,90.0,1.0,2.0,1.0,2146468,2.0,2,4,2,5.0,,0.0,0,1976.0,B01,138Â 302Â 968,1.0,-1.0,-1.0,1639109,2.0,14,,0.0,2.0,7.0,A01,138Â 302Â 969,1.0
960386,201900001917,10,19,13:00,1,1,1,3.0,3.0,06088,A8 - PK 198+500 NORD,M,"43,7337390","7,2405610",6,2019,90.0,1.0,2.0,1.0,2146469,1.0,1,1,1,1.0,,0.0,0,1986.0,A01,138Â 302Â 969,1.0,-1.0,-1.0,1639108,2.0,7,,0.0,2.0,4.0,B01,138Â 302Â 968,1.0
960386,201900001917,10,19,13:00,1,1,1,3.0,3.0,06088,A8 - PK 198+500 NORD,M,"43,7337390","7,2405610",6,2019,90.0,1.0,2.0,1.0,2146469,1.0,1,1,1,1.0,,0.0,0,1986.0,A01,138Â 302Â 969,1.0,-1.0,-1.0,1639109,2.0,14,,0.0,2.0,7.0,A01,138Â 302Â 969,1.0
960387,201900001918,10,22,19:00,5,2,2,2.0,3.0,33005,Rue Jean Sachetti,M,"44,7469900"," -1,0896720",33,2019,-1.0,1.0,2.0,3.0,2146470,1.0,1,1,2,5.0,,0.0,0,1937.0,A01,138Â 302Â 964,1.0,-1.0,-1.0,1639110,1.0,7,,0.0,2.0,1.0,A01,138Â 302Â 964,1.0
960387,201900001918,10,22,19:00,5,2,2,2.0,3.0,33005,Rue Jean Sachetti,M,"44,7469900"," -1,0896720",33,2019,-1.0,1.0,2.0,3.0,2146470,1.0,1,1,2,5.0,,0.0,0,1937.0,A01,138Â 302Â 964,1.0,-1.0,-1.0,1639111,2.0,2,,0.0,2.0,3.0,B01,138Â 302Â 965,1.0
960387,201900001918,10,22,19:00,5,2,2,2.0,3.0,33005,Rue Jean Sachetti,M,"44,7469900"," -1,0896720",33,2019,-1.0,1.0,2.0,3.0,2146471,1.0,1,4,2,1.0,,0.0,0,1957.0,B01,138Â 302Â 965,2.0,-1.0,-1.0,1639110,1.0,7,,0.0,2.0,1.0,A01,138Â 302Â 964,1.0
960387,201900001918,10,22,19:00,5,2,2,2.0,3.0,33005,Rue Jean Sachetti,M,"44,7469900"," -1,0896720",33,2019,-1.0,1.0,2.0,3.0,2146471,1.0,1,4,2,1.0,,0.0,0,1957.0,B01,138Â 302Â 965,2.0,-1.0,-1.0,1639111,2.0,2,,0.0,2.0,3.0,B01,138Â 302Â 965,1.0
960388,201900001919,10,23,08:20,1,1,1,2.0,1.0,98821,R.T.1,M," -22,0883300","166,3195100",988,2019,70.0,1.0,2.0,2.0,2146472,1.0,1,4,1,4.0,,0.0,0,1973.0,B01,138Â 302Â 962,1.0,-1.0,-1.0,1639112,1.0,10,,0.0,2.0,3.0,B01,138Â 302Â 962,1.0
960388,201900001919,10,23,08:20,1,1,1,2.0,1.0,98821,R.T.1,M," -22,0883300","166,3195100",988,2019,70.0,1.0,2.0,2.0,2146472,1.0,1,4,1,4.0,,0.0,0,1973.0,B01,138Â 302Â 962,1.0,-1.0,-1.0,1639113,2.0,7,,0.0,2.0,5.0,A01,138Â 302Â 963,1.0
960388,201900001919,10,23,08:20,1,1,1,2.0,1.0,98821,R.T.1,M," -22,0883300","166,3195100",988,2019,70.0,1.0,2.0,2.0,2146473,2.0,2,4,1,4.0,,0.0,0,1990.0,B01,138Â 302Â 962,1.0,-1.0,-1.0,1639112,1.0,10,,0.0,2.0,3.0,B01,138Â 302Â 962,1.0
960388,201900001919,10,23,08:20,1,1,1,2.0,1.0,98821,R.T.1,M," -22,0883300","166,3195100",988,2019,70.0,1.0,2.0,2.0,2146473,2.0,2,4,1,4.0,,0.0,0,1990.0,B01,138Â 302Â 962,1.0,-1.0,-1.0,1639113,2.0,7,,0.0,2.0,5.0,A01,138Â 302Â 963,1.0
960388,201900001919,10,23,08:20,1,1,1,2.0,1.0,98821,R.T.1,M," -22,0883300","166,3195100",988,2019,70.0,1.0,2.0,2.0,2146474,1.0,1,4,2,5.0,,0.0,0,1965.0,A01,138Â 302Â 963,1.0,-1.0,-1.0,1639112,1.0,10,,0.0,2.0,3.0,B01,138Â 302Â 962,1.0
960388,201900001919,10,23,08:20,1,1,1,2.0,1.0,98821,R.T.1,M," -22,0883300","166,3195100",988,2019,70.0,1.0,2.0,2.0,2146474,1.0,1,4,2,5.0,,0.0,0,1965.0,A01,138Â 302Â 963,1.0,-1.0,-1.0,1639113,2.0,7,,0.0,2.0,5.0,A01,138Â 302Â 963,1.0
960388,201900001919,10,23,08:20,1,1,1,2.0,1.0,98821,R.T.1,M," -22,0883300","166,3195100",988,2019,70.0,1.0,2.0,2.0,2146475,4.0,2,3,1,5.0,,0.0,0,2007.0,A01,138Â 302Â 963,1.0,-1.0,-1.0,1639112,1.0,10,,0.0,2.0,3.0,B01,138Â 302Â 962,1.0
960388,201900001919,10,23,08:20,1,1,1,2.0,1.0,98821,R.T.1,M," -22,0883300","166,3195100",988,2019,70.0,1.0,2.0,2.0,2146475,4.0,2,3,1,5.0,,0.0,0,2007.0,A01,138Â 302Â 963,1.0,-1.0,-1.0,1639113,2.0,7,,0.0,2.0,5.0,A01,138Â 302Â 963,1.0
960388,201900001919,10,23,08:20,1,1,1,2.0,1.0,98821,R.T.1,M," -22,0883300","166,3195100",988,2019,70.0,1.0,2.0,2.0,2146476,2.0,2,3,2,5.0,,0.0,0,1934.0,A01,138Â 302Â 963,1.0,-1.0,-1.0,1639112,1.0,10,,0.0,2.0,3.0,B01,138Â 302Â 962,1.0
960388,201900001919,10,23,08:20,1,1,1,2.0,1.0,98821,R.T.1,M," -22,0883300","166,3195100",988,2019,70.0,1.0,2.0,2.0,2146476,2.0,2,3,2,5.0,,0.0,0,1934.0,A01,138Â 302Â 963,1.0,-1.0,-1.0,1639113,2.0,7,,0.0,2.0,5.0,A01,138Â 302Â 963,1.0
960388,201900001919,10,23,08:20,1,1,1,2.0,1.0,98821,R.T.1,M," -22,0883300","166,3195100",988,2019,70.0,1.0,2.0,2.0,2146477,3.0,2,2,1,5.0,,0.0,0,2010.0,A01,138Â 302Â 963,3.0,-1.0,-1.0,1639112,1.0,10,,0.0,2.0,3.0,B01,138Â 302Â 962,1.0
960388,201900001919,10,23,08:20,1,1,1,2.0,1.0,98821,R.T.1,M," -22,0883300","166,3195100",988,2019,70.0,1.0,2.0,2.0,2146477,3.0,2,2,1,5.0,,0.0,0,2010.0,A01,138Â 302Â 963,3.0,-1.0,-1.0,1639113,2.0,7,,0.0,2.0,5.0,A01,138Â 302Â 963,1.0
960389,201900001920,10,12,12:10,1,2,1,1.0,7.0,97701,rt46 - tourterelle,M,"17,8932790"," -62,8372440",977,2019,50.0,1.0,1.0,2.0,2146478,1.0,1,3,1,1.0,,0.0,0,1997.0,A01,138Â 302Â 961,2.0,-1.0,-1.0,1639114,3.0,33,,14.0,0.0,0.0,A01,138Â 302Â 961,1.0
960390,201900001921,10,24,16:00,1,1,1,2.0,3.0,37027,11 Rue des Grandes Fontaines,M,"47,3251230","0,9460200",37,2019,80.0,1.0,2.0,3.0,2146479,1.0,1,1,1,5.0,,0.0,0,1954.0,B01,138Â 302Â 959,1.0,-1.0,-1.0,1639115,2.0,10,,0.0,2.0,3.0,B01,138Â 302Â 959,1.0
960390,201900001921,10,24,16:00,1,1,1,2.0,3.0,37027,11 Rue des Grandes Fontaines,M,"47,3251230","0,9460200",37,2019,80.0,1.0,2.0,3.0,2146479,1.0,1,1,1,5.0,,0.0,0,1954.0,B01,138Â 302Â 959,1.0,-1.0,-1.0,1639116,1.0,7,,0.0,2.0,3.0,A01,138Â 302Â 960,1.0
960390,201900001921,10,24,16:00,1,1,1,2.0,3.0,37027,11 Rue des Grandes Fontaines,M,"47,3251230","0,9460200",37,2019,80.0,1.0,2.0,3.0,2146480,1.0,1,3,2,5.0,,0.0,0,1948.0,A01,138Â 302Â 960,1.0,-1.0,-1.0,1639115,2.0,10,,0.0,2.0,3.0,B01,138Â 302Â 959,1.0
960390,201900001921,10,24,16:00,1,1,1,2.0,3.0,37027,11 Rue des Grandes Fontaines,M,"47,3251230","0,9460200",37,2019,80.0,1.0,2.0,3.0,2146480,1.0,1,3,2,5.0,,0.0,0,1948.0,A01,138Â 302Â 960,1.0,-1.0,-1.0,1639116,1.0,7,,0.0,2.0,3.0,A01,138Â 302Â 960,1.0
960390,201900001921,10,24,16:00,1,1,1,2.0,3.0,37027,11 Rue des Grandes Fontaines,M,"47,3251230","0,9460200",37,2019,80.0,1.0,2.0,3.0,2146481,9.0,2,1,2,5.0,,0.0,0,2006.0,A01,138Â 302Â 960,1.0,-1.0,-1.0,1639115,2.0,10,,0.0,2.0,3.0,B01,138Â 302Â 959,1.0
960390,201900001921,10,24,16:00,1,1,1,2.0,3.0,37027,11 Rue des Grandes Fontaines,M,"47,3251230","0,9460200",37,2019,80.0,1.0,2.0,3.0,2146481,9.0,2,1,2,5.0,,0.0,0,2006.0,A01,138Â 302Â 960,1.0,-1.0,-1.0,1639116,1.0,7,,0.0,2.0,3.0,A01,138Â 302Â 960,1.0
960390,201900001921,10,24,16:00,1,1,1,2.0,3.0,37027,11 Rue des Grandes Fontaines,M,"47,3251230","0,9460200",37,2019,80.0,1.0,2.0,3.0,2146482,2.0,2,1,1,5.0,,0.0,0,2009.0,A01,138Â 302Â 960,1.0,-1.0,-1.0,1639115,2.0,10,,0.0,2.0,3.0,B01,138Â 302Â 959,1.0
960390,201900001921,10,24,16:00,1,1,1,2.0,3.0,37027,11 Rue des Grandes Fontaines,M,"47,3251230","0,9460200",37,2019,80.0,1.0,2.0,3.0,2146482,2.0,2,1,1,5.0,,0.0,0,2009.0,A01,138Â 302Â 960,1.0,-1.0,-1.0,1639116,1.0,7,,0.0,2.0,3.0,A01,138Â 302Â 960,1.0
960391,201900001922,10,20,19:25,3,1,1,2.0,1.0,28062,57 Rue Georges BrÃ©ant,M,"48,7631100","1,5223990",28,2019,70.0,1.0,2.0,2.0,2146483,1.0,1,3,2,5.0,,0.0,0,1946.0,B01,138Â 302Â 957,1.0,-1.0,-1.0,1639117,0.0,7,,0.0,2.0,1.0,B01,138Â 302Â 957,1.0
960391,201900001922,10,20,19:25,3,1,1,2.0,1.0,28062,57 Rue Georges BrÃ©ant,M,"48,7631100","1,5223990",28,2019,70.0,1.0,2.0,2.0,2146483,1.0,1,3,2,5.0,,0.0,0,1946.0,B01,138Â 302Â 957,1.0,-1.0,-1.0,1639118,1.0,7,,0.0,2.0,1.0,A01,138Â 302Â 958,1.0
960391,201900001922,10,20,19:25,3,1,1,2.0,1.0,28062,57 Rue Georges BrÃ©ant,M,"48,7631100","1,5223990",28,2019,70.0,1.0,2.0,2.0,2146484,1.0,1,4,2,5.0,,0.0,0,1958.0,A01,138Â 302Â 958,1.0,-1.0,-1.0,1639117,0.0,7,,0.0,2.0,1.0,B01,138Â 302Â 957,1.0
960391,201900001922,10,20,19:25,3,1,1,2.0,1.0,28062,57 Rue Georges BrÃ©ant,M,"48,7631100","1,5223990",28,2019,70.0,1.0,2.0,2.0,2146484,1.0,1,4,2,5.0,,0.0,0,1958.0,A01,138Â 302Â 958,1.0,-1.0,-1.0,1639118,1.0,7,,0.0,2.0,1.0,A01,138Â 302Â 958,1.0
960392,201900001923,10,22,19:30,5,2,3,1.0,3.0,91200,Avenue Pierre Mendes France,M,"48,5275400","2,0281630",91,2019,50.0,1.0,1.0,3.0,2146485,1.0,1,4,2,1.0,,0.0,0,1990.0,A01,138Â 302Â 954,1.0,5.0,-1.0,1639119,1.0,7,,0.0,0.0,3.0,A01,138Â 302Â 954,1.0
960392,201900001923,10,22,19:30,5,2,3,1.0,3.0,91200,Avenue Pierre Mendes France,M,"48,5275400","2,0281630",91,2019,50.0,1.0,1.0,3.0,2146485,1.0,1,4,2,1.0,,0.0,0,1990.0,A01,138Â 302Â 954,1.0,5.0,-1.0,1639120,2.0,7,,0.0,0.0,1.0,B01,138Â 302Â 955,1.0
960392,201900001923,10,22,19:30,5,2,3,1.0,3.0,91200,Avenue Pierre Mendes France,M,"48,5275400","2,0281630",91,2019,50.0,1.0,1.0,3.0,2146486,1.0,1,3,1,0.0,,0.0,0,1972.0,B01,138Â 302Â 955,1.0,-1.0,-1.0,1639119,1.0,7,,0.0,0.0,3.0,A01,138Â 302Â 954,1.0
960392,201900001923,10,22,19:30,5,2,3,1.0,3.0,91200,Avenue Pierre Mendes France,M,"48,5275400","2,0281630",91,2019,50.0,1.0,1.0,3.0,2146486,1.0,1,3,1,0.0,,0.0,0,1972.0,B01,138Â 302Â 955,1.0,-1.0,-1.0,1639120,2.0,7,,0.0,0.0,1.0,B01,138Â 302Â 955,1.0
960393,201900001924,11,29,12:40,1,1,2,7.0,3.0,16320,Intersection RD11 / RD 19,M,"45,7623050","0,0354300",16,2019,80.0,1.0,1.0,3.0,2146487,1.0,1,1,1,1.0,,0.0,0,1967.0,A01,138Â 302Â 952,1.0,-1.0,-1.0,1639121,2.0,7,,0.0,2.0,3.0,A01,138Â 302Â 952,1.0
960393,201900001924,11,29,12:40,1,1,2,7.0,3.0,16320,Intersection RD11 / RD 19,M,"45,7623050","0,0354300",16,2019,80.0,1.0,1.0,3.0,2146487,1.0,1,1,1,1.0,,0.0,0,1967.0,A01,138Â 302Â 952,1.0,-1.0,-1.0,1639122,1.0,33,,0.0,2.0,6.0,B01,138Â 302Â 953,1.0
960393,201900001924,11,29,12:40,1,1,2,7.0,3.0,16320,Intersection RD11 / RD 19,M,"45,7623050","0,0354300",16,2019,80.0,1.0,1.0,3.0,2146488,1.0,1,3,1,4.0,,0.0,0,1987.0,B01,138Â 302Â 953,2.0,7.0,9.0,1639121,2.0,7,,0.0,2.0,3.0,A01,138Â 302Â 952,1.0
960393,201900001924,11,29,12:40,1,1,2,7.0,3.0,16320,Intersection RD11 / RD 19,M,"45,7623050","0,0354300",16,2019,80.0,1.0,1.0,3.0,2146488,1.0,1,3,1,4.0,,0.0,0,1987.0,B01,138Â 302Â 953,2.0,7.0,9.0,1639122,1.0,33,,0.0,2.0,6.0,B01,138Â 302Â 953,1.0
960394,201900001925,11,28,17:45,2,2,2,1.0,1.0,33056,Avenue du GÃ©nÃ©ral de Gaulle,M,"44,9074430"," -0,6392950",33,2019,0.0,1.0,1.0,4.0,2146489,1.0,1,3,1,5.0,,0.0,0,1988.0,B01,138Â 302Â 950,2.0,6.0,-1.0,1639123,2.0,33,,0.0,2.0,1.0,B01,138Â 302Â 950,1.0
960394,201900001925,11,28,17:45,2,2,2,1.0,1.0,33056,Avenue du GÃ©nÃ©ral de Gaulle,M,"44,9074430"," -0,6392950",33,2019,0.0,1.0,1.0,4.0,2146489,1.0,1,3,1,5.0,,0.0,0,1988.0,B01,138Â 302Â 950,2.0,6.0,-1.0,1639124,1.0,7,,0.0,2.0,1.0,A01,138Â 302Â 951,1.0
960394,201900001925,11,28,17:45,2,2,2,1.0,1.0,33056,Avenue du GÃ©nÃ©ral de Gaulle,M,"44,9074430"," -0,6392950",33,2019,0.0,1.0,1.0,4.0,2146490,1.0,1,1,1,5.0,,0.0,0,2000.0,A01,138Â 302Â 951,1.0,-1.0,-1.0,1639123,2.0,33,,0.0,2.0,1.0,B01,138Â 302Â 950,1.0
960394,201900001925,11,28,17:45,2,2,2,1.0,1.0,33056,Avenue du GÃ©nÃ©ral de Gaulle,M,"44,9074430"," -0,6392950",33,2019,0.0,1.0,1.0,4.0,2146490,1.0,1,1,1,5.0,,0.0,0,2000.0,A01,138Â 302Â 951,1.0,-1.0,-1.0,1639124,1.0,7,,0.0,2.0,1.0,A01,138Â 302Â 951,1.0
960395,201900001926,11,29,16:15,1,1,1,1.0,5.0,85097,D6,M,"46,9313900"," -1,1030300",85,2019,80.0,1.0,1.0,3.0,2146491,1.0,1,4,1,5.0,,0.0,0,1987.0,A01,138Â 302Â 947,1.0,-1.0,-1.0,1639125,1.0,7,,0.0,2.0,3.0,A01,138Â 302Â 947,1.0
960395,201900001926,11,29,16:15,1,1,1,1.0,5.0,85097,D6,M,"46,9313900"," -1,1030300",85,2019,80.0,1.0,1.0,3.0,2146491,1.0,1,4,1,5.0,,0.0,0,1987.0,A01,138Â 302Â 947,1.0,-1.0,-1.0,1639126,2.0,7,,0.0,2.0,8.0,B01,138Â 302Â 948,1.0
960395,201900001926,11,29,16:15,1,1,1,1.0,5.0,85097,D6,M,"46,9313900"," -1,1030300",85,2019,80.0,1.0,1.0,3.0,2146491,1.0,1,4,1,5.0,,0.0,0,1987.0,A01,138Â 302Â 947,1.0,-1.0,-1.0,1639127,1.0,7,,0.0,2.0,1.0,C01,138Â 302Â 949,1.0
960395,201900001926,11,29,16:15,1,1,1,1.0,5.0,85097,D6,M,"46,9313900"," -1,1030300",85,2019,80.0,1.0,1.0,3.0,2146492,9.0,2,1,2,5.0,,0.0,0,2018.0,B01,138Â 302Â 948,1.0,3.0,-1.0,1639125,1.0,7,,0.0,2.0,3.0,A01,138Â 302Â 947,1.0
960395,201900001926,11,29,16:15,1,1,1,1.0,5.0,85097,D6,M,"46,9313900"," -1,1030300",85,2019,80.0,1.0,1.0,3.0,2146492,9.0,2,1,2,5.0,,0.0,0,2018.0,B01,138Â 302Â 948,1.0,3.0,-1.0,1639126,2.0,7,,0.0,2.0,8.0,B01,138Â 302Â 948,1.0
960395,201900001926,11,29,16:15,1,1,1,1.0,5.0,85097,D6,M,"46,9313900"," -1,1030300",85,2019,80.0,1.0,1.0,3.0,2146492,9.0,2,1,2,5.0,,0.0,0,2018.0,B01,138Â 302Â 948,1.0,3.0,-1.0,1639127,1.0,7,,0.0,2.0,1.0,C01,138Â 302Â 949,1.0
960395,201900001926,11,29,16:15,1,1,1,1.0,5.0,85097,D6,M,"46,9313900"," -1,1030300",85,2019,80.0,1.0,1.0,3.0,2146493,1.0,1,4,1,5.0,,0.0,0,1964.0,B01,138Â 302Â 948,1.0,-1.0,-1.0,1639125,1.0,7,,0.0,2.0,3.0,A01,138Â 302Â 947,1.0
960395,201900001926,11,29,16:15,1,1,1,1.0,5.0,85097,D6,M,"46,9313900"," -1,1030300",85,2019,80.0,1.0,1.0,3.0,2146493,1.0,1,4,1,5.0,,0.0,0,1964.0,B01,138Â 302Â 948,1.0,-1.0,-1.0,1639126,2.0,7,,0.0,2.0,8.0,B01,138Â 302Â 948,1.0
960395,201900001926,11,29,16:15,1,1,1,1.0,5.0,85097,D6,M,"46,9313900"," -1,1030300",85,2019,80.0,1.0,1.0,3.0,2146493,1.0,1,4,1,5.0,,0.0,0,1964.0,B01,138Â 302Â 948,1.0,-1.0,-1.0,1639127,1.0,7,,0.0,2.0,1.0,C01,138Â 302Â 949,1.0
960395,201900001926,11,29,16:15,1,1,1,1.0,5.0,85097,D6,M,"46,9313900"," -1,1030300",85,2019,80.0,1.0,1.0,3.0,2146494,1.0,1,4,2,1.0,,0.0,0,1986.0,C01,138Â 302Â 949,1.0,-1.0,-1.0,1639125,1.0,7,,0.0,2.0,3.0,A01,138Â 302Â 947,1.0
960395,201900001926,11,29,16:15,1,1,1,1.0,5.0,85097,D6,M,"46,9313900"," -1,1030300",85,2019,80.0,1.0,1.0,3.0,2146494,1.0,1,4,2,1.0,,0.0,0,1986.0,C01,138Â 302Â 949,1.0,-1.0,-1.0,1639126,2.0,7,,0.0,2.0,8.0,B01,138Â 302Â 948,1.0
960395,201900001926,11,29,16:15,1,1,1,1.0,5.0,85097,D6,M,"46,9313900"," -1,1030300",85,2019,80.0,1.0,1.0,3.0,2146494,1.0,1,4,2,1.0,,0.0,0,1986.0,C01,138Â 302Â 949,1.0,-1.0,-1.0,1639127,1.0,7,,0.0,2.0,1.0,C01,138Â 302Â 949,1.0
960396,201900001927,11,28,17:20,2,2,1,1.0,6.0,44052,La Lande des 3 Pointes,M,"47,3449961"," -2,0706043",44,2019,50.0,8.0,1.0,4.0,2146495,10.0,3,4,2,2.0,,3.0,3,2013.0,A01,138Â 302Â 946,0.0,-1.0,-1.0,1639128,1.0,1,,0.0,1.0,1.0,A01,138Â 302Â 946,5.0
960396,201900001927,11,28,17:20,2,2,1,1.0,6.0,44052,La Lande des 3 Pointes,M,"47,3449961"," -2,0706043",44,2019,50.0,8.0,1.0,4.0,2146496,1.0,1,1,1,2.0,,0.0,0,2006.0,A01,138Â 302Â 946,0.0,-1.0,-1.0,1639128,1.0,1,,0.0,1.0,1.0,A01,138Â 302Â 946,5.0
960397,201900001928,11,28,11:00,1,2,1,1.0,6.0,76647,Rue FÃ©lix Faure,M,"49,5298320","0,3578930",76,2019,50.0,1.0,2.0,4.0,2146497,10.0,3,3,2,5.0,,3.0,3,1931.0,A01,138Â 302Â 944,0.0,-1.0,-1.0,1639129,1.0,14,,0.0,1.0,2.0,A01,138Â 302Â 944,1.0
960397,201900001928,11,28,11:00,1,2,1,1.0,6.0,76647,Rue FÃ©lix Faure,M,"49,5298320","0,3578930",76,2019,50.0,1.0,2.0,4.0,2146498,1.0,1,1,2,4.0,,0.0,0,1985.0,A01,138Â 302Â 944,1.0,-1.0,-1.0,1639129,1.0,14,,0.0,1.0,2.0,A01,138Â 302Â 944,1.0
960398,201900001929,11,28,19:45,3,1,1,2.0,2.0,60045,Route de CrÃ©py,M,"49,2154470","2,6669810",60,2019,80.0,1.0,2.0,3.0,2146499,1.0,1,1,2,1.0,,0.0,0,1992.0,A01,138Â 302Â 941,1.0,-1.0,-1.0,1639130,0.0,7,,0.0,9.0,0.0,A01,138Â 302Â 941,1.0
960398,201900001929,11,28,19:45,3,1,1,2.0,2.0,60045,Route de CrÃ©py,M,"49,2154470","2,6669810",60,2019,80.0,1.0,2.0,3.0,2146499,1.0,1,1,2,1.0,,0.0,0,1992.0,A01,138Â 302Â 941,1.0,-1.0,-1.0,1639131,0.0,33,,0.0,0.0,4.0,B01,138Â 302Â 942,1.0
960398,201900001929,11,28,19:45,3,1,1,2.0,2.0,60045,Route de CrÃ©py,M,"49,2154470","2,6669810",60,2019,80.0,1.0,2.0,3.0,2146500,1.0,1,4,1,9.0,,0.0,0,1991.0,B01,138Â 302Â 942,2.0,6.0,-1.0,1639130,0.0,7,,0.0,9.0,0.0,A01,138Â 302Â 941,1.0
960398,201900001929,11,28,19:45,3,1,1,2.0,2.0,60045,Route de CrÃ©py,M,"49,2154470","2,6669810",60,2019,80.0,1.0,2.0,3.0,2146500,1.0,1,4,1,9.0,,0.0,0,1991.0,B01,138Â 302Â 942,2.0,6.0,-1.0,1639131,0.0,33,,0.0,0.0,4.0,B01,138Â 302Â 942,1.0
960399,201900001930,11,29,17:50,5,2,1,2.0,3.0,62014,Rue du Portugal,M,"50,6329960","2,4134710",62,2019,50.0,1.0,2.0,4.0,2146501,1.0,1,1,1,1.0,,0.0,0,1994.0,B01,138Â 302Â 939,1.0,-1.0,-1.0,1639132,0.0,7,,0.0,2.0,3.0,B01,138Â 302Â 939,1.0