Unnamed: 0_x,num_acc,mois,jour,hrmn,lum,agg,int,atm,col,com,adr,gps,lat,long,dep,annee,vma,situ,surf,catr,Unnamed: 0_y,place,catu,grav,sexe,trajet,secu,locp,actp,an_nais,num_veh_x,id_vehicule_x,secu1,secu2,secu3,Unnamed: 0,senc,catv,occutc,obs,obsm,choc,num_veh_y,id_vehicule_y,motor
960399,201900001930,11,29,17:50,5,2,1,2.0,3.0,62014,Rue du Portugal,M,"50,6329960","2,4134710",62,2019,50.0,1.0,2.0,4.0,2146501,1.0,1,1,1,1.0,,0.0,0,1994.0,B01,138Â 302Â 939,1.0,-1.0,-1.0,1639133,0.0,2,,0.0,2.0,3.0,A01,138Â 302Â 940,1.0
960399,201900001930,11,29,17:50,5,2,1,2.0,3.0,62014,Rue du Portugal,M,"50,6329960","2,4134710",62,2019,50.0,1.0,2.0,4.0,2146502,1.0,1,3,1,0.0,,0.0,0,2001.0,A01,138Â 302Â 940,2.0,6.0,-1.0,1639132,0.0,7,,0.0,2.0,3.0,B01,138Â 302Â 939,1.0
960399,201900001930,11,29,17:50,5,2,1,2.0,3.0,62014,Rue du Portugal,M,"50,6329960","2,4134710",62,2019,50.0,1.0,2.0,4.0,2146502,1.0,1,3,1,0.0,,0.0,0,2001.0,A01,138Â 302Â 940,2.0,6.0,-1.0,1639133,0.0,2,,0.0,2.0,3.0,A01,138Â 302Â 940,1.0
960400,201900001931,11,28,17:35,5,1,1,1.0,2.0,13071,A7-Sens Marseille vers Lyon,M,"43,4035900","5,3089860",13,2019,110.0,1.0,1.0,1.0,2146503,4.0,2,4,1,5.0,,-1.0,0,2007.0,A01,138Â 302Â 937,1.0,8.0,-1.0,1639134,2.0,7,,0.0,2.0,4.0,A01,138Â 302Â 937,1.0
960400,201900001931,11,28,17:35,5,1,1,1.0,2.0,13071,A7-Sens Marseille vers Lyon,M,"43,4035900","5,3089860",13,2019,110.0,1.0,1.0,1.0,2146503,4.0,2,4,1,5.0,,-1.0,0,2007.0,A01,138Â 302Â 937,1.0,8.0,-1.0,1639135,2.0,7,,0.0,2.0,1.0,B01,138Â 302Â 938,1.0
960400,201900001931,11,28,17:35,5,1,1,1.0,2.0,13071,A7-Sens Marseille vers Lyon,M,"43,4035900","5,3089860",13,2019,110.0,1.0,1.0,1.0,2146504,1.0,1,4,2,5.0,,-1.0,0,1999.0,A01,138Â 302Â 937,1.0,8.0,-1.0,1639134,2.0,7,,0.0,2.0,4.0,A01,138Â 302Â 937,1.0
960400,201900001931,11,28,17:35,5,1,1,1.0,2.0,13071,A7-Sens Marseille vers Lyon,M,"43,4035900","5,3089860",13,2019,110.0,1.0,1.0,1.0,2146504,1.0,1,4,2,5.0,,-1.0,0,1999.0,A01,138Â 302Â 937,1.0,8.0,-1.0,1639135,2.0,7,,0.0,2.0,1.0,B01,138Â 302Â 938,1.0
960400,201900001931,11,28,17:35,5,1,1,1.0,2.0,13071,A7-Sens Marseille vers Lyon,M,"43,4035900","5,3089860",13,2019,110.0,1.0,1.0,1.0,2146505,2.0,2,4,2,5.0,,-1.0,0,2004.0,A01,138Â 302Â 937,1.0,8.0,-1.0,1639134,2.0,7,,0.0,2.0,4.0,A01,138Â 302Â 937,1.0
960400,201900001931,11,28,17:35,5,1,1,1.0,2.0,13071,A7-Sens Marseille vers Lyon,M,"43,4035900","5,3089860",13,2019,110.0,1.0,1.0,1.0,2146505,2.0,2,4,2,5.0,,-1.0,0,2004.0,A01,138Â 302Â 937,1.0,8.0,-1.0,1639135,2.0,7,,0.0,2.0,1.0,B01,138Â 302Â 938,1.0
960400,201900001931,11,28,17:35,5,1,1,1.0,2.0,13071,A7-Sens Marseille vers Lyon,M,"43,4035900","5,3089860",13,2019,110.0,1.0,1.0,1.0,2146506,3.0,2,4,2,5.0,,-1.0,0,1969.0,A01,138Â 302Â 937,1.0,8.0,-1.0,1639134,2.0,7,,0.0,2.0,4.0,A01,138Â 302Â 937,1.0
960400,201900001931,11,28,17:35,5,1,1,1.0,2.0,13071,A7-Sens Marseille vers Lyon,M,"43,4035900","5,3089860",13,2019,110.0,1.0,1.0,1.0,2146506,3.0,2,4,2,5.0,,-1.0,0,1969.0,A01,138Â 302Â 937,1.0,8.0,-1.0,1639135,2.0,7,,0.0,2.0,1.0,B01,138Â 302Â 938,1.0
960400,201900001931,11,28,17:35,5,1,1,1.0,2.0,13071,A7-Sens Marseille vers Lyon,M,"43,4035900","5,3089860",13,2019,110.0,1.0,1.0,1.0,2146507,1.0,1,4,2,5.0,,-1.0, -1,1965.0,B01,138Â 302Â 938,1.0,8.0,-1.0,1639134,2.0,7,,0.0,2.0,4.0,A01,138Â 302Â 937,1.0
960400,201900001931,11,28,17:35,5,1,1,1.0,2.0,13071,A7-Sens Marseille vers Lyon,M,"43,4035900","5,3089860",13,2019,110.0,1.0,1.0,1.0,2146507,1.0,1,4,2,5.0,,-1.0, -1,1965.0,B01,138Â 302Â 938,1.0,8.0,-1.0,1639135,2.0,7,,0.0,2.0,1.0,B01,138Â 302Â 938,1.0
960401,201900001932,11,28,05:45,3,1,1,1.0,7.0,13106,A7-Sens Lyon vers Marseille,M,"43,3989700","5,3493800",13,2019,90.0,1.0,2.0,1.0,2146508,1.0,2,4,1,1.0,,-1.0, -1,1960.0,A01,138Â 302Â 936,1.0,0.0,-1.0,1639136,1.0,7,,0.0,0.0,3.0,A01,138Â 302Â 936,1.0
960401,201900001932,11,28,05:45,3,1,1,1.0,7.0,13106,A7-Sens Lyon vers Marseille,M,"43,3989700","5,3493800",13,2019,90.0,1.0,2.0,1.0,2146509,1.0,1,4,1,1.0,,0.0,0,1998.0,A01,138Â 302Â 936,1.0,0.0,-1.0,1639136,1.0,7,,0.0,0.0,3.0,A01,138Â 302Â 936,1.0
960402,201900001933,11,27,21:00,3,1,1,1.0,6.0,13215,A7-Sens Lyon vers Marseille,M,"43,3535050","5,3647720",13,2019,90.0,1.0,1.0,1.0,2146510,1.0,1,4,1,0.0,,-1.0,0,1990.0,A01,138Â 302Â 935,1.0,0.0,-1.0,1639137,1.0,10,,0.0,2.0,4.0,A01,138Â 302Â 935,1.0
960403,201900001934,11,28,10:30,1,1,1,1.0,3.0,33096,AUTOROUTE A 10,M,"44,9094000"," -0,4894200",33,2019,110.0,1.0,1.0,1.0,2146511,2.0,2,1,1,0.0,,-1.0,0,2017.0,A01,138Â 302Â 933,3.0,8.0,-1.0,1639138,1.0,7,,0.0,2.0,6.0,A01,138Â 302Â 933,1.0
960403,201900001934,11,28,10:30,1,1,1,1.0,3.0,33096,AUTOROUTE A 10,M,"44,9094000"," -0,4894200",33,2019,110.0,1.0,1.0,1.0,2146511,2.0,2,1,1,0.0,,-1.0,0,2017.0,A01,138Â 302Â 933,3.0,8.0,-1.0,1639139,1.0,14,,0.0,2.0,2.0,B01,138Â 302Â 934,1.0
960403,201900001934,11,28,10:30,1,1,1,1.0,3.0,33096,AUTOROUTE A 10,M,"44,9094000"," -0,4894200",33,2019,110.0,1.0,1.0,1.0,2146512,1.0,1,4,2,0.0,,-1.0,0,1995.0,A01,138Â 302Â 933,1.0,8.0,-1.0,1639138,1.0,7,,0.0,2.0,6.0,A01,138Â 302Â 933,1.0
960403,201900001934,11,28,10:30,1,1,1,1.0,3.0,33096,AUTOROUTE A 10,M,"44,9094000"," -0,4894200",33,2019,110.0,1.0,1.0,1.0,2146512,1.0,1,4,2,0.0,,-1.0,0,1995.0,A01,138Â 302Â 933,1.0,8.0,-1.0,1639139,1.0,14,,0.0,2.0,2.0,B01,138Â 302Â 934,1.0
960403,201900001934,11,28,10:30,1,1,1,1.0,3.0,33096,AUTOROUTE A 10,M,"44,9094000"," -0,4894200",33,2019,110.0,1.0,1.0,1.0,2146513,1.0,1,1,1,4.0,,-1.0,0,1987.0,B01,138Â 302Â 934,1.0,8.0,-1.0,1639138,1.0,7,,0.0,2.0,6.0,A01,138Â 302Â 933,1.0
960403,201900001934,11,28,10:30,1,1,1,1.0,3.0,33096,AUTOROUTE A 10,M,"44,9094000"," -0,4894200",33,2019,110.0,1.0,1.0,1.0,2146513,1.0,1,1,1,4.0,,-1.0,0,1987.0,B01,138Â 302Â 934,1.0,8.0,-1.0,1639139,1.0,14,,0.0,2.0,2.0,B01,138Â 302Â 934,1.0
960404,201900001935,11,28,08:50,1,1,1,1.0,3.0,33013,ROUTE NATIONALE 230,M,"44,8502200"," -0,5039000",33,2019,90.0,1.0,1.0,2.0,2146514,1.0,1,1,2,0.0,,-1.0, -1,1970.0,A01,138Â 302Â 931,1.0,8.0,-1.0,1639140,1.0,7,,0.0,2.0,3.0,A01,138Â 302Â 931,1.0
960404,201900001935,11,28,08:50,1,1,1,1.0,3.0,33013,ROUTE NATIONALE 230,M,"44,8502200"," -0,5039000",33,2019,90.0,1.0,1.0,2.0,2146514,1.0,1,1,2,0.0,,-1.0, -1,1970.0,A01,138Â 302Â 931,1.0,8.0,-1.0,1639141,1.0,33,,0.0,2.0,7.0,B01,138Â 302Â 932,1.0
960404,201900001935,11,28,08:50,1,1,1,1.0,3.0,33013,ROUTE NATIONALE 230,M,"44,8502200"," -0,5039000",33,2019,90.0,1.0,1.0,2.0,2146515,1.0,1,4,1,0.0,,-1.0, -1,1973.0,B01,138Â 302Â 932,2.0,6.0,-1.0,1639140,1.0,7,,0.0,2.0,3.0,A01,138Â 302Â 931,1.0
960404,201900001935,11,28,08:50,1,1,1,1.0,3.0,33013,ROUTE NATIONALE 230,M,"44,8502200"," -0,5039000",33,2019,90.0,1.0,1.0,2.0,2146515,1.0,1,4,1,0.0,,-1.0, -1,1973.0,B01,138Â 302Â 932,2.0,6.0,-1.0,1639141,1.0,33,,0.0,2.0,7.0,B01,138Â 302Â 932,1.0
960405,201900001936,11,27,23:50,5,1,1,3.0,2.0,33487,AUTOROUTE A 10,M,"44,9538800"," -0,4569700",33,2019,130.0,1.0,2.0,1.0,2146516,1.0,1,1,1,4.0,,-1.0,0,1986.0,B01,138Â 302Â 929,1.0,8.0,-1.0,1639142,1.0,10,,0.0,2.0,8.0,B01,138Â 302Â 929,1.0
960405,201900001936,11,27,23:50,5,1,1,3.0,2.0,33487,AUTOROUTE A 10,M,"44,9538800"," -0,4569700",33,2019,130.0,1.0,2.0,1.0,2146516,1.0,1,1,1,4.0,,-1.0,0,1986.0,B01,138Â 302Â 929,1.0,8.0,-1.0,1639143,1.0,7,,3.0,2.0,2.0,A01,138Â 302Â 930,1.0
960405,201900001936,11,27,23:50,5,1,1,3.0,2.0,33487,AUTOROUTE A 10,M,"44,9538800"," -0,4569700",33,2019,130.0,1.0,2.0,1.0,2146517,1.0,1,4,1,0.0,,-1.0,0,1986.0,A01,138Â 302Â 930,1.0,8.0,-1.0,1639142,1.0,10,,0.0,2.0,8.0,B01,138Â 302Â 929,1.0
960405,201900001936,11,27,23:50,5,1,1,3.0,2.0,33487,AUTOROUTE A 10,M,"44,9538800"," -0,4569700",33,2019,130.0,1.0,2.0,1.0,2146517,1.0,1,4,1,0.0,,-1.0,0,1986.0,A01,138Â 302Â 930,1.0,8.0,-1.0,1639143,1.0,7,,3.0,2.0,2.0,A01,138Â 302Â 930,1.0
960406,201900001937,11,28,17:45,3,1,1,1.0,5.0,77384,AUTOROUTE A5A,M,"48,6035000","2,5935000",77,2019,130.0,1.0,2.0,1.0,2146518,1.0,1,4,1,0.0,,-1.0,0,1972.0,C01,138Â 302Â 926,1.0,0.0,-1.0,1639144,1.0,7,,0.0,2.0,2.0,C01,138Â 302Â 926,1.0
960406,201900001937,11,28,17:45,3,1,1,1.0,5.0,77384,AUTOROUTE A5A,M,"48,6035000","2,5935000",77,2019,130.0,1.0,2.0,1.0,2146518,1.0,1,4,1,0.0,,-1.0,0,1972.0,C01,138Â 302Â 926,1.0,0.0,-1.0,1639145,1.0,14,,0.0,2.0,3.0,B01,138Â 302Â 927,1.0
960406,201900001937,11,28,17:45,3,1,1,1.0,5.0,77384,AUTOROUTE A5A,M,"48,6035000","2,5935000",77,2019,130.0,1.0,2.0,1.0,2146518,1.0,1,4,1,0.0,,-1.0,0,1972.0,C01,138Â 302Â 926,1.0,0.0,-1.0,1639146,1.0,7,,0.0,2.0,6.0,A01,138Â 302Â 928,1.0
960406,201900001937,11,28,17:45,3,1,1,1.0,5.0,77384,AUTOROUTE A5A,M,"48,6035000","2,5935000",77,2019,130.0,1.0,2.0,1.0,2146519,1.0,1,1,1,0.0,,-1.0,0,1991.0,B01,138Â 302Â 927,1.0,0.0,-1.0,1639144,1.0,7,,0.0,2.0,2.0,C01,138Â 302Â 926,1.0
960406,201900001937,11,28,17:45,3,1,1,1.0,5.0,77384,AUTOROUTE A5A,M,"48,6035000","2,5935000",77,2019,130.0,1.0,2.0,1.0,2146519,1.0,1,1,1,0.0,,-1.0,0,1991.0,B01,138Â 302Â 927,1.0,0.0,-1.0,1639145,1.0,14,,0.0,2.0,3.0,B01,138Â 302Â 927,1.0
960406,201900001937,11,28,17:45,3,1,1,1.0,5.0,77384,AUTOROUTE A5A,M,"48,6035000","2,5935000",77,2019,130.0,1.0,2.0,1.0,2146519,1.0,1,1,1,0.0,,-1.0,0,1991.0,B01,138Â 302Â 927,1.0,0.0,-1.0,1639146,1.0,7,,0.0,2.0,6.0,A01,138Â 302Â 928,1.0
960406,201900001937,11,28,17:45,3,1,1,1.0,5.0,77384,AUTOROUTE A5A,M,"48,6035000","2,5935000",77,2019,130.0,1.0,2.0,1.0,2146520,1.0,1,4,1,0.0,,-1.0,0,1978.0,A01,138Â 302Â 928,1.0,0.0,-1.0,1639144,1.0,7,,0.0,2.0,2.0,C01,138Â 302Â 926,1.0
960406,201900001937,11,28,17:45,3,1,1,1.0,5.0,77384,AUTOROUTE A5A,M,"48,6035000","2,5935000",77,2019,130.0,1.0,2.0,1.0,2146520,1.0,1,4,1,0.0,,-1.0,0,1978.0,A01,138Â 302Â 928,1.0,0.0,-1.0,1639145,1.0,14,,0.0,2.0,3.0,B01,138Â 302Â 927,1.0
960406,201900001937,11,28,17:45,3,1,1,1.0,5.0,77384,AUTOROUTE A5A,M,"48,6035000","2,5935000",77,2019,130.0,1.0,2.0,1.0,2146520,1.0,1,4,1,0.0,,-1.0,0,1978.0,A01,138Â 302Â 928,1.0,0.0,-1.0,1639146,1.0,7,,0.0,2.0,6.0,A01,138Â 302Â 928,1.0
960407,201900001938,11,26,18:15,3,1,1,1.0,5.0,91340,AUTOROUTE A6,M,"48,5964000","2,4418000",91,2019,110.0,1.0,1.0,1.0,2146521,1.0,1,1,1,1.0,,0.0,0,1969.0,D01,138Â 302Â 922,2.0,6.0,-1.0,1639147,1.0,33,,0.0,2.0,1.0,D01,138Â 302Â 922,1.0
960407,201900001938,11,26,18:15,3,1,1,1.0,5.0,91340,AUTOROUTE A6,M,"48,5964000","2,4418000",91,2019,110.0,1.0,1.0,1.0,2146521,1.0,1,1,1,1.0,,0.0,0,1969.0,D01,138Â 302Â 922,2.0,6.0,-1.0,1639148,1.0,7,,0.0,2.0,3.0,C01,138Â 302Â 923,1.0
960407,201900001938,11,26,18:15,3,1,1,1.0,5.0,91340,AUTOROUTE A6,M,"48,5964000","2,4418000",91,2019,110.0,1.0,1.0,1.0,2146521,1.0,1,1,1,1.0,,0.0,0,1969.0,D01,138Â 302Â 922,2.0,6.0,-1.0,1639149,1.0,33,,0.0,2.0,1.0,B01,138Â 302Â 924,1.0
960407,201900001938,11,26,18:15,3,1,1,1.0,5.0,91340,AUTOROUTE A6,M,"48,5964000","2,4418000",91,2019,110.0,1.0,1.0,1.0,2146521,1.0,1,1,1,1.0,,0.0,0,1969.0,D01,138Â 302Â 922,2.0,6.0,-1.0,1639150,1.0,7,,0.0,2.0,5.0,A01,138Â 302Â 925,1.0
960407,201900001938,11,26,18:15,3,1,1,1.0,5.0,91340,AUTOROUTE A6,M,"48,5964000","2,4418000",91,2019,110.0,1.0,1.0,1.0,2146522,1.0,1,1,1,4.0,,0.0,0,1991.0,C01,138Â 302Â 923,1.0,8.0,-1.0,1639147,1.0,33,,0.0,2.0,1.0,D01,138Â 302Â 922,1.0
960407,201900001938,11,26,18:15,3,1,1,1.0,5.0,91340,AUTOROUTE A6,M,"48,5964000","2,4418000",91,2019,110.0,1.0,1.0,1.0,2146522,1.0,1,1,1,4.0,,0.0,0,1991.0,C01,138Â 302Â 923,1.0,8.0,-1.0,1639148,1.0,7,,0.0,2.0,3.0,C01,138Â 302Â 923,1.0
960407,201900001938,11,26,18:15,3,1,1,1.0,5.0,91340,AUTOROUTE A6,M,"48,5964000","2,4418000",91,2019,110.0,1.0,1.0,1.0,2146522,1.0,1,1,1,4.0,,0.0,0,1991.0,C01,138Â 302Â 923,1.0,8.0,-1.0,1639149,1.0,33,,0.0,2.0,1.0,B01,138Â 302Â 924,1.0
960407,201900001938,11,26,18:15,3,1,1,1.0,5.0,91340,AUTOROUTE A6,M,"48,5964000","2,4418000",91,2019,110.0,1.0,1.0,1.0,2146522,1.0,1,1,1,4.0,,0.0,0,1991.0,C01,138Â 302Â 923,1.0,8.0,-1.0,1639150,1.0,7,,0.0,2.0,5.0,A01,138Â 302Â 925,1.0
960407,201900001938,11,26,18:15,3,1,1,1.0,5.0,91340,AUTOROUTE A6,M,"48,5964000","2,4418000",91,2019,110.0,1.0,1.0,1.0,2146523,1.0,1,2,1,1.0,,0.0,0,1973.0,B01,138Â 302Â 924,2.0,6.0,-1.0,1639147,1.0,33,,0.0,2.0,1.0,D01,138Â 302Â 922,1.0
960407,201900001938,11,26,18:15,3,1,1,1.0,5.0,91340,AUTOROUTE A6,M,"48,5964000","2,4418000",91,2019,110.0,1.0,1.0,1.0,2146523,1.0,1,2,1,1.0,,0.0,0,1973.0,B01,138Â 302Â 924,2.0,6.0,-1.0,1639148,1.0,7,,0.0,2.0,3.0,C01,138Â 302Â 923,1.0
960407,201900001938,11,26,18:15,3,1,1,1.0,5.0,91340,AUTOROUTE A6,M,"48,5964000","2,4418000",91,2019,110.0,1.0,1.0,1.0,2146523,1.0,1,2,1,1.0,,0.0,0,1973.0,B01,138Â 302Â 924,2.0,6.0,-1.0,1639149,1.0,33,,0.0,2.0,1.0,B01,138Â 302Â 924,1.0
960407,201900001938,11,26,18:15,3,1,1,1.0,5.0,91340,AUTOROUTE A6,M,"48,5964000","2,4418000",91,2019,110.0,1.0,1.0,1.0,2146523,1.0,1,2,1,1.0,,0.0,0,1973.0,B01,138Â 302Â 924,2.0,6.0,-1.0,1639150,1.0,7,,0.0,2.0,5.0,A01,138Â 302Â 925,1.0
960407,201900001938,11,26,18:15,3,1,1,1.0,5.0,91340,AUTOROUTE A6,M,"48,5964000","2,4418000",91,2019,110.0,1.0,1.0,1.0,2146524,1.0,1,1,1,1.0,,0.0,0,1997.0,A01,138Â 302Â 925,1.0,8.0,-1.0,1639147,1.0,33,,0.0,2.0,1.0,D01,138Â 302Â 922,1.0
960407,201900001938,11,26,18:15,3,1,1,1.0,5.0,91340,AUTOROUTE A6,M,"48,5964000","2,4418000",91,2019,110.0,1.0,1.0,1.0,2146524,1.0,1,1,1,1.0,,0.0,0,1997.0,A01,138Â 302Â 925,1.0,8.0,-1.0,1639148,1.0,7,,0.0,2.0,3.0,C01,138Â 302Â 923,1.0
960407,201900001938,11,26,18:15,3,1,1,1.0,5.0,91340,AUTOROUTE A6,M,"48,5964000","2,4418000",91,2019,110.0,1.0,1.0,1.0,2146524,1.0,1,1,1,1.0,,0.0,0,1997.0,A01,138Â 302Â 925,1.0,8.0,-1.0,1639149,1.0,33,,0.0,2.0,1.0,B01,138Â 302Â 924,1.0
960407,201900001938,11,26,18:15,3,1,1,1.0,5.0,91340,AUTOROUTE A6,M,"48,5964000","2,4418000",91,2019,110.0,1.0,1.0,1.0,2146524,1.0,1,1,1,1.0,,0.0,0,1997.0,A01,138Â 302Â 925,1.0,8.0,-1.0,1639150,1.0,7,,0.0,2.0,5.0,A01,138Â 302Â 925,1.0
960408,201900001939,11,28,07:45,1,1,1,1.0,3.0,78158,A13,M,"48,8321000","2,1401000",78,2019,110.0,1.0,1.0,1.0,2146525,2.0,2,4,2,1.0,,-1.0, -1,1999.0,B01,138Â 302Â 920,2.0,6.0,-1.0,1639151,2.0,33,,0.0,2.0,7.0,B01,138Â 302Â 920,1.0
960408,201900001939,11,28,07:45,1,1,1,1.0,3.0,78158,A13,M,"48,8321000","2,1401000",78,2019,110.0,1.0,1.0,1.0,2146525,2.0,2,4,2,1.0,,-1.0, -1,1999.0,B01,138Â 302Â 920,2.0,6.0,-1.0,1639152,2.0,7,,0.0,2.0,8.0,A01,138Â 302Â 921,1.0
960408,201900001939,11,28,07:45,1,1,1,1.0,3.0,78158,A13,M,"48,8321000","2,1401000",78,2019,110.0,1.0,1.0,1.0,2146526,1.0,1,1,1,1.0,,-1.0, -1,1968.0,B01,138Â 302Â 920,2.0,6.0,-1.0,1639151,2.0,33,,0.0,2.0,7.0,B01,138Â 302Â 920,1.0
960408,201900001939,11,28,07:45,1,1,1,1.0,3.0,78158,A13,M,"48,8321000","2,1401000",78,2019,110.0,1.0,1.0,1.0,2146526,1.0,1,1,1,1.0,,-1.0, -1,1968.0,B01,138Â 302Â 920,2.0,6.0,-1.0,1639152,2.0,7,,0.0,2.0,8.0,A01,138Â 302Â 921,1.0
960408,201900001939,11,28,07:45,1,1,1,1.0,3.0,78158,A13,M,"48,8321000","2,1401000",78,2019,110.0,1.0,1.0,1.0,2146527,1.0,1,1,1,1.0,,-1.0, -1,1969.0,A01,138Â 302Â 921,1.0,4.0,-1.0,1639151,2.0,33,,0.0,2.0,7.0,B01,138Â 302Â 920,1.0
960408,201900001939,11,28,07:45,1,1,1,1.0,3.0,78158,A13,M,"48,8321000","2,1401000",78,2019,110.0,1.0,1.0,1.0,2146527,1.0,1,1,1,1.0,,-1.0, -1,1969.0,A01,138Â 302Â 921,1.0,4.0,-1.0,1639152,2.0,7,,0.0,2.0,8.0,A01,138Â 302Â 921,1.0
960409,201900001940,11,26,19:15,3,1,1,1.0,4.0,92064,A13,M,"48,8397123","2,1992775",92,2019,110.0,1.0,2.0,1.0,2146528,1.0,1,4,1,1.0,,-1.0,0,1996.0,A01,138Â 302Â 917,2.0,8.0,-1.0,1639153,1.0,33,,0.0,2.0,1.0,A01,138Â 302Â 917,1.0
960409,201900001940,11,26,19:15,3,1,1,1.0,4.0,92064,A13,M,"48,8397123","2,1992775",92,2019,110.0,1.0,2.0,1.0,2146528,1.0,1,4,1,1.0,,-1.0,0,1996.0,A01,138Â 302Â 917,2.0,8.0,-1.0,1639154,1.0,7,,0.0,2.0,2.0,C01,138Â 302Â 918,1.0
960409,201900001940,11,26,19:15,3,1,1,1.0,4.0,92064,A13,M,"48,8397123","2,1992775",92,2019,110.0,1.0,2.0,1.0,2146528,1.0,1,4,1,1.0,,-1.0,0,1996.0,A01,138Â 302Â 917,2.0,8.0,-1.0,1639155,1.0,7,,0.0,2.0,4.0,B01,138Â 302Â 919,1.0
960409,201900001940,11,26,19:15,3,1,1,1.0,4.0,92064,A13,M,"48,8397123","2,1992775",92,2019,110.0,1.0,2.0,1.0,2146529,1.0,1,1,2,1.0,,-1.0,0,1985.0,C01,138Â 302Â 918,1.0,8.0,-1.0,1639153,1.0,33,,0.0,2.0,1.0,A01,138Â 302Â 917,1.0
960409,201900001940,11,26,19:15,3,1,1,1.0,4.0,92064,A13,M,"48,8397123","2,1992775",92,2019,110.0,1.0,2.0,1.0,2146529,1.0,1,1,2,1.0,,-1.0,0,1985.0,C01,138Â 302Â 918,1.0,8.0,-1.0,1639154,1.0,7,,0.0,2.0,2.0,C01,138Â 302Â 918,1.0
960409,201900001940,11,26,19:15,3,1,1,1.0,4.0,92064,A13,M,"48,8397123","2,1992775",92,2019,110.0,1.0,2.0,1.0,2146529,1.0,1,1,2,1.0,,-1.0,0,1985.0,C01,138Â 302Â 918,1.0,8.0,-1.0,1639155,1.0,7,,0.0,2.0,4.0,B01,138Â 302Â 919,1.0
960409,201900001940,11,26,19:15,3,1,1,1.0,4.0,92064,A13,M,"48,8397123","2,1992775",92,2019,110.0,1.0,2.0,1.0,2146530,1.0,1,1,2,5.0,,-1.0,0,1974.0,B01,138Â 302Â 919,1.0,8.0,-1.0,1639153,1.0,33,,0.0,2.0,1.0,A01,138Â 302Â 917,1.0
960409,201900001940,11,26,19:15,3,1,1,1.0,4.0,92064,A13,M,"48,8397123","2,1992775",92,2019,110.0,1.0,2.0,1.0,2146530,1.0,1,1,2,5.0,,-1.0,0,1974.0,B01,138Â 302Â 919,1.0,8.0,-1.0,1639154,1.0,7,,0.0,2.0,2.0,C01,138Â 302Â 918,1.0
960409,201900001940,11,26,19:15,3,1,1,1.0,4.0,92064,A13,M,"48,8397123","2,1992775",92,2019,110.0,1.0,2.0,1.0,2146530,1.0,1,1,2,5.0,,-1.0,0,1974.0,B01,138Â 302Â 919,1.0,8.0,-1.0,1639155,1.0,7,,0.0,2.0,4.0,B01,138Â 302Â 919,1.0
960410,201900001941,11,27,19:20,3,1,1,1.0,3.0,93048,AUTOROUTE A86,M,"48,8668300","2,4814600",93,2019,90.0,1.0,2.0,1.0,2146531,1.0,1,1,2,0.0,,-1.0, -1,1994.0,B01,138Â 302Â 915,1.0,0.0,-1.0,1639156,1.0,7,,0.0,2.0,5.0,B01,138Â 302Â 915,1.0
960410,201900001941,11,27,19:20,3,1,1,1.0,3.0,93048,AUTOROUTE A86,M,"48,8668300","2,4814600",93,2019,90.0,1.0,2.0,1.0,2146531,1.0,1,1,2,0.0,,-1.0, -1,1994.0,B01,138Â 302Â 915,1.0,0.0,-1.0,1639157,1.0,33,,0.0,2.0,3.0,A01,138Â 302Â 916,1.0
960410,201900001941,11,27,19:20,3,1,1,1.0,3.0,93048,AUTOROUTE A86,M,"48,8668300","2,4814600",93,2019,90.0,1.0,2.0,1.0,2146532,1.0,1,1,1,4.0,,-1.0, -1,1962.0,A01,138Â 302Â 916,2.0,6.0,-1.0,1639156,1.0,7,,0.0,2.0,5.0,B01,138Â 302Â 915,1.0
960410,201900001941,11,27,19:20,3,1,1,1.0,3.0,93048,AUTOROUTE A86,M,"48,8668300","2,4814600",93,2019,90.0,1.0,2.0,1.0,2146532,1.0,1,1,1,4.0,,-1.0, -1,1962.0,A01,138Â 302Â 916,2.0,6.0,-1.0,1639157,1.0,33,,0.0,2.0,3.0,A01,138Â 302Â 916,1.0
960410,201900001941,11,27,19:20,3,1,1,1.0,3.0,93048,AUTOROUTE A86,M,"48,8668300","2,4814600",93,2019,90.0,1.0,2.0,1.0,2146533,2.0,2,3,2,9.0,,-1.0, -1,1976.0,A01,138Â 302Â 916,2.0,6.0,-1.0,1639156,1.0,7,,0.0,2.0,5.0,B01,138Â 302Â 915,1.0
960410,201900001941,11,27,19:20,3,1,1,1.0,3.0,93048,AUTOROUTE A86,M,"48,8668300","2,4814600",93,2019,90.0,1.0,2.0,1.0,2146533,2.0,2,3,2,9.0,,-1.0, -1,1976.0,A01,138Â 302Â 916,2.0,6.0,-1.0,1639157,1.0,33,,0.0,2.0,3.0,A01,138Â 302Â 916,1.0
960411,201900001942,11,27,16:40,2,1,1,2.0,6.0,95582,AUTOROUTE A15,M,"48,9635200","2,2639300",95,2019,110.0,1.0,2.0,1.0,2146534,1.0,1,1,1,1.0,,-1.0,0,1975.0,A01,138Â 302Â 914,1.0,0.0,-1.0,1639158,2.0,7,,4.0,0.0,8.0,A01,138Â 302Â 914,1.0