Unnamed: 0_x,num_acc,mois,jour,hrmn,lum,agg,int,atm,col,com,adr,gps,lat,long,dep,annee,vma,situ,surf,catr,Unnamed: 0_y,place,catu,grav,sexe,trajet,secu,locp,actp,an_nais,num_veh_x,id_vehicule_x,secu1,secu2,secu3,Unnamed: 0,senc,catv,occutc,obs,obsm,choc,num_veh_y,id_vehicule_y,motor
960411,201900001942,11,27,16:40,2,1,1,2.0,6.0,95582,AUTOROUTE A15,M,"48,9635200","2,2639300",95,2019,110.0,1.0,2.0,1.0,2146535,4.0,2,4,1,1.0,,-1.0,0,1985.0,A01,138Â 302Â 914,1.0,0.0,-1.0,1639158,2.0,7,,4.0,0.0,8.0,A01,138Â 302Â 914,1.0
960412,201900001943,11,27,07:45,2,1,1,2.0,2.0,95306,AUTOROUTE A15,M,"49,0020800","2,1712300",95,2019,110.0,1.0,2.0,1.0,2146536,1.0,1,1,1,1.0,,-1.0,0,1985.0,A01,138Â 302Â 912,1.0,4.0,-1.0,1639159,1.0,7,,0.0,2.0,5.0,A01,138Â 302Â 912,1.0
960412,201900001943,11,27,07:45,2,1,1,2.0,2.0,95306,AUTOROUTE A15,M,"49,0020800","2,1712300",95,2019,110.0,1.0,2.0,1.0,2146536,1.0,1,1,1,1.0,,-1.0,0,1985.0,A01,138Â 302Â 912,1.0,4.0,-1.0,1639160,1.0,33,,0.0,2.0,1.0,B01,138Â 302Â 913,1.0
960412,201900001943,11,27,07:45,2,1,1,2.0,2.0,95306,AUTOROUTE A15,M,"49,0020800","2,1712300",95,2019,110.0,1.0,2.0,1.0,2146537,1.0,1,4,1,1.0,,-1.0,0,1989.0,B01,138Â 302Â 913,2.0,4.0,-1.0,1639159,1.0,7,,0.0,2.0,5.0,A01,138Â 302Â 912,1.0
960412,201900001943,11,27,07:45,2,1,1,2.0,2.0,95306,AUTOROUTE A15,M,"49,0020800","2,1712300",95,2019,110.0,1.0,2.0,1.0,2146537,1.0,1,4,1,1.0,,-1.0,0,1989.0,B01,138Â 302Â 913,2.0,4.0,-1.0,1639160,1.0,33,,0.0,2.0,1.0,B01,138Â 302Â 913,1.0
960413,201900001944,11,26,19:47,4,1,1,1.0,2.0,95424,AUTOROUTE A15,M,"48,9905900","2,1952800",95,2019,110.0,1.0,1.0,1.0,2146538,1.0,1,4,2,1.0,,-1.0,0,1978.0,A01,138Â 302Â 910,1.0,0.0,-1.0,1639161,1.0,7,,0.0,2.0,4.0,A01,138Â 302Â 910,1.0
960413,201900001944,11,26,19:47,4,1,1,1.0,2.0,95424,AUTOROUTE A15,M,"48,9905900","2,1952800",95,2019,110.0,1.0,1.0,1.0,2146538,1.0,1,4,2,1.0,,-1.0,0,1978.0,A01,138Â 302Â 910,1.0,0.0,-1.0,1639162,1.0,7,,0.0,2.0,1.0,B01,138Â 302Â 911,1.0
960413,201900001944,11,26,19:47,4,1,1,1.0,2.0,95424,AUTOROUTE A15,M,"48,9905900","2,1952800",95,2019,110.0,1.0,1.0,1.0,2146539,1.0,1,4,2,3.0,,-1.0,0,1995.0,B01,138Â 302Â 911,1.0,0.0,-1.0,1639161,1.0,7,,0.0,2.0,4.0,A01,138Â 302Â 910,1.0
960413,201900001944,11,26,19:47,4,1,1,1.0,2.0,95424,AUTOROUTE A15,M,"48,9905900","2,1952800",95,2019,110.0,1.0,1.0,1.0,2146539,1.0,1,4,2,3.0,,-1.0,0,1995.0,B01,138Â 302Â 911,1.0,0.0,-1.0,1639162,1.0,7,,0.0,2.0,1.0,B01,138Â 302Â 911,1.0
960414,201900001945,11,28,19:00,2,1,1,1.0,3.0,77258,RN104,M,"48,8248750","2,6157140",77,2019,90.0,1.0,1.0,2.0,2146540,1.0,1,4,1,1.0,,-1.0,0,1975.0,B01,138Â 302Â 908,2.0,6.0,-1.0,1639163,1.0,33,,0.0,2.0,7.0,B01,138Â 302Â 908,1.0
960414,201900001945,11,28,19:00,2,1,1,1.0,3.0,77258,RN104,M,"48,8248750","2,6157140",77,2019,90.0,1.0,1.0,2.0,2146540,1.0,1,4,1,1.0,,-1.0,0,1975.0,B01,138Â 302Â 908,2.0,6.0,-1.0,1639164,1.0,7,,0.0,2.0,8.0,A01,138Â 302Â 909,1.0
960414,201900001945,11,28,19:00,2,1,1,1.0,3.0,77258,RN104,M,"48,8248750","2,6157140",77,2019,90.0,1.0,1.0,2.0,2146541,1.0,1,1,1,1.0,,-1.0,0,1955.0,A01,138Â 302Â 909,1.0,4.0,-1.0,1639163,1.0,33,,0.0,2.0,7.0,B01,138Â 302Â 908,1.0
960414,201900001945,11,28,19:00,2,1,1,1.0,3.0,77258,RN104,M,"48,8248750","2,6157140",77,2019,90.0,1.0,1.0,2.0,2146541,1.0,1,1,1,1.0,,-1.0,0,1955.0,A01,138Â 302Â 909,1.0,4.0,-1.0,1639164,1.0,7,,0.0,2.0,8.0,A01,138Â 302Â 909,1.0
960415,201900001946,11,27,09:40,1,2,1,1.0,3.0,34172,TOULOUSE (AVENUE DE,M,"43,5850800","3,8508300",34,2019,50.0,1.0,2.0,3.0,2146542,4.0,2,1,2,0.0,,0.0,0,2009.0,B01,138Â 302Â 902,1.0,0.0,-1.0,1639165,1.0,7,,0.0,2.0,1.0,B01,138Â 302Â 902,1.0
960415,201900001946,11,27,09:40,1,2,1,1.0,3.0,34172,TOULOUSE (AVENUE DE,M,"43,5850800","3,8508300",34,2019,50.0,1.0,2.0,3.0,2146542,4.0,2,1,2,0.0,,0.0,0,2009.0,B01,138Â 302Â 902,1.0,0.0,-1.0,1639166,2.0,7,,0.0,2.0,8.0,A01,138Â 302Â 903,1.0
960415,201900001946,11,27,09:40,1,2,1,1.0,3.0,34172,TOULOUSE (AVENUE DE,M,"43,5850800","3,8508300",34,2019,50.0,1.0,2.0,3.0,2146543,3.0,2,1,1,0.0,,0.0,0,2017.0,B01,138Â 302Â 902,1.0,0.0,-1.0,1639165,1.0,7,,0.0,2.0,1.0,B01,138Â 302Â 902,1.0
960415,201900001946,11,27,09:40,1,2,1,1.0,3.0,34172,TOULOUSE (AVENUE DE,M,"43,5850800","3,8508300",34,2019,50.0,1.0,2.0,3.0,2146543,3.0,2,1,1,0.0,,0.0,0,2017.0,B01,138Â 302Â 902,1.0,0.0,-1.0,1639166,2.0,7,,0.0,2.0,8.0,A01,138Â 302Â 903,1.0
960415,201900001946,11,27,09:40,1,2,1,1.0,3.0,34172,TOULOUSE (AVENUE DE,M,"43,5850800","3,8508300",34,2019,50.0,1.0,2.0,3.0,2146544,2.0,2,1,1,0.0,,0.0,0,1988.0,B01,138Â 302Â 902,1.0,0.0,-1.0,1639165,1.0,7,,0.0,2.0,1.0,B01,138Â 302Â 902,1.0
960415,201900001946,11,27,09:40,1,2,1,1.0,3.0,34172,TOULOUSE (AVENUE DE,M,"43,5850800","3,8508300",34,2019,50.0,1.0,2.0,3.0,2146544,2.0,2,1,1,0.0,,0.0,0,1988.0,B01,138Â 302Â 902,1.0,0.0,-1.0,1639166,2.0,7,,0.0,2.0,8.0,A01,138Â 302Â 903,1.0
960415,201900001946,11,27,09:40,1,2,1,1.0,3.0,34172,TOULOUSE (AVENUE DE,M,"43,5850800","3,8508300",34,2019,50.0,1.0,2.0,3.0,2146545,1.0,1,1,1,0.0,,0.0,0,1993.0,B01,138Â 302Â 902,1.0,0.0,-1.0,1639165,1.0,7,,0.0,2.0,1.0,B01,138Â 302Â 902,1.0
960415,201900001946,11,27,09:40,1,2,1,1.0,3.0,34172,TOULOUSE (AVENUE DE,M,"43,5850800","3,8508300",34,2019,50.0,1.0,2.0,3.0,2146545,1.0,1,1,1,0.0,,0.0,0,1993.0,B01,138Â 302Â 902,1.0,0.0,-1.0,1639166,2.0,7,,0.0,2.0,8.0,A01,138Â 302Â 903,1.0
960415,201900001946,11,27,09:40,1,2,1,1.0,3.0,34172,TOULOUSE (AVENUE DE,M,"43,5850800","3,8508300",34,2019,50.0,1.0,2.0,3.0,2146546,1.0,1,4,1,0.0,,0.0,0,1944.0,A01,138Â 302Â 903,1.0,0.0,-1.0,1639165,1.0,7,,0.0,2.0,1.0,B01,138Â 302Â 902,1.0
960415,201900001946,11,27,09:40,1,2,1,1.0,3.0,34172,TOULOUSE (AVENUE DE,M,"43,5850800","3,8508300",34,2019,50.0,1.0,2.0,3.0,2146546,1.0,1,4,1,0.0,,0.0,0,1944.0,A01,138Â 302Â 903,1.0,0.0,-1.0,1639166,2.0,7,,0.0,2.0,8.0,A01,138Â 302Â 903,1.0
960416,201900001947,11,27,08:20,1,2,1,1.0,3.0,34172,TOULOUSE (AVENUE DE,M,"43,5868500","3,8530300",34,2019,50.0,1.0,1.0,4.0,2146547,1.0,1,1,1,0.0,,0.0,0,1993.0,B01,138Â 302Â 900,1.0,0.0,-1.0,1639167,2.0,10,,0.0,2.0,1.0,B01,138Â 302Â 900,1.0
960416,201900001947,11,27,08:20,1,2,1,1.0,3.0,34172,TOULOUSE (AVENUE DE,M,"43,5868500","3,8530300",34,2019,50.0,1.0,1.0,4.0,2146547,1.0,1,1,1,0.0,,0.0,0,1993.0,B01,138Â 302Â 900,1.0,0.0,-1.0,1639168,2.0,7,,0.0,2.0,8.0,A01,138Â 302Â 901,1.0
960416,201900001947,11,27,08:20,1,2,1,1.0,3.0,34172,TOULOUSE (AVENUE DE,M,"43,5868500","3,8530300",34,2019,50.0,1.0,1.0,4.0,2146548,3.0,2,1,2,5.0,,0.0,0,2013.0,A01,138Â 302Â 901,1.0,0.0,-1.0,1639167,2.0,10,,0.0,2.0,1.0,B01,138Â 302Â 900,1.0
960416,201900001947,11,27,08:20,1,2,1,1.0,3.0,34172,TOULOUSE (AVENUE DE,M,"43,5868500","3,8530300",34,2019,50.0,1.0,1.0,4.0,2146548,3.0,2,1,2,5.0,,0.0,0,2013.0,A01,138Â 302Â 901,1.0,0.0,-1.0,1639168,2.0,7,,0.0,2.0,8.0,A01,138Â 302Â 901,1.0
960416,201900001947,11,27,08:20,1,2,1,1.0,3.0,34172,TOULOUSE (AVENUE DE,M,"43,5868500","3,8530300",34,2019,50.0,1.0,1.0,4.0,2146549,1.0,1,4,2,5.0,,0.0,0,1977.0,A01,138Â 302Â 901,1.0,0.0,-1.0,1639167,2.0,10,,0.0,2.0,1.0,B01,138Â 302Â 900,1.0
960416,201900001947,11,27,08:20,1,2,1,1.0,3.0,34172,TOULOUSE (AVENUE DE,M,"43,5868500","3,8530300",34,2019,50.0,1.0,1.0,4.0,2146549,1.0,1,4,2,5.0,,0.0,0,1977.0,A01,138Â 302Â 901,1.0,0.0,-1.0,1639168,2.0,7,,0.0,2.0,8.0,A01,138Â 302Â 901,1.0
960417,201900001948,11,27,07:45,1,1,1,1.0,3.0,34198,FOIRE (ROUTE DE LA),M,"43,5739700","3,9472400",34,2019,50.0,1.0,1.0,4.0,2146550,1.0,1,4,1,1.0,,0.0,0,1985.0,B01,138Â 302Â 898,2.0,0.0,-1.0,1639169,1.0,33,,0.0,2.0,1.0,B01,138Â 302Â 898,1.0
960417,201900001948,11,27,07:45,1,1,1,1.0,3.0,34198,FOIRE (ROUTE DE LA),M,"43,5739700","3,9472400",34,2019,50.0,1.0,1.0,4.0,2146550,1.0,1,4,1,1.0,,0.0,0,1985.0,B01,138Â 302Â 898,2.0,0.0,-1.0,1639170,2.0,7,,0.0,2.0,2.0,A01,138Â 302Â 899,1.0
960417,201900001948,11,27,07:45,1,1,1,1.0,3.0,34198,FOIRE (ROUTE DE LA),M,"43,5739700","3,9472400",34,2019,50.0,1.0,1.0,4.0,2146551,1.0,1,1,1,1.0,,0.0,0,1964.0,A01,138Â 302Â 899,1.0,0.0,-1.0,1639169,1.0,33,,0.0,2.0,1.0,B01,138Â 302Â 898,1.0
960417,201900001948,11,27,07:45,1,1,1,1.0,3.0,34198,FOIRE (ROUTE DE LA),M,"43,5739700","3,9472400",34,2019,50.0,1.0,1.0,4.0,2146551,1.0,1,1,1,1.0,,0.0,0,1964.0,A01,138Â 302Â 899,1.0,0.0,-1.0,1639170,2.0,7,,0.0,2.0,2.0,A01,138Â 302Â 899,1.0
960418,201900001949,11,25,13:20,1,2,1,1.0,6.0,34172,MARIE DE MONTPELLIER,M,"43,6014300","3,8987700",34,2019,50.0,1.0,1.0,4.0,2146552,10.0,3,4,1,0.0,,4.0,3,1992.0,A01,138Â 302Â 897,8.0,0.0,-1.0,1639171,3.0,10,,0.0,1.0,1.0,A01,138Â 302Â 897,1.0
960418,201900001949,11,25,13:20,1,2,1,1.0,6.0,34172,MARIE DE MONTPELLIER,M,"43,6014300","3,8987700",34,2019,50.0,1.0,1.0,4.0,2146553,1.0,1,1,2,5.0,,0.0,0,1972.0,A01,138Â 302Â 897,1.0,8.0,-1.0,1639171,3.0,10,,0.0,1.0,1.0,A01,138Â 302Â 897,1.0
960419,201900001950,11,25,18:00,5,1,1,1.0,2.0,06027,GARE AVENUE DE LA,M,"43,6543530","7,1447960",6,2019,50.0,1.0,1.0,7.0,2146554,1.0,1,1,1,4.0,,0.0,0,1988.0,A01,138Â 302Â 895,1.0,0.0,-1.0,1639172,3.0,15,,0.0,2.0,1.0,A01,138Â 302Â 895,1.0
960419,201900001950,11,25,18:00,5,1,1,1.0,2.0,06027,GARE AVENUE DE LA,M,"43,6543530","7,1447960",6,2019,50.0,1.0,1.0,7.0,2146554,1.0,1,1,1,4.0,,0.0,0,1988.0,A01,138Â 302Â 895,1.0,0.0,-1.0,1639173,3.0,7,,0.0,0.0,4.0,B01,138Â 302Â 896,1.0
960419,201900001950,11,25,18:00,5,1,1,1.0,2.0,06027,GARE AVENUE DE LA,M,"43,6543530","7,1447960",6,2019,50.0,1.0,1.0,7.0,2146555,1.0,1,1,1,3.0,,0.0,0,1991.0,B01,138Â 302Â 896,1.0,0.0,-1.0,1639172,3.0,15,,0.0,2.0,1.0,A01,138Â 302Â 895,1.0
960419,201900001950,11,25,18:00,5,1,1,1.0,2.0,06027,GARE AVENUE DE LA,M,"43,6543530","7,1447960",6,2019,50.0,1.0,1.0,7.0,2146555,1.0,1,1,1,3.0,,0.0,0,1991.0,B01,138Â 302Â 896,1.0,0.0,-1.0,1639173,3.0,7,,0.0,0.0,4.0,B01,138Â 302Â 896,1.0
960419,201900001950,11,25,18:00,5,1,1,1.0,2.0,06027,GARE AVENUE DE LA,M,"43,6543530","7,1447960",6,2019,50.0,1.0,1.0,7.0,2146556,2.0,2,4,2,3.0,,0.0,0,1991.0,B01,138Â 302Â 896,1.0,0.0,-1.0,1639172,3.0,15,,0.0,2.0,1.0,A01,138Â 302Â 895,1.0
960419,201900001950,11,25,18:00,5,1,1,1.0,2.0,06027,GARE AVENUE DE LA,M,"43,6543530","7,1447960",6,2019,50.0,1.0,1.0,7.0,2146556,2.0,2,4,2,3.0,,0.0,0,1991.0,B01,138Â 302Â 896,1.0,0.0,-1.0,1639173,3.0,7,,0.0,0.0,4.0,B01,138Â 302Â 896,1.0
960420,201900001951,11,24,18:10,3,1,1,1.0,6.0,93006,AUTOROUTE A3,M,"48,8662700","2,4227900",93,2019,90.0,1.0,1.0,1.0,2146557,1.0,1,4,1,0.0,,-1.0, -1,1974.0,A01,138Â 302Â 892,2.0,6.0,-1.0,1639174,2.0,2,,4.0,0.0,1.0,A01,138Â 302Â 892,1.0
960421,201900001952,11,27,13:20,1,1,6,1.0,1.0,97416,ROND POINT DE LA BALANCE,M," -21,3254190","55,4860900",974,2019,50.0,1.0,1.0,4.0,2146558,1.0,1,4,1,5.0,,-1.0, -1,1963.0,B01,138Â 302Â 890,2.0,6.0,-1.0,1639175,1.0,31,,0.0,2.0,3.0,B01,138Â 302Â 890,1.0
960421,201900001952,11,27,13:20,1,1,6,1.0,1.0,97416,ROND POINT DE LA BALANCE,M," -21,3254190","55,4860900",974,2019,50.0,1.0,1.0,4.0,2146558,1.0,1,4,1,5.0,,-1.0, -1,1963.0,B01,138Â 302Â 890,2.0,6.0,-1.0,1639176,1.0,3,,0.0,2.0,1.0,A01,138Â 302Â 891,1.0
960421,201900001952,11,27,13:20,1,1,6,1.0,1.0,97416,ROND POINT DE LA BALANCE,M," -21,3254190","55,4860900",974,2019,50.0,1.0,1.0,4.0,2146559,1.0,1,1,2,5.0,,-1.0, -1,1978.0,A01,138Â 302Â 891,1.0,0.0,-1.0,1639175,1.0,31,,0.0,2.0,3.0,B01,138Â 302Â 890,1.0
960421,201900001952,11,27,13:20,1,1,6,1.0,1.0,97416,ROND POINT DE LA BALANCE,M," -21,3254190","55,4860900",974,2019,50.0,1.0,1.0,4.0,2146559,1.0,1,1,2,5.0,,-1.0, -1,1978.0,A01,138Â 302Â 891,1.0,0.0,-1.0,1639176,1.0,3,,0.0,2.0,1.0,A01,138Â 302Â 891,1.0
960422,201900001953,11,27,17:30,5,2,1,1.0,4.0,69199,MARCEL SEMBAT                       (R ),M,"45,7104100","4,8473800",69,2019,50.0,1.0,1.0,4.0,2146560,1.0,1,1,1,0.0,,-1.0,0,1973.0,C01,138Â 302Â 887,1.0,0.0,-1.0,1639177,3.0,7,,0.0,2.0,7.0,C01,138Â 302Â 887,1.0
960422,201900001953,11,27,17:30,5,2,1,1.0,4.0,69199,MARCEL SEMBAT                       (R ),M,"45,7104100","4,8473800",69,2019,50.0,1.0,1.0,4.0,2146560,1.0,1,1,1,0.0,,-1.0,0,1973.0,C01,138Â 302Â 887,1.0,0.0,-1.0,1639178,3.0,7,,0.0,2.0,3.0,B01,138Â 302Â 888,1.0
960422,201900001953,11,27,17:30,5,2,1,1.0,4.0,69199,MARCEL SEMBAT                       (R ),M,"45,7104100","4,8473800",69,2019,50.0,1.0,1.0,4.0,2146560,1.0,1,1,1,0.0,,-1.0,0,1973.0,C01,138Â 302Â 887,1.0,0.0,-1.0,1639179,3.0,7,,0.0,2.0,2.0,A01,138Â 302Â 889,1.0
960422,201900001953,11,27,17:30,5,2,1,1.0,4.0,69199,MARCEL SEMBAT                       (R ),M,"45,7104100","4,8473800",69,2019,50.0,1.0,1.0,4.0,2146561,4.0,2,1,2,0.0,,-1.0,0,2017.0,B01,138Â 302Â 888,3.0,0.0,-1.0,1639177,3.0,7,,0.0,2.0,7.0,C01,138Â 302Â 887,1.0
960422,201900001953,11,27,17:30,5,2,1,1.0,4.0,69199,MARCEL SEMBAT                       (R ),M,"45,7104100","4,8473800",69,2019,50.0,1.0,1.0,4.0,2146561,4.0,2,1,2,0.0,,-1.0,0,2017.0,B01,138Â 302Â 888,3.0,0.0,-1.0,1639178,3.0,7,,0.0,2.0,3.0,B01,138Â 302Â 888,1.0
960422,201900001953,11,27,17:30,5,2,1,1.0,4.0,69199,MARCEL SEMBAT                       (R ),M,"45,7104100","4,8473800",69,2019,50.0,1.0,1.0,4.0,2146561,4.0,2,1,2,0.0,,-1.0,0,2017.0,B01,138Â 302Â 888,3.0,0.0,-1.0,1639179,3.0,7,,0.0,2.0,2.0,A01,138Â 302Â 889,1.0
960422,201900001953,11,27,17:30,5,2,1,1.0,4.0,69199,MARCEL SEMBAT                       (R ),M,"45,7104100","4,8473800",69,2019,50.0,1.0,1.0,4.0,2146562,1.0,1,4,2,0.0,,-1.0,0,1993.0,B01,138Â 302Â 888,1.0,0.0,-1.0,1639177,3.0,7,,0.0,2.0,7.0,C01,138Â 302Â 887,1.0
960422,201900001953,11,27,17:30,5,2,1,1.0,4.0,69199,MARCEL SEMBAT                       (R ),M,"45,7104100","4,8473800",69,2019,50.0,1.0,1.0,4.0,2146562,1.0,1,4,2,0.0,,-1.0,0,1993.0,B01,138Â 302Â 888,1.0,0.0,-1.0,1639178,3.0,7,,0.0,2.0,3.0,B01,138Â 302Â 888,1.0
960422,201900001953,11,27,17:30,5,2,1,1.0,4.0,69199,MARCEL SEMBAT                       (R ),M,"45,7104100","4,8473800",69,2019,50.0,1.0,1.0,4.0,2146562,1.0,1,4,2,0.0,,-1.0,0,1993.0,B01,138Â 302Â 888,1.0,0.0,-1.0,1639179,3.0,7,,0.0,2.0,2.0,A01,138Â 302Â 889,1.0
960422,201900001953,11,27,17:30,5,2,1,1.0,4.0,69199,MARCEL SEMBAT                       (R ),M,"45,7104100","4,8473800",69,2019,50.0,1.0,1.0,4.0,2146563,1.0,1,1,1,0.0,,-1.0,0,1977.0,A01,138Â 302Â 889,1.0,0.0,-1.0,1639177,3.0,7,,0.0,2.0,7.0,C01,138Â 302Â 887,1.0
960422,201900001953,11,27,17:30,5,2,1,1.0,4.0,69199,MARCEL SEMBAT                       (R ),M,"45,7104100","4,8473800",69,2019,50.0,1.0,1.0,4.0,2146563,1.0,1,1,1,0.0,,-1.0,0,1977.0,A01,138Â 302Â 889,1.0,0.0,-1.0,1639178,3.0,7,,0.0,2.0,3.0,B01,138Â 302Â 888,1.0
960422,201900001953,11,27,17:30,5,2,1,1.0,4.0,69199,MARCEL SEMBAT                       (R ),M,"45,7104100","4,8473800",69,2019,50.0,1.0,1.0,4.0,2146563,1.0,1,1,1,0.0,,-1.0,0,1977.0,A01,138Â 302Â 889,1.0,0.0,-1.0,1639179,3.0,7,,0.0,2.0,2.0,A01,138Â 302Â 889,1.0
960423,201900001954,11,27,12:00,1,2,1,8.0,2.0,69388,PROFESSEUR CALMETTE (DU)            (R ),M,"45,7431550","4,8769000",69,2019,50.0,1.0,1.0,7.0,2146564,1.0,1,4,2,9.0,,-1.0, -1,1999.0,B01,138Â 302Â 885,1.0,0.0,-1.0,1639180,3.0,7,,0.0,2.0,1.0,B01,138Â 302Â 885,1.0
960423,201900001954,11,27,12:00,1,2,1,8.0,2.0,69388,PROFESSEUR CALMETTE (DU)            (R ),M,"45,7431550","4,8769000",69,2019,50.0,1.0,1.0,7.0,2146564,1.0,1,4,2,9.0,,-1.0, -1,1999.0,B01,138Â 302Â 885,1.0,0.0,-1.0,1639181,3.0,37,1.0,0.0,2.0,4.0,A01,138Â 302Â 886,1.0
960423,201900001954,11,27,12:00,1,2,1,8.0,2.0,69388,PROFESSEUR CALMETTE (DU)            (R ),M,"45,7431550","4,8769000",69,2019,50.0,1.0,1.0,7.0,2146565,2.0,2,4,2,0.0,,-1.0, -1,2001.0,B01,138Â 302Â 885,1.0,0.0,-1.0,1639180,3.0,7,,0.0,2.0,1.0,B01,138Â 302Â 885,1.0
960423,201900001954,11,27,12:00,1,2,1,8.0,2.0,69388,PROFESSEUR CALMETTE (DU)            (R ),M,"45,7431550","4,8769000",69,2019,50.0,1.0,1.0,7.0,2146565,2.0,2,4,2,0.0,,-1.0, -1,2001.0,B01,138Â 302Â 885,1.0,0.0,-1.0,1639181,3.0,37,1.0,0.0,2.0,4.0,A01,138Â 302Â 886,1.0
960423,201900001954,11,27,12:00,1,2,1,8.0,2.0,69388,PROFESSEUR CALMETTE (DU)            (R ),M,"45,7431550","4,8769000",69,2019,50.0,1.0,1.0,7.0,2146566,1.0,1,1,1,4.0,,-1.0, -1,1970.0,A01,138Â 302Â 886,1.0,0.0,-1.0,1639180,3.0,7,,0.0,2.0,1.0,B01,138Â 302Â 885,1.0
960423,201900001954,11,27,12:00,1,2,1,8.0,2.0,69388,PROFESSEUR CALMETTE (DU)            (R ),M,"45,7431550","4,8769000",69,2019,50.0,1.0,1.0,7.0,2146566,1.0,1,1,1,4.0,,-1.0, -1,1970.0,A01,138Â 302Â 886,1.0,0.0,-1.0,1639181,3.0,37,1.0,0.0,2.0,4.0,A01,138Â 302Â 886,1.0
960424,201900001955,11,27,14:40,1,2,2,1.0,6.0,69034,COSTE                               (R ),M,"45,7834000","4,8329300",69,2019,50.0,1.0,1.0,4.0,2146567,1.0,1,1,1,5.0,,0.0,0,1938.0,A01,138Â 302Â 884,1.0,0.0,-1.0,1639182,2.0,7,,0.0,1.0,1.0,A01,138Â 302Â 884,1.0
960424,201900001955,11,27,14:40,1,2,2,1.0,6.0,69034,COSTE                               (R ),M,"45,7834000","4,8329300",69,2019,50.0,1.0,1.0,4.0,2146568,10.0,3,4,2,9.0,,3.0,3,1936.0,A01,138Â 302Â 884,0.0,-1.0,-1.0,1639182,2.0,7,,0.0,1.0,1.0,A01,138Â 302Â 884,1.0
960424,201900001955,11,27,14:40,1,2,2,1.0,6.0,69034,COSTE                               (R ),M,"45,7834000","4,8329300",69,2019,50.0,1.0,1.0,4.0,2146569,10.0,3,4,1,0.0,,3.0,3,1930.0,A01,138Â 302Â 884,0.0,-1.0,-1.0,1639182,2.0,7,,0.0,1.0,1.0,A01,138Â 302Â 884,1.0
960425,201900001956,11,26,12:00,1,2,1,1.0,6.0,69389,BOURBONNAIS (DU)                    (R ),M,"45,7735300","4,7986000",69,2019,50.0,1.0,1.0,7.0,2146570,1.0,1,1,1,0.0,,-1.0, -1,1978.0,A01,138Â 302Â 883,2.0,6.0,-1.0,1639183,0.0,34,,0.0,1.0,1.0,A01,138Â 302Â 883,1.0
960425,201900001956,11,26,12:00,1,2,1,1.0,6.0,69389,BOURBONNAIS (DU)                    (R ),M,"45,7735300","4,7986000",69,2019,50.0,1.0,1.0,7.0,2146571,10.0,3,3,1,5.0,,1.0,3,1993.0,A01,138Â 302Â 883,8.0,0.0,-1.0,1639183,0.0,34,,0.0,1.0,1.0,A01,138Â 302Â 883,1.0
960426,201900001957,11,27,10:00,1,2,1,8.0,6.0,69034,JEAN PETIT                          (CH),M,"45,8041200","4,8602900",69,2019,50.0,1.0,2.0,4.0,2146572,1.0,1,1,1,0.0,,-1.0,0,1964.0,A01,138Â 302Â 882,1.0,0.0,-1.0,1639184,1.0,7,,0.0,1.0,1.0,A01,138Â 302Â 882,1.0
960426,201900001957,11,27,10:00,1,2,1,8.0,6.0,69034,JEAN PETIT                          (CH),M,"45,8041200","4,8602900",69,2019,50.0,1.0,2.0,4.0,2146573,10.0,3,4,2,3.0,,3.0,3,1940.0,A01,138Â 302Â 882,8.0,0.0,-1.0,1639184,1.0,7,,0.0,1.0,1.0,A01,138Â 302Â 882,1.0
960427,201900001958,11,27,07:50,1,1,1,1.0,6.0,97105,GASTON FEUILLARD(AVENUE),M,"15,9995000"," -61,7215000",971,2019,30.0,1.0,1.0,9.0,2146574,1.0,1,1,1,9.0,,0.0,3,1962.0,A01,138Â 302Â 881,1.0,0.0,-1.0,1639185,3.0,7,,0.0,1.0,1.0,A01,138Â 302Â 881,1.0
960427,201900001958,11,27,07:50,1,1,1,1.0,6.0,97105,GASTON FEUILLARD(AVENUE),M,"15,9995000"," -61,7215000",971,2019,30.0,1.0,1.0,9.0,2146575,10.0,3,3,1,1.0,,8.0,3,2005.0,A01,138Â 302Â 881,8.0,0.0,-1.0,1639185,3.0,7,,0.0,1.0,1.0,A01,138Â 302Â 881,1.0
960428,201900001959,11,24,07:40,2,2,1,1.0,7.0,91228,CHAMPS ELYSEES(BD) NÂ°180 ET +NÂ°71+,M,"48,6315100","2,4247900",91,2019,50.0,1.0,2.0,3.0,2146576,1.0,1,3,1,0.0,,-1.0, -1,1990.0,A01,138Â 302Â 880,1.0,8.0,-1.0,1639186,3.0,10,,9.0,0.0,9.0,A01,138Â 302Â 880,1.0
960429,201900001960,11,27,20:00,5,2,1,8.0,3.0,91174,BAS COUDRAY(RUE),M,"48,6032780","2,4871200",91,2019,50.0,1.0,2.0,4.0,2146577,1.0,1,1,1,0.0,,-1.0, -1,1979.0,B01,138Â 302Â 878,1.0,0.0,-1.0,1639187,1.0,7,,0.0,2.0,3.0,B01,138Â 302Â 878,1.0