Unnamed: 0_x,num_acc,mois,jour,hrmn,lum,agg,int,atm,col,com,adr,gps,lat,long,dep,annee,vma,situ,surf,catr,Unnamed: 0_y,place,catu,grav,sexe,trajet,secu,locp,actp,an_nais,num_veh_x,id_vehicule_x,secu1,secu2,secu3,Unnamed: 0,senc,catv,occutc,obs,obsm,choc,num_veh_y,id_vehicule_y,motor
960429,201900001960,11,27,20:00,5,2,1,8.0,3.0,91174,BAS COUDRAY(RUE),M,"48,6032780","2,4871200",91,2019,50.0,1.0,2.0,4.0,2146577,1.0,1,1,1,0.0,,-1.0, -1,1979.0,B01,138Â 302Â 878,1.0,0.0,-1.0,1639188,2.0,7,,0.0,2.0,8.0,A01,138Â 302Â 879,1.0
960429,201900001960,11,27,20:00,5,2,1,8.0,3.0,91174,BAS COUDRAY(RUE),M,"48,6032780","2,4871200",91,2019,50.0,1.0,2.0,4.0,2146578,1.0,1,4,2,0.0,,-1.0, -1,2000.0,A01,138Â 302Â 879,1.0,5.0,-1.0,1639187,1.0,7,,0.0,2.0,3.0,B01,138Â 302Â 878,1.0
960429,201900001960,11,27,20:00,5,2,1,8.0,3.0,91174,BAS COUDRAY(RUE),M,"48,6032780","2,4871200",91,2019,50.0,1.0,2.0,4.0,2146578,1.0,1,4,2,0.0,,-1.0, -1,2000.0,A01,138Â 302Â 879,1.0,5.0,-1.0,1639188,2.0,7,,0.0,2.0,8.0,A01,138Â 302Â 879,1.0
960430,201900001961,11,25,18:13,5,1,1,2.0,4.0,87085,AUTOROUTE A20,M,"45,8476000","1,2767500",87,2019,90.0,1.0,2.0,1.0,2146579,1.0,1,4,2,5.0,,0.0,0,1996.0,A01,138Â 302Â 873,1.0,0.0,-1.0,1639189,2.0,7,,0.0,2.0,1.0,A01,138Â 302Â 873,1.0
960430,201900001961,11,25,18:13,5,1,1,2.0,4.0,87085,AUTOROUTE A20,M,"45,8476000","1,2767500",87,2019,90.0,1.0,2.0,1.0,2146579,1.0,1,4,2,5.0,,0.0,0,1996.0,A01,138Â 302Â 873,1.0,0.0,-1.0,1639190,2.0,7,,0.0,2.0,4.0,B01,138Â 302Â 874,1.0
960430,201900001961,11,25,18:13,5,1,1,2.0,4.0,87085,AUTOROUTE A20,M,"45,8476000","1,2767500",87,2019,90.0,1.0,2.0,1.0,2146579,1.0,1,4,2,5.0,,0.0,0,1996.0,A01,138Â 302Â 873,1.0,0.0,-1.0,1639191,2.0,7,,0.0,2.0,4.0,C01,138Â 302Â 875,1.0
960430,201900001961,11,25,18:13,5,1,1,2.0,4.0,87085,AUTOROUTE A20,M,"45,8476000","1,2767500",87,2019,90.0,1.0,2.0,1.0,2146579,1.0,1,4,2,5.0,,0.0,0,1996.0,A01,138Â 302Â 873,1.0,0.0,-1.0,1639192,2.0,7,,0.0,2.0,4.0,D01,138Â 302Â 876,1.0
960430,201900001961,11,25,18:13,5,1,1,2.0,4.0,87085,AUTOROUTE A20,M,"45,8476000","1,2767500",87,2019,90.0,1.0,2.0,1.0,2146579,1.0,1,4,2,5.0,,0.0,0,1996.0,A01,138Â 302Â 873,1.0,0.0,-1.0,1639193,2.0,7,,0.0,2.0,4.0,E01,138Â 302Â 877,1.0
960430,201900001961,11,25,18:13,5,1,1,2.0,4.0,87085,AUTOROUTE A20,M,"45,8476000","1,2767500",87,2019,90.0,1.0,2.0,1.0,2146580,1.0,1,1,2,5.0,,0.0,0,1981.0,B01,138Â 302Â 874,1.0,0.0,-1.0,1639189,2.0,7,,0.0,2.0,1.0,A01,138Â 302Â 873,1.0
960430,201900001961,11,25,18:13,5,1,1,2.0,4.0,87085,AUTOROUTE A20,M,"45,8476000","1,2767500",87,2019,90.0,1.0,2.0,1.0,2146580,1.0,1,1,2,5.0,,0.0,0,1981.0,B01,138Â 302Â 874,1.0,0.0,-1.0,1639190,2.0,7,,0.0,2.0,4.0,B01,138Â 302Â 874,1.0
960430,201900001961,11,25,18:13,5,1,1,2.0,4.0,87085,AUTOROUTE A20,M,"45,8476000","1,2767500",87,2019,90.0,1.0,2.0,1.0,2146580,1.0,1,1,2,5.0,,0.0,0,1981.0,B01,138Â 302Â 874,1.0,0.0,-1.0,1639191,2.0,7,,0.0,2.0,4.0,C01,138Â 302Â 875,1.0
960430,201900001961,11,25,18:13,5,1,1,2.0,4.0,87085,AUTOROUTE A20,M,"45,8476000","1,2767500",87,2019,90.0,1.0,2.0,1.0,2146580,1.0,1,1,2,5.0,,0.0,0,1981.0,B01,138Â 302Â 874,1.0,0.0,-1.0,1639192,2.0,7,,0.0,2.0,4.0,D01,138Â 302Â 876,1.0
960430,201900001961,11,25,18:13,5,1,1,2.0,4.0,87085,AUTOROUTE A20,M,"45,8476000","1,2767500",87,2019,90.0,1.0,2.0,1.0,2146580,1.0,1,1,2,5.0,,0.0,0,1981.0,B01,138Â 302Â 874,1.0,0.0,-1.0,1639193,2.0,7,,0.0,2.0,4.0,E01,138Â 302Â 877,1.0
960430,201900001961,11,25,18:13,5,1,1,2.0,4.0,87085,AUTOROUTE A20,M,"45,8476000","1,2767500",87,2019,90.0,1.0,2.0,1.0,2146581,1.0,1,1,2,5.0,,0.0,0,1998.0,C01,138Â 302Â 875,1.0,0.0,-1.0,1639189,2.0,7,,0.0,2.0,1.0,A01,138Â 302Â 873,1.0
960430,201900001961,11,25,18:13,5,1,1,2.0,4.0,87085,AUTOROUTE A20,M,"45,8476000","1,2767500",87,2019,90.0,1.0,2.0,1.0,2146581,1.0,1,1,2,5.0,,0.0,0,1998.0,C01,138Â 302Â 875,1.0,0.0,-1.0,1639190,2.0,7,,0.0,2.0,4.0,B01,138Â 302Â 874,1.0
960430,201900001961,11,25,18:13,5,1,1,2.0,4.0,87085,AUTOROUTE A20,M,"45,8476000","1,2767500",87,2019,90.0,1.0,2.0,1.0,2146581,1.0,1,1,2,5.0,,0.0,0,1998.0,C01,138Â 302Â 875,1.0,0.0,-1.0,1639191,2.0,7,,0.0,2.0,4.0,C01,138Â 302Â 875,1.0
960430,201900001961,11,25,18:13,5,1,1,2.0,4.0,87085,AUTOROUTE A20,M,"45,8476000","1,2767500",87,2019,90.0,1.0,2.0,1.0,2146581,1.0,1,1,2,5.0,,0.0,0,1998.0,C01,138Â 302Â 875,1.0,0.0,-1.0,1639192,2.0,7,,0.0,2.0,4.0,D01,138Â 302Â 876,1.0
960430,201900001961,11,25,18:13,5,1,1,2.0,4.0,87085,AUTOROUTE A20,M,"45,8476000","1,2767500",87,2019,90.0,1.0,2.0,1.0,2146581,1.0,1,1,2,5.0,,0.0,0,1998.0,C01,138Â 302Â 875,1.0,0.0,-1.0,1639193,2.0,7,,0.0,2.0,4.0,E01,138Â 302Â 877,1.0
960430,201900001961,11,25,18:13,5,1,1,2.0,4.0,87085,AUTOROUTE A20,M,"45,8476000","1,2767500",87,2019,90.0,1.0,2.0,1.0,2146582,1.0,1,1,1,1.0,,0.0,0,1974.0,D01,138Â 302Â 876,1.0,0.0,-1.0,1639189,2.0,7,,0.0,2.0,1.0,A01,138Â 302Â 873,1.0
960430,201900001961,11,25,18:13,5,1,1,2.0,4.0,87085,AUTOROUTE A20,M,"45,8476000","1,2767500",87,2019,90.0,1.0,2.0,1.0,2146582,1.0,1,1,1,1.0,,0.0,0,1974.0,D01,138Â 302Â 876,1.0,0.0,-1.0,1639190,2.0,7,,0.0,2.0,4.0,B01,138Â 302Â 874,1.0
960430,201900001961,11,25,18:13,5,1,1,2.0,4.0,87085,AUTOROUTE A20,M,"45,8476000","1,2767500",87,2019,90.0,1.0,2.0,1.0,2146582,1.0,1,1,1,1.0,,0.0,0,1974.0,D01,138Â 302Â 876,1.0,0.0,-1.0,1639191,2.0,7,,0.0,2.0,4.0,C01,138Â 302Â 875,1.0
960430,201900001961,11,25,18:13,5,1,1,2.0,4.0,87085,AUTOROUTE A20,M,"45,8476000","1,2767500",87,2019,90.0,1.0,2.0,1.0,2146582,1.0,1,1,1,1.0,,0.0,0,1974.0,D01,138Â 302Â 876,1.0,0.0,-1.0,1639192,2.0,7,,0.0,2.0,4.0,D01,138Â 302Â 876,1.0
960430,201900001961,11,25,18:13,5,1,1,2.0,4.0,87085,AUTOROUTE A20,M,"45,8476000","1,2767500",87,2019,90.0,1.0,2.0,1.0,2146582,1.0,1,1,1,1.0,,0.0,0,1974.0,D01,138Â 302Â 876,1.0,0.0,-1.0,1639193,2.0,7,,0.0,2.0,4.0,E01,138Â 302Â 877,1.0
960430,201900001961,11,25,18:13,5,1,1,2.0,4.0,87085,AUTOROUTE A20,M,"45,8476000","1,2767500",87,2019,90.0,1.0,2.0,1.0,2146583,1.0,1,1,2,1.0,,0.0,0,1979.0,E01,138Â 302Â 877,1.0,0.0,-1.0,1639189,2.0,7,,0.0,2.0,1.0,A01,138Â 302Â 873,1.0
960430,201900001961,11,25,18:13,5,1,1,2.0,4.0,87085,AUTOROUTE A20,M,"45,8476000","1,2767500",87,2019,90.0,1.0,2.0,1.0,2146583,1.0,1,1,2,1.0,,0.0,0,1979.0,E01,138Â 302Â 877,1.0,0.0,-1.0,1639190,2.0,7,,0.0,2.0,4.0,B01,138Â 302Â 874,1.0
960430,201900001961,11,25,18:13,5,1,1,2.0,4.0,87085,AUTOROUTE A20,M,"45,8476000","1,2767500",87,2019,90.0,1.0,2.0,1.0,2146583,1.0,1,1,2,1.0,,0.0,0,1979.0,E01,138Â 302Â 877,1.0,0.0,-1.0,1639191,2.0,7,,0.0,2.0,4.0,C01,138Â 302Â 875,1.0
960430,201900001961,11,25,18:13,5,1,1,2.0,4.0,87085,AUTOROUTE A20,M,"45,8476000","1,2767500",87,2019,90.0,1.0,2.0,1.0,2146583,1.0,1,1,2,1.0,,0.0,0,1979.0,E01,138Â 302Â 877,1.0,0.0,-1.0,1639192,2.0,7,,0.0,2.0,4.0,D01,138Â 302Â 876,1.0
960430,201900001961,11,25,18:13,5,1,1,2.0,4.0,87085,AUTOROUTE A20,M,"45,8476000","1,2767500",87,2019,90.0,1.0,2.0,1.0,2146583,1.0,1,1,2,1.0,,0.0,0,1979.0,E01,138Â 302Â 877,1.0,0.0,-1.0,1639193,2.0,7,,0.0,2.0,4.0,E01,138Â 302Â 877,1.0
960431,201900001962,11,25,18:30,2,2,1,1.0,3.0,87085,MAS-LOUBIER (RUE DU),M,"45,8385200","1,2526100",87,2019,50.0,1.0,1.0,4.0,2146584,1.0,1,4,1,5.0,,-1.0, -1,1999.0,B01,138Â 302Â 871,2.0,8.0,-1.0,1639194,1.0,2,,0.0,2.0,2.0,B01,138Â 302Â 871,1.0
960431,201900001962,11,25,18:30,2,2,1,1.0,3.0,87085,MAS-LOUBIER (RUE DU),M,"45,8385200","1,2526100",87,2019,50.0,1.0,1.0,4.0,2146584,1.0,1,4,1,5.0,,-1.0, -1,1999.0,B01,138Â 302Â 871,2.0,8.0,-1.0,1639195,2.0,7,,0.0,2.0,2.0,A01,138Â 302Â 872,1.0
960431,201900001962,11,25,18:30,2,2,1,1.0,3.0,87085,MAS-LOUBIER (RUE DU),M,"45,8385200","1,2526100",87,2019,50.0,1.0,1.0,4.0,2146585,2.0,2,4,2,5.0,,-1.0, -1,1995.0,B01,138Â 302Â 871,2.0,8.0,-1.0,1639194,1.0,2,,0.0,2.0,2.0,B01,138Â 302Â 871,1.0
960431,201900001962,11,25,18:30,2,2,1,1.0,3.0,87085,MAS-LOUBIER (RUE DU),M,"45,8385200","1,2526100",87,2019,50.0,1.0,1.0,4.0,2146585,2.0,2,4,2,5.0,,-1.0, -1,1995.0,B01,138Â 302Â 871,2.0,8.0,-1.0,1639195,2.0,7,,0.0,2.0,2.0,A01,138Â 302Â 872,1.0
960431,201900001962,11,25,18:30,2,2,1,1.0,3.0,87085,MAS-LOUBIER (RUE DU),M,"45,8385200","1,2526100",87,2019,50.0,1.0,1.0,4.0,2146586,1.0,1,1,1,5.0,,-1.0, -1,1968.0,A01,138Â 302Â 872,1.0,0.0,-1.0,1639194,1.0,2,,0.0,2.0,2.0,B01,138Â 302Â 871,1.0
960431,201900001962,11,25,18:30,2,2,1,1.0,3.0,87085,MAS-LOUBIER (RUE DU),M,"45,8385200","1,2526100",87,2019,50.0,1.0,1.0,4.0,2146586,1.0,1,1,1,5.0,,-1.0, -1,1968.0,A01,138Â 302Â 872,1.0,0.0,-1.0,1639195,2.0,7,,0.0,2.0,2.0,A01,138Â 302Â 872,1.0
960432,201900001963,11,26,18:10,5,2,1,1.0,6.0,80021,PAUL CLAUDEL (AVENUE),M,"49,8744700","2,2673600",80,2019,50.0,1.0,1.0,4.0,2146587,10.0,3,4,1,0.0,,4.0,3,1968.0,A01,138Â 302Â 870,8.0,0.0,-1.0,1639196,0.0,7,,0.0,1.0,2.0,A01,138Â 302Â 870,1.0
960432,201900001963,11,26,18:10,5,2,1,1.0,6.0,80021,PAUL CLAUDEL (AVENUE),M,"49,8744700","2,2673600",80,2019,50.0,1.0,1.0,4.0,2146588,1.0,1,1,1,0.0,,-1.0, -1,1999.0,A01,138Â 302Â 870,1.0,0.0,-1.0,1639196,0.0,7,,0.0,1.0,2.0,A01,138Â 302Â 870,1.0
960433,201900001964,11,25,18:40,4,2,2,1.0,6.0,78646,PARIS (AVENUE DE),M,"48,7985700","2,1439200",78,2019,50.0,1.0,2.0,3.0,2146589,10.0,3,3,1,1.0,,4.0,3,1960.0,A01,138Â 302Â 869,0.0,-1.0,-1.0,1639197,3.0,7,,0.0,1.0,3.0,A01,138Â 302Â 869,1.0
960433,201900001964,11,25,18:40,4,2,2,1.0,6.0,78646,PARIS (AVENUE DE),M,"48,7985700","2,1439200",78,2019,50.0,1.0,2.0,3.0,2146590,1.0,1,1,1,5.0,,-1.0, -1,1956.0,A01,138Â 302Â 869,1.0,0.0,-1.0,1639197,3.0,7,,0.0,1.0,3.0,A01,138Â 302Â 869,1.0
960434,201900001965,11,22,21:30,5,2,1,2.0,6.0,77296,EUROPE(AVENUE DE L'),M,"48,6290020","2,5768030",77,2019,50.0,1.0,2.0,4.0,2146591,10.0,3,3,2,5.0,,2.0,3,1981.0,A01,138Â 302Â 868,0.0,-1.0,-1.0,1639198,3.0,7,,0.0,1.0,3.0,A01,138Â 302Â 868,1.0
960434,201900001965,11,22,21:30,5,2,1,2.0,6.0,77296,EUROPE(AVENUE DE L'),M,"48,6290020","2,5768030",77,2019,50.0,1.0,2.0,4.0,2146592,1.0,1,1,1,5.0,,0.0,0,1989.0,A01,138Â 302Â 868,1.0,0.0,-1.0,1639198,3.0,7,,0.0,1.0,3.0,A01,138Â 302Â 868,1.0
960435,201900001966,11,26,20:20,3,1,2,2.0,3.0,77335,N3 X D129,M,"48,9574700","2,8498300",77,2019,80.0,1.0,2.0,2.0,2146593,1.0,1,3,1,0.0,,-1.0,0,1997.0,B01,138Â 302Â 866,2.0,0.0,-1.0,1639199,2.0,30,,0.0,2.0,1.0,B01,138Â 302Â 866,1.0
960435,201900001966,11,26,20:20,3,1,2,2.0,3.0,77335,N3 X D129,M,"48,9574700","2,8498300",77,2019,80.0,1.0,2.0,2.0,2146593,1.0,1,3,1,0.0,,-1.0,0,1997.0,B01,138Â 302Â 866,2.0,0.0,-1.0,1639200,2.0,7,,0.0,2.0,2.0,A01,138Â 302Â 867,1.0
960435,201900001966,11,26,20:20,3,1,2,2.0,3.0,77335,N3 X D129,M,"48,9574700","2,8498300",77,2019,80.0,1.0,2.0,2.0,2146594,1.0,1,1,2,0.0,,-1.0,0,1991.0,A01,138Â 302Â 867,1.0,0.0,-1.0,1639199,2.0,30,,0.0,2.0,1.0,B01,138Â 302Â 866,1.0
960435,201900001966,11,26,20:20,3,1,2,2.0,3.0,77335,N3 X D129,M,"48,9574700","2,8498300",77,2019,80.0,1.0,2.0,2.0,2146594,1.0,1,1,2,0.0,,-1.0,0,1991.0,A01,138Â 302Â 867,1.0,0.0,-1.0,1639200,2.0,7,,0.0,2.0,2.0,A01,138Â 302Â 867,1.0
960436,201900001967,11,26,16:45,1,2,1,1.0,2.0,76498,KENNEDY. RUE DU PRESIDENT,M,"49,4317400","1,0702000",76,2019,30.0,1.0,1.0,4.0,2146595,1.0,1,4,1,5.0,,0.0,0,1994.0,A01,138Â 302Â 865,8.0,0.0,-1.0,1639201,0.0,7,,0.0,2.0,1.0,Z01,138Â 302Â 864,1.0
960436,201900001967,11,26,16:45,1,2,1,1.0,2.0,76498,KENNEDY. RUE DU PRESIDENT,M,"49,4317400","1,0702000",76,2019,30.0,1.0,1.0,4.0,2146595,1.0,1,4,1,5.0,,0.0,0,1994.0,A01,138Â 302Â 865,8.0,0.0,-1.0,1639202,0.0,1,,0.0,2.0,4.0,A01,138Â 302Â 865,5.0
960437,201900001968,11,26,11:40,1,2,1,1.0,6.0,76484,CARNOT. RUE SADI,M,"49,3422000","1,0912700",76,2019,50.0,1.0,1.0,4.0,2146596,1.0,1,1,1,0.0,,-1.0, -1,1995.0,A01,138Â 302Â 863,1.0,0.0,-1.0,1639203,3.0,10,,0.0,1.0,4.0,A01,138Â 302Â 863,1.0
960437,201900001968,11,26,11:40,1,2,1,1.0,6.0,76484,CARNOT. RUE SADI,M,"49,3422000","1,0912700",76,2019,50.0,1.0,1.0,4.0,2146597,10.0,3,3,1,0.0,,9.0,3,1952.0,A01,138Â 302Â 863,8.0,0.0,-1.0,1639203,3.0,10,,0.0,1.0,4.0,A01,138Â 302Â 863,1.0
960438,201900001969,11,25,17:30,5,2,6,1.0,3.0,76351,IRENE JOLIOT CURIE (RUE),M,"49,5318400","0,1031600",76,2019,50.0,1.0,1.0,3.0,2146598,1.0,1,4,1,0.0,,0.0,0,1971.0,B01,138Â 302Â 861,2.0,0.0,-1.0,1639204,0.0,1,,0.0,2.0,7.0,B01,138Â 302Â 861,5.0
960438,201900001969,11,25,17:30,5,2,6,1.0,3.0,76351,IRENE JOLIOT CURIE (RUE),M,"49,5318400","0,1031600",76,2019,50.0,1.0,1.0,3.0,2146598,1.0,1,4,1,0.0,,0.0,0,1971.0,B01,138Â 302Â 861,2.0,0.0,-1.0,1639205,0.0,7,,0.0,2.0,1.0,A01,138Â 302Â 862,1.0
960438,201900001969,11,25,17:30,5,2,6,1.0,3.0,76351,IRENE JOLIOT CURIE (RUE),M,"49,5318400","0,1031600",76,2019,50.0,1.0,1.0,3.0,2146599,1.0,1,1,1,0.0,,0.0,0,1998.0,A01,138Â 302Â 862,1.0,0.0,-1.0,1639204,0.0,1,,0.0,2.0,7.0,B01,138Â 302Â 861,5.0
960438,201900001969,11,25,17:30,5,2,6,1.0,3.0,76351,IRENE JOLIOT CURIE (RUE),M,"49,5318400","0,1031600",76,2019,50.0,1.0,1.0,3.0,2146599,1.0,1,1,1,0.0,,0.0,0,1998.0,A01,138Â 302Â 862,1.0,0.0,-1.0,1639205,0.0,7,,0.0,2.0,1.0,A01,138Â 302Â 862,1.0
960439,201900001970,11,27,19:45,3,2,1,2.0,3.0,74298,TANINGES (ROUTE DE ),M,"46,1897900","6,2621400",74,2019,50.0,1.0,2.0,3.0,2146600,1.0,1,4,1,0.0,,-1.0,0,1988.0,A01,138Â 302Â 859,2.0,6.0,-1.0,1639206,1.0,32,,0.0,2.0,1.0,A01,138Â 302Â 859,1.0
960439,201900001970,11,27,19:45,3,2,1,2.0,3.0,74298,TANINGES (ROUTE DE ),M,"46,1897900","6,2621400",74,2019,50.0,1.0,2.0,3.0,2146600,1.0,1,4,1,0.0,,-1.0,0,1988.0,A01,138Â 302Â 859,2.0,6.0,-1.0,1639207,1.0,7,,0.0,2.0,8.0,B01,138Â 302Â 860,1.0
960439,201900001970,11,27,19:45,3,2,1,2.0,3.0,74298,TANINGES (ROUTE DE ),M,"46,1897900","6,2621400",74,2019,50.0,1.0,2.0,3.0,2146601,1.0,1,1,2,0.0,,-1.0,0,1978.0,B01,138Â 302Â 860,1.0,0.0,-1.0,1639206,1.0,32,,0.0,2.0,1.0,A01,138Â 302Â 859,1.0
960439,201900001970,11,27,19:45,3,2,1,2.0,3.0,74298,TANINGES (ROUTE DE ),M,"46,1897900","6,2621400",74,2019,50.0,1.0,2.0,3.0,2146601,1.0,1,1,2,0.0,,-1.0,0,1978.0,B01,138Â 302Â 860,1.0,0.0,-1.0,1639207,1.0,7,,0.0,2.0,8.0,B01,138Â 302Â 860,1.0
960440,201900001971,11,27,07:40,4,2,1,3.0,6.0,74012,BONNEVILLE (ROUTE DE),M,"46,1823548","6,2381617",74,2019,50.0,1.0,2.0,3.0,2146602,10.0,3,4,2,2.0,,2.0,3,2005.0,A01,138Â 302Â 858,8.0,0.0,-1.0,1639208,1.0,7,,0.0,1.0,2.0,A01,138Â 302Â 858,0.0
960440,201900001971,11,27,07:40,4,2,1,3.0,6.0,74012,BONNEVILLE (ROUTE DE),M,"46,1823548","6,2381617",74,2019,50.0,1.0,2.0,3.0,2146603,1.0,1,1,1,2.0,,0.0,0,1997.0,A01,138Â 302Â 858,1.0,0.0,-1.0,1639208,1.0,7,,0.0,1.0,2.0,A01,138Â 302Â 858,0.0
960441,201900001972,11,26,17:15,4,2,1,1.0,6.0,71270,PROVENCE (RUE DE),M,"46,3168400","4,8325400",71,2019,50.0,1.0,1.0,4.0,2146604,10.0,3,4,1,5.0,,3.0,3,2004.0,A01,138Â 302Â 857,8.0,0.0,-1.0,1639209,3.0,7,,0.0,1.0,1.0,A01,138Â 302Â 857,1.0
960441,201900001972,11,26,17:15,4,2,1,1.0,6.0,71270,PROVENCE (RUE DE),M,"46,3168400","4,8325400",71,2019,50.0,1.0,1.0,4.0,2146605,1.0,1,1,1,5.0,,0.0,0,1991.0,A01,138Â 302Â 857,8.0,0.0,-1.0,1639209,3.0,7,,0.0,1.0,1.0,A01,138Â 302Â 857,1.0
960442,201900001973,11,27,06:50,5,2,2,1.0,3.0,69275,CARNOT                              (R ),M,"45,7632400","4,9705900",69,2019,30.0,1.0,2.0,4.0,2146606,1.0,1,1,1,1.0,,-1.0, -1,1975.0,A01,138Â 302Â 854,1.0,8.0,-1.0,1639210,1.0,7,,0.0,2.0,2.0,A01,138Â 302Â 854,1.0
960442,201900001973,11,27,06:50,5,2,2,1.0,3.0,69275,CARNOT                              (R ),M,"45,7632400","4,9705900",69,2019,30.0,1.0,2.0,4.0,2146606,1.0,1,1,1,1.0,,-1.0, -1,1975.0,A01,138Â 302Â 854,1.0,8.0,-1.0,1639211,2.0,1,,0.0,2.0,1.0,B01,138Â 302Â 855,5.0
960442,201900001973,11,27,06:50,5,2,2,1.0,3.0,69275,CARNOT                              (R ),M,"45,7632400","4,9705900",69,2019,30.0,1.0,2.0,4.0,2146607,1.0,1,4,1,1.0,,-1.0, -1,1965.0,B01,138Â 302Â 855,2.0,8.0,-1.0,1639210,1.0,7,,0.0,2.0,2.0,A01,138Â 302Â 854,1.0
960442,201900001973,11,27,06:50,5,2,2,1.0,3.0,69275,CARNOT                              (R ),M,"45,7632400","4,9705900",69,2019,30.0,1.0,2.0,4.0,2146607,1.0,1,4,1,1.0,,-1.0, -1,1965.0,B01,138Â 302Â 855,2.0,8.0,-1.0,1639211,2.0,1,,0.0,2.0,1.0,B01,138Â 302Â 855,5.0
960443,201900001974,11,19,10:10,1,2,1,1.0,7.0,68297,BALE ( AVE DE)FRONTIERE,M,"47,5779850","7,5711460",68,2019,50.0,1.0,1.0,3.0,2146608,10.0,3,4,1,5.0,,4.0,3,1950.0,Z01,138Â 302Â 853,8.0,0.0,-1.0,1639212,2.0,7,,0.0,1.0,1.0,Z01,138Â 302Â 853,0.0
960444,201900001975,11,26,18:53,3,2,1,1.0,2.0,66136,R D 900,M,"42,6804200","2,8743900",66,2019,80.0,1.0,1.0,4.0,2146609,1.0,1,4,2,1.0,,-1.0, -1,1994.0,B01,138Â 302Â 850,1.0,0.0,-1.0,1639213,1.0,7,,0.0,2.0,4.0,B01,138Â 302Â 850,1.0
960444,201900001975,11,26,18:53,3,2,1,1.0,2.0,66136,R D 900,M,"42,6804200","2,8743900",66,2019,80.0,1.0,1.0,4.0,2146609,1.0,1,4,2,1.0,,-1.0, -1,1994.0,B01,138Â 302Â 850,1.0,0.0,-1.0,1639214,1.0,7,,0.0,2.0,1.0,A01,138Â 302Â 851,1.0
960444,201900001975,11,26,18:53,3,2,1,1.0,2.0,66136,R D 900,M,"42,6804200","2,8743900",66,2019,80.0,1.0,1.0,4.0,2146610,1.0,1,1,2,9.0,,-1.0, -1,1988.0,A01,138Â 302Â 851,1.0,0.0,-1.0,1639213,1.0,7,,0.0,2.0,4.0,B01,138Â 302Â 850,1.0
960444,201900001975,11,26,18:53,3,2,1,1.0,2.0,66136,R D 900,M,"42,6804200","2,8743900",66,2019,80.0,1.0,1.0,4.0,2146610,1.0,1,1,2,9.0,,-1.0, -1,1988.0,A01,138Â 302Â 851,1.0,0.0,-1.0,1639214,1.0,7,,0.0,2.0,1.0,A01,138Â 302Â 851,1.0
960445,201900001976,11,27,17:55,2,2,5,1.0,6.0,65440,CORPS FRANC POMMIES (IMPASSE DU),M,"43,2365970","0,0552010",65,2019,50.0,1.0,1.0,3.0,2146611,10.0,3,4,1,3.0,,2.0,3,1991.0,A01,138Â 302Â 849,0.0,-1.0,-1.0,1639215,2.0,7,,0.0,1.0,3.0,A01,138Â 302Â 849,1.0
960445,201900001976,11,27,17:55,2,2,5,1.0,6.0,65440,CORPS FRANC POMMIES (IMPASSE DU),M,"43,2365970","0,0552010",65,2019,50.0,1.0,1.0,3.0,2146612,1.0,1,1,2,5.0,,0.0,0,1977.0,A01,138Â 302Â 849,1.0,8.0,-1.0,1639215,2.0,7,,0.0,1.0,3.0,A01,138Â 302Â 849,1.0
960446,201900001977,11,27,16:35,1,2,6,1.0,6.0,64445,PAIX,M,"43,3210600"," -0,3585900",64,2019,50.0,1.0,1.0,4.0,2146613,1.0,1,3,1,9.0,,-1.0,0,1975.0,A01,138Â 302Â 847,1.0,8.0,-1.0,1639216,2.0,7,,9.0,2.0,1.0,A01,138Â 302Â 847,1.0
960446,201900001977,11,27,16:35,1,2,6,1.0,6.0,64445,PAIX,M,"43,3210600"," -0,3585900",64,2019,50.0,1.0,1.0,4.0,2146613,1.0,1,3,1,9.0,,-1.0,0,1975.0,A01,138Â 302Â 847,1.0,8.0,-1.0,1639217,2.0,7,,0.0,2.0,4.0,B01,138Â 302Â 848,1.0
960446,201900001977,11,27,16:35,1,2,6,1.0,6.0,64445,PAIX,M,"43,3210600"," -0,3585900",64,2019,50.0,1.0,1.0,4.0,2146614,1.0,1,1,1,9.0,,-1.0,0,1985.0,B01,138Â 302Â 848,1.0,8.0,-1.0,1639216,2.0,7,,9.0,2.0,1.0,A01,138Â 302Â 847,1.0
960446,201900001977,11,27,16:35,1,2,6,1.0,6.0,64445,PAIX,M,"43,3210600"," -0,3585900",64,2019,50.0,1.0,1.0,4.0,2146614,1.0,1,1,1,9.0,,-1.0,0,1985.0,B01,138Â 302Â 848,1.0,8.0,-1.0,1639217,2.0,7,,0.0,2.0,4.0,B01,138Â 302Â 848,1.0
960447,201900001978,11,27,13:40,1,2,1,1.0,3.0,64132,"AVIATION, Bd",M,"43,3054400"," -0,3286100",64,2019,50.0,1.0,1.0,4.0,2146615,1.0,1,1,1,0.0,,0.0,0,1969.0,B01,138Â 302Â 845,1.0,0.0,-1.0,1639218,3.0,7,,0.0,2.0,2.0,B01,138Â 302Â 845,1.0
960447,201900001978,11,27,13:40,1,2,1,1.0,3.0,64132,"AVIATION, Bd",M,"43,3054400"," -0,3286100",64,2019,50.0,1.0,1.0,4.0,2146615,1.0,1,1,1,0.0,,0.0,0,1969.0,B01,138Â 302Â 845,1.0,0.0,-1.0,1639219,3.0,2,,0.0,2.0,8.0,A01,138Â 302Â 846,1.0