Unnamed: 0_x,num_acc,mois,jour,hrmn,lum,agg,int,atm,col,com,adr,gps,lat,long,dep,annee,vma,situ,surf,catr,Unnamed: 0_y,place,catu,grav,sexe,trajet,secu,locp,actp,an_nais,num_veh_x,id_vehicule_x,secu1,secu2,secu3,Unnamed: 0,senc,catv,occutc,obs,obsm,choc,num_veh_y,id_vehicule_y,motor
960447,201900001978,11,27,13:40,1,2,1,1.0,3.0,64132,"AVIATION, Bd",M,"43,3054400"," -0,3286100",64,2019,50.0,1.0,1.0,4.0,2146616,1.0,1,4,2,5.0,,0.0,0,1949.0,A01,138Â 302Â 846,8.0,0.0,-1.0,1639218,3.0,7,,0.0,2.0,2.0,B01,138Â 302Â 845,1.0
960447,201900001978,11,27,13:40,1,2,1,1.0,3.0,64132,"AVIATION, Bd",M,"43,3054400"," -0,3286100",64,2019,50.0,1.0,1.0,4.0,2146616,1.0,1,4,2,5.0,,0.0,0,1949.0,A01,138Â 302Â 846,8.0,0.0,-1.0,1639219,3.0,2,,0.0,2.0,8.0,A01,138Â 302Â 846,1.0
960448,201900001979,11,25,13:55,1,2,1,1.0,6.0,57757,PASTEUR (RUE),M,"49,3473300","6,1851000",57,2019,50.0,1.0,1.0,4.0,2146617,10.0,3,3,2,2.0,,2.0,3,2010.0,A01,138Â 302Â 842,0.0,-1.0,-1.0,1639220,1.0,7,,0.0,1.0,3.0,A01,138Â 302Â 842,1.0
960448,201900001979,11,25,13:55,1,2,1,1.0,6.0,57757,PASTEUR (RUE),M,"49,3473300","6,1851000",57,2019,50.0,1.0,1.0,4.0,2146618,1.0,1,1,2,1.0,,-1.0, -1,1991.0,A01,138Â 302Â 842,1.0,0.0,-1.0,1639220,1.0,7,,0.0,1.0,3.0,A01,138Â 302Â 842,1.0
960449,201900001980,11,25,15:40,1,2,1,1.0,6.0,56121,COMBES (RUE  EMILE ),M,"47,7569400"," -3,3727500",56,2019,30.0,1.0,1.0,4.0,2146619,10.0,3,2,1,5.0,,5.0,B,1956.0,A01,138Â 302Â 841,0.0,0.0,-1.0,1639221,2.0,10,,0.0,1.0,3.0,A01,138Â 302Â 841,1.0
960450,201900001981,11,25,13:05,1,2,2,1.0,1.0,54395,LEOPOLD (COURS),M,"48,6970500","6,1756440",54,2019,50.0,1.0,1.0,4.0,2146620,1.0,1,1,1,0.0,,-1.0,0,1965.0,B01,138Â 302Â 838,1.0,0.0,-1.0,1639222,1.0,7,,0.0,2.0,3.0,B01,138Â 302Â 838,1.0
960450,201900001981,11,25,13:05,1,2,2,1.0,1.0,54395,LEOPOLD (COURS),M,"48,6970500","6,1756440",54,2019,50.0,1.0,1.0,4.0,2146620,1.0,1,1,1,0.0,,-1.0,0,1965.0,B01,138Â 302Â 838,1.0,0.0,-1.0,1639223,2.0,1,,0.0,2.0,1.0,A01,138Â 302Â 839,5.0
960450,201900001981,11,25,13:05,1,2,2,1.0,1.0,54395,LEOPOLD (COURS),M,"48,6970500","6,1756440",54,2019,50.0,1.0,1.0,4.0,2146621,1.0,1,4,1,1.0,,-1.0,0,1986.0,A01,138Â 302Â 839,2.0,0.0,-1.0,1639222,1.0,7,,0.0,2.0,3.0,B01,138Â 302Â 838,1.0
960450,201900001981,11,25,13:05,1,2,2,1.0,1.0,54395,LEOPOLD (COURS),M,"48,6970500","6,1756440",54,2019,50.0,1.0,1.0,4.0,2146621,1.0,1,4,1,1.0,,-1.0,0,1986.0,A01,138Â 302Â 839,2.0,0.0,-1.0,1639223,2.0,1,,0.0,2.0,1.0,A01,138Â 302Â 839,5.0
960451,201900001982,11,27,12:30,1,2,1,1.0,2.0,51454,BOULEVARD DES BELGES,M,"49,2763057","4,0267351",51,2019,50.0,1.0,1.0,4.0,2146622,1.0,1,1,2,0.0,,-1.0,0,1988.0,A01,138Â 302Â 836,1.0,0.0,-1.0,1639224,0.0,7,,0.0,2.0,4.0,A01,138Â 302Â 836,0.0
960451,201900001982,11,27,12:30,1,2,1,1.0,2.0,51454,BOULEVARD DES BELGES,M,"49,2763057","4,0267351",51,2019,50.0,1.0,1.0,4.0,2146622,1.0,1,1,2,0.0,,-1.0,0,1988.0,A01,138Â 302Â 836,1.0,0.0,-1.0,1639225,0.0,7,,0.0,2.0,1.0,B01,138Â 302Â 837,0.0
960451,201900001982,11,27,12:30,1,2,1,1.0,2.0,51454,BOULEVARD DES BELGES,M,"49,2763057","4,0267351",51,2019,50.0,1.0,1.0,4.0,2146623,2.0,2,4,2,0.0,,-1.0,0,1988.0,A01,138Â 302Â 836,1.0,0.0,-1.0,1639224,0.0,7,,0.0,2.0,4.0,A01,138Â 302Â 836,0.0
960451,201900001982,11,27,12:30,1,2,1,1.0,2.0,51454,BOULEVARD DES BELGES,M,"49,2763057","4,0267351",51,2019,50.0,1.0,1.0,4.0,2146623,2.0,2,4,2,0.0,,-1.0,0,1988.0,A01,138Â 302Â 836,1.0,0.0,-1.0,1639225,0.0,7,,0.0,2.0,1.0,B01,138Â 302Â 837,0.0
960451,201900001982,11,27,12:30,1,2,1,1.0,2.0,51454,BOULEVARD DES BELGES,M,"49,2763057","4,0267351",51,2019,50.0,1.0,1.0,4.0,2146624,1.0,1,1,1,0.0,,-1.0,0,1978.0,B01,138Â 302Â 837,1.0,0.0,-1.0,1639224,0.0,7,,0.0,2.0,4.0,A01,138Â 302Â 836,0.0
960451,201900001982,11,27,12:30,1,2,1,1.0,2.0,51454,BOULEVARD DES BELGES,M,"49,2763057","4,0267351",51,2019,50.0,1.0,1.0,4.0,2146624,1.0,1,1,1,0.0,,-1.0,0,1978.0,B01,138Â 302Â 837,1.0,0.0,-1.0,1639225,0.0,7,,0.0,2.0,1.0,B01,138Â 302Â 837,0.0
960452,201900001983,11,26,17:37,5,2,3,1.0,3.0,45004,R DE LA NIVELLE - ACCES D2060,M,"47,9848102","2,7492141",45,2019,50.0,1.0,1.0,3.0,2146625,1.0,1,1,1,0.0,,-1.0, -1,2001.0,A01,138Â 302Â 832,1.0,0.0,-1.0,1639226,1.0,7,,0.0,2.0,3.0,A01,138Â 302Â 832,1.0
960452,201900001983,11,26,17:37,5,2,3,1.0,3.0,45004,R DE LA NIVELLE - ACCES D2060,M,"47,9848102","2,7492141",45,2019,50.0,1.0,1.0,3.0,2146625,1.0,1,1,1,0.0,,-1.0, -1,2001.0,A01,138Â 302Â 832,1.0,0.0,-1.0,1639227,1.0,30,,0.0,2.0,1.0,B01,138Â 302Â 833,1.0
960452,201900001983,11,26,17:37,5,2,3,1.0,3.0,45004,R DE LA NIVELLE - ACCES D2060,M,"47,9848102","2,7492141",45,2019,50.0,1.0,1.0,3.0,2146626,1.0,1,4,1,0.0,,0.0,0,1980.0,B01,138Â 302Â 833,2.0,0.0,-1.0,1639226,1.0,7,,0.0,2.0,3.0,A01,138Â 302Â 832,1.0
960452,201900001983,11,26,17:37,5,2,3,1.0,3.0,45004,R DE LA NIVELLE - ACCES D2060,M,"47,9848102","2,7492141",45,2019,50.0,1.0,1.0,3.0,2146626,1.0,1,4,1,0.0,,0.0,0,1980.0,B01,138Â 302Â 833,2.0,0.0,-1.0,1639227,1.0,30,,0.0,2.0,1.0,B01,138Â 302Â 833,1.0
960453,201900001984,11,27,07:00,5,2,1,2.0,6.0,44109,BD MARTYRS N. DE LA RESISTANCE,M,"47,2048900"," -1,5470400",44,2019,50.0,1.0,2.0,4.0,2146627,1.0,1,1,1,1.0,,-1.0, -1,1962.0,A01,138Â 302Â 831,2.0,0.0,-1.0,1639228,1.0,30,,0.0,1.0,7.0,A01,138Â 302Â 831,1.0
960453,201900001984,11,27,07:00,5,2,1,2.0,6.0,44109,BD MARTYRS N. DE LA RESISTANCE,M,"47,2048900"," -1,5470400",44,2019,50.0,1.0,2.0,4.0,2146628,10.0,3,4,2,0.0,,3.0,3,1975.0,A01,138Â 302Â 831,8.0,0.0,-1.0,1639228,1.0,30,,0.0,1.0,7.0,A01,138Â 302Â 831,1.0
960454,201900001985,11,27,17:34,5,2,1,1.0,6.0,41018,FOIX (QUAI DU),M,"47,5812600","1,3283800",41,2019,50.0,1.0,2.0,4.0,2146629,10.0,3,3,2,0.0,,3.0,3,1938.0,A01,138Â 302Â 829,8.0,0.0,-1.0,1639229,1.0,7,,0.0,1.0,3.0,A01,138Â 302Â 829,1.0
960454,201900001985,11,27,17:34,5,2,1,1.0,6.0,41018,FOIX (QUAI DU),M,"47,5812600","1,3283800",41,2019,50.0,1.0,2.0,4.0,2146630,1.0,1,1,2,1.0,,0.0, -1,1964.0,A01,138Â 302Â 829,1.0,0.0,-1.0,1639229,1.0,7,,0.0,1.0,3.0,A01,138Â 302Â 829,1.0
960454,201900001985,11,27,17:34,5,2,1,1.0,6.0,41018,FOIX (QUAI DU),M,"47,5812600","1,3283800",41,2019,50.0,1.0,2.0,4.0,2146631,10.0,3,4,1,5.0,,3.0,3,1935.0,A01,138Â 302Â 829,8.0,0.0,-1.0,1639229,1.0,7,,0.0,1.0,3.0,A01,138Â 302Â 829,1.0
960455,201900001986,11,25,21:35,5,2,2,2.0,3.0,37261,RENAULT (RUE DU GAL),M,"47,3797300","0,6773800",37,2019,50.0,1.0,2.0,4.0,2146632,1.0,1,1,2,9.0,,-1.0,0,1999.0,A01,138Â 302Â 825,1.0,0.0,-1.0,1639230,3.0,7,,0.0,2.0,1.0,A01,138Â 302Â 825,1.0
960455,201900001986,11,25,21:35,5,2,2,2.0,3.0,37261,RENAULT (RUE DU GAL),M,"47,3797300","0,6773800",37,2019,50.0,1.0,2.0,4.0,2146632,1.0,1,1,2,9.0,,-1.0,0,1999.0,A01,138Â 302Â 825,1.0,0.0,-1.0,1639231,3.0,7,,0.0,2.0,7.0,B01,138Â 302Â 826,1.0
960455,201900001986,11,25,21:35,5,2,2,2.0,3.0,37261,RENAULT (RUE DU GAL),M,"47,3797300","0,6773800",37,2019,50.0,1.0,2.0,4.0,2146633,1.0,1,4,1,9.0,,-1.0,0,1956.0,B01,138Â 302Â 826,1.0,0.0,-1.0,1639230,3.0,7,,0.0,2.0,1.0,A01,138Â 302Â 825,1.0
960455,201900001986,11,25,21:35,5,2,2,2.0,3.0,37261,RENAULT (RUE DU GAL),M,"47,3797300","0,6773800",37,2019,50.0,1.0,2.0,4.0,2146633,1.0,1,4,1,9.0,,-1.0,0,1956.0,B01,138Â 302Â 826,1.0,0.0,-1.0,1639231,3.0,7,,0.0,2.0,7.0,B01,138Â 302Â 826,1.0
960456,201900001987,11,27,19:15,5,2,1,1.0,6.0,37214,DE GAULLE (BD CHARLES),M,"47,4177118","0,6655841",37,2019,50.0,1.0,1.0,4.0,2146634,1.0,1,1,1,5.0,,-1.0,0,1939.0,A01,138Â 302Â 823,1.0,8.0,-1.0,1639232,3.0,7,,0.0,2.0,1.0,A01,138Â 302Â 823,1.0
960456,201900001987,11,27,19:15,5,2,1,1.0,6.0,37214,DE GAULLE (BD CHARLES),M,"47,4177118","0,6655841",37,2019,50.0,1.0,1.0,4.0,2146634,1.0,1,1,1,5.0,,-1.0,0,1939.0,A01,138Â 302Â 823,1.0,8.0,-1.0,1639233,3.0,1,,0.0,2.0,7.0,B01,138Â 302Â 824,5.0
960456,201900001987,11,27,19:15,5,2,1,1.0,6.0,37214,DE GAULLE (BD CHARLES),M,"47,4177118","0,6655841",37,2019,50.0,1.0,1.0,4.0,2146635,1.0,1,4,2,5.0,,-1.0,0,1955.0,B01,138Â 302Â 824,2.0,8.0,-1.0,1639232,3.0,7,,0.0,2.0,1.0,A01,138Â 302Â 823,1.0
960456,201900001987,11,27,19:15,5,2,1,1.0,6.0,37214,DE GAULLE (BD CHARLES),M,"47,4177118","0,6655841",37,2019,50.0,1.0,1.0,4.0,2146635,1.0,1,4,2,5.0,,-1.0,0,1955.0,B01,138Â 302Â 824,2.0,8.0,-1.0,1639233,3.0,1,,0.0,2.0,7.0,B01,138Â 302Â 824,5.0
960457,201900001988,11,27,08:00,5,2,1,2.0,7.0,37261,GILLES (RUE CHARLES),M,"47,3884900","0,6904100",37,2019,50.0,1.0,2.0,4.0,2146636,1.0,1,4,1,1.0,,-1.0,0,1975.0,A01,138Â 302Â 822,8.0,8.0,-1.0,1639234,1.0,1,,0.0,0.0,0.0,A01,138Â 302Â 822,5.0
960458,201900001989,11,26,07:50,2,2,1,2.0,6.0,37122,MONNET (RUE JEAN),M,"47,3383900","0,6577500",37,2019,50.0,2.0,2.0,4.0,2146637,10.0,3,3,2,1.0,,2.0,8,1998.0,A01,138Â 302Â 821,8.0,0.0,-1.0,1639235,2.0,10,,0.0,1.0,2.0,A01,138Â 302Â 821,1.0
960458,201900001989,11,26,07:50,2,2,1,2.0,6.0,37122,MONNET (RUE JEAN),M,"47,3383900","0,6577500",37,2019,50.0,2.0,2.0,4.0,2146638,1.0,1,1,1,4.0,,-1.0,0,1963.0,A01,138Â 302Â 821,1.0,8.0,-1.0,1639235,2.0,10,,0.0,1.0,2.0,A01,138Â 302Â 821,1.0
960459,201900001990,11,25,18:14,5,2,1,9.0,6.0,36044,PASSAGE PIETON RUE DU 11 NOVEMBRE,M,"46,8061553","1,7046295",36,2019,50.0,1.0,2.0,4.0,2146639,10.0,3,4,2,3.0,,2.0,3,1982.0,A01,138Â 302Â 820,0.0,-1.0,-1.0,1639236,1.0,7,,0.0,1.0,3.0,A01,138Â 302Â 820,1.0
960459,201900001990,11,25,18:14,5,2,1,9.0,6.0,36044,PASSAGE PIETON RUE DU 11 NOVEMBRE,M,"46,8061553","1,7046295",36,2019,50.0,1.0,2.0,4.0,2146640,1.0,1,1,1,9.0,,0.0,0,1930.0,A01,138Â 302Â 820,1.0,-1.0,-1.0,1639236,1.0,7,,0.0,1.0,3.0,A01,138Â 302Â 820,1.0
960460,201900001991,11,22,18:20,5,2,2,1.0,3.0,36044,AVENUE DE VERDUN,M,"46,7962500","1,6988500",36,2019,50.0,1.0,1.0,4.0,2146641,1.0,1,1,1,5.0,,-1.0,0,1975.0,B01,138Â 302Â 818,1.0,8.0,-1.0,1639237,2.0,7,,0.0,9.0,5.0,B01,138Â 302Â 818,1.0
960460,201900001991,11,22,18:20,5,2,2,1.0,3.0,36044,AVENUE DE VERDUN,M,"46,7962500","1,6988500",36,2019,50.0,1.0,1.0,4.0,2146641,1.0,1,1,1,5.0,,-1.0,0,1975.0,B01,138Â 302Â 818,1.0,8.0,-1.0,1639238,1.0,2,,0.0,2.0,1.0,A01,138Â 302Â 819,1.0
960460,201900001991,11,22,18:20,5,2,2,1.0,3.0,36044,AVENUE DE VERDUN,M,"46,7962500","1,6988500",36,2019,50.0,1.0,1.0,4.0,2146642,1.0,1,4,1,5.0,,-1.0,0,2003.0,A01,138Â 302Â 819,2.0,6.0,-1.0,1639237,2.0,7,,0.0,9.0,5.0,B01,138Â 302Â 818,1.0
960460,201900001991,11,22,18:20,5,2,2,1.0,3.0,36044,AVENUE DE VERDUN,M,"46,7962500","1,6988500",36,2019,50.0,1.0,1.0,4.0,2146642,1.0,1,4,1,5.0,,-1.0,0,2003.0,A01,138Â 302Â 819,2.0,6.0,-1.0,1639238,1.0,2,,0.0,2.0,1.0,A01,138Â 302Â 819,1.0
960461,201900001992,11,27,11:30,1,2,1,1.0,6.0,35238,LYONNAIS (DU),M,"48,1236200"," -1,7081200",35,2019,30.0,-1.0,1.0,4.0,2146643,1.0,1,1,2,0.0,,-1.0, -1,1962.0,A01,138Â 302Â 817,1.0,0.0,-1.0,1639239,3.0,7,,0.0,1.0,0.0,A01,138Â 302Â 817,1.0
960461,201900001992,11,27,11:30,1,2,1,1.0,6.0,35238,LYONNAIS (DU),M,"48,1236200"," -1,7081200",35,2019,30.0,-1.0,1.0,4.0,2146644,10.0,3,4,1,5.0,,3.0,3,1954.0,A01,138Â 302Â 817,8.0,0.0,-1.0,1639239,3.0,7,,0.0,1.0,0.0,A01,138Â 302Â 817,1.0
960462,201900001993,11,26,19:40,5,2,3,1.0,3.0,33063,AVE DE LABARDE,M,"44,8827300"," -0,5507200",33,2019,50.0,1.0,1.0,4.0,2146645,1.0,1,4,1,0.0,,-1.0, -1,1994.0,A01,138Â 302Â 814,8.0,0.0,-1.0,1639240,1.0,33,,0.0,2.0,1.0,A01,138Â 302Â 814,1.0
960462,201900001993,11,26,19:40,5,2,3,1.0,3.0,33063,AVE DE LABARDE,M,"44,8827300"," -0,5507200",33,2019,50.0,1.0,1.0,4.0,2146645,1.0,1,4,1,0.0,,-1.0, -1,1994.0,A01,138Â 302Â 814,8.0,0.0,-1.0,1639241,2.0,7,,14.0,2.0,3.0,B01,138Â 302Â 815,1.0
960462,201900001993,11,26,19:40,5,2,3,1.0,3.0,33063,AVE DE LABARDE,M,"44,8827300"," -0,5507200",33,2019,50.0,1.0,1.0,4.0,2146646,1.0,1,4,2,0.0,,-1.0, -1,1983.0,B01,138Â 302Â 815,8.0,0.0,-1.0,1639240,1.0,33,,0.0,2.0,1.0,A01,138Â 302Â 814,1.0
960462,201900001993,11,26,19:40,5,2,3,1.0,3.0,33063,AVE DE LABARDE,M,"44,8827300"," -0,5507200",33,2019,50.0,1.0,1.0,4.0,2146646,1.0,1,4,2,0.0,,-1.0, -1,1983.0,B01,138Â 302Â 815,8.0,0.0,-1.0,1639241,2.0,7,,14.0,2.0,3.0,B01,138Â 302Â 815,1.0
960463,201900001994,11,26,18:30,5,2,1,1.0,6.0,33162,AVE DU MEDOC,M,"44,8845000"," -0,6351200",33,2019,50.0,1.0,1.0,4.0,2146647,1.0,1,1,1,0.0,,-1.0, -1,1932.0,A01,138Â 302Â 813,1.0,0.0,-1.0,1639242,1.0,7,,0.0,1.0,1.0,A01,138Â 302Â 813,1.0
960463,201900001994,11,26,18:30,5,2,1,1.0,6.0,33162,AVE DU MEDOC,M,"44,8845000"," -0,6351200",33,2019,50.0,1.0,1.0,4.0,2146648,10.0,3,3,2,0.0,,1.0,3,1938.0,A01,138Â 302Â 813,8.0,0.0,-1.0,1639242,1.0,7,,0.0,1.0,1.0,A01,138Â 302Â 813,1.0
960464,201900001995,11,26,07:55,1,2,6,1.0,6.0,33318,AVE ROGER COHE,M,"44,8128700"," -0,6348500",33,2019,50.0,1.0,1.0,4.0,2146649,10.0,3,4,1,0.0,,3.0,3,2008.0,A01,138Â 302Â 812,8.0,0.0,-1.0,1639243,1.0,7,,0.0,1.0,8.0,A01,138Â 302Â 812,1.0
960464,201900001995,11,26,07:55,1,2,6,1.0,6.0,33318,AVE ROGER COHE,M,"44,8128700"," -0,6348500",33,2019,50.0,1.0,1.0,4.0,2146650,1.0,1,1,1,0.0,,-1.0, -1,1988.0,A01,138Â 302Â 812,8.0,0.0,-1.0,1639243,1.0,7,,0.0,1.0,8.0,A01,138Â 302Â 812,1.0
960465,201900001996,11,26,01:35,5,2,6,9.0,6.0,33063,AVE DES TROIS CARDINAUX,M,"44,8881800"," -0,5599200",33,2019,50.0,1.0,1.0,4.0,2146651,10.0,3,4,2,0.0,,9.0,9,1966.0,A01,138Â 302Â 811,8.0,0.0,-1.0,1639244,2.0,10,,0.0,1.0,1.0,A01,138Â 302Â 811,1.0
960465,201900001996,11,26,01:35,5,2,6,9.0,6.0,33063,AVE DES TROIS CARDINAUX,M,"44,8881800"," -0,5599200",33,2019,50.0,1.0,1.0,4.0,2146652,1.0,1,1,1,0.0,,0.0,0,1984.0,A01,138Â 302Â 811,8.0,0.0,-1.0,1639244,2.0,10,,0.0,1.0,1.0,A01,138Â 302Â 811,1.0
960466,201900001997,11,27,05:30,5,2,1,1.0,3.0,31555,BD DE LA MARQUETTE,M,"43,6154800","1,4353800",31,2019,50.0,1.0,2.0,4.0,2146653,1.0,1,4,1,2.0,,-1.0, -1,1995.0,A01,138Â 302Â 809,2.0,0.0,-1.0,1639245,2.0,1,,0.0,2.0,1.0,A01,138Â 302Â 809,5.0
960466,201900001997,11,27,05:30,5,2,1,1.0,3.0,31555,BD DE LA MARQUETTE,M,"43,6154800","1,4353800",31,2019,50.0,1.0,2.0,4.0,2146653,1.0,1,4,1,2.0,,-1.0, -1,1995.0,A01,138Â 302Â 809,2.0,0.0,-1.0,1639246,1.0,7,,0.0,2.0,1.0,B01,138Â 302Â 810,1.0
960466,201900001997,11,27,05:30,5,2,1,1.0,3.0,31555,BD DE LA MARQUETTE,M,"43,6154800","1,4353800",31,2019,50.0,1.0,2.0,4.0,2146654,1.0,1,1,1,9.0,,-1.0, -1,1985.0,B01,138Â 302Â 810,1.0,8.0,-1.0,1639245,2.0,1,,0.0,2.0,1.0,A01,138Â 302Â 809,5.0
960466,201900001997,11,27,05:30,5,2,1,1.0,3.0,31555,BD DE LA MARQUETTE,M,"43,6154800","1,4353800",31,2019,50.0,1.0,2.0,4.0,2146654,1.0,1,1,1,9.0,,-1.0, -1,1985.0,B01,138Â 302Â 810,1.0,8.0,-1.0,1639246,1.0,7,,0.0,2.0,1.0,B01,138Â 302Â 810,1.0
960467,201900001998,11,26,17:45,5,2,1,1.0,6.0,31555,BD LASCROSSES,M,"43,6114000","1,4384600",31,2019,50.0,1.0,1.0,4.0,2146655,1.0,1,1,2,5.0,,-1.0, -1,1931.0,A01,138Â 302Â 808,1.0,8.0,-1.0,1639247,2.0,7,,0.0,1.0,1.0,A01,138Â 302Â 808,1.0
960467,201900001998,11,26,17:45,5,2,1,1.0,6.0,31555,BD LASCROSSES,M,"43,6114000","1,4384600",31,2019,50.0,1.0,1.0,4.0,2146656,10.0,3,4,1,9.0,,4.0,3,2019.0,A01,138Â 302Â 808,8.0,0.0,-1.0,1639247,2.0,7,,0.0,1.0,1.0,A01,138Â 302Â 808,1.0
960468,201900001999,11,27,13:25,1,2,1,1.0,2.0,30007,GOUBERT (AVE DOCTEUR JEAAN),M,"44,1429993","4,0927063",30,2019,50.0,1.0,1.0,4.0,2146657,2.0,2,4,1,5.0,,-1.0, -1,1969.0,B01,138Â 302Â 806,1.0,0.0,-1.0,1639248,3.0,7,,0.0,2.0,4.0,B01,138Â 302Â 806,1.0
960468,201900001999,11,27,13:25,1,2,1,1.0,2.0,30007,GOUBERT (AVE DOCTEUR JEAAN),M,"44,1429993","4,0927063",30,2019,50.0,1.0,1.0,4.0,2146657,2.0,2,4,1,5.0,,-1.0, -1,1969.0,B01,138Â 302Â 806,1.0,0.0,-1.0,1639249,3.0,7,,1.0,0.0,1.0,A01,138Â 302Â 807,1.0
960468,201900001999,11,27,13:25,1,2,1,1.0,2.0,30007,GOUBERT (AVE DOCTEUR JEAAN),M,"44,1429993","4,0927063",30,2019,50.0,1.0,1.0,4.0,2146658,1.0,1,4,1,5.0,,-1.0, -1,1980.0,B01,138Â 302Â 806,1.0,0.0,-1.0,1639248,3.0,7,,0.0,2.0,4.0,B01,138Â 302Â 806,1.0
960468,201900001999,11,27,13:25,1,2,1,1.0,2.0,30007,GOUBERT (AVE DOCTEUR JEAAN),M,"44,1429993","4,0927063",30,2019,50.0,1.0,1.0,4.0,2146658,1.0,1,4,1,5.0,,-1.0, -1,1980.0,B01,138Â 302Â 806,1.0,0.0,-1.0,1639249,3.0,7,,1.0,0.0,1.0,A01,138Â 302Â 807,1.0
960468,201900001999,11,27,13:25,1,2,1,1.0,2.0,30007,GOUBERT (AVE DOCTEUR JEAAN),M,"44,1429993","4,0927063",30,2019,50.0,1.0,1.0,4.0,2146659,1.0,1,4,1,5.0,,-1.0, -1,1971.0,A01,138Â 302Â 807,1.0,0.0,-1.0,1639248,3.0,7,,0.0,2.0,4.0,B01,138Â 302Â 806,1.0
960468,201900001999,11,27,13:25,1,2,1,1.0,2.0,30007,GOUBERT (AVE DOCTEUR JEAAN),M,"44,1429993","4,0927063",30,2019,50.0,1.0,1.0,4.0,2146659,1.0,1,4,1,5.0,,-1.0, -1,1971.0,A01,138Â 302Â 807,1.0,0.0,-1.0,1639249,3.0,7,,1.0,0.0,1.0,A01,138Â 302Â 807,1.0
960469,201900002000,11,26,09:10,1,2,6,1.0,2.0,27375,GRIL (RUE DU),M,"49,2126700","1,1735100",27,2019,30.0,2.0,2.0,4.0,2146660,1.0,1,4,2,9.0,,-1.0, -1,1997.0,B01,138Â 302Â 802,2.0,6.0,-1.0,1639250,1.0,33,,0.0,2.0,4.0,B01,138Â 302Â 802,1.0
960469,201900002000,11,26,09:10,1,2,6,1.0,2.0,27375,GRIL (RUE DU),M,"49,2126700","1,1735100",27,2019,30.0,2.0,2.0,4.0,2146660,1.0,1,4,2,9.0,,-1.0, -1,1997.0,B01,138Â 302Â 802,2.0,6.0,-1.0,1639251,1.0,7,,0.0,2.0,1.0,A01,138Â 302Â 803,1.0
960469,201900002000,11,26,09:10,1,2,6,1.0,2.0,27375,GRIL (RUE DU),M,"49,2126700","1,1735100",27,2019,30.0,2.0,2.0,4.0,2146661,1.0,1,1,1,9.0,,-1.0, -1,1948.0,A01,138Â 302Â 803,1.0,0.0,-1.0,1639250,1.0,33,,0.0,2.0,4.0,B01,138Â 302Â 802,1.0
960469,201900002000,11,26,09:10,1,2,6,1.0,2.0,27375,GRIL (RUE DU),M,"49,2126700","1,1735100",27,2019,30.0,2.0,2.0,4.0,2146661,1.0,1,1,1,9.0,,-1.0, -1,1948.0,A01,138Â 302Â 803,1.0,0.0,-1.0,1639251,1.0,7,,0.0,2.0,1.0,A01,138Â 302Â 803,1.0
960470,201900002001,11,26,15:42,1,1,1,2.0,1.0,24037,N1021 (rocade RN21-D660),M,"44,8312000","0,5231600",24,2019,80.0,1.0,1.0,2.0,2146662,2.0,2,1,1,4.0,,-1.0,0,1995.0,A01,138Â 302Â 800,1.0,0.0,-1.0,1639252,1.0,10,,0.0,2.0,6.0,A01,138Â 302Â 800,1.0
960470,201900002001,11,26,15:42,1,1,1,2.0,1.0,24037,N1021 (rocade RN21-D660),M,"44,8312000","0,5231600",24,2019,80.0,1.0,1.0,2.0,2146662,2.0,2,1,1,4.0,,-1.0,0,1995.0,A01,138Â 302Â 800,1.0,0.0,-1.0,1639253,2.0,7,,0.0,2.0,1.0,B01,138Â 302Â 801,1.0
960470,201900002001,11,26,15:42,1,1,1,2.0,1.0,24037,N1021 (rocade RN21-D660),M,"44,8312000","0,5231600",24,2019,80.0,1.0,1.0,2.0,2146663,1.0,1,1,1,4.0,,-1.0,0,1966.0,A01,138Â 302Â 800,1.0,0.0,-1.0,1639252,1.0,10,,0.0,2.0,6.0,A01,138Â 302Â 800,1.0
960470,201900002001,11,26,15:42,1,1,1,2.0,1.0,24037,N1021 (rocade RN21-D660),M,"44,8312000","0,5231600",24,2019,80.0,1.0,1.0,2.0,2146663,1.0,1,1,1,4.0,,-1.0,0,1966.0,A01,138Â 302Â 800,1.0,0.0,-1.0,1639253,2.0,7,,0.0,2.0,1.0,B01,138Â 302Â 801,1.0
960470,201900002001,11,26,15:42,1,1,1,2.0,1.0,24037,N1021 (rocade RN21-D660),M,"44,8312000","0,5231600",24,2019,80.0,1.0,1.0,2.0,2146664,1.0,1,3,1,4.0,,-1.0,0,1958.0,B01,138Â 302Â 801,1.0,0.0,-1.0,1639252,1.0,10,,0.0,2.0,6.0,A01,138Â 302Â 800,1.0
960470,201900002001,11,26,15:42,1,1,1,2.0,1.0,24037,N1021 (rocade RN21-D660),M,"44,8312000","0,5231600",24,2019,80.0,1.0,1.0,2.0,2146664,1.0,1,3,1,4.0,,-1.0,0,1958.0,B01,138Â 302Â 801,1.0,0.0,-1.0,1639253,2.0,7,,0.0,2.0,1.0,B01,138Â 302Â 801,1.0
960471,201900002002,11,26,20:10,5,2,2,1.0,3.0,21231,MARECHAL GALLIENI (BOULEVARD),M,"47,3397580","5,0420450",21,2019,50.0,1.0,1.0,4.0,2146665,3.0,2,4,1,5.0,,-1.0, -1,1994.0,B01,138Â 302Â 796,1.0,0.0,-1.0,1639254,2.0,7,,0.0,2.0,6.0,B01,138Â 302Â 796,1.0