Unnamed: 0_x,num_acc,mois,jour,hrmn,lum,agg,int,atm,col,com,adr,gps,lat,long,dep,annee,vma,situ,surf,catr,Unnamed: 0_y,place,catu,grav,sexe,trajet,secu,locp,actp,an_nais,num_veh_x,id_vehicule_x,secu1,secu2,secu3,Unnamed: 0,senc,catv,occutc,obs,obsm,choc,num_veh_y,id_vehicule_y,motor
960471,201900002002,11,26,20:10,5,2,2,1.0,3.0,21231,MARECHAL GALLIENI (BOULEVARD),M,"47,3397580","5,0420450",21,2019,50.0,1.0,1.0,4.0,2146665,3.0,2,4,1,5.0,,-1.0, -1,1994.0,B01,138Â 302Â 796,1.0,0.0,-1.0,1639255,2.0,7,,0.0,2.0,3.0,A01,138Â 302Â 797,1.0
960471,201900002002,11,26,20:10,5,2,2,1.0,3.0,21231,MARECHAL GALLIENI (BOULEVARD),M,"47,3397580","5,0420450",21,2019,50.0,1.0,1.0,4.0,2146666,2.0,2,4,1,5.0,,-1.0, -1,1997.0,B01,138Â 302Â 796,1.0,0.0,-1.0,1639254,2.0,7,,0.0,2.0,6.0,B01,138Â 302Â 796,1.0
960471,201900002002,11,26,20:10,5,2,2,1.0,3.0,21231,MARECHAL GALLIENI (BOULEVARD),M,"47,3397580","5,0420450",21,2019,50.0,1.0,1.0,4.0,2146666,2.0,2,4,1,5.0,,-1.0, -1,1997.0,B01,138Â 302Â 796,1.0,0.0,-1.0,1639255,2.0,7,,0.0,2.0,3.0,A01,138Â 302Â 797,1.0
960471,201900002002,11,26,20:10,5,2,2,1.0,3.0,21231,MARECHAL GALLIENI (BOULEVARD),M,"47,3397580","5,0420450",21,2019,50.0,1.0,1.0,4.0,2146667,1.0,1,4,1,5.0,,-1.0,0,1993.0,B01,138Â 302Â 796,1.0,0.0,-1.0,1639254,2.0,7,,0.0,2.0,6.0,B01,138Â 302Â 796,1.0
960471,201900002002,11,26,20:10,5,2,2,1.0,3.0,21231,MARECHAL GALLIENI (BOULEVARD),M,"47,3397580","5,0420450",21,2019,50.0,1.0,1.0,4.0,2146667,1.0,1,4,1,5.0,,-1.0,0,1993.0,B01,138Â 302Â 796,1.0,0.0,-1.0,1639255,2.0,7,,0.0,2.0,3.0,A01,138Â 302Â 797,1.0
960471,201900002002,11,26,20:10,5,2,2,1.0,3.0,21231,MARECHAL GALLIENI (BOULEVARD),M,"47,3397580","5,0420450",21,2019,50.0,1.0,1.0,4.0,2146668,1.0,1,1,1,5.0,,-1.0, -1,1998.0,A01,138Â 302Â 797,1.0,0.0,-1.0,1639254,2.0,7,,0.0,2.0,6.0,B01,138Â 302Â 796,1.0
960471,201900002002,11,26,20:10,5,2,2,1.0,3.0,21231,MARECHAL GALLIENI (BOULEVARD),M,"47,3397580","5,0420450",21,2019,50.0,1.0,1.0,4.0,2146668,1.0,1,1,1,5.0,,-1.0, -1,1998.0,A01,138Â 302Â 797,1.0,0.0,-1.0,1639255,2.0,7,,0.0,2.0,3.0,A01,138Â 302Â 797,1.0
960472,201900002003,11,27,18:40,2,1,1,1.0,3.0,17415,RD 137,M,"45,7205700"," -0,6374400",17,2019,70.0,1.0,1.0,3.0,2146669,1.0,1,4,1,0.0,,-1.0,0,1965.0,B01,138Â 302Â 794,1.0,0.0,-1.0,1639256,1.0,7,,0.0,2.0,2.0,B01,138Â 302Â 794,1.0
960472,201900002003,11,27,18:40,2,1,1,1.0,3.0,17415,RD 137,M,"45,7205700"," -0,6374400",17,2019,70.0,1.0,1.0,3.0,2146669,1.0,1,4,1,0.0,,-1.0,0,1965.0,B01,138Â 302Â 794,1.0,0.0,-1.0,1639257,1.0,7,,0.0,2.0,3.0,A01,138Â 302Â 795,1.0
960472,201900002003,11,27,18:40,2,1,1,1.0,3.0,17415,RD 137,M,"45,7205700"," -0,6374400",17,2019,70.0,1.0,1.0,3.0,2146670,2.0,2,1,1,0.0,,-1.0,0,1989.0,B01,138Â 302Â 794,1.0,0.0,-1.0,1639256,1.0,7,,0.0,2.0,2.0,B01,138Â 302Â 794,1.0
960472,201900002003,11,27,18:40,2,1,1,1.0,3.0,17415,RD 137,M,"45,7205700"," -0,6374400",17,2019,70.0,1.0,1.0,3.0,2146670,2.0,2,1,1,0.0,,-1.0,0,1989.0,B01,138Â 302Â 794,1.0,0.0,-1.0,1639257,1.0,7,,0.0,2.0,3.0,A01,138Â 302Â 795,1.0
960472,201900002003,11,27,18:40,2,1,1,1.0,3.0,17415,RD 137,M,"45,7205700"," -0,6374400",17,2019,70.0,1.0,1.0,3.0,2146671,1.0,1,1,1,5.0,,-1.0,0,1989.0,A01,138Â 302Â 795,1.0,0.0,-1.0,1639256,1.0,7,,0.0,2.0,2.0,B01,138Â 302Â 794,1.0
960472,201900002003,11,27,18:40,2,1,1,1.0,3.0,17415,RD 137,M,"45,7205700"," -0,6374400",17,2019,70.0,1.0,1.0,3.0,2146671,1.0,1,1,1,5.0,,-1.0,0,1989.0,A01,138Â 302Â 795,1.0,0.0,-1.0,1639257,1.0,7,,0.0,2.0,3.0,A01,138Â 302Â 795,1.0
960472,201900002003,11,27,18:40,2,1,1,1.0,3.0,17415,RD 137,M,"45,7205700"," -0,6374400",17,2019,70.0,1.0,1.0,3.0,2146672,2.0,2,1,2,0.0,,-1.0,0,1994.0,A01,138Â 302Â 795,1.0,0.0,-1.0,1639256,1.0,7,,0.0,2.0,2.0,B01,138Â 302Â 794,1.0
960472,201900002003,11,27,18:40,2,1,1,1.0,3.0,17415,RD 137,M,"45,7205700"," -0,6374400",17,2019,70.0,1.0,1.0,3.0,2146672,2.0,2,1,2,0.0,,-1.0,0,1994.0,A01,138Â 302Â 795,1.0,0.0,-1.0,1639257,1.0,7,,0.0,2.0,3.0,A01,138Â 302Â 795,1.0
960473,201900002004,11,27,16:00,1,1,1,2.0,5.0,17291,RN 11,M,"46,1733800"," -1,1155700",17,2019,70.0,1.0,2.0,2.0,2146673,1.0,1,4,2,5.0,,-1.0,0,1990.0,A01,138Â 302Â 791,1.0,0.0,-1.0,1639258,2.0,7,,0.0,2.0,1.0,A01,138Â 302Â 791,1.0
960473,201900002004,11,27,16:00,1,1,1,2.0,5.0,17291,RN 11,M,"46,1733800"," -1,1155700",17,2019,70.0,1.0,2.0,2.0,2146673,1.0,1,4,2,5.0,,-1.0,0,1990.0,A01,138Â 302Â 791,1.0,0.0,-1.0,1639259,2.0,7,,0.0,2.0,4.0,B01,138Â 302Â 792,1.0
960473,201900002004,11,27,16:00,1,1,1,2.0,5.0,17291,RN 11,M,"46,1733800"," -1,1155700",17,2019,70.0,1.0,2.0,2.0,2146673,1.0,1,4,2,5.0,,-1.0,0,1990.0,A01,138Â 302Â 791,1.0,0.0,-1.0,1639260,2.0,7,,0.0,2.0,4.0,C01,138Â 302Â 793,1.0
960473,201900002004,11,27,16:00,1,1,1,2.0,5.0,17291,RN 11,M,"46,1733800"," -1,1155700",17,2019,70.0,1.0,2.0,2.0,2146674,1.0,1,1,1,5.0,,-1.0,0,1951.0,B01,138Â 302Â 792,1.0,0.0,-1.0,1639258,2.0,7,,0.0,2.0,1.0,A01,138Â 302Â 791,1.0
960473,201900002004,11,27,16:00,1,1,1,2.0,5.0,17291,RN 11,M,"46,1733800"," -1,1155700",17,2019,70.0,1.0,2.0,2.0,2146674,1.0,1,1,1,5.0,,-1.0,0,1951.0,B01,138Â 302Â 792,1.0,0.0,-1.0,1639259,2.0,7,,0.0,2.0,4.0,B01,138Â 302Â 792,1.0
960473,201900002004,11,27,16:00,1,1,1,2.0,5.0,17291,RN 11,M,"46,1733800"," -1,1155700",17,2019,70.0,1.0,2.0,2.0,2146674,1.0,1,1,1,5.0,,-1.0,0,1951.0,B01,138Â 302Â 792,1.0,0.0,-1.0,1639260,2.0,7,,0.0,2.0,4.0,C01,138Â 302Â 793,1.0
960473,201900002004,11,27,16:00,1,1,1,2.0,5.0,17291,RN 11,M,"46,1733800"," -1,1155700",17,2019,70.0,1.0,2.0,2.0,2146675,2.0,2,4,2,5.0,,-1.0,0,1948.0,B01,138Â 302Â 792,1.0,0.0,-1.0,1639258,2.0,7,,0.0,2.0,1.0,A01,138Â 302Â 791,1.0
960473,201900002004,11,27,16:00,1,1,1,2.0,5.0,17291,RN 11,M,"46,1733800"," -1,1155700",17,2019,70.0,1.0,2.0,2.0,2146675,2.0,2,4,2,5.0,,-1.0,0,1948.0,B01,138Â 302Â 792,1.0,0.0,-1.0,1639259,2.0,7,,0.0,2.0,4.0,B01,138Â 302Â 792,1.0
960473,201900002004,11,27,16:00,1,1,1,2.0,5.0,17291,RN 11,M,"46,1733800"," -1,1155700",17,2019,70.0,1.0,2.0,2.0,2146675,2.0,2,4,2,5.0,,-1.0,0,1948.0,B01,138Â 302Â 792,1.0,0.0,-1.0,1639260,2.0,7,,0.0,2.0,4.0,C01,138Â 302Â 793,1.0
960473,201900002004,11,27,16:00,1,1,1,2.0,5.0,17291,RN 11,M,"46,1733800"," -1,1155700",17,2019,70.0,1.0,2.0,2.0,2146676,2.0,2,4,2,5.0,,-1.0,0,1950.0,C01,138Â 302Â 793,1.0,0.0,-1.0,1639258,2.0,7,,0.0,2.0,1.0,A01,138Â 302Â 791,1.0
960473,201900002004,11,27,16:00,1,1,1,2.0,5.0,17291,RN 11,M,"46,1733800"," -1,1155700",17,2019,70.0,1.0,2.0,2.0,2146676,2.0,2,4,2,5.0,,-1.0,0,1950.0,C01,138Â 302Â 793,1.0,0.0,-1.0,1639259,2.0,7,,0.0,2.0,4.0,B01,138Â 302Â 792,1.0
960473,201900002004,11,27,16:00,1,1,1,2.0,5.0,17291,RN 11,M,"46,1733800"," -1,1155700",17,2019,70.0,1.0,2.0,2.0,2146676,2.0,2,4,2,5.0,,-1.0,0,1950.0,C01,138Â 302Â 793,1.0,0.0,-1.0,1639260,2.0,7,,0.0,2.0,4.0,C01,138Â 302Â 793,1.0
960473,201900002004,11,27,16:00,1,1,1,2.0,5.0,17291,RN 11,M,"46,1733800"," -1,1155700",17,2019,70.0,1.0,2.0,2.0,2146677,1.0,1,1,1,5.0,,-1.0,0,1948.0,C01,138Â 302Â 793,1.0,0.0,-1.0,1639258,2.0,7,,0.0,2.0,1.0,A01,138Â 302Â 791,1.0
960473,201900002004,11,27,16:00,1,1,1,2.0,5.0,17291,RN 11,M,"46,1733800"," -1,1155700",17,2019,70.0,1.0,2.0,2.0,2146677,1.0,1,1,1,5.0,,-1.0,0,1948.0,C01,138Â 302Â 793,1.0,0.0,-1.0,1639259,2.0,7,,0.0,2.0,4.0,B01,138Â 302Â 792,1.0
960473,201900002004,11,27,16:00,1,1,1,2.0,5.0,17291,RN 11,M,"46,1733800"," -1,1155700",17,2019,70.0,1.0,2.0,2.0,2146677,1.0,1,1,1,5.0,,-1.0,0,1948.0,C01,138Â 302Â 793,1.0,0.0,-1.0,1639260,2.0,7,,0.0,2.0,4.0,C01,138Â 302Â 793,1.0
960474,201900002005,11,27,08:30,1,2,6,8.0,3.0,14118,GUILLOU (BOULEVARD YVES),M,"49,1718900"," -0,3847400",14,2019,50.0,1.0,1.0,4.0,2146678,1.0,1,1,2,1.0,,0.0,0,1983.0,A01,138Â 302Â 789,1.0,0.0,-1.0,1639261,1.0,7,,0.0,2.0,1.0,A01,138Â 302Â 789,1.0
960474,201900002005,11,27,08:30,1,2,6,8.0,3.0,14118,GUILLOU (BOULEVARD YVES),M,"49,1718900"," -0,3847400",14,2019,50.0,1.0,1.0,4.0,2146678,1.0,1,1,2,1.0,,0.0,0,1983.0,A01,138Â 302Â 789,1.0,0.0,-1.0,1639262,1.0,33,,0.0,2.0,1.0,B01,138Â 302Â 790,1.0
960474,201900002005,11,27,08:30,1,2,6,8.0,3.0,14118,GUILLOU (BOULEVARD YVES),M,"49,1718900"," -0,3847400",14,2019,50.0,1.0,1.0,4.0,2146679,1.0,1,4,1,0.0,,0.0,0,1965.0,B01,138Â 302Â 790,2.0,0.0,-1.0,1639261,1.0,7,,0.0,2.0,1.0,A01,138Â 302Â 789,1.0
960474,201900002005,11,27,08:30,1,2,6,8.0,3.0,14118,GUILLOU (BOULEVARD YVES),M,"49,1718900"," -0,3847400",14,2019,50.0,1.0,1.0,4.0,2146679,1.0,1,4,1,0.0,,0.0,0,1965.0,B01,138Â 302Â 790,2.0,0.0,-1.0,1639262,1.0,33,,0.0,2.0,1.0,B01,138Â 302Â 790,1.0
960475,201900002006,11,23,15:35,1,2,1,3.0,7.0,14030,CD NÂ°126,M,"49,2118500"," -0,4255800",14,2019,-1.0,1.0,2.0,3.0,2146680,1.0,1,4,1,-1.0,,-1.0, -1,1961.0,A01,138Â 302Â 788,1.0,-1.0,-1.0,1639263,1.0,7,,0.0,0.0,9.0,A01,138Â 302Â 788,1.0
960476,201900002007,11,27,19:10,5,2,1,1.0,3.0,13211,CAMOINS ((RUE LES),M,"43,3012320","5,5055690",13,2019,50.0,1.0,1.0,4.0,2146681,1.0,1,4,1,1.0,,0.0,0,1988.0,B01,138Â 302Â 786,2.0,0.0,-1.0,1639264,3.0,31,,0.0,2.0,1.0,B01,138Â 302Â 786,0.0
960476,201900002007,11,27,19:10,5,2,1,1.0,3.0,13211,CAMOINS ((RUE LES),M,"43,3012320","5,5055690",13,2019,50.0,1.0,1.0,4.0,2146681,1.0,1,4,1,1.0,,0.0,0,1988.0,B01,138Â 302Â 786,2.0,0.0,-1.0,1639265,3.0,7,,0.0,2.0,3.0,A01,138Â 302Â 787,0.0
960476,201900002007,11,27,19:10,5,2,1,1.0,3.0,13211,CAMOINS ((RUE LES),M,"43,3012320","5,5055690",13,2019,50.0,1.0,1.0,4.0,2146682,1.0,1,1,1,5.0,,0.0,0,1947.0,A01,138Â 302Â 787,1.0,0.0,-1.0,1639264,3.0,31,,0.0,2.0,1.0,B01,138Â 302Â 786,0.0
960476,201900002007,11,27,19:10,5,2,1,1.0,3.0,13211,CAMOINS ((RUE LES),M,"43,3012320","5,5055690",13,2019,50.0,1.0,1.0,4.0,2146682,1.0,1,1,1,5.0,,0.0,0,1947.0,A01,138Â 302Â 787,1.0,0.0,-1.0,1639265,3.0,7,,0.0,2.0,3.0,A01,138Â 302Â 787,0.0
960477,201900002008,11,27,17:21,1,2,1,1.0,6.0,13216,LITTORAL (CHEMIN DU),M,"43,3507000","5,3409800",13,2019,50.0,1.0,1.0,3.0,2146683,1.0,1,1,2,0.0,,0.0,0,1977.0,C01,138Â 302Â 783,1.0,0.0,-1.0,1639266,0.0,7,,0.0,2.0,6.0,C01,138Â 302Â 783,1.0
960477,201900002008,11,27,17:21,1,2,1,1.0,6.0,13216,LITTORAL (CHEMIN DU),M,"43,3507000","5,3409800",13,2019,50.0,1.0,1.0,3.0,2146683,1.0,1,1,2,0.0,,0.0,0,1977.0,C01,138Â 302Â 783,1.0,0.0,-1.0,1639267,0.0,30,,0.0,2.0,3.0,B01,138Â 302Â 784,1.0
960477,201900002008,11,27,17:21,1,2,1,1.0,6.0,13216,LITTORAL (CHEMIN DU),M,"43,3507000","5,3409800",13,2019,50.0,1.0,1.0,3.0,2146683,1.0,1,1,2,0.0,,0.0,0,1977.0,C01,138Â 302Â 783,1.0,0.0,-1.0,1639268,0.0,7,,0.0,2.0,3.0,A01,138Â 302Â 785,1.0
960477,201900002008,11,27,17:21,1,2,1,1.0,6.0,13216,LITTORAL (CHEMIN DU),M,"43,3507000","5,3409800",13,2019,50.0,1.0,1.0,3.0,2146684,1.0,1,1,1,0.0,,-1.0,0,1985.0,B01,138Â 302Â 784,2.0,6.0,-1.0,1639266,0.0,7,,0.0,2.0,6.0,C01,138Â 302Â 783,1.0
960477,201900002008,11,27,17:21,1,2,1,1.0,6.0,13216,LITTORAL (CHEMIN DU),M,"43,3507000","5,3409800",13,2019,50.0,1.0,1.0,3.0,2146684,1.0,1,1,1,0.0,,-1.0,0,1985.0,B01,138Â 302Â 784,2.0,6.0,-1.0,1639267,0.0,30,,0.0,2.0,3.0,B01,138Â 302Â 784,1.0
960477,201900002008,11,27,17:21,1,2,1,1.0,6.0,13216,LITTORAL (CHEMIN DU),M,"43,3507000","5,3409800",13,2019,50.0,1.0,1.0,3.0,2146684,1.0,1,1,1,0.0,,-1.0,0,1985.0,B01,138Â 302Â 784,2.0,6.0,-1.0,1639268,0.0,7,,0.0,2.0,3.0,A01,138Â 302Â 785,1.0
960477,201900002008,11,27,17:21,1,2,1,1.0,6.0,13216,LITTORAL (CHEMIN DU),M,"43,3507000","5,3409800",13,2019,50.0,1.0,1.0,3.0,2146685,2.0,2,4,1,0.0,,-1.0,0,1993.0,B01,138Â 302Â 784,2.0,6.0,-1.0,1639266,0.0,7,,0.0,2.0,6.0,C01,138Â 302Â 783,1.0
960477,201900002008,11,27,17:21,1,2,1,1.0,6.0,13216,LITTORAL (CHEMIN DU),M,"43,3507000","5,3409800",13,2019,50.0,1.0,1.0,3.0,2146685,2.0,2,4,1,0.0,,-1.0,0,1993.0,B01,138Â 302Â 784,2.0,6.0,-1.0,1639267,0.0,30,,0.0,2.0,3.0,B01,138Â 302Â 784,1.0
960477,201900002008,11,27,17:21,1,2,1,1.0,6.0,13216,LITTORAL (CHEMIN DU),M,"43,3507000","5,3409800",13,2019,50.0,1.0,1.0,3.0,2146685,2.0,2,4,1,0.0,,-1.0,0,1993.0,B01,138Â 302Â 784,2.0,6.0,-1.0,1639268,0.0,7,,0.0,2.0,3.0,A01,138Â 302Â 785,1.0
960477,201900002008,11,27,17:21,1,2,1,1.0,6.0,13216,LITTORAL (CHEMIN DU),M,"43,3507000","5,3409800",13,2019,50.0,1.0,1.0,3.0,2146686,1.0,1,1,1,0.0,,-1.0,0,1982.0,A01,138Â 302Â 785,8.0,0.0,-1.0,1639266,0.0,7,,0.0,2.0,6.0,C01,138Â 302Â 783,1.0
960477,201900002008,11,27,17:21,1,2,1,1.0,6.0,13216,LITTORAL (CHEMIN DU),M,"43,3507000","5,3409800",13,2019,50.0,1.0,1.0,3.0,2146686,1.0,1,1,1,0.0,,-1.0,0,1982.0,A01,138Â 302Â 785,8.0,0.0,-1.0,1639267,0.0,30,,0.0,2.0,3.0,B01,138Â 302Â 784,1.0
960477,201900002008,11,27,17:21,1,2,1,1.0,6.0,13216,LITTORAL (CHEMIN DU),M,"43,3507000","5,3409800",13,2019,50.0,1.0,1.0,3.0,2146686,1.0,1,1,1,0.0,,-1.0,0,1982.0,A01,138Â 302Â 785,8.0,0.0,-1.0,1639268,0.0,7,,0.0,2.0,3.0,A01,138Â 302Â 785,1.0
960478,201900002009,11,27,17:15,1,2,6,1.0,1.0,13216,LITTORAL (CHEMIN DU),M,"43,3533400","5,3369400",13,2019,50.0,1.0,1.0,3.0,2146687,1.0,1,1,1,0.0,,-1.0, -1,1982.0,A01,138Â 302Â 781,8.0,0.0,-1.0,1639269,1.0,7,,0.0,2.0,0.0,A01,138Â 302Â 781,1.0
960478,201900002009,11,27,17:15,1,2,6,1.0,1.0,13216,LITTORAL (CHEMIN DU),M,"43,3533400","5,3369400",13,2019,50.0,1.0,1.0,3.0,2146687,1.0,1,1,1,0.0,,-1.0, -1,1982.0,A01,138Â 302Â 781,8.0,0.0,-1.0,1639270,2.0,34,,0.0,2.0,3.0,B01,138Â 302Â 782,1.0
960478,201900002009,11,27,17:15,1,2,6,1.0,1.0,13216,LITTORAL (CHEMIN DU),M,"43,3533400","5,3369400",13,2019,50.0,1.0,1.0,3.0,2146688,1.0,1,4,1,1.0,,-1.0, -1,1987.0,B01,138Â 302Â 782,2.0,6.0,-1.0,1639269,1.0,7,,0.0,2.0,0.0,A01,138Â 302Â 781,1.0
960478,201900002009,11,27,17:15,1,2,6,1.0,1.0,13216,LITTORAL (CHEMIN DU),M,"43,3533400","5,3369400",13,2019,50.0,1.0,1.0,3.0,2146688,1.0,1,4,1,1.0,,-1.0, -1,1987.0,B01,138Â 302Â 782,2.0,6.0,-1.0,1639270,2.0,34,,0.0,2.0,3.0,B01,138Â 302Â 782,1.0
960478,201900002009,11,27,17:15,1,2,6,1.0,1.0,13216,LITTORAL (CHEMIN DU),M,"43,3533400","5,3369400",13,2019,50.0,1.0,1.0,3.0,2146689,2.0,2,4,2,1.0,,-1.0, -1,1977.0,B01,138Â 302Â 782,2.0,6.0,-1.0,1639269,1.0,7,,0.0,2.0,0.0,A01,138Â 302Â 781,1.0
960478,201900002009,11,27,17:15,1,2,6,1.0,1.0,13216,LITTORAL (CHEMIN DU),M,"43,3533400","5,3369400",13,2019,50.0,1.0,1.0,3.0,2146689,2.0,2,4,2,1.0,,-1.0, -1,1977.0,B01,138Â 302Â 782,2.0,6.0,-1.0,1639270,2.0,34,,0.0,2.0,3.0,B01,138Â 302Â 782,1.0
960479,201900002010,11,27,07:15,2,2,3,2.0,3.0,13201,DUGOMMIER (BOULEVARD)     1 A 29,M,"43,2970600","5,3810200",13,2019,50.0,1.0,2.0,4.0,2146690,1.0,1,1,1,5.0,,-1.0, -1,1976.0,B01,138Â 302Â 779,1.0,0.0,-1.0,1639271,2.0,10,,0.0,2.0,7.0,B01,138Â 302Â 779,1.0
960479,201900002010,11,27,07:15,2,2,3,2.0,3.0,13201,DUGOMMIER (BOULEVARD)     1 A 29,M,"43,2970600","5,3810200",13,2019,50.0,1.0,2.0,4.0,2146690,1.0,1,1,1,5.0,,-1.0, -1,1976.0,B01,138Â 302Â 779,1.0,0.0,-1.0,1639272,2.0,30,,0.0,2.0,8.0,A01,138Â 302Â 780,1.0
960479,201900002010,11,27,07:15,2,2,3,2.0,3.0,13201,DUGOMMIER (BOULEVARD)     1 A 29,M,"43,2970600","5,3810200",13,2019,50.0,1.0,2.0,4.0,2146691,1.0,1,4,2,2.0,,-1.0, -1,2002.0,A01,138Â 302Â 780,2.0,0.0,-1.0,1639271,2.0,10,,0.0,2.0,7.0,B01,138Â 302Â 779,1.0
960479,201900002010,11,27,07:15,2,2,3,2.0,3.0,13201,DUGOMMIER (BOULEVARD)     1 A 29,M,"43,2970600","5,3810200",13,2019,50.0,1.0,2.0,4.0,2146691,1.0,1,4,2,2.0,,-1.0, -1,2002.0,A01,138Â 302Â 780,2.0,0.0,-1.0,1639272,2.0,30,,0.0,2.0,8.0,A01,138Â 302Â 780,1.0
960480,201900002011,11,26,19:00,5,2,1,1.0,6.0,13210,VERDILLON (RUE),M,"43,2755200","5,4241100",13,2019,50.0,1.0,1.0,4.0,2146692,10.0,3,3,1,0.0,,2.0,3,2003.0,A01,138Â 302Â 778,8.0,0.0,-1.0,1639273,3.0,7,,0.0,1.0,3.0,A01,138Â 302Â 778,1.0
960480,201900002011,11,26,19:00,5,2,1,1.0,6.0,13210,VERDILLON (RUE),M,"43,2755200","5,4241100",13,2019,50.0,1.0,1.0,4.0,2146693,1.0,1,1,2,2.0,,0.0,0,1995.0,A01,138Â 302Â 778,1.0,0.0,-1.0,1639273,3.0,7,,0.0,1.0,3.0,A01,138Â 302Â 778,1.0
960481,201900002012,11,26,08:50,1,1,1,1.0,5.0,13063,RN 1569 LA TRANSHUMANCE,M,"43,5416900","4,9561600",13,2019,80.0,1.0,1.0,2.0,2146694,1.0,1,1,1,1.0,,-1.0, -1,1973.0,D01,138Â 302Â 774,1.0,0.0,-1.0,1639274,1.0,7,,0.0,2.0,6.0,D01,138Â 302Â 774,1.0
960481,201900002012,11,26,08:50,1,1,1,1.0,5.0,13063,RN 1569 LA TRANSHUMANCE,M,"43,5416900","4,9561600",13,2019,80.0,1.0,1.0,2.0,2146694,1.0,1,1,1,1.0,,-1.0, -1,1973.0,D01,138Â 302Â 774,1.0,0.0,-1.0,1639275,1.0,7,,0.0,2.0,2.0,C01,138Â 302Â 775,1.0
960481,201900002012,11,26,08:50,1,1,1,1.0,5.0,13063,RN 1569 LA TRANSHUMANCE,M,"43,5416900","4,9561600",13,2019,80.0,1.0,1.0,2.0,2146694,1.0,1,1,1,1.0,,-1.0, -1,1973.0,D01,138Â 302Â 774,1.0,0.0,-1.0,1639276,1.0,7,,0.0,2.0,4.0,B01,138Â 302Â 776,1.0
960481,201900002012,11,26,08:50,1,1,1,1.0,5.0,13063,RN 1569 LA TRANSHUMANCE,M,"43,5416900","4,9561600",13,2019,80.0,1.0,1.0,2.0,2146694,1.0,1,1,1,1.0,,-1.0, -1,1973.0,D01,138Â 302Â 774,1.0,0.0,-1.0,1639277,1.0,14,,0.0,2.0,3.0,A01,138Â 302Â 777,1.0
960481,201900002012,11,26,08:50,1,1,1,1.0,5.0,13063,RN 1569 LA TRANSHUMANCE,M,"43,5416900","4,9561600",13,2019,80.0,1.0,1.0,2.0,2146695,1.0,1,1,1,1.0,,0.0,0,1990.0,C01,138Â 302Â 775,1.0,5.0,-1.0,1639274,1.0,7,,0.0,2.0,6.0,D01,138Â 302Â 774,1.0
960481,201900002012,11,26,08:50,1,1,1,1.0,5.0,13063,RN 1569 LA TRANSHUMANCE,M,"43,5416900","4,9561600",13,2019,80.0,1.0,1.0,2.0,2146695,1.0,1,1,1,1.0,,0.0,0,1990.0,C01,138Â 302Â 775,1.0,5.0,-1.0,1639275,1.0,7,,0.0,2.0,2.0,C01,138Â 302Â 775,1.0
960481,201900002012,11,26,08:50,1,1,1,1.0,5.0,13063,RN 1569 LA TRANSHUMANCE,M,"43,5416900","4,9561600",13,2019,80.0,1.0,1.0,2.0,2146695,1.0,1,1,1,1.0,,0.0,0,1990.0,C01,138Â 302Â 775,1.0,5.0,-1.0,1639276,1.0,7,,0.0,2.0,4.0,B01,138Â 302Â 776,1.0
960481,201900002012,11,26,08:50,1,1,1,1.0,5.0,13063,RN 1569 LA TRANSHUMANCE,M,"43,5416900","4,9561600",13,2019,80.0,1.0,1.0,2.0,2146695,1.0,1,1,1,1.0,,0.0,0,1990.0,C01,138Â 302Â 775,1.0,5.0,-1.0,1639277,1.0,14,,0.0,2.0,3.0,A01,138Â 302Â 777,1.0
960481,201900002012,11,26,08:50,1,1,1,1.0,5.0,13063,RN 1569 LA TRANSHUMANCE,M,"43,5416900","4,9561600",13,2019,80.0,1.0,1.0,2.0,2146696,1.0,1,3,2,1.0,,0.0,0,1972.0,B01,138Â 302Â 776,1.0,0.0,-1.0,1639274,1.0,7,,0.0,2.0,6.0,D01,138Â 302Â 774,1.0
960481,201900002012,11,26,08:50,1,1,1,1.0,5.0,13063,RN 1569 LA TRANSHUMANCE,M,"43,5416900","4,9561600",13,2019,80.0,1.0,1.0,2.0,2146696,1.0,1,3,2,1.0,,0.0,0,1972.0,B01,138Â 302Â 776,1.0,0.0,-1.0,1639275,1.0,7,,0.0,2.0,2.0,C01,138Â 302Â 775,1.0
960481,201900002012,11,26,08:50,1,1,1,1.0,5.0,13063,RN 1569 LA TRANSHUMANCE,M,"43,5416900","4,9561600",13,2019,80.0,1.0,1.0,2.0,2146696,1.0,1,3,2,1.0,,0.0,0,1972.0,B01,138Â 302Â 776,1.0,0.0,-1.0,1639276,1.0,7,,0.0,2.0,4.0,B01,138Â 302Â 776,1.0
960481,201900002012,11,26,08:50,1,1,1,1.0,5.0,13063,RN 1569 LA TRANSHUMANCE,M,"43,5416900","4,9561600",13,2019,80.0,1.0,1.0,2.0,2146696,1.0,1,3,2,1.0,,0.0,0,1972.0,B01,138Â 302Â 776,1.0,0.0,-1.0,1639277,1.0,14,,0.0,2.0,3.0,A01,138Â 302Â 777,1.0
960481,201900002012,11,26,08:50,1,1,1,1.0,5.0,13063,RN 1569 LA TRANSHUMANCE,M,"43,5416900","4,9561600",13,2019,80.0,1.0,1.0,2.0,2146697,1.0,1,1,1,1.0,,0.0,0,1989.0,A01,138Â 302Â 777,1.0,5.0,-1.0,1639274,1.0,7,,0.0,2.0,6.0,D01,138Â 302Â 774,1.0