Unnamed: 0_x,num_acc,mois,jour,hrmn,lum,agg,int,atm,col,com,adr,gps,lat,long,dep,annee,vma,situ,surf,catr,Unnamed: 0_y,place,catu,grav,sexe,trajet,secu,locp,actp,an_nais,num_veh_x,id_vehicule_x,secu1,secu2,secu3,Unnamed: 0,senc,catv,occutc,obs,obsm,choc,num_veh_y,id_vehicule_y,motor
960481,201900002012,11,26,08:50,1,1,1,1.0,5.0,13063,RN 1569 LA TRANSHUMANCE,M,"43,5416900","4,9561600",13,2019,80.0,1.0,1.0,2.0,2146697,1.0,1,1,1,1.0,,0.0,0,1989.0,A01,138Â 302Â 777,1.0,5.0,-1.0,1639275,1.0,7,,0.0,2.0,2.0,C01,138Â 302Â 775,1.0
960481,201900002012,11,26,08:50,1,1,1,1.0,5.0,13063,RN 1569 LA TRANSHUMANCE,M,"43,5416900","4,9561600",13,2019,80.0,1.0,1.0,2.0,2146697,1.0,1,1,1,1.0,,0.0,0,1989.0,A01,138Â 302Â 777,1.0,5.0,-1.0,1639276,1.0,7,,0.0,2.0,4.0,B01,138Â 302Â 776,1.0
960481,201900002012,11,26,08:50,1,1,1,1.0,5.0,13063,RN 1569 LA TRANSHUMANCE,M,"43,5416900","4,9561600",13,2019,80.0,1.0,1.0,2.0,2146697,1.0,1,1,1,1.0,,0.0,0,1989.0,A01,138Â 302Â 777,1.0,5.0,-1.0,1639277,1.0,14,,0.0,2.0,3.0,A01,138Â 302Â 777,1.0
960482,201900002013,11,27,09:30,1,1,1,1.0,2.0,13001,RD9,M,"43,5061400","5,4027900",13,2019,90.0,1.0,2.0,3.0,2146698,1.0,1,3,1,1.0,,-1.0, -1,1969.0,A01,138Â 302Â 772,2.0,8.0,-1.0,1639278,0.0,31,,0.0,2.0,1.0,A01,138Â 302Â 772,1.0
960482,201900002013,11,27,09:30,1,1,1,1.0,2.0,13001,RD9,M,"43,5061400","5,4027900",13,2019,90.0,1.0,2.0,3.0,2146698,1.0,1,3,1,1.0,,-1.0, -1,1969.0,A01,138Â 302Â 772,2.0,8.0,-1.0,1639279,0.0,3,,0.0,2.0,6.0,B01,138Â 302Â 773,1.0
960482,201900002013,11,27,09:30,1,1,1,1.0,2.0,13001,RD9,M,"43,5061400","5,4027900",13,2019,90.0,1.0,2.0,3.0,2146699,1.0,1,1,1,1.0,,-1.0, -1,1989.0,B01,138Â 302Â 773,1.0,0.0,-1.0,1639278,0.0,31,,0.0,2.0,1.0,A01,138Â 302Â 772,1.0
960482,201900002013,11,27,09:30,1,1,1,1.0,2.0,13001,RD9,M,"43,5061400","5,4027900",13,2019,90.0,1.0,2.0,3.0,2146699,1.0,1,1,1,1.0,,-1.0, -1,1989.0,B01,138Â 302Â 773,1.0,0.0,-1.0,1639279,0.0,3,,0.0,2.0,6.0,B01,138Â 302Â 773,1.0
960483,201900002014,11,23,13:20,1,2,9,1.0,3.0,11262,CREISSEL (BOULEVARD DE),M,"43,1781700","3,0277000",11,2019,30.0,8.0,1.0,6.0,2146700,1.0,1,3,1,3.0,,-1.0,0,1947.0,A01,138Â 302Â 770,8.0,8.0,-1.0,1639280,3.0,7,,0.0,2.0,1.0,A01,138Â 302Â 770,1.0
960483,201900002014,11,23,13:20,1,2,9,1.0,3.0,11262,CREISSEL (BOULEVARD DE),M,"43,1781700","3,0277000",11,2019,30.0,8.0,1.0,6.0,2146700,1.0,1,3,1,3.0,,-1.0,0,1947.0,A01,138Â 302Â 770,8.0,8.0,-1.0,1639281,3.0,7,,0.0,2.0,7.0,B01,138Â 302Â 771,1.0
960483,201900002014,11,23,13:20,1,2,9,1.0,3.0,11262,CREISSEL (BOULEVARD DE),M,"43,1781700","3,0277000",11,2019,30.0,8.0,1.0,6.0,2146701,1.0,1,1,1,3.0,,-1.0, -1,1987.0,B01,138Â 302Â 771,8.0,8.0,-1.0,1639280,3.0,7,,0.0,2.0,1.0,A01,138Â 302Â 770,1.0
960483,201900002014,11,23,13:20,1,2,9,1.0,3.0,11262,CREISSEL (BOULEVARD DE),M,"43,1781700","3,0277000",11,2019,30.0,8.0,1.0,6.0,2146701,1.0,1,1,1,3.0,,-1.0, -1,1987.0,B01,138Â 302Â 771,8.0,8.0,-1.0,1639281,3.0,7,,0.0,2.0,7.0,B01,138Â 302Â 771,1.0
960484,201900002015,11,27,13:50,1,2,3,1.0,3.0,09122,LECLERC (AVENUE DU GENERAL),M,"42,9768600","1,6089570",9,2019,50.0,1.0,1.0,3.0,2146702,1.0,1,1,1,0.0,,-1.0, -1,1960.0,B01,138Â 302Â 768,1.0,8.0,-1.0,1639282,2.0,7,,0.0,9.0,1.0,B01,138Â 302Â 768,1.0
960484,201900002015,11,27,13:50,1,2,3,1.0,3.0,09122,LECLERC (AVENUE DU GENERAL),M,"42,9768600","1,6089570",9,2019,50.0,1.0,1.0,3.0,2146702,1.0,1,1,1,0.0,,-1.0, -1,1960.0,B01,138Â 302Â 768,1.0,8.0,-1.0,1639283,2.0,33,,0.0,2.0,1.0,A01,138Â 302Â 769,1.0
960484,201900002015,11,27,13:50,1,2,3,1.0,3.0,09122,LECLERC (AVENUE DU GENERAL),M,"42,9768600","1,6089570",9,2019,50.0,1.0,1.0,3.0,2146703,1.0,1,4,1,0.0,,-1.0, -1,1957.0,A01,138Â 302Â 769,2.0,8.0,-1.0,1639282,2.0,7,,0.0,9.0,1.0,B01,138Â 302Â 768,1.0
960484,201900002015,11,27,13:50,1,2,3,1.0,3.0,09122,LECLERC (AVENUE DU GENERAL),M,"42,9768600","1,6089570",9,2019,50.0,1.0,1.0,3.0,2146703,1.0,1,4,1,0.0,,-1.0, -1,1957.0,A01,138Â 302Â 769,2.0,8.0,-1.0,1639283,2.0,33,,0.0,2.0,1.0,A01,138Â 302Â 769,1.0
960485,201900002016,11,27,06:45,2,1,9,2.0,6.0,07281,Avenue du Puy en Velay,M,"44,9405620","4,8332120",7,2019,90.0,1.0,2.0,3.0,2146704,1.0,1,4,2,5.0,,-1.0, -1,2001.0,A01,138Â 302Â 767,1.0,8.0,-1.0,1639284,1.0,7,,0.0,0.0,1.0,A01,138Â 302Â 767,1.0
960486,201900002017,11,27,13:15,1,2,1,1.0,6.0,06069,CAPUCINS (CHEMIN ET IMPASSE DES),M,"43,6499130","6,9315670",6,2019,50.0,1.0,1.0,4.0,2146705,1.0,1,4,1,4.0,,0.0,0,1969.0,A01,138Â 302Â 766,1.0,0.0,-1.0,1639285,2.0,7,,1.0,0.0,2.0,A01,138Â 302Â 766,1.0
960486,201900002017,11,27,13:15,1,2,1,1.0,6.0,06069,CAPUCINS (CHEMIN ET IMPASSE DES),M,"43,6499130","6,9315670",6,2019,50.0,1.0,1.0,4.0,2146706,2.0,2,1,1,0.0,,-1.0, -1,1966.0,A01,138Â 302Â 766,1.0,0.0,-1.0,1639285,2.0,7,,1.0,0.0,2.0,A01,138Â 302Â 766,1.0
960487,201900002018,11,26,12:25,1,1,1,1.0,7.0,06069,NAPOLEON (ROUTE),M,"43,6759430","6,9010700",6,2019,90.0,1.0,1.0,3.0,2146707,1.0,1,1,1,0.0,,0.0,0,1950.0,A01,138Â 302Â 765,1.0,0.0,-1.0,1639286,1.0,7,,0.0,2.0,2.0,A01,138Â 302Â 765,1.0
960487,201900002018,11,26,12:25,1,1,1,1.0,7.0,06069,NAPOLEON (ROUTE),M,"43,6759430","6,9010700",6,2019,90.0,1.0,1.0,3.0,2146708,2.0,2,4,2,0.0,,-1.0, -1,1951.0,A01,138Â 302Â 765,1.0,0.0,-1.0,1639286,1.0,7,,0.0,2.0,2.0,A01,138Â 302Â 765,1.0
960488,201900002019,11,27,16:30,2,2,1,1.0,6.0,06027,FRANCE ROUTE DE,M,"43,6623360","7,1314790",6,2019,50.0,1.0,1.0,4.0,2146709,1.0,1,1,2,0.0,,0.0,0,1995.0,A01,138Â 302Â 764,1.0,0.0,-1.0,1639287,3.0,7,,0.0,1.0,8.0,A01,138Â 302Â 764,1.0
960488,201900002019,11,27,16:30,2,2,1,1.0,6.0,06027,FRANCE ROUTE DE,M,"43,6623360","7,1314790",6,2019,50.0,1.0,1.0,4.0,2146710,10.0,3,4,1,5.0,,3.0,3,2011.0,A01,138Â 302Â 764,0.0,0.0,0.0,1639287,3.0,7,,0.0,1.0,8.0,A01,138Â 302Â 764,1.0
960489,201900002020,11,26,12:05,1,2,9,1.0,3.0,06027,BESSET AVENUE CYRILLE,M,"43,6596370","7,1580410",6,2019,50.0,1.0,1.0,7.0,2146711,1.0,1,1,2,4.0,,0.0,0,1978.0,A01,138Â 302Â 762,1.0,8.0,-1.0,1639288,1.0,7,,0.0,2.0,2.0,A01,138Â 302Â 762,1.0
960489,201900002020,11,26,12:05,1,2,9,1.0,3.0,06027,BESSET AVENUE CYRILLE,M,"43,6596370","7,1580410",6,2019,50.0,1.0,1.0,7.0,2146711,1.0,1,1,2,4.0,,0.0,0,1978.0,A01,138Â 302Â 762,1.0,8.0,-1.0,1639289,1.0,30,,0.0,2.0,1.0,B01,138Â 302Â 763,1.0
960489,201900002020,11,26,12:05,1,2,9,1.0,3.0,06027,BESSET AVENUE CYRILLE,M,"43,6596370","7,1580410",6,2019,50.0,1.0,1.0,7.0,2146712,1.0,1,4,1,1.0,,0.0,0,2002.0,B01,138Â 302Â 763,2.0,6.0,-1.0,1639288,1.0,7,,0.0,2.0,2.0,A01,138Â 302Â 762,1.0
960489,201900002020,11,26,12:05,1,2,9,1.0,3.0,06027,BESSET AVENUE CYRILLE,M,"43,6596370","7,1580410",6,2019,50.0,1.0,1.0,7.0,2146712,1.0,1,4,1,1.0,,0.0,0,2002.0,B01,138Â 302Â 763,2.0,6.0,-1.0,1639289,1.0,30,,0.0,2.0,1.0,B01,138Â 302Â 763,1.0
960490,201900002021,11,26,21:53,5,2,6,1.0,7.0,05061,EMILE DIDIER ( AV ),M,"44,5674400","6,0968700",5,2019,50.0,1.0,1.0,2.0,2146713,1.0,1,3,1,5.0,,-1.0,0,2000.0,A01,138Â 302Â 761,1.0,0.0,-1.0,1639290,2.0,7,,14.0,0.0,1.0,A01,138Â 302Â 761,1.0
960491,201900002022,11,26,07:10,5,2,1,1.0,7.0,05061,JEAN JAURES ( AVENUE ),M,"44,5545900","6,0742900",5,2019,50.0,1.0,1.0,2.0,2146714,10.0,3,3,1,1.0,,3.0,3,1982.0,A01,138Â 302Â 760,0.0,-1.0,-1.0,1639291,1.0,7,,0.0,1.0,1.0,A01,138Â 302Â 760,1.0
960491,201900002022,11,26,07:10,5,2,1,1.0,7.0,05061,JEAN JAURES ( AVENUE ),M,"44,5545900","6,0742900",5,2019,50.0,1.0,1.0,2.0,2146715,1.0,1,1,1,5.0,,-1.0,0,1991.0,A01,138Â 302Â 760,1.0,0.0,-1.0,1639291,1.0,7,,0.0,1.0,1.0,A01,138Â 302Â 760,1.0
960492,201900002023,11,27,15:50,1,2,1,1.0,3.0,75119,BD PERIPHERIQUE INTERIEUR,M,"48,9002230","2,3820050",75,2019,70.0,1.0,2.0,4.0,2146716,1.0,1,4,1,2.0,,0.0,0,1998.0,B01,138Â 302Â 758,2.0,6.0,-1.0,1639292,1.0,33,,0.0,2.0,3.0,B01,138Â 302Â 758,1.0
960492,201900002023,11,27,15:50,1,2,1,1.0,3.0,75119,BD PERIPHERIQUE INTERIEUR,M,"48,9002230","2,3820050",75,2019,70.0,1.0,2.0,4.0,2146716,1.0,1,4,1,2.0,,0.0,0,1998.0,B01,138Â 302Â 758,2.0,6.0,-1.0,1639293,1.0,7,,0.0,2.0,7.0,A01,138Â 302Â 759,1.0
960492,201900002023,11,27,15:50,1,2,1,1.0,3.0,75119,BD PERIPHERIQUE INTERIEUR,M,"48,9002230","2,3820050",75,2019,70.0,1.0,2.0,4.0,2146717,1.0,1,1,1,5.0,,0.0,0,1999.0,A01,138Â 302Â 759,1.0,0.0,-1.0,1639292,1.0,33,,0.0,2.0,3.0,B01,138Â 302Â 758,1.0
960492,201900002023,11,27,15:50,1,2,1,1.0,3.0,75119,BD PERIPHERIQUE INTERIEUR,M,"48,9002230","2,3820050",75,2019,70.0,1.0,2.0,4.0,2146717,1.0,1,1,1,5.0,,0.0,0,1999.0,A01,138Â 302Â 759,1.0,0.0,-1.0,1639293,1.0,7,,0.0,2.0,7.0,A01,138Â 302Â 759,1.0
960493,201900002024,11,27,04:50,5,2,1,8.0,6.0,75115,BD PERIPHERIQUE EXTERIEUR,M,"48,8340829","2,2763089",75,2019,70.0,1.0,2.0,4.0,2146718,1.0,1,4,1,5.0,,0.0,0,1989.0,A01,138Â 302Â 757,1.0,0.0,-1.0,1639294,2.0,7,,4.0,0.0,3.0,A01,138Â 302Â 757,1.0
960494,201900002025,11,27,03:13,5,2,3,1.0,6.0,75111,BOULEVARD VOLTAIRE,M,"48,8605575","2,3754823",75,2019,50.0,1.0,2.0,4.0,2146719,2.0,2,1,2,5.0,,0.0,0,1990.0,A01,138Â 302Â 756,1.0,0.0,-1.0,1639295,2.0,7,,9.0,0.0,1.0,A01,138Â 302Â 756,1.0
960494,201900002025,11,27,03:13,5,2,3,1.0,6.0,75111,BOULEVARD VOLTAIRE,M,"48,8605575","2,3754823",75,2019,50.0,1.0,2.0,4.0,2146720,1.0,1,4,1,5.0,,0.0,0,1974.0,A01,138Â 302Â 756,1.0,0.0,-1.0,1639295,2.0,7,,9.0,0.0,1.0,A01,138Â 302Â 756,1.0
960495,201900002026,11,26,02:54,5,2,3,1.0,3.0,75109,BOULEVARD POISSONNIERE,M,"48,8710453","2,3457420",75,2019,50.0,1.0,2.0,4.0,2146721,1.0,1,1,1,4.0,,0.0,0,1987.0,A01,138Â 302Â 754,1.0,0.0,-1.0,1639296,1.0,7,,0.0,2.0,3.0,A01,138Â 302Â 754,1.0
960495,201900002026,11,26,02:54,5,2,3,1.0,3.0,75109,BOULEVARD POISSONNIERE,M,"48,8710453","2,3457420",75,2019,50.0,1.0,2.0,4.0,2146721,1.0,1,1,1,4.0,,0.0,0,1987.0,A01,138Â 302Â 754,1.0,0.0,-1.0,1639297,1.0,33,,0.0,2.0,9.0,B01,138Â 302Â 755,1.0
960495,201900002026,11,26,02:54,5,2,3,1.0,3.0,75109,BOULEVARD POISSONNIERE,M,"48,8710453","2,3457420",75,2019,50.0,1.0,2.0,4.0,2146722,1.0,1,3,1,4.0,,0.0,0,1989.0,B01,138Â 302Â 755,2.0,6.0,-1.0,1639296,1.0,7,,0.0,2.0,3.0,A01,138Â 302Â 754,1.0
960495,201900002026,11,26,02:54,5,2,3,1.0,3.0,75109,BOULEVARD POISSONNIERE,M,"48,8710453","2,3457420",75,2019,50.0,1.0,2.0,4.0,2146722,1.0,1,3,1,4.0,,0.0,0,1989.0,B01,138Â 302Â 755,2.0,6.0,-1.0,1639297,1.0,33,,0.0,2.0,9.0,B01,138Â 302Â 755,1.0
960496,201900002027,11,27,13:19,1,2,2,2.0,6.0,75105,RUE SOUFFLOT,M,"48,8470982","2,3419551",75,2019,30.0,1.0,2.0,4.0,2146723,10.0,3,4,1,5.0,,4.0,3,1943.0,B01,138Â 302Â 752,0.0,-1.0,-1.0,1639298,2.0,30,,0.0,2.0,1.0,B01,138Â 302Â 752,1.0
960496,201900002027,11,27,13:19,1,2,2,2.0,6.0,75105,RUE SOUFFLOT,M,"48,8470982","2,3419551",75,2019,30.0,1.0,2.0,4.0,2146723,10.0,3,4,1,5.0,,4.0,3,1943.0,B01,138Â 302Â 752,0.0,-1.0,-1.0,1639299,2.0,7,,0.0,2.0,1.0,A01,138Â 302Â 753,2.0
960496,201900002027,11,27,13:19,1,2,2,2.0,6.0,75105,RUE SOUFFLOT,M,"48,8470982","2,3419551",75,2019,30.0,1.0,2.0,4.0,2146724,1.0,1,1,1,4.0,,0.0,0,1990.0,B01,138Â 302Â 752,2.0,6.0,-1.0,1639298,2.0,30,,0.0,2.0,1.0,B01,138Â 302Â 752,1.0
960496,201900002027,11,27,13:19,1,2,2,2.0,6.0,75105,RUE SOUFFLOT,M,"48,8470982","2,3419551",75,2019,30.0,1.0,2.0,4.0,2146724,1.0,1,1,1,4.0,,0.0,0,1990.0,B01,138Â 302Â 752,2.0,6.0,-1.0,1639299,2.0,7,,0.0,2.0,1.0,A01,138Â 302Â 753,2.0
960496,201900002027,11,27,13:19,1,2,2,2.0,6.0,75105,RUE SOUFFLOT,M,"48,8470982","2,3419551",75,2019,30.0,1.0,2.0,4.0,2146725,10.0,3,4,2,5.0,,4.0,3,1941.0,B01,138Â 302Â 752,0.0,-1.0,-1.0,1639298,2.0,30,,0.0,2.0,1.0,B01,138Â 302Â 752,1.0
960496,201900002027,11,27,13:19,1,2,2,2.0,6.0,75105,RUE SOUFFLOT,M,"48,8470982","2,3419551",75,2019,30.0,1.0,2.0,4.0,2146725,10.0,3,4,2,5.0,,4.0,3,1941.0,B01,138Â 302Â 752,0.0,-1.0,-1.0,1639299,2.0,7,,0.0,2.0,1.0,A01,138Â 302Â 753,2.0
960496,201900002027,11,27,13:19,1,2,2,2.0,6.0,75105,RUE SOUFFLOT,M,"48,8470982","2,3419551",75,2019,30.0,1.0,2.0,4.0,2146726,1.0,1,1,1,4.0,,0.0,0,1983.0,A01,138Â 302Â 753,1.0,0.0,-1.0,1639298,2.0,30,,0.0,2.0,1.0,B01,138Â 302Â 752,1.0
960496,201900002027,11,27,13:19,1,2,2,2.0,6.0,75105,RUE SOUFFLOT,M,"48,8470982","2,3419551",75,2019,30.0,1.0,2.0,4.0,2146726,1.0,1,1,1,4.0,,0.0,0,1983.0,A01,138Â 302Â 753,1.0,0.0,-1.0,1639299,2.0,7,,0.0,2.0,1.0,A01,138Â 302Â 753,2.0
960497,201900002028,11,27,20:32,5,2,1,1.0,1.0,75120,RUE DE BELLEVILLE,M,"48,8745444","2,3866577",75,2019,50.0,6.0,1.0,4.0,2146727,1.0,1,4,1,4.0,,0.0,0,1988.0,A01,138Â 302Â 750,1.0,0.0,-1.0,1639300,1.0,37,1.0,0.0,2.0,1.0,A01,138Â 302Â 750,1.0
960497,201900002028,11,27,20:32,5,2,1,1.0,1.0,75120,RUE DE BELLEVILLE,M,"48,8745444","2,3866577",75,2019,50.0,6.0,1.0,4.0,2146727,1.0,1,4,1,4.0,,0.0,0,1988.0,A01,138Â 302Â 750,1.0,0.0,-1.0,1639301,2.0,1,,0.0,2.0,1.0,B01,138Â 302Â 751,5.0
960497,201900002028,11,27,20:32,5,2,1,1.0,1.0,75120,RUE DE BELLEVILLE,M,"48,8745444","2,3866577",75,2019,50.0,6.0,1.0,4.0,2146728,1.0,1,4,2,9.0,,0.0,0,1969.0,B01,138Â 302Â 751,2.0,8.0,-1.0,1639300,1.0,37,1.0,0.0,2.0,1.0,A01,138Â 302Â 750,1.0
960497,201900002028,11,27,20:32,5,2,1,1.0,1.0,75120,RUE DE BELLEVILLE,M,"48,8745444","2,3866577",75,2019,50.0,6.0,1.0,4.0,2146728,1.0,1,4,2,9.0,,0.0,0,1969.0,B01,138Â 302Â 751,2.0,8.0,-1.0,1639301,2.0,1,,0.0,2.0,1.0,B01,138Â 302Â 751,5.0
960498,201900002029,11,27,06:30,5,2,1,9.0,6.0,75119,RUE JULES ROMAINS,M,"48,8735682","2,3777944",75,2019,30.0,1.0,2.0,4.0,2146729,10.0,3,4,1,1.0,,3.0,3,1994.0,Z01,138Â 302Â 749,0.0,-1.0,-1.0,1639302,2.0,7,,0.0,1.0,1.0,Z01,138Â 302Â 749,0.0
960499,201900002030,11,27,12:30,1,2,5,2.0,6.0,75116,RUE DE LA TOUR,M,"48,8628020","2,2763280",75,2019,50.0,1.0,2.0,4.0,2146730,1.0,1,1,1,4.0,,0.0,0,1959.0,A01,138Â 302Â 748,1.0,0.0,-1.0,1639303,1.0,10,,0.0,1.0,1.0,A01,138Â 302Â 748,1.0
960499,201900002030,11,27,12:30,1,2,5,2.0,6.0,75116,RUE DE LA TOUR,M,"48,8628020","2,2763280",75,2019,50.0,1.0,2.0,4.0,2146731,10.0,3,4,2,0.0,,4.0,3,1957.0,A01,138Â 302Â 748,0.0,-1.0,-1.0,1639303,1.0,10,,0.0,1.0,1.0,A01,138Â 302Â 748,1.0
960499,201900002030,11,27,12:30,1,2,5,2.0,6.0,75116,RUE DE LA TOUR,M,"48,8628020","2,2763280",75,2019,50.0,1.0,2.0,4.0,2146732,10.0,3,4,2,0.0,,4.0,3,1987.0,A01,138Â 302Â 748,0.0,-1.0,-1.0,1639303,1.0,10,,0.0,1.0,1.0,A01,138Â 302Â 748,1.0
960500,201900002031,11,26,17:10,5,2,4,1.0,6.0,75116,RUE DES VIGNES,M,"48,8571094","2,2734350",75,2019,50.0,1.0,1.0,4.0,2146733,10.0,3,4,2,5.0,,3.0,3,1953.0,A01,138Â 302Â 747,0.0,-1.0,-1.0,1639304,3.0,33,,0.0,1.0,1.0,A01,138Â 302Â 747,1.0
960500,201900002031,11,26,17:10,5,2,4,1.0,6.0,75116,RUE DES VIGNES,M,"48,8571094","2,2734350",75,2019,50.0,1.0,1.0,4.0,2146734,1.0,1,1,1,0.0,,0.0,0,1993.0,A01,138Â 302Â 747,2.0,6.0,-1.0,1639304,3.0,33,,0.0,1.0,1.0,A01,138Â 302Â 747,1.0
960501,201900002032,11,25,23:56,5,2,2,1.0,3.0,75116,ALLEE DE LONGCHAMP,M,"48,8749229","2,2711067",75,2019,50.0,1.0,1.0,4.0,2146735,2.0,2,4,2,0.0,,0.0,0,1966.0,B01,138Â 302Â 745,1.0,0.0,-1.0,1639305,1.0,7,,0.0,2.0,1.0,B01,138Â 302Â 745,1.0
960501,201900002032,11,25,23:56,5,2,2,1.0,3.0,75116,ALLEE DE LONGCHAMP,M,"48,8749229","2,2711067",75,2019,50.0,1.0,1.0,4.0,2146735,2.0,2,4,2,0.0,,0.0,0,1966.0,B01,138Â 302Â 745,1.0,0.0,-1.0,1639306,2.0,10,,0.0,2.0,3.0,A01,138Â 302Â 746,1.0
960501,201900002032,11,25,23:56,5,2,2,1.0,3.0,75116,ALLEE DE LONGCHAMP,M,"48,8749229","2,2711067",75,2019,50.0,1.0,1.0,4.0,2146736,1.0,1,4,1,0.0,,0.0,0,1971.0,B01,138Â 302Â 745,1.0,0.0,-1.0,1639305,1.0,7,,0.0,2.0,1.0,B01,138Â 302Â 745,1.0
960501,201900002032,11,25,23:56,5,2,2,1.0,3.0,75116,ALLEE DE LONGCHAMP,M,"48,8749229","2,2711067",75,2019,50.0,1.0,1.0,4.0,2146736,1.0,1,4,1,0.0,,0.0,0,1971.0,B01,138Â 302Â 745,1.0,0.0,-1.0,1639306,2.0,10,,0.0,2.0,3.0,A01,138Â 302Â 746,1.0
960501,201900002032,11,25,23:56,5,2,2,1.0,3.0,75116,ALLEE DE LONGCHAMP,M,"48,8749229","2,2711067",75,2019,50.0,1.0,1.0,4.0,2146737,1.0,1,4,1,0.0,,0.0,0,1990.0,A01,138Â 302Â 746,1.0,0.0,-1.0,1639305,1.0,7,,0.0,2.0,1.0,B01,138Â 302Â 745,1.0
960501,201900002032,11,25,23:56,5,2,2,1.0,3.0,75116,ALLEE DE LONGCHAMP,M,"48,8749229","2,2711067",75,2019,50.0,1.0,1.0,4.0,2146737,1.0,1,4,1,0.0,,0.0,0,1990.0,A01,138Â 302Â 746,1.0,0.0,-1.0,1639306,2.0,10,,0.0,2.0,3.0,A01,138Â 302Â 746,1.0
960502,201900002033,11,27,09:30,1,2,3,2.0,6.0,75113,BOULEVARD VINCENT AURIOL,M,"48,8347360","2,3669660",75,2019,50.0,1.0,2.0,4.0,2146738,10.0,3,4,2,9.0,,4.0,3,1986.0,A01,138Â 302Â 744,0.0,-1.0,-1.0,1639307,1.0,32,,0.0,1.0,1.0,A01,138Â 302Â 744,1.0
960502,201900002033,11,27,09:30,1,2,3,2.0,6.0,75113,BOULEVARD VINCENT AURIOL,M,"48,8347360","2,3669660",75,2019,50.0,1.0,2.0,4.0,2146739,1.0,1,1,1,0.0,,0.0,0,1966.0,A01,138Â 302Â 744,2.0,6.0,-1.0,1639307,1.0,32,,0.0,1.0,1.0,A01,138Â 302Â 744,1.0
960503,201900002034,11,22,08:20,1,2,3,1.0,6.0,75113,RUE GUYTON DE MORVEAU,M,"48,8253939","2,3470187",75,2019,30.0,1.0,1.0,4.0,2146740,10.0,3,4,1,0.0,,3.0,3,2011.0,A01,138Â 302Â 743,0.0,-1.0,-1.0,1639308,2.0,14,,0.0,1.0,2.0,A01,138Â 302Â 743,1.0
960503,201900002034,11,22,08:20,1,2,3,1.0,6.0,75113,RUE GUYTON DE MORVEAU,M,"48,8253939","2,3470187",75,2019,30.0,1.0,1.0,4.0,2146741,1.0,1,4,1,4.0,,0.0,0,1965.0,A01,138Â 302Â 743,1.0,0.0,-1.0,1639308,2.0,14,,0.0,1.0,2.0,A01,138Â 302Â 743,1.0
960504,201900002035,11,27,12:20,1,2,2,2.0,6.0,75112,RUE DES MARGUETTES,M,"48,8439690","2,4083050",75,2019,30.0,1.0,2.0,4.0,2146742,1.0,1,1,1,0.0,,0.0,0,1962.0,A01,138Â 302Â 742,1.0,0.0,-1.0,1639309,2.0,7,,0.0,1.0,1.0,A01,138Â 302Â 742,1.0
960504,201900002035,11,27,12:20,1,2,2,2.0,6.0,75112,RUE DES MARGUETTES,M,"48,8439690","2,4083050",75,2019,30.0,1.0,2.0,4.0,2146743,10.0,3,4,2,0.0,,3.0,3,1948.0,A01,138Â 302Â 742,0.0,-1.0,-1.0,1639309,2.0,7,,0.0,1.0,1.0,A01,138Â 302Â 742,1.0
960505,201900002036,11,27,07:45,1,2,2,1.0,6.0,75111,RUE DU CHEMIN VERT,M,"48,8580235","2,3716629",75,2019,30.0,1.0,1.0,4.0,2146744,10.0,3,4,1,5.0,,4.0,3,1945.0,A01,138Â 302Â 741,0.0,-1.0,-1.0,1639310,2.0,10,,0.0,1.0,8.0,A01,138Â 302Â 741,1.0
960505,201900002036,11,27,07:45,1,2,2,1.0,6.0,75111,RUE DU CHEMIN VERT,M,"48,8580235","2,3716629",75,2019,30.0,1.0,1.0,4.0,2146745,1.0,1,1,1,4.0,,0.0,0,1975.0,A01,138Â 302Â 741,1.0,0.0,-1.0,1639310,2.0,10,,0.0,1.0,8.0,A01,138Â 302Â 741,1.0
960506,201900002037,11,27,08:54,1,2,7,2.0,7.0,75108,PLACE DE LA CONCORDE,M,"48,8662533","2,3212695",75,2019,50.0,1.0,2.0,4.0,2146746,1.0,1,4,2,1.0,,0.0,0,1982.0,A01,138Â 302Â 740,2.0,6.0,-1.0,1639311,1.0,30,,0.0,0.0,8.0,A01,138Â 302Â 740,1.0
960507,201900002038,11,26,23:16,5,2,7,2.0,5.0,75107,PLACE JOFFRE,M,"48,8538590","2,3047900",75,2019,50.0,1.0,2.0,4.0,2146747,1.0,1,1,1,5.0,,0.0,0,1978.0,A01,138Â 302Â 737,1.0,0.0,-1.0,1639312,2.0,7,,12.0,2.0,2.0,A01,138Â 302Â 737,1.0
960507,201900002038,11,26,23:16,5,2,7,2.0,5.0,75107,PLACE JOFFRE,M,"48,8538590","2,3047900",75,2019,50.0,1.0,2.0,4.0,2146747,1.0,1,1,1,5.0,,0.0,0,1978.0,A01,138Â 302Â 737,1.0,0.0,-1.0,1639313,1.0,7,,0.0,2.0,1.0,C01,138Â 302Â 738,2.0
960507,201900002038,11,26,23:16,5,2,7,2.0,5.0,75107,PLACE JOFFRE,M,"48,8538590","2,3047900",75,2019,50.0,1.0,2.0,4.0,2146747,1.0,1,1,1,5.0,,0.0,0,1978.0,A01,138Â 302Â 737,1.0,0.0,-1.0,1639314,1.0,32,,0.0,2.0,1.0,B01,138Â 302Â 739,1.0
960507,201900002038,11,26,23:16,5,2,7,2.0,5.0,75107,PLACE JOFFRE,M,"48,8538590","2,3047900",75,2019,50.0,1.0,2.0,4.0,2146748,3.0,2,4,1,0.0,,0.0,0,1953.0,C01,138Â 302Â 738,1.0,0.0,-1.0,1639312,2.0,7,,12.0,2.0,2.0,A01,138Â 302Â 737,1.0