Unnamed: 0_x,num_acc,mois,jour,hrmn,lum,agg,int,atm,col,com,adr,gps,lat,long,dep,annee,vma,situ,surf,catr,Unnamed: 0_y,place,catu,grav,sexe,trajet,secu,locp,actp,an_nais,num_veh_x,id_vehicule_x,secu1,secu2,secu3,Unnamed: 0,senc,catv,occutc,obs,obsm,choc,num_veh_y,id_vehicule_y,motor
960507,201900002038,11,26,23:16,5,2,7,2.0,5.0,75107,PLACE JOFFRE,M,"48,8538590","2,3047900",75,2019,50.0,1.0,2.0,4.0,2146748,3.0,2,4,1,0.0,,0.0,0,1953.0,C01,138Â 302Â 738,1.0,0.0,-1.0,1639313,1.0,7,,0.0,2.0,1.0,C01,138Â 302Â 738,2.0
960507,201900002038,11,26,23:16,5,2,7,2.0,5.0,75107,PLACE JOFFRE,M,"48,8538590","2,3047900",75,2019,50.0,1.0,2.0,4.0,2146748,3.0,2,4,1,0.0,,0.0,0,1953.0,C01,138Â 302Â 738,1.0,0.0,-1.0,1639314,1.0,32,,0.0,2.0,1.0,B01,138Â 302Â 739,1.0
960507,201900002038,11,26,23:16,5,2,7,2.0,5.0,75107,PLACE JOFFRE,M,"48,8538590","2,3047900",75,2019,50.0,1.0,2.0,4.0,2146749,1.0,1,1,1,4.0,,0.0,0,1952.0,C01,138Â 302Â 738,1.0,0.0,-1.0,1639312,2.0,7,,12.0,2.0,2.0,A01,138Â 302Â 737,1.0
960507,201900002038,11,26,23:16,5,2,7,2.0,5.0,75107,PLACE JOFFRE,M,"48,8538590","2,3047900",75,2019,50.0,1.0,2.0,4.0,2146749,1.0,1,1,1,4.0,,0.0,0,1952.0,C01,138Â 302Â 738,1.0,0.0,-1.0,1639313,1.0,7,,0.0,2.0,1.0,C01,138Â 302Â 738,2.0
960507,201900002038,11,26,23:16,5,2,7,2.0,5.0,75107,PLACE JOFFRE,M,"48,8538590","2,3047900",75,2019,50.0,1.0,2.0,4.0,2146749,1.0,1,1,1,4.0,,0.0,0,1952.0,C01,138Â 302Â 738,1.0,0.0,-1.0,1639314,1.0,32,,0.0,2.0,1.0,B01,138Â 302Â 739,1.0
960507,201900002038,11,26,23:16,5,2,7,2.0,5.0,75107,PLACE JOFFRE,M,"48,8538590","2,3047900",75,2019,50.0,1.0,2.0,4.0,2146750,1.0,1,3,2,0.0,,0.0,0,1980.0,B01,138Â 302Â 739,2.0,6.0,-1.0,1639312,2.0,7,,12.0,2.0,2.0,A01,138Â 302Â 737,1.0
960507,201900002038,11,26,23:16,5,2,7,2.0,5.0,75107,PLACE JOFFRE,M,"48,8538590","2,3047900",75,2019,50.0,1.0,2.0,4.0,2146750,1.0,1,3,2,0.0,,0.0,0,1980.0,B01,138Â 302Â 739,2.0,6.0,-1.0,1639313,1.0,7,,0.0,2.0,1.0,C01,138Â 302Â 738,2.0
960507,201900002038,11,26,23:16,5,2,7,2.0,5.0,75107,PLACE JOFFRE,M,"48,8538590","2,3047900",75,2019,50.0,1.0,2.0,4.0,2146750,1.0,1,3,2,0.0,,0.0,0,1980.0,B01,138Â 302Â 739,2.0,6.0,-1.0,1639314,1.0,32,,0.0,2.0,1.0,B01,138Â 302Â 739,1.0
960508,201900002039,11,27,09:45,1,2,2,2.0,7.0,75104,RUE DE LA CITE,M,"48,8556530","2,3483440",75,2019,30.0,5.0,2.0,4.0,2146751,1.0,1,4,2,1.0,,0.0,0,1992.0,A01,138Â 302Â 736,8.0,2.0,-1.0,1639315,1.0,50,,0.0,0.0,0.0,A01,138Â 302Â 736,3.0
960509,201900002040,11,26,23:30,5,2,1,2.0,6.0,94046,GENERAL DE GAULLE (AV DU),M,"48,8150000","2,4205000",94,2019,50.0,1.0,2.0,3.0,2146752,10.0,3,1,2,5.0,,2.0,3,1997.0,A01,138Â 302Â 735,8.0,0.0,-1.0,1639316,1.0,33,,0.0,1.0,7.0,A01,138Â 302Â 735,0.0
960509,201900002040,11,26,23:30,5,2,1,2.0,6.0,94046,GENERAL DE GAULLE (AV DU),M,"48,8150000","2,4205000",94,2019,50.0,1.0,2.0,3.0,2146753,1.0,1,4,1,0.0,,0.0,0,1985.0,A01,138Â 302Â 735,2.0,6.0,-1.0,1639316,1.0,33,,0.0,1.0,7.0,A01,138Â 302Â 735,0.0
960510,201900002041,11,26,13:00,1,2,1,2.0,6.0,94046,GENERAL LECLERC (AV DU),M,"48,8126500","2,4283200",94,2019,50.0,1.0,2.0,3.0,2146754,1.0,1,4,1,1.0,,-1.0,0,1982.0,A01,138Â 302Â 734,2.0,0.0,-1.0,1639317,2.0,30,,0.0,1.0,1.0,A01,138Â 302Â 734,1.0
960510,201900002041,11,26,13:00,1,2,1,2.0,6.0,94046,GENERAL LECLERC (AV DU),M,"48,8126500","2,4283200",94,2019,50.0,1.0,2.0,3.0,2146755,10.0,3,4,2,9.0,,1.0,3,1990.0,A01,138Â 302Â 734,8.0,0.0,-1.0,1639317,2.0,30,,0.0,1.0,1.0,A01,138Â 302Â 734,1.0
960511,201900002042,11,26,18:50,5,2,4,1.0,3.0,94041,AUGUSTE DESHAIES (QU),M,"48,8185500","2,4003500",94,2019,50.0,1.0,1.0,3.0,2146756,1.0,1,4,1,0.0,,-1.0,0,1971.0,B01,138Â 302Â 732,2.0,0.0,-1.0,1639318,2.0,2,,0.0,2.0,8.0,B01,138Â 302Â 732,1.0
960511,201900002042,11,26,18:50,5,2,4,1.0,3.0,94041,AUGUSTE DESHAIES (QU),M,"48,8185500","2,4003500",94,2019,50.0,1.0,1.0,3.0,2146756,1.0,1,4,1,0.0,,-1.0,0,1971.0,B01,138Â 302Â 732,2.0,0.0,-1.0,1639319,2.0,10,,0.0,2.0,2.0,A01,138Â 302Â 733,1.0
960511,201900002042,11,26,18:50,5,2,4,1.0,3.0,94041,AUGUSTE DESHAIES (QU),M,"48,8185500","2,4003500",94,2019,50.0,1.0,1.0,3.0,2146757,1.0,1,1,2,0.0,,-1.0,0,1969.0,A01,138Â 302Â 733,1.0,0.0,-1.0,1639318,2.0,2,,0.0,2.0,8.0,B01,138Â 302Â 732,1.0
960511,201900002042,11,26,18:50,5,2,4,1.0,3.0,94041,AUGUSTE DESHAIES (QU),M,"48,8185500","2,4003500",94,2019,50.0,1.0,1.0,3.0,2146757,1.0,1,1,2,0.0,,-1.0,0,1969.0,A01,138Â 302Â 733,1.0,0.0,-1.0,1639319,2.0,10,,0.0,2.0,2.0,A01,138Â 302Â 733,1.0
960512,201900002043,11,27,12:30,1,2,9,2.0,3.0,94054,GEORGES CLEMENCEAU (AV),M,"48,7502120","2,3987050",94,2019,50.0,1.0,2.0,4.0,2146758,1.0,1,4,1,1.0,,-1.0, -1,1976.0,A01,138Â 302Â 730,2.0,0.0,-1.0,1639320,1.0,32,,0.0,2.0,3.0,A01,138Â 302Â 730,6.0
960512,201900002043,11,27,12:30,1,2,9,2.0,3.0,94054,GEORGES CLEMENCEAU (AV),M,"48,7502120","2,3987050",94,2019,50.0,1.0,2.0,4.0,2146758,1.0,1,4,1,1.0,,-1.0, -1,1976.0,A01,138Â 302Â 730,2.0,0.0,-1.0,1639321,1.0,10,,0.0,2.0,3.0,B01,138Â 302Â 731,6.0
960512,201900002043,11,27,12:30,1,2,9,2.0,3.0,94054,GEORGES CLEMENCEAU (AV),M,"48,7502120","2,3987050",94,2019,50.0,1.0,2.0,4.0,2146759,1.0,1,1,1,1.0,,-1.0,0,1997.0,B01,138Â 302Â 731,1.0,8.0,-1.0,1639320,1.0,32,,0.0,2.0,3.0,A01,138Â 302Â 730,6.0
960512,201900002043,11,27,12:30,1,2,9,2.0,3.0,94054,GEORGES CLEMENCEAU (AV),M,"48,7502120","2,3987050",94,2019,50.0,1.0,2.0,4.0,2146759,1.0,1,1,1,1.0,,-1.0,0,1997.0,B01,138Â 302Â 731,1.0,8.0,-1.0,1639321,1.0,10,,0.0,2.0,3.0,B01,138Â 302Â 731,6.0
960513,201900002044,11,26,18:00,3,2,1,1.0,6.0,93066,WILSON (AVENUE DU PRESIDENT),M,"48,9080900","2,3586500",93,2019,50.0,1.0,2.0,3.0,2146760,10.0,3,3,2,0.0,,1.0,3,2009.0,A01,138Â 302Â 729,8.0,0.0,-1.0,1639322,1.0,7,,0.0,1.0,3.0,A01,138Â 302Â 729,1.0
960513,201900002044,11,26,18:00,3,2,1,1.0,6.0,93066,WILSON (AVENUE DU PRESIDENT),M,"48,9080900","2,3586500",93,2019,50.0,1.0,2.0,3.0,2146761,1.0,1,1,1,0.0,,-1.0, -1,1982.0,A01,138Â 302Â 729,1.0,0.0,-1.0,1639322,1.0,7,,0.0,1.0,3.0,A01,138Â 302Â 729,1.0
960514,201900002045,11,27,01:30,5,2,1,2.0,6.0,93032,PAUL VAILLANT COUTURIER (RUE),M,"48,8756100","2,5504300",93,2019,50.0,1.0,2.0,3.0,2146762,10.0,3,3,2,1.0,,1.0,1,1985.0,Z01,138Â 302Â 728,8.0,0.0,-1.0,1639323,1.0,99,,0.0,1.0,2.0,Z01,138Â 302Â 728,0.0
960515,201900002046,11,27,17:30,1,2,1,2.0,4.0,93048,PAUL DOUMER (RUE),M,"48,8584960","2,4569840",93,2019,50.0,1.0,2.0,4.0,2146763,1.0,1,4,2,0.0,,-1.0, -1,1973.0,B01,138Â 302Â 725,1.0,0.0,-1.0,1639324,1.0,7,,0.0,2.0,4.0,B01,138Â 302Â 725,0.0
960515,201900002046,11,27,17:30,1,2,1,2.0,4.0,93048,PAUL DOUMER (RUE),M,"48,8584960","2,4569840",93,2019,50.0,1.0,2.0,4.0,2146763,1.0,1,4,2,0.0,,-1.0, -1,1973.0,B01,138Â 302Â 725,1.0,0.0,-1.0,1639325,1.0,7,,0.0,2.0,3.0,A01,138Â 302Â 726,0.0
960515,201900002046,11,27,17:30,1,2,1,2.0,4.0,93048,PAUL DOUMER (RUE),M,"48,8584960","2,4569840",93,2019,50.0,1.0,2.0,4.0,2146763,1.0,1,4,2,0.0,,-1.0, -1,1973.0,B01,138Â 302Â 725,1.0,0.0,-1.0,1639326,1.0,7,,14.0,2.0,1.0,C01,138Â 302Â 727,0.0
960515,201900002046,11,27,17:30,1,2,1,2.0,4.0,93048,PAUL DOUMER (RUE),M,"48,8584960","2,4569840",93,2019,50.0,1.0,2.0,4.0,2146764,1.0,1,1,2,0.0,,-1.0, -1,1967.0,A01,138Â 302Â 726,1.0,8.0,-1.0,1639324,1.0,7,,0.0,2.0,4.0,B01,138Â 302Â 725,0.0
960515,201900002046,11,27,17:30,1,2,1,2.0,4.0,93048,PAUL DOUMER (RUE),M,"48,8584960","2,4569840",93,2019,50.0,1.0,2.0,4.0,2146764,1.0,1,1,2,0.0,,-1.0, -1,1967.0,A01,138Â 302Â 726,1.0,8.0,-1.0,1639325,1.0,7,,0.0,2.0,3.0,A01,138Â 302Â 726,0.0
960515,201900002046,11,27,17:30,1,2,1,2.0,4.0,93048,PAUL DOUMER (RUE),M,"48,8584960","2,4569840",93,2019,50.0,1.0,2.0,4.0,2146764,1.0,1,1,2,0.0,,-1.0, -1,1967.0,A01,138Â 302Â 726,1.0,8.0,-1.0,1639326,1.0,7,,14.0,2.0,1.0,C01,138Â 302Â 727,0.0
960515,201900002046,11,27,17:30,1,2,1,2.0,4.0,93048,PAUL DOUMER (RUE),M,"48,8584960","2,4569840",93,2019,50.0,1.0,2.0,4.0,2146765,1.0,1,1,1,0.0,,-1.0, -1,1986.0,C01,138Â 302Â 727,1.0,0.0,-1.0,1639324,1.0,7,,0.0,2.0,4.0,B01,138Â 302Â 725,0.0
960515,201900002046,11,27,17:30,1,2,1,2.0,4.0,93048,PAUL DOUMER (RUE),M,"48,8584960","2,4569840",93,2019,50.0,1.0,2.0,4.0,2146765,1.0,1,1,1,0.0,,-1.0, -1,1986.0,C01,138Â 302Â 727,1.0,0.0,-1.0,1639325,1.0,7,,0.0,2.0,3.0,A01,138Â 302Â 726,0.0
960515,201900002046,11,27,17:30,1,2,1,2.0,4.0,93048,PAUL DOUMER (RUE),M,"48,8584960","2,4569840",93,2019,50.0,1.0,2.0,4.0,2146765,1.0,1,1,1,0.0,,-1.0, -1,1986.0,C01,138Â 302Â 727,1.0,0.0,-1.0,1639326,1.0,7,,14.0,2.0,1.0,C01,138Â 302Â 727,0.0
960516,201900002047,11,27,08:20,1,2,2,1.0,6.0,93048,FRANKLIN (RUE),M,"48,8623560","2,4437150",93,2019,50.0,1.0,1.0,4.0,2146766,10.0,3,4,2,1.0,,4.0,3,1970.0,A01,138Â 302Â 724,8.0,0.0,-1.0,1639327,2.0,37,1.0,0.0,1.0,2.0,A01,138Â 302Â 724,1.0
960516,201900002047,11,27,08:20,1,2,2,1.0,6.0,93048,FRANKLIN (RUE),M,"48,8623560","2,4437150",93,2019,50.0,1.0,1.0,4.0,2146767,1.0,1,1,2,4.0,,-1.0, -1,1991.0,A01,138Â 302Â 724,1.0,0.0,-1.0,1639327,2.0,37,1.0,0.0,1.0,2.0,A01,138Â 302Â 724,1.0
960517,201900002048,11,27,01:20,5,2,7,3.0,6.0,93048,JEAN JAURES (PLACE),M,"48,8621100","2,4415100",93,2019,30.0,1.0,2.0,4.0,2146768,1.0,1,3,1,0.0,,-1.0, -1,1978.0,A01,138Â 302Â 722,2.0,0.0,-1.0,1639328,3.0,30,,8.0,0.0,2.0,A01,138Â 302Â 722,1.0
960517,201900002048,11,27,01:20,5,2,7,3.0,6.0,93048,JEAN JAURES (PLACE),M,"48,8621100","2,4415100",93,2019,30.0,1.0,2.0,4.0,2146768,1.0,1,3,1,0.0,,-1.0, -1,1978.0,A01,138Â 302Â 722,2.0,0.0,-1.0,1639329,1.0,7,,0.0,2.0,2.0,B01,138Â 302Â 723,0.0
960518,201900002049,11,27,08:35,1,2,1,1.0,2.0,93046,JULES GUESDES AVENUE,M,"48,9109000","2,5115500",93,2019,50.0,1.0,1.0,3.0,2146769,1.0,1,1,1,0.0,,-1.0, -1,1988.0,A01,138Â 302Â 720,1.0,0.0,-1.0,1639330,1.0,7,,0.0,2.0,1.0,A01,138Â 302Â 720,1.0
960518,201900002049,11,27,08:35,1,2,1,1.0,2.0,93046,JULES GUESDES AVENUE,M,"48,9109000","2,5115500",93,2019,50.0,1.0,1.0,3.0,2146769,1.0,1,1,1,0.0,,-1.0, -1,1988.0,A01,138Â 302Â 720,1.0,0.0,-1.0,1639331,1.0,7,,0.0,2.0,4.0,B01,138Â 302Â 721,1.0
960518,201900002049,11,27,08:35,1,2,1,1.0,2.0,93046,JULES GUESDES AVENUE,M,"48,9109000","2,5115500",93,2019,50.0,1.0,1.0,3.0,2146770,1.0,1,4,2,0.0,,-1.0, -1,1968.0,B01,138Â 302Â 721,1.0,0.0,-1.0,1639330,1.0,7,,0.0,2.0,1.0,A01,138Â 302Â 720,1.0
960518,201900002049,11,27,08:35,1,2,1,1.0,2.0,93046,JULES GUESDES AVENUE,M,"48,9109000","2,5115500",93,2019,50.0,1.0,1.0,3.0,2146770,1.0,1,4,2,0.0,,-1.0, -1,1968.0,B01,138Â 302Â 721,1.0,0.0,-1.0,1639331,1.0,7,,0.0,2.0,4.0,B01,138Â 302Â 721,1.0
960519,201900002050,11,22,09:15,1,2,1,1.0,6.0,93007,8 MAI 45 (AVENUE DU 1 AU 182),M,"48,9463900","2,4363700",93,2019,50.0,1.0,1.0,3.0,2146771,1.0,1,3,1,1.0,,-1.0, -1,1986.0,A01,138Â 302Â 719,2.0,5.0,-1.0,1639332,1.0,2,,4.0,0.0,2.0,A01,138Â 302Â 719,0.0
960520,201900002051,9,17,13:50,1,2,9,1.0,3.0,92078,CHARLES DE GAULLE (BD) (1 AU 13),M,"48,9425700","2,3189600",92,2019,50.0,1.0,1.0,3.0,2146772,1.0,1,1,1,9.0,,-1.0, -1,1984.0,A01,138Â 302Â 716,1.0,8.0,-1.0,1639333,3.0,7,,0.0,2.0,0.0,A01,138Â 302Â 716,6.0
960520,201900002051,9,17,13:50,1,2,9,1.0,3.0,92078,CHARLES DE GAULLE (BD) (1 AU 13),M,"48,9425700","2,3189600",92,2019,50.0,1.0,1.0,3.0,2146772,1.0,1,1,1,9.0,,-1.0, -1,1984.0,A01,138Â 302Â 716,1.0,8.0,-1.0,1639334,3.0,34,,0.0,2.0,7.0,B01,138Â 302Â 717,6.0
960520,201900002051,9,17,13:50,1,2,9,1.0,3.0,92078,CHARLES DE GAULLE (BD) (1 AU 13),M,"48,9425700","2,3189600",92,2019,50.0,1.0,1.0,3.0,2146773,1.0,1,4,1,9.0,,-1.0, -1,1979.0,B01,138Â 302Â 717,2.0,0.0,-1.0,1639333,3.0,7,,0.0,2.0,0.0,A01,138Â 302Â 716,6.0
960520,201900002051,9,17,13:50,1,2,9,1.0,3.0,92078,CHARLES DE GAULLE (BD) (1 AU 13),M,"48,9425700","2,3189600",92,2019,50.0,1.0,1.0,3.0,2146773,1.0,1,4,1,9.0,,-1.0, -1,1979.0,B01,138Â 302Â 717,2.0,0.0,-1.0,1639334,3.0,34,,0.0,2.0,7.0,B01,138Â 302Â 717,6.0
960521,201900002052,11,27,19:14,3,2,1,1.0,3.0,92040,PDT ROOSEVELT (QUAI DU),M,"48,8333300","2,2640300",92,2019,50.0,1.0,2.0,3.0,2146774,1.0,1,1,1,1.0,,-1.0,0,1996.0,A01,138Â 302Â 714,1.0,0.0,-1.0,1639335,1.0,7,,0.0,2.0,3.0,A01,138Â 302Â 714,2.0
960521,201900002052,11,27,19:14,3,2,1,1.0,3.0,92040,PDT ROOSEVELT (QUAI DU),M,"48,8333300","2,2640300",92,2019,50.0,1.0,2.0,3.0,2146774,1.0,1,1,1,1.0,,-1.0,0,1996.0,A01,138Â 302Â 714,1.0,0.0,-1.0,1639336,1.0,43,,0.0,2.0,1.0,B01,138Â 302Â 715,1.0
960521,201900002052,11,27,19:14,3,2,1,1.0,3.0,92040,PDT ROOSEVELT (QUAI DU),M,"48,8333300","2,2640300",92,2019,50.0,1.0,2.0,3.0,2146775,1.0,1,4,1,1.0,,-1.0,0,1969.0,B01,138Â 302Â 715,2.0,6.0,-1.0,1639335,1.0,7,,0.0,2.0,3.0,A01,138Â 302Â 714,2.0
960521,201900002052,11,27,19:14,3,2,1,1.0,3.0,92040,PDT ROOSEVELT (QUAI DU),M,"48,8333300","2,2640300",92,2019,50.0,1.0,2.0,3.0,2146775,1.0,1,4,1,1.0,,-1.0,0,1969.0,B01,138Â 302Â 715,2.0,6.0,-1.0,1639336,1.0,43,,0.0,2.0,1.0,B01,138Â 302Â 715,1.0
960522,201900002053,11,27,16:15,1,2,2,2.0,3.0,92012,GENERAL LECLERC (AVENUE DU) 35/FIN - 60/,M,"48,8311200","2,2389200",92,2019,50.0,1.0,2.0,3.0,2146776,1.0,1,4,1,1.0,,-1.0,0,1976.0,A01,138Â 302Â 712,2.0,6.0,-1.0,1639337,2.0,33,,0.0,2.0,1.0,A01,138Â 302Â 712,1.0
960522,201900002053,11,27,16:15,1,2,2,2.0,3.0,92012,GENERAL LECLERC (AVENUE DU) 35/FIN - 60/,M,"48,8311200","2,2389200",92,2019,50.0,1.0,2.0,3.0,2146776,1.0,1,4,1,1.0,,-1.0,0,1976.0,A01,138Â 302Â 712,2.0,6.0,-1.0,1639338,3.0,14,,0.0,2.0,3.0,B01,138Â 302Â 713,1.0
960522,201900002053,11,27,16:15,1,2,2,2.0,3.0,92012,GENERAL LECLERC (AVENUE DU) 35/FIN - 60/,M,"48,8311200","2,2389200",92,2019,50.0,1.0,2.0,3.0,2146777,1.0,1,1,1,4.0,,-1.0,0,1991.0,B01,138Â 302Â 713,1.0,8.0,-1.0,1639337,2.0,33,,0.0,2.0,1.0,A01,138Â 302Â 712,1.0
960522,201900002053,11,27,16:15,1,2,2,2.0,3.0,92012,GENERAL LECLERC (AVENUE DU) 35/FIN - 60/,M,"48,8311200","2,2389200",92,2019,50.0,1.0,2.0,3.0,2146777,1.0,1,1,1,4.0,,-1.0,0,1991.0,B01,138Â 302Â 713,1.0,8.0,-1.0,1639338,3.0,14,,0.0,2.0,3.0,B01,138Â 302Â 713,1.0
960523,201900002054,11,26,16:00,1,2,3,1.0,1.0,92002,FRERES LUMIERES (AVENUE DES),M,"48,7383100","2,3079100",92,2019,50.0,1.0,1.0,4.0,2146778,1.0,1,4,1,0.0,,-1.0,0,1989.0,B01,138Â 302Â 708,1.0,0.0,-1.0,1639339,1.0,7,,0.0,2.0,1.0,B01,138Â 302Â 708,1.0
960523,201900002054,11,26,16:00,1,2,3,1.0,1.0,92002,FRERES LUMIERES (AVENUE DES),M,"48,7383100","2,3079100",92,2019,50.0,1.0,1.0,4.0,2146778,1.0,1,4,1,0.0,,-1.0,0,1989.0,B01,138Â 302Â 708,1.0,0.0,-1.0,1639340,1.0,7,,0.0,2.0,1.0,A01,138Â 302Â 709,1.0
960523,201900002054,11,26,16:00,1,2,3,1.0,1.0,92002,FRERES LUMIERES (AVENUE DES),M,"48,7383100","2,3079100",92,2019,50.0,1.0,1.0,4.0,2146779,1.0,1,4,2,9.0,,-1.0,0,1974.0,A01,138Â 302Â 709,1.0,0.0,-1.0,1639339,1.0,7,,0.0,2.0,1.0,B01,138Â 302Â 708,1.0
960523,201900002054,11,26,16:00,1,2,3,1.0,1.0,92002,FRERES LUMIERES (AVENUE DES),M,"48,7383100","2,3079100",92,2019,50.0,1.0,1.0,4.0,2146779,1.0,1,4,2,9.0,,-1.0,0,1974.0,A01,138Â 302Â 709,1.0,0.0,-1.0,1639340,1.0,7,,0.0,2.0,1.0,A01,138Â 302Â 709,1.0
960524,201900002055,11,27,17:00,5,2,3,2.0,3.0,01443,488 Rue de Dombes,M,"46,0001420","5,0280580",1,2019,50.0,1.0,2.0,3.0,2146780,1.0,1,1,2,1.0,,0.0,0,1978.0,A01,138Â 302Â 706,1.0,-1.0,-1.0,1639341,0.0,7,,0.0,2.0,3.0,A01,138Â 302Â 706,1.0
960524,201900002055,11,27,17:00,5,2,3,2.0,3.0,01443,488 Rue de Dombes,M,"46,0001420","5,0280580",1,2019,50.0,1.0,2.0,3.0,2146780,1.0,1,1,2,1.0,,0.0,0,1978.0,A01,138Â 302Â 706,1.0,-1.0,-1.0,1639342,2.0,31,,0.0,2.0,1.0,B01,138Â 302Â 707,1.0
960524,201900002055,11,27,17:00,5,2,3,2.0,3.0,01443,488 Rue de Dombes,M,"46,0001420","5,0280580",1,2019,50.0,1.0,2.0,3.0,2146781,1.0,1,4,1,2.0,,0.0,0,2002.0,B01,138Â 302Â 707,2.0,6.0,9.0,1639341,0.0,7,,0.0,2.0,3.0,A01,138Â 302Â 706,1.0
960524,201900002055,11,27,17:00,5,2,3,2.0,3.0,01443,488 Rue de Dombes,M,"46,0001420","5,0280580",1,2019,50.0,1.0,2.0,3.0,2146781,1.0,1,4,1,2.0,,0.0,0,2002.0,B01,138Â 302Â 707,2.0,6.0,9.0,1639342,2.0,31,,0.0,2.0,1.0,B01,138Â 302Â 707,1.0
960525,201900002056,11,28,07:50,2,2,1,2.0,6.0,33138,21 Rue Francois Mitterrand - PiÃ©tons traversent Est vers Ouest,M,"45,0479600"," -0,1196200",33,2019,50.0,1.0,2.0,3.0,2146782,10.0,3,4,1,2.0,,3.0,3,2006.0,A01,138Â 302Â 705,0.0,-1.0,-1.0,1639343,1.0,3,,0.0,1.0,1.0,A01,138Â 302Â 705,1.0
960525,201900002056,11,28,07:50,2,2,1,2.0,6.0,33138,21 Rue Francois Mitterrand - PiÃ©tons traversent Est vers Ouest,M,"45,0479600"," -0,1196200",33,2019,50.0,1.0,2.0,3.0,2146783,10.0,3,3,2,2.0,,3.0,3,2008.0,A01,138Â 302Â 705,0.0,-1.0,-1.0,1639343,1.0,3,,0.0,1.0,1.0,A01,138Â 302Â 705,1.0
960525,201900002056,11,28,07:50,2,2,1,2.0,6.0,33138,21 Rue Francois Mitterrand - PiÃ©tons traversent Est vers Ouest,M,"45,0479600"," -0,1196200",33,2019,50.0,1.0,2.0,3.0,2146784,1.0,1,1,1,1.0,,0.0,0,1963.0,A01,138Â 302Â 705,1.0,-1.0,-1.0,1639343,1.0,3,,0.0,1.0,1.0,A01,138Â 302Â 705,1.0
960526,201900002057,11,27,16:10,1,2,4,2.0,7.0,68076,8 Rue de la 5e Division Blindee,M,"48,0922840","7,5010980",68,2019,50.0,1.0,2.0,4.0,2146785,1.0,1,4,1,2.0,,0.0,0,2005.0,A01,138Â 302Â 704,2.0,6.0,-1.0,1639344,2.0,2,,0.0,0.0,9.0,A01,138Â 302Â 704,1.0
960527,201900002058,11,25,12:30,1,2,1,8.0,1.0,97227,D17,M,"14,4682730"," -60,9241590",972,2019,50.0,1.0,2.0,2.0,2146786,1.0,1,4,2,5.0,,0.0,0,1995.0,B01,138Â 302Â 702,1.0,5.0,-1.0,1639345,1.0,7,,0.0,2.0,1.0,B01,138Â 302Â 702,1.0
960527,201900002058,11,25,12:30,1,2,1,8.0,1.0,97227,D17,M,"14,4682730"," -60,9241590",972,2019,50.0,1.0,2.0,2.0,2146786,1.0,1,4,2,5.0,,0.0,0,1995.0,B01,138Â 302Â 702,1.0,5.0,-1.0,1639346,2.0,7,,0.0,2.0,1.0,A01,138Â 302Â 703,1.0
960527,201900002058,11,25,12:30,1,2,1,8.0,1.0,97227,D17,M,"14,4682730"," -60,9241590",972,2019,50.0,1.0,2.0,2.0,2146787,2.0,2,3,1,3.0,,0.0,0,1988.0,A01,138Â 302Â 703,1.0,5.0,-1.0,1639345,1.0,7,,0.0,2.0,1.0,B01,138Â 302Â 702,1.0
960527,201900002058,11,25,12:30,1,2,1,8.0,1.0,97227,D17,M,"14,4682730"," -60,9241590",972,2019,50.0,1.0,2.0,2.0,2146787,2.0,2,3,1,3.0,,0.0,0,1988.0,A01,138Â 302Â 703,1.0,5.0,-1.0,1639346,2.0,7,,0.0,2.0,1.0,A01,138Â 302Â 703,1.0
960527,201900002058,11,25,12:30,1,2,1,8.0,1.0,97227,D17,M,"14,4682730"," -60,9241590",972,2019,50.0,1.0,2.0,2.0,2146788,1.0,1,4,2,3.0,,0.0,0,1964.0,A01,138Â 302Â 703,1.0,5.0,-1.0,1639345,1.0,7,,0.0,2.0,1.0,B01,138Â 302Â 702,1.0
960527,201900002058,11,25,12:30,1,2,1,8.0,1.0,97227,D17,M,"14,4682730"," -60,9241590",972,2019,50.0,1.0,2.0,2.0,2146788,1.0,1,4,2,3.0,,0.0,0,1964.0,A01,138Â 302Â 703,1.0,5.0,-1.0,1639346,2.0,7,,0.0,2.0,1.0,A01,138Â 302Â 703,1.0
960528,201900002059,11,28,06:30,3,1,6,8.0,2.0,60395,Rue Aristide Briand,M,"49,2152968","2,1269912",60,2019,80.0,1.0,1.0,3.0,2146789,1.0,1,4,2,1.0,,0.0,0,1970.0,A01,138Â 302Â 700,2.0,6.0,9.0,1639347,2.0,2,,0.0,0.0,5.0,A01,138Â 302Â 700,1.0
960528,201900002059,11,28,06:30,3,1,6,8.0,2.0,60395,Rue Aristide Briand,M,"49,2152968","2,1269912",60,2019,80.0,1.0,1.0,3.0,2146789,1.0,1,4,2,1.0,,0.0,0,1970.0,A01,138Â 302Â 700,2.0,6.0,9.0,1639348,3.0,7,,0.0,0.0,3.0,B01,138Â 302Â 701,1.0
960528,201900002059,11,28,06:30,3,1,6,8.0,2.0,60395,Rue Aristide Briand,M,"49,2152968","2,1269912",60,2019,80.0,1.0,1.0,3.0,2146790,1.0,1,1,1,0.0,,0.0,0,1996.0,B01,138Â 302Â 701,8.0,-1.0,-1.0,1639347,2.0,2,,0.0,0.0,5.0,A01,138Â 302Â 700,1.0