Unnamed: 0_x,num_acc,mois,jour,hrmn,lum,agg,int,atm,col,com,adr,gps,lat,long,dep,annee,vma,situ,surf,catr,Unnamed: 0_y,place,catu,grav,sexe,trajet,secu,locp,actp,an_nais,num_veh_x,id_vehicule_x,secu1,secu2,secu3,Unnamed: 0,senc,catv,occutc,obs,obsm,choc,num_veh_y,id_vehicule_y,motor
960528,201900002059,11,28,06:30,3,1,6,8.0,2.0,60395,Rue Aristide Briand,M,"49,2152968","2,1269912",60,2019,80.0,1.0,1.0,3.0,2146790,1.0,1,1,1,0.0,,0.0,0,1996.0,B01,138Â 302Â 701,8.0,-1.0,-1.0,1639348,3.0,7,,0.0,0.0,3.0,B01,138Â 302Â 701,1.0
960529,201900002060,11,27,10:30,1,1,1,3.0,3.0,74034,D902,M,"46,2719160","6,6206200",74,2019,80.0,1.0,2.0,3.0,2146791,1.0,1,4,2,0.0,,0.0,0,1959.0,B01,138Â 302Â 698,1.0,-1.0,-1.0,1639349,1.0,7,,16.0,2.0,8.0,B01,138Â 302Â 698,1.0
960529,201900002060,11,27,10:30,1,1,1,3.0,3.0,74034,D902,M,"46,2719160","6,6206200",74,2019,80.0,1.0,2.0,3.0,2146791,1.0,1,4,2,0.0,,0.0,0,1959.0,B01,138Â 302Â 698,1.0,-1.0,-1.0,1639350,1.0,7,,0.0,2.0,2.0,A01,138Â 302Â 699,1.0
960529,201900002060,11,27,10:30,1,1,1,3.0,3.0,74034,D902,M,"46,2719160","6,6206200",74,2019,80.0,1.0,2.0,3.0,2146792,2.0,2,1,1,0.0,,0.0,0,1983.0,B01,138Â 302Â 698,1.0,-1.0,-1.0,1639349,1.0,7,,16.0,2.0,8.0,B01,138Â 302Â 698,1.0
960529,201900002060,11,27,10:30,1,1,1,3.0,3.0,74034,D902,M,"46,2719160","6,6206200",74,2019,80.0,1.0,2.0,3.0,2146792,2.0,2,1,1,0.0,,0.0,0,1983.0,B01,138Â 302Â 698,1.0,-1.0,-1.0,1639350,1.0,7,,0.0,2.0,2.0,A01,138Â 302Â 699,1.0
960529,201900002060,11,27,10:30,1,1,1,3.0,3.0,74034,D902,M,"46,2719160","6,6206200",74,2019,80.0,1.0,2.0,3.0,2146793,5.0,2,4,1,0.0,,0.0,0,1994.0,B01,138Â 302Â 698,1.0,-1.0,-1.0,1639349,1.0,7,,16.0,2.0,8.0,B01,138Â 302Â 698,1.0
960529,201900002060,11,27,10:30,1,1,1,3.0,3.0,74034,D902,M,"46,2719160","6,6206200",74,2019,80.0,1.0,2.0,3.0,2146793,5.0,2,4,1,0.0,,0.0,0,1994.0,B01,138Â 302Â 698,1.0,-1.0,-1.0,1639350,1.0,7,,0.0,2.0,2.0,A01,138Â 302Â 699,1.0
960529,201900002060,11,27,10:30,1,1,1,3.0,3.0,74034,D902,M,"46,2719160","6,6206200",74,2019,80.0,1.0,2.0,3.0,2146794,1.0,1,1,1,3.0,,0.0,0,1981.0,A01,138Â 302Â 699,1.0,-1.0,-1.0,1639349,1.0,7,,16.0,2.0,8.0,B01,138Â 302Â 698,1.0
960529,201900002060,11,27,10:30,1,1,1,3.0,3.0,74034,D902,M,"46,2719160","6,6206200",74,2019,80.0,1.0,2.0,3.0,2146794,1.0,1,1,1,3.0,,0.0,0,1981.0,A01,138Â 302Â 699,1.0,-1.0,-1.0,1639350,1.0,7,,0.0,2.0,2.0,A01,138Â 302Â 699,1.0
960530,201900002061,11,28,17:50,3,1,2,2.0,3.0,41173,D50,M,"47,9273620","1,4019620",41,2019,80.0,1.0,2.0,3.0,2146795,1.0,1,2,1,1.0,,0.0,0,1997.0,B01,138Â 302Â 696,2.0,6.0,-1.0,1639351,0.0,31,,0.0,2.0,1.0,B01,138Â 302Â 696,1.0
960530,201900002061,11,28,17:50,3,1,2,2.0,3.0,41173,D50,M,"47,9273620","1,4019620",41,2019,80.0,1.0,2.0,3.0,2146795,1.0,1,2,1,1.0,,0.0,0,1997.0,B01,138Â 302Â 696,2.0,6.0,-1.0,1639352,0.0,7,,0.0,2.0,6.0,A01,138Â 302Â 697,1.0
960530,201900002061,11,28,17:50,3,1,2,2.0,3.0,41173,D50,M,"47,9273620","1,4019620",41,2019,80.0,1.0,2.0,3.0,2146796,1.0,1,1,2,1.0,,0.0,0,1984.0,A01,138Â 302Â 697,1.0,-1.0,-1.0,1639351,0.0,31,,0.0,2.0,1.0,B01,138Â 302Â 696,1.0
960530,201900002061,11,28,17:50,3,1,2,2.0,3.0,41173,D50,M,"47,9273620","1,4019620",41,2019,80.0,1.0,2.0,3.0,2146796,1.0,1,1,2,1.0,,0.0,0,1984.0,A01,138Â 302Â 697,1.0,-1.0,-1.0,1639352,0.0,7,,0.0,2.0,6.0,A01,138Â 302Â 697,1.0
960531,201900002062,11,27,18:15,5,2,1,1.0,5.0,30060,D42,M,"43,7893200","4,3877620",30,2019,50.0,1.0,1.0,3.0,2146797,1.0,1,1,1,5.0,,0.0,0,1948.0,C01,138Â 302Â 693,1.0,-1.0,-1.0,1639353,2.0,7,,0.0,2.0,1.0,C01,138Â 302Â 693,1.0
960531,201900002062,11,27,18:15,5,2,1,1.0,5.0,30060,D42,M,"43,7893200","4,3877620",30,2019,50.0,1.0,1.0,3.0,2146797,1.0,1,1,1,5.0,,0.0,0,1948.0,C01,138Â 302Â 693,1.0,-1.0,-1.0,1639354,1.0,33,,0.0,2.0,7.0,B01,138Â 302Â 694,1.0
960531,201900002062,11,27,18:15,5,2,1,1.0,5.0,30060,D42,M,"43,7893200","4,3877620",30,2019,50.0,1.0,1.0,3.0,2146797,1.0,1,1,1,5.0,,0.0,0,1948.0,C01,138Â 302Â 693,1.0,-1.0,-1.0,1639355,1.0,7,,0.0,2.0,8.0,A01,138Â 302Â 695,1.0
960531,201900002062,11,27,18:15,5,2,1,1.0,5.0,30060,D42,M,"43,7893200","4,3877620",30,2019,50.0,1.0,1.0,3.0,2146798,1.0,1,4,1,1.0,,0.0,0,1967.0,B01,138Â 302Â 694,2.0,-1.0,-1.0,1639353,2.0,7,,0.0,2.0,1.0,C01,138Â 302Â 693,1.0
960531,201900002062,11,27,18:15,5,2,1,1.0,5.0,30060,D42,M,"43,7893200","4,3877620",30,2019,50.0,1.0,1.0,3.0,2146798,1.0,1,4,1,1.0,,0.0,0,1967.0,B01,138Â 302Â 694,2.0,-1.0,-1.0,1639354,1.0,33,,0.0,2.0,7.0,B01,138Â 302Â 694,1.0
960531,201900002062,11,27,18:15,5,2,1,1.0,5.0,30060,D42,M,"43,7893200","4,3877620",30,2019,50.0,1.0,1.0,3.0,2146798,1.0,1,4,1,1.0,,0.0,0,1967.0,B01,138Â 302Â 694,2.0,-1.0,-1.0,1639355,1.0,7,,0.0,2.0,8.0,A01,138Â 302Â 695,1.0
960531,201900002062,11,27,18:15,5,2,1,1.0,5.0,30060,D42,M,"43,7893200","4,3877620",30,2019,50.0,1.0,1.0,3.0,2146799,1.0,1,1,2,1.0,,0.0,0,1966.0,A01,138Â 302Â 695,1.0,-1.0,-1.0,1639353,2.0,7,,0.0,2.0,1.0,C01,138Â 302Â 693,1.0
960531,201900002062,11,27,18:15,5,2,1,1.0,5.0,30060,D42,M,"43,7893200","4,3877620",30,2019,50.0,1.0,1.0,3.0,2146799,1.0,1,1,2,1.0,,0.0,0,1966.0,A01,138Â 302Â 695,1.0,-1.0,-1.0,1639354,1.0,33,,0.0,2.0,7.0,B01,138Â 302Â 694,1.0
960531,201900002062,11,27,18:15,5,2,1,1.0,5.0,30060,D42,M,"43,7893200","4,3877620",30,2019,50.0,1.0,1.0,3.0,2146799,1.0,1,1,2,1.0,,0.0,0,1966.0,A01,138Â 302Â 695,1.0,-1.0,-1.0,1639355,1.0,7,,0.0,2.0,8.0,A01,138Â 302Â 695,1.0
960532,201900002063,11,26,08:10,2,1,6,2.0,7.0,56094,Chemin de ManÃ©-kernours,M,"47,7600750"," -3,2836760",56,2019,80.0,8.0,2.0,9.0,2146800,1.0,1,3,1,1.0,,0.0,0,1974.0,A01,138Â 302Â 692,2.0,6.0,-1.0,1639356,1.0,33,,0.0,0.0,0.0,A01,138Â 302Â 692,1.0
960533,201900002064,11,28,07:40,1,2,2,1.0,6.0,2B096,7 Avenue Jean Nicoli,M,"42,3064010","9,1565290",2B,2019,-1.0,4.0,1.0,3.0,2146801,1.0,1,3,1,0.0,,0.0,0,1973.0,A01,138Â 302Â 691,1.0,5.0,-1.0,1639357,1.0,10,,8.0,0.0,1.0,A01,138Â 302Â 691,1.0
960534,201900002065,10,11,19:01,1,1,3,1.0,3.0,82149,Route de Mirabel,M,"44,1244920","1,4541300",82,2019,80.0,1.0,1.0,3.0,2146802,1.0,1,1,1,5.0,,0.0,0,1939.0,A01,138Â 302Â 686,8.0,-1.0,-1.0,1639358,1.0,7,,0.0,2.0,2.0,A01,138Â 302Â 686,1.0
960534,201900002065,10,11,19:01,1,1,3,1.0,3.0,82149,Route de Mirabel,M,"44,1244920","1,4541300",82,2019,80.0,1.0,1.0,3.0,2146802,1.0,1,1,1,5.0,,0.0,0,1939.0,A01,138Â 302Â 686,8.0,-1.0,-1.0,1639359,2.0,31,,0.0,2.0,1.0,B01,138Â 302Â 687,1.0
960534,201900002065,10,11,19:01,1,1,3,1.0,3.0,82149,Route de Mirabel,M,"44,1244920","1,4541300",82,2019,80.0,1.0,1.0,3.0,2146803,1.0,1,3,1,9.0,,0.0,0,1970.0,B01,138Â 302Â 687,2.0,6.0,-1.0,1639358,1.0,7,,0.0,2.0,2.0,A01,138Â 302Â 686,1.0
960534,201900002065,10,11,19:01,1,1,3,1.0,3.0,82149,Route de Mirabel,M,"44,1244920","1,4541300",82,2019,80.0,1.0,1.0,3.0,2146803,1.0,1,3,1,9.0,,0.0,0,1970.0,B01,138Â 302Â 687,2.0,6.0,-1.0,1639359,2.0,31,,0.0,2.0,1.0,B01,138Â 302Â 687,1.0
960535,201900002066,11,28,13:55,1,1,4,1.0,5.0,65127,D938,M,"43,0966680","0,3307060",65,2019,80.0,1.0,1.0,3.0,2146804,1.0,1,4,1,9.0,,0.0,0,1955.0,A01,138Â 302Â 683,1.0,-1.0,-1.0,1639360,2.0,7,,0.0,2.0,3.0,A01,138Â 302Â 683,1.0
960535,201900002066,11,28,13:55,1,1,4,1.0,5.0,65127,D938,M,"43,0966680","0,3307060",65,2019,80.0,1.0,1.0,3.0,2146804,1.0,1,4,1,9.0,,0.0,0,1955.0,A01,138Â 302Â 683,1.0,-1.0,-1.0,1639361,1.0,15,,0.0,2.0,1.0,C01,138Â 302Â 684,1.0
960535,201900002066,11,28,13:55,1,1,4,1.0,5.0,65127,D938,M,"43,0966680","0,3307060",65,2019,80.0,1.0,1.0,3.0,2146804,1.0,1,4,1,9.0,,0.0,0,1955.0,A01,138Â 302Â 683,1.0,-1.0,-1.0,1639362,2.0,7,,0.0,2.0,5.0,B01,138Â 302Â 685,1.0
960535,201900002066,11,28,13:55,1,1,4,1.0,5.0,65127,D938,M,"43,0966680","0,3307060",65,2019,80.0,1.0,1.0,3.0,2146805,2.0,2,3,2,5.0,,0.0,0,1959.0,A01,138Â 302Â 683,1.0,-1.0,-1.0,1639360,2.0,7,,0.0,2.0,3.0,A01,138Â 302Â 683,1.0
960535,201900002066,11,28,13:55,1,1,4,1.0,5.0,65127,D938,M,"43,0966680","0,3307060",65,2019,80.0,1.0,1.0,3.0,2146805,2.0,2,3,2,5.0,,0.0,0,1959.0,A01,138Â 302Â 683,1.0,-1.0,-1.0,1639361,1.0,15,,0.0,2.0,1.0,C01,138Â 302Â 684,1.0
960535,201900002066,11,28,13:55,1,1,4,1.0,5.0,65127,D938,M,"43,0966680","0,3307060",65,2019,80.0,1.0,1.0,3.0,2146805,2.0,2,3,2,5.0,,0.0,0,1959.0,A01,138Â 302Â 683,1.0,-1.0,-1.0,1639362,2.0,7,,0.0,2.0,5.0,B01,138Â 302Â 685,1.0
960535,201900002066,11,28,13:55,1,1,4,1.0,5.0,65127,D938,M,"43,0966680","0,3307060",65,2019,80.0,1.0,1.0,3.0,2146806,1.0,1,1,1,4.0,,0.0,0,1956.0,C01,138Â 302Â 684,1.0,-1.0,-1.0,1639360,2.0,7,,0.0,2.0,3.0,A01,138Â 302Â 683,1.0
960535,201900002066,11,28,13:55,1,1,4,1.0,5.0,65127,D938,M,"43,0966680","0,3307060",65,2019,80.0,1.0,1.0,3.0,2146806,1.0,1,1,1,4.0,,0.0,0,1956.0,C01,138Â 302Â 684,1.0,-1.0,-1.0,1639361,1.0,15,,0.0,2.0,1.0,C01,138Â 302Â 684,1.0
960535,201900002066,11,28,13:55,1,1,4,1.0,5.0,65127,D938,M,"43,0966680","0,3307060",65,2019,80.0,1.0,1.0,3.0,2146806,1.0,1,1,1,4.0,,0.0,0,1956.0,C01,138Â 302Â 684,1.0,-1.0,-1.0,1639362,2.0,7,,0.0,2.0,5.0,B01,138Â 302Â 685,1.0
960535,201900002066,11,28,13:55,1,1,4,1.0,5.0,65127,D938,M,"43,0966680","0,3307060",65,2019,80.0,1.0,1.0,3.0,2146807,1.0,1,1,1,4.0,,0.0,0,1965.0,B01,138Â 302Â 685,1.0,-1.0,-1.0,1639360,2.0,7,,0.0,2.0,3.0,A01,138Â 302Â 683,1.0
960535,201900002066,11,28,13:55,1,1,4,1.0,5.0,65127,D938,M,"43,0966680","0,3307060",65,2019,80.0,1.0,1.0,3.0,2146807,1.0,1,1,1,4.0,,0.0,0,1965.0,B01,138Â 302Â 685,1.0,-1.0,-1.0,1639361,1.0,15,,0.0,2.0,1.0,C01,138Â 302Â 684,1.0
960535,201900002066,11,28,13:55,1,1,4,1.0,5.0,65127,D938,M,"43,0966680","0,3307060",65,2019,80.0,1.0,1.0,3.0,2146807,1.0,1,1,1,4.0,,0.0,0,1965.0,B01,138Â 302Â 685,1.0,-1.0,-1.0,1639362,2.0,7,,0.0,2.0,5.0,B01,138Â 302Â 685,1.0
960536,201900002067,11,27,17:00,2,1,1,3.0,1.0,33394,Lieu Dit la Grace Dieu,M,"44,9059700"," -0,1736000",33,2019,70.0,1.0,2.0,3.0,2146808,2.0,2,4,1,5.0,,0.0,0,1970.0,B01,138Â 302Â 681,1.0,-1.0,-1.0,1639363,2.0,7,,0.0,0.0,1.0,B01,138Â 302Â 681,1.0
960536,201900002067,11,27,17:00,2,1,1,3.0,1.0,33394,Lieu Dit la Grace Dieu,M,"44,9059700"," -0,1736000",33,2019,70.0,1.0,2.0,3.0,2146808,2.0,2,4,1,5.0,,0.0,0,1970.0,B01,138Â 302Â 681,1.0,-1.0,-1.0,1639364,1.0,7,,0.0,2.0,1.0,A01,138Â 302Â 682,1.0
960536,201900002067,11,27,17:00,2,1,1,3.0,1.0,33394,Lieu Dit la Grace Dieu,M,"44,9059700"," -0,1736000",33,2019,70.0,1.0,2.0,3.0,2146809,1.0,1,3,1,5.0,,0.0,0,1977.0,B01,138Â 302Â 681,1.0,-1.0,-1.0,1639363,2.0,7,,0.0,0.0,1.0,B01,138Â 302Â 681,1.0
960536,201900002067,11,27,17:00,2,1,1,3.0,1.0,33394,Lieu Dit la Grace Dieu,M,"44,9059700"," -0,1736000",33,2019,70.0,1.0,2.0,3.0,2146809,1.0,1,3,1,5.0,,0.0,0,1977.0,B01,138Â 302Â 681,1.0,-1.0,-1.0,1639364,1.0,7,,0.0,2.0,1.0,A01,138Â 302Â 682,1.0
960536,201900002067,11,27,17:00,2,1,1,3.0,1.0,33394,Lieu Dit la Grace Dieu,M,"44,9059700"," -0,1736000",33,2019,70.0,1.0,2.0,3.0,2146810,1.0,1,3,2,1.0,,0.0,0,1986.0,A01,138Â 302Â 682,1.0,-1.0,-1.0,1639363,2.0,7,,0.0,0.0,1.0,B01,138Â 302Â 681,1.0
960536,201900002067,11,27,17:00,2,1,1,3.0,1.0,33394,Lieu Dit la Grace Dieu,M,"44,9059700"," -0,1736000",33,2019,70.0,1.0,2.0,3.0,2146810,1.0,1,3,2,1.0,,0.0,0,1986.0,A01,138Â 302Â 682,1.0,-1.0,-1.0,1639364,1.0,7,,0.0,2.0,1.0,A01,138Â 302Â 682,1.0
960537,201900002068,11,27,01:45,3,1,1,3.0,6.0,81272,D999,M,"43,9208170","1,6126610",81,2019,80.0,3.0,2.0,3.0,2146811,1.0,1,4,1,5.0,,0.0,0,1954.0,A01,138Â 302Â 680,1.0,-1.0,-1.0,1639365,2.0,7,,10.0,0.0,1.0,A01,138Â 302Â 680,1.0
960537,201900002068,11,27,01:45,3,1,1,3.0,6.0,81272,D999,M,"43,9208170","1,6126610",81,2019,80.0,3.0,2.0,3.0,2146812,2.0,2,3,1,5.0,,0.0,0,1962.0,A01,138Â 302Â 680,1.0,-1.0,-1.0,1639365,2.0,7,,10.0,0.0,1.0,A01,138Â 302Â 680,1.0
960538,201900002069,11,27,17:40,5,2,1,1.0,6.0,11426,66 Avenue du Minervois,M,"43,2855690","2,4390260",11,2019,50.0,1.0,1.0,3.0,2146813,10.0,3,3,1,3.0,,3.0,3,1938.0,A01,138Â 302Â 679,0.0,-1.0,-1.0,1639366,2.0,7,,0.0,1.0,2.0,A01,138Â 302Â 679,1.0
960538,201900002069,11,27,17:40,5,2,1,1.0,6.0,11426,66 Avenue du Minervois,M,"43,2855690","2,4390260",11,2019,50.0,1.0,1.0,3.0,2146814,1.0,1,1,1,5.0,,0.0,0,1948.0,A01,138Â 302Â 679,1.0,-1.0,-1.0,1639366,2.0,7,,0.0,1.0,2.0,A01,138Â 302Â 679,1.0
960539,201900002070,10,24,10:10,1,1,1,1.0,6.0,34091,Route de Saint pierre,M,"43,8511260","3,3552390",34,2019,80.0,3.0,1.0,3.0,2146815,1.0,1,4,1,5.0,,0.0,0,1960.0,A01,138Â 302Â 678,1.0,-1.0,-1.0,1639367,1.0,7,,2.0,0.0,2.0,A01,138Â 302Â 678,1.0
960540,201900002071,11,27,12:00,1,1,1,1.0,7.0,68075,Rue des Coteaux,M,"47,5324190","7,3332350",68,2019,-1.0,5.0,1.0,9.0,2146816,1.0,1,3,2,5.0,,0.0,0,1972.0,A01,138Â 302Â 677,2.0,6.0,9.0,1639368,0.0,1,,0.0,0.0,9.0,A01,138Â 302Â 677,5.0
960541,201900002072,9,21,21:21,5,2,3,1.0,7.0,29302,42 Rue de Brest,M,"48,2561800"," -4,0837060",29,2019,50.0,4.0,2.0,3.0,2146817,1.0,1,3,1,9.0,,0.0,0,1946.0,A01,138Â 302Â 676,2.0,6.0,-1.0,1639369,1.0,2,,6.0,0.0,1.0,A01,138Â 302Â 676,1.0
960542,201900002073,11,23,17:25,2,1,1,8.0,2.0,29298,1076 Moulin de Bondivy,M,"47,9133560"," -4,3162860",29,2019,80.0,1.0,2.0,3.0,2146818,1.0,1,4,1,5.0,,0.0,0,1966.0,B01,138Â 302Â 674,2.0,-1.0,-1.0,1639370,1.0,1,,0.0,2.0,4.0,B01,138Â 302Â 674,5.0
960542,201900002073,11,23,17:25,2,1,1,8.0,2.0,29298,1076 Moulin de Bondivy,M,"47,9133560"," -4,3162860",29,2019,80.0,1.0,2.0,3.0,2146818,1.0,1,4,1,5.0,,0.0,0,1966.0,B01,138Â 302Â 674,2.0,-1.0,-1.0,1639371,1.0,7,,0.0,2.0,2.0,A01,138Â 302Â 675,1.0
960542,201900002073,11,23,17:25,2,1,1,8.0,2.0,29298,1076 Moulin de Bondivy,M,"47,9133560"," -4,3162860",29,2019,80.0,1.0,2.0,3.0,2146819,1.0,1,1,1,5.0,,0.0,0,1944.0,A01,138Â 302Â 675,1.0,-1.0,-1.0,1639370,1.0,1,,0.0,2.0,4.0,B01,138Â 302Â 674,5.0
960542,201900002073,11,23,17:25,2,1,1,8.0,2.0,29298,1076 Moulin de Bondivy,M,"47,9133560"," -4,3162860",29,2019,80.0,1.0,2.0,3.0,2146819,1.0,1,1,1,5.0,,0.0,0,1944.0,A01,138Â 302Â 675,1.0,-1.0,-1.0,1639371,1.0,7,,0.0,2.0,2.0,A01,138Â 302Â 675,1.0
960543,201900002074,11,27,11:05,1,2,1,7.0,6.0,31582,14 Avenue de la Fontasse,M,"43,3963970","1,7184040",31,2019,50.0,1.0,1.0,4.0,2146820,1.0,1,1,2,1.0,,0.0,0,1989.0,A01,138Â 302Â 673,1.0,-1.0,-1.0,1639372,3.0,7,,0.0,1.0,2.0,A01,138Â 302Â 673,1.0
960543,201900002074,11,27,11:05,1,2,1,7.0,6.0,31582,14 Avenue de la Fontasse,M,"43,3963970","1,7184040",31,2019,50.0,1.0,1.0,4.0,2146821,10.0,3,2,1,5.0,,2.0,9,1930.0,A01,138Â 302Â 673,0.0,-1.0,-1.0,1639372,3.0,7,,0.0,1.0,2.0,A01,138Â 302Â 673,1.0
960544,201900002075,11,20,08:00,1,2,1,1.0,6.0,38454,Rue des Lavandes,M,"45,1573600","5,3343900",38,2019,50.0,8.0,1.0,4.0,2146822,10.0,3,4,1,4.0,,9.0,1,1973.0,A01,138Â 302Â 672,0.0,-1.0,-1.0,1639373,3.0,10,,0.0,1.0,4.0,A01,138Â 302Â 672,1.0
960544,201900002075,11,20,08:00,1,2,1,1.0,6.0,38454,Rue des Lavandes,M,"45,1573600","5,3343900",38,2019,50.0,8.0,1.0,4.0,2146823,1.0,1,1,1,4.0,,0.0,0,1998.0,A01,138Â 302Â 672,8.0,-1.0,-1.0,1639373,3.0,10,,0.0,1.0,4.0,A01,138Â 302Â 672,1.0
960545,201900002076,11,28,06:00,3,1,1,2.0,7.0,70317,,M,"47,5358187","6,4048317",70,2019,80.0,3.0,2.0,3.0,2146824,1.0,1,3,1,1.0,,0.0,0,2004.0,A01,138Â 302Â 671,2.0,6.0,-1.0,1639374,2.0,2,,0.0,0.0,2.0,A01,138Â 302Â 671,1.0
960546,201900002077,11,27,20:45,5,2,1,2.0,6.0,58281,40 Rue Saint Symphorien,M,"47,3362820","3,0668350",58,2019,50.0,1.0,2.0,3.0,2146825,2.0,2,4,2,5.0,,0.0,0,1992.0,A01,138Â 302Â 670,1.0,-1.0,-1.0,1639375,0.0,7,,1.0,0.0,1.0,A01,138Â 302Â 670,1.0
960546,201900002077,11,27,20:45,5,2,1,2.0,6.0,58281,40 Rue Saint Symphorien,M,"47,3362820","3,0668350",58,2019,50.0,1.0,2.0,3.0,2146826,1.0,1,4,1,5.0,,0.0,0,1993.0,A01,138Â 302Â 670,1.0,-1.0,-1.0,1639375,0.0,7,,1.0,0.0,1.0,A01,138Â 302Â 670,1.0
960546,201900002077,11,27,20:45,5,2,1,2.0,6.0,58281,40 Rue Saint Symphorien,M,"47,3362820","3,0668350",58,2019,50.0,1.0,2.0,3.0,2146827,8.0,2,3,2,5.0,,0.0,0,2009.0,A01,138Â 302Â 670,1.0,-1.0,-1.0,1639375,0.0,7,,1.0,0.0,1.0,A01,138Â 302Â 670,1.0
960547,201900002078,11,28,15:50,1,2,3,1.0,6.0,14120,41 Route de 7 Vents,M,"49,0668840"," -0,7727100",14,2019,50.0,3.0,1.0,3.0,2146828,1.0,1,2,1,5.0,,0.0,0,1944.0,A01,138Â 302Â 667,1.0,-1.0,-1.0,1639376,1.0,7,,6.0,0.0,2.0,A01,138Â 302Â 667,1.0
960548,201900002079,11,27,11:20,1,1,1,2.0,1.0,36194,D943,M,"46,9101670","1,3375030",36,2019,80.0,1.0,2.0,3.0,2146829,1.0,1,4,1,4.0,,0.0,0,1980.0,B01,138Â 302Â 665,1.0,-1.0,-1.0,1639377,1.0,17,,0.0,2.0,1.0,B01,138Â 302Â 665,1.0
960548,201900002079,11,27,11:20,1,1,1,2.0,1.0,36194,D943,M,"46,9101670","1,3375030",36,2019,80.0,1.0,2.0,3.0,2146829,1.0,1,4,1,4.0,,0.0,0,1980.0,B01,138Â 302Â 665,1.0,-1.0,-1.0,1639378,2.0,7,,0.0,2.0,1.0,A01,138Â 302Â 666,1.0
960548,201900002079,11,27,11:20,1,1,1,2.0,1.0,36194,D943,M,"46,9101670","1,3375030",36,2019,80.0,1.0,2.0,3.0,2146830,1.0,1,2,1,5.0,,0.0,0,1937.0,A01,138Â 302Â 666,1.0,-1.0,-1.0,1639377,1.0,17,,0.0,2.0,1.0,B01,138Â 302Â 665,1.0
960548,201900002079,11,27,11:20,1,1,1,2.0,1.0,36194,D943,M,"46,9101670","1,3375030",36,2019,80.0,1.0,2.0,3.0,2146830,1.0,1,2,1,5.0,,0.0,0,1937.0,A01,138Â 302Â 666,1.0,-1.0,-1.0,1639378,2.0,7,,0.0,2.0,1.0,A01,138Â 302Â 666,1.0
960549,201900002080,11,27,22:00,5,2,1,1.0,6.0,07010,rue Font Chevalier,M,"45,2449048","4,6629410",7,2019,50.0,1.0,1.0,4.0,2146831,1.0,1,3,1,5.0,,0.0,0,1978.0,A01,138Â 302Â 664,0.0,-1.0,-1.0,1639379,3.0,7,,2.0,0.0,7.0,A01,138Â 302Â 664,0.0
960549,201900002080,11,27,22:00,5,2,1,1.0,6.0,07010,rue Font Chevalier,M,"45,2449048","4,6629410",7,2019,50.0,1.0,1.0,4.0,2146832,8.0,2,3,1,5.0,,0.0,0,1981.0,A01,138Â 302Â 664,8.0,-1.0,-1.0,1639379,3.0,7,,2.0,0.0,7.0,A01,138Â 302Â 664,0.0
960549,201900002080,11,27,22:00,5,2,1,1.0,6.0,07010,rue Font Chevalier,M,"45,2449048","4,6629410",7,2019,50.0,1.0,1.0,4.0,2146833,2.0,2,2,1,5.0,,0.0,0,1981.0,A01,138Â 302Â 664,8.0,-1.0,-1.0,1639379,3.0,7,,2.0,0.0,7.0,A01,138Â 302Â 664,0.0
960550,201900002081,11,28,08:50,1,1,1,2.0,2.0,13040,A52,M,"43,4735180","5,5653190",13,2019,130.0,1.0,2.0,1.0,2146834,2.0,2,1,1,5.0,,0.0,0,1995.0,B01,138Â 302Â 662,8.0,-1.0,-1.0,1639380,2.0,7,,3.0,2.0,1.0,B01,138Â 302Â 662,1.0
960550,201900002081,11,28,08:50,1,1,1,2.0,2.0,13040,A52,M,"43,4735180","5,5653190",13,2019,130.0,1.0,2.0,1.0,2146834,2.0,2,1,1,5.0,,0.0,0,1995.0,B01,138Â 302Â 662,8.0,-1.0,-1.0,1639381,2.0,7,,3.0,0.0,4.0,A01,138Â 302Â 663,1.0
960550,201900002081,11,28,08:50,1,1,1,2.0,2.0,13040,A52,M,"43,4735180","5,5653190",13,2019,130.0,1.0,2.0,1.0,2146835,1.0,1,1,2,5.0,,0.0,0,1994.0,B01,138Â 302Â 662,1.0,-1.0,-1.0,1639380,2.0,7,,3.0,2.0,1.0,B01,138Â 302Â 662,1.0
960550,201900002081,11,28,08:50,1,1,1,2.0,2.0,13040,A52,M,"43,4735180","5,5653190",13,2019,130.0,1.0,2.0,1.0,2146835,1.0,1,1,2,5.0,,0.0,0,1994.0,B01,138Â 302Â 662,1.0,-1.0,-1.0,1639381,2.0,7,,3.0,0.0,4.0,A01,138Â 302Â 663,1.0
960550,201900002081,11,28,08:50,1,1,1,2.0,2.0,13040,A52,M,"43,4735180","5,5653190",13,2019,130.0,1.0,2.0,1.0,2146836,1.0,1,4,2,1.0,,0.0,0,1968.0,A01,138Â 302Â 663,8.0,-1.0,-1.0,1639380,2.0,7,,3.0,2.0,1.0,B01,138Â 302Â 662,1.0
960550,201900002081,11,28,08:50,1,1,1,2.0,2.0,13040,A52,M,"43,4735180","5,5653190",13,2019,130.0,1.0,2.0,1.0,2146836,1.0,1,4,2,1.0,,0.0,0,1968.0,A01,138Â 302Â 663,8.0,-1.0,-1.0,1639381,2.0,7,,3.0,0.0,4.0,A01,138Â 302Â 663,1.0