Unnamed: 0_x,num_acc,mois,jour,hrmn,lum,agg,int,atm,col,com,adr,gps,lat,long,dep,annee,vma,situ,surf,catr,Unnamed: 0_y,place,catu,grav,sexe,trajet,secu,locp,actp,an_nais,num_veh_x,id_vehicule_x,secu1,secu2,secu3,Unnamed: 0,senc,catv,occutc,obs,obsm,choc,num_veh_y,id_vehicule_y,motor
960551,201900002082,11,28,09:06,1,1,1,1.0,1.0,40278,D 44,M,"44,1779840"," -1,1302640",40,2019,80.0,1.0,2.0,3.0,2146837,1.0,1,1,1,4.0,,0.0,0,1971.0,B01,138Â 302Â 660,1.0,-1.0,-1.0,1639382,2.0,17,,0.0,2.0,1.0,B01,138Â 302Â 660,1.0
960551,201900002082,11,28,09:06,1,1,1,1.0,1.0,40278,D 44,M,"44,1779840"," -1,1302640",40,2019,80.0,1.0,2.0,3.0,2146837,1.0,1,1,1,4.0,,0.0,0,1971.0,B01,138Â 302Â 660,1.0,-1.0,-1.0,1639383,1.0,7,,0.0,2.0,1.0,A01,138Â 302Â 661,1.0
960551,201900002082,11,28,09:06,1,1,1,1.0,1.0,40278,D 44,M,"44,1779840"," -1,1302640",40,2019,80.0,1.0,2.0,3.0,2146838,1.0,1,2,1,0.0,,0.0,0,1937.0,A01,138Â 302Â 661,1.0,-1.0,-1.0,1639382,2.0,17,,0.0,2.0,1.0,B01,138Â 302Â 660,1.0
960551,201900002082,11,28,09:06,1,1,1,1.0,1.0,40278,D 44,M,"44,1779840"," -1,1302640",40,2019,80.0,1.0,2.0,3.0,2146838,1.0,1,2,1,0.0,,0.0,0,1937.0,A01,138Â 302Â 661,1.0,-1.0,-1.0,1639383,1.0,7,,0.0,2.0,1.0,A01,138Â 302Â 661,1.0
960552,201900002083,11,28,05:45,1,2,1,1.0,3.0,97422,Chemin Notre Dame de la Paix,M," -21,2217070","55,5604410",974,2019,50.0,1.0,1.0,2.0,2146839,1.0,1,1,1,4.0,,0.0,0,1970.0,B01,138Â 302Â 658,1.0,-1.0,-1.0,1639384,1.0,37,1.0,0.0,2.0,8.0,B01,138Â 302Â 658,1.0
960552,201900002083,11,28,05:45,1,2,1,1.0,3.0,97422,Chemin Notre Dame de la Paix,M," -21,2217070","55,5604410",974,2019,50.0,1.0,1.0,2.0,2146839,1.0,1,1,1,4.0,,0.0,0,1970.0,B01,138Â 302Â 658,1.0,-1.0,-1.0,1639385,2.0,1,,0.0,2.0,1.0,A01,138Â 302Â 659,5.0
960552,201900002083,11,28,05:45,1,2,1,1.0,3.0,97422,Chemin Notre Dame de la Paix,M," -21,2217070","55,5604410",974,2019,50.0,1.0,1.0,2.0,2146840,1.0,1,2,1,2.0,,0.0,0,2005.0,A01,138Â 302Â 659,0.0,-1.0,-1.0,1639384,1.0,37,1.0,0.0,2.0,8.0,B01,138Â 302Â 658,1.0
960552,201900002083,11,28,05:45,1,2,1,1.0,3.0,97422,Chemin Notre Dame de la Paix,M," -21,2217070","55,5604410",974,2019,50.0,1.0,1.0,2.0,2146840,1.0,1,2,1,2.0,,0.0,0,2005.0,A01,138Â 302Â 659,0.0,-1.0,-1.0,1639385,2.0,1,,0.0,2.0,1.0,A01,138Â 302Â 659,5.0
960553,201900002084,11,27,17:15,2,1,1,1.0,2.0,97112,Poisson,M,"15,9262520"," -61,3166100",971,2019,80.0,1.0,1.0,2.0,2146841,2.0,2,1,1,5.0,,0.0,0,1972.0,B01,138Â 302Â 656,0.0,-1.0,-1.0,1639386,1.0,99,,0.0,2.0,5.0,B01,138Â 302Â 656,6.0
960553,201900002084,11,27,17:15,2,1,1,1.0,2.0,97112,Poisson,M,"15,9262520"," -61,3166100",971,2019,80.0,1.0,1.0,2.0,2146841,2.0,2,1,1,5.0,,0.0,0,1972.0,B01,138Â 302Â 656,0.0,-1.0,-1.0,1639387,1.0,7,,0.0,9.0,2.0,A01,138Â 302Â 657,1.0
960553,201900002084,11,27,17:15,2,1,1,1.0,2.0,97112,Poisson,M,"15,9262520"," -61,3166100",971,2019,80.0,1.0,1.0,2.0,2146842,1.0,1,1,1,5.0,,0.0,0,1991.0,B01,138Â 302Â 656,0.0,-1.0,-1.0,1639386,1.0,99,,0.0,2.0,5.0,B01,138Â 302Â 656,6.0
960553,201900002084,11,27,17:15,2,1,1,1.0,2.0,97112,Poisson,M,"15,9262520"," -61,3166100",971,2019,80.0,1.0,1.0,2.0,2146842,1.0,1,1,1,5.0,,0.0,0,1991.0,B01,138Â 302Â 656,0.0,-1.0,-1.0,1639387,1.0,7,,0.0,9.0,2.0,A01,138Â 302Â 657,1.0
960553,201900002084,11,27,17:15,2,1,1,1.0,2.0,97112,Poisson,M,"15,9262520"," -61,3166100",971,2019,80.0,1.0,1.0,2.0,2146843,1.0,1,4,1,5.0,,0.0,0,1957.0,A01,138Â 302Â 657,1.0,-1.0,-1.0,1639386,1.0,99,,0.0,2.0,5.0,B01,138Â 302Â 656,6.0
960553,201900002084,11,27,17:15,2,1,1,1.0,2.0,97112,Poisson,M,"15,9262520"," -61,3166100",971,2019,80.0,1.0,1.0,2.0,2146843,1.0,1,4,1,5.0,,0.0,0,1957.0,A01,138Â 302Â 657,1.0,-1.0,-1.0,1639387,1.0,7,,0.0,9.0,2.0,A01,138Â 302Â 657,1.0
960554,201900002085,11,27,15:45,1,1,1,1.0,5.0,97118,Route de la Traversee,M,"16,2064640"," -61,6315140",971,2019,70.0,1.0,1.0,3.0,2146844,1.0,1,1,1,5.0,,0.0,0,1997.0,C01,138Â 302Â 653,1.0,-1.0,-1.0,1639388,3.0,7,,0.0,2.0,2.0,C01,138Â 302Â 653,0.0
960554,201900002085,11,27,15:45,1,1,1,1.0,5.0,97118,Route de la Traversee,M,"16,2064640"," -61,6315140",971,2019,70.0,1.0,1.0,3.0,2146844,1.0,1,1,1,5.0,,0.0,0,1997.0,C01,138Â 302Â 653,1.0,-1.0,-1.0,1639389,3.0,7,,0.0,2.0,1.0,B01,138Â 302Â 654,0.0
960554,201900002085,11,27,15:45,1,1,1,1.0,5.0,97118,Route de la Traversee,M,"16,2064640"," -61,6315140",971,2019,70.0,1.0,1.0,3.0,2146844,1.0,1,1,1,5.0,,0.0,0,1997.0,C01,138Â 302Â 653,1.0,-1.0,-1.0,1639390,0.0,7,,0.0,2.0,1.0,A01,138Â 302Â 655,0.0
960554,201900002085,11,27,15:45,1,1,1,1.0,5.0,97118,Route de la Traversee,M,"16,2064640"," -61,6315140",971,2019,70.0,1.0,1.0,3.0,2146845,1.0,1,3,2,5.0,,0.0,0,1960.0,B01,138Â 302Â 654,1.0,-1.0,-1.0,1639388,3.0,7,,0.0,2.0,2.0,C01,138Â 302Â 653,0.0
960554,201900002085,11,27,15:45,1,1,1,1.0,5.0,97118,Route de la Traversee,M,"16,2064640"," -61,6315140",971,2019,70.0,1.0,1.0,3.0,2146845,1.0,1,3,2,5.0,,0.0,0,1960.0,B01,138Â 302Â 654,1.0,-1.0,-1.0,1639389,3.0,7,,0.0,2.0,1.0,B01,138Â 302Â 654,0.0
960554,201900002085,11,27,15:45,1,1,1,1.0,5.0,97118,Route de la Traversee,M,"16,2064640"," -61,6315140",971,2019,70.0,1.0,1.0,3.0,2146845,1.0,1,3,2,5.0,,0.0,0,1960.0,B01,138Â 302Â 654,1.0,-1.0,-1.0,1639390,0.0,7,,0.0,2.0,1.0,A01,138Â 302Â 655,0.0
960554,201900002085,11,27,15:45,1,1,1,1.0,5.0,97118,Route de la Traversee,M,"16,2064640"," -61,6315140",971,2019,70.0,1.0,1.0,3.0,2146846,1.0,1,4,1,5.0,,0.0,0,1988.0,A01,138Â 302Â 655,1.0,-1.0,-1.0,1639388,3.0,7,,0.0,2.0,2.0,C01,138Â 302Â 653,0.0
960554,201900002085,11,27,15:45,1,1,1,1.0,5.0,97118,Route de la Traversee,M,"16,2064640"," -61,6315140",971,2019,70.0,1.0,1.0,3.0,2146846,1.0,1,4,1,5.0,,0.0,0,1988.0,A01,138Â 302Â 655,1.0,-1.0,-1.0,1639389,3.0,7,,0.0,2.0,1.0,B01,138Â 302Â 654,0.0
960554,201900002085,11,27,15:45,1,1,1,1.0,5.0,97118,Route de la Traversee,M,"16,2064640"," -61,6315140",971,2019,70.0,1.0,1.0,3.0,2146846,1.0,1,4,1,5.0,,0.0,0,1988.0,A01,138Â 302Â 655,1.0,-1.0,-1.0,1639390,0.0,7,,0.0,2.0,1.0,A01,138Â 302Â 655,0.0
960554,201900002085,11,27,15:45,1,1,1,1.0,5.0,97118,Route de la Traversee,M,"16,2064640"," -61,6315140",971,2019,70.0,1.0,1.0,3.0,2146847,7.0,2,4,1,5.0,,0.0,0,2012.0,A01,138Â 302Â 655,1.0,-1.0,-1.0,1639388,3.0,7,,0.0,2.0,2.0,C01,138Â 302Â 653,0.0
960554,201900002085,11,27,15:45,1,1,1,1.0,5.0,97118,Route de la Traversee,M,"16,2064640"," -61,6315140",971,2019,70.0,1.0,1.0,3.0,2146847,7.0,2,4,1,5.0,,0.0,0,2012.0,A01,138Â 302Â 655,1.0,-1.0,-1.0,1639389,3.0,7,,0.0,2.0,1.0,B01,138Â 302Â 654,0.0
960554,201900002085,11,27,15:45,1,1,1,1.0,5.0,97118,Route de la Traversee,M,"16,2064640"," -61,6315140",971,2019,70.0,1.0,1.0,3.0,2146847,7.0,2,4,1,5.0,,0.0,0,2012.0,A01,138Â 302Â 655,1.0,-1.0,-1.0,1639390,0.0,7,,0.0,2.0,1.0,A01,138Â 302Â 655,0.0
960555,201900002086,11,25,07:10,2,1,1,1.0,7.0,45277,D54 PR9 + 500,M,"47,6978030","2,3896400",45,2019,80.0,3.0,1.0,3.0,2146848,1.0,1,3,1,4.0,,0.0,0,1988.0,A01,138Â 302Â 652,8.0,-1.0,-1.0,1639391,2.0,7,,2.0,0.0,3.0,A01,138Â 302Â 652,1.0
960556,201900002087,9,27,17:30,1,2,1,1.0,1.0,84055,Chemin des Contrebandiers,M,"43,9448890","4,9295690",84,2019,50.0,1.0,1.0,9.0,2146849,1.0,1,3,1,5.0,,0.0,0,2002.0,B01,138Â 302Â 650,2.0,6.0,-1.0,1639392,3.0,30,,0.0,0.0,1.0,B01,138Â 302Â 650,0.0
960556,201900002087,9,27,17:30,1,2,1,1.0,1.0,84055,Chemin des Contrebandiers,M,"43,9448890","4,9295690",84,2019,50.0,1.0,1.0,9.0,2146849,1.0,1,3,1,5.0,,0.0,0,2002.0,B01,138Â 302Â 650,2.0,6.0,-1.0,1639393,3.0,99,,0.0,0.0,3.0,A01,138Â 302Â 651,0.0
960556,201900002087,9,27,17:30,1,2,1,1.0,1.0,84055,Chemin des Contrebandiers,M,"43,9448890","4,9295690",84,2019,50.0,1.0,1.0,9.0,2146850,1.0,1,1,1,4.0,,0.0,0,1971.0,A01,138Â 302Â 651,0.0,-1.0,-1.0,1639392,3.0,30,,0.0,0.0,1.0,B01,138Â 302Â 650,0.0
960556,201900002087,9,27,17:30,1,2,1,1.0,1.0,84055,Chemin des Contrebandiers,M,"43,9448890","4,9295690",84,2019,50.0,1.0,1.0,9.0,2146850,1.0,1,1,1,4.0,,0.0,0,1971.0,A01,138Â 302Â 651,0.0,-1.0,-1.0,1639393,3.0,99,,0.0,0.0,3.0,A01,138Â 302Â 651,0.0
960557,201900002088,11,28,07:15,5,1,6,2.0,6.0,44035,8 Rue de l'Europe,M,"47,2858270"," -1,5494840",44,2019,80.0,1.0,2.0,7.0,2146851,1.0,1,1,1,1.0,,0.0,0,1976.0,A01,138Â 302Â 647,1.0,-1.0,-1.0,1639394,1.0,7,,0.0,1.0,3.0,A01,138Â 302Â 647,1.0
960557,201900002088,11,28,07:15,5,1,6,2.0,6.0,44035,8 Rue de l'Europe,M,"47,2858270"," -1,5494840",44,2019,80.0,1.0,2.0,7.0,2146852,10.0,3,3,2,2.0,,3.0,3,2002.0,A01,138Â 302Â 647,0.0,-1.0,-1.0,1639394,1.0,7,,0.0,1.0,3.0,A01,138Â 302Â 647,1.0
960558,201900002089,11,27,19:50,3,1,3,1.0,1.0,31165,32 Rue Frederic Chopin,M,"43,4326560","1,3579580",31,2019,90.0,1.0,2.0,3.0,2146853,1.0,1,3,2,5.0,,0.0,0,1942.0,B01,138Â 302Â 645,1.0,-1.0,-1.0,1639395,1.0,7,,0.0,2.0,2.0,B01,138Â 302Â 645,1.0
960558,201900002089,11,27,19:50,3,1,3,1.0,1.0,31165,32 Rue Frederic Chopin,M,"43,4326560","1,3579580",31,2019,90.0,1.0,2.0,3.0,2146853,1.0,1,3,2,5.0,,0.0,0,1942.0,B01,138Â 302Â 645,1.0,-1.0,-1.0,1639396,1.0,7,,0.0,2.0,3.0,A01,138Â 302Â 646,1.0
960558,201900002089,11,27,19:50,3,1,3,1.0,1.0,31165,32 Rue Frederic Chopin,M,"43,4326560","1,3579580",31,2019,90.0,1.0,2.0,3.0,2146854,2.0,2,3,2,9.0,,0.0,0,1942.0,B01,138Â 302Â 645,1.0,-1.0,-1.0,1639395,1.0,7,,0.0,2.0,2.0,B01,138Â 302Â 645,1.0
960558,201900002089,11,27,19:50,3,1,3,1.0,1.0,31165,32 Rue Frederic Chopin,M,"43,4326560","1,3579580",31,2019,90.0,1.0,2.0,3.0,2146854,2.0,2,3,2,9.0,,0.0,0,1942.0,B01,138Â 302Â 645,1.0,-1.0,-1.0,1639396,1.0,7,,0.0,2.0,3.0,A01,138Â 302Â 646,1.0
960558,201900002089,11,27,19:50,3,1,3,1.0,1.0,31165,32 Rue Frederic Chopin,M,"43,4326560","1,3579580",31,2019,90.0,1.0,2.0,3.0,2146855,1.0,1,1,2,5.0,,0.0,0,1988.0,A01,138Â 302Â 646,1.0,-1.0,-1.0,1639395,1.0,7,,0.0,2.0,2.0,B01,138Â 302Â 645,1.0
960558,201900002089,11,27,19:50,3,1,3,1.0,1.0,31165,32 Rue Frederic Chopin,M,"43,4326560","1,3579580",31,2019,90.0,1.0,2.0,3.0,2146855,1.0,1,1,2,5.0,,0.0,0,1988.0,A01,138Â 302Â 646,1.0,-1.0,-1.0,1639396,1.0,7,,0.0,2.0,3.0,A01,138Â 302Â 646,1.0
960559,201900002090,11,28,12:20,1,2,1,1.0,3.0,64422,Route de Pau,M,"43,1880614"," -0,5892815",64,2019,50.0,1.0,1.0,2.0,2146856,1.0,1,1,1,0.0,,0.0,0,1981.0,A01,138Â 302Â 643,8.0,-1.0,-1.0,1639397,1.0,7,,0.0,0.0,3.0,A01,138Â 302Â 643,1.0
960559,201900002090,11,28,12:20,1,2,1,1.0,3.0,64422,Route de Pau,M,"43,1880614"," -0,5892815",64,2019,50.0,1.0,1.0,2.0,2146856,1.0,1,1,1,0.0,,0.0,0,1981.0,A01,138Â 302Â 643,8.0,-1.0,-1.0,1639398,2.0,2,,0.0,2.0,1.0,B01,138Â 302Â 644,1.0
960559,201900002090,11,28,12:20,1,2,1,1.0,3.0,64422,Route de Pau,M,"43,1880614"," -0,5892815",64,2019,50.0,1.0,1.0,2.0,2146857,1.0,1,3,1,0.0,,0.0,0,2003.0,B01,138Â 302Â 644,2.0,-1.0,-1.0,1639397,1.0,7,,0.0,0.0,3.0,A01,138Â 302Â 643,1.0
960559,201900002090,11,28,12:20,1,2,1,1.0,3.0,64422,Route de Pau,M,"43,1880614"," -0,5892815",64,2019,50.0,1.0,1.0,2.0,2146857,1.0,1,3,1,0.0,,0.0,0,2003.0,B01,138Â 302Â 644,2.0,-1.0,-1.0,1639398,2.0,2,,0.0,2.0,1.0,B01,138Â 302Â 644,1.0
960560,201900002091,11,24,17:58,3,1,1,1.0,1.0,33238,Avenue de Cadaujac,M,"44,7325700"," -0,5813900",33,2019,70.0,1.0,2.0,3.0,2146858,2.0,2,4,2,5.0,,0.0,0,1997.0,A01,138Â 302Â 641,6.0,2.0,9.0,1639399,2.0,33,,0.0,2.0,8.0,A01,138Â 302Â 641,1.0
960560,201900002091,11,24,17:58,3,1,1,1.0,1.0,33238,Avenue de Cadaujac,M,"44,7325700"," -0,5813900",33,2019,70.0,1.0,2.0,3.0,2146858,2.0,2,4,2,5.0,,0.0,0,1997.0,A01,138Â 302Â 641,6.0,2.0,9.0,1639400,1.0,7,,0.0,2.0,8.0,B01,138Â 302Â 642,1.0
960560,201900002091,11,24,17:58,3,1,1,1.0,1.0,33238,Avenue de Cadaujac,M,"44,7325700"," -0,5813900",33,2019,70.0,1.0,2.0,3.0,2146859,1.0,1,1,1,5.0,,0.0,0,1997.0,A01,138Â 302Â 641,2.0,6.0,9.0,1639399,2.0,33,,0.0,2.0,8.0,A01,138Â 302Â 641,1.0
960560,201900002091,11,24,17:58,3,1,1,1.0,1.0,33238,Avenue de Cadaujac,M,"44,7325700"," -0,5813900",33,2019,70.0,1.0,2.0,3.0,2146859,1.0,1,1,1,5.0,,0.0,0,1997.0,A01,138Â 302Â 641,2.0,6.0,9.0,1639400,1.0,7,,0.0,2.0,8.0,B01,138Â 302Â 642,1.0
960560,201900002091,11,24,17:58,3,1,1,1.0,1.0,33238,Avenue de Cadaujac,M,"44,7325700"," -0,5813900",33,2019,70.0,1.0,2.0,3.0,2146860,1.0,1,1,1,5.0,,0.0,0,1978.0,B01,138Â 302Â 642,1.0,-1.0,-1.0,1639399,2.0,33,,0.0,2.0,8.0,A01,138Â 302Â 641,1.0
960560,201900002091,11,24,17:58,3,1,1,1.0,1.0,33238,Avenue de Cadaujac,M,"44,7325700"," -0,5813900",33,2019,70.0,1.0,2.0,3.0,2146860,1.0,1,1,1,5.0,,0.0,0,1978.0,B01,138Â 302Â 642,1.0,-1.0,-1.0,1639400,1.0,7,,0.0,2.0,8.0,B01,138Â 302Â 642,1.0
960561,201900002092,11,27,21:15,5,2,1,1.0,3.0,72154,Rue des Eturcies,M,"47,7096510"," -0,0960770",72,2019,50.0,1.0,1.0,4.0,2146861,1.0,1,4,1,5.0,,0.0,0,1995.0,A01,138Â 302Â 639,1.0,-1.0,-1.0,1639401,3.0,7,,14.0,0.0,1.0,A01,138Â 302Â 639,1.0
960561,201900002092,11,27,21:15,5,2,1,1.0,3.0,72154,Rue des Eturcies,M,"47,7096510"," -0,0960770",72,2019,50.0,1.0,1.0,4.0,2146861,1.0,1,4,1,5.0,,0.0,0,1995.0,A01,138Â 302Â 639,1.0,-1.0,-1.0,1639402,3.0,7,,0.0,0.0,7.0,B01,138Â 302Â 640,1.0
960561,201900002092,11,27,21:15,5,2,1,1.0,3.0,72154,Rue des Eturcies,M,"47,7096510"," -0,0960770",72,2019,50.0,1.0,1.0,4.0,2146862,1.0,1,3,1,5.0,,0.0,0,1979.0,B01,138Â 302Â 640,0.0,-1.0,-1.0,1639401,3.0,7,,14.0,0.0,1.0,A01,138Â 302Â 639,1.0
960561,201900002092,11,27,21:15,5,2,1,1.0,3.0,72154,Rue des Eturcies,M,"47,7096510"," -0,0960770",72,2019,50.0,1.0,1.0,4.0,2146862,1.0,1,3,1,5.0,,0.0,0,1979.0,B01,138Â 302Â 640,0.0,-1.0,-1.0,1639402,3.0,7,,0.0,0.0,7.0,B01,138Â 302Â 640,1.0
960562,201900002093,11,28,18:10,5,2,1,2.0,6.0,59177,Rue Charles Desquilbet,M,"50,1497060","3,8740690",59,2019,50.0,1.0,2.0,3.0,2146863,1.0,1,1,2,2.0,,0.0,0,1952.0,A01,138Â 302Â 638,1.0,-1.0,-1.0,1639403,1.0,7,,0.0,1.0,2.0,A01,138Â 302Â 638,1.0
960562,201900002093,11,28,18:10,5,2,1,2.0,6.0,59177,Rue Charles Desquilbet,M,"50,1497060","3,8740690",59,2019,50.0,1.0,2.0,3.0,2146864,10.0,3,3,2,2.0,,4.0,3,2005.0,A01,138Â 302Â 638,0.0,-1.0,-1.0,1639403,1.0,7,,0.0,1.0,2.0,A01,138Â 302Â 638,1.0
960563,201900002094,11,27,09:00,1,1,1,1.0,3.0,33162,ROCADE A 630,M,"44,8776300"," -0,6310000",33,2019,90.0,1.0,1.0,1.0,2146865,1.0,1,1,1,0.0,,-1.0,0,1987.0,A01,138Â 302Â 635,1.0,8.0,-1.0,1639404,2.0,7,,0.0,2.0,5.0,A01,138Â 302Â 635,1.0
960563,201900002094,11,27,09:00,1,1,1,1.0,3.0,33162,ROCADE A 630,M,"44,8776300"," -0,6310000",33,2019,90.0,1.0,1.0,1.0,2146865,1.0,1,1,1,0.0,,-1.0,0,1987.0,A01,138Â 302Â 635,1.0,8.0,-1.0,1639405,2.0,31,,0.0,2.0,8.0,B01,138Â 302Â 636,1.0
960563,201900002094,11,27,09:00,1,1,1,1.0,3.0,33162,ROCADE A 630,M,"44,8776300"," -0,6310000",33,2019,90.0,1.0,1.0,1.0,2146866,1.0,1,4,1,1.0,,-1.0,0,1994.0,B01,138Â 302Â 636,2.0,6.0,-1.0,1639404,2.0,7,,0.0,2.0,5.0,A01,138Â 302Â 635,1.0
960563,201900002094,11,27,09:00,1,1,1,1.0,3.0,33162,ROCADE A 630,M,"44,8776300"," -0,6310000",33,2019,90.0,1.0,1.0,1.0,2146866,1.0,1,4,1,1.0,,-1.0,0,1994.0,B01,138Â 302Â 636,2.0,6.0,-1.0,1639405,2.0,31,,0.0,2.0,8.0,B01,138Â 302Â 636,1.0
960564,201900002095,11,27,08:45,1,1,1,1.0,4.0,91216,AUTOROUTE A6,M,"48,6843400","2,3280600",91,2019,110.0,1.0,2.0,1.0,2146867,1.0,1,1,1,1.0,,0.0,0,1986.0,C01,138Â 302Â 632,1.0,8.0,-1.0,1639406,1.0,7,,0.0,2.0,4.0,C01,138Â 302Â 632,1.0
960564,201900002095,11,27,08:45,1,1,1,1.0,4.0,91216,AUTOROUTE A6,M,"48,6843400","2,3280600",91,2019,110.0,1.0,2.0,1.0,2146867,1.0,1,1,1,1.0,,0.0,0,1986.0,C01,138Â 302Â 632,1.0,8.0,-1.0,1639407,1.0,7,,0.0,2.0,4.0,B01,138Â 302Â 633,0.0
960564,201900002095,11,27,08:45,1,1,1,1.0,4.0,91216,AUTOROUTE A6,M,"48,6843400","2,3280600",91,2019,110.0,1.0,2.0,1.0,2146867,1.0,1,1,1,1.0,,0.0,0,1986.0,C01,138Â 302Â 632,1.0,8.0,-1.0,1639408,1.0,10,,0.0,1.0,1.0,A01,138Â 302Â 634,1.0
960564,201900002095,11,27,08:45,1,1,1,1.0,4.0,91216,AUTOROUTE A6,M,"48,6843400","2,3280600",91,2019,110.0,1.0,2.0,1.0,2146868,1.0,1,1,1,4.0,,0.0,0,1973.0,B01,138Â 302Â 633,1.0,8.0,-1.0,1639406,1.0,7,,0.0,2.0,4.0,C01,138Â 302Â 632,1.0
960564,201900002095,11,27,08:45,1,1,1,1.0,4.0,91216,AUTOROUTE A6,M,"48,6843400","2,3280600",91,2019,110.0,1.0,2.0,1.0,2146868,1.0,1,1,1,4.0,,0.0,0,1973.0,B01,138Â 302Â 633,1.0,8.0,-1.0,1639407,1.0,7,,0.0,2.0,4.0,B01,138Â 302Â 633,0.0
960564,201900002095,11,27,08:45,1,1,1,1.0,4.0,91216,AUTOROUTE A6,M,"48,6843400","2,3280600",91,2019,110.0,1.0,2.0,1.0,2146868,1.0,1,1,1,4.0,,0.0,0,1973.0,B01,138Â 302Â 633,1.0,8.0,-1.0,1639408,1.0,10,,0.0,1.0,1.0,A01,138Â 302Â 634,1.0
960564,201900002095,11,27,08:45,1,1,1,1.0,4.0,91216,AUTOROUTE A6,M,"48,6843400","2,3280600",91,2019,110.0,1.0,2.0,1.0,2146869,1.0,1,4,1,4.0,,0.0,0,1991.0,A01,138Â 302Â 634,1.0,8.0,-1.0,1639406,1.0,7,,0.0,2.0,4.0,C01,138Â 302Â 632,1.0
960564,201900002095,11,27,08:45,1,1,1,1.0,4.0,91216,AUTOROUTE A6,M,"48,6843400","2,3280600",91,2019,110.0,1.0,2.0,1.0,2146869,1.0,1,4,1,4.0,,0.0,0,1991.0,A01,138Â 302Â 634,1.0,8.0,-1.0,1639407,1.0,7,,0.0,2.0,4.0,B01,138Â 302Â 633,0.0
960564,201900002095,11,27,08:45,1,1,1,1.0,4.0,91216,AUTOROUTE A6,M,"48,6843400","2,3280600",91,2019,110.0,1.0,2.0,1.0,2146869,1.0,1,4,1,4.0,,0.0,0,1991.0,A01,138Â 302Â 634,1.0,8.0,-1.0,1639408,1.0,10,,0.0,1.0,1.0,A01,138Â 302Â 634,1.0
960565,201900002096,11,27,07:30,3,1,1,1.0,2.0,91692,RN 118,M,"48,6726100","2,1940300",91,2019,90.0,1.0,2.0,2.0,2146870,1.0,1,1,1,4.0,,0.0,0,1965.0,B01,138Â 302Â 630,1.0,8.0,-1.0,1639409,2.0,7,,0.0,2.0,4.0,B01,138Â 302Â 630,1.0
960565,201900002096,11,27,07:30,3,1,1,1.0,2.0,91692,RN 118,M,"48,6726100","2,1940300",91,2019,90.0,1.0,2.0,2.0,2146870,1.0,1,1,1,4.0,,0.0,0,1965.0,B01,138Â 302Â 630,1.0,8.0,-1.0,1639410,2.0,7,,0.0,2.0,1.0,A01,138Â 302Â 631,1.0
960565,201900002096,11,27,07:30,3,1,1,1.0,2.0,91692,RN 118,M,"48,6726100","2,1940300",91,2019,90.0,1.0,2.0,2.0,2146871,1.0,1,4,1,1.0,,0.0,0,1998.0,A01,138Â 302Â 631,1.0,8.0,-1.0,1639409,2.0,7,,0.0,2.0,4.0,B01,138Â 302Â 630,1.0
960565,201900002096,11,27,07:30,3,1,1,1.0,2.0,91692,RN 118,M,"48,6726100","2,1940300",91,2019,90.0,1.0,2.0,2.0,2146871,1.0,1,4,1,1.0,,0.0,0,1998.0,A01,138Â 302Â 631,1.0,8.0,-1.0,1639410,2.0,7,,0.0,2.0,1.0,A01,138Â 302Â 631,1.0
960566,201900002097,11,27,05:40,3,1,1,2.0,7.0,91377,AUTOROUTE A10,M,"48,7217000","2,2954000",91,2019,110.0,1.0,2.0,1.0,2146872,3.0,2,4,2,9.0,,0.0,0,2018.0,A01,138Â 302Â 629,1.0,0.0,-1.0,1639411,2.0,7,,4.0,0.0,3.0,A01,138Â 302Â 629,1.0
960566,201900002097,11,27,05:40,3,1,1,2.0,7.0,91377,AUTOROUTE A10,M,"48,7217000","2,2954000",91,2019,110.0,1.0,2.0,1.0,2146873,2.0,2,4,2,1.0,,0.0,0,1994.0,A01,138Â 302Â 629,1.0,0.0,-1.0,1639411,2.0,7,,4.0,0.0,3.0,A01,138Â 302Â 629,1.0
960566,201900002097,11,27,05:40,3,1,1,2.0,7.0,91377,AUTOROUTE A10,M,"48,7217000","2,2954000",91,2019,110.0,1.0,2.0,1.0,2146874,1.0,1,4,1,1.0,,0.0,0,1993.0,A01,138Â 302Â 629,1.0,0.0,-1.0,1639411,2.0,7,,4.0,0.0,3.0,A01,138Â 302Â 629,1.0
960567,201900002098,11,27,08:45,1,1,1,2.0,4.0,78423,A12 W,M,"48,7928900","2,0403800",78,2019,90.0,1.0,2.0,1.0,2146875,1.0,1,4,1,1.0,,-1.0, -1,1977.0,A01,138Â 302Â 625,1.0,0.0,-1.0,1639412,2.0,7,,0.0,2.0,1.0,A01,138Â 302Â 625,1.0
960567,201900002098,11,27,08:45,1,1,1,2.0,4.0,78423,A12 W,M,"48,7928900","2,0403800",78,2019,90.0,1.0,2.0,1.0,2146875,1.0,1,4,1,1.0,,-1.0, -1,1977.0,A01,138Â 302Â 625,1.0,0.0,-1.0,1639413,1.0,7,,0.0,2.0,4.0,B01,138Â 302Â 626,1.0