Unnamed: 0_x,num_acc,mois,jour,hrmn,lum,agg,int,atm,col,com,adr,gps,lat,long,dep,annee,vma,situ,surf,catr,Unnamed: 0_y,place,catu,grav,sexe,trajet,secu,locp,actp,an_nais,num_veh_x,id_vehicule_x,secu1,secu2,secu3,Unnamed: 0,senc,catv,occutc,obs,obsm,choc,num_veh_y,id_vehicule_y,motor
960567,201900002098,11,27,08:45,1,1,1,2.0,4.0,78423,A12 W,M,"48,7928900","2,0403800",78,2019,90.0,1.0,2.0,1.0,2146875,1.0,1,4,1,1.0,,-1.0, -1,1977.0,A01,138Â 302Â 625,1.0,0.0,-1.0,1639414,1.0,7,,0.0,2.0,4.0,C01,138Â 302Â 627,1.0
960567,201900002098,11,27,08:45,1,1,1,2.0,4.0,78423,A12 W,M,"48,7928900","2,0403800",78,2019,90.0,1.0,2.0,1.0,2146875,1.0,1,4,1,1.0,,-1.0, -1,1977.0,A01,138Â 302Â 625,1.0,0.0,-1.0,1639415,1.0,7,,0.0,2.0,4.0,D01,138Â 302Â 628,1.0
960567,201900002098,11,27,08:45,1,1,1,2.0,4.0,78423,A12 W,M,"48,7928900","2,0403800",78,2019,90.0,1.0,2.0,1.0,2146876,1.0,1,4,1,1.0,,-1.0, -1,1997.0,B01,138Â 302Â 626,1.0,0.0,-1.0,1639412,2.0,7,,0.0,2.0,1.0,A01,138Â 302Â 625,1.0
960567,201900002098,11,27,08:45,1,1,1,2.0,4.0,78423,A12 W,M,"48,7928900","2,0403800",78,2019,90.0,1.0,2.0,1.0,2146876,1.0,1,4,1,1.0,,-1.0, -1,1997.0,B01,138Â 302Â 626,1.0,0.0,-1.0,1639413,1.0,7,,0.0,2.0,4.0,B01,138Â 302Â 626,1.0
960567,201900002098,11,27,08:45,1,1,1,2.0,4.0,78423,A12 W,M,"48,7928900","2,0403800",78,2019,90.0,1.0,2.0,1.0,2146876,1.0,1,4,1,1.0,,-1.0, -1,1997.0,B01,138Â 302Â 626,1.0,0.0,-1.0,1639414,1.0,7,,0.0,2.0,4.0,C01,138Â 302Â 627,1.0
960567,201900002098,11,27,08:45,1,1,1,2.0,4.0,78423,A12 W,M,"48,7928900","2,0403800",78,2019,90.0,1.0,2.0,1.0,2146876,1.0,1,4,1,1.0,,-1.0, -1,1997.0,B01,138Â 302Â 626,1.0,0.0,-1.0,1639415,1.0,7,,0.0,2.0,4.0,D01,138Â 302Â 628,1.0
960567,201900002098,11,27,08:45,1,1,1,2.0,4.0,78423,A12 W,M,"48,7928900","2,0403800",78,2019,90.0,1.0,2.0,1.0,2146877,1.0,1,4,2,1.0,,-1.0, -1,1986.0,C01,138Â 302Â 627,1.0,0.0,-1.0,1639412,2.0,7,,0.0,2.0,1.0,A01,138Â 302Â 625,1.0
960567,201900002098,11,27,08:45,1,1,1,2.0,4.0,78423,A12 W,M,"48,7928900","2,0403800",78,2019,90.0,1.0,2.0,1.0,2146877,1.0,1,4,2,1.0,,-1.0, -1,1986.0,C01,138Â 302Â 627,1.0,0.0,-1.0,1639413,1.0,7,,0.0,2.0,4.0,B01,138Â 302Â 626,1.0
960567,201900002098,11,27,08:45,1,1,1,2.0,4.0,78423,A12 W,M,"48,7928900","2,0403800",78,2019,90.0,1.0,2.0,1.0,2146877,1.0,1,4,2,1.0,,-1.0, -1,1986.0,C01,138Â 302Â 627,1.0,0.0,-1.0,1639414,1.0,7,,0.0,2.0,4.0,C01,138Â 302Â 627,1.0
960567,201900002098,11,27,08:45,1,1,1,2.0,4.0,78423,A12 W,M,"48,7928900","2,0403800",78,2019,90.0,1.0,2.0,1.0,2146877,1.0,1,4,2,1.0,,-1.0, -1,1986.0,C01,138Â 302Â 627,1.0,0.0,-1.0,1639415,1.0,7,,0.0,2.0,4.0,D01,138Â 302Â 628,1.0
960567,201900002098,11,27,08:45,1,1,1,2.0,4.0,78423,A12 W,M,"48,7928900","2,0403800",78,2019,90.0,1.0,2.0,1.0,2146878,2.0,2,1,1,0.0,,-1.0, -1,2014.0,D01,138Â 302Â 628,1.0,0.0,-1.0,1639412,2.0,7,,0.0,2.0,1.0,A01,138Â 302Â 625,1.0
960567,201900002098,11,27,08:45,1,1,1,2.0,4.0,78423,A12 W,M,"48,7928900","2,0403800",78,2019,90.0,1.0,2.0,1.0,2146878,2.0,2,1,1,0.0,,-1.0, -1,2014.0,D01,138Â 302Â 628,1.0,0.0,-1.0,1639413,1.0,7,,0.0,2.0,4.0,B01,138Â 302Â 626,1.0
960567,201900002098,11,27,08:45,1,1,1,2.0,4.0,78423,A12 W,M,"48,7928900","2,0403800",78,2019,90.0,1.0,2.0,1.0,2146878,2.0,2,1,1,0.0,,-1.0, -1,2014.0,D01,138Â 302Â 628,1.0,0.0,-1.0,1639414,1.0,7,,0.0,2.0,4.0,C01,138Â 302Â 627,1.0
960567,201900002098,11,27,08:45,1,1,1,2.0,4.0,78423,A12 W,M,"48,7928900","2,0403800",78,2019,90.0,1.0,2.0,1.0,2146878,2.0,2,1,1,0.0,,-1.0, -1,2014.0,D01,138Â 302Â 628,1.0,0.0,-1.0,1639415,1.0,7,,0.0,2.0,4.0,D01,138Â 302Â 628,1.0
960567,201900002098,11,27,08:45,1,1,1,2.0,4.0,78423,A12 W,M,"48,7928900","2,0403800",78,2019,90.0,1.0,2.0,1.0,2146879,1.0,1,1,2,5.0,,-1.0, -1,1992.0,D01,138Â 302Â 628,1.0,0.0,-1.0,1639412,2.0,7,,0.0,2.0,1.0,A01,138Â 302Â 625,1.0
960567,201900002098,11,27,08:45,1,1,1,2.0,4.0,78423,A12 W,M,"48,7928900","2,0403800",78,2019,90.0,1.0,2.0,1.0,2146879,1.0,1,1,2,5.0,,-1.0, -1,1992.0,D01,138Â 302Â 628,1.0,0.0,-1.0,1639413,1.0,7,,0.0,2.0,4.0,B01,138Â 302Â 626,1.0
960567,201900002098,11,27,08:45,1,1,1,2.0,4.0,78423,A12 W,M,"48,7928900","2,0403800",78,2019,90.0,1.0,2.0,1.0,2146879,1.0,1,1,2,5.0,,-1.0, -1,1992.0,D01,138Â 302Â 628,1.0,0.0,-1.0,1639414,1.0,7,,0.0,2.0,4.0,C01,138Â 302Â 627,1.0
960567,201900002098,11,27,08:45,1,1,1,2.0,4.0,78423,A12 W,M,"48,7928900","2,0403800",78,2019,90.0,1.0,2.0,1.0,2146879,1.0,1,1,2,5.0,,-1.0, -1,1992.0,D01,138Â 302Â 628,1.0,0.0,-1.0,1639415,1.0,7,,0.0,2.0,4.0,D01,138Â 302Â 628,1.0
960567,201900002098,11,27,08:45,1,1,1,2.0,4.0,78423,A12 W,M,"48,7928900","2,0403800",78,2019,90.0,1.0,2.0,1.0,2146880,4.0,2,4,2,9.0,,-1.0, -1,2013.0,D01,138Â 302Â 628,1.0,0.0,-1.0,1639412,2.0,7,,0.0,2.0,1.0,A01,138Â 302Â 625,1.0
960567,201900002098,11,27,08:45,1,1,1,2.0,4.0,78423,A12 W,M,"48,7928900","2,0403800",78,2019,90.0,1.0,2.0,1.0,2146880,4.0,2,4,2,9.0,,-1.0, -1,2013.0,D01,138Â 302Â 628,1.0,0.0,-1.0,1639413,1.0,7,,0.0,2.0,4.0,B01,138Â 302Â 626,1.0
960567,201900002098,11,27,08:45,1,1,1,2.0,4.0,78423,A12 W,M,"48,7928900","2,0403800",78,2019,90.0,1.0,2.0,1.0,2146880,4.0,2,4,2,9.0,,-1.0, -1,2013.0,D01,138Â 302Â 628,1.0,0.0,-1.0,1639414,1.0,7,,0.0,2.0,4.0,C01,138Â 302Â 627,1.0
960567,201900002098,11,27,08:45,1,1,1,2.0,4.0,78423,A12 W,M,"48,7928900","2,0403800",78,2019,90.0,1.0,2.0,1.0,2146880,4.0,2,4,2,9.0,,-1.0, -1,2013.0,D01,138Â 302Â 628,1.0,0.0,-1.0,1639415,1.0,7,,0.0,2.0,4.0,D01,138Â 302Â 628,1.0
960568,201900002099,11,27,08:10,1,1,1,2.0,2.0,78073,A12 W,M,"48,8014400","2,0467280",78,2019,90.0,1.0,1.0,1.0,2146881,1.0,1,4,1,1.0,,-1.0, -1,1993.0,A01,138Â 302Â 623,2.0,0.0,-1.0,1639416,2.0,34,,0.0,9.0,0.0,A01,138Â 302Â 623,1.0
960568,201900002099,11,27,08:10,1,1,1,2.0,2.0,78073,A12 W,M,"48,8014400","2,0467280",78,2019,90.0,1.0,1.0,1.0,2146881,1.0,1,4,1,1.0,,-1.0, -1,1993.0,A01,138Â 302Â 623,2.0,0.0,-1.0,1639417,2.0,7,,0.0,9.0,6.0,B01,138Â 302Â 624,1.0
960568,201900002099,11,27,08:10,1,1,1,2.0,2.0,78073,A12 W,M,"48,8014400","2,0467280",78,2019,90.0,1.0,1.0,1.0,2146882,1.0,1,1,1,1.0,,-1.0, -1,1976.0,B01,138Â 302Â 624,1.0,0.0,-1.0,1639416,2.0,34,,0.0,9.0,0.0,A01,138Â 302Â 623,1.0
960568,201900002099,11,27,08:10,1,1,1,2.0,2.0,78073,A12 W,M,"48,8014400","2,0467280",78,2019,90.0,1.0,1.0,1.0,2146882,1.0,1,1,1,1.0,,-1.0, -1,1976.0,B01,138Â 302Â 624,1.0,0.0,-1.0,1639417,2.0,7,,0.0,9.0,6.0,B01,138Â 302Â 624,1.0
960569,201900002100,11,27,01:35,5,1,1,2.0,6.0,92050,A14,M,"48,9015853","2,2026299",92,2019,50.0,1.0,2.0,1.0,2146883,1.0,1,1,1,2.0,,-1.0,0,1992.0,A01,138Â 302Â 622,2.0,6.0,-1.0,1639418,1.0,33,,4.0,0.0,3.0,A01,138Â 302Â 622,1.0
960569,201900002100,11,27,01:35,5,1,1,2.0,6.0,92050,A14,M,"48,9015853","2,2026299",92,2019,50.0,1.0,2.0,1.0,2146884,2.0,2,4,2,9.0,,-1.0,0,1994.0,A01,138Â 302Â 622,2.0,6.0,-1.0,1639418,1.0,33,,4.0,0.0,3.0,A01,138Â 302Â 622,1.0
960570,201900002101,11,26,08:10,1,1,1,1.0,4.0,92047,A13,M,"48,8347306","2,1727920",92,2019,110.0,1.0,1.0,1.0,2146885,1.0,1,1,1,1.0,,-1.0,0,1997.0,A01,138Â 302Â 618,1.0,0.0,-1.0,1639419,2.0,10,,0.0,2.0,1.0,A01,138Â 302Â 618,1.0
960570,201900002101,11,26,08:10,1,1,1,1.0,4.0,92047,A13,M,"48,8347306","2,1727920",92,2019,110.0,1.0,1.0,1.0,2146885,1.0,1,1,1,1.0,,-1.0,0,1997.0,A01,138Â 302Â 618,1.0,0.0,-1.0,1639420,2.0,7,,0.0,2.0,4.0,B01,138Â 302Â 619,1.0
960570,201900002101,11,26,08:10,1,1,1,1.0,4.0,92047,A13,M,"48,8347306","2,1727920",92,2019,110.0,1.0,1.0,1.0,2146885,1.0,1,1,1,1.0,,-1.0,0,1997.0,A01,138Â 302Â 618,1.0,0.0,-1.0,1639421,2.0,7,,0.0,2.0,4.0,C01,138Â 302Â 620,1.0
960570,201900002101,11,26,08:10,1,1,1,1.0,4.0,92047,A13,M,"48,8347306","2,1727920",92,2019,110.0,1.0,1.0,1.0,2146885,1.0,1,1,1,1.0,,-1.0,0,1997.0,A01,138Â 302Â 618,1.0,0.0,-1.0,1639422,2.0,7,,0.0,2.0,4.0,D01,138Â 302Â 621,1.0
960570,201900002101,11,26,08:10,1,1,1,1.0,4.0,92047,A13,M,"48,8347306","2,1727920",92,2019,110.0,1.0,1.0,1.0,2146886,1.0,1,4,2,2.0,,-1.0,0,2000.0,B01,138Â 302Â 619,1.0,0.0,-1.0,1639419,2.0,10,,0.0,2.0,1.0,A01,138Â 302Â 618,1.0
960570,201900002101,11,26,08:10,1,1,1,1.0,4.0,92047,A13,M,"48,8347306","2,1727920",92,2019,110.0,1.0,1.0,1.0,2146886,1.0,1,4,2,2.0,,-1.0,0,2000.0,B01,138Â 302Â 619,1.0,0.0,-1.0,1639420,2.0,7,,0.0,2.0,4.0,B01,138Â 302Â 619,1.0
960570,201900002101,11,26,08:10,1,1,1,1.0,4.0,92047,A13,M,"48,8347306","2,1727920",92,2019,110.0,1.0,1.0,1.0,2146886,1.0,1,4,2,2.0,,-1.0,0,2000.0,B01,138Â 302Â 619,1.0,0.0,-1.0,1639421,2.0,7,,0.0,2.0,4.0,C01,138Â 302Â 620,1.0
960570,201900002101,11,26,08:10,1,1,1,1.0,4.0,92047,A13,M,"48,8347306","2,1727920",92,2019,110.0,1.0,1.0,1.0,2146886,1.0,1,4,2,2.0,,-1.0,0,2000.0,B01,138Â 302Â 619,1.0,0.0,-1.0,1639422,2.0,7,,0.0,2.0,4.0,D01,138Â 302Â 621,1.0
960570,201900002101,11,26,08:10,1,1,1,1.0,4.0,92047,A13,M,"48,8347306","2,1727920",92,2019,110.0,1.0,1.0,1.0,2146887,1.0,1,1,2,1.0,,-1.0,0,1989.0,C01,138Â 302Â 620,1.0,0.0,-1.0,1639419,2.0,10,,0.0,2.0,1.0,A01,138Â 302Â 618,1.0
960570,201900002101,11,26,08:10,1,1,1,1.0,4.0,92047,A13,M,"48,8347306","2,1727920",92,2019,110.0,1.0,1.0,1.0,2146887,1.0,1,1,2,1.0,,-1.0,0,1989.0,C01,138Â 302Â 620,1.0,0.0,-1.0,1639420,2.0,7,,0.0,2.0,4.0,B01,138Â 302Â 619,1.0
960570,201900002101,11,26,08:10,1,1,1,1.0,4.0,92047,A13,M,"48,8347306","2,1727920",92,2019,110.0,1.0,1.0,1.0,2146887,1.0,1,1,2,1.0,,-1.0,0,1989.0,C01,138Â 302Â 620,1.0,0.0,-1.0,1639421,2.0,7,,0.0,2.0,4.0,C01,138Â 302Â 620,1.0
960570,201900002101,11,26,08:10,1,1,1,1.0,4.0,92047,A13,M,"48,8347306","2,1727920",92,2019,110.0,1.0,1.0,1.0,2146887,1.0,1,1,2,1.0,,-1.0,0,1989.0,C01,138Â 302Â 620,1.0,0.0,-1.0,1639422,2.0,7,,0.0,2.0,4.0,D01,138Â 302Â 621,1.0
960570,201900002101,11,26,08:10,1,1,1,1.0,4.0,92047,A13,M,"48,8347306","2,1727920",92,2019,110.0,1.0,1.0,1.0,2146888,1.0,1,1,1,1.0,,-1.0,0,1966.0,D01,138Â 302Â 621,1.0,0.0,-1.0,1639419,2.0,10,,0.0,2.0,1.0,A01,138Â 302Â 618,1.0
960570,201900002101,11,26,08:10,1,1,1,1.0,4.0,92047,A13,M,"48,8347306","2,1727920",92,2019,110.0,1.0,1.0,1.0,2146888,1.0,1,1,1,1.0,,-1.0,0,1966.0,D01,138Â 302Â 621,1.0,0.0,-1.0,1639420,2.0,7,,0.0,2.0,4.0,B01,138Â 302Â 619,1.0
960570,201900002101,11,26,08:10,1,1,1,1.0,4.0,92047,A13,M,"48,8347306","2,1727920",92,2019,110.0,1.0,1.0,1.0,2146888,1.0,1,1,1,1.0,,-1.0,0,1966.0,D01,138Â 302Â 621,1.0,0.0,-1.0,1639421,2.0,7,,0.0,2.0,4.0,C01,138Â 302Â 620,1.0
960570,201900002101,11,26,08:10,1,1,1,1.0,4.0,92047,A13,M,"48,8347306","2,1727920",92,2019,110.0,1.0,1.0,1.0,2146888,1.0,1,1,1,1.0,,-1.0,0,1966.0,D01,138Â 302Â 621,1.0,0.0,-1.0,1639422,2.0,7,,0.0,2.0,4.0,D01,138Â 302Â 621,1.0
960571,201900002102,11,26,09:30,1,1,1,2.0,3.0,93008,AUTOROUTE A86,M,"48,9123200","2,4380400",93,2019,90.0,1.0,2.0,1.0,2146889,1.0,1,1,2,0.0,,-1.0, -1,1993.0,B01,138Â 302Â 616,1.0,4.0,-1.0,1639423,2.0,7,,0.0,2.0,7.0,B01,138Â 302Â 616,1.0
960571,201900002102,11,26,09:30,1,1,1,2.0,3.0,93008,AUTOROUTE A86,M,"48,9123200","2,4380400",93,2019,90.0,1.0,2.0,1.0,2146889,1.0,1,1,2,0.0,,-1.0, -1,1993.0,B01,138Â 302Â 616,1.0,4.0,-1.0,1639424,2.0,32,,0.0,2.0,3.0,A01,138Â 302Â 617,1.0
960571,201900002102,11,26,09:30,1,1,1,2.0,3.0,93008,AUTOROUTE A86,M,"48,9123200","2,4380400",93,2019,90.0,1.0,2.0,1.0,2146890,1.0,1,4,1,0.0,,-1.0, -1,1991.0,A01,138Â 302Â 617,2.0,6.0,-1.0,1639423,2.0,7,,0.0,2.0,7.0,B01,138Â 302Â 616,1.0
960571,201900002102,11,26,09:30,1,1,1,2.0,3.0,93008,AUTOROUTE A86,M,"48,9123200","2,4380400",93,2019,90.0,1.0,2.0,1.0,2146890,1.0,1,4,1,0.0,,-1.0, -1,1991.0,A01,138Â 302Â 617,2.0,6.0,-1.0,1639424,2.0,32,,0.0,2.0,3.0,A01,138Â 302Â 617,1.0
960572,201900002103,11,24,20:00,5,2,3,1.0,1.0,77186,DENECOURT (RUE),M,"48,4032160","2,6983680",77,2019,30.0,1.0,1.0,4.0,2146891,1.0,1,4,1,4.0,,-1.0,0,2001.0,B01,138Â 302Â 614,2.0,6.0,-1.0,1639425,2.0,2,,0.0,2.0,1.0,B01,138Â 302Â 614,1.0
960572,201900002103,11,24,20:00,5,2,3,1.0,1.0,77186,DENECOURT (RUE),M,"48,4032160","2,6983680",77,2019,30.0,1.0,1.0,4.0,2146891,1.0,1,4,1,4.0,,-1.0,0,2001.0,B01,138Â 302Â 614,2.0,6.0,-1.0,1639426,1.0,7,,0.0,2.0,3.0,A01,138Â 302Â 615,1.0
960572,201900002103,11,24,20:00,5,2,3,1.0,1.0,77186,DENECOURT (RUE),M,"48,4032160","2,6983680",77,2019,30.0,1.0,1.0,4.0,2146892,1.0,1,1,2,9.0,,-1.0,0,1995.0,A01,138Â 302Â 615,1.0,0.0,-1.0,1639425,2.0,2,,0.0,2.0,1.0,B01,138Â 302Â 614,1.0
960572,201900002103,11,24,20:00,5,2,3,1.0,1.0,77186,DENECOURT (RUE),M,"48,4032160","2,6983680",77,2019,30.0,1.0,1.0,4.0,2146892,1.0,1,1,2,9.0,,-1.0,0,1995.0,A01,138Â 302Â 615,1.0,0.0,-1.0,1639426,1.0,7,,0.0,2.0,3.0,A01,138Â 302Â 615,1.0
960573,201900002104,10,12,02:15,5,1,4,1.0,6.0,77186,D142 X D606,M,"48,4838540","2,6656620",77,2019,70.0,1.0,1.0,3.0,2146893,1.0,1,4,1,9.0,,-1.0, -1,1998.0,A01,138Â 302Â 613,1.0,0.0,-1.0,1639427,1.0,7,,0.0,2.0,4.0,A01,138Â 302Â 613,1.0
960574,201900002105,12,16,07:30,5,2,3,1.0,3.0,38421,RUE DE LA PASSERELLE,M,"45,1940600","5,7674900",38,2019,30.0,1.0,1.0,7.0,2146894,1.0,1,3,2,0.0,,-1.0, -1,1997.0,B01,138Â 302Â 611,8.0,6.0,-1.0,1639428,3.0,1,,0.0,2.0,1.0,B01,138Â 302Â 611,5.0
960574,201900002105,12,16,07:30,5,2,3,1.0,3.0,38421,RUE DE LA PASSERELLE,M,"45,1940600","5,7674900",38,2019,30.0,1.0,1.0,7.0,2146894,1.0,1,3,2,0.0,,-1.0, -1,1997.0,B01,138Â 302Â 611,8.0,6.0,-1.0,1639429,3.0,7,,0.0,9.0,2.0,A01,138Â 302Â 612,1.0
960574,201900002105,12,16,07:30,5,2,3,1.0,3.0,38421,RUE DE LA PASSERELLE,M,"45,1940600","5,7674900",38,2019,30.0,1.0,1.0,7.0,2146895,1.0,1,1,1,0.0,,-1.0, -1,1948.0,A01,138Â 302Â 612,1.0,0.0,-1.0,1639428,3.0,1,,0.0,2.0,1.0,B01,138Â 302Â 611,5.0
960574,201900002105,12,16,07:30,5,2,3,1.0,3.0,38421,RUE DE LA PASSERELLE,M,"45,1940600","5,7674900",38,2019,30.0,1.0,1.0,7.0,2146895,1.0,1,1,1,0.0,,-1.0, -1,1948.0,A01,138Â 302Â 612,1.0,0.0,-1.0,1639429,3.0,7,,0.0,9.0,2.0,A01,138Â 302Â 612,1.0
960575,201900002106,12,7,05:40,3,1,1,1.0,6.0,07101,D 111,M,"44,4114330","4,3005140",7,2019,80.0,3.0,1.0,3.0,2146896,1.0,1,4,1,0.0,,0.0,0,1997.0,A01,138Â 302Â 610,0.0,-1.0,-1.0,1639430,0.0,7,,13.0,0.0,1.0,A01,138Â 302Â 610,1.0
960575,201900002106,12,7,05:40,3,1,1,1.0,6.0,07101,D 111,M,"44,4114330","4,3005140",7,2019,80.0,3.0,1.0,3.0,2146897,2.0,2,1,1,0.0,,0.0,0,1993.0,A01,138Â 302Â 610,1.0,-1.0,-1.0,1639430,0.0,7,,13.0,0.0,1.0,A01,138Â 302Â 610,1.0
960576,201900002107,12,31,11:15,1,2,4,1.0,3.0,97611,mamoudzou centre-Jardin du collÃ¨ge(rue d,M," -12,7831260","45,2273280",976,2019,30.0,1.0,1.0,4.0,2146898,2.0,2,4,1,0.0,,-1.0, -1,1995.0,B01,138Â 302Â 608,2.0,6.0,-1.0,1639431,3.0,30,,0.0,2.0,1.0,B01,138Â 302Â 608,1.0
960576,201900002107,12,31,11:15,1,2,4,1.0,3.0,97611,mamoudzou centre-Jardin du collÃ¨ge(rue d,M," -12,7831260","45,2273280",976,2019,30.0,1.0,1.0,4.0,2146898,2.0,2,4,1,0.0,,-1.0, -1,1995.0,B01,138Â 302Â 608,2.0,6.0,-1.0,1639432,3.0,7,,0.0,2.0,3.0,A01,138Â 302Â 609,1.0
960576,201900002107,12,31,11:15,1,2,4,1.0,3.0,97611,mamoudzou centre-Jardin du collÃ¨ge(rue d,M," -12,7831260","45,2273280",976,2019,30.0,1.0,1.0,4.0,2146899,1.0,1,4,2,0.0,,-1.0, -1,1989.0,B01,138Â 302Â 608,2.0,6.0,-1.0,1639431,3.0,30,,0.0,2.0,1.0,B01,138Â 302Â 608,1.0
960576,201900002107,12,31,11:15,1,2,4,1.0,3.0,97611,mamoudzou centre-Jardin du collÃ¨ge(rue d,M," -12,7831260","45,2273280",976,2019,30.0,1.0,1.0,4.0,2146899,1.0,1,4,2,0.0,,-1.0, -1,1989.0,B01,138Â 302Â 608,2.0,6.0,-1.0,1639432,3.0,7,,0.0,2.0,3.0,A01,138Â 302Â 609,1.0
960576,201900002107,12,31,11:15,1,2,4,1.0,3.0,97611,mamoudzou centre-Jardin du collÃ¨ge(rue d,M," -12,7831260","45,2273280",976,2019,30.0,1.0,1.0,4.0,2146900,1.0,1,1,2,0.0,,-1.0, -1,1966.0,A01,138Â 302Â 609,1.0,8.0,-1.0,1639431,3.0,30,,0.0,2.0,1.0,B01,138Â 302Â 608,1.0
960576,201900002107,12,31,11:15,1,2,4,1.0,3.0,97611,mamoudzou centre-Jardin du collÃ¨ge(rue d,M," -12,7831260","45,2273280",976,2019,30.0,1.0,1.0,4.0,2146900,1.0,1,1,2,0.0,,-1.0, -1,1966.0,A01,138Â 302Â 609,1.0,8.0,-1.0,1639432,3.0,7,,0.0,2.0,3.0,A01,138Â 302Â 609,1.0
960577,201900002108,12,25,19:00,5,2,1,1.0,6.0,97411,SAPENTS (ALLEE DES),M," -20,8950500","55,4622600",974,2019,30.0,1.0,1.0,6.0,2146901,10.0,3,4,1,5.0,,9.0,5,2013.0,A01,138Â 302Â 607,0.0,-1.0,-1.0,1639433,3.0,7,,0.0,1.0,5.0,A01,138Â 302Â 607,1.0
960577,201900002108,12,25,19:00,5,2,1,1.0,6.0,97411,SAPENTS (ALLEE DES),M," -20,8950500","55,4622600",974,2019,30.0,1.0,1.0,6.0,2146902,1.0,1,1,2,5.0,,-1.0,0,1984.0,A01,138Â 302Â 607,1.0,8.0,-1.0,1639433,3.0,7,,0.0,1.0,5.0,A01,138Â 302Â 607,1.0
960578,201900002109,12,20,15:15,1,2,1,1.0,1.0,97411,DEBASSYNS (AVENUE),M," -20,8894413","55,4799324",974,2019,50.0,1.0,1.0,4.0,2146903,1.0,1,4,1,5.0,,0.0,0,1993.0,B01,138Â 302Â 605,0.0,-1.0,-1.0,1639434,2.0,1,,0.0,2.0,1.0,B01,138Â 302Â 605,0.0
960578,201900002109,12,20,15:15,1,2,1,1.0,1.0,97411,DEBASSYNS (AVENUE),M," -20,8894413","55,4799324",974,2019,50.0,1.0,1.0,4.0,2146903,1.0,1,4,1,5.0,,0.0,0,1993.0,B01,138Â 302Â 605,0.0,-1.0,-1.0,1639435,1.0,7,,0.0,1.0,7.0,A01,138Â 302Â 606,1.0
960578,201900002109,12,20,15:15,1,2,1,1.0,1.0,97411,DEBASSYNS (AVENUE),M," -20,8894413","55,4799324",974,2019,50.0,1.0,1.0,4.0,2146904,1.0,1,1,1,5.0,,-1.0, -1,1998.0,A01,138Â 302Â 606,1.0,8.0,-1.0,1639434,2.0,1,,0.0,2.0,1.0,B01,138Â 302Â 605,0.0
960578,201900002109,12,20,15:15,1,2,1,1.0,1.0,97411,DEBASSYNS (AVENUE),M," -20,8894413","55,4799324",974,2019,50.0,1.0,1.0,4.0,2146904,1.0,1,1,1,5.0,,-1.0, -1,1998.0,A01,138Â 302Â 606,1.0,8.0,-1.0,1639435,1.0,7,,0.0,1.0,7.0,A01,138Â 302Â 606,1.0
960579,201900002110,12,15,13:30,1,2,1,1.0,6.0,97411,MONTAGNE (ROUTE DE LA),M," -20,8874000","55,4733700",974,2019,50.0,1.0,1.0,4.0,2146905,1.0,1,4,1,5.0,,-1.0,0,1974.0,A01,138Â 302Â 604,2.0,8.0,-1.0,1639436,2.0,33,,6.0,0.0,7.0,A01,138Â 302Â 604,1.0
960580,201900002111,12,30,20:10,5,2,2,1.0,3.0,66136,BISBAL LA,M,"42,6687700","2,8924100",66,2019,50.0,1.0,1.0,4.0,2146906,1.0,1,4,2,9.0,,-1.0, -1,1970.0,B01,138Â 302Â 602,1.0,8.0,-1.0,1639437,1.0,7,,0.0,2.0,2.0,B01,138Â 302Â 602,1.0
960580,201900002111,12,30,20:10,5,2,2,1.0,3.0,66136,BISBAL LA,M,"42,6687700","2,8924100",66,2019,50.0,1.0,1.0,4.0,2146906,1.0,1,4,2,9.0,,-1.0, -1,1970.0,B01,138Â 302Â 602,1.0,8.0,-1.0,1639438,1.0,7,,0.0,2.0,1.0,A01,138Â 302Â 603,1.0
960580,201900002111,12,30,20:10,5,2,2,1.0,3.0,66136,BISBAL LA,M,"42,6687700","2,8924100",66,2019,50.0,1.0,1.0,4.0,2146907,1.0,1,1,2,0.0,,-1.0, -1,1956.0,A01,138Â 302Â 603,1.0,8.0,-1.0,1639437,1.0,7,,0.0,2.0,2.0,B01,138Â 302Â 602,1.0
960580,201900002111,12,30,20:10,5,2,2,1.0,3.0,66136,BISBAL LA,M,"42,6687700","2,8924100",66,2019,50.0,1.0,1.0,4.0,2146907,1.0,1,1,2,0.0,,-1.0, -1,1956.0,A01,138Â 302Â 603,1.0,8.0,-1.0,1639438,1.0,7,,0.0,2.0,1.0,A01,138Â 302Â 603,1.0
960581,201900002112,12,29,18:30,5,2,1,1.0,6.0,66136,LLUCIA (FRANCOIS-XAVIER ANTOINE),M,"42,6972800","2,9009000",66,2019,30.0,4.0,1.0,4.0,2146908,10.0,3,4,2,5.0,,5.0,B,2015.0,A01,138Â 302Â 601,8.0,8.0,-1.0,1639439,1.0,99,,0.0,1.0,1.0,A01,138Â 302Â 601,1.0
960582,201900002113,12,29,06:20,5,2,1,1.0,6.0,66136,AERODROME AVENUE DE L'(CD117),M,"42,7220500","2,8850200",66,2019,50.0,1.0,1.0,4.0,2146909,1.0,1,4,2,1.0,,-1.0, -1,1989.0,B01,138Â 302Â 599,1.0,8.0,-1.0,1639440,1.0,7,,0.0,2.0,3.0,B01,138Â 302Â 599,1.0
960582,201900002113,12,29,06:20,5,2,1,1.0,6.0,66136,AERODROME AVENUE DE L'(CD117),M,"42,7220500","2,8850200",66,2019,50.0,1.0,1.0,4.0,2146909,1.0,1,4,2,1.0,,-1.0, -1,1989.0,B01,138Â 302Â 599,1.0,8.0,-1.0,1639441,1.0,7,,0.0,2.0,1.0,A01,138Â 302Â 600,1.0