Unnamed: 0_x,num_acc,mois,jour,hrmn,lum,agg,int,atm,col,com,adr,gps,lat,long,dep,annee,vma,situ,surf,catr,Unnamed: 0_y,place,catu,grav,sexe,trajet,secu,locp,actp,an_nais,num_veh_x,id_vehicule_x,secu1,secu2,secu3,Unnamed: 0,senc,catv,occutc,obs,obsm,choc,num_veh_y,id_vehicule_y,motor
960582,201900002113,12,29,06:20,5,2,1,1.0,6.0,66136,AERODROME AVENUE DE L'(CD117),M,"42,7220500","2,8850200",66,2019,50.0,1.0,1.0,4.0,2146910,1.0,1,4,1,5.0,,-1.0, -1,1998.0,A01,138Â 302Â 600,1.0,8.0,-1.0,1639440,1.0,7,,0.0,2.0,3.0,B01,138Â 302Â 599,1.0
960582,201900002113,12,29,06:20,5,2,1,1.0,6.0,66136,AERODROME AVENUE DE L'(CD117),M,"42,7220500","2,8850200",66,2019,50.0,1.0,1.0,4.0,2146910,1.0,1,4,1,5.0,,-1.0, -1,1998.0,A01,138Â 302Â 600,1.0,8.0,-1.0,1639441,1.0,7,,0.0,2.0,1.0,A01,138Â 302Â 600,1.0
960583,201900002114,12,29,02:50,5,2,1,1.0,1.0,66136,FRANCE LIBRE (BOULEVARD DE LA),M,"42,7024200","2,8919300",66,2019,50.0,1.0,1.0,4.0,2146911,1.0,1,3,1,9.0,,-1.0, -1,1952.0,B01,138Â 302Â 597,1.0,8.0,-1.0,1639442,1.0,7,,0.0,2.0,1.0,B01,138Â 302Â 597,1.0
960583,201900002114,12,29,02:50,5,2,1,1.0,1.0,66136,FRANCE LIBRE (BOULEVARD DE LA),M,"42,7024200","2,8919300",66,2019,50.0,1.0,1.0,4.0,2146911,1.0,1,3,1,9.0,,-1.0, -1,1952.0,B01,138Â 302Â 597,1.0,8.0,-1.0,1639443,1.0,7,,0.0,2.0,1.0,A01,138Â 302Â 598,1.0
960584,201900002115,12,28,17:50,1,2,1,1.0,2.0,66136,ARGELES SUR MER AVENUE D',M,"42,6787900","2,9120900",66,2019,50.0,1.0,1.0,4.0,2146912,1.0,1,4,2,5.0,,-1.0, -1,1982.0,B01,138Â 302Â 595,1.0,8.0,-1.0,1639444,1.0,7,,0.0,2.0,4.0,B01,138Â 302Â 595,1.0
960584,201900002115,12,28,17:50,1,2,1,1.0,2.0,66136,ARGELES SUR MER AVENUE D',M,"42,6787900","2,9120900",66,2019,50.0,1.0,1.0,4.0,2146912,1.0,1,4,2,5.0,,-1.0, -1,1982.0,B01,138Â 302Â 595,1.0,8.0,-1.0,1639445,1.0,7,,0.0,2.0,1.0,A01,138Â 302Â 596,1.0
960584,201900002115,12,28,17:50,1,2,1,1.0,2.0,66136,ARGELES SUR MER AVENUE D',M,"42,6787900","2,9120900",66,2019,50.0,1.0,1.0,4.0,2146913,1.0,1,1,2,9.0,,-1.0, -1,1997.0,A01,138Â 302Â 596,1.0,8.0,-1.0,1639444,1.0,7,,0.0,2.0,4.0,B01,138Â 302Â 595,1.0
960584,201900002115,12,28,17:50,1,2,1,1.0,2.0,66136,ARGELES SUR MER AVENUE D',M,"42,6787900","2,9120900",66,2019,50.0,1.0,1.0,4.0,2146913,1.0,1,1,2,9.0,,-1.0, -1,1997.0,A01,138Â 302Â 596,1.0,8.0,-1.0,1639445,1.0,7,,0.0,2.0,1.0,A01,138Â 302Â 596,1.0
960585,201900002116,12,31,15:00,1,2,9,1.0,3.0,34172,CHASSEURS (RUE DES),M,"43,6002500","3,8594600",34,2019,50.0,1.0,1.0,4.0,2146914,1.0,1,1,1,0.0,,0.0,0,1950.0,B01,138Â 302Â 593,1.0,8.0,-1.0,1639446,1.0,7,,0.0,2.0,8.0,B01,138Â 302Â 593,0.0
960585,201900002116,12,31,15:00,1,2,9,1.0,3.0,34172,CHASSEURS (RUE DES),M,"43,6002500","3,8594600",34,2019,50.0,1.0,1.0,4.0,2146914,1.0,1,1,1,0.0,,0.0,0,1950.0,B01,138Â 302Â 593,1.0,8.0,-1.0,1639447,1.0,33,,0.0,2.0,1.0,A01,138Â 302Â 594,0.0
960585,201900002116,12,31,15:00,1,2,9,1.0,3.0,34172,CHASSEURS (RUE DES),M,"43,6002500","3,8594600",34,2019,50.0,1.0,1.0,4.0,2146915,1.0,1,3,1,0.0,,0.0,0,1990.0,A01,138Â 302Â 594,2.0,8.0,-1.0,1639446,1.0,7,,0.0,2.0,8.0,B01,138Â 302Â 593,0.0
960585,201900002116,12,31,15:00,1,2,9,1.0,3.0,34172,CHASSEURS (RUE DES),M,"43,6002500","3,8594600",34,2019,50.0,1.0,1.0,4.0,2146915,1.0,1,3,1,0.0,,0.0,0,1990.0,A01,138Â 302Â 594,2.0,8.0,-1.0,1639447,1.0,33,,0.0,2.0,1.0,A01,138Â 302Â 594,0.0
960586,201900002117,12,17,18:05,5,2,1,8.0,7.0,34032,VOIE DOMITIENNE (AV DE LA),M,"43,3474500","3,2438000",34,2019,50.0,1.0,1.0,4.0,2146916,10.0,3,3,1,5.0,,3.0,3,1950.0,A01,138Â 302Â 592,0.0,-1.0,-1.0,1639448,2.0,7,,0.0,1.0,1.0,A01,138Â 302Â 592,1.0
960586,201900002117,12,17,18:05,5,2,1,8.0,7.0,34032,VOIE DOMITIENNE (AV DE LA),M,"43,3474500","3,2438000",34,2019,50.0,1.0,1.0,4.0,2146917,1.0,1,1,1,1.0,,-1.0, -1,1998.0,A01,138Â 302Â 592,1.0,8.0,-1.0,1639448,2.0,7,,0.0,1.0,1.0,A01,138Â 302Â 592,1.0
960587,201900002118,12,31,14:15,1,2,1,1.0,7.0,06069,SIDI BRAHIM (AVENUE),M,"43,6478250","6,9398530",6,2019,50.0,1.0,1.0,4.0,2146918,2.0,1,4,2,5.0,,0.0,0,1988.0,A01,138Â 302Â 591,2.0,6.0,-1.0,1639449,2.0,33,,0.0,9.0,2.0,A01,138Â 302Â 591,6.0
960588,201900002119,12,28,21:10,5,2,1,1.0,3.0,06004,SAINT CLAUDE CH.DE,M,"43,5987390","7,1019520",6,2019,50.0,1.0,1.0,4.0,2146919,1.0,1,1,1,0.0,,0.0,0,1949.0,T01,138Â 302Â 589,1.0,8.0,-1.0,1639450,1.0,7,,0.0,0.0,0.0,T01,138Â 302Â 589,0.0
960588,201900002119,12,28,21:10,5,2,1,1.0,3.0,06004,SAINT CLAUDE CH.DE,M,"43,5987390","7,1019520",6,2019,50.0,1.0,1.0,4.0,2146919,1.0,1,1,1,0.0,,0.0,0,1949.0,T01,138Â 302Â 589,1.0,8.0,-1.0,1639451,1.0,34,,11.0,2.0,7.0,A01,138Â 302Â 590,0.0
960588,201900002119,12,28,21:10,5,2,1,1.0,3.0,06004,SAINT CLAUDE CH.DE,M,"43,5987390","7,1019520",6,2019,50.0,1.0,1.0,4.0,2146920,1.0,1,3,1,0.0,,0.0,0,1974.0,A01,138Â 302Â 590,2.0,8.0,-1.0,1639450,1.0,7,,0.0,0.0,0.0,T01,138Â 302Â 589,0.0
960588,201900002119,12,28,21:10,5,2,1,1.0,3.0,06004,SAINT CLAUDE CH.DE,M,"43,5987390","7,1019520",6,2019,50.0,1.0,1.0,4.0,2146920,1.0,1,3,1,0.0,,0.0,0,1974.0,A01,138Â 302Â 590,2.0,8.0,-1.0,1639451,1.0,34,,11.0,2.0,7.0,A01,138Â 302Â 590,0.0
960589,201900002120,12,28,05:20,5,2,1,1.0,2.0,06088,ANGLAIS (DU NÂ° 114 AU NÂ° 263),M,"43,6903330","7,2445240",6,2019,50.0,1.0,1.0,7.0,2146921,1.0,1,4,1,1.0,,0.0,0,1982.0,B01,138Â 302Â 587,8.0,0.0,-1.0,1639452,1.0,7,,1.0,2.0,6.0,B01,138Â 302Â 587,1.0
960589,201900002120,12,28,05:20,5,2,1,1.0,2.0,06088,ANGLAIS (DU NÂ° 114 AU NÂ° 263),M,"43,6903330","7,2445240",6,2019,50.0,1.0,1.0,7.0,2146921,1.0,1,4,1,1.0,,0.0,0,1982.0,B01,138Â 302Â 587,8.0,0.0,-1.0,1639453,1.0,7,,0.0,2.0,2.0,A01,138Â 302Â 588,1.0
960589,201900002120,12,28,05:20,5,2,1,1.0,2.0,06088,ANGLAIS (DU NÂ° 114 AU NÂ° 263),M,"43,6903330","7,2445240",6,2019,50.0,1.0,1.0,7.0,2146922,1.0,1,4,1,5.0,,0.0,0,1979.0,A01,138Â 302Â 588,8.0,0.0,-1.0,1639452,1.0,7,,1.0,2.0,6.0,B01,138Â 302Â 587,1.0
960589,201900002120,12,28,05:20,5,2,1,1.0,2.0,06088,ANGLAIS (DU NÂ° 114 AU NÂ° 263),M,"43,6903330","7,2445240",6,2019,50.0,1.0,1.0,7.0,2146922,1.0,1,4,1,5.0,,0.0,0,1979.0,A01,138Â 302Â 588,8.0,0.0,-1.0,1639453,1.0,7,,0.0,2.0,2.0,A01,138Â 302Â 588,1.0
960590,201900002121,12,27,16:00,1,2,1,1.0,2.0,06088,SOLA (BD PIERRE),M,"43,7073230","7,2861220",6,2019,50.0,1.0,1.0,4.0,2146923,1.0,1,1,2,5.0,,0.0,0,1967.0,B01,138Â 302Â 585,1.0,0.0,-1.0,1639454,2.0,7,,0.0,2.0,5.0,B01,138Â 302Â 585,1.0
960590,201900002121,12,27,16:00,1,2,1,1.0,2.0,06088,SOLA (BD PIERRE),M,"43,7073230","7,2861220",6,2019,50.0,1.0,1.0,4.0,2146923,1.0,1,1,2,5.0,,0.0,0,1967.0,B01,138Â 302Â 585,1.0,0.0,-1.0,1639455,1.0,30,,0.0,2.0,1.0,A01,138Â 302Â 586,1.0
960590,201900002121,12,27,16:00,1,2,1,1.0,2.0,06088,SOLA (BD PIERRE),M,"43,7073230","7,2861220",6,2019,50.0,1.0,1.0,4.0,2146924,2.0,2,4,1,5.0,,0.0,0,2003.0,A01,138Â 302Â 586,2.0,8.0,-1.0,1639454,2.0,7,,0.0,2.0,5.0,B01,138Â 302Â 585,1.0
960590,201900002121,12,27,16:00,1,2,1,1.0,2.0,06088,SOLA (BD PIERRE),M,"43,7073230","7,2861220",6,2019,50.0,1.0,1.0,4.0,2146924,2.0,2,4,1,5.0,,0.0,0,2003.0,A01,138Â 302Â 586,2.0,8.0,-1.0,1639455,1.0,30,,0.0,2.0,1.0,A01,138Â 302Â 586,1.0
960590,201900002121,12,27,16:00,1,2,1,1.0,2.0,06088,SOLA (BD PIERRE),M,"43,7073230","7,2861220",6,2019,50.0,1.0,1.0,4.0,2146925,1.0,1,4,1,0.0,,0.0,0,2003.0,A01,138Â 302Â 586,2.0,8.0,-1.0,1639454,2.0,7,,0.0,2.0,5.0,B01,138Â 302Â 585,1.0
960590,201900002121,12,27,16:00,1,2,1,1.0,2.0,06088,SOLA (BD PIERRE),M,"43,7073230","7,2861220",6,2019,50.0,1.0,1.0,4.0,2146925,1.0,1,4,1,0.0,,0.0,0,2003.0,A01,138Â 302Â 586,2.0,8.0,-1.0,1639455,1.0,30,,0.0,2.0,1.0,A01,138Â 302Â 586,1.0
960591,201900002122,12,27,11:50,1,2,1,1.0,6.0,06069,NAPOLEON (ROUTE),M,"43,6600940","6,9184370",6,2019,50.0,1.0,1.0,3.0,2146926,1.0,1,4,1,9.0,,0.0,0,1993.0,A01,138Â 302Â 584,1.0,8.0,-1.0,1639456,3.0,7,,0.0,0.0,2.0,A01,138Â 302Â 584,1.0
960591,201900002122,12,27,11:50,1,2,1,1.0,6.0,06069,NAPOLEON (ROUTE),M,"43,6600940","6,9184370",6,2019,50.0,1.0,1.0,3.0,2146927,2.0,2,1,1,9.0,,0.0,0,1978.0,A01,138Â 302Â 584,1.0,0.0,-1.0,1639456,3.0,7,,0.0,0.0,2.0,A01,138Â 302Â 584,1.0
960592,201900002123,12,24,13:45,1,2,1,1.0,6.0,06004,DUGOMMIER BD,M,"43,5834320","7,1191390",6,2019,50.0,1.0,1.0,4.0,2146928,10.0,3,4,2,5.0,,4.0,3,1929.0,A01,138Â 302Â 583,8.0,8.0,-1.0,1639457,1.0,32,,0.0,1.0,7.0,A01,138Â 302Â 583,1.0
960592,201900002123,12,24,13:45,1,2,1,1.0,6.0,06004,DUGOMMIER BD,M,"43,5834320","7,1191390",6,2019,50.0,1.0,1.0,4.0,2146929,10.0,3,4,2,5.0,,4.0,3,1966.0,A01,138Â 302Â 583,0.0,-1.0,-1.0,1639457,1.0,32,,0.0,1.0,7.0,A01,138Â 302Â 583,1.0
960592,201900002123,12,24,13:45,1,2,1,1.0,6.0,06004,DUGOMMIER BD,M,"43,5834320","7,1191390",6,2019,50.0,1.0,1.0,4.0,2146930,1.0,1,1,1,0.0,,0.0,0,2003.0,A01,138Â 302Â 583,8.0,0.0,-1.0,1639457,1.0,32,,0.0,1.0,7.0,A01,138Â 302Â 583,1.0
960593,201900002124,12,22,20:30,5,2,1,1.0,3.0,06088,RAYBAUD JOSEPH,M,"43,7236860","7,2871520",6,2019,50.0,1.0,1.0,4.0,2146931,1.0,1,4,1,4.0,,0.0,0,2000.0,B01,138Â 302Â 581,2.0,0.0,-1.0,1639458,2.0,30,,1.0,2.0,1.0,B01,138Â 302Â 581,0.0
960593,201900002124,12,22,20:30,5,2,1,1.0,3.0,06088,RAYBAUD JOSEPH,M,"43,7236860","7,2871520",6,2019,50.0,1.0,1.0,4.0,2146931,1.0,1,4,1,4.0,,0.0,0,2000.0,B01,138Â 302Â 581,2.0,0.0,-1.0,1639459,2.0,7,,0.0,2.0,3.0,A01,138Â 302Â 582,0.0
960593,201900002124,12,22,20:30,5,2,1,1.0,3.0,06088,RAYBAUD JOSEPH,M,"43,7236860","7,2871520",6,2019,50.0,1.0,1.0,4.0,2146932,1.0,1,1,1,9.0,,0.0,0,1976.0,A01,138Â 302Â 582,8.0,0.0,-1.0,1639458,2.0,30,,1.0,2.0,1.0,B01,138Â 302Â 581,0.0
960593,201900002124,12,22,20:30,5,2,1,1.0,3.0,06088,RAYBAUD JOSEPH,M,"43,7236860","7,2871520",6,2019,50.0,1.0,1.0,4.0,2146932,1.0,1,1,1,9.0,,0.0,0,1976.0,A01,138Â 302Â 582,8.0,0.0,-1.0,1639459,2.0,7,,0.0,2.0,3.0,A01,138Â 302Â 582,0.0
960594,201900002125,12,21,16:40,1,2,1,1.0,6.0,06088,FAURE (AV. FELIX),M,"43,6984630","7,2742590",6,2019,50.0,8.0,1.0,5.0,2146933,10.0,3,4,2,5.0,,4.0,3,1967.0,Z01,138Â 302Â 580,8.0,8.0,-1.0,1639460,1.0,30,,0.0,1.0,1.0,Z01,138Â 302Â 580,1.0
960595,201900002126,12,20,23:00,5,2,1,8.0,6.0,06069,ROUMIOUX (CHEMIN ET SENTIER DES),M,"43,6367750","6,9398600",6,2019,30.0,8.0,2.0,4.0,2146934,2.0,2,3,1,9.0,,0.0,0,2001.0,A01,138Â 302Â 579,1.0,0.0,-1.0,1639461,0.0,7,,2.0,0.0,1.0,A01,138Â 302Â 579,1.0
960595,201900002126,12,20,23:00,5,2,1,8.0,6.0,06069,ROUMIOUX (CHEMIN ET SENTIER DES),M,"43,6367750","6,9398600",6,2019,30.0,8.0,2.0,4.0,2146935,1.0,1,3,1,9.0,,0.0,0,1999.0,A01,138Â 302Â 579,1.0,0.0,-1.0,1639461,0.0,7,,2.0,0.0,1.0,A01,138Â 302Â 579,1.0
960596,201900002127,12,19,18:15,5,2,1,1.0,5.0,06088,CARABACEL (BD),M,"43,7037080","7,2755650",6,2019,50.0,1.0,1.0,4.0,2146936,1.0,1,4,1,0.0,,0.0,0,1986.0,C01,138Â 302Â 576,2.0,6.0,-1.0,1639462,0.0,2,,0.0,2.0,1.0,C01,138Â 302Â 576,1.0
960596,201900002127,12,19,18:15,5,2,1,1.0,5.0,06088,CARABACEL (BD),M,"43,7037080","7,2755650",6,2019,50.0,1.0,1.0,4.0,2146936,1.0,1,4,1,0.0,,0.0,0,1986.0,C01,138Â 302Â 576,2.0,6.0,-1.0,1639463,0.0,2,,0.0,2.0,1.0,B01,138Â 302Â 577,1.0
960596,201900002127,12,19,18:15,5,2,1,1.0,5.0,06088,CARABACEL (BD),M,"43,7037080","7,2755650",6,2019,50.0,1.0,1.0,4.0,2146936,1.0,1,4,1,0.0,,0.0,0,1986.0,C01,138Â 302Â 576,2.0,6.0,-1.0,1639464,2.0,7,,0.0,2.0,3.0,A01,138Â 302Â 578,0.0
960596,201900002127,12,19,18:15,5,2,1,1.0,5.0,06088,CARABACEL (BD),M,"43,7037080","7,2755650",6,2019,50.0,1.0,1.0,4.0,2146937,1.0,1,3,1,0.0,,0.0,0,1999.0,B01,138Â 302Â 577,2.0,6.0,-1.0,1639462,0.0,2,,0.0,2.0,1.0,C01,138Â 302Â 576,1.0
960596,201900002127,12,19,18:15,5,2,1,1.0,5.0,06088,CARABACEL (BD),M,"43,7037080","7,2755650",6,2019,50.0,1.0,1.0,4.0,2146937,1.0,1,3,1,0.0,,0.0,0,1999.0,B01,138Â 302Â 577,2.0,6.0,-1.0,1639463,0.0,2,,0.0,2.0,1.0,B01,138Â 302Â 577,1.0
960596,201900002127,12,19,18:15,5,2,1,1.0,5.0,06088,CARABACEL (BD),M,"43,7037080","7,2755650",6,2019,50.0,1.0,1.0,4.0,2146937,1.0,1,3,1,0.0,,0.0,0,1999.0,B01,138Â 302Â 577,2.0,6.0,-1.0,1639464,2.0,7,,0.0,2.0,3.0,A01,138Â 302Â 578,0.0
960596,201900002127,12,19,18:15,5,2,1,1.0,5.0,06088,CARABACEL (BD),M,"43,7037080","7,2755650",6,2019,50.0,1.0,1.0,4.0,2146938,1.0,1,1,1,0.0,,0.0,0,1966.0,A01,138Â 302Â 578,1.0,0.0,-1.0,1639462,0.0,2,,0.0,2.0,1.0,C01,138Â 302Â 576,1.0
960596,201900002127,12,19,18:15,5,2,1,1.0,5.0,06088,CARABACEL (BD),M,"43,7037080","7,2755650",6,2019,50.0,1.0,1.0,4.0,2146938,1.0,1,1,1,0.0,,0.0,0,1966.0,A01,138Â 302Â 578,1.0,0.0,-1.0,1639463,0.0,2,,0.0,2.0,1.0,B01,138Â 302Â 577,1.0
960596,201900002127,12,19,18:15,5,2,1,1.0,5.0,06088,CARABACEL (BD),M,"43,7037080","7,2755650",6,2019,50.0,1.0,1.0,4.0,2146938,1.0,1,1,1,0.0,,0.0,0,1966.0,A01,138Â 302Â 578,1.0,0.0,-1.0,1639464,2.0,7,,0.0,2.0,3.0,A01,138Â 302Â 578,0.0
960597,201900002128,12,19,13:15,1,2,1,8.0,2.0,06088,TURIN (RTE DE),M,"43,7203540","7,2875850",6,2019,50.0,1.0,2.0,4.0,2146939,1.0,1,3,1,0.0,,0.0,0,1954.0,B01,138Â 302Â 574,2.0,6.0,-1.0,1639465,0.0,33,,0.0,2.0,4.0,B01,138Â 302Â 574,1.0
960597,201900002128,12,19,13:15,1,2,1,8.0,2.0,06088,TURIN (RTE DE),M,"43,7203540","7,2875850",6,2019,50.0,1.0,2.0,4.0,2146939,1.0,1,3,1,0.0,,0.0,0,1954.0,B01,138Â 302Â 574,2.0,6.0,-1.0,1639466,0.0,7,,0.0,2.0,2.0,A01,138Â 302Â 575,1.0
960597,201900002128,12,19,13:15,1,2,1,8.0,2.0,06088,TURIN (RTE DE),M,"43,7203540","7,2875850",6,2019,50.0,1.0,2.0,4.0,2146940,1.0,1,1,1,9.0,,-1.0, -1,1993.0,A01,138Â 302Â 575,8.0,0.0,-1.0,1639465,0.0,33,,0.0,2.0,4.0,B01,138Â 302Â 574,1.0
960597,201900002128,12,19,13:15,1,2,1,8.0,2.0,06088,TURIN (RTE DE),M,"43,7203540","7,2875850",6,2019,50.0,1.0,2.0,4.0,2146940,1.0,1,1,1,9.0,,-1.0, -1,1993.0,A01,138Â 302Â 575,8.0,0.0,-1.0,1639466,0.0,7,,0.0,2.0,2.0,A01,138Â 302Â 575,1.0
960598,201900002129,12,16,17:25,5,2,1,1.0,3.0,06030,JEANPIERRE (AVENUE MAURICE),M,"43,5723210","7,0063150",6,2019,50.0,1.0,1.0,4.0,2146941,1.0,1,1,2,2.0,,0.0,0,1987.0,B01,138Â 302Â 572,1.0,0.0,-1.0,1639467,3.0,7,,0.0,2.0,8.0,B01,138Â 302Â 572,1.0
960598,201900002129,12,16,17:25,5,2,1,1.0,3.0,06030,JEANPIERRE (AVENUE MAURICE),M,"43,5723210","7,0063150",6,2019,50.0,1.0,1.0,4.0,2146941,1.0,1,1,2,2.0,,0.0,0,1987.0,B01,138Â 302Â 572,1.0,0.0,-1.0,1639468,0.0,33,,0.0,2.0,1.0,A01,138Â 302Â 573,1.0
960598,201900002129,12,16,17:25,5,2,1,1.0,3.0,06030,JEANPIERRE (AVENUE MAURICE),M,"43,5723210","7,0063150",6,2019,50.0,1.0,1.0,4.0,2146942,1.0,1,4,1,4.0,,-1.0, -1,1993.0,A01,138Â 302Â 573,2.0,6.0,-1.0,1639467,3.0,7,,0.0,2.0,8.0,B01,138Â 302Â 572,1.0
960598,201900002129,12,16,17:25,5,2,1,1.0,3.0,06030,JEANPIERRE (AVENUE MAURICE),M,"43,5723210","7,0063150",6,2019,50.0,1.0,1.0,4.0,2146942,1.0,1,4,1,4.0,,-1.0, -1,1993.0,A01,138Â 302Â 573,2.0,6.0,-1.0,1639468,0.0,33,,0.0,2.0,1.0,A01,138Â 302Â 573,1.0
960599,201900002130,12,14,20:35,5,2,1,1.0,4.0,06088,GAMBETTA (A PARTIR DU NÂ° 63-74),M,"43,7063160","7,2560540",6,2019,50.0,1.0,1.0,4.0,2146943,1.0,1,1,1,9.0,,0.0,0,1991.0,C01,138Â 302Â 569,1.0,0.0,-1.0,1639469,2.0,7,,0.0,2.0,1.0,C01,138Â 302Â 569,1.0
960599,201900002130,12,14,20:35,5,2,1,1.0,4.0,06088,GAMBETTA (A PARTIR DU NÂ° 63-74),M,"43,7063160","7,2560540",6,2019,50.0,1.0,1.0,4.0,2146943,1.0,1,1,1,9.0,,0.0,0,1991.0,C01,138Â 302Â 569,1.0,0.0,-1.0,1639470,2.0,7,,0.0,2.0,4.0,B01,138Â 302Â 570,1.0
960599,201900002130,12,14,20:35,5,2,1,1.0,4.0,06088,GAMBETTA (A PARTIR DU NÂ° 63-74),M,"43,7063160","7,2560540",6,2019,50.0,1.0,1.0,4.0,2146943,1.0,1,1,1,9.0,,0.0,0,1991.0,C01,138Â 302Â 569,1.0,0.0,-1.0,1639471,2.0,7,,0.0,2.0,4.0,A01,138Â 302Â 571,1.0
960599,201900002130,12,14,20:35,5,2,1,1.0,4.0,06088,GAMBETTA (A PARTIR DU NÂ° 63-74),M,"43,7063160","7,2560540",6,2019,50.0,1.0,1.0,4.0,2146944,2.0,2,1,2,5.0,,0.0,0,1960.0,B01,138Â 302Â 570,1.0,0.0,-1.0,1639469,2.0,7,,0.0,2.0,1.0,C01,138Â 302Â 569,1.0
960599,201900002130,12,14,20:35,5,2,1,1.0,4.0,06088,GAMBETTA (A PARTIR DU NÂ° 63-74),M,"43,7063160","7,2560540",6,2019,50.0,1.0,1.0,4.0,2146944,2.0,2,1,2,5.0,,0.0,0,1960.0,B01,138Â 302Â 570,1.0,0.0,-1.0,1639470,2.0,7,,0.0,2.0,4.0,B01,138Â 302Â 570,1.0
960599,201900002130,12,14,20:35,5,2,1,1.0,4.0,06088,GAMBETTA (A PARTIR DU NÂ° 63-74),M,"43,7063160","7,2560540",6,2019,50.0,1.0,1.0,4.0,2146944,2.0,2,1,2,5.0,,0.0,0,1960.0,B01,138Â 302Â 570,1.0,0.0,-1.0,1639471,2.0,7,,0.0,2.0,4.0,A01,138Â 302Â 571,1.0
960599,201900002130,12,14,20:35,5,2,1,1.0,4.0,06088,GAMBETTA (A PARTIR DU NÂ° 63-74),M,"43,7063160","7,2560540",6,2019,50.0,1.0,1.0,4.0,2146945,1.0,1,1,2,5.0,,0.0,0,1961.0,B01,138Â 302Â 570,1.0,0.0,-1.0,1639469,2.0,7,,0.0,2.0,1.0,C01,138Â 302Â 569,1.0
960599,201900002130,12,14,20:35,5,2,1,1.0,4.0,06088,GAMBETTA (A PARTIR DU NÂ° 63-74),M,"43,7063160","7,2560540",6,2019,50.0,1.0,1.0,4.0,2146945,1.0,1,1,2,5.0,,0.0,0,1961.0,B01,138Â 302Â 570,1.0,0.0,-1.0,1639470,2.0,7,,0.0,2.0,4.0,B01,138Â 302Â 570,1.0
960599,201900002130,12,14,20:35,5,2,1,1.0,4.0,06088,GAMBETTA (A PARTIR DU NÂ° 63-74),M,"43,7063160","7,2560540",6,2019,50.0,1.0,1.0,4.0,2146945,1.0,1,1,2,5.0,,0.0,0,1961.0,B01,138Â 302Â 570,1.0,0.0,-1.0,1639471,2.0,7,,0.0,2.0,4.0,A01,138Â 302Â 571,1.0
960599,201900002130,12,14,20:35,5,2,1,1.0,4.0,06088,GAMBETTA (A PARTIR DU NÂ° 63-74),M,"43,7063160","7,2560540",6,2019,50.0,1.0,1.0,4.0,2146946,2.0,2,4,1,4.0,,0.0,0,1974.0,A01,138Â 302Â 571,1.0,0.0,-1.0,1639469,2.0,7,,0.0,2.0,1.0,C01,138Â 302Â 569,1.0
960599,201900002130,12,14,20:35,5,2,1,1.0,4.0,06088,GAMBETTA (A PARTIR DU NÂ° 63-74),M,"43,7063160","7,2560540",6,2019,50.0,1.0,1.0,4.0,2146946,2.0,2,4,1,4.0,,0.0,0,1974.0,A01,138Â 302Â 571,1.0,0.0,-1.0,1639470,2.0,7,,0.0,2.0,4.0,B01,138Â 302Â 570,1.0
960599,201900002130,12,14,20:35,5,2,1,1.0,4.0,06088,GAMBETTA (A PARTIR DU NÂ° 63-74),M,"43,7063160","7,2560540",6,2019,50.0,1.0,1.0,4.0,2146946,2.0,2,4,1,4.0,,0.0,0,1974.0,A01,138Â 302Â 571,1.0,0.0,-1.0,1639471,2.0,7,,0.0,2.0,4.0,A01,138Â 302Â 571,1.0
960599,201900002130,12,14,20:35,5,2,1,1.0,4.0,06088,GAMBETTA (A PARTIR DU NÂ° 63-74),M,"43,7063160","7,2560540",6,2019,50.0,1.0,1.0,4.0,2146947,1.0,1,1,1,4.0,,0.0,0,1981.0,A01,138Â 302Â 571,1.0,0.0,-1.0,1639469,2.0,7,,0.0,2.0,1.0,C01,138Â 302Â 569,1.0
960599,201900002130,12,14,20:35,5,2,1,1.0,4.0,06088,GAMBETTA (A PARTIR DU NÂ° 63-74),M,"43,7063160","7,2560540",6,2019,50.0,1.0,1.0,4.0,2146947,1.0,1,1,1,4.0,,0.0,0,1981.0,A01,138Â 302Â 571,1.0,0.0,-1.0,1639470,2.0,7,,0.0,2.0,4.0,B01,138Â 302Â 570,1.0
960599,201900002130,12,14,20:35,5,2,1,1.0,4.0,06088,GAMBETTA (A PARTIR DU NÂ° 63-74),M,"43,7063160","7,2560540",6,2019,50.0,1.0,1.0,4.0,2146947,1.0,1,1,1,4.0,,0.0,0,1981.0,A01,138Â 302Â 571,1.0,0.0,-1.0,1639471,2.0,7,,0.0,2.0,4.0,A01,138Â 302Â 571,1.0
960600,201900002131,12,14,17:53,5,2,7,1.0,6.0,06088,BOUNIN (RUE PAUL),M,"43,7197160","7,2622480",6,2019,50.0,1.0,1.0,4.0,2146948,10.0,3,3,2,0.0,,3.0,3,1975.0,A01,138Â 302Â 568,8.0,0.0,-1.0,1639472,0.0,7,,0.0,1.0,2.0,A01,138Â 302Â 568,1.0
960600,201900002131,12,14,17:53,5,2,7,1.0,6.0,06088,BOUNIN (RUE PAUL),M,"43,7197160","7,2622480",6,2019,50.0,1.0,1.0,4.0,2146949,1.0,1,1,2,0.0,,0.0,0,1957.0,A01,138Â 302Â 568,1.0,0.0,-1.0,1639472,0.0,7,,0.0,1.0,2.0,A01,138Â 302Â 568,1.0
960601,201900002132,12,13,11:50,1,2,3,1.0,6.0,06088,CIMIEZ (BD) A PARTIR DU 16-17,M,"43,7201600","7,2748900",6,2019,50.0,1.0,1.0,4.0,2146950,10.0,3,3,2,0.0,,3.0,3,1935.0,A01,138Â 302Â 567,0.0,-1.0,-1.0,1639473,1.0,7,,0.0,1.0,3.0,A01,138Â 302Â 567,1.0