Unnamed: 0_x,num_acc,mois,jour,hrmn,lum,agg,int,atm,col,com,adr,gps,lat,long,dep,annee,vma,situ,surf,catr,Unnamed: 0_y,place,catu,grav,sexe,trajet,secu,locp,actp,an_nais,num_veh_x,id_vehicule_x,secu1,secu2,secu3,Unnamed: 0,senc,catv,occutc,obs,obsm,choc,num_veh_y,id_vehicule_y,motor
960601,201900002132,12,13,11:50,1,2,3,1.0,6.0,06088,CIMIEZ (BD) A PARTIR DU 16-17,M,"43,7201600","7,2748900",6,2019,50.0,1.0,1.0,4.0,2146951,1.0,1,1,2,9.0,,-1.0, -1,1955.0,A01,138Â 302Â 567,1.0,0.0,-1.0,1639473,1.0,7,,0.0,1.0,3.0,A01,138Â 302Â 567,1.0
960602,201900002133,12,12,15:00,1,2,1,1.0,6.0,06030,SADI CARNOT (BOULEVARD),M,"43,5753800","7,0167700",6,2019,50.0,1.0,1.0,4.0,2146952,10.0,3,3,1,5.0,,2.0,3,1972.0,A01,138Â 302Â 566,8.0,0.0,-1.0,1639474,1.0,10,,0.0,1.0,2.0,A01,138Â 302Â 566,0.0
960602,201900002133,12,12,15:00,1,2,1,1.0,6.0,06030,SADI CARNOT (BOULEVARD),M,"43,5753800","7,0167700",6,2019,50.0,1.0,1.0,4.0,2146953,1.0,1,1,2,5.0,,0.0,0,1975.0,A01,138Â 302Â 566,1.0,0.0,-1.0,1639474,1.0,10,,0.0,1.0,2.0,A01,138Â 302Â 566,0.0
960603,201900002134,12,5,12:50,1,2,1,1.0,1.0,06088,NAPOLEON III (BD),M,"43,6834610","7,2234940",6,2019,50.0,1.0,1.0,4.0,2146954,1.0,1,3,2,0.0,,0.0,0,1963.0,B01,138Â 302Â 564,2.0,6.0,-1.0,1639475,2.0,33,,0.0,2.0,1.0,B01,138Â 302Â 564,1.0
960603,201900002134,12,5,12:50,1,2,1,1.0,1.0,06088,NAPOLEON III (BD),M,"43,6834610","7,2234940",6,2019,50.0,1.0,1.0,4.0,2146954,1.0,1,3,2,0.0,,0.0,0,1963.0,B01,138Â 302Â 564,2.0,6.0,-1.0,1639476,0.0,7,,0.0,2.0,0.0,A01,138Â 302Â 565,1.0
960603,201900002134,12,5,12:50,1,2,1,1.0,1.0,06088,NAPOLEON III (BD),M,"43,6834610","7,2234940",6,2019,50.0,1.0,1.0,4.0,2146955,1.0,1,1,2,2.0,,0.0,0,2000.0,A01,138Â 302Â 565,1.0,0.0,-1.0,1639475,2.0,33,,0.0,2.0,1.0,B01,138Â 302Â 564,1.0
960603,201900002134,12,5,12:50,1,2,1,1.0,1.0,06088,NAPOLEON III (BD),M,"43,6834610","7,2234940",6,2019,50.0,1.0,1.0,4.0,2146955,1.0,1,1,2,2.0,,0.0,0,2000.0,A01,138Â 302Â 565,1.0,0.0,-1.0,1639476,0.0,7,,0.0,2.0,0.0,A01,138Â 302Â 565,1.0
960604,201900002135,12,4,13:35,1,2,1,1.0,1.0,06088,MARTIN LUTHER KING (AV.),M,"43,6744220","7,2042000",6,2019,50.0,1.0,1.0,4.0,2146956,1.0,1,4,1,2.0,,0.0,0,2002.0,B01,138Â 302Â 562,2.0,8.0,-1.0,1639477,2.0,2,,0.0,2.0,1.0,B01,138Â 302Â 562,1.0
960604,201900002135,12,4,13:35,1,2,1,1.0,1.0,06088,MARTIN LUTHER KING (AV.),M,"43,6744220","7,2042000",6,2019,50.0,1.0,1.0,4.0,2146956,1.0,1,4,1,2.0,,0.0,0,2002.0,B01,138Â 302Â 562,2.0,8.0,-1.0,1639478,1.0,7,,0.0,2.0,1.0,A01,138Â 302Â 563,1.0
960604,201900002135,12,4,13:35,1,2,1,1.0,1.0,06088,MARTIN LUTHER KING (AV.),M,"43,6744220","7,2042000",6,2019,50.0,1.0,1.0,4.0,2146957,1.0,1,1,1,9.0,,0.0,0,1984.0,A01,138Â 302Â 563,8.0,0.0,-1.0,1639477,2.0,2,,0.0,2.0,1.0,B01,138Â 302Â 562,1.0
960604,201900002135,12,4,13:35,1,2,1,1.0,1.0,06088,MARTIN LUTHER KING (AV.),M,"43,6744220","7,2042000",6,2019,50.0,1.0,1.0,4.0,2146957,1.0,1,1,1,9.0,,0.0,0,1984.0,A01,138Â 302Â 563,8.0,0.0,-1.0,1639478,1.0,7,,0.0,2.0,1.0,A01,138Â 302Â 563,1.0
960605,201900002136,12,3,08:15,1,2,9,1.0,6.0,06088,BORRIGLIONE (A PARTIR DU NÂ° 42-51),M,"43,7153410","7,2614850",6,2019,50.0,1.0,1.0,4.0,2146958,10.0,3,4,2,5.0,,5.0,8,1936.0,A01,138Â 302Â 561,8.0,0.0,-1.0,1639479,0.0,40,,15.0,1.0,2.0,A01,138Â 302Â 561,0.0
960605,201900002136,12,3,08:15,1,2,9,1.0,6.0,06088,BORRIGLIONE (A PARTIR DU NÂ° 42-51),M,"43,7153410","7,2614850",6,2019,50.0,1.0,1.0,4.0,2146959,1.0,1,1,1,9.0,,-1.0, -1,1982.0,A01,138Â 302Â 561,8.0,8.0,-1.0,1639479,0.0,40,,15.0,1.0,2.0,A01,138Â 302Â 561,0.0
960606,201900002137,12,2,09:55,1,2,3,1.0,3.0,06088,BESSET (AV.) (A PARTIR DU NÂ° 47),M,"43,7169600","7,2555230",6,2019,50.0,1.0,2.0,4.0,2146960,1.0,1,1,2,0.0,,0.0,0,1980.0,B01,138Â 302Â 559,1.0,0.0,-1.0,1639480,3.0,7,,0.0,2.0,1.0,B01,138Â 302Â 559,1.0
960606,201900002137,12,2,09:55,1,2,3,1.0,3.0,06088,BESSET (AV.) (A PARTIR DU NÂ° 47),M,"43,7169600","7,2555230",6,2019,50.0,1.0,2.0,4.0,2146960,1.0,1,1,2,0.0,,0.0,0,1980.0,B01,138Â 302Â 559,1.0,0.0,-1.0,1639481,2.0,1,,0.0,2.0,1.0,A01,138Â 302Â 560,0.0
960606,201900002137,12,2,09:55,1,2,3,1.0,3.0,06088,BESSET (AV.) (A PARTIR DU NÂ° 47),M,"43,7169600","7,2555230",6,2019,50.0,1.0,2.0,4.0,2146961,1.0,1,4,1,0.0,,0.0,0,1995.0,A01,138Â 302Â 560,8.0,0.0,-1.0,1639480,3.0,7,,0.0,2.0,1.0,B01,138Â 302Â 559,1.0
960606,201900002137,12,2,09:55,1,2,3,1.0,3.0,06088,BESSET (AV.) (A PARTIR DU NÂ° 47),M,"43,7169600","7,2555230",6,2019,50.0,1.0,2.0,4.0,2146961,1.0,1,4,1,0.0,,0.0,0,1995.0,A01,138Â 302Â 560,8.0,0.0,-1.0,1639481,2.0,1,,0.0,2.0,1.0,A01,138Â 302Â 560,0.0
960607,201900002138,6,15,16:20,1,2,9,1.0,7.0,93010,VILLEMOMBLE (RTE DE) DE 22 A 130,M,"48,8930850","2,4827490",93,2019,50.0,1.0,1.0,4.0,2146962,1.0,1,1,1,9.0,,-1.0, -1,1972.0,A01,138Â 302Â 558,1.0,0.0,-1.0,1639482,0.0,37,1.0,0.0,1.0,7.0,A01,138Â 302Â 558,0.0
960607,201900002138,6,15,16:20,1,2,9,1.0,7.0,93010,VILLEMOMBLE (RTE DE) DE 22 A 130,M,"48,8930850","2,4827490",93,2019,50.0,1.0,1.0,4.0,2146963,10.0,3,4,1,9.0,,9.0,B,1948.0,A01,138Â 302Â 558,8.0,0.0,-1.0,1639482,0.0,37,1.0,0.0,1.0,7.0,A01,138Â 302Â 558,0.0
960608,201900002139,5,21,11:20,1,2,1,1.0,6.0,06029,PETIT JUAS (TRAVERSE),M,"43,5633800","7,0126100",6,2019,50.0,8.0,1.0,5.0,2146964,10.0,3,2,1,1.0,,9.0,9,1972.0,A01,138Â 302Â 556,8.0,8.0,-1.0,1639483,0.0,7,,6.0,1.0,5.0,A01,138Â 302Â 556,1.0
960609,201900002140,10,9,08:55,1,2,2,1.0,6.0,02691,MARTIN (BD HENRI),M,"49,8480000","3,2797600",2,2019,50.0,1.0,1.0,4.0,2146965,1.0,1,1,1,5.0,,0.0,0,1993.0,A01,138Â 302Â 555,1.0,8.0,-1.0,1639484,2.0,7,,0.0,1.0,1.0,A01,138Â 302Â 555,1.0
960609,201900002140,10,9,08:55,1,2,2,1.0,6.0,02691,MARTIN (BD HENRI),M,"49,8480000","3,2797600",2,2019,50.0,1.0,1.0,4.0,2146966,10.0,3,3,2,1.0,,4.0,3,1965.0,A01,138Â 302Â 555,0.0,-1.0,-1.0,1639484,2.0,7,,0.0,1.0,1.0,A01,138Â 302Â 555,1.0
960610,201900002141,12,12,19:04,5,2,1,3.0,6.0,62826,DALOZ (BOULEVARD),M,"50,5210800","1,5866500",62,2019,50.0,1.0,2.0,4.0,2146967,10.0,3,3,2,1.0,,3.0,3,1993.0,A01,138Â 302Â 554,8.0,0.0,-1.0,1639485,1.0,10,,0.0,1.0,2.0,A01,138Â 302Â 554,1.0
960610,201900002141,12,12,19:04,5,2,1,3.0,6.0,62826,DALOZ (BOULEVARD),M,"50,5210800","1,5866500",62,2019,50.0,1.0,2.0,4.0,2146968,1.0,1,1,1,1.0,,0.0,0,1987.0,A01,138Â 302Â 554,8.0,0.0,-1.0,1639485,1.0,10,,0.0,1.0,2.0,A01,138Â 302Â 554,1.0
960611,201900002142,12,20,18:30,5,1,2,1.0,1.0,62626,ANNEQUIN ( ROUTE D' ),M,"50,4969400","2,7304740",62,2019,80.0,1.0,1.0,4.0,2146969,1.0,1,1,2,0.0,,-1.0, -1,1995.0,A01,138Â 302Â 552,1.0,0.0,-1.0,1639486,1.0,7,,0.0,2.0,2.0,A01,138Â 302Â 552,1.0
960611,201900002142,12,20,18:30,5,1,2,1.0,1.0,62626,ANNEQUIN ( ROUTE D' ),M,"50,4969400","2,7304740",62,2019,80.0,1.0,1.0,4.0,2146969,1.0,1,1,2,0.0,,-1.0, -1,1995.0,A01,138Â 302Â 552,1.0,0.0,-1.0,1639487,2.0,33,,0.0,2.0,1.0,B01,138Â 302Â 553,1.0
960611,201900002142,12,20,18:30,5,1,2,1.0,1.0,62626,ANNEQUIN ( ROUTE D' ),M,"50,4969400","2,7304740",62,2019,80.0,1.0,1.0,4.0,2146970,2.0,2,3,1,5.0,,-1.0, -1,1996.0,B01,138Â 302Â 553,2.0,0.0,-1.0,1639486,1.0,7,,0.0,2.0,2.0,A01,138Â 302Â 552,1.0
960611,201900002142,12,20,18:30,5,1,2,1.0,1.0,62626,ANNEQUIN ( ROUTE D' ),M,"50,4969400","2,7304740",62,2019,80.0,1.0,1.0,4.0,2146970,2.0,2,3,1,5.0,,-1.0, -1,1996.0,B01,138Â 302Â 553,2.0,0.0,-1.0,1639487,2.0,33,,0.0,2.0,1.0,B01,138Â 302Â 553,1.0
960611,201900002142,12,20,18:30,5,1,2,1.0,1.0,62626,ANNEQUIN ( ROUTE D' ),M,"50,4969400","2,7304740",62,2019,80.0,1.0,1.0,4.0,2146971,1.0,1,3,1,0.0,,-1.0, -1,1993.0,B01,138Â 302Â 553,2.0,0.0,-1.0,1639486,1.0,7,,0.0,2.0,2.0,A01,138Â 302Â 552,1.0
960611,201900002142,12,20,18:30,5,1,2,1.0,1.0,62626,ANNEQUIN ( ROUTE D' ),M,"50,4969400","2,7304740",62,2019,80.0,1.0,1.0,4.0,2146971,1.0,1,3,1,0.0,,-1.0, -1,1993.0,B01,138Â 302Â 553,2.0,0.0,-1.0,1639487,2.0,33,,0.0,2.0,1.0,B01,138Â 302Â 553,1.0
960612,201900002143,12,10,05:30,3,1,1,8.0,3.0,62244,DEPARTEMENTALE 943,M,"50,9263700","1,9038530",62,2019,70.0,1.0,1.0,3.0,2146972,1.0,1,4,1,1.0,,-1.0, -1,1994.0,Y01,138Â 302Â 550,8.0,0.0,-1.0,1639488,3.0,1,,0.0,2.0,4.0,Y01,138Â 302Â 550,0.0
960612,201900002143,12,10,05:30,3,1,1,8.0,3.0,62244,DEPARTEMENTALE 943,M,"50,9263700","1,9038530",62,2019,70.0,1.0,1.0,3.0,2146972,1.0,1,4,1,1.0,,-1.0, -1,1994.0,Y01,138Â 302Â 550,8.0,0.0,-1.0,1639489,3.0,17,,0.0,1.0,7.0,A01,138Â 302Â 551,0.0
960613,201900002144,12,8,18:20,2,2,1,2.0,6.0,62040,MONTAND (AVENUE YVES),M,"50,7325500","2,2764200",62,2019,50.0,1.0,2.0,4.0,2146973,1.0,1,1,1,0.0,,-1.0, -1,1963.0,A01,138Â 302Â 549,8.0,0.0,-1.0,1639490,1.0,7,,0.0,1.0,1.0,A01,138Â 302Â 549,1.0
960613,201900002144,12,8,18:20,2,2,1,2.0,6.0,62040,MONTAND (AVENUE YVES),M,"50,7325500","2,2764200",62,2019,50.0,1.0,2.0,4.0,2146974,10.0,3,3,1,5.0,,4.0,3,1962.0,A01,138Â 302Â 549,0.0,-1.0,-1.0,1639490,1.0,7,,0.0,1.0,1.0,A01,138Â 302Â 549,1.0
960613,201900002144,12,8,18:20,2,2,1,2.0,6.0,62040,MONTAND (AVENUE YVES),M,"50,7325500","2,2764200",62,2019,50.0,1.0,2.0,4.0,2146975,10.0,3,4,2,5.0,,4.0,3,1963.0,A01,138Â 302Â 549,0.0,-1.0,-1.0,1639490,1.0,7,,0.0,1.0,1.0,A01,138Â 302Â 549,1.0
960614,201900002145,11,16,19:10,4,2,1,1.0,6.0,06088,MADELEINE (BD DE LA),M,"43,7028700","7,2361200",6,2019,50.0,1.0,1.0,4.0,2146976,10.0,3,3,1,5.0,,3.0,3,2008.0,A01,138Â 302Â 548,8.0,0.0,-1.0,1639491,0.0,7,,0.0,2.0,0.0,A01,138Â 302Â 548,0.0
960614,201900002145,11,16,19:10,4,2,1,1.0,6.0,06088,MADELEINE (BD DE LA),M,"43,7028700","7,2361200",6,2019,50.0,1.0,1.0,4.0,2146977,1.0,1,1,1,5.0,,-1.0, -1,1998.0,A01,138Â 302Â 548,1.0,0.0,-1.0,1639491,0.0,7,,0.0,2.0,0.0,A01,138Â 302Â 548,0.0
960615,201900002146,12,28,22:05,5,2,2,1.0,3.0,60057,SAINT JEAN (BOULEVARD),M,"49,4292600","2,0760900",60,2019,50.0,1.0,1.0,4.0,2146978,1.0,1,1,1,5.0,,-1.0, -1,1999.0,A01,138Â 302Â 546,8.0,0.0,-1.0,1639492,1.0,7,,0.0,2.0,8.0,A01,138Â 302Â 546,1.0
960615,201900002146,12,28,22:05,5,2,2,1.0,3.0,60057,SAINT JEAN (BOULEVARD),M,"49,4292600","2,0760900",60,2019,50.0,1.0,1.0,4.0,2146978,1.0,1,1,1,5.0,,-1.0, -1,1999.0,A01,138Â 302Â 546,8.0,0.0,-1.0,1639493,3.0,2,,0.0,2.0,1.0,B01,138Â 302Â 547,1.0
960615,201900002146,12,28,22:05,5,2,2,1.0,3.0,60057,SAINT JEAN (BOULEVARD),M,"49,4292600","2,0760900",60,2019,50.0,1.0,1.0,4.0,2146979,1.0,1,2,1,4.0,,-1.0, -1,1991.0,B01,138Â 302Â 547,2.0,0.0,-1.0,1639492,1.0,7,,0.0,2.0,8.0,A01,138Â 302Â 546,1.0
960615,201900002146,12,28,22:05,5,2,2,1.0,3.0,60057,SAINT JEAN (BOULEVARD),M,"49,4292600","2,0760900",60,2019,50.0,1.0,1.0,4.0,2146979,1.0,1,2,1,4.0,,-1.0, -1,1991.0,B01,138Â 302Â 547,2.0,0.0,-1.0,1639493,3.0,2,,0.0,2.0,1.0,B01,138Â 302Â 547,1.0
960616,201900002147,12,26,18:00,5,2,1,2.0,7.0,76341,RESISTANCE (AVENUE DE LA),M,"49,4984561","0,2291518",76,2019,50.0,1.0,2.0,3.0,2146980,1.0,1,1,2,5.0,,0.0,0,1990.0,A01,138Â 302Â 545,1.0,0.0,-1.0,1639494,1.0,10,,0.0,1.0,1.0,A01,138Â 302Â 545,1.0
960616,201900002147,12,26,18:00,5,2,1,2.0,7.0,76341,RESISTANCE (AVENUE DE LA),M,"49,4984561","0,2291518",76,2019,50.0,1.0,2.0,3.0,2146981,10.0,3,4,2,5.0,,3.0,3,1993.0,A01,138Â 302Â 545,0.0,-1.0,-1.0,1639494,1.0,10,,0.0,1.0,1.0,A01,138Â 302Â 545,1.0
960617,201900002148,12,24,19:50,5,2,2,1.0,3.0,76351,PAUL CLAUDEL,M,"49,5170100","0,1162700",76,2019,50.0,1.0,1.0,4.0,2146982,1.0,1,4,1,3.0,,-1.0, -1,1986.0,B01,138Â 302Â 543,2.0,0.0,-1.0,1639495,1.0,32,,0.0,2.0,1.0,B01,138Â 302Â 543,1.0
960617,201900002148,12,24,19:50,5,2,2,1.0,3.0,76351,PAUL CLAUDEL,M,"49,5170100","0,1162700",76,2019,50.0,1.0,1.0,4.0,2146982,1.0,1,4,1,3.0,,-1.0, -1,1986.0,B01,138Â 302Â 543,2.0,0.0,-1.0,1639496,1.0,7,,0.0,2.0,5.0,A01,138Â 302Â 544,1.0
960617,201900002148,12,24,19:50,5,2,2,1.0,3.0,76351,PAUL CLAUDEL,M,"49,5170100","0,1162700",76,2019,50.0,1.0,1.0,4.0,2146983,1.0,1,1,1,3.0,,-1.0, -1,1979.0,A01,138Â 302Â 544,1.0,0.0,-1.0,1639495,1.0,32,,0.0,2.0,1.0,B01,138Â 302Â 543,1.0
960617,201900002148,12,24,19:50,5,2,2,1.0,3.0,76351,PAUL CLAUDEL,M,"49,5170100","0,1162700",76,2019,50.0,1.0,1.0,4.0,2146983,1.0,1,1,1,3.0,,-1.0, -1,1979.0,A01,138Â 302Â 544,1.0,0.0,-1.0,1639496,1.0,7,,0.0,2.0,5.0,A01,138Â 302Â 544,1.0
960618,201900002149,12,24,10:10,1,2,2,1.0,7.0,76447,COMMUNE 1871 (DE LA),M,"49,5455400","0,1882000",76,2019,50.0,1.0,2.0,4.0,2146984,10.0,3,3,2,5.0,,4.0,3,1948.0,A01,138Â 302Â 542,0.0,-1.0,-1.0,1639497,2.0,7,,0.0,1.0,3.0,A01,138Â 302Â 542,1.0
960618,201900002149,12,24,10:10,1,2,2,1.0,7.0,76447,COMMUNE 1871 (DE LA),M,"49,5455400","0,1882000",76,2019,50.0,1.0,2.0,4.0,2146985,1.0,1,1,2,5.0,,0.0,0,1970.0,A01,138Â 302Â 542,1.0,0.0,-1.0,1639497,2.0,7,,0.0,1.0,3.0,A01,138Â 302Â 542,1.0
960619,201900002150,12,19,18:20,3,2,1,2.0,7.0,76384,HUGO VICTOR (RUE),M,"49,5179800","0,5367100",76,2019,50.0,1.0,2.0,9.0,2146986,10.0,3,4,1,3.0,,3.0,3,2000.0,A01,138Â 302Â 541,0.0,-1.0,-1.0,1639498,1.0,7,,0.0,1.0,1.0,A01,138Â 302Â 541,1.0
960619,201900002150,12,19,18:20,3,2,1,2.0,7.0,76384,HUGO VICTOR (RUE),M,"49,5179800","0,5367100",76,2019,50.0,1.0,2.0,9.0,2146987,1.0,1,1,1,3.0,,0.0,0,1966.0,A01,138Â 302Â 541,1.0,0.0,-1.0,1639498,1.0,7,,0.0,1.0,1.0,A01,138Â 302Â 541,1.0
960620,201900002151,12,16,13:25,1,2,6,1.0,3.0,76575,OREE DU ROUVRAY. RUE DE L',M,"49,3920800","1,0870400",76,2019,50.0,1.0,1.0,4.0,2146988,1.0,1,4,2,1.0,,0.0,0,1984.0,A01,138Â 302Â 540,2.0,4.0,-1.0,1639499,3.0,7,,0.0,2.0,0.0,Z01,138Â 302Â 539,1.0
960620,201900002151,12,16,13:25,1,2,6,1.0,3.0,76575,OREE DU ROUVRAY. RUE DE L',M,"49,3920800","1,0870400",76,2019,50.0,1.0,1.0,4.0,2146988,1.0,1,4,2,1.0,,0.0,0,1984.0,A01,138Â 302Â 540,2.0,4.0,-1.0,1639500,3.0,1,,0.0,2.0,0.0,A01,138Â 302Â 540,5.0
960621,201900002152,12,6,08:45,1,2,4,2.0,2.0,76351,GENERAL FERRIE (AVENUE),M,"49,5034575","0,1795542",76,2019,50.0,1.0,2.0,4.0,2146989,1.0,1,1,2,0.0,,0.0,0,1993.0,B01,138Â 302Â 537,1.0,8.0,-1.0,1639501,0.0,7,,0.0,2.0,4.0,B01,138Â 302Â 537,0.0
960621,201900002152,12,6,08:45,1,2,4,2.0,2.0,76351,GENERAL FERRIE (AVENUE),M,"49,5034575","0,1795542",76,2019,50.0,1.0,2.0,4.0,2146989,1.0,1,1,2,0.0,,0.0,0,1993.0,B01,138Â 302Â 537,1.0,8.0,-1.0,1639502,0.0,33,,0.0,2.0,1.0,A01,138Â 302Â 538,1.0
960621,201900002152,12,6,08:45,1,2,4,2.0,2.0,76351,GENERAL FERRIE (AVENUE),M,"49,5034575","0,1795542",76,2019,50.0,1.0,2.0,4.0,2146990,2.0,2,4,2,9.0,,0.0,0,2002.0,A01,138Â 302Â 538,2.0,8.0,-1.0,1639501,0.0,7,,0.0,2.0,4.0,B01,138Â 302Â 537,0.0
960621,201900002152,12,6,08:45,1,2,4,2.0,2.0,76351,GENERAL FERRIE (AVENUE),M,"49,5034575","0,1795542",76,2019,50.0,1.0,2.0,4.0,2146990,2.0,2,4,2,9.0,,0.0,0,2002.0,A01,138Â 302Â 538,2.0,8.0,-1.0,1639502,0.0,33,,0.0,2.0,1.0,A01,138Â 302Â 538,1.0
960621,201900002152,12,6,08:45,1,2,4,2.0,2.0,76351,GENERAL FERRIE (AVENUE),M,"49,5034575","0,1795542",76,2019,50.0,1.0,2.0,4.0,2146991,1.0,1,4,1,5.0,,0.0,0,1978.0,A01,138Â 302Â 538,2.0,8.0,-1.0,1639501,0.0,7,,0.0,2.0,4.0,B01,138Â 302Â 537,0.0
960621,201900002152,12,6,08:45,1,2,4,2.0,2.0,76351,GENERAL FERRIE (AVENUE),M,"49,5034575","0,1795542",76,2019,50.0,1.0,2.0,4.0,2146991,1.0,1,4,1,5.0,,0.0,0,1978.0,A01,138Â 302Â 538,2.0,8.0,-1.0,1639502,0.0,33,,0.0,2.0,1.0,A01,138Â 302Â 538,1.0
960622,201900002153,12,15,12:20,1,2,1,1.0,7.0,76305,ENTREPRISES (ROUTE DES),M,"49,4825000","0,1987700",76,2019,50.0,1.0,1.0,4.0,2146992,1.0,1,3,1,0.0,,0.0,0,1996.0,A01,138Â 302Â 536,1.0,0.0,-1.0,1639503,1.0,7,,2.0,0.0,1.0,A01,138Â 302Â 536,1.0
960623,201900002154,12,3,16:20,1,2,1,1.0,6.0,76447,PRESIDENT WILSON,M,"49,5449526","0,1853192",76,2019,30.0,1.0,1.0,4.0,2146993,10.0,3,4,1,2.0,,3.0,3,1988.0,A01,138Â 302Â 535,0.0,-1.0,-1.0,1639504,0.0,7,,0.0,1.0,1.0,A01,138Â 302Â 535,1.0
960623,201900002154,12,3,16:20,1,2,1,1.0,6.0,76447,PRESIDENT WILSON,M,"49,5449526","0,1853192",76,2019,30.0,1.0,1.0,4.0,2146994,10.0,3,4,1,2.0,,3.0,3,2014.0,A01,138Â 302Â 535,0.0,-1.0,-1.0,1639504,0.0,7,,0.0,1.0,1.0,A01,138Â 302Â 535,1.0
960623,201900002154,12,3,16:20,1,2,1,1.0,6.0,76447,PRESIDENT WILSON,M,"49,5449526","0,1853192",76,2019,30.0,1.0,1.0,4.0,2146995,1.0,1,1,2,0.0,,0.0,0,1960.0,A01,138Â 302Â 535,1.0,0.0,-1.0,1639504,0.0,7,,0.0,1.0,1.0,A01,138Â 302Â 535,1.0
960624,201900002155,12,3,11:05,1,2,3,1.0,6.0,76351,PAUL MARION,M,"49,4847689","0,1334667",76,2019,50.0,1.0,1.0,3.0,2146996,10.0,3,3,1,0.0,,3.0,3,1957.0,A01,138Â 302Â 534,0.0,-1.0,-1.0,1639505,0.0,7,,0.0,1.0,1.0,A01,138Â 302Â 534,1.0
960624,201900002155,12,3,11:05,1,2,3,1.0,6.0,76351,PAUL MARION,M,"49,4847689","0,1334667",76,2019,50.0,1.0,1.0,3.0,2146997,1.0,1,1,1,0.0,,0.0,0,1973.0,A01,138Â 302Â 534,1.0,8.0,-1.0,1639505,0.0,7,,0.0,1.0,1.0,A01,138Â 302Â 534,1.0
960625,201900002156,11,26,16:00,1,2,1,1.0,6.0,76351,AMIRAL MOUCHEZ (BD),M,"49,4860800","0,1396300",76,2019,30.0,1.0,1.0,3.0,2146998,1.0,1,1,1,1.0,,0.0,0,1960.0,A01,138Â 302Â 532,1.0,8.0,-1.0,1639506,2.0,10,,0.0,1.0,3.0,A01,138Â 302Â 532,0.0
960625,201900002156,11,26,16:00,1,2,1,1.0,6.0,76351,AMIRAL MOUCHEZ (BD),M,"49,4860800","0,1396300",76,2019,30.0,1.0,1.0,3.0,2146999,10.0,3,3,2,2.0,,2.0,3,2008.0,A01,138Â 302Â 532,0.0,0.0,-1.0,1639506,2.0,10,,0.0,1.0,3.0,A01,138Â 302Â 532,0.0
960626,201900002157,4,11,06:11,3,1,6,8.0,3.0,38544,CD 41,M,"45,5162400","4,9224800",38,2019,50.0,1.0,1.0,3.0,2147000,1.0,1,1,1,1.0,,-1.0, -1,1979.0,B01,138Â 302Â 530,1.0,0.0,-1.0,1639507,0.0,7,,0.0,2.0,2.0,B01,138Â 302Â 530,1.0
960626,201900002157,4,11,06:11,3,1,6,8.0,3.0,38544,CD 41,M,"45,5162400","4,9224800",38,2019,50.0,1.0,1.0,3.0,2147000,1.0,1,1,1,1.0,,-1.0, -1,1979.0,B01,138Â 302Â 530,1.0,0.0,-1.0,1639508,3.0,7,,0.0,2.0,3.0,A01,138Â 302Â 531,1.0
960626,201900002157,4,11,06:11,3,1,6,8.0,3.0,38544,CD 41,M,"45,5162400","4,9224800",38,2019,50.0,1.0,1.0,3.0,2147001,1.0,1,4,2,1.0,,-1.0, -1,1979.0,A01,138Â 302Â 531,1.0,0.0,-1.0,1639507,0.0,7,,0.0,2.0,2.0,B01,138Â 302Â 530,1.0
960626,201900002157,4,11,06:11,3,1,6,8.0,3.0,38544,CD 41,M,"45,5162400","4,9224800",38,2019,50.0,1.0,1.0,3.0,2147001,1.0,1,4,2,1.0,,-1.0, -1,1979.0,A01,138Â 302Â 531,1.0,0.0,-1.0,1639508,3.0,7,,0.0,2.0,3.0,A01,138Â 302Â 531,1.0
960627,201900002158,12,17,19:00,2,1,1,1.0,1.0,59544,ROLEUR (RUE DU),M,"50,3596100","3,5761000",59,2019,80.0,1.0,1.0,3.0,2147002,1.0,1,3,2,5.0,,-1.0, -1,1984.0,A01,138Â 302Â 528,1.0,0.0,-1.0,1639509,2.0,7,,0.0,2.0,7.0,A01,138Â 302Â 528,1.0
960627,201900002158,12,17,19:00,2,1,1,1.0,1.0,59544,ROLEUR (RUE DU),M,"50,3596100","3,5761000",59,2019,80.0,1.0,1.0,3.0,2147002,1.0,1,3,2,5.0,,-1.0, -1,1984.0,A01,138Â 302Â 528,1.0,0.0,-1.0,1639510,1.0,7,,0.0,2.0,2.0,B01,138Â 302Â 529,1.0
960627,201900002158,12,17,19:00,2,1,1,1.0,1.0,59544,ROLEUR (RUE DU),M,"50,3596100","3,5761000",59,2019,80.0,1.0,1.0,3.0,2147003,2.0,2,2,1,5.0,,-1.0, -1,2010.0,A01,138Â 302Â 528,1.0,0.0,-1.0,1639509,2.0,7,,0.0,2.0,7.0,A01,138Â 302Â 528,1.0
960627,201900002158,12,17,19:00,2,1,1,1.0,1.0,59544,ROLEUR (RUE DU),M,"50,3596100","3,5761000",59,2019,80.0,1.0,1.0,3.0,2147003,2.0,2,2,1,5.0,,-1.0, -1,2010.0,A01,138Â 302Â 528,1.0,0.0,-1.0,1639510,1.0,7,,0.0,2.0,2.0,B01,138Â 302Â 529,1.0
960627,201900002158,12,17,19:00,2,1,1,1.0,1.0,59544,ROLEUR (RUE DU),M,"50,3596100","3,5761000",59,2019,80.0,1.0,1.0,3.0,2147004,1.0,1,3,1,1.0,,-1.0, -1,1990.0,B01,138Â 302Â 529,1.0,0.0,-1.0,1639509,2.0,7,,0.0,2.0,7.0,A01,138Â 302Â 528,1.0