Unnamed: 0_x,num_acc,mois,jour,hrmn,lum,agg,int,atm,col,com,adr,gps,lat,long,dep,annee,vma,situ,surf,catr,Unnamed: 0_y,place,catu,grav,sexe,trajet,secu,locp,actp,an_nais,num_veh_x,id_vehicule_x,secu1,secu2,secu3,Unnamed: 0,senc,catv,occutc,obs,obsm,choc,num_veh_y,id_vehicule_y,motor
960627,201900002158,12,17,19:00,2,1,1,1.0,1.0,59544,ROLEUR (RUE DU),M,"50,3596100","3,5761000",59,2019,80.0,1.0,1.0,3.0,2147004,1.0,1,3,1,1.0,,-1.0, -1,1990.0,B01,138Â 302Â 529,1.0,0.0,-1.0,1639510,1.0,7,,0.0,2.0,2.0,B01,138Â 302Â 529,1.0
960628,201900002159,12,31,13:20,1,2,4,1.0,2.0,83137,CLEMENCEAU (BD GEORGES),M,"43,1227000","5,9391500",83,2019,50.0,1.0,1.0,4.0,2147005,1.0,1,1,1,9.0,,-1.0,0,1972.0,B01,138Â 302Â 526,1.0,0.0,-1.0,1639511,1.0,7,,0.0,2.0,5.0,B01,138Â 302Â 526,0.0
960628,201900002159,12,31,13:20,1,2,4,1.0,2.0,83137,CLEMENCEAU (BD GEORGES),M,"43,1227000","5,9391500",83,2019,50.0,1.0,1.0,4.0,2147005,1.0,1,1,1,9.0,,-1.0,0,1972.0,B01,138Â 302Â 526,1.0,0.0,-1.0,1639512,2.0,34,,0.0,2.0,1.0,A01,138Â 302Â 527,1.0
960628,201900002159,12,31,13:20,1,2,4,1.0,2.0,83137,CLEMENCEAU (BD GEORGES),M,"43,1227000","5,9391500",83,2019,50.0,1.0,1.0,4.0,2147006,1.0,1,3,1,4.0,,-1.0,0,1996.0,A01,138Â 302Â 527,2.0,6.0,-1.0,1639511,1.0,7,,0.0,2.0,5.0,B01,138Â 302Â 526,0.0
960628,201900002159,12,31,13:20,1,2,4,1.0,2.0,83137,CLEMENCEAU (BD GEORGES),M,"43,1227000","5,9391500",83,2019,50.0,1.0,1.0,4.0,2147006,1.0,1,3,1,4.0,,-1.0,0,1996.0,A01,138Â 302Â 527,2.0,6.0,-1.0,1639512,2.0,34,,0.0,2.0,1.0,A01,138Â 302Â 527,1.0
960629,201900002160,12,28,18:00,5,2,1,1.0,1.0,83137,VAL D'ARDENE (ROUTE DU),M,"43,1592140","5,9180300",83,2019,50.0,1.0,1.0,3.0,2147007,2.0,2,4,2,4.0,,-1.0,0,1957.0,B01,138Â 302Â 524,1.0,8.0,-1.0,1639513,2.0,7,,0.0,2.0,2.0,B01,138Â 302Â 524,1.0
960629,201900002160,12,28,18:00,5,2,1,1.0,1.0,83137,VAL D'ARDENE (ROUTE DU),M,"43,1592140","5,9180300",83,2019,50.0,1.0,1.0,3.0,2147007,2.0,2,4,2,4.0,,-1.0,0,1957.0,B01,138Â 302Â 524,1.0,8.0,-1.0,1639514,2.0,7,,0.0,2.0,3.0,A01,138Â 302Â 525,1.0
960629,201900002160,12,28,18:00,5,2,1,1.0,1.0,83137,VAL D'ARDENE (ROUTE DU),M,"43,1592140","5,9180300",83,2019,50.0,1.0,1.0,3.0,2147008,1.0,1,4,1,5.0,,-1.0,0,1956.0,B01,138Â 302Â 524,1.0,8.0,-1.0,1639513,2.0,7,,0.0,2.0,2.0,B01,138Â 302Â 524,1.0
960629,201900002160,12,28,18:00,5,2,1,1.0,1.0,83137,VAL D'ARDENE (ROUTE DU),M,"43,1592140","5,9180300",83,2019,50.0,1.0,1.0,3.0,2147008,1.0,1,4,1,5.0,,-1.0,0,1956.0,B01,138Â 302Â 524,1.0,8.0,-1.0,1639514,2.0,7,,0.0,2.0,3.0,A01,138Â 302Â 525,1.0
960629,201900002160,12,28,18:00,5,2,1,1.0,1.0,83137,VAL D'ARDENE (ROUTE DU),M,"43,1592140","5,9180300",83,2019,50.0,1.0,1.0,3.0,2147009,2.0,2,4,2,5.0,,-1.0,0,1936.0,A01,138Â 302Â 525,1.0,8.0,-1.0,1639513,2.0,7,,0.0,2.0,2.0,B01,138Â 302Â 524,1.0
960629,201900002160,12,28,18:00,5,2,1,1.0,1.0,83137,VAL D'ARDENE (ROUTE DU),M,"43,1592140","5,9180300",83,2019,50.0,1.0,1.0,3.0,2147009,2.0,2,4,2,5.0,,-1.0,0,1936.0,A01,138Â 302Â 525,1.0,8.0,-1.0,1639514,2.0,7,,0.0,2.0,3.0,A01,138Â 302Â 525,1.0
960629,201900002160,12,28,18:00,5,2,1,1.0,1.0,83137,VAL D'ARDENE (ROUTE DU),M,"43,1592140","5,9180300",83,2019,50.0,1.0,1.0,3.0,2147010,1.0,1,4,1,5.0,,0.0,0,1934.0,A01,138Â 302Â 525,1.0,8.0,-1.0,1639513,2.0,7,,0.0,2.0,2.0,B01,138Â 302Â 524,1.0
960629,201900002160,12,28,18:00,5,2,1,1.0,1.0,83137,VAL D'ARDENE (ROUTE DU),M,"43,1592140","5,9180300",83,2019,50.0,1.0,1.0,3.0,2147010,1.0,1,4,1,5.0,,0.0,0,1934.0,A01,138Â 302Â 525,1.0,8.0,-1.0,1639514,2.0,7,,0.0,2.0,3.0,A01,138Â 302Â 525,1.0
960630,201900002161,12,28,10:30,1,2,1,7.0,6.0,83062,BARBUSSE (AVENUE HENRI),M,"43,1295700","6,0171700",83,2019,50.0,1.0,1.0,4.0,2147011,10.0,3,3,2,0.0,,3.0,3,1943.0,A01,138Â 302Â 523,0.0,-1.0,-1.0,1639515,1.0,7,,0.0,1.0,2.0,A01,138Â 302Â 523,1.0
960630,201900002161,12,28,10:30,1,2,1,7.0,6.0,83062,BARBUSSE (AVENUE HENRI),M,"43,1295700","6,0171700",83,2019,50.0,1.0,1.0,4.0,2147012,10.0,3,4,1,0.0,,3.0,3,1966.0,A01,138Â 302Â 523,0.0,-1.0,-1.0,1639515,1.0,7,,0.0,1.0,2.0,A01,138Â 302Â 523,1.0
960630,201900002161,12,28,10:30,1,2,1,7.0,6.0,83062,BARBUSSE (AVENUE HENRI),M,"43,1295700","6,0171700",83,2019,50.0,1.0,1.0,4.0,2147013,10.0,3,4,1,5.0,,3.0,3,1937.0,A01,138Â 302Â 523,0.0,-1.0,-1.0,1639515,1.0,7,,0.0,1.0,2.0,A01,138Â 302Â 523,1.0
960630,201900002161,12,28,10:30,1,2,1,7.0,6.0,83062,BARBUSSE (AVENUE HENRI),M,"43,1295700","6,0171700",83,2019,50.0,1.0,1.0,4.0,2147014,1.0,1,1,2,3.0,,-1.0,0,1941.0,A01,138Â 302Â 523,1.0,0.0,-1.0,1639515,1.0,7,,0.0,1.0,2.0,A01,138Â 302Â 523,1.0
960631,201900002162,12,25,18:18,4,2,1,1.0,2.0,83090,LAGOUBRAN (CHEMIN DE),M,"43,1257700","5,8782200",83,2019,50.0,1.0,1.0,4.0,2147015,1.0,1,1,1,0.0,,-1.0,0,1994.0,B01,138Â 302Â 521,1.0,8.0,-1.0,1639516,1.0,10,,0.0,2.0,5.0,B01,138Â 302Â 521,1.0
960631,201900002162,12,25,18:18,4,2,1,1.0,2.0,83090,LAGOUBRAN (CHEMIN DE),M,"43,1257700","5,8782200",83,2019,50.0,1.0,1.0,4.0,2147015,1.0,1,1,1,0.0,,-1.0,0,1994.0,B01,138Â 302Â 521,1.0,8.0,-1.0,1639517,1.0,33,,0.0,2.0,1.0,A01,138Â 302Â 522,1.0
960631,201900002162,12,25,18:18,4,2,1,1.0,2.0,83090,LAGOUBRAN (CHEMIN DE),M,"43,1257700","5,8782200",83,2019,50.0,1.0,1.0,4.0,2147016,1.0,1,4,1,0.0,,-1.0,0,1993.0,A01,138Â 302Â 522,2.0,6.0,-1.0,1639516,1.0,10,,0.0,2.0,5.0,B01,138Â 302Â 521,1.0
960631,201900002162,12,25,18:18,4,2,1,1.0,2.0,83090,LAGOUBRAN (CHEMIN DE),M,"43,1257700","5,8782200",83,2019,50.0,1.0,1.0,4.0,2147016,1.0,1,4,1,0.0,,-1.0,0,1993.0,A01,138Â 302Â 522,2.0,6.0,-1.0,1639517,1.0,33,,0.0,2.0,1.0,A01,138Â 302Â 522,1.0
960632,201900002163,12,24,15:15,1,2,2,1.0,5.0,83137,CARNOT (AVE LAZARE),M,"43,1278500","5,9248000",83,2019,30.0,1.0,1.0,4.0,2147017,1.0,1,1,1,1.0,,0.0,0,1975.0,A01,138Â 302Â 518,1.0,0.0,-1.0,1639518,1.0,7,,0.0,2.0,1.0,A01,138Â 302Â 518,1.0
960632,201900002163,12,24,15:15,1,2,2,1.0,5.0,83137,CARNOT (AVE LAZARE),M,"43,1278500","5,9248000",83,2019,30.0,1.0,1.0,4.0,2147017,1.0,1,1,1,1.0,,0.0,0,1975.0,A01,138Â 302Â 518,1.0,0.0,-1.0,1639519,2.0,32,,0.0,2.0,1.0,B01,138Â 302Â 519,1.0
960632,201900002163,12,24,15:15,1,2,2,1.0,5.0,83137,CARNOT (AVE LAZARE),M,"43,1278500","5,9248000",83,2019,30.0,1.0,1.0,4.0,2147017,1.0,1,1,1,1.0,,0.0,0,1975.0,A01,138Â 302Â 518,1.0,0.0,-1.0,1639520,1.0,7,,0.0,2.0,0.0,Z01,138Â 302Â 520,1.0
960632,201900002163,12,24,15:15,1,2,2,1.0,5.0,83137,CARNOT (AVE LAZARE),M,"43,1278500","5,9248000",83,2019,30.0,1.0,1.0,4.0,2147018,2.0,2,1,1,0.0,,-1.0,0,1982.0,A01,138Â 302Â 518,1.0,0.0,-1.0,1639518,1.0,7,,0.0,2.0,1.0,A01,138Â 302Â 518,1.0
960632,201900002163,12,24,15:15,1,2,2,1.0,5.0,83137,CARNOT (AVE LAZARE),M,"43,1278500","5,9248000",83,2019,30.0,1.0,1.0,4.0,2147018,2.0,2,1,1,0.0,,-1.0,0,1982.0,A01,138Â 302Â 518,1.0,0.0,-1.0,1639519,2.0,32,,0.0,2.0,1.0,B01,138Â 302Â 519,1.0
960632,201900002163,12,24,15:15,1,2,2,1.0,5.0,83137,CARNOT (AVE LAZARE),M,"43,1278500","5,9248000",83,2019,30.0,1.0,1.0,4.0,2147018,2.0,2,1,1,0.0,,-1.0,0,1982.0,A01,138Â 302Â 518,1.0,0.0,-1.0,1639520,1.0,7,,0.0,2.0,0.0,Z01,138Â 302Â 520,1.0
960632,201900002163,12,24,15:15,1,2,2,1.0,5.0,83137,CARNOT (AVE LAZARE),M,"43,1278500","5,9248000",83,2019,30.0,1.0,1.0,4.0,2147019,4.0,2,1,1,0.0,,-1.0,0,1982.0,A01,138Â 302Â 518,1.0,0.0,-1.0,1639518,1.0,7,,0.0,2.0,1.0,A01,138Â 302Â 518,1.0
960632,201900002163,12,24,15:15,1,2,2,1.0,5.0,83137,CARNOT (AVE LAZARE),M,"43,1278500","5,9248000",83,2019,30.0,1.0,1.0,4.0,2147019,4.0,2,1,1,0.0,,-1.0,0,1982.0,A01,138Â 302Â 518,1.0,0.0,-1.0,1639519,2.0,32,,0.0,2.0,1.0,B01,138Â 302Â 519,1.0
960632,201900002163,12,24,15:15,1,2,2,1.0,5.0,83137,CARNOT (AVE LAZARE),M,"43,1278500","5,9248000",83,2019,30.0,1.0,1.0,4.0,2147019,4.0,2,1,1,0.0,,-1.0,0,1982.0,A01,138Â 302Â 518,1.0,0.0,-1.0,1639520,1.0,7,,0.0,2.0,0.0,Z01,138Â 302Â 520,1.0
960632,201900002163,12,24,15:15,1,2,2,1.0,5.0,83137,CARNOT (AVE LAZARE),M,"43,1278500","5,9248000",83,2019,30.0,1.0,1.0,4.0,2147020,1.0,1,3,1,0.0,,-1.0,0,1988.0,B01,138Â 302Â 519,2.0,6.0,-1.0,1639518,1.0,7,,0.0,2.0,1.0,A01,138Â 302Â 518,1.0
960632,201900002163,12,24,15:15,1,2,2,1.0,5.0,83137,CARNOT (AVE LAZARE),M,"43,1278500","5,9248000",83,2019,30.0,1.0,1.0,4.0,2147020,1.0,1,3,1,0.0,,-1.0,0,1988.0,B01,138Â 302Â 519,2.0,6.0,-1.0,1639519,2.0,32,,0.0,2.0,1.0,B01,138Â 302Â 519,1.0
960632,201900002163,12,24,15:15,1,2,2,1.0,5.0,83137,CARNOT (AVE LAZARE),M,"43,1278500","5,9248000",83,2019,30.0,1.0,1.0,4.0,2147020,1.0,1,3,1,0.0,,-1.0,0,1988.0,B01,138Â 302Â 519,2.0,6.0,-1.0,1639520,1.0,7,,0.0,2.0,0.0,Z01,138Â 302Â 520,1.0
960632,201900002163,12,24,15:15,1,2,2,1.0,5.0,83137,CARNOT (AVE LAZARE),M,"43,1278500","5,9248000",83,2019,30.0,1.0,1.0,4.0,2147021,1.0,1,1,2,5.0,,-1.0,0,1964.0,Z01,138Â 302Â 520,8.0,0.0,-1.0,1639518,1.0,7,,0.0,2.0,1.0,A01,138Â 302Â 518,1.0
960632,201900002163,12,24,15:15,1,2,2,1.0,5.0,83137,CARNOT (AVE LAZARE),M,"43,1278500","5,9248000",83,2019,30.0,1.0,1.0,4.0,2147021,1.0,1,1,2,5.0,,-1.0,0,1964.0,Z01,138Â 302Â 520,8.0,0.0,-1.0,1639519,2.0,32,,0.0,2.0,1.0,B01,138Â 302Â 519,1.0
960632,201900002163,12,24,15:15,1,2,2,1.0,5.0,83137,CARNOT (AVE LAZARE),M,"43,1278500","5,9248000",83,2019,30.0,1.0,1.0,4.0,2147021,1.0,1,1,2,5.0,,-1.0,0,1964.0,Z01,138Â 302Â 520,8.0,0.0,-1.0,1639520,1.0,7,,0.0,2.0,0.0,Z01,138Â 302Â 520,1.0
960633,201900002164,12,24,11:05,1,2,1,1.0,6.0,83144,LAVOISIER (AVE / IMP),M,"43,1381800","5,9980000",83,2019,50.0,1.0,1.0,4.0,2147022,1.0,1,1,2,3.0,,0.0,0,1998.0,A01,138Â 302Â 516,1.0,0.0,-1.0,1639521,3.0,7,,0.0,0.0,0.0,A01,138Â 302Â 516,1.0
960633,201900002164,12,24,11:05,1,2,1,1.0,6.0,83144,LAVOISIER (AVE / IMP),M,"43,1381800","5,9980000",83,2019,50.0,1.0,1.0,4.0,2147022,1.0,1,1,2,3.0,,0.0,0,1998.0,A01,138Â 302Â 516,1.0,0.0,-1.0,1639522,3.0,7,,0.0,2.0,0.0,B01,138Â 302Â 517,1.0
960633,201900002164,12,24,11:05,1,2,1,1.0,6.0,83144,LAVOISIER (AVE / IMP),M,"43,1381800","5,9980000",83,2019,50.0,1.0,1.0,4.0,2147023,1.0,1,4,1,1.0,,-1.0,0,1980.0,B01,138Â 302Â 517,1.0,0.0,-1.0,1639521,3.0,7,,0.0,0.0,0.0,A01,138Â 302Â 516,1.0
960633,201900002164,12,24,11:05,1,2,1,1.0,6.0,83144,LAVOISIER (AVE / IMP),M,"43,1381800","5,9980000",83,2019,50.0,1.0,1.0,4.0,2147023,1.0,1,4,1,1.0,,-1.0,0,1980.0,B01,138Â 302Â 517,1.0,0.0,-1.0,1639522,3.0,7,,0.0,2.0,0.0,B01,138Â 302Â 517,1.0
960634,201900002165,12,23,13:00,1,2,1,1.0,6.0,83137,BLACHE (PLACE NOEL),M,"43,1223000","5,9000000",83,2019,50.0,1.0,1.0,4.0,2147024,10.0,3,4,2,5.0,,4.0,3,1938.0,A01,138Â 302Â 515,0.0,-1.0,-1.0,1639523,1.0,7,,0.0,1.0,3.0,A01,138Â 302Â 515,1.0
960634,201900002165,12,23,13:00,1,2,1,1.0,6.0,83137,BLACHE (PLACE NOEL),M,"43,1223000","5,9000000",83,2019,50.0,1.0,1.0,4.0,2147025,1.0,1,1,1,3.0,,-1.0,0,1994.0,A01,138Â 302Â 515,1.0,0.0,-1.0,1639523,1.0,7,,0.0,1.0,3.0,A01,138Â 302Â 515,1.0
960635,201900002166,9,20,14:45,1,2,1,1.0,2.0,26281,RUE POUCHELON,M,"45,0481770","5,0644050",26,2019,50.0,1.0,1.0,4.0,2147026,1.0,1,4,1,0.0,,0.0,0,1974.0,B01,138Â 302Â 513,1.0,-1.0,-1.0,1639524,3.0,3,,0.0,2.0,4.0,B01,138Â 302Â 513,0.0
960635,201900002166,9,20,14:45,1,2,1,1.0,2.0,26281,RUE POUCHELON,M,"45,0481770","5,0644050",26,2019,50.0,1.0,1.0,4.0,2147026,1.0,1,4,1,0.0,,0.0,0,1974.0,B01,138Â 302Â 513,1.0,-1.0,-1.0,1639525,3.0,10,,0.0,2.0,4.0,A01,138Â 302Â 514,0.0
960635,201900002166,9,20,14:45,1,2,1,1.0,2.0,26281,RUE POUCHELON,M,"45,0481770","5,0644050",26,2019,50.0,1.0,1.0,4.0,2147027,1.0,1,1,1,0.0,,0.0,0,1980.0,A01,138Â 302Â 514,0.0,-1.0,-1.0,1639524,3.0,3,,0.0,2.0,4.0,B01,138Â 302Â 513,0.0
960635,201900002166,9,20,14:45,1,2,1,1.0,2.0,26281,RUE POUCHELON,M,"45,0481770","5,0644050",26,2019,50.0,1.0,1.0,4.0,2147027,1.0,1,1,1,0.0,,0.0,0,1980.0,A01,138Â 302Â 514,0.0,-1.0,-1.0,1639525,3.0,10,,0.0,2.0,4.0,A01,138Â 302Â 514,0.0
960636,201900002167,12,30,13:17,1,2,2,1.0,3.0,98818, RUE DU GENERAL GALLIENI/ANATOLE FRANCE,M," -22,2745300","166,4441000",988,2019,50.0,1.0,1.0,4.0,2147028,2.0,2,1,2,1.0,,0.0,0,2002.0,B01,138Â 302Â 510,1.0,0.0,-1.0,1639526,1.0,7,,0.0,2.0,8.0,B01,138Â 302Â 510,1.0
960636,201900002167,12,30,13:17,1,2,2,1.0,3.0,98818, RUE DU GENERAL GALLIENI/ANATOLE FRANCE,M," -22,2745300","166,4441000",988,2019,50.0,1.0,1.0,4.0,2147028,2.0,2,1,2,1.0,,0.0,0,2002.0,B01,138Â 302Â 510,1.0,0.0,-1.0,1639527,1.0,33,,0.0,2.0,1.0,A01,138Â 302Â 511,1.0
960636,201900002167,12,30,13:17,1,2,2,1.0,3.0,98818, RUE DU GENERAL GALLIENI/ANATOLE FRANCE,M," -22,2745300","166,4441000",988,2019,50.0,1.0,1.0,4.0,2147029,1.0,1,1,2,1.0,,0.0,0,1977.0,B01,138Â 302Â 510,1.0,0.0,-1.0,1639526,1.0,7,,0.0,2.0,8.0,B01,138Â 302Â 510,1.0
960636,201900002167,12,30,13:17,1,2,2,1.0,3.0,98818, RUE DU GENERAL GALLIENI/ANATOLE FRANCE,M," -22,2745300","166,4441000",988,2019,50.0,1.0,1.0,4.0,2147029,1.0,1,1,2,1.0,,0.0,0,1977.0,B01,138Â 302Â 510,1.0,0.0,-1.0,1639527,1.0,33,,0.0,2.0,1.0,A01,138Â 302Â 511,1.0
960636,201900002167,12,30,13:17,1,2,2,1.0,3.0,98818, RUE DU GENERAL GALLIENI/ANATOLE FRANCE,M," -22,2745300","166,4441000",988,2019,50.0,1.0,1.0,4.0,2147030,1.0,1,4,1,1.0,,0.0,0,1960.0,A01,138Â 302Â 511,2.0,0.0,-1.0,1639526,1.0,7,,0.0,2.0,8.0,B01,138Â 302Â 510,1.0
960636,201900002167,12,30,13:17,1,2,2,1.0,3.0,98818, RUE DU GENERAL GALLIENI/ANATOLE FRANCE,M," -22,2745300","166,4441000",988,2019,50.0,1.0,1.0,4.0,2147030,1.0,1,4,1,1.0,,0.0,0,1960.0,A01,138Â 302Â 511,2.0,0.0,-1.0,1639527,1.0,33,,0.0,2.0,1.0,A01,138Â 302Â 511,1.0
960637,201900002168,11,18,17:25,5,2,9,1.0,6.0,39198,EISENHOWER (AVENUE DU GENERAL),M,"47,0995000","5,5066000",39,2019,50.0,1.0,1.0,4.0,2147031,10.0,3,3,2,5.0,,3.0,3,1996.0,A01,138Â 302Â 509,0.0,-1.0,-1.0,1639528,1.0,7,,0.0,1.0,1.0,A01,138Â 302Â 509,1.0
960637,201900002168,11,18,17:25,5,2,9,1.0,6.0,39198,EISENHOWER (AVENUE DU GENERAL),M,"47,0995000","5,5066000",39,2019,50.0,1.0,1.0,4.0,2147032,1.0,1,1,1,9.0,,-1.0, -1,1975.0,A01,138Â 302Â 509,1.0,0.0,-1.0,1639528,1.0,7,,0.0,1.0,1.0,A01,138Â 302Â 509,1.0
960638,201900002169,12,24,10:19,1,2,3,1.0,6.0,63019,NORD (RUE DU),M,"45,7964500","3,1632500",63,2019,50.0,1.0,1.0,4.0,2147033,10.0,3,4,2,3.0,,6.0,9,1929.0,B01,138Â 302Â 508,8.0,8.0,-1.0,1639529,3.0,7,,0.0,1.0,4.0,B01,138Â 302Â 508,1.0
960639,201900002170,12,30,09:00,1,1,1,1.0,6.0,43041,R.N 88,M,"45,0551315","3,9095879",43,2019,90.0,1.0,2.0,2.0,2147034,1.0,1,2,1,5.0,,-1.0,0,1934.0,A01,138Â 302Â 507,8.0,0.0,-1.0,1639530,2.0,7,,5.0,0.0,2.0,A01,138Â 302Â 507,1.0
960640,201900002171,12,21,10:30,1,2,1,1.0,6.0,43157,CHANTEMESSE (BD DR.ANDRE)  (1-9),M,"45,0491917","3,8772351",43,2019,-1.0,1.0,1.0,2.0,2147035,1.0,1,4,1,0.0,,-1.0,0,1962.0,A01,138Â 302Â 506,0.0,-1.0,-1.0,1639531,2.0,7,,0.0,1.0,2.0,A01,138Â 302Â 506,-1.0
960640,201900002171,12,21,10:30,1,2,1,1.0,6.0,43157,CHANTEMESSE (BD DR.ANDRE)  (1-9),M,"45,0491917","3,8772351",43,2019,-1.0,1.0,1.0,2.0,2147036,10.0,3,3,1,-1.0,,2.0,3,1935.0,A01,138Â 302Â 506,0.0,0.0,0.0,1639531,2.0,7,,0.0,1.0,2.0,A01,138Â 302Â 506,-1.0
960641,201900002172,9,11,08:25,1,2,1,8.0,3.0,29019,41 KERVERN AUGUSTE,M,"48,4023988"," -4,4885748",29,2019,50.0,1.0,2.0,4.0,2147037,1.0,1,1,2,0.0,,0.0, -1,1994.0,A01,138Â 302Â 503,1.0,0.0,-1.0,1639532,1.0,7,,0.0,2.0,7.0,A01,138Â 302Â 503,1.0
960641,201900002172,9,11,08:25,1,2,1,8.0,3.0,29019,41 KERVERN AUGUSTE,M,"48,4023988"," -4,4885748",29,2019,50.0,1.0,2.0,4.0,2147037,1.0,1,1,2,0.0,,0.0, -1,1994.0,A01,138Â 302Â 503,1.0,0.0,-1.0,1639533,1.0,1,,0.0,0.0,8.0,B01,138Â 302Â 504,5.0
960641,201900002172,9,11,08:25,1,2,1,8.0,3.0,29019,41 KERVERN AUGUSTE,M,"48,4023988"," -4,4885748",29,2019,50.0,1.0,2.0,4.0,2147038,1.0,1,4,1,0.0,,0.0,0,2000.0,B01,138Â 302Â 504,2.0,0.0,-1.0,1639532,1.0,7,,0.0,2.0,7.0,A01,138Â 302Â 503,1.0
960641,201900002172,9,11,08:25,1,2,1,8.0,3.0,29019,41 KERVERN AUGUSTE,M,"48,4023988"," -4,4885748",29,2019,50.0,1.0,2.0,4.0,2147038,1.0,1,4,1,0.0,,0.0,0,2000.0,B01,138Â 302Â 504,2.0,0.0,-1.0,1639533,1.0,1,,0.0,0.0,8.0,B01,138Â 302Â 504,5.0
960642,201900002173,12,3,08:15,1,2,3,1.0,3.0,69266,8 MAI 1945   (Rue du),M,"45,7707900","4,8963100",69,2019,50.0,1.0,1.0,7.0,2147039,1.0,1,1,2,2.0,,-1.0, -1,1998.0,B01,138Â 302Â 501,1.0,0.0,-1.0,1639534,1.0,7,,0.0,2.0,3.0,B01,138Â 302Â 501,1.0
960642,201900002173,12,3,08:15,1,2,3,1.0,3.0,69266,8 MAI 1945   (Rue du),M,"45,7707900","4,8963100",69,2019,50.0,1.0,1.0,7.0,2147039,1.0,1,1,2,2.0,,-1.0, -1,1998.0,B01,138Â 302Â 501,1.0,0.0,-1.0,1639535,2.0,33,,0.0,2.0,8.0,A01,138Â 302Â 502,1.0
960642,201900002173,12,3,08:15,1,2,3,1.0,3.0,69266,8 MAI 1945   (Rue du),M,"45,7707900","4,8963100",69,2019,50.0,1.0,1.0,7.0,2147040,1.0,1,3,1,1.0,,-1.0, -1,1979.0,A01,138Â 302Â 502,2.0,0.0,-1.0,1639534,1.0,7,,0.0,2.0,3.0,B01,138Â 302Â 501,1.0
960642,201900002173,12,3,08:15,1,2,3,1.0,3.0,69266,8 MAI 1945   (Rue du),M,"45,7707900","4,8963100",69,2019,50.0,1.0,1.0,7.0,2147040,1.0,1,3,1,1.0,,-1.0, -1,1979.0,A01,138Â 302Â 502,2.0,0.0,-1.0,1639535,2.0,33,,0.0,2.0,8.0,A01,138Â 302Â 502,1.0
960643,201900002174,12,30,13:23,1,1,1,1.0,7.0,49353,ANDARD ROUTE,M,"47,4464600"," -0,4556100",49,2019,80.0,1.0,1.0,4.0,2147041,1.0,1,4,1,0.0,,-1.0, -1,1973.0,A01,138Â 302Â 500,1.0,8.0,-1.0,1639536,1.0,7,,0.0,0.0,1.0,A01,138Â 302Â 500,0.0
960644,201900002175,12,29,15:15,1,2,6,1.0,3.0,44109,PLACE PIRMIL,M,"47,1981300"," -1,5414100",44,2019,50.0,1.0,1.0,4.0,2147042,1.0,1,4,1,0.0,,-1.0, -1,1989.0,B01,138Â 302Â 498,2.0,0.0,-1.0,1639537,3.0,33,,0.0,2.0,1.0,B01,138Â 302Â 498,1.0
960644,201900002175,12,29,15:15,1,2,6,1.0,3.0,44109,PLACE PIRMIL,M,"47,1981300"," -1,5414100",44,2019,50.0,1.0,1.0,4.0,2147042,1.0,1,4,1,0.0,,-1.0, -1,1989.0,B01,138Â 302Â 498,2.0,0.0,-1.0,1639538,3.0,7,,0.0,2.0,6.0,A01,138Â 302Â 499,1.0
960644,201900002175,12,29,15:15,1,2,6,1.0,3.0,44109,PLACE PIRMIL,M,"47,1981300"," -1,5414100",44,2019,50.0,1.0,1.0,4.0,2147043,1.0,1,1,1,0.0,,-1.0, -1,1962.0,A01,138Â 302Â 499,1.0,0.0,-1.0,1639537,3.0,33,,0.0,2.0,1.0,B01,138Â 302Â 498,1.0
960644,201900002175,12,29,15:15,1,2,6,1.0,3.0,44109,PLACE PIRMIL,M,"47,1981300"," -1,5414100",44,2019,50.0,1.0,1.0,4.0,2147043,1.0,1,1,1,0.0,,-1.0, -1,1962.0,A01,138Â 302Â 499,1.0,0.0,-1.0,1639538,3.0,7,,0.0,2.0,6.0,A01,138Â 302Â 499,1.0
960645,201900002176,9,5,11:10,1,2,1,1.0,6.0,29019,ROBESPIERRE (DE 33 A 107 ET 26 A 94),M,"48,4093700"," -4,4908400",29,2019,50.0,1.0,1.0,4.0,2147044,10.0,3,4,1,0.0,,1.0,3,1967.0,A01,138Â 302Â 497,0.0,0.0,-1.0,1639539,0.0,7,,0.0,1.0,6.0,A01,138Â 302Â 497,0.0
960645,201900002176,9,5,11:10,1,2,1,1.0,6.0,29019,ROBESPIERRE (DE 33 A 107 ET 26 A 94),M,"48,4093700"," -4,4908400",29,2019,50.0,1.0,1.0,4.0,2147045,1.0,1,1,2,0.0,,0.0,0,2000.0,A01,138Â 302Â 497,1.0,0.0,-1.0,1639539,0.0,7,,0.0,1.0,6.0,A01,138Â 302Â 497,0.0
960646,201900002177,9,19,22:41,5,2,2,1.0,3.0,29019,LOUPPE ALBERT (DE 71 A 95 ET 64 A 84),M,"48,4024400"," -4,4673800",29,2019,50.0,1.0,1.0,4.0,2147046,1.0,1,4,1,4.0,,-1.0, -1,1994.0,A01,138Â 302Â 495,1.0,0.0,-1.0,1639540,3.0,7,,0.0,4.0,1.0,A01,138Â 302Â 495,1.0
960646,201900002177,9,19,22:41,5,2,2,1.0,3.0,29019,LOUPPE ALBERT (DE 71 A 95 ET 64 A 84),M,"48,4024400"," -4,4673800",29,2019,50.0,1.0,1.0,4.0,2147046,1.0,1,4,1,4.0,,-1.0, -1,1994.0,A01,138Â 302Â 495,1.0,0.0,-1.0,1639541,3.0,40,,0.0,2.0,3.0,B01,138Â 302Â 496,3.0