Unnamed: 0_x,num_acc,mois,jour,hrmn,lum,agg,int,atm,col,com,adr,gps,lat,long,dep,annee,vma,situ,surf,catr,Unnamed: 0_y,place,catu,grav,sexe,trajet,secu,locp,actp,an_nais,num_veh_x,id_vehicule_x,secu1,secu2,secu3,Unnamed: 0,senc,catv,occutc,obs,obsm,choc,num_veh_y,id_vehicule_y,motor
960646,201900002177,9,19,22:41,5,2,2,1.0,3.0,29019,LOUPPE ALBERT (DE 71 A 95 ET 64 A 84),M,"48,4024400"," -4,4673800",29,2019,50.0,1.0,1.0,4.0,2147047,1.0,1,1,1,1.0,,-1.0, -1,1974.0,B01,138Â 302Â 496,1.0,0.0,-1.0,1639540,3.0,7,,0.0,4.0,1.0,A01,138Â 302Â 495,1.0
960646,201900002177,9,19,22:41,5,2,2,1.0,3.0,29019,LOUPPE ALBERT (DE 71 A 95 ET 64 A 84),M,"48,4024400"," -4,4673800",29,2019,50.0,1.0,1.0,4.0,2147047,1.0,1,1,1,1.0,,-1.0, -1,1974.0,B01,138Â 302Â 496,1.0,0.0,-1.0,1639541,3.0,40,,0.0,2.0,3.0,B01,138Â 302Â 496,3.0
960647,201900002178,12,12,07:30,3,1,3,2.0,3.0,14366,LIVAROT (CD579 ROUTE DE),M,"49,1300722","0,2251714",14,2019,30.0,1.0,2.0,3.0,2147048,1.0,1,4,2,1.0,,-1.0,0,1997.0,A01,138Â 302Â 493,1.0,8.0,-1.0,1639542,1.0,7,,0.0,2.0,3.0,A01,138Â 302Â 493,1.0
960647,201900002178,12,12,07:30,3,1,3,2.0,3.0,14366,LIVAROT (CD579 ROUTE DE),M,"49,1300722","0,2251714",14,2019,30.0,1.0,2.0,3.0,2147048,1.0,1,4,2,1.0,,-1.0,0,1997.0,A01,138Â 302Â 493,1.0,8.0,-1.0,1639543,1.0,7,,0.0,2.0,1.0,B01,138Â 302Â 494,1.0
960647,201900002178,12,12,07:30,3,1,3,2.0,3.0,14366,LIVAROT (CD579 ROUTE DE),M,"49,1300722","0,2251714",14,2019,30.0,1.0,2.0,3.0,2147049,1.0,1,4,1,1.0,,-1.0,0,1991.0,B01,138Â 302Â 494,1.0,8.0,-1.0,1639542,1.0,7,,0.0,2.0,3.0,A01,138Â 302Â 493,1.0
960647,201900002178,12,12,07:30,3,1,3,2.0,3.0,14366,LIVAROT (CD579 ROUTE DE),M,"49,1300722","0,2251714",14,2019,30.0,1.0,2.0,3.0,2147049,1.0,1,4,1,1.0,,-1.0,0,1991.0,B01,138Â 302Â 494,1.0,8.0,-1.0,1639543,1.0,7,,0.0,2.0,1.0,B01,138Â 302Â 494,1.0
960648,201900002179,12,24,18:00,5,2,1,1.0,6.0,14658,Place President Albert Lebrun,M,"48,8460430"," -1,0193640",14,2019,50.0,1.0,1.0,3.0,2147050,1.0,1,1,1,5.0,,0.0,0,1975.0,B01,138Â 302Â 491,1.0,-1.0,-1.0,1639544,1.0,7,,0.0,1.0,1.0,B01,138Â 302Â 491,1.0
960648,201900002179,12,24,18:00,5,2,1,1.0,6.0,14658,Place President Albert Lebrun,M,"48,8460430"," -1,0193640",14,2019,50.0,1.0,1.0,3.0,2147050,1.0,1,1,1,5.0,,0.0,0,1975.0,B01,138Â 302Â 491,1.0,-1.0,-1.0,1639545,1.0,7,,0.0,1.0,1.0,A01,138Â 302Â 492,1.0
960648,201900002179,12,24,18:00,5,2,1,1.0,6.0,14658,Place President Albert Lebrun,M,"48,8460430"," -1,0193640",14,2019,50.0,1.0,1.0,3.0,2147051,10.0,3,2,2,5.0,,3.0,3,1946.0,A01,138Â 302Â 492,0.0,-1.0,-1.0,1639544,1.0,7,,0.0,1.0,1.0,B01,138Â 302Â 491,1.0
960648,201900002179,12,24,18:00,5,2,1,1.0,6.0,14658,Place President Albert Lebrun,M,"48,8460430"," -1,0193640",14,2019,50.0,1.0,1.0,3.0,2147051,10.0,3,2,2,5.0,,3.0,3,1946.0,A01,138Â 302Â 492,0.0,-1.0,-1.0,1639545,1.0,7,,0.0,1.0,1.0,A01,138Â 302Â 492,1.0
960648,201900002179,12,24,18:00,5,2,1,1.0,6.0,14658,Place President Albert Lebrun,M,"48,8460430"," -1,0193640",14,2019,50.0,1.0,1.0,3.0,2147052,1.0,1,1,1,5.0,,0.0,0,1978.0,A01,138Â 302Â 492,1.0,-1.0,-1.0,1639544,1.0,7,,0.0,1.0,1.0,B01,138Â 302Â 491,1.0
960648,201900002179,12,24,18:00,5,2,1,1.0,6.0,14658,Place President Albert Lebrun,M,"48,8460430"," -1,0193640",14,2019,50.0,1.0,1.0,3.0,2147052,1.0,1,1,1,5.0,,0.0,0,1978.0,A01,138Â 302Â 492,1.0,-1.0,-1.0,1639545,1.0,7,,0.0,1.0,1.0,A01,138Â 302Â 492,1.0
960649,201900002180,11,25,15:30,1,2,1,1.0,6.0,42275,HOPITAL NORD,M,"45,4809000","4,3647400",42,2019,30.0,1.0,1.0,6.0,2147053,10.0,3,3,2,9.0,,2.0,2,1939.0,A01,138Â 302Â 490,0.0,-1.0,-1.0,1639546,3.0,7,,0.0,1.0,4.0,A01,138Â 302Â 490,1.0
960649,201900002180,11,25,15:30,1,2,1,1.0,6.0,42275,HOPITAL NORD,M,"45,4809000","4,3647400",42,2019,30.0,1.0,1.0,6.0,2147054,1.0,1,1,1,9.0,,-1.0, -1,1983.0,A01,138Â 302Â 490,1.0,8.0,-1.0,1639546,3.0,7,,0.0,1.0,4.0,A01,138Â 302Â 490,1.0
960650,201900002181,12,17,05:35,3,1,3,1.0,6.0,26252,PORT AVENUE DU,M,"44,8776900","4,8740970",26,2019,50.0,1.0,1.0,3.0,2147055,1.0,1,3,1,9.0,,-1.0,0,1984.0,A01,138Â 302Â 489,1.0,0.0,-1.0,1639547,1.0,7,,13.0,0.0,1.0,A01,138Â 302Â 489,1.0
960651,201900002182,7,15,00:34,5,2,4,1.0,7.0,14333,MONTS (CHEMIN DES),M,"49,4068060","0,2332790",14,2019,30.0,1.0,1.0,4.0,2147056,1.0,1,4,1,5.0,,-1.0, -1,2001.0,A01,138Â 302Â 488,2.0,6.0,-1.0,1639548,1.0,30,,0.0,0.0,0.0,A01,138Â 302Â 488,1.0
960652,201900002183,5,14,18:30,2,2,1,1.0,3.0,90104,D13  Rue de Brebotte,M,"47,6028550","6,9288500",90,2019,80.0,1.0,1.0,3.0,2147057,1.0,1,1,1,4.0,,0.0,0,1990.0,A01,138Â 302Â 486,1.0,-1.0,-1.0,1639549,1.0,37,1.0,0.0,2.0,7.0,A01,138Â 302Â 486,1.0
960652,201900002183,5,14,18:30,2,2,1,1.0,3.0,90104,D13  Rue de Brebotte,M,"47,6028550","6,9288500",90,2019,80.0,1.0,1.0,3.0,2147057,1.0,1,1,1,4.0,,0.0,0,1990.0,A01,138Â 302Â 486,1.0,-1.0,-1.0,1639550,2.0,33,,0.0,2.0,1.0,B01,138Â 302Â 487,1.0
960652,201900002183,5,14,18:30,2,2,1,1.0,3.0,90104,D13  Rue de Brebotte,M,"47,6028550","6,9288500",90,2019,80.0,1.0,1.0,3.0,2147058,1.0,1,3,1,5.0,,0.0,0,1994.0,B01,138Â 302Â 487,2.0,6.0,-1.0,1639549,1.0,37,1.0,0.0,2.0,7.0,A01,138Â 302Â 486,1.0
960652,201900002183,5,14,18:30,2,2,1,1.0,3.0,90104,D13  Rue de Brebotte,M,"47,6028550","6,9288500",90,2019,80.0,1.0,1.0,3.0,2147058,1.0,1,3,1,5.0,,0.0,0,1994.0,B01,138Â 302Â 487,2.0,6.0,-1.0,1639550,2.0,33,,0.0,2.0,1.0,B01,138Â 302Â 487,1.0
960653,201900002184,4,18,16:35,1,2,1,1.0,6.0,69266,PAUL VERLAINE       (Rue),M,"45,7668600","4,8802000",69,2019,50.0,1.0,1.0,4.0,2147059,10.0,3,4,2,1.0,,2.0,3,1959.0,A01,138Â 302Â 485,8.0,0.0,-1.0,1639551,1.0,7,,0.0,1.0,1.0,A01,138Â 302Â 485,0.0
960653,201900002184,4,18,16:35,1,2,1,1.0,6.0,69266,PAUL VERLAINE       (Rue),M,"45,7668600","4,8802000",69,2019,50.0,1.0,1.0,4.0,2147060,1.0,1,1,2,5.0,,-1.0,0,1998.0,A01,138Â 302Â 485,1.0,0.0,-1.0,1639551,1.0,7,,0.0,1.0,1.0,A01,138Â 302Â 485,0.0
960654,201900002185,12,13,15:11,1,2,1,1.0,6.0,06069,LECLERC (BOULEVARD DU MARECHAL),M,"43,6502790","6,9202440",6,2019,50.0,1.0,1.0,3.0,2147061,10.0,3,4,1,0.0,,1.0,3,2003.0,A01,138Â 302Â 484,0.0,0.0,0.0,1639552,1.0,7,,0.0,1.0,1.0,A01,138Â 302Â 484,1.0
960654,201900002185,12,13,15:11,1,2,1,1.0,6.0,06069,LECLERC (BOULEVARD DU MARECHAL),M,"43,6502790","6,9202440",6,2019,50.0,1.0,1.0,3.0,2147062,1.0,1,1,2,0.0,,0.0,0,1949.0,A01,138Â 302Â 484,1.0,0.0,-1.0,1639552,1.0,7,,0.0,1.0,1.0,A01,138Â 302Â 484,1.0
960655,201900002186,9,30,20:46,5,2,1,1.0,6.0,06088,ANGLAIS (DU NÂ° 45 AU NÂ° 112),M,"43,6696540","7,2223060",6,2019,50.0,1.0,1.0,7.0,2147063,10.0,3,3,2,5.0,,2.0,3,1938.0,A01,138Â 302Â 483,0.0,-1.0,-1.0,1639553,2.0,34,,0.0,1.0,1.0,A01,138Â 302Â 483,1.0
960655,201900002186,9,30,20:46,5,2,1,1.0,6.0,06088,ANGLAIS (DU NÂ° 45 AU NÂ° 112),M,"43,6696540","7,2223060",6,2019,50.0,1.0,1.0,7.0,2147064,1.0,1,4,1,5.0,,-1.0,0,1993.0,A01,138Â 302Â 483,2.0,8.0,-1.0,1639553,2.0,34,,0.0,1.0,1.0,A01,138Â 302Â 483,1.0
960656,201900002187,9,15,10:30,1,2,4,1.0,3.0,06088,CORNIGLION MOLINIER (BD),M,"43,6652260","7,2029889",6,2019,30.0,1.0,1.0,7.0,2147065,1.0,1,1,1,5.0,,0.0,0,1959.0,B01,138Â 302Â 481,1.0,0.0,-1.0,1639554,1.0,7,,0.0,9.0,3.0,B01,138Â 302Â 481,6.0
960656,201900002187,9,15,10:30,1,2,4,1.0,3.0,06088,CORNIGLION MOLINIER (BD),M,"43,6652260","7,2029889",6,2019,30.0,1.0,1.0,7.0,2147065,1.0,1,1,1,5.0,,0.0,0,1959.0,B01,138Â 302Â 481,1.0,0.0,-1.0,1639555,3.0,1,,0.0,2.0,8.0,A01,138Â 302Â 482,5.0
960656,201900002187,9,15,10:30,1,2,4,1.0,3.0,06088,CORNIGLION MOLINIER (BD),M,"43,6652260","7,2029889",6,2019,30.0,1.0,1.0,7.0,2147066,1.0,1,3,1,5.0,,0.0,0,1957.0,A01,138Â 302Â 482,2.0,8.0,-1.0,1639554,1.0,7,,0.0,9.0,3.0,B01,138Â 302Â 481,6.0
960656,201900002187,9,15,10:30,1,2,4,1.0,3.0,06088,CORNIGLION MOLINIER (BD),M,"43,6652260","7,2029889",6,2019,30.0,1.0,1.0,7.0,2147066,1.0,1,3,1,5.0,,0.0,0,1957.0,A01,138Â 302Â 482,2.0,8.0,-1.0,1639555,3.0,1,,0.0,2.0,8.0,A01,138Â 302Â 482,5.0
960657,201900002188,9,5,23:50,5,2,3,1.0,3.0,06083,GREVILLE (RUE HENRI),M,"43,7763000","7,4975700",6,2019,50.0,1.0,1.0,3.0,2147067,2.0,2,1,2,5.0,,0.0,0,1973.0,B01,138Â 302Â 479,1.0,0.0,-1.0,1639556,2.0,7,,0.0,2.0,6.0,B01,138Â 302Â 479,1.0
960657,201900002188,9,5,23:50,5,2,3,1.0,3.0,06083,GREVILLE (RUE HENRI),M,"43,7763000","7,4975700",6,2019,50.0,1.0,1.0,3.0,2147067,2.0,2,1,2,5.0,,0.0,0,1973.0,B01,138Â 302Â 479,1.0,0.0,-1.0,1639557,2.0,33,,0.0,2.0,2.0,A01,138Â 302Â 480,1.0
960657,201900002188,9,5,23:50,5,2,3,1.0,3.0,06083,GREVILLE (RUE HENRI),M,"43,7763000","7,4975700",6,2019,50.0,1.0,1.0,3.0,2147068,1.0,1,1,1,5.0,,0.0,0,1969.0,B01,138Â 302Â 479,1.0,0.0,-1.0,1639556,2.0,7,,0.0,2.0,6.0,B01,138Â 302Â 479,1.0
960657,201900002188,9,5,23:50,5,2,3,1.0,3.0,06083,GREVILLE (RUE HENRI),M,"43,7763000","7,4975700",6,2019,50.0,1.0,1.0,3.0,2147068,1.0,1,1,1,5.0,,0.0,0,1969.0,B01,138Â 302Â 479,1.0,0.0,-1.0,1639557,2.0,33,,0.0,2.0,2.0,A01,138Â 302Â 480,1.0
960657,201900002188,9,5,23:50,5,2,3,1.0,3.0,06083,GREVILLE (RUE HENRI),M,"43,7763000","7,4975700",6,2019,50.0,1.0,1.0,3.0,2147069,1.0,1,3,1,5.0,,0.0,0,1990.0,A01,138Â 302Â 480,2.0,6.0,-1.0,1639556,2.0,7,,0.0,2.0,6.0,B01,138Â 302Â 479,1.0
960657,201900002188,9,5,23:50,5,2,3,1.0,3.0,06083,GREVILLE (RUE HENRI),M,"43,7763000","7,4975700",6,2019,50.0,1.0,1.0,3.0,2147069,1.0,1,3,1,5.0,,0.0,0,1990.0,A01,138Â 302Â 480,2.0,6.0,-1.0,1639557,2.0,33,,0.0,2.0,2.0,A01,138Â 302Â 480,1.0
960658,201900002189,8,16,03:30,5,2,1,1.0,1.0,06088,CIMIEZ (BD) JUSQU'AU 14-15,M,"43,7062930","7,2700480",6,2019,50.0,1.0,1.0,4.0,2147070,1.0,1,4,1,5.0,,0.0,0,1999.0,B01,138Â 302Â 477,2.0,0.0,-1.0,1639558,2.0,33,,0.0,2.0,1.0,B01,138Â 302Â 477,1.0
960658,201900002189,8,16,03:30,5,2,1,1.0,1.0,06088,CIMIEZ (BD) JUSQU'AU 14-15,M,"43,7062930","7,2700480",6,2019,50.0,1.0,1.0,4.0,2147070,1.0,1,4,1,5.0,,0.0,0,1999.0,B01,138Â 302Â 477,2.0,0.0,-1.0,1639559,1.0,7,,0.0,2.0,1.0,A01,138Â 302Â 478,1.0
960658,201900002189,8,16,03:30,5,2,1,1.0,1.0,06088,CIMIEZ (BD) JUSQU'AU 14-15,M,"43,7062930","7,2700480",6,2019,50.0,1.0,1.0,4.0,2147071,1.0,1,1,2,5.0,,0.0,0,1991.0,A01,138Â 302Â 478,1.0,0.0,-1.0,1639558,2.0,33,,0.0,2.0,1.0,B01,138Â 302Â 477,1.0
960658,201900002189,8,16,03:30,5,2,1,1.0,1.0,06088,CIMIEZ (BD) JUSQU'AU 14-15,M,"43,7062930","7,2700480",6,2019,50.0,1.0,1.0,4.0,2147071,1.0,1,1,2,5.0,,0.0,0,1991.0,A01,138Â 302Â 478,1.0,0.0,-1.0,1639559,1.0,7,,0.0,2.0,1.0,A01,138Â 302Â 478,1.0
960659,201900002190,9,29,02:00,5,2,1,1.0,7.0,06004,BIOT (CD.4) RTE DE,M,"43,6149200","7,1193200",6,2019,50.0,1.0,1.0,3.0,2147072,1.0,1,3,1,5.0,,-1.0, -1,1964.0,A01,138Â 302Â 474,2.0,6.0,-1.0,1639560,3.0,30,,0.0,0.0,0.0,A01,138Â 302Â 474,1.0
960660,201900002191,7,6,11:25,1,2,1,1.0,7.0,10245,grande rue,M,"48,2560330","4,2075810",10,2019,50.0,3.0,1.0,3.0,2147073,1.0,1,2,1,5.0,,0.0,0,1957.0,A01,138Â 302Â 473,2.0,-1.0,-1.0,1639561,1.0,1,,0.0,0.0,0.0,A01,138Â 302Â 473,-1.0
960661,201900002192,9,29,18:05,1,2,3,1.0,3.0,38012,396 Route de Saint-Genix,M,"45,5906930","5,6135070",38,2019,50.0,1.0,1.0,3.0,2147074,1.0,1,1,2,5.0,,0.0,0,1984.0,A01,138Â 302Â 471,1.0,-1.0,-1.0,1639562,1.0,7,,0.0,9.0,2.0,A01,138Â 302Â 471,1.0
960661,201900002192,9,29,18:05,1,2,3,1.0,3.0,38012,396 Route de Saint-Genix,M,"45,5906930","5,6135070",38,2019,50.0,1.0,1.0,3.0,2147074,1.0,1,1,2,5.0,,0.0,0,1984.0,A01,138Â 302Â 471,1.0,-1.0,-1.0,1639563,3.0,1,,0.0,2.0,4.0,B01,138Â 302Â 472,5.0
960661,201900002192,9,29,18:05,1,2,3,1.0,3.0,38012,396 Route de Saint-Genix,M,"45,5906930","5,6135070",38,2019,50.0,1.0,1.0,3.0,2147075,1.0,1,4,2,5.0,,0.0,0,1963.0,B01,138Â 302Â 472,2.0,6.0,-1.0,1639562,1.0,7,,0.0,9.0,2.0,A01,138Â 302Â 471,1.0
960661,201900002192,9,29,18:05,1,2,3,1.0,3.0,38012,396 Route de Saint-Genix,M,"45,5906930","5,6135070",38,2019,50.0,1.0,1.0,3.0,2147075,1.0,1,4,2,5.0,,0.0,0,1963.0,B01,138Â 302Â 472,2.0,6.0,-1.0,1639563,3.0,1,,0.0,2.0,4.0,B01,138Â 302Â 472,5.0
960662,201900002193,4,2,16:45,1,2,1,1.0,3.0,69256,GABRIEL PERI                        (AV),M,"45,7737900","4,9144300",69,2019,50.0,1.0,1.0,4.0,2147076,1.0,1,1,1,1.0,,-1.0,0,1987.0,A01,138Â 302Â 469,1.0,0.0,-1.0,1639564,1.0,7,,0.0,2.0,7.0,A01,138Â 302Â 469,1.0
960662,201900002193,4,2,16:45,1,2,1,1.0,3.0,69256,GABRIEL PERI                        (AV),M,"45,7737900","4,9144300",69,2019,50.0,1.0,1.0,4.0,2147076,1.0,1,1,1,1.0,,-1.0,0,1987.0,A01,138Â 302Â 469,1.0,0.0,-1.0,1639565,1.0,37,4.0,1.0,2.0,3.0,B01,138Â 302Â 470,1.0
960662,201900002193,4,2,16:45,1,2,1,1.0,3.0,69256,GABRIEL PERI                        (AV),M,"45,7737900","4,9144300",69,2019,50.0,1.0,1.0,4.0,2147077,1.0,1,1,1,4.0,,-1.0,0,1964.0,B01,138Â 302Â 470,1.0,0.0,-1.0,1639564,1.0,7,,0.0,2.0,7.0,A01,138Â 302Â 469,1.0
960662,201900002193,4,2,16:45,1,2,1,1.0,3.0,69256,GABRIEL PERI                        (AV),M,"45,7737900","4,9144300",69,2019,50.0,1.0,1.0,4.0,2147077,1.0,1,1,1,4.0,,-1.0,0,1964.0,B01,138Â 302Â 470,1.0,0.0,-1.0,1639565,1.0,37,4.0,1.0,2.0,3.0,B01,138Â 302Â 470,1.0
960662,201900002193,4,2,16:45,1,2,1,1.0,3.0,69256,GABRIEL PERI                        (AV),M,"45,7737900","4,9144300",69,2019,50.0,1.0,1.0,4.0,2147078,8.0,2,4,1,2.0,,-1.0,0,1999.0,B01,138Â 302Â 470,8.0,0.0,-1.0,1639564,1.0,7,,0.0,2.0,7.0,A01,138Â 302Â 469,1.0
960662,201900002193,4,2,16:45,1,2,1,1.0,3.0,69256,GABRIEL PERI                        (AV),M,"45,7737900","4,9144300",69,2019,50.0,1.0,1.0,4.0,2147078,8.0,2,4,1,2.0,,-1.0,0,1999.0,B01,138Â 302Â 470,8.0,0.0,-1.0,1639565,1.0,37,4.0,1.0,2.0,3.0,B01,138Â 302Â 470,1.0
960662,201900002193,4,2,16:45,1,2,1,1.0,3.0,69256,GABRIEL PERI                        (AV),M,"45,7737900","4,9144300",69,2019,50.0,1.0,1.0,4.0,2147079,8.0,2,4,1,2.0,,-1.0,0,1997.0,B01,138Â 302Â 470,8.0,0.0,-1.0,1639564,1.0,7,,0.0,2.0,7.0,A01,138Â 302Â 469,1.0
960662,201900002193,4,2,16:45,1,2,1,1.0,3.0,69256,GABRIEL PERI                        (AV),M,"45,7737900","4,9144300",69,2019,50.0,1.0,1.0,4.0,2147079,8.0,2,4,1,2.0,,-1.0,0,1997.0,B01,138Â 302Â 470,8.0,0.0,-1.0,1639565,1.0,37,4.0,1.0,2.0,3.0,B01,138Â 302Â 470,1.0
960662,201900002193,4,2,16:45,1,2,1,1.0,3.0,69256,GABRIEL PERI                        (AV),M,"45,7737900","4,9144300",69,2019,50.0,1.0,1.0,4.0,2147080,8.0,2,4,1,2.0,,-1.0,0,2002.0,B01,138Â 302Â 470,8.0,0.0,-1.0,1639564,1.0,7,,0.0,2.0,7.0,A01,138Â 302Â 469,1.0
960662,201900002193,4,2,16:45,1,2,1,1.0,3.0,69256,GABRIEL PERI                        (AV),M,"45,7737900","4,9144300",69,2019,50.0,1.0,1.0,4.0,2147080,8.0,2,4,1,2.0,,-1.0,0,2002.0,B01,138Â 302Â 470,8.0,0.0,-1.0,1639565,1.0,37,4.0,1.0,2.0,3.0,B01,138Â 302Â 470,1.0
960663,201900002194,3,27,22:55,3,1,1,2.0,7.0,97409,RN2 DIRECTION ST BENT SORTIE PETIT BAZAR,M," -20,9443200","55,6493300",974,2019,90.0,1.0,2.0,2.0,2147081,3.0,2,3,1,0.0,,-1.0, -1,2013.0,A01,138Â 302Â 468,3.0,0.0,-1.0,1639566,1.0,7,,4.0,0.0,3.0,A01,138Â 302Â 468,1.0
960663,201900002194,3,27,22:55,3,1,1,2.0,7.0,97409,RN2 DIRECTION ST BENT SORTIE PETIT BAZAR,M," -20,9443200","55,6493300",974,2019,90.0,1.0,2.0,2.0,2147082,1.0,1,1,2,9.0,,-1.0, -1,1992.0,A01,138Â 302Â 468,1.0,8.0,-1.0,1639566,1.0,7,,4.0,0.0,3.0,A01,138Â 302Â 468,1.0
960664,201900002195,7,15,17:15,1,2,2,1.0,3.0,69266,ALEXIS PERRONCEL     (Rue),M,"45,7761000","4,8842700",69,2019,50.0,1.0,1.0,4.0,2147083,3.0,2,4,1,0.0,,-1.0, -1,2015.0,B01,138Â 302Â 466,1.0,0.0,-1.0,1639567,1.0,7,,0.0,2.0,1.0,B01,138Â 302Â 466,1.0
960664,201900002195,7,15,17:15,1,2,2,1.0,3.0,69266,ALEXIS PERRONCEL     (Rue),M,"45,7761000","4,8842700",69,2019,50.0,1.0,1.0,4.0,2147083,3.0,2,4,1,0.0,,-1.0, -1,2015.0,B01,138Â 302Â 466,1.0,0.0,-1.0,1639568,2.0,7,,0.0,2.0,3.0,A01,138Â 302Â 467,1.0
960664,201900002195,7,15,17:15,1,2,2,1.0,3.0,69266,ALEXIS PERRONCEL     (Rue),M,"45,7761000","4,8842700",69,2019,50.0,1.0,1.0,4.0,2147084,1.0,1,4,2,0.0,,-1.0, -1,1983.0,B01,138Â 302Â 466,1.0,0.0,-1.0,1639567,1.0,7,,0.0,2.0,1.0,B01,138Â 302Â 466,1.0
960664,201900002195,7,15,17:15,1,2,2,1.0,3.0,69266,ALEXIS PERRONCEL     (Rue),M,"45,7761000","4,8842700",69,2019,50.0,1.0,1.0,4.0,2147084,1.0,1,4,2,0.0,,-1.0, -1,1983.0,B01,138Â 302Â 466,1.0,0.0,-1.0,1639568,2.0,7,,0.0,2.0,3.0,A01,138Â 302Â 467,1.0
960664,201900002195,7,15,17:15,1,2,2,1.0,3.0,69266,ALEXIS PERRONCEL     (Rue),M,"45,7761000","4,8842700",69,2019,50.0,1.0,1.0,4.0,2147085,2.0,2,4,1,0.0,,-1.0, -1,1981.0,B01,138Â 302Â 466,1.0,0.0,-1.0,1639567,1.0,7,,0.0,2.0,1.0,B01,138Â 302Â 466,1.0
960664,201900002195,7,15,17:15,1,2,2,1.0,3.0,69266,ALEXIS PERRONCEL     (Rue),M,"45,7761000","4,8842700",69,2019,50.0,1.0,1.0,4.0,2147085,2.0,2,4,1,0.0,,-1.0, -1,1981.0,B01,138Â 302Â 466,1.0,0.0,-1.0,1639568,2.0,7,,0.0,2.0,3.0,A01,138Â 302Â 467,1.0
960664,201900002195,7,15,17:15,1,2,2,1.0,3.0,69266,ALEXIS PERRONCEL     (Rue),M,"45,7761000","4,8842700",69,2019,50.0,1.0,1.0,4.0,2147086,4.0,2,4,2,0.0,,-1.0, -1,2018.0,B01,138Â 302Â 466,1.0,0.0,-1.0,1639567,1.0,7,,0.0,2.0,1.0,B01,138Â 302Â 466,1.0
960664,201900002195,7,15,17:15,1,2,2,1.0,3.0,69266,ALEXIS PERRONCEL     (Rue),M,"45,7761000","4,8842700",69,2019,50.0,1.0,1.0,4.0,2147086,4.0,2,4,2,0.0,,-1.0, -1,2018.0,B01,138Â 302Â 466,1.0,0.0,-1.0,1639568,2.0,7,,0.0,2.0,3.0,A01,138Â 302Â 467,1.0
960664,201900002195,7,15,17:15,1,2,2,1.0,3.0,69266,ALEXIS PERRONCEL     (Rue),M,"45,7761000","4,8842700",69,2019,50.0,1.0,1.0,4.0,2147087,1.0,1,1,1,0.0,,-1.0, -1,1947.0,A01,138Â 302Â 467,1.0,0.0,-1.0,1639567,1.0,7,,0.0,2.0,1.0,B01,138Â 302Â 466,1.0
960664,201900002195,7,15,17:15,1,2,2,1.0,3.0,69266,ALEXIS PERRONCEL     (Rue),M,"45,7761000","4,8842700",69,2019,50.0,1.0,1.0,4.0,2147087,1.0,1,1,1,0.0,,-1.0, -1,1947.0,A01,138Â 302Â 467,1.0,0.0,-1.0,1639568,2.0,7,,0.0,2.0,3.0,A01,138Â 302Â 467,1.0
960665,201900002196,6,24,17:45,1,1,3,2.0,3.0,14726,D512,M,"48,8408890"," -0,8078300",14,2019,80.0,1.0,2.0,3.0,2147088,1.0,1,1,1,1.0,,0.0,0,1970.0,B01,138Â 302Â 464,1.0,-1.0,-1.0,1639569,2.0,7,,0.0,2.0,2.0,B01,138Â 302Â 464,1.0
960665,201900002196,6,24,17:45,1,1,3,2.0,3.0,14726,D512,M,"48,8408890"," -0,8078300",14,2019,80.0,1.0,2.0,3.0,2147088,1.0,1,1,1,1.0,,0.0,0,1970.0,B01,138Â 302Â 464,1.0,-1.0,-1.0,1639570,2.0,7,,0.0,0.0,8.0,A01,138Â 302Â 465,1.0
960665,201900002196,6,24,17:45,1,1,3,2.0,3.0,14726,D512,M,"48,8408890"," -0,8078300",14,2019,80.0,1.0,2.0,3.0,2147089,1.0,1,4,1,5.0,,0.0,0,1979.0,A01,138Â 302Â 465,1.0,-1.0,-1.0,1639569,2.0,7,,0.0,2.0,2.0,B01,138Â 302Â 464,1.0
960665,201900002196,6,24,17:45,1,1,3,2.0,3.0,14726,D512,M,"48,8408890"," -0,8078300",14,2019,80.0,1.0,2.0,3.0,2147089,1.0,1,4,1,5.0,,0.0,0,1979.0,A01,138Â 302Â 465,1.0,-1.0,-1.0,1639570,2.0,7,,0.0,0.0,8.0,A01,138Â 302Â 465,1.0
960666,201900002197,12,3,07:30,2,1,1,1.0,1.0,03073,,M,"46,4743769","3,3160822",3,2019,80.0,1.0,1.0,3.0,2147090,1.0,1,1,1,4.0,,0.0,0,1976.0,A01,138Â 302Â 462,1.0,-1.0,-1.0,1639571,1.0,15,,0.0,2.0,2.0,A01,138Â 302Â 462,1.0
960666,201900002197,12,3,07:30,2,1,1,1.0,1.0,03073,,M,"46,4743769","3,3160822",3,2019,80.0,1.0,1.0,3.0,2147090,1.0,1,1,1,4.0,,0.0,0,1976.0,A01,138Â 302Â 462,1.0,-1.0,-1.0,1639572,2.0,7,,0.0,2.0,1.0,B01,138Â 302Â 463,1.0
960666,201900002197,12,3,07:30,2,1,1,1.0,1.0,03073,,M,"46,4743769","3,3160822",3,2019,80.0,1.0,1.0,3.0,2147091,1.0,1,4,1,1.0,,0.0,0,1978.0,B01,138Â 302Â 463,1.0,-1.0,-1.0,1639571,1.0,15,,0.0,2.0,2.0,A01,138Â 302Â 462,1.0