Unnamed: 0_x,num_acc,mois,jour,hrmn,lum,agg,int,atm,col,com,adr,gps,lat,long,dep,annee,vma,situ,surf,catr,Unnamed: 0_y,place,catu,grav,sexe,trajet,secu,locp,actp,an_nais,num_veh_x,id_vehicule_x,secu1,secu2,secu3,Unnamed: 0,senc,catv,occutc,obs,obsm,choc,num_veh_y,id_vehicule_y,motor
960666,201900002197,12,3,07:30,2,1,1,1.0,1.0,03073,,M,"46,4743769","3,3160822",3,2019,80.0,1.0,1.0,3.0,2147091,1.0,1,4,1,1.0,,0.0,0,1978.0,B01,138Â 302Â 463,1.0,-1.0,-1.0,1639572,2.0,7,,0.0,2.0,1.0,B01,138Â 302Â 463,1.0
960667,201900002198,10,14,16:20,1,1,1,1.0,4.0,97416,RN2 (1),M," -21,3323200","55,4798300",974,2019,50.0,1.0,1.0,2.0,2147092,2.0,2,4,1,9.0,,-1.0, -1,2012.0,C01,138Â 302Â 459,2.0,0.0,-1.0,1639573,1.0,32,,0.0,2.0,7.0,C01,138Â 302Â 459,1.0
960667,201900002198,10,14,16:20,1,1,1,1.0,4.0,97416,RN2 (1),M," -21,3323200","55,4798300",974,2019,50.0,1.0,1.0,2.0,2147092,2.0,2,4,1,9.0,,-1.0, -1,2012.0,C01,138Â 302Â 459,2.0,0.0,-1.0,1639574,1.0,7,,0.0,2.0,4.0,B01,138Â 302Â 460,1.0
960667,201900002198,10,14,16:20,1,1,1,1.0,4.0,97416,RN2 (1),M," -21,3323200","55,4798300",974,2019,50.0,1.0,1.0,2.0,2147092,2.0,2,4,1,9.0,,-1.0, -1,2012.0,C01,138Â 302Â 459,2.0,0.0,-1.0,1639575,1.0,7,,0.0,2.0,2.0,A01,138Â 302Â 461,1.0
960667,201900002198,10,14,16:20,1,1,1,1.0,4.0,97416,RN2 (1),M," -21,3323200","55,4798300",974,2019,50.0,1.0,1.0,2.0,2147093,1.0,1,1,1,9.0,,-1.0, -1,1975.0,C01,138Â 302Â 459,2.0,0.0,-1.0,1639573,1.0,32,,0.0,2.0,7.0,C01,138Â 302Â 459,1.0
960667,201900002198,10,14,16:20,1,1,1,1.0,4.0,97416,RN2 (1),M," -21,3323200","55,4798300",974,2019,50.0,1.0,1.0,2.0,2147093,1.0,1,1,1,9.0,,-1.0, -1,1975.0,C01,138Â 302Â 459,2.0,0.0,-1.0,1639574,1.0,7,,0.0,2.0,4.0,B01,138Â 302Â 460,1.0
960667,201900002198,10,14,16:20,1,1,1,1.0,4.0,97416,RN2 (1),M," -21,3323200","55,4798300",974,2019,50.0,1.0,1.0,2.0,2147093,1.0,1,1,1,9.0,,-1.0, -1,1975.0,C01,138Â 302Â 459,2.0,0.0,-1.0,1639575,1.0,7,,0.0,2.0,2.0,A01,138Â 302Â 461,1.0
960667,201900002198,10,14,16:20,1,1,1,1.0,4.0,97416,RN2 (1),M," -21,3323200","55,4798300",974,2019,50.0,1.0,1.0,2.0,2147094,1.0,1,1,1,9.0,,-1.0, -1,1967.0,B01,138Â 302Â 460,1.0,0.0,-1.0,1639573,1.0,32,,0.0,2.0,7.0,C01,138Â 302Â 459,1.0
960667,201900002198,10,14,16:20,1,1,1,1.0,4.0,97416,RN2 (1),M," -21,3323200","55,4798300",974,2019,50.0,1.0,1.0,2.0,2147094,1.0,1,1,1,9.0,,-1.0, -1,1967.0,B01,138Â 302Â 460,1.0,0.0,-1.0,1639574,1.0,7,,0.0,2.0,4.0,B01,138Â 302Â 460,1.0
960667,201900002198,10,14,16:20,1,1,1,1.0,4.0,97416,RN2 (1),M," -21,3323200","55,4798300",974,2019,50.0,1.0,1.0,2.0,2147094,1.0,1,1,1,9.0,,-1.0, -1,1967.0,B01,138Â 302Â 460,1.0,0.0,-1.0,1639575,1.0,7,,0.0,2.0,2.0,A01,138Â 302Â 461,1.0
960667,201900002198,10,14,16:20,1,1,1,1.0,4.0,97416,RN2 (1),M," -21,3323200","55,4798300",974,2019,50.0,1.0,1.0,2.0,2147095,1.0,1,1,1,9.0,,-1.0, -1,1993.0,A01,138Â 302Â 461,1.0,0.0,-1.0,1639573,1.0,32,,0.0,2.0,7.0,C01,138Â 302Â 459,1.0
960667,201900002198,10,14,16:20,1,1,1,1.0,4.0,97416,RN2 (1),M," -21,3323200","55,4798300",974,2019,50.0,1.0,1.0,2.0,2147095,1.0,1,1,1,9.0,,-1.0, -1,1993.0,A01,138Â 302Â 461,1.0,0.0,-1.0,1639574,1.0,7,,0.0,2.0,4.0,B01,138Â 302Â 460,1.0
960667,201900002198,10,14,16:20,1,1,1,1.0,4.0,97416,RN2 (1),M," -21,3323200","55,4798300",974,2019,50.0,1.0,1.0,2.0,2147095,1.0,1,1,1,9.0,,-1.0, -1,1993.0,A01,138Â 302Â 461,1.0,0.0,-1.0,1639575,1.0,7,,0.0,2.0,2.0,A01,138Â 302Â 461,1.0
960668,201900002199,5,15,22:10,5,1,1,1.0,1.0,69029,DOYEN JEAN LEPINE (DU)              (R ),M,"45,7458800","4,9060500",69,2019,50.0,1.0,1.0,4.0,2147096,2.0,2,4,2,0.0,,0.0,0,2001.0,B01,138Â 302Â 458,1.0,0.0,-1.0,1639576,3.0,10,,0.0,2.0,0.0,Z01,138Â 302Â 457,0.0
960668,201900002199,5,15,22:10,5,1,1,1.0,1.0,69029,DOYEN JEAN LEPINE (DU)              (R ),M,"45,7458800","4,9060500",69,2019,50.0,1.0,1.0,4.0,2147096,2.0,2,4,2,0.0,,0.0,0,2001.0,B01,138Â 302Â 458,1.0,0.0,-1.0,1639577,3.0,7,,12.0,0.0,1.0,B01,138Â 302Â 458,1.0
960668,201900002199,5,15,22:10,5,1,1,1.0,1.0,69029,DOYEN JEAN LEPINE (DU)              (R ),M,"45,7458800","4,9060500",69,2019,50.0,1.0,1.0,4.0,2147097,1.0,1,1,1,0.0,,-1.0, -1,2000.0,B01,138Â 302Â 458,1.0,0.0,-1.0,1639576,3.0,10,,0.0,2.0,0.0,Z01,138Â 302Â 457,0.0
960668,201900002199,5,15,22:10,5,1,1,1.0,1.0,69029,DOYEN JEAN LEPINE (DU)              (R ),M,"45,7458800","4,9060500",69,2019,50.0,1.0,1.0,4.0,2147097,1.0,1,1,1,0.0,,-1.0, -1,2000.0,B01,138Â 302Â 458,1.0,0.0,-1.0,1639577,3.0,7,,12.0,0.0,1.0,B01,138Â 302Â 458,1.0
960669,201900002200,8,5,12:00,1,1,1,1.0,3.0,61215,Bon Amour,M,"48,5187790","0,3707250",61,2019,80.0,1.0,1.0,4.0,2147098,1.0,1,4,1,5.0,,0.0,0,2002.0,B01,138Â 302Â 455,6.0,9.0,-1.0,1639578,3.0,1,,13.0,2.0,8.0,B01,138Â 302Â 455,5.0
960669,201900002200,8,5,12:00,1,1,1,1.0,3.0,61215,Bon Amour,M,"48,5187790","0,3707250",61,2019,80.0,1.0,1.0,4.0,2147098,1.0,1,4,1,5.0,,0.0,0,2002.0,B01,138Â 302Â 455,6.0,9.0,-1.0,1639579,3.0,7,,0.0,2.0,7.0,A01,138Â 302Â 456,0.0
960670,201900002201,9,3,17:12,1,2,3,1.0,6.0,11262,TOURNAL (AVENUE PAUL),M,"43,1837200","3,0142400",11,2019,50.0,1.0,1.0,4.0,2147099,1.0,1,4,1,9.0,,-1.0,0,1968.0,B01,138Â 302Â 453,2.0,6.0,-1.0,1639580,1.0,32,,0.0,0.0,0.0,B01,138Â 302Â 453,1.0
960670,201900002201,9,3,17:12,1,2,3,1.0,6.0,11262,TOURNAL (AVENUE PAUL),M,"43,1837200","3,0142400",11,2019,50.0,1.0,1.0,4.0,2147099,1.0,1,4,1,9.0,,-1.0,0,1968.0,B01,138Â 302Â 453,2.0,6.0,-1.0,1639581,1.0,7,,0.0,2.0,0.0,A01,138Â 302Â 454,1.0
960670,201900002201,9,3,17:12,1,2,3,1.0,6.0,11262,TOURNAL (AVENUE PAUL),M,"43,1837200","3,0142400",11,2019,50.0,1.0,1.0,4.0,2147100,2.0,1,1,1,0.0,,-1.0,0,1995.0,A01,138Â 302Â 454,1.0,0.0,-1.0,1639580,1.0,32,,0.0,0.0,0.0,B01,138Â 302Â 453,1.0
960670,201900002201,9,3,17:12,1,2,3,1.0,6.0,11262,TOURNAL (AVENUE PAUL),M,"43,1837200","3,0142400",11,2019,50.0,1.0,1.0,4.0,2147100,2.0,1,1,1,0.0,,-1.0,0,1995.0,A01,138Â 302Â 454,1.0,0.0,-1.0,1639581,1.0,7,,0.0,2.0,0.0,A01,138Â 302Â 454,1.0
960671,201900002202,7,20,14:30,1,2,1,1.0,6.0,11069,LECLERC AV. DU GENERAL IMPAIRS A PARTIR,M,"43,2096000","2,3669000",11,2019,50.0,1.0,1.0,4.0,2147101,10.0,3,4,2,5.0,,0.0,1,1963.0,A01,138Â 302Â 452,8.0,0.0,-1.0,1639582,1.0,37,1.0,0.0,1.0,2.0,A01,138Â 302Â 452,1.0
960671,201900002202,7,20,14:30,1,2,1,1.0,6.0,11069,LECLERC AV. DU GENERAL IMPAIRS A PARTIR,M,"43,2096000","2,3669000",11,2019,50.0,1.0,1.0,4.0,2147102,1.0,1,1,1,4.0,,-1.0, -1,1964.0,A01,138Â 302Â 452,8.0,0.0,-1.0,1639582,1.0,37,1.0,0.0,1.0,2.0,A01,138Â 302Â 452,1.0
960672,201900002203,6,20,12:00,1,2,2,1.0,3.0,51454,BOULEVARD POMMERY,M,"49,2533066","4,0541039",51,2019,50.0,1.0,1.0,2.0,2147103,7.0,2,4,2,0.0,,0.0,0,1927.0,B01,138Â 302Â 450,1.0,8.0,-1.0,1639583,1.0,10,,0.0,2.0,7.0,B01,138Â 302Â 450,1.0
960672,201900002203,6,20,12:00,1,2,2,1.0,3.0,51454,BOULEVARD POMMERY,M,"49,2533066","4,0541039",51,2019,50.0,1.0,1.0,2.0,2147103,7.0,2,4,2,0.0,,0.0,0,1927.0,B01,138Â 302Â 450,1.0,8.0,-1.0,1639584,1.0,7,,0.0,2.0,1.0,A01,138Â 302Â 451,1.0
960672,201900002203,6,20,12:00,1,2,2,1.0,3.0,51454,BOULEVARD POMMERY,M,"49,2533066","4,0541039",51,2019,50.0,1.0,1.0,2.0,2147104,2.0,2,4,1,4.0,,0.0,0,1991.0,B01,138Â 302Â 450,1.0,8.0,-1.0,1639583,1.0,10,,0.0,2.0,7.0,B01,138Â 302Â 450,1.0
960672,201900002203,6,20,12:00,1,2,2,1.0,3.0,51454,BOULEVARD POMMERY,M,"49,2533066","4,0541039",51,2019,50.0,1.0,1.0,2.0,2147104,2.0,2,4,1,4.0,,0.0,0,1991.0,B01,138Â 302Â 450,1.0,8.0,-1.0,1639584,1.0,7,,0.0,2.0,1.0,A01,138Â 302Â 451,1.0
960672,201900002203,6,20,12:00,1,2,2,1.0,3.0,51454,BOULEVARD POMMERY,M,"49,2533066","4,0541039",51,2019,50.0,1.0,1.0,2.0,2147105,1.0,1,1,1,4.0,,0.0,0,1983.0,B01,138Â 302Â 450,1.0,0.0,-1.0,1639583,1.0,10,,0.0,2.0,7.0,B01,138Â 302Â 450,1.0
960672,201900002203,6,20,12:00,1,2,2,1.0,3.0,51454,BOULEVARD POMMERY,M,"49,2533066","4,0541039",51,2019,50.0,1.0,1.0,2.0,2147105,1.0,1,1,1,4.0,,0.0,0,1983.0,B01,138Â 302Â 450,1.0,0.0,-1.0,1639584,1.0,7,,0.0,2.0,1.0,A01,138Â 302Â 451,1.0
960672,201900002203,6,20,12:00,1,2,2,1.0,3.0,51454,BOULEVARD POMMERY,M,"49,2533066","4,0541039",51,2019,50.0,1.0,1.0,2.0,2147106,1.0,1,1,2,1.0,,0.0,0,1990.0,A01,138Â 302Â 451,1.0,8.0,-1.0,1639583,1.0,10,,0.0,2.0,7.0,B01,138Â 302Â 450,1.0
960672,201900002203,6,20,12:00,1,2,2,1.0,3.0,51454,BOULEVARD POMMERY,M,"49,2533066","4,0541039",51,2019,50.0,1.0,1.0,2.0,2147106,1.0,1,1,2,1.0,,0.0,0,1990.0,A01,138Â 302Â 451,1.0,8.0,-1.0,1639584,1.0,7,,0.0,2.0,1.0,A01,138Â 302Â 451,1.0
960673,201900002204,12,30,16:35,1,2,7,1.0,6.0,75107,PLACE JACQUES RUEFF,M,"48,8564510","2,2982350",75,2019,30.0,1.0,1.0,4.0,2147107,10.0,3,4,2,0.0,,2.0,9,1991.0,A01,138Â 302Â 449,0.0,-1.0,-1.0,1639585,2.0,7,,0.0,1.0,8.0,A01,138Â 302Â 449,1.0
960674,201900002205,1,23,09:05,1,1,1,4.0,6.0,73213,Route d'Apremont,M,"45,5536150","5,9542250",73,2019,-1.0,6.0,5.0,9.0,2147108,10.0,3,2,1,5.0,,9.0,3,1967.0,A01,138Â 302Â 448,9.0,-1.0,-1.0,1639586,3.0,39,,0.0,1.0,2.0,A01,138Â 302Â 448,3.0
960675,201900002206,4,10,09:30,1,1,3,2.0,3.0,14726,LES GRIPPES (Burcy),M,"48,8806430"," -0,8043210",14,2019,80.0,1.0,2.0,3.0,2147109,1.0,1,1,1,4.0,,0.0,0,1962.0,A01,138Â 302Â 446,1.0,-1.0,-1.0,1639587,1.0,7,,0.0,2.0,6.0,A01,138Â 302Â 446,1.0
960675,201900002206,4,10,09:30,1,1,3,2.0,3.0,14726,LES GRIPPES (Burcy),M,"48,8806430"," -0,8043210",14,2019,80.0,1.0,2.0,3.0,2147109,1.0,1,1,1,4.0,,0.0,0,1962.0,A01,138Â 302Â 446,1.0,-1.0,-1.0,1639588,1.0,7,,0.0,2.0,8.0,B01,138Â 302Â 447,1.0
960675,201900002206,4,10,09:30,1,1,3,2.0,3.0,14726,LES GRIPPES (Burcy),M,"48,8806430"," -0,8043210",14,2019,80.0,1.0,2.0,3.0,2147110,1.0,1,3,2,1.0,,0.0,0,1987.0,B01,138Â 302Â 447,1.0,-1.0,-1.0,1639587,1.0,7,,0.0,2.0,6.0,A01,138Â 302Â 446,1.0
960675,201900002206,4,10,09:30,1,1,3,2.0,3.0,14726,LES GRIPPES (Burcy),M,"48,8806430"," -0,8043210",14,2019,80.0,1.0,2.0,3.0,2147110,1.0,1,3,2,1.0,,0.0,0,1987.0,B01,138Â 302Â 447,1.0,-1.0,-1.0,1639588,1.0,7,,0.0,2.0,8.0,B01,138Â 302Â 447,1.0
960675,201900002206,4,10,09:30,1,1,3,2.0,3.0,14726,LES GRIPPES (Burcy),M,"48,8806430"," -0,8043210",14,2019,80.0,1.0,2.0,3.0,2147111,2.0,2,1,1,0.0,,0.0,0,1999.0,B01,138Â 302Â 447,1.0,-1.0,-1.0,1639587,1.0,7,,0.0,2.0,6.0,A01,138Â 302Â 446,1.0
960675,201900002206,4,10,09:30,1,1,3,2.0,3.0,14726,LES GRIPPES (Burcy),M,"48,8806430"," -0,8043210",14,2019,80.0,1.0,2.0,3.0,2147111,2.0,2,1,1,0.0,,0.0,0,1999.0,B01,138Â 302Â 447,1.0,-1.0,-1.0,1639588,1.0,7,,0.0,2.0,8.0,B01,138Â 302Â 447,1.0
960676,201900002207,10,9,09:00,1,1,1,2.0,7.0,29151,RN12,M,"48,5878286"," -3,8083978",29,2019,110.0,1.0,1.0,2.0,2147112,1.0,1,4,1,1.0,,-1.0,0,1970.0,A01,138Â 302Â 445,1.0,0.0,-1.0,1639589,2.0,10,,3.0,0.0,1.0,A01,138Â 302Â 445,1.0
960677,201900002208,9,7,01:30,3,1,1,1.0,6.0,69228,D342,M,"45,5770800","4,6514970",69,2019,90.0,3.0,1.0,3.0,2147113,1.0,1,3,1,5.0,,0.0,0,1968.0,A01,138Â 302Â 444,2.0,6.0,-1.0,1639590,2.0,31,,13.0,0.0,1.0,A01,138Â 302Â 444,1.0
960678,201900002209,5,6,15:00,1,1,4,1.0,4.0,13059,D556,M,"43,6310880","5,4880130",13,2019,70.0,1.0,1.0,3.0,2147114,8.0,2,4,1,5.0,,0.0,0,2017.0,C01,138Â 302Â 440,3.0,-1.0,-1.0,1639591,1.0,7,,0.0,2.0,3.0,C01,138Â 302Â 440,1.0
960678,201900002209,5,6,15:00,1,1,4,1.0,4.0,13059,D556,M,"43,6310880","5,4880130",13,2019,70.0,1.0,1.0,3.0,2147114,8.0,2,4,1,5.0,,0.0,0,2017.0,C01,138Â 302Â 440,3.0,-1.0,-1.0,1639592,1.0,10,,0.0,2.0,3.0,B01,138Â 302Â 441,1.0
960678,201900002209,5,6,15:00,1,1,4,1.0,4.0,13059,D556,M,"43,6310880","5,4880130",13,2019,70.0,1.0,1.0,3.0,2147114,8.0,2,4,1,5.0,,0.0,0,2017.0,C01,138Â 302Â 440,3.0,-1.0,-1.0,1639593,2.0,7,,13.0,2.0,3.0,A01,138Â 302Â 442,1.0
960678,201900002209,5,6,15:00,1,1,4,1.0,4.0,13059,D556,M,"43,6310880","5,4880130",13,2019,70.0,1.0,1.0,3.0,2147115,2.0,2,4,1,5.0,,0.0,0,1993.0,C01,138Â 302Â 440,1.0,-1.0,-1.0,1639591,1.0,7,,0.0,2.0,3.0,C01,138Â 302Â 440,1.0
960678,201900002209,5,6,15:00,1,1,4,1.0,4.0,13059,D556,M,"43,6310880","5,4880130",13,2019,70.0,1.0,1.0,3.0,2147115,2.0,2,4,1,5.0,,0.0,0,1993.0,C01,138Â 302Â 440,1.0,-1.0,-1.0,1639592,1.0,10,,0.0,2.0,3.0,B01,138Â 302Â 441,1.0
960678,201900002209,5,6,15:00,1,1,4,1.0,4.0,13059,D556,M,"43,6310880","5,4880130",13,2019,70.0,1.0,1.0,3.0,2147115,2.0,2,4,1,5.0,,0.0,0,1993.0,C01,138Â 302Â 440,1.0,-1.0,-1.0,1639593,2.0,7,,13.0,2.0,3.0,A01,138Â 302Â 442,1.0
960678,201900002209,5,6,15:00,1,1,4,1.0,4.0,13059,D556,M,"43,6310880","5,4880130",13,2019,70.0,1.0,1.0,3.0,2147116,1.0,1,4,2,5.0,,0.0,0,1998.0,C01,138Â 302Â 440,1.0,-1.0,-1.0,1639591,1.0,7,,0.0,2.0,3.0,C01,138Â 302Â 440,1.0
960678,201900002209,5,6,15:00,1,1,4,1.0,4.0,13059,D556,M,"43,6310880","5,4880130",13,2019,70.0,1.0,1.0,3.0,2147116,1.0,1,4,2,5.0,,0.0,0,1998.0,C01,138Â 302Â 440,1.0,-1.0,-1.0,1639592,1.0,10,,0.0,2.0,3.0,B01,138Â 302Â 441,1.0
960678,201900002209,5,6,15:00,1,1,4,1.0,4.0,13059,D556,M,"43,6310880","5,4880130",13,2019,70.0,1.0,1.0,3.0,2147116,1.0,1,4,2,5.0,,0.0,0,1998.0,C01,138Â 302Â 440,1.0,-1.0,-1.0,1639593,2.0,7,,13.0,2.0,3.0,A01,138Â 302Â 442,1.0
960678,201900002209,5,6,15:00,1,1,4,1.0,4.0,13059,D556,M,"43,6310880","5,4880130",13,2019,70.0,1.0,1.0,3.0,2147117,1.0,1,1,1,0.0,,0.0,0,1978.0,B01,138Â 302Â 441,1.0,-1.0,-1.0,1639591,1.0,7,,0.0,2.0,3.0,C01,138Â 302Â 440,1.0
960678,201900002209,5,6,15:00,1,1,4,1.0,4.0,13059,D556,M,"43,6310880","5,4880130",13,2019,70.0,1.0,1.0,3.0,2147117,1.0,1,1,1,0.0,,0.0,0,1978.0,B01,138Â 302Â 441,1.0,-1.0,-1.0,1639592,1.0,10,,0.0,2.0,3.0,B01,138Â 302Â 441,1.0
960678,201900002209,5,6,15:00,1,1,4,1.0,4.0,13059,D556,M,"43,6310880","5,4880130",13,2019,70.0,1.0,1.0,3.0,2147117,1.0,1,1,1,0.0,,0.0,0,1978.0,B01,138Â 302Â 441,1.0,-1.0,-1.0,1639593,2.0,7,,13.0,2.0,3.0,A01,138Â 302Â 442,1.0
960678,201900002209,5,6,15:00,1,1,4,1.0,4.0,13059,D556,M,"43,6310880","5,4880130",13,2019,70.0,1.0,1.0,3.0,2147118,1.0,1,4,2,9.0,,0.0,0,1959.0,A01,138Â 302Â 442,1.0,-1.0,-1.0,1639591,1.0,7,,0.0,2.0,3.0,C01,138Â 302Â 440,1.0
960678,201900002209,5,6,15:00,1,1,4,1.0,4.0,13059,D556,M,"43,6310880","5,4880130",13,2019,70.0,1.0,1.0,3.0,2147118,1.0,1,4,2,9.0,,0.0,0,1959.0,A01,138Â 302Â 442,1.0,-1.0,-1.0,1639592,1.0,10,,0.0,2.0,3.0,B01,138Â 302Â 441,1.0
960678,201900002209,5,6,15:00,1,1,4,1.0,4.0,13059,D556,M,"43,6310880","5,4880130",13,2019,70.0,1.0,1.0,3.0,2147118,1.0,1,4,2,9.0,,0.0,0,1959.0,A01,138Â 302Â 442,1.0,-1.0,-1.0,1639593,2.0,7,,13.0,2.0,3.0,A01,138Â 302Â 442,1.0
960679,201900002210,12,22,21:10,5,2,1,8.0,6.0,69383,FERNAND BUISSON (R),M,"45,7527500","4,8978400",69,2019,-1.0,1.0,-1.0,4.0,2147119,1.0,1,2,1,-1.0,,-1.0, -1,1961.0,A01,138Â 302Â 439,-1.0,-1.0,-1.0,1639594,0.0,2,,14.0,0.0,1.0,A01,138Â 302Â 439,1.0
960680,201900002211,12,10,08:00,2,1,1,1.0,5.0,69152,A7  005.756  A  007.000,M,"45,6980200","4,8367600",69,2019,90.0,1.0,1.0,1.0,2147120,1.0,1,1,1,0.0,,-1.0, -1,2000.0,Z01,138Â 302Â 434,8.0,0.0,-1.0,1639595,2.0,15,,0.0,2.0,2.0,Z01,138Â 302Â 434,0.0
960680,201900002211,12,10,08:00,2,1,1,1.0,5.0,69152,A7  005.756  A  007.000,M,"45,6980200","4,8367600",69,2019,90.0,1.0,1.0,1.0,2147120,1.0,1,1,1,0.0,,-1.0, -1,2000.0,Z01,138Â 302Â 434,8.0,0.0,-1.0,1639596,2.0,15,,0.0,2.0,1.0,C01,138Â 302Â 435,1.0
960680,201900002211,12,10,08:00,2,1,1,1.0,5.0,69152,A7  005.756  A  007.000,M,"45,6980200","4,8367600",69,2019,90.0,1.0,1.0,1.0,2147120,1.0,1,1,1,0.0,,-1.0, -1,2000.0,Z01,138Â 302Â 434,8.0,0.0,-1.0,1639597,2.0,7,,4.0,2.0,3.0,B01,138Â 302Â 436,1.0
960680,201900002211,12,10,08:00,2,1,1,1.0,5.0,69152,A7  005.756  A  007.000,M,"45,6980200","4,8367600",69,2019,90.0,1.0,1.0,1.0,2147121,1.0,1,1,1,4.0,,-1.0, -1,1984.0,C01,138Â 302Â 435,1.0,0.0,-1.0,1639595,2.0,15,,0.0,2.0,2.0,Z01,138Â 302Â 434,0.0
960680,201900002211,12,10,08:00,2,1,1,1.0,5.0,69152,A7  005.756  A  007.000,M,"45,6980200","4,8367600",69,2019,90.0,1.0,1.0,1.0,2147121,1.0,1,1,1,4.0,,-1.0, -1,1984.0,C01,138Â 302Â 435,1.0,0.0,-1.0,1639596,2.0,15,,0.0,2.0,1.0,C01,138Â 302Â 435,1.0
960680,201900002211,12,10,08:00,2,1,1,1.0,5.0,69152,A7  005.756  A  007.000,M,"45,6980200","4,8367600",69,2019,90.0,1.0,1.0,1.0,2147121,1.0,1,1,1,4.0,,-1.0, -1,1984.0,C01,138Â 302Â 435,1.0,0.0,-1.0,1639597,2.0,7,,4.0,2.0,3.0,B01,138Â 302Â 436,1.0
960680,201900002211,12,10,08:00,2,1,1,1.0,5.0,69152,A7  005.756  A  007.000,M,"45,6980200","4,8367600",69,2019,90.0,1.0,1.0,1.0,2147122,1.0,1,4,1,5.0,,-1.0,0,1977.0,B01,138Â 302Â 436,1.0,0.0,-1.0,1639595,2.0,15,,0.0,2.0,2.0,Z01,138Â 302Â 434,0.0
960680,201900002211,12,10,08:00,2,1,1,1.0,5.0,69152,A7  005.756  A  007.000,M,"45,6980200","4,8367600",69,2019,90.0,1.0,1.0,1.0,2147122,1.0,1,4,1,5.0,,-1.0,0,1977.0,B01,138Â 302Â 436,1.0,0.0,-1.0,1639596,2.0,15,,0.0,2.0,1.0,C01,138Â 302Â 435,1.0
960680,201900002211,12,10,08:00,2,1,1,1.0,5.0,69152,A7  005.756  A  007.000,M,"45,6980200","4,8367600",69,2019,90.0,1.0,1.0,1.0,2147122,1.0,1,4,1,5.0,,-1.0,0,1977.0,B01,138Â 302Â 436,1.0,0.0,-1.0,1639597,2.0,7,,4.0,2.0,3.0,B01,138Â 302Â 436,1.0
960681,201900002212,10,15,08:35,1,1,1,1.0,3.0,59566,AUTOROUTE A25,M,"50,6210106","2,9718430",59,2019,110.0,1.0,2.0,1.0,2147123,1.0,1,4,1,0.0,,-1.0, -1,1951.0,A01,138Â 302Â 432,2.0,6.0,-1.0,1639598,2.0,31,,0.0,2.0,8.0,A01,138Â 302Â 432,1.0
960681,201900002212,10,15,08:35,1,1,1,1.0,3.0,59566,AUTOROUTE A25,M,"50,6210106","2,9718430",59,2019,110.0,1.0,2.0,1.0,2147123,1.0,1,4,1,0.0,,-1.0, -1,1951.0,A01,138Â 302Â 432,2.0,6.0,-1.0,1639599,2.0,15,,0.0,2.0,7.0,B01,138Â 302Â 433,1.0
960681,201900002212,10,15,08:35,1,1,1,1.0,3.0,59566,AUTOROUTE A25,M,"50,6210106","2,9718430",59,2019,110.0,1.0,2.0,1.0,2147124,1.0,1,1,1,4.0,,-1.0, -1,1996.0,B01,138Â 302Â 433,1.0,0.0,-1.0,1639598,2.0,31,,0.0,2.0,8.0,A01,138Â 302Â 432,1.0
960681,201900002212,10,15,08:35,1,1,1,1.0,3.0,59566,AUTOROUTE A25,M,"50,6210106","2,9718430",59,2019,110.0,1.0,2.0,1.0,2147124,1.0,1,1,1,4.0,,-1.0, -1,1996.0,B01,138Â 302Â 433,1.0,0.0,-1.0,1639599,2.0,15,,0.0,2.0,7.0,B01,138Â 302Â 433,1.0
960682,201900002213,1,17,18:30,5,2,3,1.0,3.0,41018,FRANCE (AVENUE DE)  1,M,"47,5934278","1,3138490",41,2019,-1.0,1.0,1.0,4.0,2147125,1.0,2,4,2,0.0,,0.0,0,1956.0,D01,138Â 302Â 430,1.0,-1.0,-1.0,1639600,1.0,7,,0.0,2.0,8.0,D01,138Â 302Â 430,-1.0
960682,201900002213,1,17,18:30,5,2,3,1.0,3.0,41018,FRANCE (AVENUE DE)  1,M,"47,5934278","1,3138490",41,2019,-1.0,1.0,1.0,4.0,2147125,1.0,2,4,2,0.0,,0.0,0,1956.0,D01,138Â 302Â 430,1.0,-1.0,-1.0,1639601,1.0,7,,0.0,2.0,7.0,C01,138Â 302Â 431,-1.0
960682,201900002213,1,17,18:30,5,2,3,1.0,3.0,41018,FRANCE (AVENUE DE)  1,M,"47,5934278","1,3138490",41,2019,-1.0,1.0,1.0,4.0,2147126,1.0,1,4,2,0.0,,0.0,0,1984.0,D01,138Â 302Â 430,1.0,-1.0,-1.0,1639600,1.0,7,,0.0,2.0,8.0,D01,138Â 302Â 430,-1.0
960682,201900002213,1,17,18:30,5,2,3,1.0,3.0,41018,FRANCE (AVENUE DE)  1,M,"47,5934278","1,3138490",41,2019,-1.0,1.0,1.0,4.0,2147126,1.0,1,4,2,0.0,,0.0,0,1984.0,D01,138Â 302Â 430,1.0,-1.0,-1.0,1639601,1.0,7,,0.0,2.0,7.0,C01,138Â 302Â 431,-1.0
960682,201900002213,1,17,18:30,5,2,3,1.0,3.0,41018,FRANCE (AVENUE DE)  1,M,"47,5934278","1,3138490",41,2019,-1.0,1.0,1.0,4.0,2147127,3.0,2,1,2,-1.0,,0.0,0,1980.0,D01,138Â 302Â 430,1.0,-1.0,-1.0,1639600,1.0,7,,0.0,2.0,8.0,D01,138Â 302Â 430,-1.0