Unnamed: 0_x,num_acc,mois,jour,hrmn,lum,agg,int,atm,col,com,adr,gps,lat,long,dep,annee,vma,situ,surf,catr,Unnamed: 0_y,place,catu,grav,sexe,trajet,secu,locp,actp,an_nais,num_veh_x,id_vehicule_x,secu1,secu2,secu3,Unnamed: 0,senc,catv,occutc,obs,obsm,choc,num_veh_y,id_vehicule_y,motor
960682,201900002213,1,17,18:30,5,2,3,1.0,3.0,41018,FRANCE (AVENUE DE)  1,M,"47,5934278","1,3138490",41,2019,-1.0,1.0,1.0,4.0,2147127,3.0,2,1,2,-1.0,,0.0,0,1980.0,D01,138Â 302Â 430,1.0,-1.0,-1.0,1639601,1.0,7,,0.0,2.0,7.0,C01,138Â 302Â 431,-1.0
960682,201900002213,1,17,18:30,5,2,3,1.0,3.0,41018,FRANCE (AVENUE DE)  1,M,"47,5934278","1,3138490",41,2019,-1.0,1.0,1.0,4.0,2147128,1.0,1,1,1,0.0,,0.0,0,1981.0,C01,138Â 302Â 431,0.0,-1.0,-1.0,1639600,1.0,7,,0.0,2.0,8.0,D01,138Â 302Â 430,-1.0
960682,201900002213,1,17,18:30,5,2,3,1.0,3.0,41018,FRANCE (AVENUE DE)  1,M,"47,5934278","1,3138490",41,2019,-1.0,1.0,1.0,4.0,2147128,1.0,1,1,1,0.0,,0.0,0,1981.0,C01,138Â 302Â 431,0.0,-1.0,-1.0,1639601,1.0,7,,0.0,2.0,7.0,C01,138Â 302Â 431,-1.0
960683,201900002214,7,30,01:00,3,1,1,1.0,6.0,11069,RD 118,M,"43,2279630","2,3731940",11,2019,80.0,1.0,1.0,3.0,2147129,1.0,1,3,1,1.0,,0.0, -1,1979.0,A01,138Â 302Â 429,2.0,6.0,-1.0,1639602,0.0,30,,2.0,0.0,2.0,A01,138Â 302Â 429,1.0
960684,201900002215,10,27,19:10,5,1,3,1.0,6.0,33080,RD1113 Avenue de Toulouse,M,"44,7418000"," -0,5407200",33,2019,-1.0,1.0,1.0,3.0,2147130,10.0,3,3,2,9.0,,1.0,A,1935.0,A01,138Â 302Â 428,-1.0,-1.0,-1.0,1639603,2.0,7,,0.0,1.0,2.0,A01,138Â 302Â 428,-1.0
960684,201900002215,10,27,19:10,5,1,3,1.0,6.0,33080,RD1113 Avenue de Toulouse,M,"44,7418000"," -0,5407200",33,2019,-1.0,1.0,1.0,3.0,2147131,1.0,1,1,1,5.0,,0.0,0,1939.0,A01,138Â 302Â 428,-1.0,-1.0,-1.0,1639603,2.0,7,,0.0,1.0,2.0,A01,138Â 302Â 428,-1.0
960685,201900002216,2,16,19:00,3,1,2,1.0,3.0,85236,La BretonniÃ¨re,M,"46,6423000"," -1,7343700",85,2019,-1.0,1.0,1.0,3.0,2147132,4.0,2,3,2,5.0,,0.0,0,1975.0,A01,138Â 302Â 426,-1.0,-1.0,-1.0,1639604,2.0,7,,15.0,2.0,2.0,A01,138Â 302Â 426,1.0
960685,201900002216,2,16,19:00,3,1,2,1.0,3.0,85236,La BretonniÃ¨re,M,"46,6423000"," -1,7343700",85,2019,-1.0,1.0,1.0,3.0,2147132,4.0,2,3,2,5.0,,0.0,0,1975.0,A01,138Â 302Â 426,-1.0,-1.0,-1.0,1639605,3.0,10,,0.0,2.0,3.0,B01,138Â 302Â 427,1.0
960685,201900002216,2,16,19:00,3,1,2,1.0,3.0,85236,La BretonniÃ¨re,M,"46,6423000"," -1,7343700",85,2019,-1.0,1.0,1.0,3.0,2147133,3.0,2,4,1,5.0,,0.0,0,1974.0,A01,138Â 302Â 426,-1.0,-1.0,-1.0,1639604,2.0,7,,15.0,2.0,2.0,A01,138Â 302Â 426,1.0
960685,201900002216,2,16,19:00,3,1,2,1.0,3.0,85236,La BretonniÃ¨re,M,"46,6423000"," -1,7343700",85,2019,-1.0,1.0,1.0,3.0,2147133,3.0,2,4,1,5.0,,0.0,0,1974.0,A01,138Â 302Â 426,-1.0,-1.0,-1.0,1639605,3.0,10,,0.0,2.0,3.0,B01,138Â 302Â 427,1.0
960685,201900002216,2,16,19:00,3,1,2,1.0,3.0,85236,La BretonniÃ¨re,M,"46,6423000"," -1,7343700",85,2019,-1.0,1.0,1.0,3.0,2147134,2.0,2,4,1,5.0,,0.0,0,1971.0,A01,138Â 302Â 426,-1.0,-1.0,-1.0,1639604,2.0,7,,15.0,2.0,2.0,A01,138Â 302Â 426,1.0
960685,201900002216,2,16,19:00,3,1,2,1.0,3.0,85236,La BretonniÃ¨re,M,"46,6423000"," -1,7343700",85,2019,-1.0,1.0,1.0,3.0,2147134,2.0,2,4,1,5.0,,0.0,0,1971.0,A01,138Â 302Â 426,-1.0,-1.0,-1.0,1639605,3.0,10,,0.0,2.0,3.0,B01,138Â 302Â 427,1.0
960685,201900002216,2,16,19:00,3,1,2,1.0,3.0,85236,La BretonniÃ¨re,M,"46,6423000"," -1,7343700",85,2019,-1.0,1.0,1.0,3.0,2147135,1.0,1,4,1,5.0,,0.0,0,1968.0,A01,138Â 302Â 426,-1.0,-1.0,-1.0,1639604,2.0,7,,15.0,2.0,2.0,A01,138Â 302Â 426,1.0
960685,201900002216,2,16,19:00,3,1,2,1.0,3.0,85236,La BretonniÃ¨re,M,"46,6423000"," -1,7343700",85,2019,-1.0,1.0,1.0,3.0,2147135,1.0,1,4,1,5.0,,0.0,0,1968.0,A01,138Â 302Â 426,-1.0,-1.0,-1.0,1639605,3.0,10,,0.0,2.0,3.0,B01,138Â 302Â 427,1.0
960685,201900002216,2,16,19:00,3,1,2,1.0,3.0,85236,La BretonniÃ¨re,M,"46,6423000"," -1,7343700",85,2019,-1.0,1.0,1.0,3.0,2147136,1.0,1,4,1,5.0,,0.0,0,1992.0,B01,138Â 302Â 427,-1.0,-1.0,-1.0,1639604,2.0,7,,15.0,2.0,2.0,A01,138Â 302Â 426,1.0
960685,201900002216,2,16,19:00,3,1,2,1.0,3.0,85236,La BretonniÃ¨re,M,"46,6423000"," -1,7343700",85,2019,-1.0,1.0,1.0,3.0,2147136,1.0,1,4,1,5.0,,0.0,0,1992.0,B01,138Â 302Â 427,-1.0,-1.0,-1.0,1639605,3.0,10,,0.0,2.0,3.0,B01,138Â 302Â 427,1.0
960686,201900002217,4,11,13:00,1,2,9,1.0,6.0,92078,ROGER MARTIN DU GARD (SQUARE),M,"48,9365000","2,3269700",92,2019,10.0,-1.0,1.0,3.0,2147137,1.0,1,1,1,3.0,,-1.0,0,1989.0,A01,138Â 302Â 424,1.0,8.0,-1.0,1639606,3.0,7,,0.0,2.0,3.0,A01,138Â 302Â 424,0.0
960686,201900002217,4,11,13:00,1,2,9,1.0,6.0,92078,ROGER MARTIN DU GARD (SQUARE),M,"48,9365000","2,3269700",92,2019,10.0,-1.0,1.0,3.0,2147137,1.0,1,1,1,3.0,,-1.0,0,1989.0,A01,138Â 302Â 424,1.0,8.0,-1.0,1639607,0.0,30,,0.0,2.0,7.0,B01,138Â 302Â 425,0.0
960686,201900002217,4,11,13:00,1,2,9,1.0,6.0,92078,ROGER MARTIN DU GARD (SQUARE),M,"48,9365000","2,3269700",92,2019,10.0,-1.0,1.0,3.0,2147138,1.0,1,4,1,3.0,,-1.0,0,1989.0,B01,138Â 302Â 425,2.0,8.0,-1.0,1639606,3.0,7,,0.0,2.0,3.0,A01,138Â 302Â 424,0.0
960686,201900002217,4,11,13:00,1,2,9,1.0,6.0,92078,ROGER MARTIN DU GARD (SQUARE),M,"48,9365000","2,3269700",92,2019,10.0,-1.0,1.0,3.0,2147138,1.0,1,4,1,3.0,,-1.0,0,1989.0,B01,138Â 302Â 425,2.0,8.0,-1.0,1639607,0.0,30,,0.0,2.0,7.0,B01,138Â 302Â 425,0.0
960687,201900002218,10,31,21:50,5,2,1,1.0,3.0,92024,ASNIERES (ROUTE D'),M,"48,9026731","2,2904248",92,2019,50.0,1.0,1.0,3.0,2147139,1.0,1,4,1,0.0,,-1.0,0,1994.0,B01,138Â 302Â 422,2.0,6.0,-1.0,1639608,2.0,32,,0.0,2.0,7.0,B01,138Â 302Â 422,1.0
960687,201900002218,10,31,21:50,5,2,1,1.0,3.0,92024,ASNIERES (ROUTE D'),M,"48,9026731","2,2904248",92,2019,50.0,1.0,1.0,3.0,2147139,1.0,1,4,1,0.0,,-1.0,0,1994.0,B01,138Â 302Â 422,2.0,6.0,-1.0,1639609,1.0,7,,1.0,0.0,8.0,A01,138Â 302Â 423,1.0
960687,201900002218,10,31,21:50,5,2,1,1.0,3.0,92024,ASNIERES (ROUTE D'),M,"48,9026731","2,2904248",92,2019,50.0,1.0,1.0,3.0,2147140,1.0,1,1,1,0.0,,-1.0, -1,1980.0,A01,138Â 302Â 423,1.0,8.0,-1.0,1639608,2.0,32,,0.0,2.0,7.0,B01,138Â 302Â 422,1.0
960687,201900002218,10,31,21:50,5,2,1,1.0,3.0,92024,ASNIERES (ROUTE D'),M,"48,9026731","2,2904248",92,2019,50.0,1.0,1.0,3.0,2147140,1.0,1,1,1,0.0,,-1.0, -1,1980.0,A01,138Â 302Â 423,1.0,8.0,-1.0,1639609,1.0,7,,1.0,0.0,8.0,A01,138Â 302Â 423,1.0
960688,201900002219,10,18,11:15,1,2,6,1.0,2.0,92024,GENNEVILLIERS (PONT DE),M,"48,9106385","2,3126413",92,2019,50.0,1.0,1.0,3.0,2147141,1.0,1,4,2,5.0,,-1.0,0,1981.0,A01,138Â 302Â 421,1.0,8.0,-1.0,1639610,1.0,10,,0.0,2.0,4.0,Z01,138Â 302Â 420,0.0
960688,201900002219,10,18,11:15,1,2,6,1.0,2.0,92024,GENNEVILLIERS (PONT DE),M,"48,9106385","2,3126413",92,2019,50.0,1.0,1.0,3.0,2147141,1.0,1,4,2,5.0,,-1.0,0,1981.0,A01,138Â 302Â 421,1.0,8.0,-1.0,1639611,1.0,7,,0.0,2.0,1.0,A01,138Â 302Â 421,1.0
960689,201900002220,3,13,12:20,1,2,3,2.0,6.0,92044,DANTON(RUE)125+ ET 134BIS+,M,"48,8959160","2,2784722",92,2019,50.0,1.0,2.0,4.0,2147142,10.0,3,4,2,5.0,,3.0,3,1980.0,A01,138Â 302Â 419,8.0,8.0,-1.0,1639612,1.0,42,,0.0,1.0,1.0,A01,138Â 302Â 419,1.0
960689,201900002220,3,13,12:20,1,2,3,2.0,6.0,92044,DANTON(RUE)125+ ET 134BIS+,M,"48,8959160","2,2784722",92,2019,50.0,1.0,2.0,4.0,2147143,1.0,1,4,1,5.0,,0.0,0,1977.0,A01,138Â 302Â 419,2.0,6.0,-1.0,1639612,1.0,42,,0.0,1.0,1.0,A01,138Â 302Â 419,1.0
960690,201900002221,11,22,11:00,1,1,1,1.0,5.0,97125,La Pointe des ChÃ¢teaux,M,"16,2535510"," -61,2209060",971,2019,80.0,1.0,1.0,3.0,2147144,1.0,1,4,1,5.0,,0.0,0,1949.0,C01,138Â 302Â 416,1.0,-1.0,-1.0,1639613,2.0,10,,0.0,2.0,3.0,C01,138Â 302Â 416,1.0
960690,201900002221,11,22,11:00,1,1,1,1.0,5.0,97125,La Pointe des ChÃ¢teaux,M,"16,2535510"," -61,2209060",971,2019,80.0,1.0,1.0,3.0,2147144,1.0,1,4,1,5.0,,0.0,0,1949.0,C01,138Â 302Â 416,1.0,-1.0,-1.0,1639614,2.0,7,,0.0,2.0,8.0,B01,138Â 302Â 417,1.0
960690,201900002221,11,22,11:00,1,1,1,1.0,5.0,97125,La Pointe des ChÃ¢teaux,M,"16,2535510"," -61,2209060",971,2019,80.0,1.0,1.0,3.0,2147144,1.0,1,4,1,5.0,,0.0,0,1949.0,C01,138Â 302Â 416,1.0,-1.0,-1.0,1639615,1.0,10,,0.0,2.0,1.0,A01,138Â 302Â 418,1.0
960690,201900002221,11,22,11:00,1,1,1,1.0,5.0,97125,La Pointe des ChÃ¢teaux,M,"16,2535510"," -61,2209060",971,2019,80.0,1.0,1.0,3.0,2147145,1.0,1,1,1,5.0,,0.0,0,1973.0,B01,138Â 302Â 417,1.0,-1.0,-1.0,1639613,2.0,10,,0.0,2.0,3.0,C01,138Â 302Â 416,1.0
960690,201900002221,11,22,11:00,1,1,1,1.0,5.0,97125,La Pointe des ChÃ¢teaux,M,"16,2535510"," -61,2209060",971,2019,80.0,1.0,1.0,3.0,2147145,1.0,1,1,1,5.0,,0.0,0,1973.0,B01,138Â 302Â 417,1.0,-1.0,-1.0,1639614,2.0,7,,0.0,2.0,8.0,B01,138Â 302Â 417,1.0
960690,201900002221,11,22,11:00,1,1,1,1.0,5.0,97125,La Pointe des ChÃ¢teaux,M,"16,2535510"," -61,2209060",971,2019,80.0,1.0,1.0,3.0,2147145,1.0,1,1,1,5.0,,0.0,0,1973.0,B01,138Â 302Â 417,1.0,-1.0,-1.0,1639615,1.0,10,,0.0,2.0,1.0,A01,138Â 302Â 418,1.0
960690,201900002221,11,22,11:00,1,1,1,1.0,5.0,97125,La Pointe des ChÃ¢teaux,M,"16,2535510"," -61,2209060",971,2019,80.0,1.0,1.0,3.0,2147146,1.0,1,1,2,5.0,,0.0,0,1953.0,A01,138Â 302Â 418,1.0,-1.0,-1.0,1639613,2.0,10,,0.0,2.0,3.0,C01,138Â 302Â 416,1.0
960690,201900002221,11,22,11:00,1,1,1,1.0,5.0,97125,La Pointe des ChÃ¢teaux,M,"16,2535510"," -61,2209060",971,2019,80.0,1.0,1.0,3.0,2147146,1.0,1,1,2,5.0,,0.0,0,1953.0,A01,138Â 302Â 418,1.0,-1.0,-1.0,1639614,2.0,7,,0.0,2.0,8.0,B01,138Â 302Â 417,1.0
960690,201900002221,11,22,11:00,1,1,1,1.0,5.0,97125,La Pointe des ChÃ¢teaux,M,"16,2535510"," -61,2209060",971,2019,80.0,1.0,1.0,3.0,2147146,1.0,1,1,2,5.0,,0.0,0,1953.0,A01,138Â 302Â 418,1.0,-1.0,-1.0,1639615,1.0,10,,0.0,2.0,1.0,A01,138Â 302Â 418,1.0
960691,201900002222,3,31,23:55,3,1,1,1.0,7.0,90068,RD23,M,"47,6010120","6,8895220",90,2019,80.0,3.0,1.0,3.0,2147147,3.0,2,3,1,0.0,,0.0,0,1984.0,A01,138Â 302Â 415,8.0,-1.0,-1.0,1639616,1.0,7,,7.0,0.0,0.0,A01,138Â 302Â 415,1.0
960691,201900002222,3,31,23:55,3,1,1,1.0,7.0,90068,RD23,M,"47,6010120","6,8895220",90,2019,80.0,3.0,1.0,3.0,2147148,2.0,2,3,1,0.0,,0.0,0,1996.0,A01,138Â 302Â 415,8.0,-1.0,-1.0,1639616,1.0,7,,7.0,0.0,0.0,A01,138Â 302Â 415,1.0
960692,201900002223,9,4,15:15,1,1,1,1.0,1.0,85047,route de Commequiers,M,"46,8042300"," -1,8384930",85,2019,-1.0,1.0,1.0,4.0,2147149,2.0,2,4,2,5.0,,0.0,0,2009.0,B01,138Â 302Â 413,-1.0,-1.0,-1.0,1639617,3.0,7,,0.0,2.0,3.0,B01,138Â 302Â 413,-1.0
960692,201900002223,9,4,15:15,1,1,1,1.0,1.0,85047,route de Commequiers,M,"46,8042300"," -1,8384930",85,2019,-1.0,1.0,1.0,4.0,2147149,2.0,2,4,2,5.0,,0.0,0,2009.0,B01,138Â 302Â 413,-1.0,-1.0,-1.0,1639618,3.0,7,,0.0,2.0,1.0,A01,138Â 302Â 414,-1.0
960692,201900002223,9,4,15:15,1,1,1,1.0,1.0,85047,route de Commequiers,M,"46,8042300"," -1,8384930",85,2019,-1.0,1.0,1.0,4.0,2147150,2.0,1,4,2,5.0,,0.0,0,1980.0,B01,138Â 302Â 413,-1.0,-1.0,-1.0,1639617,3.0,7,,0.0,2.0,3.0,B01,138Â 302Â 413,-1.0
960692,201900002223,9,4,15:15,1,1,1,1.0,1.0,85047,route de Commequiers,M,"46,8042300"," -1,8384930",85,2019,-1.0,1.0,1.0,4.0,2147150,2.0,1,4,2,5.0,,0.0,0,1980.0,B01,138Â 302Â 413,-1.0,-1.0,-1.0,1639618,3.0,7,,0.0,2.0,1.0,A01,138Â 302Â 414,-1.0
960692,201900002223,9,4,15:15,1,1,1,1.0,1.0,85047,route de Commequiers,M,"46,8042300"," -1,8384930",85,2019,-1.0,1.0,1.0,4.0,2147151,1.0,1,1,1,5.0,,0.0,0,2001.0,A01,138Â 302Â 414,-1.0,-1.0,-1.0,1639617,3.0,7,,0.0,2.0,3.0,B01,138Â 302Â 413,-1.0
960692,201900002223,9,4,15:15,1,1,1,1.0,1.0,85047,route de Commequiers,M,"46,8042300"," -1,8384930",85,2019,-1.0,1.0,1.0,4.0,2147151,1.0,1,1,1,5.0,,0.0,0,2001.0,A01,138Â 302Â 414,-1.0,-1.0,-1.0,1639618,3.0,7,,0.0,2.0,1.0,A01,138Â 302Â 414,-1.0
960693,201900002224,8,12,17:15,1,2,1,1.0,6.0,85234,Bd MarÃ©chal de Latrre de Tassigny,M,"46,7904070"," -2,0632210",85,2019,-1.0,1.0,1.0,4.0,2147152,10.0,3,4,2,5.0,,3.0,3,1980.0,A01,138Â 302Â 412,-1.0,-1.0,-1.0,1639619,3.0,2,,0.0,1.0,1.0,A01,138Â 302Â 412,-1.0
960693,201900002224,8,12,17:15,1,2,1,1.0,6.0,85234,Bd MarÃ©chal de Latrre de Tassigny,M,"46,7904070"," -2,0632210",85,2019,-1.0,1.0,1.0,4.0,2147153,1.0,1,1,2,1.0,,0.0,0,2001.0,A01,138Â 302Â 412,-1.0,-1.0,-1.0,1639619,3.0,2,,0.0,1.0,1.0,A01,138Â 302Â 412,-1.0
960694,201900002225,6,21,13:45,1,2,2,1.0,1.0,85047,RUE CALMETTE,M,"46,8463060"," -1,8747030",85,2019,-1.0,1.0,1.0,4.0,2147154,1.0,1,1,1,5.0,,0.0,0,1942.0,A01,138Â 302Â 410,-1.0,-1.0,-1.0,1639620,1.0,7,,0.0,2.0,3.0,A01,138Â 302Â 410,-1.0
960694,201900002225,6,21,13:45,1,2,2,1.0,1.0,85047,RUE CALMETTE,M,"46,8463060"," -1,8747030",85,2019,-1.0,1.0,1.0,4.0,2147154,1.0,1,1,1,5.0,,0.0,0,1942.0,A01,138Â 302Â 410,-1.0,-1.0,-1.0,1639621,3.0,7,,0.0,2.0,1.0,B01,138Â 302Â 411,-1.0
960694,201900002225,6,21,13:45,1,2,2,1.0,1.0,85047,RUE CALMETTE,M,"46,8463060"," -1,8747030",85,2019,-1.0,1.0,1.0,4.0,2147155,2.0,2,4,1,4.0,,-1.0, -1,1957.0,B01,138Â 302Â 411,-1.0,-1.0,-1.0,1639620,1.0,7,,0.0,2.0,3.0,A01,138Â 302Â 410,-1.0
960694,201900002225,6,21,13:45,1,2,2,1.0,1.0,85047,RUE CALMETTE,M,"46,8463060"," -1,8747030",85,2019,-1.0,1.0,1.0,4.0,2147155,2.0,2,4,1,4.0,,-1.0, -1,1957.0,B01,138Â 302Â 411,-1.0,-1.0,-1.0,1639621,3.0,7,,0.0,2.0,1.0,B01,138Â 302Â 411,-1.0
960694,201900002225,6,21,13:45,1,2,2,1.0,1.0,85047,RUE CALMETTE,M,"46,8463060"," -1,8747030",85,2019,-1.0,1.0,1.0,4.0,2147156,1.0,1,1,2,-1.0,,0.0,0,2001.0,B01,138Â 302Â 411,-1.0,-1.0,-1.0,1639620,1.0,7,,0.0,2.0,3.0,A01,138Â 302Â 410,-1.0
960694,201900002225,6,21,13:45,1,2,2,1.0,1.0,85047,RUE CALMETTE,M,"46,8463060"," -1,8747030",85,2019,-1.0,1.0,1.0,4.0,2147156,1.0,1,1,2,-1.0,,0.0,0,2001.0,B01,138Â 302Â 411,-1.0,-1.0,-1.0,1639621,3.0,7,,0.0,2.0,1.0,B01,138Â 302Â 411,-1.0
960695,201900002226,5,14,16:42,1,1,1,7.0,2.0,14437,MONTALIVET (COURS),M,"49,1820900"," -0,3220000",14,2019,50.0,1.0,1.0,4.0,2147157,1.0,1,1,2,5.0,,-1.0, -1,1984.0,A01,138Â 302Â 408,1.0,0.0,-1.0,1639622,2.0,7,,0.0,2.0,4.0,A01,138Â 302Â 408,1.0
960695,201900002226,5,14,16:42,1,1,1,7.0,2.0,14437,MONTALIVET (COURS),M,"49,1820900"," -0,3220000",14,2019,50.0,1.0,1.0,4.0,2147157,1.0,1,1,2,5.0,,-1.0, -1,1984.0,A01,138Â 302Â 408,1.0,0.0,-1.0,1639623,2.0,7,,0.0,0.0,0.0,B01,138Â 302Â 409,0.0
960695,201900002226,5,14,16:42,1,1,1,7.0,2.0,14437,MONTALIVET (COURS),M,"49,1820900"," -0,3220000",14,2019,50.0,1.0,1.0,4.0,2147158,1.0,1,4,1,0.0,,-1.0, -1,1950.0,B01,138Â 302Â 409,1.0,0.0,-1.0,1639622,2.0,7,,0.0,2.0,4.0,A01,138Â 302Â 408,1.0
960695,201900002226,5,14,16:42,1,1,1,7.0,2.0,14437,MONTALIVET (COURS),M,"49,1820900"," -0,3220000",14,2019,50.0,1.0,1.0,4.0,2147158,1.0,1,4,1,0.0,,-1.0, -1,1950.0,B01,138Â 302Â 409,1.0,0.0,-1.0,1639623,2.0,7,,0.0,0.0,0.0,B01,138Â 302Â 409,0.0
960696,201900002227,12,11,05:50,5,2,7,3.0,6.0,75119,PLACE AUGUSTE BARON,M,"48,9002102","2,3872519",75,2019,30.0,1.0,2.0,4.0,2147159,10.0,3,3,1,0.0,,9.0,3,1999.0,Z01,138Â 302Â 407,0.0,-1.0,-1.0,1639624,1.0,7,,0.0,1.0,1.0,Z01,138Â 302Â 407,0.0
960697,201900002228,12,24,08:40,1,2,1,8.0,6.0,85191,33 BOULEVARD ARISTIDE BRIAND ,M,"46,6720900"," -1,4329600",85,2019,50.0,1.0,1.0,3.0,2147160,10.0,3,4,1,5.0,,4.0,3,1963.0,A01,138Â 302Â 406,0.0,-1.0,-1.0,1639625,1.0,7,,0.0,1.0,1.0,A01,138Â 302Â 406,0.0
960697,201900002228,12,24,08:40,1,2,1,8.0,6.0,85191,33 BOULEVARD ARISTIDE BRIAND ,M,"46,6720900"," -1,4329600",85,2019,50.0,1.0,1.0,3.0,2147161,1.0,1,1,1,0.0,,-1.0, -1,1997.0,A01,138Â 302Â 406,1.0,0.0,-1.0,1639625,1.0,7,,0.0,1.0,1.0,A01,138Â 302Â 406,0.0
960697,201900002228,12,24,08:40,1,2,1,8.0,6.0,85191,33 BOULEVARD ARISTIDE BRIAND ,M,"46,6720900"," -1,4329600",85,2019,50.0,1.0,1.0,3.0,2147162,10.0,3,3,2,5.0,,4.0,3,1975.0,A01,138Â 302Â 406,8.0,8.0,-1.0,1639625,1.0,7,,0.0,1.0,1.0,A01,138Â 302Â 406,0.0
960698,201900002229,11,7,15:10,1,2,1,1.0,7.0,75118,BD PERIPHERIQUE EXTERIEUR,M,"48,9010760","2,3452730",75,2019,70.0,1.0,1.0,4.0,2147163,1.0,1,3,1,0.0,,0.0,0,1957.0,A01,138Â 302Â 405,2.0,6.0,-1.0,1639626,2.0,32,,0.0,0.0,7.0,A01,138Â 302Â 405,1.0
960699,201900002230,10,11,17:50,1,2,1,1.0,6.0,45004,RUE PIERRE SEMARD,M,"47,9895430","2,7484680",45,2019,50.0,1.0,1.0,4.0,2147164,10.0,3,4,1,2.0,,1.0,3,2006.0,A01,138Â 302Â 404,8.0,0.0,-1.0,1639627,3.0,30,,0.0,1.0,7.0,A01,138Â 302Â 404,1.0
960700,201900002231,4,25,09:30,1,2,1,1.0,7.0,14327,Quartier de la Grande Delle,M,"49,2049100"," -0,3349600",14,2019,50.0,1.0,1.0,4.0,2147165,10.0,3,4,1,2.0,,3.0,3,2002.0,A01,138Â 302Â 403,8.0,0.0,-1.0,1639628,3.0,7,,0.0,1.0,1.0,A01,138Â 302Â 403,0.0
960701,201900002232,12,9,06:05,5,2,1,3.0,6.0,75120,ECHANGEUR LILAS,M,"48,8772360","2,4086320",75,2019,50.0,1.0,2.0,4.0,2147166,1.0,1,4,1,1.0,,0.0,0,1963.0,A01,138Â 302Â 402,2.0,6.0,-1.0,1639629,3.0,33,,0.0,1.0,1.0,A01,138Â 302Â 402,3.0
960701,201900002232,12,9,06:05,5,2,1,3.0,6.0,75120,ECHANGEUR LILAS,M,"48,8772360","2,4086320",75,2019,50.0,1.0,2.0,4.0,2147167,10.0,3,3,1,0.0,,2.0,3,1977.0,A01,138Â 302Â 402,0.0,-1.0,-1.0,1639629,3.0,33,,0.0,1.0,1.0,A01,138Â 302Â 402,3.0
960702,201900002233,3,6,17:15,1,1,1,9.0,3.0,33328,Rte de St Jacques de Compostelle,M,"44,9389600"," -0,2082100",33,2019,-1.0,1.0,1.0,3.0,2147168,1.0,1,4,2,0.0,,0.0,0,1965.0,B01,138Â 302Â 400,1.0,-1.0,-1.0,1639630,1.0,7,,0.0,2.0,3.0,B01,138Â 302Â 400,1.0
960702,201900002233,3,6,17:15,1,1,1,9.0,3.0,33328,Rte de St Jacques de Compostelle,M,"44,9389600"," -0,2082100",33,2019,-1.0,1.0,1.0,3.0,2147168,1.0,1,4,2,0.0,,0.0,0,1965.0,B01,138Â 302Â 400,1.0,-1.0,-1.0,1639631,2.0,7,,0.0,2.0,3.0,A01,138Â 302Â 401,1.0
960702,201900002233,3,6,17:15,1,1,1,9.0,3.0,33328,Rte de St Jacques de Compostelle,M,"44,9389600"," -0,2082100",33,2019,-1.0,1.0,1.0,3.0,2147169,1.0,1,1,1,0.0,,0.0,0,1986.0,A01,138Â 302Â 401,8.0,-1.0,-1.0,1639630,1.0,7,,0.0,2.0,3.0,B01,138Â 302Â 400,1.0
960702,201900002233,3,6,17:15,1,1,1,9.0,3.0,33328,Rte de St Jacques de Compostelle,M,"44,9389600"," -0,2082100",33,2019,-1.0,1.0,1.0,3.0,2147169,1.0,1,1,1,0.0,,0.0,0,1986.0,A01,138Â 302Â 401,8.0,-1.0,-1.0,1639631,2.0,7,,0.0,2.0,3.0,A01,138Â 302Â 401,1.0
960703,201900002234,5,24,10:50,1,1,4,1.0,1.0,43224,RD43,M,"45,2332850","4,2175370",43,2019,80.0,1.0,1.0,3.0,2147170,1.0,1,1,1,4.0,,0.0,0,1967.0,B01,138Â 302Â 398,1.0,-1.0,-1.0,1639632,2.0,7,,0.0,2.0,1.0,B01,138Â 302Â 398,1.0
960703,201900002234,5,24,10:50,1,1,4,1.0,1.0,43224,RD43,M,"45,2332850","4,2175370",43,2019,80.0,1.0,1.0,3.0,2147170,1.0,1,1,1,4.0,,0.0,0,1967.0,B01,138Â 302Â 398,1.0,-1.0,-1.0,1639633,1.0,7,,0.0,2.0,2.0,A01,138Â 302Â 399,1.0
960703,201900002234,5,24,10:50,1,1,4,1.0,1.0,43224,RD43,M,"45,2332850","4,2175370",43,2019,80.0,1.0,1.0,3.0,2147171,1.0,1,2,1,5.0,,0.0,0,1927.0,A01,138Â 302Â 399,1.0,-1.0,-1.0,1639632,2.0,7,,0.0,2.0,1.0,B01,138Â 302Â 398,1.0
960703,201900002234,5,24,10:50,1,1,4,1.0,1.0,43224,RD43,M,"45,2332850","4,2175370",43,2019,80.0,1.0,1.0,3.0,2147171,1.0,1,2,1,5.0,,0.0,0,1927.0,A01,138Â 302Â 399,1.0,-1.0,-1.0,1639633,1.0,7,,0.0,2.0,2.0,A01,138Â 302Â 399,1.0
960704,201900002235,11,15,16:45,1,2,6,1.0,3.0,29039,maison blanche (rond point),M,"47,8884300"," -3,9187300",29,2019,50.0,1.0,1.0,4.0,2147172,1.0,1,3,1,5.0,,0.0,0,2005.0,B01,138Â 302Â 396,2.0,6.0,-1.0,1639634,2.0,2,,0.0,2.0,7.0,B01,138Â 302Â 396,1.0
960704,201900002235,11,15,16:45,1,2,6,1.0,3.0,29039,maison blanche (rond point),M,"47,8884300"," -3,9187300",29,2019,50.0,1.0,1.0,4.0,2147172,1.0,1,3,1,5.0,,0.0,0,2005.0,B01,138Â 302Â 396,2.0,6.0,-1.0,1639635,1.0,7,,0.0,2.0,3.0,A01,138Â 302Â 397,1.0