Unnamed: 0_x,num_acc,mois,jour,hrmn,lum,agg,int,atm,col,com,adr,gps,lat,long,dep,annee,vma,situ,surf,catr,Unnamed: 0_y,place,catu,grav,sexe,trajet,secu,locp,actp,an_nais,num_veh_x,id_vehicule_x,secu1,secu2,secu3,Unnamed: 0,senc,catv,occutc,obs,obsm,choc,num_veh_y,id_vehicule_y,motor
960704,201900002235,11,15,16:45,1,2,6,1.0,3.0,29039,maison blanche (rond point),M,"47,8884300"," -3,9187300",29,2019,50.0,1.0,1.0,4.0,2147173,1.0,1,1,1,5.0,,0.0,0,1937.0,A01,138Â 302Â 397,1.0,5.0,-1.0,1639634,2.0,2,,0.0,2.0,7.0,B01,138Â 302Â 396,1.0
960704,201900002235,11,15,16:45,1,2,6,1.0,3.0,29039,maison blanche (rond point),M,"47,8884300"," -3,9187300",29,2019,50.0,1.0,1.0,4.0,2147173,1.0,1,1,1,5.0,,0.0,0,1937.0,A01,138Â 302Â 397,1.0,5.0,-1.0,1639635,1.0,7,,0.0,2.0,3.0,A01,138Â 302Â 397,1.0
960705,201900002236,12,7,14:45,1,1,6,1.0,7.0,29019,ROND POINT DE KERESSEIS,M,"48,3951000"," -4,5383000",29,2019,50.0,1.0,1.0,3.0,2147174,1.0,1,4,1,5.0,,0.0,0,1998.0,A01,138Â 302Â 395,2.0,6.0,-1.0,1639636,2.0,33,,12.0,0.0,1.0,A01,138Â 302Â 395,1.0
960706,201900002237,4,6,19:30,2,2,1,1.0,6.0,14383,PISTE CYCLABE  (RTE DU MESNIL),M,"49,1620000"," -0,4050000",14,2019,50.0,5.0,1.0,4.0,2147175,1.0,1,3,2,5.0,,-1.0, -1,1972.0,A01,138Â 302Â 394,1.0,0.0,-1.0,1639637,1.0,7,,9.0,0.0,1.0,A01,138Â 302Â 394,1.0
960707,201900002238,12,5,21:00,5,2,2,1.0,3.0,92078,GALLIENI (BD) (1 A 79 ET 22 A 102),M,"48,9253179","2,3262517",92,2019,50.0,1.0,1.0,3.0,2147176,1.0,1,4,1,9.0,,-1.0, -1,1997.0,B01,138Â 302Â 392,1.0,8.0,-1.0,1639638,3.0,7,,0.0,2.0,2.0,B01,138Â 302Â 392,0.0
960707,201900002238,12,5,21:00,5,2,2,1.0,3.0,92078,GALLIENI (BD) (1 A 79 ET 22 A 102),M,"48,9253179","2,3262517",92,2019,50.0,1.0,1.0,3.0,2147176,1.0,1,4,1,9.0,,-1.0, -1,1997.0,B01,138Â 302Â 392,1.0,8.0,-1.0,1639639,3.0,7,,0.0,2.0,1.0,A01,138Â 302Â 393,0.0
960707,201900002238,12,5,21:00,5,2,2,1.0,3.0,92078,GALLIENI (BD) (1 A 79 ET 22 A 102),M,"48,9253179","2,3262517",92,2019,50.0,1.0,1.0,3.0,2147177,1.0,1,1,1,5.0,,-1.0, -1,1979.0,A01,138Â 302Â 393,1.0,8.0,-1.0,1639638,3.0,7,,0.0,2.0,2.0,B01,138Â 302Â 392,0.0
960707,201900002238,12,5,21:00,5,2,2,1.0,3.0,92078,GALLIENI (BD) (1 A 79 ET 22 A 102),M,"48,9253179","2,3262517",92,2019,50.0,1.0,1.0,3.0,2147177,1.0,1,1,1,5.0,,-1.0, -1,1979.0,A01,138Â 302Â 393,1.0,8.0,-1.0,1639639,3.0,7,,0.0,2.0,1.0,A01,138Â 302Â 393,0.0
960708,201900002239,11,9,19:10,2,2,4,1.0,6.0,75118,BD PERIPHERIQUE EXTERIEUR,M,"48,9008805","2,3660623",75,2019,70.0,1.0,1.0,4.0,2147178,1.0,1,4,1,5.0,,0.0,0,1978.0,A01,138Â 302Â 389,2.0,6.0,-1.0,1639640,2.0,7,,0.0,2.0,3.0,Z01,138Â 302Â 388,1.0
960708,201900002239,11,9,19:10,2,2,4,1.0,6.0,75118,BD PERIPHERIQUE EXTERIEUR,M,"48,9008805","2,3660623",75,2019,70.0,1.0,1.0,4.0,2147178,1.0,1,4,1,5.0,,0.0,0,1978.0,A01,138Â 302Â 389,2.0,6.0,-1.0,1639641,2.0,33,,0.0,2.0,7.0,A01,138Â 302Â 389,1.0
960709,201900002240,12,4,10:50,1,1,1,8.0,1.0,74159,Rue des Grottes de Balme,M,"46,0387360","6,6126810",74,2019,70.0,1.0,1.0,3.0,2147179,2.0,2,4,2,0.0,,0.0,0,1948.0,B01,138Â 302Â 386,1.0,-1.0,-1.0,1639642,1.0,7,,0.0,2.0,1.0,B01,138Â 302Â 386,1.0
960709,201900002240,12,4,10:50,1,1,1,8.0,1.0,74159,Rue des Grottes de Balme,M,"46,0387360","6,6126810",74,2019,70.0,1.0,1.0,3.0,2147179,2.0,2,4,2,0.0,,0.0,0,1948.0,B01,138Â 302Â 386,1.0,-1.0,-1.0,1639643,1.0,7,,0.0,2.0,1.0,A01,138Â 302Â 387,1.0
960709,201900002240,12,4,10:50,1,1,1,8.0,1.0,74159,Rue des Grottes de Balme,M,"46,0387360","6,6126810",74,2019,70.0,1.0,1.0,3.0,2147180,1.0,1,3,1,0.0,,0.0,0,1944.0,B01,138Â 302Â 386,1.0,-1.0,-1.0,1639642,1.0,7,,0.0,2.0,1.0,B01,138Â 302Â 386,1.0
960709,201900002240,12,4,10:50,1,1,1,8.0,1.0,74159,Rue des Grottes de Balme,M,"46,0387360","6,6126810",74,2019,70.0,1.0,1.0,3.0,2147180,1.0,1,3,1,0.0,,0.0,0,1944.0,B01,138Â 302Â 386,1.0,-1.0,-1.0,1639643,1.0,7,,0.0,2.0,1.0,A01,138Â 302Â 387,1.0
960709,201900002240,12,4,10:50,1,1,1,8.0,1.0,74159,Rue des Grottes de Balme,M,"46,0387360","6,6126810",74,2019,70.0,1.0,1.0,3.0,2147181,1.0,1,3,2,0.0,,0.0,0,1949.0,A01,138Â 302Â 387,1.0,-1.0,-1.0,1639642,1.0,7,,0.0,2.0,1.0,B01,138Â 302Â 386,1.0
960709,201900002240,12,4,10:50,1,1,1,8.0,1.0,74159,Rue des Grottes de Balme,M,"46,0387360","6,6126810",74,2019,70.0,1.0,1.0,3.0,2147181,1.0,1,3,2,0.0,,0.0,0,1949.0,A01,138Â 302Â 387,1.0,-1.0,-1.0,1639643,1.0,7,,0.0,2.0,1.0,A01,138Â 302Â 387,1.0
960710,201900002241,12,2,11:00,1,2,1,1.0,3.0,75114,BD PERIPHERIQUE INTERIEUR,M,"48,8241010","2,3077610",75,2019,70.0,1.0,2.0,4.0,2147182,1.0,1,1,2,4.0,,0.0,0,1960.0,A01,138Â 302Â 384,1.0,0.0,-1.0,1639644,1.0,7,,0.0,2.0,7.0,A01,138Â 302Â 384,1.0
960710,201900002241,12,2,11:00,1,2,1,1.0,3.0,75114,BD PERIPHERIQUE INTERIEUR,M,"48,8241010","2,3077610",75,2019,70.0,1.0,2.0,4.0,2147182,1.0,1,1,2,4.0,,0.0,0,1960.0,A01,138Â 302Â 384,1.0,0.0,-1.0,1639645,1.0,32,,0.0,2.0,3.0,B01,138Â 302Â 385,1.0
960710,201900002241,12,2,11:00,1,2,1,1.0,3.0,75114,BD PERIPHERIQUE INTERIEUR,M,"48,8241010","2,3077610",75,2019,70.0,1.0,2.0,4.0,2147183,1.0,1,3,1,4.0,,0.0,0,1957.0,B01,138Â 302Â 385,2.0,6.0,-1.0,1639644,1.0,7,,0.0,2.0,7.0,A01,138Â 302Â 384,1.0
960710,201900002241,12,2,11:00,1,2,1,1.0,3.0,75114,BD PERIPHERIQUE INTERIEUR,M,"48,8241010","2,3077610",75,2019,70.0,1.0,2.0,4.0,2147183,1.0,1,3,1,4.0,,0.0,0,1957.0,B01,138Â 302Â 385,2.0,6.0,-1.0,1639645,1.0,32,,0.0,2.0,3.0,B01,138Â 302Â 385,1.0
960711,201900002242,11,22,07:50,2,2,9,2.0,1.0,35238,LIBERTE (BD DE LA),M,"48,1074000"," -1,6791000",35,2019,50.0,1.0,2.0,4.0,2147184,1.0,1,1,1,1.0,,0.0,0,1984.0,A01,138Â 302Â 382,1.0,0.0,-1.0,1639646,3.0,7,,0.0,1.0,1.0,A01,138Â 302Â 382,1.0
960711,201900002242,11,22,07:50,2,2,9,2.0,1.0,35238,LIBERTE (BD DE LA),M,"48,1074000"," -1,6791000",35,2019,50.0,1.0,2.0,4.0,2147184,1.0,1,1,1,1.0,,0.0,0,1984.0,A01,138Â 302Â 382,1.0,0.0,-1.0,1639647,0.0,30,,0.0,2.0,1.0,B01,138Â 302Â 383,1.0
960711,201900002242,11,22,07:50,2,2,9,2.0,1.0,35238,LIBERTE (BD DE LA),M,"48,1074000"," -1,6791000",35,2019,50.0,1.0,2.0,4.0,2147185,1.0,1,4,2,2.0,,0.0,0,2004.0,B01,138Â 302Â 383,2.0,6.0,-1.0,1639646,3.0,7,,0.0,1.0,1.0,A01,138Â 302Â 382,1.0
960711,201900002242,11,22,07:50,2,2,9,2.0,1.0,35238,LIBERTE (BD DE LA),M,"48,1074000"," -1,6791000",35,2019,50.0,1.0,2.0,4.0,2147185,1.0,1,4,2,2.0,,0.0,0,2004.0,B01,138Â 302Â 383,2.0,6.0,-1.0,1639647,0.0,30,,0.0,2.0,1.0,B01,138Â 302Â 383,1.0
960712,201900002243,6,24,08:25,1,2,6,1.0,2.0,93049,CHALET (ROND-POINT),M,"48,8589000","2,5029700",93,2019,50.0,1.0,1.0,4.0,2147186,1.0,1,4,1,1.0,,0.0,0,1976.0,A01,138Â 302Â 381,1.0,0.0,-1.0,1639648,2.0,7,,1.0,0.0,0.0,B01,138Â 302Â 380,0.0
960712,201900002243,6,24,08:25,1,2,6,1.0,2.0,93049,CHALET (ROND-POINT),M,"48,8589000","2,5029700",93,2019,50.0,1.0,1.0,4.0,2147186,1.0,1,4,1,1.0,,0.0,0,1976.0,A01,138Â 302Â 381,1.0,0.0,-1.0,1639649,2.0,7,,0.0,2.0,5.0,A01,138Â 302Â 381,0.0
960713,201900002244,11,27,19:05,5,2,1,2.0,3.0,43089,PUY (AVENUE DU),M,"45,0451666","3,8727343",43,2019,50.0,5.0,2.0,3.0,2147187,1.0,1,1,1,5.0,,0.0,0,1986.0,A01,138Â 302Â 378,1.0,0.0,-1.0,1639650,2.0,7,,1.0,0.0,6.0,A01,138Â 302Â 378,1.0
960713,201900002244,11,27,19:05,5,2,1,2.0,3.0,43089,PUY (AVENUE DU),M,"45,0451666","3,8727343",43,2019,50.0,5.0,2.0,3.0,2147187,1.0,1,1,1,5.0,,0.0,0,1986.0,A01,138Â 302Â 378,1.0,0.0,-1.0,1639651,2.0,7,,1.0,2.0,6.0,B01,138Â 302Â 379,1.0
960713,201900002244,11,27,19:05,5,2,1,2.0,3.0,43089,PUY (AVENUE DU),M,"45,0451666","3,8727343",43,2019,50.0,5.0,2.0,3.0,2147188,4.0,2,4,2,5.0,,0.0,0,1986.0,B01,138Â 302Â 379,8.0,-1.0,-1.0,1639650,2.0,7,,1.0,0.0,6.0,A01,138Â 302Â 378,1.0
960713,201900002244,11,27,19:05,5,2,1,2.0,3.0,43089,PUY (AVENUE DU),M,"45,0451666","3,8727343",43,2019,50.0,5.0,2.0,3.0,2147188,4.0,2,4,2,5.0,,0.0,0,1986.0,B01,138Â 302Â 379,8.0,-1.0,-1.0,1639651,2.0,7,,1.0,2.0,6.0,B01,138Â 302Â 379,1.0
960714,201900002245,12,9,08:00,2,2,3,2.0,6.0,73137,D7 SAINT CASSIN (ROUTE DE),M,"45,5575560","5,9064267",73,2019,30.0,1.0,2.0,3.0,2147189,1.0,1,1,1,5.0,,-1.0, -1,1975.0,A01,138Â 302Â 375,1.0,8.0,-1.0,1639652,3.0,7,,0.0,1.0,3.0,A01,138Â 302Â 375,1.0
960714,201900002245,12,9,08:00,2,2,3,2.0,6.0,73137,D7 SAINT CASSIN (ROUTE DE),M,"45,5575560","5,9064267",73,2019,30.0,1.0,2.0,3.0,2147190,10.0,3,4,2,0.0,,3.0,3,1970.0,A01,138Â 302Â 375,0.0,-1.0,-1.0,1639652,3.0,7,,0.0,1.0,3.0,A01,138Â 302Â 375,1.0
960715,201900002246,12,21,19:35,5,2,1,6.0,7.0,29003,64 Rue du 14 Juillet,M,"48,0258970"," -4,5466160",29,2019,50.0,1.0,2.0,3.0,2147191,1.0,1,3,1,0.0,,0.0,0,2002.0,A01,138Â 302Â 374,2.0,6.0,-1.0,1639653,2.0,2,,1.0,0.0,1.0,A01,138Â 302Â 374,1.0
960716,201900002247,7,27,10:25,1,2,8,1.0,-1.0,18027,Avenue de la gare,M,"47,0006059","2,7490067",18,2019,-1.0,6.0,1.0,3.0,2147192,10.0,3,2,1,5.0,,4.0,3,1925.0,A01,138Â 302Â 373,-1.0,-1.0,-1.0,1639654,-1.0,39,,-1.0,1.0,-1.0,A01,138Â 302Â 373,-1.0
960717,201900002248,12,23,18:00,5,2,1,2.0,6.0,73065,TURIN (AVENUE),M,"45,5691798","5,9315425",73,2019,50.0,1.0,2.0,4.0,2147193,1.0,1,1,2,0.0,,0.0,0,1969.0,A01,138Â 302Â 370,1.0,0.0,-1.0,1639655,3.0,7,,0.0,1.0,2.0,A01,138Â 302Â 370,1.0
960717,201900002248,12,23,18:00,5,2,1,2.0,6.0,73065,TURIN (AVENUE),M,"45,5691798","5,9315425",73,2019,50.0,1.0,2.0,4.0,2147194,10.0,3,3,2,0.0,,2.0,4,1948.0,A01,138Â 302Â 370,0.0,-1.0,-1.0,1639655,3.0,7,,0.0,1.0,2.0,A01,138Â 302Â 370,1.0
960718,201900002249,11,20,18:23,5,2,1,1.0,3.0,92019,JAURES JEAN (RUE),M,"48,7672200","2,2549000",92,2019,50.0,1.0,1.0,4.0,2147195,1.0,1,1,1,0.0,,-1.0, -1,1972.0,A01,138Â 302Â 366,1.0,0.0,-1.0,1639656,1.0,7,,0.0,2.0,1.0,A01,138Â 302Â 366,1.0
960718,201900002249,11,20,18:23,5,2,1,1.0,3.0,92019,JAURES JEAN (RUE),M,"48,7672200","2,2549000",92,2019,50.0,1.0,1.0,4.0,2147195,1.0,1,1,1,0.0,,-1.0, -1,1972.0,A01,138Â 302Â 366,1.0,0.0,-1.0,1639657,2.0,7,,0.0,2.0,1.0,B01,138Â 302Â 367,1.0
960718,201900002249,11,20,18:23,5,2,1,1.0,3.0,92019,JAURES JEAN (RUE),M,"48,7672200","2,2549000",92,2019,50.0,1.0,1.0,4.0,2147196,1.0,1,4,2,5.0,,-1.0,0,1977.0,B01,138Â 302Â 367,1.0,0.0,-1.0,1639656,1.0,7,,0.0,2.0,1.0,A01,138Â 302Â 366,1.0
960718,201900002249,11,20,18:23,5,2,1,1.0,3.0,92019,JAURES JEAN (RUE),M,"48,7672200","2,2549000",92,2019,50.0,1.0,1.0,4.0,2147196,1.0,1,4,2,5.0,,-1.0,0,1977.0,B01,138Â 302Â 367,1.0,0.0,-1.0,1639657,2.0,7,,0.0,2.0,1.0,B01,138Â 302Â 367,1.0
960719,201900002250,10,21,07:35,5,2,1,2.0,6.0,50615,rue du chemin vert,M,"49,5081240"," -1,4872030",50,2019,50.0,1.0,2.0,3.0,2147197,1.0,1,3,1,1.0,,0.0,0,2004.0,A01,138Â 302Â 365,2.0,6.0,-1.0,1639658,0.0,2,,8.0,0.0,1.0,A01,138Â 302Â 365,1.0
960720,201900002251,10,3,08:55,1,2,3,1.0,6.0,50602,LECLERC (RUE DU GENERAL),M,"49,6397200"," -1,6023400",50,2019,30.0,1.0,1.0,4.0,2147198,1.0,1,4,1,1.0,,0.0,0,1978.0,A01,138Â 302Â 364,2.0,6.0,-1.0,1639659,0.0,2,,0.0,0.0,1.0,A01,138Â 302Â 364,1.0
960721,201900002252,8,30,15:10,1,2,1,1.0,2.0,50129,ABBAYE (RUE DE L'),M,"49,6463600"," -1,6414500",50,2019,50.0,1.0,1.0,3.0,2147199,1.0,1,1,2,1.0,,-1.0,0,1997.0,A01,138Â 302Â 362,1.0,0.0,-1.0,1639660,1.0,7,,0.0,2.0,1.0,A01,138Â 302Â 362,1.0
960721,201900002252,8,30,15:10,1,2,1,1.0,2.0,50129,ABBAYE (RUE DE L'),M,"49,6463600"," -1,6414500",50,2019,50.0,1.0,1.0,3.0,2147199,1.0,1,1,2,1.0,,-1.0,0,1997.0,A01,138Â 302Â 362,1.0,0.0,-1.0,1639661,1.0,7,,0.0,2.0,4.0,B01,138Â 302Â 363,1.0
960721,201900002252,8,30,15:10,1,2,1,1.0,2.0,50129,ABBAYE (RUE DE L'),M,"49,6463600"," -1,6414500",50,2019,50.0,1.0,1.0,3.0,2147200,1.0,1,1,2,5.0,,-1.0,0,1967.0,B01,138Â 302Â 363,1.0,0.0,-1.0,1639660,1.0,7,,0.0,2.0,1.0,A01,138Â 302Â 362,1.0
960721,201900002252,8,30,15:10,1,2,1,1.0,2.0,50129,ABBAYE (RUE DE L'),M,"49,6463600"," -1,6414500",50,2019,50.0,1.0,1.0,3.0,2147200,1.0,1,1,2,5.0,,-1.0,0,1967.0,B01,138Â 302Â 363,1.0,0.0,-1.0,1639661,1.0,7,,0.0,2.0,4.0,B01,138Â 302Â 363,1.0
960721,201900002252,8,30,15:10,1,2,1,1.0,2.0,50129,ABBAYE (RUE DE L'),M,"49,6463600"," -1,6414500",50,2019,50.0,1.0,1.0,3.0,2147201,2.0,2,4,2,5.0,,-1.0,0,1973.0,B01,138Â 302Â 363,1.0,0.0,-1.0,1639660,1.0,7,,0.0,2.0,1.0,A01,138Â 302Â 362,1.0
960721,201900002252,8,30,15:10,1,2,1,1.0,2.0,50129,ABBAYE (RUE DE L'),M,"49,6463600"," -1,6414500",50,2019,50.0,1.0,1.0,3.0,2147201,2.0,2,4,2,5.0,,-1.0,0,1973.0,B01,138Â 302Â 363,1.0,0.0,-1.0,1639661,1.0,7,,0.0,2.0,4.0,B01,138Â 302Â 363,1.0
960721,201900002252,8,30,15:10,1,2,1,1.0,2.0,50129,ABBAYE (RUE DE L'),M,"49,6463600"," -1,6414500",50,2019,50.0,1.0,1.0,3.0,2147202,5.0,2,4,2,5.0,,-1.0,0,1998.0,B01,138Â 302Â 363,1.0,0.0,-1.0,1639660,1.0,7,,0.0,2.0,1.0,A01,138Â 302Â 362,1.0
960721,201900002252,8,30,15:10,1,2,1,1.0,2.0,50129,ABBAYE (RUE DE L'),M,"49,6463600"," -1,6414500",50,2019,50.0,1.0,1.0,3.0,2147202,5.0,2,4,2,5.0,,-1.0,0,1998.0,B01,138Â 302Â 363,1.0,0.0,-1.0,1639661,1.0,7,,0.0,2.0,4.0,B01,138Â 302Â 363,1.0
960722,201900002253,8,25,14:50,1,2,1,1.0,3.0,50502,STRASBOURG (bld),M,"49,0991100"," -1,1119500",50,2019,80.0,1.0,1.0,4.0,2147203,2.0,2,4,2,5.0,,0.0,0,1963.0,B01,138Â 302Â 360,2.0,8.0,-1.0,1639662,1.0,33,,0.0,2.0,3.0,B01,138Â 302Â 360,1.0
960722,201900002253,8,25,14:50,1,2,1,1.0,3.0,50502,STRASBOURG (bld),M,"49,0991100"," -1,1119500",50,2019,80.0,1.0,1.0,4.0,2147203,2.0,2,4,2,5.0,,0.0,0,1963.0,B01,138Â 302Â 360,2.0,8.0,-1.0,1639663,1.0,7,,0.0,2.0,3.0,A01,138Â 302Â 361,1.0
960722,201900002253,8,25,14:50,1,2,1,1.0,3.0,50502,STRASBOURG (bld),M,"49,0991100"," -1,1119500",50,2019,80.0,1.0,1.0,4.0,2147204,1.0,1,4,1,5.0,,0.0,0,1960.0,B01,138Â 302Â 360,2.0,8.0,-1.0,1639662,1.0,33,,0.0,2.0,3.0,B01,138Â 302Â 360,1.0
960722,201900002253,8,25,14:50,1,2,1,1.0,3.0,50502,STRASBOURG (bld),M,"49,0991100"," -1,1119500",50,2019,80.0,1.0,1.0,4.0,2147204,1.0,1,4,1,5.0,,0.0,0,1960.0,B01,138Â 302Â 360,2.0,8.0,-1.0,1639663,1.0,7,,0.0,2.0,3.0,A01,138Â 302Â 361,1.0
960722,201900002253,8,25,14:50,1,2,1,1.0,3.0,50502,STRASBOURG (bld),M,"49,0991100"," -1,1119500",50,2019,80.0,1.0,1.0,4.0,2147205,3.0,2,1,2,5.0,,0.0,0,1996.0,A01,138Â 302Â 361,1.0,8.0,-1.0,1639662,1.0,33,,0.0,2.0,3.0,B01,138Â 302Â 360,1.0
960722,201900002253,8,25,14:50,1,2,1,1.0,3.0,50502,STRASBOURG (bld),M,"49,0991100"," -1,1119500",50,2019,80.0,1.0,1.0,4.0,2147205,3.0,2,1,2,5.0,,0.0,0,1996.0,A01,138Â 302Â 361,1.0,8.0,-1.0,1639663,1.0,7,,0.0,2.0,3.0,A01,138Â 302Â 361,1.0
960722,201900002253,8,25,14:50,1,2,1,1.0,3.0,50502,STRASBOURG (bld),M,"49,0991100"," -1,1119500",50,2019,80.0,1.0,1.0,4.0,2147206,2.0,2,1,1,5.0,,0.0,0,2019.0,A01,138Â 302Â 361,3.0,0.0,-1.0,1639662,1.0,33,,0.0,2.0,3.0,B01,138Â 302Â 360,1.0
960722,201900002253,8,25,14:50,1,2,1,1.0,3.0,50502,STRASBOURG (bld),M,"49,0991100"," -1,1119500",50,2019,80.0,1.0,1.0,4.0,2147206,2.0,2,1,1,5.0,,0.0,0,2019.0,A01,138Â 302Â 361,3.0,0.0,-1.0,1639663,1.0,7,,0.0,2.0,3.0,A01,138Â 302Â 361,1.0
960722,201900002253,8,25,14:50,1,2,1,1.0,3.0,50502,STRASBOURG (bld),M,"49,0991100"," -1,1119500",50,2019,80.0,1.0,1.0,4.0,2147207,1.0,1,1,1,5.0,,0.0,0,1989.0,A01,138Â 302Â 361,8.0,0.0,-1.0,1639662,1.0,33,,0.0,2.0,3.0,B01,138Â 302Â 360,1.0
960722,201900002253,8,25,14:50,1,2,1,1.0,3.0,50502,STRASBOURG (bld),M,"49,0991100"," -1,1119500",50,2019,80.0,1.0,1.0,4.0,2147207,1.0,1,1,1,5.0,,0.0,0,1989.0,A01,138Â 302Â 361,8.0,0.0,-1.0,1639663,1.0,7,,0.0,2.0,3.0,A01,138Â 302Â 361,1.0
960723,201900002254,11,11,18:50,1,2,2,1.0,3.0,29019,DEUXIEME DB,M,"48,3921200"," -4,4831000",29,2019,50.0,1.0,1.0,4.0,2147208,1.0,1,3,1,0.0,,-1.0, -1,2003.0,A01,138Â 302Â 358,8.0,0.0,-1.0,1639664,3.0,30,,0.0,2.0,1.0,A01,138Â 302Â 358,1.0
960723,201900002254,11,11,18:50,1,2,2,1.0,3.0,29019,DEUXIEME DB,M,"48,3921200"," -4,4831000",29,2019,50.0,1.0,1.0,4.0,2147208,1.0,1,3,1,0.0,,-1.0, -1,2003.0,A01,138Â 302Â 358,8.0,0.0,-1.0,1639665,3.0,7,,0.0,2.0,7.0,B01,138Â 302Â 359,1.0
960723,201900002254,11,11,18:50,1,2,2,1.0,3.0,29019,DEUXIEME DB,M,"48,3921200"," -4,4831000",29,2019,50.0,1.0,1.0,4.0,2147209,1.0,1,1,2,3.0,,0.0,0,1988.0,B01,138Â 302Â 359,1.0,8.0,-1.0,1639664,3.0,30,,0.0,2.0,1.0,A01,138Â 302Â 358,1.0
960723,201900002254,11,11,18:50,1,2,2,1.0,3.0,29019,DEUXIEME DB,M,"48,3921200"," -4,4831000",29,2019,50.0,1.0,1.0,4.0,2147209,1.0,1,1,2,3.0,,0.0,0,1988.0,B01,138Â 302Â 359,1.0,8.0,-1.0,1639665,3.0,7,,0.0,2.0,7.0,B01,138Â 302Â 359,1.0
960724,201900002255,7,1,11:40,1,1,1,7.0,6.0,06077,164 Route de l'Authion,M,"43,8820810","7,3594460",6,2019,80.0,1.0,1.0,3.0,2147210,1.0,1,3,1,5.0,,0.0,0,1965.0,A01,138Â 302Â 357,2.0,-1.0,-1.0,1639666,2.0,1,,8.0,0.0,1.0,A01,138Â 302Â 357,6.0
960725,201900002256,12,13,18:45,2,2,1,3.0,6.0,33334,RD1113 (32 Rte des Graves),M,"44,6894500"," -0,4211800",33,2019,50.0,1.0,2.0,3.0,2147211,10.0,3,4,2,9.0,,3.0,3,2015.0,A01,138Â 302Â 355,-1.0,-1.0,-1.0,1639667,2.0,7,,0.0,1.0,2.0,A01,138Â 302Â 355,1.0
960725,201900002256,12,13,18:45,2,2,1,3.0,6.0,33334,RD1113 (32 Rte des Graves),M,"44,6894500"," -0,4211800",33,2019,50.0,1.0,2.0,3.0,2147212,10.0,3,4,2,9.0,,3.0,3,1989.0,A01,138Â 302Â 355,-1.0,-1.0,-1.0,1639667,2.0,7,,0.0,1.0,2.0,A01,138Â 302Â 355,1.0
960725,201900002256,12,13,18:45,2,2,1,3.0,6.0,33334,RD1113 (32 Rte des Graves),M,"44,6894500"," -0,4211800",33,2019,50.0,1.0,2.0,3.0,2147213,1.0,1,1,1,5.0,,-1.0, -1,1952.0,A01,138Â 302Â 355,-1.0,-1.0,-1.0,1639667,2.0,7,,0.0,1.0,2.0,A01,138Â 302Â 355,1.0
960726,201900002257,8,23,15:50,1,1,1,1.0,1.0,50147,ROCADE NORD,M,"49,0692500"," -1,4275300",50,2019,90.0,1.0,1.0,3.0,2147214,1.0,1,4,2,5.0,,0.0,0,1950.0,A01,138Â 302Â 353,1.0,0.0,-1.0,1639668,1.0,7,,0.0,2.0,1.0,A01,138Â 302Â 353,1.0
960726,201900002257,8,23,15:50,1,1,1,1.0,1.0,50147,ROCADE NORD,M,"49,0692500"," -1,4275300",50,2019,90.0,1.0,1.0,3.0,2147214,1.0,1,4,2,5.0,,0.0,0,1950.0,A01,138Â 302Â 353,1.0,0.0,-1.0,1639669,2.0,7,,0.0,2.0,1.0,B01,138Â 302Â 354,1.0
960726,201900002257,8,23,15:50,1,1,1,1.0,1.0,50147,ROCADE NORD,M,"49,0692500"," -1,4275300",50,2019,90.0,1.0,1.0,3.0,2147215,3.0,2,1,1,5.0,,0.0,0,2016.0,B01,138Â 302Â 354,3.0,0.0,-1.0,1639668,1.0,7,,0.0,2.0,1.0,A01,138Â 302Â 353,1.0
960726,201900002257,8,23,15:50,1,1,1,1.0,1.0,50147,ROCADE NORD,M,"49,0692500"," -1,4275300",50,2019,90.0,1.0,1.0,3.0,2147215,3.0,2,1,1,5.0,,0.0,0,2016.0,B01,138Â 302Â 354,3.0,0.0,-1.0,1639669,2.0,7,,0.0,2.0,1.0,B01,138Â 302Â 354,1.0
960726,201900002257,8,23,15:50,1,1,1,1.0,1.0,50147,ROCADE NORD,M,"49,0692500"," -1,4275300",50,2019,90.0,1.0,1.0,3.0,2147216,1.0,1,4,2,5.0,,0.0,0,1987.0,B01,138Â 302Â 354,1.0,0.0,-1.0,1639668,1.0,7,,0.0,2.0,1.0,A01,138Â 302Â 353,1.0
960726,201900002257,8,23,15:50,1,1,1,1.0,1.0,50147,ROCADE NORD,M,"49,0692500"," -1,4275300",50,2019,90.0,1.0,1.0,3.0,2147216,1.0,1,4,2,5.0,,0.0,0,1987.0,B01,138Â 302Â 354,1.0,0.0,-1.0,1639669,2.0,7,,0.0,2.0,1.0,B01,138Â 302Â 354,1.0
960727,201900002258,11,11,19:30,3,1,2,8.0,3.0,33208,RD103 / RD102E2,M,"45,3835070"," -0,9561500",33,2019,80.0,8.0,2.0,3.0,2147217,1.0,1,4,1,1.0,,0.0,0,1997.0,B01,138Â 302Â 351,1.0,-1.0,-1.0,1639670,2.0,7,,0.0,2.0,1.0,B01,138Â 302Â 351,0.0
960727,201900002258,11,11,19:30,3,1,2,8.0,3.0,33208,RD103 / RD102E2,M,"45,3835070"," -0,9561500",33,2019,80.0,8.0,2.0,3.0,2147217,1.0,1,4,1,1.0,,0.0,0,1997.0,B01,138Â 302Â 351,1.0,-1.0,-1.0,1639671,2.0,7,,7.0,2.0,8.0,A01,138Â 302Â 352,0.0