Unnamed: 0_x,num_acc,mois,jour,hrmn,lum,agg,int,atm,col,com,adr,gps,lat,long,dep,annee,vma,situ,surf,catr,Unnamed: 0_y,place,catu,grav,sexe,trajet,secu,locp,actp,an_nais,num_veh_x,id_vehicule_x,secu1,secu2,secu3,Unnamed: 0,senc,catv,occutc,obs,obsm,choc,num_veh_y,id_vehicule_y,motor
960727,201900002258,11,11,19:30,3,1,2,8.0,3.0,33208,RD103 / RD102E2,M,"45,3835070"," -0,9561500",33,2019,80.0,8.0,2.0,3.0,2147218,1.0,1,2,1,5.0,,0.0,0,1957.0,A01,138Â 302Â 352,0.0,-1.0,-1.0,1639670,2.0,7,,0.0,2.0,1.0,B01,138Â 302Â 351,0.0
960727,201900002258,11,11,19:30,3,1,2,8.0,3.0,33208,RD103 / RD102E2,M,"45,3835070"," -0,9561500",33,2019,80.0,8.0,2.0,3.0,2147218,1.0,1,2,1,5.0,,0.0,0,1957.0,A01,138Â 302Â 352,0.0,-1.0,-1.0,1639671,2.0,7,,7.0,2.0,8.0,A01,138Â 302Â 352,0.0
960728,201900002259,4,6,08:40,1,1,1,1.0,6.0,11170,,M,"43,1339790","3,1039670",11,2019,80.0,3.0,2.0,9.0,2147219,1.0,1,2,1,5.0,,0.0,0,1938.0,A01,138Â 302Â 341,8.0,-1.0,-1.0,1639672,3.0,7,,15.0,0.0,2.0,A01,138Â 302Â 341,1.0
960729,201900002260,2,4,21:00,5,2,1,1.0,7.0,66141,route de PERPIGNAN,M,"42,7351450","2,9047750",66,2019,50.0,3.0,1.0,9.0,2147220,1.0,1,2,1,0.0,,0.0,0,1951.0,A01,138Â 302Â 321,0.0,-1.0,-1.0,1639673,0.0,32,,0.0,0.0,0.0,A01,138Â 302Â 321,0.0
960730,201900002261,9,19,19:15,1,1,1,7.0,4.0,78090,A13,M,"48,9702300","1,9057100",78,2019,130.0,1.0,1.0,1.0,2147221,2.0,2,1,1,1.0,,-1.0, -1,1991.0,A01,138Â 302Â 309,1.0,0.0,-1.0,1639674,2.0,10,,0.0,2.0,1.0,A01,138Â 302Â 309,1.0
960730,201900002261,9,19,19:15,1,1,1,7.0,4.0,78090,A13,M,"48,9702300","1,9057100",78,2019,130.0,1.0,1.0,1.0,2147221,2.0,2,1,1,1.0,,-1.0, -1,1991.0,A01,138Â 302Â 309,1.0,0.0,-1.0,1639675,2.0,7,,0.0,2.0,4.0,B01,138Â 302Â 310,1.0
960730,201900002261,9,19,19:15,1,1,1,7.0,4.0,78090,A13,M,"48,9702300","1,9057100",78,2019,130.0,1.0,1.0,1.0,2147221,2.0,2,1,1,1.0,,-1.0, -1,1991.0,A01,138Â 302Â 309,1.0,0.0,-1.0,1639676,2.0,7,,0.0,2.0,4.0,C01,138Â 302Â 311,1.0
960730,201900002261,9,19,19:15,1,1,1,7.0,4.0,78090,A13,M,"48,9702300","1,9057100",78,2019,130.0,1.0,1.0,1.0,2147221,2.0,2,1,1,1.0,,-1.0, -1,1991.0,A01,138Â 302Â 309,1.0,0.0,-1.0,1639677,2.0,7,,0.0,2.0,4.0,D01,138Â 302Â 312,1.0
960730,201900002261,9,19,19:15,1,1,1,7.0,4.0,78090,A13,M,"48,9702300","1,9057100",78,2019,130.0,1.0,1.0,1.0,2147221,2.0,2,1,1,1.0,,-1.0, -1,1991.0,A01,138Â 302Â 309,1.0,0.0,-1.0,1639678,2.0,7,,0.0,2.0,4.0,E01,138Â 302Â 313,1.0
960730,201900002261,9,19,19:15,1,1,1,7.0,4.0,78090,A13,M,"48,9702300","1,9057100",78,2019,130.0,1.0,1.0,1.0,2147222,1.0,1,1,1,1.0,,-1.0, -1,1985.0,A01,138Â 302Â 309,1.0,0.0,-1.0,1639674,2.0,10,,0.0,2.0,1.0,A01,138Â 302Â 309,1.0
960730,201900002261,9,19,19:15,1,1,1,7.0,4.0,78090,A13,M,"48,9702300","1,9057100",78,2019,130.0,1.0,1.0,1.0,2147222,1.0,1,1,1,1.0,,-1.0, -1,1985.0,A01,138Â 302Â 309,1.0,0.0,-1.0,1639675,2.0,7,,0.0,2.0,4.0,B01,138Â 302Â 310,1.0
960730,201900002261,9,19,19:15,1,1,1,7.0,4.0,78090,A13,M,"48,9702300","1,9057100",78,2019,130.0,1.0,1.0,1.0,2147222,1.0,1,1,1,1.0,,-1.0, -1,1985.0,A01,138Â 302Â 309,1.0,0.0,-1.0,1639676,2.0,7,,0.0,2.0,4.0,C01,138Â 302Â 311,1.0
960730,201900002261,9,19,19:15,1,1,1,7.0,4.0,78090,A13,M,"48,9702300","1,9057100",78,2019,130.0,1.0,1.0,1.0,2147222,1.0,1,1,1,1.0,,-1.0, -1,1985.0,A01,138Â 302Â 309,1.0,0.0,-1.0,1639677,2.0,7,,0.0,2.0,4.0,D01,138Â 302Â 312,1.0
960730,201900002261,9,19,19:15,1,1,1,7.0,4.0,78090,A13,M,"48,9702300","1,9057100",78,2019,130.0,1.0,1.0,1.0,2147222,1.0,1,1,1,1.0,,-1.0, -1,1985.0,A01,138Â 302Â 309,1.0,0.0,-1.0,1639678,2.0,7,,0.0,2.0,4.0,E01,138Â 302Â 313,1.0
960730,201900002261,9,19,19:15,1,1,1,7.0,4.0,78090,A13,M,"48,9702300","1,9057100",78,2019,130.0,1.0,1.0,1.0,2147223,1.0,1,4,1,4.0,,-1.0, -1,1969.0,B01,138Â 302Â 310,1.0,0.0,-1.0,1639674,2.0,10,,0.0,2.0,1.0,A01,138Â 302Â 309,1.0
960730,201900002261,9,19,19:15,1,1,1,7.0,4.0,78090,A13,M,"48,9702300","1,9057100",78,2019,130.0,1.0,1.0,1.0,2147223,1.0,1,4,1,4.0,,-1.0, -1,1969.0,B01,138Â 302Â 310,1.0,0.0,-1.0,1639675,2.0,7,,0.0,2.0,4.0,B01,138Â 302Â 310,1.0
960730,201900002261,9,19,19:15,1,1,1,7.0,4.0,78090,A13,M,"48,9702300","1,9057100",78,2019,130.0,1.0,1.0,1.0,2147223,1.0,1,4,1,4.0,,-1.0, -1,1969.0,B01,138Â 302Â 310,1.0,0.0,-1.0,1639676,2.0,7,,0.0,2.0,4.0,C01,138Â 302Â 311,1.0
960730,201900002261,9,19,19:15,1,1,1,7.0,4.0,78090,A13,M,"48,9702300","1,9057100",78,2019,130.0,1.0,1.0,1.0,2147223,1.0,1,4,1,4.0,,-1.0, -1,1969.0,B01,138Â 302Â 310,1.0,0.0,-1.0,1639677,2.0,7,,0.0,2.0,4.0,D01,138Â 302Â 312,1.0
960730,201900002261,9,19,19:15,1,1,1,7.0,4.0,78090,A13,M,"48,9702300","1,9057100",78,2019,130.0,1.0,1.0,1.0,2147223,1.0,1,4,1,4.0,,-1.0, -1,1969.0,B01,138Â 302Â 310,1.0,0.0,-1.0,1639678,2.0,7,,0.0,2.0,4.0,E01,138Â 302Â 313,1.0
960730,201900002261,9,19,19:15,1,1,1,7.0,4.0,78090,A13,M,"48,9702300","1,9057100",78,2019,130.0,1.0,1.0,1.0,2147224,2.0,2,1,1,4.0,,-1.0, -1,1962.0,C01,138Â 302Â 311,8.0,0.0,-1.0,1639674,2.0,10,,0.0,2.0,1.0,A01,138Â 302Â 309,1.0
960730,201900002261,9,19,19:15,1,1,1,7.0,4.0,78090,A13,M,"48,9702300","1,9057100",78,2019,130.0,1.0,1.0,1.0,2147224,2.0,2,1,1,4.0,,-1.0, -1,1962.0,C01,138Â 302Â 311,8.0,0.0,-1.0,1639675,2.0,7,,0.0,2.0,4.0,B01,138Â 302Â 310,1.0
960730,201900002261,9,19,19:15,1,1,1,7.0,4.0,78090,A13,M,"48,9702300","1,9057100",78,2019,130.0,1.0,1.0,1.0,2147224,2.0,2,1,1,4.0,,-1.0, -1,1962.0,C01,138Â 302Â 311,8.0,0.0,-1.0,1639676,2.0,7,,0.0,2.0,4.0,C01,138Â 302Â 311,1.0
960730,201900002261,9,19,19:15,1,1,1,7.0,4.0,78090,A13,M,"48,9702300","1,9057100",78,2019,130.0,1.0,1.0,1.0,2147224,2.0,2,1,1,4.0,,-1.0, -1,1962.0,C01,138Â 302Â 311,8.0,0.0,-1.0,1639677,2.0,7,,0.0,2.0,4.0,D01,138Â 302Â 312,1.0
960730,201900002261,9,19,19:15,1,1,1,7.0,4.0,78090,A13,M,"48,9702300","1,9057100",78,2019,130.0,1.0,1.0,1.0,2147224,2.0,2,1,1,4.0,,-1.0, -1,1962.0,C01,138Â 302Â 311,8.0,0.0,-1.0,1639678,2.0,7,,0.0,2.0,4.0,E01,138Â 302Â 313,1.0
960730,201900002261,9,19,19:15,1,1,1,7.0,4.0,78090,A13,M,"48,9702300","1,9057100",78,2019,130.0,1.0,1.0,1.0,2147225,1.0,1,4,1,4.0,,-1.0, -1,1995.0,C01,138Â 302Â 311,1.0,0.0,-1.0,1639674,2.0,10,,0.0,2.0,1.0,A01,138Â 302Â 309,1.0
960730,201900002261,9,19,19:15,1,1,1,7.0,4.0,78090,A13,M,"48,9702300","1,9057100",78,2019,130.0,1.0,1.0,1.0,2147225,1.0,1,4,1,4.0,,-1.0, -1,1995.0,C01,138Â 302Â 311,1.0,0.0,-1.0,1639675,2.0,7,,0.0,2.0,4.0,B01,138Â 302Â 310,1.0
960730,201900002261,9,19,19:15,1,1,1,7.0,4.0,78090,A13,M,"48,9702300","1,9057100",78,2019,130.0,1.0,1.0,1.0,2147225,1.0,1,4,1,4.0,,-1.0, -1,1995.0,C01,138Â 302Â 311,1.0,0.0,-1.0,1639676,2.0,7,,0.0,2.0,4.0,C01,138Â 302Â 311,1.0
960730,201900002261,9,19,19:15,1,1,1,7.0,4.0,78090,A13,M,"48,9702300","1,9057100",78,2019,130.0,1.0,1.0,1.0,2147225,1.0,1,4,1,4.0,,-1.0, -1,1995.0,C01,138Â 302Â 311,1.0,0.0,-1.0,1639677,2.0,7,,0.0,2.0,4.0,D01,138Â 302Â 312,1.0
960730,201900002261,9,19,19:15,1,1,1,7.0,4.0,78090,A13,M,"48,9702300","1,9057100",78,2019,130.0,1.0,1.0,1.0,2147225,1.0,1,4,1,4.0,,-1.0, -1,1995.0,C01,138Â 302Â 311,1.0,0.0,-1.0,1639678,2.0,7,,0.0,2.0,4.0,E01,138Â 302Â 313,1.0
960730,201900002261,9,19,19:15,1,1,1,7.0,4.0,78090,A13,M,"48,9702300","1,9057100",78,2019,130.0,1.0,1.0,1.0,2147226,1.0,1,1,1,1.0,,-1.0, -1,1966.0,D01,138Â 302Â 312,1.0,0.0,-1.0,1639674,2.0,10,,0.0,2.0,1.0,A01,138Â 302Â 309,1.0
960730,201900002261,9,19,19:15,1,1,1,7.0,4.0,78090,A13,M,"48,9702300","1,9057100",78,2019,130.0,1.0,1.0,1.0,2147226,1.0,1,1,1,1.0,,-1.0, -1,1966.0,D01,138Â 302Â 312,1.0,0.0,-1.0,1639675,2.0,7,,0.0,2.0,4.0,B01,138Â 302Â 310,1.0
960730,201900002261,9,19,19:15,1,1,1,7.0,4.0,78090,A13,M,"48,9702300","1,9057100",78,2019,130.0,1.0,1.0,1.0,2147226,1.0,1,1,1,1.0,,-1.0, -1,1966.0,D01,138Â 302Â 312,1.0,0.0,-1.0,1639676,2.0,7,,0.0,2.0,4.0,C01,138Â 302Â 311,1.0
960730,201900002261,9,19,19:15,1,1,1,7.0,4.0,78090,A13,M,"48,9702300","1,9057100",78,2019,130.0,1.0,1.0,1.0,2147226,1.0,1,1,1,1.0,,-1.0, -1,1966.0,D01,138Â 302Â 312,1.0,0.0,-1.0,1639677,2.0,7,,0.0,2.0,4.0,D01,138Â 302Â 312,1.0
960730,201900002261,9,19,19:15,1,1,1,7.0,4.0,78090,A13,M,"48,9702300","1,9057100",78,2019,130.0,1.0,1.0,1.0,2147226,1.0,1,1,1,1.0,,-1.0, -1,1966.0,D01,138Â 302Â 312,1.0,0.0,-1.0,1639678,2.0,7,,0.0,2.0,4.0,E01,138Â 302Â 313,1.0
960730,201900002261,9,19,19:15,1,1,1,7.0,4.0,78090,A13,M,"48,9702300","1,9057100",78,2019,130.0,1.0,1.0,1.0,2147227,1.0,1,1,2,1.0,,-1.0, -1,1989.0,E01,138Â 302Â 313,1.0,0.0,-1.0,1639674,2.0,10,,0.0,2.0,1.0,A01,138Â 302Â 309,1.0
960730,201900002261,9,19,19:15,1,1,1,7.0,4.0,78090,A13,M,"48,9702300","1,9057100",78,2019,130.0,1.0,1.0,1.0,2147227,1.0,1,1,2,1.0,,-1.0, -1,1989.0,E01,138Â 302Â 313,1.0,0.0,-1.0,1639675,2.0,7,,0.0,2.0,4.0,B01,138Â 302Â 310,1.0
960730,201900002261,9,19,19:15,1,1,1,7.0,4.0,78090,A13,M,"48,9702300","1,9057100",78,2019,130.0,1.0,1.0,1.0,2147227,1.0,1,1,2,1.0,,-1.0, -1,1989.0,E01,138Â 302Â 313,1.0,0.0,-1.0,1639676,2.0,7,,0.0,2.0,4.0,C01,138Â 302Â 311,1.0
960730,201900002261,9,19,19:15,1,1,1,7.0,4.0,78090,A13,M,"48,9702300","1,9057100",78,2019,130.0,1.0,1.0,1.0,2147227,1.0,1,1,2,1.0,,-1.0, -1,1989.0,E01,138Â 302Â 313,1.0,0.0,-1.0,1639677,2.0,7,,0.0,2.0,4.0,D01,138Â 302Â 312,1.0
960730,201900002261,9,19,19:15,1,1,1,7.0,4.0,78090,A13,M,"48,9702300","1,9057100",78,2019,130.0,1.0,1.0,1.0,2147227,1.0,1,1,2,1.0,,-1.0, -1,1989.0,E01,138Â 302Â 313,1.0,0.0,-1.0,1639678,2.0,7,,0.0,2.0,4.0,E01,138Â 302Â 313,1.0
960731,201900002262,9,20,21:00,3,1,1,1.0,4.0,95306,AUTOROUTE A15,M,"48,9966900","2,1804100",95,2019,110.0,1.0,1.0,1.0,2147228,1.0,1,4,2,5.0,,-1.0,0,1964.0,A01,138Â 302Â 306,1.0,0.0,-1.0,1639679,1.0,7,,0.0,2.0,1.0,A01,138Â 302Â 306,1.0
960731,201900002262,9,20,21:00,3,1,1,1.0,4.0,95306,AUTOROUTE A15,M,"48,9966900","2,1804100",95,2019,110.0,1.0,1.0,1.0,2147228,1.0,1,4,2,5.0,,-1.0,0,1964.0,A01,138Â 302Â 306,1.0,0.0,-1.0,1639680,1.0,7,,0.0,2.0,4.0,B01,138Â 302Â 307,1.0
960731,201900002262,9,20,21:00,3,1,1,1.0,4.0,95306,AUTOROUTE A15,M,"48,9966900","2,1804100",95,2019,110.0,1.0,1.0,1.0,2147228,1.0,1,4,2,5.0,,-1.0,0,1964.0,A01,138Â 302Â 306,1.0,0.0,-1.0,1639681,1.0,7,,0.0,2.0,4.0,C01,138Â 302Â 308,1.0
960731,201900002262,9,20,21:00,3,1,1,1.0,4.0,95306,AUTOROUTE A15,M,"48,9966900","2,1804100",95,2019,110.0,1.0,1.0,1.0,2147229,2.0,2,4,2,5.0,,-1.0,0,2000.0,B01,138Â 302Â 307,1.0,0.0,-1.0,1639679,1.0,7,,0.0,2.0,1.0,A01,138Â 302Â 306,1.0
960731,201900002262,9,20,21:00,3,1,1,1.0,4.0,95306,AUTOROUTE A15,M,"48,9966900","2,1804100",95,2019,110.0,1.0,1.0,1.0,2147229,2.0,2,4,2,5.0,,-1.0,0,2000.0,B01,138Â 302Â 307,1.0,0.0,-1.0,1639680,1.0,7,,0.0,2.0,4.0,B01,138Â 302Â 307,1.0
960731,201900002262,9,20,21:00,3,1,1,1.0,4.0,95306,AUTOROUTE A15,M,"48,9966900","2,1804100",95,2019,110.0,1.0,1.0,1.0,2147229,2.0,2,4,2,5.0,,-1.0,0,2000.0,B01,138Â 302Â 307,1.0,0.0,-1.0,1639681,1.0,7,,0.0,2.0,4.0,C01,138Â 302Â 308,1.0
960731,201900002262,9,20,21:00,3,1,1,1.0,4.0,95306,AUTOROUTE A15,M,"48,9966900","2,1804100",95,2019,110.0,1.0,1.0,1.0,2147230,1.0,1,4,1,5.0,,-1.0,0,1999.0,B01,138Â 302Â 307,1.0,0.0,-1.0,1639679,1.0,7,,0.0,2.0,1.0,A01,138Â 302Â 306,1.0
960731,201900002262,9,20,21:00,3,1,1,1.0,4.0,95306,AUTOROUTE A15,M,"48,9966900","2,1804100",95,2019,110.0,1.0,1.0,1.0,2147230,1.0,1,4,1,5.0,,-1.0,0,1999.0,B01,138Â 302Â 307,1.0,0.0,-1.0,1639680,1.0,7,,0.0,2.0,4.0,B01,138Â 302Â 307,1.0
960731,201900002262,9,20,21:00,3,1,1,1.0,4.0,95306,AUTOROUTE A15,M,"48,9966900","2,1804100",95,2019,110.0,1.0,1.0,1.0,2147230,1.0,1,4,1,5.0,,-1.0,0,1999.0,B01,138Â 302Â 307,1.0,0.0,-1.0,1639681,1.0,7,,0.0,2.0,4.0,C01,138Â 302Â 308,1.0
960731,201900002262,9,20,21:00,3,1,1,1.0,4.0,95306,AUTOROUTE A15,M,"48,9966900","2,1804100",95,2019,110.0,1.0,1.0,1.0,2147231,1.0,1,1,1,5.0,,-1.0,0,1977.0,C01,138Â 302Â 308,1.0,0.0,-1.0,1639679,1.0,7,,0.0,2.0,1.0,A01,138Â 302Â 306,1.0
960731,201900002262,9,20,21:00,3,1,1,1.0,4.0,95306,AUTOROUTE A15,M,"48,9966900","2,1804100",95,2019,110.0,1.0,1.0,1.0,2147231,1.0,1,1,1,5.0,,-1.0,0,1977.0,C01,138Â 302Â 308,1.0,0.0,-1.0,1639680,1.0,7,,0.0,2.0,4.0,B01,138Â 302Â 307,1.0
960731,201900002262,9,20,21:00,3,1,1,1.0,4.0,95306,AUTOROUTE A15,M,"48,9966900","2,1804100",95,2019,110.0,1.0,1.0,1.0,2147231,1.0,1,1,1,5.0,,-1.0,0,1977.0,C01,138Â 302Â 308,1.0,0.0,-1.0,1639681,1.0,7,,0.0,2.0,4.0,C01,138Â 302Â 308,1.0
960732,201900002263,9,20,16:00,1,1,1,1.0,3.0,93010,AUTOROUTE A3,M,"48,9065500","2,4724900",93,2019,90.0,1.0,1.0,1.0,2147232,1.0,1,4,1,0.0,,-1.0, -1,1995.0,B01,138Â 302Â 304,2.0,0.0,-1.0,1639682,1.0,34,,0.0,2.0,8.0,B01,138Â 302Â 304,1.0
960732,201900002263,9,20,16:00,1,1,1,1.0,3.0,93010,AUTOROUTE A3,M,"48,9065500","2,4724900",93,2019,90.0,1.0,1.0,1.0,2147232,1.0,1,4,1,0.0,,-1.0, -1,1995.0,B01,138Â 302Â 304,2.0,0.0,-1.0,1639683,1.0,7,,0.0,2.0,5.0,A01,138Â 302Â 305,1.0
960732,201900002263,9,20,16:00,1,1,1,1.0,3.0,93010,AUTOROUTE A3,M,"48,9065500","2,4724900",93,2019,90.0,1.0,1.0,1.0,2147233,1.0,1,1,1,0.0,,-1.0, -1,2000.0,A01,138Â 302Â 305,1.0,0.0,-1.0,1639682,1.0,34,,0.0,2.0,8.0,B01,138Â 302Â 304,1.0
960732,201900002263,9,20,16:00,1,1,1,1.0,3.0,93010,AUTOROUTE A3,M,"48,9065500","2,4724900",93,2019,90.0,1.0,1.0,1.0,2147233,1.0,1,1,1,0.0,,-1.0, -1,2000.0,A01,138Â 302Â 305,1.0,0.0,-1.0,1639683,1.0,7,,0.0,2.0,5.0,A01,138Â 302Â 305,1.0
960733,201900002264,9,19,22:30,4,1,1,1.0,5.0,95488,AUTOROUTE A15,M,"49,0152400","2,1452700",95,2019,110.0,1.0,1.0,1.0,2147234,1.0,1,4,2,5.0,,-1.0,0,1999.0,C01,138Â 302Â 301,1.0,8.0,-1.0,1639684,2.0,7,,0.0,2.0,6.0,C01,138Â 302Â 301,1.0
960733,201900002264,9,19,22:30,4,1,1,1.0,5.0,95488,AUTOROUTE A15,M,"49,0152400","2,1452700",95,2019,110.0,1.0,1.0,1.0,2147234,1.0,1,4,2,5.0,,-1.0,0,1999.0,C01,138Â 302Â 301,1.0,8.0,-1.0,1639685,2.0,7,,0.0,2.0,4.0,B01,138Â 302Â 302,1.0
960733,201900002264,9,19,22:30,4,1,1,1.0,5.0,95488,AUTOROUTE A15,M,"49,0152400","2,1452700",95,2019,110.0,1.0,1.0,1.0,2147234,1.0,1,4,2,5.0,,-1.0,0,1999.0,C01,138Â 302Â 301,1.0,8.0,-1.0,1639686,2.0,7,,0.0,2.0,1.0,A01,138Â 302Â 303,1.0
960733,201900002264,9,19,22:30,4,1,1,1.0,5.0,95488,AUTOROUTE A15,M,"49,0152400","2,1452700",95,2019,110.0,1.0,1.0,1.0,2147235,1.0,1,4,1,9.0,,-1.0, -1,1989.0,B01,138Â 302Â 302,1.0,8.0,-1.0,1639684,2.0,7,,0.0,2.0,6.0,C01,138Â 302Â 301,1.0
960733,201900002264,9,19,22:30,4,1,1,1.0,5.0,95488,AUTOROUTE A15,M,"49,0152400","2,1452700",95,2019,110.0,1.0,1.0,1.0,2147235,1.0,1,4,1,9.0,,-1.0, -1,1989.0,B01,138Â 302Â 302,1.0,8.0,-1.0,1639685,2.0,7,,0.0,2.0,4.0,B01,138Â 302Â 302,1.0
960733,201900002264,9,19,22:30,4,1,1,1.0,5.0,95488,AUTOROUTE A15,M,"49,0152400","2,1452700",95,2019,110.0,1.0,1.0,1.0,2147235,1.0,1,4,1,9.0,,-1.0, -1,1989.0,B01,138Â 302Â 302,1.0,8.0,-1.0,1639686,2.0,7,,0.0,2.0,1.0,A01,138Â 302Â 303,1.0
960733,201900002264,9,19,22:30,4,1,1,1.0,5.0,95488,AUTOROUTE A15,M,"49,0152400","2,1452700",95,2019,110.0,1.0,1.0,1.0,2147236,1.0,1,4,1,5.0,,-1.0,0,1995.0,A01,138Â 302Â 303,1.0,8.0,-1.0,1639684,2.0,7,,0.0,2.0,6.0,C01,138Â 302Â 301,1.0
960733,201900002264,9,19,22:30,4,1,1,1.0,5.0,95488,AUTOROUTE A15,M,"49,0152400","2,1452700",95,2019,110.0,1.0,1.0,1.0,2147236,1.0,1,4,1,5.0,,-1.0,0,1995.0,A01,138Â 302Â 303,1.0,8.0,-1.0,1639685,2.0,7,,0.0,2.0,4.0,B01,138Â 302Â 302,1.0
960733,201900002264,9,19,22:30,4,1,1,1.0,5.0,95488,AUTOROUTE A15,M,"49,0152400","2,1452700",95,2019,110.0,1.0,1.0,1.0,2147236,1.0,1,4,1,5.0,,-1.0,0,1995.0,A01,138Â 302Â 303,1.0,8.0,-1.0,1639686,2.0,7,,0.0,2.0,1.0,A01,138Â 302Â 303,1.0
960734,201900002265,9,19,11:30,1,1,1,1.0,2.0,93066,AUTOROUTE A1,M,"48,9337900","2,3806900",93,2019,90.0,1.0,1.0,1.0,2147237,1.0,1,4,1,9.0,,-1.0, -1,1983.0,B01,138Â 302Â 299,1.0,0.0,-1.0,1639687,2.0,7,,0.0,2.0,4.0,B01,138Â 302Â 299,1.0
960734,201900002265,9,19,11:30,1,1,1,1.0,2.0,93066,AUTOROUTE A1,M,"48,9337900","2,3806900",93,2019,90.0,1.0,1.0,1.0,2147237,1.0,1,4,1,9.0,,-1.0, -1,1983.0,B01,138Â 302Â 299,1.0,0.0,-1.0,1639688,2.0,7,,0.0,2.0,1.0,A01,138Â 302Â 300,1.0
960734,201900002265,9,19,11:30,1,1,1,1.0,2.0,93066,AUTOROUTE A1,M,"48,9337900","2,3806900",93,2019,90.0,1.0,1.0,1.0,2147238,1.0,1,4,1,0.0,,-1.0, -1,1964.0,A01,138Â 302Â 300,1.0,0.0,-1.0,1639687,2.0,7,,0.0,2.0,4.0,B01,138Â 302Â 299,1.0
960734,201900002265,9,19,11:30,1,1,1,1.0,2.0,93066,AUTOROUTE A1,M,"48,9337900","2,3806900",93,2019,90.0,1.0,1.0,1.0,2147238,1.0,1,4,1,0.0,,-1.0, -1,1964.0,A01,138Â 302Â 300,1.0,0.0,-1.0,1639688,2.0,7,,0.0,2.0,1.0,A01,138Â 302Â 300,1.0
960735,201900002266,9,18,16:17,1,2,1,1.0,1.0,91689,BERTHELOT (RUE MARCELIN),M,"48,7375200","2,3160000",91,2019,50.0,1.0,1.0,4.0,2147239,1.0,1,1,1,4.0,,0.0,0,1977.0,B01,138Â 302Â 297,1.0,0.0,-1.0,1639689,2.0,38,1.0,0.0,2.0,2.0,B01,138Â 302Â 297,1.0
960735,201900002266,9,18,16:17,1,2,1,1.0,1.0,91689,BERTHELOT (RUE MARCELIN),M,"48,7375200","2,3160000",91,2019,50.0,1.0,1.0,4.0,2147239,1.0,1,1,1,4.0,,0.0,0,1977.0,B01,138Â 302Â 297,1.0,0.0,-1.0,1639690,1.0,33,,0.0,2.0,1.0,A01,138Â 302Â 298,1.0
960735,201900002266,9,18,16:17,1,2,1,1.0,1.0,91689,BERTHELOT (RUE MARCELIN),M,"48,7375200","2,3160000",91,2019,50.0,1.0,1.0,4.0,2147240,1.0,1,3,1,1.0,,0.0,0,1985.0,A01,138Â 302Â 298,2.0,6.0,-1.0,1639689,2.0,38,1.0,0.0,2.0,2.0,B01,138Â 302Â 297,1.0
960735,201900002266,9,18,16:17,1,2,1,1.0,1.0,91689,BERTHELOT (RUE MARCELIN),M,"48,7375200","2,3160000",91,2019,50.0,1.0,1.0,4.0,2147240,1.0,1,3,1,1.0,,0.0,0,1985.0,A01,138Â 302Â 298,2.0,6.0,-1.0,1639690,1.0,33,,0.0,2.0,1.0,A01,138Â 302Â 298,1.0
960736,201900002267,8,26,15:55,1,2,3,1.0,6.0,83050,ANCIENS COMBATTANTS A.F.N( AVENUE),M,"43,5339300","6,4627300",83,2019,50.0,1.0,1.0,4.0,2147241,10.0,3,4,2,5.0,,2.0,2,1936.0,A01,138Â 302Â 296,8.0,0.0,-1.0,1639691,3.0,10,,0.0,1.0,7.0,A01,138Â 302Â 296,0.0
960736,201900002267,8,26,15:55,1,2,3,1.0,6.0,83050,ANCIENS COMBATTANTS A.F.N( AVENUE),M,"43,5339300","6,4627300",83,2019,50.0,1.0,1.0,4.0,2147242,1.0,1,1,2,5.0,,0.0,0,1997.0,A01,138Â 302Â 296,8.0,0.0,-1.0,1639691,3.0,10,,0.0,1.0,7.0,A01,138Â 302Â 296,0.0
960737,201900002268,9,18,07:40,1,2,1,1.0,2.0,82121,MONTAURIOL (bd),M,"44,0113470","1,3624370",82,2019,30.0,1.0,1.0,4.0,2147243,1.0,1,3,1,2.0,,0.0,0,2002.0,A01,138Â 302Â 294,2.0,6.0,-1.0,1639692,2.0,30,,0.0,2.0,3.0,A01,138Â 302Â 294,1.0
960737,201900002268,9,18,07:40,1,2,1,1.0,2.0,82121,MONTAURIOL (bd),M,"44,0113470","1,3624370",82,2019,30.0,1.0,1.0,4.0,2147243,1.0,1,3,1,2.0,,0.0,0,2002.0,A01,138Â 302Â 294,2.0,6.0,-1.0,1639693,2.0,7,,0.0,2.0,5.0,B01,138Â 302Â 295,1.0
960737,201900002268,9,18,07:40,1,2,1,1.0,2.0,82121,MONTAURIOL (bd),M,"44,0113470","1,3624370",82,2019,30.0,1.0,1.0,4.0,2147244,1.0,1,1,1,1.0,,0.0,0,1954.0,B01,138Â 302Â 295,1.0,8.0,-1.0,1639692,2.0,30,,0.0,2.0,3.0,A01,138Â 302Â 294,1.0
960737,201900002268,9,18,07:40,1,2,1,1.0,2.0,82121,MONTAURIOL (bd),M,"44,0113470","1,3624370",82,2019,30.0,1.0,1.0,4.0,2147244,1.0,1,1,1,1.0,,0.0,0,1954.0,B01,138Â 302Â 295,1.0,8.0,-1.0,1639693,2.0,7,,0.0,2.0,5.0,B01,138Â 302Â 295,1.0
960738,201900002269,9,18,14:05,1,2,3,8.0,6.0,74012,ARVE (QUAI D'),M,"46,1853855","6,2257216",74,2019,50.0,1.0,1.0,3.0,2147245,1.0,1,1,2,5.0,,0.0,0,1975.0,A01,138Â 302Â 291,1.0,8.0,-1.0,1639694,1.0,7,,0.0,1.0,2.0,A01,138Â 302Â 291,1.0