Unnamed: 0_x,num_acc,mois,jour,hrmn,lum,agg,int,atm,col,com,adr,gps,lat,long,dep,annee,vma,situ,surf,catr,Unnamed: 0_y,place,catu,grav,sexe,trajet,secu,locp,actp,an_nais,num_veh_x,id_vehicule_x,secu1,secu2,secu3,Unnamed: 0,senc,catv,occutc,obs,obsm,choc,num_veh_y,id_vehicule_y,motor
960738,201900002269,9,18,14:05,1,2,3,8.0,6.0,74012,ARVE (QUAI D'),M,"46,1853855","6,2257216",74,2019,50.0,1.0,1.0,3.0,2147246,10.0,3,4,2,5.0,,3.0,3,1932.0,A01,138Â 302Â 291,8.0,0.0,-1.0,1639694,1.0,7,,0.0,1.0,2.0,A01,138Â 302Â 291,1.0
960739,201900002270,8,10,08:10,1,2,1,1.0,6.0,62528,CONDE (R),M,"50,4549400","2,7895200",62,2019,50.0,1.0,1.0,4.0,2147247,1.0,1,3,1,5.0,,-1.0, -1,1993.0,A01,138Â 302Â 290,2.0,0.0,-1.0,1639695,2.0,33,,1.0,0.0,1.0,A01,138Â 302Â 290,1.0
960739,201900002270,8,10,08:10,1,2,1,1.0,6.0,62528,CONDE (R),M,"50,4549400","2,7895200",62,2019,50.0,1.0,1.0,4.0,2147248,2.0,2,3,2,5.0,,-1.0, -1,1995.0,A01,138Â 302Â 290,2.0,0.0,-1.0,1639695,2.0,33,,1.0,0.0,1.0,A01,138Â 302Â 290,1.0
960740,201900002271,6,17,08:48,1,2,1,1.0,6.0,57751,THIONVILLE (AVENUE ),M,"49,1463900","6,1618700",57,2019,50.0,1.0,1.0,4.0,2147249,10.0,3,4,1,0.0,,5.0,B,1945.0,A01,138Â 302Â 289,0.0,0.0,-1.0,1639696,3.0,7,,0.0,1.0,2.0,A01,138Â 302Â 289,0.0
960740,201900002271,6,17,08:48,1,2,1,1.0,6.0,57751,THIONVILLE (AVENUE ),M,"49,1463900","6,1618700",57,2019,50.0,1.0,1.0,4.0,2147250,1.0,1,1,1,0.0,,-1.0, -1,1976.0,A01,138Â 302Â 289,1.0,8.0,-1.0,1639696,3.0,7,,0.0,1.0,2.0,A01,138Â 302Â 289,0.0
960741,201900002272,9,18,08:30,1,2,1,7.0,6.0,50647,VILLEDIEU (ROUTE DE),M,"48,8376500"," -1,5502700",50,2019,50.0,1.0,1.0,3.0,2147251,10.0,3,4,2,1.0,,3.0,3,2001.0,A01,138Â 302Â 288,8.0,0.0,-1.0,1639697,3.0,7,,0.0,1.0,2.0,A01,138Â 302Â 288,1.0
960741,201900002272,9,18,08:30,1,2,1,7.0,6.0,50647,VILLEDIEU (ROUTE DE),M,"48,8376500"," -1,5502700",50,2019,50.0,1.0,1.0,3.0,2147252,1.0,1,1,2,5.0,,0.0,0,1942.0,A01,138Â 302Â 288,1.0,0.0,-1.0,1639697,3.0,7,,0.0,1.0,2.0,A01,138Â 302Â 288,1.0
960741,201900002272,9,18,08:30,1,2,1,7.0,6.0,50647,VILLEDIEU (ROUTE DE),M,"48,8376500"," -1,5502700",50,2019,50.0,1.0,1.0,3.0,2147253,2.0,2,1,2,0.0,,0.0,0,1963.0,A01,138Â 302Â 288,1.0,0.0,-1.0,1639697,3.0,7,,0.0,1.0,2.0,A01,138Â 302Â 288,1.0
960742,201900002273,9,19,12:05,1,2,1,1.0,6.0,38185,PLACE VAUCANSON,M,"45,1881000","5,7284000",38,2019,30.0,1.0,1.0,4.0,2147254,1.0,1,1,1,0.0,,-1.0, -1,1993.0,A01,138Â 302Â 287,8.0,0.0,-1.0,1639698,3.0,1,,0.0,1.0,0.0,A01,138Â 302Â 287,5.0
960742,201900002273,9,19,12:05,1,2,1,1.0,6.0,38185,PLACE VAUCANSON,M,"45,1881000","5,7284000",38,2019,30.0,1.0,1.0,4.0,2147255,10.0,3,4,2,0.0,,3.0,3,1937.0,A01,138Â 302Â 287,8.0,0.0,-1.0,1639698,3.0,1,,0.0,1.0,0.0,A01,138Â 302Â 287,5.0
960743,201900002274,9,18,13:40,1,2,2,1.0,3.0,34172,ASSAS (AVENUE D'),M,"43,6170800","3,8610500",34,2019,50.0,1.0,1.0,4.0,2147256,1.0,1,4,2,5.0,,0.0,0,1980.0,B01,138Â 302Â 285,2.0,0.0,-1.0,1639699,1.0,80,,0.0,2.0,1.0,B01,138Â 302Â 285,3.0
960743,201900002274,9,18,13:40,1,2,2,1.0,3.0,34172,ASSAS (AVENUE D'),M,"43,6170800","3,8610500",34,2019,50.0,1.0,1.0,4.0,2147256,1.0,1,4,2,5.0,,0.0,0,1980.0,B01,138Â 302Â 285,2.0,0.0,-1.0,1639700,2.0,7,,0.0,2.0,7.0,A01,138Â 302Â 286,1.0
960743,201900002274,9,18,13:40,1,2,2,1.0,3.0,34172,ASSAS (AVENUE D'),M,"43,6170800","3,8610500",34,2019,50.0,1.0,1.0,4.0,2147257,1.0,1,1,1,5.0,,0.0,0,1981.0,A01,138Â 302Â 286,1.0,0.0,-1.0,1639699,1.0,80,,0.0,2.0,1.0,B01,138Â 302Â 285,3.0
960743,201900002274,9,18,13:40,1,2,2,1.0,3.0,34172,ASSAS (AVENUE D'),M,"43,6170800","3,8610500",34,2019,50.0,1.0,1.0,4.0,2147257,1.0,1,1,1,5.0,,0.0,0,1981.0,A01,138Â 302Â 286,1.0,0.0,-1.0,1639700,2.0,7,,0.0,2.0,7.0,A01,138Â 302Â 286,1.0
960744,201900002275,9,18,16:45,1,2,2,1.0,1.0,27229,BRIAND (AVENUE ARISTIDE),M,"49,0217070","1,1376350",27,2019,50.0,1.0,1.0,4.0,2147258,1.0,1,3,1,0.0,,0.0,0,1984.0,B01,138Â 302Â 282,1.0,0.0,-1.0,1639701,0.0,50,,0.0,0.0,0.0,B01,138Â 302Â 282,0.0
960744,201900002275,9,18,16:45,1,2,2,1.0,1.0,27229,BRIAND (AVENUE ARISTIDE),M,"49,0217070","1,1376350",27,2019,50.0,1.0,1.0,4.0,2147258,1.0,1,3,1,0.0,,0.0,0,1984.0,B01,138Â 302Â 282,1.0,0.0,-1.0,1639702,0.0,7,,0.0,2.0,2.0,A01,138Â 302Â 283,1.0
960744,201900002275,9,18,16:45,1,2,2,1.0,1.0,27229,BRIAND (AVENUE ARISTIDE),M,"49,0217070","1,1376350",27,2019,50.0,1.0,1.0,4.0,2147259,1.0,1,1,2,0.0,,0.0,0,1951.0,A01,138Â 302Â 283,1.0,6.0,-1.0,1639701,0.0,50,,0.0,0.0,0.0,B01,138Â 302Â 282,0.0
960744,201900002275,9,18,16:45,1,2,2,1.0,1.0,27229,BRIAND (AVENUE ARISTIDE),M,"49,0217070","1,1376350",27,2019,50.0,1.0,1.0,4.0,2147259,1.0,1,1,2,0.0,,0.0,0,1951.0,A01,138Â 302Â 283,1.0,6.0,-1.0,1639702,0.0,7,,0.0,2.0,2.0,A01,138Â 302Â 283,1.0
960745,201900002276,9,19,18:13,1,2,1,1.0,6.0,17300,JOFFRE   BOULEVARD (79 et 18),M,"46,1597800"," -1,1413600",17,2019,50.0,1.0,1.0,4.0,2147260,1.0,1,4,1,5.0,,-1.0,0,1941.0,A01,138Â 302Â 281,1.0,0.0,-1.0,1639703,0.0,7,,15.0,0.0,2.0,A01,138Â 302Â 281,1.0
960746,201900002277,9,18,07:50,1,1,1,1.0,3.0,95582,AUTOROUTE A15,M,"48,9678800","2,2524000",95,2019,110.0,1.0,1.0,1.0,2147261,1.0,1,1,1,5.0,,-1.0,0,1947.0,A01,138Â 302Â 279,1.0,8.0,-1.0,1639704,2.0,7,,0.0,2.0,8.0,A01,138Â 302Â 279,1.0
960746,201900002277,9,18,07:50,1,1,1,1.0,3.0,95582,AUTOROUTE A15,M,"48,9678800","2,2524000",95,2019,110.0,1.0,1.0,1.0,2147261,1.0,1,1,1,5.0,,-1.0,0,1947.0,A01,138Â 302Â 279,1.0,8.0,-1.0,1639705,2.0,33,,0.0,2.0,7.0,B01,138Â 302Â 280,1.0
960746,201900002277,9,18,07:50,1,1,1,1.0,3.0,95582,AUTOROUTE A15,M,"48,9678800","2,2524000",95,2019,110.0,1.0,1.0,1.0,2147262,1.0,1,4,1,1.0,,-1.0,0,1983.0,B01,138Â 302Â 280,2.0,8.0,-1.0,1639704,2.0,7,,0.0,2.0,8.0,A01,138Â 302Â 279,1.0
960746,201900002277,9,18,07:50,1,1,1,1.0,3.0,95582,AUTOROUTE A15,M,"48,9678800","2,2524000",95,2019,110.0,1.0,1.0,1.0,2147262,1.0,1,4,1,1.0,,-1.0,0,1983.0,B01,138Â 302Â 280,2.0,8.0,-1.0,1639705,2.0,33,,0.0,2.0,7.0,B01,138Â 302Â 280,1.0
960747,201900002278,9,17,21:45,3,1,1,1.0,2.0,95678,RN 184,M,"49,0693100","2,2199500",95,2019,110.0,1.0,1.0,2.0,2147263,1.0,1,4,1,5.0,,-1.0,0,1989.0,A01,138Â 302Â 278,1.0,8.0,-1.0,1639706,1.0,7,,0.0,2.0,1.0,Z01,138Â 302Â 277,0.0
960747,201900002278,9,17,21:45,3,1,1,1.0,2.0,95678,RN 184,M,"49,0693100","2,2199500",95,2019,110.0,1.0,1.0,2.0,2147263,1.0,1,4,1,5.0,,-1.0,0,1989.0,A01,138Â 302Â 278,1.0,8.0,-1.0,1639707,1.0,7,,0.0,2.0,4.0,A01,138Â 302Â 278,1.0
960748,201900002279,9,19,09:23,1,2,1,1.0,3.0,97611,kaweni-Europe (avenue),M," -12,7688871","45,2241898",976,2019,50.0,1.0,1.0,2.0,2147264,1.0,1,4,1,0.0,,-1.0,0,1954.0,A01,138Â 302Â 275,2.0,8.0,-1.0,1639708,2.0,30,,0.0,2.0,1.0,A01,138Â 302Â 275,1.0
960748,201900002279,9,19,09:23,1,2,1,1.0,3.0,97611,kaweni-Europe (avenue),M," -12,7688871","45,2241898",976,2019,50.0,1.0,1.0,2.0,2147264,1.0,1,4,1,0.0,,-1.0,0,1954.0,A01,138Â 302Â 275,2.0,8.0,-1.0,1639709,2.0,7,,0.0,2.0,3.0,B01,138Â 302Â 276,1.0
960748,201900002279,9,19,09:23,1,2,1,1.0,3.0,97611,kaweni-Europe (avenue),M," -12,7688871","45,2241898",976,2019,50.0,1.0,1.0,2.0,2147265,1.0,1,1,1,0.0,,-1.0,0,1975.0,B01,138Â 302Â 276,1.0,8.0,-1.0,1639708,2.0,30,,0.0,2.0,1.0,A01,138Â 302Â 275,1.0
960748,201900002279,9,19,09:23,1,2,1,1.0,3.0,97611,kaweni-Europe (avenue),M," -12,7688871","45,2241898",976,2019,50.0,1.0,1.0,2.0,2147265,1.0,1,1,1,0.0,,-1.0,0,1975.0,B01,138Â 302Â 276,1.0,8.0,-1.0,1639709,2.0,7,,0.0,2.0,3.0,B01,138Â 302Â 276,1.0
960749,201900002280,9,18,19:05,5,2,5,1.0,3.0,97411,GAULLE (DU GENERAL DE),M," -20,8850000","55,4596000",974,2019,50.0,1.0,1.0,4.0,2147266,1.0,1,4,1,5.0,,-1.0, -1,2007.0,Y01,138Â 302Â 273,8.0,0.0,-1.0,1639710,0.0,60,,0.0,2.0,1.0,Y01,138Â 302Â 273,5.0
960749,201900002280,9,18,19:05,5,2,5,1.0,3.0,97411,GAULLE (DU GENERAL DE),M," -20,8850000","55,4596000",974,2019,50.0,1.0,1.0,4.0,2147266,1.0,1,4,1,5.0,,-1.0, -1,2007.0,Y01,138Â 302Â 273,8.0,0.0,-1.0,1639711,3.0,7,,0.0,1.0,3.0,A01,138Â 302Â 274,1.0
960749,201900002280,9,18,19:05,5,2,5,1.0,3.0,97411,GAULLE (DU GENERAL DE),M," -20,8850000","55,4596000",974,2019,50.0,1.0,1.0,4.0,2147267,1.0,1,1,1,3.0,,-1.0, -1,1960.0,A01,138Â 302Â 274,1.0,0.0,-1.0,1639710,0.0,60,,0.0,2.0,1.0,Y01,138Â 302Â 273,5.0
960749,201900002280,9,18,19:05,5,2,5,1.0,3.0,97411,GAULLE (DU GENERAL DE),M," -20,8850000","55,4596000",974,2019,50.0,1.0,1.0,4.0,2147267,1.0,1,1,1,3.0,,-1.0, -1,1960.0,A01,138Â 302Â 274,1.0,0.0,-1.0,1639711,3.0,7,,0.0,1.0,3.0,A01,138Â 302Â 274,1.0
960750,201900002281,9,19,15:15,1,2,1,1.0,4.0,97302,MONTABO (ROUTE DE) 2,M,"4,9423419"," -52,3052216",973,2019,50.0,1.0,1.0,3.0,2147268,1.0,1,1,1,9.0,,-1.0, -1,1982.0,C01,138Â 302Â 270,1.0,8.0,-1.0,1639712,2.0,7,,0.0,2.0,3.0,C01,138Â 302Â 270,1.0
960750,201900002281,9,19,15:15,1,2,1,1.0,4.0,97302,MONTABO (ROUTE DE) 2,M,"4,9423419"," -52,3052216",973,2019,50.0,1.0,1.0,3.0,2147268,1.0,1,1,1,9.0,,-1.0, -1,1982.0,C01,138Â 302Â 270,1.0,8.0,-1.0,1639713,1.0,7,,0.0,2.0,1.0,B01,138Â 302Â 271,4.0
960750,201900002281,9,19,15:15,1,2,1,1.0,4.0,97302,MONTABO (ROUTE DE) 2,M,"4,9423419"," -52,3052216",973,2019,50.0,1.0,1.0,3.0,2147268,1.0,1,1,1,9.0,,-1.0, -1,1982.0,C01,138Â 302Â 270,1.0,8.0,-1.0,1639714,1.0,7,,0.0,2.0,1.0,A01,138Â 302Â 272,4.0
960750,201900002281,9,19,15:15,1,2,1,1.0,4.0,97302,MONTABO (ROUTE DE) 2,M,"4,9423419"," -52,3052216",973,2019,50.0,1.0,1.0,3.0,2147269,1.0,1,1,1,9.0,,-1.0, -1,1963.0,B01,138Â 302Â 271,1.0,8.0,-1.0,1639712,2.0,7,,0.0,2.0,3.0,C01,138Â 302Â 270,1.0
960750,201900002281,9,19,15:15,1,2,1,1.0,4.0,97302,MONTABO (ROUTE DE) 2,M,"4,9423419"," -52,3052216",973,2019,50.0,1.0,1.0,3.0,2147269,1.0,1,1,1,9.0,,-1.0, -1,1963.0,B01,138Â 302Â 271,1.0,8.0,-1.0,1639713,1.0,7,,0.0,2.0,1.0,B01,138Â 302Â 271,4.0
960750,201900002281,9,19,15:15,1,2,1,1.0,4.0,97302,MONTABO (ROUTE DE) 2,M,"4,9423419"," -52,3052216",973,2019,50.0,1.0,1.0,3.0,2147269,1.0,1,1,1,9.0,,-1.0, -1,1963.0,B01,138Â 302Â 271,1.0,8.0,-1.0,1639714,1.0,7,,0.0,2.0,1.0,A01,138Â 302Â 272,4.0
960750,201900002281,9,19,15:15,1,2,1,1.0,4.0,97302,MONTABO (ROUTE DE) 2,M,"4,9423419"," -52,3052216",973,2019,50.0,1.0,1.0,3.0,2147270,10.0,3,4,2,9.0,,1.0,1,2011.0,A01,138Â 302Â 272,8.0,0.0,-1.0,1639712,2.0,7,,0.0,2.0,3.0,C01,138Â 302Â 270,1.0
960750,201900002281,9,19,15:15,1,2,1,1.0,4.0,97302,MONTABO (ROUTE DE) 2,M,"4,9423419"," -52,3052216",973,2019,50.0,1.0,1.0,3.0,2147270,10.0,3,4,2,9.0,,1.0,1,2011.0,A01,138Â 302Â 272,8.0,0.0,-1.0,1639713,1.0,7,,0.0,2.0,1.0,B01,138Â 302Â 271,4.0
960750,201900002281,9,19,15:15,1,2,1,1.0,4.0,97302,MONTABO (ROUTE DE) 2,M,"4,9423419"," -52,3052216",973,2019,50.0,1.0,1.0,3.0,2147270,10.0,3,4,2,9.0,,1.0,1,2011.0,A01,138Â 302Â 272,8.0,0.0,-1.0,1639714,1.0,7,,0.0,2.0,1.0,A01,138Â 302Â 272,4.0
960750,201900002281,9,19,15:15,1,2,1,1.0,4.0,97302,MONTABO (ROUTE DE) 2,M,"4,9423419"," -52,3052216",973,2019,50.0,1.0,1.0,3.0,2147271,1.0,1,1,1,9.0,,0.0,0,1979.0,A01,138Â 302Â 272,1.0,8.0,-1.0,1639712,2.0,7,,0.0,2.0,3.0,C01,138Â 302Â 270,1.0
960750,201900002281,9,19,15:15,1,2,1,1.0,4.0,97302,MONTABO (ROUTE DE) 2,M,"4,9423419"," -52,3052216",973,2019,50.0,1.0,1.0,3.0,2147271,1.0,1,1,1,9.0,,0.0,0,1979.0,A01,138Â 302Â 272,1.0,8.0,-1.0,1639713,1.0,7,,0.0,2.0,1.0,B01,138Â 302Â 271,4.0
960750,201900002281,9,19,15:15,1,2,1,1.0,4.0,97302,MONTABO (ROUTE DE) 2,M,"4,9423419"," -52,3052216",973,2019,50.0,1.0,1.0,3.0,2147271,1.0,1,1,1,9.0,,0.0,0,1979.0,A01,138Â 302Â 272,1.0,8.0,-1.0,1639714,1.0,7,,0.0,2.0,1.0,A01,138Â 302Â 272,4.0
960750,201900002281,9,19,15:15,1,2,1,1.0,4.0,97302,MONTABO (ROUTE DE) 2,M,"4,9423419"," -52,3052216",973,2019,50.0,1.0,1.0,3.0,2147272,10.0,3,4,1,9.0,,2.0,3,1957.0,A01,138Â 302Â 272,8.0,0.0,-1.0,1639712,2.0,7,,0.0,2.0,3.0,C01,138Â 302Â 270,1.0
960750,201900002281,9,19,15:15,1,2,1,1.0,4.0,97302,MONTABO (ROUTE DE) 2,M,"4,9423419"," -52,3052216",973,2019,50.0,1.0,1.0,3.0,2147272,10.0,3,4,1,9.0,,2.0,3,1957.0,A01,138Â 302Â 272,8.0,0.0,-1.0,1639713,1.0,7,,0.0,2.0,1.0,B01,138Â 302Â 271,4.0
960750,201900002281,9,19,15:15,1,2,1,1.0,4.0,97302,MONTABO (ROUTE DE) 2,M,"4,9423419"," -52,3052216",973,2019,50.0,1.0,1.0,3.0,2147272,10.0,3,4,1,9.0,,2.0,3,1957.0,A01,138Â 302Â 272,8.0,0.0,-1.0,1639714,1.0,7,,0.0,2.0,1.0,A01,138Â 302Â 272,4.0
960751,201900002282,9,18,20:40,5,2,9,1.0,3.0,97302,FELIX EBOUE(ROCADE),M,"4,9262656"," -52,3211002",973,2019,50.0,1.0,1.0,3.0,2147273,1.0,1,3,1,9.0,,-1.0,0,1977.0,B01,138Â 302Â 268,2.0,8.0,-1.0,1639715,1.0,32,,0.0,2.0,0.0,B01,138Â 302Â 268,1.0
960751,201900002282,9,18,20:40,5,2,9,1.0,3.0,97302,FELIX EBOUE(ROCADE),M,"4,9262656"," -52,3211002",973,2019,50.0,1.0,1.0,3.0,2147273,1.0,1,3,1,9.0,,-1.0,0,1977.0,B01,138Â 302Â 268,2.0,8.0,-1.0,1639716,1.0,7,,0.0,2.0,0.0,Z01,138Â 302Â 269,6.0
960751,201900002282,9,18,20:40,5,2,9,1.0,3.0,97302,FELIX EBOUE(ROCADE),M,"4,9262656"," -52,3211002",973,2019,50.0,1.0,1.0,3.0,2147274,1.0,1,1,1,9.0,,-1.0,0,1985.0,Z01,138Â 302Â 269,8.0,8.0,-1.0,1639715,1.0,32,,0.0,2.0,0.0,B01,138Â 302Â 268,1.0
960751,201900002282,9,18,20:40,5,2,9,1.0,3.0,97302,FELIX EBOUE(ROCADE),M,"4,9262656"," -52,3211002",973,2019,50.0,1.0,1.0,3.0,2147274,1.0,1,1,1,9.0,,-1.0,0,1985.0,Z01,138Â 302Â 269,8.0,8.0,-1.0,1639716,1.0,7,,0.0,2.0,0.0,Z01,138Â 302Â 269,6.0
960752,201900002283,9,19,18:35,1,2,3,1.0,3.0,69387,CROIX BARRET (DE LA)                (R ),M,"45,7367000","4,8423600",69,2019,50.0,1.0,1.0,4.0,2147275,1.0,1,3,2,0.0,,-1.0,0,1996.0,A01,138Â 302Â 266,1.0,0.0,-1.0,1639717,1.0,7,,0.0,2.0,2.0,A01,138Â 302Â 266,0.0
960752,201900002283,9,19,18:35,1,2,3,1.0,3.0,69387,CROIX BARRET (DE LA)                (R ),M,"45,7367000","4,8423600",69,2019,50.0,1.0,1.0,4.0,2147275,1.0,1,3,2,0.0,,-1.0,0,1996.0,A01,138Â 302Â 266,1.0,0.0,-1.0,1639718,2.0,7,,0.0,2.0,1.0,B01,138Â 302Â 267,0.0
960752,201900002283,9,19,18:35,1,2,3,1.0,3.0,69387,CROIX BARRET (DE LA)                (R ),M,"45,7367000","4,8423600",69,2019,50.0,1.0,1.0,4.0,2147276,1.0,1,1,1,0.0,,-1.0,0,1990.0,B01,138Â 302Â 267,1.0,0.0,-1.0,1639717,1.0,7,,0.0,2.0,2.0,A01,138Â 302Â 266,0.0
960752,201900002283,9,19,18:35,1,2,3,1.0,3.0,69387,CROIX BARRET (DE LA)                (R ),M,"45,7367000","4,8423600",69,2019,50.0,1.0,1.0,4.0,2147276,1.0,1,1,1,0.0,,-1.0,0,1990.0,B01,138Â 302Â 267,1.0,0.0,-1.0,1639718,2.0,7,,0.0,2.0,1.0,B01,138Â 302Â 267,0.0
960753,201900002284,9,19,16:55,1,2,2,1.0,6.0,69388,PAUL CAZENEUVE                      (R ),M,"45,7390200","4,8665200",69,2019,50.0,1.0,1.0,4.0,2147277,10.0,3,4,1,2.0,,3.0,3,2012.0,A01,138Â 302Â 265,0.0,-1.0,-1.0,1639719,1.0,7,,0.0,1.0,3.0,A01,138Â 302Â 265,1.0
960753,201900002284,9,19,16:55,1,2,2,1.0,6.0,69388,PAUL CAZENEUVE                      (R ),M,"45,7390200","4,8665200",69,2019,50.0,1.0,1.0,4.0,2147278,1.0,1,1,1,4.0,,0.0,0,1942.0,A01,138Â 302Â 265,1.0,0.0,-1.0,1639719,1.0,7,,0.0,1.0,3.0,A01,138Â 302Â 265,1.0
960754,201900002285,9,19,10:30,1,2,1,1.0,3.0,69386,LAFAYETTE                           (CO),M,"45,7636300","4,8420000",69,2019,50.0,1.0,1.0,4.0,2147279,1.0,1,4,1,5.0,,-1.0,0,2001.0,A01,138Â 302Â 263,8.0,0.0,-1.0,1639720,2.0,50,,0.0,2.0,3.0,A01,138Â 302Â 263,3.0
960754,201900002285,9,19,10:30,1,2,1,1.0,3.0,69386,LAFAYETTE                           (CO),M,"45,7636300","4,8420000",69,2019,50.0,1.0,1.0,4.0,2147279,1.0,1,4,1,5.0,,-1.0,0,2001.0,A01,138Â 302Â 263,8.0,0.0,-1.0,1639721,2.0,37,1.0,0.0,2.0,2.0,B01,138Â 302Â 264,1.0
960754,201900002285,9,19,10:30,1,2,1,1.0,3.0,69386,LAFAYETTE                           (CO),M,"45,7636300","4,8420000",69,2019,50.0,1.0,1.0,4.0,2147280,1.0,1,1,1,4.0,,-1.0,0,1983.0,B01,138Â 302Â 264,1.0,8.0,-1.0,1639720,2.0,50,,0.0,2.0,3.0,A01,138Â 302Â 263,3.0
960754,201900002285,9,19,10:30,1,2,1,1.0,3.0,69386,LAFAYETTE                           (CO),M,"45,7636300","4,8420000",69,2019,50.0,1.0,1.0,4.0,2147280,1.0,1,1,1,4.0,,-1.0,0,1983.0,B01,138Â 302Â 264,1.0,8.0,-1.0,1639721,2.0,37,1.0,0.0,2.0,2.0,B01,138Â 302Â 264,1.0
960755,201900002286,9,19,16:15,1,2,3,1.0,6.0,97213,NELSON MANDELA,M,"14,6125650"," -60,9967460",972,2019,30.0,2.0,1.0,3.0,2147281,1.0,1,1,1,4.0,,-1.0,0,1971.0,B01,138Â 302Â 261,8.0,0.0,-1.0,1639722,1.0,37,1.0,0.0,2.0,3.0,B01,138Â 302Â 261,1.0
960755,201900002286,9,19,16:15,1,2,3,1.0,6.0,97213,NELSON MANDELA,M,"14,6125650"," -60,9967460",972,2019,30.0,2.0,1.0,3.0,2147281,1.0,1,1,1,4.0,,-1.0,0,1971.0,B01,138Â 302Â 261,8.0,0.0,-1.0,1639723,1.0,33,,0.0,2.0,1.0,A01,138Â 302Â 262,1.0
960755,201900002286,9,19,16:15,1,2,3,1.0,6.0,97213,NELSON MANDELA,M,"14,6125650"," -60,9967460",972,2019,30.0,2.0,1.0,3.0,2147282,1.0,1,4,1,9.0,,-1.0,0,1996.0,A01,138Â 302Â 262,2.0,8.0,-1.0,1639722,1.0,37,1.0,0.0,2.0,3.0,B01,138Â 302Â 261,1.0
960755,201900002286,9,19,16:15,1,2,3,1.0,6.0,97213,NELSON MANDELA,M,"14,6125650"," -60,9967460",972,2019,30.0,2.0,1.0,3.0,2147282,1.0,1,4,1,9.0,,-1.0,0,1996.0,A01,138Â 302Â 262,2.0,8.0,-1.0,1639723,1.0,33,,0.0,2.0,1.0,A01,138Â 302Â 262,1.0
960756,201900002287,9,19,19:05,1,2,3,1.0,3.0,69389,PIERRE TERMIER                      (R ),M,"45,8024300","4,8375100",69,2019,50.0,1.0,1.0,4.0,2147283,1.0,1,4,1,1.0,,-1.0,0,1994.0,B01,138Â 302Â 259,2.0,6.0,-1.0,1639724,2.0,33,,0.0,2.0,1.0,B01,138Â 302Â 259,1.0
960756,201900002287,9,19,19:05,1,2,3,1.0,3.0,69389,PIERRE TERMIER                      (R ),M,"45,8024300","4,8375100",69,2019,50.0,1.0,1.0,4.0,2147283,1.0,1,4,1,1.0,,-1.0,0,1994.0,B01,138Â 302Â 259,2.0,6.0,-1.0,1639725,2.0,7,,0.0,2.0,2.0,A01,138Â 302Â 260,1.0
960756,201900002287,9,19,19:05,1,2,3,1.0,3.0,69389,PIERRE TERMIER                      (R ),M,"45,8024300","4,8375100",69,2019,50.0,1.0,1.0,4.0,2147284,1.0,1,1,2,5.0,,-1.0,0,1945.0,A01,138Â 302Â 260,1.0,0.0,-1.0,1639724,2.0,33,,0.0,2.0,1.0,B01,138Â 302Â 259,1.0
960756,201900002287,9,19,19:05,1,2,3,1.0,3.0,69389,PIERRE TERMIER                      (R ),M,"45,8024300","4,8375100",69,2019,50.0,1.0,1.0,4.0,2147284,1.0,1,1,2,5.0,,-1.0,0,1945.0,A01,138Â 302Â 260,1.0,0.0,-1.0,1639725,2.0,7,,0.0,2.0,2.0,A01,138Â 302Â 260,1.0
960757,201900002288,9,19,18:25,1,2,1,1.0,6.0,69034,SOLDATS (DES)                       (MO),M,"45,7916400","4,8605300",69,2019,50.0,1.0,1.0,4.0,2147285,1.0,1,3,1,0.0,,-1.0,0,1986.0,B01,138Â 302Â 257,2.0,8.0,-1.0,1639726,3.0,1,,0.0,2.0,7.0,B01,138Â 302Â 257,5.0
960757,201900002288,9,19,18:25,1,2,1,1.0,6.0,69034,SOLDATS (DES)                       (MO),M,"45,7916400","4,8605300",69,2019,50.0,1.0,1.0,4.0,2147285,1.0,1,3,1,0.0,,-1.0,0,1986.0,B01,138Â 302Â 257,2.0,8.0,-1.0,1639727,3.0,7,,0.0,2.0,7.0,A01,138Â 302Â 258,1.0
960757,201900002288,9,19,18:25,1,2,1,1.0,6.0,69034,SOLDATS (DES)                       (MO),M,"45,7916400","4,8605300",69,2019,50.0,1.0,1.0,4.0,2147286,1.0,1,1,1,0.0,,-1.0,0,2000.0,A01,138Â 302Â 258,1.0,0.0,-1.0,1639726,3.0,1,,0.0,2.0,7.0,B01,138Â 302Â 257,5.0
960757,201900002288,9,19,18:25,1,2,1,1.0,6.0,69034,SOLDATS (DES)                       (MO),M,"45,7916400","4,8605300",69,2019,50.0,1.0,1.0,4.0,2147286,1.0,1,1,1,0.0,,-1.0,0,2000.0,A01,138Â 302Â 258,1.0,0.0,-1.0,1639727,3.0,7,,0.0,2.0,7.0,A01,138Â 302Â 258,1.0
960757,201900002288,9,19,18:25,1,2,1,1.0,6.0,69034,SOLDATS (DES)                       (MO),M,"45,7916400","4,8605300",69,2019,50.0,1.0,1.0,4.0,2147287,2.0,2,1,1,0.0,,-1.0, -1,1992.0,A01,138Â 302Â 258,1.0,0.0,-1.0,1639726,3.0,1,,0.0,2.0,7.0,B01,138Â 302Â 257,5.0