Unnamed: 0_x,num_acc,mois,jour,hrmn,lum,agg,int,atm,col,com,adr,gps,lat,long,dep,annee,vma,situ,surf,catr,Unnamed: 0_y,place,catu,grav,sexe,trajet,secu,locp,actp,an_nais,num_veh_x,id_vehicule_x,secu1,secu2,secu3,Unnamed: 0,senc,catv,occutc,obs,obsm,choc,num_veh_y,id_vehicule_y,motor
960757,201900002288,9,19,18:25,1,2,1,1.0,6.0,69034,SOLDATS (DES)                       (MO),M,"45,7916400","4,8605300",69,2019,50.0,1.0,1.0,4.0,2147287,2.0,2,1,1,0.0,,-1.0, -1,1992.0,A01,138Â 302Â 258,1.0,0.0,-1.0,1639727,3.0,7,,0.0,2.0,7.0,A01,138Â 302Â 258,1.0
960758,201900002289,9,18,19:55,5,2,6,1.0,3.0,2B033,IMPERIALE - ROUTE,M,"42,6659700","9,4394100",2B,2019,50.0,1.0,1.0,4.0,2147288,2.0,2,4,1,9.0,,0.0,0,1996.0,B01,138Â 302Â 255,1.0,0.0,-1.0,1639728,2.0,7,,0.0,2.0,5.0,B01,138Â 302Â 255,1.0
960758,201900002289,9,18,19:55,5,2,6,1.0,3.0,2B033,IMPERIALE - ROUTE,M,"42,6659700","9,4394100",2B,2019,50.0,1.0,1.0,4.0,2147288,2.0,2,4,1,9.0,,0.0,0,1996.0,B01,138Â 302Â 255,1.0,0.0,-1.0,1639729,2.0,7,,0.0,2.0,1.0,A01,138Â 302Â 256,1.0
960758,201900002289,9,18,19:55,5,2,6,1.0,3.0,2B033,IMPERIALE - ROUTE,M,"42,6659700","9,4394100",2B,2019,50.0,1.0,1.0,4.0,2147289,1.0,1,4,2,0.0,,0.0,0,1998.0,B01,138Â 302Â 255,1.0,0.0,-1.0,1639728,2.0,7,,0.0,2.0,5.0,B01,138Â 302Â 255,1.0
960758,201900002289,9,18,19:55,5,2,6,1.0,3.0,2B033,IMPERIALE - ROUTE,M,"42,6659700","9,4394100",2B,2019,50.0,1.0,1.0,4.0,2147289,1.0,1,4,2,0.0,,0.0,0,1998.0,B01,138Â 302Â 255,1.0,0.0,-1.0,1639729,2.0,7,,0.0,2.0,1.0,A01,138Â 302Â 256,1.0
960758,201900002289,9,18,19:55,5,2,6,1.0,3.0,2B033,IMPERIALE - ROUTE,M,"42,6659700","9,4394100",2B,2019,50.0,1.0,1.0,4.0,2147290,1.0,1,1,1,1.0,,0.0,0,1958.0,A01,138Â 302Â 256,1.0,0.0,-1.0,1639728,2.0,7,,0.0,2.0,5.0,B01,138Â 302Â 255,1.0
960758,201900002289,9,18,19:55,5,2,6,1.0,3.0,2B033,IMPERIALE - ROUTE,M,"42,6659700","9,4394100",2B,2019,50.0,1.0,1.0,4.0,2147290,1.0,1,1,1,1.0,,0.0,0,1958.0,A01,138Â 302Â 256,1.0,0.0,-1.0,1639729,2.0,7,,0.0,2.0,1.0,A01,138Â 302Â 256,1.0
960759,201900002290,9,18,11:30,1,2,1,1.0,2.0,2B037,TOUTES RUES,M,"42,6220800","9,4369600",2B,2019,50.0,1.0,1.0,2.0,2147291,1.0,1,4,1,0.0,,-1.0, -1,1997.0,A01,138Â 302Â 253,2.0,8.0,-1.0,1639730,1.0,30,,0.0,2.0,1.0,A01,138Â 302Â 253,1.0
960759,201900002290,9,18,11:30,1,2,1,1.0,2.0,2B037,TOUTES RUES,M,"42,6220800","9,4369600",2B,2019,50.0,1.0,1.0,2.0,2147291,1.0,1,4,1,0.0,,-1.0, -1,1997.0,A01,138Â 302Â 253,2.0,8.0,-1.0,1639731,1.0,7,,0.0,0.0,4.0,B01,138Â 302Â 254,1.0
960759,201900002290,9,18,11:30,1,2,1,1.0,2.0,2B037,TOUTES RUES,M,"42,6220800","9,4369600",2B,2019,50.0,1.0,1.0,2.0,2147292,1.0,1,1,2,9.0,,-1.0, -1,1968.0,B01,138Â 302Â 254,1.0,8.0,-1.0,1639730,1.0,30,,0.0,2.0,1.0,A01,138Â 302Â 253,1.0
960759,201900002290,9,18,11:30,1,2,1,1.0,2.0,2B037,TOUTES RUES,M,"42,6220800","9,4369600",2B,2019,50.0,1.0,1.0,2.0,2147292,1.0,1,1,2,9.0,,-1.0, -1,1968.0,B01,138Â 302Â 254,1.0,8.0,-1.0,1639731,1.0,7,,0.0,0.0,4.0,B01,138Â 302Â 254,1.0
960760,201900002291,9,19,19:05,5,2,3,1.0,3.0,97103,FELIX EBOUE (BOULVARD G.GENERAL),M,"16,2681377"," -61,5860361",971,2019,50.0,1.0,1.0,4.0,2147293,1.0,1,4,1,0.0,,0.0,0,1993.0,B01,138Â 302Â 251,1.0,0.0,-1.0,1639732,2.0,7,,0.0,0.0,0.0,B01,138Â 302Â 251,1.0
960760,201900002291,9,19,19:05,5,2,3,1.0,3.0,97103,FELIX EBOUE (BOULVARD G.GENERAL),M,"16,2681377"," -61,5860361",971,2019,50.0,1.0,1.0,4.0,2147293,1.0,1,4,1,0.0,,0.0,0,1993.0,B01,138Â 302Â 251,1.0,0.0,-1.0,1639733,1.0,7,,0.0,0.0,0.0,A01,138Â 302Â 252,1.0
960760,201900002291,9,19,19:05,5,2,3,1.0,3.0,97103,FELIX EBOUE (BOULVARD G.GENERAL),M,"16,2681377"," -61,5860361",971,2019,50.0,1.0,1.0,4.0,2147294,1.0,1,4,2,1.0,,-1.0, -1,1990.0,A01,138Â 302Â 252,1.0,0.0,-1.0,1639732,2.0,7,,0.0,0.0,0.0,B01,138Â 302Â 251,1.0
960760,201900002291,9,19,19:05,5,2,3,1.0,3.0,97103,FELIX EBOUE (BOULVARD G.GENERAL),M,"16,2681377"," -61,5860361",971,2019,50.0,1.0,1.0,4.0,2147294,1.0,1,4,2,1.0,,-1.0, -1,1990.0,A01,138Â 302Â 252,1.0,0.0,-1.0,1639733,1.0,7,,0.0,0.0,0.0,A01,138Â 302Â 252,1.0
960761,201900002292,9,19,11:20,1,2,1,1.0,2.0,2A004,ILES SANGUINAIRES ROUTE DES,M,"41,9087800","8,7123700",2A,2019,50.0,1.0,1.0,3.0,2147295,1.0,1,4,1,0.0,,-1.0,0,1977.0,B01,138Â 302Â 249,1.0,0.0,-1.0,1639734,1.0,7,,0.0,2.0,1.0,B01,138Â 302Â 249,1.0
960761,201900002292,9,19,11:20,1,2,1,1.0,2.0,2A004,ILES SANGUINAIRES ROUTE DES,M,"41,9087800","8,7123700",2A,2019,50.0,1.0,1.0,3.0,2147295,1.0,1,4,1,0.0,,-1.0,0,1977.0,B01,138Â 302Â 249,1.0,0.0,-1.0,1639735,1.0,7,,0.0,2.0,1.0,A01,138Â 302Â 250,1.0
960761,201900002292,9,19,11:20,1,2,1,1.0,2.0,2A004,ILES SANGUINAIRES ROUTE DES,M,"41,9087800","8,7123700",2A,2019,50.0,1.0,1.0,3.0,2147296,1.0,1,4,2,0.0,,-1.0, -1,1932.0,A01,138Â 302Â 250,1.0,0.0,-1.0,1639734,1.0,7,,0.0,2.0,1.0,B01,138Â 302Â 249,1.0
960761,201900002292,9,19,11:20,1,2,1,1.0,2.0,2A004,ILES SANGUINAIRES ROUTE DES,M,"41,9087800","8,7123700",2A,2019,50.0,1.0,1.0,3.0,2147296,1.0,1,4,2,0.0,,-1.0, -1,1932.0,A01,138Â 302Â 250,1.0,0.0,-1.0,1639735,1.0,7,,0.0,2.0,1.0,A01,138Â 302Â 250,1.0
960762,201900002293,9,17,07:56,1,2,1,1.0,3.0,95268,AV DE STALINGRAD,M,"48,9646930","2,4067990",95,2019,50.0,1.0,1.0,3.0,2147297,1.0,1,1,1,1.0,,-1.0, -1,1989.0,A01,138Â 302Â 247,1.0,0.0,-1.0,1639736,2.0,7,,0.0,2.0,8.0,A01,138Â 302Â 247,1.0
960762,201900002293,9,17,07:56,1,2,1,1.0,3.0,95268,AV DE STALINGRAD,M,"48,9646930","2,4067990",95,2019,50.0,1.0,1.0,3.0,2147297,1.0,1,1,1,1.0,,-1.0, -1,1989.0,A01,138Â 302Â 247,1.0,0.0,-1.0,1639737,2.0,33,,0.0,2.0,1.0,B01,138Â 302Â 248,1.0
960762,201900002293,9,17,07:56,1,2,1,1.0,3.0,95268,AV DE STALINGRAD,M,"48,9646930","2,4067990",95,2019,50.0,1.0,1.0,3.0,2147298,2.0,2,1,1,1.0,,-1.0, -1,1990.0,A01,138Â 302Â 247,1.0,0.0,-1.0,1639736,2.0,7,,0.0,2.0,8.0,A01,138Â 302Â 247,1.0
960762,201900002293,9,17,07:56,1,2,1,1.0,3.0,95268,AV DE STALINGRAD,M,"48,9646930","2,4067990",95,2019,50.0,1.0,1.0,3.0,2147298,2.0,2,1,1,1.0,,-1.0, -1,1990.0,A01,138Â 302Â 247,1.0,0.0,-1.0,1639737,2.0,33,,0.0,2.0,1.0,B01,138Â 302Â 248,1.0
960762,201900002293,9,17,07:56,1,2,1,1.0,3.0,95268,AV DE STALINGRAD,M,"48,9646930","2,4067990",95,2019,50.0,1.0,1.0,3.0,2147299,1.0,1,2,1,1.0,,-1.0, -1,1981.0,B01,138Â 302Â 248,2.0,6.0,-1.0,1639736,2.0,7,,0.0,2.0,8.0,A01,138Â 302Â 247,1.0
960762,201900002293,9,17,07:56,1,2,1,1.0,3.0,95268,AV DE STALINGRAD,M,"48,9646930","2,4067990",95,2019,50.0,1.0,1.0,3.0,2147299,1.0,1,2,1,1.0,,-1.0, -1,1981.0,B01,138Â 302Â 248,2.0,6.0,-1.0,1639737,2.0,33,,0.0,2.0,1.0,B01,138Â 302Â 248,1.0
960763,201900002294,9,19,09:00,1,2,1,1.0,7.0,91027,MORANGIS (AVENUE DE),M,"48,7056300","2,3612200",91,2019,50.0,1.0,1.0,4.0,2147300,10.0,3,3,1,4.0,,2.0,9,1979.0,A01,138Â 302Â 246,8.0,4.0,-1.0,1639738,3.0,13,,0.0,1.0,4.0,A01,138Â 302Â 246,1.0
960763,201900002294,9,19,09:00,1,2,1,1.0,7.0,91027,MORANGIS (AVENUE DE),M,"48,7056300","2,3612200",91,2019,50.0,1.0,1.0,4.0,2147301,1.0,1,1,1,4.0,,0.0,0,1988.0,A01,138Â 302Â 246,1.0,0.0,-1.0,1639738,3.0,13,,0.0,1.0,4.0,A01,138Â 302Â 246,1.0
960764,201900002295,9,19,05:11,3,2,9,1.0,7.0,91103,CD 19,M,"48,5940000","2,3110000",91,2019,50.0,1.0,1.0,3.0,2147302,1.0,1,4,1,0.0,,0.0,0,1981.0,A01,138Â 302Â 245,1.0,8.0,-1.0,1639739,3.0,7,,12.0,0.0,1.0,A01,138Â 302Â 245,0.0
960765,201900002296,9,19,17:57,1,2,1,1.0,3.0,90032,VERDUN (RUE DE),M,"47,6177600","6,8523300",90,2019,50.0,1.0,1.0,4.0,2147303,1.0,1,3,1,9.0,,0.0,0,1999.0,A01,138Â 302Â 243,2.0,0.0,-1.0,1639740,0.0,33,,0.0,2.0,7.0,A01,138Â 302Â 243,0.0
960765,201900002296,9,19,17:57,1,2,1,1.0,3.0,90032,VERDUN (RUE DE),M,"47,6177600","6,8523300",90,2019,50.0,1.0,1.0,4.0,2147303,1.0,1,3,1,9.0,,0.0,0,1999.0,A01,138Â 302Â 243,2.0,0.0,-1.0,1639741,0.0,3,,0.0,6.0,8.0,B01,138Â 302Â 244,1.0
960765,201900002296,9,19,17:57,1,2,1,1.0,3.0,90032,VERDUN (RUE DE),M,"47,6177600","6,8523300",90,2019,50.0,1.0,1.0,4.0,2147304,2.0,2,1,2,9.0,,-1.0, -1,1986.0,B01,138Â 302Â 244,1.0,8.0,-1.0,1639740,0.0,33,,0.0,2.0,7.0,A01,138Â 302Â 243,0.0
960765,201900002296,9,19,17:57,1,2,1,1.0,3.0,90032,VERDUN (RUE DE),M,"47,6177600","6,8523300",90,2019,50.0,1.0,1.0,4.0,2147304,2.0,2,1,2,9.0,,-1.0, -1,1986.0,B01,138Â 302Â 244,1.0,8.0,-1.0,1639741,0.0,3,,0.0,6.0,8.0,B01,138Â 302Â 244,1.0
960765,201900002296,9,19,17:57,1,2,1,1.0,3.0,90032,VERDUN (RUE DE),M,"47,6177600","6,8523300",90,2019,50.0,1.0,1.0,4.0,2147305,1.0,1,1,1,9.0,,-1.0, -1,1989.0,B01,138Â 302Â 244,1.0,8.0,-1.0,1639740,0.0,33,,0.0,2.0,7.0,A01,138Â 302Â 243,0.0
960765,201900002296,9,19,17:57,1,2,1,1.0,3.0,90032,VERDUN (RUE DE),M,"47,6177600","6,8523300",90,2019,50.0,1.0,1.0,4.0,2147305,1.0,1,1,1,9.0,,-1.0, -1,1989.0,B01,138Â 302Â 244,1.0,8.0,-1.0,1639741,0.0,3,,0.0,6.0,8.0,B01,138Â 302Â 244,1.0
960766,201900002297,9,18,18:35,1,2,2,1.0,3.0,88160,CORVEES (RUE DES),M,"48,1661800","6,4570900",88,2019,50.0,1.0,1.0,4.0,2147306,2.0,2,1,2,5.0,,-1.0, -1,1991.0,B01,138Â 302Â 241,1.0,0.0,-1.0,1639742,1.0,7,,0.0,2.0,3.0,B01,138Â 302Â 241,1.0
960766,201900002297,9,18,18:35,1,2,2,1.0,3.0,88160,CORVEES (RUE DES),M,"48,1661800","6,4570900",88,2019,50.0,1.0,1.0,4.0,2147306,2.0,2,1,2,5.0,,-1.0, -1,1991.0,B01,138Â 302Â 241,1.0,0.0,-1.0,1639743,1.0,33,,0.0,2.0,1.0,A01,138Â 302Â 242,1.0
960766,201900002297,9,18,18:35,1,2,2,1.0,3.0,88160,CORVEES (RUE DES),M,"48,1661800","6,4570900",88,2019,50.0,1.0,1.0,4.0,2147307,1.0,1,1,1,5.0,,-1.0, -1,1985.0,B01,138Â 302Â 241,1.0,0.0,-1.0,1639742,1.0,7,,0.0,2.0,3.0,B01,138Â 302Â 241,1.0
960766,201900002297,9,18,18:35,1,2,2,1.0,3.0,88160,CORVEES (RUE DES),M,"48,1661800","6,4570900",88,2019,50.0,1.0,1.0,4.0,2147307,1.0,1,1,1,5.0,,-1.0, -1,1985.0,B01,138Â 302Â 241,1.0,0.0,-1.0,1639743,1.0,33,,0.0,2.0,1.0,A01,138Â 302Â 242,1.0
960766,201900002297,9,18,18:35,1,2,2,1.0,3.0,88160,CORVEES (RUE DES),M,"48,1661800","6,4570900",88,2019,50.0,1.0,1.0,4.0,2147308,1.0,1,4,1,4.0,,-1.0, -1,1967.0,A01,138Â 302Â 242,2.0,8.0,-1.0,1639742,1.0,7,,0.0,2.0,3.0,B01,138Â 302Â 241,1.0
960766,201900002297,9,18,18:35,1,2,2,1.0,3.0,88160,CORVEES (RUE DES),M,"48,1661800","6,4570900",88,2019,50.0,1.0,1.0,4.0,2147308,1.0,1,4,1,4.0,,-1.0, -1,1967.0,A01,138Â 302Â 242,2.0,8.0,-1.0,1639743,1.0,33,,0.0,2.0,1.0,A01,138Â 302Â 242,1.0
960767,201900002298,9,19,08:28,1,2,1,1.0,6.0,87085,CARMES (PLACE DES),M,"45,8300100","1,2502200",87,2019,50.0,1.0,1.0,4.0,2147309,10.0,3,4,2,5.0,,2.0,3,1959.0,A01,138Â 302Â 240,0.0,-1.0,-1.0,1639744,1.0,7,,0.0,1.0,3.0,A01,138Â 302Â 240,1.0
960767,201900002298,9,19,08:28,1,2,1,1.0,6.0,87085,CARMES (PLACE DES),M,"45,8300100","1,2502200",87,2019,50.0,1.0,1.0,4.0,2147310,1.0,1,1,1,2.0,,0.0,0,1996.0,A01,138Â 302Â 240,1.0,-1.0,-1.0,1639744,1.0,7,,0.0,1.0,3.0,A01,138Â 302Â 240,1.0
960768,201900002299,9,17,21:15,3,1,1,1.0,6.0,82121,ROUTE DE BORDEAUX,M,"44,0464000","1,2984900",82,2019,70.0,1.0,1.0,3.0,2147311,1.0,1,3,1,5.0,,0.0,0,1985.0,A01,138Â 302Â 239,1.0,8.0,-1.0,1639745,2.0,7,,6.0,0.0,2.0,A01,138Â 302Â 239,1.0
960769,201900002300,9,19,16:50,1,2,6,1.0,6.0,78440,PLÃIADES (RUE DES),M,"48,9779200","1,9139500",78,2019,-1.0,1.0,1.0,3.0,2147312,1.0,1,3,2,2.0,,0.0,3,1983.0,A01,138Â 302Â 234,1.0,8.0,-1.0,1639746,2.0,7,,0.0,1.0,2.0,A01,138Â 302Â 234,1.0
960769,201900002300,9,19,16:50,1,2,6,1.0,6.0,78440,PLÃIADES (RUE DES),M,"48,9779200","1,9139500",78,2019,-1.0,1.0,1.0,3.0,2147313,10.0,3,3,2,3.0,,3.0,3,1951.0,A01,138Â 302Â 234,8.0,0.0,-1.0,1639746,2.0,7,,0.0,1.0,2.0,A01,138Â 302Â 234,1.0
960770,201900002301,9,18,12:40,1,2,3,1.0,4.0,78440,MARECHAL FOCH (AVENUE DU),M,"48,9890800","1,8983100",78,2019,50.0,1.0,1.0,3.0,2147314,1.0,1,1,2,9.0,,-1.0, -1,1985.0,C01,138Â 302Â 231,1.0,0.0,-1.0,1639747,1.0,7,,0.0,2.0,4.0,C01,138Â 302Â 231,1.0
960770,201900002301,9,18,12:40,1,2,3,1.0,4.0,78440,MARECHAL FOCH (AVENUE DU),M,"48,9890800","1,8983100",78,2019,50.0,1.0,1.0,3.0,2147314,1.0,1,1,2,9.0,,-1.0, -1,1985.0,C01,138Â 302Â 231,1.0,0.0,-1.0,1639748,1.0,7,,0.0,2.0,4.0,B01,138Â 302Â 232,1.0
960770,201900002301,9,18,12:40,1,2,3,1.0,4.0,78440,MARECHAL FOCH (AVENUE DU),M,"48,9890800","1,8983100",78,2019,50.0,1.0,1.0,3.0,2147314,1.0,1,1,2,9.0,,-1.0, -1,1985.0,C01,138Â 302Â 231,1.0,0.0,-1.0,1639749,1.0,7,,0.0,2.0,1.0,A01,138Â 302Â 233,1.0
960770,201900002301,9,18,12:40,1,2,3,1.0,4.0,78440,MARECHAL FOCH (AVENUE DU),M,"48,9890800","1,8983100",78,2019,50.0,1.0,1.0,3.0,2147315,2.0,2,4,2,0.0,,-1.0, -1,1948.0,C01,138Â 302Â 231,1.0,0.0,-1.0,1639747,1.0,7,,0.0,2.0,4.0,C01,138Â 302Â 231,1.0
960770,201900002301,9,18,12:40,1,2,3,1.0,4.0,78440,MARECHAL FOCH (AVENUE DU),M,"48,9890800","1,8983100",78,2019,50.0,1.0,1.0,3.0,2147315,2.0,2,4,2,0.0,,-1.0, -1,1948.0,C01,138Â 302Â 231,1.0,0.0,-1.0,1639748,1.0,7,,0.0,2.0,4.0,B01,138Â 302Â 232,1.0
960770,201900002301,9,18,12:40,1,2,3,1.0,4.0,78440,MARECHAL FOCH (AVENUE DU),M,"48,9890800","1,8983100",78,2019,50.0,1.0,1.0,3.0,2147315,2.0,2,4,2,0.0,,-1.0, -1,1948.0,C01,138Â 302Â 231,1.0,0.0,-1.0,1639749,1.0,7,,0.0,2.0,1.0,A01,138Â 302Â 233,1.0
960770,201900002301,9,18,12:40,1,2,3,1.0,4.0,78440,MARECHAL FOCH (AVENUE DU),M,"48,9890800","1,8983100",78,2019,50.0,1.0,1.0,3.0,2147316,2.0,2,1,1,9.0,,-1.0, -1,2009.0,B01,138Â 302Â 232,1.0,0.0,-1.0,1639747,1.0,7,,0.0,2.0,4.0,C01,138Â 302Â 231,1.0
960770,201900002301,9,18,12:40,1,2,3,1.0,4.0,78440,MARECHAL FOCH (AVENUE DU),M,"48,9890800","1,8983100",78,2019,50.0,1.0,1.0,3.0,2147316,2.0,2,1,1,9.0,,-1.0, -1,2009.0,B01,138Â 302Â 232,1.0,0.0,-1.0,1639748,1.0,7,,0.0,2.0,4.0,B01,138Â 302Â 232,1.0
960770,201900002301,9,18,12:40,1,2,3,1.0,4.0,78440,MARECHAL FOCH (AVENUE DU),M,"48,9890800","1,8983100",78,2019,50.0,1.0,1.0,3.0,2147316,2.0,2,1,1,9.0,,-1.0, -1,2009.0,B01,138Â 302Â 232,1.0,0.0,-1.0,1639749,1.0,7,,0.0,2.0,1.0,A01,138Â 302Â 233,1.0
960770,201900002301,9,18,12:40,1,2,3,1.0,4.0,78440,MARECHAL FOCH (AVENUE DU),M,"48,9890800","1,8983100",78,2019,50.0,1.0,1.0,3.0,2147317,1.0,1,1,1,5.0,,-1.0, -1,1959.0,B01,138Â 302Â 232,1.0,0.0,-1.0,1639747,1.0,7,,0.0,2.0,4.0,C01,138Â 302Â 231,1.0
960770,201900002301,9,18,12:40,1,2,3,1.0,4.0,78440,MARECHAL FOCH (AVENUE DU),M,"48,9890800","1,8983100",78,2019,50.0,1.0,1.0,3.0,2147317,1.0,1,1,1,5.0,,-1.0, -1,1959.0,B01,138Â 302Â 232,1.0,0.0,-1.0,1639748,1.0,7,,0.0,2.0,4.0,B01,138Â 302Â 232,1.0
960770,201900002301,9,18,12:40,1,2,3,1.0,4.0,78440,MARECHAL FOCH (AVENUE DU),M,"48,9890800","1,8983100",78,2019,50.0,1.0,1.0,3.0,2147317,1.0,1,1,1,5.0,,-1.0, -1,1959.0,B01,138Â 302Â 232,1.0,0.0,-1.0,1639749,1.0,7,,0.0,2.0,1.0,A01,138Â 302Â 233,1.0
960770,201900002301,9,18,12:40,1,2,3,1.0,4.0,78440,MARECHAL FOCH (AVENUE DU),M,"48,9890800","1,8983100",78,2019,50.0,1.0,1.0,3.0,2147318,1.0,1,1,1,9.0,,-1.0, -1,1994.0,A01,138Â 302Â 233,1.0,0.0,-1.0,1639747,1.0,7,,0.0,2.0,4.0,C01,138Â 302Â 231,1.0
960770,201900002301,9,18,12:40,1,2,3,1.0,4.0,78440,MARECHAL FOCH (AVENUE DU),M,"48,9890800","1,8983100",78,2019,50.0,1.0,1.0,3.0,2147318,1.0,1,1,1,9.0,,-1.0, -1,1994.0,A01,138Â 302Â 233,1.0,0.0,-1.0,1639748,1.0,7,,0.0,2.0,4.0,B01,138Â 302Â 232,1.0
960770,201900002301,9,18,12:40,1,2,3,1.0,4.0,78440,MARECHAL FOCH (AVENUE DU),M,"48,9890800","1,8983100",78,2019,50.0,1.0,1.0,3.0,2147318,1.0,1,1,1,9.0,,-1.0, -1,1994.0,A01,138Â 302Â 233,1.0,0.0,-1.0,1639749,1.0,7,,0.0,2.0,1.0,A01,138Â 302Â 233,1.0
960771,201900002302,9,19,17:00,1,2,1,1.0,2.0,77284,BRIAND (RUE ARISTIDE),M,"48,9562556","2,8859146",77,2019,50.0,1.0,1.0,4.0,2147319,1.0,1,1,1,1.0,,-1.0, -1,1984.0,A01,138Â 302Â 227,1.0,8.0,-1.0,1639750,1.0,7,,0.0,2.0,1.0,A01,138Â 302Â 227,1.0
960771,201900002302,9,19,17:00,1,2,1,1.0,2.0,77284,BRIAND (RUE ARISTIDE),M,"48,9562556","2,8859146",77,2019,50.0,1.0,1.0,4.0,2147319,1.0,1,1,1,1.0,,-1.0, -1,1984.0,A01,138Â 302Â 227,1.0,8.0,-1.0,1639751,1.0,7,,0.0,2.0,4.0,B01,138Â 302Â 228,1.0
960771,201900002302,9,19,17:00,1,2,1,1.0,2.0,77284,BRIAND (RUE ARISTIDE),M,"48,9562556","2,8859146",77,2019,50.0,1.0,1.0,4.0,2147320,1.0,1,1,2,2.0,,-1.0,0,1980.0,B01,138Â 302Â 228,1.0,8.0,-1.0,1639750,1.0,7,,0.0,2.0,1.0,A01,138Â 302Â 227,1.0
960771,201900002302,9,19,17:00,1,2,1,1.0,2.0,77284,BRIAND (RUE ARISTIDE),M,"48,9562556","2,8859146",77,2019,50.0,1.0,1.0,4.0,2147320,1.0,1,1,2,2.0,,-1.0,0,1980.0,B01,138Â 302Â 228,1.0,8.0,-1.0,1639751,1.0,7,,0.0,2.0,4.0,B01,138Â 302Â 228,1.0
960771,201900002302,9,19,17:00,1,2,1,1.0,2.0,77284,BRIAND (RUE ARISTIDE),M,"48,9562556","2,8859146",77,2019,50.0,1.0,1.0,4.0,2147321,3.0,2,4,2,2.0,,-1.0,0,2011.0,B01,138Â 302Â 228,3.0,8.0,-1.0,1639750,1.0,7,,0.0,2.0,1.0,A01,138Â 302Â 227,1.0
960771,201900002302,9,19,17:00,1,2,1,1.0,2.0,77284,BRIAND (RUE ARISTIDE),M,"48,9562556","2,8859146",77,2019,50.0,1.0,1.0,4.0,2147321,3.0,2,4,2,2.0,,-1.0,0,2011.0,B01,138Â 302Â 228,3.0,8.0,-1.0,1639751,1.0,7,,0.0,2.0,4.0,B01,138Â 302Â 228,1.0
960772,201900002303,9,13,17:50,1,2,1,1.0,6.0,77464,D418-CLAYE  (RUE DE  ),M,"48,8840000","2,7080800",77,2019,50.0,1.0,1.0,3.0,2147322,10.0,3,4,1,9.0,,3.0,3,2017.0,Z01,138Â 302Â 226,0.0,0.0,0.0,1639752,1.0,7,,0.0,1.0,1.0,Z01,138Â 302Â 226,0.0
960773,201900002304,9,18,13:50,1,2,2,1.0,3.0,76351,STRASBOURG (BD),M,"49,4927000","0,1166000",76,2019,50.0,1.0,1.0,4.0,2147323,2.0,2,4,2,5.0,,0.0,0,1997.0,B01,138Â 302Â 223,2.0,8.0,-1.0,1639753,1.0,2,,0.0,2.0,8.0,B01,138Â 302Â 223,1.0
960773,201900002304,9,18,13:50,1,2,2,1.0,3.0,76351,STRASBOURG (BD),M,"49,4927000","0,1166000",76,2019,50.0,1.0,1.0,4.0,2147323,2.0,2,4,2,5.0,,0.0,0,1997.0,B01,138Â 302Â 223,2.0,8.0,-1.0,1639754,2.0,10,,0.0,2.0,2.0,A01,138Â 302Â 224,1.0
960773,201900002304,9,18,13:50,1,2,2,1.0,3.0,76351,STRASBOURG (BD),M,"49,4927000","0,1166000",76,2019,50.0,1.0,1.0,4.0,2147324,1.0,1,4,1,5.0,,0.0,0,1992.0,B01,138Â 302Â 223,2.0,8.0,-1.0,1639753,1.0,2,,0.0,2.0,8.0,B01,138Â 302Â 223,1.0
960773,201900002304,9,18,13:50,1,2,2,1.0,3.0,76351,STRASBOURG (BD),M,"49,4927000","0,1166000",76,2019,50.0,1.0,1.0,4.0,2147324,1.0,1,4,1,5.0,,0.0,0,1992.0,B01,138Â 302Â 223,2.0,8.0,-1.0,1639754,2.0,10,,0.0,2.0,2.0,A01,138Â 302Â 224,1.0
960773,201900002304,9,18,13:50,1,2,2,1.0,3.0,76351,STRASBOURG (BD),M,"49,4927000","0,1166000",76,2019,50.0,1.0,1.0,4.0,2147325,1.0,1,1,2,4.0,,0.0,0,1971.0,A01,138Â 302Â 224,1.0,8.0,-1.0,1639753,1.0,2,,0.0,2.0,8.0,B01,138Â 302Â 223,1.0
960773,201900002304,9,18,13:50,1,2,2,1.0,3.0,76351,STRASBOURG (BD),M,"49,4927000","0,1166000",76,2019,50.0,1.0,1.0,4.0,2147325,1.0,1,1,2,4.0,,0.0,0,1971.0,A01,138Â 302Â 224,1.0,8.0,-1.0,1639754,2.0,10,,0.0,2.0,2.0,A01,138Â 302Â 224,1.0
960774,201900002305,9,18,02:30,5,2,3,1.0,6.0,76351,JULES DURAND (BD),M,"49,4894000","0,1547200",76,2019,50.0,1.0,1.0,3.0,2147326,1.0,1,4,1,4.0,,-1.0, -1,1959.0,A01,138Â 302Â 219,1.0,8.0,-1.0,1639755,1.0,15,,11.0,0.0,3.0,A01,138Â 302Â 219,1.0
960775,201900002306,9,17,19:45,1,2,1,1.0,6.0,76351,JULES DURAND (BD),M,"49,4893000","0,1540000",76,2019,50.0,1.0,1.0,3.0,2147327,10.0,3,4,1,9.0,,9.0,0,1994.0,A01,138Â 302Â 218,8.0,0.0,-1.0,1639756,2.0,7,,1.0,1.0,3.0,A01,138Â 302Â 218,1.0
960775,201900002306,9,17,19:45,1,2,1,1.0,6.0,76351,JULES DURAND (BD),M,"49,4893000","0,1540000",76,2019,50.0,1.0,1.0,3.0,2147328,10.0,3,4,1,9.0,,9.0,0,1974.0,A01,138Â 302Â 218,8.0,0.0,-1.0,1639756,2.0,7,,1.0,1.0,3.0,A01,138Â 302Â 218,1.0