Unnamed: 0_x,num_acc,mois,jour,hrmn,lum,agg,int,atm,col,com,adr,gps,lat,long,dep,annee,vma,situ,surf,catr,Unnamed: 0_y,place,catu,grav,sexe,trajet,secu,locp,actp,an_nais,num_veh_x,id_vehicule_x,secu1,secu2,secu3,Unnamed: 0,senc,catv,occutc,obs,obsm,choc,num_veh_y,id_vehicule_y,motor
960775,201900002306,9,17,19:45,1,2,1,1.0,6.0,76351,JULES DURAND (BD),M,"49,4893000","0,1540000",76,2019,50.0,1.0,1.0,3.0,2147329,1.0,1,1,1,5.0,,0.0,0,1999.0,A01,138Â 302Â 218,1.0,7.0,-1.0,1639756,2.0,7,,1.0,1.0,3.0,A01,138Â 302Â 218,1.0
960776,201900002307,9,19,17:40,1,2,3,1.0,3.0,74118,DE GAULLE (RUE CHARLES),M,"46,1656900","6,1879000",74,2019,50.0,1.0,1.0,3.0,2147330,1.0,1,1,1,1.0,,-1.0,0,1983.0,A01,138Â 302Â 212,1.0,8.0,-1.0,1639757,3.0,7,,0.0,2.0,3.0,A01,138Â 302Â 212,1.0
960776,201900002307,9,19,17:40,1,2,3,1.0,3.0,74118,DE GAULLE (RUE CHARLES),M,"46,1656900","6,1879000",74,2019,50.0,1.0,1.0,3.0,2147330,1.0,1,1,1,1.0,,-1.0,0,1983.0,A01,138Â 302Â 212,1.0,8.0,-1.0,1639758,2.0,33,,0.0,2.0,1.0,B01,138Â 302Â 213,1.0
960776,201900002307,9,19,17:40,1,2,3,1.0,3.0,74118,DE GAULLE (RUE CHARLES),M,"46,1656900","6,1879000",74,2019,50.0,1.0,1.0,3.0,2147331,2.0,2,1,1,5.0,,-1.0,0,2003.0,B01,138Â 302Â 213,2.0,8.0,-1.0,1639757,3.0,7,,0.0,2.0,3.0,A01,138Â 302Â 212,1.0
960776,201900002307,9,19,17:40,1,2,3,1.0,3.0,74118,DE GAULLE (RUE CHARLES),M,"46,1656900","6,1879000",74,2019,50.0,1.0,1.0,3.0,2147331,2.0,2,1,1,5.0,,-1.0,0,2003.0,B01,138Â 302Â 213,2.0,8.0,-1.0,1639758,2.0,33,,0.0,2.0,1.0,B01,138Â 302Â 213,1.0
960776,201900002307,9,19,17:40,1,2,3,1.0,3.0,74118,DE GAULLE (RUE CHARLES),M,"46,1656900","6,1879000",74,2019,50.0,1.0,1.0,3.0,2147332,1.0,1,4,1,5.0,,-1.0,0,1960.0,B01,138Â 302Â 213,2.0,8.0,-1.0,1639757,3.0,7,,0.0,2.0,3.0,A01,138Â 302Â 212,1.0
960776,201900002307,9,19,17:40,1,2,3,1.0,3.0,74118,DE GAULLE (RUE CHARLES),M,"46,1656900","6,1879000",74,2019,50.0,1.0,1.0,3.0,2147332,1.0,1,4,1,5.0,,-1.0,0,1960.0,B01,138Â 302Â 213,2.0,8.0,-1.0,1639758,2.0,33,,0.0,2.0,1.0,B01,138Â 302Â 213,1.0
960777,201900002308,9,19,13:20,1,2,4,1.0,3.0,74012,VERDUN (AVENUE DE),M,"46,1905300","6,2426200",74,2019,50.0,2.0,1.0,4.0,2147333,1.0,1,1,1,1.0,,-1.0,0,1974.0,A01,138Â 302Â 210,1.0,8.0,-1.0,1639759,2.0,7,,0.0,2.0,3.0,A01,138Â 302Â 210,1.0
960777,201900002308,9,19,13:20,1,2,4,1.0,3.0,74012,VERDUN (AVENUE DE),M,"46,1905300","6,2426200",74,2019,50.0,2.0,1.0,4.0,2147333,1.0,1,1,1,1.0,,-1.0,0,1974.0,A01,138Â 302Â 210,1.0,8.0,-1.0,1639760,2.0,2,,0.0,2.0,1.0,B01,138Â 302Â 211,1.0
960777,201900002308,9,19,13:20,1,2,4,1.0,3.0,74012,VERDUN (AVENUE DE),M,"46,1905300","6,2426200",74,2019,50.0,2.0,1.0,4.0,2147334,1.0,1,4,1,5.0,,-1.0,0,2001.0,B01,138Â 302Â 211,2.0,8.0,-1.0,1639759,2.0,7,,0.0,2.0,3.0,A01,138Â 302Â 210,1.0
960777,201900002308,9,19,13:20,1,2,4,1.0,3.0,74012,VERDUN (AVENUE DE),M,"46,1905300","6,2426200",74,2019,50.0,2.0,1.0,4.0,2147334,1.0,1,4,1,5.0,,-1.0,0,2001.0,B01,138Â 302Â 211,2.0,8.0,-1.0,1639760,2.0,2,,0.0,2.0,1.0,B01,138Â 302Â 211,1.0
960778,201900002309,9,19,10:05,1,2,2,1.0,3.0,72181,COQUELICOTS (RUE DES),M,"47,9959300","0,2067400",72,2019,50.0,1.0,1.0,7.0,2147335,1.0,1,4,2,0.0,,0.0,0,1959.0,A01,138Â 302Â 208,1.0,0.0,-1.0,1639761,2.0,7,,0.0,2.0,2.0,A01,138Â 302Â 208,1.0
960778,201900002309,9,19,10:05,1,2,2,1.0,3.0,72181,COQUELICOTS (RUE DES),M,"47,9959300","0,2067400",72,2019,50.0,1.0,1.0,7.0,2147335,1.0,1,4,2,0.0,,0.0,0,1959.0,A01,138Â 302Â 208,1.0,0.0,-1.0,1639762,2.0,10,,0.0,2.0,3.0,B01,138Â 302Â 209,1.0
960778,201900002309,9,19,10:05,1,2,2,1.0,3.0,72181,COQUELICOTS (RUE DES),M,"47,9959300","0,2067400",72,2019,50.0,1.0,1.0,7.0,2147336,1.0,1,4,1,4.0,,0.0,0,1970.0,B01,138Â 302Â 209,1.0,0.0,-1.0,1639761,2.0,7,,0.0,2.0,2.0,A01,138Â 302Â 208,1.0
960778,201900002309,9,19,10:05,1,2,2,1.0,3.0,72181,COQUELICOTS (RUE DES),M,"47,9959300","0,2067400",72,2019,50.0,1.0,1.0,7.0,2147336,1.0,1,4,1,4.0,,0.0,0,1970.0,B01,138Â 302Â 209,1.0,0.0,-1.0,1639762,2.0,10,,0.0,2.0,3.0,B01,138Â 302Â 209,1.0
960779,201900002310,9,18,18:00,1,2,6,1.0,3.0,72181,BEAUGE (RUE DE),M,"48,0115500","0,1580100",72,2019,50.0,1.0,1.0,7.0,2147337,1.0,1,1,2,1.0,,0.0,0,1970.0,A01,138Â 302Â 206,1.0,0.0,-1.0,1639763,3.0,7,,0.0,2.0,1.0,A01,138Â 302Â 206,1.0
960779,201900002310,9,18,18:00,1,2,6,1.0,3.0,72181,BEAUGE (RUE DE),M,"48,0115500","0,1580100",72,2019,50.0,1.0,1.0,7.0,2147337,1.0,1,1,2,1.0,,0.0,0,1970.0,A01,138Â 302Â 206,1.0,0.0,-1.0,1639764,3.0,7,,0.0,2.0,7.0,B01,138Â 302Â 207,1.0
960779,201900002310,9,18,18:00,1,2,6,1.0,3.0,72181,BEAUGE (RUE DE),M,"48,0115500","0,1580100",72,2019,50.0,1.0,1.0,7.0,2147338,1.0,1,4,2,0.0,,0.0,0,1977.0,B01,138Â 302Â 207,1.0,0.0,-1.0,1639763,3.0,7,,0.0,2.0,1.0,A01,138Â 302Â 206,1.0
960779,201900002310,9,18,18:00,1,2,6,1.0,3.0,72181,BEAUGE (RUE DE),M,"48,0115500","0,1580100",72,2019,50.0,1.0,1.0,7.0,2147338,1.0,1,4,2,0.0,,0.0,0,1977.0,B01,138Â 302Â 207,1.0,0.0,-1.0,1639764,3.0,7,,0.0,2.0,7.0,B01,138Â 302Â 207,1.0
960780,201900002311,9,14,22:43,5,2,1,1.0,6.0,69266,ROGER SALENGRO     (Avenue),M,"45,7815600","4,8864500",69,2019,50.0,1.0,1.0,4.0,2147339,1.0,1,1,1,0.0,,0.0,0,1997.0,A01,138Â 302Â 205,1.0,0.0,-1.0,1639765,1.0,7,,0.0,1.0,3.0,A01,138Â 302Â 205,1.0
960780,201900002311,9,14,22:43,5,2,1,1.0,6.0,69266,ROGER SALENGRO     (Avenue),M,"45,7815600","4,8864500",69,2019,50.0,1.0,1.0,4.0,2147340,10.0,3,3,1,0.0,,4.0,3,1973.0,A01,138Â 302Â 205,0.0,-1.0,-1.0,1639765,1.0,7,,0.0,1.0,3.0,A01,138Â 302Â 205,1.0
960781,201900002312,9,10,15:30,1,2,1,1.0,6.0,68066,9 rue de zurich,M,"48,0730760","7,3319320",68,2019,1.0,1.0,1.0,9.0,2147341,10.0,3,4,1,2.0,,8.0,1,2006.0,A01,138Â 302Â 201,8.0,0.0,-1.0,1639766,3.0,7,,0.0,1.0,0.0,A01,138Â 302Â 201,0.0
960782,201900002313,9,18,21:05,5,2,3,1.0,3.0,67482,ENGELBREIT (RUE DE L ),M,"48,5809140","7,7075000",67,2019,50.0,1.0,1.0,4.0,2147342,1.0,1,1,2,0.0,,-1.0,0,1993.0,B01,138Â 302Â 199,1.0,8.0,-1.0,1639767,2.0,7,,0.0,2.0,3.0,B01,138Â 302Â 199,1.0
960782,201900002313,9,18,21:05,5,2,3,1.0,3.0,67482,ENGELBREIT (RUE DE L ),M,"48,5809140","7,7075000",67,2019,50.0,1.0,1.0,4.0,2147342,1.0,1,1,2,0.0,,-1.0,0,1993.0,B01,138Â 302Â 199,1.0,8.0,-1.0,1639768,1.0,30,,0.0,2.0,0.0,A01,138Â 302Â 200,1.0
960782,201900002313,9,18,21:05,5,2,3,1.0,3.0,67482,ENGELBREIT (RUE DE L ),M,"48,5809140","7,7075000",67,2019,50.0,1.0,1.0,4.0,2147343,1.0,1,4,1,0.0,,-1.0,0,1981.0,A01,138Â 302Â 200,8.0,0.0,-1.0,1639767,2.0,7,,0.0,2.0,3.0,B01,138Â 302Â 199,1.0
960782,201900002313,9,18,21:05,5,2,3,1.0,3.0,67482,ENGELBREIT (RUE DE L ),M,"48,5809140","7,7075000",67,2019,50.0,1.0,1.0,4.0,2147343,1.0,1,4,1,0.0,,-1.0,0,1981.0,A01,138Â 302Â 200,8.0,0.0,-1.0,1639768,1.0,30,,0.0,2.0,0.0,A01,138Â 302Â 200,1.0
960783,201900002314,9,18,17:11,1,2,1,1.0,3.0,67482,NEUHOF (ROUTE),M,"48,5557850","7,7666840",67,2019,50.0,1.0,1.0,4.0,2147344,1.0,1,3,1,0.0,,-1.0,0,1974.0,A01,138Â 302Â 197,8.0,0.0,-1.0,1639769,1.0,50,,0.0,2.0,1.0,A01,138Â 302Â 197,3.0
960783,201900002314,9,18,17:11,1,2,1,1.0,3.0,67482,NEUHOF (ROUTE),M,"48,5557850","7,7666840",67,2019,50.0,1.0,1.0,4.0,2147344,1.0,1,3,1,0.0,,-1.0,0,1974.0,A01,138Â 302Â 197,8.0,0.0,-1.0,1639770,2.0,37,1.0,0.0,2.0,7.0,B01,138Â 302Â 198,6.0
960783,201900002314,9,18,17:11,1,2,1,1.0,3.0,67482,NEUHOF (ROUTE),M,"48,5557850","7,7666840",67,2019,50.0,1.0,1.0,4.0,2147345,1.0,1,1,2,4.0,,-1.0,0,1988.0,B01,138Â 302Â 198,1.0,8.0,-1.0,1639769,1.0,50,,0.0,2.0,1.0,A01,138Â 302Â 197,3.0
960783,201900002314,9,18,17:11,1,2,1,1.0,3.0,67482,NEUHOF (ROUTE),M,"48,5557850","7,7666840",67,2019,50.0,1.0,1.0,4.0,2147345,1.0,1,1,2,4.0,,-1.0,0,1988.0,B01,138Â 302Â 198,1.0,8.0,-1.0,1639770,2.0,37,1.0,0.0,2.0,7.0,B01,138Â 302Â 198,6.0
960784,201900002315,9,18,14:25,1,2,1,1.0,3.0,67482,PERIGUEUX (RUE DE),M,"48,5484370","7,7687140",67,2019,50.0,1.0,1.0,4.0,2147346,1.0,1,1,1,0.0,,-1.0,0,2001.0,B01,138Â 302Â 195,1.0,8.0,-1.0,1639771,2.0,7,,0.0,2.0,2.0,B01,138Â 302Â 195,1.0
960784,201900002315,9,18,14:25,1,2,1,1.0,3.0,67482,PERIGUEUX (RUE DE),M,"48,5484370","7,7687140",67,2019,50.0,1.0,1.0,4.0,2147346,1.0,1,1,1,0.0,,-1.0,0,2001.0,B01,138Â 302Â 195,1.0,8.0,-1.0,1639772,1.0,2,,0.0,2.0,1.0,A01,138Â 302Â 196,1.0
960784,201900002315,9,18,14:25,1,2,1,1.0,3.0,67482,PERIGUEUX (RUE DE),M,"48,5484370","7,7687140",67,2019,50.0,1.0,1.0,4.0,2147347,1.0,1,4,1,0.0,,-1.0,0,2000.0,A01,138Â 302Â 196,8.0,8.0,-1.0,1639771,2.0,7,,0.0,2.0,2.0,B01,138Â 302Â 195,1.0
960784,201900002315,9,18,14:25,1,2,1,1.0,3.0,67482,PERIGUEUX (RUE DE),M,"48,5484370","7,7687140",67,2019,50.0,1.0,1.0,4.0,2147347,1.0,1,4,1,0.0,,-1.0,0,2000.0,A01,138Â 302Â 196,8.0,8.0,-1.0,1639772,1.0,2,,0.0,2.0,1.0,A01,138Â 302Â 196,1.0
960785,201900002316,9,19,07:35,1,2,1,1.0,6.0,66136,SAINT-ASSISCLE (BOULEVARD DE),M,"42,6987000","2,8778100",66,2019,50.0,1.0,1.0,4.0,2147348,10.0,3,3,2,5.0,,2.0,3,1943.0,A01,138Â 302Â 194,8.0,0.0,-1.0,1639773,1.0,7,,0.0,1.0,1.0,A01,138Â 302Â 194,1.0
960785,201900002316,9,19,07:35,1,2,1,1.0,6.0,66136,SAINT-ASSISCLE (BOULEVARD DE),M,"42,6987000","2,8778100",66,2019,50.0,1.0,1.0,4.0,2147349,1.0,1,1,1,9.0,,0.0,0,1996.0,A01,138Â 302Â 194,1.0,8.0,-1.0,1639773,1.0,7,,0.0,1.0,1.0,A01,138Â 302Â 194,1.0
960786,201900002317,9,19,13:50,1,2,6,1.0,2.0,64445,D817,M,"43,3188185"," -0,3073158",64,2019,50.0,3.0,1.0,3.0,2147350,1.0,1,4,2,1.0,,0.0,0,1973.0,B01,138Â 302Â 190,2.0,0.0,-1.0,1639774,1.0,30,,0.0,2.0,4.0,B01,138Â 302Â 190,1.0
960786,201900002317,9,19,13:50,1,2,6,1.0,2.0,64445,D817,M,"43,3188185"," -0,3073158",64,2019,50.0,3.0,1.0,3.0,2147350,1.0,1,4,2,1.0,,0.0,0,1973.0,B01,138Â 302Â 190,2.0,0.0,-1.0,1639775,1.0,7,,0.0,2.0,2.0,A01,138Â 302Â 191,1.0
960786,201900002317,9,19,13:50,1,2,6,1.0,2.0,64445,D817,M,"43,3188185"," -0,3073158",64,2019,50.0,3.0,1.0,3.0,2147351,1.0,1,1,2,4.0,,0.0,0,1978.0,A01,138Â 302Â 191,1.0,0.0,-1.0,1639774,1.0,30,,0.0,2.0,4.0,B01,138Â 302Â 190,1.0
960786,201900002317,9,19,13:50,1,2,6,1.0,2.0,64445,D817,M,"43,3188185"," -0,3073158",64,2019,50.0,3.0,1.0,3.0,2147351,1.0,1,1,2,4.0,,0.0,0,1978.0,A01,138Â 302Â 191,1.0,0.0,-1.0,1639775,1.0,7,,0.0,2.0,2.0,A01,138Â 302Â 191,1.0
960787,201900002318,9,17,11:40,1,2,1,1.0,6.0,64122,MADRID (RUE DE),M,"43,4703700"," -1,5688600",64,2019,50.0,1.0,1.0,4.0,2147352,1.0,1,4,2,5.0,,0.0,0,1979.0,B01,138Â 302Â 188,8.0,0.0,-1.0,1639776,1.0,1,,0.0,0.0,0.0,B01,138Â 302Â 188,5.0
960787,201900002318,9,17,11:40,1,2,1,1.0,6.0,64122,MADRID (RUE DE),M,"43,4703700"," -1,5688600",64,2019,50.0,1.0,1.0,4.0,2147352,1.0,1,4,2,5.0,,0.0,0,1979.0,B01,138Â 302Â 188,8.0,0.0,-1.0,1639777,1.0,7,,0.0,0.0,0.0,A01,138Â 302Â 189,1.0
960787,201900002318,9,17,11:40,1,2,1,1.0,6.0,64122,MADRID (RUE DE),M,"43,4703700"," -1,5688600",64,2019,50.0,1.0,1.0,4.0,2147353,1.0,1,1,1,4.0,,0.0,0,1948.0,A01,138Â 302Â 189,1.0,0.0,-1.0,1639776,1.0,1,,0.0,0.0,0.0,B01,138Â 302Â 188,5.0
960787,201900002318,9,17,11:40,1,2,1,1.0,6.0,64122,MADRID (RUE DE),M,"43,4703700"," -1,5688600",64,2019,50.0,1.0,1.0,4.0,2147353,1.0,1,1,1,4.0,,0.0,0,1948.0,A01,138Â 302Â 189,1.0,0.0,-1.0,1639777,1.0,7,,0.0,0.0,0.0,A01,138Â 302Â 189,1.0
960788,201900002319,9,18,17:40,1,2,3,1.0,3.0,64024,CHAMBRE D'AMOUR (AVENUE DE LA),M,"43,4950697"," -1,5336365",64,2019,50.0,3.0,1.0,4.0,2147354,1.0,1,1,2,1.0,,0.0,0,1968.0,B01,138Â 302Â 186,1.0,0.0,-1.0,1639778,1.0,7,,0.0,2.0,3.0,B01,138Â 302Â 186,1.0
960788,201900002319,9,18,17:40,1,2,3,1.0,3.0,64024,CHAMBRE D'AMOUR (AVENUE DE LA),M,"43,4950697"," -1,5336365",64,2019,50.0,3.0,1.0,4.0,2147354,1.0,1,1,2,1.0,,0.0,0,1968.0,B01,138Â 302Â 186,1.0,0.0,-1.0,1639779,1.0,30,,0.0,2.0,1.0,A01,138Â 302Â 187,1.0
960788,201900002319,9,18,17:40,1,2,3,1.0,3.0,64024,CHAMBRE D'AMOUR (AVENUE DE LA),M,"43,4950697"," -1,5336365",64,2019,50.0,3.0,1.0,4.0,2147355,1.0,1,4,1,5.0,,0.0,0,2003.0,A01,138Â 302Â 187,2.0,6.0,-1.0,1639778,1.0,7,,0.0,2.0,3.0,B01,138Â 302Â 186,1.0
960788,201900002319,9,18,17:40,1,2,3,1.0,3.0,64024,CHAMBRE D'AMOUR (AVENUE DE LA),M,"43,4950697"," -1,5336365",64,2019,50.0,3.0,1.0,4.0,2147355,1.0,1,4,1,5.0,,0.0,0,2003.0,A01,138Â 302Â 187,2.0,6.0,-1.0,1639779,1.0,30,,0.0,2.0,1.0,A01,138Â 302Â 187,1.0
960789,201900002320,9,18,16:05,1,2,1,1.0,7.0,64024,EUSKADI (RUE DE L'),M,"43,4924200"," -1,5021800",64,2019,50.0,1.0,1.0,4.0,2147356,1.0,1,4,1,0.0,,0.0,0,1991.0,A01,138Â 302Â 185,8.0,0.0,-1.0,1639780,1.0,32,,0.0,0.0,0.0,A01,138Â 302Â 185,1.0
960790,201900002321,9,6,17:45,1,2,2,1.0,3.0,61006,PETITS FOSSES (RUE DES) NÂ° 1 A NÂ° 9,M,"48,7493400"," -0,0232480",61,2019,70.0,1.0,1.0,3.0,2147357,1.0,1,4,1,1.0,,0.0,0,1987.0,A01,138Â 302Â 183,1.0,8.0,-1.0,1639781,1.0,7,,0.0,2.0,7.0,A01,138Â 302Â 183,1.0
960790,201900002321,9,6,17:45,1,2,2,1.0,3.0,61006,PETITS FOSSES (RUE DES) NÂ° 1 A NÂ° 9,M,"48,7493400"," -0,0232480",61,2019,70.0,1.0,1.0,3.0,2147357,1.0,1,4,1,1.0,,0.0,0,1987.0,A01,138Â 302Â 183,1.0,8.0,-1.0,1639782,1.0,7,,0.0,2.0,7.0,B01,138Â 302Â 184,2.0
960790,201900002321,9,6,17:45,1,2,2,1.0,3.0,61006,PETITS FOSSES (RUE DES) NÂ° 1 A NÂ° 9,M,"48,7493400"," -0,0232480",61,2019,70.0,1.0,1.0,3.0,2147358,1.0,1,1,1,5.0,,0.0,0,1956.0,B01,138Â 302Â 184,1.0,8.0,-1.0,1639781,1.0,7,,0.0,2.0,7.0,A01,138Â 302Â 183,1.0
960790,201900002321,9,6,17:45,1,2,2,1.0,3.0,61006,PETITS FOSSES (RUE DES) NÂ° 1 A NÂ° 9,M,"48,7493400"," -0,0232480",61,2019,70.0,1.0,1.0,3.0,2147358,1.0,1,1,1,5.0,,0.0,0,1956.0,B01,138Â 302Â 184,1.0,8.0,-1.0,1639782,1.0,7,,0.0,2.0,7.0,B01,138Â 302Â 184,2.0
960791,201900002322,9,18,14:45,1,2,1,1.0,6.0,56098,Rue Paul Claudel,M,"47,7733655"," -3,3433414",56,2019,30.0,1.0,1.0,6.0,2147359,1.0,1,1,2,5.0,,0.0,0,1930.0,A01,138Â 302Â 180,1.0,8.0,-1.0,1639783,3.0,7,,0.0,1.0,4.0,A01,138Â 302Â 180,1.0
960791,201900002322,9,18,14:45,1,2,1,1.0,6.0,56098,Rue Paul Claudel,M,"47,7733655"," -3,3433414",56,2019,30.0,1.0,1.0,6.0,2147360,10.0,3,4,1,4.0,,2.0,9,1988.0,A01,138Â 302Â 180,8.0,0.0,-1.0,1639783,3.0,7,,0.0,1.0,4.0,A01,138Â 302Â 180,1.0
960792,201900002323,9,18,10:24,1,2,2,1.0,6.0,56121,BOVE ( COURS DE LA ),M,"47,7464100"," -3,3597300",56,2019,50.0,1.0,1.0,4.0,2147361,1.0,1,1,2,5.0,,0.0,0,1997.0,A01,138Â 302Â 179,1.0,8.0,-1.0,1639784,1.0,7,,0.0,1.0,1.0,A01,138Â 302Â 179,1.0
960792,201900002323,9,18,10:24,1,2,2,1.0,6.0,56121,BOVE ( COURS DE LA ),M,"47,7464100"," -3,3597300",56,2019,50.0,1.0,1.0,4.0,2147362,10.0,3,3,2,5.0,,3.0,3,1933.0,A01,138Â 302Â 179,8.0,0.0,-1.0,1639784,1.0,7,,0.0,1.0,1.0,A01,138Â 302Â 179,1.0
960793,201900002324,9,19,18:30,1,2,1,1.0,3.0,54395,MOUILLERON (RUE GABRIEL),M,"48,6853000","6,1770000",54,2019,30.0,1.0,1.0,4.0,2147363,1.0,1,1,1,0.0,,-1.0,0,1952.0,B01,138Â 302Â 177,1.0,0.0,-1.0,1639785,1.0,7,,0.0,2.0,1.0,B01,138Â 302Â 177,1.0
960793,201900002324,9,19,18:30,1,2,1,1.0,3.0,54395,MOUILLERON (RUE GABRIEL),M,"48,6853000","6,1770000",54,2019,30.0,1.0,1.0,4.0,2147363,1.0,1,1,1,0.0,,-1.0,0,1952.0,B01,138Â 302Â 177,1.0,0.0,-1.0,1639786,1.0,31,,0.0,2.0,1.0,A01,138Â 302Â 178,1.0
960793,201900002324,9,19,18:30,1,2,1,1.0,3.0,54395,MOUILLERON (RUE GABRIEL),M,"48,6853000","6,1770000",54,2019,30.0,1.0,1.0,4.0,2147364,1.0,1,4,1,0.0,,-1.0,0,1992.0,A01,138Â 302Â 178,2.0,0.0,-1.0,1639785,1.0,7,,0.0,2.0,1.0,B01,138Â 302Â 177,1.0
960793,201900002324,9,19,18:30,1,2,1,1.0,3.0,54395,MOUILLERON (RUE GABRIEL),M,"48,6853000","6,1770000",54,2019,30.0,1.0,1.0,4.0,2147364,1.0,1,4,1,0.0,,-1.0,0,1992.0,A01,138Â 302Â 178,2.0,0.0,-1.0,1639786,1.0,31,,0.0,2.0,1.0,A01,138Â 302Â 178,1.0
960794,201900002325,9,19,12:00,1,2,3,1.0,7.0,54304,VOLTAIRE (RUE),M,"48,6813200","6,1612700",54,2019,50.0,1.0,1.0,4.0,2147365,1.0,1,1,1,0.0,,0.0,0,1998.0,A01,138Â 302Â 176,1.0,0.0,-1.0,1639787,1.0,7,,0.0,1.0,0.0,A01,138Â 302Â 176,1.0
960794,201900002325,9,19,12:00,1,2,3,1.0,7.0,54304,VOLTAIRE (RUE),M,"48,6813200","6,1612700",54,2019,50.0,1.0,1.0,4.0,2147366,10.0,3,4,2,0.0,,2.0,3,1995.0,A01,138Â 302Â 176,8.0,0.0,-1.0,1639787,1.0,7,,0.0,1.0,0.0,A01,138Â 302Â 176,1.0
960795,201900002326,9,19,09:22,1,2,1,1.0,1.0,54395,HUGO (RUE VICTOR),M,"48,6899400","6,1693800",54,2019,50.0,1.0,1.0,4.0,2147367,1.0,1,4,1,4.0,,-1.0,0,1976.0,B01,138Â 302Â 174,1.0,0.0,-1.0,1639788,1.0,37,1.0,0.0,2.0,1.0,B01,138Â 302Â 174,1.0
960795,201900002326,9,19,09:22,1,2,1,1.0,1.0,54395,HUGO (RUE VICTOR),M,"48,6899400","6,1693800",54,2019,50.0,1.0,1.0,4.0,2147367,1.0,1,4,1,4.0,,-1.0,0,1976.0,B01,138Â 302Â 174,1.0,0.0,-1.0,1639789,1.0,7,,0.0,2.0,1.0,A01,138Â 302Â 175,1.0
960795,201900002326,9,19,09:22,1,2,1,1.0,1.0,54395,HUGO (RUE VICTOR),M,"48,6899400","6,1693800",54,2019,50.0,1.0,1.0,4.0,2147368,1.0,1,1,2,0.0,,-1.0,0,1978.0,A01,138Â 302Â 175,1.0,0.0,-1.0,1639788,1.0,37,1.0,0.0,2.0,1.0,B01,138Â 302Â 174,1.0
960795,201900002326,9,19,09:22,1,2,1,1.0,1.0,54395,HUGO (RUE VICTOR),M,"48,6899400","6,1693800",54,2019,50.0,1.0,1.0,4.0,2147368,1.0,1,1,2,0.0,,-1.0,0,1978.0,A01,138Â 302Â 175,1.0,0.0,-1.0,1639789,1.0,7,,0.0,2.0,1.0,A01,138Â 302Â 175,1.0
960796,201900002327,9,18,12:00,1,2,3,1.0,3.0,51454,AVENUE BREBANT,M,"49,2583986","4,0107103",51,2019,50.0,1.0,1.0,4.0,2147369,1.0,1,4,1,0.0,,-1.0,0,2001.0,A01,138Â 302Â 172,2.0,0.0,-1.0,1639790,3.0,2,,0.0,2.0,3.0,A01,138Â 302Â 172,1.0
960796,201900002327,9,18,12:00,1,2,3,1.0,3.0,51454,AVENUE BREBANT,M,"49,2583986","4,0107103",51,2019,50.0,1.0,1.0,4.0,2147369,1.0,1,4,1,0.0,,-1.0,0,2001.0,A01,138Â 302Â 172,2.0,0.0,-1.0,1639791,3.0,7,,0.0,2.0,7.0,B01,138Â 302Â 173,1.0
960796,201900002327,9,18,12:00,1,2,3,1.0,3.0,51454,AVENUE BREBANT,M,"49,2583986","4,0107103",51,2019,50.0,1.0,1.0,4.0,2147370,1.0,1,1,2,0.0,,-1.0,0,1961.0,B01,138Â 302Â 173,1.0,0.0,-1.0,1639790,3.0,2,,0.0,2.0,3.0,A01,138Â 302Â 172,1.0
960796,201900002327,9,18,12:00,1,2,3,1.0,3.0,51454,AVENUE BREBANT,M,"49,2583986","4,0107103",51,2019,50.0,1.0,1.0,4.0,2147370,1.0,1,1,2,0.0,,-1.0,0,1961.0,B01,138Â 302Â 173,1.0,0.0,-1.0,1639791,3.0,7,,0.0,2.0,7.0,B01,138Â 302Â 173,1.0
960797,201900002328,9,17,20:20,5,2,2,1.0,3.0,50602,BECQUET (RUE DU),M,"49,6529700"," -1,5522800",50,2019,50.0,1.0,1.0,3.0,2147371,1.0,1,1,2,1.0,,0.0,0,1988.0,A01,138Â 302Â 170,1.0,8.0,-1.0,1639792,1.0,7,,0.0,2.0,2.0,A01,138Â 302Â 170,1.0
960797,201900002328,9,17,20:20,5,2,2,1.0,3.0,50602,BECQUET (RUE DU),M,"49,6529700"," -1,5522800",50,2019,50.0,1.0,1.0,3.0,2147371,1.0,1,1,2,1.0,,0.0,0,1988.0,A01,138Â 302Â 170,1.0,8.0,-1.0,1639793,1.0,7,,0.0,2.0,2.0,B01,138Â 302Â 171,1.0
960797,201900002328,9,17,20:20,5,2,2,1.0,3.0,50602,BECQUET (RUE DU),M,"49,6529700"," -1,5522800",50,2019,50.0,1.0,1.0,3.0,2147372,1.0,1,4,1,5.0,,0.0,0,1963.0,B01,138Â 302Â 171,1.0,8.0,-1.0,1639792,1.0,7,,0.0,2.0,2.0,A01,138Â 302Â 170,1.0
960797,201900002328,9,17,20:20,5,2,2,1.0,3.0,50602,BECQUET (RUE DU),M,"49,6529700"," -1,5522800",50,2019,50.0,1.0,1.0,3.0,2147372,1.0,1,4,1,5.0,,0.0,0,1963.0,B01,138Â 302Â 171,1.0,8.0,-1.0,1639793,1.0,7,,0.0,2.0,2.0,B01,138Â 302Â 171,1.0
960798,201900002329,9,18,18:25,1,2,1,1.0,3.0,49007,VILLOUTREYS,M,"47,4599500"," -0,5243300",49,2019,60.0,1.0,1.0,4.0,2147373,1.0,1,1,1,0.0,,-1.0,0,1960.0,A01,138Â 302Â 168,1.0,8.0,-1.0,1639794,1.0,7,,0.0,2.0,8.0,A01,138Â 302Â 168,1.0