Unnamed: 0_x,num_acc,mois,jour,hrmn,lum,agg,int,atm,col,com,adr,gps,lat,long,dep,annee,vma,situ,surf,catr,Unnamed: 0_y,place,catu,grav,sexe,trajet,secu,locp,actp,an_nais,num_veh_x,id_vehicule_x,secu1,secu2,secu3,Unnamed: 0,senc,catv,occutc,obs,obsm,choc,num_veh_y,id_vehicule_y,motor
960798,201900002329,9,18,18:25,1,2,1,1.0,3.0,49007,VILLOUTREYS,M,"47,4599500"," -0,5243300",49,2019,60.0,1.0,1.0,4.0,2147373,1.0,1,1,1,0.0,,-1.0,0,1960.0,A01,138Â 302Â 168,1.0,8.0,-1.0,1639795,1.0,80,,0.0,2.0,4.0,B01,138Â 302Â 169,3.0
960798,201900002329,9,18,18:25,1,2,1,1.0,3.0,49007,VILLOUTREYS,M,"47,4599500"," -0,5243300",49,2019,60.0,1.0,1.0,4.0,2147374,1.0,1,3,2,5.0,,-1.0,0,1996.0,B01,138Â 302Â 169,8.0,0.0,-1.0,1639794,1.0,7,,0.0,2.0,8.0,A01,138Â 302Â 168,1.0
960798,201900002329,9,18,18:25,1,2,1,1.0,3.0,49007,VILLOUTREYS,M,"47,4599500"," -0,5243300",49,2019,60.0,1.0,1.0,4.0,2147374,1.0,1,3,2,5.0,,-1.0,0,1996.0,B01,138Â 302Â 169,8.0,0.0,-1.0,1639795,1.0,80,,0.0,2.0,4.0,B01,138Â 302Â 169,3.0
960799,201900002330,9,18,17:49,1,2,1,1.0,4.0,49007,MONPLAISIR BOULEVARD,M,"47,4910100"," -0,5277800",49,2019,60.0,1.0,1.0,4.0,2147375,3.0,2,4,1,5.0,,-1.0,0,2013.0,C01,138Â 302Â 165,1.0,8.0,-1.0,1639796,1.0,7,,0.0,2.0,4.0,C01,138Â 302Â 165,1.0
960799,201900002330,9,18,17:49,1,2,1,1.0,4.0,49007,MONPLAISIR BOULEVARD,M,"47,4910100"," -0,5277800",49,2019,60.0,1.0,1.0,4.0,2147375,3.0,2,4,1,5.0,,-1.0,0,2013.0,C01,138Â 302Â 165,1.0,8.0,-1.0,1639797,1.0,7,,0.0,2.0,9.0,B01,138Â 302Â 166,1.0
960799,201900002330,9,18,17:49,1,2,1,1.0,4.0,49007,MONPLAISIR BOULEVARD,M,"47,4910100"," -0,5277800",49,2019,60.0,1.0,1.0,4.0,2147375,3.0,2,4,1,5.0,,-1.0,0,2013.0,C01,138Â 302Â 165,1.0,8.0,-1.0,1639798,1.0,7,,0.0,2.0,1.0,A01,138Â 302Â 167,1.0
960799,201900002330,9,18,17:49,1,2,1,1.0,4.0,49007,MONPLAISIR BOULEVARD,M,"47,4910100"," -0,5277800",49,2019,60.0,1.0,1.0,4.0,2147376,1.0,1,4,2,5.0,,-1.0,0,1983.0,C01,138Â 302Â 165,1.0,8.0,-1.0,1639796,1.0,7,,0.0,2.0,4.0,C01,138Â 302Â 165,1.0
960799,201900002330,9,18,17:49,1,2,1,1.0,4.0,49007,MONPLAISIR BOULEVARD,M,"47,4910100"," -0,5277800",49,2019,60.0,1.0,1.0,4.0,2147376,1.0,1,4,2,5.0,,-1.0,0,1983.0,C01,138Â 302Â 165,1.0,8.0,-1.0,1639797,1.0,7,,0.0,2.0,9.0,B01,138Â 302Â 166,1.0
960799,201900002330,9,18,17:49,1,2,1,1.0,4.0,49007,MONPLAISIR BOULEVARD,M,"47,4910100"," -0,5277800",49,2019,60.0,1.0,1.0,4.0,2147376,1.0,1,4,2,5.0,,-1.0,0,1983.0,C01,138Â 302Â 165,1.0,8.0,-1.0,1639798,1.0,7,,0.0,2.0,1.0,A01,138Â 302Â 167,1.0
960799,201900002330,9,18,17:49,1,2,1,1.0,4.0,49007,MONPLAISIR BOULEVARD,M,"47,4910100"," -0,5277800",49,2019,60.0,1.0,1.0,4.0,2147377,1.0,1,1,2,5.0,,-1.0,0,1956.0,B01,138Â 302Â 166,1.0,8.0,-1.0,1639796,1.0,7,,0.0,2.0,4.0,C01,138Â 302Â 165,1.0
960799,201900002330,9,18,17:49,1,2,1,1.0,4.0,49007,MONPLAISIR BOULEVARD,M,"47,4910100"," -0,5277800",49,2019,60.0,1.0,1.0,4.0,2147377,1.0,1,1,2,5.0,,-1.0,0,1956.0,B01,138Â 302Â 166,1.0,8.0,-1.0,1639797,1.0,7,,0.0,2.0,9.0,B01,138Â 302Â 166,1.0
960799,201900002330,9,18,17:49,1,2,1,1.0,4.0,49007,MONPLAISIR BOULEVARD,M,"47,4910100"," -0,5277800",49,2019,60.0,1.0,1.0,4.0,2147377,1.0,1,1,2,5.0,,-1.0,0,1956.0,B01,138Â 302Â 166,1.0,8.0,-1.0,1639798,1.0,7,,0.0,2.0,1.0,A01,138Â 302Â 167,1.0
960799,201900002330,9,18,17:49,1,2,1,1.0,4.0,49007,MONPLAISIR BOULEVARD,M,"47,4910100"," -0,5277800",49,2019,60.0,1.0,1.0,4.0,2147378,1.0,1,1,2,5.0,,-1.0,0,1987.0,A01,138Â 302Â 167,1.0,8.0,-1.0,1639796,1.0,7,,0.0,2.0,4.0,C01,138Â 302Â 165,1.0
960799,201900002330,9,18,17:49,1,2,1,1.0,4.0,49007,MONPLAISIR BOULEVARD,M,"47,4910100"," -0,5277800",49,2019,60.0,1.0,1.0,4.0,2147378,1.0,1,1,2,5.0,,-1.0,0,1987.0,A01,138Â 302Â 167,1.0,8.0,-1.0,1639797,1.0,7,,0.0,2.0,9.0,B01,138Â 302Â 166,1.0
960799,201900002330,9,18,17:49,1,2,1,1.0,4.0,49007,MONPLAISIR BOULEVARD,M,"47,4910100"," -0,5277800",49,2019,60.0,1.0,1.0,4.0,2147378,1.0,1,1,2,5.0,,-1.0,0,1987.0,A01,138Â 302Â 167,1.0,8.0,-1.0,1639798,1.0,7,,0.0,2.0,1.0,A01,138Â 302Â 167,1.0
960800,201900002331,9,20,01:45,5,2,3,1.0,3.0,45234,BD A MARTIN - PLACE DU DOCTEUR HALMAGRAND,M,"47,9052328","1,9097789",45,2019,50.0,1.0,1.0,4.0,2147379,2.0,2,4,2,5.0,,0.0,0,1979.0,B01,138Â 302Â 163,2.0,6.0,-1.0,1639799,1.0,33,,0.0,2.0,8.0,B01,138Â 302Â 163,1.0
960800,201900002331,9,20,01:45,5,2,3,1.0,3.0,45234,BD A MARTIN - PLACE DU DOCTEUR HALMAGRAND,M,"47,9052328","1,9097789",45,2019,50.0,1.0,1.0,4.0,2147379,2.0,2,4,2,5.0,,0.0,0,1979.0,B01,138Â 302Â 163,2.0,6.0,-1.0,1639800,2.0,7,,0.0,2.0,1.0,A01,138Â 302Â 164,1.0
960800,201900002331,9,20,01:45,5,2,3,1.0,3.0,45234,BD A MARTIN - PLACE DU DOCTEUR HALMAGRAND,M,"47,9052328","1,9097789",45,2019,50.0,1.0,1.0,4.0,2147380,1.0,1,3,1,5.0,,0.0,0,1969.0,B01,138Â 302Â 163,2.0,6.0,-1.0,1639799,1.0,33,,0.0,2.0,8.0,B01,138Â 302Â 163,1.0
960800,201900002331,9,20,01:45,5,2,3,1.0,3.0,45234,BD A MARTIN - PLACE DU DOCTEUR HALMAGRAND,M,"47,9052328","1,9097789",45,2019,50.0,1.0,1.0,4.0,2147380,1.0,1,3,1,5.0,,0.0,0,1969.0,B01,138Â 302Â 163,2.0,6.0,-1.0,1639800,2.0,7,,0.0,2.0,1.0,A01,138Â 302Â 164,1.0
960800,201900002331,9,20,01:45,5,2,3,1.0,3.0,45234,BD A MARTIN - PLACE DU DOCTEUR HALMAGRAND,M,"47,9052328","1,9097789",45,2019,50.0,1.0,1.0,4.0,2147381,1.0,1,1,1,5.0,,0.0,0,1989.0,A01,138Â 302Â 164,1.0,0.0,-1.0,1639799,1.0,33,,0.0,2.0,8.0,B01,138Â 302Â 163,1.0
960800,201900002331,9,20,01:45,5,2,3,1.0,3.0,45234,BD A MARTIN - PLACE DU DOCTEUR HALMAGRAND,M,"47,9052328","1,9097789",45,2019,50.0,1.0,1.0,4.0,2147381,1.0,1,1,1,5.0,,0.0,0,1989.0,A01,138Â 302Â 164,1.0,0.0,-1.0,1639800,2.0,7,,0.0,2.0,1.0,A01,138Â 302Â 164,1.0
960801,201900002332,9,19,18:20,1,2,1,1.0,6.0,44162,RUE BENOIT FRACHON,M,"47,2196300"," -1,6214600",44,2019,50.0,1.0,1.0,4.0,2147382,10.0,3,4,2,2.0,,3.0,3,2001.0,A01,138Â 302Â 162,8.0,0.0,-1.0,1639801,0.0,7,,0.0,1.0,1.0,A01,138Â 302Â 162,1.0
960801,201900002332,9,19,18:20,1,2,1,1.0,6.0,44162,RUE BENOIT FRACHON,M,"47,2196300"," -1,6214600",44,2019,50.0,1.0,1.0,4.0,2147383,1.0,1,1,2,1.0,,0.0,0,1975.0,A01,138Â 302Â 162,1.0,0.0,-1.0,1639801,0.0,7,,0.0,1.0,1.0,A01,138Â 302Â 162,1.0
960802,201900002333,9,19,08:00,1,2,2,1.0,1.0,41212,NATIONALE (ROUTE),M,"47,5694100","1,3607900",41,2019,50.0,1.0,1.0,3.0,2147384,1.0,1,4,1,5.0,,0.0, -1,2002.0,B01,138Â 302Â 160,2.0,6.0,-1.0,1639802,2.0,2,,0.0,2.0,7.0,B01,138Â 302Â 160,1.0
960802,201900002333,9,19,08:00,1,2,2,1.0,1.0,41212,NATIONALE (ROUTE),M,"47,5694100","1,3607900",41,2019,50.0,1.0,1.0,3.0,2147384,1.0,1,4,1,5.0,,0.0, -1,2002.0,B01,138Â 302Â 160,2.0,6.0,-1.0,1639803,1.0,7,,0.0,2.0,3.0,A01,138Â 302Â 161,1.0
960802,201900002333,9,19,08:00,1,2,2,1.0,1.0,41212,NATIONALE (ROUTE),M,"47,5694100","1,3607900",41,2019,50.0,1.0,1.0,3.0,2147385,1.0,1,4,2,1.0,,0.0, -1,1974.0,A01,138Â 302Â 161,1.0,0.0,-1.0,1639802,2.0,2,,0.0,2.0,7.0,B01,138Â 302Â 160,1.0
960802,201900002333,9,19,08:00,1,2,2,1.0,1.0,41212,NATIONALE (ROUTE),M,"47,5694100","1,3607900",41,2019,50.0,1.0,1.0,3.0,2147385,1.0,1,4,2,1.0,,0.0, -1,1974.0,A01,138Â 302Â 161,1.0,0.0,-1.0,1639803,1.0,7,,0.0,2.0,3.0,A01,138Â 302Â 161,1.0
960803,201900002334,9,18,15:50,1,2,6,1.0,3.0,35281,DODIN (AVENUE ROGER),M,"48,0869000"," -1,7070000",35,2019,50.0,1.0,1.0,3.0,2147386,1.0,1,4,1,0.0,,-1.0,0,1986.0,B01,138Â 302Â 158,2.0,0.0,-1.0,1639804,3.0,30,,0.0,2.0,7.0,B01,138Â 302Â 158,1.0
960803,201900002334,9,18,15:50,1,2,6,1.0,3.0,35281,DODIN (AVENUE ROGER),M,"48,0869000"," -1,7070000",35,2019,50.0,1.0,1.0,3.0,2147386,1.0,1,4,1,0.0,,-1.0,0,1986.0,B01,138Â 302Â 158,2.0,0.0,-1.0,1639805,1.0,7,,0.0,2.0,2.0,A01,138Â 302Â 159,1.0
960803,201900002334,9,18,15:50,1,2,6,1.0,3.0,35281,DODIN (AVENUE ROGER),M,"48,0869000"," -1,7070000",35,2019,50.0,1.0,1.0,3.0,2147387,1.0,1,1,1,0.0,,-1.0, -1,1992.0,A01,138Â 302Â 159,1.0,0.0,-1.0,1639804,3.0,30,,0.0,2.0,7.0,B01,138Â 302Â 158,1.0
960803,201900002334,9,18,15:50,1,2,6,1.0,3.0,35281,DODIN (AVENUE ROGER),M,"48,0869000"," -1,7070000",35,2019,50.0,1.0,1.0,3.0,2147387,1.0,1,1,1,0.0,,-1.0, -1,1992.0,A01,138Â 302Â 159,1.0,0.0,-1.0,1639805,1.0,7,,0.0,2.0,2.0,A01,138Â 302Â 159,1.0
960804,201900002335,9,19,21:20,5,2,1,1.0,2.0,34172,CHAMPLAIN (AVENUE SAMUEL),M,"43,6070742","3,8892293",34,2019,50.0,1.0,1.0,4.0,2147388,1.0,1,1,1,-1.0,,0.0,0,1979.0,A01,138Â 302Â 156,1.0,-1.0,-1.0,1639806,1.0,7,,0.0,2.0,1.0,A01,138Â 302Â 156,1.0
960804,201900002335,9,19,21:20,5,2,1,1.0,2.0,34172,CHAMPLAIN (AVENUE SAMUEL),M,"43,6070742","3,8892293",34,2019,50.0,1.0,1.0,4.0,2147388,1.0,1,1,1,-1.0,,0.0,0,1979.0,A01,138Â 302Â 156,1.0,-1.0,-1.0,1639807,1.0,2,,0.0,2.0,4.0,B01,138Â 302Â 157,1.0
960804,201900002335,9,19,21:20,5,2,1,1.0,2.0,34172,CHAMPLAIN (AVENUE SAMUEL),M,"43,6070742","3,8892293",34,2019,50.0,1.0,1.0,4.0,2147389,1.0,1,4,1,5.0,,0.0,0,1983.0,B01,138Â 302Â 157,2.0,8.0,-1.0,1639806,1.0,7,,0.0,2.0,1.0,A01,138Â 302Â 156,1.0
960804,201900002335,9,19,21:20,5,2,1,1.0,2.0,34172,CHAMPLAIN (AVENUE SAMUEL),M,"43,6070742","3,8892293",34,2019,50.0,1.0,1.0,4.0,2147389,1.0,1,4,1,5.0,,0.0,0,1983.0,B01,138Â 302Â 157,2.0,8.0,-1.0,1639807,1.0,2,,0.0,2.0,4.0,B01,138Â 302Â 157,1.0
960805,201900002336,9,19,18:30,1,2,1,1.0,3.0,34172,LIBERTE (AVENUE DE LA,M,"43,6121600","3,8240200",34,2019,50.0,1.0,1.0,3.0,2147390,1.0,1,1,1,5.0,,0.0,0,1949.0,A01,138Â 302Â 154,1.0,8.0,-1.0,1639808,2.0,7,,0.0,2.0,8.0,A01,138Â 302Â 154,1.0
960805,201900002336,9,19,18:30,1,2,1,1.0,3.0,34172,LIBERTE (AVENUE DE LA,M,"43,6121600","3,8240200",34,2019,50.0,1.0,1.0,3.0,2147390,1.0,1,1,1,5.0,,0.0,0,1949.0,A01,138Â 302Â 154,1.0,8.0,-1.0,1639809,2.0,30,,0.0,2.0,2.0,B01,138Â 302Â 155,1.0
960805,201900002336,9,19,18:30,1,2,1,1.0,3.0,34172,LIBERTE (AVENUE DE LA,M,"43,6121600","3,8240200",34,2019,50.0,1.0,1.0,3.0,2147391,2.0,2,4,1,5.0,,0.0,0,1991.0,B01,138Â 302Â 155,2.0,6.0,-1.0,1639808,2.0,7,,0.0,2.0,8.0,A01,138Â 302Â 154,1.0
960805,201900002336,9,19,18:30,1,2,1,1.0,3.0,34172,LIBERTE (AVENUE DE LA,M,"43,6121600","3,8240200",34,2019,50.0,1.0,1.0,3.0,2147391,2.0,2,4,1,5.0,,0.0,0,1991.0,B01,138Â 302Â 155,2.0,6.0,-1.0,1639809,2.0,30,,0.0,2.0,2.0,B01,138Â 302Â 155,1.0
960805,201900002336,9,19,18:30,1,2,1,1.0,3.0,34172,LIBERTE (AVENUE DE LA,M,"43,6121600","3,8240200",34,2019,50.0,1.0,1.0,3.0,2147392,1.0,1,1,1,5.0,,0.0,0,2000.0,B01,138Â 302Â 155,2.0,6.0,-1.0,1639808,2.0,7,,0.0,2.0,8.0,A01,138Â 302Â 154,1.0
960805,201900002336,9,19,18:30,1,2,1,1.0,3.0,34172,LIBERTE (AVENUE DE LA,M,"43,6121600","3,8240200",34,2019,50.0,1.0,1.0,3.0,2147392,1.0,1,1,1,5.0,,0.0,0,2000.0,B01,138Â 302Â 155,2.0,6.0,-1.0,1639809,2.0,30,,0.0,2.0,2.0,B01,138Â 302Â 155,1.0
960806,201900002337,9,18,17:45,1,2,3,1.0,1.0,34172,MAC LAREN (ALLEE AGNES),M,"43,6387900","3,8593700",34,2019,50.0,1.0,1.0,4.0,2147393,1.0,1,4,2,0.0,,0.0,0,1990.0,A01,138Â 302Â 152,1.0,8.0,-1.0,1639810,1.0,7,,0.0,4.0,1.0,A01,138Â 302Â 152,1.0
960806,201900002337,9,18,17:45,1,2,3,1.0,1.0,34172,MAC LAREN (ALLEE AGNES),M,"43,6387900","3,8593700",34,2019,50.0,1.0,1.0,4.0,2147393,1.0,1,4,2,0.0,,0.0,0,1990.0,A01,138Â 302Â 152,1.0,8.0,-1.0,1639811,2.0,3,,0.0,2.0,1.0,B01,138Â 302Â 153,1.0
960806,201900002337,9,18,17:45,1,2,3,1.0,1.0,34172,MAC LAREN (ALLEE AGNES),M,"43,6387900","3,8593700",34,2019,50.0,1.0,1.0,4.0,2147394,4.0,2,4,1,0.0,,0.0,0,2019.0,A01,138Â 302Â 152,1.0,0.0,-1.0,1639810,1.0,7,,0.0,4.0,1.0,A01,138Â 302Â 152,1.0
960806,201900002337,9,18,17:45,1,2,3,1.0,1.0,34172,MAC LAREN (ALLEE AGNES),M,"43,6387900","3,8593700",34,2019,50.0,1.0,1.0,4.0,2147394,4.0,2,4,1,0.0,,0.0,0,2019.0,A01,138Â 302Â 152,1.0,0.0,-1.0,1639811,2.0,3,,0.0,2.0,1.0,B01,138Â 302Â 153,1.0
960806,201900002337,9,18,17:45,1,2,3,1.0,1.0,34172,MAC LAREN (ALLEE AGNES),M,"43,6387900","3,8593700",34,2019,50.0,1.0,1.0,4.0,2147395,1.0,1,4,1,0.0,,0.0,0,2002.0,B01,138Â 302Â 153,1.0,8.0,-1.0,1639810,1.0,7,,0.0,4.0,1.0,A01,138Â 302Â 152,1.0
960806,201900002337,9,18,17:45,1,2,3,1.0,1.0,34172,MAC LAREN (ALLEE AGNES),M,"43,6387900","3,8593700",34,2019,50.0,1.0,1.0,4.0,2147395,1.0,1,4,1,0.0,,0.0,0,2002.0,B01,138Â 302Â 153,1.0,8.0,-1.0,1639811,2.0,3,,0.0,2.0,1.0,B01,138Â 302Â 153,1.0
960807,201900002338,7,11,10:35,1,2,3,1.0,6.0,33063,R. du Grand Maurian / R. Frantz Schrader,M,"44,8322250"," -0,6098940",33,2019,50.0,1.0,1.0,4.0,2147396,1.0,1,1,1,0.0,,-1.0, -1,1941.0,A01,138Â 302Â 151,8.0,0.0,-1.0,1639812,2.0,7,,0.0,1.0,1.0,A01,138Â 302Â 151,1.0
960807,201900002338,7,11,10:35,1,2,3,1.0,6.0,33063,R. du Grand Maurian / R. Frantz Schrader,M,"44,8322250"," -0,6098940",33,2019,50.0,1.0,1.0,4.0,2147397,10.0,3,2,2,5.0,,3.0,3,1930.0,A01,138Â 302Â 151,8.0,0.0,-1.0,1639812,2.0,7,,0.0,1.0,1.0,A01,138Â 302Â 151,1.0
960808,201900002339,9,19,22:50,5,2,9,1.0,1.0,13215,LE CHATELIER,M,"43,3463200","5,3661200",13,2019,50.0,1.0,1.0,4.0,2147398,1.0,1,1,1,5.0,,-1.0, -1,1986.0,A01,138Â 302Â 147,1.0,0.0,-1.0,1639813,2.0,7,,0.0,2.0,1.0,A01,138Â 302Â 147,1.0
960808,201900002339,9,19,22:50,5,2,9,1.0,1.0,13215,LE CHATELIER,M,"43,3463200","5,3661200",13,2019,50.0,1.0,1.0,4.0,2147398,1.0,1,1,1,5.0,,-1.0, -1,1986.0,A01,138Â 302Â 147,1.0,0.0,-1.0,1639814,1.0,7,,0.0,2.0,1.0,B01,138Â 302Â 148,1.0
960808,201900002339,9,19,22:50,5,2,9,1.0,1.0,13215,LE CHATELIER,M,"43,3463200","5,3661200",13,2019,50.0,1.0,1.0,4.0,2147399,1.0,1,4,2,5.0,,-1.0, -1,1984.0,B01,138Â 302Â 148,1.0,0.0,-1.0,1639813,2.0,7,,0.0,2.0,1.0,A01,138Â 302Â 147,1.0
960808,201900002339,9,19,22:50,5,2,9,1.0,1.0,13215,LE CHATELIER,M,"43,3463200","5,3661200",13,2019,50.0,1.0,1.0,4.0,2147399,1.0,1,4,2,5.0,,-1.0, -1,1984.0,B01,138Â 302Â 148,1.0,0.0,-1.0,1639814,1.0,7,,0.0,2.0,1.0,B01,138Â 302Â 148,1.0
960809,201900002340,9,19,16:30,1,2,3,1.0,3.0,13206,LOUIS SALVATOR (BOULEVARD),M,"43,2910848","5,3817818",13,2019,50.0,1.0,1.0,4.0,2147400,1.0,1,1,2,1.0,,-1.0,0,1980.0,B01,138Â 302Â 145,1.0,8.0,-1.0,1639815,1.0,7,,0.0,2.0,3.0,B01,138Â 302Â 145,1.0
960809,201900002340,9,19,16:30,1,2,3,1.0,3.0,13206,LOUIS SALVATOR (BOULEVARD),M,"43,2910848","5,3817818",13,2019,50.0,1.0,1.0,4.0,2147400,1.0,1,1,2,1.0,,-1.0,0,1980.0,B01,138Â 302Â 145,1.0,8.0,-1.0,1639816,1.0,32,,0.0,2.0,2.0,A01,138Â 302Â 146,1.0
960809,201900002340,9,19,16:30,1,2,3,1.0,3.0,13206,LOUIS SALVATOR (BOULEVARD),M,"43,2910848","5,3817818",13,2019,50.0,1.0,1.0,4.0,2147401,1.0,1,4,1,1.0,,-1.0,0,1987.0,A01,138Â 302Â 146,2.0,8.0,-1.0,1639815,1.0,7,,0.0,2.0,3.0,B01,138Â 302Â 145,1.0
960809,201900002340,9,19,16:30,1,2,3,1.0,3.0,13206,LOUIS SALVATOR (BOULEVARD),M,"43,2910848","5,3817818",13,2019,50.0,1.0,1.0,4.0,2147401,1.0,1,4,1,1.0,,-1.0,0,1987.0,A01,138Â 302Â 146,2.0,8.0,-1.0,1639816,1.0,32,,0.0,2.0,2.0,A01,138Â 302Â 146,1.0
960810,201900002341,6,23,10:00,1,2,6,1.0,3.0,13209,ROBERT BOUVIER (ROND-POINT),M,"43,2525000","5,4217220",13,2019,50.0,1.0,1.0,9.0,2147402,1.0,1,4,1,0.0,,-1.0, -1,1942.0,B01,138Â 302Â 143,2.0,0.0,-1.0,1639817,0.0,34,,0.0,0.0,3.0,B01,138Â 302Â 143,0.0
960810,201900002341,6,23,10:00,1,2,6,1.0,3.0,13209,ROBERT BOUVIER (ROND-POINT),M,"43,2525000","5,4217220",13,2019,50.0,1.0,1.0,9.0,2147402,1.0,1,4,1,0.0,,-1.0, -1,1942.0,B01,138Â 302Â 143,2.0,0.0,-1.0,1639818,0.0,7,,0.0,2.0,1.0,A01,138Â 302Â 144,0.0
960810,201900002341,6,23,10:00,1,2,6,1.0,3.0,13209,ROBERT BOUVIER (ROND-POINT),M,"43,2525000","5,4217220",13,2019,50.0,1.0,1.0,9.0,2147403,1.0,1,1,1,0.0,,-1.0, -1,1943.0,A01,138Â 302Â 144,1.0,0.0,-1.0,1639817,0.0,34,,0.0,0.0,3.0,B01,138Â 302Â 143,0.0
960810,201900002341,6,23,10:00,1,2,6,1.0,3.0,13209,ROBERT BOUVIER (ROND-POINT),M,"43,2525000","5,4217220",13,2019,50.0,1.0,1.0,9.0,2147403,1.0,1,1,1,0.0,,-1.0, -1,1943.0,A01,138Â 302Â 144,1.0,0.0,-1.0,1639818,0.0,7,,0.0,2.0,1.0,A01,138Â 302Â 144,0.0
960811,201900002342,9,18,17:40,1,2,1,1.0,1.0,13207,VALLON (TRAVERSE DU),M,"43,2856680","5,3530210",13,2019,50.0,1.0,1.0,4.0,2147404,1.0,1,4,1,1.0,,-1.0,0,1996.0,A01,138Â 302Â 141,2.0,0.0,-1.0,1639819,2.0,30,,0.0,6.0,1.0,A01,138Â 302Â 141,1.0
960811,201900002342,9,18,17:40,1,2,1,1.0,1.0,13207,VALLON (TRAVERSE DU),M,"43,2856680","5,3530210",13,2019,50.0,1.0,1.0,4.0,2147404,1.0,1,4,1,1.0,,-1.0,0,1996.0,A01,138Â 302Â 141,2.0,0.0,-1.0,1639820,2.0,1,,0.0,2.0,1.0,B01,138Â 302Â 142,5.0
960811,201900002342,9,18,17:40,1,2,1,1.0,1.0,13207,VALLON (TRAVERSE DU),M,"43,2856680","5,3530210",13,2019,50.0,1.0,1.0,4.0,2147405,2.0,2,1,1,1.0,,-1.0, -1,2000.0,A01,138Â 302Â 141,8.0,0.0,-1.0,1639819,2.0,30,,0.0,6.0,1.0,A01,138Â 302Â 141,1.0
960811,201900002342,9,18,17:40,1,2,1,1.0,1.0,13207,VALLON (TRAVERSE DU),M,"43,2856680","5,3530210",13,2019,50.0,1.0,1.0,4.0,2147405,2.0,2,1,1,1.0,,-1.0, -1,2000.0,A01,138Â 302Â 141,8.0,0.0,-1.0,1639820,2.0,1,,0.0,2.0,1.0,B01,138Â 302Â 142,5.0
960811,201900002342,9,18,17:40,1,2,1,1.0,1.0,13207,VALLON (TRAVERSE DU),M,"43,2856680","5,3530210",13,2019,50.0,1.0,1.0,4.0,2147406,1.0,1,4,1,5.0,,-1.0, -1,2005.0,B01,138Â 302Â 142,8.0,0.0,-1.0,1639819,2.0,30,,0.0,6.0,1.0,A01,138Â 302Â 141,1.0
960811,201900002342,9,18,17:40,1,2,1,1.0,1.0,13207,VALLON (TRAVERSE DU),M,"43,2856680","5,3530210",13,2019,50.0,1.0,1.0,4.0,2147406,1.0,1,4,1,5.0,,-1.0, -1,2005.0,B01,138Â 302Â 142,8.0,0.0,-1.0,1639820,2.0,1,,0.0,2.0,1.0,B01,138Â 302Â 142,5.0
960812,201900002343,9,14,17:00,1,2,1,1.0,3.0,13063,SAINT SUSPY CHEMIN DE,M,"43,5859370","5,0134400",13,2019,50.0,1.0,1.0,4.0,2147407,1.0,1,4,1,9.0,,-1.0, -1,2002.0,B01,138Â 302Â 139,2.0,6.0,-1.0,1639821,1.0,2,,0.0,2.0,0.0,B01,138Â 302Â 139,0.0
960812,201900002343,9,14,17:00,1,2,1,1.0,3.0,13063,SAINT SUSPY CHEMIN DE,M,"43,5859370","5,0134400",13,2019,50.0,1.0,1.0,4.0,2147407,1.0,1,4,1,9.0,,-1.0, -1,2002.0,B01,138Â 302Â 139,2.0,6.0,-1.0,1639822,1.0,7,,0.0,2.0,2.0,A01,138Â 302Â 140,0.0
960812,201900002343,9,14,17:00,1,2,1,1.0,3.0,13063,SAINT SUSPY CHEMIN DE,M,"43,5859370","5,0134400",13,2019,50.0,1.0,1.0,4.0,2147408,2.0,2,4,1,0.0,,-1.0, -1,2002.0,B01,138Â 302Â 139,2.0,0.0,-1.0,1639821,1.0,2,,0.0,2.0,0.0,B01,138Â 302Â 139,0.0
960812,201900002343,9,14,17:00,1,2,1,1.0,3.0,13063,SAINT SUSPY CHEMIN DE,M,"43,5859370","5,0134400",13,2019,50.0,1.0,1.0,4.0,2147408,2.0,2,4,1,0.0,,-1.0, -1,2002.0,B01,138Â 302Â 139,2.0,0.0,-1.0,1639822,1.0,7,,0.0,2.0,2.0,A01,138Â 302Â 140,0.0
960812,201900002343,9,14,17:00,1,2,1,1.0,3.0,13063,SAINT SUSPY CHEMIN DE,M,"43,5859370","5,0134400",13,2019,50.0,1.0,1.0,4.0,2147409,1.0,1,1,1,0.0,,-1.0, -1,1978.0,A01,138Â 302Â 140,1.0,8.0,-1.0,1639821,1.0,2,,0.0,2.0,0.0,B01,138Â 302Â 139,0.0
960812,201900002343,9,14,17:00,1,2,1,1.0,3.0,13063,SAINT SUSPY CHEMIN DE,M,"43,5859370","5,0134400",13,2019,50.0,1.0,1.0,4.0,2147409,1.0,1,1,1,0.0,,-1.0, -1,1978.0,A01,138Â 302Â 140,1.0,8.0,-1.0,1639822,1.0,7,,0.0,2.0,2.0,A01,138Â 302Â 140,0.0
960813,201900002344,9,19,06:20,3,1,1,1.0,1.0,13004,RTE DE TARASCON,M,"43,6975700","4,6458500",13,2019,80.0,1.0,1.0,3.0,2147410,1.0,1,4,1,0.0,,-1.0, -1,1998.0,A01,138Â 302Â 137,1.0,8.0,-1.0,1639823,1.0,7,,0.0,2.0,2.0,A01,138Â 302Â 137,1.0
960813,201900002344,9,19,06:20,3,1,1,1.0,1.0,13004,RTE DE TARASCON,M,"43,6975700","4,6458500",13,2019,80.0,1.0,1.0,3.0,2147410,1.0,1,4,1,0.0,,-1.0, -1,1998.0,A01,138Â 302Â 137,1.0,8.0,-1.0,1639824,2.0,33,,0.0,2.0,1.0,B01,138Â 302Â 138,1.0
960813,201900002344,9,19,06:20,3,1,1,1.0,1.0,13004,RTE DE TARASCON,M,"43,6975700","4,6458500",13,2019,80.0,1.0,1.0,3.0,2147411,1.0,1,1,1,0.0,,-1.0, -1,1965.0,B01,138Â 302Â 138,2.0,8.0,-1.0,1639823,1.0,7,,0.0,2.0,2.0,A01,138Â 302Â 137,1.0