Unnamed: 0_x,num_acc,mois,jour,hrmn,lum,agg,int,atm,col,com,adr,gps,lat,long,dep,annee,vma,situ,surf,catr,Unnamed: 0_y,place,catu,grav,sexe,trajet,secu,locp,actp,an_nais,num_veh_x,id_vehicule_x,secu1,secu2,secu3,Unnamed: 0,senc,catv,occutc,obs,obsm,choc,num_veh_y,id_vehicule_y,motor
960813,201900002344,9,19,06:20,3,1,1,1.0,1.0,13004,RTE DE TARASCON,M,"43,6975700","4,6458500",13,2019,80.0,1.0,1.0,3.0,2147411,1.0,1,1,1,0.0,,-1.0, -1,1965.0,B01,138Â 302Â 138,2.0,8.0,-1.0,1639824,2.0,33,,0.0,2.0,1.0,B01,138Â 302Â 138,1.0
960814,201900002345,9,17,19:50,2,2,3,1.0,4.0,13001,PETIT MOULIN (RTE DU),M,"43,5046000","5,3374600",13,2019,50.0,1.0,1.0,3.0,2147412,1.0,1,1,2,0.0,,-1.0, -1,1981.0,C01,138Â 302Â 134,1.0,0.0,-1.0,1639825,1.0,7,,0.0,2.0,4.0,C01,138Â 302Â 134,1.0
960814,201900002345,9,17,19:50,2,2,3,1.0,4.0,13001,PETIT MOULIN (RTE DU),M,"43,5046000","5,3374600",13,2019,50.0,1.0,1.0,3.0,2147412,1.0,1,1,2,0.0,,-1.0, -1,1981.0,C01,138Â 302Â 134,1.0,0.0,-1.0,1639826,1.0,7,,0.0,2.0,4.0,B01,138Â 302Â 135,1.0
960814,201900002345,9,17,19:50,2,2,3,1.0,4.0,13001,PETIT MOULIN (RTE DU),M,"43,5046000","5,3374600",13,2019,50.0,1.0,1.0,3.0,2147412,1.0,1,1,2,0.0,,-1.0, -1,1981.0,C01,138Â 302Â 134,1.0,0.0,-1.0,1639827,1.0,7,,0.0,2.0,1.0,A01,138Â 302Â 136,1.0
960814,201900002345,9,17,19:50,2,2,3,1.0,4.0,13001,PETIT MOULIN (RTE DU),M,"43,5046000","5,3374600",13,2019,50.0,1.0,1.0,3.0,2147413,2.0,2,4,2,0.0,,-1.0, -1,1989.0,B01,138Â 302Â 135,1.0,0.0,-1.0,1639825,1.0,7,,0.0,2.0,4.0,C01,138Â 302Â 134,1.0
960814,201900002345,9,17,19:50,2,2,3,1.0,4.0,13001,PETIT MOULIN (RTE DU),M,"43,5046000","5,3374600",13,2019,50.0,1.0,1.0,3.0,2147413,2.0,2,4,2,0.0,,-1.0, -1,1989.0,B01,138Â 302Â 135,1.0,0.0,-1.0,1639826,1.0,7,,0.0,2.0,4.0,B01,138Â 302Â 135,1.0
960814,201900002345,9,17,19:50,2,2,3,1.0,4.0,13001,PETIT MOULIN (RTE DU),M,"43,5046000","5,3374600",13,2019,50.0,1.0,1.0,3.0,2147413,2.0,2,4,2,0.0,,-1.0, -1,1989.0,B01,138Â 302Â 135,1.0,0.0,-1.0,1639827,1.0,7,,0.0,2.0,1.0,A01,138Â 302Â 136,1.0
960814,201900002345,9,17,19:50,2,2,3,1.0,4.0,13001,PETIT MOULIN (RTE DU),M,"43,5046000","5,3374600",13,2019,50.0,1.0,1.0,3.0,2147414,1.0,1,4,1,0.0,,-1.0, -1,1987.0,B01,138Â 302Â 135,1.0,0.0,-1.0,1639825,1.0,7,,0.0,2.0,4.0,C01,138Â 302Â 134,1.0
960814,201900002345,9,17,19:50,2,2,3,1.0,4.0,13001,PETIT MOULIN (RTE DU),M,"43,5046000","5,3374600",13,2019,50.0,1.0,1.0,3.0,2147414,1.0,1,4,1,0.0,,-1.0, -1,1987.0,B01,138Â 302Â 135,1.0,0.0,-1.0,1639826,1.0,7,,0.0,2.0,4.0,B01,138Â 302Â 135,1.0
960814,201900002345,9,17,19:50,2,2,3,1.0,4.0,13001,PETIT MOULIN (RTE DU),M,"43,5046000","5,3374600",13,2019,50.0,1.0,1.0,3.0,2147414,1.0,1,4,1,0.0,,-1.0, -1,1987.0,B01,138Â 302Â 135,1.0,0.0,-1.0,1639827,1.0,7,,0.0,2.0,1.0,A01,138Â 302Â 136,1.0
960814,201900002345,9,17,19:50,2,2,3,1.0,4.0,13001,PETIT MOULIN (RTE DU),M,"43,5046000","5,3374600",13,2019,50.0,1.0,1.0,3.0,2147415,1.0,1,4,1,0.0,,-1.0,0,1981.0,A01,138Â 302Â 136,8.0,0.0,-1.0,1639825,1.0,7,,0.0,2.0,4.0,C01,138Â 302Â 134,1.0
960814,201900002345,9,17,19:50,2,2,3,1.0,4.0,13001,PETIT MOULIN (RTE DU),M,"43,5046000","5,3374600",13,2019,50.0,1.0,1.0,3.0,2147415,1.0,1,4,1,0.0,,-1.0,0,1981.0,A01,138Â 302Â 136,8.0,0.0,-1.0,1639826,1.0,7,,0.0,2.0,4.0,B01,138Â 302Â 135,1.0
960814,201900002345,9,17,19:50,2,2,3,1.0,4.0,13001,PETIT MOULIN (RTE DU),M,"43,5046000","5,3374600",13,2019,50.0,1.0,1.0,3.0,2147415,1.0,1,4,1,0.0,,-1.0,0,1981.0,A01,138Â 302Â 136,8.0,0.0,-1.0,1639827,1.0,7,,0.0,2.0,1.0,A01,138Â 302Â 136,1.0
960815,201900002346,9,18,23:15,3,1,1,3.0,3.0,11069,RD 6113,M,"43,2279000","2,3779000",11,2019,80.0,1.0,2.0,3.0,2147416,2.0,2,1,1,9.0,,-1.0, -1,1976.0,B01,138Â 302Â 132,1.0,0.0,-1.0,1639828,0.0,7,,0.0,0.0,7.0,B01,138Â 302Â 132,1.0
960815,201900002346,9,18,23:15,3,1,1,3.0,3.0,11069,RD 6113,M,"43,2279000","2,3779000",11,2019,80.0,1.0,2.0,3.0,2147416,2.0,2,1,1,9.0,,-1.0, -1,1976.0,B01,138Â 302Â 132,1.0,0.0,-1.0,1639829,0.0,2,,1.0,2.0,1.0,A01,138Â 302Â 133,1.0
960815,201900002346,9,18,23:15,3,1,1,3.0,3.0,11069,RD 6113,M,"43,2279000","2,3779000",11,2019,80.0,1.0,2.0,3.0,2147417,1.0,1,1,1,4.0,,-1.0, -1,1973.0,B01,138Â 302Â 132,1.0,0.0,-1.0,1639828,0.0,7,,0.0,0.0,7.0,B01,138Â 302Â 132,1.0
960815,201900002346,9,18,23:15,3,1,1,3.0,3.0,11069,RD 6113,M,"43,2279000","2,3779000",11,2019,80.0,1.0,2.0,3.0,2147417,1.0,1,1,1,4.0,,-1.0, -1,1973.0,B01,138Â 302Â 132,1.0,0.0,-1.0,1639829,0.0,2,,1.0,2.0,1.0,A01,138Â 302Â 133,1.0
960815,201900002346,9,18,23:15,3,1,1,3.0,3.0,11069,RD 6113,M,"43,2279000","2,3779000",11,2019,80.0,1.0,2.0,3.0,2147418,1.0,1,3,1,1.0,,-1.0, -1,1970.0,A01,138Â 302Â 133,2.0,0.0,-1.0,1639828,0.0,7,,0.0,0.0,7.0,B01,138Â 302Â 132,1.0
960815,201900002346,9,18,23:15,3,1,1,3.0,3.0,11069,RD 6113,M,"43,2279000","2,3779000",11,2019,80.0,1.0,2.0,3.0,2147418,1.0,1,3,1,1.0,,-1.0, -1,1970.0,A01,138Â 302Â 133,2.0,0.0,-1.0,1639829,0.0,2,,1.0,2.0,1.0,A01,138Â 302Â 133,1.0
960816,201900002347,9,18,07:30,1,2,1,1.0,3.0,06027,CANNES AVENUE DE (RN7),M,"43,6538730","7,1470290",6,2019,30.0,1.0,1.0,9.0,2147419,1.0,1,1,1,1.0,,0.0,0,1978.0,A01,138Â 302Â 130,1.0,0.0,-1.0,1639830,3.0,7,,0.0,2.0,3.0,A01,138Â 302Â 130,1.0
960816,201900002347,9,18,07:30,1,2,1,1.0,3.0,06027,CANNES AVENUE DE (RN7),M,"43,6538730","7,1470290",6,2019,30.0,1.0,1.0,9.0,2147419,1.0,1,1,1,1.0,,0.0,0,1978.0,A01,138Â 302Â 130,1.0,0.0,-1.0,1639831,3.0,33,,0.0,2.0,1.0,B01,138Â 302Â 131,1.0
960816,201900002347,9,18,07:30,1,2,1,1.0,3.0,06027,CANNES AVENUE DE (RN7),M,"43,6538730","7,1470290",6,2019,30.0,1.0,1.0,9.0,2147420,1.0,1,4,1,1.0,,0.0,0,1967.0,B01,138Â 302Â 131,2.0,6.0,-1.0,1639830,3.0,7,,0.0,2.0,3.0,A01,138Â 302Â 130,1.0
960816,201900002347,9,18,07:30,1,2,1,1.0,3.0,06027,CANNES AVENUE DE (RN7),M,"43,6538730","7,1470290",6,2019,30.0,1.0,1.0,9.0,2147420,1.0,1,4,1,1.0,,0.0,0,1967.0,B01,138Â 302Â 131,2.0,6.0,-1.0,1639831,3.0,33,,0.0,2.0,1.0,B01,138Â 302Â 131,1.0
960817,201900002348,9,17,16:50,1,2,9,1.0,3.0,06027,KENNEDY BOULEVARD J.F.,M,"43,6525450","7,1518160",6,2019,50.0,1.0,1.0,7.0,2147421,1.0,1,1,2,5.0,,0.0,0,1950.0,A01,138Â 302Â 128,1.0,8.0,-1.0,1639832,1.0,7,,0.0,2.0,8.0,A01,138Â 302Â 128,1.0
960817,201900002348,9,17,16:50,1,2,9,1.0,3.0,06027,KENNEDY BOULEVARD J.F.,M,"43,6525450","7,1518160",6,2019,50.0,1.0,1.0,7.0,2147421,1.0,1,1,2,5.0,,0.0,0,1950.0,A01,138Â 302Â 128,1.0,8.0,-1.0,1639833,1.0,33,,0.0,2.0,2.0,B01,138Â 302Â 129,1.0
960817,201900002348,9,17,16:50,1,2,9,1.0,3.0,06027,KENNEDY BOULEVARD J.F.,M,"43,6525450","7,1518160",6,2019,50.0,1.0,1.0,7.0,2147422,2.0,2,1,1,0.0,,0.0,0,1977.0,A01,138Â 302Â 128,1.0,0.0,-1.0,1639832,1.0,7,,0.0,2.0,8.0,A01,138Â 302Â 128,1.0
960817,201900002348,9,17,16:50,1,2,9,1.0,3.0,06027,KENNEDY BOULEVARD J.F.,M,"43,6525450","7,1518160",6,2019,50.0,1.0,1.0,7.0,2147422,2.0,2,1,1,0.0,,0.0,0,1977.0,A01,138Â 302Â 128,1.0,0.0,-1.0,1639833,1.0,33,,0.0,2.0,2.0,B01,138Â 302Â 129,1.0
960817,201900002348,9,17,16:50,1,2,9,1.0,3.0,06027,KENNEDY BOULEVARD J.F.,M,"43,6525450","7,1518160",6,2019,50.0,1.0,1.0,7.0,2147423,1.0,1,4,2,0.0,,0.0,0,1999.0,B01,138Â 302Â 129,2.0,6.0,-1.0,1639832,1.0,7,,0.0,2.0,8.0,A01,138Â 302Â 128,1.0
960817,201900002348,9,17,16:50,1,2,9,1.0,3.0,06027,KENNEDY BOULEVARD J.F.,M,"43,6525450","7,1518160",6,2019,50.0,1.0,1.0,7.0,2147423,1.0,1,4,2,0.0,,0.0,0,1999.0,B01,138Â 302Â 129,2.0,6.0,-1.0,1639833,1.0,33,,0.0,2.0,2.0,B01,138Â 302Â 129,1.0
960818,201900002349,9,19,10:00,1,2,1,1.0,4.0,75113,BD PERIPHERIQUE EXTERIEUR,M,"48,8241170","2,3833990",75,2019,70.0,1.0,1.0,4.0,2147424,1.0,1,4,1,4.0,,0.0,0,1965.0,A01,138Â 302Â 125,2.0,6.0,-1.0,1639834,2.0,42,,0.0,2.0,1.0,A01,138Â 302Â 125,1.0
960818,201900002349,9,19,10:00,1,2,1,1.0,4.0,75113,BD PERIPHERIQUE EXTERIEUR,M,"48,8241170","2,3833990",75,2019,70.0,1.0,1.0,4.0,2147424,1.0,1,4,1,4.0,,0.0,0,1965.0,A01,138Â 302Â 125,2.0,6.0,-1.0,1639835,2.0,33,,0.0,2.0,4.0,B01,138Â 302Â 126,1.0
960818,201900002349,9,19,10:00,1,2,1,1.0,4.0,75113,BD PERIPHERIQUE EXTERIEUR,M,"48,8241170","2,3833990",75,2019,70.0,1.0,1.0,4.0,2147424,1.0,1,4,1,4.0,,0.0,0,1965.0,A01,138Â 302Â 125,2.0,6.0,-1.0,1639836,2.0,10,,0.0,2.0,8.0,C01,138Â 302Â 127,1.0
960818,201900002349,9,19,10:00,1,2,1,1.0,4.0,75113,BD PERIPHERIQUE EXTERIEUR,M,"48,8241170","2,3833990",75,2019,70.0,1.0,1.0,4.0,2147425,1.0,1,1,1,1.0,,0.0,0,1959.0,B01,138Â 302Â 126,2.0,6.0,-1.0,1639834,2.0,42,,0.0,2.0,1.0,A01,138Â 302Â 125,1.0
960818,201900002349,9,19,10:00,1,2,1,1.0,4.0,75113,BD PERIPHERIQUE EXTERIEUR,M,"48,8241170","2,3833990",75,2019,70.0,1.0,1.0,4.0,2147425,1.0,1,1,1,1.0,,0.0,0,1959.0,B01,138Â 302Â 126,2.0,6.0,-1.0,1639835,2.0,33,,0.0,2.0,4.0,B01,138Â 302Â 126,1.0
960818,201900002349,9,19,10:00,1,2,1,1.0,4.0,75113,BD PERIPHERIQUE EXTERIEUR,M,"48,8241170","2,3833990",75,2019,70.0,1.0,1.0,4.0,2147425,1.0,1,1,1,1.0,,0.0,0,1959.0,B01,138Â 302Â 126,2.0,6.0,-1.0,1639836,2.0,10,,0.0,2.0,8.0,C01,138Â 302Â 127,1.0
960818,201900002349,9,19,10:00,1,2,1,1.0,4.0,75113,BD PERIPHERIQUE EXTERIEUR,M,"48,8241170","2,3833990",75,2019,70.0,1.0,1.0,4.0,2147426,1.0,1,1,1,4.0,,0.0,0,1962.0,C01,138Â 302Â 127,1.0,0.0,-1.0,1639834,2.0,42,,0.0,2.0,1.0,A01,138Â 302Â 125,1.0
960818,201900002349,9,19,10:00,1,2,1,1.0,4.0,75113,BD PERIPHERIQUE EXTERIEUR,M,"48,8241170","2,3833990",75,2019,70.0,1.0,1.0,4.0,2147426,1.0,1,1,1,4.0,,0.0,0,1962.0,C01,138Â 302Â 127,1.0,0.0,-1.0,1639835,2.0,33,,0.0,2.0,4.0,B01,138Â 302Â 126,1.0
960818,201900002349,9,19,10:00,1,2,1,1.0,4.0,75113,BD PERIPHERIQUE EXTERIEUR,M,"48,8241170","2,3833990",75,2019,70.0,1.0,1.0,4.0,2147426,1.0,1,1,1,4.0,,0.0,0,1962.0,C01,138Â 302Â 127,1.0,0.0,-1.0,1639836,2.0,10,,0.0,2.0,8.0,C01,138Â 302Â 127,1.0
960819,201900002350,9,17,08:15,1,2,1,1.0,3.0,75116,BD PERIPHERIQUE INTERIEUR,M,"48,8481510","2,2535690",75,2019,70.0,1.0,1.0,4.0,2147427,1.0,1,1,1,4.0,,0.0,0,1967.0,B01,138Â 302Â 123,1.0,-1.0,-1.0,1639837,1.0,7,,0.0,2.0,8.0,B01,138Â 302Â 123,1.0
960819,201900002350,9,17,08:15,1,2,1,1.0,3.0,75116,BD PERIPHERIQUE INTERIEUR,M,"48,8481510","2,2535690",75,2019,70.0,1.0,1.0,4.0,2147427,1.0,1,1,1,4.0,,0.0,0,1967.0,B01,138Â 302Â 123,1.0,-1.0,-1.0,1639838,1.0,33,,0.0,2.0,2.0,A01,138Â 302Â 124,1.0
960819,201900002350,9,17,08:15,1,2,1,1.0,3.0,75116,BD PERIPHERIQUE INTERIEUR,M,"48,8481510","2,2535690",75,2019,70.0,1.0,1.0,4.0,2147428,1.0,1,4,1,1.0,,0.0,0,1990.0,A01,138Â 302Â 124,2.0,6.0,-1.0,1639837,1.0,7,,0.0,2.0,8.0,B01,138Â 302Â 123,1.0
960819,201900002350,9,17,08:15,1,2,1,1.0,3.0,75116,BD PERIPHERIQUE INTERIEUR,M,"48,8481510","2,2535690",75,2019,70.0,1.0,1.0,4.0,2147428,1.0,1,4,1,1.0,,0.0,0,1990.0,A01,138Â 302Â 124,2.0,6.0,-1.0,1639838,1.0,33,,0.0,2.0,2.0,A01,138Â 302Â 124,1.0
960820,201900002351,9,19,11:50,1,2,2,1.0,3.0,75104,RUE DE LA CITE,M,"48,8556450","2,3483530",75,2019,30.0,1.0,1.0,4.0,2147429,1.0,1,4,1,4.0,,0.0,0,1971.0,B01,138Â 302Â 121,2.0,6.0,-1.0,1639839,1.0,33,,0.0,2.0,8.0,B01,138Â 302Â 121,1.0
960820,201900002351,9,19,11:50,1,2,2,1.0,3.0,75104,RUE DE LA CITE,M,"48,8556450","2,3483530",75,2019,30.0,1.0,1.0,4.0,2147429,1.0,1,4,1,4.0,,0.0,0,1971.0,B01,138Â 302Â 121,2.0,6.0,-1.0,1639840,1.0,7,,0.0,2.0,7.0,A01,138Â 302Â 122,1.0
960820,201900002351,9,19,11:50,1,2,2,1.0,3.0,75104,RUE DE LA CITE,M,"48,8556450","2,3483530",75,2019,30.0,1.0,1.0,4.0,2147430,5.0,2,1,1,0.0,,0.0,0,1988.0,A01,138Â 302Â 122,1.0,0.0,-1.0,1639839,1.0,33,,0.0,2.0,8.0,B01,138Â 302Â 121,1.0
960820,201900002351,9,19,11:50,1,2,2,1.0,3.0,75104,RUE DE LA CITE,M,"48,8556450","2,3483530",75,2019,30.0,1.0,1.0,4.0,2147430,5.0,2,1,1,0.0,,0.0,0,1988.0,A01,138Â 302Â 122,1.0,0.0,-1.0,1639840,1.0,7,,0.0,2.0,7.0,A01,138Â 302Â 122,1.0
960820,201900002351,9,19,11:50,1,2,2,1.0,3.0,75104,RUE DE LA CITE,M,"48,8556450","2,3483530",75,2019,30.0,1.0,1.0,4.0,2147431,1.0,1,1,1,4.0,,0.0,0,1967.0,A01,138Â 302Â 122,1.0,0.0,-1.0,1639839,1.0,33,,0.0,2.0,8.0,B01,138Â 302Â 121,1.0
960820,201900002351,9,19,11:50,1,2,2,1.0,3.0,75104,RUE DE LA CITE,M,"48,8556450","2,3483530",75,2019,30.0,1.0,1.0,4.0,2147431,1.0,1,1,1,4.0,,0.0,0,1967.0,A01,138Â 302Â 122,1.0,0.0,-1.0,1639840,1.0,7,,0.0,2.0,7.0,A01,138Â 302Â 122,1.0
960821,201900002352,9,19,18:50,1,2,3,1.0,6.0,75120,AVENUE GAMBETTA,M,"48,8641600","2,3922300",75,2019,50.0,1.0,1.0,4.0,2147432,1.0,1,4,1,1.0,,0.0,0,1971.0,A01,138Â 302Â 119,8.0,2.0,-1.0,1639841,2.0,1,,0.0,2.0,1.0,A01,138Â 302Â 119,5.0
960821,201900002352,9,19,18:50,1,2,3,1.0,6.0,75120,AVENUE GAMBETTA,M,"48,8641600","2,3922300",75,2019,50.0,1.0,1.0,4.0,2147432,1.0,1,4,1,1.0,,0.0,0,1971.0,A01,138Â 302Â 119,8.0,2.0,-1.0,1639842,1.0,7,,0.0,2.0,3.0,Z01,138Â 302Â 120,1.0
960822,201900002353,9,19,13:30,1,2,4,1.0,6.0,75119,RUE DE ROMAINVILLE,M,"48,8755560","2,3992390",75,2019,50.0,1.0,1.0,4.0,2147433,1.0,1,4,2,3.0,,0.0,0,1986.0,A01,138Â 302Â 118,1.0,0.0,-1.0,1639843,2.0,7,,0.0,2.0,1.0,Z01,138Â 302Â 117,1.0
960822,201900002353,9,19,13:30,1,2,4,1.0,6.0,75119,RUE DE ROMAINVILLE,M,"48,8755560","2,3992390",75,2019,50.0,1.0,1.0,4.0,2147433,1.0,1,4,2,3.0,,0.0,0,1986.0,A01,138Â 302Â 118,1.0,0.0,-1.0,1639844,2.0,7,,0.0,2.0,4.0,A01,138Â 302Â 118,1.0
960822,201900002353,9,19,13:30,1,2,4,1.0,6.0,75119,RUE DE ROMAINVILLE,M,"48,8755560","2,3992390",75,2019,50.0,1.0,1.0,4.0,2147434,2.0,2,4,2,3.0,,0.0,0,1982.0,A01,138Â 302Â 118,1.0,0.0,-1.0,1639843,2.0,7,,0.0,2.0,1.0,Z01,138Â 302Â 117,1.0
960822,201900002353,9,19,13:30,1,2,4,1.0,6.0,75119,RUE DE ROMAINVILLE,M,"48,8755560","2,3992390",75,2019,50.0,1.0,1.0,4.0,2147434,2.0,2,4,2,3.0,,0.0,0,1982.0,A01,138Â 302Â 118,1.0,0.0,-1.0,1639844,2.0,7,,0.0,2.0,4.0,A01,138Â 302Â 118,1.0
960823,201900002354,9,18,13:30,1,2,4,1.0,6.0,75119,RUE DE BELLEVILLE,M,"48,8768002","2,4052459",75,2019,30.0,1.0,1.0,4.0,2147435,10.0,3,4,2,5.0,,3.0,3,2004.0,Z01,138Â 302Â 116,0.0,0.0,0.0,1639845,1.0,34,,0.0,1.0,1.0,Z01,138Â 302Â 116,1.0
960824,201900002355,9,19,19:35,1,2,1,1.0,6.0,75118,RUE JEAN HENRI FABRE,M,"48,9012374","2,3416970",75,2019,50.0,1.0,1.0,4.0,2147436,10.0,3,4,1,0.0,,1.0,3,1987.0,Z01,138Â 302Â 115,0.0,0.0,0.0,1639846,1.0,31,,0.0,1.0,4.0,Z01,138Â 302Â 115,1.0
960825,201900002356,9,19,17:00,1,2,2,1.0,6.0,75117,AVENUE DE LA PORTE DE SAINT OUEN,M,"48,8976390","2,3289890",75,2019,50.0,5.0,1.0,4.0,2147437,1.0,1,4,1,1.0,,0.0,0,1967.0,A01,138Â 302Â 114,2.0,8.0,-1.0,1639847,1.0,7,,0.0,2.0,2.0,Z01,138Â 302Â 113,0.0
960825,201900002356,9,19,17:00,1,2,2,1.0,6.0,75117,AVENUE DE LA PORTE DE SAINT OUEN,M,"48,8976390","2,3289890",75,2019,50.0,5.0,1.0,4.0,2147437,1.0,1,4,1,1.0,,0.0,0,1967.0,A01,138Â 302Â 114,2.0,8.0,-1.0,1639848,1.0,50,,0.0,2.0,8.0,A01,138Â 302Â 114,3.0
960826,201900002357,9,19,17:20,1,2,5,1.0,6.0,75117,RUE PIERRE DEMOURS,M,"48,8819380","2,2959230",75,2019,50.0,1.0,1.0,4.0,2147438,10.0,3,4,1,1.0,,4.0,3,1981.0,A01,138Â 302Â 112,0.0,0.0,0.0,1639849,2.0,7,,0.0,1.0,1.0,A01,138Â 302Â 112,2.0
960826,201900002357,9,19,17:20,1,2,5,1.0,6.0,75117,RUE PIERRE DEMOURS,M,"48,8819380","2,2959230",75,2019,50.0,1.0,1.0,4.0,2147439,1.0,1,1,1,4.0,,0.0,0,1957.0,A01,138Â 302Â 112,1.0,0.0,-1.0,1639849,2.0,7,,0.0,1.0,1.0,A01,138Â 302Â 112,2.0
960827,201900002358,9,19,13:10,1,2,4,1.0,3.0,75117,AVENUE DE WAGRAM,M,"48,8806980","2,3000630",75,2019,30.0,1.0,1.0,4.0,2147440,1.0,1,4,2,9.0,,0.0,0,1996.0,B01,138Â 302Â 110,8.0,2.0,-1.0,1639850,2.0,50,,0.0,2.0,1.0,B01,138Â 302Â 110,3.0
960827,201900002358,9,19,13:10,1,2,4,1.0,3.0,75117,AVENUE DE WAGRAM,M,"48,8806980","2,3000630",75,2019,30.0,1.0,1.0,4.0,2147440,1.0,1,4,2,9.0,,0.0,0,1996.0,B01,138Â 302Â 110,8.0,2.0,-1.0,1639851,2.0,7,,0.0,2.0,8.0,A01,138Â 302Â 111,2.0
960827,201900002358,9,19,13:10,1,2,4,1.0,3.0,75117,AVENUE DE WAGRAM,M,"48,8806980","2,3000630",75,2019,30.0,1.0,1.0,4.0,2147441,1.0,1,1,1,4.0,,0.0,0,1985.0,A01,138Â 302Â 111,1.0,8.0,-1.0,1639850,2.0,50,,0.0,2.0,1.0,B01,138Â 302Â 110,3.0
960827,201900002358,9,19,13:10,1,2,4,1.0,3.0,75117,AVENUE DE WAGRAM,M,"48,8806980","2,3000630",75,2019,30.0,1.0,1.0,4.0,2147441,1.0,1,1,1,4.0,,0.0,0,1985.0,A01,138Â 302Â 111,1.0,8.0,-1.0,1639851,2.0,7,,0.0,2.0,8.0,A01,138Â 302Â 111,2.0
960828,201900002359,9,19,12:45,1,2,3,1.0,6.0,75117,BOULEVARD MALESHERBES,M,"48,8846120","2,3079870",75,2019,30.0,1.0,1.0,4.0,2147442,10.0,3,4,2,2.0,,3.0,3,2005.0,A01,138Â 302Â 109,0.0,0.0,0.0,1639852,2.0,30,,0.0,1.0,1.0,A01,138Â 302Â 109,1.0
960828,201900002359,9,19,12:45,1,2,3,1.0,6.0,75117,BOULEVARD MALESHERBES,M,"48,8846120","2,3079870",75,2019,30.0,1.0,1.0,4.0,2147443,1.0,1,1,1,4.0,,0.0,0,2001.0,A01,138Â 302Â 109,2.0,6.0,-1.0,1639852,2.0,30,,0.0,1.0,1.0,A01,138Â 302Â 109,1.0
960829,201900002360,9,19,16:40,1,2,4,1.0,3.0,75116,AVENUE HENRI MARTIN,M,"48,8640031","2,2717819",75,2019,50.0,1.0,1.0,4.0,2147444,1.0,1,4,1,5.0,,0.0,0,2006.0,B01,138Â 302Â 107,8.0,2.0,-1.0,1639853,1.0,60,,0.0,2.0,7.0,B01,138Â 302Â 107,5.0
960829,201900002360,9,19,16:40,1,2,4,1.0,3.0,75116,AVENUE HENRI MARTIN,M,"48,8640031","2,2717819",75,2019,50.0,1.0,1.0,4.0,2147444,1.0,1,4,1,5.0,,0.0,0,2006.0,B01,138Â 302Â 107,8.0,2.0,-1.0,1639854,2.0,7,,0.0,2.0,2.0,A01,138Â 302Â 108,1.0
960829,201900002360,9,19,16:40,1,2,4,1.0,3.0,75116,AVENUE HENRI MARTIN,M,"48,8640031","2,2717819",75,2019,50.0,1.0,1.0,4.0,2147445,1.0,1,1,1,4.0,,0.0,0,1980.0,A01,138Â 302Â 108,1.0,0.0,-1.0,1639853,1.0,60,,0.0,2.0,7.0,B01,138Â 302Â 107,5.0
960829,201900002360,9,19,16:40,1,2,4,1.0,3.0,75116,AVENUE HENRI MARTIN,M,"48,8640031","2,2717819",75,2019,50.0,1.0,1.0,4.0,2147445,1.0,1,1,1,4.0,,0.0,0,1980.0,A01,138Â 302Â 108,1.0,0.0,-1.0,1639854,2.0,7,,0.0,2.0,2.0,A01,138Â 302Â 108,1.0
960830,201900002361,9,19,13:30,1,2,2,1.0,3.0,75116,BOULEVARD MURAT,M,"48,8453640","2,2575560",75,2019,50.0,1.0,1.0,4.0,2147446,1.0,1,4,1,1.0,,0.0,0,1958.0,B01,138Â 302Â 105,2.0,6.0,-1.0,1639855,1.0,33,,0.0,2.0,1.0,B01,138Â 302Â 105,1.0
960830,201900002361,9,19,13:30,1,2,2,1.0,3.0,75116,BOULEVARD MURAT,M,"48,8453640","2,2575560",75,2019,50.0,1.0,1.0,4.0,2147446,1.0,1,4,1,1.0,,0.0,0,1958.0,B01,138Â 302Â 105,2.0,6.0,-1.0,1639856,2.0,7,,0.0,2.0,2.0,A01,138Â 302Â 106,1.0
960830,201900002361,9,19,13:30,1,2,2,1.0,3.0,75116,BOULEVARD MURAT,M,"48,8453640","2,2575560",75,2019,50.0,1.0,1.0,4.0,2147447,1.0,1,1,1,9.0,,0.0,0,1965.0,A01,138Â 302Â 106,1.0,0.0,-1.0,1639855,1.0,33,,0.0,2.0,1.0,B01,138Â 302Â 105,1.0
960830,201900002361,9,19,13:30,1,2,2,1.0,3.0,75116,BOULEVARD MURAT,M,"48,8453640","2,2575560",75,2019,50.0,1.0,1.0,4.0,2147447,1.0,1,1,1,9.0,,0.0,0,1965.0,A01,138Â 302Â 106,1.0,0.0,-1.0,1639856,2.0,7,,0.0,2.0,2.0,A01,138Â 302Â 106,1.0
960831,201900002362,9,19,03:43,5,2,4,1.0,6.0,75108,RUE LARRIBE,M,"48,8806400","2,3183780",75,2019,50.0,1.0,1.0,4.0,2147448,2.0,2,4,1,4.0,,0.0,0,1977.0,A01,138Â 302Â 104,1.0,0.0,-1.0,1639857,2.0,7,,1.0,0.0,7.0,A01,138Â 302Â 104,1.0
960831,201900002362,9,19,03:43,5,2,4,1.0,6.0,75108,RUE LARRIBE,M,"48,8806400","2,3183780",75,2019,50.0,1.0,1.0,4.0,2147449,1.0,1,1,1,4.0,,0.0,0,1982.0,A01,138Â 302Â 104,1.0,0.0,-1.0,1639857,2.0,7,,1.0,0.0,7.0,A01,138Â 302Â 104,1.0
960832,201900002363,9,18,09:20,1,2,7,1.0,3.0,75116,PLACE DE LA PORTE DE SAINT CLOUD,M,"48,8375241","2,2567195",75,2019,50.0,1.0,1.0,4.0,2147450,1.0,1,1,1,1.0,,0.0,0,1966.0,A01,138Â 302Â 102,1.0,0.0,-1.0,1639858,2.0,7,,0.0,2.0,5.0,A01,138Â 302Â 102,1.0