Unnamed: 0_x,num_acc,mois,jour,hrmn,lum,agg,int,atm,col,com,adr,gps,lat,long,dep,annee,vma,situ,surf,catr,Unnamed: 0_y,place,catu,grav,sexe,trajet,secu,locp,actp,an_nais,num_veh_x,id_vehicule_x,secu1,secu2,secu3,Unnamed: 0,senc,catv,occutc,obs,obsm,choc,num_veh_y,id_vehicule_y,motor
960832,201900002363,9,18,09:20,1,2,7,1.0,3.0,75116,PLACE DE LA PORTE DE SAINT CLOUD,M,"48,8375241","2,2567195",75,2019,50.0,1.0,1.0,4.0,2147450,1.0,1,1,1,1.0,,0.0,0,1966.0,A01,138Â 302Â 102,1.0,0.0,-1.0,1639859,2.0,1,,0.0,2.0,8.0,B01,138Â 302Â 103,5.0
960832,201900002363,9,18,09:20,1,2,7,1.0,3.0,75116,PLACE DE LA PORTE DE SAINT CLOUD,M,"48,8375241","2,2567195",75,2019,50.0,1.0,1.0,4.0,2147451,1.0,1,4,2,1.0,,0.0,0,1977.0,B01,138Â 302Â 103,8.0,2.0,-1.0,1639858,2.0,7,,0.0,2.0,5.0,A01,138Â 302Â 102,1.0
960832,201900002363,9,18,09:20,1,2,7,1.0,3.0,75116,PLACE DE LA PORTE DE SAINT CLOUD,M,"48,8375241","2,2567195",75,2019,50.0,1.0,1.0,4.0,2147451,1.0,1,4,2,1.0,,0.0,0,1977.0,B01,138Â 302Â 103,8.0,2.0,-1.0,1639859,2.0,1,,0.0,2.0,8.0,B01,138Â 302Â 103,5.0
960833,201900002364,9,18,21:30,5,2,3,1.0,3.0,75107,BOULEVARD DES INVALIDES,M,"48,8536960","2,3147220",75,2019,50.0,1.0,1.0,4.0,2147452,2.0,2,4,1,0.0,,0.0,0,2001.0,A01,138Â 302Â 100,1.0,0.0,-1.0,1639860,2.0,7,,0.0,2.0,1.0,A01,138Â 302Â 100,1.0
960833,201900002364,9,18,21:30,5,2,3,1.0,3.0,75107,BOULEVARD DES INVALIDES,M,"48,8536960","2,3147220",75,2019,50.0,1.0,1.0,4.0,2147452,2.0,2,4,1,0.0,,0.0,0,2001.0,A01,138Â 302Â 100,1.0,0.0,-1.0,1639861,1.0,33,,0.0,2.0,1.0,B01,138Â 302Â 101,1.0
960833,201900002364,9,18,21:30,5,2,3,1.0,3.0,75107,BOULEVARD DES INVALIDES,M,"48,8536960","2,3147220",75,2019,50.0,1.0,1.0,4.0,2147453,1.0,1,1,2,9.0,,0.0,0,1949.0,A01,138Â 302Â 100,1.0,0.0,-1.0,1639860,2.0,7,,0.0,2.0,1.0,A01,138Â 302Â 100,1.0
960833,201900002364,9,18,21:30,5,2,3,1.0,3.0,75107,BOULEVARD DES INVALIDES,M,"48,8536960","2,3147220",75,2019,50.0,1.0,1.0,4.0,2147453,1.0,1,1,2,9.0,,0.0,0,1949.0,A01,138Â 302Â 100,1.0,0.0,-1.0,1639861,1.0,33,,0.0,2.0,1.0,B01,138Â 302Â 101,1.0
960833,201900002364,9,18,21:30,5,2,3,1.0,3.0,75107,BOULEVARD DES INVALIDES,M,"48,8536960","2,3147220",75,2019,50.0,1.0,1.0,4.0,2147454,1.0,1,4,1,9.0,,0.0,0,1975.0,B01,138Â 302Â 101,2.0,6.0,-1.0,1639860,2.0,7,,0.0,2.0,1.0,A01,138Â 302Â 100,1.0
960833,201900002364,9,18,21:30,5,2,3,1.0,3.0,75107,BOULEVARD DES INVALIDES,M,"48,8536960","2,3147220",75,2019,50.0,1.0,1.0,4.0,2147454,1.0,1,4,1,9.0,,0.0,0,1975.0,B01,138Â 302Â 101,2.0,6.0,-1.0,1639861,1.0,33,,0.0,2.0,1.0,B01,138Â 302Â 101,1.0
960834,201900002365,9,19,20:00,2,2,7,1.0,3.0,75120,AVENUE DE LA PORTE DE VINCENNES,M,"48,8470311","2,4114947",75,2019,50.0,1.0,1.0,4.0,2147455,1.0,1,4,2,5.0,,0.0,0,2005.0,A01,138Â 302Â 098,2.0,8.0,-1.0,1639862,1.0,1,,0.0,2.0,8.0,A01,138Â 302Â 098,5.0
960834,201900002365,9,19,20:00,2,2,7,1.0,3.0,75120,AVENUE DE LA PORTE DE VINCENNES,M,"48,8470311","2,4114947",75,2019,50.0,1.0,1.0,4.0,2147455,1.0,1,4,2,5.0,,0.0,0,2005.0,A01,138Â 302Â 098,2.0,8.0,-1.0,1639863,1.0,32,,0.0,2.0,7.0,B01,138Â 302Â 099,1.0
960834,201900002365,9,19,20:00,2,2,7,1.0,3.0,75120,AVENUE DE LA PORTE DE VINCENNES,M,"48,8470311","2,4114947",75,2019,50.0,1.0,1.0,4.0,2147456,1.0,1,1,2,1.0,,0.0,0,1957.0,B01,138Â 302Â 099,1.0,0.0,-1.0,1639862,1.0,1,,0.0,2.0,8.0,A01,138Â 302Â 098,5.0
960834,201900002365,9,19,20:00,2,2,7,1.0,3.0,75120,AVENUE DE LA PORTE DE VINCENNES,M,"48,8470311","2,4114947",75,2019,50.0,1.0,1.0,4.0,2147456,1.0,1,1,2,1.0,,0.0,0,1957.0,B01,138Â 302Â 099,1.0,0.0,-1.0,1639863,1.0,32,,0.0,2.0,7.0,B01,138Â 302Â 099,1.0
960835,201900002366,9,19,17:50,1,2,2,1.0,5.0,75112,AVENUE DU TREMBLAY,M,"48,8298490","2,4610770",75,2019,50.0,1.0,1.0,4.0,2147457,1.0,1,4,1,1.0,,0.0,0,2001.0,C01,138Â 302Â 095,1.0,0.0,-1.0,1639864,2.0,7,,0.0,2.0,0.0,C01,138Â 302Â 095,1.0
960835,201900002366,9,19,17:50,1,2,2,1.0,5.0,75112,AVENUE DU TREMBLAY,M,"48,8298490","2,4610770",75,2019,50.0,1.0,1.0,4.0,2147457,1.0,1,4,1,1.0,,0.0,0,2001.0,C01,138Â 302Â 095,1.0,0.0,-1.0,1639865,2.0,10,,9.0,2.0,8.0,B01,138Â 302Â 096,1.0
960835,201900002366,9,19,17:50,1,2,2,1.0,5.0,75112,AVENUE DU TREMBLAY,M,"48,8298490","2,4610770",75,2019,50.0,1.0,1.0,4.0,2147457,1.0,1,4,1,1.0,,0.0,0,2001.0,C01,138Â 302Â 095,1.0,0.0,-1.0,1639866,1.0,7,,0.0,2.0,1.0,A01,138Â 302Â 097,1.0
960835,201900002366,9,19,17:50,1,2,2,1.0,5.0,75112,AVENUE DU TREMBLAY,M,"48,8298490","2,4610770",75,2019,50.0,1.0,1.0,4.0,2147458,1.0,1,4,1,0.0,,0.0,0,1992.0,B01,138Â 302Â 096,1.0,0.0,-1.0,1639864,2.0,7,,0.0,2.0,0.0,C01,138Â 302Â 095,1.0
960835,201900002366,9,19,17:50,1,2,2,1.0,5.0,75112,AVENUE DU TREMBLAY,M,"48,8298490","2,4610770",75,2019,50.0,1.0,1.0,4.0,2147458,1.0,1,4,1,0.0,,0.0,0,1992.0,B01,138Â 302Â 096,1.0,0.0,-1.0,1639865,2.0,10,,9.0,2.0,8.0,B01,138Â 302Â 096,1.0
960835,201900002366,9,19,17:50,1,2,2,1.0,5.0,75112,AVENUE DU TREMBLAY,M,"48,8298490","2,4610770",75,2019,50.0,1.0,1.0,4.0,2147458,1.0,1,4,1,0.0,,0.0,0,1992.0,B01,138Â 302Â 096,1.0,0.0,-1.0,1639866,1.0,7,,0.0,2.0,1.0,A01,138Â 302Â 097,1.0
960835,201900002366,9,19,17:50,1,2,2,1.0,5.0,75112,AVENUE DU TREMBLAY,M,"48,8298490","2,4610770",75,2019,50.0,1.0,1.0,4.0,2147459,2.0,2,4,1,0.0,,0.0,0,1973.0,A01,138Â 302Â 097,1.0,0.0,-1.0,1639864,2.0,7,,0.0,2.0,0.0,C01,138Â 302Â 095,1.0
960835,201900002366,9,19,17:50,1,2,2,1.0,5.0,75112,AVENUE DU TREMBLAY,M,"48,8298490","2,4610770",75,2019,50.0,1.0,1.0,4.0,2147459,2.0,2,4,1,0.0,,0.0,0,1973.0,A01,138Â 302Â 097,1.0,0.0,-1.0,1639865,2.0,10,,9.0,2.0,8.0,B01,138Â 302Â 096,1.0
960835,201900002366,9,19,17:50,1,2,2,1.0,5.0,75112,AVENUE DU TREMBLAY,M,"48,8298490","2,4610770",75,2019,50.0,1.0,1.0,4.0,2147459,2.0,2,4,1,0.0,,0.0,0,1973.0,A01,138Â 302Â 097,1.0,0.0,-1.0,1639866,1.0,7,,0.0,2.0,1.0,A01,138Â 302Â 097,1.0
960835,201900002366,9,19,17:50,1,2,2,1.0,5.0,75112,AVENUE DU TREMBLAY,M,"48,8298490","2,4610770",75,2019,50.0,1.0,1.0,4.0,2147460,1.0,1,4,1,0.0,,0.0,0,1969.0,A01,138Â 302Â 097,1.0,0.0,-1.0,1639864,2.0,7,,0.0,2.0,0.0,C01,138Â 302Â 095,1.0
960835,201900002366,9,19,17:50,1,2,2,1.0,5.0,75112,AVENUE DU TREMBLAY,M,"48,8298490","2,4610770",75,2019,50.0,1.0,1.0,4.0,2147460,1.0,1,4,1,0.0,,0.0,0,1969.0,A01,138Â 302Â 097,1.0,0.0,-1.0,1639865,2.0,10,,9.0,2.0,8.0,B01,138Â 302Â 096,1.0
960835,201900002366,9,19,17:50,1,2,2,1.0,5.0,75112,AVENUE DU TREMBLAY,M,"48,8298490","2,4610770",75,2019,50.0,1.0,1.0,4.0,2147460,1.0,1,4,1,0.0,,0.0,0,1969.0,A01,138Â 302Â 097,1.0,0.0,-1.0,1639866,1.0,7,,0.0,2.0,1.0,A01,138Â 302Â 097,1.0
960836,201900002367,9,19,14:40,1,2,2,1.0,3.0,75112,BOULEVARD DE PICPUS,M,"48,8429430","2,4017120",75,2019,50.0,1.0,1.0,4.0,2147461,1.0,1,1,1,4.0,,0.0,0,1965.0,A01,138Â 302Â 093,1.0,0.0,-1.0,1639867,1.0,7,,0.0,2.0,2.0,A01,138Â 302Â 093,1.0
960836,201900002367,9,19,14:40,1,2,2,1.0,3.0,75112,BOULEVARD DE PICPUS,M,"48,8429430","2,4017120",75,2019,50.0,1.0,1.0,4.0,2147461,1.0,1,1,1,4.0,,0.0,0,1965.0,A01,138Â 302Â 093,1.0,0.0,-1.0,1639868,1.0,34,,0.0,2.0,3.0,B01,138Â 302Â 094,1.0
960836,201900002367,9,19,14:40,1,2,2,1.0,3.0,75112,BOULEVARD DE PICPUS,M,"48,8429430","2,4017120",75,2019,50.0,1.0,1.0,4.0,2147462,1.0,1,4,1,0.0,,0.0,0,1963.0,B01,138Â 302Â 094,2.0,6.0,-1.0,1639867,1.0,7,,0.0,2.0,2.0,A01,138Â 302Â 093,1.0
960836,201900002367,9,19,14:40,1,2,2,1.0,3.0,75112,BOULEVARD DE PICPUS,M,"48,8429430","2,4017120",75,2019,50.0,1.0,1.0,4.0,2147462,1.0,1,4,1,0.0,,0.0,0,1963.0,B01,138Â 302Â 094,2.0,6.0,-1.0,1639868,1.0,34,,0.0,2.0,3.0,B01,138Â 302Â 094,1.0
960837,201900002368,9,19,16:45,1,2,2,1.0,3.0,75110,RUE DU FAUBOURG SAINT DENIS,M,"48,8795290","2,3571940",75,2019,50.0,1.0,1.0,4.0,2147463,1.0,1,4,1,0.0,,0.0,0,1976.0,B01,138Â 302Â 091,2.0,8.0,-1.0,1639869,2.0,50,,0.0,2.0,2.0,B01,138Â 302Â 091,3.0
960837,201900002368,9,19,16:45,1,2,2,1.0,3.0,75110,RUE DU FAUBOURG SAINT DENIS,M,"48,8795290","2,3571940",75,2019,50.0,1.0,1.0,4.0,2147463,1.0,1,4,1,0.0,,0.0,0,1976.0,B01,138Â 302Â 091,2.0,8.0,-1.0,1639870,1.0,34,,0.0,2.0,3.0,A01,138Â 302Â 092,1.0
960837,201900002368,9,19,16:45,1,2,2,1.0,3.0,75110,RUE DU FAUBOURG SAINT DENIS,M,"48,8795290","2,3571940",75,2019,50.0,1.0,1.0,4.0,2147464,1.0,1,4,1,5.0,,0.0,0,1976.0,A01,138Â 302Â 092,2.0,6.0,-1.0,1639869,2.0,50,,0.0,2.0,2.0,B01,138Â 302Â 091,3.0
960837,201900002368,9,19,16:45,1,2,2,1.0,3.0,75110,RUE DU FAUBOURG SAINT DENIS,M,"48,8795290","2,3571940",75,2019,50.0,1.0,1.0,4.0,2147464,1.0,1,4,1,5.0,,0.0,0,1976.0,A01,138Â 302Â 092,2.0,6.0,-1.0,1639870,1.0,34,,0.0,2.0,3.0,A01,138Â 302Â 092,1.0
960838,201900002369,9,19,18:41,1,2,1,1.0,6.0,75110,BOULEVARD DE LA VILLETTE,M,"48,8748100","2,3736260",75,2019,50.0,4.0,1.0,4.0,2147465,10.0,3,4,1,3.0,,5.0,2,1942.0,Z01,138Â 302Â 090,0.0,-1.0,-1.0,1639871,2.0,1,,0.0,1.0,7.0,Z01,138Â 302Â 090,5.0
960839,201900002370,9,19,12:34,1,2,7,1.0,3.0,75108,PLACE DE LA CONCORDE,M,"48,8667690","2,3220420",75,2019,50.0,1.0,1.0,4.0,2147466,1.0,1,4,1,9.0,,0.0,0,1965.0,B01,138Â 302Â 088,2.0,6.0,-1.0,1639872,2.0,33,,0.0,2.0,3.0,B01,138Â 302Â 088,1.0
960839,201900002370,9,19,12:34,1,2,7,1.0,3.0,75108,PLACE DE LA CONCORDE,M,"48,8667690","2,3220420",75,2019,50.0,1.0,1.0,4.0,2147466,1.0,1,4,1,9.0,,0.0,0,1965.0,B01,138Â 302Â 088,2.0,6.0,-1.0,1639873,1.0,7,,0.0,2.0,2.0,A01,138Â 302Â 089,1.0
960839,201900002370,9,19,12:34,1,2,7,1.0,3.0,75108,PLACE DE LA CONCORDE,M,"48,8667690","2,3220420",75,2019,50.0,1.0,1.0,4.0,2147467,1.0,1,1,2,9.0,,0.0,0,1995.0,A01,138Â 302Â 089,1.0,0.0,-1.0,1639872,2.0,33,,0.0,2.0,3.0,B01,138Â 302Â 088,1.0
960839,201900002370,9,19,12:34,1,2,7,1.0,3.0,75108,PLACE DE LA CONCORDE,M,"48,8667690","2,3220420",75,2019,50.0,1.0,1.0,4.0,2147467,1.0,1,1,2,9.0,,0.0,0,1995.0,A01,138Â 302Â 089,1.0,0.0,-1.0,1639873,1.0,7,,0.0,2.0,2.0,A01,138Â 302Â 089,1.0
960840,201900002371,9,19,10:30,1,2,2,1.0,3.0,75104,BOULEVARD DU PALAIS,M,"48,8543470","2,3449290",75,2019,50.0,6.0,1.0,4.0,2147468,1.0,1,1,1,4.0,,0.0,0,1988.0,A01,138Â 302Â 086,1.0,0.0,-1.0,1639874,1.0,37,1.0,0.0,2.0,0.0,A01,138Â 302Â 086,1.0
960840,201900002371,9,19,10:30,1,2,2,1.0,3.0,75104,BOULEVARD DU PALAIS,M,"48,8543470","2,3449290",75,2019,50.0,6.0,1.0,4.0,2147468,1.0,1,1,1,4.0,,0.0,0,1988.0,A01,138Â 302Â 086,1.0,0.0,-1.0,1639875,1.0,1,,0.0,2.0,0.0,B01,138Â 302Â 087,5.0
960840,201900002371,9,19,10:30,1,2,2,1.0,3.0,75104,BOULEVARD DU PALAIS,M,"48,8543470","2,3449290",75,2019,50.0,6.0,1.0,4.0,2147469,1.0,1,4,2,0.0,,0.0,0,2002.0,B01,138Â 302Â 087,8.0,2.0,-1.0,1639874,1.0,37,1.0,0.0,2.0,0.0,A01,138Â 302Â 086,1.0
960840,201900002371,9,19,10:30,1,2,2,1.0,3.0,75104,BOULEVARD DU PALAIS,M,"48,8543470","2,3449290",75,2019,50.0,6.0,1.0,4.0,2147469,1.0,1,4,2,0.0,,0.0,0,2002.0,B01,138Â 302Â 087,8.0,2.0,-1.0,1639875,1.0,1,,0.0,2.0,0.0,B01,138Â 302Â 087,5.0
960841,201900002372,9,19,18:42,2,2,1,1.0,5.0,94078,PARIS (R DE),M,"48,7287988","2,4470481",94,2019,50.0,1.0,1.0,2.0,2147470,1.0,1,1,1,0.0,,-1.0, -1,1984.0,A01,138Â 302Â 083,1.0,0.0,-1.0,1639876,1.0,7,,0.0,2.0,5.0,A01,138Â 302Â 083,1.0
960841,201900002372,9,19,18:42,2,2,1,1.0,5.0,94078,PARIS (R DE),M,"48,7287988","2,4470481",94,2019,50.0,1.0,1.0,2.0,2147470,1.0,1,1,1,0.0,,-1.0, -1,1984.0,A01,138Â 302Â 083,1.0,0.0,-1.0,1639877,1.0,2,,0.0,2.0,1.0,B01,138Â 302Â 084,1.0
960841,201900002372,9,19,18:42,2,2,1,1.0,5.0,94078,PARIS (R DE),M,"48,7287988","2,4470481",94,2019,50.0,1.0,1.0,2.0,2147470,1.0,1,1,1,0.0,,-1.0, -1,1984.0,A01,138Â 302Â 083,1.0,0.0,-1.0,1639878,1.0,7,,0.0,1.0,6.0,C01,138Â 302Â 085,1.0
960841,201900002372,9,19,18:42,2,2,1,1.0,5.0,94078,PARIS (R DE),M,"48,7287988","2,4470481",94,2019,50.0,1.0,1.0,2.0,2147471,1.0,1,4,1,5.0,,-1.0, -1,1974.0,B01,138Â 302Â 084,2.0,0.0,-1.0,1639876,1.0,7,,0.0,2.0,5.0,A01,138Â 302Â 083,1.0
960841,201900002372,9,19,18:42,2,2,1,1.0,5.0,94078,PARIS (R DE),M,"48,7287988","2,4470481",94,2019,50.0,1.0,1.0,2.0,2147471,1.0,1,4,1,5.0,,-1.0, -1,1974.0,B01,138Â 302Â 084,2.0,0.0,-1.0,1639877,1.0,2,,0.0,2.0,1.0,B01,138Â 302Â 084,1.0
960841,201900002372,9,19,18:42,2,2,1,1.0,5.0,94078,PARIS (R DE),M,"48,7287988","2,4470481",94,2019,50.0,1.0,1.0,2.0,2147471,1.0,1,4,1,5.0,,-1.0, -1,1974.0,B01,138Â 302Â 084,2.0,0.0,-1.0,1639878,1.0,7,,0.0,1.0,6.0,C01,138Â 302Â 085,1.0
960841,201900002372,9,19,18:42,2,2,1,1.0,5.0,94078,PARIS (R DE),M,"48,7287988","2,4470481",94,2019,50.0,1.0,1.0,2.0,2147472,1.0,1,1,1,1.0,,-1.0, -1,1986.0,C01,138Â 302Â 085,1.0,0.0,-1.0,1639876,1.0,7,,0.0,2.0,5.0,A01,138Â 302Â 083,1.0
960841,201900002372,9,19,18:42,2,2,1,1.0,5.0,94078,PARIS (R DE),M,"48,7287988","2,4470481",94,2019,50.0,1.0,1.0,2.0,2147472,1.0,1,1,1,1.0,,-1.0, -1,1986.0,C01,138Â 302Â 085,1.0,0.0,-1.0,1639877,1.0,2,,0.0,2.0,1.0,B01,138Â 302Â 084,1.0
960841,201900002372,9,19,18:42,2,2,1,1.0,5.0,94078,PARIS (R DE),M,"48,7287988","2,4470481",94,2019,50.0,1.0,1.0,2.0,2147472,1.0,1,1,1,1.0,,-1.0, -1,1986.0,C01,138Â 302Â 085,1.0,0.0,-1.0,1639878,1.0,7,,0.0,1.0,6.0,C01,138Â 302Â 085,1.0
960842,201900002373,9,19,19:10,2,2,1,1.0,1.0,94076,MAXIME GORKI (BD),M,"48,7896500","2,3685500",94,2019,50.0,1.0,1.0,3.0,2147473,1.0,1,3,2,5.0,,-1.0, -1,1949.0,A01,138Â 302Â 081,1.0,0.0,-1.0,1639879,1.0,7,,1.0,0.0,2.0,A01,138Â 302Â 081,0.0
960842,201900002373,9,19,19:10,2,2,1,1.0,1.0,94076,MAXIME GORKI (BD),M,"48,7896500","2,3685500",94,2019,50.0,1.0,1.0,3.0,2147473,1.0,1,3,2,5.0,,-1.0, -1,1949.0,A01,138Â 302Â 081,1.0,0.0,-1.0,1639880,1.0,10,,0.0,2.0,6.0,B01,138Â 302Â 082,0.0
960842,201900002373,9,19,19:10,2,2,1,1.0,1.0,94076,MAXIME GORKI (BD),M,"48,7896500","2,3685500",94,2019,50.0,1.0,1.0,3.0,2147474,1.0,1,1,1,1.0,,-1.0, -1,1985.0,B01,138Â 302Â 082,8.0,0.0,-1.0,1639879,1.0,7,,1.0,0.0,2.0,A01,138Â 302Â 081,0.0
960842,201900002373,9,19,19:10,2,2,1,1.0,1.0,94076,MAXIME GORKI (BD),M,"48,7896500","2,3685500",94,2019,50.0,1.0,1.0,3.0,2147474,1.0,1,1,1,1.0,,-1.0, -1,1985.0,B01,138Â 302Â 082,8.0,0.0,-1.0,1639880,1.0,10,,0.0,2.0,6.0,B01,138Â 302Â 082,0.0
960843,201900002374,9,19,14:35,1,2,1,1.0,6.0,94041,FOUILLOUX (R),M,"48,8076000","2,3922900",94,2019,50.0,2.0,1.0,4.0,2147475,10.0,3,4,1,2.0,,2.0,3,2005.0,A01,138Â 302Â 079,8.0,0.0,-1.0,1639881,2.0,30,,0.0,1.0,1.0,A01,138Â 302Â 079,1.0
960843,201900002374,9,19,14:35,1,2,1,1.0,6.0,94041,FOUILLOUX (R),M,"48,8076000","2,3922900",94,2019,50.0,2.0,1.0,4.0,2147476,1.0,1,1,1,5.0,,-1.0, -1,2000.0,A01,138Â 302Â 079,2.0,0.0,-1.0,1639881,2.0,30,,0.0,1.0,1.0,A01,138Â 302Â 079,1.0
960844,201900002375,9,18,23:20,5,2,2,1.0,6.0,94041,NELSON MANDELA,M,"48,8189800","2,3992700",94,2019,50.0,3.0,1.0,4.0,2147477,1.0,1,3,1,5.0,,0.0,0,1986.0,A01,138Â 302Â 077,2.0,6.0,-1.0,1639882,3.0,30,,0.0,0.0,0.0,A01,138Â 302Â 077,1.0
960844,201900002375,9,18,23:20,5,2,2,1.0,6.0,94041,NELSON MANDELA,M,"48,8189800","2,3992700",94,2019,50.0,3.0,1.0,4.0,2147477,1.0,1,3,1,5.0,,0.0,0,1986.0,A01,138Â 302Â 077,2.0,6.0,-1.0,1639883,3.0,17,,0.0,0.0,8.0,Z01,138Â 302Â 078,1.0
960845,201900002376,9,16,17:10,1,2,2,1.0,6.0,94041,HENRI BARBUSSE (AV),M,"48,8090000","2,3760000",94,2019,50.0,1.0,1.0,3.0,2147478,2.0,2,1,1,4.0,,-1.0, -1,1994.0,A01,138Â 302Â 076,1.0,8.0,-1.0,1639884,1.0,10,,0.0,1.0,1.0,A01,138Â 302Â 076,1.0
960845,201900002376,9,16,17:10,1,2,2,1.0,6.0,94041,HENRI BARBUSSE (AV),M,"48,8090000","2,3760000",94,2019,50.0,1.0,1.0,3.0,2147479,1.0,1,1,1,4.0,,0.0,0,1994.0,A01,138Â 302Â 076,1.0,8.0,-1.0,1639884,1.0,10,,0.0,1.0,1.0,A01,138Â 302Â 076,1.0
960845,201900002376,9,16,17:10,1,2,2,1.0,6.0,94041,HENRI BARBUSSE (AV),M,"48,8090000","2,3760000",94,2019,50.0,1.0,1.0,3.0,2147480,10.0,3,2,2,1.0,,4.0,3,1956.0,A01,138Â 302Â 076,8.0,0.0,-1.0,1639884,1.0,10,,0.0,1.0,1.0,A01,138Â 302Â 076,1.0
960846,201900002377,9,19,17:03,1,2,9,1.0,2.0,94073,RENE PANHARD (AV),M,"48,7633500","2,3995900",94,2019,50.0,1.0,1.0,3.0,2147481,1.0,1,4,1,9.0,,-1.0,0,1985.0,B01,138Â 302Â 074,1.0,0.0,-1.0,1639885,1.0,7,,0.0,2.0,1.0,B01,138Â 302Â 074,1.0
960846,201900002377,9,19,17:03,1,2,9,1.0,2.0,94073,RENE PANHARD (AV),M,"48,7633500","2,3995900",94,2019,50.0,1.0,1.0,3.0,2147481,1.0,1,4,1,9.0,,-1.0,0,1985.0,B01,138Â 302Â 074,1.0,0.0,-1.0,1639886,1.0,7,,1.0,0.0,6.0,A01,138Â 302Â 075,1.0
960846,201900002377,9,19,17:03,1,2,9,1.0,2.0,94073,RENE PANHARD (AV),M,"48,7633500","2,3995900",94,2019,50.0,1.0,1.0,3.0,2147482,1.0,1,1,1,9.0,,-1.0,0,1984.0,A01,138Â 302Â 075,1.0,0.0,-1.0,1639885,1.0,7,,0.0,2.0,1.0,B01,138Â 302Â 074,1.0
960846,201900002377,9,19,17:03,1,2,9,1.0,2.0,94073,RENE PANHARD (AV),M,"48,7633500","2,3995900",94,2019,50.0,1.0,1.0,3.0,2147482,1.0,1,1,1,9.0,,-1.0,0,1984.0,A01,138Â 302Â 075,1.0,0.0,-1.0,1639886,1.0,7,,1.0,0.0,6.0,A01,138Â 302Â 075,1.0
960847,201900002378,9,19,11:40,1,2,1,1.0,6.0,94073,GENERAL DE GAULLE (AV DU),M,"48,7679000","2,3742700",94,2019,50.0,2.0,1.0,4.0,2147483,10.0,3,4,2,2.0,,5.0,1,2014.0,Z01,138Â 302Â 073,8.0,0.0,-1.0,1639887,3.0,0,,0.0,1.0,1.0,Z01,138Â 302Â 073,0.0
960848,201900002379,9,19,07:40,2,2,1,1.0,2.0,94038,PAUL VAILLANT COUTURIER (BD),M,"48,7790973","2,3406358",94,2019,50.0,2.0,1.0,3.0,2147484,1.0,1,4,2,1.0,,-1.0,0,1985.0,B01,138Â 302Â 071,1.0,0.0,-1.0,1639888,2.0,7,,0.0,2.0,4.0,B01,138Â 302Â 071,1.0
960848,201900002379,9,19,07:40,2,2,1,1.0,2.0,94038,PAUL VAILLANT COUTURIER (BD),M,"48,7790973","2,3406358",94,2019,50.0,2.0,1.0,3.0,2147484,1.0,1,4,2,1.0,,-1.0,0,1985.0,B01,138Â 302Â 071,1.0,0.0,-1.0,1639889,2.0,7,,0.0,2.0,1.0,A01,138Â 302Â 072,1.0
960848,201900002379,9,19,07:40,2,2,1,1.0,2.0,94038,PAUL VAILLANT COUTURIER (BD),M,"48,7790973","2,3406358",94,2019,50.0,2.0,1.0,3.0,2147485,1.0,1,1,1,1.0,,-1.0,0,1990.0,A01,138Â 302Â 072,1.0,8.0,-1.0,1639888,2.0,7,,0.0,2.0,4.0,B01,138Â 302Â 071,1.0
960848,201900002379,9,19,07:40,2,2,1,1.0,2.0,94038,PAUL VAILLANT COUTURIER (BD),M,"48,7790973","2,3406358",94,2019,50.0,2.0,1.0,3.0,2147485,1.0,1,1,1,1.0,,-1.0,0,1990.0,A01,138Â 302Â 072,1.0,8.0,-1.0,1639889,2.0,7,,0.0,2.0,1.0,A01,138Â 302Â 072,1.0
960849,201900002380,9,19,21:00,5,2,1,1.0,3.0,94017,ALEXANDRE FOURNY (R),M,"48,8187800","2,5210924",94,2019,30.0,1.0,1.0,4.0,2147486,1.0,1,1,1,0.0,,-1.0, -1,1978.0,A01,138Â 302Â 069,1.0,0.0,-1.0,1639890,1.0,7,,0.0,2.0,7.0,A01,138Â 302Â 069,1.0
960849,201900002380,9,19,21:00,5,2,1,1.0,3.0,94017,ALEXANDRE FOURNY (R),M,"48,8187800","2,5210924",94,2019,30.0,1.0,1.0,4.0,2147486,1.0,1,1,1,0.0,,-1.0, -1,1978.0,A01,138Â 302Â 069,1.0,0.0,-1.0,1639891,2.0,33,,0.0,2.0,1.0,B01,138Â 302Â 070,1.0
960849,201900002380,9,19,21:00,5,2,1,1.0,3.0,94017,ALEXANDRE FOURNY (R),M,"48,8187800","2,5210924",94,2019,30.0,1.0,1.0,4.0,2147487,2.0,2,1,2,0.0,,-1.0,0,1974.0,A01,138Â 302Â 069,1.0,0.0,-1.0,1639890,1.0,7,,0.0,2.0,7.0,A01,138Â 302Â 069,1.0
960849,201900002380,9,19,21:00,5,2,1,1.0,3.0,94017,ALEXANDRE FOURNY (R),M,"48,8187800","2,5210924",94,2019,30.0,1.0,1.0,4.0,2147487,2.0,2,1,2,0.0,,-1.0,0,1974.0,A01,138Â 302Â 069,1.0,0.0,-1.0,1639891,2.0,33,,0.0,2.0,1.0,B01,138Â 302Â 070,1.0
960849,201900002380,9,19,21:00,5,2,1,1.0,3.0,94017,ALEXANDRE FOURNY (R),M,"48,8187800","2,5210924",94,2019,30.0,1.0,1.0,4.0,2147488,1.0,1,4,1,0.0,,-1.0,0,1981.0,B01,138Â 302Â 070,2.0,0.0,-1.0,1639890,1.0,7,,0.0,2.0,7.0,A01,138Â 302Â 069,1.0