Unnamed: 0_x,num_acc,mois,jour,hrmn,lum,agg,int,atm,col,com,adr,gps,lat,long,dep,annee,vma,situ,surf,catr,Unnamed: 0_y,place,catu,grav,sexe,trajet,secu,locp,actp,an_nais,num_veh_x,id_vehicule_x,secu1,secu2,secu3,Unnamed: 0,senc,catv,occutc,obs,obsm,choc,num_veh_y,id_vehicule_y,motor
960849,201900002380,9,19,21:00,5,2,1,1.0,3.0,94017,ALEXANDRE FOURNY (R),M,"48,8187800","2,5210924",94,2019,30.0,1.0,1.0,4.0,2147488,1.0,1,4,1,0.0,,-1.0,0,1981.0,B01,138Â 302Â 070,2.0,0.0,-1.0,1639891,2.0,33,,0.0,2.0,1.0,B01,138Â 302Â 070,1.0
960850,201900002381,9,17,18:20,1,2,1,1.0,2.0,94017,GENERAL DE GAULLE (AV DU),M,"48,8207200","2,4866300",94,2019,50.0,1.0,1.0,3.0,2147489,1.0,1,1,1,5.0,,0.0,0,1977.0,A01,138Â 302Â 067,1.0,0.0,-1.0,1639892,1.0,7,,0.0,2.0,1.0,A01,138Â 302Â 067,1.0
960850,201900002381,9,17,18:20,1,2,1,1.0,2.0,94017,GENERAL DE GAULLE (AV DU),M,"48,8207200","2,4866300",94,2019,50.0,1.0,1.0,3.0,2147489,1.0,1,1,1,5.0,,0.0,0,1977.0,A01,138Â 302Â 067,1.0,0.0,-1.0,1639893,1.0,34,,0.0,2.0,4.0,B01,138Â 302Â 068,1.0
960850,201900002381,9,17,18:20,1,2,1,1.0,2.0,94017,GENERAL DE GAULLE (AV DU),M,"48,8207200","2,4866300",94,2019,50.0,1.0,1.0,3.0,2147490,1.0,1,4,1,4.0,,-1.0, -1,1967.0,B01,138Â 302Â 068,2.0,6.0,-1.0,1639892,1.0,7,,0.0,2.0,1.0,A01,138Â 302Â 067,1.0
960850,201900002381,9,17,18:20,1,2,1,1.0,2.0,94017,GENERAL DE GAULLE (AV DU),M,"48,8207200","2,4866300",94,2019,50.0,1.0,1.0,3.0,2147490,1.0,1,4,1,4.0,,-1.0, -1,1967.0,B01,138Â 302Â 068,2.0,6.0,-1.0,1639893,1.0,34,,0.0,2.0,4.0,B01,138Â 302Â 068,1.0
960851,201900002382,9,19,16:40,1,2,1,1.0,3.0,94047,ROSES (R DES),M,"48,6995862","2,5427100",94,2019,50.0,1.0,1.0,4.0,2147491,1.0,1,1,1,0.0,,-1.0,0,1943.0,A01,138Â 302Â 065,1.0,8.0,-1.0,1639894,1.0,7,,0.0,2.0,8.0,A01,138Â 302Â 065,1.0
960851,201900002382,9,19,16:40,1,2,1,1.0,3.0,94047,ROSES (R DES),M,"48,6995862","2,5427100",94,2019,50.0,1.0,1.0,4.0,2147491,1.0,1,1,1,0.0,,-1.0,0,1943.0,A01,138Â 302Â 065,1.0,8.0,-1.0,1639895,1.0,32,,0.0,2.0,7.0,B01,138Â 302Â 066,1.0
960851,201900002382,9,19,16:40,1,2,1,1.0,3.0,94047,ROSES (R DES),M,"48,6995862","2,5427100",94,2019,50.0,1.0,1.0,4.0,2147492,1.0,1,3,1,9.0,,-1.0,0,1978.0,B01,138Â 302Â 066,2.0,8.0,-1.0,1639894,1.0,7,,0.0,2.0,8.0,A01,138Â 302Â 065,1.0
960851,201900002382,9,19,16:40,1,2,1,1.0,3.0,94047,ROSES (R DES),M,"48,6995862","2,5427100",94,2019,50.0,1.0,1.0,4.0,2147492,1.0,1,3,1,9.0,,-1.0,0,1978.0,B01,138Â 302Â 066,2.0,8.0,-1.0,1639895,1.0,32,,0.0,2.0,7.0,B01,138Â 302Â 066,1.0
960852,201900002383,9,19,08:00,1,2,1,1.0,6.0,94075,MARECHAL DE LATTRE DE TASSIGNY (AV),M,"48,7333600","2,5213800",94,2019,50.0,1.0,1.0,2.0,2147493,1.0,1,4,1,1.0,,-1.0, -1,1978.0,B01,138Â 302Â 063,2.0,8.0,-1.0,1639896,1.0,33,,0.0,2.0,1.0,B01,138Â 302Â 063,1.0
960852,201900002383,9,19,08:00,1,2,1,1.0,6.0,94075,MARECHAL DE LATTRE DE TASSIGNY (AV),M,"48,7333600","2,5213800",94,2019,50.0,1.0,1.0,2.0,2147493,1.0,1,4,1,1.0,,-1.0, -1,1978.0,B01,138Â 302Â 063,2.0,8.0,-1.0,1639897,3.0,7,,0.0,2.0,2.0,A01,138Â 302Â 064,1.0
960852,201900002383,9,19,08:00,1,2,1,1.0,6.0,94075,MARECHAL DE LATTRE DE TASSIGNY (AV),M,"48,7333600","2,5213800",94,2019,50.0,1.0,1.0,2.0,2147494,1.0,1,1,1,1.0,,-1.0, -1,1986.0,A01,138Â 302Â 064,1.0,8.0,-1.0,1639896,1.0,33,,0.0,2.0,1.0,B01,138Â 302Â 063,1.0
960852,201900002383,9,19,08:00,1,2,1,1.0,6.0,94075,MARECHAL DE LATTRE DE TASSIGNY (AV),M,"48,7333600","2,5213800",94,2019,50.0,1.0,1.0,2.0,2147494,1.0,1,1,1,1.0,,-1.0, -1,1986.0,A01,138Â 302Â 064,1.0,8.0,-1.0,1639897,3.0,7,,0.0,2.0,2.0,A01,138Â 302Â 064,1.0
960853,201900002384,9,19,10:12,1,2,1,1.0,2.0,94004,MARECHAL DE LATTRE DE TASSIGNY (AV DU),M,"48,7410000","2,5140000",94,2019,50.0,1.0,1.0,2.0,2147495,1.0,1,4,1,0.0,,-1.0,0,1987.0,B01,138Â 302Â 061,2.0,6.0,-1.0,1639898,2.0,33,,7.0,0.0,4.0,B01,138Â 302Â 061,0.0
960853,201900002384,9,19,10:12,1,2,1,1.0,2.0,94004,MARECHAL DE LATTRE DE TASSIGNY (AV DU),M,"48,7410000","2,5140000",94,2019,50.0,1.0,1.0,2.0,2147495,1.0,1,4,1,0.0,,-1.0,0,1987.0,B01,138Â 302Â 061,2.0,6.0,-1.0,1639899,2.0,7,,0.0,2.0,1.0,A01,138Â 302Â 062,0.0
960853,201900002384,9,19,10:12,1,2,1,1.0,2.0,94004,MARECHAL DE LATTRE DE TASSIGNY (AV DU),M,"48,7410000","2,5140000",94,2019,50.0,1.0,1.0,2.0,2147496,1.0,1,1,1,1.0,,-1.0,0,1976.0,A01,138Â 302Â 062,1.0,0.0,-1.0,1639898,2.0,33,,7.0,0.0,4.0,B01,138Â 302Â 061,0.0
960853,201900002384,9,19,10:12,1,2,1,1.0,2.0,94004,MARECHAL DE LATTRE DE TASSIGNY (AV DU),M,"48,7410000","2,5140000",94,2019,50.0,1.0,1.0,2.0,2147496,1.0,1,1,1,1.0,,-1.0,0,1976.0,A01,138Â 302Â 062,1.0,0.0,-1.0,1639899,2.0,7,,0.0,2.0,1.0,A01,138Â 302Â 062,0.0
960854,201900002385,9,19,16:10,1,2,1,1.0,2.0,93066,WILSON (AVENUE DU PRESIDENT),M,"48,9049967","2,3588886",93,2019,50.0,1.0,1.0,3.0,2147497,1.0,1,4,1,4.0,,-1.0, -1,1992.0,A01,138Â 302Â 060,2.0,0.0,-1.0,1639900,1.0,20,,1.0,0.0,4.0,B01,138Â 302Â 059,1.0
960854,201900002385,9,19,16:10,1,2,1,1.0,2.0,93066,WILSON (AVENUE DU PRESIDENT),M,"48,9049967","2,3588886",93,2019,50.0,1.0,1.0,3.0,2147497,1.0,1,4,1,4.0,,-1.0, -1,1992.0,A01,138Â 302Â 060,2.0,0.0,-1.0,1639901,1.0,32,,0.0,2.0,4.0,A01,138Â 302Â 060,1.0
960855,201900002386,9,19,11:15,1,2,2,1.0,3.0,93066,GUYNEMER,M,"48,9478800","2,3575500",93,2019,50.0,1.0,1.0,4.0,2147498,1.0,1,4,1,0.0,,-1.0, -1,1949.0,B01,138Â 302Â 057,2.0,6.0,-1.0,1639902,3.0,33,,0.0,2.0,7.0,B01,138Â 302Â 057,1.0
960855,201900002386,9,19,11:15,1,2,2,1.0,3.0,93066,GUYNEMER,M,"48,9478800","2,3575500",93,2019,50.0,1.0,1.0,4.0,2147498,1.0,1,4,1,0.0,,-1.0, -1,1949.0,B01,138Â 302Â 057,2.0,6.0,-1.0,1639903,3.0,7,,0.0,2.0,0.0,Z01,138Â 302Â 058,0.0
960856,201900002387,9,19,01:30,5,2,1,1.0,3.0,93001,EDOUARD VAILLANT (BLD),M,"48,9183350","2,3983970",93,2019,50.0,1.0,1.0,4.0,2147499,1.0,1,1,1,2.0,,-1.0, -1,1982.0,B01,138Â 302Â 055,2.0,0.0,-1.0,1639904,1.0,33,,0.0,2.0,7.0,B01,138Â 302Â 055,1.0
960856,201900002387,9,19,01:30,5,2,1,1.0,3.0,93001,EDOUARD VAILLANT (BLD),M,"48,9183350","2,3983970",93,2019,50.0,1.0,1.0,4.0,2147499,1.0,1,1,1,2.0,,-1.0, -1,1982.0,B01,138Â 302Â 055,2.0,0.0,-1.0,1639905,2.0,33,,0.0,2.0,1.0,A01,138Â 302Â 056,1.0
960856,201900002387,9,19,01:30,5,2,1,1.0,3.0,93001,EDOUARD VAILLANT (BLD),M,"48,9183350","2,3983970",93,2019,50.0,1.0,1.0,4.0,2147500,1.0,1,4,1,9.0,,-1.0, -1,1976.0,A01,138Â 302Â 056,2.0,6.0,-1.0,1639904,1.0,33,,0.0,2.0,7.0,B01,138Â 302Â 055,1.0
960856,201900002387,9,19,01:30,5,2,1,1.0,3.0,93001,EDOUARD VAILLANT (BLD),M,"48,9183350","2,3983970",93,2019,50.0,1.0,1.0,4.0,2147500,1.0,1,4,1,9.0,,-1.0, -1,1976.0,A01,138Â 302Â 056,2.0,6.0,-1.0,1639905,2.0,33,,0.0,2.0,1.0,A01,138Â 302Â 056,1.0
960857,201900002388,9,19,08:00,1,2,2,8.0,3.0,93051,MEDERIC (AVENUE),M,"48,8303300","2,5849000",93,2019,50.0,1.0,1.0,3.0,2147501,1.0,1,4,1,1.0,,-1.0, -1,1963.0,B01,138Â 302Â 053,1.0,0.0,-1.0,1639906,3.0,3,,0.0,2.0,0.0,B01,138Â 302Â 053,1.0
960857,201900002388,9,19,08:00,1,2,2,8.0,3.0,93051,MEDERIC (AVENUE),M,"48,8303300","2,5849000",93,2019,50.0,1.0,1.0,3.0,2147501,1.0,1,4,1,1.0,,-1.0, -1,1963.0,B01,138Â 302Â 053,1.0,0.0,-1.0,1639907,3.0,3,,0.0,2.0,1.0,A01,138Â 302Â 054,1.0
960857,201900002388,9,19,08:00,1,2,2,8.0,3.0,93051,MEDERIC (AVENUE),M,"48,8303300","2,5849000",93,2019,50.0,1.0,1.0,3.0,2147502,1.0,1,1,2,1.0,,-1.0, -1,1992.0,A01,138Â 302Â 054,8.0,0.0,-1.0,1639906,3.0,3,,0.0,2.0,0.0,B01,138Â 302Â 053,1.0
960857,201900002388,9,19,08:00,1,2,2,8.0,3.0,93051,MEDERIC (AVENUE),M,"48,8303300","2,5849000",93,2019,50.0,1.0,1.0,3.0,2147502,1.0,1,1,2,1.0,,-1.0, -1,1992.0,A01,138Â 302Â 054,8.0,0.0,-1.0,1639907,3.0,3,,0.0,2.0,1.0,A01,138Â 302Â 054,1.0
960858,201900002389,9,19,18:25,1,2,3,1.0,3.0,93050,DAUPHINE (PLACE),M,"48,8600000","2,5300000",93,2019,50.0,1.0,1.0,4.0,2147503,1.0,1,1,1,5.0,,-1.0, -1,1996.0,A01,138Â 302Â 051,8.0,0.0,-1.0,1639908,1.0,10,,0.0,2.0,1.0,A01,138Â 302Â 051,0.0
960858,201900002389,9,19,18:25,1,2,3,1.0,3.0,93050,DAUPHINE (PLACE),M,"48,8600000","2,5300000",93,2019,50.0,1.0,1.0,4.0,2147503,1.0,1,1,1,5.0,,-1.0, -1,1996.0,A01,138Â 302Â 051,8.0,0.0,-1.0,1639909,1.0,33,,0.0,2.0,8.0,B01,138Â 302Â 052,0.0
960858,201900002389,9,19,18:25,1,2,3,1.0,3.0,93050,DAUPHINE (PLACE),M,"48,8600000","2,5300000",93,2019,50.0,1.0,1.0,4.0,2147504,2.0,1,4,1,0.0,,-1.0, -1,1994.0,B01,138Â 302Â 052,2.0,0.0,-1.0,1639908,1.0,10,,0.0,2.0,1.0,A01,138Â 302Â 051,0.0
960858,201900002389,9,19,18:25,1,2,3,1.0,3.0,93050,DAUPHINE (PLACE),M,"48,8600000","2,5300000",93,2019,50.0,1.0,1.0,4.0,2147504,2.0,1,4,1,0.0,,-1.0, -1,1994.0,B01,138Â 302Â 052,2.0,0.0,-1.0,1639909,1.0,33,,0.0,2.0,8.0,B01,138Â 302Â 052,0.0
960859,201900002390,9,19,18:00,1,2,1,1.0,6.0,93029,ROGER SALENGRO NÂ° 94 - FIN,M,"48,9171600","2,4361300",93,2019,50.0,1.0,1.0,4.0,2147505,10.0,3,4,2,5.0,,5.0,3,2013.0,A01,138Â 302Â 050,8.0,0.0,-1.0,1639910,2.0,10,,0.0,1.0,3.0,A01,138Â 302Â 050,1.0
960859,201900002390,9,19,18:00,1,2,1,1.0,6.0,93029,ROGER SALENGRO NÂ° 94 - FIN,M,"48,9171600","2,4361300",93,2019,50.0,1.0,1.0,4.0,2147506,1.0,1,1,1,0.0,,-1.0,0,1990.0,A01,138Â 302Â 050,1.0,0.0,-1.0,1639910,2.0,10,,0.0,1.0,3.0,A01,138Â 302Â 050,1.0
960860,201900002391,9,19,17:40,1,2,3,1.0,3.0,93014,CHENE POINTU (ALLEE DU),M,"48,9010900","2,5474500",93,2019,50.0,1.0,1.0,4.0,2147507,1.0,1,1,1,0.0,,-1.0, -1,1935.0,A01,138Â 302Â 049,1.0,0.0,-1.0,1639911,1.0,7,,0.0,1.0,0.0,T01,138Â 302Â 048,1.0
960860,201900002391,9,19,17:40,1,2,3,1.0,3.0,93014,CHENE POINTU (ALLEE DU),M,"48,9010900","2,5474500",93,2019,50.0,1.0,1.0,4.0,2147507,1.0,1,1,1,0.0,,-1.0, -1,1935.0,A01,138Â 302Â 049,1.0,0.0,-1.0,1639912,2.0,3,,1.0,2.0,3.0,A01,138Â 302Â 049,1.0
960860,201900002391,9,19,17:40,1,2,3,1.0,3.0,93014,CHENE POINTU (ALLEE DU),M,"48,9010900","2,5474500",93,2019,50.0,1.0,1.0,4.0,2147508,10.0,3,4,1,0.0,,3.0,3,2014.0,A01,138Â 302Â 049,8.0,0.0,-1.0,1639911,1.0,7,,0.0,1.0,0.0,T01,138Â 302Â 048,1.0
960860,201900002391,9,19,17:40,1,2,3,1.0,3.0,93014,CHENE POINTU (ALLEE DU),M,"48,9010900","2,5474500",93,2019,50.0,1.0,1.0,4.0,2147508,10.0,3,4,1,0.0,,3.0,3,2014.0,A01,138Â 302Â 049,8.0,0.0,-1.0,1639912,2.0,3,,1.0,2.0,3.0,A01,138Â 302Â 049,1.0
960861,201900002392,9,19,08:10,2,2,6,1.0,6.0,93047,FRENES (AVENUE DES),M,"48,8897100","2,5585600",93,2019,30.0,1.0,1.0,4.0,2147509,1.0,1,1,2,1.0,,-1.0, -1,1990.0,A01,138Â 302Â 047,1.0,8.0,-1.0,1639913,2.0,7,,0.0,1.0,3.0,A01,138Â 302Â 047,1.0
960861,201900002392,9,19,08:10,2,2,6,1.0,6.0,93047,FRENES (AVENUE DES),M,"48,8897100","2,5585600",93,2019,30.0,1.0,1.0,4.0,2147510,10.0,3,4,2,1.0,,2.0,3,1973.0,A01,138Â 302Â 047,8.0,0.0,-1.0,1639913,2.0,7,,0.0,1.0,3.0,A01,138Â 302Â 047,1.0
960862,201900002393,9,19,17:10,1,2,1,1.0,2.0,93010,VERDUN (AV. DE) 1 A 33,M,"48,9052330","2,4903640",93,2019,30.0,1.0,1.0,4.0,2147511,1.0,1,1,1,4.0,,-1.0, -1,1975.0,A01,138Â 302Â 045,2.0,6.0,-1.0,1639914,0.0,33,,0.0,0.0,0.0,A01,138Â 302Â 045,0.0
960862,201900002393,9,19,17:10,1,2,1,1.0,2.0,93010,VERDUN (AV. DE) 1 A 33,M,"48,9052330","2,4903640",93,2019,30.0,1.0,1.0,4.0,2147511,1.0,1,1,1,4.0,,-1.0, -1,1975.0,A01,138Â 302Â 045,2.0,6.0,-1.0,1639915,1.0,1,,0.0,2.0,4.0,B01,138Â 302Â 046,5.0
960862,201900002393,9,19,17:10,1,2,1,1.0,2.0,93010,VERDUN (AV. DE) 1 A 33,M,"48,9052330","2,4903640",93,2019,30.0,1.0,1.0,4.0,2147512,1.0,1,4,1,2.0,,-1.0, -1,2007.0,B01,138Â 302Â 046,8.0,0.0,-1.0,1639914,0.0,33,,0.0,0.0,0.0,A01,138Â 302Â 045,0.0
960862,201900002393,9,19,17:10,1,2,1,1.0,2.0,93010,VERDUN (AV. DE) 1 A 33,M,"48,9052330","2,4903640",93,2019,30.0,1.0,1.0,4.0,2147512,1.0,1,4,1,2.0,,-1.0, -1,2007.0,B01,138Â 302Â 046,8.0,0.0,-1.0,1639915,1.0,1,,0.0,2.0,4.0,B01,138Â 302Â 046,5.0
960863,201900002394,9,19,10:30,1,2,1,1.0,6.0,93001,REPUBLIQUE (AVE DE LA ) => NO 41/50,M,"48,9068600","2,3886600",93,2019,50.0,1.0,1.0,3.0,2147513,10.0,3,4,2,0.0,,1.0,3,2002.0,A01,138Â 302Â 041,8.0,0.0,-1.0,1639916,1.0,7,,0.0,1.0,3.0,A01,138Â 302Â 041,2.0
960863,201900002394,9,19,10:30,1,2,1,1.0,6.0,93001,REPUBLIQUE (AVE DE LA ) => NO 41/50,M,"48,9068600","2,3886600",93,2019,50.0,1.0,1.0,3.0,2147514,1.0,1,1,1,0.0,,-1.0, -1,1958.0,A01,138Â 302Â 041,1.0,0.0,-1.0,1639916,1.0,7,,0.0,1.0,3.0,A01,138Â 302Â 041,2.0
960864,201900002395,9,19,15:45,1,2,1,1.0,6.0,92072,GRANDE RUE,M,"48,8250862","2,2151095",92,2019,50.0,1.0,1.0,3.0,2147515,10.0,3,4,2,5.0,,1.0,3,1997.0,A01,138Â 302Â 040,8.0,0.0,-1.0,1639917,3.0,7,,0.0,1.0,1.0,A01,138Â 302Â 040,2.0
960864,201900002395,9,19,15:45,1,2,1,1.0,6.0,92072,GRANDE RUE,M,"48,8250862","2,2151095",92,2019,50.0,1.0,1.0,3.0,2147516,1.0,1,1,1,9.0,,0.0,0,1959.0,A01,138Â 302Â 040,8.0,0.0,-1.0,1639917,3.0,7,,0.0,1.0,1.0,A01,138Â 302Â 040,2.0
960865,201900002396,9,18,17:50,1,2,1,1.0,6.0,92064,DAILLY,M,"48,8454000","2,2176000",92,2019,50.0,1.0,1.0,3.0,2147517,1.0,1,4,2,5.0,,-1.0,0,1961.0,A01,138Â 302Â 039,1.0,0.0,-1.0,1639918,3.0,7,,15.0,0.0,2.0,A01,138Â 302Â 039,1.0
960866,201900002397,9,17,10:20,1,2,1,1.0,3.0,92073,RD 914,M,"48,8966707","2,2304606",92,2019,70.0,1.0,1.0,3.0,2147518,1.0,1,1,1,1.0,,-1.0,0,1981.0,A01,138Â 302Â 037,1.0,0.0,-1.0,1639919,3.0,7,,0.0,2.0,3.0,A01,138Â 302Â 037,1.0
960866,201900002397,9,17,10:20,1,2,1,1.0,3.0,92073,RD 914,M,"48,8966707","2,2304606",92,2019,70.0,1.0,1.0,3.0,2147518,1.0,1,1,1,1.0,,-1.0,0,1981.0,A01,138Â 302Â 037,1.0,0.0,-1.0,1639920,3.0,33,,0.0,2.0,7.0,B01,138Â 302Â 038,1.0
960866,201900002397,9,17,10:20,1,2,1,1.0,3.0,92073,RD 914,M,"48,8966707","2,2304606",92,2019,70.0,1.0,1.0,3.0,2147519,1.0,1,4,2,1.0,,-1.0,0,1981.0,B01,138Â 302Â 038,2.0,6.0,-1.0,1639919,3.0,7,,0.0,2.0,3.0,A01,138Â 302Â 037,1.0
960866,201900002397,9,17,10:20,1,2,1,1.0,3.0,92073,RD 914,M,"48,8966707","2,2304606",92,2019,70.0,1.0,1.0,3.0,2147519,1.0,1,4,2,1.0,,-1.0,0,1981.0,B01,138Â 302Â 038,2.0,6.0,-1.0,1639920,3.0,33,,0.0,2.0,7.0,B01,138Â 302Â 038,1.0
960867,201900002398,9,19,15:50,1,2,3,1.0,6.0,92036,GABRIEL PERI (AVENUE) (147/177),M,"48,9170700","2,2956700",92,2019,50.0,1.0,1.0,3.0,2147520,10.0,3,4,1,5.0,,3.0,3,2012.0,A01,138Â 302Â 036,8.0,0.0,-1.0,1639921,1.0,7,,0.0,1.0,2.0,A01,138Â 302Â 036,1.0
960867,201900002398,9,19,15:50,1,2,3,1.0,6.0,92036,GABRIEL PERI (AVENUE) (147/177),M,"48,9170700","2,2956700",92,2019,50.0,1.0,1.0,3.0,2147521,10.0,3,4,2,5.0,,3.0,3,1984.0,A01,138Â 302Â 036,8.0,0.0,-1.0,1639921,1.0,7,,0.0,1.0,2.0,A01,138Â 302Â 036,1.0
960867,201900002398,9,19,15:50,1,2,3,1.0,6.0,92036,GABRIEL PERI (AVENUE) (147/177),M,"48,9170700","2,2956700",92,2019,50.0,1.0,1.0,3.0,2147522,1.0,1,1,1,4.0,,-1.0,0,1958.0,A01,138Â 302Â 036,1.0,8.0,-1.0,1639921,1.0,7,,0.0,1.0,2.0,A01,138Â 302Â 036,1.0
960868,201900002399,9,19,06:50,5,2,3,1.0,3.0,92036,LAURENT CELY (AVENUE) (145/329),M,"48,9277089","2,3028440",92,2019,50.0,1.0,1.0,3.0,2147523,1.0,1,4,1,0.0,,-1.0,0,1983.0,B01,138Â 302Â 034,2.0,8.0,-1.0,1639922,1.0,2,,0.0,2.0,3.0,B01,138Â 302Â 034,1.0
960868,201900002399,9,19,06:50,5,2,3,1.0,3.0,92036,LAURENT CELY (AVENUE) (145/329),M,"48,9277089","2,3028440",92,2019,50.0,1.0,1.0,3.0,2147523,1.0,1,4,1,0.0,,-1.0,0,1983.0,B01,138Â 302Â 034,2.0,8.0,-1.0,1639923,1.0,10,,0.0,2.0,2.0,A01,138Â 302Â 035,1.0
960868,201900002399,9,19,06:50,5,2,3,1.0,3.0,92036,LAURENT CELY (AVENUE) (145/329),M,"48,9277089","2,3028440",92,2019,50.0,1.0,1.0,3.0,2147524,1.0,1,1,1,0.0,,-1.0,0,1958.0,A01,138Â 302Â 035,1.0,8.0,-1.0,1639922,1.0,2,,0.0,2.0,3.0,B01,138Â 302Â 034,1.0
960868,201900002399,9,19,06:50,5,2,3,1.0,3.0,92036,LAURENT CELY (AVENUE) (145/329),M,"48,9277089","2,3028440",92,2019,50.0,1.0,1.0,3.0,2147524,1.0,1,1,1,0.0,,-1.0,0,1958.0,A01,138Â 302Â 035,1.0,8.0,-1.0,1639923,1.0,10,,0.0,2.0,2.0,A01,138Â 302Â 035,1.0
960869,201900002400,9,18,21:30,5,2,6,1.0,3.0,92023,HUIT MAI 1945 (CARREFOUR DU) S103,M,"48,7914100","2,2629200",92,2019,50.0,1.0,1.0,3.0,2147525,1.0,1,4,1,0.0,,-1.0,0,1994.0,B01,138Â 302Â 032,8.0,0.0,-1.0,1639924,3.0,0,,0.0,2.0,9.0,B01,138Â 302Â 032,0.0
960869,201900002400,9,18,21:30,5,2,6,1.0,3.0,92023,HUIT MAI 1945 (CARREFOUR DU) S103,M,"48,7914100","2,2629200",92,2019,50.0,1.0,1.0,3.0,2147525,1.0,1,4,1,0.0,,-1.0,0,1994.0,B01,138Â 302Â 032,8.0,0.0,-1.0,1639925,3.0,7,,0.0,2.0,3.0,A01,138Â 302Â 033,1.0
960869,201900002400,9,18,21:30,5,2,6,1.0,3.0,92023,HUIT MAI 1945 (CARREFOUR DU) S103,M,"48,7914100","2,2629200",92,2019,50.0,1.0,1.0,3.0,2147526,1.0,1,1,1,1.0,,-1.0,0,1986.0,A01,138Â 302Â 033,1.0,0.0,-1.0,1639924,3.0,0,,0.0,2.0,9.0,B01,138Â 302Â 032,0.0
960869,201900002400,9,18,21:30,5,2,6,1.0,3.0,92023,HUIT MAI 1945 (CARREFOUR DU) S103,M,"48,7914100","2,2629200",92,2019,50.0,1.0,1.0,3.0,2147526,1.0,1,1,1,1.0,,-1.0,0,1986.0,A01,138Â 302Â 033,1.0,0.0,-1.0,1639925,3.0,7,,0.0,2.0,3.0,A01,138Â 302Â 033,1.0
960870,201900002401,9,19,09:05,1,2,2,7.0,6.0,92032,BLANCHARD (RUE),M,"48,7945073","2,2879371",92,2019,30.0,1.0,1.0,3.0,2147527,1.0,1,1,2,1.0,,-1.0,0,1963.0,A01,138Â 302Â 030,1.0,0.0,-1.0,1639926,1.0,7,,0.0,1.0,1.0,A01,138Â 302Â 030,6.0
960870,201900002401,9,19,09:05,1,2,2,7.0,6.0,92032,BLANCHARD (RUE),M,"48,7945073","2,2879371",92,2019,30.0,1.0,1.0,3.0,2147527,1.0,1,1,2,1.0,,-1.0,0,1963.0,A01,138Â 302Â 030,1.0,0.0,-1.0,1639927,1.0,99,,0.0,2.0,0.0,B01,138Â 302Â 031,6.0
960870,201900002401,9,19,09:05,1,2,2,7.0,6.0,92032,BLANCHARD (RUE),M,"48,7945073","2,2879371",92,2019,30.0,1.0,1.0,3.0,2147528,10.0,3,3,1,1.0,,3.0,1,1968.0,B01,138Â 302Â 031,8.0,0.0,-1.0,1639926,1.0,7,,0.0,1.0,1.0,A01,138Â 302Â 030,6.0
960870,201900002401,9,19,09:05,1,2,2,7.0,6.0,92032,BLANCHARD (RUE),M,"48,7945073","2,2879371",92,2019,30.0,1.0,1.0,3.0,2147528,10.0,3,3,1,1.0,,3.0,1,1968.0,B01,138Â 302Â 031,8.0,0.0,-1.0,1639927,1.0,99,,0.0,2.0,0.0,B01,138Â 302Â 031,6.0
960871,201900002402,9,19,08:40,1,2,3,1.0,2.0,92007,FOCH (AVENUE DU MARECHAL) AUTRES NUMEROS,M,"48,7866900","2,3023800",92,2019,50.0,1.0,1.0,4.0,2147529,1.0,1,4,1,2.0,,-1.0, -1,2004.0,A01,138Â 302Â 028,2.0,6.0,-1.0,1639928,2.0,30,,0.0,2.0,8.0,A01,138Â 302Â 028,1.0
960871,201900002402,9,19,08:40,1,2,3,1.0,2.0,92007,FOCH (AVENUE DU MARECHAL) AUTRES NUMEROS,M,"48,7866900","2,3023800",92,2019,50.0,1.0,1.0,4.0,2147529,1.0,1,4,1,2.0,,-1.0, -1,2004.0,A01,138Â 302Â 028,2.0,6.0,-1.0,1639929,2.0,7,,0.0,2.0,4.0,B01,138Â 302Â 029,1.0
960871,201900002402,9,19,08:40,1,2,3,1.0,2.0,92007,FOCH (AVENUE DU MARECHAL) AUTRES NUMEROS,M,"48,7866900","2,3023800",92,2019,50.0,1.0,1.0,4.0,2147530,1.0,1,1,1,1.0,,-1.0, -1,1986.0,B01,138Â 302Â 029,1.0,0.0,-1.0,1639928,2.0,30,,0.0,2.0,8.0,A01,138Â 302Â 028,1.0
960871,201900002402,9,19,08:40,1,2,3,1.0,2.0,92007,FOCH (AVENUE DU MARECHAL) AUTRES NUMEROS,M,"48,7866900","2,3023800",92,2019,50.0,1.0,1.0,4.0,2147530,1.0,1,1,1,1.0,,-1.0, -1,1986.0,B01,138Â 302Â 029,1.0,0.0,-1.0,1639929,2.0,7,,0.0,2.0,4.0,B01,138Â 302Â 029,1.0
960872,201900002403,9,19,15:15,1,1,1,1.0,1.0,08343,D217,M,"49,6786910","5,0880880",8,2019,80.0,1.0,1.0,3.0,2147531,1.0,1,4,2,5.0,,0.0,0,1943.0,B01,138Â 302Â 026,1.0,-1.0,-1.0,1639930,2.0,7,,0.0,2.0,3.0,B01,138Â 302Â 026,0.0
960872,201900002403,9,19,15:15,1,1,1,1.0,1.0,08343,D217,M,"49,6786910","5,0880880",8,2019,80.0,1.0,1.0,3.0,2147531,1.0,1,4,2,5.0,,0.0,0,1943.0,B01,138Â 302Â 026,1.0,-1.0,-1.0,1639931,1.0,7,,0.0,2.0,1.0,A01,138Â 302Â 027,0.0