Unnamed: 0_x,num_acc,mois,jour,hrmn,lum,agg,int,atm,col,com,adr,gps,lat,long,dep,annee,vma,situ,surf,catr,Unnamed: 0_y,place,catu,grav,sexe,trajet,secu,locp,actp,an_nais,num_veh_x,id_vehicule_x,secu1,secu2,secu3,Unnamed: 0,senc,catv,occutc,obs,obsm,choc,num_veh_y,id_vehicule_y,motor
960872,201900002403,9,19,15:15,1,1,1,1.0,1.0,08343,D217,M,"49,6786910","5,0880880",8,2019,80.0,1.0,1.0,3.0,2147532,1.0,1,1,1,5.0,,0.0,0,1994.0,A01,138Â 302Â 027,1.0,-1.0,-1.0,1639930,2.0,7,,0.0,2.0,3.0,B01,138Â 302Â 026,0.0
960872,201900002403,9,19,15:15,1,1,1,1.0,1.0,08343,D217,M,"49,6786910","5,0880880",8,2019,80.0,1.0,1.0,3.0,2147532,1.0,1,1,1,5.0,,0.0,0,1994.0,A01,138Â 302Â 027,1.0,-1.0,-1.0,1639931,1.0,7,,0.0,2.0,1.0,A01,138Â 302Â 027,0.0
960873,201900002404,9,20,12:15,1,1,1,1.0,6.0,62254,rue principale,M,"50,6135670","2,1938160",62,2019,80.0,3.0,1.0,3.0,2147533,1.0,1,3,2,1.0,,0.0,0,1992.0,A01,138Â 302Â 025,1.0,-1.0,-1.0,1639932,2.0,7,,2.0,0.0,2.0,A01,138Â 302Â 025,0.0
960874,201900002405,9,18,11:00,1,1,1,9.0,3.0,76249,A 29,M,"49,6354900","1,1597470",76,2019,130.0,1.0,1.0,1.0,2147534,1.0,1,3,1,5.0,,0.0,0,1959.0,A01,138Â 302Â 023,1.0,-1.0,-1.0,1639933,1.0,10,,0.0,2.0,6.0,A01,138Â 302Â 023,1.0
960874,201900002405,9,18,11:00,1,1,1,9.0,3.0,76249,A 29,M,"49,6354900","1,1597470",76,2019,130.0,1.0,1.0,1.0,2147534,1.0,1,3,1,5.0,,0.0,0,1959.0,A01,138Â 302Â 023,1.0,-1.0,-1.0,1639934,1.0,10,,0.0,2.0,7.0,B01,138Â 302Â 024,1.0
960874,201900002405,9,18,11:00,1,1,1,9.0,3.0,76249,A 29,M,"49,6354900","1,1597470",76,2019,130.0,1.0,1.0,1.0,2147535,1.0,1,1,2,4.0,,0.0,0,1999.0,B01,138Â 302Â 024,1.0,-1.0,-1.0,1639933,1.0,10,,0.0,2.0,6.0,A01,138Â 302Â 023,1.0
960874,201900002405,9,18,11:00,1,1,1,9.0,3.0,76249,A 29,M,"49,6354900","1,1597470",76,2019,130.0,1.0,1.0,1.0,2147535,1.0,1,1,2,4.0,,0.0,0,1999.0,B01,138Â 302Â 024,1.0,-1.0,-1.0,1639934,1.0,10,,0.0,2.0,7.0,B01,138Â 302Â 024,1.0
960874,201900002405,9,18,11:00,1,1,1,9.0,3.0,76249,A 29,M,"49,6354900","1,1597470",76,2019,130.0,1.0,1.0,1.0,2147536,2.0,2,1,1,4.0,,0.0,0,1970.0,B01,138Â 302Â 024,1.0,-1.0,-1.0,1639933,1.0,10,,0.0,2.0,6.0,A01,138Â 302Â 023,1.0
960874,201900002405,9,18,11:00,1,1,1,9.0,3.0,76249,A 29,M,"49,6354900","1,1597470",76,2019,130.0,1.0,1.0,1.0,2147536,2.0,2,1,1,4.0,,0.0,0,1970.0,B01,138Â 302Â 024,1.0,-1.0,-1.0,1639934,1.0,10,,0.0,2.0,7.0,B01,138Â 302Â 024,1.0
960875,201900002406,9,20,07:30,1,1,1,1.0,2.0,74090,A 410,M,"46,0923720","6,2896890",74,2019,130.0,1.0,1.0,1.0,2147537,1.0,1,1,1,4.0,,0.0,0,1971.0,B01,138Â 302Â 021,8.0,-1.0,-1.0,1639935,2.0,14,,0.0,0.0,5.0,B01,138Â 302Â 021,1.0
960875,201900002406,9,20,07:30,1,1,1,1.0,2.0,74090,A 410,M,"46,0923720","6,2896890",74,2019,130.0,1.0,1.0,1.0,2147537,1.0,1,1,1,4.0,,0.0,0,1971.0,B01,138Â 302Â 021,8.0,-1.0,-1.0,1639936,2.0,10,,0.0,2.0,3.0,A01,138Â 302Â 022,1.0
960875,201900002406,9,20,07:30,1,1,1,1.0,2.0,74090,A 410,M,"46,0923720","6,2896890",74,2019,130.0,1.0,1.0,1.0,2147538,1.0,1,4,1,4.0,,0.0,0,1987.0,A01,138Â 302Â 022,8.0,-1.0,-1.0,1639935,2.0,14,,0.0,0.0,5.0,B01,138Â 302Â 021,1.0
960875,201900002406,9,20,07:30,1,1,1,1.0,2.0,74090,A 410,M,"46,0923720","6,2896890",74,2019,130.0,1.0,1.0,1.0,2147538,1.0,1,4,1,4.0,,0.0,0,1987.0,A01,138Â 302Â 022,8.0,-1.0,-1.0,1639936,2.0,10,,0.0,2.0,3.0,A01,138Â 302Â 022,1.0
960876,201900002407,9,17,10:30,1,1,2,1.0,4.0,64254,3320 Chemin Departemental 945,M,"43,5106716"," -0,6142430",64,2019,80.0,1.0,1.0,3.0,2147539,1.0,1,1,1,4.0,,0.0,0,1997.0,C01,138Â 302Â 018,1.0,-1.0,-1.0,1639937,2.0,10,,6.0,2.0,1.0,C01,138Â 302Â 018,1.0
960876,201900002407,9,17,10:30,1,1,2,1.0,4.0,64254,3320 Chemin Departemental 945,M,"43,5106716"," -0,6142430",64,2019,80.0,1.0,1.0,3.0,2147539,1.0,1,1,1,4.0,,0.0,0,1997.0,C01,138Â 302Â 018,1.0,-1.0,-1.0,1639938,2.0,7,,6.0,0.0,4.0,B01,138Â 302Â 019,1.0
960876,201900002407,9,17,10:30,1,1,2,1.0,4.0,64254,3320 Chemin Departemental 945,M,"43,5106716"," -0,6142430",64,2019,80.0,1.0,1.0,3.0,2147539,1.0,1,1,1,4.0,,0.0,0,1997.0,C01,138Â 302Â 018,1.0,-1.0,-1.0,1639939,1.0,10,,6.0,0.0,4.0,A01,138Â 302Â 020,1.0
960876,201900002407,9,17,10:30,1,1,2,1.0,4.0,64254,3320 Chemin Departemental 945,M,"43,5106716"," -0,6142430",64,2019,80.0,1.0,1.0,3.0,2147540,1.0,1,3,2,3.0,,0.0,0,1961.0,B01,138Â 302Â 019,1.0,-1.0,-1.0,1639937,2.0,10,,6.0,2.0,1.0,C01,138Â 302Â 018,1.0
960876,201900002407,9,17,10:30,1,1,2,1.0,4.0,64254,3320 Chemin Departemental 945,M,"43,5106716"," -0,6142430",64,2019,80.0,1.0,1.0,3.0,2147540,1.0,1,3,2,3.0,,0.0,0,1961.0,B01,138Â 302Â 019,1.0,-1.0,-1.0,1639938,2.0,7,,6.0,0.0,4.0,B01,138Â 302Â 019,1.0
960876,201900002407,9,17,10:30,1,1,2,1.0,4.0,64254,3320 Chemin Departemental 945,M,"43,5106716"," -0,6142430",64,2019,80.0,1.0,1.0,3.0,2147540,1.0,1,3,2,3.0,,0.0,0,1961.0,B01,138Â 302Â 019,1.0,-1.0,-1.0,1639939,1.0,10,,6.0,0.0,4.0,A01,138Â 302Â 020,1.0
960876,201900002407,9,17,10:30,1,1,2,1.0,4.0,64254,3320 Chemin Departemental 945,M,"43,5106716"," -0,6142430",64,2019,80.0,1.0,1.0,3.0,2147541,1.0,1,4,1,4.0,,0.0,0,1948.0,A01,138Â 302Â 020,1.0,-1.0,-1.0,1639937,2.0,10,,6.0,2.0,1.0,C01,138Â 302Â 018,1.0
960876,201900002407,9,17,10:30,1,1,2,1.0,4.0,64254,3320 Chemin Departemental 945,M,"43,5106716"," -0,6142430",64,2019,80.0,1.0,1.0,3.0,2147541,1.0,1,4,1,4.0,,0.0,0,1948.0,A01,138Â 302Â 020,1.0,-1.0,-1.0,1639938,2.0,7,,6.0,0.0,4.0,B01,138Â 302Â 019,1.0
960876,201900002407,9,17,10:30,1,1,2,1.0,4.0,64254,3320 Chemin Departemental 945,M,"43,5106716"," -0,6142430",64,2019,80.0,1.0,1.0,3.0,2147541,1.0,1,4,1,4.0,,0.0,0,1948.0,A01,138Â 302Â 020,1.0,-1.0,-1.0,1639939,1.0,10,,6.0,0.0,4.0,A01,138Â 302Â 020,1.0
960877,201900002408,7,17,06:00,2,1,2,1.0,3.0,35176,La Cottaie,M,"47,7945390"," -1,8599130",35,2019,80.0,1.0,1.0,4.0,2147542,1.0,1,3,2,4.0,,0.0,0,1954.0,B01,138Â 302Â 016,0.0,-1.0,-1.0,1639940,3.0,7,,0.0,2.0,3.0,B01,138Â 302Â 016,1.0
960877,201900002408,7,17,06:00,2,1,2,1.0,3.0,35176,La Cottaie,M,"47,7945390"," -1,8599130",35,2019,80.0,1.0,1.0,4.0,2147542,1.0,1,3,2,4.0,,0.0,0,1954.0,B01,138Â 302Â 016,0.0,-1.0,-1.0,1639941,3.0,7,,0.0,2.0,2.0,A01,138Â 302Â 017,1.0
960877,201900002408,7,17,06:00,2,1,2,1.0,3.0,35176,La Cottaie,M,"47,7945390"," -1,8599130",35,2019,80.0,1.0,1.0,4.0,2147543,1.0,1,1,1,1.0,,0.0,0,1990.0,A01,138Â 302Â 017,1.0,-1.0,-1.0,1639940,3.0,7,,0.0,2.0,3.0,B01,138Â 302Â 016,1.0
960877,201900002408,7,17,06:00,2,1,2,1.0,3.0,35176,La Cottaie,M,"47,7945390"," -1,8599130",35,2019,80.0,1.0,1.0,4.0,2147543,1.0,1,1,1,1.0,,0.0,0,1990.0,A01,138Â 302Â 017,1.0,-1.0,-1.0,1639941,3.0,7,,0.0,2.0,2.0,A01,138Â 302Â 017,1.0
960878,201900002409,9,18,17:20,1,1,3,1.0,1.0,59478,Route de Looweg,M,"50,9554390","2,4612010",59,2019,80.0,1.0,1.0,3.0,2147544,1.0,1,1,1,1.0,,0.0,0,1998.0,A01,138Â 302Â 014,1.0,-1.0,-1.0,1639942,1.0,7,,0.0,2.0,1.0,A01,138Â 302Â 014,1.0
960878,201900002409,9,18,17:20,1,1,3,1.0,1.0,59478,Route de Looweg,M,"50,9554390","2,4612010",59,2019,80.0,1.0,1.0,3.0,2147544,1.0,1,1,1,1.0,,0.0,0,1998.0,A01,138Â 302Â 014,1.0,-1.0,-1.0,1639943,2.0,7,,0.0,2.0,1.0,B01,138Â 302Â 015,1.0
960878,201900002409,9,18,17:20,1,1,3,1.0,1.0,59478,Route de Looweg,M,"50,9554390","2,4612010",59,2019,80.0,1.0,1.0,3.0,2147545,2.0,2,1,1,1.0,,0.0,0,1997.0,A01,138Â 302Â 014,1.0,-1.0,-1.0,1639942,1.0,7,,0.0,2.0,1.0,A01,138Â 302Â 014,1.0
960878,201900002409,9,18,17:20,1,1,3,1.0,1.0,59478,Route de Looweg,M,"50,9554390","2,4612010",59,2019,80.0,1.0,1.0,3.0,2147545,2.0,2,1,1,1.0,,0.0,0,1997.0,A01,138Â 302Â 014,1.0,-1.0,-1.0,1639943,2.0,7,,0.0,2.0,1.0,B01,138Â 302Â 015,1.0
960878,201900002409,9,18,17:20,1,1,3,1.0,1.0,59478,Route de Looweg,M,"50,9554390","2,4612010",59,2019,80.0,1.0,1.0,3.0,2147546,1.0,1,4,1,4.0,,0.0,0,1982.0,B01,138Â 302Â 015,1.0,-1.0,-1.0,1639942,1.0,7,,0.0,2.0,1.0,A01,138Â 302Â 014,1.0
960878,201900002409,9,18,17:20,1,1,3,1.0,1.0,59478,Route de Looweg,M,"50,9554390","2,4612010",59,2019,80.0,1.0,1.0,3.0,2147546,1.0,1,4,1,4.0,,0.0,0,1982.0,B01,138Â 302Â 015,1.0,-1.0,-1.0,1639943,2.0,7,,0.0,2.0,1.0,B01,138Â 302Â 015,1.0
960879,201900002410,9,12,19:00,1,1,2,1.0,3.0,84099,route d gordese,M,"43,8624000","5,1033660",84,2019,70.0,1.0,1.0,3.0,2147547,1.0,1,1,1,5.0,,0.0,0,2000.0,A01,138Â 302Â 012,1.0,-1.0,-1.0,1639944,1.0,7,,0.0,2.0,1.0,A01,138Â 302Â 012,1.0
960879,201900002410,9,12,19:00,1,1,2,1.0,3.0,84099,route d gordese,M,"43,8624000","5,1033660",84,2019,70.0,1.0,1.0,3.0,2147547,1.0,1,1,1,5.0,,0.0,0,2000.0,A01,138Â 302Â 012,1.0,-1.0,-1.0,1639945,2.0,7,,0.0,2.0,8.0,B01,138Â 302Â 013,1.0
960879,201900002410,9,12,19:00,1,1,2,1.0,3.0,84099,route d gordese,M,"43,8624000","5,1033660",84,2019,70.0,1.0,1.0,3.0,2147548,1.0,1,3,1,1.0,,0.0,0,1979.0,B01,138Â 302Â 013,1.0,-1.0,-1.0,1639944,1.0,7,,0.0,2.0,1.0,A01,138Â 302Â 012,1.0
960879,201900002410,9,12,19:00,1,1,2,1.0,3.0,84099,route d gordese,M,"43,8624000","5,1033660",84,2019,70.0,1.0,1.0,3.0,2147548,1.0,1,3,1,1.0,,0.0,0,1979.0,B01,138Â 302Â 013,1.0,-1.0,-1.0,1639945,2.0,7,,0.0,2.0,8.0,B01,138Â 302Â 013,1.0
960880,201900002411,9,20,00:00,5,2,1,1.0,6.0,72008,boulevard pierre lefaucheux,M,"47,9458850","0,1822300",72,2019,70.0,5.0,1.0,3.0,2147549,1.0,1,3,1,5.0,,0.0,0,1999.0,A01,138Â 302Â 010,2.0,-1.0,-1.0,1639946,1.0,33,,0.0,2.0,1.0,A01,138Â 302Â 010,1.0
960880,201900002411,9,20,00:00,5,2,1,1.0,6.0,72008,boulevard pierre lefaucheux,M,"47,9458850","0,1822300",72,2019,70.0,5.0,1.0,3.0,2147549,1.0,1,3,1,5.0,,0.0,0,1999.0,A01,138Â 302Â 010,2.0,-1.0,-1.0,1639947,1.0,7,,0.0,0.0,6.0,B01,138Â 302Â 011,1.0
960880,201900002411,9,20,00:00,5,2,1,1.0,6.0,72008,boulevard pierre lefaucheux,M,"47,9458850","0,1822300",72,2019,70.0,5.0,1.0,3.0,2147550,3.0,2,1,1,5.0,,0.0,0,2002.0,B01,138Â 302Â 011,1.0,-1.0,-1.0,1639946,1.0,33,,0.0,2.0,1.0,A01,138Â 302Â 010,1.0
960880,201900002411,9,20,00:00,5,2,1,1.0,6.0,72008,boulevard pierre lefaucheux,M,"47,9458850","0,1822300",72,2019,70.0,5.0,1.0,3.0,2147550,3.0,2,1,1,5.0,,0.0,0,2002.0,B01,138Â 302Â 011,1.0,-1.0,-1.0,1639947,1.0,7,,0.0,0.0,6.0,B01,138Â 302Â 011,1.0
960880,201900002411,9,20,00:00,5,2,1,1.0,6.0,72008,boulevard pierre lefaucheux,M,"47,9458850","0,1822300",72,2019,70.0,5.0,1.0,3.0,2147551,2.0,2,1,1,5.0,,0.0,0,1999.0,B01,138Â 302Â 011,1.0,-1.0,-1.0,1639946,1.0,33,,0.0,2.0,1.0,A01,138Â 302Â 010,1.0
960880,201900002411,9,20,00:00,5,2,1,1.0,6.0,72008,boulevard pierre lefaucheux,M,"47,9458850","0,1822300",72,2019,70.0,5.0,1.0,3.0,2147551,2.0,2,1,1,5.0,,0.0,0,1999.0,B01,138Â 302Â 011,1.0,-1.0,-1.0,1639947,1.0,7,,0.0,0.0,6.0,B01,138Â 302Â 011,1.0
960880,201900002411,9,20,00:00,5,2,1,1.0,6.0,72008,boulevard pierre lefaucheux,M,"47,9458850","0,1822300",72,2019,70.0,5.0,1.0,3.0,2147552,1.0,1,1,1,5.0,,0.0,0,1996.0,B01,138Â 302Â 011,1.0,-1.0,-1.0,1639946,1.0,33,,0.0,2.0,1.0,A01,138Â 302Â 010,1.0
960880,201900002411,9,20,00:00,5,2,1,1.0,6.0,72008,boulevard pierre lefaucheux,M,"47,9458850","0,1822300",72,2019,70.0,5.0,1.0,3.0,2147552,1.0,1,1,1,5.0,,0.0,0,1996.0,B01,138Â 302Â 011,1.0,-1.0,-1.0,1639947,1.0,7,,0.0,0.0,6.0,B01,138Â 302Â 011,1.0
960881,201900002412,9,19,14:00,1,1,1,1.0,6.0,37179,Autoroute A10,M,"47,4421023","0,7381741",37,2019,130.0,1.0,1.0,1.0,2147553,1.0,1,3,1,5.0,,0.0,0,1950.0,A01,138Â 302Â 009,1.0,-1.0,-1.0,1639948,1.0,7,,4.0,0.0,3.0,A01,138Â 302Â 009,1.0
960882,201900002413,9,19,18:30,1,1,1,1.0,6.0,19117,RD59,M,"45,1175830","1,4647260",19,2019,-1.0,3.0,1.0,3.0,2147554,1.0,1,4,1,0.0,,0.0,0,1989.0,A01,138Â 302Â 008,1.0,-1.0,-1.0,1639949,3.0,7,,2.0,0.0,7.0,A01,138Â 302Â 008,1.0
960882,201900002413,9,19,18:30,1,1,1,1.0,6.0,19117,RD59,M,"45,1175830","1,4647260",19,2019,-1.0,3.0,1.0,3.0,2147555,2.0,2,4,1,0.0,,0.0,0,1989.0,A01,138Â 302Â 008,1.0,-1.0,-1.0,1639949,3.0,7,,2.0,0.0,7.0,A01,138Â 302Â 008,1.0
960882,201900002413,9,19,18:30,1,1,1,1.0,6.0,19117,RD59,M,"45,1175830","1,4647260",19,2019,-1.0,3.0,1.0,3.0,2147556,4.0,2,3,1,0.0,,0.0,0,1989.0,A01,138Â 302Â 008,1.0,-1.0,-1.0,1639949,3.0,7,,2.0,0.0,7.0,A01,138Â 302Â 008,1.0
960883,201900002414,9,19,17:20,1,1,1,1.0,7.0,56244,Le GlÃ©tin,M,"47,8350650"," -2,5383200",56,2019,80.0,3.0,9.0,3.0,2147557,1.0,1,3,2,5.0,,0.0,0,1998.0,A01,138Â 302Â 007,1.0,-1.0,-1.0,1639950,2.0,7,,2.0,0.0,3.0,A01,138Â 302Â 007,1.0
960884,201900002415,9,17,15:30,1,1,4,1.0,3.0,67314,D130,M,"48,4502683","7,2255029",67,2019,80.0,1.0,1.0,3.0,2147558,1.0,1,3,2,0.0,,0.0,0,1964.0,A01,138Â 302Â 003,1.0,5.0,-1.0,1639951,2.0,7,,0.0,2.0,2.0,A01,138Â 302Â 003,1.0
960884,201900002415,9,17,15:30,1,1,4,1.0,3.0,67314,D130,M,"48,4502683","7,2255029",67,2019,80.0,1.0,1.0,3.0,2147558,1.0,1,3,2,0.0,,0.0,0,1964.0,A01,138Â 302Â 003,1.0,5.0,-1.0,1639952,1.0,10,,0.0,2.0,1.0,B01,138Â 302Â 004,1.0
960884,201900002415,9,17,15:30,1,1,4,1.0,3.0,67314,D130,M,"48,4502683","7,2255029",67,2019,80.0,1.0,1.0,3.0,2147559,1.0,1,4,1,4.0,,0.0,0,1988.0,B01,138Â 302Â 004,1.0,5.0,-1.0,1639951,2.0,7,,0.0,2.0,2.0,A01,138Â 302Â 003,1.0
960884,201900002415,9,17,15:30,1,1,4,1.0,3.0,67314,D130,M,"48,4502683","7,2255029",67,2019,80.0,1.0,1.0,3.0,2147559,1.0,1,4,1,4.0,,0.0,0,1988.0,B01,138Â 302Â 004,1.0,5.0,-1.0,1639952,1.0,10,,0.0,2.0,1.0,B01,138Â 302Â 004,1.0
960885,201900002416,8,31,02:30,5,1,1,1.0,5.0,2B305,Grisgione,M,"42,7335670","9,4608780",2B,2019,80.0,1.0,1.0,3.0,2147560,3.0,2,4,2,5.0,,0.0,0,2001.0,C01,138Â 302Â 000,1.0,-1.0,-1.0,1639953,2.0,7,,0.0,2.0,3.0,C01,138Â 302Â 000,1.0
960885,201900002416,8,31,02:30,5,1,1,1.0,5.0,2B305,Grisgione,M,"42,7335670","9,4608780",2B,2019,80.0,1.0,1.0,3.0,2147560,3.0,2,4,2,5.0,,0.0,0,2001.0,C01,138Â 302Â 000,1.0,-1.0,-1.0,1639954,1.0,7,,0.0,2.0,3.0,B01,138Â 302Â 001,1.0
960885,201900002416,8,31,02:30,5,1,1,1.0,5.0,2B305,Grisgione,M,"42,7335670","9,4608780",2B,2019,80.0,1.0,1.0,3.0,2147560,3.0,2,4,2,5.0,,0.0,0,2001.0,C01,138Â 302Â 000,1.0,-1.0,-1.0,1639955,2.0,7,,0.0,2.0,3.0,A01,138Â 302Â 002,1.0
960885,201900002416,8,31,02:30,5,1,1,1.0,5.0,2B305,Grisgione,M,"42,7335670","9,4608780",2B,2019,80.0,1.0,1.0,3.0,2147561,4.0,2,1,1,5.0,,0.0,0,2005.0,C01,138Â 302Â 000,1.0,-1.0,-1.0,1639953,2.0,7,,0.0,2.0,3.0,C01,138Â 302Â 000,1.0
960885,201900002416,8,31,02:30,5,1,1,1.0,5.0,2B305,Grisgione,M,"42,7335670","9,4608780",2B,2019,80.0,1.0,1.0,3.0,2147561,4.0,2,1,1,5.0,,0.0,0,2005.0,C01,138Â 302Â 000,1.0,-1.0,-1.0,1639954,1.0,7,,0.0,2.0,3.0,B01,138Â 302Â 001,1.0
960885,201900002416,8,31,02:30,5,1,1,1.0,5.0,2B305,Grisgione,M,"42,7335670","9,4608780",2B,2019,80.0,1.0,1.0,3.0,2147561,4.0,2,1,1,5.0,,0.0,0,2005.0,C01,138Â 302Â 000,1.0,-1.0,-1.0,1639955,2.0,7,,0.0,2.0,3.0,A01,138Â 302Â 002,1.0
960885,201900002416,8,31,02:30,5,1,1,1.0,5.0,2B305,Grisgione,M,"42,7335670","9,4608780",2B,2019,80.0,1.0,1.0,3.0,2147562,2.0,2,4,2,5.0,,0.0,0,2001.0,C01,138Â 302Â 000,1.0,-1.0,-1.0,1639953,2.0,7,,0.0,2.0,3.0,C01,138Â 302Â 000,1.0
960885,201900002416,8,31,02:30,5,1,1,1.0,5.0,2B305,Grisgione,M,"42,7335670","9,4608780",2B,2019,80.0,1.0,1.0,3.0,2147562,2.0,2,4,2,5.0,,0.0,0,2001.0,C01,138Â 302Â 000,1.0,-1.0,-1.0,1639954,1.0,7,,0.0,2.0,3.0,B01,138Â 302Â 001,1.0
960885,201900002416,8,31,02:30,5,1,1,1.0,5.0,2B305,Grisgione,M,"42,7335670","9,4608780",2B,2019,80.0,1.0,1.0,3.0,2147562,2.0,2,4,2,5.0,,0.0,0,2001.0,C01,138Â 302Â 000,1.0,-1.0,-1.0,1639955,2.0,7,,0.0,2.0,3.0,A01,138Â 302Â 002,1.0
960885,201900002416,8,31,02:30,5,1,1,1.0,5.0,2B305,Grisgione,M,"42,7335670","9,4608780",2B,2019,80.0,1.0,1.0,3.0,2147563,1.0,1,4,2,5.0,,0.0,0,2001.0,C01,138Â 302Â 000,1.0,-1.0,-1.0,1639953,2.0,7,,0.0,2.0,3.0,C01,138Â 302Â 000,1.0
960885,201900002416,8,31,02:30,5,1,1,1.0,5.0,2B305,Grisgione,M,"42,7335670","9,4608780",2B,2019,80.0,1.0,1.0,3.0,2147563,1.0,1,4,2,5.0,,0.0,0,2001.0,C01,138Â 302Â 000,1.0,-1.0,-1.0,1639954,1.0,7,,0.0,2.0,3.0,B01,138Â 302Â 001,1.0
960885,201900002416,8,31,02:30,5,1,1,1.0,5.0,2B305,Grisgione,M,"42,7335670","9,4608780",2B,2019,80.0,1.0,1.0,3.0,2147563,1.0,1,4,2,5.0,,0.0,0,2001.0,C01,138Â 302Â 000,1.0,-1.0,-1.0,1639955,2.0,7,,0.0,2.0,3.0,A01,138Â 302Â 002,1.0
960885,201900002416,8,31,02:30,5,1,1,1.0,5.0,2B305,Grisgione,M,"42,7335670","9,4608780",2B,2019,80.0,1.0,1.0,3.0,2147564,1.0,1,3,1,5.0,,0.0,0,1967.0,B01,138Â 302Â 001,9.0,-1.0,-1.0,1639953,2.0,7,,0.0,2.0,3.0,C01,138Â 302Â 000,1.0
960885,201900002416,8,31,02:30,5,1,1,1.0,5.0,2B305,Grisgione,M,"42,7335670","9,4608780",2B,2019,80.0,1.0,1.0,3.0,2147564,1.0,1,3,1,5.0,,0.0,0,1967.0,B01,138Â 302Â 001,9.0,-1.0,-1.0,1639954,1.0,7,,0.0,2.0,3.0,B01,138Â 302Â 001,1.0
960885,201900002416,8,31,02:30,5,1,1,1.0,5.0,2B305,Grisgione,M,"42,7335670","9,4608780",2B,2019,80.0,1.0,1.0,3.0,2147564,1.0,1,3,1,5.0,,0.0,0,1967.0,B01,138Â 302Â 001,9.0,-1.0,-1.0,1639955,2.0,7,,0.0,2.0,3.0,A01,138Â 302Â 002,1.0
960885,201900002416,8,31,02:30,5,1,1,1.0,5.0,2B305,Grisgione,M,"42,7335670","9,4608780",2B,2019,80.0,1.0,1.0,3.0,2147565,1.0,1,4,1,5.0,,0.0,0,2000.0,A01,138Â 302Â 002,1.0,-1.0,-1.0,1639953,2.0,7,,0.0,2.0,3.0,C01,138Â 302Â 000,1.0
960885,201900002416,8,31,02:30,5,1,1,1.0,5.0,2B305,Grisgione,M,"42,7335670","9,4608780",2B,2019,80.0,1.0,1.0,3.0,2147565,1.0,1,4,1,5.0,,0.0,0,2000.0,A01,138Â 302Â 002,1.0,-1.0,-1.0,1639954,1.0,7,,0.0,2.0,3.0,B01,138Â 302Â 001,1.0
960885,201900002416,8,31,02:30,5,1,1,1.0,5.0,2B305,Grisgione,M,"42,7335670","9,4608780",2B,2019,80.0,1.0,1.0,3.0,2147565,1.0,1,4,1,5.0,,0.0,0,2000.0,A01,138Â 302Â 002,1.0,-1.0,-1.0,1639955,2.0,7,,0.0,2.0,3.0,A01,138Â 302Â 002,1.0
960885,201900002416,8,31,02:30,5,1,1,1.0,5.0,2B305,Grisgione,M,"42,7335670","9,4608780",2B,2019,80.0,1.0,1.0,3.0,2147566,2.0,2,1,1,5.0,,0.0,0,2000.0,A01,138Â 302Â 002,1.0,-1.0,-1.0,1639953,2.0,7,,0.0,2.0,3.0,C01,138Â 302Â 000,1.0
960885,201900002416,8,31,02:30,5,1,1,1.0,5.0,2B305,Grisgione,M,"42,7335670","9,4608780",2B,2019,80.0,1.0,1.0,3.0,2147566,2.0,2,1,1,5.0,,0.0,0,2000.0,A01,138Â 302Â 002,1.0,-1.0,-1.0,1639954,1.0,7,,0.0,2.0,3.0,B01,138Â 302Â 001,1.0
960885,201900002416,8,31,02:30,5,1,1,1.0,5.0,2B305,Grisgione,M,"42,7335670","9,4608780",2B,2019,80.0,1.0,1.0,3.0,2147566,2.0,2,1,1,5.0,,0.0,0,2000.0,A01,138Â 302Â 002,1.0,-1.0,-1.0,1639955,2.0,7,,0.0,2.0,3.0,A01,138Â 302Â 002,1.0
960886,201900002417,9,20,09:05,1,1,1,1.0,6.0,82134,Chemin des Tempets Revel,M,"44,0651980","1,5428530",82,2019,70.0,3.0,1.0,4.0,2147567,1.0,1,4,1,2.0,,0.0,0,2004.0,A01,138Â 301Â 999,2.0,6.0,-1.0,1639956,0.0,2,,13.0,0.0,1.0,A01,138Â 301Â 999,1.0
960887,201900002418,9,20,16:10,1,2,1,1.0,2.0,82134,1145 Avenue du 8 Mai 1945,M,"44,0714420","1,5088430",82,2019,50.0,1.0,1.0,3.0,2147568,1.0,1,2,1,5.0,,0.0,0,1956.0,A01,138Â 301Â 997,2.0,6.0,9.0,1639957,1.0,33,,0.0,2.0,1.0,A01,138Â 301Â 997,1.0
960887,201900002418,9,20,16:10,1,2,1,1.0,2.0,82134,1145 Avenue du 8 Mai 1945,M,"44,0714420","1,5088430",82,2019,50.0,1.0,1.0,3.0,2147568,1.0,1,2,1,5.0,,0.0,0,1956.0,A01,138Â 301Â 997,2.0,6.0,9.0,1639958,1.0,7,,0.0,2.0,4.0,B01,138Â 301Â 998,1.0
960887,201900002418,9,20,16:10,1,2,1,1.0,2.0,82134,1145 Avenue du 8 Mai 1945,M,"44,0714420","1,5088430",82,2019,50.0,1.0,1.0,3.0,2147569,1.0,1,1,2,5.0,,0.0,0,1966.0,B01,138Â 301Â 998,1.0,-1.0,-1.0,1639957,1.0,33,,0.0,2.0,1.0,A01,138Â 301Â 997,1.0