Unnamed: 0_x,num_acc,mois,jour,hrmn,lum,agg,int,atm,col,com,adr,gps,lat,long,dep,annee,vma,situ,surf,catr,Unnamed: 0_y,place,catu,grav,sexe,trajet,secu,locp,actp,an_nais,num_veh_x,id_vehicule_x,secu1,secu2,secu3,Unnamed: 0,senc,catv,occutc,obs,obsm,choc,num_veh_y,id_vehicule_y,motor
960887,201900002418,9,20,16:10,1,2,1,1.0,2.0,82134,1145 Avenue du 8 Mai 1945,M,"44,0714420","1,5088430",82,2019,50.0,1.0,1.0,3.0,2147569,1.0,1,1,2,5.0,,0.0,0,1966.0,B01,138Â 301Â 998,1.0,-1.0,-1.0,1639958,1.0,7,,0.0,2.0,4.0,B01,138Â 301Â 998,1.0
960888,201900002419,9,18,11:30,1,2,1,1.0,6.0,65455,Route de Saint-Laurent,M,"43,0747643","0,4398493",65,2019,50.0,8.0,1.0,3.0,2147570,1.0,1,3,2,3.0,,0.0,0,1938.0,A01,138Â 301Â 996,1.0,-1.0,-1.0,1639959,1.0,7,,2.0,0.0,1.0,A01,138Â 301Â 996,1.0
960889,201900002420,9,19,21:03,3,2,1,1.0,6.0,89142,Route des MarniÃ¨res,M,"48,0761900","3,4516800",89,2019,50.0,1.0,1.0,3.0,2147571,1.0,1,3,1,5.0,,0.0,0,1993.0,A01,138Â 301Â 995,1.0,5.0,-1.0,1639960,0.0,7,,6.0,0.0,1.0,A01,138Â 301Â 995,1.0
960890,201900002421,9,20,16:50,1,1,3,7.0,3.0,89352,CD90 X CD92,M,"47,6581270","3,0405720",89,2019,80.0,1.0,1.0,3.0,2147572,1.0,1,2,1,0.0,,0.0,0,1955.0,B01,138Â 301Â 993,2.0,-1.0,-1.0,1639961,1.0,33,,0.0,2.0,1.0,B01,138Â 301Â 993,1.0
960890,201900002421,9,20,16:50,1,1,3,7.0,3.0,89352,CD90 X CD92,M,"47,6581270","3,0405720",89,2019,80.0,1.0,1.0,3.0,2147572,1.0,1,2,1,0.0,,0.0,0,1955.0,B01,138Â 301Â 993,2.0,-1.0,-1.0,1639962,1.0,3,,0.0,2.0,3.0,A01,138Â 301Â 994,1.0
960890,201900002421,9,20,16:50,1,1,3,7.0,3.0,89352,CD90 X CD92,M,"47,6581270","3,0405720",89,2019,80.0,1.0,1.0,3.0,2147573,1.0,1,4,2,0.0,,0.0,0,1977.0,A01,138Â 301Â 994,1.0,-1.0,-1.0,1639961,1.0,33,,0.0,2.0,1.0,B01,138Â 301Â 993,1.0
960890,201900002421,9,20,16:50,1,1,3,7.0,3.0,89352,CD90 X CD92,M,"47,6581270","3,0405720",89,2019,80.0,1.0,1.0,3.0,2147573,1.0,1,4,2,0.0,,0.0,0,1977.0,A01,138Â 301Â 994,1.0,-1.0,-1.0,1639962,1.0,3,,0.0,2.0,3.0,A01,138Â 301Â 994,1.0
960891,201900002422,9,20,14:45,1,1,3,1.0,7.0,42215,D4,M,"46,1640510","4,1943850",42,2019,80.0,1.0,1.0,3.0,2147574,2.0,2,3,2,5.0,,0.0,0,1961.0,A01,138Â 301Â 992,2.0,6.0,-1.0,1639963,2.0,33,,0.0,0.0,8.0,A01,138Â 301Â 992,1.0
960891,201900002422,9,20,14:45,1,1,3,1.0,7.0,42215,D4,M,"46,1640510","4,1943850",42,2019,80.0,1.0,1.0,3.0,2147575,1.0,1,4,1,5.0,,0.0,0,1958.0,A01,138Â 301Â 992,2.0,6.0,-1.0,1639963,2.0,33,,0.0,0.0,8.0,A01,138Â 301Â 992,1.0
960892,201900002423,9,20,10:25,1,1,4,1.0,6.0,34096,D909,M,"43,5624760","3,1806360",34,2019,90.0,1.0,1.0,3.0,2147576,1.0,1,1,2,4.0,,0.0,0,1964.0,B01,138Â 301Â 990,1.0,-1.0,-1.0,1639964,1.0,7,,0.0,2.0,5.0,B01,138Â 301Â 990,1.0
960892,201900002423,9,20,10:25,1,1,4,1.0,6.0,34096,D909,M,"43,5624760","3,1806360",34,2019,90.0,1.0,1.0,3.0,2147576,1.0,1,1,2,4.0,,0.0,0,1964.0,B01,138Â 301Â 990,1.0,-1.0,-1.0,1639965,1.0,1,,0.0,2.0,8.0,A01,138Â 301Â 991,6.0
960892,201900002423,9,20,10:25,1,1,4,1.0,6.0,34096,D909,M,"43,5624760","3,1806360",34,2019,90.0,1.0,1.0,3.0,2147577,1.0,1,2,1,5.0,,0.0,0,1936.0,A01,138Â 301Â 991,2.0,-1.0,-1.0,1639964,1.0,7,,0.0,2.0,5.0,B01,138Â 301Â 990,1.0
960892,201900002423,9,20,10:25,1,1,4,1.0,6.0,34096,D909,M,"43,5624760","3,1806360",34,2019,90.0,1.0,1.0,3.0,2147577,1.0,1,2,1,5.0,,0.0,0,1936.0,A01,138Â 301Â 991,2.0,-1.0,-1.0,1639965,1.0,1,,0.0,2.0,8.0,A01,138Â 301Â 991,6.0
960893,201900002424,9,18,17:08,1,1,1,1.0,1.0,25512,"Rue des Fuottes, PR18+450",M,"47,1519420","6,7388850",25,2019,80.0,1.0,1.0,3.0,2147578,1.0,1,4,1,5.0,,0.0,0,1992.0,B01,138Â 301Â 988,1.0,-1.0,-1.0,1639966,2.0,7,,0.0,2.0,3.0,B01,138Â 301Â 988,1.0
960893,201900002424,9,18,17:08,1,1,1,1.0,1.0,25512,"Rue des Fuottes, PR18+450",M,"47,1519420","6,7388850",25,2019,80.0,1.0,1.0,3.0,2147578,1.0,1,4,1,5.0,,0.0,0,1992.0,B01,138Â 301Â 988,1.0,-1.0,-1.0,1639967,1.0,7,,0.0,2.0,3.0,A01,138Â 301Â 989,1.0
960893,201900002424,9,18,17:08,1,1,1,1.0,1.0,25512,"Rue des Fuottes, PR18+450",M,"47,1519420","6,7388850",25,2019,80.0,1.0,1.0,3.0,2147579,2.0,2,1,1,5.0,,0.0,0,1986.0,B01,138Â 301Â 988,1.0,-1.0,-1.0,1639966,2.0,7,,0.0,2.0,3.0,B01,138Â 301Â 988,1.0
960893,201900002424,9,18,17:08,1,1,1,1.0,1.0,25512,"Rue des Fuottes, PR18+450",M,"47,1519420","6,7388850",25,2019,80.0,1.0,1.0,3.0,2147579,2.0,2,1,1,5.0,,0.0,0,1986.0,B01,138Â 301Â 988,1.0,-1.0,-1.0,1639967,1.0,7,,0.0,2.0,3.0,A01,138Â 301Â 989,1.0
960893,201900002424,9,18,17:08,1,1,1,1.0,1.0,25512,"Rue des Fuottes, PR18+450",M,"47,1519420","6,7388850",25,2019,80.0,1.0,1.0,3.0,2147580,1.0,1,4,1,5.0,,0.0,0,1987.0,A01,138Â 301Â 989,1.0,-1.0,-1.0,1639966,2.0,7,,0.0,2.0,3.0,B01,138Â 301Â 988,1.0
960893,201900002424,9,18,17:08,1,1,1,1.0,1.0,25512,"Rue des Fuottes, PR18+450",M,"47,1519420","6,7388850",25,2019,80.0,1.0,1.0,3.0,2147580,1.0,1,4,1,5.0,,0.0,0,1987.0,A01,138Â 301Â 989,1.0,-1.0,-1.0,1639967,1.0,7,,0.0,2.0,3.0,A01,138Â 301Â 989,1.0
960894,201900002425,9,16,04:45,3,1,1,1.0,6.0,44175,Le Pont d'Os,M,"47,3879820"," -2,3241290",44,2019,80.0,1.0,1.0,3.0,2147581,1.0,1,3,1,1.0,,0.0,0,1992.0,A01,138Â 301Â 987,2.0,-1.0,-1.0,1639968,1.0,33,,0.0,6.0,1.0,A01,138Â 301Â 987,1.0
960895,201900002426,9,20,03:25,3,1,6,1.0,6.0,44169,carrefour CD 215 et C9,M,"47,2324970"," -1,4395990",44,2019,80.0,1.0,1.0,3.0,2147582,2.0,2,4,1,5.0,,0.0,0,1992.0,A01,138Â 301Â 986,8.0,-1.0,-1.0,1639969,1.0,7,,2.0,0.0,1.0,A01,138Â 301Â 986,1.0
960895,201900002426,9,20,03:25,3,1,6,1.0,6.0,44169,carrefour CD 215 et C9,M,"47,2324970"," -1,4395990",44,2019,80.0,1.0,1.0,3.0,2147583,7.0,2,2,1,5.0,,0.0,0,1985.0,A01,138Â 301Â 986,1.0,-1.0,-1.0,1639969,1.0,7,,2.0,0.0,1.0,A01,138Â 301Â 986,1.0
960895,201900002426,9,20,03:25,3,1,6,1.0,6.0,44169,carrefour CD 215 et C9,M,"47,2324970"," -1,4395990",44,2019,80.0,1.0,1.0,3.0,2147584,9.0,2,2,1,5.0,,0.0,0,1983.0,A01,138Â 301Â 986,1.0,-1.0,-1.0,1639969,1.0,7,,2.0,0.0,1.0,A01,138Â 301Â 986,1.0
960895,201900002426,9,20,03:25,3,1,6,1.0,6.0,44169,carrefour CD 215 et C9,M,"47,2324970"," -1,4395990",44,2019,80.0,1.0,1.0,3.0,2147585,1.0,1,2,1,5.0,,0.0,0,1993.0,A01,138Â 301Â 986,1.0,-1.0,-1.0,1639969,1.0,7,,2.0,0.0,1.0,A01,138Â 301Â 986,1.0
960896,201900002427,9,18,20:10,2,1,1,1.0,1.0,44064,D917,M,"47,0956370"," -1,2932360",44,2019,80.0,1.0,1.0,3.0,2147586,1.0,1,3,1,1.0,,0.0,0,1999.0,A01,138Â 301Â 984,5.0,-1.0,-1.0,1639970,1.0,7,,4.0,2.0,3.0,A01,138Â 301Â 984,1.0
960896,201900002427,9,18,20:10,2,1,1,1.0,1.0,44064,D917,M,"47,0956370"," -1,2932360",44,2019,80.0,1.0,1.0,3.0,2147586,1.0,1,3,1,1.0,,0.0,0,1999.0,A01,138Â 301Â 984,5.0,-1.0,-1.0,1639971,2.0,7,,0.0,2.0,3.0,B01,138Â 301Â 985,1.0
960896,201900002427,9,18,20:10,2,1,1,1.0,1.0,44064,D917,M,"47,0956370"," -1,2932360",44,2019,80.0,1.0,1.0,3.0,2147587,1.0,1,3,2,5.0,,0.0,0,1966.0,B01,138Â 301Â 985,5.0,-1.0,-1.0,1639970,1.0,7,,4.0,2.0,3.0,A01,138Â 301Â 984,1.0
960896,201900002427,9,18,20:10,2,1,1,1.0,1.0,44064,D917,M,"47,0956370"," -1,2932360",44,2019,80.0,1.0,1.0,3.0,2147587,1.0,1,3,2,5.0,,0.0,0,1966.0,B01,138Â 301Â 985,5.0,-1.0,-1.0,1639971,2.0,7,,0.0,2.0,3.0,B01,138Â 301Â 985,1.0
960897,201900002428,9,19,20:30,5,2,3,1.0,3.0,38175,Boulevard Paul Langevin,M,"45,2596170","5,9096940",38,2019,50.0,1.0,1.0,3.0,2147588,1.0,1,1,1,1.0,,0.0,0,1988.0,A01,138Â 301Â 982,1.0,-1.0,-1.0,1639972,0.0,7,,0.0,2.0,2.0,A01,138Â 301Â 982,1.0
960897,201900002428,9,19,20:30,5,2,3,1.0,3.0,38175,Boulevard Paul Langevin,M,"45,2596170","5,9096940",38,2019,50.0,1.0,1.0,3.0,2147588,1.0,1,1,1,1.0,,0.0,0,1988.0,A01,138Â 301Â 982,1.0,-1.0,-1.0,1639973,2.0,2,,0.0,2.0,1.0,B01,138Â 301Â 983,1.0
960897,201900002428,9,19,20:30,5,2,3,1.0,3.0,38175,Boulevard Paul Langevin,M,"45,2596170","5,9096940",38,2019,50.0,1.0,1.0,3.0,2147589,1.0,1,3,1,0.0,,0.0,0,2002.0,B01,138Â 301Â 983,8.0,-1.0,-1.0,1639972,0.0,7,,0.0,2.0,2.0,A01,138Â 301Â 982,1.0
960897,201900002428,9,19,20:30,5,2,3,1.0,3.0,38175,Boulevard Paul Langevin,M,"45,2596170","5,9096940",38,2019,50.0,1.0,1.0,3.0,2147589,1.0,1,3,1,0.0,,0.0,0,2002.0,B01,138Â 301Â 983,8.0,-1.0,-1.0,1639973,2.0,2,,0.0,2.0,1.0,B01,138Â 301Â 983,1.0
960898,201900002429,9,18,21:30,3,1,1,1.0,7.0,03200,Patry,M,"46,5709231","3,2771486",3,2019,80.0,1.0,1.0,3.0,2147590,1.0,1,3,1,1.0,,0.0,0,1968.0,A01,138Â 301Â 981,1.0,-1.0,-1.0,1639974,1.0,7,,0.0,0.0,9.0,A01,138Â 301Â 981,1.0
960899,201900002430,9,20,10:25,1,2,9,1.0,6.0,15265,avenue de la rÃ©publique,M,"45,3411240","2,4344110",15,2019,-1.0,8.0,1.0,6.0,2147591,10.0,3,3,2,3.0,,2.0,9,1958.0,A01,138Â 301Â 980,8.0,-1.0,-1.0,1639975,3.0,7,,0.0,1.0,1.0,A01,138Â 301Â 980,1.0
960899,201900002430,9,20,10:25,1,2,9,1.0,6.0,15265,avenue de la rÃ©publique,M,"45,3411240","2,4344110",15,2019,-1.0,8.0,1.0,6.0,2147592,2.0,2,1,2,3.0,,0.0,0,1979.0,A01,138Â 301Â 980,8.0,-1.0,-1.0,1639975,3.0,7,,0.0,1.0,1.0,A01,138Â 301Â 980,1.0
960900,201900002431,9,19,12:00,1,1,1,1.0,7.0,64542,N 134,M,"42,7982270"," -0,5307350",64,2019,80.0,1.0,9.0,2.0,2147593,2.0,2,3,2,5.0,,0.0,0,1959.0,A01,138Â 301Â 977,2.0,6.0,9.0,1639976,1.0,33,,0.0,0.0,8.0,A01,138Â 301Â 977,1.0
960900,201900002431,9,19,12:00,1,1,1,1.0,7.0,64542,N 134,M,"42,7982270"," -0,5307350",64,2019,80.0,1.0,9.0,2.0,2147594,1.0,1,3,1,5.0,,0.0,0,1951.0,A01,138Â 301Â 977,2.0,6.0,9.0,1639976,1.0,33,,0.0,0.0,8.0,A01,138Â 301Â 977,1.0
960901,201900002432,9,20,10:05,1,1,1,7.0,2.0,18015,"Route de ClÃ©mont, LES CHAMPS DES PRES",M,"47,5158280","2,4022350",18,2019,80.0,1.0,1.0,3.0,2147595,1.0,1,3,1,5.0,,0.0,0,1947.0,B01,138Â 301Â 975,2.0,9.0,-1.0,1639977,1.0,1,,0.0,2.0,4.0,B01,138Â 301Â 975,5.0
960901,201900002432,9,20,10:05,1,1,1,7.0,2.0,18015,"Route de ClÃ©mont, LES CHAMPS DES PRES",M,"47,5158280","2,4022350",18,2019,80.0,1.0,1.0,3.0,2147595,1.0,1,3,1,5.0,,0.0,0,1947.0,B01,138Â 301Â 975,2.0,9.0,-1.0,1639978,1.0,14,,0.0,2.0,2.0,A01,138Â 301Â 976,1.0
960901,201900002432,9,20,10:05,1,1,1,7.0,2.0,18015,"Route de ClÃ©mont, LES CHAMPS DES PRES",M,"47,5158280","2,4022350",18,2019,80.0,1.0,1.0,3.0,2147596,1.0,1,1,1,4.0,,0.0,0,1973.0,A01,138Â 301Â 976,1.0,-1.0,-1.0,1639977,1.0,1,,0.0,2.0,4.0,B01,138Â 301Â 975,5.0
960901,201900002432,9,20,10:05,1,1,1,7.0,2.0,18015,"Route de ClÃ©mont, LES CHAMPS DES PRES",M,"47,5158280","2,4022350",18,2019,80.0,1.0,1.0,3.0,2147596,1.0,1,1,1,4.0,,0.0,0,1973.0,A01,138Â 301Â 976,1.0,-1.0,-1.0,1639978,1.0,14,,0.0,2.0,2.0,A01,138Â 301Â 976,1.0
960902,201900002433,9,20,11:00,1,1,2,1.0,3.0,18053,intersection RD51- RD6,M,"47,1130000","2,8951230",18,2019,80.0,1.0,1.0,3.0,2147597,1.0,1,1,1,0.0,,0.0,0,1955.0,A01,138Â 301Â 973,1.0,-1.0,-1.0,1639979,1.0,7,,8.0,2.0,2.0,A01,138Â 301Â 973,1.0
960902,201900002433,9,20,11:00,1,1,2,1.0,3.0,18053,intersection RD51- RD6,M,"47,1130000","2,8951230",18,2019,80.0,1.0,1.0,3.0,2147597,1.0,1,1,1,0.0,,0.0,0,1955.0,A01,138Â 301Â 973,1.0,-1.0,-1.0,1639980,1.0,15,,8.0,2.0,3.0,B01,138Â 301Â 974,1.0
960902,201900002433,9,20,11:00,1,1,2,1.0,3.0,18053,intersection RD51- RD6,M,"47,1130000","2,8951230",18,2019,80.0,1.0,1.0,3.0,2147598,2.0,2,3,1,0.0,,0.0,0,1970.0,A01,138Â 301Â 973,1.0,-1.0,-1.0,1639979,1.0,7,,8.0,2.0,2.0,A01,138Â 301Â 973,1.0
960902,201900002433,9,20,11:00,1,1,2,1.0,3.0,18053,intersection RD51- RD6,M,"47,1130000","2,8951230",18,2019,80.0,1.0,1.0,3.0,2147598,2.0,2,3,1,0.0,,0.0,0,1970.0,A01,138Â 301Â 973,1.0,-1.0,-1.0,1639980,1.0,15,,8.0,2.0,3.0,B01,138Â 301Â 974,1.0
960902,201900002433,9,20,11:00,1,1,2,1.0,3.0,18053,intersection RD51- RD6,M,"47,1130000","2,8951230",18,2019,80.0,1.0,1.0,3.0,2147599,1.0,1,1,1,0.0,,0.0,0,1960.0,B01,138Â 301Â 974,1.0,-1.0,-1.0,1639979,1.0,7,,8.0,2.0,2.0,A01,138Â 301Â 973,1.0
960902,201900002433,9,20,11:00,1,1,2,1.0,3.0,18053,intersection RD51- RD6,M,"47,1130000","2,8951230",18,2019,80.0,1.0,1.0,3.0,2147599,1.0,1,1,1,0.0,,0.0,0,1960.0,B01,138Â 301Â 974,1.0,-1.0,-1.0,1639980,1.0,15,,8.0,2.0,3.0,B01,138Â 301Â 974,1.0
960903,201900002434,9,19,18:30,1,1,1,1.0,7.0,07020,route des combes,M,"44,5657070","4,6409080",7,2019,80.0,8.0,1.0,2.0,2147600,1.0,1,3,1,5.0,,0.0,0,1954.0,A01,138Â 301Â 972,2.0,6.0,-1.0,1639981,3.0,33,,0.0,0.0,9.0,A01,138Â 301Â 972,1.0
960904,201900002435,9,19,16:00,1,1,1,1.0,6.0,53057,CD113,M,"48,3213530"," -0,4289830",53,2019,80.0,1.0,1.0,3.0,2147601,1.0,1,3,1,5.0,,0.0,0,1970.0,A01,138Â 301Â 971,1.0,-1.0,-1.0,1639982,2.0,7,,13.0,0.0,9.0,A01,138Â 301Â 971,1.0
960905,201900002436,9,19,20:50,3,2,1,1.0,6.0,40119,Chemin de Largele,M,"43,6482520"," -0,5996040",40,2019,50.0,3.0,1.0,4.0,2147602,1.0,1,3,1,0.0,,0.0,0,1992.0,A01,138Â 301Â 970,0.0,-1.0,-1.0,1639983,3.0,7,,6.0,0.0,2.0,A01,138Â 301Â 970,1.0
960906,201900002437,9,19,20:00,2,2,6,1.0,3.0,85234,Rue du Moulin Casse,M,"46,8023940"," -2,0896000",85,2019,50.0,1.0,1.0,4.0,2147603,1.0,1,1,1,1.0,,0.0,0,1971.0,A01,138Â 301Â 968,1.0,-1.0,-1.0,1639984,3.0,7,,0.0,2.0,3.0,A01,138Â 301Â 968,1.0
960906,201900002437,9,19,20:00,2,2,6,1.0,3.0,85234,Rue du Moulin Casse,M,"46,8023940"," -2,0896000",85,2019,50.0,1.0,1.0,4.0,2147603,1.0,1,1,1,1.0,,0.0,0,1971.0,A01,138Â 301Â 968,1.0,-1.0,-1.0,1639985,0.0,2,,0.0,2.0,1.0,B01,138Â 301Â 969,1.0
960906,201900002437,9,19,20:00,2,2,6,1.0,3.0,85234,Rue du Moulin Casse,M,"46,8023940"," -2,0896000",85,2019,50.0,1.0,1.0,4.0,2147604,1.0,1,3,1,1.0,,0.0,0,2000.0,B01,138Â 301Â 969,2.0,-1.0,-1.0,1639984,3.0,7,,0.0,2.0,3.0,A01,138Â 301Â 968,1.0
960906,201900002437,9,19,20:00,2,2,6,1.0,3.0,85234,Rue du Moulin Casse,M,"46,8023940"," -2,0896000",85,2019,50.0,1.0,1.0,4.0,2147604,1.0,1,3,1,1.0,,0.0,0,2000.0,B01,138Â 301Â 969,2.0,-1.0,-1.0,1639985,0.0,2,,0.0,2.0,1.0,B01,138Â 301Â 969,1.0
960907,201900002438,9,20,16:20,1,1,1,7.0,7.0,27043,Rue PrÃ©vost,M,"48,8776790","0,8267660",27,2019,80.0,3.0,1.0,3.0,2147605,1.0,1,4,1,1.0,,0.0,0,1986.0,A01,138Â 301Â 967,2.0,6.0,-1.0,1639986,3.0,33,,13.0,0.0,2.0,A01,138Â 301Â 967,1.0
960908,201900002439,9,18,06:45,2,1,1,1.0,1.0,37249,La Tonnerie,M,"47,4859260","0,5171370",37,2019,80.0,1.0,1.0,3.0,2147606,1.0,1,3,1,1.0,,0.0,0,1974.0,B01,138Â 301Â 965,1.0,-1.0,-1.0,1639987,2.0,7,,3.0,2.0,1.0,B01,138Â 301Â 965,1.0
960908,201900002439,9,18,06:45,2,1,1,1.0,1.0,37249,La Tonnerie,M,"47,4859260","0,5171370",37,2019,80.0,1.0,1.0,3.0,2147606,1.0,1,3,1,1.0,,0.0,0,1974.0,B01,138Â 301Â 965,1.0,-1.0,-1.0,1639988,1.0,7,,0.0,2.0,1.0,A01,138Â 301Â 966,1.0
960908,201900002439,9,18,06:45,2,1,1,1.0,1.0,37249,La Tonnerie,M,"47,4859260","0,5171370",37,2019,80.0,1.0,1.0,3.0,2147607,1.0,1,3,1,1.0,,0.0,0,1992.0,A01,138Â 301Â 966,1.0,-1.0,-1.0,1639987,2.0,7,,3.0,2.0,1.0,B01,138Â 301Â 965,1.0
960908,201900002439,9,18,06:45,2,1,1,1.0,1.0,37249,La Tonnerie,M,"47,4859260","0,5171370",37,2019,80.0,1.0,1.0,3.0,2147607,1.0,1,3,1,1.0,,0.0,0,1992.0,A01,138Â 301Â 966,1.0,-1.0,-1.0,1639988,1.0,7,,0.0,2.0,1.0,A01,138Â 301Â 966,1.0
960909,201900002440,9,19,15:35,1,1,3,1.0,3.0,30160,D982,M,"44,0046690","4,1297200",30,2019,50.0,1.0,1.0,3.0,2147608,1.0,1,3,1,0.0,,0.0,0,1943.0,A01,138Â 301Â 963,1.0,-1.0,-1.0,1639989,2.0,7,,0.0,2.0,1.0,A01,138Â 301Â 963,1.0
960909,201900002440,9,19,15:35,1,1,3,1.0,3.0,30160,D982,M,"44,0046690","4,1297200",30,2019,50.0,1.0,1.0,3.0,2147608,1.0,1,3,1,0.0,,0.0,0,1943.0,A01,138Â 301Â 963,1.0,-1.0,-1.0,1639990,1.0,7,,0.0,2.0,2.0,B01,138Â 301Â 964,1.0
960909,201900002440,9,19,15:35,1,1,3,1.0,3.0,30160,D982,M,"44,0046690","4,1297200",30,2019,50.0,1.0,1.0,3.0,2147609,1.0,1,1,1,5.0,,0.0,0,1999.0,B01,138Â 301Â 964,1.0,-1.0,-1.0,1639989,2.0,7,,0.0,2.0,1.0,A01,138Â 301Â 963,1.0
960909,201900002440,9,19,15:35,1,1,3,1.0,3.0,30160,D982,M,"44,0046690","4,1297200",30,2019,50.0,1.0,1.0,3.0,2147609,1.0,1,1,1,5.0,,0.0,0,1999.0,B01,138Â 301Â 964,1.0,-1.0,-1.0,1639990,1.0,7,,0.0,2.0,2.0,B01,138Â 301Â 964,1.0
960910,201900002441,9,20,13:00,1,1,1,1.0,7.0,08222,D8051,M,"50,0112900","4,7015490",8,2019,80.0,3.0,1.0,3.0,2147610,1.0,1,2,1,0.0,,0.0,0,1953.0,A01,138Â 301Â 962,2.0,-1.0,-1.0,1639991,1.0,31,,0.0,0.0,0.0,A01,138Â 301Â 962,1.0
960911,201900002442,9,19,16:30,1,2,1,1.0,6.0,97309,Route de Montjoly,M,"4,9134598"," -52,2733596",973,2019,50.0,1.0,1.0,3.0,2147611,10.0,3,3,1,0.0,,4.0,5,2013.0,A01,138Â 301Â 961,0.0,-1.0,-1.0,1639992,1.0,7,,0.0,1.0,2.0,A01,138Â 301Â 961,1.0
960911,201900002442,9,19,16:30,1,2,1,1.0,6.0,97309,Route de Montjoly,M,"4,9134598"," -52,2733596",973,2019,50.0,1.0,1.0,3.0,2147612,1.0,1,1,2,0.0,,0.0,0,1982.0,A01,138Â 301Â 961,1.0,-1.0,-1.0,1639992,1.0,7,,0.0,1.0,2.0,A01,138Â 301Â 961,1.0
960912,201900002443,9,19,17:00,1,1,9,1.0,2.0,49007,A11 PK 262.000,M,"47,4907940"," -0,5372160",49,2019,70.0,1.0,1.0,1.0,2147613,1.0,1,1,2,1.0,,0.0,0,1960.0,B01,138Â 301Â 959,1.0,-1.0,-1.0,1639993,2.0,7,,3.0,0.0,6.0,B01,138Â 301Â 959,1.0
960912,201900002443,9,19,17:00,1,1,9,1.0,2.0,49007,A11 PK 262.000,M,"47,4907940"," -0,5372160",49,2019,70.0,1.0,1.0,1.0,2147613,1.0,1,1,2,1.0,,0.0,0,1960.0,B01,138Â 301Â 959,1.0,-1.0,-1.0,1639994,2.0,33,,0.0,0.0,5.0,A01,138Â 301Â 960,1.0
960912,201900002443,9,19,17:00,1,1,9,1.0,2.0,49007,A11 PK 262.000,M,"47,4907940"," -0,5372160",49,2019,70.0,1.0,1.0,1.0,2147614,1.0,1,4,1,9.0,,0.0,0,1972.0,A01,138Â 301Â 960,2.0,6.0,-1.0,1639993,2.0,7,,3.0,0.0,6.0,B01,138Â 301Â 959,1.0
960912,201900002443,9,19,17:00,1,1,9,1.0,2.0,49007,A11 PK 262.000,M,"47,4907940"," -0,5372160",49,2019,70.0,1.0,1.0,1.0,2147614,1.0,1,4,1,9.0,,0.0,0,1972.0,A01,138Â 301Â 960,2.0,6.0,-1.0,1639994,2.0,33,,0.0,0.0,5.0,A01,138Â 301Â 960,1.0
960913,201900002444,2,12,12:15,1,1,1,1.0,1.0,62276,RD 941,M,"50,5213000","2,8218000",62,2019,80.0,1.0,1.0,3.0,2147615,1.0,1,4,1,9.0,,0.0,0,1985.0,B01,138Â 301Â 957,1.0,0.0,-1.0,1639995,1.0,7,,0.0,2.0,1.0,B01,138Â 301Â 957,1.0
960913,201900002444,2,12,12:15,1,1,1,1.0,1.0,62276,RD 941,M,"50,5213000","2,8218000",62,2019,80.0,1.0,1.0,3.0,2147615,1.0,1,4,1,9.0,,0.0,0,1985.0,B01,138Â 301Â 957,1.0,0.0,-1.0,1639996,1.0,7,,0.0,2.0,1.0,A01,138Â 301Â 958,1.0
960913,201900002444,2,12,12:15,1,1,1,1.0,1.0,62276,RD 941,M,"50,5213000","2,8218000",62,2019,80.0,1.0,1.0,3.0,2147616,1.0,1,4,2,0.0,,0.0,0,1989.0,A01,138Â 301Â 958,1.0,0.0,-1.0,1639995,1.0,7,,0.0,2.0,1.0,B01,138Â 301Â 957,1.0
960913,201900002444,2,12,12:15,1,1,1,1.0,1.0,62276,RD 941,M,"50,5213000","2,8218000",62,2019,80.0,1.0,1.0,3.0,2147616,1.0,1,4,2,0.0,,0.0,0,1989.0,A01,138Â 301Â 958,1.0,0.0,-1.0,1639996,1.0,7,,0.0,2.0,1.0,A01,138Â 301Â 958,1.0
960914,201900002445,2,12,21:50,3,2,1,1.0,2.0,59648,CLEMENCEAU RUE,M,"50,5949365","3,0510711",59,2019,50.0,1.0,1.0,4.0,2147617,1.0,1,4,1,0.0,,-1.0,0,1987.0,A01,138Â 301Â 953,1.0,0.0,-1.0,1639997,1.0,7,,1.0,2.0,8.0,A01,138Â 301Â 953,1.0
960914,201900002445,2,12,21:50,3,2,1,1.0,2.0,59648,CLEMENCEAU RUE,M,"50,5949365","3,0510711",59,2019,50.0,1.0,1.0,4.0,2147617,1.0,1,4,1,0.0,,-1.0,0,1987.0,A01,138Â 301Â 953,1.0,0.0,-1.0,1639998,1.0,7,,0.0,0.0,0.0,Z01,138Â 301Â 954,1.0
960915,201900002446,2,11,16:15,1,2,1,1.0,3.0,59350,LORRAINE BOULEVARD,M,"50,6345500","3,0396100",59,2019,50.0,1.0,1.0,7.0,2147618,1.0,1,1,1,0.0,,-1.0, -1,1986.0,A01,138Â 301Â 951,8.0,0.0,-1.0,1639999,1.0,7,,0.0,2.0,3.0,A01,138Â 301Â 951,1.0
960915,201900002446,2,11,16:15,1,2,1,1.0,3.0,59350,LORRAINE BOULEVARD,M,"50,6345500","3,0396100",59,2019,50.0,1.0,1.0,7.0,2147618,1.0,1,1,1,0.0,,-1.0, -1,1986.0,A01,138Â 301Â 951,8.0,0.0,-1.0,1640000,1.0,7,,0.0,2.0,1.0,B01,138Â 301Â 952,1.0