Unnamed: 0_x,num_acc,mois,jour,hrmn,lum,agg,int,atm,col,com,adr,gps,lat,long,dep,annee,vma,situ,surf,catr,Unnamed: 0_y,place,catu,grav,sexe,trajet,secu,locp,actp,an_nais,num_veh_x,id_vehicule_x,secu1,secu2,secu3,Unnamed: 0,senc,catv,occutc,obs,obsm,choc,num_veh_y,id_vehicule_y,motor
960915,201900002446,2,11,16:15,1,2,1,1.0,3.0,59350,LORRAINE BOULEVARD,M,"50,6345500","3,0396100",59,2019,50.0,1.0,1.0,7.0,2147619,1.0,1,2,1,1.0,,-1.0,0,1973.0,B01,138Â 301Â 952,8.0,0.0,-1.0,1639999,1.0,7,,0.0,2.0,3.0,A01,138Â 301Â 951,1.0
960915,201900002446,2,11,16:15,1,2,1,1.0,3.0,59350,LORRAINE BOULEVARD,M,"50,6345500","3,0396100",59,2019,50.0,1.0,1.0,7.0,2147619,1.0,1,2,1,1.0,,-1.0,0,1973.0,B01,138Â 301Â 952,8.0,0.0,-1.0,1640000,1.0,7,,0.0,2.0,1.0,B01,138Â 301Â 952,1.0
960916,201900002447,2,13,05:15,5,1,1,5.0,6.0,57672,METZ (ROUTE DE),M,"49,3368200","6,1584700",57,2019,80.0,1.0,7.0,3.0,2147620,3.0,2,3,1,5.0,,-1.0, -1,2000.0,A01,138Â 301Â 950,1.0,0.0,-1.0,1640001,2.0,7,,2.0,0.0,7.0,A01,138Â 301Â 950,1.0
960916,201900002447,2,13,05:15,5,1,1,5.0,6.0,57672,METZ (ROUTE DE),M,"49,3368200","6,1584700",57,2019,80.0,1.0,7.0,3.0,2147621,1.0,1,4,1,5.0,,-1.0, -1,2000.0,A01,138Â 301Â 950,1.0,0.0,-1.0,1640001,2.0,7,,2.0,0.0,7.0,A01,138Â 301Â 950,1.0
960916,201900002447,2,13,05:15,5,1,1,5.0,6.0,57672,METZ (ROUTE DE),M,"49,3368200","6,1584700",57,2019,80.0,1.0,7.0,3.0,2147622,2.0,2,4,1,5.0,,-1.0, -1,2001.0,A01,138Â 301Â 950,1.0,0.0,-1.0,1640001,2.0,7,,2.0,0.0,7.0,A01,138Â 301Â 950,1.0
960917,201900002448,2,11,17:22,1,2,2,1.0,3.0,57221,LORRAINE (AVENUE DE),M,"49,3255700","6,1226800",57,2019,50.0,1.0,1.0,3.0,2147623,2.0,2,3,2,5.0,,-1.0, -1,1928.0,A01,138Â 301Â 948,1.0,0.0,-1.0,1640002,1.0,7,,0.0,2.0,7.0,A01,138Â 301Â 948,1.0
960917,201900002448,2,11,17:22,1,2,2,1.0,3.0,57221,LORRAINE (AVENUE DE),M,"49,3255700","6,1226800",57,2019,50.0,1.0,1.0,3.0,2147623,2.0,2,3,2,5.0,,-1.0, -1,1928.0,A01,138Â 301Â 948,1.0,0.0,-1.0,1640003,2.0,17,,0.0,2.0,2.0,B01,138Â 301Â 949,1.0
960917,201900002448,2,11,17:22,1,2,2,1.0,3.0,57221,LORRAINE (AVENUE DE),M,"49,3255700","6,1226800",57,2019,50.0,1.0,1.0,3.0,2147624,1.0,1,3,2,5.0,,-1.0, -1,1932.0,A01,138Â 301Â 948,1.0,0.0,-1.0,1640002,1.0,7,,0.0,2.0,7.0,A01,138Â 301Â 948,1.0
960917,201900002448,2,11,17:22,1,2,2,1.0,3.0,57221,LORRAINE (AVENUE DE),M,"49,3255700","6,1226800",57,2019,50.0,1.0,1.0,3.0,2147624,1.0,1,3,2,5.0,,-1.0, -1,1932.0,A01,138Â 301Â 948,1.0,0.0,-1.0,1640003,2.0,17,,0.0,2.0,2.0,B01,138Â 301Â 949,1.0
960917,201900002448,2,11,17:22,1,2,2,1.0,3.0,57221,LORRAINE (AVENUE DE),M,"49,3255700","6,1226800",57,2019,50.0,1.0,1.0,3.0,2147625,1.0,1,1,1,4.0,,-1.0, -1,1960.0,B01,138Â 301Â 949,1.0,0.0,-1.0,1640002,1.0,7,,0.0,2.0,7.0,A01,138Â 301Â 948,1.0
960917,201900002448,2,11,17:22,1,2,2,1.0,3.0,57221,LORRAINE (AVENUE DE),M,"49,3255700","6,1226800",57,2019,50.0,1.0,1.0,3.0,2147625,1.0,1,1,1,4.0,,-1.0, -1,1960.0,B01,138Â 301Â 949,1.0,0.0,-1.0,1640003,2.0,17,,0.0,2.0,2.0,B01,138Â 301Â 949,1.0
960918,201900002449,2,11,18:00,2,2,1,1.0,7.0,54395,MOTHE (RUE DE LA),M,"48,6932000","6,1962300",54,2019,50.0,1.0,1.0,4.0,2147626,10.0,3,4,2,0.0,,4.0,3,1984.0,Z01,138Â 301Â 947,8.0,0.0,-1.0,1640004,1.0,7,,0.0,1.0,0.0,Z01,138Â 301Â 947,0.0
960919,201900002450,2,12,09:50,1,2,1,1.0,1.0,49007,MANSION,M,"47,4778600"," -0,5916500",49,2019,30.0,1.0,1.0,4.0,2147627,1.0,1,1,2,5.0,,-1.0,0,1991.0,B01,138Â 301Â 941,1.0,0.0,-1.0,1640005,2.0,7,,0.0,2.0,3.0,B01,138Â 301Â 941,1.0
960919,201900002450,2,12,09:50,1,2,1,1.0,1.0,49007,MANSION,M,"47,4778600"," -0,5916500",49,2019,30.0,1.0,1.0,4.0,2147627,1.0,1,1,2,5.0,,-1.0,0,1991.0,B01,138Â 301Â 941,1.0,0.0,-1.0,1640006,2.0,7,,0.0,2.0,3.0,A01,138Â 301Â 942,1.0
960919,201900002450,2,12,09:50,1,2,1,1.0,1.0,49007,MANSION,M,"47,4778600"," -0,5916500",49,2019,30.0,1.0,1.0,4.0,2147628,1.0,1,4,1,4.0,,-1.0,0,1990.0,A01,138Â 301Â 942,1.0,0.0,-1.0,1640005,2.0,7,,0.0,2.0,3.0,B01,138Â 301Â 941,1.0
960919,201900002450,2,12,09:50,1,2,1,1.0,1.0,49007,MANSION,M,"47,4778600"," -0,5916500",49,2019,30.0,1.0,1.0,4.0,2147628,1.0,1,4,1,4.0,,-1.0,0,1990.0,A01,138Â 301Â 942,1.0,0.0,-1.0,1640006,2.0,7,,0.0,2.0,3.0,A01,138Â 301Â 942,1.0
960920,201900002451,2,11,17:37,1,1,2,1.0,3.0,49015,MEIGNANNE ROUTE DE LA,M,"47,4941400"," -0,5989200",49,2019,70.0,1.0,1.0,4.0,2147629,1.0,1,1,1,5.0,,-1.0,0,1937.0,A01,138Â 301Â 939,1.0,0.0,-1.0,1640007,2.0,7,,0.0,2.0,8.0,A01,138Â 301Â 939,1.0
960920,201900002451,2,11,17:37,1,1,2,1.0,3.0,49015,MEIGNANNE ROUTE DE LA,M,"47,4941400"," -0,5989200",49,2019,70.0,1.0,1.0,4.0,2147629,1.0,1,1,1,5.0,,-1.0,0,1937.0,A01,138Â 301Â 939,1.0,0.0,-1.0,1640008,1.0,32,,0.0,2.0,1.0,B01,138Â 301Â 940,1.0
960920,201900002451,2,11,17:37,1,1,2,1.0,3.0,49015,MEIGNANNE ROUTE DE LA,M,"47,4941400"," -0,5989200",49,2019,70.0,1.0,1.0,4.0,2147630,1.0,1,4,1,9.0,,-1.0,0,2002.0,B01,138Â 301Â 940,2.0,6.0,-1.0,1640007,2.0,7,,0.0,2.0,8.0,A01,138Â 301Â 939,1.0
960920,201900002451,2,11,17:37,1,1,2,1.0,3.0,49015,MEIGNANNE ROUTE DE LA,M,"47,4941400"," -0,5989200",49,2019,70.0,1.0,1.0,4.0,2147630,1.0,1,4,1,9.0,,-1.0,0,2002.0,B01,138Â 301Â 940,2.0,6.0,-1.0,1640008,1.0,32,,0.0,2.0,1.0,B01,138Â 301Â 940,1.0
960921,201900002452,2,11,17:55,1,2,1,1.0,6.0,49007,DUPETIT THOUARS,M,"47,4634320"," -0,5526160",49,2019,30.0,1.0,1.0,4.0,2147631,1.0,1,4,2,5.0,,-1.0,0,1984.0,A01,138Â 301Â 938,2.0,8.0,-1.0,1640009,1.0,1,,15.0,0.0,1.0,A01,138Â 301Â 938,5.0
960921,201900002452,2,11,17:55,1,2,1,1.0,6.0,49007,DUPETIT THOUARS,M,"47,4634320"," -0,5526160",49,2019,30.0,1.0,1.0,4.0,2147632,3.0,2,4,1,5.0,,-1.0,0,2017.0,A01,138Â 301Â 938,3.0,8.0,-1.0,1640009,1.0,1,,15.0,0.0,1.0,A01,138Â 301Â 938,5.0
960921,201900002452,2,11,17:55,1,2,1,1.0,6.0,49007,DUPETIT THOUARS,M,"47,4634320"," -0,5526160",49,2019,30.0,1.0,1.0,4.0,2147633,2.0,2,4,2,5.0,,-1.0,0,2014.0,A01,138Â 301Â 938,3.0,8.0,-1.0,1640009,1.0,1,,15.0,0.0,1.0,A01,138Â 301Â 938,5.0
960922,201900002453,2,11,18:17,2,2,1,1.0,6.0,49007,QUILLOT,M,"47,4587900"," -0,6131600",49,2019,30.0,1.0,1.0,4.0,2147634,1.0,1,4,1,0.0,,-1.0,0,2000.0,A01,138Â 301Â 937,2.0,6.0,-1.0,1640010,1.0,2,,0.0,4.0,1.0,A01,138Â 301Â 937,1.0
960923,201900002454,2,12,19:30,5,2,1,1.0,1.0,47323,PUJOLS (AVENUE),M,"44,3991000","0,6978300",47,2019,50.0,1.0,1.0,3.0,2147635,1.0,1,4,1,0.0,,0.0,0,1994.0,A01,138Â 301Â 935,1.0,0.0,-1.0,1640011,2.0,7,,6.0,2.0,3.0,A01,138Â 301Â 935,1.0
960923,201900002454,2,12,19:30,5,2,1,1.0,1.0,47323,PUJOLS (AVENUE),M,"44,3991000","0,6978300",47,2019,50.0,1.0,1.0,3.0,2147635,1.0,1,4,1,0.0,,0.0,0,1994.0,A01,138Â 301Â 935,1.0,0.0,-1.0,1640012,1.0,7,,0.0,2.0,3.0,B01,138Â 301Â 936,1.0
960923,201900002454,2,12,19:30,5,2,1,1.0,1.0,47323,PUJOLS (AVENUE),M,"44,3991000","0,6978300",47,2019,50.0,1.0,1.0,3.0,2147636,1.0,1,1,1,5.0,,0.0,0,1956.0,B01,138Â 301Â 936,1.0,0.0,-1.0,1640011,2.0,7,,6.0,2.0,3.0,A01,138Â 301Â 935,1.0
960923,201900002454,2,12,19:30,5,2,1,1.0,1.0,47323,PUJOLS (AVENUE),M,"44,3991000","0,6978300",47,2019,50.0,1.0,1.0,3.0,2147636,1.0,1,1,1,5.0,,0.0,0,1956.0,B01,138Â 301Â 936,1.0,0.0,-1.0,1640012,1.0,7,,0.0,2.0,3.0,B01,138Â 301Â 936,1.0
960924,201900002455,2,11,15:07,1,2,4,1.0,3.0,47001,08 PUITS DU SAUMON (RUE DU),M,"44,2056200","0,6165000",47,2019,30.0,1.0,1.0,4.0,2147637,1.0,1,3,1,9.0,,0.0,0,1981.0,A01,138Â 301Â 933,8.0,0.0,-1.0,1640013,2.0,1,,0.0,2.0,1.0,A01,138Â 301Â 933,5.0
960924,201900002455,2,11,15:07,1,2,4,1.0,3.0,47001,08 PUITS DU SAUMON (RUE DU),M,"44,2056200","0,6165000",47,2019,30.0,1.0,1.0,4.0,2147637,1.0,1,3,1,9.0,,0.0,0,1981.0,A01,138Â 301Â 933,8.0,0.0,-1.0,1640014,2.0,7,,0.0,2.0,3.0,B01,138Â 301Â 934,1.0
960924,201900002455,2,11,15:07,1,2,4,1.0,3.0,47001,08 PUITS DU SAUMON (RUE DU),M,"44,2056200","0,6165000",47,2019,30.0,1.0,1.0,4.0,2147638,1.0,1,1,1,4.0,,-1.0, -1,1975.0,B01,138Â 301Â 934,1.0,0.0,-1.0,1640013,2.0,1,,0.0,2.0,1.0,A01,138Â 301Â 933,5.0
960924,201900002455,2,11,15:07,1,2,4,1.0,3.0,47001,08 PUITS DU SAUMON (RUE DU),M,"44,2056200","0,6165000",47,2019,30.0,1.0,1.0,4.0,2147638,1.0,1,1,1,4.0,,-1.0, -1,1975.0,B01,138Â 301Â 934,1.0,0.0,-1.0,1640014,2.0,7,,0.0,2.0,3.0,B01,138Â 301Â 934,1.0
960925,201900002456,2,13,07:08,3,1,1,5.0,5.0,45235,RD 955,M,"47,9526900","1,8014900",45,2019,80.0,1.0,1.0,3.0,2147639,1.0,1,1,1,1.0,,-1.0,0,1966.0,C01,138Â 301Â 930,1.0,0.0,-1.0,1640015,1.0,7,,0.0,2.0,3.0,C01,138Â 301Â 930,1.0
960925,201900002456,2,13,07:08,3,1,1,5.0,5.0,45235,RD 955,M,"47,9526900","1,8014900",45,2019,80.0,1.0,1.0,3.0,2147639,1.0,1,1,1,1.0,,-1.0,0,1966.0,C01,138Â 301Â 930,1.0,0.0,-1.0,1640016,1.0,10,,0.0,2.0,3.0,B01,138Â 301Â 931,1.0
960925,201900002456,2,13,07:08,3,1,1,5.0,5.0,45235,RD 955,M,"47,9526900","1,8014900",45,2019,80.0,1.0,1.0,3.0,2147639,1.0,1,1,1,1.0,,-1.0,0,1966.0,C01,138Â 301Â 930,1.0,0.0,-1.0,1640017,2.0,33,,0.0,2.0,1.0,A01,138Â 301Â 932,1.0
960925,201900002456,2,13,07:08,3,1,1,5.0,5.0,45235,RD 955,M,"47,9526900","1,8014900",45,2019,80.0,1.0,1.0,3.0,2147640,1.0,1,1,1,1.0,,-1.0, -1,1971.0,B01,138Â 301Â 931,1.0,0.0,-1.0,1640015,1.0,7,,0.0,2.0,3.0,C01,138Â 301Â 930,1.0
960925,201900002456,2,13,07:08,3,1,1,5.0,5.0,45235,RD 955,M,"47,9526900","1,8014900",45,2019,80.0,1.0,1.0,3.0,2147640,1.0,1,1,1,1.0,,-1.0, -1,1971.0,B01,138Â 301Â 931,1.0,0.0,-1.0,1640016,1.0,10,,0.0,2.0,3.0,B01,138Â 301Â 931,1.0
960925,201900002456,2,13,07:08,3,1,1,5.0,5.0,45235,RD 955,M,"47,9526900","1,8014900",45,2019,80.0,1.0,1.0,3.0,2147640,1.0,1,1,1,1.0,,-1.0, -1,1971.0,B01,138Â 301Â 931,1.0,0.0,-1.0,1640017,2.0,33,,0.0,2.0,1.0,A01,138Â 301Â 932,1.0
960925,201900002456,2,13,07:08,3,1,1,5.0,5.0,45235,RD 955,M,"47,9526900","1,8014900",45,2019,80.0,1.0,1.0,3.0,2147641,2.0,2,1,1,1.0,,-1.0,0,1960.0,B01,138Â 301Â 931,1.0,0.0,-1.0,1640015,1.0,7,,0.0,2.0,3.0,C01,138Â 301Â 930,1.0
960925,201900002456,2,13,07:08,3,1,1,5.0,5.0,45235,RD 955,M,"47,9526900","1,8014900",45,2019,80.0,1.0,1.0,3.0,2147641,2.0,2,1,1,1.0,,-1.0,0,1960.0,B01,138Â 301Â 931,1.0,0.0,-1.0,1640016,1.0,10,,0.0,2.0,3.0,B01,138Â 301Â 931,1.0
960925,201900002456,2,13,07:08,3,1,1,5.0,5.0,45235,RD 955,M,"47,9526900","1,8014900",45,2019,80.0,1.0,1.0,3.0,2147641,2.0,2,1,1,1.0,,-1.0,0,1960.0,B01,138Â 301Â 931,1.0,0.0,-1.0,1640017,2.0,33,,0.0,2.0,1.0,A01,138Â 301Â 932,1.0
960925,201900002456,2,13,07:08,3,1,1,5.0,5.0,45235,RD 955,M,"47,9526900","1,8014900",45,2019,80.0,1.0,1.0,3.0,2147642,1.0,1,2,1,0.0,,-1.0, -1,1967.0,A01,138Â 301Â 932,2.0,6.0,-1.0,1640015,1.0,7,,0.0,2.0,3.0,C01,138Â 301Â 930,1.0
960925,201900002456,2,13,07:08,3,1,1,5.0,5.0,45235,RD 955,M,"47,9526900","1,8014900",45,2019,80.0,1.0,1.0,3.0,2147642,1.0,1,2,1,0.0,,-1.0, -1,1967.0,A01,138Â 301Â 932,2.0,6.0,-1.0,1640016,1.0,10,,0.0,2.0,3.0,B01,138Â 301Â 931,1.0
960925,201900002456,2,13,07:08,3,1,1,5.0,5.0,45235,RD 955,M,"47,9526900","1,8014900",45,2019,80.0,1.0,1.0,3.0,2147642,1.0,1,2,1,0.0,,-1.0, -1,1967.0,A01,138Â 301Â 932,2.0,6.0,-1.0,1640017,2.0,33,,0.0,2.0,1.0,A01,138Â 301Â 932,1.0
960926,201900002457,2,11,11:10,1,2,1,1.0,2.0,45298,R DES CYGNES,M,"47,8757510","1,8737990",45,2019,50.0,1.0,1.0,4.0,2147643,1.0,1,1,2,5.0,,-1.0, -1,1981.0,B01,138Â 301Â 928,1.0,0.0,-1.0,1640018,1.0,7,,0.0,2.0,4.0,B01,138Â 301Â 928,1.0
960926,201900002457,2,11,11:10,1,2,1,1.0,2.0,45298,R DES CYGNES,M,"47,8757510","1,8737990",45,2019,50.0,1.0,1.0,4.0,2147643,1.0,1,1,2,5.0,,-1.0, -1,1981.0,B01,138Â 301Â 928,1.0,0.0,-1.0,1640019,1.0,33,,0.0,2.0,1.0,A01,138Â 301Â 929,1.0
960926,201900002457,2,11,11:10,1,2,1,1.0,2.0,45298,R DES CYGNES,M,"47,8757510","1,8737990",45,2019,50.0,1.0,1.0,4.0,2147644,1.0,1,4,1,1.0,,-1.0, -1,2000.0,A01,138Â 301Â 929,2.0,0.0,-1.0,1640018,1.0,7,,0.0,2.0,4.0,B01,138Â 301Â 928,1.0
960926,201900002457,2,11,11:10,1,2,1,1.0,2.0,45298,R DES CYGNES,M,"47,8757510","1,8737990",45,2019,50.0,1.0,1.0,4.0,2147644,1.0,1,4,1,1.0,,-1.0, -1,2000.0,A01,138Â 301Â 929,2.0,0.0,-1.0,1640019,1.0,33,,0.0,2.0,1.0,A01,138Â 301Â 929,1.0
960927,201900002458,2,13,15:30,1,2,2,1.0,3.0,45208,BD J F KENNEDY-R E MALATRE,M,"47,9957032","2,7203542",45,2019,50.0,1.0,1.0,4.0,2147645,1.0,1,4,1,5.0,,0.0,0,2002.0,B01,138Â 301Â 926,2.0,0.0,-1.0,1640020,3.0,30,,0.0,2.0,7.0,B01,138Â 301Â 926,1.0
960927,201900002458,2,13,15:30,1,2,2,1.0,3.0,45208,BD J F KENNEDY-R E MALATRE,M,"47,9957032","2,7203542",45,2019,50.0,1.0,1.0,4.0,2147645,1.0,1,4,1,5.0,,0.0,0,2002.0,B01,138Â 301Â 926,2.0,0.0,-1.0,1640021,3.0,10,,0.0,2.0,1.0,A01,138Â 301Â 927,1.0
960927,201900002458,2,13,15:30,1,2,2,1.0,3.0,45208,BD J F KENNEDY-R E MALATRE,M,"47,9957032","2,7203542",45,2019,50.0,1.0,1.0,4.0,2147646,1.0,1,1,1,4.0,,-1.0, -1,1965.0,A01,138Â 301Â 927,1.0,0.0,-1.0,1640020,3.0,30,,0.0,2.0,7.0,B01,138Â 301Â 926,1.0
960927,201900002458,2,13,15:30,1,2,2,1.0,3.0,45208,BD J F KENNEDY-R E MALATRE,M,"47,9957032","2,7203542",45,2019,50.0,1.0,1.0,4.0,2147646,1.0,1,1,1,4.0,,-1.0, -1,1965.0,A01,138Â 301Â 927,1.0,0.0,-1.0,1640021,3.0,10,,0.0,2.0,1.0,A01,138Â 301Â 927,1.0
960927,201900002458,2,13,15:30,1,2,2,1.0,3.0,45208,BD J F KENNEDY-R E MALATRE,M,"47,9957032","2,7203542",45,2019,50.0,1.0,1.0,4.0,2147647,2.0,2,1,1,4.0,,-1.0, -1,1977.0,A01,138Â 301Â 927,1.0,0.0,-1.0,1640020,3.0,30,,0.0,2.0,7.0,B01,138Â 301Â 926,1.0
960927,201900002458,2,13,15:30,1,2,2,1.0,3.0,45208,BD J F KENNEDY-R E MALATRE,M,"47,9957032","2,7203542",45,2019,50.0,1.0,1.0,4.0,2147647,2.0,2,1,1,4.0,,-1.0, -1,1977.0,A01,138Â 301Â 927,1.0,0.0,-1.0,1640021,3.0,10,,0.0,2.0,1.0,A01,138Â 301Â 927,1.0
960928,201900002459,2,8,15:50,1,2,2,1.0,6.0,44184, RUES JULES MANSARD/PORNICHET,M,"47,2677000"," -2,2220000",44,2019,50.0,1.0,1.0,4.0,2147648,10.0,3,4,1,2.0,,3.0,3,2004.0,A01,138Â 301Â 925,8.0,0.0,-1.0,1640022,1.0,7,,0.0,1.0,3.0,A01,138Â 301Â 925,1.0
960928,201900002459,2,8,15:50,1,2,2,1.0,6.0,44184, RUES JULES MANSARD/PORNICHET,M,"47,2677000"," -2,2220000",44,2019,50.0,1.0,1.0,4.0,2147649,1.0,1,1,2,3.0,,0.0,0,1944.0,A01,138Â 301Â 925,1.0,0.0,-1.0,1640022,1.0,7,,0.0,1.0,3.0,A01,138Â 301Â 925,1.0
960929,201900002460,2,13,22:30,5,2,1,1.0,1.0,44109,RUE DE STRASBOURG,M,"47,2180000"," -1,5529200",44,2019,50.0,1.0,1.0,4.0,2147650,1.0,1,4,1,0.0,,0.0,0,1987.0,B01,138Â 301Â 923,2.0,0.0,-1.0,1640023,1.0,32,,0.0,2.0,0.0,B01,138Â 301Â 923,1.0
960929,201900002460,2,13,22:30,5,2,1,1.0,1.0,44109,RUE DE STRASBOURG,M,"47,2180000"," -1,5529200",44,2019,50.0,1.0,1.0,4.0,2147650,1.0,1,4,1,0.0,,0.0,0,1987.0,B01,138Â 301Â 923,2.0,0.0,-1.0,1640024,1.0,7,,0.0,2.0,3.0,A01,138Â 301Â 924,1.0
960929,201900002460,2,13,22:30,5,2,1,1.0,1.0,44109,RUE DE STRASBOURG,M,"47,2180000"," -1,5529200",44,2019,50.0,1.0,1.0,4.0,2147651,2.0,2,4,1,0.0,,0.0,0,2000.0,A01,138Â 301Â 924,1.0,0.0,-1.0,1640023,1.0,32,,0.0,2.0,0.0,B01,138Â 301Â 923,1.0
960929,201900002460,2,13,22:30,5,2,1,1.0,1.0,44109,RUE DE STRASBOURG,M,"47,2180000"," -1,5529200",44,2019,50.0,1.0,1.0,4.0,2147651,2.0,2,4,1,0.0,,0.0,0,2000.0,A01,138Â 301Â 924,1.0,0.0,-1.0,1640024,1.0,7,,0.0,2.0,3.0,A01,138Â 301Â 924,1.0
960929,201900002460,2,13,22:30,5,2,1,1.0,1.0,44109,RUE DE STRASBOURG,M,"47,2180000"," -1,5529200",44,2019,50.0,1.0,1.0,4.0,2147652,1.0,1,4,1,0.0,,0.0,0,1999.0,A01,138Â 301Â 924,1.0,0.0,-1.0,1640023,1.0,32,,0.0,2.0,0.0,B01,138Â 301Â 923,1.0
960929,201900002460,2,13,22:30,5,2,1,1.0,1.0,44109,RUE DE STRASBOURG,M,"47,2180000"," -1,5529200",44,2019,50.0,1.0,1.0,4.0,2147652,1.0,1,4,1,0.0,,0.0,0,1999.0,A01,138Â 301Â 924,1.0,0.0,-1.0,1640024,1.0,7,,0.0,2.0,3.0,A01,138Â 301Â 924,1.0
960930,201900002461,2,11,14:30,1,2,1,1.0,5.0,44162,AVENUE DU PARNASSE,M,"47,2350900"," -1,5957400",44,2019,50.0,1.0,1.0,4.0,2147653,3.0,2,1,1,0.0,,0.0,0,2015.0,B01,138Â 301Â 920,1.0,8.0,-1.0,1640025,3.0,7,,0.0,2.0,3.0,B01,138Â 301Â 920,0.0
960930,201900002461,2,11,14:30,1,2,1,1.0,5.0,44162,AVENUE DU PARNASSE,M,"47,2350900"," -1,5957400",44,2019,50.0,1.0,1.0,4.0,2147653,3.0,2,1,1,0.0,,0.0,0,2015.0,B01,138Â 301Â 920,1.0,8.0,-1.0,1640026,3.0,7,,0.0,2.0,4.0,C01,138Â 301Â 921,1.0
960930,201900002461,2,11,14:30,1,2,1,1.0,5.0,44162,AVENUE DU PARNASSE,M,"47,2350900"," -1,5957400",44,2019,50.0,1.0,1.0,4.0,2147653,3.0,2,1,1,0.0,,0.0,0,2015.0,B01,138Â 301Â 920,1.0,8.0,-1.0,1640027,1.0,7,,0.0,2.0,1.0,A01,138Â 301Â 922,1.0
960930,201900002461,2,11,14:30,1,2,1,1.0,5.0,44162,AVENUE DU PARNASSE,M,"47,2350900"," -1,5957400",44,2019,50.0,1.0,1.0,4.0,2147654,1.0,1,4,2,0.0,,0.0,0,1990.0,B01,138Â 301Â 920,1.0,8.0,-1.0,1640025,3.0,7,,0.0,2.0,3.0,B01,138Â 301Â 920,0.0
960930,201900002461,2,11,14:30,1,2,1,1.0,5.0,44162,AVENUE DU PARNASSE,M,"47,2350900"," -1,5957400",44,2019,50.0,1.0,1.0,4.0,2147654,1.0,1,4,2,0.0,,0.0,0,1990.0,B01,138Â 301Â 920,1.0,8.0,-1.0,1640026,3.0,7,,0.0,2.0,4.0,C01,138Â 301Â 921,1.0
960930,201900002461,2,11,14:30,1,2,1,1.0,5.0,44162,AVENUE DU PARNASSE,M,"47,2350900"," -1,5957400",44,2019,50.0,1.0,1.0,4.0,2147654,1.0,1,4,2,0.0,,0.0,0,1990.0,B01,138Â 301Â 920,1.0,8.0,-1.0,1640027,1.0,7,,0.0,2.0,1.0,A01,138Â 301Â 922,1.0
960930,201900002461,2,11,14:30,1,2,1,1.0,5.0,44162,AVENUE DU PARNASSE,M,"47,2350900"," -1,5957400",44,2019,50.0,1.0,1.0,4.0,2147655,1.0,1,1,1,0.0,,0.0,0,1954.0,C01,138Â 301Â 921,8.0,0.0,-1.0,1640025,3.0,7,,0.0,2.0,3.0,B01,138Â 301Â 920,0.0
960930,201900002461,2,11,14:30,1,2,1,1.0,5.0,44162,AVENUE DU PARNASSE,M,"47,2350900"," -1,5957400",44,2019,50.0,1.0,1.0,4.0,2147655,1.0,1,1,1,0.0,,0.0,0,1954.0,C01,138Â 301Â 921,8.0,0.0,-1.0,1640026,3.0,7,,0.0,2.0,4.0,C01,138Â 301Â 921,1.0
960930,201900002461,2,11,14:30,1,2,1,1.0,5.0,44162,AVENUE DU PARNASSE,M,"47,2350900"," -1,5957400",44,2019,50.0,1.0,1.0,4.0,2147655,1.0,1,1,1,0.0,,0.0,0,1954.0,C01,138Â 301Â 921,8.0,0.0,-1.0,1640027,1.0,7,,0.0,2.0,1.0,A01,138Â 301Â 922,1.0
960931,201900002462,2,11,06:00,5,2,1,8.0,6.0,42218,117 RUE PARE AMBROISE,M,"45,4068730","4,3799710",42,2019,50.0,1.0,-1.0,4.0,2147656,1.0,1,1,1,-1.0,,0.0,0,1985.0,A01,138Â 301Â 919,0.0,-1.0,-1.0,1640028,3.0,7,,0.0,1.0,0.0,A01,138Â 301Â 919,-1.0
960931,201900002462,2,11,06:00,5,2,1,8.0,6.0,42218,117 RUE PARE AMBROISE,M,"45,4068730","4,3799710",42,2019,50.0,1.0,-1.0,4.0,2147657,10.0,3,2,1,-1.0,,1.0,3,1932.0,A01,138Â 301Â 919,0.0,-1.0,-1.0,1640028,3.0,7,,0.0,1.0,0.0,A01,138Â 301Â 919,-1.0
960932,201900002463,2,11,13:30,1,2,1,1.0,3.0,41295,GRANDE RUE,M,"47,5805800","1,3821500",41,2019,50.0,1.0,1.0,4.0,2147658,1.0,1,1,1,1.0,,0.0, -1,1993.0,A01,138Â 301Â 917,1.0,0.0,-1.0,1640029,0.0,7,,0.0,2.0,5.0,A01,138Â 301Â 917,1.0
960932,201900002463,2,11,13:30,1,2,1,1.0,3.0,41295,GRANDE RUE,M,"47,5805800","1,3821500",41,2019,50.0,1.0,1.0,4.0,2147658,1.0,1,1,1,1.0,,0.0, -1,1993.0,A01,138Â 301Â 917,1.0,0.0,-1.0,1640030,0.0,33,,0.0,2.0,1.0,B01,138Â 301Â 918,1.0
960932,201900002463,2,11,13:30,1,2,1,1.0,3.0,41295,GRANDE RUE,M,"47,5805800","1,3821500",41,2019,50.0,1.0,1.0,4.0,2147659,1.0,1,3,1,0.0,,0.0, -1,1994.0,B01,138Â 301Â 918,2.0,0.0,-1.0,1640029,0.0,7,,0.0,2.0,5.0,A01,138Â 301Â 917,1.0
960932,201900002463,2,11,13:30,1,2,1,1.0,3.0,41295,GRANDE RUE,M,"47,5805800","1,3821500",41,2019,50.0,1.0,1.0,4.0,2147659,1.0,1,3,1,0.0,,0.0, -1,1994.0,B01,138Â 301Â 918,2.0,0.0,-1.0,1640030,0.0,33,,0.0,2.0,1.0,B01,138Â 301Â 918,1.0
960933,201900002464,2,13,00:50,3,2,1,1.0,7.0,37233,LOIRE (LEVEE DE LA),M,"47,3982498","0,7337973",37,2019,70.0,1.0,1.0,3.0,2147660,1.0,1,3,1,1.0,,-1.0,0,1999.0,A01,138Â 301Â 914,1.0,8.0,-1.0,1640031,1.0,7,,0.0,0.0,9.0,A01,138Â 301Â 914,1.0