Unnamed: 0_x,num_acc,mois,jour,hrmn,lum,agg,int,atm,col,com,adr,gps,lat,long,dep,annee,vma,situ,surf,catr,Unnamed: 0_y,place,catu,grav,sexe,trajet,secu,locp,actp,an_nais,num_veh_x,id_vehicule_x,secu1,secu2,secu3,Unnamed: 0,senc,catv,occutc,obs,obsm,choc,num_veh_y,id_vehicule_y,motor
960934,201900002465,2,12,18:35,5,2,6,1.0,3.0,37214,MARECHAL LECLERC (RD PT),M,"47,4201100","0,6627300",37,2019,50.0,1.0,1.0,4.0,2147661,1.0,1,4,1,9.0,,-1.0,0,1973.0,B01,138Â 301Â 912,2.0,6.0,-1.0,1640032,3.0,33,,0.0,2.0,1.0,B01,138Â 301Â 912,1.0
960934,201900002465,2,12,18:35,5,2,6,1.0,3.0,37214,MARECHAL LECLERC (RD PT),M,"47,4201100","0,6627300",37,2019,50.0,1.0,1.0,4.0,2147661,1.0,1,4,1,9.0,,-1.0,0,1973.0,B01,138Â 301Â 912,2.0,6.0,-1.0,1640033,3.0,7,,0.0,2.0,3.0,A01,138Â 301Â 913,1.0
960934,201900002465,2,12,18:35,5,2,6,1.0,3.0,37214,MARECHAL LECLERC (RD PT),M,"47,4201100","0,6627300",37,2019,50.0,1.0,1.0,4.0,2147662,1.0,1,1,1,9.0,,-1.0,0,1982.0,A01,138Â 301Â 913,1.0,8.0,-1.0,1640032,3.0,33,,0.0,2.0,1.0,B01,138Â 301Â 912,1.0
960934,201900002465,2,12,18:35,5,2,6,1.0,3.0,37214,MARECHAL LECLERC (RD PT),M,"47,4201100","0,6627300",37,2019,50.0,1.0,1.0,4.0,2147662,1.0,1,1,1,9.0,,-1.0,0,1982.0,A01,138Â 301Â 913,1.0,8.0,-1.0,1640033,3.0,7,,0.0,2.0,3.0,A01,138Â 301Â 913,1.0
960935,201900002466,1,30,11:50,1,2,1,2.0,6.0,35238,PALESTINE (RUE DE LA),M,"48,1154400"," -1,6697100",35,2019,30.0,1.0,2.0,4.0,2147663,1.0,1,4,1,5.0,,-1.0,0,1982.0,A01,138Â 301Â 911,1.0,0.0,-1.0,1640034,2.0,7,,1.0,0.0,3.0,A01,138Â 301Â 911,1.0
960936,201900002467,2,13,07:35,1,2,3,1.0,6.0,34172,MARES (AVENUE HENRI),M,"43,6200800","3,8514000",34,2019,50.0,1.0,1.0,4.0,2147664,1.0,1,1,2,0.0,,-1.0,0,1987.0,C01,138Â 301Â 908,1.0,0.0,-1.0,1640035,1.0,7,,0.0,2.0,3.0,C01,138Â 301Â 908,1.0
960936,201900002467,2,13,07:35,1,2,3,1.0,6.0,34172,MARES (AVENUE HENRI),M,"43,6200800","3,8514000",34,2019,50.0,1.0,1.0,4.0,2147664,1.0,1,1,2,0.0,,-1.0,0,1987.0,C01,138Â 301Â 908,1.0,0.0,-1.0,1640036,1.0,7,,0.0,2.0,3.0,B01,138Â 301Â 909,1.0
960936,201900002467,2,13,07:35,1,2,3,1.0,6.0,34172,MARES (AVENUE HENRI),M,"43,6200800","3,8514000",34,2019,50.0,1.0,1.0,4.0,2147664,1.0,1,1,2,0.0,,-1.0,0,1987.0,C01,138Â 301Â 908,1.0,0.0,-1.0,1640037,2.0,7,,0.0,2.0,2.0,A01,138Â 301Â 910,1.0
960936,201900002467,2,13,07:35,1,2,3,1.0,6.0,34172,MARES (AVENUE HENRI),M,"43,6200800","3,8514000",34,2019,50.0,1.0,1.0,4.0,2147665,1.0,1,1,1,1.0,,-1.0,0,1962.0,B01,138Â 301Â 909,1.0,0.0,-1.0,1640035,1.0,7,,0.0,2.0,3.0,C01,138Â 301Â 908,1.0
960936,201900002467,2,13,07:35,1,2,3,1.0,6.0,34172,MARES (AVENUE HENRI),M,"43,6200800","3,8514000",34,2019,50.0,1.0,1.0,4.0,2147665,1.0,1,1,1,1.0,,-1.0,0,1962.0,B01,138Â 301Â 909,1.0,0.0,-1.0,1640036,1.0,7,,0.0,2.0,3.0,B01,138Â 301Â 909,1.0
960936,201900002467,2,13,07:35,1,2,3,1.0,6.0,34172,MARES (AVENUE HENRI),M,"43,6200800","3,8514000",34,2019,50.0,1.0,1.0,4.0,2147665,1.0,1,1,1,1.0,,-1.0,0,1962.0,B01,138Â 301Â 909,1.0,0.0,-1.0,1640037,2.0,7,,0.0,2.0,2.0,A01,138Â 301Â 910,1.0
960936,201900002467,2,13,07:35,1,2,3,1.0,6.0,34172,MARES (AVENUE HENRI),M,"43,6200800","3,8514000",34,2019,50.0,1.0,1.0,4.0,2147666,1.0,1,4,1,1.0,,-1.0,0,1977.0,A01,138Â 301Â 910,1.0,0.0,-1.0,1640035,1.0,7,,0.0,2.0,3.0,C01,138Â 301Â 908,1.0
960936,201900002467,2,13,07:35,1,2,3,1.0,6.0,34172,MARES (AVENUE HENRI),M,"43,6200800","3,8514000",34,2019,50.0,1.0,1.0,4.0,2147666,1.0,1,4,1,1.0,,-1.0,0,1977.0,A01,138Â 301Â 910,1.0,0.0,-1.0,1640036,1.0,7,,0.0,2.0,3.0,B01,138Â 301Â 909,1.0
960936,201900002467,2,13,07:35,1,2,3,1.0,6.0,34172,MARES (AVENUE HENRI),M,"43,6200800","3,8514000",34,2019,50.0,1.0,1.0,4.0,2147666,1.0,1,4,1,1.0,,-1.0,0,1977.0,A01,138Â 301Â 910,1.0,0.0,-1.0,1640037,2.0,7,,0.0,2.0,2.0,A01,138Â 301Â 910,1.0
960937,201900002468,2,7,07:20,5,1,4,1.0,2.0,33554,AVE DES TABERNOTTES / RN89,M,"44,8682000"," -0,4701700",33,2019,50.0,8.0,2.0,2.0,2147667,1.0,1,4,1,0.0,,-1.0, -1,1993.0,B01,138Â 301Â 903,2.0,0.0,-1.0,1640038,2.0,31,,0.0,2.0,1.0,B01,138Â 301Â 903,1.0
960937,201900002468,2,7,07:20,5,1,4,1.0,2.0,33554,AVE DES TABERNOTTES / RN89,M,"44,8682000"," -0,4701700",33,2019,50.0,8.0,2.0,2.0,2147667,1.0,1,4,1,0.0,,-1.0, -1,1993.0,B01,138Â 301Â 903,2.0,0.0,-1.0,1640039,2.0,7,,0.0,2.0,7.0,A01,138Â 301Â 904,1.0
960937,201900002468,2,7,07:20,5,1,4,1.0,2.0,33554,AVE DES TABERNOTTES / RN89,M,"44,8682000"," -0,4701700",33,2019,50.0,8.0,2.0,2.0,2147668,1.0,1,1,1,0.0,,-1.0, -1,1971.0,A01,138Â 301Â 904,8.0,0.0,-1.0,1640038,2.0,31,,0.0,2.0,1.0,B01,138Â 301Â 903,1.0
960937,201900002468,2,7,07:20,5,1,4,1.0,2.0,33554,AVE DES TABERNOTTES / RN89,M,"44,8682000"," -0,4701700",33,2019,50.0,8.0,2.0,2.0,2147668,1.0,1,1,1,0.0,,-1.0, -1,1971.0,A01,138Â 301Â 904,8.0,0.0,-1.0,1640039,2.0,7,,0.0,2.0,7.0,A01,138Â 301Â 904,1.0
960938,201900002469,2,11,00:20,3,1,1,1.0,2.0,33013,N 89,M,"44,8660700"," -0,4803400",33,2019,110.0,1.0,2.0,2.0,2147669,1.0,1,1,1,4.0,,-1.0, -1,1994.0,A01,138Â 301Â 901,1.0,0.0,-1.0,1640040,2.0,15,,0.0,2.0,2.0,A01,138Â 301Â 901,1.0
960938,201900002469,2,11,00:20,3,1,1,1.0,2.0,33013,N 89,M,"44,8660700"," -0,4803400",33,2019,110.0,1.0,2.0,2.0,2147669,1.0,1,1,1,4.0,,-1.0, -1,1994.0,A01,138Â 301Â 901,1.0,0.0,-1.0,1640041,2.0,2,,0.0,2.0,4.0,B01,138Â 301Â 902,1.0
960938,201900002469,2,11,00:20,3,1,1,1.0,2.0,33013,N 89,M,"44,8660700"," -0,4803400",33,2019,110.0,1.0,2.0,2.0,2147670,1.0,1,4,1,0.0,,-1.0, -1,1977.0,B01,138Â 301Â 902,8.0,0.0,-1.0,1640040,2.0,15,,0.0,2.0,2.0,A01,138Â 301Â 901,1.0
960938,201900002469,2,11,00:20,3,1,1,1.0,2.0,33013,N 89,M,"44,8660700"," -0,4803400",33,2019,110.0,1.0,2.0,2.0,2147670,1.0,1,4,1,0.0,,-1.0, -1,1977.0,B01,138Â 301Â 902,8.0,0.0,-1.0,1640041,2.0,2,,0.0,2.0,4.0,B01,138Â 301Â 902,1.0
960939,201900002470,2,10,15:06,1,1,2,1.0,3.0,33080,RD111 / Chemin Martillac,M,"44,7467100"," -0,5638300",33,2019,70.0,1.0,1.0,3.0,2147671,1.0,1,4,1,5.0,,-1.0, -1,1997.0,A01,138Â 301Â 899,8.0,0.0,-1.0,1640042,2.0,7,,0.0,2.0,1.0,A01,138Â 301Â 899,1.0
960939,201900002470,2,10,15:06,1,1,2,1.0,3.0,33080,RD111 / Chemin Martillac,M,"44,7467100"," -0,5638300",33,2019,70.0,1.0,1.0,3.0,2147671,1.0,1,4,1,5.0,,-1.0, -1,1997.0,A01,138Â 301Â 899,8.0,0.0,-1.0,1640043,2.0,7,,0.0,2.0,1.0,B01,138Â 301Â 900,1.0
960939,201900002470,2,10,15:06,1,1,2,1.0,3.0,33080,RD111 / Chemin Martillac,M,"44,7467100"," -0,5638300",33,2019,70.0,1.0,1.0,3.0,2147672,1.0,1,2,1,5.0,,-1.0, -1,1931.0,B01,138Â 301Â 900,8.0,0.0,-1.0,1640042,2.0,7,,0.0,2.0,1.0,A01,138Â 301Â 899,1.0
960939,201900002470,2,10,15:06,1,1,2,1.0,3.0,33080,RD111 / Chemin Martillac,M,"44,7467100"," -0,5638300",33,2019,70.0,1.0,1.0,3.0,2147672,1.0,1,2,1,5.0,,-1.0, -1,1931.0,B01,138Â 301Â 900,8.0,0.0,-1.0,1640043,2.0,7,,0.0,2.0,1.0,B01,138Â 301Â 900,1.0
960940,201900002471,2,1,11:00,1,2,1,1.0,6.0,33281,Parking CC MONDESIR - VT se dirige vers station de lavage - piÃ©tonne av de la Marne vers CC,M,"44,8375000"," -0,6182500",33,2019,15.0,1.0,1.0,6.0,2147673,1.0,1,1,1,4.0,,-1.0, -1,1987.0,A01,138Â 301Â 898,8.0,0.0,-1.0,1640044,0.0,10,,0.0,1.0,0.0,A01,138Â 301Â 898,1.0
960940,201900002471,2,1,11:00,1,2,1,1.0,6.0,33281,Parking CC MONDESIR - VT se dirige vers station de lavage - piÃ©tonne av de la Marne vers CC,M,"44,8375000"," -0,6182500",33,2019,15.0,1.0,1.0,6.0,2147674,2.0,2,1,1,4.0,,-1.0, -1,1970.0,A01,138Â 301Â 898,8.0,0.0,-1.0,1640044,0.0,10,,0.0,1.0,0.0,A01,138Â 301Â 898,1.0
960940,201900002471,2,1,11:00,1,2,1,1.0,6.0,33281,Parking CC MONDESIR - VT se dirige vers station de lavage - piÃ©tonne av de la Marne vers CC,M,"44,8375000"," -0,6182500",33,2019,15.0,1.0,1.0,6.0,2147675,10.0,3,4,2,3.0,,3.0,3,1931.0,A01,138Â 301Â 898,8.0,0.0,-1.0,1640044,0.0,10,,0.0,1.0,0.0,A01,138Â 301Â 898,1.0
960941,201900002472,2,13,08:15,1,2,3,1.0,3.0,31555,AV DE GRANDE BRETAGNE,M,"43,6012500","1,4122500",31,2019,50.0,1.0,1.0,4.0,2147676,1.0,1,4,1,9.0,,-1.0,0,1985.0,A01,138Â 301Â 896,2.0,0.0,-1.0,1640045,0.0,2,,0.0,2.0,8.0,A01,138Â 301Â 896,1.0
960941,201900002472,2,13,08:15,1,2,3,1.0,3.0,31555,AV DE GRANDE BRETAGNE,M,"43,6012500","1,4122500",31,2019,50.0,1.0,1.0,4.0,2147676,1.0,1,4,1,9.0,,-1.0,0,1985.0,A01,138Â 301Â 896,2.0,0.0,-1.0,1640046,0.0,7,,0.0,1.0,8.0,B01,138Â 301Â 897,0.0
960941,201900002472,2,13,08:15,1,2,3,1.0,3.0,31555,AV DE GRANDE BRETAGNE,M,"43,6012500","1,4122500",31,2019,50.0,1.0,1.0,4.0,2147677,1.0,1,1,2,9.0,,-1.0,0,1972.0,B01,138Â 301Â 897,1.0,0.0,-1.0,1640045,0.0,2,,0.0,2.0,8.0,A01,138Â 301Â 896,1.0
960941,201900002472,2,13,08:15,1,2,3,1.0,3.0,31555,AV DE GRANDE BRETAGNE,M,"43,6012500","1,4122500",31,2019,50.0,1.0,1.0,4.0,2147677,1.0,1,1,2,9.0,,-1.0,0,1972.0,B01,138Â 301Â 897,1.0,0.0,-1.0,1640046,0.0,7,,0.0,1.0,8.0,B01,138Â 301Â 897,0.0
960942,201900002473,2,12,13:54,1,2,1,1.0,6.0,31149,60 Bd VICTOR HUGO,M,"43,6175400","1,3160700",31,2019,50.0,1.0,1.0,4.0,2147678,1.0,1,1,1,5.0,,-1.0,0,1999.0,A01,138Â 301Â 895,1.0,0.0,-1.0,1640047,0.0,7,,0.0,1.0,1.0,A01,138Â 301Â 895,1.0
960942,201900002473,2,12,13:54,1,2,1,1.0,6.0,31149,60 Bd VICTOR HUGO,M,"43,6175400","1,3160700",31,2019,50.0,1.0,1.0,4.0,2147679,10.0,3,4,2,9.0,,5.0,2,2001.0,A01,138Â 301Â 895,8.0,0.0,-1.0,1640047,0.0,7,,0.0,1.0,1.0,A01,138Â 301Â 895,1.0
960943,201900002474,2,12,10:05,1,1,1,1.0,4.0,31555,VA007331 A620,M,"43,5739900","1,4668800",31,2019,90.0,1.0,1.0,1.0,2147680,1.0,1,1,1,0.0,,-1.0,0,1972.0,B01,138Â 301Â 892,1.0,0.0,-1.0,1640048,1.0,7,,0.0,2.0,4.0,B01,138Â 301Â 892,1.0
960943,201900002474,2,12,10:05,1,1,1,1.0,4.0,31555,VA007331 A620,M,"43,5739900","1,4668800",31,2019,90.0,1.0,1.0,1.0,2147680,1.0,1,1,1,0.0,,-1.0,0,1972.0,B01,138Â 301Â 892,1.0,0.0,-1.0,1640049,1.0,14,,0.0,2.0,4.0,A01,138Â 301Â 893,1.0
960943,201900002474,2,12,10:05,1,1,1,1.0,4.0,31555,VA007331 A620,M,"43,5739900","1,4668800",31,2019,90.0,1.0,1.0,1.0,2147680,1.0,1,1,1,0.0,,-1.0,0,1972.0,B01,138Â 301Â 892,1.0,0.0,-1.0,1640050,1.0,7,,0.0,2.0,1.0,C01,138Â 301Â 894,1.0
960943,201900002474,2,12,10:05,1,1,1,1.0,4.0,31555,VA007331 A620,M,"43,5739900","1,4668800",31,2019,90.0,1.0,1.0,1.0,2147681,1.0,1,1,1,4.0,,-1.0,0,1981.0,A01,138Â 301Â 893,1.0,8.0,-1.0,1640048,1.0,7,,0.0,2.0,4.0,B01,138Â 301Â 892,1.0
960943,201900002474,2,12,10:05,1,1,1,1.0,4.0,31555,VA007331 A620,M,"43,5739900","1,4668800",31,2019,90.0,1.0,1.0,1.0,2147681,1.0,1,1,1,4.0,,-1.0,0,1981.0,A01,138Â 301Â 893,1.0,8.0,-1.0,1640049,1.0,14,,0.0,2.0,4.0,A01,138Â 301Â 893,1.0
960943,201900002474,2,12,10:05,1,1,1,1.0,4.0,31555,VA007331 A620,M,"43,5739900","1,4668800",31,2019,90.0,1.0,1.0,1.0,2147681,1.0,1,1,1,4.0,,-1.0,0,1981.0,A01,138Â 301Â 893,1.0,8.0,-1.0,1640050,1.0,7,,0.0,2.0,1.0,C01,138Â 301Â 894,1.0
960943,201900002474,2,12,10:05,1,1,1,1.0,4.0,31555,VA007331 A620,M,"43,5739900","1,4668800",31,2019,90.0,1.0,1.0,1.0,2147682,1.0,1,4,1,9.0,,-1.0,0,1982.0,C01,138Â 301Â 894,1.0,8.0,-1.0,1640048,1.0,7,,0.0,2.0,4.0,B01,138Â 301Â 892,1.0
960943,201900002474,2,12,10:05,1,1,1,1.0,4.0,31555,VA007331 A620,M,"43,5739900","1,4668800",31,2019,90.0,1.0,1.0,1.0,2147682,1.0,1,4,1,9.0,,-1.0,0,1982.0,C01,138Â 301Â 894,1.0,8.0,-1.0,1640049,1.0,14,,0.0,2.0,4.0,A01,138Â 301Â 893,1.0
960943,201900002474,2,12,10:05,1,1,1,1.0,4.0,31555,VA007331 A620,M,"43,5739900","1,4668800",31,2019,90.0,1.0,1.0,1.0,2147682,1.0,1,4,1,9.0,,-1.0,0,1982.0,C01,138Â 301Â 894,1.0,8.0,-1.0,1640050,1.0,7,,0.0,2.0,1.0,C01,138Â 301Â 894,1.0
960944,201900002475,2,12,07:40,2,1,1,1.0,4.0,31555,VA007331 A620,M,"43,5724100","1,4560200",31,2019,90.0,1.0,1.0,1.0,2147683,1.0,1,4,2,0.0,,-1.0,0,1992.0,A01,138Â 301Â 889,1.0,7.0,-1.0,1640051,2.0,7,,0.0,2.0,1.0,A01,138Â 301Â 889,1.0
960944,201900002475,2,12,07:40,2,1,1,1.0,4.0,31555,VA007331 A620,M,"43,5724100","1,4560200",31,2019,90.0,1.0,1.0,1.0,2147683,1.0,1,4,2,0.0,,-1.0,0,1992.0,A01,138Â 301Â 889,1.0,7.0,-1.0,1640052,2.0,7,,0.0,2.0,4.0,C01,138Â 301Â 890,1.0
960944,201900002475,2,12,07:40,2,1,1,1.0,4.0,31555,VA007331 A620,M,"43,5724100","1,4560200",31,2019,90.0,1.0,1.0,1.0,2147683,1.0,1,4,2,0.0,,-1.0,0,1992.0,A01,138Â 301Â 889,1.0,7.0,-1.0,1640053,2.0,7,,0.0,2.0,4.0,B01,138Â 301Â 891,1.0
960944,201900002475,2,12,07:40,2,1,1,1.0,4.0,31555,VA007331 A620,M,"43,5724100","1,4560200",31,2019,90.0,1.0,1.0,1.0,2147684,1.0,1,1,2,9.0,,-1.0,0,1973.0,C01,138Â 301Â 890,1.0,8.0,-1.0,1640051,2.0,7,,0.0,2.0,1.0,A01,138Â 301Â 889,1.0
960944,201900002475,2,12,07:40,2,1,1,1.0,4.0,31555,VA007331 A620,M,"43,5724100","1,4560200",31,2019,90.0,1.0,1.0,1.0,2147684,1.0,1,1,2,9.0,,-1.0,0,1973.0,C01,138Â 301Â 890,1.0,8.0,-1.0,1640052,2.0,7,,0.0,2.0,4.0,C01,138Â 301Â 890,1.0
960944,201900002475,2,12,07:40,2,1,1,1.0,4.0,31555,VA007331 A620,M,"43,5724100","1,4560200",31,2019,90.0,1.0,1.0,1.0,2147684,1.0,1,1,2,9.0,,-1.0,0,1973.0,C01,138Â 301Â 890,1.0,8.0,-1.0,1640053,2.0,7,,0.0,2.0,4.0,B01,138Â 301Â 891,1.0
960944,201900002475,2,12,07:40,2,1,1,1.0,4.0,31555,VA007331 A620,M,"43,5724100","1,4560200",31,2019,90.0,1.0,1.0,1.0,2147685,1.0,1,1,1,9.0,,-1.0,0,1975.0,B01,138Â 301Â 891,1.0,8.0,-1.0,1640051,2.0,7,,0.0,2.0,1.0,A01,138Â 301Â 889,1.0
960944,201900002475,2,12,07:40,2,1,1,1.0,4.0,31555,VA007331 A620,M,"43,5724100","1,4560200",31,2019,90.0,1.0,1.0,1.0,2147685,1.0,1,1,1,9.0,,-1.0,0,1975.0,B01,138Â 301Â 891,1.0,8.0,-1.0,1640052,2.0,7,,0.0,2.0,4.0,C01,138Â 301Â 890,1.0
960944,201900002475,2,12,07:40,2,1,1,1.0,4.0,31555,VA007331 A620,M,"43,5724100","1,4560200",31,2019,90.0,1.0,1.0,1.0,2147685,1.0,1,1,1,9.0,,-1.0,0,1975.0,B01,138Â 301Â 891,1.0,8.0,-1.0,1640053,2.0,7,,0.0,2.0,4.0,B01,138Â 301Â 891,1.0
960944,201900002475,2,12,07:40,2,1,1,1.0,4.0,31555,VA007331 A620,M,"43,5724100","1,4560200",31,2019,90.0,1.0,1.0,1.0,2147686,3.0,2,4,2,2.0,,-1.0,0,2005.0,B01,138Â 301Â 891,1.0,8.0,-1.0,1640051,2.0,7,,0.0,2.0,1.0,A01,138Â 301Â 889,1.0
960944,201900002475,2,12,07:40,2,1,1,1.0,4.0,31555,VA007331 A620,M,"43,5724100","1,4560200",31,2019,90.0,1.0,1.0,1.0,2147686,3.0,2,4,2,2.0,,-1.0,0,2005.0,B01,138Â 301Â 891,1.0,8.0,-1.0,1640052,2.0,7,,0.0,2.0,4.0,C01,138Â 301Â 890,1.0
960944,201900002475,2,12,07:40,2,1,1,1.0,4.0,31555,VA007331 A620,M,"43,5724100","1,4560200",31,2019,90.0,1.0,1.0,1.0,2147686,3.0,2,4,2,2.0,,-1.0,0,2005.0,B01,138Â 301Â 891,1.0,8.0,-1.0,1640053,2.0,7,,0.0,2.0,4.0,B01,138Â 301Â 891,1.0
960945,201900002476,2,12,07:50,1,2,1,1.0,4.0,30189,Route de montpellier,M,"43,8080949","4,3259472",30,2019,70.0,1.0,1.0,2.0,2147687,1.0,1,1,1,1.0,,-1.0,0,1972.0,B01,138Â 301Â 886,1.0,0.0,-1.0,1640054,1.0,7,,0.0,2.0,7.0,B01,138Â 301Â 886,1.0
960945,201900002476,2,12,07:50,1,2,1,1.0,4.0,30189,Route de montpellier,M,"43,8080949","4,3259472",30,2019,70.0,1.0,1.0,2.0,2147687,1.0,1,1,1,1.0,,-1.0,0,1972.0,B01,138Â 301Â 886,1.0,0.0,-1.0,1640055,1.0,7,,0.0,2.0,4.0,C01,138Â 301Â 887,1.0
960945,201900002476,2,12,07:50,1,2,1,1.0,4.0,30189,Route de montpellier,M,"43,8080949","4,3259472",30,2019,70.0,1.0,1.0,2.0,2147687,1.0,1,1,1,1.0,,-1.0,0,1972.0,B01,138Â 301Â 886,1.0,0.0,-1.0,1640056,1.0,30,,0.0,2.0,1.0,A01,138Â 301Â 888,1.0
960945,201900002476,2,12,07:50,1,2,1,1.0,4.0,30189,Route de montpellier,M,"43,8080949","4,3259472",30,2019,70.0,1.0,1.0,2.0,2147688,1.0,1,1,1,9.0,,-1.0,0,1971.0,C01,138Â 301Â 887,1.0,0.0,-1.0,1640054,1.0,7,,0.0,2.0,7.0,B01,138Â 301Â 886,1.0
960945,201900002476,2,12,07:50,1,2,1,1.0,4.0,30189,Route de montpellier,M,"43,8080949","4,3259472",30,2019,70.0,1.0,1.0,2.0,2147688,1.0,1,1,1,9.0,,-1.0,0,1971.0,C01,138Â 301Â 887,1.0,0.0,-1.0,1640055,1.0,7,,0.0,2.0,4.0,C01,138Â 301Â 887,1.0
960945,201900002476,2,12,07:50,1,2,1,1.0,4.0,30189,Route de montpellier,M,"43,8080949","4,3259472",30,2019,70.0,1.0,1.0,2.0,2147688,1.0,1,1,1,9.0,,-1.0,0,1971.0,C01,138Â 301Â 887,1.0,0.0,-1.0,1640056,1.0,30,,0.0,2.0,1.0,A01,138Â 301Â 888,1.0
960945,201900002476,2,12,07:50,1,2,1,1.0,4.0,30189,Route de montpellier,M,"43,8080949","4,3259472",30,2019,70.0,1.0,1.0,2.0,2147689,1.0,1,4,1,2.0,,-1.0,0,2002.0,A01,138Â 301Â 888,2.0,0.0,-1.0,1640054,1.0,7,,0.0,2.0,7.0,B01,138Â 301Â 886,1.0
960945,201900002476,2,12,07:50,1,2,1,1.0,4.0,30189,Route de montpellier,M,"43,8080949","4,3259472",30,2019,70.0,1.0,1.0,2.0,2147689,1.0,1,4,1,2.0,,-1.0,0,2002.0,A01,138Â 301Â 888,2.0,0.0,-1.0,1640055,1.0,7,,0.0,2.0,4.0,C01,138Â 301Â 887,1.0
960945,201900002476,2,12,07:50,1,2,1,1.0,4.0,30189,Route de montpellier,M,"43,8080949","4,3259472",30,2019,70.0,1.0,1.0,2.0,2147689,1.0,1,4,1,2.0,,-1.0,0,2002.0,A01,138Â 301Â 888,2.0,0.0,-1.0,1640056,1.0,30,,0.0,2.0,1.0,A01,138Â 301Â 888,1.0
960946,201900002477,2,13,15:05,1,2,1,1.0,6.0,29232,SAULES  AVENUE DES,M,"47,9974196"," -4,1293401",29,2019,30.0,1.0,1.0,4.0,2147690,10.0,3,3,1,4.0,,1.0,2,1965.0,A01,138Â 301Â 885,8.0,0.0,-1.0,1640057,1.0,7,,0.0,1.0,5.0,A01,138Â 301Â 885,1.0
960946,201900002477,2,13,15:05,1,2,1,1.0,6.0,29232,SAULES  AVENUE DES,M,"47,9974196"," -4,1293401",29,2019,30.0,1.0,1.0,4.0,2147691,1.0,1,1,1,5.0,,0.0,0,1946.0,A01,138Â 301Â 885,8.0,0.0,-1.0,1640057,1.0,7,,0.0,1.0,5.0,A01,138Â 301Â 885,1.0
960947,201900002478,2,8,17:35,2,2,1,3.0,2.0,29019,RN 12 (PEN AR CH'LEUZ A PONT DESFOSSES),M,"48,4154600"," -4,4795000",29,2019,50.0,1.0,2.0,3.0,2147692,2.0,2,4,2,0.0,,0.0,0,1965.0,B01,138Â 301Â 883,1.0,0.0,-1.0,1640058,1.0,7,,0.0,2.0,4.0,B01,138Â 301Â 883,1.0
960947,201900002478,2,8,17:35,2,2,1,3.0,2.0,29019,RN 12 (PEN AR CH'LEUZ A PONT DESFOSSES),M,"48,4154600"," -4,4795000",29,2019,50.0,1.0,2.0,3.0,2147692,2.0,2,4,2,0.0,,0.0,0,1965.0,B01,138Â 301Â 883,1.0,0.0,-1.0,1640059,1.0,7,,0.0,2.0,1.0,A01,138Â 301Â 884,1.0
960947,201900002478,2,8,17:35,2,2,1,3.0,2.0,29019,RN 12 (PEN AR CH'LEUZ A PONT DESFOSSES),M,"48,4154600"," -4,4795000",29,2019,50.0,1.0,2.0,3.0,2147693,1.0,1,4,1,1.0,,-1.0,0,1966.0,B01,138Â 301Â 883,1.0,0.0,-1.0,1640058,1.0,7,,0.0,2.0,4.0,B01,138Â 301Â 883,1.0
960947,201900002478,2,8,17:35,2,2,1,3.0,2.0,29019,RN 12 (PEN AR CH'LEUZ A PONT DESFOSSES),M,"48,4154600"," -4,4795000",29,2019,50.0,1.0,2.0,3.0,2147693,1.0,1,4,1,1.0,,-1.0,0,1966.0,B01,138Â 301Â 883,1.0,0.0,-1.0,1640059,1.0,7,,0.0,2.0,1.0,A01,138Â 301Â 884,1.0
960947,201900002478,2,8,17:35,2,2,1,3.0,2.0,29019,RN 12 (PEN AR CH'LEUZ A PONT DESFOSSES),M,"48,4154600"," -4,4795000",29,2019,50.0,1.0,2.0,3.0,2147694,1.0,1,4,1,5.0,,-1.0,0,1996.0,A01,138Â 301Â 884,1.0,0.0,-1.0,1640058,1.0,7,,0.0,2.0,4.0,B01,138Â 301Â 883,1.0
960947,201900002478,2,8,17:35,2,2,1,3.0,2.0,29019,RN 12 (PEN AR CH'LEUZ A PONT DESFOSSES),M,"48,4154600"," -4,4795000",29,2019,50.0,1.0,2.0,3.0,2147694,1.0,1,4,1,5.0,,-1.0,0,1996.0,A01,138Â 301Â 884,1.0,0.0,-1.0,1640059,1.0,7,,0.0,2.0,1.0,A01,138Â 301Â 884,1.0
960948,201900002479,2,12,15:45,1,2,6,1.0,3.0,29019,KERGOAT,M,"48,4018237"," -4,5024778",29,2019,50.0,1.0,1.0,4.0,2147695,1.0,1,1,2,0.0,,0.0,0,2000.0,A01,138Â 301Â 881,1.0,0.0,-1.0,1640060,0.0,7,,0.0,1.0,1.0,A01,138Â 301Â 881,1.0
960948,201900002479,2,12,15:45,1,2,6,1.0,3.0,29019,KERGOAT,M,"48,4018237"," -4,5024778",29,2019,50.0,1.0,1.0,4.0,2147695,1.0,1,1,2,0.0,,0.0,0,2000.0,A01,138Â 301Â 881,1.0,0.0,-1.0,1640061,3.0,1,,0.0,2.0,8.0,B01,138Â 301Â 882,5.0