Unnamed: 0_x,num_acc,mois,jour,hrmn,lum,agg,int,atm,col,com,adr,gps,lat,long,dep,annee,vma,situ,surf,catr,Unnamed: 0_y,place,catu,grav,sexe,trajet,secu,locp,actp,an_nais,num_veh_x,id_vehicule_x,secu1,secu2,secu3,Unnamed: 0,senc,catv,occutc,obs,obsm,choc,num_veh_y,id_vehicule_y,motor
960948,201900002479,2,12,15:45,1,2,6,1.0,3.0,29019,KERGOAT,M,"48,4018237"," -4,5024778",29,2019,50.0,1.0,1.0,4.0,2147696,10.0,3,1,2,2.0,,3.0,3,1997.0,A01,138Â 301Â 881,8.0,8.0,-1.0,1640060,0.0,7,,0.0,1.0,1.0,A01,138Â 301Â 881,1.0
960948,201900002479,2,12,15:45,1,2,6,1.0,3.0,29019,KERGOAT,M,"48,4018237"," -4,5024778",29,2019,50.0,1.0,1.0,4.0,2147696,10.0,3,1,2,2.0,,3.0,3,1997.0,A01,138Â 301Â 881,8.0,8.0,-1.0,1640061,3.0,1,,0.0,2.0,8.0,B01,138Â 301Â 882,5.0
960948,201900002479,2,12,15:45,1,2,6,1.0,3.0,29019,KERGOAT,M,"48,4018237"," -4,5024778",29,2019,50.0,1.0,1.0,4.0,2147697,1.0,1,4,1,-1.0,,0.0, -1,1997.0,B01,138Â 301Â 882,2.0,8.0,-1.0,1640060,0.0,7,,0.0,1.0,1.0,A01,138Â 301Â 881,1.0
960948,201900002479,2,12,15:45,1,2,6,1.0,3.0,29019,KERGOAT,M,"48,4018237"," -4,5024778",29,2019,50.0,1.0,1.0,4.0,2147697,1.0,1,4,1,-1.0,,0.0, -1,1997.0,B01,138Â 301Â 882,2.0,8.0,-1.0,1640061,3.0,1,,0.0,2.0,8.0,B01,138Â 301Â 882,5.0
960949,201900002480,2,8,18:03,5,2,1,1.0,1.0,27306,CONCORDE (RUE),M,"49,0094800","1,1760500",27,2019,50.0,1.0,1.0,4.0,2147698,1.0,1,3,2,1.0,,-1.0,0,1998.0,A01,138Â 301Â 879,1.0,5.0,-1.0,1640062,2.0,7,,0.0,2.0,3.0,A01,138Â 301Â 879,1.0
960949,201900002480,2,8,18:03,5,2,1,1.0,1.0,27306,CONCORDE (RUE),M,"49,0094800","1,1760500",27,2019,50.0,1.0,1.0,4.0,2147698,1.0,1,3,2,1.0,,-1.0,0,1998.0,A01,138Â 301Â 879,1.0,5.0,-1.0,1640063,1.0,7,,0.0,2.0,3.0,B01,138Â 301Â 880,1.0
960949,201900002480,2,8,18:03,5,2,1,1.0,1.0,27306,CONCORDE (RUE),M,"49,0094800","1,1760500",27,2019,50.0,1.0,1.0,4.0,2147699,1.0,1,4,2,0.0,,-1.0,0,1976.0,B01,138Â 301Â 880,1.0,5.0,-1.0,1640062,2.0,7,,0.0,2.0,3.0,A01,138Â 301Â 879,1.0
960949,201900002480,2,8,18:03,5,2,1,1.0,1.0,27306,CONCORDE (RUE),M,"49,0094800","1,1760500",27,2019,50.0,1.0,1.0,4.0,2147699,1.0,1,4,2,0.0,,-1.0,0,1976.0,B01,138Â 301Â 880,1.0,5.0,-1.0,1640063,1.0,7,,0.0,2.0,3.0,B01,138Â 301Â 880,1.0
960950,201900002481,2,12,12:25,1,2,2,1.0,6.0,25056,CHURCHILL BD WINSTON,M,"47,2503700","6,0050700",25,2019,50.0,2.0,1.0,4.0,2147700,1.0,1,1,2,3.0,,0.0,0,1944.0,A01,138Â 301Â 876,1.0,8.0,-1.0,1640064,2.0,7,,0.0,1.0,1.0,A01,138Â 301Â 876,1.0
960950,201900002481,2,12,12:25,1,2,2,1.0,6.0,25056,CHURCHILL BD WINSTON,M,"47,2503700","6,0050700",25,2019,50.0,2.0,1.0,4.0,2147701,10.0,3,3,2,2.0,,4.0,3,2006.0,A01,138Â 301Â 876,8.0,8.0,-1.0,1640064,2.0,7,,0.0,1.0,1.0,A01,138Â 301Â 876,1.0
960951,201900002482,2,12,19:15,5,2,6,1.0,3.0,24322,PLACE YVES GUENA,M,"45,1870800","0,7214300",24,2019,50.0,1.0,1.0,3.0,2147702,1.0,1,3,1,5.0,,-1.0,0,1989.0,B01,138Â 301Â 874,2.0,8.0,-1.0,1640065,1.0,31,,0.0,2.0,7.0,B01,138Â 301Â 874,1.0
960951,201900002482,2,12,19:15,5,2,6,1.0,3.0,24322,PLACE YVES GUENA,M,"45,1870800","0,7214300",24,2019,50.0,1.0,1.0,3.0,2147702,1.0,1,3,1,5.0,,-1.0,0,1989.0,B01,138Â 301Â 874,2.0,8.0,-1.0,1640066,1.0,7,,0.0,2.0,1.0,A01,138Â 301Â 875,1.0
960951,201900002482,2,12,19:15,5,2,6,1.0,3.0,24322,PLACE YVES GUENA,M,"45,1870800","0,7214300",24,2019,50.0,1.0,1.0,3.0,2147703,1.0,1,1,1,5.0,,0.0,0,1958.0,A01,138Â 301Â 875,1.0,4.0,-1.0,1640065,1.0,31,,0.0,2.0,7.0,B01,138Â 301Â 874,1.0
960951,201900002482,2,12,19:15,5,2,6,1.0,3.0,24322,PLACE YVES GUENA,M,"45,1870800","0,7214300",24,2019,50.0,1.0,1.0,3.0,2147703,1.0,1,1,1,5.0,,0.0,0,1958.0,A01,138Â 301Â 875,1.0,4.0,-1.0,1640066,1.0,7,,0.0,2.0,1.0,A01,138Â 301Â 875,1.0
960952,201900002483,2,12,17:50,1,2,1,1.0,6.0,19031,ALVITRE (AVENUE ABBE),M,"45,1534800","1,5089500",19,2019,50.0,1.0,1.0,3.0,2147704,10.0,3,4,2,5.0,,3.0,3,1941.0,A01,138Â 301Â 873,8.0,0.0,-1.0,1640067,1.0,7,,0.0,1.0,8.0,A01,138Â 301Â 873,1.0
960952,201900002483,2,12,17:50,1,2,1,1.0,6.0,19031,ALVITRE (AVENUE ABBE),M,"45,1534800","1,5089500",19,2019,50.0,1.0,1.0,3.0,2147705,1.0,1,1,1,5.0,,-1.0, -1,2000.0,A01,138Â 301Â 873,1.0,0.0,-1.0,1640067,1.0,7,,0.0,1.0,8.0,A01,138Â 301Â 873,1.0
960953,201900002484,2,13,01:30,3,1,1,9.0,2.0,18267,SAINT-AMAND (ROUTE DE),M,"47,0315400","2,3896300",18,2019,70.0,1.0,2.0,3.0,2147706,1.0,1,1,1,1.0,,0.0,0,1987.0,B01,138Â 301Â 870,1.0,0.0,-1.0,1640068,1.0,7,,0.0,2.0,4.0,B01,138Â 301Â 870,1.0
960953,201900002484,2,13,01:30,3,1,1,9.0,2.0,18267,SAINT-AMAND (ROUTE DE),M,"47,0315400","2,3896300",18,2019,70.0,1.0,2.0,3.0,2147706,1.0,1,1,1,1.0,,0.0,0,1987.0,B01,138Â 301Â 870,1.0,0.0,-1.0,1640069,1.0,7,,0.0,2.0,1.0,A01,138Â 301Â 871,1.0
960953,201900002484,2,13,01:30,3,1,1,9.0,2.0,18267,SAINT-AMAND (ROUTE DE),M,"47,0315400","2,3896300",18,2019,70.0,1.0,2.0,3.0,2147707,1.0,1,4,1,1.0,,0.0,0,1975.0,A01,138Â 301Â 871,1.0,0.0,-1.0,1640068,1.0,7,,0.0,2.0,4.0,B01,138Â 301Â 870,1.0
960953,201900002484,2,13,01:30,3,1,1,9.0,2.0,18267,SAINT-AMAND (ROUTE DE),M,"47,0315400","2,3896300",18,2019,70.0,1.0,2.0,3.0,2147707,1.0,1,4,1,1.0,,0.0,0,1975.0,A01,138Â 301Â 871,1.0,0.0,-1.0,1640069,1.0,7,,0.0,2.0,1.0,A01,138Â 301Â 871,1.0
960954,201900002485,2,13,14:37,1,2,6,1.0,3.0,17415,GATERAT LIEU DIT,M,"45,7460020"," -0,6915850",17,2019,50.0,1.0,1.0,4.0,2147708,1.0,1,1,1,5.0,,-1.0, -1,1942.0,A01,138Â 301Â 868,1.0,0.0,-1.0,1640070,1.0,7,,0.0,2.0,1.0,A01,138Â 301Â 868,1.0
960954,201900002485,2,13,14:37,1,2,6,1.0,3.0,17415,GATERAT LIEU DIT,M,"45,7460020"," -0,6915850",17,2019,50.0,1.0,1.0,4.0,2147708,1.0,1,1,1,5.0,,-1.0, -1,1942.0,A01,138Â 301Â 868,1.0,0.0,-1.0,1640071,1.0,2,,0.0,2.0,7.0,B01,138Â 301Â 869,1.0
960954,201900002485,2,13,14:37,1,2,6,1.0,3.0,17415,GATERAT LIEU DIT,M,"45,7460020"," -0,6915850",17,2019,50.0,1.0,1.0,4.0,2147709,1.0,1,3,1,0.0,,-1.0, -1,1980.0,B01,138Â 301Â 869,2.0,0.0,-1.0,1640070,1.0,7,,0.0,2.0,1.0,A01,138Â 301Â 868,1.0
960954,201900002485,2,13,14:37,1,2,6,1.0,3.0,17415,GATERAT LIEU DIT,M,"45,7460020"," -0,6915850",17,2019,50.0,1.0,1.0,4.0,2147709,1.0,1,3,1,0.0,,-1.0, -1,1980.0,B01,138Â 301Â 869,2.0,0.0,-1.0,1640071,1.0,2,,0.0,2.0,7.0,B01,138Â 301Â 869,1.0
960955,201900002486,2,10,11:45,1,2,1,1.0,3.0,17306,LECLERC MARECHAL (AVENUE),M,"45,6246520"," -1,0187790",17,2019,50.0,1.0,1.0,4.0,2147710,2.0,2,4,2,3.0,,-1.0, -1,1960.0,B01,138Â 301Â 864,1.0,8.0,-1.0,1640072,0.0,7,,0.0,2.0,6.0,B01,138Â 301Â 864,1.0
960955,201900002486,2,10,11:45,1,2,1,1.0,3.0,17306,LECLERC MARECHAL (AVENUE),M,"45,6246520"," -1,0187790",17,2019,50.0,1.0,1.0,4.0,2147710,2.0,2,4,2,3.0,,-1.0, -1,1960.0,B01,138Â 301Â 864,1.0,8.0,-1.0,1640073,0.0,7,,1.0,0.0,1.0,A01,138Â 301Â 865,1.0
960955,201900002486,2,10,11:45,1,2,1,1.0,3.0,17306,LECLERC MARECHAL (AVENUE),M,"45,6246520"," -1,0187790",17,2019,50.0,1.0,1.0,4.0,2147711,1.0,1,1,1,3.0,,-1.0, -1,1931.0,A01,138Â 301Â 865,1.0,8.0,-1.0,1640072,0.0,7,,0.0,2.0,6.0,B01,138Â 301Â 864,1.0
960955,201900002486,2,10,11:45,1,2,1,1.0,3.0,17306,LECLERC MARECHAL (AVENUE),M,"45,6246520"," -1,0187790",17,2019,50.0,1.0,1.0,4.0,2147711,1.0,1,1,1,3.0,,-1.0, -1,1931.0,A01,138Â 301Â 865,1.0,8.0,-1.0,1640073,0.0,7,,1.0,0.0,1.0,A01,138Â 301Â 865,1.0
960956,201900002487,2,12,12:20,1,2,1,1.0,3.0,17028,DOUX   CHEMIN DU PUITS,M,"46,1352000"," -1,1471000",17,2019,50.0,1.0,1.0,4.0,2147712,1.0,1,1,1,5.0,,-1.0, -1,1996.0,B01,138Â 301Â 862,1.0,0.0,-1.0,1640074,3.0,7,,0.0,2.0,8.0,B01,138Â 301Â 862,1.0
960956,201900002487,2,12,12:20,1,2,1,1.0,3.0,17028,DOUX   CHEMIN DU PUITS,M,"46,1352000"," -1,1471000",17,2019,50.0,1.0,1.0,4.0,2147712,1.0,1,1,1,5.0,,-1.0, -1,1996.0,B01,138Â 301Â 862,1.0,0.0,-1.0,1640075,1.0,33,,0.0,2.0,1.0,A01,138Â 301Â 863,1.0
960956,201900002487,2,12,12:20,1,2,1,1.0,3.0,17028,DOUX   CHEMIN DU PUITS,M,"46,1352000"," -1,1471000",17,2019,50.0,1.0,1.0,4.0,2147713,2.0,1,4,1,1.0,,-1.0, -1,1973.0,A01,138Â 301Â 863,2.0,6.0,-1.0,1640074,3.0,7,,0.0,2.0,8.0,B01,138Â 301Â 862,1.0
960956,201900002487,2,12,12:20,1,2,1,1.0,3.0,17028,DOUX   CHEMIN DU PUITS,M,"46,1352000"," -1,1471000",17,2019,50.0,1.0,1.0,4.0,2147713,2.0,1,4,1,1.0,,-1.0, -1,1973.0,A01,138Â 301Â 863,2.0,6.0,-1.0,1640075,1.0,33,,0.0,2.0,1.0,A01,138Â 301Â 863,1.0
960957,201900002488,2,13,14:45,1,2,1,1.0,1.0,13071,ROUTE NATIONALE 113 - AGAVON,M,"43,4164500","5,2785600",13,2019,80.0,1.0,1.0,2.0,2147714,1.0,1,4,1,9.0,,-1.0, -1,1970.0,B01,138Â 301Â 860,1.0,0.0,-1.0,1640076,0.0,7,,0.0,2.0,1.0,B01,138Â 301Â 860,1.0
960957,201900002488,2,13,14:45,1,2,1,1.0,1.0,13071,ROUTE NATIONALE 113 - AGAVON,M,"43,4164500","5,2785600",13,2019,80.0,1.0,1.0,2.0,2147714,1.0,1,4,1,9.0,,-1.0, -1,1970.0,B01,138Â 301Â 860,1.0,0.0,-1.0,1640077,0.0,7,,0.0,2.0,1.0,A01,138Â 301Â 861,1.0
960957,201900002488,2,13,14:45,1,2,1,1.0,1.0,13071,ROUTE NATIONALE 113 - AGAVON,M,"43,4164500","5,2785600",13,2019,80.0,1.0,1.0,2.0,2147715,2.0,2,4,2,9.0,,-1.0, -1,2000.0,A01,138Â 301Â 861,1.0,0.0,-1.0,1640076,0.0,7,,0.0,2.0,1.0,B01,138Â 301Â 860,1.0
960957,201900002488,2,13,14:45,1,2,1,1.0,1.0,13071,ROUTE NATIONALE 113 - AGAVON,M,"43,4164500","5,2785600",13,2019,80.0,1.0,1.0,2.0,2147715,2.0,2,4,2,9.0,,-1.0, -1,2000.0,A01,138Â 301Â 861,1.0,0.0,-1.0,1640077,0.0,7,,0.0,2.0,1.0,A01,138Â 301Â 861,1.0
960957,201900002488,2,13,14:45,1,2,1,1.0,1.0,13071,ROUTE NATIONALE 113 - AGAVON,M,"43,4164500","5,2785600",13,2019,80.0,1.0,1.0,2.0,2147716,1.0,1,4,2,9.0,,-1.0, -1,1999.0,A01,138Â 301Â 861,1.0,0.0,-1.0,1640076,0.0,7,,0.0,2.0,1.0,B01,138Â 301Â 860,1.0
960957,201900002488,2,13,14:45,1,2,1,1.0,1.0,13071,ROUTE NATIONALE 113 - AGAVON,M,"43,4164500","5,2785600",13,2019,80.0,1.0,1.0,2.0,2147716,1.0,1,4,2,9.0,,-1.0, -1,1999.0,A01,138Â 301Â 861,1.0,0.0,-1.0,1640077,0.0,7,,0.0,2.0,1.0,A01,138Â 301Â 861,1.0
960958,201900002489,2,9,16:00,1,2,1,1.0,7.0,13043,Chemin Carraire de l'Aiguille,M,"43,3914300","5,2067980",13,2019,50.0,1.0,1.0,9.0,2147717,1.0,1,2,1,5.0,,-1.0,0,1995.0,A01,138Â 301Â 859,8.0,0.0,-1.0,1640078,3.0,33,,0.0,0.0,9.0,A01,138Â 301Â 859,0.0
960959,201900002490,2,14,02:20,5,2,1,1.0,6.0,13209,MICHELET (BOULEVARD),M,"43,2632000","5,3965000",13,2019,50.0,1.0,1.0,4.0,2147718,1.0,1,4,1,0.0,,0.0,0,2000.0,A01,138Â 301Â 858,1.0,8.0,-1.0,1640079,0.0,7,,9.0,0.0,1.0,A01,138Â 301Â 858,0.0
960959,201900002490,2,14,02:20,5,2,1,1.0,6.0,13209,MICHELET (BOULEVARD),M,"43,2632000","5,3965000",13,2019,50.0,1.0,1.0,4.0,2147719,2.0,2,4,1,0.0,,0.0,0,2000.0,A01,138Â 301Â 858,1.0,0.0,-1.0,1640079,0.0,7,,9.0,0.0,1.0,A01,138Â 301Â 858,0.0
960960,201900002491,2,13,14:40,1,2,2,1.0,7.0,13210,ROMAIN ROLLAND (BOULEVARD),M,"43,2759450","5,4174360",13,2019,50.0,1.0,1.0,4.0,2147720,1.0,1,3,1,5.0,,0.0,0,1994.0,A01,138Â 301Â 857,2.0,0.0,-1.0,1640080,1.0,32,,8.0,0.0,9.0,A01,138Â 301Â 857,1.0
960961,201900002492,2,13,00:05,5,2,1,1.0,2.0,13204,MARÃCHAL JUIN (BOULEVARD),M,"43,3121900","5,4041800",13,2019,50.0,1.0,1.0,3.0,2147721,1.0,1,4,1,0.0,,0.0,0,1990.0,A01,138Â 301Â 855,2.0,8.0,-1.0,1640081,1.0,32,,0.0,2.0,7.0,A01,138Â 301Â 855,6.0
960961,201900002492,2,13,00:05,5,2,1,1.0,2.0,13204,MARÃCHAL JUIN (BOULEVARD),M,"43,3121900","5,4041800",13,2019,50.0,1.0,1.0,3.0,2147721,1.0,1,4,1,0.0,,0.0,0,1990.0,A01,138Â 301Â 855,2.0,8.0,-1.0,1640082,1.0,10,,0.0,2.0,8.0,B01,138Â 301Â 856,6.0
960961,201900002492,2,13,00:05,5,2,1,1.0,2.0,13204,MARÃCHAL JUIN (BOULEVARD),M,"43,3121900","5,4041800",13,2019,50.0,1.0,1.0,3.0,2147722,2.0,2,1,1,9.0,,0.0,0,1983.0,B01,138Â 301Â 856,1.0,8.0,-1.0,1640081,1.0,32,,0.0,2.0,7.0,A01,138Â 301Â 855,6.0
960961,201900002492,2,13,00:05,5,2,1,1.0,2.0,13204,MARÃCHAL JUIN (BOULEVARD),M,"43,3121900","5,4041800",13,2019,50.0,1.0,1.0,3.0,2147722,2.0,2,1,1,9.0,,0.0,0,1983.0,B01,138Â 301Â 856,1.0,8.0,-1.0,1640082,1.0,10,,0.0,2.0,8.0,B01,138Â 301Â 856,6.0
960961,201900002492,2,13,00:05,5,2,1,1.0,2.0,13204,MARÃCHAL JUIN (BOULEVARD),M,"43,3121900","5,4041800",13,2019,50.0,1.0,1.0,3.0,2147723,1.0,1,1,1,9.0,,-1.0,0,1983.0,B01,138Â 301Â 856,1.0,8.0,-1.0,1640081,1.0,32,,0.0,2.0,7.0,A01,138Â 301Â 855,6.0
960961,201900002492,2,13,00:05,5,2,1,1.0,2.0,13204,MARÃCHAL JUIN (BOULEVARD),M,"43,3121900","5,4041800",13,2019,50.0,1.0,1.0,3.0,2147723,1.0,1,1,1,9.0,,-1.0,0,1983.0,B01,138Â 301Â 856,1.0,8.0,-1.0,1640082,1.0,10,,0.0,2.0,8.0,B01,138Â 301Â 856,6.0
960962,201900002493,2,12,22:00,5,2,4,1.0,1.0,13212,PIERRE CHEVALIER (avenue),M,"43,2949300","5,4185400",13,2019,50.0,1.0,2.0,4.0,2147724,1.0,1,4,1,0.0,,-1.0, -1,1991.0,B01,138Â 301Â 853,2.0,0.0,-1.0,1640083,0.0,2,,0.0,2.0,1.0,B01,138Â 301Â 853,1.0
960962,201900002493,2,12,22:00,5,2,4,1.0,1.0,13212,PIERRE CHEVALIER (avenue),M,"43,2949300","5,4185400",13,2019,50.0,1.0,2.0,4.0,2147724,1.0,1,4,1,0.0,,-1.0, -1,1991.0,B01,138Â 301Â 853,2.0,0.0,-1.0,1640084,0.0,16,,0.0,2.0,1.0,A01,138Â 301Â 854,1.0
960962,201900002493,2,12,22:00,5,2,4,1.0,1.0,13212,PIERRE CHEVALIER (avenue),M,"43,2949300","5,4185400",13,2019,50.0,1.0,2.0,4.0,2147725,1.0,1,1,1,1.0,,0.0,0,1992.0,A01,138Â 301Â 854,1.0,0.0,-1.0,1640083,0.0,2,,0.0,2.0,1.0,B01,138Â 301Â 853,1.0
960962,201900002493,2,12,22:00,5,2,4,1.0,1.0,13212,PIERRE CHEVALIER (avenue),M,"43,2949300","5,4185400",13,2019,50.0,1.0,2.0,4.0,2147725,1.0,1,1,1,1.0,,0.0,0,1992.0,A01,138Â 301Â 854,1.0,0.0,-1.0,1640084,0.0,16,,0.0,2.0,1.0,A01,138Â 301Â 854,1.0
960963,201900002494,2,12,18:50,5,2,1,1.0,3.0,13213,POILUS (AVENUE DES),M,"43,3191930","5,4592000",13,2019,50.0,1.0,1.0,3.0,2147726,1.0,1,3,1,0.0,,-1.0, -1,1977.0,B01,138Â 301Â 851,8.0,0.0,-1.0,1640085,0.0,32,,0.0,2.0,1.0,B01,138Â 301Â 851,1.0
960963,201900002494,2,12,18:50,5,2,1,1.0,3.0,13213,POILUS (AVENUE DES),M,"43,3191930","5,4592000",13,2019,50.0,1.0,1.0,3.0,2147726,1.0,1,3,1,0.0,,-1.0, -1,1977.0,B01,138Â 301Â 851,8.0,0.0,-1.0,1640086,0.0,7,,0.0,2.0,1.0,A01,138Â 301Â 852,1.0
960963,201900002494,2,12,18:50,5,2,1,1.0,3.0,13213,POILUS (AVENUE DES),M,"43,3191930","5,4592000",13,2019,50.0,1.0,1.0,3.0,2147727,1.0,1,1,2,0.0,,-1.0, -1,1993.0,A01,138Â 301Â 852,8.0,0.0,-1.0,1640085,0.0,32,,0.0,2.0,1.0,B01,138Â 301Â 851,1.0
960963,201900002494,2,12,18:50,5,2,1,1.0,3.0,13213,POILUS (AVENUE DES),M,"43,3191930","5,4592000",13,2019,50.0,1.0,1.0,3.0,2147727,1.0,1,1,2,0.0,,-1.0, -1,1993.0,A01,138Â 301Â 852,8.0,0.0,-1.0,1640086,0.0,7,,0.0,2.0,1.0,A01,138Â 301Â 852,1.0
960964,201900002495,2,12,14:40,1,2,1,1.0,3.0,13210,JEAN MOULIN (BOULEVARD),M,"43,3363700","5,4560000",13,2019,50.0,1.0,1.0,4.0,2147728,1.0,1,1,1,0.0,,0.0,0,1990.0,B01,138Â 301Â 849,1.0,0.0,-1.0,1640087,3.0,7,,0.0,2.0,7.0,B01,138Â 301Â 849,1.0
960964,201900002495,2,12,14:40,1,2,1,1.0,3.0,13210,JEAN MOULIN (BOULEVARD),M,"43,3363700","5,4560000",13,2019,50.0,1.0,1.0,4.0,2147728,1.0,1,1,1,0.0,,0.0,0,1990.0,B01,138Â 301Â 849,1.0,0.0,-1.0,1640088,3.0,34,,0.0,2.0,8.0,A01,138Â 301Â 850,1.0
960964,201900002495,2,12,14:40,1,2,1,1.0,3.0,13210,JEAN MOULIN (BOULEVARD),M,"43,3363700","5,4560000",13,2019,50.0,1.0,1.0,4.0,2147729,1.0,1,4,1,0.0,,-1.0, -1,1954.0,A01,138Â 301Â 850,2.0,6.0,-1.0,1640087,3.0,7,,0.0,2.0,7.0,B01,138Â 301Â 849,1.0
960964,201900002495,2,12,14:40,1,2,1,1.0,3.0,13210,JEAN MOULIN (BOULEVARD),M,"43,3363700","5,4560000",13,2019,50.0,1.0,1.0,4.0,2147729,1.0,1,4,1,0.0,,-1.0, -1,1954.0,A01,138Â 301Â 850,2.0,6.0,-1.0,1640088,3.0,34,,0.0,2.0,8.0,A01,138Â 301Â 850,1.0
960965,201900002496,2,12,15:00,1,2,6,1.0,3.0,13214,Rue de Lyon,M,"43,3285500","5,3657480",13,2019,50.0,1.0,1.0,4.0,2147730,1.0,1,4,2,5.0,,0.0,0,1966.0,A01,138Â 301Â 848,8.0,0.0,-1.0,1640089,0.0,7,,0.0,2.0,0.0,Z01,138Â 301Â 847,1.0
960965,201900002496,2,12,15:00,1,2,6,1.0,3.0,13214,Rue de Lyon,M,"43,3285500","5,3657480",13,2019,50.0,1.0,1.0,4.0,2147730,1.0,1,4,2,5.0,,0.0,0,1966.0,A01,138Â 301Â 848,8.0,0.0,-1.0,1640090,0.0,7,,0.0,2.0,7.0,A01,138Â 301Â 848,1.0
960966,201900002497,2,11,18:05,2,2,3,1.0,6.0,13203,GÃNÃRAL LECLERC (RUE),M,"43,3034900","5,3788500",13,2019,50.0,1.0,1.0,4.0,2147731,1.0,1,1,1,5.0,,0.0,0,2001.0,A01,138Â 301Â 846,8.0,0.0,-1.0,1640091,2.0,30,,0.0,1.0,0.0,A01,138Â 301Â 846,1.0
960966,201900002497,2,11,18:05,2,2,3,1.0,6.0,13203,GÃNÃRAL LECLERC (RUE),M,"43,3034900","5,3788500",13,2019,50.0,1.0,1.0,4.0,2147732,10.0,3,4,1,1.0,,4.0,3,1955.0,A01,138Â 301Â 846,8.0,0.0,-1.0,1640091,2.0,30,,0.0,1.0,0.0,A01,138Â 301Â 846,1.0
960967,201900002498,2,12,09:35,1,2,1,1.0,6.0,13211,BERNARD LECACHE (AVENUE),M,"43,2942800","5,4501800",13,2019,50.0,1.0,1.0,4.0,2147733,10.0,3,2,1,0.0,,1.0,3,1935.0,A01,138Â 301Â 845,8.0,0.0,-1.0,1640092,1.0,7,,0.0,1.0,3.0,A01,138Â 301Â 845,1.0
960967,201900002498,2,12,09:35,1,2,1,1.0,6.0,13211,BERNARD LECACHE (AVENUE),M,"43,2942800","5,4501800",13,2019,50.0,1.0,1.0,4.0,2147734,1.0,1,1,2,0.0,,-1.0,0,1964.0,A01,138Â 301Â 845,1.0,8.0,-1.0,1640092,1.0,7,,0.0,1.0,3.0,A01,138Â 301Â 845,1.0
960968,201900002499,2,12,08:30,1,2,1,1.0,2.0,13210,SCHLOESING (BOULEVARD),M,"43,2734230","5,4006110",13,2019,50.0,1.0,1.0,7.0,2147735,1.0,1,1,2,1.0,,0.0,0,1980.0,A01,138Â 301Â 843,1.0,0.0,-1.0,1640093,1.0,99,,0.0,2.0,1.0,A01,138Â 301Â 843,1.0
960968,201900002499,2,12,08:30,1,2,1,1.0,2.0,13210,SCHLOESING (BOULEVARD),M,"43,2734230","5,4006110",13,2019,50.0,1.0,1.0,7.0,2147735,1.0,1,1,2,1.0,,0.0,0,1980.0,A01,138Â 301Â 843,1.0,0.0,-1.0,1640094,2.0,7,,0.0,2.0,4.0,B01,138Â 301Â 844,1.0
960968,201900002499,2,12,08:30,1,2,1,1.0,2.0,13210,SCHLOESING (BOULEVARD),M,"43,2734230","5,4006110",13,2019,50.0,1.0,1.0,7.0,2147736,1.0,1,4,1,2.0,,0.0,0,2000.0,B01,138Â 301Â 844,1.0,0.0,-1.0,1640093,1.0,99,,0.0,2.0,1.0,A01,138Â 301Â 843,1.0
960968,201900002499,2,12,08:30,1,2,1,1.0,2.0,13210,SCHLOESING (BOULEVARD),M,"43,2734230","5,4006110",13,2019,50.0,1.0,1.0,7.0,2147736,1.0,1,4,1,2.0,,0.0,0,2000.0,B01,138Â 301Â 844,1.0,0.0,-1.0,1640094,2.0,7,,0.0,2.0,4.0,B01,138Â 301Â 844,1.0
960969,201900002500,2,11,16:43,1,2,1,1.0,6.0,13201,LÃON GAMBETTA (ALLEE),M,"43,2991100","5,3814100",13,2019,50.0,1.0,1.0,4.0,2147737,1.0,1,1,1,0.0,,0.0,0,1985.0,A01,138Â 301Â 842,1.0,0.0,-1.0,1640095,1.0,7,,0.0,1.0,8.0,A01,138Â 301Â 842,1.0
960969,201900002500,2,11,16:43,1,2,1,1.0,6.0,13201,LÃON GAMBETTA (ALLEE),M,"43,2991100","5,3814100",13,2019,50.0,1.0,1.0,4.0,2147738,10.0,3,4,1,0.0,,2.0,3,2001.0,A01,138Â 301Â 842,0.0,0.0,0.0,1640095,1.0,7,,0.0,1.0,8.0,A01,138Â 301Â 842,1.0
960970,201900002501,1,27,13:30,1,2,2,1.0,3.0,13004,RUE GAMBETTA,M,"43,6752800","4,6260100",13,2019,50.0,1.0,1.0,4.0,2147739,1.0,1,3,1,0.0,,-1.0, -1,1999.0,A01,138Â 301Â 840,2.0,8.0,-1.0,1640096,1.0,33,,0.0,2.0,1.0,A01,138Â 301Â 840,1.0
960970,201900002501,1,27,13:30,1,2,2,1.0,3.0,13004,RUE GAMBETTA,M,"43,6752800","4,6260100",13,2019,50.0,1.0,1.0,4.0,2147739,1.0,1,3,1,0.0,,-1.0, -1,1999.0,A01,138Â 301Â 840,2.0,8.0,-1.0,1640097,2.0,7,,0.0,2.0,3.0,B01,138Â 301Â 841,1.0
960970,201900002501,1,27,13:30,1,2,2,1.0,3.0,13004,RUE GAMBETTA,M,"43,6752800","4,6260100",13,2019,50.0,1.0,1.0,4.0,2147740,1.0,1,4,2,0.0,,-1.0, -1,1990.0,B01,138Â 301Â 841,1.0,8.0,-1.0,1640096,1.0,33,,0.0,2.0,1.0,A01,138Â 301Â 840,1.0
960970,201900002501,1,27,13:30,1,2,2,1.0,3.0,13004,RUE GAMBETTA,M,"43,6752800","4,6260100",13,2019,50.0,1.0,1.0,4.0,2147740,1.0,1,4,2,0.0,,-1.0, -1,1990.0,B01,138Â 301Â 841,1.0,8.0,-1.0,1640097,2.0,7,,0.0,2.0,3.0,B01,138Â 301Â 841,1.0