Unnamed: 0_x,num_acc,mois,jour,hrmn,lum,agg,int,atm,col,com,adr,gps,lat,long,dep,annee,vma,situ,surf,catr,Unnamed: 0_y,place,catu,grav,sexe,trajet,secu,locp,actp,an_nais,num_veh_x,id_vehicule_x,secu1,secu2,secu3,Unnamed: 0,senc,catv,occutc,obs,obsm,choc,num_veh_y,id_vehicule_y,motor
960971,201900002502,2,13,15:15,1,2,1,1.0,6.0,13001,KENNEDY PRESIDENT (BD DU),M,"43,5188500","5,4308800",13,2019,50.0,1.0,1.0,4.0,2147741,10.0,3,4,1,9.0,,2.0,3,2004.0,Z01,138Â 301Â 839,8.0,0.0,-1.0,1640098,1.0,7,,0.0,1.0,0.0,Z01,138Â 301Â 839,0.0
960972,201900002503,2,12,18:25,2,2,1,1.0,6.0,11262,LORRAINE (QUAI DE),M,"43,1850580","2,9995830",11,2019,50.0,1.0,1.0,4.0,2147742,10.0,3,4,2,9.0,,9.0,B,1962.0,A01,138Â 301Â 838,8.0,0.0,-1.0,1640099,1.0,7,,0.0,1.0,0.0,A01,138Â 301Â 838,1.0
960972,201900002503,2,12,18:25,2,2,1,1.0,6.0,11262,LORRAINE (QUAI DE),M,"43,1850580","2,9995830",11,2019,50.0,1.0,1.0,4.0,2147743,1.0,1,1,2,9.0,,0.0,0,1987.0,A01,138Â 301Â 838,1.0,8.0,-1.0,1640099,1.0,7,,0.0,1.0,0.0,A01,138Â 301Â 838,1.0
960973,201900002504,2,11,20:30,3,1,1,1.0,2.0,11262,RD 6009 NARBONNE - PERPIGNAN,M,"43,1935410","2,9816180",11,2019,80.0,1.0,1.0,2.0,2147744,2.0,2,4,1,9.0,,0.0,0,1990.0,B01,138Â 301Â 836,1.0,8.0,-1.0,1640100,1.0,7,,0.0,2.0,4.0,B01,138Â 301Â 836,1.0
960973,201900002504,2,11,20:30,3,1,1,1.0,2.0,11262,RD 6009 NARBONNE - PERPIGNAN,M,"43,1935410","2,9816180",11,2019,80.0,1.0,1.0,2.0,2147744,2.0,2,4,1,9.0,,0.0,0,1990.0,B01,138Â 301Â 836,1.0,8.0,-1.0,1640101,1.0,7,,0.0,2.0,1.0,A01,138Â 301Â 837,1.0
960973,201900002504,2,11,20:30,3,1,1,1.0,2.0,11262,RD 6009 NARBONNE - PERPIGNAN,M,"43,1935410","2,9816180",11,2019,80.0,1.0,1.0,2.0,2147745,1.0,1,4,1,9.0,,0.0,0,1964.0,B01,138Â 301Â 836,1.0,8.0,-1.0,1640100,1.0,7,,0.0,2.0,4.0,B01,138Â 301Â 836,1.0
960973,201900002504,2,11,20:30,3,1,1,1.0,2.0,11262,RD 6009 NARBONNE - PERPIGNAN,M,"43,1935410","2,9816180",11,2019,80.0,1.0,1.0,2.0,2147745,1.0,1,4,1,9.0,,0.0,0,1964.0,B01,138Â 301Â 836,1.0,8.0,-1.0,1640101,1.0,7,,0.0,2.0,1.0,A01,138Â 301Â 837,1.0
960973,201900002504,2,11,20:30,3,1,1,1.0,2.0,11262,RD 6009 NARBONNE - PERPIGNAN,M,"43,1935410","2,9816180",11,2019,80.0,1.0,1.0,2.0,2147746,1.0,1,4,2,9.0,,0.0,0,1969.0,A01,138Â 301Â 837,1.0,8.0,-1.0,1640100,1.0,7,,0.0,2.0,4.0,B01,138Â 301Â 836,1.0
960973,201900002504,2,11,20:30,3,1,1,1.0,2.0,11262,RD 6009 NARBONNE - PERPIGNAN,M,"43,1935410","2,9816180",11,2019,80.0,1.0,1.0,2.0,2147746,1.0,1,4,2,9.0,,0.0,0,1969.0,A01,138Â 301Â 837,1.0,8.0,-1.0,1640101,1.0,7,,0.0,2.0,1.0,A01,138Â 301Â 837,1.0
960974,201900002505,2,13,15:45,1,2,3,1.0,6.0,06029,BRET (AVENUE DU CDT),M,"43,5647500","7,0263000",6,2019,50.0,1.0,1.0,4.0,2147747,10.0,3,4,1,0.0,,4.0,3,1944.0,A01,138Â 301Â 835,8.0,0.0,-1.0,1640102,2.0,7,,0.0,1.0,1.0,A01,138Â 301Â 835,0.0
960974,201900002505,2,13,15:45,1,2,3,1.0,6.0,06029,BRET (AVENUE DU CDT),M,"43,5647500","7,0263000",6,2019,50.0,1.0,1.0,4.0,2147748,1.0,1,1,1,0.0,,0.0,0,1944.0,A01,138Â 301Â 835,1.0,0.0,-1.0,1640102,2.0,7,,0.0,1.0,1.0,A01,138Â 301Â 835,0.0
960975,201900002506,2,12,10:25,1,2,1,7.0,6.0,06027,GAUDE AVENUE DE LA,M,"43,6637300","7,1488200",6,2019,50.0,1.0,1.0,7.0,2147749,10.0,3,4,1,0.0,,2.0,3,1942.0,A01,138Â 301Â 834,8.0,0.0,-1.0,1640103,2.0,7,,0.0,1.0,2.0,A01,138Â 301Â 834,1.0
960975,201900002506,2,12,10:25,1,2,1,7.0,6.0,06027,GAUDE AVENUE DE LA,M,"43,6637300","7,1488200",6,2019,50.0,1.0,1.0,7.0,2147750,1.0,1,1,1,5.0,,0.0,0,1940.0,A01,138Â 301Â 834,1.0,0.0,-1.0,1640103,2.0,7,,0.0,1.0,2.0,A01,138Â 301Â 834,1.0
960976,201900002507,2,9,04:05,5,2,9,1.0,6.0,06004,GUILLAUMONT BD CHARLES,M,"43,5696400","7,1070100",6,2019,50.0,1.0,1.0,4.0,2147751,1.0,1,1,1,0.0,,0.0,0,1997.0,A01,138Â 301Â 833,8.0,0.0,-1.0,1640104,3.0,7,,11.0,0.0,3.0,A01,138Â 301Â 833,0.0
960976,201900002507,2,9,04:05,5,2,9,1.0,6.0,06004,GUILLAUMONT BD CHARLES,M,"43,5696400","7,1070100",6,2019,50.0,1.0,1.0,4.0,2147752,3.0,2,4,1,0.0,,0.0,0,1999.0,A01,138Â 301Â 833,8.0,0.0,-1.0,1640104,3.0,7,,11.0,0.0,3.0,A01,138Â 301Â 833,0.0
960976,201900002507,2,9,04:05,5,2,9,1.0,6.0,06004,GUILLAUMONT BD CHARLES,M,"43,5696400","7,1070100",6,2019,50.0,1.0,1.0,4.0,2147753,2.0,2,1,1,0.0,,0.0,0,1997.0,A01,138Â 301Â 833,1.0,0.0,-1.0,1640104,3.0,7,,11.0,0.0,3.0,A01,138Â 301Â 833,0.0
960976,201900002507,2,9,04:05,5,2,9,1.0,6.0,06004,GUILLAUMONT BD CHARLES,M,"43,5696400","7,1070100",6,2019,50.0,1.0,1.0,4.0,2147754,4.0,2,4,2,5.0,,0.0,0,1999.0,A01,138Â 301Â 833,1.0,8.0,-1.0,1640104,3.0,7,,11.0,0.0,3.0,A01,138Â 301Â 833,0.0
960977,201900002508,2,11,15:20,1,2,1,1.0,3.0,06004,JUIN AV.MARECHAL,M,"43,5605000","7,1205400",6,2019,50.0,1.0,1.0,4.0,2147755,1.0,1,3,1,5.0,,0.0,0,1941.0,A01,138Â 301Â 831,2.0,0.0,-1.0,1640105,2.0,33,,0.0,2.0,1.0,A01,138Â 301Â 831,1.0
960977,201900002508,2,11,15:20,1,2,1,1.0,3.0,06004,JUIN AV.MARECHAL,M,"43,5605000","7,1205400",6,2019,50.0,1.0,1.0,4.0,2147755,1.0,1,3,1,5.0,,0.0,0,1941.0,A01,138Â 301Â 831,2.0,0.0,-1.0,1640106,2.0,7,,0.0,2.0,3.0,B01,138Â 301Â 832,1.0
960977,201900002508,2,11,15:20,1,2,1,1.0,3.0,06004,JUIN AV.MARECHAL,M,"43,5605000","7,1205400",6,2019,50.0,1.0,1.0,4.0,2147756,1.0,1,1,1,5.0,,0.0,0,1949.0,B01,138Â 301Â 832,1.0,0.0,-1.0,1640105,2.0,33,,0.0,2.0,1.0,A01,138Â 301Â 831,1.0
960977,201900002508,2,11,15:20,1,2,1,1.0,3.0,06004,JUIN AV.MARECHAL,M,"43,5605000","7,1205400",6,2019,50.0,1.0,1.0,4.0,2147756,1.0,1,1,1,5.0,,0.0,0,1949.0,B01,138Â 301Â 832,1.0,0.0,-1.0,1640106,2.0,7,,0.0,2.0,3.0,B01,138Â 301Â 832,1.0
960978,201900002509,2,12,07:56,1,2,1,8.0,6.0,01344,BRESSE (AVENUE DE),M,"46,2032079","5,1977586",1,2019,50.0,2.0,1.0,3.0,2147757,10.0,3,4,2,2.0,,4.0,3,2004.0,A01,138Â 301Â 830,8.0,0.0,-1.0,1640107,2.0,7,,0.0,1.0,1.0,A01,138Â 301Â 830,1.0
960978,201900002509,2,12,07:56,1,2,1,8.0,6.0,01344,BRESSE (AVENUE DE),M,"46,2032079","5,1977586",1,2019,50.0,2.0,1.0,3.0,2147758,1.0,1,1,1,4.0,,0.0,0,1964.0,A01,138Â 301Â 830,1.0,8.0,-1.0,1640107,2.0,7,,0.0,1.0,1.0,A01,138Â 301Â 830,1.0
960979,201900002510,2,11,17:30,1,2,1,1.0,3.0,75114,BOULEVARD PERIPHERIQUE,M,"48,8219220","2,3167330",75,2019,70.0,1.0,1.0,4.0,2147759,1.0,1,4,1,1.0,,0.0,0,1968.0,B01,138Â 301Â 828,2.0,0.0,-1.0,1640108,2.0,33,,0.0,2.0,3.0,B01,138Â 301Â 828,1.0
960979,201900002510,2,11,17:30,1,2,1,1.0,3.0,75114,BOULEVARD PERIPHERIQUE,M,"48,8219220","2,3167330",75,2019,70.0,1.0,1.0,4.0,2147759,1.0,1,4,1,1.0,,0.0,0,1968.0,B01,138Â 301Â 828,2.0,0.0,-1.0,1640109,2.0,7,,0.0,2.0,5.0,A01,138Â 301Â 829,1.0
960979,201900002510,2,11,17:30,1,2,1,1.0,3.0,75114,BOULEVARD PERIPHERIQUE,M,"48,8219220","2,3167330",75,2019,70.0,1.0,1.0,4.0,2147760,1.0,1,1,1,1.0,,0.0,0,1982.0,A01,138Â 301Â 829,1.0,0.0,-1.0,1640108,2.0,33,,0.0,2.0,3.0,B01,138Â 301Â 828,1.0
960979,201900002510,2,11,17:30,1,2,1,1.0,3.0,75114,BOULEVARD PERIPHERIQUE,M,"48,8219220","2,3167330",75,2019,70.0,1.0,1.0,4.0,2147760,1.0,1,1,1,1.0,,0.0,0,1982.0,A01,138Â 301Â 829,1.0,0.0,-1.0,1640109,2.0,7,,0.0,2.0,5.0,A01,138Â 301Â 829,1.0
960980,201900002511,2,13,14:35,1,2,3,1.0,7.0,75120,RUE D AVRON,M,"48,8515280","2,3995250",75,2019,50.0,1.0,1.0,4.0,2147761,1.0,1,4,1,1.0,,0.0,0,1984.0,A01,138Â 301Â 827,2.0,6.0,-1.0,1640110,2.0,30,,0.0,0.0,8.0,A01,138Â 301Â 827,3.0
960981,201900002512,2,12,17:40,2,2,3,1.0,3.0,75120,RUE PELLEPORT,M,"48,8672420","2,4022490",75,2019,50.0,1.0,1.0,4.0,2147762,1.0,1,1,1,5.0,,0.0,0,1956.0,A01,138Â 301Â 825,1.0,0.0,-1.0,1640111,1.0,7,,0.0,2.0,3.0,A01,138Â 301Â 825,1.0
960981,201900002512,2,12,17:40,2,2,3,1.0,3.0,75120,RUE PELLEPORT,M,"48,8672420","2,4022490",75,2019,50.0,1.0,1.0,4.0,2147762,1.0,1,1,1,5.0,,0.0,0,1956.0,A01,138Â 301Â 825,1.0,0.0,-1.0,1640112,1.0,31,,0.0,2.0,1.0,B01,138Â 301Â 826,1.0
960981,201900002512,2,12,17:40,2,2,3,1.0,3.0,75120,RUE PELLEPORT,M,"48,8672420","2,4022490",75,2019,50.0,1.0,1.0,4.0,2147763,1.0,1,4,2,9.0,,0.0,0,1974.0,B01,138Â 301Â 826,2.0,6.0,-1.0,1640111,1.0,7,,0.0,2.0,3.0,A01,138Â 301Â 825,1.0
960981,201900002512,2,12,17:40,2,2,3,1.0,3.0,75120,RUE PELLEPORT,M,"48,8672420","2,4022490",75,2019,50.0,1.0,1.0,4.0,2147763,1.0,1,4,2,9.0,,0.0,0,1974.0,B01,138Â 301Â 826,2.0,6.0,-1.0,1640112,1.0,31,,0.0,2.0,1.0,B01,138Â 301Â 826,1.0
960982,201900002513,2,13,16:35,1,2,7,1.0,3.0,75119,PLACE AUGUSTE BARON,M,"48,9004410","2,3870220",75,2019,50.0,1.0,1.0,4.0,2147764,1.0,1,1,1,1.0,,0.0,0,1973.0,A01,138Â 301Â 823,1.0,0.0,-1.0,1640113,1.0,7,,0.0,2.0,6.0,A01,138Â 301Â 823,1.0
960982,201900002513,2,13,16:35,1,2,7,1.0,3.0,75119,PLACE AUGUSTE BARON,M,"48,9004410","2,3870220",75,2019,50.0,1.0,1.0,4.0,2147764,1.0,1,1,1,1.0,,0.0,0,1973.0,A01,138Â 301Â 823,1.0,0.0,-1.0,1640114,3.0,32,,0.0,2.0,2.0,B01,138Â 301Â 824,1.0
960982,201900002513,2,13,16:35,1,2,7,1.0,3.0,75119,PLACE AUGUSTE BARON,M,"48,9004410","2,3870220",75,2019,50.0,1.0,1.0,4.0,2147765,1.0,1,4,1,1.0,,0.0,0,1981.0,B01,138Â 301Â 824,2.0,6.0,-1.0,1640113,1.0,7,,0.0,2.0,6.0,A01,138Â 301Â 823,1.0
960982,201900002513,2,13,16:35,1,2,7,1.0,3.0,75119,PLACE AUGUSTE BARON,M,"48,9004410","2,3870220",75,2019,50.0,1.0,1.0,4.0,2147765,1.0,1,4,1,1.0,,0.0,0,1981.0,B01,138Â 301Â 824,2.0,6.0,-1.0,1640114,3.0,32,,0.0,2.0,2.0,B01,138Â 301Â 824,1.0
960983,201900002514,2,13,18:00,1,2,1,1.0,3.0,75118,BOULEVARD DE ROCHECHOUART,M,"48,8836140","2,3474820",75,2019,50.0,1.0,1.0,4.0,2147766,1.0,1,4,1,0.0,,0.0,0,1993.0,A01,138Â 301Â 821,2.0,6.0,-1.0,1640115,1.0,34,,8.0,2.0,2.0,A01,138Â 301Â 821,1.0
960983,201900002514,2,13,18:00,1,2,1,1.0,3.0,75118,BOULEVARD DE ROCHECHOUART,M,"48,8836140","2,3474820",75,2019,50.0,1.0,1.0,4.0,2147766,1.0,1,4,1,0.0,,0.0,0,1993.0,A01,138Â 301Â 821,2.0,6.0,-1.0,1640116,1.0,7,,0.0,2.0,7.0,B01,138Â 301Â 822,1.0
960983,201900002514,2,13,18:00,1,2,1,1.0,3.0,75118,BOULEVARD DE ROCHECHOUART,M,"48,8836140","2,3474820",75,2019,50.0,1.0,1.0,4.0,2147767,2.0,2,1,1,0.0,,0.0,0,1999.0,B01,138Â 301Â 822,1.0,0.0,-1.0,1640115,1.0,34,,8.0,2.0,2.0,A01,138Â 301Â 821,1.0
960983,201900002514,2,13,18:00,1,2,1,1.0,3.0,75118,BOULEVARD DE ROCHECHOUART,M,"48,8836140","2,3474820",75,2019,50.0,1.0,1.0,4.0,2147767,2.0,2,1,1,0.0,,0.0,0,1999.0,B01,138Â 301Â 822,1.0,0.0,-1.0,1640116,1.0,7,,0.0,2.0,7.0,B01,138Â 301Â 822,1.0
960983,201900002514,2,13,18:00,1,2,1,1.0,3.0,75118,BOULEVARD DE ROCHECHOUART,M,"48,8836140","2,3474820",75,2019,50.0,1.0,1.0,4.0,2147768,1.0,1,1,1,0.0,,0.0,0,1999.0,B01,138Â 301Â 822,1.0,0.0,-1.0,1640115,1.0,34,,8.0,2.0,2.0,A01,138Â 301Â 821,1.0
960983,201900002514,2,13,18:00,1,2,1,1.0,3.0,75118,BOULEVARD DE ROCHECHOUART,M,"48,8836140","2,3474820",75,2019,50.0,1.0,1.0,4.0,2147768,1.0,1,1,1,0.0,,0.0,0,1999.0,B01,138Â 301Â 822,1.0,0.0,-1.0,1640116,1.0,7,,0.0,2.0,7.0,B01,138Â 301Â 822,1.0
960984,201900002515,2,12,11:20,1,2,1,1.0,3.0,75118,BOULEVARD NEY,M,"48,8985480","2,3563060",75,2019,50.0,1.0,1.0,4.0,2147769,1.0,1,1,2,1.0,,0.0,0,1986.0,A01,138Â 301Â 819,1.0,0.0,-1.0,1640117,1.0,7,,0.0,2.0,5.0,A01,138Â 301Â 819,1.0
960984,201900002515,2,12,11:20,1,2,1,1.0,3.0,75118,BOULEVARD NEY,M,"48,8985480","2,3563060",75,2019,50.0,1.0,1.0,4.0,2147769,1.0,1,1,2,1.0,,0.0,0,1986.0,A01,138Â 301Â 819,1.0,0.0,-1.0,1640118,1.0,30,,0.0,2.0,8.0,B01,138Â 301Â 820,1.0
960984,201900002515,2,12,11:20,1,2,1,1.0,3.0,75118,BOULEVARD NEY,M,"48,8985480","2,3563060",75,2019,50.0,1.0,1.0,4.0,2147770,1.0,1,4,1,1.0,,0.0,0,1991.0,B01,138Â 301Â 820,2.0,6.0,-1.0,1640117,1.0,7,,0.0,2.0,5.0,A01,138Â 301Â 819,1.0
960984,201900002515,2,12,11:20,1,2,1,1.0,3.0,75118,BOULEVARD NEY,M,"48,8985480","2,3563060",75,2019,50.0,1.0,1.0,4.0,2147770,1.0,1,4,1,1.0,,0.0,0,1991.0,B01,138Â 301Â 820,2.0,6.0,-1.0,1640118,1.0,30,,0.0,2.0,8.0,B01,138Â 301Â 820,1.0
960985,201900002516,2,12,17:00,1,2,1,1.0,7.0,75116,ALLEE DE LONGCHAMP,M,"48,8654060","2,2446270",75,2019,50.0,1.0,9.0,4.0,2147771,1.0,1,4,2,4.0,,0.0,0,1986.0,A01,138Â 301Â 818,2.0,6.0,-1.0,1640119,1.0,30,,0.0,0.0,1.0,A01,138Â 301Â 818,3.0
960986,201900002517,2,13,02:00,5,2,1,1.0,6.0,75110,BOULEVARD DE MAGENTA,M,"48,8742870","2,3578530",75,2019,50.0,1.0,1.0,4.0,2147772,10.0,3,1,1,9.0,,2.0,3,1993.0,A01,138Â 301Â 816,8.0,0.0,-1.0,1640120,2.0,32,,0.0,1.0,2.0,A01,138Â 301Â 816,1.0
960986,201900002517,2,13,02:00,5,2,1,1.0,6.0,75110,BOULEVARD DE MAGENTA,M,"48,8742870","2,3578530",75,2019,50.0,1.0,1.0,4.0,2147773,1.0,1,4,1,5.0,,0.0,0,1971.0,A01,138Â 301Â 816,2.0,6.0,-1.0,1640120,2.0,32,,0.0,1.0,2.0,A01,138Â 301Â 816,1.0
960987,201900002518,2,11,11:43,1,2,3,1.0,3.0,75103,RUE SAINT CLAUDE,M,"48,8601140","2,3664630",75,2019,30.0,1.0,1.0,4.0,2147774,1.0,1,1,1,9.0,,0.0,0,1987.0,B01,138Â 301Â 814,1.0,0.0,-1.0,1640121,2.0,7,,0.0,2.0,3.0,B01,138Â 301Â 814,1.0
960987,201900002518,2,11,11:43,1,2,3,1.0,3.0,75103,RUE SAINT CLAUDE,M,"48,8601140","2,3664630",75,2019,30.0,1.0,1.0,4.0,2147774,1.0,1,1,1,9.0,,0.0,0,1987.0,B01,138Â 301Â 814,1.0,0.0,-1.0,1640122,2.0,1,,0.0,2.0,2.0,A01,138Â 301Â 815,5.0
960987,201900002518,2,11,11:43,1,2,3,1.0,3.0,75103,RUE SAINT CLAUDE,M,"48,8601140","2,3664630",75,2019,30.0,1.0,1.0,4.0,2147775,1.0,1,3,1,0.0,,0.0,0,1962.0,A01,138Â 301Â 815,8.0,0.0,-1.0,1640121,2.0,7,,0.0,2.0,3.0,B01,138Â 301Â 814,1.0
960987,201900002518,2,11,11:43,1,2,3,1.0,3.0,75103,RUE SAINT CLAUDE,M,"48,8601140","2,3664630",75,2019,30.0,1.0,1.0,4.0,2147775,1.0,1,3,1,0.0,,0.0,0,1962.0,A01,138Â 301Â 815,8.0,0.0,-1.0,1640122,2.0,1,,0.0,2.0,2.0,A01,138Â 301Â 815,5.0
960988,201900002519,2,13,21:10,1,2,1,1.0,6.0,75103,RUE FROISSART,M,"48,8615630","2,3660960",75,2019,30.0,1.0,1.0,4.0,2147776,1.0,1,4,1,9.0,,0.0,0,1993.0,A01,138Â 301Â 813,2.0,6.0,-1.0,1640123,2.0,30,,1.0,0.0,2.0,A01,138Â 301Â 813,1.0
960989,201900002520,2,13,17:45,1,2,9,1.0,6.0,93010,REPUBLIQUE (PL. DE LA),M,"48,8952960","2,4777450",93,2019,50.0,1.0,1.0,9.0,2147777,1.0,1,1,2,0.0,,0.0,0,1993.0,A01,138Â 301Â 812,8.0,0.0,-1.0,1640124,1.0,0,,0.0,2.0,0.0,A01,138Â 301Â 812,6.0
960989,201900002520,2,13,17:45,1,2,9,1.0,6.0,93010,REPUBLIQUE (PL. DE LA),M,"48,8952960","2,4777450",93,2019,50.0,1.0,1.0,9.0,2147778,10.0,3,4,2,5.0,,2.0,3,2008.0,A01,138Â 301Â 812,0.0,-1.0,-1.0,1640124,1.0,0,,0.0,2.0,0.0,A01,138Â 301Â 812,6.0
960990,201900002521,2,13,19:50,5,2,2,1.0,3.0,92051,"BINEAU (BOULEVARD, NÂ°133 A 217 ET 134 A",M,"48,8921100","2,2683600",92,2019,50.0,3.0,1.0,3.0,2147779,1.0,1,4,1,5.0,,-1.0,0,1997.0,B01,138Â 301Â 810,2.0,7.0,-1.0,1640125,2.0,31,,0.0,2.0,1.0,B01,138Â 301Â 810,0.0
960990,201900002521,2,13,19:50,5,2,2,1.0,3.0,92051,"BINEAU (BOULEVARD, NÂ°133 A 217 ET 134 A",M,"48,8921100","2,2683600",92,2019,50.0,3.0,1.0,3.0,2147779,1.0,1,4,1,5.0,,-1.0,0,1997.0,B01,138Â 301Â 810,2.0,7.0,-1.0,1640126,3.0,7,,0.0,2.0,2.0,Z01,138Â 301Â 811,0.0
960991,201900002522,2,12,08:45,1,2,1,1.0,6.0,92060,FERME (RUE DE LA),M,"48,7823900","2,2609900",92,2019,30.0,1.0,1.0,4.0,2147780,1.0,1,1,2,1.0,,-1.0,0,1967.0,A01,138Â 301Â 809,1.0,0.0,-1.0,1640127,1.0,7,,0.0,1.0,1.0,A01,138Â 301Â 809,1.0
960991,201900002522,2,12,08:45,1,2,1,1.0,6.0,92060,FERME (RUE DE LA),M,"48,7823900","2,2609900",92,2019,30.0,1.0,1.0,4.0,2147781,10.0,3,4,2,1.0,,2.0,3,1969.0,A01,138Â 301Â 809,8.0,0.0,-1.0,1640127,1.0,7,,0.0,1.0,1.0,A01,138Â 301Â 809,1.0
960992,201900002523,2,13,13:30,1,2,1,1.0,2.0,92012,ALPHONSE LE GALLO (QUAI) 1/34,M,"48,8309727","2,2279181",92,2019,50.0,1.0,1.0,3.0,2147782,1.0,1,1,2,1.0,,-1.0,0,1963.0,B01,138Â 301Â 807,1.0,0.0,-1.0,1640128,2.0,7,,0.0,2.0,4.0,B01,138Â 301Â 807,3.0
960992,201900002523,2,13,13:30,1,2,1,1.0,2.0,92012,ALPHONSE LE GALLO (QUAI) 1/34,M,"48,8309727","2,2279181",92,2019,50.0,1.0,1.0,3.0,2147782,1.0,1,1,2,1.0,,-1.0,0,1963.0,B01,138Â 301Â 807,1.0,0.0,-1.0,1640129,2.0,32,,0.0,2.0,1.0,A01,138Â 301Â 808,1.0
960992,201900002523,2,13,13:30,1,2,1,1.0,2.0,92012,ALPHONSE LE GALLO (QUAI) 1/34,M,"48,8309727","2,2279181",92,2019,50.0,1.0,1.0,3.0,2147783,1.0,1,4,1,1.0,,-1.0,0,1968.0,A01,138Â 301Â 808,2.0,8.0,-1.0,1640128,2.0,7,,0.0,2.0,4.0,B01,138Â 301Â 807,3.0
960992,201900002523,2,13,13:30,1,2,1,1.0,2.0,92012,ALPHONSE LE GALLO (QUAI) 1/34,M,"48,8309727","2,2279181",92,2019,50.0,1.0,1.0,3.0,2147783,1.0,1,4,1,1.0,,-1.0,0,1968.0,A01,138Â 301Â 808,2.0,8.0,-1.0,1640129,2.0,32,,0.0,2.0,1.0,A01,138Â 301Â 808,1.0
960993,201900002524,2,12,06:05,5,2,1,8.0,6.0,92012,PONT DE BILLANCOURT (PLACE DU),M,"48,8250729","2,2483915",92,2019,50.0,1.0,2.0,3.0,2147784,1.0,1,1,1,0.0,,-1.0,0,1901.0,A01,138Â 301Â 806,1.0,0.0,-1.0,1640130,3.0,7,,0.0,1.0,1.0,A01,138Â 301Â 806,0.0
960993,201900002524,2,12,06:05,5,2,1,8.0,6.0,92012,PONT DE BILLANCOURT (PLACE DU),M,"48,8250729","2,2483915",92,2019,50.0,1.0,2.0,3.0,2147785,10.0,3,3,1,0.0,,4.0,3,1960.0,A01,138Â 301Â 806,8.0,0.0,-1.0,1640130,3.0,7,,0.0,1.0,1.0,A01,138Â 301Â 806,0.0
960994,201900002525,2,13,08:15,1,1,1,5.0,6.0,54587,D904 - PR 57+500,M,"48,4931230","6,0479640",54,2019,80.0,1.0,7.0,3.0,2147786,1.0,1,4,1,1.0,,0.0,0,1985.0,A01,138Â 301Â 805,1.0,-1.0,-1.0,1640131,1.0,7,,0.0,0.0,1.0,A01,138Â 301Â 805,1.0
960995,201900002526,2,13,20:00,3,1,1,1.0,6.0,14284,RD 44 PR 003+500,M,"48,8662157"," -0,2521198",14,2019,80.0,3.0,1.0,3.0,2147787,1.0,1,3,1,5.0,,0.0,0,1938.0,A01,138Â 301Â 804,1.0,-1.0,-1.0,1640132,1.0,7,,13.0,0.0,3.0,A01,138Â 301Â 804,1.0
960996,201900002527,2,14,15:30,1,1,1,1.0,3.0,06161,3143-2945 route nationale 7,M,"43,6233220","7,1307730",6,2019,70.0,1.0,1.0,3.0,2147788,1.0,1,4,1,5.0,,0.0,0,1999.0,B01,138Â 301Â 802,2.0,-1.0,-1.0,1640133,2.0,2,,0.0,2.0,2.0,B01,138Â 301Â 802,1.0
960996,201900002527,2,14,15:30,1,1,1,1.0,3.0,06161,3143-2945 route nationale 7,M,"43,6233220","7,1307730",6,2019,70.0,1.0,1.0,3.0,2147788,1.0,1,4,1,5.0,,0.0,0,1999.0,B01,138Â 301Â 802,2.0,-1.0,-1.0,1640134,2.0,7,,0.0,2.0,1.0,A01,138Â 301Â 803,1.0
960996,201900002527,2,14,15:30,1,1,1,1.0,3.0,06161,3143-2945 route nationale 7,M,"43,6233220","7,1307730",6,2019,70.0,1.0,1.0,3.0,2147789,2.0,2,3,2,5.0,,0.0,0,2002.0,B01,138Â 301Â 802,2.0,-1.0,-1.0,1640133,2.0,2,,0.0,2.0,2.0,B01,138Â 301Â 802,1.0
960996,201900002527,2,14,15:30,1,1,1,1.0,3.0,06161,3143-2945 route nationale 7,M,"43,6233220","7,1307730",6,2019,70.0,1.0,1.0,3.0,2147789,2.0,2,3,2,5.0,,0.0,0,2002.0,B01,138Â 301Â 802,2.0,-1.0,-1.0,1640134,2.0,7,,0.0,2.0,1.0,A01,138Â 301Â 803,1.0
960996,201900002527,2,14,15:30,1,1,1,1.0,3.0,06161,3143-2945 route nationale 7,M,"43,6233220","7,1307730",6,2019,70.0,1.0,1.0,3.0,2147790,1.0,1,1,1,0.0,,0.0,0,1992.0,A01,138Â 301Â 803,8.0,-1.0,-1.0,1640133,2.0,2,,0.0,2.0,2.0,B01,138Â 301Â 802,1.0
960996,201900002527,2,14,15:30,1,1,1,1.0,3.0,06161,3143-2945 route nationale 7,M,"43,6233220","7,1307730",6,2019,70.0,1.0,1.0,3.0,2147790,1.0,1,1,1,0.0,,0.0,0,1992.0,A01,138Â 301Â 803,8.0,-1.0,-1.0,1640134,2.0,7,,0.0,2.0,1.0,A01,138Â 301Â 803,1.0
960997,201900002528,2,13,17:45,1,1,9,1.0,3.0,49281,lieu dit la penoliÃ¨re,M,"47,1680070"," -0,7729090",49,2019,80.0,1.0,1.0,4.0,2147791,1.0,1,1,2,5.0,,0.0,0,1993.0,B01,138Â 301Â 800,1.0,-1.0,-1.0,1640135,0.0,10,,0.0,0.0,6.0,B01,138Â 301Â 800,0.0
960997,201900002528,2,13,17:45,1,1,9,1.0,3.0,49281,lieu dit la penoliÃ¨re,M,"47,1680070"," -0,7729090",49,2019,80.0,1.0,1.0,4.0,2147791,1.0,1,1,2,5.0,,0.0,0,1993.0,B01,138Â 301Â 800,1.0,-1.0,-1.0,1640136,0.0,31,,0.0,2.0,1.0,A01,138Â 301Â 801,0.0