Unnamed: 0_x,num_acc,mois,jour,hrmn,lum,agg,int,atm,col,com,adr,gps,lat,long,dep,annee,vma,situ,surf,catr,Unnamed: 0_y,place,catu,grav,sexe,trajet,secu,locp,actp,an_nais,num_veh_x,id_vehicule_x,secu1,secu2,secu3,Unnamed: 0,senc,catv,occutc,obs,obsm,choc,num_veh_y,id_vehicule_y,motor
960997,201900002528,2,13,17:45,1,1,9,1.0,3.0,49281,lieu dit la penoliÃ¨re,M,"47,1680070"," -0,7729090",49,2019,80.0,1.0,1.0,4.0,2147792,2.0,2,3,1,5.0,,0.0,0,2003.0,A01,138Â 301Â 801,2.0,-1.0,-1.0,1640135,0.0,10,,0.0,0.0,6.0,B01,138Â 301Â 800,0.0
960997,201900002528,2,13,17:45,1,1,9,1.0,3.0,49281,lieu dit la penoliÃ¨re,M,"47,1680070"," -0,7729090",49,2019,80.0,1.0,1.0,4.0,2147792,2.0,2,3,1,5.0,,0.0,0,2003.0,A01,138Â 301Â 801,2.0,-1.0,-1.0,1640136,0.0,31,,0.0,2.0,1.0,A01,138Â 301Â 801,0.0
960997,201900002528,2,13,17:45,1,1,9,1.0,3.0,49281,lieu dit la penoliÃ¨re,M,"47,1680070"," -0,7729090",49,2019,80.0,1.0,1.0,4.0,2147793,1.0,1,1,1,5.0,,0.0,0,2000.0,A01,138Â 301Â 801,2.0,-1.0,-1.0,1640135,0.0,10,,0.0,0.0,6.0,B01,138Â 301Â 800,0.0
960997,201900002528,2,13,17:45,1,1,9,1.0,3.0,49281,lieu dit la penoliÃ¨re,M,"47,1680070"," -0,7729090",49,2019,80.0,1.0,1.0,4.0,2147793,1.0,1,1,1,5.0,,0.0,0,2000.0,A01,138Â 301Â 801,2.0,-1.0,-1.0,1640136,0.0,31,,0.0,2.0,1.0,A01,138Â 301Â 801,0.0
960998,201900002529,2,13,08:00,1,1,1,1.0,6.0,31480,D18,M,"43,5534820","1,6042400",31,2019,80.0,3.0,1.0,3.0,2147794,1.0,1,3,1,1.0,,0.0,0,1966.0,A01,138Â 301Â 799,1.0,-1.0,-1.0,1640137,1.0,7,,2.0,0.0,3.0,A01,138Â 301Â 799,0.0
960999,201900002530,2,10,16:15,1,1,1,1.0,6.0,34259,Autoroute A750 PK 11+738,M,"43,6336980","3,7564620",34,2019,130.0,3.0,1.0,1.0,2147795,1.0,1,4,1,5.0,,0.0,0,1963.0,A01,138Â 301Â 797,1.0,-1.0,-1.0,1640138,2.0,7,,4.0,0.0,2.0,A01,138Â 301Â 797,1.0
960999,201900002530,2,10,16:15,1,1,1,1.0,6.0,34259,Autoroute A750 PK 11+738,M,"43,6336980","3,7564620",34,2019,130.0,3.0,1.0,1.0,2147796,2.0,2,4,2,5.0,,0.0,0,1965.0,A01,138Â 301Â 797,1.0,-1.0,-1.0,1640138,2.0,7,,4.0,0.0,2.0,A01,138Â 301Â 797,1.0
961000,201900002531,2,14,14:00,1,1,1,1.0,6.0,12145,A 75 PK 213+322,M,"44,1528310","3,0185540",12,2019,130.0,2.0,1.0,1.0,2147797,1.0,1,4,1,4.0,,0.0,0,1970.0,A01,138Â 301Â 796,1.0,-1.0,-1.0,1640139,1.0,14,,3.0,0.0,7.0,A01,138Â 301Â 796,1.0
961001,201900002532,2,14,10:20,1,1,1,1.0,1.0,50214,lieu-dit beau chÃªne,M,"48,9332090"," -1,0700210",50,2019,80.0,1.0,1.0,4.0,2147798,1.0,1,3,2,0.0,,0.0,0,1964.0,A01,138Â 301Â 794,1.0,-1.0,-1.0,1640140,0.0,7,,0.0,2.0,3.0,A01,138Â 301Â 794,1.0
961001,201900002532,2,14,10:20,1,1,1,1.0,1.0,50214,lieu-dit beau chÃªne,M,"48,9332090"," -1,0700210",50,2019,80.0,1.0,1.0,4.0,2147798,1.0,1,3,2,0.0,,0.0,0,1964.0,A01,138Â 301Â 794,1.0,-1.0,-1.0,1640141,0.0,21,,0.0,2.0,3.0,B01,138Â 301Â 795,1.0
961001,201900002532,2,14,10:20,1,1,1,1.0,1.0,50214,lieu-dit beau chÃªne,M,"48,9332090"," -1,0700210",50,2019,80.0,1.0,1.0,4.0,2147799,1.0,1,1,1,4.0,,0.0,0,1994.0,B01,138Â 301Â 795,8.0,-1.0,-1.0,1640140,0.0,7,,0.0,2.0,3.0,A01,138Â 301Â 794,1.0
961001,201900002532,2,14,10:20,1,1,1,1.0,1.0,50214,lieu-dit beau chÃªne,M,"48,9332090"," -1,0700210",50,2019,80.0,1.0,1.0,4.0,2147799,1.0,1,1,1,4.0,,0.0,0,1994.0,B01,138Â 301Â 795,8.0,-1.0,-1.0,1640141,0.0,21,,0.0,2.0,3.0,B01,138Â 301Â 795,1.0
961001,201900002532,2,14,10:20,1,1,1,1.0,1.0,50214,lieu-dit beau chÃªne,M,"48,9332090"," -1,0700210",50,2019,80.0,1.0,1.0,4.0,2147800,2.0,2,1,1,0.0,,0.0,0,2004.0,B01,138Â 301Â 795,8.0,-1.0,-1.0,1640140,0.0,7,,0.0,2.0,3.0,A01,138Â 301Â 794,1.0
961001,201900002532,2,14,10:20,1,1,1,1.0,1.0,50214,lieu-dit beau chÃªne,M,"48,9332090"," -1,0700210",50,2019,80.0,1.0,1.0,4.0,2147800,2.0,2,1,1,0.0,,0.0,0,2004.0,B01,138Â 301Â 795,8.0,-1.0,-1.0,1640141,0.0,21,,0.0,2.0,3.0,B01,138Â 301Â 795,1.0
961002,201900002533,2,12,14:15,1,1,1,1.0,2.0,37160,A10 pk 175+700,M,"47,5543900","1,0110260",37,2019,-1.0,1.0,1.0,1.0,2147801,1.0,1,4,1,4.0,,0.0,0,1975.0,A01,138Â 301Â 792,1.0,-1.0,-1.0,1640142,1.0,7,,0.0,2.0,2.0,A01,138Â 301Â 792,1.0
961002,201900002533,2,12,14:15,1,1,1,1.0,2.0,37160,A10 pk 175+700,M,"47,5543900","1,0110260",37,2019,-1.0,1.0,1.0,1.0,2147801,1.0,1,4,1,4.0,,0.0,0,1975.0,A01,138Â 301Â 792,1.0,-1.0,-1.0,1640143,1.0,15,,0.0,0.0,6.0,B01,138Â 301Â 793,1.0
961002,201900002533,2,12,14:15,1,1,1,1.0,2.0,37160,A10 pk 175+700,M,"47,5543900","1,0110260",37,2019,-1.0,1.0,1.0,1.0,2147802,2.0,2,4,1,4.0,,0.0,0,1978.0,A01,138Â 301Â 792,1.0,-1.0,-1.0,1640142,1.0,7,,0.0,2.0,2.0,A01,138Â 301Â 792,1.0
961002,201900002533,2,12,14:15,1,1,1,1.0,2.0,37160,A10 pk 175+700,M,"47,5543900","1,0110260",37,2019,-1.0,1.0,1.0,1.0,2147802,2.0,2,4,1,4.0,,0.0,0,1978.0,A01,138Â 301Â 792,1.0,-1.0,-1.0,1640143,1.0,15,,0.0,0.0,6.0,B01,138Â 301Â 793,1.0
961002,201900002533,2,12,14:15,1,1,1,1.0,2.0,37160,A10 pk 175+700,M,"47,5543900","1,0110260",37,2019,-1.0,1.0,1.0,1.0,2147803,1.0,1,4,2,4.0,,0.0,0,1987.0,B01,138Â 301Â 793,1.0,-1.0,-1.0,1640142,1.0,7,,0.0,2.0,2.0,A01,138Â 301Â 792,1.0
961002,201900002533,2,12,14:15,1,1,1,1.0,2.0,37160,A10 pk 175+700,M,"47,5543900","1,0110260",37,2019,-1.0,1.0,1.0,1.0,2147803,1.0,1,4,2,4.0,,0.0,0,1987.0,B01,138Â 301Â 793,1.0,-1.0,-1.0,1640143,1.0,15,,0.0,0.0,6.0,B01,138Â 301Â 793,1.0
961003,201900002534,2,13,20:05,5,2,1,1.0,6.0,74236,10 chemin des tulipes,M,"45,8798480","6,7162470",74,2019,50.0,4.0,1.0,4.0,2147804,10.0,3,4,2,3.0,,5.0,1,1995.0,A01,138Â 301Â 791,0.0,-1.0,-1.0,1640144,2.0,7,,12.0,1.0,3.0,A01,138Â 301Â 791,1.0
961003,201900002534,2,13,20:05,5,2,1,1.0,6.0,74236,10 chemin des tulipes,M,"45,8798480","6,7162470",74,2019,50.0,4.0,1.0,4.0,2147805,1.0,1,1,1,5.0,,0.0,0,1992.0,A01,138Â 301Â 791,8.0,-1.0,-1.0,1640144,2.0,7,,12.0,1.0,3.0,A01,138Â 301Â 791,1.0
961004,201900002535,2,14,06:40,3,1,1,1.0,1.0,74131,D1508,M,"46,0229090","5,9045260",74,2019,80.0,1.0,1.0,3.0,2147806,1.0,1,3,1,4.0,,0.0,0,1993.0,A01,138Â 301Â 789,1.0,-1.0,-1.0,1640145,2.0,15,,0.0,2.0,3.0,A01,138Â 301Â 789,1.0
961004,201900002535,2,14,06:40,3,1,1,1.0,1.0,74131,D1508,M,"46,0229090","5,9045260",74,2019,80.0,1.0,1.0,3.0,2147806,1.0,1,3,1,4.0,,0.0,0,1993.0,A01,138Â 301Â 789,1.0,-1.0,-1.0,1640146,1.0,17,,0.0,2.0,3.0,B01,138Â 301Â 790,1.0
961004,201900002535,2,14,06:40,3,1,1,1.0,1.0,74131,D1508,M,"46,0229090","5,9045260",74,2019,80.0,1.0,1.0,3.0,2147807,2.0,2,1,1,4.0,,0.0,0,1986.0,A01,138Â 301Â 789,1.0,-1.0,-1.0,1640145,2.0,15,,0.0,2.0,3.0,A01,138Â 301Â 789,1.0
961004,201900002535,2,14,06:40,3,1,1,1.0,1.0,74131,D1508,M,"46,0229090","5,9045260",74,2019,80.0,1.0,1.0,3.0,2147807,2.0,2,1,1,4.0,,0.0,0,1986.0,A01,138Â 301Â 789,1.0,-1.0,-1.0,1640146,1.0,17,,0.0,2.0,3.0,B01,138Â 301Â 790,1.0
961004,201900002535,2,14,06:40,3,1,1,1.0,1.0,74131,D1508,M,"46,0229090","5,9045260",74,2019,80.0,1.0,1.0,3.0,2147808,1.0,1,4,1,4.0,,0.0,0,1969.0,B01,138Â 301Â 790,1.0,-1.0,-1.0,1640145,2.0,15,,0.0,2.0,3.0,A01,138Â 301Â 789,1.0
961004,201900002535,2,14,06:40,3,1,1,1.0,1.0,74131,D1508,M,"46,0229090","5,9045260",74,2019,80.0,1.0,1.0,3.0,2147808,1.0,1,4,1,4.0,,0.0,0,1969.0,B01,138Â 301Â 790,1.0,-1.0,-1.0,1640146,1.0,17,,0.0,2.0,3.0,B01,138Â 301Â 790,1.0
961005,201900002536,2,14,16:30,1,1,1,1.0,7.0,76595,CD111,M,"49,6488890","0,1641260",76,2019,80.0,3.0,1.0,3.0,2147809,1.0,1,4,1,1.0,,0.0,0,1988.0,A01,138Â 301Â 788,1.0,-1.0,-1.0,1640147,2.0,7,,13.0,0.0,1.0,A01,138Â 301Â 788,0.0
961006,201900002537,2,13,09:00,2,2,1,1.0,6.0,69217,rue de la guille,M,"46,0019200","4,4497400",69,2019,50.0,1.0,1.0,4.0,2147810,1.0,1,4,2,0.0,,0.0,0,1997.0,A01,138Â 301Â 787,8.0,-1.0,-1.0,1640148,3.0,7,,0.0,9.0,2.0,A01,138Â 301Â 787,1.0
961007,201900002538,2,14,19:05,3,1,1,1.0,6.0,71073,D981,M,"46,8912760","4,7522430",71,2019,80.0,1.0,1.0,3.0,2147811,1.0,1,1,2,0.0,,0.0,0,1964.0,A01,138Â 301Â 786,1.0,-1.0,-1.0,1640149,1.0,7,,0.0,1.0,2.0,A01,138Â 301Â 786,1.0
961007,201900002538,2,14,19:05,3,1,1,1.0,6.0,71073,D981,M,"46,8912760","4,7522430",71,2019,80.0,1.0,1.0,3.0,2147812,10.0,3,3,1,5.0,,6.0,1,1954.0,A01,138Â 301Â 786,0.0,-1.0,-1.0,1640149,1.0,7,,0.0,1.0,2.0,A01,138Â 301Â 786,1.0
961008,201900002539,2,14,07:52,2,1,1,1.0,1.0,89255,d23,M,"48,3102710","3,2433890",89,2019,80.0,1.0,1.0,3.0,2147813,1.0,1,1,1,4.0,,0.0,0,1987.0,B01,138Â 301Â 784,1.0,-1.0,-1.0,1640150,1.0,15,,0.0,2.0,3.0,B01,138Â 301Â 784,1.0
961008,201900002539,2,14,07:52,2,1,1,1.0,1.0,89255,d23,M,"48,3102710","3,2433890",89,2019,80.0,1.0,1.0,3.0,2147813,1.0,1,1,1,4.0,,0.0,0,1987.0,B01,138Â 301Â 784,1.0,-1.0,-1.0,1640151,2.0,7,,0.0,2.0,3.0,A01,138Â 301Â 785,1.0
961008,201900002539,2,14,07:52,2,1,1,1.0,1.0,89255,d23,M,"48,3102710","3,2433890",89,2019,80.0,1.0,1.0,3.0,2147814,1.0,1,3,2,1.0,,0.0,0,1960.0,A01,138Â 301Â 785,1.0,-1.0,-1.0,1640150,1.0,15,,0.0,2.0,3.0,B01,138Â 301Â 784,1.0
961008,201900002539,2,14,07:52,2,1,1,1.0,1.0,89255,d23,M,"48,3102710","3,2433890",89,2019,80.0,1.0,1.0,3.0,2147814,1.0,1,3,2,1.0,,0.0,0,1960.0,A01,138Â 301Â 785,1.0,-1.0,-1.0,1640151,2.0,7,,0.0,2.0,3.0,A01,138Â 301Â 785,1.0
961009,201900002540,2,12,07:35,5,2,1,5.0,1.0,89309,RD 606,M,"48,2849580","3,2108640",89,2019,50.0,1.0,1.0,3.0,2147815,1.0,1,4,2,1.0,,0.0,0,1994.0,B01,138Â 301Â 782,1.0,-1.0,-1.0,1640152,2.0,7,,0.0,2.0,3.0,B01,138Â 301Â 782,1.0
961009,201900002540,2,12,07:35,5,2,1,5.0,1.0,89309,RD 606,M,"48,2849580","3,2108640",89,2019,50.0,1.0,1.0,3.0,2147815,1.0,1,4,2,1.0,,0.0,0,1994.0,B01,138Â 301Â 782,1.0,-1.0,-1.0,1640153,2.0,7,,14.0,2.0,3.0,A01,138Â 301Â 783,1.0
961009,201900002540,2,12,07:35,5,2,1,5.0,1.0,89309,RD 606,M,"48,2849580","3,2108640",89,2019,50.0,1.0,1.0,3.0,2147816,1.0,1,1,1,1.0,,0.0,0,1986.0,A01,138Â 301Â 783,1.0,-1.0,-1.0,1640152,2.0,7,,0.0,2.0,3.0,B01,138Â 301Â 782,1.0
961009,201900002540,2,12,07:35,5,2,1,5.0,1.0,89309,RD 606,M,"48,2849580","3,2108640",89,2019,50.0,1.0,1.0,3.0,2147816,1.0,1,1,1,1.0,,0.0,0,1986.0,A01,138Â 301Â 783,1.0,-1.0,-1.0,1640153,2.0,7,,14.0,2.0,3.0,A01,138Â 301Â 783,1.0
961010,201900002541,2,14,12:25,1,2,2,1.0,4.0,63040,Avenue de la RÃ©publique,M,"45,7276870","3,3376040",63,2019,50.0,1.0,1.0,3.0,2147817,1.0,1,3,1,5.0,,0.0,0,1969.0,C01,138Â 301Â 779,2.0,-1.0,-1.0,1640154,3.0,33,,5.0,2.0,3.0,C01,138Â 301Â 779,1.0
961010,201900002541,2,14,12:25,1,2,2,1.0,4.0,63040,Avenue de la RÃ©publique,M,"45,7276870","3,3376040",63,2019,50.0,1.0,1.0,3.0,2147817,1.0,1,3,1,5.0,,0.0,0,1969.0,C01,138Â 301Â 779,2.0,-1.0,-1.0,1640155,3.0,7,,0.0,2.0,2.0,B01,138Â 301Â 780,1.0
961010,201900002541,2,14,12:25,1,2,2,1.0,4.0,63040,Avenue de la RÃ©publique,M,"45,7276870","3,3376040",63,2019,50.0,1.0,1.0,3.0,2147817,1.0,1,3,1,5.0,,0.0,0,1969.0,C01,138Â 301Â 779,2.0,-1.0,-1.0,1640156,3.0,7,,0.0,0.0,7.0,A01,138Â 301Â 781,1.0
961010,201900002541,2,14,12:25,1,2,2,1.0,4.0,63040,Avenue de la RÃ©publique,M,"45,7276870","3,3376040",63,2019,50.0,1.0,1.0,3.0,2147818,2.0,2,3,2,5.0,,0.0,0,1970.0,C01,138Â 301Â 779,2.0,-1.0,-1.0,1640154,3.0,33,,5.0,2.0,3.0,C01,138Â 301Â 779,1.0
961010,201900002541,2,14,12:25,1,2,2,1.0,4.0,63040,Avenue de la RÃ©publique,M,"45,7276870","3,3376040",63,2019,50.0,1.0,1.0,3.0,2147818,2.0,2,3,2,5.0,,0.0,0,1970.0,C01,138Â 301Â 779,2.0,-1.0,-1.0,1640155,3.0,7,,0.0,2.0,2.0,B01,138Â 301Â 780,1.0
961010,201900002541,2,14,12:25,1,2,2,1.0,4.0,63040,Avenue de la RÃ©publique,M,"45,7276870","3,3376040",63,2019,50.0,1.0,1.0,3.0,2147818,2.0,2,3,2,5.0,,0.0,0,1970.0,C01,138Â 301Â 779,2.0,-1.0,-1.0,1640156,3.0,7,,0.0,0.0,7.0,A01,138Â 301Â 781,1.0
961010,201900002541,2,14,12:25,1,2,2,1.0,4.0,63040,Avenue de la RÃ©publique,M,"45,7276870","3,3376040",63,2019,50.0,1.0,1.0,3.0,2147819,2.0,2,1,2,1.0,,0.0,0,2004.0,B01,138Â 301Â 780,1.0,-1.0,-1.0,1640154,3.0,33,,5.0,2.0,3.0,C01,138Â 301Â 779,1.0
961010,201900002541,2,14,12:25,1,2,2,1.0,4.0,63040,Avenue de la RÃ©publique,M,"45,7276870","3,3376040",63,2019,50.0,1.0,1.0,3.0,2147819,2.0,2,1,2,1.0,,0.0,0,2004.0,B01,138Â 301Â 780,1.0,-1.0,-1.0,1640155,3.0,7,,0.0,2.0,2.0,B01,138Â 301Â 780,1.0
961010,201900002541,2,14,12:25,1,2,2,1.0,4.0,63040,Avenue de la RÃ©publique,M,"45,7276870","3,3376040",63,2019,50.0,1.0,1.0,3.0,2147819,2.0,2,1,2,1.0,,0.0,0,2004.0,B01,138Â 301Â 780,1.0,-1.0,-1.0,1640156,3.0,7,,0.0,0.0,7.0,A01,138Â 301Â 781,1.0
961010,201900002541,2,14,12:25,1,2,2,1.0,4.0,63040,Avenue de la RÃ©publique,M,"45,7276870","3,3376040",63,2019,50.0,1.0,1.0,3.0,2147820,1.0,1,1,2,1.0,,0.0,0,1967.0,B01,138Â 301Â 780,1.0,-1.0,-1.0,1640154,3.0,33,,5.0,2.0,3.0,C01,138Â 301Â 779,1.0
961010,201900002541,2,14,12:25,1,2,2,1.0,4.0,63040,Avenue de la RÃ©publique,M,"45,7276870","3,3376040",63,2019,50.0,1.0,1.0,3.0,2147820,1.0,1,1,2,1.0,,0.0,0,1967.0,B01,138Â 301Â 780,1.0,-1.0,-1.0,1640155,3.0,7,,0.0,2.0,2.0,B01,138Â 301Â 780,1.0
961010,201900002541,2,14,12:25,1,2,2,1.0,4.0,63040,Avenue de la RÃ©publique,M,"45,7276870","3,3376040",63,2019,50.0,1.0,1.0,3.0,2147820,1.0,1,1,2,1.0,,0.0,0,1967.0,B01,138Â 301Â 780,1.0,-1.0,-1.0,1640156,3.0,7,,0.0,0.0,7.0,A01,138Â 301Â 781,1.0
961010,201900002541,2,14,12:25,1,2,2,1.0,4.0,63040,Avenue de la RÃ©publique,M,"45,7276870","3,3376040",63,2019,50.0,1.0,1.0,3.0,2147821,9.0,2,1,1,9.0,,0.0,0,2018.0,A01,138Â 301Â 781,3.0,-1.0,-1.0,1640154,3.0,33,,5.0,2.0,3.0,C01,138Â 301Â 779,1.0
961010,201900002541,2,14,12:25,1,2,2,1.0,4.0,63040,Avenue de la RÃ©publique,M,"45,7276870","3,3376040",63,2019,50.0,1.0,1.0,3.0,2147821,9.0,2,1,1,9.0,,0.0,0,2018.0,A01,138Â 301Â 781,3.0,-1.0,-1.0,1640155,3.0,7,,0.0,2.0,2.0,B01,138Â 301Â 780,1.0
961010,201900002541,2,14,12:25,1,2,2,1.0,4.0,63040,Avenue de la RÃ©publique,M,"45,7276870","3,3376040",63,2019,50.0,1.0,1.0,3.0,2147821,9.0,2,1,1,9.0,,0.0,0,2018.0,A01,138Â 301Â 781,3.0,-1.0,-1.0,1640156,3.0,7,,0.0,0.0,7.0,A01,138Â 301Â 781,1.0
961010,201900002541,2,14,12:25,1,2,2,1.0,4.0,63040,Avenue de la RÃ©publique,M,"45,7276870","3,3376040",63,2019,50.0,1.0,1.0,3.0,2147822,1.0,1,1,2,9.0,,0.0,0,1986.0,A01,138Â 301Â 781,1.0,-1.0,-1.0,1640154,3.0,33,,5.0,2.0,3.0,C01,138Â 301Â 779,1.0
961010,201900002541,2,14,12:25,1,2,2,1.0,4.0,63040,Avenue de la RÃ©publique,M,"45,7276870","3,3376040",63,2019,50.0,1.0,1.0,3.0,2147822,1.0,1,1,2,9.0,,0.0,0,1986.0,A01,138Â 301Â 781,1.0,-1.0,-1.0,1640155,3.0,7,,0.0,2.0,2.0,B01,138Â 301Â 780,1.0
961010,201900002541,2,14,12:25,1,2,2,1.0,4.0,63040,Avenue de la RÃ©publique,M,"45,7276870","3,3376040",63,2019,50.0,1.0,1.0,3.0,2147822,1.0,1,1,2,9.0,,0.0,0,1986.0,A01,138Â 301Â 781,1.0,-1.0,-1.0,1640156,3.0,7,,0.0,0.0,7.0,A01,138Â 301Â 781,1.0
961011,201900002542,2,12,15:10,1,1,6,1.0,3.0,44010,ROND POINT DE LA GOVELLE - CD 45,M,"47,2675270"," -2,4542160",44,2019,70.0,1.0,1.0,3.0,2147823,1.0,1,1,2,5.0,,0.0,0,1950.0,A01,138Â 301Â 777,1.0,-1.0,-1.0,1640157,2.0,7,,0.0,9.0,3.0,A01,138Â 301Â 777,1.0
961011,201900002542,2,12,15:10,1,1,6,1.0,3.0,44010,ROND POINT DE LA GOVELLE - CD 45,M,"47,2675270"," -2,4542160",44,2019,70.0,1.0,1.0,3.0,2147823,1.0,1,1,2,5.0,,0.0,0,1950.0,A01,138Â 301Â 777,1.0,-1.0,-1.0,1640158,2.0,1,,0.0,0.0,7.0,B01,138Â 301Â 778,0.0
961011,201900002542,2,12,15:10,1,1,6,1.0,3.0,44010,ROND POINT DE LA GOVELLE - CD 45,M,"47,2675270"," -2,4542160",44,2019,70.0,1.0,1.0,3.0,2147824,1.0,1,3,2,5.0,,0.0,0,1955.0,B01,138Â 301Â 778,0.0,-1.0,-1.0,1640157,2.0,7,,0.0,9.0,3.0,A01,138Â 301Â 777,1.0
961011,201900002542,2,12,15:10,1,1,6,1.0,3.0,44010,ROND POINT DE LA GOVELLE - CD 45,M,"47,2675270"," -2,4542160",44,2019,70.0,1.0,1.0,3.0,2147824,1.0,1,3,2,5.0,,0.0,0,1955.0,B01,138Â 301Â 778,0.0,-1.0,-1.0,1640158,2.0,1,,0.0,0.0,7.0,B01,138Â 301Â 778,0.0
961012,201900002543,2,11,15:30,1,1,1,1.0,2.0,44133,LE MOULIN DE CHAPPE,M,"47,1552420"," -1,7968280",44,2019,80.0,1.0,1.0,3.0,2147825,1.0,1,3,1,1.0,,0.0,0,1993.0,A01,138Â 301Â 775,2.0,-1.0,-1.0,1640159,1.0,2,,1.0,0.0,1.0,A01,138Â 301Â 775,1.0
961012,201900002543,2,11,15:30,1,1,1,1.0,2.0,44133,LE MOULIN DE CHAPPE,M,"47,1552420"," -1,7968280",44,2019,80.0,1.0,1.0,3.0,2147825,1.0,1,3,1,1.0,,0.0,0,1993.0,A01,138Â 301Â 775,2.0,-1.0,-1.0,1640160,1.0,10,,0.0,0.0,5.0,B01,138Â 301Â 776,1.0
961012,201900002543,2,11,15:30,1,1,1,1.0,2.0,44133,LE MOULIN DE CHAPPE,M,"47,1552420"," -1,7968280",44,2019,80.0,1.0,1.0,3.0,2147826,1.0,1,1,1,4.0,,0.0,0,1961.0,B01,138Â 301Â 776,4.0,-1.0,-1.0,1640159,1.0,2,,1.0,0.0,1.0,A01,138Â 301Â 775,1.0
961012,201900002543,2,11,15:30,1,1,1,1.0,2.0,44133,LE MOULIN DE CHAPPE,M,"47,1552420"," -1,7968280",44,2019,80.0,1.0,1.0,3.0,2147826,1.0,1,1,1,4.0,,0.0,0,1961.0,B01,138Â 301Â 776,4.0,-1.0,-1.0,1640160,1.0,10,,0.0,0.0,5.0,B01,138Â 301Â 776,1.0
961013,201900002544,2,12,08:20,2,1,1,5.0,6.0,31275,D41,M,"43,7329440","1,0150570",31,2019,80.0,3.0,2.0,3.0,2147827,1.0,1,2,1,0.0,,0.0,0,1929.0,A01,138Â 301Â 774,1.0,-1.0,-1.0,1640161,1.0,7,,2.0,0.0,1.0,A01,138Â 301Â 774,1.0
961014,201900002545,2,14,16:20,1,2,1,7.0,1.0,38179,rue des Glairons,M,"45,1819350","5,7913920",38,2019,30.0,1.0,1.0,4.0,2147828,2.0,2,1,1,4.0,,0.0,0,1968.0,B01,138Â 301Â 772,1.0,-1.0,-1.0,1640162,0.0,7,,0.0,2.0,1.0,B01,138Â 301Â 772,1.0
961014,201900002545,2,14,16:20,1,2,1,7.0,1.0,38179,rue des Glairons,M,"45,1819350","5,7913920",38,2019,30.0,1.0,1.0,4.0,2147828,2.0,2,1,1,4.0,,0.0,0,1968.0,B01,138Â 301Â 772,1.0,-1.0,-1.0,1640163,0.0,7,,0.0,2.0,1.0,A01,138Â 301Â 773,1.0
961014,201900002545,2,14,16:20,1,2,1,7.0,1.0,38179,rue des Glairons,M,"45,1819350","5,7913920",38,2019,30.0,1.0,1.0,4.0,2147829,1.0,1,1,1,4.0,,0.0,0,1970.0,B01,138Â 301Â 772,1.0,-1.0,-1.0,1640162,0.0,7,,0.0,2.0,1.0,B01,138Â 301Â 772,1.0
961014,201900002545,2,14,16:20,1,2,1,7.0,1.0,38179,rue des Glairons,M,"45,1819350","5,7913920",38,2019,30.0,1.0,1.0,4.0,2147829,1.0,1,1,1,4.0,,0.0,0,1970.0,B01,138Â 301Â 772,1.0,-1.0,-1.0,1640163,0.0,7,,0.0,2.0,1.0,A01,138Â 301Â 773,1.0
961014,201900002545,2,14,16:20,1,2,1,7.0,1.0,38179,rue des Glairons,M,"45,1819350","5,7913920",38,2019,30.0,1.0,1.0,4.0,2147830,9.0,2,1,1,4.0,,0.0,0,1996.0,B01,138Â 301Â 772,1.0,-1.0,-1.0,1640162,0.0,7,,0.0,2.0,1.0,B01,138Â 301Â 772,1.0
961014,201900002545,2,14,16:20,1,2,1,7.0,1.0,38179,rue des Glairons,M,"45,1819350","5,7913920",38,2019,30.0,1.0,1.0,4.0,2147830,9.0,2,1,1,4.0,,0.0,0,1996.0,B01,138Â 301Â 772,1.0,-1.0,-1.0,1640163,0.0,7,,0.0,2.0,1.0,A01,138Â 301Â 773,1.0
961014,201900002545,2,14,16:20,1,2,1,7.0,1.0,38179,rue des Glairons,M,"45,1819350","5,7913920",38,2019,30.0,1.0,1.0,4.0,2147831,1.0,1,4,1,0.0,,0.0,0,1994.0,A01,138Â 301Â 773,9.0,-1.0,-1.0,1640162,0.0,7,,0.0,2.0,1.0,B01,138Â 301Â 772,1.0
961014,201900002545,2,14,16:20,1,2,1,7.0,1.0,38179,rue des Glairons,M,"45,1819350","5,7913920",38,2019,30.0,1.0,1.0,4.0,2147831,1.0,1,4,1,0.0,,0.0,0,1994.0,A01,138Â 301Â 773,9.0,-1.0,-1.0,1640163,0.0,7,,0.0,2.0,1.0,A01,138Â 301Â 773,1.0
961015,201900002546,2,13,07:20,2,1,1,1.0,5.0,01025,1643 route de Pont de Vaux,M,"46,3282288","4,9356990",1,2019,70.0,1.0,1.0,3.0,2147832,1.0,1,3,1,1.0,,0.0,0,2002.0,C01,138Â 301Â 769,2.0,6.0,-1.0,1640164,2.0,2,,0.0,2.0,1.0,C01,138Â 301Â 769,1.0
961015,201900002546,2,13,07:20,2,1,1,1.0,5.0,01025,1643 route de Pont de Vaux,M,"46,3282288","4,9356990",1,2019,70.0,1.0,1.0,3.0,2147832,1.0,1,3,1,1.0,,0.0,0,2002.0,C01,138Â 301Â 769,2.0,6.0,-1.0,1640165,1.0,7,,0.0,2.0,3.0,B01,138Â 301Â 770,1.0
961015,201900002546,2,13,07:20,2,1,1,1.0,5.0,01025,1643 route de Pont de Vaux,M,"46,3282288","4,9356990",1,2019,70.0,1.0,1.0,3.0,2147832,1.0,1,3,1,1.0,,0.0,0,2002.0,C01,138Â 301Â 769,2.0,6.0,-1.0,1640166,1.0,7,,0.0,2.0,3.0,A01,138Â 301Â 771,1.0