Unnamed: 0_x,num_acc,mois,jour,hrmn,lum,agg,int,atm,col,com,adr,gps,lat,long,dep,annee,vma,situ,surf,catr,Unnamed: 0_y,place,catu,grav,sexe,trajet,secu,locp,actp,an_nais,num_veh_x,id_vehicule_x,secu1,secu2,secu3,Unnamed: 0,senc,catv,occutc,obs,obsm,choc,num_veh_y,id_vehicule_y,motor
961015,201900002546,2,13,07:20,2,1,1,1.0,5.0,01025,1643 route de Pont de Vaux,M,"46,3282288","4,9356990",1,2019,70.0,1.0,1.0,3.0,2147833,1.0,1,1,1,1.0,,0.0,0,1977.0,B01,138Â 301Â 770,1.0,-1.0,-1.0,1640164,2.0,2,,0.0,2.0,1.0,C01,138Â 301Â 769,1.0
961015,201900002546,2,13,07:20,2,1,1,1.0,5.0,01025,1643 route de Pont de Vaux,M,"46,3282288","4,9356990",1,2019,70.0,1.0,1.0,3.0,2147833,1.0,1,1,1,1.0,,0.0,0,1977.0,B01,138Â 301Â 770,1.0,-1.0,-1.0,1640165,1.0,7,,0.0,2.0,3.0,B01,138Â 301Â 770,1.0
961015,201900002546,2,13,07:20,2,1,1,1.0,5.0,01025,1643 route de Pont de Vaux,M,"46,3282288","4,9356990",1,2019,70.0,1.0,1.0,3.0,2147833,1.0,1,1,1,1.0,,0.0,0,1977.0,B01,138Â 301Â 770,1.0,-1.0,-1.0,1640166,1.0,7,,0.0,2.0,3.0,A01,138Â 301Â 771,1.0
961015,201900002546,2,13,07:20,2,1,1,1.0,5.0,01025,1643 route de Pont de Vaux,M,"46,3282288","4,9356990",1,2019,70.0,1.0,1.0,3.0,2147834,1.0,1,1,1,5.0,,0.0,0,1962.0,A01,138Â 301Â 771,1.0,-1.0,-1.0,1640164,2.0,2,,0.0,2.0,1.0,C01,138Â 301Â 769,1.0
961015,201900002546,2,13,07:20,2,1,1,1.0,5.0,01025,1643 route de Pont de Vaux,M,"46,3282288","4,9356990",1,2019,70.0,1.0,1.0,3.0,2147834,1.0,1,1,1,5.0,,0.0,0,1962.0,A01,138Â 301Â 771,1.0,-1.0,-1.0,1640165,1.0,7,,0.0,2.0,3.0,B01,138Â 301Â 770,1.0
961015,201900002546,2,13,07:20,2,1,1,1.0,5.0,01025,1643 route de Pont de Vaux,M,"46,3282288","4,9356990",1,2019,70.0,1.0,1.0,3.0,2147834,1.0,1,1,1,5.0,,0.0,0,1962.0,A01,138Â 301Â 771,1.0,-1.0,-1.0,1640166,1.0,7,,0.0,2.0,3.0,A01,138Â 301Â 771,1.0
961016,201900002547,2,14,16:00,1,1,1,1.0,3.0,58244,RD37,M,"47,0477890","3,8741070",58,2019,80.0,1.0,1.0,3.0,2147835,1.0,1,4,1,5.0,,0.0,0,1995.0,B01,138Â 301Â 768,2.0,-1.0,-1.0,1640167,0.0,10,,0.0,2.0,8.0,A01,138Â 301Â 767,0.0
961016,201900002547,2,14,16:00,1,1,1,1.0,3.0,58244,RD37,M,"47,0477890","3,8741070",58,2019,80.0,1.0,1.0,3.0,2147835,1.0,1,4,1,5.0,,0.0,0,1995.0,B01,138Â 301Â 768,2.0,-1.0,-1.0,1640168,0.0,31,,0.0,2.0,7.0,B01,138Â 301Â 768,1.0
961017,201900002548,2,13,19:15,5,2,1,1.0,6.0,72006,le petit coudray,M,"48,4084710","0,0879920",72,2019,-1.0,1.0,1.0,6.0,2147836,1.0,1,1,2,3.0,,0.0,0,1964.0,A01,138Â 301Â 766,1.0,-1.0,-1.0,1640169,0.0,7,,0.0,1.0,3.0,A01,138Â 301Â 766,1.0
961017,201900002548,2,13,19:15,5,2,1,1.0,6.0,72006,le petit coudray,M,"48,4084710","0,0879920",72,2019,-1.0,1.0,1.0,6.0,2147837,10.0,3,3,1,5.0,,2.0,3,2002.0,A01,138Â 301Â 766,0.0,-1.0,-1.0,1640169,0.0,7,,0.0,1.0,3.0,A01,138Â 301Â 766,1.0
961018,201900002549,2,14,08:15,1,2,1,1.0,3.0,06079,237 avenue de Cannes,M,"43,5423180","6,9367490",6,2019,-1.0,1.0,1.0,3.0,2147838,2.0,2,4,2,0.0,,0.0,0,2000.0,B01,138Â 301Â 764,2.0,6.0,-1.0,1640170,1.0,33,,0.0,2.0,1.0,B01,138Â 301Â 764,0.0
961018,201900002549,2,14,08:15,1,2,1,1.0,3.0,06079,237 avenue de Cannes,M,"43,5423180","6,9367490",6,2019,-1.0,1.0,1.0,3.0,2147838,2.0,2,4,2,0.0,,0.0,0,2000.0,B01,138Â 301Â 764,2.0,6.0,-1.0,1640171,0.0,34,,0.0,2.0,3.0,A01,138Â 301Â 765,0.0
961018,201900002549,2,14,08:15,1,2,1,1.0,3.0,06079,237 avenue de Cannes,M,"43,5423180","6,9367490",6,2019,-1.0,1.0,1.0,3.0,2147839,1.0,1,1,1,0.0,,0.0,0,1983.0,B01,138Â 301Â 764,2.0,6.0,-1.0,1640170,1.0,33,,0.0,2.0,1.0,B01,138Â 301Â 764,0.0
961018,201900002549,2,14,08:15,1,2,1,1.0,3.0,06079,237 avenue de Cannes,M,"43,5423180","6,9367490",6,2019,-1.0,1.0,1.0,3.0,2147839,1.0,1,1,1,0.0,,0.0,0,1983.0,B01,138Â 301Â 764,2.0,6.0,-1.0,1640171,0.0,34,,0.0,2.0,3.0,A01,138Â 301Â 765,0.0
961018,201900002549,2,14,08:15,1,2,1,1.0,3.0,06079,237 avenue de Cannes,M,"43,5423180","6,9367490",6,2019,-1.0,1.0,1.0,3.0,2147840,1.0,1,4,1,0.0,,0.0,0,1961.0,A01,138Â 301Â 765,2.0,6.0,-1.0,1640170,1.0,33,,0.0,2.0,1.0,B01,138Â 301Â 764,0.0
961018,201900002549,2,14,08:15,1,2,1,1.0,3.0,06079,237 avenue de Cannes,M,"43,5423180","6,9367490",6,2019,-1.0,1.0,1.0,3.0,2147840,1.0,1,4,1,0.0,,0.0,0,1961.0,A01,138Â 301Â 765,2.0,6.0,-1.0,1640171,0.0,34,,0.0,2.0,3.0,A01,138Â 301Â 765,0.0
961019,201900002550,2,13,06:00,3,1,3,1.0,3.0,50604,La ChaussÃ©e,M,"49,5406700"," -1,8374050",50,2019,80.0,1.0,1.0,3.0,2147841,1.0,1,4,1,4.0,,0.0,0,1955.0,B01,138Â 301Â 758,8.0,-1.0,-1.0,1640172,1.0,7,,0.0,2.0,8.0,B01,138Â 301Â 758,1.0
961019,201900002550,2,13,06:00,3,1,3,1.0,3.0,50604,La ChaussÃ©e,M,"49,5406700"," -1,8374050",50,2019,80.0,1.0,1.0,3.0,2147841,1.0,1,4,1,4.0,,0.0,0,1955.0,B01,138Â 301Â 758,8.0,-1.0,-1.0,1640173,2.0,7,,0.0,2.0,1.0,A01,138Â 301Â 759,1.0
961019,201900002550,2,13,06:00,3,1,3,1.0,3.0,50604,La ChaussÃ©e,M,"49,5406700"," -1,8374050",50,2019,80.0,1.0,1.0,3.0,2147842,1.0,1,4,1,1.0,,0.0,0,1974.0,A01,138Â 301Â 759,8.0,-1.0,-1.0,1640172,1.0,7,,0.0,2.0,8.0,B01,138Â 301Â 758,1.0
961019,201900002550,2,13,06:00,3,1,3,1.0,3.0,50604,La ChaussÃ©e,M,"49,5406700"," -1,8374050",50,2019,80.0,1.0,1.0,3.0,2147842,1.0,1,4,1,1.0,,0.0,0,1974.0,A01,138Â 301Â 759,8.0,-1.0,-1.0,1640173,2.0,7,,0.0,2.0,1.0,A01,138Â 301Â 759,1.0
961019,201900002550,2,13,06:00,3,1,3,1.0,3.0,50604,La ChaussÃ©e,M,"49,5406700"," -1,8374050",50,2019,80.0,1.0,1.0,3.0,2147843,2.0,2,1,1,1.0,,0.0,0,1999.0,A01,138Â 301Â 759,8.0,-1.0,-1.0,1640172,1.0,7,,0.0,2.0,8.0,B01,138Â 301Â 758,1.0
961019,201900002550,2,13,06:00,3,1,3,1.0,3.0,50604,La ChaussÃ©e,M,"49,5406700"," -1,8374050",50,2019,80.0,1.0,1.0,3.0,2147843,2.0,2,1,1,1.0,,0.0,0,1999.0,A01,138Â 301Â 759,8.0,-1.0,-1.0,1640173,2.0,7,,0.0,2.0,1.0,A01,138Â 301Â 759,1.0
961020,201900002551,2,13,11:45,1,1,1,1.0,7.0,24540,"RN 21, PK 40+300",M,"45,2753000","0,8615800",24,2019,90.0,3.0,1.0,2.0,2147844,1.0,1,3,2,3.0,,0.0,0,1950.0,A01,138Â 301Â 757,1.0,-1.0,-1.0,1640174,2.0,7,,0.0,0.0,3.0,A01,138Â 301Â 757,1.0
961021,201900002552,2,12,15:00,1,1,1,1.0,7.0,17337,D126 - la GibertiÃ¨re,M,"45,9761610"," -1,3162550",17,2019,80.0,8.0,1.0,3.0,2147845,1.0,1,3,2,5.0,,0.0,0,1961.0,A01,138Â 301Â 756,1.0,-1.0,-1.0,1640175,2.0,7,,13.0,0.0,1.0,A01,138Â 301Â 756,1.0
961022,201900002553,2,14,08:47,1,2,1,1.0,7.0,17236,Avenue d'Aquitaine - D137,M,"45,3661730"," -0,5699190",17,2019,50.0,1.0,1.0,3.0,2147846,1.0,1,2,1,5.0,,0.0,0,1943.0,A01,138Â 301Â 755,1.0,-1.0,-1.0,1640176,1.0,7,,0.0,0.0,0.0,A01,138Â 301Â 755,1.0
961023,201900002554,2,13,17:20,1,1,1,1.0,6.0,97603,"rue de la coopÃ©rative, village M TSAMOUDOU",M," -12,9176060","45,1850640",976,2019,-1.0,1.0,1.0,4.0,2147847,10.0,3,4,1,5.0,,1.0,9,2016.0,A01,138Â 301Â 754,0.0,-1.0,-1.0,1640177,3.0,10,,0.0,1.0,3.0,A01,138Â 301Â 754,1.0
961023,201900002554,2,13,17:20,1,1,1,1.0,6.0,97603,"rue de la coopÃ©rative, village M TSAMOUDOU",M," -12,9176060","45,1850640",976,2019,-1.0,1.0,1.0,4.0,2147848,1.0,1,1,1,5.0,,0.0,0,1975.0,A01,138Â 301Â 754,1.0,-1.0,-1.0,1640177,3.0,10,,0.0,1.0,3.0,A01,138Â 301Â 754,1.0
961023,201900002554,2,13,17:20,1,1,1,1.0,6.0,97603,"rue de la coopÃ©rative, village M TSAMOUDOU",M," -12,9176060","45,1850640",976,2019,-1.0,1.0,1.0,4.0,2147849,10.0,3,4,2,5.0,,1.0,9,2002.0,A01,138Â 301Â 754,0.0,-1.0,-1.0,1640177,3.0,10,,0.0,1.0,3.0,A01,138Â 301Â 754,1.0
961024,201900002555,2,13,17:40,1,1,2,1.0,7.0,26333,RN7,M,"45,1669010","4,8183650",26,2019,70.0,1.0,1.0,2.0,2147850,1.0,1,3,1,4.0,,0.0,0,1954.0,A01,138Â 301Â 753,1.0,-1.0,-1.0,1640178,1.0,15,,7.0,0.0,1.0,A01,138Â 301Â 753,1.0
961025,201900002556,2,13,02:00,5,2,3,1.0,6.0,98811,RT1/RUE MONNIER,M," -21,0592500","164,8596300",988,2019,-1.0,4.0,1.0,2.0,2147851,1.0,1,3,1,5.0,,0.0,0,1997.0,A01,138Â 301Â 752,1.0,-1.0,-1.0,1640179,1.0,7,,8.0,0.0,3.0,A01,138Â 301Â 752,1.0
961025,201900002556,2,13,02:00,5,2,3,1.0,6.0,98811,RT1/RUE MONNIER,M," -21,0592500","164,8596300",988,2019,-1.0,4.0,1.0,2.0,2147852,2.0,2,1,1,5.0,,0.0,0,1998.0,A01,138Â 301Â 752,1.0,-1.0,-1.0,1640179,1.0,7,,8.0,0.0,3.0,A01,138Â 301Â 752,1.0
961026,201900002557,2,12,15:56,1,1,1,1.0,7.0,45315,route de Viglain,M,"47,7574892","2,3259982",45,2019,80.0,3.0,1.0,3.0,2147853,1.0,1,3,1,5.0,,0.0,0,1971.0,A01,138Â 301Â 751,1.0,-1.0,-1.0,1640180,2.0,7,,13.0,0.0,9.0,A01,138Â 301Â 751,1.0
961027,201900002558,2,12,19:00,3,1,1,1.0,1.0,78209,route d'Orphin,M,"48,5844420","1,7330590",78,2019,50.0,1.0,1.0,4.0,2147854,1.0,1,4,1,0.0,,0.0,0,2001.0,B01,138Â 301Â 749,8.0,-1.0,-1.0,1640181,3.0,2,,0.0,2.0,1.0,B01,138Â 301Â 749,1.0
961027,201900002558,2,12,19:00,3,1,1,1.0,1.0,78209,route d'Orphin,M,"48,5844420","1,7330590",78,2019,50.0,1.0,1.0,4.0,2147854,1.0,1,4,1,0.0,,0.0,0,2001.0,B01,138Â 301Â 749,8.0,-1.0,-1.0,1640182,3.0,7,,0.0,2.0,3.0,A01,138Â 301Â 750,1.0
961027,201900002558,2,12,19:00,3,1,1,1.0,1.0,78209,route d'Orphin,M,"48,5844420","1,7330590",78,2019,50.0,1.0,1.0,4.0,2147855,1.0,1,1,2,0.0,,0.0,0,1965.0,A01,138Â 301Â 750,8.0,-1.0,-1.0,1640181,3.0,2,,0.0,2.0,1.0,B01,138Â 301Â 749,1.0
961027,201900002558,2,12,19:00,3,1,1,1.0,1.0,78209,route d'Orphin,M,"48,5844420","1,7330590",78,2019,50.0,1.0,1.0,4.0,2147855,1.0,1,1,2,0.0,,0.0,0,1965.0,A01,138Â 301Â 750,8.0,-1.0,-1.0,1640182,3.0,7,,0.0,2.0,3.0,A01,138Â 301Â 750,1.0
961028,201900002559,2,14,17:50,1,1,1,1.0,1.0,34341,D5,M,"43,4945800","3,5824300",34,2019,80.0,1.0,1.0,3.0,2147856,1.0,1,4,2,1.0,,0.0,0,1987.0,B01,138Â 301Â 747,1.0,-1.0,-1.0,1640183,1.0,7,,0.0,2.0,2.0,B01,138Â 301Â 747,1.0
961028,201900002559,2,14,17:50,1,1,1,1.0,1.0,34341,D5,M,"43,4945800","3,5824300",34,2019,80.0,1.0,1.0,3.0,2147856,1.0,1,4,2,1.0,,0.0,0,1987.0,B01,138Â 301Â 747,1.0,-1.0,-1.0,1640184,2.0,7,,0.0,2.0,2.0,A01,138Â 301Â 748,1.0
961028,201900002559,2,14,17:50,1,1,1,1.0,1.0,34341,D5,M,"43,4945800","3,5824300",34,2019,80.0,1.0,1.0,3.0,2147857,1.0,1,4,1,1.0,,0.0,0,1987.0,A01,138Â 301Â 748,1.0,-1.0,-1.0,1640183,1.0,7,,0.0,2.0,2.0,B01,138Â 301Â 747,1.0
961028,201900002559,2,14,17:50,1,1,1,1.0,1.0,34341,D5,M,"43,4945800","3,5824300",34,2019,80.0,1.0,1.0,3.0,2147857,1.0,1,4,1,1.0,,0.0,0,1987.0,A01,138Â 301Â 748,1.0,-1.0,-1.0,1640184,2.0,7,,0.0,2.0,2.0,A01,138Â 301Â 748,1.0
961029,201900002560,2,13,18:40,3,1,9,1.0,1.0,34199,boulevard Martin Luther King et Nelson mandela,M,"43,4636370","3,4101510",34,2019,80.0,1.0,1.0,3.0,2147858,1.0,1,3,2,0.0,,0.0,0,1953.0,B01,138Â 301Â 745,8.0,-1.0,-1.0,1640185,2.0,7,,0.0,2.0,3.0,B01,138Â 301Â 745,0.0
961029,201900002560,2,13,18:40,3,1,9,1.0,1.0,34199,boulevard Martin Luther King et Nelson mandela,M,"43,4636370","3,4101510",34,2019,80.0,1.0,1.0,3.0,2147858,1.0,1,3,2,0.0,,0.0,0,1953.0,B01,138Â 301Â 745,8.0,-1.0,-1.0,1640186,1.0,7,,0.0,2.0,3.0,A01,138Â 301Â 746,0.0
961029,201900002560,2,13,18:40,3,1,9,1.0,1.0,34199,boulevard Martin Luther King et Nelson mandela,M,"43,4636370","3,4101510",34,2019,80.0,1.0,1.0,3.0,2147859,1.0,1,1,1,0.0,,0.0,0,1999.0,A01,138Â 301Â 746,8.0,-1.0,-1.0,1640185,2.0,7,,0.0,2.0,3.0,B01,138Â 301Â 745,0.0
961029,201900002560,2,13,18:40,3,1,9,1.0,1.0,34199,boulevard Martin Luther King et Nelson mandela,M,"43,4636370","3,4101510",34,2019,80.0,1.0,1.0,3.0,2147859,1.0,1,1,1,0.0,,0.0,0,1999.0,A01,138Â 301Â 746,8.0,-1.0,-1.0,1640186,1.0,7,,0.0,2.0,3.0,A01,138Â 301Â 746,0.0
961030,201900002561,2,14,14:15,1,2,6,1.0,7.0,83107,rond point de l'appel du 18 juin 1940 la bouverie,M,"43,4955160","6,6410080",83,2019,50.0,1.0,1.0,4.0,2147860,1.0,1,4,1,5.0,,0.0,0,1967.0,A01,138Â 301Â 744,6.0,2.0,-1.0,1640187,3.0,33,,0.0,0.0,1.0,A01,138Â 301Â 744,1.0
961031,201900002562,2,14,11:30,1,1,1,1.0,6.0,68021,Rue de Rosenau,M,"47,6385190","7,5194440",68,2019,70.0,3.0,1.0,3.0,2147861,2.0,2,3,1,5.0,,0.0,0,1964.0,A01,138Â 301Â 743,1.0,-1.0,-1.0,1640188,1.0,7,,2.0,0.0,3.0,A01,138Â 301Â 743,6.0
961031,201900002562,2,14,11:30,1,1,1,1.0,6.0,68021,Rue de Rosenau,M,"47,6385190","7,5194440",68,2019,70.0,3.0,1.0,3.0,2147862,3.0,2,3,2,5.0,,0.0,0,1995.0,A01,138Â 301Â 743,1.0,-1.0,-1.0,1640188,1.0,7,,2.0,0.0,3.0,A01,138Â 301Â 743,6.0
961031,201900002562,2,14,11:30,1,1,1,1.0,6.0,68021,Rue de Rosenau,M,"47,6385190","7,5194440",68,2019,70.0,3.0,1.0,3.0,2147863,1.0,1,3,1,9.0,,0.0,0,1990.0,A01,138Â 301Â 743,1.0,-1.0,-1.0,1640188,1.0,7,,2.0,0.0,3.0,A01,138Â 301Â 743,6.0
961032,201900002563,2,13,14:50,1,1,1,1.0,3.0,26146,RD 541 PR 15.100,M,"44,4208698","4,8708923",26,2019,80.0,1.0,1.0,3.0,2147864,1.0,1,1,1,5.0,,0.0,0,1965.0,B01,138Â 301Â 741,1.0,-1.0,-1.0,1640189,2.0,7,,0.0,2.0,8.0,B01,138Â 301Â 741,6.0
961032,201900002563,2,13,14:50,1,1,1,1.0,3.0,26146,RD 541 PR 15.100,M,"44,4208698","4,8708923",26,2019,80.0,1.0,1.0,3.0,2147864,1.0,1,1,1,5.0,,0.0,0,1965.0,B01,138Â 301Â 741,1.0,-1.0,-1.0,1640190,1.0,1,,0.0,2.0,1.0,A01,138Â 301Â 742,6.0
961032,201900002563,2,13,14:50,1,1,1,1.0,3.0,26146,RD 541 PR 15.100,M,"44,4208698","4,8708923",26,2019,80.0,1.0,1.0,3.0,2147865,1.0,1,3,1,5.0,,0.0,0,1989.0,A01,138Â 301Â 742,2.0,9.0,-1.0,1640189,2.0,7,,0.0,2.0,8.0,B01,138Â 301Â 741,6.0
961032,201900002563,2,13,14:50,1,1,1,1.0,3.0,26146,RD 541 PR 15.100,M,"44,4208698","4,8708923",26,2019,80.0,1.0,1.0,3.0,2147865,1.0,1,3,1,5.0,,0.0,0,1989.0,A01,138Â 301Â 742,2.0,9.0,-1.0,1640190,1.0,1,,0.0,2.0,1.0,A01,138Â 301Â 742,6.0
961033,201900002564,2,14,17:00,1,2,1,1.0,7.0,69010,AVENUE DU CHAMP D'AZILE,M,"45,8335800","4,6071650",69,2019,50.0,1.0,1.0,4.0,2147866,2.0,2,4,1,1.0,,0.0,0,2004.0,A01,138Â 301Â 740,0.0,-1.0,-1.0,1640191,3.0,2,,0.0,0.0,1.0,A01,138Â 301Â 740,1.0
961033,201900002564,2,14,17:00,1,2,1,1.0,7.0,69010,AVENUE DU CHAMP D'AZILE,M,"45,8335800","4,6071650",69,2019,50.0,1.0,1.0,4.0,2147867,1.0,1,1,1,0.0,,0.0,0,2002.0,A01,138Â 301Â 740,2.0,-1.0,-1.0,1640191,3.0,2,,0.0,0.0,1.0,A01,138Â 301Â 740,1.0
961034,201900002565,2,14,11:20,1,1,1,1.0,1.0,17393,57 route des Husseaux,M,"45,6828050"," -0,8390810",17,2019,80.0,1.0,1.0,3.0,2147868,1.0,1,3,1,5.0,,0.0,0,1998.0,A01,138Â 301Â 738,1.0,-1.0,-1.0,1640192,1.0,7,,0.0,2.0,3.0,A01,138Â 301Â 738,1.0
961034,201900002565,2,14,11:20,1,1,1,1.0,1.0,17393,57 route des Husseaux,M,"45,6828050"," -0,8390810",17,2019,80.0,1.0,1.0,3.0,2147868,1.0,1,3,1,5.0,,0.0,0,1998.0,A01,138Â 301Â 738,1.0,-1.0,-1.0,1640193,2.0,7,,0.0,2.0,3.0,B01,138Â 301Â 739,1.0
961034,201900002565,2,14,11:20,1,1,1,1.0,1.0,17393,57 route des Husseaux,M,"45,6828050"," -0,8390810",17,2019,80.0,1.0,1.0,3.0,2147869,1.0,1,4,1,5.0,,0.0,0,1993.0,B01,138Â 301Â 739,1.0,-1.0,-1.0,1640192,1.0,7,,0.0,2.0,3.0,A01,138Â 301Â 738,1.0
961034,201900002565,2,14,11:20,1,1,1,1.0,1.0,17393,57 route des Husseaux,M,"45,6828050"," -0,8390810",17,2019,80.0,1.0,1.0,3.0,2147869,1.0,1,4,1,5.0,,0.0,0,1993.0,B01,138Â 301Â 739,1.0,-1.0,-1.0,1640193,2.0,7,,0.0,2.0,3.0,B01,138Â 301Â 739,1.0
961035,201900002566,2,14,16:25,1,1,1,1.0,2.0,64230,RD 217 ROUTE DE LAS HIES,M,"43,2391060"," -0,4222360",64,2019,70.0,1.0,1.0,3.0,2147870,1.0,1,4,1,5.0,,0.0,0,1972.0,A01,138Â 301Â 736,2.0,-1.0,-1.0,1640194,2.0,1,,1.0,0.0,1.0,A01,138Â 301Â 736,5.0
961035,201900002566,2,14,16:25,1,1,1,1.0,2.0,64230,RD 217 ROUTE DE LAS HIES,M,"43,2391060"," -0,4222360",64,2019,70.0,1.0,1.0,3.0,2147870,1.0,1,4,1,5.0,,0.0,0,1972.0,A01,138Â 301Â 736,2.0,-1.0,-1.0,1640195,2.0,15,,0.0,0.0,0.0,B01,138Â 301Â 737,1.0
961035,201900002566,2,14,16:25,1,1,1,1.0,2.0,64230,RD 217 ROUTE DE LAS HIES,M,"43,2391060"," -0,4222360",64,2019,70.0,1.0,1.0,3.0,2147871,1.0,1,1,1,4.0,,0.0,0,1976.0,B01,138Â 301Â 737,1.0,-1.0,-1.0,1640194,2.0,1,,1.0,0.0,1.0,A01,138Â 301Â 736,5.0
961035,201900002566,2,14,16:25,1,1,1,1.0,2.0,64230,RD 217 ROUTE DE LAS HIES,M,"43,2391060"," -0,4222360",64,2019,70.0,1.0,1.0,3.0,2147871,1.0,1,1,1,4.0,,0.0,0,1976.0,B01,138Â 301Â 737,1.0,-1.0,-1.0,1640195,2.0,15,,0.0,0.0,0.0,B01,138Â 301Â 737,1.0
961036,201900002567,2,14,13:50,1,1,3,1.0,1.0,24347,LA CROIX,M,"44,7169650","0,7994390",24,2019,80.0,1.0,1.0,3.0,2147872,1.0,1,2,1,5.0,,0.0,0,1947.0,A01,138Â 301Â 734,2.0,-1.0,-1.0,1640196,3.0,1,,0.0,2.0,8.0,A01,138Â 301Â 734,5.0
961036,201900002567,2,14,13:50,1,1,3,1.0,1.0,24347,LA CROIX,M,"44,7169650","0,7994390",24,2019,80.0,1.0,1.0,3.0,2147872,1.0,1,2,1,5.0,,0.0,0,1947.0,A01,138Â 301Â 734,2.0,-1.0,-1.0,1640197,1.0,7,,0.0,2.0,2.0,B01,138Â 301Â 735,1.0
961036,201900002567,2,14,13:50,1,1,3,1.0,1.0,24347,LA CROIX,M,"44,7169650","0,7994390",24,2019,80.0,1.0,1.0,3.0,2147873,1.0,1,1,2,4.0,,0.0,0,1957.0,B01,138Â 301Â 735,1.0,-1.0,-1.0,1640196,3.0,1,,0.0,2.0,8.0,A01,138Â 301Â 734,5.0
961036,201900002567,2,14,13:50,1,1,3,1.0,1.0,24347,LA CROIX,M,"44,7169650","0,7994390",24,2019,80.0,1.0,1.0,3.0,2147873,1.0,1,1,2,4.0,,0.0,0,1957.0,B01,138Â 301Â 735,1.0,-1.0,-1.0,1640197,1.0,7,,0.0,2.0,2.0,B01,138Â 301Â 735,1.0
961037,201900002568,2,7,14:45,1,1,3,1.0,1.0,33222,D1089 / D245,M,"44,9413100"," -0,2076800",33,2019,80.0,1.0,1.0,3.0,2147874,2.0,2,3,1,5.0,,0.0,0,1942.0,B01,138Â 301Â 732,1.0,-1.0,-1.0,1640198,2.0,7,,0.0,2.0,2.0,B01,138Â 301Â 732,0.0
961037,201900002568,2,7,14:45,1,1,3,1.0,1.0,33222,D1089 / D245,M,"44,9413100"," -0,2076800",33,2019,80.0,1.0,1.0,3.0,2147874,2.0,2,3,1,5.0,,0.0,0,1942.0,B01,138Â 301Â 732,1.0,-1.0,-1.0,1640199,1.0,7,,0.0,2.0,3.0,A01,138Â 301Â 733,0.0
961037,201900002568,2,7,14:45,1,1,3,1.0,1.0,33222,D1089 / D245,M,"44,9413100"," -0,2076800",33,2019,80.0,1.0,1.0,3.0,2147875,1.0,1,3,2,5.0,,0.0,0,1947.0,B01,138Â 301Â 732,1.0,-1.0,-1.0,1640198,2.0,7,,0.0,2.0,2.0,B01,138Â 301Â 732,0.0
961037,201900002568,2,7,14:45,1,1,3,1.0,1.0,33222,D1089 / D245,M,"44,9413100"," -0,2076800",33,2019,80.0,1.0,1.0,3.0,2147875,1.0,1,3,2,5.0,,0.0,0,1947.0,B01,138Â 301Â 732,1.0,-1.0,-1.0,1640199,1.0,7,,0.0,2.0,3.0,A01,138Â 301Â 733,0.0
961037,201900002568,2,7,14:45,1,1,3,1.0,1.0,33222,D1089 / D245,M,"44,9413100"," -0,2076800",33,2019,80.0,1.0,1.0,3.0,2147876,1.0,1,3,1,0.0,,0.0,0,1933.0,A01,138Â 301Â 733,1.0,-1.0,-1.0,1640198,2.0,7,,0.0,2.0,2.0,B01,138Â 301Â 732,0.0
961037,201900002568,2,7,14:45,1,1,3,1.0,1.0,33222,D1089 / D245,M,"44,9413100"," -0,2076800",33,2019,80.0,1.0,1.0,3.0,2147876,1.0,1,3,1,0.0,,0.0,0,1933.0,A01,138Â 301Â 733,1.0,-1.0,-1.0,1640199,1.0,7,,0.0,2.0,3.0,A01,138Â 301Â 733,0.0
961038,201900002569,2,2,23:10,3,1,1,2.0,2.0,59043,AUTOROUTE A25,M,"50,7266600","2,7221800",59,2019,110.0,1.0,2.0,1.0,2147877,1.0,1,1,1,0.0,,-1.0, -1,1992.0,A01,138Â 301Â 726,1.0,0.0,-1.0,1640200,1.0,7,,0.0,2.0,4.0,A01,138Â 301Â 726,1.0
961038,201900002569,2,2,23:10,3,1,1,2.0,2.0,59043,AUTOROUTE A25,M,"50,7266600","2,7221800",59,2019,110.0,1.0,2.0,1.0,2147877,1.0,1,1,1,0.0,,-1.0, -1,1992.0,A01,138Â 301Â 726,1.0,0.0,-1.0,1640201,1.0,7,,0.0,2.0,1.0,B01,138Â 301Â 727,1.0
961038,201900002569,2,2,23:10,3,1,1,2.0,2.0,59043,AUTOROUTE A25,M,"50,7266600","2,7221800",59,2019,110.0,1.0,2.0,1.0,2147878,1.0,1,4,1,5.0,,-1.0, -1,1965.0,B01,138Â 301Â 727,1.0,0.0,-1.0,1640200,1.0,7,,0.0,2.0,4.0,A01,138Â 301Â 726,1.0
961038,201900002569,2,2,23:10,3,1,1,2.0,2.0,59043,AUTOROUTE A25,M,"50,7266600","2,7221800",59,2019,110.0,1.0,2.0,1.0,2147878,1.0,1,4,1,5.0,,-1.0, -1,1965.0,B01,138Â 301Â 727,1.0,0.0,-1.0,1640201,1.0,7,,0.0,2.0,1.0,B01,138Â 301Â 727,1.0