Unnamed: 0_x,num_acc,mois,jour,hrmn,lum,agg,int,atm,col,com,adr,gps,lat,long,dep,annee,vma,situ,surf,catr,Unnamed: 0_y,place,catu,grav,sexe,trajet,secu,locp,actp,an_nais,num_veh_x,id_vehicule_x,secu1,secu2,secu3,Unnamed: 0,senc,catv,occutc,obs,obsm,choc,num_veh_y,id_vehicule_y,motor
961039,201900002570,1,26,14:20,1,1,1,1.0,2.0,62274,AUTOROUTE A21,M,"50,4275900","2,9790400",62,2019,110.0,1.0,1.0,1.0,2147879,1.0,1,4,1,0.0,,0.0,0,1977.0,A01,138Â 301Â 724,1.0,0.0,-1.0,1640202,1.0,7,,0.0,2.0,1.0,A01,138Â 301Â 724,1.0
961039,201900002570,1,26,14:20,1,1,1,1.0,2.0,62274,AUTOROUTE A21,M,"50,4275900","2,9790400",62,2019,110.0,1.0,1.0,1.0,2147879,1.0,1,4,1,0.0,,0.0,0,1977.0,A01,138Â 301Â 724,1.0,0.0,-1.0,1640203,1.0,7,,0.0,2.0,4.0,B01,138Â 301Â 725,1.0
961039,201900002570,1,26,14:20,1,1,1,1.0,2.0,62274,AUTOROUTE A21,M,"50,4275900","2,9790400",62,2019,110.0,1.0,1.0,1.0,2147880,1.0,1,1,1,0.0,,0.0,0,1999.0,B01,138Â 301Â 725,1.0,0.0,-1.0,1640202,1.0,7,,0.0,2.0,1.0,A01,138Â 301Â 724,1.0
961039,201900002570,1,26,14:20,1,1,1,1.0,2.0,62274,AUTOROUTE A21,M,"50,4275900","2,9790400",62,2019,110.0,1.0,1.0,1.0,2147880,1.0,1,1,1,0.0,,0.0,0,1999.0,B01,138Â 301Â 725,1.0,0.0,-1.0,1640203,1.0,7,,0.0,2.0,4.0,B01,138Â 301Â 725,1.0
961040,201900002571,2,12,18:20,5,1,1,1.0,2.0,92050,A14,M,"48,8988016","2,2157366",92,2019,90.0,1.0,1.0,1.0,2147881,1.0,1,1,1,4.0,,-1.0,0,1957.0,A01,138Â 301Â 722,1.0,0.0,-1.0,1640204,1.0,10,,0.0,2.0,1.0,A01,138Â 301Â 722,1.0
961040,201900002571,2,12,18:20,5,1,1,1.0,2.0,92050,A14,M,"48,8988016","2,2157366",92,2019,90.0,1.0,1.0,1.0,2147881,1.0,1,1,1,4.0,,-1.0,0,1957.0,A01,138Â 301Â 722,1.0,0.0,-1.0,1640205,1.0,7,,0.0,2.0,6.0,B01,138Â 301Â 723,1.0
961040,201900002571,2,12,18:20,5,1,1,1.0,2.0,92050,A14,M,"48,8988016","2,2157366",92,2019,90.0,1.0,1.0,1.0,2147882,1.0,1,4,2,1.0,,-1.0,0,1989.0,B01,138Â 301Â 723,1.0,0.0,-1.0,1640204,1.0,10,,0.0,2.0,1.0,A01,138Â 301Â 722,1.0
961040,201900002571,2,12,18:20,5,1,1,1.0,2.0,92050,A14,M,"48,8988016","2,2157366",92,2019,90.0,1.0,1.0,1.0,2147882,1.0,1,4,2,1.0,,-1.0,0,1989.0,B01,138Â 301Â 723,1.0,0.0,-1.0,1640205,1.0,7,,0.0,2.0,6.0,B01,138Â 301Â 723,1.0
961041,201900002572,2,12,17:00,1,1,1,1.0,4.0,92036,A86,M,"48,9383700","2,3001300",92,2019,90.0,1.0,1.0,1.0,2147883,2.0,2,4,2,0.0,,-1.0,0,1999.0,B01,138Â 301Â 717,1.0,0.0,-1.0,1640206,1.0,7,,0.0,2.0,4.0,B01,138Â 301Â 717,1.0
961041,201900002572,2,12,17:00,1,1,1,1.0,4.0,92036,A86,M,"48,9383700","2,3001300",92,2019,90.0,1.0,1.0,1.0,2147883,2.0,2,4,2,0.0,,-1.0,0,1999.0,B01,138Â 301Â 717,1.0,0.0,-1.0,1640207,1.0,7,,0.0,2.0,4.0,C01,138Â 301Â 718,6.0
961041,201900002572,2,12,17:00,1,1,1,1.0,4.0,92036,A86,M,"48,9383700","2,3001300",92,2019,90.0,1.0,1.0,1.0,2147883,2.0,2,4,2,0.0,,-1.0,0,1999.0,B01,138Â 301Â 717,1.0,0.0,-1.0,1640208,1.0,7,,0.0,2.0,2.0,A01,138Â 301Â 719,1.0
961041,201900002572,2,12,17:00,1,1,1,1.0,4.0,92036,A86,M,"48,9383700","2,3001300",92,2019,90.0,1.0,1.0,1.0,2147884,1.0,1,4,2,0.0,,-1.0,0,1999.0,B01,138Â 301Â 717,1.0,0.0,-1.0,1640206,1.0,7,,0.0,2.0,4.0,B01,138Â 301Â 717,1.0
961041,201900002572,2,12,17:00,1,1,1,1.0,4.0,92036,A86,M,"48,9383700","2,3001300",92,2019,90.0,1.0,1.0,1.0,2147884,1.0,1,4,2,0.0,,-1.0,0,1999.0,B01,138Â 301Â 717,1.0,0.0,-1.0,1640207,1.0,7,,0.0,2.0,4.0,C01,138Â 301Â 718,6.0
961041,201900002572,2,12,17:00,1,1,1,1.0,4.0,92036,A86,M,"48,9383700","2,3001300",92,2019,90.0,1.0,1.0,1.0,2147884,1.0,1,4,2,0.0,,-1.0,0,1999.0,B01,138Â 301Â 717,1.0,0.0,-1.0,1640208,1.0,7,,0.0,2.0,2.0,A01,138Â 301Â 719,1.0
961041,201900002572,2,12,17:00,1,1,1,1.0,4.0,92036,A86,M,"48,9383700","2,3001300",92,2019,90.0,1.0,1.0,1.0,2147885,1.0,1,1,1,0.0,,-1.0,0,1971.0,C01,138Â 301Â 718,1.0,0.0,-1.0,1640206,1.0,7,,0.0,2.0,4.0,B01,138Â 301Â 717,1.0
961041,201900002572,2,12,17:00,1,1,1,1.0,4.0,92036,A86,M,"48,9383700","2,3001300",92,2019,90.0,1.0,1.0,1.0,2147885,1.0,1,1,1,0.0,,-1.0,0,1971.0,C01,138Â 301Â 718,1.0,0.0,-1.0,1640207,1.0,7,,0.0,2.0,4.0,C01,138Â 301Â 718,6.0
961041,201900002572,2,12,17:00,1,1,1,1.0,4.0,92036,A86,M,"48,9383700","2,3001300",92,2019,90.0,1.0,1.0,1.0,2147885,1.0,1,1,1,0.0,,-1.0,0,1971.0,C01,138Â 301Â 718,1.0,0.0,-1.0,1640208,1.0,7,,0.0,2.0,2.0,A01,138Â 301Â 719,1.0
961041,201900002572,2,12,17:00,1,1,1,1.0,4.0,92036,A86,M,"48,9383700","2,3001300",92,2019,90.0,1.0,1.0,1.0,2147886,1.0,1,1,1,0.0,,-1.0,0,1956.0,A01,138Â 301Â 719,1.0,0.0,-1.0,1640206,1.0,7,,0.0,2.0,4.0,B01,138Â 301Â 717,1.0
961041,201900002572,2,12,17:00,1,1,1,1.0,4.0,92036,A86,M,"48,9383700","2,3001300",92,2019,90.0,1.0,1.0,1.0,2147886,1.0,1,1,1,0.0,,-1.0,0,1956.0,A01,138Â 301Â 719,1.0,0.0,-1.0,1640207,1.0,7,,0.0,2.0,4.0,C01,138Â 301Â 718,6.0
961041,201900002572,2,12,17:00,1,1,1,1.0,4.0,92036,A86,M,"48,9383700","2,3001300",92,2019,90.0,1.0,1.0,1.0,2147886,1.0,1,1,1,0.0,,-1.0,0,1956.0,A01,138Â 301Â 719,1.0,0.0,-1.0,1640208,1.0,7,,0.0,2.0,2.0,A01,138Â 301Â 719,1.0
961042,201900002573,2,12,09:10,1,1,1,1.0,2.0,93008,AUTOROUTE A86,M,"48,9102800","2,4441100",93,2019,90.0,1.0,1.0,1.0,2147887,1.0,1,1,2,9.0,,-1.0, -1,2000.0,A01,138Â 301Â 715,1.0,0.0,-1.0,1640209,2.0,7,,0.0,2.0,4.0,A01,138Â 301Â 715,1.0
961042,201900002573,2,12,09:10,1,1,1,1.0,2.0,93008,AUTOROUTE A86,M,"48,9102800","2,4441100",93,2019,90.0,1.0,1.0,1.0,2147887,1.0,1,1,2,9.0,,-1.0, -1,2000.0,A01,138Â 301Â 715,1.0,0.0,-1.0,1640210,2.0,33,,0.0,2.0,1.0,B01,138Â 301Â 716,1.0
961042,201900002573,2,12,09:10,1,1,1,1.0,2.0,93008,AUTOROUTE A86,M,"48,9102800","2,4441100",93,2019,90.0,1.0,1.0,1.0,2147888,1.0,1,4,1,9.0,,-1.0, -1,1980.0,B01,138Â 301Â 716,2.0,6.0,-1.0,1640209,2.0,7,,0.0,2.0,4.0,A01,138Â 301Â 715,1.0
961042,201900002573,2,12,09:10,1,1,1,1.0,2.0,93008,AUTOROUTE A86,M,"48,9102800","2,4441100",93,2019,90.0,1.0,1.0,1.0,2147888,1.0,1,4,1,9.0,,-1.0, -1,1980.0,B01,138Â 301Â 716,2.0,6.0,-1.0,1640210,2.0,33,,0.0,2.0,1.0,B01,138Â 301Â 716,1.0
961043,201900002574,2,13,11:15,1,1,1,1.0,6.0,94081,A86 INT,M,"48,7741320","2,4049760",94,2019,90.0,1.0,1.0,1.0,2147889,1.0,1,4,1,5.0,,-1.0,0,1993.0,A01,138Â 301Â 714,2.0,6.0,-1.0,1640211,1.0,33,,4.0,0.0,8.0,A01,138Â 301Â 714,1.0
961044,201900002575,2,13,07:10,5,1,1,1.0,3.0,94073,A86 EXT,M,"48,7630513","2,3813448",94,2019,90.0,1.0,1.0,1.0,2147890,1.0,1,4,2,1.0,,-1.0,0,1964.0,B01,138Â 301Â 712,1.0,0.0,-1.0,1640212,2.0,7,,0.0,2.0,8.0,B01,138Â 301Â 712,1.0
961044,201900002575,2,13,07:10,5,1,1,1.0,3.0,94073,A86 EXT,M,"48,7630513","2,3813448",94,2019,90.0,1.0,1.0,1.0,2147890,1.0,1,4,2,1.0,,-1.0,0,1964.0,B01,138Â 301Â 712,1.0,0.0,-1.0,1640213,2.0,15,,0.0,2.0,7.0,A01,138Â 301Â 713,1.0
961044,201900002575,2,13,07:10,5,1,1,1.0,3.0,94073,A86 EXT,M,"48,7630513","2,3813448",94,2019,90.0,1.0,1.0,1.0,2147891,1.0,1,1,1,4.0,,-1.0,0,1969.0,A01,138Â 301Â 713,1.0,4.0,-1.0,1640212,2.0,7,,0.0,2.0,8.0,B01,138Â 301Â 712,1.0
961044,201900002575,2,13,07:10,5,1,1,1.0,3.0,94073,A86 EXT,M,"48,7630513","2,3813448",94,2019,90.0,1.0,1.0,1.0,2147891,1.0,1,1,1,4.0,,-1.0,0,1969.0,A01,138Â 301Â 713,1.0,4.0,-1.0,1640213,2.0,15,,0.0,2.0,7.0,A01,138Â 301Â 713,1.0
961045,201900002576,2,11,17:20,2,1,1,1.0,3.0,77146,A4.Y,M,"48,8321300","2,6530900",77,2019,110.0,1.0,1.0,1.0,2147892,1.0,1,4,1,1.0,,0.0,0,1998.0,A01,138Â 301Â 710,2.0,8.0,-1.0,1640214,1.0,33,,0.0,2.0,3.0,A01,138Â 301Â 710,1.0
961045,201900002576,2,11,17:20,2,1,1,1.0,3.0,77146,A4.Y,M,"48,8321300","2,6530900",77,2019,110.0,1.0,1.0,1.0,2147892,1.0,1,4,1,1.0,,0.0,0,1998.0,A01,138Â 301Â 710,2.0,8.0,-1.0,1640215,1.0,7,,0.0,2.0,2.0,B01,138Â 301Â 711,1.0
961045,201900002576,2,11,17:20,2,1,1,1.0,3.0,77146,A4.Y,M,"48,8321300","2,6530900",77,2019,110.0,1.0,1.0,1.0,2147893,1.0,1,1,1,4.0,,0.0,0,1981.0,B01,138Â 301Â 711,1.0,0.0,-1.0,1640214,1.0,33,,0.0,2.0,3.0,A01,138Â 301Â 710,1.0
961045,201900002576,2,11,17:20,2,1,1,1.0,3.0,77146,A4.Y,M,"48,8321300","2,6530900",77,2019,110.0,1.0,1.0,1.0,2147893,1.0,1,1,1,4.0,,0.0,0,1981.0,B01,138Â 301Â 711,1.0,0.0,-1.0,1640215,1.0,7,,0.0,2.0,2.0,B01,138Â 301Â 711,1.0
961046,201900002577,2,7,11:35,1,2,1,1.0,6.0,95539,ROBERT SCHUMANN (AVENUE ),M,"49,0066100","2,3520000",95,2019,50.0,1.0,1.0,4.0,2147894,10.0,3,4,1,5.0,,3.0,3,1938.0,O01,138Â 301Â 709,8.0,0.0,-1.0,1640216,3.0,7,,0.0,1.0,0.0,O01,138Â 301Â 709,0.0
961047,201900002578,2,8,17:00,1,2,1,2.0,6.0,71076,DE LATTRE DE TASSIGNY(MARECHAL),M,"46,7861449","4,8440212",71,2019,50.0,1.0,1.0,4.0,2147895,10.0,3,4,1,2.0,,2.0,5,2007.0,A01,138Â 301Â 699,8.0,0.0,-1.0,1640217,2.0,7,,0.0,1.0,7.0,A01,138Â 301Â 699,1.0
961047,201900002578,2,8,17:00,1,2,1,2.0,6.0,71076,DE LATTRE DE TASSIGNY(MARECHAL),M,"46,7861449","4,8440212",71,2019,50.0,1.0,1.0,4.0,2147896,1.0,1,1,1,9.0,,0.0,0,1965.0,A01,138Â 301Â 699,1.0,8.0,-1.0,1640217,2.0,7,,0.0,1.0,7.0,A01,138Â 301Â 699,1.0
961048,201900002579,2,5,19:10,5,2,1,1.0,1.0,42187,FUYANT (RUE DU),M,"46,0430420","4,0535410",42,2019,50.0,1.0,1.0,4.0,2147897,2.0,2,4,2,0.0,,0.0,0,2012.0,B01,138Â 301Â 695,2.0,0.0,-1.0,1640218,3.0,1,,0.0,2.0,2.0,B01,138Â 301Â 695,0.0
961048,201900002579,2,5,19:10,5,2,1,1.0,1.0,42187,FUYANT (RUE DU),M,"46,0430420","4,0535410",42,2019,50.0,1.0,1.0,4.0,2147897,2.0,2,4,2,0.0,,0.0,0,2012.0,B01,138Â 301Â 695,2.0,0.0,-1.0,1640219,3.0,7,,0.0,2.0,3.0,A01,138Â 301Â 696,1.0
961048,201900002579,2,5,19:10,5,2,1,1.0,1.0,42187,FUYANT (RUE DU),M,"46,0430420","4,0535410",42,2019,50.0,1.0,1.0,4.0,2147898,1.0,1,4,1,0.0,,0.0,0,1986.0,B01,138Â 301Â 695,8.0,0.0,-1.0,1640218,3.0,1,,0.0,2.0,2.0,B01,138Â 301Â 695,0.0
961048,201900002579,2,5,19:10,5,2,1,1.0,1.0,42187,FUYANT (RUE DU),M,"46,0430420","4,0535410",42,2019,50.0,1.0,1.0,4.0,2147898,1.0,1,4,1,0.0,,0.0,0,1986.0,B01,138Â 301Â 695,8.0,0.0,-1.0,1640219,3.0,7,,0.0,2.0,3.0,A01,138Â 301Â 696,1.0
961048,201900002579,2,5,19:10,5,2,1,1.0,1.0,42187,FUYANT (RUE DU),M,"46,0430420","4,0535410",42,2019,50.0,1.0,1.0,4.0,2147899,1.0,1,1,2,3.0,,0.0,0,1966.0,A01,138Â 301Â 696,1.0,0.0,-1.0,1640218,3.0,1,,0.0,2.0,2.0,B01,138Â 301Â 695,0.0
961048,201900002579,2,5,19:10,5,2,1,1.0,1.0,42187,FUYANT (RUE DU),M,"46,0430420","4,0535410",42,2019,50.0,1.0,1.0,4.0,2147899,1.0,1,1,2,3.0,,0.0,0,1966.0,A01,138Â 301Â 696,1.0,0.0,-1.0,1640219,3.0,7,,0.0,2.0,3.0,A01,138Â 301Â 696,1.0
961049,201900002580,2,6,20:25,5,2,1,1.0,2.0,41295,RD 174,M,"47,5930600","1,3551600",41,2019,70.0,1.0,1.0,3.0,2147900,1.0,1,1,1,1.0,,0.0, -1,1972.0,B01,138Â 301Â 693,1.0,0.0,-1.0,1640220,1.0,7,,0.0,2.0,4.0,B01,138Â 301Â 693,0.0
961049,201900002580,2,6,20:25,5,2,1,1.0,2.0,41295,RD 174,M,"47,5930600","1,3551600",41,2019,70.0,1.0,1.0,3.0,2147900,1.0,1,1,1,1.0,,0.0, -1,1972.0,B01,138Â 301Â 693,1.0,0.0,-1.0,1640221,1.0,7,,0.0,2.0,1.0,A01,138Â 301Â 694,1.0
961049,201900002580,2,6,20:25,5,2,1,1.0,2.0,41295,RD 174,M,"47,5930600","1,3551600",41,2019,70.0,1.0,1.0,3.0,2147901,1.0,1,4,2,0.0,,0.0, -1,1992.0,A01,138Â 301Â 694,1.0,0.0,-1.0,1640220,1.0,7,,0.0,2.0,4.0,B01,138Â 301Â 693,0.0
961049,201900002580,2,6,20:25,5,2,1,1.0,2.0,41295,RD 174,M,"47,5930600","1,3551600",41,2019,70.0,1.0,1.0,3.0,2147901,1.0,1,4,2,0.0,,0.0, -1,1992.0,A01,138Â 301Â 694,1.0,0.0,-1.0,1640221,1.0,7,,0.0,2.0,1.0,A01,138Â 301Â 694,1.0
961050,201900002581,2,8,15:50,1,2,1,2.0,7.0,29039,QUIMPER ( RUE DE),M,"47,8888704"," -3,9177871",29,2019,30.0,1.0,1.0,6.0,2147902,1.0,1,1,2,3.0,,0.0,0,1949.0,A01,138Â 301Â 692,1.0,8.0,-1.0,1640222,3.0,7,,0.0,1.0,6.0,A01,138Â 301Â 692,2.0
961050,201900002581,2,8,15:50,1,2,1,2.0,7.0,29039,QUIMPER ( RUE DE),M,"47,8888704"," -3,9177871",29,2019,30.0,1.0,1.0,6.0,2147903,10.0,3,1,1,3.0,,2.0,1,1944.0,A01,138Â 301Â 692,8.0,0.0,-1.0,1640222,3.0,7,,0.0,1.0,6.0,A01,138Â 301Â 692,2.0
961050,201900002581,2,8,15:50,1,2,1,2.0,7.0,29039,QUIMPER ( RUE DE),M,"47,8888704"," -3,9177871",29,2019,30.0,1.0,1.0,6.0,2147904,10.0,3,4,2,3.0,,2.0,1,1950.0,A01,138Â 301Â 692,8.0,0.0,-1.0,1640222,3.0,7,,0.0,1.0,6.0,A01,138Â 301Â 692,2.0
961051,201900002582,2,7,15:15,1,2,1,1.0,2.0,27229,CONCHES (ROUTE DE),M,"49,0175100","1,1146300",27,2019,50.0,1.0,1.0,3.0,2147905,3.0,2,4,1,0.0,,0.0,0,2018.0,A01,138Â 301Â 690,3.0,8.0,-1.0,1640223,0.0,7,,0.0,2.0,1.0,A01,138Â 301Â 690,1.0
961051,201900002582,2,7,15:15,1,2,1,1.0,2.0,27229,CONCHES (ROUTE DE),M,"49,0175100","1,1146300",27,2019,50.0,1.0,1.0,3.0,2147905,3.0,2,4,1,0.0,,0.0,0,2018.0,A01,138Â 301Â 690,3.0,8.0,-1.0,1640224,0.0,7,,0.0,0.0,4.0,B01,138Â 301Â 691,1.0
961051,201900002582,2,7,15:15,1,2,1,1.0,2.0,27229,CONCHES (ROUTE DE),M,"49,0175100","1,1146300",27,2019,50.0,1.0,1.0,3.0,2147906,1.0,1,4,2,0.0,,0.0,0,1993.0,A01,138Â 301Â 690,1.0,8.0,-1.0,1640223,0.0,7,,0.0,2.0,1.0,A01,138Â 301Â 690,1.0
961051,201900002582,2,7,15:15,1,2,1,1.0,2.0,27229,CONCHES (ROUTE DE),M,"49,0175100","1,1146300",27,2019,50.0,1.0,1.0,3.0,2147906,1.0,1,4,2,0.0,,0.0,0,1993.0,A01,138Â 301Â 690,1.0,8.0,-1.0,1640224,0.0,7,,0.0,0.0,4.0,B01,138Â 301Â 691,1.0
961051,201900002582,2,7,15:15,1,2,1,1.0,2.0,27229,CONCHES (ROUTE DE),M,"49,0175100","1,1146300",27,2019,50.0,1.0,1.0,3.0,2147907,1.0,1,4,1,0.0,,0.0,0,1984.0,B01,138Â 301Â 691,1.0,8.0,-1.0,1640223,0.0,7,,0.0,2.0,1.0,A01,138Â 301Â 690,1.0
961051,201900002582,2,7,15:15,1,2,1,1.0,2.0,27229,CONCHES (ROUTE DE),M,"49,0175100","1,1146300",27,2019,50.0,1.0,1.0,3.0,2147907,1.0,1,4,1,0.0,,0.0,0,1984.0,B01,138Â 301Â 691,1.0,8.0,-1.0,1640224,0.0,7,,0.0,0.0,4.0,B01,138Â 301Â 691,1.0
961052,201900002583,2,8,17:30,1,2,1,1.0,6.0,11069,RADIGUET,M,"43,2102300","2,3298800",11,2019,30.0,1.0,1.0,4.0,2147908,10.0,3,4,2,0.0,,1.0,9,1976.0,A01,138Â 301Â 689,0.0,0.0,0.0,1640225,3.0,7,,0.0,1.0,4.0,A01,138Â 301Â 689,1.0
961052,201900002583,2,8,17:30,1,2,1,1.0,6.0,11069,RADIGUET,M,"43,2102300","2,3298800",11,2019,30.0,1.0,1.0,4.0,2147909,1.0,1,1,2,5.0,,0.0,0,1985.0,A01,138Â 301Â 689,1.0,0.0,-1.0,1640225,3.0,7,,0.0,1.0,4.0,A01,138Â 301Â 689,1.0
961053,201900002584,2,5,09:00,1,2,1,9.0,7.0,05061,MALCOMBE ( ROUTE DE ),M,"44,5579100","6,0442200",5,2019,50.0,1.0,7.0,4.0,2147910,1.0,1,4,2,1.0,,0.0,0,2001.0,A01,138Â 301Â 686,2.0,6.0,-1.0,1640226,1.0,2,,0.0,0.0,0.0,A01,138Â 301Â 686,1.0
961054,201900002585,2,7,10:15,1,2,1,1.0,5.0,94004,GENERAL LECLERC (AV DU),M,"48,7607500","2,4977100",94,2019,70.0,1.0,1.0,2.0,2147911,1.0,1,4,1,5.0,,-1.0,0,1960.0,B01,138Â 301Â 681,1.0,0.0,-1.0,1640227,1.0,7,,0.0,2.0,9.0,B01,138Â 301Â 681,0.0
961054,201900002585,2,7,10:15,1,2,1,1.0,5.0,94004,GENERAL LECLERC (AV DU),M,"48,7607500","2,4977100",94,2019,70.0,1.0,1.0,2.0,2147911,1.0,1,4,1,5.0,,-1.0,0,1960.0,B01,138Â 301Â 681,1.0,0.0,-1.0,1640228,1.0,7,,0.0,2.0,4.0,C01,138Â 301Â 682,1.0
961054,201900002585,2,7,10:15,1,2,1,1.0,5.0,94004,GENERAL LECLERC (AV DU),M,"48,7607500","2,4977100",94,2019,70.0,1.0,1.0,2.0,2147911,1.0,1,4,1,5.0,,-1.0,0,1960.0,B01,138Â 301Â 681,1.0,0.0,-1.0,1640229,1.0,7,,0.0,2.0,1.0,A01,138Â 301Â 683,1.0
961054,201900002585,2,7,10:15,1,2,1,1.0,5.0,94004,GENERAL LECLERC (AV DU),M,"48,7607500","2,4977100",94,2019,70.0,1.0,1.0,2.0,2147912,1.0,1,1,2,5.0,,-1.0,0,1978.0,C01,138Â 301Â 682,1.0,0.0,-1.0,1640227,1.0,7,,0.0,2.0,9.0,B01,138Â 301Â 681,0.0
961054,201900002585,2,7,10:15,1,2,1,1.0,5.0,94004,GENERAL LECLERC (AV DU),M,"48,7607500","2,4977100",94,2019,70.0,1.0,1.0,2.0,2147912,1.0,1,1,2,5.0,,-1.0,0,1978.0,C01,138Â 301Â 682,1.0,0.0,-1.0,1640228,1.0,7,,0.0,2.0,4.0,C01,138Â 301Â 682,1.0
961054,201900002585,2,7,10:15,1,2,1,1.0,5.0,94004,GENERAL LECLERC (AV DU),M,"48,7607500","2,4977100",94,2019,70.0,1.0,1.0,2.0,2147912,1.0,1,1,2,5.0,,-1.0,0,1978.0,C01,138Â 301Â 682,1.0,0.0,-1.0,1640229,1.0,7,,0.0,2.0,1.0,A01,138Â 301Â 683,1.0
961054,201900002585,2,7,10:15,1,2,1,1.0,5.0,94004,GENERAL LECLERC (AV DU),M,"48,7607500","2,4977100",94,2019,70.0,1.0,1.0,2.0,2147913,1.0,1,1,1,5.0,,-1.0,0,1962.0,A01,138Â 301Â 683,1.0,0.0,-1.0,1640227,1.0,7,,0.0,2.0,9.0,B01,138Â 301Â 681,0.0
961054,201900002585,2,7,10:15,1,2,1,1.0,5.0,94004,GENERAL LECLERC (AV DU),M,"48,7607500","2,4977100",94,2019,70.0,1.0,1.0,2.0,2147913,1.0,1,1,1,5.0,,-1.0,0,1962.0,A01,138Â 301Â 683,1.0,0.0,-1.0,1640228,1.0,7,,0.0,2.0,4.0,C01,138Â 301Â 682,1.0
961054,201900002585,2,7,10:15,1,2,1,1.0,5.0,94004,GENERAL LECLERC (AV DU),M,"48,7607500","2,4977100",94,2019,70.0,1.0,1.0,2.0,2147913,1.0,1,1,1,5.0,,-1.0,0,1962.0,A01,138Â 301Â 683,1.0,0.0,-1.0,1640229,1.0,7,,0.0,2.0,1.0,A01,138Â 301Â 683,1.0
961055,201900002586,2,6,20:25,5,2,3,2.0,6.0,94071,GRAND VAL (R DU),M,"48,7737900","2,5172400",94,2019,50.0,1.0,2.0,3.0,2147914,1.0,1,1,1,1.0,,-1.0,0,1993.0,A01,138Â 301Â 680,1.0,0.0,-1.0,1640230,3.0,7,,0.0,1.0,1.0,A01,138Â 301Â 680,1.0
961055,201900002586,2,6,20:25,5,2,3,2.0,6.0,94071,GRAND VAL (R DU),M,"48,7737900","2,5172400",94,2019,50.0,1.0,2.0,3.0,2147915,10.0,3,3,1,0.0,,4.0,3,1972.0,A01,138Â 301Â 680,8.0,0.0,-1.0,1640230,3.0,7,,0.0,1.0,1.0,A01,138Â 301Â 680,1.0
961056,201900002587,2,9,23:25,5,2,7,2.0,3.0,93047,PERVENCHES (AVENUE DES),M,"48,8872000","2,5514700",93,2019,50.0,1.0,2.0,4.0,2147916,2.0,2,4,1,5.0,,-1.0, -1,1989.0,A01,138Â 301Â 678,1.0,0.0,-1.0,1640231,3.0,7,,0.0,2.0,5.0,A01,138Â 301Â 678,1.0
961056,201900002587,2,9,23:25,5,2,7,2.0,3.0,93047,PERVENCHES (AVENUE DES),M,"48,8872000","2,5514700",93,2019,50.0,1.0,2.0,4.0,2147916,2.0,2,4,1,5.0,,-1.0, -1,1989.0,A01,138Â 301Â 678,1.0,0.0,-1.0,1640232,3.0,10,,0.0,2.0,1.0,B01,138Â 301Â 679,1.0
961056,201900002587,2,9,23:25,5,2,7,2.0,3.0,93047,PERVENCHES (AVENUE DES),M,"48,8872000","2,5514700",93,2019,50.0,1.0,2.0,4.0,2147917,1.0,1,1,1,5.0,,-1.0, -1,1990.0,A01,138Â 301Â 678,1.0,0.0,-1.0,1640231,3.0,7,,0.0,2.0,5.0,A01,138Â 301Â 678,1.0
961056,201900002587,2,9,23:25,5,2,7,2.0,3.0,93047,PERVENCHES (AVENUE DES),M,"48,8872000","2,5514700",93,2019,50.0,1.0,2.0,4.0,2147917,1.0,1,1,1,5.0,,-1.0, -1,1990.0,A01,138Â 301Â 678,1.0,0.0,-1.0,1640232,3.0,10,,0.0,2.0,1.0,B01,138Â 301Â 679,1.0
961056,201900002587,2,9,23:25,5,2,7,2.0,3.0,93047,PERVENCHES (AVENUE DES),M,"48,8872000","2,5514700",93,2019,50.0,1.0,2.0,4.0,2147918,1.0,1,1,1,1.0,,-1.0, -1,1968.0,B01,138Â 301Â 679,1.0,0.0,-1.0,1640231,3.0,7,,0.0,2.0,5.0,A01,138Â 301Â 678,1.0
961056,201900002587,2,9,23:25,5,2,7,2.0,3.0,93047,PERVENCHES (AVENUE DES),M,"48,8872000","2,5514700",93,2019,50.0,1.0,2.0,4.0,2147918,1.0,1,1,1,1.0,,-1.0, -1,1968.0,B01,138Â 301Â 679,1.0,0.0,-1.0,1640232,3.0,10,,0.0,2.0,1.0,B01,138Â 301Â 679,1.0
961057,201900002588,2,5,13:55,1,1,1,1.0,4.0,83137,,M,"43,1213200","5,9533100",83,2019,90.0,1.0,1.0,1.0,2147919,1.0,1,1,2,0.0,,0.0,0,1960.0,D01,138Â 301Â 674,1.0,0.0,-1.0,1640233,2.0,7,,0.0,2.0,4.0,D01,138Â 301Â 674,0.0
961057,201900002588,2,5,13:55,1,1,1,1.0,4.0,83137,,M,"43,1213200","5,9533100",83,2019,90.0,1.0,1.0,1.0,2147919,1.0,1,1,2,0.0,,0.0,0,1960.0,D01,138Â 301Â 674,1.0,0.0,-1.0,1640234,2.0,7,,0.0,2.0,4.0,C01,138Â 301Â 675,0.0
961057,201900002588,2,5,13:55,1,1,1,1.0,4.0,83137,,M,"43,1213200","5,9533100",83,2019,90.0,1.0,1.0,1.0,2147919,1.0,1,1,2,0.0,,0.0,0,1960.0,D01,138Â 301Â 674,1.0,0.0,-1.0,1640235,2.0,7,,0.0,2.0,4.0,B01,138Â 301Â 676,0.0
961057,201900002588,2,5,13:55,1,1,1,1.0,4.0,83137,,M,"43,1213200","5,9533100",83,2019,90.0,1.0,1.0,1.0,2147919,1.0,1,1,2,0.0,,0.0,0,1960.0,D01,138Â 301Â 674,1.0,0.0,-1.0,1640236,2.0,7,,0.0,2.0,1.0,A01,138Â 301Â 677,0.0