Unnamed: 0_x,num_acc,mois,jour,hrmn,lum,agg,int,atm,col,com,adr,gps,lat,long,dep,annee,vma,situ,surf,catr,Unnamed: 0_y,place,catu,grav,sexe,trajet,secu,locp,actp,an_nais,num_veh_x,id_vehicule_x,secu1,secu2,secu3,Unnamed: 0,senc,catv,occutc,obs,obsm,choc,num_veh_y,id_vehicule_y,motor
961057,201900002588,2,5,13:55,1,1,1,1.0,4.0,83137,,M,"43,1213200","5,9533100",83,2019,90.0,1.0,1.0,1.0,2147920,1.0,1,1,1,0.0,,0.0,0,1969.0,C01,138Â 301Â 675,1.0,0.0,-1.0,1640233,2.0,7,,0.0,2.0,4.0,D01,138Â 301Â 674,0.0
961057,201900002588,2,5,13:55,1,1,1,1.0,4.0,83137,,M,"43,1213200","5,9533100",83,2019,90.0,1.0,1.0,1.0,2147920,1.0,1,1,1,0.0,,0.0,0,1969.0,C01,138Â 301Â 675,1.0,0.0,-1.0,1640234,2.0,7,,0.0,2.0,4.0,C01,138Â 301Â 675,0.0
961057,201900002588,2,5,13:55,1,1,1,1.0,4.0,83137,,M,"43,1213200","5,9533100",83,2019,90.0,1.0,1.0,1.0,2147920,1.0,1,1,1,0.0,,0.0,0,1969.0,C01,138Â 301Â 675,1.0,0.0,-1.0,1640235,2.0,7,,0.0,2.0,4.0,B01,138Â 301Â 676,0.0
961057,201900002588,2,5,13:55,1,1,1,1.0,4.0,83137,,M,"43,1213200","5,9533100",83,2019,90.0,1.0,1.0,1.0,2147920,1.0,1,1,1,0.0,,0.0,0,1969.0,C01,138Â 301Â 675,1.0,0.0,-1.0,1640236,2.0,7,,0.0,2.0,1.0,A01,138Â 301Â 677,0.0
961057,201900002588,2,5,13:55,1,1,1,1.0,4.0,83137,,M,"43,1213200","5,9533100",83,2019,90.0,1.0,1.0,1.0,2147921,2.0,2,4,2,0.0,,0.0,0,1938.0,B01,138Â 301Â 676,1.0,0.0,-1.0,1640233,2.0,7,,0.0,2.0,4.0,D01,138Â 301Â 674,0.0
961057,201900002588,2,5,13:55,1,1,1,1.0,4.0,83137,,M,"43,1213200","5,9533100",83,2019,90.0,1.0,1.0,1.0,2147921,2.0,2,4,2,0.0,,0.0,0,1938.0,B01,138Â 301Â 676,1.0,0.0,-1.0,1640234,2.0,7,,0.0,2.0,4.0,C01,138Â 301Â 675,0.0
961057,201900002588,2,5,13:55,1,1,1,1.0,4.0,83137,,M,"43,1213200","5,9533100",83,2019,90.0,1.0,1.0,1.0,2147921,2.0,2,4,2,0.0,,0.0,0,1938.0,B01,138Â 301Â 676,1.0,0.0,-1.0,1640235,2.0,7,,0.0,2.0,4.0,B01,138Â 301Â 676,0.0
961057,201900002588,2,5,13:55,1,1,1,1.0,4.0,83137,,M,"43,1213200","5,9533100",83,2019,90.0,1.0,1.0,1.0,2147921,2.0,2,4,2,0.0,,0.0,0,1938.0,B01,138Â 301Â 676,1.0,0.0,-1.0,1640236,2.0,7,,0.0,2.0,1.0,A01,138Â 301Â 677,0.0
961057,201900002588,2,5,13:55,1,1,1,1.0,4.0,83137,,M,"43,1213200","5,9533100",83,2019,90.0,1.0,1.0,1.0,2147922,1.0,1,1,1,0.0,,0.0,0,1944.0,B01,138Â 301Â 676,1.0,0.0,-1.0,1640233,2.0,7,,0.0,2.0,4.0,D01,138Â 301Â 674,0.0
961057,201900002588,2,5,13:55,1,1,1,1.0,4.0,83137,,M,"43,1213200","5,9533100",83,2019,90.0,1.0,1.0,1.0,2147922,1.0,1,1,1,0.0,,0.0,0,1944.0,B01,138Â 301Â 676,1.0,0.0,-1.0,1640234,2.0,7,,0.0,2.0,4.0,C01,138Â 301Â 675,0.0
961057,201900002588,2,5,13:55,1,1,1,1.0,4.0,83137,,M,"43,1213200","5,9533100",83,2019,90.0,1.0,1.0,1.0,2147922,1.0,1,1,1,0.0,,0.0,0,1944.0,B01,138Â 301Â 676,1.0,0.0,-1.0,1640235,2.0,7,,0.0,2.0,4.0,B01,138Â 301Â 676,0.0
961057,201900002588,2,5,13:55,1,1,1,1.0,4.0,83137,,M,"43,1213200","5,9533100",83,2019,90.0,1.0,1.0,1.0,2147922,1.0,1,1,1,0.0,,0.0,0,1944.0,B01,138Â 301Â 676,1.0,0.0,-1.0,1640236,2.0,7,,0.0,2.0,1.0,A01,138Â 301Â 677,0.0
961057,201900002588,2,5,13:55,1,1,1,1.0,4.0,83137,,M,"43,1213200","5,9533100",83,2019,90.0,1.0,1.0,1.0,2147923,1.0,1,1,2,9.0,,0.0,0,1989.0,A01,138Â 301Â 677,1.0,0.0,-1.0,1640233,2.0,7,,0.0,2.0,4.0,D01,138Â 301Â 674,0.0
961057,201900002588,2,5,13:55,1,1,1,1.0,4.0,83137,,M,"43,1213200","5,9533100",83,2019,90.0,1.0,1.0,1.0,2147923,1.0,1,1,2,9.0,,0.0,0,1989.0,A01,138Â 301Â 677,1.0,0.0,-1.0,1640234,2.0,7,,0.0,2.0,4.0,C01,138Â 301Â 675,0.0
961057,201900002588,2,5,13:55,1,1,1,1.0,4.0,83137,,M,"43,1213200","5,9533100",83,2019,90.0,1.0,1.0,1.0,2147923,1.0,1,1,2,9.0,,0.0,0,1989.0,A01,138Â 301Â 677,1.0,0.0,-1.0,1640235,2.0,7,,0.0,2.0,4.0,B01,138Â 301Â 676,0.0
961057,201900002588,2,5,13:55,1,1,1,1.0,4.0,83137,,M,"43,1213200","5,9533100",83,2019,90.0,1.0,1.0,1.0,2147923,1.0,1,1,2,9.0,,0.0,0,1989.0,A01,138Â 301Â 677,1.0,0.0,-1.0,1640236,2.0,7,,0.0,2.0,1.0,A01,138Â 301Â 677,0.0
961058,201900002589,2,2,00:20,3,1,1,2.0,3.0,93066,AUTOROUTE A1,M,"48,9298900","2,3642100",93,2019,90.0,1.0,2.0,1.0,2147924,1.0,1,4,1,9.0,,-1.0, -1,1964.0,A01,138Â 301Â 672,2.0,0.0,-1.0,1640237,1.0,33,,0.0,2.0,2.0,A01,138Â 301Â 672,1.0
961058,201900002589,2,2,00:20,3,1,1,2.0,3.0,93066,AUTOROUTE A1,M,"48,9298900","2,3642100",93,2019,90.0,1.0,2.0,1.0,2147924,1.0,1,4,1,9.0,,-1.0, -1,1964.0,A01,138Â 301Â 672,2.0,0.0,-1.0,1640238,1.0,7,,0.0,2.0,3.0,B01,138Â 301Â 673,2.0
961058,201900002589,2,2,00:20,3,1,1,2.0,3.0,93066,AUTOROUTE A1,M,"48,9298900","2,3642100",93,2019,90.0,1.0,2.0,1.0,2147925,1.0,1,1,1,9.0,,-1.0, -1,1987.0,B01,138Â 301Â 673,1.0,0.0,-1.0,1640237,1.0,33,,0.0,2.0,2.0,A01,138Â 301Â 672,1.0
961058,201900002589,2,2,00:20,3,1,1,2.0,3.0,93066,AUTOROUTE A1,M,"48,9298900","2,3642100",93,2019,90.0,1.0,2.0,1.0,2147925,1.0,1,1,1,9.0,,-1.0, -1,1987.0,B01,138Â 301Â 673,1.0,0.0,-1.0,1640238,1.0,7,,0.0,2.0,3.0,B01,138Â 301Â 673,2.0
961059,201900002590,2,7,02:40,3,1,1,2.0,6.0,92036,AUTOROUTE A15,M,"48,9370439","2,2948571",92,2019,50.0,1.0,2.0,1.0,2147926,1.0,1,4,1,0.0,,-1.0,0,1976.0,A01,138Â 301Â 671,1.0,0.0,-1.0,1640239,2.0,7,,3.0,0.0,0.0,A01,138Â 301Â 671,1.0
961059,201900002590,2,7,02:40,3,1,1,2.0,6.0,92036,AUTOROUTE A15,M,"48,9370439","2,2948571",92,2019,50.0,1.0,2.0,1.0,2147927,2.0,2,4,2,0.0,,-1.0,0,1984.0,A01,138Â 301Â 671,1.0,0.0,-1.0,1640239,2.0,7,,3.0,0.0,0.0,A01,138Â 301Â 671,1.0
961060,201900002591,2,9,05:00,3,2,1,1.0,7.0,98818,COOK (AVENUE JAMES),M," -22,2658500","166,4180100",988,2019,50.0,1.0,1.0,4.0,2147928,1.0,1,3,1,5.0,,0.0,0,1993.0,A01,138Â 301Â 670,1.0,1.0,-1.0,1640240,0.0,7,,16.0,0.0,0.0,A01,138Â 301Â 670,1.0
961060,201900002591,2,9,05:00,3,2,1,1.0,7.0,98818,COOK (AVENUE JAMES),M," -22,2658500","166,4180100",988,2019,50.0,1.0,1.0,4.0,2147929,2.0,2,3,1,5.0,,0.0,0,1996.0,A01,138Â 301Â 670,1.0,1.0,-1.0,1640240,0.0,7,,16.0,0.0,0.0,A01,138Â 301Â 670,1.0
961060,201900002591,2,9,05:00,3,2,1,1.0,7.0,98818,COOK (AVENUE JAMES),M," -22,2658500","166,4180100",988,2019,50.0,1.0,1.0,4.0,2147930,8.0,2,3,1,5.0,,0.0,0,1998.0,A01,138Â 301Â 670,0.0,0.0,-1.0,1640240,0.0,7,,16.0,0.0,0.0,A01,138Â 301Â 670,1.0
961061,201900002592,1,28,15:26,1,2,3,1.0,1.0,98735,CLEMENCEAU (RUE),M," -17,5352900"," -149,5562400",987,2019,50.0,1.0,1.0,4.0,2147931,1.0,1,4,2,0.0,,-1.0, -1,2000.0,B01,138Â 301Â 668,2.0,0.0,-1.0,1640241,0.0,30,,0.0,2.0,1.0,B01,138Â 301Â 668,1.0
961061,201900002592,1,28,15:26,1,2,3,1.0,1.0,98735,CLEMENCEAU (RUE),M," -17,5352900"," -149,5562400",987,2019,50.0,1.0,1.0,4.0,2147931,1.0,1,4,2,0.0,,-1.0, -1,2000.0,B01,138Â 301Â 668,2.0,0.0,-1.0,1640242,0.0,10,,0.0,2.0,3.0,A01,138Â 301Â 669,1.0
961061,201900002592,1,28,15:26,1,2,3,1.0,1.0,98735,CLEMENCEAU (RUE),M," -17,5352900"," -149,5562400",987,2019,50.0,1.0,1.0,4.0,2147932,1.0,1,1,1,0.0,,-1.0, -1,1969.0,A01,138Â 301Â 669,1.0,8.0,-1.0,1640241,0.0,30,,0.0,2.0,1.0,B01,138Â 301Â 668,1.0
961061,201900002592,1,28,15:26,1,2,3,1.0,1.0,98735,CLEMENCEAU (RUE),M," -17,5352900"," -149,5562400",987,2019,50.0,1.0,1.0,4.0,2147932,1.0,1,1,1,0.0,,-1.0, -1,1969.0,A01,138Â 301Â 669,1.0,8.0,-1.0,1640242,0.0,10,,0.0,2.0,3.0,A01,138Â 301Â 669,1.0
961062,201900002593,2,10,21:25,5,2,6,1.0,7.0,97611,kaweni-Kaweni nord ( Z I ),M," -12,7636800","45,2255600",976,2019,45.0,1.0,1.0,2.0,2147933,2.0,2,4,2,9.0,,-1.0,0,1990.0,A01,138Â 301Â 667,0.0,0.0,0.0,1640243,1.0,0,,5.0,6.0,0.0,A01,138Â 301Â 667,0.0
961063,201900002594,2,9,12:15,1,2,1,1.0,3.0,97611,kaweni-Kaweni nord ( Z I ),M," -12,7754700","45,2234600",976,2019,40.0,1.0,1.0,2.0,2147934,1.0,1,1,1,9.0,,-1.0,0,1969.0,A01,138Â 301Â 665,1.0,8.0,-1.0,1640244,1.0,7,,14.0,2.0,3.0,A01,138Â 301Â 665,6.0
961063,201900002594,2,9,12:15,1,2,1,1.0,3.0,97611,kaweni-Kaweni nord ( Z I ),M," -12,7754700","45,2234600",976,2019,40.0,1.0,1.0,2.0,2147934,1.0,1,1,1,9.0,,-1.0,0,1969.0,A01,138Â 301Â 665,1.0,8.0,-1.0,1640245,1.0,32,,0.0,2.0,3.0,B01,138Â 301Â 666,6.0
961063,201900002594,2,9,12:15,1,2,1,1.0,3.0,97611,kaweni-Kaweni nord ( Z I ),M," -12,7754700","45,2234600",976,2019,40.0,1.0,1.0,2.0,2147935,1.0,1,4,2,9.0,,-1.0,0,1975.0,B01,138Â 301Â 666,2.0,8.0,-1.0,1640244,1.0,7,,14.0,2.0,3.0,A01,138Â 301Â 665,6.0
961063,201900002594,2,9,12:15,1,2,1,1.0,3.0,97611,kaweni-Kaweni nord ( Z I ),M," -12,7754700","45,2234600",976,2019,40.0,1.0,1.0,2.0,2147935,1.0,1,4,2,9.0,,-1.0,0,1975.0,B01,138Â 301Â 666,2.0,8.0,-1.0,1640245,1.0,32,,0.0,2.0,3.0,B01,138Â 301Â 666,6.0
961064,201900002595,2,7,07:15,1,2,1,1.0,6.0,97611,passamanty-VahibÃ© ( route ),M," -12,8010500","45,2091300",976,2019,50.0,1.0,1.0,3.0,2147936,10.0,3,4,1,9.0,,1.0,3,2007.0,A01,138Â 301Â 664,8.0,0.0,-1.0,1640246,2.0,33,,0.0,1.0,1.0,A01,138Â 301Â 664,6.0
961064,201900002595,2,7,07:15,1,2,1,1.0,6.0,97611,passamanty-VahibÃ© ( route ),M," -12,8010500","45,2091300",976,2019,50.0,1.0,1.0,3.0,2147937,1.0,1,1,1,9.0,,-1.0,0,1987.0,A01,138Â 301Â 664,2.0,8.0,-1.0,1640246,2.0,33,,0.0,1.0,1.0,A01,138Â 301Â 664,6.0
961065,201900002596,2,7,07:00,2,2,1,1.0,6.0,97611,mgombani-Baobab ( Bd ),M," -12,7841900","45,2295300",976,2019,50.0,1.0,1.0,2.0,2147938,10.0,3,4,2,9.0,,0.0,3,2012.0,A01,138Â 301Â 663,8.0,0.0,-1.0,1640247,2.0,30,,0.0,1.0,7.0,A01,138Â 301Â 663,0.0
961065,201900002596,2,7,07:00,2,2,1,1.0,6.0,97611,mgombani-Baobab ( Bd ),M," -12,7841900","45,2295300",976,2019,50.0,1.0,1.0,2.0,2147939,1.0,1,4,1,9.0,,-1.0,0,1954.0,A01,138Â 301Â 663,2.0,8.0,-1.0,1640247,2.0,30,,0.0,1.0,7.0,A01,138Â 301Â 663,0.0
961066,201900002597,2,6,21:00,3,2,1,1.0,3.0,97611,m'tsapere-Nationale 2 (route),M," -12,7832800","45,2340300",976,2019,50.0,1.0,1.0,2.0,2147940,1.0,1,1,1,5.0,,-1.0,0,1981.0,A01,138Â 301Â 661,1.0,0.0,-1.0,1640248,2.0,7,,0.0,2.0,2.0,A01,138Â 301Â 661,1.0
961066,201900002597,2,6,21:00,3,2,1,1.0,3.0,97611,m'tsapere-Nationale 2 (route),M," -12,7832800","45,2340300",976,2019,50.0,1.0,1.0,2.0,2147940,1.0,1,1,1,5.0,,-1.0,0,1981.0,A01,138Â 301Â 661,1.0,0.0,-1.0,1640249,2.0,7,,0.0,2.0,3.0,B01,138Â 301Â 662,1.0
961066,201900002597,2,6,21:00,3,2,1,1.0,3.0,97611,m'tsapere-Nationale 2 (route),M," -12,7832800","45,2340300",976,2019,50.0,1.0,1.0,2.0,2147941,2.0,2,4,1,5.0,,-1.0,0,1990.0,A01,138Â 301Â 661,1.0,8.0,-1.0,1640248,2.0,7,,0.0,2.0,2.0,A01,138Â 301Â 661,1.0
961066,201900002597,2,6,21:00,3,2,1,1.0,3.0,97611,m'tsapere-Nationale 2 (route),M," -12,7832800","45,2340300",976,2019,50.0,1.0,1.0,2.0,2147941,2.0,2,4,1,5.0,,-1.0,0,1990.0,A01,138Â 301Â 661,1.0,8.0,-1.0,1640249,2.0,7,,0.0,2.0,3.0,B01,138Â 301Â 662,1.0
961066,201900002597,2,6,21:00,3,2,1,1.0,3.0,97611,m'tsapere-Nationale 2 (route),M," -12,7832800","45,2340300",976,2019,50.0,1.0,1.0,2.0,2147942,4.0,2,3,2,9.0,,-1.0,0,1987.0,B01,138Â 301Â 662,1.0,0.0,-1.0,1640248,2.0,7,,0.0,2.0,2.0,A01,138Â 301Â 661,1.0
961066,201900002597,2,6,21:00,3,2,1,1.0,3.0,97611,m'tsapere-Nationale 2 (route),M," -12,7832800","45,2340300",976,2019,50.0,1.0,1.0,2.0,2147942,4.0,2,3,2,9.0,,-1.0,0,1987.0,B01,138Â 301Â 662,1.0,0.0,-1.0,1640249,2.0,7,,0.0,2.0,3.0,B01,138Â 301Â 662,1.0
961066,201900002597,2,6,21:00,3,2,1,1.0,3.0,97611,m'tsapere-Nationale 2 (route),M," -12,7832800","45,2340300",976,2019,50.0,1.0,1.0,2.0,2147943,1.0,1,1,1,5.0,,-1.0,0,1987.0,B01,138Â 301Â 662,1.0,0.0,-1.0,1640248,2.0,7,,0.0,2.0,2.0,A01,138Â 301Â 661,1.0
961066,201900002597,2,6,21:00,3,2,1,1.0,3.0,97611,m'tsapere-Nationale 2 (route),M," -12,7832800","45,2340300",976,2019,50.0,1.0,1.0,2.0,2147943,1.0,1,1,1,5.0,,-1.0,0,1987.0,B01,138Â 301Â 662,1.0,0.0,-1.0,1640249,2.0,7,,0.0,2.0,3.0,B01,138Â 301Â 662,1.0
961067,201900002598,2,8,22:30,5,2,2,2.0,1.0,97416,Rue Hippolyte Piot,M," -21,2986098","55,4538183",974,2019,50.0,1.0,2.0,3.0,2147944,1.0,1,1,1,5.0,,0.0,0,1984.0,A01,138Â 301Â 659,1.0,-1.0,-1.0,1640250,1.0,7,,0.0,2.0,1.0,A01,138Â 301Â 659,1.0
961067,201900002598,2,8,22:30,5,2,2,2.0,1.0,97416,Rue Hippolyte Piot,M," -21,2986098","55,4538183",974,2019,50.0,1.0,2.0,3.0,2147944,1.0,1,1,1,5.0,,0.0,0,1984.0,A01,138Â 301Â 659,1.0,-1.0,-1.0,1640251,2.0,30,,0.0,2.0,1.0,B01,138Â 301Â 660,1.0
961067,201900002598,2,8,22:30,5,2,2,2.0,1.0,97416,Rue Hippolyte Piot,M," -21,2986098","55,4538183",974,2019,50.0,1.0,2.0,3.0,2147945,2.0,2,1,1,5.0,,0.0,0,2008.0,A01,138Â 301Â 659,1.0,0.0,-1.0,1640250,1.0,7,,0.0,2.0,1.0,A01,138Â 301Â 659,1.0
961067,201900002598,2,8,22:30,5,2,2,2.0,1.0,97416,Rue Hippolyte Piot,M," -21,2986098","55,4538183",974,2019,50.0,1.0,2.0,3.0,2147945,2.0,2,1,1,5.0,,0.0,0,2008.0,A01,138Â 301Â 659,1.0,0.0,-1.0,1640251,2.0,30,,0.0,2.0,1.0,B01,138Â 301Â 660,1.0
961067,201900002598,2,8,22:30,5,2,2,2.0,1.0,97416,Rue Hippolyte Piot,M," -21,2986098","55,4538183",974,2019,50.0,1.0,2.0,3.0,2147946,1.0,1,3,1,5.0,,0.0,0,2001.0,B01,138Â 301Â 660,2.0,6.0,-1.0,1640250,1.0,7,,0.0,2.0,1.0,A01,138Â 301Â 659,1.0
961067,201900002598,2,8,22:30,5,2,2,2.0,1.0,97416,Rue Hippolyte Piot,M," -21,2986098","55,4538183",974,2019,50.0,1.0,2.0,3.0,2147946,1.0,1,3,1,5.0,,0.0,0,2001.0,B01,138Â 301Â 660,2.0,6.0,-1.0,1640251,2.0,30,,0.0,2.0,1.0,B01,138Â 301Â 660,1.0
961068,201900002599,2,9,13:10,1,2,1,1.0,5.0,97416,Rue Marius et Ary Leblond,M," -21,3353500","55,4662500",974,2019,50.0,1.0,1.0,4.0,2147947,1.0,1,1,1,5.0,,0.0,0,1984.0,A01,138Â 301Â 655,1.0,0.0,-1.0,1640252,2.0,7,,0.0,2.0,1.0,A01,138Â 301Â 655,1.0
961068,201900002599,2,9,13:10,1,2,1,1.0,5.0,97416,Rue Marius et Ary Leblond,M," -21,3353500","55,4662500",974,2019,50.0,1.0,1.0,4.0,2147947,1.0,1,1,1,5.0,,0.0,0,1984.0,A01,138Â 301Â 655,1.0,0.0,-1.0,1640253,2.0,7,,0.0,2.0,4.0,C01,138Â 301Â 656,1.0
961068,201900002599,2,9,13:10,1,2,1,1.0,5.0,97416,Rue Marius et Ary Leblond,M," -21,3353500","55,4662500",974,2019,50.0,1.0,1.0,4.0,2147947,1.0,1,1,1,5.0,,0.0,0,1984.0,A01,138Â 301Â 655,1.0,0.0,-1.0,1640254,2.0,7,,0.0,2.0,4.0,D01,138Â 301Â 657,1.0
961068,201900002599,2,9,13:10,1,2,1,1.0,5.0,97416,Rue Marius et Ary Leblond,M," -21,3353500","55,4662500",974,2019,50.0,1.0,1.0,4.0,2147947,1.0,1,1,1,5.0,,0.0,0,1984.0,A01,138Â 301Â 655,1.0,0.0,-1.0,1640255,2.0,7,,0.0,2.0,4.0,B01,138Â 301Â 658,1.0
961068,201900002599,2,9,13:10,1,2,1,1.0,5.0,97416,Rue Marius et Ary Leblond,M," -21,3353500","55,4662500",974,2019,50.0,1.0,1.0,4.0,2147948,1.0,1,4,1,5.0,,0.0,0,1984.0,C01,138Â 301Â 656,1.0,0.0,-1.0,1640252,2.0,7,,0.0,2.0,1.0,A01,138Â 301Â 655,1.0
961068,201900002599,2,9,13:10,1,2,1,1.0,5.0,97416,Rue Marius et Ary Leblond,M," -21,3353500","55,4662500",974,2019,50.0,1.0,1.0,4.0,2147948,1.0,1,4,1,5.0,,0.0,0,1984.0,C01,138Â 301Â 656,1.0,0.0,-1.0,1640253,2.0,7,,0.0,2.0,4.0,C01,138Â 301Â 656,1.0
961068,201900002599,2,9,13:10,1,2,1,1.0,5.0,97416,Rue Marius et Ary Leblond,M," -21,3353500","55,4662500",974,2019,50.0,1.0,1.0,4.0,2147948,1.0,1,4,1,5.0,,0.0,0,1984.0,C01,138Â 301Â 656,1.0,0.0,-1.0,1640254,2.0,7,,0.0,2.0,4.0,D01,138Â 301Â 657,1.0
961068,201900002599,2,9,13:10,1,2,1,1.0,5.0,97416,Rue Marius et Ary Leblond,M," -21,3353500","55,4662500",974,2019,50.0,1.0,1.0,4.0,2147948,1.0,1,4,1,5.0,,0.0,0,1984.0,C01,138Â 301Â 656,1.0,0.0,-1.0,1640255,2.0,7,,0.0,2.0,4.0,B01,138Â 301Â 658,1.0
961068,201900002599,2,9,13:10,1,2,1,1.0,5.0,97416,Rue Marius et Ary Leblond,M," -21,3353500","55,4662500",974,2019,50.0,1.0,1.0,4.0,2147949,1.0,1,4,2,0.0,,0.0,0,1900.0,D01,138Â 301Â 657,1.0,0.0,-1.0,1640252,2.0,7,,0.0,2.0,1.0,A01,138Â 301Â 655,1.0
961068,201900002599,2,9,13:10,1,2,1,1.0,5.0,97416,Rue Marius et Ary Leblond,M," -21,3353500","55,4662500",974,2019,50.0,1.0,1.0,4.0,2147949,1.0,1,4,2,0.0,,0.0,0,1900.0,D01,138Â 301Â 657,1.0,0.0,-1.0,1640253,2.0,7,,0.0,2.0,4.0,C01,138Â 301Â 656,1.0
961068,201900002599,2,9,13:10,1,2,1,1.0,5.0,97416,Rue Marius et Ary Leblond,M," -21,3353500","55,4662500",974,2019,50.0,1.0,1.0,4.0,2147949,1.0,1,4,2,0.0,,0.0,0,1900.0,D01,138Â 301Â 657,1.0,0.0,-1.0,1640254,2.0,7,,0.0,2.0,4.0,D01,138Â 301Â 657,1.0
961068,201900002599,2,9,13:10,1,2,1,1.0,5.0,97416,Rue Marius et Ary Leblond,M," -21,3353500","55,4662500",974,2019,50.0,1.0,1.0,4.0,2147949,1.0,1,4,2,0.0,,0.0,0,1900.0,D01,138Â 301Â 657,1.0,0.0,-1.0,1640255,2.0,7,,0.0,2.0,4.0,B01,138Â 301Â 658,1.0
961068,201900002599,2,9,13:10,1,2,1,1.0,5.0,97416,Rue Marius et Ary Leblond,M," -21,3353500","55,4662500",974,2019,50.0,1.0,1.0,4.0,2147950,1.0,1,4,1,5.0,,0.0,0,1975.0,B01,138Â 301Â 658,1.0,0.0,-1.0,1640252,2.0,7,,0.0,2.0,1.0,A01,138Â 301Â 655,1.0
961068,201900002599,2,9,13:10,1,2,1,1.0,5.0,97416,Rue Marius et Ary Leblond,M," -21,3353500","55,4662500",974,2019,50.0,1.0,1.0,4.0,2147950,1.0,1,4,1,5.0,,0.0,0,1975.0,B01,138Â 301Â 658,1.0,0.0,-1.0,1640253,2.0,7,,0.0,2.0,4.0,C01,138Â 301Â 656,1.0
961068,201900002599,2,9,13:10,1,2,1,1.0,5.0,97416,Rue Marius et Ary Leblond,M," -21,3353500","55,4662500",974,2019,50.0,1.0,1.0,4.0,2147950,1.0,1,4,1,5.0,,0.0,0,1975.0,B01,138Â 301Â 658,1.0,0.0,-1.0,1640254,2.0,7,,0.0,2.0,4.0,D01,138Â 301Â 657,1.0
961068,201900002599,2,9,13:10,1,2,1,1.0,5.0,97416,Rue Marius et Ary Leblond,M," -21,3353500","55,4662500",974,2019,50.0,1.0,1.0,4.0,2147950,1.0,1,4,1,5.0,,0.0,0,1975.0,B01,138Â 301Â 658,1.0,0.0,-1.0,1640255,2.0,7,,0.0,2.0,4.0,B01,138Â 301Â 658,1.0
961069,201900002600,2,8,20:50,5,2,1,1.0,1.0,97411,Chemin du Ruisseau blanc,M," -20,8929500","55,4157300",974,2019,50.0,1.0,1.0,4.0,2147951,1.0,1,4,1,1.0,,0.0,0,1997.0,B01,138Â 301Â 653,2.0,8.0,-1.0,1640256,1.0,33,,0.0,2.0,1.0,B01,138Â 301Â 653,1.0
961069,201900002600,2,8,20:50,5,2,1,1.0,1.0,97411,Chemin du Ruisseau blanc,M," -20,8929500","55,4157300",974,2019,50.0,1.0,1.0,4.0,2147951,1.0,1,4,1,1.0,,0.0,0,1997.0,B01,138Â 301Â 653,2.0,8.0,-1.0,1640257,2.0,33,,0.0,2.0,1.0,A01,138Â 301Â 654,1.0
961069,201900002600,2,8,20:50,5,2,1,1.0,1.0,97411,Chemin du Ruisseau blanc,M," -20,8929500","55,4157300",974,2019,50.0,1.0,1.0,4.0,2147952,1.0,1,3,1,0.0,,-1.0, -1,1996.0,A01,138Â 301Â 654,8.0,8.0,-1.0,1640256,1.0,33,,0.0,2.0,1.0,B01,138Â 301Â 653,1.0
961069,201900002600,2,8,20:50,5,2,1,1.0,1.0,97411,Chemin du Ruisseau blanc,M," -20,8929500","55,4157300",974,2019,50.0,1.0,1.0,4.0,2147952,1.0,1,3,1,0.0,,-1.0, -1,1996.0,A01,138Â 301Â 654,8.0,8.0,-1.0,1640257,2.0,33,,0.0,2.0,1.0,A01,138Â 301Â 654,1.0
961070,201900002601,2,8,09:20,5,2,1,2.0,6.0,97411,Avenue de la Victoire,M," -20,8769070","55,4479550",974,2019,50.0,1.0,1.0,4.0,2147953,1.0,1,1,2,9.0,,0.0,0,1976.0,A01,138Â 301Â 652,1.0,0.0,-1.0,1640258,1.0,7,,0.0,1.0,1.0,A01,138Â 301Â 652,1.0
961070,201900002601,2,8,09:20,5,2,1,2.0,6.0,97411,Avenue de la Victoire,M," -20,8769070","55,4479550",974,2019,50.0,1.0,1.0,4.0,2147954,10.0,3,3,2,0.0,,1.0,3,1975.0,A01,138Â 301Â 652,0.0,0.0,0.0,1640258,1.0,7,,0.0,1.0,1.0,A01,138Â 301Â 652,1.0
961071,201900002602,2,8,08:30,1,2,3,1.0,6.0,97411,DECAEN (DE L'AMIRAL),M," -20,8856000","55,4572100",974,2019,50.0,1.0,1.0,4.0,2147955,10.0,3,3,2,0.0,,4.0,3,1934.0,A01,138Â 301Â 651,8.0,0.0,-1.0,1640259,1.0,7,,0.0,1.0,1.0,A01,138Â 301Â 651,3.0
961071,201900002602,2,8,08:30,1,2,3,1.0,6.0,97411,DECAEN (DE L'AMIRAL),M," -20,8856000","55,4572100",974,2019,50.0,1.0,1.0,4.0,2147956,1.0,1,1,1,0.0,,0.0,0,1929.0,A01,138Â 301Â 651,1.0,0.0,-1.0,1640259,1.0,7,,0.0,1.0,1.0,A01,138Â 301Â 651,3.0
961072,201900002603,2,7,15:15,1,2,1,1.0,2.0,97411,MACE (BOULEVARD GABRIEL),M," -20,8746900","55,4461500",974,2019,50.0,1.0,1.0,4.0,2147957,1.0,1,4,1,1.0,,-1.0, -1,1966.0,B01,138Â 301Â 649,1.0,8.0,-1.0,1640260,3.0,7,,0.0,2.0,4.0,B01,138Â 301Â 649,1.0