Unnamed: 0_x,num_acc,mois,jour,hrmn,lum,agg,int,atm,col,com,adr,gps,lat,long,dep,annee,vma,situ,surf,catr,Unnamed: 0_y,place,catu,grav,sexe,trajet,secu,locp,actp,an_nais,num_veh_x,id_vehicule_x,secu1,secu2,secu3,Unnamed: 0,senc,catv,occutc,obs,obsm,choc,num_veh_y,id_vehicule_y,motor
961072,201900002603,2,7,15:15,1,2,1,1.0,2.0,97411,MACE (BOULEVARD GABRIEL),M," -20,8746900","55,4461500",974,2019,50.0,1.0,1.0,4.0,2147957,1.0,1,4,1,1.0,,-1.0, -1,1966.0,B01,138Â 301Â 649,1.0,8.0,-1.0,1640261,3.0,7,,1.0,0.0,1.0,A01,138Â 301Â 650,1.0
961072,201900002603,2,7,15:15,1,2,1,1.0,2.0,97411,MACE (BOULEVARD GABRIEL),M," -20,8746900","55,4461500",974,2019,50.0,1.0,1.0,4.0,2147958,1.0,1,1,2,5.0,,-1.0, -1,1993.0,A01,138Â 301Â 650,1.0,8.0,-1.0,1640260,3.0,7,,0.0,2.0,4.0,B01,138Â 301Â 649,1.0
961072,201900002603,2,7,15:15,1,2,1,1.0,2.0,97411,MACE (BOULEVARD GABRIEL),M," -20,8746900","55,4461500",974,2019,50.0,1.0,1.0,4.0,2147958,1.0,1,1,2,5.0,,-1.0, -1,1993.0,A01,138Â 301Â 650,1.0,8.0,-1.0,1640261,3.0,7,,1.0,0.0,1.0,A01,138Â 301Â 650,1.0
961073,201900002604,2,11,09:35,1,2,3,1.0,3.0,97302,MADELEINE (ROUTE DE LA),M,"4,9297502"," -52,3258209",973,2019,50.0,1.0,1.0,3.0,2147959,1.0,1,3,1,9.0,,-1.0, -1,1965.0,A01,138Â 301Â 647,2.0,0.0,-1.0,1640262,1.0,30,,0.0,2.0,1.0,A01,138Â 301Â 647,1.0
961073,201900002604,2,11,09:35,1,2,3,1.0,3.0,97302,MADELEINE (ROUTE DE LA),M,"4,9297502"," -52,3258209",973,2019,50.0,1.0,1.0,3.0,2147959,1.0,1,3,1,9.0,,-1.0, -1,1965.0,A01,138Â 301Â 647,2.0,0.0,-1.0,1640263,1.0,7,,0.0,2.0,7.0,B01,138Â 301Â 648,1.0
961073,201900002604,2,11,09:35,1,2,3,1.0,3.0,97302,MADELEINE (ROUTE DE LA),M,"4,9297502"," -52,3258209",973,2019,50.0,1.0,1.0,3.0,2147960,1.0,1,1,1,9.0,,-1.0, -1,1956.0,B01,138Â 301Â 648,1.0,0.0,-1.0,1640262,1.0,30,,0.0,2.0,1.0,A01,138Â 301Â 647,1.0
961073,201900002604,2,11,09:35,1,2,3,1.0,3.0,97302,MADELEINE (ROUTE DE LA),M,"4,9297502"," -52,3258209",973,2019,50.0,1.0,1.0,3.0,2147960,1.0,1,1,1,9.0,,-1.0, -1,1956.0,B01,138Â 301Â 648,1.0,0.0,-1.0,1640263,1.0,7,,0.0,2.0,7.0,B01,138Â 301Â 648,1.0
961074,201900002605,2,7,06:11,2,2,1,1.0,6.0,97302,VIRGILE (AVENUE),M,"4,9323370"," -52,3080969",973,2019,50.0,1.0,1.0,3.0,2147961,1.0,1,1,1,0.0,,0.0,0,1954.0,A01,138Â 301Â 644,1.0,0.0,-1.0,1640264,1.0,7,,0.0,1.0,0.0,A01,138Â 301Â 644,0.0
961074,201900002605,2,7,06:11,2,2,1,1.0,6.0,97302,VIRGILE (AVENUE),M,"4,9323370"," -52,3080969",973,2019,50.0,1.0,1.0,3.0,2147962,10.0,3,4,1,2.0,,4.0,3,2002.0,A01,138Â 301Â 644,8.0,0.0,-1.0,1640264,1.0,7,,0.0,1.0,0.0,A01,138Â 301Â 644,0.0
961075,201900002606,2,11,07:30,2,2,2,1.0,3.0,69383,ABONDANCE (DE L')                   (R ),M,"45,7539200","4,8562900",69,2019,50.0,1.0,1.0,4.0,2147963,1.0,1,1,1,9.0,,0.0,0,1996.0,B01,138Â 301Â 642,1.0,0.0,-1.0,1640265,1.0,7,,0.0,2.0,2.0,B01,138Â 301Â 642,1.0
961075,201900002606,2,11,07:30,2,2,2,1.0,3.0,69383,ABONDANCE (DE L')                   (R ),M,"45,7539200","4,8562900",69,2019,50.0,1.0,1.0,4.0,2147963,1.0,1,1,1,9.0,,0.0,0,1996.0,B01,138Â 301Â 642,1.0,0.0,-1.0,1640266,1.0,7,,0.0,2.0,1.0,A01,138Â 301Â 643,1.0
961075,201900002606,2,11,07:30,2,2,2,1.0,3.0,69383,ABONDANCE (DE L')                   (R ),M,"45,7539200","4,8562900",69,2019,50.0,1.0,1.0,4.0,2147964,2.0,2,4,2,9.0,,0.0,0,1987.0,B01,138Â 301Â 642,1.0,0.0,-1.0,1640265,1.0,7,,0.0,2.0,2.0,B01,138Â 301Â 642,1.0
961075,201900002606,2,11,07:30,2,2,2,1.0,3.0,69383,ABONDANCE (DE L')                   (R ),M,"45,7539200","4,8562900",69,2019,50.0,1.0,1.0,4.0,2147964,2.0,2,4,2,9.0,,0.0,0,1987.0,B01,138Â 301Â 642,1.0,0.0,-1.0,1640266,1.0,7,,0.0,2.0,1.0,A01,138Â 301Â 643,1.0
961075,201900002606,2,11,07:30,2,2,2,1.0,3.0,69383,ABONDANCE (DE L')                   (R ),M,"45,7539200","4,8562900",69,2019,50.0,1.0,1.0,4.0,2147965,1.0,1,1,1,9.0,,0.0,0,1996.0,A01,138Â 301Â 643,1.0,0.0,-1.0,1640265,1.0,7,,0.0,2.0,2.0,B01,138Â 301Â 642,1.0
961075,201900002606,2,11,07:30,2,2,2,1.0,3.0,69383,ABONDANCE (DE L')                   (R ),M,"45,7539200","4,8562900",69,2019,50.0,1.0,1.0,4.0,2147965,1.0,1,1,1,9.0,,0.0,0,1996.0,A01,138Â 301Â 643,1.0,0.0,-1.0,1640266,1.0,7,,0.0,2.0,1.0,A01,138Â 301Â 643,1.0
961076,201900002607,2,10,17:15,1,2,6,1.0,3.0,69387,DEBOURG                             (AV),M,"45,7317000","4,8242500",69,2019,50.0,1.0,2.0,4.0,2147966,1.0,1,4,1,0.0,,0.0,0,1973.0,A01,138Â 301Â 640,2.0,6.0,-1.0,1640267,2.0,34,,0.0,2.0,1.0,A01,138Â 301Â 640,1.0
961076,201900002607,2,10,17:15,1,2,6,1.0,3.0,69387,DEBOURG                             (AV),M,"45,7317000","4,8242500",69,2019,50.0,1.0,2.0,4.0,2147966,1.0,1,4,1,0.0,,0.0,0,1973.0,A01,138Â 301Â 640,2.0,6.0,-1.0,1640268,2.0,7,,0.0,2.0,2.0,B01,138Â 301Â 641,1.0
961076,201900002607,2,10,17:15,1,2,6,1.0,3.0,69387,DEBOURG                             (AV),M,"45,7317000","4,8242500",69,2019,50.0,1.0,2.0,4.0,2147967,1.0,1,1,1,0.0,,0.0,0,1991.0,B01,138Â 301Â 641,1.0,0.0,-1.0,1640267,2.0,34,,0.0,2.0,1.0,A01,138Â 301Â 640,1.0
961076,201900002607,2,10,17:15,1,2,6,1.0,3.0,69387,DEBOURG                             (AV),M,"45,7317000","4,8242500",69,2019,50.0,1.0,2.0,4.0,2147967,1.0,1,1,1,0.0,,0.0,0,1991.0,B01,138Â 301Â 641,1.0,0.0,-1.0,1640268,2.0,7,,0.0,2.0,2.0,B01,138Â 301Â 641,1.0
961077,201900002608,2,10,05:35,5,2,2,1.0,3.0,69387,BERTHELOT                           (AV),M,"45,7423500","4,8506500",69,2019,50.0,1.0,1.0,4.0,2147968,1.0,1,1,1,5.0,,0.0,0,1994.0,A01,138Â 301Â 638,1.0,0.0,-1.0,1640269,2.0,7,,0.0,2.0,1.0,A01,138Â 301Â 638,1.0
961077,201900002608,2,10,05:35,5,2,2,1.0,3.0,69387,BERTHELOT                           (AV),M,"45,7423500","4,8506500",69,2019,50.0,1.0,1.0,4.0,2147968,1.0,1,1,1,5.0,,0.0,0,1994.0,A01,138Â 301Â 638,1.0,0.0,-1.0,1640270,1.0,7,,0.0,2.0,8.0,B01,138Â 301Â 639,1.0
961077,201900002608,2,10,05:35,5,2,2,1.0,3.0,69387,BERTHELOT                           (AV),M,"45,7423500","4,8506500",69,2019,50.0,1.0,1.0,4.0,2147969,2.0,2,1,1,0.0,,0.0,0,1986.0,A01,138Â 301Â 638,1.0,0.0,-1.0,1640269,2.0,7,,0.0,2.0,1.0,A01,138Â 301Â 638,1.0
961077,201900002608,2,10,05:35,5,2,2,1.0,3.0,69387,BERTHELOT                           (AV),M,"45,7423500","4,8506500",69,2019,50.0,1.0,1.0,4.0,2147969,2.0,2,1,1,0.0,,0.0,0,1986.0,A01,138Â 301Â 638,1.0,0.0,-1.0,1640270,1.0,7,,0.0,2.0,8.0,B01,138Â 301Â 639,1.0
961077,201900002608,2,10,05:35,5,2,2,1.0,3.0,69387,BERTHELOT                           (AV),M,"45,7423500","4,8506500",69,2019,50.0,1.0,1.0,4.0,2147970,4.0,2,1,1,0.0,,0.0,0,1994.0,A01,138Â 301Â 638,1.0,0.0,-1.0,1640269,2.0,7,,0.0,2.0,1.0,A01,138Â 301Â 638,1.0
961077,201900002608,2,10,05:35,5,2,2,1.0,3.0,69387,BERTHELOT                           (AV),M,"45,7423500","4,8506500",69,2019,50.0,1.0,1.0,4.0,2147970,4.0,2,1,1,0.0,,0.0,0,1994.0,A01,138Â 301Â 638,1.0,0.0,-1.0,1640270,1.0,7,,0.0,2.0,8.0,B01,138Â 301Â 639,1.0
961077,201900002608,2,10,05:35,5,2,2,1.0,3.0,69387,BERTHELOT                           (AV),M,"45,7423500","4,8506500",69,2019,50.0,1.0,1.0,4.0,2147971,1.0,1,4,1,5.0,,0.0,0,1993.0,B01,138Â 301Â 639,1.0,0.0,-1.0,1640269,2.0,7,,0.0,2.0,1.0,A01,138Â 301Â 638,1.0
961077,201900002608,2,10,05:35,5,2,2,1.0,3.0,69387,BERTHELOT                           (AV),M,"45,7423500","4,8506500",69,2019,50.0,1.0,1.0,4.0,2147971,1.0,1,4,1,5.0,,0.0,0,1993.0,B01,138Â 301Â 639,1.0,0.0,-1.0,1640270,1.0,7,,0.0,2.0,8.0,B01,138Â 301Â 639,1.0
961077,201900002608,2,10,05:35,5,2,2,1.0,3.0,69387,BERTHELOT                           (AV),M,"45,7423500","4,8506500",69,2019,50.0,1.0,1.0,4.0,2147972,2.0,2,4,2,0.0,,0.0,0,1996.0,B01,138Â 301Â 639,1.0,0.0,-1.0,1640269,2.0,7,,0.0,2.0,1.0,A01,138Â 301Â 638,1.0
961077,201900002608,2,10,05:35,5,2,2,1.0,3.0,69387,BERTHELOT                           (AV),M,"45,7423500","4,8506500",69,2019,50.0,1.0,1.0,4.0,2147972,2.0,2,4,2,0.0,,0.0,0,1996.0,B01,138Â 301Â 639,1.0,0.0,-1.0,1640270,1.0,7,,0.0,2.0,8.0,B01,138Â 301Â 639,1.0
961078,201900002609,2,10,05:45,5,2,2,1.0,3.0,69387,LECLERC                             (AV),M,"45,7477900","4,8336200",69,2019,50.0,1.0,1.0,4.0,2147973,1.0,1,1,1,9.0,,0.0,0,2000.0,A01,138Â 301Â 636,8.0,8.0,-1.0,1640271,1.0,7,,0.0,2.0,2.0,A01,138Â 301Â 636,1.0
961078,201900002609,2,10,05:45,5,2,2,1.0,3.0,69387,LECLERC                             (AV),M,"45,7477900","4,8336200",69,2019,50.0,1.0,1.0,4.0,2147973,1.0,1,1,1,9.0,,0.0,0,2000.0,A01,138Â 301Â 636,8.0,8.0,-1.0,1640272,1.0,7,,0.0,2.0,1.0,B01,138Â 301Â 637,1.0
961078,201900002609,2,10,05:45,5,2,2,1.0,3.0,69387,LECLERC                             (AV),M,"45,7477900","4,8336200",69,2019,50.0,1.0,1.0,4.0,2147974,1.0,1,4,2,9.0,,0.0,0,1987.0,B01,138Â 301Â 637,1.0,0.0,-1.0,1640271,1.0,7,,0.0,2.0,2.0,A01,138Â 301Â 636,1.0
961078,201900002609,2,10,05:45,5,2,2,1.0,3.0,69387,LECLERC                             (AV),M,"45,7477900","4,8336200",69,2019,50.0,1.0,1.0,4.0,2147974,1.0,1,4,2,9.0,,0.0,0,1987.0,B01,138Â 301Â 637,1.0,0.0,-1.0,1640272,1.0,7,,0.0,2.0,1.0,B01,138Â 301Â 637,1.0
961079,201900002610,2,9,15:35,1,2,1,8.0,4.0,69387,LECLERC                             (AV),M,"45,7434600","4,8295800",69,2019,50.0,1.0,1.0,4.0,2147975,1.0,1,4,2,0.0,,0.0,0,1965.0,B01,138Â 301Â 632,1.0,0.0,-1.0,1640273,1.0,7,,0.0,2.0,4.0,B01,138Â 301Â 632,1.0
961079,201900002610,2,9,15:35,1,2,1,8.0,4.0,69387,LECLERC                             (AV),M,"45,7434600","4,8295800",69,2019,50.0,1.0,1.0,4.0,2147975,1.0,1,4,2,0.0,,0.0,0,1965.0,B01,138Â 301Â 632,1.0,0.0,-1.0,1640274,1.0,7,,0.0,2.0,4.0,D01,138Â 301Â 633,1.0
961079,201900002610,2,9,15:35,1,2,1,8.0,4.0,69387,LECLERC                             (AV),M,"45,7434600","4,8295800",69,2019,50.0,1.0,1.0,4.0,2147975,1.0,1,4,2,0.0,,0.0,0,1965.0,B01,138Â 301Â 632,1.0,0.0,-1.0,1640275,1.0,7,,0.0,2.0,4.0,C01,138Â 301Â 634,0.0
961079,201900002610,2,9,15:35,1,2,1,8.0,4.0,69387,LECLERC                             (AV),M,"45,7434600","4,8295800",69,2019,50.0,1.0,1.0,4.0,2147975,1.0,1,4,2,0.0,,0.0,0,1965.0,B01,138Â 301Â 632,1.0,0.0,-1.0,1640276,1.0,7,,0.0,2.0,1.0,A01,138Â 301Â 635,1.0
961079,201900002610,2,9,15:35,1,2,1,8.0,4.0,69387,LECLERC                             (AV),M,"45,7434600","4,8295800",69,2019,50.0,1.0,1.0,4.0,2147976,1.0,1,1,2,0.0,,0.0,0,1989.0,D01,138Â 301Â 633,1.0,0.0,-1.0,1640273,1.0,7,,0.0,2.0,4.0,B01,138Â 301Â 632,1.0
961079,201900002610,2,9,15:35,1,2,1,8.0,4.0,69387,LECLERC                             (AV),M,"45,7434600","4,8295800",69,2019,50.0,1.0,1.0,4.0,2147976,1.0,1,1,2,0.0,,0.0,0,1989.0,D01,138Â 301Â 633,1.0,0.0,-1.0,1640274,1.0,7,,0.0,2.0,4.0,D01,138Â 301Â 633,1.0
961079,201900002610,2,9,15:35,1,2,1,8.0,4.0,69387,LECLERC                             (AV),M,"45,7434600","4,8295800",69,2019,50.0,1.0,1.0,4.0,2147976,1.0,1,1,2,0.0,,0.0,0,1989.0,D01,138Â 301Â 633,1.0,0.0,-1.0,1640275,1.0,7,,0.0,2.0,4.0,C01,138Â 301Â 634,0.0
961079,201900002610,2,9,15:35,1,2,1,8.0,4.0,69387,LECLERC                             (AV),M,"45,7434600","4,8295800",69,2019,50.0,1.0,1.0,4.0,2147976,1.0,1,1,2,0.0,,0.0,0,1989.0,D01,138Â 301Â 633,1.0,0.0,-1.0,1640276,1.0,7,,0.0,2.0,1.0,A01,138Â 301Â 635,1.0
961079,201900002610,2,9,15:35,1,2,1,8.0,4.0,69387,LECLERC                             (AV),M,"45,7434600","4,8295800",69,2019,50.0,1.0,1.0,4.0,2147977,2.0,2,4,2,0.0,,0.0,0,1996.0,C01,138Â 301Â 634,1.0,0.0,-1.0,1640273,1.0,7,,0.0,2.0,4.0,B01,138Â 301Â 632,1.0
961079,201900002610,2,9,15:35,1,2,1,8.0,4.0,69387,LECLERC                             (AV),M,"45,7434600","4,8295800",69,2019,50.0,1.0,1.0,4.0,2147977,2.0,2,4,2,0.0,,0.0,0,1996.0,C01,138Â 301Â 634,1.0,0.0,-1.0,1640274,1.0,7,,0.0,2.0,4.0,D01,138Â 301Â 633,1.0
961079,201900002610,2,9,15:35,1,2,1,8.0,4.0,69387,LECLERC                             (AV),M,"45,7434600","4,8295800",69,2019,50.0,1.0,1.0,4.0,2147977,2.0,2,4,2,0.0,,0.0,0,1996.0,C01,138Â 301Â 634,1.0,0.0,-1.0,1640275,1.0,7,,0.0,2.0,4.0,C01,138Â 301Â 634,0.0
961079,201900002610,2,9,15:35,1,2,1,8.0,4.0,69387,LECLERC                             (AV),M,"45,7434600","4,8295800",69,2019,50.0,1.0,1.0,4.0,2147977,2.0,2,4,2,0.0,,0.0,0,1996.0,C01,138Â 301Â 634,1.0,0.0,-1.0,1640276,1.0,7,,0.0,2.0,1.0,A01,138Â 301Â 635,1.0
961079,201900002610,2,9,15:35,1,2,1,8.0,4.0,69387,LECLERC                             (AV),M,"45,7434600","4,8295800",69,2019,50.0,1.0,1.0,4.0,2147978,1.0,1,1,1,0.0,,0.0,0,1991.0,C01,138Â 301Â 634,1.0,0.0,-1.0,1640273,1.0,7,,0.0,2.0,4.0,B01,138Â 301Â 632,1.0
961079,201900002610,2,9,15:35,1,2,1,8.0,4.0,69387,LECLERC                             (AV),M,"45,7434600","4,8295800",69,2019,50.0,1.0,1.0,4.0,2147978,1.0,1,1,1,0.0,,0.0,0,1991.0,C01,138Â 301Â 634,1.0,0.0,-1.0,1640274,1.0,7,,0.0,2.0,4.0,D01,138Â 301Â 633,1.0
961079,201900002610,2,9,15:35,1,2,1,8.0,4.0,69387,LECLERC                             (AV),M,"45,7434600","4,8295800",69,2019,50.0,1.0,1.0,4.0,2147978,1.0,1,1,1,0.0,,0.0,0,1991.0,C01,138Â 301Â 634,1.0,0.0,-1.0,1640275,1.0,7,,0.0,2.0,4.0,C01,138Â 301Â 634,0.0
961079,201900002610,2,9,15:35,1,2,1,8.0,4.0,69387,LECLERC                             (AV),M,"45,7434600","4,8295800",69,2019,50.0,1.0,1.0,4.0,2147978,1.0,1,1,1,0.0,,0.0,0,1991.0,C01,138Â 301Â 634,1.0,0.0,-1.0,1640276,1.0,7,,0.0,2.0,1.0,A01,138Â 301Â 635,1.0
961079,201900002610,2,9,15:35,1,2,1,8.0,4.0,69387,LECLERC                             (AV),M,"45,7434600","4,8295800",69,2019,50.0,1.0,1.0,4.0,2147979,1.0,1,1,1,0.0,,0.0,0,1999.0,A01,138Â 301Â 635,1.0,0.0,-1.0,1640273,1.0,7,,0.0,2.0,4.0,B01,138Â 301Â 632,1.0
961079,201900002610,2,9,15:35,1,2,1,8.0,4.0,69387,LECLERC                             (AV),M,"45,7434600","4,8295800",69,2019,50.0,1.0,1.0,4.0,2147979,1.0,1,1,1,0.0,,0.0,0,1999.0,A01,138Â 301Â 635,1.0,0.0,-1.0,1640274,1.0,7,,0.0,2.0,4.0,D01,138Â 301Â 633,1.0
961079,201900002610,2,9,15:35,1,2,1,8.0,4.0,69387,LECLERC                             (AV),M,"45,7434600","4,8295800",69,2019,50.0,1.0,1.0,4.0,2147979,1.0,1,1,1,0.0,,0.0,0,1999.0,A01,138Â 301Â 635,1.0,0.0,-1.0,1640275,1.0,7,,0.0,2.0,4.0,C01,138Â 301Â 634,0.0
961079,201900002610,2,9,15:35,1,2,1,8.0,4.0,69387,LECLERC                             (AV),M,"45,7434600","4,8295800",69,2019,50.0,1.0,1.0,4.0,2147979,1.0,1,1,1,0.0,,0.0,0,1999.0,A01,138Â 301Â 635,1.0,0.0,-1.0,1640276,1.0,7,,0.0,2.0,1.0,A01,138Â 301Â 635,1.0
961080,201900002611,2,9,14:30,1,2,2,1.0,6.0,69387,BERTHELOT                           (AV),M,"45,7451700","4,8418800",69,2019,50.0,1.0,1.0,4.0,2147980,10.0,3,3,1,0.0,,3.0,3,2011.0,A01,138Â 301Â 631,8.0,0.0,-1.0,1640277,1.0,7,,0.0,1.0,2.0,A01,138Â 301Â 631,0.0
961080,201900002611,2,9,14:30,1,2,2,1.0,6.0,69387,BERTHELOT                           (AV),M,"45,7451700","4,8418800",69,2019,50.0,1.0,1.0,4.0,2147981,1.0,1,1,2,0.0,,0.0,0,1980.0,A01,138Â 301Â 631,1.0,0.0,-1.0,1640277,1.0,7,,0.0,1.0,2.0,A01,138Â 301Â 631,0.0
961081,201900002612,2,8,22:10,5,2,1,1.0,6.0,69383,VICTOR AUGAGNEUR                    (QU),M,"45,7583100","4,8408300",69,2019,25.0,1.0,1.0,9.0,2147982,1.0,1,4,1,0.0,,0.0,0,1988.0,A01,138Â 301Â 630,8.0,0.0,-1.0,1640278,3.0,99,,8.0,0.0,1.0,A01,138Â 301Â 630,6.0
961082,201900002613,2,8,13:08,1,2,1,1.0,6.0,69383,GAMBETTA                            (CO),M,"45,7538100","4,8473600",69,2019,50.0,1.0,1.0,4.0,2147983,10.0,3,4,1,0.0,,4.0,3,2003.0,A01,138Â 301Â 629,8.0,0.0,-1.0,1640279,2.0,7,,0.0,1.0,2.0,A01,138Â 301Â 629,1.0
961082,201900002613,2,8,13:08,1,2,1,1.0,6.0,69383,GAMBETTA                            (CO),M,"45,7538100","4,8473600",69,2019,50.0,1.0,1.0,4.0,2147984,1.0,1,1,2,0.0,,0.0,0,1996.0,A01,138Â 301Â 629,1.0,8.0,-1.0,1640279,2.0,7,,0.0,1.0,2.0,A01,138Â 301Â 629,1.0
961083,201900002614,2,8,11:40,1,2,1,1.0,2.0,69388,LAENNEC                             (R ),M,"45,7377900","4,8849300",69,2019,50.0,1.0,1.0,4.0,2147985,2.0,2,4,1,9.0,,0.0,0,1974.0,B01,138Â 301Â 627,1.0,0.0,-1.0,1640280,1.0,7,,1.0,0.0,4.0,B01,138Â 301Â 627,0.0
961083,201900002614,2,8,11:40,1,2,1,1.0,2.0,69388,LAENNEC                             (R ),M,"45,7377900","4,8849300",69,2019,50.0,1.0,1.0,4.0,2147985,2.0,2,4,1,9.0,,0.0,0,1974.0,B01,138Â 301Â 627,1.0,0.0,-1.0,1640281,1.0,7,,0.0,2.0,1.0,A01,138Â 301Â 628,0.0
961083,201900002614,2,8,11:40,1,2,1,1.0,2.0,69388,LAENNEC                             (R ),M,"45,7377900","4,8849300",69,2019,50.0,1.0,1.0,4.0,2147986,1.0,1,4,2,9.0,,0.0,0,1978.0,B01,138Â 301Â 627,1.0,0.0,-1.0,1640280,1.0,7,,1.0,0.0,4.0,B01,138Â 301Â 627,0.0
961083,201900002614,2,8,11:40,1,2,1,1.0,2.0,69388,LAENNEC                             (R ),M,"45,7377900","4,8849300",69,2019,50.0,1.0,1.0,4.0,2147986,1.0,1,4,2,9.0,,0.0,0,1978.0,B01,138Â 301Â 627,1.0,0.0,-1.0,1640281,1.0,7,,0.0,2.0,1.0,A01,138Â 301Â 628,0.0
961083,201900002614,2,8,11:40,1,2,1,1.0,2.0,69388,LAENNEC                             (R ),M,"45,7377900","4,8849300",69,2019,50.0,1.0,1.0,4.0,2147987,1.0,1,1,2,9.0,,0.0,0,1991.0,A01,138Â 301Â 628,1.0,0.0,-1.0,1640280,1.0,7,,1.0,0.0,4.0,B01,138Â 301Â 627,0.0
961083,201900002614,2,8,11:40,1,2,1,1.0,2.0,69388,LAENNEC                             (R ),M,"45,7377900","4,8849300",69,2019,50.0,1.0,1.0,4.0,2147987,1.0,1,1,2,9.0,,0.0,0,1991.0,A01,138Â 301Â 628,1.0,0.0,-1.0,1640281,1.0,7,,0.0,2.0,1.0,A01,138Â 301Â 628,0.0
961084,201900002615,2,8,08:20,1,2,1,1.0,6.0,69259,PRESIDENT EDOUARD HERRIOT (DU)      (R ),M,"45,6963800","4,8768200",69,2019,15.0,1.0,1.0,4.0,2147988,10.0,3,4,1,2.0,,2.0,5,2010.0,A01,138Â 301Â 626,8.0,0.0,-1.0,1640282,1.0,7,,0.0,1.0,2.0,A01,138Â 301Â 626,1.0
961084,201900002615,2,8,08:20,1,2,1,1.0,6.0,69259,PRESIDENT EDOUARD HERRIOT (DU)      (R ),M,"45,6963800","4,8768200",69,2019,15.0,1.0,1.0,4.0,2147989,1.0,1,1,1,0.0,,0.0,0,1975.0,A01,138Â 301Â 626,8.0,0.0,-1.0,1640282,1.0,7,,0.0,1.0,2.0,A01,138Â 301Â 626,1.0
961085,201900002616,2,7,20:00,3,2,9,1.0,6.0,69259,FRERES LAFRANCHI (DES)                  ,M,"45,7131300","4,8768200",69,2019,50.0,1.0,2.0,4.0,2147990,10.0,3,4,1,0.0,,2.0,3,1994.0,A01,138Â 301Â 625,8.0,0.0,-1.0,1640283,1.0,10,,0.0,1.0,3.0,A01,138Â 301Â 625,0.0
961085,201900002616,2,7,20:00,3,2,9,1.0,6.0,69259,FRERES LAFRANCHI (DES)                  ,M,"45,7131300","4,8768200",69,2019,50.0,1.0,2.0,4.0,2147991,1.0,1,1,1,0.0,,0.0,0,1982.0,A01,138Â 301Â 625,1.0,4.0,-1.0,1640283,1.0,10,,0.0,1.0,3.0,A01,138Â 301Â 625,0.0
961086,201900002617,2,7,09:40,1,2,1,2.0,6.0,69383,ST PHILIPPE                         (R ),M,"45,7504100","4,8663200",69,2019,50.0,1.0,2.0,4.0,2147992,1.0,1,1,1,4.0,,0.0,0,1965.0,A01,138Â 301Â 624,1.0,0.0,-1.0,1640284,2.0,7,,0.0,1.0,2.0,A01,138Â 301Â 624,3.0
961086,201900002617,2,7,09:40,1,2,1,2.0,6.0,69383,ST PHILIPPE                         (R ),M,"45,7504100","4,8663200",69,2019,50.0,1.0,2.0,4.0,2147993,10.0,3,4,2,5.0,,4.0,3,1958.0,A01,138Â 301Â 624,8.0,0.0,-1.0,1640284,2.0,7,,0.0,1.0,2.0,A01,138Â 301Â 624,3.0
961087,201900002618,2,9,15:50,1,1,1,1.0,3.0,97213,PELLETIER (ROUTE DE),M,"14,6566850"," -60,9785100",972,2019,50.0,1.0,1.0,3.0,2147994,1.0,1,4,1,0.0,,-1.0,0,1970.0,A01,138Â 301Â 622,1.0,0.0,0.0,1640285,1.0,7,,0.0,2.0,1.0,A01,138Â 301Â 622,1.0