Unnamed: 0_x,num_acc,mois,jour,hrmn,lum,agg,int,atm,col,com,adr,gps,lat,long,dep,annee,vma,situ,surf,catr,Unnamed: 0_y,place,catu,grav,sexe,trajet,secu,locp,actp,an_nais,num_veh_x,id_vehicule_x,secu1,secu2,secu3,Unnamed: 0,senc,catv,occutc,obs,obsm,choc,num_veh_y,id_vehicule_y,motor
961087,201900002618,2,9,15:50,1,1,1,1.0,3.0,97213,PELLETIER (ROUTE DE),M,"14,6566850"," -60,9785100",972,2019,50.0,1.0,1.0,3.0,2147994,1.0,1,4,1,0.0,,-1.0,0,1970.0,A01,138Â 301Â 622,1.0,0.0,0.0,1640286,2.0,1,,0.0,2.0,0.0,B01,138Â 301Â 623,5.0
961087,201900002618,2,9,15:50,1,1,1,1.0,3.0,97213,PELLETIER (ROUTE DE),M,"14,6566850"," -60,9785100",972,2019,50.0,1.0,1.0,3.0,2147995,1.0,1,3,1,0.0,,-1.0,0,2001.0,B01,138Â 301Â 623,2.0,8.0,-1.0,1640285,1.0,7,,0.0,2.0,1.0,A01,138Â 301Â 622,1.0
961087,201900002618,2,9,15:50,1,1,1,1.0,3.0,97213,PELLETIER (ROUTE DE),M,"14,6566850"," -60,9785100",972,2019,50.0,1.0,1.0,3.0,2147995,1.0,1,3,1,0.0,,-1.0,0,2001.0,B01,138Â 301Â 623,2.0,8.0,-1.0,1640286,2.0,1,,0.0,2.0,0.0,B01,138Â 301Â 623,5.0
961088,201900002619,7,9,13:15,1,1,1,1.0,2.0,94017,A4,M,"48,8280945","2,5033698",94,2019,90.0,1.0,1.0,1.0,2147996,1.0,1,1,1,1.0,,-1.0,0,1995.0,A01,138Â 301Â 620,1.0,0.0,-1.0,1640287,2.0,7,,0.0,2.0,4.0,A01,138Â 301Â 620,1.0
961088,201900002619,7,9,13:15,1,1,1,1.0,2.0,94017,A4,M,"48,8280945","2,5033698",94,2019,90.0,1.0,1.0,1.0,2147996,1.0,1,1,1,1.0,,-1.0,0,1995.0,A01,138Â 301Â 620,1.0,0.0,-1.0,1640288,2.0,7,,0.0,2.0,1.0,B01,138Â 301Â 621,1.0
961088,201900002619,7,9,13:15,1,1,1,1.0,2.0,94017,A4,M,"48,8280945","2,5033698",94,2019,90.0,1.0,1.0,1.0,2147997,1.0,1,4,1,0.0,,-1.0,0,1962.0,B01,138Â 301Â 621,1.0,0.0,-1.0,1640287,2.0,7,,0.0,2.0,4.0,A01,138Â 301Â 620,1.0
961088,201900002619,7,9,13:15,1,1,1,1.0,2.0,94017,A4,M,"48,8280945","2,5033698",94,2019,90.0,1.0,1.0,1.0,2147997,1.0,1,4,1,0.0,,-1.0,0,1962.0,B01,138Â 301Â 621,1.0,0.0,-1.0,1640288,2.0,7,,0.0,2.0,1.0,B01,138Â 301Â 621,1.0
961089,201900002620,7,7,09:48,1,2,1,1.0,2.0,91421,NATIONALE 6 (PARTIE FORET),M,"48,6838000","2,4895000",91,2019,50.0,3.0,1.0,2.0,2147998,3.0,2,1,2,0.0,,0.0,0,2014.0,B01,138Â 301Â 618,1.0,0.0,-1.0,1640289,3.0,7,,0.0,2.0,4.0,B01,138Â 301Â 618,1.0
961089,201900002620,7,7,09:48,1,2,1,1.0,2.0,91421,NATIONALE 6 (PARTIE FORET),M,"48,6838000","2,4895000",91,2019,50.0,3.0,1.0,2.0,2147998,3.0,2,1,2,0.0,,0.0,0,2014.0,B01,138Â 301Â 618,1.0,0.0,-1.0,1640290,3.0,7,,0.0,2.0,1.0,A01,138Â 301Â 619,1.0
961089,201900002620,7,7,09:48,1,2,1,1.0,2.0,91421,NATIONALE 6 (PARTIE FORET),M,"48,6838000","2,4895000",91,2019,50.0,3.0,1.0,2.0,2147999,4.0,2,1,1,0.0,,0.0,0,2010.0,B01,138Â 301Â 618,1.0,0.0,-1.0,1640289,3.0,7,,0.0,2.0,4.0,B01,138Â 301Â 618,1.0
961089,201900002620,7,7,09:48,1,2,1,1.0,2.0,91421,NATIONALE 6 (PARTIE FORET),M,"48,6838000","2,4895000",91,2019,50.0,3.0,1.0,2.0,2147999,4.0,2,1,1,0.0,,0.0,0,2010.0,B01,138Â 301Â 618,1.0,0.0,-1.0,1640290,3.0,7,,0.0,2.0,1.0,A01,138Â 301Â 619,1.0
961089,201900002620,7,7,09:48,1,2,1,1.0,2.0,91421,NATIONALE 6 (PARTIE FORET),M,"48,6838000","2,4895000",91,2019,50.0,3.0,1.0,2.0,2148000,4.0,2,1,1,0.0,,0.0,0,2007.0,B01,138Â 301Â 618,1.0,0.0,-1.0,1640289,3.0,7,,0.0,2.0,4.0,B01,138Â 301Â 618,1.0
961089,201900002620,7,7,09:48,1,2,1,1.0,2.0,91421,NATIONALE 6 (PARTIE FORET),M,"48,6838000","2,4895000",91,2019,50.0,3.0,1.0,2.0,2148000,4.0,2,1,1,0.0,,0.0,0,2007.0,B01,138Â 301Â 618,1.0,0.0,-1.0,1640290,3.0,7,,0.0,2.0,1.0,A01,138Â 301Â 619,1.0
961089,201900002620,7,7,09:48,1,2,1,1.0,2.0,91421,NATIONALE 6 (PARTIE FORET),M,"48,6838000","2,4895000",91,2019,50.0,3.0,1.0,2.0,2148001,1.0,1,4,2,5.0,,0.0,0,1979.0,B01,138Â 301Â 618,1.0,0.0,-1.0,1640289,3.0,7,,0.0,2.0,4.0,B01,138Â 301Â 618,1.0
961089,201900002620,7,7,09:48,1,2,1,1.0,2.0,91421,NATIONALE 6 (PARTIE FORET),M,"48,6838000","2,4895000",91,2019,50.0,3.0,1.0,2.0,2148001,1.0,1,4,2,5.0,,0.0,0,1979.0,B01,138Â 301Â 618,1.0,0.0,-1.0,1640290,3.0,7,,0.0,2.0,1.0,A01,138Â 301Â 619,1.0
961089,201900002620,7,7,09:48,1,2,1,1.0,2.0,91421,NATIONALE 6 (PARTIE FORET),M,"48,6838000","2,4895000",91,2019,50.0,3.0,1.0,2.0,2148002,1.0,1,1,1,0.0,,0.0,0,1987.0,A01,138Â 301Â 619,1.0,0.0,-1.0,1640289,3.0,7,,0.0,2.0,4.0,B01,138Â 301Â 618,1.0
961089,201900002620,7,7,09:48,1,2,1,1.0,2.0,91421,NATIONALE 6 (PARTIE FORET),M,"48,6838000","2,4895000",91,2019,50.0,3.0,1.0,2.0,2148002,1.0,1,1,1,0.0,,0.0,0,1987.0,A01,138Â 301Â 619,1.0,0.0,-1.0,1640290,3.0,7,,0.0,2.0,1.0,A01,138Â 301Â 619,1.0
961090,201900002621,7,8,18:00,1,2,1,1.0,2.0,27229,VULCAIN (RUE),M,"49,0203900","1,1815500",27,2019,50.0,1.0,1.0,4.0,2148003,1.0,1,4,1,0.0,,-1.0, -1,1995.0,B01,138Â 301Â 613,1.0,8.0,-1.0,1640291,0.0,7,,0.0,2.0,4.0,B01,138Â 301Â 613,1.0
961090,201900002621,7,8,18:00,1,2,1,1.0,2.0,27229,VULCAIN (RUE),M,"49,0203900","1,1815500",27,2019,50.0,1.0,1.0,4.0,2148003,1.0,1,4,1,0.0,,-1.0, -1,1995.0,B01,138Â 301Â 613,1.0,8.0,-1.0,1640292,0.0,7,,1.0,0.0,1.0,A01,138Â 301Â 614,1.0
961090,201900002621,7,8,18:00,1,2,1,1.0,2.0,27229,VULCAIN (RUE),M,"49,0203900","1,1815500",27,2019,50.0,1.0,1.0,4.0,2148004,1.0,1,1,2,0.0,,-1.0, -1,1992.0,A01,138Â 301Â 614,1.0,8.0,-1.0,1640291,0.0,7,,0.0,2.0,4.0,B01,138Â 301Â 613,1.0
961090,201900002621,7,8,18:00,1,2,1,1.0,2.0,27229,VULCAIN (RUE),M,"49,0203900","1,1815500",27,2019,50.0,1.0,1.0,4.0,2148004,1.0,1,1,2,0.0,,-1.0, -1,1992.0,A01,138Â 301Â 614,1.0,8.0,-1.0,1640292,0.0,7,,1.0,0.0,1.0,A01,138Â 301Â 614,1.0
961091,201900002622,7,7,23:50,5,2,9,1.0,6.0,13207,ROUCAS BLAN (CHEMIN),M,"43,2786060","5,3674890",13,2019,50.0,1.0,1.0,4.0,2148005,1.0,1,3,1,5.0,,-1.0, -1,1991.0,A01,138Â 301Â 612,2.0,0.0,-1.0,1640293,3.0,34,,0.0,0.0,0.0,A01,138Â 301Â 612,1.0
961092,201900002623,6,19,19:15,1,2,1,1.0,3.0,13210,PONT DE VIVAUX (BOULEVARD),M,"43,2815400","5,4245900",13,2019,50.0,1.0,1.0,4.0,2148006,1.0,1,1,1,0.0,,-1.0, -1,1987.0,B01,138Â 301Â 610,8.0,0.0,-1.0,1640294,0.0,7,,0.0,2.0,8.0,B01,138Â 301Â 610,0.0
961092,201900002623,6,19,19:15,1,2,1,1.0,3.0,13210,PONT DE VIVAUX (BOULEVARD),M,"43,2815400","5,4245900",13,2019,50.0,1.0,1.0,4.0,2148006,1.0,1,1,1,0.0,,-1.0, -1,1987.0,B01,138Â 301Â 610,8.0,0.0,-1.0,1640295,1.0,31,,0.0,2.0,7.0,A01,138Â 301Â 611,0.0
961092,201900002623,6,19,19:15,1,2,1,1.0,3.0,13210,PONT DE VIVAUX (BOULEVARD),M,"43,2815400","5,4245900",13,2019,50.0,1.0,1.0,4.0,2148007,1.0,1,4,1,1.0,,-1.0, -1,1989.0,A01,138Â 301Â 611,2.0,6.0,-1.0,1640294,0.0,7,,0.0,2.0,8.0,B01,138Â 301Â 610,0.0
961092,201900002623,6,19,19:15,1,2,1,1.0,3.0,13210,PONT DE VIVAUX (BOULEVARD),M,"43,2815400","5,4245900",13,2019,50.0,1.0,1.0,4.0,2148007,1.0,1,4,1,1.0,,-1.0, -1,1989.0,A01,138Â 301Â 611,2.0,6.0,-1.0,1640295,1.0,31,,0.0,2.0,7.0,A01,138Â 301Â 611,0.0
961093,201900002624,6,19,19:20,1,2,6,1.0,1.0,13209,ANTOINE FORTUNE MARION (RUE),M,"43,2386140","5,4041700",13,2019,50.0,1.0,1.0,4.0,2148008,1.0,1,3,1,0.0,,-1.0,0,1999.0,A01,138Â 301Â 608,2.0,0.0,-1.0,1640296,0.0,32,,0.0,2.0,3.0,A01,138Â 301Â 608,1.0
961093,201900002624,6,19,19:20,1,2,6,1.0,1.0,13209,ANTOINE FORTUNE MARION (RUE),M,"43,2386140","5,4041700",13,2019,50.0,1.0,1.0,4.0,2148008,1.0,1,3,1,0.0,,-1.0,0,1999.0,A01,138Â 301Â 608,2.0,0.0,-1.0,1640297,3.0,7,,0.0,2.0,3.0,B01,138Â 301Â 609,1.0
961093,201900002624,6,19,19:20,1,2,6,1.0,1.0,13209,ANTOINE FORTUNE MARION (RUE),M,"43,2386140","5,4041700",13,2019,50.0,1.0,1.0,4.0,2148009,1.0,1,1,1,5.0,,-1.0, -1,1974.0,B01,138Â 301Â 609,1.0,0.0,-1.0,1640296,0.0,32,,0.0,2.0,3.0,A01,138Â 301Â 608,1.0
961093,201900002624,6,19,19:20,1,2,6,1.0,1.0,13209,ANTOINE FORTUNE MARION (RUE),M,"43,2386140","5,4041700",13,2019,50.0,1.0,1.0,4.0,2148009,1.0,1,1,1,5.0,,-1.0, -1,1974.0,B01,138Â 301Â 609,1.0,0.0,-1.0,1640297,3.0,7,,0.0,2.0,3.0,B01,138Â 301Â 609,1.0
961094,201900002625,7,8,20:14,1,2,4,1.0,2.0,10333,FREDERIC MISTRAL (RUE),M,"48,2805400","4,0462000",10,2019,50.0,1.0,1.0,3.0,2148010,1.0,1,4,2,5.0,,-1.0, -1,2001.0,A01,138Â 301Â 606,2.0,6.0,-1.0,1640298,3.0,30,,0.0,2.0,1.0,A01,138Â 301Â 606,1.0
961094,201900002625,7,8,20:14,1,2,4,1.0,2.0,10333,FREDERIC MISTRAL (RUE),M,"48,2805400","4,0462000",10,2019,50.0,1.0,1.0,3.0,2148010,1.0,1,4,2,5.0,,-1.0, -1,2001.0,A01,138Â 301Â 606,2.0,6.0,-1.0,1640299,3.0,30,,0.0,0.0,4.0,B01,138Â 301Â 607,1.0
961094,201900002625,7,8,20:14,1,2,4,1.0,2.0,10333,FREDERIC MISTRAL (RUE),M,"48,2805400","4,0462000",10,2019,50.0,1.0,1.0,3.0,2148011,1.0,1,1,1,5.0,,-1.0, -1,1999.0,B01,138Â 301Â 607,2.0,6.0,-1.0,1640298,3.0,30,,0.0,2.0,1.0,A01,138Â 301Â 606,1.0
961094,201900002625,7,8,20:14,1,2,4,1.0,2.0,10333,FREDERIC MISTRAL (RUE),M,"48,2805400","4,0462000",10,2019,50.0,1.0,1.0,3.0,2148011,1.0,1,1,1,5.0,,-1.0, -1,1999.0,B01,138Â 301Â 607,2.0,6.0,-1.0,1640299,3.0,30,,0.0,0.0,4.0,B01,138Â 301Â 607,1.0
961095,201900002626,7,7,04:00,3,1,1,1.0,6.0,93027,AUTOROUTE A86,M,"48,9258700","2,3993100",93,2019,90.0,1.0,1.0,1.0,2148012,1.0,1,4,2,0.0,,-1.0, -1,1997.0,A01,138Â 301Â 605,1.0,0.0,-1.0,1640300,1.0,7,,4.0,0.0,1.0,A01,138Â 301Â 605,1.0
961096,201900002627,7,9,16:15,1,2,2,1.0,6.0,98818,RUE DE VERDUN/GEORGES CLEMENCEAU,M," -22,2725900","166,4414200",988,2019,50.0,1.0,1.0,4.0,2148013,10.0,3,3,2,-1.0,,2.0,3,2013.0,A01,138Â 301Â 604,0.0,-1.0,-1.0,1640301,2.0,7,,0.0,1.0,2.0,A01,138Â 301Â 604,1.0
961096,201900002627,7,9,16:15,1,2,2,1.0,6.0,98818,RUE DE VERDUN/GEORGES CLEMENCEAU,M," -22,2725900","166,4414200",988,2019,50.0,1.0,1.0,4.0,2148014,1.0,1,1,2,3.0,,0.0,0,1943.0,A01,138Â 301Â 604,1.0,8.0,-1.0,1640301,2.0,7,,0.0,1.0,2.0,A01,138Â 301Â 604,1.0
961097,201900002628,7,9,16:50,1,2,1,1.0,2.0,97302,MANGO (CITE),M,"4,9325935"," -52,3185575",973,2019,50.0,1.0,1.0,4.0,2148015,1.0,1,4,1,5.0,,-1.0,0,1955.0,B01,138Â 301Â 602,8.0,0.0,-1.0,1640302,1.0,1,,0.0,2.0,4.0,B01,138Â 301Â 602,5.0
961097,201900002628,7,9,16:50,1,2,1,1.0,2.0,97302,MANGO (CITE),M,"4,9325935"," -52,3185575",973,2019,50.0,1.0,1.0,4.0,2148015,1.0,1,4,1,5.0,,-1.0,0,1955.0,B01,138Â 301Â 602,8.0,0.0,-1.0,1640303,1.0,7,,0.0,2.0,1.0,A01,138Â 301Â 603,0.0
961097,201900002628,7,9,16:50,1,2,1,1.0,2.0,97302,MANGO (CITE),M,"4,9325935"," -52,3185575",973,2019,50.0,1.0,1.0,4.0,2148016,1.0,1,1,1,5.0,,-1.0,0,1978.0,A01,138Â 301Â 603,1.0,0.0,-1.0,1640302,1.0,1,,0.0,2.0,4.0,B01,138Â 301Â 602,5.0
961097,201900002628,7,9,16:50,1,2,1,1.0,2.0,97302,MANGO (CITE),M,"4,9325935"," -52,3185575",973,2019,50.0,1.0,1.0,4.0,2148016,1.0,1,1,1,5.0,,-1.0,0,1978.0,A01,138Â 301Â 603,1.0,0.0,-1.0,1640303,1.0,7,,0.0,2.0,1.0,A01,138Â 301Â 603,0.0
961098,201900002629,7,9,19:15,1,2,2,1.0,3.0,69387,CAMILLE ROY                         (R ),M,"45,7451300","4,8466100",69,2019,50.0,1.0,1.0,4.0,2148017,1.0,1,1,1,0.0,,-1.0, -1,1977.0,A01,138Â 301Â 600,1.0,0.0,-1.0,1640304,2.0,7,,0.0,2.0,2.0,A01,138Â 301Â 600,1.0
961098,201900002629,7,9,19:15,1,2,2,1.0,3.0,69387,CAMILLE ROY                         (R ),M,"45,7451300","4,8466100",69,2019,50.0,1.0,1.0,4.0,2148017,1.0,1,1,1,0.0,,-1.0, -1,1977.0,A01,138Â 301Â 600,1.0,0.0,-1.0,1640305,1.0,32,,0.0,2.0,7.0,B01,138Â 301Â 601,1.0
961098,201900002629,7,9,19:15,1,2,2,1.0,3.0,69387,CAMILLE ROY                         (R ),M,"45,7451300","4,8466100",69,2019,50.0,1.0,1.0,4.0,2148018,1.0,1,4,1,0.0,,0.0,0,2000.0,B01,138Â 301Â 601,2.0,6.0,-1.0,1640304,2.0,7,,0.0,2.0,2.0,A01,138Â 301Â 600,1.0
961098,201900002629,7,9,19:15,1,2,2,1.0,3.0,69387,CAMILLE ROY                         (R ),M,"45,7451300","4,8466100",69,2019,50.0,1.0,1.0,4.0,2148018,1.0,1,4,1,0.0,,0.0,0,2000.0,B01,138Â 301Â 601,2.0,6.0,-1.0,1640305,1.0,32,,0.0,2.0,7.0,B01,138Â 301Â 601,1.0
961099,201900002630,7,9,15:25,1,2,2,1.0,6.0,69383,ARSONVAL (D')                       (PL),M,"45,7428200","4,8782200",69,2019,50.0,1.0,1.0,4.0,2148019,1.0,1,1,2,0.0,,0.0,0,1978.0,C01,138Â 301Â 597,1.0,0.0,-1.0,1640306,1.0,7,,0.0,2.0,3.0,C01,138Â 301Â 597,1.0
961099,201900002630,7,9,15:25,1,2,2,1.0,6.0,69383,ARSONVAL (D')                       (PL),M,"45,7428200","4,8782200",69,2019,50.0,1.0,1.0,4.0,2148019,1.0,1,1,2,0.0,,0.0,0,1978.0,C01,138Â 301Â 597,1.0,0.0,-1.0,1640307,1.0,7,,0.0,2.0,6.0,B01,138Â 301Â 598,1.0
961099,201900002630,7,9,15:25,1,2,2,1.0,6.0,69383,ARSONVAL (D')                       (PL),M,"45,7428200","4,8782200",69,2019,50.0,1.0,1.0,4.0,2148019,1.0,1,1,2,0.0,,0.0,0,1978.0,C01,138Â 301Â 597,1.0,0.0,-1.0,1640308,0.0,7,,0.0,2.0,1.0,A01,138Â 301Â 599,1.0
961099,201900002630,7,9,15:25,1,2,2,1.0,6.0,69383,ARSONVAL (D')                       (PL),M,"45,7428200","4,8782200",69,2019,50.0,1.0,1.0,4.0,2148020,1.0,1,4,1,0.0,,0.0,0,1984.0,B01,138Â 301Â 598,1.0,0.0,-1.0,1640306,1.0,7,,0.0,2.0,3.0,C01,138Â 301Â 597,1.0
961099,201900002630,7,9,15:25,1,2,2,1.0,6.0,69383,ARSONVAL (D')                       (PL),M,"45,7428200","4,8782200",69,2019,50.0,1.0,1.0,4.0,2148020,1.0,1,4,1,0.0,,0.0,0,1984.0,B01,138Â 301Â 598,1.0,0.0,-1.0,1640307,1.0,7,,0.0,2.0,6.0,B01,138Â 301Â 598,1.0
961099,201900002630,7,9,15:25,1,2,2,1.0,6.0,69383,ARSONVAL (D')                       (PL),M,"45,7428200","4,8782200",69,2019,50.0,1.0,1.0,4.0,2148020,1.0,1,4,1,0.0,,0.0,0,1984.0,B01,138Â 301Â 598,1.0,0.0,-1.0,1640308,0.0,7,,0.0,2.0,1.0,A01,138Â 301Â 599,1.0
961099,201900002630,7,9,15:25,1,2,2,1.0,6.0,69383,ARSONVAL (D')                       (PL),M,"45,7428200","4,8782200",69,2019,50.0,1.0,1.0,4.0,2148021,1.0,1,1,2,9.0,,0.0,0,1953.0,A01,138Â 301Â 599,1.0,0.0,-1.0,1640306,1.0,7,,0.0,2.0,3.0,C01,138Â 301Â 597,1.0
961099,201900002630,7,9,15:25,1,2,2,1.0,6.0,69383,ARSONVAL (D')                       (PL),M,"45,7428200","4,8782200",69,2019,50.0,1.0,1.0,4.0,2148021,1.0,1,1,2,9.0,,0.0,0,1953.0,A01,138Â 301Â 599,1.0,0.0,-1.0,1640307,1.0,7,,0.0,2.0,6.0,B01,138Â 301Â 598,1.0
961099,201900002630,7,9,15:25,1,2,2,1.0,6.0,69383,ARSONVAL (D')                       (PL),M,"45,7428200","4,8782200",69,2019,50.0,1.0,1.0,4.0,2148021,1.0,1,1,2,9.0,,0.0,0,1953.0,A01,138Â 301Â 599,1.0,0.0,-1.0,1640308,0.0,7,,0.0,2.0,1.0,A01,138Â 301Â 599,1.0
961100,201900002631,7,8,19:20,4,2,1,3.0,4.0,97213,AUTOROUTE A1,M,"14,6152000"," -61,0136000",972,2019,90.0,1.0,2.0,1.0,2148022,2.0,2,4,2,0.0,,-1.0,0,2018.0,D01,138Â 301Â 593,1.0,8.0,-1.0,1640309,1.0,7,,0.0,2.0,4.0,D01,138Â 301Â 593,1.0
961100,201900002631,7,8,19:20,4,2,1,3.0,4.0,97213,AUTOROUTE A1,M,"14,6152000"," -61,0136000",972,2019,90.0,1.0,2.0,1.0,2148022,2.0,2,4,2,0.0,,-1.0,0,2018.0,D01,138Â 301Â 593,1.0,8.0,-1.0,1640310,1.0,7,,0.0,2.0,6.0,C01,138Â 301Â 594,1.0
961100,201900002631,7,8,19:20,4,2,1,3.0,4.0,97213,AUTOROUTE A1,M,"14,6152000"," -61,0136000",972,2019,90.0,1.0,2.0,1.0,2148022,2.0,2,4,2,0.0,,-1.0,0,2018.0,D01,138Â 301Â 593,1.0,8.0,-1.0,1640311,1.0,7,,0.0,2.0,4.0,B01,138Â 301Â 595,1.0
961100,201900002631,7,8,19:20,4,2,1,3.0,4.0,97213,AUTOROUTE A1,M,"14,6152000"," -61,0136000",972,2019,90.0,1.0,2.0,1.0,2148022,2.0,2,4,2,0.0,,-1.0,0,2018.0,D01,138Â 301Â 593,1.0,8.0,-1.0,1640312,1.0,7,,0.0,2.0,1.0,A01,138Â 301Â 596,1.0
961100,201900002631,7,8,19:20,4,2,1,3.0,4.0,97213,AUTOROUTE A1,M,"14,6152000"," -61,0136000",972,2019,90.0,1.0,2.0,1.0,2148023,1.0,1,4,2,0.0,,-1.0,0,1986.0,D01,138Â 301Â 593,1.0,8.0,-1.0,1640309,1.0,7,,0.0,2.0,4.0,D01,138Â 301Â 593,1.0
961100,201900002631,7,8,19:20,4,2,1,3.0,4.0,97213,AUTOROUTE A1,M,"14,6152000"," -61,0136000",972,2019,90.0,1.0,2.0,1.0,2148023,1.0,1,4,2,0.0,,-1.0,0,1986.0,D01,138Â 301Â 593,1.0,8.0,-1.0,1640310,1.0,7,,0.0,2.0,6.0,C01,138Â 301Â 594,1.0
961100,201900002631,7,8,19:20,4,2,1,3.0,4.0,97213,AUTOROUTE A1,M,"14,6152000"," -61,0136000",972,2019,90.0,1.0,2.0,1.0,2148023,1.0,1,4,2,0.0,,-1.0,0,1986.0,D01,138Â 301Â 593,1.0,8.0,-1.0,1640311,1.0,7,,0.0,2.0,4.0,B01,138Â 301Â 595,1.0
961100,201900002631,7,8,19:20,4,2,1,3.0,4.0,97213,AUTOROUTE A1,M,"14,6152000"," -61,0136000",972,2019,90.0,1.0,2.0,1.0,2148023,1.0,1,4,2,0.0,,-1.0,0,1986.0,D01,138Â 301Â 593,1.0,8.0,-1.0,1640312,1.0,7,,0.0,2.0,1.0,A01,138Â 301Â 596,1.0
961100,201900002631,7,8,19:20,4,2,1,3.0,4.0,97213,AUTOROUTE A1,M,"14,6152000"," -61,0136000",972,2019,90.0,1.0,2.0,1.0,2148024,1.0,1,1,1,0.0,,-1.0, -1,1985.0,C01,138Â 301Â 594,1.0,8.0,-1.0,1640309,1.0,7,,0.0,2.0,4.0,D01,138Â 301Â 593,1.0
961100,201900002631,7,8,19:20,4,2,1,3.0,4.0,97213,AUTOROUTE A1,M,"14,6152000"," -61,0136000",972,2019,90.0,1.0,2.0,1.0,2148024,1.0,1,1,1,0.0,,-1.0, -1,1985.0,C01,138Â 301Â 594,1.0,8.0,-1.0,1640310,1.0,7,,0.0,2.0,6.0,C01,138Â 301Â 594,1.0
961100,201900002631,7,8,19:20,4,2,1,3.0,4.0,97213,AUTOROUTE A1,M,"14,6152000"," -61,0136000",972,2019,90.0,1.0,2.0,1.0,2148024,1.0,1,1,1,0.0,,-1.0, -1,1985.0,C01,138Â 301Â 594,1.0,8.0,-1.0,1640311,1.0,7,,0.0,2.0,4.0,B01,138Â 301Â 595,1.0
961100,201900002631,7,8,19:20,4,2,1,3.0,4.0,97213,AUTOROUTE A1,M,"14,6152000"," -61,0136000",972,2019,90.0,1.0,2.0,1.0,2148024,1.0,1,1,1,0.0,,-1.0, -1,1985.0,C01,138Â 301Â 594,1.0,8.0,-1.0,1640312,1.0,7,,0.0,2.0,1.0,A01,138Â 301Â 596,1.0
961100,201900002631,7,8,19:20,4,2,1,3.0,4.0,97213,AUTOROUTE A1,M,"14,6152000"," -61,0136000",972,2019,90.0,1.0,2.0,1.0,2148025,1.0,1,1,2,0.0,,-1.0,0,1998.0,B01,138Â 301Â 595,1.0,8.0,-1.0,1640309,1.0,7,,0.0,2.0,4.0,D01,138Â 301Â 593,1.0
961100,201900002631,7,8,19:20,4,2,1,3.0,4.0,97213,AUTOROUTE A1,M,"14,6152000"," -61,0136000",972,2019,90.0,1.0,2.0,1.0,2148025,1.0,1,1,2,0.0,,-1.0,0,1998.0,B01,138Â 301Â 595,1.0,8.0,-1.0,1640310,1.0,7,,0.0,2.0,6.0,C01,138Â 301Â 594,1.0
961100,201900002631,7,8,19:20,4,2,1,3.0,4.0,97213,AUTOROUTE A1,M,"14,6152000"," -61,0136000",972,2019,90.0,1.0,2.0,1.0,2148025,1.0,1,1,2,0.0,,-1.0,0,1998.0,B01,138Â 301Â 595,1.0,8.0,-1.0,1640311,1.0,7,,0.0,2.0,4.0,B01,138Â 301Â 595,1.0
961100,201900002631,7,8,19:20,4,2,1,3.0,4.0,97213,AUTOROUTE A1,M,"14,6152000"," -61,0136000",972,2019,90.0,1.0,2.0,1.0,2148025,1.0,1,1,2,0.0,,-1.0,0,1998.0,B01,138Â 301Â 595,1.0,8.0,-1.0,1640312,1.0,7,,0.0,2.0,1.0,A01,138Â 301Â 596,1.0
961100,201900002631,7,8,19:20,4,2,1,3.0,4.0,97213,AUTOROUTE A1,M,"14,6152000"," -61,0136000",972,2019,90.0,1.0,2.0,1.0,2148026,2.0,2,1,1,0.0,,-1.0,0,1998.0,B01,138Â 301Â 595,1.0,8.0,-1.0,1640309,1.0,7,,0.0,2.0,4.0,D01,138Â 301Â 593,1.0
961100,201900002631,7,8,19:20,4,2,1,3.0,4.0,97213,AUTOROUTE A1,M,"14,6152000"," -61,0136000",972,2019,90.0,1.0,2.0,1.0,2148026,2.0,2,1,1,0.0,,-1.0,0,1998.0,B01,138Â 301Â 595,1.0,8.0,-1.0,1640310,1.0,7,,0.0,2.0,6.0,C01,138Â 301Â 594,1.0
961100,201900002631,7,8,19:20,4,2,1,3.0,4.0,97213,AUTOROUTE A1,M,"14,6152000"," -61,0136000",972,2019,90.0,1.0,2.0,1.0,2148026,2.0,2,1,1,0.0,,-1.0,0,1998.0,B01,138Â 301Â 595,1.0,8.0,-1.0,1640311,1.0,7,,0.0,2.0,4.0,B01,138Â 301Â 595,1.0
961100,201900002631,7,8,19:20,4,2,1,3.0,4.0,97213,AUTOROUTE A1,M,"14,6152000"," -61,0136000",972,2019,90.0,1.0,2.0,1.0,2148026,2.0,2,1,1,0.0,,-1.0,0,1998.0,B01,138Â 301Â 595,1.0,8.0,-1.0,1640312,1.0,7,,0.0,2.0,1.0,A01,138Â 301Â 596,1.0
961100,201900002631,7,8,19:20,4,2,1,3.0,4.0,97213,AUTOROUTE A1,M,"14,6152000"," -61,0136000",972,2019,90.0,1.0,2.0,1.0,2148027,1.0,1,1,1,0.0,,-1.0,0,1998.0,A01,138Â 301Â 596,1.0,8.0,-1.0,1640309,1.0,7,,0.0,2.0,4.0,D01,138Â 301Â 593,1.0
961100,201900002631,7,8,19:20,4,2,1,3.0,4.0,97213,AUTOROUTE A1,M,"14,6152000"," -61,0136000",972,2019,90.0,1.0,2.0,1.0,2148027,1.0,1,1,1,0.0,,-1.0,0,1998.0,A01,138Â 301Â 596,1.0,8.0,-1.0,1640310,1.0,7,,0.0,2.0,6.0,C01,138Â 301Â 594,1.0