Unnamed: 0_x,num_acc,mois,jour,hrmn,lum,agg,int,atm,col,com,adr,gps,lat,long,dep,annee,vma,situ,surf,catr,Unnamed: 0_y,place,catu,grav,sexe,trajet,secu,locp,actp,an_nais,num_veh_x,id_vehicule_x,secu1,secu2,secu3,Unnamed: 0,senc,catv,occutc,obs,obsm,choc,num_veh_y,id_vehicule_y,motor
961100,201900002631,7,8,19:20,4,2,1,3.0,4.0,97213,AUTOROUTE A1,M,"14,6152000"," -61,0136000",972,2019,90.0,1.0,2.0,1.0,2148027,1.0,1,1,1,0.0,,-1.0,0,1998.0,A01,138Â 301Â 596,1.0,8.0,-1.0,1640311,1.0,7,,0.0,2.0,4.0,B01,138Â 301Â 595,1.0
961100,201900002631,7,8,19:20,4,2,1,3.0,4.0,97213,AUTOROUTE A1,M,"14,6152000"," -61,0136000",972,2019,90.0,1.0,2.0,1.0,2148027,1.0,1,1,1,0.0,,-1.0,0,1998.0,A01,138Â 301Â 596,1.0,8.0,-1.0,1640312,1.0,7,,0.0,2.0,1.0,A01,138Â 301Â 596,1.0
961101,201900002632,7,9,15:00,1,2,4,1.0,3.0,69149,CELESTINS (DES)                     (CH),M,"45,7200800","4,7980600",69,2019,50.0,1.0,1.0,4.0,2148028,1.0,1,4,1,0.0,,0.0,0,1947.0,A01,138Â 301Â 591,2.0,0.0,-1.0,1640313,2.0,33,,0.0,2.0,8.0,A01,138Â 301Â 591,1.0
961101,201900002632,7,9,15:00,1,2,4,1.0,3.0,69149,CELESTINS (DES)                     (CH),M,"45,7200800","4,7980600",69,2019,50.0,1.0,1.0,4.0,2148028,1.0,1,4,1,0.0,,0.0,0,1947.0,A01,138Â 301Â 591,2.0,0.0,-1.0,1640314,2.0,7,,0.0,2.0,7.0,B01,138Â 301Â 592,1.0
961101,201900002632,7,9,15:00,1,2,4,1.0,3.0,69149,CELESTINS (DES)                     (CH),M,"45,7200800","4,7980600",69,2019,50.0,1.0,1.0,4.0,2148029,1.0,1,1,1,3.0,,0.0,0,1943.0,B01,138Â 301Â 592,1.0,0.0,-1.0,1640313,2.0,33,,0.0,2.0,8.0,A01,138Â 301Â 591,1.0
961101,201900002632,7,9,15:00,1,2,4,1.0,3.0,69149,CELESTINS (DES)                     (CH),M,"45,7200800","4,7980600",69,2019,50.0,1.0,1.0,4.0,2148029,1.0,1,1,1,3.0,,0.0,0,1943.0,B01,138Â 301Â 592,1.0,0.0,-1.0,1640314,2.0,7,,0.0,2.0,7.0,B01,138Â 301Â 592,1.0
961102,201900002633,7,8,15:15,1,1,1,1.0,1.0,2A004,T20,M,"41,9429366","8,8098426",2A,2019,80.0,1.0,1.0,2.0,2148030,1.0,1,3,1,0.0,,0.0,0,1998.0,B01,138Â 301Â 589,2.0,8.0,-1.0,1640315,2.0,34,,0.0,2.0,1.0,B01,138Â 301Â 589,1.0
961102,201900002633,7,8,15:15,1,1,1,1.0,1.0,2A004,T20,M,"41,9429366","8,8098426",2A,2019,80.0,1.0,1.0,2.0,2148030,1.0,1,3,1,0.0,,0.0,0,1998.0,B01,138Â 301Â 589,2.0,8.0,-1.0,1640316,2.0,33,,0.0,2.0,1.0,A01,138Â 301Â 590,1.0
961102,201900002633,7,8,15:15,1,1,1,1.0,1.0,2A004,T20,M,"41,9429366","8,8098426",2A,2019,80.0,1.0,1.0,2.0,2148031,1.0,1,4,1,0.0,,0.0,0,1992.0,A01,138Â 301Â 590,2.0,8.0,-1.0,1640315,2.0,34,,0.0,2.0,1.0,B01,138Â 301Â 589,1.0
961102,201900002633,7,8,15:15,1,1,1,1.0,1.0,2A004,T20,M,"41,9429366","8,8098426",2A,2019,80.0,1.0,1.0,2.0,2148031,1.0,1,4,1,0.0,,0.0,0,1992.0,A01,138Â 301Â 590,2.0,8.0,-1.0,1640316,2.0,33,,0.0,2.0,1.0,A01,138Â 301Â 590,1.0
961103,201900002634,7,9,07:05,1,1,1,7.0,4.0,95018,RD 311,M,"48,9453500","2,2634300",95,2019,90.0,1.0,1.0,3.0,2148032,2.0,2,3,2,1.0,,0.0, -1,1991.0,A01,138Â 301Â 586,2.0,0.0,-1.0,1640317,1.0,30,,0.0,2.0,1.0,A01,138Â 301Â 586,1.0
961103,201900002634,7,9,07:05,1,1,1,7.0,4.0,95018,RD 311,M,"48,9453500","2,2634300",95,2019,90.0,1.0,1.0,3.0,2148032,2.0,2,3,2,1.0,,0.0, -1,1991.0,A01,138Â 301Â 586,2.0,0.0,-1.0,1640318,1.0,7,,0.0,2.0,4.0,B01,138Â 301Â 587,1.0
961103,201900002634,7,9,07:05,1,1,1,7.0,4.0,95018,RD 311,M,"48,9453500","2,2634300",95,2019,90.0,1.0,1.0,3.0,2148032,2.0,2,3,2,1.0,,0.0, -1,1991.0,A01,138Â 301Â 586,2.0,0.0,-1.0,1640319,1.0,10,,0.0,2.0,1.0,Z01,138Â 301Â 588,0.0
961103,201900002634,7,9,07:05,1,1,1,7.0,4.0,95018,RD 311,M,"48,9453500","2,2634300",95,2019,90.0,1.0,1.0,3.0,2148033,1.0,1,3,2,1.0,,-1.0, -1,1989.0,A01,138Â 301Â 586,2.0,8.0,-1.0,1640317,1.0,30,,0.0,2.0,1.0,A01,138Â 301Â 586,1.0
961103,201900002634,7,9,07:05,1,1,1,7.0,4.0,95018,RD 311,M,"48,9453500","2,2634300",95,2019,90.0,1.0,1.0,3.0,2148033,1.0,1,3,2,1.0,,-1.0, -1,1989.0,A01,138Â 301Â 586,2.0,8.0,-1.0,1640318,1.0,7,,0.0,2.0,4.0,B01,138Â 301Â 587,1.0
961103,201900002634,7,9,07:05,1,1,1,7.0,4.0,95018,RD 311,M,"48,9453500","2,2634300",95,2019,90.0,1.0,1.0,3.0,2148033,1.0,1,3,2,1.0,,-1.0, -1,1989.0,A01,138Â 301Â 586,2.0,8.0,-1.0,1640319,1.0,10,,0.0,2.0,1.0,Z01,138Â 301Â 588,0.0
961103,201900002634,7,9,07:05,1,1,1,7.0,4.0,95018,RD 311,M,"48,9453500","2,2634300",95,2019,90.0,1.0,1.0,3.0,2148034,1.0,1,1,1,5.0,,0.0, -1,1956.0,B01,138Â 301Â 587,1.0,0.0,-1.0,1640317,1.0,30,,0.0,2.0,1.0,A01,138Â 301Â 586,1.0
961103,201900002634,7,9,07:05,1,1,1,7.0,4.0,95018,RD 311,M,"48,9453500","2,2634300",95,2019,90.0,1.0,1.0,3.0,2148034,1.0,1,1,1,5.0,,0.0, -1,1956.0,B01,138Â 301Â 587,1.0,0.0,-1.0,1640318,1.0,7,,0.0,2.0,4.0,B01,138Â 301Â 587,1.0
961103,201900002634,7,9,07:05,1,1,1,7.0,4.0,95018,RD 311,M,"48,9453500","2,2634300",95,2019,90.0,1.0,1.0,3.0,2148034,1.0,1,1,1,5.0,,0.0, -1,1956.0,B01,138Â 301Â 587,1.0,0.0,-1.0,1640319,1.0,10,,0.0,2.0,1.0,Z01,138Â 301Â 588,0.0
961104,201900002635,7,9,13:00,1,2,3,1.0,3.0,91687,GENERAL DE GAULLE (AVENUE DU),M,"48,6834800","2,3763900",91,2019,50.0,3.0,1.0,2.0,2148035,1.0,1,4,1,3.0,,-1.0,0,1973.0,B01,138Â 301Â 584,1.0,0.0,-1.0,1640320,1.0,7,,0.0,2.0,7.0,B01,138Â 301Â 584,1.0
961104,201900002635,7,9,13:00,1,2,3,1.0,3.0,91687,GENERAL DE GAULLE (AVENUE DU),M,"48,6834800","2,3763900",91,2019,50.0,3.0,1.0,2.0,2148035,1.0,1,4,1,3.0,,-1.0,0,1973.0,B01,138Â 301Â 584,1.0,0.0,-1.0,1640321,1.0,15,,0.0,2.0,8.0,A01,138Â 301Â 585,1.0
961104,201900002635,7,9,13:00,1,2,3,1.0,3.0,91687,GENERAL DE GAULLE (AVENUE DU),M,"48,6834800","2,3763900",91,2019,50.0,3.0,1.0,2.0,2148036,1.0,1,1,1,4.0,,-1.0,0,1991.0,A01,138Â 301Â 585,1.0,0.0,-1.0,1640320,1.0,7,,0.0,2.0,7.0,B01,138Â 301Â 584,1.0
961104,201900002635,7,9,13:00,1,2,3,1.0,3.0,91687,GENERAL DE GAULLE (AVENUE DU),M,"48,6834800","2,3763900",91,2019,50.0,3.0,1.0,2.0,2148036,1.0,1,1,1,4.0,,-1.0,0,1991.0,A01,138Â 301Â 585,1.0,0.0,-1.0,1640321,1.0,15,,0.0,2.0,8.0,A01,138Â 301Â 585,1.0
961105,201900002636,7,8,12:25,1,2,3,1.0,3.0,91521,GRIGNY (ROUTE DE),M,"48,6519300","2,4000000",91,2019,30.0,2.0,1.0,4.0,2148037,1.0,1,1,2,5.0,,0.0,0,1988.0,B01,138Â 301Â 582,1.0,8.0,-1.0,1640322,3.0,7,,0.0,2.0,3.0,B01,138Â 301Â 582,1.0
961105,201900002636,7,8,12:25,1,2,3,1.0,3.0,91521,GRIGNY (ROUTE DE),M,"48,6519300","2,4000000",91,2019,30.0,2.0,1.0,4.0,2148037,1.0,1,1,2,5.0,,0.0,0,1988.0,B01,138Â 301Â 582,1.0,8.0,-1.0,1640323,3.0,33,,0.0,2.0,1.0,A01,138Â 301Â 583,1.0
961105,201900002636,7,8,12:25,1,2,3,1.0,3.0,91521,GRIGNY (ROUTE DE),M,"48,6519300","2,4000000",91,2019,30.0,2.0,1.0,4.0,2148038,1.0,1,3,1,1.0,,0.0,0,1974.0,A01,138Â 301Â 583,2.0,6.0,-1.0,1640322,3.0,7,,0.0,2.0,3.0,B01,138Â 301Â 582,1.0
961105,201900002636,7,8,12:25,1,2,3,1.0,3.0,91521,GRIGNY (ROUTE DE),M,"48,6519300","2,4000000",91,2019,30.0,2.0,1.0,4.0,2148038,1.0,1,3,1,1.0,,0.0,0,1974.0,A01,138Â 301Â 583,2.0,6.0,-1.0,1640323,3.0,33,,0.0,2.0,1.0,A01,138Â 301Â 583,1.0
961106,201900002637,7,8,12:50,1,2,1,1.0,4.0,91223,MAI 1945 (AVENUE DU 8),M,"48,4168500","2,1779300",91,2019,50.0,3.0,1.0,4.0,2148039,1.0,1,1,2,0.0,,0.0,0,1951.0,C01,138Â 301Â 579,1.0,0.0,-1.0,1640324,1.0,7,,0.0,2.0,4.0,C01,138Â 301Â 579,1.0
961106,201900002637,7,8,12:50,1,2,1,1.0,4.0,91223,MAI 1945 (AVENUE DU 8),M,"48,4168500","2,1779300",91,2019,50.0,3.0,1.0,4.0,2148039,1.0,1,1,2,0.0,,0.0,0,1951.0,C01,138Â 301Â 579,1.0,0.0,-1.0,1640325,2.0,7,,0.0,2.0,4.0,B01,138Â 301Â 580,1.0
961106,201900002637,7,8,12:50,1,2,1,1.0,4.0,91223,MAI 1945 (AVENUE DU 8),M,"48,4168500","2,1779300",91,2019,50.0,3.0,1.0,4.0,2148039,1.0,1,1,2,0.0,,0.0,0,1951.0,C01,138Â 301Â 579,1.0,0.0,-1.0,1640326,2.0,7,,0.0,2.0,1.0,A01,138Â 301Â 581,1.0
961106,201900002637,7,8,12:50,1,2,1,1.0,4.0,91223,MAI 1945 (AVENUE DU 8),M,"48,4168500","2,1779300",91,2019,50.0,3.0,1.0,4.0,2148040,1.0,1,1,2,0.0,,0.0,0,1972.0,B01,138Â 301Â 580,1.0,0.0,-1.0,1640324,1.0,7,,0.0,2.0,4.0,C01,138Â 301Â 579,1.0
961106,201900002637,7,8,12:50,1,2,1,1.0,4.0,91223,MAI 1945 (AVENUE DU 8),M,"48,4168500","2,1779300",91,2019,50.0,3.0,1.0,4.0,2148040,1.0,1,1,2,0.0,,0.0,0,1972.0,B01,138Â 301Â 580,1.0,0.0,-1.0,1640325,2.0,7,,0.0,2.0,4.0,B01,138Â 301Â 580,1.0
961106,201900002637,7,8,12:50,1,2,1,1.0,4.0,91223,MAI 1945 (AVENUE DU 8),M,"48,4168500","2,1779300",91,2019,50.0,3.0,1.0,4.0,2148040,1.0,1,1,2,0.0,,0.0,0,1972.0,B01,138Â 301Â 580,1.0,0.0,-1.0,1640326,2.0,7,,0.0,2.0,1.0,A01,138Â 301Â 581,1.0
961106,201900002637,7,8,12:50,1,2,1,1.0,4.0,91223,MAI 1945 (AVENUE DU 8),M,"48,4168500","2,1779300",91,2019,50.0,3.0,1.0,4.0,2148041,2.0,2,1,2,0.0,,0.0,0,1933.0,B01,138Â 301Â 580,1.0,0.0,-1.0,1640324,1.0,7,,0.0,2.0,4.0,C01,138Â 301Â 579,1.0
961106,201900002637,7,8,12:50,1,2,1,1.0,4.0,91223,MAI 1945 (AVENUE DU 8),M,"48,4168500","2,1779300",91,2019,50.0,3.0,1.0,4.0,2148041,2.0,2,1,2,0.0,,0.0,0,1933.0,B01,138Â 301Â 580,1.0,0.0,-1.0,1640325,2.0,7,,0.0,2.0,4.0,B01,138Â 301Â 580,1.0
961106,201900002637,7,8,12:50,1,2,1,1.0,4.0,91223,MAI 1945 (AVENUE DU 8),M,"48,4168500","2,1779300",91,2019,50.0,3.0,1.0,4.0,2148041,2.0,2,1,2,0.0,,0.0,0,1933.0,B01,138Â 301Â 580,1.0,0.0,-1.0,1640326,2.0,7,,0.0,2.0,1.0,A01,138Â 301Â 581,1.0
961106,201900002637,7,8,12:50,1,2,1,1.0,4.0,91223,MAI 1945 (AVENUE DU 8),M,"48,4168500","2,1779300",91,2019,50.0,3.0,1.0,4.0,2148042,4.0,2,1,2,0.0,,0.0,0,1962.0,B01,138Â 301Â 580,1.0,0.0,-1.0,1640324,1.0,7,,0.0,2.0,4.0,C01,138Â 301Â 579,1.0
961106,201900002637,7,8,12:50,1,2,1,1.0,4.0,91223,MAI 1945 (AVENUE DU 8),M,"48,4168500","2,1779300",91,2019,50.0,3.0,1.0,4.0,2148042,4.0,2,1,2,0.0,,0.0,0,1962.0,B01,138Â 301Â 580,1.0,0.0,-1.0,1640325,2.0,7,,0.0,2.0,4.0,B01,138Â 301Â 580,1.0
961106,201900002637,7,8,12:50,1,2,1,1.0,4.0,91223,MAI 1945 (AVENUE DU 8),M,"48,4168500","2,1779300",91,2019,50.0,3.0,1.0,4.0,2148042,4.0,2,1,2,0.0,,0.0,0,1962.0,B01,138Â 301Â 580,1.0,0.0,-1.0,1640326,2.0,7,,0.0,2.0,1.0,A01,138Â 301Â 581,1.0
961106,201900002637,7,8,12:50,1,2,1,1.0,4.0,91223,MAI 1945 (AVENUE DU 8),M,"48,4168500","2,1779300",91,2019,50.0,3.0,1.0,4.0,2148043,1.0,1,4,1,0.0,,0.0,0,1935.0,A01,138Â 301Â 581,1.0,0.0,-1.0,1640324,1.0,7,,0.0,2.0,4.0,C01,138Â 301Â 579,1.0
961106,201900002637,7,8,12:50,1,2,1,1.0,4.0,91223,MAI 1945 (AVENUE DU 8),M,"48,4168500","2,1779300",91,2019,50.0,3.0,1.0,4.0,2148043,1.0,1,4,1,0.0,,0.0,0,1935.0,A01,138Â 301Â 581,1.0,0.0,-1.0,1640325,2.0,7,,0.0,2.0,4.0,B01,138Â 301Â 580,1.0
961106,201900002637,7,8,12:50,1,2,1,1.0,4.0,91223,MAI 1945 (AVENUE DU 8),M,"48,4168500","2,1779300",91,2019,50.0,3.0,1.0,4.0,2148043,1.0,1,4,1,0.0,,0.0,0,1935.0,A01,138Â 301Â 581,1.0,0.0,-1.0,1640326,2.0,7,,0.0,2.0,1.0,A01,138Â 301Â 581,1.0
961106,201900002637,7,8,12:50,1,2,1,1.0,4.0,91223,MAI 1945 (AVENUE DU 8),M,"48,4168500","2,1779300",91,2019,50.0,3.0,1.0,4.0,2148044,2.0,2,4,2,0.0,,0.0,0,1938.0,A01,138Â 301Â 581,1.0,0.0,-1.0,1640324,1.0,7,,0.0,2.0,4.0,C01,138Â 301Â 579,1.0
961106,201900002637,7,8,12:50,1,2,1,1.0,4.0,91223,MAI 1945 (AVENUE DU 8),M,"48,4168500","2,1779300",91,2019,50.0,3.0,1.0,4.0,2148044,2.0,2,4,2,0.0,,0.0,0,1938.0,A01,138Â 301Â 581,1.0,0.0,-1.0,1640325,2.0,7,,0.0,2.0,4.0,B01,138Â 301Â 580,1.0
961106,201900002637,7,8,12:50,1,2,1,1.0,4.0,91223,MAI 1945 (AVENUE DU 8),M,"48,4168500","2,1779300",91,2019,50.0,3.0,1.0,4.0,2148044,2.0,2,4,2,0.0,,0.0,0,1938.0,A01,138Â 301Â 581,1.0,0.0,-1.0,1640326,2.0,7,,0.0,2.0,1.0,A01,138Â 301Â 581,1.0
961107,201900002638,7,8,17:15,1,1,1,1.0,7.0,91223,RUE DU LT COLONEL ARNAUD BELTRAME,M,"48,4488900","2,1405800",91,2019,70.0,3.0,1.0,4.0,2148045,1.0,1,4,1,0.0,,0.0,0,1972.0,A01,138Â 301Â 578,1.0,0.0,-1.0,1640327,0.0,7,,0.0,0.0,7.0,A01,138Â 301Â 578,1.0
961108,201900002639,7,9,16:20,1,2,1,7.0,7.0,91174,RUE PAUL MAINTENANT,M,"48,6142100","2,4570000",91,2019,50.0,2.0,1.0,4.0,2148046,1.0,1,4,1,1.0,,0.0,0,1986.0,A01,138Â 301Â 577,2.0,6.0,-1.0,1640328,2.0,33,,0.0,0.0,8.0,A01,138Â 301Â 577,1.0
961109,201900002640,7,9,11:20,1,2,6,1.0,1.0,91215,ANATOLE FRANCE (RUE),M,"48,6962000","2,5258600",91,2019,50.0,3.0,1.0,4.0,2148047,1.0,1,1,2,3.0,,0.0,0,1946.0,A01,138Â 301Â 575,1.0,0.0,-1.0,1640329,2.0,7,,0.0,1.0,1.0,A01,138Â 301Â 575,1.0
961109,201900002640,7,9,11:20,1,2,6,1.0,1.0,91215,ANATOLE FRANCE (RUE),M,"48,6962000","2,5258600",91,2019,50.0,3.0,1.0,4.0,2148047,1.0,1,1,2,3.0,,0.0,0,1946.0,A01,138Â 301Â 575,1.0,0.0,-1.0,1640330,-1.0,0,,-1.0,-1.0,-1.0,A01,138Â 301Â 576,-1.0
961109,201900002640,7,9,11:20,1,2,6,1.0,1.0,91215,ANATOLE FRANCE (RUE),M,"48,6962000","2,5258600",91,2019,50.0,3.0,1.0,4.0,2148048,10.0,3,4,1,0.0,,3.0,3,1962.0,A01,138Â 301Â 576,8.0,0.0,-1.0,1640329,2.0,7,,0.0,1.0,1.0,A01,138Â 301Â 575,1.0
961109,201900002640,7,9,11:20,1,2,6,1.0,1.0,91215,ANATOLE FRANCE (RUE),M,"48,6962000","2,5258600",91,2019,50.0,3.0,1.0,4.0,2148048,10.0,3,4,1,0.0,,3.0,3,1962.0,A01,138Â 301Â 576,8.0,0.0,-1.0,1640330,-1.0,0,,-1.0,-1.0,-1.0,A01,138Â 301Â 576,-1.0
961110,201900002641,7,9,07:20,1,2,1,1.0,4.0,91425,NATIONALE 20 (ROUTE),M,"48,6423800","2,2697000",91,2019,70.0,3.0,1.0,4.0,2148049,1.0,1,1,1,1.0,,0.0,0,1964.0,C01,138Â 301Â 572,1.0,0.0,-1.0,1640331,1.0,10,,0.0,2.0,5.0,C01,138Â 301Â 572,1.0
961110,201900002641,7,9,07:20,1,2,1,1.0,4.0,91425,NATIONALE 20 (ROUTE),M,"48,6423800","2,2697000",91,2019,70.0,3.0,1.0,4.0,2148049,1.0,1,1,1,1.0,,0.0,0,1964.0,C01,138Â 301Â 572,1.0,0.0,-1.0,1640332,1.0,37,1.0,0.0,2.0,6.0,B01,138Â 301Â 573,1.0
961110,201900002641,7,9,07:20,1,2,1,1.0,4.0,91425,NATIONALE 20 (ROUTE),M,"48,6423800","2,2697000",91,2019,70.0,3.0,1.0,4.0,2148049,1.0,1,1,1,1.0,,0.0,0,1964.0,C01,138Â 301Â 572,1.0,0.0,-1.0,1640333,1.0,33,,0.0,2.0,1.0,A01,138Â 301Â 574,1.0
961110,201900002641,7,9,07:20,1,2,1,1.0,4.0,91425,NATIONALE 20 (ROUTE),M,"48,6423800","2,2697000",91,2019,70.0,3.0,1.0,4.0,2148050,1.0,1,1,1,0.0,,0.0,0,1968.0,B01,138Â 301Â 573,1.0,0.0,-1.0,1640331,1.0,10,,0.0,2.0,5.0,C01,138Â 301Â 572,1.0
961110,201900002641,7,9,07:20,1,2,1,1.0,4.0,91425,NATIONALE 20 (ROUTE),M,"48,6423800","2,2697000",91,2019,70.0,3.0,1.0,4.0,2148050,1.0,1,1,1,0.0,,0.0,0,1968.0,B01,138Â 301Â 573,1.0,0.0,-1.0,1640332,1.0,37,1.0,0.0,2.0,6.0,B01,138Â 301Â 573,1.0
961110,201900002641,7,9,07:20,1,2,1,1.0,4.0,91425,NATIONALE 20 (ROUTE),M,"48,6423800","2,2697000",91,2019,70.0,3.0,1.0,4.0,2148050,1.0,1,1,1,0.0,,0.0,0,1968.0,B01,138Â 301Â 573,1.0,0.0,-1.0,1640333,1.0,33,,0.0,2.0,1.0,A01,138Â 301Â 574,1.0
961110,201900002641,7,9,07:20,1,2,1,1.0,4.0,91425,NATIONALE 20 (ROUTE),M,"48,6423800","2,2697000",91,2019,70.0,3.0,1.0,4.0,2148051,1.0,1,3,1,1.0,,0.0,0,1991.0,A01,138Â 301Â 574,2.0,0.0,-1.0,1640331,1.0,10,,0.0,2.0,5.0,C01,138Â 301Â 572,1.0
961110,201900002641,7,9,07:20,1,2,1,1.0,4.0,91425,NATIONALE 20 (ROUTE),M,"48,6423800","2,2697000",91,2019,70.0,3.0,1.0,4.0,2148051,1.0,1,3,1,1.0,,0.0,0,1991.0,A01,138Â 301Â 574,2.0,0.0,-1.0,1640332,1.0,37,1.0,0.0,2.0,6.0,B01,138Â 301Â 573,1.0
961110,201900002641,7,9,07:20,1,2,1,1.0,4.0,91425,NATIONALE 20 (ROUTE),M,"48,6423800","2,2697000",91,2019,70.0,3.0,1.0,4.0,2148051,1.0,1,3,1,1.0,,0.0,0,1991.0,A01,138Â 301Â 574,2.0,0.0,-1.0,1640333,1.0,33,,0.0,2.0,1.0,A01,138Â 301Â 574,1.0
961111,201900002642,7,8,17:25,1,2,1,1.0,2.0,88413,Avenue de l'egalitÃ©,M,"48,2927070","6,9357530",88,2019,50.0,1.0,1.0,4.0,2148052,1.0,1,4,1,0.0,,0.0,0,1999.0,A01,138Â 301Â 570,8.0,0.0,-1.0,1640334,1.0,1,,0.0,2.0,1.0,A01,138Â 301Â 570,6.0
961111,201900002642,7,8,17:25,1,2,1,1.0,2.0,88413,Avenue de l'egalitÃ©,M,"48,2927070","6,9357530",88,2019,50.0,1.0,1.0,4.0,2148052,1.0,1,4,1,0.0,,0.0,0,1999.0,A01,138Â 301Â 570,8.0,0.0,-1.0,1640335,1.0,10,,0.0,2.0,4.0,B01,138Â 301Â 571,1.0
961111,201900002642,7,8,17:25,1,2,1,1.0,2.0,88413,Avenue de l'egalitÃ©,M,"48,2927070","6,9357530",88,2019,50.0,1.0,1.0,4.0,2148053,1.0,1,1,2,0.0,,0.0,0,1988.0,B01,138Â 301Â 571,1.0,8.0,-1.0,1640334,1.0,1,,0.0,2.0,1.0,A01,138Â 301Â 570,6.0
961111,201900002642,7,8,17:25,1,2,1,1.0,2.0,88413,Avenue de l'egalitÃ©,M,"48,2927070","6,9357530",88,2019,50.0,1.0,1.0,4.0,2148053,1.0,1,1,2,0.0,,0.0,0,1988.0,B01,138Â 301Â 571,1.0,8.0,-1.0,1640335,1.0,10,,0.0,2.0,4.0,B01,138Â 301Â 571,1.0
961112,201900002643,7,8,19:45,1,1,1,1.0,2.0,87085,RN520,M,"45,8903700","1,2681800",87,2019,80.0,1.0,1.0,2.0,2148054,1.0,1,1,1,5.0,,0.0,0,1946.0,B01,138Â 301Â 568,1.0,-1.0,-1.0,1640336,1.0,7,,0.0,2.0,4.0,B01,138Â 301Â 568,1.0
961112,201900002643,7,8,19:45,1,1,1,1.0,2.0,87085,RN520,M,"45,8903700","1,2681800",87,2019,80.0,1.0,1.0,2.0,2148054,1.0,1,1,1,5.0,,0.0,0,1946.0,B01,138Â 301Â 568,1.0,-1.0,-1.0,1640337,1.0,7,,0.0,2.0,1.0,A01,138Â 301Â 569,1.0
961112,201900002643,7,8,19:45,1,1,1,1.0,2.0,87085,RN520,M,"45,8903700","1,2681800",87,2019,80.0,1.0,1.0,2.0,2148055,1.0,1,4,2,5.0,,0.0,0,1995.0,A01,138Â 301Â 569,1.0,-1.0,-1.0,1640336,1.0,7,,0.0,2.0,4.0,B01,138Â 301Â 568,1.0
961112,201900002643,7,8,19:45,1,1,1,1.0,2.0,87085,RN520,M,"45,8903700","1,2681800",87,2019,80.0,1.0,1.0,2.0,2148055,1.0,1,4,2,5.0,,0.0,0,1995.0,A01,138Â 301Â 569,1.0,-1.0,-1.0,1640337,1.0,7,,0.0,2.0,1.0,A01,138Â 301Â 569,1.0
961113,201900002644,7,8,14:21,1,2,3,1.0,6.0,87085,106 RUBEN (AVENUE ERNEST),M,"45,8235500","1,2511600",87,2019,50.0,1.0,1.0,4.0,2148056,1.0,1,4,2,5.0,,0.0,0,1962.0,B01,138Â 301Â 566,1.0,0.0,-1.0,1640338,2.0,7,,2.0,2.0,6.0,B01,138Â 301Â 566,1.0
961113,201900002644,7,8,14:21,1,2,3,1.0,6.0,87085,106 RUBEN (AVENUE ERNEST),M,"45,8235500","1,2511600",87,2019,50.0,1.0,1.0,4.0,2148056,1.0,1,4,2,5.0,,0.0,0,1962.0,B01,138Â 301Â 566,1.0,0.0,-1.0,1640339,1.0,7,,0.0,2.0,1.0,A01,138Â 301Â 567,1.0
961113,201900002644,7,8,14:21,1,2,3,1.0,6.0,87085,106 RUBEN (AVENUE ERNEST),M,"45,8235500","1,2511600",87,2019,50.0,1.0,1.0,4.0,2148057,1.0,1,1,1,4.0,,0.0,0,1980.0,A01,138Â 301Â 567,1.0,0.0,-1.0,1640338,2.0,7,,2.0,2.0,6.0,B01,138Â 301Â 566,1.0
961113,201900002644,7,8,14:21,1,2,3,1.0,6.0,87085,106 RUBEN (AVENUE ERNEST),M,"45,8235500","1,2511600",87,2019,50.0,1.0,1.0,4.0,2148057,1.0,1,1,1,4.0,,0.0,0,1980.0,A01,138Â 301Â 567,1.0,0.0,-1.0,1640339,1.0,7,,0.0,2.0,1.0,A01,138Â 301Â 567,1.0
961114,201900002645,6,8,09:15,1,1,1,1.0,6.0,84007,MONTFAVET (Route),M,"43,9410500","4,8263100",84,2019,50.0,1.0,1.0,4.0,2148058,10.0,3,4,1,5.0,,2.0,3,1980.0,A01,138Â 301Â 565,8.0,0.0,-1.0,1640340,1.0,7,,0.0,1.0,1.0,A01,138Â 301Â 565,1.0
961114,201900002645,6,8,09:15,1,1,1,1.0,6.0,84007,MONTFAVET (Route),M,"43,9410500","4,8263100",84,2019,50.0,1.0,1.0,4.0,2148059,1.0,1,1,1,0.0,,0.0,0,1961.0,A01,138Â 301Â 565,1.0,0.0,-1.0,1640340,1.0,7,,0.0,1.0,1.0,A01,138Â 301Â 565,1.0
961115,201900002646,7,8,22:10,2,2,1,1.0,6.0,80021,"146, BD DE SAINT QUENTIN",M,"49,8789300","2,3012700",80,2019,50.0,1.0,1.0,4.0,2148060,1.0,1,4,1,5.0,,0.0,0,1995.0,A01,138Â 301Â 564,1.0,0.0,-1.0,1640341,0.0,7,,0.0,1.0,1.0,A01,138Â 301Â 564,1.0
961115,201900002646,7,8,22:10,2,2,1,1.0,6.0,80021,"146, BD DE SAINT QUENTIN",M,"49,8789300","2,3012700",80,2019,50.0,1.0,1.0,4.0,2148061,10.0,3,4,1,5.0,,3.0,3,1999.0,A01,138Â 301Â 564,8.0,0.0,-1.0,1640341,0.0,7,,0.0,1.0,1.0,A01,138Â 301Â 564,1.0
961115,201900002646,7,8,22:10,2,2,1,1.0,6.0,80021,"146, BD DE SAINT QUENTIN",M,"49,8789300","2,3012700",80,2019,50.0,1.0,1.0,4.0,2148062,10.0,3,4,2,5.0,,3.0,3,1999.0,A01,138Â 301Â 564,8.0,0.0,-1.0,1640341,0.0,7,,0.0,1.0,1.0,A01,138Â 301Â 564,1.0