Unnamed: 0_x,num_acc,mois,jour,hrmn,lum,agg,int,atm,col,com,adr,gps,lat,long,dep,annee,vma,situ,surf,catr,Unnamed: 0_y,place,catu,grav,sexe,trajet,secu,locp,actp,an_nais,num_veh_x,id_vehicule_x,secu1,secu2,secu3,Unnamed: 0,senc,catv,occutc,obs,obsm,choc,num_veh_y,id_vehicule_y,motor
961116,201900002647,7,6,15:30,1,2,1,1.0,6.0,78327,"RUE DE LA POSTE, nÂ° 29",M,"48,9914100","1,8440500",78,2019,30.0,3.0,1.0,4.0,2148063,1.0,1,4,1,5.0,,0.0,0,1966.0,A01,138Â 301Â 563,1.0,0.0,-1.0,1640342,1.0,7,,0.0,1.0,1.0,A01,138Â 301Â 563,1.0
961116,201900002647,7,6,15:30,1,2,1,1.0,6.0,78327,"RUE DE LA POSTE, nÂ° 29",M,"48,9914100","1,8440500",78,2019,30.0,3.0,1.0,4.0,2148064,10.0,3,3,1,5.0,,2.0,5,2003.0,A01,138Â 301Â 563,8.0,0.0,-1.0,1640342,1.0,7,,0.0,1.0,1.0,A01,138Â 301Â 563,1.0
961117,201900002648,7,6,16:10,1,1,9,1.0,3.0,77114,D216 X ACCES NO LIMIT AVENTURE,M,"48,7320358","2,6887816",77,2019,80.0,1.0,1.0,3.0,2148065,1.0,1,1,1,5.0,,-1.0,0,1982.0,A01,138Â 301Â 561,1.0,0.0,-1.0,1640343,2.0,7,,0.0,2.0,1.0,A01,138Â 301Â 561,6.0
961117,201900002648,7,6,16:10,1,1,9,1.0,3.0,77114,D216 X ACCES NO LIMIT AVENTURE,M,"48,7320358","2,6887816",77,2019,80.0,1.0,1.0,3.0,2148065,1.0,1,1,1,5.0,,-1.0,0,1982.0,A01,138Â 301Â 561,1.0,0.0,-1.0,1640344,2.0,7,,0.0,2.0,3.0,B01,138Â 301Â 562,1.0
961117,201900002648,7,6,16:10,1,1,9,1.0,3.0,77114,D216 X ACCES NO LIMIT AVENTURE,M,"48,7320358","2,6887816",77,2019,80.0,1.0,1.0,3.0,2148066,2.0,2,1,2,5.0,,-1.0,0,1991.0,B01,138Â 301Â 562,1.0,0.0,-1.0,1640343,2.0,7,,0.0,2.0,1.0,A01,138Â 301Â 561,6.0
961117,201900002648,7,6,16:10,1,1,9,1.0,3.0,77114,D216 X ACCES NO LIMIT AVENTURE,M,"48,7320358","2,6887816",77,2019,80.0,1.0,1.0,3.0,2148066,2.0,2,1,2,5.0,,-1.0,0,1991.0,B01,138Â 301Â 562,1.0,0.0,-1.0,1640344,2.0,7,,0.0,2.0,3.0,B01,138Â 301Â 562,1.0
961117,201900002648,7,6,16:10,1,1,9,1.0,3.0,77114,D216 X ACCES NO LIMIT AVENTURE,M,"48,7320358","2,6887816",77,2019,80.0,1.0,1.0,3.0,2148067,1.0,1,4,2,5.0,,-1.0,0,1991.0,B01,138Â 301Â 562,1.0,0.0,-1.0,1640343,2.0,7,,0.0,2.0,1.0,A01,138Â 301Â 561,6.0
961117,201900002648,7,6,16:10,1,1,9,1.0,3.0,77114,D216 X ACCES NO LIMIT AVENTURE,M,"48,7320358","2,6887816",77,2019,80.0,1.0,1.0,3.0,2148067,1.0,1,4,2,5.0,,-1.0,0,1991.0,B01,138Â 301Â 562,1.0,0.0,-1.0,1640344,2.0,7,,0.0,2.0,3.0,B01,138Â 301Â 562,1.0
961117,201900002648,7,6,16:10,1,1,9,1.0,3.0,77114,D216 X ACCES NO LIMIT AVENTURE,M,"48,7320358","2,6887816",77,2019,80.0,1.0,1.0,3.0,2148068,3.0,2,4,2,5.0,,-1.0,0,1986.0,B01,138Â 301Â 562,1.0,0.0,-1.0,1640343,2.0,7,,0.0,2.0,1.0,A01,138Â 301Â 561,6.0
961117,201900002648,7,6,16:10,1,1,9,1.0,3.0,77114,D216 X ACCES NO LIMIT AVENTURE,M,"48,7320358","2,6887816",77,2019,80.0,1.0,1.0,3.0,2148068,3.0,2,4,2,5.0,,-1.0,0,1986.0,B01,138Â 301Â 562,1.0,0.0,-1.0,1640344,2.0,7,,0.0,2.0,3.0,B01,138Â 301Â 562,1.0
961117,201900002648,7,6,16:10,1,1,9,1.0,3.0,77114,D216 X ACCES NO LIMIT AVENTURE,M,"48,7320358","2,6887816",77,2019,80.0,1.0,1.0,3.0,2148069,4.0,2,1,2,9.0,,-1.0,0,1991.0,B01,138Â 301Â 562,1.0,0.0,-1.0,1640343,2.0,7,,0.0,2.0,1.0,A01,138Â 301Â 561,6.0
961117,201900002648,7,6,16:10,1,1,9,1.0,3.0,77114,D216 X ACCES NO LIMIT AVENTURE,M,"48,7320358","2,6887816",77,2019,80.0,1.0,1.0,3.0,2148069,4.0,2,1,2,9.0,,-1.0,0,1991.0,B01,138Â 301Â 562,1.0,0.0,-1.0,1640344,2.0,7,,0.0,2.0,3.0,B01,138Â 301Â 562,1.0
961118,201900002649,7,9,14:25,1,1,3,1.0,3.0,77059,D418 X RUE DU GUE LANGLOIS,M,"48,8439200","2,6668600",77,2019,70.0,1.0,1.0,3.0,2148070,1.0,1,4,1,4.0,,-1.0,0,1964.0,A01,138Â 301Â 559,1.0,0.0,-1.0,1640345,2.0,7,,0.0,2.0,1.0,A01,138Â 301Â 559,1.0
961118,201900002649,7,9,14:25,1,1,3,1.0,3.0,77059,D418 X RUE DU GUE LANGLOIS,M,"48,8439200","2,6668600",77,2019,70.0,1.0,1.0,3.0,2148070,1.0,1,4,1,4.0,,-1.0,0,1964.0,A01,138Â 301Â 559,1.0,0.0,-1.0,1640346,1.0,7,,0.0,2.0,8.0,B01,138Â 301Â 560,1.0
961118,201900002649,7,9,14:25,1,1,3,1.0,3.0,77059,D418 X RUE DU GUE LANGLOIS,M,"48,8439200","2,6668600",77,2019,70.0,1.0,1.0,3.0,2148071,1.0,1,4,1,9.0,,-1.0,0,1946.0,B01,138Â 301Â 560,1.0,0.0,-1.0,1640345,2.0,7,,0.0,2.0,1.0,A01,138Â 301Â 559,1.0
961118,201900002649,7,9,14:25,1,1,3,1.0,3.0,77059,D418 X RUE DU GUE LANGLOIS,M,"48,8439200","2,6668600",77,2019,70.0,1.0,1.0,3.0,2148071,1.0,1,4,1,9.0,,-1.0,0,1946.0,B01,138Â 301Â 560,1.0,0.0,-1.0,1640346,1.0,7,,0.0,2.0,8.0,B01,138Â 301Â 560,1.0
961119,201900002650,7,8,17:20,1,1,1,1.0,6.0,76498,SUD III (RN 338),M,"49,4296400","1,0566500",76,2019,90.0,1.0,1.0,2.0,2148072,1.0,1,4,1,5.0,,0.0,0,1997.0,A01,138Â 301Â 557,2.0,6.0,-1.0,1640347,2.0,33,,0.0,2.0,8.0,A01,138Â 301Â 557,1.0
961119,201900002650,7,8,17:20,1,1,1,1.0,6.0,76498,SUD III (RN 338),M,"49,4296400","1,0566500",76,2019,90.0,1.0,1.0,2.0,2148072,1.0,1,4,1,5.0,,0.0,0,1997.0,A01,138Â 301Â 557,2.0,6.0,-1.0,1640348,2.0,7,,0.0,2.0,5.0,Z01,138Â 301Â 558,1.0
961120,201900002651,7,7,06:55,1,1,1,1.0,6.0,76351,RD 6382,M,"49,5237500","0,1673700",76,2019,90.0,1.0,1.0,3.0,2148073,2.0,2,4,2,0.0,,0.0,0,1999.0,A01,138Â 301Â 556,1.0,8.0,-1.0,1640349,2.0,7,,3.0,0.0,2.0,A01,138Â 301Â 556,1.0
961120,201900002651,7,7,06:55,1,1,1,1.0,6.0,76351,RD 6382,M,"49,5237500","0,1673700",76,2019,90.0,1.0,1.0,3.0,2148074,4.0,2,4,2,0.0,,0.0,0,2000.0,A01,138Â 301Â 556,1.0,0.0,-1.0,1640349,2.0,7,,3.0,0.0,2.0,A01,138Â 301Â 556,1.0
961120,201900002651,7,7,06:55,1,1,1,1.0,6.0,76351,RD 6382,M,"49,5237500","0,1673700",76,2019,90.0,1.0,1.0,3.0,2148075,1.0,1,4,2,0.0,,0.0,0,2000.0,A01,138Â 301Â 556,1.0,8.0,-1.0,1640349,2.0,7,,3.0,0.0,2.0,A01,138Â 301Â 556,1.0
961121,201900002652,7,9,11:00,1,2,1,1.0,5.0,71499,TOULON (RUE DE),M,"46,6600000","4,2700000",71,2019,50.0,1.0,1.0,4.0,2148076,1.0,1,4,1,5.0,,0.0,0,2004.0,A01,138Â 301Â 553,2.0,0.0,-1.0,1640350,1.0,30,,0.0,2.0,4.0,A01,138Â 301Â 553,1.0
961121,201900002652,7,9,11:00,1,2,1,1.0,5.0,71499,TOULON (RUE DE),M,"46,6600000","4,2700000",71,2019,50.0,1.0,1.0,4.0,2148076,1.0,1,4,1,5.0,,0.0,0,2004.0,A01,138Â 301Â 553,2.0,0.0,-1.0,1640351,0.0,30,,0.0,2.0,1.0,B01,138Â 301Â 554,1.0
961121,201900002652,7,9,11:00,1,2,1,1.0,5.0,71499,TOULON (RUE DE),M,"46,6600000","4,2700000",71,2019,50.0,1.0,1.0,4.0,2148076,1.0,1,4,1,5.0,,0.0,0,2004.0,A01,138Â 301Â 553,2.0,0.0,-1.0,1640352,1.0,30,,0.0,2.0,1.0,C01,138Â 301Â 555,1.0
961121,201900002652,7,9,11:00,1,2,1,1.0,5.0,71499,TOULON (RUE DE),M,"46,6600000","4,2700000",71,2019,50.0,1.0,1.0,4.0,2148077,1.0,1,4,1,5.0,,0.0,0,2004.0,B01,138Â 301Â 554,2.0,0.0,-1.0,1640350,1.0,30,,0.0,2.0,4.0,A01,138Â 301Â 553,1.0
961121,201900002652,7,9,11:00,1,2,1,1.0,5.0,71499,TOULON (RUE DE),M,"46,6600000","4,2700000",71,2019,50.0,1.0,1.0,4.0,2148077,1.0,1,4,1,5.0,,0.0,0,2004.0,B01,138Â 301Â 554,2.0,0.0,-1.0,1640351,0.0,30,,0.0,2.0,1.0,B01,138Â 301Â 554,1.0
961121,201900002652,7,9,11:00,1,2,1,1.0,5.0,71499,TOULON (RUE DE),M,"46,6600000","4,2700000",71,2019,50.0,1.0,1.0,4.0,2148077,1.0,1,4,1,5.0,,0.0,0,2004.0,B01,138Â 301Â 554,2.0,0.0,-1.0,1640352,1.0,30,,0.0,2.0,1.0,C01,138Â 301Â 555,1.0
961121,201900002652,7,9,11:00,1,2,1,1.0,5.0,71499,TOULON (RUE DE),M,"46,6600000","4,2700000",71,2019,50.0,1.0,1.0,4.0,2148078,1.0,1,4,1,5.0,,0.0,0,2004.0,C01,138Â 301Â 555,2.0,0.0,-1.0,1640350,1.0,30,,0.0,2.0,4.0,A01,138Â 301Â 553,1.0
961121,201900002652,7,9,11:00,1,2,1,1.0,5.0,71499,TOULON (RUE DE),M,"46,6600000","4,2700000",71,2019,50.0,1.0,1.0,4.0,2148078,1.0,1,4,1,5.0,,0.0,0,2004.0,C01,138Â 301Â 555,2.0,0.0,-1.0,1640351,0.0,30,,0.0,2.0,1.0,B01,138Â 301Â 554,1.0
961121,201900002652,7,9,11:00,1,2,1,1.0,5.0,71499,TOULON (RUE DE),M,"46,6600000","4,2700000",71,2019,50.0,1.0,1.0,4.0,2148078,1.0,1,4,1,5.0,,0.0,0,2004.0,C01,138Â 301Â 555,2.0,0.0,-1.0,1640352,1.0,30,,0.0,2.0,1.0,C01,138Â 301Â 555,1.0
961122,201900002653,7,8,18:20,1,2,2,1.0,6.0,71059,BEAUSOLEIL (RUE),M,"46,8075900","4,4642500",71,2019,50.0,1.0,1.0,4.0,2148079,1.0,1,4,1,0.0,,0.0,0,1999.0,A01,138Â 301Â 552,1.0,0.0,-1.0,1640353,3.0,7,,6.0,0.0,1.0,A01,138Â 301Â 552,1.0
961123,201900002654,7,9,15:15,1,2,1,1.0,6.0,69266,REPUBLIQUE   (Cours de la),M,"45,7711900","4,8737360",69,2019,50.0,1.0,1.0,4.0,2148080,10.0,3,4,1,0.0,,1.0,3,1941.0,A01,138Â 301Â 551,8.0,0.0,-1.0,1640354,2.0,7,,0.0,1.0,7.0,A01,138Â 301Â 551,1.0
961124,201900002655,7,8,19:40,1,2,2,1.0,3.0,69266,PAUL VERLAINE       (Rue),M,"45,7647500","4,8803900",69,2019,50.0,1.0,1.0,4.0,2148081,1.0,1,1,1,0.0,,0.0,0,1996.0,A01,138Â 301Â 549,1.0,0.0,-1.0,1640355,1.0,10,,0.0,2.0,8.0,A01,138Â 301Â 549,0.0
961124,201900002655,7,8,19:40,1,2,2,1.0,3.0,69266,PAUL VERLAINE       (Rue),M,"45,7647500","4,8803900",69,2019,50.0,1.0,1.0,4.0,2148081,1.0,1,1,1,0.0,,0.0,0,1996.0,A01,138Â 301Â 549,1.0,0.0,-1.0,1640356,1.0,7,,0.0,2.0,1.0,B01,138Â 301Â 550,0.0
961124,201900002655,7,8,19:40,1,2,2,1.0,3.0,69266,PAUL VERLAINE       (Rue),M,"45,7647500","4,8803900",69,2019,50.0,1.0,1.0,4.0,2148082,1.0,1,3,1,0.0,,0.0,0,1950.0,B01,138Â 301Â 550,1.0,0.0,-1.0,1640355,1.0,10,,0.0,2.0,8.0,A01,138Â 301Â 549,0.0
961124,201900002655,7,8,19:40,1,2,2,1.0,3.0,69266,PAUL VERLAINE       (Rue),M,"45,7647500","4,8803900",69,2019,50.0,1.0,1.0,4.0,2148082,1.0,1,3,1,0.0,,0.0,0,1950.0,B01,138Â 301Â 550,1.0,0.0,-1.0,1640356,1.0,7,,0.0,2.0,1.0,B01,138Â 301Â 550,0.0
961125,201900002656,7,9,10:15,1,2,6,1.0,6.0,69091,PAIX (DE LA) ( R ),M,"45,5843700","4,7498800",69,2019,50.0,1.0,1.0,4.0,2148083,1.0,1,1,2,3.0,,0.0,0,1972.0,A01,138Â 301Â 548,1.0,0.0,-1.0,1640357,3.0,7,,0.0,1.0,1.0,A01,138Â 301Â 548,1.0
961125,201900002656,7,9,10:15,1,2,6,1.0,6.0,69091,PAIX (DE LA) ( R ),M,"45,5843700","4,7498800",69,2019,50.0,1.0,1.0,4.0,2148084,10.0,3,3,2,1.0,,1.0,3,1956.0,A01,138Â 301Â 548,8.0,0.0,-1.0,1640357,3.0,7,,0.0,1.0,1.0,A01,138Â 301Â 548,1.0
961126,201900002657,7,5,23:30,5,2,3,1.0,3.0,67482,PAUL ELUARD (RUE),M,"48,5874910","7,6994230",67,2019,50.0,1.0,1.0,4.0,2148085,1.0,1,4,1,1.0,,0.0,0,1979.0,A01,138Â 301Â 545,1.0,8.0,-1.0,1640358,1.0,7,,0.0,2.0,5.0,A01,138Â 301Â 545,1.0
961126,201900002657,7,5,23:30,5,2,3,1.0,3.0,67482,PAUL ELUARD (RUE),M,"48,5874910","7,6994230",67,2019,50.0,1.0,1.0,4.0,2148085,1.0,1,4,1,1.0,,0.0,0,1979.0,A01,138Â 301Â 545,1.0,8.0,-1.0,1640359,2.0,2,,0.0,2.0,1.0,B01,138Â 301Â 546,1.0
961126,201900002657,7,5,23:30,5,2,3,1.0,3.0,67482,PAUL ELUARD (RUE),M,"48,5874910","7,6994230",67,2019,50.0,1.0,1.0,4.0,2148086,1.0,1,4,1,0.0,,0.0,0,1989.0,B01,138Â 301Â 546,2.0,8.0,-1.0,1640358,1.0,7,,0.0,2.0,5.0,A01,138Â 301Â 545,1.0
961126,201900002657,7,5,23:30,5,2,3,1.0,3.0,67482,PAUL ELUARD (RUE),M,"48,5874910","7,6994230",67,2019,50.0,1.0,1.0,4.0,2148086,1.0,1,4,1,0.0,,0.0,0,1989.0,B01,138Â 301Â 546,2.0,8.0,-1.0,1640359,2.0,2,,0.0,2.0,1.0,B01,138Â 301Â 546,1.0
961127,201900002658,7,5,12:05,1,2,3,1.0,3.0,67482,JACOUTOT (QUAI),M,"48,5916220","7,7823580",67,2019,50.0,1.0,1.0,4.0,2148087,1.0,1,4,1,0.0,,-1.0, -1,1984.0,B01,138Â 301Â 543,2.0,6.0,-1.0,1640360,2.0,32,,0.0,2.0,3.0,B01,138Â 301Â 543,1.0
961127,201900002658,7,5,12:05,1,2,3,1.0,3.0,67482,JACOUTOT (QUAI),M,"48,5916220","7,7823580",67,2019,50.0,1.0,1.0,4.0,2148087,1.0,1,4,1,0.0,,-1.0, -1,1984.0,B01,138Â 301Â 543,2.0,6.0,-1.0,1640361,1.0,10,,0.0,2.0,1.0,A01,138Â 301Â 544,1.0
961127,201900002658,7,5,12:05,1,2,3,1.0,3.0,67482,JACOUTOT (QUAI),M,"48,5916220","7,7823580",67,2019,50.0,1.0,1.0,4.0,2148088,1.0,1,1,1,1.0,,-1.0, -1,1962.0,A01,138Â 301Â 544,1.0,8.0,-1.0,1640360,2.0,32,,0.0,2.0,3.0,B01,138Â 301Â 543,1.0
961127,201900002658,7,5,12:05,1,2,3,1.0,3.0,67482,JACOUTOT (QUAI),M,"48,5916220","7,7823580",67,2019,50.0,1.0,1.0,4.0,2148088,1.0,1,1,1,1.0,,-1.0, -1,1962.0,A01,138Â 301Â 544,1.0,8.0,-1.0,1640361,1.0,10,,0.0,2.0,1.0,A01,138Â 301Â 544,1.0
961128,201900002659,7,8,17:28,1,2,1,1.0,2.0,66136,FRANCE LIBRE (BOULEVARD DE LA),M,"42,7058900","2,9030600",66,2019,50.0,1.0,1.0,4.0,2148089,1.0,1,4,1,1.0,,0.0,0,1976.0,B01,138Â 301Â 541,1.0,0.0,-1.0,1640362,1.0,7,,0.0,2.0,4.0,B01,138Â 301Â 541,1.0
961128,201900002659,7,8,17:28,1,2,1,1.0,2.0,66136,FRANCE LIBRE (BOULEVARD DE LA),M,"42,7058900","2,9030600",66,2019,50.0,1.0,1.0,4.0,2148089,1.0,1,4,1,1.0,,0.0,0,1976.0,B01,138Â 301Â 541,1.0,0.0,-1.0,1640363,3.0,7,,0.0,2.0,1.0,A01,138Â 301Â 542,1.0
961128,201900002659,7,8,17:28,1,2,1,1.0,2.0,66136,FRANCE LIBRE (BOULEVARD DE LA),M,"42,7058900","2,9030600",66,2019,50.0,1.0,1.0,4.0,2148090,1.0,1,1,1,9.0,,0.0,0,1968.0,A01,138Â 301Â 542,1.0,8.0,-1.0,1640362,1.0,7,,0.0,2.0,4.0,B01,138Â 301Â 541,1.0
961128,201900002659,7,8,17:28,1,2,1,1.0,2.0,66136,FRANCE LIBRE (BOULEVARD DE LA),M,"42,7058900","2,9030600",66,2019,50.0,1.0,1.0,4.0,2148090,1.0,1,1,1,9.0,,0.0,0,1968.0,A01,138Â 301Â 542,1.0,8.0,-1.0,1640363,3.0,7,,0.0,2.0,1.0,A01,138Â 301Â 542,1.0
961129,201900002660,7,9,16:40,1,2,1,1.0,4.0,64348,CHARLES DE GAULLE,M,"43,3156000"," -0,4208600",64,2019,50.0,1.0,1.0,4.0,2148091,1.0,1,1,1,1.0,,0.0,0,1976.0,A01,138Â 301Â 538,1.0,0.0,-1.0,1640364,2.0,10,,0.0,2.0,1.0,A01,138Â 301Â 538,1.0
961129,201900002660,7,9,16:40,1,2,1,1.0,4.0,64348,CHARLES DE GAULLE,M,"43,3156000"," -0,4208600",64,2019,50.0,1.0,1.0,4.0,2148091,1.0,1,1,1,1.0,,0.0,0,1976.0,A01,138Â 301Â 538,1.0,0.0,-1.0,1640365,2.0,7,,0.0,2.0,4.0,B01,138Â 301Â 539,1.0
961129,201900002660,7,9,16:40,1,2,1,1.0,4.0,64348,CHARLES DE GAULLE,M,"43,3156000"," -0,4208600",64,2019,50.0,1.0,1.0,4.0,2148091,1.0,1,1,1,1.0,,0.0,0,1976.0,A01,138Â 301Â 538,1.0,0.0,-1.0,1640366,2.0,7,,0.0,2.0,4.0,C01,138Â 301Â 540,1.0
961129,201900002660,7,9,16:40,1,2,1,1.0,4.0,64348,CHARLES DE GAULLE,M,"43,3156000"," -0,4208600",64,2019,50.0,1.0,1.0,4.0,2148092,1.0,1,4,2,5.0,,0.0,0,1968.0,B01,138Â 301Â 539,1.0,0.0,-1.0,1640364,2.0,10,,0.0,2.0,1.0,A01,138Â 301Â 538,1.0
961129,201900002660,7,9,16:40,1,2,1,1.0,4.0,64348,CHARLES DE GAULLE,M,"43,3156000"," -0,4208600",64,2019,50.0,1.0,1.0,4.0,2148092,1.0,1,4,2,5.0,,0.0,0,1968.0,B01,138Â 301Â 539,1.0,0.0,-1.0,1640365,2.0,7,,0.0,2.0,4.0,B01,138Â 301Â 539,1.0
961129,201900002660,7,9,16:40,1,2,1,1.0,4.0,64348,CHARLES DE GAULLE,M,"43,3156000"," -0,4208600",64,2019,50.0,1.0,1.0,4.0,2148092,1.0,1,4,2,5.0,,0.0,0,1968.0,B01,138Â 301Â 539,1.0,0.0,-1.0,1640366,2.0,7,,0.0,2.0,4.0,C01,138Â 301Â 540,1.0
961129,201900002660,7,9,16:40,1,2,1,1.0,4.0,64348,CHARLES DE GAULLE,M,"43,3156000"," -0,4208600",64,2019,50.0,1.0,1.0,4.0,2148093,2.0,2,4,2,5.0,,0.0,0,1993.0,B01,138Â 301Â 539,1.0,0.0,-1.0,1640364,2.0,10,,0.0,2.0,1.0,A01,138Â 301Â 538,1.0
961129,201900002660,7,9,16:40,1,2,1,1.0,4.0,64348,CHARLES DE GAULLE,M,"43,3156000"," -0,4208600",64,2019,50.0,1.0,1.0,4.0,2148093,2.0,2,4,2,5.0,,0.0,0,1993.0,B01,138Â 301Â 539,1.0,0.0,-1.0,1640365,2.0,7,,0.0,2.0,4.0,B01,138Â 301Â 539,1.0
961129,201900002660,7,9,16:40,1,2,1,1.0,4.0,64348,CHARLES DE GAULLE,M,"43,3156000"," -0,4208600",64,2019,50.0,1.0,1.0,4.0,2148093,2.0,2,4,2,5.0,,0.0,0,1993.0,B01,138Â 301Â 539,1.0,0.0,-1.0,1640366,2.0,7,,0.0,2.0,4.0,C01,138Â 301Â 540,1.0
961129,201900002660,7,9,16:40,1,2,1,1.0,4.0,64348,CHARLES DE GAULLE,M,"43,3156000"," -0,4208600",64,2019,50.0,1.0,1.0,4.0,2148094,1.0,1,4,2,5.0,,0.0,0,1978.0,C01,138Â 301Â 540,1.0,0.0,-1.0,1640364,2.0,10,,0.0,2.0,1.0,A01,138Â 301Â 538,1.0
961129,201900002660,7,9,16:40,1,2,1,1.0,4.0,64348,CHARLES DE GAULLE,M,"43,3156000"," -0,4208600",64,2019,50.0,1.0,1.0,4.0,2148094,1.0,1,4,2,5.0,,0.0,0,1978.0,C01,138Â 301Â 540,1.0,0.0,-1.0,1640365,2.0,7,,0.0,2.0,4.0,B01,138Â 301Â 539,1.0
961129,201900002660,7,9,16:40,1,2,1,1.0,4.0,64348,CHARLES DE GAULLE,M,"43,3156000"," -0,4208600",64,2019,50.0,1.0,1.0,4.0,2148094,1.0,1,4,2,5.0,,0.0,0,1978.0,C01,138Â 301Â 540,1.0,0.0,-1.0,1640366,2.0,7,,0.0,2.0,4.0,C01,138Â 301Â 540,1.0
961130,201900002661,7,8,08:25,1,2,1,2.0,4.0,64284,8 MAI 1945 DU,M,"43,2811000"," -0,3865000",64,2019,50.0,1.0,2.0,3.0,2148095,1.0,1,1,1,1.0,,-1.0,0,1979.0,A01,138Â 301Â 535,1.0,0.0,-1.0,1640367,1.0,10,,0.0,2.0,3.0,A01,138Â 301Â 535,1.0
961130,201900002661,7,8,08:25,1,2,1,2.0,4.0,64284,8 MAI 1945 DU,M,"43,2811000"," -0,3865000",64,2019,50.0,1.0,2.0,3.0,2148095,1.0,1,1,1,1.0,,-1.0,0,1979.0,A01,138Â 301Â 535,1.0,0.0,-1.0,1640368,1.0,7,,0.0,2.0,1.0,B01,138Â 301Â 536,1.0
961130,201900002661,7,8,08:25,1,2,1,2.0,4.0,64284,8 MAI 1945 DU,M,"43,2811000"," -0,3865000",64,2019,50.0,1.0,2.0,3.0,2148095,1.0,1,1,1,1.0,,-1.0,0,1979.0,A01,138Â 301Â 535,1.0,0.0,-1.0,1640369,1.0,7,,0.0,2.0,4.0,C01,138Â 301Â 537,1.0
961130,201900002661,7,8,08:25,1,2,1,2.0,4.0,64284,8 MAI 1945 DU,M,"43,2811000"," -0,3865000",64,2019,50.0,1.0,2.0,3.0,2148096,2.0,2,4,1,1.0,,-1.0,0,1996.0,B01,138Â 301Â 536,1.0,0.0,-1.0,1640367,1.0,10,,0.0,2.0,3.0,A01,138Â 301Â 535,1.0
961130,201900002661,7,8,08:25,1,2,1,2.0,4.0,64284,8 MAI 1945 DU,M,"43,2811000"," -0,3865000",64,2019,50.0,1.0,2.0,3.0,2148096,2.0,2,4,1,1.0,,-1.0,0,1996.0,B01,138Â 301Â 536,1.0,0.0,-1.0,1640368,1.0,7,,0.0,2.0,1.0,B01,138Â 301Â 536,1.0
961130,201900002661,7,8,08:25,1,2,1,2.0,4.0,64284,8 MAI 1945 DU,M,"43,2811000"," -0,3865000",64,2019,50.0,1.0,2.0,3.0,2148096,2.0,2,4,1,1.0,,-1.0,0,1996.0,B01,138Â 301Â 536,1.0,0.0,-1.0,1640369,1.0,7,,0.0,2.0,4.0,C01,138Â 301Â 537,1.0
961130,201900002661,7,8,08:25,1,2,1,2.0,4.0,64284,8 MAI 1945 DU,M,"43,2811000"," -0,3865000",64,2019,50.0,1.0,2.0,3.0,2148097,1.0,1,1,1,1.0,,-1.0,0,1997.0,B01,138Â 301Â 536,1.0,0.0,-1.0,1640367,1.0,10,,0.0,2.0,3.0,A01,138Â 301Â 535,1.0
961130,201900002661,7,8,08:25,1,2,1,2.0,4.0,64284,8 MAI 1945 DU,M,"43,2811000"," -0,3865000",64,2019,50.0,1.0,2.0,3.0,2148097,1.0,1,1,1,1.0,,-1.0,0,1997.0,B01,138Â 301Â 536,1.0,0.0,-1.0,1640368,1.0,7,,0.0,2.0,1.0,B01,138Â 301Â 536,1.0
961130,201900002661,7,8,08:25,1,2,1,2.0,4.0,64284,8 MAI 1945 DU,M,"43,2811000"," -0,3865000",64,2019,50.0,1.0,2.0,3.0,2148097,1.0,1,1,1,1.0,,-1.0,0,1997.0,B01,138Â 301Â 536,1.0,0.0,-1.0,1640369,1.0,7,,0.0,2.0,4.0,C01,138Â 301Â 537,1.0
961130,201900002661,7,8,08:25,1,2,1,2.0,4.0,64284,8 MAI 1945 DU,M,"43,2811000"," -0,3865000",64,2019,50.0,1.0,2.0,3.0,2148098,1.0,1,1,1,1.0,,-1.0,0,1966.0,C01,138Â 301Â 537,1.0,0.0,-1.0,1640367,1.0,10,,0.0,2.0,3.0,A01,138Â 301Â 535,1.0
961130,201900002661,7,8,08:25,1,2,1,2.0,4.0,64284,8 MAI 1945 DU,M,"43,2811000"," -0,3865000",64,2019,50.0,1.0,2.0,3.0,2148098,1.0,1,1,1,1.0,,-1.0,0,1966.0,C01,138Â 301Â 537,1.0,0.0,-1.0,1640368,1.0,7,,0.0,2.0,1.0,B01,138Â 301Â 536,1.0
961130,201900002661,7,8,08:25,1,2,1,2.0,4.0,64284,8 MAI 1945 DU,M,"43,2811000"," -0,3865000",64,2019,50.0,1.0,2.0,3.0,2148098,1.0,1,1,1,1.0,,-1.0,0,1966.0,C01,138Â 301Â 537,1.0,0.0,-1.0,1640369,1.0,7,,0.0,2.0,4.0,C01,138Â 301Â 537,1.0
961131,201900002662,7,8,12:15,1,2,1,1.0,6.0,64125,CHABADENIA (AVENUE),M,"43,4382496"," -1,5892107",64,2019,30.0,1.0,1.0,3.0,2148099,1.0,1,1,2,5.0,,0.0,0,2004.0,A01,138Â 301Â 534,2.0,6.0,-1.0,1640370,1.0,30,,0.0,1.0,1.0,A01,138Â 301Â 534,1.0
961131,201900002662,7,8,12:15,1,2,1,1.0,6.0,64125,CHABADENIA (AVENUE),M,"43,4382496"," -1,5892107",64,2019,30.0,1.0,1.0,3.0,2148100,1.0,2,1,2,5.0,,0.0,0,2004.0,A01,138Â 301Â 534,2.0,6.0,-1.0,1640370,1.0,30,,0.0,1.0,1.0,A01,138Â 301Â 534,1.0
961131,201900002662,7,8,12:15,1,2,1,1.0,6.0,64125,CHABADENIA (AVENUE),M,"43,4382496"," -1,5892107",64,2019,30.0,1.0,1.0,3.0,2148101,10.0,3,3,2,5.0,,4.0,3,1966.0,A01,138Â 301Â 534,8.0,0.0,-1.0,1640370,1.0,30,,0.0,1.0,1.0,A01,138Â 301Â 534,1.0