Unnamed: 0_x,num_acc,mois,jour,hrmn,lum,agg,int,atm,col,com,adr,gps,lat,long,dep,annee,vma,situ,surf,catr,Unnamed: 0_y,place,catu,grav,sexe,trajet,secu,locp,actp,an_nais,num_veh_x,id_vehicule_x,secu1,secu2,secu3,Unnamed: 0,senc,catv,occutc,obs,obsm,choc,num_veh_y,id_vehicule_y,motor
961132,201900002663,7,9,13:15,1,1,1,1.0,7.0,61117,D 112,M,"48,4359250","0,0209730",61,2019,70.0,1.0,1.0,3.0,2148102,1.0,1,4,2,1.0,,0.0,0,1980.0,A01,138Â 301Â 533,2.0,6.0,-1.0,1640371,2.0,33,,0.0,0.0,0.0,A01,138Â 301Â 533,1.0
961133,201900002664,7,8,09:25,1,2,1,7.0,6.0,60463,EUROPE (AVENUE DE L'),M,"49,2702800","2,4824500",60,2019,50.0,1.0,1.0,9.0,2148103,1.0,1,1,1,4.0,,-1.0,0,1968.0,A01,138Â 301Â 532,1.0,0.0,-1.0,1640372,0.0,10,,0.0,1.0,3.0,A01,138Â 301Â 532,6.0
961133,201900002664,7,8,09:25,1,2,1,7.0,6.0,60463,EUROPE (AVENUE DE L'),M,"49,2702800","2,4824500",60,2019,50.0,1.0,1.0,9.0,2148104,10.0,3,3,1,3.0,,3.0,3,1957.0,A01,138Â 301Â 532,8.0,0.0,-1.0,1640372,0.0,10,,0.0,1.0,3.0,A01,138Â 301Â 532,6.0
961134,201900002665,7,9,23:20,5,2,2,1.0,3.0,59599,WATT (CHAUSSEE),M,"50,7243980","3,1340220",59,2019,50.0,1.0,1.0,4.0,2148105,1.0,1,1,2,0.0,,-1.0,0,1989.0,B01,138Â 301Â 530,1.0,0.0,-1.0,1640373,2.0,7,,0.0,2.0,7.0,B01,138Â 301Â 530,1.0
961134,201900002665,7,9,23:20,5,2,2,1.0,3.0,59599,WATT (CHAUSSEE),M,"50,7243980","3,1340220",59,2019,50.0,1.0,1.0,4.0,2148105,1.0,1,1,2,0.0,,-1.0,0,1989.0,B01,138Â 301Â 530,1.0,0.0,-1.0,1640374,2.0,99,,0.0,2.0,1.0,Z01,138Â 301Â 531,0.0
961134,201900002665,7,9,23:20,5,2,2,1.0,3.0,59599,WATT (CHAUSSEE),M,"50,7243980","3,1340220",59,2019,50.0,1.0,1.0,4.0,2148106,1.0,1,1,1,0.0,,-1.0,0,2001.0,Z01,138Â 301Â 531,8.0,0.0,-1.0,1640373,2.0,7,,0.0,2.0,7.0,B01,138Â 301Â 530,1.0
961134,201900002665,7,9,23:20,5,2,2,1.0,3.0,59599,WATT (CHAUSSEE),M,"50,7243980","3,1340220",59,2019,50.0,1.0,1.0,4.0,2148106,1.0,1,1,1,0.0,,-1.0,0,2001.0,Z01,138Â 301Â 531,8.0,0.0,-1.0,1640374,2.0,99,,0.0,2.0,1.0,Z01,138Â 301Â 531,0.0
961134,201900002665,7,9,23:20,5,2,2,1.0,3.0,59599,WATT (CHAUSSEE),M,"50,7243980","3,1340220",59,2019,50.0,1.0,1.0,4.0,2148107,2.0,2,3,1,0.0,,-1.0,0,2004.0,Z01,138Â 301Â 531,8.0,0.0,-1.0,1640373,2.0,7,,0.0,2.0,7.0,B01,138Â 301Â 530,1.0
961134,201900002665,7,9,23:20,5,2,2,1.0,3.0,59599,WATT (CHAUSSEE),M,"50,7243980","3,1340220",59,2019,50.0,1.0,1.0,4.0,2148107,2.0,2,3,1,0.0,,-1.0,0,2004.0,Z01,138Â 301Â 531,8.0,0.0,-1.0,1640374,2.0,99,,0.0,2.0,1.0,Z01,138Â 301Â 531,0.0
961135,201900002666,7,6,05:40,2,2,1,1.0,1.0,59392,MONS (ROUTE DE),M,"50,3130690","3,9774790",59,2019,50.0,3.0,1.0,2.0,2148108,2.0,2,1,2,9.0,,-1.0,0,1999.0,A01,138Â 301Â 529,8.0,0.0,-1.0,1640375,1.0,7,,1.0,0.0,2.0,B01,138Â 301Â 528,1.0
961135,201900002666,7,6,05:40,2,2,1,1.0,1.0,59392,MONS (ROUTE DE),M,"50,3130690","3,9774790",59,2019,50.0,3.0,1.0,2.0,2148108,2.0,2,1,2,9.0,,-1.0,0,1999.0,A01,138Â 301Â 529,8.0,0.0,-1.0,1640376,1.0,7,,1.0,0.0,1.0,A01,138Â 301Â 529,1.0
961135,201900002666,7,6,05:40,2,2,1,1.0,1.0,59392,MONS (ROUTE DE),M,"50,3130690","3,9774790",59,2019,50.0,3.0,1.0,2.0,2148109,1.0,1,3,1,9.0,,-1.0,0,1996.0,A01,138Â 301Â 529,8.0,0.0,-1.0,1640375,1.0,7,,1.0,0.0,2.0,B01,138Â 301Â 528,1.0
961135,201900002666,7,6,05:40,2,2,1,1.0,1.0,59392,MONS (ROUTE DE),M,"50,3130690","3,9774790",59,2019,50.0,3.0,1.0,2.0,2148109,1.0,1,3,1,9.0,,-1.0,0,1996.0,A01,138Â 301Â 529,8.0,0.0,-1.0,1640376,1.0,7,,1.0,0.0,1.0,A01,138Â 301Â 529,1.0
961136,201900002667,7,9,06:40,2,2,1,1.0,6.0,59043,NATIONS UNIES (AVENUE DES),M,"50,7259120","2,7394900",59,2019,30.0,1.0,1.0,4.0,2148110,10.0,3,2,2,1.0,,2.0,3,1980.0,A01,138Â 301Â 527,8.0,0.0,-1.0,1640377,3.0,7,,0.0,1.0,1.0,A01,138Â 301Â 527,6.0
961136,201900002667,7,9,06:40,2,2,1,1.0,6.0,59043,NATIONS UNIES (AVENUE DES),M,"50,7259120","2,7394900",59,2019,30.0,1.0,1.0,4.0,2148111,1.0,1,1,1,1.0,,-1.0, -1,1982.0,A01,138Â 301Â 527,1.0,0.0,-1.0,1640377,3.0,7,,0.0,1.0,1.0,A01,138Â 301Â 527,6.0
961137,201900002668,7,8,21:35,1,2,1,1.0,6.0,57463,FOCH (AVENUE ),M,"49,1113900","6,1738100",57,2019,30.0,1.0,1.0,4.0,2148112,1.0,1,1,1,5.0,,-1.0, -1,1964.0,A01,138Â 301Â 526,1.0,8.0,-1.0,1640378,1.0,7,,0.0,1.0,3.0,A01,138Â 301Â 526,1.0
961137,201900002668,7,8,21:35,1,2,1,1.0,6.0,57463,FOCH (AVENUE ),M,"49,1113900","6,1738100",57,2019,30.0,1.0,1.0,4.0,2148113,10.0,3,2,2,0.0,,8.0,4,1980.0,A01,138Â 301Â 526,8.0,0.0,-1.0,1640378,1.0,7,,0.0,1.0,3.0,A01,138Â 301Â 526,1.0
961138,201900002669,7,8,08:45,1,2,1,1.0,3.0,56121,MULLER ( DU COLONEL JEAN ),M,"47,7629900"," -3,3932800",56,2019,50.0,1.0,1.0,4.0,2148114,1.0,1,4,2,0.0,,0.0,0,1981.0,B01,138Â 301Â 524,1.0,8.0,-1.0,1640379,1.0,7,,0.0,2.0,2.0,B01,138Â 301Â 524,1.0
961138,201900002669,7,8,08:45,1,2,1,1.0,3.0,56121,MULLER ( DU COLONEL JEAN ),M,"47,7629900"," -3,3932800",56,2019,50.0,1.0,1.0,4.0,2148114,1.0,1,4,2,0.0,,0.0,0,1981.0,B01,138Â 301Â 524,1.0,8.0,-1.0,1640380,1.0,7,,0.0,2.0,1.0,A01,138Â 301Â 525,1.0
961138,201900002669,7,8,08:45,1,2,1,1.0,3.0,56121,MULLER ( DU COLONEL JEAN ),M,"47,7629900"," -3,3932800",56,2019,50.0,1.0,1.0,4.0,2148115,1.0,1,1,1,0.0,,0.0,0,1997.0,A01,138Â 301Â 525,1.0,8.0,-1.0,1640379,1.0,7,,0.0,2.0,2.0,B01,138Â 301Â 524,1.0
961138,201900002669,7,8,08:45,1,2,1,1.0,3.0,56121,MULLER ( DU COLONEL JEAN ),M,"47,7629900"," -3,3932800",56,2019,50.0,1.0,1.0,4.0,2148115,1.0,1,1,1,0.0,,0.0,0,1997.0,A01,138Â 301Â 525,1.0,8.0,-1.0,1640380,1.0,7,,0.0,2.0,1.0,A01,138Â 301Â 525,1.0
961139,201900002670,6,27,10:29,1,2,1,1.0,7.0,51230,AVENUE DU MARECHAL FOCH,M,"49,0381043","3,9492263",51,2019,50.0,1.0,1.0,3.0,2148116,10.0,3,4,1,0.0,,3.0,3,1938.0,A01,138Â 301Â 522,8.0,0.0,-1.0,1640381,1.0,7,,0.0,1.0,2.0,A01,138Â 301Â 522,0.0
961139,201900002670,6,27,10:29,1,2,1,1.0,7.0,51230,AVENUE DU MARECHAL FOCH,M,"49,0381043","3,9492263",51,2019,50.0,1.0,1.0,3.0,2148117,1.0,1,1,2,0.0,,0.0,0,1990.0,A01,138Â 301Â 522,1.0,0.0,-1.0,1640381,1.0,7,,0.0,1.0,2.0,A01,138Â 301Â 522,0.0
961140,201900002671,5,27,17:45,1,2,6,1.0,7.0,50647,CONILLOT (RUE DU),M,"48,8403800"," -1,5591900",50,2019,50.0,3.0,1.0,3.0,2148118,1.0,1,4,1,1.0,,0.0,0,1998.0,A01,138Â 301Â 521,2.0,0.0,-1.0,1640382,0.0,1,,0.0,0.0,1.0,A01,138Â 301Â 521,6.0
961141,201900002672,7,9,14:50,1,2,2,1.0,3.0,45286,AV G GALLOUX - R DE LA CORNAILLERE,M,"47,8704515","1,9322094",45,2019,50.0,1.0,1.0,4.0,2148119,1.0,1,1,1,5.0,,0.0,0,1996.0,B01,138Â 301Â 519,1.0,0.0,-1.0,1640383,3.0,7,,0.0,2.0,1.0,B01,138Â 301Â 519,1.0
961141,201900002672,7,9,14:50,1,2,2,1.0,3.0,45286,AV G GALLOUX - R DE LA CORNAILLERE,M,"47,8704515","1,9322094",45,2019,50.0,1.0,1.0,4.0,2148119,1.0,1,1,1,5.0,,0.0,0,1996.0,B01,138Â 301Â 519,1.0,0.0,-1.0,1640384,3.0,7,,0.0,2.0,8.0,A01,138Â 301Â 520,1.0
961141,201900002672,7,9,14:50,1,2,2,1.0,3.0,45286,AV G GALLOUX - R DE LA CORNAILLERE,M,"47,8704515","1,9322094",45,2019,50.0,1.0,1.0,4.0,2148120,2.0,2,4,2,5.0,,0.0,0,1944.0,A01,138Â 301Â 520,1.0,0.0,-1.0,1640383,3.0,7,,0.0,2.0,1.0,B01,138Â 301Â 519,1.0
961141,201900002672,7,9,14:50,1,2,2,1.0,3.0,45286,AV G GALLOUX - R DE LA CORNAILLERE,M,"47,8704515","1,9322094",45,2019,50.0,1.0,1.0,4.0,2148120,2.0,2,4,2,5.0,,0.0,0,1944.0,A01,138Â 301Â 520,1.0,0.0,-1.0,1640384,3.0,7,,0.0,2.0,8.0,A01,138Â 301Â 520,1.0
961141,201900002672,7,9,14:50,1,2,2,1.0,3.0,45286,AV G GALLOUX - R DE LA CORNAILLERE,M,"47,8704515","1,9322094",45,2019,50.0,1.0,1.0,4.0,2148121,1.0,1,4,2,5.0,,0.0,0,1942.0,A01,138Â 301Â 520,1.0,0.0,-1.0,1640383,3.0,7,,0.0,2.0,1.0,B01,138Â 301Â 519,1.0
961141,201900002672,7,9,14:50,1,2,2,1.0,3.0,45286,AV G GALLOUX - R DE LA CORNAILLERE,M,"47,8704515","1,9322094",45,2019,50.0,1.0,1.0,4.0,2148121,1.0,1,4,2,5.0,,0.0,0,1942.0,A01,138Â 301Â 520,1.0,0.0,-1.0,1640384,3.0,7,,0.0,2.0,8.0,A01,138Â 301Â 520,1.0
961142,201900002673,7,9,16:55,1,1,1,1.0,6.0,45302, RD 970102 - bretelle accÃ¨s tangentielle,M,"47,9400900","1,8878800",45,2019,70.0,1.0,1.0,3.0,2148122,1.0,1,4,1,0.0,,0.0,0,1967.0,A01,138Â 301Â 518,1.0,0.0,-1.0,1640385,1.0,7,,0.0,0.0,0.0,A01,138Â 301Â 518,1.0
961143,201900002674,7,9,08:10,2,2,1,7.0,6.0,45286,RUE DE LA CORNAILLERE,M,"47,8704845","1,9323103",45,2019,50.0,1.0,1.0,4.0,2148123,1.0,1,1,1,4.0,,0.0,0,1974.0,A01,138Â 301Â 517,1.0,0.0,-1.0,1640386,3.0,20,,0.0,1.0,2.0,A01,138Â 301Â 517,1.0
961143,201900002674,7,9,08:10,2,2,1,7.0,6.0,45286,RUE DE LA CORNAILLERE,M,"47,8704845","1,9323103",45,2019,50.0,1.0,1.0,4.0,2148124,10.0,3,3,1,0.0,,3.0,3,1983.0,A01,138Â 301Â 517,8.0,0.0,-1.0,1640386,3.0,20,,0.0,1.0,2.0,A01,138Â 301Â 517,1.0
961144,201900002675,7,8,09:40,1,2,1,1.0,1.0,44184,RTE DES BASSINS,M,"47,2838780"," -2,2415380",44,2019,50.0,1.0,1.0,4.0,2148125,1.0,1,3,2,5.0,,-1.0,0,1995.0,A01,138Â 301Â 515,2.0,6.0,-1.0,1640387,2.0,31,,0.0,2.0,1.0,A01,138Â 301Â 515,1.0
961144,201900002675,7,8,09:40,1,2,1,1.0,1.0,44184,RTE DES BASSINS,M,"47,2838780"," -2,2415380",44,2019,50.0,1.0,1.0,4.0,2148125,1.0,1,3,2,5.0,,-1.0,0,1995.0,A01,138Â 301Â 515,2.0,6.0,-1.0,1640388,2.0,7,,0.0,2.0,6.0,B01,138Â 301Â 516,1.0
961144,201900002675,7,8,09:40,1,2,1,1.0,1.0,44184,RTE DES BASSINS,M,"47,2838780"," -2,2415380",44,2019,50.0,1.0,1.0,4.0,2148126,2.0,2,1,2,5.0,,-1.0,0,1995.0,B01,138Â 301Â 516,1.0,8.0,-1.0,1640387,2.0,31,,0.0,2.0,1.0,A01,138Â 301Â 515,1.0
961144,201900002675,7,8,09:40,1,2,1,1.0,1.0,44184,RTE DES BASSINS,M,"47,2838780"," -2,2415380",44,2019,50.0,1.0,1.0,4.0,2148126,2.0,2,1,2,5.0,,-1.0,0,1995.0,B01,138Â 301Â 516,1.0,8.0,-1.0,1640388,2.0,7,,0.0,2.0,6.0,B01,138Â 301Â 516,1.0
961144,201900002675,7,8,09:40,1,2,1,1.0,1.0,44184,RTE DES BASSINS,M,"47,2838780"," -2,2415380",44,2019,50.0,1.0,1.0,4.0,2148127,1.0,1,1,2,5.0,,-1.0,0,1995.0,B01,138Â 301Â 516,1.0,8.0,-1.0,1640387,2.0,31,,0.0,2.0,1.0,A01,138Â 301Â 515,1.0
961144,201900002675,7,8,09:40,1,2,1,1.0,1.0,44184,RTE DES BASSINS,M,"47,2838780"," -2,2415380",44,2019,50.0,1.0,1.0,4.0,2148127,1.0,1,1,2,5.0,,-1.0,0,1995.0,B01,138Â 301Â 516,1.0,8.0,-1.0,1640388,2.0,7,,0.0,2.0,6.0,B01,138Â 301Â 516,1.0
961145,201900002676,7,9,17:30,1,2,2,1.0,3.0,37208,BELLERIE (RUE DE LA),M,"47,3502651","0,7404631",37,2019,50.0,1.0,1.0,4.0,2148128,1.0,1,1,1,9.0,,-1.0,0,1961.0,B01,138Â 301Â 511,1.0,8.0,-1.0,1640389,3.0,10,,0.0,2.0,8.0,B01,138Â 301Â 511,1.0
961145,201900002676,7,9,17:30,1,2,2,1.0,3.0,37208,BELLERIE (RUE DE LA),M,"47,3502651","0,7404631",37,2019,50.0,1.0,1.0,4.0,2148128,1.0,1,1,1,9.0,,-1.0,0,1961.0,B01,138Â 301Â 511,1.0,8.0,-1.0,1640390,3.0,1,,0.0,2.0,1.0,A01,138Â 301Â 512,5.0
961145,201900002676,7,9,17:30,1,2,2,1.0,3.0,37208,BELLERIE (RUE DE LA),M,"47,3502651","0,7404631",37,2019,50.0,1.0,1.0,4.0,2148129,1.0,1,4,2,5.0,,-1.0,0,2007.0,A01,138Â 301Â 512,2.0,0.0,-1.0,1640389,3.0,10,,0.0,2.0,8.0,B01,138Â 301Â 511,1.0
961145,201900002676,7,9,17:30,1,2,2,1.0,3.0,37208,BELLERIE (RUE DE LA),M,"47,3502651","0,7404631",37,2019,50.0,1.0,1.0,4.0,2148129,1.0,1,4,2,5.0,,-1.0,0,2007.0,A01,138Â 301Â 512,2.0,0.0,-1.0,1640390,3.0,1,,0.0,2.0,1.0,A01,138Â 301Â 512,5.0
961146,201900002677,7,8,10:01,1,2,6,1.0,7.0,36044,GIRATOIRE LUCIE AUBRAC,M,"46,8113800","1,6850200",36,2019,50.0,1.0,1.0,4.0,2148130,1.0,1,4,2,9.0,,0.0,0,2000.0,A01,138Â 301Â 510,2.0,6.0,-1.0,1640391,0.0,30,,0.0,0.0,8.0,A01,138Â 301Â 510,1.0
961147,201900002678,7,9,17:50,1,2,2,1.0,6.0,35238,JANVIER (AVENUE JEAN),M,"48,1097800"," -1,6740500",35,2019,50.0,1.0,1.0,4.0,2148131,10.0,3,4,1,9.0,,4.0,3,1997.0,A01,138Â 301Â 509,8.0,0.0,-1.0,1640392,1.0,7,,0.0,1.0,1.0,A01,138Â 301Â 509,1.0
961147,201900002678,7,9,17:50,1,2,2,1.0,6.0,35238,JANVIER (AVENUE JEAN),M,"48,1097800"," -1,6740500",35,2019,50.0,1.0,1.0,4.0,2148132,1.0,1,1,1,1.0,,-1.0, -1,1994.0,A01,138Â 301Â 509,1.0,0.0,-1.0,1640392,1.0,7,,0.0,1.0,1.0,A01,138Â 301Â 509,1.0
961148,201900002679,7,9,08:35,1,2,9,1.0,6.0,35238,MAGENTA (BD),M,"48,1043240"," -1,6735080",35,2019,30.0,1.0,1.0,4.0,2148133,1.0,1,1,1,4.0,,-1.0,0,1963.0,A01,138Â 301Â 508,8.0,0.0,-1.0,1640393,2.0,38,1.0,1.0,1.0,8.0,A01,138Â 301Â 508,1.0
961148,201900002679,7,9,08:35,1,2,9,1.0,6.0,35238,MAGENTA (BD),M,"48,1043240"," -1,6735080",35,2019,30.0,1.0,1.0,4.0,2148134,10.0,3,3,1,4.0,,1.0,1,1973.0,A01,138Â 301Â 508,8.0,0.0,-1.0,1640393,2.0,38,1.0,1.0,1.0,8.0,A01,138Â 301Â 508,1.0
961149,201900002680,7,8,17:15,1,2,2,7.0,3.0,35281,ALBERT 1ER (BD),M,"48,0902936"," -1,6927318",35,2019,50.0,1.0,1.0,4.0,2148135,1.0,1,1,1,0.0,,-1.0,0,1958.0,B01,138Â 301Â 506,1.0,0.0,-1.0,1640394,1.0,7,,0.0,1.0,2.0,B01,138Â 301Â 506,1.0
961149,201900002680,7,8,17:15,1,2,2,7.0,3.0,35281,ALBERT 1ER (BD),M,"48,0902936"," -1,6927318",35,2019,50.0,1.0,1.0,4.0,2148135,1.0,1,1,1,0.0,,-1.0,0,1958.0,B01,138Â 301Â 506,1.0,0.0,-1.0,1640395,2.0,1,,0.0,2.0,1.0,A01,138Â 301Â 507,5.0
961149,201900002680,7,8,17:15,1,2,2,7.0,3.0,35281,ALBERT 1ER (BD),M,"48,0902936"," -1,6927318",35,2019,50.0,1.0,1.0,4.0,2148136,1.0,1,4,1,1.0,,-1.0,0,1993.0,A01,138Â 301Â 507,2.0,6.0,-1.0,1640394,1.0,7,,0.0,1.0,2.0,B01,138Â 301Â 506,1.0
961149,201900002680,7,8,17:15,1,2,2,7.0,3.0,35281,ALBERT 1ER (BD),M,"48,0902936"," -1,6927318",35,2019,50.0,1.0,1.0,4.0,2148136,1.0,1,4,1,1.0,,-1.0,0,1993.0,A01,138Â 301Â 507,2.0,6.0,-1.0,1640395,2.0,1,,0.0,2.0,1.0,A01,138Â 301Â 507,5.0
961150,201900002681,7,8,08:50,1,1,1,1.0,4.0,35206,ROCADE 6-7,M,"48,0797900"," -1,6833800",35,2019,90.0,1.0,1.0,2.0,2148137,1.0,1,4,2,1.0,,-1.0, -1,1988.0,C01,138Â 301Â 503,1.0,0.0,-1.0,1640396,2.0,7,,0.0,2.0,4.0,C01,138Â 301Â 503,1.0
961150,201900002681,7,8,08:50,1,1,1,1.0,4.0,35206,ROCADE 6-7,M,"48,0797900"," -1,6833800",35,2019,90.0,1.0,1.0,2.0,2148137,1.0,1,4,2,1.0,,-1.0, -1,1988.0,C01,138Â 301Â 503,1.0,0.0,-1.0,1640397,2.0,7,,0.0,2.0,4.0,B01,138Â 301Â 504,1.0
961150,201900002681,7,8,08:50,1,1,1,1.0,4.0,35206,ROCADE 6-7,M,"48,0797900"," -1,6833800",35,2019,90.0,1.0,1.0,2.0,2148137,1.0,1,4,2,1.0,,-1.0, -1,1988.0,C01,138Â 301Â 503,1.0,0.0,-1.0,1640398,2.0,10,,0.0,2.0,1.0,A01,138Â 301Â 505,1.0
961150,201900002681,7,8,08:50,1,1,1,1.0,4.0,35206,ROCADE 6-7,M,"48,0797900"," -1,6833800",35,2019,90.0,1.0,1.0,2.0,2148138,1.0,1,1,1,1.0,,-1.0,0,1962.0,B01,138Â 301Â 504,1.0,4.0,-1.0,1640396,2.0,7,,0.0,2.0,4.0,C01,138Â 301Â 503,1.0
961150,201900002681,7,8,08:50,1,1,1,1.0,4.0,35206,ROCADE 6-7,M,"48,0797900"," -1,6833800",35,2019,90.0,1.0,1.0,2.0,2148138,1.0,1,1,1,1.0,,-1.0,0,1962.0,B01,138Â 301Â 504,1.0,4.0,-1.0,1640397,2.0,7,,0.0,2.0,4.0,B01,138Â 301Â 504,1.0
961150,201900002681,7,8,08:50,1,1,1,1.0,4.0,35206,ROCADE 6-7,M,"48,0797900"," -1,6833800",35,2019,90.0,1.0,1.0,2.0,2148138,1.0,1,1,1,1.0,,-1.0,0,1962.0,B01,138Â 301Â 504,1.0,4.0,-1.0,1640398,2.0,10,,0.0,2.0,1.0,A01,138Â 301Â 505,1.0
961150,201900002681,7,8,08:50,1,1,1,1.0,4.0,35206,ROCADE 6-7,M,"48,0797900"," -1,6833800",35,2019,90.0,1.0,1.0,2.0,2148139,1.0,1,4,1,1.0,,-1.0,0,1975.0,A01,138Â 301Â 505,1.0,8.0,-1.0,1640396,2.0,7,,0.0,2.0,4.0,C01,138Â 301Â 503,1.0
961150,201900002681,7,8,08:50,1,1,1,1.0,4.0,35206,ROCADE 6-7,M,"48,0797900"," -1,6833800",35,2019,90.0,1.0,1.0,2.0,2148139,1.0,1,4,1,1.0,,-1.0,0,1975.0,A01,138Â 301Â 505,1.0,8.0,-1.0,1640397,2.0,7,,0.0,2.0,4.0,B01,138Â 301Â 504,1.0
961150,201900002681,7,8,08:50,1,1,1,1.0,4.0,35206,ROCADE 6-7,M,"48,0797900"," -1,6833800",35,2019,90.0,1.0,1.0,2.0,2148139,1.0,1,4,1,1.0,,-1.0,0,1975.0,A01,138Â 301Â 505,1.0,8.0,-1.0,1640398,2.0,10,,0.0,2.0,1.0,A01,138Â 301Â 505,1.0
961151,201900002682,7,9,16:50,1,2,9,1.0,2.0,34172,GANGES (ROUTE DE,M,"43,6462900","3,8422400",34,2019,70.0,1.0,1.0,3.0,2148140,1.0,1,4,2,5.0,,0.0,0,1983.0,B01,138Â 301Â 501,1.0,8.0,-1.0,1640399,1.0,7,,0.0,2.0,1.0,B01,138Â 301Â 501,1.0
961151,201900002682,7,9,16:50,1,2,9,1.0,2.0,34172,GANGES (ROUTE DE,M,"43,6462900","3,8422400",34,2019,70.0,1.0,1.0,3.0,2148140,1.0,1,4,2,5.0,,0.0,0,1983.0,B01,138Â 301Â 501,1.0,8.0,-1.0,1640400,1.0,7,,0.0,2.0,6.0,A01,138Â 301Â 502,1.0
961151,201900002682,7,9,16:50,1,2,9,1.0,2.0,34172,GANGES (ROUTE DE,M,"43,6462900","3,8422400",34,2019,70.0,1.0,1.0,3.0,2148141,1.0,1,4,2,5.0,,0.0,0,1994.0,A01,138Â 301Â 502,1.0,8.0,-1.0,1640399,1.0,7,,0.0,2.0,1.0,B01,138Â 301Â 501,1.0
961151,201900002682,7,9,16:50,1,2,9,1.0,2.0,34172,GANGES (ROUTE DE,M,"43,6462900","3,8422400",34,2019,70.0,1.0,1.0,3.0,2148141,1.0,1,4,2,5.0,,0.0,0,1994.0,A01,138Â 301Â 502,1.0,8.0,-1.0,1640400,1.0,7,,0.0,2.0,6.0,A01,138Â 301Â 502,1.0
961152,201900002683,7,9,13:10,1,2,9,1.0,3.0,34172,PONT DE LATTES (RUE DU),M,"43,6042871","3,8835333",34,2019,50.0,1.0,2.0,4.0,2148142,1.0,1,4,1,9.0,,0.0,0,1988.0,B01,138Â 301Â 499,8.0,0.0,-1.0,1640401,1.0,1,,0.0,2.0,0.0,B01,138Â 301Â 499,0.0
961152,201900002683,7,9,13:10,1,2,9,1.0,3.0,34172,PONT DE LATTES (RUE DU),M,"43,6042871","3,8835333",34,2019,50.0,1.0,2.0,4.0,2148142,1.0,1,4,1,9.0,,0.0,0,1988.0,B01,138Â 301Â 499,8.0,0.0,-1.0,1640402,1.0,7,,0.0,1.0,0.0,A01,138Â 301Â 500,6.0
961152,201900002683,7,9,13:10,1,2,9,1.0,3.0,34172,PONT DE LATTES (RUE DU),M,"43,6042871","3,8835333",34,2019,50.0,1.0,2.0,4.0,2148143,1.0,1,1,1,4.0,,0.0,0,1988.0,A01,138Â 301Â 500,1.0,0.0,-1.0,1640401,1.0,1,,0.0,2.0,0.0,B01,138Â 301Â 499,0.0
961152,201900002683,7,9,13:10,1,2,9,1.0,3.0,34172,PONT DE LATTES (RUE DU),M,"43,6042871","3,8835333",34,2019,50.0,1.0,2.0,4.0,2148143,1.0,1,1,1,4.0,,0.0,0,1988.0,A01,138Â 301Â 500,1.0,0.0,-1.0,1640402,1.0,7,,0.0,1.0,0.0,A01,138Â 301Â 500,6.0
961153,201900002684,7,8,18:35,1,1,1,1.0,3.0,34003,NEUF AGDE-LA TAMARISSIERE (L6 A G10,M,"43,3051900","3,4575600",34,2019,70.0,1.0,1.0,4.0,2148144,1.0,1,3,1,0.0,,0.0,0,1992.0,A01,138Â 301Â 497,2.0,6.0,-1.0,1640403,0.0,32,,0.0,2.0,2.0,A01,138Â 301Â 497,1.0
961153,201900002684,7,8,18:35,1,1,1,1.0,3.0,34003,NEUF AGDE-LA TAMARISSIERE (L6 A G10,M,"43,3051900","3,4575600",34,2019,70.0,1.0,1.0,4.0,2148144,1.0,1,3,1,0.0,,0.0,0,1992.0,A01,138Â 301Â 497,2.0,6.0,-1.0,1640404,0.0,7,,0.0,2.0,8.0,B01,138Â 301Â 498,1.0
961153,201900002684,7,8,18:35,1,1,1,1.0,3.0,34003,NEUF AGDE-LA TAMARISSIERE (L6 A G10,M,"43,3051900","3,4575600",34,2019,70.0,1.0,1.0,4.0,2148145,1.0,1,1,1,5.0,,0.0,0,1975.0,B01,138Â 301Â 498,1.0,8.0,-1.0,1640403,0.0,32,,0.0,2.0,2.0,A01,138Â 301Â 497,1.0
961153,201900002684,7,8,18:35,1,1,1,1.0,3.0,34003,NEUF AGDE-LA TAMARISSIERE (L6 A G10,M,"43,3051900","3,4575600",34,2019,70.0,1.0,1.0,4.0,2148145,1.0,1,1,1,5.0,,0.0,0,1975.0,B01,138Â 301Â 498,1.0,8.0,-1.0,1640404,0.0,7,,0.0,2.0,8.0,B01,138Â 301Â 498,1.0
961154,201900002685,6,14,19:00,1,2,2,1.0,3.0,33063,CRS PORTAL,M,"44,8543100"," -0,5722400",33,2019,50.0,1.0,1.0,4.0,2148146,1.0,1,4,1,1.0,,0.0,0,1999.0,B01,138Â 301Â 495,2.0,8.0,-1.0,1640405,1.0,30,,0.0,2.0,5.0,B01,138Â 301Â 495,1.0
961154,201900002685,6,14,19:00,1,2,2,1.0,3.0,33063,CRS PORTAL,M,"44,8543100"," -0,5722400",33,2019,50.0,1.0,1.0,4.0,2148146,1.0,1,4,1,1.0,,0.0,0,1999.0,B01,138Â 301Â 495,2.0,8.0,-1.0,1640406,1.0,7,,0.0,2.0,3.0,A01,138Â 301Â 496,1.0
961154,201900002685,6,14,19:00,1,2,2,1.0,3.0,33063,CRS PORTAL,M,"44,8543100"," -0,5722400",33,2019,50.0,1.0,1.0,4.0,2148147,1.0,1,1,1,0.0,,0.0,0,1991.0,A01,138Â 301Â 496,1.0,0.0,-1.0,1640405,1.0,30,,0.0,2.0,5.0,B01,138Â 301Â 495,1.0
961154,201900002685,6,14,19:00,1,2,2,1.0,3.0,33063,CRS PORTAL,M,"44,8543100"," -0,5722400",33,2019,50.0,1.0,1.0,4.0,2148147,1.0,1,1,1,0.0,,0.0,0,1991.0,A01,138Â 301Â 496,1.0,0.0,-1.0,1640406,1.0,7,,0.0,2.0,3.0,A01,138Â 301Â 496,1.0