Unnamed: 0_x,num_acc,mois,jour,hrmn,lum,agg,int,atm,col,com,adr,gps,lat,long,dep,annee,vma,situ,surf,catr,Unnamed: 0_y,place,catu,grav,sexe,trajet,secu,locp,actp,an_nais,num_veh_x,id_vehicule_x,secu1,secu2,secu3,Unnamed: 0,senc,catv,occutc,obs,obsm,choc,num_veh_y,id_vehicule_y,motor
961155,201900002686,7,8,23:05,5,2,2,1.0,3.0,33069,Bd Pierre 1er / Av de Tivoli,M,"44,8570500"," -0,5911200",33,2019,50.0,1.0,1.0,4.0,2148148,1.0,1,2,1,5.0,,-1.0, -1,1999.0,A01,138Â 301Â 493,2.0,0.0,-1.0,1640407,1.0,30,,0.0,2.0,1.0,A01,138Â 301Â 493,1.0
961155,201900002686,7,8,23:05,5,2,2,1.0,3.0,33069,Bd Pierre 1er / Av de Tivoli,M,"44,8570500"," -0,5911200",33,2019,50.0,1.0,1.0,4.0,2148148,1.0,1,2,1,5.0,,-1.0, -1,1999.0,A01,138Â 301Â 493,2.0,0.0,-1.0,1640408,2.0,7,,0.0,2.0,1.0,B01,138Â 301Â 494,1.0
961155,201900002686,7,8,23:05,5,2,2,1.0,3.0,33069,Bd Pierre 1er / Av de Tivoli,M,"44,8570500"," -0,5911200",33,2019,50.0,1.0,1.0,4.0,2148149,1.0,1,1,1,5.0,,-1.0, -1,1996.0,B01,138Â 301Â 494,1.0,0.0,-1.0,1640407,1.0,30,,0.0,2.0,1.0,A01,138Â 301Â 493,1.0
961155,201900002686,7,8,23:05,5,2,2,1.0,3.0,33069,Bd Pierre 1er / Av de Tivoli,M,"44,8570500"," -0,5911200",33,2019,50.0,1.0,1.0,4.0,2148149,1.0,1,1,1,5.0,,-1.0, -1,1996.0,B01,138Â 301Â 494,1.0,0.0,-1.0,1640408,2.0,7,,0.0,2.0,1.0,B01,138Â 301Â 494,1.0
961156,201900002687,7,8,19:45,1,2,2,1.0,3.0,33063,Fin du Pont Jacques Chaban Delmas - sens Quai de Brazza vers Bacalan,M,"44,8601700"," -0,5535500",33,2019,50.0,8.0,1.0,4.0,2148150,1.0,1,4,1,5.0,,0.0,0,2000.0,A01,138Â 301Â 491,1.0,0.0,-1.0,1640409,2.0,7,,12.0,0.0,1.0,A01,138Â 301Â 491,1.0
961156,201900002687,7,8,19:45,1,2,2,1.0,3.0,33063,Fin du Pont Jacques Chaban Delmas - sens Quai de Brazza vers Bacalan,M,"44,8601700"," -0,5535500",33,2019,50.0,8.0,1.0,4.0,2148150,1.0,1,4,1,5.0,,0.0,0,2000.0,A01,138Â 301Â 491,1.0,0.0,-1.0,1640410,2.0,7,,0.0,0.0,0.0,Z01,138Â 301Â 492,1.0
961156,201900002687,7,8,19:45,1,2,2,1.0,3.0,33063,Fin du Pont Jacques Chaban Delmas - sens Quai de Brazza vers Bacalan,M,"44,8601700"," -0,5535500",33,2019,50.0,8.0,1.0,4.0,2148151,2.0,2,1,1,5.0,,-1.0, -1,2000.0,A01,138Â 301Â 491,1.0,-1.0,-1.0,1640409,2.0,7,,12.0,0.0,1.0,A01,138Â 301Â 491,1.0
961156,201900002687,7,8,19:45,1,2,2,1.0,3.0,33063,Fin du Pont Jacques Chaban Delmas - sens Quai de Brazza vers Bacalan,M,"44,8601700"," -0,5535500",33,2019,50.0,8.0,1.0,4.0,2148151,2.0,2,1,1,5.0,,-1.0, -1,2000.0,A01,138Â 301Â 491,1.0,-1.0,-1.0,1640410,2.0,7,,0.0,0.0,0.0,Z01,138Â 301Â 492,1.0
961157,201900002688,7,7,00:25,5,2,1,1.0,6.0,33550,RUE DE CHAMBERY,M,"44,7638300"," -0,5630600",33,2019,50.0,1.0,1.0,4.0,2148152,1.0,1,4,1,0.0,,-1.0, -1,1991.0,A01,138Â 301Â 490,8.0,0.0,-1.0,1640411,0.0,7,,1.0,0.0,3.0,A01,138Â 301Â 490,1.0
961158,201900002689,7,8,10:20,1,2,3,1.0,3.0,33063,Crs Victor Hugo / Pl de la Ferme de Richemont,M,"44,8349960"," -0,5720710",33,2019,30.0,1.0,1.0,4.0,2148153,1.0,1,1,1,5.0,,0.0,0,1944.0,A01,138Â 301Â 488,1.0,0.0,-1.0,1640412,2.0,7,,0.0,2.0,3.0,A01,138Â 301Â 488,1.0
961158,201900002689,7,8,10:20,1,2,3,1.0,3.0,33063,Crs Victor Hugo / Pl de la Ferme de Richemont,M,"44,8349960"," -0,5720710",33,2019,30.0,1.0,1.0,4.0,2148153,1.0,1,1,1,5.0,,0.0,0,1944.0,A01,138Â 301Â 488,1.0,0.0,-1.0,1640413,1.0,32,,0.0,2.0,6.0,B01,138Â 301Â 489,1.0
961158,201900002689,7,8,10:20,1,2,3,1.0,3.0,33063,Crs Victor Hugo / Pl de la Ferme de Richemont,M,"44,8349960"," -0,5720710",33,2019,30.0,1.0,1.0,4.0,2148154,1.0,1,3,1,5.0,,0.0,0,1975.0,B01,138Â 301Â 489,8.0,0.0,-1.0,1640412,2.0,7,,0.0,2.0,3.0,A01,138Â 301Â 488,1.0
961158,201900002689,7,8,10:20,1,2,3,1.0,3.0,33063,Crs Victor Hugo / Pl de la Ferme de Richemont,M,"44,8349960"," -0,5720710",33,2019,30.0,1.0,1.0,4.0,2148154,1.0,1,3,1,5.0,,0.0,0,1975.0,B01,138Â 301Â 489,8.0,0.0,-1.0,1640413,1.0,32,,0.0,2.0,6.0,B01,138Â 301Â 489,1.0
961159,201900002690,7,8,17:58,1,2,1,1.0,3.0,31555,EISENHOWER (AVENUE DU GENERAL),M,"43,5589500","1,3985100",31,2019,30.0,1.0,1.0,3.0,2148155,1.0,1,4,1,1.0,,-1.0,0,1988.0,B01,138Â 301Â 486,2.0,0.0,-1.0,1640414,2.0,33,,0.0,2.0,8.0,B01,138Â 301Â 486,1.0
961159,201900002690,7,8,17:58,1,2,1,1.0,3.0,31555,EISENHOWER (AVENUE DU GENERAL),M,"43,5589500","1,3985100",31,2019,30.0,1.0,1.0,3.0,2148155,1.0,1,4,1,1.0,,-1.0,0,1988.0,B01,138Â 301Â 486,2.0,0.0,-1.0,1640415,1.0,7,,0.0,2.0,1.0,A01,138Â 301Â 487,1.0
961159,201900002690,7,8,17:58,1,2,1,1.0,3.0,31555,EISENHOWER (AVENUE DU GENERAL),M,"43,5589500","1,3985100",31,2019,30.0,1.0,1.0,3.0,2148156,1.0,1,1,2,1.0,,-1.0,0,1969.0,A01,138Â 301Â 487,1.0,0.0,-1.0,1640414,2.0,33,,0.0,2.0,8.0,B01,138Â 301Â 486,1.0
961159,201900002690,7,8,17:58,1,2,1,1.0,3.0,31555,EISENHOWER (AVENUE DU GENERAL),M,"43,5589500","1,3985100",31,2019,30.0,1.0,1.0,3.0,2148156,1.0,1,1,2,1.0,,-1.0,0,1969.0,A01,138Â 301Â 487,1.0,0.0,-1.0,1640415,1.0,7,,0.0,2.0,1.0,A01,138Â 301Â 487,1.0
961160,201900002691,7,8,07:40,1,1,1,1.0,5.0,31557,RAMELET MOUNDI (CH DE),M,"43,5797300","1,3606900",31,2019,50.0,1.0,1.0,3.0,2148157,1.0,1,4,1,9.0,,-1.0,0,1996.0,E01,138Â 301Â 481,1.0,8.0,-1.0,1640416,2.0,7,,0.0,2.0,1.0,E01,138Â 301Â 481,1.0
961160,201900002691,7,8,07:40,1,1,1,1.0,5.0,31557,RAMELET MOUNDI (CH DE),M,"43,5797300","1,3606900",31,2019,50.0,1.0,1.0,3.0,2148157,1.0,1,4,1,9.0,,-1.0,0,1996.0,E01,138Â 301Â 481,1.0,8.0,-1.0,1640417,2.0,7,,0.0,2.0,3.0,D01,138Â 301Â 482,1.0
961160,201900002691,7,8,07:40,1,1,1,1.0,5.0,31557,RAMELET MOUNDI (CH DE),M,"43,5797300","1,3606900",31,2019,50.0,1.0,1.0,3.0,2148157,1.0,1,4,1,9.0,,-1.0,0,1996.0,E01,138Â 301Â 481,1.0,8.0,-1.0,1640418,2.0,14,,0.0,2.0,8.0,C01,138Â 301Â 483,1.0
961160,201900002691,7,8,07:40,1,1,1,1.0,5.0,31557,RAMELET MOUNDI (CH DE),M,"43,5797300","1,3606900",31,2019,50.0,1.0,1.0,3.0,2148157,1.0,1,4,1,9.0,,-1.0,0,1996.0,E01,138Â 301Â 481,1.0,8.0,-1.0,1640419,2.0,7,,0.0,2.0,3.0,B01,138Â 301Â 484,1.0
961160,201900002691,7,8,07:40,1,1,1,1.0,5.0,31557,RAMELET MOUNDI (CH DE),M,"43,5797300","1,3606900",31,2019,50.0,1.0,1.0,3.0,2148157,1.0,1,4,1,9.0,,-1.0,0,1996.0,E01,138Â 301Â 481,1.0,8.0,-1.0,1640420,1.0,7,,0.0,2.0,9.0,A01,138Â 301Â 485,1.0
961160,201900002691,7,8,07:40,1,1,1,1.0,5.0,31557,RAMELET MOUNDI (CH DE),M,"43,5797300","1,3606900",31,2019,50.0,1.0,1.0,3.0,2148158,1.0,1,1,1,9.0,,-1.0,0,1972.0,D01,138Â 301Â 482,1.0,8.0,-1.0,1640416,2.0,7,,0.0,2.0,1.0,E01,138Â 301Â 481,1.0
961160,201900002691,7,8,07:40,1,1,1,1.0,5.0,31557,RAMELET MOUNDI (CH DE),M,"43,5797300","1,3606900",31,2019,50.0,1.0,1.0,3.0,2148158,1.0,1,1,1,9.0,,-1.0,0,1972.0,D01,138Â 301Â 482,1.0,8.0,-1.0,1640417,2.0,7,,0.0,2.0,3.0,D01,138Â 301Â 482,1.0
961160,201900002691,7,8,07:40,1,1,1,1.0,5.0,31557,RAMELET MOUNDI (CH DE),M,"43,5797300","1,3606900",31,2019,50.0,1.0,1.0,3.0,2148158,1.0,1,1,1,9.0,,-1.0,0,1972.0,D01,138Â 301Â 482,1.0,8.0,-1.0,1640418,2.0,14,,0.0,2.0,8.0,C01,138Â 301Â 483,1.0
961160,201900002691,7,8,07:40,1,1,1,1.0,5.0,31557,RAMELET MOUNDI (CH DE),M,"43,5797300","1,3606900",31,2019,50.0,1.0,1.0,3.0,2148158,1.0,1,1,1,9.0,,-1.0,0,1972.0,D01,138Â 301Â 482,1.0,8.0,-1.0,1640419,2.0,7,,0.0,2.0,3.0,B01,138Â 301Â 484,1.0
961160,201900002691,7,8,07:40,1,1,1,1.0,5.0,31557,RAMELET MOUNDI (CH DE),M,"43,5797300","1,3606900",31,2019,50.0,1.0,1.0,3.0,2148158,1.0,1,1,1,9.0,,-1.0,0,1972.0,D01,138Â 301Â 482,1.0,8.0,-1.0,1640420,1.0,7,,0.0,2.0,9.0,A01,138Â 301Â 485,1.0
961160,201900002691,7,8,07:40,1,1,1,1.0,5.0,31557,RAMELET MOUNDI (CH DE),M,"43,5797300","1,3606900",31,2019,50.0,1.0,1.0,3.0,2148159,1.0,1,1,1,4.0,,-1.0,0,1961.0,C01,138Â 301Â 483,1.0,7.0,-1.0,1640416,2.0,7,,0.0,2.0,1.0,E01,138Â 301Â 481,1.0
961160,201900002691,7,8,07:40,1,1,1,1.0,5.0,31557,RAMELET MOUNDI (CH DE),M,"43,5797300","1,3606900",31,2019,50.0,1.0,1.0,3.0,2148159,1.0,1,1,1,4.0,,-1.0,0,1961.0,C01,138Â 301Â 483,1.0,7.0,-1.0,1640417,2.0,7,,0.0,2.0,3.0,D01,138Â 301Â 482,1.0
961160,201900002691,7,8,07:40,1,1,1,1.0,5.0,31557,RAMELET MOUNDI (CH DE),M,"43,5797300","1,3606900",31,2019,50.0,1.0,1.0,3.0,2148159,1.0,1,1,1,4.0,,-1.0,0,1961.0,C01,138Â 301Â 483,1.0,7.0,-1.0,1640418,2.0,14,,0.0,2.0,8.0,C01,138Â 301Â 483,1.0
961160,201900002691,7,8,07:40,1,1,1,1.0,5.0,31557,RAMELET MOUNDI (CH DE),M,"43,5797300","1,3606900",31,2019,50.0,1.0,1.0,3.0,2148159,1.0,1,1,1,4.0,,-1.0,0,1961.0,C01,138Â 301Â 483,1.0,7.0,-1.0,1640419,2.0,7,,0.0,2.0,3.0,B01,138Â 301Â 484,1.0
961160,201900002691,7,8,07:40,1,1,1,1.0,5.0,31557,RAMELET MOUNDI (CH DE),M,"43,5797300","1,3606900",31,2019,50.0,1.0,1.0,3.0,2148159,1.0,1,1,1,4.0,,-1.0,0,1961.0,C01,138Â 301Â 483,1.0,7.0,-1.0,1640420,1.0,7,,0.0,2.0,9.0,A01,138Â 301Â 485,1.0
961160,201900002691,7,8,07:40,1,1,1,1.0,5.0,31557,RAMELET MOUNDI (CH DE),M,"43,5797300","1,3606900",31,2019,50.0,1.0,1.0,3.0,2148160,1.0,1,1,1,9.0,,-1.0,0,1960.0,B01,138Â 301Â 484,1.0,8.0,-1.0,1640416,2.0,7,,0.0,2.0,1.0,E01,138Â 301Â 481,1.0
961160,201900002691,7,8,07:40,1,1,1,1.0,5.0,31557,RAMELET MOUNDI (CH DE),M,"43,5797300","1,3606900",31,2019,50.0,1.0,1.0,3.0,2148160,1.0,1,1,1,9.0,,-1.0,0,1960.0,B01,138Â 301Â 484,1.0,8.0,-1.0,1640417,2.0,7,,0.0,2.0,3.0,D01,138Â 301Â 482,1.0
961160,201900002691,7,8,07:40,1,1,1,1.0,5.0,31557,RAMELET MOUNDI (CH DE),M,"43,5797300","1,3606900",31,2019,50.0,1.0,1.0,3.0,2148160,1.0,1,1,1,9.0,,-1.0,0,1960.0,B01,138Â 301Â 484,1.0,8.0,-1.0,1640418,2.0,14,,0.0,2.0,8.0,C01,138Â 301Â 483,1.0
961160,201900002691,7,8,07:40,1,1,1,1.0,5.0,31557,RAMELET MOUNDI (CH DE),M,"43,5797300","1,3606900",31,2019,50.0,1.0,1.0,3.0,2148160,1.0,1,1,1,9.0,,-1.0,0,1960.0,B01,138Â 301Â 484,1.0,8.0,-1.0,1640419,2.0,7,,0.0,2.0,3.0,B01,138Â 301Â 484,1.0
961160,201900002691,7,8,07:40,1,1,1,1.0,5.0,31557,RAMELET MOUNDI (CH DE),M,"43,5797300","1,3606900",31,2019,50.0,1.0,1.0,3.0,2148160,1.0,1,1,1,9.0,,-1.0,0,1960.0,B01,138Â 301Â 484,1.0,8.0,-1.0,1640420,1.0,7,,0.0,2.0,9.0,A01,138Â 301Â 485,1.0
961160,201900002691,7,8,07:40,1,1,1,1.0,5.0,31557,RAMELET MOUNDI (CH DE),M,"43,5797300","1,3606900",31,2019,50.0,1.0,1.0,3.0,2148161,1.0,1,4,1,5.0,,-1.0,0,1992.0,A01,138Â 301Â 485,1.0,8.0,-1.0,1640416,2.0,7,,0.0,2.0,1.0,E01,138Â 301Â 481,1.0
961160,201900002691,7,8,07:40,1,1,1,1.0,5.0,31557,RAMELET MOUNDI (CH DE),M,"43,5797300","1,3606900",31,2019,50.0,1.0,1.0,3.0,2148161,1.0,1,4,1,5.0,,-1.0,0,1992.0,A01,138Â 301Â 485,1.0,8.0,-1.0,1640417,2.0,7,,0.0,2.0,3.0,D01,138Â 301Â 482,1.0
961160,201900002691,7,8,07:40,1,1,1,1.0,5.0,31557,RAMELET MOUNDI (CH DE),M,"43,5797300","1,3606900",31,2019,50.0,1.0,1.0,3.0,2148161,1.0,1,4,1,5.0,,-1.0,0,1992.0,A01,138Â 301Â 485,1.0,8.0,-1.0,1640418,2.0,14,,0.0,2.0,8.0,C01,138Â 301Â 483,1.0
961160,201900002691,7,8,07:40,1,1,1,1.0,5.0,31557,RAMELET MOUNDI (CH DE),M,"43,5797300","1,3606900",31,2019,50.0,1.0,1.0,3.0,2148161,1.0,1,4,1,5.0,,-1.0,0,1992.0,A01,138Â 301Â 485,1.0,8.0,-1.0,1640419,2.0,7,,0.0,2.0,3.0,B01,138Â 301Â 484,1.0
961160,201900002691,7,8,07:40,1,1,1,1.0,5.0,31557,RAMELET MOUNDI (CH DE),M,"43,5797300","1,3606900",31,2019,50.0,1.0,1.0,3.0,2148161,1.0,1,4,1,5.0,,-1.0,0,1992.0,A01,138Â 301Â 485,1.0,8.0,-1.0,1640420,1.0,7,,0.0,2.0,9.0,A01,138Â 301Â 485,1.0
961161,201900002692,7,9,13:05,1,2,6,1.0,7.0,29232,FRUGY Rond-Point du,M,"47,9876900"," -4,1085700",29,2019,50.0,1.0,1.0,4.0,2148162,1.0,1,4,1,4.0,,-1.0,0,1997.0,A01,138Â 301Â 480,2.0,6.0,-1.0,1640421,3.0,30,,0.0,0.0,7.0,A01,138Â 301Â 480,1.0
961162,201900002693,5,22,18:25,1,2,6,1.0,3.0,29019,PEN AR CH'LEUZ (ROND POINT),M,"48,4143353"," -4,4788085",29,2019,50.0,1.0,1.0,4.0,2148163,1.0,1,1,1,1.0,,-1.0,0,1970.0,A01,138Â 301Â 478,1.0,8.0,-1.0,1640422,1.0,7,,0.0,2.0,6.0,A01,138Â 301Â 478,1.0
961162,201900002693,5,22,18:25,1,2,6,1.0,3.0,29019,PEN AR CH'LEUZ (ROND POINT),M,"48,4143353"," -4,4788085",29,2019,50.0,1.0,1.0,4.0,2148163,1.0,1,1,1,1.0,,-1.0,0,1970.0,A01,138Â 301Â 478,1.0,8.0,-1.0,1640423,1.0,33,,0.0,2.0,1.0,B01,138Â 301Â 479,1.0
961162,201900002693,5,22,18:25,1,2,6,1.0,3.0,29019,PEN AR CH'LEUZ (ROND POINT),M,"48,4143353"," -4,4788085",29,2019,50.0,1.0,1.0,4.0,2148164,1.0,1,4,1,1.0,,0.0,0,1993.0,B01,138Â 301Â 479,2.0,8.0,-1.0,1640422,1.0,7,,0.0,2.0,6.0,A01,138Â 301Â 478,1.0
961162,201900002693,5,22,18:25,1,2,6,1.0,3.0,29019,PEN AR CH'LEUZ (ROND POINT),M,"48,4143353"," -4,4788085",29,2019,50.0,1.0,1.0,4.0,2148164,1.0,1,4,1,1.0,,0.0,0,1993.0,B01,138Â 301Â 479,2.0,8.0,-1.0,1640423,1.0,33,,0.0,2.0,1.0,B01,138Â 301Â 479,1.0
961163,201900002694,5,2,20:08,1,2,1,1.0,2.0,29019,COLLET YVES (DE 1 A 27 ET 2 A 26),M,"48,3922400"," -4,4797900",29,2019,50.0,1.0,1.0,4.0,2148165,1.0,1,4,1,4.0,,0.0,0,1994.0,A01,138Â 301Â 476,2.0,8.0,-1.0,1640424,1.0,30,,0.0,2.0,3.0,A01,138Â 301Â 476,1.0
961163,201900002694,5,2,20:08,1,2,1,1.0,2.0,29019,COLLET YVES (DE 1 A 27 ET 2 A 26),M,"48,3922400"," -4,4797900",29,2019,50.0,1.0,1.0,4.0,2148165,1.0,1,4,1,4.0,,0.0,0,1994.0,A01,138Â 301Â 476,2.0,8.0,-1.0,1640425,1.0,7,,0.0,2.0,2.0,B01,138Â 301Â 477,0.0
961163,201900002694,5,2,20:08,1,2,1,1.0,2.0,29019,COLLET YVES (DE 1 A 27 ET 2 A 26),M,"48,3922400"," -4,4797900",29,2019,50.0,1.0,1.0,4.0,2148166,1.0,1,1,2,1.0,,-1.0,0,1983.0,B01,138Â 301Â 477,1.0,0.0,-1.0,1640424,1.0,30,,0.0,2.0,3.0,A01,138Â 301Â 476,1.0
961163,201900002694,5,2,20:08,1,2,1,1.0,2.0,29019,COLLET YVES (DE 1 A 27 ET 2 A 26),M,"48,3922400"," -4,4797900",29,2019,50.0,1.0,1.0,4.0,2148166,1.0,1,1,2,1.0,,-1.0,0,1983.0,B01,138Â 301Â 477,1.0,0.0,-1.0,1640425,1.0,7,,0.0,2.0,2.0,B01,138Â 301Â 477,0.0
961164,201900002695,7,6,18:20,1,2,1,1.0,2.0,28404,ROME (RUE DE),M,"48,7179000","1,3714000",28,2019,50.0,1.0,1.0,4.0,2148167,1.0,1,4,2,0.0,,-1.0, -1,1977.0,B01,138Â 301Â 474,1.0,0.0,-1.0,1640426,3.0,7,,0.0,2.0,0.0,B01,138Â 301Â 474,0.0
961164,201900002695,7,6,18:20,1,2,1,1.0,2.0,28404,ROME (RUE DE),M,"48,7179000","1,3714000",28,2019,50.0,1.0,1.0,4.0,2148167,1.0,1,4,2,0.0,,-1.0, -1,1977.0,B01,138Â 301Â 474,1.0,0.0,-1.0,1640427,3.0,7,,0.0,2.0,0.0,A01,138Â 301Â 475,0.0
961164,201900002695,7,6,18:20,1,2,1,1.0,2.0,28404,ROME (RUE DE),M,"48,7179000","1,3714000",28,2019,50.0,1.0,1.0,4.0,2148168,1.0,1,1,1,0.0,,-1.0, -1,1992.0,A01,138Â 301Â 475,1.0,0.0,-1.0,1640426,3.0,7,,0.0,2.0,0.0,B01,138Â 301Â 474,0.0
961164,201900002695,7,6,18:20,1,2,1,1.0,2.0,28404,ROME (RUE DE),M,"48,7179000","1,3714000",28,2019,50.0,1.0,1.0,4.0,2148168,1.0,1,1,1,0.0,,-1.0, -1,1992.0,A01,138Â 301Â 475,1.0,0.0,-1.0,1640427,3.0,7,,0.0,2.0,0.0,A01,138Â 301Â 475,0.0
961165,201900002696,7,6,14:00,1,2,1,1.0,3.0,22360,RD 700,M,"48,4930900"," -2,7626764",22,2019,50.0,1.0,2.0,3.0,2148169,1.0,1,1,1,0.0,,0.0,0,1960.0,Z01,138Â 301Â 472,1.0,0.0,-1.0,1640428,2.0,7,,0.0,2.0,0.0,Z01,138Â 301Â 472,1.0
961165,201900002696,7,6,14:00,1,2,1,1.0,3.0,22360,RD 700,M,"48,4930900"," -2,7626764",22,2019,50.0,1.0,2.0,3.0,2148169,1.0,1,1,1,0.0,,0.0,0,1960.0,Z01,138Â 301Â 472,1.0,0.0,-1.0,1640429,1.0,7,,0.0,2.0,0.0,A01,138Â 301Â 473,1.0
961165,201900002696,7,6,14:00,1,2,1,1.0,3.0,22360,RD 700,M,"48,4930900"," -2,7626764",22,2019,50.0,1.0,2.0,3.0,2148170,1.0,1,4,2,5.0,,0.0,0,1987.0,A01,138Â 301Â 473,1.0,0.0,-1.0,1640428,2.0,7,,0.0,2.0,0.0,Z01,138Â 301Â 472,1.0
961165,201900002696,7,6,14:00,1,2,1,1.0,3.0,22360,RD 700,M,"48,4930900"," -2,7626764",22,2019,50.0,1.0,2.0,3.0,2148170,1.0,1,4,2,5.0,,0.0,0,1987.0,A01,138Â 301Â 473,1.0,0.0,-1.0,1640429,1.0,7,,0.0,2.0,0.0,A01,138Â 301Â 473,1.0
961166,201900002697,7,8,17:20,1,2,1,1.0,2.0,19031,KENNEDY (AVENUE JOHN),M,"45,1673000","1,5501500",19,2019,50.0,1.0,1.0,4.0,2148171,1.0,1,4,1,1.0,,-1.0, -1,2001.0,A01,138Â 301Â 468,2.0,0.0,-1.0,1640430,2.0,2,,0.0,2.0,1.0,A01,138Â 301Â 468,1.0
961166,201900002697,7,8,17:20,1,2,1,1.0,2.0,19031,KENNEDY (AVENUE JOHN),M,"45,1673000","1,5501500",19,2019,50.0,1.0,1.0,4.0,2148171,1.0,1,4,1,1.0,,-1.0, -1,2001.0,A01,138Â 301Â 468,2.0,0.0,-1.0,1640431,2.0,7,,0.0,2.0,4.0,B01,138Â 301Â 469,1.0
961166,201900002697,7,8,17:20,1,2,1,1.0,2.0,19031,KENNEDY (AVENUE JOHN),M,"45,1673000","1,5501500",19,2019,50.0,1.0,1.0,4.0,2148172,1.0,1,1,1,9.0,,-1.0, -1,1963.0,B01,138Â 301Â 469,1.0,0.0,-1.0,1640430,2.0,2,,0.0,2.0,1.0,A01,138Â 301Â 468,1.0
961166,201900002697,7,8,17:20,1,2,1,1.0,2.0,19031,KENNEDY (AVENUE JOHN),M,"45,1673000","1,5501500",19,2019,50.0,1.0,1.0,4.0,2148172,1.0,1,1,1,9.0,,-1.0, -1,1963.0,B01,138Â 301Â 469,1.0,0.0,-1.0,1640431,2.0,7,,0.0,2.0,4.0,B01,138Â 301Â 469,1.0
961167,201900002698,5,25,02:57,3,1,1,1.0,2.0,78571,A13,M,"48,8631000","2,0419000",78,2019,110.0,1.0,1.0,1.0,2148173,1.0,1,4,1,0.0,,-1.0,0,1994.0,A01,138Â 301Â 466,1.0,5.0,-1.0,1640432,2.0,7,,0.0,2.0,1.0,A01,138Â 301Â 466,1.0
961167,201900002698,5,25,02:57,3,1,1,1.0,2.0,78571,A13,M,"48,8631000","2,0419000",78,2019,110.0,1.0,1.0,1.0,2148173,1.0,1,4,1,0.0,,-1.0,0,1994.0,A01,138Â 301Â 466,1.0,5.0,-1.0,1640433,2.0,7,,0.0,2.0,4.0,B01,138Â 301Â 467,1.0
961167,201900002698,5,25,02:57,3,1,1,1.0,2.0,78571,A13,M,"48,8631000","2,0419000",78,2019,110.0,1.0,1.0,1.0,2148174,1.0,1,4,1,9.0,,-1.0,0,1974.0,B01,138Â 301Â 467,1.0,5.0,-1.0,1640432,2.0,7,,0.0,2.0,1.0,A01,138Â 301Â 466,1.0
961167,201900002698,5,25,02:57,3,1,1,1.0,2.0,78571,A13,M,"48,8631000","2,0419000",78,2019,110.0,1.0,1.0,1.0,2148174,1.0,1,4,1,9.0,,-1.0,0,1974.0,B01,138Â 301Â 467,1.0,5.0,-1.0,1640433,2.0,7,,0.0,2.0,4.0,B01,138Â 301Â 467,1.0
961168,201900002699,5,24,17:55,1,1,1,1.0,2.0,92048,N118,M,"48,8001603","2,2157509",92,2019,90.0,1.0,1.0,2.0,2148175,2.0,2,4,2,5.0,,-1.0,0,1950.0,B01,138Â 301Â 464,1.0,0.0,-1.0,1640434,2.0,7,,0.0,2.0,5.0,B01,138Â 301Â 464,1.0
961168,201900002699,5,24,17:55,1,1,1,1.0,2.0,92048,N118,M,"48,8001603","2,2157509",92,2019,90.0,1.0,1.0,2.0,2148175,2.0,2,4,2,5.0,,-1.0,0,1950.0,B01,138Â 301Â 464,1.0,0.0,-1.0,1640435,2.0,33,,0.0,2.0,1.0,A01,138Â 301Â 465,1.0
961168,201900002699,5,24,17:55,1,1,1,1.0,2.0,92048,N118,M,"48,8001603","2,2157509",92,2019,90.0,1.0,1.0,2.0,2148176,1.0,1,1,1,5.0,,-1.0,0,1956.0,B01,138Â 301Â 464,1.0,0.0,-1.0,1640434,2.0,7,,0.0,2.0,5.0,B01,138Â 301Â 464,1.0
961168,201900002699,5,24,17:55,1,1,1,1.0,2.0,92048,N118,M,"48,8001603","2,2157509",92,2019,90.0,1.0,1.0,2.0,2148176,1.0,1,1,1,5.0,,-1.0,0,1956.0,B01,138Â 301Â 464,1.0,0.0,-1.0,1640435,2.0,33,,0.0,2.0,1.0,A01,138Â 301Â 465,1.0
961168,201900002699,5,24,17:55,1,1,1,1.0,2.0,92048,N118,M,"48,8001603","2,2157509",92,2019,90.0,1.0,1.0,2.0,2148177,2.0,1,4,1,5.0,,-1.0,0,1970.0,A01,138Â 301Â 465,2.0,0.0,-1.0,1640434,2.0,7,,0.0,2.0,5.0,B01,138Â 301Â 464,1.0
961168,201900002699,5,24,17:55,1,1,1,1.0,2.0,92048,N118,M,"48,8001603","2,2157509",92,2019,90.0,1.0,1.0,2.0,2148177,2.0,1,4,1,5.0,,-1.0,0,1970.0,A01,138Â 301Â 465,2.0,0.0,-1.0,1640435,2.0,33,,0.0,2.0,1.0,A01,138Â 301Â 465,1.0
961169,201900002700,5,22,19:10,1,1,1,1.0,4.0,92064,A13,M,"48,8397716","2,2039180",92,2019,90.0,1.0,1.0,1.0,2148178,2.0,2,4,1,5.0,,-1.0,0,1948.0,D01,138Â 301Â 460,1.0,0.0,-1.0,1640436,1.0,7,,0.0,2.0,4.0,D01,138Â 301Â 460,1.0
961169,201900002700,5,22,19:10,1,1,1,1.0,4.0,92064,A13,M,"48,8397716","2,2039180",92,2019,90.0,1.0,1.0,1.0,2148178,2.0,2,4,1,5.0,,-1.0,0,1948.0,D01,138Â 301Â 460,1.0,0.0,-1.0,1640437,1.0,7,,0.0,2.0,1.0,C01,138Â 301Â 461,1.0
961169,201900002700,5,22,19:10,1,1,1,1.0,4.0,92064,A13,M,"48,8397716","2,2039180",92,2019,90.0,1.0,1.0,1.0,2148178,2.0,2,4,1,5.0,,-1.0,0,1948.0,D01,138Â 301Â 460,1.0,0.0,-1.0,1640438,1.0,7,,0.0,2.0,1.0,B01,138Â 301Â 462,1.0