Unnamed: 0_x,num_acc,mois,jour,hrmn,lum,agg,int,atm,col,com,adr,gps,lat,long,dep,annee,vma,situ,surf,catr,Unnamed: 0_y,place,catu,grav,sexe,trajet,secu,locp,actp,an_nais,num_veh_x,id_vehicule_x,secu1,secu2,secu3,Unnamed: 0,senc,catv,occutc,obs,obsm,choc,num_veh_y,id_vehicule_y,motor
961169,201900002700,5,22,19:10,1,1,1,1.0,4.0,92064,A13,M,"48,8397716","2,2039180",92,2019,90.0,1.0,1.0,1.0,2148178,2.0,2,4,1,5.0,,-1.0,0,1948.0,D01,138Â 301Â 460,1.0,0.0,-1.0,1640439,1.0,7,,0.0,2.0,1.0,A01,138Â 301Â 463,1.0
961169,201900002700,5,22,19:10,1,1,1,1.0,4.0,92064,A13,M,"48,8397716","2,2039180",92,2019,90.0,1.0,1.0,1.0,2148179,1.0,1,1,1,5.0,,-1.0,0,1976.0,D01,138Â 301Â 460,1.0,0.0,-1.0,1640436,1.0,7,,0.0,2.0,4.0,D01,138Â 301Â 460,1.0
961169,201900002700,5,22,19:10,1,1,1,1.0,4.0,92064,A13,M,"48,8397716","2,2039180",92,2019,90.0,1.0,1.0,1.0,2148179,1.0,1,1,1,5.0,,-1.0,0,1976.0,D01,138Â 301Â 460,1.0,0.0,-1.0,1640437,1.0,7,,0.0,2.0,1.0,C01,138Â 301Â 461,1.0
961169,201900002700,5,22,19:10,1,1,1,1.0,4.0,92064,A13,M,"48,8397716","2,2039180",92,2019,90.0,1.0,1.0,1.0,2148179,1.0,1,1,1,5.0,,-1.0,0,1976.0,D01,138Â 301Â 460,1.0,0.0,-1.0,1640438,1.0,7,,0.0,2.0,1.0,B01,138Â 301Â 462,1.0
961169,201900002700,5,22,19:10,1,1,1,1.0,4.0,92064,A13,M,"48,8397716","2,2039180",92,2019,90.0,1.0,1.0,1.0,2148179,1.0,1,1,1,5.0,,-1.0,0,1976.0,D01,138Â 301Â 460,1.0,0.0,-1.0,1640439,1.0,7,,0.0,2.0,1.0,A01,138Â 301Â 463,1.0
961169,201900002700,5,22,19:10,1,1,1,1.0,4.0,92064,A13,M,"48,8397716","2,2039180",92,2019,90.0,1.0,1.0,1.0,2148180,3.0,2,1,2,5.0,,-1.0,0,1951.0,D01,138Â 301Â 460,1.0,0.0,-1.0,1640436,1.0,7,,0.0,2.0,4.0,D01,138Â 301Â 460,1.0
961169,201900002700,5,22,19:10,1,1,1,1.0,4.0,92064,A13,M,"48,8397716","2,2039180",92,2019,90.0,1.0,1.0,1.0,2148180,3.0,2,1,2,5.0,,-1.0,0,1951.0,D01,138Â 301Â 460,1.0,0.0,-1.0,1640437,1.0,7,,0.0,2.0,1.0,C01,138Â 301Â 461,1.0
961169,201900002700,5,22,19:10,1,1,1,1.0,4.0,92064,A13,M,"48,8397716","2,2039180",92,2019,90.0,1.0,1.0,1.0,2148180,3.0,2,1,2,5.0,,-1.0,0,1951.0,D01,138Â 301Â 460,1.0,0.0,-1.0,1640438,1.0,7,,0.0,2.0,1.0,B01,138Â 301Â 462,1.0
961169,201900002700,5,22,19:10,1,1,1,1.0,4.0,92064,A13,M,"48,8397716","2,2039180",92,2019,90.0,1.0,1.0,1.0,2148180,3.0,2,1,2,5.0,,-1.0,0,1951.0,D01,138Â 301Â 460,1.0,0.0,-1.0,1640439,1.0,7,,0.0,2.0,1.0,A01,138Â 301Â 463,1.0
961169,201900002700,5,22,19:10,1,1,1,1.0,4.0,92064,A13,M,"48,8397716","2,2039180",92,2019,90.0,1.0,1.0,1.0,2148181,1.0,1,1,1,1.0,,-1.0,0,1979.0,C01,138Â 301Â 461,1.0,0.0,-1.0,1640436,1.0,7,,0.0,2.0,4.0,D01,138Â 301Â 460,1.0
961169,201900002700,5,22,19:10,1,1,1,1.0,4.0,92064,A13,M,"48,8397716","2,2039180",92,2019,90.0,1.0,1.0,1.0,2148181,1.0,1,1,1,1.0,,-1.0,0,1979.0,C01,138Â 301Â 461,1.0,0.0,-1.0,1640437,1.0,7,,0.0,2.0,1.0,C01,138Â 301Â 461,1.0
961169,201900002700,5,22,19:10,1,1,1,1.0,4.0,92064,A13,M,"48,8397716","2,2039180",92,2019,90.0,1.0,1.0,1.0,2148181,1.0,1,1,1,1.0,,-1.0,0,1979.0,C01,138Â 301Â 461,1.0,0.0,-1.0,1640438,1.0,7,,0.0,2.0,1.0,B01,138Â 301Â 462,1.0
961169,201900002700,5,22,19:10,1,1,1,1.0,4.0,92064,A13,M,"48,8397716","2,2039180",92,2019,90.0,1.0,1.0,1.0,2148181,1.0,1,1,1,1.0,,-1.0,0,1979.0,C01,138Â 301Â 461,1.0,0.0,-1.0,1640439,1.0,7,,0.0,2.0,1.0,A01,138Â 301Â 463,1.0
961169,201900002700,5,22,19:10,1,1,1,1.0,4.0,92064,A13,M,"48,8397716","2,2039180",92,2019,90.0,1.0,1.0,1.0,2148182,1.0,1,1,1,0.0,,-1.0,0,1979.0,B01,138Â 301Â 462,1.0,0.0,-1.0,1640436,1.0,7,,0.0,2.0,4.0,D01,138Â 301Â 460,1.0
961169,201900002700,5,22,19:10,1,1,1,1.0,4.0,92064,A13,M,"48,8397716","2,2039180",92,2019,90.0,1.0,1.0,1.0,2148182,1.0,1,1,1,0.0,,-1.0,0,1979.0,B01,138Â 301Â 462,1.0,0.0,-1.0,1640437,1.0,7,,0.0,2.0,1.0,C01,138Â 301Â 461,1.0
961169,201900002700,5,22,19:10,1,1,1,1.0,4.0,92064,A13,M,"48,8397716","2,2039180",92,2019,90.0,1.0,1.0,1.0,2148182,1.0,1,1,1,0.0,,-1.0,0,1979.0,B01,138Â 301Â 462,1.0,0.0,-1.0,1640438,1.0,7,,0.0,2.0,1.0,B01,138Â 301Â 462,1.0
961169,201900002700,5,22,19:10,1,1,1,1.0,4.0,92064,A13,M,"48,8397716","2,2039180",92,2019,90.0,1.0,1.0,1.0,2148182,1.0,1,1,1,0.0,,-1.0,0,1979.0,B01,138Â 301Â 462,1.0,0.0,-1.0,1640439,1.0,7,,0.0,2.0,1.0,A01,138Â 301Â 463,1.0
961169,201900002700,5,22,19:10,1,1,1,1.0,4.0,92064,A13,M,"48,8397716","2,2039180",92,2019,90.0,1.0,1.0,1.0,2148183,1.0,1,1,1,4.0,,-1.0,0,1986.0,A01,138Â 301Â 463,1.0,0.0,-1.0,1640436,1.0,7,,0.0,2.0,4.0,D01,138Â 301Â 460,1.0
961169,201900002700,5,22,19:10,1,1,1,1.0,4.0,92064,A13,M,"48,8397716","2,2039180",92,2019,90.0,1.0,1.0,1.0,2148183,1.0,1,1,1,4.0,,-1.0,0,1986.0,A01,138Â 301Â 463,1.0,0.0,-1.0,1640437,1.0,7,,0.0,2.0,1.0,C01,138Â 301Â 461,1.0
961169,201900002700,5,22,19:10,1,1,1,1.0,4.0,92064,A13,M,"48,8397716","2,2039180",92,2019,90.0,1.0,1.0,1.0,2148183,1.0,1,1,1,4.0,,-1.0,0,1986.0,A01,138Â 301Â 463,1.0,0.0,-1.0,1640438,1.0,7,,0.0,2.0,1.0,B01,138Â 301Â 462,1.0
961169,201900002700,5,22,19:10,1,1,1,1.0,4.0,92064,A13,M,"48,8397716","2,2039180",92,2019,90.0,1.0,1.0,1.0,2148183,1.0,1,1,1,4.0,,-1.0,0,1986.0,A01,138Â 301Â 463,1.0,0.0,-1.0,1640439,1.0,7,,0.0,2.0,1.0,A01,138Â 301Â 463,1.0
961170,201900002701,5,22,14:30,1,1,1,1.0,6.0,92063,A86,M,"48,8865596","2,1657333",92,2019,70.0,1.0,1.0,1.0,2148184,1.0,1,4,1,0.0,,-1.0,0,1937.0,A01,138Â 301Â 459,1.0,8.0,-1.0,1640440,2.0,7,,10.0,0.0,1.0,A01,138Â 301Â 459,1.0
961171,201900002702,5,22,03:50,5,1,1,1.0,6.0,78133,A14,M,"48,9142000","2,0414000",78,2019,90.0,1.0,1.0,1.0,2148185,1.0,1,4,1,1.0,,-1.0,0,1996.0,A01,138Â 301Â 458,1.0,0.0,-1.0,1640441,2.0,7,,3.0,0.0,2.0,A01,138Â 301Â 458,1.0
961172,201900002703,5,21,07:00,5,1,1,1.0,6.0,78242,A14,M,"48,8059790","2,0512000",78,2019,90.0,1.0,1.0,1.0,2148186,1.0,1,4,1,1.0,,-1.0,0,1979.0,B01,138Â 301Â 456,1.0,0.0,-1.0,1640442,2.0,7,,0.0,2.0,6.0,B01,138Â 301Â 456,1.0
961172,201900002703,5,21,07:00,5,1,1,1.0,6.0,78242,A14,M,"48,8059790","2,0512000",78,2019,90.0,1.0,1.0,1.0,2148186,1.0,1,4,1,1.0,,-1.0,0,1979.0,B01,138Â 301Â 456,1.0,0.0,-1.0,1640443,2.0,15,,0.0,2.0,2.0,A01,138Â 301Â 457,1.0
961172,201900002703,5,21,07:00,5,1,1,1.0,6.0,78242,A14,M,"48,8059790","2,0512000",78,2019,90.0,1.0,1.0,1.0,2148187,1.0,1,1,1,4.0,,-1.0,0,1968.0,A01,138Â 301Â 457,1.0,0.0,-1.0,1640442,2.0,7,,0.0,2.0,6.0,B01,138Â 301Â 456,1.0
961172,201900002703,5,21,07:00,5,1,1,1.0,6.0,78242,A14,M,"48,8059790","2,0512000",78,2019,90.0,1.0,1.0,1.0,2148187,1.0,1,1,1,4.0,,-1.0,0,1968.0,A01,138Â 301Â 457,1.0,0.0,-1.0,1640443,2.0,15,,0.0,2.0,2.0,A01,138Â 301Â 457,1.0
961173,201900002704,5,20,17:00,1,1,1,1.0,2.0,78043,A12 W,M,"48,8336590","2,0856400",78,2019,110.0,1.0,1.0,1.0,2148188,1.0,1,1,1,0.0,,-1.0, -1,1988.0,B01,138Â 301Â 454,1.0,8.0,-1.0,1640444,2.0,7,,0.0,2.0,5.0,B01,138Â 301Â 454,1.0
961173,201900002704,5,20,17:00,1,1,1,1.0,2.0,78043,A12 W,M,"48,8336590","2,0856400",78,2019,110.0,1.0,1.0,1.0,2148188,1.0,1,1,1,0.0,,-1.0, -1,1988.0,B01,138Â 301Â 454,1.0,8.0,-1.0,1640445,2.0,31,,0.0,2.0,3.0,A01,138Â 301Â 455,1.0
961173,201900002704,5,20,17:00,1,1,1,1.0,2.0,78043,A12 W,M,"48,8336590","2,0856400",78,2019,110.0,1.0,1.0,1.0,2148189,1.0,1,3,1,0.0,,-1.0, -1,1984.0,A01,138Â 301Â 455,2.0,8.0,-1.0,1640444,2.0,7,,0.0,2.0,5.0,B01,138Â 301Â 454,1.0
961173,201900002704,5,20,17:00,1,1,1,1.0,2.0,78043,A12 W,M,"48,8336590","2,0856400",78,2019,110.0,1.0,1.0,1.0,2148189,1.0,1,3,1,0.0,,-1.0, -1,1984.0,A01,138Â 301Â 455,2.0,8.0,-1.0,1640445,2.0,31,,0.0,2.0,3.0,A01,138Â 301Â 455,1.0
961174,201900002705,5,19,20:45,1,1,1,2.0,7.0,92036,A86,M,"48,9351447","2,2832133",92,2019,50.0,1.0,2.0,1.0,2148190,2.0,2,4,1,5.0,,-1.0,0,1992.0,A01,138Â 301Â 453,1.0,0.0,-1.0,1640446,2.0,10,,4.0,0.0,3.0,A01,138Â 301Â 453,1.0
961174,201900002705,5,19,20:45,1,1,1,2.0,7.0,92036,A86,M,"48,9351447","2,2832133",92,2019,50.0,1.0,2.0,1.0,2148191,1.0,1,4,1,5.0,,-1.0,0,1992.0,A01,138Â 301Â 453,1.0,0.0,-1.0,1640446,2.0,10,,4.0,0.0,3.0,A01,138Â 301Â 453,1.0
961175,201900002706,5,19,17:40,1,1,1,2.0,2.0,92025,A86,M,"48,9190208","2,2238188",92,2019,90.0,1.0,2.0,1.0,2148192,1.0,1,4,2,5.0,,-1.0,0,1981.0,B01,138Â 301Â 451,1.0,0.0,-1.0,1640447,2.0,7,,0.0,2.0,4.0,B01,138Â 301Â 451,0.0
961175,201900002706,5,19,17:40,1,1,1,2.0,2.0,92025,A86,M,"48,9190208","2,2238188",92,2019,90.0,1.0,2.0,1.0,2148192,1.0,1,4,2,5.0,,-1.0,0,1981.0,B01,138Â 301Â 451,1.0,0.0,-1.0,1640448,2.0,10,,0.0,2.0,1.0,A01,138Â 301Â 452,0.0
961175,201900002706,5,19,17:40,1,1,1,2.0,2.0,92025,A86,M,"48,9190208","2,2238188",92,2019,90.0,1.0,2.0,1.0,2148193,1.0,1,1,1,4.0,,-1.0,0,1997.0,A01,138Â 301Â 452,1.0,0.0,-1.0,1640447,2.0,7,,0.0,2.0,4.0,B01,138Â 301Â 451,0.0
961175,201900002706,5,19,17:40,1,1,1,2.0,2.0,92025,A86,M,"48,9190208","2,2238188",92,2019,90.0,1.0,2.0,1.0,2148193,1.0,1,1,1,4.0,,-1.0,0,1997.0,A01,138Â 301Â 452,1.0,0.0,-1.0,1640448,2.0,10,,0.0,2.0,1.0,A01,138Â 301Â 452,0.0
961176,201900002707,5,18,22:30,3,1,1,3.0,7.0,78007,A13W,M,"48,8975000","2,0063000",78,2019,110.0,1.0,2.0,1.0,2148194,1.0,1,4,2,5.0,,-1.0,0,1996.0,A01,138Â 301Â 450,2.0,6.0,-1.0,1640449,2.0,33,,0.0,0.0,8.0,A01,138Â 301Â 450,1.0
961177,201900002708,5,16,16:02,1,1,1,1.0,5.0,78402,A13,M,"48,9648000","1,8009500",78,2019,130.0,1.0,1.0,1.0,2148195,1.0,1,1,1,4.0,,-1.0,0,1970.0,C01,138Â 301Â 447,1.0,0.0,-1.0,1640450,1.0,10,,0.0,2.0,4.0,C01,138Â 301Â 447,1.0
961177,201900002708,5,16,16:02,1,1,1,1.0,5.0,78402,A13,M,"48,9648000","1,8009500",78,2019,130.0,1.0,1.0,1.0,2148195,1.0,1,1,1,4.0,,-1.0,0,1970.0,C01,138Â 301Â 447,1.0,0.0,-1.0,1640451,1.0,7,,0.0,2.0,5.0,B01,138Â 301Â 448,1.0
961177,201900002708,5,16,16:02,1,1,1,1.0,5.0,78402,A13,M,"48,9648000","1,8009500",78,2019,130.0,1.0,1.0,1.0,2148195,1.0,1,1,1,4.0,,-1.0,0,1970.0,C01,138Â 301Â 447,1.0,0.0,-1.0,1640452,1.0,7,,3.0,2.0,1.0,A01,138Â 301Â 449,1.0
961177,201900002708,5,16,16:02,1,1,1,1.0,5.0,78402,A13,M,"48,9648000","1,8009500",78,2019,130.0,1.0,1.0,1.0,2148196,1.0,1,4,1,1.0,,-1.0,0,1986.0,B01,138Â 301Â 448,1.0,0.0,-1.0,1640450,1.0,10,,0.0,2.0,4.0,C01,138Â 301Â 447,1.0
961177,201900002708,5,16,16:02,1,1,1,1.0,5.0,78402,A13,M,"48,9648000","1,8009500",78,2019,130.0,1.0,1.0,1.0,2148196,1.0,1,4,1,1.0,,-1.0,0,1986.0,B01,138Â 301Â 448,1.0,0.0,-1.0,1640451,1.0,7,,0.0,2.0,5.0,B01,138Â 301Â 448,1.0
961177,201900002708,5,16,16:02,1,1,1,1.0,5.0,78402,A13,M,"48,9648000","1,8009500",78,2019,130.0,1.0,1.0,1.0,2148196,1.0,1,4,1,1.0,,-1.0,0,1986.0,B01,138Â 301Â 448,1.0,0.0,-1.0,1640452,1.0,7,,3.0,2.0,1.0,A01,138Â 301Â 449,1.0
961177,201900002708,5,16,16:02,1,1,1,1.0,5.0,78402,A13,M,"48,9648000","1,8009500",78,2019,130.0,1.0,1.0,1.0,2148197,1.0,1,1,1,5.0,,-1.0,0,1951.0,A01,138Â 301Â 449,1.0,0.0,-1.0,1640450,1.0,10,,0.0,2.0,4.0,C01,138Â 301Â 447,1.0
961177,201900002708,5,16,16:02,1,1,1,1.0,5.0,78402,A13,M,"48,9648000","1,8009500",78,2019,130.0,1.0,1.0,1.0,2148197,1.0,1,1,1,5.0,,-1.0,0,1951.0,A01,138Â 301Â 449,1.0,0.0,-1.0,1640451,1.0,7,,0.0,2.0,5.0,B01,138Â 301Â 448,1.0
961177,201900002708,5,16,16:02,1,1,1,1.0,5.0,78402,A13,M,"48,9648000","1,8009500",78,2019,130.0,1.0,1.0,1.0,2148197,1.0,1,1,1,5.0,,-1.0,0,1951.0,A01,138Â 301Â 449,1.0,0.0,-1.0,1640452,1.0,7,,3.0,2.0,1.0,A01,138Â 301Â 449,1.0
961178,201900002709,5,15,07:00,1,1,1,1.0,2.0,78640,N118,M,"48,7820000","2,2231100",78,2019,90.0,1.0,1.0,2.0,2148198,1.0,1,4,1,1.0,,-1.0,0,1975.0,A01,138Â 301Â 443,8.0,0.0,-1.0,1640453,2.0,33,,0.0,2.0,1.0,A01,138Â 301Â 443,1.0
961178,201900002709,5,15,07:00,1,1,1,1.0,2.0,78640,N118,M,"48,7820000","2,2231100",78,2019,90.0,1.0,1.0,2.0,2148198,1.0,1,4,1,1.0,,-1.0,0,1975.0,A01,138Â 301Â 443,8.0,0.0,-1.0,1640454,2.0,7,,0.0,2.0,4.0,B01,138Â 301Â 444,1.0
961178,201900002709,5,15,07:00,1,1,1,1.0,2.0,78640,N118,M,"48,7820000","2,2231100",78,2019,90.0,1.0,1.0,2.0,2148199,1.0,1,1,1,1.0,,-1.0,0,1986.0,B01,138Â 301Â 444,1.0,8.0,-1.0,1640453,2.0,33,,0.0,2.0,1.0,A01,138Â 301Â 443,1.0
961178,201900002709,5,15,07:00,1,1,1,1.0,2.0,78640,N118,M,"48,7820000","2,2231100",78,2019,90.0,1.0,1.0,2.0,2148199,1.0,1,1,1,1.0,,-1.0,0,1986.0,B01,138Â 301Â 444,1.0,8.0,-1.0,1640454,2.0,7,,0.0,2.0,4.0,B01,138Â 301Â 444,1.0
961179,201900002710,5,14,08:30,1,1,1,1.0,2.0,92064,A13,M,"48,8441880","2,2228779",92,2019,70.0,1.0,1.0,1.0,2148200,1.0,1,4,1,1.0,,-1.0,0,1977.0,A01,138Â 301Â 441,2.0,0.0,-1.0,1640455,1.0,31,,0.0,2.0,1.0,A01,138Â 301Â 441,0.0
961179,201900002710,5,14,08:30,1,1,1,1.0,2.0,92064,A13,M,"48,8441880","2,2228779",92,2019,70.0,1.0,1.0,1.0,2148200,1.0,1,4,1,1.0,,-1.0,0,1977.0,A01,138Â 301Â 441,2.0,0.0,-1.0,1640456,1.0,7,,0.0,2.0,5.0,B01,138Â 301Â 442,0.0
961179,201900002710,5,14,08:30,1,1,1,1.0,2.0,92064,A13,M,"48,8441880","2,2228779",92,2019,70.0,1.0,1.0,1.0,2148201,1.0,1,1,1,4.0,,-1.0,0,1960.0,B01,138Â 301Â 442,1.0,0.0,-1.0,1640455,1.0,31,,0.0,2.0,1.0,A01,138Â 301Â 441,0.0
961179,201900002710,5,14,08:30,1,1,1,1.0,2.0,92064,A13,M,"48,8441880","2,2228779",92,2019,70.0,1.0,1.0,1.0,2148201,1.0,1,1,1,4.0,,-1.0,0,1960.0,B01,138Â 301Â 442,1.0,0.0,-1.0,1640456,1.0,7,,0.0,2.0,5.0,B01,138Â 301Â 442,0.0
961180,201900002711,5,13,20:00,1,1,1,1.0,3.0,92012,A13,M,"48,8484311","2,2396766",92,2019,70.0,1.0,1.0,1.0,2148202,1.0,1,4,1,1.0,,-1.0,0,1986.0,B01,138Â 301Â 439,2.0,8.0,-1.0,1640457,1.0,31,,0.0,2.0,7.0,B01,138Â 301Â 439,6.0
961180,201900002711,5,13,20:00,1,1,1,1.0,3.0,92012,A13,M,"48,8484311","2,2396766",92,2019,70.0,1.0,1.0,1.0,2148202,1.0,1,4,1,1.0,,-1.0,0,1986.0,B01,138Â 301Â 439,2.0,8.0,-1.0,1640458,1.0,7,,0.0,2.0,8.0,A01,138Â 301Â 440,6.0
961180,201900002711,5,13,20:00,1,1,1,1.0,3.0,92012,A13,M,"48,8484311","2,2396766",92,2019,70.0,1.0,1.0,1.0,2148203,1.0,1,1,2,5.0,,-1.0,0,1950.0,A01,138Â 301Â 440,1.0,0.0,-1.0,1640457,1.0,31,,0.0,2.0,7.0,B01,138Â 301Â 439,6.0
961180,201900002711,5,13,20:00,1,1,1,1.0,3.0,92012,A13,M,"48,8484311","2,2396766",92,2019,70.0,1.0,1.0,1.0,2148203,1.0,1,1,2,5.0,,-1.0,0,1950.0,A01,138Â 301Â 440,1.0,0.0,-1.0,1640458,1.0,7,,0.0,2.0,8.0,A01,138Â 301Â 440,6.0
961181,201900002712,5,13,11:50,1,1,1,1.0,2.0,78498,A13,M,"48,9113500","2,0053100",78,2019,110.0,1.0,1.0,1.0,2148204,1.0,1,4,1,0.0,,-1.0,0,1960.0,A01,138Â 301Â 437,1.0,0.0,-1.0,1640459,2.0,10,,0.0,2.0,1.0,A01,138Â 301Â 437,1.0
961181,201900002712,5,13,11:50,1,1,1,1.0,2.0,78498,A13,M,"48,9113500","2,0053100",78,2019,110.0,1.0,1.0,1.0,2148204,1.0,1,4,1,0.0,,-1.0,0,1960.0,A01,138Â 301Â 437,1.0,0.0,-1.0,1640460,2.0,10,,0.0,2.0,4.0,B01,138Â 301Â 438,1.0
961181,201900002712,5,13,11:50,1,1,1,1.0,2.0,78498,A13,M,"48,9113500","2,0053100",78,2019,110.0,1.0,1.0,1.0,2148205,2.0,2,4,2,0.0,,-1.0,0,1963.0,A01,138Â 301Â 437,1.0,0.0,-1.0,1640459,2.0,10,,0.0,2.0,1.0,A01,138Â 301Â 437,1.0
961181,201900002712,5,13,11:50,1,1,1,1.0,2.0,78498,A13,M,"48,9113500","2,0053100",78,2019,110.0,1.0,1.0,1.0,2148205,2.0,2,4,2,0.0,,-1.0,0,1963.0,A01,138Â 301Â 437,1.0,0.0,-1.0,1640460,2.0,10,,0.0,2.0,4.0,B01,138Â 301Â 438,1.0
961181,201900002712,5,13,11:50,1,1,1,1.0,2.0,78498,A13,M,"48,9113500","2,0053100",78,2019,110.0,1.0,1.0,1.0,2148206,1.0,1,1,1,0.0,,-1.0,0,1970.0,B01,138Â 301Â 438,1.0,0.0,-1.0,1640459,2.0,10,,0.0,2.0,1.0,A01,138Â 301Â 437,1.0
961181,201900002712,5,13,11:50,1,1,1,1.0,2.0,78498,A13,M,"48,9113500","2,0053100",78,2019,110.0,1.0,1.0,1.0,2148206,1.0,1,1,1,0.0,,-1.0,0,1970.0,B01,138Â 301Â 438,1.0,0.0,-1.0,1640460,2.0,10,,0.0,2.0,4.0,B01,138Â 301Â 438,1.0
961182,201900002713,5,13,06:05,2,1,1,1.0,6.0,92047,A13,M,"48,8362525","2,1843919",92,2019,110.0,1.0,1.0,1.0,2148207,1.0,1,4,1,4.0,,-1.0,0,1982.0,A01,138Â 301Â 436,1.0,0.0,-1.0,1640461,2.0,14,,3.0,0.0,7.0,A01,138Â 301Â 436,1.0
961183,201900002714,5,12,16:35,1,1,1,1.0,2.0,92025,A86,M,"48,9320633","2,2473601",92,2019,90.0,1.0,1.0,1.0,2148208,1.0,1,4,1,5.0,,-1.0,0,1964.0,A01,138Â 301Â 434,1.0,0.0,-1.0,1640462,1.0,7,,0.0,2.0,1.0,A01,138Â 301Â 434,0.0
961183,201900002714,5,12,16:35,1,1,1,1.0,2.0,92025,A86,M,"48,9320633","2,2473601",92,2019,90.0,1.0,1.0,1.0,2148208,1.0,1,4,1,5.0,,-1.0,0,1964.0,A01,138Â 301Â 434,1.0,0.0,-1.0,1640463,1.0,7,,0.0,2.0,4.0,B01,138Â 301Â 435,0.0
961183,201900002714,5,12,16:35,1,1,1,1.0,2.0,92025,A86,M,"48,9320633","2,2473601",92,2019,90.0,1.0,1.0,1.0,2148209,1.0,1,4,1,5.0,,-1.0,0,1986.0,B01,138Â 301Â 435,1.0,0.0,-1.0,1640462,1.0,7,,0.0,2.0,1.0,A01,138Â 301Â 434,0.0
961183,201900002714,5,12,16:35,1,1,1,1.0,2.0,92025,A86,M,"48,9320633","2,2473601",92,2019,90.0,1.0,1.0,1.0,2148209,1.0,1,4,1,5.0,,-1.0,0,1986.0,B01,138Â 301Â 435,1.0,0.0,-1.0,1640463,1.0,7,,0.0,2.0,4.0,B01,138Â 301Â 435,0.0
961183,201900002714,5,12,16:35,1,1,1,1.0,2.0,92025,A86,M,"48,9320633","2,2473601",92,2019,90.0,1.0,1.0,1.0,2148210,2.0,2,4,2,5.0,,-1.0,0,1985.0,B01,138Â 301Â 435,1.0,0.0,-1.0,1640462,1.0,7,,0.0,2.0,1.0,A01,138Â 301Â 434,0.0
961183,201900002714,5,12,16:35,1,1,1,1.0,2.0,92025,A86,M,"48,9320633","2,2473601",92,2019,90.0,1.0,1.0,1.0,2148210,2.0,2,4,2,5.0,,-1.0,0,1985.0,B01,138Â 301Â 435,1.0,0.0,-1.0,1640463,1.0,7,,0.0,2.0,4.0,B01,138Â 301Â 435,0.0
961184,201900002715,5,11,00:45,5,1,1,3.0,2.0,92025,A86,M,"48,9343011","2,2564031",92,2019,70.0,1.0,2.0,1.0,2148211,1.0,1,1,1,5.0,,-1.0,0,1983.0,A01,138Â 301Â 432,1.0,4.0,-1.0,1640464,2.0,10,,0.0,2.0,1.0,A01,138Â 301Â 432,1.0
961184,201900002715,5,11,00:45,5,1,1,3.0,2.0,92025,A86,M,"48,9343011","2,2564031",92,2019,70.0,1.0,2.0,1.0,2148211,1.0,1,1,1,5.0,,-1.0,0,1983.0,A01,138Â 301Â 432,1.0,4.0,-1.0,1640465,2.0,10,,0.0,2.0,4.0,B01,138Â 301Â 433,1.0
961184,201900002715,5,11,00:45,5,1,1,3.0,2.0,92025,A86,M,"48,9343011","2,2564031",92,2019,70.0,1.0,2.0,1.0,2148212,1.0,1,4,2,5.0,,-1.0,0,1973.0,B01,138Â 301Â 433,1.0,4.0,-1.0,1640464,2.0,10,,0.0,2.0,1.0,A01,138Â 301Â 432,1.0
961184,201900002715,5,11,00:45,5,1,1,3.0,2.0,92025,A86,M,"48,9343011","2,2564031",92,2019,70.0,1.0,2.0,1.0,2148212,1.0,1,4,2,5.0,,-1.0,0,1973.0,B01,138Â 301Â 433,1.0,4.0,-1.0,1640465,2.0,10,,0.0,2.0,4.0,B01,138Â 301Â 433,1.0
961185,201900002716,5,10,18:00,1,1,1,3.0,6.0,78423,A12 Y,M,"48,7952100","2,0439300",78,2019,70.0,1.0,2.0,1.0,2148213,1.0,1,4,1,1.0,,-1.0,0,1977.0,A01,138Â 301Â 431,1.0,0.0,-1.0,1640466,1.0,15,,4.0,0.0,0.0,A01,138Â 301Â 431,1.0
961186,201900002717,5,10,03:15,3,1,1,1.0,6.0,78640,N118,M,"48,7780000","2,2213000",78,2019,70.0,1.0,1.0,2.0,2148214,1.0,1,3,2,0.0,,-1.0,0,1990.0,A01,138Â 301Â 430,2.0,6.0,-1.0,1640467,1.0,32,,3.0,0.0,1.0,A01,138Â 301Â 430,1.0
961187,201900002718,5,9,09:30,1,1,1,2.0,7.0,92072,N118,M,"48,8263791","2,2234205",92,2019,50.0,1.0,2.0,2.0,2148215,1.0,1,4,1,1.0,,-1.0,0,1953.0,A01,138Â 301Â 429,2.0,0.0,-1.0,1640468,2.0,33,,0.0,0.0,3.0,A01,138Â 301Â 429,1.0
961188,201900002719,5,9,08:10,1,1,1,2.0,5.0,78524,A13,M,"48,8409360","2,1085400",78,2019,50.0,1.0,2.0,1.0,2148216,1.0,1,1,1,1.0,,-1.0,0,1991.0,C01,138Â 301Â 425,1.0,0.0,-1.0,1640469,1.0,7,,0.0,2.0,5.0,C01,138Â 301Â 425,1.0
961188,201900002719,5,9,08:10,1,1,1,2.0,5.0,78524,A13,M,"48,8409360","2,1085400",78,2019,50.0,1.0,2.0,1.0,2148216,1.0,1,1,1,1.0,,-1.0,0,1991.0,C01,138Â 301Â 425,1.0,0.0,-1.0,1640470,1.0,7,,0.0,2.0,6.0,B01,138Â 301Â 426,1.0
961188,201900002719,5,9,08:10,1,1,1,2.0,5.0,78524,A13,M,"48,8409360","2,1085400",78,2019,50.0,1.0,2.0,1.0,2148216,1.0,1,1,1,1.0,,-1.0,0,1991.0,C01,138Â 301Â 425,1.0,0.0,-1.0,1640471,1.0,7,,3.0,2.0,1.0,A01,138Â 301Â 427,1.0