Unnamed: 0_x,num_acc,mois,jour,hrmn,lum,agg,int,atm,col,com,adr,gps,lat,long,dep,annee,vma,situ,surf,catr,Unnamed: 0_y,place,catu,grav,sexe,trajet,secu,locp,actp,an_nais,num_veh_x,id_vehicule_x,secu1,secu2,secu3,Unnamed: 0,senc,catv,occutc,obs,obsm,choc,num_veh_y,id_vehicule_y,motor
961188,201900002719,5,9,08:10,1,1,1,2.0,5.0,78524,A13,M,"48,8409360","2,1085400",78,2019,50.0,1.0,2.0,1.0,2148217,1.0,1,4,1,1.0,,-1.0,0,1977.0,B01,138Â 301Â 426,1.0,0.0,-1.0,1640469,1.0,7,,0.0,2.0,5.0,C01,138Â 301Â 425,1.0
961188,201900002719,5,9,08:10,1,1,1,2.0,5.0,78524,A13,M,"48,8409360","2,1085400",78,2019,50.0,1.0,2.0,1.0,2148217,1.0,1,4,1,1.0,,-1.0,0,1977.0,B01,138Â 301Â 426,1.0,0.0,-1.0,1640470,1.0,7,,0.0,2.0,6.0,B01,138Â 301Â 426,1.0
961188,201900002719,5,9,08:10,1,1,1,2.0,5.0,78524,A13,M,"48,8409360","2,1085400",78,2019,50.0,1.0,2.0,1.0,2148217,1.0,1,4,1,1.0,,-1.0,0,1977.0,B01,138Â 301Â 426,1.0,0.0,-1.0,1640471,1.0,7,,3.0,2.0,1.0,A01,138Â 301Â 427,1.0
961188,201900002719,5,9,08:10,1,1,1,2.0,5.0,78524,A13,M,"48,8409360","2,1085400",78,2019,50.0,1.0,2.0,1.0,2148218,1.0,1,4,1,1.0,,-1.0,0,1992.0,A01,138Â 301Â 427,1.0,0.0,-1.0,1640469,1.0,7,,0.0,2.0,5.0,C01,138Â 301Â 425,1.0
961188,201900002719,5,9,08:10,1,1,1,2.0,5.0,78524,A13,M,"48,8409360","2,1085400",78,2019,50.0,1.0,2.0,1.0,2148218,1.0,1,4,1,1.0,,-1.0,0,1992.0,A01,138Â 301Â 427,1.0,0.0,-1.0,1640470,1.0,7,,0.0,2.0,6.0,B01,138Â 301Â 426,1.0
961188,201900002719,5,9,08:10,1,1,1,2.0,5.0,78524,A13,M,"48,8409360","2,1085400",78,2019,50.0,1.0,2.0,1.0,2148218,1.0,1,4,1,1.0,,-1.0,0,1992.0,A01,138Â 301Â 427,1.0,0.0,-1.0,1640471,1.0,7,,3.0,2.0,1.0,A01,138Â 301Â 427,1.0
961189,201900002720,5,9,06:50,1,1,1,2.0,4.0,92047,A13,M,"48,8359825","2,1821722",92,2019,110.0,1.0,2.0,1.0,2148219,1.0,1,1,1,5.0,,-1.0,0,1984.0,D01,138Â 301Â 421,1.0,0.0,-1.0,1640472,2.0,7,,0.0,2.0,5.0,D01,138Â 301Â 421,1.0
961189,201900002720,5,9,06:50,1,1,1,2.0,4.0,92047,A13,M,"48,8359825","2,1821722",92,2019,110.0,1.0,2.0,1.0,2148219,1.0,1,1,1,5.0,,-1.0,0,1984.0,D01,138Â 301Â 421,1.0,0.0,-1.0,1640473,2.0,10,,0.0,2.0,4.0,B01,138Â 301Â 422,1.0
961189,201900002720,5,9,06:50,1,1,1,2.0,4.0,92047,A13,M,"48,8359825","2,1821722",92,2019,110.0,1.0,2.0,1.0,2148219,1.0,1,1,1,5.0,,-1.0,0,1984.0,D01,138Â 301Â 421,1.0,0.0,-1.0,1640474,2.0,7,,0.0,2.0,5.0,C01,138Â 301Â 423,1.0
961189,201900002720,5,9,06:50,1,1,1,2.0,4.0,92047,A13,M,"48,8359825","2,1821722",92,2019,110.0,1.0,2.0,1.0,2148219,1.0,1,1,1,5.0,,-1.0,0,1984.0,D01,138Â 301Â 421,1.0,0.0,-1.0,1640475,2.0,7,,0.0,2.0,1.0,A01,138Â 301Â 424,1.0
961189,201900002720,5,9,06:50,1,1,1,2.0,4.0,92047,A13,M,"48,8359825","2,1821722",92,2019,110.0,1.0,2.0,1.0,2148220,2.0,2,1,2,5.0,,-1.0,0,1985.0,D01,138Â 301Â 421,1.0,0.0,-1.0,1640472,2.0,7,,0.0,2.0,5.0,D01,138Â 301Â 421,1.0
961189,201900002720,5,9,06:50,1,1,1,2.0,4.0,92047,A13,M,"48,8359825","2,1821722",92,2019,110.0,1.0,2.0,1.0,2148220,2.0,2,1,2,5.0,,-1.0,0,1985.0,D01,138Â 301Â 421,1.0,0.0,-1.0,1640473,2.0,10,,0.0,2.0,4.0,B01,138Â 301Â 422,1.0
961189,201900002720,5,9,06:50,1,1,1,2.0,4.0,92047,A13,M,"48,8359825","2,1821722",92,2019,110.0,1.0,2.0,1.0,2148220,2.0,2,1,2,5.0,,-1.0,0,1985.0,D01,138Â 301Â 421,1.0,0.0,-1.0,1640474,2.0,7,,0.0,2.0,5.0,C01,138Â 301Â 423,1.0
961189,201900002720,5,9,06:50,1,1,1,2.0,4.0,92047,A13,M,"48,8359825","2,1821722",92,2019,110.0,1.0,2.0,1.0,2148220,2.0,2,1,2,5.0,,-1.0,0,1985.0,D01,138Â 301Â 421,1.0,0.0,-1.0,1640475,2.0,7,,0.0,2.0,1.0,A01,138Â 301Â 424,1.0
961189,201900002720,5,9,06:50,1,1,1,2.0,4.0,92047,A13,M,"48,8359825","2,1821722",92,2019,110.0,1.0,2.0,1.0,2148221,1.0,1,1,1,4.0,,-1.0,0,1965.0,B01,138Â 301Â 422,1.0,0.0,-1.0,1640472,2.0,7,,0.0,2.0,5.0,D01,138Â 301Â 421,1.0
961189,201900002720,5,9,06:50,1,1,1,2.0,4.0,92047,A13,M,"48,8359825","2,1821722",92,2019,110.0,1.0,2.0,1.0,2148221,1.0,1,1,1,4.0,,-1.0,0,1965.0,B01,138Â 301Â 422,1.0,0.0,-1.0,1640473,2.0,10,,0.0,2.0,4.0,B01,138Â 301Â 422,1.0
961189,201900002720,5,9,06:50,1,1,1,2.0,4.0,92047,A13,M,"48,8359825","2,1821722",92,2019,110.0,1.0,2.0,1.0,2148221,1.0,1,1,1,4.0,,-1.0,0,1965.0,B01,138Â 301Â 422,1.0,0.0,-1.0,1640474,2.0,7,,0.0,2.0,5.0,C01,138Â 301Â 423,1.0
961189,201900002720,5,9,06:50,1,1,1,2.0,4.0,92047,A13,M,"48,8359825","2,1821722",92,2019,110.0,1.0,2.0,1.0,2148221,1.0,1,1,1,4.0,,-1.0,0,1965.0,B01,138Â 301Â 422,1.0,0.0,-1.0,1640475,2.0,7,,0.0,2.0,1.0,A01,138Â 301Â 424,1.0
961189,201900002720,5,9,06:50,1,1,1,2.0,4.0,92047,A13,M,"48,8359825","2,1821722",92,2019,110.0,1.0,2.0,1.0,2148222,1.0,1,1,2,1.0,,-1.0,0,1977.0,C01,138Â 301Â 423,1.0,0.0,-1.0,1640472,2.0,7,,0.0,2.0,5.0,D01,138Â 301Â 421,1.0
961189,201900002720,5,9,06:50,1,1,1,2.0,4.0,92047,A13,M,"48,8359825","2,1821722",92,2019,110.0,1.0,2.0,1.0,2148222,1.0,1,1,2,1.0,,-1.0,0,1977.0,C01,138Â 301Â 423,1.0,0.0,-1.0,1640473,2.0,10,,0.0,2.0,4.0,B01,138Â 301Â 422,1.0
961189,201900002720,5,9,06:50,1,1,1,2.0,4.0,92047,A13,M,"48,8359825","2,1821722",92,2019,110.0,1.0,2.0,1.0,2148222,1.0,1,1,2,1.0,,-1.0,0,1977.0,C01,138Â 301Â 423,1.0,0.0,-1.0,1640474,2.0,7,,0.0,2.0,5.0,C01,138Â 301Â 423,1.0
961189,201900002720,5,9,06:50,1,1,1,2.0,4.0,92047,A13,M,"48,8359825","2,1821722",92,2019,110.0,1.0,2.0,1.0,2148222,1.0,1,1,2,1.0,,-1.0,0,1977.0,C01,138Â 301Â 423,1.0,0.0,-1.0,1640475,2.0,7,,0.0,2.0,1.0,A01,138Â 301Â 424,1.0
961189,201900002720,5,9,06:50,1,1,1,2.0,4.0,92047,A13,M,"48,8359825","2,1821722",92,2019,110.0,1.0,2.0,1.0,2148223,1.0,1,4,1,5.0,,-1.0,0,1941.0,A01,138Â 301Â 424,1.0,0.0,-1.0,1640472,2.0,7,,0.0,2.0,5.0,D01,138Â 301Â 421,1.0
961189,201900002720,5,9,06:50,1,1,1,2.0,4.0,92047,A13,M,"48,8359825","2,1821722",92,2019,110.0,1.0,2.0,1.0,2148223,1.0,1,4,1,5.0,,-1.0,0,1941.0,A01,138Â 301Â 424,1.0,0.0,-1.0,1640473,2.0,10,,0.0,2.0,4.0,B01,138Â 301Â 422,1.0
961189,201900002720,5,9,06:50,1,1,1,2.0,4.0,92047,A13,M,"48,8359825","2,1821722",92,2019,110.0,1.0,2.0,1.0,2148223,1.0,1,4,1,5.0,,-1.0,0,1941.0,A01,138Â 301Â 424,1.0,0.0,-1.0,1640474,2.0,7,,0.0,2.0,5.0,C01,138Â 301Â 423,1.0
961189,201900002720,5,9,06:50,1,1,1,2.0,4.0,92047,A13,M,"48,8359825","2,1821722",92,2019,110.0,1.0,2.0,1.0,2148223,1.0,1,4,1,5.0,,-1.0,0,1941.0,A01,138Â 301Â 424,1.0,0.0,-1.0,1640475,2.0,7,,0.0,2.0,1.0,A01,138Â 301Â 424,1.0
961190,201900002721,5,7,13:00,1,1,1,1.0,2.0,78362,A13,M,"48,9780000","1,7103000",78,2019,110.0,1.0,1.0,1.0,2148224,1.0,1,4,2,0.0,,-1.0,0,1965.0,B01,138Â 301Â 419,1.0,0.0,-1.0,1640476,1.0,7,,0.0,2.0,4.0,B01,138Â 301Â 419,1.0
961190,201900002721,5,7,13:00,1,1,1,1.0,2.0,78362,A13,M,"48,9780000","1,7103000",78,2019,110.0,1.0,1.0,1.0,2148224,1.0,1,4,2,0.0,,-1.0,0,1965.0,B01,138Â 301Â 419,1.0,0.0,-1.0,1640477,1.0,7,,0.0,2.0,1.0,A01,138Â 301Â 420,1.0
961190,201900002721,5,7,13:00,1,1,1,1.0,2.0,78362,A13,M,"48,9780000","1,7103000",78,2019,110.0,1.0,1.0,1.0,2148225,1.0,1,1,1,5.0,,-1.0,0,1962.0,A01,138Â 301Â 420,1.0,0.0,-1.0,1640476,1.0,7,,0.0,2.0,4.0,B01,138Â 301Â 419,1.0
961190,201900002721,5,7,13:00,1,1,1,1.0,2.0,78362,A13,M,"48,9780000","1,7103000",78,2019,110.0,1.0,1.0,1.0,2148225,1.0,1,1,1,5.0,,-1.0,0,1962.0,A01,138Â 301Â 420,1.0,0.0,-1.0,1640477,1.0,7,,0.0,2.0,1.0,A01,138Â 301Â 420,1.0
961191,201900002722,5,6,15:45,1,1,1,1.0,4.0,92064,A13,M,"48,8430108","2,2224862",92,2019,70.0,1.0,1.0,1.0,2148226,1.0,1,1,1,1.0,,-1.0,0,1963.0,B01,138Â 301Â 416,1.0,0.0,-1.0,1640478,1.0,10,,0.0,2.0,4.0,B01,138Â 301Â 416,1.0
961191,201900002722,5,6,15:45,1,1,1,1.0,4.0,92064,A13,M,"48,8430108","2,2224862",92,2019,70.0,1.0,1.0,1.0,2148226,1.0,1,1,1,1.0,,-1.0,0,1963.0,B01,138Â 301Â 416,1.0,0.0,-1.0,1640479,1.0,7,,0.0,2.0,4.0,C01,138Â 301Â 417,1.0
961191,201900002722,5,6,15:45,1,1,1,1.0,4.0,92064,A13,M,"48,8430108","2,2224862",92,2019,70.0,1.0,1.0,1.0,2148226,1.0,1,1,1,1.0,,-1.0,0,1963.0,B01,138Â 301Â 416,1.0,0.0,-1.0,1640480,1.0,7,,0.0,2.0,1.0,A01,138Â 301Â 418,1.0
961191,201900002722,5,6,15:45,1,1,1,1.0,4.0,92064,A13,M,"48,8430108","2,2224862",92,2019,70.0,1.0,1.0,1.0,2148227,1.0,1,1,1,1.0,,-1.0,0,1969.0,C01,138Â 301Â 417,1.0,0.0,-1.0,1640478,1.0,10,,0.0,2.0,4.0,B01,138Â 301Â 416,1.0
961191,201900002722,5,6,15:45,1,1,1,1.0,4.0,92064,A13,M,"48,8430108","2,2224862",92,2019,70.0,1.0,1.0,1.0,2148227,1.0,1,1,1,1.0,,-1.0,0,1969.0,C01,138Â 301Â 417,1.0,0.0,-1.0,1640479,1.0,7,,0.0,2.0,4.0,C01,138Â 301Â 417,1.0
961191,201900002722,5,6,15:45,1,1,1,1.0,4.0,92064,A13,M,"48,8430108","2,2224862",92,2019,70.0,1.0,1.0,1.0,2148227,1.0,1,1,1,1.0,,-1.0,0,1969.0,C01,138Â 301Â 417,1.0,0.0,-1.0,1640480,1.0,7,,0.0,2.0,1.0,A01,138Â 301Â 418,1.0
961191,201900002722,5,6,15:45,1,1,1,1.0,4.0,92064,A13,M,"48,8430108","2,2224862",92,2019,70.0,1.0,1.0,1.0,2148228,1.0,1,4,2,1.0,,-1.0,0,1986.0,A01,138Â 301Â 418,1.0,0.0,-1.0,1640478,1.0,10,,0.0,2.0,4.0,B01,138Â 301Â 416,1.0
961191,201900002722,5,6,15:45,1,1,1,1.0,4.0,92064,A13,M,"48,8430108","2,2224862",92,2019,70.0,1.0,1.0,1.0,2148228,1.0,1,4,2,1.0,,-1.0,0,1986.0,A01,138Â 301Â 418,1.0,0.0,-1.0,1640479,1.0,7,,0.0,2.0,4.0,C01,138Â 301Â 417,1.0
961191,201900002722,5,6,15:45,1,1,1,1.0,4.0,92064,A13,M,"48,8430108","2,2224862",92,2019,70.0,1.0,1.0,1.0,2148228,1.0,1,4,2,1.0,,-1.0,0,1986.0,A01,138Â 301Â 418,1.0,0.0,-1.0,1640480,1.0,7,,0.0,2.0,1.0,A01,138Â 301Â 418,1.0
961192,201900002723,5,5,02:45,3,1,1,1.0,6.0,78158,A13,M,"48,8315440","2,1461350",78,2019,110.0,1.0,1.0,1.0,2148229,1.0,1,3,2,0.0,,-1.0, -1,1982.0,A01,138Â 301Â 412,1.0,0.0,-1.0,1640481,1.0,7,,4.0,0.0,0.0,A01,138Â 301Â 412,0.0
961192,201900002723,5,5,02:45,3,1,1,1.0,6.0,78158,A13,M,"48,8315440","2,1461350",78,2019,110.0,1.0,1.0,1.0,2148229,1.0,1,3,2,0.0,,-1.0, -1,1982.0,A01,138Â 301Â 412,1.0,0.0,-1.0,1640482,1.0,7,,0.0,2.0,1.0,B01,138Â 301Â 413,0.0
961192,201900002723,5,5,02:45,3,1,1,1.0,6.0,78158,A13,M,"48,8315440","2,1461350",78,2019,110.0,1.0,1.0,1.0,2148229,1.0,1,3,2,0.0,,-1.0, -1,1982.0,A01,138Â 301Â 412,1.0,0.0,-1.0,1640483,1.0,10,,0.0,2.0,1.0,C01,138Â 301Â 414,1.0
961192,201900002723,5,5,02:45,3,1,1,1.0,6.0,78158,A13,M,"48,8315440","2,1461350",78,2019,110.0,1.0,1.0,1.0,2148230,1.0,1,3,1,0.0,,-1.0, -1,1995.0,B01,138Â 301Â 413,1.0,0.0,-1.0,1640481,1.0,7,,4.0,0.0,0.0,A01,138Â 301Â 412,0.0
961192,201900002723,5,5,02:45,3,1,1,1.0,6.0,78158,A13,M,"48,8315440","2,1461350",78,2019,110.0,1.0,1.0,1.0,2148230,1.0,1,3,1,0.0,,-1.0, -1,1995.0,B01,138Â 301Â 413,1.0,0.0,-1.0,1640482,1.0,7,,0.0,2.0,1.0,B01,138Â 301Â 413,0.0
961192,201900002723,5,5,02:45,3,1,1,1.0,6.0,78158,A13,M,"48,8315440","2,1461350",78,2019,110.0,1.0,1.0,1.0,2148230,1.0,1,3,1,0.0,,-1.0, -1,1995.0,B01,138Â 301Â 413,1.0,0.0,-1.0,1640483,1.0,10,,0.0,2.0,1.0,C01,138Â 301Â 414,1.0
961192,201900002723,5,5,02:45,3,1,1,1.0,6.0,78158,A13,M,"48,8315440","2,1461350",78,2019,110.0,1.0,1.0,1.0,2148231,2.0,2,1,1,0.0,,-1.0, -1,2000.0,B01,138Â 301Â 413,1.0,0.0,-1.0,1640481,1.0,7,,4.0,0.0,0.0,A01,138Â 301Â 412,0.0
961192,201900002723,5,5,02:45,3,1,1,1.0,6.0,78158,A13,M,"48,8315440","2,1461350",78,2019,110.0,1.0,1.0,1.0,2148231,2.0,2,1,1,0.0,,-1.0, -1,2000.0,B01,138Â 301Â 413,1.0,0.0,-1.0,1640482,1.0,7,,0.0,2.0,1.0,B01,138Â 301Â 413,0.0
961192,201900002723,5,5,02:45,3,1,1,1.0,6.0,78158,A13,M,"48,8315440","2,1461350",78,2019,110.0,1.0,1.0,1.0,2148231,2.0,2,1,1,0.0,,-1.0, -1,2000.0,B01,138Â 301Â 413,1.0,0.0,-1.0,1640483,1.0,10,,0.0,2.0,1.0,C01,138Â 301Â 414,1.0
961192,201900002723,5,5,02:45,3,1,1,1.0,6.0,78158,A13,M,"48,8315440","2,1461350",78,2019,110.0,1.0,1.0,1.0,2148232,1.0,1,4,1,0.0,,-1.0, -1,1975.0,C01,138Â 301Â 414,1.0,0.0,-1.0,1640481,1.0,7,,4.0,0.0,0.0,A01,138Â 301Â 412,0.0
961192,201900002723,5,5,02:45,3,1,1,1.0,6.0,78158,A13,M,"48,8315440","2,1461350",78,2019,110.0,1.0,1.0,1.0,2148232,1.0,1,4,1,0.0,,-1.0, -1,1975.0,C01,138Â 301Â 414,1.0,0.0,-1.0,1640482,1.0,7,,0.0,2.0,1.0,B01,138Â 301Â 413,0.0
961192,201900002723,5,5,02:45,3,1,1,1.0,6.0,78158,A13,M,"48,8315440","2,1461350",78,2019,110.0,1.0,1.0,1.0,2148232,1.0,1,4,1,0.0,,-1.0, -1,1975.0,C01,138Â 301Â 414,1.0,0.0,-1.0,1640483,1.0,10,,0.0,2.0,1.0,C01,138Â 301Â 414,1.0
961193,201900002724,5,4,16:37,1,1,1,8.0,6.0,78423,RN12,M,"48,7949300","2,0475500",78,2019,50.0,1.0,2.0,2.0,2148233,1.0,1,4,2,5.0,,-1.0,0,1990.0,A01,138Â 301Â 411,1.0,0.0,-1.0,1640484,2.0,7,,6.0,0.0,0.0,A01,138Â 301Â 411,1.0
961194,201900002725,5,4,14:30,1,1,1,2.0,6.0,78545,A12 Y,M,"48,8170300","2,0639200",78,2019,110.0,1.0,2.0,1.0,2148234,1.0,1,1,1,5.0,,-1.0, -1,1989.0,B01,138Â 301Â 409,1.0,0.0,-1.0,1640485,1.0,7,,4.0,2.0,1.0,B01,138Â 301Â 409,1.0
961194,201900002725,5,4,14:30,1,1,1,2.0,6.0,78545,A12 Y,M,"48,8170300","2,0639200",78,2019,110.0,1.0,2.0,1.0,2148234,1.0,1,1,1,5.0,,-1.0, -1,1989.0,B01,138Â 301Â 409,1.0,0.0,-1.0,1640486,1.0,7,,4.0,2.0,4.0,A01,138Â 301Â 410,1.0
961194,201900002725,5,4,14:30,1,1,1,2.0,6.0,78545,A12 Y,M,"48,8170300","2,0639200",78,2019,110.0,1.0,2.0,1.0,2148235,2.0,2,1,2,5.0,,-1.0, -1,1990.0,B01,138Â 301Â 409,1.0,0.0,-1.0,1640485,1.0,7,,4.0,2.0,1.0,B01,138Â 301Â 409,1.0
961194,201900002725,5,4,14:30,1,1,1,2.0,6.0,78545,A12 Y,M,"48,8170300","2,0639200",78,2019,110.0,1.0,2.0,1.0,2148235,2.0,2,1,2,5.0,,-1.0, -1,1990.0,B01,138Â 301Â 409,1.0,0.0,-1.0,1640486,1.0,7,,4.0,2.0,4.0,A01,138Â 301Â 410,1.0
961194,201900002725,5,4,14:30,1,1,1,2.0,6.0,78545,A12 Y,M,"48,8170300","2,0639200",78,2019,110.0,1.0,2.0,1.0,2148236,1.0,1,4,2,5.0,,-1.0, -1,1982.0,A01,138Â 301Â 410,1.0,0.0,-1.0,1640485,1.0,7,,4.0,2.0,1.0,B01,138Â 301Â 409,1.0
961194,201900002725,5,4,14:30,1,1,1,2.0,6.0,78545,A12 Y,M,"48,8170300","2,0639200",78,2019,110.0,1.0,2.0,1.0,2148236,1.0,1,4,2,5.0,,-1.0, -1,1982.0,A01,138Â 301Â 410,1.0,0.0,-1.0,1640486,1.0,7,,4.0,2.0,4.0,A01,138Â 301Â 410,1.0
961194,201900002725,5,4,14:30,1,1,1,2.0,6.0,78545,A12 Y,M,"48,8170300","2,0639200",78,2019,110.0,1.0,2.0,1.0,2148237,2.0,2,4,1,5.0,,-1.0, -1,2013.0,A01,138Â 301Â 410,1.0,0.0,-1.0,1640485,1.0,7,,4.0,2.0,1.0,B01,138Â 301Â 409,1.0
961194,201900002725,5,4,14:30,1,1,1,2.0,6.0,78545,A12 Y,M,"48,8170300","2,0639200",78,2019,110.0,1.0,2.0,1.0,2148237,2.0,2,4,1,5.0,,-1.0, -1,2013.0,A01,138Â 301Â 410,1.0,0.0,-1.0,1640486,1.0,7,,4.0,2.0,4.0,A01,138Â 301Â 410,1.0
961195,201900002726,5,4,04:15,3,1,1,1.0,2.0,78043,A12 W,M,"48,8312000","2,0829000",78,2019,110.0,1.0,1.0,1.0,2148238,1.0,1,4,2,0.0,,-1.0, -1,1997.0,A01,138Â 301Â 407,1.0,0.0,-1.0,1640487,2.0,7,,0.0,2.0,1.0,A01,138Â 301Â 407,1.0
961195,201900002726,5,4,04:15,3,1,1,1.0,2.0,78043,A12 W,M,"48,8312000","2,0829000",78,2019,110.0,1.0,1.0,1.0,2148238,1.0,1,4,2,0.0,,-1.0, -1,1997.0,A01,138Â 301Â 407,1.0,0.0,-1.0,1640488,2.0,7,,0.0,2.0,4.0,B01,138Â 301Â 408,1.0
961195,201900002726,5,4,04:15,3,1,1,1.0,2.0,78043,A12 W,M,"48,8312000","2,0829000",78,2019,110.0,1.0,1.0,1.0,2148239,1.0,1,1,2,0.0,,-1.0, -1,1993.0,B01,138Â 301Â 408,1.0,0.0,-1.0,1640487,2.0,7,,0.0,2.0,1.0,A01,138Â 301Â 407,1.0
961195,201900002726,5,4,04:15,3,1,1,1.0,2.0,78043,A12 W,M,"48,8312000","2,0829000",78,2019,110.0,1.0,1.0,1.0,2148239,1.0,1,1,2,0.0,,-1.0, -1,1993.0,B01,138Â 301Â 408,1.0,0.0,-1.0,1640488,2.0,7,,0.0,2.0,4.0,B01,138Â 301Â 408,1.0
961195,201900002726,5,4,04:15,3,1,1,1.0,2.0,78043,A12 W,M,"48,8312000","2,0829000",78,2019,110.0,1.0,1.0,1.0,2148240,2.0,2,1,1,0.0,,-1.0, -1,1997.0,B01,138Â 301Â 408,1.0,0.0,-1.0,1640487,2.0,7,,0.0,2.0,1.0,A01,138Â 301Â 407,1.0
961195,201900002726,5,4,04:15,3,1,1,1.0,2.0,78043,A12 W,M,"48,8312000","2,0829000",78,2019,110.0,1.0,1.0,1.0,2148240,2.0,2,1,1,0.0,,-1.0, -1,1997.0,B01,138Â 301Â 408,1.0,0.0,-1.0,1640488,2.0,7,,0.0,2.0,4.0,B01,138Â 301Â 408,1.0
961196,201900002727,5,3,23:00,4,1,1,1.0,6.0,92048,N118,M,"48,7951000","2,2179000",92,2019,90.0,1.0,1.0,2.0,2148241,1.0,1,4,2,0.0,,-1.0, -1,1993.0,A01,138Â 301Â 406,1.0,0.0,-1.0,1640489,1.0,10,,0.0,2.0,8.0,A01,138Â 301Â 406,1.0
961197,201900002728,5,2,08:30,1,1,1,1.0,2.0,92050,A86,M,"48,9142632","2,2194308",92,2019,90.0,1.0,1.0,1.0,2148242,1.0,1,1,1,1.0,,-1.0,0,1962.0,B01,138Â 301Â 404,1.0,0.0,-1.0,1640490,2.0,7,,0.0,2.0,3.0,B01,138Â 301Â 404,1.0
961197,201900002728,5,2,08:30,1,1,1,1.0,2.0,92050,A86,M,"48,9142632","2,2194308",92,2019,90.0,1.0,1.0,1.0,2148242,1.0,1,1,1,1.0,,-1.0,0,1962.0,B01,138Â 301Â 404,1.0,0.0,-1.0,1640491,2.0,33,,0.0,2.0,1.0,A01,138Â 301Â 405,1.0
961197,201900002728,5,2,08:30,1,1,1,1.0,2.0,92050,A86,M,"48,9142632","2,2194308",92,2019,90.0,1.0,1.0,1.0,2148243,1.0,1,4,1,1.0,,-1.0,0,1958.0,A01,138Â 301Â 405,2.0,0.0,-1.0,1640490,2.0,7,,0.0,2.0,3.0,B01,138Â 301Â 404,1.0
961197,201900002728,5,2,08:30,1,1,1,1.0,2.0,92050,A86,M,"48,9142632","2,2194308",92,2019,90.0,1.0,1.0,1.0,2148243,1.0,1,4,1,1.0,,-1.0,0,1958.0,A01,138Â 301Â 405,2.0,0.0,-1.0,1640491,2.0,33,,0.0,2.0,1.0,A01,138Â 301Â 405,1.0
961198,201900002729,5,1,23:00,5,1,1,1.0,6.0,92036,RN315 W,M,"48,9248619","2,2321858",92,2019,70.0,2.0,1.0,1.0,2148244,1.0,1,4,2,0.0,,-1.0,0,1995.0,A01,138Â 301Â 403,1.0,0.0,-1.0,1640492,2.0,7,,6.0,0.0,1.0,A01,138Â 301Â 403,1.0
961199,201900002730,5,1,15:55,1,1,1,1.0,5.0,78043,A12 Y,M,"48,8234700","2,0725500",78,2019,110.0,1.0,1.0,1.0,2148245,1.0,1,1,1,0.0,,-1.0,0,1965.0,C01,138Â 301Â 400,1.0,0.0,-1.0,1640493,1.0,10,,0.0,2.0,8.0,C01,138Â 301Â 400,1.0
961199,201900002730,5,1,15:55,1,1,1,1.0,5.0,78043,A12 Y,M,"48,8234700","2,0725500",78,2019,110.0,1.0,1.0,1.0,2148245,1.0,1,1,1,0.0,,-1.0,0,1965.0,C01,138Â 301Â 400,1.0,0.0,-1.0,1640494,1.0,7,,4.0,2.0,4.0,B01,138Â 301Â 401,1.0
961199,201900002730,5,1,15:55,1,1,1,1.0,5.0,78043,A12 Y,M,"48,8234700","2,0725500",78,2019,110.0,1.0,1.0,1.0,2148245,1.0,1,1,1,0.0,,-1.0,0,1965.0,C01,138Â 301Â 400,1.0,0.0,-1.0,1640495,1.0,7,,0.0,2.0,1.0,Z01,138Â 301Â 402,0.0
961199,201900002730,5,1,15:55,1,1,1,1.0,5.0,78043,A12 Y,M,"48,8234700","2,0725500",78,2019,110.0,1.0,1.0,1.0,2148246,2.0,2,4,2,0.0,,-1.0,0,1950.0,B01,138Â 301Â 401,1.0,0.0,-1.0,1640493,1.0,10,,0.0,2.0,8.0,C01,138Â 301Â 400,1.0
961199,201900002730,5,1,15:55,1,1,1,1.0,5.0,78043,A12 Y,M,"48,8234700","2,0725500",78,2019,110.0,1.0,1.0,1.0,2148246,2.0,2,4,2,0.0,,-1.0,0,1950.0,B01,138Â 301Â 401,1.0,0.0,-1.0,1640494,1.0,7,,4.0,2.0,4.0,B01,138Â 301Â 401,1.0
961199,201900002730,5,1,15:55,1,1,1,1.0,5.0,78043,A12 Y,M,"48,8234700","2,0725500",78,2019,110.0,1.0,1.0,1.0,2148246,2.0,2,4,2,0.0,,-1.0,0,1950.0,B01,138Â 301Â 401,1.0,0.0,-1.0,1640495,1.0,7,,0.0,2.0,1.0,Z01,138Â 301Â 402,0.0
961199,201900002730,5,1,15:55,1,1,1,1.0,5.0,78043,A12 Y,M,"48,8234700","2,0725500",78,2019,110.0,1.0,1.0,1.0,2148247,1.0,1,1,1,0.0,,-1.0,0,1969.0,B01,138Â 301Â 401,1.0,0.0,-1.0,1640493,1.0,10,,0.0,2.0,8.0,C01,138Â 301Â 400,1.0
961199,201900002730,5,1,15:55,1,1,1,1.0,5.0,78043,A12 Y,M,"48,8234700","2,0725500",78,2019,110.0,1.0,1.0,1.0,2148247,1.0,1,1,1,0.0,,-1.0,0,1969.0,B01,138Â 301Â 401,1.0,0.0,-1.0,1640494,1.0,7,,4.0,2.0,4.0,B01,138Â 301Â 401,1.0
961199,201900002730,5,1,15:55,1,1,1,1.0,5.0,78043,A12 Y,M,"48,8234700","2,0725500",78,2019,110.0,1.0,1.0,1.0,2148247,1.0,1,1,1,0.0,,-1.0,0,1969.0,B01,138Â 301Â 401,1.0,0.0,-1.0,1640495,1.0,7,,0.0,2.0,1.0,Z01,138Â 301Â 402,0.0
961200,201900002731,4,30,18:15,1,1,1,1.0,3.0,78238,A13,M,"48,9705580","1,8862700",78,2019,130.0,1.0,1.0,1.0,2148248,1.0,1,4,1,5.0,,-1.0,0,1990.0,A01,138Â 301Â 398,2.0,0.0,-1.0,1640496,1.0,33,,3.0,2.0,2.0,A01,138Â 301Â 398,0.0