Unnamed: 0_x,num_acc,mois,jour,hrmn,lum,agg,int,atm,col,com,adr,gps,lat,long,dep,annee,vma,situ,surf,catr,Unnamed: 0_y,place,catu,grav,sexe,trajet,secu,locp,actp,an_nais,num_veh_x,id_vehicule_x,secu1,secu2,secu3,Unnamed: 0,senc,catv,occutc,obs,obsm,choc,num_veh_y,id_vehicule_y,motor
961200,201900002731,4,30,18:15,1,1,1,1.0,3.0,78238,A13,M,"48,9705580","1,8862700",78,2019,130.0,1.0,1.0,1.0,2148248,1.0,1,4,1,5.0,,-1.0,0,1990.0,A01,138Â 301Â 398,2.0,0.0,-1.0,1640497,1.0,10,,0.0,2.0,2.0,B01,138Â 301Â 399,0.0
961200,201900002731,4,30,18:15,1,1,1,1.0,3.0,78238,A13,M,"48,9705580","1,8862700",78,2019,130.0,1.0,1.0,1.0,2148249,1.0,1,1,1,1.0,,-1.0,0,1990.0,B01,138Â 301Â 399,1.0,0.0,-1.0,1640496,1.0,33,,3.0,2.0,2.0,A01,138Â 301Â 398,0.0
961200,201900002731,4,30,18:15,1,1,1,1.0,3.0,78238,A13,M,"48,9705580","1,8862700",78,2019,130.0,1.0,1.0,1.0,2148249,1.0,1,1,1,1.0,,-1.0,0,1990.0,B01,138Â 301Â 399,1.0,0.0,-1.0,1640497,1.0,10,,0.0,2.0,2.0,B01,138Â 301Â 399,0.0
961201,201900002732,4,30,14:10,1,1,1,1.0,3.0,92050,A86,M,"48,9023632","2,2040518",92,2019,90.0,1.0,1.0,1.0,2148250,1.0,1,4,1,0.0,,-1.0,0,1977.0,B01,138Â 301Â 396,1.0,0.0,-1.0,1640498,1.0,7,,0.0,2.0,6.0,B01,138Â 301Â 396,1.0
961201,201900002732,4,30,14:10,1,1,1,1.0,3.0,92050,A86,M,"48,9023632","2,2040518",92,2019,90.0,1.0,1.0,1.0,2148250,1.0,1,4,1,0.0,,-1.0,0,1977.0,B01,138Â 301Â 396,1.0,0.0,-1.0,1640499,1.0,14,,0.0,2.0,2.0,A01,138Â 301Â 397,1.0
961201,201900002732,4,30,14:10,1,1,1,1.0,3.0,92050,A86,M,"48,9023632","2,2040518",92,2019,90.0,1.0,1.0,1.0,2148251,1.0,1,1,1,4.0,,-1.0,0,1990.0,A01,138Â 301Â 397,1.0,0.0,-1.0,1640498,1.0,7,,0.0,2.0,6.0,B01,138Â 301Â 396,1.0
961201,201900002732,4,30,14:10,1,1,1,1.0,3.0,92050,A86,M,"48,9023632","2,2040518",92,2019,90.0,1.0,1.0,1.0,2148251,1.0,1,1,1,4.0,,-1.0,0,1990.0,A01,138Â 301Â 397,1.0,0.0,-1.0,1640499,1.0,14,,0.0,2.0,2.0,A01,138Â 301Â 397,1.0
961202,201900002733,4,29,12:10,1,1,1,1.0,5.0,78217,A13,M,"48,9650620","1,8187830",78,2019,130.0,1.0,1.0,1.0,2148252,1.0,1,4,1,0.0,,-1.0,0,1974.0,A01,138Â 301Â 393,1.0,8.0,-1.0,1640500,1.0,10,,0.0,2.0,2.0,A01,138Â 301Â 393,1.0
961202,201900002733,4,29,12:10,1,1,1,1.0,5.0,78217,A13,M,"48,9650620","1,8187830",78,2019,130.0,1.0,1.0,1.0,2148252,1.0,1,4,1,0.0,,-1.0,0,1974.0,A01,138Â 301Â 393,1.0,8.0,-1.0,1640501,1.0,15,,0.0,2.0,3.0,B01,138Â 301Â 394,1.0
961202,201900002733,4,29,12:10,1,1,1,1.0,5.0,78217,A13,M,"48,9650620","1,8187830",78,2019,130.0,1.0,1.0,1.0,2148252,1.0,1,4,1,0.0,,-1.0,0,1974.0,A01,138Â 301Â 393,1.0,8.0,-1.0,1640502,1.0,10,,0.0,2.0,1.0,C01,138Â 301Â 395,1.0
961202,201900002733,4,29,12:10,1,1,1,1.0,5.0,78217,A13,M,"48,9650620","1,8187830",78,2019,130.0,1.0,1.0,1.0,2148253,1.0,1,1,1,0.0,,-1.0,0,1989.0,B01,138Â 301Â 394,1.0,8.0,-1.0,1640500,1.0,10,,0.0,2.0,2.0,A01,138Â 301Â 393,1.0
961202,201900002733,4,29,12:10,1,1,1,1.0,5.0,78217,A13,M,"48,9650620","1,8187830",78,2019,130.0,1.0,1.0,1.0,2148253,1.0,1,1,1,0.0,,-1.0,0,1989.0,B01,138Â 301Â 394,1.0,8.0,-1.0,1640501,1.0,15,,0.0,2.0,3.0,B01,138Â 301Â 394,1.0
961202,201900002733,4,29,12:10,1,1,1,1.0,5.0,78217,A13,M,"48,9650620","1,8187830",78,2019,130.0,1.0,1.0,1.0,2148253,1.0,1,1,1,0.0,,-1.0,0,1989.0,B01,138Â 301Â 394,1.0,8.0,-1.0,1640502,1.0,10,,0.0,2.0,1.0,C01,138Â 301Â 395,1.0
961202,201900002733,4,29,12:10,1,1,1,1.0,5.0,78217,A13,M,"48,9650620","1,8187830",78,2019,130.0,1.0,1.0,1.0,2148254,1.0,1,4,2,0.0,,-1.0,0,1971.0,C01,138Â 301Â 395,1.0,0.0,-1.0,1640500,1.0,10,,0.0,2.0,2.0,A01,138Â 301Â 393,1.0
961202,201900002733,4,29,12:10,1,1,1,1.0,5.0,78217,A13,M,"48,9650620","1,8187830",78,2019,130.0,1.0,1.0,1.0,2148254,1.0,1,4,2,0.0,,-1.0,0,1971.0,C01,138Â 301Â 395,1.0,0.0,-1.0,1640501,1.0,15,,0.0,2.0,3.0,B01,138Â 301Â 394,1.0
961202,201900002733,4,29,12:10,1,1,1,1.0,5.0,78217,A13,M,"48,9650620","1,8187830",78,2019,130.0,1.0,1.0,1.0,2148254,1.0,1,4,2,0.0,,-1.0,0,1971.0,C01,138Â 301Â 395,1.0,0.0,-1.0,1640502,1.0,10,,0.0,2.0,1.0,C01,138Â 301Â 395,1.0
961203,201900002734,4,27,19:30,1,1,1,3.0,7.0,78423,A12 Y,M,"48,7954400","2,0446100",78,2019,30.0,1.0,2.0,1.0,2148255,1.0,1,4,2,0.0,,-1.0,0,1995.0,A01,138Â 301Â 392,1.0,8.0,-1.0,1640503,2.0,7,,4.0,0.0,0.0,A01,138Â 301Â 392,1.0
961204,201900002735,5,29,07:32,1,1,1,1.0,3.0,95491,AUTOROUTE A115,M,"48,9975400","2,2461700",95,2019,70.0,1.0,1.0,1.0,2148256,1.0,1,1,1,1.0,,-1.0,0,1995.0,A01,138Â 301Â 390,1.0,0.0,-1.0,1640504,2.0,7,,0.0,2.0,7.0,A01,138Â 301Â 390,1.0
961204,201900002735,5,29,07:32,1,1,1,1.0,3.0,95491,AUTOROUTE A115,M,"48,9975400","2,2461700",95,2019,70.0,1.0,1.0,1.0,2148256,1.0,1,1,1,1.0,,-1.0,0,1995.0,A01,138Â 301Â 390,1.0,0.0,-1.0,1640505,2.0,31,,0.0,2.0,8.0,B01,138Â 301Â 391,1.0
961204,201900002735,5,29,07:32,1,1,1,1.0,3.0,95491,AUTOROUTE A115,M,"48,9975400","2,2461700",95,2019,70.0,1.0,1.0,1.0,2148257,1.0,1,4,1,1.0,,-1.0,0,1966.0,B01,138Â 301Â 391,2.0,6.0,-1.0,1640504,2.0,7,,0.0,2.0,7.0,A01,138Â 301Â 390,1.0
961204,201900002735,5,29,07:32,1,1,1,1.0,3.0,95491,AUTOROUTE A115,M,"48,9975400","2,2461700",95,2019,70.0,1.0,1.0,1.0,2148257,1.0,1,4,1,1.0,,-1.0,0,1966.0,B01,138Â 301Â 391,2.0,6.0,-1.0,1640505,2.0,31,,0.0,2.0,8.0,B01,138Â 301Â 391,1.0
961205,201900002736,5,28,18:40,1,1,1,1.0,2.0,95018,AUTOROUTE A15,M,"48,9532100","2,2793700",95,2019,110.0,1.0,1.0,1.0,2148258,1.0,1,4,2,1.0,,-1.0,0,1990.0,B01,138Â 301Â 388,1.0,8.0,-1.0,1640506,1.0,7,,0.0,2.0,5.0,B01,138Â 301Â 388,1.0
961205,201900002736,5,28,18:40,1,1,1,1.0,2.0,95018,AUTOROUTE A15,M,"48,9532100","2,2793700",95,2019,110.0,1.0,1.0,1.0,2148258,1.0,1,4,2,1.0,,-1.0,0,1990.0,B01,138Â 301Â 388,1.0,8.0,-1.0,1640507,1.0,7,,0.0,2.0,3.0,A01,138Â 301Â 389,1.0
961205,201900002736,5,28,18:40,1,1,1,1.0,2.0,95018,AUTOROUTE A15,M,"48,9532100","2,2793700",95,2019,110.0,1.0,1.0,1.0,2148259,1.0,1,1,2,3.0,,-1.0,0,1958.0,A01,138Â 301Â 389,1.0,8.0,-1.0,1640506,1.0,7,,0.0,2.0,5.0,B01,138Â 301Â 388,1.0
961205,201900002736,5,28,18:40,1,1,1,1.0,2.0,95018,AUTOROUTE A15,M,"48,9532100","2,2793700",95,2019,110.0,1.0,1.0,1.0,2148259,1.0,1,1,2,3.0,,-1.0,0,1958.0,A01,138Â 301Â 389,1.0,8.0,-1.0,1640507,1.0,7,,0.0,2.0,3.0,A01,138Â 301Â 389,1.0
961206,201900002737,5,27,23:00,3,1,1,1.0,2.0,95678,RN 184,M,"49,0731700","2,2341200",95,2019,110.0,1.0,1.0,2.0,2148260,1.0,1,1,2,5.0,,-1.0,0,1999.0,B01,138Â 301Â 386,8.0,0.0,-1.0,1640508,2.0,7,,0.0,2.0,4.0,B01,138Â 301Â 386,1.0
961206,201900002737,5,27,23:00,3,1,1,1.0,2.0,95678,RN 184,M,"49,0731700","2,2341200",95,2019,110.0,1.0,1.0,2.0,2148260,1.0,1,1,2,5.0,,-1.0,0,1999.0,B01,138Â 301Â 386,8.0,0.0,-1.0,1640509,2.0,7,,1.0,0.0,1.0,A01,138Â 301Â 387,1.0
961206,201900002737,5,27,23:00,3,1,1,1.0,2.0,95678,RN 184,M,"49,0731700","2,2341200",95,2019,110.0,1.0,1.0,2.0,2148261,1.0,1,1,1,5.0,,-1.0,0,2000.0,A01,138Â 301Â 387,1.0,0.0,-1.0,1640508,2.0,7,,0.0,2.0,4.0,B01,138Â 301Â 386,1.0
961206,201900002737,5,27,23:00,3,1,1,1.0,2.0,95678,RN 184,M,"49,0731700","2,2341200",95,2019,110.0,1.0,1.0,2.0,2148261,1.0,1,1,1,5.0,,-1.0,0,2000.0,A01,138Â 301Â 387,1.0,0.0,-1.0,1640509,2.0,7,,1.0,0.0,1.0,A01,138Â 301Â 387,1.0
961206,201900002737,5,27,23:00,3,1,1,1.0,2.0,95678,RN 184,M,"49,0731700","2,2341200",95,2019,110.0,1.0,1.0,2.0,2148262,2.0,2,4,2,5.0,,-1.0,0,2000.0,A01,138Â 301Â 387,1.0,0.0,-1.0,1640508,2.0,7,,0.0,2.0,4.0,B01,138Â 301Â 386,1.0
961206,201900002737,5,27,23:00,3,1,1,1.0,2.0,95678,RN 184,M,"49,0731700","2,2341200",95,2019,110.0,1.0,1.0,2.0,2148262,2.0,2,4,2,5.0,,-1.0,0,2000.0,A01,138Â 301Â 387,1.0,0.0,-1.0,1640509,2.0,7,,1.0,0.0,1.0,A01,138Â 301Â 387,1.0
961207,201900002738,5,26,19:30,1,1,1,1.0,5.0,93005,AUTOROUTE A104,M,"48,9718100","2,4959000",93,2019,110.0,1.0,1.0,1.0,2148263,1.0,1,1,1,0.0,,-1.0, -1,1977.0,C01,138Â 301Â 383,1.0,0.0,-1.0,1640510,1.0,7,,14.0,0.0,2.0,C01,138Â 301Â 383,1.0
961207,201900002738,5,26,19:30,1,1,1,1.0,5.0,93005,AUTOROUTE A104,M,"48,9718100","2,4959000",93,2019,110.0,1.0,1.0,1.0,2148263,1.0,1,1,1,0.0,,-1.0, -1,1977.0,C01,138Â 301Â 383,1.0,0.0,-1.0,1640511,1.0,7,,0.0,2.0,5.0,B01,138Â 301Â 384,1.0
961207,201900002738,5,26,19:30,1,1,1,1.0,5.0,93005,AUTOROUTE A104,M,"48,9718100","2,4959000",93,2019,110.0,1.0,1.0,1.0,2148263,1.0,1,1,1,0.0,,-1.0, -1,1977.0,C01,138Â 301Â 383,1.0,0.0,-1.0,1640512,1.0,7,,0.0,2.0,3.0,A01,138Â 301Â 385,1.0
961207,201900002738,5,26,19:30,1,1,1,1.0,5.0,93005,AUTOROUTE A104,M,"48,9718100","2,4959000",93,2019,110.0,1.0,1.0,1.0,2148264,1.0,1,1,1,5.0,,-1.0, -1,1996.0,B01,138Â 301Â 384,1.0,0.0,-1.0,1640510,1.0,7,,14.0,0.0,2.0,C01,138Â 301Â 383,1.0
961207,201900002738,5,26,19:30,1,1,1,1.0,5.0,93005,AUTOROUTE A104,M,"48,9718100","2,4959000",93,2019,110.0,1.0,1.0,1.0,2148264,1.0,1,1,1,5.0,,-1.0, -1,1996.0,B01,138Â 301Â 384,1.0,0.0,-1.0,1640511,1.0,7,,0.0,2.0,5.0,B01,138Â 301Â 384,1.0
961207,201900002738,5,26,19:30,1,1,1,1.0,5.0,93005,AUTOROUTE A104,M,"48,9718100","2,4959000",93,2019,110.0,1.0,1.0,1.0,2148264,1.0,1,1,1,5.0,,-1.0, -1,1996.0,B01,138Â 301Â 384,1.0,0.0,-1.0,1640512,1.0,7,,0.0,2.0,3.0,A01,138Â 301Â 385,1.0
961207,201900002738,5,26,19:30,1,1,1,1.0,5.0,93005,AUTOROUTE A104,M,"48,9718100","2,4959000",93,2019,110.0,1.0,1.0,1.0,2148265,2.0,2,4,1,5.0,,-1.0, -1,1984.0,A01,138Â 301Â 385,1.0,0.0,-1.0,1640510,1.0,7,,14.0,0.0,2.0,C01,138Â 301Â 383,1.0
961207,201900002738,5,26,19:30,1,1,1,1.0,5.0,93005,AUTOROUTE A104,M,"48,9718100","2,4959000",93,2019,110.0,1.0,1.0,1.0,2148265,2.0,2,4,1,5.0,,-1.0, -1,1984.0,A01,138Â 301Â 385,1.0,0.0,-1.0,1640511,1.0,7,,0.0,2.0,5.0,B01,138Â 301Â 384,1.0
961207,201900002738,5,26,19:30,1,1,1,1.0,5.0,93005,AUTOROUTE A104,M,"48,9718100","2,4959000",93,2019,110.0,1.0,1.0,1.0,2148265,2.0,2,4,1,5.0,,-1.0, -1,1984.0,A01,138Â 301Â 385,1.0,0.0,-1.0,1640512,1.0,7,,0.0,2.0,3.0,A01,138Â 301Â 385,1.0
961207,201900002738,5,26,19:30,1,1,1,1.0,5.0,93005,AUTOROUTE A104,M,"48,9718100","2,4959000",93,2019,110.0,1.0,1.0,1.0,2148266,1.0,1,1,1,5.0,,-1.0, -1,1979.0,A01,138Â 301Â 385,1.0,0.0,-1.0,1640510,1.0,7,,14.0,0.0,2.0,C01,138Â 301Â 383,1.0
961207,201900002738,5,26,19:30,1,1,1,1.0,5.0,93005,AUTOROUTE A104,M,"48,9718100","2,4959000",93,2019,110.0,1.0,1.0,1.0,2148266,1.0,1,1,1,5.0,,-1.0, -1,1979.0,A01,138Â 301Â 385,1.0,0.0,-1.0,1640511,1.0,7,,0.0,2.0,5.0,B01,138Â 301Â 384,1.0
961207,201900002738,5,26,19:30,1,1,1,1.0,5.0,93005,AUTOROUTE A104,M,"48,9718100","2,4959000",93,2019,110.0,1.0,1.0,1.0,2148266,1.0,1,1,1,5.0,,-1.0, -1,1979.0,A01,138Â 301Â 385,1.0,0.0,-1.0,1640512,1.0,7,,0.0,2.0,3.0,A01,138Â 301Â 385,1.0
961208,201900002739,5,26,21:20,3,1,1,1.0,2.0,93053,AUTOROUTE A86,M,"48,8920300","2,4728400",93,2019,70.0,1.0,1.0,1.0,2148267,1.0,1,1,1,0.0,,-1.0, -1,1964.0,B01,138Â 301Â 381,1.0,0.0,-1.0,1640513,1.0,7,,0.0,2.0,4.0,B01,138Â 301Â 381,1.0
961208,201900002739,5,26,21:20,3,1,1,1.0,2.0,93053,AUTOROUTE A86,M,"48,8920300","2,4728400",93,2019,70.0,1.0,1.0,1.0,2148267,1.0,1,1,1,0.0,,-1.0, -1,1964.0,B01,138Â 301Â 381,1.0,0.0,-1.0,1640514,1.0,7,,0.0,2.0,1.0,A01,138Â 301Â 382,1.0
961208,201900002739,5,26,21:20,3,1,1,1.0,2.0,93053,AUTOROUTE A86,M,"48,8920300","2,4728400",93,2019,70.0,1.0,1.0,1.0,2148268,4.0,2,4,2,0.0,,-1.0, -1,2001.0,B01,138Â 301Â 381,1.0,0.0,-1.0,1640513,1.0,7,,0.0,2.0,4.0,B01,138Â 301Â 381,1.0
961208,201900002739,5,26,21:20,3,1,1,1.0,2.0,93053,AUTOROUTE A86,M,"48,8920300","2,4728400",93,2019,70.0,1.0,1.0,1.0,2148268,4.0,2,4,2,0.0,,-1.0, -1,2001.0,B01,138Â 301Â 381,1.0,0.0,-1.0,1640514,1.0,7,,0.0,2.0,1.0,A01,138Â 301Â 382,1.0
961208,201900002739,5,26,21:20,3,1,1,1.0,2.0,93053,AUTOROUTE A86,M,"48,8920300","2,4728400",93,2019,70.0,1.0,1.0,1.0,2148269,2.0,2,4,2,0.0,,-1.0, -1,1969.0,B01,138Â 301Â 381,1.0,0.0,-1.0,1640513,1.0,7,,0.0,2.0,4.0,B01,138Â 301Â 381,1.0
961208,201900002739,5,26,21:20,3,1,1,1.0,2.0,93053,AUTOROUTE A86,M,"48,8920300","2,4728400",93,2019,70.0,1.0,1.0,1.0,2148269,2.0,2,4,2,0.0,,-1.0, -1,1969.0,B01,138Â 301Â 381,1.0,0.0,-1.0,1640514,1.0,7,,0.0,2.0,1.0,A01,138Â 301Â 382,1.0
961208,201900002739,5,26,21:20,3,1,1,1.0,2.0,93053,AUTOROUTE A86,M,"48,8920300","2,4728400",93,2019,70.0,1.0,1.0,1.0,2148270,1.0,1,1,2,0.0,,-1.0, -1,1998.0,A01,138Â 301Â 382,1.0,0.0,-1.0,1640513,1.0,7,,0.0,2.0,4.0,B01,138Â 301Â 381,1.0
961208,201900002739,5,26,21:20,3,1,1,1.0,2.0,93053,AUTOROUTE A86,M,"48,8920300","2,4728400",93,2019,70.0,1.0,1.0,1.0,2148270,1.0,1,1,2,0.0,,-1.0, -1,1998.0,A01,138Â 301Â 382,1.0,0.0,-1.0,1640514,1.0,7,,0.0,2.0,1.0,A01,138Â 301Â 382,1.0
961209,201900002740,5,25,22:15,3,1,1,1.0,3.0,92078,AUTOROUTE A86,M,"48,9288861","2,3300066",92,2019,90.0,1.0,1.0,1.0,2148271,1.0,1,4,2,0.0,,-1.0,0,1991.0,A01,138Â 301Â 379,1.0,0.0,-1.0,1640515,1.0,7,,0.0,2.0,2.0,A01,138Â 301Â 379,1.0
961209,201900002740,5,25,22:15,3,1,1,1.0,3.0,92078,AUTOROUTE A86,M,"48,9288861","2,3300066",92,2019,90.0,1.0,1.0,1.0,2148271,1.0,1,4,2,0.0,,-1.0,0,1991.0,A01,138Â 301Â 379,1.0,0.0,-1.0,1640516,1.0,10,,0.0,2.0,8.0,B01,138Â 301Â 380,1.0
961209,201900002740,5,25,22:15,3,1,1,1.0,3.0,92078,AUTOROUTE A86,M,"48,9288861","2,3300066",92,2019,90.0,1.0,1.0,1.0,2148272,1.0,1,1,1,0.0,,-1.0,0,1975.0,B01,138Â 301Â 380,1.0,0.0,-1.0,1640515,1.0,7,,0.0,2.0,2.0,A01,138Â 301Â 379,1.0
961209,201900002740,5,25,22:15,3,1,1,1.0,3.0,92078,AUTOROUTE A86,M,"48,9288861","2,3300066",92,2019,90.0,1.0,1.0,1.0,2148272,1.0,1,1,1,0.0,,-1.0,0,1975.0,B01,138Â 301Â 380,1.0,0.0,-1.0,1640516,1.0,10,,0.0,2.0,8.0,B01,138Â 301Â 380,1.0
961210,201900002741,5,25,16:45,1,1,1,1.0,3.0,93066,AUTOROUTE A1,M,"48,9076200","2,3584800",93,2019,90.0,1.0,1.0,1.0,2148273,1.0,1,4,1,0.0,,-1.0, -1,1966.0,A01,138Â 301Â 377,2.0,6.0,-1.0,1640517,1.0,43,,0.0,2.0,0.0,A01,138Â 301Â 377,1.0
961210,201900002741,5,25,16:45,1,1,1,1.0,3.0,93066,AUTOROUTE A1,M,"48,9076200","2,3584800",93,2019,90.0,1.0,1.0,1.0,2148273,1.0,1,4,1,0.0,,-1.0, -1,1966.0,A01,138Â 301Â 377,2.0,6.0,-1.0,1640518,1.0,7,,0.0,2.0,0.0,Z01,138Â 301Â 378,0.0
961211,201900002742,5,25,14:00,1,1,1,1.0,4.0,93053,AUTOROUTE A3,M,"48,8840600","2,4635600",93,2019,90.0,1.0,1.0,1.0,2148274,1.0,1,1,1,0.0,,-1.0, -1,1984.0,D01,138Â 301Â 373,1.0,0.0,-1.0,1640519,2.0,7,,0.0,2.0,4.0,D01,138Â 301Â 373,1.0
961211,201900002742,5,25,14:00,1,1,1,1.0,4.0,93053,AUTOROUTE A3,M,"48,8840600","2,4635600",93,2019,90.0,1.0,1.0,1.0,2148274,1.0,1,1,1,0.0,,-1.0, -1,1984.0,D01,138Â 301Â 373,1.0,0.0,-1.0,1640520,2.0,7,,0.0,2.0,4.0,B01,138Â 301Â 374,1.0
961211,201900002742,5,25,14:00,1,1,1,1.0,4.0,93053,AUTOROUTE A3,M,"48,8840600","2,4635600",93,2019,90.0,1.0,1.0,1.0,2148274,1.0,1,1,1,0.0,,-1.0, -1,1984.0,D01,138Â 301Â 373,1.0,0.0,-1.0,1640521,2.0,10,,0.0,2.0,4.0,C01,138Â 301Â 375,1.0
961211,201900002742,5,25,14:00,1,1,1,1.0,4.0,93053,AUTOROUTE A3,M,"48,8840600","2,4635600",93,2019,90.0,1.0,1.0,1.0,2148274,1.0,1,1,1,0.0,,-1.0, -1,1984.0,D01,138Â 301Â 373,1.0,0.0,-1.0,1640522,2.0,15,,1.0,0.0,1.0,A01,138Â 301Â 376,1.0
961211,201900002742,5,25,14:00,1,1,1,1.0,4.0,93053,AUTOROUTE A3,M,"48,8840600","2,4635600",93,2019,90.0,1.0,1.0,1.0,2148275,1.0,1,4,1,0.0,,-1.0, -1,1982.0,B01,138Â 301Â 374,1.0,0.0,-1.0,1640519,2.0,7,,0.0,2.0,4.0,D01,138Â 301Â 373,1.0
961211,201900002742,5,25,14:00,1,1,1,1.0,4.0,93053,AUTOROUTE A3,M,"48,8840600","2,4635600",93,2019,90.0,1.0,1.0,1.0,2148275,1.0,1,4,1,0.0,,-1.0, -1,1982.0,B01,138Â 301Â 374,1.0,0.0,-1.0,1640520,2.0,7,,0.0,2.0,4.0,B01,138Â 301Â 374,1.0
961211,201900002742,5,25,14:00,1,1,1,1.0,4.0,93053,AUTOROUTE A3,M,"48,8840600","2,4635600",93,2019,90.0,1.0,1.0,1.0,2148275,1.0,1,4,1,0.0,,-1.0, -1,1982.0,B01,138Â 301Â 374,1.0,0.0,-1.0,1640521,2.0,10,,0.0,2.0,4.0,C01,138Â 301Â 375,1.0
961211,201900002742,5,25,14:00,1,1,1,1.0,4.0,93053,AUTOROUTE A3,M,"48,8840600","2,4635600",93,2019,90.0,1.0,1.0,1.0,2148275,1.0,1,4,1,0.0,,-1.0, -1,1982.0,B01,138Â 301Â 374,1.0,0.0,-1.0,1640522,2.0,15,,1.0,0.0,1.0,A01,138Â 301Â 376,1.0
961211,201900002742,5,25,14:00,1,1,1,1.0,4.0,93053,AUTOROUTE A3,M,"48,8840600","2,4635600",93,2019,90.0,1.0,1.0,1.0,2148276,2.0,2,4,1,0.0,,-1.0, -1,1994.0,B01,138Â 301Â 374,1.0,0.0,-1.0,1640519,2.0,7,,0.0,2.0,4.0,D01,138Â 301Â 373,1.0
961211,201900002742,5,25,14:00,1,1,1,1.0,4.0,93053,AUTOROUTE A3,M,"48,8840600","2,4635600",93,2019,90.0,1.0,1.0,1.0,2148276,2.0,2,4,1,0.0,,-1.0, -1,1994.0,B01,138Â 301Â 374,1.0,0.0,-1.0,1640520,2.0,7,,0.0,2.0,4.0,B01,138Â 301Â 374,1.0
961211,201900002742,5,25,14:00,1,1,1,1.0,4.0,93053,AUTOROUTE A3,M,"48,8840600","2,4635600",93,2019,90.0,1.0,1.0,1.0,2148276,2.0,2,4,1,0.0,,-1.0, -1,1994.0,B01,138Â 301Â 374,1.0,0.0,-1.0,1640521,2.0,10,,0.0,2.0,4.0,C01,138Â 301Â 375,1.0
961211,201900002742,5,25,14:00,1,1,1,1.0,4.0,93053,AUTOROUTE A3,M,"48,8840600","2,4635600",93,2019,90.0,1.0,1.0,1.0,2148276,2.0,2,4,1,0.0,,-1.0, -1,1994.0,B01,138Â 301Â 374,1.0,0.0,-1.0,1640522,2.0,15,,1.0,0.0,1.0,A01,138Â 301Â 376,1.0
961211,201900002742,5,25,14:00,1,1,1,1.0,4.0,93053,AUTOROUTE A3,M,"48,8840600","2,4635600",93,2019,90.0,1.0,1.0,1.0,2148277,1.0,1,4,1,0.0,,-1.0, -1,1975.0,C01,138Â 301Â 375,1.0,0.0,-1.0,1640519,2.0,7,,0.0,2.0,4.0,D01,138Â 301Â 373,1.0
961211,201900002742,5,25,14:00,1,1,1,1.0,4.0,93053,AUTOROUTE A3,M,"48,8840600","2,4635600",93,2019,90.0,1.0,1.0,1.0,2148277,1.0,1,4,1,0.0,,-1.0, -1,1975.0,C01,138Â 301Â 375,1.0,0.0,-1.0,1640520,2.0,7,,0.0,2.0,4.0,B01,138Â 301Â 374,1.0
961211,201900002742,5,25,14:00,1,1,1,1.0,4.0,93053,AUTOROUTE A3,M,"48,8840600","2,4635600",93,2019,90.0,1.0,1.0,1.0,2148277,1.0,1,4,1,0.0,,-1.0, -1,1975.0,C01,138Â 301Â 375,1.0,0.0,-1.0,1640521,2.0,10,,0.0,2.0,4.0,C01,138Â 301Â 375,1.0
961211,201900002742,5,25,14:00,1,1,1,1.0,4.0,93053,AUTOROUTE A3,M,"48,8840600","2,4635600",93,2019,90.0,1.0,1.0,1.0,2148277,1.0,1,4,1,0.0,,-1.0, -1,1975.0,C01,138Â 301Â 375,1.0,0.0,-1.0,1640522,2.0,15,,1.0,0.0,1.0,A01,138Â 301Â 376,1.0
961211,201900002742,5,25,14:00,1,1,1,1.0,4.0,93053,AUTOROUTE A3,M,"48,8840600","2,4635600",93,2019,90.0,1.0,1.0,1.0,2148278,1.0,1,1,1,4.0,,-1.0, -1,1992.0,A01,138Â 301Â 376,1.0,0.0,-1.0,1640519,2.0,7,,0.0,2.0,4.0,D01,138Â 301Â 373,1.0
961211,201900002742,5,25,14:00,1,1,1,1.0,4.0,93053,AUTOROUTE A3,M,"48,8840600","2,4635600",93,2019,90.0,1.0,1.0,1.0,2148278,1.0,1,1,1,4.0,,-1.0, -1,1992.0,A01,138Â 301Â 376,1.0,0.0,-1.0,1640520,2.0,7,,0.0,2.0,4.0,B01,138Â 301Â 374,1.0
961211,201900002742,5,25,14:00,1,1,1,1.0,4.0,93053,AUTOROUTE A3,M,"48,8840600","2,4635600",93,2019,90.0,1.0,1.0,1.0,2148278,1.0,1,1,1,4.0,,-1.0, -1,1992.0,A01,138Â 301Â 376,1.0,0.0,-1.0,1640521,2.0,10,,0.0,2.0,4.0,C01,138Â 301Â 375,1.0
961211,201900002742,5,25,14:00,1,1,1,1.0,4.0,93053,AUTOROUTE A3,M,"48,8840600","2,4635600",93,2019,90.0,1.0,1.0,1.0,2148278,1.0,1,1,1,4.0,,-1.0, -1,1992.0,A01,138Â 301Â 376,1.0,0.0,-1.0,1640522,2.0,15,,1.0,0.0,1.0,A01,138Â 301Â 376,1.0
961212,201900002743,5,25,07:15,1,1,1,1.0,6.0,93064,AUTOROUTE A86,M,"48,8840500","2,4715600",93,2019,70.0,1.0,1.0,1.0,2148279,1.0,1,4,2,0.0,,-1.0, -1,1993.0,A01,138Â 301Â 372,1.0,8.0,-1.0,1640523,2.0,7,,4.0,0.0,5.0,A01,138Â 301Â 372,1.0
961212,201900002743,5,25,07:15,1,1,1,1.0,6.0,93064,AUTOROUTE A86,M,"48,8840500","2,4715600",93,2019,70.0,1.0,1.0,1.0,2148280,2.0,2,4,2,0.0,,-1.0, -1,1992.0,A01,138Â 301Â 372,1.0,8.0,-1.0,1640523,2.0,7,,4.0,0.0,5.0,A01,138Â 301Â 372,1.0