Unnamed: 0_x,num_acc,mois,jour,hrmn,lum,agg,int,atm,col,com,adr,gps,lat,long,dep,annee,vma,situ,surf,catr,Unnamed: 0_y,place,catu,grav,sexe,trajet,secu,locp,actp,an_nais,num_veh_x,id_vehicule_x,secu1,secu2,secu3,Unnamed: 0,senc,catv,occutc,obs,obsm,choc,num_veh_y,id_vehicule_y,motor
961213,201900002744,5,25,03:00,4,1,1,1.0,7.0,95563,AUTOROUTE A115,M,"49,0106600","2,2289300",95,2019,90.0,1.0,1.0,1.0,2148281,1.0,1,4,1,5.0,,-1.0,0,1970.0,A01,138Â 301Â 371,1.0,8.0,-1.0,1640524,1.0,7,,0.0,0.0,9.0,A01,138Â 301Â 371,1.0
961214,201900002745,5,24,21:30,2,1,9,1.0,6.0,95641,AUTOROUTE A1,M,"49,0698800","2,5528800",95,2019,30.0,1.0,1.0,1.0,2148282,4.0,2,4,2,5.0,,-1.0,0,2006.0,A01,138Â 301Â 370,1.0,0.0,-1.0,1640525,1.0,7,,4.0,0.0,3.0,A01,138Â 301Â 370,1.0
961214,201900002745,5,24,21:30,2,1,9,1.0,6.0,95641,AUTOROUTE A1,M,"49,0698800","2,5528800",95,2019,30.0,1.0,1.0,1.0,2148283,5.0,2,4,1,5.0,,-1.0,0,2007.0,A01,138Â 301Â 370,1.0,0.0,-1.0,1640525,1.0,7,,4.0,0.0,3.0,A01,138Â 301Â 370,1.0
961214,201900002745,5,24,21:30,2,1,9,1.0,6.0,95641,AUTOROUTE A1,M,"49,0698800","2,5528800",95,2019,30.0,1.0,1.0,1.0,2148284,3.0,2,4,1,5.0,,-1.0,0,2012.0,A01,138Â 301Â 370,3.0,0.0,-1.0,1640525,1.0,7,,4.0,0.0,3.0,A01,138Â 301Â 370,1.0
961214,201900002745,5,24,21:30,2,1,9,1.0,6.0,95641,AUTOROUTE A1,M,"49,0698800","2,5528800",95,2019,30.0,1.0,1.0,1.0,2148285,1.0,1,1,1,5.0,,-1.0,0,1984.0,A01,138Â 301Â 370,1.0,0.0,-1.0,1640525,1.0,7,,4.0,0.0,3.0,A01,138Â 301Â 370,1.0
961214,201900002745,5,24,21:30,2,1,9,1.0,6.0,95641,AUTOROUTE A1,M,"49,0698800","2,5528800",95,2019,30.0,1.0,1.0,1.0,2148286,2.0,2,1,2,5.0,,-1.0,0,1984.0,A01,138Â 301Â 370,1.0,0.0,-1.0,1640525,1.0,7,,4.0,0.0,3.0,A01,138Â 301Â 370,1.0
961215,201900002746,5,24,10:45,1,1,1,1.0,2.0,92036,AUTOROUTE A86,M,"48,9389169","2,3054721",92,2019,90.0,1.0,1.0,1.0,2148287,1.0,1,1,1,9.0,,-1.0,0,1998.0,A01,138Â 301Â 368,1.0,8.0,-1.0,1640526,1.0,7,,0.0,2.0,1.0,A01,138Â 301Â 368,1.0
961215,201900002746,5,24,10:45,1,1,1,1.0,2.0,92036,AUTOROUTE A86,M,"48,9389169","2,3054721",92,2019,90.0,1.0,1.0,1.0,2148287,1.0,1,1,1,9.0,,-1.0,0,1998.0,A01,138Â 301Â 368,1.0,8.0,-1.0,1640527,1.0,7,,0.0,2.0,4.0,B01,138Â 301Â 369,1.0
961215,201900002746,5,24,10:45,1,1,1,1.0,2.0,92036,AUTOROUTE A86,M,"48,9389169","2,3054721",92,2019,90.0,1.0,1.0,1.0,2148288,1.0,1,1,1,9.0,,-1.0,0,1994.0,B01,138Â 301Â 369,1.0,0.0,-1.0,1640526,1.0,7,,0.0,2.0,1.0,A01,138Â 301Â 368,1.0
961215,201900002746,5,24,10:45,1,1,1,1.0,2.0,92036,AUTOROUTE A86,M,"48,9389169","2,3054721",92,2019,90.0,1.0,1.0,1.0,2148288,1.0,1,1,1,9.0,,-1.0,0,1994.0,B01,138Â 301Â 369,1.0,0.0,-1.0,1640527,1.0,7,,0.0,2.0,4.0,B01,138Â 301Â 369,1.0
961215,201900002746,5,24,10:45,1,1,1,1.0,2.0,92036,AUTOROUTE A86,M,"48,9389169","2,3054721",92,2019,90.0,1.0,1.0,1.0,2148289,2.0,2,4,2,9.0,,-1.0,0,1968.0,B01,138Â 301Â 369,1.0,8.0,-1.0,1640526,1.0,7,,0.0,2.0,1.0,A01,138Â 301Â 368,1.0
961215,201900002746,5,24,10:45,1,1,1,1.0,2.0,92036,AUTOROUTE A86,M,"48,9389169","2,3054721",92,2019,90.0,1.0,1.0,1.0,2148289,2.0,2,4,2,9.0,,-1.0,0,1968.0,B01,138Â 301Â 369,1.0,8.0,-1.0,1640527,1.0,7,,0.0,2.0,4.0,B01,138Â 301Â 369,1.0
961216,201900002747,5,24,08:45,1,1,1,1.0,7.0,92078,AUTOROUTE A86,M,"48,9273404","2,3333850",92,2019,90.0,1.0,1.0,1.0,2148290,1.0,1,4,1,0.0,,-1.0,0,1983.0,A01,138Â 301Â 367,2.0,6.0,-1.0,1640528,1.0,33,,0.0,0.0,9.0,A01,138Â 301Â 367,1.0
961217,201900002748,5,24,09:10,1,1,1,1.0,3.0,95219,AUTOROUTE A115,M,"48,9936400","2,2458900",95,2019,90.0,1.0,1.0,1.0,2148291,1.0,1,1,1,1.0,,-1.0, -1,1980.0,Z01,138Â 301Â 365,1.0,-1.0,-1.0,1640529,2.0,7,,0.0,2.0,8.0,Z01,138Â 301Â 365,1.0
961217,201900002748,5,24,09:10,1,1,1,1.0,3.0,95219,AUTOROUTE A115,M,"48,9936400","2,2458900",95,2019,90.0,1.0,1.0,1.0,2148291,1.0,1,1,1,1.0,,-1.0, -1,1980.0,Z01,138Â 301Â 365,1.0,-1.0,-1.0,1640530,2.0,33,,0.0,2.0,7.0,A01,138Â 301Â 366,1.0
961217,201900002748,5,24,09:10,1,1,1,1.0,3.0,95219,AUTOROUTE A115,M,"48,9936400","2,2458900",95,2019,90.0,1.0,1.0,1.0,2148292,1.0,1,4,1,5.0,,-1.0,0,1989.0,A01,138Â 301Â 366,2.0,6.0,-1.0,1640529,2.0,7,,0.0,2.0,8.0,Z01,138Â 301Â 365,1.0
961217,201900002748,5,24,09:10,1,1,1,1.0,3.0,95219,AUTOROUTE A115,M,"48,9936400","2,2458900",95,2019,90.0,1.0,1.0,1.0,2148292,1.0,1,4,1,5.0,,-1.0,0,1989.0,A01,138Â 301Â 366,2.0,6.0,-1.0,1640530,2.0,33,,0.0,2.0,7.0,A01,138Â 301Â 366,1.0
961218,201900002749,5,24,07:30,1,1,1,1.0,3.0,95018,AUTOROUTE A15,M,"48,9572900","2,2759700",95,2019,110.0,1.0,1.0,1.0,2148293,1.0,1,4,1,1.0,,-1.0,0,1983.0,A01,138Â 301Â 363,2.0,6.0,-1.0,1640531,2.0,33,,0.0,2.0,7.0,A01,138Â 301Â 363,1.0
961218,201900002749,5,24,07:30,1,1,1,1.0,3.0,95018,AUTOROUTE A15,M,"48,9572900","2,2759700",95,2019,110.0,1.0,1.0,1.0,2148293,1.0,1,4,1,1.0,,-1.0,0,1983.0,A01,138Â 301Â 363,2.0,6.0,-1.0,1640532,2.0,7,,0.0,2.0,8.0,B01,138Â 301Â 364,1.0
961218,201900002749,5,24,07:30,1,1,1,1.0,3.0,95018,AUTOROUTE A15,M,"48,9572900","2,2759700",95,2019,110.0,1.0,1.0,1.0,2148294,1.0,1,1,2,1.0,,-1.0,0,1988.0,B01,138Â 301Â 364,1.0,0.0,-1.0,1640531,2.0,33,,0.0,2.0,7.0,A01,138Â 301Â 363,1.0
961218,201900002749,5,24,07:30,1,1,1,1.0,3.0,95018,AUTOROUTE A15,M,"48,9572900","2,2759700",95,2019,110.0,1.0,1.0,1.0,2148294,1.0,1,1,2,1.0,,-1.0,0,1988.0,B01,138Â 301Â 364,1.0,0.0,-1.0,1640532,2.0,7,,0.0,2.0,8.0,B01,138Â 301Â 364,1.0
961219,201900002750,5,24,03:20,3,1,1,1.0,5.0,95582,AUTOROUTE A15,M,"48,9748100","2,2437800",95,2019,110.0,1.0,1.0,1.0,2148295,1.0,1,1,1,9.0,,-1.0,0,1986.0,C01,138Â 301Â 360,1.0,8.0,-1.0,1640533,1.0,7,,14.0,0.0,2.0,C01,138Â 301Â 360,1.0
961219,201900002750,5,24,03:20,3,1,1,1.0,5.0,95582,AUTOROUTE A15,M,"48,9748100","2,2437800",95,2019,110.0,1.0,1.0,1.0,2148295,1.0,1,1,1,9.0,,-1.0,0,1986.0,C01,138Â 301Â 360,1.0,8.0,-1.0,1640534,1.0,7,,0.0,2.0,4.0,B01,138Â 301Â 361,1.0
961219,201900002750,5,24,03:20,3,1,1,1.0,5.0,95582,AUTOROUTE A15,M,"48,9748100","2,2437800",95,2019,110.0,1.0,1.0,1.0,2148295,1.0,1,1,1,9.0,,-1.0,0,1986.0,C01,138Â 301Â 360,1.0,8.0,-1.0,1640535,1.0,7,,1.0,0.0,1.0,A01,138Â 301Â 362,1.0
961219,201900002750,5,24,03:20,3,1,1,1.0,5.0,95582,AUTOROUTE A15,M,"48,9748100","2,2437800",95,2019,110.0,1.0,1.0,1.0,2148296,1.0,1,2,1,5.0,,-1.0,0,1999.0,B01,138Â 301Â 361,1.0,8.0,-1.0,1640533,1.0,7,,14.0,0.0,2.0,C01,138Â 301Â 360,1.0
961219,201900002750,5,24,03:20,3,1,1,1.0,5.0,95582,AUTOROUTE A15,M,"48,9748100","2,2437800",95,2019,110.0,1.0,1.0,1.0,2148296,1.0,1,2,1,5.0,,-1.0,0,1999.0,B01,138Â 301Â 361,1.0,8.0,-1.0,1640534,1.0,7,,0.0,2.0,4.0,B01,138Â 301Â 361,1.0
961219,201900002750,5,24,03:20,3,1,1,1.0,5.0,95582,AUTOROUTE A15,M,"48,9748100","2,2437800",95,2019,110.0,1.0,1.0,1.0,2148296,1.0,1,2,1,5.0,,-1.0,0,1999.0,B01,138Â 301Â 361,1.0,8.0,-1.0,1640535,1.0,7,,1.0,0.0,1.0,A01,138Â 301Â 362,1.0
961219,201900002750,5,24,03:20,3,1,1,1.0,5.0,95582,AUTOROUTE A15,M,"48,9748100","2,2437800",95,2019,110.0,1.0,1.0,1.0,2148297,1.0,1,4,1,5.0,,-1.0,0,1985.0,A01,138Â 301Â 362,1.0,8.0,-1.0,1640533,1.0,7,,14.0,0.0,2.0,C01,138Â 301Â 360,1.0
961219,201900002750,5,24,03:20,3,1,1,1.0,5.0,95582,AUTOROUTE A15,M,"48,9748100","2,2437800",95,2019,110.0,1.0,1.0,1.0,2148297,1.0,1,4,1,5.0,,-1.0,0,1985.0,A01,138Â 301Â 362,1.0,8.0,-1.0,1640534,1.0,7,,0.0,2.0,4.0,B01,138Â 301Â 361,1.0
961219,201900002750,5,24,03:20,3,1,1,1.0,5.0,95582,AUTOROUTE A15,M,"48,9748100","2,2437800",95,2019,110.0,1.0,1.0,1.0,2148297,1.0,1,4,1,5.0,,-1.0,0,1985.0,A01,138Â 301Â 362,1.0,8.0,-1.0,1640535,1.0,7,,1.0,0.0,1.0,A01,138Â 301Â 362,1.0
961220,201900002751,5,23,19:30,1,1,1,1.0,3.0,93007,AUTOROUTE A3,M,"48,9421300","2,4781600",93,2019,110.0,1.0,1.0,1.0,2148298,1.0,1,4,1,0.0,,-1.0, -1,1982.0,B01,138Â 301Â 358,2.0,8.0,-1.0,1640536,2.0,32,,0.0,2.0,3.0,B01,138Â 301Â 358,1.0
961220,201900002751,5,23,19:30,1,1,1,1.0,3.0,93007,AUTOROUTE A3,M,"48,9421300","2,4781600",93,2019,110.0,1.0,1.0,1.0,2148298,1.0,1,4,1,0.0,,-1.0, -1,1982.0,B01,138Â 301Â 358,2.0,8.0,-1.0,1640537,2.0,7,,0.0,2.0,2.0,A01,138Â 301Â 359,1.0
961220,201900002751,5,23,19:30,1,1,1,1.0,3.0,93007,AUTOROUTE A3,M,"48,9421300","2,4781600",93,2019,110.0,1.0,1.0,1.0,2148299,1.0,1,1,1,0.0,,-1.0, -1,1998.0,A01,138Â 301Â 359,1.0,8.0,-1.0,1640536,2.0,32,,0.0,2.0,3.0,B01,138Â 301Â 358,1.0
961220,201900002751,5,23,19:30,1,1,1,1.0,3.0,93007,AUTOROUTE A3,M,"48,9421300","2,4781600",93,2019,110.0,1.0,1.0,1.0,2148299,1.0,1,1,1,0.0,,-1.0, -1,1998.0,A01,138Â 301Â 359,1.0,8.0,-1.0,1640537,2.0,7,,0.0,2.0,2.0,A01,138Â 301Â 359,1.0
961221,201900002752,5,23,18:00,1,1,1,1.0,4.0,93005,AUTOROUTE A3,M,"48,9602400","2,4733100",93,2019,110.0,1.0,1.0,1.0,2148300,1.0,1,4,1,0.0,,-1.0, -1,1989.0,B01,138Â 301Â 355,1.0,8.0,-1.0,1640538,2.0,7,,0.0,2.0,4.0,B01,138Â 301Â 355,1.0
961221,201900002752,5,23,18:00,1,1,1,1.0,4.0,93005,AUTOROUTE A3,M,"48,9602400","2,4733100",93,2019,110.0,1.0,1.0,1.0,2148300,1.0,1,4,1,0.0,,-1.0, -1,1989.0,B01,138Â 301Â 355,1.0,8.0,-1.0,1640539,2.0,7,,0.0,2.0,4.0,C01,138Â 301Â 356,1.0
961221,201900002752,5,23,18:00,1,1,1,1.0,4.0,93005,AUTOROUTE A3,M,"48,9602400","2,4733100",93,2019,110.0,1.0,1.0,1.0,2148300,1.0,1,4,1,0.0,,-1.0, -1,1989.0,B01,138Â 301Â 355,1.0,8.0,-1.0,1640540,2.0,7,,0.0,2.0,1.0,A01,138Â 301Â 357,1.0
961221,201900002752,5,23,18:00,1,1,1,1.0,4.0,93005,AUTOROUTE A3,M,"48,9602400","2,4733100",93,2019,110.0,1.0,1.0,1.0,2148301,1.0,1,4,2,0.0,,-1.0, -1,1981.0,C01,138Â 301Â 356,1.0,8.0,-1.0,1640538,2.0,7,,0.0,2.0,4.0,B01,138Â 301Â 355,1.0
961221,201900002752,5,23,18:00,1,1,1,1.0,4.0,93005,AUTOROUTE A3,M,"48,9602400","2,4733100",93,2019,110.0,1.0,1.0,1.0,2148301,1.0,1,4,2,0.0,,-1.0, -1,1981.0,C01,138Â 301Â 356,1.0,8.0,-1.0,1640539,2.0,7,,0.0,2.0,4.0,C01,138Â 301Â 356,1.0
961221,201900002752,5,23,18:00,1,1,1,1.0,4.0,93005,AUTOROUTE A3,M,"48,9602400","2,4733100",93,2019,110.0,1.0,1.0,1.0,2148301,1.0,1,4,2,0.0,,-1.0, -1,1981.0,C01,138Â 301Â 356,1.0,8.0,-1.0,1640540,2.0,7,,0.0,2.0,1.0,A01,138Â 301Â 357,1.0
961221,201900002752,5,23,18:00,1,1,1,1.0,4.0,93005,AUTOROUTE A3,M,"48,9602400","2,4733100",93,2019,110.0,1.0,1.0,1.0,2148302,1.0,1,1,1,0.0,,-1.0, -1,1959.0,A01,138Â 301Â 357,1.0,8.0,-1.0,1640538,2.0,7,,0.0,2.0,4.0,B01,138Â 301Â 355,1.0
961221,201900002752,5,23,18:00,1,1,1,1.0,4.0,93005,AUTOROUTE A3,M,"48,9602400","2,4733100",93,2019,110.0,1.0,1.0,1.0,2148302,1.0,1,1,1,0.0,,-1.0, -1,1959.0,A01,138Â 301Â 357,1.0,8.0,-1.0,1640539,2.0,7,,0.0,2.0,4.0,C01,138Â 301Â 356,1.0
961221,201900002752,5,23,18:00,1,1,1,1.0,4.0,93005,AUTOROUTE A3,M,"48,9602400","2,4733100",93,2019,110.0,1.0,1.0,1.0,2148302,1.0,1,1,1,0.0,,-1.0, -1,1959.0,A01,138Â 301Â 357,1.0,8.0,-1.0,1640540,2.0,7,,0.0,2.0,1.0,A01,138Â 301Â 357,1.0
961222,201900002753,5,23,09:20,1,1,1,1.0,3.0,95572,RN 184,M,"49,0411200","2,1280300",95,2019,90.0,1.0,1.0,2.0,2148303,1.0,1,1,1,1.0,,-1.0,0,1998.0,A01,138Â 301Â 353,1.0,0.0,-1.0,1640541,2.0,10,,0.0,2.0,8.0,A01,138Â 301Â 353,1.0
961222,201900002753,5,23,09:20,1,1,1,1.0,3.0,95572,RN 184,M,"49,0411200","2,1280300",95,2019,90.0,1.0,1.0,2.0,2148303,1.0,1,1,1,1.0,,-1.0,0,1998.0,A01,138Â 301Â 353,1.0,0.0,-1.0,1640542,2.0,33,,0.0,2.0,2.0,B01,138Â 301Â 354,1.0
961222,201900002753,5,23,09:20,1,1,1,1.0,3.0,95572,RN 184,M,"49,0411200","2,1280300",95,2019,90.0,1.0,1.0,2.0,2148304,1.0,1,4,1,1.0,,-1.0,0,1981.0,B01,138Â 301Â 354,2.0,6.0,-1.0,1640541,2.0,10,,0.0,2.0,8.0,A01,138Â 301Â 353,1.0
961222,201900002753,5,23,09:20,1,1,1,1.0,3.0,95572,RN 184,M,"49,0411200","2,1280300",95,2019,90.0,1.0,1.0,2.0,2148304,1.0,1,4,1,1.0,,-1.0,0,1981.0,B01,138Â 301Â 354,2.0,6.0,-1.0,1640542,2.0,33,,0.0,2.0,2.0,B01,138Â 301Â 354,1.0
961223,201900002754,5,23,06:00,2,1,1,1.0,4.0,93066,AUTOROUTE A86,M,"48,9229300","2,3450300",93,2019,90.0,1.0,1.0,1.0,2148305,1.0,1,4,1,0.0,,-1.0, -1,1974.0,B01,138Â 301Â 350,1.0,0.0,-1.0,1640543,2.0,7,,0.0,2.0,4.0,B01,138Â 301Â 350,1.0
961223,201900002754,5,23,06:00,2,1,1,1.0,4.0,93066,AUTOROUTE A86,M,"48,9229300","2,3450300",93,2019,90.0,1.0,1.0,1.0,2148305,1.0,1,4,1,0.0,,-1.0, -1,1974.0,B01,138Â 301Â 350,1.0,0.0,-1.0,1640544,2.0,14,,0.0,2.0,4.0,C01,138Â 301Â 351,1.0
961223,201900002754,5,23,06:00,2,1,1,1.0,4.0,93066,AUTOROUTE A86,M,"48,9229300","2,3450300",93,2019,90.0,1.0,1.0,1.0,2148305,1.0,1,4,1,0.0,,-1.0, -1,1974.0,B01,138Â 301Â 350,1.0,0.0,-1.0,1640545,2.0,17,,0.0,2.0,1.0,A01,138Â 301Â 352,1.0
961223,201900002754,5,23,06:00,2,1,1,1.0,4.0,93066,AUTOROUTE A86,M,"48,9229300","2,3450300",93,2019,90.0,1.0,1.0,1.0,2148306,1.0,1,1,1,0.0,,-1.0, -1,1993.0,C01,138Â 301Â 351,1.0,0.0,-1.0,1640543,2.0,7,,0.0,2.0,4.0,B01,138Â 301Â 350,1.0
961223,201900002754,5,23,06:00,2,1,1,1.0,4.0,93066,AUTOROUTE A86,M,"48,9229300","2,3450300",93,2019,90.0,1.0,1.0,1.0,2148306,1.0,1,1,1,0.0,,-1.0, -1,1993.0,C01,138Â 301Â 351,1.0,0.0,-1.0,1640544,2.0,14,,0.0,2.0,4.0,C01,138Â 301Â 351,1.0
961223,201900002754,5,23,06:00,2,1,1,1.0,4.0,93066,AUTOROUTE A86,M,"48,9229300","2,3450300",93,2019,90.0,1.0,1.0,1.0,2148306,1.0,1,1,1,0.0,,-1.0, -1,1993.0,C01,138Â 301Â 351,1.0,0.0,-1.0,1640545,2.0,17,,0.0,2.0,1.0,A01,138Â 301Â 352,1.0
961223,201900002754,5,23,06:00,2,1,1,1.0,4.0,93066,AUTOROUTE A86,M,"48,9229300","2,3450300",93,2019,90.0,1.0,1.0,1.0,2148307,1.0,1,1,1,0.0,,-1.0, -1,1980.0,A01,138Â 301Â 352,1.0,0.0,-1.0,1640543,2.0,7,,0.0,2.0,4.0,B01,138Â 301Â 350,1.0
961223,201900002754,5,23,06:00,2,1,1,1.0,4.0,93066,AUTOROUTE A86,M,"48,9229300","2,3450300",93,2019,90.0,1.0,1.0,1.0,2148307,1.0,1,1,1,0.0,,-1.0, -1,1980.0,A01,138Â 301Â 352,1.0,0.0,-1.0,1640544,2.0,14,,0.0,2.0,4.0,C01,138Â 301Â 351,1.0
961223,201900002754,5,23,06:00,2,1,1,1.0,4.0,93066,AUTOROUTE A86,M,"48,9229300","2,3450300",93,2019,90.0,1.0,1.0,1.0,2148307,1.0,1,1,1,0.0,,-1.0, -1,1980.0,A01,138Â 301Â 352,1.0,0.0,-1.0,1640545,2.0,17,,0.0,2.0,1.0,A01,138Â 301Â 352,1.0
961224,201900002755,5,23,03:30,3,1,1,1.0,6.0,93007,AUTOROUTE A3,M,"48,9206700","2,4793400",93,2019,110.0,1.0,1.0,1.0,2148308,1.0,1,1,1,4.0,,-1.0, -1,1978.0,A01,138Â 301Â 349,1.0,0.0,-1.0,1640546,2.0,17,,0.0,1.0,1.0,A01,138Â 301Â 349,1.0
961224,201900002755,5,23,03:30,3,1,1,1.0,6.0,93007,AUTOROUTE A3,M,"48,9206700","2,4793400",93,2019,110.0,1.0,1.0,1.0,2148309,10.0,3,2,1,0.0,,6.0,3,1944.0,A01,138Â 301Â 349,8.0,0.0,-1.0,1640546,2.0,17,,0.0,1.0,1.0,A01,138Â 301Â 349,1.0
961225,201900002756,5,23,02:20,4,1,1,1.0,6.0,93078,AUTOROUTE A104,M,"48,9586000","2,5346000",93,2019,90.0,1.0,1.0,1.0,2148310,1.0,1,4,1,0.0,,-1.0, -1,2000.0,A01,138Â 301Â 348,1.0,8.0,-1.0,1640547,1.0,7,,4.0,0.0,1.0,A01,138Â 301Â 348,1.0
961226,201900002757,5,22,23:30,5,1,1,1.0,3.0,93066,AUTOROUTE A1,M,"48,9148200","2,3579700",93,2019,90.0,1.0,1.0,1.0,2148311,1.0,1,4,1,0.0,,-1.0, -1,1963.0,B01,138Â 301Â 346,2.0,0.0,-1.0,1640548,1.0,33,,0.0,2.0,2.0,B01,138Â 301Â 346,1.0
961226,201900002757,5,22,23:30,5,1,1,1.0,3.0,93066,AUTOROUTE A1,M,"48,9148200","2,3579700",93,2019,90.0,1.0,1.0,1.0,2148311,1.0,1,4,1,0.0,,-1.0, -1,1963.0,B01,138Â 301Â 346,2.0,0.0,-1.0,1640549,1.0,7,,0.0,2.0,6.0,A01,138Â 301Â 347,1.0
961226,201900002757,5,22,23:30,5,1,1,1.0,3.0,93066,AUTOROUTE A1,M,"48,9148200","2,3579700",93,2019,90.0,1.0,1.0,1.0,2148312,1.0,1,1,1,0.0,,-1.0, -1,1972.0,A01,138Â 301Â 347,1.0,0.0,-1.0,1640548,1.0,33,,0.0,2.0,2.0,B01,138Â 301Â 346,1.0
961226,201900002757,5,22,23:30,5,1,1,1.0,3.0,93066,AUTOROUTE A1,M,"48,9148200","2,3579700",93,2019,90.0,1.0,1.0,1.0,2148312,1.0,1,1,1,0.0,,-1.0, -1,1972.0,A01,138Â 301Â 347,1.0,0.0,-1.0,1640549,1.0,7,,0.0,2.0,6.0,A01,138Â 301Â 347,1.0
961227,201900002758,5,22,17:00,1,1,1,1.0,4.0,93010,AUTOROUTE A3,M,"48,9147300","2,4776200",93,2019,110.0,1.0,1.0,1.0,2148313,1.0,1,1,1,0.0,,-1.0, -1,1978.0,C01,138Â 301Â 343,1.0,0.0,-1.0,1640550,1.0,7,,0.0,2.0,4.0,C01,138Â 301Â 343,1.0
961227,201900002758,5,22,17:00,1,1,1,1.0,4.0,93010,AUTOROUTE A3,M,"48,9147300","2,4776200",93,2019,110.0,1.0,1.0,1.0,2148313,1.0,1,1,1,0.0,,-1.0, -1,1978.0,C01,138Â 301Â 343,1.0,0.0,-1.0,1640551,1.0,10,,0.0,2.0,4.0,B01,138Â 301Â 344,1.0
961227,201900002758,5,22,17:00,1,1,1,1.0,4.0,93010,AUTOROUTE A3,M,"48,9147300","2,4776200",93,2019,110.0,1.0,1.0,1.0,2148313,1.0,1,1,1,0.0,,-1.0, -1,1978.0,C01,138Â 301Â 343,1.0,0.0,-1.0,1640552,1.0,7,,0.0,2.0,1.0,A01,138Â 301Â 345,1.0
961227,201900002758,5,22,17:00,1,1,1,1.0,4.0,93010,AUTOROUTE A3,M,"48,9147300","2,4776200",93,2019,110.0,1.0,1.0,1.0,2148314,1.0,1,1,1,0.0,,-1.0, -1,1990.0,B01,138Â 301Â 344,1.0,0.0,-1.0,1640550,1.0,7,,0.0,2.0,4.0,C01,138Â 301Â 343,1.0
961227,201900002758,5,22,17:00,1,1,1,1.0,4.0,93010,AUTOROUTE A3,M,"48,9147300","2,4776200",93,2019,110.0,1.0,1.0,1.0,2148314,1.0,1,1,1,0.0,,-1.0, -1,1990.0,B01,138Â 301Â 344,1.0,0.0,-1.0,1640551,1.0,10,,0.0,2.0,4.0,B01,138Â 301Â 344,1.0
961227,201900002758,5,22,17:00,1,1,1,1.0,4.0,93010,AUTOROUTE A3,M,"48,9147300","2,4776200",93,2019,110.0,1.0,1.0,1.0,2148314,1.0,1,1,1,0.0,,-1.0, -1,1990.0,B01,138Â 301Â 344,1.0,0.0,-1.0,1640552,1.0,7,,0.0,2.0,1.0,A01,138Â 301Â 345,1.0
961227,201900002758,5,22,17:00,1,1,1,1.0,4.0,93010,AUTOROUTE A3,M,"48,9147300","2,4776200",93,2019,110.0,1.0,1.0,1.0,2148315,1.0,1,3,1,9.0,,-1.0, -1,1967.0,A01,138Â 301Â 345,1.0,0.0,-1.0,1640550,1.0,7,,0.0,2.0,4.0,C01,138Â 301Â 343,1.0
961227,201900002758,5,22,17:00,1,1,1,1.0,4.0,93010,AUTOROUTE A3,M,"48,9147300","2,4776200",93,2019,110.0,1.0,1.0,1.0,2148315,1.0,1,3,1,9.0,,-1.0, -1,1967.0,A01,138Â 301Â 345,1.0,0.0,-1.0,1640551,1.0,10,,0.0,2.0,4.0,B01,138Â 301Â 344,1.0
961227,201900002758,5,22,17:00,1,1,1,1.0,4.0,93010,AUTOROUTE A3,M,"48,9147300","2,4776200",93,2019,110.0,1.0,1.0,1.0,2148315,1.0,1,3,1,9.0,,-1.0, -1,1967.0,A01,138Â 301Â 345,1.0,0.0,-1.0,1640552,1.0,7,,0.0,2.0,1.0,A01,138Â 301Â 345,1.0
961228,201900002759,5,21,13:00,1,1,1,1.0,6.0,93005,AUTOROUTE A104,M,"48,9726620","2,4928987",93,2019,70.0,1.0,1.0,1.0,2148316,1.0,1,3,1,0.0,,-1.0, -1,1967.0,A01,138Â 301Â 342,2.0,0.0,-1.0,1640553,2.0,33,,14.0,0.0,1.0,A01,138Â 301Â 342,1.0
961229,201900002760,5,21,10:00,1,1,1,1.0,6.0,60494,AUTOROUTE A1,M,"49,1143800","2,5540600",60,2019,130.0,1.0,1.0,1.0,2148317,1.0,1,4,1,4.0,,-1.0,0,1963.0,A01,138Â 301Â 341,1.0,0.0,-1.0,1640554,2.0,17,,3.0,0.0,1.0,A01,138Â 301Â 341,1.0
961230,201900002761,5,21,06:15,2,1,1,1.0,7.0,93064,AUTOROUTE A86,M,"48,8840300","2,4715400",93,2019,70.0,1.0,9.0,1.0,2148318,1.0,1,4,1,1.0,,-1.0, -1,1975.0,A01,138Â 301Â 340,2.0,6.0,-1.0,1640555,2.0,43,,0.0,0.0,9.0,A01,138Â 301Â 340,1.0
961231,201900002762,5,20,20:30,1,1,1,1.0,2.0,93013,AUTOROUTE A1,M,"48,9402300","2,4227700",93,2019,110.0,1.0,1.0,1.0,2148319,1.0,1,4,1,0.0,,-1.0, -1,1967.0,B01,138Â 301Â 338,1.0,0.0,-1.0,1640556,2.0,7,,4.0,2.0,4.0,B01,138Â 301Â 338,1.0
961231,201900002762,5,20,20:30,1,1,1,1.0,2.0,93013,AUTOROUTE A1,M,"48,9402300","2,4227700",93,2019,110.0,1.0,1.0,1.0,2148319,1.0,1,4,1,0.0,,-1.0, -1,1967.0,B01,138Â 301Â 338,1.0,0.0,-1.0,1640557,2.0,7,,0.0,2.0,1.0,A01,138Â 301Â 339,1.0
961231,201900002762,5,20,20:30,1,1,1,1.0,2.0,93013,AUTOROUTE A1,M,"48,9402300","2,4227700",93,2019,110.0,1.0,1.0,1.0,2148320,2.0,2,4,2,0.0,,-1.0, -1,1964.0,B01,138Â 301Â 338,1.0,0.0,-1.0,1640556,2.0,7,,4.0,2.0,4.0,B01,138Â 301Â 338,1.0