Unnamed: 0_x,num_acc,mois,jour,hrmn,lum,agg,int,atm,col,com,adr,gps,lat,long,dep,annee,vma,situ,surf,catr,Unnamed: 0_y,place,catu,grav,sexe,trajet,secu,locp,actp,an_nais,num_veh_x,id_vehicule_x,secu1,secu2,secu3,Unnamed: 0,senc,catv,occutc,obs,obsm,choc,num_veh_y,id_vehicule_y,motor
961231,201900002762,5,20,20:30,1,1,1,1.0,2.0,93013,AUTOROUTE A1,M,"48,9402300","2,4227700",93,2019,110.0,1.0,1.0,1.0,2148320,2.0,2,4,2,0.0,,-1.0, -1,1964.0,B01,138Â 301Â 338,1.0,0.0,-1.0,1640557,2.0,7,,0.0,2.0,1.0,A01,138Â 301Â 339,1.0
961231,201900002762,5,20,20:30,1,1,1,1.0,2.0,93013,AUTOROUTE A1,M,"48,9402300","2,4227700",93,2019,110.0,1.0,1.0,1.0,2148321,1.0,1,4,1,9.0,,-1.0, -1,1962.0,A01,138Â 301Â 339,1.0,0.0,-1.0,1640556,2.0,7,,4.0,2.0,4.0,B01,138Â 301Â 338,1.0
961231,201900002762,5,20,20:30,1,1,1,1.0,2.0,93013,AUTOROUTE A1,M,"48,9402300","2,4227700",93,2019,110.0,1.0,1.0,1.0,2148321,1.0,1,4,1,9.0,,-1.0, -1,1962.0,A01,138Â 301Â 339,1.0,0.0,-1.0,1640557,2.0,7,,0.0,2.0,1.0,A01,138Â 301Â 339,1.0
961232,201900002763,5,20,17:10,1,1,1,1.0,5.0,93008,AUTOROUTE A86,M,"48,9069200","2,4558300",93,2019,90.0,1.0,1.0,1.0,2148322,1.0,1,1,1,0.0,,-1.0, -1,1966.0,B01,138Â 301Â 335,1.0,0.0,-1.0,1640558,1.0,7,,0.0,2.0,3.0,B01,138Â 301Â 335,1.0
961232,201900002763,5,20,17:10,1,1,1,1.0,5.0,93008,AUTOROUTE A86,M,"48,9069200","2,4558300",93,2019,90.0,1.0,1.0,1.0,2148322,1.0,1,1,1,0.0,,-1.0, -1,1966.0,B01,138Â 301Â 335,1.0,0.0,-1.0,1640559,1.0,7,,0.0,2.0,5.0,C01,138Â 301Â 336,1.0
961232,201900002763,5,20,17:10,1,1,1,1.0,5.0,93008,AUTOROUTE A86,M,"48,9069200","2,4558300",93,2019,90.0,1.0,1.0,1.0,2148322,1.0,1,1,1,0.0,,-1.0, -1,1966.0,B01,138Â 301Â 335,1.0,0.0,-1.0,1640560,1.0,33,,0.0,2.0,2.0,A01,138Â 301Â 337,1.0
961232,201900002763,5,20,17:10,1,1,1,1.0,5.0,93008,AUTOROUTE A86,M,"48,9069200","2,4558300",93,2019,90.0,1.0,1.0,1.0,2148323,1.0,1,1,2,0.0,,-1.0, -1,1967.0,C01,138Â 301Â 336,1.0,0.0,-1.0,1640558,1.0,7,,0.0,2.0,3.0,B01,138Â 301Â 335,1.0
961232,201900002763,5,20,17:10,1,1,1,1.0,5.0,93008,AUTOROUTE A86,M,"48,9069200","2,4558300",93,2019,90.0,1.0,1.0,1.0,2148323,1.0,1,1,2,0.0,,-1.0, -1,1967.0,C01,138Â 301Â 336,1.0,0.0,-1.0,1640559,1.0,7,,0.0,2.0,5.0,C01,138Â 301Â 336,1.0
961232,201900002763,5,20,17:10,1,1,1,1.0,5.0,93008,AUTOROUTE A86,M,"48,9069200","2,4558300",93,2019,90.0,1.0,1.0,1.0,2148323,1.0,1,1,2,0.0,,-1.0, -1,1967.0,C01,138Â 301Â 336,1.0,0.0,-1.0,1640560,1.0,33,,0.0,2.0,2.0,A01,138Â 301Â 337,1.0
961232,201900002763,5,20,17:10,1,1,1,1.0,5.0,93008,AUTOROUTE A86,M,"48,9069200","2,4558300",93,2019,90.0,1.0,1.0,1.0,2148324,1.0,1,4,1,0.0,,-1.0, -1,1998.0,A01,138Â 301Â 337,2.0,6.0,-1.0,1640558,1.0,7,,0.0,2.0,3.0,B01,138Â 301Â 335,1.0
961232,201900002763,5,20,17:10,1,1,1,1.0,5.0,93008,AUTOROUTE A86,M,"48,9069200","2,4558300",93,2019,90.0,1.0,1.0,1.0,2148324,1.0,1,4,1,0.0,,-1.0, -1,1998.0,A01,138Â 301Â 337,2.0,6.0,-1.0,1640559,1.0,7,,0.0,2.0,5.0,C01,138Â 301Â 336,1.0
961232,201900002763,5,20,17:10,1,1,1,1.0,5.0,93008,AUTOROUTE A86,M,"48,9069200","2,4558300",93,2019,90.0,1.0,1.0,1.0,2148324,1.0,1,4,1,0.0,,-1.0, -1,1998.0,A01,138Â 301Â 337,2.0,6.0,-1.0,1640560,1.0,33,,0.0,2.0,2.0,A01,138Â 301Â 337,1.0
961233,201900002764,5,20,14:15,1,1,1,1.0,2.0,93048,AUTOROUTE A86,M,"48,8667000","2,4816300",93,2019,90.0,1.0,1.0,1.0,2148325,2.0,2,4,1,0.0,,-1.0, -1,1985.0,A01,138Â 301Â 333,1.0,0.0,-1.0,1640561,2.0,7,,0.0,2.0,4.0,A01,138Â 301Â 333,1.0
961233,201900002764,5,20,14:15,1,1,1,1.0,2.0,93048,AUTOROUTE A86,M,"48,8667000","2,4816300",93,2019,90.0,1.0,1.0,1.0,2148325,2.0,2,4,1,0.0,,-1.0, -1,1985.0,A01,138Â 301Â 333,1.0,0.0,-1.0,1640562,2.0,17,,0.0,2.0,1.0,B01,138Â 301Â 334,1.0
961233,201900002764,5,20,14:15,1,1,1,1.0,2.0,93048,AUTOROUTE A86,M,"48,8667000","2,4816300",93,2019,90.0,1.0,1.0,1.0,2148326,1.0,1,4,2,0.0,,-1.0, -1,1997.0,A01,138Â 301Â 333,1.0,0.0,-1.0,1640561,2.0,7,,0.0,2.0,4.0,A01,138Â 301Â 333,1.0
961233,201900002764,5,20,14:15,1,1,1,1.0,2.0,93048,AUTOROUTE A86,M,"48,8667000","2,4816300",93,2019,90.0,1.0,1.0,1.0,2148326,1.0,1,4,2,0.0,,-1.0, -1,1997.0,A01,138Â 301Â 333,1.0,0.0,-1.0,1640562,2.0,17,,0.0,2.0,1.0,B01,138Â 301Â 334,1.0
961233,201900002764,5,20,14:15,1,1,1,1.0,2.0,93048,AUTOROUTE A86,M,"48,8667000","2,4816300",93,2019,90.0,1.0,1.0,1.0,2148327,1.0,1,1,1,0.0,,-1.0, -1,1962.0,B01,138Â 301Â 334,1.0,0.0,-1.0,1640561,2.0,7,,0.0,2.0,4.0,A01,138Â 301Â 333,1.0
961233,201900002764,5,20,14:15,1,1,1,1.0,2.0,93048,AUTOROUTE A86,M,"48,8667000","2,4816300",93,2019,90.0,1.0,1.0,1.0,2148327,1.0,1,1,1,0.0,,-1.0, -1,1962.0,B01,138Â 301Â 334,1.0,0.0,-1.0,1640562,2.0,17,,0.0,2.0,1.0,B01,138Â 301Â 334,1.0
961234,201900002765,5,20,11:30,1,1,1,1.0,4.0,93039,AUTOROUTE A86,M,"48,9273000","2,3333700",93,2019,90.0,1.0,1.0,1.0,2148328,1.0,1,1,1,4.0,,-1.0, -1,1981.0,A01,138Â 301Â 329,1.0,4.0,-1.0,1640563,1.0,7,,0.0,2.0,3.0,A01,138Â 301Â 329,1.0
961234,201900002765,5,20,11:30,1,1,1,1.0,4.0,93039,AUTOROUTE A86,M,"48,9273000","2,3333700",93,2019,90.0,1.0,1.0,1.0,2148328,1.0,1,1,1,4.0,,-1.0, -1,1981.0,A01,138Â 301Â 329,1.0,4.0,-1.0,1640564,1.0,7,,0.0,2.0,4.0,C01,138Â 301Â 330,1.0
961234,201900002765,5,20,11:30,1,1,1,1.0,4.0,93039,AUTOROUTE A86,M,"48,9273000","2,3333700",93,2019,90.0,1.0,1.0,1.0,2148328,1.0,1,1,1,4.0,,-1.0, -1,1981.0,A01,138Â 301Â 329,1.0,4.0,-1.0,1640565,1.0,7,,0.0,2.0,4.0,D01,138Â 301Â 331,1.0
961234,201900002765,5,20,11:30,1,1,1,1.0,4.0,93039,AUTOROUTE A86,M,"48,9273000","2,3333700",93,2019,90.0,1.0,1.0,1.0,2148328,1.0,1,1,1,4.0,,-1.0, -1,1981.0,A01,138Â 301Â 329,1.0,4.0,-1.0,1640566,1.0,7,,3.0,2.0,5.0,B01,138Â 301Â 332,1.0
961234,201900002765,5,20,11:30,1,1,1,1.0,4.0,93039,AUTOROUTE A86,M,"48,9273000","2,3333700",93,2019,90.0,1.0,1.0,1.0,2148329,1.0,1,1,1,9.0,,-1.0, -1,1956.0,C01,138Â 301Â 330,1.0,0.0,-1.0,1640563,1.0,7,,0.0,2.0,3.0,A01,138Â 301Â 329,1.0
961234,201900002765,5,20,11:30,1,1,1,1.0,4.0,93039,AUTOROUTE A86,M,"48,9273000","2,3333700",93,2019,90.0,1.0,1.0,1.0,2148329,1.0,1,1,1,9.0,,-1.0, -1,1956.0,C01,138Â 301Â 330,1.0,0.0,-1.0,1640564,1.0,7,,0.0,2.0,4.0,C01,138Â 301Â 330,1.0
961234,201900002765,5,20,11:30,1,1,1,1.0,4.0,93039,AUTOROUTE A86,M,"48,9273000","2,3333700",93,2019,90.0,1.0,1.0,1.0,2148329,1.0,1,1,1,9.0,,-1.0, -1,1956.0,C01,138Â 301Â 330,1.0,0.0,-1.0,1640565,1.0,7,,0.0,2.0,4.0,D01,138Â 301Â 331,1.0
961234,201900002765,5,20,11:30,1,1,1,1.0,4.0,93039,AUTOROUTE A86,M,"48,9273000","2,3333700",93,2019,90.0,1.0,1.0,1.0,2148329,1.0,1,1,1,9.0,,-1.0, -1,1956.0,C01,138Â 301Â 330,1.0,0.0,-1.0,1640566,1.0,7,,3.0,2.0,5.0,B01,138Â 301Â 332,1.0
961234,201900002765,5,20,11:30,1,1,1,1.0,4.0,93039,AUTOROUTE A86,M,"48,9273000","2,3333700",93,2019,90.0,1.0,1.0,1.0,2148330,1.0,1,1,2,9.0,,-1.0, -1,1977.0,D01,138Â 301Â 331,1.0,0.0,-1.0,1640563,1.0,7,,0.0,2.0,3.0,A01,138Â 301Â 329,1.0
961234,201900002765,5,20,11:30,1,1,1,1.0,4.0,93039,AUTOROUTE A86,M,"48,9273000","2,3333700",93,2019,90.0,1.0,1.0,1.0,2148330,1.0,1,1,2,9.0,,-1.0, -1,1977.0,D01,138Â 301Â 331,1.0,0.0,-1.0,1640564,1.0,7,,0.0,2.0,4.0,C01,138Â 301Â 330,1.0
961234,201900002765,5,20,11:30,1,1,1,1.0,4.0,93039,AUTOROUTE A86,M,"48,9273000","2,3333700",93,2019,90.0,1.0,1.0,1.0,2148330,1.0,1,1,2,9.0,,-1.0, -1,1977.0,D01,138Â 301Â 331,1.0,0.0,-1.0,1640565,1.0,7,,0.0,2.0,4.0,D01,138Â 301Â 331,1.0
961234,201900002765,5,20,11:30,1,1,1,1.0,4.0,93039,AUTOROUTE A86,M,"48,9273000","2,3333700",93,2019,90.0,1.0,1.0,1.0,2148330,1.0,1,1,2,9.0,,-1.0, -1,1977.0,D01,138Â 301Â 331,1.0,0.0,-1.0,1640566,1.0,7,,3.0,2.0,5.0,B01,138Â 301Â 332,1.0
961234,201900002765,5,20,11:30,1,1,1,1.0,4.0,93039,AUTOROUTE A86,M,"48,9273000","2,3333700",93,2019,90.0,1.0,1.0,1.0,2148331,1.0,1,4,1,9.0,,-1.0, -1,1966.0,B01,138Â 301Â 332,1.0,0.0,-1.0,1640563,1.0,7,,0.0,2.0,3.0,A01,138Â 301Â 329,1.0
961234,201900002765,5,20,11:30,1,1,1,1.0,4.0,93039,AUTOROUTE A86,M,"48,9273000","2,3333700",93,2019,90.0,1.0,1.0,1.0,2148331,1.0,1,4,1,9.0,,-1.0, -1,1966.0,B01,138Â 301Â 332,1.0,0.0,-1.0,1640564,1.0,7,,0.0,2.0,4.0,C01,138Â 301Â 330,1.0
961234,201900002765,5,20,11:30,1,1,1,1.0,4.0,93039,AUTOROUTE A86,M,"48,9273000","2,3333700",93,2019,90.0,1.0,1.0,1.0,2148331,1.0,1,4,1,9.0,,-1.0, -1,1966.0,B01,138Â 301Â 332,1.0,0.0,-1.0,1640565,1.0,7,,0.0,2.0,4.0,D01,138Â 301Â 331,1.0
961234,201900002765,5,20,11:30,1,1,1,1.0,4.0,93039,AUTOROUTE A86,M,"48,9273000","2,3333700",93,2019,90.0,1.0,1.0,1.0,2148331,1.0,1,4,1,9.0,,-1.0, -1,1966.0,B01,138Â 301Â 332,1.0,0.0,-1.0,1640566,1.0,7,,3.0,2.0,5.0,B01,138Â 301Â 332,1.0
961235,201900002766,5,19,22:10,3,1,1,2.0,2.0,93039,AUTOROUTE A86,M,"48,9273000","2,3334000",93,2019,70.0,1.0,2.0,1.0,2148332,2.0,2,4,2,0.0,,-1.0, -1,1989.0,A01,138Â 301Â 327,1.0,0.0,-1.0,1640567,1.0,7,,0.0,2.0,2.0,A01,138Â 301Â 327,1.0
961235,201900002766,5,19,22:10,3,1,1,2.0,2.0,93039,AUTOROUTE A86,M,"48,9273000","2,3334000",93,2019,70.0,1.0,2.0,1.0,2148332,2.0,2,4,2,0.0,,-1.0, -1,1989.0,A01,138Â 301Â 327,1.0,0.0,-1.0,1640568,1.0,7,,0.0,2.0,6.0,B01,138Â 301Â 328,1.0
961235,201900002766,5,19,22:10,3,1,1,2.0,2.0,93039,AUTOROUTE A86,M,"48,9273000","2,3334000",93,2019,70.0,1.0,2.0,1.0,2148333,1.0,1,4,2,0.0,,-1.0, -1,1990.0,A01,138Â 301Â 327,1.0,0.0,-1.0,1640567,1.0,7,,0.0,2.0,2.0,A01,138Â 301Â 327,1.0
961235,201900002766,5,19,22:10,3,1,1,2.0,2.0,93039,AUTOROUTE A86,M,"48,9273000","2,3334000",93,2019,70.0,1.0,2.0,1.0,2148333,1.0,1,4,2,0.0,,-1.0, -1,1990.0,A01,138Â 301Â 327,1.0,0.0,-1.0,1640568,1.0,7,,0.0,2.0,6.0,B01,138Â 301Â 328,1.0
961235,201900002766,5,19,22:10,3,1,1,2.0,2.0,93039,AUTOROUTE A86,M,"48,9273000","2,3334000",93,2019,70.0,1.0,2.0,1.0,2148334,1.0,1,1,1,5.0,,-1.0, -1,1967.0,B01,138Â 301Â 328,8.0,0.0,-1.0,1640567,1.0,7,,0.0,2.0,2.0,A01,138Â 301Â 327,1.0
961235,201900002766,5,19,22:10,3,1,1,2.0,2.0,93039,AUTOROUTE A86,M,"48,9273000","2,3334000",93,2019,70.0,1.0,2.0,1.0,2148334,1.0,1,1,1,5.0,,-1.0, -1,1967.0,B01,138Â 301Â 328,8.0,0.0,-1.0,1640568,1.0,7,,0.0,2.0,6.0,B01,138Â 301Â 328,1.0
961236,201900002767,5,19,18:50,1,1,1,3.0,2.0,93064,AUTOROUTE A103,M,"48,8867000","2,4778300",93,2019,90.0,1.0,2.0,1.0,2148335,1.0,1,1,1,0.0,,-1.0, -1,1992.0,B01,138Â 301Â 325,1.0,0.0,-1.0,1640569,1.0,7,,0.0,2.0,4.0,B01,138Â 301Â 325,1.0
961236,201900002767,5,19,18:50,1,1,1,3.0,2.0,93064,AUTOROUTE A103,M,"48,8867000","2,4778300",93,2019,90.0,1.0,2.0,1.0,2148335,1.0,1,1,1,0.0,,-1.0, -1,1992.0,B01,138Â 301Â 325,1.0,0.0,-1.0,1640570,1.0,7,,0.0,2.0,1.0,A01,138Â 301Â 326,1.0
961236,201900002767,5,19,18:50,1,1,1,3.0,2.0,93064,AUTOROUTE A103,M,"48,8867000","2,4778300",93,2019,90.0,1.0,2.0,1.0,2148336,1.0,1,4,2,0.0,,-1.0, -1,1987.0,A01,138Â 301Â 326,1.0,0.0,-1.0,1640569,1.0,7,,0.0,2.0,4.0,B01,138Â 301Â 325,1.0
961236,201900002767,5,19,18:50,1,1,1,3.0,2.0,93064,AUTOROUTE A103,M,"48,8867000","2,4778300",93,2019,90.0,1.0,2.0,1.0,2148336,1.0,1,4,2,0.0,,-1.0, -1,1987.0,A01,138Â 301Â 326,1.0,0.0,-1.0,1640570,1.0,7,,0.0,2.0,1.0,A01,138Â 301Â 326,1.0
961237,201900002768,5,19,14:10,1,1,1,3.0,2.0,93010,AUTOROUTE A3,M,"48,9053700","2,4718300",93,2019,90.0,1.0,2.0,1.0,2148337,1.0,1,1,1,0.0,,-1.0, -1,1968.0,A01,138Â 301Â 323,1.0,0.0,-1.0,1640571,2.0,7,,1.0,0.0,2.0,A01,138Â 301Â 323,1.0
961237,201900002768,5,19,14:10,1,1,1,3.0,2.0,93010,AUTOROUTE A3,M,"48,9053700","2,4718300",93,2019,90.0,1.0,2.0,1.0,2148337,1.0,1,1,1,0.0,,-1.0, -1,1968.0,A01,138Â 301Â 323,1.0,0.0,-1.0,1640572,2.0,7,,0.0,2.0,4.0,B01,138Â 301Â 324,1.0
961237,201900002768,5,19,14:10,1,1,1,3.0,2.0,93010,AUTOROUTE A3,M,"48,9053700","2,4718300",93,2019,90.0,1.0,2.0,1.0,2148338,1.0,1,4,2,0.0,,-1.0, -1,1960.0,B01,138Â 301Â 324,1.0,0.0,-1.0,1640571,2.0,7,,1.0,0.0,2.0,A01,138Â 301Â 323,1.0
961237,201900002768,5,19,14:10,1,1,1,3.0,2.0,93010,AUTOROUTE A3,M,"48,9053700","2,4718300",93,2019,90.0,1.0,2.0,1.0,2148338,1.0,1,4,2,0.0,,-1.0, -1,1960.0,B01,138Â 301Â 324,1.0,0.0,-1.0,1640572,2.0,7,,0.0,2.0,4.0,B01,138Â 301Â 324,1.0
961238,201900002769,5,19,12:30,1,1,1,1.0,6.0,93053,AUTOROUTE A103,M,"48,8884800","2,4722200",93,2019,90.0,1.0,1.0,1.0,2148339,1.0,1,1,1,5.0,,-1.0, -1,1989.0,A01,138Â 301Â 322,1.0,0.0,-1.0,1640573,1.0,7,,4.0,0.0,1.0,A01,138Â 301Â 322,1.0
961238,201900002769,5,19,12:30,1,1,1,1.0,6.0,93053,AUTOROUTE A103,M,"48,8884800","2,4722200",93,2019,90.0,1.0,1.0,1.0,2148340,2.0,2,4,1,5.0,,-1.0, -1,2010.0,A01,138Â 301Â 322,1.0,0.0,-1.0,1640573,1.0,7,,4.0,0.0,1.0,A01,138Â 301Â 322,1.0
961239,201900002770,5,19,11:00,1,1,1,1.0,3.0,93005,AUTOROUTE A104,M,"48,9728870","2,4922690",93,2019,90.0,1.0,2.0,1.0,2148341,1.0,1,4,1,5.0,,0.0,0,1994.0,B01,138Â 301Â 320,1.0,0.0,-1.0,1640574,1.0,7,,0.0,2.0,7.0,B01,138Â 301Â 320,1.0
961239,201900002770,5,19,11:00,1,1,1,1.0,3.0,93005,AUTOROUTE A104,M,"48,9728870","2,4922690",93,2019,90.0,1.0,2.0,1.0,2148341,1.0,1,4,1,5.0,,0.0,0,1994.0,B01,138Â 301Â 320,1.0,0.0,-1.0,1640575,1.0,7,,0.0,2.0,8.0,A01,138Â 301Â 321,1.0
961239,201900002770,5,19,11:00,1,1,1,1.0,3.0,93005,AUTOROUTE A104,M,"48,9728870","2,4922690",93,2019,90.0,1.0,2.0,1.0,2148342,3.0,2,4,1,5.0,,0.0,0,1901.0,A01,138Â 301Â 321,3.0,0.0,-1.0,1640574,1.0,7,,0.0,2.0,7.0,B01,138Â 301Â 320,1.0
961239,201900002770,5,19,11:00,1,1,1,1.0,3.0,93005,AUTOROUTE A104,M,"48,9728870","2,4922690",93,2019,90.0,1.0,2.0,1.0,2148342,3.0,2,4,1,5.0,,0.0,0,1901.0,A01,138Â 301Â 321,3.0,0.0,-1.0,1640575,1.0,7,,0.0,2.0,8.0,A01,138Â 301Â 321,1.0
961239,201900002770,5,19,11:00,1,1,1,1.0,3.0,93005,AUTOROUTE A104,M,"48,9728870","2,4922690",93,2019,90.0,1.0,2.0,1.0,2148343,2.0,2,4,2,5.0,,0.0,0,1985.0,A01,138Â 301Â 321,1.0,0.0,-1.0,1640574,1.0,7,,0.0,2.0,7.0,B01,138Â 301Â 320,1.0
961239,201900002770,5,19,11:00,1,1,1,1.0,3.0,93005,AUTOROUTE A104,M,"48,9728870","2,4922690",93,2019,90.0,1.0,2.0,1.0,2148343,2.0,2,4,2,5.0,,0.0,0,1985.0,A01,138Â 301Â 321,1.0,0.0,-1.0,1640575,1.0,7,,0.0,2.0,8.0,A01,138Â 301Â 321,1.0
961239,201900002770,5,19,11:00,1,1,1,1.0,3.0,93005,AUTOROUTE A104,M,"48,9728870","2,4922690",93,2019,90.0,1.0,2.0,1.0,2148344,1.0,1,1,1,5.0,,0.0,0,1986.0,A01,138Â 301Â 321,1.0,0.0,-1.0,1640574,1.0,7,,0.0,2.0,7.0,B01,138Â 301Â 320,1.0
961239,201900002770,5,19,11:00,1,1,1,1.0,3.0,93005,AUTOROUTE A104,M,"48,9728870","2,4922690",93,2019,90.0,1.0,2.0,1.0,2148344,1.0,1,1,1,5.0,,0.0,0,1986.0,A01,138Â 301Â 321,1.0,0.0,-1.0,1640575,1.0,7,,0.0,2.0,8.0,A01,138Â 301Â 321,1.0
961240,201900002771,5,18,17:20,1,1,1,1.0,2.0,93006,AUTOROUTE A3,M,"48,8678400","2,4276300",93,2019,90.0,1.0,1.0,1.0,2148345,1.0,1,1,1,0.0,,-1.0, -1,1988.0,B01,138Â 301Â 318,1.0,0.0,-1.0,1640576,2.0,7,,0.0,2.0,4.0,B01,138Â 301Â 318,1.0
961240,201900002771,5,18,17:20,1,1,1,1.0,2.0,93006,AUTOROUTE A3,M,"48,8678400","2,4276300",93,2019,90.0,1.0,1.0,1.0,2148345,1.0,1,1,1,0.0,,-1.0, -1,1988.0,B01,138Â 301Â 318,1.0,0.0,-1.0,1640577,2.0,33,,0.0,2.0,1.0,A01,138Â 301Â 319,1.0
961240,201900002771,5,18,17:20,1,1,1,1.0,2.0,93006,AUTOROUTE A3,M,"48,8678400","2,4276300",93,2019,90.0,1.0,1.0,1.0,2148346,1.0,1,4,1,0.0,,-1.0, -1,1998.0,A01,138Â 301Â 319,2.0,0.0,-1.0,1640576,2.0,7,,0.0,2.0,4.0,B01,138Â 301Â 318,1.0
961240,201900002771,5,18,17:20,1,1,1,1.0,2.0,93006,AUTOROUTE A3,M,"48,8678400","2,4276300",93,2019,90.0,1.0,1.0,1.0,2148346,1.0,1,4,1,0.0,,-1.0, -1,1998.0,A01,138Â 301Â 319,2.0,0.0,-1.0,1640577,2.0,33,,0.0,2.0,1.0,A01,138Â 301Â 319,1.0
961241,201900002772,5,18,18:00,1,1,1,1.0,2.0,93078,AUTOROUTE A104,M,"48,9633581","2,5502835",93,2019,-1.0,-1.0,-1.0,1.0,2148347,1.0,1,4,1,-1.0,,-1.0,0,1968.0,C01,138Â 301Â 316,0.0,-1.0,-1.0,1640578,-1.0,7,,-1.0,-1.0,-1.0,C01,138Â 301Â 316,-1.0
961241,201900002772,5,18,18:00,1,1,1,1.0,2.0,93078,AUTOROUTE A104,M,"48,9633581","2,5502835",93,2019,-1.0,-1.0,-1.0,1.0,2148347,1.0,1,4,1,-1.0,,-1.0,0,1968.0,C01,138Â 301Â 316,0.0,-1.0,-1.0,1640579,-1.0,7,,-1.0,-1.0,-1.0,D01,138Â 301Â 317,-1.0
961241,201900002772,5,18,18:00,1,1,1,1.0,2.0,93078,AUTOROUTE A104,M,"48,9633581","2,5502835",93,2019,-1.0,-1.0,-1.0,1.0,2148348,1.0,1,1,1,-1.0,,-1.0, -1,1965.0,D01,138Â 301Â 317,0.0,-1.0,-1.0,1640578,-1.0,7,,-1.0,-1.0,-1.0,C01,138Â 301Â 316,-1.0
961241,201900002772,5,18,18:00,1,1,1,1.0,2.0,93078,AUTOROUTE A104,M,"48,9633581","2,5502835",93,2019,-1.0,-1.0,-1.0,1.0,2148348,1.0,1,1,1,-1.0,,-1.0, -1,1965.0,D01,138Â 301Â 317,0.0,-1.0,-1.0,1640579,-1.0,7,,-1.0,-1.0,-1.0,D01,138Â 301Â 317,-1.0
961242,201900002773,5,17,21:20,3,1,1,1.0,5.0,93005,AUTOROUTE A1,M,"48,9640900","2,4734500",93,2019,110.0,1.0,1.0,1.0,2148349,2.0,2,1,1,0.0,,-1.0, -1,1967.0,B01,138Â 301Â 313,1.0,0.0,-1.0,1640580,1.0,7,,0.0,2.0,3.0,B01,138Â 301Â 313,1.0
961242,201900002773,5,17,21:20,3,1,1,1.0,5.0,93005,AUTOROUTE A1,M,"48,9640900","2,4734500",93,2019,110.0,1.0,1.0,1.0,2148349,2.0,2,1,1,0.0,,-1.0, -1,1967.0,B01,138Â 301Â 313,1.0,0.0,-1.0,1640581,1.0,7,,0.0,2.0,1.0,C01,138Â 301Â 314,1.0
961242,201900002773,5,17,21:20,3,1,1,1.0,5.0,93005,AUTOROUTE A1,M,"48,9640900","2,4734500",93,2019,110.0,1.0,1.0,1.0,2148349,2.0,2,1,1,0.0,,-1.0, -1,1967.0,B01,138Â 301Â 313,1.0,0.0,-1.0,1640582,1.0,7,,0.0,2.0,2.0,A01,138Â 301Â 315,1.0
961242,201900002773,5,17,21:20,3,1,1,1.0,5.0,93005,AUTOROUTE A1,M,"48,9640900","2,4734500",93,2019,110.0,1.0,1.0,1.0,2148350,1.0,1,1,2,0.0,,-1.0, -1,1968.0,B01,138Â 301Â 313,1.0,0.0,-1.0,1640580,1.0,7,,0.0,2.0,3.0,B01,138Â 301Â 313,1.0
961242,201900002773,5,17,21:20,3,1,1,1.0,5.0,93005,AUTOROUTE A1,M,"48,9640900","2,4734500",93,2019,110.0,1.0,1.0,1.0,2148350,1.0,1,1,2,0.0,,-1.0, -1,1968.0,B01,138Â 301Â 313,1.0,0.0,-1.0,1640581,1.0,7,,0.0,2.0,1.0,C01,138Â 301Â 314,1.0
961242,201900002773,5,17,21:20,3,1,1,1.0,5.0,93005,AUTOROUTE A1,M,"48,9640900","2,4734500",93,2019,110.0,1.0,1.0,1.0,2148350,1.0,1,1,2,0.0,,-1.0, -1,1968.0,B01,138Â 301Â 313,1.0,0.0,-1.0,1640582,1.0,7,,0.0,2.0,2.0,A01,138Â 301Â 315,1.0
961242,201900002773,5,17,21:20,3,1,1,1.0,5.0,93005,AUTOROUTE A1,M,"48,9640900","2,4734500",93,2019,110.0,1.0,1.0,1.0,2148351,1.0,1,4,2,0.0,,-1.0, -1,1972.0,C01,138Â 301Â 314,1.0,0.0,-1.0,1640580,1.0,7,,0.0,2.0,3.0,B01,138Â 301Â 313,1.0
961242,201900002773,5,17,21:20,3,1,1,1.0,5.0,93005,AUTOROUTE A1,M,"48,9640900","2,4734500",93,2019,110.0,1.0,1.0,1.0,2148351,1.0,1,4,2,0.0,,-1.0, -1,1972.0,C01,138Â 301Â 314,1.0,0.0,-1.0,1640581,1.0,7,,0.0,2.0,1.0,C01,138Â 301Â 314,1.0
961242,201900002773,5,17,21:20,3,1,1,1.0,5.0,93005,AUTOROUTE A1,M,"48,9640900","2,4734500",93,2019,110.0,1.0,1.0,1.0,2148351,1.0,1,4,2,0.0,,-1.0, -1,1972.0,C01,138Â 301Â 314,1.0,0.0,-1.0,1640582,1.0,7,,0.0,2.0,2.0,A01,138Â 301Â 315,1.0
961242,201900002773,5,17,21:20,3,1,1,1.0,5.0,93005,AUTOROUTE A1,M,"48,9640900","2,4734500",93,2019,110.0,1.0,1.0,1.0,2148352,4.0,2,1,1,0.0,,-1.0, -1,2000.0,A01,138Â 301Â 315,1.0,0.0,-1.0,1640580,1.0,7,,0.0,2.0,3.0,B01,138Â 301Â 313,1.0
961242,201900002773,5,17,21:20,3,1,1,1.0,5.0,93005,AUTOROUTE A1,M,"48,9640900","2,4734500",93,2019,110.0,1.0,1.0,1.0,2148352,4.0,2,1,1,0.0,,-1.0, -1,2000.0,A01,138Â 301Â 315,1.0,0.0,-1.0,1640581,1.0,7,,0.0,2.0,1.0,C01,138Â 301Â 314,1.0
961242,201900002773,5,17,21:20,3,1,1,1.0,5.0,93005,AUTOROUTE A1,M,"48,9640900","2,4734500",93,2019,110.0,1.0,1.0,1.0,2148352,4.0,2,1,1,0.0,,-1.0, -1,2000.0,A01,138Â 301Â 315,1.0,0.0,-1.0,1640582,1.0,7,,0.0,2.0,2.0,A01,138Â 301Â 315,1.0