Unnamed: 0_x,num_acc,mois,jour,hrmn,lum,agg,int,atm,col,com,adr,gps,lat,long,dep,annee,vma,situ,surf,catr,Unnamed: 0_y,place,catu,grav,sexe,trajet,secu,locp,actp,an_nais,num_veh_x,id_vehicule_x,secu1,secu2,secu3,Unnamed: 0,senc,catv,occutc,obs,obsm,choc,num_veh_y,id_vehicule_y,motor
961242,201900002773,5,17,21:20,3,1,1,1.0,5.0,93005,AUTOROUTE A1,M,"48,9640900","2,4734500",93,2019,110.0,1.0,1.0,1.0,2148353,5.0,2,1,2,0.0,,-1.0, -1,1978.0,A01,138Â 301Â 315,1.0,0.0,-1.0,1640580,1.0,7,,0.0,2.0,3.0,B01,138Â 301Â 313,1.0
961242,201900002773,5,17,21:20,3,1,1,1.0,5.0,93005,AUTOROUTE A1,M,"48,9640900","2,4734500",93,2019,110.0,1.0,1.0,1.0,2148353,5.0,2,1,2,0.0,,-1.0, -1,1978.0,A01,138Â 301Â 315,1.0,0.0,-1.0,1640581,1.0,7,,0.0,2.0,1.0,C01,138Â 301Â 314,1.0
961242,201900002773,5,17,21:20,3,1,1,1.0,5.0,93005,AUTOROUTE A1,M,"48,9640900","2,4734500",93,2019,110.0,1.0,1.0,1.0,2148353,5.0,2,1,2,0.0,,-1.0, -1,1978.0,A01,138Â 301Â 315,1.0,0.0,-1.0,1640582,1.0,7,,0.0,2.0,2.0,A01,138Â 301Â 315,1.0
961242,201900002773,5,17,21:20,3,1,1,1.0,5.0,93005,AUTOROUTE A1,M,"48,9640900","2,4734500",93,2019,110.0,1.0,1.0,1.0,2148354,1.0,1,1,2,5.0,,-1.0, -1,1995.0,A01,138Â 301Â 315,1.0,0.0,-1.0,1640580,1.0,7,,0.0,2.0,3.0,B01,138Â 301Â 313,1.0
961242,201900002773,5,17,21:20,3,1,1,1.0,5.0,93005,AUTOROUTE A1,M,"48,9640900","2,4734500",93,2019,110.0,1.0,1.0,1.0,2148354,1.0,1,1,2,5.0,,-1.0, -1,1995.0,A01,138Â 301Â 315,1.0,0.0,-1.0,1640581,1.0,7,,0.0,2.0,1.0,C01,138Â 301Â 314,1.0
961242,201900002773,5,17,21:20,3,1,1,1.0,5.0,93005,AUTOROUTE A1,M,"48,9640900","2,4734500",93,2019,110.0,1.0,1.0,1.0,2148354,1.0,1,1,2,5.0,,-1.0, -1,1995.0,A01,138Â 301Â 315,1.0,0.0,-1.0,1640582,1.0,7,,0.0,2.0,2.0,A01,138Â 301Â 315,1.0
961242,201900002773,5,17,21:20,3,1,1,1.0,5.0,93005,AUTOROUTE A1,M,"48,9640900","2,4734500",93,2019,110.0,1.0,1.0,1.0,2148355,2.0,2,1,1,0.0,,-1.0, -1,2001.0,A01,138Â 301Â 315,1.0,0.0,-1.0,1640580,1.0,7,,0.0,2.0,3.0,B01,138Â 301Â 313,1.0
961242,201900002773,5,17,21:20,3,1,1,1.0,5.0,93005,AUTOROUTE A1,M,"48,9640900","2,4734500",93,2019,110.0,1.0,1.0,1.0,2148355,2.0,2,1,1,0.0,,-1.0, -1,2001.0,A01,138Â 301Â 315,1.0,0.0,-1.0,1640581,1.0,7,,0.0,2.0,1.0,C01,138Â 301Â 314,1.0
961242,201900002773,5,17,21:20,3,1,1,1.0,5.0,93005,AUTOROUTE A1,M,"48,9640900","2,4734500",93,2019,110.0,1.0,1.0,1.0,2148355,2.0,2,1,1,0.0,,-1.0, -1,2001.0,A01,138Â 301Â 315,1.0,0.0,-1.0,1640582,1.0,7,,0.0,2.0,2.0,A01,138Â 301Â 315,1.0
961242,201900002773,5,17,21:20,3,1,1,1.0,5.0,93005,AUTOROUTE A1,M,"48,9640900","2,4734500",93,2019,110.0,1.0,1.0,1.0,2148356,3.0,2,1,1,0.0,,-1.0, -1,2000.0,A01,138Â 301Â 315,1.0,0.0,-1.0,1640580,1.0,7,,0.0,2.0,3.0,B01,138Â 301Â 313,1.0
961242,201900002773,5,17,21:20,3,1,1,1.0,5.0,93005,AUTOROUTE A1,M,"48,9640900","2,4734500",93,2019,110.0,1.0,1.0,1.0,2148356,3.0,2,1,1,0.0,,-1.0, -1,2000.0,A01,138Â 301Â 315,1.0,0.0,-1.0,1640581,1.0,7,,0.0,2.0,1.0,C01,138Â 301Â 314,1.0
961242,201900002773,5,17,21:20,3,1,1,1.0,5.0,93005,AUTOROUTE A1,M,"48,9640900","2,4734500",93,2019,110.0,1.0,1.0,1.0,2148356,3.0,2,1,1,0.0,,-1.0, -1,2000.0,A01,138Â 301Â 315,1.0,0.0,-1.0,1640582,1.0,7,,0.0,2.0,2.0,A01,138Â 301Â 315,1.0
961243,201900002774,5,17,15:15,1,1,1,1.0,7.0,93006,AUTOROUTE A3,M,"48,8644000","2,4143300",93,2019,50.0,1.0,1.0,1.0,2148357,1.0,1,4,1,0.0,,-1.0, -1,1992.0,A01,138Â 301Â 312,2.0,6.0,-1.0,1640583,1.0,33,,0.0,0.0,9.0,A01,138Â 301Â 312,1.0
961243,201900002774,5,17,15:15,1,1,1,1.0,7.0,93006,AUTOROUTE A3,M,"48,8644000","2,4143300",93,2019,50.0,1.0,1.0,1.0,2148358,2.0,2,4,2,0.0,,-1.0, -1,1990.0,A01,138Â 301Â 312,2.0,6.0,-1.0,1640583,1.0,33,,0.0,0.0,9.0,A01,138Â 301Â 312,1.0
961244,201900002775,5,17,07:30,1,1,1,1.0,3.0,93063,AUTOROUTE A3,M,"48,8783500","2,4464800",93,2019,70.0,1.0,1.0,1.0,2148359,1.0,1,4,1,1.0,,-1.0, -1,1988.0,B01,138Â 301Â 310,2.0,0.0,-1.0,1640584,2.0,33,,0.0,2.0,3.0,B01,138Â 301Â 310,1.0
961244,201900002775,5,17,07:30,1,1,1,1.0,3.0,93063,AUTOROUTE A3,M,"48,8783500","2,4464800",93,2019,70.0,1.0,1.0,1.0,2148359,1.0,1,4,1,1.0,,-1.0, -1,1988.0,B01,138Â 301Â 310,2.0,0.0,-1.0,1640585,2.0,7,,0.0,2.0,5.0,A01,138Â 301Â 311,1.0
961244,201900002775,5,17,07:30,1,1,1,1.0,3.0,93063,AUTOROUTE A3,M,"48,8783500","2,4464800",93,2019,70.0,1.0,1.0,1.0,2148360,1.0,1,1,1,1.0,,-1.0, -1,1996.0,A01,138Â 301Â 311,1.0,0.0,-1.0,1640584,2.0,33,,0.0,2.0,3.0,B01,138Â 301Â 310,1.0
961244,201900002775,5,17,07:30,1,1,1,1.0,3.0,93063,AUTOROUTE A3,M,"48,8783500","2,4464800",93,2019,70.0,1.0,1.0,1.0,2148360,1.0,1,1,1,1.0,,-1.0, -1,1996.0,A01,138Â 301Â 311,1.0,0.0,-1.0,1640585,2.0,7,,0.0,2.0,5.0,A01,138Â 301Â 311,1.0
961245,201900002776,5,16,16:40,1,1,1,1.0,4.0,93007,AUTOROUTE A3,M,"48,9348300","2,4804800",93,2019,110.0,1.0,1.0,1.0,2148361,1.0,1,1,1,0.0,,-1.0, -1,1971.0,A01,138Â 301Â 307,1.0,8.0,-1.0,1640586,2.0,7,,0.0,2.0,1.0,A01,138Â 301Â 307,1.0
961245,201900002776,5,16,16:40,1,1,1,1.0,4.0,93007,AUTOROUTE A3,M,"48,9348300","2,4804800",93,2019,110.0,1.0,1.0,1.0,2148361,1.0,1,1,1,0.0,,-1.0, -1,1971.0,A01,138Â 301Â 307,1.0,8.0,-1.0,1640587,2.0,7,,0.0,2.0,4.0,C01,138Â 301Â 308,1.0
961245,201900002776,5,16,16:40,1,1,1,1.0,4.0,93007,AUTOROUTE A3,M,"48,9348300","2,4804800",93,2019,110.0,1.0,1.0,1.0,2148361,1.0,1,1,1,0.0,,-1.0, -1,1971.0,A01,138Â 301Â 307,1.0,8.0,-1.0,1640588,2.0,7,,0.0,2.0,4.0,B01,138Â 301Â 309,1.0
961245,201900002776,5,16,16:40,1,1,1,1.0,4.0,93007,AUTOROUTE A3,M,"48,9348300","2,4804800",93,2019,110.0,1.0,1.0,1.0,2148362,1.0,1,1,1,0.0,,-1.0, -1,1948.0,C01,138Â 301Â 308,1.0,8.0,-1.0,1640586,2.0,7,,0.0,2.0,1.0,A01,138Â 301Â 307,1.0
961245,201900002776,5,16,16:40,1,1,1,1.0,4.0,93007,AUTOROUTE A3,M,"48,9348300","2,4804800",93,2019,110.0,1.0,1.0,1.0,2148362,1.0,1,1,1,0.0,,-1.0, -1,1948.0,C01,138Â 301Â 308,1.0,8.0,-1.0,1640587,2.0,7,,0.0,2.0,4.0,C01,138Â 301Â 308,1.0
961245,201900002776,5,16,16:40,1,1,1,1.0,4.0,93007,AUTOROUTE A3,M,"48,9348300","2,4804800",93,2019,110.0,1.0,1.0,1.0,2148362,1.0,1,1,1,0.0,,-1.0, -1,1948.0,C01,138Â 301Â 308,1.0,8.0,-1.0,1640588,2.0,7,,0.0,2.0,4.0,B01,138Â 301Â 309,1.0
961245,201900002776,5,16,16:40,1,1,1,1.0,4.0,93007,AUTOROUTE A3,M,"48,9348300","2,4804800",93,2019,110.0,1.0,1.0,1.0,2148363,1.0,1,4,2,0.0,,-1.0, -1,1960.0,B01,138Â 301Â 309,1.0,8.0,-1.0,1640586,2.0,7,,0.0,2.0,1.0,A01,138Â 301Â 307,1.0
961245,201900002776,5,16,16:40,1,1,1,1.0,4.0,93007,AUTOROUTE A3,M,"48,9348300","2,4804800",93,2019,110.0,1.0,1.0,1.0,2148363,1.0,1,4,2,0.0,,-1.0, -1,1960.0,B01,138Â 301Â 309,1.0,8.0,-1.0,1640587,2.0,7,,0.0,2.0,4.0,C01,138Â 301Â 308,1.0
961245,201900002776,5,16,16:40,1,1,1,1.0,4.0,93007,AUTOROUTE A3,M,"48,9348300","2,4804800",93,2019,110.0,1.0,1.0,1.0,2148363,1.0,1,4,2,0.0,,-1.0, -1,1960.0,B01,138Â 301Â 309,1.0,8.0,-1.0,1640588,2.0,7,,0.0,2.0,4.0,B01,138Â 301Â 309,1.0
961246,201900002777,5,16,17:30,1,1,1,1.0,3.0,93007,AUTOROUTE A1,M,"48,9439900","2,4365800",93,2019,110.0,1.0,1.0,1.0,2148364,1.0,1,1,1,4.0,,-1.0, -1,1980.0,A01,138Â 301Â 305,1.0,0.0,-1.0,1640589,2.0,14,,0.0,2.0,7.0,A01,138Â 301Â 305,1.0
961246,201900002777,5,16,17:30,1,1,1,1.0,3.0,93007,AUTOROUTE A1,M,"48,9439900","2,4365800",93,2019,110.0,1.0,1.0,1.0,2148364,1.0,1,1,1,4.0,,-1.0, -1,1980.0,A01,138Â 301Â 305,1.0,0.0,-1.0,1640590,2.0,7,,0.0,2.0,8.0,B01,138Â 301Â 306,1.0
961246,201900002777,5,16,17:30,1,1,1,1.0,3.0,93007,AUTOROUTE A1,M,"48,9439900","2,4365800",93,2019,110.0,1.0,1.0,1.0,2148365,1.0,1,4,2,0.0,,-1.0, -1,1987.0,B01,138Â 301Â 306,1.0,0.0,-1.0,1640589,2.0,14,,0.0,2.0,7.0,A01,138Â 301Â 305,1.0
961246,201900002777,5,16,17:30,1,1,1,1.0,3.0,93007,AUTOROUTE A1,M,"48,9439900","2,4365800",93,2019,110.0,1.0,1.0,1.0,2148365,1.0,1,4,2,0.0,,-1.0, -1,1987.0,B01,138Â 301Â 306,1.0,0.0,-1.0,1640590,2.0,7,,0.0,2.0,8.0,B01,138Â 301Â 306,1.0
961247,201900002778,5,16,13:45,1,1,1,1.0,4.0,93048,AUTOROUTE A3,M,"48,8724500","2,4342000",93,2019,70.0,1.0,1.0,1.0,2148366,1.0,1,1,1,4.0,,-1.0, -1,1970.0,A01,138Â 301Â 300,1.0,8.0,-1.0,1640591,2.0,17,,0.0,2.0,3.0,A01,138Â 301Â 300,1.0
961247,201900002778,5,16,13:45,1,1,1,1.0,4.0,93048,AUTOROUTE A3,M,"48,8724500","2,4342000",93,2019,70.0,1.0,1.0,1.0,2148366,1.0,1,1,1,4.0,,-1.0, -1,1970.0,A01,138Â 301Â 300,1.0,8.0,-1.0,1640592,2.0,7,,0.0,2.0,7.0,C01,138Â 301Â 301,1.0
961247,201900002778,5,16,13:45,1,1,1,1.0,4.0,93048,AUTOROUTE A3,M,"48,8724500","2,4342000",93,2019,70.0,1.0,1.0,1.0,2148366,1.0,1,1,1,4.0,,-1.0, -1,1970.0,A01,138Â 301Â 300,1.0,8.0,-1.0,1640593,2.0,17,,0.0,2.0,4.0,E01,138Â 301Â 302,1.0
961247,201900002778,5,16,13:45,1,1,1,1.0,4.0,93048,AUTOROUTE A3,M,"48,8724500","2,4342000",93,2019,70.0,1.0,1.0,1.0,2148366,1.0,1,1,1,4.0,,-1.0, -1,1970.0,A01,138Â 301Â 300,1.0,8.0,-1.0,1640594,2.0,10,,0.0,2.0,2.0,B01,138Â 301Â 303,1.0
961247,201900002778,5,16,13:45,1,1,1,1.0,4.0,93048,AUTOROUTE A3,M,"48,8724500","2,4342000",93,2019,70.0,1.0,1.0,1.0,2148366,1.0,1,1,1,4.0,,-1.0, -1,1970.0,A01,138Â 301Â 300,1.0,8.0,-1.0,1640595,2.0,7,,0.0,2.0,4.0,D01,138Â 301Â 304,1.0
961247,201900002778,5,16,13:45,1,1,1,1.0,4.0,93048,AUTOROUTE A3,M,"48,8724500","2,4342000",93,2019,70.0,1.0,1.0,1.0,2148367,1.0,1,1,2,0.0,,-1.0, -1,1983.0,C01,138Â 301Â 301,1.0,8.0,-1.0,1640591,2.0,17,,0.0,2.0,3.0,A01,138Â 301Â 300,1.0
961247,201900002778,5,16,13:45,1,1,1,1.0,4.0,93048,AUTOROUTE A3,M,"48,8724500","2,4342000",93,2019,70.0,1.0,1.0,1.0,2148367,1.0,1,1,2,0.0,,-1.0, -1,1983.0,C01,138Â 301Â 301,1.0,8.0,-1.0,1640592,2.0,7,,0.0,2.0,7.0,C01,138Â 301Â 301,1.0
961247,201900002778,5,16,13:45,1,1,1,1.0,4.0,93048,AUTOROUTE A3,M,"48,8724500","2,4342000",93,2019,70.0,1.0,1.0,1.0,2148367,1.0,1,1,2,0.0,,-1.0, -1,1983.0,C01,138Â 301Â 301,1.0,8.0,-1.0,1640593,2.0,17,,0.0,2.0,4.0,E01,138Â 301Â 302,1.0
961247,201900002778,5,16,13:45,1,1,1,1.0,4.0,93048,AUTOROUTE A3,M,"48,8724500","2,4342000",93,2019,70.0,1.0,1.0,1.0,2148367,1.0,1,1,2,0.0,,-1.0, -1,1983.0,C01,138Â 301Â 301,1.0,8.0,-1.0,1640594,2.0,10,,0.0,2.0,2.0,B01,138Â 301Â 303,1.0
961247,201900002778,5,16,13:45,1,1,1,1.0,4.0,93048,AUTOROUTE A3,M,"48,8724500","2,4342000",93,2019,70.0,1.0,1.0,1.0,2148367,1.0,1,1,2,0.0,,-1.0, -1,1983.0,C01,138Â 301Â 301,1.0,8.0,-1.0,1640595,2.0,7,,0.0,2.0,4.0,D01,138Â 301Â 304,1.0
961247,201900002778,5,16,13:45,1,1,1,1.0,4.0,93048,AUTOROUTE A3,M,"48,8724500","2,4342000",93,2019,70.0,1.0,1.0,1.0,2148368,1.0,1,1,1,4.0,,-1.0, -1,1989.0,E01,138Â 301Â 302,1.0,8.0,-1.0,1640591,2.0,17,,0.0,2.0,3.0,A01,138Â 301Â 300,1.0
961247,201900002778,5,16,13:45,1,1,1,1.0,4.0,93048,AUTOROUTE A3,M,"48,8724500","2,4342000",93,2019,70.0,1.0,1.0,1.0,2148368,1.0,1,1,1,4.0,,-1.0, -1,1989.0,E01,138Â 301Â 302,1.0,8.0,-1.0,1640592,2.0,7,,0.0,2.0,7.0,C01,138Â 301Â 301,1.0
961247,201900002778,5,16,13:45,1,1,1,1.0,4.0,93048,AUTOROUTE A3,M,"48,8724500","2,4342000",93,2019,70.0,1.0,1.0,1.0,2148368,1.0,1,1,1,4.0,,-1.0, -1,1989.0,E01,138Â 301Â 302,1.0,8.0,-1.0,1640593,2.0,17,,0.0,2.0,4.0,E01,138Â 301Â 302,1.0
961247,201900002778,5,16,13:45,1,1,1,1.0,4.0,93048,AUTOROUTE A3,M,"48,8724500","2,4342000",93,2019,70.0,1.0,1.0,1.0,2148368,1.0,1,1,1,4.0,,-1.0, -1,1989.0,E01,138Â 301Â 302,1.0,8.0,-1.0,1640594,2.0,10,,0.0,2.0,2.0,B01,138Â 301Â 303,1.0
961247,201900002778,5,16,13:45,1,1,1,1.0,4.0,93048,AUTOROUTE A3,M,"48,8724500","2,4342000",93,2019,70.0,1.0,1.0,1.0,2148368,1.0,1,1,1,4.0,,-1.0, -1,1989.0,E01,138Â 301Â 302,1.0,8.0,-1.0,1640595,2.0,7,,0.0,2.0,4.0,D01,138Â 301Â 304,1.0
961247,201900002778,5,16,13:45,1,1,1,1.0,4.0,93048,AUTOROUTE A3,M,"48,8724500","2,4342000",93,2019,70.0,1.0,1.0,1.0,2148369,1.0,1,1,1,4.0,,-1.0, -1,1999.0,B01,138Â 301Â 303,1.0,8.0,-1.0,1640591,2.0,17,,0.0,2.0,3.0,A01,138Â 301Â 300,1.0
961247,201900002778,5,16,13:45,1,1,1,1.0,4.0,93048,AUTOROUTE A3,M,"48,8724500","2,4342000",93,2019,70.0,1.0,1.0,1.0,2148369,1.0,1,1,1,4.0,,-1.0, -1,1999.0,B01,138Â 301Â 303,1.0,8.0,-1.0,1640592,2.0,7,,0.0,2.0,7.0,C01,138Â 301Â 301,1.0
961247,201900002778,5,16,13:45,1,1,1,1.0,4.0,93048,AUTOROUTE A3,M,"48,8724500","2,4342000",93,2019,70.0,1.0,1.0,1.0,2148369,1.0,1,1,1,4.0,,-1.0, -1,1999.0,B01,138Â 301Â 303,1.0,8.0,-1.0,1640593,2.0,17,,0.0,2.0,4.0,E01,138Â 301Â 302,1.0
961247,201900002778,5,16,13:45,1,1,1,1.0,4.0,93048,AUTOROUTE A3,M,"48,8724500","2,4342000",93,2019,70.0,1.0,1.0,1.0,2148369,1.0,1,1,1,4.0,,-1.0, -1,1999.0,B01,138Â 301Â 303,1.0,8.0,-1.0,1640594,2.0,10,,0.0,2.0,2.0,B01,138Â 301Â 303,1.0
961247,201900002778,5,16,13:45,1,1,1,1.0,4.0,93048,AUTOROUTE A3,M,"48,8724500","2,4342000",93,2019,70.0,1.0,1.0,1.0,2148369,1.0,1,1,1,4.0,,-1.0, -1,1999.0,B01,138Â 301Â 303,1.0,8.0,-1.0,1640595,2.0,7,,0.0,2.0,4.0,D01,138Â 301Â 304,1.0
961247,201900002778,5,16,13:45,1,1,1,1.0,4.0,93048,AUTOROUTE A3,M,"48,8724500","2,4342000",93,2019,70.0,1.0,1.0,1.0,2148370,1.0,1,4,1,0.0,,-1.0, -1,1942.0,D01,138Â 301Â 304,1.0,8.0,-1.0,1640591,2.0,17,,0.0,2.0,3.0,A01,138Â 301Â 300,1.0
961247,201900002778,5,16,13:45,1,1,1,1.0,4.0,93048,AUTOROUTE A3,M,"48,8724500","2,4342000",93,2019,70.0,1.0,1.0,1.0,2148370,1.0,1,4,1,0.0,,-1.0, -1,1942.0,D01,138Â 301Â 304,1.0,8.0,-1.0,1640592,2.0,7,,0.0,2.0,7.0,C01,138Â 301Â 301,1.0
961247,201900002778,5,16,13:45,1,1,1,1.0,4.0,93048,AUTOROUTE A3,M,"48,8724500","2,4342000",93,2019,70.0,1.0,1.0,1.0,2148370,1.0,1,4,1,0.0,,-1.0, -1,1942.0,D01,138Â 301Â 304,1.0,8.0,-1.0,1640593,2.0,17,,0.0,2.0,4.0,E01,138Â 301Â 302,1.0
961247,201900002778,5,16,13:45,1,1,1,1.0,4.0,93048,AUTOROUTE A3,M,"48,8724500","2,4342000",93,2019,70.0,1.0,1.0,1.0,2148370,1.0,1,4,1,0.0,,-1.0, -1,1942.0,D01,138Â 301Â 304,1.0,8.0,-1.0,1640594,2.0,10,,0.0,2.0,2.0,B01,138Â 301Â 303,1.0
961247,201900002778,5,16,13:45,1,1,1,1.0,4.0,93048,AUTOROUTE A3,M,"48,8724500","2,4342000",93,2019,70.0,1.0,1.0,1.0,2148370,1.0,1,4,1,0.0,,-1.0, -1,1942.0,D01,138Â 301Â 304,1.0,8.0,-1.0,1640595,2.0,7,,0.0,2.0,4.0,D01,138Â 301Â 304,1.0
961248,201900002779,5,16,10:50,1,1,1,1.0,6.0,95018,AUTOROUTE A15,M,"48,9602900","2,2711500",95,2019,110.0,1.0,1.0,1.0,2148371,1.0,1,4,2,3.0,,-1.0,0,1982.0,A01,138Â 301Â 299,1.0,8.0,-1.0,1640596,1.0,7,,4.0,0.0,1.0,A01,138Â 301Â 299,1.0
961249,201900002780,5,14,19:00,1,1,1,1.0,4.0,93007,AUTOROUTE A3,M,"48,9431600","2,4779200",93,2019,110.0,1.0,1.0,1.0,2148372,1.0,1,4,2,9.0,,-1.0, -1,1994.0,A01,138Â 301Â 296,1.0,8.0,-1.0,1640597,1.0,7,,0.0,2.0,1.0,A01,138Â 301Â 296,1.0
961249,201900002780,5,14,19:00,1,1,1,1.0,4.0,93007,AUTOROUTE A3,M,"48,9431600","2,4779200",93,2019,110.0,1.0,1.0,1.0,2148372,1.0,1,4,2,9.0,,-1.0, -1,1994.0,A01,138Â 301Â 296,1.0,8.0,-1.0,1640598,1.0,17,,0.0,2.0,4.0,C01,138Â 301Â 297,1.0
961249,201900002780,5,14,19:00,1,1,1,1.0,4.0,93007,AUTOROUTE A3,M,"48,9431600","2,4779200",93,2019,110.0,1.0,1.0,1.0,2148372,1.0,1,4,2,9.0,,-1.0, -1,1994.0,A01,138Â 301Â 296,1.0,8.0,-1.0,1640599,1.0,7,,0.0,2.0,4.0,B01,138Â 301Â 298,1.0
961249,201900002780,5,14,19:00,1,1,1,1.0,4.0,93007,AUTOROUTE A3,M,"48,9431600","2,4779200",93,2019,110.0,1.0,1.0,1.0,2148373,1.0,1,1,1,4.0,,-1.0, -1,1980.0,C01,138Â 301Â 297,1.0,8.0,-1.0,1640597,1.0,7,,0.0,2.0,1.0,A01,138Â 301Â 296,1.0
961249,201900002780,5,14,19:00,1,1,1,1.0,4.0,93007,AUTOROUTE A3,M,"48,9431600","2,4779200",93,2019,110.0,1.0,1.0,1.0,2148373,1.0,1,1,1,4.0,,-1.0, -1,1980.0,C01,138Â 301Â 297,1.0,8.0,-1.0,1640598,1.0,17,,0.0,2.0,4.0,C01,138Â 301Â 297,1.0
961249,201900002780,5,14,19:00,1,1,1,1.0,4.0,93007,AUTOROUTE A3,M,"48,9431600","2,4779200",93,2019,110.0,1.0,1.0,1.0,2148373,1.0,1,1,1,4.0,,-1.0, -1,1980.0,C01,138Â 301Â 297,1.0,8.0,-1.0,1640599,1.0,7,,0.0,2.0,4.0,B01,138Â 301Â 298,1.0
961249,201900002780,5,14,19:00,1,1,1,1.0,4.0,93007,AUTOROUTE A3,M,"48,9431600","2,4779200",93,2019,110.0,1.0,1.0,1.0,2148374,1.0,1,1,1,9.0,,-1.0, -1,1992.0,B01,138Â 301Â 298,1.0,0.0,-1.0,1640597,1.0,7,,0.0,2.0,1.0,A01,138Â 301Â 296,1.0
961249,201900002780,5,14,19:00,1,1,1,1.0,4.0,93007,AUTOROUTE A3,M,"48,9431600","2,4779200",93,2019,110.0,1.0,1.0,1.0,2148374,1.0,1,1,1,9.0,,-1.0, -1,1992.0,B01,138Â 301Â 298,1.0,0.0,-1.0,1640598,1.0,17,,0.0,2.0,4.0,C01,138Â 301Â 297,1.0
961249,201900002780,5,14,19:00,1,1,1,1.0,4.0,93007,AUTOROUTE A3,M,"48,9431600","2,4779200",93,2019,110.0,1.0,1.0,1.0,2148374,1.0,1,1,1,9.0,,-1.0, -1,1992.0,B01,138Â 301Â 298,1.0,0.0,-1.0,1640599,1.0,7,,0.0,2.0,4.0,B01,138Â 301Â 298,1.0
961250,201900002781,5,14,14:15,1,1,1,1.0,6.0,95527,AUTOROUTE A1,M,"48,9972600","2,5184900",95,2019,110.0,1.0,1.0,1.0,2148375,1.0,1,4,1,5.0,,-1.0,0,1959.0,A01,138Â 301Â 295,1.0,8.0,-1.0,1640600,2.0,7,,3.0,0.0,1.0,A01,138Â 301Â 295,1.0
961251,201900002782,5,15,17:20,1,1,1,7.0,3.0,93078,AUTOROUTE A104,M,"48,9656700","2,5169700",93,2019,90.0,1.0,1.0,1.0,2148376,1.0,1,4,1,0.0,,-1.0, -1,1987.0,A01,138Â 301Â 293,2.0,8.0,-1.0,1640601,2.0,33,,0.0,2.0,3.0,A01,138Â 301Â 293,1.0
961251,201900002782,5,15,17:20,1,1,1,7.0,3.0,93078,AUTOROUTE A104,M,"48,9656700","2,5169700",93,2019,90.0,1.0,1.0,1.0,2148376,1.0,1,4,1,0.0,,-1.0, -1,1987.0,A01,138Â 301Â 293,2.0,8.0,-1.0,1640602,2.0,7,,0.0,2.0,5.0,B01,138Â 301Â 294,1.0
961251,201900002782,5,15,17:20,1,1,1,7.0,3.0,93078,AUTOROUTE A104,M,"48,9656700","2,5169700",93,2019,90.0,1.0,1.0,1.0,2148377,1.0,1,1,1,0.0,,-1.0, -1,1999.0,B01,138Â 301Â 294,1.0,8.0,-1.0,1640601,2.0,33,,0.0,2.0,3.0,A01,138Â 301Â 293,1.0
961251,201900002782,5,15,17:20,1,1,1,7.0,3.0,93078,AUTOROUTE A104,M,"48,9656700","2,5169700",93,2019,90.0,1.0,1.0,1.0,2148377,1.0,1,1,1,0.0,,-1.0, -1,1999.0,B01,138Â 301Â 294,1.0,8.0,-1.0,1640602,2.0,7,,0.0,2.0,5.0,B01,138Â 301Â 294,1.0
961252,201900002783,5,15,12:35,1,1,1,1.0,6.0,60494,AUTOROUTE A1,M,"49,1394200","2,5693400",60,2019,130.0,1.0,1.0,1.0,2148378,1.0,1,4,2,0.0,,-1.0,0,1967.0,A01,138Â 301Â 292,1.0,0.0,-1.0,1640603,2.0,7,,4.0,0.0,3.0,A01,138Â 301Â 292,1.0
961253,201900002784,5,15,10:10,1,1,1,1.0,3.0,93078,AUTOROUTE A104,M,"48,9621400","2,5463200",93,2019,110.0,1.0,1.0,1.0,2148379,1.0,1,4,1,0.0,,-1.0, -1,1975.0,A01,138Â 301Â 290,2.0,6.0,-1.0,1640604,2.0,43,,0.0,2.0,8.0,A01,138Â 301Â 290,1.0
961253,201900002784,5,15,10:10,1,1,1,1.0,3.0,93078,AUTOROUTE A104,M,"48,9621400","2,5463200",93,2019,110.0,1.0,1.0,1.0,2148379,1.0,1,4,1,0.0,,-1.0, -1,1975.0,A01,138Â 301Â 290,2.0,6.0,-1.0,1640605,2.0,7,,0.0,2.0,0.0,Z01,138Â 301Â 291,0.0
961254,201900002785,5,15,09:45,1,1,1,1.0,2.0,93048,AUTOROUTE A86,M,"48,8650700","2,4818000",93,2019,90.0,1.0,1.0,1.0,2148380,1.0,1,4,2,0.0,,-1.0, -1,1988.0,B01,138Â 301Â 289,1.0,0.0,-1.0,1640606,1.0,14,,0.0,2.0,1.0,Z01,138Â 301Â 288,0.0
961254,201900002785,5,15,09:45,1,1,1,1.0,2.0,93048,AUTOROUTE A86,M,"48,8650700","2,4818000",93,2019,90.0,1.0,1.0,1.0,2148380,1.0,1,4,2,0.0,,-1.0, -1,1988.0,B01,138Â 301Â 289,1.0,0.0,-1.0,1640607,1.0,7,,0.0,2.0,4.0,B01,138Â 301Â 289,1.0
961255,201900002786,5,14,21:50,3,1,1,1.0,2.0,95154,AUTOROUTE A1,M,"49,0456900","2,5458800",95,2019,110.0,1.0,1.0,1.0,2148381,1.0,1,1,1,4.0,,0.0, -1,1990.0,Z01,138Â 301Â 286,8.0,-1.0,-1.0,1640608,1.0,15,,0.0,2.0,4.0,Z01,138Â 301Â 286,0.0
961255,201900002786,5,14,21:50,3,1,1,1.0,2.0,95154,AUTOROUTE A1,M,"49,0456900","2,5458800",95,2019,110.0,1.0,1.0,1.0,2148381,1.0,1,1,1,4.0,,0.0, -1,1990.0,Z01,138Â 301Â 286,8.0,-1.0,-1.0,1640609,1.0,7,,0.0,2.0,1.0,A01,138Â 301Â 287,1.0