Unnamed: 0_x,num_acc,mois,jour,hrmn,lum,agg,int,atm,col,com,adr,gps,lat,long,dep,annee,vma,situ,surf,catr,Unnamed: 0_y,place,catu,grav,sexe,trajet,secu,locp,actp,an_nais,num_veh_x,id_vehicule_x,secu1,secu2,secu3,Unnamed: 0,senc,catv,occutc,obs,obsm,choc,num_veh_y,id_vehicule_y,motor
961255,201900002786,5,14,21:50,3,1,1,1.0,2.0,95154,AUTOROUTE A1,M,"49,0456900","2,5458800",95,2019,110.0,1.0,1.0,1.0,2148382,1.0,1,4,1,9.0,,-1.0,0,1990.0,A01,138Â 301Â 287,1.0,0.0,-1.0,1640608,1.0,15,,0.0,2.0,4.0,Z01,138Â 301Â 286,0.0
961255,201900002786,5,14,21:50,3,1,1,1.0,2.0,95154,AUTOROUTE A1,M,"49,0456900","2,5458800",95,2019,110.0,1.0,1.0,1.0,2148382,1.0,1,4,1,9.0,,-1.0,0,1990.0,A01,138Â 301Â 287,1.0,0.0,-1.0,1640609,1.0,7,,0.0,2.0,1.0,A01,138Â 301Â 287,1.0
961256,201900002787,5,14,18:15,1,1,1,1.0,5.0,93001,AUTOROUTE A86,M,"48,9210800","2,3744600",93,2019,90.0,1.0,1.0,1.0,2148383,1.0,1,1,1,1.0,,-1.0, -1,1981.0,B01,138Â 301Â 283,1.0,0.0,-1.0,1640610,1.0,7,,0.0,2.0,4.0,B01,138Â 301Â 283,1.0
961256,201900002787,5,14,18:15,1,1,1,1.0,5.0,93001,AUTOROUTE A86,M,"48,9210800","2,3744600",93,2019,90.0,1.0,1.0,1.0,2148383,1.0,1,1,1,1.0,,-1.0, -1,1981.0,B01,138Â 301Â 283,1.0,0.0,-1.0,1640611,1.0,7,,0.0,2.0,5.0,C01,138Â 301Â 284,1.0
961256,201900002787,5,14,18:15,1,1,1,1.0,5.0,93001,AUTOROUTE A86,M,"48,9210800","2,3744600",93,2019,90.0,1.0,1.0,1.0,2148383,1.0,1,1,1,1.0,,-1.0, -1,1981.0,B01,138Â 301Â 283,1.0,0.0,-1.0,1640612,1.0,33,,0.0,2.0,8.0,A01,138Â 301Â 285,1.0
961256,201900002787,5,14,18:15,1,1,1,1.0,5.0,93001,AUTOROUTE A86,M,"48,9210800","2,3744600",93,2019,90.0,1.0,1.0,1.0,2148384,1.0,1,1,1,1.0,,-1.0, -1,1963.0,C01,138Â 301Â 284,1.0,0.0,-1.0,1640610,1.0,7,,0.0,2.0,4.0,B01,138Â 301Â 283,1.0
961256,201900002787,5,14,18:15,1,1,1,1.0,5.0,93001,AUTOROUTE A86,M,"48,9210800","2,3744600",93,2019,90.0,1.0,1.0,1.0,2148384,1.0,1,1,1,1.0,,-1.0, -1,1963.0,C01,138Â 301Â 284,1.0,0.0,-1.0,1640611,1.0,7,,0.0,2.0,5.0,C01,138Â 301Â 284,1.0
961256,201900002787,5,14,18:15,1,1,1,1.0,5.0,93001,AUTOROUTE A86,M,"48,9210800","2,3744600",93,2019,90.0,1.0,1.0,1.0,2148384,1.0,1,1,1,1.0,,-1.0, -1,1963.0,C01,138Â 301Â 284,1.0,0.0,-1.0,1640612,1.0,33,,0.0,2.0,8.0,A01,138Â 301Â 285,1.0
961256,201900002787,5,14,18:15,1,1,1,1.0,5.0,93001,AUTOROUTE A86,M,"48,9210800","2,3744600",93,2019,90.0,1.0,1.0,1.0,2148385,1.0,1,4,1,1.0,,-1.0, -1,1981.0,A01,138Â 301Â 285,2.0,0.0,-1.0,1640610,1.0,7,,0.0,2.0,4.0,B01,138Â 301Â 283,1.0
961256,201900002787,5,14,18:15,1,1,1,1.0,5.0,93001,AUTOROUTE A86,M,"48,9210800","2,3744600",93,2019,90.0,1.0,1.0,1.0,2148385,1.0,1,4,1,1.0,,-1.0, -1,1981.0,A01,138Â 301Â 285,2.0,0.0,-1.0,1640611,1.0,7,,0.0,2.0,5.0,C01,138Â 301Â 284,1.0
961256,201900002787,5,14,18:15,1,1,1,1.0,5.0,93001,AUTOROUTE A86,M,"48,9210800","2,3744600",93,2019,90.0,1.0,1.0,1.0,2148385,1.0,1,4,1,1.0,,-1.0, -1,1981.0,A01,138Â 301Â 285,2.0,0.0,-1.0,1640612,1.0,33,,0.0,2.0,8.0,A01,138Â 301Â 285,1.0
961257,201900002788,5,14,17:45,1,1,1,1.0,3.0,95018,AUTOROUTE A15,M,"48,9619400","2,2678800",95,2019,110.0,1.0,1.0,1.0,2148386,1.0,1,1,1,1.0,,-1.0,0,1971.0,A01,138Â 301Â 281,1.0,8.0,-1.0,1640613,1.0,7,,0.0,2.0,6.0,A01,138Â 301Â 281,1.0
961257,201900002788,5,14,17:45,1,1,1,1.0,3.0,95018,AUTOROUTE A15,M,"48,9619400","2,2678800",95,2019,110.0,1.0,1.0,1.0,2148386,1.0,1,1,1,1.0,,-1.0,0,1971.0,A01,138Â 301Â 281,1.0,8.0,-1.0,1640614,1.0,33,,0.0,2.0,2.0,B01,138Â 301Â 282,1.0
961257,201900002788,5,14,17:45,1,1,1,1.0,3.0,95018,AUTOROUTE A15,M,"48,9619400","2,2678800",95,2019,110.0,1.0,1.0,1.0,2148387,1.0,1,4,1,1.0,,-1.0,0,1994.0,B01,138Â 301Â 282,2.0,6.0,-1.0,1640613,1.0,7,,0.0,2.0,6.0,A01,138Â 301Â 281,1.0
961257,201900002788,5,14,17:45,1,1,1,1.0,3.0,95018,AUTOROUTE A15,M,"48,9619400","2,2678800",95,2019,110.0,1.0,1.0,1.0,2148387,1.0,1,4,1,1.0,,-1.0,0,1994.0,B01,138Â 301Â 282,2.0,6.0,-1.0,1640614,1.0,33,,0.0,2.0,2.0,B01,138Â 301Â 282,1.0
961258,201900002789,5,14,17:45,1,1,1,1.0,5.0,93010,AUTOROUTE A3,M,"48,8889400","2,4737400",93,2019,70.0,1.0,1.0,1.0,2148388,1.0,1,3,1,0.0,,-1.0, -1,1998.0,A01,138Â 301Â 278,2.0,6.0,-1.0,1640615,2.0,33,,0.0,2.0,8.0,A01,138Â 301Â 278,1.0
961258,201900002789,5,14,17:45,1,1,1,1.0,5.0,93010,AUTOROUTE A3,M,"48,8889400","2,4737400",93,2019,70.0,1.0,1.0,1.0,2148388,1.0,1,3,1,0.0,,-1.0, -1,1998.0,A01,138Â 301Â 278,2.0,6.0,-1.0,1640616,2.0,7,,0.0,2.0,3.0,C01,138Â 301Â 279,1.0
961258,201900002789,5,14,17:45,1,1,1,1.0,5.0,93010,AUTOROUTE A3,M,"48,8889400","2,4737400",93,2019,70.0,1.0,1.0,1.0,2148388,1.0,1,3,1,0.0,,-1.0, -1,1998.0,A01,138Â 301Â 278,2.0,6.0,-1.0,1640617,2.0,7,,0.0,2.0,4.0,B01,138Â 301Â 280,1.0
961258,201900002789,5,14,17:45,1,1,1,1.0,5.0,93010,AUTOROUTE A3,M,"48,8889400","2,4737400",93,2019,70.0,1.0,1.0,1.0,2148389,1.0,1,1,2,0.0,,-1.0, -1,1982.0,C01,138Â 301Â 279,1.0,0.0,-1.0,1640615,2.0,33,,0.0,2.0,8.0,A01,138Â 301Â 278,1.0
961258,201900002789,5,14,17:45,1,1,1,1.0,5.0,93010,AUTOROUTE A3,M,"48,8889400","2,4737400",93,2019,70.0,1.0,1.0,1.0,2148389,1.0,1,1,2,0.0,,-1.0, -1,1982.0,C01,138Â 301Â 279,1.0,0.0,-1.0,1640616,2.0,7,,0.0,2.0,3.0,C01,138Â 301Â 279,1.0
961258,201900002789,5,14,17:45,1,1,1,1.0,5.0,93010,AUTOROUTE A3,M,"48,8889400","2,4737400",93,2019,70.0,1.0,1.0,1.0,2148389,1.0,1,1,2,0.0,,-1.0, -1,1982.0,C01,138Â 301Â 279,1.0,0.0,-1.0,1640617,2.0,7,,0.0,2.0,4.0,B01,138Â 301Â 280,1.0
961258,201900002789,5,14,17:45,1,1,1,1.0,5.0,93010,AUTOROUTE A3,M,"48,8889400","2,4737400",93,2019,70.0,1.0,1.0,1.0,2148390,1.0,1,1,2,4.0,,-1.0, -1,1996.0,B01,138Â 301Â 280,1.0,4.0,-1.0,1640615,2.0,33,,0.0,2.0,8.0,A01,138Â 301Â 278,1.0
961258,201900002789,5,14,17:45,1,1,1,1.0,5.0,93010,AUTOROUTE A3,M,"48,8889400","2,4737400",93,2019,70.0,1.0,1.0,1.0,2148390,1.0,1,1,2,4.0,,-1.0, -1,1996.0,B01,138Â 301Â 280,1.0,4.0,-1.0,1640616,2.0,7,,0.0,2.0,3.0,C01,138Â 301Â 279,1.0
961258,201900002789,5,14,17:45,1,1,1,1.0,5.0,93010,AUTOROUTE A3,M,"48,8889400","2,4737400",93,2019,70.0,1.0,1.0,1.0,2148390,1.0,1,1,2,4.0,,-1.0, -1,1996.0,B01,138Â 301Â 280,1.0,4.0,-1.0,1640617,2.0,7,,0.0,2.0,4.0,B01,138Â 301Â 280,1.0
961259,201900002790,5,14,09:20,1,1,1,1.0,2.0,95394,RN 184,M,"49,0515100","2,1514000",95,2019,90.0,1.0,1.0,2.0,2148391,1.0,1,3,1,4.0,,-1.0,0,1972.0,A01,138Â 301Â 276,1.0,0.0,-1.0,1640618,2.0,17,,1.0,0.0,2.0,A01,138Â 301Â 276,1.0
961259,201900002790,5,14,09:20,1,1,1,1.0,2.0,95394,RN 184,M,"49,0515100","2,1514000",95,2019,90.0,1.0,1.0,2.0,2148391,1.0,1,3,1,4.0,,-1.0,0,1972.0,A01,138Â 301Â 276,1.0,0.0,-1.0,1640619,2.0,14,,0.0,2.0,4.0,B01,138Â 301Â 277,1.0
961259,201900002790,5,14,09:20,1,1,1,1.0,2.0,95394,RN 184,M,"49,0515100","2,1514000",95,2019,90.0,1.0,1.0,2.0,2148392,1.0,1,1,1,4.0,,-1.0,0,1980.0,B01,138Â 301Â 277,1.0,0.0,-1.0,1640618,2.0,17,,1.0,0.0,2.0,A01,138Â 301Â 276,1.0
961259,201900002790,5,14,09:20,1,1,1,1.0,2.0,95394,RN 184,M,"49,0515100","2,1514000",95,2019,90.0,1.0,1.0,2.0,2148392,1.0,1,1,1,4.0,,-1.0,0,1980.0,B01,138Â 301Â 277,1.0,0.0,-1.0,1640619,2.0,14,,0.0,2.0,4.0,B01,138Â 301Â 277,1.0
961260,201900002791,5,14,08:50,1,1,1,1.0,2.0,93078,AUTOROUTE A104,M,"48,9714700","2,4971400",93,2019,110.0,1.0,1.0,1.0,2148393,1.0,1,4,1,0.0,,-1.0, -1,1968.0,A01,138Â 301Â 274,1.0,0.0,-1.0,1640620,1.0,7,,0.0,2.0,1.0,A01,138Â 301Â 274,1.0
961260,201900002791,5,14,08:50,1,1,1,1.0,2.0,93078,AUTOROUTE A104,M,"48,9714700","2,4971400",93,2019,110.0,1.0,1.0,1.0,2148393,1.0,1,4,1,0.0,,-1.0, -1,1968.0,A01,138Â 301Â 274,1.0,0.0,-1.0,1640621,1.0,7,,0.0,2.0,4.0,B01,138Â 301Â 275,1.0
961260,201900002791,5,14,08:50,1,1,1,1.0,2.0,93078,AUTOROUTE A104,M,"48,9714700","2,4971400",93,2019,110.0,1.0,1.0,1.0,2148394,2.0,2,4,2,0.0,,-1.0, -1,1969.0,A01,138Â 301Â 274,1.0,0.0,-1.0,1640620,1.0,7,,0.0,2.0,1.0,A01,138Â 301Â 274,1.0
961260,201900002791,5,14,08:50,1,1,1,1.0,2.0,93078,AUTOROUTE A104,M,"48,9714700","2,4971400",93,2019,110.0,1.0,1.0,1.0,2148394,2.0,2,4,2,0.0,,-1.0, -1,1969.0,A01,138Â 301Â 274,1.0,0.0,-1.0,1640621,1.0,7,,0.0,2.0,4.0,B01,138Â 301Â 275,1.0
961260,201900002791,5,14,08:50,1,1,1,1.0,2.0,93078,AUTOROUTE A104,M,"48,9714700","2,4971400",93,2019,110.0,1.0,1.0,1.0,2148395,1.0,1,1,1,0.0,,-1.0, -1,1997.0,B01,138Â 301Â 275,1.0,0.0,-1.0,1640620,1.0,7,,0.0,2.0,1.0,A01,138Â 301Â 274,1.0
961260,201900002791,5,14,08:50,1,1,1,1.0,2.0,93078,AUTOROUTE A104,M,"48,9714700","2,4971400",93,2019,110.0,1.0,1.0,1.0,2148395,1.0,1,1,1,0.0,,-1.0, -1,1997.0,B01,138Â 301Â 275,1.0,0.0,-1.0,1640621,1.0,7,,0.0,2.0,4.0,B01,138Â 301Â 275,1.0
961261,201900002792,5,13,15:50,1,1,1,1.0,5.0,93007,AUTOROUTE A1,M,"48,9521100","2,4520600",93,2019,110.0,1.0,1.0,1.0,2148396,1.0,1,1,2,0.0,,-1.0, -1,1975.0,D01,138Â 301Â 270,1.0,0.0,-1.0,1640622,2.0,7,,0.0,2.0,4.0,D01,138Â 301Â 270,1.0
961261,201900002792,5,13,15:50,1,1,1,1.0,5.0,93007,AUTOROUTE A1,M,"48,9521100","2,4520600",93,2019,110.0,1.0,1.0,1.0,2148396,1.0,1,1,2,0.0,,-1.0, -1,1975.0,D01,138Â 301Â 270,1.0,0.0,-1.0,1640623,2.0,10,,0.0,2.0,5.0,B01,138Â 301Â 271,1.0
961261,201900002792,5,13,15:50,1,1,1,1.0,5.0,93007,AUTOROUTE A1,M,"48,9521100","2,4520600",93,2019,110.0,1.0,1.0,1.0,2148396,1.0,1,1,2,0.0,,-1.0, -1,1975.0,D01,138Â 301Â 270,1.0,0.0,-1.0,1640624,2.0,7,,0.0,2.0,1.0,C01,138Â 301Â 272,1.0
961261,201900002792,5,13,15:50,1,1,1,1.0,5.0,93007,AUTOROUTE A1,M,"48,9521100","2,4520600",93,2019,110.0,1.0,1.0,1.0,2148396,1.0,1,1,2,0.0,,-1.0, -1,1975.0,D01,138Â 301Â 270,1.0,0.0,-1.0,1640625,2.0,33,,0.0,2.0,1.0,A01,138Â 301Â 273,1.0
961261,201900002792,5,13,15:50,1,1,1,1.0,5.0,93007,AUTOROUTE A1,M,"48,9521100","2,4520600",93,2019,110.0,1.0,1.0,1.0,2148397,1.0,1,1,1,0.0,,-1.0, -1,1983.0,B01,138Â 301Â 271,1.0,0.0,-1.0,1640622,2.0,7,,0.0,2.0,4.0,D01,138Â 301Â 270,1.0
961261,201900002792,5,13,15:50,1,1,1,1.0,5.0,93007,AUTOROUTE A1,M,"48,9521100","2,4520600",93,2019,110.0,1.0,1.0,1.0,2148397,1.0,1,1,1,0.0,,-1.0, -1,1983.0,B01,138Â 301Â 271,1.0,0.0,-1.0,1640623,2.0,10,,0.0,2.0,5.0,B01,138Â 301Â 271,1.0
961261,201900002792,5,13,15:50,1,1,1,1.0,5.0,93007,AUTOROUTE A1,M,"48,9521100","2,4520600",93,2019,110.0,1.0,1.0,1.0,2148397,1.0,1,1,1,0.0,,-1.0, -1,1983.0,B01,138Â 301Â 271,1.0,0.0,-1.0,1640624,2.0,7,,0.0,2.0,1.0,C01,138Â 301Â 272,1.0
961261,201900002792,5,13,15:50,1,1,1,1.0,5.0,93007,AUTOROUTE A1,M,"48,9521100","2,4520600",93,2019,110.0,1.0,1.0,1.0,2148397,1.0,1,1,1,0.0,,-1.0, -1,1983.0,B01,138Â 301Â 271,1.0,0.0,-1.0,1640625,2.0,33,,0.0,2.0,1.0,A01,138Â 301Â 273,1.0
961261,201900002792,5,13,15:50,1,1,1,1.0,5.0,93007,AUTOROUTE A1,M,"48,9521100","2,4520600",93,2019,110.0,1.0,1.0,1.0,2148398,1.0,1,1,1,0.0,,-1.0, -1,1953.0,C01,138Â 301Â 272,1.0,0.0,-1.0,1640622,2.0,7,,0.0,2.0,4.0,D01,138Â 301Â 270,1.0
961261,201900002792,5,13,15:50,1,1,1,1.0,5.0,93007,AUTOROUTE A1,M,"48,9521100","2,4520600",93,2019,110.0,1.0,1.0,1.0,2148398,1.0,1,1,1,0.0,,-1.0, -1,1953.0,C01,138Â 301Â 272,1.0,0.0,-1.0,1640623,2.0,10,,0.0,2.0,5.0,B01,138Â 301Â 271,1.0
961261,201900002792,5,13,15:50,1,1,1,1.0,5.0,93007,AUTOROUTE A1,M,"48,9521100","2,4520600",93,2019,110.0,1.0,1.0,1.0,2148398,1.0,1,1,1,0.0,,-1.0, -1,1953.0,C01,138Â 301Â 272,1.0,0.0,-1.0,1640624,2.0,7,,0.0,2.0,1.0,C01,138Â 301Â 272,1.0
961261,201900002792,5,13,15:50,1,1,1,1.0,5.0,93007,AUTOROUTE A1,M,"48,9521100","2,4520600",93,2019,110.0,1.0,1.0,1.0,2148398,1.0,1,1,1,0.0,,-1.0, -1,1953.0,C01,138Â 301Â 272,1.0,0.0,-1.0,1640625,2.0,33,,0.0,2.0,1.0,A01,138Â 301Â 273,1.0
961261,201900002792,5,13,15:50,1,1,1,1.0,5.0,93007,AUTOROUTE A1,M,"48,9521100","2,4520600",93,2019,110.0,1.0,1.0,1.0,2148399,1.0,1,4,1,0.0,,-1.0, -1,1990.0,A01,138Â 301Â 273,2.0,6.0,-1.0,1640622,2.0,7,,0.0,2.0,4.0,D01,138Â 301Â 270,1.0
961261,201900002792,5,13,15:50,1,1,1,1.0,5.0,93007,AUTOROUTE A1,M,"48,9521100","2,4520600",93,2019,110.0,1.0,1.0,1.0,2148399,1.0,1,4,1,0.0,,-1.0, -1,1990.0,A01,138Â 301Â 273,2.0,6.0,-1.0,1640623,2.0,10,,0.0,2.0,5.0,B01,138Â 301Â 271,1.0
961261,201900002792,5,13,15:50,1,1,1,1.0,5.0,93007,AUTOROUTE A1,M,"48,9521100","2,4520600",93,2019,110.0,1.0,1.0,1.0,2148399,1.0,1,4,1,0.0,,-1.0, -1,1990.0,A01,138Â 301Â 273,2.0,6.0,-1.0,1640624,2.0,7,,0.0,2.0,1.0,C01,138Â 301Â 272,1.0
961261,201900002792,5,13,15:50,1,1,1,1.0,5.0,93007,AUTOROUTE A1,M,"48,9521100","2,4520600",93,2019,110.0,1.0,1.0,1.0,2148399,1.0,1,4,1,0.0,,-1.0, -1,1990.0,A01,138Â 301Â 273,2.0,6.0,-1.0,1640625,2.0,33,,0.0,2.0,1.0,A01,138Â 301Â 273,1.0
961262,201900002793,5,12,19:50,1,1,1,1.0,2.0,93066,AUTOROUTE A1,M,"48,9238600","2,3573400",93,2019,90.0,1.0,1.0,1.0,2148400,1.0,1,4,1,0.0,,-1.0, -1,1970.0,A01,138Â 301Â 268,2.0,0.0,-1.0,1640626,1.0,33,,0.0,2.0,1.0,A01,138Â 301Â 268,1.0
961262,201900002793,5,12,19:50,1,1,1,1.0,2.0,93066,AUTOROUTE A1,M,"48,9238600","2,3573400",93,2019,90.0,1.0,1.0,1.0,2148400,1.0,1,4,1,0.0,,-1.0, -1,1970.0,A01,138Â 301Â 268,2.0,0.0,-1.0,1640627,1.0,7,,0.0,2.0,4.0,B01,138Â 301Â 269,1.0
961262,201900002793,5,12,19:50,1,1,1,1.0,2.0,93066,AUTOROUTE A1,M,"48,9238600","2,3573400",93,2019,90.0,1.0,1.0,1.0,2148401,1.0,1,1,2,0.0,,-1.0, -1,1992.0,B01,138Â 301Â 269,1.0,0.0,-1.0,1640626,1.0,33,,0.0,2.0,1.0,A01,138Â 301Â 268,1.0
961262,201900002793,5,12,19:50,1,1,1,1.0,2.0,93066,AUTOROUTE A1,M,"48,9238600","2,3573400",93,2019,90.0,1.0,1.0,1.0,2148401,1.0,1,1,2,0.0,,-1.0, -1,1992.0,B01,138Â 301Â 269,1.0,0.0,-1.0,1640627,1.0,7,,0.0,2.0,4.0,B01,138Â 301Â 269,1.0
961263,201900002794,5,12,17:50,1,1,1,1.0,6.0,95028,RN 104,M,"49,0632700","2,3353400",95,2019,70.0,1.0,1.0,2.0,2148402,1.0,1,4,1,5.0,,-1.0,0,1985.0,A01,138Â 301Â 267,1.0,0.0,-1.0,1640628,2.0,7,,4.0,0.0,3.0,A01,138Â 301Â 267,1.0
961263,201900002794,5,12,17:50,1,1,1,1.0,6.0,95028,RN 104,M,"49,0632700","2,3353400",95,2019,70.0,1.0,1.0,2.0,2148403,5.0,2,4,1,5.0,,-1.0,0,2009.0,A01,138Â 301Â 267,1.0,0.0,-1.0,1640628,2.0,7,,4.0,0.0,3.0,A01,138Â 301Â 267,1.0
961263,201900002794,5,12,17:50,1,1,1,1.0,6.0,95028,RN 104,M,"49,0632700","2,3353400",95,2019,70.0,1.0,1.0,2.0,2148404,2.0,2,4,2,5.0,,-1.0,0,1991.0,A01,138Â 301Â 267,1.0,0.0,-1.0,1640628,2.0,7,,4.0,0.0,3.0,A01,138Â 301Â 267,1.0
961263,201900002794,5,12,17:50,1,1,1,1.0,6.0,95028,RN 104,M,"49,0632700","2,3353400",95,2019,70.0,1.0,1.0,2.0,2148405,4.0,2,4,2,5.0,,-1.0,0,2016.0,A01,138Â 301Â 267,3.0,0.0,-1.0,1640628,2.0,7,,4.0,0.0,3.0,A01,138Â 301Â 267,1.0
961263,201900002794,5,12,17:50,1,1,1,1.0,6.0,95028,RN 104,M,"49,0632700","2,3353400",95,2019,70.0,1.0,1.0,2.0,2148406,3.0,2,4,2,5.0,,-1.0,0,2012.0,A01,138Â 301Â 267,3.0,0.0,-1.0,1640628,2.0,7,,4.0,0.0,3.0,A01,138Â 301Â 267,1.0
961264,201900002795,5,12,16:10,1,1,1,1.0,3.0,93053,AUTOROUTE A86,M,"48,8908900","2,4730800",93,2019,70.0,1.0,1.0,1.0,2148407,1.0,1,4,1,0.0,,-1.0, -1,1982.0,A01,138Â 301Â 266,2.0,6.0,-1.0,1640629,1.0,7,,0.0,2.0,0.0,Z01,138Â 301Â 265,0.0
961264,201900002795,5,12,16:10,1,1,1,1.0,3.0,93053,AUTOROUTE A86,M,"48,8908900","2,4730800",93,2019,70.0,1.0,1.0,1.0,2148407,1.0,1,4,1,0.0,,-1.0, -1,1982.0,A01,138Â 301Â 266,2.0,6.0,-1.0,1640630,1.0,31,,0.0,2.0,8.0,A01,138Â 301Â 266,1.0
961265,201900002796,5,12,15:45,1,1,1,1.0,2.0,93064,AUTOROUTE A86,M,"48,8677100","2,4817700",93,2019,90.0,1.0,1.0,1.0,2148408,1.0,1,4,1,0.0,,-1.0, -1,1992.0,A01,138Â 301Â 263,1.0,0.0,-1.0,1640631,1.0,7,,0.0,2.0,1.0,A01,138Â 301Â 263,1.0
961265,201900002796,5,12,15:45,1,1,1,1.0,2.0,93064,AUTOROUTE A86,M,"48,8677100","2,4817700",93,2019,90.0,1.0,1.0,1.0,2148408,1.0,1,4,1,0.0,,-1.0, -1,1992.0,A01,138Â 301Â 263,1.0,0.0,-1.0,1640632,1.0,7,,0.0,2.0,4.0,B01,138Â 301Â 264,1.0
961265,201900002796,5,12,15:45,1,1,1,1.0,2.0,93064,AUTOROUTE A86,M,"48,8677100","2,4817700",93,2019,90.0,1.0,1.0,1.0,2148409,1.0,1,1,2,0.0,,-1.0, -1,1994.0,B01,138Â 301Â 264,1.0,0.0,-1.0,1640631,1.0,7,,0.0,2.0,1.0,A01,138Â 301Â 263,1.0
961265,201900002796,5,12,15:45,1,1,1,1.0,2.0,93064,AUTOROUTE A86,M,"48,8677100","2,4817700",93,2019,90.0,1.0,1.0,1.0,2148409,1.0,1,1,2,0.0,,-1.0, -1,1994.0,B01,138Â 301Â 264,1.0,0.0,-1.0,1640632,1.0,7,,0.0,2.0,4.0,B01,138Â 301Â 264,1.0
961266,201900002797,5,12,05:40,2,1,9,1.0,6.0,93066,AUTOROUTE A1,M,"48,9208900","2,3573500",93,2019,90.0,1.0,1.0,1.0,2148410,1.0,1,1,1,9.0,,0.0,0,1991.0,Z01,138Â 301Â 262,8.0,8.0,-1.0,1640633,1.0,7,,0.0,1.0,2.0,Z01,138Â 301Â 262,1.0
961266,201900002797,5,12,05:40,2,1,9,1.0,6.0,93066,AUTOROUTE A1,M,"48,9208900","2,3573500",93,2019,90.0,1.0,1.0,1.0,2148411,10.0,3,3,1,9.0,,9.0,3,1991.0,Z01,138Â 301Â 262,8.0,0.0,-1.0,1640633,1.0,7,,0.0,1.0,2.0,Z01,138Â 301Â 262,1.0
961267,201900002798,5,12,04:30,3,1,1,1.0,6.0,95306,AUTOROUTE A15,M,"49,0088300","2,1584100",95,2019,110.0,1.0,1.0,1.0,2148412,1.0,1,4,1,1.0,,-1.0,0,1992.0,A01,138Â 301Â 261,1.0,0.0,-1.0,1640634,2.0,7,,3.0,2.0,1.0,A01,138Â 301Â 261,1.0
961268,201900002799,5,11,19:00,1,1,1,2.0,4.0,93053,AUTOROUTE A3,M,"48,8828100","2,4568500",93,2019,90.0,1.0,2.0,1.0,2148413,1.0,1,1,1,0.0,,-1.0, -1,1985.0,B01,138Â 301Â 258,1.0,8.0,-1.0,1640635,2.0,7,,0.0,2.0,4.0,B01,138Â 301Â 258,1.0
961268,201900002799,5,11,19:00,1,1,1,2.0,4.0,93053,AUTOROUTE A3,M,"48,8828100","2,4568500",93,2019,90.0,1.0,2.0,1.0,2148413,1.0,1,1,1,0.0,,-1.0, -1,1985.0,B01,138Â 301Â 258,1.0,8.0,-1.0,1640636,2.0,7,,0.0,2.0,4.0,C01,138Â 301Â 259,1.0
961268,201900002799,5,11,19:00,1,1,1,2.0,4.0,93053,AUTOROUTE A3,M,"48,8828100","2,4568500",93,2019,90.0,1.0,2.0,1.0,2148413,1.0,1,1,1,0.0,,-1.0, -1,1985.0,B01,138Â 301Â 258,1.0,8.0,-1.0,1640637,2.0,7,,0.0,2.0,1.0,A01,138Â 301Â 260,1.0
961268,201900002799,5,11,19:00,1,1,1,2.0,4.0,93053,AUTOROUTE A3,M,"48,8828100","2,4568500",93,2019,90.0,1.0,2.0,1.0,2148414,1.0,1,4,1,0.0,,-1.0, -1,1979.0,C01,138Â 301Â 259,1.0,8.0,-1.0,1640635,2.0,7,,0.0,2.0,4.0,B01,138Â 301Â 258,1.0
961268,201900002799,5,11,19:00,1,1,1,2.0,4.0,93053,AUTOROUTE A3,M,"48,8828100","2,4568500",93,2019,90.0,1.0,2.0,1.0,2148414,1.0,1,4,1,0.0,,-1.0, -1,1979.0,C01,138Â 301Â 259,1.0,8.0,-1.0,1640636,2.0,7,,0.0,2.0,4.0,C01,138Â 301Â 259,1.0
961268,201900002799,5,11,19:00,1,1,1,2.0,4.0,93053,AUTOROUTE A3,M,"48,8828100","2,4568500",93,2019,90.0,1.0,2.0,1.0,2148414,1.0,1,4,1,0.0,,-1.0, -1,1979.0,C01,138Â 301Â 259,1.0,8.0,-1.0,1640637,2.0,7,,0.0,2.0,1.0,A01,138Â 301Â 260,1.0
961268,201900002799,5,11,19:00,1,1,1,2.0,4.0,93053,AUTOROUTE A3,M,"48,8828100","2,4568500",93,2019,90.0,1.0,2.0,1.0,2148415,1.0,1,1,1,0.0,,-1.0, -1,1990.0,A01,138Â 301Â 260,1.0,8.0,-1.0,1640635,2.0,7,,0.0,2.0,4.0,B01,138Â 301Â 258,1.0
961268,201900002799,5,11,19:00,1,1,1,2.0,4.0,93053,AUTOROUTE A3,M,"48,8828100","2,4568500",93,2019,90.0,1.0,2.0,1.0,2148415,1.0,1,1,1,0.0,,-1.0, -1,1990.0,A01,138Â 301Â 260,1.0,8.0,-1.0,1640636,2.0,7,,0.0,2.0,4.0,C01,138Â 301Â 259,1.0
961268,201900002799,5,11,19:00,1,1,1,2.0,4.0,93053,AUTOROUTE A3,M,"48,8828100","2,4568500",93,2019,90.0,1.0,2.0,1.0,2148415,1.0,1,1,1,0.0,,-1.0, -1,1990.0,A01,138Â 301Â 260,1.0,8.0,-1.0,1640637,2.0,7,,0.0,2.0,1.0,A01,138Â 301Â 260,1.0
961269,201900002800,5,11,14:15,1,1,1,1.0,6.0,95394,AUTOROUTE A115,M,"49,0508100","2,1816600",95,2019,70.0,1.0,1.0,1.0,2148416,1.0,1,4,1,5.0,,-1.0,0,1973.0,A01,138Â 301Â 257,2.0,0.0,-1.0,1640638,2.0,33,,4.0,0.0,1.0,A01,138Â 301Â 257,1.0
961270,201900002801,5,11,06:45,2,1,1,3.0,6.0,95582,AUTOROUTE A15,M,"48,9657200","2,2583700",95,2019,110.0,1.0,2.0,1.0,2148417,1.0,1,4,1,5.0,,-1.0,0,1946.0,A01,138Â 301Â 256,1.0,8.0,-1.0,1640639,2.0,7,,4.0,0.0,3.0,A01,138Â 301Â 256,1.0