Unnamed: 0_x,num_acc,mois,jour,hrmn,lum,agg,int,atm,col,com,adr,gps,lat,long,dep,annee,vma,situ,surf,catr,Unnamed: 0_y,place,catu,grav,sexe,trajet,secu,locp,actp,an_nais,num_veh_x,id_vehicule_x,secu1,secu2,secu3,Unnamed: 0,senc,catv,occutc,obs,obsm,choc,num_veh_y,id_vehicule_y,motor
961271,201900002802,5,11,09:00,1,1,1,3.0,6.0,93078,AUTOROUTE A104,M,"48,9636200","2,5214100",93,2019,90.0,1.0,8.0,1.0,2148418,1.0,1,4,2,0.0,,-1.0, -1,1983.0,A01,138Â 301Â 255,1.0,0.0,-1.0,1640640,2.0,7,,4.0,0.0,1.0,A01,138Â 301Â 255,1.0
961271,201900002802,5,11,09:00,1,1,1,3.0,6.0,93078,AUTOROUTE A104,M,"48,9636200","2,5214100",93,2019,90.0,1.0,8.0,1.0,2148419,4.0,2,4,1,0.0,,-1.0, -1,2013.0,A01,138Â 301Â 255,3.0,0.0,-1.0,1640640,2.0,7,,4.0,0.0,1.0,A01,138Â 301Â 255,1.0
961272,201900002803,5,10,07:35,1,1,1,1.0,6.0,95028,RN 104,M,"49,0619700","2,3609900",95,2019,110.0,1.0,1.0,2.0,2148420,1.0,1,4,1,9.0,,-1.0,0,1985.0,A01,138Â 301Â 254,1.0,0.0,-1.0,1640641,2.0,7,,13.0,0.0,1.0,A01,138Â 301Â 254,1.0
961273,201900002804,5,10,14:50,1,1,9,1.0,6.0,93005,AUTOROUTE A3,M,"48,9443300","2,4772800",93,2019,90.0,1.0,1.0,1.0,2148421,1.0,1,4,2,0.0,,-1.0, -1,1968.0,A01,138Â 301Â 253,8.0,0.0,-1.0,1640642,1.0,7,,0.0,6.0,2.0,A01,138Â 301Â 253,1.0
961274,201900002805,5,10,17:20,1,1,1,2.0,4.0,93066,AUTOROUTE A1,M,"48,9060900","2,3585700",93,2019,90.0,1.0,1.0,1.0,2148422,1.0,1,1,1,0.0,,-1.0, -1,1970.0,A01,138Â 301Â 249,1.0,0.0,-1.0,1640643,1.0,7,,0.0,2.0,1.0,A01,138Â 301Â 249,1.0
961274,201900002805,5,10,17:20,1,1,1,2.0,4.0,93066,AUTOROUTE A1,M,"48,9060900","2,3585700",93,2019,90.0,1.0,1.0,1.0,2148422,1.0,1,1,1,0.0,,-1.0, -1,1970.0,A01,138Â 301Â 249,1.0,0.0,-1.0,1640644,1.0,7,,0.0,2.0,4.0,C01,138Â 301Â 250,1.0
961274,201900002805,5,10,17:20,1,1,1,2.0,4.0,93066,AUTOROUTE A1,M,"48,9060900","2,3585700",93,2019,90.0,1.0,1.0,1.0,2148422,1.0,1,1,1,0.0,,-1.0, -1,1970.0,A01,138Â 301Â 249,1.0,0.0,-1.0,1640645,1.0,7,,0.0,2.0,4.0,B01,138Â 301Â 251,1.0
961274,201900002805,5,10,17:20,1,1,1,2.0,4.0,93066,AUTOROUTE A1,M,"48,9060900","2,3585700",93,2019,90.0,1.0,1.0,1.0,2148422,1.0,1,1,1,0.0,,-1.0, -1,1970.0,A01,138Â 301Â 249,1.0,0.0,-1.0,1640646,1.0,7,,0.0,2.0,4.0,D01,138Â 301Â 252,1.0
961274,201900002805,5,10,17:20,1,1,1,2.0,4.0,93066,AUTOROUTE A1,M,"48,9060900","2,3585700",93,2019,90.0,1.0,1.0,1.0,2148423,1.0,1,1,1,0.0,,-1.0, -1,1989.0,C01,138Â 301Â 250,1.0,0.0,-1.0,1640643,1.0,7,,0.0,2.0,1.0,A01,138Â 301Â 249,1.0
961274,201900002805,5,10,17:20,1,1,1,2.0,4.0,93066,AUTOROUTE A1,M,"48,9060900","2,3585700",93,2019,90.0,1.0,1.0,1.0,2148423,1.0,1,1,1,0.0,,-1.0, -1,1989.0,C01,138Â 301Â 250,1.0,0.0,-1.0,1640644,1.0,7,,0.0,2.0,4.0,C01,138Â 301Â 250,1.0
961274,201900002805,5,10,17:20,1,1,1,2.0,4.0,93066,AUTOROUTE A1,M,"48,9060900","2,3585700",93,2019,90.0,1.0,1.0,1.0,2148423,1.0,1,1,1,0.0,,-1.0, -1,1989.0,C01,138Â 301Â 250,1.0,0.0,-1.0,1640645,1.0,7,,0.0,2.0,4.0,B01,138Â 301Â 251,1.0
961274,201900002805,5,10,17:20,1,1,1,2.0,4.0,93066,AUTOROUTE A1,M,"48,9060900","2,3585700",93,2019,90.0,1.0,1.0,1.0,2148423,1.0,1,1,1,0.0,,-1.0, -1,1989.0,C01,138Â 301Â 250,1.0,0.0,-1.0,1640646,1.0,7,,0.0,2.0,4.0,D01,138Â 301Â 252,1.0
961274,201900002805,5,10,17:20,1,1,1,2.0,4.0,93066,AUTOROUTE A1,M,"48,9060900","2,3585700",93,2019,90.0,1.0,1.0,1.0,2148424,1.0,1,1,1,9.0,,-1.0, -1,1998.0,B01,138Â 301Â 251,1.0,0.0,-1.0,1640643,1.0,7,,0.0,2.0,1.0,A01,138Â 301Â 249,1.0
961274,201900002805,5,10,17:20,1,1,1,2.0,4.0,93066,AUTOROUTE A1,M,"48,9060900","2,3585700",93,2019,90.0,1.0,1.0,1.0,2148424,1.0,1,1,1,9.0,,-1.0, -1,1998.0,B01,138Â 301Â 251,1.0,0.0,-1.0,1640644,1.0,7,,0.0,2.0,4.0,C01,138Â 301Â 250,1.0
961274,201900002805,5,10,17:20,1,1,1,2.0,4.0,93066,AUTOROUTE A1,M,"48,9060900","2,3585700",93,2019,90.0,1.0,1.0,1.0,2148424,1.0,1,1,1,9.0,,-1.0, -1,1998.0,B01,138Â 301Â 251,1.0,0.0,-1.0,1640645,1.0,7,,0.0,2.0,4.0,B01,138Â 301Â 251,1.0
961274,201900002805,5,10,17:20,1,1,1,2.0,4.0,93066,AUTOROUTE A1,M,"48,9060900","2,3585700",93,2019,90.0,1.0,1.0,1.0,2148424,1.0,1,1,1,9.0,,-1.0, -1,1998.0,B01,138Â 301Â 251,1.0,0.0,-1.0,1640646,1.0,7,,0.0,2.0,4.0,D01,138Â 301Â 252,1.0
961274,201900002805,5,10,17:20,1,1,1,2.0,4.0,93066,AUTOROUTE A1,M,"48,9060900","2,3585700",93,2019,90.0,1.0,1.0,1.0,2148425,2.0,2,4,1,9.0,,-1.0, -1,1998.0,B01,138Â 301Â 251,1.0,0.0,-1.0,1640643,1.0,7,,0.0,2.0,1.0,A01,138Â 301Â 249,1.0
961274,201900002805,5,10,17:20,1,1,1,2.0,4.0,93066,AUTOROUTE A1,M,"48,9060900","2,3585700",93,2019,90.0,1.0,1.0,1.0,2148425,2.0,2,4,1,9.0,,-1.0, -1,1998.0,B01,138Â 301Â 251,1.0,0.0,-1.0,1640644,1.0,7,,0.0,2.0,4.0,C01,138Â 301Â 250,1.0
961274,201900002805,5,10,17:20,1,1,1,2.0,4.0,93066,AUTOROUTE A1,M,"48,9060900","2,3585700",93,2019,90.0,1.0,1.0,1.0,2148425,2.0,2,4,1,9.0,,-1.0, -1,1998.0,B01,138Â 301Â 251,1.0,0.0,-1.0,1640645,1.0,7,,0.0,2.0,4.0,B01,138Â 301Â 251,1.0
961274,201900002805,5,10,17:20,1,1,1,2.0,4.0,93066,AUTOROUTE A1,M,"48,9060900","2,3585700",93,2019,90.0,1.0,1.0,1.0,2148425,2.0,2,4,1,9.0,,-1.0, -1,1998.0,B01,138Â 301Â 251,1.0,0.0,-1.0,1640646,1.0,7,,0.0,2.0,4.0,D01,138Â 301Â 252,1.0
961274,201900002805,5,10,17:20,1,1,1,2.0,4.0,93066,AUTOROUTE A1,M,"48,9060900","2,3585700",93,2019,90.0,1.0,1.0,1.0,2148426,1.0,1,1,1,0.0,,-1.0, -1,1993.0,D01,138Â 301Â 252,1.0,0.0,-1.0,1640643,1.0,7,,0.0,2.0,1.0,A01,138Â 301Â 249,1.0
961274,201900002805,5,10,17:20,1,1,1,2.0,4.0,93066,AUTOROUTE A1,M,"48,9060900","2,3585700",93,2019,90.0,1.0,1.0,1.0,2148426,1.0,1,1,1,0.0,,-1.0, -1,1993.0,D01,138Â 301Â 252,1.0,0.0,-1.0,1640644,1.0,7,,0.0,2.0,4.0,C01,138Â 301Â 250,1.0
961274,201900002805,5,10,17:20,1,1,1,2.0,4.0,93066,AUTOROUTE A1,M,"48,9060900","2,3585700",93,2019,90.0,1.0,1.0,1.0,2148426,1.0,1,1,1,0.0,,-1.0, -1,1993.0,D01,138Â 301Â 252,1.0,0.0,-1.0,1640645,1.0,7,,0.0,2.0,4.0,B01,138Â 301Â 251,1.0
961274,201900002805,5,10,17:20,1,1,1,2.0,4.0,93066,AUTOROUTE A1,M,"48,9060900","2,3585700",93,2019,90.0,1.0,1.0,1.0,2148426,1.0,1,1,1,0.0,,-1.0, -1,1993.0,D01,138Â 301Â 252,1.0,0.0,-1.0,1640646,1.0,7,,0.0,2.0,4.0,D01,138Â 301Â 252,1.0
961275,201900002806,5,10,13:25,1,1,1,1.0,6.0,95277,AUTOROUTE A104,M,"48,9731900","2,4883600",95,2019,90.0,1.0,1.0,1.0,2148427,1.0,1,4,1,5.0,,-1.0,0,1973.0,A01,138Â 301Â 248,9.0,6.0,-1.0,1640647,1.0,43,,4.0,0.0,1.0,A01,138Â 301Â 248,1.0
961276,201900002807,5,10,14:45,1,1,1,1.0,2.0,93048,AUTOROUTE A86,M,"48,8645900","2,4823700",93,2019,90.0,1.0,1.0,1.0,2148428,1.0,1,1,1,4.0,,-1.0, -1,1964.0,A01,138Â 301Â 246,1.0,8.0,-1.0,1640648,2.0,15,,0.0,2.0,1.0,A01,138Â 301Â 246,1.0
961276,201900002807,5,10,14:45,1,1,1,1.0,2.0,93048,AUTOROUTE A86,M,"48,8645900","2,4823700",93,2019,90.0,1.0,1.0,1.0,2148428,1.0,1,1,1,4.0,,-1.0, -1,1964.0,A01,138Â 301Â 246,1.0,8.0,-1.0,1640649,2.0,7,,0.0,2.0,6.0,B01,138Â 301Â 247,1.0
961276,201900002807,5,10,14:45,1,1,1,1.0,2.0,93048,AUTOROUTE A86,M,"48,8645900","2,4823700",93,2019,90.0,1.0,1.0,1.0,2148429,2.0,2,4,1,4.0,,0.0,0,1990.0,B01,138Â 301Â 247,1.0,8.0,-1.0,1640648,2.0,15,,0.0,2.0,1.0,A01,138Â 301Â 246,1.0
961276,201900002807,5,10,14:45,1,1,1,1.0,2.0,93048,AUTOROUTE A86,M,"48,8645900","2,4823700",93,2019,90.0,1.0,1.0,1.0,2148429,2.0,2,4,1,4.0,,0.0,0,1990.0,B01,138Â 301Â 247,1.0,8.0,-1.0,1640649,2.0,7,,0.0,2.0,6.0,B01,138Â 301Â 247,1.0
961276,201900002807,5,10,14:45,1,1,1,1.0,2.0,93048,AUTOROUTE A86,M,"48,8645900","2,4823700",93,2019,90.0,1.0,1.0,1.0,2148430,1.0,1,4,2,9.0,,-1.0, -1,1999.0,B01,138Â 301Â 247,1.0,8.0,-1.0,1640648,2.0,15,,0.0,2.0,1.0,A01,138Â 301Â 246,1.0
961276,201900002807,5,10,14:45,1,1,1,1.0,2.0,93048,AUTOROUTE A86,M,"48,8645900","2,4823700",93,2019,90.0,1.0,1.0,1.0,2148430,1.0,1,4,2,9.0,,-1.0, -1,1999.0,B01,138Â 301Â 247,1.0,8.0,-1.0,1640649,2.0,7,,0.0,2.0,6.0,B01,138Â 301Â 247,1.0
961277,201900002808,5,10,13:00,1,1,1,1.0,4.0,93010,AUTOROUTE A3,M,"48,9144100","2,4771900",93,2019,110.0,1.0,1.0,1.0,2148431,1.0,1,1,1,4.0,,-1.0, -1,1975.0,A01,138Â 301Â 243,1.0,8.0,-1.0,1640650,2.0,14,,0.0,2.0,2.0,A01,138Â 301Â 243,1.0
961277,201900002808,5,10,13:00,1,1,1,1.0,4.0,93010,AUTOROUTE A3,M,"48,9144100","2,4771900",93,2019,110.0,1.0,1.0,1.0,2148431,1.0,1,1,1,4.0,,-1.0, -1,1975.0,A01,138Â 301Â 243,1.0,8.0,-1.0,1640651,2.0,7,,0.0,2.0,4.0,C01,138Â 301Â 244,1.0
961277,201900002808,5,10,13:00,1,1,1,1.0,4.0,93010,AUTOROUTE A3,M,"48,9144100","2,4771900",93,2019,110.0,1.0,1.0,1.0,2148431,1.0,1,1,1,4.0,,-1.0, -1,1975.0,A01,138Â 301Â 243,1.0,8.0,-1.0,1640652,2.0,7,,4.0,2.0,6.0,B01,138Â 301Â 245,1.0
961277,201900002808,5,10,13:00,1,1,1,1.0,4.0,93010,AUTOROUTE A3,M,"48,9144100","2,4771900",93,2019,110.0,1.0,1.0,1.0,2148432,1.0,1,1,1,0.0,,-1.0, -1,1969.0,C01,138Â 301Â 244,1.0,8.0,-1.0,1640650,2.0,14,,0.0,2.0,2.0,A01,138Â 301Â 243,1.0
961277,201900002808,5,10,13:00,1,1,1,1.0,4.0,93010,AUTOROUTE A3,M,"48,9144100","2,4771900",93,2019,110.0,1.0,1.0,1.0,2148432,1.0,1,1,1,0.0,,-1.0, -1,1969.0,C01,138Â 301Â 244,1.0,8.0,-1.0,1640651,2.0,7,,0.0,2.0,4.0,C01,138Â 301Â 244,1.0
961277,201900002808,5,10,13:00,1,1,1,1.0,4.0,93010,AUTOROUTE A3,M,"48,9144100","2,4771900",93,2019,110.0,1.0,1.0,1.0,2148432,1.0,1,1,1,0.0,,-1.0, -1,1969.0,C01,138Â 301Â 244,1.0,8.0,-1.0,1640652,2.0,7,,4.0,2.0,6.0,B01,138Â 301Â 245,1.0
961277,201900002808,5,10,13:00,1,1,1,1.0,4.0,93010,AUTOROUTE A3,M,"48,9144100","2,4771900",93,2019,110.0,1.0,1.0,1.0,2148433,1.0,1,4,2,1.0,,-1.0, -1,1961.0,B01,138Â 301Â 245,1.0,0.0,-1.0,1640650,2.0,14,,0.0,2.0,2.0,A01,138Â 301Â 243,1.0
961277,201900002808,5,10,13:00,1,1,1,1.0,4.0,93010,AUTOROUTE A3,M,"48,9144100","2,4771900",93,2019,110.0,1.0,1.0,1.0,2148433,1.0,1,4,2,1.0,,-1.0, -1,1961.0,B01,138Â 301Â 245,1.0,0.0,-1.0,1640651,2.0,7,,0.0,2.0,4.0,C01,138Â 301Â 244,1.0
961277,201900002808,5,10,13:00,1,1,1,1.0,4.0,93010,AUTOROUTE A3,M,"48,9144100","2,4771900",93,2019,110.0,1.0,1.0,1.0,2148433,1.0,1,4,2,1.0,,-1.0, -1,1961.0,B01,138Â 301Â 245,1.0,0.0,-1.0,1640652,2.0,7,,4.0,2.0,6.0,B01,138Â 301Â 245,1.0
961278,201900002809,5,10,05:40,5,1,1,1.0,6.0,93027,AUTOROUTE A86,M,"48,9227400","2,3808100",93,2019,90.0,1.0,1.0,1.0,2148434,1.0,1,3,2,0.0,,-1.0, -1,1996.0,A01,138Â 301Â 242,1.0,8.0,-1.0,1640653,1.0,7,,4.0,0.0,2.0,A01,138Â 301Â 242,1.0
961278,201900002809,5,10,05:40,5,1,1,1.0,6.0,93027,AUTOROUTE A86,M,"48,9227400","2,3808100",93,2019,90.0,1.0,1.0,1.0,2148435,2.0,2,4,1,0.0,,-1.0, -1,1991.0,A01,138Â 301Â 242,1.0,8.0,-1.0,1640653,1.0,7,,4.0,0.0,2.0,A01,138Â 301Â 242,1.0
961278,201900002809,5,10,05:40,5,1,1,1.0,6.0,93027,AUTOROUTE A86,M,"48,9227400","2,3808100",93,2019,90.0,1.0,1.0,1.0,2148436,3.0,2,4,2,0.0,,-1.0, -1,1995.0,A01,138Â 301Â 242,1.0,8.0,-1.0,1640653,1.0,7,,4.0,0.0,2.0,A01,138Â 301Â 242,1.0
961278,201900002809,5,10,05:40,5,1,1,1.0,6.0,93027,AUTOROUTE A86,M,"48,9227400","2,3808100",93,2019,90.0,1.0,1.0,1.0,2148437,4.0,2,4,1,0.0,,-1.0, -1,1989.0,A01,138Â 301Â 242,1.0,8.0,-1.0,1640653,1.0,7,,4.0,0.0,2.0,A01,138Â 301Â 242,1.0
961279,201900002810,5,9,16:50,1,1,1,1.0,3.0,93005,AUTOROUTE A3,M,"48,9601700","2,4735100",93,2019,90.0,1.0,1.0,1.0,2148438,1.0,1,4,1,1.0,,-1.0, -1,1965.0,B01,138Â 301Â 240,2.0,8.0,-1.0,1640654,1.0,33,,0.0,2.0,2.0,B01,138Â 301Â 240,1.0
961279,201900002810,5,9,16:50,1,1,1,1.0,3.0,93005,AUTOROUTE A3,M,"48,9601700","2,4735100",93,2019,90.0,1.0,1.0,1.0,2148438,1.0,1,4,1,1.0,,-1.0, -1,1965.0,B01,138Â 301Â 240,2.0,8.0,-1.0,1640655,1.0,7,,0.0,2.0,3.0,A01,138Â 301Â 241,1.0
961279,201900002810,5,9,16:50,1,1,1,1.0,3.0,93005,AUTOROUTE A3,M,"48,9601700","2,4735100",93,2019,90.0,1.0,1.0,1.0,2148439,1.0,1,1,1,1.0,,-1.0, -1,1960.0,A01,138Â 301Â 241,1.0,8.0,-1.0,1640654,1.0,33,,0.0,2.0,2.0,B01,138Â 301Â 240,1.0
961279,201900002810,5,9,16:50,1,1,1,1.0,3.0,93005,AUTOROUTE A3,M,"48,9601700","2,4735100",93,2019,90.0,1.0,1.0,1.0,2148439,1.0,1,1,1,1.0,,-1.0, -1,1960.0,A01,138Â 301Â 241,1.0,8.0,-1.0,1640655,1.0,7,,0.0,2.0,3.0,A01,138Â 301Â 241,1.0
961280,201900002811,5,9,11:30,1,1,1,2.0,3.0,93048,AUTOROUTE A86,M,"48,8675800","2,4819000",93,2019,90.0,1.0,2.0,1.0,2148440,1.0,1,1,1,4.0,,-1.0, -1,1980.0,A01,138Â 301Â 238,1.0,0.0,-1.0,1640656,2.0,15,,0.0,2.0,2.0,A01,138Â 301Â 238,1.0
961280,201900002811,5,9,11:30,1,1,1,2.0,3.0,93048,AUTOROUTE A86,M,"48,8675800","2,4819000",93,2019,90.0,1.0,2.0,1.0,2148440,1.0,1,1,1,4.0,,-1.0, -1,1980.0,A01,138Â 301Â 238,1.0,0.0,-1.0,1640657,2.0,7,,0.0,2.0,8.0,B01,138Â 301Â 239,1.0
961280,201900002811,5,9,11:30,1,1,1,2.0,3.0,93048,AUTOROUTE A86,M,"48,8675800","2,4819000",93,2019,90.0,1.0,2.0,1.0,2148441,1.0,1,4,1,1.0,,-1.0, -1,1958.0,B01,138Â 301Â 239,1.0,0.0,-1.0,1640656,2.0,15,,0.0,2.0,2.0,A01,138Â 301Â 238,1.0
961280,201900002811,5,9,11:30,1,1,1,2.0,3.0,93048,AUTOROUTE A86,M,"48,8675800","2,4819000",93,2019,90.0,1.0,2.0,1.0,2148441,1.0,1,4,1,1.0,,-1.0, -1,1958.0,B01,138Â 301Â 239,1.0,0.0,-1.0,1640657,2.0,7,,0.0,2.0,8.0,B01,138Â 301Â 239,1.0
961281,201900002812,5,9,07:50,1,1,1,2.0,2.0,93064,AUTOROUTE A86,M,"48,8840100","2,4715600",93,2019,90.0,1.0,2.0,1.0,2148442,1.0,1,4,1,0.0,,-1.0, -1,1959.0,A01,138Â 301Â 236,2.0,6.0,-1.0,1640658,2.0,43,,0.0,2.0,1.0,A01,138Â 301Â 236,1.0
961281,201900002812,5,9,07:50,1,1,1,2.0,2.0,93064,AUTOROUTE A86,M,"48,8840100","2,4715600",93,2019,90.0,1.0,2.0,1.0,2148442,1.0,1,4,1,0.0,,-1.0, -1,1959.0,A01,138Â 301Â 236,2.0,6.0,-1.0,1640659,2.0,7,,0.0,2.0,5.0,B01,138Â 301Â 237,1.0
961281,201900002812,5,9,07:50,1,1,1,2.0,2.0,93064,AUTOROUTE A86,M,"48,8840100","2,4715600",93,2019,90.0,1.0,2.0,1.0,2148443,1.0,1,1,1,0.0,,-1.0, -1,1965.0,B01,138Â 301Â 237,1.0,0.0,-1.0,1640658,2.0,43,,0.0,2.0,1.0,A01,138Â 301Â 236,1.0
961281,201900002812,5,9,07:50,1,1,1,2.0,2.0,93064,AUTOROUTE A86,M,"48,8840100","2,4715600",93,2019,90.0,1.0,2.0,1.0,2148443,1.0,1,1,1,0.0,,-1.0, -1,1965.0,B01,138Â 301Â 237,1.0,0.0,-1.0,1640659,2.0,7,,0.0,2.0,5.0,B01,138Â 301Â 237,1.0
961282,201900002813,5,9,09:00,1,1,1,2.0,6.0,93027,AUTOROUTE A86,M,"48,9278500","2,4095700",93,2019,90.0,1.0,2.0,1.0,2148444,1.0,1,4,1,1.0,,-1.0, -1,2000.0,A01,138Â 301Â 235,1.0,0.0,-1.0,1640660,2.0,7,,4.0,0.0,3.0,A01,138Â 301Â 235,1.0
961283,201900002814,5,9,09:25,1,1,1,2.0,7.0,93005,AUTOROUTE A3,M,"48,9602400","2,4733100",93,2019,110.0,1.0,2.0,1.0,2148445,1.0,1,4,1,0.0,,-1.0, -1,1976.0,A01,138Â 301Â 234,2.0,6.0,-1.0,1640661,2.0,33,,0.0,0.0,9.0,A01,138Â 301Â 234,1.0
961284,201900002815,5,9,08:50,1,1,1,2.0,2.0,95154,AUTOROUTE A1,M,"49,0345500","2,5404800",95,2019,110.0,1.0,2.0,1.0,2148446,1.0,1,4,1,1.0,,-1.0,0,1964.0,B01,138Â 301Â 232,1.0,0.0,-1.0,1640662,2.0,7,,0.0,2.0,4.0,B01,138Â 301Â 232,1.0
961284,201900002815,5,9,08:50,1,1,1,2.0,2.0,95154,AUTOROUTE A1,M,"49,0345500","2,5404800",95,2019,110.0,1.0,2.0,1.0,2148446,1.0,1,4,1,1.0,,-1.0,0,1964.0,B01,138Â 301Â 232,1.0,0.0,-1.0,1640663,2.0,15,,0.0,2.0,1.0,A01,138Â 301Â 233,1.0
961284,201900002815,5,9,08:50,1,1,1,2.0,2.0,95154,AUTOROUTE A1,M,"49,0345500","2,5404800",95,2019,110.0,1.0,2.0,1.0,2148447,1.0,1,1,1,4.0,,-1.0,0,1980.0,A01,138Â 301Â 233,1.0,0.0,-1.0,1640662,2.0,7,,0.0,2.0,4.0,B01,138Â 301Â 232,1.0
961284,201900002815,5,9,08:50,1,1,1,2.0,2.0,95154,AUTOROUTE A1,M,"49,0345500","2,5404800",95,2019,110.0,1.0,2.0,1.0,2148447,1.0,1,1,1,4.0,,-1.0,0,1980.0,A01,138Â 301Â 233,1.0,0.0,-1.0,1640663,2.0,15,,0.0,2.0,1.0,A01,138Â 301Â 233,1.0
961285,201900002816,5,9,08:00,1,1,1,2.0,3.0,93066,AUTOROUTE A1,M,"48,9332200","2,3764400",93,2019,90.0,1.0,2.0,1.0,2148448,1.0,1,1,1,0.0,,-1.0, -1,1996.0,A01,138Â 301Â 230,1.0,0.0,-1.0,1640664,2.0,7,,0.0,2.0,8.0,A01,138Â 301Â 230,1.0
961285,201900002816,5,9,08:00,1,1,1,2.0,3.0,93066,AUTOROUTE A1,M,"48,9332200","2,3764400",93,2019,90.0,1.0,2.0,1.0,2148448,1.0,1,1,1,0.0,,-1.0, -1,1996.0,A01,138Â 301Â 230,1.0,0.0,-1.0,1640665,2.0,32,,0.0,2.0,7.0,B01,138Â 301Â 231,1.0
961285,201900002816,5,9,08:00,1,1,1,2.0,3.0,93066,AUTOROUTE A1,M,"48,9332200","2,3764400",93,2019,90.0,1.0,2.0,1.0,2148449,1.0,1,4,1,0.0,,-1.0, -1,1991.0,B01,138Â 301Â 231,2.0,6.0,-1.0,1640664,2.0,7,,0.0,2.0,8.0,A01,138Â 301Â 230,1.0
961285,201900002816,5,9,08:00,1,1,1,2.0,3.0,93066,AUTOROUTE A1,M,"48,9332200","2,3764400",93,2019,90.0,1.0,2.0,1.0,2148449,1.0,1,4,1,0.0,,-1.0, -1,1991.0,B01,138Â 301Â 231,2.0,6.0,-1.0,1640665,2.0,32,,0.0,2.0,7.0,B01,138Â 301Â 231,1.0
961286,201900002817,5,8,12:45,1,1,1,2.0,3.0,93027,BDL,M,"48,9287100","2,4030000",93,2019,50.0,1.0,2.0,1.0,2148450,1.0,1,1,2,0.0,,-1.0, -1,1998.0,B01,138Â 301Â 228,1.0,0.0,-1.0,1640666,1.0,7,,3.0,2.0,1.0,B01,138Â 301Â 228,1.0
961286,201900002817,5,8,12:45,1,1,1,2.0,3.0,93027,BDL,M,"48,9287100","2,4030000",93,2019,50.0,1.0,2.0,1.0,2148450,1.0,1,1,2,0.0,,-1.0, -1,1998.0,B01,138Â 301Â 228,1.0,0.0,-1.0,1640667,1.0,7,,3.0,2.0,5.0,A01,138Â 301Â 229,1.0
961286,201900002817,5,8,12:45,1,1,1,2.0,3.0,93027,BDL,M,"48,9287100","2,4030000",93,2019,50.0,1.0,2.0,1.0,2148451,1.0,1,1,2,0.0,,-1.0, -1,1967.0,A01,138Â 301Â 229,1.0,0.0,-1.0,1640666,1.0,7,,3.0,2.0,1.0,B01,138Â 301Â 228,1.0
961286,201900002817,5,8,12:45,1,1,1,2.0,3.0,93027,BDL,M,"48,9287100","2,4030000",93,2019,50.0,1.0,2.0,1.0,2148451,1.0,1,1,2,0.0,,-1.0, -1,1967.0,A01,138Â 301Â 229,1.0,0.0,-1.0,1640667,1.0,7,,3.0,2.0,5.0,A01,138Â 301Â 229,1.0
961286,201900002817,5,8,12:45,1,1,1,2.0,3.0,93027,BDL,M,"48,9287100","2,4030000",93,2019,50.0,1.0,2.0,1.0,2148452,4.0,2,4,2,0.0,,-1.0, -1,1940.0,A01,138Â 301Â 229,1.0,0.0,-1.0,1640666,1.0,7,,3.0,2.0,1.0,B01,138Â 301Â 228,1.0
961286,201900002817,5,8,12:45,1,1,1,2.0,3.0,93027,BDL,M,"48,9287100","2,4030000",93,2019,50.0,1.0,2.0,1.0,2148452,4.0,2,4,2,0.0,,-1.0, -1,1940.0,A01,138Â 301Â 229,1.0,0.0,-1.0,1640667,1.0,7,,3.0,2.0,5.0,A01,138Â 301Â 229,1.0
961287,201900002818,5,9,03:00,3,1,1,2.0,6.0,95277,AUTOROUTE A104,M,"48,9715900","2,4838100",95,2019,70.0,1.0,2.0,1.0,2148453,1.0,1,4,1,5.0,,-1.0,0,1950.0,A01,138Â 301Â 227,1.0,0.0,-1.0,1640668,2.0,7,,4.0,0.0,3.0,A01,138Â 301Â 227,1.0
961288,201900002819,5,8,23:40,3,1,1,2.0,5.0,95527,AUTOROUTE A3,M,"48,9862200","2,5079800",95,2019,90.0,1.0,2.0,1.0,2148454,2.0,2,4,2,5.0,,-1.0,0,1994.0,E01,138Â 301Â 222,1.0,0.0,-1.0,1640669,1.0,7,,0.0,2.0,4.0,Z01,138Â 301Â 221,0.0
961288,201900002819,5,8,23:40,3,1,1,2.0,5.0,95527,AUTOROUTE A3,M,"48,9862200","2,5079800",95,2019,90.0,1.0,2.0,1.0,2148454,2.0,2,4,2,5.0,,-1.0,0,1994.0,E01,138Â 301Â 222,1.0,0.0,-1.0,1640670,1.0,7,,0.0,2.0,1.0,E01,138Â 301Â 222,1.0
961288,201900002819,5,8,23:40,3,1,1,2.0,5.0,95527,AUTOROUTE A3,M,"48,9862200","2,5079800",95,2019,90.0,1.0,2.0,1.0,2148454,2.0,2,4,2,5.0,,-1.0,0,1994.0,E01,138Â 301Â 222,1.0,0.0,-1.0,1640671,1.0,15,,0.0,2.0,1.0,D01,138Â 301Â 223,1.0
961288,201900002819,5,8,23:40,3,1,1,2.0,5.0,95527,AUTOROUTE A3,M,"48,9862200","2,5079800",95,2019,90.0,1.0,2.0,1.0,2148454,2.0,2,4,2,5.0,,-1.0,0,1994.0,E01,138Â 301Â 222,1.0,0.0,-1.0,1640672,1.0,7,,0.0,2.0,1.0,C01,138Â 301Â 224,1.0
961288,201900002819,5,8,23:40,3,1,1,2.0,5.0,95527,AUTOROUTE A3,M,"48,9862200","2,5079800",95,2019,90.0,1.0,2.0,1.0,2148454,2.0,2,4,2,5.0,,-1.0,0,1994.0,E01,138Â 301Â 222,1.0,0.0,-1.0,1640673,1.0,7,,0.0,2.0,1.0,B01,138Â 301Â 225,1.0