Unnamed: 0_x,num_acc,mois,jour,hrmn,lum,agg,int,atm,col,com,adr,gps,lat,long,dep,annee,vma,situ,surf,catr,Unnamed: 0_y,place,catu,grav,sexe,trajet,secu,locp,actp,an_nais,num_veh_x,id_vehicule_x,secu1,secu2,secu3,Unnamed: 0,senc,catv,occutc,obs,obsm,choc,num_veh_y,id_vehicule_y,motor
961288,201900002819,5,8,23:40,3,1,1,2.0,5.0,95527,AUTOROUTE A3,M,"48,9862200","2,5079800",95,2019,90.0,1.0,2.0,1.0,2148454,2.0,2,4,2,5.0,,-1.0,0,1994.0,E01,138Â 301Â 222,1.0,0.0,-1.0,1640674,1.0,7,,0.0,2.0,3.0,A01,138Â 301Â 226,1.0
961288,201900002819,5,8,23:40,3,1,1,2.0,5.0,95527,AUTOROUTE A3,M,"48,9862200","2,5079800",95,2019,90.0,1.0,2.0,1.0,2148455,1.0,1,4,1,5.0,,-1.0,0,1994.0,E01,138Â 301Â 222,1.0,0.0,-1.0,1640669,1.0,7,,0.0,2.0,4.0,Z01,138Â 301Â 221,0.0
961288,201900002819,5,8,23:40,3,1,1,2.0,5.0,95527,AUTOROUTE A3,M,"48,9862200","2,5079800",95,2019,90.0,1.0,2.0,1.0,2148455,1.0,1,4,1,5.0,,-1.0,0,1994.0,E01,138Â 301Â 222,1.0,0.0,-1.0,1640670,1.0,7,,0.0,2.0,1.0,E01,138Â 301Â 222,1.0
961288,201900002819,5,8,23:40,3,1,1,2.0,5.0,95527,AUTOROUTE A3,M,"48,9862200","2,5079800",95,2019,90.0,1.0,2.0,1.0,2148455,1.0,1,4,1,5.0,,-1.0,0,1994.0,E01,138Â 301Â 222,1.0,0.0,-1.0,1640671,1.0,15,,0.0,2.0,1.0,D01,138Â 301Â 223,1.0
961288,201900002819,5,8,23:40,3,1,1,2.0,5.0,95527,AUTOROUTE A3,M,"48,9862200","2,5079800",95,2019,90.0,1.0,2.0,1.0,2148455,1.0,1,4,1,5.0,,-1.0,0,1994.0,E01,138Â 301Â 222,1.0,0.0,-1.0,1640672,1.0,7,,0.0,2.0,1.0,C01,138Â 301Â 224,1.0
961288,201900002819,5,8,23:40,3,1,1,2.0,5.0,95527,AUTOROUTE A3,M,"48,9862200","2,5079800",95,2019,90.0,1.0,2.0,1.0,2148455,1.0,1,4,1,5.0,,-1.0,0,1994.0,E01,138Â 301Â 222,1.0,0.0,-1.0,1640673,1.0,7,,0.0,2.0,1.0,B01,138Â 301Â 225,1.0
961288,201900002819,5,8,23:40,3,1,1,2.0,5.0,95527,AUTOROUTE A3,M,"48,9862200","2,5079800",95,2019,90.0,1.0,2.0,1.0,2148455,1.0,1,4,1,5.0,,-1.0,0,1994.0,E01,138Â 301Â 222,1.0,0.0,-1.0,1640674,1.0,7,,0.0,2.0,3.0,A01,138Â 301Â 226,1.0
961288,201900002819,5,8,23:40,3,1,1,2.0,5.0,95527,AUTOROUTE A3,M,"48,9862200","2,5079800",95,2019,90.0,1.0,2.0,1.0,2148456,1.0,1,1,1,4.0,,-1.0,0,1976.0,D01,138Â 301Â 223,1.0,0.0,-1.0,1640669,1.0,7,,0.0,2.0,4.0,Z01,138Â 301Â 221,0.0
961288,201900002819,5,8,23:40,3,1,1,2.0,5.0,95527,AUTOROUTE A3,M,"48,9862200","2,5079800",95,2019,90.0,1.0,2.0,1.0,2148456,1.0,1,1,1,4.0,,-1.0,0,1976.0,D01,138Â 301Â 223,1.0,0.0,-1.0,1640670,1.0,7,,0.0,2.0,1.0,E01,138Â 301Â 222,1.0
961288,201900002819,5,8,23:40,3,1,1,2.0,5.0,95527,AUTOROUTE A3,M,"48,9862200","2,5079800",95,2019,90.0,1.0,2.0,1.0,2148456,1.0,1,1,1,4.0,,-1.0,0,1976.0,D01,138Â 301Â 223,1.0,0.0,-1.0,1640671,1.0,15,,0.0,2.0,1.0,D01,138Â 301Â 223,1.0
961288,201900002819,5,8,23:40,3,1,1,2.0,5.0,95527,AUTOROUTE A3,M,"48,9862200","2,5079800",95,2019,90.0,1.0,2.0,1.0,2148456,1.0,1,1,1,4.0,,-1.0,0,1976.0,D01,138Â 301Â 223,1.0,0.0,-1.0,1640672,1.0,7,,0.0,2.0,1.0,C01,138Â 301Â 224,1.0
961288,201900002819,5,8,23:40,3,1,1,2.0,5.0,95527,AUTOROUTE A3,M,"48,9862200","2,5079800",95,2019,90.0,1.0,2.0,1.0,2148456,1.0,1,1,1,4.0,,-1.0,0,1976.0,D01,138Â 301Â 223,1.0,0.0,-1.0,1640673,1.0,7,,0.0,2.0,1.0,B01,138Â 301Â 225,1.0
961288,201900002819,5,8,23:40,3,1,1,2.0,5.0,95527,AUTOROUTE A3,M,"48,9862200","2,5079800",95,2019,90.0,1.0,2.0,1.0,2148456,1.0,1,1,1,4.0,,-1.0,0,1976.0,D01,138Â 301Â 223,1.0,0.0,-1.0,1640674,1.0,7,,0.0,2.0,3.0,A01,138Â 301Â 226,1.0
961288,201900002819,5,8,23:40,3,1,1,2.0,5.0,95527,AUTOROUTE A3,M,"48,9862200","2,5079800",95,2019,90.0,1.0,2.0,1.0,2148457,4.0,2,1,1,5.0,,-1.0,0,2010.0,C01,138Â 301Â 224,3.0,0.0,-1.0,1640669,1.0,7,,0.0,2.0,4.0,Z01,138Â 301Â 221,0.0
961288,201900002819,5,8,23:40,3,1,1,2.0,5.0,95527,AUTOROUTE A3,M,"48,9862200","2,5079800",95,2019,90.0,1.0,2.0,1.0,2148457,4.0,2,1,1,5.0,,-1.0,0,2010.0,C01,138Â 301Â 224,3.0,0.0,-1.0,1640670,1.0,7,,0.0,2.0,1.0,E01,138Â 301Â 222,1.0
961288,201900002819,5,8,23:40,3,1,1,2.0,5.0,95527,AUTOROUTE A3,M,"48,9862200","2,5079800",95,2019,90.0,1.0,2.0,1.0,2148457,4.0,2,1,1,5.0,,-1.0,0,2010.0,C01,138Â 301Â 224,3.0,0.0,-1.0,1640671,1.0,15,,0.0,2.0,1.0,D01,138Â 301Â 223,1.0
961288,201900002819,5,8,23:40,3,1,1,2.0,5.0,95527,AUTOROUTE A3,M,"48,9862200","2,5079800",95,2019,90.0,1.0,2.0,1.0,2148457,4.0,2,1,1,5.0,,-1.0,0,2010.0,C01,138Â 301Â 224,3.0,0.0,-1.0,1640672,1.0,7,,0.0,2.0,1.0,C01,138Â 301Â 224,1.0
961288,201900002819,5,8,23:40,3,1,1,2.0,5.0,95527,AUTOROUTE A3,M,"48,9862200","2,5079800",95,2019,90.0,1.0,2.0,1.0,2148457,4.0,2,1,1,5.0,,-1.0,0,2010.0,C01,138Â 301Â 224,3.0,0.0,-1.0,1640673,1.0,7,,0.0,2.0,1.0,B01,138Â 301Â 225,1.0
961288,201900002819,5,8,23:40,3,1,1,2.0,5.0,95527,AUTOROUTE A3,M,"48,9862200","2,5079800",95,2019,90.0,1.0,2.0,1.0,2148457,4.0,2,1,1,5.0,,-1.0,0,2010.0,C01,138Â 301Â 224,3.0,0.0,-1.0,1640674,1.0,7,,0.0,2.0,3.0,A01,138Â 301Â 226,1.0
961288,201900002819,5,8,23:40,3,1,1,2.0,5.0,95527,AUTOROUTE A3,M,"48,9862200","2,5079800",95,2019,90.0,1.0,2.0,1.0,2148458,3.0,2,1,1,5.0,,-1.0,0,2009.0,C01,138Â 301Â 224,3.0,0.0,-1.0,1640669,1.0,7,,0.0,2.0,4.0,Z01,138Â 301Â 221,0.0
961288,201900002819,5,8,23:40,3,1,1,2.0,5.0,95527,AUTOROUTE A3,M,"48,9862200","2,5079800",95,2019,90.0,1.0,2.0,1.0,2148458,3.0,2,1,1,5.0,,-1.0,0,2009.0,C01,138Â 301Â 224,3.0,0.0,-1.0,1640670,1.0,7,,0.0,2.0,1.0,E01,138Â 301Â 222,1.0
961288,201900002819,5,8,23:40,3,1,1,2.0,5.0,95527,AUTOROUTE A3,M,"48,9862200","2,5079800",95,2019,90.0,1.0,2.0,1.0,2148458,3.0,2,1,1,5.0,,-1.0,0,2009.0,C01,138Â 301Â 224,3.0,0.0,-1.0,1640671,1.0,15,,0.0,2.0,1.0,D01,138Â 301Â 223,1.0
961288,201900002819,5,8,23:40,3,1,1,2.0,5.0,95527,AUTOROUTE A3,M,"48,9862200","2,5079800",95,2019,90.0,1.0,2.0,1.0,2148458,3.0,2,1,1,5.0,,-1.0,0,2009.0,C01,138Â 301Â 224,3.0,0.0,-1.0,1640672,1.0,7,,0.0,2.0,1.0,C01,138Â 301Â 224,1.0
961288,201900002819,5,8,23:40,3,1,1,2.0,5.0,95527,AUTOROUTE A3,M,"48,9862200","2,5079800",95,2019,90.0,1.0,2.0,1.0,2148458,3.0,2,1,1,5.0,,-1.0,0,2009.0,C01,138Â 301Â 224,3.0,0.0,-1.0,1640673,1.0,7,,0.0,2.0,1.0,B01,138Â 301Â 225,1.0
961288,201900002819,5,8,23:40,3,1,1,2.0,5.0,95527,AUTOROUTE A3,M,"48,9862200","2,5079800",95,2019,90.0,1.0,2.0,1.0,2148458,3.0,2,1,1,5.0,,-1.0,0,2009.0,C01,138Â 301Â 224,3.0,0.0,-1.0,1640674,1.0,7,,0.0,2.0,3.0,A01,138Â 301Â 226,1.0
961288,201900002819,5,8,23:40,3,1,1,2.0,5.0,95527,AUTOROUTE A3,M,"48,9862200","2,5079800",95,2019,90.0,1.0,2.0,1.0,2148459,2.0,2,1,2,5.0,,-1.0,0,1987.0,C01,138Â 301Â 224,1.0,0.0,-1.0,1640669,1.0,7,,0.0,2.0,4.0,Z01,138Â 301Â 221,0.0
961288,201900002819,5,8,23:40,3,1,1,2.0,5.0,95527,AUTOROUTE A3,M,"48,9862200","2,5079800",95,2019,90.0,1.0,2.0,1.0,2148459,2.0,2,1,2,5.0,,-1.0,0,1987.0,C01,138Â 301Â 224,1.0,0.0,-1.0,1640670,1.0,7,,0.0,2.0,1.0,E01,138Â 301Â 222,1.0
961288,201900002819,5,8,23:40,3,1,1,2.0,5.0,95527,AUTOROUTE A3,M,"48,9862200","2,5079800",95,2019,90.0,1.0,2.0,1.0,2148459,2.0,2,1,2,5.0,,-1.0,0,1987.0,C01,138Â 301Â 224,1.0,0.0,-1.0,1640671,1.0,15,,0.0,2.0,1.0,D01,138Â 301Â 223,1.0
961288,201900002819,5,8,23:40,3,1,1,2.0,5.0,95527,AUTOROUTE A3,M,"48,9862200","2,5079800",95,2019,90.0,1.0,2.0,1.0,2148459,2.0,2,1,2,5.0,,-1.0,0,1987.0,C01,138Â 301Â 224,1.0,0.0,-1.0,1640672,1.0,7,,0.0,2.0,1.0,C01,138Â 301Â 224,1.0
961288,201900002819,5,8,23:40,3,1,1,2.0,5.0,95527,AUTOROUTE A3,M,"48,9862200","2,5079800",95,2019,90.0,1.0,2.0,1.0,2148459,2.0,2,1,2,5.0,,-1.0,0,1987.0,C01,138Â 301Â 224,1.0,0.0,-1.0,1640673,1.0,7,,0.0,2.0,1.0,B01,138Â 301Â 225,1.0
961288,201900002819,5,8,23:40,3,1,1,2.0,5.0,95527,AUTOROUTE A3,M,"48,9862200","2,5079800",95,2019,90.0,1.0,2.0,1.0,2148459,2.0,2,1,2,5.0,,-1.0,0,1987.0,C01,138Â 301Â 224,1.0,0.0,-1.0,1640674,1.0,7,,0.0,2.0,3.0,A01,138Â 301Â 226,1.0
961288,201900002819,5,8,23:40,3,1,1,2.0,5.0,95527,AUTOROUTE A3,M,"48,9862200","2,5079800",95,2019,90.0,1.0,2.0,1.0,2148460,1.0,1,1,1,5.0,,-1.0,0,1973.0,C01,138Â 301Â 224,1.0,0.0,-1.0,1640669,1.0,7,,0.0,2.0,4.0,Z01,138Â 301Â 221,0.0
961288,201900002819,5,8,23:40,3,1,1,2.0,5.0,95527,AUTOROUTE A3,M,"48,9862200","2,5079800",95,2019,90.0,1.0,2.0,1.0,2148460,1.0,1,1,1,5.0,,-1.0,0,1973.0,C01,138Â 301Â 224,1.0,0.0,-1.0,1640670,1.0,7,,0.0,2.0,1.0,E01,138Â 301Â 222,1.0
961288,201900002819,5,8,23:40,3,1,1,2.0,5.0,95527,AUTOROUTE A3,M,"48,9862200","2,5079800",95,2019,90.0,1.0,2.0,1.0,2148460,1.0,1,1,1,5.0,,-1.0,0,1973.0,C01,138Â 301Â 224,1.0,0.0,-1.0,1640671,1.0,15,,0.0,2.0,1.0,D01,138Â 301Â 223,1.0
961288,201900002819,5,8,23:40,3,1,1,2.0,5.0,95527,AUTOROUTE A3,M,"48,9862200","2,5079800",95,2019,90.0,1.0,2.0,1.0,2148460,1.0,1,1,1,5.0,,-1.0,0,1973.0,C01,138Â 301Â 224,1.0,0.0,-1.0,1640672,1.0,7,,0.0,2.0,1.0,C01,138Â 301Â 224,1.0
961288,201900002819,5,8,23:40,3,1,1,2.0,5.0,95527,AUTOROUTE A3,M,"48,9862200","2,5079800",95,2019,90.0,1.0,2.0,1.0,2148460,1.0,1,1,1,5.0,,-1.0,0,1973.0,C01,138Â 301Â 224,1.0,0.0,-1.0,1640673,1.0,7,,0.0,2.0,1.0,B01,138Â 301Â 225,1.0
961288,201900002819,5,8,23:40,3,1,1,2.0,5.0,95527,AUTOROUTE A3,M,"48,9862200","2,5079800",95,2019,90.0,1.0,2.0,1.0,2148460,1.0,1,1,1,5.0,,-1.0,0,1973.0,C01,138Â 301Â 224,1.0,0.0,-1.0,1640674,1.0,7,,0.0,2.0,3.0,A01,138Â 301Â 226,1.0
961288,201900002819,5,8,23:40,3,1,1,2.0,5.0,95527,AUTOROUTE A3,M,"48,9862200","2,5079800",95,2019,90.0,1.0,2.0,1.0,2148461,1.0,1,1,1,5.0,,-1.0,0,1979.0,B01,138Â 301Â 225,1.0,0.0,-1.0,1640669,1.0,7,,0.0,2.0,4.0,Z01,138Â 301Â 221,0.0
961288,201900002819,5,8,23:40,3,1,1,2.0,5.0,95527,AUTOROUTE A3,M,"48,9862200","2,5079800",95,2019,90.0,1.0,2.0,1.0,2148461,1.0,1,1,1,5.0,,-1.0,0,1979.0,B01,138Â 301Â 225,1.0,0.0,-1.0,1640670,1.0,7,,0.0,2.0,1.0,E01,138Â 301Â 222,1.0
961288,201900002819,5,8,23:40,3,1,1,2.0,5.0,95527,AUTOROUTE A3,M,"48,9862200","2,5079800",95,2019,90.0,1.0,2.0,1.0,2148461,1.0,1,1,1,5.0,,-1.0,0,1979.0,B01,138Â 301Â 225,1.0,0.0,-1.0,1640671,1.0,15,,0.0,2.0,1.0,D01,138Â 301Â 223,1.0
961288,201900002819,5,8,23:40,3,1,1,2.0,5.0,95527,AUTOROUTE A3,M,"48,9862200","2,5079800",95,2019,90.0,1.0,2.0,1.0,2148461,1.0,1,1,1,5.0,,-1.0,0,1979.0,B01,138Â 301Â 225,1.0,0.0,-1.0,1640672,1.0,7,,0.0,2.0,1.0,C01,138Â 301Â 224,1.0
961288,201900002819,5,8,23:40,3,1,1,2.0,5.0,95527,AUTOROUTE A3,M,"48,9862200","2,5079800",95,2019,90.0,1.0,2.0,1.0,2148461,1.0,1,1,1,5.0,,-1.0,0,1979.0,B01,138Â 301Â 225,1.0,0.0,-1.0,1640673,1.0,7,,0.0,2.0,1.0,B01,138Â 301Â 225,1.0
961288,201900002819,5,8,23:40,3,1,1,2.0,5.0,95527,AUTOROUTE A3,M,"48,9862200","2,5079800",95,2019,90.0,1.0,2.0,1.0,2148461,1.0,1,1,1,5.0,,-1.0,0,1979.0,B01,138Â 301Â 225,1.0,0.0,-1.0,1640674,1.0,7,,0.0,2.0,3.0,A01,138Â 301Â 226,1.0
961288,201900002819,5,8,23:40,3,1,1,2.0,5.0,95527,AUTOROUTE A3,M,"48,9862200","2,5079800",95,2019,90.0,1.0,2.0,1.0,2148462,1.0,1,4,2,5.0,,-1.0,0,1986.0,A01,138Â 301Â 226,1.0,0.0,-1.0,1640669,1.0,7,,0.0,2.0,4.0,Z01,138Â 301Â 221,0.0
961288,201900002819,5,8,23:40,3,1,1,2.0,5.0,95527,AUTOROUTE A3,M,"48,9862200","2,5079800",95,2019,90.0,1.0,2.0,1.0,2148462,1.0,1,4,2,5.0,,-1.0,0,1986.0,A01,138Â 301Â 226,1.0,0.0,-1.0,1640670,1.0,7,,0.0,2.0,1.0,E01,138Â 301Â 222,1.0
961288,201900002819,5,8,23:40,3,1,1,2.0,5.0,95527,AUTOROUTE A3,M,"48,9862200","2,5079800",95,2019,90.0,1.0,2.0,1.0,2148462,1.0,1,4,2,5.0,,-1.0,0,1986.0,A01,138Â 301Â 226,1.0,0.0,-1.0,1640671,1.0,15,,0.0,2.0,1.0,D01,138Â 301Â 223,1.0
961288,201900002819,5,8,23:40,3,1,1,2.0,5.0,95527,AUTOROUTE A3,M,"48,9862200","2,5079800",95,2019,90.0,1.0,2.0,1.0,2148462,1.0,1,4,2,5.0,,-1.0,0,1986.0,A01,138Â 301Â 226,1.0,0.0,-1.0,1640672,1.0,7,,0.0,2.0,1.0,C01,138Â 301Â 224,1.0
961288,201900002819,5,8,23:40,3,1,1,2.0,5.0,95527,AUTOROUTE A3,M,"48,9862200","2,5079800",95,2019,90.0,1.0,2.0,1.0,2148462,1.0,1,4,2,5.0,,-1.0,0,1986.0,A01,138Â 301Â 226,1.0,0.0,-1.0,1640673,1.0,7,,0.0,2.0,1.0,B01,138Â 301Â 225,1.0
961288,201900002819,5,8,23:40,3,1,1,2.0,5.0,95527,AUTOROUTE A3,M,"48,9862200","2,5079800",95,2019,90.0,1.0,2.0,1.0,2148462,1.0,1,4,2,5.0,,-1.0,0,1986.0,A01,138Â 301Â 226,1.0,0.0,-1.0,1640674,1.0,7,,0.0,2.0,3.0,A01,138Â 301Â 226,1.0
961289,201900002820,5,9,00:00,4,1,9,1.0,5.0,92036,AUTOROUTE A86,M,"48,9387802","2,3073401",92,2019,90.0,1.0,2.0,1.0,2148463,1.0,1,1,1,0.0,,-1.0,0,1978.0,B01,138Â 301Â 218,1.0,0.0,-1.0,1640675,1.0,7,,0.0,2.0,5.0,B01,138Â 301Â 218,1.0
961289,201900002820,5,9,00:00,4,1,9,1.0,5.0,92036,AUTOROUTE A86,M,"48,9387802","2,3073401",92,2019,90.0,1.0,2.0,1.0,2148463,1.0,1,1,1,0.0,,-1.0,0,1978.0,B01,138Â 301Â 218,1.0,0.0,-1.0,1640676,1.0,17,,0.0,2.0,6.0,C01,138Â 301Â 219,1.0
961289,201900002820,5,9,00:00,4,1,9,1.0,5.0,92036,AUTOROUTE A86,M,"48,9387802","2,3073401",92,2019,90.0,1.0,2.0,1.0,2148463,1.0,1,1,1,0.0,,-1.0,0,1978.0,B01,138Â 301Â 218,1.0,0.0,-1.0,1640677,1.0,10,,0.0,2.0,3.0,A01,138Â 301Â 220,1.0
961289,201900002820,5,9,00:00,4,1,9,1.0,5.0,92036,AUTOROUTE A86,M,"48,9387802","2,3073401",92,2019,90.0,1.0,2.0,1.0,2148464,1.0,1,1,1,0.0,,-1.0,0,1965.0,C01,138Â 301Â 219,1.0,0.0,-1.0,1640675,1.0,7,,0.0,2.0,5.0,B01,138Â 301Â 218,1.0
961289,201900002820,5,9,00:00,4,1,9,1.0,5.0,92036,AUTOROUTE A86,M,"48,9387802","2,3073401",92,2019,90.0,1.0,2.0,1.0,2148464,1.0,1,1,1,0.0,,-1.0,0,1965.0,C01,138Â 301Â 219,1.0,0.0,-1.0,1640676,1.0,17,,0.0,2.0,6.0,C01,138Â 301Â 219,1.0
961289,201900002820,5,9,00:00,4,1,9,1.0,5.0,92036,AUTOROUTE A86,M,"48,9387802","2,3073401",92,2019,90.0,1.0,2.0,1.0,2148464,1.0,1,1,1,0.0,,-1.0,0,1965.0,C01,138Â 301Â 219,1.0,0.0,-1.0,1640677,1.0,10,,0.0,2.0,3.0,A01,138Â 301Â 220,1.0
961289,201900002820,5,9,00:00,4,1,9,1.0,5.0,92036,AUTOROUTE A86,M,"48,9387802","2,3073401",92,2019,90.0,1.0,2.0,1.0,2148465,1.0,1,4,1,0.0,,-1.0,0,1996.0,A01,138Â 301Â 220,1.0,0.0,-1.0,1640675,1.0,7,,0.0,2.0,5.0,B01,138Â 301Â 218,1.0
961289,201900002820,5,9,00:00,4,1,9,1.0,5.0,92036,AUTOROUTE A86,M,"48,9387802","2,3073401",92,2019,90.0,1.0,2.0,1.0,2148465,1.0,1,4,1,0.0,,-1.0,0,1996.0,A01,138Â 301Â 220,1.0,0.0,-1.0,1640676,1.0,17,,0.0,2.0,6.0,C01,138Â 301Â 219,1.0
961289,201900002820,5,9,00:00,4,1,9,1.0,5.0,92036,AUTOROUTE A86,M,"48,9387802","2,3073401",92,2019,90.0,1.0,2.0,1.0,2148465,1.0,1,4,1,0.0,,-1.0,0,1996.0,A01,138Â 301Â 220,1.0,0.0,-1.0,1640677,1.0,10,,0.0,2.0,3.0,A01,138Â 301Â 220,1.0
961290,201900002821,5,8,23:00,3,1,1,2.0,6.0,95018,RD 170,M,"48,9614100","2,2607600",95,2019,70.0,1.0,2.0,3.0,2148466,1.0,1,4,2,5.0,,-1.0,0,1997.0,A01,138Â 301Â 217,1.0,8.0,-1.0,1640678,2.0,7,,4.0,0.0,3.0,A01,138Â 301Â 217,1.0
961291,201900002822,5,8,22:10,3,1,1,2.0,6.0,93027,AUTOROUTE A86,M,"48,9286400","2,4149200",93,2019,70.0,1.0,2.0,1.0,2148467,1.0,1,4,1,0.0,,-1.0, -1,1999.0,A01,138Â 301Â 216,1.0,0.0,-1.0,1640679,2.0,7,,4.0,0.0,1.0,A01,138Â 301Â 216,1.0
961292,201900002823,5,8,20:00,1,1,1,2.0,5.0,93027,AUTOROUTE A86,M,"48,9286600","2,4147900",93,2019,70.0,1.0,2.0,1.0,2148468,1.0,1,4,1,1.0,,-1.0, -1,1995.0,B01,138Â 301Â 213,1.0,0.0,-1.0,1640680,2.0,7,,1.0,2.0,5.0,B01,138Â 301Â 213,1.0
961292,201900002823,5,8,20:00,1,1,1,2.0,5.0,93027,AUTOROUTE A86,M,"48,9286600","2,4147900",93,2019,70.0,1.0,2.0,1.0,2148468,1.0,1,4,1,1.0,,-1.0, -1,1995.0,B01,138Â 301Â 213,1.0,0.0,-1.0,1640681,2.0,10,,0.0,2.0,3.0,C01,138Â 301Â 214,1.0
961292,201900002823,5,8,20:00,1,1,1,2.0,5.0,93027,AUTOROUTE A86,M,"48,9286600","2,4147900",93,2019,70.0,1.0,2.0,1.0,2148468,1.0,1,4,1,1.0,,-1.0, -1,1995.0,B01,138Â 301Â 213,1.0,0.0,-1.0,1640682,2.0,7,,4.0,2.0,1.0,A01,138Â 301Â 215,1.0
961292,201900002823,5,8,20:00,1,1,1,2.0,5.0,93027,AUTOROUTE A86,M,"48,9286600","2,4147900",93,2019,70.0,1.0,2.0,1.0,2148469,1.0,1,1,1,1.0,,-1.0, -1,1977.0,C01,138Â 301Â 214,1.0,0.0,-1.0,1640680,2.0,7,,1.0,2.0,5.0,B01,138Â 301Â 213,1.0
961292,201900002823,5,8,20:00,1,1,1,2.0,5.0,93027,AUTOROUTE A86,M,"48,9286600","2,4147900",93,2019,70.0,1.0,2.0,1.0,2148469,1.0,1,1,1,1.0,,-1.0, -1,1977.0,C01,138Â 301Â 214,1.0,0.0,-1.0,1640681,2.0,10,,0.0,2.0,3.0,C01,138Â 301Â 214,1.0
961292,201900002823,5,8,20:00,1,1,1,2.0,5.0,93027,AUTOROUTE A86,M,"48,9286600","2,4147900",93,2019,70.0,1.0,2.0,1.0,2148469,1.0,1,1,1,1.0,,-1.0, -1,1977.0,C01,138Â 301Â 214,1.0,0.0,-1.0,1640682,2.0,7,,4.0,2.0,1.0,A01,138Â 301Â 215,1.0
961292,201900002823,5,8,20:00,1,1,1,2.0,5.0,93027,AUTOROUTE A86,M,"48,9286600","2,4147900",93,2019,70.0,1.0,2.0,1.0,2148470,1.0,1,4,1,1.0,,-1.0, -1,1990.0,A01,138Â 301Â 215,1.0,0.0,-1.0,1640680,2.0,7,,1.0,2.0,5.0,B01,138Â 301Â 213,1.0
961292,201900002823,5,8,20:00,1,1,1,2.0,5.0,93027,AUTOROUTE A86,M,"48,9286600","2,4147900",93,2019,70.0,1.0,2.0,1.0,2148470,1.0,1,4,1,1.0,,-1.0, -1,1990.0,A01,138Â 301Â 215,1.0,0.0,-1.0,1640681,2.0,10,,0.0,2.0,3.0,C01,138Â 301Â 214,1.0
961292,201900002823,5,8,20:00,1,1,1,2.0,5.0,93027,AUTOROUTE A86,M,"48,9286600","2,4147900",93,2019,70.0,1.0,2.0,1.0,2148470,1.0,1,4,1,1.0,,-1.0, -1,1990.0,A01,138Â 301Â 215,1.0,0.0,-1.0,1640682,2.0,7,,4.0,2.0,1.0,A01,138Â 301Â 215,1.0
961293,201900002824,5,8,18:15,1,1,1,1.0,3.0,93078,AUTOROUTE A104,M,"48,9665200","2,5145500",93,2019,90.0,1.0,1.0,1.0,2148471,1.0,1,1,1,0.0,,-1.0, -1,1983.0,A01,138Â 301Â 211,1.0,0.0,-1.0,1640683,2.0,7,,0.0,2.0,3.0,A01,138Â 301Â 211,1.0
961293,201900002824,5,8,18:15,1,1,1,1.0,3.0,93078,AUTOROUTE A104,M,"48,9665200","2,5145500",93,2019,90.0,1.0,1.0,1.0,2148471,1.0,1,1,1,0.0,,-1.0, -1,1983.0,A01,138Â 301Â 211,1.0,0.0,-1.0,1640684,2.0,7,,4.0,2.0,7.0,B01,138Â 301Â 212,1.0
961293,201900002824,5,8,18:15,1,1,1,1.0,3.0,93078,AUTOROUTE A104,M,"48,9665200","2,5145500",93,2019,90.0,1.0,1.0,1.0,2148472,1.0,1,4,1,0.0,,-1.0, -1,1974.0,B01,138Â 301Â 212,1.0,0.0,-1.0,1640683,2.0,7,,0.0,2.0,3.0,A01,138Â 301Â 211,1.0
961293,201900002824,5,8,18:15,1,1,1,1.0,3.0,93078,AUTOROUTE A104,M,"48,9665200","2,5145500",93,2019,90.0,1.0,1.0,1.0,2148472,1.0,1,4,1,0.0,,-1.0, -1,1974.0,B01,138Â 301Â 212,1.0,0.0,-1.0,1640684,2.0,7,,4.0,2.0,7.0,B01,138Â 301Â 212,1.0
961294,201900002825,5,8,20:00,1,1,1,2.0,6.0,93027,AUTOROUTE A86,M,"48,9285500","2,4159700",93,2019,70.0,1.0,2.0,1.0,2148473,1.0,1,4,1,0.0,,-1.0, -1,1988.0,A01,138Â 301Â 210,1.0,8.0,-1.0,1640685,2.0,7,,4.0,0.0,2.0,A01,138Â 301Â 210,1.0
961295,201900002826,5,8,17:00,1,1,1,1.0,6.0,95488,AUTOROUTE A15,M,"49,0275000","2,1292700",95,2019,110.0,1.0,2.0,1.0,2148474,3.0,2,4,1,5.0,,-1.0,0,1988.0,A01,138Â 301Â 209,1.0,0.0,-1.0,1640686,1.0,7,,4.0,0.0,1.0,A01,138Â 301Â 209,1.0
961295,201900002826,5,8,17:00,1,1,1,1.0,6.0,95488,AUTOROUTE A15,M,"49,0275000","2,1292700",95,2019,110.0,1.0,2.0,1.0,2148475,1.0,1,4,2,5.0,,-1.0,0,1972.0,A01,138Â 301Â 209,1.0,0.0,-1.0,1640686,1.0,7,,4.0,0.0,1.0,A01,138Â 301Â 209,1.0
961295,201900002826,5,8,17:00,1,1,1,1.0,6.0,95488,AUTOROUTE A15,M,"49,0275000","2,1292700",95,2019,110.0,1.0,2.0,1.0,2148476,2.0,2,4,1,5.0,,-1.0,0,2005.0,A01,138Â 301Â 209,1.0,0.0,-1.0,1640686,1.0,7,,4.0,0.0,1.0,A01,138Â 301Â 209,1.0
961296,201900002827,5,8,15:30,1,1,1,2.0,3.0,93013,AUTOROUTE A1,M,"48,9399000","2,4215200",93,2019,110.0,1.0,2.0,1.0,2148477,1.0,1,1,1,0.0,,-1.0, -1,1990.0,A01,138Â 301Â 207,1.0,0.0,-1.0,1640687,2.0,7,,0.0,2.0,1.0,A01,138Â 301Â 207,1.0
961296,201900002827,5,8,15:30,1,1,1,2.0,3.0,93013,AUTOROUTE A1,M,"48,9399000","2,4215200",93,2019,110.0,1.0,2.0,1.0,2148477,1.0,1,1,1,0.0,,-1.0, -1,1990.0,A01,138Â 301Â 207,1.0,0.0,-1.0,1640688,2.0,7,,0.0,2.0,2.0,B01,138Â 301Â 208,1.0
961296,201900002827,5,8,15:30,1,1,1,2.0,3.0,93013,AUTOROUTE A1,M,"48,9399000","2,4215200",93,2019,110.0,1.0,2.0,1.0,2148478,1.0,1,4,1,0.0,,-1.0, -1,1979.0,B01,138Â 301Â 208,1.0,0.0,-1.0,1640687,2.0,7,,0.0,2.0,1.0,A01,138Â 301Â 207,1.0