Unnamed: 0_x,num_acc,mois,jour,hrmn,lum,agg,int,atm,col,com,adr,gps,lat,long,dep,annee,vma,situ,surf,catr,Unnamed: 0_y,place,catu,grav,sexe,trajet,secu,locp,actp,an_nais,num_veh_x,id_vehicule_x,secu1,secu2,secu3,Unnamed: 0,senc,catv,occutc,obs,obsm,choc,num_veh_y,id_vehicule_y,motor
961296,201900002827,5,8,15:30,1,1,1,2.0,3.0,93013,AUTOROUTE A1,M,"48,9399000","2,4215200",93,2019,110.0,1.0,2.0,1.0,2148478,1.0,1,4,1,0.0,,-1.0, -1,1979.0,B01,138Â 301Â 208,1.0,0.0,-1.0,1640688,2.0,7,,0.0,2.0,2.0,B01,138Â 301Â 208,1.0
961297,201900002828,5,8,09:55,1,1,1,2.0,6.0,93053,AUTOROUTE A86,M,"48,8996600","2,4692100",93,2019,70.0,1.0,2.0,1.0,2148479,1.0,1,4,2,0.0,,-1.0, -1,1995.0,A01,138Â 301Â 206,1.0,8.0,-1.0,1640689,1.0,7,,4.0,0.0,1.0,A01,138Â 301Â 206,1.0
961298,201900002829,5,8,09:50,1,1,1,2.0,6.0,92078,AUTOROUTE A86,M,"48,9292341","2,3295641",92,2019,70.0,1.0,2.0,1.0,2148480,1.0,1,4,1,0.0,,-1.0,0,1991.0,A01,138Â 301Â 205,1.0,0.0,-1.0,1640690,2.0,7,,4.0,0.0,1.0,A01,138Â 301Â 205,1.0
961299,201900002830,5,8,10:20,1,1,1,2.0,6.0,93027,AUTOROUTE A86,M,"48,9265800","2,4031200",93,2019,50.0,1.0,2.0,1.0,2148481,1.0,1,4,1,5.0,,-1.0, -1,1954.0,B01,138Â 301Â 203,1.0,4.0,-1.0,1640691,1.0,7,,0.0,2.0,3.0,B01,138Â 301Â 203,1.0
961299,201900002830,5,8,10:20,1,1,1,2.0,6.0,93027,AUTOROUTE A86,M,"48,9265800","2,4031200",93,2019,50.0,1.0,2.0,1.0,2148481,1.0,1,4,1,5.0,,-1.0, -1,1954.0,B01,138Â 301Â 203,1.0,4.0,-1.0,1640692,1.0,7,,0.0,2.0,2.0,A01,138Â 301Â 204,1.0
961299,201900002830,5,8,10:20,1,1,1,2.0,6.0,93027,AUTOROUTE A86,M,"48,9265800","2,4031200",93,2019,50.0,1.0,2.0,1.0,2148482,1.0,1,1,2,5.0,,-1.0, -1,1963.0,A01,138Â 301Â 204,1.0,4.0,-1.0,1640691,1.0,7,,0.0,2.0,3.0,B01,138Â 301Â 203,1.0
961299,201900002830,5,8,10:20,1,1,1,2.0,6.0,93027,AUTOROUTE A86,M,"48,9265800","2,4031200",93,2019,50.0,1.0,2.0,1.0,2148482,1.0,1,1,2,5.0,,-1.0, -1,1963.0,A01,138Â 301Â 204,1.0,4.0,-1.0,1640692,1.0,7,,0.0,2.0,2.0,A01,138Â 301Â 204,1.0
961300,201900002831,5,8,08:50,1,1,1,2.0,6.0,92036,AUTOROUTE A15,M,"48,9370807","2,2921737",92,2019,50.0,1.0,2.0,1.0,2148483,1.0,1,4,2,0.0,,-1.0,0,1992.0,A01,138Â 301Â 202,1.0,0.0,-1.0,1640693,2.0,7,,4.0,0.0,4.0,A01,138Â 301Â 202,1.0
961301,201900002832,5,7,19:05,1,1,1,1.0,1.0,93078,AUTOROUTE A104,M,"48,9651100","2,5543400",93,2019,70.0,1.0,1.0,1.0,2148484,1.0,1,1,1,5.0,,-1.0, -1,1996.0,A01,138Â 301Â 200,1.0,8.0,-1.0,1640694,1.0,7,,0.0,2.0,1.0,A01,138Â 301Â 200,1.0
961301,201900002832,5,7,19:05,1,1,1,1.0,1.0,93078,AUTOROUTE A104,M,"48,9651100","2,5543400",93,2019,70.0,1.0,1.0,1.0,2148484,1.0,1,1,1,5.0,,-1.0, -1,1996.0,A01,138Â 301Â 200,1.0,8.0,-1.0,1640695,2.0,7,,0.0,2.0,1.0,B01,138Â 301Â 201,1.0
961301,201900002832,5,7,19:05,1,1,1,1.0,1.0,93078,AUTOROUTE A104,M,"48,9651100","2,5543400",93,2019,70.0,1.0,1.0,1.0,2148485,1.0,1,4,1,5.0,,-1.0, -1,1969.0,B01,138Â 301Â 201,1.0,8.0,-1.0,1640694,1.0,7,,0.0,2.0,1.0,A01,138Â 301Â 200,1.0
961301,201900002832,5,7,19:05,1,1,1,1.0,1.0,93078,AUTOROUTE A104,M,"48,9651100","2,5543400",93,2019,70.0,1.0,1.0,1.0,2148485,1.0,1,4,1,5.0,,-1.0, -1,1969.0,B01,138Â 301Â 201,1.0,8.0,-1.0,1640695,2.0,7,,0.0,2.0,1.0,B01,138Â 301Â 201,1.0
961301,201900002832,5,7,19:05,1,1,1,1.0,1.0,93078,AUTOROUTE A104,M,"48,9651100","2,5543400",93,2019,70.0,1.0,1.0,1.0,2148486,3.0,2,4,2,5.0,,-1.0, -1,2015.0,B01,138Â 301Â 201,3.0,8.0,-1.0,1640694,1.0,7,,0.0,2.0,1.0,A01,138Â 301Â 200,1.0
961301,201900002832,5,7,19:05,1,1,1,1.0,1.0,93078,AUTOROUTE A104,M,"48,9651100","2,5543400",93,2019,70.0,1.0,1.0,1.0,2148486,3.0,2,4,2,5.0,,-1.0, -1,2015.0,B01,138Â 301Â 201,3.0,8.0,-1.0,1640695,2.0,7,,0.0,2.0,1.0,B01,138Â 301Â 201,1.0
961301,201900002832,5,7,19:05,1,1,1,1.0,1.0,93078,AUTOROUTE A104,M,"48,9651100","2,5543400",93,2019,70.0,1.0,1.0,1.0,2148487,2.0,2,4,2,5.0,,-1.0, -1,1982.0,B01,138Â 301Â 201,1.0,0.0,-1.0,1640694,1.0,7,,0.0,2.0,1.0,A01,138Â 301Â 200,1.0
961301,201900002832,5,7,19:05,1,1,1,1.0,1.0,93078,AUTOROUTE A104,M,"48,9651100","2,5543400",93,2019,70.0,1.0,1.0,1.0,2148487,2.0,2,4,2,5.0,,-1.0, -1,1982.0,B01,138Â 301Â 201,1.0,0.0,-1.0,1640695,2.0,7,,0.0,2.0,1.0,B01,138Â 301Â 201,1.0
961302,201900002833,5,7,18:55,1,1,1,1.0,7.0,95127,AUTOROUTE A15,M,"49,0435600","2,0767300",95,2019,90.0,1.0,1.0,1.0,2148488,1.0,1,4,1,1.0,,-1.0,0,1997.0,A01,138Â 301Â 199,2.0,0.0,-1.0,1640696,2.0,33,,0.0,0.0,9.0,A01,138Â 301Â 199,1.0
961303,201900002834,5,7,18:30,1,1,1,1.0,2.0,92036,AUTOROUTE A86,M,"48,9383694","2,3000890",92,2019,90.0,1.0,1.0,1.0,2148489,1.0,1,4,1,0.0,,-1.0,0,1998.0,A01,138Â 301Â 197,2.0,6.0,-1.0,1640697,1.0,33,,0.0,2.0,1.0,A01,138Â 301Â 197,1.0
961303,201900002834,5,7,18:30,1,1,1,1.0,2.0,92036,AUTOROUTE A86,M,"48,9383694","2,3000890",92,2019,90.0,1.0,1.0,1.0,2148489,1.0,1,4,1,0.0,,-1.0,0,1998.0,A01,138Â 301Â 197,2.0,6.0,-1.0,1640698,1.0,7,,0.0,2.0,4.0,B01,138Â 301Â 198,1.0
961303,201900002834,5,7,18:30,1,1,1,1.0,2.0,92036,AUTOROUTE A86,M,"48,9383694","2,3000890",92,2019,90.0,1.0,1.0,1.0,2148490,1.0,1,1,1,1.0,,-1.0,0,1987.0,B01,138Â 301Â 198,1.0,0.0,-1.0,1640697,1.0,33,,0.0,2.0,1.0,A01,138Â 301Â 197,1.0
961303,201900002834,5,7,18:30,1,1,1,1.0,2.0,92036,AUTOROUTE A86,M,"48,9383694","2,3000890",92,2019,90.0,1.0,1.0,1.0,2148490,1.0,1,1,1,1.0,,-1.0,0,1987.0,B01,138Â 301Â 198,1.0,0.0,-1.0,1640698,1.0,7,,0.0,2.0,4.0,B01,138Â 301Â 198,1.0
961304,201900002835,5,7,19:15,1,1,1,1.0,3.0,95351,RN 104,M,"49,0321100","2,4920900",95,2019,110.0,1.0,1.0,2.0,2148491,1.0,1,4,1,1.0,,-1.0,0,1996.0,B01,138Â 301Â 195,2.0,0.0,-1.0,1640699,2.0,33,,0.0,2.0,7.0,B01,138Â 301Â 195,1.0
961304,201900002835,5,7,19:15,1,1,1,1.0,3.0,95351,RN 104,M,"49,0321100","2,4920900",95,2019,110.0,1.0,1.0,2.0,2148491,1.0,1,4,1,1.0,,-1.0,0,1996.0,B01,138Â 301Â 195,2.0,0.0,-1.0,1640700,2.0,7,,0.0,2.0,8.0,A01,138Â 301Â 196,1.0
961304,201900002835,5,7,19:15,1,1,1,1.0,3.0,95351,RN 104,M,"49,0321100","2,4920900",95,2019,110.0,1.0,1.0,2.0,2148492,1.0,1,1,1,0.0,,-1.0,0,1965.0,A01,138Â 301Â 196,1.0,8.0,-1.0,1640699,2.0,33,,0.0,2.0,7.0,B01,138Â 301Â 195,1.0
961304,201900002835,5,7,19:15,1,1,1,1.0,3.0,95351,RN 104,M,"49,0321100","2,4920900",95,2019,110.0,1.0,1.0,2.0,2148492,1.0,1,1,1,0.0,,-1.0,0,1965.0,A01,138Â 301Â 196,1.0,8.0,-1.0,1640700,2.0,7,,0.0,2.0,8.0,A01,138Â 301Â 196,1.0
961305,201900002836,5,7,18:30,1,1,1,1.0,2.0,93027,AUTOROUTE A86,M,"48,9226900","2,3808400",93,2019,90.0,1.0,1.0,1.0,2148493,1.0,1,1,2,0.0,,-1.0, -1,1981.0,A01,138Â 301Â 193,1.0,0.0,-1.0,1640701,1.0,7,,0.0,2.0,1.0,A01,138Â 301Â 193,1.0
961305,201900002836,5,7,18:30,1,1,1,1.0,2.0,93027,AUTOROUTE A86,M,"48,9226900","2,3808400",93,2019,90.0,1.0,1.0,1.0,2148493,1.0,1,1,2,0.0,,-1.0, -1,1981.0,A01,138Â 301Â 193,1.0,0.0,-1.0,1640702,1.0,7,,0.0,2.0,4.0,B01,138Â 301Â 194,1.0
961305,201900002836,5,7,18:30,1,1,1,1.0,2.0,93027,AUTOROUTE A86,M,"48,9226900","2,3808400",93,2019,90.0,1.0,1.0,1.0,2148494,1.0,1,4,2,0.0,,-1.0, -1,1991.0,B01,138Â 301Â 194,8.0,0.0,-1.0,1640701,1.0,7,,0.0,2.0,1.0,A01,138Â 301Â 193,1.0
961305,201900002836,5,7,18:30,1,1,1,1.0,2.0,93027,AUTOROUTE A86,M,"48,9226900","2,3808400",93,2019,90.0,1.0,1.0,1.0,2148494,1.0,1,4,2,0.0,,-1.0, -1,1991.0,B01,138Â 301Â 194,8.0,0.0,-1.0,1640702,1.0,7,,0.0,2.0,4.0,B01,138Â 301Â 194,1.0
961306,201900002837,5,7,16:00,1,1,1,1.0,2.0,95582,AUTOROUTE A15,M,"48,9715000","2,2487000",95,2019,110.0,1.0,1.0,1.0,2148495,1.0,1,4,1,0.0,,-1.0,0,1975.0,B01,138Â 301Â 191,2.0,6.0,-1.0,1640703,1.0,33,,0.0,2.0,1.0,B01,138Â 301Â 191,1.0
961306,201900002837,5,7,16:00,1,1,1,1.0,2.0,95582,AUTOROUTE A15,M,"48,9715000","2,2487000",95,2019,110.0,1.0,1.0,1.0,2148495,1.0,1,4,1,0.0,,-1.0,0,1975.0,B01,138Â 301Â 191,2.0,6.0,-1.0,1640704,1.0,10,,0.0,2.0,4.0,A01,138Â 301Â 192,1.0
961306,201900002837,5,7,16:00,1,1,1,1.0,2.0,95582,AUTOROUTE A15,M,"48,9715000","2,2487000",95,2019,110.0,1.0,1.0,1.0,2148496,1.0,1,1,1,0.0,,-1.0,0,1992.0,A01,138Â 301Â 192,1.0,0.0,-1.0,1640703,1.0,33,,0.0,2.0,1.0,B01,138Â 301Â 191,1.0
961306,201900002837,5,7,16:00,1,1,1,1.0,2.0,95582,AUTOROUTE A15,M,"48,9715000","2,2487000",95,2019,110.0,1.0,1.0,1.0,2148496,1.0,1,1,1,0.0,,-1.0,0,1992.0,A01,138Â 301Â 192,1.0,0.0,-1.0,1640704,1.0,10,,0.0,2.0,4.0,A01,138Â 301Â 192,1.0
961307,201900002838,5,6,10:00,1,1,1,1.0,3.0,93007,AUTOROUTE A1,M,"48,9462500","2,4415500",93,2019,110.0,1.0,1.0,1.0,2148497,1.0,1,4,2,1.0,,-1.0, -1,1986.0,A01,138Â 301Â 189,1.0,8.0,-1.0,1640705,1.0,7,,0.0,2.0,7.0,A01,138Â 301Â 189,1.0
961307,201900002838,5,6,10:00,1,1,1,1.0,3.0,93007,AUTOROUTE A1,M,"48,9462500","2,4415500",93,2019,110.0,1.0,1.0,1.0,2148497,1.0,1,4,2,1.0,,-1.0, -1,1986.0,A01,138Â 301Â 189,1.0,8.0,-1.0,1640706,1.0,14,,0.0,2.0,6.0,B01,138Â 301Â 190,1.0
961307,201900002838,5,6,10:00,1,1,1,1.0,3.0,93007,AUTOROUTE A1,M,"48,9462500","2,4415500",93,2019,110.0,1.0,1.0,1.0,2148498,3.0,2,4,2,0.0,,-1.0, -1,2012.0,A01,138Â 301Â 189,3.0,0.0,-1.0,1640705,1.0,7,,0.0,2.0,7.0,A01,138Â 301Â 189,1.0
961307,201900002838,5,6,10:00,1,1,1,1.0,3.0,93007,AUTOROUTE A1,M,"48,9462500","2,4415500",93,2019,110.0,1.0,1.0,1.0,2148498,3.0,2,4,2,0.0,,-1.0, -1,2012.0,A01,138Â 301Â 189,3.0,0.0,-1.0,1640706,1.0,14,,0.0,2.0,6.0,B01,138Â 301Â 190,1.0
961307,201900002838,5,6,10:00,1,1,1,1.0,3.0,93007,AUTOROUTE A1,M,"48,9462500","2,4415500",93,2019,110.0,1.0,1.0,1.0,2148499,2.0,2,4,2,9.0,,-1.0, -1,2007.0,A01,138Â 301Â 189,1.0,0.0,-1.0,1640705,1.0,7,,0.0,2.0,7.0,A01,138Â 301Â 189,1.0
961307,201900002838,5,6,10:00,1,1,1,1.0,3.0,93007,AUTOROUTE A1,M,"48,9462500","2,4415500",93,2019,110.0,1.0,1.0,1.0,2148499,2.0,2,4,2,9.0,,-1.0, -1,2007.0,A01,138Â 301Â 189,1.0,0.0,-1.0,1640706,1.0,14,,0.0,2.0,6.0,B01,138Â 301Â 190,1.0
961307,201900002838,5,6,10:00,1,1,1,1.0,3.0,93007,AUTOROUTE A1,M,"48,9462500","2,4415500",93,2019,110.0,1.0,1.0,1.0,2148500,4.0,2,4,1,0.0,,-1.0, -1,2015.0,A01,138Â 301Â 189,3.0,0.0,-1.0,1640705,1.0,7,,0.0,2.0,7.0,A01,138Â 301Â 189,1.0
961307,201900002838,5,6,10:00,1,1,1,1.0,3.0,93007,AUTOROUTE A1,M,"48,9462500","2,4415500",93,2019,110.0,1.0,1.0,1.0,2148500,4.0,2,4,1,0.0,,-1.0, -1,2015.0,A01,138Â 301Â 189,3.0,0.0,-1.0,1640706,1.0,14,,0.0,2.0,6.0,B01,138Â 301Â 190,1.0
961307,201900002838,5,6,10:00,1,1,1,1.0,3.0,93007,AUTOROUTE A1,M,"48,9462500","2,4415500",93,2019,110.0,1.0,1.0,1.0,2148501,1.0,1,1,1,1.0,,-1.0, -1,1969.0,B01,138Â 301Â 190,1.0,8.0,-1.0,1640705,1.0,7,,0.0,2.0,7.0,A01,138Â 301Â 189,1.0
961307,201900002838,5,6,10:00,1,1,1,1.0,3.0,93007,AUTOROUTE A1,M,"48,9462500","2,4415500",93,2019,110.0,1.0,1.0,1.0,2148501,1.0,1,1,1,1.0,,-1.0, -1,1969.0,B01,138Â 301Â 190,1.0,8.0,-1.0,1640706,1.0,14,,0.0,2.0,6.0,B01,138Â 301Â 190,1.0
961308,201900002839,5,6,19:30,1,1,1,1.0,2.0,95306,AUTOROUTE A15,M,"49,0073000","2,1617400",95,2019,110.0,1.0,1.0,1.0,2148502,1.0,1,4,2,1.0,,-1.0,0,1984.0,B01,138Â 301Â 187,1.0,8.0,-1.0,1640707,2.0,10,,0.0,2.0,6.0,B01,138Â 301Â 187,1.0
961308,201900002839,5,6,19:30,1,1,1,1.0,2.0,95306,AUTOROUTE A15,M,"49,0073000","2,1617400",95,2019,110.0,1.0,1.0,1.0,2148502,1.0,1,4,2,1.0,,-1.0,0,1984.0,B01,138Â 301Â 187,1.0,8.0,-1.0,1640708,2.0,7,,0.0,2.0,1.0,A01,138Â 301Â 188,1.0
961308,201900002839,5,6,19:30,1,1,1,1.0,2.0,95306,AUTOROUTE A15,M,"49,0073000","2,1617400",95,2019,110.0,1.0,1.0,1.0,2148503,1.0,1,4,1,1.0,,-1.0,0,1979.0,A01,138Â 301Â 188,1.0,8.0,-1.0,1640707,2.0,10,,0.0,2.0,6.0,B01,138Â 301Â 187,1.0
961308,201900002839,5,6,19:30,1,1,1,1.0,2.0,95306,AUTOROUTE A15,M,"49,0073000","2,1617400",95,2019,110.0,1.0,1.0,1.0,2148503,1.0,1,4,1,1.0,,-1.0,0,1979.0,A01,138Â 301Â 188,1.0,8.0,-1.0,1640708,2.0,7,,0.0,2.0,1.0,A01,138Â 301Â 188,1.0
961309,201900002840,5,6,19:10,1,1,1,1.0,5.0,93078,AUTOROUTE A104,M,"48,9666900","2,5130500",93,2019,110.0,1.0,1.0,1.0,2148504,1.0,1,4,1,0.0,,-1.0, -1,1993.0,B01,138Â 301Â 184,2.0,0.0,-1.0,1640709,1.0,34,,0.0,2.0,3.0,B01,138Â 301Â 184,1.0
961309,201900002840,5,6,19:10,1,1,1,1.0,5.0,93078,AUTOROUTE A104,M,"48,9666900","2,5130500",93,2019,110.0,1.0,1.0,1.0,2148504,1.0,1,4,1,0.0,,-1.0, -1,1993.0,B01,138Â 301Â 184,2.0,0.0,-1.0,1640710,1.0,7,,0.0,2.0,8.0,C01,138Â 301Â 185,1.0
961309,201900002840,5,6,19:10,1,1,1,1.0,5.0,93078,AUTOROUTE A104,M,"48,9666900","2,5130500",93,2019,110.0,1.0,1.0,1.0,2148504,1.0,1,4,1,0.0,,-1.0, -1,1993.0,B01,138Â 301Â 184,2.0,0.0,-1.0,1640711,1.0,10,,0.0,2.0,2.0,A01,138Â 301Â 186,1.0
961309,201900002840,5,6,19:10,1,1,1,1.0,5.0,93078,AUTOROUTE A104,M,"48,9666900","2,5130500",93,2019,110.0,1.0,1.0,1.0,2148505,1.0,1,1,1,0.0,,-1.0, -1,1963.0,C01,138Â 301Â 185,1.0,0.0,-1.0,1640709,1.0,34,,0.0,2.0,3.0,B01,138Â 301Â 184,1.0
961309,201900002840,5,6,19:10,1,1,1,1.0,5.0,93078,AUTOROUTE A104,M,"48,9666900","2,5130500",93,2019,110.0,1.0,1.0,1.0,2148505,1.0,1,1,1,0.0,,-1.0, -1,1963.0,C01,138Â 301Â 185,1.0,0.0,-1.0,1640710,1.0,7,,0.0,2.0,8.0,C01,138Â 301Â 185,1.0
961309,201900002840,5,6,19:10,1,1,1,1.0,5.0,93078,AUTOROUTE A104,M,"48,9666900","2,5130500",93,2019,110.0,1.0,1.0,1.0,2148505,1.0,1,1,1,0.0,,-1.0, -1,1963.0,C01,138Â 301Â 185,1.0,0.0,-1.0,1640711,1.0,10,,0.0,2.0,2.0,A01,138Â 301Â 186,1.0
961309,201900002840,5,6,19:10,1,1,1,1.0,5.0,93078,AUTOROUTE A104,M,"48,9666900","2,5130500",93,2019,110.0,1.0,1.0,1.0,2148506,1.0,1,1,1,0.0,,-1.0, -1,1997.0,A01,138Â 301Â 186,1.0,0.0,-1.0,1640709,1.0,34,,0.0,2.0,3.0,B01,138Â 301Â 184,1.0
961309,201900002840,5,6,19:10,1,1,1,1.0,5.0,93078,AUTOROUTE A104,M,"48,9666900","2,5130500",93,2019,110.0,1.0,1.0,1.0,2148506,1.0,1,1,1,0.0,,-1.0, -1,1997.0,A01,138Â 301Â 186,1.0,0.0,-1.0,1640710,1.0,7,,0.0,2.0,8.0,C01,138Â 301Â 185,1.0
961309,201900002840,5,6,19:10,1,1,1,1.0,5.0,93078,AUTOROUTE A104,M,"48,9666900","2,5130500",93,2019,110.0,1.0,1.0,1.0,2148506,1.0,1,1,1,0.0,,-1.0, -1,1997.0,A01,138Â 301Â 186,1.0,0.0,-1.0,1640711,1.0,10,,0.0,2.0,2.0,A01,138Â 301Â 186,1.0
961310,201900002841,5,6,10:10,1,1,9,1.0,4.0,93064,AUTOROUTE A86,M,"48,8694700","2,4824500",93,2019,90.0,1.0,1.0,1.0,2148507,1.0,1,1,1,0.0,,-1.0, -1,1989.0,A01,138Â 301Â 181,1.0,4.0,-1.0,1640712,1.0,10,,0.0,2.0,1.0,A01,138Â 301Â 181,1.0
961310,201900002841,5,6,10:10,1,1,9,1.0,4.0,93064,AUTOROUTE A86,M,"48,8694700","2,4824500",93,2019,90.0,1.0,1.0,1.0,2148507,1.0,1,1,1,0.0,,-1.0, -1,1989.0,A01,138Â 301Â 181,1.0,4.0,-1.0,1640713,1.0,15,,0.0,2.0,4.0,C01,138Â 301Â 182,1.0
961310,201900002841,5,6,10:10,1,1,9,1.0,4.0,93064,AUTOROUTE A86,M,"48,8694700","2,4824500",93,2019,90.0,1.0,1.0,1.0,2148507,1.0,1,1,1,0.0,,-1.0, -1,1989.0,A01,138Â 301Â 181,1.0,4.0,-1.0,1640714,1.0,7,,0.0,2.0,4.0,B01,138Â 301Â 183,1.0
961310,201900002841,5,6,10:10,1,1,9,1.0,4.0,93064,AUTOROUTE A86,M,"48,8694700","2,4824500",93,2019,90.0,1.0,1.0,1.0,2148508,1.0,1,1,1,0.0,,-1.0, -1,1995.0,C01,138Â 301Â 182,1.0,4.0,-1.0,1640712,1.0,10,,0.0,2.0,1.0,A01,138Â 301Â 181,1.0
961310,201900002841,5,6,10:10,1,1,9,1.0,4.0,93064,AUTOROUTE A86,M,"48,8694700","2,4824500",93,2019,90.0,1.0,1.0,1.0,2148508,1.0,1,1,1,0.0,,-1.0, -1,1995.0,C01,138Â 301Â 182,1.0,4.0,-1.0,1640713,1.0,15,,0.0,2.0,4.0,C01,138Â 301Â 182,1.0
961310,201900002841,5,6,10:10,1,1,9,1.0,4.0,93064,AUTOROUTE A86,M,"48,8694700","2,4824500",93,2019,90.0,1.0,1.0,1.0,2148508,1.0,1,1,1,0.0,,-1.0, -1,1995.0,C01,138Â 301Â 182,1.0,4.0,-1.0,1640714,1.0,7,,0.0,2.0,4.0,B01,138Â 301Â 183,1.0
961310,201900002841,5,6,10:10,1,1,9,1.0,4.0,93064,AUTOROUTE A86,M,"48,8694700","2,4824500",93,2019,90.0,1.0,1.0,1.0,2148509,1.0,1,4,1,0.0,,-1.0, -1,1977.0,B01,138Â 301Â 183,1.0,4.0,-1.0,1640712,1.0,10,,0.0,2.0,1.0,A01,138Â 301Â 181,1.0
961310,201900002841,5,6,10:10,1,1,9,1.0,4.0,93064,AUTOROUTE A86,M,"48,8694700","2,4824500",93,2019,90.0,1.0,1.0,1.0,2148509,1.0,1,4,1,0.0,,-1.0, -1,1977.0,B01,138Â 301Â 183,1.0,4.0,-1.0,1640713,1.0,15,,0.0,2.0,4.0,C01,138Â 301Â 182,1.0
961310,201900002841,5,6,10:10,1,1,9,1.0,4.0,93064,AUTOROUTE A86,M,"48,8694700","2,4824500",93,2019,90.0,1.0,1.0,1.0,2148509,1.0,1,4,1,0.0,,-1.0, -1,1977.0,B01,138Â 301Â 183,1.0,4.0,-1.0,1640714,1.0,7,,0.0,2.0,4.0,B01,138Â 301Â 183,1.0
961311,201900002842,5,6,07:20,1,1,1,1.0,6.0,95607,AUTOROUTE A115,M,"49,0312200","2,2005000",95,2019,90.0,1.0,1.0,1.0,2148510,1.0,1,4,1,1.0,,-1.0,0,1992.0,A01,138Â 301Â 180,1.0,8.0,-1.0,1640715,2.0,7,,4.0,0.0,8.0,A01,138Â 301Â 180,1.0
961312,201900002843,5,5,20:40,1,1,1,1.0,4.0,93053,AUTOROUTE A3,M,"48,8958200","2,4707300",93,2019,70.0,1.0,1.0,1.0,2148511,1.0,1,1,1,0.0,,-1.0, -1,1950.0,B01,138Â 301Â 177,1.0,0.0,-1.0,1640716,1.0,7,,0.0,2.0,4.0,B01,138Â 301Â 177,1.0
961312,201900002843,5,5,20:40,1,1,1,1.0,4.0,93053,AUTOROUTE A3,M,"48,8958200","2,4707300",93,2019,70.0,1.0,1.0,1.0,2148511,1.0,1,1,1,0.0,,-1.0, -1,1950.0,B01,138Â 301Â 177,1.0,0.0,-1.0,1640717,1.0,7,,0.0,2.0,4.0,C01,138Â 301Â 178,1.0
961312,201900002843,5,5,20:40,1,1,1,1.0,4.0,93053,AUTOROUTE A3,M,"48,8958200","2,4707300",93,2019,70.0,1.0,1.0,1.0,2148511,1.0,1,1,1,0.0,,-1.0, -1,1950.0,B01,138Â 301Â 177,1.0,0.0,-1.0,1640718,1.0,7,,0.0,2.0,1.0,A01,138Â 301Â 179,1.0
961312,201900002843,5,5,20:40,1,1,1,1.0,4.0,93053,AUTOROUTE A3,M,"48,8958200","2,4707300",93,2019,70.0,1.0,1.0,1.0,2148512,1.0,1,1,2,0.0,,-1.0, -1,1995.0,C01,138Â 301Â 178,1.0,0.0,-1.0,1640716,1.0,7,,0.0,2.0,4.0,B01,138Â 301Â 177,1.0
961312,201900002843,5,5,20:40,1,1,1,1.0,4.0,93053,AUTOROUTE A3,M,"48,8958200","2,4707300",93,2019,70.0,1.0,1.0,1.0,2148512,1.0,1,1,2,0.0,,-1.0, -1,1995.0,C01,138Â 301Â 178,1.0,0.0,-1.0,1640717,1.0,7,,0.0,2.0,4.0,C01,138Â 301Â 178,1.0
961312,201900002843,5,5,20:40,1,1,1,1.0,4.0,93053,AUTOROUTE A3,M,"48,8958200","2,4707300",93,2019,70.0,1.0,1.0,1.0,2148512,1.0,1,1,2,0.0,,-1.0, -1,1995.0,C01,138Â 301Â 178,1.0,0.0,-1.0,1640718,1.0,7,,0.0,2.0,1.0,A01,138Â 301Â 179,1.0
961312,201900002843,5,5,20:40,1,1,1,1.0,4.0,93053,AUTOROUTE A3,M,"48,8958200","2,4707300",93,2019,70.0,1.0,1.0,1.0,2148513,1.0,1,4,1,0.0,,-1.0, -1,1987.0,A01,138Â 301Â 179,1.0,8.0,-1.0,1640716,1.0,7,,0.0,2.0,4.0,B01,138Â 301Â 177,1.0
961312,201900002843,5,5,20:40,1,1,1,1.0,4.0,93053,AUTOROUTE A3,M,"48,8958200","2,4707300",93,2019,70.0,1.0,1.0,1.0,2148513,1.0,1,4,1,0.0,,-1.0, -1,1987.0,A01,138Â 301Â 179,1.0,8.0,-1.0,1640717,1.0,7,,0.0,2.0,4.0,C01,138Â 301Â 178,1.0
961312,201900002843,5,5,20:40,1,1,1,1.0,4.0,93053,AUTOROUTE A3,M,"48,8958200","2,4707300",93,2019,70.0,1.0,1.0,1.0,2148513,1.0,1,4,1,0.0,,-1.0, -1,1987.0,A01,138Â 301Â 179,1.0,8.0,-1.0,1640718,1.0,7,,0.0,2.0,1.0,A01,138Â 301Â 179,1.0
961313,201900002844,5,5,22:50,3,1,1,1.0,2.0,93078,AUTOROUTE A104,M,"48,9601300","2,5399500",93,2019,90.0,1.0,1.0,1.0,2148514,1.0,1,1,1,0.0,,-1.0, -1,1997.0,A01,138Â 301Â 175,1.0,0.0,-1.0,1640719,2.0,7,,0.0,2.0,1.0,A01,138Â 301Â 175,1.0
961313,201900002844,5,5,22:50,3,1,1,1.0,2.0,93078,AUTOROUTE A104,M,"48,9601300","2,5399500",93,2019,90.0,1.0,1.0,1.0,2148514,1.0,1,1,1,0.0,,-1.0, -1,1997.0,A01,138Â 301Â 175,1.0,0.0,-1.0,1640720,2.0,7,,0.0,2.0,4.0,B01,138Â 301Â 176,1.0
961313,201900002844,5,5,22:50,3,1,1,1.0,2.0,93078,AUTOROUTE A104,M,"48,9601300","2,5399500",93,2019,90.0,1.0,1.0,1.0,2148515,1.0,1,4,1,0.0,,-1.0, -1,1983.0,B01,138Â 301Â 176,1.0,0.0,-1.0,1640719,2.0,7,,0.0,2.0,1.0,A01,138Â 301Â 175,1.0