Unnamed: 0_x,num_acc,mois,jour,hrmn,lum,agg,int,atm,col,com,adr,gps,lat,long,dep,annee,vma,situ,surf,catr,Unnamed: 0_y,place,catu,grav,sexe,trajet,secu,locp,actp,an_nais,num_veh_x,id_vehicule_x,secu1,secu2,secu3,Unnamed: 0,senc,catv,occutc,obs,obsm,choc,num_veh_y,id_vehicule_y,motor
961313,201900002844,5,5,22:50,3,1,1,1.0,2.0,93078,AUTOROUTE A104,M,"48,9601300","2,5399500",93,2019,90.0,1.0,1.0,1.0,2148515,1.0,1,4,1,0.0,,-1.0, -1,1983.0,B01,138Â 301Â 176,1.0,0.0,-1.0,1640720,2.0,7,,0.0,2.0,4.0,B01,138Â 301Â 176,1.0
961314,201900002845,5,5,22:00,1,1,1,1.0,6.0,93029,AUTOROUTE A3,M,"48,9259400","2,4234100",93,2019,90.0,1.0,1.0,1.0,2148516,1.0,1,1,1,5.0,,-1.0,0,1957.0,A01,138Â 301Â 174,1.0,4.0,-1.0,1640721,2.0,7,,0.0,0.0,0.0,A01,138Â 301Â 174,1.0
961314,201900002845,5,5,22:00,1,1,1,1.0,6.0,93029,AUTOROUTE A3,M,"48,9259400","2,4234100",93,2019,90.0,1.0,1.0,1.0,2148517,2.0,2,4,2,5.0,,-1.0,0,1960.0,A01,138Â 301Â 174,1.0,0.0,-1.0,1640721,2.0,7,,0.0,0.0,0.0,A01,138Â 301Â 174,1.0
961315,201900002846,5,5,15:00,1,1,1,1.0,2.0,93007,AUTOROUTE A1,M,"48,9457000","2,4402400",93,2019,110.0,1.0,1.0,1.0,2148518,1.0,1,4,1,0.0,,-1.0, -1,1973.0,A01,138Â 301Â 173,1.0,4.0,-1.0,1640722,1.0,10,,0.0,2.0,1.0,Z01,138Â 301Â 172,1.0
961315,201900002846,5,5,15:00,1,1,1,1.0,2.0,93007,AUTOROUTE A1,M,"48,9457000","2,4402400",93,2019,110.0,1.0,1.0,1.0,2148518,1.0,1,4,1,0.0,,-1.0, -1,1973.0,A01,138Â 301Â 173,1.0,4.0,-1.0,1640723,1.0,10,,0.0,2.0,4.0,A01,138Â 301Â 173,4.0
961316,201900002847,5,4,12:45,1,1,1,1.0,6.0,95277,AUTOROUTE A104,M,"48,9731100","2,4852800",95,2019,70.0,1.0,2.0,1.0,2148519,1.0,1,4,2,5.0,,-1.0,0,1991.0,A01,138Â 301Â 171,1.0,0.0,-1.0,1640724,2.0,7,,4.0,0.0,1.0,A01,138Â 301Â 171,1.0
961317,201900002848,5,5,03:40,3,1,1,1.0,5.0,93007,AUTOROUTE A3,M,"48,9431400","2,4779300",93,2019,110.0,1.0,1.0,1.0,2148520,1.0,1,1,2,0.0,,-1.0, -1,1998.0,B01,138Â 301Â 164,1.0,8.0,-1.0,1640725,1.0,7,,0.0,2.0,4.0,B01,138Â 301Â 164,1.0
961317,201900002848,5,5,03:40,3,1,1,1.0,5.0,93007,AUTOROUTE A3,M,"48,9431400","2,4779300",93,2019,110.0,1.0,1.0,1.0,2148520,1.0,1,1,2,0.0,,-1.0, -1,1998.0,B01,138Â 301Â 164,1.0,8.0,-1.0,1640726,1.0,7,,3.0,0.0,1.0,A01,138Â 301Â 165,1.0
961317,201900002848,5,5,03:40,3,1,1,1.0,5.0,93007,AUTOROUTE A3,M,"48,9431400","2,4779300",93,2019,110.0,1.0,1.0,1.0,2148520,1.0,1,1,2,0.0,,-1.0, -1,1998.0,B01,138Â 301Â 164,1.0,8.0,-1.0,1640727,1.0,7,,0.0,2.0,4.0,E01,138Â 301Â 166,1.0
961317,201900002848,5,5,03:40,3,1,1,1.0,5.0,93007,AUTOROUTE A3,M,"48,9431400","2,4779300",93,2019,110.0,1.0,1.0,1.0,2148520,1.0,1,1,2,0.0,,-1.0, -1,1998.0,B01,138Â 301Â 164,1.0,8.0,-1.0,1640728,2.0,10,,0.0,1.0,1.0,G01,138Â 301Â 167,1.0
961317,201900002848,5,5,03:40,3,1,1,1.0,5.0,93007,AUTOROUTE A3,M,"48,9431400","2,4779300",93,2019,110.0,1.0,1.0,1.0,2148520,1.0,1,1,2,0.0,,-1.0, -1,1998.0,B01,138Â 301Â 164,1.0,8.0,-1.0,1640729,1.0,7,,0.0,2.0,8.0,C01,138Â 301Â 168,1.0
961317,201900002848,5,5,03:40,3,1,1,1.0,5.0,93007,AUTOROUTE A3,M,"48,9431400","2,4779300",93,2019,110.0,1.0,1.0,1.0,2148520,1.0,1,1,2,0.0,,-1.0, -1,1998.0,B01,138Â 301Â 164,1.0,8.0,-1.0,1640730,1.0,7,,0.0,2.0,1.0,D01,138Â 301Â 169,1.0
961317,201900002848,5,5,03:40,3,1,1,1.0,5.0,93007,AUTOROUTE A3,M,"48,9431400","2,4779300",93,2019,110.0,1.0,1.0,1.0,2148520,1.0,1,1,2,0.0,,-1.0, -1,1998.0,B01,138Â 301Â 164,1.0,8.0,-1.0,1640731,2.0,7,,0.0,1.0,1.0,F01,138Â 301Â 170,1.0
961317,201900002848,5,5,03:40,3,1,1,1.0,5.0,93007,AUTOROUTE A3,M,"48,9431400","2,4779300",93,2019,110.0,1.0,1.0,1.0,2148521,1.0,1,1,1,0.0,,-1.0, -1,2000.0,A01,138Â 301Â 165,8.0,0.0,-1.0,1640725,1.0,7,,0.0,2.0,4.0,B01,138Â 301Â 164,1.0
961317,201900002848,5,5,03:40,3,1,1,1.0,5.0,93007,AUTOROUTE A3,M,"48,9431400","2,4779300",93,2019,110.0,1.0,1.0,1.0,2148521,1.0,1,1,1,0.0,,-1.0, -1,2000.0,A01,138Â 301Â 165,8.0,0.0,-1.0,1640726,1.0,7,,3.0,0.0,1.0,A01,138Â 301Â 165,1.0
961317,201900002848,5,5,03:40,3,1,1,1.0,5.0,93007,AUTOROUTE A3,M,"48,9431400","2,4779300",93,2019,110.0,1.0,1.0,1.0,2148521,1.0,1,1,1,0.0,,-1.0, -1,2000.0,A01,138Â 301Â 165,8.0,0.0,-1.0,1640727,1.0,7,,0.0,2.0,4.0,E01,138Â 301Â 166,1.0
961317,201900002848,5,5,03:40,3,1,1,1.0,5.0,93007,AUTOROUTE A3,M,"48,9431400","2,4779300",93,2019,110.0,1.0,1.0,1.0,2148521,1.0,1,1,1,0.0,,-1.0, -1,2000.0,A01,138Â 301Â 165,8.0,0.0,-1.0,1640728,2.0,10,,0.0,1.0,1.0,G01,138Â 301Â 167,1.0
961317,201900002848,5,5,03:40,3,1,1,1.0,5.0,93007,AUTOROUTE A3,M,"48,9431400","2,4779300",93,2019,110.0,1.0,1.0,1.0,2148521,1.0,1,1,1,0.0,,-1.0, -1,2000.0,A01,138Â 301Â 165,8.0,0.0,-1.0,1640729,1.0,7,,0.0,2.0,8.0,C01,138Â 301Â 168,1.0
961317,201900002848,5,5,03:40,3,1,1,1.0,5.0,93007,AUTOROUTE A3,M,"48,9431400","2,4779300",93,2019,110.0,1.0,1.0,1.0,2148521,1.0,1,1,1,0.0,,-1.0, -1,2000.0,A01,138Â 301Â 165,8.0,0.0,-1.0,1640730,1.0,7,,0.0,2.0,1.0,D01,138Â 301Â 169,1.0
961317,201900002848,5,5,03:40,3,1,1,1.0,5.0,93007,AUTOROUTE A3,M,"48,9431400","2,4779300",93,2019,110.0,1.0,1.0,1.0,2148521,1.0,1,1,1,0.0,,-1.0, -1,2000.0,A01,138Â 301Â 165,8.0,0.0,-1.0,1640731,2.0,7,,0.0,1.0,1.0,F01,138Â 301Â 170,1.0
961317,201900002848,5,5,03:40,3,1,1,1.0,5.0,93007,AUTOROUTE A3,M,"48,9431400","2,4779300",93,2019,110.0,1.0,1.0,1.0,2148522,2.0,2,4,2,0.0,,-1.0, -1,1966.0,E01,138Â 301Â 166,1.0,8.0,-1.0,1640725,1.0,7,,0.0,2.0,4.0,B01,138Â 301Â 164,1.0
961317,201900002848,5,5,03:40,3,1,1,1.0,5.0,93007,AUTOROUTE A3,M,"48,9431400","2,4779300",93,2019,110.0,1.0,1.0,1.0,2148522,2.0,2,4,2,0.0,,-1.0, -1,1966.0,E01,138Â 301Â 166,1.0,8.0,-1.0,1640726,1.0,7,,3.0,0.0,1.0,A01,138Â 301Â 165,1.0
961317,201900002848,5,5,03:40,3,1,1,1.0,5.0,93007,AUTOROUTE A3,M,"48,9431400","2,4779300",93,2019,110.0,1.0,1.0,1.0,2148522,2.0,2,4,2,0.0,,-1.0, -1,1966.0,E01,138Â 301Â 166,1.0,8.0,-1.0,1640727,1.0,7,,0.0,2.0,4.0,E01,138Â 301Â 166,1.0
961317,201900002848,5,5,03:40,3,1,1,1.0,5.0,93007,AUTOROUTE A3,M,"48,9431400","2,4779300",93,2019,110.0,1.0,1.0,1.0,2148522,2.0,2,4,2,0.0,,-1.0, -1,1966.0,E01,138Â 301Â 166,1.0,8.0,-1.0,1640728,2.0,10,,0.0,1.0,1.0,G01,138Â 301Â 167,1.0
961317,201900002848,5,5,03:40,3,1,1,1.0,5.0,93007,AUTOROUTE A3,M,"48,9431400","2,4779300",93,2019,110.0,1.0,1.0,1.0,2148522,2.0,2,4,2,0.0,,-1.0, -1,1966.0,E01,138Â 301Â 166,1.0,8.0,-1.0,1640729,1.0,7,,0.0,2.0,8.0,C01,138Â 301Â 168,1.0
961317,201900002848,5,5,03:40,3,1,1,1.0,5.0,93007,AUTOROUTE A3,M,"48,9431400","2,4779300",93,2019,110.0,1.0,1.0,1.0,2148522,2.0,2,4,2,0.0,,-1.0, -1,1966.0,E01,138Â 301Â 166,1.0,8.0,-1.0,1640730,1.0,7,,0.0,2.0,1.0,D01,138Â 301Â 169,1.0
961317,201900002848,5,5,03:40,3,1,1,1.0,5.0,93007,AUTOROUTE A3,M,"48,9431400","2,4779300",93,2019,110.0,1.0,1.0,1.0,2148522,2.0,2,4,2,0.0,,-1.0, -1,1966.0,E01,138Â 301Â 166,1.0,8.0,-1.0,1640731,2.0,7,,0.0,1.0,1.0,F01,138Â 301Â 170,1.0
961317,201900002848,5,5,03:40,3,1,1,1.0,5.0,93007,AUTOROUTE A3,M,"48,9431400","2,4779300",93,2019,110.0,1.0,1.0,1.0,2148523,1.0,1,2,1,0.0,,-1.0,0,1974.0,E01,138Â 301Â 166,1.0,0.0,-1.0,1640725,1.0,7,,0.0,2.0,4.0,B01,138Â 301Â 164,1.0
961317,201900002848,5,5,03:40,3,1,1,1.0,5.0,93007,AUTOROUTE A3,M,"48,9431400","2,4779300",93,2019,110.0,1.0,1.0,1.0,2148523,1.0,1,2,1,0.0,,-1.0,0,1974.0,E01,138Â 301Â 166,1.0,0.0,-1.0,1640726,1.0,7,,3.0,0.0,1.0,A01,138Â 301Â 165,1.0
961317,201900002848,5,5,03:40,3,1,1,1.0,5.0,93007,AUTOROUTE A3,M,"48,9431400","2,4779300",93,2019,110.0,1.0,1.0,1.0,2148523,1.0,1,2,1,0.0,,-1.0,0,1974.0,E01,138Â 301Â 166,1.0,0.0,-1.0,1640727,1.0,7,,0.0,2.0,4.0,E01,138Â 301Â 166,1.0
961317,201900002848,5,5,03:40,3,1,1,1.0,5.0,93007,AUTOROUTE A3,M,"48,9431400","2,4779300",93,2019,110.0,1.0,1.0,1.0,2148523,1.0,1,2,1,0.0,,-1.0,0,1974.0,E01,138Â 301Â 166,1.0,0.0,-1.0,1640728,2.0,10,,0.0,1.0,1.0,G01,138Â 301Â 167,1.0
961317,201900002848,5,5,03:40,3,1,1,1.0,5.0,93007,AUTOROUTE A3,M,"48,9431400","2,4779300",93,2019,110.0,1.0,1.0,1.0,2148523,1.0,1,2,1,0.0,,-1.0,0,1974.0,E01,138Â 301Â 166,1.0,0.0,-1.0,1640729,1.0,7,,0.0,2.0,8.0,C01,138Â 301Â 168,1.0
961317,201900002848,5,5,03:40,3,1,1,1.0,5.0,93007,AUTOROUTE A3,M,"48,9431400","2,4779300",93,2019,110.0,1.0,1.0,1.0,2148523,1.0,1,2,1,0.0,,-1.0,0,1974.0,E01,138Â 301Â 166,1.0,0.0,-1.0,1640730,1.0,7,,0.0,2.0,1.0,D01,138Â 301Â 169,1.0
961317,201900002848,5,5,03:40,3,1,1,1.0,5.0,93007,AUTOROUTE A3,M,"48,9431400","2,4779300",93,2019,110.0,1.0,1.0,1.0,2148523,1.0,1,2,1,0.0,,-1.0,0,1974.0,E01,138Â 301Â 166,1.0,0.0,-1.0,1640731,2.0,7,,0.0,1.0,1.0,F01,138Â 301Â 170,1.0
961317,201900002848,5,5,03:40,3,1,1,1.0,5.0,93007,AUTOROUTE A3,M,"48,9431400","2,4779300",93,2019,110.0,1.0,1.0,1.0,2148524,3.0,2,4,1,0.0,,-1.0, -1,1964.0,E01,138Â 301Â 166,1.0,8.0,-1.0,1640725,1.0,7,,0.0,2.0,4.0,B01,138Â 301Â 164,1.0
961317,201900002848,5,5,03:40,3,1,1,1.0,5.0,93007,AUTOROUTE A3,M,"48,9431400","2,4779300",93,2019,110.0,1.0,1.0,1.0,2148524,3.0,2,4,1,0.0,,-1.0, -1,1964.0,E01,138Â 301Â 166,1.0,8.0,-1.0,1640726,1.0,7,,3.0,0.0,1.0,A01,138Â 301Â 165,1.0
961317,201900002848,5,5,03:40,3,1,1,1.0,5.0,93007,AUTOROUTE A3,M,"48,9431400","2,4779300",93,2019,110.0,1.0,1.0,1.0,2148524,3.0,2,4,1,0.0,,-1.0, -1,1964.0,E01,138Â 301Â 166,1.0,8.0,-1.0,1640727,1.0,7,,0.0,2.0,4.0,E01,138Â 301Â 166,1.0
961317,201900002848,5,5,03:40,3,1,1,1.0,5.0,93007,AUTOROUTE A3,M,"48,9431400","2,4779300",93,2019,110.0,1.0,1.0,1.0,2148524,3.0,2,4,1,0.0,,-1.0, -1,1964.0,E01,138Â 301Â 166,1.0,8.0,-1.0,1640728,2.0,10,,0.0,1.0,1.0,G01,138Â 301Â 167,1.0
961317,201900002848,5,5,03:40,3,1,1,1.0,5.0,93007,AUTOROUTE A3,M,"48,9431400","2,4779300",93,2019,110.0,1.0,1.0,1.0,2148524,3.0,2,4,1,0.0,,-1.0, -1,1964.0,E01,138Â 301Â 166,1.0,8.0,-1.0,1640729,1.0,7,,0.0,2.0,8.0,C01,138Â 301Â 168,1.0
961317,201900002848,5,5,03:40,3,1,1,1.0,5.0,93007,AUTOROUTE A3,M,"48,9431400","2,4779300",93,2019,110.0,1.0,1.0,1.0,2148524,3.0,2,4,1,0.0,,-1.0, -1,1964.0,E01,138Â 301Â 166,1.0,8.0,-1.0,1640730,1.0,7,,0.0,2.0,1.0,D01,138Â 301Â 169,1.0
961317,201900002848,5,5,03:40,3,1,1,1.0,5.0,93007,AUTOROUTE A3,M,"48,9431400","2,4779300",93,2019,110.0,1.0,1.0,1.0,2148524,3.0,2,4,1,0.0,,-1.0, -1,1964.0,E01,138Â 301Â 166,1.0,8.0,-1.0,1640731,2.0,7,,0.0,1.0,1.0,F01,138Â 301Â 170,1.0
961317,201900002848,5,5,03:40,3,1,1,1.0,5.0,93007,AUTOROUTE A3,M,"48,9431400","2,4779300",93,2019,110.0,1.0,1.0,1.0,2148525,1.0,1,1,1,0.0,,-1.0,0,1993.0,G01,138Â 301Â 167,1.0,8.0,-1.0,1640725,1.0,7,,0.0,2.0,4.0,B01,138Â 301Â 164,1.0
961317,201900002848,5,5,03:40,3,1,1,1.0,5.0,93007,AUTOROUTE A3,M,"48,9431400","2,4779300",93,2019,110.0,1.0,1.0,1.0,2148525,1.0,1,1,1,0.0,,-1.0,0,1993.0,G01,138Â 301Â 167,1.0,8.0,-1.0,1640726,1.0,7,,3.0,0.0,1.0,A01,138Â 301Â 165,1.0
961317,201900002848,5,5,03:40,3,1,1,1.0,5.0,93007,AUTOROUTE A3,M,"48,9431400","2,4779300",93,2019,110.0,1.0,1.0,1.0,2148525,1.0,1,1,1,0.0,,-1.0,0,1993.0,G01,138Â 301Â 167,1.0,8.0,-1.0,1640727,1.0,7,,0.0,2.0,4.0,E01,138Â 301Â 166,1.0
961317,201900002848,5,5,03:40,3,1,1,1.0,5.0,93007,AUTOROUTE A3,M,"48,9431400","2,4779300",93,2019,110.0,1.0,1.0,1.0,2148525,1.0,1,1,1,0.0,,-1.0,0,1993.0,G01,138Â 301Â 167,1.0,8.0,-1.0,1640728,2.0,10,,0.0,1.0,1.0,G01,138Â 301Â 167,1.0
961317,201900002848,5,5,03:40,3,1,1,1.0,5.0,93007,AUTOROUTE A3,M,"48,9431400","2,4779300",93,2019,110.0,1.0,1.0,1.0,2148525,1.0,1,1,1,0.0,,-1.0,0,1993.0,G01,138Â 301Â 167,1.0,8.0,-1.0,1640729,1.0,7,,0.0,2.0,8.0,C01,138Â 301Â 168,1.0
961317,201900002848,5,5,03:40,3,1,1,1.0,5.0,93007,AUTOROUTE A3,M,"48,9431400","2,4779300",93,2019,110.0,1.0,1.0,1.0,2148525,1.0,1,1,1,0.0,,-1.0,0,1993.0,G01,138Â 301Â 167,1.0,8.0,-1.0,1640730,1.0,7,,0.0,2.0,1.0,D01,138Â 301Â 169,1.0
961317,201900002848,5,5,03:40,3,1,1,1.0,5.0,93007,AUTOROUTE A3,M,"48,9431400","2,4779300",93,2019,110.0,1.0,1.0,1.0,2148525,1.0,1,1,1,0.0,,-1.0,0,1993.0,G01,138Â 301Â 167,1.0,8.0,-1.0,1640731,2.0,7,,0.0,1.0,1.0,F01,138Â 301Â 170,1.0
961317,201900002848,5,5,03:40,3,1,1,1.0,5.0,93007,AUTOROUTE A3,M,"48,9431400","2,4779300",93,2019,110.0,1.0,1.0,1.0,2148526,6.0,2,1,1,0.0,,-1.0, -1,1995.0,G01,138Â 301Â 167,1.0,8.0,-1.0,1640725,1.0,7,,0.0,2.0,4.0,B01,138Â 301Â 164,1.0
961317,201900002848,5,5,03:40,3,1,1,1.0,5.0,93007,AUTOROUTE A3,M,"48,9431400","2,4779300",93,2019,110.0,1.0,1.0,1.0,2148526,6.0,2,1,1,0.0,,-1.0, -1,1995.0,G01,138Â 301Â 167,1.0,8.0,-1.0,1640726,1.0,7,,3.0,0.0,1.0,A01,138Â 301Â 165,1.0
961317,201900002848,5,5,03:40,3,1,1,1.0,5.0,93007,AUTOROUTE A3,M,"48,9431400","2,4779300",93,2019,110.0,1.0,1.0,1.0,2148526,6.0,2,1,1,0.0,,-1.0, -1,1995.0,G01,138Â 301Â 167,1.0,8.0,-1.0,1640727,1.0,7,,0.0,2.0,4.0,E01,138Â 301Â 166,1.0
961317,201900002848,5,5,03:40,3,1,1,1.0,5.0,93007,AUTOROUTE A3,M,"48,9431400","2,4779300",93,2019,110.0,1.0,1.0,1.0,2148526,6.0,2,1,1,0.0,,-1.0, -1,1995.0,G01,138Â 301Â 167,1.0,8.0,-1.0,1640728,2.0,10,,0.0,1.0,1.0,G01,138Â 301Â 167,1.0
961317,201900002848,5,5,03:40,3,1,1,1.0,5.0,93007,AUTOROUTE A3,M,"48,9431400","2,4779300",93,2019,110.0,1.0,1.0,1.0,2148526,6.0,2,1,1,0.0,,-1.0, -1,1995.0,G01,138Â 301Â 167,1.0,8.0,-1.0,1640729,1.0,7,,0.0,2.0,8.0,C01,138Â 301Â 168,1.0
961317,201900002848,5,5,03:40,3,1,1,1.0,5.0,93007,AUTOROUTE A3,M,"48,9431400","2,4779300",93,2019,110.0,1.0,1.0,1.0,2148526,6.0,2,1,1,0.0,,-1.0, -1,1995.0,G01,138Â 301Â 167,1.0,8.0,-1.0,1640730,1.0,7,,0.0,2.0,1.0,D01,138Â 301Â 169,1.0
961317,201900002848,5,5,03:40,3,1,1,1.0,5.0,93007,AUTOROUTE A3,M,"48,9431400","2,4779300",93,2019,110.0,1.0,1.0,1.0,2148526,6.0,2,1,1,0.0,,-1.0, -1,1995.0,G01,138Â 301Â 167,1.0,8.0,-1.0,1640731,2.0,7,,0.0,1.0,1.0,F01,138Â 301Â 170,1.0
961317,201900002848,5,5,03:40,3,1,1,1.0,5.0,93007,AUTOROUTE A3,M,"48,9431400","2,4779300",93,2019,110.0,1.0,1.0,1.0,2148527,2.0,2,1,1,0.0,,-1.0, -1,1994.0,G01,138Â 301Â 167,1.0,8.0,-1.0,1640725,1.0,7,,0.0,2.0,4.0,B01,138Â 301Â 164,1.0
961317,201900002848,5,5,03:40,3,1,1,1.0,5.0,93007,AUTOROUTE A3,M,"48,9431400","2,4779300",93,2019,110.0,1.0,1.0,1.0,2148527,2.0,2,1,1,0.0,,-1.0, -1,1994.0,G01,138Â 301Â 167,1.0,8.0,-1.0,1640726,1.0,7,,3.0,0.0,1.0,A01,138Â 301Â 165,1.0
961317,201900002848,5,5,03:40,3,1,1,1.0,5.0,93007,AUTOROUTE A3,M,"48,9431400","2,4779300",93,2019,110.0,1.0,1.0,1.0,2148527,2.0,2,1,1,0.0,,-1.0, -1,1994.0,G01,138Â 301Â 167,1.0,8.0,-1.0,1640727,1.0,7,,0.0,2.0,4.0,E01,138Â 301Â 166,1.0
961317,201900002848,5,5,03:40,3,1,1,1.0,5.0,93007,AUTOROUTE A3,M,"48,9431400","2,4779300",93,2019,110.0,1.0,1.0,1.0,2148527,2.0,2,1,1,0.0,,-1.0, -1,1994.0,G01,138Â 301Â 167,1.0,8.0,-1.0,1640728,2.0,10,,0.0,1.0,1.0,G01,138Â 301Â 167,1.0
961317,201900002848,5,5,03:40,3,1,1,1.0,5.0,93007,AUTOROUTE A3,M,"48,9431400","2,4779300",93,2019,110.0,1.0,1.0,1.0,2148527,2.0,2,1,1,0.0,,-1.0, -1,1994.0,G01,138Â 301Â 167,1.0,8.0,-1.0,1640729,1.0,7,,0.0,2.0,8.0,C01,138Â 301Â 168,1.0
961317,201900002848,5,5,03:40,3,1,1,1.0,5.0,93007,AUTOROUTE A3,M,"48,9431400","2,4779300",93,2019,110.0,1.0,1.0,1.0,2148527,2.0,2,1,1,0.0,,-1.0, -1,1994.0,G01,138Â 301Â 167,1.0,8.0,-1.0,1640730,1.0,7,,0.0,2.0,1.0,D01,138Â 301Â 169,1.0
961317,201900002848,5,5,03:40,3,1,1,1.0,5.0,93007,AUTOROUTE A3,M,"48,9431400","2,4779300",93,2019,110.0,1.0,1.0,1.0,2148527,2.0,2,1,1,0.0,,-1.0, -1,1994.0,G01,138Â 301Â 167,1.0,8.0,-1.0,1640731,2.0,7,,0.0,1.0,1.0,F01,138Â 301Â 170,1.0
961317,201900002848,5,5,03:40,3,1,1,1.0,5.0,93007,AUTOROUTE A3,M,"48,9431400","2,4779300",93,2019,110.0,1.0,1.0,1.0,2148528,3.0,2,1,2,0.0,,-1.0, -1,2006.0,C01,138Â 301Â 168,1.0,8.0,-1.0,1640725,1.0,7,,0.0,2.0,4.0,B01,138Â 301Â 164,1.0
961317,201900002848,5,5,03:40,3,1,1,1.0,5.0,93007,AUTOROUTE A3,M,"48,9431400","2,4779300",93,2019,110.0,1.0,1.0,1.0,2148528,3.0,2,1,2,0.0,,-1.0, -1,2006.0,C01,138Â 301Â 168,1.0,8.0,-1.0,1640726,1.0,7,,3.0,0.0,1.0,A01,138Â 301Â 165,1.0
961317,201900002848,5,5,03:40,3,1,1,1.0,5.0,93007,AUTOROUTE A3,M,"48,9431400","2,4779300",93,2019,110.0,1.0,1.0,1.0,2148528,3.0,2,1,2,0.0,,-1.0, -1,2006.0,C01,138Â 301Â 168,1.0,8.0,-1.0,1640727,1.0,7,,0.0,2.0,4.0,E01,138Â 301Â 166,1.0
961317,201900002848,5,5,03:40,3,1,1,1.0,5.0,93007,AUTOROUTE A3,M,"48,9431400","2,4779300",93,2019,110.0,1.0,1.0,1.0,2148528,3.0,2,1,2,0.0,,-1.0, -1,2006.0,C01,138Â 301Â 168,1.0,8.0,-1.0,1640728,2.0,10,,0.0,1.0,1.0,G01,138Â 301Â 167,1.0
961317,201900002848,5,5,03:40,3,1,1,1.0,5.0,93007,AUTOROUTE A3,M,"48,9431400","2,4779300",93,2019,110.0,1.0,1.0,1.0,2148528,3.0,2,1,2,0.0,,-1.0, -1,2006.0,C01,138Â 301Â 168,1.0,8.0,-1.0,1640729,1.0,7,,0.0,2.0,8.0,C01,138Â 301Â 168,1.0
961317,201900002848,5,5,03:40,3,1,1,1.0,5.0,93007,AUTOROUTE A3,M,"48,9431400","2,4779300",93,2019,110.0,1.0,1.0,1.0,2148528,3.0,2,1,2,0.0,,-1.0, -1,2006.0,C01,138Â 301Â 168,1.0,8.0,-1.0,1640730,1.0,7,,0.0,2.0,1.0,D01,138Â 301Â 169,1.0
961317,201900002848,5,5,03:40,3,1,1,1.0,5.0,93007,AUTOROUTE A3,M,"48,9431400","2,4779300",93,2019,110.0,1.0,1.0,1.0,2148528,3.0,2,1,2,0.0,,-1.0, -1,2006.0,C01,138Â 301Â 168,1.0,8.0,-1.0,1640731,2.0,7,,0.0,1.0,1.0,F01,138Â 301Â 170,1.0
961317,201900002848,5,5,03:40,3,1,1,1.0,5.0,93007,AUTOROUTE A3,M,"48,9431400","2,4779300",93,2019,110.0,1.0,1.0,1.0,2148529,2.0,2,1,1,0.0,,-1.0, -1,2001.0,C01,138Â 301Â 168,1.0,8.0,-1.0,1640725,1.0,7,,0.0,2.0,4.0,B01,138Â 301Â 164,1.0
961317,201900002848,5,5,03:40,3,1,1,1.0,5.0,93007,AUTOROUTE A3,M,"48,9431400","2,4779300",93,2019,110.0,1.0,1.0,1.0,2148529,2.0,2,1,1,0.0,,-1.0, -1,2001.0,C01,138Â 301Â 168,1.0,8.0,-1.0,1640726,1.0,7,,3.0,0.0,1.0,A01,138Â 301Â 165,1.0
961317,201900002848,5,5,03:40,3,1,1,1.0,5.0,93007,AUTOROUTE A3,M,"48,9431400","2,4779300",93,2019,110.0,1.0,1.0,1.0,2148529,2.0,2,1,1,0.0,,-1.0, -1,2001.0,C01,138Â 301Â 168,1.0,8.0,-1.0,1640727,1.0,7,,0.0,2.0,4.0,E01,138Â 301Â 166,1.0
961317,201900002848,5,5,03:40,3,1,1,1.0,5.0,93007,AUTOROUTE A3,M,"48,9431400","2,4779300",93,2019,110.0,1.0,1.0,1.0,2148529,2.0,2,1,1,0.0,,-1.0, -1,2001.0,C01,138Â 301Â 168,1.0,8.0,-1.0,1640728,2.0,10,,0.0,1.0,1.0,G01,138Â 301Â 167,1.0
961317,201900002848,5,5,03:40,3,1,1,1.0,5.0,93007,AUTOROUTE A3,M,"48,9431400","2,4779300",93,2019,110.0,1.0,1.0,1.0,2148529,2.0,2,1,1,0.0,,-1.0, -1,2001.0,C01,138Â 301Â 168,1.0,8.0,-1.0,1640729,1.0,7,,0.0,2.0,8.0,C01,138Â 301Â 168,1.0
961317,201900002848,5,5,03:40,3,1,1,1.0,5.0,93007,AUTOROUTE A3,M,"48,9431400","2,4779300",93,2019,110.0,1.0,1.0,1.0,2148529,2.0,2,1,1,0.0,,-1.0, -1,2001.0,C01,138Â 301Â 168,1.0,8.0,-1.0,1640730,1.0,7,,0.0,2.0,1.0,D01,138Â 301Â 169,1.0
961317,201900002848,5,5,03:40,3,1,1,1.0,5.0,93007,AUTOROUTE A3,M,"48,9431400","2,4779300",93,2019,110.0,1.0,1.0,1.0,2148529,2.0,2,1,1,0.0,,-1.0, -1,2001.0,C01,138Â 301Â 168,1.0,8.0,-1.0,1640731,2.0,7,,0.0,1.0,1.0,F01,138Â 301Â 170,1.0
961317,201900002848,5,5,03:40,3,1,1,1.0,5.0,93007,AUTOROUTE A3,M,"48,9431400","2,4779300",93,2019,110.0,1.0,1.0,1.0,2148530,1.0,1,1,2,0.0,,-1.0,0,1971.0,C01,138Â 301Â 168,1.0,8.0,-1.0,1640725,1.0,7,,0.0,2.0,4.0,B01,138Â 301Â 164,1.0
961317,201900002848,5,5,03:40,3,1,1,1.0,5.0,93007,AUTOROUTE A3,M,"48,9431400","2,4779300",93,2019,110.0,1.0,1.0,1.0,2148530,1.0,1,1,2,0.0,,-1.0,0,1971.0,C01,138Â 301Â 168,1.0,8.0,-1.0,1640726,1.0,7,,3.0,0.0,1.0,A01,138Â 301Â 165,1.0
961317,201900002848,5,5,03:40,3,1,1,1.0,5.0,93007,AUTOROUTE A3,M,"48,9431400","2,4779300",93,2019,110.0,1.0,1.0,1.0,2148530,1.0,1,1,2,0.0,,-1.0,0,1971.0,C01,138Â 301Â 168,1.0,8.0,-1.0,1640727,1.0,7,,0.0,2.0,4.0,E01,138Â 301Â 166,1.0