Unnamed: 0_x,num_acc,mois,jour,hrmn,lum,agg,int,atm,col,com,adr,gps,lat,long,dep,annee,vma,situ,surf,catr,Unnamed: 0_y,place,catu,grav,sexe,trajet,secu,locp,actp,an_nais,num_veh_x,id_vehicule_x,secu1,secu2,secu3,Unnamed: 0,senc,catv,occutc,obs,obsm,choc,num_veh_y,id_vehicule_y,motor
961317,201900002848,5,5,03:40,3,1,1,1.0,5.0,93007,AUTOROUTE A3,M,"48,9431400","2,4779300",93,2019,110.0,1.0,1.0,1.0,2148530,1.0,1,1,2,0.0,,-1.0,0,1971.0,C01,138Â 301Â 168,1.0,8.0,-1.0,1640728,2.0,10,,0.0,1.0,1.0,G01,138Â 301Â 167,1.0
961317,201900002848,5,5,03:40,3,1,1,1.0,5.0,93007,AUTOROUTE A3,M,"48,9431400","2,4779300",93,2019,110.0,1.0,1.0,1.0,2148530,1.0,1,1,2,0.0,,-1.0,0,1971.0,C01,138Â 301Â 168,1.0,8.0,-1.0,1640729,1.0,7,,0.0,2.0,8.0,C01,138Â 301Â 168,1.0
961317,201900002848,5,5,03:40,3,1,1,1.0,5.0,93007,AUTOROUTE A3,M,"48,9431400","2,4779300",93,2019,110.0,1.0,1.0,1.0,2148530,1.0,1,1,2,0.0,,-1.0,0,1971.0,C01,138Â 301Â 168,1.0,8.0,-1.0,1640730,1.0,7,,0.0,2.0,1.0,D01,138Â 301Â 169,1.0
961317,201900002848,5,5,03:40,3,1,1,1.0,5.0,93007,AUTOROUTE A3,M,"48,9431400","2,4779300",93,2019,110.0,1.0,1.0,1.0,2148530,1.0,1,1,2,0.0,,-1.0,0,1971.0,C01,138Â 301Â 168,1.0,8.0,-1.0,1640731,2.0,7,,0.0,1.0,1.0,F01,138Â 301Â 170,1.0
961317,201900002848,5,5,03:40,3,1,1,1.0,5.0,93007,AUTOROUTE A3,M,"48,9431400","2,4779300",93,2019,110.0,1.0,1.0,1.0,2148531,2.0,2,3,2,0.0,,-1.0, -1,1990.0,D01,138Â 301Â 169,1.0,0.0,-1.0,1640725,1.0,7,,0.0,2.0,4.0,B01,138Â 301Â 164,1.0
961317,201900002848,5,5,03:40,3,1,1,1.0,5.0,93007,AUTOROUTE A3,M,"48,9431400","2,4779300",93,2019,110.0,1.0,1.0,1.0,2148531,2.0,2,3,2,0.0,,-1.0, -1,1990.0,D01,138Â 301Â 169,1.0,0.0,-1.0,1640726,1.0,7,,3.0,0.0,1.0,A01,138Â 301Â 165,1.0
961317,201900002848,5,5,03:40,3,1,1,1.0,5.0,93007,AUTOROUTE A3,M,"48,9431400","2,4779300",93,2019,110.0,1.0,1.0,1.0,2148531,2.0,2,3,2,0.0,,-1.0, -1,1990.0,D01,138Â 301Â 169,1.0,0.0,-1.0,1640727,1.0,7,,0.0,2.0,4.0,E01,138Â 301Â 166,1.0
961317,201900002848,5,5,03:40,3,1,1,1.0,5.0,93007,AUTOROUTE A3,M,"48,9431400","2,4779300",93,2019,110.0,1.0,1.0,1.0,2148531,2.0,2,3,2,0.0,,-1.0, -1,1990.0,D01,138Â 301Â 169,1.0,0.0,-1.0,1640728,2.0,10,,0.0,1.0,1.0,G01,138Â 301Â 167,1.0
961317,201900002848,5,5,03:40,3,1,1,1.0,5.0,93007,AUTOROUTE A3,M,"48,9431400","2,4779300",93,2019,110.0,1.0,1.0,1.0,2148531,2.0,2,3,2,0.0,,-1.0, -1,1990.0,D01,138Â 301Â 169,1.0,0.0,-1.0,1640729,1.0,7,,0.0,2.0,8.0,C01,138Â 301Â 168,1.0
961317,201900002848,5,5,03:40,3,1,1,1.0,5.0,93007,AUTOROUTE A3,M,"48,9431400","2,4779300",93,2019,110.0,1.0,1.0,1.0,2148531,2.0,2,3,2,0.0,,-1.0, -1,1990.0,D01,138Â 301Â 169,1.0,0.0,-1.0,1640730,1.0,7,,0.0,2.0,1.0,D01,138Â 301Â 169,1.0
961317,201900002848,5,5,03:40,3,1,1,1.0,5.0,93007,AUTOROUTE A3,M,"48,9431400","2,4779300",93,2019,110.0,1.0,1.0,1.0,2148531,2.0,2,3,2,0.0,,-1.0, -1,1990.0,D01,138Â 301Â 169,1.0,0.0,-1.0,1640731,2.0,7,,0.0,1.0,1.0,F01,138Â 301Â 170,1.0
961317,201900002848,5,5,03:40,3,1,1,1.0,5.0,93007,AUTOROUTE A3,M,"48,9431400","2,4779300",93,2019,110.0,1.0,1.0,1.0,2148532,1.0,1,4,1,0.0,,-1.0,0,1985.0,D01,138Â 301Â 169,1.0,8.0,-1.0,1640725,1.0,7,,0.0,2.0,4.0,B01,138Â 301Â 164,1.0
961317,201900002848,5,5,03:40,3,1,1,1.0,5.0,93007,AUTOROUTE A3,M,"48,9431400","2,4779300",93,2019,110.0,1.0,1.0,1.0,2148532,1.0,1,4,1,0.0,,-1.0,0,1985.0,D01,138Â 301Â 169,1.0,8.0,-1.0,1640726,1.0,7,,3.0,0.0,1.0,A01,138Â 301Â 165,1.0
961317,201900002848,5,5,03:40,3,1,1,1.0,5.0,93007,AUTOROUTE A3,M,"48,9431400","2,4779300",93,2019,110.0,1.0,1.0,1.0,2148532,1.0,1,4,1,0.0,,-1.0,0,1985.0,D01,138Â 301Â 169,1.0,8.0,-1.0,1640727,1.0,7,,0.0,2.0,4.0,E01,138Â 301Â 166,1.0
961317,201900002848,5,5,03:40,3,1,1,1.0,5.0,93007,AUTOROUTE A3,M,"48,9431400","2,4779300",93,2019,110.0,1.0,1.0,1.0,2148532,1.0,1,4,1,0.0,,-1.0,0,1985.0,D01,138Â 301Â 169,1.0,8.0,-1.0,1640728,2.0,10,,0.0,1.0,1.0,G01,138Â 301Â 167,1.0
961317,201900002848,5,5,03:40,3,1,1,1.0,5.0,93007,AUTOROUTE A3,M,"48,9431400","2,4779300",93,2019,110.0,1.0,1.0,1.0,2148532,1.0,1,4,1,0.0,,-1.0,0,1985.0,D01,138Â 301Â 169,1.0,8.0,-1.0,1640729,1.0,7,,0.0,2.0,8.0,C01,138Â 301Â 168,1.0
961317,201900002848,5,5,03:40,3,1,1,1.0,5.0,93007,AUTOROUTE A3,M,"48,9431400","2,4779300",93,2019,110.0,1.0,1.0,1.0,2148532,1.0,1,4,1,0.0,,-1.0,0,1985.0,D01,138Â 301Â 169,1.0,8.0,-1.0,1640730,1.0,7,,0.0,2.0,1.0,D01,138Â 301Â 169,1.0
961317,201900002848,5,5,03:40,3,1,1,1.0,5.0,93007,AUTOROUTE A3,M,"48,9431400","2,4779300",93,2019,110.0,1.0,1.0,1.0,2148532,1.0,1,4,1,0.0,,-1.0,0,1985.0,D01,138Â 301Â 169,1.0,8.0,-1.0,1640731,2.0,7,,0.0,1.0,1.0,F01,138Â 301Â 170,1.0
961317,201900002848,5,5,03:40,3,1,1,1.0,5.0,93007,AUTOROUTE A3,M,"48,9431400","2,4779300",93,2019,110.0,1.0,1.0,1.0,2148533,5.0,2,4,2,0.0,,-1.0, -1,2007.0,D01,138Â 301Â 169,1.0,8.0,-1.0,1640725,1.0,7,,0.0,2.0,4.0,B01,138Â 301Â 164,1.0
961317,201900002848,5,5,03:40,3,1,1,1.0,5.0,93007,AUTOROUTE A3,M,"48,9431400","2,4779300",93,2019,110.0,1.0,1.0,1.0,2148533,5.0,2,4,2,0.0,,-1.0, -1,2007.0,D01,138Â 301Â 169,1.0,8.0,-1.0,1640726,1.0,7,,3.0,0.0,1.0,A01,138Â 301Â 165,1.0
961317,201900002848,5,5,03:40,3,1,1,1.0,5.0,93007,AUTOROUTE A3,M,"48,9431400","2,4779300",93,2019,110.0,1.0,1.0,1.0,2148533,5.0,2,4,2,0.0,,-1.0, -1,2007.0,D01,138Â 301Â 169,1.0,8.0,-1.0,1640727,1.0,7,,0.0,2.0,4.0,E01,138Â 301Â 166,1.0
961317,201900002848,5,5,03:40,3,1,1,1.0,5.0,93007,AUTOROUTE A3,M,"48,9431400","2,4779300",93,2019,110.0,1.0,1.0,1.0,2148533,5.0,2,4,2,0.0,,-1.0, -1,2007.0,D01,138Â 301Â 169,1.0,8.0,-1.0,1640728,2.0,10,,0.0,1.0,1.0,G01,138Â 301Â 167,1.0
961317,201900002848,5,5,03:40,3,1,1,1.0,5.0,93007,AUTOROUTE A3,M,"48,9431400","2,4779300",93,2019,110.0,1.0,1.0,1.0,2148533,5.0,2,4,2,0.0,,-1.0, -1,2007.0,D01,138Â 301Â 169,1.0,8.0,-1.0,1640729,1.0,7,,0.0,2.0,8.0,C01,138Â 301Â 168,1.0
961317,201900002848,5,5,03:40,3,1,1,1.0,5.0,93007,AUTOROUTE A3,M,"48,9431400","2,4779300",93,2019,110.0,1.0,1.0,1.0,2148533,5.0,2,4,2,0.0,,-1.0, -1,2007.0,D01,138Â 301Â 169,1.0,8.0,-1.0,1640730,1.0,7,,0.0,2.0,1.0,D01,138Â 301Â 169,1.0
961317,201900002848,5,5,03:40,3,1,1,1.0,5.0,93007,AUTOROUTE A3,M,"48,9431400","2,4779300",93,2019,110.0,1.0,1.0,1.0,2148533,5.0,2,4,2,0.0,,-1.0, -1,2007.0,D01,138Â 301Â 169,1.0,8.0,-1.0,1640731,2.0,7,,0.0,1.0,1.0,F01,138Â 301Â 170,1.0
961317,201900002848,5,5,03:40,3,1,1,1.0,5.0,93007,AUTOROUTE A3,M,"48,9431400","2,4779300",93,2019,110.0,1.0,1.0,1.0,2148534,3.0,2,4,2,0.0,,-1.0, -1,1990.0,D01,138Â 301Â 169,1.0,8.0,-1.0,1640725,1.0,7,,0.0,2.0,4.0,B01,138Â 301Â 164,1.0
961317,201900002848,5,5,03:40,3,1,1,1.0,5.0,93007,AUTOROUTE A3,M,"48,9431400","2,4779300",93,2019,110.0,1.0,1.0,1.0,2148534,3.0,2,4,2,0.0,,-1.0, -1,1990.0,D01,138Â 301Â 169,1.0,8.0,-1.0,1640726,1.0,7,,3.0,0.0,1.0,A01,138Â 301Â 165,1.0
961317,201900002848,5,5,03:40,3,1,1,1.0,5.0,93007,AUTOROUTE A3,M,"48,9431400","2,4779300",93,2019,110.0,1.0,1.0,1.0,2148534,3.0,2,4,2,0.0,,-1.0, -1,1990.0,D01,138Â 301Â 169,1.0,8.0,-1.0,1640727,1.0,7,,0.0,2.0,4.0,E01,138Â 301Â 166,1.0
961317,201900002848,5,5,03:40,3,1,1,1.0,5.0,93007,AUTOROUTE A3,M,"48,9431400","2,4779300",93,2019,110.0,1.0,1.0,1.0,2148534,3.0,2,4,2,0.0,,-1.0, -1,1990.0,D01,138Â 301Â 169,1.0,8.0,-1.0,1640728,2.0,10,,0.0,1.0,1.0,G01,138Â 301Â 167,1.0
961317,201900002848,5,5,03:40,3,1,1,1.0,5.0,93007,AUTOROUTE A3,M,"48,9431400","2,4779300",93,2019,110.0,1.0,1.0,1.0,2148534,3.0,2,4,2,0.0,,-1.0, -1,1990.0,D01,138Â 301Â 169,1.0,8.0,-1.0,1640729,1.0,7,,0.0,2.0,8.0,C01,138Â 301Â 168,1.0
961317,201900002848,5,5,03:40,3,1,1,1.0,5.0,93007,AUTOROUTE A3,M,"48,9431400","2,4779300",93,2019,110.0,1.0,1.0,1.0,2148534,3.0,2,4,2,0.0,,-1.0, -1,1990.0,D01,138Â 301Â 169,1.0,8.0,-1.0,1640730,1.0,7,,0.0,2.0,1.0,D01,138Â 301Â 169,1.0
961317,201900002848,5,5,03:40,3,1,1,1.0,5.0,93007,AUTOROUTE A3,M,"48,9431400","2,4779300",93,2019,110.0,1.0,1.0,1.0,2148534,3.0,2,4,2,0.0,,-1.0, -1,1990.0,D01,138Â 301Â 169,1.0,8.0,-1.0,1640731,2.0,7,,0.0,1.0,1.0,F01,138Â 301Â 170,1.0
961317,201900002848,5,5,03:40,3,1,1,1.0,5.0,93007,AUTOROUTE A3,M,"48,9431400","2,4779300",93,2019,110.0,1.0,1.0,1.0,2148535,4.0,2,4,1,0.0,,-1.0, -1,2010.0,D01,138Â 301Â 169,1.0,8.0,-1.0,1640725,1.0,7,,0.0,2.0,4.0,B01,138Â 301Â 164,1.0
961317,201900002848,5,5,03:40,3,1,1,1.0,5.0,93007,AUTOROUTE A3,M,"48,9431400","2,4779300",93,2019,110.0,1.0,1.0,1.0,2148535,4.0,2,4,1,0.0,,-1.0, -1,2010.0,D01,138Â 301Â 169,1.0,8.0,-1.0,1640726,1.0,7,,3.0,0.0,1.0,A01,138Â 301Â 165,1.0
961317,201900002848,5,5,03:40,3,1,1,1.0,5.0,93007,AUTOROUTE A3,M,"48,9431400","2,4779300",93,2019,110.0,1.0,1.0,1.0,2148535,4.0,2,4,1,0.0,,-1.0, -1,2010.0,D01,138Â 301Â 169,1.0,8.0,-1.0,1640727,1.0,7,,0.0,2.0,4.0,E01,138Â 301Â 166,1.0
961317,201900002848,5,5,03:40,3,1,1,1.0,5.0,93007,AUTOROUTE A3,M,"48,9431400","2,4779300",93,2019,110.0,1.0,1.0,1.0,2148535,4.0,2,4,1,0.0,,-1.0, -1,2010.0,D01,138Â 301Â 169,1.0,8.0,-1.0,1640728,2.0,10,,0.0,1.0,1.0,G01,138Â 301Â 167,1.0
961317,201900002848,5,5,03:40,3,1,1,1.0,5.0,93007,AUTOROUTE A3,M,"48,9431400","2,4779300",93,2019,110.0,1.0,1.0,1.0,2148535,4.0,2,4,1,0.0,,-1.0, -1,2010.0,D01,138Â 301Â 169,1.0,8.0,-1.0,1640729,1.0,7,,0.0,2.0,8.0,C01,138Â 301Â 168,1.0
961317,201900002848,5,5,03:40,3,1,1,1.0,5.0,93007,AUTOROUTE A3,M,"48,9431400","2,4779300",93,2019,110.0,1.0,1.0,1.0,2148535,4.0,2,4,1,0.0,,-1.0, -1,2010.0,D01,138Â 301Â 169,1.0,8.0,-1.0,1640730,1.0,7,,0.0,2.0,1.0,D01,138Â 301Â 169,1.0
961317,201900002848,5,5,03:40,3,1,1,1.0,5.0,93007,AUTOROUTE A3,M,"48,9431400","2,4779300",93,2019,110.0,1.0,1.0,1.0,2148535,4.0,2,4,1,0.0,,-1.0, -1,2010.0,D01,138Â 301Â 169,1.0,8.0,-1.0,1640731,2.0,7,,0.0,1.0,1.0,F01,138Â 301Â 170,1.0
961317,201900002848,5,5,03:40,3,1,1,1.0,5.0,93007,AUTOROUTE A3,M,"48,9431400","2,4779300",93,2019,110.0,1.0,1.0,1.0,2148536,10.0,3,2,1,0.0,,6.0,A,1998.0,F01,138Â 301Â 170,8.0,0.0,-1.0,1640725,1.0,7,,0.0,2.0,4.0,B01,138Â 301Â 164,1.0
961317,201900002848,5,5,03:40,3,1,1,1.0,5.0,93007,AUTOROUTE A3,M,"48,9431400","2,4779300",93,2019,110.0,1.0,1.0,1.0,2148536,10.0,3,2,1,0.0,,6.0,A,1998.0,F01,138Â 301Â 170,8.0,0.0,-1.0,1640726,1.0,7,,3.0,0.0,1.0,A01,138Â 301Â 165,1.0
961317,201900002848,5,5,03:40,3,1,1,1.0,5.0,93007,AUTOROUTE A3,M,"48,9431400","2,4779300",93,2019,110.0,1.0,1.0,1.0,2148536,10.0,3,2,1,0.0,,6.0,A,1998.0,F01,138Â 301Â 170,8.0,0.0,-1.0,1640727,1.0,7,,0.0,2.0,4.0,E01,138Â 301Â 166,1.0
961317,201900002848,5,5,03:40,3,1,1,1.0,5.0,93007,AUTOROUTE A3,M,"48,9431400","2,4779300",93,2019,110.0,1.0,1.0,1.0,2148536,10.0,3,2,1,0.0,,6.0,A,1998.0,F01,138Â 301Â 170,8.0,0.0,-1.0,1640728,2.0,10,,0.0,1.0,1.0,G01,138Â 301Â 167,1.0
961317,201900002848,5,5,03:40,3,1,1,1.0,5.0,93007,AUTOROUTE A3,M,"48,9431400","2,4779300",93,2019,110.0,1.0,1.0,1.0,2148536,10.0,3,2,1,0.0,,6.0,A,1998.0,F01,138Â 301Â 170,8.0,0.0,-1.0,1640729,1.0,7,,0.0,2.0,8.0,C01,138Â 301Â 168,1.0
961317,201900002848,5,5,03:40,3,1,1,1.0,5.0,93007,AUTOROUTE A3,M,"48,9431400","2,4779300",93,2019,110.0,1.0,1.0,1.0,2148536,10.0,3,2,1,0.0,,6.0,A,1998.0,F01,138Â 301Â 170,8.0,0.0,-1.0,1640730,1.0,7,,0.0,2.0,1.0,D01,138Â 301Â 169,1.0
961317,201900002848,5,5,03:40,3,1,1,1.0,5.0,93007,AUTOROUTE A3,M,"48,9431400","2,4779300",93,2019,110.0,1.0,1.0,1.0,2148536,10.0,3,2,1,0.0,,6.0,A,1998.0,F01,138Â 301Â 170,8.0,0.0,-1.0,1640731,2.0,7,,0.0,1.0,1.0,F01,138Â 301Â 170,1.0
961317,201900002848,5,5,03:40,3,1,1,1.0,5.0,93007,AUTOROUTE A3,M,"48,9431400","2,4779300",93,2019,110.0,1.0,1.0,1.0,2148537,1.0,1,1,1,0.0,,-1.0, -1,1970.0,F01,138Â 301Â 170,1.0,8.0,-1.0,1640725,1.0,7,,0.0,2.0,4.0,B01,138Â 301Â 164,1.0
961317,201900002848,5,5,03:40,3,1,1,1.0,5.0,93007,AUTOROUTE A3,M,"48,9431400","2,4779300",93,2019,110.0,1.0,1.0,1.0,2148537,1.0,1,1,1,0.0,,-1.0, -1,1970.0,F01,138Â 301Â 170,1.0,8.0,-1.0,1640726,1.0,7,,3.0,0.0,1.0,A01,138Â 301Â 165,1.0
961317,201900002848,5,5,03:40,3,1,1,1.0,5.0,93007,AUTOROUTE A3,M,"48,9431400","2,4779300",93,2019,110.0,1.0,1.0,1.0,2148537,1.0,1,1,1,0.0,,-1.0, -1,1970.0,F01,138Â 301Â 170,1.0,8.0,-1.0,1640727,1.0,7,,0.0,2.0,4.0,E01,138Â 301Â 166,1.0
961317,201900002848,5,5,03:40,3,1,1,1.0,5.0,93007,AUTOROUTE A3,M,"48,9431400","2,4779300",93,2019,110.0,1.0,1.0,1.0,2148537,1.0,1,1,1,0.0,,-1.0, -1,1970.0,F01,138Â 301Â 170,1.0,8.0,-1.0,1640728,2.0,10,,0.0,1.0,1.0,G01,138Â 301Â 167,1.0
961317,201900002848,5,5,03:40,3,1,1,1.0,5.0,93007,AUTOROUTE A3,M,"48,9431400","2,4779300",93,2019,110.0,1.0,1.0,1.0,2148537,1.0,1,1,1,0.0,,-1.0, -1,1970.0,F01,138Â 301Â 170,1.0,8.0,-1.0,1640729,1.0,7,,0.0,2.0,8.0,C01,138Â 301Â 168,1.0
961317,201900002848,5,5,03:40,3,1,1,1.0,5.0,93007,AUTOROUTE A3,M,"48,9431400","2,4779300",93,2019,110.0,1.0,1.0,1.0,2148537,1.0,1,1,1,0.0,,-1.0, -1,1970.0,F01,138Â 301Â 170,1.0,8.0,-1.0,1640730,1.0,7,,0.0,2.0,1.0,D01,138Â 301Â 169,1.0
961317,201900002848,5,5,03:40,3,1,1,1.0,5.0,93007,AUTOROUTE A3,M,"48,9431400","2,4779300",93,2019,110.0,1.0,1.0,1.0,2148537,1.0,1,1,1,0.0,,-1.0, -1,1970.0,F01,138Â 301Â 170,1.0,8.0,-1.0,1640731,2.0,7,,0.0,1.0,1.0,F01,138Â 301Â 170,1.0
961318,201900002849,5,5,06:15,2,1,1,1.0,6.0,95527,AUTOROUTE A3,M,"48,9824000","2,5023400",95,2019,90.0,1.0,1.0,1.0,2148538,2.0,2,4,1,5.0,,-1.0,0,1987.0,A01,138Â 301Â 163,1.0,8.0,-1.0,1640732,1.0,7,,4.0,0.0,2.0,A01,138Â 301Â 163,1.0
961319,201900002850,5,4,12:45,1,1,1,2.0,3.0,92036,AUTOROUTE A86,M,"48,9369731","2,3180434",92,2019,90.0,1.0,2.0,1.0,2148539,1.0,1,1,1,5.0,,-1.0,0,1996.0,A01,138Â 301Â 161,1.0,0.0,-1.0,1640733,2.0,7,,0.0,2.0,1.0,A01,138Â 301Â 161,1.0
961319,201900002850,5,4,12:45,1,1,1,2.0,3.0,92036,AUTOROUTE A86,M,"48,9369731","2,3180434",92,2019,90.0,1.0,2.0,1.0,2148539,1.0,1,1,1,5.0,,-1.0,0,1996.0,A01,138Â 301Â 161,1.0,0.0,-1.0,1640734,2.0,7,,3.0,2.0,8.0,B01,138Â 301Â 162,1.0
961319,201900002850,5,4,12:45,1,1,1,2.0,3.0,92036,AUTOROUTE A86,M,"48,9369731","2,3180434",92,2019,90.0,1.0,2.0,1.0,2148540,1.0,1,4,2,5.0,,-1.0,0,1989.0,B01,138Â 301Â 162,1.0,0.0,-1.0,1640733,2.0,7,,0.0,2.0,1.0,A01,138Â 301Â 161,1.0
961319,201900002850,5,4,12:45,1,1,1,2.0,3.0,92036,AUTOROUTE A86,M,"48,9369731","2,3180434",92,2019,90.0,1.0,2.0,1.0,2148540,1.0,1,4,2,5.0,,-1.0,0,1989.0,B01,138Â 301Â 162,1.0,0.0,-1.0,1640734,2.0,7,,3.0,2.0,8.0,B01,138Â 301Â 162,1.0
961320,201900002851,5,4,21:55,4,1,1,1.0,3.0,93010,AUTOROUTE A3,M,"48,8911300","2,4733800",93,2019,70.0,1.0,1.0,1.0,2148541,1.0,1,1,1,0.0,,-1.0, -1,1994.0,A01,138Â 301Â 159,1.0,8.0,-1.0,1640735,1.0,7,,0.0,2.0,5.0,A01,138Â 301Â 159,1.0
961320,201900002851,5,4,21:55,4,1,1,1.0,3.0,93010,AUTOROUTE A3,M,"48,8911300","2,4733800",93,2019,70.0,1.0,1.0,1.0,2148541,1.0,1,1,1,0.0,,-1.0, -1,1994.0,A01,138Â 301Â 159,1.0,8.0,-1.0,1640736,1.0,7,,1.0,0.0,3.0,B01,138Â 301Â 160,1.0
961320,201900002851,5,4,21:55,4,1,1,1.0,3.0,93010,AUTOROUTE A3,M,"48,8911300","2,4733800",93,2019,70.0,1.0,1.0,1.0,2148542,2.0,2,4,2,0.0,,-1.0, -1,1993.0,A01,138Â 301Â 159,1.0,8.0,-1.0,1640735,1.0,7,,0.0,2.0,5.0,A01,138Â 301Â 159,1.0
961320,201900002851,5,4,21:55,4,1,1,1.0,3.0,93010,AUTOROUTE A3,M,"48,8911300","2,4733800",93,2019,70.0,1.0,1.0,1.0,2148542,2.0,2,4,2,0.0,,-1.0, -1,1993.0,A01,138Â 301Â 159,1.0,8.0,-1.0,1640736,1.0,7,,1.0,0.0,3.0,B01,138Â 301Â 160,1.0
961320,201900002851,5,4,21:55,4,1,1,1.0,3.0,93010,AUTOROUTE A3,M,"48,8911300","2,4733800",93,2019,70.0,1.0,1.0,1.0,2148543,1.0,1,4,1,0.0,,-1.0, -1,1987.0,B01,138Â 301Â 160,1.0,8.0,-1.0,1640735,1.0,7,,0.0,2.0,5.0,A01,138Â 301Â 159,1.0
961320,201900002851,5,4,21:55,4,1,1,1.0,3.0,93010,AUTOROUTE A3,M,"48,8911300","2,4733800",93,2019,70.0,1.0,1.0,1.0,2148543,1.0,1,4,1,0.0,,-1.0, -1,1987.0,B01,138Â 301Â 160,1.0,8.0,-1.0,1640736,1.0,7,,1.0,0.0,3.0,B01,138Â 301Â 160,1.0
961321,201900002852,5,4,16:25,1,1,1,3.0,6.0,95572,AUTOROUTE A15,M,"49,0319900","2,1071700",95,2019,70.0,1.0,2.0,1.0,2148544,1.0,1,4,2,5.0,,-1.0,0,1971.0,A01,138Â 301Â 158,1.0,0.0,-1.0,1640737,2.0,7,,4.0,0.0,1.0,A01,138Â 301Â 158,1.0
961322,201900002853,5,3,22:04,3,1,1,1.0,6.0,95488,AUTOROUTE A15,M,"49,0118600","2,1517100",95,2019,110.0,1.0,1.0,1.0,2148545,1.0,1,4,2,0.0,,-1.0,0,1991.0,B01,138Â 301Â 155,1.0,0.0,-1.0,1640738,1.0,7,,14.0,0.0,0.0,B01,138Â 301Â 155,1.0
961322,201900002853,5,3,22:04,3,1,1,1.0,6.0,95488,AUTOROUTE A15,M,"49,0118600","2,1517100",95,2019,110.0,1.0,1.0,1.0,2148545,1.0,1,4,2,0.0,,-1.0,0,1991.0,B01,138Â 301Â 155,1.0,0.0,-1.0,1640739,1.0,10,,0.0,0.0,0.0,A01,138Â 301Â 156,1.0
961322,201900002853,5,3,22:04,3,1,1,1.0,6.0,95488,AUTOROUTE A15,M,"49,0118600","2,1517100",95,2019,110.0,1.0,1.0,1.0,2148546,1.0,1,1,1,0.0,,-1.0,0,1996.0,A01,138Â 301Â 156,1.0,4.0,-1.0,1640738,1.0,7,,14.0,0.0,0.0,B01,138Â 301Â 155,1.0
961322,201900002853,5,3,22:04,3,1,1,1.0,6.0,95488,AUTOROUTE A15,M,"49,0118600","2,1517100",95,2019,110.0,1.0,1.0,1.0,2148546,1.0,1,1,1,0.0,,-1.0,0,1996.0,A01,138Â 301Â 156,1.0,4.0,-1.0,1640739,1.0,10,,0.0,0.0,0.0,A01,138Â 301Â 156,1.0
961323,201900002854,5,2,17:20,1,1,1,2.0,5.0,92036,AUTOROUTE A15,M,"48,9419236","2,2908630",92,2019,110.0,1.0,2.0,1.0,2148547,1.0,1,4,1,0.0,,-1.0,0,1998.0,A01,138Â 301Â 152,2.0,6.0,-1.0,1640740,1.0,33,,0.0,2.0,3.0,A01,138Â 301Â 152,1.0
961323,201900002854,5,2,17:20,1,1,1,2.0,5.0,92036,AUTOROUTE A15,M,"48,9419236","2,2908630",92,2019,110.0,1.0,2.0,1.0,2148547,1.0,1,4,1,0.0,,-1.0,0,1998.0,A01,138Â 301Â 152,2.0,6.0,-1.0,1640741,1.0,7,,0.0,2.0,3.0,C01,138Â 301Â 153,1.0
961323,201900002854,5,2,17:20,1,1,1,2.0,5.0,92036,AUTOROUTE A15,M,"48,9419236","2,2908630",92,2019,110.0,1.0,2.0,1.0,2148547,1.0,1,4,1,0.0,,-1.0,0,1998.0,A01,138Â 301Â 152,2.0,6.0,-1.0,1640742,1.0,7,,0.0,2.0,7.0,B01,138Â 301Â 154,1.0
961323,201900002854,5,2,17:20,1,1,1,2.0,5.0,92036,AUTOROUTE A15,M,"48,9419236","2,2908630",92,2019,110.0,1.0,2.0,1.0,2148548,1.0,1,1,2,0.0,,-1.0,0,1971.0,C01,138Â 301Â 153,1.0,0.0,-1.0,1640740,1.0,33,,0.0,2.0,3.0,A01,138Â 301Â 152,1.0
961323,201900002854,5,2,17:20,1,1,1,2.0,5.0,92036,AUTOROUTE A15,M,"48,9419236","2,2908630",92,2019,110.0,1.0,2.0,1.0,2148548,1.0,1,1,2,0.0,,-1.0,0,1971.0,C01,138Â 301Â 153,1.0,0.0,-1.0,1640741,1.0,7,,0.0,2.0,3.0,C01,138Â 301Â 153,1.0
961323,201900002854,5,2,17:20,1,1,1,2.0,5.0,92036,AUTOROUTE A15,M,"48,9419236","2,2908630",92,2019,110.0,1.0,2.0,1.0,2148548,1.0,1,1,2,0.0,,-1.0,0,1971.0,C01,138Â 301Â 153,1.0,0.0,-1.0,1640742,1.0,7,,0.0,2.0,7.0,B01,138Â 301Â 154,1.0
961323,201900002854,5,2,17:20,1,1,1,2.0,5.0,92036,AUTOROUTE A15,M,"48,9419236","2,2908630",92,2019,110.0,1.0,2.0,1.0,2148549,1.0,1,1,2,0.0,,-1.0,0,1977.0,B01,138Â 301Â 154,1.0,0.0,-1.0,1640740,1.0,33,,0.0,2.0,3.0,A01,138Â 301Â 152,1.0
961323,201900002854,5,2,17:20,1,1,1,2.0,5.0,92036,AUTOROUTE A15,M,"48,9419236","2,2908630",92,2019,110.0,1.0,2.0,1.0,2148549,1.0,1,1,2,0.0,,-1.0,0,1977.0,B01,138Â 301Â 154,1.0,0.0,-1.0,1640741,1.0,7,,0.0,2.0,3.0,C01,138Â 301Â 153,1.0
961323,201900002854,5,2,17:20,1,1,1,2.0,5.0,92036,AUTOROUTE A15,M,"48,9419236","2,2908630",92,2019,110.0,1.0,2.0,1.0,2148549,1.0,1,1,2,0.0,,-1.0,0,1977.0,B01,138Â 301Â 154,1.0,0.0,-1.0,1640742,1.0,7,,0.0,2.0,7.0,B01,138Â 301Â 154,1.0