Unnamed: 0_x,num_acc,mois,jour,hrmn,lum,agg,int,atm,col,com,adr,gps,lat,long,dep,annee,vma,situ,surf,catr,Unnamed: 0_y,place,catu,grav,sexe,trajet,secu,locp,actp,an_nais,num_veh_x,id_vehicule_x,secu1,secu2,secu3,Unnamed: 0,senc,catv,occutc,obs,obsm,choc,num_veh_y,id_vehicule_y,motor
961324,201900002855,5,2,18:10,1,1,1,1.0,7.0,92036,AUTOROUTE A15,M,"48,9383981","2,2942127",92,2019,50.0,1.0,2.0,1.0,2148550,1.0,1,4,1,0.0,,-1.0,0,1995.0,A01,138Â 301Â 151,1.0,0.0,-1.0,1640743,2.0,7,,0.0,0.0,9.0,A01,138Â 301Â 151,1.0
961325,201900002856,5,2,13:00,1,1,1,1.0,6.0,60631,AUTOROUTE A1,M,"49,1561000","2,5904400",60,2019,130.0,1.0,1.0,1.0,2148551,1.0,1,4,1,0.0,,-1.0,0,1993.0,A01,138Â 301Â 150,1.0,0.0,-1.0,1640744,2.0,7,,4.0,0.0,1.0,A01,138Â 301Â 150,1.0
961326,201900002857,5,2,13:00,1,1,1,1.0,6.0,95641,AUTOROUTE A1,M,"49,0740500","2,5519500",95,2019,130.0,1.0,1.0,1.0,2148552,1.0,1,4,1,9.0,,-1.0,0,1950.0,A01,138Â 301Â 149,1.0,0.0,-1.0,1640745,2.0,14,,3.0,0.0,1.0,A01,138Â 301Â 149,1.0
961327,201900002858,5,2,07:15,1,1,1,1.0,4.0,93013,AUTOROUTE A1,M,"48,9403000","2,4229000",93,2019,110.0,1.0,1.0,1.0,2148553,1.0,1,1,1,0.0,,-1.0, -1,1988.0,A01,138Â 301Â 146,1.0,0.0,-1.0,1640746,2.0,7,,0.0,2.0,1.0,A01,138Â 301Â 146,1.0
961327,201900002858,5,2,07:15,1,1,1,1.0,4.0,93013,AUTOROUTE A1,M,"48,9403000","2,4229000",93,2019,110.0,1.0,1.0,1.0,2148553,1.0,1,1,1,0.0,,-1.0, -1,1988.0,A01,138Â 301Â 146,1.0,0.0,-1.0,1640747,2.0,7,,0.0,2.0,4.0,C01,138Â 301Â 147,1.0
961327,201900002858,5,2,07:15,1,1,1,1.0,4.0,93013,AUTOROUTE A1,M,"48,9403000","2,4229000",93,2019,110.0,1.0,1.0,1.0,2148553,1.0,1,1,1,0.0,,-1.0, -1,1988.0,A01,138Â 301Â 146,1.0,0.0,-1.0,1640748,2.0,7,,0.0,2.0,4.0,B01,138Â 301Â 148,1.0
961327,201900002858,5,2,07:15,1,1,1,1.0,4.0,93013,AUTOROUTE A1,M,"48,9403000","2,4229000",93,2019,110.0,1.0,1.0,1.0,2148554,1.0,1,1,1,0.0,,-1.0, -1,1992.0,C01,138Â 301Â 147,1.0,0.0,-1.0,1640746,2.0,7,,0.0,2.0,1.0,A01,138Â 301Â 146,1.0
961327,201900002858,5,2,07:15,1,1,1,1.0,4.0,93013,AUTOROUTE A1,M,"48,9403000","2,4229000",93,2019,110.0,1.0,1.0,1.0,2148554,1.0,1,1,1,0.0,,-1.0, -1,1992.0,C01,138Â 301Â 147,1.0,0.0,-1.0,1640747,2.0,7,,0.0,2.0,4.0,C01,138Â 301Â 147,1.0
961327,201900002858,5,2,07:15,1,1,1,1.0,4.0,93013,AUTOROUTE A1,M,"48,9403000","2,4229000",93,2019,110.0,1.0,1.0,1.0,2148554,1.0,1,1,1,0.0,,-1.0, -1,1992.0,C01,138Â 301Â 147,1.0,0.0,-1.0,1640748,2.0,7,,0.0,2.0,4.0,B01,138Â 301Â 148,1.0
961327,201900002858,5,2,07:15,1,1,1,1.0,4.0,93013,AUTOROUTE A1,M,"48,9403000","2,4229000",93,2019,110.0,1.0,1.0,1.0,2148555,1.0,1,1,1,0.0,,-1.0, -1,1998.0,B01,138Â 301Â 148,1.0,0.0,-1.0,1640746,2.0,7,,0.0,2.0,1.0,A01,138Â 301Â 146,1.0
961327,201900002858,5,2,07:15,1,1,1,1.0,4.0,93013,AUTOROUTE A1,M,"48,9403000","2,4229000",93,2019,110.0,1.0,1.0,1.0,2148555,1.0,1,1,1,0.0,,-1.0, -1,1998.0,B01,138Â 301Â 148,1.0,0.0,-1.0,1640747,2.0,7,,0.0,2.0,4.0,C01,138Â 301Â 147,1.0
961327,201900002858,5,2,07:15,1,1,1,1.0,4.0,93013,AUTOROUTE A1,M,"48,9403000","2,4229000",93,2019,110.0,1.0,1.0,1.0,2148555,1.0,1,1,1,0.0,,-1.0, -1,1998.0,B01,138Â 301Â 148,1.0,0.0,-1.0,1640748,2.0,7,,0.0,2.0,4.0,B01,138Â 301Â 148,1.0
961327,201900002858,5,2,07:15,1,1,1,1.0,4.0,93013,AUTOROUTE A1,M,"48,9403000","2,4229000",93,2019,110.0,1.0,1.0,1.0,2148556,2.0,2,4,1,0.0,,-1.0, -1,1972.0,B01,138Â 301Â 148,1.0,0.0,-1.0,1640746,2.0,7,,0.0,2.0,1.0,A01,138Â 301Â 146,1.0
961327,201900002858,5,2,07:15,1,1,1,1.0,4.0,93013,AUTOROUTE A1,M,"48,9403000","2,4229000",93,2019,110.0,1.0,1.0,1.0,2148556,2.0,2,4,1,0.0,,-1.0, -1,1972.0,B01,138Â 301Â 148,1.0,0.0,-1.0,1640747,2.0,7,,0.0,2.0,4.0,C01,138Â 301Â 147,1.0
961327,201900002858,5,2,07:15,1,1,1,1.0,4.0,93013,AUTOROUTE A1,M,"48,9403000","2,4229000",93,2019,110.0,1.0,1.0,1.0,2148556,2.0,2,4,1,0.0,,-1.0, -1,1972.0,B01,138Â 301Â 148,1.0,0.0,-1.0,1640748,2.0,7,,0.0,2.0,4.0,B01,138Â 301Â 148,1.0
961328,201900002859,5,1,19:45,1,1,1,1.0,3.0,95394,RN 184,M,"49,0505200","2,1902500",95,2019,90.0,1.0,1.0,2.0,2148557,1.0,1,1,1,5.0,,-1.0,0,2000.0,B01,138Â 301Â 144,1.0,0.0,-1.0,1640749,1.0,7,,0.0,2.0,2.0,B01,138Â 301Â 144,1.0
961328,201900002859,5,1,19:45,1,1,1,1.0,3.0,95394,RN 184,M,"49,0505200","2,1902500",95,2019,90.0,1.0,1.0,2.0,2148557,1.0,1,1,1,5.0,,-1.0,0,2000.0,B01,138Â 301Â 144,1.0,0.0,-1.0,1640750,1.0,7,,0.0,2.0,1.0,A01,138Â 301Â 145,1.0
961328,201900002859,5,1,19:45,1,1,1,1.0,3.0,95394,RN 184,M,"49,0505200","2,1902500",95,2019,90.0,1.0,1.0,2.0,2148558,1.0,1,4,1,1.0,,-1.0,0,1980.0,A01,138Â 301Â 145,1.0,0.0,-1.0,1640749,1.0,7,,0.0,2.0,2.0,B01,138Â 301Â 144,1.0
961328,201900002859,5,1,19:45,1,1,1,1.0,3.0,95394,RN 184,M,"49,0505200","2,1902500",95,2019,90.0,1.0,1.0,2.0,2148558,1.0,1,4,1,1.0,,-1.0,0,1980.0,A01,138Â 301Â 145,1.0,0.0,-1.0,1640750,1.0,7,,0.0,2.0,1.0,A01,138Â 301Â 145,1.0
961329,201900002860,5,1,14:00,1,1,1,1.0,6.0,93001,AUTOROUTE A86,M,"48,9216100","2,3770800",93,2019,90.0,1.0,1.0,1.0,2148559,1.0,1,4,2,0.0,,-1.0, -1,1987.0,A01,138Â 301Â 143,1.0,0.0,-1.0,1640751,1.0,7,,4.0,0.0,1.0,A01,138Â 301Â 143,1.0
961330,201900002861,4,30,18:00,1,1,1,1.0,2.0,93007,AUTOROUTE A3,M,"48,9330500","2,4807500",93,2019,110.0,1.0,1.0,1.0,2148560,1.0,1,1,1,0.0,,-1.0, -1,1998.0,A01,138Â 301Â 141,1.0,0.0,-1.0,1640752,2.0,7,,0.0,2.0,4.0,A01,138Â 301Â 141,1.0
961330,201900002861,4,30,18:00,1,1,1,1.0,2.0,93007,AUTOROUTE A3,M,"48,9330500","2,4807500",93,2019,110.0,1.0,1.0,1.0,2148560,1.0,1,1,1,0.0,,-1.0, -1,1998.0,A01,138Â 301Â 141,1.0,0.0,-1.0,1640753,2.0,7,,0.0,2.0,1.0,B01,138Â 301Â 142,1.0
961330,201900002861,4,30,18:00,1,1,1,1.0,2.0,93007,AUTOROUTE A3,M,"48,9330500","2,4807500",93,2019,110.0,1.0,1.0,1.0,2148561,1.0,1,4,1,9.0,,-1.0, -1,1988.0,B01,138Â 301Â 142,1.0,0.0,-1.0,1640752,2.0,7,,0.0,2.0,4.0,A01,138Â 301Â 141,1.0
961330,201900002861,4,30,18:00,1,1,1,1.0,2.0,93007,AUTOROUTE A3,M,"48,9330500","2,4807500",93,2019,110.0,1.0,1.0,1.0,2148561,1.0,1,4,1,9.0,,-1.0, -1,1988.0,B01,138Â 301Â 142,1.0,0.0,-1.0,1640753,2.0,7,,0.0,2.0,1.0,B01,138Â 301Â 142,1.0
961331,201900002862,4,30,17:00,1,1,1,1.0,3.0,95678,RN 184,M,"49,0601700","2,2114800",95,2019,90.0,1.0,1.0,2.0,2148562,1.0,1,4,2,1.0,,-1.0,0,1964.0,B01,138Â 301Â 139,1.0,0.0,-1.0,1640754,1.0,7,,0.0,2.0,3.0,B01,138Â 301Â 139,1.0
961331,201900002862,4,30,17:00,1,1,1,1.0,3.0,95678,RN 184,M,"49,0601700","2,2114800",95,2019,90.0,1.0,1.0,2.0,2148562,1.0,1,4,2,1.0,,-1.0,0,1964.0,B01,138Â 301Â 139,1.0,0.0,-1.0,1640755,1.0,14,,0.0,2.0,2.0,A01,138Â 301Â 140,1.0
961331,201900002862,4,30,17:00,1,1,1,1.0,3.0,95678,RN 184,M,"49,0601700","2,2114800",95,2019,90.0,1.0,1.0,2.0,2148563,1.0,1,1,1,4.0,,-1.0,0,1966.0,A01,138Â 301Â 140,1.0,0.0,-1.0,1640754,1.0,7,,0.0,2.0,3.0,B01,138Â 301Â 139,1.0
961331,201900002862,4,30,17:00,1,1,1,1.0,3.0,95678,RN 184,M,"49,0601700","2,2114800",95,2019,90.0,1.0,1.0,2.0,2148563,1.0,1,1,1,4.0,,-1.0,0,1966.0,A01,138Â 301Â 140,1.0,0.0,-1.0,1640755,1.0,14,,0.0,2.0,2.0,A01,138Â 301Â 140,1.0
961332,201900002863,4,30,09:15,1,1,1,1.0,4.0,92078,AUTOROUTE A86,M,"48,9273411","2,3333828",92,2019,90.0,1.0,1.0,1.0,2148564,1.0,1,1,1,9.0,,-1.0,0,1988.0,A01,138Â 301Â 136,2.0,6.0,-1.0,1640756,1.0,33,,0.0,2.0,1.0,A01,138Â 301Â 136,1.0
961332,201900002863,4,30,09:15,1,1,1,1.0,4.0,92078,AUTOROUTE A86,M,"48,9273411","2,3333828",92,2019,90.0,1.0,1.0,1.0,2148564,1.0,1,1,1,9.0,,-1.0,0,1988.0,A01,138Â 301Â 136,2.0,6.0,-1.0,1640757,1.0,31,,0.0,2.0,4.0,C01,138Â 301Â 137,1.0
961332,201900002863,4,30,09:15,1,1,1,1.0,4.0,92078,AUTOROUTE A86,M,"48,9273411","2,3333828",92,2019,90.0,1.0,1.0,1.0,2148564,1.0,1,1,1,9.0,,-1.0,0,1988.0,A01,138Â 301Â 136,2.0,6.0,-1.0,1640758,1.0,33,,0.0,2.0,4.0,B01,138Â 301Â 138,1.0
961332,201900002863,4,30,09:15,1,1,1,1.0,4.0,92078,AUTOROUTE A86,M,"48,9273411","2,3333828",92,2019,90.0,1.0,1.0,1.0,2148565,1.0,1,4,1,9.0,,-1.0,0,1984.0,C01,138Â 301Â 137,2.0,6.0,-1.0,1640756,1.0,33,,0.0,2.0,1.0,A01,138Â 301Â 136,1.0
961332,201900002863,4,30,09:15,1,1,1,1.0,4.0,92078,AUTOROUTE A86,M,"48,9273411","2,3333828",92,2019,90.0,1.0,1.0,1.0,2148565,1.0,1,4,1,9.0,,-1.0,0,1984.0,C01,138Â 301Â 137,2.0,6.0,-1.0,1640757,1.0,31,,0.0,2.0,4.0,C01,138Â 301Â 137,1.0
961332,201900002863,4,30,09:15,1,1,1,1.0,4.0,92078,AUTOROUTE A86,M,"48,9273411","2,3333828",92,2019,90.0,1.0,1.0,1.0,2148565,1.0,1,4,1,9.0,,-1.0,0,1984.0,C01,138Â 301Â 137,2.0,6.0,-1.0,1640758,1.0,33,,0.0,2.0,4.0,B01,138Â 301Â 138,1.0
961332,201900002863,4,30,09:15,1,1,1,1.0,4.0,92078,AUTOROUTE A86,M,"48,9273411","2,3333828",92,2019,90.0,1.0,1.0,1.0,2148566,1.0,1,1,1,9.0,,-1.0,0,1967.0,B01,138Â 301Â 138,2.0,6.0,-1.0,1640756,1.0,33,,0.0,2.0,1.0,A01,138Â 301Â 136,1.0
961332,201900002863,4,30,09:15,1,1,1,1.0,4.0,92078,AUTOROUTE A86,M,"48,9273411","2,3333828",92,2019,90.0,1.0,1.0,1.0,2148566,1.0,1,1,1,9.0,,-1.0,0,1967.0,B01,138Â 301Â 138,2.0,6.0,-1.0,1640757,1.0,31,,0.0,2.0,4.0,C01,138Â 301Â 137,1.0
961332,201900002863,4,30,09:15,1,1,1,1.0,4.0,92078,AUTOROUTE A86,M,"48,9273411","2,3333828",92,2019,90.0,1.0,1.0,1.0,2148566,1.0,1,1,1,9.0,,-1.0,0,1967.0,B01,138Â 301Â 138,2.0,6.0,-1.0,1640758,1.0,33,,0.0,2.0,4.0,B01,138Â 301Â 138,1.0
961333,201900002864,4,29,17:45,1,1,1,1.0,2.0,95252,AUTOROUTE A115,M,"48,9839200","2,2406800",95,2019,50.0,1.0,1.0,1.0,2148567,1.0,1,4,1,1.0,,-1.0,0,1983.0,B01,138Â 301Â 134,1.0,0.0,-1.0,1640759,2.0,7,,0.0,2.0,4.0,B01,138Â 301Â 134,1.0
961333,201900002864,4,29,17:45,1,1,1,1.0,2.0,95252,AUTOROUTE A115,M,"48,9839200","2,2406800",95,2019,50.0,1.0,1.0,1.0,2148567,1.0,1,4,1,1.0,,-1.0,0,1983.0,B01,138Â 301Â 134,1.0,0.0,-1.0,1640760,2.0,10,,0.0,2.0,1.0,A01,138Â 301Â 135,1.0
961333,201900002864,4,29,17:45,1,1,1,1.0,2.0,95252,AUTOROUTE A115,M,"48,9839200","2,2406800",95,2019,50.0,1.0,1.0,1.0,2148568,1.0,1,1,1,4.0,,-1.0,0,1996.0,A01,138Â 301Â 135,1.0,0.0,-1.0,1640759,2.0,7,,0.0,2.0,4.0,B01,138Â 301Â 134,1.0
961333,201900002864,4,29,17:45,1,1,1,1.0,2.0,95252,AUTOROUTE A115,M,"48,9839200","2,2406800",95,2019,50.0,1.0,1.0,1.0,2148568,1.0,1,1,1,4.0,,-1.0,0,1996.0,A01,138Â 301Â 135,1.0,0.0,-1.0,1640760,2.0,10,,0.0,2.0,1.0,A01,138Â 301Â 135,1.0
961334,201900002865,4,29,13:00,1,1,1,1.0,4.0,93064,AUTOROUTE A86,M,"48,8812500","2,4748500",93,2019,70.0,1.0,1.0,1.0,2148569,1.0,1,4,1,9.0,,-1.0, -1,1955.0,A01,138Â 301Â 131,2.0,6.0,-1.0,1640761,2.0,33,,0.0,2.0,1.0,A01,138Â 301Â 131,1.0
961334,201900002865,4,29,13:00,1,1,1,1.0,4.0,93064,AUTOROUTE A86,M,"48,8812500","2,4748500",93,2019,70.0,1.0,1.0,1.0,2148569,1.0,1,4,1,9.0,,-1.0, -1,1955.0,A01,138Â 301Â 131,2.0,6.0,-1.0,1640762,2.0,7,,0.0,2.0,4.0,C01,138Â 301Â 132,1.0
961334,201900002865,4,29,13:00,1,1,1,1.0,4.0,93064,AUTOROUTE A86,M,"48,8812500","2,4748500",93,2019,70.0,1.0,1.0,1.0,2148569,1.0,1,4,1,9.0,,-1.0, -1,1955.0,A01,138Â 301Â 131,2.0,6.0,-1.0,1640763,2.0,7,,0.0,2.0,4.0,B01,138Â 301Â 133,1.0
961334,201900002865,4,29,13:00,1,1,1,1.0,4.0,93064,AUTOROUTE A86,M,"48,8812500","2,4748500",93,2019,70.0,1.0,1.0,1.0,2148570,1.0,1,1,1,0.0,,-1.0, -1,1986.0,C01,138Â 301Â 132,1.0,0.0,-1.0,1640761,2.0,33,,0.0,2.0,1.0,A01,138Â 301Â 131,1.0
961334,201900002865,4,29,13:00,1,1,1,1.0,4.0,93064,AUTOROUTE A86,M,"48,8812500","2,4748500",93,2019,70.0,1.0,1.0,1.0,2148570,1.0,1,1,1,0.0,,-1.0, -1,1986.0,C01,138Â 301Â 132,1.0,0.0,-1.0,1640762,2.0,7,,0.0,2.0,4.0,C01,138Â 301Â 132,1.0
961334,201900002865,4,29,13:00,1,1,1,1.0,4.0,93064,AUTOROUTE A86,M,"48,8812500","2,4748500",93,2019,70.0,1.0,1.0,1.0,2148570,1.0,1,1,1,0.0,,-1.0, -1,1986.0,C01,138Â 301Â 132,1.0,0.0,-1.0,1640763,2.0,7,,0.0,2.0,4.0,B01,138Â 301Â 133,1.0
961334,201900002865,4,29,13:00,1,1,1,1.0,4.0,93064,AUTOROUTE A86,M,"48,8812500","2,4748500",93,2019,70.0,1.0,1.0,1.0,2148571,1.0,1,1,1,0.0,,-1.0, -1,1998.0,B01,138Â 301Â 133,1.0,0.0,-1.0,1640761,2.0,33,,0.0,2.0,1.0,A01,138Â 301Â 131,1.0
961334,201900002865,4,29,13:00,1,1,1,1.0,4.0,93064,AUTOROUTE A86,M,"48,8812500","2,4748500",93,2019,70.0,1.0,1.0,1.0,2148571,1.0,1,1,1,0.0,,-1.0, -1,1998.0,B01,138Â 301Â 133,1.0,0.0,-1.0,1640762,2.0,7,,0.0,2.0,4.0,C01,138Â 301Â 132,1.0
961334,201900002865,4,29,13:00,1,1,1,1.0,4.0,93064,AUTOROUTE A86,M,"48,8812500","2,4748500",93,2019,70.0,1.0,1.0,1.0,2148571,1.0,1,1,1,0.0,,-1.0, -1,1998.0,B01,138Â 301Â 133,1.0,0.0,-1.0,1640763,2.0,7,,0.0,2.0,4.0,B01,138Â 301Â 133,1.0
961335,201900002866,4,29,07:30,1,1,1,1.0,2.0,95306,AUTOROUTE A15,M,"49,0038900","2,1681800",95,2019,110.0,1.0,1.0,1.0,2148572,1.0,1,4,1,1.0,,-1.0,0,1962.0,B01,138Â 301Â 129,2.0,6.0,-1.0,1640764,1.0,32,,0.0,2.0,4.0,B01,138Â 301Â 129,1.0
961335,201900002866,4,29,07:30,1,1,1,1.0,2.0,95306,AUTOROUTE A15,M,"49,0038900","2,1681800",95,2019,110.0,1.0,1.0,1.0,2148572,1.0,1,4,1,1.0,,-1.0,0,1962.0,B01,138Â 301Â 129,2.0,6.0,-1.0,1640765,1.0,7,,0.0,2.0,2.0,A01,138Â 301Â 130,1.0
961335,201900002866,4,29,07:30,1,1,1,1.0,2.0,95306,AUTOROUTE A15,M,"49,0038900","2,1681800",95,2019,110.0,1.0,1.0,1.0,2148573,1.0,1,1,1,1.0,,-1.0,0,1995.0,A01,138Â 301Â 130,1.0,0.0,-1.0,1640764,1.0,32,,0.0,2.0,4.0,B01,138Â 301Â 129,1.0
961335,201900002866,4,29,07:30,1,1,1,1.0,2.0,95306,AUTOROUTE A15,M,"49,0038900","2,1681800",95,2019,110.0,1.0,1.0,1.0,2148573,1.0,1,1,1,1.0,,-1.0,0,1995.0,A01,138Â 301Â 130,1.0,0.0,-1.0,1640765,1.0,7,,0.0,2.0,2.0,A01,138Â 301Â 130,1.0
961336,201900002867,4,29,08:30,1,1,1,1.0,6.0,93064,AUTOROUTE A103,M,"48,8866900","2,4760300",93,2019,70.0,1.0,1.0,1.0,2148574,1.0,1,4,2,1.0,,-1.0, -1,1995.0,A01,138Â 301Â 128,1.0,0.0,-1.0,1640766,1.0,7,,4.0,0.0,1.0,A01,138Â 301Â 128,1.0
961337,201900002868,4,27,23:20,3,1,1,2.0,2.0,95424,AUTOROUTE A15,M,"48,9905000","2,1955000",95,2019,110.0,1.0,2.0,1.0,2148575,3.0,2,4,2,5.0,,-1.0,0,1998.0,A01,138Â 301Â 127,1.0,4.0,-1.0,1640767,1.0,0,,0.0,2.0,6.0,Z01,138Â 301Â 126,0.0
961337,201900002868,4,27,23:20,3,1,1,2.0,2.0,95424,AUTOROUTE A15,M,"48,9905000","2,1955000",95,2019,110.0,1.0,2.0,1.0,2148575,3.0,2,4,2,5.0,,-1.0,0,1998.0,A01,138Â 301Â 127,1.0,4.0,-1.0,1640768,1.0,7,,0.0,2.0,2.0,A01,138Â 301Â 127,1.0
961337,201900002868,4,27,23:20,3,1,1,2.0,2.0,95424,AUTOROUTE A15,M,"48,9905000","2,1955000",95,2019,110.0,1.0,2.0,1.0,2148576,2.0,2,4,2,5.0,,-1.0,0,1998.0,A01,138Â 301Â 127,1.0,4.0,-1.0,1640767,1.0,0,,0.0,2.0,6.0,Z01,138Â 301Â 126,0.0
961337,201900002868,4,27,23:20,3,1,1,2.0,2.0,95424,AUTOROUTE A15,M,"48,9905000","2,1955000",95,2019,110.0,1.0,2.0,1.0,2148576,2.0,2,4,2,5.0,,-1.0,0,1998.0,A01,138Â 301Â 127,1.0,4.0,-1.0,1640768,1.0,7,,0.0,2.0,2.0,A01,138Â 301Â 127,1.0
961337,201900002868,4,27,23:20,3,1,1,2.0,2.0,95424,AUTOROUTE A15,M,"48,9905000","2,1955000",95,2019,110.0,1.0,2.0,1.0,2148577,1.0,1,4,2,5.0,,-1.0,0,1998.0,A01,138Â 301Â 127,1.0,4.0,-1.0,1640767,1.0,0,,0.0,2.0,6.0,Z01,138Â 301Â 126,0.0
961337,201900002868,4,27,23:20,3,1,1,2.0,2.0,95424,AUTOROUTE A15,M,"48,9905000","2,1955000",95,2019,110.0,1.0,2.0,1.0,2148577,1.0,1,4,2,5.0,,-1.0,0,1998.0,A01,138Â 301Â 127,1.0,4.0,-1.0,1640768,1.0,7,,0.0,2.0,2.0,A01,138Â 301Â 127,1.0
961338,201900002869,4,28,00:20,5,1,1,2.0,2.0,93066,AUTOROUTE A1,M,"48,9193700","2,3575400",93,2019,90.0,1.0,2.0,1.0,2148578,1.0,1,1,1,0.0,,-1.0, -1,1963.0,A01,138Â 301Â 124,1.0,0.0,-1.0,1640769,1.0,10,,0.0,2.0,1.0,A01,138Â 301Â 124,1.0
961338,201900002869,4,28,00:20,5,1,1,2.0,2.0,93066,AUTOROUTE A1,M,"48,9193700","2,3575400",93,2019,90.0,1.0,2.0,1.0,2148578,1.0,1,1,1,0.0,,-1.0, -1,1963.0,A01,138Â 301Â 124,1.0,0.0,-1.0,1640770,1.0,7,,0.0,2.0,4.0,B01,138Â 301Â 125,1.0
961338,201900002869,4,28,00:20,5,1,1,2.0,2.0,93066,AUTOROUTE A1,M,"48,9193700","2,3575400",93,2019,90.0,1.0,2.0,1.0,2148579,1.0,1,4,1,0.0,,-1.0, -1,1971.0,B01,138Â 301Â 125,1.0,0.0,-1.0,1640769,1.0,10,,0.0,2.0,1.0,A01,138Â 301Â 124,1.0
961338,201900002869,4,28,00:20,5,1,1,2.0,2.0,93066,AUTOROUTE A1,M,"48,9193700","2,3575400",93,2019,90.0,1.0,2.0,1.0,2148579,1.0,1,4,1,0.0,,-1.0, -1,1971.0,B01,138Â 301Â 125,1.0,0.0,-1.0,1640770,1.0,7,,0.0,2.0,4.0,B01,138Â 301Â 125,1.0
961339,201900002870,4,27,22:40,3,1,1,2.0,3.0,95277,RD 170 ,M,"48,9773000","2,4728000",95,2019,110.0,1.0,2.0,3.0,2148580,1.0,1,1,2,5.0,,-1.0,0,1995.0,A01,138Â 301Â 122,1.0,4.0,-1.0,1640771,2.0,7,,4.0,2.0,3.0,A01,138Â 301Â 122,1.0
961339,201900002870,4,27,22:40,3,1,1,2.0,3.0,95277,RD 170 ,M,"48,9773000","2,4728000",95,2019,110.0,1.0,2.0,3.0,2148580,1.0,1,1,2,5.0,,-1.0,0,1995.0,A01,138Â 301Â 122,1.0,4.0,-1.0,1640772,2.0,0,,0.0,2.0,5.0,Z01,138Â 301Â 123,0.0
961339,201900002870,4,27,22:40,3,1,1,2.0,3.0,95277,RD 170 ,M,"48,9773000","2,4728000",95,2019,110.0,1.0,2.0,3.0,2148581,2.0,2,4,2,5.0,,-1.0,0,1992.0,A01,138Â 301Â 122,1.0,0.0,-1.0,1640771,2.0,7,,4.0,2.0,3.0,A01,138Â 301Â 122,1.0
961339,201900002870,4,27,22:40,3,1,1,2.0,3.0,95277,RD 170 ,M,"48,9773000","2,4728000",95,2019,110.0,1.0,2.0,3.0,2148581,2.0,2,4,2,5.0,,-1.0,0,1992.0,A01,138Â 301Â 122,1.0,0.0,-1.0,1640772,2.0,0,,0.0,2.0,5.0,Z01,138Â 301Â 123,0.0
961340,201900002871,5,28,08:30,1,1,1,1.0,4.0,94073,A86 INT,M,"48,7598000","2,3831000",94,2019,90.0,1.0,1.0,1.0,2148582,1.0,1,1,1,1.0,,-1.0,0,1967.0,C01,138Â 301Â 119,1.0,0.0,-1.0,1640773,1.0,7,,0.0,2.0,4.0,C01,138Â 301Â 119,1.0
961340,201900002871,5,28,08:30,1,1,1,1.0,4.0,94073,A86 INT,M,"48,7598000","2,3831000",94,2019,90.0,1.0,1.0,1.0,2148582,1.0,1,1,1,1.0,,-1.0,0,1967.0,C01,138Â 301Â 119,1.0,0.0,-1.0,1640774,1.0,34,,0.0,2.0,4.0,A01,138Â 301Â 120,1.0
961340,201900002871,5,28,08:30,1,1,1,1.0,4.0,94073,A86 INT,M,"48,7598000","2,3831000",94,2019,90.0,1.0,1.0,1.0,2148582,1.0,1,1,1,1.0,,-1.0,0,1967.0,C01,138Â 301Â 119,1.0,0.0,-1.0,1640775,1.0,10,,0.0,2.0,1.0,B01,138Â 301Â 121,1.0
961340,201900002871,5,28,08:30,1,1,1,1.0,4.0,94073,A86 INT,M,"48,7598000","2,3831000",94,2019,90.0,1.0,1.0,1.0,2148583,1.0,1,4,1,1.0,,-1.0,0,1973.0,A01,138Â 301Â 120,2.0,6.0,-1.0,1640773,1.0,7,,0.0,2.0,4.0,C01,138Â 301Â 119,1.0
961340,201900002871,5,28,08:30,1,1,1,1.0,4.0,94073,A86 INT,M,"48,7598000","2,3831000",94,2019,90.0,1.0,1.0,1.0,2148583,1.0,1,4,1,1.0,,-1.0,0,1973.0,A01,138Â 301Â 120,2.0,6.0,-1.0,1640774,1.0,34,,0.0,2.0,4.0,A01,138Â 301Â 120,1.0
961340,201900002871,5,28,08:30,1,1,1,1.0,4.0,94073,A86 INT,M,"48,7598000","2,3831000",94,2019,90.0,1.0,1.0,1.0,2148583,1.0,1,4,1,1.0,,-1.0,0,1973.0,A01,138Â 301Â 120,2.0,6.0,-1.0,1640775,1.0,10,,0.0,2.0,1.0,B01,138Â 301Â 121,1.0
961340,201900002871,5,28,08:30,1,1,1,1.0,4.0,94073,A86 INT,M,"48,7598000","2,3831000",94,2019,90.0,1.0,1.0,1.0,2148584,1.0,1,1,1,0.0,,-1.0,0,1968.0,B01,138Â 301Â 121,8.0,0.0,-1.0,1640773,1.0,7,,0.0,2.0,4.0,C01,138Â 301Â 119,1.0
961340,201900002871,5,28,08:30,1,1,1,1.0,4.0,94073,A86 INT,M,"48,7598000","2,3831000",94,2019,90.0,1.0,1.0,1.0,2148584,1.0,1,1,1,0.0,,-1.0,0,1968.0,B01,138Â 301Â 121,8.0,0.0,-1.0,1640774,1.0,34,,0.0,2.0,4.0,A01,138Â 301Â 120,1.0
961340,201900002871,5,28,08:30,1,1,1,1.0,4.0,94073,A86 INT,M,"48,7598000","2,3831000",94,2019,90.0,1.0,1.0,1.0,2148584,1.0,1,1,1,0.0,,-1.0,0,1968.0,B01,138Â 301Â 121,8.0,0.0,-1.0,1640775,1.0,10,,0.0,2.0,1.0,B01,138Â 301Â 121,1.0
961341,201900002872,5,28,06:50,1,1,1,1.0,2.0,94028,A86 EXT,M,"48,7834000","2,4402000",94,2019,90.0,1.0,1.0,1.0,2148585,1.0,1,1,1,1.0,,-1.0,0,1963.0,A01,138Â 301Â 117,1.0,0.0,-1.0,1640776,2.0,7,,0.0,2.0,4.0,A01,138Â 301Â 117,0.0