Unnamed: 0_x,num_acc,mois,jour,hrmn,lum,agg,int,atm,col,com,adr,gps,lat,long,dep,annee,vma,situ,surf,catr,Unnamed: 0_y,place,catu,grav,sexe,trajet,secu,locp,actp,an_nais,num_veh_x,id_vehicule_x,secu1,secu2,secu3,Unnamed: 0,senc,catv,occutc,obs,obsm,choc,num_veh_y,id_vehicule_y,motor
961341,201900002872,5,28,06:50,1,1,1,1.0,2.0,94028,A86 EXT,M,"48,7834000","2,4402000",94,2019,90.0,1.0,1.0,1.0,2148585,1.0,1,1,1,1.0,,-1.0,0,1963.0,A01,138Â 301Â 117,1.0,0.0,-1.0,1640777,2.0,33,,0.0,2.0,1.0,B01,138Â 301Â 118,1.0
961341,201900002872,5,28,06:50,1,1,1,1.0,2.0,94028,A86 EXT,M,"48,7834000","2,4402000",94,2019,90.0,1.0,1.0,1.0,2148586,1.0,1,4,1,1.0,,-1.0, -1,1973.0,B01,138Â 301Â 118,2.0,6.0,-1.0,1640776,2.0,7,,0.0,2.0,4.0,A01,138Â 301Â 117,0.0
961341,201900002872,5,28,06:50,1,1,1,1.0,2.0,94028,A86 EXT,M,"48,7834000","2,4402000",94,2019,90.0,1.0,1.0,1.0,2148586,1.0,1,4,1,1.0,,-1.0, -1,1973.0,B01,138Â 301Â 118,2.0,6.0,-1.0,1640777,2.0,33,,0.0,2.0,1.0,B01,138Â 301Â 118,1.0
961342,201900002873,5,27,20:15,1,1,1,1.0,2.0,77249,RN104,M,"48,7448437","2,6132618",77,2019,110.0,1.0,1.0,2.0,2148587,1.0,1,4,1,4.0,,-1.0,0,1979.0,A01,138Â 301Â 115,1.0,8.0,-1.0,1640778,2.0,16,,1.0,0.0,2.0,A01,138Â 301Â 115,0.0
961342,201900002873,5,27,20:15,1,1,1,1.0,2.0,77249,RN104,M,"48,7448437","2,6132618",77,2019,110.0,1.0,1.0,2.0,2148587,1.0,1,4,1,4.0,,-1.0,0,1979.0,A01,138Â 301Â 115,1.0,8.0,-1.0,1640779,2.0,17,,1.0,0.0,0.0,B01,138Â 301Â 116,1.0
961342,201900002873,5,27,20:15,1,1,1,1.0,2.0,77249,RN104,M,"48,7448437","2,6132618",77,2019,110.0,1.0,1.0,2.0,2148588,1.0,1,1,1,4.0,,-1.0,0,1972.0,B01,138Â 301Â 116,1.0,0.0,-1.0,1640778,2.0,16,,1.0,0.0,2.0,A01,138Â 301Â 115,0.0
961342,201900002873,5,27,20:15,1,1,1,1.0,2.0,77249,RN104,M,"48,7448437","2,6132618",77,2019,110.0,1.0,1.0,2.0,2148588,1.0,1,1,1,4.0,,-1.0,0,1972.0,B01,138Â 301Â 116,1.0,0.0,-1.0,1640779,2.0,17,,1.0,0.0,0.0,B01,138Â 301Â 116,1.0
961343,201900002874,5,27,15:30,1,1,1,1.0,6.0,94069,A86 INT,M,"48,8207600","2,4234500",94,2019,70.0,1.0,1.0,1.0,2148589,1.0,1,4,1,1.0,,-1.0,0,1974.0,A01,138Â 301Â 114,2.0,6.0,-1.0,1640780,1.0,33,,0.0,2.0,8.0,A01,138Â 301Â 114,1.0
961344,201900002875,5,26,02:00,3,1,1,1.0,2.0,77294,A104,M,"48,9601400","2,6206200",77,2019,90.0,1.0,2.0,1.0,2148590,1.0,1,4,2,5.0,,-1.0,0,2001.0,A01,138Â 301Â 112,1.0,0.0,-1.0,1640781,2.0,7,,0.0,2.0,4.0,A01,138Â 301Â 112,1.0
961344,201900002875,5,26,02:00,3,1,1,1.0,2.0,77294,A104,M,"48,9601400","2,6206200",77,2019,90.0,1.0,2.0,1.0,2148590,1.0,1,4,2,5.0,,-1.0,0,2001.0,A01,138Â 301Â 112,1.0,0.0,-1.0,1640782,2.0,33,,0.0,2.0,1.0,B01,138Â 301Â 113,1.0
961345,201900002876,5,24,21:25,2,1,1,1.0,2.0,77181,A4,M,"48,8307778","2,6904394",77,2019,110.0,1.0,1.0,1.0,2148591,1.0,1,1,1,5.0,,-1.0,0,1981.0,B01,138Â 301Â 110,1.0,0.0,-1.0,1640783,1.0,7,,4.0,2.0,1.0,B01,138Â 301Â 110,1.0
961345,201900002876,5,24,21:25,2,1,1,1.0,2.0,77181,A4,M,"48,8307778","2,6904394",77,2019,110.0,1.0,1.0,1.0,2148591,1.0,1,1,1,5.0,,-1.0,0,1981.0,B01,138Â 301Â 110,1.0,0.0,-1.0,1640784,1.0,7,,0.0,2.0,4.0,A01,138Â 301Â 111,1.0
961345,201900002876,5,24,21:25,2,1,1,1.0,2.0,77181,A4,M,"48,8307778","2,6904394",77,2019,110.0,1.0,1.0,1.0,2148592,1.0,1,4,1,5.0,,-1.0,0,1987.0,A01,138Â 301Â 111,1.0,0.0,-1.0,1640783,1.0,7,,4.0,2.0,1.0,B01,138Â 301Â 110,1.0
961345,201900002876,5,24,21:25,2,1,1,1.0,2.0,77181,A4,M,"48,8307778","2,6904394",77,2019,110.0,1.0,1.0,1.0,2148592,1.0,1,4,1,5.0,,-1.0,0,1987.0,A01,138Â 301Â 111,1.0,0.0,-1.0,1640784,1.0,7,,0.0,2.0,4.0,A01,138Â 301Â 111,1.0
961346,201900002877,5,24,17:10,1,1,1,1.0,6.0,93051,A4,M,"48,8351600","2,5708700",93,2019,110.0,1.0,1.0,1.0,2148593,1.0,1,1,1,5.0,,-1.0, -1,1954.0,B01,138Â 301Â 108,1.0,8.0,-1.0,1640785,2.0,7,,0.0,2.0,3.0,B01,138Â 301Â 108,1.0
961346,201900002877,5,24,17:10,1,1,1,1.0,6.0,93051,A4,M,"48,8351600","2,5708700",93,2019,110.0,1.0,1.0,1.0,2148593,1.0,1,1,1,5.0,,-1.0, -1,1954.0,B01,138Â 301Â 108,1.0,8.0,-1.0,1640786,2.0,7,,4.0,2.0,5.0,A01,138Â 301Â 109,1.0
961346,201900002877,5,24,17:10,1,1,1,1.0,6.0,93051,A4,M,"48,8351600","2,5708700",93,2019,110.0,1.0,1.0,1.0,2148594,1.0,1,3,1,5.0,,-1.0, -1,1981.0,A01,138Â 301Â 109,1.0,8.0,-1.0,1640785,2.0,7,,0.0,2.0,3.0,B01,138Â 301Â 108,1.0
961346,201900002877,5,24,17:10,1,1,1,1.0,6.0,93051,A4,M,"48,8351600","2,5708700",93,2019,110.0,1.0,1.0,1.0,2148594,1.0,1,3,1,5.0,,-1.0, -1,1981.0,A01,138Â 301Â 109,1.0,8.0,-1.0,1640786,2.0,7,,4.0,2.0,5.0,A01,138Â 301Â 109,1.0
961347,201900002878,5,24,16:30,1,1,1,1.0,2.0,94073,A86 INT,M,"48,7704951","2,3833269",94,2019,90.0,1.0,1.0,1.0,2148595,1.0,1,1,1,5.0,,-1.0,0,1958.0,B01,138Â 301Â 106,1.0,0.0,-1.0,1640787,1.0,7,,0.0,2.0,4.0,B01,138Â 301Â 106,1.0
961347,201900002878,5,24,16:30,1,1,1,1.0,2.0,94073,A86 INT,M,"48,7704951","2,3833269",94,2019,90.0,1.0,1.0,1.0,2148595,1.0,1,1,1,5.0,,-1.0,0,1958.0,B01,138Â 301Â 106,1.0,0.0,-1.0,1640788,1.0,7,,0.0,2.0,1.0,A01,138Â 301Â 107,1.0
961347,201900002878,5,24,16:30,1,1,1,1.0,2.0,94073,A86 INT,M,"48,7704951","2,3833269",94,2019,90.0,1.0,1.0,1.0,2148596,1.0,1,4,2,1.0,,-1.0,0,1983.0,A01,138Â 301Â 107,1.0,8.0,-1.0,1640787,1.0,7,,0.0,2.0,4.0,B01,138Â 301Â 106,1.0
961347,201900002878,5,24,16:30,1,1,1,1.0,2.0,94073,A86 INT,M,"48,7704951","2,3833269",94,2019,90.0,1.0,1.0,1.0,2148596,1.0,1,4,2,1.0,,-1.0,0,1983.0,A01,138Â 301Â 107,1.0,8.0,-1.0,1640788,1.0,7,,0.0,2.0,1.0,A01,138Â 301Â 107,1.0
961348,201900002879,5,24,15:55,1,1,1,1.0,3.0,75112,A4,M,"48,8261010","2,4654600",75,2019,90.0,1.0,1.0,1.0,2148597,1.0,1,1,1,4.0,,0.0,0,1978.0,B01,138Â 301Â 104,1.0,8.0,-1.0,1640789,1.0,10,,0.0,2.0,2.0,B01,138Â 301Â 104,1.0
961348,201900002879,5,24,15:55,1,1,1,1.0,3.0,75112,A4,M,"48,8261010","2,4654600",75,2019,90.0,1.0,1.0,1.0,2148597,1.0,1,1,1,4.0,,0.0,0,1978.0,B01,138Â 301Â 104,1.0,8.0,-1.0,1640790,1.0,33,,0.0,2.0,1.0,A01,138Â 301Â 105,1.0
961348,201900002879,5,24,15:55,1,1,1,1.0,3.0,75112,A4,M,"48,8261010","2,4654600",75,2019,90.0,1.0,1.0,1.0,2148598,1.0,1,4,1,1.0,,0.0,0,1972.0,A01,138Â 301Â 105,2.0,6.0,-1.0,1640789,1.0,10,,0.0,2.0,2.0,B01,138Â 301Â 104,1.0
961348,201900002879,5,24,15:55,1,1,1,1.0,3.0,75112,A4,M,"48,8261010","2,4654600",75,2019,90.0,1.0,1.0,1.0,2148598,1.0,1,4,1,1.0,,0.0,0,1972.0,A01,138Â 301Â 105,2.0,6.0,-1.0,1640790,1.0,33,,0.0,2.0,1.0,A01,138Â 301Â 105,1.0
961349,201900002880,5,24,14:30,1,1,1,1.0,3.0,94018,A4,M,"48,8214000","2,4120000",94,2019,90.0,1.0,1.0,1.0,2148599,1.0,1,3,1,1.0,,-1.0, -1,1958.0,A01,138Â 301Â 102,2.0,8.0,-1.0,1640791,1.0,33,,0.0,2.0,3.0,A01,138Â 301Â 102,1.0
961349,201900002880,5,24,14:30,1,1,1,1.0,3.0,94018,A4,M,"48,8214000","2,4120000",94,2019,90.0,1.0,1.0,1.0,2148599,1.0,1,3,1,1.0,,-1.0, -1,1958.0,A01,138Â 301Â 102,2.0,8.0,-1.0,1640792,1.0,7,,0.0,2.0,5.0,B01,138Â 301Â 103,1.0
961349,201900002880,5,24,14:30,1,1,1,1.0,3.0,94018,A4,M,"48,8214000","2,4120000",94,2019,90.0,1.0,1.0,1.0,2148600,1.0,1,1,1,1.0,,-1.0,0,1990.0,B01,138Â 301Â 103,1.0,8.0,-1.0,1640791,1.0,33,,0.0,2.0,3.0,A01,138Â 301Â 102,1.0
961349,201900002880,5,24,14:30,1,1,1,1.0,3.0,94018,A4,M,"48,8214000","2,4120000",94,2019,90.0,1.0,1.0,1.0,2148600,1.0,1,1,1,1.0,,-1.0,0,1990.0,B01,138Â 301Â 103,1.0,8.0,-1.0,1640792,1.0,7,,0.0,2.0,5.0,B01,138Â 301Â 103,1.0
961350,201900002881,5,24,10:15,1,1,1,1.0,2.0,94052,A86 INT,M,"48,8451048","2,4920793",94,2019,70.0,1.0,1.0,1.0,2148601,1.0,1,1,1,4.0,,-1.0, -1,1982.0,B01,138Â 301Â 100,1.0,0.0,-1.0,1640793,1.0,14,,0.0,2.0,1.0,B01,138Â 301Â 100,1.0
961350,201900002881,5,24,10:15,1,1,1,1.0,2.0,94052,A86 INT,M,"48,8451048","2,4920793",94,2019,70.0,1.0,1.0,1.0,2148601,1.0,1,1,1,4.0,,-1.0, -1,1982.0,B01,138Â 301Â 100,1.0,0.0,-1.0,1640794,1.0,7,,0.0,2.0,4.0,A01,138Â 301Â 101,1.0
961350,201900002881,5,24,10:15,1,1,1,1.0,2.0,94052,A86 INT,M,"48,8451048","2,4920793",94,2019,70.0,1.0,1.0,1.0,2148602,2.0,2,4,1,5.0,,-1.0,0,1943.0,A01,138Â 301Â 101,1.0,0.0,-1.0,1640793,1.0,14,,0.0,2.0,1.0,B01,138Â 301Â 100,1.0
961350,201900002881,5,24,10:15,1,1,1,1.0,2.0,94052,A86 INT,M,"48,8451048","2,4920793",94,2019,70.0,1.0,1.0,1.0,2148602,2.0,2,4,1,5.0,,-1.0,0,1943.0,A01,138Â 301Â 101,1.0,0.0,-1.0,1640794,1.0,7,,0.0,2.0,4.0,A01,138Â 301Â 101,1.0
961350,201900002881,5,24,10:15,1,1,1,1.0,2.0,94052,A86 INT,M,"48,8451048","2,4920793",94,2019,70.0,1.0,1.0,1.0,2148603,1.0,1,4,2,5.0,,-1.0,0,1975.0,A01,138Â 301Â 101,1.0,0.0,-1.0,1640793,1.0,14,,0.0,2.0,1.0,B01,138Â 301Â 100,1.0
961350,201900002881,5,24,10:15,1,1,1,1.0,2.0,94052,A86 INT,M,"48,8451048","2,4920793",94,2019,70.0,1.0,1.0,1.0,2148603,1.0,1,4,2,5.0,,-1.0,0,1975.0,A01,138Â 301Â 101,1.0,0.0,-1.0,1640794,1.0,7,,0.0,2.0,4.0,A01,138Â 301Â 101,1.0
961350,201900002881,5,24,10:15,1,1,1,1.0,2.0,94052,A86 INT,M,"48,8451048","2,4920793",94,2019,70.0,1.0,1.0,1.0,2148604,2.0,2,4,1,5.0,,-1.0,0,1976.0,A01,138Â 301Â 101,1.0,0.0,-1.0,1640793,1.0,14,,0.0,2.0,1.0,B01,138Â 301Â 100,1.0
961350,201900002881,5,24,10:15,1,1,1,1.0,2.0,94052,A86 INT,M,"48,8451048","2,4920793",94,2019,70.0,1.0,1.0,1.0,2148604,2.0,2,4,1,5.0,,-1.0,0,1976.0,A01,138Â 301Â 101,1.0,0.0,-1.0,1640794,1.0,7,,0.0,2.0,4.0,A01,138Â 301Â 101,1.0
961350,201900002881,5,24,10:15,1,1,1,1.0,2.0,94052,A86 INT,M,"48,8451048","2,4920793",94,2019,70.0,1.0,1.0,1.0,2148605,2.0,2,4,2,5.0,,-1.0,0,1957.0,A01,138Â 301Â 101,1.0,0.0,-1.0,1640793,1.0,14,,0.0,2.0,1.0,B01,138Â 301Â 100,1.0
961350,201900002881,5,24,10:15,1,1,1,1.0,2.0,94052,A86 INT,M,"48,8451048","2,4920793",94,2019,70.0,1.0,1.0,1.0,2148605,2.0,2,4,2,5.0,,-1.0,0,1957.0,A01,138Â 301Â 101,1.0,0.0,-1.0,1640794,1.0,7,,0.0,2.0,4.0,A01,138Â 301Â 101,1.0
961350,201900002881,5,24,10:15,1,1,1,1.0,2.0,94052,A86 INT,M,"48,8451048","2,4920793",94,2019,70.0,1.0,1.0,1.0,2148606,2.0,2,1,2,5.0,,-1.0,0,2016.0,A01,138Â 301Â 101,3.0,0.0,-1.0,1640793,1.0,14,,0.0,2.0,1.0,B01,138Â 301Â 100,1.0
961350,201900002881,5,24,10:15,1,1,1,1.0,2.0,94052,A86 INT,M,"48,8451048","2,4920793",94,2019,70.0,1.0,1.0,1.0,2148606,2.0,2,1,2,5.0,,-1.0,0,2016.0,A01,138Â 301Â 101,3.0,0.0,-1.0,1640794,1.0,7,,0.0,2.0,4.0,A01,138Â 301Â 101,1.0
961351,201900002882,5,24,05:00,3,1,1,1.0,3.0,93051,A4,M,"48,8356830","2,5644820",93,2019,110.0,1.0,1.0,1.0,2148607,1.0,1,1,1,1.0,,-1.0, -1,1975.0,B01,138Â 301Â 098,1.0,8.0,-1.0,1640795,1.0,10,,0.0,2.0,3.0,B01,138Â 301Â 098,1.0
961351,201900002882,5,24,05:00,3,1,1,1.0,3.0,93051,A4,M,"48,8356830","2,5644820",93,2019,110.0,1.0,1.0,1.0,2148607,1.0,1,1,1,1.0,,-1.0, -1,1975.0,B01,138Â 301Â 098,1.0,8.0,-1.0,1640796,1.0,7,,4.0,0.0,8.0,A01,138Â 301Â 099,1.0
961351,201900002882,5,24,05:00,3,1,1,1.0,3.0,93051,A4,M,"48,8356830","2,5644820",93,2019,110.0,1.0,1.0,1.0,2148608,1.0,1,4,1,5.0,,-1.0, -1,1994.0,A01,138Â 301Â 099,1.0,8.0,-1.0,1640795,1.0,10,,0.0,2.0,3.0,B01,138Â 301Â 098,1.0
961351,201900002882,5,24,05:00,3,1,1,1.0,3.0,93051,A4,M,"48,8356830","2,5644820",93,2019,110.0,1.0,1.0,1.0,2148608,1.0,1,4,1,5.0,,-1.0, -1,1994.0,A01,138Â 301Â 099,1.0,8.0,-1.0,1640796,1.0,7,,4.0,0.0,8.0,A01,138Â 301Â 099,1.0
961352,201900002883,5,23,17:50,1,1,1,1.0,3.0,94018,A4,M,"48,8184600","2,4090800",94,2019,110.0,1.0,1.0,1.0,2148609,1.0,1,1,1,1.0,,-1.0, -1,1998.0,A01,138Â 301Â 096,1.0,4.0,-1.0,1640797,1.0,7,,0.0,2.0,7.0,A01,138Â 301Â 096,1.0
961352,201900002883,5,23,17:50,1,1,1,1.0,3.0,94018,A4,M,"48,8184600","2,4090800",94,2019,110.0,1.0,1.0,1.0,2148609,1.0,1,1,1,1.0,,-1.0, -1,1998.0,A01,138Â 301Â 096,1.0,4.0,-1.0,1640798,1.0,31,,0.0,2.0,1.0,B01,138Â 301Â 097,1.0
961352,201900002883,5,23,17:50,1,1,1,1.0,3.0,94018,A4,M,"48,8184600","2,4090800",94,2019,110.0,1.0,1.0,1.0,2148610,1.0,1,4,1,5.0,,-1.0,0,1999.0,B01,138Â 301Â 097,2.0,6.0,-1.0,1640797,1.0,7,,0.0,2.0,7.0,A01,138Â 301Â 096,1.0
961352,201900002883,5,23,17:50,1,1,1,1.0,3.0,94018,A4,M,"48,8184600","2,4090800",94,2019,110.0,1.0,1.0,1.0,2148610,1.0,1,4,1,5.0,,-1.0,0,1999.0,B01,138Â 301Â 097,2.0,6.0,-1.0,1640798,1.0,31,,0.0,2.0,1.0,B01,138Â 301Â 097,1.0
961353,201900002884,5,22,23:30,4,1,1,1.0,4.0,94042,A4,M,"48,8290000","2,4698000",94,2019,90.0,1.0,1.0,1.0,2148611,1.0,1,1,2,5.0,,-1.0, -1,1994.0,C01,138Â 301Â 091,1.0,8.0,-1.0,1640799,1.0,7,,0.0,2.0,4.0,C01,138Â 301Â 091,1.0
961353,201900002884,5,22,23:30,4,1,1,1.0,4.0,94042,A4,M,"48,8290000","2,4698000",94,2019,90.0,1.0,1.0,1.0,2148611,1.0,1,1,2,5.0,,-1.0, -1,1994.0,C01,138Â 301Â 091,1.0,8.0,-1.0,1640800,1.0,10,,0.0,2.0,4.0,B01,138Â 301Â 092,1.0
961353,201900002884,5,22,23:30,4,1,1,1.0,4.0,94042,A4,M,"48,8290000","2,4698000",94,2019,90.0,1.0,1.0,1.0,2148611,1.0,1,1,2,5.0,,-1.0, -1,1994.0,C01,138Â 301Â 091,1.0,8.0,-1.0,1640801,1.0,7,,0.0,1.0,1.0,A01,138Â 301Â 093,1.0
961353,201900002884,5,22,23:30,4,1,1,1.0,4.0,94042,A4,M,"48,8290000","2,4698000",94,2019,90.0,1.0,1.0,1.0,2148611,1.0,1,1,2,5.0,,-1.0, -1,1994.0,C01,138Â 301Â 091,1.0,8.0,-1.0,1640802,1.0,7,,0.0,1.0,4.0,D01,138Â 301Â 094,1.0
961353,201900002884,5,22,23:30,4,1,1,1.0,4.0,94042,A4,M,"48,8290000","2,4698000",94,2019,90.0,1.0,1.0,1.0,2148612,1.0,1,4,1,5.0,,-1.0, -1,1955.0,B01,138Â 301Â 092,1.0,8.0,-1.0,1640799,1.0,7,,0.0,2.0,4.0,C01,138Â 301Â 091,1.0
961353,201900002884,5,22,23:30,4,1,1,1.0,4.0,94042,A4,M,"48,8290000","2,4698000",94,2019,90.0,1.0,1.0,1.0,2148612,1.0,1,4,1,5.0,,-1.0, -1,1955.0,B01,138Â 301Â 092,1.0,8.0,-1.0,1640800,1.0,10,,0.0,2.0,4.0,B01,138Â 301Â 092,1.0
961353,201900002884,5,22,23:30,4,1,1,1.0,4.0,94042,A4,M,"48,8290000","2,4698000",94,2019,90.0,1.0,1.0,1.0,2148612,1.0,1,4,1,5.0,,-1.0, -1,1955.0,B01,138Â 301Â 092,1.0,8.0,-1.0,1640801,1.0,7,,0.0,1.0,1.0,A01,138Â 301Â 093,1.0
961353,201900002884,5,22,23:30,4,1,1,1.0,4.0,94042,A4,M,"48,8290000","2,4698000",94,2019,90.0,1.0,1.0,1.0,2148612,1.0,1,4,1,5.0,,-1.0, -1,1955.0,B01,138Â 301Â 092,1.0,8.0,-1.0,1640802,1.0,7,,0.0,1.0,4.0,D01,138Â 301Â 094,1.0
961353,201900002884,5,22,23:30,4,1,1,1.0,4.0,94042,A4,M,"48,8290000","2,4698000",94,2019,90.0,1.0,1.0,1.0,2148613,1.0,1,1,2,5.0,,-1.0,0,1988.0,A01,138Â 301Â 093,1.0,8.0,-1.0,1640799,1.0,7,,0.0,2.0,4.0,C01,138Â 301Â 091,1.0
961353,201900002884,5,22,23:30,4,1,1,1.0,4.0,94042,A4,M,"48,8290000","2,4698000",94,2019,90.0,1.0,1.0,1.0,2148613,1.0,1,1,2,5.0,,-1.0,0,1988.0,A01,138Â 301Â 093,1.0,8.0,-1.0,1640800,1.0,10,,0.0,2.0,4.0,B01,138Â 301Â 092,1.0
961353,201900002884,5,22,23:30,4,1,1,1.0,4.0,94042,A4,M,"48,8290000","2,4698000",94,2019,90.0,1.0,1.0,1.0,2148613,1.0,1,1,2,5.0,,-1.0,0,1988.0,A01,138Â 301Â 093,1.0,8.0,-1.0,1640801,1.0,7,,0.0,1.0,1.0,A01,138Â 301Â 093,1.0
961353,201900002884,5,22,23:30,4,1,1,1.0,4.0,94042,A4,M,"48,8290000","2,4698000",94,2019,90.0,1.0,1.0,1.0,2148613,1.0,1,1,2,5.0,,-1.0,0,1988.0,A01,138Â 301Â 093,1.0,8.0,-1.0,1640802,1.0,7,,0.0,1.0,4.0,D01,138Â 301Â 094,1.0
961353,201900002884,5,22,23:30,4,1,1,1.0,4.0,94042,A4,M,"48,8290000","2,4698000",94,2019,90.0,1.0,1.0,1.0,2148614,1.0,1,1,1,5.0,,-1.0, -1,1989.0,D01,138Â 301Â 094,1.0,8.0,-1.0,1640799,1.0,7,,0.0,2.0,4.0,C01,138Â 301Â 091,1.0
961353,201900002884,5,22,23:30,4,1,1,1.0,4.0,94042,A4,M,"48,8290000","2,4698000",94,2019,90.0,1.0,1.0,1.0,2148614,1.0,1,1,1,5.0,,-1.0, -1,1989.0,D01,138Â 301Â 094,1.0,8.0,-1.0,1640800,1.0,10,,0.0,2.0,4.0,B01,138Â 301Â 092,1.0
961353,201900002884,5,22,23:30,4,1,1,1.0,4.0,94042,A4,M,"48,8290000","2,4698000",94,2019,90.0,1.0,1.0,1.0,2148614,1.0,1,1,1,5.0,,-1.0, -1,1989.0,D01,138Â 301Â 094,1.0,8.0,-1.0,1640801,1.0,7,,0.0,1.0,1.0,A01,138Â 301Â 093,1.0
961353,201900002884,5,22,23:30,4,1,1,1.0,4.0,94042,A4,M,"48,8290000","2,4698000",94,2019,90.0,1.0,1.0,1.0,2148614,1.0,1,1,1,5.0,,-1.0, -1,1989.0,D01,138Â 301Â 094,1.0,8.0,-1.0,1640802,1.0,7,,0.0,1.0,4.0,D01,138Â 301Â 094,1.0
961354,201900002885,5,22,10:15,1,1,1,1.0,4.0,94018,A4,M,"48,8202000","2,4027000",94,2019,90.0,1.0,1.0,1.0,2148615,1.0,1,4,1,0.0,,-1.0, -1,1982.0,A01,138Â 301Â 088,2.0,6.0,-1.0,1640803,2.0,33,,0.0,2.0,1.0,A01,138Â 301Â 088,1.0
961354,201900002885,5,22,10:15,1,1,1,1.0,4.0,94018,A4,M,"48,8202000","2,4027000",94,2019,90.0,1.0,1.0,1.0,2148615,1.0,1,4,1,0.0,,-1.0, -1,1982.0,A01,138Â 301Â 088,2.0,6.0,-1.0,1640804,2.0,7,,0.0,2.0,6.0,B01,138Â 301Â 089,1.0
961354,201900002885,5,22,10:15,1,1,1,1.0,4.0,94018,A4,M,"48,8202000","2,4027000",94,2019,90.0,1.0,1.0,1.0,2148615,1.0,1,4,1,0.0,,-1.0, -1,1982.0,A01,138Â 301Â 088,2.0,6.0,-1.0,1640805,2.0,7,,0.0,2.0,7.0,C01,138Â 301Â 090,1.0
961354,201900002885,5,22,10:15,1,1,1,1.0,4.0,94018,A4,M,"48,8202000","2,4027000",94,2019,90.0,1.0,1.0,1.0,2148616,1.0,1,1,2,0.0,,-1.0, -1,1993.0,B01,138Â 301Â 089,1.0,0.0,-1.0,1640803,2.0,33,,0.0,2.0,1.0,A01,138Â 301Â 088,1.0
961354,201900002885,5,22,10:15,1,1,1,1.0,4.0,94018,A4,M,"48,8202000","2,4027000",94,2019,90.0,1.0,1.0,1.0,2148616,1.0,1,1,2,0.0,,-1.0, -1,1993.0,B01,138Â 301Â 089,1.0,0.0,-1.0,1640804,2.0,7,,0.0,2.0,6.0,B01,138Â 301Â 089,1.0
961354,201900002885,5,22,10:15,1,1,1,1.0,4.0,94018,A4,M,"48,8202000","2,4027000",94,2019,90.0,1.0,1.0,1.0,2148616,1.0,1,1,2,0.0,,-1.0, -1,1993.0,B01,138Â 301Â 089,1.0,0.0,-1.0,1640805,2.0,7,,0.0,2.0,7.0,C01,138Â 301Â 090,1.0
961354,201900002885,5,22,10:15,1,1,1,1.0,4.0,94018,A4,M,"48,8202000","2,4027000",94,2019,90.0,1.0,1.0,1.0,2148617,1.0,1,1,1,5.0,,-1.0,0,1959.0,C01,138Â 301Â 090,1.0,0.0,-1.0,1640803,2.0,33,,0.0,2.0,1.0,A01,138Â 301Â 088,1.0
961354,201900002885,5,22,10:15,1,1,1,1.0,4.0,94018,A4,M,"48,8202000","2,4027000",94,2019,90.0,1.0,1.0,1.0,2148617,1.0,1,1,1,5.0,,-1.0,0,1959.0,C01,138Â 301Â 090,1.0,0.0,-1.0,1640804,2.0,7,,0.0,2.0,6.0,B01,138Â 301Â 089,1.0
961354,201900002885,5,22,10:15,1,1,1,1.0,4.0,94018,A4,M,"48,8202000","2,4027000",94,2019,90.0,1.0,1.0,1.0,2148617,1.0,1,1,1,5.0,,-1.0,0,1959.0,C01,138Â 301Â 090,1.0,0.0,-1.0,1640805,2.0,7,,0.0,2.0,7.0,C01,138Â 301Â 090,1.0
961355,201900002886,5,21,14:20,1,1,1,1.0,3.0,77058,A4,M,"48,8288500","2,7266200",77,2019,130.0,1.0,1.0,1.0,2148618,1.0,1,1,1,5.0,,-1.0,0,1992.0,B01,138Â 301Â 086,1.0,0.0,-1.0,1640806,2.0,7,,0.0,2.0,7.0,B01,138Â 301Â 086,1.0
961355,201900002886,5,21,14:20,1,1,1,1.0,3.0,77058,A4,M,"48,8288500","2,7266200",77,2019,130.0,1.0,1.0,1.0,2148618,1.0,1,1,1,5.0,,-1.0,0,1992.0,B01,138Â 301Â 086,1.0,0.0,-1.0,1640807,2.0,7,,0.0,2.0,8.0,A01,138Â 301Â 087,1.0
961355,201900002886,5,21,14:20,1,1,1,1.0,3.0,77058,A4,M,"48,8288500","2,7266200",77,2019,130.0,1.0,1.0,1.0,2148619,1.0,1,4,1,1.0,,-1.0,0,1999.0,A01,138Â 301Â 087,1.0,0.0,-1.0,1640806,2.0,7,,0.0,2.0,7.0,B01,138Â 301Â 086,1.0
961355,201900002886,5,21,14:20,1,1,1,1.0,3.0,77058,A4,M,"48,8288500","2,7266200",77,2019,130.0,1.0,1.0,1.0,2148619,1.0,1,4,1,1.0,,-1.0,0,1999.0,A01,138Â 301Â 087,1.0,0.0,-1.0,1640807,2.0,7,,0.0,2.0,8.0,A01,138Â 301Â 087,1.0
961356,201900002887,5,21,12:15,1,1,1,1.0,2.0,94022,A4,M,"48,7762300","2,4263500",94,2019,90.0,1.0,1.0,1.0,2148620,1.0,1,1,1,5.0,,-1.0,0,1935.0,B01,138Â 301Â 084,1.0,4.0,-1.0,1640808,1.0,7,,0.0,2.0,6.0,B01,138Â 301Â 084,1.0
961356,201900002887,5,21,12:15,1,1,1,1.0,2.0,94022,A4,M,"48,7762300","2,4263500",94,2019,90.0,1.0,1.0,1.0,2148620,1.0,1,1,1,5.0,,-1.0,0,1935.0,B01,138Â 301Â 084,1.0,4.0,-1.0,1640809,1.0,31,,0.0,2.0,2.0,A01,138Â 301Â 085,1.0
961356,201900002887,5,21,12:15,1,1,1,1.0,2.0,94022,A4,M,"48,7762300","2,4263500",94,2019,90.0,1.0,1.0,1.0,2148621,1.0,1,4,1,1.0,,-1.0,0,1984.0,A01,138Â 301Â 085,2.0,6.0,-1.0,1640808,1.0,7,,0.0,2.0,6.0,B01,138Â 301Â 084,1.0