Unnamed: 0_x,num_acc,mois,jour,hrmn,lum,agg,int,atm,col,com,adr,gps,lat,long,dep,annee,vma,situ,surf,catr,Unnamed: 0_y,place,catu,grav,sexe,trajet,secu,locp,actp,an_nais,num_veh_x,id_vehicule_x,secu1,secu2,secu3,Unnamed: 0,senc,catv,occutc,obs,obsm,choc,num_veh_y,id_vehicule_y,motor
961356,201900002887,5,21,12:15,1,1,1,1.0,2.0,94022,A4,M,"48,7762300","2,4263500",94,2019,90.0,1.0,1.0,1.0,2148621,1.0,1,4,1,1.0,,-1.0,0,1984.0,A01,138Â 301Â 085,2.0,6.0,-1.0,1640809,1.0,31,,0.0,2.0,2.0,A01,138Â 301Â 085,1.0
961357,201900002888,5,20,18:10,1,1,1,1.0,3.0,75112,A4,M,"48,8194574","2,4589716",75,2019,90.0,1.0,1.0,1.0,2148622,1.0,1,1,2,1.0,,0.0,0,1996.0,A01,138Â 301Â 082,1.0,0.0,-1.0,1640810,1.0,7,,0.0,2.0,4.0,A01,138Â 301Â 082,1.0
961357,201900002888,5,20,18:10,1,1,1,1.0,3.0,75112,A4,M,"48,8194574","2,4589716",75,2019,90.0,1.0,1.0,1.0,2148622,1.0,1,1,2,1.0,,0.0,0,1996.0,A01,138Â 301Â 082,1.0,0.0,-1.0,1640811,1.0,33,,0.0,2.0,1.0,B01,138Â 301Â 083,1.0
961357,201900002888,5,20,18:10,1,1,1,1.0,3.0,75112,A4,M,"48,8194574","2,4589716",75,2019,90.0,1.0,1.0,1.0,2148623,1.0,1,4,1,0.0,,0.0,0,1970.0,B01,138Â 301Â 083,2.0,0.0,-1.0,1640810,1.0,7,,0.0,2.0,4.0,A01,138Â 301Â 082,1.0
961357,201900002888,5,20,18:10,1,1,1,1.0,3.0,75112,A4,M,"48,8194574","2,4589716",75,2019,90.0,1.0,1.0,1.0,2148623,1.0,1,4,1,0.0,,0.0,0,1970.0,B01,138Â 301Â 083,2.0,0.0,-1.0,1640811,1.0,33,,0.0,2.0,1.0,B01,138Â 301Â 083,1.0
961358,201900002889,5,19,12:45,1,1,1,1.0,2.0,77514,A104,M,"48,9520100","2,6286300",77,2019,90.0,1.0,1.0,1.0,2148624,1.0,1,4,1,5.0,,-1.0,0,1982.0,A01,138Â 301Â 079,1.0,4.0,-1.0,1640812,2.0,7,,0.0,2.0,5.0,A01,138Â 301Â 079,1.0
961358,201900002889,5,19,12:45,1,1,1,1.0,2.0,77514,A104,M,"48,9520100","2,6286300",77,2019,90.0,1.0,1.0,1.0,2148624,1.0,1,4,1,5.0,,-1.0,0,1982.0,A01,138Â 301Â 079,1.0,4.0,-1.0,1640813,2.0,7,,0.0,2.0,8.0,B01,138Â 301Â 080,1.0
961358,201900002889,5,19,12:45,1,1,1,1.0,2.0,77514,A104,M,"48,9520100","2,6286300",77,2019,90.0,1.0,1.0,1.0,2148625,1.0,1,1,1,5.0,,-1.0,0,1959.0,B01,138Â 301Â 080,1.0,4.0,-1.0,1640812,2.0,7,,0.0,2.0,5.0,A01,138Â 301Â 079,1.0
961358,201900002889,5,19,12:45,1,1,1,1.0,2.0,77514,A104,M,"48,9520100","2,6286300",77,2019,90.0,1.0,1.0,1.0,2148625,1.0,1,1,1,5.0,,-1.0,0,1959.0,B01,138Â 301Â 080,1.0,4.0,-1.0,1640813,2.0,7,,0.0,2.0,8.0,B01,138Â 301Â 080,1.0
961359,201900002890,5,17,16:35,1,1,1,1.0,2.0,77514,A104,M,"48,9415900","2,6282500",77,2019,90.0,1.0,1.0,1.0,2148626,1.0,1,1,2,1.0,,-1.0,0,1983.0,B01,138Â 301Â 077,1.0,0.0,-1.0,1640814,1.0,7,,0.0,2.0,1.0,B01,138Â 301Â 077,1.0
961359,201900002890,5,17,16:35,1,1,1,1.0,2.0,77514,A104,M,"48,9415900","2,6282500",77,2019,90.0,1.0,1.0,1.0,2148626,1.0,1,1,2,1.0,,-1.0,0,1983.0,B01,138Â 301Â 077,1.0,0.0,-1.0,1640815,1.0,7,,0.0,2.0,4.0,A01,138Â 301Â 078,1.0
961359,201900002890,5,17,16:35,1,1,1,1.0,2.0,77514,A104,M,"48,9415900","2,6282500",77,2019,90.0,1.0,1.0,1.0,2148627,1.0,1,4,2,1.0,,-1.0,0,1985.0,A01,138Â 301Â 078,1.0,0.0,-1.0,1640814,1.0,7,,0.0,2.0,1.0,B01,138Â 301Â 077,1.0
961359,201900002890,5,17,16:35,1,1,1,1.0,2.0,77514,A104,M,"48,9415900","2,6282500",77,2019,90.0,1.0,1.0,1.0,2148627,1.0,1,4,2,1.0,,-1.0,0,1985.0,A01,138Â 301Â 078,1.0,0.0,-1.0,1640815,1.0,7,,0.0,2.0,4.0,A01,138Â 301Â 078,1.0
961360,201900002891,5,17,17:05,1,1,1,1.0,6.0,77294,A104,M,"48,9631840","2,6132410",77,2019,90.0,1.0,1.0,1.0,2148628,1.0,1,4,1,4.0,,-1.0,0,1965.0,A01,138Â 301Â 075,2.0,6.0,-1.0,1640816,1.0,33,,0.0,2.0,3.0,A01,138Â 301Â 075,1.0
961360,201900002891,5,17,17:05,1,1,1,1.0,6.0,77294,A104,M,"48,9631840","2,6132410",77,2019,90.0,1.0,1.0,1.0,2148628,1.0,1,4,1,4.0,,-1.0,0,1965.0,A01,138Â 301Â 075,2.0,6.0,-1.0,1640817,1.0,7,,0.0,2.0,7.0,B01,138Â 301Â 076,1.0
961360,201900002891,5,17,17:05,1,1,1,1.0,6.0,77294,A104,M,"48,9631840","2,6132410",77,2019,90.0,1.0,1.0,1.0,2148629,2.0,2,4,1,4.0,,-1.0,0,1969.0,A01,138Â 301Â 075,2.0,6.0,-1.0,1640816,1.0,33,,0.0,2.0,3.0,A01,138Â 301Â 075,1.0
961360,201900002891,5,17,17:05,1,1,1,1.0,6.0,77294,A104,M,"48,9631840","2,6132410",77,2019,90.0,1.0,1.0,1.0,2148629,2.0,2,4,1,4.0,,-1.0,0,1969.0,A01,138Â 301Â 075,2.0,6.0,-1.0,1640817,1.0,7,,0.0,2.0,7.0,B01,138Â 301Â 076,1.0
961360,201900002891,5,17,17:05,1,1,1,1.0,6.0,77294,A104,M,"48,9631840","2,6132410",77,2019,90.0,1.0,1.0,1.0,2148630,1.0,1,1,1,1.0,,-1.0,0,1967.0,B01,138Â 301Â 076,1.0,8.0,-1.0,1640816,1.0,33,,0.0,2.0,3.0,A01,138Â 301Â 075,1.0
961360,201900002891,5,17,17:05,1,1,1,1.0,6.0,77294,A104,M,"48,9631840","2,6132410",77,2019,90.0,1.0,1.0,1.0,2148630,1.0,1,1,1,1.0,,-1.0,0,1967.0,B01,138Â 301Â 076,1.0,8.0,-1.0,1640817,1.0,7,,0.0,2.0,7.0,B01,138Â 301Â 076,1.0
961361,201900002892,10,24,10:00,1,2,1,1.0,1.0,78415,Route de Mareil,M,"48,8833570","1,8597400",78,2019,50.0,1.0,2.0,4.0,2148631,1.0,1,4,1,5.0,,0.0,0,2000.0,A01,138Â 301Â 073,2.0,-1.0,-1.0,1640818,3.0,31,,0.0,2.0,1.0,A01,138Â 301Â 073,1.0
961361,201900002892,10,24,10:00,1,2,1,1.0,1.0,78415,Route de Mareil,M,"48,8833570","1,8597400",78,2019,50.0,1.0,2.0,4.0,2148631,1.0,1,4,1,5.0,,0.0,0,2000.0,A01,138Â 301Â 073,2.0,-1.0,-1.0,1640819,3.0,7,,0.0,2.0,1.0,B01,138Â 301Â 074,1.0
961361,201900002892,10,24,10:00,1,2,1,1.0,1.0,78415,Route de Mareil,M,"48,8833570","1,8597400",78,2019,50.0,1.0,2.0,4.0,2148632,1.0,1,1,1,3.0,,0.0,0,1990.0,B01,138Â 301Â 074,1.0,-1.0,-1.0,1640818,3.0,31,,0.0,2.0,1.0,A01,138Â 301Â 073,1.0
961361,201900002892,10,24,10:00,1,2,1,1.0,1.0,78415,Route de Mareil,M,"48,8833570","1,8597400",78,2019,50.0,1.0,2.0,4.0,2148632,1.0,1,1,1,3.0,,0.0,0,1990.0,B01,138Â 301Â 074,1.0,-1.0,-1.0,1640819,3.0,7,,0.0,2.0,1.0,B01,138Â 301Â 074,1.0
961362,201900002893,10,23,17:45,1,1,1,1.0,1.0,21699,D905,M,"47,2013510","5,3473620",21,2019,80.0,1.0,1.0,3.0,2148633,1.0,1,1,2,4.0,,0.0,0,1969.0,B01,138Â 301Â 071,1.0,-1.0,-1.0,1640820,2.0,7,,0.0,2.0,2.0,B01,138Â 301Â 071,1.0
961362,201900002893,10,23,17:45,1,1,1,1.0,1.0,21699,D905,M,"47,2013510","5,3473620",21,2019,80.0,1.0,1.0,3.0,2148633,1.0,1,1,2,4.0,,0.0,0,1969.0,B01,138Â 301Â 071,1.0,-1.0,-1.0,1640821,1.0,3,,0.0,2.0,1.0,A01,138Â 301Â 072,1.0
961362,201900002893,10,23,17:45,1,1,1,1.0,1.0,21699,D905,M,"47,2013510","5,3473620",21,2019,80.0,1.0,1.0,3.0,2148634,1.0,1,3,1,0.0,,0.0,0,1961.0,A01,138Â 301Â 072,1.0,-1.0,-1.0,1640820,2.0,7,,0.0,2.0,2.0,B01,138Â 301Â 071,1.0
961362,201900002893,10,23,17:45,1,1,1,1.0,1.0,21699,D905,M,"47,2013510","5,3473620",21,2019,80.0,1.0,1.0,3.0,2148634,1.0,1,3,1,0.0,,0.0,0,1961.0,A01,138Â 301Â 072,1.0,-1.0,-1.0,1640821,1.0,3,,0.0,2.0,1.0,A01,138Â 301Â 072,1.0
961363,201900002894,10,24,17:30,1,2,8,7.0,5.0,42147,4 Avenue Louis Lepine,M,"45,6188960","4,0674620",42,2019,50.0,8.0,1.0,4.0,2148635,1.0,1,4,2,5.0,,0.0,0,1937.0,A01,138Â 301Â 068,1.0,-1.0,-1.0,1640822,3.0,7,,0.0,4.0,5.0,A01,138Â 301Â 068,0.0
961363,201900002894,10,24,17:30,1,2,8,7.0,5.0,42147,4 Avenue Louis Lepine,M,"45,6188960","4,0674620",42,2019,50.0,8.0,1.0,4.0,2148635,1.0,1,4,2,5.0,,0.0,0,1937.0,A01,138Â 301Â 068,1.0,-1.0,-1.0,1640823,3.0,39,,0.0,2.0,1.0,B01,138Â 301Â 069,0.0
961363,201900002894,10,24,17:30,1,2,8,7.0,5.0,42147,4 Avenue Louis Lepine,M,"45,6188960","4,0674620",42,2019,50.0,8.0,1.0,4.0,2148635,1.0,1,4,2,5.0,,0.0,0,1937.0,A01,138Â 301Â 068,1.0,-1.0,-1.0,1640824,3.0,7,,0.0,9.0,1.0,C01,138Â 301Â 070,0.0
961363,201900002894,10,24,17:30,1,2,8,7.0,5.0,42147,4 Avenue Louis Lepine,M,"45,6188960","4,0674620",42,2019,50.0,8.0,1.0,4.0,2148636,7.0,2,4,1,5.0,,0.0,0,2007.0,A01,138Â 301Â 068,0.0,-1.0,-1.0,1640822,3.0,7,,0.0,4.0,5.0,A01,138Â 301Â 068,0.0
961363,201900002894,10,24,17:30,1,2,8,7.0,5.0,42147,4 Avenue Louis Lepine,M,"45,6188960","4,0674620",42,2019,50.0,8.0,1.0,4.0,2148636,7.0,2,4,1,5.0,,0.0,0,2007.0,A01,138Â 301Â 068,0.0,-1.0,-1.0,1640823,3.0,39,,0.0,2.0,1.0,B01,138Â 301Â 069,0.0
961363,201900002894,10,24,17:30,1,2,8,7.0,5.0,42147,4 Avenue Louis Lepine,M,"45,6188960","4,0674620",42,2019,50.0,8.0,1.0,4.0,2148636,7.0,2,4,1,5.0,,0.0,0,2007.0,A01,138Â 301Â 068,0.0,-1.0,-1.0,1640824,3.0,7,,0.0,9.0,1.0,C01,138Â 301Â 070,0.0
961363,201900002894,10,24,17:30,1,2,8,7.0,5.0,42147,4 Avenue Louis Lepine,M,"45,6188960","4,0674620",42,2019,50.0,8.0,1.0,4.0,2148637,9.0,2,1,1,0.0,,0.0,0,1993.0,B01,138Â 301Â 069,8.0,-1.0,-1.0,1640822,3.0,7,,0.0,4.0,5.0,A01,138Â 301Â 068,0.0
961363,201900002894,10,24,17:30,1,2,8,7.0,5.0,42147,4 Avenue Louis Lepine,M,"45,6188960","4,0674620",42,2019,50.0,8.0,1.0,4.0,2148637,9.0,2,1,1,0.0,,0.0,0,1993.0,B01,138Â 301Â 069,8.0,-1.0,-1.0,1640823,3.0,39,,0.0,2.0,1.0,B01,138Â 301Â 069,0.0
961363,201900002894,10,24,17:30,1,2,8,7.0,5.0,42147,4 Avenue Louis Lepine,M,"45,6188960","4,0674620",42,2019,50.0,8.0,1.0,4.0,2148637,9.0,2,1,1,0.0,,0.0,0,1993.0,B01,138Â 301Â 069,8.0,-1.0,-1.0,1640824,3.0,7,,0.0,9.0,1.0,C01,138Â 301Â 070,0.0
961363,201900002894,10,24,17:30,1,2,8,7.0,5.0,42147,4 Avenue Louis Lepine,M,"45,6188960","4,0674620",42,2019,50.0,8.0,1.0,4.0,2148638,3.0,2,1,1,0.0,,0.0,0,2005.0,B01,138Â 301Â 069,8.0,-1.0,-1.0,1640822,3.0,7,,0.0,4.0,5.0,A01,138Â 301Â 068,0.0
961363,201900002894,10,24,17:30,1,2,8,7.0,5.0,42147,4 Avenue Louis Lepine,M,"45,6188960","4,0674620",42,2019,50.0,8.0,1.0,4.0,2148638,3.0,2,1,1,0.0,,0.0,0,2005.0,B01,138Â 301Â 069,8.0,-1.0,-1.0,1640823,3.0,39,,0.0,2.0,1.0,B01,138Â 301Â 069,0.0
961363,201900002894,10,24,17:30,1,2,8,7.0,5.0,42147,4 Avenue Louis Lepine,M,"45,6188960","4,0674620",42,2019,50.0,8.0,1.0,4.0,2148638,3.0,2,1,1,0.0,,0.0,0,2005.0,B01,138Â 301Â 069,8.0,-1.0,-1.0,1640824,3.0,7,,0.0,9.0,1.0,C01,138Â 301Â 070,0.0
961363,201900002894,10,24,17:30,1,2,8,7.0,5.0,42147,4 Avenue Louis Lepine,M,"45,6188960","4,0674620",42,2019,50.0,8.0,1.0,4.0,2148639,1.0,1,1,1,4.0,,0.0,0,1982.0,B01,138Â 301Â 069,8.0,-1.0,-1.0,1640822,3.0,7,,0.0,4.0,5.0,A01,138Â 301Â 068,0.0
961363,201900002894,10,24,17:30,1,2,8,7.0,5.0,42147,4 Avenue Louis Lepine,M,"45,6188960","4,0674620",42,2019,50.0,8.0,1.0,4.0,2148639,1.0,1,1,1,4.0,,0.0,0,1982.0,B01,138Â 301Â 069,8.0,-1.0,-1.0,1640823,3.0,39,,0.0,2.0,1.0,B01,138Â 301Â 069,0.0
961363,201900002894,10,24,17:30,1,2,8,7.0,5.0,42147,4 Avenue Louis Lepine,M,"45,6188960","4,0674620",42,2019,50.0,8.0,1.0,4.0,2148639,1.0,1,1,1,4.0,,0.0,0,1982.0,B01,138Â 301Â 069,8.0,-1.0,-1.0,1640824,3.0,7,,0.0,9.0,1.0,C01,138Â 301Â 070,0.0
961363,201900002894,10,24,17:30,1,2,8,7.0,5.0,42147,4 Avenue Louis Lepine,M,"45,6188960","4,0674620",42,2019,50.0,8.0,1.0,4.0,2148640,4.0,2,1,2,0.0,,0.0,0,1985.0,B01,138Â 301Â 069,8.0,-1.0,-1.0,1640822,3.0,7,,0.0,4.0,5.0,A01,138Â 301Â 068,0.0
961363,201900002894,10,24,17:30,1,2,8,7.0,5.0,42147,4 Avenue Louis Lepine,M,"45,6188960","4,0674620",42,2019,50.0,8.0,1.0,4.0,2148640,4.0,2,1,2,0.0,,0.0,0,1985.0,B01,138Â 301Â 069,8.0,-1.0,-1.0,1640823,3.0,39,,0.0,2.0,1.0,B01,138Â 301Â 069,0.0
961363,201900002894,10,24,17:30,1,2,8,7.0,5.0,42147,4 Avenue Louis Lepine,M,"45,6188960","4,0674620",42,2019,50.0,8.0,1.0,4.0,2148640,4.0,2,1,2,0.0,,0.0,0,1985.0,B01,138Â 301Â 069,8.0,-1.0,-1.0,1640824,3.0,7,,0.0,9.0,1.0,C01,138Â 301Â 070,0.0
961363,201900002894,10,24,17:30,1,2,8,7.0,5.0,42147,4 Avenue Louis Lepine,M,"45,6188960","4,0674620",42,2019,50.0,8.0,1.0,4.0,2148641,1.0,1,1,2,5.0,,0.0,0,1969.0,C01,138Â 301Â 070,8.0,-1.0,-1.0,1640822,3.0,7,,0.0,4.0,5.0,A01,138Â 301Â 068,0.0
961363,201900002894,10,24,17:30,1,2,8,7.0,5.0,42147,4 Avenue Louis Lepine,M,"45,6188960","4,0674620",42,2019,50.0,8.0,1.0,4.0,2148641,1.0,1,1,2,5.0,,0.0,0,1969.0,C01,138Â 301Â 070,8.0,-1.0,-1.0,1640823,3.0,39,,0.0,2.0,1.0,B01,138Â 301Â 069,0.0
961363,201900002894,10,24,17:30,1,2,8,7.0,5.0,42147,4 Avenue Louis Lepine,M,"45,6188960","4,0674620",42,2019,50.0,8.0,1.0,4.0,2148641,1.0,1,1,2,5.0,,0.0,0,1969.0,C01,138Â 301Â 070,8.0,-1.0,-1.0,1640824,3.0,7,,0.0,9.0,1.0,C01,138Â 301Â 070,0.0
961364,201900002895,10,23,19:20,5,2,9,3.0,6.0,38377,Avenue de Savoie,M,"45,5735570","5,4780070",38,2019,50.0,1.0,2.0,3.0,2148642,1.0,1,1,1,0.0,,0.0,0,1997.0,B01,138Â 301Â 066,1.0,5.0,-1.0,1640825,2.0,7,,0.0,2.0,2.0,B01,138Â 301Â 066,1.0
961364,201900002895,10,23,19:20,5,2,9,3.0,6.0,38377,Avenue de Savoie,M,"45,5735570","5,4780070",38,2019,50.0,1.0,2.0,3.0,2148642,1.0,1,1,1,0.0,,0.0,0,1997.0,B01,138Â 301Â 066,1.0,5.0,-1.0,1640826,0.0,7,,0.0,2.0,1.0,A01,138Â 301Â 067,1.0
961364,201900002895,10,23,19:20,5,2,9,3.0,6.0,38377,Avenue de Savoie,M,"45,5735570","5,4780070",38,2019,50.0,1.0,2.0,3.0,2148643,1.0,1,4,2,1.0,,0.0,0,1981.0,A01,138Â 301Â 067,1.0,5.0,-1.0,1640825,2.0,7,,0.0,2.0,2.0,B01,138Â 301Â 066,1.0
961364,201900002895,10,23,19:20,5,2,9,3.0,6.0,38377,Avenue de Savoie,M,"45,5735570","5,4780070",38,2019,50.0,1.0,2.0,3.0,2148643,1.0,1,4,2,1.0,,0.0,0,1981.0,A01,138Â 301Â 067,1.0,5.0,-1.0,1640826,0.0,7,,0.0,2.0,1.0,A01,138Â 301Â 067,1.0
961365,201900002896,10,23,14:45,1,1,1,1.0,7.0,09109,RD 14,M,"43,2026040","1,4812700",9,2019,80.0,3.0,1.0,3.0,2148644,1.0,1,3,1,5.0,,0.0,0,1932.0,A01,138Â 301Â 065,1.0,-1.0,-1.0,1640827,1.0,7,,13.0,0.0,3.0,A01,138Â 301Â 065,1.0
961366,201900002897,10,10,15:30,1,1,2,1.0,3.0,33436,D651 / RD110E6,M,"44,5214570"," -0,6268500",33,2019,80.0,8.0,1.0,3.0,2148645,1.0,1,3,2,5.0,,0.0,0,1950.0,A01,138Â 301Â 063,1.0,-1.0,-1.0,1640828,2.0,7,,0.0,2.0,3.0,A01,138Â 301Â 063,1.0
961366,201900002897,10,10,15:30,1,1,2,1.0,3.0,33436,D651 / RD110E6,M,"44,5214570"," -0,6268500",33,2019,80.0,8.0,1.0,3.0,2148645,1.0,1,3,2,5.0,,0.0,0,1950.0,A01,138Â 301Â 063,1.0,-1.0,-1.0,1640829,1.0,7,,0.0,2.0,1.0,B01,138Â 301Â 064,4.0
961366,201900002897,10,10,15:30,1,1,2,1.0,3.0,33436,D651 / RD110E6,M,"44,5214570"," -0,6268500",33,2019,80.0,8.0,1.0,3.0,2148646,2.0,2,1,1,5.0,,0.0,0,1948.0,A01,138Â 301Â 063,1.0,-1.0,-1.0,1640828,2.0,7,,0.0,2.0,3.0,A01,138Â 301Â 063,1.0
961366,201900002897,10,10,15:30,1,1,2,1.0,3.0,33436,D651 / RD110E6,M,"44,5214570"," -0,6268500",33,2019,80.0,8.0,1.0,3.0,2148646,2.0,2,1,1,5.0,,0.0,0,1948.0,A01,138Â 301Â 063,1.0,-1.0,-1.0,1640829,1.0,7,,0.0,2.0,1.0,B01,138Â 301Â 064,4.0
961366,201900002897,10,10,15:30,1,1,2,1.0,3.0,33436,D651 / RD110E6,M,"44,5214570"," -0,6268500",33,2019,80.0,8.0,1.0,3.0,2148647,1.0,1,3,1,5.0,,0.0,0,1972.0,B01,138Â 301Â 064,1.0,-1.0,-1.0,1640828,2.0,7,,0.0,2.0,3.0,A01,138Â 301Â 063,1.0
961366,201900002897,10,10,15:30,1,1,2,1.0,3.0,33436,D651 / RD110E6,M,"44,5214570"," -0,6268500",33,2019,80.0,8.0,1.0,3.0,2148647,1.0,1,3,1,5.0,,0.0,0,1972.0,B01,138Â 301Â 064,1.0,-1.0,-1.0,1640829,1.0,7,,0.0,2.0,1.0,B01,138Â 301Â 064,4.0
961367,201900002898,10,23,17:58,1,1,2,1.0,6.0,49301,D146,M,"47,1374870"," -1,0456560",49,2019,80.0,1.0,1.0,3.0,2148648,1.0,1,1,2,0.0,,0.0,0,1950.0,A01,138Â 301Â 060,1.0,-1.0,-1.0,1640830,0.0,7,,0.0,0.0,3.0,A01,138Â 301Â 060,1.0
961367,201900002898,10,23,17:58,1,1,2,1.0,6.0,49301,D146,M,"47,1374870"," -1,0456560",49,2019,80.0,1.0,1.0,3.0,2148648,1.0,1,1,2,0.0,,0.0,0,1950.0,A01,138Â 301Â 060,1.0,-1.0,-1.0,1640831,0.0,7,,0.0,0.0,3.0,B01,138Â 301Â 061,1.0
961367,201900002898,10,23,17:58,1,1,2,1.0,6.0,49301,D146,M,"47,1374870"," -1,0456560",49,2019,80.0,1.0,1.0,3.0,2148648,1.0,1,1,2,0.0,,0.0,0,1950.0,A01,138Â 301Â 060,1.0,-1.0,-1.0,1640832,0.0,7,,0.0,0.0,8.0,C01,138Â 301Â 062,1.0
961367,201900002898,10,23,17:58,1,1,2,1.0,6.0,49301,D146,M,"47,1374870"," -1,0456560",49,2019,80.0,1.0,1.0,3.0,2148649,1.0,1,4,2,0.0,,0.0,0,1974.0,B01,138Â 301Â 061,1.0,-1.0,-1.0,1640830,0.0,7,,0.0,0.0,3.0,A01,138Â 301Â 060,1.0
961367,201900002898,10,23,17:58,1,1,2,1.0,6.0,49301,D146,M,"47,1374870"," -1,0456560",49,2019,80.0,1.0,1.0,3.0,2148649,1.0,1,4,2,0.0,,0.0,0,1974.0,B01,138Â 301Â 061,1.0,-1.0,-1.0,1640831,0.0,7,,0.0,0.0,3.0,B01,138Â 301Â 061,1.0
961367,201900002898,10,23,17:58,1,1,2,1.0,6.0,49301,D146,M,"47,1374870"," -1,0456560",49,2019,80.0,1.0,1.0,3.0,2148649,1.0,1,4,2,0.0,,0.0,0,1974.0,B01,138Â 301Â 061,1.0,-1.0,-1.0,1640832,0.0,7,,0.0,0.0,8.0,C01,138Â 301Â 062,1.0
961367,201900002898,10,23,17:58,1,1,2,1.0,6.0,49301,D146,M,"47,1374870"," -1,0456560",49,2019,80.0,1.0,1.0,3.0,2148650,1.0,1,1,1,0.0,,0.0,0,1969.0,C01,138Â 301Â 062,1.0,-1.0,-1.0,1640830,0.0,7,,0.0,0.0,3.0,A01,138Â 301Â 060,1.0
961367,201900002898,10,23,17:58,1,1,2,1.0,6.0,49301,D146,M,"47,1374870"," -1,0456560",49,2019,80.0,1.0,1.0,3.0,2148650,1.0,1,1,1,0.0,,0.0,0,1969.0,C01,138Â 301Â 062,1.0,-1.0,-1.0,1640831,0.0,7,,0.0,0.0,3.0,B01,138Â 301Â 061,1.0
961367,201900002898,10,23,17:58,1,1,2,1.0,6.0,49301,D146,M,"47,1374870"," -1,0456560",49,2019,80.0,1.0,1.0,3.0,2148650,1.0,1,1,1,0.0,,0.0,0,1969.0,C01,138Â 301Â 062,1.0,-1.0,-1.0,1640832,0.0,7,,0.0,0.0,8.0,C01,138Â 301Â 062,1.0
961367,201900002898,10,23,17:58,1,1,2,1.0,6.0,49301,D146,M,"47,1374870"," -1,0456560",49,2019,80.0,1.0,1.0,3.0,2148651,2.0,2,1,2,3.0,,0.0,0,1970.0,C01,138Â 301Â 062,1.0,-1.0,-1.0,1640830,0.0,7,,0.0,0.0,3.0,A01,138Â 301Â 060,1.0
961367,201900002898,10,23,17:58,1,1,2,1.0,6.0,49301,D146,M,"47,1374870"," -1,0456560",49,2019,80.0,1.0,1.0,3.0,2148651,2.0,2,1,2,3.0,,0.0,0,1970.0,C01,138Â 301Â 062,1.0,-1.0,-1.0,1640831,0.0,7,,0.0,0.0,3.0,B01,138Â 301Â 061,1.0
961367,201900002898,10,23,17:58,1,1,2,1.0,6.0,49301,D146,M,"47,1374870"," -1,0456560",49,2019,80.0,1.0,1.0,3.0,2148651,2.0,2,1,2,3.0,,0.0,0,1970.0,C01,138Â 301Â 062,1.0,-1.0,-1.0,1640832,0.0,7,,0.0,0.0,8.0,C01,138Â 301Â 062,1.0
961368,201900002899,7,25,18:30,1,2,4,1.0,3.0,29103,Rue HervÃ© de GuÃ©briant,M,"48,4474450"," -4,2700320",29,2019,50.0,5.0,1.0,4.0,2148652,1.0,1,1,1,4.0,,0.0,0,1972.0,A01,138Â 301Â 058,1.0,-1.0,-1.0,1640833,3.0,37,1.0,0.0,2.0,2.0,A01,138Â 301Â 058,1.0
961368,201900002899,7,25,18:30,1,2,4,1.0,3.0,29103,Rue HervÃ© de GuÃ©briant,M,"48,4474450"," -4,2700320",29,2019,50.0,5.0,1.0,4.0,2148652,1.0,1,1,1,4.0,,0.0,0,1972.0,A01,138Â 301Â 058,1.0,-1.0,-1.0,1640834,3.0,1,,0.0,2.0,3.0,B01,138Â 301Â 059,5.0
961368,201900002899,7,25,18:30,1,2,4,1.0,3.0,29103,Rue HervÃ© de GuÃ©briant,M,"48,4474450"," -4,2700320",29,2019,50.0,5.0,1.0,4.0,2148653,1.0,1,4,1,5.0,,0.0,0,2003.0,B01,138Â 301Â 059,0.0,-1.0,-1.0,1640833,3.0,37,1.0,0.0,2.0,2.0,A01,138Â 301Â 058,1.0
961368,201900002899,7,25,18:30,1,2,4,1.0,3.0,29103,Rue HervÃ© de GuÃ©briant,M,"48,4474450"," -4,2700320",29,2019,50.0,5.0,1.0,4.0,2148653,1.0,1,4,1,5.0,,0.0,0,2003.0,B01,138Â 301Â 059,0.0,-1.0,-1.0,1640834,3.0,1,,0.0,2.0,3.0,B01,138Â 301Â 059,5.0
961369,201900002900,9,1,18:45,1,1,1,1.0,5.0,35076,Le PÃ¢tis des Friches,M,"48,0606990"," -1,7743460",35,2019,80.0,1.0,1.0,3.0,2148654,1.0,1,4,1,5.0,,0.0,0,1993.0,A01,138Â 301Â 055,1.0,-1.0,-1.0,1640835,1.0,7,,0.0,2.0,3.0,A01,138Â 301Â 055,1.0
961369,201900002900,9,1,18:45,1,1,1,1.0,5.0,35076,Le PÃ¢tis des Friches,M,"48,0606990"," -1,7743460",35,2019,80.0,1.0,1.0,3.0,2148654,1.0,1,4,1,5.0,,0.0,0,1993.0,A01,138Â 301Â 055,1.0,-1.0,-1.0,1640836,2.0,7,,0.0,2.0,3.0,B01,138Â 301Â 056,6.0
961369,201900002900,9,1,18:45,1,1,1,1.0,5.0,35076,Le PÃ¢tis des Friches,M,"48,0606990"," -1,7743460",35,2019,80.0,1.0,1.0,3.0,2148654,1.0,1,4,1,5.0,,0.0,0,1993.0,A01,138Â 301Â 055,1.0,-1.0,-1.0,1640837,2.0,7,,0.0,2.0,1.0,C01,138Â 301Â 057,1.0
961369,201900002900,9,1,18:45,1,1,1,1.0,5.0,35076,Le PÃ¢tis des Friches,M,"48,0606990"," -1,7743460",35,2019,80.0,1.0,1.0,3.0,2148655,1.0,1,4,2,5.0,,0.0,0,1969.0,B01,138Â 301Â 056,1.0,-1.0,-1.0,1640835,1.0,7,,0.0,2.0,3.0,A01,138Â 301Â 055,1.0