Unnamed: 0_x,num_acc,mois,jour,hrmn,lum,agg,int,atm,col,com,adr,gps,lat,long,dep,annee,vma,situ,surf,catr,Unnamed: 0_y,place,catu,grav,sexe,trajet,secu,locp,actp,an_nais,num_veh_x,id_vehicule_x,secu1,secu2,secu3,Unnamed: 0,senc,catv,occutc,obs,obsm,choc,num_veh_y,id_vehicule_y,motor
961369,201900002900,9,1,18:45,1,1,1,1.0,5.0,35076,Le PÃ¢tis des Friches,M,"48,0606990"," -1,7743460",35,2019,80.0,1.0,1.0,3.0,2148655,1.0,1,4,2,5.0,,0.0,0,1969.0,B01,138Â 301Â 056,1.0,-1.0,-1.0,1640836,2.0,7,,0.0,2.0,3.0,B01,138Â 301Â 056,6.0
961369,201900002900,9,1,18:45,1,1,1,1.0,5.0,35076,Le PÃ¢tis des Friches,M,"48,0606990"," -1,7743460",35,2019,80.0,1.0,1.0,3.0,2148655,1.0,1,4,2,5.0,,0.0,0,1969.0,B01,138Â 301Â 056,1.0,-1.0,-1.0,1640837,2.0,7,,0.0,2.0,1.0,C01,138Â 301Â 057,1.0
961369,201900002900,9,1,18:45,1,1,1,1.0,5.0,35076,Le PÃ¢tis des Friches,M,"48,0606990"," -1,7743460",35,2019,80.0,1.0,1.0,3.0,2148656,1.0,1,3,2,5.0,,0.0,0,1939.0,C01,138Â 301Â 057,1.0,-1.0,-1.0,1640835,1.0,7,,0.0,2.0,3.0,A01,138Â 301Â 055,1.0
961369,201900002900,9,1,18:45,1,1,1,1.0,5.0,35076,Le PÃ¢tis des Friches,M,"48,0606990"," -1,7743460",35,2019,80.0,1.0,1.0,3.0,2148656,1.0,1,3,2,5.0,,0.0,0,1939.0,C01,138Â 301Â 057,1.0,-1.0,-1.0,1640836,2.0,7,,0.0,2.0,3.0,B01,138Â 301Â 056,6.0
961369,201900002900,9,1,18:45,1,1,1,1.0,5.0,35076,Le PÃ¢tis des Friches,M,"48,0606990"," -1,7743460",35,2019,80.0,1.0,1.0,3.0,2148656,1.0,1,3,2,5.0,,0.0,0,1939.0,C01,138Â 301Â 057,1.0,-1.0,-1.0,1640837,2.0,7,,0.0,2.0,1.0,C01,138Â 301Â 057,1.0
961370,201900002901,10,23,22:00,3,1,6,1.0,3.0,60695,D924,M,"49,1981365","2,5113111",60,2019,-1.0,1.0,1.0,3.0,2148657,1.0,1,4,1,4.0,,0.0,0,1979.0,B01,138Â 301Â 050,2.0,-1.0,-1.0,1640838,2.0,33,,0.0,2.0,1.0,B01,138Â 301Â 050,1.0
961370,201900002901,10,23,22:00,3,1,6,1.0,3.0,60695,D924,M,"49,1981365","2,5113111",60,2019,-1.0,1.0,1.0,3.0,2148657,1.0,1,4,1,4.0,,0.0,0,1979.0,B01,138Â 301Â 050,2.0,-1.0,-1.0,1640839,2.0,10,,0.0,2.0,8.0,A01,138Â 301Â 051,1.0
961370,201900002901,10,23,22:00,3,1,6,1.0,3.0,60695,D924,M,"49,1981365","2,5113111",60,2019,-1.0,1.0,1.0,3.0,2148658,1.0,1,1,2,5.0,,0.0,0,1996.0,A01,138Â 301Â 051,1.0,-1.0,-1.0,1640838,2.0,33,,0.0,2.0,1.0,B01,138Â 301Â 050,1.0
961370,201900002901,10,23,22:00,3,1,6,1.0,3.0,60695,D924,M,"49,1981365","2,5113111",60,2019,-1.0,1.0,1.0,3.0,2148658,1.0,1,1,2,5.0,,0.0,0,1996.0,A01,138Â 301Â 051,1.0,-1.0,-1.0,1640839,2.0,10,,0.0,2.0,8.0,A01,138Â 301Â 051,1.0
961371,201900002902,10,24,08:00,2,1,1,1.0,1.0,60090,D53,M,"49,1692465","1,8845686",60,2019,80.0,1.0,2.0,3.0,2148659,1.0,1,1,1,4.0,,0.0,0,1962.0,A01,138Â 301Â 045,0.0,-1.0,-1.0,1640840,1.0,16,,0.0,0.0,1.0,A01,138Â 301Â 045,1.0
961371,201900002902,10,24,08:00,2,1,1,1.0,1.0,60090,D53,M,"49,1692465","1,8845686",60,2019,80.0,1.0,2.0,3.0,2148659,1.0,1,1,1,4.0,,0.0,0,1962.0,A01,138Â 301Â 045,0.0,-1.0,-1.0,1640841,2.0,10,,0.0,0.0,1.0,B01,138Â 301Â 046,1.0
961371,201900002902,10,24,08:00,2,1,1,1.0,1.0,60090,D53,M,"49,1692465","1,8845686",60,2019,80.0,1.0,2.0,3.0,2148660,1.0,1,3,1,0.0,,0.0,0,1998.0,B01,138Â 301Â 046,1.0,-1.0,-1.0,1640840,1.0,16,,0.0,0.0,1.0,A01,138Â 301Â 045,1.0
961371,201900002902,10,24,08:00,2,1,1,1.0,1.0,60090,D53,M,"49,1692465","1,8845686",60,2019,80.0,1.0,2.0,3.0,2148660,1.0,1,3,1,0.0,,0.0,0,1998.0,B01,138Â 301Â 046,1.0,-1.0,-1.0,1640841,2.0,10,,0.0,0.0,1.0,B01,138Â 301Â 046,1.0
961372,201900002903,8,5,13:00,1,1,1,1.0,4.0,80288,Rue Marie Anne,M,"49,8835300","2,8378700",80,2019,130.0,1.0,1.0,1.0,2148661,1.0,1,1,1,4.0,,0.0,0,1992.0,C01,138Â 301Â 042,1.0,-1.0,-1.0,1640842,1.0,7,,3.0,2.0,1.0,C01,138Â 301Â 042,1.0
961372,201900002903,8,5,13:00,1,1,1,1.0,4.0,80288,Rue Marie Anne,M,"49,8835300","2,8378700",80,2019,130.0,1.0,1.0,1.0,2148661,1.0,1,1,1,4.0,,0.0,0,1992.0,C01,138Â 301Â 042,1.0,-1.0,-1.0,1640843,1.0,7,,0.0,2.0,8.0,B01,138Â 301Â 043,1.0
961372,201900002903,8,5,13:00,1,1,1,1.0,4.0,80288,Rue Marie Anne,M,"49,8835300","2,8378700",80,2019,130.0,1.0,1.0,1.0,2148661,1.0,1,1,1,4.0,,0.0,0,1992.0,C01,138Â 301Â 042,1.0,-1.0,-1.0,1640844,1.0,7,,3.0,2.0,4.0,A01,138Â 301Â 044,1.0
961372,201900002903,8,5,13:00,1,1,1,1.0,4.0,80288,Rue Marie Anne,M,"49,8835300","2,8378700",80,2019,130.0,1.0,1.0,1.0,2148662,7.0,2,1,2,5.0,,0.0,0,2016.0,B01,138Â 301Â 043,1.0,3.0,-1.0,1640842,1.0,7,,3.0,2.0,1.0,C01,138Â 301Â 042,1.0
961372,201900002903,8,5,13:00,1,1,1,1.0,4.0,80288,Rue Marie Anne,M,"49,8835300","2,8378700",80,2019,130.0,1.0,1.0,1.0,2148662,7.0,2,1,2,5.0,,0.0,0,2016.0,B01,138Â 301Â 043,1.0,3.0,-1.0,1640843,1.0,7,,0.0,2.0,8.0,B01,138Â 301Â 043,1.0
961372,201900002903,8,5,13:00,1,1,1,1.0,4.0,80288,Rue Marie Anne,M,"49,8835300","2,8378700",80,2019,130.0,1.0,1.0,1.0,2148662,7.0,2,1,2,5.0,,0.0,0,2016.0,B01,138Â 301Â 043,1.0,3.0,-1.0,1640844,1.0,7,,3.0,2.0,4.0,A01,138Â 301Â 044,1.0
961372,201900002903,8,5,13:00,1,1,1,1.0,4.0,80288,Rue Marie Anne,M,"49,8835300","2,8378700",80,2019,130.0,1.0,1.0,1.0,2148663,9.0,2,1,2,5.0,,0.0,0,2019.0,B01,138Â 301Â 043,1.0,3.0,-1.0,1640842,1.0,7,,3.0,2.0,1.0,C01,138Â 301Â 042,1.0
961372,201900002903,8,5,13:00,1,1,1,1.0,4.0,80288,Rue Marie Anne,M,"49,8835300","2,8378700",80,2019,130.0,1.0,1.0,1.0,2148663,9.0,2,1,2,5.0,,0.0,0,2019.0,B01,138Â 301Â 043,1.0,3.0,-1.0,1640843,1.0,7,,0.0,2.0,8.0,B01,138Â 301Â 043,1.0
961372,201900002903,8,5,13:00,1,1,1,1.0,4.0,80288,Rue Marie Anne,M,"49,8835300","2,8378700",80,2019,130.0,1.0,1.0,1.0,2148663,9.0,2,1,2,5.0,,0.0,0,2019.0,B01,138Â 301Â 043,1.0,3.0,-1.0,1640844,1.0,7,,3.0,2.0,4.0,A01,138Â 301Â 044,1.0
961372,201900002903,8,5,13:00,1,1,1,1.0,4.0,80288,Rue Marie Anne,M,"49,8835300","2,8378700",80,2019,130.0,1.0,1.0,1.0,2148664,2.0,2,1,2,5.0,,0.0,0,1993.0,B01,138Â 301Â 043,1.0,-1.0,-1.0,1640842,1.0,7,,3.0,2.0,1.0,C01,138Â 301Â 042,1.0
961372,201900002903,8,5,13:00,1,1,1,1.0,4.0,80288,Rue Marie Anne,M,"49,8835300","2,8378700",80,2019,130.0,1.0,1.0,1.0,2148664,2.0,2,1,2,5.0,,0.0,0,1993.0,B01,138Â 301Â 043,1.0,-1.0,-1.0,1640843,1.0,7,,0.0,2.0,8.0,B01,138Â 301Â 043,1.0
961372,201900002903,8,5,13:00,1,1,1,1.0,4.0,80288,Rue Marie Anne,M,"49,8835300","2,8378700",80,2019,130.0,1.0,1.0,1.0,2148664,2.0,2,1,2,5.0,,0.0,0,1993.0,B01,138Â 301Â 043,1.0,-1.0,-1.0,1640844,1.0,7,,3.0,2.0,4.0,A01,138Â 301Â 044,1.0
961372,201900002903,8,5,13:00,1,1,1,1.0,4.0,80288,Rue Marie Anne,M,"49,8835300","2,8378700",80,2019,130.0,1.0,1.0,1.0,2148665,1.0,1,1,1,5.0,,0.0,0,1989.0,B01,138Â 301Â 043,1.0,-1.0,-1.0,1640842,1.0,7,,3.0,2.0,1.0,C01,138Â 301Â 042,1.0
961372,201900002903,8,5,13:00,1,1,1,1.0,4.0,80288,Rue Marie Anne,M,"49,8835300","2,8378700",80,2019,130.0,1.0,1.0,1.0,2148665,1.0,1,1,1,5.0,,0.0,0,1989.0,B01,138Â 301Â 043,1.0,-1.0,-1.0,1640843,1.0,7,,0.0,2.0,8.0,B01,138Â 301Â 043,1.0
961372,201900002903,8,5,13:00,1,1,1,1.0,4.0,80288,Rue Marie Anne,M,"49,8835300","2,8378700",80,2019,130.0,1.0,1.0,1.0,2148665,1.0,1,1,1,5.0,,0.0,0,1989.0,B01,138Â 301Â 043,1.0,-1.0,-1.0,1640844,1.0,7,,3.0,2.0,4.0,A01,138Â 301Â 044,1.0
961372,201900002903,8,5,13:00,1,1,1,1.0,4.0,80288,Rue Marie Anne,M,"49,8835300","2,8378700",80,2019,130.0,1.0,1.0,1.0,2148666,1.0,1,4,1,4.0,,0.0,0,1969.0,A01,138Â 301Â 044,1.0,-1.0,-1.0,1640842,1.0,7,,3.0,2.0,1.0,C01,138Â 301Â 042,1.0
961372,201900002903,8,5,13:00,1,1,1,1.0,4.0,80288,Rue Marie Anne,M,"49,8835300","2,8378700",80,2019,130.0,1.0,1.0,1.0,2148666,1.0,1,4,1,4.0,,0.0,0,1969.0,A01,138Â 301Â 044,1.0,-1.0,-1.0,1640843,1.0,7,,0.0,2.0,8.0,B01,138Â 301Â 043,1.0
961372,201900002903,8,5,13:00,1,1,1,1.0,4.0,80288,Rue Marie Anne,M,"49,8835300","2,8378700",80,2019,130.0,1.0,1.0,1.0,2148666,1.0,1,4,1,4.0,,0.0,0,1969.0,A01,138Â 301Â 044,1.0,-1.0,-1.0,1640844,1.0,7,,3.0,2.0,4.0,A01,138Â 301Â 044,1.0
961373,201900002904,10,24,16:45,2,1,2,1.0,3.0,59435,CD 549 / CD 127,M,"50,5004259","3,2451595",59,2019,-1.0,1.0,1.0,3.0,2148667,1.0,1,4,1,-1.0,,0.0,0,1945.0,D01,138Â 301Â 040,1.0,0.0,0.0,1640845,1.0,0,,0.0,2.0,2.0,D01,138Â 301Â 040,-1.0
961373,201900002904,10,24,16:45,2,1,2,1.0,3.0,59435,CD 549 / CD 127,M,"50,5004259","3,2451595",59,2019,-1.0,1.0,1.0,3.0,2148667,1.0,1,4,1,-1.0,,0.0,0,1945.0,D01,138Â 301Â 040,1.0,0.0,0.0,1640846,1.0,10,,0.0,2.0,1.0,C01,138Â 301Â 041,-1.0
961373,201900002904,10,24,16:45,2,1,2,1.0,3.0,59435,CD 549 / CD 127,M,"50,5004259","3,2451595",59,2019,-1.0,1.0,1.0,3.0,2148668,1.0,1,4,1,4.0,,0.0,0,1969.0,C01,138Â 301Â 041,1.0,0.0,0.0,1640845,1.0,0,,0.0,2.0,2.0,D01,138Â 301Â 040,-1.0
961373,201900002904,10,24,16:45,2,1,2,1.0,3.0,59435,CD 549 / CD 127,M,"50,5004259","3,2451595",59,2019,-1.0,1.0,1.0,3.0,2148668,1.0,1,4,1,4.0,,0.0,0,1969.0,C01,138Â 301Â 041,1.0,0.0,0.0,1640846,1.0,10,,0.0,2.0,1.0,C01,138Â 301Â 041,-1.0
961374,201900002905,10,22,19:35,5,1,3,1.0,3.0,59249,intersection D20 - D42,M,"49,9993610","4,0378450",59,2019,80.0,1.0,1.0,3.0,2148669,1.0,1,1,1,5.0,,0.0,0,1997.0,A01,138Â 301Â 038,1.0,-1.0,-1.0,1640847,1.0,7,,0.0,2.0,8.0,A01,138Â 301Â 038,0.0
961374,201900002905,10,22,19:35,5,1,3,1.0,3.0,59249,intersection D20 - D42,M,"49,9993610","4,0378450",59,2019,80.0,1.0,1.0,3.0,2148669,1.0,1,1,1,5.0,,0.0,0,1997.0,A01,138Â 301Â 038,1.0,-1.0,-1.0,1640848,2.0,30,,0.0,2.0,1.0,B01,138Â 301Â 039,0.0
961374,201900002905,10,22,19:35,5,1,3,1.0,3.0,59249,intersection D20 - D42,M,"49,9993610","4,0378450",59,2019,80.0,1.0,1.0,3.0,2148670,1.0,1,4,1,5.0,,0.0,0,1996.0,B01,138Â 301Â 039,2.0,6.0,-1.0,1640847,1.0,7,,0.0,2.0,8.0,A01,138Â 301Â 038,0.0
961374,201900002905,10,22,19:35,5,1,3,1.0,3.0,59249,intersection D20 - D42,M,"49,9993610","4,0378450",59,2019,80.0,1.0,1.0,3.0,2148670,1.0,1,4,1,5.0,,0.0,0,1996.0,B01,138Â 301Â 039,2.0,6.0,-1.0,1640848,2.0,30,,0.0,2.0,1.0,B01,138Â 301Â 039,0.0
961375,201900002906,10,15,13:10,1,1,1,2.0,2.0,38087,A7   20.110 A 22.950,M,"45,5743500","4,8054600",38,2019,50.0,1.0,2.0,1.0,2148671,1.0,1,1,2,0.0,,0.0,0,1990.0,A01,138Â 301Â 036,1.0,0.0,-1.0,1640849,3.0,7,,0.0,2.0,3.0,A01,138Â 301Â 036,1.0
961375,201900002906,10,15,13:10,1,1,1,2.0,2.0,38087,A7   20.110 A 22.950,M,"45,5743500","4,8054600",38,2019,50.0,1.0,2.0,1.0,2148671,1.0,1,1,2,0.0,,0.0,0,1990.0,A01,138Â 301Â 036,1.0,0.0,-1.0,1640850,3.0,7,,0.0,2.0,5.0,B01,138Â 301Â 037,1.0
961375,201900002906,10,15,13:10,1,1,1,2.0,2.0,38087,A7   20.110 A 22.950,M,"45,5743500","4,8054600",38,2019,50.0,1.0,2.0,1.0,2148672,2.0,2,4,2,5.0,,-1.0, -1,1955.0,B01,138Â 301Â 037,1.0,0.0,-1.0,1640849,3.0,7,,0.0,2.0,3.0,A01,138Â 301Â 036,1.0
961375,201900002906,10,15,13:10,1,1,1,2.0,2.0,38087,A7   20.110 A 22.950,M,"45,5743500","4,8054600",38,2019,50.0,1.0,2.0,1.0,2148672,2.0,2,4,2,5.0,,-1.0, -1,1955.0,B01,138Â 301Â 037,1.0,0.0,-1.0,1640850,3.0,7,,0.0,2.0,5.0,B01,138Â 301Â 037,1.0
961375,201900002906,10,15,13:10,1,1,1,2.0,2.0,38087,A7   20.110 A 22.950,M,"45,5743500","4,8054600",38,2019,50.0,1.0,2.0,1.0,2148673,1.0,1,4,1,5.0,,-1.0, -1,1953.0,B01,138Â 301Â 037,1.0,0.0,-1.0,1640849,3.0,7,,0.0,2.0,3.0,A01,138Â 301Â 036,1.0
961375,201900002906,10,15,13:10,1,1,1,2.0,2.0,38087,A7   20.110 A 22.950,M,"45,5743500","4,8054600",38,2019,50.0,1.0,2.0,1.0,2148673,1.0,1,4,1,5.0,,-1.0, -1,1953.0,B01,138Â 301Â 037,1.0,0.0,-1.0,1640850,3.0,7,,0.0,2.0,5.0,B01,138Â 301Â 037,1.0
961376,201900002907,10,20,20:35,3,1,1,2.0,2.0,42044,RN88,M,"45,3935440","4,3257590",42,2019,110.0,1.0,4.0,2.0,2148674,4.0,2,4,2,5.0,,-1.0, -1,2001.0,B01,138Â 301Â 034,1.0,0.0,-1.0,1640851,2.0,7,,0.0,2.0,4.0,B01,138Â 301Â 034,1.0
961376,201900002907,10,20,20:35,3,1,1,2.0,2.0,42044,RN88,M,"45,3935440","4,3257590",42,2019,110.0,1.0,4.0,2.0,2148674,4.0,2,4,2,5.0,,-1.0, -1,2001.0,B01,138Â 301Â 034,1.0,0.0,-1.0,1640852,2.0,7,,0.0,2.0,1.0,A01,138Â 301Â 035,6.0
961376,201900002907,10,20,20:35,3,1,1,2.0,2.0,42044,RN88,M,"45,3935440","4,3257590",42,2019,110.0,1.0,4.0,2.0,2148675,2.0,2,4,1,0.0,,-1.0, -1,2001.0,B01,138Â 301Â 034,1.0,0.0,-1.0,1640851,2.0,7,,0.0,2.0,4.0,B01,138Â 301Â 034,1.0
961376,201900002907,10,20,20:35,3,1,1,2.0,2.0,42044,RN88,M,"45,3935440","4,3257590",42,2019,110.0,1.0,4.0,2.0,2148675,2.0,2,4,1,0.0,,-1.0, -1,2001.0,B01,138Â 301Â 034,1.0,0.0,-1.0,1640852,2.0,7,,0.0,2.0,1.0,A01,138Â 301Â 035,6.0
961376,201900002907,10,20,20:35,3,1,1,2.0,2.0,42044,RN88,M,"45,3935440","4,3257590",42,2019,110.0,1.0,4.0,2.0,2148676,3.0,2,4,2,0.0,,-1.0, -1,2001.0,B01,138Â 301Â 034,1.0,8.0,-1.0,1640851,2.0,7,,0.0,2.0,4.0,B01,138Â 301Â 034,1.0
961376,201900002907,10,20,20:35,3,1,1,2.0,2.0,42044,RN88,M,"45,3935440","4,3257590",42,2019,110.0,1.0,4.0,2.0,2148676,3.0,2,4,2,0.0,,-1.0, -1,2001.0,B01,138Â 301Â 034,1.0,8.0,-1.0,1640852,2.0,7,,0.0,2.0,1.0,A01,138Â 301Â 035,6.0
961376,201900002907,10,20,20:35,3,1,1,2.0,2.0,42044,RN88,M,"45,3935440","4,3257590",42,2019,110.0,1.0,4.0,2.0,2148677,1.0,1,4,1,5.0,,-1.0, -1,2001.0,B01,138Â 301Â 034,1.0,0.0,-1.0,1640851,2.0,7,,0.0,2.0,4.0,B01,138Â 301Â 034,1.0
961376,201900002907,10,20,20:35,3,1,1,2.0,2.0,42044,RN88,M,"45,3935440","4,3257590",42,2019,110.0,1.0,4.0,2.0,2148677,1.0,1,4,1,5.0,,-1.0, -1,2001.0,B01,138Â 301Â 034,1.0,0.0,-1.0,1640852,2.0,7,,0.0,2.0,1.0,A01,138Â 301Â 035,6.0
961376,201900002907,10,20,20:35,3,1,1,2.0,2.0,42044,RN88,M,"45,3935440","4,3257590",42,2019,110.0,1.0,4.0,2.0,2148678,1.0,1,1,1,5.0,,-1.0, -1,1989.0,A01,138Â 301Â 035,1.0,8.0,-1.0,1640851,2.0,7,,0.0,2.0,4.0,B01,138Â 301Â 034,1.0
961376,201900002907,10,20,20:35,3,1,1,2.0,2.0,42044,RN88,M,"45,3935440","4,3257590",42,2019,110.0,1.0,4.0,2.0,2148678,1.0,1,1,1,5.0,,-1.0, -1,1989.0,A01,138Â 301Â 035,1.0,8.0,-1.0,1640852,2.0,7,,0.0,2.0,1.0,A01,138Â 301Â 035,6.0
961377,201900002908,10,20,07:00,3,1,1,2.0,7.0,67482,Autoroute A.35,M,"48,5882800","7,7286500",67,2019,50.0,1.0,2.0,1.0,2148679,1.0,1,4,2,1.0,,-1.0,0,1981.0,A01,138Â 301Â 033,1.0,0.0,-1.0,1640853,1.0,7,,6.0,0.0,1.0,A01,138Â 301Â 033,1.0
961378,201900002909,10,21,18:10,2,1,1,2.0,4.0,67482,Autoroute A.35,M,"48,5912154","7,7348325",67,2019,90.0,1.0,2.0,1.0,2148680,1.0,1,1,1,3.0,,0.0,0,1989.0,A01,138Â 301Â 030,1.0,0.0,-1.0,1640854,2.0,7,,0.0,2.0,2.0,A01,138Â 301Â 030,1.0
961378,201900002909,10,21,18:10,2,1,1,2.0,4.0,67482,Autoroute A.35,M,"48,5912154","7,7348325",67,2019,90.0,1.0,2.0,1.0,2148680,1.0,1,1,1,3.0,,0.0,0,1989.0,A01,138Â 301Â 030,1.0,0.0,-1.0,1640855,2.0,7,,3.0,2.0,6.0,B01,138Â 301Â 031,1.0
961378,201900002909,10,21,18:10,2,1,1,2.0,4.0,67482,Autoroute A.35,M,"48,5912154","7,7348325",67,2019,90.0,1.0,2.0,1.0,2148680,1.0,1,1,1,3.0,,0.0,0,1989.0,A01,138Â 301Â 030,1.0,0.0,-1.0,1640856,2.0,7,,0.0,2.0,5.0,C01,138Â 301Â 032,1.0
961378,201900002909,10,21,18:10,2,1,1,2.0,4.0,67482,Autoroute A.35,M,"48,5912154","7,7348325",67,2019,90.0,1.0,2.0,1.0,2148681,1.0,1,4,2,3.0,,0.0,0,1982.0,B01,138Â 301Â 031,1.0,0.0,-1.0,1640854,2.0,7,,0.0,2.0,2.0,A01,138Â 301Â 030,1.0
961378,201900002909,10,21,18:10,2,1,1,2.0,4.0,67482,Autoroute A.35,M,"48,5912154","7,7348325",67,2019,90.0,1.0,2.0,1.0,2148681,1.0,1,4,2,3.0,,0.0,0,1982.0,B01,138Â 301Â 031,1.0,0.0,-1.0,1640855,2.0,7,,3.0,2.0,6.0,B01,138Â 301Â 031,1.0
961378,201900002909,10,21,18:10,2,1,1,2.0,4.0,67482,Autoroute A.35,M,"48,5912154","7,7348325",67,2019,90.0,1.0,2.0,1.0,2148681,1.0,1,4,2,3.0,,0.0,0,1982.0,B01,138Â 301Â 031,1.0,0.0,-1.0,1640856,2.0,7,,0.0,2.0,5.0,C01,138Â 301Â 032,1.0
961378,201900002909,10,21,18:10,2,1,1,2.0,4.0,67482,Autoroute A.35,M,"48,5912154","7,7348325",67,2019,90.0,1.0,2.0,1.0,2148682,1.0,1,4,2,9.0,,0.0,0,1986.0,C01,138Â 301Â 032,1.0,0.0,-1.0,1640854,2.0,7,,0.0,2.0,2.0,A01,138Â 301Â 030,1.0
961378,201900002909,10,21,18:10,2,1,1,2.0,4.0,67482,Autoroute A.35,M,"48,5912154","7,7348325",67,2019,90.0,1.0,2.0,1.0,2148682,1.0,1,4,2,9.0,,0.0,0,1986.0,C01,138Â 301Â 032,1.0,0.0,-1.0,1640855,2.0,7,,3.0,2.0,6.0,B01,138Â 301Â 031,1.0
961378,201900002909,10,21,18:10,2,1,1,2.0,4.0,67482,Autoroute A.35,M,"48,5912154","7,7348325",67,2019,90.0,1.0,2.0,1.0,2148682,1.0,1,4,2,9.0,,0.0,0,1986.0,C01,138Â 301Â 032,1.0,0.0,-1.0,1640856,2.0,7,,0.0,2.0,5.0,C01,138Â 301Â 032,1.0
961379,201900002910,10,23,20:40,5,1,1,3.0,4.0,33143,AUTOROUTE A 10,M,"44,9569500"," -0,4502100",33,2019,130.0,1.0,2.0,1.0,2148683,1.0,1,1,2,9.0,,-1.0,0,1991.0,B01,138Â 301Â 025,1.0,8.0,-1.0,1640857,2.0,7,,0.0,2.0,9.0,B01,138Â 301Â 025,1.0
961379,201900002910,10,23,20:40,5,1,1,3.0,4.0,33143,AUTOROUTE A 10,M,"44,9569500"," -0,4502100",33,2019,130.0,1.0,2.0,1.0,2148683,1.0,1,1,2,9.0,,-1.0,0,1991.0,B01,138Â 301Â 025,1.0,8.0,-1.0,1640858,2.0,7,,3.0,2.0,9.0,C01,138Â 301Â 026,1.0
961379,201900002910,10,23,20:40,5,1,1,3.0,4.0,33143,AUTOROUTE A 10,M,"44,9569500"," -0,4502100",33,2019,130.0,1.0,2.0,1.0,2148683,1.0,1,1,2,9.0,,-1.0,0,1991.0,B01,138Â 301Â 025,1.0,8.0,-1.0,1640859,2.0,17,,0.0,2.0,8.0,D01,138Â 301Â 027,1.0
961379,201900002910,10,23,20:40,5,1,1,3.0,4.0,33143,AUTOROUTE A 10,M,"44,9569500"," -0,4502100",33,2019,130.0,1.0,2.0,1.0,2148683,1.0,1,1,2,9.0,,-1.0,0,1991.0,B01,138Â 301Â 025,1.0,8.0,-1.0,1640860,2.0,10,,0.0,2.0,4.0,E01,138Â 301Â 028,1.0
961379,201900002910,10,23,20:40,5,1,1,3.0,4.0,33143,AUTOROUTE A 10,M,"44,9569500"," -0,4502100",33,2019,130.0,1.0,2.0,1.0,2148683,1.0,1,1,2,9.0,,-1.0,0,1991.0,B01,138Â 301Â 025,1.0,8.0,-1.0,1640861,2.0,7,,0.0,2.0,1.0,A01,138Â 301Â 029,1.0
961379,201900002910,10,23,20:40,5,1,1,3.0,4.0,33143,AUTOROUTE A 10,M,"44,9569500"," -0,4502100",33,2019,130.0,1.0,2.0,1.0,2148684,1.0,1,4,1,5.0,,-1.0,0,1986.0,C01,138Â 301Â 026,1.0,8.0,-1.0,1640857,2.0,7,,0.0,2.0,9.0,B01,138Â 301Â 025,1.0
961379,201900002910,10,23,20:40,5,1,1,3.0,4.0,33143,AUTOROUTE A 10,M,"44,9569500"," -0,4502100",33,2019,130.0,1.0,2.0,1.0,2148684,1.0,1,4,1,5.0,,-1.0,0,1986.0,C01,138Â 301Â 026,1.0,8.0,-1.0,1640858,2.0,7,,3.0,2.0,9.0,C01,138Â 301Â 026,1.0
961379,201900002910,10,23,20:40,5,1,1,3.0,4.0,33143,AUTOROUTE A 10,M,"44,9569500"," -0,4502100",33,2019,130.0,1.0,2.0,1.0,2148684,1.0,1,4,1,5.0,,-1.0,0,1986.0,C01,138Â 301Â 026,1.0,8.0,-1.0,1640859,2.0,17,,0.0,2.0,8.0,D01,138Â 301Â 027,1.0
961379,201900002910,10,23,20:40,5,1,1,3.0,4.0,33143,AUTOROUTE A 10,M,"44,9569500"," -0,4502100",33,2019,130.0,1.0,2.0,1.0,2148684,1.0,1,4,1,5.0,,-1.0,0,1986.0,C01,138Â 301Â 026,1.0,8.0,-1.0,1640860,2.0,10,,0.0,2.0,4.0,E01,138Â 301Â 028,1.0
961379,201900002910,10,23,20:40,5,1,1,3.0,4.0,33143,AUTOROUTE A 10,M,"44,9569500"," -0,4502100",33,2019,130.0,1.0,2.0,1.0,2148684,1.0,1,4,1,5.0,,-1.0,0,1986.0,C01,138Â 301Â 026,1.0,8.0,-1.0,1640861,2.0,7,,0.0,2.0,1.0,A01,138Â 301Â 029,1.0
961379,201900002910,10,23,20:40,5,1,1,3.0,4.0,33143,AUTOROUTE A 10,M,"44,9569500"," -0,4502100",33,2019,130.0,1.0,2.0,1.0,2148685,1.0,1,1,1,4.0,,-1.0,0,1975.0,D01,138Â 301Â 027,1.0,8.0,-1.0,1640857,2.0,7,,0.0,2.0,9.0,B01,138Â 301Â 025,1.0
961379,201900002910,10,23,20:40,5,1,1,3.0,4.0,33143,AUTOROUTE A 10,M,"44,9569500"," -0,4502100",33,2019,130.0,1.0,2.0,1.0,2148685,1.0,1,1,1,4.0,,-1.0,0,1975.0,D01,138Â 301Â 027,1.0,8.0,-1.0,1640858,2.0,7,,3.0,2.0,9.0,C01,138Â 301Â 026,1.0
961379,201900002910,10,23,20:40,5,1,1,3.0,4.0,33143,AUTOROUTE A 10,M,"44,9569500"," -0,4502100",33,2019,130.0,1.0,2.0,1.0,2148685,1.0,1,1,1,4.0,,-1.0,0,1975.0,D01,138Â 301Â 027,1.0,8.0,-1.0,1640859,2.0,17,,0.0,2.0,8.0,D01,138Â 301Â 027,1.0