Unnamed: 0_x,num_acc,mois,jour,hrmn,lum,agg,int,atm,col,com,adr,gps,lat,long,dep,annee,vma,situ,surf,catr,Unnamed: 0_y,place,catu,grav,sexe,trajet,secu,locp,actp,an_nais,num_veh_x,id_vehicule_x,secu1,secu2,secu3,Unnamed: 0,senc,catv,occutc,obs,obsm,choc,num_veh_y,id_vehicule_y,motor
961379,201900002910,10,23,20:40,5,1,1,3.0,4.0,33143,AUTOROUTE A 10,M,"44,9569500"," -0,4502100",33,2019,130.0,1.0,2.0,1.0,2148685,1.0,1,1,1,4.0,,-1.0,0,1975.0,D01,138Â 301Â 027,1.0,8.0,-1.0,1640860,2.0,10,,0.0,2.0,4.0,E01,138Â 301Â 028,1.0
961379,201900002910,10,23,20:40,5,1,1,3.0,4.0,33143,AUTOROUTE A 10,M,"44,9569500"," -0,4502100",33,2019,130.0,1.0,2.0,1.0,2148685,1.0,1,1,1,4.0,,-1.0,0,1975.0,D01,138Â 301Â 027,1.0,8.0,-1.0,1640861,2.0,7,,0.0,2.0,1.0,A01,138Â 301Â 029,1.0
961379,201900002910,10,23,20:40,5,1,1,3.0,4.0,33143,AUTOROUTE A 10,M,"44,9569500"," -0,4502100",33,2019,130.0,1.0,2.0,1.0,2148686,1.0,1,1,1,0.0,,-1.0,0,1964.0,E01,138Â 301Â 028,1.0,8.0,-1.0,1640857,2.0,7,,0.0,2.0,9.0,B01,138Â 301Â 025,1.0
961379,201900002910,10,23,20:40,5,1,1,3.0,4.0,33143,AUTOROUTE A 10,M,"44,9569500"," -0,4502100",33,2019,130.0,1.0,2.0,1.0,2148686,1.0,1,1,1,0.0,,-1.0,0,1964.0,E01,138Â 301Â 028,1.0,8.0,-1.0,1640858,2.0,7,,3.0,2.0,9.0,C01,138Â 301Â 026,1.0
961379,201900002910,10,23,20:40,5,1,1,3.0,4.0,33143,AUTOROUTE A 10,M,"44,9569500"," -0,4502100",33,2019,130.0,1.0,2.0,1.0,2148686,1.0,1,1,1,0.0,,-1.0,0,1964.0,E01,138Â 301Â 028,1.0,8.0,-1.0,1640859,2.0,17,,0.0,2.0,8.0,D01,138Â 301Â 027,1.0
961379,201900002910,10,23,20:40,5,1,1,3.0,4.0,33143,AUTOROUTE A 10,M,"44,9569500"," -0,4502100",33,2019,130.0,1.0,2.0,1.0,2148686,1.0,1,1,1,0.0,,-1.0,0,1964.0,E01,138Â 301Â 028,1.0,8.0,-1.0,1640860,2.0,10,,0.0,2.0,4.0,E01,138Â 301Â 028,1.0
961379,201900002910,10,23,20:40,5,1,1,3.0,4.0,33143,AUTOROUTE A 10,M,"44,9569500"," -0,4502100",33,2019,130.0,1.0,2.0,1.0,2148686,1.0,1,1,1,0.0,,-1.0,0,1964.0,E01,138Â 301Â 028,1.0,8.0,-1.0,1640861,2.0,7,,0.0,2.0,1.0,A01,138Â 301Â 029,1.0
961379,201900002910,10,23,20:40,5,1,1,3.0,4.0,33143,AUTOROUTE A 10,M,"44,9569500"," -0,4502100",33,2019,130.0,1.0,2.0,1.0,2148687,1.0,1,1,1,0.0,,-1.0, -1,1986.0,A01,138Â 301Â 029,1.0,8.0,-1.0,1640857,2.0,7,,0.0,2.0,9.0,B01,138Â 301Â 025,1.0
961379,201900002910,10,23,20:40,5,1,1,3.0,4.0,33143,AUTOROUTE A 10,M,"44,9569500"," -0,4502100",33,2019,130.0,1.0,2.0,1.0,2148687,1.0,1,1,1,0.0,,-1.0, -1,1986.0,A01,138Â 301Â 029,1.0,8.0,-1.0,1640858,2.0,7,,3.0,2.0,9.0,C01,138Â 301Â 026,1.0
961379,201900002910,10,23,20:40,5,1,1,3.0,4.0,33143,AUTOROUTE A 10,M,"44,9569500"," -0,4502100",33,2019,130.0,1.0,2.0,1.0,2148687,1.0,1,1,1,0.0,,-1.0, -1,1986.0,A01,138Â 301Â 029,1.0,8.0,-1.0,1640859,2.0,17,,0.0,2.0,8.0,D01,138Â 301Â 027,1.0
961379,201900002910,10,23,20:40,5,1,1,3.0,4.0,33143,AUTOROUTE A 10,M,"44,9569500"," -0,4502100",33,2019,130.0,1.0,2.0,1.0,2148687,1.0,1,1,1,0.0,,-1.0, -1,1986.0,A01,138Â 301Â 029,1.0,8.0,-1.0,1640860,2.0,10,,0.0,2.0,4.0,E01,138Â 301Â 028,1.0
961379,201900002910,10,23,20:40,5,1,1,3.0,4.0,33143,AUTOROUTE A 10,M,"44,9569500"," -0,4502100",33,2019,130.0,1.0,2.0,1.0,2148687,1.0,1,1,1,0.0,,-1.0, -1,1986.0,A01,138Â 301Â 029,1.0,8.0,-1.0,1640861,2.0,7,,0.0,2.0,1.0,A01,138Â 301Â 029,1.0
961380,201900002911,10,23,20:40,5,1,1,3.0,6.0,33143,AUTOROUTE A 10,M,"44,9570200"," -0,4503900",33,2019,130.0,1.0,2.0,1.0,2148688,1.0,1,4,1,1.0,,-1.0, -1,1964.0,A01,138Â 301Â 024,1.0,8.0,-1.0,1640862,1.0,10,,4.0,0.0,0.0,A01,138Â 301Â 024,1.0
961381,201900002912,10,23,18:30,1,1,1,2.0,4.0,91064,RN 118,M,"48,7488600","2,2150600",91,2019,90.0,1.0,2.0,2.0,2148689,1.0,1,1,1,9.0,,0.0,0,1974.0,A01,138Â 301Â 021,1.0,0.0,-1.0,1640863,2.0,7,,0.0,2.0,3.0,A01,138Â 301Â 021,1.0
961381,201900002912,10,23,18:30,1,1,1,2.0,4.0,91064,RN 118,M,"48,7488600","2,2150600",91,2019,90.0,1.0,2.0,2.0,2148689,1.0,1,1,1,9.0,,0.0,0,1974.0,A01,138Â 301Â 021,1.0,0.0,-1.0,1640864,2.0,33,,0.0,2.0,7.0,B01,138Â 301Â 022,1.0
961381,201900002912,10,23,18:30,1,1,1,2.0,4.0,91064,RN 118,M,"48,7488600","2,2150600",91,2019,90.0,1.0,2.0,2.0,2148689,1.0,1,1,1,9.0,,0.0,0,1974.0,A01,138Â 301Â 021,1.0,0.0,-1.0,1640865,2.0,7,,0.0,2.0,5.0,C01,138Â 301Â 023,1.0
961381,201900002912,10,23,18:30,1,1,1,2.0,4.0,91064,RN 118,M,"48,7488600","2,2150600",91,2019,90.0,1.0,2.0,2.0,2148690,1.0,1,4,1,9.0,,0.0,0,1960.0,B01,138Â 301Â 022,2.0,6.0,-1.0,1640863,2.0,7,,0.0,2.0,3.0,A01,138Â 301Â 021,1.0
961381,201900002912,10,23,18:30,1,1,1,2.0,4.0,91064,RN 118,M,"48,7488600","2,2150600",91,2019,90.0,1.0,2.0,2.0,2148690,1.0,1,4,1,9.0,,0.0,0,1960.0,B01,138Â 301Â 022,2.0,6.0,-1.0,1640864,2.0,33,,0.0,2.0,7.0,B01,138Â 301Â 022,1.0
961381,201900002912,10,23,18:30,1,1,1,2.0,4.0,91064,RN 118,M,"48,7488600","2,2150600",91,2019,90.0,1.0,2.0,2.0,2148690,1.0,1,4,1,9.0,,0.0,0,1960.0,B01,138Â 301Â 022,2.0,6.0,-1.0,1640865,2.0,7,,0.0,2.0,5.0,C01,138Â 301Â 023,1.0
961381,201900002912,10,23,18:30,1,1,1,2.0,4.0,91064,RN 118,M,"48,7488600","2,2150600",91,2019,90.0,1.0,2.0,2.0,2148691,1.0,1,1,1,9.0,,0.0,0,1980.0,C01,138Â 301Â 023,1.0,0.0,-1.0,1640863,2.0,7,,0.0,2.0,3.0,A01,138Â 301Â 021,1.0
961381,201900002912,10,23,18:30,1,1,1,2.0,4.0,91064,RN 118,M,"48,7488600","2,2150600",91,2019,90.0,1.0,2.0,2.0,2148691,1.0,1,1,1,9.0,,0.0,0,1980.0,C01,138Â 301Â 023,1.0,0.0,-1.0,1640864,2.0,33,,0.0,2.0,7.0,B01,138Â 301Â 022,1.0
961381,201900002912,10,23,18:30,1,1,1,2.0,4.0,91064,RN 118,M,"48,7488600","2,2150600",91,2019,90.0,1.0,2.0,2.0,2148691,1.0,1,1,1,9.0,,0.0,0,1980.0,C01,138Â 301Â 023,1.0,0.0,-1.0,1640865,2.0,7,,0.0,2.0,5.0,C01,138Â 301Â 023,1.0
961382,201900002913,10,23,08:15,3,1,1,2.0,3.0,92002,AUTOROUTE A86,M,"48,7614695","2,2972064",92,2019,90.0,1.0,1.0,1.0,2148692,1.0,1,4,1,0.0,,-1.0,0,1986.0,B01,138Â 301Â 019,2.0,0.0,-1.0,1640866,2.0,33,,0.0,2.0,8.0,B01,138Â 301Â 019,1.0
961382,201900002913,10,23,08:15,3,1,1,2.0,3.0,92002,AUTOROUTE A86,M,"48,7614695","2,2972064",92,2019,90.0,1.0,1.0,1.0,2148692,1.0,1,4,1,0.0,,-1.0,0,1986.0,B01,138Â 301Â 019,2.0,0.0,-1.0,1640867,2.0,7,,0.0,2.0,7.0,A01,138Â 301Â 020,1.0
961382,201900002913,10,23,08:15,3,1,1,2.0,3.0,92002,AUTOROUTE A86,M,"48,7614695","2,2972064",92,2019,90.0,1.0,1.0,1.0,2148693,1.0,1,1,1,0.0,,-1.0,0,1957.0,A01,138Â 301Â 020,1.0,0.0,-1.0,1640866,2.0,33,,0.0,2.0,8.0,B01,138Â 301Â 019,1.0
961382,201900002913,10,23,08:15,3,1,1,2.0,3.0,92002,AUTOROUTE A86,M,"48,7614695","2,2972064",92,2019,90.0,1.0,1.0,1.0,2148693,1.0,1,1,1,0.0,,-1.0,0,1957.0,A01,138Â 301Â 020,1.0,0.0,-1.0,1640867,2.0,7,,0.0,2.0,7.0,A01,138Â 301Â 020,1.0
961383,201900002914,10,21,22:32,3,1,1,1.0,5.0,94021,AUTOROUTE A6B,M,"48,7687000","2,3441000",94,2019,70.0,1.0,1.0,1.0,2148694,1.0,1,4,1,9.0,,-1.0, -1,1992.0,D01,138Â 301Â 015,1.0,0.0,-1.0,1640868,2.0,99,,0.0,2.0,1.0,D01,138Â 301Â 015,1.0
961383,201900002914,10,21,22:32,3,1,1,1.0,5.0,94021,AUTOROUTE A6B,M,"48,7687000","2,3441000",94,2019,70.0,1.0,1.0,1.0,2148694,1.0,1,4,1,9.0,,-1.0, -1,1992.0,D01,138Â 301Â 015,1.0,0.0,-1.0,1640869,2.0,7,,0.0,2.0,4.0,C01,138Â 301Â 016,2.0
961383,201900002914,10,21,22:32,3,1,1,1.0,5.0,94021,AUTOROUTE A6B,M,"48,7687000","2,3441000",94,2019,70.0,1.0,1.0,1.0,2148694,1.0,1,4,1,9.0,,-1.0, -1,1992.0,D01,138Â 301Â 015,1.0,0.0,-1.0,1640870,2.0,7,,0.0,2.0,4.0,B01,138Â 301Â 017,1.0
961383,201900002914,10,21,22:32,3,1,1,1.0,5.0,94021,AUTOROUTE A6B,M,"48,7687000","2,3441000",94,2019,70.0,1.0,1.0,1.0,2148694,1.0,1,4,1,9.0,,-1.0, -1,1992.0,D01,138Â 301Â 015,1.0,0.0,-1.0,1640871,2.0,7,,0.0,2.0,1.0,A01,138Â 301Â 018,1.0
961383,201900002914,10,21,22:32,3,1,1,1.0,5.0,94021,AUTOROUTE A6B,M,"48,7687000","2,3441000",94,2019,70.0,1.0,1.0,1.0,2148695,2.0,2,1,1,0.0,,-1.0, -1,1985.0,C01,138Â 301Â 016,1.0,0.0,-1.0,1640868,2.0,99,,0.0,2.0,1.0,D01,138Â 301Â 015,1.0
961383,201900002914,10,21,22:32,3,1,1,1.0,5.0,94021,AUTOROUTE A6B,M,"48,7687000","2,3441000",94,2019,70.0,1.0,1.0,1.0,2148695,2.0,2,1,1,0.0,,-1.0, -1,1985.0,C01,138Â 301Â 016,1.0,0.0,-1.0,1640869,2.0,7,,0.0,2.0,4.0,C01,138Â 301Â 016,2.0
961383,201900002914,10,21,22:32,3,1,1,1.0,5.0,94021,AUTOROUTE A6B,M,"48,7687000","2,3441000",94,2019,70.0,1.0,1.0,1.0,2148695,2.0,2,1,1,0.0,,-1.0, -1,1985.0,C01,138Â 301Â 016,1.0,0.0,-1.0,1640870,2.0,7,,0.0,2.0,4.0,B01,138Â 301Â 017,1.0
961383,201900002914,10,21,22:32,3,1,1,1.0,5.0,94021,AUTOROUTE A6B,M,"48,7687000","2,3441000",94,2019,70.0,1.0,1.0,1.0,2148695,2.0,2,1,1,0.0,,-1.0, -1,1985.0,C01,138Â 301Â 016,1.0,0.0,-1.0,1640871,2.0,7,,0.0,2.0,1.0,A01,138Â 301Â 018,1.0
961383,201900002914,10,21,22:32,3,1,1,1.0,5.0,94021,AUTOROUTE A6B,M,"48,7687000","2,3441000",94,2019,70.0,1.0,1.0,1.0,2148696,1.0,1,1,1,0.0,,-1.0, -1,1984.0,C01,138Â 301Â 016,1.0,0.0,-1.0,1640868,2.0,99,,0.0,2.0,1.0,D01,138Â 301Â 015,1.0
961383,201900002914,10,21,22:32,3,1,1,1.0,5.0,94021,AUTOROUTE A6B,M,"48,7687000","2,3441000",94,2019,70.0,1.0,1.0,1.0,2148696,1.0,1,1,1,0.0,,-1.0, -1,1984.0,C01,138Â 301Â 016,1.0,0.0,-1.0,1640869,2.0,7,,0.0,2.0,4.0,C01,138Â 301Â 016,2.0
961383,201900002914,10,21,22:32,3,1,1,1.0,5.0,94021,AUTOROUTE A6B,M,"48,7687000","2,3441000",94,2019,70.0,1.0,1.0,1.0,2148696,1.0,1,1,1,0.0,,-1.0, -1,1984.0,C01,138Â 301Â 016,1.0,0.0,-1.0,1640870,2.0,7,,0.0,2.0,4.0,B01,138Â 301Â 017,1.0
961383,201900002914,10,21,22:32,3,1,1,1.0,5.0,94021,AUTOROUTE A6B,M,"48,7687000","2,3441000",94,2019,70.0,1.0,1.0,1.0,2148696,1.0,1,1,1,0.0,,-1.0, -1,1984.0,C01,138Â 301Â 016,1.0,0.0,-1.0,1640871,2.0,7,,0.0,2.0,1.0,A01,138Â 301Â 018,1.0
961383,201900002914,10,21,22:32,3,1,1,1.0,5.0,94021,AUTOROUTE A6B,M,"48,7687000","2,3441000",94,2019,70.0,1.0,1.0,1.0,2148697,1.0,1,4,2,9.0,,-1.0, -1,1991.0,B01,138Â 301Â 017,1.0,0.0,-1.0,1640868,2.0,99,,0.0,2.0,1.0,D01,138Â 301Â 015,1.0
961383,201900002914,10,21,22:32,3,1,1,1.0,5.0,94021,AUTOROUTE A6B,M,"48,7687000","2,3441000",94,2019,70.0,1.0,1.0,1.0,2148697,1.0,1,4,2,9.0,,-1.0, -1,1991.0,B01,138Â 301Â 017,1.0,0.0,-1.0,1640869,2.0,7,,0.0,2.0,4.0,C01,138Â 301Â 016,2.0
961383,201900002914,10,21,22:32,3,1,1,1.0,5.0,94021,AUTOROUTE A6B,M,"48,7687000","2,3441000",94,2019,70.0,1.0,1.0,1.0,2148697,1.0,1,4,2,9.0,,-1.0, -1,1991.0,B01,138Â 301Â 017,1.0,0.0,-1.0,1640870,2.0,7,,0.0,2.0,4.0,B01,138Â 301Â 017,1.0
961383,201900002914,10,21,22:32,3,1,1,1.0,5.0,94021,AUTOROUTE A6B,M,"48,7687000","2,3441000",94,2019,70.0,1.0,1.0,1.0,2148697,1.0,1,4,2,9.0,,-1.0, -1,1991.0,B01,138Â 301Â 017,1.0,0.0,-1.0,1640871,2.0,7,,0.0,2.0,1.0,A01,138Â 301Â 018,1.0
961383,201900002914,10,21,22:32,3,1,1,1.0,5.0,94021,AUTOROUTE A6B,M,"48,7687000","2,3441000",94,2019,70.0,1.0,1.0,1.0,2148698,1.0,1,1,1,9.0,,-1.0,0,1983.0,A01,138Â 301Â 018,1.0,0.0,-1.0,1640868,2.0,99,,0.0,2.0,1.0,D01,138Â 301Â 015,1.0
961383,201900002914,10,21,22:32,3,1,1,1.0,5.0,94021,AUTOROUTE A6B,M,"48,7687000","2,3441000",94,2019,70.0,1.0,1.0,1.0,2148698,1.0,1,1,1,9.0,,-1.0,0,1983.0,A01,138Â 301Â 018,1.0,0.0,-1.0,1640869,2.0,7,,0.0,2.0,4.0,C01,138Â 301Â 016,2.0
961383,201900002914,10,21,22:32,3,1,1,1.0,5.0,94021,AUTOROUTE A6B,M,"48,7687000","2,3441000",94,2019,70.0,1.0,1.0,1.0,2148698,1.0,1,1,1,9.0,,-1.0,0,1983.0,A01,138Â 301Â 018,1.0,0.0,-1.0,1640870,2.0,7,,0.0,2.0,4.0,B01,138Â 301Â 017,1.0
961383,201900002914,10,21,22:32,3,1,1,1.0,5.0,94021,AUTOROUTE A6B,M,"48,7687000","2,3441000",94,2019,70.0,1.0,1.0,1.0,2148698,1.0,1,1,1,9.0,,-1.0,0,1983.0,A01,138Â 301Â 018,1.0,0.0,-1.0,1640871,2.0,7,,0.0,2.0,1.0,A01,138Â 301Â 018,1.0
961384,201900002915,10,22,19:45,2,1,1,1.0,2.0,95641,AUTOROUTE A1,M,"49,0757800","2,5520700",95,2019,130.0,1.0,1.0,1.0,2148699,1.0,1,3,2,5.0,,-1.0, -1,1975.0,A01,138Â 301Â 013,1.0,0.0,-1.0,1640872,1.0,7,,0.0,2.0,1.0,A01,138Â 301Â 013,1.0
961384,201900002915,10,22,19:45,2,1,1,1.0,2.0,95641,AUTOROUTE A1,M,"49,0757800","2,5520700",95,2019,130.0,1.0,1.0,1.0,2148699,1.0,1,3,2,5.0,,-1.0, -1,1975.0,A01,138Â 301Â 013,1.0,0.0,-1.0,1640873,1.0,7,,0.0,2.0,4.0,B01,138Â 301Â 014,1.0
961384,201900002915,10,22,19:45,2,1,1,1.0,2.0,95641,AUTOROUTE A1,M,"49,0757800","2,5520700",95,2019,130.0,1.0,1.0,1.0,2148700,1.0,1,4,2,5.0,,-1.0, -1,1976.0,B01,138Â 301Â 014,1.0,0.0,-1.0,1640872,1.0,7,,0.0,2.0,1.0,A01,138Â 301Â 013,1.0
961384,201900002915,10,22,19:45,2,1,1,1.0,2.0,95641,AUTOROUTE A1,M,"49,0757800","2,5520700",95,2019,130.0,1.0,1.0,1.0,2148700,1.0,1,4,2,5.0,,-1.0, -1,1976.0,B01,138Â 301Â 014,1.0,0.0,-1.0,1640873,1.0,7,,0.0,2.0,4.0,B01,138Â 301Â 014,1.0
961385,201900002916,10,22,18:30,1,1,1,1.0,5.0,93053,AUTOROUTE A3,M,"48,8808900","2,4528600",93,2019,90.0,1.0,1.0,1.0,2148701,1.0,1,1,1,0.0,,-1.0, -1,1950.0,C01,138Â 301Â 010,1.0,0.0,-1.0,1640874,1.0,7,,0.0,2.0,5.0,C01,138Â 301Â 010,1.0
961385,201900002916,10,22,18:30,1,1,1,1.0,5.0,93053,AUTOROUTE A3,M,"48,8808900","2,4528600",93,2019,90.0,1.0,1.0,1.0,2148701,1.0,1,1,1,0.0,,-1.0, -1,1950.0,C01,138Â 301Â 010,1.0,0.0,-1.0,1640875,1.0,32,,0.0,2.0,7.0,B01,138Â 301Â 011,1.0
961385,201900002916,10,22,18:30,1,1,1,1.0,5.0,93053,AUTOROUTE A3,M,"48,8808900","2,4528600",93,2019,90.0,1.0,1.0,1.0,2148701,1.0,1,1,1,0.0,,-1.0, -1,1950.0,C01,138Â 301Â 010,1.0,0.0,-1.0,1640876,1.0,7,,0.0,2.0,3.0,A01,138Â 301Â 012,1.0
961385,201900002916,10,22,18:30,1,1,1,1.0,5.0,93053,AUTOROUTE A3,M,"48,8808900","2,4528600",93,2019,90.0,1.0,1.0,1.0,2148702,1.0,1,4,1,0.0,,-1.0, -1,1979.0,B01,138Â 301Â 011,2.0,0.0,-1.0,1640874,1.0,7,,0.0,2.0,5.0,C01,138Â 301Â 010,1.0
961385,201900002916,10,22,18:30,1,1,1,1.0,5.0,93053,AUTOROUTE A3,M,"48,8808900","2,4528600",93,2019,90.0,1.0,1.0,1.0,2148702,1.0,1,4,1,0.0,,-1.0, -1,1979.0,B01,138Â 301Â 011,2.0,0.0,-1.0,1640875,1.0,32,,0.0,2.0,7.0,B01,138Â 301Â 011,1.0
961385,201900002916,10,22,18:30,1,1,1,1.0,5.0,93053,AUTOROUTE A3,M,"48,8808900","2,4528600",93,2019,90.0,1.0,1.0,1.0,2148702,1.0,1,4,1,0.0,,-1.0, -1,1979.0,B01,138Â 301Â 011,2.0,0.0,-1.0,1640876,1.0,7,,0.0,2.0,3.0,A01,138Â 301Â 012,1.0
961385,201900002916,10,22,18:30,1,1,1,1.0,5.0,93053,AUTOROUTE A3,M,"48,8808900","2,4528600",93,2019,90.0,1.0,1.0,1.0,2148703,1.0,1,1,1,0.0,,-1.0, -1,1987.0,A01,138Â 301Â 012,1.0,0.0,-1.0,1640874,1.0,7,,0.0,2.0,5.0,C01,138Â 301Â 010,1.0
961385,201900002916,10,22,18:30,1,1,1,1.0,5.0,93053,AUTOROUTE A3,M,"48,8808900","2,4528600",93,2019,90.0,1.0,1.0,1.0,2148703,1.0,1,1,1,0.0,,-1.0, -1,1987.0,A01,138Â 301Â 012,1.0,0.0,-1.0,1640875,1.0,32,,0.0,2.0,7.0,B01,138Â 301Â 011,1.0
961385,201900002916,10,22,18:30,1,1,1,1.0,5.0,93053,AUTOROUTE A3,M,"48,8808900","2,4528600",93,2019,90.0,1.0,1.0,1.0,2148703,1.0,1,1,1,0.0,,-1.0, -1,1987.0,A01,138Â 301Â 012,1.0,0.0,-1.0,1640876,1.0,7,,0.0,2.0,3.0,A01,138Â 301Â 012,1.0
961386,201900002917,10,22,18:50,2,1,1,1.0,3.0,93064,AUTOROUTE A86,M,"48,8767700","2,4776600",93,2019,90.0,1.0,1.0,1.0,2148704,1.0,1,4,1,1.0,,-1.0, -1,1988.0,B01,138Â 301Â 008,2.0,6.0,-1.0,1640877,1.0,33,,0.0,2.0,8.0,B01,138Â 301Â 008,1.0
961386,201900002917,10,22,18:50,2,1,1,1.0,3.0,93064,AUTOROUTE A86,M,"48,8767700","2,4776600",93,2019,90.0,1.0,1.0,1.0,2148704,1.0,1,4,1,1.0,,-1.0, -1,1988.0,B01,138Â 301Â 008,2.0,6.0,-1.0,1640878,1.0,10,,0.0,2.0,2.0,A01,138Â 301Â 009,1.0
961386,201900002917,10,22,18:50,2,1,1,1.0,3.0,93064,AUTOROUTE A86,M,"48,8767700","2,4776600",93,2019,90.0,1.0,1.0,1.0,2148705,1.0,1,1,1,1.0,,-1.0, -1,1999.0,A01,138Â 301Â 009,1.0,0.0,-1.0,1640877,1.0,33,,0.0,2.0,8.0,B01,138Â 301Â 008,1.0
961386,201900002917,10,22,18:50,2,1,1,1.0,3.0,93064,AUTOROUTE A86,M,"48,8767700","2,4776600",93,2019,90.0,1.0,1.0,1.0,2148705,1.0,1,1,1,1.0,,-1.0, -1,1999.0,A01,138Â 301Â 009,1.0,0.0,-1.0,1640878,1.0,10,,0.0,2.0,2.0,A01,138Â 301Â 009,1.0
961387,201900002918,10,22,09:15,1,1,1,5.0,5.0,95582,AUTOROUTE A15,M,"48,9707000","2,2490700",95,2019,110.0,1.0,1.0,1.0,2148706,1.0,1,1,1,5.0,,-1.0,0,1990.0,A01,138Â 301Â 005,1.0,0.0,-1.0,1640879,2.0,7,,0.0,2.0,2.0,A01,138Â 301Â 005,1.0
961387,201900002918,10,22,09:15,1,1,1,5.0,5.0,95582,AUTOROUTE A15,M,"48,9707000","2,2490700",95,2019,110.0,1.0,1.0,1.0,2148706,1.0,1,1,1,5.0,,-1.0,0,1990.0,A01,138Â 301Â 005,1.0,0.0,-1.0,1640880,2.0,33,,0.0,2.0,1.0,B01,138Â 301Â 006,1.0
961387,201900002918,10,22,09:15,1,1,1,5.0,5.0,95582,AUTOROUTE A15,M,"48,9707000","2,2490700",95,2019,110.0,1.0,1.0,1.0,2148706,1.0,1,1,1,5.0,,-1.0,0,1990.0,A01,138Â 301Â 005,1.0,0.0,-1.0,1640881,2.0,7,,0.0,2.0,4.0,C01,138Â 301Â 007,1.0
961387,201900002918,10,22,09:15,1,1,1,5.0,5.0,95582,AUTOROUTE A15,M,"48,9707000","2,2490700",95,2019,110.0,1.0,1.0,1.0,2148707,1.0,1,4,1,1.0,,-1.0,0,1963.0,B01,138Â 301Â 006,2.0,6.0,-1.0,1640879,2.0,7,,0.0,2.0,2.0,A01,138Â 301Â 005,1.0
961387,201900002918,10,22,09:15,1,1,1,5.0,5.0,95582,AUTOROUTE A15,M,"48,9707000","2,2490700",95,2019,110.0,1.0,1.0,1.0,2148707,1.0,1,4,1,1.0,,-1.0,0,1963.0,B01,138Â 301Â 006,2.0,6.0,-1.0,1640880,2.0,33,,0.0,2.0,1.0,B01,138Â 301Â 006,1.0
961387,201900002918,10,22,09:15,1,1,1,5.0,5.0,95582,AUTOROUTE A15,M,"48,9707000","2,2490700",95,2019,110.0,1.0,1.0,1.0,2148707,1.0,1,4,1,1.0,,-1.0,0,1963.0,B01,138Â 301Â 006,2.0,6.0,-1.0,1640881,2.0,7,,0.0,2.0,4.0,C01,138Â 301Â 007,1.0
961387,201900002918,10,22,09:15,1,1,1,5.0,5.0,95582,AUTOROUTE A15,M,"48,9707000","2,2490700",95,2019,110.0,1.0,1.0,1.0,2148708,1.0,1,1,2,1.0,,-1.0,0,1988.0,C01,138Â 301Â 007,1.0,0.0,-1.0,1640879,2.0,7,,0.0,2.0,2.0,A01,138Â 301Â 005,1.0
961387,201900002918,10,22,09:15,1,1,1,5.0,5.0,95582,AUTOROUTE A15,M,"48,9707000","2,2490700",95,2019,110.0,1.0,1.0,1.0,2148708,1.0,1,1,2,1.0,,-1.0,0,1988.0,C01,138Â 301Â 007,1.0,0.0,-1.0,1640880,2.0,33,,0.0,2.0,1.0,B01,138Â 301Â 006,1.0
961387,201900002918,10,22,09:15,1,1,1,5.0,5.0,95582,AUTOROUTE A15,M,"48,9707000","2,2490700",95,2019,110.0,1.0,1.0,1.0,2148708,1.0,1,1,2,1.0,,-1.0,0,1988.0,C01,138Â 301Â 007,1.0,0.0,-1.0,1640881,2.0,7,,0.0,2.0,4.0,C01,138Â 301Â 007,1.0
961388,201900002919,10,22,07:50,2,1,1,5.0,3.0,93013,AUTOROUTE A1,M,"48,9424000","2,4311700",93,2019,110.0,1.0,1.0,1.0,2148709,1.0,1,4,1,0.0,,-1.0, -1,1974.0,B01,138Â 301Â 003,1.0,0.0,-1.0,1640882,2.0,7,,0.0,2.0,8.0,B01,138Â 301Â 003,3.0
961388,201900002919,10,22,07:50,2,1,1,5.0,3.0,93013,AUTOROUTE A1,M,"48,9424000","2,4311700",93,2019,110.0,1.0,1.0,1.0,2148709,1.0,1,4,1,0.0,,-1.0, -1,1974.0,B01,138Â 301Â 003,1.0,0.0,-1.0,1640883,2.0,17,,0.0,2.0,2.0,A01,138Â 301Â 004,1.0
961388,201900002919,10,22,07:50,2,1,1,5.0,3.0,93013,AUTOROUTE A1,M,"48,9424000","2,4311700",93,2019,110.0,1.0,1.0,1.0,2148710,1.0,1,1,1,4.0,,-1.0, -1,1962.0,A01,138Â 301Â 004,1.0,4.0,-1.0,1640882,2.0,7,,0.0,2.0,8.0,B01,138Â 301Â 003,3.0
961388,201900002919,10,22,07:50,2,1,1,5.0,3.0,93013,AUTOROUTE A1,M,"48,9424000","2,4311700",93,2019,110.0,1.0,1.0,1.0,2148710,1.0,1,1,1,4.0,,-1.0, -1,1962.0,A01,138Â 301Â 004,1.0,4.0,-1.0,1640883,2.0,17,,0.0,2.0,2.0,A01,138Â 301Â 004,1.0
961389,201900002920,10,23,19:50,3,1,1,1.0,5.0,94028,A86 INT,M,"48,7700000","2,4400000",94,2019,90.0,1.0,2.0,1.0,2148711,1.0,1,4,2,1.0,,-1.0, -1,1984.0,A01,138Â 301Â 000,1.0,0.0,-1.0,1640884,1.0,7,,0.0,2.0,1.0,A01,138Â 301Â 000,1.0
961389,201900002920,10,23,19:50,3,1,1,1.0,5.0,94028,A86 INT,M,"48,7700000","2,4400000",94,2019,90.0,1.0,2.0,1.0,2148711,1.0,1,4,2,1.0,,-1.0, -1,1984.0,A01,138Â 301Â 000,1.0,0.0,-1.0,1640885,1.0,7,,0.0,2.0,4.0,B01,138Â 301Â 001,1.0