Unnamed: 0_x,num_acc,mois,jour,hrmn,lum,agg,int,atm,col,com,adr,gps,lat,long,dep,annee,vma,situ,surf,catr,Unnamed: 0_y,place,catu,grav,sexe,trajet,secu,locp,actp,an_nais,num_veh_x,id_vehicule_x,secu1,secu2,secu3,Unnamed: 0,senc,catv,occutc,obs,obsm,choc,num_veh_y,id_vehicule_y,motor
961389,201900002920,10,23,19:50,3,1,1,1.0,5.0,94028,A86 INT,M,"48,7700000","2,4400000",94,2019,90.0,1.0,2.0,1.0,2148711,1.0,1,4,2,1.0,,-1.0, -1,1984.0,A01,138Â 301Â 000,1.0,0.0,-1.0,1640886,1.0,7,,0.0,2.0,4.0,C01,138Â 301Â 002,1.0
961389,201900002920,10,23,19:50,3,1,1,1.0,5.0,94028,A86 INT,M,"48,7700000","2,4400000",94,2019,90.0,1.0,2.0,1.0,2148712,1.0,1,1,1,1.0,,-1.0, -1,1977.0,B01,138Â 301Â 001,1.0,0.0,-1.0,1640884,1.0,7,,0.0,2.0,1.0,A01,138Â 301Â 000,1.0
961389,201900002920,10,23,19:50,3,1,1,1.0,5.0,94028,A86 INT,M,"48,7700000","2,4400000",94,2019,90.0,1.0,2.0,1.0,2148712,1.0,1,1,1,1.0,,-1.0, -1,1977.0,B01,138Â 301Â 001,1.0,0.0,-1.0,1640885,1.0,7,,0.0,2.0,4.0,B01,138Â 301Â 001,1.0
961389,201900002920,10,23,19:50,3,1,1,1.0,5.0,94028,A86 INT,M,"48,7700000","2,4400000",94,2019,90.0,1.0,2.0,1.0,2148712,1.0,1,1,1,1.0,,-1.0, -1,1977.0,B01,138Â 301Â 001,1.0,0.0,-1.0,1640886,1.0,7,,0.0,2.0,4.0,C01,138Â 301Â 002,1.0
961389,201900002920,10,23,19:50,3,1,1,1.0,5.0,94028,A86 INT,M,"48,7700000","2,4400000",94,2019,90.0,1.0,2.0,1.0,2148713,1.0,1,1,1,5.0,,-1.0, -1,1963.0,C01,138Â 301Â 002,1.0,0.0,-1.0,1640884,1.0,7,,0.0,2.0,1.0,A01,138Â 301Â 000,1.0
961389,201900002920,10,23,19:50,3,1,1,1.0,5.0,94028,A86 INT,M,"48,7700000","2,4400000",94,2019,90.0,1.0,2.0,1.0,2148713,1.0,1,1,1,5.0,,-1.0, -1,1963.0,C01,138Â 301Â 002,1.0,0.0,-1.0,1640885,1.0,7,,0.0,2.0,4.0,B01,138Â 301Â 001,1.0
961389,201900002920,10,23,19:50,3,1,1,1.0,5.0,94028,A86 INT,M,"48,7700000","2,4400000",94,2019,90.0,1.0,2.0,1.0,2148713,1.0,1,1,1,5.0,,-1.0, -1,1963.0,C01,138Â 301Â 002,1.0,0.0,-1.0,1640886,1.0,7,,0.0,2.0,4.0,C01,138Â 301Â 002,1.0
961389,201900002920,10,23,19:50,3,1,1,1.0,5.0,94028,A86 INT,M,"48,7700000","2,4400000",94,2019,90.0,1.0,2.0,1.0,2148714,2.0,2,4,2,5.0,,-1.0, -1,1963.0,C01,138Â 301Â 002,1.0,0.0,-1.0,1640884,1.0,7,,0.0,2.0,1.0,A01,138Â 301Â 000,1.0
961389,201900002920,10,23,19:50,3,1,1,1.0,5.0,94028,A86 INT,M,"48,7700000","2,4400000",94,2019,90.0,1.0,2.0,1.0,2148714,2.0,2,4,2,5.0,,-1.0, -1,1963.0,C01,138Â 301Â 002,1.0,0.0,-1.0,1640885,1.0,7,,0.0,2.0,4.0,B01,138Â 301Â 001,1.0
961389,201900002920,10,23,19:50,3,1,1,1.0,5.0,94028,A86 INT,M,"48,7700000","2,4400000",94,2019,90.0,1.0,2.0,1.0,2148714,2.0,2,4,2,5.0,,-1.0, -1,1963.0,C01,138Â 301Â 002,1.0,0.0,-1.0,1640886,1.0,7,,0.0,2.0,4.0,C01,138Â 301Â 002,1.0
961390,201900002921,10,23,20:00,5,1,1,1.0,3.0,94017,A4,M,"48,8291000","2,5001300",94,2019,90.0,1.0,1.0,1.0,2148715,1.0,1,1,1,1.0,,-1.0, -1,1976.0,A01,138Â 300Â 998,2.0,6.0,-1.0,1640887,1.0,33,,0.0,2.0,8.0,A01,138Â 300Â 998,1.0
961390,201900002921,10,23,20:00,5,1,1,1.0,3.0,94017,A4,M,"48,8291000","2,5001300",94,2019,90.0,1.0,1.0,1.0,2148715,1.0,1,1,1,1.0,,-1.0, -1,1976.0,A01,138Â 300Â 998,2.0,6.0,-1.0,1640888,1.0,33,,0.0,2.0,7.0,B01,138Â 300Â 999,1.0
961390,201900002921,10,23,20:00,5,1,1,1.0,3.0,94017,A4,M,"48,8291000","2,5001300",94,2019,90.0,1.0,1.0,1.0,2148716,1.0,1,4,1,1.0,,-1.0, -1,1991.0,B01,138Â 300Â 999,2.0,6.0,-1.0,1640887,1.0,33,,0.0,2.0,8.0,A01,138Â 300Â 998,1.0
961390,201900002921,10,23,20:00,5,1,1,1.0,3.0,94017,A4,M,"48,8291000","2,5001300",94,2019,90.0,1.0,1.0,1.0,2148716,1.0,1,4,1,1.0,,-1.0, -1,1991.0,B01,138Â 300Â 999,2.0,6.0,-1.0,1640888,1.0,33,,0.0,2.0,7.0,B01,138Â 300Â 999,1.0
961391,201900002922,5,11,10:45,1,1,1,1.0,6.0,33321,A10,M,"45,0539200"," -0,4538900",33,2019,130.0,1.0,1.0,1.0,2148717,1.0,1,2,1,5.0,,-1.0, -1,1952.0,A01,138Â 300Â 997,-1.0,-1.0,-1.0,1640889,2.0,7,,3.0,0.0,3.0,A01,138Â 300Â 997,-1.0
961391,201900002922,5,11,10:45,1,1,1,1.0,6.0,33321,A10,M,"45,0539200"," -0,4538900",33,2019,130.0,1.0,1.0,1.0,2148718,2.0,2,1,2,5.0,,-1.0, -1,1957.0,A01,138Â 300Â 997,-1.0,-1.0,-1.0,1640889,2.0,7,,3.0,0.0,3.0,A01,138Â 300Â 997,-1.0
961392,201900002923,5,9,01:00,3,1,1,1.0,7.0,33348,,M,"45,3601900"," -0,9943700",33,2019,-1.0,8.0,9.0,9.0,2148719,1.0,1,2,1,5.0,,-1.0, -1,1985.0,A01,138Â 300Â 996,-1.0,-1.0,-1.0,1640890,0.0,7,,0.0,0.0,0.0,A01,138Â 300Â 996,1.0
961393,201900002924,10,20,06:50,5,2,1,1.0,6.0,69264,JAQUEMAIRE LEON (R),M,"45,9942000","4,7441500",69,2019,50.0,1.0,1.0,4.0,2148720,1.0,1,4,1,5.0,,0.0,0,1980.0,A01,138Â 300Â 995,1.0,0.0,-1.0,1640891,1.0,7,,2.0,0.0,1.0,A01,138Â 300Â 995,1.0
961394,201900002925,10,21,07:40,2,1,1,1.0,4.0,69013,D 306,M,"46,0178000","4,7204000",69,2019,70.0,1.0,2.0,3.0,2148721,1.0,1,1,1,4.0,,0.0,0,1990.0,A01,138Â 300Â 992,1.0,0.0,-1.0,1640892,1.0,10,,0.0,2.0,1.0,A01,138Â 300Â 992,1.0
961394,201900002925,10,21,07:40,2,1,1,1.0,4.0,69013,D 306,M,"46,0178000","4,7204000",69,2019,70.0,1.0,2.0,3.0,2148721,1.0,1,1,1,4.0,,0.0,0,1990.0,A01,138Â 300Â 992,1.0,0.0,-1.0,1640893,1.0,7,,0.0,2.0,4.0,B01,138Â 300Â 993,1.0
961394,201900002925,10,21,07:40,2,1,1,1.0,4.0,69013,D 306,M,"46,0178000","4,7204000",69,2019,70.0,1.0,2.0,3.0,2148721,1.0,1,1,1,4.0,,0.0,0,1990.0,A01,138Â 300Â 992,1.0,0.0,-1.0,1640894,1.0,15,,0.0,0.0,4.0,C01,138Â 300Â 994,1.0
961394,201900002925,10,21,07:40,2,1,1,1.0,4.0,69013,D 306,M,"46,0178000","4,7204000",69,2019,70.0,1.0,2.0,3.0,2148722,1.0,1,4,1,5.0,,-1.0, -1,1968.0,B01,138Â 300Â 993,1.0,0.0,-1.0,1640892,1.0,10,,0.0,2.0,1.0,A01,138Â 300Â 992,1.0
961394,201900002925,10,21,07:40,2,1,1,1.0,4.0,69013,D 306,M,"46,0178000","4,7204000",69,2019,70.0,1.0,2.0,3.0,2148722,1.0,1,4,1,5.0,,-1.0, -1,1968.0,B01,138Â 300Â 993,1.0,0.0,-1.0,1640893,1.0,7,,0.0,2.0,4.0,B01,138Â 300Â 993,1.0
961394,201900002925,10,21,07:40,2,1,1,1.0,4.0,69013,D 306,M,"46,0178000","4,7204000",69,2019,70.0,1.0,2.0,3.0,2148722,1.0,1,4,1,5.0,,-1.0, -1,1968.0,B01,138Â 300Â 993,1.0,0.0,-1.0,1640894,1.0,15,,0.0,0.0,4.0,C01,138Â 300Â 994,1.0
961394,201900002925,10,21,07:40,2,1,1,1.0,4.0,69013,D 306,M,"46,0178000","4,7204000",69,2019,70.0,1.0,2.0,3.0,2148723,1.0,1,1,1,4.0,,0.0,0,1976.0,C01,138Â 300Â 994,1.0,0.0,-1.0,1640892,1.0,10,,0.0,2.0,1.0,A01,138Â 300Â 992,1.0
961394,201900002925,10,21,07:40,2,1,1,1.0,4.0,69013,D 306,M,"46,0178000","4,7204000",69,2019,70.0,1.0,2.0,3.0,2148723,1.0,1,1,1,4.0,,0.0,0,1976.0,C01,138Â 300Â 994,1.0,0.0,-1.0,1640893,1.0,7,,0.0,2.0,4.0,B01,138Â 300Â 993,1.0
961394,201900002925,10,21,07:40,2,1,1,1.0,4.0,69013,D 306,M,"46,0178000","4,7204000",69,2019,70.0,1.0,2.0,3.0,2148723,1.0,1,1,1,4.0,,0.0,0,1976.0,C01,138Â 300Â 994,1.0,0.0,-1.0,1640894,1.0,15,,0.0,0.0,4.0,C01,138Â 300Â 994,1.0
961395,201900002926,10,17,14:55,1,2,1,1.0,2.0,41018,MAUNOURY (AVENUE DE MARECHAL),M,"47,6006800","1,3467700",41,2019,50.0,1.0,1.0,4.0,2148724,1.0,1,1,1,0.0,,0.0, -1,1990.0,B01,138Â 300Â 987,1.0,0.0,-1.0,1640895,0.0,7,,0.0,1.0,3.0,B01,138Â 300Â 987,1.0
961395,201900002926,10,17,14:55,1,2,1,1.0,2.0,41018,MAUNOURY (AVENUE DE MARECHAL),M,"47,6006800","1,3467700",41,2019,50.0,1.0,1.0,4.0,2148724,1.0,1,1,1,0.0,,0.0, -1,1990.0,B01,138Â 300Â 987,1.0,0.0,-1.0,1640896,0.0,7,,0.0,2.0,2.0,A01,138Â 300Â 988,1.0
961395,201900002926,10,17,14:55,1,2,1,1.0,2.0,41018,MAUNOURY (AVENUE DE MARECHAL),M,"47,6006800","1,3467700",41,2019,50.0,1.0,1.0,4.0,2148725,1.0,1,4,2,1.0,,0.0, -1,1964.0,A01,138Â 300Â 988,1.0,0.0,-1.0,1640895,0.0,7,,0.0,1.0,3.0,B01,138Â 300Â 987,1.0
961395,201900002926,10,17,14:55,1,2,1,1.0,2.0,41018,MAUNOURY (AVENUE DE MARECHAL),M,"47,6006800","1,3467700",41,2019,50.0,1.0,1.0,4.0,2148725,1.0,1,4,2,1.0,,0.0, -1,1964.0,A01,138Â 300Â 988,1.0,0.0,-1.0,1640896,0.0,7,,0.0,2.0,2.0,A01,138Â 300Â 988,1.0
961396,201900002927,10,19,19:10,1,1,1,1.0,7.0,22215,RD 712,M,"48,4977400"," -2,7709900",22,2019,90.0,1.0,1.0,3.0,2148726,1.0,1,4,1,0.0,,0.0,0,1973.0,A01,138Â 300Â 986,2.0,8.0,-1.0,1640897,2.0,33,,0.0,0.0,1.0,A01,138Â 300Â 986,1.0
961397,201900002928,10,20,14:20,1,2,1,3.0,7.0,10357,GENERAL DE GAULLE (RUE DU),M,"48,2960500","4,1322400",10,2019,50.0,1.0,2.0,4.0,2148727,1.0,1,4,1,1.0,,-1.0, -1,2001.0,A01,138Â 300Â 984,2.0,0.0,-1.0,1640898,3.0,30,,0.0,0.0,7.0,A01,138Â 300Â 984,1.0
961398,201900002929,10,19,23:20,5,2,9,2.0,3.0,93055,JEAN JAURES (AVENUE) (76/128),M,"48,9035600","2,3921300",93,2019,50.0,1.0,2.0,3.0,2148728,1.0,1,4,1,5.0,,-1.0, -1,1992.0,A01,138Â 300Â 982,2.0,8.0,-1.0,1640899,3.0,2,,0.0,2.0,7.0,A01,138Â 300Â 982,1.0
961398,201900002929,10,19,23:20,5,2,9,2.0,3.0,93055,JEAN JAURES (AVENUE) (76/128),M,"48,9035600","2,3921300",93,2019,50.0,1.0,2.0,3.0,2148728,1.0,1,4,1,5.0,,-1.0, -1,1992.0,A01,138Â 300Â 982,2.0,8.0,-1.0,1640900,3.0,7,,0.0,2.0,3.0,B01,138Â 300Â 983,1.0
961398,201900002929,10,19,23:20,5,2,9,2.0,3.0,93055,JEAN JAURES (AVENUE) (76/128),M,"48,9035600","2,3921300",93,2019,50.0,1.0,2.0,3.0,2148729,1.0,1,1,1,5.0,,-1.0, -1,1986.0,B01,138Â 300Â 983,1.0,0.0,-1.0,1640899,3.0,2,,0.0,2.0,7.0,A01,138Â 300Â 982,1.0
961398,201900002929,10,19,23:20,5,2,9,2.0,3.0,93055,JEAN JAURES (AVENUE) (76/128),M,"48,9035600","2,3921300",93,2019,50.0,1.0,2.0,3.0,2148729,1.0,1,1,1,5.0,,-1.0, -1,1986.0,B01,138Â 300Â 983,1.0,0.0,-1.0,1640900,3.0,7,,0.0,2.0,3.0,B01,138Â 300Â 983,1.0
961399,201900002930,10,21,20:30,5,2,2,1.0,3.0,92049,PERI RUE GABRIEL AUTRES NÂ°/  REPUBLIQUE AVENUE DE LA NÂ°1 A 79,M,"48,8185095","2,3196199",92,2019,50.0,1.0,1.0,3.0,2148730,1.0,1,4,2,5.0,,-1.0,0,1992.0,B01,138Â 300Â 980,2.0,6.0,-1.0,1640901,2.0,34,,0.0,2.0,1.0,B01,138Â 300Â 980,0.0
961399,201900002930,10,21,20:30,5,2,2,1.0,3.0,92049,PERI RUE GABRIEL AUTRES NÂ°/  REPUBLIQUE AVENUE DE LA NÂ°1 A 79,M,"48,8185095","2,3196199",92,2019,50.0,1.0,1.0,3.0,2148730,1.0,1,4,2,5.0,,-1.0,0,1992.0,B01,138Â 300Â 980,2.0,6.0,-1.0,1640902,1.0,7,,0.0,2.0,2.0,A01,138Â 300Â 981,0.0
961399,201900002930,10,21,20:30,5,2,2,1.0,3.0,92049,PERI RUE GABRIEL AUTRES NÂ°/  REPUBLIQUE AVENUE DE LA NÂ°1 A 79,M,"48,8185095","2,3196199",92,2019,50.0,1.0,1.0,3.0,2148731,1.0,1,1,1,4.0,,-1.0,0,1998.0,A01,138Â 300Â 981,1.0,0.0,-1.0,1640901,2.0,34,,0.0,2.0,1.0,B01,138Â 300Â 980,0.0
961399,201900002930,10,21,20:30,5,2,2,1.0,3.0,92049,PERI RUE GABRIEL AUTRES NÂ°/  REPUBLIQUE AVENUE DE LA NÂ°1 A 79,M,"48,8185095","2,3196199",92,2019,50.0,1.0,1.0,3.0,2148731,1.0,1,1,1,4.0,,-1.0,0,1998.0,A01,138Â 300Â 981,1.0,0.0,-1.0,1640902,1.0,7,,0.0,2.0,2.0,A01,138Â 300Â 981,0.0
961400,201900002931,7,14,01:00,4,2,1,1.0,6.0,98740,village de AVATORU,M," -15,8484720"," -148,2511790",987,2019,50.0,1.0,1.0,9.0,2148732,1.0,1,2,1,5.0,,0.0,0,1977.0,A01,138Â 300Â 979,0.0,-1.0,-1.0,1640903,2.0,34,,0.0,1.0,1.0,A01,138Â 300Â 979,1.0
961400,201900002931,7,14,01:00,4,2,1,1.0,6.0,98740,village de AVATORU,M," -15,8484720"," -148,2511790",987,2019,50.0,1.0,1.0,9.0,2148733,10.0,3,4,2,5.0,,5.0,1,1994.0,A01,138Â 300Â 979,0.0,-1.0,-1.0,1640903,2.0,34,,0.0,1.0,1.0,A01,138Â 300Â 979,1.0
961401,201900002932,10,22,07:20,1,2,1,1.0,2.0,97611,kaweni-Mangrove ( rue de la ),M," -12,7758700","45,2258400",976,2019,50.0,1.0,1.0,2.0,2148734,1.0,1,4,1,0.0,,-1.0,0,1965.0,A01,138Â 300Â 977,2.0,8.0,-1.0,1640904,1.0,33,,0.0,2.0,1.0,A01,138Â 300Â 977,1.0
961401,201900002932,10,22,07:20,1,2,1,1.0,2.0,97611,kaweni-Mangrove ( rue de la ),M," -12,7758700","45,2258400",976,2019,50.0,1.0,1.0,2.0,2148734,1.0,1,4,1,0.0,,-1.0,0,1965.0,A01,138Â 300Â 977,2.0,8.0,-1.0,1640905,1.0,7,,0.0,2.0,4.0,B01,138Â 300Â 978,1.0
961401,201900002932,10,22,07:20,1,2,1,1.0,2.0,97611,kaweni-Mangrove ( rue de la ),M," -12,7758700","45,2258400",976,2019,50.0,1.0,1.0,2.0,2148735,1.0,1,1,1,0.0,,-1.0,0,1986.0,B01,138Â 300Â 978,1.0,8.0,-1.0,1640904,1.0,33,,0.0,2.0,1.0,A01,138Â 300Â 977,1.0
961401,201900002932,10,22,07:20,1,2,1,1.0,2.0,97611,kaweni-Mangrove ( rue de la ),M," -12,7758700","45,2258400",976,2019,50.0,1.0,1.0,2.0,2148735,1.0,1,1,1,0.0,,-1.0,0,1986.0,B01,138Â 300Â 978,1.0,8.0,-1.0,1640905,1.0,7,,0.0,2.0,4.0,B01,138Â 300Â 978,1.0
961402,201900002933,10,22,10:30,1,2,1,2.0,6.0,69383,GAMBETTA                            (CO),M,"45,7558600","4,8412400",69,2019,50.0,1.0,2.0,4.0,2148736,1.0,1,1,1,0.0,,-1.0,0,1981.0,A01,138Â 300Â 976,1.0,0.0,-1.0,1640906,2.0,7,,0.0,1.0,4.0,A01,138Â 300Â 976,1.0
961402,201900002933,10,22,10:30,1,2,1,2.0,6.0,69383,GAMBETTA                            (CO),M,"45,7558600","4,8412400",69,2019,50.0,1.0,2.0,4.0,2148737,10.0,3,4,1,0.0,,4.0,3,1949.0,A01,138Â 300Â 976,8.0,0.0,-1.0,1640906,2.0,7,,0.0,1.0,4.0,A01,138Â 300Â 976,1.0
961403,201900002934,10,22,15:00,1,2,1,8.0,6.0,69034,PASTEUR                             (R ),M,"45,7905100","4,8420100",69,2019,50.0,1.0,1.0,4.0,2148738,1.0,1,1,2,0.0,,-1.0, -1,1982.0,A01,138Â 300Â 974,8.0,0.0,-1.0,1640907,2.0,7,,0.0,2.0,8.0,A01,138Â 300Â 974,0.0
961403,201900002934,10,22,15:00,1,2,1,8.0,6.0,69034,PASTEUR                             (R ),M,"45,7905100","4,8420100",69,2019,50.0,1.0,1.0,4.0,2148738,1.0,1,1,2,0.0,,-1.0, -1,1982.0,A01,138Â 300Â 974,8.0,0.0,-1.0,1640908,2.0,80,,1.0,0.0,1.0,B01,138Â 300Â 975,3.0
961403,201900002934,10,22,15:00,1,2,1,8.0,6.0,69034,PASTEUR                             (R ),M,"45,7905100","4,8420100",69,2019,50.0,1.0,1.0,4.0,2148739,1.0,1,4,1,0.0,,-1.0, -1,1963.0,B01,138Â 300Â 975,8.0,0.0,-1.0,1640907,2.0,7,,0.0,2.0,8.0,A01,138Â 300Â 974,0.0
961403,201900002934,10,22,15:00,1,2,1,8.0,6.0,69034,PASTEUR                             (R ),M,"45,7905100","4,8420100",69,2019,50.0,1.0,1.0,4.0,2148739,1.0,1,4,1,0.0,,-1.0, -1,1963.0,B01,138Â 300Â 975,8.0,0.0,-1.0,1640908,2.0,80,,1.0,0.0,1.0,B01,138Â 300Â 975,3.0
961404,201900002935,10,22,16:30,1,2,6,1.0,2.0,2A004,MEZZAVIA ROUTE DE,M,"41,9452500","8,7585700",2A,2019,50.0,1.0,1.0,2.0,2148740,1.0,1,4,2,3.0,,-1.0, -1,1951.0,A01,138Â 300Â 972,1.0,8.0,-1.0,1640909,2.0,7,,0.0,2.0,1.0,A01,138Â 300Â 972,1.0
961404,201900002935,10,22,16:30,1,2,6,1.0,2.0,2A004,MEZZAVIA ROUTE DE,M,"41,9452500","8,7585700",2A,2019,50.0,1.0,1.0,2.0,2148740,1.0,1,4,2,3.0,,-1.0, -1,1951.0,A01,138Â 300Â 972,1.0,8.0,-1.0,1640910,2.0,7,,0.0,2.0,4.0,B01,138Â 300Â 973,1.0
961404,201900002935,10,22,16:30,1,2,6,1.0,2.0,2A004,MEZZAVIA ROUTE DE,M,"41,9452500","8,7585700",2A,2019,50.0,1.0,1.0,2.0,2148741,4.0,2,4,2,9.0,,-1.0, -1,2002.0,B01,138Â 300Â 973,1.0,8.0,-1.0,1640909,2.0,7,,0.0,2.0,1.0,A01,138Â 300Â 972,1.0
961404,201900002935,10,22,16:30,1,2,6,1.0,2.0,2A004,MEZZAVIA ROUTE DE,M,"41,9452500","8,7585700",2A,2019,50.0,1.0,1.0,2.0,2148741,4.0,2,4,2,9.0,,-1.0, -1,2002.0,B01,138Â 300Â 973,1.0,8.0,-1.0,1640910,2.0,7,,0.0,2.0,4.0,B01,138Â 300Â 973,1.0
961404,201900002935,10,22,16:30,1,2,6,1.0,2.0,2A004,MEZZAVIA ROUTE DE,M,"41,9452500","8,7585700",2A,2019,50.0,1.0,1.0,2.0,2148742,2.0,2,4,1,0.0,,-1.0, -1,1995.0,B01,138Â 300Â 973,1.0,8.0,-1.0,1640909,2.0,7,,0.0,2.0,1.0,A01,138Â 300Â 972,1.0
961404,201900002935,10,22,16:30,1,2,6,1.0,2.0,2A004,MEZZAVIA ROUTE DE,M,"41,9452500","8,7585700",2A,2019,50.0,1.0,1.0,2.0,2148742,2.0,2,4,1,0.0,,-1.0, -1,1995.0,B01,138Â 300Â 973,1.0,8.0,-1.0,1640910,2.0,7,,0.0,2.0,4.0,B01,138Â 300Â 973,1.0
961404,201900002935,10,22,16:30,1,2,6,1.0,2.0,2A004,MEZZAVIA ROUTE DE,M,"41,9452500","8,7585700",2A,2019,50.0,1.0,1.0,2.0,2148743,1.0,1,4,2,9.0,,-1.0, -1,1964.0,B01,138Â 300Â 973,1.0,8.0,-1.0,1640909,2.0,7,,0.0,2.0,1.0,A01,138Â 300Â 972,1.0
961404,201900002935,10,22,16:30,1,2,6,1.0,2.0,2A004,MEZZAVIA ROUTE DE,M,"41,9452500","8,7585700",2A,2019,50.0,1.0,1.0,2.0,2148743,1.0,1,4,2,9.0,,-1.0, -1,1964.0,B01,138Â 300Â 973,1.0,8.0,-1.0,1640910,2.0,7,,0.0,2.0,4.0,B01,138Â 300Â 973,1.0
961405,201900002936,10,22,10:50,1,2,4,1.0,6.0,2A004,NAPOLEON COURS AVANT BEVERINI,M,"41,9259105","8,7382253",2A,2019,50.0,1.0,1.0,2.0,2148744,10.0,3,4,2,0.0,,4.0,3,1948.0,A01,138Â 300Â 971,8.0,0.0,-1.0,1640911,2.0,7,,0.0,1.0,1.0,A01,138Â 300Â 971,1.0
961405,201900002936,10,22,10:50,1,2,4,1.0,6.0,2A004,NAPOLEON COURS AVANT BEVERINI,M,"41,9259105","8,7382253",2A,2019,50.0,1.0,1.0,2.0,2148745,1.0,1,1,2,0.0,,-1.0, -1,1945.0,A01,138Â 300Â 971,1.0,0.0,-1.0,1640911,2.0,7,,0.0,1.0,1.0,A01,138Â 300Â 971,1.0
961406,201900002937,10,22,22:25,5,2,6,1.0,3.0,91589,OUZILLO (AVENUE HENRI),M,"48,6732900","2,3403100",91,2019,50.0,1.0,1.0,4.0,2148746,1.0,1,1,1,0.0,,0.0,0,2000.0,A01,138Â 300Â 969,8.0,5.0,-1.0,1640912,1.0,7,,0.0,2.0,7.0,A01,138Â 300Â 969,1.0
961406,201900002937,10,22,22:25,5,2,6,1.0,3.0,91589,OUZILLO (AVENUE HENRI),M,"48,6732900","2,3403100",91,2019,50.0,1.0,1.0,4.0,2148746,1.0,1,1,1,0.0,,0.0,0,2000.0,A01,138Â 300Â 969,8.0,5.0,-1.0,1640913,1.0,7,,0.0,2.0,1.0,B01,138Â 300Â 970,1.0
961406,201900002937,10,22,22:25,5,2,6,1.0,3.0,91589,OUZILLO (AVENUE HENRI),M,"48,6732900","2,3403100",91,2019,50.0,1.0,1.0,4.0,2148747,2.0,2,1,1,0.0,,0.0,0,2000.0,A01,138Â 300Â 969,8.0,0.0,-1.0,1640912,1.0,7,,0.0,2.0,7.0,A01,138Â 300Â 969,1.0
961406,201900002937,10,22,22:25,5,2,6,1.0,3.0,91589,OUZILLO (AVENUE HENRI),M,"48,6732900","2,3403100",91,2019,50.0,1.0,1.0,4.0,2148747,2.0,2,1,1,0.0,,0.0,0,2000.0,A01,138Â 300Â 969,8.0,0.0,-1.0,1640913,1.0,7,,0.0,2.0,1.0,B01,138Â 300Â 970,1.0
961406,201900002937,10,22,22:25,5,2,6,1.0,3.0,91589,OUZILLO (AVENUE HENRI),M,"48,6732900","2,3403100",91,2019,50.0,1.0,1.0,4.0,2148748,1.0,1,4,1,9.0,,0.0,0,1984.0,B01,138Â 300Â 970,8.0,0.0,-1.0,1640912,1.0,7,,0.0,2.0,7.0,A01,138Â 300Â 969,1.0
961406,201900002937,10,22,22:25,5,2,6,1.0,3.0,91589,OUZILLO (AVENUE HENRI),M,"48,6732900","2,3403100",91,2019,50.0,1.0,1.0,4.0,2148748,1.0,1,4,1,9.0,,0.0,0,1984.0,B01,138Â 300Â 970,8.0,0.0,-1.0,1640913,1.0,7,,0.0,2.0,1.0,B01,138Â 300Â 970,1.0
961407,201900002938,10,19,17:50,1,2,3,1.0,3.0,91377,DE LATTRE DE TASSIGNY (AVENUE DU MARECHA,M,"48,7230400","2,2870700",91,2019,50.0,1.0,1.0,3.0,2148749,1.0,1,1,2,0.0,,0.0,0,1979.0,A01,138Â 300Â 967,8.0,0.0,-1.0,1640914,1.0,7,,0.0,2.0,1.0,A01,138Â 300Â 967,1.0
961407,201900002938,10,19,17:50,1,2,3,1.0,3.0,91377,DE LATTRE DE TASSIGNY (AVENUE DU MARECHA,M,"48,7230400","2,2870700",91,2019,50.0,1.0,1.0,3.0,2148749,1.0,1,1,2,0.0,,0.0,0,1979.0,A01,138Â 300Â 967,8.0,0.0,-1.0,1640915,2.0,10,,0.0,2.0,7.0,B01,138Â 300Â 968,1.0
961407,201900002938,10,19,17:50,1,2,3,1.0,3.0,91377,DE LATTRE DE TASSIGNY (AVENUE DU MARECHA,M,"48,7230400","2,2870700",91,2019,50.0,1.0,1.0,3.0,2148750,1.0,1,4,2,0.0,,0.0,0,1950.0,B01,138Â 300Â 968,8.0,0.0,-1.0,1640914,1.0,7,,0.0,2.0,1.0,A01,138Â 300Â 967,1.0
961407,201900002938,10,19,17:50,1,2,3,1.0,3.0,91377,DE LATTRE DE TASSIGNY (AVENUE DU MARECHA,M,"48,7230400","2,2870700",91,2019,50.0,1.0,1.0,3.0,2148750,1.0,1,4,2,0.0,,0.0,0,1950.0,B01,138Â 300Â 968,8.0,0.0,-1.0,1640915,2.0,10,,0.0,2.0,7.0,B01,138Â 300Â 968,1.0
961408,201900002939,10,22,20:20,5,2,2,1.0,2.0,91687,GENERAL DE GAULLE (AVENUE DU),M,"48,6760000","2,3854000",91,2019,50.0,3.0,1.0,2.0,2148751,2.0,2,1,1,5.0,,0.0,0,1991.0,A01,138Â 300Â 965,1.0,0.0,-1.0,1640916,2.0,7,,0.0,2.0,3.0,A01,138Â 300Â 965,1.0
961408,201900002939,10,22,20:20,5,2,2,1.0,2.0,91687,GENERAL DE GAULLE (AVENUE DU),M,"48,6760000","2,3854000",91,2019,50.0,3.0,1.0,2.0,2148751,2.0,2,1,1,5.0,,0.0,0,1991.0,A01,138Â 300Â 965,1.0,0.0,-1.0,1640917,2.0,7,,0.0,2.0,5.0,B01,138Â 300Â 966,1.0