Unnamed: 0_x,num_acc,mois,jour,hrmn,lum,agg,int,atm,col,com,adr,gps,lat,long,dep,annee,vma,situ,surf,catr,Unnamed: 0_y,place,catu,grav,sexe,trajet,secu,locp,actp,an_nais,num_veh_x,id_vehicule_x,secu1,secu2,secu3,Unnamed: 0,senc,catv,occutc,obs,obsm,choc,num_veh_y,id_vehicule_y,motor
961408,201900002939,10,22,20:20,5,2,2,1.0,2.0,91687,GENERAL DE GAULLE (AVENUE DU),M,"48,6760000","2,3854000",91,2019,50.0,3.0,1.0,2.0,2148752,1.0,1,1,1,5.0,,-1.0, -1,1997.0,A01,138Â 300Â 965,1.0,0.0,-1.0,1640916,2.0,7,,0.0,2.0,3.0,A01,138Â 300Â 965,1.0
961408,201900002939,10,22,20:20,5,2,2,1.0,2.0,91687,GENERAL DE GAULLE (AVENUE DU),M,"48,6760000","2,3854000",91,2019,50.0,3.0,1.0,2.0,2148752,1.0,1,1,1,5.0,,-1.0, -1,1997.0,A01,138Â 300Â 965,1.0,0.0,-1.0,1640917,2.0,7,,0.0,2.0,5.0,B01,138Â 300Â 966,1.0
961408,201900002939,10,22,20:20,5,2,2,1.0,2.0,91687,GENERAL DE GAULLE (AVENUE DU),M,"48,6760000","2,3854000",91,2019,50.0,3.0,1.0,2.0,2148753,1.0,1,4,1,5.0,,0.0,0,1980.0,B01,138Â 300Â 966,1.0,0.0,-1.0,1640916,2.0,7,,0.0,2.0,3.0,A01,138Â 300Â 965,1.0
961408,201900002939,10,22,20:20,5,2,2,1.0,2.0,91687,GENERAL DE GAULLE (AVENUE DU),M,"48,6760000","2,3854000",91,2019,50.0,3.0,1.0,2.0,2148753,1.0,1,4,1,5.0,,0.0,0,1980.0,B01,138Â 300Â 966,1.0,0.0,-1.0,1640917,2.0,7,,0.0,2.0,5.0,B01,138Â 300Â 966,1.0
961408,201900002939,10,22,20:20,5,2,2,1.0,2.0,91687,GENERAL DE GAULLE (AVENUE DU),M,"48,6760000","2,3854000",91,2019,50.0,3.0,1.0,2.0,2148754,2.0,2,4,1,5.0,,0.0,0,1980.0,B01,138Â 300Â 966,1.0,0.0,-1.0,1640916,2.0,7,,0.0,2.0,3.0,A01,138Â 300Â 965,1.0
961408,201900002939,10,22,20:20,5,2,2,1.0,2.0,91687,GENERAL DE GAULLE (AVENUE DU),M,"48,6760000","2,3854000",91,2019,50.0,3.0,1.0,2.0,2148754,2.0,2,4,1,5.0,,0.0,0,1980.0,B01,138Â 300Â 966,1.0,0.0,-1.0,1640917,2.0,7,,0.0,2.0,5.0,B01,138Â 300Â 966,1.0
961409,201900002940,10,22,07:45,5,2,1,5.0,7.0,91347,MONTLHERY (ROUTE DE),M,"48,6346700","2,2887300",91,2019,50.0,1.0,2.0,4.0,2148755,1.0,1,3,1,1.0,,-1.0, -1,1983.0,A01,138Â 300Â 961,2.0,6.0,-1.0,1640918,2.0,33,,16.0,0.0,1.0,A01,138Â 300Â 961,1.0
961410,201900002941,10,11,07:10,2,2,1,1.0,6.0,84007,BOCCACE (avenue),M,"43,9493100","4,8295300",84,2019,50.0,1.0,1.0,4.0,2148756,10.0,3,4,1,5.0,,3.0,3,1946.0,A01,138Â 300Â 960,0.0,-1.0,-1.0,1640919,3.0,7,,0.0,1.0,1.0,A01,138Â 300Â 960,1.0
961410,201900002941,10,11,07:10,2,2,1,1.0,6.0,84007,BOCCACE (avenue),M,"43,9493100","4,8295300",84,2019,50.0,1.0,1.0,4.0,2148757,1.0,1,1,2,5.0,,-1.0, -1,1941.0,A01,138Â 300Â 960,1.0,0.0,-1.0,1640919,3.0,7,,0.0,1.0,1.0,A01,138Â 300Â 960,1.0
961410,201900002941,10,11,07:10,2,2,1,1.0,6.0,84007,BOCCACE (avenue),M,"43,9493100","4,8295300",84,2019,50.0,1.0,1.0,4.0,2148758,10.0,3,3,2,0.0,,3.0,3,1948.0,A01,138Â 300Â 960,0.0,-1.0,-1.0,1640919,3.0,7,,0.0,1.0,1.0,A01,138Â 300Â 960,1.0
961411,201900002942,10,22,18:20,4,2,1,3.0,6.0,81163,BARBEY (EDOUARD),M,"43,4903997","2,3752988",81,2019,50.0,1.0,2.0,3.0,2148759,10.0,3,4,2,9.0,,2.0,3,1947.0,A01,138Â 300Â 957,8.0,0.0,-1.0,1640920,1.0,7,,12.0,1.0,2.0,A01,138Â 300Â 957,1.0
961411,201900002942,10,22,18:20,4,2,1,3.0,6.0,81163,BARBEY (EDOUARD),M,"43,4903997","2,3752988",81,2019,50.0,1.0,2.0,3.0,2148760,1.0,1,1,1,0.0,,0.0,0,1970.0,A01,138Â 300Â 957,1.0,0.0,-1.0,1640920,1.0,7,,12.0,1.0,2.0,A01,138Â 300Â 957,1.0
961412,201900002943,8,16,09:58,1,1,1,1.0,1.0,35085,pk 13 - RD82,M,"48,3756590"," -1,7264100",35,2019,80.0,1.0,1.0,3.0,2148761,1.0,1,2,2,0.0,,0.0,0,1957.0,A01,138Â 300Â 955,1.0,-1.0,-1.0,1640921,1.0,7,,0.0,2.0,1.0,A01,138Â 300Â 955,1.0
961412,201900002943,8,16,09:58,1,1,1,1.0,1.0,35085,pk 13 - RD82,M,"48,3756590"," -1,7264100",35,2019,80.0,1.0,1.0,3.0,2148761,1.0,1,2,2,0.0,,0.0,0,1957.0,A01,138Â 300Â 955,1.0,-1.0,-1.0,1640922,2.0,14,,0.0,2.0,1.0,B01,138Â 300Â 956,1.0
961412,201900002943,8,16,09:58,1,1,1,1.0,1.0,35085,pk 13 - RD82,M,"48,3756590"," -1,7264100",35,2019,80.0,1.0,1.0,3.0,2148762,1.0,1,1,1,4.0,,0.0,0,1977.0,B01,138Â 300Â 956,1.0,-1.0,-1.0,1640921,1.0,7,,0.0,2.0,1.0,A01,138Â 300Â 955,1.0
961412,201900002943,8,16,09:58,1,1,1,1.0,1.0,35085,pk 13 - RD82,M,"48,3756590"," -1,7264100",35,2019,80.0,1.0,1.0,3.0,2148762,1.0,1,1,1,4.0,,0.0,0,1977.0,B01,138Â 300Â 956,1.0,-1.0,-1.0,1640922,2.0,14,,0.0,2.0,1.0,B01,138Â 300Â 956,1.0
961413,201900002944,8,14,16:45,1,1,2,1.0,3.0,84029,D43,M,"44,1649790","4,8579220",84,2019,80.0,1.0,1.0,3.0,2148763,1.0,1,3,1,0.0,,0.0,0,1966.0,A01,138Â 300Â 951,2.0,-1.0,-1.0,1640923,0.0,33,,0.0,0.0,8.0,A01,138Â 300Â 951,1.0
961413,201900002944,8,14,16:45,1,1,2,1.0,3.0,84029,D43,M,"44,1649790","4,8579220",84,2019,80.0,1.0,1.0,3.0,2148763,1.0,1,3,1,0.0,,0.0,0,1966.0,A01,138Â 300Â 951,2.0,-1.0,-1.0,1640924,0.0,7,,0.0,2.0,1.0,B01,138Â 300Â 952,1.0
961413,201900002944,8,14,16:45,1,1,2,1.0,3.0,84029,D43,M,"44,1649790","4,8579220",84,2019,80.0,1.0,1.0,3.0,2148764,1.0,1,1,1,0.0,,0.0,0,1942.0,B01,138Â 300Â 952,1.0,-1.0,-1.0,1640923,0.0,33,,0.0,0.0,8.0,A01,138Â 300Â 951,1.0
961413,201900002944,8,14,16:45,1,1,2,1.0,3.0,84029,D43,M,"44,1649790","4,8579220",84,2019,80.0,1.0,1.0,3.0,2148764,1.0,1,1,1,0.0,,0.0,0,1942.0,B01,138Â 300Â 952,1.0,-1.0,-1.0,1640924,0.0,7,,0.0,2.0,1.0,B01,138Â 300Â 952,1.0
961414,201900002945,8,16,14:55,1,1,1,1.0,7.0,63248,D942,M,"45,7342307","2,9292709",63,2019,50.0,3.0,1.0,3.0,2148765,1.0,1,4,1,0.0,,0.0,0,1988.0,A01,138Â 300Â 948,8.0,-1.0,-1.0,1640925,2.0,33,,0.0,0.0,0.0,A01,138Â 300Â 948,1.0
961415,201900002946,8,15,08:30,1,1,1,8.0,2.0,52258,A5 - PK 190+380,M,"48,0890730","4,8410310",52,2019,130.0,1.0,1.0,1.0,2148766,1.0,1,1,1,4.0,,0.0,0,1970.0,B01,138Â 300Â 946,1.0,-1.0,-1.0,1640926,1.0,17,,0.0,0.0,4.0,B01,138Â 300Â 946,1.0
961415,201900002946,8,15,08:30,1,1,1,8.0,2.0,52258,A5 - PK 190+380,M,"48,0890730","4,8410310",52,2019,130.0,1.0,1.0,1.0,2148766,1.0,1,1,1,4.0,,0.0,0,1970.0,B01,138Â 300Â 946,1.0,-1.0,-1.0,1640927,1.0,7,,0.0,2.0,1.0,A01,138Â 300Â 947,1.0
961415,201900002946,8,15,08:30,1,1,1,8.0,2.0,52258,A5 - PK 190+380,M,"48,0890730","4,8410310",52,2019,130.0,1.0,1.0,1.0,2148767,1.0,1,4,2,5.0,,0.0,0,1987.0,A01,138Â 300Â 947,1.0,-1.0,-1.0,1640926,1.0,17,,0.0,0.0,4.0,B01,138Â 300Â 946,1.0
961415,201900002946,8,15,08:30,1,1,1,8.0,2.0,52258,A5 - PK 190+380,M,"48,0890730","4,8410310",52,2019,130.0,1.0,1.0,1.0,2148767,1.0,1,4,2,5.0,,0.0,0,1987.0,A01,138Â 300Â 947,1.0,-1.0,-1.0,1640927,1.0,7,,0.0,2.0,1.0,A01,138Â 300Â 947,1.0
961416,201900002947,8,12,13:10,1,1,1,1.0,6.0,21298,A6 PK 253+600 sens LYON vers PARIS,M,"47,3274980","4,4841500",21,2019,130.0,1.0,1.0,1.0,2148768,1.0,1,4,2,5.0,,0.0,0,1967.0,A01,138Â 300Â 944,8.0,-1.0,-1.0,1640928,2.0,7,,4.0,0.0,1.0,A01,138Â 300Â 944,1.0
961416,201900002947,8,12,13:10,1,1,1,1.0,6.0,21298,A6 PK 253+600 sens LYON vers PARIS,M,"47,3274980","4,4841500",21,2019,130.0,1.0,1.0,1.0,2148769,7.0,2,4,2,5.0,,0.0,0,2000.0,A01,138Â 300Â 944,8.0,-1.0,-1.0,1640928,2.0,7,,4.0,0.0,1.0,A01,138Â 300Â 944,1.0
961416,201900002947,8,12,13:10,1,1,1,1.0,6.0,21298,A6 PK 253+600 sens LYON vers PARIS,M,"47,3274980","4,4841500",21,2019,130.0,1.0,1.0,1.0,2148770,2.0,2,4,1,5.0,,0.0,0,1967.0,A01,138Â 300Â 944,8.0,-1.0,-1.0,1640928,2.0,7,,4.0,0.0,1.0,A01,138Â 300Â 944,1.0
961417,201900002948,10,18,21:00,5,1,1,1.0,3.0,80256,,M,"49,9164500","2,2254400",80,2019,80.0,1.0,1.0,3.0,2148771,1.0,1,1,1,0.0,,0.0,0,1946.0,A01,138Â 300Â 943,1.0,0.0,-1.0,1640929,0.0,7,,0.0,2.0,7.0,A01,138Â 300Â 943,1.0
961417,201900002948,10,18,21:00,5,1,1,1.0,3.0,80256,,M,"49,9164500","2,2254400",80,2019,80.0,1.0,1.0,3.0,2148771,1.0,1,1,1,0.0,,0.0,0,1946.0,A01,138Â 300Â 943,1.0,0.0,-1.0,1640930,0.0,2,,0.0,2.0,6.0,B01,138Â 300Â 945,1.0
961417,201900002948,10,18,21:00,5,1,1,1.0,3.0,80256,,M,"49,9164500","2,2254400",80,2019,80.0,1.0,1.0,3.0,2148772,2.0,2,4,1,0.0,,-1.0, -1,2004.0,B01,138Â 300Â 945,2.0,0.0,-1.0,1640929,0.0,7,,0.0,2.0,7.0,A01,138Â 300Â 943,1.0
961417,201900002948,10,18,21:00,5,1,1,1.0,3.0,80256,,M,"49,9164500","2,2254400",80,2019,80.0,1.0,1.0,3.0,2148772,2.0,2,4,1,0.0,,-1.0, -1,2004.0,B01,138Â 300Â 945,2.0,0.0,-1.0,1640930,0.0,2,,0.0,2.0,6.0,B01,138Â 300Â 945,1.0
961417,201900002948,10,18,21:00,5,1,1,1.0,3.0,80256,,M,"49,9164500","2,2254400",80,2019,80.0,1.0,1.0,3.0,2148773,1.0,1,4,1,0.0,,-1.0, -1,2001.0,B01,138Â 300Â 945,2.0,0.0,-1.0,1640929,0.0,7,,0.0,2.0,7.0,A01,138Â 300Â 943,1.0
961417,201900002948,10,18,21:00,5,1,1,1.0,3.0,80256,,M,"49,9164500","2,2254400",80,2019,80.0,1.0,1.0,3.0,2148773,1.0,1,4,1,0.0,,-1.0, -1,2001.0,B01,138Â 300Â 945,2.0,0.0,-1.0,1640930,0.0,2,,0.0,2.0,6.0,B01,138Â 300Â 945,1.0
961418,201900002949,8,14,09:00,1,1,1,1.0,6.0,06026,Boulevard des 5 Communes/Boulevard Jean Marais,M,"43,6487643","6,8776448",6,2019,70.0,1.0,1.0,3.0,2148774,1.0,1,1,1,9.0,,0.0,0,1938.0,A01,138Â 300Â 940,1.0,-1.0,-1.0,1640931,2.0,7,,0.0,9.0,0.0,A01,138Â 300Â 940,1.0
961418,201900002949,8,14,09:00,1,1,1,1.0,6.0,06026,Boulevard des 5 Communes/Boulevard Jean Marais,M,"43,6487643","6,8776448",6,2019,70.0,1.0,1.0,3.0,2148774,1.0,1,1,1,9.0,,0.0,0,1938.0,A01,138Â 300Â 940,1.0,-1.0,-1.0,1640932,2.0,80,,0.0,2.0,8.0,B01,138Â 300Â 942,3.0
961418,201900002949,8,14,09:00,1,1,1,1.0,6.0,06026,Boulevard des 5 Communes/Boulevard Jean Marais,M,"43,6487643","6,8776448",6,2019,70.0,1.0,1.0,3.0,2148775,2.0,2,1,1,9.0,,0.0,0,1972.0,A01,138Â 300Â 940,1.0,-1.0,-1.0,1640931,2.0,7,,0.0,9.0,0.0,A01,138Â 300Â 940,1.0
961418,201900002949,8,14,09:00,1,1,1,1.0,6.0,06026,Boulevard des 5 Communes/Boulevard Jean Marais,M,"43,6487643","6,8776448",6,2019,70.0,1.0,1.0,3.0,2148775,2.0,2,1,1,9.0,,0.0,0,1972.0,A01,138Â 300Â 940,1.0,-1.0,-1.0,1640932,2.0,80,,0.0,2.0,8.0,B01,138Â 300Â 942,3.0
961418,201900002949,8,14,09:00,1,1,1,1.0,6.0,06026,Boulevard des 5 Communes/Boulevard Jean Marais,M,"43,6487643","6,8776448",6,2019,70.0,1.0,1.0,3.0,2148776,1.0,1,2,1,5.0,,0.0,0,1940.0,B01,138Â 300Â 942,2.0,6.0,-1.0,1640931,2.0,7,,0.0,9.0,0.0,A01,138Â 300Â 940,1.0
961418,201900002949,8,14,09:00,1,1,1,1.0,6.0,06026,Boulevard des 5 Communes/Boulevard Jean Marais,M,"43,6487643","6,8776448",6,2019,70.0,1.0,1.0,3.0,2148776,1.0,1,2,1,5.0,,0.0,0,1940.0,B01,138Â 300Â 942,2.0,6.0,-1.0,1640932,2.0,80,,0.0,2.0,8.0,B01,138Â 300Â 942,3.0
961419,201900002950,8,14,18:11,1,1,1,8.0,1.0,51544,RD 977,M,"49,2863066","4,5525896",51,2019,80.0,1.0,1.0,3.0,2148777,1.0,1,2,1,5.0,,0.0,0,1961.0,A01,138Â 300Â 937,2.0,6.0,-1.0,1640933,2.0,33,,0.0,2.0,3.0,A01,138Â 300Â 937,1.0
961419,201900002950,8,14,18:11,1,1,1,8.0,1.0,51544,RD 977,M,"49,2863066","4,5525896",51,2019,80.0,1.0,1.0,3.0,2148777,1.0,1,2,1,5.0,,0.0,0,1961.0,A01,138Â 300Â 937,2.0,6.0,-1.0,1640934,1.0,15,,0.0,2.0,3.0,B01,138Â 300Â 938,1.0
961419,201900002950,8,14,18:11,1,1,1,8.0,1.0,51544,RD 977,M,"49,2863066","4,5525896",51,2019,80.0,1.0,1.0,3.0,2148778,1.0,1,1,1,4.0,,0.0,0,1967.0,B01,138Â 300Â 938,1.0,-1.0,-1.0,1640933,2.0,33,,0.0,2.0,3.0,A01,138Â 300Â 937,1.0
961419,201900002950,8,14,18:11,1,1,1,8.0,1.0,51544,RD 977,M,"49,2863066","4,5525896",51,2019,80.0,1.0,1.0,3.0,2148778,1.0,1,1,1,4.0,,0.0,0,1967.0,B01,138Â 300Â 938,1.0,-1.0,-1.0,1640934,1.0,15,,0.0,2.0,3.0,B01,138Â 300Â 938,1.0
961420,201900002951,10,22,07:25,3,1,1,8.0,4.0,74118,REIGNIER (ROUTE DE),M,"46,1771700","6,2350900",74,2019,50.0,1.0,2.0,3.0,2148779,1.0,1,1,2,1.0,,0.0,0,1994.0,A01,138Â 300Â 934,1.0,0.0,-1.0,1640935,2.0,7,,0.0,2.0,1.0,A01,138Â 300Â 934,1.0
961420,201900002951,10,22,07:25,3,1,1,8.0,4.0,74118,REIGNIER (ROUTE DE),M,"46,1771700","6,2350900",74,2019,50.0,1.0,2.0,3.0,2148779,1.0,1,1,2,1.0,,0.0,0,1994.0,A01,138Â 300Â 934,1.0,0.0,-1.0,1640936,2.0,7,,0.0,2.0,4.0,B01,138Â 300Â 935,1.0
961420,201900002951,10,22,07:25,3,1,1,8.0,4.0,74118,REIGNIER (ROUTE DE),M,"46,1771700","6,2350900",74,2019,50.0,1.0,2.0,3.0,2148779,1.0,1,1,2,1.0,,0.0,0,1994.0,A01,138Â 300Â 934,1.0,0.0,-1.0,1640937,2.0,7,,0.0,2.0,4.0,C01,138Â 300Â 936,1.0
961420,201900002951,10,22,07:25,3,1,1,8.0,4.0,74118,REIGNIER (ROUTE DE),M,"46,1771700","6,2350900",74,2019,50.0,1.0,2.0,3.0,2148780,2.0,2,4,2,0.0,,0.0,0,1993.0,B01,138Â 300Â 935,1.0,0.0,-1.0,1640935,2.0,7,,0.0,2.0,1.0,A01,138Â 300Â 934,1.0
961420,201900002951,10,22,07:25,3,1,1,8.0,4.0,74118,REIGNIER (ROUTE DE),M,"46,1771700","6,2350900",74,2019,50.0,1.0,2.0,3.0,2148780,2.0,2,4,2,0.0,,0.0,0,1993.0,B01,138Â 300Â 935,1.0,0.0,-1.0,1640936,2.0,7,,0.0,2.0,4.0,B01,138Â 300Â 935,1.0
961420,201900002951,10,22,07:25,3,1,1,8.0,4.0,74118,REIGNIER (ROUTE DE),M,"46,1771700","6,2350900",74,2019,50.0,1.0,2.0,3.0,2148780,2.0,2,4,2,0.0,,0.0,0,1993.0,B01,138Â 300Â 935,1.0,0.0,-1.0,1640937,2.0,7,,0.0,2.0,4.0,C01,138Â 300Â 936,1.0
961420,201900002951,10,22,07:25,3,1,1,8.0,4.0,74118,REIGNIER (ROUTE DE),M,"46,1771700","6,2350900",74,2019,50.0,1.0,2.0,3.0,2148781,1.0,1,1,2,1.0,,0.0,0,1985.0,B01,138Â 300Â 935,1.0,0.0,-1.0,1640935,2.0,7,,0.0,2.0,1.0,A01,138Â 300Â 934,1.0
961420,201900002951,10,22,07:25,3,1,1,8.0,4.0,74118,REIGNIER (ROUTE DE),M,"46,1771700","6,2350900",74,2019,50.0,1.0,2.0,3.0,2148781,1.0,1,1,2,1.0,,0.0,0,1985.0,B01,138Â 300Â 935,1.0,0.0,-1.0,1640936,2.0,7,,0.0,2.0,4.0,B01,138Â 300Â 935,1.0
961420,201900002951,10,22,07:25,3,1,1,8.0,4.0,74118,REIGNIER (ROUTE DE),M,"46,1771700","6,2350900",74,2019,50.0,1.0,2.0,3.0,2148781,1.0,1,1,2,1.0,,0.0,0,1985.0,B01,138Â 300Â 935,1.0,0.0,-1.0,1640937,2.0,7,,0.0,2.0,4.0,C01,138Â 300Â 936,1.0
961420,201900002951,10,22,07:25,3,1,1,8.0,4.0,74118,REIGNIER (ROUTE DE),M,"46,1771700","6,2350900",74,2019,50.0,1.0,2.0,3.0,2148782,1.0,1,1,2,1.0,,0.0,0,1982.0,C01,138Â 300Â 936,1.0,0.0,-1.0,1640935,2.0,7,,0.0,2.0,1.0,A01,138Â 300Â 934,1.0
961420,201900002951,10,22,07:25,3,1,1,8.0,4.0,74118,REIGNIER (ROUTE DE),M,"46,1771700","6,2350900",74,2019,50.0,1.0,2.0,3.0,2148782,1.0,1,1,2,1.0,,0.0,0,1982.0,C01,138Â 300Â 936,1.0,0.0,-1.0,1640936,2.0,7,,0.0,2.0,4.0,B01,138Â 300Â 935,1.0
961420,201900002951,10,22,07:25,3,1,1,8.0,4.0,74118,REIGNIER (ROUTE DE),M,"46,1771700","6,2350900",74,2019,50.0,1.0,2.0,3.0,2148782,1.0,1,1,2,1.0,,0.0,0,1982.0,C01,138Â 300Â 936,1.0,0.0,-1.0,1640937,2.0,7,,0.0,2.0,4.0,C01,138Â 300Â 936,1.0
961421,201900002952,8,17,02:00,3,1,1,1.0,7.0,58086,Route des CarriÃ¨res,M,"47,4297710","2,9756140",58,2019,80.0,8.0,1.0,4.0,2148783,1.0,1,3,1,0.0,,0.0,0,1965.0,A01,138Â 300Â 933,1.0,-1.0,-1.0,1640938,3.0,7,,0.0,0.0,0.0,A01,138Â 300Â 933,1.0
961421,201900002952,8,17,02:00,3,1,1,1.0,7.0,58086,Route des CarriÃ¨res,M,"47,4297710","2,9756140",58,2019,80.0,8.0,1.0,4.0,2148784,9.0,2,3,1,0.0,,0.0,0,1993.0,A01,138Â 300Â 933,1.0,-1.0,-1.0,1640938,3.0,7,,0.0,0.0,0.0,A01,138Â 300Â 933,1.0
961421,201900002952,8,17,02:00,3,1,1,1.0,7.0,58086,Route des CarriÃ¨res,M,"47,4297710","2,9756140",58,2019,80.0,8.0,1.0,4.0,2148785,2.0,2,3,1,0.0,,0.0,0,1995.0,A01,138Â 300Â 933,1.0,-1.0,-1.0,1640938,3.0,7,,0.0,0.0,0.0,A01,138Â 300Â 933,1.0
961422,201900002953,8,16,13:45,1,1,1,1.0,6.0,62408,route de guines,M,"50,8861000","1,8766070",62,2019,70.0,4.0,1.0,3.0,2148786,1.0,1,3,1,5.0,,0.0,0,1997.0,A01,138Â 300Â 931,2.0,-1.0,-1.0,1640939,1.0,31,,8.0,0.0,1.0,A01,138Â 300Â 931,1.0
961423,201900002954,9,2,23:18,5,2,6,1.0,6.0,73008,GENEVE RUE DE,M,"45,6918263","5,9124376",73,2019,50.0,1.0,1.0,4.0,2148787,1.0,1,3,1,5.0,,0.0,0,1973.0,A01,138Â 300Â 932,2.0,8.0,-1.0,1640940,2.0,33,,11.0,0.0,1.0,A01,138Â 300Â 932,1.0
961424,201900002955,10,21,23:40,5,2,1,1.0,6.0,72181,ESTIENNE D'ORVES (BD D'),M,"47,9817800","0,1893300",72,2019,70.0,1.0,1.0,4.0,2148788,1.0,1,3,1,0.0,,-1.0, -1,1960.0,A01,138Â 300Â 928,1.0,0.0,-1.0,1640941,3.0,7,,2.0,0.0,1.0,A01,138Â 300Â 928,1.0
961424,201900002955,10,21,23:40,5,2,1,1.0,6.0,72181,ESTIENNE D'ORVES (BD D'),M,"47,9817800","0,1893300",72,2019,70.0,1.0,1.0,4.0,2148789,4.0,2,4,2,0.0,,-1.0, -1,2016.0,A01,138Â 300Â 928,3.0,0.0,-1.0,1640941,3.0,7,,2.0,0.0,1.0,A01,138Â 300Â 928,1.0
961424,201900002955,10,21,23:40,5,2,1,1.0,6.0,72181,ESTIENNE D'ORVES (BD D'),M,"47,9817800","0,1893300",72,2019,70.0,1.0,1.0,4.0,2148790,3.0,2,4,1,0.0,,-1.0, -1,1986.0,A01,138Â 300Â 928,1.0,0.0,-1.0,1640941,3.0,7,,2.0,0.0,1.0,A01,138Â 300Â 928,1.0
961424,201900002955,10,21,23:40,5,2,1,1.0,6.0,72181,ESTIENNE D'ORVES (BD D'),M,"47,9817800","0,1893300",72,2019,70.0,1.0,1.0,4.0,2148791,2.0,2,4,2,0.0,,-1.0, -1,1986.0,A01,138Â 300Â 928,1.0,0.0,-1.0,1640941,3.0,7,,2.0,0.0,1.0,A01,138Â 300Â 928,1.0
961425,201900002956,10,21,22:15,5,2,1,1.0,3.0,71270,GAULLE (AVENUE DU GENERAL DE),M,"46,3312600","4,8428400",71,2019,50.0,1.0,2.0,3.0,2148792,1.0,1,4,2,0.0,,0.0,0,1973.0,A01,138Â 300Â 926,1.0,0.0,-1.0,1640942,1.0,7,,0.0,2.0,2.0,A01,138Â 300Â 926,1.0
961425,201900002956,10,21,22:15,5,2,1,1.0,3.0,71270,GAULLE (AVENUE DU GENERAL DE),M,"46,3312600","4,8428400",71,2019,50.0,1.0,2.0,3.0,2148792,1.0,1,4,2,0.0,,0.0,0,1973.0,A01,138Â 300Â 926,1.0,0.0,-1.0,1640943,1.0,7,,0.0,2.0,3.0,B01,138Â 300Â 927,1.0
961425,201900002956,10,21,22:15,5,2,1,1.0,3.0,71270,GAULLE (AVENUE DU GENERAL DE),M,"46,3312600","4,8428400",71,2019,50.0,1.0,2.0,3.0,2148793,1.0,1,4,2,0.0,,0.0,0,1952.0,B01,138Â 300Â 927,1.0,0.0,-1.0,1640942,1.0,7,,0.0,2.0,2.0,A01,138Â 300Â 926,1.0
961425,201900002956,10,21,22:15,5,2,1,1.0,3.0,71270,GAULLE (AVENUE DU GENERAL DE),M,"46,3312600","4,8428400",71,2019,50.0,1.0,2.0,3.0,2148793,1.0,1,4,2,0.0,,0.0,0,1952.0,B01,138Â 300Â 927,1.0,0.0,-1.0,1640943,1.0,7,,0.0,2.0,3.0,B01,138Â 300Â 927,1.0
961426,201900002957,10,21,16:45,1,2,1,1.0,5.0,71153,MONTCENIS (ROUTE DE),M,"46,8033700","4,4131100",71,2019,50.0,1.0,1.0,4.0,2148794,1.0,1,4,1,1.0,,-1.0, -1,1926.0,C01,138Â 300Â 922,1.0,0.0,-1.0,1640944,1.0,7,,0.0,2.0,1.0,C01,138Â 300Â 922,1.0
961426,201900002957,10,21,16:45,1,2,1,1.0,5.0,71153,MONTCENIS (ROUTE DE),M,"46,8033700","4,4131100",71,2019,50.0,1.0,1.0,4.0,2148794,1.0,1,4,1,1.0,,-1.0, -1,1926.0,C01,138Â 300Â 922,1.0,0.0,-1.0,1640945,1.0,37,2.0,0.0,2.0,1.0,B01,138Â 300Â 924,1.0
961426,201900002957,10,21,16:45,1,2,1,1.0,5.0,71153,MONTCENIS (ROUTE DE),M,"46,8033700","4,4131100",71,2019,50.0,1.0,1.0,4.0,2148794,1.0,1,4,1,1.0,,-1.0, -1,1926.0,C01,138Â 300Â 922,1.0,0.0,-1.0,1640946,2.0,7,,0.0,2.0,1.0,A01,138Â 300Â 925,1.0
961426,201900002957,10,21,16:45,1,2,1,1.0,5.0,71153,MONTCENIS (ROUTE DE),M,"46,8033700","4,4131100",71,2019,50.0,1.0,1.0,4.0,2148795,1.0,1,1,2,1.0,,-1.0, -1,1961.0,B01,138Â 300Â 924,1.0,0.0,-1.0,1640944,1.0,7,,0.0,2.0,1.0,C01,138Â 300Â 922,1.0
961426,201900002957,10,21,16:45,1,2,1,1.0,5.0,71153,MONTCENIS (ROUTE DE),M,"46,8033700","4,4131100",71,2019,50.0,1.0,1.0,4.0,2148795,1.0,1,1,2,1.0,,-1.0, -1,1961.0,B01,138Â 300Â 924,1.0,0.0,-1.0,1640945,1.0,37,2.0,0.0,2.0,1.0,B01,138Â 300Â 924,1.0
961426,201900002957,10,21,16:45,1,2,1,1.0,5.0,71153,MONTCENIS (ROUTE DE),M,"46,8033700","4,4131100",71,2019,50.0,1.0,1.0,4.0,2148795,1.0,1,1,2,1.0,,-1.0, -1,1961.0,B01,138Â 300Â 924,1.0,0.0,-1.0,1640946,2.0,7,,0.0,2.0,1.0,A01,138Â 300Â 925,1.0
961426,201900002957,10,21,16:45,1,2,1,1.0,5.0,71153,MONTCENIS (ROUTE DE),M,"46,8033700","4,4131100",71,2019,50.0,1.0,1.0,4.0,2148796,2.0,2,4,2,5.0,,0.0,0,1926.0,B01,138Â 300Â 924,8.0,0.0,-1.0,1640944,1.0,7,,0.0,2.0,1.0,C01,138Â 300Â 922,1.0
961426,201900002957,10,21,16:45,1,2,1,1.0,5.0,71153,MONTCENIS (ROUTE DE),M,"46,8033700","4,4131100",71,2019,50.0,1.0,1.0,4.0,2148796,2.0,2,4,2,5.0,,0.0,0,1926.0,B01,138Â 300Â 924,8.0,0.0,-1.0,1640945,1.0,37,2.0,0.0,2.0,1.0,B01,138Â 300Â 924,1.0