Unnamed: 0_x,num_acc,mois,jour,hrmn,lum,agg,int,atm,col,com,adr,gps,lat,long,dep,annee,vma,situ,surf,catr,Unnamed: 0_y,place,catu,grav,sexe,trajet,secu,locp,actp,an_nais,num_veh_x,id_vehicule_x,secu1,secu2,secu3,Unnamed: 0,senc,catv,occutc,obs,obsm,choc,num_veh_y,id_vehicule_y,motor
961426,201900002957,10,21,16:45,1,2,1,1.0,5.0,71153,MONTCENIS (ROUTE DE),M,"46,8033700","4,4131100",71,2019,50.0,1.0,1.0,4.0,2148796,2.0,2,4,2,5.0,,0.0,0,1926.0,B01,138Â 300Â 924,8.0,0.0,-1.0,1640946,2.0,7,,0.0,2.0,1.0,A01,138Â 300Â 925,1.0
961426,201900002957,10,21,16:45,1,2,1,1.0,5.0,71153,MONTCENIS (ROUTE DE),M,"46,8033700","4,4131100",71,2019,50.0,1.0,1.0,4.0,2148797,1.0,1,1,1,1.0,,-1.0, -1,1991.0,A01,138Â 300Â 925,1.0,8.0,-1.0,1640944,1.0,7,,0.0,2.0,1.0,C01,138Â 300Â 922,1.0
961426,201900002957,10,21,16:45,1,2,1,1.0,5.0,71153,MONTCENIS (ROUTE DE),M,"46,8033700","4,4131100",71,2019,50.0,1.0,1.0,4.0,2148797,1.0,1,1,1,1.0,,-1.0, -1,1991.0,A01,138Â 300Â 925,1.0,8.0,-1.0,1640945,1.0,37,2.0,0.0,2.0,1.0,B01,138Â 300Â 924,1.0
961426,201900002957,10,21,16:45,1,2,1,1.0,5.0,71153,MONTCENIS (ROUTE DE),M,"46,8033700","4,4131100",71,2019,50.0,1.0,1.0,4.0,2148797,1.0,1,1,1,1.0,,-1.0, -1,1991.0,A01,138Â 300Â 925,1.0,8.0,-1.0,1640946,2.0,7,,0.0,2.0,1.0,A01,138Â 300Â 925,1.0
961427,201900002958,8,13,18:10,1,1,3,1.0,3.0,84091,Le Crepon Sud,M,"44,1638700","4,7751380",84,2019,70.0,1.0,1.0,2.0,2148798,1.0,1,1,1,1.0,,0.0,0,1973.0,A01,138Â 300Â 921,1.0,-1.0,-1.0,1640947,2.0,7,,0.0,2.0,2.0,A01,138Â 300Â 921,1.0
961427,201900002958,8,13,18:10,1,1,3,1.0,3.0,84091,Le Crepon Sud,M,"44,1638700","4,7751380",84,2019,70.0,1.0,1.0,2.0,2148798,1.0,1,1,1,1.0,,0.0,0,1973.0,A01,138Â 300Â 921,1.0,-1.0,-1.0,1640948,1.0,33,,0.0,2.0,1.0,B01,138Â 300Â 923,1.0
961427,201900002958,8,13,18:10,1,1,3,1.0,3.0,84091,Le Crepon Sud,M,"44,1638700","4,7751380",84,2019,70.0,1.0,1.0,2.0,2148799,1.0,1,3,1,5.0,,0.0,0,1974.0,B01,138Â 300Â 923,2.0,-1.0,-1.0,1640947,2.0,7,,0.0,2.0,2.0,A01,138Â 300Â 921,1.0
961427,201900002958,8,13,18:10,1,1,3,1.0,3.0,84091,Le Crepon Sud,M,"44,1638700","4,7751380",84,2019,70.0,1.0,1.0,2.0,2148799,1.0,1,3,1,5.0,,0.0,0,1974.0,B01,138Â 300Â 923,2.0,-1.0,-1.0,1640948,1.0,33,,0.0,2.0,1.0,B01,138Â 300Â 923,1.0
961428,201900002959,10,22,17:25,2,2,3,8.0,6.0,69275,JEAN JAURES                         (AV),M,"45,7709500","4,9627400",69,2019,50.0,1.0,2.0,7.0,2148800,10.0,3,4,2,0.0,,3.0,3,1953.0,A01,138Â 300Â 920,0.0,0.0,-1.0,1640949,2.0,10,,0.0,1.0,3.0,A01,138Â 300Â 920,1.0
961428,201900002959,10,22,17:25,2,2,3,8.0,6.0,69275,JEAN JAURES                         (AV),M,"45,7709500","4,9627400",69,2019,50.0,1.0,2.0,7.0,2148801,1.0,1,1,1,1.0,,-1.0, -1,1981.0,A01,138Â 300Â 920,1.0,0.0,-1.0,1640949,2.0,10,,0.0,1.0,3.0,A01,138Â 300Â 920,1.0
961429,201900002960,8,16,18:35,1,1,1,1.0,3.0,62571,Route de Berck,M,"50,4350510","1,6093290",62,2019,80.0,5.0,1.0,3.0,2148802,1.0,1,3,1,5.0,,0.0,0,1942.0,B01,138Â 300Â 918,2.0,-1.0,-1.0,1640950,1.0,1,,0.0,2.0,1.0,B01,138Â 300Â 918,5.0
961429,201900002960,8,16,18:35,1,1,1,1.0,3.0,62571,Route de Berck,M,"50,4350510","1,6093290",62,2019,80.0,5.0,1.0,3.0,2148802,1.0,1,3,1,5.0,,0.0,0,1942.0,B01,138Â 300Â 918,2.0,-1.0,-1.0,1640951,2.0,7,,0.0,2.0,5.0,A01,138Â 300Â 919,1.0
961429,201900002960,8,16,18:35,1,1,1,1.0,3.0,62571,Route de Berck,M,"50,4350510","1,6093290",62,2019,80.0,5.0,1.0,3.0,2148803,1.0,1,1,2,5.0,,0.0,0,1981.0,A01,138Â 300Â 919,1.0,-1.0,-1.0,1640950,1.0,1,,0.0,2.0,1.0,B01,138Â 300Â 918,5.0
961429,201900002960,8,16,18:35,1,1,1,1.0,3.0,62571,Route de Berck,M,"50,4350510","1,6093290",62,2019,80.0,5.0,1.0,3.0,2148803,1.0,1,1,2,5.0,,0.0,0,1981.0,A01,138Â 300Â 919,1.0,-1.0,-1.0,1640951,2.0,7,,0.0,2.0,5.0,A01,138Â 300Â 919,1.0
961430,201900002961,10,22,09:35,1,2,1,8.0,6.0,69266,ROGER SALENGRO     (Avenue),M,"45,7785600","4,8798600",69,2019,50.0,1.0,2.0,4.0,2148804,10.0,3,4,1,0.0,,2.0,3,1942.0,A01,138Â 300Â 917,0.0,0.0,0.0,1640952,1.0,1,,0.0,1.0,2.0,A01,138Â 300Â 917,0.0
961430,201900002961,10,22,09:35,1,2,1,8.0,6.0,69266,ROGER SALENGRO     (Avenue),M,"45,7785600","4,8798600",69,2019,50.0,1.0,2.0,4.0,2148805,1.0,1,1,2,0.0,,-1.0, -1,1977.0,A01,138Â 300Â 917,2.0,0.0,-1.0,1640952,1.0,1,,0.0,1.0,2.0,A01,138Â 300Â 917,0.0
961431,201900002962,8,15,17:00,1,1,2,1.0,3.0,79150,RD 948,M,"46,1400890","0,1969390",79,2019,80.0,1.0,1.0,3.0,2148806,1.0,1,1,1,4.0,,0.0,0,1971.0,B01,138Â 300Â 915,1.0,-1.0,-1.0,1640953,1.0,17,,0.0,2.0,2.0,B01,138Â 300Â 915,1.0
961431,201900002962,8,15,17:00,1,1,2,1.0,3.0,79150,RD 948,M,"46,1400890","0,1969390",79,2019,80.0,1.0,1.0,3.0,2148806,1.0,1,1,1,4.0,,0.0,0,1971.0,B01,138Â 300Â 915,1.0,-1.0,-1.0,1640954,3.0,7,,0.0,2.0,8.0,A01,138Â 300Â 916,1.0
961431,201900002962,8,15,17:00,1,1,2,1.0,3.0,79150,RD 948,M,"46,1400890","0,1969390",79,2019,80.0,1.0,1.0,3.0,2148807,2.0,2,2,2,5.0,,-1.0, -1,1936.0,A01,138Â 300Â 916,1.0,-1.0,-1.0,1640953,1.0,17,,0.0,2.0,2.0,B01,138Â 300Â 915,1.0
961431,201900002962,8,15,17:00,1,1,2,1.0,3.0,79150,RD 948,M,"46,1400890","0,1969390",79,2019,80.0,1.0,1.0,3.0,2148807,2.0,2,2,2,5.0,,-1.0, -1,1936.0,A01,138Â 300Â 916,1.0,-1.0,-1.0,1640954,3.0,7,,0.0,2.0,8.0,A01,138Â 300Â 916,1.0
961431,201900002962,8,15,17:00,1,1,2,1.0,3.0,79150,RD 948,M,"46,1400890","0,1969390",79,2019,80.0,1.0,1.0,3.0,2148808,1.0,1,2,1,5.0,,-1.0, -1,1931.0,A01,138Â 300Â 916,1.0,-1.0,-1.0,1640953,1.0,17,,0.0,2.0,2.0,B01,138Â 300Â 915,1.0
961431,201900002962,8,15,17:00,1,1,2,1.0,3.0,79150,RD 948,M,"46,1400890","0,1969390",79,2019,80.0,1.0,1.0,3.0,2148808,1.0,1,2,1,5.0,,-1.0, -1,1931.0,A01,138Â 300Â 916,1.0,-1.0,-1.0,1640954,3.0,7,,0.0,2.0,8.0,A01,138Â 300Â 916,1.0
961432,201900002963,10,22,07:50,2,2,3,2.0,3.0,69264,GRANGE BLAZET,M,"45,9806100","4,7188700",69,2019,50.0,1.0,2.0,4.0,2148809,1.0,1,4,1,0.0,,0.0,0,1969.0,A01,138Â 300Â 913,1.0,0.0,-1.0,1640955,1.0,7,,0.0,2.0,1.0,A01,138Â 300Â 913,1.0
961432,201900002963,10,22,07:50,2,2,3,2.0,3.0,69264,GRANGE BLAZET,M,"45,9806100","4,7188700",69,2019,50.0,1.0,2.0,4.0,2148809,1.0,1,4,1,0.0,,0.0,0,1969.0,A01,138Â 300Â 913,1.0,0.0,-1.0,1640956,1.0,7,,0.0,2.0,2.0,B01,138Â 300Â 914,1.0
961432,201900002963,10,22,07:50,2,2,3,2.0,3.0,69264,GRANGE BLAZET,M,"45,9806100","4,7188700",69,2019,50.0,1.0,2.0,4.0,2148810,1.0,1,1,1,0.0,,0.0,0,1998.0,B01,138Â 300Â 914,1.0,0.0,-1.0,1640955,1.0,7,,0.0,2.0,1.0,A01,138Â 300Â 913,1.0
961432,201900002963,10,22,07:50,2,2,3,2.0,3.0,69264,GRANGE BLAZET,M,"45,9806100","4,7188700",69,2019,50.0,1.0,2.0,4.0,2148810,1.0,1,1,1,0.0,,0.0,0,1998.0,B01,138Â 300Â 914,1.0,0.0,-1.0,1640956,1.0,7,,0.0,2.0,2.0,B01,138Â 300Â 914,1.0
961432,201900002963,10,22,07:50,2,2,3,2.0,3.0,69264,GRANGE BLAZET,M,"45,9806100","4,7188700",69,2019,50.0,1.0,2.0,4.0,2148811,2.0,2,4,2,0.0,,0.0,0,1999.0,B01,138Â 300Â 914,1.0,0.0,-1.0,1640955,1.0,7,,0.0,2.0,1.0,A01,138Â 300Â 913,1.0
961432,201900002963,10,22,07:50,2,2,3,2.0,3.0,69264,GRANGE BLAZET,M,"45,9806100","4,7188700",69,2019,50.0,1.0,2.0,4.0,2148811,2.0,2,4,2,0.0,,0.0,0,1999.0,B01,138Â 300Â 914,1.0,0.0,-1.0,1640956,1.0,7,,0.0,2.0,2.0,B01,138Â 300Â 914,1.0
961433,201900002964,8,13,10:10,1,2,1,1.0,1.0,85109,Route de la GoriandiÃ¨re,M,"46,8746600"," -0,9969400",85,2019,50.0,1.0,1.0,4.0,2148812,2.0,2,1,2,5.0,,0.0,0,1967.0,B01,138Â 300Â 911,1.0,-1.0,-1.0,1640957,3.0,7,,0.0,2.0,3.0,B01,138Â 300Â 911,1.0
961433,201900002964,8,13,10:10,1,2,1,1.0,1.0,85109,Route de la GoriandiÃ¨re,M,"46,8746600"," -0,9969400",85,2019,50.0,1.0,1.0,4.0,2148812,2.0,2,1,2,5.0,,0.0,0,1967.0,B01,138Â 300Â 911,1.0,-1.0,-1.0,1640958,0.0,7,,13.0,2.0,1.0,A01,138Â 300Â 912,1.0
961433,201900002964,8,13,10:10,1,2,1,1.0,1.0,85109,Route de la GoriandiÃ¨re,M,"46,8746600"," -0,9969400",85,2019,50.0,1.0,1.0,4.0,2148813,4.0,2,1,2,5.0,,0.0,0,1972.0,B01,138Â 300Â 911,1.0,-1.0,-1.0,1640957,3.0,7,,0.0,2.0,3.0,B01,138Â 300Â 911,1.0
961433,201900002964,8,13,10:10,1,2,1,1.0,1.0,85109,Route de la GoriandiÃ¨re,M,"46,8746600"," -0,9969400",85,2019,50.0,1.0,1.0,4.0,2148813,4.0,2,1,2,5.0,,0.0,0,1972.0,B01,138Â 300Â 911,1.0,-1.0,-1.0,1640958,0.0,7,,13.0,2.0,1.0,A01,138Â 300Â 912,1.0
961433,201900002964,8,13,10:10,1,2,1,1.0,1.0,85109,Route de la GoriandiÃ¨re,M,"46,8746600"," -0,9969400",85,2019,50.0,1.0,1.0,4.0,2148814,1.0,1,1,1,5.0,,0.0,0,1969.0,B01,138Â 300Â 911,1.0,-1.0,-1.0,1640957,3.0,7,,0.0,2.0,3.0,B01,138Â 300Â 911,1.0
961433,201900002964,8,13,10:10,1,2,1,1.0,1.0,85109,Route de la GoriandiÃ¨re,M,"46,8746600"," -0,9969400",85,2019,50.0,1.0,1.0,4.0,2148814,1.0,1,1,1,5.0,,0.0,0,1969.0,B01,138Â 300Â 911,1.0,-1.0,-1.0,1640958,0.0,7,,13.0,2.0,1.0,A01,138Â 300Â 912,1.0
961433,201900002964,8,13,10:10,1,2,1,1.0,1.0,85109,Route de la GoriandiÃ¨re,M,"46,8746600"," -0,9969400",85,2019,50.0,1.0,1.0,4.0,2148815,3.0,2,1,2,5.0,,0.0,0,1971.0,B01,138Â 300Â 911,1.0,-1.0,-1.0,1640957,3.0,7,,0.0,2.0,3.0,B01,138Â 300Â 911,1.0
961433,201900002964,8,13,10:10,1,2,1,1.0,1.0,85109,Route de la GoriandiÃ¨re,M,"46,8746600"," -0,9969400",85,2019,50.0,1.0,1.0,4.0,2148815,3.0,2,1,2,5.0,,0.0,0,1971.0,B01,138Â 300Â 911,1.0,-1.0,-1.0,1640958,0.0,7,,13.0,2.0,1.0,A01,138Â 300Â 912,1.0
961433,201900002964,8,13,10:10,1,2,1,1.0,1.0,85109,Route de la GoriandiÃ¨re,M,"46,8746600"," -0,9969400",85,2019,50.0,1.0,1.0,4.0,2148816,1.0,1,3,2,5.0,,0.0,0,1997.0,A01,138Â 300Â 912,1.0,-1.0,-1.0,1640957,3.0,7,,0.0,2.0,3.0,B01,138Â 300Â 911,1.0
961433,201900002964,8,13,10:10,1,2,1,1.0,1.0,85109,Route de la GoriandiÃ¨re,M,"46,8746600"," -0,9969400",85,2019,50.0,1.0,1.0,4.0,2148816,1.0,1,3,2,5.0,,0.0,0,1997.0,A01,138Â 300Â 912,1.0,-1.0,-1.0,1640958,0.0,7,,13.0,2.0,1.0,A01,138Â 300Â 912,1.0
961433,201900002964,8,13,10:10,1,2,1,1.0,1.0,85109,Route de la GoriandiÃ¨re,M,"46,8746600"," -0,9969400",85,2019,50.0,1.0,1.0,4.0,2148817,2.0,2,1,2,5.0,,0.0,0,1995.0,A01,138Â 300Â 912,1.0,-1.0,-1.0,1640957,3.0,7,,0.0,2.0,3.0,B01,138Â 300Â 911,1.0
961433,201900002964,8,13,10:10,1,2,1,1.0,1.0,85109,Route de la GoriandiÃ¨re,M,"46,8746600"," -0,9969400",85,2019,50.0,1.0,1.0,4.0,2148817,2.0,2,1,2,5.0,,0.0,0,1995.0,A01,138Â 300Â 912,1.0,-1.0,-1.0,1640958,0.0,7,,13.0,2.0,1.0,A01,138Â 300Â 912,1.0
961434,201900002965,10,21,09:00,1,2,3,2.0,6.0,67482,TILLEULS (RUE DES),M,"48,6080400","7,7818800",67,2019,30.0,1.0,2.0,4.0,2148818,1.0,1,3,2,0.0,,-1.0,0,1977.0,A01,138Â 300Â 909,8.0,0.0,-1.0,1640959,1.0,80,,0.0,2.0,6.0,A01,138Â 300Â 909,3.0
961434,201900002965,10,21,09:00,1,2,3,2.0,6.0,67482,TILLEULS (RUE DES),M,"48,6080400","7,7818800",67,2019,30.0,1.0,2.0,4.0,2148818,1.0,1,3,2,0.0,,-1.0,0,1977.0,A01,138Â 300Â 909,8.0,0.0,-1.0,1640960,2.0,7,,0.0,2.0,0.0,Z01,138Â 300Â 910,0.0
961434,201900002965,10,21,09:00,1,2,3,2.0,6.0,67482,TILLEULS (RUE DES),M,"48,6080400","7,7818800",67,2019,30.0,1.0,2.0,4.0,2148819,2.0,2,1,1,0.0,,-1.0,0,2010.0,A01,138Â 300Â 909,1.0,0.0,-1.0,1640959,1.0,80,,0.0,2.0,6.0,A01,138Â 300Â 909,3.0
961434,201900002965,10,21,09:00,1,2,3,2.0,6.0,67482,TILLEULS (RUE DES),M,"48,6080400","7,7818800",67,2019,30.0,1.0,2.0,4.0,2148819,2.0,2,1,1,0.0,,-1.0,0,2010.0,A01,138Â 300Â 909,1.0,0.0,-1.0,1640960,2.0,7,,0.0,2.0,0.0,Z01,138Â 300Â 910,0.0
961435,201900002966,8,16,01:35,5,2,1,1.0,6.0,67405,37 rue principale,M,"48,8296440","8,0379860",67,2019,50.0,1.0,1.0,3.0,2148820,3.0,2,3,1,5.0,,0.0,0,2002.0,A01,138Â 300Â 908,1.0,-1.0,-1.0,1640961,3.0,7,,6.0,2.0,1.0,A01,138Â 300Â 908,1.0
961435,201900002966,8,16,01:35,5,2,1,1.0,6.0,67405,37 rue principale,M,"48,8296440","8,0379860",67,2019,50.0,1.0,1.0,3.0,2148821,4.0,2,4,1,5.0,,0.0,0,2000.0,A01,138Â 300Â 908,1.0,-1.0,-1.0,1640961,3.0,7,,6.0,2.0,1.0,A01,138Â 300Â 908,1.0
961435,201900002966,8,16,01:35,5,2,1,1.0,6.0,67405,37 rue principale,M,"48,8296440","8,0379860",67,2019,50.0,1.0,1.0,3.0,2148822,1.0,1,3,1,5.0,,0.0,0,2001.0,A01,138Â 300Â 908,1.0,-1.0,-1.0,1640961,3.0,7,,6.0,2.0,1.0,A01,138Â 300Â 908,1.0
961435,201900002966,8,16,01:35,5,2,1,1.0,6.0,67405,37 rue principale,M,"48,8296440","8,0379860",67,2019,50.0,1.0,1.0,3.0,2148823,2.0,2,4,1,5.0,,0.0,0,2002.0,A01,138Â 300Â 908,1.0,-1.0,-1.0,1640961,3.0,7,,6.0,2.0,1.0,A01,138Â 300Â 908,1.0
961436,201900002967,10,21,07:50,2,2,1,2.0,6.0,67482,COLMAR (AVENUE DE),M,"48,5612600","7,7515400",67,2019,50.0,1.0,2.0,4.0,2148824,1.0,1,1,1,2.0,,-1.0, -1,1992.0,A01,138Â 300Â 907,1.0,0.0,-1.0,1640962,1.0,7,,0.0,1.0,3.0,A01,138Â 300Â 907,1.0
961436,201900002967,10,21,07:50,2,2,1,2.0,6.0,67482,COLMAR (AVENUE DE),M,"48,5612600","7,7515400",67,2019,50.0,1.0,2.0,4.0,2148825,10.0,3,4,1,0.0,,1.0,5,1999.0,A01,138Â 300Â 907,0.0,0.0,-1.0,1640962,1.0,7,,0.0,1.0,3.0,A01,138Â 300Â 907,1.0
961437,201900002968,8,14,10:15,1,1,2,1.0,3.0,71054,Intersection RD 5 / RD 171,M,"46,9210390","5,0223080",71,2019,70.0,1.0,1.0,3.0,2148826,1.0,1,1,2,3.0,,0.0,0,1927.0,A01,138Â 300Â 903,1.0,-1.0,-1.0,1640963,0.0,7,,0.0,2.0,1.0,A01,138Â 300Â 903,1.0
961437,201900002968,8,14,10:15,1,1,2,1.0,3.0,71054,Intersection RD 5 / RD 171,M,"46,9210390","5,0223080",71,2019,70.0,1.0,1.0,3.0,2148826,1.0,1,1,2,3.0,,0.0,0,1927.0,A01,138Â 300Â 903,1.0,-1.0,-1.0,1640964,0.0,33,,0.0,2.0,1.0,B01,138Â 300Â 904,1.0
961437,201900002968,8,14,10:15,1,1,2,1.0,3.0,71054,Intersection RD 5 / RD 171,M,"46,9210390","5,0223080",71,2019,70.0,1.0,1.0,3.0,2148827,1.0,1,4,1,5.0,,0.0,0,1971.0,B01,138Â 300Â 904,2.0,-1.0,-1.0,1640963,0.0,7,,0.0,2.0,1.0,A01,138Â 300Â 903,1.0
961437,201900002968,8,14,10:15,1,1,2,1.0,3.0,71054,Intersection RD 5 / RD 171,M,"46,9210390","5,0223080",71,2019,70.0,1.0,1.0,3.0,2148827,1.0,1,4,1,5.0,,0.0,0,1971.0,B01,138Â 300Â 904,2.0,-1.0,-1.0,1640964,0.0,33,,0.0,2.0,1.0,B01,138Â 300Â 904,1.0
961438,201900002969,10,21,17:30,1,2,1,1.0,5.0,66136,R D 900,M,"42,6784600","2,8717900",66,2019,90.0,1.0,1.0,4.0,2148828,2.0,2,1,1,9.0,,-1.0, -1,1997.0,C01,138Â 300Â 902,1.0,0.0,-1.0,1640965,1.0,7,,0.0,2.0,3.0,C01,138Â 300Â 902,1.0
961438,201900002969,10,21,17:30,1,2,1,1.0,5.0,66136,R D 900,M,"42,6784600","2,8717900",66,2019,90.0,1.0,1.0,4.0,2148828,2.0,2,1,1,9.0,,-1.0, -1,1997.0,C01,138Â 300Â 902,1.0,0.0,-1.0,1640966,1.0,7,,0.0,2.0,6.0,B01,138Â 300Â 905,1.0
961438,201900002969,10,21,17:30,1,2,1,1.0,5.0,66136,R D 900,M,"42,6784600","2,8717900",66,2019,90.0,1.0,1.0,4.0,2148828,2.0,2,1,1,9.0,,-1.0, -1,1997.0,C01,138Â 300Â 902,1.0,0.0,-1.0,1640967,1.0,7,,0.0,2.0,1.0,A01,138Â 300Â 906,1.0
961438,201900002969,10,21,17:30,1,2,1,1.0,5.0,66136,R D 900,M,"42,6784600","2,8717900",66,2019,90.0,1.0,1.0,4.0,2148829,1.0,1,4,2,9.0,,-1.0, -1,1995.0,C01,138Â 300Â 902,1.0,0.0,-1.0,1640965,1.0,7,,0.0,2.0,3.0,C01,138Â 300Â 902,1.0
961438,201900002969,10,21,17:30,1,2,1,1.0,5.0,66136,R D 900,M,"42,6784600","2,8717900",66,2019,90.0,1.0,1.0,4.0,2148829,1.0,1,4,2,9.0,,-1.0, -1,1995.0,C01,138Â 300Â 902,1.0,0.0,-1.0,1640966,1.0,7,,0.0,2.0,6.0,B01,138Â 300Â 905,1.0
961438,201900002969,10,21,17:30,1,2,1,1.0,5.0,66136,R D 900,M,"42,6784600","2,8717900",66,2019,90.0,1.0,1.0,4.0,2148829,1.0,1,4,2,9.0,,-1.0, -1,1995.0,C01,138Â 300Â 902,1.0,0.0,-1.0,1640967,1.0,7,,0.0,2.0,1.0,A01,138Â 300Â 906,1.0
961438,201900002969,10,21,17:30,1,2,1,1.0,5.0,66136,R D 900,M,"42,6784600","2,8717900",66,2019,90.0,1.0,1.0,4.0,2148830,2.0,2,4,2,9.0,,-1.0, -1,1972.0,B01,138Â 300Â 905,1.0,0.0,-1.0,1640965,1.0,7,,0.0,2.0,3.0,C01,138Â 300Â 902,1.0
961438,201900002969,10,21,17:30,1,2,1,1.0,5.0,66136,R D 900,M,"42,6784600","2,8717900",66,2019,90.0,1.0,1.0,4.0,2148830,2.0,2,4,2,9.0,,-1.0, -1,1972.0,B01,138Â 300Â 905,1.0,0.0,-1.0,1640966,1.0,7,,0.0,2.0,6.0,B01,138Â 300Â 905,1.0
961438,201900002969,10,21,17:30,1,2,1,1.0,5.0,66136,R D 900,M,"42,6784600","2,8717900",66,2019,90.0,1.0,1.0,4.0,2148830,2.0,2,4,2,9.0,,-1.0, -1,1972.0,B01,138Â 300Â 905,1.0,0.0,-1.0,1640967,1.0,7,,0.0,2.0,1.0,A01,138Â 300Â 906,1.0
961438,201900002969,10,21,17:30,1,2,1,1.0,5.0,66136,R D 900,M,"42,6784600","2,8717900",66,2019,90.0,1.0,1.0,4.0,2148831,1.0,1,1,1,9.0,,-1.0, -1,1986.0,B01,138Â 300Â 905,1.0,0.0,-1.0,1640965,1.0,7,,0.0,2.0,3.0,C01,138Â 300Â 902,1.0
961438,201900002969,10,21,17:30,1,2,1,1.0,5.0,66136,R D 900,M,"42,6784600","2,8717900",66,2019,90.0,1.0,1.0,4.0,2148831,1.0,1,1,1,9.0,,-1.0, -1,1986.0,B01,138Â 300Â 905,1.0,0.0,-1.0,1640966,1.0,7,,0.0,2.0,6.0,B01,138Â 300Â 905,1.0
961438,201900002969,10,21,17:30,1,2,1,1.0,5.0,66136,R D 900,M,"42,6784600","2,8717900",66,2019,90.0,1.0,1.0,4.0,2148831,1.0,1,1,1,9.0,,-1.0, -1,1986.0,B01,138Â 300Â 905,1.0,0.0,-1.0,1640967,1.0,7,,0.0,2.0,1.0,A01,138Â 300Â 906,1.0
961438,201900002969,10,21,17:30,1,2,1,1.0,5.0,66136,R D 900,M,"42,6784600","2,8717900",66,2019,90.0,1.0,1.0,4.0,2148832,1.0,1,4,2,1.0,,-1.0, -1,1987.0,A01,138Â 300Â 906,1.0,0.0,-1.0,1640965,1.0,7,,0.0,2.0,3.0,C01,138Â 300Â 902,1.0
961438,201900002969,10,21,17:30,1,2,1,1.0,5.0,66136,R D 900,M,"42,6784600","2,8717900",66,2019,90.0,1.0,1.0,4.0,2148832,1.0,1,4,2,1.0,,-1.0, -1,1987.0,A01,138Â 300Â 906,1.0,0.0,-1.0,1640966,1.0,7,,0.0,2.0,6.0,B01,138Â 300Â 905,1.0
961438,201900002969,10,21,17:30,1,2,1,1.0,5.0,66136,R D 900,M,"42,6784600","2,8717900",66,2019,90.0,1.0,1.0,4.0,2148832,1.0,1,4,2,1.0,,-1.0, -1,1987.0,A01,138Â 300Â 906,1.0,0.0,-1.0,1640967,1.0,7,,0.0,2.0,1.0,A01,138Â 300Â 906,1.0
961439,201900002970,8,16,10:45,1,2,1,1.0,6.0,2B009,310 Avenue Saint-Alexandre Sauli,M,"42,1157640","9,5132720",2B,2019,50.0,1.0,1.0,2.0,2148833,10.0,3,4,2,5.0,,2.0,3,1954.0,A01,138Â 300Â 901,0.0,-1.0,-1.0,1640968,2.0,7,,0.0,1.0,3.0,A01,138Â 300Â 901,1.0
961439,201900002970,8,16,10:45,1,2,1,1.0,6.0,2B009,310 Avenue Saint-Alexandre Sauli,M,"42,1157640","9,5132720",2B,2019,50.0,1.0,1.0,2.0,2148834,1.0,1,1,1,5.0,,0.0,0,1938.0,A01,138Â 300Â 901,1.0,-1.0,-1.0,1640968,2.0,7,,0.0,1.0,3.0,A01,138Â 300Â 901,1.0
961440,201900002971,10,19,18:00,1,2,1,1.0,4.0,66136,DÃ©partementale 914,M,"42,6720100","2,8920000",66,2019,50.0,1.0,1.0,4.0,2148835,1.0,1,1,1,9.0,,-1.0, -1,1950.0,C01,138Â 300Â 896,1.0,0.0,-1.0,1640969,1.0,7,,0.0,2.0,1.0,C01,138Â 300Â 896,1.0
961440,201900002971,10,19,18:00,1,2,1,1.0,4.0,66136,DÃ©partementale 914,M,"42,6720100","2,8920000",66,2019,50.0,1.0,1.0,4.0,2148835,1.0,1,1,1,9.0,,-1.0, -1,1950.0,C01,138Â 300Â 896,1.0,0.0,-1.0,1640970,1.0,7,,0.0,2.0,1.0,B01,138Â 300Â 898,1.0
961440,201900002971,10,19,18:00,1,2,1,1.0,4.0,66136,DÃ©partementale 914,M,"42,6720100","2,8920000",66,2019,50.0,1.0,1.0,4.0,2148835,1.0,1,1,1,9.0,,-1.0, -1,1950.0,C01,138Â 300Â 896,1.0,0.0,-1.0,1640971,1.0,7,,0.0,2.0,1.0,A01,138Â 300Â 900,1.0
961440,201900002971,10,19,18:00,1,2,1,1.0,4.0,66136,DÃ©partementale 914,M,"42,6720100","2,8920000",66,2019,50.0,1.0,1.0,4.0,2148836,1.0,1,4,1,9.0,,-1.0, -1,1994.0,B01,138Â 300Â 898,1.0,0.0,-1.0,1640969,1.0,7,,0.0,2.0,1.0,C01,138Â 300Â 896,1.0
961440,201900002971,10,19,18:00,1,2,1,1.0,4.0,66136,DÃ©partementale 914,M,"42,6720100","2,8920000",66,2019,50.0,1.0,1.0,4.0,2148836,1.0,1,4,1,9.0,,-1.0, -1,1994.0,B01,138Â 300Â 898,1.0,0.0,-1.0,1640970,1.0,7,,0.0,2.0,1.0,B01,138Â 300Â 898,1.0
961440,201900002971,10,19,18:00,1,2,1,1.0,4.0,66136,DÃ©partementale 914,M,"42,6720100","2,8920000",66,2019,50.0,1.0,1.0,4.0,2148836,1.0,1,4,1,9.0,,-1.0, -1,1994.0,B01,138Â 300Â 898,1.0,0.0,-1.0,1640971,1.0,7,,0.0,2.0,1.0,A01,138Â 300Â 900,1.0