Unnamed: 0_x,num_acc,mois,jour,hrmn,lum,agg,int,atm,col,com,adr,gps,lat,long,dep,annee,vma,situ,surf,catr,Unnamed: 0_y,place,catu,grav,sexe,trajet,secu,locp,actp,an_nais,num_veh_x,id_vehicule_x,secu1,secu2,secu3,Unnamed: 0,senc,catv,occutc,obs,obsm,choc,num_veh_y,id_vehicule_y,motor
961440,201900002971,10,19,18:00,1,2,1,1.0,4.0,66136,DÃ©partementale 914,M,"42,6720100","2,8920000",66,2019,50.0,1.0,1.0,4.0,2148837,1.0,1,1,1,9.0,,-1.0, -1,1985.0,A01,138Â 300Â 900,1.0,0.0,-1.0,1640969,1.0,7,,0.0,2.0,1.0,C01,138Â 300Â 896,1.0
961440,201900002971,10,19,18:00,1,2,1,1.0,4.0,66136,DÃ©partementale 914,M,"42,6720100","2,8920000",66,2019,50.0,1.0,1.0,4.0,2148837,1.0,1,1,1,9.0,,-1.0, -1,1985.0,A01,138Â 300Â 900,1.0,0.0,-1.0,1640970,1.0,7,,0.0,2.0,1.0,B01,138Â 300Â 898,1.0
961440,201900002971,10,19,18:00,1,2,1,1.0,4.0,66136,DÃ©partementale 914,M,"42,6720100","2,8920000",66,2019,50.0,1.0,1.0,4.0,2148837,1.0,1,1,1,9.0,,-1.0, -1,1985.0,A01,138Â 300Â 900,1.0,0.0,-1.0,1640971,1.0,7,,0.0,2.0,1.0,A01,138Â 300Â 900,1.0
961441,201900002972,8,14,18:55,1,1,2,3.0,3.0,62870,D303,M,"50,4241330","1,7166180",62,2019,80.0,1.0,2.0,3.0,2148838,4.0,2,1,1,5.0,,0.0,0,2002.0,B01,138Â 300Â 894,1.0,5.0,-1.0,1640972,1.0,7,,0.0,2.0,2.0,B01,138Â 300Â 894,0.0
961441,201900002972,8,14,18:55,1,1,2,3.0,3.0,62870,D303,M,"50,4241330","1,7166180",62,2019,80.0,1.0,2.0,3.0,2148838,4.0,2,1,1,5.0,,0.0,0,2002.0,B01,138Â 300Â 894,1.0,5.0,-1.0,1640973,2.0,7,,0.0,2.0,7.0,A01,138Â 300Â 895,0.0
961441,201900002972,8,14,18:55,1,1,2,3.0,3.0,62870,D303,M,"50,4241330","1,7166180",62,2019,80.0,1.0,2.0,3.0,2148839,3.0,2,1,1,5.0,,0.0,0,2003.0,B01,138Â 300Â 894,1.0,5.0,-1.0,1640972,1.0,7,,0.0,2.0,2.0,B01,138Â 300Â 894,0.0
961441,201900002972,8,14,18:55,1,1,2,3.0,3.0,62870,D303,M,"50,4241330","1,7166180",62,2019,80.0,1.0,2.0,3.0,2148839,3.0,2,1,1,5.0,,0.0,0,2003.0,B01,138Â 300Â 894,1.0,5.0,-1.0,1640973,2.0,7,,0.0,2.0,7.0,A01,138Â 300Â 895,0.0
961441,201900002972,8,14,18:55,1,1,2,3.0,3.0,62870,D303,M,"50,4241330","1,7166180",62,2019,80.0,1.0,2.0,3.0,2148840,2.0,2,3,2,5.0,,0.0,0,1967.0,B01,138Â 300Â 894,1.0,5.0,-1.0,1640972,1.0,7,,0.0,2.0,2.0,B01,138Â 300Â 894,0.0
961441,201900002972,8,14,18:55,1,1,2,3.0,3.0,62870,D303,M,"50,4241330","1,7166180",62,2019,80.0,1.0,2.0,3.0,2148840,2.0,2,3,2,5.0,,0.0,0,1967.0,B01,138Â 300Â 894,1.0,5.0,-1.0,1640973,2.0,7,,0.0,2.0,7.0,A01,138Â 300Â 895,0.0
961441,201900002972,8,14,18:55,1,1,2,3.0,3.0,62870,D303,M,"50,4241330","1,7166180",62,2019,80.0,1.0,2.0,3.0,2148841,1.0,1,1,1,5.0,,0.0,0,2001.0,B01,138Â 300Â 894,1.0,5.0,-1.0,1640972,1.0,7,,0.0,2.0,2.0,B01,138Â 300Â 894,0.0
961441,201900002972,8,14,18:55,1,1,2,3.0,3.0,62870,D303,M,"50,4241330","1,7166180",62,2019,80.0,1.0,2.0,3.0,2148841,1.0,1,1,1,5.0,,0.0,0,2001.0,B01,138Â 300Â 894,1.0,5.0,-1.0,1640973,2.0,7,,0.0,2.0,7.0,A01,138Â 300Â 895,0.0
961441,201900002972,8,14,18:55,1,1,2,3.0,3.0,62870,D303,M,"50,4241330","1,7166180",62,2019,80.0,1.0,2.0,3.0,2148842,1.0,1,1,1,0.0,,0.0,0,1964.0,A01,138Â 300Â 895,1.0,5.0,-1.0,1640972,1.0,7,,0.0,2.0,2.0,B01,138Â 300Â 894,0.0
961441,201900002972,8,14,18:55,1,1,2,3.0,3.0,62870,D303,M,"50,4241330","1,7166180",62,2019,80.0,1.0,2.0,3.0,2148842,1.0,1,1,1,0.0,,0.0,0,1964.0,A01,138Â 300Â 895,1.0,5.0,-1.0,1640973,2.0,7,,0.0,2.0,7.0,A01,138Â 300Â 895,0.0
961442,201900002973,10,19,17:00,1,2,1,1.0,6.0,66136,64 Av Panchot,M,"42,6917100","2,8829800",66,2019,50.0,1.0,1.0,4.0,2148843,1.0,1,1,2,5.0,,-1.0, -1,1980.0,A01,138Â 300Â 890,1.0,-1.0,-1.0,1640974,1.0,7,,0.0,2.0,1.0,A01,138Â 300Â 890,1.0
961442,201900002973,10,19,17:00,1,2,1,1.0,6.0,66136,64 Av Panchot,M,"42,6917100","2,8829800",66,2019,50.0,1.0,1.0,4.0,2148843,1.0,1,1,2,5.0,,-1.0, -1,1980.0,A01,138Â 300Â 890,1.0,-1.0,-1.0,1640975,1.0,7,,0.0,2.0,4.0,B01,138Â 300Â 892,1.0
961442,201900002973,10,19,17:00,1,2,1,1.0,6.0,66136,64 Av Panchot,M,"42,6917100","2,8829800",66,2019,50.0,1.0,1.0,4.0,2148843,1.0,1,1,2,5.0,,-1.0, -1,1980.0,A01,138Â 300Â 890,1.0,-1.0,-1.0,1640976,1.0,7,,0.0,2.0,4.0,C01,138Â 300Â 893,1.0
961442,201900002973,10,19,17:00,1,2,1,1.0,6.0,66136,64 Av Panchot,M,"42,6917100","2,8829800",66,2019,50.0,1.0,1.0,4.0,2148844,1.0,1,4,2,5.0,,-1.0, -1,1986.0,B01,138Â 300Â 892,1.0,0.0,-1.0,1640974,1.0,7,,0.0,2.0,1.0,A01,138Â 300Â 890,1.0
961442,201900002973,10,19,17:00,1,2,1,1.0,6.0,66136,64 Av Panchot,M,"42,6917100","2,8829800",66,2019,50.0,1.0,1.0,4.0,2148844,1.0,1,4,2,5.0,,-1.0, -1,1986.0,B01,138Â 300Â 892,1.0,0.0,-1.0,1640975,1.0,7,,0.0,2.0,4.0,B01,138Â 300Â 892,1.0
961442,201900002973,10,19,17:00,1,2,1,1.0,6.0,66136,64 Av Panchot,M,"42,6917100","2,8829800",66,2019,50.0,1.0,1.0,4.0,2148844,1.0,1,4,2,5.0,,-1.0, -1,1986.0,B01,138Â 300Â 892,1.0,0.0,-1.0,1640976,1.0,7,,0.0,2.0,4.0,C01,138Â 300Â 893,1.0
961442,201900002973,10,19,17:00,1,2,1,1.0,6.0,66136,64 Av Panchot,M,"42,6917100","2,8829800",66,2019,50.0,1.0,1.0,4.0,2148845,1.0,1,1,1,9.0,,-1.0, -1,1976.0,C01,138Â 300Â 893,1.0,0.0,-1.0,1640974,1.0,7,,0.0,2.0,1.0,A01,138Â 300Â 890,1.0
961442,201900002973,10,19,17:00,1,2,1,1.0,6.0,66136,64 Av Panchot,M,"42,6917100","2,8829800",66,2019,50.0,1.0,1.0,4.0,2148845,1.0,1,1,1,9.0,,-1.0, -1,1976.0,C01,138Â 300Â 893,1.0,0.0,-1.0,1640975,1.0,7,,0.0,2.0,4.0,B01,138Â 300Â 892,1.0
961442,201900002973,10,19,17:00,1,2,1,1.0,6.0,66136,64 Av Panchot,M,"42,6917100","2,8829800",66,2019,50.0,1.0,1.0,4.0,2148845,1.0,1,1,1,9.0,,-1.0, -1,1976.0,C01,138Â 300Â 893,1.0,0.0,-1.0,1640976,1.0,7,,0.0,2.0,4.0,C01,138Â 300Â 893,1.0
961443,201900002974,8,15,18:45,1,1,1,1.0,6.0,83018,D2013,M,"43,3484080","6,1762710",83,2019,80.0,3.0,1.0,3.0,2148846,1.0,1,3,1,0.0,,0.0,0,1985.0,A01,138Â 300Â 891,2.0,-1.0,-1.0,1640977,2.0,33,,3.0,0.0,1.0,A01,138Â 300Â 891,1.0
961444,201900002975,6,16,16:35,1,1,1,1.0,7.0,68044,route departementale 148,M,"48,1827030","7,0911980",68,2019,80.0,1.0,1.0,3.0,2148847,1.0,1,4,1,5.0,,0.0,0,1959.0,A01,138Â 300Â 887,2.0,6.0,-1.0,1640978,1.0,33,,0.0,6.0,1.0,A01,138Â 300Â 887,1.0
961445,201900002976,10,21,17:00,1,2,1,1.0,2.0,64122,ESPAGNE (RUE D'),M,"43,4765900"," -1,5651900",64,2019,30.0,1.0,1.0,4.0,2148848,1.0,1,4,2,5.0,,-1.0, -1,1994.0,A01,138Â 300Â 888,2.0,6.0,-1.0,1640979,1.0,30,,0.0,2.0,1.0,A01,138Â 300Â 888,1.0
961445,201900002976,10,21,17:00,1,2,1,1.0,2.0,64122,ESPAGNE (RUE D'),M,"43,4765900"," -1,5651900",64,2019,30.0,1.0,1.0,4.0,2148848,1.0,1,4,2,5.0,,-1.0, -1,1994.0,A01,138Â 300Â 888,2.0,6.0,-1.0,1640980,1.0,7,,0.0,2.0,4.0,B01,138Â 300Â 889,1.0
961445,201900002976,10,21,17:00,1,2,1,1.0,2.0,64122,ESPAGNE (RUE D'),M,"43,4765900"," -1,5651900",64,2019,30.0,1.0,1.0,4.0,2148849,1.0,1,1,1,5.0,,0.0,0,1978.0,B01,138Â 300Â 889,1.0,5.0,-1.0,1640979,1.0,30,,0.0,2.0,1.0,A01,138Â 300Â 888,1.0
961445,201900002976,10,21,17:00,1,2,1,1.0,2.0,64122,ESPAGNE (RUE D'),M,"43,4765900"," -1,5651900",64,2019,30.0,1.0,1.0,4.0,2148849,1.0,1,1,1,5.0,,0.0,0,1978.0,B01,138Â 300Â 889,1.0,5.0,-1.0,1640980,1.0,7,,0.0,2.0,4.0,B01,138Â 300Â 889,1.0
961446,201900002977,8,15,16:45,1,1,1,1.0,7.0,57089,RD662,M,"49,0331140","7,4771380",57,2019,70.0,3.0,1.0,3.0,2148850,1.0,1,3,2,5.0,,0.0,0,1982.0,A01,138Â 300Â 886,2.0,6.0,9.0,1640981,1.0,33,,0.0,0.0,2.0,A01,138Â 300Â 886,1.0
961447,201900002978,8,13,17:48,1,1,1,1.0,7.0,19225,Route de Saint-Privat,M,"45,2301270","2,0946600",19,2019,50.0,1.0,1.0,3.0,2148851,2.0,2,1,2,5.0,,0.0,0,2005.0,A01,138Â 300Â 883,2.0,6.0,-1.0,1640982,0.0,36,,8.0,0.0,5.0,A01,138Â 300Â 883,1.0
961447,201900002978,8,13,17:48,1,1,1,1.0,7.0,19225,Route de Saint-Privat,M,"45,2301270","2,0946600",19,2019,50.0,1.0,1.0,3.0,2148852,1.0,1,3,1,5.0,,0.0,0,1958.0,A01,138Â 300Â 883,2.0,6.0,-1.0,1640982,0.0,36,,8.0,0.0,5.0,A01,138Â 300Â 883,1.0
961448,201900002979,8,16,15:25,1,1,1,1.0,7.0,56200,Botrel,M,"47,8380760"," -2,3085030",56,2019,80.0,3.0,1.0,3.0,2148853,1.0,1,3,1,5.0,,0.0,0,1970.0,A01,138Â 300Â 881,2.0,6.0,9.0,1640983,1.0,2,,0.0,0.0,2.0,A01,138Â 300Â 881,1.0
961449,201900002980,6,10,11:35,1,1,3,2.0,3.0,68023,D3,M,"48,1611140","7,3411650",68,2019,80.0,1.0,2.0,3.0,2148854,2.0,2,1,1,5.0,,0.0,0,1985.0,B01,138Â 300Â 882,1.0,-1.0,-1.0,1640984,2.0,7,,0.0,0.0,2.0,B01,138Â 300Â 882,1.0
961449,201900002980,6,10,11:35,1,1,3,2.0,3.0,68023,D3,M,"48,1611140","7,3411650",68,2019,80.0,1.0,2.0,3.0,2148854,2.0,2,1,1,5.0,,0.0,0,1985.0,B01,138Â 300Â 882,1.0,-1.0,-1.0,1640985,1.0,7,,0.0,0.0,3.0,A01,138Â 300Â 885,1.0
961449,201900002980,6,10,11:35,1,1,3,2.0,3.0,68023,D3,M,"48,1611140","7,3411650",68,2019,80.0,1.0,2.0,3.0,2148855,1.0,1,1,1,5.0,,0.0,0,1949.0,B01,138Â 300Â 882,1.0,-1.0,-1.0,1640984,2.0,7,,0.0,0.0,2.0,B01,138Â 300Â 882,1.0
961449,201900002980,6,10,11:35,1,1,3,2.0,3.0,68023,D3,M,"48,1611140","7,3411650",68,2019,80.0,1.0,2.0,3.0,2148855,1.0,1,1,1,5.0,,0.0,0,1949.0,B01,138Â 300Â 882,1.0,-1.0,-1.0,1640985,1.0,7,,0.0,0.0,3.0,A01,138Â 300Â 885,1.0
961449,201900002980,6,10,11:35,1,1,3,2.0,3.0,68023,D3,M,"48,1611140","7,3411650",68,2019,80.0,1.0,2.0,3.0,2148856,1.0,1,1,2,5.0,,0.0,0,1973.0,A01,138Â 300Â 885,1.0,-1.0,-1.0,1640984,2.0,7,,0.0,0.0,2.0,B01,138Â 300Â 882,1.0
961449,201900002980,6,10,11:35,1,1,3,2.0,3.0,68023,D3,M,"48,1611140","7,3411650",68,2019,80.0,1.0,2.0,3.0,2148856,1.0,1,1,2,5.0,,0.0,0,1973.0,A01,138Â 300Â 885,1.0,-1.0,-1.0,1640985,1.0,7,,0.0,0.0,3.0,A01,138Â 300Â 885,1.0
961449,201900002980,6,10,11:35,1,1,3,2.0,3.0,68023,D3,M,"48,1611140","7,3411650",68,2019,80.0,1.0,2.0,3.0,2148857,2.0,2,4,1,5.0,,0.0,0,2006.0,A01,138Â 300Â 885,1.0,-1.0,-1.0,1640984,2.0,7,,0.0,0.0,2.0,B01,138Â 300Â 882,1.0
961449,201900002980,6,10,11:35,1,1,3,2.0,3.0,68023,D3,M,"48,1611140","7,3411650",68,2019,80.0,1.0,2.0,3.0,2148857,2.0,2,4,1,5.0,,0.0,0,2006.0,A01,138Â 300Â 885,1.0,-1.0,-1.0,1640985,1.0,7,,0.0,0.0,3.0,A01,138Â 300Â 885,1.0
961450,201900002981,8,13,14:50,1,2,2,1.0,1.0,56234,Rue Georges Clemenceau,M,"47,5204510"," -3,1355320",56,2019,50.0,1.0,1.0,4.0,2148858,1.0,1,3,1,5.0,,0.0,0,2002.0,A01,138Â 300Â 879,0.0,-1.0,-1.0,1640986,2.0,50,,0.0,2.0,1.0,A01,138Â 300Â 879,3.0
961450,201900002981,8,13,14:50,1,2,2,1.0,1.0,56234,Rue Georges Clemenceau,M,"47,5204510"," -3,1355320",56,2019,50.0,1.0,1.0,4.0,2148858,1.0,1,3,1,5.0,,0.0,0,2002.0,A01,138Â 300Â 879,0.0,-1.0,-1.0,1640987,1.0,7,,0.0,2.0,1.0,B01,138Â 300Â 880,1.0
961450,201900002981,8,13,14:50,1,2,2,1.0,1.0,56234,Rue Georges Clemenceau,M,"47,5204510"," -3,1355320",56,2019,50.0,1.0,1.0,4.0,2148859,1.0,1,1,1,5.0,,0.0,0,1949.0,B01,138Â 300Â 880,1.0,-1.0,-1.0,1640986,2.0,50,,0.0,2.0,1.0,A01,138Â 300Â 879,3.0
961450,201900002981,8,13,14:50,1,2,2,1.0,1.0,56234,Rue Georges Clemenceau,M,"47,5204510"," -3,1355320",56,2019,50.0,1.0,1.0,4.0,2148859,1.0,1,1,1,5.0,,0.0,0,1949.0,B01,138Â 300Â 880,1.0,-1.0,-1.0,1640987,1.0,7,,0.0,2.0,1.0,B01,138Â 300Â 880,1.0
961451,201900002982,10,22,09:15,1,2,1,8.0,7.0,64102,D'ARROUSETS (RUE),M,"43,4934599"," -1,4503472",64,2019,50.0,1.0,2.0,3.0,2148860,1.0,1,4,2,0.0,,-1.0,0,1986.0,A01,138Â 300Â 884,1.0,0.0,-1.0,1640988,1.0,7,,0.0,0.0,2.0,A01,138Â 300Â 884,1.0
961452,201900002983,6,9,14:00,1,1,1,1.0,7.0,68249,CD11.6 - PK 4.900,M,"48,0822060","7,1620100",68,2019,80.0,1.0,1.0,3.0,2148861,1.0,1,3,1,5.0,,0.0,0,1964.0,A01,138Â 300Â 878,2.0,6.0,9.0,1640989,1.0,33,,0.0,0.0,8.0,A01,138Â 300Â 878,1.0
961453,201900002984,10,22,11:40,1,2,1,1.0,6.0,60057,GASCOGNE (RUE DE),M,"49,4359700","2,0964300",60,2019,-1.0,1.0,1.0,4.0,2148862,10.0,3,4,2,0.0,,2.0,3,1925.0,A01,138Â 300Â 873,0.0,-1.0,-1.0,1640990,3.0,7,,0.0,1.0,1.0,A01,138Â 300Â 873,-1.0
961453,201900002984,10,22,11:40,1,2,1,1.0,6.0,60057,GASCOGNE (RUE DE),M,"49,4359700","2,0964300",60,2019,-1.0,1.0,1.0,4.0,2148863,1.0,1,1,1,0.0,,-1.0,0,1939.0,A01,138Â 300Â 873,0.0,-1.0,-1.0,1640990,3.0,7,,0.0,1.0,1.0,A01,138Â 300Â 873,-1.0
961454,201900002985,8,15,16:40,1,1,1,1.0,5.0,56231,Lieu-dit Kerboulard,M,"47,6958900"," -2,6336900",56,2019,50.0,1.0,1.0,3.0,2148864,1.0,1,1,1,5.0,,0.0,0,1948.0,A01,138Â 300Â 874,1.0,-1.0,-1.0,1640991,1.0,7,,0.0,2.0,3.0,A01,138Â 300Â 874,2.0
961454,201900002985,8,15,16:40,1,1,1,1.0,5.0,56231,Lieu-dit Kerboulard,M,"47,6958900"," -2,6336900",56,2019,50.0,1.0,1.0,3.0,2148864,1.0,1,1,1,5.0,,0.0,0,1948.0,A01,138Â 300Â 874,1.0,-1.0,-1.0,1640992,2.0,33,,0.0,2.0,8.0,B01,138Â 300Â 875,0.0
961454,201900002985,8,15,16:40,1,1,1,1.0,5.0,56231,Lieu-dit Kerboulard,M,"47,6958900"," -2,6336900",56,2019,50.0,1.0,1.0,3.0,2148864,1.0,1,1,1,5.0,,0.0,0,1948.0,A01,138Â 300Â 874,1.0,-1.0,-1.0,1640993,2.0,7,,0.0,2.0,3.0,C01,138Â 300Â 876,0.0
961454,201900002985,8,15,16:40,1,1,1,1.0,5.0,56231,Lieu-dit Kerboulard,M,"47,6958900"," -2,6336900",56,2019,50.0,1.0,1.0,3.0,2148864,1.0,1,1,1,5.0,,0.0,0,1948.0,A01,138Â 300Â 874,1.0,-1.0,-1.0,1640994,2.0,7,,0.0,2.0,3.0,D01,138Â 300Â 877,0.0
961454,201900002985,8,15,16:40,1,1,1,1.0,5.0,56231,Lieu-dit Kerboulard,M,"47,6958900"," -2,6336900",56,2019,50.0,1.0,1.0,3.0,2148865,1.0,1,3,1,5.0,,0.0,0,1964.0,B01,138Â 300Â 875,2.0,-1.0,-1.0,1640991,1.0,7,,0.0,2.0,3.0,A01,138Â 300Â 874,2.0
961454,201900002985,8,15,16:40,1,1,1,1.0,5.0,56231,Lieu-dit Kerboulard,M,"47,6958900"," -2,6336900",56,2019,50.0,1.0,1.0,3.0,2148865,1.0,1,3,1,5.0,,0.0,0,1964.0,B01,138Â 300Â 875,2.0,-1.0,-1.0,1640992,2.0,33,,0.0,2.0,8.0,B01,138Â 300Â 875,0.0
961454,201900002985,8,15,16:40,1,1,1,1.0,5.0,56231,Lieu-dit Kerboulard,M,"47,6958900"," -2,6336900",56,2019,50.0,1.0,1.0,3.0,2148865,1.0,1,3,1,5.0,,0.0,0,1964.0,B01,138Â 300Â 875,2.0,-1.0,-1.0,1640993,2.0,7,,0.0,2.0,3.0,C01,138Â 300Â 876,0.0
961454,201900002985,8,15,16:40,1,1,1,1.0,5.0,56231,Lieu-dit Kerboulard,M,"47,6958900"," -2,6336900",56,2019,50.0,1.0,1.0,3.0,2148865,1.0,1,3,1,5.0,,0.0,0,1964.0,B01,138Â 300Â 875,2.0,-1.0,-1.0,1640994,2.0,7,,0.0,2.0,3.0,D01,138Â 300Â 877,0.0
961454,201900002985,8,15,16:40,1,1,1,1.0,5.0,56231,Lieu-dit Kerboulard,M,"47,6958900"," -2,6336900",56,2019,50.0,1.0,1.0,3.0,2148866,1.0,1,1,1,5.0,,0.0,0,1991.0,C01,138Â 300Â 876,1.0,-1.0,-1.0,1640991,1.0,7,,0.0,2.0,3.0,A01,138Â 300Â 874,2.0
961454,201900002985,8,15,16:40,1,1,1,1.0,5.0,56231,Lieu-dit Kerboulard,M,"47,6958900"," -2,6336900",56,2019,50.0,1.0,1.0,3.0,2148866,1.0,1,1,1,5.0,,0.0,0,1991.0,C01,138Â 300Â 876,1.0,-1.0,-1.0,1640992,2.0,33,,0.0,2.0,8.0,B01,138Â 300Â 875,0.0
961454,201900002985,8,15,16:40,1,1,1,1.0,5.0,56231,Lieu-dit Kerboulard,M,"47,6958900"," -2,6336900",56,2019,50.0,1.0,1.0,3.0,2148866,1.0,1,1,1,5.0,,0.0,0,1991.0,C01,138Â 300Â 876,1.0,-1.0,-1.0,1640993,2.0,7,,0.0,2.0,3.0,C01,138Â 300Â 876,0.0
961454,201900002985,8,15,16:40,1,1,1,1.0,5.0,56231,Lieu-dit Kerboulard,M,"47,6958900"," -2,6336900",56,2019,50.0,1.0,1.0,3.0,2148866,1.0,1,1,1,5.0,,0.0,0,1991.0,C01,138Â 300Â 876,1.0,-1.0,-1.0,1640994,2.0,7,,0.0,2.0,3.0,D01,138Â 300Â 877,0.0
961454,201900002985,8,15,16:40,1,1,1,1.0,5.0,56231,Lieu-dit Kerboulard,M,"47,6958900"," -2,6336900",56,2019,50.0,1.0,1.0,3.0,2148867,1.0,1,1,1,5.0,,0.0,0,1989.0,D01,138Â 300Â 877,1.0,-1.0,-1.0,1640991,1.0,7,,0.0,2.0,3.0,A01,138Â 300Â 874,2.0
961454,201900002985,8,15,16:40,1,1,1,1.0,5.0,56231,Lieu-dit Kerboulard,M,"47,6958900"," -2,6336900",56,2019,50.0,1.0,1.0,3.0,2148867,1.0,1,1,1,5.0,,0.0,0,1989.0,D01,138Â 300Â 877,1.0,-1.0,-1.0,1640992,2.0,33,,0.0,2.0,8.0,B01,138Â 300Â 875,0.0
961454,201900002985,8,15,16:40,1,1,1,1.0,5.0,56231,Lieu-dit Kerboulard,M,"47,6958900"," -2,6336900",56,2019,50.0,1.0,1.0,3.0,2148867,1.0,1,1,1,5.0,,0.0,0,1989.0,D01,138Â 300Â 877,1.0,-1.0,-1.0,1640993,2.0,7,,0.0,2.0,3.0,C01,138Â 300Â 876,0.0
961454,201900002985,8,15,16:40,1,1,1,1.0,5.0,56231,Lieu-dit Kerboulard,M,"47,6958900"," -2,6336900",56,2019,50.0,1.0,1.0,3.0,2148867,1.0,1,1,1,5.0,,0.0,0,1989.0,D01,138Â 300Â 877,1.0,-1.0,-1.0,1640994,2.0,7,,0.0,2.0,3.0,D01,138Â 300Â 877,0.0
961455,201900002986,6,4,10:20,1,1,1,1.0,7.0,68155,D10,M,"48,1138990","7,3054330",68,2019,80.0,1.0,1.0,3.0,2148868,1.0,1,3,2,4.0,,0.0,0,1995.0,A01,138Â 300Â 872,1.0,-1.0,-1.0,1640995,2.0,7,,0.0,0.0,9.0,A01,138Â 300Â 872,1.0
961456,201900002987,8,13,18:49,2,1,1,1.0,7.0,59089,1382 route de volckerinckhoe,M,"50,8584960","2,3175910",59,2019,80.0,8.0,1.0,3.0,2148869,1.0,1,3,1,1.0,,0.0,0,2002.0,A01,138Â 300Â 871,2.0,-1.0,-1.0,1640996,2.0,31,,0.0,0.0,0.0,A01,138Â 300Â 871,6.0
961457,201900002988,10,22,11:10,1,2,9,1.0,3.0,59350,DEFRENNE ADOLPHE RUE,M,"50,6495500","2,9866700",59,2019,50.0,1.0,1.0,4.0,2148870,1.0,1,4,1,0.0,,-1.0, -1,2006.0,B01,138Â 300Â 869,8.0,0.0,-1.0,1640997,3.0,1,,0.0,2.0,7.0,B01,138Â 300Â 869,5.0
961457,201900002988,10,22,11:10,1,2,9,1.0,3.0,59350,DEFRENNE ADOLPHE RUE,M,"50,6495500","2,9866700",59,2019,50.0,1.0,1.0,4.0,2148870,1.0,1,4,1,0.0,,-1.0, -1,2006.0,B01,138Â 300Â 869,8.0,0.0,-1.0,1640998,3.0,7,,0.0,2.0,1.0,A01,138Â 300Â 870,0.0
961457,201900002988,10,22,11:10,1,2,9,1.0,3.0,59350,DEFRENNE ADOLPHE RUE,M,"50,6495500","2,9866700",59,2019,50.0,1.0,1.0,4.0,2148871,1.0,1,1,1,0.0,,-1.0, -1,1956.0,A01,138Â 300Â 870,1.0,0.0,-1.0,1640997,3.0,1,,0.0,2.0,7.0,B01,138Â 300Â 869,5.0
961457,201900002988,10,22,11:10,1,2,9,1.0,3.0,59350,DEFRENNE ADOLPHE RUE,M,"50,6495500","2,9866700",59,2019,50.0,1.0,1.0,4.0,2148871,1.0,1,1,1,0.0,,-1.0, -1,1956.0,A01,138Â 300Â 870,1.0,0.0,-1.0,1640998,3.0,7,,0.0,2.0,1.0,A01,138Â 300Â 870,0.0
961458,201900002989,5,31,06:30,1,1,1,1.0,7.0,68005,rd10,M,"48,1181820","7,3064410",68,2019,80.0,3.0,1.0,3.0,2148872,1.0,1,3,2,5.0,,0.0,0,1993.0,A01,138Â 300Â 868,1.0,-1.0,-1.0,1640999,2.0,7,,16.0,0.0,9.0,A01,138Â 300Â 868,1.0
961459,201900002990,8,14,19:00,1,1,1,1.0,6.0,67066,axe 1420 entre ROTHAU et DEVANT FOUDAY,M,"48,4431059","7,1876163",67,2019,80.0,3.0,1.0,3.0,2148873,1.0,1,4,1,1.0,,0.0,0,1992.0,A01,138Â 300Â 867,2.0,6.0,9.0,1641000,3.0,33,,0.0,0.0,7.0,A01,138Â 300Â 867,1.0
961460,201900002991,8,16,16:55,1,1,1,1.0,6.0,76367,D121,M,"49,5045990","1,0996010",76,2019,80.0,3.0,1.0,3.0,2148874,1.0,1,3,1,3.0,,0.0,0,2000.0,A01,138Â 300Â 864,2.0,6.0,9.0,1641001,2.0,2,,3.0,0.0,2.0,A01,138Â 300Â 864,1.0
961461,201900002992,6,8,13:55,1,1,3,1.0,1.0,68019,CD 468,M,"48,0959810","7,5334860",68,2019,80.0,1.0,1.0,3.0,2148875,1.0,1,1,1,5.0,,0.0,0,1974.0,A01,138Â 300Â 862,8.0,-1.0,-1.0,1641002,1.0,2,,12.0,0.0,1.0,A01,138Â 300Â 862,1.0
961461,201900002992,6,8,13:55,1,1,3,1.0,1.0,68019,CD 468,M,"48,0959810","7,5334860",68,2019,80.0,1.0,1.0,3.0,2148875,1.0,1,1,1,5.0,,0.0,0,1974.0,A01,138Â 300Â 862,8.0,-1.0,-1.0,1641003,2.0,1,,0.0,0.0,8.0,B01,138Â 300Â 865,5.0
961461,201900002992,6,8,13:55,1,1,3,1.0,1.0,68019,CD 468,M,"48,0959810","7,5334860",68,2019,80.0,1.0,1.0,3.0,2148876,1.0,1,3,1,5.0,,0.0,0,2012.0,B01,138Â 300Â 865,2.0,-1.0,-1.0,1641002,1.0,2,,12.0,0.0,1.0,A01,138Â 300Â 862,1.0
961461,201900002992,6,8,13:55,1,1,3,1.0,1.0,68019,CD 468,M,"48,0959810","7,5334860",68,2019,80.0,1.0,1.0,3.0,2148876,1.0,1,3,1,5.0,,0.0,0,2012.0,B01,138Â 300Â 865,2.0,-1.0,-1.0,1641003,2.0,1,,0.0,0.0,8.0,B01,138Â 300Â 865,5.0
961462,201900002993,10,21,15:00,1,1,2,8.0,3.0,59239,RD 938,M,"50,4275700","3,1554100",59,2019,80.0,3.0,2.0,3.0,2148877,1.0,1,4,1,5.0,,-1.0,0,1955.0,B01,138Â 300Â 863,2.0,8.0,-1.0,1641004,2.0,2,,0.0,2.0,1.0,B01,138Â 300Â 863,1.0