Unnamed: 0_x,num_acc,mois,jour,hrmn,lum,agg,int,atm,col,com,adr,gps,lat,long,dep,annee,vma,situ,surf,catr,Unnamed: 0_y,place,catu,grav,sexe,trajet,secu,locp,actp,an_nais,num_veh_x,id_vehicule_x,secu1,secu2,secu3,Unnamed: 0,senc,catv,occutc,obs,obsm,choc,num_veh_y,id_vehicule_y,motor
961462,201900002993,10,21,15:00,1,1,2,8.0,3.0,59239,RD 938,M,"50,4275700","3,1554100",59,2019,80.0,3.0,2.0,3.0,2148877,1.0,1,4,1,5.0,,-1.0,0,1955.0,B01,138Â 300Â 863,2.0,8.0,-1.0,1641005,1.0,14,,0.0,2.0,7.0,A01,138Â 300Â 866,1.0
961462,201900002993,10,21,15:00,1,1,2,8.0,3.0,59239,RD 938,M,"50,4275700","3,1554100",59,2019,80.0,3.0,2.0,3.0,2148878,1.0,1,1,1,4.0,,-1.0,0,1979.0,A01,138Â 300Â 866,1.0,8.0,-1.0,1641004,2.0,2,,0.0,2.0,1.0,B01,138Â 300Â 863,1.0
961462,201900002993,10,21,15:00,1,1,2,8.0,3.0,59239,RD 938,M,"50,4275700","3,1554100",59,2019,80.0,3.0,2.0,3.0,2148878,1.0,1,1,1,4.0,,-1.0,0,1979.0,A01,138Â 300Â 866,1.0,8.0,-1.0,1641005,1.0,14,,0.0,2.0,7.0,A01,138Â 300Â 866,1.0
961463,201900002994,8,13,14:40,1,2,1,1.0,3.0,79213,31 avenue de lauzon,M,"46,6096020"," -0,2355090",79,2019,50.0,1.0,1.0,3.0,2148879,1.0,1,1,1,4.0,,0.0,0,1966.0,A01,138Â 300Â 860,1.0,-1.0,-1.0,1641006,2.0,13,,0.0,2.0,0.0,A01,138Â 300Â 860,1.0
961463,201900002994,8,13,14:40,1,2,1,1.0,3.0,79213,31 avenue de lauzon,M,"46,6096020"," -0,2355090",79,2019,50.0,1.0,1.0,3.0,2148879,1.0,1,1,1,4.0,,0.0,0,1966.0,A01,138Â 300Â 860,1.0,-1.0,-1.0,1641007,2.0,1,,0.0,0.0,0.0,B01,138Â 300Â 861,5.0
961463,201900002994,8,13,14:40,1,2,1,1.0,3.0,79213,31 avenue de lauzon,M,"46,6096020"," -0,2355090",79,2019,50.0,1.0,1.0,3.0,2148880,1.0,1,3,1,5.0,,0.0,0,1936.0,B01,138Â 300Â 861,9.0,-1.0,-1.0,1641006,2.0,13,,0.0,2.0,0.0,A01,138Â 300Â 860,1.0
961463,201900002994,8,13,14:40,1,2,1,1.0,3.0,79213,31 avenue de lauzon,M,"46,6096020"," -0,2355090",79,2019,50.0,1.0,1.0,3.0,2148880,1.0,1,3,1,5.0,,0.0,0,1936.0,B01,138Â 300Â 861,9.0,-1.0,-1.0,1641007,2.0,1,,0.0,0.0,0.0,B01,138Â 300Â 861,5.0
961464,201900002995,6,19,11:15,1,2,1,1.0,1.0,10350,Rue Charles Petit,M,"48,1743950","3,7986180",10,2019,50.0,1.0,1.0,3.0,2148881,1.0,1,1,1,4.0,,0.0,0,1970.0,B01,138Â 300Â 858,1.0,-1.0,-1.0,1641008,1.0,21,,0.0,2.0,3.0,B01,138Â 300Â 858,1.0
961464,201900002995,6,19,11:15,1,2,1,1.0,1.0,10350,Rue Charles Petit,M,"48,1743950","3,7986180",10,2019,50.0,1.0,1.0,3.0,2148881,1.0,1,1,1,4.0,,0.0,0,1970.0,B01,138Â 300Â 858,1.0,-1.0,-1.0,1641009,2.0,10,,0.0,2.0,3.0,A01,138Â 300Â 859,1.0
961464,201900002995,6,19,11:15,1,2,1,1.0,1.0,10350,Rue Charles Petit,M,"48,1743950","3,7986180",10,2019,50.0,1.0,1.0,3.0,2148882,1.0,1,3,2,4.0,,0.0,0,1974.0,A01,138Â 300Â 859,1.0,-1.0,-1.0,1641008,1.0,21,,0.0,2.0,3.0,B01,138Â 300Â 858,1.0
961464,201900002995,6,19,11:15,1,2,1,1.0,1.0,10350,Rue Charles Petit,M,"48,1743950","3,7986180",10,2019,50.0,1.0,1.0,3.0,2148882,1.0,1,3,2,4.0,,0.0,0,1974.0,A01,138Â 300Â 859,1.0,-1.0,-1.0,1641009,2.0,10,,0.0,2.0,3.0,A01,138Â 300Â 859,1.0
961465,201900002996,10,22,17:50,1,1,9,1.0,3.0,59431,HOUCKE (AVENUE JULES),M,"50,6833000","2,8408100",59,2019,70.0,1.0,1.0,3.0,2148883,1.0,1,3,2,5.0,,-1.0,0,1959.0,A01,138Â 300Â 856,1.0,0.0,-1.0,1641010,2.0,7,,0.0,2.0,3.0,A01,138Â 300Â 856,1.0
961465,201900002996,10,22,17:50,1,1,9,1.0,3.0,59431,HOUCKE (AVENUE JULES),M,"50,6833000","2,8408100",59,2019,70.0,1.0,1.0,3.0,2148883,1.0,1,3,2,5.0,,-1.0,0,1959.0,A01,138Â 300Â 856,1.0,0.0,-1.0,1641011,1.0,17,,0.0,2.0,1.0,B01,138Â 300Â 857,1.0
961465,201900002996,10,22,17:50,1,1,9,1.0,3.0,59431,HOUCKE (AVENUE JULES),M,"50,6833000","2,8408100",59,2019,70.0,1.0,1.0,3.0,2148884,1.0,1,1,1,4.0,,-1.0,0,1993.0,B01,138Â 300Â 857,1.0,0.0,-1.0,1641010,2.0,7,,0.0,2.0,3.0,A01,138Â 300Â 856,1.0
961465,201900002996,10,22,17:50,1,1,9,1.0,3.0,59431,HOUCKE (AVENUE JULES),M,"50,6833000","2,8408100",59,2019,70.0,1.0,1.0,3.0,2148884,1.0,1,1,1,4.0,,-1.0,0,1993.0,B01,138Â 300Â 857,1.0,0.0,-1.0,1641011,1.0,17,,0.0,2.0,1.0,B01,138Â 300Â 857,1.0
961466,201900002997,7,31,01:00,3,1,1,1.0,6.0,79340,La Fonzille,M,"46,5321740"," -0,1141680",79,2019,80.0,1.0,1.0,3.0,2148885,1.0,1,1,1,5.0,,0.0,0,1993.0,A01,138Â 300Â 855,1.0,-1.0,-1.0,1641012,2.0,7,,17.0,0.0,2.0,A01,138Â 300Â 855,1.0
961466,201900002997,7,31,01:00,3,1,1,1.0,6.0,79340,La Fonzille,M,"46,5321740"," -0,1141680",79,2019,80.0,1.0,1.0,3.0,2148886,2.0,2,3,2,5.0,,0.0,0,1993.0,A01,138Â 300Â 855,1.0,-1.0,-1.0,1641012,2.0,7,,17.0,0.0,2.0,A01,138Â 300Â 855,1.0
961467,201900002998,6,7,16:50,1,2,3,1.0,6.0,10003,Avenue Georges Clemenceau (Aix-en-Othe),M,"48,2211480","3,7273790",10,2019,50.0,1.0,1.0,3.0,2148887,2.0,2,1,2,5.0,,0.0,0,2010.0,B01,138Â 300Â 852,2.0,6.0,-1.0,1641013,1.0,2,,0.0,2.0,1.0,B01,138Â 300Â 852,1.0
961467,201900002998,6,7,16:50,1,2,3,1.0,6.0,10003,Avenue Georges Clemenceau (Aix-en-Othe),M,"48,2211480","3,7273790",10,2019,50.0,1.0,1.0,3.0,2148887,2.0,2,1,2,5.0,,0.0,0,2010.0,B01,138Â 300Â 852,2.0,6.0,-1.0,1641014,1.0,7,,0.0,2.0,6.0,A01,138Â 300Â 854,1.0
961467,201900002998,6,7,16:50,1,2,3,1.0,6.0,10003,Avenue Georges Clemenceau (Aix-en-Othe),M,"48,2211480","3,7273790",10,2019,50.0,1.0,1.0,3.0,2148888,1.0,1,3,1,5.0,,0.0,0,2005.0,B01,138Â 300Â 852,2.0,6.0,-1.0,1641013,1.0,2,,0.0,2.0,1.0,B01,138Â 300Â 852,1.0
961467,201900002998,6,7,16:50,1,2,3,1.0,6.0,10003,Avenue Georges Clemenceau (Aix-en-Othe),M,"48,2211480","3,7273790",10,2019,50.0,1.0,1.0,3.0,2148888,1.0,1,3,1,5.0,,0.0,0,2005.0,B01,138Â 300Â 852,2.0,6.0,-1.0,1641014,1.0,7,,0.0,2.0,6.0,A01,138Â 300Â 854,1.0
961467,201900002998,6,7,16:50,1,2,3,1.0,6.0,10003,Avenue Georges Clemenceau (Aix-en-Othe),M,"48,2211480","3,7273790",10,2019,50.0,1.0,1.0,3.0,2148889,2.0,2,1,2,2.0,,0.0,0,2003.0,A01,138Â 300Â 854,1.0,-1.0,-1.0,1641013,1.0,2,,0.0,2.0,1.0,B01,138Â 300Â 852,1.0
961467,201900002998,6,7,16:50,1,2,3,1.0,6.0,10003,Avenue Georges Clemenceau (Aix-en-Othe),M,"48,2211480","3,7273790",10,2019,50.0,1.0,1.0,3.0,2148889,2.0,2,1,2,2.0,,0.0,0,2003.0,A01,138Â 300Â 854,1.0,-1.0,-1.0,1641014,1.0,7,,0.0,2.0,6.0,A01,138Â 300Â 854,1.0
961467,201900002998,6,7,16:50,1,2,3,1.0,6.0,10003,Avenue Georges Clemenceau (Aix-en-Othe),M,"48,2211480","3,7273790",10,2019,50.0,1.0,1.0,3.0,2148890,1.0,1,1,2,2.0,,0.0,0,1944.0,A01,138Â 300Â 854,1.0,-1.0,-1.0,1641013,1.0,2,,0.0,2.0,1.0,B01,138Â 300Â 852,1.0
961467,201900002998,6,7,16:50,1,2,3,1.0,6.0,10003,Avenue Georges Clemenceau (Aix-en-Othe),M,"48,2211480","3,7273790",10,2019,50.0,1.0,1.0,3.0,2148890,1.0,1,1,2,2.0,,0.0,0,1944.0,A01,138Â 300Â 854,1.0,-1.0,-1.0,1641014,1.0,7,,0.0,2.0,6.0,A01,138Â 300Â 854,1.0
961468,201900002999,8,13,18:00,1,1,2,1.0,2.0,79168,,M,"47,0028840"," -0,3367150",79,2019,80.0,1.0,1.0,3.0,2148891,1.0,1,1,1,4.0,,0.0,0,1970.0,B01,138Â 300Â 850,8.0,-1.0,-1.0,1641015,1.0,21,,0.0,2.0,3.0,B01,138Â 300Â 850,1.0
961468,201900002999,8,13,18:00,1,1,2,1.0,2.0,79168,,M,"47,0028840"," -0,3367150",79,2019,80.0,1.0,1.0,3.0,2148891,1.0,1,1,1,4.0,,0.0,0,1970.0,B01,138Â 300Â 850,8.0,-1.0,-1.0,1641016,1.0,33,,0.0,2.0,1.0,A01,138Â 300Â 853,0.0
961468,201900002999,8,13,18:00,1,1,2,1.0,2.0,79168,,M,"47,0028840"," -0,3367150",79,2019,80.0,1.0,1.0,3.0,2148892,1.0,1,3,1,5.0,,0.0,0,1999.0,A01,138Â 300Â 853,2.0,6.0,-1.0,1641015,1.0,21,,0.0,2.0,3.0,B01,138Â 300Â 850,1.0
961468,201900002999,8,13,18:00,1,1,2,1.0,2.0,79168,,M,"47,0028840"," -0,3367150",79,2019,80.0,1.0,1.0,3.0,2148892,1.0,1,3,1,5.0,,0.0,0,1999.0,A01,138Â 300Â 853,2.0,6.0,-1.0,1641016,1.0,33,,0.0,2.0,1.0,A01,138Â 300Â 853,0.0
961469,201900003000,10,19,04:30,5,2,1,1.0,7.0,56121,MULLER ( DU COLONEL JEAN ),M,"47,7625400"," -3,3914400",56,2019,50.0,1.0,1.0,4.0,2148893,1.0,1,4,1,5.0,,-1.0,0,1992.0,A01,138Â 300Â 851,1.0,8.0,-1.0,1641017,1.0,7,,0.0,0.0,9.0,A01,138Â 300Â 851,1.0
961469,201900003000,10,19,04:30,5,2,1,1.0,7.0,56121,MULLER ( DU COLONEL JEAN ),M,"47,7625400"," -3,3914400",56,2019,50.0,1.0,1.0,4.0,2148894,2.0,2,4,1,5.0,,-1.0,0,1996.0,A01,138Â 300Â 851,1.0,8.0,-1.0,1641017,1.0,7,,0.0,0.0,9.0,A01,138Â 300Â 851,1.0
961470,201900003001,8,15,19:25,1,1,1,1.0,7.0,2A085,T40,M,"41,9120250","8,9352220",2A,2019,80.0,1.0,1.0,2.0,2148895,2.0,2,3,1,5.0,,0.0,0,2002.0,A01,138Â 300Â 849,2.0,-1.0,-1.0,1641018,2.0,2,,0.0,0.0,0.0,A01,138Â 300Â 849,1.0
961470,201900003001,8,15,19:25,1,1,1,1.0,7.0,2A085,T40,M,"41,9120250","8,9352220",2A,2019,80.0,1.0,1.0,2.0,2148896,1.0,1,3,1,5.0,,0.0,0,2005.0,A01,138Â 300Â 849,2.0,-1.0,-1.0,1641018,2.0,2,,0.0,0.0,0.0,A01,138Â 300Â 849,1.0
961471,201900003002,10,18,17:22,1,2,2,1.0,3.0,56162,RACINE (RUE JEAN),M,"47,7395300"," -3,4362800",56,2019,50.0,1.0,1.0,4.0,2148897,1.0,1,1,1,5.0,,-1.0,0,1947.0,B01,138Â 300Â 847,1.0,8.0,-1.0,1641019,2.0,7,,0.0,2.0,5.0,B01,138Â 300Â 847,1.0
961471,201900003002,10,18,17:22,1,2,2,1.0,3.0,56162,RACINE (RUE JEAN),M,"47,7395300"," -3,4362800",56,2019,50.0,1.0,1.0,4.0,2148897,1.0,1,1,1,5.0,,-1.0,0,1947.0,B01,138Â 300Â 847,1.0,8.0,-1.0,1641020,1.0,7,,0.0,2.0,1.0,A01,138Â 300Â 848,1.0
961471,201900003002,10,18,17:22,1,2,2,1.0,3.0,56162,RACINE (RUE JEAN),M,"47,7395300"," -3,4362800",56,2019,50.0,1.0,1.0,4.0,2148898,1.0,1,4,2,5.0,,-1.0,0,1947.0,A01,138Â 300Â 848,1.0,8.0,-1.0,1641019,2.0,7,,0.0,2.0,5.0,B01,138Â 300Â 847,1.0
961471,201900003002,10,18,17:22,1,2,2,1.0,3.0,56162,RACINE (RUE JEAN),M,"47,7395300"," -3,4362800",56,2019,50.0,1.0,1.0,4.0,2148898,1.0,1,4,2,5.0,,-1.0,0,1947.0,A01,138Â 300Â 848,1.0,8.0,-1.0,1641020,1.0,7,,0.0,2.0,1.0,A01,138Â 300Â 848,1.0
961472,201900003003,8,14,09:25,1,1,1,1.0,7.0,2B207,Lieu dit MAJO D206,M,"42,4609770","9,4635870",2B,2019,80.0,3.0,9.0,3.0,2148899,1.0,1,1,1,5.0,,0.0,0,1964.0,A01,138Â 300Â 846,2.0,6.0,-1.0,1641021,3.0,33,,0.0,0.0,8.0,A01,138Â 300Â 846,1.0
961472,201900003003,8,14,09:25,1,1,1,1.0,7.0,2B207,Lieu dit MAJO D206,M,"42,4609770","9,4635870",2B,2019,80.0,3.0,9.0,3.0,2148900,2.0,2,4,2,5.0,,0.0,0,1959.0,A01,138Â 300Â 846,2.0,6.0,-1.0,1641021,3.0,33,,0.0,0.0,8.0,A01,138Â 300Â 846,1.0
961473,201900003004,10,22,19:50,2,2,1,1.0,7.0,54357,METZ (ROUTE DE),M,"48,7131990","6,1681460",54,2019,50.0,1.0,1.0,4.0,2148901,10.0,3,4,1,0.0,,1.0,3,1972.0,A01,138Â 300Â 845,0.0,0.0,-1.0,1641022,1.0,7,,0.0,1.0,1.0,A01,138Â 300Â 845,1.0
961473,201900003004,10,22,19:50,2,2,1,1.0,7.0,54357,METZ (ROUTE DE),M,"48,7131990","6,1681460",54,2019,50.0,1.0,1.0,4.0,2148902,1.0,1,1,1,5.0,,-1.0,0,1968.0,A01,138Â 300Â 845,8.0,0.0,-1.0,1641022,1.0,7,,0.0,1.0,1.0,A01,138Â 300Â 845,1.0
961474,201900003005,8,13,08:30,1,1,1,1.0,7.0,80444,Rue de la VallÃ©e,M,"50,0365770","1,7898750",80,2019,80.0,1.0,1.0,3.0,2148903,1.0,1,4,1,1.0,,0.0,0,2001.0,A01,138Â 300Â 844,2.0,-1.0,-1.0,1641023,2.0,2,,0.0,0.0,2.0,A01,138Â 300Â 844,1.0
961475,201900003006,5,10,18:30,1,2,9,2.0,1.0,10003,Rue du Docteur Georgel (Aix-en-Othe),M,"48,2223590","3,7402800",10,2019,50.0,1.0,2.0,4.0,2148904,1.0,1,4,1,5.0,,0.0,0,2000.0,A01,138Â 300Â 841,2.0,-1.0,-1.0,1641024,2.0,2,,0.0,2.0,1.0,A01,138Â 300Â 841,0.0
961475,201900003006,5,10,18:30,1,2,9,2.0,1.0,10003,Rue du Docteur Georgel (Aix-en-Othe),M,"48,2223590","3,7402800",10,2019,50.0,1.0,2.0,4.0,2148904,1.0,1,4,1,5.0,,0.0,0,2000.0,A01,138Â 300Â 841,2.0,-1.0,-1.0,1641025,1.0,2,,0.0,2.0,1.0,B01,138Â 300Â 843,0.0
961475,201900003006,5,10,18:30,1,2,9,2.0,1.0,10003,Rue du Docteur Georgel (Aix-en-Othe),M,"48,2223590","3,7402800",10,2019,50.0,1.0,2.0,4.0,2148905,1.0,1,3,1,5.0,,0.0,0,2003.0,B01,138Â 300Â 843,2.0,-1.0,-1.0,1641024,2.0,2,,0.0,2.0,1.0,A01,138Â 300Â 841,0.0
961475,201900003006,5,10,18:30,1,2,9,2.0,1.0,10003,Rue du Docteur Georgel (Aix-en-Othe),M,"48,2223590","3,7402800",10,2019,50.0,1.0,2.0,4.0,2148905,1.0,1,3,1,5.0,,0.0,0,2003.0,B01,138Â 300Â 843,2.0,-1.0,-1.0,1641025,1.0,2,,0.0,2.0,1.0,B01,138Â 300Â 843,0.0
961476,201900003007,10,22,17:30,1,2,1,1.0,2.0,54526,POTIER (RUE EUGENE),M,"48,6885370","6,2161560",54,2019,50.0,1.0,1.0,4.0,2148906,1.0,1,1,1,0.0,,-1.0, -1,1994.0,A01,138Â 300Â 840,1.0,0.0,-1.0,1641026,1.0,7,,0.0,2.0,0.0,A01,138Â 300Â 840,1.0
961476,201900003007,10,22,17:30,1,2,1,1.0,2.0,54526,POTIER (RUE EUGENE),M,"48,6885370","6,2161560",54,2019,50.0,1.0,1.0,4.0,2148906,1.0,1,1,1,0.0,,-1.0, -1,1994.0,A01,138Â 300Â 840,1.0,0.0,-1.0,1641027,1.0,7,,0.0,2.0,1.0,B01,138Â 300Â 842,1.0
961476,201900003007,10,22,17:30,1,2,1,1.0,2.0,54526,POTIER (RUE EUGENE),M,"48,6885370","6,2161560",54,2019,50.0,1.0,1.0,4.0,2148907,1.0,1,1,1,0.0,,-1.0,0,1977.0,B01,138Â 300Â 842,1.0,0.0,-1.0,1641026,1.0,7,,0.0,2.0,0.0,A01,138Â 300Â 840,1.0
961476,201900003007,10,22,17:30,1,2,1,1.0,2.0,54526,POTIER (RUE EUGENE),M,"48,6885370","6,2161560",54,2019,50.0,1.0,1.0,4.0,2148907,1.0,1,1,1,0.0,,-1.0,0,1977.0,B01,138Â 300Â 842,1.0,0.0,-1.0,1641027,1.0,7,,0.0,2.0,1.0,B01,138Â 300Â 842,1.0
961476,201900003007,10,22,17:30,1,2,1,1.0,2.0,54526,POTIER (RUE EUGENE),M,"48,6885370","6,2161560",54,2019,50.0,1.0,1.0,4.0,2148908,2.0,2,4,2,0.0,,-1.0,0,2004.0,B01,138Â 300Â 842,1.0,0.0,-1.0,1641026,1.0,7,,0.0,2.0,0.0,A01,138Â 300Â 840,1.0
961476,201900003007,10,22,17:30,1,2,1,1.0,2.0,54526,POTIER (RUE EUGENE),M,"48,6885370","6,2161560",54,2019,50.0,1.0,1.0,4.0,2148908,2.0,2,4,2,0.0,,-1.0,0,2004.0,B01,138Â 300Â 842,1.0,0.0,-1.0,1641027,1.0,7,,0.0,2.0,1.0,B01,138Â 300Â 842,1.0
961477,201900003008,8,14,12:00,1,1,1,1.0,2.0,65006,PK 6+800- D113,M,"42,8877072","0,3213380",65,2019,80.0,1.0,1.0,3.0,2148909,1.0,1,4,1,5.0,,0.0,0,1982.0,A01,138Â 300Â 835,2.0,-1.0,-1.0,1641028,2.0,1,,0.0,2.0,1.0,A01,138Â 300Â 835,5.0
961477,201900003008,8,14,12:00,1,1,1,1.0,2.0,65006,PK 6+800- D113,M,"42,8877072","0,3213380",65,2019,80.0,1.0,1.0,3.0,2148909,1.0,1,4,1,5.0,,0.0,0,1982.0,A01,138Â 300Â 835,2.0,-1.0,-1.0,1641029,2.0,7,,0.0,0.0,4.0,B01,138Â 300Â 839,0.0
961477,201900003008,8,14,12:00,1,1,1,1.0,2.0,65006,PK 6+800- D113,M,"42,8877072","0,3213380",65,2019,80.0,1.0,1.0,3.0,2148910,9.0,2,1,2,5.0,,0.0,0,2013.0,B01,138Â 300Â 839,1.0,-1.0,-1.0,1641028,2.0,1,,0.0,2.0,1.0,A01,138Â 300Â 835,5.0
961477,201900003008,8,14,12:00,1,1,1,1.0,2.0,65006,PK 6+800- D113,M,"42,8877072","0,3213380",65,2019,80.0,1.0,1.0,3.0,2148910,9.0,2,1,2,5.0,,0.0,0,2013.0,B01,138Â 300Â 839,1.0,-1.0,-1.0,1641029,2.0,7,,0.0,0.0,4.0,B01,138Â 300Â 839,0.0
961477,201900003008,8,14,12:00,1,1,1,1.0,2.0,65006,PK 6+800- D113,M,"42,8877072","0,3213380",65,2019,80.0,1.0,1.0,3.0,2148911,1.0,1,1,1,5.0,,0.0,0,1969.0,B01,138Â 300Â 839,1.0,-1.0,-1.0,1641028,2.0,1,,0.0,2.0,1.0,A01,138Â 300Â 835,5.0
961477,201900003008,8,14,12:00,1,1,1,1.0,2.0,65006,PK 6+800- D113,M,"42,8877072","0,3213380",65,2019,80.0,1.0,1.0,3.0,2148911,1.0,1,1,1,5.0,,0.0,0,1969.0,B01,138Â 300Â 839,1.0,-1.0,-1.0,1641029,2.0,7,,0.0,0.0,4.0,B01,138Â 300Â 839,0.0
961477,201900003008,8,14,12:00,1,1,1,1.0,2.0,65006,PK 6+800- D113,M,"42,8877072","0,3213380",65,2019,80.0,1.0,1.0,3.0,2148912,8.0,2,1,1,5.0,,0.0,0,2010.0,B01,138Â 300Â 839,1.0,-1.0,-1.0,1641028,2.0,1,,0.0,2.0,1.0,A01,138Â 300Â 835,5.0
961477,201900003008,8,14,12:00,1,1,1,1.0,2.0,65006,PK 6+800- D113,M,"42,8877072","0,3213380",65,2019,80.0,1.0,1.0,3.0,2148912,8.0,2,1,1,5.0,,0.0,0,2010.0,B01,138Â 300Â 839,1.0,-1.0,-1.0,1641029,2.0,7,,0.0,0.0,4.0,B01,138Â 300Â 839,0.0
961477,201900003008,8,14,12:00,1,1,1,1.0,2.0,65006,PK 6+800- D113,M,"42,8877072","0,3213380",65,2019,80.0,1.0,1.0,3.0,2148913,7.0,2,1,2,5.0,,0.0,0,2009.0,B01,138Â 300Â 839,1.0,-1.0,-1.0,1641028,2.0,1,,0.0,2.0,1.0,A01,138Â 300Â 835,5.0
961477,201900003008,8,14,12:00,1,1,1,1.0,2.0,65006,PK 6+800- D113,M,"42,8877072","0,3213380",65,2019,80.0,1.0,1.0,3.0,2148913,7.0,2,1,2,5.0,,0.0,0,2009.0,B01,138Â 300Â 839,1.0,-1.0,-1.0,1641029,2.0,7,,0.0,0.0,4.0,B01,138Â 300Â 839,0.0
961477,201900003008,8,14,12:00,1,1,1,1.0,2.0,65006,PK 6+800- D113,M,"42,8877072","0,3213380",65,2019,80.0,1.0,1.0,3.0,2148914,2.0,2,1,2,5.0,,0.0,0,1973.0,B01,138Â 300Â 839,1.0,-1.0,-1.0,1641028,2.0,1,,0.0,2.0,1.0,A01,138Â 300Â 835,5.0
961477,201900003008,8,14,12:00,1,1,1,1.0,2.0,65006,PK 6+800- D113,M,"42,8877072","0,3213380",65,2019,80.0,1.0,1.0,3.0,2148914,2.0,2,1,2,5.0,,0.0,0,1973.0,B01,138Â 300Â 839,1.0,-1.0,-1.0,1641029,2.0,7,,0.0,0.0,4.0,B01,138Â 300Â 839,0.0
961478,201900003009,6,2,09:45,1,2,1,1.0,3.0,10067,Route de Maisons Blanches,M,"48,2313360","4,1127430",10,2019,50.0,1.0,1.0,3.0,2148915,1.0,1,1,1,5.0,,0.0,0,1962.0,B01,138Â 300Â 834,0.0,-1.0,-1.0,1641030,0.0,7,,0.0,0.0,8.0,B01,138Â 300Â 834,1.0
961478,201900003009,6,2,09:45,1,2,1,1.0,3.0,10067,Route de Maisons Blanches,M,"48,2313360","4,1127430",10,2019,50.0,1.0,1.0,3.0,2148915,1.0,1,1,1,5.0,,0.0,0,1962.0,B01,138Â 300Â 834,0.0,-1.0,-1.0,1641031,3.0,7,,0.0,1.0,2.0,A01,138Â 300Â 838,1.0
961478,201900003009,6,2,09:45,1,2,1,1.0,3.0,10067,Route de Maisons Blanches,M,"48,2313360","4,1127430",10,2019,50.0,1.0,1.0,3.0,2148916,10.0,3,3,2,5.0,,1.0,1,1941.0,A01,138Â 300Â 838,0.0,-1.0,-1.0,1641030,0.0,7,,0.0,0.0,8.0,B01,138Â 300Â 834,1.0
961478,201900003009,6,2,09:45,1,2,1,1.0,3.0,10067,Route de Maisons Blanches,M,"48,2313360","4,1127430",10,2019,50.0,1.0,1.0,3.0,2148916,10.0,3,3,2,5.0,,1.0,1,1941.0,A01,138Â 300Â 838,0.0,-1.0,-1.0,1641031,3.0,7,,0.0,1.0,2.0,A01,138Â 300Â 838,1.0
961478,201900003009,6,2,09:45,1,2,1,1.0,3.0,10067,Route de Maisons Blanches,M,"48,2313360","4,1127430",10,2019,50.0,1.0,1.0,3.0,2148917,1.0,1,1,1,9.0,,0.0,0,1991.0,A01,138Â 300Â 838,1.0,-1.0,-1.0,1641030,0.0,7,,0.0,0.0,8.0,B01,138Â 300Â 834,1.0
961478,201900003009,6,2,09:45,1,2,1,1.0,3.0,10067,Route de Maisons Blanches,M,"48,2313360","4,1127430",10,2019,50.0,1.0,1.0,3.0,2148917,1.0,1,1,1,9.0,,0.0,0,1991.0,A01,138Â 300Â 838,1.0,-1.0,-1.0,1641031,3.0,7,,0.0,1.0,2.0,A01,138Â 300Â 838,1.0
961479,201900003010,8,14,12:00,1,1,1,1.0,6.0,65138,D 920,M,"42,8556290"," -0,1280500",65,2019,80.0,1.0,1.0,3.0,2148918,1.0,1,3,1,5.0,,0.0,0,1986.0,B01,138Â 300Â 831,2.0,-1.0,-1.0,1641032,2.0,1,,13.0,0.0,2.0,B01,138Â 300Â 831,5.0
961479,201900003010,8,14,12:00,1,1,1,1.0,6.0,65138,D 920,M,"42,8556290"," -0,1280500",65,2019,80.0,1.0,1.0,3.0,2148918,1.0,1,3,1,5.0,,0.0,0,1986.0,B01,138Â 300Â 831,2.0,-1.0,-1.0,1641033,1.0,7,,0.0,0.0,0.0,A01,138Â 300Â 832,1.0
961479,201900003010,8,14,12:00,1,1,1,1.0,6.0,65138,D 920,M,"42,8556290"," -0,1280500",65,2019,80.0,1.0,1.0,3.0,2148919,1.0,1,1,1,5.0,,0.0,0,1983.0,A01,138Â 300Â 832,8.0,-1.0,-1.0,1641032,2.0,1,,13.0,0.0,2.0,B01,138Â 300Â 831,5.0
961479,201900003010,8,14,12:00,1,1,1,1.0,6.0,65138,D 920,M,"42,8556290"," -0,1280500",65,2019,80.0,1.0,1.0,3.0,2148919,1.0,1,1,1,5.0,,0.0,0,1983.0,A01,138Â 300Â 832,8.0,-1.0,-1.0,1641033,1.0,7,,0.0,0.0,0.0,A01,138Â 300Â 832,1.0
961480,201900003011,10,22,21:30,5,2,3,1.0,3.0,51055,RUE ALAIN COLAS,M,"49,2713472","4,0449361",51,2019,30.0,1.0,1.0,4.0,2148920,2.0,2,4,1,9.0,,-1.0,0,1962.0,B01,138Â 300Â 829,1.0,0.0,-1.0,1641034,1.0,7,,0.0,2.0,2.0,B01,138Â 300Â 829,1.0
961480,201900003011,10,22,21:30,5,2,3,1.0,3.0,51055,RUE ALAIN COLAS,M,"49,2713472","4,0449361",51,2019,30.0,1.0,1.0,4.0,2148920,2.0,2,4,1,9.0,,-1.0,0,1962.0,B01,138Â 300Â 829,1.0,0.0,-1.0,1641035,1.0,7,,0.0,2.0,3.0,A01,138Â 300Â 833,1.0
961480,201900003011,10,22,21:30,5,2,3,1.0,3.0,51055,RUE ALAIN COLAS,M,"49,2713472","4,0449361",51,2019,30.0,1.0,1.0,4.0,2148921,1.0,1,1,1,9.0,,-1.0,0,1999.0,B01,138Â 300Â 829,1.0,0.0,-1.0,1641034,1.0,7,,0.0,2.0,2.0,B01,138Â 300Â 829,1.0