Unnamed: 0_x,num_acc,mois,jour,hrmn,lum,agg,int,atm,col,com,adr,gps,lat,long,dep,annee,vma,situ,surf,catr,Unnamed: 0_y,place,catu,grav,sexe,trajet,secu,locp,actp,an_nais,num_veh_x,id_vehicule_x,secu1,secu2,secu3,Unnamed: 0,senc,catv,occutc,obs,obsm,choc,num_veh_y,id_vehicule_y,motor
961480,201900003011,10,22,21:30,5,2,3,1.0,3.0,51055,RUE ALAIN COLAS,M,"49,2713472","4,0449361",51,2019,30.0,1.0,1.0,4.0,2148921,1.0,1,1,1,9.0,,-1.0,0,1999.0,B01,138Â 300Â 829,1.0,0.0,-1.0,1641035,1.0,7,,0.0,2.0,3.0,A01,138Â 300Â 833,1.0
961480,201900003011,10,22,21:30,5,2,3,1.0,3.0,51055,RUE ALAIN COLAS,M,"49,2713472","4,0449361",51,2019,30.0,1.0,1.0,4.0,2148922,4.0,2,4,1,9.0,,-1.0,0,1990.0,B01,138Â 300Â 829,1.0,0.0,-1.0,1641034,1.0,7,,0.0,2.0,2.0,B01,138Â 300Â 829,1.0
961480,201900003011,10,22,21:30,5,2,3,1.0,3.0,51055,RUE ALAIN COLAS,M,"49,2713472","4,0449361",51,2019,30.0,1.0,1.0,4.0,2148922,4.0,2,4,1,9.0,,-1.0,0,1990.0,B01,138Â 300Â 829,1.0,0.0,-1.0,1641035,1.0,7,,0.0,2.0,3.0,A01,138Â 300Â 833,1.0
961480,201900003011,10,22,21:30,5,2,3,1.0,3.0,51055,RUE ALAIN COLAS,M,"49,2713472","4,0449361",51,2019,30.0,1.0,1.0,4.0,2148923,1.0,1,1,1,9.0,,-1.0,0,1979.0,A01,138Â 300Â 833,1.0,5.0,-1.0,1641034,1.0,7,,0.0,2.0,2.0,B01,138Â 300Â 829,1.0
961480,201900003011,10,22,21:30,5,2,3,1.0,3.0,51055,RUE ALAIN COLAS,M,"49,2713472","4,0449361",51,2019,30.0,1.0,1.0,4.0,2148923,1.0,1,1,1,9.0,,-1.0,0,1979.0,A01,138Â 300Â 833,1.0,5.0,-1.0,1641035,1.0,7,,0.0,2.0,3.0,A01,138Â 300Â 833,1.0
961481,201900003012,6,19,14:30,1,1,1,1.0,6.0,28123,Thoreau,M,"48,2208500","1,1014030",28,2019,80.0,3.0,1.0,3.0,2148924,7.0,2,3,2,5.0,,0.0,0,1988.0,A01,138Â 300Â 830,1.0,-1.0,-1.0,1641036,3.0,7,,6.0,0.0,1.0,A01,138Â 300Â 830,1.0
961481,201900003012,6,19,14:30,1,1,1,1.0,6.0,28123,Thoreau,M,"48,2208500","1,1014030",28,2019,80.0,3.0,1.0,3.0,2148925,1.0,1,4,2,5.0,,0.0,0,1953.0,A01,138Â 300Â 830,1.0,-1.0,-1.0,1641036,3.0,7,,6.0,0.0,1.0,A01,138Â 300Â 830,1.0
961481,201900003012,6,19,14:30,1,1,1,1.0,6.0,28123,Thoreau,M,"48,2208500","1,1014030",28,2019,80.0,3.0,1.0,3.0,2148926,2.0,2,3,2,5.0,,0.0,0,1956.0,A01,138Â 300Â 830,1.0,-1.0,-1.0,1641036,3.0,7,,6.0,0.0,1.0,A01,138Â 300Â 830,1.0
961481,201900003012,6,19,14:30,1,1,1,1.0,6.0,28123,Thoreau,M,"48,2208500","1,1014030",28,2019,80.0,3.0,1.0,3.0,2148927,9.0,2,4,2,5.0,,0.0,0,2000.0,A01,138Â 300Â 830,1.0,-1.0,-1.0,1641036,3.0,7,,6.0,0.0,1.0,A01,138Â 300Â 830,1.0
961482,201900003013,6,4,16:15,1,2,1,1.0,6.0,97422,161 Rue Georges Pompidou,M," -21,2557370","55,5226000",974,2019,50.0,1.0,1.0,2.0,2148928,1.0,1,4,1,5.0,,0.0,0,1983.0,A01,138Â 300Â 827,0.0,-1.0,-1.0,1641037,3.0,1,,0.0,1.0,1.0,A01,138Â 300Â 827,5.0
961482,201900003013,6,4,16:15,1,2,1,1.0,6.0,97422,161 Rue Georges Pompidou,M," -21,2557370","55,5226000",974,2019,50.0,1.0,1.0,2.0,2148929,10.0,3,1,1,5.0,,3.0,3,1988.0,A01,138Â 300Â 827,0.0,-1.0,-1.0,1641037,3.0,1,,0.0,1.0,1.0,A01,138Â 300Â 827,5.0
961483,201900003014,10,22,17:20,1,2,2,1.0,3.0,45234,AV DES DROITS DE L'HOMME - R DU PETIT PONT,M,"47,9226165","1,9296393",45,2019,50.0,1.0,1.0,4.0,2148930,1.0,1,4,2,0.0,,0.0,0,1969.0,B01,138Â 300Â 826,1.0,0.0,-1.0,1641038,1.0,7,,0.0,2.0,1.0,B01,138Â 300Â 826,1.0
961483,201900003014,10,22,17:20,1,2,2,1.0,3.0,45234,AV DES DROITS DE L'HOMME - R DU PETIT PONT,M,"47,9226165","1,9296393",45,2019,50.0,1.0,1.0,4.0,2148930,1.0,1,4,2,0.0,,0.0,0,1969.0,B01,138Â 300Â 826,1.0,0.0,-1.0,1641039,2.0,7,,0.0,2.0,2.0,A01,138Â 300Â 828,1.0
961483,201900003014,10,22,17:20,1,2,2,1.0,3.0,45234,AV DES DROITS DE L'HOMME - R DU PETIT PONT,M,"47,9226165","1,9296393",45,2019,50.0,1.0,1.0,4.0,2148931,1.0,1,4,2,0.0,,0.0,0,1982.0,A01,138Â 300Â 828,1.0,0.0,-1.0,1641038,1.0,7,,0.0,2.0,1.0,B01,138Â 300Â 826,1.0
961483,201900003014,10,22,17:20,1,2,2,1.0,3.0,45234,AV DES DROITS DE L'HOMME - R DU PETIT PONT,M,"47,9226165","1,9296393",45,2019,50.0,1.0,1.0,4.0,2148931,1.0,1,4,2,0.0,,0.0,0,1982.0,A01,138Â 300Â 828,1.0,0.0,-1.0,1641039,2.0,7,,0.0,2.0,2.0,A01,138Â 300Â 828,1.0
961483,201900003014,10,22,17:20,1,2,2,1.0,3.0,45234,AV DES DROITS DE L'HOMME - R DU PETIT PONT,M,"47,9226165","1,9296393",45,2019,50.0,1.0,1.0,4.0,2148932,3.0,2,1,2,0.0,,-1.0, -1,2010.0,A01,138Â 300Â 828,1.0,0.0,-1.0,1641038,1.0,7,,0.0,2.0,1.0,B01,138Â 300Â 826,1.0
961483,201900003014,10,22,17:20,1,2,2,1.0,3.0,45234,AV DES DROITS DE L'HOMME - R DU PETIT PONT,M,"47,9226165","1,9296393",45,2019,50.0,1.0,1.0,4.0,2148932,3.0,2,1,2,0.0,,-1.0, -1,2010.0,A01,138Â 300Â 828,1.0,0.0,-1.0,1641039,2.0,7,,0.0,2.0,2.0,A01,138Â 300Â 828,1.0
961484,201900003015,8,14,08:50,1,2,1,1.0,6.0,33514,RD101E1 59 Boulevard de l'AmÃ©lie,M,"45,4881470"," -1,1462500",33,2019,50.0,1.0,1.0,3.0,2148933,10.0,3,4,1,5.0,,1.0,3,2009.0,A01,138Â 300Â 824,0.0,-1.0,-1.0,1641040,2.0,7,,0.0,1.0,3.0,A01,138Â 300Â 824,1.0
961484,201900003015,8,14,08:50,1,2,1,1.0,6.0,33514,RD101E1 59 Boulevard de l'AmÃ©lie,M,"45,4881470"," -1,1462500",33,2019,50.0,1.0,1.0,3.0,2148934,1.0,1,1,1,5.0,,0.0,0,1977.0,A01,138Â 300Â 824,1.0,-1.0,-1.0,1641040,2.0,7,,0.0,1.0,3.0,A01,138Â 300Â 824,1.0
961485,201900003016,6,15,07:50,1,1,1,1.0,1.0,97405,RN2,M," -21,3651010","55,5507910",974,2019,80.0,1.0,1.0,2.0,2148935,9.0,2,1,1,5.0,,0.0,0,2010.0,B01,138Â 300Â 822,1.0,-1.0,-1.0,1641041,1.0,7,,0.0,2.0,2.0,B01,138Â 300Â 822,1.0
961485,201900003016,6,15,07:50,1,1,1,1.0,1.0,97405,RN2,M," -21,3651010","55,5507910",974,2019,80.0,1.0,1.0,2.0,2148935,9.0,2,1,1,5.0,,0.0,0,2010.0,B01,138Â 300Â 822,1.0,-1.0,-1.0,1641042,1.0,7,,0.0,2.0,1.0,A01,138Â 300Â 825,1.0
961485,201900003016,6,15,07:50,1,1,1,1.0,1.0,97405,RN2,M," -21,3651010","55,5507910",974,2019,80.0,1.0,1.0,2.0,2148936,7.0,2,4,1,5.0,,0.0,0,2011.0,B01,138Â 300Â 822,1.0,-1.0,-1.0,1641041,1.0,7,,0.0,2.0,2.0,B01,138Â 300Â 822,1.0
961485,201900003016,6,15,07:50,1,1,1,1.0,1.0,97405,RN2,M," -21,3651010","55,5507910",974,2019,80.0,1.0,1.0,2.0,2148936,7.0,2,4,1,5.0,,0.0,0,2011.0,B01,138Â 300Â 822,1.0,-1.0,-1.0,1641042,1.0,7,,0.0,2.0,1.0,A01,138Â 300Â 825,1.0
961485,201900003016,6,15,07:50,1,1,1,1.0,1.0,97405,RN2,M," -21,3651010","55,5507910",974,2019,80.0,1.0,1.0,2.0,2148937,1.0,1,1,1,4.0,,0.0,0,1967.0,B01,138Â 300Â 822,1.0,-1.0,-1.0,1641041,1.0,7,,0.0,2.0,2.0,B01,138Â 300Â 822,1.0
961485,201900003016,6,15,07:50,1,1,1,1.0,1.0,97405,RN2,M," -21,3651010","55,5507910",974,2019,80.0,1.0,1.0,2.0,2148937,1.0,1,1,1,4.0,,0.0,0,1967.0,B01,138Â 300Â 822,1.0,-1.0,-1.0,1641042,1.0,7,,0.0,2.0,1.0,A01,138Â 300Â 825,1.0
961485,201900003016,6,15,07:50,1,1,1,1.0,1.0,97405,RN2,M," -21,3651010","55,5507910",974,2019,80.0,1.0,1.0,2.0,2148938,1.0,1,1,1,1.0,,0.0,0,1995.0,A01,138Â 300Â 825,1.0,-1.0,-1.0,1641041,1.0,7,,0.0,2.0,2.0,B01,138Â 300Â 822,1.0
961485,201900003016,6,15,07:50,1,1,1,1.0,1.0,97405,RN2,M," -21,3651010","55,5507910",974,2019,80.0,1.0,1.0,2.0,2148938,1.0,1,1,1,1.0,,0.0,0,1995.0,A01,138Â 300Â 825,1.0,-1.0,-1.0,1641042,1.0,7,,0.0,2.0,1.0,A01,138Â 300Â 825,1.0
961486,201900003017,6,13,00:45,3,1,1,2.0,6.0,97412,Rue Marcel Pagnol,M," -21,3741530","55,6684520",974,2019,70.0,1.0,2.0,2.0,2148939,1.0,1,3,1,5.0,,0.0,0,1993.0,A01,138Â 300Â 819,8.0,-1.0,-1.0,1641043,3.0,7,,10.0,0.0,1.0,A01,138Â 300Â 819,1.0
961487,201900003018,8,12,13:45,1,1,3,1.0,2.0,33125,CD 1215  route de Margales,M,"45,2287600"," -0,8798900",33,2019,80.0,1.0,1.0,3.0,2148940,1.0,1,1,2,5.0,,0.0,0,1960.0,A01,138Â 300Â 817,1.0,-1.0,-1.0,1641044,2.0,7,,0.0,2.0,1.0,A01,138Â 300Â 817,1.0
961487,201900003018,8,12,13:45,1,1,3,1.0,2.0,33125,CD 1215  route de Margales,M,"45,2287600"," -0,8798900",33,2019,80.0,1.0,1.0,3.0,2148940,1.0,1,1,2,5.0,,0.0,0,1960.0,A01,138Â 300Â 817,1.0,-1.0,-1.0,1641045,2.0,2,,0.0,2.0,8.0,B01,138Â 300Â 820,1.0
961487,201900003018,8,12,13:45,1,1,3,1.0,2.0,33125,CD 1215  route de Margales,M,"45,2287600"," -0,8798900",33,2019,80.0,1.0,1.0,3.0,2148941,1.0,1,3,1,5.0,,0.0,0,2004.0,B01,138Â 300Â 820,2.0,6.0,-1.0,1641044,2.0,7,,0.0,2.0,1.0,A01,138Â 300Â 817,1.0
961487,201900003018,8,12,13:45,1,1,3,1.0,2.0,33125,CD 1215  route de Margales,M,"45,2287600"," -0,8798900",33,2019,80.0,1.0,1.0,3.0,2148941,1.0,1,3,1,5.0,,0.0,0,2004.0,B01,138Â 300Â 820,2.0,6.0,-1.0,1641045,2.0,2,,0.0,2.0,8.0,B01,138Â 300Â 820,1.0
961488,201900003019,10,22,09:10,1,2,1,2.0,4.0,38185,AUTOROUTE A 480,M,"45,1871400","5,7027400",38,2019,70.0,1.0,2.0,1.0,2148942,1.0,1,1,1,4.0,,-1.0, -1,1982.0,A01,138Â 300Â 816,1.0,0.0,-1.0,1641046,3.0,7,,0.0,2.0,1.0,A01,138Â 300Â 816,1.0
961488,201900003019,10,22,09:10,1,2,1,2.0,4.0,38185,AUTOROUTE A 480,M,"45,1871400","5,7027400",38,2019,70.0,1.0,2.0,1.0,2148942,1.0,1,1,1,4.0,,-1.0, -1,1982.0,A01,138Â 300Â 816,1.0,0.0,-1.0,1641047,3.0,7,,0.0,2.0,4.0,B01,138Â 300Â 818,1.0
961488,201900003019,10,22,09:10,1,2,1,2.0,4.0,38185,AUTOROUTE A 480,M,"45,1871400","5,7027400",38,2019,70.0,1.0,2.0,1.0,2148942,1.0,1,1,1,4.0,,-1.0, -1,1982.0,A01,138Â 300Â 816,1.0,0.0,-1.0,1641048,3.0,10,,0.0,2.0,0.0,C01,138Â 300Â 821,1.0
961488,201900003019,10,22,09:10,1,2,1,2.0,4.0,38185,AUTOROUTE A 480,M,"45,1871400","5,7027400",38,2019,70.0,1.0,2.0,1.0,2148943,1.0,1,3,1,0.0,,-1.0, -1,1971.0,B01,138Â 300Â 818,1.0,0.0,-1.0,1641046,3.0,7,,0.0,2.0,1.0,A01,138Â 300Â 816,1.0
961488,201900003019,10,22,09:10,1,2,1,2.0,4.0,38185,AUTOROUTE A 480,M,"45,1871400","5,7027400",38,2019,70.0,1.0,2.0,1.0,2148943,1.0,1,3,1,0.0,,-1.0, -1,1971.0,B01,138Â 300Â 818,1.0,0.0,-1.0,1641047,3.0,7,,0.0,2.0,4.0,B01,138Â 300Â 818,1.0
961488,201900003019,10,22,09:10,1,2,1,2.0,4.0,38185,AUTOROUTE A 480,M,"45,1871400","5,7027400",38,2019,70.0,1.0,2.0,1.0,2148943,1.0,1,3,1,0.0,,-1.0, -1,1971.0,B01,138Â 300Â 818,1.0,0.0,-1.0,1641048,3.0,10,,0.0,2.0,0.0,C01,138Â 300Â 821,1.0
961488,201900003019,10,22,09:10,1,2,1,2.0,4.0,38185,AUTOROUTE A 480,M,"45,1871400","5,7027400",38,2019,70.0,1.0,2.0,1.0,2148944,2.0,2,4,2,0.0,,-1.0, -1,1971.0,B01,138Â 300Â 818,1.0,0.0,-1.0,1641046,3.0,7,,0.0,2.0,1.0,A01,138Â 300Â 816,1.0
961488,201900003019,10,22,09:10,1,2,1,2.0,4.0,38185,AUTOROUTE A 480,M,"45,1871400","5,7027400",38,2019,70.0,1.0,2.0,1.0,2148944,2.0,2,4,2,0.0,,-1.0, -1,1971.0,B01,138Â 300Â 818,1.0,0.0,-1.0,1641047,3.0,7,,0.0,2.0,4.0,B01,138Â 300Â 818,1.0
961488,201900003019,10,22,09:10,1,2,1,2.0,4.0,38185,AUTOROUTE A 480,M,"45,1871400","5,7027400",38,2019,70.0,1.0,2.0,1.0,2148944,2.0,2,4,2,0.0,,-1.0, -1,1971.0,B01,138Â 300Â 818,1.0,0.0,-1.0,1641048,3.0,10,,0.0,2.0,0.0,C01,138Â 300Â 821,1.0
961488,201900003019,10,22,09:10,1,2,1,2.0,4.0,38185,AUTOROUTE A 480,M,"45,1871400","5,7027400",38,2019,70.0,1.0,2.0,1.0,2148945,1.0,1,1,1,0.0,,-1.0, -1,1900.0,C01,138Â 300Â 821,1.0,0.0,-1.0,1641046,3.0,7,,0.0,2.0,1.0,A01,138Â 300Â 816,1.0
961488,201900003019,10,22,09:10,1,2,1,2.0,4.0,38185,AUTOROUTE A 480,M,"45,1871400","5,7027400",38,2019,70.0,1.0,2.0,1.0,2148945,1.0,1,1,1,0.0,,-1.0, -1,1900.0,C01,138Â 300Â 821,1.0,0.0,-1.0,1641047,3.0,7,,0.0,2.0,4.0,B01,138Â 300Â 818,1.0
961488,201900003019,10,22,09:10,1,2,1,2.0,4.0,38185,AUTOROUTE A 480,M,"45,1871400","5,7027400",38,2019,70.0,1.0,2.0,1.0,2148945,1.0,1,1,1,0.0,,-1.0, -1,1900.0,C01,138Â 300Â 821,1.0,0.0,-1.0,1641048,3.0,10,,0.0,2.0,0.0,C01,138Â 300Â 821,1.0
961489,201900003020,8,16,13:45,1,1,1,1.0,6.0,33382,La Perotine,M,"45,1389210"," -0,4960560",33,2019,50.0,1.0,1.0,4.0,2148946,1.0,1,1,1,5.0,,0.0,0,1997.0,A01,138Â 300Â 814,1.0,-1.0,-1.0,1641049,3.0,7,,15.0,0.0,2.0,A01,138Â 300Â 814,1.0
961489,201900003020,8,16,13:45,1,1,1,1.0,6.0,33382,La Perotine,M,"45,1389210"," -0,4960560",33,2019,50.0,1.0,1.0,4.0,2148947,2.0,2,3,1,5.0,,0.0,0,1999.0,A01,138Â 300Â 814,1.0,-1.0,-1.0,1641049,3.0,7,,15.0,0.0,2.0,A01,138Â 300Â 814,1.0
961490,201900003021,6,19,15:25,1,1,1,1.0,3.0,97222,RN1 - AUGRAIN,M,"14,6697000"," -60,9596610",972,2019,-1.0,1.0,1.0,2.0,2148948,2.0,2,1,1,9.0,,0.0,0,2006.0,A01,138Â 300Â 813,1.0,-1.0,-1.0,1641050,2.0,7,,0.0,2.0,3.0,A01,138Â 300Â 813,1.0
961490,201900003021,6,19,15:25,1,1,1,1.0,3.0,97222,RN1 - AUGRAIN,M,"14,6697000"," -60,9596610",972,2019,-1.0,1.0,1.0,2.0,2148948,2.0,2,1,1,9.0,,0.0,0,2006.0,A01,138Â 300Â 813,1.0,-1.0,-1.0,1641051,2.0,33,,0.0,2.0,2.0,B01,138Â 300Â 815,1.0
961490,201900003021,6,19,15:25,1,1,1,1.0,3.0,97222,RN1 - AUGRAIN,M,"14,6697000"," -60,9596610",972,2019,-1.0,1.0,1.0,2.0,2148949,1.0,1,1,1,9.0,,0.0,0,1969.0,A01,138Â 300Â 813,1.0,-1.0,-1.0,1641050,2.0,7,,0.0,2.0,3.0,A01,138Â 300Â 813,1.0
961490,201900003021,6,19,15:25,1,1,1,1.0,3.0,97222,RN1 - AUGRAIN,M,"14,6697000"," -60,9596610",972,2019,-1.0,1.0,1.0,2.0,2148949,1.0,1,1,1,9.0,,0.0,0,1969.0,A01,138Â 300Â 813,1.0,-1.0,-1.0,1641051,2.0,33,,0.0,2.0,2.0,B01,138Â 300Â 815,1.0
961490,201900003021,6,19,15:25,1,1,1,1.0,3.0,97222,RN1 - AUGRAIN,M,"14,6697000"," -60,9596610",972,2019,-1.0,1.0,1.0,2.0,2148950,1.0,1,3,1,9.0,,0.0,0,1968.0,B01,138Â 300Â 815,2.0,6.0,-1.0,1641050,2.0,7,,0.0,2.0,3.0,A01,138Â 300Â 813,1.0
961490,201900003021,6,19,15:25,1,1,1,1.0,3.0,97222,RN1 - AUGRAIN,M,"14,6697000"," -60,9596610",972,2019,-1.0,1.0,1.0,2.0,2148950,1.0,1,3,1,9.0,,0.0,0,1968.0,B01,138Â 300Â 815,2.0,6.0,-1.0,1641051,2.0,33,,0.0,2.0,2.0,B01,138Â 300Â 815,1.0
961491,201900003022,10,22,09:44,1,2,1,1.0,6.0,37261,VAILLANT (RUE EDOUARD),M,"47,3854798","0,6997778",37,2019,50.0,1.0,1.0,4.0,2148951,10.0,3,4,2,1.0,,3.0,3,1995.0,A01,138Â 300Â 812,8.0,0.0,-1.0,1641052,2.0,10,,0.0,1.0,2.0,A01,138Â 300Â 812,1.0
961491,201900003022,10,22,09:44,1,2,1,1.0,6.0,37261,VAILLANT (RUE EDOUARD),M,"47,3854798","0,6997778",37,2019,50.0,1.0,1.0,4.0,2148952,1.0,1,1,1,1.0,,-1.0, -1,1986.0,A01,138Â 300Â 812,1.0,0.0,-1.0,1641052,2.0,10,,0.0,1.0,2.0,A01,138Â 300Â 812,1.0
961492,201900003023,6,11,06:00,1,1,1,1.0,5.0,97212,Chemin Gond,M,"14,7321750"," -61,0207600",972,2019,70.0,1.0,1.0,3.0,2148953,1.0,1,3,1,0.0,,0.0,0,1961.0,A01,138Â 300Â 809,1.0,-1.0,-1.0,1641053,1.0,7,,0.0,2.0,1.0,A01,138Â 300Â 809,1.0
961492,201900003023,6,11,06:00,1,1,1,1.0,5.0,97212,Chemin Gond,M,"14,7321750"," -61,0207600",972,2019,70.0,1.0,1.0,3.0,2148953,1.0,1,3,1,0.0,,0.0,0,1961.0,A01,138Â 300Â 809,1.0,-1.0,-1.0,1641054,1.0,7,,0.0,2.0,1.0,B01,138Â 300Â 810,1.0
961492,201900003023,6,11,06:00,1,1,1,1.0,5.0,97212,Chemin Gond,M,"14,7321750"," -61,0207600",972,2019,70.0,1.0,1.0,3.0,2148953,1.0,1,3,1,0.0,,0.0,0,1961.0,A01,138Â 300Â 809,1.0,-1.0,-1.0,1641055,2.0,10,,0.0,2.0,8.0,C01,138Â 300Â 811,1.0
961492,201900003023,6,11,06:00,1,1,1,1.0,5.0,97212,Chemin Gond,M,"14,7321750"," -61,0207600",972,2019,70.0,1.0,1.0,3.0,2148954,1.0,1,2,1,0.0,,0.0,0,1989.0,B01,138Â 300Â 810,0.0,-1.0,-1.0,1641053,1.0,7,,0.0,2.0,1.0,A01,138Â 300Â 809,1.0
961492,201900003023,6,11,06:00,1,1,1,1.0,5.0,97212,Chemin Gond,M,"14,7321750"," -61,0207600",972,2019,70.0,1.0,1.0,3.0,2148954,1.0,1,2,1,0.0,,0.0,0,1989.0,B01,138Â 300Â 810,0.0,-1.0,-1.0,1641054,1.0,7,,0.0,2.0,1.0,B01,138Â 300Â 810,1.0
961492,201900003023,6,11,06:00,1,1,1,1.0,5.0,97212,Chemin Gond,M,"14,7321750"," -61,0207600",972,2019,70.0,1.0,1.0,3.0,2148954,1.0,1,2,1,0.0,,0.0,0,1989.0,B01,138Â 300Â 810,0.0,-1.0,-1.0,1641055,2.0,10,,0.0,2.0,8.0,C01,138Â 300Â 811,1.0
961492,201900003023,6,11,06:00,1,1,1,1.0,5.0,97212,Chemin Gond,M,"14,7321750"," -61,0207600",972,2019,70.0,1.0,1.0,3.0,2148955,1.0,1,1,1,0.0,,0.0,0,1974.0,C01,138Â 300Â 811,1.0,-1.0,-1.0,1641053,1.0,7,,0.0,2.0,1.0,A01,138Â 300Â 809,1.0
961492,201900003023,6,11,06:00,1,1,1,1.0,5.0,97212,Chemin Gond,M,"14,7321750"," -61,0207600",972,2019,70.0,1.0,1.0,3.0,2148955,1.0,1,1,1,0.0,,0.0,0,1974.0,C01,138Â 300Â 811,1.0,-1.0,-1.0,1641054,1.0,7,,0.0,2.0,1.0,B01,138Â 300Â 810,1.0
961492,201900003023,6,11,06:00,1,1,1,1.0,5.0,97212,Chemin Gond,M,"14,7321750"," -61,0207600",972,2019,70.0,1.0,1.0,3.0,2148955,1.0,1,1,1,0.0,,0.0,0,1974.0,C01,138Â 300Â 811,1.0,-1.0,-1.0,1641055,2.0,10,,0.0,2.0,8.0,C01,138Â 300Â 811,1.0
961493,201900003024,8,16,17:28,1,2,1,1.0,3.0,81055,42 Rue de la Fontaine,M,"43,4125216","2,0770370",81,2019,50.0,1.0,1.0,3.0,2148956,1.0,1,4,1,5.0,,0.0,0,1957.0,A01,138Â 300Â 807,2.0,6.0,-1.0,1641056,2.0,34,,0.0,2.0,1.0,A01,138Â 300Â 807,1.0
961493,201900003024,8,16,17:28,1,2,1,1.0,3.0,81055,42 Rue de la Fontaine,M,"43,4125216","2,0770370",81,2019,50.0,1.0,1.0,3.0,2148956,1.0,1,4,1,5.0,,0.0,0,1957.0,A01,138Â 300Â 807,2.0,6.0,-1.0,1641057,2.0,7,,0.0,2.0,3.0,B01,138Â 300Â 808,1.0
961493,201900003024,8,16,17:28,1,2,1,1.0,3.0,81055,42 Rue de la Fontaine,M,"43,4125216","2,0770370",81,2019,50.0,1.0,1.0,3.0,2148957,1.0,1,1,1,5.0,,0.0,0,1983.0,B01,138Â 300Â 808,1.0,-1.0,-1.0,1641056,2.0,34,,0.0,2.0,1.0,A01,138Â 300Â 807,1.0
961493,201900003024,8,16,17:28,1,2,1,1.0,3.0,81055,42 Rue de la Fontaine,M,"43,4125216","2,0770370",81,2019,50.0,1.0,1.0,3.0,2148957,1.0,1,1,1,5.0,,0.0,0,1983.0,B01,138Â 300Â 808,1.0,-1.0,-1.0,1641057,2.0,7,,0.0,2.0,3.0,B01,138Â 300Â 808,1.0
961494,201900003025,6,10,01:48,5,2,1,1.0,6.0,97207,ROUTE DEPARTEMENTALE 5,M,"14,5716570"," -60,9613350",972,2019,50.0,3.0,1.0,3.0,2148958,10.0,3,2,1,5.0,,6.0,B,1938.0,A01,138Â 300Â 805,0.0,-1.0,-1.0,1641058,1.0,0,,0.0,1.0,0.0,A01,138Â 300Â 805,0.0
961495,201900003026,8,14,00:45,3,1,1,1.0,1.0,11337,D111,M,"43,2027770","2,6286640",11,2019,80.0,1.0,1.0,3.0,2148959,1.0,1,4,2,5.0,,0.0,0,1987.0,B01,138Â 300Â 801,1.0,-1.0,-1.0,1641059,2.0,7,,0.0,2.0,3.0,B01,138Â 300Â 801,1.0
961495,201900003026,8,14,00:45,3,1,1,1.0,1.0,11337,D111,M,"43,2027770","2,6286640",11,2019,80.0,1.0,1.0,3.0,2148959,1.0,1,4,2,5.0,,0.0,0,1987.0,B01,138Â 300Â 801,1.0,-1.0,-1.0,1641060,2.0,7,,2.0,2.0,3.0,A01,138Â 300Â 803,1.0
961495,201900003026,8,14,00:45,3,1,1,1.0,1.0,11337,D111,M,"43,2027770","2,6286640",11,2019,80.0,1.0,1.0,3.0,2148960,1.0,1,4,1,5.0,,0.0,0,1983.0,A01,138Â 300Â 803,1.0,-1.0,-1.0,1641059,2.0,7,,0.0,2.0,3.0,B01,138Â 300Â 801,1.0
961495,201900003026,8,14,00:45,3,1,1,1.0,1.0,11337,D111,M,"43,2027770","2,6286640",11,2019,80.0,1.0,1.0,3.0,2148960,1.0,1,4,1,5.0,,0.0,0,1983.0,A01,138Â 300Â 803,1.0,-1.0,-1.0,1641060,2.0,7,,2.0,2.0,3.0,A01,138Â 300Â 803,1.0
961496,201900003027,10,22,14:45,1,2,4,1.0,3.0,35238,VALLES (JULES),M,"48,1028325"," -1,7152196",35,2019,50.0,1.0,1.0,2.0,2148961,1.0,1,1,1,5.0,,-1.0,0,1928.0,A01,138Â 300Â 802,1.0,8.0,-1.0,1641061,1.0,7,,0.0,2.0,3.0,A01,138Â 300Â 802,1.0
961496,201900003027,10,22,14:45,1,2,4,1.0,3.0,35238,VALLES (JULES),M,"48,1028325"," -1,7152196",35,2019,50.0,1.0,1.0,2.0,2148961,1.0,1,1,1,5.0,,-1.0,0,1928.0,A01,138Â 300Â 802,1.0,8.0,-1.0,1641062,1.0,10,,0.0,2.0,7.0,B01,138Â 300Â 804,1.0
961496,201900003027,10,22,14:45,1,2,4,1.0,3.0,35238,VALLES (JULES),M,"48,1028325"," -1,7152196",35,2019,50.0,1.0,1.0,2.0,2148962,1.0,1,4,1,4.0,,-1.0, -1,1990.0,B01,138Â 300Â 804,1.0,8.0,-1.0,1641061,1.0,7,,0.0,2.0,3.0,A01,138Â 300Â 802,1.0
961496,201900003027,10,22,14:45,1,2,4,1.0,3.0,35238,VALLES (JULES),M,"48,1028325"," -1,7152196",35,2019,50.0,1.0,1.0,2.0,2148962,1.0,1,4,1,4.0,,-1.0, -1,1990.0,B01,138Â 300Â 804,1.0,8.0,-1.0,1641062,1.0,10,,0.0,2.0,7.0,B01,138Â 300Â 804,1.0
961497,201900003028,8,14,11:20,1,1,1,1.0,1.0,71183,D225 PK 12+800,M,"46,8897260","4,5805050",71,2019,80.0,1.0,1.0,3.0,2148963,1.0,1,3,1,9.0,,0.0,0,1955.0,B01,138Â 300Â 798,1.0,-1.0,-1.0,1641063,1.0,7,,0.0,2.0,3.0,B01,138Â 300Â 798,1.0