Unnamed: 0_x,num_acc,mois,jour,hrmn,lum,agg,int,atm,col,com,adr,gps,lat,long,dep,annee,vma,situ,surf,catr,Unnamed: 0_y,place,catu,grav,sexe,trajet,secu,locp,actp,an_nais,num_veh_x,id_vehicule_x,secu1,secu2,secu3,Unnamed: 0,senc,catv,occutc,obs,obsm,choc,num_veh_y,id_vehicule_y,motor
961497,201900003028,8,14,11:20,1,1,1,1.0,1.0,71183,D225 PK 12+800,M,"46,8897260","4,5805050",71,2019,80.0,1.0,1.0,3.0,2148963,1.0,1,3,1,9.0,,0.0,0,1955.0,B01,138Â 300Â 798,1.0,-1.0,-1.0,1641064,2.0,7,,0.0,2.0,1.0,A01,138Â 300Â 799,1.0
961497,201900003028,8,14,11:20,1,1,1,1.0,1.0,71183,D225 PK 12+800,M,"46,8897260","4,5805050",71,2019,80.0,1.0,1.0,3.0,2148964,1.0,1,4,1,4.0,,0.0,0,1987.0,A01,138Â 300Â 799,1.0,-1.0,-1.0,1641063,1.0,7,,0.0,2.0,3.0,B01,138Â 300Â 798,1.0
961497,201900003028,8,14,11:20,1,1,1,1.0,1.0,71183,D225 PK 12+800,M,"46,8897260","4,5805050",71,2019,80.0,1.0,1.0,3.0,2148964,1.0,1,4,1,4.0,,0.0,0,1987.0,A01,138Â 300Â 799,1.0,-1.0,-1.0,1641064,2.0,7,,0.0,2.0,1.0,A01,138Â 300Â 799,1.0
961498,201900003029,6,9,19:00,3,1,1,1.0,1.0,97210,Petite France,M,"14,5899170"," -60,8814790",972,2019,50.0,1.0,1.0,2.0,2148965,9.0,2,4,2,5.0,,0.0,0,1962.0,B01,138Â 300Â 797,1.0,-1.0,-1.0,1641065,1.0,7,,0.0,2.0,1.0,B01,138Â 300Â 797,1.0
961498,201900003029,6,9,19:00,3,1,1,1.0,1.0,97210,Petite France,M,"14,5899170"," -60,8814790",972,2019,50.0,1.0,1.0,2.0,2148965,9.0,2,4,2,5.0,,0.0,0,1962.0,B01,138Â 300Â 797,1.0,-1.0,-1.0,1641066,2.0,7,,0.0,2.0,1.0,A01,138Â 300Â 800,1.0
961498,201900003029,6,9,19:00,3,1,1,1.0,1.0,97210,Petite France,M,"14,5899170"," -60,8814790",972,2019,50.0,1.0,1.0,2.0,2148966,2.0,2,4,2,5.0,,0.0,0,1937.0,B01,138Â 300Â 797,1.0,-1.0,-1.0,1641065,1.0,7,,0.0,2.0,1.0,B01,138Â 300Â 797,1.0
961498,201900003029,6,9,19:00,3,1,1,1.0,1.0,97210,Petite France,M,"14,5899170"," -60,8814790",972,2019,50.0,1.0,1.0,2.0,2148966,2.0,2,4,2,5.0,,0.0,0,1937.0,B01,138Â 300Â 797,1.0,-1.0,-1.0,1641066,2.0,7,,0.0,2.0,1.0,A01,138Â 300Â 800,1.0
961498,201900003029,6,9,19:00,3,1,1,1.0,1.0,97210,Petite France,M,"14,5899170"," -60,8814790",972,2019,50.0,1.0,1.0,2.0,2148967,1.0,1,4,2,5.0,,0.0,0,1941.0,B01,138Â 300Â 797,1.0,-1.0,-1.0,1641065,1.0,7,,0.0,2.0,1.0,B01,138Â 300Â 797,1.0
961498,201900003029,6,9,19:00,3,1,1,1.0,1.0,97210,Petite France,M,"14,5899170"," -60,8814790",972,2019,50.0,1.0,1.0,2.0,2148967,1.0,1,4,2,5.0,,0.0,0,1941.0,B01,138Â 300Â 797,1.0,-1.0,-1.0,1641066,2.0,7,,0.0,2.0,1.0,A01,138Â 300Â 800,1.0
961498,201900003029,6,9,19:00,3,1,1,1.0,1.0,97210,Petite France,M,"14,5899170"," -60,8814790",972,2019,50.0,1.0,1.0,2.0,2148968,1.0,1,3,1,5.0,,0.0,0,1965.0,A01,138Â 300Â 800,1.0,-1.0,-1.0,1641065,1.0,7,,0.0,2.0,1.0,B01,138Â 300Â 797,1.0
961498,201900003029,6,9,19:00,3,1,1,1.0,1.0,97210,Petite France,M,"14,5899170"," -60,8814790",972,2019,50.0,1.0,1.0,2.0,2148968,1.0,1,3,1,5.0,,0.0,0,1965.0,A01,138Â 300Â 800,1.0,-1.0,-1.0,1641066,2.0,7,,0.0,2.0,1.0,A01,138Â 300Â 800,1.0
961499,201900003030,6,9,00:15,4,1,1,2.0,6.0,97232,Beaujolais,M,"14,5209370"," -60,8607410",972,2019,-1.0,3.0,2.0,3.0,2148969,1.0,1,3,1,5.0,,0.0,0,1971.0,A01,138Â 300Â 793,0.0,-1.0,-1.0,1641067,1.0,7,,2.0,0.0,1.0,A01,138Â 300Â 793,1.0
961500,201900003031,8,13,13:45,1,1,1,1.0,2.0,61156,D42 entre Essay et le Mele Sur Sarthe,M,"48,5348800","0,2693650",61,2019,80.0,1.0,1.0,3.0,2148970,1.0,1,3,1,0.0,,0.0,0,1997.0,A01,138Â 300Â 792,2.0,6.0,9.0,1641068,1.0,33,,0.0,2.0,1.0,A01,138Â 300Â 792,1.0
961500,201900003031,8,13,13:45,1,1,1,1.0,2.0,61156,D42 entre Essay et le Mele Sur Sarthe,M,"48,5348800","0,2693650",61,2019,80.0,1.0,1.0,3.0,2148970,1.0,1,3,1,0.0,,0.0,0,1997.0,A01,138Â 300Â 792,2.0,6.0,9.0,1641069,1.0,7,,0.0,2.0,4.0,B01,138Â 300Â 795,1.0
961500,201900003031,8,13,13:45,1,1,1,1.0,2.0,61156,D42 entre Essay et le Mele Sur Sarthe,M,"48,5348800","0,2693650",61,2019,80.0,1.0,1.0,3.0,2148971,1.0,1,1,1,1.0,,0.0,0,1962.0,B01,138Â 300Â 795,1.0,-1.0,-1.0,1641068,1.0,33,,0.0,2.0,1.0,A01,138Â 300Â 792,1.0
961500,201900003031,8,13,13:45,1,1,1,1.0,2.0,61156,D42 entre Essay et le Mele Sur Sarthe,M,"48,5348800","0,2693650",61,2019,80.0,1.0,1.0,3.0,2148971,1.0,1,1,1,1.0,,0.0,0,1962.0,B01,138Â 300Â 795,1.0,-1.0,-1.0,1641069,1.0,7,,0.0,2.0,4.0,B01,138Â 300Â 795,1.0
961501,201900003032,8,14,15:00,1,1,1,1.0,6.0,55334,RN4 sens PARIS - NANCY au PK : 44+120,M,"48,7047910","5,5246350",55,2019,110.0,8.0,1.0,2.0,2148972,1.0,1,2,1,9.0,,0.0,0,1939.0,A01,138Â 300Â 790,1.0,-1.0,-1.0,1641070,1.0,7,,6.0,0.0,1.0,A01,138Â 300Â 790,1.0
961501,201900003032,8,14,15:00,1,1,1,1.0,6.0,55334,RN4 sens PARIS - NANCY au PK : 44+120,M,"48,7047910","5,5246350",55,2019,110.0,8.0,1.0,2.0,2148973,2.0,2,3,2,9.0,,0.0,0,1963.0,A01,138Â 300Â 790,1.0,-1.0,-1.0,1641070,1.0,7,,6.0,0.0,1.0,A01,138Â 300Â 790,1.0
961502,201900003033,6,5,17:50,1,1,1,1.0,1.0,97210,Cotonnerie Sud,M,"14,6064190"," -60,9095360",972,2019,80.0,1.0,1.0,3.0,2148974,1.0,1,1,1,4.0,,0.0,0,1959.0,B01,138Â 300Â 789,1.0,-1.0,-1.0,1641071,2.0,38,1.0,0.0,2.0,3.0,B01,138Â 300Â 789,1.0
961502,201900003033,6,5,17:50,1,1,1,1.0,1.0,97210,Cotonnerie Sud,M,"14,6064190"," -60,9095360",972,2019,80.0,1.0,1.0,3.0,2148974,1.0,1,1,1,4.0,,0.0,0,1959.0,B01,138Â 300Â 789,1.0,-1.0,-1.0,1641072,1.0,7,,0.0,2.0,1.0,A01,138Â 300Â 791,1.0
961502,201900003033,6,5,17:50,1,1,1,1.0,1.0,97210,Cotonnerie Sud,M,"14,6064190"," -60,9095360",972,2019,80.0,1.0,1.0,3.0,2148975,1.0,1,4,2,5.0,,0.0,0,1973.0,A01,138Â 300Â 791,1.0,-1.0,-1.0,1641071,2.0,38,1.0,0.0,2.0,3.0,B01,138Â 300Â 789,1.0
961502,201900003033,6,5,17:50,1,1,1,1.0,1.0,97210,Cotonnerie Sud,M,"14,6064190"," -60,9095360",972,2019,80.0,1.0,1.0,3.0,2148975,1.0,1,4,2,5.0,,0.0,0,1973.0,A01,138Â 300Â 791,1.0,-1.0,-1.0,1641072,1.0,7,,0.0,2.0,1.0,A01,138Â 300Â 791,1.0
961502,201900003033,6,5,17:50,1,1,1,1.0,1.0,97210,Cotonnerie Sud,M,"14,6064190"," -60,9095360",972,2019,80.0,1.0,1.0,3.0,2148976,2.0,2,3,2,5.0,,0.0,0,1949.0,A01,138Â 300Â 791,1.0,-1.0,-1.0,1641071,2.0,38,1.0,0.0,2.0,3.0,B01,138Â 300Â 789,1.0
961502,201900003033,6,5,17:50,1,1,1,1.0,1.0,97210,Cotonnerie Sud,M,"14,6064190"," -60,9095360",972,2019,80.0,1.0,1.0,3.0,2148976,2.0,2,3,2,5.0,,0.0,0,1949.0,A01,138Â 300Â 791,1.0,-1.0,-1.0,1641072,1.0,7,,0.0,2.0,1.0,A01,138Â 300Â 791,1.0
961503,201900003034,8,14,19:10,1,1,1,1.0,6.0,12004,RD 508,M,"44,6053920","2,2888530",12,2019,80.0,1.0,1.0,3.0,2148977,1.0,1,3,1,4.0,,0.0,0,1976.0,A01,138Â 300Â 788,1.0,-1.0,-1.0,1641073,1.0,7,,13.0,0.0,9.0,A01,138Â 300Â 788,1.0
961504,201900003035,6,9,15:50,1,2,1,1.0,6.0,62078,1250 Rue du Camp du Drap d'Or,M,"50,8599020","1,9435660",62,2019,50.0,1.0,2.0,3.0,2148978,1.0,1,3,1,5.0,,0.0,0,1976.0,A01,138Â 300Â 787,2.0,6.0,-1.0,1641074,1.0,33,,12.0,0.0,7.0,A01,138Â 300Â 787,1.0
961505,201900003036,8,15,07:55,1,1,2,2.0,3.0,12239,RD 45 - PK 13+322,M,"44,4290190","2,9628180",12,2019,80.0,1.0,1.0,3.0,2148979,1.0,1,1,1,5.0,,0.0,0,1950.0,A01,138Â 300Â 785,8.0,-1.0,-1.0,1641075,1.0,7,,0.0,9.0,2.0,A01,138Â 300Â 785,1.0
961505,201900003036,8,15,07:55,1,1,2,2.0,3.0,12239,RD 45 - PK 13+322,M,"44,4290190","2,9628180",12,2019,80.0,1.0,1.0,3.0,2148979,1.0,1,1,1,5.0,,0.0,0,1950.0,A01,138Â 300Â 785,8.0,-1.0,-1.0,1641076,2.0,1,,0.0,2.0,1.0,B01,138Â 300Â 786,5.0
961505,201900003036,8,15,07:55,1,1,2,2.0,3.0,12239,RD 45 - PK 13+322,M,"44,4290190","2,9628180",12,2019,80.0,1.0,1.0,3.0,2148980,1.0,1,2,1,5.0,,0.0,0,1952.0,B01,138Â 300Â 786,2.0,-1.0,-1.0,1641075,1.0,7,,0.0,9.0,2.0,A01,138Â 300Â 785,1.0
961505,201900003036,8,15,07:55,1,1,2,2.0,3.0,12239,RD 45 - PK 13+322,M,"44,4290190","2,9628180",12,2019,80.0,1.0,1.0,3.0,2148980,1.0,1,2,1,5.0,,0.0,0,1952.0,B01,138Â 300Â 786,2.0,-1.0,-1.0,1641076,2.0,1,,0.0,2.0,1.0,B01,138Â 300Â 786,5.0
961506,201900003037,6,14,14:25,1,1,1,1.0,7.0,27278,D836,M,"48,9027390","1,4484560",27,2019,80.0,3.0,1.0,3.0,2148981,1.0,1,1,2,3.0,,0.0,0,1994.0,A01,138Â 300Â 784,1.0,-1.0,-1.0,1641077,1.0,7,,13.0,0.0,2.0,A01,138Â 300Â 784,1.0
961506,201900003037,6,14,14:25,1,1,1,1.0,7.0,27278,D836,M,"48,9027390","1,4484560",27,2019,80.0,3.0,1.0,3.0,2148982,9.0,2,3,2,3.0,,0.0,0,1999.0,A01,138Â 300Â 784,1.0,-1.0,-1.0,1641077,1.0,7,,13.0,0.0,2.0,A01,138Â 300Â 784,1.0
961506,201900003037,6,14,14:25,1,1,1,1.0,7.0,27278,D836,M,"48,9027390","1,4484560",27,2019,80.0,3.0,1.0,3.0,2148983,3.0,2,1,1,3.0,,0.0,0,2018.0,A01,138Â 300Â 784,3.0,-1.0,-1.0,1641077,1.0,7,,13.0,0.0,2.0,A01,138Â 300Â 784,1.0
961507,201900003038,6,8,06:30,1,1,1,1.0,6.0,11041,la tuilerie,M,"43,3082330","2,8603150",11,2019,80.0,3.0,1.0,3.0,2148984,1.0,1,3,1,5.0,,0.0,0,1992.0,A01,138Â 300Â 783,1.0,-1.0,-1.0,1641078,2.0,7,,10.0,0.0,3.0,A01,138Â 300Â 783,1.0
961508,201900003039,8,15,11:10,1,1,1,1.0,1.0,12238,D911  PR 021+460,M,"44,2362100","2,9779460",12,2019,80.0,1.0,1.0,3.0,2148985,8.0,2,4,2,5.0,,0.0,0,2013.0,A01,138Â 300Â 781,0.0,-1.0,-1.0,1641079,1.0,7,,0.0,2.0,1.0,A01,138Â 300Â 781,1.0
961508,201900003039,8,15,11:10,1,1,1,1.0,1.0,12238,D911  PR 021+460,M,"44,2362100","2,9779460",12,2019,80.0,1.0,1.0,3.0,2148985,8.0,2,4,2,5.0,,0.0,0,2013.0,A01,138Â 300Â 781,0.0,-1.0,-1.0,1641080,2.0,7,,0.0,2.0,1.0,B01,138Â 300Â 782,1.0
961508,201900003039,8,15,11:10,1,1,1,1.0,1.0,12238,D911  PR 021+460,M,"44,2362100","2,9779460",12,2019,80.0,1.0,1.0,3.0,2148986,7.0,2,4,2,5.0,,0.0,0,2016.0,A01,138Â 300Â 781,0.0,-1.0,-1.0,1641079,1.0,7,,0.0,2.0,1.0,A01,138Â 300Â 781,1.0
961508,201900003039,8,15,11:10,1,1,1,1.0,1.0,12238,D911  PR 021+460,M,"44,2362100","2,9779460",12,2019,80.0,1.0,1.0,3.0,2148986,7.0,2,4,2,5.0,,0.0,0,2016.0,A01,138Â 300Â 781,0.0,-1.0,-1.0,1641080,2.0,7,,0.0,2.0,1.0,B01,138Â 300Â 782,1.0
961508,201900003039,8,15,11:10,1,1,1,1.0,1.0,12238,D911  PR 021+460,M,"44,2362100","2,9779460",12,2019,80.0,1.0,1.0,3.0,2148987,1.0,1,4,2,5.0,,0.0,0,1967.0,A01,138Â 300Â 781,1.0,-1.0,-1.0,1641079,1.0,7,,0.0,2.0,1.0,A01,138Â 300Â 781,1.0
961508,201900003039,8,15,11:10,1,1,1,1.0,1.0,12238,D911  PR 021+460,M,"44,2362100","2,9779460",12,2019,80.0,1.0,1.0,3.0,2148987,1.0,1,4,2,5.0,,0.0,0,1967.0,A01,138Â 300Â 781,1.0,-1.0,-1.0,1641080,2.0,7,,0.0,2.0,1.0,B01,138Â 300Â 782,1.0
961508,201900003039,8,15,11:10,1,1,1,1.0,1.0,12238,D911  PR 021+460,M,"44,2362100","2,9779460",12,2019,80.0,1.0,1.0,3.0,2148988,1.0,1,3,1,5.0,,0.0,0,1961.0,B01,138Â 300Â 782,1.0,-1.0,-1.0,1641079,1.0,7,,0.0,2.0,1.0,A01,138Â 300Â 781,1.0
961508,201900003039,8,15,11:10,1,1,1,1.0,1.0,12238,D911  PR 021+460,M,"44,2362100","2,9779460",12,2019,80.0,1.0,1.0,3.0,2148988,1.0,1,3,1,5.0,,0.0,0,1961.0,B01,138Â 300Â 782,1.0,-1.0,-1.0,1641080,2.0,7,,0.0,2.0,1.0,B01,138Â 300Â 782,1.0
961508,201900003039,8,15,11:10,1,1,1,1.0,1.0,12238,D911  PR 021+460,M,"44,2362100","2,9779460",12,2019,80.0,1.0,1.0,3.0,2148989,2.0,2,4,1,5.0,,0.0,0,1996.0,B01,138Â 300Â 782,1.0,-1.0,-1.0,1641079,1.0,7,,0.0,2.0,1.0,A01,138Â 300Â 781,1.0
961508,201900003039,8,15,11:10,1,1,1,1.0,1.0,12238,D911  PR 021+460,M,"44,2362100","2,9779460",12,2019,80.0,1.0,1.0,3.0,2148989,2.0,2,4,1,5.0,,0.0,0,1996.0,B01,138Â 300Â 782,1.0,-1.0,-1.0,1641080,2.0,7,,0.0,2.0,1.0,B01,138Â 300Â 782,1.0
961508,201900003039,8,15,11:10,1,1,1,1.0,1.0,12238,D911  PR 021+460,M,"44,2362100","2,9779460",12,2019,80.0,1.0,1.0,3.0,2148990,9.0,2,4,2,5.0,,0.0,0,1968.0,B01,138Â 300Â 782,1.0,-1.0,-1.0,1641079,1.0,7,,0.0,2.0,1.0,A01,138Â 300Â 781,1.0
961508,201900003039,8,15,11:10,1,1,1,1.0,1.0,12238,D911  PR 021+460,M,"44,2362100","2,9779460",12,2019,80.0,1.0,1.0,3.0,2148990,9.0,2,4,2,5.0,,0.0,0,1968.0,B01,138Â 300Â 782,1.0,-1.0,-1.0,1641080,2.0,7,,0.0,2.0,1.0,B01,138Â 300Â 782,1.0
961509,201900003040,8,13,19:50,1,1,1,1.0,5.0,12120,RN 88 - PK 25+800,M,"44,3844030","2,8081300",12,2019,80.0,1.0,1.0,2.0,2148991,1.0,1,1,1,5.0,,0.0,0,1996.0,C01,138Â 300Â 777,1.0,-1.0,-1.0,1641081,1.0,7,,0.0,2.0,8.0,C01,138Â 300Â 777,1.0
961509,201900003040,8,13,19:50,1,1,1,1.0,5.0,12120,RN 88 - PK 25+800,M,"44,3844030","2,8081300",12,2019,80.0,1.0,1.0,2.0,2148991,1.0,1,1,1,5.0,,0.0,0,1996.0,C01,138Â 300Â 777,1.0,-1.0,-1.0,1641082,1.0,7,,0.0,2.0,8.0,B01,138Â 300Â 778,1.0
961509,201900003040,8,13,19:50,1,1,1,1.0,5.0,12120,RN 88 - PK 25+800,M,"44,3844030","2,8081300",12,2019,80.0,1.0,1.0,2.0,2148991,1.0,1,1,1,5.0,,0.0,0,1996.0,C01,138Â 300Â 777,1.0,-1.0,-1.0,1641083,2.0,7,,0.0,2.0,8.0,A01,138Â 300Â 779,1.0
961509,201900003040,8,13,19:50,1,1,1,1.0,5.0,12120,RN 88 - PK 25+800,M,"44,3844030","2,8081300",12,2019,80.0,1.0,1.0,2.0,2148992,9.0,2,1,2,5.0,,0.0,0,1998.0,C01,138Â 300Â 777,1.0,-1.0,-1.0,1641081,1.0,7,,0.0,2.0,8.0,C01,138Â 300Â 777,1.0
961509,201900003040,8,13,19:50,1,1,1,1.0,5.0,12120,RN 88 - PK 25+800,M,"44,3844030","2,8081300",12,2019,80.0,1.0,1.0,2.0,2148992,9.0,2,1,2,5.0,,0.0,0,1998.0,C01,138Â 300Â 777,1.0,-1.0,-1.0,1641082,1.0,7,,0.0,2.0,8.0,B01,138Â 300Â 778,1.0
961509,201900003040,8,13,19:50,1,1,1,1.0,5.0,12120,RN 88 - PK 25+800,M,"44,3844030","2,8081300",12,2019,80.0,1.0,1.0,2.0,2148992,9.0,2,1,2,5.0,,0.0,0,1998.0,C01,138Â 300Â 777,1.0,-1.0,-1.0,1641083,2.0,7,,0.0,2.0,8.0,A01,138Â 300Â 779,1.0
961509,201900003040,8,13,19:50,1,1,1,1.0,5.0,12120,RN 88 - PK 25+800,M,"44,3844030","2,8081300",12,2019,80.0,1.0,1.0,2.0,2148993,2.0,2,1,2,5.0,,0.0,0,1998.0,C01,138Â 300Â 777,1.0,-1.0,-1.0,1641081,1.0,7,,0.0,2.0,8.0,C01,138Â 300Â 777,1.0
961509,201900003040,8,13,19:50,1,1,1,1.0,5.0,12120,RN 88 - PK 25+800,M,"44,3844030","2,8081300",12,2019,80.0,1.0,1.0,2.0,2148993,2.0,2,1,2,5.0,,0.0,0,1998.0,C01,138Â 300Â 777,1.0,-1.0,-1.0,1641082,1.0,7,,0.0,2.0,8.0,B01,138Â 300Â 778,1.0
961509,201900003040,8,13,19:50,1,1,1,1.0,5.0,12120,RN 88 - PK 25+800,M,"44,3844030","2,8081300",12,2019,80.0,1.0,1.0,2.0,2148993,2.0,2,1,2,5.0,,0.0,0,1998.0,C01,138Â 300Â 777,1.0,-1.0,-1.0,1641083,2.0,7,,0.0,2.0,8.0,A01,138Â 300Â 779,1.0
961509,201900003040,8,13,19:50,1,1,1,1.0,5.0,12120,RN 88 - PK 25+800,M,"44,3844030","2,8081300",12,2019,80.0,1.0,1.0,2.0,2148994,2.0,2,1,1,5.0,,0.0,0,1953.0,B01,138Â 300Â 778,1.0,-1.0,-1.0,1641081,1.0,7,,0.0,2.0,8.0,C01,138Â 300Â 777,1.0
961509,201900003040,8,13,19:50,1,1,1,1.0,5.0,12120,RN 88 - PK 25+800,M,"44,3844030","2,8081300",12,2019,80.0,1.0,1.0,2.0,2148994,2.0,2,1,1,5.0,,0.0,0,1953.0,B01,138Â 300Â 778,1.0,-1.0,-1.0,1641082,1.0,7,,0.0,2.0,8.0,B01,138Â 300Â 778,1.0
961509,201900003040,8,13,19:50,1,1,1,1.0,5.0,12120,RN 88 - PK 25+800,M,"44,3844030","2,8081300",12,2019,80.0,1.0,1.0,2.0,2148994,2.0,2,1,1,5.0,,0.0,0,1953.0,B01,138Â 300Â 778,1.0,-1.0,-1.0,1641083,2.0,7,,0.0,2.0,8.0,A01,138Â 300Â 779,1.0
961509,201900003040,8,13,19:50,1,1,1,1.0,5.0,12120,RN 88 - PK 25+800,M,"44,3844030","2,8081300",12,2019,80.0,1.0,1.0,2.0,2148995,1.0,1,1,1,5.0,,0.0,0,1952.0,B01,138Â 300Â 778,1.0,-1.0,-1.0,1641081,1.0,7,,0.0,2.0,8.0,C01,138Â 300Â 777,1.0
961509,201900003040,8,13,19:50,1,1,1,1.0,5.0,12120,RN 88 - PK 25+800,M,"44,3844030","2,8081300",12,2019,80.0,1.0,1.0,2.0,2148995,1.0,1,1,1,5.0,,0.0,0,1952.0,B01,138Â 300Â 778,1.0,-1.0,-1.0,1641082,1.0,7,,0.0,2.0,8.0,B01,138Â 300Â 778,1.0
961509,201900003040,8,13,19:50,1,1,1,1.0,5.0,12120,RN 88 - PK 25+800,M,"44,3844030","2,8081300",12,2019,80.0,1.0,1.0,2.0,2148995,1.0,1,1,1,5.0,,0.0,0,1952.0,B01,138Â 300Â 778,1.0,-1.0,-1.0,1641083,2.0,7,,0.0,2.0,8.0,A01,138Â 300Â 779,1.0
961509,201900003040,8,13,19:50,1,1,1,1.0,5.0,12120,RN 88 - PK 25+800,M,"44,3844030","2,8081300",12,2019,80.0,1.0,1.0,2.0,2148996,1.0,1,4,1,0.0,,0.0,0,1981.0,A01,138Â 300Â 779,8.0,-1.0,-1.0,1641081,1.0,7,,0.0,2.0,8.0,C01,138Â 300Â 777,1.0
961509,201900003040,8,13,19:50,1,1,1,1.0,5.0,12120,RN 88 - PK 25+800,M,"44,3844030","2,8081300",12,2019,80.0,1.0,1.0,2.0,2148996,1.0,1,4,1,0.0,,0.0,0,1981.0,A01,138Â 300Â 779,8.0,-1.0,-1.0,1641082,1.0,7,,0.0,2.0,8.0,B01,138Â 300Â 778,1.0
961509,201900003040,8,13,19:50,1,1,1,1.0,5.0,12120,RN 88 - PK 25+800,M,"44,3844030","2,8081300",12,2019,80.0,1.0,1.0,2.0,2148996,1.0,1,4,1,0.0,,0.0,0,1981.0,A01,138Â 300Â 779,8.0,-1.0,-1.0,1641083,2.0,7,,0.0,2.0,8.0,A01,138Â 300Â 779,1.0
961510,201900003041,10,21,09:20,1,2,3,1.0,3.0,35238,LECLERC (AVENUE DU GENERAL),M,"48,1138900"," -1,6397900",35,2019,30.0,1.0,1.0,4.0,2148997,1.0,1,2,1,0.0,,-1.0, -1,1983.0,B01,138Â 300Â 794,8.0,0.0,-1.0,1641084,3.0,1,,0.0,2.0,1.0,B01,138Â 300Â 794,5.0
961510,201900003041,10,21,09:20,1,2,3,1.0,3.0,35238,LECLERC (AVENUE DU GENERAL),M,"48,1138900"," -1,6397900",35,2019,30.0,1.0,1.0,4.0,2148997,1.0,1,2,1,0.0,,-1.0, -1,1983.0,B01,138Â 300Â 794,8.0,0.0,-1.0,1641085,3.0,37,3.0,0.0,6.0,2.0,A01,138Â 300Â 796,1.0
961510,201900003041,10,21,09:20,1,2,3,1.0,3.0,35238,LECLERC (AVENUE DU GENERAL),M,"48,1138900"," -1,6397900",35,2019,30.0,1.0,1.0,4.0,2148998,1.0,1,1,2,4.0,,-1.0,0,1968.0,A01,138Â 300Â 796,1.0,0.0,-1.0,1641084,3.0,1,,0.0,2.0,1.0,B01,138Â 300Â 794,5.0
961510,201900003041,10,21,09:20,1,2,3,1.0,3.0,35238,LECLERC (AVENUE DU GENERAL),M,"48,1138900"," -1,6397900",35,2019,30.0,1.0,1.0,4.0,2148998,1.0,1,1,2,4.0,,-1.0,0,1968.0,A01,138Â 300Â 796,1.0,0.0,-1.0,1641085,3.0,37,3.0,0.0,6.0,2.0,A01,138Â 300Â 796,1.0
961510,201900003041,10,21,09:20,1,2,3,1.0,3.0,35238,LECLERC (AVENUE DU GENERAL),M,"48,1138900"," -1,6397900",35,2019,30.0,1.0,1.0,4.0,2148999,8.0,2,4,2,9.0,,-1.0,0,1972.0,A01,138Â 300Â 796,8.0,0.0,-1.0,1641084,3.0,1,,0.0,2.0,1.0,B01,138Â 300Â 794,5.0
961510,201900003041,10,21,09:20,1,2,3,1.0,3.0,35238,LECLERC (AVENUE DU GENERAL),M,"48,1138900"," -1,6397900",35,2019,30.0,1.0,1.0,4.0,2148999,8.0,2,4,2,9.0,,-1.0,0,1972.0,A01,138Â 300Â 796,8.0,0.0,-1.0,1641085,3.0,37,3.0,0.0,6.0,2.0,A01,138Â 300Â 796,1.0
961510,201900003041,10,21,09:20,1,2,3,1.0,3.0,35238,LECLERC (AVENUE DU GENERAL),M,"48,1138900"," -1,6397900",35,2019,30.0,1.0,1.0,4.0,2149000,8.0,2,4,2,1.0,,-1.0,0,1970.0,A01,138Â 300Â 796,8.0,0.0,-1.0,1641084,3.0,1,,0.0,2.0,1.0,B01,138Â 300Â 794,5.0
961510,201900003041,10,21,09:20,1,2,3,1.0,3.0,35238,LECLERC (AVENUE DU GENERAL),M,"48,1138900"," -1,6397900",35,2019,30.0,1.0,1.0,4.0,2149000,8.0,2,4,2,1.0,,-1.0,0,1970.0,A01,138Â 300Â 796,8.0,0.0,-1.0,1641085,3.0,37,3.0,0.0,6.0,2.0,A01,138Â 300Â 796,1.0
961511,201900003042,6,1,01:30,3,1,1,1.0,6.0,11077,Avenue des CorbiÃ¨res,M,"43,2314680","2,6753460",11,2019,80.0,3.0,1.0,3.0,2149001,1.0,1,2,1,5.0,,0.0,0,1969.0,A01,138Â 300Â 780,2.0,-1.0,-1.0,1641086,1.0,32,,2.0,0.0,1.0,A01,138Â 300Â 780,1.0
961512,201900003043,10,22,09:10,1,2,1,2.0,6.0,34172,SAINT LAZARE (AVENUE DE),M,"43,6191600","3,8865800",34,2019,50.0,1.0,2.0,4.0,2149002,10.0,3,4,2,5.0,,3.0,3,1963.0,A01,138Â 300Â 774,8.0,0.0,-1.0,1641087,1.0,7,,0.0,1.0,1.0,A01,138Â 300Â 774,1.0
961512,201900003043,10,22,09:10,1,2,1,2.0,6.0,34172,SAINT LAZARE (AVENUE DE),M,"43,6191600","3,8865800",34,2019,50.0,1.0,2.0,4.0,2149003,1.0,1,1,2,5.0,,0.0,0,1960.0,A01,138Â 300Â 774,1.0,0.0,-1.0,1641087,1.0,7,,0.0,1.0,1.0,A01,138Â 300Â 774,1.0
961513,201900003044,8,15,03:45,3,1,8,1.0,1.0,42081,Route Bellegarde,M,"45,6200030","4,2694120",42,2019,70.0,1.0,1.0,4.0,2149004,2.0,2,4,1,5.0,,0.0,0,2001.0,A01,138Â 300Â 775,1.0,-1.0,-1.0,1641088,3.0,7,,0.0,2.0,1.0,A01,138Â 300Â 775,1.0