Unnamed: 0_x,num_acc,mois,jour,hrmn,lum,agg,int,atm,col,com,adr,gps,lat,long,dep,annee,vma,situ,surf,catr,Unnamed: 0_y,place,catu,grav,sexe,trajet,secu,locp,actp,an_nais,num_veh_x,id_vehicule_x,secu1,secu2,secu3,Unnamed: 0,senc,catv,occutc,obs,obsm,choc,num_veh_y,id_vehicule_y,motor
961513,201900003044,8,15,03:45,3,1,8,1.0,1.0,42081,Route Bellegarde,M,"45,6200030","4,2694120",42,2019,70.0,1.0,1.0,4.0,2149004,2.0,2,4,1,5.0,,0.0,0,2001.0,A01,138Â 300Â 775,1.0,-1.0,-1.0,1641089,3.0,7,,0.0,2.0,1.0,B01,138Â 300Â 776,1.0
961513,201900003044,8,15,03:45,3,1,8,1.0,1.0,42081,Route Bellegarde,M,"45,6200030","4,2694120",42,2019,70.0,1.0,1.0,4.0,2149005,1.0,1,4,1,5.0,,0.0,0,2001.0,A01,138Â 300Â 775,1.0,-1.0,-1.0,1641088,3.0,7,,0.0,2.0,1.0,A01,138Â 300Â 775,1.0
961513,201900003044,8,15,03:45,3,1,8,1.0,1.0,42081,Route Bellegarde,M,"45,6200030","4,2694120",42,2019,70.0,1.0,1.0,4.0,2149005,1.0,1,4,1,5.0,,0.0,0,2001.0,A01,138Â 300Â 775,1.0,-1.0,-1.0,1641089,3.0,7,,0.0,2.0,1.0,B01,138Â 300Â 776,1.0
961513,201900003044,8,15,03:45,3,1,8,1.0,1.0,42081,Route Bellegarde,M,"45,6200030","4,2694120",42,2019,70.0,1.0,1.0,4.0,2149006,2.0,2,3,2,5.0,,0.0,0,1998.0,B01,138Â 300Â 776,1.0,-1.0,-1.0,1641088,3.0,7,,0.0,2.0,1.0,A01,138Â 300Â 775,1.0
961513,201900003044,8,15,03:45,3,1,8,1.0,1.0,42081,Route Bellegarde,M,"45,6200030","4,2694120",42,2019,70.0,1.0,1.0,4.0,2149006,2.0,2,3,2,5.0,,0.0,0,1998.0,B01,138Â 300Â 776,1.0,-1.0,-1.0,1641089,3.0,7,,0.0,2.0,1.0,B01,138Â 300Â 776,1.0
961513,201900003044,8,15,03:45,3,1,8,1.0,1.0,42081,Route Bellegarde,M,"45,6200030","4,2694120",42,2019,70.0,1.0,1.0,4.0,2149007,1.0,1,1,1,5.0,,0.0,0,2000.0,B01,138Â 300Â 776,1.0,-1.0,-1.0,1641088,3.0,7,,0.0,2.0,1.0,A01,138Â 300Â 775,1.0
961513,201900003044,8,15,03:45,3,1,8,1.0,1.0,42081,Route Bellegarde,M,"45,6200030","4,2694120",42,2019,70.0,1.0,1.0,4.0,2149007,1.0,1,1,1,5.0,,0.0,0,2000.0,B01,138Â 300Â 776,1.0,-1.0,-1.0,1641089,3.0,7,,0.0,2.0,1.0,B01,138Â 300Â 776,1.0
961513,201900003044,8,15,03:45,3,1,8,1.0,1.0,42081,Route Bellegarde,M,"45,6200030","4,2694120",42,2019,70.0,1.0,1.0,4.0,2149008,7.0,2,4,1,5.0,,0.0,0,2000.0,B01,138Â 300Â 776,1.0,-1.0,-1.0,1641088,3.0,7,,0.0,2.0,1.0,A01,138Â 300Â 775,1.0
961513,201900003044,8,15,03:45,3,1,8,1.0,1.0,42081,Route Bellegarde,M,"45,6200030","4,2694120",42,2019,70.0,1.0,1.0,4.0,2149008,7.0,2,4,1,5.0,,0.0,0,2000.0,B01,138Â 300Â 776,1.0,-1.0,-1.0,1641089,3.0,7,,0.0,2.0,1.0,B01,138Â 300Â 776,1.0
961514,201900003045,6,8,15:45,1,1,1,1.0,2.0,84029,Route de JonquiÃ¨res,M,"44,1520630","4,8849160",84,2019,80.0,1.0,1.0,3.0,2149009,1.0,1,4,2,5.0,,0.0,0,1966.0,B01,138Â 300Â 772,2.0,-1.0,-1.0,1641090,1.0,1,,0.0,2.0,4.0,B01,138Â 300Â 772,5.0
961514,201900003045,6,8,15:45,1,1,1,1.0,2.0,84029,Route de JonquiÃ¨res,M,"44,1520630","4,8849160",84,2019,80.0,1.0,1.0,3.0,2149009,1.0,1,4,2,5.0,,0.0,0,1966.0,B01,138Â 300Â 772,2.0,-1.0,-1.0,1641091,1.0,7,,0.0,2.0,2.0,A01,138Â 300Â 773,1.0
961514,201900003045,6,8,15:45,1,1,1,1.0,2.0,84029,Route de JonquiÃ¨res,M,"44,1520630","4,8849160",84,2019,80.0,1.0,1.0,3.0,2149010,1.0,1,1,1,5.0,,0.0,0,1977.0,A01,138Â 300Â 773,1.0,-1.0,-1.0,1641090,1.0,1,,0.0,2.0,4.0,B01,138Â 300Â 772,5.0
961514,201900003045,6,8,15:45,1,1,1,1.0,2.0,84029,Route de JonquiÃ¨res,M,"44,1520630","4,8849160",84,2019,80.0,1.0,1.0,3.0,2149010,1.0,1,1,1,5.0,,0.0,0,1977.0,A01,138Â 300Â 773,1.0,-1.0,-1.0,1641091,1.0,7,,0.0,2.0,2.0,A01,138Â 300Â 773,1.0
961515,201900003046,6,8,20:20,2,1,9,1.0,6.0,26166,AUTOROUTE A7,M,"44,7588300","4,7942140",26,2019,50.0,2.0,1.0,1.0,2149011,1.0,1,3,1,5.0,,0.0,0,1968.0,A01,138Â 300Â 771,2.0,6.0,9.0,1641092,1.0,33,,3.0,0.0,3.0,A01,138Â 300Â 771,1.0
961516,201900003047,8,14,02:45,3,1,1,1.0,6.0,42100,Le Mazot,M,"45,5560710","4,4068700",42,2019,50.0,3.0,1.0,4.0,2149012,1.0,1,2,1,5.0,,0.0,0,1999.0,A01,138Â 300Â 768,1.0,-1.0,-1.0,1641093,3.0,7,,2.0,0.0,3.0,A01,138Â 300Â 768,1.0
961516,201900003047,8,14,02:45,3,1,1,1.0,6.0,42100,Le Mazot,M,"45,5560710","4,4068700",42,2019,50.0,3.0,1.0,4.0,2149013,2.0,2,4,1,5.0,,0.0,0,2001.0,A01,138Â 300Â 768,1.0,-1.0,-1.0,1641093,3.0,7,,2.0,0.0,3.0,A01,138Â 300Â 768,1.0
961517,201900003048,6,17,17:50,1,1,3,1.0,6.0,63248,Rue Charles de Gaulle,M,"45,7151394","2,9015869",63,2019,80.0,3.0,1.0,4.0,2149014,1.0,1,3,1,5.0,,0.0,0,1962.0,A01,138Â 300Â 769,1.0,-1.0,-1.0,1641094,0.0,7,,6.0,0.0,1.0,A01,138Â 300Â 769,1.0
961518,201900003049,10,20,19:25,3,1,1,1.0,5.0,34032,ROUTE DEPARTEMENTALE 612,M,"43,3562500","3,2499000",34,2019,80.0,1.0,1.0,3.0,2149015,2.0,2,1,1,5.0,,0.0,0,1989.0,A01,138Â 300Â 766,8.0,0.0,-1.0,1641095,1.0,7,,0.0,2.0,1.0,A01,138Â 300Â 766,1.0
961518,201900003049,10,20,19:25,3,1,1,1.0,5.0,34032,ROUTE DEPARTEMENTALE 612,M,"43,3562500","3,2499000",34,2019,80.0,1.0,1.0,3.0,2149015,2.0,2,1,1,5.0,,0.0,0,1989.0,A01,138Â 300Â 766,8.0,0.0,-1.0,1641096,2.0,7,,0.0,2.0,2.0,B01,138Â 300Â 767,1.0
961518,201900003049,10,20,19:25,3,1,1,1.0,5.0,34032,ROUTE DEPARTEMENTALE 612,M,"43,3562500","3,2499000",34,2019,80.0,1.0,1.0,3.0,2149015,2.0,2,1,1,5.0,,0.0,0,1989.0,A01,138Â 300Â 766,8.0,0.0,-1.0,1641097,1.0,7,,0.0,2.0,8.0,C01,138Â 300Â 770,1.0
961518,201900003049,10,20,19:25,3,1,1,1.0,5.0,34032,ROUTE DEPARTEMENTALE 612,M,"43,3562500","3,2499000",34,2019,80.0,1.0,1.0,3.0,2149016,1.0,1,1,2,5.0,,0.0,0,1967.0,A01,138Â 300Â 766,8.0,0.0,-1.0,1641095,1.0,7,,0.0,2.0,1.0,A01,138Â 300Â 766,1.0
961518,201900003049,10,20,19:25,3,1,1,1.0,5.0,34032,ROUTE DEPARTEMENTALE 612,M,"43,3562500","3,2499000",34,2019,80.0,1.0,1.0,3.0,2149016,1.0,1,1,2,5.0,,0.0,0,1967.0,A01,138Â 300Â 766,8.0,0.0,-1.0,1641096,2.0,7,,0.0,2.0,2.0,B01,138Â 300Â 767,1.0
961518,201900003049,10,20,19:25,3,1,1,1.0,5.0,34032,ROUTE DEPARTEMENTALE 612,M,"43,3562500","3,2499000",34,2019,80.0,1.0,1.0,3.0,2149016,1.0,1,1,2,5.0,,0.0,0,1967.0,A01,138Â 300Â 766,8.0,0.0,-1.0,1641097,1.0,7,,0.0,2.0,8.0,C01,138Â 300Â 770,1.0
961518,201900003049,10,20,19:25,3,1,1,1.0,5.0,34032,ROUTE DEPARTEMENTALE 612,M,"43,3562500","3,2499000",34,2019,80.0,1.0,1.0,3.0,2149017,3.0,2,3,1,5.0,,0.0,0,1957.0,B01,138Â 300Â 767,1.0,8.0,-1.0,1641095,1.0,7,,0.0,2.0,1.0,A01,138Â 300Â 766,1.0
961518,201900003049,10,20,19:25,3,1,1,1.0,5.0,34032,ROUTE DEPARTEMENTALE 612,M,"43,3562500","3,2499000",34,2019,80.0,1.0,1.0,3.0,2149017,3.0,2,3,1,5.0,,0.0,0,1957.0,B01,138Â 300Â 767,1.0,8.0,-1.0,1641096,2.0,7,,0.0,2.0,2.0,B01,138Â 300Â 767,1.0
961518,201900003049,10,20,19:25,3,1,1,1.0,5.0,34032,ROUTE DEPARTEMENTALE 612,M,"43,3562500","3,2499000",34,2019,80.0,1.0,1.0,3.0,2149017,3.0,2,3,1,5.0,,0.0,0,1957.0,B01,138Â 300Â 767,1.0,8.0,-1.0,1641097,1.0,7,,0.0,2.0,8.0,C01,138Â 300Â 770,1.0
961518,201900003049,10,20,19:25,3,1,1,1.0,5.0,34032,ROUTE DEPARTEMENTALE 612,M,"43,3562500","3,2499000",34,2019,80.0,1.0,1.0,3.0,2149018,2.0,2,3,2,5.0,,0.0,0,1953.0,B01,138Â 300Â 767,1.0,8.0,-1.0,1641095,1.0,7,,0.0,2.0,1.0,A01,138Â 300Â 766,1.0
961518,201900003049,10,20,19:25,3,1,1,1.0,5.0,34032,ROUTE DEPARTEMENTALE 612,M,"43,3562500","3,2499000",34,2019,80.0,1.0,1.0,3.0,2149018,2.0,2,3,2,5.0,,0.0,0,1953.0,B01,138Â 300Â 767,1.0,8.0,-1.0,1641096,2.0,7,,0.0,2.0,2.0,B01,138Â 300Â 767,1.0
961518,201900003049,10,20,19:25,3,1,1,1.0,5.0,34032,ROUTE DEPARTEMENTALE 612,M,"43,3562500","3,2499000",34,2019,80.0,1.0,1.0,3.0,2149018,2.0,2,3,2,5.0,,0.0,0,1953.0,B01,138Â 300Â 767,1.0,8.0,-1.0,1641097,1.0,7,,0.0,2.0,8.0,C01,138Â 300Â 770,1.0
961518,201900003049,10,20,19:25,3,1,1,1.0,5.0,34032,ROUTE DEPARTEMENTALE 612,M,"43,3562500","3,2499000",34,2019,80.0,1.0,1.0,3.0,2149019,1.0,1,3,2,5.0,,0.0,0,1965.0,B01,138Â 300Â 767,1.0,8.0,-1.0,1641095,1.0,7,,0.0,2.0,1.0,A01,138Â 300Â 766,1.0
961518,201900003049,10,20,19:25,3,1,1,1.0,5.0,34032,ROUTE DEPARTEMENTALE 612,M,"43,3562500","3,2499000",34,2019,80.0,1.0,1.0,3.0,2149019,1.0,1,3,2,5.0,,0.0,0,1965.0,B01,138Â 300Â 767,1.0,8.0,-1.0,1641096,2.0,7,,0.0,2.0,2.0,B01,138Â 300Â 767,1.0
961518,201900003049,10,20,19:25,3,1,1,1.0,5.0,34032,ROUTE DEPARTEMENTALE 612,M,"43,3562500","3,2499000",34,2019,80.0,1.0,1.0,3.0,2149019,1.0,1,3,2,5.0,,0.0,0,1965.0,B01,138Â 300Â 767,1.0,8.0,-1.0,1641097,1.0,7,,0.0,2.0,8.0,C01,138Â 300Â 770,1.0
961518,201900003049,10,20,19:25,3,1,1,1.0,5.0,34032,ROUTE DEPARTEMENTALE 612,M,"43,3562500","3,2499000",34,2019,80.0,1.0,1.0,3.0,2149020,1.0,1,4,2,5.0,,0.0,0,1961.0,C01,138Â 300Â 770,1.0,8.0,-1.0,1641095,1.0,7,,0.0,2.0,1.0,A01,138Â 300Â 766,1.0
961518,201900003049,10,20,19:25,3,1,1,1.0,5.0,34032,ROUTE DEPARTEMENTALE 612,M,"43,3562500","3,2499000",34,2019,80.0,1.0,1.0,3.0,2149020,1.0,1,4,2,5.0,,0.0,0,1961.0,C01,138Â 300Â 770,1.0,8.0,-1.0,1641096,2.0,7,,0.0,2.0,2.0,B01,138Â 300Â 767,1.0
961518,201900003049,10,20,19:25,3,1,1,1.0,5.0,34032,ROUTE DEPARTEMENTALE 612,M,"43,3562500","3,2499000",34,2019,80.0,1.0,1.0,3.0,2149020,1.0,1,4,2,5.0,,0.0,0,1961.0,C01,138Â 300Â 770,1.0,8.0,-1.0,1641097,1.0,7,,0.0,2.0,8.0,C01,138Â 300Â 770,1.0
961519,201900003050,8,14,10:20,1,1,1,1.0,1.0,47217,Marmounet RD 110,M,"44,1995710","0,7983640",47,2019,80.0,1.0,1.0,3.0,2149021,1.0,1,3,2,3.0,,0.0,0,1964.0,B01,138Â 300Â 763,8.0,-1.0,-1.0,1641098,1.0,7,,0.0,2.0,1.0,B01,138Â 300Â 763,1.0
961519,201900003050,8,14,10:20,1,1,1,1.0,1.0,47217,Marmounet RD 110,M,"44,1995710","0,7983640",47,2019,80.0,1.0,1.0,3.0,2149021,1.0,1,3,2,3.0,,0.0,0,1964.0,B01,138Â 300Â 763,8.0,-1.0,-1.0,1641099,2.0,7,,0.0,2.0,1.0,A01,138Â 300Â 765,1.0
961519,201900003050,8,14,10:20,1,1,1,1.0,1.0,47217,Marmounet RD 110,M,"44,1995710","0,7983640",47,2019,80.0,1.0,1.0,3.0,2149022,2.0,1,1,1,5.0,,0.0,0,1971.0,A01,138Â 300Â 765,1.0,-1.0,-1.0,1641098,1.0,7,,0.0,2.0,1.0,B01,138Â 300Â 763,1.0
961519,201900003050,8,14,10:20,1,1,1,1.0,1.0,47217,Marmounet RD 110,M,"44,1995710","0,7983640",47,2019,80.0,1.0,1.0,3.0,2149022,2.0,1,1,1,5.0,,0.0,0,1971.0,A01,138Â 300Â 765,1.0,-1.0,-1.0,1641099,2.0,7,,0.0,2.0,1.0,A01,138Â 300Â 765,1.0
961519,201900003050,8,14,10:20,1,1,1,1.0,1.0,47217,Marmounet RD 110,M,"44,1995710","0,7983640",47,2019,80.0,1.0,1.0,3.0,2149023,1.0,2,1,2,5.0,,0.0,0,1970.0,A01,138Â 300Â 765,1.0,-1.0,-1.0,1641098,1.0,7,,0.0,2.0,1.0,B01,138Â 300Â 763,1.0
961519,201900003050,8,14,10:20,1,1,1,1.0,1.0,47217,Marmounet RD 110,M,"44,1995710","0,7983640",47,2019,80.0,1.0,1.0,3.0,2149023,1.0,2,1,2,5.0,,0.0,0,1970.0,A01,138Â 300Â 765,1.0,-1.0,-1.0,1641099,2.0,7,,0.0,2.0,1.0,A01,138Â 300Â 765,1.0
961520,201900003051,7,26,16:30,1,1,1,1.0,6.0,41154,La Guizonniere,M,"47,9042230","1,2551800",41,2019,80.0,3.0,1.0,3.0,2149024,1.0,1,2,1,5.0,,0.0,0,1956.0,A01,138Â 300Â 761,1.0,-1.0,-1.0,1641100,1.0,7,,8.0,0.0,3.0,A01,138Â 300Â 761,1.0
961521,201900003052,6,12,15:40,1,2,4,1.0,1.0,63071,le bourg  RD68 t R52,M,"45,7674780","2,8974150",63,2019,50.0,1.0,1.0,3.0,2149025,1.0,1,4,2,5.0,,0.0,0,1973.0,B01,138Â 300Â 760,2.0,-1.0,-1.0,1641101,1.0,33,,0.0,2.0,1.0,B01,138Â 300Â 760,1.0
961521,201900003052,6,12,15:40,1,2,4,1.0,1.0,63071,le bourg  RD68 t R52,M,"45,7674780","2,8974150",63,2019,50.0,1.0,1.0,3.0,2149025,1.0,1,4,2,5.0,,0.0,0,1973.0,B01,138Â 300Â 760,2.0,-1.0,-1.0,1641102,1.0,7,,0.0,2.0,3.0,A01,138Â 300Â 764,1.0
961521,201900003052,6,12,15:40,1,2,4,1.0,1.0,63071,le bourg  RD68 t R52,M,"45,7674780","2,8974150",63,2019,50.0,1.0,1.0,3.0,2149026,1.0,1,1,1,5.0,,0.0,0,2001.0,A01,138Â 300Â 764,1.0,-1.0,-1.0,1641101,1.0,33,,0.0,2.0,1.0,B01,138Â 300Â 760,1.0
961521,201900003052,6,12,15:40,1,2,4,1.0,1.0,63071,le bourg  RD68 t R52,M,"45,7674780","2,8974150",63,2019,50.0,1.0,1.0,3.0,2149026,1.0,1,1,1,5.0,,0.0,0,2001.0,A01,138Â 300Â 764,1.0,-1.0,-1.0,1641102,1.0,7,,0.0,2.0,3.0,A01,138Â 300Â 764,1.0
961522,201900003053,8,15,01:45,5,2,1,1.0,6.0,34332,Avenue de la MÃ©diterranÃ©e,M,"43,2968800","3,4177440",34,2019,50.0,1.0,1.0,3.0,2149027,1.0,1,1,1,4.0,,0.0,0,1978.0,A01,138Â 300Â 759,1.0,-1.0,-1.0,1641103,0.0,7,,0.0,1.0,1.0,A01,138Â 300Â 759,1.0
961522,201900003053,8,15,01:45,5,2,1,1.0,6.0,34332,Avenue de la MÃ©diterranÃ©e,M,"43,2968800","3,4177440",34,2019,50.0,1.0,1.0,3.0,2149028,10.0,3,3,1,4.0,,4.0,5,2002.0,A01,138Â 300Â 759,0.0,-1.0,-1.0,1641103,0.0,7,,0.0,1.0,1.0,A01,138Â 300Â 759,1.0
961523,201900003054,10,20,02:52,5,2,1,3.0,2.0,33063,82 QUAI DES CHARTRONS,M,"44,8534800"," -0,5667000",33,2019,50.0,1.0,2.0,4.0,2149029,2.0,2,3,2,5.0,,-1.0,0,2001.0,B01,138Â 300Â 757,8.0,0.0,-1.0,1641104,1.0,50,,0.0,0.0,0.0,B01,138Â 300Â 757,3.0
961523,201900003054,10,20,02:52,5,2,1,3.0,2.0,33063,82 QUAI DES CHARTRONS,M,"44,8534800"," -0,5667000",33,2019,50.0,1.0,2.0,4.0,2149029,2.0,2,3,2,5.0,,-1.0,0,2001.0,B01,138Â 300Â 757,8.0,0.0,-1.0,1641105,1.0,7,,0.0,9.0,2.0,A01,138Â 300Â 758,4.0
961523,201900003054,10,20,02:52,5,2,1,3.0,2.0,33063,82 QUAI DES CHARTRONS,M,"44,8534800"," -0,5667000",33,2019,50.0,1.0,2.0,4.0,2149030,1.0,1,2,1,5.0,,-1.0,0,1994.0,B01,138Â 300Â 757,8.0,0.0,-1.0,1641104,1.0,50,,0.0,0.0,0.0,B01,138Â 300Â 757,3.0
961523,201900003054,10,20,02:52,5,2,1,3.0,2.0,33063,82 QUAI DES CHARTRONS,M,"44,8534800"," -0,5667000",33,2019,50.0,1.0,2.0,4.0,2149030,1.0,1,2,1,5.0,,-1.0,0,1994.0,B01,138Â 300Â 757,8.0,0.0,-1.0,1641105,1.0,7,,0.0,9.0,2.0,A01,138Â 300Â 758,4.0
961523,201900003054,10,20,02:52,5,2,1,3.0,2.0,33063,82 QUAI DES CHARTRONS,M,"44,8534800"," -0,5667000",33,2019,50.0,1.0,2.0,4.0,2149031,1.0,1,1,1,5.0,,-1.0,0,1992.0,A01,138Â 300Â 758,8.0,0.0,-1.0,1641104,1.0,50,,0.0,0.0,0.0,B01,138Â 300Â 757,3.0
961523,201900003054,10,20,02:52,5,2,1,3.0,2.0,33063,82 QUAI DES CHARTRONS,M,"44,8534800"," -0,5667000",33,2019,50.0,1.0,2.0,4.0,2149031,1.0,1,1,1,5.0,,-1.0,0,1992.0,A01,138Â 300Â 758,8.0,0.0,-1.0,1641105,1.0,7,,0.0,9.0,2.0,A01,138Â 300Â 758,4.0
961524,201900003055,7,22,08:45,1,2,1,1.0,7.0,34284,col de saint colombe,M,"43,4250860","2,7375340",34,2019,80.0,1.0,1.0,3.0,2149032,1.0,1,3,1,4.0,,0.0,0,1979.0,A01,138Â 300Â 756,1.0,-1.0,-1.0,1641106,1.0,15,,0.0,0.0,7.0,A01,138Â 300Â 756,1.0
961525,201900003056,5,30,20:00,1,2,2,1.0,4.0,63116,Avenue Ãtienne Clementel,M,"45,9827990","3,0880460",63,2019,50.0,1.0,1.0,3.0,2149033,2.0,2,1,1,1.0,,0.0,0,2001.0,A01,138Â 300Â 751,1.0,-1.0,-1.0,1641107,0.0,7,,0.0,2.0,1.0,A01,138Â 300Â 751,1.0
961525,201900003056,5,30,20:00,1,2,2,1.0,4.0,63116,Avenue Ãtienne Clementel,M,"45,9827990","3,0880460",63,2019,50.0,1.0,1.0,3.0,2149033,2.0,2,1,1,1.0,,0.0,0,2001.0,A01,138Â 300Â 751,1.0,-1.0,-1.0,1641108,1.0,7,,0.0,2.0,3.0,B01,138Â 300Â 754,1.0
961525,201900003056,5,30,20:00,1,2,2,1.0,4.0,63116,Avenue Ãtienne Clementel,M,"45,9827990","3,0880460",63,2019,50.0,1.0,1.0,3.0,2149033,2.0,2,1,1,1.0,,0.0,0,2001.0,A01,138Â 300Â 751,1.0,-1.0,-1.0,1641109,1.0,20,,0.0,2.0,7.0,C01,138Â 300Â 755,1.0
961525,201900003056,5,30,20:00,1,2,2,1.0,4.0,63116,Avenue Ãtienne Clementel,M,"45,9827990","3,0880460",63,2019,50.0,1.0,1.0,3.0,2149034,9.0,2,4,2,1.0,,0.0,0,2004.0,A01,138Â 300Â 751,1.0,-1.0,-1.0,1641107,0.0,7,,0.0,2.0,1.0,A01,138Â 300Â 751,1.0
961525,201900003056,5,30,20:00,1,2,2,1.0,4.0,63116,Avenue Ãtienne Clementel,M,"45,9827990","3,0880460",63,2019,50.0,1.0,1.0,3.0,2149034,9.0,2,4,2,1.0,,0.0,0,2004.0,A01,138Â 300Â 751,1.0,-1.0,-1.0,1641108,1.0,7,,0.0,2.0,3.0,B01,138Â 300Â 754,1.0
961525,201900003056,5,30,20:00,1,2,2,1.0,4.0,63116,Avenue Ãtienne Clementel,M,"45,9827990","3,0880460",63,2019,50.0,1.0,1.0,3.0,2149034,9.0,2,4,2,1.0,,0.0,0,2004.0,A01,138Â 300Â 751,1.0,-1.0,-1.0,1641109,1.0,20,,0.0,2.0,7.0,C01,138Â 300Â 755,1.0
961525,201900003056,5,30,20:00,1,2,2,1.0,4.0,63116,Avenue Ãtienne Clementel,M,"45,9827990","3,0880460",63,2019,50.0,1.0,1.0,3.0,2149035,1.0,1,1,1,1.0,,0.0,0,1996.0,A01,138Â 300Â 751,1.0,-1.0,-1.0,1641107,0.0,7,,0.0,2.0,1.0,A01,138Â 300Â 751,1.0
961525,201900003056,5,30,20:00,1,2,2,1.0,4.0,63116,Avenue Ãtienne Clementel,M,"45,9827990","3,0880460",63,2019,50.0,1.0,1.0,3.0,2149035,1.0,1,1,1,1.0,,0.0,0,1996.0,A01,138Â 300Â 751,1.0,-1.0,-1.0,1641108,1.0,7,,0.0,2.0,3.0,B01,138Â 300Â 754,1.0
961525,201900003056,5,30,20:00,1,2,2,1.0,4.0,63116,Avenue Ãtienne Clementel,M,"45,9827990","3,0880460",63,2019,50.0,1.0,1.0,3.0,2149035,1.0,1,1,1,1.0,,0.0,0,1996.0,A01,138Â 300Â 751,1.0,-1.0,-1.0,1641109,1.0,20,,0.0,2.0,7.0,C01,138Â 300Â 755,1.0
961525,201900003056,5,30,20:00,1,2,2,1.0,4.0,63116,Avenue Ãtienne Clementel,M,"45,9827990","3,0880460",63,2019,50.0,1.0,1.0,3.0,2149036,1.0,1,1,1,5.0,,0.0,0,1949.0,B01,138Â 300Â 754,1.0,-1.0,-1.0,1641107,0.0,7,,0.0,2.0,1.0,A01,138Â 300Â 751,1.0
961525,201900003056,5,30,20:00,1,2,2,1.0,4.0,63116,Avenue Ãtienne Clementel,M,"45,9827990","3,0880460",63,2019,50.0,1.0,1.0,3.0,2149036,1.0,1,1,1,5.0,,0.0,0,1949.0,B01,138Â 300Â 754,1.0,-1.0,-1.0,1641108,1.0,7,,0.0,2.0,3.0,B01,138Â 300Â 754,1.0
961525,201900003056,5,30,20:00,1,2,2,1.0,4.0,63116,Avenue Ãtienne Clementel,M,"45,9827990","3,0880460",63,2019,50.0,1.0,1.0,3.0,2149036,1.0,1,1,1,5.0,,0.0,0,1949.0,B01,138Â 300Â 754,1.0,-1.0,-1.0,1641109,1.0,20,,0.0,2.0,7.0,C01,138Â 300Â 755,1.0
961525,201900003056,5,30,20:00,1,2,2,1.0,4.0,63116,Avenue Ãtienne Clementel,M,"45,9827990","3,0880460",63,2019,50.0,1.0,1.0,3.0,2149037,2.0,2,1,1,4.0,,0.0,0,1971.0,C01,138Â 300Â 755,1.0,-1.0,-1.0,1641107,0.0,7,,0.0,2.0,1.0,A01,138Â 300Â 751,1.0
961525,201900003056,5,30,20:00,1,2,2,1.0,4.0,63116,Avenue Ãtienne Clementel,M,"45,9827990","3,0880460",63,2019,50.0,1.0,1.0,3.0,2149037,2.0,2,1,1,4.0,,0.0,0,1971.0,C01,138Â 300Â 755,1.0,-1.0,-1.0,1641108,1.0,7,,0.0,2.0,3.0,B01,138Â 300Â 754,1.0
961525,201900003056,5,30,20:00,1,2,2,1.0,4.0,63116,Avenue Ãtienne Clementel,M,"45,9827990","3,0880460",63,2019,50.0,1.0,1.0,3.0,2149037,2.0,2,1,1,4.0,,0.0,0,1971.0,C01,138Â 300Â 755,1.0,-1.0,-1.0,1641109,1.0,20,,0.0,2.0,7.0,C01,138Â 300Â 755,1.0
961525,201900003056,5,30,20:00,1,2,2,1.0,4.0,63116,Avenue Ãtienne Clementel,M,"45,9827990","3,0880460",63,2019,50.0,1.0,1.0,3.0,2149038,8.0,2,4,1,9.0,,0.0,0,1997.0,C01,138Â 300Â 755,9.0,-1.0,-1.0,1641107,0.0,7,,0.0,2.0,1.0,A01,138Â 300Â 751,1.0
961525,201900003056,5,30,20:00,1,2,2,1.0,4.0,63116,Avenue Ãtienne Clementel,M,"45,9827990","3,0880460",63,2019,50.0,1.0,1.0,3.0,2149038,8.0,2,4,1,9.0,,0.0,0,1997.0,C01,138Â 300Â 755,9.0,-1.0,-1.0,1641108,1.0,7,,0.0,2.0,3.0,B01,138Â 300Â 754,1.0
961525,201900003056,5,30,20:00,1,2,2,1.0,4.0,63116,Avenue Ãtienne Clementel,M,"45,9827990","3,0880460",63,2019,50.0,1.0,1.0,3.0,2149038,8.0,2,4,1,9.0,,0.0,0,1997.0,C01,138Â 300Â 755,9.0,-1.0,-1.0,1641109,1.0,20,,0.0,2.0,7.0,C01,138Â 300Â 755,1.0
961525,201900003056,5,30,20:00,1,2,2,1.0,4.0,63116,Avenue Ãtienne Clementel,M,"45,9827990","3,0880460",63,2019,50.0,1.0,1.0,3.0,2149039,7.0,2,4,1,9.0,,0.0,0,1983.0,C01,138Â 300Â 755,1.0,-1.0,-1.0,1641107,0.0,7,,0.0,2.0,1.0,A01,138Â 300Â 751,1.0
961525,201900003056,5,30,20:00,1,2,2,1.0,4.0,63116,Avenue Ãtienne Clementel,M,"45,9827990","3,0880460",63,2019,50.0,1.0,1.0,3.0,2149039,7.0,2,4,1,9.0,,0.0,0,1983.0,C01,138Â 300Â 755,1.0,-1.0,-1.0,1641108,1.0,7,,0.0,2.0,3.0,B01,138Â 300Â 754,1.0
961525,201900003056,5,30,20:00,1,2,2,1.0,4.0,63116,Avenue Ãtienne Clementel,M,"45,9827990","3,0880460",63,2019,50.0,1.0,1.0,3.0,2149039,7.0,2,4,1,9.0,,0.0,0,1983.0,C01,138Â 300Â 755,1.0,-1.0,-1.0,1641109,1.0,20,,0.0,2.0,7.0,C01,138Â 300Â 755,1.0