Unnamed: 0_x,num_acc,mois,jour,hrmn,lum,agg,int,atm,col,com,adr,gps,lat,long,dep,annee,vma,situ,surf,catr,Unnamed: 0_y,place,catu,grav,sexe,trajet,secu,locp,actp,an_nais,num_veh_x,id_vehicule_x,secu1,secu2,secu3,Unnamed: 0,senc,catv,occutc,obs,obsm,choc,num_veh_y,id_vehicule_y,motor
961525,201900003056,5,30,20:00,1,2,2,1.0,4.0,63116,Avenue Ãtienne Clementel,M,"45,9827990","3,0880460",63,2019,50.0,1.0,1.0,3.0,2149040,1.0,1,1,1,4.0,,0.0,0,1971.0,C01,138Â 300Â 755,1.0,-1.0,-1.0,1641107,0.0,7,,0.0,2.0,1.0,A01,138Â 300Â 751,1.0
961525,201900003056,5,30,20:00,1,2,2,1.0,4.0,63116,Avenue Ãtienne Clementel,M,"45,9827990","3,0880460",63,2019,50.0,1.0,1.0,3.0,2149040,1.0,1,1,1,4.0,,0.0,0,1971.0,C01,138Â 300Â 755,1.0,-1.0,-1.0,1641108,1.0,7,,0.0,2.0,3.0,B01,138Â 300Â 754,1.0
961525,201900003056,5,30,20:00,1,2,2,1.0,4.0,63116,Avenue Ãtienne Clementel,M,"45,9827990","3,0880460",63,2019,50.0,1.0,1.0,3.0,2149040,1.0,1,1,1,4.0,,0.0,0,1971.0,C01,138Â 300Â 755,1.0,-1.0,-1.0,1641109,1.0,20,,0.0,2.0,7.0,C01,138Â 300Â 755,1.0
961526,201900003057,6,16,18:43,1,1,1,1.0,1.0,88256,11 Rue des Champs d'Armenil,M,"48,1732420","6,7587700",88,2019,-1.0,1.0,1.0,3.0,2149041,1.0,1,3,1,5.0,,0.0,0,1980.0,B01,138Â 300Â 747,1.0,-1.0,-1.0,1641110,2.0,7,,0.0,2.0,1.0,B01,138Â 300Â 747,1.0
961526,201900003057,6,16,18:43,1,1,1,1.0,1.0,88256,11 Rue des Champs d'Armenil,M,"48,1732420","6,7587700",88,2019,-1.0,1.0,1.0,3.0,2149041,1.0,1,3,1,5.0,,0.0,0,1980.0,B01,138Â 300Â 747,1.0,-1.0,-1.0,1641111,1.0,7,,0.0,2.0,1.0,A01,138Â 300Â 749,1.0
961526,201900003057,6,16,18:43,1,1,1,1.0,1.0,88256,11 Rue des Champs d'Armenil,M,"48,1732420","6,7587700",88,2019,-1.0,1.0,1.0,3.0,2149042,1.0,1,3,1,5.0,,0.0,0,1972.0,A01,138Â 300Â 749,0.0,-1.0,-1.0,1641110,2.0,7,,0.0,2.0,1.0,B01,138Â 300Â 747,1.0
961526,201900003057,6,16,18:43,1,1,1,1.0,1.0,88256,11 Rue des Champs d'Armenil,M,"48,1732420","6,7587700",88,2019,-1.0,1.0,1.0,3.0,2149042,1.0,1,3,1,5.0,,0.0,0,1972.0,A01,138Â 300Â 749,0.0,-1.0,-1.0,1641111,1.0,7,,0.0,2.0,1.0,A01,138Â 300Â 749,1.0
961527,201900003058,8,14,09:55,1,1,2,1.0,3.0,68258,Route DÃ©partementale 2,M,"47,8268540","7,2866680",68,2019,80.0,1.0,1.0,3.0,2149043,1.0,1,4,1,5.0,,0.0,0,1993.0,B01,138Â 300Â 748,2.0,6.0,-1.0,1641112,2.0,31,,0.0,2.0,1.0,B01,138Â 300Â 748,1.0
961527,201900003058,8,14,09:55,1,1,2,1.0,3.0,68258,Route DÃ©partementale 2,M,"47,8268540","7,2866680",68,2019,80.0,1.0,1.0,3.0,2149043,1.0,1,4,1,5.0,,0.0,0,1993.0,B01,138Â 300Â 748,2.0,6.0,-1.0,1641113,2.0,7,,0.0,2.0,8.0,A01,138Â 300Â 752,1.0
961527,201900003058,8,14,09:55,1,1,2,1.0,3.0,68258,Route DÃ©partementale 2,M,"47,8268540","7,2866680",68,2019,80.0,1.0,1.0,3.0,2149044,1.0,1,1,1,4.0,,0.0,0,1988.0,A01,138Â 300Â 752,1.0,-1.0,-1.0,1641112,2.0,31,,0.0,2.0,1.0,B01,138Â 300Â 748,1.0
961527,201900003058,8,14,09:55,1,1,2,1.0,3.0,68258,Route DÃ©partementale 2,M,"47,8268540","7,2866680",68,2019,80.0,1.0,1.0,3.0,2149044,1.0,1,1,1,4.0,,0.0,0,1988.0,A01,138Â 300Â 752,1.0,-1.0,-1.0,1641113,2.0,7,,0.0,2.0,8.0,A01,138Â 300Â 752,1.0
961528,201900003059,10,19,14:54,1,2,1,1.0,3.0,31555,BD LAZARE CARNOT,M,"43,6037100","1,4508000",31,2019,50.0,1.0,1.0,4.0,2149045,1.0,1,1,2,0.0,,-1.0, -1,1990.0,A01,138Â 300Â 750,1.0,0.0,-1.0,1641114,1.0,7,,0.0,2.0,5.0,A01,138Â 300Â 750,1.0
961528,201900003059,10,19,14:54,1,2,1,1.0,3.0,31555,BD LAZARE CARNOT,M,"43,6037100","1,4508000",31,2019,50.0,1.0,1.0,4.0,2149045,1.0,1,1,2,0.0,,-1.0, -1,1990.0,A01,138Â 300Â 750,1.0,0.0,-1.0,1641115,1.0,32,,0.0,2.0,8.0,B01,138Â 300Â 753,1.0
961528,201900003059,10,19,14:54,1,2,1,1.0,3.0,31555,BD LAZARE CARNOT,M,"43,6037100","1,4508000",31,2019,50.0,1.0,1.0,4.0,2149046,2.0,2,4,1,9.0,,-1.0, -1,1989.0,B01,138Â 300Â 753,2.0,0.0,-1.0,1641114,1.0,7,,0.0,2.0,5.0,A01,138Â 300Â 750,1.0
961528,201900003059,10,19,14:54,1,2,1,1.0,3.0,31555,BD LAZARE CARNOT,M,"43,6037100","1,4508000",31,2019,50.0,1.0,1.0,4.0,2149046,2.0,2,4,1,9.0,,-1.0, -1,1989.0,B01,138Â 300Â 753,2.0,0.0,-1.0,1641115,1.0,32,,0.0,2.0,8.0,B01,138Â 300Â 753,1.0
961528,201900003059,10,19,14:54,1,2,1,1.0,3.0,31555,BD LAZARE CARNOT,M,"43,6037100","1,4508000",31,2019,50.0,1.0,1.0,4.0,2149047,1.0,1,1,1,9.0,,-1.0, -1,1988.0,B01,138Â 300Â 753,2.0,0.0,-1.0,1641114,1.0,7,,0.0,2.0,5.0,A01,138Â 300Â 750,1.0
961528,201900003059,10,19,14:54,1,2,1,1.0,3.0,31555,BD LAZARE CARNOT,M,"43,6037100","1,4508000",31,2019,50.0,1.0,1.0,4.0,2149047,1.0,1,1,1,9.0,,-1.0, -1,1988.0,B01,138Â 300Â 753,2.0,0.0,-1.0,1641115,1.0,32,,0.0,2.0,8.0,B01,138Â 300Â 753,1.0
961529,201900003060,10,22,09:40,1,1,9,2.0,7.0,31344,ASPET (ROUTE),M,"43,0935000","0,7536000",31,2019,70.0,1.0,2.0,3.0,2149048,1.0,1,4,2,5.0,,-1.0, -1,2001.0,A01,138Â 300Â 744,2.0,6.0,-1.0,1641116,3.0,30,,12.0,0.0,0.0,A01,138Â 300Â 744,1.0
961530,201900003061,10,22,13:30,1,2,1,2.0,3.0,30007,CASSIN (RUE RENE),M,"44,1076200","4,0978000",30,2019,50.0,1.0,2.0,4.0,2149049,1.0,1,1,1,0.0,,-1.0, -1,1957.0,B01,138Â 300Â 741,1.0,7.0,-1.0,1641117,3.0,10,,0.0,2.0,1.0,B01,138Â 300Â 741,1.0
961530,201900003061,10,22,13:30,1,2,1,2.0,3.0,30007,CASSIN (RUE RENE),M,"44,1076200","4,0978000",30,2019,50.0,1.0,2.0,4.0,2149049,1.0,1,1,1,0.0,,-1.0, -1,1957.0,B01,138Â 300Â 741,1.0,7.0,-1.0,1641118,3.0,7,,0.0,2.0,2.0,A01,138Â 300Â 742,1.0
961530,201900003061,10,22,13:30,1,2,1,2.0,3.0,30007,CASSIN (RUE RENE),M,"44,1076200","4,0978000",30,2019,50.0,1.0,2.0,4.0,2149050,1.0,1,4,2,0.0,,-1.0, -1,2001.0,A01,138Â 300Â 742,1.0,8.0,-1.0,1641117,3.0,10,,0.0,2.0,1.0,B01,138Â 300Â 741,1.0
961530,201900003061,10,22,13:30,1,2,1,2.0,3.0,30007,CASSIN (RUE RENE),M,"44,1076200","4,0978000",30,2019,50.0,1.0,2.0,4.0,2149050,1.0,1,4,2,0.0,,-1.0, -1,2001.0,A01,138Â 300Â 742,1.0,8.0,-1.0,1641118,3.0,7,,0.0,2.0,2.0,A01,138Â 300Â 742,1.0
961530,201900003061,10,22,13:30,1,2,1,2.0,3.0,30007,CASSIN (RUE RENE),M,"44,1076200","4,0978000",30,2019,50.0,1.0,2.0,4.0,2149051,2.0,2,3,2,0.0,,-1.0, -1,2000.0,A01,138Â 300Â 742,1.0,8.0,-1.0,1641117,3.0,10,,0.0,2.0,1.0,B01,138Â 300Â 741,1.0
961530,201900003061,10,22,13:30,1,2,1,2.0,3.0,30007,CASSIN (RUE RENE),M,"44,1076200","4,0978000",30,2019,50.0,1.0,2.0,4.0,2149051,2.0,2,3,2,0.0,,-1.0, -1,2000.0,A01,138Â 300Â 742,1.0,8.0,-1.0,1641118,3.0,7,,0.0,2.0,2.0,A01,138Â 300Â 742,1.0
961530,201900003061,10,22,13:30,1,2,1,2.0,3.0,30007,CASSIN (RUE RENE),M,"44,1076200","4,0978000",30,2019,50.0,1.0,2.0,4.0,2149052,3.0,2,3,2,0.0,,-1.0, -1,1998.0,A01,138Â 300Â 742,1.0,8.0,-1.0,1641117,3.0,10,,0.0,2.0,1.0,B01,138Â 300Â 741,1.0
961530,201900003061,10,22,13:30,1,2,1,2.0,3.0,30007,CASSIN (RUE RENE),M,"44,1076200","4,0978000",30,2019,50.0,1.0,2.0,4.0,2149052,3.0,2,3,2,0.0,,-1.0, -1,1998.0,A01,138Â 300Â 742,1.0,8.0,-1.0,1641118,3.0,7,,0.0,2.0,2.0,A01,138Â 300Â 742,1.0
961531,201900003062,6,16,14:50,1,1,1,1.0,6.0,46201,Route du lac,M,"44,3415720","1,1925550",46,2019,80.0,3.0,1.0,3.0,2149053,1.0,1,1,2,5.0,,0.0,0,1946.0,A01,138Â 300Â 746,1.0,-1.0,-1.0,1641119,1.0,7,,13.0,0.0,1.0,A01,138Â 300Â 746,1.0
961531,201900003062,6,16,14:50,1,1,1,1.0,6.0,46201,Route du lac,M,"44,3415720","1,1925550",46,2019,80.0,3.0,1.0,3.0,2149054,2.0,2,3,1,5.0,,0.0,0,1944.0,A01,138Â 300Â 746,1.0,-1.0,-1.0,1641119,1.0,7,,13.0,0.0,1.0,A01,138Â 300Â 746,1.0
961532,201900003063,10,19,12:20,1,2,1,1.0,3.0,28085,FRANCE (MAIL ANATOLE),M,"48,4460000","1,5260000",28,2019,50.0,1.0,2.0,4.0,2149055,2.0,2,1,2,0.0,,-1.0, -1,1953.0,B01,138Â 300Â 739,1.0,0.0,-1.0,1641120,3.0,7,,0.0,0.0,2.0,B01,138Â 300Â 739,1.0
961532,201900003063,10,19,12:20,1,2,1,1.0,3.0,28085,FRANCE (MAIL ANATOLE),M,"48,4460000","1,5260000",28,2019,50.0,1.0,2.0,4.0,2149055,2.0,2,1,2,0.0,,-1.0, -1,1953.0,B01,138Â 300Â 739,1.0,0.0,-1.0,1641121,3.0,1,,0.0,2.0,1.0,Y01,138Â 300Â 740,5.0
961532,201900003063,10,19,12:20,1,2,1,1.0,3.0,28085,FRANCE (MAIL ANATOLE),M,"48,4460000","1,5260000",28,2019,50.0,1.0,2.0,4.0,2149056,1.0,1,1,1,0.0,,-1.0, -1,1947.0,B01,138Â 300Â 739,1.0,0.0,-1.0,1641120,3.0,7,,0.0,0.0,2.0,B01,138Â 300Â 739,1.0
961532,201900003063,10,19,12:20,1,2,1,1.0,3.0,28085,FRANCE (MAIL ANATOLE),M,"48,4460000","1,5260000",28,2019,50.0,1.0,2.0,4.0,2149056,1.0,1,1,1,0.0,,-1.0, -1,1947.0,B01,138Â 300Â 739,1.0,0.0,-1.0,1641121,3.0,1,,0.0,2.0,1.0,Y01,138Â 300Â 740,5.0
961532,201900003063,10,19,12:20,1,2,1,1.0,3.0,28085,FRANCE (MAIL ANATOLE),M,"48,4460000","1,5260000",28,2019,50.0,1.0,2.0,4.0,2149057,1.0,1,3,1,0.0,,-1.0,0,1951.0,Y01,138Â 300Â 740,8.0,0.0,-1.0,1641120,3.0,7,,0.0,0.0,2.0,B01,138Â 300Â 739,1.0
961532,201900003063,10,19,12:20,1,2,1,1.0,3.0,28085,FRANCE (MAIL ANATOLE),M,"48,4460000","1,5260000",28,2019,50.0,1.0,2.0,4.0,2149057,1.0,1,3,1,0.0,,-1.0,0,1951.0,Y01,138Â 300Â 740,8.0,0.0,-1.0,1641121,3.0,1,,0.0,2.0,1.0,Y01,138Â 300Â 740,5.0
961533,201900003064,6,3,15:30,1,1,1,1.0,3.0,41161,Autoroute A71,M,"47,5475180","2,0086470",41,2019,130.0,1.0,1.0,1.0,2149058,2.0,2,4,1,0.0,,0.0,0,1933.0,A01,138Â 300Â 737,1.0,-1.0,-1.0,1641122,2.0,7,,3.0,2.0,1.0,A01,138Â 300Â 737,1.0
961533,201900003064,6,3,15:30,1,1,1,1.0,3.0,41161,Autoroute A71,M,"47,5475180","2,0086470",41,2019,130.0,1.0,1.0,1.0,2149058,2.0,2,4,1,0.0,,0.0,0,1933.0,A01,138Â 300Â 737,1.0,-1.0,-1.0,1641123,2.0,15,,0.0,0.0,6.0,B01,138Â 300Â 738,1.0
961533,201900003064,6,3,15:30,1,1,1,1.0,3.0,41161,Autoroute A71,M,"47,5475180","2,0086470",41,2019,130.0,1.0,1.0,1.0,2149059,9.0,2,4,2,0.0,,0.0,0,1965.0,A01,138Â 300Â 737,1.0,-1.0,-1.0,1641122,2.0,7,,3.0,2.0,1.0,A01,138Â 300Â 737,1.0
961533,201900003064,6,3,15:30,1,1,1,1.0,3.0,41161,Autoroute A71,M,"47,5475180","2,0086470",41,2019,130.0,1.0,1.0,1.0,2149059,9.0,2,4,2,0.0,,0.0,0,1965.0,A01,138Â 300Â 737,1.0,-1.0,-1.0,1641123,2.0,15,,0.0,0.0,6.0,B01,138Â 300Â 738,1.0
961533,201900003064,6,3,15:30,1,1,1,1.0,3.0,41161,Autoroute A71,M,"47,5475180","2,0086470",41,2019,130.0,1.0,1.0,1.0,2149060,1.0,1,4,1,0.0,,0.0,0,1956.0,A01,138Â 300Â 737,1.0,-1.0,-1.0,1641122,2.0,7,,3.0,2.0,1.0,A01,138Â 300Â 737,1.0
961533,201900003064,6,3,15:30,1,1,1,1.0,3.0,41161,Autoroute A71,M,"47,5475180","2,0086470",41,2019,130.0,1.0,1.0,1.0,2149060,1.0,1,4,1,0.0,,0.0,0,1956.0,A01,138Â 300Â 737,1.0,-1.0,-1.0,1641123,2.0,15,,0.0,0.0,6.0,B01,138Â 300Â 738,1.0
961533,201900003064,6,3,15:30,1,1,1,1.0,3.0,41161,Autoroute A71,M,"47,5475180","2,0086470",41,2019,130.0,1.0,1.0,1.0,2149061,7.0,2,4,2,0.0,,0.0,0,1965.0,A01,138Â 300Â 737,1.0,-1.0,-1.0,1641122,2.0,7,,3.0,2.0,1.0,A01,138Â 300Â 737,1.0
961533,201900003064,6,3,15:30,1,1,1,1.0,3.0,41161,Autoroute A71,M,"47,5475180","2,0086470",41,2019,130.0,1.0,1.0,1.0,2149061,7.0,2,4,2,0.0,,0.0,0,1965.0,A01,138Â 300Â 737,1.0,-1.0,-1.0,1641123,2.0,15,,0.0,0.0,6.0,B01,138Â 300Â 738,1.0
961533,201900003064,6,3,15:30,1,1,1,1.0,3.0,41161,Autoroute A71,M,"47,5475180","2,0086470",41,2019,130.0,1.0,1.0,1.0,2149062,1.0,1,1,1,4.0,,0.0,0,1966.0,B01,138Â 300Â 738,1.0,-1.0,-1.0,1641122,2.0,7,,3.0,2.0,1.0,A01,138Â 300Â 737,1.0
961533,201900003064,6,3,15:30,1,1,1,1.0,3.0,41161,Autoroute A71,M,"47,5475180","2,0086470",41,2019,130.0,1.0,1.0,1.0,2149062,1.0,1,1,1,4.0,,0.0,0,1966.0,B01,138Â 300Â 738,1.0,-1.0,-1.0,1641123,2.0,15,,0.0,0.0,6.0,B01,138Â 300Â 738,1.0
961534,201900003065,10,17,18:50,2,2,1,1.0,6.0,24037,boulevard J.SANTRAILLE,M,"44,8594600","0,4840400",24,2019,50.0,1.0,1.0,4.0,2149063,2.0,2,1,1,5.0,,-1.0,0,1965.0,A01,138Â 300Â 736,1.0,0.0,-1.0,1641124,0.0,7,,0.0,1.0,2.0,A01,138Â 300Â 736,1.0
961534,201900003065,10,17,18:50,2,2,1,1.0,6.0,24037,boulevard J.SANTRAILLE,M,"44,8594600","0,4840400",24,2019,50.0,1.0,1.0,4.0,2149064,10.0,3,3,1,0.0,,1.0,3,1972.0,A01,138Â 300Â 736,8.0,0.0,-1.0,1641124,0.0,7,,0.0,1.0,2.0,A01,138Â 300Â 736,1.0
961534,201900003065,10,17,18:50,2,2,1,1.0,6.0,24037,boulevard J.SANTRAILLE,M,"44,8594600","0,4840400",24,2019,50.0,1.0,1.0,4.0,2149065,1.0,1,1,2,5.0,,-1.0,0,2003.0,A01,138Â 300Â 736,1.0,0.0,-1.0,1641124,0.0,7,,0.0,1.0,2.0,A01,138Â 300Â 736,1.0
961535,201900003066,8,15,15:25,1,2,6,2.0,2.0,68338,Route de Colmar,M,"48,0849230","7,2868930",68,2019,50.0,1.0,2.0,3.0,2149066,1.0,1,1,1,5.0,,0.0,0,1997.0,A01,138Â 300Â 743,1.0,-1.0,-1.0,1641125,1.0,7,,0.0,2.0,3.0,A01,138Â 300Â 743,0.0
961535,201900003066,8,15,15:25,1,2,6,2.0,2.0,68338,Route de Colmar,M,"48,0849230","7,2868930",68,2019,50.0,1.0,2.0,3.0,2149066,1.0,1,1,1,5.0,,0.0,0,1997.0,A01,138Â 300Â 743,1.0,-1.0,-1.0,1641126,1.0,7,,0.0,2.0,5.0,B01,138Â 300Â 745,0.0
961535,201900003066,8,15,15:25,1,2,6,2.0,2.0,68338,Route de Colmar,M,"48,0849230","7,2868930",68,2019,50.0,1.0,2.0,3.0,2149067,1.0,1,1,2,0.0,,0.0,0,1998.0,B01,138Â 300Â 745,1.0,-1.0,-1.0,1641125,1.0,7,,0.0,2.0,3.0,A01,138Â 300Â 743,0.0
961535,201900003066,8,15,15:25,1,2,6,2.0,2.0,68338,Route de Colmar,M,"48,0849230","7,2868930",68,2019,50.0,1.0,2.0,3.0,2149067,1.0,1,1,2,0.0,,0.0,0,1998.0,B01,138Â 300Â 745,1.0,-1.0,-1.0,1641126,1.0,7,,0.0,2.0,5.0,B01,138Â 300Â 745,0.0
961535,201900003066,8,15,15:25,1,2,6,2.0,2.0,68338,Route de Colmar,M,"48,0849230","7,2868930",68,2019,50.0,1.0,2.0,3.0,2149068,2.0,2,4,2,0.0,,0.0,0,1996.0,B01,138Â 300Â 745,1.0,-1.0,-1.0,1641125,1.0,7,,0.0,2.0,3.0,A01,138Â 300Â 743,0.0
961535,201900003066,8,15,15:25,1,2,6,2.0,2.0,68338,Route de Colmar,M,"48,0849230","7,2868930",68,2019,50.0,1.0,2.0,3.0,2149068,2.0,2,4,2,0.0,,0.0,0,1996.0,B01,138Â 300Â 745,1.0,-1.0,-1.0,1641126,1.0,7,,0.0,2.0,5.0,B01,138Â 300Â 745,0.0
961535,201900003066,8,15,15:25,1,2,6,2.0,2.0,68338,Route de Colmar,M,"48,0849230","7,2868930",68,2019,50.0,1.0,2.0,3.0,2149069,3.0,2,1,2,0.0,,0.0,0,1998.0,B01,138Â 300Â 745,1.0,-1.0,-1.0,1641125,1.0,7,,0.0,2.0,3.0,A01,138Â 300Â 743,0.0
961535,201900003066,8,15,15:25,1,2,6,2.0,2.0,68338,Route de Colmar,M,"48,0849230","7,2868930",68,2019,50.0,1.0,2.0,3.0,2149069,3.0,2,1,2,0.0,,0.0,0,1998.0,B01,138Â 300Â 745,1.0,-1.0,-1.0,1641126,1.0,7,,0.0,2.0,5.0,B01,138Â 300Â 745,0.0
961536,201900003067,5,28,16:40,1,1,1,1.0,6.0,41046,autoroute A71,M,"47,6259430","1,9590640",41,2019,-1.0,3.0,1.0,1.0,2149070,1.0,1,4,2,0.0,,0.0,0,1945.0,A01,138Â 300Â 735,1.0,-1.0,-1.0,1641127,1.0,7,,17.0,0.0,1.0,A01,138Â 300Â 735,1.0
961537,201900003068,8,13,11:30,1,1,1,8.0,6.0,22131,Le Dresnay,M,"48,5033200"," -3,4622680",22,2019,80.0,1.0,1.0,3.0,2149071,1.0,1,1,1,4.0,,0.0,0,2002.0,A01,138Â 300Â 731,0.0,-1.0,-1.0,1641128,2.0,21,,0.0,2.0,3.0,A01,138Â 300Â 731,1.0
961537,201900003068,8,13,11:30,1,1,1,8.0,6.0,22131,Le Dresnay,M,"48,5033200"," -3,4622680",22,2019,80.0,1.0,1.0,3.0,2149071,1.0,1,1,1,4.0,,0.0,0,2002.0,A01,138Â 300Â 731,0.0,-1.0,-1.0,1641129,1.0,7,,0.0,2.0,3.0,B01,138Â 300Â 733,1.0
961537,201900003068,8,13,11:30,1,1,1,8.0,6.0,22131,Le Dresnay,M,"48,5033200"," -3,4622680",22,2019,80.0,1.0,1.0,3.0,2149072,1.0,2,4,2,5.0,,0.0,0,1944.0,B01,138Â 300Â 733,1.0,-1.0,-1.0,1641128,2.0,21,,0.0,2.0,3.0,A01,138Â 300Â 731,1.0
961537,201900003068,8,13,11:30,1,1,1,8.0,6.0,22131,Le Dresnay,M,"48,5033200"," -3,4622680",22,2019,80.0,1.0,1.0,3.0,2149072,1.0,2,4,2,5.0,,0.0,0,1944.0,B01,138Â 300Â 733,1.0,-1.0,-1.0,1641129,1.0,7,,0.0,2.0,3.0,B01,138Â 300Â 733,1.0
961537,201900003068,8,13,11:30,1,1,1,8.0,6.0,22131,Le Dresnay,M,"48,5033200"," -3,4622680",22,2019,80.0,1.0,1.0,3.0,2149073,2.0,1,1,1,5.0,,0.0,0,1944.0,B01,138Â 300Â 733,1.0,-1.0,-1.0,1641128,2.0,21,,0.0,2.0,3.0,A01,138Â 300Â 731,1.0
961537,201900003068,8,13,11:30,1,1,1,8.0,6.0,22131,Le Dresnay,M,"48,5033200"," -3,4622680",22,2019,80.0,1.0,1.0,3.0,2149073,2.0,1,1,1,5.0,,0.0,0,1944.0,B01,138Â 300Â 733,1.0,-1.0,-1.0,1641129,1.0,7,,0.0,2.0,3.0,B01,138Â 300Â 733,1.0
961538,201900003069,6,16,11:20,1,2,3,1.0,3.0,76167,Rue d'Ecqueville,M,"49,5857000","0,1207000",76,2019,-1.0,1.0,1.0,4.0,2149074,1.0,1,4,1,5.0,,0.0,0,1983.0,B01,138Â 300Â 729,2.0,-1.0,-1.0,1641130,0.0,1,,0.0,2.0,1.0,B01,138Â 300Â 729,5.0
961538,201900003069,6,16,11:20,1,2,3,1.0,3.0,76167,Rue d'Ecqueville,M,"49,5857000","0,1207000",76,2019,-1.0,1.0,1.0,4.0,2149074,1.0,1,4,1,5.0,,0.0,0,1983.0,B01,138Â 300Â 729,2.0,-1.0,-1.0,1641131,0.0,7,,0.0,2.0,3.0,A01,138Â 300Â 730,1.0
961538,201900003069,6,16,11:20,1,2,3,1.0,3.0,76167,Rue d'Ecqueville,M,"49,5857000","0,1207000",76,2019,-1.0,1.0,1.0,4.0,2149075,2.0,2,1,2,5.0,,0.0,0,1967.0,A01,138Â 300Â 730,1.0,-1.0,-1.0,1641130,0.0,1,,0.0,2.0,1.0,B01,138Â 300Â 729,5.0
961538,201900003069,6,16,11:20,1,2,3,1.0,3.0,76167,Rue d'Ecqueville,M,"49,5857000","0,1207000",76,2019,-1.0,1.0,1.0,4.0,2149075,2.0,2,1,2,5.0,,0.0,0,1967.0,A01,138Â 300Â 730,1.0,-1.0,-1.0,1641131,0.0,7,,0.0,2.0,3.0,A01,138Â 300Â 730,1.0
961538,201900003069,6,16,11:20,1,2,3,1.0,3.0,76167,Rue d'Ecqueville,M,"49,5857000","0,1207000",76,2019,-1.0,1.0,1.0,4.0,2149076,1.0,1,1,1,5.0,,0.0,0,1967.0,A01,138Â 300Â 730,1.0,-1.0,-1.0,1641130,0.0,1,,0.0,2.0,1.0,B01,138Â 300Â 729,5.0
961538,201900003069,6,16,11:20,1,2,3,1.0,3.0,76167,Rue d'Ecqueville,M,"49,5857000","0,1207000",76,2019,-1.0,1.0,1.0,4.0,2149076,1.0,1,1,1,5.0,,0.0,0,1967.0,A01,138Â 300Â 730,1.0,-1.0,-1.0,1641131,0.0,7,,0.0,2.0,3.0,A01,138Â 300Â 730,1.0
961539,201900003070,8,13,17:40,1,1,3,1.0,2.0,22122,N164,M,"48,1847220"," -2,5360890",22,2019,80.0,1.0,1.0,2.0,2149077,1.0,1,1,1,0.0,,0.0,0,1978.0,B01,138Â 300Â 726,1.0,-1.0,-1.0,1641132,2.0,7,,0.0,0.0,1.0,B01,138Â 300Â 726,1.0
961539,201900003070,8,13,17:40,1,1,3,1.0,2.0,22122,N164,M,"48,1847220"," -2,5360890",22,2019,80.0,1.0,1.0,2.0,2149077,1.0,1,1,1,0.0,,0.0,0,1978.0,B01,138Â 300Â 726,1.0,-1.0,-1.0,1641133,2.0,7,,0.0,0.0,4.0,A01,138Â 300Â 728,1.0
961539,201900003070,8,13,17:40,1,1,3,1.0,2.0,22122,N164,M,"48,1847220"," -2,5360890",22,2019,80.0,1.0,1.0,2.0,2149078,1.0,1,1,2,0.0,,0.0,0,1983.0,A01,138Â 300Â 728,1.0,-1.0,-1.0,1641132,2.0,7,,0.0,0.0,1.0,B01,138Â 300Â 726,1.0
961539,201900003070,8,13,17:40,1,1,3,1.0,2.0,22122,N164,M,"48,1847220"," -2,5360890",22,2019,80.0,1.0,1.0,2.0,2149078,1.0,1,1,2,0.0,,0.0,0,1983.0,A01,138Â 300Â 728,1.0,-1.0,-1.0,1641133,2.0,7,,0.0,0.0,4.0,A01,138Â 300Â 728,1.0
961539,201900003070,8,13,17:40,1,1,3,1.0,2.0,22122,N164,M,"48,1847220"," -2,5360890",22,2019,80.0,1.0,1.0,2.0,2149079,3.0,2,1,1,0.0,,0.0,0,2011.0,A01,138Â 300Â 728,1.0,3.0,-1.0,1641132,2.0,7,,0.0,0.0,1.0,B01,138Â 300Â 726,1.0
961539,201900003070,8,13,17:40,1,1,3,1.0,2.0,22122,N164,M,"48,1847220"," -2,5360890",22,2019,80.0,1.0,1.0,2.0,2149079,3.0,2,1,1,0.0,,0.0,0,2011.0,A01,138Â 300Â 728,1.0,3.0,-1.0,1641133,2.0,7,,0.0,0.0,4.0,A01,138Â 300Â 728,1.0
961539,201900003070,8,13,17:40,1,1,3,1.0,2.0,22122,N164,M,"48,1847220"," -2,5360890",22,2019,80.0,1.0,1.0,2.0,2149080,2.0,2,4,1,0.0,,0.0,0,1982.0,A01,138Â 300Â 728,1.0,-1.0,-1.0,1641132,2.0,7,,0.0,0.0,1.0,B01,138Â 300Â 726,1.0
961539,201900003070,8,13,17:40,1,1,3,1.0,2.0,22122,N164,M,"48,1847220"," -2,5360890",22,2019,80.0,1.0,1.0,2.0,2149080,2.0,2,4,1,0.0,,0.0,0,1982.0,A01,138Â 300Â 728,1.0,-1.0,-1.0,1641133,2.0,7,,0.0,0.0,4.0,A01,138Â 300Â 728,1.0
961540,201900003071,10,22,14:50,1,2,1,1.0,3.0,17200,GONTHIERES   RUE DES (99 et 11),M,"46,1788890"," -1,1463100",17,2019,50.0,1.0,1.0,4.0,2149081,1.0,1,1,2,0.0,,-1.0,0,1948.0,A01,138Â 300Â 725,1.0,0.0,-1.0,1641134,3.0,7,,0.0,2.0,2.0,A01,138Â 300Â 725,1.0
961540,201900003071,10,22,14:50,1,2,1,1.0,3.0,17200,GONTHIERES   RUE DES (99 et 11),M,"46,1788890"," -1,1463100",17,2019,50.0,1.0,1.0,4.0,2149081,1.0,1,1,2,0.0,,-1.0,0,1948.0,A01,138Â 300Â 725,1.0,0.0,-1.0,1641135,3.0,2,,0.0,2.0,1.0,B01,138Â 300Â 727,1.0