Unnamed: 0_x,num_acc,mois,jour,hrmn,lum,agg,int,atm,col,com,adr,gps,lat,long,dep,annee,vma,situ,surf,catr,Unnamed: 0_y,place,catu,grav,sexe,trajet,secu,locp,actp,an_nais,num_veh_x,id_vehicule_x,secu1,secu2,secu3,Unnamed: 0,senc,catv,occutc,obs,obsm,choc,num_veh_y,id_vehicule_y,motor
961540,201900003071,10,22,14:50,1,2,1,1.0,3.0,17200,GONTHIERES   RUE DES (99 et 11),M,"46,1788890"," -1,1463100",17,2019,50.0,1.0,1.0,4.0,2149082,1.0,1,4,1,5.0,,-1.0,0,2003.0,B01,138Â 300Â 727,2.0,8.0,-1.0,1641134,3.0,7,,0.0,2.0,2.0,A01,138Â 300Â 725,1.0
961540,201900003071,10,22,14:50,1,2,1,1.0,3.0,17200,GONTHIERES   RUE DES (99 et 11),M,"46,1788890"," -1,1463100",17,2019,50.0,1.0,1.0,4.0,2149082,1.0,1,4,1,5.0,,-1.0,0,2003.0,B01,138Â 300Â 727,2.0,8.0,-1.0,1641135,3.0,2,,0.0,2.0,1.0,B01,138Â 300Â 727,1.0
961540,201900003071,10,22,14:50,1,2,1,1.0,3.0,17200,GONTHIERES   RUE DES (99 et 11),M,"46,1788890"," -1,1463100",17,2019,50.0,1.0,1.0,4.0,2149083,2.0,2,4,1,5.0,,-1.0,0,2003.0,B01,138Â 300Â 727,2.0,8.0,-1.0,1641134,3.0,7,,0.0,2.0,2.0,A01,138Â 300Â 725,1.0
961540,201900003071,10,22,14:50,1,2,1,1.0,3.0,17200,GONTHIERES   RUE DES (99 et 11),M,"46,1788890"," -1,1463100",17,2019,50.0,1.0,1.0,4.0,2149083,2.0,2,4,1,5.0,,-1.0,0,2003.0,B01,138Â 300Â 727,2.0,8.0,-1.0,1641135,3.0,2,,0.0,2.0,1.0,B01,138Â 300Â 727,1.0
961541,201900003072,6,10,23:10,3,1,6,1.0,7.0,28006,N123,M,"48,4367170","1,4303720",28,2019,90.0,3.0,1.0,2.0,2149084,1.0,1,3,2,5.0,,0.0,0,1989.0,A01,138Â 300Â 724,8.0,-1.0,-1.0,1641136,1.0,7,,13.0,0.0,8.0,A01,138Â 300Â 724,1.0
961542,201900003073,10,22,12:55,1,2,1,1.0,6.0,17291,LIBERATION   RUE DE LA,M,"46,1768000"," -1,1143900",17,2019,50.0,8.0,1.0,6.0,2149085,1.0,1,1,2,3.0,,-1.0,0,1981.0,A01,138Â 300Â 723,1.0,0.0,-1.0,1641137,3.0,7,,0.0,1.0,4.0,A01,138Â 300Â 723,1.0
961542,201900003073,10,22,12:55,1,2,1,1.0,6.0,17291,LIBERATION   RUE DE LA,M,"46,1768000"," -1,1143900",17,2019,50.0,8.0,1.0,6.0,2149086,10.0,3,4,2,3.0,,9.0,3,1953.0,A01,138Â 300Â 723,8.0,0.0,-1.0,1641137,3.0,7,,0.0,1.0,4.0,A01,138Â 300Â 723,1.0
961543,201900003074,6,2,15:18,1,1,1,1.0,6.0,28022,RD 939,M,"48,4983430","1,3654950",28,2019,80.0,8.0,1.0,3.0,2149087,1.0,1,3,2,9.0,,0.0,0,2000.0,A01,138Â 300Â 722,1.0,-1.0,-1.0,1641138,1.0,7,,6.0,0.0,3.0,A01,138Â 300Â 722,1.0
961544,201900003075,10,22,00:00,3,1,1,2.0,6.0,30032,COMPS ROUTE DE,M,"43,8154000","4,6306000",30,2019,50.0,1.0,2.0,4.0,2149088,1.0,1,3,1,5.0,,-1.0, -1,1994.0,A01,138Â 300Â 721,1.0,8.0,-1.0,1641139,0.0,7,,6.0,0.0,8.0,A01,138Â 300Â 721,1.0
961545,201900003076,6,1,15:00,1,2,2,1.0,3.0,28269,Rue de Chartres,M,"48,3955660","1,4928140",28,2019,50.0,1.0,1.0,3.0,2149089,1.0,1,3,1,5.0,,0.0,0,1928.0,A01,138Â 300Â 719,4.0,-1.0,-1.0,1641140,3.0,1,,0.0,2.0,1.0,A01,138Â 300Â 719,5.0
961545,201900003076,6,1,15:00,1,2,2,1.0,3.0,28269,Rue de Chartres,M,"48,3955660","1,4928140",28,2019,50.0,1.0,1.0,3.0,2149089,1.0,1,3,1,5.0,,0.0,0,1928.0,A01,138Â 300Â 719,4.0,-1.0,-1.0,1641141,2.0,7,,0.0,2.0,1.0,C01,138Â 300Â 720,1.0
961545,201900003076,6,1,15:00,1,2,2,1.0,3.0,28269,Rue de Chartres,M,"48,3955660","1,4928140",28,2019,50.0,1.0,1.0,3.0,2149090,1.0,1,1,1,0.0,,0.0,0,1995.0,C01,138Â 300Â 720,1.0,-1.0,-1.0,1641140,3.0,1,,0.0,2.0,1.0,A01,138Â 300Â 719,5.0
961545,201900003076,6,1,15:00,1,2,2,1.0,3.0,28269,Rue de Chartres,M,"48,3955660","1,4928140",28,2019,50.0,1.0,1.0,3.0,2149090,1.0,1,1,1,0.0,,0.0,0,1995.0,C01,138Â 300Â 720,1.0,-1.0,-1.0,1641141,2.0,7,,0.0,2.0,1.0,C01,138Â 300Â 720,1.0
961546,201900003077,6,12,07:45,1,2,6,2.0,2.0,68300,Rue de la Fabrique,M,"47,7796590","7,3650750",68,2019,50.0,1.0,2.0,3.0,2149091,1.0,1,4,1,1.0,,0.0,0,1969.0,B01,138Â 300Â 715,0.0,-1.0,-1.0,1641142,1.0,50,,0.0,0.0,4.0,B01,138Â 300Â 715,3.0
961546,201900003077,6,12,07:45,1,2,6,2.0,2.0,68300,Rue de la Fabrique,M,"47,7796590","7,3650750",68,2019,50.0,1.0,2.0,3.0,2149091,1.0,1,4,1,1.0,,0.0,0,1969.0,B01,138Â 300Â 715,0.0,-1.0,-1.0,1641143,1.0,7,,0.0,2.0,1.0,A01,138Â 300Â 717,1.0
961546,201900003077,6,12,07:45,1,2,6,2.0,2.0,68300,Rue de la Fabrique,M,"47,7796590","7,3650750",68,2019,50.0,1.0,2.0,3.0,2149092,1.0,1,1,1,1.0,,0.0,0,1965.0,A01,138Â 300Â 717,1.0,-1.0,-1.0,1641142,1.0,50,,0.0,0.0,4.0,B01,138Â 300Â 715,3.0
961546,201900003077,6,12,07:45,1,2,6,2.0,2.0,68300,Rue de la Fabrique,M,"47,7796590","7,3650750",68,2019,50.0,1.0,2.0,3.0,2149092,1.0,1,1,1,1.0,,0.0,0,1965.0,A01,138Â 300Â 717,1.0,-1.0,-1.0,1641143,1.0,7,,0.0,2.0,1.0,A01,138Â 300Â 717,1.0
961547,201900003078,10,22,17:00,1,2,1,8.0,3.0,13209,GASTON RAMON (BOULEVARD),M,"43,2668280","5,3953970",13,2019,50.0,1.0,2.0,4.0,2149093,1.0,1,4,2,5.0,,-1.0,0,1999.0,B01,138Â 300Â 716,1.0,8.0,-1.0,1641144,0.0,7,,0.0,2.0,2.0,B01,138Â 300Â 716,1.0
961547,201900003078,10,22,17:00,1,2,1,8.0,3.0,13209,GASTON RAMON (BOULEVARD),M,"43,2668280","5,3953970",13,2019,50.0,1.0,2.0,4.0,2149093,1.0,1,4,2,5.0,,-1.0,0,1999.0,B01,138Â 300Â 716,1.0,8.0,-1.0,1641145,0.0,7,,0.0,2.0,8.0,A01,138Â 300Â 718,1.0
961547,201900003078,10,22,17:00,1,2,1,8.0,3.0,13209,GASTON RAMON (BOULEVARD),M,"43,2668280","5,3953970",13,2019,50.0,1.0,2.0,4.0,2149094,1.0,1,4,1,5.0,,-1.0,0,1977.0,A01,138Â 300Â 718,1.0,0.0,-1.0,1641144,0.0,7,,0.0,2.0,2.0,B01,138Â 300Â 716,1.0
961547,201900003078,10,22,17:00,1,2,1,8.0,3.0,13209,GASTON RAMON (BOULEVARD),M,"43,2668280","5,3953970",13,2019,50.0,1.0,2.0,4.0,2149094,1.0,1,4,1,5.0,,-1.0,0,1977.0,A01,138Â 300Â 718,1.0,0.0,-1.0,1641145,0.0,7,,0.0,2.0,8.0,A01,138Â 300Â 718,1.0
961548,201900003079,10,22,17:15,1,2,1,2.0,1.0,13215,DE SAINT LOUIS AU ROVE (chemin),M,"43,3547511","5,3486788",13,2019,50.0,1.0,2.0,3.0,2149095,1.0,1,3,2,0.0,,-1.0, -1,1969.0,B01,138Â 300Â 711,8.0,0.0,-1.0,1641146,0.0,7,,0.0,0.0,1.0,B01,138Â 300Â 711,0.0
961548,201900003079,10,22,17:15,1,2,1,2.0,1.0,13215,DE SAINT LOUIS AU ROVE (chemin),M,"43,3547511","5,3486788",13,2019,50.0,1.0,2.0,3.0,2149095,1.0,1,3,2,0.0,,-1.0, -1,1969.0,B01,138Â 300Â 711,8.0,0.0,-1.0,1641147,3.0,3,,0.0,2.0,1.0,A01,138Â 300Â 712,0.0
961548,201900003079,10,22,17:15,1,2,1,2.0,1.0,13215,DE SAINT LOUIS AU ROVE (chemin),M,"43,3547511","5,3486788",13,2019,50.0,1.0,2.0,3.0,2149096,1.0,1,3,1,0.0,,-1.0, -1,2000.0,A01,138Â 300Â 712,8.0,0.0,-1.0,1641146,0.0,7,,0.0,0.0,1.0,B01,138Â 300Â 711,0.0
961548,201900003079,10,22,17:15,1,2,1,2.0,1.0,13215,DE SAINT LOUIS AU ROVE (chemin),M,"43,3547511","5,3486788",13,2019,50.0,1.0,2.0,3.0,2149096,1.0,1,3,1,0.0,,-1.0, -1,2000.0,A01,138Â 300Â 712,8.0,0.0,-1.0,1641147,3.0,3,,0.0,2.0,1.0,A01,138Â 300Â 712,0.0
961549,201900003080,5,26,11:35,1,1,3,1.0,3.0,64554,RD945,M,"43,4193325"," -0,4691778",64,2019,80.0,1.0,1.0,3.0,2149097,1.0,1,4,1,5.0,,0.0,0,1946.0,A01,138Â 300Â 713,1.0,5.0,-1.0,1641148,2.0,7,,0.0,2.0,8.0,A01,138Â 300Â 713,1.0
961549,201900003080,5,26,11:35,1,1,3,1.0,3.0,64554,RD945,M,"43,4193325"," -0,4691778",64,2019,80.0,1.0,1.0,3.0,2149097,1.0,1,4,1,5.0,,0.0,0,1946.0,A01,138Â 300Â 713,1.0,5.0,-1.0,1641149,1.0,7,,0.0,2.0,3.0,B01,138Â 300Â 714,1.0
961549,201900003080,5,26,11:35,1,1,3,1.0,3.0,64554,RD945,M,"43,4193325"," -0,4691778",64,2019,80.0,1.0,1.0,3.0,2149098,1.0,1,3,1,5.0,,0.0,0,1951.0,B01,138Â 300Â 714,1.0,-1.0,-1.0,1641148,2.0,7,,0.0,2.0,8.0,A01,138Â 300Â 713,1.0
961549,201900003080,5,26,11:35,1,1,3,1.0,3.0,64554,RD945,M,"43,4193325"," -0,4691778",64,2019,80.0,1.0,1.0,3.0,2149098,1.0,1,3,1,5.0,,0.0,0,1951.0,B01,138Â 300Â 714,1.0,-1.0,-1.0,1641149,1.0,7,,0.0,2.0,3.0,B01,138Â 300Â 714,1.0
961550,201900003081,6,13,17:25,1,1,1,1.0,1.0,12197,La Rivaldie,M,"43,9852800","2,5260410",12,2019,80.0,1.0,1.0,4.0,2149099,1.0,1,3,1,5.0,,0.0,0,1953.0,B01,138Â 300Â 708,2.0,-1.0,-1.0,1641150,3.0,33,,0.0,2.0,1.0,B01,138Â 300Â 708,1.0
961550,201900003081,6,13,17:25,1,1,1,1.0,1.0,12197,La Rivaldie,M,"43,9852800","2,5260410",12,2019,80.0,1.0,1.0,4.0,2149099,1.0,1,3,1,5.0,,0.0,0,1953.0,B01,138Â 300Â 708,2.0,-1.0,-1.0,1641151,3.0,7,,0.0,2.0,1.0,A01,138Â 300Â 710,1.0
961550,201900003081,6,13,17:25,1,1,1,1.0,1.0,12197,La Rivaldie,M,"43,9852800","2,5260410",12,2019,80.0,1.0,1.0,4.0,2149100,1.0,1,1,1,5.0,,0.0,0,1941.0,A01,138Â 300Â 710,1.0,-1.0,-1.0,1641150,3.0,33,,0.0,2.0,1.0,B01,138Â 300Â 708,1.0
961550,201900003081,6,13,17:25,1,1,1,1.0,1.0,12197,La Rivaldie,M,"43,9852800","2,5260410",12,2019,80.0,1.0,1.0,4.0,2149100,1.0,1,1,1,5.0,,0.0,0,1941.0,A01,138Â 300Â 710,1.0,-1.0,-1.0,1641151,3.0,7,,0.0,2.0,1.0,A01,138Â 300Â 710,1.0
961551,201900003082,10,22,13:30,1,2,4,8.0,3.0,13216,PRADEL (traverse du),M,"43,3572320","5,3448980",13,2019,50.0,1.0,1.0,4.0,2149101,1.0,1,1,2,1.0,,-1.0, -1,1963.0,A01,138Â 300Â 707,8.0,0.0,-1.0,1641152,0.0,7,,0.0,2.0,1.0,A01,138Â 300Â 707,1.0
961551,201900003082,10,22,13:30,1,2,4,8.0,3.0,13216,PRADEL (traverse du),M,"43,3572320","5,3448980",13,2019,50.0,1.0,1.0,4.0,2149101,1.0,1,1,2,1.0,,-1.0, -1,1963.0,A01,138Â 300Â 707,8.0,0.0,-1.0,1641153,0.0,7,,0.0,2.0,2.0,B01,138Â 300Â 709,1.0
961551,201900003082,10,22,13:30,1,2,4,8.0,3.0,13216,PRADEL (traverse du),M,"43,3572320","5,3448980",13,2019,50.0,1.0,1.0,4.0,2149102,1.0,1,4,2,5.0,,-1.0, -1,1996.0,B01,138Â 300Â 709,8.0,0.0,-1.0,1641152,0.0,7,,0.0,2.0,1.0,A01,138Â 300Â 707,1.0
961551,201900003082,10,22,13:30,1,2,4,8.0,3.0,13216,PRADEL (traverse du),M,"43,3572320","5,3448980",13,2019,50.0,1.0,1.0,4.0,2149102,1.0,1,4,2,5.0,,-1.0, -1,1996.0,B01,138Â 300Â 709,8.0,0.0,-1.0,1641153,0.0,7,,0.0,2.0,2.0,B01,138Â 300Â 709,1.0
961552,201900003083,6,11,15:20,1,1,1,1.0,1.0,12267,RD 902 PK 33+500,M,"44,0756040","2,5266260",12,2019,80.0,1.0,1.0,3.0,2149103,1.0,1,1,1,4.0,,0.0,0,1976.0,B01,138Â 300Â 705,1.0,-1.0,-1.0,1641154,2.0,15,,0.0,2.0,1.0,B01,138Â 300Â 705,1.0
961552,201900003083,6,11,15:20,1,1,1,1.0,1.0,12267,RD 902 PK 33+500,M,"44,0756040","2,5266260",12,2019,80.0,1.0,1.0,3.0,2149103,1.0,1,1,1,4.0,,0.0,0,1976.0,B01,138Â 300Â 705,1.0,-1.0,-1.0,1641155,1.0,7,,0.0,2.0,1.0,A01,138Â 300Â 706,1.0
961552,201900003083,6,11,15:20,1,1,1,1.0,1.0,12267,RD 902 PK 33+500,M,"44,0756040","2,5266260",12,2019,80.0,1.0,1.0,3.0,2149104,2.0,1,2,2,0.0,,0.0,0,1950.0,A01,138Â 300Â 706,1.0,-1.0,-1.0,1641154,2.0,15,,0.0,2.0,1.0,B01,138Â 300Â 705,1.0
961552,201900003083,6,11,15:20,1,1,1,1.0,1.0,12267,RD 902 PK 33+500,M,"44,0756040","2,5266260",12,2019,80.0,1.0,1.0,3.0,2149104,2.0,1,2,2,0.0,,0.0,0,1950.0,A01,138Â 300Â 706,1.0,-1.0,-1.0,1641155,1.0,7,,0.0,2.0,1.0,A01,138Â 300Â 706,1.0
961553,201900003084,10,22,13:15,1,2,1,1.0,6.0,13210,ROMAIN ROLLAND (BOULEVARD),M,"43,2725341","5,4112762",13,2019,50.0,1.0,1.0,4.0,2149105,10.0,3,4,1,0.0,,2.0,3,2004.0,A01,138Â 300Â 704,8.0,0.0,-1.0,1641156,1.0,7,,0.0,1.0,2.0,A01,138Â 300Â 704,0.0
961553,201900003084,10,22,13:15,1,2,1,1.0,6.0,13210,ROMAIN ROLLAND (BOULEVARD),M,"43,2725341","5,4112762",13,2019,50.0,1.0,1.0,4.0,2149106,1.0,1,1,2,1.0,,-1.0, -1,1978.0,A01,138Â 300Â 704,1.0,0.0,-1.0,1641156,1.0,7,,0.0,1.0,2.0,A01,138Â 300Â 704,0.0
961554,201900003085,6,17,00:30,3,1,1,1.0,6.0,35219,Le Fresche,M,"47,8003910"," -1,9015090",35,2019,-1.0,3.0,1.0,4.0,2149107,1.0,1,3,1,5.0,,0.0,0,1987.0,A01,138Â 300Â 701,1.0,-1.0,-1.0,1641157,3.0,7,,2.0,0.0,1.0,A01,138Â 300Â 701,1.0
961555,201900003086,10,21,10:30,1,2,1,8.0,7.0,10387,boulevard Gambetta,M,"48,0107700","4,0259000",10,2019,50.0,1.0,2.0,4.0,2149108,10.0,3,3,2,0.0,,2.0,3,1986.0,A01,138Â 300Â 702,8.0,8.0,-1.0,1641158,2.0,7,,0.0,1.0,8.0,A01,138Â 300Â 702,1.0
961556,201900003087,8,11,10:40,1,1,1,1.0,3.0,25405,CD 437,M,"46,8350810","6,3441750",25,2019,70.0,1.0,1.0,3.0,2149109,1.0,1,3,2,5.0,,0.0,0,1965.0,A01,138Â 300Â 700,2.0,-1.0,-1.0,1641159,1.0,34,,0.0,2.0,3.0,A01,138Â 300Â 700,1.0
961556,201900003087,8,11,10:40,1,1,1,1.0,3.0,25405,CD 437,M,"46,8350810","6,3441750",25,2019,70.0,1.0,1.0,3.0,2149109,1.0,1,3,2,5.0,,0.0,0,1965.0,A01,138Â 300Â 700,2.0,-1.0,-1.0,1641160,2.0,7,,0.0,2.0,2.0,B01,138Â 300Â 703,1.0
961556,201900003087,8,11,10:40,1,1,1,1.0,3.0,25405,CD 437,M,"46,8350810","6,3441750",25,2019,70.0,1.0,1.0,3.0,2149110,2.0,2,4,1,5.0,,0.0,0,1960.0,A01,138Â 300Â 700,2.0,-1.0,-1.0,1641159,1.0,34,,0.0,2.0,3.0,A01,138Â 300Â 700,1.0
961556,201900003087,8,11,10:40,1,1,1,1.0,3.0,25405,CD 437,M,"46,8350810","6,3441750",25,2019,70.0,1.0,1.0,3.0,2149110,2.0,2,4,1,5.0,,0.0,0,1960.0,A01,138Â 300Â 700,2.0,-1.0,-1.0,1641160,2.0,7,,0.0,2.0,2.0,B01,138Â 300Â 703,1.0
961556,201900003087,8,11,10:40,1,1,1,1.0,3.0,25405,CD 437,M,"46,8350810","6,3441750",25,2019,70.0,1.0,1.0,3.0,2149111,7.0,2,1,1,5.0,,0.0,0,1958.0,B01,138Â 300Â 703,1.0,-1.0,-1.0,1641159,1.0,34,,0.0,2.0,3.0,A01,138Â 300Â 700,1.0
961556,201900003087,8,11,10:40,1,1,1,1.0,3.0,25405,CD 437,M,"46,8350810","6,3441750",25,2019,70.0,1.0,1.0,3.0,2149111,7.0,2,1,1,5.0,,0.0,0,1958.0,B01,138Â 300Â 703,1.0,-1.0,-1.0,1641160,2.0,7,,0.0,2.0,2.0,B01,138Â 300Â 703,1.0
961556,201900003087,8,11,10:40,1,1,1,1.0,3.0,25405,CD 437,M,"46,8350810","6,3441750",25,2019,70.0,1.0,1.0,3.0,2149112,9.0,2,1,1,5.0,,0.0,0,1960.0,B01,138Â 300Â 703,1.0,-1.0,-1.0,1641159,1.0,34,,0.0,2.0,3.0,A01,138Â 300Â 700,1.0
961556,201900003087,8,11,10:40,1,1,1,1.0,3.0,25405,CD 437,M,"46,8350810","6,3441750",25,2019,70.0,1.0,1.0,3.0,2149112,9.0,2,1,1,5.0,,0.0,0,1960.0,B01,138Â 300Â 703,1.0,-1.0,-1.0,1641160,2.0,7,,0.0,2.0,2.0,B01,138Â 300Â 703,1.0
961556,201900003087,8,11,10:40,1,1,1,1.0,3.0,25405,CD 437,M,"46,8350810","6,3441750",25,2019,70.0,1.0,1.0,3.0,2149113,2.0,2,1,2,5.0,,0.0,0,1961.0,B01,138Â 300Â 703,1.0,-1.0,-1.0,1641159,1.0,34,,0.0,2.0,3.0,A01,138Â 300Â 700,1.0
961556,201900003087,8,11,10:40,1,1,1,1.0,3.0,25405,CD 437,M,"46,8350810","6,3441750",25,2019,70.0,1.0,1.0,3.0,2149113,2.0,2,1,2,5.0,,0.0,0,1961.0,B01,138Â 300Â 703,1.0,-1.0,-1.0,1641160,2.0,7,,0.0,2.0,2.0,B01,138Â 300Â 703,1.0
961556,201900003087,8,11,10:40,1,1,1,1.0,3.0,25405,CD 437,M,"46,8350810","6,3441750",25,2019,70.0,1.0,1.0,3.0,2149114,1.0,1,1,1,5.0,,0.0,0,1958.0,B01,138Â 300Â 703,1.0,-1.0,-1.0,1641159,1.0,34,,0.0,2.0,3.0,A01,138Â 300Â 700,1.0
961556,201900003087,8,11,10:40,1,1,1,1.0,3.0,25405,CD 437,M,"46,8350810","6,3441750",25,2019,70.0,1.0,1.0,3.0,2149114,1.0,1,1,1,5.0,,0.0,0,1958.0,B01,138Â 300Â 703,1.0,-1.0,-1.0,1641160,2.0,7,,0.0,2.0,2.0,B01,138Â 300Â 703,1.0
961557,201900003088,4,16,15:30,1,1,1,1.0,6.0,35219,La Glochais,M,"47,8289510"," -1,9502930",35,2019,80.0,1.0,1.0,3.0,2149115,1.0,1,3,1,5.0,,0.0,0,1962.0,A01,138Â 300Â 699,0.0,-1.0,-1.0,1641161,2.0,1,,1.0,0.0,1.0,A01,138Â 300Â 699,5.0
961558,201900003089,8,16,17:30,1,1,2,1.0,7.0,25050,Carrefour D461 e D242,M,"47,1179200","6,6140270",25,2019,80.0,3.0,1.0,3.0,2149116,1.0,1,3,1,5.0,,0.0,0,2004.0,A01,138Â 300Â 696,2.0,-1.0,-1.0,1641162,2.0,1,,13.0,0.0,0.0,A01,138Â 300Â 696,5.0
961559,201900003090,10,22,13:10,1,2,1,1.0,4.0,75116,BD PERIPHERIQUE EXTERIEUR,M,"48,8514840","2,2520490",75,2019,70.0,1.0,1.0,4.0,2149117,2.0,2,1,1,4.0,,0.0,0,1997.0,A01,138Â 300Â 695,1.0,0.0,-1.0,1641163,2.0,10,,0.0,2.0,1.0,A01,138Â 300Â 695,1.0
961559,201900003090,10,22,13:10,1,2,1,1.0,4.0,75116,BD PERIPHERIQUE EXTERIEUR,M,"48,8514840","2,2520490",75,2019,70.0,1.0,1.0,4.0,2149117,2.0,2,1,1,4.0,,0.0,0,1997.0,A01,138Â 300Â 695,1.0,0.0,-1.0,1641164,2.0,7,,0.0,2.0,4.0,B01,138Â 300Â 697,1.0
961559,201900003090,10,22,13:10,1,2,1,1.0,4.0,75116,BD PERIPHERIQUE EXTERIEUR,M,"48,8514840","2,2520490",75,2019,70.0,1.0,1.0,4.0,2149117,2.0,2,1,1,4.0,,0.0,0,1997.0,A01,138Â 300Â 695,1.0,0.0,-1.0,1641165,2.0,7,,0.0,2.0,4.0,C01,138Â 300Â 698,1.0
961559,201900003090,10,22,13:10,1,2,1,1.0,4.0,75116,BD PERIPHERIQUE EXTERIEUR,M,"48,8514840","2,2520490",75,2019,70.0,1.0,1.0,4.0,2149118,1.0,1,1,1,4.0,,0.0,0,1998.0,A01,138Â 300Â 695,1.0,0.0,-1.0,1641163,2.0,10,,0.0,2.0,1.0,A01,138Â 300Â 695,1.0
961559,201900003090,10,22,13:10,1,2,1,1.0,4.0,75116,BD PERIPHERIQUE EXTERIEUR,M,"48,8514840","2,2520490",75,2019,70.0,1.0,1.0,4.0,2149118,1.0,1,1,1,4.0,,0.0,0,1998.0,A01,138Â 300Â 695,1.0,0.0,-1.0,1641164,2.0,7,,0.0,2.0,4.0,B01,138Â 300Â 697,1.0
961559,201900003090,10,22,13:10,1,2,1,1.0,4.0,75116,BD PERIPHERIQUE EXTERIEUR,M,"48,8514840","2,2520490",75,2019,70.0,1.0,1.0,4.0,2149118,1.0,1,1,1,4.0,,0.0,0,1998.0,A01,138Â 300Â 695,1.0,0.0,-1.0,1641165,2.0,7,,0.0,2.0,4.0,C01,138Â 300Â 698,1.0
961559,201900003090,10,22,13:10,1,2,1,1.0,4.0,75116,BD PERIPHERIQUE EXTERIEUR,M,"48,8514840","2,2520490",75,2019,70.0,1.0,1.0,4.0,2149119,1.0,1,4,1,4.0,,0.0,0,1981.0,B01,138Â 300Â 697,1.0,0.0,-1.0,1641163,2.0,10,,0.0,2.0,1.0,A01,138Â 300Â 695,1.0
961559,201900003090,10,22,13:10,1,2,1,1.0,4.0,75116,BD PERIPHERIQUE EXTERIEUR,M,"48,8514840","2,2520490",75,2019,70.0,1.0,1.0,4.0,2149119,1.0,1,4,1,4.0,,0.0,0,1981.0,B01,138Â 300Â 697,1.0,0.0,-1.0,1641164,2.0,7,,0.0,2.0,4.0,B01,138Â 300Â 697,1.0
961559,201900003090,10,22,13:10,1,2,1,1.0,4.0,75116,BD PERIPHERIQUE EXTERIEUR,M,"48,8514840","2,2520490",75,2019,70.0,1.0,1.0,4.0,2149119,1.0,1,4,1,4.0,,0.0,0,1981.0,B01,138Â 300Â 697,1.0,0.0,-1.0,1641165,2.0,7,,0.0,2.0,4.0,C01,138Â 300Â 698,1.0
961559,201900003090,10,22,13:10,1,2,1,1.0,4.0,75116,BD PERIPHERIQUE EXTERIEUR,M,"48,8514840","2,2520490",75,2019,70.0,1.0,1.0,4.0,2149120,1.0,1,1,1,5.0,,0.0,0,1987.0,C01,138Â 300Â 698,1.0,0.0,-1.0,1641163,2.0,10,,0.0,2.0,1.0,A01,138Â 300Â 695,1.0
961559,201900003090,10,22,13:10,1,2,1,1.0,4.0,75116,BD PERIPHERIQUE EXTERIEUR,M,"48,8514840","2,2520490",75,2019,70.0,1.0,1.0,4.0,2149120,1.0,1,1,1,5.0,,0.0,0,1987.0,C01,138Â 300Â 698,1.0,0.0,-1.0,1641164,2.0,7,,0.0,2.0,4.0,B01,138Â 300Â 697,1.0
961559,201900003090,10,22,13:10,1,2,1,1.0,4.0,75116,BD PERIPHERIQUE EXTERIEUR,M,"48,8514840","2,2520490",75,2019,70.0,1.0,1.0,4.0,2149120,1.0,1,1,1,5.0,,0.0,0,1987.0,C01,138Â 300Â 698,1.0,0.0,-1.0,1641165,2.0,7,,0.0,2.0,4.0,C01,138Â 300Â 698,1.0
961560,201900003091,6,2,10:20,1,2,1,1.0,6.0,83036,260 Avenue des AlliÃ©s,M,"43,1720470","6,5298530",83,2019,50.0,8.0,1.0,9.0,2149121,1.0,1,1,2,3.0,,0.0,0,1955.0,A01,138Â 300Â 694,1.0,-1.0,-1.0,1641166,1.0,7,,15.0,1.0,1.0,A01,138Â 300Â 694,1.0
961560,201900003091,6,2,10:20,1,2,1,1.0,6.0,83036,260 Avenue des AlliÃ©s,M,"43,1720470","6,5298530",83,2019,50.0,8.0,1.0,9.0,2149122,10.0,3,4,1,3.0,,5.0,9,1940.0,A01,138Â 300Â 694,0.0,-1.0,-1.0,1641166,1.0,7,,15.0,1.0,1.0,A01,138Â 300Â 694,1.0
961560,201900003091,6,2,10:20,1,2,1,1.0,6.0,83036,260 Avenue des AlliÃ©s,M,"43,1720470","6,5298530",83,2019,50.0,8.0,1.0,9.0,2149123,10.0,3,4,2,3.0,,5.0,9,1967.0,A01,138Â 300Â 694,0.0,-1.0,-1.0,1641166,1.0,7,,15.0,1.0,1.0,A01,138Â 300Â 694,1.0
961560,201900003091,6,2,10:20,1,2,1,1.0,6.0,83036,260 Avenue des AlliÃ©s,M,"43,1720470","6,5298530",83,2019,50.0,8.0,1.0,9.0,2149124,10.0,3,4,2,3.0,,5.0,9,1954.0,A01,138Â 300Â 694,0.0,-1.0,-1.0,1641166,1.0,7,,15.0,1.0,1.0,A01,138Â 300Â 694,1.0
961560,201900003091,6,2,10:20,1,2,1,1.0,6.0,83036,260 Avenue des AlliÃ©s,M,"43,1720470","6,5298530",83,2019,50.0,8.0,1.0,9.0,2149125,10.0,3,4,2,3.0,,5.0,9,1940.0,A01,138Â 300Â 694,0.0,-1.0,-1.0,1641166,1.0,7,,15.0,1.0,1.0,A01,138Â 300Â 694,1.0
961560,201900003091,6,2,10:20,1,2,1,1.0,6.0,83036,260 Avenue des AlliÃ©s,M,"43,1720470","6,5298530",83,2019,50.0,8.0,1.0,9.0,2149126,10.0,3,4,2,3.0,,5.0,9,1953.0,A01,138Â 300Â 694,0.0,-1.0,-1.0,1641166,1.0,7,,15.0,1.0,1.0,A01,138Â 300Â 694,1.0