Unnamed: 0_x,num_acc,mois,jour,hrmn,lum,agg,int,atm,col,com,adr,gps,lat,long,dep,annee,vma,situ,surf,catr,Unnamed: 0_y,place,catu,grav,sexe,trajet,secu,locp,actp,an_nais,num_veh_x,id_vehicule_x,secu1,secu2,secu3,Unnamed: 0,senc,catv,occutc,obs,obsm,choc,num_veh_y,id_vehicule_y,motor
961560,201900003091,6,2,10:20,1,2,1,1.0,6.0,83036,260 Avenue des AlliÃ©s,M,"43,1720470","6,5298530",83,2019,50.0,8.0,1.0,9.0,2149127,10.0,3,4,2,9.0,,9.0,9,1971.0,A01,138Â 300Â 694,0.0,-1.0,-1.0,1641166,1.0,7,,15.0,1.0,1.0,A01,138Â 300Â 694,1.0
961561,201900003092,8,15,12:52,1,2,1,1.0,6.0,25112,20 Chemin de Port Arthur,M,"47,2632720","6,0676850",25,2019,50.0,3.0,1.0,3.0,2149128,1.0,1,3,1,5.0,,0.0,0,1995.0,A01,138Â 300Â 693,0.0,-1.0,-1.0,1641167,1.0,7,,15.0,0.0,1.0,A01,138Â 300Â 693,1.0
961562,201900003093,6,8,15:15,1,2,3,1.0,1.0,54322,25 Route de Viviers,M,"49,4564550","5,5999620",54,2019,50.0,8.0,1.0,3.0,2149129,1.0,1,1,2,5.0,,0.0,0,1955.0,A01,138Â 300Â 687,1.0,-1.0,-1.0,1641168,1.0,7,,0.0,2.0,2.0,A01,138Â 300Â 687,1.0
961562,201900003093,6,8,15:15,1,2,3,1.0,1.0,54322,25 Route de Viviers,M,"49,4564550","5,5999620",54,2019,50.0,8.0,1.0,3.0,2149129,1.0,1,1,2,5.0,,0.0,0,1955.0,A01,138Â 300Â 687,1.0,-1.0,-1.0,1641169,2.0,33,,0.0,2.0,1.0,B01,138Â 300Â 689,1.0
961562,201900003093,6,8,15:15,1,2,3,1.0,1.0,54322,25 Route de Viviers,M,"49,4564550","5,5999620",54,2019,50.0,8.0,1.0,3.0,2149130,1.0,1,4,1,5.0,,0.0,0,1959.0,B01,138Â 300Â 689,2.0,-1.0,-1.0,1641168,1.0,7,,0.0,2.0,2.0,A01,138Â 300Â 687,1.0
961562,201900003093,6,8,15:15,1,2,3,1.0,1.0,54322,25 Route de Viviers,M,"49,4564550","5,5999620",54,2019,50.0,8.0,1.0,3.0,2149130,1.0,1,4,1,5.0,,0.0,0,1959.0,B01,138Â 300Â 689,2.0,-1.0,-1.0,1641169,2.0,33,,0.0,2.0,1.0,B01,138Â 300Â 689,1.0
961562,201900003093,6,8,15:15,1,2,3,1.0,1.0,54322,25 Route de Viviers,M,"49,4564550","5,5999620",54,2019,50.0,8.0,1.0,3.0,2149131,2.0,2,4,2,5.0,,0.0,0,1963.0,B01,138Â 300Â 689,2.0,-1.0,-1.0,1641168,1.0,7,,0.0,2.0,2.0,A01,138Â 300Â 687,1.0
961562,201900003093,6,8,15:15,1,2,3,1.0,1.0,54322,25 Route de Viviers,M,"49,4564550","5,5999620",54,2019,50.0,8.0,1.0,3.0,2149131,2.0,2,4,2,5.0,,0.0,0,1963.0,B01,138Â 300Â 689,2.0,-1.0,-1.0,1641169,2.0,33,,0.0,2.0,1.0,B01,138Â 300Â 689,1.0
961563,201900003094,8,14,11:50,1,1,2,1.0,3.0,44044,Cotidel,M,"47,6570680"," -1,7833090",44,2019,-1.0,1.0,1.0,3.0,2149132,1.0,1,3,1,0.0,,0.0,0,1972.0,B01,138Â 300Â 686,1.0,-1.0,-1.0,1641170,2.0,7,,0.0,2.0,2.0,B01,138Â 300Â 686,1.0
961563,201900003094,8,14,11:50,1,1,2,1.0,3.0,44044,Cotidel,M,"47,6570680"," -1,7833090",44,2019,-1.0,1.0,1.0,3.0,2149132,1.0,1,3,1,0.0,,0.0,0,1972.0,B01,138Â 300Â 686,1.0,-1.0,-1.0,1641171,2.0,7,,0.0,2.0,1.0,A01,138Â 300Â 691,1.0
961563,201900003094,8,14,11:50,1,1,2,1.0,3.0,44044,Cotidel,M,"47,6570680"," -1,7833090",44,2019,-1.0,1.0,1.0,3.0,2149133,1.0,1,1,2,0.0,,0.0,0,1991.0,A01,138Â 300Â 691,1.0,-1.0,-1.0,1641170,2.0,7,,0.0,2.0,2.0,B01,138Â 300Â 686,1.0
961563,201900003094,8,14,11:50,1,1,2,1.0,3.0,44044,Cotidel,M,"47,6570680"," -1,7833090",44,2019,-1.0,1.0,1.0,3.0,2149133,1.0,1,1,2,0.0,,0.0,0,1991.0,A01,138Â 300Â 691,1.0,-1.0,-1.0,1641171,2.0,7,,0.0,2.0,1.0,A01,138Â 300Â 691,1.0
961564,201900003095,10,22,08:15,1,2,1,1.0,4.0,75119,BD PERIPHERIQUE EXTERIEUR,M,"48,9004290","2,3834660",75,2019,70.0,1.0,1.0,4.0,2149134,2.0,2,4,1,5.0,,0.0,0,1970.0,A01,138Â 300Â 683,2.0,6.0,-1.0,1641172,2.0,32,,0.0,2.0,3.0,A01,138Â 300Â 683,1.0
961564,201900003095,10,22,08:15,1,2,1,1.0,4.0,75119,BD PERIPHERIQUE EXTERIEUR,M,"48,9004290","2,3834660",75,2019,70.0,1.0,1.0,4.0,2149134,2.0,2,4,1,5.0,,0.0,0,1970.0,A01,138Â 300Â 683,2.0,6.0,-1.0,1641173,2.0,32,,0.0,2.0,5.0,B01,138Â 300Â 684,1.0
961564,201900003095,10,22,08:15,1,2,1,1.0,4.0,75119,BD PERIPHERIQUE EXTERIEUR,M,"48,9004290","2,3834660",75,2019,70.0,1.0,1.0,4.0,2149134,2.0,2,4,1,5.0,,0.0,0,1970.0,A01,138Â 300Â 683,2.0,6.0,-1.0,1641174,2.0,7,,0.0,2.0,2.0,C01,138Â 300Â 685,1.0
961564,201900003095,10,22,08:15,1,2,1,1.0,4.0,75119,BD PERIPHERIQUE EXTERIEUR,M,"48,9004290","2,3834660",75,2019,70.0,1.0,1.0,4.0,2149134,2.0,2,4,1,5.0,,0.0,0,1970.0,A01,138Â 300Â 683,2.0,6.0,-1.0,1641175,2.0,10,,0.0,2.0,5.0,D01,138Â 300Â 688,1.0
961564,201900003095,10,22,08:15,1,2,1,1.0,4.0,75119,BD PERIPHERIQUE EXTERIEUR,M,"48,9004290","2,3834660",75,2019,70.0,1.0,1.0,4.0,2149134,2.0,2,4,1,5.0,,0.0,0,1970.0,A01,138Â 300Â 683,2.0,6.0,-1.0,1641176,2.0,10,,0.0,2.0,7.0,E01,138Â 300Â 690,1.0
961564,201900003095,10,22,08:15,1,2,1,1.0,4.0,75119,BD PERIPHERIQUE EXTERIEUR,M,"48,9004290","2,3834660",75,2019,70.0,1.0,1.0,4.0,2149134,2.0,2,4,1,5.0,,0.0,0,1970.0,A01,138Â 300Â 683,2.0,6.0,-1.0,1641177,2.0,10,,0.0,2.0,6.0,F01,138Â 300Â 692,1.0
961564,201900003095,10,22,08:15,1,2,1,1.0,4.0,75119,BD PERIPHERIQUE EXTERIEUR,M,"48,9004290","2,3834660",75,2019,70.0,1.0,1.0,4.0,2149135,1.0,1,1,1,5.0,,0.0,0,1984.0,A01,138Â 300Â 683,2.0,6.0,-1.0,1641172,2.0,32,,0.0,2.0,3.0,A01,138Â 300Â 683,1.0
961564,201900003095,10,22,08:15,1,2,1,1.0,4.0,75119,BD PERIPHERIQUE EXTERIEUR,M,"48,9004290","2,3834660",75,2019,70.0,1.0,1.0,4.0,2149135,1.0,1,1,1,5.0,,0.0,0,1984.0,A01,138Â 300Â 683,2.0,6.0,-1.0,1641173,2.0,32,,0.0,2.0,5.0,B01,138Â 300Â 684,1.0
961564,201900003095,10,22,08:15,1,2,1,1.0,4.0,75119,BD PERIPHERIQUE EXTERIEUR,M,"48,9004290","2,3834660",75,2019,70.0,1.0,1.0,4.0,2149135,1.0,1,1,1,5.0,,0.0,0,1984.0,A01,138Â 300Â 683,2.0,6.0,-1.0,1641174,2.0,7,,0.0,2.0,2.0,C01,138Â 300Â 685,1.0
961564,201900003095,10,22,08:15,1,2,1,1.0,4.0,75119,BD PERIPHERIQUE EXTERIEUR,M,"48,9004290","2,3834660",75,2019,70.0,1.0,1.0,4.0,2149135,1.0,1,1,1,5.0,,0.0,0,1984.0,A01,138Â 300Â 683,2.0,6.0,-1.0,1641175,2.0,10,,0.0,2.0,5.0,D01,138Â 300Â 688,1.0
961564,201900003095,10,22,08:15,1,2,1,1.0,4.0,75119,BD PERIPHERIQUE EXTERIEUR,M,"48,9004290","2,3834660",75,2019,70.0,1.0,1.0,4.0,2149135,1.0,1,1,1,5.0,,0.0,0,1984.0,A01,138Â 300Â 683,2.0,6.0,-1.0,1641176,2.0,10,,0.0,2.0,7.0,E01,138Â 300Â 690,1.0
961564,201900003095,10,22,08:15,1,2,1,1.0,4.0,75119,BD PERIPHERIQUE EXTERIEUR,M,"48,9004290","2,3834660",75,2019,70.0,1.0,1.0,4.0,2149135,1.0,1,1,1,5.0,,0.0,0,1984.0,A01,138Â 300Â 683,2.0,6.0,-1.0,1641177,2.0,10,,0.0,2.0,6.0,F01,138Â 300Â 692,1.0
961564,201900003095,10,22,08:15,1,2,1,1.0,4.0,75119,BD PERIPHERIQUE EXTERIEUR,M,"48,9004290","2,3834660",75,2019,70.0,1.0,1.0,4.0,2149136,1.0,1,4,1,1.0,,0.0,0,1991.0,B01,138Â 300Â 684,2.0,6.0,-1.0,1641172,2.0,32,,0.0,2.0,3.0,A01,138Â 300Â 683,1.0
961564,201900003095,10,22,08:15,1,2,1,1.0,4.0,75119,BD PERIPHERIQUE EXTERIEUR,M,"48,9004290","2,3834660",75,2019,70.0,1.0,1.0,4.0,2149136,1.0,1,4,1,1.0,,0.0,0,1991.0,B01,138Â 300Â 684,2.0,6.0,-1.0,1641173,2.0,32,,0.0,2.0,5.0,B01,138Â 300Â 684,1.0
961564,201900003095,10,22,08:15,1,2,1,1.0,4.0,75119,BD PERIPHERIQUE EXTERIEUR,M,"48,9004290","2,3834660",75,2019,70.0,1.0,1.0,4.0,2149136,1.0,1,4,1,1.0,,0.0,0,1991.0,B01,138Â 300Â 684,2.0,6.0,-1.0,1641174,2.0,7,,0.0,2.0,2.0,C01,138Â 300Â 685,1.0
961564,201900003095,10,22,08:15,1,2,1,1.0,4.0,75119,BD PERIPHERIQUE EXTERIEUR,M,"48,9004290","2,3834660",75,2019,70.0,1.0,1.0,4.0,2149136,1.0,1,4,1,1.0,,0.0,0,1991.0,B01,138Â 300Â 684,2.0,6.0,-1.0,1641175,2.0,10,,0.0,2.0,5.0,D01,138Â 300Â 688,1.0
961564,201900003095,10,22,08:15,1,2,1,1.0,4.0,75119,BD PERIPHERIQUE EXTERIEUR,M,"48,9004290","2,3834660",75,2019,70.0,1.0,1.0,4.0,2149136,1.0,1,4,1,1.0,,0.0,0,1991.0,B01,138Â 300Â 684,2.0,6.0,-1.0,1641176,2.0,10,,0.0,2.0,7.0,E01,138Â 300Â 690,1.0
961564,201900003095,10,22,08:15,1,2,1,1.0,4.0,75119,BD PERIPHERIQUE EXTERIEUR,M,"48,9004290","2,3834660",75,2019,70.0,1.0,1.0,4.0,2149136,1.0,1,4,1,1.0,,0.0,0,1991.0,B01,138Â 300Â 684,2.0,6.0,-1.0,1641177,2.0,10,,0.0,2.0,6.0,F01,138Â 300Â 692,1.0
961564,201900003095,10,22,08:15,1,2,1,1.0,4.0,75119,BD PERIPHERIQUE EXTERIEUR,M,"48,9004290","2,3834660",75,2019,70.0,1.0,1.0,4.0,2149137,1.0,1,1,2,4.0,,0.0,0,1976.0,C01,138Â 300Â 685,1.0,0.0,-1.0,1641172,2.0,32,,0.0,2.0,3.0,A01,138Â 300Â 683,1.0
961564,201900003095,10,22,08:15,1,2,1,1.0,4.0,75119,BD PERIPHERIQUE EXTERIEUR,M,"48,9004290","2,3834660",75,2019,70.0,1.0,1.0,4.0,2149137,1.0,1,1,2,4.0,,0.0,0,1976.0,C01,138Â 300Â 685,1.0,0.0,-1.0,1641173,2.0,32,,0.0,2.0,5.0,B01,138Â 300Â 684,1.0
961564,201900003095,10,22,08:15,1,2,1,1.0,4.0,75119,BD PERIPHERIQUE EXTERIEUR,M,"48,9004290","2,3834660",75,2019,70.0,1.0,1.0,4.0,2149137,1.0,1,1,2,4.0,,0.0,0,1976.0,C01,138Â 300Â 685,1.0,0.0,-1.0,1641174,2.0,7,,0.0,2.0,2.0,C01,138Â 300Â 685,1.0
961564,201900003095,10,22,08:15,1,2,1,1.0,4.0,75119,BD PERIPHERIQUE EXTERIEUR,M,"48,9004290","2,3834660",75,2019,70.0,1.0,1.0,4.0,2149137,1.0,1,1,2,4.0,,0.0,0,1976.0,C01,138Â 300Â 685,1.0,0.0,-1.0,1641175,2.0,10,,0.0,2.0,5.0,D01,138Â 300Â 688,1.0
961564,201900003095,10,22,08:15,1,2,1,1.0,4.0,75119,BD PERIPHERIQUE EXTERIEUR,M,"48,9004290","2,3834660",75,2019,70.0,1.0,1.0,4.0,2149137,1.0,1,1,2,4.0,,0.0,0,1976.0,C01,138Â 300Â 685,1.0,0.0,-1.0,1641176,2.0,10,,0.0,2.0,7.0,E01,138Â 300Â 690,1.0
961564,201900003095,10,22,08:15,1,2,1,1.0,4.0,75119,BD PERIPHERIQUE EXTERIEUR,M,"48,9004290","2,3834660",75,2019,70.0,1.0,1.0,4.0,2149137,1.0,1,1,2,4.0,,0.0,0,1976.0,C01,138Â 300Â 685,1.0,0.0,-1.0,1641177,2.0,10,,0.0,2.0,6.0,F01,138Â 300Â 692,1.0
961564,201900003095,10,22,08:15,1,2,1,1.0,4.0,75119,BD PERIPHERIQUE EXTERIEUR,M,"48,9004290","2,3834660",75,2019,70.0,1.0,1.0,4.0,2149138,1.0,1,1,1,4.0,,0.0,0,1965.0,D01,138Â 300Â 688,1.0,0.0,-1.0,1641172,2.0,32,,0.0,2.0,3.0,A01,138Â 300Â 683,1.0
961564,201900003095,10,22,08:15,1,2,1,1.0,4.0,75119,BD PERIPHERIQUE EXTERIEUR,M,"48,9004290","2,3834660",75,2019,70.0,1.0,1.0,4.0,2149138,1.0,1,1,1,4.0,,0.0,0,1965.0,D01,138Â 300Â 688,1.0,0.0,-1.0,1641173,2.0,32,,0.0,2.0,5.0,B01,138Â 300Â 684,1.0
961564,201900003095,10,22,08:15,1,2,1,1.0,4.0,75119,BD PERIPHERIQUE EXTERIEUR,M,"48,9004290","2,3834660",75,2019,70.0,1.0,1.0,4.0,2149138,1.0,1,1,1,4.0,,0.0,0,1965.0,D01,138Â 300Â 688,1.0,0.0,-1.0,1641174,2.0,7,,0.0,2.0,2.0,C01,138Â 300Â 685,1.0
961564,201900003095,10,22,08:15,1,2,1,1.0,4.0,75119,BD PERIPHERIQUE EXTERIEUR,M,"48,9004290","2,3834660",75,2019,70.0,1.0,1.0,4.0,2149138,1.0,1,1,1,4.0,,0.0,0,1965.0,D01,138Â 300Â 688,1.0,0.0,-1.0,1641175,2.0,10,,0.0,2.0,5.0,D01,138Â 300Â 688,1.0
961564,201900003095,10,22,08:15,1,2,1,1.0,4.0,75119,BD PERIPHERIQUE EXTERIEUR,M,"48,9004290","2,3834660",75,2019,70.0,1.0,1.0,4.0,2149138,1.0,1,1,1,4.0,,0.0,0,1965.0,D01,138Â 300Â 688,1.0,0.0,-1.0,1641176,2.0,10,,0.0,2.0,7.0,E01,138Â 300Â 690,1.0
961564,201900003095,10,22,08:15,1,2,1,1.0,4.0,75119,BD PERIPHERIQUE EXTERIEUR,M,"48,9004290","2,3834660",75,2019,70.0,1.0,1.0,4.0,2149138,1.0,1,1,1,4.0,,0.0,0,1965.0,D01,138Â 300Â 688,1.0,0.0,-1.0,1641177,2.0,10,,0.0,2.0,6.0,F01,138Â 300Â 692,1.0
961564,201900003095,10,22,08:15,1,2,1,1.0,4.0,75119,BD PERIPHERIQUE EXTERIEUR,M,"48,9004290","2,3834660",75,2019,70.0,1.0,1.0,4.0,2149139,1.0,1,1,1,4.0,,0.0,0,1978.0,E01,138Â 300Â 690,1.0,0.0,-1.0,1641172,2.0,32,,0.0,2.0,3.0,A01,138Â 300Â 683,1.0
961564,201900003095,10,22,08:15,1,2,1,1.0,4.0,75119,BD PERIPHERIQUE EXTERIEUR,M,"48,9004290","2,3834660",75,2019,70.0,1.0,1.0,4.0,2149139,1.0,1,1,1,4.0,,0.0,0,1978.0,E01,138Â 300Â 690,1.0,0.0,-1.0,1641173,2.0,32,,0.0,2.0,5.0,B01,138Â 300Â 684,1.0
961564,201900003095,10,22,08:15,1,2,1,1.0,4.0,75119,BD PERIPHERIQUE EXTERIEUR,M,"48,9004290","2,3834660",75,2019,70.0,1.0,1.0,4.0,2149139,1.0,1,1,1,4.0,,0.0,0,1978.0,E01,138Â 300Â 690,1.0,0.0,-1.0,1641174,2.0,7,,0.0,2.0,2.0,C01,138Â 300Â 685,1.0
961564,201900003095,10,22,08:15,1,2,1,1.0,4.0,75119,BD PERIPHERIQUE EXTERIEUR,M,"48,9004290","2,3834660",75,2019,70.0,1.0,1.0,4.0,2149139,1.0,1,1,1,4.0,,0.0,0,1978.0,E01,138Â 300Â 690,1.0,0.0,-1.0,1641175,2.0,10,,0.0,2.0,5.0,D01,138Â 300Â 688,1.0
961564,201900003095,10,22,08:15,1,2,1,1.0,4.0,75119,BD PERIPHERIQUE EXTERIEUR,M,"48,9004290","2,3834660",75,2019,70.0,1.0,1.0,4.0,2149139,1.0,1,1,1,4.0,,0.0,0,1978.0,E01,138Â 300Â 690,1.0,0.0,-1.0,1641176,2.0,10,,0.0,2.0,7.0,E01,138Â 300Â 690,1.0
961564,201900003095,10,22,08:15,1,2,1,1.0,4.0,75119,BD PERIPHERIQUE EXTERIEUR,M,"48,9004290","2,3834660",75,2019,70.0,1.0,1.0,4.0,2149139,1.0,1,1,1,4.0,,0.0,0,1978.0,E01,138Â 300Â 690,1.0,0.0,-1.0,1641177,2.0,10,,0.0,2.0,6.0,F01,138Â 300Â 692,1.0
961564,201900003095,10,22,08:15,1,2,1,1.0,4.0,75119,BD PERIPHERIQUE EXTERIEUR,M,"48,9004290","2,3834660",75,2019,70.0,1.0,1.0,4.0,2149140,1.0,1,1,1,4.0,,0.0,0,1978.0,F01,138Â 300Â 692,1.0,0.0,-1.0,1641172,2.0,32,,0.0,2.0,3.0,A01,138Â 300Â 683,1.0
961564,201900003095,10,22,08:15,1,2,1,1.0,4.0,75119,BD PERIPHERIQUE EXTERIEUR,M,"48,9004290","2,3834660",75,2019,70.0,1.0,1.0,4.0,2149140,1.0,1,1,1,4.0,,0.0,0,1978.0,F01,138Â 300Â 692,1.0,0.0,-1.0,1641173,2.0,32,,0.0,2.0,5.0,B01,138Â 300Â 684,1.0
961564,201900003095,10,22,08:15,1,2,1,1.0,4.0,75119,BD PERIPHERIQUE EXTERIEUR,M,"48,9004290","2,3834660",75,2019,70.0,1.0,1.0,4.0,2149140,1.0,1,1,1,4.0,,0.0,0,1978.0,F01,138Â 300Â 692,1.0,0.0,-1.0,1641174,2.0,7,,0.0,2.0,2.0,C01,138Â 300Â 685,1.0
961564,201900003095,10,22,08:15,1,2,1,1.0,4.0,75119,BD PERIPHERIQUE EXTERIEUR,M,"48,9004290","2,3834660",75,2019,70.0,1.0,1.0,4.0,2149140,1.0,1,1,1,4.0,,0.0,0,1978.0,F01,138Â 300Â 692,1.0,0.0,-1.0,1641175,2.0,10,,0.0,2.0,5.0,D01,138Â 300Â 688,1.0
961564,201900003095,10,22,08:15,1,2,1,1.0,4.0,75119,BD PERIPHERIQUE EXTERIEUR,M,"48,9004290","2,3834660",75,2019,70.0,1.0,1.0,4.0,2149140,1.0,1,1,1,4.0,,0.0,0,1978.0,F01,138Â 300Â 692,1.0,0.0,-1.0,1641176,2.0,10,,0.0,2.0,7.0,E01,138Â 300Â 690,1.0
961564,201900003095,10,22,08:15,1,2,1,1.0,4.0,75119,BD PERIPHERIQUE EXTERIEUR,M,"48,9004290","2,3834660",75,2019,70.0,1.0,1.0,4.0,2149140,1.0,1,1,1,4.0,,0.0,0,1978.0,F01,138Â 300Â 692,1.0,0.0,-1.0,1641177,2.0,10,,0.0,2.0,6.0,F01,138Â 300Â 692,1.0
961565,201900003096,6,9,14:02,1,1,1,2.0,2.0,01209,ROUTE DEPARTEMENTALE 1206,M,"46,0922380","5,8719120",1,2019,80.0,1.0,2.0,3.0,2149141,1.0,1,2,1,5.0,,0.0,0,1954.0,B01,138Â 300Â 680,6.0,2.0,-1.0,1641178,1.0,33,,0.0,2.0,1.0,B01,138Â 300Â 680,1.0
961565,201900003096,6,9,14:02,1,1,1,2.0,2.0,01209,ROUTE DEPARTEMENTALE 1206,M,"46,0922380","5,8719120",1,2019,80.0,1.0,2.0,3.0,2149141,1.0,1,2,1,5.0,,0.0,0,1954.0,B01,138Â 300Â 680,6.0,2.0,-1.0,1641179,1.0,7,,0.0,2.0,4.0,A01,138Â 300Â 682,6.0
961565,201900003096,6,9,14:02,1,1,1,2.0,2.0,01209,ROUTE DEPARTEMENTALE 1206,M,"46,0922380","5,8719120",1,2019,80.0,1.0,2.0,3.0,2149142,1.0,1,1,2,1.0,,0.0,0,1997.0,A01,138Â 300Â 682,1.0,-1.0,-1.0,1641178,1.0,33,,0.0,2.0,1.0,B01,138Â 300Â 680,1.0
961565,201900003096,6,9,14:02,1,1,1,2.0,2.0,01209,ROUTE DEPARTEMENTALE 1206,M,"46,0922380","5,8719120",1,2019,80.0,1.0,2.0,3.0,2149142,1.0,1,1,2,1.0,,0.0,0,1997.0,A01,138Â 300Â 682,1.0,-1.0,-1.0,1641179,1.0,7,,0.0,2.0,4.0,A01,138Â 300Â 682,6.0
961566,201900003097,8,15,08:38,1,1,1,1.0,2.0,35223,N24,M,"47,9569730"," -2,0917850",35,2019,110.0,1.0,1.0,2.0,2149143,1.0,1,3,1,5.0,,0.0,0,1955.0,B01,138Â 300Â 679,2.0,6.0,9.0,1641180,1.0,33,,13.0,0.0,4.0,B01,138Â 300Â 679,1.0
961566,201900003097,8,15,08:38,1,1,1,1.0,2.0,35223,N24,M,"47,9569730"," -2,0917850",35,2019,110.0,1.0,1.0,2.0,2149143,1.0,1,3,1,5.0,,0.0,0,1955.0,B01,138Â 300Â 679,2.0,6.0,9.0,1641181,1.0,7,,13.0,2.0,9.0,A01,138Â 300Â 681,1.0
961566,201900003097,8,15,08:38,1,1,1,1.0,2.0,35223,N24,M,"47,9569730"," -2,0917850",35,2019,110.0,1.0,1.0,2.0,2149144,2.0,2,4,2,5.0,,0.0,0,1958.0,B01,138Â 300Â 679,2.0,6.0,9.0,1641180,1.0,33,,13.0,0.0,4.0,B01,138Â 300Â 679,1.0
961566,201900003097,8,15,08:38,1,1,1,1.0,2.0,35223,N24,M,"47,9569730"," -2,0917850",35,2019,110.0,1.0,1.0,2.0,2149144,2.0,2,4,2,5.0,,0.0,0,1958.0,B01,138Â 300Â 679,2.0,6.0,9.0,1641181,1.0,7,,13.0,2.0,9.0,A01,138Â 300Â 681,1.0
961566,201900003097,8,15,08:38,1,1,1,1.0,2.0,35223,N24,M,"47,9569730"," -2,0917850",35,2019,110.0,1.0,1.0,2.0,2149145,1.0,1,3,2,5.0,,0.0,0,1988.0,A01,138Â 300Â 681,1.0,-1.0,-1.0,1641180,1.0,33,,13.0,0.0,4.0,B01,138Â 300Â 679,1.0
961566,201900003097,8,15,08:38,1,1,1,1.0,2.0,35223,N24,M,"47,9569730"," -2,0917850",35,2019,110.0,1.0,1.0,2.0,2149145,1.0,1,3,2,5.0,,0.0,0,1988.0,A01,138Â 300Â 681,1.0,-1.0,-1.0,1641181,1.0,7,,13.0,2.0,9.0,A01,138Â 300Â 681,1.0
961567,201900003098,6,2,21:25,2,1,4,1.0,3.0,01109,D 1206,M,"46,1221110","5,8963260",1,2019,70.0,8.0,1.0,3.0,2149146,1.0,1,3,1,5.0,,0.0,0,1990.0,A01,138Â 300Â 675,8.0,-1.0,-1.0,1641182,1.0,7,,0.0,2.0,3.0,A01,138Â 300Â 675,1.0
961567,201900003098,6,2,21:25,2,1,4,1.0,3.0,01109,D 1206,M,"46,1221110","5,8963260",1,2019,70.0,8.0,1.0,3.0,2149146,1.0,1,3,1,5.0,,0.0,0,1990.0,A01,138Â 300Â 675,8.0,-1.0,-1.0,1641183,2.0,7,,0.0,2.0,3.0,B01,138Â 300Â 677,1.0
961567,201900003098,6,2,21:25,2,1,4,1.0,3.0,01109,D 1206,M,"46,1221110","5,8963260",1,2019,70.0,8.0,1.0,3.0,2149147,6.0,2,2,1,5.0,,0.0,0,1986.0,B01,138Â 300Â 677,1.0,-1.0,-1.0,1641182,1.0,7,,0.0,2.0,3.0,A01,138Â 300Â 675,1.0
961567,201900003098,6,2,21:25,2,1,4,1.0,3.0,01109,D 1206,M,"46,1221110","5,8963260",1,2019,70.0,8.0,1.0,3.0,2149147,6.0,2,2,1,5.0,,0.0,0,1986.0,B01,138Â 300Â 677,1.0,-1.0,-1.0,1641183,2.0,7,,0.0,2.0,3.0,B01,138Â 300Â 677,1.0
961567,201900003098,6,2,21:25,2,1,4,1.0,3.0,01109,D 1206,M,"46,1221110","5,8963260",1,2019,70.0,8.0,1.0,3.0,2149148,1.0,1,1,1,5.0,,0.0,0,1989.0,B01,138Â 300Â 677,1.0,5.0,-1.0,1641182,1.0,7,,0.0,2.0,3.0,A01,138Â 300Â 675,1.0
961567,201900003098,6,2,21:25,2,1,4,1.0,3.0,01109,D 1206,M,"46,1221110","5,8963260",1,2019,70.0,8.0,1.0,3.0,2149148,1.0,1,1,1,5.0,,0.0,0,1989.0,B01,138Â 300Â 677,1.0,5.0,-1.0,1641183,2.0,7,,0.0,2.0,3.0,B01,138Â 300Â 677,1.0
961568,201900003099,6,7,18:50,1,1,1,6.0,2.0,22097,RN 176 PR 023+100,M,"48,4260562"," -2,1900754",22,2019,110.0,3.0,1.0,2.0,2149149,1.0,1,1,1,4.0,,0.0,0,1984.0,A01,138Â 300Â 672,1.0,-1.0,-1.0,1641184,1.0,7,,3.0,2.0,2.0,A01,138Â 300Â 672,1.0
961568,201900003099,6,7,18:50,1,1,1,6.0,2.0,22097,RN 176 PR 023+100,M,"48,4260562"," -2,1900754",22,2019,110.0,3.0,1.0,2.0,2149149,1.0,1,1,1,4.0,,0.0,0,1984.0,A01,138Â 300Â 672,1.0,-1.0,-1.0,1641185,1.0,7,,0.0,0.0,6.0,B01,138Â 300Â 673,1.0
961568,201900003099,6,7,18:50,1,1,1,6.0,2.0,22097,RN 176 PR 023+100,M,"48,4260562"," -2,1900754",22,2019,110.0,3.0,1.0,2.0,2149150,2.0,2,1,1,5.0,,0.0,0,1944.0,B01,138Â 300Â 673,1.0,-1.0,-1.0,1641184,1.0,7,,3.0,2.0,2.0,A01,138Â 300Â 672,1.0
961568,201900003099,6,7,18:50,1,1,1,6.0,2.0,22097,RN 176 PR 023+100,M,"48,4260562"," -2,1900754",22,2019,110.0,3.0,1.0,2.0,2149150,2.0,2,1,1,5.0,,0.0,0,1944.0,B01,138Â 300Â 673,1.0,-1.0,-1.0,1641185,1.0,7,,0.0,0.0,6.0,B01,138Â 300Â 673,1.0
961568,201900003099,6,7,18:50,1,1,1,6.0,2.0,22097,RN 176 PR 023+100,M,"48,4260562"," -2,1900754",22,2019,110.0,3.0,1.0,2.0,2149151,1.0,1,4,2,5.0,,0.0,0,1947.0,B01,138Â 300Â 673,1.0,-1.0,-1.0,1641184,1.0,7,,3.0,2.0,2.0,A01,138Â 300Â 672,1.0
961568,201900003099,6,7,18:50,1,1,1,6.0,2.0,22097,RN 176 PR 023+100,M,"48,4260562"," -2,1900754",22,2019,110.0,3.0,1.0,2.0,2149151,1.0,1,4,2,5.0,,0.0,0,1947.0,B01,138Â 300Â 673,1.0,-1.0,-1.0,1641185,1.0,7,,0.0,0.0,6.0,B01,138Â 300Â 673,1.0