Unnamed: 0_x,num_acc,mois,jour,hrmn,lum,agg,int,atm,col,com,adr,gps,lat,long,dep,annee,vma,situ,surf,catr,Unnamed: 0_y,place,catu,grav,sexe,trajet,secu,locp,actp,an_nais,num_veh_x,id_vehicule_x,secu1,secu2,secu3,Unnamed: 0,senc,catv,occutc,obs,obsm,choc,num_veh_y,id_vehicule_y,motor
961569,201900003100,6,17,06:30,1,1,1,1.0,2.0,22228,RN 12 PR 115 +0525 GAUCHE,M,"48,5573320"," -3,4829700",22,2019,80.0,1.0,1.0,2.0,2149152,1.0,1,4,1,4.0,,0.0,0,1990.0,B01,138Â 300Â 670,1.0,-1.0,-1.0,1641186,2.0,14,,1.0,0.0,1.0,B01,138Â 300Â 670,1.0
961569,201900003100,6,17,06:30,1,1,1,1.0,2.0,22228,RN 12 PR 115 +0525 GAUCHE,M,"48,5573320"," -3,4829700",22,2019,80.0,1.0,1.0,2.0,2149152,1.0,1,4,1,4.0,,0.0,0,1990.0,B01,138Â 300Â 670,1.0,-1.0,-1.0,1641187,2.0,15,,0.0,0.0,4.0,A01,138Â 300Â 671,1.0
961569,201900003100,6,17,06:30,1,1,1,1.0,2.0,22228,RN 12 PR 115 +0525 GAUCHE,M,"48,5573320"," -3,4829700",22,2019,80.0,1.0,1.0,2.0,2149153,1.0,1,1,1,4.0,,0.0,0,2000.0,A01,138Â 300Â 671,1.0,-1.0,-1.0,1641186,2.0,14,,1.0,0.0,1.0,B01,138Â 300Â 670,1.0
961569,201900003100,6,17,06:30,1,1,1,1.0,2.0,22228,RN 12 PR 115 +0525 GAUCHE,M,"48,5573320"," -3,4829700",22,2019,80.0,1.0,1.0,2.0,2149153,1.0,1,1,1,4.0,,0.0,0,2000.0,A01,138Â 300Â 671,1.0,-1.0,-1.0,1641187,2.0,15,,0.0,0.0,4.0,A01,138Â 300Â 671,1.0
961570,201900003101,8,4,06:00,3,1,1,1.0,6.0,35302,N164,M,"48,1909190"," -2,1627640",35,2019,80.0,3.0,1.0,4.0,2149154,1.0,1,3,1,5.0,,0.0,0,1993.0,A01,138Â 300Â 676,1.0,-1.0,-1.0,1641188,1.0,7,,0.0,0.0,0.0,A01,138Â 300Â 676,0.0
961571,201900003102,10,22,16:00,1,2,2,1.0,3.0,75104,BOULEVARD DU PALAIS,M,"48,8561897","2,3464764",75,2019,50.0,6.0,1.0,4.0,2149155,2.0,2,4,1,9.0,,0.0,0,1969.0,B01,138Â 300Â 674,1.0,0.0,-1.0,1641189,1.0,7,,0.0,2.0,1.0,B01,138Â 300Â 674,1.0
961571,201900003102,10,22,16:00,1,2,2,1.0,3.0,75104,BOULEVARD DU PALAIS,M,"48,8561897","2,3464764",75,2019,50.0,6.0,1.0,4.0,2149155,2.0,2,4,1,9.0,,0.0,0,1969.0,B01,138Â 300Â 674,1.0,0.0,-1.0,1641190,1.0,7,,0.0,2.0,3.0,A01,138Â 300Â 678,1.0
961571,201900003102,10,22,16:00,1,2,2,1.0,3.0,75104,BOULEVARD DU PALAIS,M,"48,8561897","2,3464764",75,2019,50.0,6.0,1.0,4.0,2149156,1.0,1,4,1,0.0,,0.0,0,1980.0,B01,138Â 300Â 674,1.0,0.0,-1.0,1641189,1.0,7,,0.0,2.0,1.0,B01,138Â 300Â 674,1.0
961571,201900003102,10,22,16:00,1,2,2,1.0,3.0,75104,BOULEVARD DU PALAIS,M,"48,8561897","2,3464764",75,2019,50.0,6.0,1.0,4.0,2149156,1.0,1,4,1,0.0,,0.0,0,1980.0,B01,138Â 300Â 674,1.0,0.0,-1.0,1641190,1.0,7,,0.0,2.0,3.0,A01,138Â 300Â 678,1.0
961571,201900003102,10,22,16:00,1,2,2,1.0,3.0,75104,BOULEVARD DU PALAIS,M,"48,8561897","2,3464764",75,2019,50.0,6.0,1.0,4.0,2149157,4.0,2,1,1,4.0,,0.0,0,2000.0,A01,138Â 300Â 678,1.0,0.0,-1.0,1641189,1.0,7,,0.0,2.0,1.0,B01,138Â 300Â 674,1.0
961571,201900003102,10,22,16:00,1,2,2,1.0,3.0,75104,BOULEVARD DU PALAIS,M,"48,8561897","2,3464764",75,2019,50.0,6.0,1.0,4.0,2149157,4.0,2,1,1,4.0,,0.0,0,2000.0,A01,138Â 300Â 678,1.0,0.0,-1.0,1641190,1.0,7,,0.0,2.0,3.0,A01,138Â 300Â 678,1.0
961571,201900003102,10,22,16:00,1,2,2,1.0,3.0,75104,BOULEVARD DU PALAIS,M,"48,8561897","2,3464764",75,2019,50.0,6.0,1.0,4.0,2149158,2.0,2,4,1,4.0,,0.0,0,1973.0,A01,138Â 300Â 678,1.0,0.0,-1.0,1641189,1.0,7,,0.0,2.0,1.0,B01,138Â 300Â 674,1.0
961571,201900003102,10,22,16:00,1,2,2,1.0,3.0,75104,BOULEVARD DU PALAIS,M,"48,8561897","2,3464764",75,2019,50.0,6.0,1.0,4.0,2149158,2.0,2,4,1,4.0,,0.0,0,1973.0,A01,138Â 300Â 678,1.0,0.0,-1.0,1641190,1.0,7,,0.0,2.0,3.0,A01,138Â 300Â 678,1.0
961571,201900003102,10,22,16:00,1,2,2,1.0,3.0,75104,BOULEVARD DU PALAIS,M,"48,8561897","2,3464764",75,2019,50.0,6.0,1.0,4.0,2149159,3.0,2,4,1,9.0,,0.0,0,1980.0,A01,138Â 300Â 678,1.0,0.0,-1.0,1641189,1.0,7,,0.0,2.0,1.0,B01,138Â 300Â 674,1.0
961571,201900003102,10,22,16:00,1,2,2,1.0,3.0,75104,BOULEVARD DU PALAIS,M,"48,8561897","2,3464764",75,2019,50.0,6.0,1.0,4.0,2149159,3.0,2,4,1,9.0,,0.0,0,1980.0,A01,138Â 300Â 678,1.0,0.0,-1.0,1641190,1.0,7,,0.0,2.0,3.0,A01,138Â 300Â 678,1.0
961571,201900003102,10,22,16:00,1,2,2,1.0,3.0,75104,BOULEVARD DU PALAIS,M,"48,8561897","2,3464764",75,2019,50.0,6.0,1.0,4.0,2149160,1.0,1,1,2,4.0,,0.0,0,1987.0,A01,138Â 300Â 678,1.0,0.0,-1.0,1641189,1.0,7,,0.0,2.0,1.0,B01,138Â 300Â 674,1.0
961571,201900003102,10,22,16:00,1,2,2,1.0,3.0,75104,BOULEVARD DU PALAIS,M,"48,8561897","2,3464764",75,2019,50.0,6.0,1.0,4.0,2149160,1.0,1,1,2,4.0,,0.0,0,1987.0,A01,138Â 300Â 678,1.0,0.0,-1.0,1641190,1.0,7,,0.0,2.0,3.0,A01,138Â 300Â 678,1.0
961572,201900003103,6,14,17:37,1,1,1,1.0,2.0,22225,Route Nationale12 PR 087+0500,M,"48,5525730"," -3,1273780",22,2019,110.0,1.0,1.0,2.0,2149161,1.0,1,1,1,5.0,,0.0,0,1995.0,B01,138Â 300Â 668,1.0,-1.0,-1.0,1641191,2.0,7,,0.0,2.0,1.0,B01,138Â 300Â 668,1.0
961572,201900003103,6,14,17:37,1,1,1,1.0,2.0,22225,Route Nationale12 PR 087+0500,M,"48,5525730"," -3,1273780",22,2019,110.0,1.0,1.0,2.0,2149161,1.0,1,1,1,5.0,,0.0,0,1995.0,B01,138Â 300Â 668,1.0,-1.0,-1.0,1641192,2.0,7,,0.0,2.0,4.0,A01,138Â 300Â 669,1.0
961572,201900003103,6,14,17:37,1,1,1,1.0,2.0,22225,Route Nationale12 PR 087+0500,M,"48,5525730"," -3,1273780",22,2019,110.0,1.0,1.0,2.0,2149162,9.0,2,4,2,5.0,,0.0,0,1967.0,A01,138Â 300Â 669,1.0,-1.0,-1.0,1641191,2.0,7,,0.0,2.0,1.0,B01,138Â 300Â 668,1.0
961572,201900003103,6,14,17:37,1,1,1,1.0,2.0,22225,Route Nationale12 PR 087+0500,M,"48,5525730"," -3,1273780",22,2019,110.0,1.0,1.0,2.0,2149162,9.0,2,4,2,5.0,,0.0,0,1967.0,A01,138Â 300Â 669,1.0,-1.0,-1.0,1641192,2.0,7,,0.0,2.0,4.0,A01,138Â 300Â 669,1.0
961572,201900003103,6,14,17:37,1,1,1,1.0,2.0,22225,Route Nationale12 PR 087+0500,M,"48,5525730"," -3,1273780",22,2019,110.0,1.0,1.0,2.0,2149163,2.0,2,4,1,5.0,,0.0,0,1993.0,A01,138Â 300Â 669,1.0,-1.0,-1.0,1641191,2.0,7,,0.0,2.0,1.0,B01,138Â 300Â 668,1.0
961572,201900003103,6,14,17:37,1,1,1,1.0,2.0,22225,Route Nationale12 PR 087+0500,M,"48,5525730"," -3,1273780",22,2019,110.0,1.0,1.0,2.0,2149163,2.0,2,4,1,5.0,,0.0,0,1993.0,A01,138Â 300Â 669,1.0,-1.0,-1.0,1641192,2.0,7,,0.0,2.0,4.0,A01,138Â 300Â 669,1.0
961572,201900003103,6,14,17:37,1,1,1,1.0,2.0,22225,Route Nationale12 PR 087+0500,M,"48,5525730"," -3,1273780",22,2019,110.0,1.0,1.0,2.0,2149164,1.0,1,4,1,5.0,,0.0,0,1964.0,A01,138Â 300Â 669,1.0,-1.0,-1.0,1641191,2.0,7,,0.0,2.0,1.0,B01,138Â 300Â 668,1.0
961572,201900003103,6,14,17:37,1,1,1,1.0,2.0,22225,Route Nationale12 PR 087+0500,M,"48,5525730"," -3,1273780",22,2019,110.0,1.0,1.0,2.0,2149164,1.0,1,4,1,5.0,,0.0,0,1964.0,A01,138Â 300Â 669,1.0,-1.0,-1.0,1641192,2.0,7,,0.0,2.0,4.0,A01,138Â 300Â 669,1.0
961573,201900003104,8,15,11:05,1,1,1,8.0,7.0,29274,Cleun Beuz,M,"47,9902720"," -3,6612460",29,2019,80.0,1.0,2.0,3.0,2149165,1.0,1,4,1,5.0,,0.0,0,1997.0,A01,138Â 300Â 667,2.0,6.0,9.0,1641193,2.0,33,,3.0,0.0,8.0,A01,138Â 300Â 667,1.0
961574,201900003105,8,16,17:50,1,2,6,2.0,1.0,29020,ROSCULEC,M,"48,1019490"," -3,9967800",29,2019,-1.0,1.0,2.0,4.0,2149166,1.0,1,4,2,5.0,,0.0,0,1948.0,A01,138Â 300Â 663,1.0,-1.0,-1.0,1641194,3.0,7,,0.0,2.0,2.0,A01,138Â 300Â 663,1.0
961574,201900003105,8,16,17:50,1,2,6,2.0,1.0,29020,ROSCULEC,M,"48,1019490"," -3,9967800",29,2019,-1.0,1.0,2.0,4.0,2149166,1.0,1,4,2,5.0,,0.0,0,1948.0,A01,138Â 300Â 663,1.0,-1.0,-1.0,1641195,3.0,7,,0.0,0.0,0.0,B01,138Â 300Â 666,-1.0
961575,201900003106,10,20,05:00,5,2,1,2.0,1.0,75107,AVENUE BOSQUET,M,"48,8603190","2,3027840",75,2019,30.0,1.0,2.0,4.0,2149167,4.0,2,4,2,9.0,,0.0,0,2001.0,B01,138Â 300Â 662,1.0,0.0,-1.0,1641196,1.0,7,,0.0,2.0,1.0,B01,138Â 300Â 662,1.0
961575,201900003106,10,20,05:00,5,2,1,2.0,1.0,75107,AVENUE BOSQUET,M,"48,8603190","2,3027840",75,2019,30.0,1.0,2.0,4.0,2149167,4.0,2,4,2,9.0,,0.0,0,2001.0,B01,138Â 300Â 662,1.0,0.0,-1.0,1641197,2.0,2,,0.0,2.0,1.0,A01,138Â 300Â 665,1.0
961575,201900003106,10,20,05:00,5,2,1,2.0,1.0,75107,AVENUE BOSQUET,M,"48,8603190","2,3027840",75,2019,30.0,1.0,2.0,4.0,2149168,1.0,1,1,1,4.0,,0.0,0,1969.0,B01,138Â 300Â 662,1.0,0.0,-1.0,1641196,1.0,7,,0.0,2.0,1.0,B01,138Â 300Â 662,1.0
961575,201900003106,10,20,05:00,5,2,1,2.0,1.0,75107,AVENUE BOSQUET,M,"48,8603190","2,3027840",75,2019,30.0,1.0,2.0,4.0,2149168,1.0,1,1,1,4.0,,0.0,0,1969.0,B01,138Â 300Â 662,1.0,0.0,-1.0,1641197,2.0,2,,0.0,2.0,1.0,A01,138Â 300Â 665,1.0
961575,201900003106,10,20,05:00,5,2,1,2.0,1.0,75107,AVENUE BOSQUET,M,"48,8603190","2,3027840",75,2019,30.0,1.0,2.0,4.0,2149169,1.0,1,3,1,5.0,,0.0,0,2002.0,A01,138Â 300Â 665,2.0,6.0,-1.0,1641196,1.0,7,,0.0,2.0,1.0,B01,138Â 300Â 662,1.0
961575,201900003106,10,20,05:00,5,2,1,2.0,1.0,75107,AVENUE BOSQUET,M,"48,8603190","2,3027840",75,2019,30.0,1.0,2.0,4.0,2149169,1.0,1,3,1,5.0,,0.0,0,2002.0,A01,138Â 300Â 665,2.0,6.0,-1.0,1641197,2.0,2,,0.0,2.0,1.0,A01,138Â 300Â 665,1.0
961575,201900003106,10,20,05:00,5,2,1,2.0,1.0,75107,AVENUE BOSQUET,M,"48,8603190","2,3027840",75,2019,30.0,1.0,2.0,4.0,2149170,2.0,2,4,1,5.0,,0.0,0,2002.0,A01,138Â 300Â 665,2.0,6.0,-1.0,1641196,1.0,7,,0.0,2.0,1.0,B01,138Â 300Â 662,1.0
961575,201900003106,10,20,05:00,5,2,1,2.0,1.0,75107,AVENUE BOSQUET,M,"48,8603190","2,3027840",75,2019,30.0,1.0,2.0,4.0,2149170,2.0,2,4,1,5.0,,0.0,0,2002.0,A01,138Â 300Â 665,2.0,6.0,-1.0,1641197,2.0,2,,0.0,2.0,1.0,A01,138Â 300Â 665,1.0
961576,201900003107,6,12,18:00,2,1,3,2.0,3.0,14061,D53 Saint Martin des Besaces-,M,"49,0012749"," -0,8403007",14,2019,80.0,1.0,2.0,3.0,2149171,1.0,1,1,1,5.0,,0.0,0,1980.0,A01,138Â 300Â 661,1.0,-1.0,-1.0,1641198,2.0,7,,0.0,2.0,2.0,A01,138Â 300Â 661,1.0
961576,201900003107,6,12,18:00,2,1,3,2.0,3.0,14061,D53 Saint Martin des Besaces-,M,"49,0012749"," -0,8403007",14,2019,80.0,1.0,2.0,3.0,2149171,1.0,1,1,1,5.0,,0.0,0,1980.0,A01,138Â 300Â 661,1.0,-1.0,-1.0,1641199,3.0,2,,0.0,2.0,1.0,B01,138Â 300Â 664,1.0
961576,201900003107,6,12,18:00,2,1,3,2.0,3.0,14061,D53 Saint Martin des Besaces-,M,"49,0012749"," -0,8403007",14,2019,80.0,1.0,2.0,3.0,2149172,1.0,1,3,1,1.0,,0.0,0,2003.0,B01,138Â 300Â 664,2.0,-1.0,-1.0,1641198,2.0,7,,0.0,2.0,2.0,A01,138Â 300Â 661,1.0
961576,201900003107,6,12,18:00,2,1,3,2.0,3.0,14061,D53 Saint Martin des Besaces-,M,"49,0012749"," -0,8403007",14,2019,80.0,1.0,2.0,3.0,2149172,1.0,1,3,1,1.0,,0.0,0,2003.0,B01,138Â 300Â 664,2.0,-1.0,-1.0,1641199,3.0,2,,0.0,2.0,1.0,B01,138Â 300Â 664,1.0
961577,201900003108,8,7,13:45,1,1,1,1.0,6.0,31100,D 11,M,"43,3171160","1,6196290",31,2019,80.0,1.0,1.0,3.0,2149173,1.0,1,3,1,5.0,,0.0,0,1943.0,A01,138Â 300Â 660,1.0,-1.0,-1.0,1641200,1.0,7,,2.0,0.0,3.0,A01,138Â 300Â 660,1.0
961578,201900003109,8,13,19:40,1,1,1,1.0,6.0,31076,Route DÃ©partementale 817,M,"43,1111750","0,6345480",31,2019,80.0,3.0,1.0,3.0,2149174,1.0,1,3,1,5.0,,0.0,0,1972.0,A01,138Â 300Â 656,1.0,-1.0,-1.0,1641201,2.0,7,,6.0,0.0,8.0,A01,138Â 300Â 656,1.0
961579,201900003110,6,11,18:30,1,2,2,1.0,3.0,14061,Carrefour RD 674/RD81 - Ste Marie Laumont,M,"48,9163045"," -0,9097731",14,2019,50.0,1.0,1.0,3.0,2149175,1.0,1,3,1,1.0,,0.0,0,1969.0,B01,138Â 300Â 655,1.0,-1.0,-1.0,1641202,1.0,10,,0.0,2.0,1.0,B01,138Â 300Â 655,1.0
961579,201900003110,6,11,18:30,1,2,2,1.0,3.0,14061,Carrefour RD 674/RD81 - Ste Marie Laumont,M,"48,9163045"," -0,9097731",14,2019,50.0,1.0,1.0,3.0,2149175,1.0,1,3,1,1.0,,0.0,0,1969.0,B01,138Â 300Â 655,1.0,-1.0,-1.0,1641203,2.0,7,,7.0,2.0,8.0,A01,138Â 300Â 657,1.0
961579,201900003110,6,11,18:30,1,2,2,1.0,3.0,14061,Carrefour RD 674/RD81 - Ste Marie Laumont,M,"48,9163045"," -0,9097731",14,2019,50.0,1.0,1.0,3.0,2149176,1.0,1,1,1,4.0,,0.0,0,1991.0,A01,138Â 300Â 657,1.0,-1.0,-1.0,1641202,1.0,10,,0.0,2.0,1.0,B01,138Â 300Â 655,1.0
961579,201900003110,6,11,18:30,1,2,2,1.0,3.0,14061,Carrefour RD 674/RD81 - Ste Marie Laumont,M,"48,9163045"," -0,9097731",14,2019,50.0,1.0,1.0,3.0,2149176,1.0,1,1,1,4.0,,0.0,0,1991.0,A01,138Â 300Â 657,1.0,-1.0,-1.0,1641203,2.0,7,,7.0,2.0,8.0,A01,138Â 300Â 657,1.0
961580,201900003111,10,22,12:00,1,2,5,1.0,3.0,75106,RUE DE RENNES,M,"48,8524718","2,3319467",75,2019,50.0,1.0,1.0,4.0,2149177,1.0,1,1,1,4.0,,0.0,0,1987.0,A01,138Â 300Â 658,1.0,0.0,-1.0,1641204,1.0,10,,0.0,2.0,3.0,A01,138Â 300Â 658,1.0
961580,201900003111,10,22,12:00,1,2,5,1.0,3.0,75106,RUE DE RENNES,M,"48,8524718","2,3319467",75,2019,50.0,1.0,1.0,4.0,2149177,1.0,1,1,1,4.0,,0.0,0,1987.0,A01,138Â 300Â 658,1.0,0.0,-1.0,1641205,1.0,43,,0.0,2.0,2.0,B01,138Â 300Â 659,1.0
961580,201900003111,10,22,12:00,1,2,5,1.0,3.0,75106,RUE DE RENNES,M,"48,8524718","2,3319467",75,2019,50.0,1.0,1.0,4.0,2149178,1.0,1,4,1,0.0,,0.0,0,1965.0,B01,138Â 300Â 659,2.0,6.0,-1.0,1641204,1.0,10,,0.0,2.0,3.0,A01,138Â 300Â 658,1.0
961580,201900003111,10,22,12:00,1,2,5,1.0,3.0,75106,RUE DE RENNES,M,"48,8524718","2,3319467",75,2019,50.0,1.0,1.0,4.0,2149178,1.0,1,4,1,0.0,,0.0,0,1965.0,B01,138Â 300Â 659,2.0,6.0,-1.0,1641205,1.0,43,,0.0,2.0,2.0,B01,138Â 300Â 659,1.0
961581,201900003112,6,1,08:15,1,1,1,1.0,1.0,14347,"RD 577, le mesnil auzouf",M,"48,9796470"," -0,7541780",14,2019,-1.0,1.0,1.0,3.0,2149179,1.0,1,2,1,5.0,,0.0,0,2002.0,A01,138Â 300Â 652,2.0,6.0,-1.0,1641206,2.0,2,,0.0,2.0,1.0,A01,138Â 300Â 652,1.0
961581,201900003112,6,1,08:15,1,1,1,1.0,1.0,14347,"RD 577, le mesnil auzouf",M,"48,9796470"," -0,7541780",14,2019,-1.0,1.0,1.0,3.0,2149179,1.0,1,2,1,5.0,,0.0,0,2002.0,A01,138Â 300Â 652,2.0,6.0,-1.0,1641207,1.0,17,,0.0,2.0,3.0,B01,138Â 300Â 653,1.0
961581,201900003112,6,1,08:15,1,1,1,1.0,1.0,14347,"RD 577, le mesnil auzouf",M,"48,9796470"," -0,7541780",14,2019,-1.0,1.0,1.0,3.0,2149180,1.0,1,1,1,4.0,,0.0,0,1971.0,B01,138Â 300Â 653,1.0,-1.0,-1.0,1641206,2.0,2,,0.0,2.0,1.0,A01,138Â 300Â 652,1.0
961581,201900003112,6,1,08:15,1,1,1,1.0,1.0,14347,"RD 577, le mesnil auzouf",M,"48,9796470"," -0,7541780",14,2019,-1.0,1.0,1.0,3.0,2149180,1.0,1,1,1,4.0,,0.0,0,1971.0,B01,138Â 300Â 653,1.0,-1.0,-1.0,1641207,1.0,17,,0.0,2.0,3.0,B01,138Â 300Â 653,1.0
961582,201900003113,8,14,21:30,3,1,1,1.0,3.0,31145,Route d'Auterive,M,"43,3160576","1,5286861",31,2019,80.0,1.0,1.0,3.0,2149181,1.0,1,4,1,5.0,,0.0,0,1989.0,A01,138Â 300Â 651,8.0,-1.0,-1.0,1641208,1.0,7,,0.0,2.0,7.0,A01,138Â 300Â 651,0.0
961582,201900003113,8,14,21:30,3,1,1,1.0,3.0,31145,Route d'Auterive,M,"43,3160576","1,5286861",31,2019,80.0,1.0,1.0,3.0,2149181,1.0,1,4,1,5.0,,0.0,0,1989.0,A01,138Â 300Â 651,8.0,-1.0,-1.0,1641209,1.0,7,,0.0,2.0,3.0,B01,138Â 300Â 654,0.0
961582,201900003113,8,14,21:30,3,1,1,1.0,3.0,31145,Route d'Auterive,M,"43,3160576","1,5286861",31,2019,80.0,1.0,1.0,3.0,2149182,2.0,2,4,1,5.0,,0.0,0,2003.0,B01,138Â 300Â 654,1.0,-1.0,-1.0,1641208,1.0,7,,0.0,2.0,7.0,A01,138Â 300Â 651,0.0
961582,201900003113,8,14,21:30,3,1,1,1.0,3.0,31145,Route d'Auterive,M,"43,3160576","1,5286861",31,2019,80.0,1.0,1.0,3.0,2149182,2.0,2,4,1,5.0,,0.0,0,2003.0,B01,138Â 300Â 654,1.0,-1.0,-1.0,1641209,1.0,7,,0.0,2.0,3.0,B01,138Â 300Â 654,0.0
961582,201900003113,8,14,21:30,3,1,1,1.0,3.0,31145,Route d'Auterive,M,"43,3160576","1,5286861",31,2019,80.0,1.0,1.0,3.0,2149183,1.0,1,4,1,5.0,,0.0,0,1977.0,B01,138Â 300Â 654,1.0,-1.0,-1.0,1641208,1.0,7,,0.0,2.0,7.0,A01,138Â 300Â 651,0.0
961582,201900003113,8,14,21:30,3,1,1,1.0,3.0,31145,Route d'Auterive,M,"43,3160576","1,5286861",31,2019,80.0,1.0,1.0,3.0,2149183,1.0,1,4,1,5.0,,0.0,0,1977.0,B01,138Â 300Â 654,1.0,-1.0,-1.0,1641209,1.0,7,,0.0,2.0,3.0,B01,138Â 300Â 654,0.0
961582,201900003113,8,14,21:30,3,1,1,1.0,3.0,31145,Route d'Auterive,M,"43,3160576","1,5286861",31,2019,80.0,1.0,1.0,3.0,2149184,7.0,2,4,1,5.0,,0.0,0,2010.0,B01,138Â 300Â 654,1.0,-1.0,-1.0,1641208,1.0,7,,0.0,2.0,7.0,A01,138Â 300Â 651,0.0
961582,201900003113,8,14,21:30,3,1,1,1.0,3.0,31145,Route d'Auterive,M,"43,3160576","1,5286861",31,2019,80.0,1.0,1.0,3.0,2149184,7.0,2,4,1,5.0,,0.0,0,2010.0,B01,138Â 300Â 654,1.0,-1.0,-1.0,1641209,1.0,7,,0.0,2.0,3.0,B01,138Â 300Â 654,0.0
961583,201900003114,10,22,18:15,2,2,4,1.0,3.0,75120,AVENUE LEON GAUMONT,M,"48,8510200","2,4158100",75,2019,50.0,1.0,1.0,4.0,2149185,1.0,1,1,1,0.0,,0.0,0,1900.0,B01,138Â 300Â 649,2.0,8.0,-1.0,1641210,2.0,1,,0.0,2.0,8.0,B01,138Â 300Â 649,5.0
961583,201900003114,10,22,18:15,2,2,4,1.0,3.0,75120,AVENUE LEON GAUMONT,M,"48,8510200","2,4158100",75,2019,50.0,1.0,1.0,4.0,2149185,1.0,1,1,1,0.0,,0.0,0,1900.0,B01,138Â 300Â 649,2.0,8.0,-1.0,1641211,2.0,1,,0.0,2.0,7.0,A01,138Â 300Â 650,5.0
961583,201900003114,10,22,18:15,2,2,4,1.0,3.0,75120,AVENUE LEON GAUMONT,M,"48,8510200","2,4158100",75,2019,50.0,1.0,1.0,4.0,2149186,1.0,1,4,2,0.0,,0.0,0,1976.0,A01,138Â 300Â 650,2.0,8.0,-1.0,1641210,2.0,1,,0.0,2.0,8.0,B01,138Â 300Â 649,5.0
961583,201900003114,10,22,18:15,2,2,4,1.0,3.0,75120,AVENUE LEON GAUMONT,M,"48,8510200","2,4158100",75,2019,50.0,1.0,1.0,4.0,2149186,1.0,1,4,2,0.0,,0.0,0,1976.0,A01,138Â 300Â 650,2.0,8.0,-1.0,1641211,2.0,1,,0.0,2.0,7.0,A01,138Â 300Â 650,5.0
961584,201900003115,8,16,19:28,1,1,1,1.0,7.0,38408,RD36A,M,"45,5844670","4,9982300",38,2019,80.0,3.0,1.0,3.0,2149187,1.0,1,3,1,5.0,,0.0,0,1997.0,A01,138Â 300Â 647,2.0,-1.0,-1.0,1641212,3.0,31,,16.0,0.0,1.0,A01,138Â 300Â 647,1.0
961585,201900003116,6,19,08:30,1,1,1,1.0,2.0,25629,A36 Pk 86.800,M,"47,3846940","6,4255640",25,2019,90.0,5.0,1.0,1.0,2149188,1.0,1,4,1,4.0,,0.0,0,1969.0,A01,138Â 300Â 646,8.0,-1.0,-1.0,1641213,2.0,15,,1.0,0.0,2.0,A01,138Â 300Â 646,6.0
961585,201900003116,6,19,08:30,1,1,1,1.0,2.0,25629,A36 Pk 86.800,M,"47,3846940","6,4255640",25,2019,90.0,5.0,1.0,1.0,2149188,1.0,1,4,1,4.0,,0.0,0,1969.0,A01,138Â 300Â 646,8.0,-1.0,-1.0,1641214,2.0,15,,0.0,0.0,4.0,B01,138Â 300Â 648,1.0
961585,201900003116,6,19,08:30,1,1,1,1.0,2.0,25629,A36 Pk 86.800,M,"47,3846940","6,4255640",25,2019,90.0,5.0,1.0,1.0,2149189,1.0,1,1,1,-1.0,,0.0,0,1985.0,B01,138Â 300Â 648,1.0,-1.0,-1.0,1641213,2.0,15,,1.0,0.0,2.0,A01,138Â 300Â 646,6.0
961585,201900003116,6,19,08:30,1,1,1,1.0,2.0,25629,A36 Pk 86.800,M,"47,3846940","6,4255640",25,2019,90.0,5.0,1.0,1.0,2149189,1.0,1,1,1,-1.0,,0.0,0,1985.0,B01,138Â 300Â 648,1.0,-1.0,-1.0,1641214,2.0,15,,0.0,0.0,4.0,B01,138Â 300Â 648,1.0
961586,201900003117,10,22,14:15,1,2,3,1.0,2.0,75120,AVENUE GAMBETTA,M,"48,8638150","2,3910980",75,2019,50.0,1.0,1.0,4.0,2149190,1.0,1,4,1,0.0,,0.0,0,1995.0,A01,138Â 300Â 644,2.0,6.0,-1.0,1641215,2.0,2,,0.0,2.0,1.0,A01,138Â 300Â 644,1.0
961586,201900003117,10,22,14:15,1,2,3,1.0,2.0,75120,AVENUE GAMBETTA,M,"48,8638150","2,3910980",75,2019,50.0,1.0,1.0,4.0,2149190,1.0,1,4,1,0.0,,0.0,0,1995.0,A01,138Â 300Â 644,2.0,6.0,-1.0,1641216,2.0,7,,0.0,2.0,6.0,B01,138Â 300Â 645,1.0
961586,201900003117,10,22,14:15,1,2,3,1.0,2.0,75120,AVENUE GAMBETTA,M,"48,8638150","2,3910980",75,2019,50.0,1.0,1.0,4.0,2149191,1.0,1,1,1,9.0,,0.0,0,1978.0,B01,138Â 300Â 645,1.0,0.0,-1.0,1641215,2.0,2,,0.0,2.0,1.0,A01,138Â 300Â 644,1.0
961586,201900003117,10,22,14:15,1,2,3,1.0,2.0,75120,AVENUE GAMBETTA,M,"48,8638150","2,3910980",75,2019,50.0,1.0,1.0,4.0,2149191,1.0,1,1,1,9.0,,0.0,0,1978.0,B01,138Â 300Â 645,1.0,0.0,-1.0,1641216,2.0,7,,0.0,2.0,6.0,B01,138Â 300Â 645,1.0
961587,201900003118,6,14,17:30,1,1,1,1.0,6.0,58102,La GÃ¢tine,M,"47,3871680","3,1620750",58,2019,80.0,3.0,1.0,3.0,2149192,2.0,2,1,1,4.0,,0.0,0,1987.0,A01,138Â 300Â 642,1.0,-1.0,-1.0,1641217,1.0,7,,2.0,0.0,9.0,A01,138Â 300Â 642,1.0