Unnamed: 0_x,num_acc,mois,jour,hrmn,lum,agg,int,atm,col,com,adr,gps,lat,long,dep,annee,vma,situ,surf,catr,Unnamed: 0_y,place,catu,grav,sexe,trajet,secu,locp,actp,an_nais,num_veh_x,id_vehicule_x,secu1,secu2,secu3,Unnamed: 0,senc,catv,occutc,obs,obsm,choc,num_veh_y,id_vehicule_y,motor
961587,201900003118,6,14,17:30,1,1,1,1.0,6.0,58102,La GÃ¢tine,M,"47,3871680","3,1620750",58,2019,80.0,3.0,1.0,3.0,2149193,1.0,1,4,1,4.0,,0.0,0,1999.0,A01,138Â 300Â 642,1.0,-1.0,-1.0,1641217,1.0,7,,2.0,0.0,9.0,A01,138Â 300Â 642,1.0
961587,201900003118,6,14,17:30,1,1,1,1.0,6.0,58102,La GÃ¢tine,M,"47,3871680","3,1620750",58,2019,80.0,3.0,1.0,3.0,2149194,4.0,2,1,1,4.0,,0.0,0,1991.0,A01,138Â 300Â 642,1.0,-1.0,-1.0,1641217,1.0,7,,2.0,0.0,9.0,A01,138Â 300Â 642,1.0
961588,201900003119,8,14,16:20,1,2,4,1.0,1.0,38511,RN 90,M,"45,3645990","5,9555920",38,2019,70.0,1.0,1.0,3.0,2149195,1.0,1,4,1,5.0,,0.0,0,1993.0,B01,138Â 300Â 641,2.0,6.0,-1.0,1641218,2.0,33,,0.0,2.0,1.0,B01,138Â 300Â 641,1.0
961588,201900003119,8,14,16:20,1,2,4,1.0,1.0,38511,RN 90,M,"45,3645990","5,9555920",38,2019,70.0,1.0,1.0,3.0,2149195,1.0,1,4,1,5.0,,0.0,0,1993.0,B01,138Â 300Â 641,2.0,6.0,-1.0,1641219,1.0,7,,0.0,2.0,2.0,A01,138Â 300Â 643,1.0
961588,201900003119,8,14,16:20,1,2,4,1.0,1.0,38511,RN 90,M,"45,3645990","5,9555920",38,2019,70.0,1.0,1.0,3.0,2149196,1.0,1,1,1,4.0,,0.0,0,1978.0,A01,138Â 300Â 643,1.0,-1.0,-1.0,1641218,2.0,33,,0.0,2.0,1.0,B01,138Â 300Â 641,1.0
961588,201900003119,8,14,16:20,1,2,4,1.0,1.0,38511,RN 90,M,"45,3645990","5,9555920",38,2019,70.0,1.0,1.0,3.0,2149196,1.0,1,1,1,4.0,,0.0,0,1978.0,A01,138Â 300Â 643,1.0,-1.0,-1.0,1641219,1.0,7,,0.0,2.0,2.0,A01,138Â 300Â 643,1.0
961589,201900003120,6,24,18:10,1,2,1,1.0,6.0,84089,Rue Louis LumiÃ¨re,M,"43,6785700","5,5012410",84,2019,50.0,4.0,1.0,4.0,2149197,1.0,1,3,1,1.0,,0.0,0,1963.0,A01,138Â 300Â 637,2.0,6.0,-1.0,1641220,0.0,33,,15.0,0.0,3.0,A01,138Â 300Â 637,1.0
961590,201900003121,10,22,20:55,5,2,7,1.0,5.0,75119,PLACE AUGUSTE BARON,M,"48,9001468","2,3873126",75,2019,50.0,5.0,1.0,4.0,2149198,1.0,1,1,1,0.0,,0.0,0,1981.0,B01,138Â 300Â 636,1.0,0.0,-1.0,1641221,1.0,7,,0.0,2.0,7.0,B01,138Â 300Â 636,1.0
961590,201900003121,10,22,20:55,5,2,7,1.0,5.0,75119,PLACE AUGUSTE BARON,M,"48,9001468","2,3873126",75,2019,50.0,5.0,1.0,4.0,2149198,1.0,1,1,1,0.0,,0.0,0,1981.0,B01,138Â 300Â 636,1.0,0.0,-1.0,1641222,1.0,1,,0.0,2.0,9.0,C01,138Â 300Â 638,5.0
961590,201900003121,10,22,20:55,5,2,7,1.0,5.0,75119,PLACE AUGUSTE BARON,M,"48,9001468","2,3873126",75,2019,50.0,5.0,1.0,4.0,2149198,1.0,1,1,1,0.0,,0.0,0,1981.0,B01,138Â 300Â 636,1.0,0.0,-1.0,1641223,1.0,10,,0.0,2.0,1.0,A01,138Â 300Â 639,1.0
961590,201900003121,10,22,20:55,5,2,7,1.0,5.0,75119,PLACE AUGUSTE BARON,M,"48,9001468","2,3873126",75,2019,50.0,5.0,1.0,4.0,2149199,1.0,1,4,2,0.0,,0.0,0,2000.0,C01,138Â 300Â 638,2.0,8.0,-1.0,1641221,1.0,7,,0.0,2.0,7.0,B01,138Â 300Â 636,1.0
961590,201900003121,10,22,20:55,5,2,7,1.0,5.0,75119,PLACE AUGUSTE BARON,M,"48,9001468","2,3873126",75,2019,50.0,5.0,1.0,4.0,2149199,1.0,1,4,2,0.0,,0.0,0,2000.0,C01,138Â 300Â 638,2.0,8.0,-1.0,1641222,1.0,1,,0.0,2.0,9.0,C01,138Â 300Â 638,5.0
961590,201900003121,10,22,20:55,5,2,7,1.0,5.0,75119,PLACE AUGUSTE BARON,M,"48,9001468","2,3873126",75,2019,50.0,5.0,1.0,4.0,2149199,1.0,1,4,2,0.0,,0.0,0,2000.0,C01,138Â 300Â 638,2.0,8.0,-1.0,1641223,1.0,10,,0.0,2.0,1.0,A01,138Â 300Â 639,1.0
961590,201900003121,10,22,20:55,5,2,7,1.0,5.0,75119,PLACE AUGUSTE BARON,M,"48,9001468","2,3873126",75,2019,50.0,5.0,1.0,4.0,2149200,1.0,1,1,2,0.0,,0.0,0,1973.0,A01,138Â 300Â 639,1.0,0.0,-1.0,1641221,1.0,7,,0.0,2.0,7.0,B01,138Â 300Â 636,1.0
961590,201900003121,10,22,20:55,5,2,7,1.0,5.0,75119,PLACE AUGUSTE BARON,M,"48,9001468","2,3873126",75,2019,50.0,5.0,1.0,4.0,2149200,1.0,1,1,2,0.0,,0.0,0,1973.0,A01,138Â 300Â 639,1.0,0.0,-1.0,1641222,1.0,1,,0.0,2.0,9.0,C01,138Â 300Â 638,5.0
961590,201900003121,10,22,20:55,5,2,7,1.0,5.0,75119,PLACE AUGUSTE BARON,M,"48,9001468","2,3873126",75,2019,50.0,5.0,1.0,4.0,2149200,1.0,1,1,2,0.0,,0.0,0,1973.0,A01,138Â 300Â 639,1.0,0.0,-1.0,1641223,1.0,10,,0.0,2.0,1.0,A01,138Â 300Â 639,1.0
961591,201900003122,8,17,17:00,1,2,9,1.0,7.0,70339,8 Rue des Vosges,M,"47,7543260","6,5820960",70,2019,50.0,1.0,2.0,3.0,2149201,1.0,1,4,1,5.0,,0.0,0,1990.0,A01,138Â 300Â 635,2.0,6.0,9.0,1641224,2.0,33,,0.0,0.0,7.0,A01,138Â 300Â 635,1.0
961592,201900003123,6,9,21:30,2,1,1,1.0,6.0,58033,route dÃ©partementale 2,M,"47,4903340","3,0810130",58,2019,80.0,3.0,1.0,3.0,2149202,1.0,1,3,1,5.0,,0.0,0,1925.0,A01,138Â 300Â 640,1.0,-1.0,-1.0,1641225,3.0,7,,13.0,0.0,1.0,A01,138Â 300Â 640,0.0
961592,201900003123,6,9,21:30,2,1,1,1.0,6.0,58033,route dÃ©partementale 2,M,"47,4903340","3,0810130",58,2019,80.0,3.0,1.0,3.0,2149203,2.0,2,1,2,5.0,,0.0,0,1936.0,A01,138Â 300Â 640,1.0,-1.0,-1.0,1641225,3.0,7,,13.0,0.0,1.0,A01,138Â 300Â 640,0.0
961593,201900003124,6,8,09:15,1,1,1,1.0,7.0,58086,D955A,M,"47,4111230","2,9257370",58,2019,80.0,1.0,1.0,3.0,2149204,1.0,1,3,1,5.0,,0.0,0,1983.0,A01,138Â 300Â 632,0.0,-1.0,-1.0,1641226,3.0,1,,0.0,0.0,0.0,A01,138Â 300Â 632,5.0
961594,201900003125,6,3,16:30,1,1,1,1.0,1.0,58227,La BÃ©casse,M,"47,5573500","3,0639330",58,2019,-1.0,1.0,1.0,3.0,2149205,1.0,1,1,1,4.0,,0.0,0,1974.0,B01,138Â 300Â 630,1.0,-1.0,-1.0,1641227,2.0,14,,0.0,2.0,3.0,B01,138Â 300Â 630,1.0
961594,201900003125,6,3,16:30,1,1,1,1.0,1.0,58227,La BÃ©casse,M,"47,5573500","3,0639330",58,2019,-1.0,1.0,1.0,3.0,2149205,1.0,1,1,1,4.0,,0.0,0,1974.0,B01,138Â 300Â 630,1.0,-1.0,-1.0,1641228,1.0,7,,0.0,2.0,3.0,A01,138Â 300Â 631,1.0
961594,201900003125,6,3,16:30,1,1,1,1.0,1.0,58227,La BÃ©casse,M,"47,5573500","3,0639330",58,2019,-1.0,1.0,1.0,3.0,2149206,1.0,1,2,1,1.0,,0.0,0,1997.0,A01,138Â 300Â 631,1.0,-1.0,-1.0,1641227,2.0,14,,0.0,2.0,3.0,B01,138Â 300Â 630,1.0
961594,201900003125,6,3,16:30,1,1,1,1.0,1.0,58227,La BÃ©casse,M,"47,5573500","3,0639330",58,2019,-1.0,1.0,1.0,3.0,2149206,1.0,1,2,1,1.0,,0.0,0,1997.0,A01,138Â 300Â 631,1.0,-1.0,-1.0,1641228,1.0,7,,0.0,2.0,3.0,A01,138Â 300Â 631,1.0
961595,201900003126,6,2,13:10,1,1,1,1.0,1.0,38239,D1085,M,"45,3165400","5,6030400",38,2019,90.0,1.0,1.0,3.0,2149207,1.0,1,1,1,0.0,,0.0,0,1964.0,A01,138Â 300Â 628,1.0,-1.0,-1.0,1641229,1.0,7,,0.0,2.0,1.0,A01,138Â 300Â 628,1.0
961595,201900003126,6,2,13:10,1,1,1,1.0,1.0,38239,D1085,M,"45,3165400","5,6030400",38,2019,90.0,1.0,1.0,3.0,2149207,1.0,1,1,1,0.0,,0.0,0,1964.0,A01,138Â 300Â 628,1.0,-1.0,-1.0,1641230,2.0,7,,0.0,2.0,1.0,B01,138Â 300Â 629,1.0
961595,201900003126,6,2,13:10,1,1,1,1.0,1.0,38239,D1085,M,"45,3165400","5,6030400",38,2019,90.0,1.0,1.0,3.0,2149208,1.0,1,3,2,9.0,,0.0,0,1961.0,B01,138Â 300Â 629,1.0,-1.0,-1.0,1641229,1.0,7,,0.0,2.0,1.0,A01,138Â 300Â 628,1.0
961595,201900003126,6,2,13:10,1,1,1,1.0,1.0,38239,D1085,M,"45,3165400","5,6030400",38,2019,90.0,1.0,1.0,3.0,2149208,1.0,1,3,2,9.0,,0.0,0,1961.0,B01,138Â 300Â 629,1.0,-1.0,-1.0,1641230,2.0,7,,0.0,2.0,1.0,B01,138Â 300Â 629,1.0
961596,201900003127,10,22,12:38,1,2,2,1.0,3.0,75117,AVENUE DE LA PORTE DE SAINT OUEN,M,"48,8975174","2,3289491",75,2019,50.0,1.0,1.0,4.0,2149209,1.0,1,1,1,1.0,,0.0,0,1984.0,A01,138Â 300Â 633,1.0,0.0,-1.0,1641231,1.0,7,,8.0,2.0,1.0,A01,138Â 300Â 633,1.0
961596,201900003127,10,22,12:38,1,2,2,1.0,3.0,75117,AVENUE DE LA PORTE DE SAINT OUEN,M,"48,8975174","2,3289491",75,2019,50.0,1.0,1.0,4.0,2149209,1.0,1,1,1,1.0,,0.0,0,1984.0,A01,138Â 300Â 633,1.0,0.0,-1.0,1641232,1.0,33,,0.0,2.0,8.0,B01,138Â 300Â 634,1.0
961596,201900003127,10,22,12:38,1,2,2,1.0,3.0,75117,AVENUE DE LA PORTE DE SAINT OUEN,M,"48,8975174","2,3289491",75,2019,50.0,1.0,1.0,4.0,2149210,1.0,1,4,1,1.0,,0.0,0,1977.0,B01,138Â 300Â 634,2.0,6.0,-1.0,1641231,1.0,7,,8.0,2.0,1.0,A01,138Â 300Â 633,1.0
961596,201900003127,10,22,12:38,1,2,2,1.0,3.0,75117,AVENUE DE LA PORTE DE SAINT OUEN,M,"48,8975174","2,3289491",75,2019,50.0,1.0,1.0,4.0,2149210,1.0,1,4,1,1.0,,0.0,0,1977.0,B01,138Â 300Â 634,2.0,6.0,-1.0,1641232,1.0,33,,0.0,2.0,8.0,B01,138Â 300Â 634,1.0
961597,201900003128,6,7,17:25,1,2,1,1.0,3.0,97132,Rue de la dissidence,M,"15,9700650"," -61,6428620",971,2019,50.0,1.0,1.0,4.0,2149211,1.0,1,1,1,5.0,,0.0,0,1963.0,B01,138Â 300Â 626,1.0,-1.0,-1.0,1641233,3.0,7,,0.0,2.0,7.0,B01,138Â 300Â 626,1.0
961597,201900003128,6,7,17:25,1,2,1,1.0,3.0,97132,Rue de la dissidence,M,"15,9700650"," -61,6428620",971,2019,50.0,1.0,1.0,4.0,2149211,1.0,1,1,1,5.0,,0.0,0,1963.0,B01,138Â 300Â 626,1.0,-1.0,-1.0,1641234,3.0,1,,0.0,2.0,1.0,A01,138Â 300Â 627,5.0
961597,201900003128,6,7,17:25,1,2,1,1.0,3.0,97132,Rue de la dissidence,M,"15,9700650"," -61,6428620",971,2019,50.0,1.0,1.0,4.0,2149212,1.0,1,4,1,5.0,,0.0,0,1999.0,A01,138Â 300Â 627,0.0,-1.0,-1.0,1641233,3.0,7,,0.0,2.0,7.0,B01,138Â 300Â 626,1.0
961597,201900003128,6,7,17:25,1,2,1,1.0,3.0,97132,Rue de la dissidence,M,"15,9700650"," -61,6428620",971,2019,50.0,1.0,1.0,4.0,2149212,1.0,1,4,1,5.0,,0.0,0,1999.0,A01,138Â 300Â 627,0.0,-1.0,-1.0,1641234,3.0,1,,0.0,2.0,1.0,A01,138Â 300Â 627,5.0
961598,201900003129,10,22,08:15,1,2,3,1.0,3.0,75118,RUE DE LA CHAPELLE,M,"48,8920100","2,3598170",75,2019,50.0,1.0,1.0,4.0,2149213,1.0,1,1,1,9.0,,0.0,0,1987.0,A01,138Â 300Â 624,1.0,0.0,-1.0,1641235,2.0,20,,0.0,2.0,5.0,A01,138Â 300Â 624,1.0
961598,201900003129,10,22,08:15,1,2,3,1.0,3.0,75118,RUE DE LA CHAPELLE,M,"48,8920100","2,3598170",75,2019,50.0,1.0,1.0,4.0,2149213,1.0,1,1,1,9.0,,0.0,0,1987.0,A01,138Â 300Â 624,1.0,0.0,-1.0,1641236,2.0,37,3.0,0.0,2.0,7.0,B01,138Â 300Â 625,1.0
961598,201900003129,10,22,08:15,1,2,3,1.0,3.0,75118,RUE DE LA CHAPELLE,M,"48,8920100","2,3598170",75,2019,50.0,1.0,1.0,4.0,2149214,5.0,2,4,2,1.0,,0.0,0,1984.0,B01,138Â 300Â 625,8.0,1.0,-1.0,1641235,2.0,20,,0.0,2.0,5.0,A01,138Â 300Â 624,1.0
961598,201900003129,10,22,08:15,1,2,3,1.0,3.0,75118,RUE DE LA CHAPELLE,M,"48,8920100","2,3598170",75,2019,50.0,1.0,1.0,4.0,2149214,5.0,2,4,2,1.0,,0.0,0,1984.0,B01,138Â 300Â 625,8.0,1.0,-1.0,1641236,2.0,37,3.0,0.0,2.0,7.0,B01,138Â 300Â 625,1.0
961598,201900003129,10,22,08:15,1,2,3,1.0,3.0,75118,RUE DE LA CHAPELLE,M,"48,8920100","2,3598170",75,2019,50.0,1.0,1.0,4.0,2149215,4.0,2,4,2,2.0,,0.0,0,2013.0,B01,138Â 300Â 625,8.0,1.0,-1.0,1641235,2.0,20,,0.0,2.0,5.0,A01,138Â 300Â 624,1.0
961598,201900003129,10,22,08:15,1,2,3,1.0,3.0,75118,RUE DE LA CHAPELLE,M,"48,8920100","2,3598170",75,2019,50.0,1.0,1.0,4.0,2149215,4.0,2,4,2,2.0,,0.0,0,2013.0,B01,138Â 300Â 625,8.0,1.0,-1.0,1641236,2.0,37,3.0,0.0,2.0,7.0,B01,138Â 300Â 625,1.0
961598,201900003129,10,22,08:15,1,2,3,1.0,3.0,75118,RUE DE LA CHAPELLE,M,"48,8920100","2,3598170",75,2019,50.0,1.0,1.0,4.0,2149216,1.0,1,1,1,4.0,,0.0,0,1987.0,B01,138Â 300Â 625,1.0,0.0,-1.0,1641235,2.0,20,,0.0,2.0,5.0,A01,138Â 300Â 624,1.0
961598,201900003129,10,22,08:15,1,2,3,1.0,3.0,75118,RUE DE LA CHAPELLE,M,"48,8920100","2,3598170",75,2019,50.0,1.0,1.0,4.0,2149216,1.0,1,1,1,4.0,,0.0,0,1987.0,B01,138Â 300Â 625,1.0,0.0,-1.0,1641236,2.0,37,3.0,0.0,2.0,7.0,B01,138Â 300Â 625,1.0
961599,201900003130,8,14,10:25,1,2,4,1.0,7.0,70390,rue de vesoul,M,"47,6210440","6,2875100",70,2019,80.0,3.0,1.0,3.0,2149217,2.0,2,3,1,4.0,,0.0,0,1965.0,A01,138Â 300Â 623,0.0,-1.0,-1.0,1641237,1.0,21,,2.0,9.0,1.0,A01,138Â 300Â 623,1.0
961599,201900003130,8,14,10:25,1,2,4,1.0,7.0,70390,rue de vesoul,M,"47,6210440","6,2875100",70,2019,80.0,3.0,1.0,3.0,2149218,1.0,1,1,1,4.0,,0.0,0,1985.0,A01,138Â 300Â 623,0.0,-1.0,-1.0,1641237,1.0,21,,2.0,9.0,1.0,A01,138Â 300Â 623,1.0
961600,201900003131,6,6,17:45,1,2,9,1.0,3.0,62261,Avenue d'Ãtaples,M,"50,5069470","1,6273140",62,2019,50.0,1.0,1.0,3.0,2149219,1.0,1,1,2,5.0,,0.0,0,1939.0,B01,138Â 300Â 621,1.0,-1.0,-1.0,1641238,1.0,10,,0.0,2.0,8.0,B01,138Â 300Â 621,0.0
961600,201900003131,6,6,17:45,1,2,9,1.0,3.0,62261,Avenue d'Ãtaples,M,"50,5069470","1,6273140",62,2019,50.0,1.0,1.0,3.0,2149219,1.0,1,1,2,5.0,,0.0,0,1939.0,B01,138Â 300Â 621,1.0,-1.0,-1.0,1641239,1.0,1,,0.0,2.0,1.0,A01,138Â 300Â 622,0.0
961600,201900003131,6,6,17:45,1,2,9,1.0,3.0,62261,Avenue d'Ãtaples,M,"50,5069470","1,6273140",62,2019,50.0,1.0,1.0,3.0,2149220,1.0,1,4,1,2.0,,0.0,0,2001.0,A01,138Â 300Â 622,0.0,-1.0,-1.0,1641238,1.0,10,,0.0,2.0,8.0,B01,138Â 300Â 621,0.0
961600,201900003131,6,6,17:45,1,2,9,1.0,3.0,62261,Avenue d'Ãtaples,M,"50,5069470","1,6273140",62,2019,50.0,1.0,1.0,3.0,2149220,1.0,1,4,1,2.0,,0.0,0,2001.0,A01,138Â 300Â 622,0.0,-1.0,-1.0,1641239,1.0,1,,0.0,2.0,1.0,A01,138Â 300Â 622,0.0
961601,201900003132,8,15,15:00,1,1,1,1.0,7.0,26069,"D518, 200 mÃ¨tes de la borne kilomÃ©trique 49",M,"44,7986400","5,3839460",26,2019,80.0,1.0,1.0,3.0,2149221,1.0,1,4,2,5.0,,0.0,0,1981.0,A01,138Â 300Â 620,2.0,6.0,9.0,1641240,3.0,33,,0.0,0.0,0.0,A01,138Â 300Â 620,1.0
961602,201900003133,10,20,18:55,5,2,2,2.0,6.0,75116,AVENUE KLEBER,M,"48,8690260","2,2915810",75,2019,50.0,1.0,2.0,4.0,2149222,10.0,3,4,2,5.0,,3.0,3,1941.0,A01,138Â 300Â 619,0.0,-1.0,-1.0,1641241,2.0,7,,0.0,1.0,3.0,A01,138Â 300Â 619,1.0
961602,201900003133,10,20,18:55,5,2,2,2.0,6.0,75116,AVENUE KLEBER,M,"48,8690260","2,2915810",75,2019,50.0,1.0,2.0,4.0,2149223,1.0,1,1,1,4.0,,0.0,0,1987.0,A01,138Â 300Â 619,1.0,0.0,-1.0,1641241,2.0,7,,0.0,1.0,3.0,A01,138Â 300Â 619,1.0
961603,201900003134,5,28,18:15,1,2,1,1.0,2.0,62571,Rue Joseph Daubrege,M,"50,4610180","1,6135560",62,2019,50.0,1.0,1.0,3.0,2149224,1.0,1,1,2,5.0,,0.0,0,1945.0,B01,138Â 300Â 617,1.0,-1.0,-1.0,1641242,0.0,7,,0.0,2.0,4.0,B01,138Â 300Â 617,0.0
961603,201900003134,5,28,18:15,1,2,1,1.0,2.0,62571,Rue Joseph Daubrege,M,"50,4610180","1,6135560",62,2019,50.0,1.0,1.0,3.0,2149224,1.0,1,1,2,5.0,,0.0,0,1945.0,B01,138Â 300Â 617,1.0,-1.0,-1.0,1641243,0.0,2,,0.0,2.0,1.0,A01,138Â 300Â 618,0.0
961603,201900003134,5,28,18:15,1,2,1,1.0,2.0,62571,Rue Joseph Daubrege,M,"50,4610180","1,6135560",62,2019,50.0,1.0,1.0,3.0,2149225,1.0,1,4,1,5.0,,0.0,0,2005.0,A01,138Â 300Â 618,2.0,-1.0,-1.0,1641242,0.0,7,,0.0,2.0,4.0,B01,138Â 300Â 617,0.0
961603,201900003134,5,28,18:15,1,2,1,1.0,2.0,62571,Rue Joseph Daubrege,M,"50,4610180","1,6135560",62,2019,50.0,1.0,1.0,3.0,2149225,1.0,1,4,1,5.0,,0.0,0,2005.0,A01,138Â 300Â 618,2.0,-1.0,-1.0,1641243,0.0,2,,0.0,2.0,1.0,A01,138Â 300Â 618,0.0
961604,201900003135,10,22,08:30,1,2,4,1.0,3.0,75115,BOULEVARD DE GRENELLE,M,"48,8509254","2,2920938",75,2019,50.0,1.0,1.0,4.0,2149226,1.0,1,1,2,1.0,,0.0,0,1974.0,A01,138Â 300Â 615,1.0,0.0,-1.0,1641244,1.0,7,,0.0,2.0,7.0,A01,138Â 300Â 615,1.0
961604,201900003135,10,22,08:30,1,2,4,1.0,3.0,75115,BOULEVARD DE GRENELLE,M,"48,8509254","2,2920938",75,2019,50.0,1.0,1.0,4.0,2149226,1.0,1,1,2,1.0,,0.0,0,1974.0,A01,138Â 300Â 615,1.0,0.0,-1.0,1641245,1.0,2,,0.0,2.0,8.0,B01,138Â 300Â 616,1.0
961604,201900003135,10,22,08:30,1,2,4,1.0,3.0,75115,BOULEVARD DE GRENELLE,M,"48,8509254","2,2920938",75,2019,50.0,1.0,1.0,4.0,2149227,1.0,1,4,1,0.0,,0.0,0,1986.0,B01,138Â 300Â 616,2.0,6.0,-1.0,1641244,1.0,7,,0.0,2.0,7.0,A01,138Â 300Â 615,1.0
961604,201900003135,10,22,08:30,1,2,4,1.0,3.0,75115,BOULEVARD DE GRENELLE,M,"48,8509254","2,2920938",75,2019,50.0,1.0,1.0,4.0,2149227,1.0,1,4,1,0.0,,0.0,0,1986.0,B01,138Â 300Â 616,2.0,6.0,-1.0,1641245,1.0,2,,0.0,2.0,8.0,B01,138Â 300Â 616,1.0
961605,201900003136,8,15,18:15,1,1,1,1.0,1.0,58157,RD 286,M,"47,3215060","3,9350040",58,2019,80.0,1.0,1.0,3.0,2149228,1.0,1,1,2,1.0,,0.0,0,2000.0,A01,138Â 300Â 612,1.0,-1.0,-1.0,1641246,1.0,7,,0.0,2.0,3.0,A01,138Â 300Â 612,1.0
961605,201900003136,8,15,18:15,1,1,1,1.0,1.0,58157,RD 286,M,"47,3215060","3,9350040",58,2019,80.0,1.0,1.0,3.0,2149228,1.0,1,1,2,1.0,,0.0,0,2000.0,A01,138Â 300Â 612,1.0,-1.0,-1.0,1641247,2.0,7,,0.0,2.0,3.0,B01,138Â 300Â 613,1.0
961605,201900003136,8,15,18:15,1,1,1,1.0,1.0,58157,RD 286,M,"47,3215060","3,9350040",58,2019,80.0,1.0,1.0,3.0,2149229,1.0,1,3,2,1.0,,0.0,0,1970.0,B01,138Â 300Â 613,1.0,-1.0,-1.0,1641246,1.0,7,,0.0,2.0,3.0,A01,138Â 300Â 612,1.0
961605,201900003136,8,15,18:15,1,1,1,1.0,1.0,58157,RD 286,M,"47,3215060","3,9350040",58,2019,80.0,1.0,1.0,3.0,2149229,1.0,1,3,2,1.0,,0.0,0,1970.0,B01,138Â 300Â 613,1.0,-1.0,-1.0,1641247,2.0,7,,0.0,2.0,3.0,B01,138Â 300Â 613,1.0
961606,201900003137,5,31,20:00,1,1,3,1.0,3.0,69228,route de givors,M,"45,5439910","4,6579160",69,2019,70.0,1.0,1.0,1.0,2149230,1.0,1,1,1,4.0,,0.0,0,1980.0,B01,138Â 300Â 609,8.0,-1.0,-1.0,1641248,2.0,15,,0.0,2.0,6.0,B01,138Â 300Â 609,0.0
961606,201900003137,5,31,20:00,1,1,3,1.0,3.0,69228,route de givors,M,"45,5439910","4,6579160",69,2019,70.0,1.0,1.0,1.0,2149230,1.0,1,1,1,4.0,,0.0,0,1980.0,B01,138Â 300Â 609,8.0,-1.0,-1.0,1641249,1.0,33,,0.0,2.0,1.0,A01,138Â 300Â 611,0.0
961606,201900003137,5,31,20:00,1,1,3,1.0,3.0,69228,route de givors,M,"45,5439910","4,6579160",69,2019,70.0,1.0,1.0,1.0,2149231,1.0,1,4,1,5.0,,0.0,0,1985.0,A01,138Â 300Â 611,2.0,6.0,-1.0,1641248,2.0,15,,0.0,2.0,6.0,B01,138Â 300Â 609,0.0
961606,201900003137,5,31,20:00,1,1,3,1.0,3.0,69228,route de givors,M,"45,5439910","4,6579160",69,2019,70.0,1.0,1.0,1.0,2149231,1.0,1,4,1,5.0,,0.0,0,1985.0,A01,138Â 300Â 611,2.0,6.0,-1.0,1641249,1.0,33,,0.0,2.0,1.0,A01,138Â 300Â 611,0.0
961607,201900003138,10,21,14:45,1,2,2,1.0,3.0,75115,RUE LOUIS VICAT,M,"48,8254250","2,3005206",75,2019,50.0,1.0,1.0,4.0,2149232,1.0,1,1,1,5.0,,0.0,0,1992.0,B01,138Â 300Â 608,1.0,0.0,-1.0,1641250,1.0,7,,0.0,2.0,6.0,B01,138Â 300Â 608,1.0
961607,201900003138,10,21,14:45,1,2,2,1.0,3.0,75115,RUE LOUIS VICAT,M,"48,8254250","2,3005206",75,2019,50.0,1.0,1.0,4.0,2149232,1.0,1,1,1,5.0,,0.0,0,1992.0,B01,138Â 300Â 608,1.0,0.0,-1.0,1641251,1.0,7,,0.0,2.0,2.0,A01,138Â 300Â 610,1.0
961607,201900003138,10,21,14:45,1,2,2,1.0,3.0,75115,RUE LOUIS VICAT,M,"48,8254250","2,3005206",75,2019,50.0,1.0,1.0,4.0,2149233,3.0,2,1,2,5.0,,0.0,0,2019.0,A01,138Â 300Â 610,3.0,-1.0,-1.0,1641250,1.0,7,,0.0,2.0,6.0,B01,138Â 300Â 608,1.0
961607,201900003138,10,21,14:45,1,2,2,1.0,3.0,75115,RUE LOUIS VICAT,M,"48,8254250","2,3005206",75,2019,50.0,1.0,1.0,4.0,2149233,3.0,2,1,2,5.0,,0.0,0,2019.0,A01,138Â 300Â 610,3.0,-1.0,-1.0,1641251,1.0,7,,0.0,2.0,2.0,A01,138Â 300Â 610,1.0
961607,201900003138,10,21,14:45,1,2,2,1.0,3.0,75115,RUE LOUIS VICAT,M,"48,8254250","2,3005206",75,2019,50.0,1.0,1.0,4.0,2149234,5.0,2,1,1,5.0,,0.0,0,2015.0,A01,138Â 300Â 610,3.0,0.0,-1.0,1641250,1.0,7,,0.0,2.0,6.0,B01,138Â 300Â 608,1.0
961607,201900003138,10,21,14:45,1,2,2,1.0,3.0,75115,RUE LOUIS VICAT,M,"48,8254250","2,3005206",75,2019,50.0,1.0,1.0,4.0,2149234,5.0,2,1,1,5.0,,0.0,0,2015.0,A01,138Â 300Â 610,3.0,0.0,-1.0,1641251,1.0,7,,0.0,2.0,2.0,A01,138Â 300Â 610,1.0
961607,201900003138,10,21,14:45,1,2,2,1.0,3.0,75115,RUE LOUIS VICAT,M,"48,8254250","2,3005206",75,2019,50.0,1.0,1.0,4.0,2149235,4.0,2,4,2,5.0,,0.0,0,2012.0,A01,138Â 300Â 610,3.0,-1.0,-1.0,1641250,1.0,7,,0.0,2.0,6.0,B01,138Â 300Â 608,1.0
961607,201900003138,10,21,14:45,1,2,2,1.0,3.0,75115,RUE LOUIS VICAT,M,"48,8254250","2,3005206",75,2019,50.0,1.0,1.0,4.0,2149235,4.0,2,4,2,5.0,,0.0,0,2012.0,A01,138Â 300Â 610,3.0,-1.0,-1.0,1641251,1.0,7,,0.0,2.0,2.0,A01,138Â 300Â 610,1.0
961607,201900003138,10,21,14:45,1,2,2,1.0,3.0,75115,RUE LOUIS VICAT,M,"48,8254250","2,3005206",75,2019,50.0,1.0,1.0,4.0,2149236,1.0,1,1,2,5.0,,0.0,0,1988.0,A01,138Â 300Â 610,1.0,0.0,-1.0,1641250,1.0,7,,0.0,2.0,6.0,B01,138Â 300Â 608,1.0