Unnamed: 0_x,num_acc,mois,jour,hrmn,lum,agg,int,atm,col,com,adr,gps,lat,long,dep,annee,vma,situ,surf,catr,Unnamed: 0_y,place,catu,grav,sexe,trajet,secu,locp,actp,an_nais,num_veh_x,id_vehicule_x,secu1,secu2,secu3,Unnamed: 0,senc,catv,occutc,obs,obsm,choc,num_veh_y,id_vehicule_y,motor
961607,201900003138,10,21,14:45,1,2,2,1.0,3.0,75115,RUE LOUIS VICAT,M,"48,8254250","2,3005206",75,2019,50.0,1.0,1.0,4.0,2149236,1.0,1,1,2,5.0,,0.0,0,1988.0,A01,138Â 300Â 610,1.0,0.0,-1.0,1641251,1.0,7,,0.0,2.0,2.0,A01,138Â 300Â 610,1.0
961608,201900003139,8,15,11:10,1,2,5,1.0,4.0,54211,2 rue du faubourg frÃ©monville,M,"48,5965960","6,8912660",54,2019,50.0,1.0,1.0,3.0,2149237,1.0,1,3,1,0.0,,0.0,0,1964.0,A01,138Â 300Â 604,2.0,6.0,-1.0,1641252,1.0,33,,1.0,0.0,2.0,A01,138Â 300Â 604,0.0
961608,201900003139,8,15,11:10,1,2,5,1.0,4.0,54211,2 rue du faubourg frÃ©monville,M,"48,5965960","6,8912660",54,2019,50.0,1.0,1.0,3.0,2149237,1.0,1,3,1,0.0,,0.0,0,1964.0,A01,138Â 300Â 604,2.0,6.0,-1.0,1641253,1.0,7,,1.0,0.0,8.0,B01,138Â 300Â 606,0.0
961608,201900003139,8,15,11:10,1,2,5,1.0,4.0,54211,2 rue du faubourg frÃ©monville,M,"48,5965960","6,8912660",54,2019,50.0,1.0,1.0,3.0,2149237,1.0,1,3,1,0.0,,0.0,0,1964.0,A01,138Â 300Â 604,2.0,6.0,-1.0,1641254,1.0,7,,1.0,0.0,5.0,C01,138Â 300Â 607,0.0
961608,201900003139,8,15,11:10,1,2,5,1.0,4.0,54211,2 rue du faubourg frÃ©monville,M,"48,5965960","6,8912660",54,2019,50.0,1.0,1.0,3.0,2149238,1.0,1,1,1,-1.0,,-1.0, -1,1981.0,B01,138Â 300Â 606,8.0,-1.0,-1.0,1641252,1.0,33,,1.0,0.0,2.0,A01,138Â 300Â 604,0.0
961608,201900003139,8,15,11:10,1,2,5,1.0,4.0,54211,2 rue du faubourg frÃ©monville,M,"48,5965960","6,8912660",54,2019,50.0,1.0,1.0,3.0,2149238,1.0,1,1,1,-1.0,,-1.0, -1,1981.0,B01,138Â 300Â 606,8.0,-1.0,-1.0,1641253,1.0,7,,1.0,0.0,8.0,B01,138Â 300Â 606,0.0
961608,201900003139,8,15,11:10,1,2,5,1.0,4.0,54211,2 rue du faubourg frÃ©monville,M,"48,5965960","6,8912660",54,2019,50.0,1.0,1.0,3.0,2149238,1.0,1,1,1,-1.0,,-1.0, -1,1981.0,B01,138Â 300Â 606,8.0,-1.0,-1.0,1641254,1.0,7,,1.0,0.0,5.0,C01,138Â 300Â 607,0.0
961608,201900003139,8,15,11:10,1,2,5,1.0,4.0,54211,2 rue du faubourg frÃ©monville,M,"48,5965960","6,8912660",54,2019,50.0,1.0,1.0,3.0,2149239,1.0,1,1,2,-1.0,,-1.0, -1,1983.0,C01,138Â 300Â 607,8.0,-1.0,-1.0,1641252,1.0,33,,1.0,0.0,2.0,A01,138Â 300Â 604,0.0
961608,201900003139,8,15,11:10,1,2,5,1.0,4.0,54211,2 rue du faubourg frÃ©monville,M,"48,5965960","6,8912660",54,2019,50.0,1.0,1.0,3.0,2149239,1.0,1,1,2,-1.0,,-1.0, -1,1983.0,C01,138Â 300Â 607,8.0,-1.0,-1.0,1641253,1.0,7,,1.0,0.0,8.0,B01,138Â 300Â 606,0.0
961608,201900003139,8,15,11:10,1,2,5,1.0,4.0,54211,2 rue du faubourg frÃ©monville,M,"48,5965960","6,8912660",54,2019,50.0,1.0,1.0,3.0,2149239,1.0,1,1,2,-1.0,,-1.0, -1,1983.0,C01,138Â 300Â 607,8.0,-1.0,-1.0,1641254,1.0,7,,1.0,0.0,5.0,C01,138Â 300Â 607,0.0
961609,201900003140,6,2,17:00,1,1,1,7.0,1.0,59107,D947,M,"51,0699460","2,5113690",59,2019,80.0,1.0,1.0,3.0,2149240,1.0,1,1,1,5.0,,0.0,0,1973.0,B01,138Â 300Â 603,1.0,-1.0,-1.0,1641255,1.0,7,,0.0,2.0,4.0,B01,138Â 300Â 603,1.0
961609,201900003140,6,2,17:00,1,1,1,7.0,1.0,59107,D947,M,"51,0699460","2,5113690",59,2019,80.0,1.0,1.0,3.0,2149240,1.0,1,1,1,5.0,,0.0,0,1973.0,B01,138Â 300Â 603,1.0,-1.0,-1.0,1641256,1.0,33,,0.0,2.0,1.0,A01,138Â 300Â 605,1.0
961609,201900003140,6,2,17:00,1,1,1,7.0,1.0,59107,D947,M,"51,0699460","2,5113690",59,2019,80.0,1.0,1.0,3.0,2149241,2.0,2,3,2,5.0,,0.0,0,1976.0,A01,138Â 300Â 605,2.0,6.0,-1.0,1641255,1.0,7,,0.0,2.0,4.0,B01,138Â 300Â 603,1.0
961609,201900003140,6,2,17:00,1,1,1,7.0,1.0,59107,D947,M,"51,0699460","2,5113690",59,2019,80.0,1.0,1.0,3.0,2149241,2.0,2,3,2,5.0,,0.0,0,1976.0,A01,138Â 300Â 605,2.0,6.0,-1.0,1641256,1.0,33,,0.0,2.0,1.0,A01,138Â 300Â 605,1.0
961609,201900003140,6,2,17:00,1,1,1,7.0,1.0,59107,D947,M,"51,0699460","2,5113690",59,2019,80.0,1.0,1.0,3.0,2149242,1.0,1,3,1,5.0,,0.0,0,1956.0,A01,138Â 300Â 605,2.0,6.0,-1.0,1641255,1.0,7,,0.0,2.0,4.0,B01,138Â 300Â 603,1.0
961609,201900003140,6,2,17:00,1,1,1,7.0,1.0,59107,D947,M,"51,0699460","2,5113690",59,2019,80.0,1.0,1.0,3.0,2149242,1.0,1,3,1,5.0,,0.0,0,1956.0,A01,138Â 300Â 605,2.0,6.0,-1.0,1641256,1.0,33,,0.0,2.0,1.0,A01,138Â 300Â 605,1.0
961610,201900003141,8,14,16:19,1,2,9,1.0,7.0,54177,D19,M,"48,6289580","6,6949870",54,2019,50.0,1.0,1.0,3.0,2149243,1.0,1,2,1,1.0,,0.0,0,1966.0,A01,138Â 300Â 602,0.0,-1.0,-1.0,1641257,1.0,21,,6.0,0.0,2.0,A01,138Â 300Â 602,1.0
961611,201900003142,6,3,16:20,1,2,3,1.0,3.0,97413,"Rue Adrien Lagourgue, LE PITON",M," -21,2166610","55,3080870",974,2019,50.0,1.0,1.0,3.0,2149244,1.0,1,4,1,5.0,,0.0,0,1987.0,B01,138Â 300Â 598,0.0,-1.0,-1.0,1641258,2.0,1,,0.0,2.0,1.0,B01,138Â 300Â 598,5.0
961611,201900003142,6,3,16:20,1,2,3,1.0,3.0,97413,"Rue Adrien Lagourgue, LE PITON",M," -21,2166610","55,3080870",974,2019,50.0,1.0,1.0,3.0,2149244,1.0,1,4,1,5.0,,0.0,0,1987.0,B01,138Â 300Â 598,0.0,-1.0,-1.0,1641259,1.0,7,,0.0,9.0,7.0,A01,138Â 300Â 600,1.0
961611,201900003142,6,3,16:20,1,2,3,1.0,3.0,97413,"Rue Adrien Lagourgue, LE PITON",M," -21,2166610","55,3080870",974,2019,50.0,1.0,1.0,3.0,2149245,1.0,1,1,1,5.0,,0.0,0,1940.0,A01,138Â 300Â 600,1.0,-1.0,-1.0,1641258,2.0,1,,0.0,2.0,1.0,B01,138Â 300Â 598,5.0
961611,201900003142,6,3,16:20,1,2,3,1.0,3.0,97413,"Rue Adrien Lagourgue, LE PITON",M," -21,2166610","55,3080870",974,2019,50.0,1.0,1.0,3.0,2149245,1.0,1,1,1,5.0,,0.0,0,1940.0,A01,138Â 300Â 600,1.0,-1.0,-1.0,1641259,1.0,7,,0.0,9.0,7.0,A01,138Â 300Â 600,1.0
961612,201900003143,8,14,20:08,2,1,1,2.0,1.0,72239,La croix,M,"47,9228910"," -0,2648960",72,2019,70.0,1.0,2.0,3.0,2149246,1.0,1,4,2,9.0,,0.0,0,1994.0,B01,138Â 300Â 597,1.0,-1.0,-1.0,1641260,1.0,7,,0.0,2.0,3.0,B01,138Â 300Â 597,1.0
961612,201900003143,8,14,20:08,2,1,1,2.0,1.0,72239,La croix,M,"47,9228910"," -0,2648960",72,2019,70.0,1.0,2.0,3.0,2149246,1.0,1,4,2,9.0,,0.0,0,1994.0,B01,138Â 300Â 597,1.0,-1.0,-1.0,1641261,2.0,7,,3.0,2.0,3.0,A01,138Â 300Â 599,1.0
961612,201900003143,8,14,20:08,2,1,1,2.0,1.0,72239,La croix,M,"47,9228910"," -0,2648960",72,2019,70.0,1.0,2.0,3.0,2149247,1.0,1,4,1,0.0,,0.0,0,1968.0,A01,138Â 300Â 599,1.0,-1.0,-1.0,1641260,1.0,7,,0.0,2.0,3.0,B01,138Â 300Â 597,1.0
961612,201900003143,8,14,20:08,2,1,1,2.0,1.0,72239,La croix,M,"47,9228910"," -0,2648960",72,2019,70.0,1.0,2.0,3.0,2149247,1.0,1,4,1,0.0,,0.0,0,1968.0,A01,138Â 300Â 599,1.0,-1.0,-1.0,1641261,2.0,7,,3.0,2.0,3.0,A01,138Â 300Â 599,1.0
961613,201900003144,6,14,20:14,2,1,1,1.0,7.0,65062,D119,M,"43,1863911","0,1170945",65,2019,80.0,8.0,1.0,3.0,2149248,1.0,1,3,1,5.0,,0.0,0,1943.0,A01,138Â 300Â 596,1.0,-1.0,-1.0,1641262,1.0,7,,0.0,0.0,1.0,A01,138Â 300Â 596,1.0
961614,201900003145,10,21,12:55,1,2,4,1.0,6.0,75115,RUE DE LA FEDERATION,M,"48,8527996","2,2983367",75,2019,50.0,1.0,1.0,4.0,2149249,10.0,3,4,2,0.0,,3.0,3,1980.0,A01,138Â 300Â 601,0.0,-1.0,-1.0,1641263,1.0,7,,0.0,1.0,1.0,A01,138Â 300Â 601,1.0
961614,201900003145,10,21,12:55,1,2,4,1.0,6.0,75115,RUE DE LA FEDERATION,M,"48,8527996","2,2983367",75,2019,50.0,1.0,1.0,4.0,2149250,1.0,1,1,1,5.0,,0.0,0,1942.0,A01,138Â 300Â 601,1.0,0.0,-1.0,1641263,1.0,7,,0.0,1.0,1.0,A01,138Â 300Â 601,1.0
961615,201900003146,6,8,22:30,3,2,1,1.0,6.0,65146,RN21,M,"43,2933090","0,1148420",65,2019,70.0,3.0,1.0,2.0,2149251,5.0,2,4,1,5.0,,0.0,0,1988.0,A01,138Â 300Â 591,8.0,-1.0,-1.0,1641264,2.0,7,,6.0,0.0,1.0,A01,138Â 300Â 591,1.0
961615,201900003146,6,8,22:30,3,2,1,1.0,6.0,65146,RN21,M,"43,2933090","0,1148420",65,2019,70.0,3.0,1.0,2.0,2149252,1.0,1,1,1,5.0,,0.0,0,1987.0,A01,138Â 300Â 591,1.0,-1.0,-1.0,1641264,2.0,7,,6.0,0.0,1.0,A01,138Â 300Â 591,1.0
961615,201900003146,6,8,22:30,3,2,1,1.0,6.0,65146,RN21,M,"43,2933090","0,1148420",65,2019,70.0,3.0,1.0,2.0,2149253,4.0,2,3,1,5.0,,0.0,0,1988.0,A01,138Â 300Â 591,8.0,-1.0,-1.0,1641264,2.0,7,,6.0,0.0,1.0,A01,138Â 300Â 591,1.0
961616,201900003147,8,14,14:50,1,1,1,1.0,5.0,06136,RD2204,M,"43,8877440","7,4754850",6,2019,80.0,1.0,1.0,3.0,2149254,1.0,1,4,2,1.0,,0.0,0,1972.0,A01,138Â 300Â 590,8.0,-1.0,-1.0,1641265,1.0,7,,0.0,2.0,3.0,A01,138Â 300Â 590,1.0
961616,201900003147,8,14,14:50,1,1,1,1.0,5.0,06136,RD2204,M,"43,8877440","7,4754850",6,2019,80.0,1.0,1.0,3.0,2149254,1.0,1,4,2,1.0,,0.0,0,1972.0,A01,138Â 300Â 590,8.0,-1.0,-1.0,1641266,2.0,33,,0.0,2.0,1.0,B01,138Â 300Â 592,1.0
961616,201900003147,8,14,14:50,1,1,1,1.0,5.0,06136,RD2204,M,"43,8877440","7,4754850",6,2019,80.0,1.0,1.0,3.0,2149254,1.0,1,4,2,1.0,,0.0,0,1972.0,A01,138Â 300Â 590,8.0,-1.0,-1.0,1641267,2.0,33,,14.0,0.0,1.0,C01,138Â 300Â 593,1.0
961616,201900003147,8,14,14:50,1,1,1,1.0,5.0,06136,RD2204,M,"43,8877440","7,4754850",6,2019,80.0,1.0,1.0,3.0,2149255,1.0,1,1,1,5.0,,0.0,0,1948.0,B01,138Â 300Â 592,2.0,6.0,-1.0,1641265,1.0,7,,0.0,2.0,3.0,A01,138Â 300Â 590,1.0
961616,201900003147,8,14,14:50,1,1,1,1.0,5.0,06136,RD2204,M,"43,8877440","7,4754850",6,2019,80.0,1.0,1.0,3.0,2149255,1.0,1,1,1,5.0,,0.0,0,1948.0,B01,138Â 300Â 592,2.0,6.0,-1.0,1641266,2.0,33,,0.0,2.0,1.0,B01,138Â 300Â 592,1.0
961616,201900003147,8,14,14:50,1,1,1,1.0,5.0,06136,RD2204,M,"43,8877440","7,4754850",6,2019,80.0,1.0,1.0,3.0,2149255,1.0,1,1,1,5.0,,0.0,0,1948.0,B01,138Â 300Â 592,2.0,6.0,-1.0,1641267,2.0,33,,14.0,0.0,1.0,C01,138Â 300Â 593,1.0
961616,201900003147,8,14,14:50,1,1,1,1.0,5.0,06136,RD2204,M,"43,8877440","7,4754850",6,2019,80.0,1.0,1.0,3.0,2149256,1.0,1,3,1,5.0,,0.0,0,1956.0,C01,138Â 300Â 593,2.0,6.0,-1.0,1641265,1.0,7,,0.0,2.0,3.0,A01,138Â 300Â 590,1.0
961616,201900003147,8,14,14:50,1,1,1,1.0,5.0,06136,RD2204,M,"43,8877440","7,4754850",6,2019,80.0,1.0,1.0,3.0,2149256,1.0,1,3,1,5.0,,0.0,0,1956.0,C01,138Â 300Â 593,2.0,6.0,-1.0,1641266,2.0,33,,0.0,2.0,1.0,B01,138Â 300Â 592,1.0
961616,201900003147,8,14,14:50,1,1,1,1.0,5.0,06136,RD2204,M,"43,8877440","7,4754850",6,2019,80.0,1.0,1.0,3.0,2149256,1.0,1,3,1,5.0,,0.0,0,1956.0,C01,138Â 300Â 593,2.0,6.0,-1.0,1641267,2.0,33,,14.0,0.0,1.0,C01,138Â 300Â 593,1.0
961617,201900003148,10,22,11:30,1,2,7,1.0,6.0,75112,PLACE EDOUARD RENARD,M,"48,8353580","2,4065948",75,2019,50.0,4.0,1.0,4.0,2149257,10.0,3,4,2,5.0,,5.0,9,1983.0,Z01,138Â 300Â 589,0.0,-1.0,-1.0,1641268,2.0,1,,0.0,1.0,0.0,Z01,138Â 300Â 589,5.0
961618,201900003149,8,15,15:50,1,1,1,1.0,7.0,06136,route dÃ©partementale 2204,M,"43,9112180","7,4784870",6,2019,90.0,1.0,1.0,3.0,2149258,2.0,2,3,2,5.0,,0.0,0,1977.0,A01,138Â 300Â 587,2.0,6.0,-1.0,1641269,1.0,33,,10.0,0.0,7.0,A01,138Â 300Â 587,1.0
961618,201900003149,8,15,15:50,1,1,1,1.0,7.0,06136,route dÃ©partementale 2204,M,"43,9112180","7,4784870",6,2019,90.0,1.0,1.0,3.0,2149259,1.0,1,3,1,5.0,,0.0,0,1976.0,A01,138Â 300Â 587,2.0,6.0,-1.0,1641269,1.0,33,,10.0,0.0,7.0,A01,138Â 300Â 587,1.0
961619,201900003150,10,22,18:20,2,2,1,1.0,6.0,75111,BOULEVARD VOLTAIRE,M,"48,8569071","2,3816180",75,2019,50.0,5.0,1.0,4.0,2149260,1.0,1,4,1,0.0,,0.0,0,1969.0,A01,138Â 300Â 586,2.0,8.0,-1.0,1641270,1.0,1,,0.0,2.0,0.0,Z01,138Â 300Â 585,5.0
961619,201900003150,10,22,18:20,2,2,1,1.0,6.0,75111,BOULEVARD VOLTAIRE,M,"48,8569071","2,3816180",75,2019,50.0,5.0,1.0,4.0,2149260,1.0,1,4,1,0.0,,0.0,0,1969.0,A01,138Â 300Â 586,2.0,8.0,-1.0,1641271,1.0,50,,12.0,2.0,8.0,A01,138Â 300Â 586,3.0
961620,201900003151,8,14,00:45,3,1,1,1.0,1.0,06010,1258 route de grasse,M,"43,6896920","6,9795690",6,2019,70.0,1.0,1.0,3.0,2149261,1.0,1,1,1,5.0,,0.0,0,1996.0,A01,138Â 300Â 582,8.0,-1.0,-1.0,1641272,1.0,7,,0.0,2.0,3.0,A01,138Â 300Â 582,1.0
961620,201900003151,8,14,00:45,3,1,1,1.0,1.0,06010,1258 route de grasse,M,"43,6896920","6,9795690",6,2019,70.0,1.0,1.0,3.0,2149261,1.0,1,1,1,5.0,,0.0,0,1996.0,A01,138Â 300Â 582,8.0,-1.0,-1.0,1641273,2.0,31,,0.0,2.0,3.0,B01,138Â 300Â 583,1.0
961620,201900003151,8,14,00:45,3,1,1,1.0,1.0,06010,1258 route de grasse,M,"43,6896920","6,9795690",6,2019,70.0,1.0,1.0,3.0,2149262,1.0,1,3,1,0.0,,0.0,0,1986.0,B01,138Â 300Â 583,8.0,-1.0,-1.0,1641272,1.0,7,,0.0,2.0,3.0,A01,138Â 300Â 582,1.0
961620,201900003151,8,14,00:45,3,1,1,1.0,1.0,06010,1258 route de grasse,M,"43,6896920","6,9795690",6,2019,70.0,1.0,1.0,3.0,2149262,1.0,1,3,1,0.0,,0.0,0,1986.0,B01,138Â 300Â 583,8.0,-1.0,-1.0,1641273,2.0,31,,0.0,2.0,3.0,B01,138Â 300Â 583,1.0
961621,201900003152,10,22,16:15,1,2,2,1.0,6.0,75111,RUE DE CHARONNE,M,"48,8535785","2,3804157",75,2019,30.0,1.0,1.0,4.0,2149263,1.0,1,1,2,1.0,,0.0,0,1972.0,A01,138Â 300Â 580,8.0,0.0,-1.0,1641274,2.0,1,,0.0,1.0,1.0,A01,138Â 300Â 580,5.0
961621,201900003152,10,22,16:15,1,2,2,1.0,6.0,75111,RUE DE CHARONNE,M,"48,8535785","2,3804157",75,2019,30.0,1.0,1.0,4.0,2149264,10.0,3,4,1,0.0,,4.0,3,2014.0,A01,138Â 300Â 580,0.0,-1.0,-1.0,1641274,2.0,1,,0.0,1.0,1.0,A01,138Â 300Â 580,5.0
961622,201900003153,8,16,06:00,2,1,1,1.0,6.0,14177,route du torquesne,M,"49,2056170","0,2000050",14,2019,80.0,3.0,1.0,4.0,2149265,3.0,2,3,1,5.0,,0.0,0,1999.0,A01,138Â 300Â 577,1.0,-1.0,-1.0,1641275,0.0,7,,9.0,0.0,7.0,A01,138Â 300Â 577,1.0
961622,201900003153,8,16,06:00,2,1,1,1.0,6.0,14177,route du torquesne,M,"49,2056170","0,2000050",14,2019,80.0,3.0,1.0,4.0,2149266,4.0,2,1,1,5.0,,0.0,0,1998.0,A01,138Â 300Â 577,1.0,-1.0,-1.0,1641275,0.0,7,,9.0,0.0,7.0,A01,138Â 300Â 577,1.0
961622,201900003153,8,16,06:00,2,1,1,1.0,6.0,14177,route du torquesne,M,"49,2056170","0,2000050",14,2019,80.0,3.0,1.0,4.0,2149267,2.0,2,1,1,5.0,,0.0,0,1999.0,A01,138Â 300Â 577,1.0,-1.0,-1.0,1641275,0.0,7,,9.0,0.0,7.0,A01,138Â 300Â 577,1.0
961622,201900003153,8,16,06:00,2,1,1,1.0,6.0,14177,route du torquesne,M,"49,2056170","0,2000050",14,2019,80.0,3.0,1.0,4.0,2149268,1.0,1,1,1,5.0,,0.0,0,1966.0,A01,138Â 300Â 577,1.0,-1.0,-1.0,1641275,0.0,7,,9.0,0.0,7.0,A01,138Â 300Â 577,1.0
961623,201900003154,6,4,08:35,1,2,6,1.0,6.0,72124,LE SOLEIL,M,"47,8345110","0,2667090",72,2019,50.0,1.0,1.0,3.0,2149269,1.0,1,4,1,1.0,,0.0,0,1969.0,B01,138Â 300Â 575,2.0,-1.0,-1.0,1641276,1.0,33,,0.0,0.0,3.0,B01,138Â 300Â 575,1.0
961623,201900003154,6,4,08:35,1,2,6,1.0,6.0,72124,LE SOLEIL,M,"47,8345110","0,2667090",72,2019,50.0,1.0,1.0,3.0,2149269,1.0,1,4,1,1.0,,0.0,0,1969.0,B01,138Â 300Â 575,2.0,-1.0,-1.0,1641277,2.0,7,,0.0,0.0,0.0,A01,138Â 300Â 578,1.0
961623,201900003154,6,4,08:35,1,2,6,1.0,6.0,72124,LE SOLEIL,M,"47,8345110","0,2667090",72,2019,50.0,1.0,1.0,3.0,2149270,1.0,1,1,2,1.0,,0.0,0,1984.0,A01,138Â 300Â 578,1.0,-1.0,-1.0,1641276,1.0,33,,0.0,0.0,3.0,B01,138Â 300Â 575,1.0
961623,201900003154,6,4,08:35,1,2,6,1.0,6.0,72124,LE SOLEIL,M,"47,8345110","0,2667090",72,2019,50.0,1.0,1.0,3.0,2149270,1.0,1,1,2,1.0,,0.0,0,1984.0,A01,138Â 300Â 578,1.0,-1.0,-1.0,1641277,2.0,7,,0.0,0.0,0.0,A01,138Â 300Â 578,1.0
961624,201900003155,10,22,00:45,5,2,2,1.0,2.0,75114,BOULEVARD BRUNE,M,"48,8245899","2,3193970",75,2019,50.0,1.0,1.0,4.0,2149271,2.0,2,1,2,0.0,,0.0,0,2003.0,A01,138Â 300Â 574,1.0,0.0,-1.0,1641278,1.0,7,,0.0,2.0,2.0,A01,138Â 300Â 574,1.0
961624,201900003155,10,22,00:45,5,2,2,1.0,2.0,75114,BOULEVARD BRUNE,M,"48,8245899","2,3193970",75,2019,50.0,1.0,1.0,4.0,2149271,2.0,2,1,2,0.0,,0.0,0,2003.0,A01,138Â 300Â 574,1.0,0.0,-1.0,1641279,1.0,1,,0.0,2.0,4.0,B01,138Â 300Â 576,5.0
961624,201900003155,10,22,00:45,5,2,2,1.0,2.0,75114,BOULEVARD BRUNE,M,"48,8245899","2,3193970",75,2019,50.0,1.0,1.0,4.0,2149272,1.0,1,1,2,9.0,,0.0,0,1995.0,A01,138Â 300Â 574,1.0,0.0,-1.0,1641278,1.0,7,,0.0,2.0,2.0,A01,138Â 300Â 574,1.0
961624,201900003155,10,22,00:45,5,2,2,1.0,2.0,75114,BOULEVARD BRUNE,M,"48,8245899","2,3193970",75,2019,50.0,1.0,1.0,4.0,2149272,1.0,1,1,2,9.0,,0.0,0,1995.0,A01,138Â 300Â 574,1.0,0.0,-1.0,1641279,1.0,1,,0.0,2.0,4.0,B01,138Â 300Â 576,5.0
961624,201900003155,10,22,00:45,5,2,2,1.0,2.0,75114,BOULEVARD BRUNE,M,"48,8245899","2,3193970",75,2019,50.0,1.0,1.0,4.0,2149273,1.0,1,4,1,0.0,,0.0,0,1990.0,B01,138Â 300Â 576,2.0,0.0,-1.0,1641278,1.0,7,,0.0,2.0,2.0,A01,138Â 300Â 574,1.0
961624,201900003155,10,22,00:45,5,2,2,1.0,2.0,75114,BOULEVARD BRUNE,M,"48,8245899","2,3193970",75,2019,50.0,1.0,1.0,4.0,2149273,1.0,1,4,1,0.0,,0.0,0,1990.0,B01,138Â 300Â 576,2.0,0.0,-1.0,1641279,1.0,1,,0.0,2.0,4.0,B01,138Â 300Â 576,5.0
961625,201900003156,8,16,17:55,1,1,1,1.0,7.0,05011,terre droite,M,"44,5534540","6,1949530",5,2019,50.0,1.0,1.0,4.0,2149274,1.0,1,2,1,5.0,,0.0,0,2002.0,A01,138Â 300Â 573,2.0,-1.0,-1.0,1641280,3.0,36,,13.0,0.0,0.0,A01,138Â 300Â 573,1.0
961626,201900003157,10,22,15:51,1,2,9,1.0,2.0,94074,LOUISE MICHEL (R),M,"48,7442722","2,4647570",94,2019,50.0,1.0,1.0,4.0,2149275,2.0,2,1,1,0.0,,-1.0, -1,1975.0,B01,138Â 300Â 569,1.0,0.0,-1.0,1641281,1.0,7,,0.0,2.0,4.0,B01,138Â 300Â 569,1.0
961626,201900003157,10,22,15:51,1,2,9,1.0,2.0,94074,LOUISE MICHEL (R),M,"48,7442722","2,4647570",94,2019,50.0,1.0,1.0,4.0,2149275,2.0,2,1,1,0.0,,-1.0, -1,1975.0,B01,138Â 300Â 569,1.0,0.0,-1.0,1641282,1.0,7,,0.0,2.0,4.0,A01,138Â 300Â 571,1.0
961626,201900003157,10,22,15:51,1,2,9,1.0,2.0,94074,LOUISE MICHEL (R),M,"48,7442722","2,4647570",94,2019,50.0,1.0,1.0,4.0,2149276,1.0,1,4,2,0.0,,-1.0, -1,1976.0,B01,138Â 300Â 569,1.0,8.0,-1.0,1641281,1.0,7,,0.0,2.0,4.0,B01,138Â 300Â 569,1.0
961626,201900003157,10,22,15:51,1,2,9,1.0,2.0,94074,LOUISE MICHEL (R),M,"48,7442722","2,4647570",94,2019,50.0,1.0,1.0,4.0,2149276,1.0,1,4,2,0.0,,-1.0, -1,1976.0,B01,138Â 300Â 569,1.0,8.0,-1.0,1641282,1.0,7,,0.0,2.0,4.0,A01,138Â 300Â 571,1.0
961626,201900003157,10,22,15:51,1,2,9,1.0,2.0,94074,LOUISE MICHEL (R),M,"48,7442722","2,4647570",94,2019,50.0,1.0,1.0,4.0,2149277,1.0,1,1,2,0.0,,-1.0, -1,1978.0,A01,138Â 300Â 571,1.0,0.0,-1.0,1641281,1.0,7,,0.0,2.0,4.0,B01,138Â 300Â 569,1.0
961626,201900003157,10,22,15:51,1,2,9,1.0,2.0,94074,LOUISE MICHEL (R),M,"48,7442722","2,4647570",94,2019,50.0,1.0,1.0,4.0,2149277,1.0,1,1,2,0.0,,-1.0, -1,1978.0,A01,138Â 300Â 571,1.0,0.0,-1.0,1641282,1.0,7,,0.0,2.0,4.0,A01,138Â 300Â 571,1.0
961627,201900003158,6,18,17:00,1,1,3,1.0,2.0,44149,bel air,M,"47,4993770"," -1,5647400",44,2019,80.0,1.0,1.0,3.0,2149278,1.0,1,3,2,5.0,,0.0,0,2002.0,A01,138Â 300Â 570,2.0,6.0,9.0,1641283,2.0,2,,0.0,2.0,6.0,A01,138Â 300Â 570,1.0
961627,201900003158,6,18,17:00,1,1,3,1.0,2.0,44149,bel air,M,"47,4993770"," -1,5647400",44,2019,80.0,1.0,1.0,3.0,2149278,1.0,1,3,2,5.0,,0.0,0,2002.0,A01,138Â 300Â 570,2.0,6.0,9.0,1641284,2.0,7,,8.0,2.0,1.0,B01,138Â 300Â 572,1.0
961627,201900003158,6,18,17:00,1,1,3,1.0,2.0,44149,bel air,M,"47,4993770"," -1,5647400",44,2019,80.0,1.0,1.0,3.0,2149279,1.0,1,1,2,1.0,,0.0,0,1982.0,B01,138Â 300Â 572,1.0,-1.0,-1.0,1641283,2.0,2,,0.0,2.0,6.0,A01,138Â 300Â 570,1.0
961627,201900003158,6,18,17:00,1,1,3,1.0,2.0,44149,bel air,M,"47,4993770"," -1,5647400",44,2019,80.0,1.0,1.0,3.0,2149279,1.0,1,1,2,1.0,,0.0,0,1982.0,B01,138Â 300Â 572,1.0,-1.0,-1.0,1641284,2.0,7,,8.0,2.0,1.0,B01,138Â 300Â 572,1.0
961628,201900003159,10,22,10:40,1,2,3,8.0,3.0,94016,DIVISION LECLERC (AV DE LA),M,"48,7881900","2,3304000",94,2019,50.0,2.0,1.0,3.0,2149280,1.0,1,1,1,9.0,,-1.0, -1,1965.0,A01,138Â 300Â 565,1.0,8.0,-1.0,1641285,1.0,7,,0.0,2.0,3.0,A01,138Â 300Â 565,1.0
961628,201900003159,10,22,10:40,1,2,3,8.0,3.0,94016,DIVISION LECLERC (AV DE LA),M,"48,7881900","2,3304000",94,2019,50.0,2.0,1.0,3.0,2149280,1.0,1,1,1,9.0,,-1.0, -1,1965.0,A01,138Â 300Â 565,1.0,8.0,-1.0,1641286,2.0,37,3.0,0.0,2.0,1.0,B01,138Â 300Â 566,1.0