Unnamed: 0_x,num_acc,mois,jour,hrmn,lum,agg,int,atm,col,com,adr,gps,lat,long,dep,annee,vma,situ,surf,catr,Unnamed: 0_y,place,catu,grav,sexe,trajet,secu,locp,actp,an_nais,num_veh_x,id_vehicule_x,secu1,secu2,secu3,Unnamed: 0,senc,catv,occutc,obs,obsm,choc,num_veh_y,id_vehicule_y,motor
961628,201900003159,10,22,10:40,1,2,3,8.0,3.0,94016,DIVISION LECLERC (AV DE LA),M,"48,7881900","2,3304000",94,2019,50.0,2.0,1.0,3.0,2149281,5.0,2,4,1,9.0,,-1.0, -1,1942.0,B01,138Â 300Â 566,8.0,0.0,-1.0,1641285,1.0,7,,0.0,2.0,3.0,A01,138Â 300Â 565,1.0
961628,201900003159,10,22,10:40,1,2,3,8.0,3.0,94016,DIVISION LECLERC (AV DE LA),M,"48,7881900","2,3304000",94,2019,50.0,2.0,1.0,3.0,2149281,5.0,2,4,1,9.0,,-1.0, -1,1942.0,B01,138Â 300Â 566,8.0,0.0,-1.0,1641286,2.0,37,3.0,0.0,2.0,1.0,B01,138Â 300Â 566,1.0
961628,201900003159,10,22,10:40,1,2,3,8.0,3.0,94016,DIVISION LECLERC (AV DE LA),M,"48,7881900","2,3304000",94,2019,50.0,2.0,1.0,3.0,2149282,5.0,2,4,1,9.0,,-1.0, -1,1989.0,B01,138Â 300Â 566,8.0,0.0,-1.0,1641285,1.0,7,,0.0,2.0,3.0,A01,138Â 300Â 565,1.0
961628,201900003159,10,22,10:40,1,2,3,8.0,3.0,94016,DIVISION LECLERC (AV DE LA),M,"48,7881900","2,3304000",94,2019,50.0,2.0,1.0,3.0,2149282,5.0,2,4,1,9.0,,-1.0, -1,1989.0,B01,138Â 300Â 566,8.0,0.0,-1.0,1641286,2.0,37,3.0,0.0,2.0,1.0,B01,138Â 300Â 566,1.0
961628,201900003159,10,22,10:40,1,2,3,8.0,3.0,94016,DIVISION LECLERC (AV DE LA),M,"48,7881900","2,3304000",94,2019,50.0,2.0,1.0,3.0,2149283,1.0,1,1,1,4.0,,-1.0, -1,1972.0,B01,138Â 300Â 566,1.0,8.0,-1.0,1641285,1.0,7,,0.0,2.0,3.0,A01,138Â 300Â 565,1.0
961628,201900003159,10,22,10:40,1,2,3,8.0,3.0,94016,DIVISION LECLERC (AV DE LA),M,"48,7881900","2,3304000",94,2019,50.0,2.0,1.0,3.0,2149283,1.0,1,1,1,4.0,,-1.0, -1,1972.0,B01,138Â 300Â 566,1.0,8.0,-1.0,1641286,2.0,37,3.0,0.0,2.0,1.0,B01,138Â 300Â 566,1.0
961629,201900003160,8,14,08:45,1,1,1,1.0,7.0,05124,RD14,M,"44,6102960","6,1397420",5,2019,80.0,1.0,1.0,3.0,2149284,1.0,1,3,2,0.0,,0.0,0,1988.0,A01,138Â 300Â 568,8.0,-1.0,-1.0,1641287,2.0,7,,0.0,0.0,0.0,A01,138Â 300Â 568,1.0
961630,201900003161,10,22,09:40,1,2,9,8.0,3.0,94065,avenue de la villette,M,"48,7674800","2,3470200",94,2019,30.0,8.0,1.0,5.0,2149285,1.0,1,3,1,1.0,,-1.0, -1,1963.0,A01,138Â 300Â 562,2.0,8.0,-1.0,1641288,3.0,31,,0.0,2.0,1.0,A01,138Â 300Â 562,1.0
961630,201900003161,10,22,09:40,1,2,9,8.0,3.0,94065,avenue de la villette,M,"48,7674800","2,3470200",94,2019,30.0,8.0,1.0,5.0,2149285,1.0,1,3,1,1.0,,-1.0, -1,1963.0,A01,138Â 300Â 562,2.0,8.0,-1.0,1641289,3.0,15,,0.0,2.0,2.0,B01,138Â 300Â 563,0.0
961630,201900003161,10,22,09:40,1,2,9,8.0,3.0,94065,avenue de la villette,M,"48,7674800","2,3470200",94,2019,30.0,8.0,1.0,5.0,2149286,1.0,1,1,1,0.0,,-1.0, -1,1993.0,B01,138Â 300Â 563,1.0,0.0,-1.0,1641288,3.0,31,,0.0,2.0,1.0,A01,138Â 300Â 562,1.0
961630,201900003161,10,22,09:40,1,2,9,8.0,3.0,94065,avenue de la villette,M,"48,7674800","2,3470200",94,2019,30.0,8.0,1.0,5.0,2149286,1.0,1,1,1,0.0,,-1.0, -1,1993.0,B01,138Â 300Â 563,1.0,0.0,-1.0,1641289,3.0,15,,0.0,2.0,2.0,B01,138Â 300Â 563,0.0
961631,201900003162,5,8,18:30,1,1,2,2.0,3.0,44113,La Touche d'Aguenais,M,"47,6033128"," -1,5615196",44,2019,80.0,1.0,2.0,3.0,2149287,1.0,1,3,2,5.0,,0.0,0,1947.0,A01,138Â 300Â 561,1.0,-1.0,-1.0,1641290,3.0,7,,0.0,2.0,3.0,A01,138Â 300Â 561,0.0
961631,201900003162,5,8,18:30,1,1,2,2.0,3.0,44113,La Touche d'Aguenais,M,"47,6033128"," -1,5615196",44,2019,80.0,1.0,2.0,3.0,2149287,1.0,1,3,2,5.0,,0.0,0,1947.0,A01,138Â 300Â 561,1.0,-1.0,-1.0,1641291,1.0,7,,0.0,2.0,1.0,B01,138Â 300Â 564,0.0
961631,201900003162,5,8,18:30,1,1,2,2.0,3.0,44113,La Touche d'Aguenais,M,"47,6033128"," -1,5615196",44,2019,80.0,1.0,2.0,3.0,2149288,2.0,2,1,1,5.0,,0.0,0,1987.0,B01,138Â 300Â 564,1.0,-1.0,-1.0,1641290,3.0,7,,0.0,2.0,3.0,A01,138Â 300Â 561,0.0
961631,201900003162,5,8,18:30,1,1,2,2.0,3.0,44113,La Touche d'Aguenais,M,"47,6033128"," -1,5615196",44,2019,80.0,1.0,2.0,3.0,2149288,2.0,2,1,1,5.0,,0.0,0,1987.0,B01,138Â 300Â 564,1.0,-1.0,-1.0,1641291,1.0,7,,0.0,2.0,1.0,B01,138Â 300Â 564,0.0
961631,201900003162,5,8,18:30,1,1,2,2.0,3.0,44113,La Touche d'Aguenais,M,"47,6033128"," -1,5615196",44,2019,80.0,1.0,2.0,3.0,2149289,1.0,1,1,2,5.0,,0.0,0,1987.0,B01,138Â 300Â 564,1.0,-1.0,-1.0,1641290,3.0,7,,0.0,2.0,3.0,A01,138Â 300Â 561,0.0
961631,201900003162,5,8,18:30,1,1,2,2.0,3.0,44113,La Touche d'Aguenais,M,"47,6033128"," -1,5615196",44,2019,80.0,1.0,2.0,3.0,2149289,1.0,1,1,2,5.0,,0.0,0,1987.0,B01,138Â 300Â 564,1.0,-1.0,-1.0,1641291,1.0,7,,0.0,2.0,1.0,B01,138Â 300Â 564,0.0
961632,201900003163,8,17,11:35,1,1,1,7.0,6.0,50236,D650,M,"49,2741000"," -1,6547130",50,2019,80.0,3.0,1.0,3.0,2149290,1.0,1,4,2,5.0,,0.0,0,1963.0,A01,138Â 300Â 560,1.0,-1.0,-1.0,1641292,3.0,7,,2.0,0.0,3.0,A01,138Â 300Â 560,1.0
961632,201900003163,8,17,11:35,1,1,1,7.0,6.0,50236,D650,M,"49,2741000"," -1,6547130",50,2019,80.0,3.0,1.0,3.0,2149291,2.0,2,2,2,5.0,,0.0,0,1936.0,A01,138Â 300Â 560,1.0,-1.0,-1.0,1641292,3.0,7,,2.0,0.0,3.0,A01,138Â 300Â 560,1.0
961633,201900003164,6,16,05:55,2,1,1,1.0,6.0,50087,N13,M,"49,5594560"," -1,5666500",50,2019,90.0,3.0,1.0,2.0,2149292,1.0,1,4,1,5.0,,0.0,0,1997.0,A01,138Â 300Â 559,1.0,-1.0,-1.0,1641293,2.0,7,,15.0,0.0,9.0,A01,138Â 300Â 559,1.0
961634,201900003165,10,20,22:00,5,2,1,2.0,2.0,94028,SAVAR.(RUE JULIETTE),M,"48,7820000","2,4645600",94,2019,50.0,1.0,2.0,4.0,2149293,1.0,1,4,2,5.0,,-1.0,0,1952.0,A01,138Â 300Â 557,1.0,8.0,-1.0,1641294,3.0,7,,0.0,2.0,1.0,A01,138Â 300Â 557,1.0
961634,201900003165,10,20,22:00,5,2,1,2.0,2.0,94028,SAVAR.(RUE JULIETTE),M,"48,7820000","2,4645600",94,2019,50.0,1.0,2.0,4.0,2149293,1.0,1,4,2,5.0,,-1.0,0,1952.0,A01,138Â 300Â 557,1.0,8.0,-1.0,1641295,3.0,7,,0.0,2.0,4.0,B01,138Â 300Â 558,1.0
961634,201900003165,10,20,22:00,5,2,1,2.0,2.0,94028,SAVAR.(RUE JULIETTE),M,"48,7820000","2,4645600",94,2019,50.0,1.0,2.0,4.0,2149294,1.0,1,1,1,5.0,,-1.0, -1,1987.0,B01,138Â 300Â 558,1.0,8.0,-1.0,1641294,3.0,7,,0.0,2.0,1.0,A01,138Â 300Â 557,1.0
961634,201900003165,10,20,22:00,5,2,1,2.0,2.0,94028,SAVAR.(RUE JULIETTE),M,"48,7820000","2,4645600",94,2019,50.0,1.0,2.0,4.0,2149294,1.0,1,1,1,5.0,,-1.0, -1,1987.0,B01,138Â 300Â 558,1.0,8.0,-1.0,1641295,3.0,7,,0.0,2.0,4.0,B01,138Â 300Â 558,1.0
961635,201900003166,8,17,12:05,1,1,1,2.0,4.0,50487,Grande BoussardiÃ¨re,M,"48,5248470"," -1,3100960",50,2019,80.0,1.0,2.0,3.0,2149295,1.0,1,3,1,5.0,,0.0,0,1950.0,E01,138Â 300Â 551,2.0,-1.0,-1.0,1641296,2.0,1,,0.0,2.0,4.0,E01,138Â 300Â 551,0.0
961635,201900003166,8,17,12:05,1,1,1,2.0,4.0,50487,Grande BoussardiÃ¨re,M,"48,5248470"," -1,3100960",50,2019,80.0,1.0,2.0,3.0,2149295,1.0,1,3,1,5.0,,0.0,0,1950.0,E01,138Â 300Â 551,2.0,-1.0,-1.0,1641297,2.0,1,,0.0,2.0,4.0,D01,138Â 300Â 553,0.0
961635,201900003166,8,17,12:05,1,1,1,2.0,4.0,50487,Grande BoussardiÃ¨re,M,"48,5248470"," -1,3100960",50,2019,80.0,1.0,2.0,3.0,2149295,1.0,1,3,1,5.0,,0.0,0,1950.0,E01,138Â 300Â 551,2.0,-1.0,-1.0,1641298,2.0,1,,0.0,2.0,4.0,C01,138Â 300Â 554,0.0
961635,201900003166,8,17,12:05,1,1,1,2.0,4.0,50487,Grande BoussardiÃ¨re,M,"48,5248470"," -1,3100960",50,2019,80.0,1.0,2.0,3.0,2149295,1.0,1,3,1,5.0,,0.0,0,1950.0,E01,138Â 300Â 551,2.0,-1.0,-1.0,1641299,2.0,7,,0.0,2.0,1.0,B01,138Â 300Â 555,0.0
961635,201900003166,8,17,12:05,1,1,1,2.0,4.0,50487,Grande BoussardiÃ¨re,M,"48,5248470"," -1,3100960",50,2019,80.0,1.0,2.0,3.0,2149295,1.0,1,3,1,5.0,,0.0,0,1950.0,E01,138Â 300Â 551,2.0,-1.0,-1.0,1641300,2.0,7,,0.0,0.0,4.0,A01,138Â 300Â 556,0.0
961635,201900003166,8,17,12:05,1,1,1,2.0,4.0,50487,Grande BoussardiÃ¨re,M,"48,5248470"," -1,3100960",50,2019,80.0,1.0,2.0,3.0,2149296,1.0,1,3,1,5.0,,0.0,0,1959.0,D01,138Â 300Â 553,2.0,-1.0,-1.0,1641296,2.0,1,,0.0,2.0,4.0,E01,138Â 300Â 551,0.0
961635,201900003166,8,17,12:05,1,1,1,2.0,4.0,50487,Grande BoussardiÃ¨re,M,"48,5248470"," -1,3100960",50,2019,80.0,1.0,2.0,3.0,2149296,1.0,1,3,1,5.0,,0.0,0,1959.0,D01,138Â 300Â 553,2.0,-1.0,-1.0,1641297,2.0,1,,0.0,2.0,4.0,D01,138Â 300Â 553,0.0
961635,201900003166,8,17,12:05,1,1,1,2.0,4.0,50487,Grande BoussardiÃ¨re,M,"48,5248470"," -1,3100960",50,2019,80.0,1.0,2.0,3.0,2149296,1.0,1,3,1,5.0,,0.0,0,1959.0,D01,138Â 300Â 553,2.0,-1.0,-1.0,1641298,2.0,1,,0.0,2.0,4.0,C01,138Â 300Â 554,0.0
961635,201900003166,8,17,12:05,1,1,1,2.0,4.0,50487,Grande BoussardiÃ¨re,M,"48,5248470"," -1,3100960",50,2019,80.0,1.0,2.0,3.0,2149296,1.0,1,3,1,5.0,,0.0,0,1959.0,D01,138Â 300Â 553,2.0,-1.0,-1.0,1641299,2.0,7,,0.0,2.0,1.0,B01,138Â 300Â 555,0.0
961635,201900003166,8,17,12:05,1,1,1,2.0,4.0,50487,Grande BoussardiÃ¨re,M,"48,5248470"," -1,3100960",50,2019,80.0,1.0,2.0,3.0,2149296,1.0,1,3,1,5.0,,0.0,0,1959.0,D01,138Â 300Â 553,2.0,-1.0,-1.0,1641300,2.0,7,,0.0,0.0,4.0,A01,138Â 300Â 556,0.0
961635,201900003166,8,17,12:05,1,1,1,2.0,4.0,50487,Grande BoussardiÃ¨re,M,"48,5248470"," -1,3100960",50,2019,80.0,1.0,2.0,3.0,2149297,1.0,1,4,1,5.0,,0.0,0,1943.0,C01,138Â 300Â 554,2.0,-1.0,-1.0,1641296,2.0,1,,0.0,2.0,4.0,E01,138Â 300Â 551,0.0
961635,201900003166,8,17,12:05,1,1,1,2.0,4.0,50487,Grande BoussardiÃ¨re,M,"48,5248470"," -1,3100960",50,2019,80.0,1.0,2.0,3.0,2149297,1.0,1,4,1,5.0,,0.0,0,1943.0,C01,138Â 300Â 554,2.0,-1.0,-1.0,1641297,2.0,1,,0.0,2.0,4.0,D01,138Â 300Â 553,0.0
961635,201900003166,8,17,12:05,1,1,1,2.0,4.0,50487,Grande BoussardiÃ¨re,M,"48,5248470"," -1,3100960",50,2019,80.0,1.0,2.0,3.0,2149297,1.0,1,4,1,5.0,,0.0,0,1943.0,C01,138Â 300Â 554,2.0,-1.0,-1.0,1641298,2.0,1,,0.0,2.0,4.0,C01,138Â 300Â 554,0.0
961635,201900003166,8,17,12:05,1,1,1,2.0,4.0,50487,Grande BoussardiÃ¨re,M,"48,5248470"," -1,3100960",50,2019,80.0,1.0,2.0,3.0,2149297,1.0,1,4,1,5.0,,0.0,0,1943.0,C01,138Â 300Â 554,2.0,-1.0,-1.0,1641299,2.0,7,,0.0,2.0,1.0,B01,138Â 300Â 555,0.0
961635,201900003166,8,17,12:05,1,1,1,2.0,4.0,50487,Grande BoussardiÃ¨re,M,"48,5248470"," -1,3100960",50,2019,80.0,1.0,2.0,3.0,2149297,1.0,1,4,1,5.0,,0.0,0,1943.0,C01,138Â 300Â 554,2.0,-1.0,-1.0,1641300,2.0,7,,0.0,0.0,4.0,A01,138Â 300Â 556,0.0
961635,201900003166,8,17,12:05,1,1,1,2.0,4.0,50487,Grande BoussardiÃ¨re,M,"48,5248470"," -1,3100960",50,2019,80.0,1.0,2.0,3.0,2149298,1.0,1,1,1,1.0,,0.0,0,2000.0,B01,138Â 300Â 555,1.0,-1.0,-1.0,1641296,2.0,1,,0.0,2.0,4.0,E01,138Â 300Â 551,0.0
961635,201900003166,8,17,12:05,1,1,1,2.0,4.0,50487,Grande BoussardiÃ¨re,M,"48,5248470"," -1,3100960",50,2019,80.0,1.0,2.0,3.0,2149298,1.0,1,1,1,1.0,,0.0,0,2000.0,B01,138Â 300Â 555,1.0,-1.0,-1.0,1641297,2.0,1,,0.0,2.0,4.0,D01,138Â 300Â 553,0.0
961635,201900003166,8,17,12:05,1,1,1,2.0,4.0,50487,Grande BoussardiÃ¨re,M,"48,5248470"," -1,3100960",50,2019,80.0,1.0,2.0,3.0,2149298,1.0,1,1,1,1.0,,0.0,0,2000.0,B01,138Â 300Â 555,1.0,-1.0,-1.0,1641298,2.0,1,,0.0,2.0,4.0,C01,138Â 300Â 554,0.0
961635,201900003166,8,17,12:05,1,1,1,2.0,4.0,50487,Grande BoussardiÃ¨re,M,"48,5248470"," -1,3100960",50,2019,80.0,1.0,2.0,3.0,2149298,1.0,1,1,1,1.0,,0.0,0,2000.0,B01,138Â 300Â 555,1.0,-1.0,-1.0,1641299,2.0,7,,0.0,2.0,1.0,B01,138Â 300Â 555,0.0
961635,201900003166,8,17,12:05,1,1,1,2.0,4.0,50487,Grande BoussardiÃ¨re,M,"48,5248470"," -1,3100960",50,2019,80.0,1.0,2.0,3.0,2149298,1.0,1,1,1,1.0,,0.0,0,2000.0,B01,138Â 300Â 555,1.0,-1.0,-1.0,1641300,2.0,7,,0.0,0.0,4.0,A01,138Â 300Â 556,0.0
961635,201900003166,8,17,12:05,1,1,1,2.0,4.0,50487,Grande BoussardiÃ¨re,M,"48,5248470"," -1,3100960",50,2019,80.0,1.0,2.0,3.0,2149299,1.0,1,4,1,5.0,,0.0,0,1968.0,A01,138Â 300Â 556,1.0,-1.0,-1.0,1641296,2.0,1,,0.0,2.0,4.0,E01,138Â 300Â 551,0.0
961635,201900003166,8,17,12:05,1,1,1,2.0,4.0,50487,Grande BoussardiÃ¨re,M,"48,5248470"," -1,3100960",50,2019,80.0,1.0,2.0,3.0,2149299,1.0,1,4,1,5.0,,0.0,0,1968.0,A01,138Â 300Â 556,1.0,-1.0,-1.0,1641297,2.0,1,,0.0,2.0,4.0,D01,138Â 300Â 553,0.0
961635,201900003166,8,17,12:05,1,1,1,2.0,4.0,50487,Grande BoussardiÃ¨re,M,"48,5248470"," -1,3100960",50,2019,80.0,1.0,2.0,3.0,2149299,1.0,1,4,1,5.0,,0.0,0,1968.0,A01,138Â 300Â 556,1.0,-1.0,-1.0,1641298,2.0,1,,0.0,2.0,4.0,C01,138Â 300Â 554,0.0
961635,201900003166,8,17,12:05,1,1,1,2.0,4.0,50487,Grande BoussardiÃ¨re,M,"48,5248470"," -1,3100960",50,2019,80.0,1.0,2.0,3.0,2149299,1.0,1,4,1,5.0,,0.0,0,1968.0,A01,138Â 300Â 556,1.0,-1.0,-1.0,1641299,2.0,7,,0.0,2.0,1.0,B01,138Â 300Â 555,0.0
961635,201900003166,8,17,12:05,1,1,1,2.0,4.0,50487,Grande BoussardiÃ¨re,M,"48,5248470"," -1,3100960",50,2019,80.0,1.0,2.0,3.0,2149299,1.0,1,4,1,5.0,,0.0,0,1968.0,A01,138Â 300Â 556,1.0,-1.0,-1.0,1641300,2.0,7,,0.0,0.0,4.0,A01,138Â 300Â 556,0.0
961636,201900003167,10,22,08:10,1,2,1,8.0,3.0,93066,FRANCE ANATOLE (BOULEVARD) NR AUTRES,M,"48,9262000","2,3515700",93,2019,50.0,1.0,1.0,3.0,2149300,1.0,1,1,2,1.0,,0.0,0,1962.0,A01,138Â 300Â 548,1.0,-1.0,-1.0,1641301,1.0,7,,0.0,2.0,2.0,A01,138Â 300Â 548,1.0
961636,201900003167,10,22,08:10,1,2,1,8.0,3.0,93066,FRANCE ANATOLE (BOULEVARD) NR AUTRES,M,"48,9262000","2,3515700",93,2019,50.0,1.0,1.0,3.0,2149300,1.0,1,1,2,1.0,,0.0,0,1962.0,A01,138Â 300Â 548,1.0,-1.0,-1.0,1641302,1.0,34,,0.0,2.0,9.0,B01,138Â 300Â 552,1.0
961636,201900003167,10,22,08:10,1,2,1,8.0,3.0,93066,FRANCE ANATOLE (BOULEVARD) NR AUTRES,M,"48,9262000","2,3515700",93,2019,50.0,1.0,1.0,3.0,2149301,1.0,1,4,1,1.0,,-1.0, -1,1995.0,B01,138Â 300Â 552,2.0,6.0,-1.0,1641301,1.0,7,,0.0,2.0,2.0,A01,138Â 300Â 548,1.0
961636,201900003167,10,22,08:10,1,2,1,8.0,3.0,93066,FRANCE ANATOLE (BOULEVARD) NR AUTRES,M,"48,9262000","2,3515700",93,2019,50.0,1.0,1.0,3.0,2149301,1.0,1,4,1,1.0,,-1.0, -1,1995.0,B01,138Â 300Â 552,2.0,6.0,-1.0,1641302,1.0,34,,0.0,2.0,9.0,B01,138Â 300Â 552,1.0
961637,201900003168,8,14,07:35,1,2,3,1.0,3.0,64038,Chemin d'Adamenia,M,"43,4407588"," -1,5206758",64,2019,50.0,1.0,1.0,3.0,2149302,1.0,1,1,1,0.0,,0.0,0,1981.0,B01,138Â 300Â 547,1.0,-1.0,-1.0,1641303,3.0,7,,0.0,2.0,6.0,B01,138Â 300Â 547,1.0
961637,201900003168,8,14,07:35,1,2,3,1.0,3.0,64038,Chemin d'Adamenia,M,"43,4407588"," -1,5206758",64,2019,50.0,1.0,1.0,3.0,2149302,1.0,1,1,1,0.0,,0.0,0,1981.0,B01,138Â 300Â 547,1.0,-1.0,-1.0,1641304,1.0,2,,0.0,2.0,1.0,A01,138Â 300Â 549,1.0
961637,201900003168,8,14,07:35,1,2,3,1.0,3.0,64038,Chemin d'Adamenia,M,"43,4407588"," -1,5206758",64,2019,50.0,1.0,1.0,3.0,2149303,1.0,1,4,1,4.0,,0.0,0,1998.0,A01,138Â 300Â 549,2.0,-1.0,-1.0,1641303,3.0,7,,0.0,2.0,6.0,B01,138Â 300Â 547,1.0
961637,201900003168,8,14,07:35,1,2,3,1.0,3.0,64038,Chemin d'Adamenia,M,"43,4407588"," -1,5206758",64,2019,50.0,1.0,1.0,3.0,2149303,1.0,1,4,1,4.0,,0.0,0,1998.0,A01,138Â 300Â 549,2.0,-1.0,-1.0,1641304,1.0,2,,0.0,2.0,1.0,A01,138Â 300Â 549,1.0
961638,201900003169,10,22,18:00,1,2,9,1.0,6.0,93047,PAUL DE KOCH  (RUE),M,"48,9005000","2,5596400",93,2019,30.0,2.0,1.0,4.0,2149304,10.0,3,3,1,0.0,,0.0,0,2014.0,A01,138Â 300Â 545,8.0,0.0,-1.0,1641305,1.0,7,,0.0,1.0,2.0,A01,138Â 300Â 545,1.0
961638,201900003169,10,22,18:00,1,2,9,1.0,6.0,93047,PAUL DE KOCH  (RUE),M,"48,9005000","2,5596400",93,2019,30.0,2.0,1.0,4.0,2149305,1.0,1,1,1,1.0,,-1.0, -1,1990.0,A01,138Â 300Â 545,1.0,0.0,-1.0,1641305,1.0,7,,0.0,1.0,2.0,A01,138Â 300Â 545,1.0
961639,201900003170,10,22,18:20,1,2,1,1.0,6.0,93008,LENINE (BOULEVARD),M,"48,9067600","2,4442000",93,2019,50.0,1.0,1.0,4.0,2149306,10.0,3,3,1,0.0,,5.0,9,1923.0,A01,138Â 300Â 542,0.0,0.0,-1.0,1641306,2.0,7,,12.0,0.0,2.0,A01,138Â 300Â 542,1.0
961639,201900003170,10,22,18:20,1,2,1,1.0,6.0,93008,LENINE (BOULEVARD),M,"48,9067600","2,4442000",93,2019,50.0,1.0,1.0,4.0,2149307,1.0,1,1,2,1.0,,-1.0, -1,1975.0,A01,138Â 300Â 542,1.0,0.0,-1.0,1641306,2.0,7,,12.0,0.0,2.0,A01,138Â 300Â 542,1.0
961640,201900003171,6,8,22:50,3,1,1,1.0,6.0,14449,A84,M,"49,1099020"," -0,5977830",14,2019,130.0,1.0,1.0,1.0,2149308,1.0,1,3,1,5.0,,0.0,0,1992.0,A01,138Â 300Â 543,1.0,-1.0,-1.0,1641307,2.0,7,,3.0,0.0,3.0,A01,138Â 300Â 543,1.0
961641,201900003172,8,16,12:55,1,1,2,7.0,3.0,73151,D12,M,"45,4981817","5,9688417",73,2019,70.0,1.0,1.0,3.0,2149309,1.0,1,3,1,3.0,,0.0,0,1976.0,B01,138Â 300Â 541,2.0,6.0,9.0,1641308,1.0,33,,0.0,2.0,8.0,B01,138Â 300Â 541,1.0
961641,201900003172,8,16,12:55,1,1,2,7.0,3.0,73151,D12,M,"45,4981817","5,9688417",73,2019,70.0,1.0,1.0,3.0,2149309,1.0,1,3,1,3.0,,0.0,0,1976.0,B01,138Â 300Â 541,2.0,6.0,9.0,1641309,3.0,7,,0.0,2.0,1.0,A01,138Â 300Â 544,1.0
961641,201900003172,8,16,12:55,1,1,2,7.0,3.0,73151,D12,M,"45,4981817","5,9688417",73,2019,70.0,1.0,1.0,3.0,2149310,2.0,2,1,1,1.0,,0.0,0,1983.0,A01,138Â 300Â 544,1.0,-1.0,-1.0,1641308,1.0,33,,0.0,2.0,8.0,B01,138Â 300Â 541,1.0
961641,201900003172,8,16,12:55,1,1,2,7.0,3.0,73151,D12,M,"45,4981817","5,9688417",73,2019,70.0,1.0,1.0,3.0,2149310,2.0,2,1,1,1.0,,0.0,0,1983.0,A01,138Â 300Â 544,1.0,-1.0,-1.0,1641309,3.0,7,,0.0,2.0,1.0,A01,138Â 300Â 544,1.0
961641,201900003172,8,16,12:55,1,1,2,7.0,3.0,73151,D12,M,"45,4981817","5,9688417",73,2019,70.0,1.0,1.0,3.0,2149311,1.0,1,1,1,1.0,,0.0,0,2001.0,A01,138Â 300Â 544,1.0,-1.0,-1.0,1641308,1.0,33,,0.0,2.0,8.0,B01,138Â 300Â 541,1.0
961641,201900003172,8,16,12:55,1,1,2,7.0,3.0,73151,D12,M,"45,4981817","5,9688417",73,2019,70.0,1.0,1.0,3.0,2149311,1.0,1,1,1,1.0,,0.0,0,2001.0,A01,138Â 300Â 544,1.0,-1.0,-1.0,1641309,3.0,7,,0.0,2.0,1.0,A01,138Â 300Â 544,1.0
961642,201900003173,8,14,12:00,1,1,1,1.0,6.0,43244,Les Hostes,M,"45,1220530","4,3381800",43,2019,80.0,1.0,1.0,3.0,2149312,1.0,1,3,2,4.0,,0.0,0,1956.0,A01,138Â 300Â 537,1.0,5.0,-1.0,1641310,2.0,7,,0.0,0.0,3.0,A01,138Â 300Â 537,1.0
961642,201900003173,8,14,12:00,1,1,1,1.0,6.0,43244,Les Hostes,M,"45,1220530","4,3381800",43,2019,80.0,1.0,1.0,3.0,2149312,1.0,1,3,2,4.0,,0.0,0,1956.0,A01,138Â 300Â 537,1.0,5.0,-1.0,1641311,1.0,7,,0.0,2.0,3.0,B01,138Â 300Â 538,1.0
961642,201900003173,8,14,12:00,1,1,1,1.0,6.0,43244,Les Hostes,M,"45,1220530","4,3381800",43,2019,80.0,1.0,1.0,3.0,2149313,1.0,1,1,2,3.0,,0.0,0,1960.0,B01,138Â 300Â 538,1.0,-1.0,-1.0,1641310,2.0,7,,0.0,0.0,3.0,A01,138Â 300Â 537,1.0
961642,201900003173,8,14,12:00,1,1,1,1.0,6.0,43244,Les Hostes,M,"45,1220530","4,3381800",43,2019,80.0,1.0,1.0,3.0,2149313,1.0,1,1,2,3.0,,0.0,0,1960.0,B01,138Â 300Â 538,1.0,-1.0,-1.0,1641311,1.0,7,,0.0,2.0,3.0,B01,138Â 300Â 538,1.0
961643,201900003174,10,22,15:09,1,2,1,1.0,2.0,93007,DESCARTES (CES),M,"48,9500300","2,4656100",93,2019,70.0,1.0,1.0,3.0,2149314,1.0,1,4,1,9.0,,-1.0, -1,1998.0,B01,138Â 300Â 539,2.0,0.0,-1.0,1641312,3.0,32,,0.0,2.0,1.0,B01,138Â 300Â 539,0.0
961643,201900003174,10,22,15:09,1,2,1,1.0,2.0,93007,DESCARTES (CES),M,"48,9500300","2,4656100",93,2019,70.0,1.0,1.0,3.0,2149314,1.0,1,4,1,9.0,,-1.0, -1,1998.0,B01,138Â 300Â 539,2.0,0.0,-1.0,1641313,3.0,7,,0.0,2.0,6.0,A01,138Â 300Â 540,0.0
961643,201900003174,10,22,15:09,1,2,1,1.0,2.0,93007,DESCARTES (CES),M,"48,9500300","2,4656100",93,2019,70.0,1.0,1.0,3.0,2149315,1.0,1,1,1,9.0,,-1.0, -1,1991.0,A01,138Â 300Â 540,1.0,0.0,-1.0,1641312,3.0,32,,0.0,2.0,1.0,B01,138Â 300Â 539,0.0
961643,201900003174,10,22,15:09,1,2,1,1.0,2.0,93007,DESCARTES (CES),M,"48,9500300","2,4656100",93,2019,70.0,1.0,1.0,3.0,2149315,1.0,1,1,1,9.0,,-1.0, -1,1991.0,A01,138Â 300Â 540,1.0,0.0,-1.0,1641313,3.0,7,,0.0,2.0,6.0,A01,138Â 300Â 540,0.0