Unnamed: 0_x,num_acc,mois,jour,hrmn,lum,agg,int,atm,col,com,adr,gps,lat,long,dep,annee,vma,situ,surf,catr,Unnamed: 0_y,place,catu,grav,sexe,trajet,secu,locp,actp,an_nais,num_veh_x,id_vehicule_x,secu1,secu2,secu3,Unnamed: 0,senc,catv,occutc,obs,obsm,choc,num_veh_y,id_vehicule_y,motor
961644,201900003175,8,17,04:15,3,1,1,1.0,7.0,10111,RD 671,M,"48,0209090","4,4348830",10,2019,80.0,8.0,1.0,3.0,2149316,1.0,1,3,1,0.0,,0.0,0,2000.0,A01,138Â 300Â 535,1.0,-1.0,-1.0,1641314,0.0,7,,0.0,0.0,1.0,A01,138Â 300Â 535,1.0
961645,201900003176,6,17,04:30,4,2,3,1.0,3.0,85109,Avenue des Sables,M,"46,8677600"," -1,0247800",85,2019,50.0,1.0,1.0,4.0,2149317,1.0,1,3,1,1.0,,0.0,0,1981.0,B01,138Â 300Â 534,2.0,6.0,-1.0,1641315,2.0,33,,0.0,2.0,1.0,B01,138Â 300Â 534,1.0
961645,201900003176,6,17,04:30,4,2,3,1.0,3.0,85109,Avenue des Sables,M,"46,8677600"," -1,0247800",85,2019,50.0,1.0,1.0,4.0,2149317,1.0,1,3,1,1.0,,0.0,0,1981.0,B01,138Â 300Â 534,2.0,6.0,-1.0,1641316,1.0,7,,0.0,2.0,8.0,A01,138Â 300Â 536,1.0
961645,201900003176,6,17,04:30,4,2,3,1.0,3.0,85109,Avenue des Sables,M,"46,8677600"," -1,0247800",85,2019,50.0,1.0,1.0,4.0,2149318,1.0,1,1,2,0.0,,0.0,0,1974.0,A01,138Â 300Â 536,1.0,-1.0,-1.0,1641315,2.0,33,,0.0,2.0,1.0,B01,138Â 300Â 534,1.0
961645,201900003176,6,17,04:30,4,2,3,1.0,3.0,85109,Avenue des Sables,M,"46,8677600"," -1,0247800",85,2019,50.0,1.0,1.0,4.0,2149318,1.0,1,1,2,0.0,,0.0,0,1974.0,A01,138Â 300Â 536,1.0,-1.0,-1.0,1641316,1.0,7,,0.0,2.0,8.0,A01,138Â 300Â 536,1.0
961645,201900003176,6,17,04:30,4,2,3,1.0,3.0,85109,Avenue des Sables,M,"46,8677600"," -1,0247800",85,2019,50.0,1.0,1.0,4.0,2149319,2.0,2,1,1,1.0,,0.0,0,1976.0,A01,138Â 300Â 536,1.0,-1.0,-1.0,1641315,2.0,33,,0.0,2.0,1.0,B01,138Â 300Â 534,1.0
961645,201900003176,6,17,04:30,4,2,3,1.0,3.0,85109,Avenue des Sables,M,"46,8677600"," -1,0247800",85,2019,50.0,1.0,1.0,4.0,2149319,2.0,2,1,1,1.0,,0.0,0,1976.0,A01,138Â 300Â 536,1.0,-1.0,-1.0,1641316,1.0,7,,0.0,2.0,8.0,A01,138Â 300Â 536,1.0
961646,201900003177,10,21,22:50,5,2,1,8.0,2.0,93007,ARISTIDE BRIAND (AVENUE COTE IMPAIRS),M,"48,9470400","2,4580900",93,2019,50.0,1.0,1.0,3.0,2149320,1.0,1,4,1,3.0,,-1.0, -1,2000.0,A01,138Â 300Â 531,2.0,8.0,-1.0,1641317,2.0,30,,0.0,2.0,1.0,A01,138Â 300Â 531,1.0
961646,201900003177,10,21,22:50,5,2,1,8.0,2.0,93007,ARISTIDE BRIAND (AVENUE COTE IMPAIRS),M,"48,9470400","2,4580900",93,2019,50.0,1.0,1.0,3.0,2149320,1.0,1,4,1,3.0,,-1.0, -1,2000.0,A01,138Â 300Â 531,2.0,8.0,-1.0,1641318,2.0,7,,0.0,2.0,6.0,B01,138Â 300Â 533,1.0
961646,201900003177,10,21,22:50,5,2,1,8.0,2.0,93007,ARISTIDE BRIAND (AVENUE COTE IMPAIRS),M,"48,9470400","2,4580900",93,2019,50.0,1.0,1.0,3.0,2149321,1.0,1,1,1,0.0,,-1.0, -1,1999.0,B01,138Â 300Â 533,1.0,0.0,-1.0,1641317,2.0,30,,0.0,2.0,1.0,A01,138Â 300Â 531,1.0
961646,201900003177,10,21,22:50,5,2,1,8.0,2.0,93007,ARISTIDE BRIAND (AVENUE COTE IMPAIRS),M,"48,9470400","2,4580900",93,2019,50.0,1.0,1.0,3.0,2149321,1.0,1,1,1,0.0,,-1.0, -1,1999.0,B01,138Â 300Â 533,1.0,0.0,-1.0,1641318,2.0,7,,0.0,2.0,6.0,B01,138Â 300Â 533,1.0
961647,201900003178,8,16,19:20,2,1,3,1.0,6.0,07188,Chemin de Chizaret / D 578,M,"45,1802370","4,6919990",7,2019,80.0,1.0,1.0,3.0,2149322,1.0,1,1,2,1.0,,0.0,0,1977.0,A01,138Â 300Â 529,1.0,-1.0,-1.0,1641319,3.0,7,,0.0,0.0,0.0,A01,138Â 300Â 529,1.0
961647,201900003178,8,16,19:20,2,1,3,1.0,6.0,07188,Chemin de Chizaret / D 578,M,"45,1802370","4,6919990",7,2019,80.0,1.0,1.0,3.0,2149322,1.0,1,1,2,1.0,,0.0,0,1977.0,A01,138Â 300Â 529,1.0,-1.0,-1.0,1641320,2.0,33,,0.0,0.0,7.0,B01,138Â 300Â 532,1.0
961647,201900003178,8,16,19:20,2,1,3,1.0,6.0,07188,Chemin de Chizaret / D 578,M,"45,1802370","4,6919990",7,2019,80.0,1.0,1.0,3.0,2149323,1.0,1,4,1,5.0,,0.0,0,1976.0,B01,138Â 300Â 532,2.0,6.0,-1.0,1641319,3.0,7,,0.0,0.0,0.0,A01,138Â 300Â 529,1.0
961647,201900003178,8,16,19:20,2,1,3,1.0,6.0,07188,Chemin de Chizaret / D 578,M,"45,1802370","4,6919990",7,2019,80.0,1.0,1.0,3.0,2149323,1.0,1,4,1,5.0,,0.0,0,1976.0,B01,138Â 300Â 532,2.0,6.0,-1.0,1641320,2.0,33,,0.0,0.0,7.0,B01,138Â 300Â 532,1.0
961648,201900003179,6,13,07:40,1,1,1,1.0,1.0,85017,La Souchais,M,"46,9019100"," -1,0734400",85,2019,80.0,1.0,1.0,4.0,2149324,1.0,1,3,1,1.0,,0.0,0,2003.0,A01,138Â 300Â 528,2.0,6.0,-1.0,1641321,3.0,2,,0.0,2.0,3.0,A01,138Â 300Â 528,1.0
961648,201900003179,6,13,07:40,1,1,1,1.0,1.0,85017,La Souchais,M,"46,9019100"," -1,0734400",85,2019,80.0,1.0,1.0,4.0,2149324,1.0,1,3,1,1.0,,0.0,0,2003.0,A01,138Â 300Â 528,2.0,6.0,-1.0,1641322,0.0,14,,0.0,2.0,3.0,B01,138Â 300Â 530,1.0
961648,201900003179,6,13,07:40,1,1,1,1.0,1.0,85017,La Souchais,M,"46,9019100"," -1,0734400",85,2019,80.0,1.0,1.0,4.0,2149325,1.0,1,1,1,4.0,,0.0,0,1960.0,B01,138Â 300Â 530,1.0,-1.0,-1.0,1641321,3.0,2,,0.0,2.0,3.0,A01,138Â 300Â 528,1.0
961648,201900003179,6,13,07:40,1,1,1,1.0,1.0,85017,La Souchais,M,"46,9019100"," -1,0734400",85,2019,80.0,1.0,1.0,4.0,2149325,1.0,1,1,1,4.0,,0.0,0,1960.0,B01,138Â 300Â 530,1.0,-1.0,-1.0,1641322,0.0,14,,0.0,2.0,3.0,B01,138Â 300Â 530,1.0
961649,201900003180,10,21,23:00,5,2,1,1.0,6.0,93070,JEAN-JAURES (BD),M,"48,9149090","2,3370570",93,2019,50.0,1.0,1.0,3.0,2149326,1.0,1,4,1,5.0,,0.0, -1,1984.0,A01,138Â 300Â 527,2.0,0.0,-1.0,1641323,0.0,32,,1.0,0.0,6.0,A01,138Â 300Â 527,0.0
961650,201900003181,8,17,09:45,1,1,3,1.0,2.0,07338,la gondole,M,"44,9047800","4,6278740",7,2019,80.0,1.0,1.0,3.0,2149327,1.0,1,4,2,5.0,,0.0,0,1939.0,A01,138Â 300Â 524,1.0,-1.0,-1.0,1641324,2.0,7,,13.0,2.0,1.0,A01,138Â 300Â 524,1.0
961650,201900003181,8,17,09:45,1,1,3,1.0,2.0,07338,la gondole,M,"44,9047800","4,6278740",7,2019,80.0,1.0,1.0,3.0,2149327,1.0,1,4,2,5.0,,0.0,0,1939.0,A01,138Â 300Â 524,1.0,-1.0,-1.0,1641325,2.0,7,,0.0,0.0,4.0,B01,138Â 300Â 526,1.0
961650,201900003181,8,17,09:45,1,1,3,1.0,2.0,07338,la gondole,M,"44,9047800","4,6278740",7,2019,80.0,1.0,1.0,3.0,2149328,1.0,1,4,1,5.0,,0.0,0,1955.0,B01,138Â 300Â 526,1.0,-1.0,-1.0,1641324,2.0,7,,13.0,2.0,1.0,A01,138Â 300Â 524,1.0
961650,201900003181,8,17,09:45,1,1,3,1.0,2.0,07338,la gondole,M,"44,9047800","4,6278740",7,2019,80.0,1.0,1.0,3.0,2149328,1.0,1,4,1,5.0,,0.0,0,1955.0,B01,138Â 300Â 526,1.0,-1.0,-1.0,1641325,2.0,7,,0.0,0.0,4.0,B01,138Â 300Â 526,1.0
961651,201900003182,6,5,07:15,2,1,1,1.0,5.0,85215,Le Bois Bertrand ,M,"46,8677200"," -1,1604000",85,2019,80.0,1.0,1.0,3.0,2149329,1.0,1,4,1,1.0,,0.0,0,1982.0,A01,138Â 300Â 522,1.0,-1.0,-1.0,1641326,2.0,7,,0.0,2.0,1.0,A01,138Â 300Â 522,6.0
961651,201900003182,6,5,07:15,2,1,1,1.0,5.0,85215,Le Bois Bertrand ,M,"46,8677200"," -1,1604000",85,2019,80.0,1.0,1.0,3.0,2149329,1.0,1,4,1,1.0,,0.0,0,1982.0,A01,138Â 300Â 522,1.0,-1.0,-1.0,1641327,1.0,7,,0.0,2.0,1.0,C01,138Â 300Â 523,6.0
961651,201900003182,6,5,07:15,2,1,1,1.0,5.0,85215,Le Bois Bertrand ,M,"46,8677200"," -1,1604000",85,2019,80.0,1.0,1.0,3.0,2149329,1.0,1,4,1,1.0,,0.0,0,1982.0,A01,138Â 300Â 522,1.0,-1.0,-1.0,1641328,1.0,7,,0.0,2.0,3.0,B01,138Â 300Â 525,6.0
961651,201900003182,6,5,07:15,2,1,1,1.0,5.0,85215,Le Bois Bertrand ,M,"46,8677200"," -1,1604000",85,2019,80.0,1.0,1.0,3.0,2149330,1.0,1,1,2,9.0,,0.0,0,1996.0,C01,138Â 300Â 523,1.0,-1.0,-1.0,1641326,2.0,7,,0.0,2.0,1.0,A01,138Â 300Â 522,6.0
961651,201900003182,6,5,07:15,2,1,1,1.0,5.0,85215,Le Bois Bertrand ,M,"46,8677200"," -1,1604000",85,2019,80.0,1.0,1.0,3.0,2149330,1.0,1,1,2,9.0,,0.0,0,1996.0,C01,138Â 300Â 523,1.0,-1.0,-1.0,1641327,1.0,7,,0.0,2.0,1.0,C01,138Â 300Â 523,6.0
961651,201900003182,6,5,07:15,2,1,1,1.0,5.0,85215,Le Bois Bertrand ,M,"46,8677200"," -1,1604000",85,2019,80.0,1.0,1.0,3.0,2149330,1.0,1,1,2,9.0,,0.0,0,1996.0,C01,138Â 300Â 523,1.0,-1.0,-1.0,1641328,1.0,7,,0.0,2.0,3.0,B01,138Â 300Â 525,6.0
961651,201900003182,6,5,07:15,2,1,1,1.0,5.0,85215,Le Bois Bertrand ,M,"46,8677200"," -1,1604000",85,2019,80.0,1.0,1.0,3.0,2149331,1.0,1,2,1,9.0,,0.0,0,1976.0,B01,138Â 300Â 525,1.0,-1.0,-1.0,1641326,2.0,7,,0.0,2.0,1.0,A01,138Â 300Â 522,6.0
961651,201900003182,6,5,07:15,2,1,1,1.0,5.0,85215,Le Bois Bertrand ,M,"46,8677200"," -1,1604000",85,2019,80.0,1.0,1.0,3.0,2149331,1.0,1,2,1,9.0,,0.0,0,1976.0,B01,138Â 300Â 525,1.0,-1.0,-1.0,1641327,1.0,7,,0.0,2.0,1.0,C01,138Â 300Â 523,6.0
961651,201900003182,6,5,07:15,2,1,1,1.0,5.0,85215,Le Bois Bertrand ,M,"46,8677200"," -1,1604000",85,2019,80.0,1.0,1.0,3.0,2149331,1.0,1,2,1,9.0,,0.0,0,1976.0,B01,138Â 300Â 525,1.0,-1.0,-1.0,1641328,1.0,7,,0.0,2.0,3.0,B01,138Â 300Â 525,6.0
961651,201900003182,6,5,07:15,2,1,1,1.0,5.0,85215,Le Bois Bertrand ,M,"46,8677200"," -1,1604000",85,2019,80.0,1.0,1.0,3.0,2149332,7.0,2,4,1,0.0,,0.0,0,2017.0,B01,138Â 300Â 525,1.0,-1.0,-1.0,1641326,2.0,7,,0.0,2.0,1.0,A01,138Â 300Â 522,6.0
961651,201900003182,6,5,07:15,2,1,1,1.0,5.0,85215,Le Bois Bertrand ,M,"46,8677200"," -1,1604000",85,2019,80.0,1.0,1.0,3.0,2149332,7.0,2,4,1,0.0,,0.0,0,2017.0,B01,138Â 300Â 525,1.0,-1.0,-1.0,1641327,1.0,7,,0.0,2.0,1.0,C01,138Â 300Â 523,6.0
961651,201900003182,6,5,07:15,2,1,1,1.0,5.0,85215,Le Bois Bertrand ,M,"46,8677200"," -1,1604000",85,2019,80.0,1.0,1.0,3.0,2149332,7.0,2,4,1,0.0,,0.0,0,2017.0,B01,138Â 300Â 525,1.0,-1.0,-1.0,1641328,1.0,7,,0.0,2.0,3.0,B01,138Â 300Â 525,6.0
961652,201900003183,6,8,16:36,1,1,1,1.0,7.0,08111,Route nationale 51,M,"49,4168160","4,2771860",8,2019,110.0,8.0,1.0,2.0,2149333,1.0,1,3,1,5.0,,0.0,0,1983.0,A01,138Â 300Â 517,1.0,-1.0,-1.0,1641329,2.0,7,,0.0,0.0,9.0,A01,138Â 300Â 517,6.0
961652,201900003183,6,8,16:36,1,1,1,1.0,7.0,08111,Route nationale 51,M,"49,4168160","4,2771860",8,2019,110.0,8.0,1.0,2.0,2149334,2.0,2,4,2,5.0,,0.0,0,1996.0,A01,138Â 300Â 517,1.0,-1.0,-1.0,1641329,2.0,7,,0.0,0.0,9.0,A01,138Â 300Â 517,6.0
961653,201900003184,10,21,08:40,1,2,1,1.0,2.0,92063,BONAPARTE (AVENUE NAPOLEON) SUD,M,"48,8702300","2,1586600",92,2019,50.0,1.0,2.0,3.0,2149335,1.0,1,4,2,1.0,,-1.0,0,1962.0,B01,138Â 300Â 520,1.0,8.0,-1.0,1641330,2.0,7,,0.0,2.0,4.0,B01,138Â 300Â 520,1.0
961653,201900003184,10,21,08:40,1,2,1,1.0,2.0,92063,BONAPARTE (AVENUE NAPOLEON) SUD,M,"48,8702300","2,1586600",92,2019,50.0,1.0,2.0,3.0,2149335,1.0,1,4,2,1.0,,-1.0,0,1962.0,B01,138Â 300Â 520,1.0,8.0,-1.0,1641331,2.0,7,,0.0,2.0,1.0,A01,138Â 300Â 521,1.0
961653,201900003184,10,21,08:40,1,2,1,1.0,2.0,92063,BONAPARTE (AVENUE NAPOLEON) SUD,M,"48,8702300","2,1586600",92,2019,50.0,1.0,2.0,3.0,2149336,1.0,1,1,1,1.0,,-1.0,0,1979.0,A01,138Â 300Â 521,1.0,8.0,-1.0,1641330,2.0,7,,0.0,2.0,4.0,B01,138Â 300Â 520,1.0
961653,201900003184,10,21,08:40,1,2,1,1.0,2.0,92063,BONAPARTE (AVENUE NAPOLEON) SUD,M,"48,8702300","2,1586600",92,2019,50.0,1.0,2.0,3.0,2149336,1.0,1,1,1,1.0,,-1.0,0,1979.0,A01,138Â 300Â 521,1.0,8.0,-1.0,1641331,2.0,7,,0.0,2.0,1.0,A01,138Â 300Â 521,1.0
961654,201900003185,8,14,08:20,1,1,1,1.0,5.0,07172,D820,M,"45,2798380","4,7233820",7,2019,80.0,1.0,1.0,3.0,2149337,1.0,1,4,1,1.0,,0.0,0,1980.0,A01,138Â 300Â 516,2.0,6.0,-1.0,1641332,0.0,33,,0.0,2.0,3.0,A01,138Â 300Â 516,1.0
961654,201900003185,8,14,08:20,1,1,1,1.0,5.0,07172,D820,M,"45,2798380","4,7233820",7,2019,80.0,1.0,1.0,3.0,2149337,1.0,1,4,1,1.0,,0.0,0,1980.0,A01,138Â 300Â 516,2.0,6.0,-1.0,1641333,0.0,7,,0.0,2.0,3.0,B01,138Â 300Â 518,1.0
961654,201900003185,8,14,08:20,1,1,1,1.0,5.0,07172,D820,M,"45,2798380","4,7233820",7,2019,80.0,1.0,1.0,3.0,2149337,1.0,1,4,1,1.0,,0.0,0,1980.0,A01,138Â 300Â 516,2.0,6.0,-1.0,1641334,0.0,15,,0.0,2.0,8.0,C01,138Â 300Â 519,1.0
961654,201900003185,8,14,08:20,1,1,1,1.0,5.0,07172,D820,M,"45,2798380","4,7233820",7,2019,80.0,1.0,1.0,3.0,2149338,1.0,1,1,1,1.0,,0.0,0,1982.0,B01,138Â 300Â 518,1.0,-1.0,-1.0,1641332,0.0,33,,0.0,2.0,3.0,A01,138Â 300Â 516,1.0
961654,201900003185,8,14,08:20,1,1,1,1.0,5.0,07172,D820,M,"45,2798380","4,7233820",7,2019,80.0,1.0,1.0,3.0,2149338,1.0,1,1,1,1.0,,0.0,0,1982.0,B01,138Â 300Â 518,1.0,-1.0,-1.0,1641333,0.0,7,,0.0,2.0,3.0,B01,138Â 300Â 518,1.0
961654,201900003185,8,14,08:20,1,1,1,1.0,5.0,07172,D820,M,"45,2798380","4,7233820",7,2019,80.0,1.0,1.0,3.0,2149338,1.0,1,1,1,1.0,,0.0,0,1982.0,B01,138Â 300Â 518,1.0,-1.0,-1.0,1641334,0.0,15,,0.0,2.0,8.0,C01,138Â 300Â 519,1.0
961654,201900003185,8,14,08:20,1,1,1,1.0,5.0,07172,D820,M,"45,2798380","4,7233820",7,2019,80.0,1.0,1.0,3.0,2149339,1.0,1,1,1,4.0,,0.0,0,1979.0,C01,138Â 300Â 519,1.0,-1.0,-1.0,1641332,0.0,33,,0.0,2.0,3.0,A01,138Â 300Â 516,1.0
961654,201900003185,8,14,08:20,1,1,1,1.0,5.0,07172,D820,M,"45,2798380","4,7233820",7,2019,80.0,1.0,1.0,3.0,2149339,1.0,1,1,1,4.0,,0.0,0,1979.0,C01,138Â 300Â 519,1.0,-1.0,-1.0,1641333,0.0,7,,0.0,2.0,3.0,B01,138Â 300Â 518,1.0
961654,201900003185,8,14,08:20,1,1,1,1.0,5.0,07172,D820,M,"45,2798380","4,7233820",7,2019,80.0,1.0,1.0,3.0,2149339,1.0,1,1,1,4.0,,0.0,0,1979.0,C01,138Â 300Â 519,1.0,-1.0,-1.0,1641334,0.0,15,,0.0,2.0,8.0,C01,138Â 300Â 519,1.0
961655,201900003186,10,22,09:00,1,2,1,1.0,3.0,92062,DE DION BOUTON (QUAI) DU 29 AU 65,M,"48,8830100","2,2485300",92,2019,50.0,1.0,1.0,3.0,2149340,1.0,1,3,1,0.0,,-1.0,0,1959.0,B01,138Â 300Â 512,2.0,0.0,-1.0,1641335,1.0,33,,0.0,0.0,2.0,B01,138Â 300Â 512,0.0
961655,201900003186,10,22,09:00,1,2,1,1.0,3.0,92062,DE DION BOUTON (QUAI) DU 29 AU 65,M,"48,8830100","2,2485300",92,2019,50.0,1.0,1.0,3.0,2149340,1.0,1,3,1,0.0,,-1.0,0,1959.0,B01,138Â 300Â 512,2.0,0.0,-1.0,1641336,1.0,7,,0.0,2.0,3.0,A01,138Â 300Â 514,0.0
961655,201900003186,10,22,09:00,1,2,1,1.0,3.0,92062,DE DION BOUTON (QUAI) DU 29 AU 65,M,"48,8830100","2,2485300",92,2019,50.0,1.0,1.0,3.0,2149341,1.0,1,1,1,0.0,,-1.0,0,1966.0,A01,138Â 300Â 514,1.0,0.0,-1.0,1641335,1.0,33,,0.0,0.0,2.0,B01,138Â 300Â 512,0.0
961655,201900003186,10,22,09:00,1,2,1,1.0,3.0,92062,DE DION BOUTON (QUAI) DU 29 AU 65,M,"48,8830100","2,2485300",92,2019,50.0,1.0,1.0,3.0,2149341,1.0,1,1,1,0.0,,-1.0,0,1966.0,A01,138Â 300Â 514,1.0,0.0,-1.0,1641336,1.0,7,,0.0,2.0,3.0,A01,138Â 300Â 514,0.0
961656,201900003187,8,15,12:45,1,1,1,1.0,1.0,07076,RD 86,M,"44,6562750","4,7621910",7,2019,80.0,1.0,1.0,3.0,2149342,1.0,1,4,2,1.0,,0.0,0,1999.0,A01,138Â 300Â 511,1.0,-1.0,-1.0,1641337,0.0,7,,0.0,2.0,3.0,A01,138Â 300Â 511,0.0
961656,201900003187,8,15,12:45,1,1,1,1.0,1.0,07076,RD 86,M,"44,6562750","4,7621910",7,2019,80.0,1.0,1.0,3.0,2149342,1.0,1,4,2,1.0,,0.0,0,1999.0,A01,138Â 300Â 511,1.0,-1.0,-1.0,1641338,0.0,7,,0.0,2.0,3.0,B01,138Â 300Â 513,1.0
961656,201900003187,8,15,12:45,1,1,1,1.0,1.0,07076,RD 86,M,"44,6562750","4,7621910",7,2019,80.0,1.0,1.0,3.0,2149343,7.0,2,4,2,5.0,,0.0,0,2010.0,B01,138Â 300Â 513,1.0,-1.0,-1.0,1641337,0.0,7,,0.0,2.0,3.0,A01,138Â 300Â 511,0.0
961656,201900003187,8,15,12:45,1,1,1,1.0,1.0,07076,RD 86,M,"44,6562750","4,7621910",7,2019,80.0,1.0,1.0,3.0,2149343,7.0,2,4,2,5.0,,0.0,0,2010.0,B01,138Â 300Â 513,1.0,-1.0,-1.0,1641338,0.0,7,,0.0,2.0,3.0,B01,138Â 300Â 513,1.0
961656,201900003187,8,15,12:45,1,1,1,1.0,1.0,07076,RD 86,M,"44,6562750","4,7621910",7,2019,80.0,1.0,1.0,3.0,2149344,1.0,1,4,1,5.0,,0.0,0,1982.0,B01,138Â 300Â 513,1.0,-1.0,-1.0,1641337,0.0,7,,0.0,2.0,3.0,A01,138Â 300Â 511,0.0
961656,201900003187,8,15,12:45,1,1,1,1.0,1.0,07076,RD 86,M,"44,6562750","4,7621910",7,2019,80.0,1.0,1.0,3.0,2149344,1.0,1,4,1,5.0,,0.0,0,1982.0,B01,138Â 300Â 513,1.0,-1.0,-1.0,1641338,0.0,7,,0.0,2.0,3.0,B01,138Â 300Â 513,1.0
961656,201900003187,8,15,12:45,1,1,1,1.0,1.0,07076,RD 86,M,"44,6562750","4,7621910",7,2019,80.0,1.0,1.0,3.0,2149345,2.0,2,4,2,5.0,,0.0,0,1986.0,B01,138Â 300Â 513,1.0,-1.0,-1.0,1641337,0.0,7,,0.0,2.0,3.0,A01,138Â 300Â 511,0.0
961656,201900003187,8,15,12:45,1,1,1,1.0,1.0,07076,RD 86,M,"44,6562750","4,7621910",7,2019,80.0,1.0,1.0,3.0,2149345,2.0,2,4,2,5.0,,0.0,0,1986.0,B01,138Â 300Â 513,1.0,-1.0,-1.0,1641338,0.0,7,,0.0,2.0,3.0,B01,138Â 300Â 513,1.0
961656,201900003187,8,15,12:45,1,1,1,1.0,1.0,07076,RD 86,M,"44,6562750","4,7621910",7,2019,80.0,1.0,1.0,3.0,2149346,9.0,2,4,1,5.0,,0.0,0,2014.0,B01,138Â 300Â 513,1.0,-1.0,-1.0,1641337,0.0,7,,0.0,2.0,3.0,A01,138Â 300Â 511,0.0
961656,201900003187,8,15,12:45,1,1,1,1.0,1.0,07076,RD 86,M,"44,6562750","4,7621910",7,2019,80.0,1.0,1.0,3.0,2149346,9.0,2,4,1,5.0,,0.0,0,2014.0,B01,138Â 300Â 513,1.0,-1.0,-1.0,1641338,0.0,7,,0.0,2.0,3.0,B01,138Â 300Â 513,1.0
961657,201900003188,6,1,06:06,2,1,1,1.0,2.0,08330,A34,M,"49,5427370","4,4326080",8,2019,130.0,2.0,1.0,1.0,2149347,9.0,2,3,1,5.0,,0.0,0,1997.0,B01,138Â 300Â 510,0.0,-1.0,-1.0,1641339,2.0,7,,0.0,0.0,4.0,B01,138Â 300Â 510,0.0
961657,201900003188,6,1,06:06,2,1,1,1.0,2.0,08330,A34,M,"49,5427370","4,4326080",8,2019,130.0,2.0,1.0,1.0,2149347,9.0,2,3,1,5.0,,0.0,0,1997.0,B01,138Â 300Â 510,0.0,-1.0,-1.0,1641340,2.0,17,,1.0,0.0,1.0,A01,138Â 300Â 515,1.0
961657,201900003188,6,1,06:06,2,1,1,1.0,2.0,08330,A34,M,"49,5427370","4,4326080",8,2019,130.0,2.0,1.0,1.0,2149348,8.0,2,2,2,5.0,,0.0,0,1997.0,B01,138Â 300Â 510,0.0,-1.0,-1.0,1641339,2.0,7,,0.0,0.0,4.0,B01,138Â 300Â 510,0.0
961657,201900003188,6,1,06:06,2,1,1,1.0,2.0,08330,A34,M,"49,5427370","4,4326080",8,2019,130.0,2.0,1.0,1.0,2149348,8.0,2,2,2,5.0,,0.0,0,1997.0,B01,138Â 300Â 510,0.0,-1.0,-1.0,1641340,2.0,17,,1.0,0.0,1.0,A01,138Â 300Â 515,1.0
961657,201900003188,6,1,06:06,2,1,1,1.0,2.0,08330,A34,M,"49,5427370","4,4326080",8,2019,130.0,2.0,1.0,1.0,2149349,7.0,2,3,1,5.0,,0.0,0,2018.0,B01,138Â 300Â 510,0.0,-1.0,-1.0,1641339,2.0,7,,0.0,0.0,4.0,B01,138Â 300Â 510,0.0
961657,201900003188,6,1,06:06,2,1,1,1.0,2.0,08330,A34,M,"49,5427370","4,4326080",8,2019,130.0,2.0,1.0,1.0,2149349,7.0,2,3,1,5.0,,0.0,0,2018.0,B01,138Â 300Â 510,0.0,-1.0,-1.0,1641340,2.0,17,,1.0,0.0,1.0,A01,138Â 300Â 515,1.0
961657,201900003188,6,1,06:06,2,1,1,1.0,2.0,08330,A34,M,"49,5427370","4,4326080",8,2019,130.0,2.0,1.0,1.0,2149350,6.0,2,4,2,5.0,,0.0,0,2009.0,B01,138Â 300Â 510,1.0,-1.0,-1.0,1641339,2.0,7,,0.0,0.0,4.0,B01,138Â 300Â 510,0.0
961657,201900003188,6,1,06:06,2,1,1,1.0,2.0,08330,A34,M,"49,5427370","4,4326080",8,2019,130.0,2.0,1.0,1.0,2149350,6.0,2,4,2,5.0,,0.0,0,2009.0,B01,138Â 300Â 510,1.0,-1.0,-1.0,1641340,2.0,17,,1.0,0.0,1.0,A01,138Â 300Â 515,1.0
961657,201900003188,6,1,06:06,2,1,1,1.0,2.0,08330,A34,M,"49,5427370","4,4326080",8,2019,130.0,2.0,1.0,1.0,2149351,5.0,2,2,2,5.0,,0.0,0,1995.0,B01,138Â 300Â 510,0.0,-1.0,-1.0,1641339,2.0,7,,0.0,0.0,4.0,B01,138Â 300Â 510,0.0
961657,201900003188,6,1,06:06,2,1,1,1.0,2.0,08330,A34,M,"49,5427370","4,4326080",8,2019,130.0,2.0,1.0,1.0,2149351,5.0,2,2,2,5.0,,0.0,0,1995.0,B01,138Â 300Â 510,0.0,-1.0,-1.0,1641340,2.0,17,,1.0,0.0,1.0,A01,138Â 300Â 515,1.0
961657,201900003188,6,1,06:06,2,1,1,1.0,2.0,08330,A34,M,"49,5427370","4,4326080",8,2019,130.0,2.0,1.0,1.0,2149352,4.0,2,2,2,5.0,,0.0,0,2017.0,B01,138Â 300Â 510,0.0,-1.0,-1.0,1641339,2.0,7,,0.0,0.0,4.0,B01,138Â 300Â 510,0.0
961657,201900003188,6,1,06:06,2,1,1,1.0,2.0,08330,A34,M,"49,5427370","4,4326080",8,2019,130.0,2.0,1.0,1.0,2149352,4.0,2,2,2,5.0,,0.0,0,2017.0,B01,138Â 300Â 510,0.0,-1.0,-1.0,1641340,2.0,17,,1.0,0.0,1.0,A01,138Â 300Â 515,1.0
961657,201900003188,6,1,06:06,2,1,1,1.0,2.0,08330,A34,M,"49,5427370","4,4326080",8,2019,130.0,2.0,1.0,1.0,2149353,2.0,1,3,1,5.0,,0.0,0,1989.0,B01,138Â 300Â 510,0.0,-1.0,-1.0,1641339,2.0,7,,0.0,0.0,4.0,B01,138Â 300Â 510,0.0
961657,201900003188,6,1,06:06,2,1,1,1.0,2.0,08330,A34,M,"49,5427370","4,4326080",8,2019,130.0,2.0,1.0,1.0,2149353,2.0,1,3,1,5.0,,0.0,0,1989.0,B01,138Â 300Â 510,0.0,-1.0,-1.0,1641340,2.0,17,,1.0,0.0,1.0,A01,138Â 300Â 515,1.0