Unnamed: 0_x,num_acc,mois,jour,hrmn,lum,agg,int,atm,col,com,adr,gps,lat,long,dep,annee,vma,situ,surf,catr,Unnamed: 0_y,place,catu,grav,sexe,trajet,secu,locp,actp,an_nais,num_veh_x,id_vehicule_x,secu1,secu2,secu3,Unnamed: 0,senc,catv,occutc,obs,obsm,choc,num_veh_y,id_vehicule_y,motor
961657,201900003188,6,1,06:06,2,1,1,1.0,2.0,08330,A34,M,"49,5427370","4,4326080",8,2019,130.0,2.0,1.0,1.0,2149354,1.0,1,1,1,4.0,,0.0,0,2000.0,A01,138Â 300Â 515,1.0,-1.0,-1.0,1641339,2.0,7,,0.0,0.0,4.0,B01,138Â 300Â 510,0.0
961657,201900003188,6,1,06:06,2,1,1,1.0,2.0,08330,A34,M,"49,5427370","4,4326080",8,2019,130.0,2.0,1.0,1.0,2149354,1.0,1,1,1,4.0,,0.0,0,2000.0,A01,138Â 300Â 515,1.0,-1.0,-1.0,1641340,2.0,17,,1.0,0.0,1.0,A01,138Â 300Â 515,1.0
961658,201900003189,6,15,19:40,1,1,2,1.0,3.0,71456,Intersection RD 35 / RD 139 - Lieu-dit Perrigny,M,"46,8090110","5,0271210",71,2019,70.0,1.0,2.0,3.0,2149355,1.0,1,1,1,5.0,,0.0,0,1963.0,B01,138Â 300Â 505,1.0,-1.0,-1.0,1641341,1.0,7,,0.0,0.0,7.0,B01,138Â 300Â 505,1.0
961658,201900003189,6,15,19:40,1,1,2,1.0,3.0,71456,Intersection RD 35 / RD 139 - Lieu-dit Perrigny,M,"46,8090110","5,0271210",71,2019,70.0,1.0,2.0,3.0,2149355,1.0,1,1,1,5.0,,0.0,0,1963.0,B01,138Â 300Â 505,1.0,-1.0,-1.0,1641342,3.0,2,,0.0,2.0,1.0,A01,138Â 300Â 506,1.0
961658,201900003189,6,15,19:40,1,1,2,1.0,3.0,71456,Intersection RD 35 / RD 139 - Lieu-dit Perrigny,M,"46,8090110","5,0271210",71,2019,70.0,1.0,2.0,3.0,2149356,1.0,1,4,1,5.0,,0.0,0,2002.0,A01,138Â 300Â 506,2.0,-1.0,-1.0,1641341,1.0,7,,0.0,0.0,7.0,B01,138Â 300Â 505,1.0
961658,201900003189,6,15,19:40,1,1,2,1.0,3.0,71456,Intersection RD 35 / RD 139 - Lieu-dit Perrigny,M,"46,8090110","5,0271210",71,2019,70.0,1.0,2.0,3.0,2149356,1.0,1,4,1,5.0,,0.0,0,2002.0,A01,138Â 300Â 506,2.0,-1.0,-1.0,1641342,3.0,2,,0.0,2.0,1.0,A01,138Â 300Â 506,1.0
961659,201900003190,10,22,14:50,1,2,1,8.0,2.0,92051,"CHARLES DE GAULLE (AVENUE,NÂ°118 A 192 +",M,"48,8836000","2,2634000",92,2019,50.0,1.0,1.0,2.0,2149357,1.0,1,1,1,0.0,,-1.0,0,1966.0,B01,138Â 300Â 508,1.0,0.0,-1.0,1641343,2.0,7,,12.0,0.0,5.0,B01,138Â 300Â 508,1.0
961659,201900003190,10,22,14:50,1,2,1,8.0,2.0,92051,"CHARLES DE GAULLE (AVENUE,NÂ°118 A 192 +",M,"48,8836000","2,2634000",92,2019,50.0,1.0,1.0,2.0,2149357,1.0,1,1,1,0.0,,-1.0,0,1966.0,B01,138Â 300Â 508,1.0,0.0,-1.0,1641344,2.0,30,,0.0,2.0,1.0,A01,138Â 300Â 509,1.0
961659,201900003190,10,22,14:50,1,2,1,8.0,2.0,92051,"CHARLES DE GAULLE (AVENUE,NÂ°118 A 192 +",M,"48,8836000","2,2634000",92,2019,50.0,1.0,1.0,2.0,2149358,1.0,1,4,1,4.0,,-1.0,0,1991.0,A01,138Â 300Â 509,2.0,6.0,-1.0,1641343,2.0,7,,12.0,0.0,5.0,B01,138Â 300Â 508,1.0
961659,201900003190,10,22,14:50,1,2,1,8.0,2.0,92051,"CHARLES DE GAULLE (AVENUE,NÂ°118 A 192 +",M,"48,8836000","2,2634000",92,2019,50.0,1.0,1.0,2.0,2149358,1.0,1,4,1,4.0,,-1.0,0,1991.0,A01,138Â 300Â 509,2.0,6.0,-1.0,1641344,2.0,30,,0.0,2.0,1.0,A01,138Â 300Â 509,1.0
961660,201900003191,8,13,10:00,1,1,2,1.0,3.0,21073,Rue d'Aisy,M,"47,4195440","4,3109540",21,2019,80.0,1.0,1.0,3.0,2149359,1.0,1,1,2,5.0,,0.0,0,1957.0,A01,138Â 300Â 504,1.0,-1.0,-1.0,1641345,1.0,7,,0.0,2.0,2.0,A01,138Â 300Â 504,1.0
961660,201900003191,8,13,10:00,1,1,2,1.0,3.0,21073,Rue d'Aisy,M,"47,4195440","4,3109540",21,2019,80.0,1.0,1.0,3.0,2149359,1.0,1,1,2,5.0,,0.0,0,1957.0,A01,138Â 300Â 504,1.0,-1.0,-1.0,1641346,2.0,7,,0.0,2.0,3.0,B01,138Â 300Â 507,1.0
961660,201900003191,8,13,10:00,1,1,2,1.0,3.0,21073,Rue d'Aisy,M,"47,4195440","4,3109540",21,2019,80.0,1.0,1.0,3.0,2149360,2.0,2,1,1,5.0,,0.0,0,2003.0,A01,138Â 300Â 504,1.0,-1.0,-1.0,1641345,1.0,7,,0.0,2.0,2.0,A01,138Â 300Â 504,1.0
961660,201900003191,8,13,10:00,1,1,2,1.0,3.0,21073,Rue d'Aisy,M,"47,4195440","4,3109540",21,2019,80.0,1.0,1.0,3.0,2149360,2.0,2,1,1,5.0,,0.0,0,2003.0,A01,138Â 300Â 504,1.0,-1.0,-1.0,1641346,2.0,7,,0.0,2.0,3.0,B01,138Â 300Â 507,1.0
961660,201900003191,8,13,10:00,1,1,2,1.0,3.0,21073,Rue d'Aisy,M,"47,4195440","4,3109540",21,2019,80.0,1.0,1.0,3.0,2149361,2.0,2,4,2,5.0,,0.0,0,1992.0,B01,138Â 300Â 507,1.0,-1.0,-1.0,1641345,1.0,7,,0.0,2.0,2.0,A01,138Â 300Â 504,1.0
961660,201900003191,8,13,10:00,1,1,2,1.0,3.0,21073,Rue d'Aisy,M,"47,4195440","4,3109540",21,2019,80.0,1.0,1.0,3.0,2149361,2.0,2,4,2,5.0,,0.0,0,1992.0,B01,138Â 300Â 507,1.0,-1.0,-1.0,1641346,2.0,7,,0.0,2.0,3.0,B01,138Â 300Â 507,1.0
961660,201900003191,8,13,10:00,1,1,2,1.0,3.0,21073,Rue d'Aisy,M,"47,4195440","4,3109540",21,2019,80.0,1.0,1.0,3.0,2149362,1.0,1,1,1,5.0,,0.0,0,1987.0,B01,138Â 300Â 507,1.0,-1.0,-1.0,1641345,1.0,7,,0.0,2.0,2.0,A01,138Â 300Â 504,1.0
961660,201900003191,8,13,10:00,1,1,2,1.0,3.0,21073,Rue d'Aisy,M,"47,4195440","4,3109540",21,2019,80.0,1.0,1.0,3.0,2149362,1.0,1,1,1,5.0,,0.0,0,1987.0,B01,138Â 300Â 507,1.0,-1.0,-1.0,1641346,2.0,7,,0.0,2.0,3.0,B01,138Â 300Â 507,1.0
961661,201900003192,10,22,16:20,5,2,2,3.0,6.0,92040,"CHARLES DE GAULLE (AVENUE, NÂ° 18 A 116)",M,"48,8283548","2,2658443",92,2019,50.0,3.0,1.0,3.0,2149363,10.0,3,4,1,1.0,,2.0,B,1963.0,A01,138Â 300Â 501,0.0,0.0,0.0,1641347,0.0,7,,0.0,1.0,2.0,A01,138Â 300Â 501,1.0
961662,201900003193,8,14,17:50,1,1,3,1.0,3.0,21599,D974,M,"47,6063520","5,2457000",21,2019,90.0,1.0,1.0,3.0,2149364,7.0,2,1,2,9.0,,0.0,0,1938.0,B01,138Â 300Â 498,1.0,-1.0,-1.0,1641348,0.0,7,,0.0,2.0,8.0,B01,138Â 300Â 498,0.0
961662,201900003193,8,14,17:50,1,1,3,1.0,3.0,21599,D974,M,"47,6063520","5,2457000",21,2019,90.0,1.0,1.0,3.0,2149364,7.0,2,1,2,9.0,,0.0,0,1938.0,B01,138Â 300Â 498,1.0,-1.0,-1.0,1641349,0.0,7,,3.0,2.0,2.0,A01,138Â 300Â 502,0.0
961662,201900003193,8,14,17:50,1,1,3,1.0,3.0,21599,D974,M,"47,6063520","5,2457000",21,2019,90.0,1.0,1.0,3.0,2149365,2.0,2,1,1,9.0,,0.0,0,1938.0,B01,138Â 300Â 498,1.0,-1.0,-1.0,1641348,0.0,7,,0.0,2.0,8.0,B01,138Â 300Â 498,0.0
961662,201900003193,8,14,17:50,1,1,3,1.0,3.0,21599,D974,M,"47,6063520","5,2457000",21,2019,90.0,1.0,1.0,3.0,2149365,2.0,2,1,1,9.0,,0.0,0,1938.0,B01,138Â 300Â 498,1.0,-1.0,-1.0,1641349,0.0,7,,3.0,2.0,2.0,A01,138Â 300Â 502,0.0
961662,201900003193,8,14,17:50,1,1,3,1.0,3.0,21599,D974,M,"47,6063520","5,2457000",21,2019,90.0,1.0,1.0,3.0,2149366,1.0,1,1,2,9.0,,0.0,0,1967.0,B01,138Â 300Â 498,1.0,-1.0,-1.0,1641348,0.0,7,,0.0,2.0,8.0,B01,138Â 300Â 498,0.0
961662,201900003193,8,14,17:50,1,1,3,1.0,3.0,21599,D974,M,"47,6063520","5,2457000",21,2019,90.0,1.0,1.0,3.0,2149366,1.0,1,1,2,9.0,,0.0,0,1967.0,B01,138Â 300Â 498,1.0,-1.0,-1.0,1641349,0.0,7,,3.0,2.0,2.0,A01,138Â 300Â 502,0.0
961662,201900003193,8,14,17:50,1,1,3,1.0,3.0,21599,D974,M,"47,6063520","5,2457000",21,2019,90.0,1.0,1.0,3.0,2149367,2.0,2,4,2,5.0,,0.0,0,1956.0,A01,138Â 300Â 502,1.0,-1.0,-1.0,1641348,0.0,7,,0.0,2.0,8.0,B01,138Â 300Â 498,0.0
961662,201900003193,8,14,17:50,1,1,3,1.0,3.0,21599,D974,M,"47,6063520","5,2457000",21,2019,90.0,1.0,1.0,3.0,2149367,2.0,2,4,2,5.0,,0.0,0,1956.0,A01,138Â 300Â 502,1.0,-1.0,-1.0,1641349,0.0,7,,3.0,2.0,2.0,A01,138Â 300Â 502,0.0
961662,201900003193,8,14,17:50,1,1,3,1.0,3.0,21599,D974,M,"47,6063520","5,2457000",21,2019,90.0,1.0,1.0,3.0,2149368,1.0,1,4,1,5.0,,0.0,0,1956.0,A01,138Â 300Â 502,1.0,-1.0,-1.0,1641348,0.0,7,,0.0,2.0,8.0,B01,138Â 300Â 498,0.0
961662,201900003193,8,14,17:50,1,1,3,1.0,3.0,21599,D974,M,"47,6063520","5,2457000",21,2019,90.0,1.0,1.0,3.0,2149368,1.0,1,4,1,5.0,,0.0,0,1956.0,A01,138Â 300Â 502,1.0,-1.0,-1.0,1641349,0.0,7,,3.0,2.0,2.0,A01,138Â 300Â 502,0.0
961663,201900003194,6,8,16:53,1,1,2,1.0,3.0,71004,Route de Dole,M,"46,8033670","4,9404910",71,2019,80.0,1.0,1.0,3.0,2149369,1.0,1,1,1,5.0,,0.0,0,1972.0,B01,138Â 300Â 500,0.0,-1.0,-1.0,1641350,0.0,21,,0.0,2.0,5.0,B01,138Â 300Â 500,1.0
961663,201900003194,6,8,16:53,1,1,2,1.0,3.0,71004,Route de Dole,M,"46,8033670","4,9404910",71,2019,80.0,1.0,1.0,3.0,2149369,1.0,1,1,1,5.0,,0.0,0,1972.0,B01,138Â 300Â 500,0.0,-1.0,-1.0,1641351,1.0,33,,0.0,9.0,1.0,A01,138Â 300Â 503,1.0
961663,201900003194,6,8,16:53,1,1,2,1.0,3.0,71004,Route de Dole,M,"46,8033670","4,9404910",71,2019,80.0,1.0,1.0,3.0,2149370,1.0,1,2,1,5.0,,0.0,0,1991.0,A01,138Â 300Â 503,2.0,-1.0,-1.0,1641350,0.0,21,,0.0,2.0,5.0,B01,138Â 300Â 500,1.0
961663,201900003194,6,8,16:53,1,1,2,1.0,3.0,71004,Route de Dole,M,"46,8033670","4,9404910",71,2019,80.0,1.0,1.0,3.0,2149370,1.0,1,2,1,5.0,,0.0,0,1991.0,A01,138Â 300Â 503,2.0,-1.0,-1.0,1641351,1.0,33,,0.0,9.0,1.0,A01,138Â 300Â 503,1.0
961664,201900003195,6,4,23:40,3,2,1,1.0,6.0,71215,122 Route de Chalon,M,"46,8678380","4,9481090",71,2019,50.0,3.0,1.0,3.0,2149371,1.0,1,3,1,5.0,,0.0,0,1985.0,A01,138Â 300Â 494,8.0,-1.0,-1.0,1641352,1.0,7,,3.0,0.0,3.0,A01,138Â 300Â 494,1.0
961665,201900003196,8,13,18:30,1,1,1,1.0,1.0,40091,3778 rout de Aire,M,"43,7116450"," -0,2854740",40,2019,80.0,1.0,1.0,3.0,2149372,1.0,1,3,1,0.0,,0.0,0,1974.0,B01,138Â 300Â 495,1.0,-1.0,-1.0,1641353,0.0,7,,0.0,2.0,3.0,B01,138Â 300Â 495,1.0
961665,201900003196,8,13,18:30,1,1,1,1.0,1.0,40091,3778 rout de Aire,M,"43,7116450"," -0,2854740",40,2019,80.0,1.0,1.0,3.0,2149372,1.0,1,3,1,0.0,,0.0,0,1974.0,B01,138Â 300Â 495,1.0,-1.0,-1.0,1641354,0.0,7,,0.0,2.0,1.0,A01,138Â 300Â 496,1.0
961665,201900003196,8,13,18:30,1,1,1,1.0,1.0,40091,3778 rout de Aire,M,"43,7116450"," -0,2854740",40,2019,80.0,1.0,1.0,3.0,2149373,1.0,1,3,1,0.0,,0.0,0,1983.0,A01,138Â 300Â 496,1.0,-1.0,-1.0,1641353,0.0,7,,0.0,2.0,3.0,B01,138Â 300Â 495,1.0
961665,201900003196,8,13,18:30,1,1,1,1.0,1.0,40091,3778 rout de Aire,M,"43,7116450"," -0,2854740",40,2019,80.0,1.0,1.0,3.0,2149373,1.0,1,3,1,0.0,,0.0,0,1983.0,A01,138Â 300Â 496,1.0,-1.0,-1.0,1641354,0.0,7,,0.0,2.0,1.0,A01,138Â 300Â 496,1.0
961666,201900003197,10,22,20:15,5,2,1,1.0,2.0,92019,DIVISION LECLERC (AVENUE DE LA),M,"48,7642252","2,2695224",92,2019,50.0,1.0,1.0,3.0,2149374,1.0,1,1,2,1.0,,-1.0,0,1969.0,A01,138Â 300Â 497,8.0,0.0,-1.0,1641355,1.0,7,,0.0,2.0,3.0,A01,138Â 300Â 497,1.0
961666,201900003197,10,22,20:15,5,2,1,1.0,2.0,92019,DIVISION LECLERC (AVENUE DE LA),M,"48,7642252","2,2695224",92,2019,50.0,1.0,1.0,3.0,2149374,1.0,1,1,2,1.0,,-1.0,0,1969.0,A01,138Â 300Â 497,8.0,0.0,-1.0,1641356,1.0,7,,0.0,0.0,4.0,B01,138Â 300Â 499,1.0
961666,201900003197,10,22,20:15,5,2,1,1.0,2.0,92019,DIVISION LECLERC (AVENUE DE LA),M,"48,7642252","2,2695224",92,2019,50.0,1.0,1.0,3.0,2149375,1.0,1,1,1,5.0,,-1.0,0,1991.0,B01,138Â 300Â 499,8.0,0.0,-1.0,1641355,1.0,7,,0.0,2.0,3.0,A01,138Â 300Â 497,1.0
961666,201900003197,10,22,20:15,5,2,1,1.0,2.0,92019,DIVISION LECLERC (AVENUE DE LA),M,"48,7642252","2,2695224",92,2019,50.0,1.0,1.0,3.0,2149375,1.0,1,1,1,5.0,,-1.0,0,1991.0,B01,138Â 300Â 499,8.0,0.0,-1.0,1641356,1.0,7,,0.0,0.0,4.0,B01,138Â 300Â 499,1.0
961666,201900003197,10,22,20:15,5,2,1,1.0,2.0,92019,DIVISION LECLERC (AVENUE DE LA),M,"48,7642252","2,2695224",92,2019,50.0,1.0,1.0,3.0,2149376,2.0,2,4,2,5.0,,-1.0,0,1989.0,B01,138Â 300Â 499,8.0,0.0,-1.0,1641355,1.0,7,,0.0,2.0,3.0,A01,138Â 300Â 497,1.0
961666,201900003197,10,22,20:15,5,2,1,1.0,2.0,92019,DIVISION LECLERC (AVENUE DE LA),M,"48,7642252","2,2695224",92,2019,50.0,1.0,1.0,3.0,2149376,2.0,2,4,2,5.0,,-1.0,0,1989.0,B01,138Â 300Â 499,8.0,0.0,-1.0,1641356,1.0,7,,0.0,0.0,4.0,B01,138Â 300Â 499,1.0
961667,201900003198,6,28,08:00,1,2,1,1.0,2.0,40284,114 Route de Bayonne,M,"43,6576990"," -1,3118400",40,2019,-1.0,1.0,1.0,3.0,2149377,1.0,1,1,1,4.0,,0.0,0,1986.0,B01,138Â 300Â 489,0.0,-1.0,-1.0,1641357,1.0,15,,0.0,2.0,4.0,B01,138Â 300Â 489,1.0
961667,201900003198,6,28,08:00,1,2,1,1.0,2.0,40284,114 Route de Bayonne,M,"43,6576990"," -1,3118400",40,2019,-1.0,1.0,1.0,3.0,2149377,1.0,1,1,1,4.0,,0.0,0,1986.0,B01,138Â 300Â 489,0.0,-1.0,-1.0,1641358,1.0,31,,1.0,0.0,1.0,A01,138Â 300Â 491,1.0
961667,201900003198,6,28,08:00,1,2,1,1.0,2.0,40284,114 Route de Bayonne,M,"43,6576990"," -1,3118400",40,2019,-1.0,1.0,1.0,3.0,2149378,1.0,1,3,1,1.0,,0.0,0,1978.0,A01,138Â 300Â 491,2.0,6.0,-1.0,1641357,1.0,15,,0.0,2.0,4.0,B01,138Â 300Â 489,1.0
961667,201900003198,6,28,08:00,1,2,1,1.0,2.0,40284,114 Route de Bayonne,M,"43,6576990"," -1,3118400",40,2019,-1.0,1.0,1.0,3.0,2149378,1.0,1,3,1,1.0,,0.0,0,1978.0,A01,138Â 300Â 491,2.0,6.0,-1.0,1641358,1.0,31,,1.0,0.0,1.0,A01,138Â 300Â 491,1.0
961668,201900003199,6,9,19:20,1,1,1,1.0,5.0,58086,Autoroute A77,M,"47,3629300","2,9234010",58,2019,130.0,1.0,1.0,1.0,2149379,1.0,1,3,2,0.0,,0.0,0,1958.0,A01,138Â 300Â 485,8.0,-1.0,-1.0,1641359,1.0,7,,0.0,2.0,1.0,A01,138Â 300Â 485,1.0
961668,201900003199,6,9,19:20,1,1,1,1.0,5.0,58086,Autoroute A77,M,"47,3629300","2,9234010",58,2019,130.0,1.0,1.0,1.0,2149379,1.0,1,3,2,0.0,,0.0,0,1958.0,A01,138Â 300Â 485,8.0,-1.0,-1.0,1641360,2.0,7,,3.0,0.0,1.0,B01,138Â 300Â 486,1.0
961668,201900003199,6,9,19:20,1,1,1,1.0,5.0,58086,Autoroute A77,M,"47,3629300","2,9234010",58,2019,130.0,1.0,1.0,1.0,2149379,1.0,1,3,2,0.0,,0.0,0,1958.0,A01,138Â 300Â 485,8.0,-1.0,-1.0,1641361,2.0,7,,3.0,0.0,2.0,C01,138Â 300Â 488,1.0
961668,201900003199,6,9,19:20,1,1,1,1.0,5.0,58086,Autoroute A77,M,"47,3629300","2,9234010",58,2019,130.0,1.0,1.0,1.0,2149379,1.0,1,3,2,0.0,,0.0,0,1958.0,A01,138Â 300Â 485,8.0,-1.0,-1.0,1641362,2.0,7,,0.0,2.0,3.0,D01,138Â 300Â 490,1.0
961668,201900003199,6,9,19:20,1,1,1,1.0,5.0,58086,Autoroute A77,M,"47,3629300","2,9234010",58,2019,130.0,1.0,1.0,1.0,2149379,1.0,1,3,2,0.0,,0.0,0,1958.0,A01,138Â 300Â 485,8.0,-1.0,-1.0,1641363,2.0,7,,0.0,2.0,8.0,E01,138Â 300Â 492,1.0
961668,201900003199,6,9,19:20,1,1,1,1.0,5.0,58086,Autoroute A77,M,"47,3629300","2,9234010",58,2019,130.0,1.0,1.0,1.0,2149379,1.0,1,3,2,0.0,,0.0,0,1958.0,A01,138Â 300Â 485,8.0,-1.0,-1.0,1641364,2.0,7,,0.0,2.0,1.0,F01,138Â 300Â 493,1.0
961668,201900003199,6,9,19:20,1,1,1,1.0,5.0,58086,Autoroute A77,M,"47,3629300","2,9234010",58,2019,130.0,1.0,1.0,1.0,2149380,1.0,1,1,1,5.0,,0.0,0,1994.0,B01,138Â 300Â 486,1.0,-1.0,-1.0,1641359,1.0,7,,0.0,2.0,1.0,A01,138Â 300Â 485,1.0
961668,201900003199,6,9,19:20,1,1,1,1.0,5.0,58086,Autoroute A77,M,"47,3629300","2,9234010",58,2019,130.0,1.0,1.0,1.0,2149380,1.0,1,1,1,5.0,,0.0,0,1994.0,B01,138Â 300Â 486,1.0,-1.0,-1.0,1641360,2.0,7,,3.0,0.0,1.0,B01,138Â 300Â 486,1.0
961668,201900003199,6,9,19:20,1,1,1,1.0,5.0,58086,Autoroute A77,M,"47,3629300","2,9234010",58,2019,130.0,1.0,1.0,1.0,2149380,1.0,1,1,1,5.0,,0.0,0,1994.0,B01,138Â 300Â 486,1.0,-1.0,-1.0,1641361,2.0,7,,3.0,0.0,2.0,C01,138Â 300Â 488,1.0
961668,201900003199,6,9,19:20,1,1,1,1.0,5.0,58086,Autoroute A77,M,"47,3629300","2,9234010",58,2019,130.0,1.0,1.0,1.0,2149380,1.0,1,1,1,5.0,,0.0,0,1994.0,B01,138Â 300Â 486,1.0,-1.0,-1.0,1641362,2.0,7,,0.0,2.0,3.0,D01,138Â 300Â 490,1.0
961668,201900003199,6,9,19:20,1,1,1,1.0,5.0,58086,Autoroute A77,M,"47,3629300","2,9234010",58,2019,130.0,1.0,1.0,1.0,2149380,1.0,1,1,1,5.0,,0.0,0,1994.0,B01,138Â 300Â 486,1.0,-1.0,-1.0,1641363,2.0,7,,0.0,2.0,8.0,E01,138Â 300Â 492,1.0
961668,201900003199,6,9,19:20,1,1,1,1.0,5.0,58086,Autoroute A77,M,"47,3629300","2,9234010",58,2019,130.0,1.0,1.0,1.0,2149380,1.0,1,1,1,5.0,,0.0,0,1994.0,B01,138Â 300Â 486,1.0,-1.0,-1.0,1641364,2.0,7,,0.0,2.0,1.0,F01,138Â 300Â 493,1.0
961668,201900003199,6,9,19:20,1,1,1,1.0,5.0,58086,Autoroute A77,M,"47,3629300","2,9234010",58,2019,130.0,1.0,1.0,1.0,2149381,1.0,1,1,1,5.0,,0.0,0,1994.0,C01,138Â 300Â 488,1.0,-1.0,-1.0,1641359,1.0,7,,0.0,2.0,1.0,A01,138Â 300Â 485,1.0
961668,201900003199,6,9,19:20,1,1,1,1.0,5.0,58086,Autoroute A77,M,"47,3629300","2,9234010",58,2019,130.0,1.0,1.0,1.0,2149381,1.0,1,1,1,5.0,,0.0,0,1994.0,C01,138Â 300Â 488,1.0,-1.0,-1.0,1641360,2.0,7,,3.0,0.0,1.0,B01,138Â 300Â 486,1.0
961668,201900003199,6,9,19:20,1,1,1,1.0,5.0,58086,Autoroute A77,M,"47,3629300","2,9234010",58,2019,130.0,1.0,1.0,1.0,2149381,1.0,1,1,1,5.0,,0.0,0,1994.0,C01,138Â 300Â 488,1.0,-1.0,-1.0,1641361,2.0,7,,3.0,0.0,2.0,C01,138Â 300Â 488,1.0
961668,201900003199,6,9,19:20,1,1,1,1.0,5.0,58086,Autoroute A77,M,"47,3629300","2,9234010",58,2019,130.0,1.0,1.0,1.0,2149381,1.0,1,1,1,5.0,,0.0,0,1994.0,C01,138Â 300Â 488,1.0,-1.0,-1.0,1641362,2.0,7,,0.0,2.0,3.0,D01,138Â 300Â 490,1.0
961668,201900003199,6,9,19:20,1,1,1,1.0,5.0,58086,Autoroute A77,M,"47,3629300","2,9234010",58,2019,130.0,1.0,1.0,1.0,2149381,1.0,1,1,1,5.0,,0.0,0,1994.0,C01,138Â 300Â 488,1.0,-1.0,-1.0,1641363,2.0,7,,0.0,2.0,8.0,E01,138Â 300Â 492,1.0
961668,201900003199,6,9,19:20,1,1,1,1.0,5.0,58086,Autoroute A77,M,"47,3629300","2,9234010",58,2019,130.0,1.0,1.0,1.0,2149381,1.0,1,1,1,5.0,,0.0,0,1994.0,C01,138Â 300Â 488,1.0,-1.0,-1.0,1641364,2.0,7,,0.0,2.0,1.0,F01,138Â 300Â 493,1.0
961668,201900003199,6,9,19:20,1,1,1,1.0,5.0,58086,Autoroute A77,M,"47,3629300","2,9234010",58,2019,130.0,1.0,1.0,1.0,2149382,1.0,1,1,1,5.0,,0.0,0,1965.0,D01,138Â 300Â 490,1.0,-1.0,-1.0,1641359,1.0,7,,0.0,2.0,1.0,A01,138Â 300Â 485,1.0
961668,201900003199,6,9,19:20,1,1,1,1.0,5.0,58086,Autoroute A77,M,"47,3629300","2,9234010",58,2019,130.0,1.0,1.0,1.0,2149382,1.0,1,1,1,5.0,,0.0,0,1965.0,D01,138Â 300Â 490,1.0,-1.0,-1.0,1641360,2.0,7,,3.0,0.0,1.0,B01,138Â 300Â 486,1.0
961668,201900003199,6,9,19:20,1,1,1,1.0,5.0,58086,Autoroute A77,M,"47,3629300","2,9234010",58,2019,130.0,1.0,1.0,1.0,2149382,1.0,1,1,1,5.0,,0.0,0,1965.0,D01,138Â 300Â 490,1.0,-1.0,-1.0,1641361,2.0,7,,3.0,0.0,2.0,C01,138Â 300Â 488,1.0
961668,201900003199,6,9,19:20,1,1,1,1.0,5.0,58086,Autoroute A77,M,"47,3629300","2,9234010",58,2019,130.0,1.0,1.0,1.0,2149382,1.0,1,1,1,5.0,,0.0,0,1965.0,D01,138Â 300Â 490,1.0,-1.0,-1.0,1641362,2.0,7,,0.0,2.0,3.0,D01,138Â 300Â 490,1.0
961668,201900003199,6,9,19:20,1,1,1,1.0,5.0,58086,Autoroute A77,M,"47,3629300","2,9234010",58,2019,130.0,1.0,1.0,1.0,2149382,1.0,1,1,1,5.0,,0.0,0,1965.0,D01,138Â 300Â 490,1.0,-1.0,-1.0,1641363,2.0,7,,0.0,2.0,8.0,E01,138Â 300Â 492,1.0
961668,201900003199,6,9,19:20,1,1,1,1.0,5.0,58086,Autoroute A77,M,"47,3629300","2,9234010",58,2019,130.0,1.0,1.0,1.0,2149382,1.0,1,1,1,5.0,,0.0,0,1965.0,D01,138Â 300Â 490,1.0,-1.0,-1.0,1641364,2.0,7,,0.0,2.0,1.0,F01,138Â 300Â 493,1.0
961668,201900003199,6,9,19:20,1,1,1,1.0,5.0,58086,Autoroute A77,M,"47,3629300","2,9234010",58,2019,130.0,1.0,1.0,1.0,2149383,1.0,1,1,2,0.0,,0.0,0,1971.0,E01,138Â 300Â 492,1.0,-1.0,-1.0,1641359,1.0,7,,0.0,2.0,1.0,A01,138Â 300Â 485,1.0
961668,201900003199,6,9,19:20,1,1,1,1.0,5.0,58086,Autoroute A77,M,"47,3629300","2,9234010",58,2019,130.0,1.0,1.0,1.0,2149383,1.0,1,1,2,0.0,,0.0,0,1971.0,E01,138Â 300Â 492,1.0,-1.0,-1.0,1641360,2.0,7,,3.0,0.0,1.0,B01,138Â 300Â 486,1.0
961668,201900003199,6,9,19:20,1,1,1,1.0,5.0,58086,Autoroute A77,M,"47,3629300","2,9234010",58,2019,130.0,1.0,1.0,1.0,2149383,1.0,1,1,2,0.0,,0.0,0,1971.0,E01,138Â 300Â 492,1.0,-1.0,-1.0,1641361,2.0,7,,3.0,0.0,2.0,C01,138Â 300Â 488,1.0
961668,201900003199,6,9,19:20,1,1,1,1.0,5.0,58086,Autoroute A77,M,"47,3629300","2,9234010",58,2019,130.0,1.0,1.0,1.0,2149383,1.0,1,1,2,0.0,,0.0,0,1971.0,E01,138Â 300Â 492,1.0,-1.0,-1.0,1641362,2.0,7,,0.0,2.0,3.0,D01,138Â 300Â 490,1.0
961668,201900003199,6,9,19:20,1,1,1,1.0,5.0,58086,Autoroute A77,M,"47,3629300","2,9234010",58,2019,130.0,1.0,1.0,1.0,2149383,1.0,1,1,2,0.0,,0.0,0,1971.0,E01,138Â 300Â 492,1.0,-1.0,-1.0,1641363,2.0,7,,0.0,2.0,8.0,E01,138Â 300Â 492,1.0