Unnamed: 0_x,num_acc,mois,jour,hrmn,lum,agg,int,atm,col,com,adr,gps,lat,long,dep,annee,vma,situ,surf,catr,Unnamed: 0_y,place,catu,grav,sexe,trajet,secu,locp,actp,an_nais,num_veh_x,id_vehicule_x,secu1,secu2,secu3,Unnamed: 0,senc,catv,occutc,obs,obsm,choc,num_veh_y,id_vehicule_y,motor
961683,201900003214,10,17,16:35,1,2,3,1.0,2.0,60176,Rue Saint Germain,M,"49,2307380","2,9096070",60,2019,50.0,1.0,1.0,9.0,2149418,1.0,1,1,1,4.0,,0.0,0,1968.0,B01,138Â 300Â 463,8.0,-1.0,-1.0,1641390,0.0,7,,0.0,2.0,1.0,B01,138Â 300Â 463,0.0
961684,201900003215,6,8,18:15,1,1,1,1.0,1.0,30334,Route de Bagnols,M,"44,0212070","4,4384040",30,2019,80.0,1.0,1.0,3.0,2149419,1.0,1,4,1,1.0,,0.0,0,1983.0,B01,138Â 300Â 456,1.0,-1.0,-1.0,1641391,1.0,10,,2.0,2.0,3.0,B01,138Â 300Â 456,1.0
961684,201900003215,6,8,18:15,1,1,1,1.0,1.0,30334,Route de Bagnols,M,"44,0212070","4,4384040",30,2019,80.0,1.0,1.0,3.0,2149419,1.0,1,4,1,1.0,,0.0,0,1983.0,B01,138Â 300Â 456,1.0,-1.0,-1.0,1641392,2.0,7,,0.0,2.0,2.0,A01,138Â 300Â 457,1.0
961684,201900003215,6,8,18:15,1,1,1,1.0,1.0,30334,Route de Bagnols,M,"44,0212070","4,4384040",30,2019,80.0,1.0,1.0,3.0,2149420,1.0,1,2,1,0.0,,0.0,0,1959.0,A01,138Â 300Â 457,8.0,-1.0,-1.0,1641391,1.0,10,,2.0,2.0,3.0,B01,138Â 300Â 456,1.0
961684,201900003215,6,8,18:15,1,1,1,1.0,1.0,30334,Route de Bagnols,M,"44,0212070","4,4384040",30,2019,80.0,1.0,1.0,3.0,2149420,1.0,1,2,1,0.0,,0.0,0,1959.0,A01,138Â 300Â 457,8.0,-1.0,-1.0,1641392,2.0,7,,0.0,2.0,2.0,A01,138Â 300Â 457,1.0
961685,201900003216,10,23,16:49,1,2,1,1.0,1.0,31157,15 Rue Alfred Sauvy,M,"43,5381960","1,3574690",31,2019,70.0,1.0,1.0,3.0,2149421,2.0,2,1,2,5.0,,0.0,0,1964.0,A01,138Â 300Â 451,1.0,-1.0,-1.0,1641393,3.0,7,,12.0,2.0,1.0,A01,138Â 300Â 451,0.0
961685,201900003216,10,23,16:49,1,2,1,1.0,1.0,31157,15 Rue Alfred Sauvy,M,"43,5381960","1,3574690",31,2019,70.0,1.0,1.0,3.0,2149421,2.0,2,1,2,5.0,,0.0,0,1964.0,A01,138Â 300Â 451,1.0,-1.0,-1.0,1641394,3.0,7,,0.0,2.0,1.0,B01,138Â 300Â 455,1.0
961685,201900003216,10,23,16:49,1,2,1,1.0,1.0,31157,15 Rue Alfred Sauvy,M,"43,5381960","1,3574690",31,2019,70.0,1.0,1.0,3.0,2149422,1.0,1,3,1,5.0,,0.0,0,1972.0,A01,138Â 300Â 451,1.0,-1.0,-1.0,1641393,3.0,7,,12.0,2.0,1.0,A01,138Â 300Â 451,0.0
961685,201900003216,10,23,16:49,1,2,1,1.0,1.0,31157,15 Rue Alfred Sauvy,M,"43,5381960","1,3574690",31,2019,70.0,1.0,1.0,3.0,2149422,1.0,1,3,1,5.0,,0.0,0,1972.0,A01,138Â 300Â 451,1.0,-1.0,-1.0,1641394,3.0,7,,0.0,2.0,1.0,B01,138Â 300Â 455,1.0
961685,201900003216,10,23,16:49,1,2,1,1.0,1.0,31157,15 Rue Alfred Sauvy,M,"43,5381960","1,3574690",31,2019,70.0,1.0,1.0,3.0,2149423,3.0,2,1,1,5.0,,0.0,0,2015.0,A01,138Â 300Â 451,1.0,-1.0,-1.0,1641393,3.0,7,,12.0,2.0,1.0,A01,138Â 300Â 451,0.0
961685,201900003216,10,23,16:49,1,2,1,1.0,1.0,31157,15 Rue Alfred Sauvy,M,"43,5381960","1,3574690",31,2019,70.0,1.0,1.0,3.0,2149423,3.0,2,1,1,5.0,,0.0,0,2015.0,A01,138Â 300Â 451,1.0,-1.0,-1.0,1641394,3.0,7,,0.0,2.0,1.0,B01,138Â 300Â 455,1.0
961685,201900003216,10,23,16:49,1,2,1,1.0,1.0,31157,15 Rue Alfred Sauvy,M,"43,5381960","1,3574690",31,2019,70.0,1.0,1.0,3.0,2149424,1.0,1,4,1,1.0,,0.0,0,1974.0,B01,138Â 300Â 455,1.0,-1.0,-1.0,1641393,3.0,7,,12.0,2.0,1.0,A01,138Â 300Â 451,0.0
961685,201900003216,10,23,16:49,1,2,1,1.0,1.0,31157,15 Rue Alfred Sauvy,M,"43,5381960","1,3574690",31,2019,70.0,1.0,1.0,3.0,2149424,1.0,1,4,1,1.0,,0.0,0,1974.0,B01,138Â 300Â 455,1.0,-1.0,-1.0,1641394,3.0,7,,0.0,2.0,1.0,B01,138Â 300Â 455,1.0
961686,201900003217,6,3,17:30,1,1,1,1.0,5.0,30151,D979,M,"44,1523100","4,3652070",30,2019,80.0,1.0,1.0,3.0,2149425,1.0,1,4,1,1.0,,0.0,0,1984.0,C01,138Â 300Â 450,1.0,-1.0,-1.0,1641395,2.0,7,,0.0,2.0,4.0,C01,138Â 300Â 450,1.0
961686,201900003217,6,3,17:30,1,1,1,1.0,5.0,30151,D979,M,"44,1523100","4,3652070",30,2019,80.0,1.0,1.0,3.0,2149425,1.0,1,4,1,1.0,,0.0,0,1984.0,C01,138Â 300Â 450,1.0,-1.0,-1.0,1641396,1.0,7,,0.0,2.0,1.0,B01,138Â 300Â 453,1.0
961686,201900003217,6,3,17:30,1,1,1,1.0,5.0,30151,D979,M,"44,1523100","4,3652070",30,2019,80.0,1.0,1.0,3.0,2149425,1.0,1,4,1,1.0,,0.0,0,1984.0,C01,138Â 300Â 450,1.0,-1.0,-1.0,1641397,2.0,7,,0.0,2.0,1.0,A01,138Â 300Â 454,1.0
961686,201900003217,6,3,17:30,1,1,1,1.0,5.0,30151,D979,M,"44,1523100","4,3652070",30,2019,80.0,1.0,1.0,3.0,2149426,1.0,1,4,1,5.0,,0.0,0,1955.0,B01,138Â 300Â 453,1.0,-1.0,-1.0,1641395,2.0,7,,0.0,2.0,4.0,C01,138Â 300Â 450,1.0
961686,201900003217,6,3,17:30,1,1,1,1.0,5.0,30151,D979,M,"44,1523100","4,3652070",30,2019,80.0,1.0,1.0,3.0,2149426,1.0,1,4,1,5.0,,0.0,0,1955.0,B01,138Â 300Â 453,1.0,-1.0,-1.0,1641396,1.0,7,,0.0,2.0,1.0,B01,138Â 300Â 453,1.0
961686,201900003217,6,3,17:30,1,1,1,1.0,5.0,30151,D979,M,"44,1523100","4,3652070",30,2019,80.0,1.0,1.0,3.0,2149426,1.0,1,4,1,5.0,,0.0,0,1955.0,B01,138Â 300Â 453,1.0,-1.0,-1.0,1641397,2.0,7,,0.0,2.0,1.0,A01,138Â 300Â 454,1.0
961686,201900003217,6,3,17:30,1,1,1,1.0,5.0,30151,D979,M,"44,1523100","4,3652070",30,2019,80.0,1.0,1.0,3.0,2149427,9.0,2,3,2,5.0,,0.0,0,1930.0,B01,138Â 300Â 453,1.0,-1.0,-1.0,1641395,2.0,7,,0.0,2.0,4.0,C01,138Â 300Â 450,1.0
961686,201900003217,6,3,17:30,1,1,1,1.0,5.0,30151,D979,M,"44,1523100","4,3652070",30,2019,80.0,1.0,1.0,3.0,2149427,9.0,2,3,2,5.0,,0.0,0,1930.0,B01,138Â 300Â 453,1.0,-1.0,-1.0,1641396,1.0,7,,0.0,2.0,1.0,B01,138Â 300Â 453,1.0
961686,201900003217,6,3,17:30,1,1,1,1.0,5.0,30151,D979,M,"44,1523100","4,3652070",30,2019,80.0,1.0,1.0,3.0,2149427,9.0,2,3,2,5.0,,0.0,0,1930.0,B01,138Â 300Â 453,1.0,-1.0,-1.0,1641397,2.0,7,,0.0,2.0,1.0,A01,138Â 300Â 454,1.0
961686,201900003217,6,3,17:30,1,1,1,1.0,5.0,30151,D979,M,"44,1523100","4,3652070",30,2019,80.0,1.0,1.0,3.0,2149428,2.0,2,4,1,5.0,,0.0,0,1954.0,B01,138Â 300Â 453,1.0,-1.0,-1.0,1641395,2.0,7,,0.0,2.0,4.0,C01,138Â 300Â 450,1.0
961686,201900003217,6,3,17:30,1,1,1,1.0,5.0,30151,D979,M,"44,1523100","4,3652070",30,2019,80.0,1.0,1.0,3.0,2149428,2.0,2,4,1,5.0,,0.0,0,1954.0,B01,138Â 300Â 453,1.0,-1.0,-1.0,1641396,1.0,7,,0.0,2.0,1.0,B01,138Â 300Â 453,1.0
961686,201900003217,6,3,17:30,1,1,1,1.0,5.0,30151,D979,M,"44,1523100","4,3652070",30,2019,80.0,1.0,1.0,3.0,2149428,2.0,2,4,1,5.0,,0.0,0,1954.0,B01,138Â 300Â 453,1.0,-1.0,-1.0,1641397,2.0,7,,0.0,2.0,1.0,A01,138Â 300Â 454,1.0
961686,201900003217,6,3,17:30,1,1,1,1.0,5.0,30151,D979,M,"44,1523100","4,3652070",30,2019,80.0,1.0,1.0,3.0,2149429,1.0,1,1,1,1.0,,0.0,0,1978.0,A01,138Â 300Â 454,1.0,-1.0,-1.0,1641395,2.0,7,,0.0,2.0,4.0,C01,138Â 300Â 450,1.0
961686,201900003217,6,3,17:30,1,1,1,1.0,5.0,30151,D979,M,"44,1523100","4,3652070",30,2019,80.0,1.0,1.0,3.0,2149429,1.0,1,1,1,1.0,,0.0,0,1978.0,A01,138Â 300Â 454,1.0,-1.0,-1.0,1641396,1.0,7,,0.0,2.0,1.0,B01,138Â 300Â 453,1.0
961686,201900003217,6,3,17:30,1,1,1,1.0,5.0,30151,D979,M,"44,1523100","4,3652070",30,2019,80.0,1.0,1.0,3.0,2149429,1.0,1,1,1,1.0,,0.0,0,1978.0,A01,138Â 300Â 454,1.0,-1.0,-1.0,1641397,2.0,7,,0.0,2.0,1.0,A01,138Â 300Â 454,1.0
961687,201900003218,9,29,03:00,3,1,1,2.0,6.0,56094,Locadour RD 194,M,"47,7604500"," -3,2698140",56,2019,80.0,3.0,2.0,3.0,2149430,1.0,1,3,1,5.0,,0.0,0,1999.0,A01,138Â 300Â 449,1.0,-1.0,-1.0,1641398,2.0,7,,13.0,0.0,1.0,A01,138Â 300Â 449,1.0
961688,201900003219,8,12,18:30,1,1,1,1.0,5.0,85026,D747,M,"46,5922500"," -1,4439900",85,2019,90.0,1.0,1.0,3.0,2149431,1.0,1,3,1,5.0,,0.0,0,1980.0,A01,138Â 300Â 446,1.0,9.0,-1.0,1641399,2.0,7,,0.0,2.0,1.0,A01,138Â 300Â 446,1.0
961688,201900003219,8,12,18:30,1,1,1,1.0,5.0,85026,D747,M,"46,5922500"," -1,4439900",85,2019,90.0,1.0,1.0,3.0,2149431,1.0,1,3,1,5.0,,0.0,0,1980.0,A01,138Â 300Â 446,1.0,9.0,-1.0,1641400,1.0,7,,0.0,2.0,8.0,B01,138Â 300Â 447,1.0
961688,201900003219,8,12,18:30,1,1,1,1.0,5.0,85026,D747,M,"46,5922500"," -1,4439900",85,2019,90.0,1.0,1.0,3.0,2149431,1.0,1,3,1,5.0,,0.0,0,1980.0,A01,138Â 300Â 446,1.0,9.0,-1.0,1641401,1.0,7,,0.0,2.0,1.0,C01,138Â 300Â 448,1.0
961688,201900003219,8,12,18:30,1,1,1,1.0,5.0,85026,D747,M,"46,5922500"," -1,4439900",85,2019,90.0,1.0,1.0,3.0,2149431,1.0,1,3,1,5.0,,0.0,0,1980.0,A01,138Â 300Â 446,1.0,9.0,-1.0,1641402,1.0,7,,0.0,2.0,1.0,D01,138Â 300Â 452,1.0
961688,201900003219,8,12,18:30,1,1,1,1.0,5.0,85026,D747,M,"46,5922500"," -1,4439900",85,2019,90.0,1.0,1.0,3.0,2149432,2.0,2,3,2,5.0,,0.0,0,1980.0,A01,138Â 300Â 446,1.0,9.0,-1.0,1641399,2.0,7,,0.0,2.0,1.0,A01,138Â 300Â 446,1.0
961688,201900003219,8,12,18:30,1,1,1,1.0,5.0,85026,D747,M,"46,5922500"," -1,4439900",85,2019,90.0,1.0,1.0,3.0,2149432,2.0,2,3,2,5.0,,0.0,0,1980.0,A01,138Â 300Â 446,1.0,9.0,-1.0,1641400,1.0,7,,0.0,2.0,8.0,B01,138Â 300Â 447,1.0
961688,201900003219,8,12,18:30,1,1,1,1.0,5.0,85026,D747,M,"46,5922500"," -1,4439900",85,2019,90.0,1.0,1.0,3.0,2149432,2.0,2,3,2,5.0,,0.0,0,1980.0,A01,138Â 300Â 446,1.0,9.0,-1.0,1641401,1.0,7,,0.0,2.0,1.0,C01,138Â 300Â 448,1.0
961688,201900003219,8,12,18:30,1,1,1,1.0,5.0,85026,D747,M,"46,5922500"," -1,4439900",85,2019,90.0,1.0,1.0,3.0,2149432,2.0,2,3,2,5.0,,0.0,0,1980.0,A01,138Â 300Â 446,1.0,9.0,-1.0,1641402,1.0,7,,0.0,2.0,1.0,D01,138Â 300Â 452,1.0
961688,201900003219,8,12,18:30,1,1,1,1.0,5.0,85026,D747,M,"46,5922500"," -1,4439900",85,2019,90.0,1.0,1.0,3.0,2149433,2.0,2,2,1,5.0,,0.0,0,2019.0,A01,138Â 300Â 446,9.0,-1.0,-1.0,1641399,2.0,7,,0.0,2.0,1.0,A01,138Â 300Â 446,1.0
961688,201900003219,8,12,18:30,1,1,1,1.0,5.0,85026,D747,M,"46,5922500"," -1,4439900",85,2019,90.0,1.0,1.0,3.0,2149433,2.0,2,2,1,5.0,,0.0,0,2019.0,A01,138Â 300Â 446,9.0,-1.0,-1.0,1641400,1.0,7,,0.0,2.0,8.0,B01,138Â 300Â 447,1.0
961688,201900003219,8,12,18:30,1,1,1,1.0,5.0,85026,D747,M,"46,5922500"," -1,4439900",85,2019,90.0,1.0,1.0,3.0,2149433,2.0,2,2,1,5.0,,0.0,0,2019.0,A01,138Â 300Â 446,9.0,-1.0,-1.0,1641401,1.0,7,,0.0,2.0,1.0,C01,138Â 300Â 448,1.0
961688,201900003219,8,12,18:30,1,1,1,1.0,5.0,85026,D747,M,"46,5922500"," -1,4439900",85,2019,90.0,1.0,1.0,3.0,2149433,2.0,2,2,1,5.0,,0.0,0,2019.0,A01,138Â 300Â 446,9.0,-1.0,-1.0,1641402,1.0,7,,0.0,2.0,1.0,D01,138Â 300Â 452,1.0
961688,201900003219,8,12,18:30,1,1,1,1.0,5.0,85026,D747,M,"46,5922500"," -1,4439900",85,2019,90.0,1.0,1.0,3.0,2149434,2.0,2,1,2,5.0,,0.0,0,2000.0,B01,138Â 300Â 447,1.0,-1.0,-1.0,1641399,2.0,7,,0.0,2.0,1.0,A01,138Â 300Â 446,1.0
961688,201900003219,8,12,18:30,1,1,1,1.0,5.0,85026,D747,M,"46,5922500"," -1,4439900",85,2019,90.0,1.0,1.0,3.0,2149434,2.0,2,1,2,5.0,,0.0,0,2000.0,B01,138Â 300Â 447,1.0,-1.0,-1.0,1641400,1.0,7,,0.0,2.0,8.0,B01,138Â 300Â 447,1.0
961688,201900003219,8,12,18:30,1,1,1,1.0,5.0,85026,D747,M,"46,5922500"," -1,4439900",85,2019,90.0,1.0,1.0,3.0,2149434,2.0,2,1,2,5.0,,0.0,0,2000.0,B01,138Â 300Â 447,1.0,-1.0,-1.0,1641401,1.0,7,,0.0,2.0,1.0,C01,138Â 300Â 448,1.0
961688,201900003219,8,12,18:30,1,1,1,1.0,5.0,85026,D747,M,"46,5922500"," -1,4439900",85,2019,90.0,1.0,1.0,3.0,2149434,2.0,2,1,2,5.0,,0.0,0,2000.0,B01,138Â 300Â 447,1.0,-1.0,-1.0,1641402,1.0,7,,0.0,2.0,1.0,D01,138Â 300Â 452,1.0
961688,201900003219,8,12,18:30,1,1,1,1.0,5.0,85026,D747,M,"46,5922500"," -1,4439900",85,2019,90.0,1.0,1.0,3.0,2149435,1.0,1,1,2,5.0,,0.0,0,1983.0,B01,138Â 300Â 447,1.0,-1.0,-1.0,1641399,2.0,7,,0.0,2.0,1.0,A01,138Â 300Â 446,1.0
961688,201900003219,8,12,18:30,1,1,1,1.0,5.0,85026,D747,M,"46,5922500"," -1,4439900",85,2019,90.0,1.0,1.0,3.0,2149435,1.0,1,1,2,5.0,,0.0,0,1983.0,B01,138Â 300Â 447,1.0,-1.0,-1.0,1641400,1.0,7,,0.0,2.0,8.0,B01,138Â 300Â 447,1.0
961688,201900003219,8,12,18:30,1,1,1,1.0,5.0,85026,D747,M,"46,5922500"," -1,4439900",85,2019,90.0,1.0,1.0,3.0,2149435,1.0,1,1,2,5.0,,0.0,0,1983.0,B01,138Â 300Â 447,1.0,-1.0,-1.0,1641401,1.0,7,,0.0,2.0,1.0,C01,138Â 300Â 448,1.0
961688,201900003219,8,12,18:30,1,1,1,1.0,5.0,85026,D747,M,"46,5922500"," -1,4439900",85,2019,90.0,1.0,1.0,3.0,2149435,1.0,1,1,2,5.0,,0.0,0,1983.0,B01,138Â 300Â 447,1.0,-1.0,-1.0,1641402,1.0,7,,0.0,2.0,1.0,D01,138Â 300Â 452,1.0
961688,201900003219,8,12,18:30,1,1,1,1.0,5.0,85026,D747,M,"46,5922500"," -1,4439900",85,2019,90.0,1.0,1.0,3.0,2149436,1.0,1,3,2,1.0,,0.0,0,1967.0,C01,138Â 300Â 448,1.0,8.0,-1.0,1641399,2.0,7,,0.0,2.0,1.0,A01,138Â 300Â 446,1.0
961688,201900003219,8,12,18:30,1,1,1,1.0,5.0,85026,D747,M,"46,5922500"," -1,4439900",85,2019,90.0,1.0,1.0,3.0,2149436,1.0,1,3,2,1.0,,0.0,0,1967.0,C01,138Â 300Â 448,1.0,8.0,-1.0,1641400,1.0,7,,0.0,2.0,8.0,B01,138Â 300Â 447,1.0
961688,201900003219,8,12,18:30,1,1,1,1.0,5.0,85026,D747,M,"46,5922500"," -1,4439900",85,2019,90.0,1.0,1.0,3.0,2149436,1.0,1,3,2,1.0,,0.0,0,1967.0,C01,138Â 300Â 448,1.0,8.0,-1.0,1641401,1.0,7,,0.0,2.0,1.0,C01,138Â 300Â 448,1.0
961688,201900003219,8,12,18:30,1,1,1,1.0,5.0,85026,D747,M,"46,5922500"," -1,4439900",85,2019,90.0,1.0,1.0,3.0,2149436,1.0,1,3,2,1.0,,0.0,0,1967.0,C01,138Â 300Â 448,1.0,8.0,-1.0,1641402,1.0,7,,0.0,2.0,1.0,D01,138Â 300Â 452,1.0
961688,201900003219,8,12,18:30,1,1,1,1.0,5.0,85026,D747,M,"46,5922500"," -1,4439900",85,2019,90.0,1.0,1.0,3.0,2149437,2.0,2,4,2,5.0,,0.0,0,2003.0,D01,138Â 300Â 452,1.0,-1.0,-1.0,1641399,2.0,7,,0.0,2.0,1.0,A01,138Â 300Â 446,1.0
961688,201900003219,8,12,18:30,1,1,1,1.0,5.0,85026,D747,M,"46,5922500"," -1,4439900",85,2019,90.0,1.0,1.0,3.0,2149437,2.0,2,4,2,5.0,,0.0,0,2003.0,D01,138Â 300Â 452,1.0,-1.0,-1.0,1641400,1.0,7,,0.0,2.0,8.0,B01,138Â 300Â 447,1.0
961688,201900003219,8,12,18:30,1,1,1,1.0,5.0,85026,D747,M,"46,5922500"," -1,4439900",85,2019,90.0,1.0,1.0,3.0,2149437,2.0,2,4,2,5.0,,0.0,0,2003.0,D01,138Â 300Â 452,1.0,-1.0,-1.0,1641401,1.0,7,,0.0,2.0,1.0,C01,138Â 300Â 448,1.0
961688,201900003219,8,12,18:30,1,1,1,1.0,5.0,85026,D747,M,"46,5922500"," -1,4439900",85,2019,90.0,1.0,1.0,3.0,2149437,2.0,2,4,2,5.0,,0.0,0,2003.0,D01,138Â 300Â 452,1.0,-1.0,-1.0,1641402,1.0,7,,0.0,2.0,1.0,D01,138Â 300Â 452,1.0
961688,201900003219,8,12,18:30,1,1,1,1.0,5.0,85026,D747,M,"46,5922500"," -1,4439900",85,2019,90.0,1.0,1.0,3.0,2149438,9.0,2,1,1,5.0,,0.0,0,2013.0,D01,138Â 300Â 452,1.0,-1.0,-1.0,1641399,2.0,7,,0.0,2.0,1.0,A01,138Â 300Â 446,1.0
961688,201900003219,8,12,18:30,1,1,1,1.0,5.0,85026,D747,M,"46,5922500"," -1,4439900",85,2019,90.0,1.0,1.0,3.0,2149438,9.0,2,1,1,5.0,,0.0,0,2013.0,D01,138Â 300Â 452,1.0,-1.0,-1.0,1641400,1.0,7,,0.0,2.0,8.0,B01,138Â 300Â 447,1.0
961688,201900003219,8,12,18:30,1,1,1,1.0,5.0,85026,D747,M,"46,5922500"," -1,4439900",85,2019,90.0,1.0,1.0,3.0,2149438,9.0,2,1,1,5.0,,0.0,0,2013.0,D01,138Â 300Â 452,1.0,-1.0,-1.0,1641401,1.0,7,,0.0,2.0,1.0,C01,138Â 300Â 448,1.0
961688,201900003219,8,12,18:30,1,1,1,1.0,5.0,85026,D747,M,"46,5922500"," -1,4439900",85,2019,90.0,1.0,1.0,3.0,2149438,9.0,2,1,1,5.0,,0.0,0,2013.0,D01,138Â 300Â 452,1.0,-1.0,-1.0,1641402,1.0,7,,0.0,2.0,1.0,D01,138Â 300Â 452,1.0
961688,201900003219,8,12,18:30,1,1,1,1.0,5.0,85026,D747,M,"46,5922500"," -1,4439900",85,2019,90.0,1.0,1.0,3.0,2149439,7.0,2,1,1,5.0,,0.0,0,2004.0,D01,138Â 300Â 452,1.0,-1.0,-1.0,1641399,2.0,7,,0.0,2.0,1.0,A01,138Â 300Â 446,1.0
961688,201900003219,8,12,18:30,1,1,1,1.0,5.0,85026,D747,M,"46,5922500"," -1,4439900",85,2019,90.0,1.0,1.0,3.0,2149439,7.0,2,1,1,5.0,,0.0,0,2004.0,D01,138Â 300Â 452,1.0,-1.0,-1.0,1641400,1.0,7,,0.0,2.0,8.0,B01,138Â 300Â 447,1.0
961688,201900003219,8,12,18:30,1,1,1,1.0,5.0,85026,D747,M,"46,5922500"," -1,4439900",85,2019,90.0,1.0,1.0,3.0,2149439,7.0,2,1,1,5.0,,0.0,0,2004.0,D01,138Â 300Â 452,1.0,-1.0,-1.0,1641401,1.0,7,,0.0,2.0,1.0,C01,138Â 300Â 448,1.0
961688,201900003219,8,12,18:30,1,1,1,1.0,5.0,85026,D747,M,"46,5922500"," -1,4439900",85,2019,90.0,1.0,1.0,3.0,2149439,7.0,2,1,1,5.0,,0.0,0,2004.0,D01,138Â 300Â 452,1.0,-1.0,-1.0,1641402,1.0,7,,0.0,2.0,1.0,D01,138Â 300Â 452,1.0
961688,201900003219,8,12,18:30,1,1,1,1.0,5.0,85026,D747,M,"46,5922500"," -1,4439900",85,2019,90.0,1.0,1.0,3.0,2149440,1.0,1,4,2,5.0,,0.0,0,1982.0,D01,138Â 300Â 452,1.0,9.0,-1.0,1641399,2.0,7,,0.0,2.0,1.0,A01,138Â 300Â 446,1.0
961688,201900003219,8,12,18:30,1,1,1,1.0,5.0,85026,D747,M,"46,5922500"," -1,4439900",85,2019,90.0,1.0,1.0,3.0,2149440,1.0,1,4,2,5.0,,0.0,0,1982.0,D01,138Â 300Â 452,1.0,9.0,-1.0,1641400,1.0,7,,0.0,2.0,8.0,B01,138Â 300Â 447,1.0
961688,201900003219,8,12,18:30,1,1,1,1.0,5.0,85026,D747,M,"46,5922500"," -1,4439900",85,2019,90.0,1.0,1.0,3.0,2149440,1.0,1,4,2,5.0,,0.0,0,1982.0,D01,138Â 300Â 452,1.0,9.0,-1.0,1641401,1.0,7,,0.0,2.0,1.0,C01,138Â 300Â 448,1.0
961688,201900003219,8,12,18:30,1,1,1,1.0,5.0,85026,D747,M,"46,5922500"," -1,4439900",85,2019,90.0,1.0,1.0,3.0,2149440,1.0,1,4,2,5.0,,0.0,0,1982.0,D01,138Â 300Â 452,1.0,9.0,-1.0,1641402,1.0,7,,0.0,2.0,1.0,D01,138Â 300Â 452,1.0
961688,201900003219,8,12,18:30,1,1,1,1.0,5.0,85026,D747,M,"46,5922500"," -1,4439900",85,2019,90.0,1.0,1.0,3.0,2149441,8.0,2,4,2,5.0,,0.0,0,2003.0,D01,138Â 300Â 452,1.0,-1.0,-1.0,1641399,2.0,7,,0.0,2.0,1.0,A01,138Â 300Â 446,1.0
961688,201900003219,8,12,18:30,1,1,1,1.0,5.0,85026,D747,M,"46,5922500"," -1,4439900",85,2019,90.0,1.0,1.0,3.0,2149441,8.0,2,4,2,5.0,,0.0,0,2003.0,D01,138Â 300Â 452,1.0,-1.0,-1.0,1641400,1.0,7,,0.0,2.0,8.0,B01,138Â 300Â 447,1.0
961688,201900003219,8,12,18:30,1,1,1,1.0,5.0,85026,D747,M,"46,5922500"," -1,4439900",85,2019,90.0,1.0,1.0,3.0,2149441,8.0,2,4,2,5.0,,0.0,0,2003.0,D01,138Â 300Â 452,1.0,-1.0,-1.0,1641401,1.0,7,,0.0,2.0,1.0,C01,138Â 300Â 448,1.0
961688,201900003219,8,12,18:30,1,1,1,1.0,5.0,85026,D747,M,"46,5922500"," -1,4439900",85,2019,90.0,1.0,1.0,3.0,2149441,8.0,2,4,2,5.0,,0.0,0,2003.0,D01,138Â 300Â 452,1.0,-1.0,-1.0,1641402,1.0,7,,0.0,2.0,1.0,D01,138Â 300Â 452,1.0
961689,201900003220,6,5,10:05,1,1,2,1.0,3.0,2B320,RT10,M,"42,1371930","9,5090340",2B,2019,80.0,1.0,1.0,2.0,2149442,1.0,1,1,1,4.0,,0.0,0,1965.0,B01,138Â 300Â 443,0.0,-1.0,-1.0,1641403,2.0,21,,0.0,2.0,6.0,B01,138Â 300Â 443,1.0
961689,201900003220,6,5,10:05,1,1,2,1.0,3.0,2B320,RT10,M,"42,1371930","9,5090340",2B,2019,80.0,1.0,1.0,2.0,2149442,1.0,1,1,1,4.0,,0.0,0,1965.0,B01,138Â 300Â 443,0.0,-1.0,-1.0,1641404,2.0,33,,0.0,2.0,2.0,A01,138Â 300Â 445,1.0
961689,201900003220,6,5,10:05,1,1,2,1.0,3.0,2B320,RT10,M,"42,1371930","9,5090340",2B,2019,80.0,1.0,1.0,2.0,2149443,1.0,1,2,1,5.0,,0.0,0,1953.0,A01,138Â 300Â 445,2.0,6.0,-1.0,1641403,2.0,21,,0.0,2.0,6.0,B01,138Â 300Â 443,1.0
961689,201900003220,6,5,10:05,1,1,2,1.0,3.0,2B320,RT10,M,"42,1371930","9,5090340",2B,2019,80.0,1.0,1.0,2.0,2149443,1.0,1,2,1,5.0,,0.0,0,1953.0,A01,138Â 300Â 445,2.0,6.0,-1.0,1641404,2.0,33,,0.0,2.0,2.0,A01,138Â 300Â 445,1.0
961690,201900003221,10,15,14:45,1,1,1,1.0,6.0,59111,9 Route de Saint Omer,M,"50,8317550","2,3159000",59,2019,80.0,3.0,1.0,3.0,2149444,1.0,1,2,1,1.0,,0.0,0,1949.0,A01,138Â 300Â 444,1.0,-1.0,-1.0,1641405,2.0,7,,8.0,0.0,3.0,A01,138Â 300Â 444,1.0
961691,201900003222,8,13,18:20,1,1,1,2.0,2.0,27260,D6178,M,"49,4121830","0,4241120",27,2019,80.0,1.0,1.0,3.0,2149445,1.0,1,3,1,5.0,,0.0,0,1954.0,B01,138Â 300Â 440,2.0,4.0,-1.0,1641406,2.0,1,,0.0,2.0,4.0,B01,138Â 300Â 440,5.0
961691,201900003222,8,13,18:20,1,1,1,2.0,2.0,27260,D6178,M,"49,4121830","0,4241120",27,2019,80.0,1.0,1.0,3.0,2149445,1.0,1,3,1,5.0,,0.0,0,1954.0,B01,138Â 300Â 440,2.0,4.0,-1.0,1641407,2.0,7,,0.0,9.0,2.0,A01,138Â 300Â 441,1.0