Unnamed: 0_x,num_acc,mois,jour,hrmn,lum,agg,int,atm,col,com,adr,gps,lat,long,dep,annee,vma,situ,surf,catr,Unnamed: 0_y,place,catu,grav,sexe,trajet,secu,locp,actp,an_nais,num_veh_x,id_vehicule_x,secu1,secu2,secu3,Unnamed: 0,senc,catv,occutc,obs,obsm,choc,num_veh_y,id_vehicule_y,motor
961691,201900003222,8,13,18:20,1,1,1,2.0,2.0,27260,D6178,M,"49,4121830","0,4241120",27,2019,80.0,1.0,1.0,3.0,2149446,1.0,1,1,2,5.0,,0.0,0,1973.0,A01,138Â 300Â 441,1.0,-1.0,-1.0,1641406,2.0,1,,0.0,2.0,4.0,B01,138Â 300Â 440,5.0
961691,201900003222,8,13,18:20,1,1,1,2.0,2.0,27260,D6178,M,"49,4121830","0,4241120",27,2019,80.0,1.0,1.0,3.0,2149446,1.0,1,1,2,5.0,,0.0,0,1973.0,A01,138Â 300Â 441,1.0,-1.0,-1.0,1641407,2.0,7,,0.0,9.0,2.0,A01,138Â 300Â 441,1.0
961692,201900003223,8,12,13:35,1,1,1,1.0,6.0,27672,Route de Rouen,M,"49,4465350","1,3593680",27,2019,80.0,3.0,1.0,2.0,2149447,1.0,1,2,1,5.0,,0.0,0,1969.0,A01,138Â 300Â 437,1.0,-1.0,-1.0,1641408,1.0,7,,8.0,0.0,3.0,A01,138Â 300Â 437,0.0
961692,201900003223,8,12,13:35,1,1,1,1.0,6.0,27672,Route de Rouen,M,"49,4465350","1,3593680",27,2019,80.0,3.0,1.0,2.0,2149448,7.0,2,1,1,5.0,,0.0,0,2014.0,A01,138Â 300Â 437,3.0,-1.0,-1.0,1641408,1.0,7,,8.0,0.0,3.0,A01,138Â 300Â 437,0.0
961693,201900003224,8,14,11:35,1,1,1,1.0,3.0,17459,Lieu dit Le Moulin Ã  vent.,M,"45,9174380"," -0,4453770",17,2019,80.0,1.0,1.0,3.0,2149449,1.0,1,1,2,5.0,,0.0,0,1976.0,A01,138Â 300Â 435,1.0,-1.0,-1.0,1641409,1.0,7,,0.0,2.0,7.0,A01,138Â 300Â 435,1.0
961693,201900003224,8,14,11:35,1,1,1,1.0,3.0,17459,Lieu dit Le Moulin Ã  vent.,M,"45,9174380"," -0,4453770",17,2019,80.0,1.0,1.0,3.0,2149449,1.0,1,1,2,5.0,,0.0,0,1976.0,A01,138Â 300Â 435,1.0,-1.0,-1.0,1641410,1.0,1,,0.0,2.0,8.0,B01,138Â 300Â 436,5.0
961693,201900003224,8,14,11:35,1,1,1,1.0,3.0,17459,Lieu dit Le Moulin Ã  vent.,M,"45,9174380"," -0,4453770",17,2019,80.0,1.0,1.0,3.0,2149450,1.0,1,3,1,5.0,,0.0,0,1951.0,B01,138Â 300Â 436,0.0,-1.0,-1.0,1641409,1.0,7,,0.0,2.0,7.0,A01,138Â 300Â 435,1.0
961693,201900003224,8,14,11:35,1,1,1,1.0,3.0,17459,Lieu dit Le Moulin Ã  vent.,M,"45,9174380"," -0,4453770",17,2019,80.0,1.0,1.0,3.0,2149450,1.0,1,3,1,5.0,,0.0,0,1951.0,B01,138Â 300Â 436,0.0,-1.0,-1.0,1641410,1.0,1,,0.0,2.0,8.0,B01,138Â 300Â 436,5.0
961694,201900003225,8,14,16:50,1,2,2,1.0,6.0,17347,rue des marÃ©chaux,M,"45,9466930"," -0,5301720",17,2019,50.0,1.0,1.0,4.0,2149451,10.0,3,2,2,0.0,,2.0,3,1939.0,A01,138Â 300Â 434,0.0,-1.0,-1.0,1641411,3.0,7,,0.0,1.0,5.0,A01,138Â 300Â 434,1.0
961694,201900003225,8,14,16:50,1,2,2,1.0,6.0,17347,rue des marÃ©chaux,M,"45,9466930"," -0,5301720",17,2019,50.0,1.0,1.0,4.0,2149452,1.0,1,1,1,9.0,,0.0,0,1969.0,A01,138Â 300Â 434,8.0,-1.0,-1.0,1641411,3.0,7,,0.0,1.0,5.0,A01,138Â 300Â 434,1.0
961694,201900003225,8,14,16:50,1,2,2,1.0,6.0,17347,rue des marÃ©chaux,M,"45,9466930"," -0,5301720",17,2019,50.0,1.0,1.0,4.0,2149453,2.0,2,1,1,9.0,,0.0,0,1999.0,A01,138Â 300Â 434,8.0,-1.0,-1.0,1641411,3.0,7,,0.0,1.0,5.0,A01,138Â 300Â 434,1.0
961695,201900003226,8,14,12:00,1,1,1,1.0,1.0,37016,RD943,M,"47,2083620","0,9441060",37,2019,80.0,1.0,1.0,3.0,2149454,1.0,1,4,1,1.0,,0.0,0,1995.0,B01,138Â 300Â 432,1.0,-1.0,-1.0,1641412,2.0,7,,0.0,2.0,1.0,B01,138Â 300Â 432,1.0
961695,201900003226,8,14,12:00,1,1,1,1.0,1.0,37016,RD943,M,"47,2083620","0,9441060",37,2019,80.0,1.0,1.0,3.0,2149454,1.0,1,4,1,1.0,,0.0,0,1995.0,B01,138Â 300Â 432,1.0,-1.0,-1.0,1641413,1.0,33,,0.0,2.0,1.0,A01,138Â 300Â 433,1.0
961695,201900003226,8,14,12:00,1,1,1,1.0,1.0,37016,RD943,M,"47,2083620","0,9441060",37,2019,80.0,1.0,1.0,3.0,2149455,1.0,1,2,1,5.0,,0.0,0,1973.0,A01,138Â 300Â 433,2.0,9.0,6.0,1641412,2.0,7,,0.0,2.0,1.0,B01,138Â 300Â 432,1.0
961695,201900003226,8,14,12:00,1,1,1,1.0,1.0,37016,RD943,M,"47,2083620","0,9441060",37,2019,80.0,1.0,1.0,3.0,2149455,1.0,1,2,1,5.0,,0.0,0,1973.0,A01,138Â 300Â 433,2.0,9.0,6.0,1641413,1.0,33,,0.0,2.0,1.0,A01,138Â 300Â 433,1.0
961696,201900003227,8,14,16:10,1,1,1,1.0,1.0,37273,Route dÃ©partementale 140,M,"47,3811680","0,7662770",37,2019,80.0,1.0,1.0,3.0,2149456,2.0,2,3,2,5.0,,0.0,0,1964.0,B01,138Â 300Â 430,1.0,-1.0,-1.0,1641414,1.0,7,,0.0,2.0,1.0,B01,138Â 300Â 430,1.0
961696,201900003227,8,14,16:10,1,1,1,1.0,1.0,37273,Route dÃ©partementale 140,M,"47,3811680","0,7662770",37,2019,80.0,1.0,1.0,3.0,2149456,2.0,2,3,2,5.0,,0.0,0,1964.0,B01,138Â 300Â 430,1.0,-1.0,-1.0,1641415,2.0,7,,0.0,2.0,1.0,A01,138Â 300Â 431,2.0
961696,201900003227,8,14,16:10,1,1,1,1.0,1.0,37273,Route dÃ©partementale 140,M,"47,3811680","0,7662770",37,2019,80.0,1.0,1.0,3.0,2149457,1.0,1,4,1,4.0,,0.0,0,1962.0,B01,138Â 300Â 430,1.0,-1.0,-1.0,1641414,1.0,7,,0.0,2.0,1.0,B01,138Â 300Â 430,1.0
961696,201900003227,8,14,16:10,1,1,1,1.0,1.0,37273,Route dÃ©partementale 140,M,"47,3811680","0,7662770",37,2019,80.0,1.0,1.0,3.0,2149457,1.0,1,4,1,4.0,,0.0,0,1962.0,B01,138Â 300Â 430,1.0,-1.0,-1.0,1641415,2.0,7,,0.0,2.0,1.0,A01,138Â 300Â 431,2.0
961696,201900003227,8,14,16:10,1,1,1,1.0,1.0,37273,Route dÃ©partementale 140,M,"47,3811680","0,7662770",37,2019,80.0,1.0,1.0,3.0,2149458,1.0,1,4,1,5.0,,0.0,0,1981.0,A01,138Â 300Â 431,1.0,-1.0,-1.0,1641414,1.0,7,,0.0,2.0,1.0,B01,138Â 300Â 430,1.0
961696,201900003227,8,14,16:10,1,1,1,1.0,1.0,37273,Route dÃ©partementale 140,M,"47,3811680","0,7662770",37,2019,80.0,1.0,1.0,3.0,2149458,1.0,1,4,1,5.0,,0.0,0,1981.0,A01,138Â 300Â 431,1.0,-1.0,-1.0,1641415,2.0,7,,0.0,2.0,1.0,A01,138Â 300Â 431,2.0
961697,201900003228,10,23,08:12,1,2,1,1.0,7.0,59094,9 Rue Pasteur,M,"50,9469620","2,1972610",59,2019,50.0,1.0,1.0,3.0,2149459,1.0,1,4,1,1.0,,0.0,0,2002.0,A01,138Â 300Â 439,2.0,6.0,-1.0,1641416,1.0,2,,0.0,0.0,8.0,A01,138Â 300Â 439,1.0
961698,201900003229,8,13,14:25,1,1,1,1.0,1.0,37152,D2,M,"47,4722030","0,6662190",37,2019,80.0,1.0,1.0,3.0,2149460,1.0,1,1,1,4.0,,0.0,0,1992.0,B01,138Â 300Â 428,1.0,-1.0,-1.0,1641417,1.0,7,,0.0,2.0,3.0,B01,138Â 300Â 428,1.0
961698,201900003229,8,13,14:25,1,1,1,1.0,1.0,37152,D2,M,"47,4722030","0,6662190",37,2019,80.0,1.0,1.0,3.0,2149460,1.0,1,1,1,4.0,,0.0,0,1992.0,B01,138Â 300Â 428,1.0,-1.0,-1.0,1641418,2.0,7,,0.0,2.0,3.0,A01,138Â 300Â 429,1.0
961698,201900003229,8,13,14:25,1,1,1,1.0,1.0,37152,D2,M,"47,4722030","0,6662190",37,2019,80.0,1.0,1.0,3.0,2149461,1.0,1,3,1,4.0,,0.0,0,1989.0,A01,138Â 300Â 429,1.0,-1.0,-1.0,1641417,1.0,7,,0.0,2.0,3.0,B01,138Â 300Â 428,1.0
961698,201900003229,8,13,14:25,1,1,1,1.0,1.0,37152,D2,M,"47,4722030","0,6662190",37,2019,80.0,1.0,1.0,3.0,2149461,1.0,1,3,1,4.0,,0.0,0,1989.0,A01,138Â 300Â 429,1.0,-1.0,-1.0,1641418,2.0,7,,0.0,2.0,3.0,A01,138Â 300Â 429,1.0
961699,201900003230,10,22,13:30,1,1,2,7.0,3.0,76211,D16,M,"49,8968700","1,5364380",76,2019,80.0,1.0,1.0,3.0,2149462,1.0,1,3,2,5.0,,0.0,0,1964.0,A01,138Â 300Â 426,1.0,-1.0,-1.0,1641419,2.0,7,,0.0,2.0,8.0,A01,138Â 300Â 426,1.0
961699,201900003230,10,22,13:30,1,1,2,7.0,3.0,76211,D16,M,"49,8968700","1,5364380",76,2019,80.0,1.0,1.0,3.0,2149462,1.0,1,3,2,5.0,,0.0,0,1964.0,A01,138Â 300Â 426,1.0,-1.0,-1.0,1641420,1.0,15,,0.0,0.0,1.0,B01,138Â 300Â 427,1.0
961699,201900003230,10,22,13:30,1,1,2,7.0,3.0,76211,D16,M,"49,8968700","1,5364380",76,2019,80.0,1.0,1.0,3.0,2149463,1.0,1,1,1,4.0,,0.0,0,1979.0,B01,138Â 300Â 427,1.0,-1.0,-1.0,1641419,2.0,7,,0.0,2.0,8.0,A01,138Â 300Â 426,1.0
961699,201900003230,10,22,13:30,1,1,2,7.0,3.0,76211,D16,M,"49,8968700","1,5364380",76,2019,80.0,1.0,1.0,3.0,2149463,1.0,1,1,1,4.0,,0.0,0,1979.0,B01,138Â 300Â 427,1.0,-1.0,-1.0,1641420,1.0,15,,0.0,0.0,1.0,B01,138Â 300Â 427,1.0
961700,201900003231,8,13,17:50,1,2,2,1.0,3.0,30341,Rue Fernand Granon,M,"43,6929510","4,2741090",30,2019,50.0,1.0,1.0,4.0,2149464,7.0,2,4,2,5.0,,0.0,0,2004.0,A01,138Â 300Â 424,1.0,-1.0,-1.0,1641421,2.0,7,,0.0,2.0,1.0,A01,138Â 300Â 424,1.0
961700,201900003231,8,13,17:50,1,2,2,1.0,3.0,30341,Rue Fernand Granon,M,"43,6929510","4,2741090",30,2019,50.0,1.0,1.0,4.0,2149464,7.0,2,4,2,5.0,,0.0,0,2004.0,A01,138Â 300Â 424,1.0,-1.0,-1.0,1641422,1.0,7,,0.0,2.0,7.0,B01,138Â 300Â 425,1.0
961700,201900003231,8,13,17:50,1,2,2,1.0,3.0,30341,Rue Fernand Granon,M,"43,6929510","4,2741090",30,2019,50.0,1.0,1.0,4.0,2149465,1.0,1,1,1,5.0,,0.0,0,2001.0,A01,138Â 300Â 424,1.0,-1.0,-1.0,1641421,2.0,7,,0.0,2.0,1.0,A01,138Â 300Â 424,1.0
961700,201900003231,8,13,17:50,1,2,2,1.0,3.0,30341,Rue Fernand Granon,M,"43,6929510","4,2741090",30,2019,50.0,1.0,1.0,4.0,2149465,1.0,1,1,1,5.0,,0.0,0,2001.0,A01,138Â 300Â 424,1.0,-1.0,-1.0,1641422,1.0,7,,0.0,2.0,7.0,B01,138Â 300Â 425,1.0
961700,201900003231,8,13,17:50,1,2,2,1.0,3.0,30341,Rue Fernand Granon,M,"43,6929510","4,2741090",30,2019,50.0,1.0,1.0,4.0,2149466,2.0,2,1,1,5.0,,0.0,0,2002.0,A01,138Â 300Â 424,1.0,-1.0,-1.0,1641421,2.0,7,,0.0,2.0,1.0,A01,138Â 300Â 424,1.0
961700,201900003231,8,13,17:50,1,2,2,1.0,3.0,30341,Rue Fernand Granon,M,"43,6929510","4,2741090",30,2019,50.0,1.0,1.0,4.0,2149466,2.0,2,1,1,5.0,,0.0,0,2002.0,A01,138Â 300Â 424,1.0,-1.0,-1.0,1641422,1.0,7,,0.0,2.0,7.0,B01,138Â 300Â 425,1.0
961700,201900003231,8,13,17:50,1,2,2,1.0,3.0,30341,Rue Fernand Granon,M,"43,6929510","4,2741090",30,2019,50.0,1.0,1.0,4.0,2149467,9.0,2,4,2,5.0,,0.0,0,2002.0,A01,138Â 300Â 424,1.0,-1.0,-1.0,1641421,2.0,7,,0.0,2.0,1.0,A01,138Â 300Â 424,1.0
961700,201900003231,8,13,17:50,1,2,2,1.0,3.0,30341,Rue Fernand Granon,M,"43,6929510","4,2741090",30,2019,50.0,1.0,1.0,4.0,2149467,9.0,2,4,2,5.0,,0.0,0,2002.0,A01,138Â 300Â 424,1.0,-1.0,-1.0,1641422,1.0,7,,0.0,2.0,7.0,B01,138Â 300Â 425,1.0
961700,201900003231,8,13,17:50,1,2,2,1.0,3.0,30341,Rue Fernand Granon,M,"43,6929510","4,2741090",30,2019,50.0,1.0,1.0,4.0,2149468,1.0,1,4,1,0.0,,0.0,0,1986.0,B01,138Â 300Â 425,1.0,-1.0,-1.0,1641421,2.0,7,,0.0,2.0,1.0,A01,138Â 300Â 424,1.0
961700,201900003231,8,13,17:50,1,2,2,1.0,3.0,30341,Rue Fernand Granon,M,"43,6929510","4,2741090",30,2019,50.0,1.0,1.0,4.0,2149468,1.0,1,4,1,0.0,,0.0,0,1986.0,B01,138Â 300Â 425,1.0,-1.0,-1.0,1641422,1.0,7,,0.0,2.0,7.0,B01,138Â 300Â 425,1.0
961701,201900003232,6,2,14:45,1,1,1,7.0,1.0,87166,Le PÃ¢tural,M,"45,7404030","1,1107830",87,2019,80.0,1.0,1.0,3.0,2149469,1.0,1,3,1,5.0,,0.0,0,1997.0,A01,138Â 300Â 438,2.0,-1.0,-1.0,1641423,1.0,33,,0.0,2.0,1.0,A01,138Â 300Â 438,1.0
961701,201900003232,6,2,14:45,1,1,1,7.0,1.0,87166,Le PÃ¢tural,M,"45,7404030","1,1107830",87,2019,80.0,1.0,1.0,3.0,2149469,1.0,1,3,1,5.0,,0.0,0,1997.0,A01,138Â 300Â 438,2.0,-1.0,-1.0,1641424,2.0,33,,0.0,2.0,1.0,B01,138Â 300Â 442,1.0
961701,201900003232,6,2,14:45,1,1,1,7.0,1.0,87166,Le PÃ¢tural,M,"45,7404030","1,1107830",87,2019,80.0,1.0,1.0,3.0,2149470,1.0,1,4,1,5.0,,0.0,0,1996.0,B01,138Â 300Â 442,2.0,-1.0,-1.0,1641423,1.0,33,,0.0,2.0,1.0,A01,138Â 300Â 438,1.0
961701,201900003232,6,2,14:45,1,1,1,7.0,1.0,87166,Le PÃ¢tural,M,"45,7404030","1,1107830",87,2019,80.0,1.0,1.0,3.0,2149470,1.0,1,4,1,5.0,,0.0,0,1996.0,B01,138Â 300Â 442,2.0,-1.0,-1.0,1641424,2.0,33,,0.0,2.0,1.0,B01,138Â 300Â 442,1.0
961702,201900003233,10,21,07:45,3,1,1,5.0,7.0,79147,,M,"46,6425850"," -0,5105650",79,2019,80.0,3.0,2.0,3.0,2149471,3.0,2,3,1,1.0,,0.0,0,1968.0,A01,138Â 300Â 422,1.0,-1.0,-1.0,1641425,2.0,7,,2.0,0.0,1.0,A01,138Â 300Â 422,0.0
961702,201900003233,10,21,07:45,3,1,1,5.0,7.0,79147,,M,"46,6425850"," -0,5105650",79,2019,80.0,3.0,2.0,3.0,2149472,1.0,1,4,1,1.0,,0.0,0,1954.0,A01,138Â 300Â 422,1.0,-1.0,-1.0,1641425,2.0,7,,2.0,0.0,1.0,A01,138Â 300Â 422,0.0
961702,201900003233,10,21,07:45,3,1,1,5.0,7.0,79147,,M,"46,6425850"," -0,5105650",79,2019,80.0,3.0,2.0,3.0,2149473,4.0,2,4,1,1.0,,0.0,0,1971.0,A01,138Â 300Â 422,1.0,-1.0,-1.0,1641425,2.0,7,,2.0,0.0,1.0,A01,138Â 300Â 422,0.0
961702,201900003233,10,21,07:45,3,1,1,5.0,7.0,79147,,M,"46,6425850"," -0,5105650",79,2019,80.0,3.0,2.0,3.0,2149474,2.0,2,4,1,1.0,,0.0,0,1957.0,A01,138Â 300Â 422,1.0,-1.0,-1.0,1641425,2.0,7,,2.0,0.0,1.0,A01,138Â 300Â 422,0.0
961703,201900003234,8,13,23:30,3,1,1,1.0,5.0,30006,RN 113,M,"43,6843310","4,2077280",30,2019,80.0,1.0,1.0,4.0,2149475,1.0,1,1,1,5.0,,0.0,0,1992.0,A01,138Â 300Â 420,1.0,-1.0,-1.0,1641426,0.0,7,,0.0,2.0,1.0,A01,138Â 300Â 420,1.0
961703,201900003234,8,13,23:30,3,1,1,1.0,5.0,30006,RN 113,M,"43,6843310","4,2077280",30,2019,80.0,1.0,1.0,4.0,2149475,1.0,1,1,1,5.0,,0.0,0,1992.0,A01,138Â 300Â 420,1.0,-1.0,-1.0,1641427,0.0,32,,3.0,2.0,0.0,B01,138Â 300Â 421,1.0
961703,201900003234,8,13,23:30,3,1,1,1.0,5.0,30006,RN 113,M,"43,6843310","4,2077280",30,2019,80.0,1.0,1.0,4.0,2149475,1.0,1,1,1,5.0,,0.0,0,1992.0,A01,138Â 300Â 420,1.0,-1.0,-1.0,1641428,0.0,7,,3.0,2.0,1.0,C01,138Â 300Â 423,1.0
961703,201900003234,8,13,23:30,3,1,1,1.0,5.0,30006,RN 113,M,"43,6843310","4,2077280",30,2019,80.0,1.0,1.0,4.0,2149476,1.0,1,1,2,1.0,,0.0,0,1969.0,B01,138Â 300Â 421,2.0,6.0,-1.0,1641426,0.0,7,,0.0,2.0,1.0,A01,138Â 300Â 420,1.0
961703,201900003234,8,13,23:30,3,1,1,1.0,5.0,30006,RN 113,M,"43,6843310","4,2077280",30,2019,80.0,1.0,1.0,4.0,2149476,1.0,1,1,2,1.0,,0.0,0,1969.0,B01,138Â 300Â 421,2.0,6.0,-1.0,1641427,0.0,32,,3.0,2.0,0.0,B01,138Â 300Â 421,1.0
961703,201900003234,8,13,23:30,3,1,1,1.0,5.0,30006,RN 113,M,"43,6843310","4,2077280",30,2019,80.0,1.0,1.0,4.0,2149476,1.0,1,1,2,1.0,,0.0,0,1969.0,B01,138Â 300Â 421,2.0,6.0,-1.0,1641428,0.0,7,,3.0,2.0,1.0,C01,138Â 300Â 423,1.0
961703,201900003234,8,13,23:30,3,1,1,1.0,5.0,30006,RN 113,M,"43,6843310","4,2077280",30,2019,80.0,1.0,1.0,4.0,2149477,2.0,2,3,2,5.0,,0.0,0,1991.0,C01,138Â 300Â 423,1.0,-1.0,-1.0,1641426,0.0,7,,0.0,2.0,1.0,A01,138Â 300Â 420,1.0
961703,201900003234,8,13,23:30,3,1,1,1.0,5.0,30006,RN 113,M,"43,6843310","4,2077280",30,2019,80.0,1.0,1.0,4.0,2149477,2.0,2,3,2,5.0,,0.0,0,1991.0,C01,138Â 300Â 423,1.0,-1.0,-1.0,1641427,0.0,32,,3.0,2.0,0.0,B01,138Â 300Â 421,1.0
961703,201900003234,8,13,23:30,3,1,1,1.0,5.0,30006,RN 113,M,"43,6843310","4,2077280",30,2019,80.0,1.0,1.0,4.0,2149477,2.0,2,3,2,5.0,,0.0,0,1991.0,C01,138Â 300Â 423,1.0,-1.0,-1.0,1641428,0.0,7,,3.0,2.0,1.0,C01,138Â 300Â 423,1.0
961703,201900003234,8,13,23:30,3,1,1,1.0,5.0,30006,RN 113,M,"43,6843310","4,2077280",30,2019,80.0,1.0,1.0,4.0,2149478,1.0,1,1,1,5.0,,0.0,0,1985.0,C01,138Â 300Â 423,1.0,-1.0,-1.0,1641426,0.0,7,,0.0,2.0,1.0,A01,138Â 300Â 420,1.0
961703,201900003234,8,13,23:30,3,1,1,1.0,5.0,30006,RN 113,M,"43,6843310","4,2077280",30,2019,80.0,1.0,1.0,4.0,2149478,1.0,1,1,1,5.0,,0.0,0,1985.0,C01,138Â 300Â 423,1.0,-1.0,-1.0,1641427,0.0,32,,3.0,2.0,0.0,B01,138Â 300Â 421,1.0
961703,201900003234,8,13,23:30,3,1,1,1.0,5.0,30006,RN 113,M,"43,6843310","4,2077280",30,2019,80.0,1.0,1.0,4.0,2149478,1.0,1,1,1,5.0,,0.0,0,1985.0,C01,138Â 300Â 423,1.0,-1.0,-1.0,1641428,0.0,7,,3.0,2.0,1.0,C01,138Â 300Â 423,1.0
961704,201900003235,6,15,14:40,1,1,1,1.0,3.0,83054,Route de la Crau,M,"43,1609060","6,0603480",83,2019,80.0,1.0,1.0,3.0,2149479,2.0,2,3,1,5.0,,0.0,0,2005.0,B01,138Â 300Â 418,2.0,-1.0,-1.0,1641429,2.0,32,,0.0,2.0,6.0,B01,138Â 300Â 418,1.0
961704,201900003235,6,15,14:40,1,1,1,1.0,3.0,83054,Route de la Crau,M,"43,1609060","6,0603480",83,2019,80.0,1.0,1.0,3.0,2149479,2.0,2,3,1,5.0,,0.0,0,2005.0,B01,138Â 300Â 418,2.0,-1.0,-1.0,1641430,1.0,7,,3.0,2.0,3.0,A01,138Â 300Â 419,1.0
961704,201900003235,6,15,14:40,1,1,1,1.0,3.0,83054,Route de la Crau,M,"43,1609060","6,0603480",83,2019,80.0,1.0,1.0,3.0,2149480,1.0,1,3,1,5.0,,0.0,0,1972.0,B01,138Â 300Â 418,2.0,-1.0,-1.0,1641429,2.0,32,,0.0,2.0,6.0,B01,138Â 300Â 418,1.0
961704,201900003235,6,15,14:40,1,1,1,1.0,3.0,83054,Route de la Crau,M,"43,1609060","6,0603480",83,2019,80.0,1.0,1.0,3.0,2149480,1.0,1,3,1,5.0,,0.0,0,1972.0,B01,138Â 300Â 418,2.0,-1.0,-1.0,1641430,1.0,7,,3.0,2.0,3.0,A01,138Â 300Â 419,1.0
961704,201900003235,6,15,14:40,1,1,1,1.0,3.0,83054,Route de la Crau,M,"43,1609060","6,0603480",83,2019,80.0,1.0,1.0,3.0,2149481,1.0,1,1,2,5.0,,0.0,0,1969.0,A01,138Â 300Â 419,1.0,-1.0,-1.0,1641429,2.0,32,,0.0,2.0,6.0,B01,138Â 300Â 418,1.0
961704,201900003235,6,15,14:40,1,1,1,1.0,3.0,83054,Route de la Crau,M,"43,1609060","6,0603480",83,2019,80.0,1.0,1.0,3.0,2149481,1.0,1,1,2,5.0,,0.0,0,1969.0,A01,138Â 300Â 419,1.0,-1.0,-1.0,1641430,1.0,7,,3.0,2.0,3.0,A01,138Â 300Â 419,1.0
961705,201900003236,8,15,12:00,1,2,1,1.0,6.0,30325,Place de l'Eglise,M,"43,9802620","3,7154180",30,2019,50.0,1.0,1.0,4.0,2149482,10.0,3,2,2,5.0,,1.0,1,1928.0,A01,138Â 300Â 415,0.0,-1.0,-1.0,1641431,3.0,7,,0.0,1.0,3.0,A01,138Â 300Â 415,1.0
961705,201900003236,8,15,12:00,1,2,1,1.0,6.0,30325,Place de l'Eglise,M,"43,9802620","3,7154180",30,2019,50.0,1.0,1.0,4.0,2149483,1.0,1,1,1,5.0,,0.0,0,1935.0,A01,138Â 300Â 415,1.0,-1.0,-1.0,1641431,3.0,7,,0.0,1.0,3.0,A01,138Â 300Â 415,1.0
961706,201900003237,10,22,19:55,5,1,3,1.0,3.0,2A362,Lieu Dit Acqua Gelata,M,"41,7042675","9,3620077",2A,2019,80.0,1.0,1.0,2.0,2149484,6.0,2,3,2,5.0,,0.0,0,1997.0,B01,138Â 300Â 416,1.0,-1.0,-1.0,1641432,2.0,10,,0.0,2.0,1.0,B01,138Â 300Â 416,1.0
961706,201900003237,10,22,19:55,5,1,3,1.0,3.0,2A362,Lieu Dit Acqua Gelata,M,"41,7042675","9,3620077",2A,2019,80.0,1.0,1.0,2.0,2149484,6.0,2,3,2,5.0,,0.0,0,1997.0,B01,138Â 300Â 416,1.0,-1.0,-1.0,1641433,1.0,7,,0.0,2.0,2.0,A01,138Â 300Â 417,1.0
961706,201900003237,10,22,19:55,5,1,3,1.0,3.0,2A362,Lieu Dit Acqua Gelata,M,"41,7042675","9,3620077",2A,2019,80.0,1.0,1.0,2.0,2149485,1.0,1,4,1,5.0,,0.0,0,1982.0,B01,138Â 300Â 416,1.0,-1.0,-1.0,1641432,2.0,10,,0.0,2.0,1.0,B01,138Â 300Â 416,1.0
961706,201900003237,10,22,19:55,5,1,3,1.0,3.0,2A362,Lieu Dit Acqua Gelata,M,"41,7042675","9,3620077",2A,2019,80.0,1.0,1.0,2.0,2149485,1.0,1,4,1,5.0,,0.0,0,1982.0,B01,138Â 300Â 416,1.0,-1.0,-1.0,1641433,1.0,7,,0.0,2.0,2.0,A01,138Â 300Â 417,1.0
961706,201900003237,10,22,19:55,5,1,3,1.0,3.0,2A362,Lieu Dit Acqua Gelata,M,"41,7042675","9,3620077",2A,2019,80.0,1.0,1.0,2.0,2149486,2.0,2,4,1,5.0,,0.0,0,2010.0,B01,138Â 300Â 416,1.0,-1.0,-1.0,1641432,2.0,10,,0.0,2.0,1.0,B01,138Â 300Â 416,1.0
961706,201900003237,10,22,19:55,5,1,3,1.0,3.0,2A362,Lieu Dit Acqua Gelata,M,"41,7042675","9,3620077",2A,2019,80.0,1.0,1.0,2.0,2149486,2.0,2,4,1,5.0,,0.0,0,2010.0,B01,138Â 300Â 416,1.0,-1.0,-1.0,1641433,1.0,7,,0.0,2.0,2.0,A01,138Â 300Â 417,1.0
961706,201900003237,10,22,19:55,5,1,3,1.0,3.0,2A362,Lieu Dit Acqua Gelata,M,"41,7042675","9,3620077",2A,2019,80.0,1.0,1.0,2.0,2149487,1.0,1,4,1,5.0,,0.0,0,1967.0,A01,138Â 300Â 417,1.0,-1.0,-1.0,1641432,2.0,10,,0.0,2.0,1.0,B01,138Â 300Â 416,1.0
961706,201900003237,10,22,19:55,5,1,3,1.0,3.0,2A362,Lieu Dit Acqua Gelata,M,"41,7042675","9,3620077",2A,2019,80.0,1.0,1.0,2.0,2149487,1.0,1,4,1,5.0,,0.0,0,1967.0,A01,138Â 300Â 417,1.0,-1.0,-1.0,1641433,1.0,7,,0.0,2.0,2.0,A01,138Â 300Â 417,1.0
961706,201900003237,10,22,19:55,5,1,3,1.0,3.0,2A362,Lieu Dit Acqua Gelata,M,"41,7042675","9,3620077",2A,2019,80.0,1.0,1.0,2.0,2149488,2.0,2,4,2,3.0,,0.0,0,1972.0,A01,138Â 300Â 417,1.0,-1.0,-1.0,1641432,2.0,10,,0.0,2.0,1.0,B01,138Â 300Â 416,1.0
961706,201900003237,10,22,19:55,5,1,3,1.0,3.0,2A362,Lieu Dit Acqua Gelata,M,"41,7042675","9,3620077",2A,2019,80.0,1.0,1.0,2.0,2149488,2.0,2,4,2,3.0,,0.0,0,1972.0,A01,138Â 300Â 417,1.0,-1.0,-1.0,1641433,1.0,7,,0.0,2.0,2.0,A01,138Â 300Â 417,1.0
961707,201900003238,6,5,19:00,1,1,1,7.0,1.0,83130,,M,"43,2077500","6,0500490",83,2019,50.0,1.0,1.0,3.0,2149489,1.0,1,3,2,5.0,,0.0,0,1998.0,A01,138Â 300Â 413,1.0,-1.0,-1.0,1641434,2.0,7,,0.0,2.0,1.0,A01,138Â 300Â 413,1.0