Unnamed: 0_x,num_acc,mois,jour,hrmn,lum,agg,int,atm,col,com,adr,gps,lat,long,dep,annee,vma,situ,surf,catr,Unnamed: 0_y,place,catu,grav,sexe,trajet,secu,locp,actp,an_nais,num_veh_x,id_vehicule_x,secu1,secu2,secu3,Unnamed: 0,senc,catv,occutc,obs,obsm,choc,num_veh_y,id_vehicule_y,motor
961707,201900003238,6,5,19:00,1,1,1,7.0,1.0,83130,,M,"43,2077500","6,0500490",83,2019,50.0,1.0,1.0,3.0,2149489,1.0,1,3,2,5.0,,0.0,0,1998.0,A01,138Â 300Â 413,1.0,-1.0,-1.0,1641435,1.0,7,,0.0,2.0,1.0,B01,138Â 300Â 414,1.0
961707,201900003238,6,5,19:00,1,1,1,7.0,1.0,83130,,M,"43,2077500","6,0500490",83,2019,50.0,1.0,1.0,3.0,2149490,2.0,2,3,2,5.0,,0.0,0,1994.0,A01,138Â 300Â 413,0.0,-1.0,-1.0,1641434,2.0,7,,0.0,2.0,1.0,A01,138Â 300Â 413,1.0
961707,201900003238,6,5,19:00,1,1,1,7.0,1.0,83130,,M,"43,2077500","6,0500490",83,2019,50.0,1.0,1.0,3.0,2149490,2.0,2,3,2,5.0,,0.0,0,1994.0,A01,138Â 300Â 413,0.0,-1.0,-1.0,1641435,1.0,7,,0.0,2.0,1.0,B01,138Â 300Â 414,1.0
961707,201900003238,6,5,19:00,1,1,1,7.0,1.0,83130,,M,"43,2077500","6,0500490",83,2019,50.0,1.0,1.0,3.0,2149491,2.0,2,3,2,3.0,,0.0,0,1940.0,B01,138Â 300Â 414,1.0,-1.0,-1.0,1641434,2.0,7,,0.0,2.0,1.0,A01,138Â 300Â 413,1.0
961707,201900003238,6,5,19:00,1,1,1,7.0,1.0,83130,,M,"43,2077500","6,0500490",83,2019,50.0,1.0,1.0,3.0,2149491,2.0,2,3,2,3.0,,0.0,0,1940.0,B01,138Â 300Â 414,1.0,-1.0,-1.0,1641435,1.0,7,,0.0,2.0,1.0,B01,138Â 300Â 414,1.0
961707,201900003238,6,5,19:00,1,1,1,7.0,1.0,83130,,M,"43,2077500","6,0500490",83,2019,50.0,1.0,1.0,3.0,2149492,1.0,1,3,1,3.0,,0.0,0,1941.0,B01,138Â 300Â 414,1.0,-1.0,-1.0,1641434,2.0,7,,0.0,2.0,1.0,A01,138Â 300Â 413,1.0
961707,201900003238,6,5,19:00,1,1,1,7.0,1.0,83130,,M,"43,2077500","6,0500490",83,2019,50.0,1.0,1.0,3.0,2149492,1.0,1,3,1,3.0,,0.0,0,1941.0,B01,138Â 300Â 414,1.0,-1.0,-1.0,1641435,1.0,7,,0.0,2.0,1.0,B01,138Â 300Â 414,1.0
961708,201900003239,10,22,18:20,2,1,1,2.0,6.0,32254,Lieu-dit Bile,M,"43,5391060","0,4510090",32,2019,80.0,3.0,2.0,2.0,2149493,1.0,1,3,1,5.0,,0.0,0,1949.0,A01,138Â 300Â 411,1.0,-1.0,-1.0,1641436,1.0,7,,13.0,0.0,1.0,A01,138Â 300Â 411,1.0
961709,201900003240,8,14,20:50,2,1,2,1.0,3.0,30281,D22 / D1,M,"43,8871286","4,1889220",30,2019,80.0,1.0,1.0,3.0,2149494,1.0,1,4,2,5.0,,0.0,0,1994.0,B01,138Â 300Â 410,1.0,-1.0,-1.0,1641437,1.0,7,,0.0,2.0,3.0,B01,138Â 300Â 410,0.0
961709,201900003240,8,14,20:50,2,1,2,1.0,3.0,30281,D22 / D1,M,"43,8871286","4,1889220",30,2019,80.0,1.0,1.0,3.0,2149494,1.0,1,4,2,5.0,,0.0,0,1994.0,B01,138Â 300Â 410,1.0,-1.0,-1.0,1641438,0.0,33,,0.0,2.0,1.0,A01,138Â 300Â 412,1.0
961709,201900003240,8,14,20:50,2,1,2,1.0,3.0,30281,D22 / D1,M,"43,8871286","4,1889220",30,2019,80.0,1.0,1.0,3.0,2149495,1.0,1,3,1,5.0,,0.0,0,1995.0,A01,138Â 300Â 412,2.0,-1.0,-1.0,1641437,1.0,7,,0.0,2.0,3.0,B01,138Â 300Â 410,0.0
961709,201900003240,8,14,20:50,2,1,2,1.0,3.0,30281,D22 / D1,M,"43,8871286","4,1889220",30,2019,80.0,1.0,1.0,3.0,2149495,1.0,1,3,1,5.0,,0.0,0,1995.0,A01,138Â 300Â 412,2.0,-1.0,-1.0,1641438,0.0,33,,0.0,2.0,1.0,A01,138Â 300Â 412,1.0
961710,201900003241,6,18,14:35,1,1,1,1.0,7.0,62805,Rue de Saint-Omer,M,"50,4567640","2,3613480",62,2019,80.0,1.0,1.0,3.0,2149496,1.0,1,3,1,1.0,,0.0,0,1999.0,B01,138Â 300Â 409,1.0,-1.0,-1.0,1641439,3.0,7,,13.0,0.0,9.0,B01,138Â 300Â 409,1.0
961711,201900003242,6,15,10:00,1,2,1,1.0,6.0,62652,route nationale,M,"50,4838770","2,4105200",62,2019,50.0,1.0,1.0,3.0,2149497,1.0,1,1,1,9.0,,0.0,0,1942.0,A01,138Â 300Â 407,1.0,-1.0,-1.0,1641440,1.0,7,,0.0,1.0,1.0,A01,138Â 300Â 407,1.0
961711,201900003242,6,15,10:00,1,2,1,1.0,6.0,62652,route nationale,M,"50,4838770","2,4105200",62,2019,50.0,1.0,1.0,3.0,2149498,10.0,3,3,2,9.0,,2.0,3,1960.0,A01,138Â 300Â 407,0.0,0.0,0.0,1641440,1.0,7,,0.0,1.0,1.0,A01,138Â 300Â 407,1.0
961712,201900003243,8,2,10:05,1,1,1,1.0,1.0,30241,Chemin du moulin de baguet,M,"43,9706260","4,2786000",30,2019,80.0,1.0,1.0,4.0,2149499,1.0,1,3,1,5.0,,0.0,0,1942.0,B01,138Â 300Â 406,9.0,-1.0,-1.0,1641441,3.0,1,,0.0,2.0,3.0,B01,138Â 300Â 406,5.0
961712,201900003243,8,2,10:05,1,1,1,1.0,1.0,30241,Chemin du moulin de baguet,M,"43,9706260","4,2786000",30,2019,80.0,1.0,1.0,4.0,2149499,1.0,1,3,1,5.0,,0.0,0,1942.0,B01,138Â 300Â 406,9.0,-1.0,-1.0,1641442,3.0,7,,0.0,9.0,3.0,A01,138Â 300Â 408,1.0
961712,201900003243,8,2,10:05,1,1,1,1.0,1.0,30241,Chemin du moulin de baguet,M,"43,9706260","4,2786000",30,2019,80.0,1.0,1.0,4.0,2149500,1.0,1,1,2,4.0,,0.0,0,1974.0,A01,138Â 300Â 408,1.0,-1.0,-1.0,1641441,3.0,1,,0.0,2.0,3.0,B01,138Â 300Â 406,5.0
961712,201900003243,8,2,10:05,1,1,1,1.0,1.0,30241,Chemin du moulin de baguet,M,"43,9706260","4,2786000",30,2019,80.0,1.0,1.0,4.0,2149500,1.0,1,1,2,4.0,,0.0,0,1974.0,A01,138Â 300Â 408,1.0,-1.0,-1.0,1641442,3.0,7,,0.0,9.0,3.0,A01,138Â 300Â 408,1.0
961713,201900003244,6,1,18:20,1,1,1,1.0,7.0,62202,DÃ©partementale 131,M,"50,6123910","1,9970550",62,2019,80.0,3.0,1.0,3.0,2149501,1.0,1,3,1,5.0,,0.0,0,1974.0,A01,138Â 300Â 405,2.0,-1.0,-1.0,1641443,2.0,2,,0.0,0.0,0.0,A01,138Â 300Â 405,1.0
961713,201900003244,6,1,18:20,1,1,1,1.0,7.0,62202,DÃ©partementale 131,M,"50,6123910","1,9970550",62,2019,80.0,3.0,1.0,3.0,2149502,2.0,2,1,1,0.0,,0.0,0,2010.0,A01,138Â 300Â 405,2.0,-1.0,-1.0,1641443,2.0,2,,0.0,0.0,0.0,A01,138Â 300Â 405,1.0
961714,201900003245,10,19,18:38,2,2,2,2.0,3.0,49026,Rue Roche Bleue,M,"47,4983010"," -0,8072340",49,2019,50.0,1.0,1.0,9.0,2149503,1.0,1,4,1,5.0,,0.0,0,2007.0,A01,138Â 300Â 401,0.0,-1.0,-1.0,1641444,3.0,1,,0.0,2.0,1.0,A01,138Â 300Â 401,5.0
961714,201900003245,10,19,18:38,2,2,2,2.0,3.0,49026,Rue Roche Bleue,M,"47,4983010"," -0,8072340",49,2019,50.0,1.0,1.0,9.0,2149503,1.0,1,4,1,5.0,,0.0,0,2007.0,A01,138Â 300Â 401,0.0,-1.0,-1.0,1641445,3.0,7,,0.0,2.0,2.0,B01,138Â 300Â 404,1.0
961714,201900003245,10,19,18:38,2,2,2,2.0,3.0,49026,Rue Roche Bleue,M,"47,4983010"," -0,8072340",49,2019,50.0,1.0,1.0,9.0,2149504,2.0,2,1,2,3.0,,0.0,0,1964.0,B01,138Â 300Â 404,1.0,-1.0,-1.0,1641444,3.0,1,,0.0,2.0,1.0,A01,138Â 300Â 401,5.0
961714,201900003245,10,19,18:38,2,2,2,2.0,3.0,49026,Rue Roche Bleue,M,"47,4983010"," -0,8072340",49,2019,50.0,1.0,1.0,9.0,2149504,2.0,2,1,2,3.0,,0.0,0,1964.0,B01,138Â 300Â 404,1.0,-1.0,-1.0,1641445,3.0,7,,0.0,2.0,2.0,B01,138Â 300Â 404,1.0
961714,201900003245,10,19,18:38,2,2,2,2.0,3.0,49026,Rue Roche Bleue,M,"47,4983010"," -0,8072340",49,2019,50.0,1.0,1.0,9.0,2149505,1.0,1,1,1,3.0,,0.0,0,1958.0,B01,138Â 300Â 404,1.0,-1.0,-1.0,1641444,3.0,1,,0.0,2.0,1.0,A01,138Â 300Â 401,5.0
961714,201900003245,10,19,18:38,2,2,2,2.0,3.0,49026,Rue Roche Bleue,M,"47,4983010"," -0,8072340",49,2019,50.0,1.0,1.0,9.0,2149505,1.0,1,1,1,3.0,,0.0,0,1958.0,B01,138Â 300Â 404,1.0,-1.0,-1.0,1641445,3.0,7,,0.0,2.0,2.0,B01,138Â 300Â 404,1.0
961715,201900003246,6,8,06:26,2,1,1,6.0,6.0,62864,d 939,M,"50,2464590","2,9397890",62,2019,80.0,3.0,2.0,3.0,2149506,1.0,1,2,1,0.0,,0.0,0,1990.0,A01,138Â 300Â 400,1.0,-1.0,-1.0,1641446,3.0,7,,3.0,0.0,9.0,A01,138Â 300Â 400,1.0
961716,201900003247,8,17,10:30,1,1,3,1.0,3.0,48061,Route Nationale 106,M,"44,3315040","3,5912720",48,2019,70.0,1.0,1.0,2.0,2149507,1.0,1,1,2,5.0,,0.0,0,1945.0,B01,138Â 300Â 402,1.0,-1.0,-1.0,1641447,2.0,7,,0.0,2.0,3.0,B01,138Â 300Â 402,1.0
961716,201900003247,8,17,10:30,1,1,3,1.0,3.0,48061,Route Nationale 106,M,"44,3315040","3,5912720",48,2019,70.0,1.0,1.0,2.0,2149507,1.0,1,1,2,5.0,,0.0,0,1945.0,B01,138Â 300Â 402,1.0,-1.0,-1.0,1641448,1.0,33,,0.0,2.0,8.0,A01,138Â 300Â 403,1.0
961716,201900003247,8,17,10:30,1,1,3,1.0,3.0,48061,Route Nationale 106,M,"44,3315040","3,5912720",48,2019,70.0,1.0,1.0,2.0,2149508,1.0,1,3,1,5.0,,0.0,0,1966.0,A01,138Â 300Â 403,2.0,6.0,9.0,1641447,2.0,7,,0.0,2.0,3.0,B01,138Â 300Â 402,1.0
961716,201900003247,8,17,10:30,1,1,3,1.0,3.0,48061,Route Nationale 106,M,"44,3315040","3,5912720",48,2019,70.0,1.0,1.0,2.0,2149508,1.0,1,3,1,5.0,,0.0,0,1966.0,A01,138Â 300Â 403,2.0,6.0,9.0,1641448,1.0,33,,0.0,2.0,8.0,A01,138Â 300Â 403,1.0
961717,201900003248,10,23,09:00,1,1,1,3.0,1.0,46045,lieu dit charrux,M,"44,5020270","1,8396970",46,2019,80.0,1.0,2.0,3.0,2149509,1.0,1,1,2,0.0,,0.0,0,1963.0,A01,138Â 300Â 398,8.0,-1.0,-1.0,1641449,1.0,7,,0.0,2.0,3.0,A01,138Â 300Â 398,1.0
961717,201900003248,10,23,09:00,1,1,1,3.0,1.0,46045,lieu dit charrux,M,"44,5020270","1,8396970",46,2019,80.0,1.0,2.0,3.0,2149509,1.0,1,1,2,0.0,,0.0,0,1963.0,A01,138Â 300Â 398,8.0,-1.0,-1.0,1641450,2.0,7,,0.0,2.0,3.0,B01,138Â 300Â 399,1.0
961717,201900003248,10,23,09:00,1,1,1,3.0,1.0,46045,lieu dit charrux,M,"44,5020270","1,8396970",46,2019,80.0,1.0,2.0,3.0,2149510,1.0,1,2,2,5.0,,0.0,0,1937.0,B01,138Â 300Â 399,8.0,-1.0,-1.0,1641449,1.0,7,,0.0,2.0,3.0,A01,138Â 300Â 398,1.0
961717,201900003248,10,23,09:00,1,1,1,3.0,1.0,46045,lieu dit charrux,M,"44,5020270","1,8396970",46,2019,80.0,1.0,2.0,3.0,2149510,1.0,1,2,2,5.0,,0.0,0,1937.0,B01,138Â 300Â 399,8.0,-1.0,-1.0,1641450,2.0,7,,0.0,2.0,3.0,B01,138Â 300Â 399,1.0
961718,201900003249,6,4,13:30,1,1,1,1.0,7.0,77385,D222,M,"48,8512500","3,2492900",77,2019,80.0,3.0,1.0,3.0,2149511,1.0,1,4,1,0.0,,0.0,0,1968.0,A01,138Â 300Â 397,2.0,6.0,9.0,1641451,1.0,33,,0.0,0.0,0.0,A01,138Â 300Â 397,1.0
961719,201900003250,8,13,17:05,1,1,1,1.0,6.0,48129,D34,M,"44,7199940","3,8196470",48,2019,80.0,3.0,1.0,3.0,2149512,1.0,1,2,1,5.0,,0.0,0,1930.0,A01,138Â 300Â 392,1.0,5.0,-1.0,1641452,2.0,7,,2.0,0.0,1.0,A01,138Â 300Â 392,1.0
961720,201900003251,10,23,10:00,1,1,1,2.0,1.0,41185,1356 Rue des CheviniÃ¨res,M,"47,3735030","1,6954390",41,2019,80.0,1.0,2.0,3.0,2149513,1.0,1,1,1,4.0,,0.0,0,1969.0,B01,138Â 300Â 394,1.0,-1.0,-1.0,1641453,2.0,13,,0.0,2.0,1.0,B01,138Â 300Â 394,1.0
961720,201900003251,10,23,10:00,1,1,1,2.0,1.0,41185,1356 Rue des CheviniÃ¨res,M,"47,3735030","1,6954390",41,2019,80.0,1.0,2.0,3.0,2149513,1.0,1,1,1,4.0,,0.0,0,1969.0,B01,138Â 300Â 394,1.0,-1.0,-1.0,1641454,1.0,7,,0.0,2.0,1.0,A01,138Â 300Â 395,1.0
961720,201900003251,10,23,10:00,1,1,1,2.0,1.0,41185,1356 Rue des CheviniÃ¨res,M,"47,3735030","1,6954390",41,2019,80.0,1.0,2.0,3.0,2149514,1.0,1,2,2,0.0,,0.0,0,1995.0,A01,138Â 300Â 395,1.0,5.0,-1.0,1641453,2.0,13,,0.0,2.0,1.0,B01,138Â 300Â 394,1.0
961720,201900003251,10,23,10:00,1,1,1,2.0,1.0,41185,1356 Rue des CheviniÃ¨res,M,"47,3735030","1,6954390",41,2019,80.0,1.0,2.0,3.0,2149514,1.0,1,2,2,0.0,,0.0,0,1995.0,A01,138Â 300Â 395,1.0,5.0,-1.0,1641454,1.0,7,,0.0,2.0,1.0,A01,138Â 300Â 395,1.0
961721,201900003252,6,8,17:30,1,1,9,7.0,2.0,66050,RD 83,M,"42,7774000","2,9498000",66,2019,110.0,1.0,1.0,3.0,2149515,2.0,2,4,2,5.0,,0.0,0,2011.0,A01,138Â 300Â 391,2.0,-1.0,-1.0,1641455,1.0,33,,3.0,2.0,1.0,A01,138Â 300Â 391,1.0
961721,201900003252,6,8,17:30,1,1,9,7.0,2.0,66050,RD 83,M,"42,7774000","2,9498000",66,2019,110.0,1.0,1.0,3.0,2149515,2.0,2,4,2,5.0,,0.0,0,2011.0,A01,138Â 300Â 391,2.0,-1.0,-1.0,1641456,1.0,7,,0.0,0.0,6.0,B01,138Â 300Â 393,1.0
961721,201900003252,6,8,17:30,1,1,9,7.0,2.0,66050,RD 83,M,"42,7774000","2,9498000",66,2019,110.0,1.0,1.0,3.0,2149516,1.0,1,3,1,5.0,,0.0,0,1983.0,A01,138Â 300Â 391,2.0,6.0,-1.0,1641455,1.0,33,,3.0,2.0,1.0,A01,138Â 300Â 391,1.0
961721,201900003252,6,8,17:30,1,1,9,7.0,2.0,66050,RD 83,M,"42,7774000","2,9498000",66,2019,110.0,1.0,1.0,3.0,2149516,1.0,1,3,1,5.0,,0.0,0,1983.0,A01,138Â 300Â 391,2.0,6.0,-1.0,1641456,1.0,7,,0.0,0.0,6.0,B01,138Â 300Â 393,1.0
961721,201900003252,6,8,17:30,1,1,9,7.0,2.0,66050,RD 83,M,"42,7774000","2,9498000",66,2019,110.0,1.0,1.0,3.0,2149517,1.0,1,1,1,5.0,,0.0,0,1955.0,B01,138Â 300Â 393,1.0,-1.0,-1.0,1641455,1.0,33,,3.0,2.0,1.0,A01,138Â 300Â 391,1.0
961721,201900003252,6,8,17:30,1,1,9,7.0,2.0,66050,RD 83,M,"42,7774000","2,9498000",66,2019,110.0,1.0,1.0,3.0,2149517,1.0,1,1,1,5.0,,0.0,0,1955.0,B01,138Â 300Â 393,1.0,-1.0,-1.0,1641456,1.0,7,,0.0,0.0,6.0,B01,138Â 300Â 393,1.0
961722,201900003253,8,9,17:30,1,1,1,1.0,6.0,88438,Route de Saint-Die,M,"48,3294140","6,8117120",88,2019,80.0,3.0,1.0,3.0,2149518,1.0,1,3,2,1.0,,0.0,0,1958.0,A01,138Â 300Â 390,2.0,6.0,9.0,1641457,0.0,31,,13.0,0.0,1.0,A01,138Â 300Â 390,1.0
961723,201900003254,6,16,15:30,1,1,1,1.0,3.0,34095,Route DÃ©partementale 613,M,"43,5293600","3,7458430",34,2019,80.0,1.0,1.0,3.0,2149519,1.0,1,4,2,5.0,,0.0,0,1968.0,A01,138Â 300Â 387,1.0,-1.0,-1.0,1641458,2.0,7,,3.0,2.0,8.0,A01,138Â 300Â 387,1.0
961723,201900003254,6,16,15:30,1,1,1,1.0,3.0,34095,Route DÃ©partementale 613,M,"43,5293600","3,7458430",34,2019,80.0,1.0,1.0,3.0,2149519,1.0,1,4,2,5.0,,0.0,0,1968.0,A01,138Â 300Â 387,1.0,-1.0,-1.0,1641459,1.0,7,,0.0,2.0,1.0,B01,138Â 300Â 389,1.0
961723,201900003254,6,16,15:30,1,1,1,1.0,3.0,34095,Route DÃ©partementale 613,M,"43,5293600","3,7458430",34,2019,80.0,1.0,1.0,3.0,2149520,1.0,1,4,1,5.0,,0.0,0,1976.0,B01,138Â 300Â 389,1.0,-1.0,-1.0,1641458,2.0,7,,3.0,2.0,8.0,A01,138Â 300Â 387,1.0
961723,201900003254,6,16,15:30,1,1,1,1.0,3.0,34095,Route DÃ©partementale 613,M,"43,5293600","3,7458430",34,2019,80.0,1.0,1.0,3.0,2149520,1.0,1,4,1,5.0,,0.0,0,1976.0,B01,138Â 300Â 389,1.0,-1.0,-1.0,1641459,1.0,7,,0.0,2.0,1.0,B01,138Â 300Â 389,1.0
961724,201900003255,10,21,18:15,5,2,1,3.0,3.0,68082,39 Rue de la Gare,M,"47,8674530","7,3382680",68,2019,50.0,1.0,2.0,3.0,2149521,1.0,1,4,1,5.0,,0.0,0,1961.0,B01,138Â 300Â 386,8.0,-1.0,-1.0,1641460,1.0,7,,0.0,2.0,3.0,B01,138Â 300Â 386,1.0
961724,201900003255,10,21,18:15,5,2,1,3.0,3.0,68082,39 Rue de la Gare,M,"47,8674530","7,3382680",68,2019,50.0,1.0,2.0,3.0,2149521,1.0,1,4,1,5.0,,0.0,0,1961.0,B01,138Â 300Â 386,8.0,-1.0,-1.0,1641461,2.0,7,,0.0,2.0,2.0,A01,138Â 300Â 388,1.0
961724,201900003255,10,21,18:15,5,2,1,3.0,3.0,68082,39 Rue de la Gare,M,"47,8674530","7,3382680",68,2019,50.0,1.0,2.0,3.0,2149522,9.0,2,1,1,4.0,,0.0,0,1994.0,A01,138Â 300Â 388,1.0,-1.0,-1.0,1641460,1.0,7,,0.0,2.0,3.0,B01,138Â 300Â 386,1.0
961724,201900003255,10,21,18:15,5,2,1,3.0,3.0,68082,39 Rue de la Gare,M,"47,8674530","7,3382680",68,2019,50.0,1.0,2.0,3.0,2149522,9.0,2,1,1,4.0,,0.0,0,1994.0,A01,138Â 300Â 388,1.0,-1.0,-1.0,1641461,2.0,7,,0.0,2.0,2.0,A01,138Â 300Â 388,1.0
961724,201900003255,10,21,18:15,5,2,1,3.0,3.0,68082,39 Rue de la Gare,M,"47,8674530","7,3382680",68,2019,50.0,1.0,2.0,3.0,2149523,2.0,2,1,1,4.0,,0.0,0,1981.0,A01,138Â 300Â 388,1.0,-1.0,-1.0,1641460,1.0,7,,0.0,2.0,3.0,B01,138Â 300Â 386,1.0
961724,201900003255,10,21,18:15,5,2,1,3.0,3.0,68082,39 Rue de la Gare,M,"47,8674530","7,3382680",68,2019,50.0,1.0,2.0,3.0,2149523,2.0,2,1,1,4.0,,0.0,0,1981.0,A01,138Â 300Â 388,1.0,-1.0,-1.0,1641461,2.0,7,,0.0,2.0,2.0,A01,138Â 300Â 388,1.0
961724,201900003255,10,21,18:15,5,2,1,3.0,3.0,68082,39 Rue de la Gare,M,"47,8674530","7,3382680",68,2019,50.0,1.0,2.0,3.0,2149524,1.0,1,1,1,4.0,,0.0,0,1999.0,A01,138Â 300Â 388,1.0,-1.0,-1.0,1641460,1.0,7,,0.0,2.0,3.0,B01,138Â 300Â 386,1.0
961724,201900003255,10,21,18:15,5,2,1,3.0,3.0,68082,39 Rue de la Gare,M,"47,8674530","7,3382680",68,2019,50.0,1.0,2.0,3.0,2149524,1.0,1,1,1,4.0,,0.0,0,1999.0,A01,138Â 300Â 388,1.0,-1.0,-1.0,1641461,2.0,7,,0.0,2.0,2.0,A01,138Â 300Â 388,1.0
961725,201900003256,7,30,17:50,1,2,3,8.0,1.0,88358,26 Place de la LibÃ©ration,M,"48,1083330","6,5668530",88,2019,30.0,1.0,1.0,3.0,2149525,1.0,1,4,1,1.0,,0.0,0,1993.0,B01,138Â 300Â 384,2.0,-1.0,-1.0,1641462,2.0,1,,0.0,2.0,1.0,B01,138Â 300Â 384,5.0
961725,201900003256,7,30,17:50,1,2,3,8.0,1.0,88358,26 Place de la LibÃ©ration,M,"48,1083330","6,5668530",88,2019,30.0,1.0,1.0,3.0,2149525,1.0,1,4,1,1.0,,0.0,0,1993.0,B01,138Â 300Â 384,2.0,-1.0,-1.0,1641463,1.0,7,,0.0,2.0,3.0,A01,138Â 300Â 385,0.0
961725,201900003256,7,30,17:50,1,2,3,8.0,1.0,88358,26 Place de la LibÃ©ration,M,"48,1083330","6,5668530",88,2019,30.0,1.0,1.0,3.0,2149526,1.0,1,1,2,0.0,,0.0,0,1964.0,A01,138Â 300Â 385,1.0,-1.0,-1.0,1641462,2.0,1,,0.0,2.0,1.0,B01,138Â 300Â 384,5.0
961725,201900003256,7,30,17:50,1,2,3,8.0,1.0,88358,26 Place de la LibÃ©ration,M,"48,1083330","6,5668530",88,2019,30.0,1.0,1.0,3.0,2149526,1.0,1,1,2,0.0,,0.0,0,1964.0,A01,138Â 300Â 385,1.0,-1.0,-1.0,1641463,1.0,7,,0.0,2.0,3.0,A01,138Â 300Â 385,0.0
961726,201900003257,10,22,17:10,1,2,3,8.0,3.0,25463,1 Rue du GÃ©nÃ©ral Herr,M,"47,3821450","6,7730450",25,2019,50.0,1.0,1.0,3.0,2149527,1.0,1,1,1,0.0,,0.0,0,1999.0,B01,138Â 300Â 381,1.0,-1.0,-1.0,1641464,1.0,7,,0.0,2.0,1.0,B01,138Â 300Â 381,1.0
961726,201900003257,10,22,17:10,1,2,3,8.0,3.0,25463,1 Rue du GÃ©nÃ©ral Herr,M,"47,3821450","6,7730450",25,2019,50.0,1.0,1.0,3.0,2149527,1.0,1,1,1,0.0,,0.0,0,1999.0,B01,138Â 300Â 381,1.0,-1.0,-1.0,1641465,2.0,2,,0.0,2.0,7.0,A01,138Â 300Â 382,1.0
961726,201900003257,10,22,17:10,1,2,3,8.0,3.0,25463,1 Rue du GÃ©nÃ©ral Herr,M,"47,3821450","6,7730450",25,2019,50.0,1.0,1.0,3.0,2149528,1.0,1,3,1,5.0,,0.0,0,2004.0,A01,138Â 300Â 382,2.0,6.0,-1.0,1641464,1.0,7,,0.0,2.0,1.0,B01,138Â 300Â 381,1.0
961726,201900003257,10,22,17:10,1,2,3,8.0,3.0,25463,1 Rue du GÃ©nÃ©ral Herr,M,"47,3821450","6,7730450",25,2019,50.0,1.0,1.0,3.0,2149528,1.0,1,3,1,5.0,,0.0,0,2004.0,A01,138Â 300Â 382,2.0,6.0,-1.0,1641465,2.0,2,,0.0,2.0,7.0,A01,138Â 300Â 382,1.0
961727,201900003258,6,8,07:00,1,2,1,1.0,7.0,34270,Rue Jean Bene,M,"43,5751860","3,8609740",34,2019,50.0,1.0,1.0,4.0,2149529,1.0,1,3,1,1.0,,0.0,0,1991.0,A01,138Â 300Â 383,2.0,-1.0,-1.0,1641466,0.0,33,,0.0,2.0,1.0,A01,138Â 300Â 383,1.0
961728,201900003259,10,22,11:00,1,2,1,1.0,6.0,29184,Rue de Saint Pol de Leon,M,"48,6192075"," -3,9844450",29,2019,50.0,8.0,1.0,3.0,2149530,10.0,3,4,2,5.0,,2.0,2,1936.0,A01,138Â 300Â 379,0.0,-1.0,-1.0,1641467,1.0,7,,0.0,1.0,5.0,A01,138Â 300Â 379,1.0
961728,201900003259,10,22,11:00,1,2,1,1.0,6.0,29184,Rue de Saint Pol de Leon,M,"48,6192075"," -3,9844450",29,2019,50.0,8.0,1.0,3.0,2149531,1.0,1,1,1,5.0,,0.0,0,1971.0,A01,138Â 300Â 379,1.0,-1.0,-1.0,1641467,1.0,7,,0.0,1.0,5.0,A01,138Â 300Â 379,1.0
961729,201900003260,8,14,03:55,3,1,1,1.0,6.0,45332,Autoroute A77 - pk 041+300,M,"47,8652795","2,6942485",45,2019,130.0,3.0,1.0,1.0,2149532,1.0,1,3,1,4.0,,0.0,0,1998.0,A01,138Â 300Â 380,1.0,-1.0,-1.0,1641468,1.0,7,,3.0,0.0,9.0,A01,138Â 300Â 380,1.0
961730,201900003261,10,21,15:15,1,2,3,1.0,3.0,29076,AllÃ©e des Moulins,M,"48,4873720"," -4,5739400",29,2019,50.0,1.0,1.0,4.0,2149533,1.0,1,4,1,5.0,,0.0,0,1983.0,B01,138Â 300Â 376,1.0,-1.0,-1.0,1641469,3.0,7,,0.0,2.0,3.0,B01,138Â 300Â 376,1.0
961730,201900003261,10,21,15:15,1,2,3,1.0,3.0,29076,AllÃ©e des Moulins,M,"48,4873720"," -4,5739400",29,2019,50.0,1.0,1.0,4.0,2149533,1.0,1,4,1,5.0,,0.0,0,1983.0,B01,138Â 300Â 376,1.0,-1.0,-1.0,1641470,3.0,15,,0.0,2.0,3.0,A01,138Â 300Â 378,1.0
961730,201900003261,10,21,15:15,1,2,3,1.0,3.0,29076,AllÃ©e des Moulins,M,"48,4873720"," -4,5739400",29,2019,50.0,1.0,1.0,4.0,2149534,1.0,1,1,1,0.0,,0.0,0,1961.0,A01,138Â 300Â 378,1.0,-1.0,-1.0,1641469,3.0,7,,0.0,2.0,3.0,B01,138Â 300Â 376,1.0
961730,201900003261,10,21,15:15,1,2,3,1.0,3.0,29076,AllÃ©e des Moulins,M,"48,4873720"," -4,5739400",29,2019,50.0,1.0,1.0,4.0,2149534,1.0,1,1,1,0.0,,0.0,0,1961.0,A01,138Â 300Â 378,1.0,-1.0,-1.0,1641470,3.0,15,,0.0,2.0,3.0,A01,138Â 300Â 378,1.0
961731,201900003262,5,31,21:30,2,1,2,1.0,3.0,40227,Route de Commensacq,M,"44,2535260"," -0,8130980",40,2019,80.0,1.0,1.0,3.0,2149535,1.0,1,1,2,5.0,,0.0,0,1980.0,A01,138Â 300Â 375,1.0,-1.0,-1.0,1641471,3.0,7,,0.0,2.0,5.0,A01,138Â 300Â 375,1.0