Unnamed: 0_x,num_acc,mois,jour,hrmn,lum,agg,int,atm,col,com,adr,gps,lat,long,dep,annee,vma,situ,surf,catr,Unnamed: 0_y,place,catu,grav,sexe,trajet,secu,locp,actp,an_nais,num_veh_x,id_vehicule_x,secu1,secu2,secu3,Unnamed: 0,senc,catv,occutc,obs,obsm,choc,num_veh_y,id_vehicule_y,motor
961731,201900003262,5,31,21:30,2,1,2,1.0,3.0,40227,Route de Commensacq,M,"44,2535260"," -0,8130980",40,2019,80.0,1.0,1.0,3.0,2149535,1.0,1,1,2,5.0,,0.0,0,1980.0,A01,138Â 300Â 375,1.0,-1.0,-1.0,1641472,1.0,7,,0.0,2.0,3.0,B01,138Â 300Â 377,1.0
961731,201900003262,5,31,21:30,2,1,2,1.0,3.0,40227,Route de Commensacq,M,"44,2535260"," -0,8130980",40,2019,80.0,1.0,1.0,3.0,2149536,4.0,2,1,1,5.0,,0.0,0,1989.0,B01,138Â 300Â 377,1.0,-1.0,-1.0,1641471,3.0,7,,0.0,2.0,5.0,A01,138Â 300Â 375,1.0
961731,201900003262,5,31,21:30,2,1,2,1.0,3.0,40227,Route de Commensacq,M,"44,2535260"," -0,8130980",40,2019,80.0,1.0,1.0,3.0,2149536,4.0,2,1,1,5.0,,0.0,0,1989.0,B01,138Â 300Â 377,1.0,-1.0,-1.0,1641472,1.0,7,,0.0,2.0,3.0,B01,138Â 300Â 377,1.0
961731,201900003262,5,31,21:30,2,1,2,1.0,3.0,40227,Route de Commensacq,M,"44,2535260"," -0,8130980",40,2019,80.0,1.0,1.0,3.0,2149537,3.0,2,1,2,5.0,,0.0,0,1966.0,B01,138Â 300Â 377,1.0,-1.0,-1.0,1641471,3.0,7,,0.0,2.0,5.0,A01,138Â 300Â 375,1.0
961731,201900003262,5,31,21:30,2,1,2,1.0,3.0,40227,Route de Commensacq,M,"44,2535260"," -0,8130980",40,2019,80.0,1.0,1.0,3.0,2149537,3.0,2,1,2,5.0,,0.0,0,1966.0,B01,138Â 300Â 377,1.0,-1.0,-1.0,1641472,1.0,7,,0.0,2.0,3.0,B01,138Â 300Â 377,1.0
961731,201900003262,5,31,21:30,2,1,2,1.0,3.0,40227,Route de Commensacq,M,"44,2535260"," -0,8130980",40,2019,80.0,1.0,1.0,3.0,2149538,2.0,2,4,2,5.0,,0.0,0,1959.0,B01,138Â 300Â 377,1.0,-1.0,-1.0,1641471,3.0,7,,0.0,2.0,5.0,A01,138Â 300Â 375,1.0
961731,201900003262,5,31,21:30,2,1,2,1.0,3.0,40227,Route de Commensacq,M,"44,2535260"," -0,8130980",40,2019,80.0,1.0,1.0,3.0,2149538,2.0,2,4,2,5.0,,0.0,0,1959.0,B01,138Â 300Â 377,1.0,-1.0,-1.0,1641472,1.0,7,,0.0,2.0,3.0,B01,138Â 300Â 377,1.0
961731,201900003262,5,31,21:30,2,1,2,1.0,3.0,40227,Route de Commensacq,M,"44,2535260"," -0,8130980",40,2019,80.0,1.0,1.0,3.0,2149539,1.0,1,1,2,5.0,,0.0,0,1962.0,B01,138Â 300Â 377,1.0,-1.0,-1.0,1641471,3.0,7,,0.0,2.0,5.0,A01,138Â 300Â 375,1.0
961731,201900003262,5,31,21:30,2,1,2,1.0,3.0,40227,Route de Commensacq,M,"44,2535260"," -0,8130980",40,2019,80.0,1.0,1.0,3.0,2149539,1.0,1,1,2,5.0,,0.0,0,1962.0,B01,138Â 300Â 377,1.0,-1.0,-1.0,1641472,1.0,7,,0.0,2.0,3.0,B01,138Â 300Â 377,1.0
961732,201900003263,8,17,04:00,4,1,1,1.0,6.0,38193,Boulevard de l'Isle d'Abeau,M,"45,6112900","5,2208800",38,2019,80.0,3.0,1.0,3.0,2149540,1.0,1,3,1,5.0,,0.0,0,2001.0,A01,138Â 300Â 374,1.0,-1.0,-1.0,1641473,1.0,7,,4.0,0.0,3.0,A01,138Â 300Â 374,1.0
961732,201900003263,8,17,04:00,4,1,1,1.0,6.0,38193,Boulevard de l'Isle d'Abeau,M,"45,6112900","5,2208800",38,2019,80.0,3.0,1.0,3.0,2149541,9.0,2,3,2,5.0,,0.0,0,2002.0,A01,138Â 300Â 374,1.0,-1.0,-1.0,1641473,1.0,7,,4.0,0.0,3.0,A01,138Â 300Â 374,1.0
961732,201900003263,8,17,04:00,4,1,1,1.0,6.0,38193,Boulevard de l'Isle d'Abeau,M,"45,6112900","5,2208800",38,2019,80.0,3.0,1.0,3.0,2149542,8.0,2,2,2,5.0,,0.0,0,2002.0,A01,138Â 300Â 374,0.0,-1.0,-1.0,1641473,1.0,7,,4.0,0.0,3.0,A01,138Â 300Â 374,1.0
961732,201900003263,8,17,04:00,4,1,1,1.0,6.0,38193,Boulevard de l'Isle d'Abeau,M,"45,6112900","5,2208800",38,2019,80.0,3.0,1.0,3.0,2149543,2.0,2,3,1,5.0,,0.0,0,2001.0,A01,138Â 300Â 374,1.0,-1.0,-1.0,1641473,1.0,7,,4.0,0.0,3.0,A01,138Â 300Â 374,1.0
961732,201900003263,8,17,04:00,4,1,1,1.0,6.0,38193,Boulevard de l'Isle d'Abeau,M,"45,6112900","5,2208800",38,2019,80.0,3.0,1.0,3.0,2149544,7.0,2,3,2,5.0,,0.0,0,2001.0,A01,138Â 300Â 374,1.0,-1.0,-1.0,1641473,1.0,7,,4.0,0.0,3.0,A01,138Â 300Â 374,1.0
961733,201900003264,6,17,09:45,1,2,1,1.0,6.0,34309,Avenue de Vendargues,M,"43,6801890","3,9264200",34,2019,50.0,1.0,1.0,3.0,2149545,1.0,1,1,1,5.0,,0.0,0,1936.0,A01,138Â 300Â 373,1.0,-1.0,-1.0,1641474,0.0,7,,0.0,1.0,1.0,A01,138Â 300Â 373,1.0
961733,201900003264,6,17,09:45,1,2,1,1.0,6.0,34309,Avenue de Vendargues,M,"43,6801890","3,9264200",34,2019,50.0,1.0,1.0,3.0,2149546,10.0,3,4,2,5.0,,3.0,3,1951.0,A01,138Â 300Â 373,0.0,-1.0,-1.0,1641474,0.0,7,,0.0,1.0,1.0,A01,138Â 300Â 373,1.0
961734,201900003265,8,13,08:20,1,2,1,1.0,1.0,69244,Avenue Franklin Roosevelt,M,"45,7638100","4,7735220",69,2019,30.0,1.0,1.0,4.0,2149547,1.0,1,4,1,0.0,,0.0,0,1976.0,B01,138Â 300Â 370,2.0,-1.0,-1.0,1641475,3.0,1,,0.0,2.0,1.0,B01,138Â 300Â 370,5.0
961734,201900003265,8,13,08:20,1,2,1,1.0,1.0,69244,Avenue Franklin Roosevelt,M,"45,7638100","4,7735220",69,2019,30.0,1.0,1.0,4.0,2149547,1.0,1,4,1,0.0,,0.0,0,1976.0,B01,138Â 300Â 370,2.0,-1.0,-1.0,1641476,3.0,10,,0.0,9.0,1.0,A01,138Â 300Â 371,1.0
961735,201900003266,10,19,19:10,3,1,1,1.0,7.0,31585,D21,M,"43,1084020","0,6744160",31,2019,80.0,1.0,1.0,3.0,2149548,1.0,1,3,1,5.0,,0.0,0,1999.0,A01,138Â 300Â 372,0.0,-1.0,-1.0,1641477,1.0,7,,0.0,0.0,0.0,A01,138Â 300Â 372,1.0
961735,201900003266,10,19,19:10,3,1,1,1.0,7.0,31585,D21,M,"43,1084020","0,6744160",31,2019,80.0,1.0,1.0,3.0,2149549,9.0,2,1,1,5.0,,0.0,0,2001.0,A01,138Â 300Â 372,1.0,-1.0,-1.0,1641477,1.0,7,,0.0,0.0,0.0,A01,138Â 300Â 372,1.0
961735,201900003266,10,19,19:10,3,1,1,1.0,7.0,31585,D21,M,"43,1084020","0,6744160",31,2019,80.0,1.0,1.0,3.0,2149550,2.0,2,1,2,5.0,,0.0,0,2002.0,A01,138Â 300Â 372,1.0,-1.0,-1.0,1641477,1.0,7,,0.0,0.0,0.0,A01,138Â 300Â 372,1.0
961736,201900003267,8,14,10:55,1,2,1,1.0,6.0,06152,14 Avenue Saint-Roch,M,"43,6404590","7,0069490",6,2019,50.0,1.0,1.0,3.0,2149551,1.0,1,1,1,5.0,,0.0,0,1968.0,A01,138Â 300Â 367,1.0,-1.0,-1.0,1641478,0.0,7,,0.0,1.0,7.0,A01,138Â 300Â 367,1.0
961736,201900003267,8,14,10:55,1,2,1,1.0,6.0,06152,14 Avenue Saint-Roch,M,"43,6404590","7,0069490",6,2019,50.0,1.0,1.0,3.0,2149552,10.0,3,4,2,5.0,,3.0,3,1941.0,A01,138Â 300Â 367,0.0,-1.0,-1.0,1641478,0.0,7,,0.0,1.0,7.0,A01,138Â 300Â 367,1.0
961737,201900003268,10,17,12:00,1,1,9,1.0,1.0,02032,6 Route de la Guinguette,M,"49,7787660","3,1149640",2,2019,80.0,1.0,1.0,3.0,2149553,1.0,1,1,1,5.0,,0.0,0,1953.0,A01,138Â 300Â 366,1.0,-1.0,-1.0,1641479,1.0,7,,0.0,2.0,1.0,A01,138Â 300Â 366,1.0
961737,201900003268,10,17,12:00,1,1,9,1.0,1.0,02032,6 Route de la Guinguette,M,"49,7787660","3,1149640",2,2019,80.0,1.0,1.0,3.0,2149553,1.0,1,1,1,5.0,,0.0,0,1953.0,A01,138Â 300Â 366,1.0,-1.0,-1.0,1641480,2.0,33,,0.0,2.0,1.0,B01,138Â 300Â 368,1.0
961737,201900003268,10,17,12:00,1,1,9,1.0,1.0,02032,6 Route de la Guinguette,M,"49,7787660","3,1149640",2,2019,80.0,1.0,1.0,3.0,2149554,1.0,1,3,1,5.0,,0.0,0,1996.0,B01,138Â 300Â 368,2.0,-1.0,-1.0,1641479,1.0,7,,0.0,2.0,1.0,A01,138Â 300Â 366,1.0
961737,201900003268,10,17,12:00,1,1,9,1.0,1.0,02032,6 Route de la Guinguette,M,"49,7787660","3,1149640",2,2019,80.0,1.0,1.0,3.0,2149554,1.0,1,3,1,5.0,,0.0,0,1996.0,B01,138Â 300Â 368,2.0,-1.0,-1.0,1641480,2.0,33,,0.0,2.0,1.0,B01,138Â 300Â 368,1.0
961738,201900003269,6,17,18:05,1,2,6,1.0,6.0,34217,AllÃ©e des Platanes,M,"43,7007359","3,8622941",34,2019,50.0,1.0,1.0,3.0,2149555,10.0,3,2,1,5.0,,3.0,3,1925.0,A01,138Â 300Â 369,0.0,-1.0,-1.0,1641481,2.0,10,,0.0,1.0,1.0,A01,138Â 300Â 369,1.0
961738,201900003269,6,17,18:05,1,2,6,1.0,6.0,34217,AllÃ©e des Platanes,M,"43,7007359","3,8622941",34,2019,50.0,1.0,1.0,3.0,2149556,1.0,1,1,1,1.0,,0.0,0,1960.0,A01,138Â 300Â 369,1.0,-1.0,-1.0,1641481,2.0,10,,0.0,1.0,1.0,A01,138Â 300Â 369,1.0
961739,201900003270,8,16,15:10,1,1,9,1.0,7.0,42169,jourde,M,"45,4413910","4,1550890",42,2019,80.0,3.0,1.0,4.0,2149557,1.0,1,2,1,5.0,,0.0,0,1970.0,A01,138Â 300Â 365,2.0,9.0,-1.0,1641482,0.0,33,,0.0,0.0,7.0,A01,138Â 300Â 365,1.0
961740,201900003271,6,15,16:00,1,1,1,1.0,1.0,83073,Chemin de Bel Amant,M,"43,3446700","6,3404980",83,2019,30.0,1.0,1.0,4.0,2149558,1.0,1,3,1,5.0,,0.0,0,2002.0,A01,138Â 300Â 362,2.0,-1.0,-1.0,1641483,3.0,2,,1.0,1.0,1.0,A01,138Â 300Â 362,1.0
961740,201900003271,6,15,16:00,1,1,1,1.0,1.0,83073,Chemin de Bel Amant,M,"43,3446700","6,3404980",83,2019,30.0,1.0,1.0,4.0,2149558,1.0,1,3,1,5.0,,0.0,0,2002.0,A01,138Â 300Â 362,2.0,-1.0,-1.0,1641484,0.0,7,,0.0,2.0,3.0,B01,138Â 300Â 364,1.0
961740,201900003271,6,15,16:00,1,1,1,1.0,1.0,83073,Chemin de Bel Amant,M,"43,3446700","6,3404980",83,2019,30.0,1.0,1.0,4.0,2149559,10.0,3,3,1,0.0,,1.0,3,2003.0,A01,138Â 300Â 362,0.0,-1.0,-1.0,1641483,3.0,2,,1.0,1.0,1.0,A01,138Â 300Â 362,1.0
961740,201900003271,6,15,16:00,1,1,1,1.0,1.0,83073,Chemin de Bel Amant,M,"43,3446700","6,3404980",83,2019,30.0,1.0,1.0,4.0,2149559,10.0,3,3,1,0.0,,1.0,3,2003.0,A01,138Â 300Â 362,0.0,-1.0,-1.0,1641484,0.0,7,,0.0,2.0,3.0,B01,138Â 300Â 364,1.0
961740,201900003271,6,15,16:00,1,1,1,1.0,1.0,83073,Chemin de Bel Amant,M,"43,3446700","6,3404980",83,2019,30.0,1.0,1.0,4.0,2149560,10.0,3,1,1,5.0,,6.0,9,2000.0,B01,138Â 300Â 364,0.0,-1.0,-1.0,1641483,3.0,2,,1.0,1.0,1.0,A01,138Â 300Â 362,1.0
961740,201900003271,6,15,16:00,1,1,1,1.0,1.0,83073,Chemin de Bel Amant,M,"43,3446700","6,3404980",83,2019,30.0,1.0,1.0,4.0,2149560,10.0,3,1,1,5.0,,6.0,9,2000.0,B01,138Â 300Â 364,0.0,-1.0,-1.0,1641484,0.0,7,,0.0,2.0,3.0,B01,138Â 300Â 364,1.0
961741,201900003272,8,15,08:30,1,1,1,1.0,6.0,82037,A20,M,"44,1917090","1,5364160",82,2019,130.0,3.0,1.0,1.0,2149561,1.0,1,3,1,5.0,,0.0,0,1961.0,A01,138Â 300Â 361,8.0,-1.0,-1.0,1641485,2.0,7,,13.0,0.0,3.0,A01,138Â 300Â 361,1.0
961742,201900003273,10,23,16:00,1,1,1,1.0,7.0,50185,3 Route du Petit Pont,M,"48,8419630"," -1,2472360",50,2019,80.0,3.0,1.0,3.0,2149562,1.0,1,2,1,5.0,,0.0,0,1930.0,A01,138Â 300Â 360,1.0,-1.0,-1.0,1641486,3.0,7,,13.0,0.0,1.0,A01,138Â 300Â 360,1.0
961743,201900003274,6,3,08:30,1,2,1,1.0,6.0,83073,Avenue Pablo Picasso,M,"43,3975190","6,3084550",83,2019,50.0,1.0,1.0,4.0,2149563,1.0,1,1,1,1.0,,0.0,0,1965.0,A01,138Â 300Â 359,1.0,-1.0,-1.0,1641487,1.0,7,,0.0,1.0,3.0,A01,138Â 300Â 359,1.0
961743,201900003274,6,3,08:30,1,2,1,1.0,6.0,83073,Avenue Pablo Picasso,M,"43,3975190","6,3084550",83,2019,50.0,1.0,1.0,4.0,2149564,10.0,3,4,2,5.0,,1.0,3,1988.0,A01,138Â 300Â 359,0.0,-1.0,-1.0,1641487,1.0,7,,0.0,1.0,3.0,A01,138Â 300Â 359,1.0
961743,201900003274,6,3,08:30,1,2,1,1.0,6.0,83073,Avenue Pablo Picasso,M,"43,3975190","6,3084550",83,2019,50.0,1.0,1.0,4.0,2149565,10.0,3,4,2,5.0,,1.0,3,2016.0,A01,138Â 300Â 359,0.0,-1.0,-1.0,1641487,1.0,7,,0.0,1.0,3.0,A01,138Â 300Â 359,1.0
961743,201900003274,6,3,08:30,1,2,1,1.0,6.0,83073,Avenue Pablo Picasso,M,"43,3975190","6,3084550",83,2019,50.0,1.0,1.0,4.0,2149566,10.0,3,4,1,5.0,,1.0,3,1986.0,A01,138Â 300Â 359,0.0,-1.0,-1.0,1641487,1.0,7,,0.0,1.0,3.0,A01,138Â 300Â 359,1.0
961744,201900003275,8,17,11:35,1,1,1,1.0,3.0,68309,A 35 - PK 113+100,M,"47,6739460","7,4688970",68,2019,130.0,1.0,1.0,1.0,2149567,1.0,1,1,2,1.0,,0.0,0,1999.0,B01,138Â 300Â 356,1.0,-1.0,-1.0,1641488,1.0,7,,3.0,0.0,3.0,B01,138Â 300Â 356,1.0
961744,201900003275,8,17,11:35,1,1,1,1.0,3.0,68309,A 35 - PK 113+100,M,"47,6739460","7,4688970",68,2019,130.0,1.0,1.0,1.0,2149567,1.0,1,1,2,1.0,,0.0,0,1999.0,B01,138Â 300Â 356,1.0,-1.0,-1.0,1641489,1.0,7,,3.0,2.0,5.0,A01,138Â 300Â 358,1.0
961744,201900003275,8,17,11:35,1,1,1,1.0,3.0,68309,A 35 - PK 113+100,M,"47,6739460","7,4688970",68,2019,130.0,1.0,1.0,1.0,2149568,3.0,2,4,2,5.0,,0.0,0,2002.0,A01,138Â 300Â 358,1.0,-1.0,-1.0,1641488,1.0,7,,3.0,0.0,3.0,B01,138Â 300Â 356,1.0
961744,201900003275,8,17,11:35,1,1,1,1.0,3.0,68309,A 35 - PK 113+100,M,"47,6739460","7,4688970",68,2019,130.0,1.0,1.0,1.0,2149568,3.0,2,4,2,5.0,,0.0,0,2002.0,A01,138Â 300Â 358,1.0,-1.0,-1.0,1641489,1.0,7,,3.0,2.0,5.0,A01,138Â 300Â 358,1.0
961744,201900003275,8,17,11:35,1,1,1,1.0,3.0,68309,A 35 - PK 113+100,M,"47,6739460","7,4688970",68,2019,130.0,1.0,1.0,1.0,2149569,1.0,1,4,1,5.0,,0.0,0,1997.0,A01,138Â 300Â 358,1.0,-1.0,-1.0,1641488,1.0,7,,3.0,0.0,3.0,B01,138Â 300Â 356,1.0
961744,201900003275,8,17,11:35,1,1,1,1.0,3.0,68309,A 35 - PK 113+100,M,"47,6739460","7,4688970",68,2019,130.0,1.0,1.0,1.0,2149569,1.0,1,4,1,5.0,,0.0,0,1997.0,A01,138Â 300Â 358,1.0,-1.0,-1.0,1641489,1.0,7,,3.0,2.0,5.0,A01,138Â 300Â 358,1.0
961744,201900003275,8,17,11:35,1,1,1,1.0,3.0,68309,A 35 - PK 113+100,M,"47,6739460","7,4688970",68,2019,130.0,1.0,1.0,1.0,2149570,4.0,2,1,1,5.0,,0.0,0,2000.0,A01,138Â 300Â 358,1.0,-1.0,-1.0,1641488,1.0,7,,3.0,0.0,3.0,B01,138Â 300Â 356,1.0
961744,201900003275,8,17,11:35,1,1,1,1.0,3.0,68309,A 35 - PK 113+100,M,"47,6739460","7,4688970",68,2019,130.0,1.0,1.0,1.0,2149570,4.0,2,1,1,5.0,,0.0,0,2000.0,A01,138Â 300Â 358,1.0,-1.0,-1.0,1641489,1.0,7,,3.0,2.0,5.0,A01,138Â 300Â 358,1.0
961744,201900003275,8,17,11:35,1,1,1,1.0,3.0,68309,A 35 - PK 113+100,M,"47,6739460","7,4688970",68,2019,130.0,1.0,1.0,1.0,2149571,2.0,2,4,2,5.0,,0.0,0,1997.0,A01,138Â 300Â 358,1.0,-1.0,-1.0,1641488,1.0,7,,3.0,0.0,3.0,B01,138Â 300Â 356,1.0
961744,201900003275,8,17,11:35,1,1,1,1.0,3.0,68309,A 35 - PK 113+100,M,"47,6739460","7,4688970",68,2019,130.0,1.0,1.0,1.0,2149571,2.0,2,4,2,5.0,,0.0,0,1997.0,A01,138Â 300Â 358,1.0,-1.0,-1.0,1641489,1.0,7,,3.0,2.0,5.0,A01,138Â 300Â 358,1.0
961745,201900003276,10,22,20:10,3,1,1,1.0,2.0,50239,Rue de Bohon,M,"49,1363240"," -1,1760870",50,2019,110.0,1.0,1.0,2.0,2149572,1.0,1,1,1,4.0,,0.0,0,1992.0,B01,138Â 300Â 355,1.0,-1.0,-1.0,1641490,2.0,17,,0.0,2.0,4.0,B01,138Â 300Â 355,1.0
961745,201900003276,10,22,20:10,3,1,1,1.0,2.0,50239,Rue de Bohon,M,"49,1363240"," -1,1760870",50,2019,110.0,1.0,1.0,2.0,2149572,1.0,1,1,1,4.0,,0.0,0,1992.0,B01,138Â 300Â 355,1.0,-1.0,-1.0,1641491,2.0,7,,0.0,2.0,1.0,A01,138Â 300Â 357,1.0
961745,201900003276,10,22,20:10,3,1,1,1.0,2.0,50239,Rue de Bohon,M,"49,1363240"," -1,1760870",50,2019,110.0,1.0,1.0,2.0,2149573,1.0,1,3,1,5.0,,0.0,0,1983.0,A01,138Â 300Â 357,1.0,-1.0,-1.0,1641490,2.0,17,,0.0,2.0,4.0,B01,138Â 300Â 355,1.0
961745,201900003276,10,22,20:10,3,1,1,1.0,2.0,50239,Rue de Bohon,M,"49,1363240"," -1,1760870",50,2019,110.0,1.0,1.0,2.0,2149573,1.0,1,3,1,5.0,,0.0,0,1983.0,A01,138Â 300Â 357,1.0,-1.0,-1.0,1641491,2.0,7,,0.0,2.0,1.0,A01,138Â 300Â 357,1.0
961746,201900003277,6,8,08:55,1,1,1,1.0,3.0,83140,,M,"43,4080660","5,9136630",83,2019,90.0,1.0,1.0,3.0,2149574,1.0,1,1,1,5.0,,0.0,0,1944.0,A01,138Â 300Â 351,1.0,-1.0,-1.0,1641492,1.0,7,,0.0,2.0,3.0,A01,138Â 300Â 351,1.0
961746,201900003277,6,8,08:55,1,1,1,1.0,3.0,83140,,M,"43,4080660","5,9136630",83,2019,90.0,1.0,1.0,3.0,2149574,1.0,1,1,1,5.0,,0.0,0,1944.0,A01,138Â 300Â 351,1.0,-1.0,-1.0,1641493,1.0,33,,1.0,2.0,7.0,B01,138Â 300Â 354,1.0
961746,201900003277,6,8,08:55,1,1,1,1.0,3.0,83140,,M,"43,4080660","5,9136630",83,2019,90.0,1.0,1.0,3.0,2149575,1.0,1,3,2,5.0,,0.0,0,1971.0,B01,138Â 300Â 354,2.0,6.0,9.0,1641492,1.0,7,,0.0,2.0,3.0,A01,138Â 300Â 351,1.0
961746,201900003277,6,8,08:55,1,1,1,1.0,3.0,83140,,M,"43,4080660","5,9136630",83,2019,90.0,1.0,1.0,3.0,2149575,1.0,1,3,2,5.0,,0.0,0,1971.0,B01,138Â 300Â 354,2.0,6.0,9.0,1641493,1.0,33,,1.0,2.0,7.0,B01,138Â 300Â 354,1.0
961747,201900003278,6,17,21:30,3,1,1,1.0,7.0,62792,route de saint omer,M,"50,8080620","2,2252950",62,2019,70.0,1.0,1.0,3.0,2149576,1.0,1,3,1,5.0,,0.0,0,1979.0,A01,138Â 300Â 349,2.0,-1.0,-1.0,1641494,2.0,2,,0.0,0.0,0.0,A01,138Â 300Â 349,1.0
961748,201900003279,10,21,14:20,1,1,1,1.0,1.0,09159,RN 20 ,M,"42,7702350","1,7339740",9,2019,80.0,1.0,1.0,2.0,2149577,1.0,1,2,2,3.0,,0.0,0,1999.0,A01,138Â 300Â 350,1.0,-1.0,-1.0,1641495,2.0,7,,0.0,2.0,1.0,A01,138Â 300Â 350,1.0
961748,201900003279,10,21,14:20,1,1,1,1.0,1.0,09159,RN 20 ,M,"42,7702350","1,7339740",9,2019,80.0,1.0,1.0,2.0,2149577,1.0,1,2,2,3.0,,0.0,0,1999.0,A01,138Â 300Â 350,1.0,-1.0,-1.0,1641496,1.0,14,,0.0,2.0,1.0,B01,138Â 300Â 353,1.0
961748,201900003279,10,21,14:20,1,1,1,1.0,1.0,09159,RN 20 ,M,"42,7702350","1,7339740",9,2019,80.0,1.0,1.0,2.0,2149578,1.0,1,1,1,4.0,,0.0,0,1956.0,B01,138Â 300Â 353,1.0,-1.0,-1.0,1641495,2.0,7,,0.0,2.0,1.0,A01,138Â 300Â 350,1.0
961748,201900003279,10,21,14:20,1,1,1,1.0,1.0,09159,RN 20 ,M,"42,7702350","1,7339740",9,2019,80.0,1.0,1.0,2.0,2149578,1.0,1,1,1,4.0,,0.0,0,1956.0,B01,138Â 300Â 353,1.0,-1.0,-1.0,1641496,1.0,14,,0.0,2.0,1.0,B01,138Â 300Â 353,1.0
961749,201900003280,8,16,12:45,1,1,1,1.0,3.0,89208,Autoroute A6 - PK 192+800,M,"47,6438002","3,9070528",89,2019,130.0,1.0,1.0,1.0,2149579,7.0,2,4,2,5.0,,0.0,0,2006.0,A01,138Â 300Â 347,0.0,-1.0,-1.0,1641497,2.0,10,,3.0,2.0,5.0,A01,138Â 300Â 347,1.0
961749,201900003280,8,16,12:45,1,1,1,1.0,3.0,89208,Autoroute A6 - PK 192+800,M,"47,6438002","3,9070528",89,2019,130.0,1.0,1.0,1.0,2149579,7.0,2,4,2,5.0,,0.0,0,2006.0,A01,138Â 300Â 347,0.0,-1.0,-1.0,1641498,2.0,7,,0.0,2.0,1.0,B01,138Â 300Â 348,1.0
961749,201900003280,8,16,12:45,1,1,1,1.0,3.0,89208,Autoroute A6 - PK 192+800,M,"47,6438002","3,9070528",89,2019,130.0,1.0,1.0,1.0,2149580,1.0,1,1,2,5.0,,0.0,0,1968.0,A01,138Â 300Â 347,1.0,-1.0,-1.0,1641497,2.0,10,,3.0,2.0,5.0,A01,138Â 300Â 347,1.0
961749,201900003280,8,16,12:45,1,1,1,1.0,3.0,89208,Autoroute A6 - PK 192+800,M,"47,6438002","3,9070528",89,2019,130.0,1.0,1.0,1.0,2149580,1.0,1,1,2,5.0,,0.0,0,1968.0,A01,138Â 300Â 347,1.0,-1.0,-1.0,1641498,2.0,7,,0.0,2.0,1.0,B01,138Â 300Â 348,1.0
961749,201900003280,8,16,12:45,1,1,1,1.0,3.0,89208,Autoroute A6 - PK 192+800,M,"47,6438002","3,9070528",89,2019,130.0,1.0,1.0,1.0,2149581,2.0,2,4,1,5.0,,0.0,0,1954.0,A01,138Â 300Â 347,1.0,-1.0,-1.0,1641497,2.0,10,,3.0,2.0,5.0,A01,138Â 300Â 347,1.0
961749,201900003280,8,16,12:45,1,1,1,1.0,3.0,89208,Autoroute A6 - PK 192+800,M,"47,6438002","3,9070528",89,2019,130.0,1.0,1.0,1.0,2149581,2.0,2,4,1,5.0,,0.0,0,1954.0,A01,138Â 300Â 347,1.0,-1.0,-1.0,1641498,2.0,7,,0.0,2.0,1.0,B01,138Â 300Â 348,1.0
961749,201900003280,8,16,12:45,1,1,1,1.0,3.0,89208,Autoroute A6 - PK 192+800,M,"47,6438002","3,9070528",89,2019,130.0,1.0,1.0,1.0,2149582,4.0,2,3,1,5.0,,0.0,0,2003.0,A01,138Â 300Â 347,0.0,-1.0,-1.0,1641497,2.0,10,,3.0,2.0,5.0,A01,138Â 300Â 347,1.0
961749,201900003280,8,16,12:45,1,1,1,1.0,3.0,89208,Autoroute A6 - PK 192+800,M,"47,6438002","3,9070528",89,2019,130.0,1.0,1.0,1.0,2149582,4.0,2,3,1,5.0,,0.0,0,2003.0,A01,138Â 300Â 347,0.0,-1.0,-1.0,1641498,2.0,7,,0.0,2.0,1.0,B01,138Â 300Â 348,1.0
961749,201900003280,8,16,12:45,1,1,1,1.0,3.0,89208,Autoroute A6 - PK 192+800,M,"47,6438002","3,9070528",89,2019,130.0,1.0,1.0,1.0,2149583,2.0,2,1,2,5.0,,0.0,0,1991.0,B01,138Â 300Â 348,1.0,-1.0,-1.0,1641497,2.0,10,,3.0,2.0,5.0,A01,138Â 300Â 347,1.0
961749,201900003280,8,16,12:45,1,1,1,1.0,3.0,89208,Autoroute A6 - PK 192+800,M,"47,6438002","3,9070528",89,2019,130.0,1.0,1.0,1.0,2149583,2.0,2,1,2,5.0,,0.0,0,1991.0,B01,138Â 300Â 348,1.0,-1.0,-1.0,1641498,2.0,7,,0.0,2.0,1.0,B01,138Â 300Â 348,1.0
961749,201900003280,8,16,12:45,1,1,1,1.0,3.0,89208,Autoroute A6 - PK 192+800,M,"47,6438002","3,9070528",89,2019,130.0,1.0,1.0,1.0,2149584,1.0,1,1,1,5.0,,0.0,0,1991.0,B01,138Â 300Â 348,1.0,-1.0,-1.0,1641497,2.0,10,,3.0,2.0,5.0,A01,138Â 300Â 347,1.0
961749,201900003280,8,16,12:45,1,1,1,1.0,3.0,89208,Autoroute A6 - PK 192+800,M,"47,6438002","3,9070528",89,2019,130.0,1.0,1.0,1.0,2149584,1.0,1,1,1,5.0,,0.0,0,1991.0,B01,138Â 300Â 348,1.0,-1.0,-1.0,1641498,2.0,7,,0.0,2.0,1.0,B01,138Â 300Â 348,1.0