Unnamed: 0_x,num_acc,mois,jour,hrmn,lum,agg,int,atm,col,com,adr,gps,lat,long,dep,annee,vma,situ,surf,catr,Unnamed: 0_y,place,catu,grav,sexe,trajet,secu,locp,actp,an_nais,num_veh_x,id_vehicule_x,secu1,secu2,secu3,Unnamed: 0,senc,catv,occutc,obs,obsm,choc,num_veh_y,id_vehicule_y,motor
961750,201900003281,6,17,09:00,1,2,1,1.0,2.0,57038,Quartier Saint-Larent,M,"49,4728790","5,9563230",57,2019,50.0,1.0,1.0,4.0,2149585,1.0,1,4,1,5.0,,0.0,0,1962.0,B01,138Â 300Â 344,1.0,-1.0,-1.0,1641499,3.0,7,,0.0,0.0,4.0,B01,138Â 300Â 344,1.0
961750,201900003281,6,17,09:00,1,2,1,1.0,2.0,57038,Quartier Saint-Larent,M,"49,4728790","5,9563230",57,2019,50.0,1.0,1.0,4.0,2149585,1.0,1,4,1,5.0,,0.0,0,1962.0,B01,138Â 300Â 344,1.0,-1.0,-1.0,1641500,3.0,7,,1.0,0.0,1.0,A01,138Â 300Â 346,1.0
961750,201900003281,6,17,09:00,1,2,1,1.0,2.0,57038,Quartier Saint-Larent,M,"49,4728790","5,9563230",57,2019,50.0,1.0,1.0,4.0,2149586,1.0,1,1,1,1.0,,0.0,0,1984.0,A01,138Â 300Â 346,1.0,-1.0,-1.0,1641499,3.0,7,,0.0,0.0,4.0,B01,138Â 300Â 344,1.0
961750,201900003281,6,17,09:00,1,2,1,1.0,2.0,57038,Quartier Saint-Larent,M,"49,4728790","5,9563230",57,2019,50.0,1.0,1.0,4.0,2149586,1.0,1,1,1,1.0,,0.0,0,1984.0,A01,138Â 300Â 346,1.0,-1.0,-1.0,1641500,3.0,7,,1.0,0.0,1.0,A01,138Â 300Â 346,1.0
961751,201900003282,10,23,19:40,3,1,9,1.0,1.0,60254,La Ferme de Fresnel,M,"49,4448050","2,6564990",60,2019,-1.0,1.0,9.0,9.0,2149587,1.0,1,4,2,9.0,,0.0,0,1974.0,A01,138Â 300Â 343,1.0,-1.0,-1.0,1641501,2.0,7,,0.0,2.0,1.0,A01,138Â 300Â 343,1.0
961751,201900003282,10,23,19:40,3,1,9,1.0,1.0,60254,La Ferme de Fresnel,M,"49,4448050","2,6564990",60,2019,-1.0,1.0,9.0,9.0,2149587,1.0,1,4,2,9.0,,0.0,0,1974.0,A01,138Â 300Â 343,1.0,-1.0,-1.0,1641502,2.0,10,,0.0,2.0,1.0,B01,138Â 300Â 345,1.0
961751,201900003282,10,23,19:40,3,1,9,1.0,1.0,60254,La Ferme de Fresnel,M,"49,4448050","2,6564990",60,2019,-1.0,1.0,9.0,9.0,2149588,1.0,1,1,1,1.0,,0.0,0,1975.0,B01,138Â 300Â 345,1.0,-1.0,-1.0,1641501,2.0,7,,0.0,2.0,1.0,A01,138Â 300Â 343,1.0
961751,201900003282,10,23,19:40,3,1,9,1.0,1.0,60254,La Ferme de Fresnel,M,"49,4448050","2,6564990",60,2019,-1.0,1.0,9.0,9.0,2149588,1.0,1,1,1,1.0,,0.0,0,1975.0,B01,138Â 300Â 345,1.0,-1.0,-1.0,1641502,2.0,10,,0.0,2.0,1.0,B01,138Â 300Â 345,1.0
961752,201900003283,8,14,05:50,2,2,1,1.0,6.0,74169,Avenue du Mole,M,"46,0717463","6,5200457",74,2019,50.0,8.0,1.0,4.0,2149589,1.0,1,3,1,0.0,,0.0,0,1952.0,A01,138Â 300Â 342,1.0,-1.0,-1.0,1641503,0.0,7,,0.0,0.0,1.0,A01,138Â 300Â 342,1.0
961753,201900003284,8,17,15:00,1,2,1,1.0,3.0,97606,Rue du lycÃ©e,M," -12,9369240","45,1461000",976,2019,50.0,1.0,1.0,2.0,2149590,1.0,1,4,1,5.0,,0.0,0,1984.0,B01,138Â 300Â 338,2.0,9.0,-1.0,1641504,2.0,33,,0.0,2.0,8.0,B01,138Â 300Â 338,1.0
961753,201900003284,8,17,15:00,1,2,1,1.0,3.0,97606,Rue du lycÃ©e,M," -12,9369240","45,1461000",976,2019,50.0,1.0,1.0,2.0,2149590,1.0,1,4,1,5.0,,0.0,0,1984.0,B01,138Â 300Â 338,2.0,9.0,-1.0,1641505,2.0,7,,0.0,0.0,6.0,A01,138Â 300Â 339,1.0
961753,201900003284,8,17,15:00,1,2,1,1.0,3.0,97606,Rue du lycÃ©e,M," -12,9369240","45,1461000",976,2019,50.0,1.0,1.0,2.0,2149591,1.0,1,1,1,5.0,,0.0,0,1965.0,A01,138Â 300Â 339,1.0,-1.0,-1.0,1641504,2.0,33,,0.0,2.0,8.0,B01,138Â 300Â 338,1.0
961753,201900003284,8,17,15:00,1,2,1,1.0,3.0,97606,Rue du lycÃ©e,M," -12,9369240","45,1461000",976,2019,50.0,1.0,1.0,2.0,2149591,1.0,1,1,1,5.0,,0.0,0,1965.0,A01,138Â 300Â 339,1.0,-1.0,-1.0,1641505,2.0,7,,0.0,0.0,6.0,A01,138Â 300Â 339,1.0
961754,201900003285,6,13,23:45,3,1,1,1.0,7.0,57489,RD36,M,"48,9828440","7,4439430",57,2019,80.0,1.0,1.0,3.0,2149592,2.0,2,4,2,5.0,,0.0,0,1995.0,A01,138Â 300Â 341,2.0,-1.0,-1.0,1641506,2.0,33,,0.0,0.0,0.0,A01,138Â 300Â 341,1.0
961754,201900003285,6,13,23:45,3,1,1,1.0,7.0,57489,RD36,M,"48,9828440","7,4439430",57,2019,80.0,1.0,1.0,3.0,2149593,1.0,1,4,1,5.0,,0.0,0,1985.0,A01,138Â 300Â 341,2.0,6.0,-1.0,1641506,2.0,33,,0.0,0.0,0.0,A01,138Â 300Â 341,1.0
961755,201900003286,8,16,00:15,3,1,3,1.0,3.0,22158,rn164 pr 56+200,M,"48,2097740"," -2,9205250",22,2019,80.0,1.0,1.0,2.0,2149594,2.0,2,4,1,5.0,,0.0,0,1958.0,B01,138Â 300Â 336,1.0,-1.0,-1.0,1641507,1.0,7,,0.0,2.0,2.0,B01,138Â 300Â 336,1.0
961755,201900003286,8,16,00:15,3,1,3,1.0,3.0,22158,rn164 pr 56+200,M,"48,2097740"," -2,9205250",22,2019,80.0,1.0,1.0,2.0,2149594,2.0,2,4,1,5.0,,0.0,0,1958.0,B01,138Â 300Â 336,1.0,-1.0,-1.0,1641508,1.0,21,,0.0,2.0,6.0,A01,138Â 300Â 337,1.0
961755,201900003286,8,16,00:15,3,1,3,1.0,3.0,22158,rn164 pr 56+200,M,"48,2097740"," -2,9205250",22,2019,80.0,1.0,1.0,2.0,2149595,1.0,1,4,2,5.0,,0.0,0,1961.0,B01,138Â 300Â 336,1.0,-1.0,-1.0,1641507,1.0,7,,0.0,2.0,2.0,B01,138Â 300Â 336,1.0
961755,201900003286,8,16,00:15,3,1,3,1.0,3.0,22158,rn164 pr 56+200,M,"48,2097740"," -2,9205250",22,2019,80.0,1.0,1.0,2.0,2149595,1.0,1,4,2,5.0,,0.0,0,1961.0,B01,138Â 300Â 336,1.0,-1.0,-1.0,1641508,1.0,21,,0.0,2.0,6.0,A01,138Â 300Â 337,1.0
961755,201900003286,8,16,00:15,3,1,3,1.0,3.0,22158,rn164 pr 56+200,M,"48,2097740"," -2,9205250",22,2019,80.0,1.0,1.0,2.0,2149596,1.0,1,1,1,4.0,,0.0,0,1962.0,A01,138Â 300Â 337,0.0,-1.0,-1.0,1641507,1.0,7,,0.0,2.0,2.0,B01,138Â 300Â 336,1.0
961755,201900003286,8,16,00:15,3,1,3,1.0,3.0,22158,rn164 pr 56+200,M,"48,2097740"," -2,9205250",22,2019,80.0,1.0,1.0,2.0,2149596,1.0,1,1,1,4.0,,0.0,0,1962.0,A01,138Â 300Â 337,0.0,-1.0,-1.0,1641508,1.0,21,,0.0,2.0,6.0,A01,138Â 300Â 337,1.0
961756,201900003287,8,15,18:15,1,1,9,1.0,2.0,34294,sortie d'autoroute 27,M,"43,7027732","4,1156191",34,2019,50.0,8.0,1.0,1.0,2149597,2.0,2,4,1,9.0,,0.0,0,1980.0,B01,138Â 300Â 332,1.0,-1.0,-1.0,1641509,0.0,10,,0.0,2.0,4.0,B01,138Â 300Â 332,0.0
961756,201900003287,8,15,18:15,1,1,9,1.0,2.0,34294,sortie d'autoroute 27,M,"43,7027732","4,1156191",34,2019,50.0,8.0,1.0,1.0,2149597,2.0,2,4,1,9.0,,0.0,0,1980.0,B01,138Â 300Â 332,1.0,-1.0,-1.0,1641510,0.0,10,,0.0,2.0,1.0,A01,138Â 300Â 333,0.0
961756,201900003287,8,15,18:15,1,1,9,1.0,2.0,34294,sortie d'autoroute 27,M,"43,7027732","4,1156191",34,2019,50.0,8.0,1.0,1.0,2149598,1.0,1,4,1,5.0,,0.0,0,1976.0,B01,138Â 300Â 332,1.0,-1.0,-1.0,1641509,0.0,10,,0.0,2.0,4.0,B01,138Â 300Â 332,0.0
961756,201900003287,8,15,18:15,1,1,9,1.0,2.0,34294,sortie d'autoroute 27,M,"43,7027732","4,1156191",34,2019,50.0,8.0,1.0,1.0,2149598,1.0,1,4,1,5.0,,0.0,0,1976.0,B01,138Â 300Â 332,1.0,-1.0,-1.0,1641510,0.0,10,,0.0,2.0,1.0,A01,138Â 300Â 333,0.0
961757,201900003288,6,9,15:55,1,1,1,1.0,3.0,57750,RD662,M,"49,0850620","7,1729440",57,2019,80.0,1.0,1.0,3.0,2149599,1.0,1,3,1,5.0,,0.0,0,1970.0,B01,138Â 300Â 334,2.0,6.0,-1.0,1641511,1.0,33,,0.0,2.0,1.0,B01,138Â 300Â 334,1.0
961757,201900003288,6,9,15:55,1,1,1,1.0,3.0,57750,RD662,M,"49,0850620","7,1729440",57,2019,80.0,1.0,1.0,3.0,2149599,1.0,1,3,1,5.0,,0.0,0,1970.0,B01,138Â 300Â 334,2.0,6.0,-1.0,1641512,2.0,7,,0.0,2.0,6.0,A01,138Â 300Â 335,1.0
961757,201900003288,6,9,15:55,1,1,1,1.0,3.0,57750,RD662,M,"49,0850620","7,1729440",57,2019,80.0,1.0,1.0,3.0,2149600,1.0,1,1,2,5.0,,0.0,0,1971.0,A01,138Â 300Â 335,1.0,-1.0,-1.0,1641511,1.0,33,,0.0,2.0,1.0,B01,138Â 300Â 334,1.0
961757,201900003288,6,9,15:55,1,1,1,1.0,3.0,57750,RD662,M,"49,0850620","7,1729440",57,2019,80.0,1.0,1.0,3.0,2149600,1.0,1,1,2,5.0,,0.0,0,1971.0,A01,138Â 300Â 335,1.0,-1.0,-1.0,1641512,2.0,7,,0.0,2.0,6.0,A01,138Â 300Â 335,1.0
961757,201900003288,6,9,15:55,1,1,1,1.0,3.0,57750,RD662,M,"49,0850620","7,1729440",57,2019,80.0,1.0,1.0,3.0,2149601,2.0,2,1,2,5.0,,0.0,0,1947.0,A01,138Â 300Â 335,1.0,-1.0,-1.0,1641511,1.0,33,,0.0,2.0,1.0,B01,138Â 300Â 334,1.0
961757,201900003288,6,9,15:55,1,1,1,1.0,3.0,57750,RD662,M,"49,0850620","7,1729440",57,2019,80.0,1.0,1.0,3.0,2149601,2.0,2,1,2,5.0,,0.0,0,1947.0,A01,138Â 300Â 335,1.0,-1.0,-1.0,1641512,2.0,7,,0.0,2.0,6.0,A01,138Â 300Â 335,1.0
961758,201900003289,8,14,07:15,1,1,1,1.0,3.0,30034,Autoroute A54 - PK12 - Sens NIMES/ARLES,M,"43,7435067","4,4431516",30,2019,130.0,1.0,1.0,1.0,2149602,1.0,1,1,1,4.0,,0.0,0,1968.0,B01,138Â 300Â 330,1.0,-1.0,-1.0,1641513,1.0,17,,0.0,0.0,0.0,B01,138Â 300Â 330,1.0
961758,201900003289,8,14,07:15,1,1,1,1.0,3.0,30034,Autoroute A54 - PK12 - Sens NIMES/ARLES,M,"43,7435067","4,4431516",30,2019,130.0,1.0,1.0,1.0,2149602,1.0,1,1,1,4.0,,0.0,0,1968.0,B01,138Â 300Â 330,1.0,-1.0,-1.0,1641514,2.0,14,,3.0,2.0,3.0,A01,138Â 300Â 331,1.0
961758,201900003289,8,14,07:15,1,1,1,1.0,3.0,30034,Autoroute A54 - PK12 - Sens NIMES/ARLES,M,"43,7435067","4,4431516",30,2019,130.0,1.0,1.0,1.0,2149603,1.0,1,3,1,4.0,,0.0,0,1997.0,A01,138Â 300Â 331,1.0,-1.0,-1.0,1641513,1.0,17,,0.0,0.0,0.0,B01,138Â 300Â 330,1.0
961758,201900003289,8,14,07:15,1,1,1,1.0,3.0,30034,Autoroute A54 - PK12 - Sens NIMES/ARLES,M,"43,7435067","4,4431516",30,2019,130.0,1.0,1.0,1.0,2149603,1.0,1,3,1,4.0,,0.0,0,1997.0,A01,138Â 300Â 331,1.0,-1.0,-1.0,1641514,2.0,14,,3.0,2.0,3.0,A01,138Â 300Â 331,1.0
961759,201900003290,10,22,23:00,3,2,1,1.0,6.0,60477,Route Nationale 31,M,"49,4346300","1,9195120",60,2019,70.0,1.0,1.0,2.0,2149604,10.0,3,4,1,9.0,,1.0,1,1999.0,A01,138Â 300Â 340,0.0,-1.0,-1.0,1641515,0.0,7,,0.0,1.0,3.0,A01,138Â 300Â 340,1.0
961759,201900003290,10,22,23:00,3,2,1,1.0,6.0,60477,Route Nationale 31,M,"49,4346300","1,9195120",60,2019,70.0,1.0,1.0,2.0,2149605,1.0,1,1,1,0.0,,0.0,0,1990.0,A01,138Â 300Â 340,1.0,-1.0,-1.0,1641515,0.0,7,,0.0,1.0,3.0,A01,138Â 300Â 340,1.0
961760,201900003291,6,2,12:00,1,2,3,1.0,3.0,57427,Rue Koeberle,M,"48,7295170","7,2499490",57,2019,30.0,1.0,1.0,3.0,2149606,1.0,1,1,1,5.0,,0.0,0,1948.0,A01,138Â 300Â 329,1.0,-1.0,-1.0,1641516,3.0,7,,0.0,2.0,2.0,B01,138Â 300Â 328,1.0
961760,201900003291,6,2,12:00,1,2,3,1.0,3.0,57427,Rue Koeberle,M,"48,7295170","7,2499490",57,2019,30.0,1.0,1.0,3.0,2149606,1.0,1,1,1,5.0,,0.0,0,1948.0,A01,138Â 300Â 329,1.0,-1.0,-1.0,1641517,1.0,7,,0.0,2.0,3.0,A01,138Â 300Â 329,1.0
961760,201900003291,6,2,12:00,1,2,3,1.0,3.0,57427,Rue Koeberle,M,"48,7295170","7,2499490",57,2019,30.0,1.0,1.0,3.0,2149607,2.0,2,1,2,5.0,,0.0,0,1951.0,A01,138Â 300Â 329,1.0,-1.0,-1.0,1641516,3.0,7,,0.0,2.0,2.0,B01,138Â 300Â 328,1.0
961760,201900003291,6,2,12:00,1,2,3,1.0,3.0,57427,Rue Koeberle,M,"48,7295170","7,2499490",57,2019,30.0,1.0,1.0,3.0,2149607,2.0,2,1,2,5.0,,0.0,0,1951.0,A01,138Â 300Â 329,1.0,-1.0,-1.0,1641517,1.0,7,,0.0,2.0,3.0,A01,138Â 300Â 329,1.0
961760,201900003291,6,2,12:00,1,2,3,1.0,3.0,57427,Rue Koeberle,M,"48,7295170","7,2499490",57,2019,30.0,1.0,1.0,3.0,2149608,7.0,2,4,2,5.0,,0.0,0,1938.0,A01,138Â 300Â 329,1.0,-1.0,-1.0,1641516,3.0,7,,0.0,2.0,2.0,B01,138Â 300Â 328,1.0
961760,201900003291,6,2,12:00,1,2,3,1.0,3.0,57427,Rue Koeberle,M,"48,7295170","7,2499490",57,2019,30.0,1.0,1.0,3.0,2149608,7.0,2,4,2,5.0,,0.0,0,1938.0,A01,138Â 300Â 329,1.0,-1.0,-1.0,1641517,1.0,7,,0.0,2.0,3.0,A01,138Â 300Â 329,1.0
961761,201900003292,8,13,18:00,1,1,1,1.0,2.0,83116,autoroute A8,M,"43,4567140","5,8728080",83,2019,-1.0,1.0,1.0,1.0,2149609,1.0,1,1,1,4.0,,0.0,0,1961.0,B01,138Â 300Â 325,0.0,-1.0,-1.0,1641518,1.0,10,,0.0,0.0,4.0,B01,138Â 300Â 325,1.0
961761,201900003292,8,13,18:00,1,1,1,1.0,2.0,83116,autoroute A8,M,"43,4567140","5,8728080",83,2019,-1.0,1.0,1.0,1.0,2149609,1.0,1,1,1,4.0,,0.0,0,1961.0,B01,138Â 300Â 325,0.0,-1.0,-1.0,1641519,1.0,7,,1.0,0.0,1.0,A01,138Â 300Â 327,1.0
961761,201900003292,8,13,18:00,1,1,1,1.0,2.0,83116,autoroute A8,M,"43,4567140","5,8728080",83,2019,-1.0,1.0,1.0,1.0,2149610,1.0,1,4,1,5.0,,0.0,0,1972.0,A01,138Â 300Â 327,1.0,-1.0,-1.0,1641518,1.0,10,,0.0,0.0,4.0,B01,138Â 300Â 325,1.0
961761,201900003292,8,13,18:00,1,1,1,1.0,2.0,83116,autoroute A8,M,"43,4567140","5,8728080",83,2019,-1.0,1.0,1.0,1.0,2149610,1.0,1,4,1,5.0,,0.0,0,1972.0,A01,138Â 300Â 327,1.0,-1.0,-1.0,1641519,1.0,7,,1.0,0.0,1.0,A01,138Â 300Â 327,1.0
961762,201900003293,10,23,19:30,3,2,1,2.0,3.0,73252,D74,M,"45,4358454","6,2800275",73,2019,50.0,1.0,2.0,3.0,2149611,1.0,1,4,1,5.0,,0.0,0,1989.0,B01,138Â 300Â 324,0.0,-1.0,-1.0,1641520,3.0,1,,0.0,2.0,3.0,B01,138Â 300Â 324,5.0
961762,201900003293,10,23,19:30,3,2,1,2.0,3.0,73252,D74,M,"45,4358454","6,2800275",73,2019,50.0,1.0,2.0,3.0,2149611,1.0,1,4,1,5.0,,0.0,0,1989.0,B01,138Â 300Â 324,0.0,-1.0,-1.0,1641521,0.0,7,,0.0,2.0,3.0,A01,138Â 300Â 326,1.0
961762,201900003293,10,23,19:30,3,2,1,2.0,3.0,73252,D74,M,"45,4358454","6,2800275",73,2019,50.0,1.0,2.0,3.0,2149612,1.0,1,1,1,5.0,,0.0,0,1968.0,A01,138Â 300Â 326,8.0,-1.0,-1.0,1641520,3.0,1,,0.0,2.0,3.0,B01,138Â 300Â 324,5.0
961762,201900003293,10,23,19:30,3,2,1,2.0,3.0,73252,D74,M,"45,4358454","6,2800275",73,2019,50.0,1.0,2.0,3.0,2149612,1.0,1,1,1,5.0,,0.0,0,1968.0,A01,138Â 300Â 326,8.0,-1.0,-1.0,1641521,0.0,7,,0.0,2.0,3.0,A01,138Â 300Â 326,1.0
961763,201900003294,6,1,00:50,3,1,1,1.0,6.0,57383,RELAIS DES ETANGS,M,"48,7311510","6,8898180",57,2019,80.0,1.0,1.0,3.0,2149613,1.0,1,3,2,5.0,,0.0,0,1991.0,A01,138Â 300Â 323,2.0,6.0,9.0,1641522,1.0,33,,0.0,6.0,1.0,A01,138Â 300Â 323,1.0
961764,201900003295,10,23,01:00,3,1,1,1.0,6.0,73063,D990  route de la gare,M,"45,5970378","6,4479907",73,2019,80.0,8.0,1.0,3.0,2149614,1.0,1,3,1,0.0,,0.0,0,1975.0,A01,138Â 300Â 320,1.0,-1.0,-1.0,1641523,1.0,7,,8.0,0.0,1.0,A01,138Â 300Â 320,1.0
961765,201900003296,6,1,17:50,1,1,1,1.0,6.0,57623,RD 96,M,"48,6250310","7,0933020",57,2019,80.0,3.0,1.0,3.0,2149615,1.0,1,3,1,5.0,,0.0,0,1958.0,A01,138Â 300Â 319,2.0,6.0,9.0,1641524,1.0,33,,5.0,0.0,2.0,A01,138Â 300Â 319,1.0
961766,201900003297,8,13,13:45,1,1,1,1.0,2.0,27598,Autoroute A13,M,"49,2143220","1,2171570",27,2019,130.0,1.0,2.0,1.0,2149616,1.0,1,1,1,4.0,,0.0,0,1989.0,B01,138Â 300Â 321,1.0,-1.0,-1.0,1641525,1.0,7,,0.0,2.0,1.0,B01,138Â 300Â 321,1.0
961766,201900003297,8,13,13:45,1,1,1,1.0,2.0,27598,Autoroute A13,M,"49,2143220","1,2171570",27,2019,130.0,1.0,2.0,1.0,2149616,1.0,1,1,1,4.0,,0.0,0,1989.0,B01,138Â 300Â 321,1.0,-1.0,-1.0,1641526,1.0,7,,3.0,0.0,4.0,A01,138Â 300Â 322,1.0
961766,201900003297,8,13,13:45,1,1,1,1.0,2.0,27598,Autoroute A13,M,"49,2143220","1,2171570",27,2019,130.0,1.0,2.0,1.0,2149617,1.0,1,1,1,5.0,,0.0,0,1948.0,A01,138Â 300Â 322,1.0,-1.0,-1.0,1641525,1.0,7,,0.0,2.0,1.0,B01,138Â 300Â 321,1.0
961766,201900003297,8,13,13:45,1,1,1,1.0,2.0,27598,Autoroute A13,M,"49,2143220","1,2171570",27,2019,130.0,1.0,2.0,1.0,2149617,1.0,1,1,1,5.0,,0.0,0,1948.0,A01,138Â 300Â 322,1.0,-1.0,-1.0,1641526,1.0,7,,3.0,0.0,4.0,A01,138Â 300Â 322,1.0
961766,201900003297,8,13,13:45,1,1,1,1.0,2.0,27598,Autoroute A13,M,"49,2143220","1,2171570",27,2019,130.0,1.0,2.0,1.0,2149618,2.0,2,4,2,5.0,,0.0,0,1951.0,A01,138Â 300Â 322,1.0,-1.0,-1.0,1641525,1.0,7,,0.0,2.0,1.0,B01,138Â 300Â 321,1.0
961766,201900003297,8,13,13:45,1,1,1,1.0,2.0,27598,Autoroute A13,M,"49,2143220","1,2171570",27,2019,130.0,1.0,2.0,1.0,2149618,2.0,2,4,2,5.0,,0.0,0,1951.0,A01,138Â 300Â 322,1.0,-1.0,-1.0,1641526,1.0,7,,3.0,0.0,4.0,A01,138Â 300Â 322,1.0
961766,201900003297,8,13,13:45,1,1,1,1.0,2.0,27598,Autoroute A13,M,"49,2143220","1,2171570",27,2019,130.0,1.0,2.0,1.0,2149619,9.0,2,1,2,5.0,,0.0,0,2010.0,A01,138Â 300Â 322,1.0,3.0,-1.0,1641525,1.0,7,,0.0,2.0,1.0,B01,138Â 300Â 321,1.0
961766,201900003297,8,13,13:45,1,1,1,1.0,2.0,27598,Autoroute A13,M,"49,2143220","1,2171570",27,2019,130.0,1.0,2.0,1.0,2149619,9.0,2,1,2,5.0,,0.0,0,2010.0,A01,138Â 300Â 322,1.0,3.0,-1.0,1641526,1.0,7,,3.0,0.0,4.0,A01,138Â 300Â 322,1.0
961767,201900003298,10,18,02:40,5,2,1,2.0,6.0,36121,place de l'Eglise,M,"46,8373369","1,9561392",36,2019,30.0,4.0,2.0,3.0,2149620,1.0,1,2,1,5.0,,0.0,0,1982.0,A01,138Â 300Â 318,1.0,-1.0,-1.0,1641527,2.0,7,,6.0,0.0,1.0,A01,138Â 300Â 318,1.0
961768,201900003299,6,17,17:35,1,1,1,1.0,2.0,57311,DÃ©partementale 29,M,"49,0038720","6,8315390",57,2019,80.0,1.0,1.0,3.0,2149621,1.0,1,4,1,9.0,,0.0,0,1996.0,B01,138Â 300Â 315,2.0,6.0,-1.0,1641528,2.0,33,,0.0,2.0,3.0,B01,138Â 300Â 315,1.0
961768,201900003299,6,17,17:35,1,1,1,1.0,2.0,57311,DÃ©partementale 29,M,"49,0038720","6,8315390",57,2019,80.0,1.0,1.0,3.0,2149621,1.0,1,4,1,9.0,,0.0,0,1996.0,B01,138Â 300Â 315,2.0,6.0,-1.0,1641529,2.0,7,,0.0,2.0,5.0,A01,138Â 300Â 317,1.0
961768,201900003299,6,17,17:35,1,1,1,1.0,2.0,57311,DÃ©partementale 29,M,"49,0038720","6,8315390",57,2019,80.0,1.0,1.0,3.0,2149622,1.0,1,1,2,9.0,,0.0,0,1990.0,A01,138Â 300Â 317,1.0,-1.0,-1.0,1641528,2.0,33,,0.0,2.0,3.0,B01,138Â 300Â 315,1.0
961768,201900003299,6,17,17:35,1,1,1,1.0,2.0,57311,DÃ©partementale 29,M,"49,0038720","6,8315390",57,2019,80.0,1.0,1.0,3.0,2149622,1.0,1,1,2,9.0,,0.0,0,1990.0,A01,138Â 300Â 317,1.0,-1.0,-1.0,1641529,2.0,7,,0.0,2.0,5.0,A01,138Â 300Â 317,1.0
961769,201900003300,6,1,17:09,1,2,1,1.0,6.0,57262,22 Rue Nationale,M,"48,9799470","6,7386920",57,2019,50.0,4.0,1.0,3.0,2149623,1.0,1,1,2,0.0,,0.0,0,1961.0,A01,138Â 300Â 312,1.0,-1.0,-1.0,1641530,1.0,7,,0.0,1.0,1.0,A01,138Â 300Â 312,1.0
961769,201900003300,6,1,17:09,1,2,1,1.0,6.0,57262,22 Rue Nationale,M,"48,9799470","6,7386920",57,2019,50.0,4.0,1.0,3.0,2149624,10.0,3,3,1,5.0,,5.0,9,1989.0,A01,138Â 300Â 312,0.0,-1.0,-1.0,1641530,1.0,7,,0.0,1.0,1.0,A01,138Â 300Â 312,1.0
961770,201900003301,10,19,19:45,3,1,1,3.0,7.0,36074,FlÃ©rÃ©-la-RiviÃ¨re,M,"47,0120720","1,0845380",36,2019,80.0,8.0,2.0,4.0,2149625,1.0,1,3,1,0.0,,0.0,0,1946.0,A01,138Â 300Â 313,8.0,-1.0,-1.0,1641531,0.0,7,,0.0,0.0,9.0,A01,138Â 300Â 313,1.0
961771,201900003302,6,16,00:40,3,1,1,2.0,6.0,57132,D955,M,"48,8134420","6,5238140",57,2019,80.0,3.0,2.0,3.0,2149626,1.0,1,4,2,5.0,,0.0,0,1999.0,A01,138Â 300Â 311,1.0,-1.0,-1.0,1641532,2.0,7,,13.0,0.0,2.0,A01,138Â 300Â 311,0.0
961771,201900003302,6,16,00:40,3,1,1,2.0,6.0,57132,D955,M,"48,8134420","6,5238140",57,2019,80.0,3.0,2.0,3.0,2149627,9.0,2,4,2,5.0,,0.0,0,2001.0,A01,138Â 300Â 311,0.0,-1.0,-1.0,1641532,2.0,7,,13.0,0.0,2.0,A01,138Â 300Â 311,0.0
961771,201900003302,6,16,00:40,3,1,1,2.0,6.0,57132,D955,M,"48,8134420","6,5238140",57,2019,80.0,3.0,2.0,3.0,2149628,7.0,2,4,1,5.0,,0.0,0,1998.0,A01,138Â 300Â 311,1.0,-1.0,-1.0,1641532,2.0,7,,13.0,0.0,2.0,A01,138Â 300Â 311,0.0
961771,201900003302,6,16,00:40,3,1,1,2.0,6.0,57132,D955,M,"48,8134420","6,5238140",57,2019,80.0,3.0,2.0,3.0,2149629,2.0,2,4,1,5.0,,0.0,0,2000.0,A01,138Â 300Â 311,1.0,-1.0,-1.0,1641532,2.0,7,,13.0,0.0,2.0,A01,138Â 300Â 311,0.0
961772,201900003303,7,12,17:00,1,2,4,1.0,6.0,97415,101 Avenue de Bourbon,M," -21,0683320","55,2228310",974,2019,50.0,1.0,1.0,4.0,2149630,10.0,3,4,1,5.0,,2.0,3,1939.0,A01,138Â 300Â 310,0.0,-1.0,-1.0,1641533,3.0,7,,0.0,1.0,1.0,A01,138Â 300Â 310,0.0
961772,201900003303,7,12,17:00,1,2,4,1.0,6.0,97415,101 Avenue de Bourbon,M," -21,0683320","55,2228310",974,2019,50.0,1.0,1.0,4.0,2149631,10.0,3,3,2,5.0,,2.0,3,1941.0,A01,138Â 300Â 310,0.0,-1.0,-1.0,1641533,3.0,7,,0.0,1.0,1.0,A01,138Â 300Â 310,0.0
961772,201900003303,7,12,17:00,1,2,4,1.0,6.0,97415,101 Avenue de Bourbon,M," -21,0683320","55,2228310",974,2019,50.0,1.0,1.0,4.0,2149632,1.0,1,1,2,5.0,,0.0,0,1969.0,A01,138Â 300Â 310,1.0,-1.0,-1.0,1641533,3.0,7,,0.0,1.0,1.0,A01,138Â 300Â 310,0.0
961773,201900003304,9,27,17:30,1,2,9,1.0,3.0,07319,Chemin du DÃ©pÃ´t,M,"44,5594640","4,6907980",7,2019,50.0,1.0,1.0,4.0,2149633,1.0,1,3,1,2.0,,0.0,0,2002.0,B01,138Â 300Â 308,2.0,-1.0,-1.0,1641534,3.0,32,,1.0,0.0,1.0,B01,138Â 300Â 308,1.0