Unnamed: 0_x,num_acc,mois,jour,hrmn,lum,agg,int,atm,col,com,adr,gps,lat,long,dep,annee,vma,situ,surf,catr,Unnamed: 0_y,place,catu,grav,sexe,trajet,secu,locp,actp,an_nais,num_veh_x,id_vehicule_x,secu1,secu2,secu3,Unnamed: 0,senc,catv,occutc,obs,obsm,choc,num_veh_y,id_vehicule_y,motor
961773,201900003304,9,27,17:30,1,2,9,1.0,3.0,07319,Chemin du DÃ©pÃ´t,M,"44,5594640","4,6907980",7,2019,50.0,1.0,1.0,4.0,2149633,1.0,1,3,1,2.0,,0.0,0,2002.0,B01,138Â 300Â 308,2.0,-1.0,-1.0,1641535,0.0,7,,0.0,2.0,3.0,A01,138Â 300Â 309,0.0
961773,201900003304,9,27,17:30,1,2,9,1.0,3.0,07319,Chemin du DÃ©pÃ´t,M,"44,5594640","4,6907980",7,2019,50.0,1.0,1.0,4.0,2149634,1.0,1,1,1,5.0,,0.0,0,1960.0,A01,138Â 300Â 309,8.0,-1.0,-1.0,1641534,3.0,32,,1.0,0.0,1.0,B01,138Â 300Â 308,1.0
961773,201900003304,9,27,17:30,1,2,9,1.0,3.0,07319,Chemin du DÃ©pÃ´t,M,"44,5594640","4,6907980",7,2019,50.0,1.0,1.0,4.0,2149634,1.0,1,1,1,5.0,,0.0,0,1960.0,A01,138Â 300Â 309,8.0,-1.0,-1.0,1641535,0.0,7,,0.0,2.0,3.0,A01,138Â 300Â 309,0.0
961774,201900003305,6,2,17:40,1,2,1,1.0,6.0,91577,59 Route de Morsang,M,"48,5909510","2,4908220",91,2019,50.0,1.0,1.0,4.0,2149635,10.0,3,1,1,9.0,,2.0,9,1960.0,A01,138Â 300Â 307,0.0,-1.0,-1.0,1641536,2.0,7,,0.0,1.0,2.0,A01,138Â 300Â 307,0.0
961774,201900003305,6,2,17:40,1,2,1,1.0,6.0,91577,59 Route de Morsang,M,"48,5909510","2,4908220",91,2019,50.0,1.0,1.0,4.0,2149636,10.0,3,3,1,9.0,,2.0,B,1972.0,A01,138Â 300Â 307,0.0,-1.0,-1.0,1641536,2.0,7,,0.0,1.0,2.0,A01,138Â 300Â 307,0.0
961775,201900003306,7,16,17:30,2,2,1,1.0,6.0,97128,Les Galbas,M,"16,2243360"," -61,3931070",971,2019,50.0,1.0,1.0,2.0,2149637,1.0,1,1,1,5.0,,0.0,0,1936.0,A01,138Â 300Â 306,1.0,-1.0,-1.0,1641537,2.0,7,,0.0,1.0,1.0,A01,138Â 300Â 306,1.0
961775,201900003306,7,16,17:30,2,2,1,1.0,6.0,97128,Les Galbas,M,"16,2243360"," -61,3931070",971,2019,50.0,1.0,1.0,2.0,2149638,10.0,3,3,2,5.0,,3.0,3,1957.0,A01,138Â 300Â 306,0.0,-1.0,-1.0,1641537,2.0,7,,0.0,1.0,1.0,A01,138Â 300Â 306,1.0
961776,201900003307,6,8,20:55,1,1,1,8.0,7.0,51105,RD 64,M,"49,2614423","4,1074193",51,2019,80.0,1.0,1.0,3.0,2149639,1.0,1,3,1,5.0,,0.0,0,1989.0,A01,138Â 300Â 304,1.0,-1.0,-1.0,1641538,2.0,7,,2.0,0.0,1.0,A01,138Â 300Â 304,1.0
961777,201900003308,10,22,07:45,3,1,1,1.0,1.0,40111,D834,M,"43,9789770"," -0,6011600",40,2019,80.0,1.0,1.0,3.0,2149640,1.0,1,1,1,4.0,,0.0,0,1996.0,B01,138Â 300Â 301,1.0,-1.0,-1.0,1641539,2.0,10,,0.0,2.0,1.0,B01,138Â 300Â 301,1.0
961777,201900003308,10,22,07:45,3,1,1,1.0,1.0,40111,D834,M,"43,9789770"," -0,6011600",40,2019,80.0,1.0,1.0,3.0,2149640,1.0,1,1,1,4.0,,0.0,0,1996.0,B01,138Â 300Â 301,1.0,-1.0,-1.0,1641540,1.0,7,,0.0,2.0,1.0,A01,138Â 300Â 305,1.0
961777,201900003308,10,22,07:45,3,1,1,1.0,1.0,40111,D834,M,"43,9789770"," -0,6011600",40,2019,80.0,1.0,1.0,3.0,2149641,2.0,2,1,1,4.0,,0.0,0,1982.0,B01,138Â 300Â 301,1.0,-1.0,-1.0,1641539,2.0,10,,0.0,2.0,1.0,B01,138Â 300Â 301,1.0
961777,201900003308,10,22,07:45,3,1,1,1.0,1.0,40111,D834,M,"43,9789770"," -0,6011600",40,2019,80.0,1.0,1.0,3.0,2149641,2.0,2,1,1,4.0,,0.0,0,1982.0,B01,138Â 300Â 301,1.0,-1.0,-1.0,1641540,1.0,7,,0.0,2.0,1.0,A01,138Â 300Â 305,1.0
961777,201900003308,10,22,07:45,3,1,1,1.0,1.0,40111,D834,M,"43,9789770"," -0,6011600",40,2019,80.0,1.0,1.0,3.0,2149642,1.0,1,4,2,1.0,,0.0,0,1989.0,A01,138Â 300Â 305,1.0,-1.0,-1.0,1641539,2.0,10,,0.0,2.0,1.0,B01,138Â 300Â 301,1.0
961777,201900003308,10,22,07:45,3,1,1,1.0,1.0,40111,D834,M,"43,9789770"," -0,6011600",40,2019,80.0,1.0,1.0,3.0,2149642,1.0,1,4,2,1.0,,0.0,0,1989.0,A01,138Â 300Â 305,1.0,-1.0,-1.0,1641540,1.0,7,,0.0,2.0,1.0,A01,138Â 300Â 305,1.0
961778,201900003309,6,15,16:15,1,2,1,1.0,6.0,51291,RUE THERESE ET ROBERT CHAPELLE,M,"49,3332140","3,9142750",51,2019,50.0,1.0,1.0,4.0,2149643,1.0,1,3,1,5.0,,0.0,0,2001.0,A01,138Â 300Â 302,2.0,-1.0,-1.0,1641541,3.0,33,,0.0,0.0,4.0,A01,138Â 300Â 302,1.0
961779,201900003310,6,1,19:40,1,1,1,1.0,5.0,51518,RD 944,M,"49,2970502","3,9964985",51,2019,80.0,1.0,1.0,2.0,2149644,1.0,1,1,1,5.0,,0.0,0,1974.0,A01,138Â 300Â 297,1.0,-1.0,-1.0,1641542,1.0,10,,0.0,2.0,3.0,A01,138Â 300Â 297,1.0
961779,201900003310,6,1,19:40,1,1,1,1.0,5.0,51518,RD 944,M,"49,2970502","3,9964985",51,2019,80.0,1.0,1.0,2.0,2149644,1.0,1,1,1,5.0,,0.0,0,1974.0,A01,138Â 300Â 297,1.0,-1.0,-1.0,1641543,2.0,33,,0.0,2.0,3.0,B01,138Â 300Â 298,1.0
961779,201900003310,6,1,19:40,1,1,1,1.0,5.0,51518,RD 944,M,"49,2970502","3,9964985",51,2019,80.0,1.0,1.0,2.0,2149644,1.0,1,1,1,5.0,,0.0,0,1974.0,A01,138Â 300Â 297,1.0,-1.0,-1.0,1641544,2.0,7,,0.0,2.0,8.0,C01,138Â 300Â 299,1.0
961779,201900003310,6,1,19:40,1,1,1,1.0,5.0,51518,RD 944,M,"49,2970502","3,9964985",51,2019,80.0,1.0,1.0,2.0,2149645,1.0,1,3,1,5.0,,0.0,0,1957.0,B01,138Â 300Â 298,2.0,6.0,-1.0,1641542,1.0,10,,0.0,2.0,3.0,A01,138Â 300Â 297,1.0
961779,201900003310,6,1,19:40,1,1,1,1.0,5.0,51518,RD 944,M,"49,2970502","3,9964985",51,2019,80.0,1.0,1.0,2.0,2149645,1.0,1,3,1,5.0,,0.0,0,1957.0,B01,138Â 300Â 298,2.0,6.0,-1.0,1641543,2.0,33,,0.0,2.0,3.0,B01,138Â 300Â 298,1.0
961779,201900003310,6,1,19:40,1,1,1,1.0,5.0,51518,RD 944,M,"49,2970502","3,9964985",51,2019,80.0,1.0,1.0,2.0,2149645,1.0,1,3,1,5.0,,0.0,0,1957.0,B01,138Â 300Â 298,2.0,6.0,-1.0,1641544,2.0,7,,0.0,2.0,8.0,C01,138Â 300Â 299,1.0
961779,201900003310,6,1,19:40,1,1,1,1.0,5.0,51518,RD 944,M,"49,2970502","3,9964985",51,2019,80.0,1.0,1.0,2.0,2149646,1.0,1,1,2,5.0,,0.0,0,1986.0,C01,138Â 300Â 299,1.0,-1.0,-1.0,1641542,1.0,10,,0.0,2.0,3.0,A01,138Â 300Â 297,1.0
961779,201900003310,6,1,19:40,1,1,1,1.0,5.0,51518,RD 944,M,"49,2970502","3,9964985",51,2019,80.0,1.0,1.0,2.0,2149646,1.0,1,1,2,5.0,,0.0,0,1986.0,C01,138Â 300Â 299,1.0,-1.0,-1.0,1641543,2.0,33,,0.0,2.0,3.0,B01,138Â 300Â 298,1.0
961779,201900003310,6,1,19:40,1,1,1,1.0,5.0,51518,RD 944,M,"49,2970502","3,9964985",51,2019,80.0,1.0,1.0,2.0,2149646,1.0,1,1,2,5.0,,0.0,0,1986.0,C01,138Â 300Â 299,1.0,-1.0,-1.0,1641544,2.0,7,,0.0,2.0,8.0,C01,138Â 300Â 299,1.0
961780,201900003311,6,10,16:00,1,1,1,2.0,4.0,51413,RD 3,M,"49,0211979","4,0420064",51,2019,80.0,1.0,2.0,3.0,2149647,1.0,1,1,2,5.0,,0.0,0,1949.0,C01,138Â 300Â 294,1.0,-1.0,-1.0,1641545,2.0,7,,0.0,2.0,3.0,C01,138Â 300Â 294,1.0
961780,201900003311,6,10,16:00,1,1,1,2.0,4.0,51413,RD 3,M,"49,0211979","4,0420064",51,2019,80.0,1.0,2.0,3.0,2149647,1.0,1,1,2,5.0,,0.0,0,1949.0,C01,138Â 300Â 294,1.0,-1.0,-1.0,1641546,1.0,33,,0.0,2.0,1.0,B01,138Â 300Â 295,1.0
961780,201900003311,6,10,16:00,1,1,1,2.0,4.0,51413,RD 3,M,"49,0211979","4,0420064",51,2019,80.0,1.0,2.0,3.0,2149647,1.0,1,1,2,5.0,,0.0,0,1949.0,C01,138Â 300Â 294,1.0,-1.0,-1.0,1641547,1.0,7,,0.0,2.0,3.0,A01,138Â 300Â 296,1.0
961780,201900003311,6,10,16:00,1,1,1,2.0,4.0,51413,RD 3,M,"49,0211979","4,0420064",51,2019,80.0,1.0,2.0,3.0,2149648,1.0,1,3,2,5.0,,0.0,0,1969.0,B01,138Â 300Â 295,6.0,2.0,-1.0,1641545,2.0,7,,0.0,2.0,3.0,C01,138Â 300Â 294,1.0
961780,201900003311,6,10,16:00,1,1,1,2.0,4.0,51413,RD 3,M,"49,0211979","4,0420064",51,2019,80.0,1.0,2.0,3.0,2149648,1.0,1,3,2,5.0,,0.0,0,1969.0,B01,138Â 300Â 295,6.0,2.0,-1.0,1641546,1.0,33,,0.0,2.0,1.0,B01,138Â 300Â 295,1.0
961780,201900003311,6,10,16:00,1,1,1,2.0,4.0,51413,RD 3,M,"49,0211979","4,0420064",51,2019,80.0,1.0,2.0,3.0,2149648,1.0,1,3,2,5.0,,0.0,0,1969.0,B01,138Â 300Â 295,6.0,2.0,-1.0,1641547,1.0,7,,0.0,2.0,3.0,A01,138Â 300Â 296,1.0
961780,201900003311,6,10,16:00,1,1,1,2.0,4.0,51413,RD 3,M,"49,0211979","4,0420064",51,2019,80.0,1.0,2.0,3.0,2149649,1.0,1,1,1,5.0,,0.0,0,1996.0,A01,138Â 300Â 296,1.0,-1.0,-1.0,1641545,2.0,7,,0.0,2.0,3.0,C01,138Â 300Â 294,1.0
961780,201900003311,6,10,16:00,1,1,1,2.0,4.0,51413,RD 3,M,"49,0211979","4,0420064",51,2019,80.0,1.0,2.0,3.0,2149649,1.0,1,1,1,5.0,,0.0,0,1996.0,A01,138Â 300Â 296,1.0,-1.0,-1.0,1641546,1.0,33,,0.0,2.0,1.0,B01,138Â 300Â 295,1.0
961780,201900003311,6,10,16:00,1,1,1,2.0,4.0,51413,RD 3,M,"49,0211979","4,0420064",51,2019,80.0,1.0,2.0,3.0,2149649,1.0,1,1,1,5.0,,0.0,0,1996.0,A01,138Â 300Â 296,1.0,-1.0,-1.0,1641547,1.0,7,,0.0,2.0,3.0,A01,138Â 300Â 296,1.0
961781,201900003312,8,15,13:00,1,1,1,1.0,3.0,97107,Route Haute Paine,M,"16,0007270"," -61,6177050",971,2019,-1.0,1.0,1.0,3.0,2149650,1.0,1,1,1,0.0,,0.0,0,1950.0,A01,138Â 300Â 300,8.0,-1.0,-1.0,1641548,2.0,99,,0.0,2.0,8.0,A01,138Â 300Â 300,1.0
961781,201900003312,8,15,13:00,1,1,1,1.0,3.0,97107,Route Haute Paine,M,"16,0007270"," -61,6177050",971,2019,-1.0,1.0,1.0,3.0,2149650,1.0,1,1,1,0.0,,0.0,0,1950.0,A01,138Â 300Â 300,8.0,-1.0,-1.0,1641549,1.0,42,,0.0,2.0,8.0,B01,138Â 300Â 303,1.0
961781,201900003312,8,15,13:00,1,1,1,1.0,3.0,97107,Route Haute Paine,M,"16,0007270"," -61,6177050",971,2019,-1.0,1.0,1.0,3.0,2149651,1.0,1,4,1,0.0,,0.0,0,1986.0,B01,138Â 300Â 303,8.0,-1.0,-1.0,1641548,2.0,99,,0.0,2.0,8.0,A01,138Â 300Â 300,1.0
961781,201900003312,8,15,13:00,1,1,1,1.0,3.0,97107,Route Haute Paine,M,"16,0007270"," -61,6177050",971,2019,-1.0,1.0,1.0,3.0,2149651,1.0,1,4,1,0.0,,0.0,0,1986.0,B01,138Â 300Â 303,8.0,-1.0,-1.0,1641549,1.0,42,,0.0,2.0,8.0,B01,138Â 300Â 303,1.0
961782,201900003313,6,17,04:30,2,1,1,1.0,7.0,51409,RD 977,M,"48,8533557","4,2680054",51,2019,80.0,1.0,1.0,3.0,2149652,1.0,1,4,2,1.0,,0.0,0,2000.0,A01,138Â 300Â 293,1.0,-1.0,-1.0,1641550,2.0,7,,2.0,0.0,0.0,A01,138Â 300Â 293,0.0
961783,201900003314,8,14,15:00,1,1,3,1.0,2.0,33349,D10,M,"44,7401800"," -0,4819900",33,2019,70.0,1.0,1.0,3.0,2149653,1.0,1,3,1,5.0,,0.0,0,2003.0,B01,138Â 300Â 290,2.0,6.0,-1.0,1641551,2.0,30,,0.0,2.0,1.0,B01,138Â 300Â 290,1.0
961783,201900003314,8,14,15:00,1,1,3,1.0,2.0,33349,D10,M,"44,7401800"," -0,4819900",33,2019,70.0,1.0,1.0,3.0,2149653,1.0,1,3,1,5.0,,0.0,0,2003.0,B01,138Â 300Â 290,2.0,6.0,-1.0,1641552,2.0,7,,0.0,2.0,4.0,A01,138Â 300Â 292,1.0
961783,201900003314,8,14,15:00,1,1,3,1.0,2.0,33349,D10,M,"44,7401800"," -0,4819900",33,2019,70.0,1.0,1.0,3.0,2149654,1.0,1,1,1,0.0,,0.0,0,1964.0,A01,138Â 300Â 292,1.0,-1.0,-1.0,1641551,2.0,30,,0.0,2.0,1.0,B01,138Â 300Â 290,1.0
961783,201900003314,8,14,15:00,1,1,3,1.0,2.0,33349,D10,M,"44,7401800"," -0,4819900",33,2019,70.0,1.0,1.0,3.0,2149654,1.0,1,1,1,0.0,,0.0,0,1964.0,A01,138Â 300Â 292,1.0,-1.0,-1.0,1641552,2.0,7,,0.0,2.0,4.0,A01,138Â 300Â 292,1.0
961784,201900003315,10,23,13:15,1,2,2,1.0,3.0,85047,Rte de Commequiers,M,"46,8243810"," -1,8562220",85,2019,50.0,1.0,1.0,4.0,2149655,1.0,1,4,2,1.0,,0.0,0,1995.0,A01,138Â 300Â 289,1.0,-1.0,-1.0,1641553,3.0,7,,0.0,2.0,2.0,A01,138Â 300Â 289,1.0
961784,201900003315,10,23,13:15,1,2,2,1.0,3.0,85047,Rte de Commequiers,M,"46,8243810"," -1,8562220",85,2019,50.0,1.0,1.0,4.0,2149655,1.0,1,4,2,1.0,,0.0,0,1995.0,A01,138Â 300Â 289,1.0,-1.0,-1.0,1641554,3.0,7,,0.0,2.0,1.0,B01,138Â 300Â 291,1.0
961784,201900003315,10,23,13:15,1,2,2,1.0,3.0,85047,Rte de Commequiers,M,"46,8243810"," -1,8562220",85,2019,50.0,1.0,1.0,4.0,2149656,9.0,2,4,2,0.0,,0.0,0,2017.0,A01,138Â 300Â 289,9.0,-1.0,-1.0,1641553,3.0,7,,0.0,2.0,2.0,A01,138Â 300Â 289,1.0
961784,201900003315,10,23,13:15,1,2,2,1.0,3.0,85047,Rte de Commequiers,M,"46,8243810"," -1,8562220",85,2019,50.0,1.0,1.0,4.0,2149656,9.0,2,4,2,0.0,,0.0,0,2017.0,A01,138Â 300Â 289,9.0,-1.0,-1.0,1641554,3.0,7,,0.0,2.0,1.0,B01,138Â 300Â 291,1.0
961784,201900003315,10,23,13:15,1,2,2,1.0,3.0,85047,Rte de Commequiers,M,"46,8243810"," -1,8562220",85,2019,50.0,1.0,1.0,4.0,2149657,2.0,2,3,2,1.0,,0.0,0,1996.0,A01,138Â 300Â 289,1.0,-1.0,-1.0,1641553,3.0,7,,0.0,2.0,2.0,A01,138Â 300Â 289,1.0
961784,201900003315,10,23,13:15,1,2,2,1.0,3.0,85047,Rte de Commequiers,M,"46,8243810"," -1,8562220",85,2019,50.0,1.0,1.0,4.0,2149657,2.0,2,3,2,1.0,,0.0,0,1996.0,A01,138Â 300Â 289,1.0,-1.0,-1.0,1641554,3.0,7,,0.0,2.0,1.0,B01,138Â 300Â 291,1.0
961784,201900003315,10,23,13:15,1,2,2,1.0,3.0,85047,Rte de Commequiers,M,"46,8243810"," -1,8562220",85,2019,50.0,1.0,1.0,4.0,2149658,1.0,1,4,1,1.0,,0.0,0,1996.0,B01,138Â 300Â 291,1.0,-1.0,-1.0,1641553,3.0,7,,0.0,2.0,2.0,A01,138Â 300Â 289,1.0
961784,201900003315,10,23,13:15,1,2,2,1.0,3.0,85047,Rte de Commequiers,M,"46,8243810"," -1,8562220",85,2019,50.0,1.0,1.0,4.0,2149658,1.0,1,4,1,1.0,,0.0,0,1996.0,B01,138Â 300Â 291,1.0,-1.0,-1.0,1641554,3.0,7,,0.0,2.0,1.0,B01,138Â 300Â 291,1.0
961785,201900003316,8,12,13:30,1,2,1,1.0,7.0,77483,D97 - rue du four,M,"49,0004400","2,9297900",77,2019,50.0,1.0,1.0,3.0,2149659,1.0,1,4,1,9.0,,0.0,0,2001.0,A01,138Â 300Â 286,2.0,6.0,-1.0,1641555,1.0,32,,1.0,0.0,2.0,A01,138Â 300Â 286,1.0
961786,201900003317,6,11,17:45,1,1,3,1.0,5.0,51617,RD 21,M,"49,0448777","4,3253760",51,2019,-1.0,1.0,1.0,1.0,2149660,1.0,1,4,1,0.0,,0.0,0,1997.0,A01,138Â 300Â 285,1.0,-1.0,-1.0,1641556,1.0,7,,0.0,2.0,2.0,A01,138Â 300Â 285,0.0
961786,201900003317,6,11,17:45,1,1,3,1.0,5.0,51617,RD 21,M,"49,0448777","4,3253760",51,2019,-1.0,1.0,1.0,1.0,2149660,1.0,1,4,1,0.0,,0.0,0,1997.0,A01,138Â 300Â 285,1.0,-1.0,-1.0,1641557,2.0,7,,0.0,2.0,3.0,B01,138Â 300Â 287,0.0
961786,201900003317,6,11,17:45,1,1,3,1.0,5.0,51617,RD 21,M,"49,0448777","4,3253760",51,2019,-1.0,1.0,1.0,1.0,2149660,1.0,1,4,1,0.0,,0.0,0,1997.0,A01,138Â 300Â 285,1.0,-1.0,-1.0,1641558,1.0,7,,0.0,2.0,3.0,C01,138Â 300Â 288,0.0
961786,201900003317,6,11,17:45,1,1,3,1.0,5.0,51617,RD 21,M,"49,0448777","4,3253760",51,2019,-1.0,1.0,1.0,1.0,2149661,7.0,2,4,1,5.0,,0.0,0,1993.0,A01,138Â 300Â 285,1.0,-1.0,-1.0,1641556,1.0,7,,0.0,2.0,2.0,A01,138Â 300Â 285,0.0
961786,201900003317,6,11,17:45,1,1,3,1.0,5.0,51617,RD 21,M,"49,0448777","4,3253760",51,2019,-1.0,1.0,1.0,1.0,2149661,7.0,2,4,1,5.0,,0.0,0,1993.0,A01,138Â 300Â 285,1.0,-1.0,-1.0,1641557,2.0,7,,0.0,2.0,3.0,B01,138Â 300Â 287,0.0
961786,201900003317,6,11,17:45,1,1,3,1.0,5.0,51617,RD 21,M,"49,0448777","4,3253760",51,2019,-1.0,1.0,1.0,1.0,2149661,7.0,2,4,1,5.0,,0.0,0,1993.0,A01,138Â 300Â 285,1.0,-1.0,-1.0,1641558,1.0,7,,0.0,2.0,3.0,C01,138Â 300Â 288,0.0
961786,201900003317,6,11,17:45,1,1,3,1.0,5.0,51617,RD 21,M,"49,0448777","4,3253760",51,2019,-1.0,1.0,1.0,1.0,2149662,9.0,2,1,2,5.0,,0.0,0,2018.0,A01,138Â 300Â 285,1.0,-1.0,-1.0,1641556,1.0,7,,0.0,2.0,2.0,A01,138Â 300Â 285,0.0
961786,201900003317,6,11,17:45,1,1,3,1.0,5.0,51617,RD 21,M,"49,0448777","4,3253760",51,2019,-1.0,1.0,1.0,1.0,2149662,9.0,2,1,2,5.0,,0.0,0,2018.0,A01,138Â 300Â 285,1.0,-1.0,-1.0,1641557,2.0,7,,0.0,2.0,3.0,B01,138Â 300Â 287,0.0
961786,201900003317,6,11,17:45,1,1,3,1.0,5.0,51617,RD 21,M,"49,0448777","4,3253760",51,2019,-1.0,1.0,1.0,1.0,2149662,9.0,2,1,2,5.0,,0.0,0,2018.0,A01,138Â 300Â 285,1.0,-1.0,-1.0,1641558,1.0,7,,0.0,2.0,3.0,C01,138Â 300Â 288,0.0
961786,201900003317,6,11,17:45,1,1,3,1.0,5.0,51617,RD 21,M,"49,0448777","4,3253760",51,2019,-1.0,1.0,1.0,1.0,2149663,1.0,1,4,2,0.0,,0.0,0,1970.0,B01,138Â 300Â 287,1.0,-1.0,-1.0,1641556,1.0,7,,0.0,2.0,2.0,A01,138Â 300Â 285,0.0
961786,201900003317,6,11,17:45,1,1,3,1.0,5.0,51617,RD 21,M,"49,0448777","4,3253760",51,2019,-1.0,1.0,1.0,1.0,2149663,1.0,1,4,2,0.0,,0.0,0,1970.0,B01,138Â 300Â 287,1.0,-1.0,-1.0,1641557,2.0,7,,0.0,2.0,3.0,B01,138Â 300Â 287,0.0
961786,201900003317,6,11,17:45,1,1,3,1.0,5.0,51617,RD 21,M,"49,0448777","4,3253760",51,2019,-1.0,1.0,1.0,1.0,2149663,1.0,1,4,2,0.0,,0.0,0,1970.0,B01,138Â 300Â 287,1.0,-1.0,-1.0,1641558,1.0,7,,0.0,2.0,3.0,C01,138Â 300Â 288,0.0
961786,201900003317,6,11,17:45,1,1,3,1.0,5.0,51617,RD 21,M,"49,0448777","4,3253760",51,2019,-1.0,1.0,1.0,1.0,2149664,2.0,2,4,2,0.0,,0.0,0,1970.0,B01,138Â 300Â 287,1.0,-1.0,-1.0,1641556,1.0,7,,0.0,2.0,2.0,A01,138Â 300Â 285,0.0
961786,201900003317,6,11,17:45,1,1,3,1.0,5.0,51617,RD 21,M,"49,0448777","4,3253760",51,2019,-1.0,1.0,1.0,1.0,2149664,2.0,2,4,2,0.0,,0.0,0,1970.0,B01,138Â 300Â 287,1.0,-1.0,-1.0,1641557,2.0,7,,0.0,2.0,3.0,B01,138Â 300Â 287,0.0
961786,201900003317,6,11,17:45,1,1,3,1.0,5.0,51617,RD 21,M,"49,0448777","4,3253760",51,2019,-1.0,1.0,1.0,1.0,2149664,2.0,2,4,2,0.0,,0.0,0,1970.0,B01,138Â 300Â 287,1.0,-1.0,-1.0,1641558,1.0,7,,0.0,2.0,3.0,C01,138Â 300Â 288,0.0
961786,201900003317,6,11,17:45,1,1,3,1.0,5.0,51617,RD 21,M,"49,0448777","4,3253760",51,2019,-1.0,1.0,1.0,1.0,2149665,1.0,1,1,1,0.0,,0.0,0,1966.0,C01,138Â 300Â 288,1.0,-1.0,-1.0,1641556,1.0,7,,0.0,2.0,2.0,A01,138Â 300Â 285,0.0
961786,201900003317,6,11,17:45,1,1,3,1.0,5.0,51617,RD 21,M,"49,0448777","4,3253760",51,2019,-1.0,1.0,1.0,1.0,2149665,1.0,1,1,1,0.0,,0.0,0,1966.0,C01,138Â 300Â 288,1.0,-1.0,-1.0,1641557,2.0,7,,0.0,2.0,3.0,B01,138Â 300Â 287,0.0
961786,201900003317,6,11,17:45,1,1,3,1.0,5.0,51617,RD 21,M,"49,0448777","4,3253760",51,2019,-1.0,1.0,1.0,1.0,2149665,1.0,1,1,1,0.0,,0.0,0,1966.0,C01,138Â 300Â 288,1.0,-1.0,-1.0,1641558,1.0,7,,0.0,2.0,3.0,C01,138Â 300Â 288,0.0
961787,201900003318,10,22,23:30,3,2,1,1.0,1.0,27467,2 Rue du Pont Marchand,M,"49,3511890","0,5211220",27,2019,50.0,1.0,1.0,4.0,2149666,1.0,1,1,1,0.0,,0.0,0,1993.0,A01,138Â 300Â 283,1.0,-1.0,-1.0,1641559,1.0,7,,0.0,2.0,1.0,A01,138Â 300Â 283,1.0
961787,201900003318,10,22,23:30,3,2,1,1.0,1.0,27467,2 Rue du Pont Marchand,M,"49,3511890","0,5211220",27,2019,50.0,1.0,1.0,4.0,2149666,1.0,1,1,1,0.0,,0.0,0,1993.0,A01,138Â 300Â 283,1.0,-1.0,-1.0,1641560,2.0,30,,0.0,2.0,1.0,B01,138Â 300Â 284,1.0
961787,201900003318,10,22,23:30,3,2,1,1.0,1.0,27467,2 Rue du Pont Marchand,M,"49,3511890","0,5211220",27,2019,50.0,1.0,1.0,4.0,2149667,1.0,1,3,1,5.0,,0.0,0,2003.0,B01,138Â 300Â 284,2.0,-1.0,-1.0,1641559,1.0,7,,0.0,2.0,1.0,A01,138Â 300Â 283,1.0
961787,201900003318,10,22,23:30,3,2,1,1.0,1.0,27467,2 Rue du Pont Marchand,M,"49,3511890","0,5211220",27,2019,50.0,1.0,1.0,4.0,2149667,1.0,1,3,1,5.0,,0.0,0,2003.0,B01,138Â 300Â 284,2.0,-1.0,-1.0,1641560,2.0,30,,0.0,2.0,1.0,B01,138Â 300Â 284,1.0
961788,201900003319,8,14,19:15,1,2,3,1.0,3.0,77317,D619 X D215,M,"48,6068100","2,8906000",77,2019,50.0,1.0,1.0,3.0,2149668,1.0,1,3,1,5.0,,0.0,0,1989.0,B01,138Â 300Â 279,2.0,9.0,-1.0,1641561,2.0,31,,0.0,2.0,1.0,B01,138Â 300Â 279,1.0
961788,201900003319,8,14,19:15,1,2,3,1.0,3.0,77317,D619 X D215,M,"48,6068100","2,8906000",77,2019,50.0,1.0,1.0,3.0,2149668,1.0,1,3,1,5.0,,0.0,0,1989.0,B01,138Â 300Â 279,2.0,9.0,-1.0,1641562,2.0,7,,0.0,2.0,8.0,A01,138Â 300Â 282,1.0
961788,201900003319,8,14,19:15,1,2,3,1.0,3.0,77317,D619 X D215,M,"48,6068100","2,8906000",77,2019,50.0,1.0,1.0,3.0,2149669,1.0,1,1,1,1.0,,0.0,0,1989.0,A01,138Â 300Â 282,8.0,-1.0,-1.0,1641561,2.0,31,,0.0,2.0,1.0,B01,138Â 300Â 279,1.0
961788,201900003319,8,14,19:15,1,2,3,1.0,3.0,77317,D619 X D215,M,"48,6068100","2,8906000",77,2019,50.0,1.0,1.0,3.0,2149669,1.0,1,1,1,1.0,,0.0,0,1989.0,A01,138Â 300Â 282,8.0,-1.0,-1.0,1641562,2.0,7,,0.0,2.0,8.0,A01,138Â 300Â 282,1.0
961789,201900003320,5,7,02:30,3,1,1,1.0,6.0,19241,Vieille Maison,M,"45,6906380","2,1032860",19,2019,80.0,3.0,1.0,3.0,2149670,1.0,1,1,1,5.0,,0.0,0,1977.0,A01,138Â 300Â 280,1.0,-1.0,-1.0,1641563,2.0,7,,13.0,0.0,3.0,A01,138Â 300Â 280,1.0
961789,201900003320,5,7,02:30,3,1,1,1.0,6.0,19241,Vieille Maison,M,"45,6906380","2,1032860",19,2019,80.0,3.0,1.0,3.0,2149671,7.0,2,3,1,5.0,,0.0,0,1969.0,A01,138Â 300Â 280,1.0,-1.0,-1.0,1641563,2.0,7,,13.0,0.0,3.0,A01,138Â 300Â 280,1.0