Unnamed: 0_x,num_acc,mois,jour,hrmn,lum,agg,int,atm,col,com,adr,gps,lat,long,dep,annee,vma,situ,surf,catr,Unnamed: 0_y,place,catu,grav,sexe,trajet,secu,locp,actp,an_nais,num_veh_x,id_vehicule_x,secu1,secu2,secu3,Unnamed: 0,senc,catv,occutc,obs,obsm,choc,num_veh_y,id_vehicule_y,motor
961789,201900003320,5,7,02:30,3,1,1,1.0,6.0,19241,Vieille Maison,M,"45,6906380","2,1032860",19,2019,80.0,3.0,1.0,3.0,2149672,2.0,2,4,1,5.0,,0.0,0,1982.0,A01,138Â 300Â 280,1.0,-1.0,-1.0,1641563,2.0,7,,13.0,0.0,3.0,A01,138Â 300Â 280,1.0
961790,201900003321,8,12,15:00,1,1,1,1.0,5.0,78623,N12,M,"48,7942660","1,8765260",78,2019,110.0,3.0,1.0,2.0,2149673,1.0,1,1,1,4.0,,0.0,0,1972.0,A01,138Â 300Â 273,8.0,-1.0,-1.0,1641564,2.0,15,,1.0,1.0,2.0,A01,138Â 300Â 273,1.0
961790,201900003321,8,12,15:00,1,1,1,1.0,5.0,78623,N12,M,"48,7942660","1,8765260",78,2019,110.0,3.0,1.0,2.0,2149673,1.0,1,1,1,4.0,,0.0,0,1972.0,A01,138Â 300Â 273,8.0,-1.0,-1.0,1641565,2.0,10,,0.0,0.0,6.0,B01,138Â 300Â 274,1.0
961790,201900003321,8,12,15:00,1,1,1,1.0,5.0,78623,N12,M,"48,7942660","1,8765260",78,2019,110.0,3.0,1.0,2.0,2149673,1.0,1,1,1,4.0,,0.0,0,1972.0,A01,138Â 300Â 273,8.0,-1.0,-1.0,1641566,2.0,10,,0.0,0.0,6.0,C01,138Â 300Â 276,1.0
961790,201900003321,8,12,15:00,1,1,1,1.0,5.0,78623,N12,M,"48,7942660","1,8765260",78,2019,110.0,3.0,1.0,2.0,2149674,2.0,2,4,2,9.0,,0.0,0,1984.0,B01,138Â 300Â 274,0.0,-1.0,-1.0,1641564,2.0,15,,1.0,1.0,2.0,A01,138Â 300Â 273,1.0
961790,201900003321,8,12,15:00,1,1,1,1.0,5.0,78623,N12,M,"48,7942660","1,8765260",78,2019,110.0,3.0,1.0,2.0,2149674,2.0,2,4,2,9.0,,0.0,0,1984.0,B01,138Â 300Â 274,0.0,-1.0,-1.0,1641565,2.0,10,,0.0,0.0,6.0,B01,138Â 300Â 274,1.0
961790,201900003321,8,12,15:00,1,1,1,1.0,5.0,78623,N12,M,"48,7942660","1,8765260",78,2019,110.0,3.0,1.0,2.0,2149674,2.0,2,4,2,9.0,,0.0,0,1984.0,B01,138Â 300Â 274,0.0,-1.0,-1.0,1641566,2.0,10,,0.0,0.0,6.0,C01,138Â 300Â 276,1.0
961790,201900003321,8,12,15:00,1,1,1,1.0,5.0,78623,N12,M,"48,7942660","1,8765260",78,2019,110.0,3.0,1.0,2.0,2149675,10.0,3,4,1,4.0,,6.0,4,1984.0,B01,138Â 300Â 274,0.0,-1.0,-1.0,1641564,2.0,15,,1.0,1.0,2.0,A01,138Â 300Â 273,1.0
961790,201900003321,8,12,15:00,1,1,1,1.0,5.0,78623,N12,M,"48,7942660","1,8765260",78,2019,110.0,3.0,1.0,2.0,2149675,10.0,3,4,1,4.0,,6.0,4,1984.0,B01,138Â 300Â 274,0.0,-1.0,-1.0,1641565,2.0,10,,0.0,0.0,6.0,B01,138Â 300Â 274,1.0
961790,201900003321,8,12,15:00,1,1,1,1.0,5.0,78623,N12,M,"48,7942660","1,8765260",78,2019,110.0,3.0,1.0,2.0,2149675,10.0,3,4,1,4.0,,6.0,4,1984.0,B01,138Â 300Â 274,0.0,-1.0,-1.0,1641566,2.0,10,,0.0,0.0,6.0,C01,138Â 300Â 276,1.0
961790,201900003321,8,12,15:00,1,1,1,1.0,5.0,78623,N12,M,"48,7942660","1,8765260",78,2019,110.0,3.0,1.0,2.0,2149676,10.0,3,4,1,4.0,,6.0,4,1982.0,C01,138Â 300Â 276,0.0,-1.0,-1.0,1641564,2.0,15,,1.0,1.0,2.0,A01,138Â 300Â 273,1.0
961790,201900003321,8,12,15:00,1,1,1,1.0,5.0,78623,N12,M,"48,7942660","1,8765260",78,2019,110.0,3.0,1.0,2.0,2149676,10.0,3,4,1,4.0,,6.0,4,1982.0,C01,138Â 300Â 276,0.0,-1.0,-1.0,1641565,2.0,10,,0.0,0.0,6.0,B01,138Â 300Â 274,1.0
961790,201900003321,8,12,15:00,1,1,1,1.0,5.0,78623,N12,M,"48,7942660","1,8765260",78,2019,110.0,3.0,1.0,2.0,2149676,10.0,3,4,1,4.0,,6.0,4,1982.0,C01,138Â 300Â 276,0.0,-1.0,-1.0,1641566,2.0,10,,0.0,0.0,6.0,C01,138Â 300Â 276,1.0
961790,201900003321,8,12,15:00,1,1,1,1.0,5.0,78623,N12,M,"48,7942660","1,8765260",78,2019,110.0,3.0,1.0,2.0,2149677,10.0,3,4,1,4.0,,6.0,4,1960.0,C01,138Â 300Â 276,0.0,-1.0,-1.0,1641564,2.0,15,,1.0,1.0,2.0,A01,138Â 300Â 273,1.0
961790,201900003321,8,12,15:00,1,1,1,1.0,5.0,78623,N12,M,"48,7942660","1,8765260",78,2019,110.0,3.0,1.0,2.0,2149677,10.0,3,4,1,4.0,,6.0,4,1960.0,C01,138Â 300Â 276,0.0,-1.0,-1.0,1641565,2.0,10,,0.0,0.0,6.0,B01,138Â 300Â 274,1.0
961790,201900003321,8,12,15:00,1,1,1,1.0,5.0,78623,N12,M,"48,7942660","1,8765260",78,2019,110.0,3.0,1.0,2.0,2149677,10.0,3,4,1,4.0,,6.0,4,1960.0,C01,138Â 300Â 276,0.0,-1.0,-1.0,1641566,2.0,10,,0.0,0.0,6.0,C01,138Â 300Â 276,1.0
961791,201900003322,8,16,16:30,1,1,1,1.0,7.0,2B023,D 147,M,"42,4458100","9,0167510",2B,2019,80.0,1.0,1.0,3.0,2149678,1.0,1,3,1,5.0,,0.0,0,1983.0,A01,138Â 300Â 271,0.0,-1.0,-1.0,1641567,3.0,31,,0.0,0.0,0.0,A01,138Â 300Â 271,1.0
961792,201900003323,6,11,18:00,1,1,1,8.0,1.0,19005,cd 901,M,"45,2339207","1,4252776",19,2019,90.0,1.0,1.0,3.0,2149679,1.0,1,2,2,1.0,,0.0,0,1971.0,B01,138Â 300Â 269,1.0,-1.0,-1.0,1641568,2.0,37,1.0,0.0,2.0,3.0,B01,138Â 300Â 269,1.0
961792,201900003323,6,11,18:00,1,1,1,8.0,1.0,19005,cd 901,M,"45,2339207","1,4252776",19,2019,90.0,1.0,1.0,3.0,2149679,1.0,1,2,2,1.0,,0.0,0,1971.0,B01,138Â 300Â 269,1.0,-1.0,-1.0,1641569,1.0,37,17.0,0.0,2.0,3.0,A01,138Â 300Â 270,1.0
961792,201900003323,6,11,18:00,1,1,1,8.0,1.0,19005,cd 901,M,"45,2339207","1,4252776",19,2019,90.0,1.0,1.0,3.0,2149680,9.0,2,1,1,2.0,,0.0,0,2002.0,A01,138Â 300Â 270,1.0,-1.0,-1.0,1641568,2.0,37,1.0,0.0,2.0,3.0,B01,138Â 300Â 269,1.0
961792,201900003323,6,11,18:00,1,1,1,8.0,1.0,19005,cd 901,M,"45,2339207","1,4252776",19,2019,90.0,1.0,1.0,3.0,2149680,9.0,2,1,1,2.0,,0.0,0,2002.0,A01,138Â 300Â 270,1.0,-1.0,-1.0,1641569,1.0,37,17.0,0.0,2.0,3.0,A01,138Â 300Â 270,1.0
961792,201900003323,6,11,18:00,1,1,1,8.0,1.0,19005,cd 901,M,"45,2339207","1,4252776",19,2019,90.0,1.0,1.0,3.0,2149681,2.0,2,1,2,2.0,,0.0,0,1997.0,A01,138Â 300Â 270,1.0,-1.0,-1.0,1641568,2.0,37,1.0,0.0,2.0,3.0,B01,138Â 300Â 269,1.0
961792,201900003323,6,11,18:00,1,1,1,8.0,1.0,19005,cd 901,M,"45,2339207","1,4252776",19,2019,90.0,1.0,1.0,3.0,2149681,2.0,2,1,2,2.0,,0.0,0,1997.0,A01,138Â 300Â 270,1.0,-1.0,-1.0,1641569,1.0,37,17.0,0.0,2.0,3.0,A01,138Â 300Â 270,1.0
961792,201900003323,6,11,18:00,1,1,1,8.0,1.0,19005,cd 901,M,"45,2339207","1,4252776",19,2019,90.0,1.0,1.0,3.0,2149682,9.0,2,1,1,2.0,,0.0,0,2003.0,A01,138Â 300Â 270,1.0,-1.0,-1.0,1641568,2.0,37,1.0,0.0,2.0,3.0,B01,138Â 300Â 269,1.0
961792,201900003323,6,11,18:00,1,1,1,8.0,1.0,19005,cd 901,M,"45,2339207","1,4252776",19,2019,90.0,1.0,1.0,3.0,2149682,9.0,2,1,1,2.0,,0.0,0,2003.0,A01,138Â 300Â 270,1.0,-1.0,-1.0,1641569,1.0,37,17.0,0.0,2.0,3.0,A01,138Â 300Â 270,1.0
961792,201900003323,6,11,18:00,1,1,1,8.0,1.0,19005,cd 901,M,"45,2339207","1,4252776",19,2019,90.0,1.0,1.0,3.0,2149683,1.0,1,4,1,4.0,,0.0,0,1961.0,A01,138Â 300Â 270,1.0,-1.0,-1.0,1641568,2.0,37,1.0,0.0,2.0,3.0,B01,138Â 300Â 269,1.0
961792,201900003323,6,11,18:00,1,1,1,8.0,1.0,19005,cd 901,M,"45,2339207","1,4252776",19,2019,90.0,1.0,1.0,3.0,2149683,1.0,1,4,1,4.0,,0.0,0,1961.0,A01,138Â 300Â 270,1.0,-1.0,-1.0,1641569,1.0,37,17.0,0.0,2.0,3.0,A01,138Â 300Â 270,1.0
961792,201900003323,6,11,18:00,1,1,1,8.0,1.0,19005,cd 901,M,"45,2339207","1,4252776",19,2019,90.0,1.0,1.0,3.0,2149684,7.0,2,1,1,2.0,,0.0,0,2004.0,A01,138Â 300Â 270,1.0,-1.0,-1.0,1641568,2.0,37,1.0,0.0,2.0,3.0,B01,138Â 300Â 269,1.0
961792,201900003323,6,11,18:00,1,1,1,8.0,1.0,19005,cd 901,M,"45,2339207","1,4252776",19,2019,90.0,1.0,1.0,3.0,2149684,7.0,2,1,1,2.0,,0.0,0,2004.0,A01,138Â 300Â 270,1.0,-1.0,-1.0,1641569,1.0,37,17.0,0.0,2.0,3.0,A01,138Â 300Â 270,1.0
961792,201900003323,6,11,18:00,1,1,1,8.0,1.0,19005,cd 901,M,"45,2339207","1,4252776",19,2019,90.0,1.0,1.0,3.0,2149685,8.0,2,1,1,2.0,,0.0,0,2004.0,A01,138Â 300Â 270,1.0,-1.0,-1.0,1641568,2.0,37,1.0,0.0,2.0,3.0,B01,138Â 300Â 269,1.0
961792,201900003323,6,11,18:00,1,1,1,8.0,1.0,19005,cd 901,M,"45,2339207","1,4252776",19,2019,90.0,1.0,1.0,3.0,2149685,8.0,2,1,1,2.0,,0.0,0,2004.0,A01,138Â 300Â 270,1.0,-1.0,-1.0,1641569,1.0,37,17.0,0.0,2.0,3.0,A01,138Â 300Â 270,1.0
961792,201900003323,6,11,18:00,1,1,1,8.0,1.0,19005,cd 901,M,"45,2339207","1,4252776",19,2019,90.0,1.0,1.0,3.0,2149686,1.0,2,1,1,2.0,,0.0,0,2003.0,A01,138Â 300Â 270,1.0,-1.0,-1.0,1641568,2.0,37,1.0,0.0,2.0,3.0,B01,138Â 300Â 269,1.0
961792,201900003323,6,11,18:00,1,1,1,8.0,1.0,19005,cd 901,M,"45,2339207","1,4252776",19,2019,90.0,1.0,1.0,3.0,2149686,1.0,2,1,1,2.0,,0.0,0,2003.0,A01,138Â 300Â 270,1.0,-1.0,-1.0,1641569,1.0,37,17.0,0.0,2.0,3.0,A01,138Â 300Â 270,1.0
961792,201900003323,6,11,18:00,1,1,1,8.0,1.0,19005,cd 901,M,"45,2339207","1,4252776",19,2019,90.0,1.0,1.0,3.0,2149687,2.0,2,1,1,2.0,,0.0,0,2003.0,A01,138Â 300Â 270,1.0,-1.0,-1.0,1641568,2.0,37,1.0,0.0,2.0,3.0,B01,138Â 300Â 269,1.0
961792,201900003323,6,11,18:00,1,1,1,8.0,1.0,19005,cd 901,M,"45,2339207","1,4252776",19,2019,90.0,1.0,1.0,3.0,2149687,2.0,2,1,1,2.0,,0.0,0,2003.0,A01,138Â 300Â 270,1.0,-1.0,-1.0,1641569,1.0,37,17.0,0.0,2.0,3.0,A01,138Â 300Â 270,1.0
961792,201900003323,6,11,18:00,1,1,1,8.0,1.0,19005,cd 901,M,"45,2339207","1,4252776",19,2019,90.0,1.0,1.0,3.0,2149688,3.0,2,1,1,2.0,,0.0,0,2001.0,A01,138Â 300Â 270,1.0,-1.0,-1.0,1641568,2.0,37,1.0,0.0,2.0,3.0,B01,138Â 300Â 269,1.0
961792,201900003323,6,11,18:00,1,1,1,8.0,1.0,19005,cd 901,M,"45,2339207","1,4252776",19,2019,90.0,1.0,1.0,3.0,2149688,3.0,2,1,1,2.0,,0.0,0,2001.0,A01,138Â 300Â 270,1.0,-1.0,-1.0,1641569,1.0,37,17.0,0.0,2.0,3.0,A01,138Â 300Â 270,1.0
961792,201900003323,6,11,18:00,1,1,1,8.0,1.0,19005,cd 901,M,"45,2339207","1,4252776",19,2019,90.0,1.0,1.0,3.0,2149689,6.0,2,1,2,2.0,,0.0,0,1999.0,A01,138Â 300Â 270,1.0,-1.0,-1.0,1641568,2.0,37,1.0,0.0,2.0,3.0,B01,138Â 300Â 269,1.0
961792,201900003323,6,11,18:00,1,1,1,8.0,1.0,19005,cd 901,M,"45,2339207","1,4252776",19,2019,90.0,1.0,1.0,3.0,2149689,6.0,2,1,2,2.0,,0.0,0,1999.0,A01,138Â 300Â 270,1.0,-1.0,-1.0,1641569,1.0,37,17.0,0.0,2.0,3.0,A01,138Â 300Â 270,1.0
961792,201900003323,6,11,18:00,1,1,1,8.0,1.0,19005,cd 901,M,"45,2339207","1,4252776",19,2019,90.0,1.0,1.0,3.0,2149690,5.0,2,1,1,2.0,,0.0,0,2005.0,A01,138Â 300Â 270,1.0,-1.0,-1.0,1641568,2.0,37,1.0,0.0,2.0,3.0,B01,138Â 300Â 269,1.0
961792,201900003323,6,11,18:00,1,1,1,8.0,1.0,19005,cd 901,M,"45,2339207","1,4252776",19,2019,90.0,1.0,1.0,3.0,2149690,5.0,2,1,1,2.0,,0.0,0,2005.0,A01,138Â 300Â 270,1.0,-1.0,-1.0,1641569,1.0,37,17.0,0.0,2.0,3.0,A01,138Â 300Â 270,1.0
961792,201900003323,6,11,18:00,1,1,1,8.0,1.0,19005,cd 901,M,"45,2339207","1,4252776",19,2019,90.0,1.0,1.0,3.0,2149691,6.0,2,1,1,2.0,,0.0,0,2003.0,A01,138Â 300Â 270,1.0,-1.0,-1.0,1641568,2.0,37,1.0,0.0,2.0,3.0,B01,138Â 300Â 269,1.0
961792,201900003323,6,11,18:00,1,1,1,8.0,1.0,19005,cd 901,M,"45,2339207","1,4252776",19,2019,90.0,1.0,1.0,3.0,2149691,6.0,2,1,1,2.0,,0.0,0,2003.0,A01,138Â 300Â 270,1.0,-1.0,-1.0,1641569,1.0,37,17.0,0.0,2.0,3.0,A01,138Â 300Â 270,1.0
961792,201900003323,6,11,18:00,1,1,1,8.0,1.0,19005,cd 901,M,"45,2339207","1,4252776",19,2019,90.0,1.0,1.0,3.0,2149692,3.0,2,1,1,2.0,,0.0,0,2006.0,A01,138Â 300Â 270,1.0,-1.0,-1.0,1641568,2.0,37,1.0,0.0,2.0,3.0,B01,138Â 300Â 269,1.0
961792,201900003323,6,11,18:00,1,1,1,8.0,1.0,19005,cd 901,M,"45,2339207","1,4252776",19,2019,90.0,1.0,1.0,3.0,2149692,3.0,2,1,1,2.0,,0.0,0,2006.0,A01,138Â 300Â 270,1.0,-1.0,-1.0,1641569,1.0,37,17.0,0.0,2.0,3.0,A01,138Â 300Â 270,1.0
961792,201900003323,6,11,18:00,1,1,1,8.0,1.0,19005,cd 901,M,"45,2339207","1,4252776",19,2019,90.0,1.0,1.0,3.0,2149693,5.0,2,1,1,2.0,,0.0,0,2003.0,A01,138Â 300Â 270,1.0,-1.0,-1.0,1641568,2.0,37,1.0,0.0,2.0,3.0,B01,138Â 300Â 269,1.0
961792,201900003323,6,11,18:00,1,1,1,8.0,1.0,19005,cd 901,M,"45,2339207","1,4252776",19,2019,90.0,1.0,1.0,3.0,2149693,5.0,2,1,1,2.0,,0.0,0,2003.0,A01,138Â 300Â 270,1.0,-1.0,-1.0,1641569,1.0,37,17.0,0.0,2.0,3.0,A01,138Â 300Â 270,1.0
961792,201900003323,6,11,18:00,1,1,1,8.0,1.0,19005,cd 901,M,"45,2339207","1,4252776",19,2019,90.0,1.0,1.0,3.0,2149694,9.0,2,1,1,2.0,,0.0,0,2006.0,A01,138Â 300Â 270,1.0,-1.0,-1.0,1641568,2.0,37,1.0,0.0,2.0,3.0,B01,138Â 300Â 269,1.0
961792,201900003323,6,11,18:00,1,1,1,8.0,1.0,19005,cd 901,M,"45,2339207","1,4252776",19,2019,90.0,1.0,1.0,3.0,2149694,9.0,2,1,1,2.0,,0.0,0,2006.0,A01,138Â 300Â 270,1.0,-1.0,-1.0,1641569,1.0,37,17.0,0.0,2.0,3.0,A01,138Â 300Â 270,1.0
961792,201900003323,6,11,18:00,1,1,1,8.0,1.0,19005,cd 901,M,"45,2339207","1,4252776",19,2019,90.0,1.0,1.0,3.0,2149695,5.0,2,1,2,2.0,,0.0,0,2004.0,A01,138Â 300Â 270,1.0,-1.0,-1.0,1641568,2.0,37,1.0,0.0,2.0,3.0,B01,138Â 300Â 269,1.0
961792,201900003323,6,11,18:00,1,1,1,8.0,1.0,19005,cd 901,M,"45,2339207","1,4252776",19,2019,90.0,1.0,1.0,3.0,2149695,5.0,2,1,2,2.0,,0.0,0,2004.0,A01,138Â 300Â 270,1.0,-1.0,-1.0,1641569,1.0,37,17.0,0.0,2.0,3.0,A01,138Â 300Â 270,1.0
961792,201900003323,6,11,18:00,1,1,1,8.0,1.0,19005,cd 901,M,"45,2339207","1,4252776",19,2019,90.0,1.0,1.0,3.0,2149696,5.0,2,1,1,2.0,,-1.0, -1,2005.0,A01,138Â 300Â 270,1.0,-1.0,-1.0,1641568,2.0,37,1.0,0.0,2.0,3.0,B01,138Â 300Â 269,1.0
961792,201900003323,6,11,18:00,1,1,1,8.0,1.0,19005,cd 901,M,"45,2339207","1,4252776",19,2019,90.0,1.0,1.0,3.0,2149696,5.0,2,1,1,2.0,,-1.0, -1,2005.0,A01,138Â 300Â 270,1.0,-1.0,-1.0,1641569,1.0,37,17.0,0.0,2.0,3.0,A01,138Â 300Â 270,1.0
961793,201900003324,10,21,19:30,3,2,1,1.0,3.0,97415,85 Rue Auguste Vinson,M," -21,0303630","55,2704190",974,2019,50.0,1.0,1.0,4.0,2149697,1.0,1,3,1,0.0,,0.0,0,1989.0,B01,138Â 300Â 272,2.0,-1.0,-1.0,1641570,3.0,31,,0.0,0.0,5.0,B01,138Â 300Â 272,1.0
961793,201900003324,10,21,19:30,3,2,1,1.0,3.0,97415,85 Rue Auguste Vinson,M," -21,0303630","55,2704190",974,2019,50.0,1.0,1.0,4.0,2149697,1.0,1,3,1,0.0,,0.0,0,1989.0,B01,138Â 300Â 272,2.0,-1.0,-1.0,1641571,3.0,7,,0.0,2.0,3.0,A01,138Â 300Â 275,1.0
961793,201900003324,10,21,19:30,3,2,1,1.0,3.0,97415,85 Rue Auguste Vinson,M," -21,0303630","55,2704190",974,2019,50.0,1.0,1.0,4.0,2149698,1.0,1,1,2,5.0,,0.0,0,1965.0,A01,138Â 300Â 275,8.0,-1.0,-1.0,1641570,3.0,31,,0.0,0.0,5.0,B01,138Â 300Â 272,1.0
961793,201900003324,10,21,19:30,3,2,1,1.0,3.0,97415,85 Rue Auguste Vinson,M," -21,0303630","55,2704190",974,2019,50.0,1.0,1.0,4.0,2149698,1.0,1,1,2,5.0,,0.0,0,1965.0,A01,138Â 300Â 275,8.0,-1.0,-1.0,1641571,3.0,7,,0.0,2.0,3.0,A01,138Â 300Â 275,1.0
961794,201900003325,6,10,22:00,3,1,1,1.0,7.0,19117,Les Carrieres de Puymege,M,"45,1246380","1,4691600",19,2019,80.0,3.0,1.0,3.0,2149699,2.0,2,3,1,5.0,,0.0,0,1970.0,A01,138Â 300Â 265,8.0,-1.0,-1.0,1641572,3.0,7,,16.0,0.0,1.0,A01,138Â 300Â 265,1.0
961794,201900003325,6,10,22:00,3,1,1,1.0,7.0,19117,Les Carrieres de Puymege,M,"45,1246380","1,4691600",19,2019,80.0,3.0,1.0,3.0,2149700,1.0,1,3,1,5.0,,0.0,0,1988.0,A01,138Â 300Â 265,8.0,-1.0,-1.0,1641572,3.0,7,,16.0,0.0,1.0,A01,138Â 300Â 265,1.0
961795,201900003326,5,31,16:50,1,1,1,1.0,5.0,56131,La Roche Piriou,M,"48,0157490"," -3,4687700",56,2019,80.0,1.0,1.0,3.0,2149701,1.0,1,1,1,9.0,,0.0,0,1984.0,A01,138Â 300Â 261,1.0,-1.0,-1.0,1641573,2.0,7,,0.0,2.0,1.0,A01,138Â 300Â 261,1.0
961795,201900003326,5,31,16:50,1,1,1,1.0,5.0,56131,La Roche Piriou,M,"48,0157490"," -3,4687700",56,2019,80.0,1.0,1.0,3.0,2149701,1.0,1,1,1,9.0,,0.0,0,1984.0,A01,138Â 300Â 261,1.0,-1.0,-1.0,1641574,1.0,7,,0.0,2.0,1.0,B01,138Â 300Â 262,1.0
961795,201900003326,5,31,16:50,1,1,1,1.0,5.0,56131,La Roche Piriou,M,"48,0157490"," -3,4687700",56,2019,80.0,1.0,1.0,3.0,2149701,1.0,1,1,1,9.0,,0.0,0,1984.0,A01,138Â 300Â 261,1.0,-1.0,-1.0,1641575,1.0,7,,0.0,2.0,8.0,C01,138Â 300Â 263,1.0
961795,201900003326,5,31,16:50,1,1,1,1.0,5.0,56131,La Roche Piriou,M,"48,0157490"," -3,4687700",56,2019,80.0,1.0,1.0,3.0,2149702,1.0,1,3,1,0.0,,0.0,0,1963.0,B01,138Â 300Â 262,1.0,-1.0,-1.0,1641573,2.0,7,,0.0,2.0,1.0,A01,138Â 300Â 261,1.0
961795,201900003326,5,31,16:50,1,1,1,1.0,5.0,56131,La Roche Piriou,M,"48,0157490"," -3,4687700",56,2019,80.0,1.0,1.0,3.0,2149702,1.0,1,3,1,0.0,,0.0,0,1963.0,B01,138Â 300Â 262,1.0,-1.0,-1.0,1641574,1.0,7,,0.0,2.0,1.0,B01,138Â 300Â 262,1.0
961795,201900003326,5,31,16:50,1,1,1,1.0,5.0,56131,La Roche Piriou,M,"48,0157490"," -3,4687700",56,2019,80.0,1.0,1.0,3.0,2149702,1.0,1,3,1,0.0,,0.0,0,1963.0,B01,138Â 300Â 262,1.0,-1.0,-1.0,1641575,1.0,7,,0.0,2.0,8.0,C01,138Â 300Â 263,1.0
961795,201900003326,5,31,16:50,1,1,1,1.0,5.0,56131,La Roche Piriou,M,"48,0157490"," -3,4687700",56,2019,80.0,1.0,1.0,3.0,2149703,2.0,2,1,2,0.0,,0.0,0,1947.0,C01,138Â 300Â 263,1.0,-1.0,-1.0,1641573,2.0,7,,0.0,2.0,1.0,A01,138Â 300Â 261,1.0
961795,201900003326,5,31,16:50,1,1,1,1.0,5.0,56131,La Roche Piriou,M,"48,0157490"," -3,4687700",56,2019,80.0,1.0,1.0,3.0,2149703,2.0,2,1,2,0.0,,0.0,0,1947.0,C01,138Â 300Â 263,1.0,-1.0,-1.0,1641574,1.0,7,,0.0,2.0,1.0,B01,138Â 300Â 262,1.0
961795,201900003326,5,31,16:50,1,1,1,1.0,5.0,56131,La Roche Piriou,M,"48,0157490"," -3,4687700",56,2019,80.0,1.0,1.0,3.0,2149703,2.0,2,1,2,0.0,,0.0,0,1947.0,C01,138Â 300Â 263,1.0,-1.0,-1.0,1641575,1.0,7,,0.0,2.0,8.0,C01,138Â 300Â 263,1.0
961795,201900003326,5,31,16:50,1,1,1,1.0,5.0,56131,La Roche Piriou,M,"48,0157490"," -3,4687700",56,2019,80.0,1.0,1.0,3.0,2149704,1.0,1,1,1,0.0,,0.0,0,1942.0,C01,138Â 300Â 263,1.0,-1.0,-1.0,1641573,2.0,7,,0.0,2.0,1.0,A01,138Â 300Â 261,1.0
961795,201900003326,5,31,16:50,1,1,1,1.0,5.0,56131,La Roche Piriou,M,"48,0157490"," -3,4687700",56,2019,80.0,1.0,1.0,3.0,2149704,1.0,1,1,1,0.0,,0.0,0,1942.0,C01,138Â 300Â 263,1.0,-1.0,-1.0,1641574,1.0,7,,0.0,2.0,1.0,B01,138Â 300Â 262,1.0
961795,201900003326,5,31,16:50,1,1,1,1.0,5.0,56131,La Roche Piriou,M,"48,0157490"," -3,4687700",56,2019,80.0,1.0,1.0,3.0,2149704,1.0,1,1,1,0.0,,0.0,0,1942.0,C01,138Â 300Â 263,1.0,-1.0,-1.0,1641575,1.0,7,,0.0,2.0,8.0,C01,138Â 300Â 263,1.0
961796,201900003327,8,16,16:45,1,2,1,1.0,2.0,34113,Issanka,M,"43,4908136","3,7016416",34,2019,50.0,1.0,1.0,3.0,2149705,1.0,1,1,1,4.0,,0.0,0,1996.0,A01,138Â 300Â 267,1.0,-1.0,-1.0,1641576,0.0,37,1.0,0.0,0.0,4.0,A01,138Â 300Â 267,0.0
961796,201900003327,8,16,16:45,1,2,1,1.0,2.0,34113,Issanka,M,"43,4908136","3,7016416",34,2019,50.0,1.0,1.0,3.0,2149705,1.0,1,1,1,4.0,,0.0,0,1996.0,A01,138Â 300Â 267,1.0,-1.0,-1.0,1641577,0.0,32,,0.0,2.0,1.0,B01,138Â 300Â 268,0.0
961796,201900003327,8,16,16:45,1,2,1,1.0,2.0,34113,Issanka,M,"43,4908136","3,7016416",34,2019,50.0,1.0,1.0,3.0,2149706,2.0,2,1,2,5.0,,0.0,0,1999.0,B01,138Â 300Â 268,2.0,-1.0,-1.0,1641576,0.0,37,1.0,0.0,0.0,4.0,A01,138Â 300Â 267,0.0
961796,201900003327,8,16,16:45,1,2,1,1.0,2.0,34113,Issanka,M,"43,4908136","3,7016416",34,2019,50.0,1.0,1.0,3.0,2149706,2.0,2,1,2,5.0,,0.0,0,1999.0,B01,138Â 300Â 268,2.0,-1.0,-1.0,1641577,0.0,32,,0.0,2.0,1.0,B01,138Â 300Â 268,0.0
961796,201900003327,8,16,16:45,1,2,1,1.0,2.0,34113,Issanka,M,"43,4908136","3,7016416",34,2019,50.0,1.0,1.0,3.0,2149707,1.0,1,4,2,5.0,,0.0,0,1972.0,B01,138Â 300Â 268,2.0,-1.0,-1.0,1641576,0.0,37,1.0,0.0,0.0,4.0,A01,138Â 300Â 267,0.0
961796,201900003327,8,16,16:45,1,2,1,1.0,2.0,34113,Issanka,M,"43,4908136","3,7016416",34,2019,50.0,1.0,1.0,3.0,2149707,1.0,1,4,2,5.0,,0.0,0,1972.0,B01,138Â 300Â 268,2.0,-1.0,-1.0,1641577,0.0,32,,0.0,2.0,1.0,B01,138Â 300Â 268,0.0
961797,201900003328,8,15,04:45,3,2,1,1.0,6.0,34244,route nationale 113,M,"43,6619990","4,0306840",34,2019,90.0,3.0,1.0,2.0,2149708,1.0,1,4,1,1.0,,0.0,0,1969.0,A01,138Â 300Â 259,2.0,-1.0,-1.0,1641578,1.0,2,,6.0,0.0,8.0,A01,138Â 300Â 259,1.0
961798,201900003329,6,13,14:00,1,1,1,1.0,1.0,56207,Saint Thuriau,M,"47,9448650"," -3,0498720",56,2019,50.0,1.0,1.0,3.0,2149709,1.0,1,4,1,5.0,,0.0,0,1957.0,B01,138Â 300Â 258,1.0,-1.0,-1.0,1641579,1.0,7,,0.0,2.0,1.0,B01,138Â 300Â 258,1.0