Unnamed: 0_x,num_acc,mois,jour,hrmn,lum,agg,int,atm,col,com,adr,gps,lat,long,dep,annee,vma,situ,surf,catr,Unnamed: 0_y,place,catu,grav,sexe,trajet,secu,locp,actp,an_nais,num_veh_x,id_vehicule_x,secu1,secu2,secu3,Unnamed: 0,senc,catv,occutc,obs,obsm,choc,num_veh_y,id_vehicule_y,motor
961798,201900003329,6,13,14:00,1,1,1,1.0,1.0,56207,Saint Thuriau,M,"47,9448650"," -3,0498720",56,2019,50.0,1.0,1.0,3.0,2149709,1.0,1,4,1,5.0,,0.0,0,1957.0,B01,138Â 300Â 258,1.0,-1.0,-1.0,1641580,2.0,7,,0.0,2.0,1.0,A01,138Â 300Â 260,1.0
961798,201900003329,6,13,14:00,1,1,1,1.0,1.0,56207,Saint Thuriau,M,"47,9448650"," -3,0498720",56,2019,50.0,1.0,1.0,3.0,2149710,1.0,1,1,1,5.0,,0.0,0,1944.0,A01,138Â 300Â 260,1.0,-1.0,-1.0,1641579,1.0,7,,0.0,2.0,1.0,B01,138Â 300Â 258,1.0
961798,201900003329,6,13,14:00,1,1,1,1.0,1.0,56207,Saint Thuriau,M,"47,9448650"," -3,0498720",56,2019,50.0,1.0,1.0,3.0,2149710,1.0,1,1,1,5.0,,0.0,0,1944.0,A01,138Â 300Â 260,1.0,-1.0,-1.0,1641580,2.0,7,,0.0,2.0,1.0,A01,138Â 300Â 260,1.0
961799,201900003330,6,13,18:00,1,1,1,1.0,1.0,56017,kergal,M,"47,8782810"," -2,7868330",56,2019,70.0,1.0,1.0,4.0,2149711,1.0,1,3,1,1.0,,0.0,0,2001.0,B01,138Â 300Â 255,2.0,6.0,-1.0,1641581,3.0,31,,0.0,2.0,1.0,B01,138Â 300Â 255,0.0
961799,201900003330,6,13,18:00,1,1,1,1.0,1.0,56017,kergal,M,"47,8782810"," -2,7868330",56,2019,70.0,1.0,1.0,4.0,2149711,1.0,1,3,1,1.0,,0.0,0,2001.0,B01,138Â 300Â 255,2.0,6.0,-1.0,1641582,3.0,7,,0.0,2.0,3.0,A01,138Â 300Â 256,0.0
961799,201900003330,6,13,18:00,1,1,1,1.0,1.0,56017,kergal,M,"47,8782810"," -2,7868330",56,2019,70.0,1.0,1.0,4.0,2149712,1.0,1,1,2,1.0,,0.0,0,1988.0,A01,138Â 300Â 256,1.0,-1.0,-1.0,1641581,3.0,31,,0.0,2.0,1.0,B01,138Â 300Â 255,0.0
961799,201900003330,6,13,18:00,1,1,1,1.0,1.0,56017,kergal,M,"47,8782810"," -2,7868330",56,2019,70.0,1.0,1.0,4.0,2149712,1.0,1,1,2,1.0,,0.0,0,1988.0,A01,138Â 300Â 256,1.0,-1.0,-1.0,1641582,3.0,7,,0.0,2.0,3.0,A01,138Â 300Â 256,0.0
961800,201900003331,8,15,09:30,1,1,1,1.0,6.0,84136,d7,M,"44,1442570","4,9860670",84,2019,80.0,1.0,1.0,3.0,2149713,7.0,2,1,2,5.0,,0.0,0,1972.0,B01,138Â 300Â 254,1.0,-1.0,-1.0,1641583,1.0,99,,0.0,9.0,0.0,B01,138Â 300Â 254,1.0
961800,201900003331,8,15,09:30,1,1,1,1.0,6.0,84136,d7,M,"44,1442570","4,9860670",84,2019,80.0,1.0,1.0,3.0,2149713,7.0,2,1,2,5.0,,0.0,0,1972.0,B01,138Â 300Â 254,1.0,-1.0,-1.0,1641584,1.0,33,,0.0,0.0,0.0,A01,138Â 300Â 257,1.0
961800,201900003331,8,15,09:30,1,1,1,1.0,6.0,84136,d7,M,"44,1442570","4,9860670",84,2019,80.0,1.0,1.0,3.0,2149714,2.0,2,1,1,5.0,,0.0,0,1969.0,B01,138Â 300Â 254,1.0,-1.0,-1.0,1641583,1.0,99,,0.0,9.0,0.0,B01,138Â 300Â 254,1.0
961800,201900003331,8,15,09:30,1,1,1,1.0,6.0,84136,d7,M,"44,1442570","4,9860670",84,2019,80.0,1.0,1.0,3.0,2149714,2.0,2,1,1,5.0,,0.0,0,1969.0,B01,138Â 300Â 254,1.0,-1.0,-1.0,1641584,1.0,33,,0.0,0.0,0.0,A01,138Â 300Â 257,1.0
961800,201900003331,8,15,09:30,1,1,1,1.0,6.0,84136,d7,M,"44,1442570","4,9860670",84,2019,80.0,1.0,1.0,3.0,2149715,1.0,1,1,1,5.0,,0.0,0,1949.0,B01,138Â 300Â 254,1.0,-1.0,-1.0,1641583,1.0,99,,0.0,9.0,0.0,B01,138Â 300Â 254,1.0
961800,201900003331,8,15,09:30,1,1,1,1.0,6.0,84136,d7,M,"44,1442570","4,9860670",84,2019,80.0,1.0,1.0,3.0,2149715,1.0,1,1,1,5.0,,0.0,0,1949.0,B01,138Â 300Â 254,1.0,-1.0,-1.0,1641584,1.0,33,,0.0,0.0,0.0,A01,138Â 300Â 257,1.0
961800,201900003331,8,15,09:30,1,1,1,1.0,6.0,84136,d7,M,"44,1442570","4,9860670",84,2019,80.0,1.0,1.0,3.0,2149716,1.0,1,2,1,5.0,,0.0,0,1993.0,A01,138Â 300Â 257,2.0,-1.0,-1.0,1641583,1.0,99,,0.0,9.0,0.0,B01,138Â 300Â 254,1.0
961800,201900003331,8,15,09:30,1,1,1,1.0,6.0,84136,d7,M,"44,1442570","4,9860670",84,2019,80.0,1.0,1.0,3.0,2149716,1.0,1,2,1,5.0,,0.0,0,1993.0,A01,138Â 300Â 257,2.0,-1.0,-1.0,1641584,1.0,33,,0.0,0.0,0.0,A01,138Â 300Â 257,1.0
961801,201900003332,5,30,17:45,1,1,1,1.0,7.0,56024,Queuvre,M,"48,0475390"," -2,7061630",56,2019,50.0,3.0,1.0,4.0,2149717,2.0,2,1,1,0.0,,0.0,0,1971.0,A01,138Â 300Â 253,0.0,-1.0,-1.0,1641585,1.0,35,,16.0,0.0,5.0,A01,138Â 300Â 253,1.0
961801,201900003332,5,30,17:45,1,1,1,1.0,7.0,56024,Queuvre,M,"48,0475390"," -2,7061630",56,2019,50.0,3.0,1.0,4.0,2149718,1.0,1,3,2,1.0,,0.0,0,1975.0,A01,138Â 300Â 253,0.0,-1.0,-1.0,1641585,1.0,35,,16.0,0.0,5.0,A01,138Â 300Â 253,1.0
961802,201900003333,8,14,06:40,2,1,1,1.0,7.0,84122,Route d'Orange,M,"44,0997060","4,9402980",84,2019,80.0,1.0,1.0,3.0,2149719,7.0,2,3,1,5.0,,0.0,0,1997.0,A01,138Â 300Â 252,8.0,-1.0,-1.0,1641586,0.0,7,,0.0,0.0,0.0,A01,138Â 300Â 252,0.0
961802,201900003333,8,14,06:40,2,1,1,1.0,7.0,84122,Route d'Orange,M,"44,0997060","4,9402980",84,2019,80.0,1.0,1.0,3.0,2149720,9.0,2,4,1,5.0,,0.0,0,1989.0,A01,138Â 300Â 252,1.0,-1.0,-1.0,1641586,0.0,7,,0.0,0.0,0.0,A01,138Â 300Â 252,0.0
961802,201900003333,8,14,06:40,2,1,1,1.0,7.0,84122,Route d'Orange,M,"44,0997060","4,9402980",84,2019,80.0,1.0,1.0,3.0,2149721,1.0,1,1,1,5.0,,0.0,0,1999.0,A01,138Â 300Â 252,0.0,-1.0,-1.0,1641586,0.0,7,,0.0,0.0,0.0,A01,138Â 300Â 252,0.0
961803,201900003334,10,22,12:10,1,1,3,1.0,3.0,97801,Route Nationale 7,M,"18,0989500"," -63,0515690",978,2019,70.0,8.0,1.0,2.0,2149722,1.0,1,1,2,5.0,,0.0,0,1982.0,A01,138Â 300Â 264,1.0,-1.0,-1.0,1641587,2.0,7,,0.0,2.0,8.0,A01,138Â 300Â 264,1.0
961803,201900003334,10,22,12:10,1,1,3,1.0,3.0,97801,Route Nationale 7,M,"18,0989500"," -63,0515690",978,2019,70.0,8.0,1.0,2.0,2149722,1.0,1,1,2,5.0,,0.0,0,1982.0,A01,138Â 300Â 264,1.0,-1.0,-1.0,1641588,2.0,2,,0.0,2.0,1.0,B01,138Â 300Â 266,1.0
961803,201900003334,10,22,12:10,1,1,3,1.0,3.0,97801,Route Nationale 7,M,"18,0989500"," -63,0515690",978,2019,70.0,8.0,1.0,2.0,2149723,1.0,1,3,1,5.0,,0.0,0,2002.0,B01,138Â 300Â 266,2.0,-1.0,-1.0,1641587,2.0,7,,0.0,2.0,8.0,A01,138Â 300Â 264,1.0
961803,201900003334,10,22,12:10,1,1,3,1.0,3.0,97801,Route Nationale 7,M,"18,0989500"," -63,0515690",978,2019,70.0,8.0,1.0,2.0,2149723,1.0,1,3,1,5.0,,0.0,0,2002.0,B01,138Â 300Â 266,2.0,-1.0,-1.0,1641588,2.0,2,,0.0,2.0,1.0,B01,138Â 300Â 266,1.0
961804,201900003335,5,26,04:15,3,1,1,1.0,6.0,56060,La Hallais,M,"47,7377100"," -2,1917710",56,2019,80.0,3.0,1.0,4.0,2149724,1.0,1,1,1,5.0,,0.0,0,1998.0,A01,138Â 300Â 251,1.0,-1.0,-1.0,1641589,3.0,7,,2.0,0.0,2.0,A01,138Â 300Â 251,1.0
961804,201900003335,5,26,04:15,3,1,1,1.0,6.0,56060,La Hallais,M,"47,7377100"," -2,1917710",56,2019,80.0,3.0,1.0,4.0,2149725,9.0,2,4,2,5.0,,0.0,0,1990.0,A01,138Â 300Â 251,1.0,-1.0,-1.0,1641589,3.0,7,,2.0,0.0,2.0,A01,138Â 300Â 251,1.0
961804,201900003335,5,26,04:15,3,1,1,1.0,6.0,56060,La Hallais,M,"47,7377100"," -2,1917710",56,2019,80.0,3.0,1.0,4.0,2149726,7.0,2,3,2,5.0,,0.0,0,1998.0,A01,138Â 300Â 251,1.0,-1.0,-1.0,1641589,3.0,7,,2.0,0.0,2.0,A01,138Â 300Â 251,1.0
961805,201900003336,8,14,16:10,1,2,6,1.0,3.0,05065,Rond point du chateau,M,"44,6549470","6,6521250",5,2019,50.0,1.0,1.0,3.0,2149727,2.0,2,1,2,5.0,,0.0,0,1939.0,A01,138Â 300Â 249,1.0,-1.0,-1.0,1641590,1.0,7,,0.0,2.0,3.0,A01,138Â 300Â 249,1.0
961805,201900003336,8,14,16:10,1,2,6,1.0,3.0,05065,Rond point du chateau,M,"44,6549470","6,6521250",5,2019,50.0,1.0,1.0,3.0,2149727,2.0,2,1,2,5.0,,0.0,0,1939.0,A01,138Â 300Â 249,1.0,-1.0,-1.0,1641591,1.0,1,,0.0,2.0,5.0,B01,138Â 300Â 250,5.0
961805,201900003336,8,14,16:10,1,2,6,1.0,3.0,05065,Rond point du chateau,M,"44,6549470","6,6521250",5,2019,50.0,1.0,1.0,3.0,2149728,1.0,1,1,1,5.0,,0.0,0,1939.0,A01,138Â 300Â 249,1.0,-1.0,-1.0,1641590,1.0,7,,0.0,2.0,3.0,A01,138Â 300Â 249,1.0
961805,201900003336,8,14,16:10,1,2,6,1.0,3.0,05065,Rond point du chateau,M,"44,6549470","6,6521250",5,2019,50.0,1.0,1.0,3.0,2149728,1.0,1,1,1,5.0,,0.0,0,1939.0,A01,138Â 300Â 249,1.0,-1.0,-1.0,1641591,1.0,1,,0.0,2.0,5.0,B01,138Â 300Â 250,5.0
961805,201900003336,8,14,16:10,1,2,6,1.0,3.0,05065,Rond point du chateau,M,"44,6549470","6,6521250",5,2019,50.0,1.0,1.0,3.0,2149729,1.0,1,4,1,5.0,,0.0,0,1959.0,B01,138Â 300Â 250,2.0,-1.0,-1.0,1641590,1.0,7,,0.0,2.0,3.0,A01,138Â 300Â 249,1.0
961805,201900003336,8,14,16:10,1,2,6,1.0,3.0,05065,Rond point du chateau,M,"44,6549470","6,6521250",5,2019,50.0,1.0,1.0,3.0,2149729,1.0,1,4,1,5.0,,0.0,0,1959.0,B01,138Â 300Â 250,2.0,-1.0,-1.0,1641591,1.0,1,,0.0,2.0,5.0,B01,138Â 300Â 250,5.0
961806,201900003337,10,23,18:00,2,1,1,3.0,1.0,13051,dÃ©partementale 19,M,"43,5743250","5,1741000",13,2019,80.0,1.0,2.0,3.0,2149730,1.0,1,4,1,1.0,,0.0,0,1998.0,B01,138Â 300Â 247,1.0,5.0,-1.0,1641592,0.0,7,,0.0,2.0,3.0,B01,138Â 300Â 247,1.0
961806,201900003337,10,23,18:00,2,1,1,3.0,1.0,13051,dÃ©partementale 19,M,"43,5743250","5,1741000",13,2019,80.0,1.0,2.0,3.0,2149730,1.0,1,4,1,1.0,,0.0,0,1998.0,B01,138Â 300Â 247,1.0,5.0,-1.0,1641593,0.0,7,,2.0,2.0,3.0,A01,138Â 300Â 248,1.0
961806,201900003337,10,23,18:00,2,1,1,3.0,1.0,13051,dÃ©partementale 19,M,"43,5743250","5,1741000",13,2019,80.0,1.0,2.0,3.0,2149731,1.0,1,1,1,1.0,,0.0,0,1980.0,A01,138Â 300Â 248,1.0,5.0,-1.0,1641592,0.0,7,,0.0,2.0,3.0,B01,138Â 300Â 247,1.0
961806,201900003337,10,23,18:00,2,1,1,3.0,1.0,13051,dÃ©partementale 19,M,"43,5743250","5,1741000",13,2019,80.0,1.0,2.0,3.0,2149731,1.0,1,1,1,1.0,,0.0,0,1980.0,A01,138Â 300Â 248,1.0,5.0,-1.0,1641593,0.0,7,,2.0,2.0,3.0,A01,138Â 300Â 248,1.0
961807,201900003338,6,17,17:00,1,1,1,1.0,6.0,56130,ZA de bellevue,M,"47,7395450"," -3,2220060",56,2019,50.0,3.0,1.0,4.0,2149732,1.0,1,2,1,5.0,,0.0,0,1951.0,A01,138Â 300Â 246,1.0,-1.0,-1.0,1641594,3.0,7,,8.0,0.0,1.0,A01,138Â 300Â 246,1.0
961808,201900003339,8,15,14:40,1,1,1,1.0,1.0,05079,RD1091,M,"45,0305610","6,4434828",5,2019,80.0,1.0,1.0,3.0,2149733,1.0,1,3,1,5.0,,0.0,0,1975.0,B01,138Â 300Â 243,2.0,6.0,-1.0,1641595,2.0,33,,0.0,2.0,3.0,B01,138Â 300Â 243,1.0
961808,201900003339,8,15,14:40,1,1,1,1.0,1.0,05079,RD1091,M,"45,0305610","6,4434828",5,2019,80.0,1.0,1.0,3.0,2149733,1.0,1,3,1,5.0,,0.0,0,1975.0,B01,138Â 300Â 243,2.0,6.0,-1.0,1641596,1.0,7,,0.0,2.0,3.0,A01,138Â 300Â 245,1.0
961808,201900003339,8,15,14:40,1,1,1,1.0,1.0,05079,RD1091,M,"45,0305610","6,4434828",5,2019,80.0,1.0,1.0,3.0,2149734,2.0,2,3,2,5.0,,0.0,0,1976.0,B01,138Â 300Â 243,2.0,6.0,-1.0,1641595,2.0,33,,0.0,2.0,3.0,B01,138Â 300Â 243,1.0
961808,201900003339,8,15,14:40,1,1,1,1.0,1.0,05079,RD1091,M,"45,0305610","6,4434828",5,2019,80.0,1.0,1.0,3.0,2149734,2.0,2,3,2,5.0,,0.0,0,1976.0,B01,138Â 300Â 243,2.0,6.0,-1.0,1641596,1.0,7,,0.0,2.0,3.0,A01,138Â 300Â 245,1.0
961808,201900003339,8,15,14:40,1,1,1,1.0,1.0,05079,RD1091,M,"45,0305610","6,4434828",5,2019,80.0,1.0,1.0,3.0,2149735,1.0,1,1,1,1.0,,0.0,0,1989.0,A01,138Â 300Â 245,1.0,-1.0,-1.0,1641595,2.0,33,,0.0,2.0,3.0,B01,138Â 300Â 243,1.0
961808,201900003339,8,15,14:40,1,1,1,1.0,1.0,05079,RD1091,M,"45,0305610","6,4434828",5,2019,80.0,1.0,1.0,3.0,2149735,1.0,1,1,1,1.0,,0.0,0,1989.0,A01,138Â 300Â 245,1.0,-1.0,-1.0,1641596,1.0,7,,0.0,2.0,3.0,A01,138Â 300Â 245,1.0
961808,201900003339,8,15,14:40,1,1,1,1.0,1.0,05079,RD1091,M,"45,0305610","6,4434828",5,2019,80.0,1.0,1.0,3.0,2149736,2.0,2,1,2,5.0,,0.0,0,2001.0,A01,138Â 300Â 245,1.0,-1.0,-1.0,1641595,2.0,33,,0.0,2.0,3.0,B01,138Â 300Â 243,1.0
961808,201900003339,8,15,14:40,1,1,1,1.0,1.0,05079,RD1091,M,"45,0305610","6,4434828",5,2019,80.0,1.0,1.0,3.0,2149736,2.0,2,1,2,5.0,,0.0,0,2001.0,A01,138Â 300Â 245,1.0,-1.0,-1.0,1641596,1.0,7,,0.0,2.0,3.0,A01,138Â 300Â 245,1.0
961809,201900003340,6,16,19:45,1,2,1,1.0,6.0,56169,Rue GÃ©nÃ©ral de Gaulle,M,"47,6986410"," -3,2541250",56,2019,50.0,1.0,1.0,3.0,2149737,1.0,1,1,1,5.0,,0.0,0,1978.0,A01,138Â 300Â 242,8.0,-1.0,-1.0,1641597,2.0,10,,0.0,1.0,3.0,A01,138Â 300Â 242,1.0
961809,201900003340,6,16,19:45,1,2,1,1.0,6.0,56169,Rue GÃ©nÃ©ral de Gaulle,M,"47,6986410"," -3,2541250",56,2019,50.0,1.0,1.0,3.0,2149738,10.0,3,3,1,5.0,,2.0,1,1968.0,A01,138Â 300Â 242,0.0,-1.0,-1.0,1641597,2.0,10,,0.0,1.0,3.0,A01,138Â 300Â 242,1.0
961810,201900003341,10,22,18:10,1,1,3,1.0,3.0,78043,Route de Saint Cyr,M,"48,8343220","2,0847900",78,2019,70.0,1.0,1.0,3.0,2149739,2.0,2,1,1,0.0,,0.0,0,2001.0,B01,138Â 300Â 241,1.0,-1.0,-1.0,1641598,3.0,7,,0.0,2.0,6.0,B01,138Â 300Â 241,2.0
961810,201900003341,10,22,18:10,1,1,3,1.0,3.0,78043,Route de Saint Cyr,M,"48,8343220","2,0847900",78,2019,70.0,1.0,1.0,3.0,2149739,2.0,2,1,1,0.0,,0.0,0,2001.0,B01,138Â 300Â 241,1.0,-1.0,-1.0,1641599,2.0,33,,0.0,2.0,1.0,A01,138Â 300Â 244,1.0
961810,201900003341,10,22,18:10,1,1,3,1.0,3.0,78043,Route de Saint Cyr,M,"48,8343220","2,0847900",78,2019,70.0,1.0,1.0,3.0,2149740,1.0,1,1,2,0.0,,0.0,0,1966.0,B01,138Â 300Â 241,1.0,-1.0,-1.0,1641598,3.0,7,,0.0,2.0,6.0,B01,138Â 300Â 241,2.0
961810,201900003341,10,22,18:10,1,1,3,1.0,3.0,78043,Route de Saint Cyr,M,"48,8343220","2,0847900",78,2019,70.0,1.0,1.0,3.0,2149740,1.0,1,1,2,0.0,,0.0,0,1966.0,B01,138Â 300Â 241,1.0,-1.0,-1.0,1641599,2.0,33,,0.0,2.0,1.0,A01,138Â 300Â 244,1.0
961810,201900003341,10,22,18:10,1,1,3,1.0,3.0,78043,Route de Saint Cyr,M,"48,8343220","2,0847900",78,2019,70.0,1.0,1.0,3.0,2149741,1.0,1,3,2,1.0,,0.0,0,1985.0,A01,138Â 300Â 244,2.0,6.0,9.0,1641598,3.0,7,,0.0,2.0,6.0,B01,138Â 300Â 241,2.0
961810,201900003341,10,22,18:10,1,1,3,1.0,3.0,78043,Route de Saint Cyr,M,"48,8343220","2,0847900",78,2019,70.0,1.0,1.0,3.0,2149741,1.0,1,3,2,1.0,,0.0,0,1985.0,A01,138Â 300Â 244,2.0,6.0,9.0,1641599,2.0,33,,0.0,2.0,1.0,A01,138Â 300Â 244,1.0
961811,201900003342,8,16,16:20,1,1,1,1.0,5.0,04039,RD 952,M,"43,8304050","6,4728950",4,2019,80.0,1.0,1.0,3.0,2149742,1.0,1,3,1,5.0,,0.0,0,1976.0,D01,138Â 300Â 235,2.0,6.0,9.0,1641600,1.0,33,,0.0,2.0,1.0,D01,138Â 300Â 235,1.0
961811,201900003342,8,16,16:20,1,1,1,1.0,5.0,04039,RD 952,M,"43,8304050","6,4728950",4,2019,80.0,1.0,1.0,3.0,2149742,1.0,1,3,1,5.0,,0.0,0,1976.0,D01,138Â 300Â 235,2.0,6.0,9.0,1641601,1.0,33,,0.0,2.0,1.0,C01,138Â 300Â 238,1.0
961811,201900003342,8,16,16:20,1,1,1,1.0,5.0,04039,RD 952,M,"43,8304050","6,4728950",4,2019,80.0,1.0,1.0,3.0,2149742,1.0,1,3,1,5.0,,0.0,0,1976.0,D01,138Â 300Â 235,2.0,6.0,9.0,1641602,2.0,7,,13.0,2.0,3.0,B01,138Â 300Â 239,1.0
961811,201900003342,8,16,16:20,1,1,1,1.0,5.0,04039,RD 952,M,"43,8304050","6,4728950",4,2019,80.0,1.0,1.0,3.0,2149742,1.0,1,3,1,5.0,,0.0,0,1976.0,D01,138Â 300Â 235,2.0,6.0,9.0,1641603,1.0,7,,0.0,2.0,3.0,A01,138Â 300Â 240,1.0
961811,201900003342,8,16,16:20,1,1,1,1.0,5.0,04039,RD 952,M,"43,8304050","6,4728950",4,2019,80.0,1.0,1.0,3.0,2149743,1.0,1,3,1,5.0,,0.0,0,1977.0,C01,138Â 300Â 238,2.0,6.0,9.0,1641600,1.0,33,,0.0,2.0,1.0,D01,138Â 300Â 235,1.0
961811,201900003342,8,16,16:20,1,1,1,1.0,5.0,04039,RD 952,M,"43,8304050","6,4728950",4,2019,80.0,1.0,1.0,3.0,2149743,1.0,1,3,1,5.0,,0.0,0,1977.0,C01,138Â 300Â 238,2.0,6.0,9.0,1641601,1.0,33,,0.0,2.0,1.0,C01,138Â 300Â 238,1.0
961811,201900003342,8,16,16:20,1,1,1,1.0,5.0,04039,RD 952,M,"43,8304050","6,4728950",4,2019,80.0,1.0,1.0,3.0,2149743,1.0,1,3,1,5.0,,0.0,0,1977.0,C01,138Â 300Â 238,2.0,6.0,9.0,1641602,2.0,7,,13.0,2.0,3.0,B01,138Â 300Â 239,1.0
961811,201900003342,8,16,16:20,1,1,1,1.0,5.0,04039,RD 952,M,"43,8304050","6,4728950",4,2019,80.0,1.0,1.0,3.0,2149743,1.0,1,3,1,5.0,,0.0,0,1977.0,C01,138Â 300Â 238,2.0,6.0,9.0,1641603,1.0,7,,0.0,2.0,3.0,A01,138Â 300Â 240,1.0
961811,201900003342,8,16,16:20,1,1,1,1.0,5.0,04039,RD 952,M,"43,8304050","6,4728950",4,2019,80.0,1.0,1.0,3.0,2149744,1.0,1,1,1,4.0,,0.0,0,1963.0,B01,138Â 300Â 239,1.0,-1.0,-1.0,1641600,1.0,33,,0.0,2.0,1.0,D01,138Â 300Â 235,1.0
961811,201900003342,8,16,16:20,1,1,1,1.0,5.0,04039,RD 952,M,"43,8304050","6,4728950",4,2019,80.0,1.0,1.0,3.0,2149744,1.0,1,1,1,4.0,,0.0,0,1963.0,B01,138Â 300Â 239,1.0,-1.0,-1.0,1641601,1.0,33,,0.0,2.0,1.0,C01,138Â 300Â 238,1.0
961811,201900003342,8,16,16:20,1,1,1,1.0,5.0,04039,RD 952,M,"43,8304050","6,4728950",4,2019,80.0,1.0,1.0,3.0,2149744,1.0,1,1,1,4.0,,0.0,0,1963.0,B01,138Â 300Â 239,1.0,-1.0,-1.0,1641602,2.0,7,,13.0,2.0,3.0,B01,138Â 300Â 239,1.0
961811,201900003342,8,16,16:20,1,1,1,1.0,5.0,04039,RD 952,M,"43,8304050","6,4728950",4,2019,80.0,1.0,1.0,3.0,2149744,1.0,1,1,1,4.0,,0.0,0,1963.0,B01,138Â 300Â 239,1.0,-1.0,-1.0,1641603,1.0,7,,0.0,2.0,3.0,A01,138Â 300Â 240,1.0
961811,201900003342,8,16,16:20,1,1,1,1.0,5.0,04039,RD 952,M,"43,8304050","6,4728950",4,2019,80.0,1.0,1.0,3.0,2149745,9.0,2,1,2,4.0,,0.0,0,1977.0,B01,138Â 300Â 239,1.0,-1.0,-1.0,1641600,1.0,33,,0.0,2.0,1.0,D01,138Â 300Â 235,1.0
961811,201900003342,8,16,16:20,1,1,1,1.0,5.0,04039,RD 952,M,"43,8304050","6,4728950",4,2019,80.0,1.0,1.0,3.0,2149745,9.0,2,1,2,4.0,,0.0,0,1977.0,B01,138Â 300Â 239,1.0,-1.0,-1.0,1641601,1.0,33,,0.0,2.0,1.0,C01,138Â 300Â 238,1.0
961811,201900003342,8,16,16:20,1,1,1,1.0,5.0,04039,RD 952,M,"43,8304050","6,4728950",4,2019,80.0,1.0,1.0,3.0,2149745,9.0,2,1,2,4.0,,0.0,0,1977.0,B01,138Â 300Â 239,1.0,-1.0,-1.0,1641602,2.0,7,,13.0,2.0,3.0,B01,138Â 300Â 239,1.0
961811,201900003342,8,16,16:20,1,1,1,1.0,5.0,04039,RD 952,M,"43,8304050","6,4728950",4,2019,80.0,1.0,1.0,3.0,2149745,9.0,2,1,2,4.0,,0.0,0,1977.0,B01,138Â 300Â 239,1.0,-1.0,-1.0,1641603,1.0,7,,0.0,2.0,3.0,A01,138Â 300Â 240,1.0
961811,201900003342,8,16,16:20,1,1,1,1.0,5.0,04039,RD 952,M,"43,8304050","6,4728950",4,2019,80.0,1.0,1.0,3.0,2149746,2.0,2,1,2,4.0,,0.0,0,1990.0,B01,138Â 300Â 239,1.0,-1.0,-1.0,1641600,1.0,33,,0.0,2.0,1.0,D01,138Â 300Â 235,1.0
961811,201900003342,8,16,16:20,1,1,1,1.0,5.0,04039,RD 952,M,"43,8304050","6,4728950",4,2019,80.0,1.0,1.0,3.0,2149746,2.0,2,1,2,4.0,,0.0,0,1990.0,B01,138Â 300Â 239,1.0,-1.0,-1.0,1641601,1.0,33,,0.0,2.0,1.0,C01,138Â 300Â 238,1.0
961811,201900003342,8,16,16:20,1,1,1,1.0,5.0,04039,RD 952,M,"43,8304050","6,4728950",4,2019,80.0,1.0,1.0,3.0,2149746,2.0,2,1,2,4.0,,0.0,0,1990.0,B01,138Â 300Â 239,1.0,-1.0,-1.0,1641602,2.0,7,,13.0,2.0,3.0,B01,138Â 300Â 239,1.0
961811,201900003342,8,16,16:20,1,1,1,1.0,5.0,04039,RD 952,M,"43,8304050","6,4728950",4,2019,80.0,1.0,1.0,3.0,2149746,2.0,2,1,2,4.0,,0.0,0,1990.0,B01,138Â 300Â 239,1.0,-1.0,-1.0,1641603,1.0,7,,0.0,2.0,3.0,A01,138Â 300Â 240,1.0
961811,201900003342,8,16,16:20,1,1,1,1.0,5.0,04039,RD 952,M,"43,8304050","6,4728950",4,2019,80.0,1.0,1.0,3.0,2149747,2.0,2,1,2,5.0,,0.0,0,1960.0,A01,138Â 300Â 240,1.0,-1.0,-1.0,1641600,1.0,33,,0.0,2.0,1.0,D01,138Â 300Â 235,1.0
961811,201900003342,8,16,16:20,1,1,1,1.0,5.0,04039,RD 952,M,"43,8304050","6,4728950",4,2019,80.0,1.0,1.0,3.0,2149747,2.0,2,1,2,5.0,,0.0,0,1960.0,A01,138Â 300Â 240,1.0,-1.0,-1.0,1641601,1.0,33,,0.0,2.0,1.0,C01,138Â 300Â 238,1.0
961811,201900003342,8,16,16:20,1,1,1,1.0,5.0,04039,RD 952,M,"43,8304050","6,4728950",4,2019,80.0,1.0,1.0,3.0,2149747,2.0,2,1,2,5.0,,0.0,0,1960.0,A01,138Â 300Â 240,1.0,-1.0,-1.0,1641602,2.0,7,,13.0,2.0,3.0,B01,138Â 300Â 239,1.0
961811,201900003342,8,16,16:20,1,1,1,1.0,5.0,04039,RD 952,M,"43,8304050","6,4728950",4,2019,80.0,1.0,1.0,3.0,2149747,2.0,2,1,2,5.0,,0.0,0,1960.0,A01,138Â 300Â 240,1.0,-1.0,-1.0,1641603,1.0,7,,0.0,2.0,3.0,A01,138Â 300Â 240,1.0
961811,201900003342,8,16,16:20,1,1,1,1.0,5.0,04039,RD 952,M,"43,8304050","6,4728950",4,2019,80.0,1.0,1.0,3.0,2149748,1.0,1,1,1,5.0,,0.0,0,1960.0,A01,138Â 300Â 240,1.0,-1.0,-1.0,1641600,1.0,33,,0.0,2.0,1.0,D01,138Â 300Â 235,1.0
961811,201900003342,8,16,16:20,1,1,1,1.0,5.0,04039,RD 952,M,"43,8304050","6,4728950",4,2019,80.0,1.0,1.0,3.0,2149748,1.0,1,1,1,5.0,,0.0,0,1960.0,A01,138Â 300Â 240,1.0,-1.0,-1.0,1641601,1.0,33,,0.0,2.0,1.0,C01,138Â 300Â 238,1.0