Unnamed: 0_x,num_acc,mois,jour,hrmn,lum,agg,int,atm,col,com,adr,gps,lat,long,dep,annee,vma,situ,surf,catr,Unnamed: 0_y,place,catu,grav,sexe,trajet,secu,locp,actp,an_nais,num_veh_x,id_vehicule_x,secu1,secu2,secu3,Unnamed: 0,senc,catv,occutc,obs,obsm,choc,num_veh_y,id_vehicule_y,motor
961811,201900003342,8,16,16:20,1,1,1,1.0,5.0,04039,RD 952,M,"43,8304050","6,4728950",4,2019,80.0,1.0,1.0,3.0,2149748,1.0,1,1,1,5.0,,0.0,0,1960.0,A01,138Â 300Â 240,1.0,-1.0,-1.0,1641602,2.0,7,,13.0,2.0,3.0,B01,138Â 300Â 239,1.0
961811,201900003342,8,16,16:20,1,1,1,1.0,5.0,04039,RD 952,M,"43,8304050","6,4728950",4,2019,80.0,1.0,1.0,3.0,2149748,1.0,1,1,1,5.0,,0.0,0,1960.0,A01,138Â 300Â 240,1.0,-1.0,-1.0,1641603,1.0,7,,0.0,2.0,3.0,A01,138Â 300Â 240,1.0
961812,201900003343,10,23,18:45,5,2,2,1.0,3.0,74268,15 Rue du PrÃ© Fornet,M,"45,8831850","6,1061010",74,2019,50.0,1.0,1.0,4.0,2149749,1.0,1,4,2,0.0,,0.0,0,1994.0,B01,138Â 300Â 233,1.0,-1.0,-1.0,1641604,2.0,7,,0.0,2.0,7.0,B01,138Â 300Â 233,1.0
961812,201900003343,10,23,18:45,5,2,2,1.0,3.0,74268,15 Rue du PrÃ© Fornet,M,"45,8831850","6,1061010",74,2019,50.0,1.0,1.0,4.0,2149749,1.0,1,4,2,0.0,,0.0,0,1994.0,B01,138Â 300Â 233,1.0,-1.0,-1.0,1641605,3.0,2,,0.0,2.0,1.0,A01,138Â 300Â 236,1.0
961812,201900003343,10,23,18:45,5,2,2,1.0,3.0,74268,15 Rue du PrÃ© Fornet,M,"45,8831850","6,1061010",74,2019,50.0,1.0,1.0,4.0,2149750,1.0,1,4,1,0.0,,0.0,0,2002.0,A01,138Â 300Â 236,2.0,6.0,-1.0,1641604,2.0,7,,0.0,2.0,7.0,B01,138Â 300Â 233,1.0
961812,201900003343,10,23,18:45,5,2,2,1.0,3.0,74268,15 Rue du PrÃ© Fornet,M,"45,8831850","6,1061010",74,2019,50.0,1.0,1.0,4.0,2149750,1.0,1,4,1,0.0,,0.0,0,2002.0,A01,138Â 300Â 236,2.0,6.0,-1.0,1641605,3.0,2,,0.0,2.0,1.0,A01,138Â 300Â 236,1.0
961813,201900003344,6,13,07:20,2,1,1,2.0,1.0,56040,Kerchopine,M,"47,8907430"," -3,3401100",56,2019,80.0,1.0,2.0,3.0,2149751,2.0,2,3,2,5.0,,0.0,0,1959.0,A01,138Â 300Â 234,0.0,-1.0,-1.0,1641606,1.0,7,,0.0,2.0,1.0,A01,138Â 300Â 234,1.0
961813,201900003344,6,13,07:20,2,1,1,2.0,1.0,56040,Kerchopine,M,"47,8907430"," -3,3401100",56,2019,80.0,1.0,2.0,3.0,2149751,2.0,2,3,2,5.0,,0.0,0,1959.0,A01,138Â 300Â 234,0.0,-1.0,-1.0,1641607,2.0,10,,0.0,2.0,2.0,B01,138Â 300Â 237,1.0
961813,201900003344,6,13,07:20,2,1,1,2.0,1.0,56040,Kerchopine,M,"47,8907430"," -3,3401100",56,2019,80.0,1.0,2.0,3.0,2149752,1.0,1,3,1,5.0,,0.0,0,1954.0,A01,138Â 300Â 234,1.0,5.0,-1.0,1641606,1.0,7,,0.0,2.0,1.0,A01,138Â 300Â 234,1.0
961813,201900003344,6,13,07:20,2,1,1,2.0,1.0,56040,Kerchopine,M,"47,8907430"," -3,3401100",56,2019,80.0,1.0,2.0,3.0,2149752,1.0,1,3,1,5.0,,0.0,0,1954.0,A01,138Â 300Â 234,1.0,5.0,-1.0,1641607,2.0,10,,0.0,2.0,2.0,B01,138Â 300Â 237,1.0
961813,201900003344,6,13,07:20,2,1,1,2.0,1.0,56040,Kerchopine,M,"47,8907430"," -3,3401100",56,2019,80.0,1.0,2.0,3.0,2149753,1.0,1,1,1,1.0,,0.0,0,1997.0,B01,138Â 300Â 237,1.0,-1.0,-1.0,1641606,1.0,7,,0.0,2.0,1.0,A01,138Â 300Â 234,1.0
961813,201900003344,6,13,07:20,2,1,1,2.0,1.0,56040,Kerchopine,M,"47,8907430"," -3,3401100",56,2019,80.0,1.0,2.0,3.0,2149753,1.0,1,1,1,1.0,,0.0,0,1997.0,B01,138Â 300Â 237,1.0,-1.0,-1.0,1641607,2.0,10,,0.0,2.0,2.0,B01,138Â 300Â 237,1.0
961814,201900003345,8,16,15:25,1,1,1,1.0,3.0,04183,RD 955,M,"43,9128070","6,5484040",4,2019,80.0,1.0,1.0,3.0,2149754,1.0,1,4,1,5.0,,0.0,0,1996.0,A01,138Â 300Â 231,2.0,6.0,9.0,1641608,2.0,33,,0.0,2.0,1.0,A01,138Â 300Â 231,1.0
961814,201900003345,8,16,15:25,1,1,1,1.0,3.0,04183,RD 955,M,"43,9128070","6,5484040",4,2019,80.0,1.0,1.0,3.0,2149754,1.0,1,4,1,5.0,,0.0,0,1996.0,A01,138Â 300Â 231,2.0,6.0,9.0,1641609,2.0,7,,0.0,2.0,3.0,B01,138Â 300Â 232,1.0
961814,201900003345,8,16,15:25,1,1,1,1.0,3.0,04183,RD 955,M,"43,9128070","6,5484040",4,2019,80.0,1.0,1.0,3.0,2149755,2.0,2,1,2,5.0,,0.0,0,1997.0,B01,138Â 300Â 232,1.0,-1.0,-1.0,1641608,2.0,33,,0.0,2.0,1.0,A01,138Â 300Â 231,1.0
961814,201900003345,8,16,15:25,1,1,1,1.0,3.0,04183,RD 955,M,"43,9128070","6,5484040",4,2019,80.0,1.0,1.0,3.0,2149755,2.0,2,1,2,5.0,,0.0,0,1997.0,B01,138Â 300Â 232,1.0,-1.0,-1.0,1641609,2.0,7,,0.0,2.0,3.0,B01,138Â 300Â 232,1.0
961814,201900003345,8,16,15:25,1,1,1,1.0,3.0,04183,RD 955,M,"43,9128070","6,5484040",4,2019,80.0,1.0,1.0,3.0,2149756,1.0,1,1,1,5.0,,0.0,0,1997.0,B01,138Â 300Â 232,1.0,-1.0,-1.0,1641608,2.0,33,,0.0,2.0,1.0,A01,138Â 300Â 231,1.0
961814,201900003345,8,16,15:25,1,1,1,1.0,3.0,04183,RD 955,M,"43,9128070","6,5484040",4,2019,80.0,1.0,1.0,3.0,2149756,1.0,1,1,1,5.0,,0.0,0,1997.0,B01,138Â 300Â 232,1.0,-1.0,-1.0,1641609,2.0,7,,0.0,2.0,3.0,B01,138Â 300Â 232,1.0
961815,201900003346,6,15,04:30,3,1,1,1.0,7.0,56248,route de Sulniac D183,M,"47,5952000"," -2,6218770",56,2019,80.0,3.0,1.0,3.0,2149757,1.0,1,2,1,5.0,,0.0,0,1980.0,A01,138Â 300Â 229,2.0,-1.0,-1.0,1641610,1.0,33,,2.0,0.0,1.0,A01,138Â 300Â 229,1.0
961816,201900003347,10,23,01:20,3,2,1,1.0,1.0,06085,D6185,M,"43,5879010","7,0035760",6,2019,90.0,1.0,1.0,3.0,2149758,1.0,1,1,1,0.0,,0.0,0,1982.0,B01,138Â 300Â 228,1.0,-1.0,-1.0,1641611,2.0,7,,1.0,0.0,2.0,B01,138Â 300Â 228,0.0
961816,201900003347,10,23,01:20,3,2,1,1.0,1.0,06085,D6185,M,"43,5879010","7,0035760",6,2019,90.0,1.0,1.0,3.0,2149758,1.0,1,1,1,0.0,,0.0,0,1982.0,B01,138Â 300Â 228,1.0,-1.0,-1.0,1641612,2.0,7,,14.0,0.0,7.0,A01,138Â 300Â 230,0.0
961816,201900003347,10,23,01:20,3,2,1,1.0,1.0,06085,D6185,M,"43,5879010","7,0035760",6,2019,90.0,1.0,1.0,3.0,2149759,1.0,1,2,1,0.0,,0.0,0,1978.0,A01,138Â 300Â 230,8.0,-1.0,-1.0,1641611,2.0,7,,1.0,0.0,2.0,B01,138Â 300Â 228,0.0
961816,201900003347,10,23,01:20,3,2,1,1.0,1.0,06085,D6185,M,"43,5879010","7,0035760",6,2019,90.0,1.0,1.0,3.0,2149759,1.0,1,2,1,0.0,,0.0,0,1978.0,A01,138Â 300Â 230,8.0,-1.0,-1.0,1641612,2.0,7,,14.0,0.0,7.0,A01,138Â 300Â 230,0.0
961817,201900003348,8,15,11:00,1,1,1,1.0,1.0,04148,RD 4085,M,"43,7973677","6,6257821",4,2019,80.0,1.0,1.0,3.0,2149760,2.0,2,1,2,5.0,,0.0,0,1945.0,B01,138Â 300Â 224,1.0,-1.0,-1.0,1641613,1.0,7,,0.0,2.0,3.0,B01,138Â 300Â 224,1.0
961817,201900003348,8,15,11:00,1,1,1,1.0,1.0,04148,RD 4085,M,"43,7973677","6,6257821",4,2019,80.0,1.0,1.0,3.0,2149760,2.0,2,1,2,5.0,,0.0,0,1945.0,B01,138Â 300Â 224,1.0,-1.0,-1.0,1641614,2.0,33,,0.0,2.0,1.0,A01,138Â 300Â 227,1.0
961817,201900003348,8,15,11:00,1,1,1,1.0,1.0,04148,RD 4085,M,"43,7973677","6,6257821",4,2019,80.0,1.0,1.0,3.0,2149761,1.0,1,1,1,5.0,,0.0,0,1950.0,B01,138Â 300Â 224,1.0,-1.0,-1.0,1641613,1.0,7,,0.0,2.0,3.0,B01,138Â 300Â 224,1.0
961817,201900003348,8,15,11:00,1,1,1,1.0,1.0,04148,RD 4085,M,"43,7973677","6,6257821",4,2019,80.0,1.0,1.0,3.0,2149761,1.0,1,1,1,5.0,,0.0,0,1950.0,B01,138Â 300Â 224,1.0,-1.0,-1.0,1641614,2.0,33,,0.0,2.0,1.0,A01,138Â 300Â 227,1.0
961817,201900003348,8,15,11:00,1,1,1,1.0,1.0,04148,RD 4085,M,"43,7973677","6,6257821",4,2019,80.0,1.0,1.0,3.0,2149762,1.0,1,4,1,5.0,,0.0,0,1984.0,A01,138Â 300Â 227,2.0,6.0,9.0,1641613,1.0,7,,0.0,2.0,3.0,B01,138Â 300Â 224,1.0
961817,201900003348,8,15,11:00,1,1,1,1.0,1.0,04148,RD 4085,M,"43,7973677","6,6257821",4,2019,80.0,1.0,1.0,3.0,2149762,1.0,1,4,1,5.0,,0.0,0,1984.0,A01,138Â 300Â 227,2.0,6.0,9.0,1641614,2.0,33,,0.0,2.0,1.0,A01,138Â 300Â 227,1.0
961818,201900003349,6,20,12:20,1,2,3,1.0,1.0,56143,Route de Billiers,M,"47,5518730"," -2,4821010",56,2019,50.0,1.0,1.0,3.0,2149763,1.0,1,1,1,5.0,,0.0,0,1999.0,B01,138Â 300Â 223,1.0,-1.0,-1.0,1641615,2.0,7,,0.0,2.0,2.0,B01,138Â 300Â 223,6.0
961818,201900003349,6,20,12:20,1,2,3,1.0,1.0,56143,Route de Billiers,M,"47,5518730"," -2,4821010",56,2019,50.0,1.0,1.0,3.0,2149763,1.0,1,1,1,5.0,,0.0,0,1999.0,B01,138Â 300Â 223,1.0,-1.0,-1.0,1641616,1.0,2,,0.0,2.0,1.0,A01,138Â 300Â 226,6.0
961818,201900003349,6,20,12:20,1,2,3,1.0,1.0,56143,Route de Billiers,M,"47,5518730"," -2,4821010",56,2019,50.0,1.0,1.0,3.0,2149764,1.0,1,3,1,5.0,,0.0,0,2003.0,A01,138Â 300Â 226,2.0,-1.0,-1.0,1641615,2.0,7,,0.0,2.0,2.0,B01,138Â 300Â 223,6.0
961818,201900003349,6,20,12:20,1,2,3,1.0,1.0,56143,Route de Billiers,M,"47,5518730"," -2,4821010",56,2019,50.0,1.0,1.0,3.0,2149764,1.0,1,3,1,5.0,,0.0,0,2003.0,A01,138Â 300Â 226,2.0,-1.0,-1.0,1641616,1.0,2,,0.0,2.0,1.0,A01,138Â 300Â 226,6.0
961819,201900003350,10,23,15:45,1,1,1,1.0,2.0,89333,A6,M,"47,5045487","4,0459049",89,2019,130.0,1.0,1.0,1.0,2149765,1.0,1,4,1,4.0,,0.0,0,1970.0,A01,138Â 300Â 222,1.0,-1.0,-1.0,1641617,2.0,7,,0.0,2.0,2.0,A01,138Â 300Â 222,1.0
961819,201900003350,10,23,15:45,1,1,1,1.0,2.0,89333,A6,M,"47,5045487","4,0459049",89,2019,130.0,1.0,1.0,1.0,2149765,1.0,1,4,1,4.0,,0.0,0,1970.0,A01,138Â 300Â 222,1.0,-1.0,-1.0,1641618,2.0,17,,0.0,2.0,6.0,B01,138Â 300Â 225,1.0
961819,201900003350,10,23,15:45,1,1,1,1.0,2.0,89333,A6,M,"47,5045487","4,0459049",89,2019,130.0,1.0,1.0,1.0,2149766,2.0,2,1,1,4.0,,0.0,0,1986.0,A01,138Â 300Â 222,1.0,-1.0,-1.0,1641617,2.0,7,,0.0,2.0,2.0,A01,138Â 300Â 222,1.0
961819,201900003350,10,23,15:45,1,1,1,1.0,2.0,89333,A6,M,"47,5045487","4,0459049",89,2019,130.0,1.0,1.0,1.0,2149766,2.0,2,1,1,4.0,,0.0,0,1986.0,A01,138Â 300Â 222,1.0,-1.0,-1.0,1641618,2.0,17,,0.0,2.0,6.0,B01,138Â 300Â 225,1.0
961819,201900003350,10,23,15:45,1,1,1,1.0,2.0,89333,A6,M,"47,5045487","4,0459049",89,2019,130.0,1.0,1.0,1.0,2149767,9.0,2,1,1,9.0,,0.0,0,1954.0,A01,138Â 300Â 222,1.0,-1.0,-1.0,1641617,2.0,7,,0.0,2.0,2.0,A01,138Â 300Â 222,1.0
961819,201900003350,10,23,15:45,1,1,1,1.0,2.0,89333,A6,M,"47,5045487","4,0459049",89,2019,130.0,1.0,1.0,1.0,2149767,9.0,2,1,1,9.0,,0.0,0,1954.0,A01,138Â 300Â 222,1.0,-1.0,-1.0,1641618,2.0,17,,0.0,2.0,6.0,B01,138Â 300Â 225,1.0
961819,201900003350,10,23,15:45,1,1,1,1.0,2.0,89333,A6,M,"47,5045487","4,0459049",89,2019,130.0,1.0,1.0,1.0,2149768,8.0,2,4,1,9.0,,0.0,0,1984.0,A01,138Â 300Â 222,1.0,-1.0,-1.0,1641617,2.0,7,,0.0,2.0,2.0,A01,138Â 300Â 222,1.0
961819,201900003350,10,23,15:45,1,1,1,1.0,2.0,89333,A6,M,"47,5045487","4,0459049",89,2019,130.0,1.0,1.0,1.0,2149768,8.0,2,4,1,9.0,,0.0,0,1984.0,A01,138Â 300Â 222,1.0,-1.0,-1.0,1641618,2.0,17,,0.0,2.0,6.0,B01,138Â 300Â 225,1.0
961819,201900003350,10,23,15:45,1,1,1,1.0,2.0,89333,A6,M,"47,5045487","4,0459049",89,2019,130.0,1.0,1.0,1.0,2149769,1.0,1,1,1,4.0,,0.0,0,1970.0,B01,138Â 300Â 225,1.0,-1.0,-1.0,1641617,2.0,7,,0.0,2.0,2.0,A01,138Â 300Â 222,1.0
961819,201900003350,10,23,15:45,1,1,1,1.0,2.0,89333,A6,M,"47,5045487","4,0459049",89,2019,130.0,1.0,1.0,1.0,2149769,1.0,1,1,1,4.0,,0.0,0,1970.0,B01,138Â 300Â 225,1.0,-1.0,-1.0,1641618,2.0,17,,0.0,2.0,6.0,B01,138Â 300Â 225,1.0
961820,201900003351,5,31,14:15,1,1,1,1.0,6.0,56157,Kerhorno,M,"47,7981280"," -2,7293370",56,2019,80.0,3.0,1.0,3.0,2149770,1.0,1,4,2,1.0,,0.0,0,2001.0,A01,138Â 300Â 221,1.0,-1.0,-1.0,1641619,1.0,7,,7.0,0.0,7.0,A01,138Â 300Â 221,1.0
961821,201900003352,8,17,11:29,1,1,3,1.0,2.0,04195,RD 900 Karting,M,"44,3893180","6,5937020",4,2019,80.0,1.0,1.0,3.0,2149771,1.0,1,3,1,5.0,,0.0,0,1964.0,A01,138Â 300Â 218,2.0,6.0,-1.0,1641620,2.0,33,,14.0,2.0,1.0,A01,138Â 300Â 218,1.0
961821,201900003352,8,17,11:29,1,1,3,1.0,2.0,04195,RD 900 Karting,M,"44,3893180","6,5937020",4,2019,80.0,1.0,1.0,3.0,2149771,1.0,1,3,1,5.0,,0.0,0,1964.0,A01,138Â 300Â 218,2.0,6.0,-1.0,1641621,2.0,7,,0.0,0.0,6.0,B01,138Â 300Â 220,1.0
961821,201900003352,8,17,11:29,1,1,3,1.0,2.0,04195,RD 900 Karting,M,"44,3893180","6,5937020",4,2019,80.0,1.0,1.0,3.0,2149772,2.0,2,1,1,5.0,,0.0,0,1991.0,B01,138Â 300Â 220,1.0,-1.0,-1.0,1641620,2.0,33,,14.0,2.0,1.0,A01,138Â 300Â 218,1.0
961821,201900003352,8,17,11:29,1,1,3,1.0,2.0,04195,RD 900 Karting,M,"44,3893180","6,5937020",4,2019,80.0,1.0,1.0,3.0,2149772,2.0,2,1,1,5.0,,0.0,0,1991.0,B01,138Â 300Â 220,1.0,-1.0,-1.0,1641621,2.0,7,,0.0,0.0,6.0,B01,138Â 300Â 220,1.0
961821,201900003352,8,17,11:29,1,1,3,1.0,2.0,04195,RD 900 Karting,M,"44,3893180","6,5937020",4,2019,80.0,1.0,1.0,3.0,2149773,1.0,1,1,1,5.0,,0.0,0,1991.0,B01,138Â 300Â 220,1.0,-1.0,-1.0,1641620,2.0,33,,14.0,2.0,1.0,A01,138Â 300Â 218,1.0
961821,201900003352,8,17,11:29,1,1,3,1.0,2.0,04195,RD 900 Karting,M,"44,3893180","6,5937020",4,2019,80.0,1.0,1.0,3.0,2149773,1.0,1,1,1,5.0,,0.0,0,1991.0,B01,138Â 300Â 220,1.0,-1.0,-1.0,1641621,2.0,7,,0.0,0.0,6.0,B01,138Â 300Â 220,1.0
961822,201900003353,6,15,03:00,5,2,1,1.0,6.0,74256,525 route du Fayet,M,"45,9294350","6,6370310",74,2019,50.0,4.0,1.0,3.0,2149774,1.0,1,3,1,0.0,,0.0,0,1962.0,A01,138Â 300Â 216,1.0,-1.0,-1.0,1641622,2.0,7,,15.0,0.0,1.0,A01,138Â 300Â 216,1.0
961823,201900003354,10,23,07:50,3,1,1,1.0,2.0,51480,A4,M,"49,1438556","3,6325280",51,2019,130.0,1.0,1.0,1.0,2149775,1.0,1,4,1,4.0,,0.0,0,1961.0,B01,138Â 300Â 217,1.0,-1.0,-1.0,1641623,2.0,17,,0.0,0.0,4.0,B01,138Â 300Â 217,1.0
961823,201900003354,10,23,07:50,3,1,1,1.0,2.0,51480,A4,M,"49,1438556","3,6325280",51,2019,130.0,1.0,1.0,1.0,2149775,1.0,1,4,1,4.0,,0.0,0,1961.0,B01,138Â 300Â 217,1.0,-1.0,-1.0,1641624,2.0,10,,0.0,2.0,1.0,A01,138Â 300Â 219,1.0
961823,201900003354,10,23,07:50,3,1,1,1.0,2.0,51480,A4,M,"49,1438556","3,6325280",51,2019,130.0,1.0,1.0,1.0,2149776,1.0,1,3,1,4.0,,0.0,0,1985.0,A01,138Â 300Â 219,1.0,9.0,-1.0,1641623,2.0,17,,0.0,0.0,4.0,B01,138Â 300Â 217,1.0
961823,201900003354,10,23,07:50,3,1,1,1.0,2.0,51480,A4,M,"49,1438556","3,6325280",51,2019,130.0,1.0,1.0,1.0,2149776,1.0,1,3,1,4.0,,0.0,0,1985.0,A01,138Â 300Â 219,1.0,9.0,-1.0,1641624,2.0,10,,0.0,2.0,1.0,A01,138Â 300Â 219,1.0
961824,201900003355,8,16,18:30,1,2,1,1.0,6.0,13086,18 Avenue des AlliÃ©s,M,"43,3503730","5,6041840",13,2019,50.0,1.0,1.0,3.0,2149777,1.0,1,1,2,5.0,,0.0,0,1933.0,A01,138Â 300Â 215,1.0,-1.0,-1.0,1641625,3.0,7,,0.0,0.0,1.0,A01,138Â 300Â 215,1.0
961824,201900003355,8,16,18:30,1,2,1,1.0,6.0,13086,18 Avenue des AlliÃ©s,M,"43,3503730","5,6041840",13,2019,50.0,1.0,1.0,3.0,2149778,10.0,3,3,2,5.0,,3.0,3,1954.0,A01,138Â 300Â 215,0.0,-1.0,-1.0,1641625,3.0,7,,0.0,0.0,1.0,A01,138Â 300Â 215,1.0
961825,201900003356,10,20,07:30,3,1,1,1.0,2.0,84078,A7,M,"44,2446420","4,7081250",84,2019,130.0,1.0,1.0,1.0,2149779,1.0,1,1,1,4.0,,0.0,0,1957.0,B01,138Â 300Â 213,1.0,-1.0,-1.0,1641626,2.0,15,,0.0,0.0,4.0,B01,138Â 300Â 213,0.0
961825,201900003356,10,20,07:30,3,1,1,1.0,2.0,84078,A7,M,"44,2446420","4,7081250",84,2019,130.0,1.0,1.0,1.0,2149779,1.0,1,1,1,4.0,,0.0,0,1957.0,B01,138Â 300Â 213,1.0,-1.0,-1.0,1641627,2.0,7,,0.0,2.0,1.0,A01,138Â 300Â 214,1.0
961825,201900003356,10,20,07:30,3,1,1,1.0,2.0,84078,A7,M,"44,2446420","4,7081250",84,2019,130.0,1.0,1.0,1.0,2149780,1.0,1,1,1,5.0,,0.0,0,2000.0,A01,138Â 300Â 214,1.0,-1.0,-1.0,1641626,2.0,15,,0.0,0.0,4.0,B01,138Â 300Â 213,0.0
961825,201900003356,10,20,07:30,3,1,1,1.0,2.0,84078,A7,M,"44,2446420","4,7081250",84,2019,130.0,1.0,1.0,1.0,2149780,1.0,1,1,1,5.0,,0.0,0,2000.0,A01,138Â 300Â 214,1.0,-1.0,-1.0,1641627,2.0,7,,0.0,2.0,1.0,A01,138Â 300Â 214,1.0
961825,201900003356,10,20,07:30,3,1,1,1.0,2.0,84078,A7,M,"44,2446420","4,7081250",84,2019,130.0,1.0,1.0,1.0,2149781,2.0,2,3,1,5.0,,0.0,0,1999.0,A01,138Â 300Â 214,1.0,-1.0,-1.0,1641626,2.0,15,,0.0,0.0,4.0,B01,138Â 300Â 213,0.0
961825,201900003356,10,20,07:30,3,1,1,1.0,2.0,84078,A7,M,"44,2446420","4,7081250",84,2019,130.0,1.0,1.0,1.0,2149781,2.0,2,3,1,5.0,,0.0,0,1999.0,A01,138Â 300Â 214,1.0,-1.0,-1.0,1641627,2.0,7,,0.0,2.0,1.0,A01,138Â 300Â 214,1.0
961826,201900003357,8,15,22:55,3,1,1,1.0,3.0,13100,133 voie aurÃ©lia,M,"43,7822290","4,8456230",13,2019,50.0,1.0,1.0,4.0,2149782,1.0,1,3,1,5.0,,0.0,0,1998.0,B01,138Â 300Â 210,2.0,-1.0,-1.0,1641628,3.0,2,,0.0,2.0,1.0,B01,138Â 300Â 210,0.0
961826,201900003357,8,15,22:55,3,1,1,1.0,3.0,13100,133 voie aurÃ©lia,M,"43,7822290","4,8456230",13,2019,50.0,1.0,1.0,4.0,2149782,1.0,1,3,1,5.0,,0.0,0,1998.0,B01,138Â 300Â 210,2.0,-1.0,-1.0,1641629,3.0,7,,0.0,2.0,8.0,A01,138Â 300Â 211,0.0
961826,201900003357,8,15,22:55,3,1,1,1.0,3.0,13100,133 voie aurÃ©lia,M,"43,7822290","4,8456230",13,2019,50.0,1.0,1.0,4.0,2149783,1.0,1,1,1,5.0,,0.0,0,1978.0,A01,138Â 300Â 211,8.0,-1.0,-1.0,1641628,3.0,2,,0.0,2.0,1.0,B01,138Â 300Â 210,0.0
961826,201900003357,8,15,22:55,3,1,1,1.0,3.0,13100,133 voie aurÃ©lia,M,"43,7822290","4,8456230",13,2019,50.0,1.0,1.0,4.0,2149783,1.0,1,1,1,5.0,,0.0,0,1978.0,A01,138Â 300Â 211,8.0,-1.0,-1.0,1641629,3.0,7,,0.0,2.0,8.0,A01,138Â 300Â 211,0.0
961827,201900003358,5,29,08:40,1,1,1,1.0,1.0,74313,Route de Body,M,"46,0521620","6,1471550",74,2019,80.0,1.0,1.0,3.0,2149784,1.0,1,4,1,2.0,,0.0,0,1990.0,A01,138Â 300Â 206,1.0,-1.0,-1.0,1641630,2.0,7,,0.0,2.0,1.0,A01,138Â 300Â 206,1.0
961827,201900003358,5,29,08:40,1,1,1,1.0,1.0,74313,Route de Body,M,"46,0521620","6,1471550",74,2019,80.0,1.0,1.0,3.0,2149784,1.0,1,4,1,2.0,,0.0,0,1990.0,A01,138Â 300Â 206,1.0,-1.0,-1.0,1641631,1.0,7,,0.0,2.0,1.0,B01,138Â 300Â 208,1.0
961827,201900003358,5,29,08:40,1,1,1,1.0,1.0,74313,Route de Body,M,"46,0521620","6,1471550",74,2019,80.0,1.0,1.0,3.0,2149785,1.0,1,3,1,4.0,,0.0,0,1954.0,B01,138Â 300Â 208,0.0,-1.0,-1.0,1641630,2.0,7,,0.0,2.0,1.0,A01,138Â 300Â 206,1.0
961827,201900003358,5,29,08:40,1,1,1,1.0,1.0,74313,Route de Body,M,"46,0521620","6,1471550",74,2019,80.0,1.0,1.0,3.0,2149785,1.0,1,3,1,4.0,,0.0,0,1954.0,B01,138Â 300Â 208,0.0,-1.0,-1.0,1641631,1.0,7,,0.0,2.0,1.0,B01,138Â 300Â 208,1.0
961828,201900003359,8,4,16:30,1,2,1,1.0,3.0,89206,rue du luxembourg 89300,M,"47,9842235","3,4051084",89,2019,50.0,1.0,1.0,4.0,2149786,1.0,1,1,1,5.0,,0.0,0,1996.0,B01,138Â 300Â 204,2.0,-1.0,-1.0,1641632,3.0,33,,0.0,2.0,4.0,B01,138Â 300Â 204,1.0
961828,201900003359,8,4,16:30,1,2,1,1.0,3.0,89206,rue du luxembourg 89300,M,"47,9842235","3,4051084",89,2019,50.0,1.0,1.0,4.0,2149786,1.0,1,1,1,5.0,,0.0,0,1996.0,B01,138Â 300Â 204,2.0,-1.0,-1.0,1641633,3.0,33,,0.0,2.0,1.0,A01,138Â 300Â 205,1.0
961828,201900003359,8,4,16:30,1,2,1,1.0,3.0,89206,rue du luxembourg 89300,M,"47,9842235","3,4051084",89,2019,50.0,1.0,1.0,4.0,2149787,1.0,1,4,1,4.0,,0.0,0,1970.0,A01,138Â 300Â 205,2.0,7.0,-1.0,1641632,3.0,33,,0.0,2.0,4.0,B01,138Â 300Â 204,1.0
961828,201900003359,8,4,16:30,1,2,1,1.0,3.0,89206,rue du luxembourg 89300,M,"47,9842235","3,4051084",89,2019,50.0,1.0,1.0,4.0,2149787,1.0,1,4,1,4.0,,0.0,0,1970.0,A01,138Â 300Â 205,2.0,7.0,-1.0,1641633,3.0,33,,0.0,2.0,1.0,A01,138Â 300Â 205,1.0
961829,201900003360,10,22,13:45,1,1,1,1.0,2.0,98729,RT 91,M," -17,5111840"," -149,8504570",987,2019,60.0,1.0,1.0,2.0,2149788,1.0,1,4,2,3.0,,0.0,0,2001.0,B01,138Â 300Â 207,2.0,-1.0,-1.0,1641634,2.0,2,,0.0,2.0,2.0,B01,138Â 300Â 207,1.0
961829,201900003360,10,22,13:45,1,1,1,1.0,2.0,98729,RT 91,M," -17,5111840"," -149,8504570",987,2019,60.0,1.0,1.0,2.0,2149788,1.0,1,4,2,3.0,,0.0,0,2001.0,B01,138Â 300Â 207,2.0,-1.0,-1.0,1641635,2.0,7,,0.0,0.0,6.0,A01,138Â 300Â 209,1.0
961829,201900003360,10,22,13:45,1,1,1,1.0,2.0,98729,RT 91,M," -17,5111840"," -149,8504570",987,2019,60.0,1.0,1.0,2.0,2149789,1.0,1,1,2,5.0,,0.0,0,1976.0,A01,138Â 300Â 209,1.0,-1.0,-1.0,1641634,2.0,2,,0.0,2.0,2.0,B01,138Â 300Â 207,1.0
961829,201900003360,10,22,13:45,1,1,1,1.0,2.0,98729,RT 91,M," -17,5111840"," -149,8504570",987,2019,60.0,1.0,1.0,2.0,2149789,1.0,1,1,2,5.0,,0.0,0,1976.0,A01,138Â 300Â 209,1.0,-1.0,-1.0,1641635,2.0,7,,0.0,0.0,6.0,A01,138Â 300Â 209,1.0
961830,201900003361,6,18,17:00,1,1,1,1.0,3.0,74275,D909A,M,"45,8042130","6,2311300",74,2019,80.0,1.0,1.0,3.0,2149790,1.0,1,3,1,1.0,,0.0,0,1983.0,B01,138Â 300Â 201,2.0,6.0,-1.0,1641636,1.0,33,,0.0,2.0,1.0,B01,138Â 300Â 201,1.0