Unnamed: 0_x,num_acc,mois,jour,hrmn,lum,agg,int,atm,col,com,adr,gps,lat,long,dep,annee,vma,situ,surf,catr,Unnamed: 0_y,place,catu,grav,sexe,trajet,secu,locp,actp,an_nais,num_veh_x,id_vehicule_x,secu1,secu2,secu3,Unnamed: 0,senc,catv,occutc,obs,obsm,choc,num_veh_y,id_vehicule_y,motor
961830,201900003361,6,18,17:00,1,1,1,1.0,3.0,74275,D909A,M,"45,8042130","6,2311300",74,2019,80.0,1.0,1.0,3.0,2149790,1.0,1,3,1,1.0,,0.0,0,1983.0,B01,138Â 300Â 201,2.0,6.0,-1.0,1641637,2.0,7,,0.0,2.0,3.0,A01,138Â 300Â 203,1.0
961830,201900003361,6,18,17:00,1,1,1,1.0,3.0,74275,D909A,M,"45,8042130","6,2311300",74,2019,80.0,1.0,1.0,3.0,2149791,1.0,1,1,1,5.0,,0.0,0,1947.0,A01,138Â 300Â 203,1.0,-1.0,-1.0,1641636,1.0,33,,0.0,2.0,1.0,B01,138Â 300Â 201,1.0
961830,201900003361,6,18,17:00,1,1,1,1.0,3.0,74275,D909A,M,"45,8042130","6,2311300",74,2019,80.0,1.0,1.0,3.0,2149791,1.0,1,1,1,5.0,,0.0,0,1947.0,A01,138Â 300Â 203,1.0,-1.0,-1.0,1641637,2.0,7,,0.0,2.0,3.0,A01,138Â 300Â 203,1.0
961831,201900003362,9,25,17:53,1,1,1,1.0,1.0,97415,25 Chemin Bras Canot,M," -21,0687800","55,2893260",974,2019,90.0,1.0,1.0,3.0,2149792,1.0,1,3,1,5.0,,0.0,0,2003.0,B01,138Â 300Â 199,0.0,-1.0,-1.0,1641638,2.0,1,,0.0,2.0,1.0,B01,138Â 300Â 199,5.0
961831,201900003362,9,25,17:53,1,1,1,1.0,1.0,97415,25 Chemin Bras Canot,M," -21,0687800","55,2893260",974,2019,90.0,1.0,1.0,3.0,2149792,1.0,1,3,1,5.0,,0.0,0,2003.0,B01,138Â 300Â 199,0.0,-1.0,-1.0,1641639,1.0,7,,0.0,9.0,2.0,A01,138Â 300Â 200,1.0
961831,201900003362,9,25,17:53,1,1,1,1.0,1.0,97415,25 Chemin Bras Canot,M," -21,0687800","55,2893260",974,2019,90.0,1.0,1.0,3.0,2149793,1.0,1,1,1,1.0,,0.0,0,1976.0,A01,138Â 300Â 200,1.0,-1.0,-1.0,1641638,2.0,1,,0.0,2.0,1.0,B01,138Â 300Â 199,5.0
961831,201900003362,9,25,17:53,1,1,1,1.0,1.0,97415,25 Chemin Bras Canot,M," -21,0687800","55,2893260",974,2019,90.0,1.0,1.0,3.0,2149793,1.0,1,1,1,1.0,,0.0,0,1976.0,A01,138Â 300Â 200,1.0,-1.0,-1.0,1641639,1.0,7,,0.0,9.0,2.0,A01,138Â 300Â 200,1.0
961832,201900003363,10,21,19:30,5,2,1,1.0,1.0,97304,Avenue de Pariacabo,M,"5,1559780"," -52,6598860",973,2019,-1.0,5.0,1.0,4.0,2149794,1.0,1,1,1,0.0,,0.0,0,2000.0,B01,138Â 300Â 196,0.0,-1.0,-1.0,1641640,0.0,2,,0.0,9.0,0.0,B01,138Â 300Â 196,1.0
961832,201900003363,10,21,19:30,5,2,1,1.0,1.0,97304,Avenue de Pariacabo,M,"5,1559780"," -52,6598860",973,2019,-1.0,5.0,1.0,4.0,2149794,1.0,1,1,1,0.0,,0.0,0,2000.0,B01,138Â 300Â 196,0.0,-1.0,-1.0,1641641,3.0,1,,0.0,2.0,0.0,A01,138Â 300Â 197,0.0
961832,201900003363,10,21,19:30,5,2,1,1.0,1.0,97304,Avenue de Pariacabo,M,"5,1559780"," -52,6598860",973,2019,-1.0,5.0,1.0,4.0,2149795,1.0,1,3,1,5.0,,0.0,0,2006.0,A01,138Â 300Â 197,0.0,-1.0,-1.0,1641640,0.0,2,,0.0,9.0,0.0,B01,138Â 300Â 196,1.0
961832,201900003363,10,21,19:30,5,2,1,1.0,1.0,97304,Avenue de Pariacabo,M,"5,1559780"," -52,6598860",973,2019,-1.0,5.0,1.0,4.0,2149795,1.0,1,3,1,5.0,,0.0,0,2006.0,A01,138Â 300Â 197,0.0,-1.0,-1.0,1641641,3.0,1,,0.0,2.0,0.0,A01,138Â 300Â 197,0.0
961833,201900003364,8,17,04:20,3,1,9,2.0,1.0,89438,A6 PK 166+600,M,"47,7915550","3,6681770",89,2019,110.0,1.0,2.0,1.0,2149796,2.0,2,2,2,5.0,,0.0,0,1954.0,B01,138Â 300Â 198,1.0,-1.0,-1.0,1641642,1.0,7,,0.0,2.0,1.0,B01,138Â 300Â 198,1.0
961833,201900003364,8,17,04:20,3,1,9,2.0,1.0,89438,A6 PK 166+600,M,"47,7915550","3,6681770",89,2019,110.0,1.0,2.0,1.0,2149796,2.0,2,2,2,5.0,,0.0,0,1954.0,B01,138Â 300Â 198,1.0,-1.0,-1.0,1641643,2.0,7,,0.0,2.0,1.0,A01,138Â 300Â 202,1.0
961833,201900003364,8,17,04:20,3,1,9,2.0,1.0,89438,A6 PK 166+600,M,"47,7915550","3,6681770",89,2019,110.0,1.0,2.0,1.0,2149797,1.0,1,3,1,5.0,,0.0,0,1952.0,B01,138Â 300Â 198,1.0,-1.0,-1.0,1641642,1.0,7,,0.0,2.0,1.0,B01,138Â 300Â 198,1.0
961833,201900003364,8,17,04:20,3,1,9,2.0,1.0,89438,A6 PK 166+600,M,"47,7915550","3,6681770",89,2019,110.0,1.0,2.0,1.0,2149797,1.0,1,3,1,5.0,,0.0,0,1952.0,B01,138Â 300Â 198,1.0,-1.0,-1.0,1641643,2.0,7,,0.0,2.0,1.0,A01,138Â 300Â 202,1.0
961833,201900003364,8,17,04:20,3,1,9,2.0,1.0,89438,A6 PK 166+600,M,"47,7915550","3,6681770",89,2019,110.0,1.0,2.0,1.0,2149798,3.0,2,2,1,5.0,,0.0,0,1996.0,B01,138Â 300Â 198,0.0,-1.0,-1.0,1641642,1.0,7,,0.0,2.0,1.0,B01,138Â 300Â 198,1.0
961833,201900003364,8,17,04:20,3,1,9,2.0,1.0,89438,A6 PK 166+600,M,"47,7915550","3,6681770",89,2019,110.0,1.0,2.0,1.0,2149798,3.0,2,2,1,5.0,,0.0,0,1996.0,B01,138Â 300Â 198,0.0,-1.0,-1.0,1641643,2.0,7,,0.0,2.0,1.0,A01,138Â 300Â 202,1.0
961833,201900003364,8,17,04:20,3,1,9,2.0,1.0,89438,A6 PK 166+600,M,"47,7915550","3,6681770",89,2019,110.0,1.0,2.0,1.0,2149799,1.0,1,3,2,5.0,,0.0,0,1989.0,A01,138Â 300Â 202,1.0,-1.0,-1.0,1641642,1.0,7,,0.0,2.0,1.0,B01,138Â 300Â 198,1.0
961833,201900003364,8,17,04:20,3,1,9,2.0,1.0,89438,A6 PK 166+600,M,"47,7915550","3,6681770",89,2019,110.0,1.0,2.0,1.0,2149799,1.0,1,3,2,5.0,,0.0,0,1989.0,A01,138Â 300Â 202,1.0,-1.0,-1.0,1641643,2.0,7,,0.0,2.0,1.0,A01,138Â 300Â 202,1.0
961834,201900003365,10,23,08:00,2,1,1,1.0,1.0,45072,D101,M,"47,9645965","1,9781479",45,2019,80.0,1.0,2.0,3.0,2149800,1.0,1,2,1,1.0,,0.0,0,1985.0,A01,138Â 300Â 194,2.0,6.0,-1.0,1641644,1.0,33,,0.0,2.0,1.0,A01,138Â 300Â 194,1.0
961834,201900003365,10,23,08:00,2,1,1,1.0,1.0,45072,D101,M,"47,9645965","1,9781479",45,2019,80.0,1.0,2.0,3.0,2149800,1.0,1,2,1,1.0,,0.0,0,1985.0,A01,138Â 300Â 194,2.0,6.0,-1.0,1641645,1.0,7,,0.0,2.0,2.0,B01,138Â 300Â 195,1.0
961834,201900003365,10,23,08:00,2,1,1,1.0,1.0,45072,D101,M,"47,9645965","1,9781479",45,2019,80.0,1.0,2.0,3.0,2149801,1.0,1,4,2,1.0,,0.0,0,1972.0,B01,138Â 300Â 195,1.0,-1.0,-1.0,1641644,1.0,33,,0.0,2.0,1.0,A01,138Â 300Â 194,1.0
961834,201900003365,10,23,08:00,2,1,1,1.0,1.0,45072,D101,M,"47,9645965","1,9781479",45,2019,80.0,1.0,2.0,3.0,2149801,1.0,1,4,2,1.0,,0.0,0,1972.0,B01,138Â 300Â 195,1.0,-1.0,-1.0,1641645,1.0,7,,0.0,2.0,2.0,B01,138Â 300Â 195,1.0
961835,201900003366,8,15,17:13,1,1,1,1.0,6.0,52545,Route de Vauxbons,M,"47,8661610","5,1787580",52,2019,80.0,3.0,1.0,4.0,2149802,1.0,1,3,1,5.0,,0.0,0,2005.0,A01,138Â 300Â 193,2.0,6.0,-1.0,1641646,3.0,2,,8.0,0.0,1.0,A01,138Â 300Â 193,1.0
961836,201900003367,8,14,18:30,1,2,1,1.0,6.0,52269,Rue EugÃ¨ne Gallion,M,"47,8676440","5,3424800",52,2019,30.0,3.0,1.0,4.0,2149803,1.0,1,4,1,3.0,,0.0,0,1998.0,A01,138Â 300Â 192,2.0,6.0,-1.0,1641647,3.0,33,,15.0,0.0,1.0,A01,138Â 300Â 192,1.0
961837,201900003368,8,4,19:20,1,1,1,1.0,1.0,51250,RN 31,M,"49,3080806","3,7024461",51,2019,80.0,1.0,1.0,2.0,2149804,1.0,1,1,1,5.0,,0.0,0,1996.0,A01,138Â 300Â 189,1.0,-1.0,-1.0,1641648,1.0,7,,0.0,2.0,7.0,A01,138Â 300Â 189,6.0
961837,201900003368,8,4,19:20,1,1,1,1.0,1.0,51250,RN 31,M,"49,3080806","3,7024461",51,2019,80.0,1.0,1.0,2.0,2149804,1.0,1,1,1,5.0,,0.0,0,1996.0,A01,138Â 300Â 189,1.0,-1.0,-1.0,1641649,2.0,33,,0.0,2.0,7.0,B01,138Â 300Â 190,0.0
961837,201900003368,8,4,19:20,1,1,1,1.0,1.0,51250,RN 31,M,"49,3080806","3,7024461",51,2019,80.0,1.0,1.0,2.0,2149805,1.0,1,4,2,5.0,,0.0,0,1991.0,B01,138Â 300Â 190,2.0,-1.0,-1.0,1641648,1.0,7,,0.0,2.0,7.0,A01,138Â 300Â 189,6.0
961837,201900003368,8,4,19:20,1,1,1,1.0,1.0,51250,RN 31,M,"49,3080806","3,7024461",51,2019,80.0,1.0,1.0,2.0,2149805,1.0,1,4,2,5.0,,0.0,0,1991.0,B01,138Â 300Â 190,2.0,-1.0,-1.0,1641649,2.0,33,,0.0,2.0,7.0,B01,138Â 300Â 190,0.0
961838,201900003369,10,21,13:55,1,1,2,1.0,3.0,77318,RD216 X D20,M,"48,7925670","2,9348700",77,2019,70.0,1.0,1.0,3.0,2149806,1.0,1,1,1,0.0,,0.0,0,1954.0,B01,138Â 300Â 188,1.0,-1.0,-1.0,1641650,1.0,7,,0.0,2.0,3.0,B01,138Â 300Â 188,1.0
961838,201900003369,10,21,13:55,1,1,2,1.0,3.0,77318,RD216 X D20,M,"48,7925670","2,9348700",77,2019,70.0,1.0,1.0,3.0,2149806,1.0,1,1,1,0.0,,0.0,0,1954.0,B01,138Â 300Â 188,1.0,-1.0,-1.0,1641651,1.0,7,,0.0,2.0,2.0,A01,138Â 300Â 191,1.0
961838,201900003369,10,21,13:55,1,1,2,1.0,3.0,77318,RD216 X D20,M,"48,7925670","2,9348700",77,2019,70.0,1.0,1.0,3.0,2149807,2.0,2,4,2,5.0,,0.0,0,1960.0,B01,138Â 300Â 188,1.0,-1.0,-1.0,1641650,1.0,7,,0.0,2.0,3.0,B01,138Â 300Â 188,1.0
961838,201900003369,10,21,13:55,1,1,2,1.0,3.0,77318,RD216 X D20,M,"48,7925670","2,9348700",77,2019,70.0,1.0,1.0,3.0,2149807,2.0,2,4,2,5.0,,0.0,0,1960.0,B01,138Â 300Â 188,1.0,-1.0,-1.0,1641651,1.0,7,,0.0,2.0,2.0,A01,138Â 300Â 191,1.0
961838,201900003369,10,21,13:55,1,1,2,1.0,3.0,77318,RD216 X D20,M,"48,7925670","2,9348700",77,2019,70.0,1.0,1.0,3.0,2149808,1.0,1,1,1,0.0,,0.0,0,1961.0,A01,138Â 300Â 191,1.0,-1.0,-1.0,1641650,1.0,7,,0.0,2.0,3.0,B01,138Â 300Â 188,1.0
961838,201900003369,10,21,13:55,1,1,2,1.0,3.0,77318,RD216 X D20,M,"48,7925670","2,9348700",77,2019,70.0,1.0,1.0,3.0,2149808,1.0,1,1,1,0.0,,0.0,0,1961.0,A01,138Â 300Â 191,1.0,-1.0,-1.0,1641651,1.0,7,,0.0,2.0,2.0,A01,138Â 300Â 191,1.0
961839,201900003370,6,17,07:10,1,2,2,1.0,3.0,74242,Route d'Ãpagny,M,"45,8317101","6,1509828",74,2019,50.0,1.0,1.0,3.0,2149809,1.0,1,4,1,2.0,,0.0,0,2001.0,A01,138Â 300Â 186,2.0,6.0,-1.0,1641652,2.0,31,,0.0,2.0,1.0,A01,138Â 300Â 186,1.0
961839,201900003370,6,17,07:10,1,2,2,1.0,3.0,74242,Route d'Ãpagny,M,"45,8317101","6,1509828",74,2019,50.0,1.0,1.0,3.0,2149809,1.0,1,4,1,2.0,,0.0,0,2001.0,A01,138Â 300Â 186,2.0,6.0,-1.0,1641653,2.0,7,,0.0,2.0,8.0,B01,138Â 300Â 187,1.0
961839,201900003370,6,17,07:10,1,2,2,1.0,3.0,74242,Route d'Ãpagny,M,"45,8317101","6,1509828",74,2019,50.0,1.0,1.0,3.0,2149810,1.0,1,1,1,4.0,,0.0,0,1982.0,B01,138Â 300Â 187,1.0,-1.0,-1.0,1641652,2.0,31,,0.0,2.0,1.0,A01,138Â 300Â 186,1.0
961839,201900003370,6,17,07:10,1,2,2,1.0,3.0,74242,Route d'Ãpagny,M,"45,8317101","6,1509828",74,2019,50.0,1.0,1.0,3.0,2149810,1.0,1,1,1,4.0,,0.0,0,1982.0,B01,138Â 300Â 187,1.0,-1.0,-1.0,1641653,2.0,7,,0.0,2.0,8.0,B01,138Â 300Â 187,1.0
961840,201900003371,8,16,16:30,1,1,1,1.0,7.0,68193,route du petit ballon,M,"47,9924620","7,1303060",68,2019,80.0,1.0,9.0,9.0,2149811,1.0,1,3,2,5.0,,0.0,0,1972.0,A01,138Â 300Â 185,2.0,9.0,-1.0,1641654,3.0,1,,0.0,0.0,9.0,A01,138Â 300Â 185,5.0
961841,201900003372,6,13,18:10,1,1,1,1.0,1.0,74282,Route de Groisy (Ãvires),M,"46,0425252","6,2170459",74,2019,80.0,1.0,1.0,3.0,2149812,1.0,1,4,1,5.0,,0.0,0,1986.0,A01,138Â 300Â 181,1.0,-1.0,-1.0,1641655,2.0,7,,0.0,2.0,1.0,A01,138Â 300Â 181,0.0
961841,201900003372,6,13,18:10,1,1,1,1.0,1.0,74282,Route de Groisy (Ãvires),M,"46,0425252","6,2170459",74,2019,80.0,1.0,1.0,3.0,2149812,1.0,1,4,1,5.0,,0.0,0,1986.0,A01,138Â 300Â 181,1.0,-1.0,-1.0,1641656,1.0,7,,0.0,2.0,1.0,B01,138Â 300Â 183,0.0
961841,201900003372,6,13,18:10,1,1,1,1.0,1.0,74282,Route de Groisy (Ãvires),M,"46,0425252","6,2170459",74,2019,80.0,1.0,1.0,3.0,2149813,1.0,1,3,2,1.0,,0.0,0,1992.0,B01,138Â 300Â 183,1.0,-1.0,-1.0,1641655,2.0,7,,0.0,2.0,1.0,A01,138Â 300Â 181,0.0
961841,201900003372,6,13,18:10,1,1,1,1.0,1.0,74282,Route de Groisy (Ãvires),M,"46,0425252","6,2170459",74,2019,80.0,1.0,1.0,3.0,2149813,1.0,1,3,2,1.0,,0.0,0,1992.0,B01,138Â 300Â 183,1.0,-1.0,-1.0,1641656,1.0,7,,0.0,2.0,1.0,B01,138Â 300Â 183,0.0
961842,201900003373,10,17,18:25,3,1,2,2.0,3.0,34027,D120,M,"43,7325250","4,0096760",34,2019,70.0,1.0,2.0,3.0,2149814,1.0,1,1,2,5.0,,0.0,0,1945.0,A01,138Â 300Â 182,1.0,-1.0,-1.0,1641657,2.0,7,,0.0,2.0,1.0,A01,138Â 300Â 182,1.0
961842,201900003373,10,17,18:25,3,1,2,2.0,3.0,34027,D120,M,"43,7325250","4,0096760",34,2019,70.0,1.0,2.0,3.0,2149814,1.0,1,1,2,5.0,,0.0,0,1945.0,A01,138Â 300Â 182,1.0,-1.0,-1.0,1641658,1.0,7,,0.0,2.0,8.0,B01,138Â 300Â 184,1.0
961842,201900003373,10,17,18:25,3,1,2,2.0,3.0,34027,D120,M,"43,7325250","4,0096760",34,2019,70.0,1.0,2.0,3.0,2149815,1.0,1,3,1,1.0,,0.0,0,1993.0,B01,138Â 300Â 184,1.0,-1.0,-1.0,1641657,2.0,7,,0.0,2.0,1.0,A01,138Â 300Â 182,1.0
961842,201900003373,10,17,18:25,3,1,2,2.0,3.0,34027,D120,M,"43,7325250","4,0096760",34,2019,70.0,1.0,2.0,3.0,2149815,1.0,1,3,1,1.0,,0.0,0,1993.0,B01,138Â 300Â 184,1.0,-1.0,-1.0,1641658,1.0,7,,0.0,2.0,8.0,B01,138Â 300Â 184,1.0
961843,201900003374,8,14,18:00,1,1,1,1.0,7.0,68329,"CD 417 PK 1,4",M,"48,0608490","7,0430470",68,2019,80.0,3.0,1.0,3.0,2149816,1.0,1,3,1,5.0,,0.0,0,1968.0,A01,138Â 300Â 180,8.0,-1.0,-1.0,1641659,1.0,33,,4.0,0.0,2.0,A01,138Â 300Â 180,1.0
961844,201900003375,10,22,16:15,1,2,1,2.0,2.0,84122,Boulevard du Comtat Venaissin,M,"44,0872570","4,9682150",84,2019,50.0,1.0,2.0,3.0,2149817,1.0,1,3,1,1.0,,0.0,0,1976.0,B01,138Â 300Â 176,2.0,6.0,-1.0,1641660,3.0,33,,0.0,2.0,1.0,B01,138Â 300Â 176,1.0
961844,201900003375,10,22,16:15,1,2,1,2.0,2.0,84122,Boulevard du Comtat Venaissin,M,"44,0872570","4,9682150",84,2019,50.0,1.0,2.0,3.0,2149817,1.0,1,3,1,1.0,,0.0,0,1976.0,B01,138Â 300Â 176,2.0,6.0,-1.0,1641661,3.0,7,,0.0,0.0,5.0,A01,138Â 300Â 178,1.0
961844,201900003375,10,22,16:15,1,2,1,2.0,2.0,84122,Boulevard du Comtat Venaissin,M,"44,0872570","4,9682150",84,2019,50.0,1.0,2.0,3.0,2149818,1.0,1,1,1,1.0,,0.0,0,1997.0,A01,138Â 300Â 178,1.0,-1.0,-1.0,1641660,3.0,33,,0.0,2.0,1.0,B01,138Â 300Â 176,1.0
961844,201900003375,10,22,16:15,1,2,1,2.0,2.0,84122,Boulevard du Comtat Venaissin,M,"44,0872570","4,9682150",84,2019,50.0,1.0,2.0,3.0,2149818,1.0,1,1,1,1.0,,0.0,0,1997.0,A01,138Â 300Â 178,1.0,-1.0,-1.0,1641661,3.0,7,,0.0,0.0,5.0,A01,138Â 300Â 178,1.0
961845,201900003376,8,16,16:25,1,2,1,1.0,3.0,67184,rue du stade,M,"48,9012060","7,9779990",67,2019,50.0,1.0,1.0,4.0,2149819,1.0,1,4,1,5.0,,0.0,0,2010.0,B01,138Â 300Â 174,2.0,-1.0,-1.0,1641662,3.0,1,,0.0,2.0,1.0,B01,138Â 300Â 174,5.0
961845,201900003376,8,16,16:25,1,2,1,1.0,3.0,67184,rue du stade,M,"48,9012060","7,9779990",67,2019,50.0,1.0,1.0,4.0,2149819,1.0,1,4,1,5.0,,0.0,0,2010.0,B01,138Â 300Â 174,2.0,-1.0,-1.0,1641663,3.0,7,,0.0,2.0,2.0,A01,138Â 300Â 175,1.0
961845,201900003376,8,16,16:25,1,2,1,1.0,3.0,67184,rue du stade,M,"48,9012060","7,9779990",67,2019,50.0,1.0,1.0,4.0,2149820,1.0,1,1,1,1.0,,0.0,0,1963.0,A01,138Â 300Â 175,1.0,-1.0,-1.0,1641662,3.0,1,,0.0,2.0,1.0,B01,138Â 300Â 174,5.0
961845,201900003376,8,16,16:25,1,2,1,1.0,3.0,67184,rue du stade,M,"48,9012060","7,9779990",67,2019,50.0,1.0,1.0,4.0,2149820,1.0,1,1,1,1.0,,0.0,0,1963.0,A01,138Â 300Â 175,1.0,-1.0,-1.0,1641663,3.0,7,,0.0,2.0,2.0,A01,138Â 300Â 175,1.0
961846,201900003377,6,3,08:57,1,1,1,1.0,6.0,77311,D210,M,"48,4425000","3,0395600",77,2019,80.0,3.0,1.0,3.0,2149821,1.0,1,3,2,0.0,,0.0,0,2001.0,A01,138Â 300Â 173,1.0,-1.0,-1.0,1641664,2.0,7,,13.0,0.0,3.0,A01,138Â 300Â 173,1.0
961847,201900003378,8,11,01:30,3,1,1,1.0,1.0,67339,CD 263,M,"48,9164548","7,8803403",67,2019,-1.0,1.0,1.0,3.0,2149822,1.0,1,1,2,5.0,,0.0,0,1999.0,A01,138Â 300Â 170,1.0,-1.0,-1.0,1641665,0.0,7,,0.0,2.0,2.0,A01,138Â 300Â 170,1.0
961847,201900003378,8,11,01:30,3,1,1,1.0,1.0,67339,CD 263,M,"48,9164548","7,8803403",67,2019,-1.0,1.0,1.0,3.0,2149822,1.0,1,1,2,5.0,,0.0,0,1999.0,A01,138Â 300Â 170,1.0,-1.0,-1.0,1641666,0.0,7,,0.0,1.0,2.0,B01,138Â 300Â 172,1.0
961847,201900003378,8,11,01:30,3,1,1,1.0,1.0,67339,CD 263,M,"48,9164548","7,8803403",67,2019,-1.0,1.0,1.0,3.0,2149823,2.0,2,4,2,5.0,,0.0,0,1965.0,B01,138Â 300Â 172,1.0,-1.0,-1.0,1641665,0.0,7,,0.0,2.0,2.0,A01,138Â 300Â 170,1.0
961847,201900003378,8,11,01:30,3,1,1,1.0,1.0,67339,CD 263,M,"48,9164548","7,8803403",67,2019,-1.0,1.0,1.0,3.0,2149823,2.0,2,4,2,5.0,,0.0,0,1965.0,B01,138Â 300Â 172,1.0,-1.0,-1.0,1641666,0.0,7,,0.0,1.0,2.0,B01,138Â 300Â 172,1.0
961847,201900003378,8,11,01:30,3,1,1,1.0,1.0,67339,CD 263,M,"48,9164548","7,8803403",67,2019,-1.0,1.0,1.0,3.0,2149824,1.0,1,4,1,5.0,,0.0,0,1966.0,B01,138Â 300Â 172,1.0,-1.0,-1.0,1641665,0.0,7,,0.0,2.0,2.0,A01,138Â 300Â 170,1.0
961847,201900003378,8,11,01:30,3,1,1,1.0,1.0,67339,CD 263,M,"48,9164548","7,8803403",67,2019,-1.0,1.0,1.0,3.0,2149824,1.0,1,4,1,5.0,,0.0,0,1966.0,B01,138Â 300Â 172,1.0,-1.0,-1.0,1641666,0.0,7,,0.0,1.0,2.0,B01,138Â 300Â 172,1.0
961848,201900003379,5,31,09:50,1,1,2,7.0,3.0,78300,RD 11,M,"48,8895320","1,7223260",78,2019,80.0,1.0,1.0,3.0,2149825,1.0,1,3,1,5.0,,0.0,0,1942.0,B01,138Â 300Â 169,2.0,-1.0,-1.0,1641667,1.0,1,,0.0,2.0,8.0,B01,138Â 300Â 169,5.0
961848,201900003379,5,31,09:50,1,1,2,7.0,3.0,78300,RD 11,M,"48,8895320","1,7223260",78,2019,80.0,1.0,1.0,3.0,2149825,1.0,1,3,1,5.0,,0.0,0,1942.0,B01,138Â 300Â 169,2.0,-1.0,-1.0,1641668,2.0,7,,0.0,0.0,2.0,A01,138Â 300Â 171,1.0
961848,201900003379,5,31,09:50,1,1,2,7.0,3.0,78300,RD 11,M,"48,8895320","1,7223260",78,2019,80.0,1.0,1.0,3.0,2149826,1.0,1,1,2,0.0,,0.0,0,1947.0,A01,138Â 300Â 171,1.0,-1.0,-1.0,1641667,1.0,1,,0.0,2.0,8.0,B01,138Â 300Â 169,5.0
961848,201900003379,5,31,09:50,1,1,2,7.0,3.0,78300,RD 11,M,"48,8895320","1,7223260",78,2019,80.0,1.0,1.0,3.0,2149826,1.0,1,1,2,0.0,,0.0,0,1947.0,A01,138Â 300Â 171,1.0,-1.0,-1.0,1641668,2.0,7,,0.0,0.0,2.0,A01,138Â 300Â 171,1.0
961849,201900003380,8,11,11:35,1,2,1,1.0,3.0,67545,2 A Rue des Fleurs,M,"48,3106410","7,6141440",67,2019,50.0,1.0,1.0,4.0,2149827,1.0,1,1,1,5.0,,0.0,0,1984.0,A01,138Â 300Â 167,1.0,-1.0,-1.0,1641669,3.0,7,,0.0,2.0,5.0,A01,138Â 300Â 167,1.0
961849,201900003380,8,11,11:35,1,2,1,1.0,3.0,67545,2 A Rue des Fleurs,M,"48,3106410","7,6141440",67,2019,50.0,1.0,1.0,4.0,2149827,1.0,1,1,1,5.0,,0.0,0,1984.0,A01,138Â 300Â 167,1.0,-1.0,-1.0,1641670,3.0,2,,0.0,2.0,1.0,B01,138Â 300Â 168,1.0
961849,201900003380,8,11,11:35,1,2,1,1.0,3.0,67545,2 A Rue des Fleurs,M,"48,3106410","7,6141440",67,2019,50.0,1.0,1.0,4.0,2149828,1.0,1,3,1,5.0,,0.0,0,1960.0,B01,138Â 300Â 168,0.0,-1.0,-1.0,1641669,3.0,7,,0.0,2.0,5.0,A01,138Â 300Â 167,1.0
961849,201900003380,8,11,11:35,1,2,1,1.0,3.0,67545,2 A Rue des Fleurs,M,"48,3106410","7,6141440",67,2019,50.0,1.0,1.0,4.0,2149828,1.0,1,3,1,5.0,,0.0,0,1960.0,B01,138Â 300Â 168,0.0,-1.0,-1.0,1641670,3.0,2,,0.0,2.0,1.0,B01,138Â 300Â 168,1.0
961850,201900003381,6,14,05:45,1,1,1,1.0,6.0,67088,93 Ferme Klappbach,M,"48,9800280","7,2067920",67,2019,80.0,1.0,9.0,3.0,2149829,1.0,1,3,1,1.0,,0.0,0,1982.0,A01,138Â 300Â 166,1.0,-1.0,-1.0,1641671,2.0,7,,13.0,0.0,1.0,A01,138Â 300Â 166,6.0
961851,201900003382,6,6,06:40,2,1,1,1.0,6.0,67234,rd 92,M,"48,9574540","7,0464860",67,2019,80.0,3.0,1.0,3.0,2149830,1.0,1,3,1,1.0,,0.0,0,1998.0,A01,138Â 300Â 165,1.0,-1.0,-1.0,1641672,1.0,7,,2.0,0.0,1.0,A01,138Â 300Â 165,1.0
961852,201900003383,8,12,22:40,5,2,1,1.0,6.0,67285,1 Quartier de la Gare,M,"48,3990850","7,6217410",67,2019,110.0,8.0,1.0,3.0,2149831,1.0,1,1,1,5.0,,0.0,0,1982.0,A01,138Â 300Â 164,1.0,-1.0,-1.0,1641673,0.0,7,,6.0,0.0,9.0,A01,138Â 300Â 164,1.0
961852,201900003383,8,12,22:40,5,2,1,1.0,6.0,67285,1 Quartier de la Gare,M,"48,3990850","7,6217410",67,2019,110.0,8.0,1.0,3.0,2149832,3.0,2,1,2,5.0,,0.0,0,2015.0,A01,138Â 300Â 164,1.0,-1.0,-1.0,1641673,0.0,7,,6.0,0.0,9.0,A01,138Â 300Â 164,1.0
961852,201900003383,8,12,22:40,5,2,1,1.0,6.0,67285,1 Quartier de la Gare,M,"48,3990850","7,6217410",67,2019,110.0,8.0,1.0,3.0,2149833,4.0,2,4,1,5.0,,0.0,0,2008.0,A01,138Â 300Â 164,1.0,-1.0,-1.0,1641673,0.0,7,,6.0,0.0,9.0,A01,138Â 300Â 164,1.0
961853,201900003384,6,18,05:55,1,1,1,1.0,1.0,67414,RD 130,M,"48,4568220","7,2113190",67,2019,70.0,1.0,1.0,3.0,2149834,1.0,1,4,2,1.0,,0.0,0,1971.0,B01,138Â 300Â 161,1.0,-1.0,-1.0,1641674,2.0,7,,0.0,2.0,3.0,B01,138Â 300Â 161,1.0