Unnamed: 0_x,num_acc,mois,jour,hrmn,lum,agg,int,atm,col,com,adr,gps,lat,long,dep,annee,vma,situ,surf,catr,Unnamed: 0_y,place,catu,grav,sexe,trajet,secu,locp,actp,an_nais,num_veh_x,id_vehicule_x,secu1,secu2,secu3,Unnamed: 0,senc,catv,occutc,obs,obsm,choc,num_veh_y,id_vehicule_y,motor
961853,201900003384,6,18,05:55,1,1,1,1.0,1.0,67414,RD 130,M,"48,4568220","7,2113190",67,2019,70.0,1.0,1.0,3.0,2149834,1.0,1,4,2,1.0,,0.0,0,1971.0,B01,138Â 300Â 161,1.0,-1.0,-1.0,1641675,1.0,7,,0.0,2.0,3.0,A01,138Â 300Â 163,1.0
961853,201900003384,6,18,05:55,1,1,1,1.0,1.0,67414,RD 130,M,"48,4568220","7,2113190",67,2019,70.0,1.0,1.0,3.0,2149835,1.0,1,3,1,1.0,,0.0,0,1993.0,A01,138Â 300Â 163,1.0,-1.0,-1.0,1641674,2.0,7,,0.0,2.0,3.0,B01,138Â 300Â 161,1.0
961853,201900003384,6,18,05:55,1,1,1,1.0,1.0,67414,RD 130,M,"48,4568220","7,2113190",67,2019,70.0,1.0,1.0,3.0,2149835,1.0,1,3,1,1.0,,0.0,0,1993.0,A01,138Â 300Â 163,1.0,-1.0,-1.0,1641675,1.0,7,,0.0,2.0,3.0,A01,138Â 300Â 163,1.0
961854,201900003385,8,14,14:20,1,1,1,1.0,6.0,88133,140 Villancote,M,"48,2396870","6,5061860",88,2019,80.0,3.0,1.0,3.0,2149836,2.0,2,3,2,3.0,,0.0,0,1933.0,A01,138Â 300Â 162,1.0,-1.0,-1.0,1641676,2.0,7,,15.0,0.0,1.0,A01,138Â 300Â 162,1.0
961854,201900003385,8,14,14:20,1,1,1,1.0,6.0,88133,140 Villancote,M,"48,2396870","6,5061860",88,2019,80.0,3.0,1.0,3.0,2149837,1.0,1,1,1,3.0,,0.0,0,1931.0,A01,138Â 300Â 162,1.0,-1.0,-1.0,1641676,2.0,7,,15.0,0.0,1.0,A01,138Â 300Â 162,1.0
961855,201900003386,6,8,14:50,1,1,1,1.0,6.0,67165,D993,M,"48,4920160","7,1596200",67,2019,80.0,1.0,1.0,3.0,2149838,1.0,1,3,1,5.0,,0.0,0,1981.0,A01,138Â 300Â 160,2.0,6.0,-1.0,1641677,1.0,33,,13.0,0.0,1.0,A01,138Â 300Â 160,1.0
961856,201900003387,8,17,15:30,1,1,1,2.0,7.0,57355,lieu dit grand bois,M,"49,0208870","7,1540920",57,2019,80.0,1.0,2.0,3.0,2149839,9.0,2,1,1,3.0,,0.0,0,2010.0,A01,138Â 300Â 159,1.0,-1.0,-1.0,1641678,1.0,10,,0.0,0.0,9.0,A01,138Â 300Â 159,1.0
961856,201900003387,8,17,15:30,1,1,1,2.0,7.0,57355,lieu dit grand bois,M,"49,0208870","7,1540920",57,2019,80.0,1.0,2.0,3.0,2149840,7.0,2,1,2,3.0,,0.0,0,2004.0,A01,138Â 300Â 159,1.0,-1.0,-1.0,1641678,1.0,10,,0.0,0.0,9.0,A01,138Â 300Â 159,1.0
961856,201900003387,8,17,15:30,1,1,1,2.0,7.0,57355,lieu dit grand bois,M,"49,0208870","7,1540920",57,2019,80.0,1.0,2.0,3.0,2149841,1.0,1,3,2,3.0,,0.0,0,2000.0,A01,138Â 300Â 159,0.0,-1.0,-1.0,1641678,1.0,10,,0.0,0.0,9.0,A01,138Â 300Â 159,1.0
961856,201900003387,8,17,15:30,1,1,1,2.0,7.0,57355,lieu dit grand bois,M,"49,0208870","7,1540920",57,2019,80.0,1.0,2.0,3.0,2149842,2.0,2,1,2,3.0,,0.0,0,1994.0,A01,138Â 300Â 159,1.0,-1.0,-1.0,1641678,1.0,10,,0.0,0.0,9.0,A01,138Â 300Â 159,1.0
961857,201900003388,6,4,23:54,5,2,1,1.0,2.0,67448,101 Grand-rue,M,"48,4782390","7,2181460",67,2019,30.0,1.0,1.0,3.0,2149843,1.0,1,1,1,5.0,,0.0,0,2000.0,B01,138Â 300Â 157,8.0,-1.0,-1.0,1641679,2.0,7,,0.0,2.0,2.0,B01,138Â 300Â 157,1.0
961857,201900003388,6,4,23:54,5,2,1,1.0,2.0,67448,101 Grand-rue,M,"48,4782390","7,2181460",67,2019,30.0,1.0,1.0,3.0,2149843,1.0,1,1,1,5.0,,0.0,0,2000.0,B01,138Â 300Â 157,8.0,-1.0,-1.0,1641680,2.0,1,,0.0,2.0,4.0,A01,138Â 300Â 158,5.0
961857,201900003388,6,4,23:54,5,2,1,1.0,2.0,67448,101 Grand-rue,M,"48,4782390","7,2181460",67,2019,30.0,1.0,1.0,3.0,2149844,1.0,1,3,1,1.0,,0.0,0,1975.0,A01,138Â 300Â 158,0.0,-1.0,-1.0,1641679,2.0,7,,0.0,2.0,2.0,B01,138Â 300Â 157,1.0
961857,201900003388,6,4,23:54,5,2,1,1.0,2.0,67448,101 Grand-rue,M,"48,4782390","7,2181460",67,2019,30.0,1.0,1.0,3.0,2149844,1.0,1,3,1,1.0,,0.0,0,1975.0,A01,138Â 300Â 158,0.0,-1.0,-1.0,1641680,2.0,1,,0.0,2.0,4.0,A01,138Â 300Â 158,5.0
961858,201900003389,8,14,01:05,5,2,1,1.0,6.0,57669,6 Rue de Folkling,M,"49,1297400","6,8925350",57,2019,50.0,4.0,1.0,3.0,2149845,1.0,1,3,1,5.0,,0.0,0,2001.0,A01,138Â 300Â 156,5.0,-1.0,-1.0,1641681,1.0,7,,6.0,0.0,1.0,A01,138Â 300Â 156,1.0
961858,201900003389,8,14,01:05,5,2,1,1.0,6.0,57669,6 Rue de Folkling,M,"49,1297400","6,8925350",57,2019,50.0,4.0,1.0,3.0,2149846,9.0,2,3,1,5.0,,0.0,0,2004.0,A01,138Â 300Â 156,0.0,-1.0,-1.0,1641681,1.0,7,,6.0,0.0,1.0,A01,138Â 300Â 156,1.0
961858,201900003389,8,14,01:05,5,2,1,1.0,6.0,57669,6 Rue de Folkling,M,"49,1297400","6,8925350",57,2019,50.0,4.0,1.0,3.0,2149847,7.0,2,3,1,5.0,,0.0,0,2004.0,A01,138Â 300Â 156,0.0,-1.0,-1.0,1641681,1.0,7,,6.0,0.0,1.0,A01,138Â 300Â 156,1.0
961858,201900003389,8,14,01:05,5,2,1,1.0,6.0,57669,6 Rue de Folkling,M,"49,1297400","6,8925350",57,2019,50.0,4.0,1.0,3.0,2149848,2.0,2,3,1,5.0,,0.0,0,2001.0,A01,138Â 300Â 156,5.0,-1.0,-1.0,1641681,1.0,7,,6.0,0.0,1.0,A01,138Â 300Â 156,1.0
961859,201900003390,6,1,20:00,2,2,1,1.0,6.0,76655,Rue des remparts,M,"49,8693690","0,7161640",76,2019,50.0,1.0,1.0,6.0,2149849,1.0,1,1,1,5.0,,0.0,0,1954.0,A01,138Â 300Â 155,1.0,-1.0,-1.0,1641682,3.0,3,,1.0,1.0,1.0,A01,138Â 300Â 155,0.0
961859,201900003390,6,1,20:00,2,2,1,1.0,6.0,76655,Rue des remparts,M,"49,8693690","0,7161640",76,2019,50.0,1.0,1.0,6.0,2149850,10.0,3,3,2,5.0,,2.0,A,1963.0,A01,138Â 300Â 155,0.0,-1.0,-1.0,1641682,3.0,3,,1.0,1.0,1.0,A01,138Â 300Â 155,0.0
961860,201900003391,6,16,11:45,1,1,2,1.0,6.0,76419,RD265,M,"49,3945000","0,8972000",76,2019,80.0,1.0,1.0,3.0,2149851,1.0,1,3,1,5.0,,0.0,0,1966.0,A01,138Â 300Â 153,2.0,6.0,-1.0,1641683,1.0,31,,7.0,0.0,1.0,A01,138Â 300Â 153,1.0
961861,201900003392,8,14,16:24,1,1,1,1.0,1.0,03286,,M,"46,4947912","3,3611205",3,2019,80.0,1.0,1.0,2.0,2149852,1.0,1,4,1,9.0,,0.0,0,1963.0,B01,138Â 300Â 152,8.0,-1.0,-1.0,1641684,1.0,15,,0.0,2.0,1.0,B01,138Â 300Â 152,1.0
961861,201900003392,8,14,16:24,1,1,1,1.0,1.0,03286,,M,"46,4947912","3,3611205",3,2019,80.0,1.0,1.0,2.0,2149852,1.0,1,4,1,9.0,,0.0,0,1963.0,B01,138Â 300Â 152,8.0,-1.0,-1.0,1641685,2.0,7,,0.0,2.0,1.0,A01,138Â 300Â 154,1.0
961861,201900003392,8,14,16:24,1,1,1,1.0,1.0,03286,,M,"46,4947912","3,3611205",3,2019,80.0,1.0,1.0,2.0,2149853,2.0,2,3,2,5.0,,0.0,0,2013.0,A01,138Â 300Â 154,8.0,-1.0,-1.0,1641684,1.0,15,,0.0,2.0,1.0,B01,138Â 300Â 152,1.0
961861,201900003392,8,14,16:24,1,1,1,1.0,1.0,03286,,M,"46,4947912","3,3611205",3,2019,80.0,1.0,1.0,2.0,2149853,2.0,2,3,2,5.0,,0.0,0,2013.0,A01,138Â 300Â 154,8.0,-1.0,-1.0,1641685,2.0,7,,0.0,2.0,1.0,A01,138Â 300Â 154,1.0
961861,201900003392,8,14,16:24,1,1,1,1.0,1.0,03286,,M,"46,4947912","3,3611205",3,2019,80.0,1.0,1.0,2.0,2149854,9.0,2,2,2,5.0,,0.0,0,2015.0,A01,138Â 300Â 154,8.0,-1.0,-1.0,1641684,1.0,15,,0.0,2.0,1.0,B01,138Â 300Â 152,1.0
961861,201900003392,8,14,16:24,1,1,1,1.0,1.0,03286,,M,"46,4947912","3,3611205",3,2019,80.0,1.0,1.0,2.0,2149854,9.0,2,2,2,5.0,,0.0,0,2015.0,A01,138Â 300Â 154,8.0,-1.0,-1.0,1641685,2.0,7,,0.0,2.0,1.0,A01,138Â 300Â 154,1.0
961861,201900003392,8,14,16:24,1,1,1,1.0,1.0,03286,,M,"46,4947912","3,3611205",3,2019,80.0,1.0,1.0,2.0,2149855,1.0,1,3,1,5.0,,0.0,0,1985.0,A01,138Â 300Â 154,8.0,-1.0,-1.0,1641684,1.0,15,,0.0,2.0,1.0,B01,138Â 300Â 152,1.0
961861,201900003392,8,14,16:24,1,1,1,1.0,1.0,03286,,M,"46,4947912","3,3611205",3,2019,80.0,1.0,1.0,2.0,2149855,1.0,1,3,1,5.0,,0.0,0,1985.0,A01,138Â 300Â 154,8.0,-1.0,-1.0,1641685,2.0,7,,0.0,2.0,1.0,A01,138Â 300Â 154,1.0
961862,201900003393,6,13,22:50,3,1,1,1.0,6.0,76263,"PK 29+200, R.N. 31",M,"49,4635000","1,4734000",76,2019,80.0,1.0,1.0,2.0,2149856,1.0,1,1,1,5.0,,0.0,0,1985.0,A01,138Â 300Â 151,1.0,-1.0,-1.0,1641686,2.0,7,,0.0,1.0,1.0,A01,138Â 300Â 151,1.0
961862,201900003393,6,13,22:50,3,1,1,1.0,6.0,76263,"PK 29+200, R.N. 31",M,"49,4635000","1,4734000",76,2019,80.0,1.0,1.0,2.0,2149857,10.0,3,2,1,5.0,,1.0,0,1951.0,A01,138Â 300Â 151,0.0,-1.0,-1.0,1641686,2.0,7,,0.0,1.0,1.0,A01,138Â 300Â 151,1.0
961863,201900003394,8,14,14:25,1,2,1,1.0,6.0,73054,D1090 avenue du marÃ©chal Leclerc,M,"45,6199310","6,7709390",73,2019,50.0,1.0,1.0,3.0,2149858,1.0,1,1,1,4.0,,0.0,0,1963.0,A01,138Â 300Â 150,1.0,-1.0,-1.0,1641687,1.0,7,,0.0,1.0,1.0,A01,138Â 300Â 150,1.0
961863,201900003394,8,14,14:25,1,2,1,1.0,6.0,73054,D1090 avenue du marÃ©chal Leclerc,M,"45,6199310","6,7709390",73,2019,50.0,1.0,1.0,3.0,2149859,10.0,3,3,2,3.0,,3.0,3,1948.0,A01,138Â 300Â 150,0.0,-1.0,-1.0,1641687,1.0,7,,0.0,1.0,1.0,A01,138Â 300Â 150,1.0
961864,201900003395,6,18,21:20,1,1,1,1.0,1.0,76248,route de roquemont,M,"49,5937260","1,3334690",76,2019,80.0,1.0,1.0,3.0,2149860,1.0,1,3,1,9.0,,0.0,0,1988.0,A01,138Â 300Â 145,2.0,6.0,-1.0,1641688,1.0,33,,0.0,2.0,1.0,A01,138Â 300Â 145,1.0
961864,201900003395,6,18,21:20,1,1,1,1.0,1.0,76248,route de roquemont,M,"49,5937260","1,3334690",76,2019,80.0,1.0,1.0,3.0,2149860,1.0,1,3,1,9.0,,0.0,0,1988.0,A01,138Â 300Â 145,2.0,6.0,-1.0,1641689,2.0,7,,0.0,2.0,3.0,B01,138Â 300Â 146,1.0
961864,201900003395,6,18,21:20,1,1,1,1.0,1.0,76248,route de roquemont,M,"49,5937260","1,3334690",76,2019,80.0,1.0,1.0,3.0,2149861,1.0,1,1,1,9.0,,0.0,0,1992.0,B01,138Â 300Â 146,1.0,-1.0,-1.0,1641688,1.0,33,,0.0,2.0,1.0,A01,138Â 300Â 145,1.0
961864,201900003395,6,18,21:20,1,1,1,1.0,1.0,76248,route de roquemont,M,"49,5937260","1,3334690",76,2019,80.0,1.0,1.0,3.0,2149861,1.0,1,1,1,9.0,,0.0,0,1992.0,B01,138Â 300Â 146,1.0,-1.0,-1.0,1641689,2.0,7,,0.0,2.0,3.0,B01,138Â 300Â 146,1.0
961865,201900003396,6,19,17:45,1,1,2,2.0,3.0,76555,route de neufchatel,M,"49,5455210","1,2331860",76,2019,80.0,1.0,2.0,3.0,2149862,1.0,1,3,1,1.0,,0.0,0,1985.0,A01,138Â 300Â 142,2.0,6.0,-1.0,1641690,1.0,34,,0.0,2.0,1.0,A01,138Â 300Â 142,0.0
961865,201900003396,6,19,17:45,1,1,2,2.0,3.0,76555,route de neufchatel,M,"49,5455210","1,2331860",76,2019,80.0,1.0,2.0,3.0,2149862,1.0,1,3,1,1.0,,0.0,0,1985.0,A01,138Â 300Â 142,2.0,6.0,-1.0,1641691,1.0,7,,0.0,2.0,8.0,B01,138Â 300Â 144,1.0
961865,201900003396,6,19,17:45,1,1,2,2.0,3.0,76555,route de neufchatel,M,"49,5455210","1,2331860",76,2019,80.0,1.0,2.0,3.0,2149863,1.0,1,1,1,1.0,,0.0,0,1972.0,B01,138Â 300Â 144,1.0,-1.0,-1.0,1641690,1.0,34,,0.0,2.0,1.0,A01,138Â 300Â 142,0.0
961865,201900003396,6,19,17:45,1,1,2,2.0,3.0,76555,route de neufchatel,M,"49,5455210","1,2331860",76,2019,80.0,1.0,2.0,3.0,2149863,1.0,1,1,1,1.0,,0.0,0,1972.0,B01,138Â 300Â 144,1.0,-1.0,-1.0,1641691,1.0,7,,0.0,2.0,8.0,B01,138Â 300Â 144,1.0
961866,201900003397,8,16,15:00,1,1,1,1.0,1.0,73211,D925 Route d'ALBERTVILLE - LIEU DIT LES ROENGERS,M,"45,7007598","6,4286115",73,2019,80.0,1.0,1.0,3.0,2149864,2.0,2,1,2,5.0,,0.0,0,1975.0,B01,138Â 300Â 141,1.0,-1.0,-1.0,1641692,2.0,7,,0.0,2.0,3.0,B01,138Â 300Â 141,1.0
961866,201900003397,8,16,15:00,1,1,1,1.0,1.0,73211,D925 Route d'ALBERTVILLE - LIEU DIT LES ROENGERS,M,"45,7007598","6,4286115",73,2019,80.0,1.0,1.0,3.0,2149864,2.0,2,1,2,5.0,,0.0,0,1975.0,B01,138Â 300Â 141,1.0,-1.0,-1.0,1641693,1.0,33,,0.0,2.0,1.0,A01,138Â 300Â 143,1.0
961866,201900003397,8,16,15:00,1,1,1,1.0,1.0,73211,D925 Route d'ALBERTVILLE - LIEU DIT LES ROENGERS,M,"45,7007598","6,4286115",73,2019,80.0,1.0,1.0,3.0,2149865,1.0,1,4,1,5.0,,0.0,0,1966.0,B01,138Â 300Â 141,1.0,-1.0,-1.0,1641692,2.0,7,,0.0,2.0,3.0,B01,138Â 300Â 141,1.0
961866,201900003397,8,16,15:00,1,1,1,1.0,1.0,73211,D925 Route d'ALBERTVILLE - LIEU DIT LES ROENGERS,M,"45,7007598","6,4286115",73,2019,80.0,1.0,1.0,3.0,2149865,1.0,1,4,1,5.0,,0.0,0,1966.0,B01,138Â 300Â 141,1.0,-1.0,-1.0,1641693,1.0,33,,0.0,2.0,1.0,A01,138Â 300Â 143,1.0
961866,201900003397,8,16,15:00,1,1,1,1.0,1.0,73211,D925 Route d'ALBERTVILLE - LIEU DIT LES ROENGERS,M,"45,7007598","6,4286115",73,2019,80.0,1.0,1.0,3.0,2149866,1.0,1,3,2,5.0,,0.0,0,1996.0,A01,138Â 300Â 143,2.0,6.0,-1.0,1641692,2.0,7,,0.0,2.0,3.0,B01,138Â 300Â 141,1.0
961866,201900003397,8,16,15:00,1,1,1,1.0,1.0,73211,D925 Route d'ALBERTVILLE - LIEU DIT LES ROENGERS,M,"45,7007598","6,4286115",73,2019,80.0,1.0,1.0,3.0,2149866,1.0,1,3,2,5.0,,0.0,0,1996.0,A01,138Â 300Â 143,2.0,6.0,-1.0,1641693,1.0,33,,0.0,2.0,1.0,A01,138Â 300Â 143,1.0
961867,201900003398,6,12,18:09,1,1,1,1.0,1.0,76271,route du Bolhard,M,"49,5813030","1,1683090",76,2019,80.0,1.0,1.0,3.0,2149867,1.0,1,4,2,1.0,,0.0,0,1980.0,B01,138Â 300Â 138,1.0,-1.0,-1.0,1641694,2.0,7,,0.0,0.0,1.0,B01,138Â 300Â 138,1.0
961867,201900003398,6,12,18:09,1,1,1,1.0,1.0,76271,route du Bolhard,M,"49,5813030","1,1683090",76,2019,80.0,1.0,1.0,3.0,2149867,1.0,1,4,2,1.0,,0.0,0,1980.0,B01,138Â 300Â 138,1.0,-1.0,-1.0,1641695,1.0,33,,0.0,2.0,1.0,A01,138Â 300Â 140,1.0
961867,201900003398,6,12,18:09,1,1,1,1.0,1.0,76271,route du Bolhard,M,"49,5813030","1,1683090",76,2019,80.0,1.0,1.0,3.0,2149868,1.0,1,2,1,9.0,,0.0,0,1969.0,A01,138Â 300Â 140,2.0,6.0,-1.0,1641694,2.0,7,,0.0,0.0,1.0,B01,138Â 300Â 138,1.0
961867,201900003398,6,12,18:09,1,1,1,1.0,1.0,76271,route du Bolhard,M,"49,5813030","1,1683090",76,2019,80.0,1.0,1.0,3.0,2149868,1.0,1,2,1,9.0,,0.0,0,1969.0,A01,138Â 300Â 140,2.0,6.0,-1.0,1641695,1.0,33,,0.0,2.0,1.0,A01,138Â 300Â 140,1.0
961868,201900003399,8,13,15:20,1,2,4,1.0,3.0,73150,Route de Pierrolaz (La CÃ´te-d'Aime),M,"45,5659803","6,6662855",73,2019,50.0,1.0,1.0,4.0,2149869,1.0,1,1,2,0.0,,0.0,0,1968.0,A01,138Â 300Â 137,1.0,-1.0,-1.0,1641696,3.0,7,,0.0,2.0,1.0,A01,138Â 300Â 137,1.0
961868,201900003399,8,13,15:20,1,2,4,1.0,3.0,73150,Route de Pierrolaz (La CÃ´te-d'Aime),M,"45,5659803","6,6662855",73,2019,50.0,1.0,1.0,4.0,2149869,1.0,1,1,2,0.0,,0.0,0,1968.0,A01,138Â 300Â 137,1.0,-1.0,-1.0,1641697,3.0,2,,0.0,2.0,8.0,B01,138Â 300Â 139,1.0
961868,201900003399,8,13,15:20,1,2,4,1.0,3.0,73150,Route de Pierrolaz (La CÃ´te-d'Aime),M,"45,5659803","6,6662855",73,2019,50.0,1.0,1.0,4.0,2149870,1.0,1,3,1,5.0,,0.0,0,2003.0,B01,138Â 300Â 139,2.0,-1.0,-1.0,1641696,3.0,7,,0.0,2.0,1.0,A01,138Â 300Â 137,1.0
961868,201900003399,8,13,15:20,1,2,4,1.0,3.0,73150,Route de Pierrolaz (La CÃ´te-d'Aime),M,"45,5659803","6,6662855",73,2019,50.0,1.0,1.0,4.0,2149870,1.0,1,3,1,5.0,,0.0,0,2003.0,B01,138Â 300Â 139,2.0,-1.0,-1.0,1641697,3.0,2,,0.0,2.0,8.0,B01,138Â 300Â 139,1.0
961868,201900003399,8,13,15:20,1,2,4,1.0,3.0,73150,Route de Pierrolaz (La CÃ´te-d'Aime),M,"45,5659803","6,6662855",73,2019,50.0,1.0,1.0,4.0,2149871,2.0,2,3,1,5.0,,0.0,0,2004.0,B01,138Â 300Â 139,2.0,-1.0,-1.0,1641696,3.0,7,,0.0,2.0,1.0,A01,138Â 300Â 137,1.0
961868,201900003399,8,13,15:20,1,2,4,1.0,3.0,73150,Route de Pierrolaz (La CÃ´te-d'Aime),M,"45,5659803","6,6662855",73,2019,50.0,1.0,1.0,4.0,2149871,2.0,2,3,1,5.0,,0.0,0,2004.0,B01,138Â 300Â 139,2.0,-1.0,-1.0,1641697,3.0,2,,0.0,2.0,8.0,B01,138Â 300Â 139,1.0
961869,201900003400,6,4,18:30,1,1,2,8.0,5.0,76517,route de dieppe,M,"49,5218610","1,1415080",76,2019,80.0,1.0,2.0,3.0,2149872,9.0,2,3,1,5.0,,0.0,0,1998.0,B01,138Â 300Â 133,1.0,-1.0,-1.0,1641698,2.0,7,,0.0,2.0,1.0,B01,138Â 300Â 133,1.0
961869,201900003400,6,4,18:30,1,1,2,8.0,5.0,76517,route de dieppe,M,"49,5218610","1,1415080",76,2019,80.0,1.0,2.0,3.0,2149872,9.0,2,3,1,5.0,,0.0,0,1998.0,B01,138Â 300Â 133,1.0,-1.0,-1.0,1641699,1.0,7,,0.0,2.0,1.0,A01,138Â 300Â 135,1.0
961869,201900003400,6,4,18:30,1,1,2,8.0,5.0,76517,route de dieppe,M,"49,5218610","1,1415080",76,2019,80.0,1.0,2.0,3.0,2149872,9.0,2,3,1,5.0,,0.0,0,1998.0,B01,138Â 300Â 133,1.0,-1.0,-1.0,1641700,1.0,7,,0.0,2.0,3.0,C01,138Â 300Â 136,1.0
961869,201900003400,6,4,18:30,1,1,2,8.0,5.0,76517,route de dieppe,M,"49,5218610","1,1415080",76,2019,80.0,1.0,2.0,3.0,2149873,1.0,1,1,1,5.0,,0.0,0,1998.0,B01,138Â 300Â 133,1.0,-1.0,-1.0,1641698,2.0,7,,0.0,2.0,1.0,B01,138Â 300Â 133,1.0
961869,201900003400,6,4,18:30,1,1,2,8.0,5.0,76517,route de dieppe,M,"49,5218610","1,1415080",76,2019,80.0,1.0,2.0,3.0,2149873,1.0,1,1,1,5.0,,0.0,0,1998.0,B01,138Â 300Â 133,1.0,-1.0,-1.0,1641699,1.0,7,,0.0,2.0,1.0,A01,138Â 300Â 135,1.0
961869,201900003400,6,4,18:30,1,1,2,8.0,5.0,76517,route de dieppe,M,"49,5218610","1,1415080",76,2019,80.0,1.0,2.0,3.0,2149873,1.0,1,1,1,5.0,,0.0,0,1998.0,B01,138Â 300Â 133,1.0,-1.0,-1.0,1641700,1.0,7,,0.0,2.0,3.0,C01,138Â 300Â 136,1.0
961869,201900003400,6,4,18:30,1,1,2,8.0,5.0,76517,route de dieppe,M,"49,5218610","1,1415080",76,2019,80.0,1.0,2.0,3.0,2149874,2.0,2,4,2,5.0,,0.0,0,1997.0,B01,138Â 300Â 133,1.0,-1.0,-1.0,1641698,2.0,7,,0.0,2.0,1.0,B01,138Â 300Â 133,1.0
961869,201900003400,6,4,18:30,1,1,2,8.0,5.0,76517,route de dieppe,M,"49,5218610","1,1415080",76,2019,80.0,1.0,2.0,3.0,2149874,2.0,2,4,2,5.0,,0.0,0,1997.0,B01,138Â 300Â 133,1.0,-1.0,-1.0,1641699,1.0,7,,0.0,2.0,1.0,A01,138Â 300Â 135,1.0
961869,201900003400,6,4,18:30,1,1,2,8.0,5.0,76517,route de dieppe,M,"49,5218610","1,1415080",76,2019,80.0,1.0,2.0,3.0,2149874,2.0,2,4,2,5.0,,0.0,0,1997.0,B01,138Â 300Â 133,1.0,-1.0,-1.0,1641700,1.0,7,,0.0,2.0,3.0,C01,138Â 300Â 136,1.0
961869,201900003400,6,4,18:30,1,1,2,8.0,5.0,76517,route de dieppe,M,"49,5218610","1,1415080",76,2019,80.0,1.0,2.0,3.0,2149875,1.0,1,4,2,0.0,,0.0,0,1953.0,A01,138Â 300Â 135,1.0,-1.0,-1.0,1641698,2.0,7,,0.0,2.0,1.0,B01,138Â 300Â 133,1.0
961869,201900003400,6,4,18:30,1,1,2,8.0,5.0,76517,route de dieppe,M,"49,5218610","1,1415080",76,2019,80.0,1.0,2.0,3.0,2149875,1.0,1,4,2,0.0,,0.0,0,1953.0,A01,138Â 300Â 135,1.0,-1.0,-1.0,1641699,1.0,7,,0.0,2.0,1.0,A01,138Â 300Â 135,1.0
961869,201900003400,6,4,18:30,1,1,2,8.0,5.0,76517,route de dieppe,M,"49,5218610","1,1415080",76,2019,80.0,1.0,2.0,3.0,2149875,1.0,1,4,2,0.0,,0.0,0,1953.0,A01,138Â 300Â 135,1.0,-1.0,-1.0,1641700,1.0,7,,0.0,2.0,3.0,C01,138Â 300Â 136,1.0
961869,201900003400,6,4,18:30,1,1,2,8.0,5.0,76517,route de dieppe,M,"49,5218610","1,1415080",76,2019,80.0,1.0,2.0,3.0,2149876,1.0,1,1,2,0.0,,0.0,0,1974.0,C01,138Â 300Â 136,1.0,-1.0,-1.0,1641698,2.0,7,,0.0,2.0,1.0,B01,138Â 300Â 133,1.0
961869,201900003400,6,4,18:30,1,1,2,8.0,5.0,76517,route de dieppe,M,"49,5218610","1,1415080",76,2019,80.0,1.0,2.0,3.0,2149876,1.0,1,1,2,0.0,,0.0,0,1974.0,C01,138Â 300Â 136,1.0,-1.0,-1.0,1641699,1.0,7,,0.0,2.0,1.0,A01,138Â 300Â 135,1.0
961869,201900003400,6,4,18:30,1,1,2,8.0,5.0,76517,route de dieppe,M,"49,5218610","1,1415080",76,2019,80.0,1.0,2.0,3.0,2149876,1.0,1,1,2,0.0,,0.0,0,1974.0,C01,138Â 300Â 136,1.0,-1.0,-1.0,1641700,1.0,7,,0.0,2.0,3.0,C01,138Â 300Â 136,1.0
961870,201900003401,8,15,17:00,1,1,3,1.0,7.0,26163,route du col de la bataille,M,"44,9215520","5,2026860",26,2019,80.0,1.0,9.0,3.0,2149877,2.0,2,4,2,5.0,,0.0,0,1964.0,A01,138Â 300Â 134,2.0,6.0,9.0,1641701,2.0,33,,13.0,0.0,8.0,A01,138Â 300Â 134,1.0
961870,201900003401,8,15,17:00,1,1,3,1.0,7.0,26163,route du col de la bataille,M,"44,9215520","5,2026860",26,2019,80.0,1.0,9.0,3.0,2149878,1.0,1,1,1,5.0,,0.0,0,1961.0,A01,138Â 300Â 134,2.0,6.0,9.0,1641701,2.0,33,,13.0,0.0,8.0,A01,138Â 300Â 134,1.0
961871,201900003402,8,15,22:17,3,1,1,1.0,7.0,01060,Le Pontet,M,"46,0484910","5,6032490",1,2019,80.0,8.0,1.0,3.0,2149879,1.0,1,2,1,5.0,,0.0,0,1977.0,A01,138Â 300Â 131,1.0,-1.0,-1.0,1641702,1.0,7,,16.0,0.0,0.0,A01,138Â 300Â 131,1.0
961872,201900003403,6,14,18:00,1,2,1,1.0,2.0,79202,8 avenue victor hugo,M,"46,6477770"," -0,2407600",79,2019,50.0,1.0,1.0,3.0,2149880,1.0,1,3,2,5.0,,0.0,0,1969.0,B01,138Â 300Â 130,1.0,-1.0,-1.0,1641703,1.0,99,,0.0,0.0,4.0,B01,138Â 300Â 130,3.0
961872,201900003403,6,14,18:00,1,2,1,1.0,2.0,79202,8 avenue victor hugo,M,"46,6477770"," -0,2407600",79,2019,50.0,1.0,1.0,3.0,2149880,1.0,1,3,2,5.0,,0.0,0,1969.0,B01,138Â 300Â 130,1.0,-1.0,-1.0,1641704,1.0,7,,0.0,9.0,2.0,A01,138Â 300Â 132,1.0