Unnamed: 0_x,num_acc,mois,jour,hrmn,lum,agg,int,atm,col,com,adr,gps,lat,long,dep,annee,vma,situ,surf,catr,Unnamed: 0_y,place,catu,grav,sexe,trajet,secu,locp,actp,an_nais,num_veh_x,id_vehicule_x,secu1,secu2,secu3,Unnamed: 0,senc,catv,occutc,obs,obsm,choc,num_veh_y,id_vehicule_y,motor
961872,201900003403,6,14,18:00,1,2,1,1.0,2.0,79202,8 avenue victor hugo,M,"46,6477770"," -0,2407600",79,2019,50.0,1.0,1.0,3.0,2149881,1.0,1,1,1,5.0,,0.0,0,1958.0,A01,138Â 300Â 132,1.0,-1.0,-1.0,1641703,1.0,99,,0.0,0.0,4.0,B01,138Â 300Â 130,3.0
961872,201900003403,6,14,18:00,1,2,1,1.0,2.0,79202,8 avenue victor hugo,M,"46,6477770"," -0,2407600",79,2019,50.0,1.0,1.0,3.0,2149881,1.0,1,1,1,5.0,,0.0,0,1958.0,A01,138Â 300Â 132,1.0,-1.0,-1.0,1641704,1.0,7,,0.0,9.0,2.0,A01,138Â 300Â 132,1.0
961873,201900003404,6,3,19:45,1,1,1,1.0,6.0,79250,Route de St Varent,M,"46,9002820"," -0,2674220",79,2019,80.0,3.0,1.0,4.0,2149882,7.0,2,1,1,5.0,,0.0,0,2001.0,A01,138Â 300Â 128,1.0,-1.0,-1.0,1641705,3.0,7,,2.0,0.0,2.0,A01,138Â 300Â 128,1.0
961873,201900003404,6,3,19:45,1,1,1,1.0,6.0,79250,Route de St Varent,M,"46,9002820"," -0,2674220",79,2019,80.0,3.0,1.0,4.0,2149883,1.0,1,3,1,5.0,,0.0,0,1999.0,A01,138Â 300Â 128,1.0,-1.0,-1.0,1641705,3.0,7,,2.0,0.0,2.0,A01,138Â 300Â 128,1.0
961873,201900003404,6,3,19:45,1,1,1,1.0,6.0,79250,Route de St Varent,M,"46,9002820"," -0,2674220",79,2019,80.0,3.0,1.0,4.0,2149884,2.0,2,1,1,5.0,,0.0,0,2001.0,A01,138Â 300Â 128,1.0,-1.0,-1.0,1641705,3.0,7,,2.0,0.0,2.0,A01,138Â 300Â 128,1.0
961874,201900003405,6,7,16:25,1,1,1,6.0,6.0,79079,N249,M,"46,9703290"," -0,8038060",79,2019,110.0,3.0,3.0,2.0,2149885,1.0,1,2,1,5.0,,0.0,0,1955.0,A01,138Â 300Â 127,1.0,-1.0,-1.0,1641706,1.0,7,,3.0,0.0,1.0,A01,138Â 300Â 127,1.0
961875,201900003406,6,2,14:20,1,1,1,1.0,6.0,79079,Rue Louis Bordier,M,"46,9842670"," -0,8461250",79,2019,80.0,1.0,1.0,4.0,2149886,1.0,1,3,1,5.0,,0.0,0,1999.0,A01,138Â 300Â 126,2.0,6.0,-1.0,1641707,3.0,33,,12.0,0.0,2.0,A01,138Â 300Â 126,1.0
961876,201900003407,5,4,07:00,1,2,1,1.0,7.0,2A362,RT 10 STE LUCIE DE PORTO VECCHIO,M,"41,6995129","9,3470713",2A,2019,50.0,3.0,1.0,2.0,2149887,1.0,1,1,1,1.0,,0.0,0,1991.0,A01,138Â 300Â 125,1.0,-1.0,-1.0,1641708,2.0,7,,7.0,0.0,1.0,A01,138Â 300Â 125,1.0
961876,201900003407,5,4,07:00,1,2,1,1.0,7.0,2A362,RT 10 STE LUCIE DE PORTO VECCHIO,M,"41,6995129","9,3470713",2A,2019,50.0,3.0,1.0,2.0,2149888,2.0,2,3,1,1.0,,0.0,0,1970.0,A01,138Â 300Â 125,1.0,-1.0,-1.0,1641708,2.0,7,,7.0,0.0,1.0,A01,138Â 300Â 125,1.0
961877,201900003408,6,13,19:35,1,2,3,7.0,3.0,2B123,route de la mer,M,"42,0164135","9,4045955",2B,2019,50.0,1.0,1.0,3.0,2149889,1.0,1,1,2,5.0,,0.0,0,1975.0,A01,138Â 300Â 123,1.0,-1.0,-1.0,1641709,2.0,7,,0.0,2.0,3.0,A01,138Â 300Â 123,1.0
961877,201900003408,6,13,19:35,1,2,3,7.0,3.0,2B123,route de la mer,M,"42,0164135","9,4045955",2B,2019,50.0,1.0,1.0,3.0,2149889,1.0,1,1,2,5.0,,0.0,0,1975.0,A01,138Â 300Â 123,1.0,-1.0,-1.0,1641710,2.0,33,,0.0,2.0,1.0,B01,138Â 300Â 124,1.0
961877,201900003408,6,13,19:35,1,2,3,7.0,3.0,2B123,route de la mer,M,"42,0164135","9,4045955",2B,2019,50.0,1.0,1.0,3.0,2149890,1.0,1,3,1,5.0,,0.0,0,1971.0,B01,138Â 300Â 124,2.0,-1.0,-1.0,1641709,2.0,7,,0.0,2.0,3.0,A01,138Â 300Â 123,1.0
961877,201900003408,6,13,19:35,1,2,3,7.0,3.0,2B123,route de la mer,M,"42,0164135","9,4045955",2B,2019,50.0,1.0,1.0,3.0,2149890,1.0,1,3,1,5.0,,0.0,0,1971.0,B01,138Â 300Â 124,2.0,-1.0,-1.0,1641710,2.0,33,,0.0,2.0,1.0,B01,138Â 300Â 124,1.0
961878,201900003409,6,15,14:25,1,2,1,1.0,1.0,2B315,RT20,M,"42,2482950","9,1765470",2B,2019,50.0,1.0,1.0,2.0,2149891,1.0,1,1,1,5.0,,0.0,0,1958.0,B01,138Â 300Â 121,2.0,-1.0,-1.0,1641711,1.0,33,,0.0,2.0,0.0,B01,138Â 300Â 121,1.0
961878,201900003409,6,15,14:25,1,2,1,1.0,1.0,2B315,RT20,M,"42,2482950","9,1765470",2B,2019,50.0,1.0,1.0,2.0,2149891,1.0,1,1,1,5.0,,0.0,0,1958.0,B01,138Â 300Â 121,2.0,-1.0,-1.0,1641712,2.0,2,,0.0,2.0,0.0,A01,138Â 300Â 122,1.0
961878,201900003409,6,15,14:25,1,2,1,1.0,1.0,2B315,RT20,M,"42,2482950","9,1765470",2B,2019,50.0,1.0,1.0,2.0,2149892,2.0,2,4,2,5.0,,0.0,0,1957.0,B01,138Â 300Â 121,2.0,-1.0,-1.0,1641711,1.0,33,,0.0,2.0,0.0,B01,138Â 300Â 121,1.0
961878,201900003409,6,15,14:25,1,2,1,1.0,1.0,2B315,RT20,M,"42,2482950","9,1765470",2B,2019,50.0,1.0,1.0,2.0,2149892,2.0,2,4,2,5.0,,0.0,0,1957.0,B01,138Â 300Â 121,2.0,-1.0,-1.0,1641712,2.0,2,,0.0,2.0,0.0,A01,138Â 300Â 122,1.0
961878,201900003409,6,15,14:25,1,2,1,1.0,1.0,2B315,RT20,M,"42,2482950","9,1765470",2B,2019,50.0,1.0,1.0,2.0,2149893,1.0,1,4,1,5.0,,0.0,0,2004.0,A01,138Â 300Â 122,2.0,-1.0,-1.0,1641711,1.0,33,,0.0,2.0,0.0,B01,138Â 300Â 121,1.0
961878,201900003409,6,15,14:25,1,2,1,1.0,1.0,2B315,RT20,M,"42,2482950","9,1765470",2B,2019,50.0,1.0,1.0,2.0,2149893,1.0,1,4,1,5.0,,0.0,0,2004.0,A01,138Â 300Â 122,2.0,-1.0,-1.0,1641712,2.0,2,,0.0,2.0,0.0,A01,138Â 300Â 122,1.0
961878,201900003409,6,15,14:25,1,2,1,1.0,1.0,2B315,RT20,M,"42,2482950","9,1765470",2B,2019,50.0,1.0,1.0,2.0,2149894,2.0,2,4,1,5.0,,0.0,0,2003.0,A01,138Â 300Â 122,2.0,-1.0,-1.0,1641711,1.0,33,,0.0,2.0,0.0,B01,138Â 300Â 121,1.0
961878,201900003409,6,15,14:25,1,2,1,1.0,1.0,2B315,RT20,M,"42,2482950","9,1765470",2B,2019,50.0,1.0,1.0,2.0,2149894,2.0,2,4,1,5.0,,0.0,0,2003.0,A01,138Â 300Â 122,2.0,-1.0,-1.0,1641712,2.0,2,,0.0,2.0,0.0,A01,138Â 300Â 122,1.0
961879,201900003410,6,6,11:25,1,2,1,1.0,3.0,2B096,RT 50,M,"42,3047450","9,1574920",2B,2019,50.0,1.0,1.0,2.0,2149895,1.0,1,3,1,4.0,,0.0,0,1983.0,B01,138Â 300Â 119,2.0,-1.0,-1.0,1641713,1.0,1,,0.0,2.0,1.0,B01,138Â 300Â 119,5.0
961879,201900003410,6,6,11:25,1,2,1,1.0,3.0,2B096,RT 50,M,"42,3047450","9,1574920",2B,2019,50.0,1.0,1.0,2.0,2149895,1.0,1,3,1,4.0,,0.0,0,1983.0,B01,138Â 300Â 119,2.0,-1.0,-1.0,1641714,2.0,14,,0.0,2.0,6.0,A01,138Â 300Â 120,1.0
961879,201900003410,6,6,11:25,1,2,1,1.0,3.0,2B096,RT 50,M,"42,3047450","9,1574920",2B,2019,50.0,1.0,1.0,2.0,2149896,1.0,1,1,1,4.0,,0.0,0,1986.0,A01,138Â 300Â 120,1.0,-1.0,-1.0,1641713,1.0,1,,0.0,2.0,1.0,B01,138Â 300Â 119,5.0
961879,201900003410,6,6,11:25,1,2,1,1.0,3.0,2B096,RT 50,M,"42,3047450","9,1574920",2B,2019,50.0,1.0,1.0,2.0,2149896,1.0,1,1,1,4.0,,0.0,0,1986.0,A01,138Â 300Â 120,1.0,-1.0,-1.0,1641714,2.0,14,,0.0,2.0,6.0,A01,138Â 300Â 120,1.0
961880,201900003411,6,15,19:15,1,1,1,1.0,3.0,2B150,rt 30,M,"42,5996340","8,8398480",2B,2019,70.0,1.0,1.0,2.0,2149897,1.0,1,4,1,5.0,,0.0,0,1994.0,A01,138Â 300Â 117,2.0,-1.0,-1.0,1641715,1.0,31,,0.0,2.0,2.0,A01,138Â 300Â 117,3.0
961880,201900003411,6,15,19:15,1,1,1,1.0,3.0,2B150,rt 30,M,"42,5996340","8,8398480",2B,2019,70.0,1.0,1.0,2.0,2149897,1.0,1,4,1,5.0,,0.0,0,1994.0,A01,138Â 300Â 117,2.0,-1.0,-1.0,1641716,1.0,7,,0.0,2.0,3.0,B01,138Â 300Â 118,1.0
961880,201900003411,6,15,19:15,1,1,1,1.0,3.0,2B150,rt 30,M,"42,5996340","8,8398480",2B,2019,70.0,1.0,1.0,2.0,2149898,1.0,1,1,2,1.0,,0.0,0,1987.0,B01,138Â 300Â 118,1.0,-1.0,-1.0,1641715,1.0,31,,0.0,2.0,2.0,A01,138Â 300Â 117,3.0
961880,201900003411,6,15,19:15,1,1,1,1.0,3.0,2B150,rt 30,M,"42,5996340","8,8398480",2B,2019,70.0,1.0,1.0,2.0,2149898,1.0,1,1,2,1.0,,0.0,0,1987.0,B01,138Â 300Â 118,1.0,-1.0,-1.0,1641716,1.0,7,,0.0,2.0,3.0,B01,138Â 300Â 118,1.0
961881,201900003412,6,3,08:45,1,1,1,1.0,2.0,2B049,Route de Calenzana,M,"42,5296420","8,8343710",2B,2019,80.0,1.0,1.0,3.0,2149899,1.0,1,4,1,1.0,,0.0,0,2002.0,B01,138Â 300Â 115,2.0,6.0,-1.0,1641717,1.0,2,,5.0,2.0,4.0,B01,138Â 300Â 115,1.0
961881,201900003412,6,3,08:45,1,1,1,1.0,2.0,2B049,Route de Calenzana,M,"42,5296420","8,8343710",2B,2019,80.0,1.0,1.0,3.0,2149899,1.0,1,4,1,1.0,,0.0,0,2002.0,B01,138Â 300Â 115,2.0,6.0,-1.0,1641718,1.0,7,,0.0,2.0,1.0,A01,138Â 300Â 116,1.0
961881,201900003412,6,3,08:45,1,1,1,1.0,2.0,2B049,Route de Calenzana,M,"42,5296420","8,8343710",2B,2019,80.0,1.0,1.0,3.0,2149900,1.0,1,1,1,0.0,,0.0,0,1984.0,A01,138Â 300Â 116,1.0,-1.0,-1.0,1641717,1.0,2,,5.0,2.0,4.0,B01,138Â 300Â 115,1.0
961881,201900003412,6,3,08:45,1,1,1,1.0,2.0,2B049,Route de Calenzana,M,"42,5296420","8,8343710",2B,2019,80.0,1.0,1.0,3.0,2149900,1.0,1,1,1,0.0,,0.0,0,1984.0,A01,138Â 300Â 116,1.0,-1.0,-1.0,1641718,1.0,7,,0.0,2.0,1.0,A01,138Â 300Â 116,1.0
961882,201900003413,7,29,17:40,1,1,1,1.0,6.0,69093,CD504 les brosses 69870,M,"46,0479330","4,4590800",69,2019,80.0,1.0,1.0,3.0,2149901,1.0,1,3,1,5.0,,0.0,0,1979.0,A01,138Â 300Â 129,2.0,6.0,9.0,1641719,1.0,33,,3.0,0.0,0.0,A01,138Â 300Â 129,1.0
961883,201900003414,6,17,16:35,1,1,1,1.0,1.0,2B246,RD 205,M,"42,4343130","9,3760390",2B,2019,80.0,1.0,1.0,3.0,2149902,1.0,1,4,2,3.0,,0.0,0,1941.0,B01,138Â 300Â 113,8.0,-1.0,-1.0,1641720,2.0,7,,0.0,2.0,3.0,B01,138Â 300Â 113,1.0
961883,201900003414,6,17,16:35,1,1,1,1.0,1.0,2B246,RD 205,M,"42,4343130","9,3760390",2B,2019,80.0,1.0,1.0,3.0,2149902,1.0,1,4,2,3.0,,0.0,0,1941.0,B01,138Â 300Â 113,8.0,-1.0,-1.0,1641721,1.0,7,,0.0,2.0,3.0,A01,138Â 300Â 114,1.0
961883,201900003414,6,17,16:35,1,1,1,1.0,1.0,2B246,RD 205,M,"42,4343130","9,3760390",2B,2019,80.0,1.0,1.0,3.0,2149903,1.0,1,4,1,3.0,,0.0,0,1988.0,A01,138Â 300Â 114,1.0,-1.0,-1.0,1641720,2.0,7,,0.0,2.0,3.0,B01,138Â 300Â 113,1.0
961883,201900003414,6,17,16:35,1,1,1,1.0,1.0,2B246,RD 205,M,"42,4343130","9,3760390",2B,2019,80.0,1.0,1.0,3.0,2149903,1.0,1,4,1,3.0,,0.0,0,1988.0,A01,138Â 300Â 114,1.0,-1.0,-1.0,1641721,1.0,7,,0.0,2.0,3.0,A01,138Â 300Â 114,1.0
961884,201900003415,8,16,17:00,1,1,1,1.0,6.0,69243,route de valsonne,M,"45,9028600","4,4318400",69,2019,80.0,1.0,1.0,3.0,2149904,1.0,1,3,1,5.0,,0.0,0,1962.0,A01,138Â 300Â 112,2.0,6.0,-1.0,1641722,0.0,33,,15.0,0.0,1.0,A01,138Â 300Â 112,1.0
961885,201900003416,8,16,18:15,1,1,1,1.0,1.0,69227,RD 311 PK 19,M,"45,6633800","4,5792720",69,2019,80.0,1.0,1.0,3.0,2149905,1.0,1,4,2,5.0,,0.0,0,1998.0,A01,138Â 300Â 108,1.0,-1.0,-1.0,1641723,2.0,7,,4.0,2.0,3.0,A01,138Â 300Â 108,1.0
961885,201900003416,8,16,18:15,1,1,1,1.0,1.0,69227,RD 311 PK 19,M,"45,6633800","4,5792720",69,2019,80.0,1.0,1.0,3.0,2149905,1.0,1,4,2,5.0,,0.0,0,1998.0,A01,138Â 300Â 108,1.0,-1.0,-1.0,1641724,1.0,7,,0.0,2.0,3.0,B01,138Â 300Â 109,1.0
961885,201900003416,8,16,18:15,1,1,1,1.0,1.0,69227,RD 311 PK 19,M,"45,6633800","4,5792720",69,2019,80.0,1.0,1.0,3.0,2149906,1.0,1,3,1,4.0,,0.0,0,1976.0,B01,138Â 300Â 109,1.0,-1.0,-1.0,1641723,2.0,7,,4.0,2.0,3.0,A01,138Â 300Â 108,1.0
961885,201900003416,8,16,18:15,1,1,1,1.0,1.0,69227,RD 311 PK 19,M,"45,6633800","4,5792720",69,2019,80.0,1.0,1.0,3.0,2149906,1.0,1,3,1,4.0,,0.0,0,1976.0,B01,138Â 300Â 109,1.0,-1.0,-1.0,1641724,1.0,7,,0.0,2.0,3.0,B01,138Â 300Â 109,1.0
961886,201900003417,6,16,18:30,1,1,4,1.0,5.0,2B319,RT 10,M,"42,4259030","9,5272520",2B,2019,80.0,1.0,1.0,2.0,2149907,1.0,1,1,1,5.0,,0.0,0,1953.0,C01,138Â 300Â 107,1.0,-1.0,-1.0,1641725,1.0,7,,0.0,2.0,1.0,C01,138Â 300Â 107,1.0
961886,201900003417,6,16,18:30,1,1,4,1.0,5.0,2B319,RT 10,M,"42,4259030","9,5272520",2B,2019,80.0,1.0,1.0,2.0,2149907,1.0,1,1,1,5.0,,0.0,0,1953.0,C01,138Â 300Â 107,1.0,-1.0,-1.0,1641726,2.0,7,,0.0,2.0,1.0,B01,138Â 300Â 110,1.0
961886,201900003417,6,16,18:30,1,1,4,1.0,5.0,2B319,RT 10,M,"42,4259030","9,5272520",2B,2019,80.0,1.0,1.0,2.0,2149907,1.0,1,1,1,5.0,,0.0,0,1953.0,C01,138Â 300Â 107,1.0,-1.0,-1.0,1641727,2.0,7,,0.0,0.0,6.0,A01,138Â 300Â 111,1.0
961886,201900003417,6,16,18:30,1,1,4,1.0,5.0,2B319,RT 10,M,"42,4259030","9,5272520",2B,2019,80.0,1.0,1.0,2.0,2149908,2.0,2,1,2,5.0,,0.0,0,1951.0,C01,138Â 300Â 107,1.0,-1.0,-1.0,1641725,1.0,7,,0.0,2.0,1.0,C01,138Â 300Â 107,1.0
961886,201900003417,6,16,18:30,1,1,4,1.0,5.0,2B319,RT 10,M,"42,4259030","9,5272520",2B,2019,80.0,1.0,1.0,2.0,2149908,2.0,2,1,2,5.0,,0.0,0,1951.0,C01,138Â 300Â 107,1.0,-1.0,-1.0,1641726,2.0,7,,0.0,2.0,1.0,B01,138Â 300Â 110,1.0
961886,201900003417,6,16,18:30,1,1,4,1.0,5.0,2B319,RT 10,M,"42,4259030","9,5272520",2B,2019,80.0,1.0,1.0,2.0,2149908,2.0,2,1,2,5.0,,0.0,0,1951.0,C01,138Â 300Â 107,1.0,-1.0,-1.0,1641727,2.0,7,,0.0,0.0,6.0,A01,138Â 300Â 111,1.0
961886,201900003417,6,16,18:30,1,1,4,1.0,5.0,2B319,RT 10,M,"42,4259030","9,5272520",2B,2019,80.0,1.0,1.0,2.0,2149909,1.0,1,4,1,5.0,,0.0,0,1977.0,B01,138Â 300Â 110,1.0,-1.0,-1.0,1641725,1.0,7,,0.0,2.0,1.0,C01,138Â 300Â 107,1.0
961886,201900003417,6,16,18:30,1,1,4,1.0,5.0,2B319,RT 10,M,"42,4259030","9,5272520",2B,2019,80.0,1.0,1.0,2.0,2149909,1.0,1,4,1,5.0,,0.0,0,1977.0,B01,138Â 300Â 110,1.0,-1.0,-1.0,1641726,2.0,7,,0.0,2.0,1.0,B01,138Â 300Â 110,1.0
961886,201900003417,6,16,18:30,1,1,4,1.0,5.0,2B319,RT 10,M,"42,4259030","9,5272520",2B,2019,80.0,1.0,1.0,2.0,2149909,1.0,1,4,1,5.0,,0.0,0,1977.0,B01,138Â 300Â 110,1.0,-1.0,-1.0,1641727,2.0,7,,0.0,0.0,6.0,A01,138Â 300Â 111,1.0
961886,201900003417,6,16,18:30,1,1,4,1.0,5.0,2B319,RT 10,M,"42,4259030","9,5272520",2B,2019,80.0,1.0,1.0,2.0,2149910,1.0,1,1,2,5.0,,0.0,0,1966.0,A01,138Â 300Â 111,1.0,-1.0,-1.0,1641725,1.0,7,,0.0,2.0,1.0,C01,138Â 300Â 107,1.0
961886,201900003417,6,16,18:30,1,1,4,1.0,5.0,2B319,RT 10,M,"42,4259030","9,5272520",2B,2019,80.0,1.0,1.0,2.0,2149910,1.0,1,1,2,5.0,,0.0,0,1966.0,A01,138Â 300Â 111,1.0,-1.0,-1.0,1641726,2.0,7,,0.0,2.0,1.0,B01,138Â 300Â 110,1.0
961886,201900003417,6,16,18:30,1,1,4,1.0,5.0,2B319,RT 10,M,"42,4259030","9,5272520",2B,2019,80.0,1.0,1.0,2.0,2149910,1.0,1,1,2,5.0,,0.0,0,1966.0,A01,138Â 300Â 111,1.0,-1.0,-1.0,1641727,2.0,7,,0.0,0.0,6.0,A01,138Â 300Â 111,1.0
961886,201900003417,6,16,18:30,1,1,4,1.0,5.0,2B319,RT 10,M,"42,4259030","9,5272520",2B,2019,80.0,1.0,1.0,2.0,2149911,2.0,2,1,1,5.0,,0.0,0,1958.0,A01,138Â 300Â 111,1.0,-1.0,-1.0,1641725,1.0,7,,0.0,2.0,1.0,C01,138Â 300Â 107,1.0
961886,201900003417,6,16,18:30,1,1,4,1.0,5.0,2B319,RT 10,M,"42,4259030","9,5272520",2B,2019,80.0,1.0,1.0,2.0,2149911,2.0,2,1,1,5.0,,0.0,0,1958.0,A01,138Â 300Â 111,1.0,-1.0,-1.0,1641726,2.0,7,,0.0,2.0,1.0,B01,138Â 300Â 110,1.0
961886,201900003417,6,16,18:30,1,1,4,1.0,5.0,2B319,RT 10,M,"42,4259030","9,5272520",2B,2019,80.0,1.0,1.0,2.0,2149911,2.0,2,1,1,5.0,,0.0,0,1958.0,A01,138Â 300Â 111,1.0,-1.0,-1.0,1641727,2.0,7,,0.0,0.0,6.0,A01,138Â 300Â 111,1.0
961887,201900003418,6,15,02:30,3,1,1,1.0,6.0,2B077,Route d'Anghione,M,"42,4739560","9,5116300",2B,2019,80.0,3.0,1.0,3.0,2149912,1.0,1,2,1,1.0,,0.0,0,1994.0,A01,138Â 300Â 105,0.0,-1.0,-1.0,1641728,3.0,7,,2.0,9.0,7.0,A01,138Â 300Â 105,1.0
961888,201900003419,6,7,02:30,5,2,6,1.0,6.0,2B207,Folelli,M,"42,4445590","9,5080040",2B,2019,50.0,1.0,1.0,2.0,2149913,1.0,1,3,1,5.0,,0.0,0,1992.0,A01,138Â 300Â 104,2.0,-1.0,-1.0,1641729,1.0,33,,12.0,0.0,1.0,A01,138Â 300Â 104,1.0
961889,201900003420,8,16,00:15,3,1,1,1.0,6.0,81105,Avenue de Gaillac,M,"43,7735790","1,9994000",81,2019,80.0,1.0,1.0,3.0,2149914,1.0,1,4,2,9.0,,0.0,0,1997.0,A01,138Â 300Â 103,1.0,-1.0,-1.0,1641730,1.0,7,,2.0,0.0,1.0,A01,138Â 300Â 103,0.0
961890,201900003421,6,4,17:20,1,1,3,1.0,3.0,2B319,RT 10 lieu dt miloni  - vallÃ©e longhe,M,"42,4203750","9,5287110",2B,2019,70.0,1.0,1.0,2.0,2149915,4.0,2,3,2,5.0,,0.0,0,2013.0,B01,138Â 300Â 101,0.0,-1.0,-1.0,1641731,1.0,7,,0.0,2.0,1.0,B01,138Â 300Â 101,1.0
961890,201900003421,6,4,17:20,1,1,3,1.0,3.0,2B319,RT 10 lieu dt miloni  - vallÃ©e longhe,M,"42,4203750","9,5287110",2B,2019,70.0,1.0,1.0,2.0,2149915,4.0,2,3,2,5.0,,0.0,0,2013.0,B01,138Â 300Â 101,0.0,-1.0,-1.0,1641732,1.0,7,,0.0,2.0,8.0,A01,138Â 300Â 102,1.0
961890,201900003421,6,4,17:20,1,1,3,1.0,3.0,2B319,RT 10 lieu dt miloni  - vallÃ©e longhe,M,"42,4203750","9,5287110",2B,2019,70.0,1.0,1.0,2.0,2149916,2.0,2,3,2,5.0,,0.0,0,1981.0,B01,138Â 300Â 101,1.0,-1.0,-1.0,1641731,1.0,7,,0.0,2.0,1.0,B01,138Â 300Â 101,1.0
961890,201900003421,6,4,17:20,1,1,3,1.0,3.0,2B319,RT 10 lieu dt miloni  - vallÃ©e longhe,M,"42,4203750","9,5287110",2B,2019,70.0,1.0,1.0,2.0,2149916,2.0,2,3,2,5.0,,0.0,0,1981.0,B01,138Â 300Â 101,1.0,-1.0,-1.0,1641732,1.0,7,,0.0,2.0,8.0,A01,138Â 300Â 102,1.0
961890,201900003421,6,4,17:20,1,1,3,1.0,3.0,2B319,RT 10 lieu dt miloni  - vallÃ©e longhe,M,"42,4203750","9,5287110",2B,2019,70.0,1.0,1.0,2.0,2149917,1.0,1,3,1,5.0,,0.0,0,1948.0,B01,138Â 300Â 101,1.0,-1.0,-1.0,1641731,1.0,7,,0.0,2.0,1.0,B01,138Â 300Â 101,1.0
961890,201900003421,6,4,17:20,1,1,3,1.0,3.0,2B319,RT 10 lieu dt miloni  - vallÃ©e longhe,M,"42,4203750","9,5287110",2B,2019,70.0,1.0,1.0,2.0,2149917,1.0,1,3,1,5.0,,0.0,0,1948.0,B01,138Â 300Â 101,1.0,-1.0,-1.0,1641732,1.0,7,,0.0,2.0,8.0,A01,138Â 300Â 102,1.0
961890,201900003421,6,4,17:20,1,1,3,1.0,3.0,2B319,RT 10 lieu dt miloni  - vallÃ©e longhe,M,"42,4203750","9,5287110",2B,2019,70.0,1.0,1.0,2.0,2149918,1.0,1,4,1,1.0,,0.0,0,1985.0,A01,138Â 300Â 102,1.0,-1.0,-1.0,1641731,1.0,7,,0.0,2.0,1.0,B01,138Â 300Â 101,1.0
961890,201900003421,6,4,17:20,1,1,3,1.0,3.0,2B319,RT 10 lieu dt miloni  - vallÃ©e longhe,M,"42,4203750","9,5287110",2B,2019,70.0,1.0,1.0,2.0,2149918,1.0,1,4,1,1.0,,0.0,0,1985.0,A01,138Â 300Â 102,1.0,-1.0,-1.0,1641732,1.0,7,,0.0,2.0,8.0,A01,138Â 300Â 102,1.0
961891,201900003422,8,14,05:25,3,1,3,1.0,3.0,17360,RD 201,M,"46,1595210"," -1,3352430",17,2019,70.0,1.0,1.0,3.0,2149919,1.0,1,1,2,4.0,,0.0,0,1975.0,B01,138Â 300Â 099,1.0,-1.0,-1.0,1641733,1.0,7,,0.0,2.0,5.0,B01,138Â 300Â 099,1.0
961891,201900003422,8,14,05:25,3,1,3,1.0,3.0,17360,RD 201,M,"46,1595210"," -1,3352430",17,2019,70.0,1.0,1.0,3.0,2149919,1.0,1,1,2,4.0,,0.0,0,1975.0,B01,138Â 300Â 099,1.0,-1.0,-1.0,1641734,2.0,2,,0.0,2.0,1.0,A01,138Â 300Â 100,1.0
961891,201900003422,8,14,05:25,3,1,3,1.0,3.0,17360,RD 201,M,"46,1595210"," -1,3352430",17,2019,70.0,1.0,1.0,3.0,2149920,1.0,1,3,1,1.0,,0.0,0,2001.0,A01,138Â 300Â 100,2.0,6.0,-1.0,1641733,1.0,7,,0.0,2.0,5.0,B01,138Â 300Â 099,1.0
961891,201900003422,8,14,05:25,3,1,3,1.0,3.0,17360,RD 201,M,"46,1595210"," -1,3352430",17,2019,70.0,1.0,1.0,3.0,2149920,1.0,1,3,1,1.0,,0.0,0,2001.0,A01,138Â 300Â 100,2.0,6.0,-1.0,1641734,2.0,2,,0.0,2.0,1.0,A01,138Â 300Â 100,1.0
961892,201900003423,6,15,11:25,1,2,1,1.0,1.0,80274,48 rue Jean MOULN,M,"49,7383860","3,0663300",80,2019,50.0,1.0,1.0,3.0,2149921,10.0,3,4,1,3.0,,1.0,9,1974.0,B01,138Â 300Â 097,0.0,-1.0,-1.0,1641735,0.0,7,,0.0,0.0,2.0,B01,138Â 300Â 097,0.0
961892,201900003423,6,15,11:25,1,2,1,1.0,1.0,80274,48 rue Jean MOULN,M,"49,7383860","3,0663300",80,2019,50.0,1.0,1.0,3.0,2149921,10.0,3,4,1,3.0,,1.0,9,1974.0,B01,138Â 300Â 097,0.0,-1.0,-1.0,1641736,2.0,7,,1.0,1.0,2.0,A01,138Â 300Â 098,0.0
961892,201900003423,6,15,11:25,1,2,1,1.0,1.0,80274,48 rue Jean MOULN,M,"49,7383860","3,0663300",80,2019,50.0,1.0,1.0,3.0,2149922,1.0,1,1,1,5.0,,0.0,0,1949.0,A01,138Â 300Â 098,1.0,-1.0,-1.0,1641735,0.0,7,,0.0,0.0,2.0,B01,138Â 300Â 097,0.0
961892,201900003423,6,15,11:25,1,2,1,1.0,1.0,80274,48 rue Jean MOULN,M,"49,7383860","3,0663300",80,2019,50.0,1.0,1.0,3.0,2149922,1.0,1,1,1,5.0,,0.0,0,1949.0,A01,138Â 300Â 098,1.0,-1.0,-1.0,1641736,2.0,7,,1.0,1.0,2.0,A01,138Â 300Â 098,0.0
961893,201900003424,6,17,19:25,2,1,1,7.0,1.0,80177,D44,M,"49,8959160","3,0217200",80,2019,80.0,1.0,1.0,3.0,2149923,1.0,1,3,1,9.0,,0.0,0,1958.0,B01,138Â 300Â 094,1.0,-1.0,-1.0,1641737,2.0,7,,0.0,2.0,1.0,B01,138Â 300Â 094,1.0
961893,201900003424,6,17,19:25,2,1,1,7.0,1.0,80177,D44,M,"49,8959160","3,0217200",80,2019,80.0,1.0,1.0,3.0,2149923,1.0,1,3,1,9.0,,0.0,0,1958.0,B01,138Â 300Â 094,1.0,-1.0,-1.0,1641738,1.0,7,,0.0,2.0,1.0,A01,138Â 300Â 096,1.0