Unnamed: 0_x,num_acc,mois,jour,hrmn,lum,agg,int,atm,col,com,adr,gps,lat,long,dep,annee,vma,situ,surf,catr,Unnamed: 0_y,place,catu,grav,sexe,trajet,secu,locp,actp,an_nais,num_veh_x,id_vehicule_x,secu1,secu2,secu3,Unnamed: 0,senc,catv,occutc,obs,obsm,choc,num_veh_y,id_vehicule_y,motor
961893,201900003424,6,17,19:25,2,1,1,7.0,1.0,80177,D44,M,"49,8959160","3,0217200",80,2019,80.0,1.0,1.0,3.0,2149924,1.0,1,3,2,0.0,,0.0,0,1963.0,A01,138Â 300Â 096,1.0,-1.0,-1.0,1641737,2.0,7,,0.0,2.0,1.0,B01,138Â 300Â 094,1.0
961893,201900003424,6,17,19:25,2,1,1,7.0,1.0,80177,D44,M,"49,8959160","3,0217200",80,2019,80.0,1.0,1.0,3.0,2149924,1.0,1,3,2,0.0,,0.0,0,1963.0,A01,138Â 300Â 096,1.0,-1.0,-1.0,1641738,1.0,7,,0.0,2.0,1.0,A01,138Â 300Â 096,1.0
961894,201900003425,8,13,15:00,1,1,1,1.0,3.0,40278,3173 Route de Sainte-Eulalie,M,"44,2467380"," -1,1690430",40,2019,80.0,1.0,1.0,3.0,2149925,1.0,1,3,2,5.0,,0.0,0,1974.0,B01,138Â 300Â 093,1.0,-1.0,-1.0,1641739,1.0,7,,0.0,2.0,3.0,B01,138Â 300Â 093,1.0
961894,201900003425,8,13,15:00,1,1,1,1.0,3.0,40278,3173 Route de Sainte-Eulalie,M,"44,2467380"," -1,1690430",40,2019,80.0,1.0,1.0,3.0,2149925,1.0,1,3,2,5.0,,0.0,0,1974.0,B01,138Â 300Â 093,1.0,-1.0,-1.0,1641740,2.0,10,,0.0,2.0,3.0,A01,138Â 300Â 095,1.0
961894,201900003425,8,13,15:00,1,1,1,1.0,3.0,40278,3173 Route de Sainte-Eulalie,M,"44,2467380"," -1,1690430",40,2019,80.0,1.0,1.0,3.0,2149926,1.0,1,1,2,5.0,,0.0,0,1972.0,A01,138Â 300Â 095,1.0,-1.0,-1.0,1641739,1.0,7,,0.0,2.0,3.0,B01,138Â 300Â 093,1.0
961894,201900003425,8,13,15:00,1,1,1,1.0,3.0,40278,3173 Route de Sainte-Eulalie,M,"44,2467380"," -1,1690430",40,2019,80.0,1.0,1.0,3.0,2149926,1.0,1,1,2,5.0,,0.0,0,1972.0,A01,138Â 300Â 095,1.0,-1.0,-1.0,1641740,2.0,10,,0.0,2.0,3.0,A01,138Â 300Â 095,1.0
961894,201900003425,8,13,15:00,1,1,1,1.0,3.0,40278,3173 Route de Sainte-Eulalie,M,"44,2467380"," -1,1690430",40,2019,80.0,1.0,1.0,3.0,2149927,2.0,2,4,2,5.0,,0.0,0,1946.0,A01,138Â 300Â 095,1.0,-1.0,-1.0,1641739,1.0,7,,0.0,2.0,3.0,B01,138Â 300Â 093,1.0
961894,201900003425,8,13,15:00,1,1,1,1.0,3.0,40278,3173 Route de Sainte-Eulalie,M,"44,2467380"," -1,1690430",40,2019,80.0,1.0,1.0,3.0,2149927,2.0,2,4,2,5.0,,0.0,0,1946.0,A01,138Â 300Â 095,1.0,-1.0,-1.0,1641740,2.0,10,,0.0,2.0,3.0,A01,138Â 300Â 095,1.0
961895,201900003426,6,4,20:00,1,2,1,1.0,6.0,80802,59 Rue d'Ãpehy,M,"49,9848610","3,1230780",80,2019,50.0,3.0,2.0,3.0,2149928,1.0,1,1,1,5.0,,0.0,0,1972.0,A01,138Â 300Â 092,1.0,-1.0,-1.0,1641741,1.0,7,,8.0,0.0,4.0,A01,138Â 300Â 092,1.0
961895,201900003426,6,4,20:00,1,2,1,1.0,6.0,80802,59 Rue d'Ãpehy,M,"49,9848610","3,1230780",80,2019,50.0,3.0,2.0,3.0,2149929,2.0,2,4,2,5.0,,0.0,0,1974.0,A01,138Â 300Â 092,1.0,-1.0,-1.0,1641741,1.0,7,,8.0,0.0,4.0,A01,138Â 300Â 092,1.0
961896,201900003427,8,11,09:35,1,1,1,1.0,3.0,33501,D111,M,"44,6260500"," -0,6120500",33,2019,80.0,1.0,1.0,3.0,2149930,1.0,1,4,1,3.0,,0.0,0,1963.0,B01,138Â 300Â 090,1.0,-1.0,-1.0,1641742,2.0,7,,0.0,0.0,5.0,B01,138Â 300Â 090,1.0
961896,201900003427,8,11,09:35,1,1,1,1.0,3.0,33501,D111,M,"44,6260500"," -0,6120500",33,2019,80.0,1.0,1.0,3.0,2149930,1.0,1,4,1,3.0,,0.0,0,1963.0,B01,138Â 300Â 090,1.0,-1.0,-1.0,1641743,2.0,7,,0.0,2.0,3.0,A01,138Â 300Â 091,1.0
961896,201900003427,8,11,09:35,1,1,1,1.0,3.0,33501,D111,M,"44,6260500"," -0,6120500",33,2019,80.0,1.0,1.0,3.0,2149931,2.0,2,3,1,3.0,,0.0,0,1987.0,B01,138Â 300Â 090,1.0,-1.0,-1.0,1641742,2.0,7,,0.0,0.0,5.0,B01,138Â 300Â 090,1.0
961896,201900003427,8,11,09:35,1,1,1,1.0,3.0,33501,D111,M,"44,6260500"," -0,6120500",33,2019,80.0,1.0,1.0,3.0,2149931,2.0,2,3,1,3.0,,0.0,0,1987.0,B01,138Â 300Â 090,1.0,-1.0,-1.0,1641743,2.0,7,,0.0,2.0,3.0,A01,138Â 300Â 091,1.0
961896,201900003427,8,11,09:35,1,1,1,1.0,3.0,33501,D111,M,"44,6260500"," -0,6120500",33,2019,80.0,1.0,1.0,3.0,2149932,1.0,1,1,1,5.0,,0.0,0,1946.0,A01,138Â 300Â 091,1.0,-1.0,-1.0,1641742,2.0,7,,0.0,0.0,5.0,B01,138Â 300Â 090,1.0
961896,201900003427,8,11,09:35,1,1,1,1.0,3.0,33501,D111,M,"44,6260500"," -0,6120500",33,2019,80.0,1.0,1.0,3.0,2149932,1.0,1,1,1,5.0,,0.0,0,1946.0,A01,138Â 300Â 091,1.0,-1.0,-1.0,1641743,2.0,7,,0.0,2.0,3.0,A01,138Â 300Â 091,1.0
961897,201900003428,6,8,03:45,3,1,1,6.0,6.0,80494,CD 134,M,"49,7329850","2,3942200",80,2019,80.0,3.0,1.0,3.0,2149933,1.0,1,4,1,5.0,,0.0,0,1995.0,A01,138Â 300Â 089,2.0,6.0,-1.0,1641744,2.0,33,,7.0,0.0,0.0,A01,138Â 300Â 089,1.0
961897,201900003428,6,8,03:45,3,1,1,6.0,6.0,80494,CD 134,M,"49,7329850","2,3942200",80,2019,80.0,3.0,1.0,3.0,2149934,2.0,2,3,1,5.0,,0.0,0,1994.0,A01,138Â 300Â 089,2.0,6.0,-1.0,1641744,2.0,33,,7.0,0.0,0.0,A01,138Â 300Â 089,1.0
961898,201900003429,8,15,18:30,1,2,3,1.0,1.0,33019,D5E5 Rte de bordeaux,M,"44,6954600"," -0,9809450",33,2019,50.0,1.0,1.0,3.0,2149935,1.0,1,3,2,5.0,,0.0,0,1952.0,B01,138Â 300Â 085,1.0,-1.0,-1.0,1641745,1.0,7,,0.0,2.0,3.0,B01,138Â 300Â 085,1.0
961898,201900003429,8,15,18:30,1,2,3,1.0,1.0,33019,D5E5 Rte de bordeaux,M,"44,6954600"," -0,9809450",33,2019,50.0,1.0,1.0,3.0,2149935,1.0,1,3,2,5.0,,0.0,0,1952.0,B01,138Â 300Â 085,1.0,-1.0,-1.0,1641746,2.0,7,,0.0,2.0,1.0,A01,138Â 300Â 087,1.0
961898,201900003429,8,15,18:30,1,2,3,1.0,1.0,33019,D5E5 Rte de bordeaux,M,"44,6954600"," -0,9809450",33,2019,50.0,1.0,1.0,3.0,2149936,2.0,2,1,1,5.0,,0.0,0,1996.0,A01,138Â 300Â 087,1.0,-1.0,-1.0,1641745,1.0,7,,0.0,2.0,3.0,B01,138Â 300Â 085,1.0
961898,201900003429,8,15,18:30,1,2,3,1.0,1.0,33019,D5E5 Rte de bordeaux,M,"44,6954600"," -0,9809450",33,2019,50.0,1.0,1.0,3.0,2149936,2.0,2,1,1,5.0,,0.0,0,1996.0,A01,138Â 300Â 087,1.0,-1.0,-1.0,1641746,2.0,7,,0.0,2.0,1.0,A01,138Â 300Â 087,1.0
961898,201900003429,8,15,18:30,1,2,3,1.0,1.0,33019,D5E5 Rte de bordeaux,M,"44,6954600"," -0,9809450",33,2019,50.0,1.0,1.0,3.0,2149937,1.0,1,4,2,5.0,,0.0,0,1999.0,A01,138Â 300Â 087,1.0,-1.0,-1.0,1641745,1.0,7,,0.0,2.0,3.0,B01,138Â 300Â 085,1.0
961898,201900003429,8,15,18:30,1,2,3,1.0,1.0,33019,D5E5 Rte de bordeaux,M,"44,6954600"," -0,9809450",33,2019,50.0,1.0,1.0,3.0,2149937,1.0,1,4,2,5.0,,0.0,0,1999.0,A01,138Â 300Â 087,1.0,-1.0,-1.0,1641746,2.0,7,,0.0,2.0,1.0,A01,138Â 300Â 087,1.0
961899,201900003430,8,13,22:45,3,1,1,1.0,1.0,85302,Le Landreau,M,"46,9715800"," -0,9690500",85,2019,80.0,1.0,1.0,3.0,2149938,1.0,1,1,1,5.0,,0.0,0,1978.0,A01,138Â 300Â 083,1.0,-1.0,-1.0,1641747,1.0,7,,0.0,2.0,3.0,A01,138Â 300Â 083,1.0
961899,201900003430,8,13,22:45,3,1,1,1.0,1.0,85302,Le Landreau,M,"46,9715800"," -0,9690500",85,2019,80.0,1.0,1.0,3.0,2149938,1.0,1,1,1,5.0,,0.0,0,1978.0,A01,138Â 300Â 083,1.0,-1.0,-1.0,1641748,2.0,7,,0.0,2.0,1.0,B01,138Â 300Â 084,1.0
961899,201900003430,8,13,22:45,3,1,1,1.0,1.0,85302,Le Landreau,M,"46,9715800"," -0,9690500",85,2019,80.0,1.0,1.0,3.0,2149939,7.0,2,1,1,5.0,,0.0,0,2011.0,B01,138Â 300Â 084,1.0,-1.0,-1.0,1641747,1.0,7,,0.0,2.0,3.0,A01,138Â 300Â 083,1.0
961899,201900003430,8,13,22:45,3,1,1,1.0,1.0,85302,Le Landreau,M,"46,9715800"," -0,9690500",85,2019,80.0,1.0,1.0,3.0,2149939,7.0,2,1,1,5.0,,0.0,0,2011.0,B01,138Â 300Â 084,1.0,-1.0,-1.0,1641748,2.0,7,,0.0,2.0,1.0,B01,138Â 300Â 084,1.0
961899,201900003430,8,13,22:45,3,1,1,1.0,1.0,85302,Le Landreau,M,"46,9715800"," -0,9690500",85,2019,80.0,1.0,1.0,3.0,2149940,9.0,2,1,2,5.0,,0.0,0,2005.0,B01,138Â 300Â 084,1.0,-1.0,-1.0,1641747,1.0,7,,0.0,2.0,3.0,A01,138Â 300Â 083,1.0
961899,201900003430,8,13,22:45,3,1,1,1.0,1.0,85302,Le Landreau,M,"46,9715800"," -0,9690500",85,2019,80.0,1.0,1.0,3.0,2149940,9.0,2,1,2,5.0,,0.0,0,2005.0,B01,138Â 300Â 084,1.0,-1.0,-1.0,1641748,2.0,7,,0.0,2.0,1.0,B01,138Â 300Â 084,1.0
961899,201900003430,8,13,22:45,3,1,1,1.0,1.0,85302,Le Landreau,M,"46,9715800"," -0,9690500",85,2019,80.0,1.0,1.0,3.0,2149941,8.0,2,1,1,5.0,,0.0,0,2007.0,B01,138Â 300Â 084,1.0,-1.0,-1.0,1641747,1.0,7,,0.0,2.0,3.0,A01,138Â 300Â 083,1.0
961899,201900003430,8,13,22:45,3,1,1,1.0,1.0,85302,Le Landreau,M,"46,9715800"," -0,9690500",85,2019,80.0,1.0,1.0,3.0,2149941,8.0,2,1,1,5.0,,0.0,0,2007.0,B01,138Â 300Â 084,1.0,-1.0,-1.0,1641748,2.0,7,,0.0,2.0,1.0,B01,138Â 300Â 084,1.0
961899,201900003430,8,13,22:45,3,1,1,1.0,1.0,85302,Le Landreau,M,"46,9715800"," -0,9690500",85,2019,80.0,1.0,1.0,3.0,2149942,2.0,2,3,2,5.0,,0.0,0,1980.0,B01,138Â 300Â 084,1.0,-1.0,-1.0,1641747,1.0,7,,0.0,2.0,3.0,A01,138Â 300Â 083,1.0
961899,201900003430,8,13,22:45,3,1,1,1.0,1.0,85302,Le Landreau,M,"46,9715800"," -0,9690500",85,2019,80.0,1.0,1.0,3.0,2149942,2.0,2,3,2,5.0,,0.0,0,1980.0,B01,138Â 300Â 084,1.0,-1.0,-1.0,1641748,2.0,7,,0.0,2.0,1.0,B01,138Â 300Â 084,1.0
961899,201900003430,8,13,22:45,3,1,1,1.0,1.0,85302,Le Landreau,M,"46,9715800"," -0,9690500",85,2019,80.0,1.0,1.0,3.0,2149943,1.0,1,3,1,5.0,,0.0,0,1978.0,B01,138Â 300Â 084,1.0,-1.0,-1.0,1641747,1.0,7,,0.0,2.0,3.0,A01,138Â 300Â 083,1.0
961899,201900003430,8,13,22:45,3,1,1,1.0,1.0,85302,Le Landreau,M,"46,9715800"," -0,9690500",85,2019,80.0,1.0,1.0,3.0,2149943,1.0,1,3,1,5.0,,0.0,0,1978.0,B01,138Â 300Â 084,1.0,-1.0,-1.0,1641748,2.0,7,,0.0,2.0,1.0,B01,138Â 300Â 084,1.0
961900,201900003431,6,1,22:45,3,2,1,1.0,6.0,80148,37 rue du petit selve,M,"50,0243430","1,5653420",80,2019,50.0,1.0,1.0,4.0,2149944,1.0,1,4,1,5.0,,0.0,0,2002.0,A01,138Â 300Â 081,2.0,-1.0,-1.0,1641749,3.0,2,,0.0,0.0,0.0,A01,138Â 300Â 081,1.0
961901,201900003432,7,7,18:00,1,1,1,1.0,3.0,72025,Le ChÃªne Vert (CrÃ©-sur-Loir),M,"47,6731660"," -0,1281030",72,2019,80.0,1.0,1.0,3.0,2149945,1.0,1,4,1,5.0,,0.0,0,2000.0,A01,138Â 300Â 080,1.0,-1.0,-1.0,1641750,1.0,7,,0.0,2.0,2.0,A01,138Â 300Â 080,1.0
961901,201900003432,7,7,18:00,1,1,1,1.0,3.0,72025,Le ChÃªne Vert (CrÃ©-sur-Loir),M,"47,6731660"," -0,1281030",72,2019,80.0,1.0,1.0,3.0,2149945,1.0,1,4,1,5.0,,0.0,0,2000.0,A01,138Â 300Â 080,1.0,-1.0,-1.0,1641751,1.0,7,,0.0,2.0,1.0,B01,138Â 300Â 082,1.0
961901,201900003432,7,7,18:00,1,1,1,1.0,3.0,72025,Le ChÃªne Vert (CrÃ©-sur-Loir),M,"47,6731660"," -0,1281030",72,2019,80.0,1.0,1.0,3.0,2149946,4.0,2,4,2,5.0,,0.0,0,2014.0,B01,138Â 300Â 082,1.0,-1.0,-1.0,1641750,1.0,7,,0.0,2.0,2.0,A01,138Â 300Â 080,1.0
961901,201900003432,7,7,18:00,1,1,1,1.0,3.0,72025,Le ChÃªne Vert (CrÃ©-sur-Loir),M,"47,6731660"," -0,1281030",72,2019,80.0,1.0,1.0,3.0,2149946,4.0,2,4,2,5.0,,0.0,0,2014.0,B01,138Â 300Â 082,1.0,-1.0,-1.0,1641751,1.0,7,,0.0,2.0,1.0,B01,138Â 300Â 082,1.0
961901,201900003432,7,7,18:00,1,1,1,1.0,3.0,72025,Le ChÃªne Vert (CrÃ©-sur-Loir),M,"47,6731660"," -0,1281030",72,2019,80.0,1.0,1.0,3.0,2149947,1.0,1,4,2,5.0,,0.0,0,1994.0,B01,138Â 300Â 082,1.0,-1.0,-1.0,1641750,1.0,7,,0.0,2.0,2.0,A01,138Â 300Â 080,1.0
961901,201900003432,7,7,18:00,1,1,1,1.0,3.0,72025,Le ChÃªne Vert (CrÃ©-sur-Loir),M,"47,6731660"," -0,1281030",72,2019,80.0,1.0,1.0,3.0,2149947,1.0,1,4,2,5.0,,0.0,0,1994.0,B01,138Â 300Â 082,1.0,-1.0,-1.0,1641751,1.0,7,,0.0,2.0,1.0,B01,138Â 300Â 082,1.0
961901,201900003432,7,7,18:00,1,1,1,1.0,3.0,72025,Le ChÃªne Vert (CrÃ©-sur-Loir),M,"47,6731660"," -0,1281030",72,2019,80.0,1.0,1.0,3.0,2149948,3.0,2,4,1,5.0,,0.0,0,2018.0,B01,138Â 300Â 082,1.0,-1.0,-1.0,1641750,1.0,7,,0.0,2.0,2.0,A01,138Â 300Â 080,1.0
961901,201900003432,7,7,18:00,1,1,1,1.0,3.0,72025,Le ChÃªne Vert (CrÃ©-sur-Loir),M,"47,6731660"," -0,1281030",72,2019,80.0,1.0,1.0,3.0,2149948,3.0,2,4,1,5.0,,0.0,0,2018.0,B01,138Â 300Â 082,1.0,-1.0,-1.0,1641751,1.0,7,,0.0,2.0,1.0,B01,138Â 300Â 082,1.0
961902,201900003433,6,17,17:40,1,2,2,1.0,3.0,80656,Rue de la Chapelle,M,"49,8258450","2,0858530",80,2019,50.0,1.0,1.0,3.0,2149949,1.0,1,3,1,5.0,,0.0,0,1948.0,B01,138Â 300Â 078,2.0,6.0,-1.0,1641752,2.0,33,,0.0,2.0,8.0,B01,138Â 300Â 078,1.0
961902,201900003433,6,17,17:40,1,2,2,1.0,3.0,80656,Rue de la Chapelle,M,"49,8258450","2,0858530",80,2019,50.0,1.0,1.0,3.0,2149949,1.0,1,3,1,5.0,,0.0,0,1948.0,B01,138Â 300Â 078,2.0,6.0,-1.0,1641753,0.0,7,,0.0,2.0,2.0,A01,138Â 300Â 079,1.0
961902,201900003433,6,17,17:40,1,2,2,1.0,3.0,80656,Rue de la Chapelle,M,"49,8258450","2,0858530",80,2019,50.0,1.0,1.0,3.0,2149950,2.0,2,1,1,5.0,,0.0,0,1989.0,A01,138Â 300Â 079,8.0,-1.0,-1.0,1641752,2.0,33,,0.0,2.0,8.0,B01,138Â 300Â 078,1.0
961902,201900003433,6,17,17:40,1,2,2,1.0,3.0,80656,Rue de la Chapelle,M,"49,8258450","2,0858530",80,2019,50.0,1.0,1.0,3.0,2149950,2.0,2,1,1,5.0,,0.0,0,1989.0,A01,138Â 300Â 079,8.0,-1.0,-1.0,1641753,0.0,7,,0.0,2.0,2.0,A01,138Â 300Â 079,1.0
961902,201900003433,6,17,17:40,1,2,2,1.0,3.0,80656,Rue de la Chapelle,M,"49,8258450","2,0858530",80,2019,50.0,1.0,1.0,3.0,2149951,1.0,1,1,1,5.0,,0.0,0,1954.0,A01,138Â 300Â 079,8.0,-1.0,-1.0,1641752,2.0,33,,0.0,2.0,8.0,B01,138Â 300Â 078,1.0
961902,201900003433,6,17,17:40,1,2,2,1.0,3.0,80656,Rue de la Chapelle,M,"49,8258450","2,0858530",80,2019,50.0,1.0,1.0,3.0,2149951,1.0,1,1,1,5.0,,0.0,0,1954.0,A01,138Â 300Â 079,8.0,-1.0,-1.0,1641753,0.0,7,,0.0,2.0,2.0,A01,138Â 300Â 079,1.0
961903,201900003434,8,15,08:30,1,1,3,1.0,7.0,49301,L'Orvoire (TilliÃ¨res),M,"47,1603980"," -1,1657120",49,2019,80.0,8.0,1.0,3.0,2149952,1.0,1,1,1,5.0,,0.0,0,2000.0,A01,138Â 300Â 077,1.0,-1.0,-1.0,1641754,2.0,7,,15.0,0.0,1.0,A01,138Â 300Â 077,1.0
961903,201900003434,8,15,08:30,1,1,3,1.0,7.0,49301,L'Orvoire (TilliÃ¨res),M,"47,1603980"," -1,1657120",49,2019,80.0,8.0,1.0,3.0,2149953,4.0,2,1,1,5.0,,0.0,0,1999.0,A01,138Â 300Â 077,1.0,-1.0,-1.0,1641754,2.0,7,,15.0,0.0,1.0,A01,138Â 300Â 077,1.0
961903,201900003434,8,15,08:30,1,1,3,1.0,7.0,49301,L'Orvoire (TilliÃ¨res),M,"47,1603980"," -1,1657120",49,2019,80.0,8.0,1.0,3.0,2149954,2.0,2,3,1,5.0,,0.0,0,1999.0,A01,138Â 300Â 077,1.0,-1.0,-1.0,1641754,2.0,7,,15.0,0.0,1.0,A01,138Â 300Â 077,1.0
961903,201900003434,8,15,08:30,1,1,3,1.0,7.0,49301,L'Orvoire (TilliÃ¨res),M,"47,1603980"," -1,1657120",49,2019,80.0,8.0,1.0,3.0,2149955,5.0,2,4,2,5.0,,0.0,0,2000.0,A01,138Â 300Â 077,0.0,-1.0,-1.0,1641754,2.0,7,,15.0,0.0,1.0,A01,138Â 300Â 077,1.0
961904,201900003435,6,14,08:45,1,1,1,1.0,1.0,82001,Route de Nivelle,M,"44,0402300","1,2771890",82,2019,80.0,1.0,1.0,3.0,2149956,1.0,1,3,1,1.0,,0.0,0,1984.0,A01,138Â 300Â 074,1.0,-1.0,-1.0,1641755,1.0,7,,0.0,2.0,1.0,A01,138Â 300Â 074,1.0
961904,201900003435,6,14,08:45,1,1,1,1.0,1.0,82001,Route de Nivelle,M,"44,0402300","1,2771890",82,2019,80.0,1.0,1.0,3.0,2149956,1.0,1,3,1,1.0,,0.0,0,1984.0,A01,138Â 300Â 074,1.0,-1.0,-1.0,1641756,2.0,7,,0.0,2.0,1.0,B01,138Â 300Â 076,1.0
961904,201900003435,6,14,08:45,1,1,1,1.0,1.0,82001,Route de Nivelle,M,"44,0402300","1,2771890",82,2019,80.0,1.0,1.0,3.0,2149957,1.0,1,4,2,1.0,,0.0,0,1996.0,B01,138Â 300Â 076,1.0,-1.0,-1.0,1641755,1.0,7,,0.0,2.0,1.0,A01,138Â 300Â 074,1.0
961904,201900003435,6,14,08:45,1,1,1,1.0,1.0,82001,Route de Nivelle,M,"44,0402300","1,2771890",82,2019,80.0,1.0,1.0,3.0,2149957,1.0,1,4,2,1.0,,0.0,0,1996.0,B01,138Â 300Â 076,1.0,-1.0,-1.0,1641756,2.0,7,,0.0,2.0,1.0,B01,138Â 300Â 076,1.0
961905,201900003436,5,4,11:20,1,1,2,1.0,3.0,82161,cd 115- che de pradelles,M,"44,0462500","1,4484790",82,2019,80.0,1.0,1.0,3.0,2149958,1.0,1,1,1,5.0,,0.0,0,1947.0,B01,138Â 300Â 071,1.0,-1.0,-1.0,1641757,3.0,7,,0.0,2.0,8.0,B01,138Â 300Â 071,1.0
961905,201900003436,5,4,11:20,1,1,2,1.0,3.0,82161,cd 115- che de pradelles,M,"44,0462500","1,4484790",82,2019,80.0,1.0,1.0,3.0,2149958,1.0,1,1,1,5.0,,0.0,0,1947.0,B01,138Â 300Â 071,1.0,-1.0,-1.0,1641758,1.0,33,,0.0,2.0,1.0,A01,138Â 300Â 072,1.0
961905,201900003436,5,4,11:20,1,1,2,1.0,3.0,82161,cd 115- che de pradelles,M,"44,0462500","1,4484790",82,2019,80.0,1.0,1.0,3.0,2149959,1.0,1,3,1,5.0,,0.0,0,1985.0,A01,138Â 300Â 072,2.0,6.0,-1.0,1641757,3.0,7,,0.0,2.0,8.0,B01,138Â 300Â 071,1.0
961905,201900003436,5,4,11:20,1,1,2,1.0,3.0,82161,cd 115- che de pradelles,M,"44,0462500","1,4484790",82,2019,80.0,1.0,1.0,3.0,2149959,1.0,1,3,1,5.0,,0.0,0,1985.0,A01,138Â 300Â 072,2.0,6.0,-1.0,1641758,1.0,33,,0.0,2.0,1.0,A01,138Â 300Â 072,1.0
961906,201900003437,8,7,10:15,1,2,1,1.0,3.0,44047,88 Rue Alexandre Olivier,M,"47,2199920"," -1,7246690",44,2019,50.0,1.0,1.0,7.0,2149960,1.0,1,1,1,1.0,,0.0,0,1997.0,A01,138Â 300Â 073,1.0,-1.0,-1.0,1641759,0.0,7,,0.0,2.0,7.0,A01,138Â 300Â 073,1.0
961906,201900003437,8,7,10:15,1,2,1,1.0,3.0,44047,88 Rue Alexandre Olivier,M,"47,2199920"," -1,7246690",44,2019,50.0,1.0,1.0,7.0,2149960,1.0,1,1,1,1.0,,0.0,0,1997.0,A01,138Â 300Â 073,1.0,-1.0,-1.0,1641760,0.0,1,,0.0,0.0,8.0,B01,138Â 300Â 075,5.0
961906,201900003437,8,7,10:15,1,2,1,1.0,3.0,44047,88 Rue Alexandre Olivier,M,"47,2199920"," -1,7246690",44,2019,50.0,1.0,1.0,7.0,2149961,1.0,1,3,1,5.0,,0.0,0,1955.0,B01,138Â 300Â 075,2.0,-1.0,-1.0,1641759,0.0,7,,0.0,2.0,7.0,A01,138Â 300Â 073,1.0
961906,201900003437,8,7,10:15,1,2,1,1.0,3.0,44047,88 Rue Alexandre Olivier,M,"47,2199920"," -1,7246690",44,2019,50.0,1.0,1.0,7.0,2149961,1.0,1,3,1,5.0,,0.0,0,1955.0,B01,138Â 300Â 075,2.0,-1.0,-1.0,1641760,0.0,1,,0.0,0.0,8.0,B01,138Â 300Â 075,5.0
961907,201900003438,8,14,05:50,3,1,1,1.0,2.0,14554,N 158 PK 031.400,M,"49,0883290"," -0,3057940",14,2019,110.0,1.0,1.0,2.0,2149962,2.0,2,4,2,1.0,,0.0,0,1996.0,B01,138Â 300Â 067,1.0,-1.0,-1.0,1641761,1.0,7,,14.0,2.0,3.0,B01,138Â 300Â 067,1.0
961907,201900003438,8,14,05:50,3,1,1,1.0,2.0,14554,N 158 PK 031.400,M,"49,0883290"," -0,3057940",14,2019,110.0,1.0,1.0,2.0,2149962,2.0,2,4,2,1.0,,0.0,0,1996.0,B01,138Â 300Â 067,1.0,-1.0,-1.0,1641762,1.0,7,,13.0,0.0,1.0,A01,138Â 300Â 069,1.0
961907,201900003438,8,14,05:50,3,1,1,1.0,2.0,14554,N 158 PK 031.400,M,"49,0883290"," -0,3057940",14,2019,110.0,1.0,1.0,2.0,2149963,1.0,1,4,1,1.0,,0.0,0,1997.0,B01,138Â 300Â 067,1.0,-1.0,-1.0,1641761,1.0,7,,14.0,2.0,3.0,B01,138Â 300Â 067,1.0
961907,201900003438,8,14,05:50,3,1,1,1.0,2.0,14554,N 158 PK 031.400,M,"49,0883290"," -0,3057940",14,2019,110.0,1.0,1.0,2.0,2149963,1.0,1,4,1,1.0,,0.0,0,1997.0,B01,138Â 300Â 067,1.0,-1.0,-1.0,1641762,1.0,7,,13.0,0.0,1.0,A01,138Â 300Â 069,1.0
961907,201900003438,8,14,05:50,3,1,1,1.0,2.0,14554,N 158 PK 031.400,M,"49,0883290"," -0,3057940",14,2019,110.0,1.0,1.0,2.0,2149964,1.0,1,3,1,1.0,,0.0,0,1999.0,A01,138Â 300Â 069,1.0,-1.0,-1.0,1641761,1.0,7,,14.0,2.0,3.0,B01,138Â 300Â 067,1.0
961907,201900003438,8,14,05:50,3,1,1,1.0,2.0,14554,N 158 PK 031.400,M,"49,0883290"," -0,3057940",14,2019,110.0,1.0,1.0,2.0,2149964,1.0,1,3,1,1.0,,0.0,0,1999.0,A01,138Â 300Â 069,1.0,-1.0,-1.0,1641762,1.0,7,,13.0,0.0,1.0,A01,138Â 300Â 069,1.0
961908,201900003439,6,7,17:35,1,1,1,1.0,6.0,82149,D820,M,"44,1413830","1,5134790",82,2019,90.0,2.0,1.0,3.0,2149965,1.0,1,3,1,5.0,,0.0,0,1977.0,A01,138Â 300Â 066,2.0,6.0,-1.0,1641763,1.0,36,,3.0,0.0,1.0,A01,138Â 300Â 066,1.0
961908,201900003439,6,7,17:35,1,1,1,1.0,6.0,82149,D820,M,"44,1413830","1,5134790",82,2019,90.0,2.0,1.0,3.0,2149966,2.0,2,2,1,5.0,,0.0,0,2008.0,A01,138Â 300Â 066,2.0,6.0,-1.0,1641763,1.0,36,,3.0,0.0,1.0,A01,138Â 300Â 066,1.0
961909,201900003440,8,15,05:35,3,1,3,2.0,3.0,22154,RD786,M,"48,5132190"," -2,6028478",22,2019,80.0,1.0,2.0,3.0,2149967,2.0,2,4,1,5.0,,0.0,0,1996.0,A01,138Â 300Â 064,1.0,-1.0,-1.0,1641764,3.0,7,,0.0,2.0,1.0,A01,138Â 300Â 064,1.0
961909,201900003440,8,15,05:35,3,1,3,2.0,3.0,22154,RD786,M,"48,5132190"," -2,6028478",22,2019,80.0,1.0,2.0,3.0,2149967,2.0,2,4,1,5.0,,0.0,0,1996.0,A01,138Â 300Â 064,1.0,-1.0,-1.0,1641765,2.0,10,,0.0,0.0,2.0,B01,138Â 300Â 065,1.0