Unnamed: 0_x,num_acc,mois,jour,hrmn,lum,agg,int,atm,col,com,adr,gps,lat,long,dep,annee,vma,situ,surf,catr,Unnamed: 0_y,place,catu,grav,sexe,trajet,secu,locp,actp,an_nais,num_veh_x,id_vehicule_x,secu1,secu2,secu3,Unnamed: 0,senc,catv,occutc,obs,obsm,choc,num_veh_y,id_vehicule_y,motor
961909,201900003440,8,15,05:35,3,1,3,2.0,3.0,22154,RD786,M,"48,5132190"," -2,6028478",22,2019,80.0,1.0,2.0,3.0,2149968,1.0,1,4,2,5.0,,0.0,0,1998.0,A01,138Â 300Â 064,1.0,-1.0,-1.0,1641764,3.0,7,,0.0,2.0,1.0,A01,138Â 300Â 064,1.0
961909,201900003440,8,15,05:35,3,1,3,2.0,3.0,22154,RD786,M,"48,5132190"," -2,6028478",22,2019,80.0,1.0,2.0,3.0,2149968,1.0,1,4,2,5.0,,0.0,0,1998.0,A01,138Â 300Â 064,1.0,-1.0,-1.0,1641765,2.0,10,,0.0,0.0,2.0,B01,138Â 300Â 065,1.0
961909,201900003440,8,15,05:35,3,1,3,2.0,3.0,22154,RD786,M,"48,5132190"," -2,6028478",22,2019,80.0,1.0,2.0,3.0,2149969,1.0,1,4,1,4.0,,0.0,0,1974.0,B01,138Â 300Â 065,1.0,-1.0,-1.0,1641764,3.0,7,,0.0,2.0,1.0,A01,138Â 300Â 064,1.0
961909,201900003440,8,15,05:35,3,1,3,2.0,3.0,22154,RD786,M,"48,5132190"," -2,6028478",22,2019,80.0,1.0,2.0,3.0,2149969,1.0,1,4,1,4.0,,0.0,0,1974.0,B01,138Â 300Â 065,1.0,-1.0,-1.0,1641765,2.0,10,,0.0,0.0,2.0,B01,138Â 300Â 065,1.0
961910,201900003441,6,6,08:15,1,1,1,1.0,6.0,82090,285 Chemin de Pech de Cos,M,"44,0927480","1,4034430",82,2019,50.0,3.0,1.0,4.0,2149970,1.0,1,4,1,2.0,,0.0,0,2001.0,A01,138Â 300Â 063,1.0,-1.0,-1.0,1641766,2.0,7,,6.0,0.0,2.0,A01,138Â 300Â 063,1.0
961911,201900003442,8,14,15:00,1,2,6,2.0,7.0,22136,Boulevard de Penthievre,M,"48,1909710"," -2,7558560",22,2019,50.0,1.0,2.0,3.0,2149971,1.0,1,4,1,1.0,,0.0,0,1998.0,A01,138Â 300Â 062,2.0,6.0,9.0,1641767,2.0,33,,0.0,0.0,7.0,A01,138Â 300Â 062,1.0
961912,201900003443,6,5,17:00,1,1,1,3.0,7.0,41185,"Aire de repos de Romorantin, PK 176+100",M,"47,3377870","1,6661280",41,2019,50.0,8.0,2.0,1.0,2149972,1.0,1,3,1,5.0,,0.0,0,1961.0,A01,138Â 300Â 061,2.0,6.0,-1.0,1641768,1.0,33,,8.0,0.0,0.0,A01,138Â 300Â 061,1.0
961912,201900003443,6,5,17:00,1,1,1,3.0,7.0,41185,"Aire de repos de Romorantin, PK 176+100",M,"47,3377870","1,6661280",41,2019,50.0,8.0,2.0,1.0,2149973,2.0,2,3,2,5.0,,0.0,0,1953.0,A01,138Â 300Â 061,2.0,6.0,-1.0,1641768,1.0,33,,8.0,0.0,0.0,A01,138Â 300Â 061,1.0
961913,201900003444,6,2,19:00,1,1,9,3.0,1.0,65031,D919,M,"42,8952170","0,3553830",65,2019,80.0,1.0,2.0,3.0,2149974,1.0,1,1,1,5.0,,0.0,0,1951.0,A01,138Â 300Â 058,1.0,-1.0,-1.0,1641769,1.0,7,,0.0,2.0,3.0,A01,138Â 300Â 058,1.0
961913,201900003444,6,2,19:00,1,1,9,3.0,1.0,65031,D919,M,"42,8952170","0,3553830",65,2019,80.0,1.0,2.0,3.0,2149974,1.0,1,1,1,5.0,,0.0,0,1951.0,A01,138Â 300Â 058,1.0,-1.0,-1.0,1641770,2.0,33,,0.0,2.0,8.0,B01,138Â 300Â 059,1.0
961913,201900003444,6,2,19:00,1,1,9,3.0,1.0,65031,D919,M,"42,8952170","0,3553830",65,2019,80.0,1.0,2.0,3.0,2149975,2.0,2,3,1,5.0,,0.0,0,1994.0,B01,138Â 300Â 059,2.0,6.0,-1.0,1641769,1.0,7,,0.0,2.0,3.0,A01,138Â 300Â 058,1.0
961913,201900003444,6,2,19:00,1,1,9,3.0,1.0,65031,D919,M,"42,8952170","0,3553830",65,2019,80.0,1.0,2.0,3.0,2149975,2.0,2,3,1,5.0,,0.0,0,1994.0,B01,138Â 300Â 059,2.0,6.0,-1.0,1641770,2.0,33,,0.0,2.0,8.0,B01,138Â 300Â 059,1.0
961913,201900003444,6,2,19:00,1,1,9,3.0,1.0,65031,D919,M,"42,8952170","0,3553830",65,2019,80.0,1.0,2.0,3.0,2149976,1.0,1,1,1,5.0,,0.0,0,1994.0,B01,138Â 300Â 059,2.0,6.0,-1.0,1641769,1.0,7,,0.0,2.0,3.0,A01,138Â 300Â 058,1.0
961913,201900003444,6,2,19:00,1,1,9,3.0,1.0,65031,D919,M,"42,8952170","0,3553830",65,2019,80.0,1.0,2.0,3.0,2149976,1.0,1,1,1,5.0,,0.0,0,1994.0,B01,138Â 300Â 059,2.0,6.0,-1.0,1641770,2.0,33,,0.0,2.0,8.0,B01,138Â 300Â 059,1.0
961914,201900003445,6,1,13:40,1,2,1,1.0,7.0,65257,N2021,M,"43,1614067"," -0,0148219",65,2019,80.0,3.0,1.0,2.0,2149977,1.0,1,3,1,5.0,,0.0,0,1968.0,A01,138Â 300Â 057,2.0,6.0,-1.0,1641771,1.0,33,,13.0,0.0,0.0,A01,138Â 300Â 057,1.0
961915,201900003446,6,7,20:10,1,1,1,1.0,1.0,33301,Le Sabley,M,"44,7876500"," -0,1704500",33,2019,80.0,1.0,1.0,3.0,2149978,1.0,1,3,1,1.0,,0.0,0,1966.0,B01,138Â 300Â 055,8.0,-1.0,-1.0,1641772,1.0,7,,0.0,2.0,1.0,B01,138Â 300Â 055,1.0
961915,201900003446,6,7,20:10,1,1,1,1.0,1.0,33301,Le Sabley,M,"44,7876500"," -0,1704500",33,2019,80.0,1.0,1.0,3.0,2149978,1.0,1,3,1,1.0,,0.0,0,1966.0,B01,138Â 300Â 055,8.0,-1.0,-1.0,1641773,2.0,7,,0.0,2.0,1.0,A01,138Â 300Â 056,1.0
961915,201900003446,6,7,20:10,1,1,1,1.0,1.0,33301,Le Sabley,M,"44,7876500"," -0,1704500",33,2019,80.0,1.0,1.0,3.0,2149979,1.0,1,3,1,5.0,,0.0,0,2000.0,A01,138Â 300Â 056,8.0,-1.0,-1.0,1641772,1.0,7,,0.0,2.0,1.0,B01,138Â 300Â 055,1.0
961915,201900003446,6,7,20:10,1,1,1,1.0,1.0,33301,Le Sabley,M,"44,7876500"," -0,1704500",33,2019,80.0,1.0,1.0,3.0,2149979,1.0,1,3,1,5.0,,0.0,0,2000.0,A01,138Â 300Â 056,8.0,-1.0,-1.0,1641773,2.0,7,,0.0,2.0,1.0,A01,138Â 300Â 056,1.0
961916,201900003447,6,14,19:45,1,2,1,1.0,6.0,33095,35 Route de Bazas - piÃ©tonne traverse des nÂ° impairs vers pairs,M,"44,2931000"," -0,2610700",33,2019,50.0,1.0,1.0,2.0,2149980,10.0,3,3,2,3.0,,3.0,3,2003.0,A01,138Â 300Â 054,0.0,-1.0,-1.0,1641774,1.0,7,,0.0,1.0,2.0,A01,138Â 300Â 054,1.0
961916,201900003447,6,14,19:45,1,2,1,1.0,6.0,33095,35 Route de Bazas - piÃ©tonne traverse des nÂ° impairs vers pairs,M,"44,2931000"," -0,2610700",33,2019,50.0,1.0,1.0,2.0,2149981,1.0,1,1,1,5.0,,0.0,0,1996.0,A01,138Â 300Â 054,1.0,-1.0,-1.0,1641774,1.0,7,,0.0,1.0,2.0,A01,138Â 300Â 054,1.0
961917,201900003448,6,2,12:10,1,1,3,1.0,5.0,33236,RD106 / route forestiÃ¨re du Truc Vert,M,"44,6865300"," -1,2462000",33,2019,70.0,1.0,1.0,3.0,2149982,2.0,2,1,2,5.0,,0.0,0,1970.0,C01,138Â 300Â 050,2.0,6.0,9.0,1641775,1.0,33,,0.0,2.0,1.0,C01,138Â 300Â 050,0.0
961917,201900003448,6,2,12:10,1,1,3,1.0,5.0,33236,RD106 / route forestiÃ¨re du Truc Vert,M,"44,6865300"," -1,2462000",33,2019,70.0,1.0,1.0,3.0,2149982,2.0,2,1,2,5.0,,0.0,0,1970.0,C01,138Â 300Â 050,2.0,6.0,9.0,1641776,1.0,33,,0.0,2.0,1.0,B01,138Â 300Â 051,0.0
961917,201900003448,6,2,12:10,1,1,3,1.0,5.0,33236,RD106 / route forestiÃ¨re du Truc Vert,M,"44,6865300"," -1,2462000",33,2019,70.0,1.0,1.0,3.0,2149982,2.0,2,1,2,5.0,,0.0,0,1970.0,C01,138Â 300Â 050,2.0,6.0,9.0,1641777,2.0,7,,0.0,2.0,2.0,A01,138Â 300Â 052,0.0
961917,201900003448,6,2,12:10,1,1,3,1.0,5.0,33236,RD106 / route forestiÃ¨re du Truc Vert,M,"44,6865300"," -1,2462000",33,2019,70.0,1.0,1.0,3.0,2149983,1.0,1,1,1,5.0,,0.0,0,1968.0,C01,138Â 300Â 050,2.0,6.0,9.0,1641775,1.0,33,,0.0,2.0,1.0,C01,138Â 300Â 050,0.0
961917,201900003448,6,2,12:10,1,1,3,1.0,5.0,33236,RD106 / route forestiÃ¨re du Truc Vert,M,"44,6865300"," -1,2462000",33,2019,70.0,1.0,1.0,3.0,2149983,1.0,1,1,1,5.0,,0.0,0,1968.0,C01,138Â 300Â 050,2.0,6.0,9.0,1641776,1.0,33,,0.0,2.0,1.0,B01,138Â 300Â 051,0.0
961917,201900003448,6,2,12:10,1,1,3,1.0,5.0,33236,RD106 / route forestiÃ¨re du Truc Vert,M,"44,6865300"," -1,2462000",33,2019,70.0,1.0,1.0,3.0,2149983,1.0,1,1,1,5.0,,0.0,0,1968.0,C01,138Â 300Â 050,2.0,6.0,9.0,1641777,2.0,7,,0.0,2.0,2.0,A01,138Â 300Â 052,0.0
961917,201900003448,6,2,12:10,1,1,3,1.0,5.0,33236,RD106 / route forestiÃ¨re du Truc Vert,M,"44,6865300"," -1,2462000",33,2019,70.0,1.0,1.0,3.0,2149984,1.0,1,3,1,5.0,,0.0,0,1960.0,B01,138Â 300Â 051,2.0,6.0,9.0,1641775,1.0,33,,0.0,2.0,1.0,C01,138Â 300Â 050,0.0
961917,201900003448,6,2,12:10,1,1,3,1.0,5.0,33236,RD106 / route forestiÃ¨re du Truc Vert,M,"44,6865300"," -1,2462000",33,2019,70.0,1.0,1.0,3.0,2149984,1.0,1,3,1,5.0,,0.0,0,1960.0,B01,138Â 300Â 051,2.0,6.0,9.0,1641776,1.0,33,,0.0,2.0,1.0,B01,138Â 300Â 051,0.0
961917,201900003448,6,2,12:10,1,1,3,1.0,5.0,33236,RD106 / route forestiÃ¨re du Truc Vert,M,"44,6865300"," -1,2462000",33,2019,70.0,1.0,1.0,3.0,2149984,1.0,1,3,1,5.0,,0.0,0,1960.0,B01,138Â 300Â 051,2.0,6.0,9.0,1641777,2.0,7,,0.0,2.0,2.0,A01,138Â 300Â 052,0.0
961917,201900003448,6,2,12:10,1,1,3,1.0,5.0,33236,RD106 / route forestiÃ¨re du Truc Vert,M,"44,6865300"," -1,2462000",33,2019,70.0,1.0,1.0,3.0,2149985,2.0,2,3,2,5.0,,0.0,0,1971.0,B01,138Â 300Â 051,2.0,6.0,9.0,1641775,1.0,33,,0.0,2.0,1.0,C01,138Â 300Â 050,0.0
961917,201900003448,6,2,12:10,1,1,3,1.0,5.0,33236,RD106 / route forestiÃ¨re du Truc Vert,M,"44,6865300"," -1,2462000",33,2019,70.0,1.0,1.0,3.0,2149985,2.0,2,3,2,5.0,,0.0,0,1971.0,B01,138Â 300Â 051,2.0,6.0,9.0,1641776,1.0,33,,0.0,2.0,1.0,B01,138Â 300Â 051,0.0
961917,201900003448,6,2,12:10,1,1,3,1.0,5.0,33236,RD106 / route forestiÃ¨re du Truc Vert,M,"44,6865300"," -1,2462000",33,2019,70.0,1.0,1.0,3.0,2149985,2.0,2,3,2,5.0,,0.0,0,1971.0,B01,138Â 300Â 051,2.0,6.0,9.0,1641777,2.0,7,,0.0,2.0,2.0,A01,138Â 300Â 052,0.0
961917,201900003448,6,2,12:10,1,1,3,1.0,5.0,33236,RD106 / route forestiÃ¨re du Truc Vert,M,"44,6865300"," -1,2462000",33,2019,70.0,1.0,1.0,3.0,2149986,1.0,1,4,2,1.0,,0.0,0,1960.0,A01,138Â 300Â 052,1.0,-1.0,-1.0,1641775,1.0,33,,0.0,2.0,1.0,C01,138Â 300Â 050,0.0
961917,201900003448,6,2,12:10,1,1,3,1.0,5.0,33236,RD106 / route forestiÃ¨re du Truc Vert,M,"44,6865300"," -1,2462000",33,2019,70.0,1.0,1.0,3.0,2149986,1.0,1,4,2,1.0,,0.0,0,1960.0,A01,138Â 300Â 052,1.0,-1.0,-1.0,1641776,1.0,33,,0.0,2.0,1.0,B01,138Â 300Â 051,0.0
961917,201900003448,6,2,12:10,1,1,3,1.0,5.0,33236,RD106 / route forestiÃ¨re du Truc Vert,M,"44,6865300"," -1,2462000",33,2019,70.0,1.0,1.0,3.0,2149986,1.0,1,4,2,1.0,,0.0,0,1960.0,A01,138Â 300Â 052,1.0,-1.0,-1.0,1641777,2.0,7,,0.0,2.0,2.0,A01,138Â 300Â 052,0.0
961918,201900003449,5,24,18:15,1,2,1,1.0,1.0,69066,Route de THIZY,M,"46,0956097","4,3164182",69,2019,50.0,1.0,1.0,3.0,2149987,1.0,1,3,1,5.0,,0.0,0,2001.0,A01,138Â 300Â 048,2.0,6.0,-1.0,1641778,2.0,2,,0.0,2.0,1.0,A01,138Â 300Â 048,1.0
961918,201900003449,5,24,18:15,1,2,1,1.0,1.0,69066,Route de THIZY,M,"46,0956097","4,3164182",69,2019,50.0,1.0,1.0,3.0,2149987,1.0,1,3,1,5.0,,0.0,0,2001.0,A01,138Â 300Â 048,2.0,6.0,-1.0,1641779,1.0,7,,0.0,2.0,3.0,B01,138Â 300Â 049,1.0
961918,201900003449,5,24,18:15,1,2,1,1.0,1.0,69066,Route de THIZY,M,"46,0956097","4,3164182",69,2019,50.0,1.0,1.0,3.0,2149988,1.0,1,1,1,5.0,,0.0,0,1964.0,B01,138Â 300Â 049,1.0,-1.0,-1.0,1641778,2.0,2,,0.0,2.0,1.0,A01,138Â 300Â 048,1.0
961918,201900003449,5,24,18:15,1,2,1,1.0,1.0,69066,Route de THIZY,M,"46,0956097","4,3164182",69,2019,50.0,1.0,1.0,3.0,2149988,1.0,1,1,1,5.0,,0.0,0,1964.0,B01,138Â 300Â 049,1.0,-1.0,-1.0,1641779,1.0,7,,0.0,2.0,3.0,B01,138Â 300Â 049,1.0
961918,201900003449,5,24,18:15,1,2,1,1.0,1.0,69066,Route de THIZY,M,"46,0956097","4,3164182",69,2019,50.0,1.0,1.0,3.0,2149989,2.0,2,1,1,5.0,,0.0,0,2007.0,B01,138Â 300Â 049,1.0,-1.0,-1.0,1641778,2.0,2,,0.0,2.0,1.0,A01,138Â 300Â 048,1.0
961918,201900003449,5,24,18:15,1,2,1,1.0,1.0,69066,Route de THIZY,M,"46,0956097","4,3164182",69,2019,50.0,1.0,1.0,3.0,2149989,2.0,2,1,1,5.0,,0.0,0,2007.0,B01,138Â 300Â 049,1.0,-1.0,-1.0,1641779,1.0,7,,0.0,2.0,3.0,B01,138Â 300Â 049,1.0
961919,201900003450,6,13,12:15,1,2,1,7.0,1.0,81120,la lande basse,M,"43,5385330","2,2523530",81,2019,50.0,1.0,1.0,4.0,2149990,1.0,1,3,1,5.0,,0.0,0,2002.0,A01,138Â 300Â 046,2.0,-1.0,-1.0,1641780,3.0,2,,0.0,2.0,1.0,A01,138Â 300Â 046,1.0
961919,201900003450,6,13,12:15,1,2,1,7.0,1.0,81120,la lande basse,M,"43,5385330","2,2523530",81,2019,50.0,1.0,1.0,4.0,2149990,1.0,1,3,1,5.0,,0.0,0,2002.0,A01,138Â 300Â 046,2.0,-1.0,-1.0,1641781,3.0,7,,0.0,2.0,3.0,B01,138Â 300Â 047,1.0
961919,201900003450,6,13,12:15,1,2,1,7.0,1.0,81120,la lande basse,M,"43,5385330","2,2523530",81,2019,50.0,1.0,1.0,4.0,2149991,1.0,1,1,1,1.0,,0.0,0,1963.0,B01,138Â 300Â 047,1.0,-1.0,-1.0,1641780,3.0,2,,0.0,2.0,1.0,A01,138Â 300Â 046,1.0
961919,201900003450,6,13,12:15,1,2,1,7.0,1.0,81120,la lande basse,M,"43,5385330","2,2523530",81,2019,50.0,1.0,1.0,4.0,2149991,1.0,1,1,1,1.0,,0.0,0,1963.0,B01,138Â 300Â 047,1.0,-1.0,-1.0,1641781,3.0,7,,0.0,2.0,3.0,B01,138Â 300Â 047,1.0
961920,201900003451,3,27,18:15,1,1,2,1.0,3.0,14431,Les Quatre Routes (le mesnil mauger),M,"49,0775850"," -0,0083920",14,2019,80.0,1.0,1.0,3.0,2149992,1.0,1,2,1,1.0,,0.0,0,2002.0,B01,138Â 300Â 043,2.0,6.0,-1.0,1641782,1.0,2,,0.0,2.0,8.0,B01,138Â 300Â 043,1.0
961920,201900003451,3,27,18:15,1,1,2,1.0,3.0,14431,Les Quatre Routes (le mesnil mauger),M,"49,0775850"," -0,0083920",14,2019,80.0,1.0,1.0,3.0,2149992,1.0,1,2,1,1.0,,0.0,0,2002.0,B01,138Â 300Â 043,2.0,6.0,-1.0,1641783,2.0,15,,0.0,2.0,2.0,A01,138Â 300Â 044,1.0
961920,201900003451,3,27,18:15,1,1,2,1.0,3.0,14431,Les Quatre Routes (le mesnil mauger),M,"49,0775850"," -0,0083920",14,2019,80.0,1.0,1.0,3.0,2149993,1.0,1,1,1,4.0,,0.0,0,1974.0,A01,138Â 300Â 044,1.0,-1.0,-1.0,1641782,1.0,2,,0.0,2.0,8.0,B01,138Â 300Â 043,1.0
961920,201900003451,3,27,18:15,1,1,2,1.0,3.0,14431,Les Quatre Routes (le mesnil mauger),M,"49,0775850"," -0,0083920",14,2019,80.0,1.0,1.0,3.0,2149993,1.0,1,1,1,4.0,,0.0,0,1974.0,A01,138Â 300Â 044,1.0,-1.0,-1.0,1641783,2.0,15,,0.0,2.0,2.0,A01,138Â 300Â 044,1.0
961921,201900003452,3,27,18:15,1,1,1,1.0,2.0,64138,D938,M,"43,2477426"," -0,2754099",64,2019,80.0,1.0,1.0,3.0,2149994,1.0,1,4,1,1.0,,0.0,0,1975.0,A01,138Â 300Â 041,2.0,6.0,-1.0,1641784,2.0,33,,0.0,2.0,1.0,A01,138Â 300Â 041,1.0
961921,201900003452,3,27,18:15,1,1,1,1.0,2.0,64138,D938,M,"43,2477426"," -0,2754099",64,2019,80.0,1.0,1.0,3.0,2149994,1.0,1,4,1,1.0,,0.0,0,1975.0,A01,138Â 300Â 041,2.0,6.0,-1.0,1641785,2.0,7,,0.0,0.0,4.0,B01,138Â 300Â 042,0.0
961921,201900003452,3,27,18:15,1,1,1,1.0,2.0,64138,D938,M,"43,2477426"," -0,2754099",64,2019,80.0,1.0,1.0,3.0,2149995,1.0,1,1,2,1.0,,0.0,0,1936.0,B01,138Â 300Â 042,1.0,-1.0,-1.0,1641784,2.0,33,,0.0,2.0,1.0,A01,138Â 300Â 041,1.0
961921,201900003452,3,27,18:15,1,1,1,1.0,2.0,64138,D938,M,"43,2477426"," -0,2754099",64,2019,80.0,1.0,1.0,3.0,2149995,1.0,1,1,2,1.0,,0.0,0,1936.0,B01,138Â 300Â 042,1.0,-1.0,-1.0,1641785,2.0,7,,0.0,0.0,4.0,B01,138Â 300Â 042,0.0
961922,201900003453,3,27,10:00,1,2,1,7.0,6.0,24296,Rue du Docteur Daude Lagrave,M,"44,8549200","0,5944380",24,2019,50.0,1.0,1.0,3.0,2149996,1.0,1,1,1,3.0,,0.0,0,1934.0,A01,138Â 300Â 040,1.0,-1.0,-1.0,1641786,2.0,7,,0.0,1.0,1.0,A01,138Â 300Â 040,0.0
961922,201900003453,3,27,10:00,1,2,1,7.0,6.0,24296,Rue du Docteur Daude Lagrave,M,"44,8549200","0,5944380",24,2019,50.0,1.0,1.0,3.0,2149997,10.0,3,3,2,3.0,,3.0,3,1930.0,A01,138Â 300Â 040,0.0,-1.0,-1.0,1641786,2.0,7,,0.0,1.0,1.0,A01,138Â 300Â 040,0.0
961923,201900003454,3,25,07:45,1,1,3,1.0,3.0,04116,RD 4 / VC domaine Saint Georges,M,"43,9937440","5,9329220",4,2019,80.0,1.0,1.0,3.0,2149998,1.0,1,4,2,1.0,,0.0,0,1983.0,B01,138Â 300Â 038,1.0,-1.0,-1.0,1641787,2.0,7,,0.0,2.0,3.0,B01,138Â 300Â 038,1.0
961923,201900003454,3,25,07:45,1,1,3,1.0,3.0,04116,RD 4 / VC domaine Saint Georges,M,"43,9937440","5,9329220",4,2019,80.0,1.0,1.0,3.0,2149998,1.0,1,4,2,1.0,,0.0,0,1983.0,B01,138Â 300Â 038,1.0,-1.0,-1.0,1641788,1.0,7,,0.0,2.0,3.0,A01,138Â 300Â 039,1.0
961923,201900003454,3,25,07:45,1,1,3,1.0,3.0,04116,RD 4 / VC domaine Saint Georges,M,"43,9937440","5,9329220",4,2019,80.0,1.0,1.0,3.0,2149999,1.0,1,4,2,5.0,,0.0,0,1981.0,A01,138Â 300Â 039,1.0,-1.0,-1.0,1641787,2.0,7,,0.0,2.0,3.0,B01,138Â 300Â 038,1.0
961923,201900003454,3,25,07:45,1,1,3,1.0,3.0,04116,RD 4 / VC domaine Saint Georges,M,"43,9937440","5,9329220",4,2019,80.0,1.0,1.0,3.0,2149999,1.0,1,4,2,5.0,,0.0,0,1981.0,A01,138Â 300Â 039,1.0,-1.0,-1.0,1641788,1.0,7,,0.0,2.0,3.0,A01,138Â 300Â 039,1.0
961924,201900003455,3,23,21:15,2,1,1,1.0,1.0,17464,RD 150,M,"46,0666450"," -0,5078140",17,2019,80.0,1.0,1.0,3.0,2150000,1.0,1,3,1,5.0,,0.0,0,1975.0,B01,138Â 300Â 036,1.0,5.0,-1.0,1641789,2.0,7,,0.0,2.0,3.0,B01,138Â 300Â 036,1.0
961924,201900003455,3,23,21:15,2,1,1,1.0,1.0,17464,RD 150,M,"46,0666450"," -0,5078140",17,2019,80.0,1.0,1.0,3.0,2150000,1.0,1,3,1,5.0,,0.0,0,1975.0,B01,138Â 300Â 036,1.0,5.0,-1.0,1641790,1.0,7,,0.0,2.0,3.0,A01,138Â 300Â 037,1.0
961924,201900003455,3,23,21:15,2,1,1,1.0,1.0,17464,RD 150,M,"46,0666450"," -0,5078140",17,2019,80.0,1.0,1.0,3.0,2150001,1.0,1,1,1,1.0,,0.0,0,1964.0,A01,138Â 300Â 037,1.0,5.0,-1.0,1641789,2.0,7,,0.0,2.0,3.0,B01,138Â 300Â 036,1.0
961924,201900003455,3,23,21:15,2,1,1,1.0,1.0,17464,RD 150,M,"46,0666450"," -0,5078140",17,2019,80.0,1.0,1.0,3.0,2150001,1.0,1,1,1,1.0,,0.0,0,1964.0,A01,138Â 300Â 037,1.0,5.0,-1.0,1641790,1.0,7,,0.0,2.0,3.0,A01,138Â 300Â 037,1.0
961925,201900003456,3,26,14:30,1,1,1,1.0,3.0,87115,Route dÃ©partementale D6 bis,M,"45,6100130","0,8250150",87,2019,80.0,1.0,1.0,3.0,2150002,6.0,2,1,1,5.0,,0.0,0,1988.0,B01,138Â 300Â 034,1.0,-1.0,-1.0,1641791,2.0,10,,0.0,2.0,1.0,B01,138Â 300Â 034,1.0
961925,201900003456,3,26,14:30,1,1,1,1.0,3.0,87115,Route dÃ©partementale D6 bis,M,"45,6100130","0,8250150",87,2019,80.0,1.0,1.0,3.0,2150002,6.0,2,1,1,5.0,,0.0,0,1988.0,B01,138Â 300Â 034,1.0,-1.0,-1.0,1641792,1.0,7,,0.0,2.0,3.0,A01,138Â 300Â 035,1.0
961925,201900003456,3,26,14:30,1,1,1,1.0,3.0,87115,Route dÃ©partementale D6 bis,M,"45,6100130","0,8250150",87,2019,80.0,1.0,1.0,3.0,2150003,1.0,1,1,1,5.0,,0.0,0,1995.0,B01,138Â 300Â 034,1.0,-1.0,-1.0,1641791,2.0,10,,0.0,2.0,1.0,B01,138Â 300Â 034,1.0
961925,201900003456,3,26,14:30,1,1,1,1.0,3.0,87115,Route dÃ©partementale D6 bis,M,"45,6100130","0,8250150",87,2019,80.0,1.0,1.0,3.0,2150003,1.0,1,1,1,5.0,,0.0,0,1995.0,B01,138Â 300Â 034,1.0,-1.0,-1.0,1641792,1.0,7,,0.0,2.0,3.0,A01,138Â 300Â 035,1.0
961925,201900003456,3,26,14:30,1,1,1,1.0,3.0,87115,Route dÃ©partementale D6 bis,M,"45,6100130","0,8250150",87,2019,80.0,1.0,1.0,3.0,2150004,2.0,2,1,1,5.0,,0.0,0,1991.0,B01,138Â 300Â 034,1.0,-1.0,-1.0,1641791,2.0,10,,0.0,2.0,1.0,B01,138Â 300Â 034,1.0
961925,201900003456,3,26,14:30,1,1,1,1.0,3.0,87115,Route dÃ©partementale D6 bis,M,"45,6100130","0,8250150",87,2019,80.0,1.0,1.0,3.0,2150004,2.0,2,1,1,5.0,,0.0,0,1991.0,B01,138Â 300Â 034,1.0,-1.0,-1.0,1641792,1.0,7,,0.0,2.0,3.0,A01,138Â 300Â 035,1.0
961925,201900003456,3,26,14:30,1,1,1,1.0,3.0,87115,Route dÃ©partementale D6 bis,M,"45,6100130","0,8250150",87,2019,80.0,1.0,1.0,3.0,2150005,1.0,1,3,2,5.0,,0.0,0,1955.0,A01,138Â 300Â 035,1.0,-1.0,-1.0,1641791,2.0,10,,0.0,2.0,1.0,B01,138Â 300Â 034,1.0
961925,201900003456,3,26,14:30,1,1,1,1.0,3.0,87115,Route dÃ©partementale D6 bis,M,"45,6100130","0,8250150",87,2019,80.0,1.0,1.0,3.0,2150005,1.0,1,3,2,5.0,,0.0,0,1955.0,A01,138Â 300Â 035,1.0,-1.0,-1.0,1641792,1.0,7,,0.0,2.0,3.0,A01,138Â 300Â 035,1.0
961926,201900003457,3,25,14:45,1,1,1,7.0,6.0,87104,Chez Thivaud,M,"45,6977420","1,8543340",87,2019,80.0,3.0,1.0,3.0,2150006,1.0,1,3,1,5.0,,0.0,0,1975.0,A01,138Â 300Â 033,1.0,-1.0,-1.0,1641793,1.0,7,,2.0,0.0,1.0,A01,138Â 300Â 033,1.0
961927,201900003458,3,14,09:45,1,1,2,1.0,3.0,37204,D2-D48,M,"47,5382720","0,6314580",37,2019,80.0,5.0,2.0,3.0,2150007,1.0,1,1,1,4.0,,0.0,0,1974.0,A01,138Â 300Â 031,1.0,-1.0,-1.0,1641794,2.0,7,,0.0,2.0,2.0,A01,138Â 300Â 031,0.0
961927,201900003458,3,14,09:45,1,1,2,1.0,3.0,37204,D2-D48,M,"47,5382720","0,6314580",37,2019,80.0,5.0,2.0,3.0,2150007,1.0,1,1,1,4.0,,0.0,0,1974.0,A01,138Â 300Â 031,1.0,-1.0,-1.0,1641795,2.0,7,,0.0,2.0,1.0,B01,138Â 300Â 032,0.0
961927,201900003458,3,14,09:45,1,1,2,1.0,3.0,37204,D2-D48,M,"47,5382720","0,6314580",37,2019,80.0,5.0,2.0,3.0,2150008,1.0,1,4,1,4.0,,0.0,0,1971.0,B01,138Â 300Â 032,1.0,-1.0,-1.0,1641794,2.0,7,,0.0,2.0,2.0,A01,138Â 300Â 031,0.0