Unnamed: 0_x,num_acc,mois,jour,hrmn,lum,agg,int,atm,col,com,adr,gps,lat,long,dep,annee,vma,situ,surf,catr,Unnamed: 0_y,place,catu,grav,sexe,trajet,secu,locp,actp,an_nais,num_veh_x,id_vehicule_x,secu1,secu2,secu3,Unnamed: 0,senc,catv,occutc,obs,obsm,choc,num_veh_y,id_vehicule_y,motor
961927,201900003458,3,14,09:45,1,1,2,1.0,3.0,37204,D2-D48,M,"47,5382720","0,6314580",37,2019,80.0,5.0,2.0,3.0,2150008,1.0,1,4,1,4.0,,0.0,0,1971.0,B01,138Â 300Â 032,1.0,-1.0,-1.0,1641795,2.0,7,,0.0,2.0,1.0,B01,138Â 300Â 032,0.0
961928,201900003459,3,22,18:30,1,1,1,1.0,6.0,30228,D979,M,"43,9426020","4,3763030",30,2019,80.0,1.0,1.0,3.0,2150009,1.0,1,3,1,0.0,,0.0,0,1995.0,A01,138Â 300Â 030,2.0,-1.0,-1.0,1641796,1.0,33,,13.0,0.0,7.0,A01,138Â 300Â 030,1.0
961929,201900003460,3,22,10:45,1,1,1,7.0,7.0,08367,"D1, route de revin",M,"49,9213020","4,5633070",8,2019,80.0,3.0,1.0,3.0,2150010,1.0,1,2,1,5.0,,0.0,0,1934.0,A01,138Â 300Â 029,1.0,-1.0,-1.0,1641797,1.0,7,,16.0,0.0,1.0,A01,138Â 300Â 029,1.0
961930,201900003461,3,27,11:50,1,1,1,1.0,6.0,31324,A64 bretelle BOUSSENS PK 000.340,M,"43,1861320","0,9790090",31,2019,50.0,3.0,1.0,1.0,2150011,2.0,2,3,2,5.0,,0.0,0,1941.0,A01,138Â 300Â 028,1.0,-1.0,-1.0,1641798,2.0,7,,13.0,0.0,2.0,A01,138Â 300Â 028,2.0
961930,201900003461,3,27,11:50,1,1,1,1.0,6.0,31324,A64 bretelle BOUSSENS PK 000.340,M,"43,1861320","0,9790090",31,2019,50.0,3.0,1.0,1.0,2150012,1.0,1,4,1,5.0,,0.0,0,1946.0,A01,138Â 300Â 028,1.0,-1.0,-1.0,1641798,2.0,7,,13.0,0.0,2.0,A01,138Â 300Â 028,2.0
961931,201900003462,3,27,13:20,1,1,1,1.0,7.0,74067,56 Route de Cran-Gevrier,M,"45,8959460","6,0724940",74,2019,80.0,3.0,1.0,4.0,2150013,1.0,1,3,1,9.0,,0.0,0,2003.0,A01,138Â 300Â 027,0.0,-1.0,-1.0,1641799,1.0,31,,8.0,0.0,1.0,A01,138Â 300Â 027,1.0
961931,201900003462,3,27,13:20,1,1,1,1.0,7.0,74067,56 Route de Cran-Gevrier,M,"45,8959460","6,0724940",74,2019,80.0,3.0,1.0,4.0,2150014,2.0,2,3,1,5.0,,0.0,0,2003.0,A01,138Â 300Â 027,0.0,-1.0,-1.0,1641799,1.0,31,,8.0,0.0,1.0,A01,138Â 300Â 027,1.0
961932,201900003463,3,27,00:40,3,1,1,1.0,2.0,21285,Autoroute A36,M,"47,0646590","5,2932990",21,2019,130.0,1.0,1.0,1.0,2150015,1.0,1,2,1,5.0,,0.0,0,1980.0,A01,138Â 300Â 025,1.0,-1.0,-1.0,1641800,1.0,7,,0.0,2.0,1.0,A01,138Â 300Â 025,1.0
961932,201900003463,3,27,00:40,3,1,1,1.0,2.0,21285,Autoroute A36,M,"47,0646590","5,2932990",21,2019,130.0,1.0,1.0,1.0,2150015,1.0,1,2,1,5.0,,0.0,0,1980.0,A01,138Â 300Â 025,1.0,-1.0,-1.0,1641801,1.0,17,,0.0,0.0,4.0,B01,138Â 300Â 026,1.0
961932,201900003463,3,27,00:40,3,1,1,1.0,2.0,21285,Autoroute A36,M,"47,0646590","5,2932990",21,2019,130.0,1.0,1.0,1.0,2150016,1.0,1,4,1,4.0,,0.0,0,1979.0,B01,138Â 300Â 026,8.0,-1.0,-1.0,1641800,1.0,7,,0.0,2.0,1.0,A01,138Â 300Â 025,1.0
961932,201900003463,3,27,00:40,3,1,1,1.0,2.0,21285,Autoroute A36,M,"47,0646590","5,2932990",21,2019,130.0,1.0,1.0,1.0,2150016,1.0,1,4,1,4.0,,0.0,0,1979.0,B01,138Â 300Â 026,8.0,-1.0,-1.0,1641801,1.0,17,,0.0,0.0,4.0,B01,138Â 300Â 026,1.0
961933,201900003464,3,22,11:10,1,1,1,1.0,3.0,30125,A54 - PK 007+500,M,"43,7767600","4,4166650",30,2019,130.0,1.0,1.0,1.0,2150017,1.0,1,4,1,4.0,,0.0,0,1961.0,B01,138Â 300Â 023,1.0,-1.0,-1.0,1641802,1.0,7,,0.0,2.0,5.0,B01,138Â 300Â 023,6.0
961933,201900003464,3,22,11:10,1,1,1,1.0,3.0,30125,A54 - PK 007+500,M,"43,7767600","4,4166650",30,2019,130.0,1.0,1.0,1.0,2150017,1.0,1,4,1,4.0,,0.0,0,1961.0,B01,138Â 300Â 023,1.0,-1.0,-1.0,1641803,1.0,7,,0.0,2.0,3.0,A01,138Â 300Â 024,6.0
961933,201900003464,3,22,11:10,1,1,1,1.0,3.0,30125,A54 - PK 007+500,M,"43,7767600","4,4166650",30,2019,130.0,1.0,1.0,1.0,2150018,2.0,2,4,1,4.0,,0.0,0,1979.0,B01,138Â 300Â 023,1.0,-1.0,-1.0,1641802,1.0,7,,0.0,2.0,5.0,B01,138Â 300Â 023,6.0
961933,201900003464,3,22,11:10,1,1,1,1.0,3.0,30125,A54 - PK 007+500,M,"43,7767600","4,4166650",30,2019,130.0,1.0,1.0,1.0,2150018,2.0,2,4,1,4.0,,0.0,0,1979.0,B01,138Â 300Â 023,1.0,-1.0,-1.0,1641803,1.0,7,,0.0,2.0,3.0,A01,138Â 300Â 024,6.0
961933,201900003464,3,22,11:10,1,1,1,1.0,3.0,30125,A54 - PK 007+500,M,"43,7767600","4,4166650",30,2019,130.0,1.0,1.0,1.0,2150019,1.0,1,1,1,0.0,,0.0,0,1942.0,A01,138Â 300Â 024,1.0,-1.0,-1.0,1641802,1.0,7,,0.0,2.0,5.0,B01,138Â 300Â 023,6.0
961933,201900003464,3,22,11:10,1,1,1,1.0,3.0,30125,A54 - PK 007+500,M,"43,7767600","4,4166650",30,2019,130.0,1.0,1.0,1.0,2150019,1.0,1,1,1,0.0,,0.0,0,1942.0,A01,138Â 300Â 024,1.0,-1.0,-1.0,1641803,1.0,7,,0.0,2.0,3.0,A01,138Â 300Â 024,6.0
961934,201900003465,3,23,18:05,1,2,1,7.0,1.0,69252,RD 502,M,"45,5400800","4,6724600",69,2019,50.0,1.0,1.0,3.0,2150020,1.0,1,4,1,0.0,,0.0,0,1995.0,A01,138Â 300Â 021,1.0,-1.0,-1.0,1641804,0.0,7,,0.0,2.0,3.0,A01,138Â 300Â 021,1.0
961934,201900003465,3,23,18:05,1,2,1,7.0,1.0,69252,RD 502,M,"45,5400800","4,6724600",69,2019,50.0,1.0,1.0,3.0,2150020,1.0,1,4,1,0.0,,0.0,0,1995.0,A01,138Â 300Â 021,1.0,-1.0,-1.0,1641805,0.0,7,,0.0,2.0,3.0,B01,138Â 300Â 022,1.0
961934,201900003465,3,23,18:05,1,2,1,7.0,1.0,69252,RD 502,M,"45,5400800","4,6724600",69,2019,50.0,1.0,1.0,3.0,2150021,4.0,2,4,2,0.0,,0.0,0,2011.0,B01,138Â 300Â 022,3.0,-1.0,-1.0,1641804,0.0,7,,0.0,2.0,3.0,A01,138Â 300Â 021,1.0
961934,201900003465,3,23,18:05,1,2,1,7.0,1.0,69252,RD 502,M,"45,5400800","4,6724600",69,2019,50.0,1.0,1.0,3.0,2150021,4.0,2,4,2,0.0,,0.0,0,2011.0,B01,138Â 300Â 022,3.0,-1.0,-1.0,1641805,0.0,7,,0.0,2.0,3.0,B01,138Â 300Â 022,1.0
961934,201900003465,3,23,18:05,1,2,1,7.0,1.0,69252,RD 502,M,"45,5400800","4,6724600",69,2019,50.0,1.0,1.0,3.0,2150022,5.0,2,4,2,0.0,,0.0,0,1953.0,B01,138Â 300Â 022,1.0,-1.0,-1.0,1641804,0.0,7,,0.0,2.0,3.0,A01,138Â 300Â 021,1.0
961934,201900003465,3,23,18:05,1,2,1,7.0,1.0,69252,RD 502,M,"45,5400800","4,6724600",69,2019,50.0,1.0,1.0,3.0,2150022,5.0,2,4,2,0.0,,0.0,0,1953.0,B01,138Â 300Â 022,1.0,-1.0,-1.0,1641805,0.0,7,,0.0,2.0,3.0,B01,138Â 300Â 022,1.0
961934,201900003465,3,23,18:05,1,2,1,7.0,1.0,69252,RD 502,M,"45,5400800","4,6724600",69,2019,50.0,1.0,1.0,3.0,2150023,2.0,2,4,1,0.0,,0.0,0,1952.0,B01,138Â 300Â 022,1.0,-1.0,-1.0,1641804,0.0,7,,0.0,2.0,3.0,A01,138Â 300Â 021,1.0
961934,201900003465,3,23,18:05,1,2,1,7.0,1.0,69252,RD 502,M,"45,5400800","4,6724600",69,2019,50.0,1.0,1.0,3.0,2150023,2.0,2,4,1,0.0,,0.0,0,1952.0,B01,138Â 300Â 022,1.0,-1.0,-1.0,1641805,0.0,7,,0.0,2.0,3.0,B01,138Â 300Â 022,1.0
961934,201900003465,3,23,18:05,1,2,1,7.0,1.0,69252,RD 502,M,"45,5400800","4,6724600",69,2019,50.0,1.0,1.0,3.0,2150024,1.0,1,4,2,0.0,,0.0,0,1990.0,B01,138Â 300Â 022,1.0,-1.0,-1.0,1641804,0.0,7,,0.0,2.0,3.0,A01,138Â 300Â 021,1.0
961934,201900003465,3,23,18:05,1,2,1,7.0,1.0,69252,RD 502,M,"45,5400800","4,6724600",69,2019,50.0,1.0,1.0,3.0,2150024,1.0,1,4,2,0.0,,0.0,0,1990.0,B01,138Â 300Â 022,1.0,-1.0,-1.0,1641805,0.0,7,,0.0,2.0,3.0,B01,138Â 300Â 022,1.0
961935,201900003466,3,26,13:50,1,2,1,1.0,1.0,34123,24 Avenue des Hauts de Fontcaude,M,"43,6283550","3,7999340",34,2019,50.0,3.0,1.0,4.0,2150025,1.0,1,4,1,1.0,,0.0,0,1989.0,B01,138Â 300Â 019,2.0,6.0,-1.0,1641806,3.0,32,,0.0,2.0,1.0,B01,138Â 300Â 019,0.0
961935,201900003466,3,26,13:50,1,2,1,1.0,1.0,34123,24 Avenue des Hauts de Fontcaude,M,"43,6283550","3,7999340",34,2019,50.0,3.0,1.0,4.0,2150025,1.0,1,4,1,1.0,,0.0,0,1989.0,B01,138Â 300Â 019,2.0,6.0,-1.0,1641807,3.0,7,,0.0,2.0,2.0,A01,138Â 300Â 020,0.0
961935,201900003466,3,26,13:50,1,2,1,1.0,1.0,34123,24 Avenue des Hauts de Fontcaude,M,"43,6283550","3,7999340",34,2019,50.0,3.0,1.0,4.0,2150026,1.0,1,1,1,1.0,,0.0,0,1994.0,A01,138Â 300Â 020,1.0,-1.0,-1.0,1641806,3.0,32,,0.0,2.0,1.0,B01,138Â 300Â 019,0.0
961935,201900003466,3,26,13:50,1,2,1,1.0,1.0,34123,24 Avenue des Hauts de Fontcaude,M,"43,6283550","3,7999340",34,2019,50.0,3.0,1.0,4.0,2150026,1.0,1,1,1,1.0,,0.0,0,1994.0,A01,138Â 300Â 020,1.0,-1.0,-1.0,1641807,3.0,7,,0.0,2.0,2.0,A01,138Â 300Â 020,0.0
961936,201900003467,3,27,02:45,3,1,1,1.0,6.0,97112,Route de Folle Anse,M,"15,9373320"," -61,3359440",971,2019,80.0,3.0,1.0,3.0,2150027,3.0,2,2,2,9.0,,0.0,0,2016.0,A01,138Â 300Â 018,0.0,-1.0,-1.0,1641808,2.0,7,,2.0,0.0,1.0,A01,138Â 300Â 018,1.0
961936,201900003467,3,27,02:45,3,1,1,1.0,6.0,97112,Route de Folle Anse,M,"15,9373320"," -61,3359440",971,2019,80.0,3.0,1.0,3.0,2150028,1.0,1,3,2,0.0,,0.0,0,1988.0,A01,138Â 300Â 018,0.0,-1.0,-1.0,1641808,2.0,7,,2.0,0.0,1.0,A01,138Â 300Â 018,1.0
961937,201900003468,3,26,16:15,1,1,1,1.0,1.0,77192,RD 402 pk 33+169,M,"48,7020554","2,9147265",77,2019,80.0,1.0,1.0,3.0,2150029,2.0,2,1,2,3.0,,0.0,0,1983.0,A01,138Â 300Â 016,1.0,-1.0,-1.0,1641809,2.0,7,,0.0,2.0,3.0,A01,138Â 300Â 016,1.0
961937,201900003468,3,26,16:15,1,1,1,1.0,1.0,77192,RD 402 pk 33+169,M,"48,7020554","2,9147265",77,2019,80.0,1.0,1.0,3.0,2150029,2.0,2,1,2,3.0,,0.0,0,1983.0,A01,138Â 300Â 016,1.0,-1.0,-1.0,1641810,1.0,14,,0.0,2.0,3.0,B01,138Â 300Â 017,1.0
961937,201900003468,3,26,16:15,1,1,1,1.0,1.0,77192,RD 402 pk 33+169,M,"48,7020554","2,9147265",77,2019,80.0,1.0,1.0,3.0,2150030,1.0,1,2,2,3.0,,0.0,0,1954.0,A01,138Â 300Â 016,1.0,-1.0,-1.0,1641809,2.0,7,,0.0,2.0,3.0,A01,138Â 300Â 016,1.0
961937,201900003468,3,26,16:15,1,1,1,1.0,1.0,77192,RD 402 pk 33+169,M,"48,7020554","2,9147265",77,2019,80.0,1.0,1.0,3.0,2150030,1.0,1,2,2,3.0,,0.0,0,1954.0,A01,138Â 300Â 016,1.0,-1.0,-1.0,1641810,1.0,14,,0.0,2.0,3.0,B01,138Â 300Â 017,1.0
961937,201900003468,3,26,16:15,1,1,1,1.0,1.0,77192,RD 402 pk 33+169,M,"48,7020554","2,9147265",77,2019,80.0,1.0,1.0,3.0,2150031,1.0,1,1,1,4.0,,0.0,0,1975.0,B01,138Â 300Â 017,1.0,-1.0,-1.0,1641809,2.0,7,,0.0,2.0,3.0,A01,138Â 300Â 016,1.0
961937,201900003468,3,26,16:15,1,1,1,1.0,1.0,77192,RD 402 pk 33+169,M,"48,7020554","2,9147265",77,2019,80.0,1.0,1.0,3.0,2150031,1.0,1,1,1,4.0,,0.0,0,1975.0,B01,138Â 300Â 017,1.0,-1.0,-1.0,1641810,1.0,14,,0.0,2.0,3.0,B01,138Â 300Â 017,1.0
961938,201900003469,3,26,21:10,3,1,1,1.0,5.0,95438,RD43,M,"49,1337020","1,8881400",95,2019,80.0,1.0,1.0,3.0,2150032,1.0,1,4,1,1.0,,0.0,0,1964.0,C01,138Â 300Â 013,1.0,-1.0,-1.0,1641811,1.0,7,,0.0,2.0,1.0,C01,138Â 300Â 013,1.0
961938,201900003469,3,26,21:10,3,1,1,1.0,5.0,95438,RD43,M,"49,1337020","1,8881400",95,2019,80.0,1.0,1.0,3.0,2150032,1.0,1,4,1,1.0,,0.0,0,1964.0,C01,138Â 300Â 013,1.0,-1.0,-1.0,1641812,1.0,7,,0.0,2.0,1.0,B01,138Â 300Â 014,1.0
961938,201900003469,3,26,21:10,3,1,1,1.0,5.0,95438,RD43,M,"49,1337020","1,8881400",95,2019,80.0,1.0,1.0,3.0,2150032,1.0,1,4,1,1.0,,0.0,0,1964.0,C01,138Â 300Â 013,1.0,-1.0,-1.0,1641813,1.0,7,,0.0,2.0,6.0,A01,138Â 300Â 015,1.0
961938,201900003469,3,26,21:10,3,1,1,1.0,5.0,95438,RD43,M,"49,1337020","1,8881400",95,2019,80.0,1.0,1.0,3.0,2150033,1.0,1,3,1,5.0,,0.0,0,1949.0,B01,138Â 300Â 014,1.0,-1.0,-1.0,1641811,1.0,7,,0.0,2.0,1.0,C01,138Â 300Â 013,1.0
961938,201900003469,3,26,21:10,3,1,1,1.0,5.0,95438,RD43,M,"49,1337020","1,8881400",95,2019,80.0,1.0,1.0,3.0,2150033,1.0,1,3,1,5.0,,0.0,0,1949.0,B01,138Â 300Â 014,1.0,-1.0,-1.0,1641812,1.0,7,,0.0,2.0,1.0,B01,138Â 300Â 014,1.0
961938,201900003469,3,26,21:10,3,1,1,1.0,5.0,95438,RD43,M,"49,1337020","1,8881400",95,2019,80.0,1.0,1.0,3.0,2150033,1.0,1,3,1,5.0,,0.0,0,1949.0,B01,138Â 300Â 014,1.0,-1.0,-1.0,1641813,1.0,7,,0.0,2.0,6.0,A01,138Â 300Â 015,1.0
961938,201900003469,3,26,21:10,3,1,1,1.0,5.0,95438,RD43,M,"49,1337020","1,8881400",95,2019,80.0,1.0,1.0,3.0,2150034,1.0,1,4,1,1.0,,0.0,0,1989.0,A01,138Â 300Â 015,1.0,-1.0,-1.0,1641811,1.0,7,,0.0,2.0,1.0,C01,138Â 300Â 013,1.0
961938,201900003469,3,26,21:10,3,1,1,1.0,5.0,95438,RD43,M,"49,1337020","1,8881400",95,2019,80.0,1.0,1.0,3.0,2150034,1.0,1,4,1,1.0,,0.0,0,1989.0,A01,138Â 300Â 015,1.0,-1.0,-1.0,1641812,1.0,7,,0.0,2.0,1.0,B01,138Â 300Â 014,1.0
961938,201900003469,3,26,21:10,3,1,1,1.0,5.0,95438,RD43,M,"49,1337020","1,8881400",95,2019,80.0,1.0,1.0,3.0,2150034,1.0,1,4,1,1.0,,0.0,0,1989.0,A01,138Â 300Â 015,1.0,-1.0,-1.0,1641813,1.0,7,,0.0,2.0,6.0,A01,138Â 300Â 015,1.0
961939,201900003470,3,26,13:55,1,1,1,7.0,3.0,78443,Route Nationale 12,M,"48,7998470","1,8545700",78,2019,110.0,1.0,1.0,2.0,2150035,1.0,1,3,1,1.0,,0.0,0,1977.0,A01,138Â 300Â 011,2.0,-1.0,-1.0,1641814,1.0,33,,0.0,2.0,3.0,A01,138Â 300Â 011,1.0
961939,201900003470,3,26,13:55,1,1,1,7.0,3.0,78443,Route Nationale 12,M,"48,7998470","1,8545700",78,2019,110.0,1.0,1.0,2.0,2150035,1.0,1,3,1,1.0,,0.0,0,1977.0,A01,138Â 300Â 011,2.0,-1.0,-1.0,1641815,1.0,7,,0.0,2.0,5.0,B01,138Â 300Â 012,1.0
961939,201900003470,3,26,13:55,1,1,1,7.0,3.0,78443,Route Nationale 12,M,"48,7998470","1,8545700",78,2019,110.0,1.0,1.0,2.0,2150036,1.0,1,1,2,5.0,,0.0,0,1947.0,B01,138Â 300Â 012,1.0,-1.0,-1.0,1641814,1.0,33,,0.0,2.0,3.0,A01,138Â 300Â 011,1.0
961939,201900003470,3,26,13:55,1,1,1,7.0,3.0,78443,Route Nationale 12,M,"48,7998470","1,8545700",78,2019,110.0,1.0,1.0,2.0,2150036,1.0,1,1,2,5.0,,0.0,0,1947.0,B01,138Â 300Â 012,1.0,-1.0,-1.0,1641815,1.0,7,,0.0,2.0,5.0,B01,138Â 300Â 012,1.0
961940,201900003471,3,26,21:05,3,1,1,1.0,6.0,34199,Route de Caux,M,"43,4767570","3,3968650",34,2019,80.0,3.0,1.0,3.0,2150037,1.0,1,3,1,1.0,,0.0,0,1974.0,A01,138Â 300Â 010,0.0,-1.0,-1.0,1641816,2.0,7,,8.0,0.0,1.0,A01,138Â 300Â 010,1.0
961941,201900003472,3,26,12:50,1,1,1,1.0,7.0,05172,Lieu-dit La Blache,M,"44,3557810","5,7173470",5,2019,80.0,3.0,1.0,3.0,2150038,1.0,1,3,1,5.0,,0.0,0,1948.0,A01,138Â 300Â 009,1.0,-1.0,-1.0,1641817,2.0,7,,17.0,0.0,2.0,A01,138Â 300Â 009,1.0
961942,201900003473,3,27,08:55,1,1,3,1.0,3.0,81099,D988,M,"43,8862729","1,8683420",81,2019,80.0,1.0,1.0,3.0,2150039,1.0,1,4,1,1.0,,0.0,0,1972.0,A01,138Â 300Â 007,1.0,-1.0,-1.0,1641818,1.0,7,,0.0,2.0,3.0,A01,138Â 300Â 007,1.0
961942,201900003473,3,27,08:55,1,1,3,1.0,3.0,81099,D988,M,"43,8862729","1,8683420",81,2019,80.0,1.0,1.0,3.0,2150039,1.0,1,4,1,1.0,,0.0,0,1972.0,A01,138Â 300Â 007,1.0,-1.0,-1.0,1641819,1.0,7,,2.0,2.0,2.0,B01,138Â 300Â 008,1.0
961942,201900003473,3,27,08:55,1,1,3,1.0,3.0,81099,D988,M,"43,8862729","1,8683420",81,2019,80.0,1.0,1.0,3.0,2150040,1.0,1,4,1,9.0,,0.0,0,1933.0,B01,138Â 300Â 008,1.0,-1.0,-1.0,1641818,1.0,7,,0.0,2.0,3.0,A01,138Â 300Â 007,1.0
961942,201900003473,3,27,08:55,1,1,3,1.0,3.0,81099,D988,M,"43,8862729","1,8683420",81,2019,80.0,1.0,1.0,3.0,2150040,1.0,1,4,1,9.0,,0.0,0,1933.0,B01,138Â 300Â 008,1.0,-1.0,-1.0,1641819,1.0,7,,2.0,2.0,2.0,B01,138Â 300Â 008,1.0
961943,201900003474,3,26,18:14,1,1,1,1.0,1.0,09099,RD 117,M,"42,9833800","1,5719840",9,2019,80.0,1.0,1.0,3.0,2150041,1.0,1,3,1,1.0,,0.0,0,2002.0,B01,138Â 300Â 005,2.0,-1.0,-1.0,1641820,2.0,31,,0.0,2.0,1.0,B01,138Â 300Â 005,1.0
961943,201900003474,3,26,18:14,1,1,1,1.0,1.0,09099,RD 117,M,"42,9833800","1,5719840",9,2019,80.0,1.0,1.0,3.0,2150041,1.0,1,3,1,1.0,,0.0,0,2002.0,B01,138Â 300Â 005,2.0,-1.0,-1.0,1641821,1.0,7,,0.0,2.0,3.0,A01,138Â 300Â 006,1.0
961943,201900003474,3,26,18:14,1,1,1,1.0,1.0,09099,RD 117,M,"42,9833800","1,5719840",9,2019,80.0,1.0,1.0,3.0,2150042,1.0,1,1,1,5.0,,0.0,0,1996.0,A01,138Â 300Â 006,1.0,-1.0,-1.0,1641820,2.0,31,,0.0,2.0,1.0,B01,138Â 300Â 005,1.0
961943,201900003474,3,26,18:14,1,1,1,1.0,1.0,09099,RD 117,M,"42,9833800","1,5719840",9,2019,80.0,1.0,1.0,3.0,2150042,1.0,1,1,1,5.0,,0.0,0,1996.0,A01,138Â 300Â 006,1.0,-1.0,-1.0,1641821,1.0,7,,0.0,2.0,3.0,A01,138Â 300Â 006,1.0
961944,201900003475,3,25,14:57,1,2,1,1.0,5.0,44176,Rue Jules Verne,M,"47,3530750"," -2,1823370",44,2019,50.0,1.0,1.0,3.0,2150043,1.0,1,4,2,9.0,,0.0,0,1984.0,A01,138Â 300Â 002,1.0,-1.0,-1.0,1641822,1.0,7,,0.0,2.0,1.0,A01,138Â 300Â 002,1.0
961944,201900003475,3,25,14:57,1,2,1,1.0,5.0,44176,Rue Jules Verne,M,"47,3530750"," -2,1823370",44,2019,50.0,1.0,1.0,3.0,2150043,1.0,1,4,2,9.0,,0.0,0,1984.0,A01,138Â 300Â 002,1.0,-1.0,-1.0,1641823,2.0,7,,0.0,2.0,8.0,B01,138Â 300Â 003,1.0
961944,201900003475,3,25,14:57,1,2,1,1.0,5.0,44176,Rue Jules Verne,M,"47,3530750"," -2,1823370",44,2019,50.0,1.0,1.0,3.0,2150043,1.0,1,4,2,9.0,,0.0,0,1984.0,A01,138Â 300Â 002,1.0,-1.0,-1.0,1641824,2.0,7,,15.0,2.0,1.0,C01,138Â 300Â 004,1.0
961944,201900003475,3,25,14:57,1,2,1,1.0,5.0,44176,Rue Jules Verne,M,"47,3530750"," -2,1823370",44,2019,50.0,1.0,1.0,3.0,2150044,1.0,1,1,2,9.0,,0.0,0,1958.0,B01,138Â 300Â 003,1.0,-1.0,-1.0,1641822,1.0,7,,0.0,2.0,1.0,A01,138Â 300Â 002,1.0
961944,201900003475,3,25,14:57,1,2,1,1.0,5.0,44176,Rue Jules Verne,M,"47,3530750"," -2,1823370",44,2019,50.0,1.0,1.0,3.0,2150044,1.0,1,1,2,9.0,,0.0,0,1958.0,B01,138Â 300Â 003,1.0,-1.0,-1.0,1641823,2.0,7,,0.0,2.0,8.0,B01,138Â 300Â 003,1.0
961944,201900003475,3,25,14:57,1,2,1,1.0,5.0,44176,Rue Jules Verne,M,"47,3530750"," -2,1823370",44,2019,50.0,1.0,1.0,3.0,2150044,1.0,1,1,2,9.0,,0.0,0,1958.0,B01,138Â 300Â 003,1.0,-1.0,-1.0,1641824,2.0,7,,15.0,2.0,1.0,C01,138Â 300Â 004,1.0
961944,201900003475,3,25,14:57,1,2,1,1.0,5.0,44176,Rue Jules Verne,M,"47,3530750"," -2,1823370",44,2019,50.0,1.0,1.0,3.0,2150045,1.0,1,4,2,5.0,,0.0,0,1958.0,C01,138Â 300Â 004,1.0,5.0,-1.0,1641822,1.0,7,,0.0,2.0,1.0,A01,138Â 300Â 002,1.0
961944,201900003475,3,25,14:57,1,2,1,1.0,5.0,44176,Rue Jules Verne,M,"47,3530750"," -2,1823370",44,2019,50.0,1.0,1.0,3.0,2150045,1.0,1,4,2,5.0,,0.0,0,1958.0,C01,138Â 300Â 004,1.0,5.0,-1.0,1641823,2.0,7,,0.0,2.0,8.0,B01,138Â 300Â 003,1.0
961944,201900003475,3,25,14:57,1,2,1,1.0,5.0,44176,Rue Jules Verne,M,"47,3530750"," -2,1823370",44,2019,50.0,1.0,1.0,3.0,2150045,1.0,1,4,2,5.0,,0.0,0,1958.0,C01,138Â 300Â 004,1.0,5.0,-1.0,1641824,2.0,7,,15.0,2.0,1.0,C01,138Â 300Â 004,1.0
961945,201900003476,3,27,14:00,1,2,1,1.0,7.0,22282,43 Boulevard de Penthievre,M,"48,6273770"," -2,2661110",22,2019,50.0,5.0,1.0,3.0,2150046,1.0,1,2,1,5.0,,0.0,0,1940.0,A01,138Â 300Â 001,0.0,-1.0,-1.0,1641825,1.0,1,,0.0,0.0,0.0,A01,138Â 300Â 001,5.0
961946,201900003477,3,24,17:10,1,1,1,1.0,1.0,22162,Rue de Beauport -D786,M,"48,7651505"," -3,0179008",22,2019,70.0,1.0,1.0,3.0,2150047,1.0,1,4,1,5.0,,0.0,0,1979.0,B01,138Â 299Â 999,2.0,-1.0,-1.0,1641826,1.0,33,,0.0,2.0,1.0,B01,138Â 299Â 999,1.0
961946,201900003477,3,24,17:10,1,1,1,1.0,1.0,22162,Rue de Beauport -D786,M,"48,7651505"," -3,0179008",22,2019,70.0,1.0,1.0,3.0,2150047,1.0,1,4,1,5.0,,0.0,0,1979.0,B01,138Â 299Â 999,2.0,-1.0,-1.0,1641827,2.0,7,,0.0,2.0,1.0,A01,138Â 300Â 000,1.0
961946,201900003477,3,24,17:10,1,1,1,1.0,1.0,22162,Rue de Beauport -D786,M,"48,7651505"," -3,0179008",22,2019,70.0,1.0,1.0,3.0,2150048,2.0,2,4,2,5.0,,0.0,0,1935.0,A01,138Â 300Â 000,1.0,-1.0,-1.0,1641826,1.0,33,,0.0,2.0,1.0,B01,138Â 299Â 999,1.0
961946,201900003477,3,24,17:10,1,1,1,1.0,1.0,22162,Rue de Beauport -D786,M,"48,7651505"," -3,0179008",22,2019,70.0,1.0,1.0,3.0,2150048,2.0,2,4,2,5.0,,0.0,0,1935.0,A01,138Â 300Â 000,1.0,-1.0,-1.0,1641827,2.0,7,,0.0,2.0,1.0,A01,138Â 300Â 000,1.0
961946,201900003477,3,24,17:10,1,1,1,1.0,1.0,22162,Rue de Beauport -D786,M,"48,7651505"," -3,0179008",22,2019,70.0,1.0,1.0,3.0,2150049,1.0,1,1,1,5.0,,0.0,0,1942.0,A01,138Â 300Â 000,1.0,-1.0,-1.0,1641826,1.0,33,,0.0,2.0,1.0,B01,138Â 299Â 999,1.0
961946,201900003477,3,24,17:10,1,1,1,1.0,1.0,22162,Rue de Beauport -D786,M,"48,7651505"," -3,0179008",22,2019,70.0,1.0,1.0,3.0,2150049,1.0,1,1,1,5.0,,0.0,0,1942.0,A01,138Â 300Â 000,1.0,-1.0,-1.0,1641827,2.0,7,,0.0,2.0,1.0,A01,138Â 300Â 000,1.0