Unnamed: 0_x,num_acc,mois,jour,hrmn,lum,agg,int,atm,col,com,adr,gps,lat,long,dep,annee,vma,situ,surf,catr,Unnamed: 0_y,place,catu,grav,sexe,trajet,secu,locp,actp,an_nais,num_veh_x,id_vehicule_x,secu1,secu2,secu3,Unnamed: 0,senc,catv,occutc,obs,obsm,choc,num_veh_y,id_vehicule_y,motor
961947,201900003478,3,14,12:55,1,2,1,1.0,1.0,60141,Av de verdun,M,"49,1868240","2,4595940",60,2019,30.0,1.0,1.0,9.0,2150050,1.0,1,1,1,1.0,,0.0,0,1977.0,A01,138Â 299Â 997,1.0,-1.0,-1.0,1641828,1.0,7,,0.0,2.0,2.0,A01,138Â 299Â 997,1.0
961947,201900003478,3,14,12:55,1,2,1,1.0,1.0,60141,Av de verdun,M,"49,1868240","2,4595940",60,2019,30.0,1.0,1.0,9.0,2150050,1.0,1,1,1,1.0,,0.0,0,1977.0,A01,138Â 299Â 997,1.0,-1.0,-1.0,1641829,2.0,1,,0.0,2.0,1.0,B01,138Â 299Â 998,5.0
961947,201900003478,3,14,12:55,1,2,1,1.0,1.0,60141,Av de verdun,M,"49,1868240","2,4595940",60,2019,30.0,1.0,1.0,9.0,2150051,1.0,1,3,1,0.0,,0.0,0,1942.0,B01,138Â 299Â 998,0.0,-1.0,-1.0,1641828,1.0,7,,0.0,2.0,2.0,A01,138Â 299Â 997,1.0
961947,201900003478,3,14,12:55,1,2,1,1.0,1.0,60141,Av de verdun,M,"49,1868240","2,4595940",60,2019,30.0,1.0,1.0,9.0,2150051,1.0,1,3,1,0.0,,0.0,0,1942.0,B01,138Â 299Â 998,0.0,-1.0,-1.0,1641829,2.0,1,,0.0,2.0,1.0,B01,138Â 299Â 998,5.0
961948,201900003479,3,26,08:30,1,1,1,1.0,3.0,13211,A50-Sens Aubagne vers Marseille,M,"43,2878500","5,5023600",13,2019,90.0,1.0,1.0,1.0,2150052,1.0,1,3,1,1.0,,-1.0, -1,1982.0,B01,138Â 299Â 995,2.0,0.0,-1.0,1641830,2.0,33,,3.0,2.0,8.0,B01,138Â 299Â 995,1.0
961948,201900003479,3,26,08:30,1,1,1,1.0,3.0,13211,A50-Sens Aubagne vers Marseille,M,"43,2878500","5,5023600",13,2019,90.0,1.0,1.0,1.0,2150052,1.0,1,3,1,1.0,,-1.0, -1,1982.0,B01,138Â 299Â 995,2.0,0.0,-1.0,1641831,2.0,10,,0.0,2.0,7.0,A01,138Â 299Â 996,1.0
961948,201900003479,3,26,08:30,1,1,1,1.0,3.0,13211,A50-Sens Aubagne vers Marseille,M,"43,2878500","5,5023600",13,2019,90.0,1.0,1.0,1.0,2150053,2.0,2,1,1,4.0,,-1.0, -1,1962.0,A01,138Â 299Â 996,1.0,0.0,-1.0,1641830,2.0,33,,3.0,2.0,8.0,B01,138Â 299Â 995,1.0
961948,201900003479,3,26,08:30,1,1,1,1.0,3.0,13211,A50-Sens Aubagne vers Marseille,M,"43,2878500","5,5023600",13,2019,90.0,1.0,1.0,1.0,2150053,2.0,2,1,1,4.0,,-1.0, -1,1962.0,A01,138Â 299Â 996,1.0,0.0,-1.0,1641831,2.0,10,,0.0,2.0,7.0,A01,138Â 299Â 996,1.0
961948,201900003479,3,26,08:30,1,1,1,1.0,3.0,13211,A50-Sens Aubagne vers Marseille,M,"43,2878500","5,5023600",13,2019,90.0,1.0,1.0,1.0,2150054,1.0,1,1,1,4.0,,-1.0, -1,1985.0,A01,138Â 299Â 996,1.0,4.0,-1.0,1641830,2.0,33,,3.0,2.0,8.0,B01,138Â 299Â 995,1.0
961948,201900003479,3,26,08:30,1,1,1,1.0,3.0,13211,A50-Sens Aubagne vers Marseille,M,"43,2878500","5,5023600",13,2019,90.0,1.0,1.0,1.0,2150054,1.0,1,1,1,4.0,,-1.0, -1,1985.0,A01,138Â 299Â 996,1.0,4.0,-1.0,1641831,2.0,10,,0.0,2.0,7.0,A01,138Â 299Â 996,1.0
961949,201900003480,3,25,09:30,1,1,1,1.0,7.0,13071,A7-Sens Lyon vers Marseille,M,"43,4061700","5,3238200",13,2019,90.0,1.0,1.0,1.0,2150055,1.0,1,4,2,9.0,,-1.0, -1,1997.0,A01,138Â 299Â 994,1.0,0.0,-1.0,1641832,1.0,7,,0.0,0.0,0.0,A01,138Â 299Â 994,1.0
961950,201900003481,3,26,15:00,1,1,1,1.0,6.0,01275,A46N 25.180 A 25.680,M,"45,8082600","4,9191100",1,2019,70.0,1.0,1.0,1.0,2150056,1.0,1,2,1,4.0,,0.0,0,1964.0,A01,138Â 299Â 993,8.0,0.0,-1.0,1641833,1.0,17,,3.0,0.0,1.0,A01,138Â 299Â 993,1.0
961951,201900003482,3,22,00:45,3,1,1,1.0,2.0,54312,Autoroute 31,M,"48,9309200","6,1111000",54,2019,110.0,1.0,1.0,1.0,2150057,1.0,1,4,1,5.0,,-1.0, -1,2000.0,A01,138Â 299Â 992,1.0,0.0,-1.0,1641834,2.0,7,,3.0,2.0,4.0,PB01,138Â 299Â 991,1.0
961951,201900003482,3,22,00:45,3,1,1,1.0,2.0,54312,Autoroute 31,M,"48,9309200","6,1111000",54,2019,110.0,1.0,1.0,1.0,2150057,1.0,1,4,1,5.0,,-1.0, -1,2000.0,A01,138Â 299Â 992,1.0,0.0,-1.0,1641835,2.0,7,,0.0,2.0,1.0,A01,138Â 299Â 992,1.0
961952,201900003483,3,23,05:59,3,1,1,1.0,5.0,78545,A12 W,M,"48,8062000","2,0517000",78,2019,90.0,1.0,1.0,1.0,2150058,1.0,1,4,2,1.0,,-1.0,0,1973.0,A01,138Â 299Â 984,1.0,0.0,-1.0,1641836,2.0,7,,0.0,2.0,4.0,A01,138Â 299Â 984,1.0
961952,201900003483,3,23,05:59,3,1,1,1.0,5.0,78545,A12 W,M,"48,8062000","2,0517000",78,2019,90.0,1.0,1.0,1.0,2150058,1.0,1,4,2,1.0,,-1.0,0,1973.0,A01,138Â 299Â 984,1.0,0.0,-1.0,1641837,2.0,15,,0.0,2.0,1.0,B01,138Â 299Â 985,1.0
961952,201900003483,3,23,05:59,3,1,1,1.0,5.0,78545,A12 W,M,"48,8062000","2,0517000",78,2019,90.0,1.0,1.0,1.0,2150058,1.0,1,4,2,1.0,,-1.0,0,1973.0,A01,138Â 299Â 984,1.0,0.0,-1.0,1641838,2.0,10,,0.0,2.0,2.0,C01,138Â 299Â 986,1.0
961952,201900003483,3,23,05:59,3,1,1,1.0,5.0,78545,A12 W,M,"48,8062000","2,0517000",78,2019,90.0,1.0,1.0,1.0,2150058,1.0,1,4,2,1.0,,-1.0,0,1973.0,A01,138Â 299Â 984,1.0,0.0,-1.0,1641839,2.0,10,,0.0,2.0,4.0,D01,138Â 299Â 987,1.0
961952,201900003483,3,23,05:59,3,1,1,1.0,5.0,78545,A12 W,M,"48,8062000","2,0517000",78,2019,90.0,1.0,1.0,1.0,2150058,1.0,1,4,2,1.0,,-1.0,0,1973.0,A01,138Â 299Â 984,1.0,0.0,-1.0,1641840,2.0,10,,0.0,2.0,1.0,E01,138Â 299Â 988,1.0
961952,201900003483,3,23,05:59,3,1,1,1.0,5.0,78545,A12 W,M,"48,8062000","2,0517000",78,2019,90.0,1.0,1.0,1.0,2150058,1.0,1,4,2,1.0,,-1.0,0,1973.0,A01,138Â 299Â 984,1.0,0.0,-1.0,1641841,2.0,7,,0.0,2.0,1.0,F01,138Â 299Â 989,1.0
961952,201900003483,3,23,05:59,3,1,1,1.0,5.0,78545,A12 W,M,"48,8062000","2,0517000",78,2019,90.0,1.0,1.0,1.0,2150059,1.0,1,1,1,1.0,,-1.0,0,1963.0,B01,138Â 299Â 985,1.0,0.0,-1.0,1641836,2.0,7,,0.0,2.0,4.0,A01,138Â 299Â 984,1.0
961952,201900003483,3,23,05:59,3,1,1,1.0,5.0,78545,A12 W,M,"48,8062000","2,0517000",78,2019,90.0,1.0,1.0,1.0,2150059,1.0,1,1,1,1.0,,-1.0,0,1963.0,B01,138Â 299Â 985,1.0,0.0,-1.0,1641837,2.0,15,,0.0,2.0,1.0,B01,138Â 299Â 985,1.0
961952,201900003483,3,23,05:59,3,1,1,1.0,5.0,78545,A12 W,M,"48,8062000","2,0517000",78,2019,90.0,1.0,1.0,1.0,2150059,1.0,1,1,1,1.0,,-1.0,0,1963.0,B01,138Â 299Â 985,1.0,0.0,-1.0,1641838,2.0,10,,0.0,2.0,2.0,C01,138Â 299Â 986,1.0
961952,201900003483,3,23,05:59,3,1,1,1.0,5.0,78545,A12 W,M,"48,8062000","2,0517000",78,2019,90.0,1.0,1.0,1.0,2150059,1.0,1,1,1,1.0,,-1.0,0,1963.0,B01,138Â 299Â 985,1.0,0.0,-1.0,1641839,2.0,10,,0.0,2.0,4.0,D01,138Â 299Â 987,1.0
961952,201900003483,3,23,05:59,3,1,1,1.0,5.0,78545,A12 W,M,"48,8062000","2,0517000",78,2019,90.0,1.0,1.0,1.0,2150059,1.0,1,1,1,1.0,,-1.0,0,1963.0,B01,138Â 299Â 985,1.0,0.0,-1.0,1641840,2.0,10,,0.0,2.0,1.0,E01,138Â 299Â 988,1.0
961952,201900003483,3,23,05:59,3,1,1,1.0,5.0,78545,A12 W,M,"48,8062000","2,0517000",78,2019,90.0,1.0,1.0,1.0,2150059,1.0,1,1,1,1.0,,-1.0,0,1963.0,B01,138Â 299Â 985,1.0,0.0,-1.0,1641841,2.0,7,,0.0,2.0,1.0,F01,138Â 299Â 989,1.0
961952,201900003483,3,23,05:59,3,1,1,1.0,5.0,78545,A12 W,M,"48,8062000","2,0517000",78,2019,90.0,1.0,1.0,1.0,2150060,1.0,1,1,1,1.0,,-1.0,0,1969.0,C01,138Â 299Â 986,1.0,0.0,-1.0,1641836,2.0,7,,0.0,2.0,4.0,A01,138Â 299Â 984,1.0
961952,201900003483,3,23,05:59,3,1,1,1.0,5.0,78545,A12 W,M,"48,8062000","2,0517000",78,2019,90.0,1.0,1.0,1.0,2150060,1.0,1,1,1,1.0,,-1.0,0,1969.0,C01,138Â 299Â 986,1.0,0.0,-1.0,1641837,2.0,15,,0.0,2.0,1.0,B01,138Â 299Â 985,1.0
961952,201900003483,3,23,05:59,3,1,1,1.0,5.0,78545,A12 W,M,"48,8062000","2,0517000",78,2019,90.0,1.0,1.0,1.0,2150060,1.0,1,1,1,1.0,,-1.0,0,1969.0,C01,138Â 299Â 986,1.0,0.0,-1.0,1641838,2.0,10,,0.0,2.0,2.0,C01,138Â 299Â 986,1.0
961952,201900003483,3,23,05:59,3,1,1,1.0,5.0,78545,A12 W,M,"48,8062000","2,0517000",78,2019,90.0,1.0,1.0,1.0,2150060,1.0,1,1,1,1.0,,-1.0,0,1969.0,C01,138Â 299Â 986,1.0,0.0,-1.0,1641839,2.0,10,,0.0,2.0,4.0,D01,138Â 299Â 987,1.0
961952,201900003483,3,23,05:59,3,1,1,1.0,5.0,78545,A12 W,M,"48,8062000","2,0517000",78,2019,90.0,1.0,1.0,1.0,2150060,1.0,1,1,1,1.0,,-1.0,0,1969.0,C01,138Â 299Â 986,1.0,0.0,-1.0,1641840,2.0,10,,0.0,2.0,1.0,E01,138Â 299Â 988,1.0
961952,201900003483,3,23,05:59,3,1,1,1.0,5.0,78545,A12 W,M,"48,8062000","2,0517000",78,2019,90.0,1.0,1.0,1.0,2150060,1.0,1,1,1,1.0,,-1.0,0,1969.0,C01,138Â 299Â 986,1.0,0.0,-1.0,1641841,2.0,7,,0.0,2.0,1.0,F01,138Â 299Â 989,1.0
961952,201900003483,3,23,05:59,3,1,1,1.0,5.0,78545,A12 W,M,"48,8062000","2,0517000",78,2019,90.0,1.0,1.0,1.0,2150061,1.0,1,1,1,1.0,,-1.0,0,1985.0,D01,138Â 299Â 987,1.0,0.0,-1.0,1641836,2.0,7,,0.0,2.0,4.0,A01,138Â 299Â 984,1.0
961952,201900003483,3,23,05:59,3,1,1,1.0,5.0,78545,A12 W,M,"48,8062000","2,0517000",78,2019,90.0,1.0,1.0,1.0,2150061,1.0,1,1,1,1.0,,-1.0,0,1985.0,D01,138Â 299Â 987,1.0,0.0,-1.0,1641837,2.0,15,,0.0,2.0,1.0,B01,138Â 299Â 985,1.0
961952,201900003483,3,23,05:59,3,1,1,1.0,5.0,78545,A12 W,M,"48,8062000","2,0517000",78,2019,90.0,1.0,1.0,1.0,2150061,1.0,1,1,1,1.0,,-1.0,0,1985.0,D01,138Â 299Â 987,1.0,0.0,-1.0,1641838,2.0,10,,0.0,2.0,2.0,C01,138Â 299Â 986,1.0
961952,201900003483,3,23,05:59,3,1,1,1.0,5.0,78545,A12 W,M,"48,8062000","2,0517000",78,2019,90.0,1.0,1.0,1.0,2150061,1.0,1,1,1,1.0,,-1.0,0,1985.0,D01,138Â 299Â 987,1.0,0.0,-1.0,1641839,2.0,10,,0.0,2.0,4.0,D01,138Â 299Â 987,1.0
961952,201900003483,3,23,05:59,3,1,1,1.0,5.0,78545,A12 W,M,"48,8062000","2,0517000",78,2019,90.0,1.0,1.0,1.0,2150061,1.0,1,1,1,1.0,,-1.0,0,1985.0,D01,138Â 299Â 987,1.0,0.0,-1.0,1641840,2.0,10,,0.0,2.0,1.0,E01,138Â 299Â 988,1.0
961952,201900003483,3,23,05:59,3,1,1,1.0,5.0,78545,A12 W,M,"48,8062000","2,0517000",78,2019,90.0,1.0,1.0,1.0,2150061,1.0,1,1,1,1.0,,-1.0,0,1985.0,D01,138Â 299Â 987,1.0,0.0,-1.0,1641841,2.0,7,,0.0,2.0,1.0,F01,138Â 299Â 989,1.0
961952,201900003483,3,23,05:59,3,1,1,1.0,5.0,78545,A12 W,M,"48,8062000","2,0517000",78,2019,90.0,1.0,1.0,1.0,2150062,1.0,1,1,1,9.0,,-1.0,0,1965.0,E01,138Â 299Â 988,1.0,0.0,-1.0,1641836,2.0,7,,0.0,2.0,4.0,A01,138Â 299Â 984,1.0
961952,201900003483,3,23,05:59,3,1,1,1.0,5.0,78545,A12 W,M,"48,8062000","2,0517000",78,2019,90.0,1.0,1.0,1.0,2150062,1.0,1,1,1,9.0,,-1.0,0,1965.0,E01,138Â 299Â 988,1.0,0.0,-1.0,1641837,2.0,15,,0.0,2.0,1.0,B01,138Â 299Â 985,1.0
961952,201900003483,3,23,05:59,3,1,1,1.0,5.0,78545,A12 W,M,"48,8062000","2,0517000",78,2019,90.0,1.0,1.0,1.0,2150062,1.0,1,1,1,9.0,,-1.0,0,1965.0,E01,138Â 299Â 988,1.0,0.0,-1.0,1641838,2.0,10,,0.0,2.0,2.0,C01,138Â 299Â 986,1.0
961952,201900003483,3,23,05:59,3,1,1,1.0,5.0,78545,A12 W,M,"48,8062000","2,0517000",78,2019,90.0,1.0,1.0,1.0,2150062,1.0,1,1,1,9.0,,-1.0,0,1965.0,E01,138Â 299Â 988,1.0,0.0,-1.0,1641839,2.0,10,,0.0,2.0,4.0,D01,138Â 299Â 987,1.0
961952,201900003483,3,23,05:59,3,1,1,1.0,5.0,78545,A12 W,M,"48,8062000","2,0517000",78,2019,90.0,1.0,1.0,1.0,2150062,1.0,1,1,1,9.0,,-1.0,0,1965.0,E01,138Â 299Â 988,1.0,0.0,-1.0,1641840,2.0,10,,0.0,2.0,1.0,E01,138Â 299Â 988,1.0
961952,201900003483,3,23,05:59,3,1,1,1.0,5.0,78545,A12 W,M,"48,8062000","2,0517000",78,2019,90.0,1.0,1.0,1.0,2150062,1.0,1,1,1,9.0,,-1.0,0,1965.0,E01,138Â 299Â 988,1.0,0.0,-1.0,1641841,2.0,7,,0.0,2.0,1.0,F01,138Â 299Â 989,1.0
961952,201900003483,3,23,05:59,3,1,1,1.0,5.0,78545,A12 W,M,"48,8062000","2,0517000",78,2019,90.0,1.0,1.0,1.0,2150063,1.0,1,1,2,9.0,,-1.0,0,1976.0,F01,138Â 299Â 989,1.0,0.0,-1.0,1641836,2.0,7,,0.0,2.0,4.0,A01,138Â 299Â 984,1.0
961952,201900003483,3,23,05:59,3,1,1,1.0,5.0,78545,A12 W,M,"48,8062000","2,0517000",78,2019,90.0,1.0,1.0,1.0,2150063,1.0,1,1,2,9.0,,-1.0,0,1976.0,F01,138Â 299Â 989,1.0,0.0,-1.0,1641837,2.0,15,,0.0,2.0,1.0,B01,138Â 299Â 985,1.0
961952,201900003483,3,23,05:59,3,1,1,1.0,5.0,78545,A12 W,M,"48,8062000","2,0517000",78,2019,90.0,1.0,1.0,1.0,2150063,1.0,1,1,2,9.0,,-1.0,0,1976.0,F01,138Â 299Â 989,1.0,0.0,-1.0,1641838,2.0,10,,0.0,2.0,2.0,C01,138Â 299Â 986,1.0
961952,201900003483,3,23,05:59,3,1,1,1.0,5.0,78545,A12 W,M,"48,8062000","2,0517000",78,2019,90.0,1.0,1.0,1.0,2150063,1.0,1,1,2,9.0,,-1.0,0,1976.0,F01,138Â 299Â 989,1.0,0.0,-1.0,1641839,2.0,10,,0.0,2.0,4.0,D01,138Â 299Â 987,1.0
961952,201900003483,3,23,05:59,3,1,1,1.0,5.0,78545,A12 W,M,"48,8062000","2,0517000",78,2019,90.0,1.0,1.0,1.0,2150063,1.0,1,1,2,9.0,,-1.0,0,1976.0,F01,138Â 299Â 989,1.0,0.0,-1.0,1641840,2.0,10,,0.0,2.0,1.0,E01,138Â 299Â 988,1.0
961952,201900003483,3,23,05:59,3,1,1,1.0,5.0,78545,A12 W,M,"48,8062000","2,0517000",78,2019,90.0,1.0,1.0,1.0,2150063,1.0,1,1,2,9.0,,-1.0,0,1976.0,F01,138Â 299Â 989,1.0,0.0,-1.0,1641841,2.0,7,,0.0,2.0,1.0,F01,138Â 299Â 989,1.0
961953,201900003484,3,25,07:00,1,1,1,1.0,6.0,95252,AUTOROUTE A15,M,"48,9822400","2,2210000",95,2019,110.0,1.0,1.0,1.0,2150064,1.0,1,4,1,5.0,,-1.0,0,2000.0,A01,138Â 299Â 983,1.0,0.0,-1.0,1641842,1.0,7,,4.0,0.0,1.0,A01,138Â 299Â 983,1.0
961954,201900003485,3,23,17:25,1,1,1,1.0,5.0,93029,AUTOROUTE A86,M,"48,9262400","2,4225200",93,2019,90.0,1.0,1.0,1.0,2150065,3.0,2,4,1,0.0,,-1.0, -1,2016.0,A01,138Â 299Â 979,3.0,8.0,-1.0,1641843,2.0,7,,0.0,2.0,3.0,A01,138Â 299Â 979,1.0
961954,201900003485,3,23,17:25,1,1,1,1.0,5.0,93029,AUTOROUTE A86,M,"48,9262400","2,4225200",93,2019,90.0,1.0,1.0,1.0,2150065,3.0,2,4,1,0.0,,-1.0, -1,2016.0,A01,138Â 299Â 979,3.0,8.0,-1.0,1641844,2.0,7,,0.0,2.0,5.0,C01,138Â 299Â 980,1.0
961954,201900003485,3,23,17:25,1,1,1,1.0,5.0,93029,AUTOROUTE A86,M,"48,9262400","2,4225200",93,2019,90.0,1.0,1.0,1.0,2150065,3.0,2,4,1,0.0,,-1.0, -1,2016.0,A01,138Â 299Â 979,3.0,8.0,-1.0,1641845,2.0,10,,0.0,2.0,6.0,B01,138Â 299Â 981,1.0
961954,201900003485,3,23,17:25,1,1,1,1.0,5.0,93029,AUTOROUTE A86,M,"48,9262400","2,4225200",93,2019,90.0,1.0,1.0,1.0,2150065,3.0,2,4,1,0.0,,-1.0, -1,2016.0,A01,138Â 299Â 979,3.0,8.0,-1.0,1641846,2.0,7,,0.0,2.0,2.0,Z01,138Â 299Â 982,1.0
961954,201900003485,3,23,17:25,1,1,1,1.0,5.0,93029,AUTOROUTE A86,M,"48,9262400","2,4225200",93,2019,90.0,1.0,1.0,1.0,2150066,4.0,2,4,1,0.0,,-1.0, -1,2017.0,A01,138Â 299Â 979,3.0,8.0,-1.0,1641843,2.0,7,,0.0,2.0,3.0,A01,138Â 299Â 979,1.0
961954,201900003485,3,23,17:25,1,1,1,1.0,5.0,93029,AUTOROUTE A86,M,"48,9262400","2,4225200",93,2019,90.0,1.0,1.0,1.0,2150066,4.0,2,4,1,0.0,,-1.0, -1,2017.0,A01,138Â 299Â 979,3.0,8.0,-1.0,1641844,2.0,7,,0.0,2.0,5.0,C01,138Â 299Â 980,1.0
961954,201900003485,3,23,17:25,1,1,1,1.0,5.0,93029,AUTOROUTE A86,M,"48,9262400","2,4225200",93,2019,90.0,1.0,1.0,1.0,2150066,4.0,2,4,1,0.0,,-1.0, -1,2017.0,A01,138Â 299Â 979,3.0,8.0,-1.0,1641845,2.0,10,,0.0,2.0,6.0,B01,138Â 299Â 981,1.0
961954,201900003485,3,23,17:25,1,1,1,1.0,5.0,93029,AUTOROUTE A86,M,"48,9262400","2,4225200",93,2019,90.0,1.0,1.0,1.0,2150066,4.0,2,4,1,0.0,,-1.0, -1,2017.0,A01,138Â 299Â 979,3.0,8.0,-1.0,1641846,2.0,7,,0.0,2.0,2.0,Z01,138Â 299Â 982,1.0
961954,201900003485,3,23,17:25,1,1,1,1.0,5.0,93029,AUTOROUTE A86,M,"48,9262400","2,4225200",93,2019,90.0,1.0,1.0,1.0,2150067,2.0,2,4,1,0.0,,-1.0, -1,1991.0,A01,138Â 299Â 979,1.0,0.0,-1.0,1641843,2.0,7,,0.0,2.0,3.0,A01,138Â 299Â 979,1.0
961954,201900003485,3,23,17:25,1,1,1,1.0,5.0,93029,AUTOROUTE A86,M,"48,9262400","2,4225200",93,2019,90.0,1.0,1.0,1.0,2150067,2.0,2,4,1,0.0,,-1.0, -1,1991.0,A01,138Â 299Â 979,1.0,0.0,-1.0,1641844,2.0,7,,0.0,2.0,5.0,C01,138Â 299Â 980,1.0
961954,201900003485,3,23,17:25,1,1,1,1.0,5.0,93029,AUTOROUTE A86,M,"48,9262400","2,4225200",93,2019,90.0,1.0,1.0,1.0,2150067,2.0,2,4,1,0.0,,-1.0, -1,1991.0,A01,138Â 299Â 979,1.0,0.0,-1.0,1641845,2.0,10,,0.0,2.0,6.0,B01,138Â 299Â 981,1.0
961954,201900003485,3,23,17:25,1,1,1,1.0,5.0,93029,AUTOROUTE A86,M,"48,9262400","2,4225200",93,2019,90.0,1.0,1.0,1.0,2150067,2.0,2,4,1,0.0,,-1.0, -1,1991.0,A01,138Â 299Â 979,1.0,0.0,-1.0,1641846,2.0,7,,0.0,2.0,2.0,Z01,138Â 299Â 982,1.0
961954,201900003485,3,23,17:25,1,1,1,1.0,5.0,93029,AUTOROUTE A86,M,"48,9262400","2,4225200",93,2019,90.0,1.0,1.0,1.0,2150068,1.0,1,4,2,0.0,,-1.0, -1,1988.0,A01,138Â 299Â 979,1.0,8.0,-1.0,1641843,2.0,7,,0.0,2.0,3.0,A01,138Â 299Â 979,1.0
961954,201900003485,3,23,17:25,1,1,1,1.0,5.0,93029,AUTOROUTE A86,M,"48,9262400","2,4225200",93,2019,90.0,1.0,1.0,1.0,2150068,1.0,1,4,2,0.0,,-1.0, -1,1988.0,A01,138Â 299Â 979,1.0,8.0,-1.0,1641844,2.0,7,,0.0,2.0,5.0,C01,138Â 299Â 980,1.0
961954,201900003485,3,23,17:25,1,1,1,1.0,5.0,93029,AUTOROUTE A86,M,"48,9262400","2,4225200",93,2019,90.0,1.0,1.0,1.0,2150068,1.0,1,4,2,0.0,,-1.0, -1,1988.0,A01,138Â 299Â 979,1.0,8.0,-1.0,1641845,2.0,10,,0.0,2.0,6.0,B01,138Â 299Â 981,1.0
961954,201900003485,3,23,17:25,1,1,1,1.0,5.0,93029,AUTOROUTE A86,M,"48,9262400","2,4225200",93,2019,90.0,1.0,1.0,1.0,2150068,1.0,1,4,2,0.0,,-1.0, -1,1988.0,A01,138Â 299Â 979,1.0,8.0,-1.0,1641846,2.0,7,,0.0,2.0,2.0,Z01,138Â 299Â 982,1.0
961954,201900003485,3,23,17:25,1,1,1,1.0,5.0,93029,AUTOROUTE A86,M,"48,9262400","2,4225200",93,2019,90.0,1.0,1.0,1.0,2150069,3.0,2,4,1,9.0,,-1.0, -1,2017.0,C01,138Â 299Â 980,3.0,0.0,-1.0,1641843,2.0,7,,0.0,2.0,3.0,A01,138Â 299Â 979,1.0
961954,201900003485,3,23,17:25,1,1,1,1.0,5.0,93029,AUTOROUTE A86,M,"48,9262400","2,4225200",93,2019,90.0,1.0,1.0,1.0,2150069,3.0,2,4,1,9.0,,-1.0, -1,2017.0,C01,138Â 299Â 980,3.0,0.0,-1.0,1641844,2.0,7,,0.0,2.0,5.0,C01,138Â 299Â 980,1.0
961954,201900003485,3,23,17:25,1,1,1,1.0,5.0,93029,AUTOROUTE A86,M,"48,9262400","2,4225200",93,2019,90.0,1.0,1.0,1.0,2150069,3.0,2,4,1,9.0,,-1.0, -1,2017.0,C01,138Â 299Â 980,3.0,0.0,-1.0,1641845,2.0,10,,0.0,2.0,6.0,B01,138Â 299Â 981,1.0
961954,201900003485,3,23,17:25,1,1,1,1.0,5.0,93029,AUTOROUTE A86,M,"48,9262400","2,4225200",93,2019,90.0,1.0,1.0,1.0,2150069,3.0,2,4,1,9.0,,-1.0, -1,2017.0,C01,138Â 299Â 980,3.0,0.0,-1.0,1641846,2.0,7,,0.0,2.0,2.0,Z01,138Â 299Â 982,1.0
961954,201900003485,3,23,17:25,1,1,1,1.0,5.0,93029,AUTOROUTE A86,M,"48,9262400","2,4225200",93,2019,90.0,1.0,1.0,1.0,2150070,2.0,2,4,2,9.0,,-1.0, -1,1983.0,C01,138Â 299Â 980,1.0,0.0,-1.0,1641843,2.0,7,,0.0,2.0,3.0,A01,138Â 299Â 979,1.0
961954,201900003485,3,23,17:25,1,1,1,1.0,5.0,93029,AUTOROUTE A86,M,"48,9262400","2,4225200",93,2019,90.0,1.0,1.0,1.0,2150070,2.0,2,4,2,9.0,,-1.0, -1,1983.0,C01,138Â 299Â 980,1.0,0.0,-1.0,1641844,2.0,7,,0.0,2.0,5.0,C01,138Â 299Â 980,1.0
961954,201900003485,3,23,17:25,1,1,1,1.0,5.0,93029,AUTOROUTE A86,M,"48,9262400","2,4225200",93,2019,90.0,1.0,1.0,1.0,2150070,2.0,2,4,2,9.0,,-1.0, -1,1983.0,C01,138Â 299Â 980,1.0,0.0,-1.0,1641845,2.0,10,,0.0,2.0,6.0,B01,138Â 299Â 981,1.0
961954,201900003485,3,23,17:25,1,1,1,1.0,5.0,93029,AUTOROUTE A86,M,"48,9262400","2,4225200",93,2019,90.0,1.0,1.0,1.0,2150070,2.0,2,4,2,9.0,,-1.0, -1,1983.0,C01,138Â 299Â 980,1.0,0.0,-1.0,1641846,2.0,7,,0.0,2.0,2.0,Z01,138Â 299Â 982,1.0
961954,201900003485,3,23,17:25,1,1,1,1.0,5.0,93029,AUTOROUTE A86,M,"48,9262400","2,4225200",93,2019,90.0,1.0,1.0,1.0,2150071,4.0,2,4,2,0.0,,-1.0, -1,2015.0,C01,138Â 299Â 980,3.0,0.0,-1.0,1641843,2.0,7,,0.0,2.0,3.0,A01,138Â 299Â 979,1.0
961954,201900003485,3,23,17:25,1,1,1,1.0,5.0,93029,AUTOROUTE A86,M,"48,9262400","2,4225200",93,2019,90.0,1.0,1.0,1.0,2150071,4.0,2,4,2,0.0,,-1.0, -1,2015.0,C01,138Â 299Â 980,3.0,0.0,-1.0,1641844,2.0,7,,0.0,2.0,5.0,C01,138Â 299Â 980,1.0
961954,201900003485,3,23,17:25,1,1,1,1.0,5.0,93029,AUTOROUTE A86,M,"48,9262400","2,4225200",93,2019,90.0,1.0,1.0,1.0,2150071,4.0,2,4,2,0.0,,-1.0, -1,2015.0,C01,138Â 299Â 980,3.0,0.0,-1.0,1641845,2.0,10,,0.0,2.0,6.0,B01,138Â 299Â 981,1.0
961954,201900003485,3,23,17:25,1,1,1,1.0,5.0,93029,AUTOROUTE A86,M,"48,9262400","2,4225200",93,2019,90.0,1.0,1.0,1.0,2150071,4.0,2,4,2,0.0,,-1.0, -1,2015.0,C01,138Â 299Â 980,3.0,0.0,-1.0,1641846,2.0,7,,0.0,2.0,2.0,Z01,138Â 299Â 982,1.0