Unnamed: 0_x,num_acc,mois,jour,hrmn,lum,agg,int,atm,col,com,adr,gps,lat,long,dep,annee,vma,situ,surf,catr,Unnamed: 0_y,place,catu,grav,sexe,trajet,secu,locp,actp,an_nais,num_veh_x,id_vehicule_x,secu1,secu2,secu3,Unnamed: 0,senc,catv,occutc,obs,obsm,choc,num_veh_y,id_vehicule_y,motor
961954,201900003485,3,23,17:25,1,1,1,1.0,5.0,93029,AUTOROUTE A86,M,"48,9262400","2,4225200",93,2019,90.0,1.0,1.0,1.0,2150072,1.0,1,4,1,9.0,,-1.0, -1,1983.0,C01,138Â 299Â 980,1.0,0.0,-1.0,1641843,2.0,7,,0.0,2.0,3.0,A01,138Â 299Â 979,1.0
961954,201900003485,3,23,17:25,1,1,1,1.0,5.0,93029,AUTOROUTE A86,M,"48,9262400","2,4225200",93,2019,90.0,1.0,1.0,1.0,2150072,1.0,1,4,1,9.0,,-1.0, -1,1983.0,C01,138Â 299Â 980,1.0,0.0,-1.0,1641844,2.0,7,,0.0,2.0,5.0,C01,138Â 299Â 980,1.0
961954,201900003485,3,23,17:25,1,1,1,1.0,5.0,93029,AUTOROUTE A86,M,"48,9262400","2,4225200",93,2019,90.0,1.0,1.0,1.0,2150072,1.0,1,4,1,9.0,,-1.0, -1,1983.0,C01,138Â 299Â 980,1.0,0.0,-1.0,1641845,2.0,10,,0.0,2.0,6.0,B01,138Â 299Â 981,1.0
961954,201900003485,3,23,17:25,1,1,1,1.0,5.0,93029,AUTOROUTE A86,M,"48,9262400","2,4225200",93,2019,90.0,1.0,1.0,1.0,2150072,1.0,1,4,1,9.0,,-1.0, -1,1983.0,C01,138Â 299Â 980,1.0,0.0,-1.0,1641846,2.0,7,,0.0,2.0,2.0,Z01,138Â 299Â 982,1.0
961954,201900003485,3,23,17:25,1,1,1,1.0,5.0,93029,AUTOROUTE A86,M,"48,9262400","2,4225200",93,2019,90.0,1.0,1.0,1.0,2150073,2.0,2,4,2,0.0,,-1.0, -1,2006.0,B01,138Â 299Â 981,1.0,0.0,-1.0,1641843,2.0,7,,0.0,2.0,3.0,A01,138Â 299Â 979,1.0
961954,201900003485,3,23,17:25,1,1,1,1.0,5.0,93029,AUTOROUTE A86,M,"48,9262400","2,4225200",93,2019,90.0,1.0,1.0,1.0,2150073,2.0,2,4,2,0.0,,-1.0, -1,2006.0,B01,138Â 299Â 981,1.0,0.0,-1.0,1641844,2.0,7,,0.0,2.0,5.0,C01,138Â 299Â 980,1.0
961954,201900003485,3,23,17:25,1,1,1,1.0,5.0,93029,AUTOROUTE A86,M,"48,9262400","2,4225200",93,2019,90.0,1.0,1.0,1.0,2150073,2.0,2,4,2,0.0,,-1.0, -1,2006.0,B01,138Â 299Â 981,1.0,0.0,-1.0,1641845,2.0,10,,0.0,2.0,6.0,B01,138Â 299Â 981,1.0
961954,201900003485,3,23,17:25,1,1,1,1.0,5.0,93029,AUTOROUTE A86,M,"48,9262400","2,4225200",93,2019,90.0,1.0,1.0,1.0,2150073,2.0,2,4,2,0.0,,-1.0, -1,2006.0,B01,138Â 299Â 981,1.0,0.0,-1.0,1641846,2.0,7,,0.0,2.0,2.0,Z01,138Â 299Â 982,1.0
961954,201900003485,3,23,17:25,1,1,1,1.0,5.0,93029,AUTOROUTE A86,M,"48,9262400","2,4225200",93,2019,90.0,1.0,1.0,1.0,2150074,1.0,1,4,1,0.0,,-1.0, -1,1968.0,B01,138Â 299Â 981,1.0,0.0,-1.0,1641843,2.0,7,,0.0,2.0,3.0,A01,138Â 299Â 979,1.0
961954,201900003485,3,23,17:25,1,1,1,1.0,5.0,93029,AUTOROUTE A86,M,"48,9262400","2,4225200",93,2019,90.0,1.0,1.0,1.0,2150074,1.0,1,4,1,0.0,,-1.0, -1,1968.0,B01,138Â 299Â 981,1.0,0.0,-1.0,1641844,2.0,7,,0.0,2.0,5.0,C01,138Â 299Â 980,1.0
961954,201900003485,3,23,17:25,1,1,1,1.0,5.0,93029,AUTOROUTE A86,M,"48,9262400","2,4225200",93,2019,90.0,1.0,1.0,1.0,2150074,1.0,1,4,1,0.0,,-1.0, -1,1968.0,B01,138Â 299Â 981,1.0,0.0,-1.0,1641845,2.0,10,,0.0,2.0,6.0,B01,138Â 299Â 981,1.0
961954,201900003485,3,23,17:25,1,1,1,1.0,5.0,93029,AUTOROUTE A86,M,"48,9262400","2,4225200",93,2019,90.0,1.0,1.0,1.0,2150074,1.0,1,4,1,0.0,,-1.0, -1,1968.0,B01,138Â 299Â 981,1.0,0.0,-1.0,1641846,2.0,7,,0.0,2.0,2.0,Z01,138Â 299Â 982,1.0
961955,201900003486,3,26,10:00,1,1,1,1.0,6.0,77055,A104.EXT,M,"48,9018500","2,6502900",77,2019,90.0,1.0,1.0,1.0,2150075,1.0,1,4,1,4.0,,-1.0,0,1979.0,B01,138Â 299Â 977,1.0,4.0,-1.0,1641847,2.0,10,,0.0,2.0,1.0,B01,138Â 299Â 977,1.0
961955,201900003486,3,26,10:00,1,1,1,1.0,6.0,77055,A104.EXT,M,"48,9018500","2,6502900",77,2019,90.0,1.0,1.0,1.0,2150075,1.0,1,4,1,4.0,,-1.0,0,1979.0,B01,138Â 299Â 977,1.0,4.0,-1.0,1641848,2.0,17,,0.0,2.0,4.0,A01,138Â 299Â 978,1.0
961955,201900003486,3,26,10:00,1,1,1,1.0,6.0,77055,A104.EXT,M,"48,9018500","2,6502900",77,2019,90.0,1.0,1.0,1.0,2150076,1.0,1,1,1,4.0,,-1.0,0,1961.0,A01,138Â 299Â 978,1.0,4.0,-1.0,1641847,2.0,10,,0.0,2.0,1.0,B01,138Â 299Â 977,1.0
961955,201900003486,3,26,10:00,1,1,1,1.0,6.0,77055,A104.EXT,M,"48,9018500","2,6502900",77,2019,90.0,1.0,1.0,1.0,2150076,1.0,1,1,1,4.0,,-1.0,0,1961.0,A01,138Â 299Â 978,1.0,4.0,-1.0,1641848,2.0,17,,0.0,2.0,4.0,A01,138Â 299Â 978,1.0
961956,201900003487,3,26,09:10,1,1,1,1.0,7.0,77083,A4.W,M,"48,8305860","2,6093860",77,2019,110.0,1.0,1.0,1.0,2150077,1.0,1,4,1,1.0,,-1.0,0,1981.0,A01,138Â 299Â 976,2.0,6.0,-1.0,1641849,2.0,33,,0.0,0.0,0.0,A01,138Â 299Â 976,1.0
961957,201900003488,3,22,02:20,5,2,1,1.0,6.0,69384,CROIX-ROUSSE (DE LA)                (PL),M,"45,7756600","4,8326700",69,2019,50.0,1.0,1.0,4.0,2150078,10.0,3,3,1,5.0,,2.0,9,1980.0,A01,138Â 299Â 975,8.0,0.0,-1.0,1641850,2.0,7,,0.0,1.0,1.0,A01,138Â 299Â 975,1.0
961957,201900003488,3,22,02:20,5,2,1,1.0,6.0,69384,CROIX-ROUSSE (DE LA)                (PL),M,"45,7756600","4,8326700",69,2019,50.0,1.0,1.0,4.0,2150079,1.0,1,1,1,5.0,,0.0,0,1981.0,A01,138Â 299Â 975,1.0,8.0,-1.0,1641850,2.0,7,,0.0,1.0,1.0,A01,138Â 299Â 975,1.0
961958,201900003489,3,13,18:45,1,2,6,1.0,3.0,91421,JEAN JAURES (AVENUE),M,"48,7193100","2,4437000",91,2019,50.0,1.0,1.0,4.0,2150080,2.0,2,4,2,5.0,,0.0,0,1974.0,A01,138Â 299Â 973,1.0,0.0,-1.0,1641851,1.0,7,,0.0,2.0,2.0,A01,138Â 299Â 973,0.0
961958,201900003489,3,13,18:45,1,2,6,1.0,3.0,91421,JEAN JAURES (AVENUE),M,"48,7193100","2,4437000",91,2019,50.0,1.0,1.0,4.0,2150080,2.0,2,4,2,5.0,,0.0,0,1974.0,A01,138Â 299Â 973,1.0,0.0,-1.0,1641852,2.0,13,,0.0,2.0,5.0,B01,138Â 299Â 974,1.0
961958,201900003489,3,13,18:45,1,2,6,1.0,3.0,91421,JEAN JAURES (AVENUE),M,"48,7193100","2,4437000",91,2019,50.0,1.0,1.0,4.0,2150081,1.0,1,1,2,5.0,,0.0,0,1997.0,A01,138Â 299Â 973,1.0,0.0,-1.0,1641851,1.0,7,,0.0,2.0,2.0,A01,138Â 299Â 973,0.0
961958,201900003489,3,13,18:45,1,2,6,1.0,3.0,91421,JEAN JAURES (AVENUE),M,"48,7193100","2,4437000",91,2019,50.0,1.0,1.0,4.0,2150081,1.0,1,1,2,5.0,,0.0,0,1997.0,A01,138Â 299Â 973,1.0,0.0,-1.0,1641852,2.0,13,,0.0,2.0,5.0,B01,138Â 299Â 974,1.0
961959,201900003490,3,23,15:25,1,2,9,1.0,3.0,91687,VICTOR BASCH (RUE),M,"48,6830300","2,3811600",91,2019,50.0,1.0,1.0,4.0,2150082,1.0,1,4,2,5.0,,0.0,0,1970.0,B01,138Â 299Â 971,1.0,0.0,-1.0,1641853,1.0,10,,0.0,6.0,3.0,B01,138Â 299Â 971,1.0
961959,201900003490,3,23,15:25,1,2,9,1.0,3.0,91687,VICTOR BASCH (RUE),M,"48,6830300","2,3811600",91,2019,50.0,1.0,1.0,4.0,2150082,1.0,1,4,2,5.0,,0.0,0,1970.0,B01,138Â 299Â 971,1.0,0.0,-1.0,1641854,1.0,33,,0.0,2.0,3.0,A01,138Â 299Â 972,1.0
961959,201900003490,3,23,15:25,1,2,9,1.0,3.0,91687,VICTOR BASCH (RUE),M,"48,6830300","2,3811600",91,2019,50.0,1.0,1.0,4.0,2150083,1.0,1,4,1,5.0,,-1.0, -1,1998.0,A01,138Â 299Â 972,2.0,8.0,-1.0,1641853,1.0,10,,0.0,6.0,3.0,B01,138Â 299Â 971,1.0
961959,201900003490,3,23,15:25,1,2,9,1.0,3.0,91687,VICTOR BASCH (RUE),M,"48,6830300","2,3811600",91,2019,50.0,1.0,1.0,4.0,2150083,1.0,1,4,1,5.0,,-1.0, -1,1998.0,A01,138Â 299Â 972,2.0,8.0,-1.0,1641854,1.0,33,,0.0,2.0,3.0,A01,138Â 299Â 972,1.0
961960,201900003491,2,21,18:55,5,2,3,1.0,3.0,86194,PONTREAU (RUE DU),M,"46,5688900","0,3539800",86,2019,50.0,1.0,1.0,4.0,2150084,1.0,1,1,1,3.0,,-1.0,0,1991.0,A01,138Â 299Â 969,8.0,0.0,-1.0,1641855,2.0,7,,0.0,2.0,2.0,A01,138Â 299Â 969,1.0
961960,201900003491,2,21,18:55,5,2,3,1.0,3.0,86194,PONTREAU (RUE DU),M,"46,5688900","0,3539800",86,2019,50.0,1.0,1.0,4.0,2150084,1.0,1,1,1,3.0,,-1.0,0,1991.0,A01,138Â 299Â 969,8.0,0.0,-1.0,1641856,2.0,1,,0.0,2.0,1.0,B01,138Â 299Â 970,5.0
961960,201900003491,2,21,18:55,5,2,3,1.0,3.0,86194,PONTREAU (RUE DU),M,"46,5688900","0,3539800",86,2019,50.0,1.0,1.0,4.0,2150085,1.0,1,4,2,5.0,,-1.0,0,1986.0,B01,138Â 299Â 970,8.0,0.0,-1.0,1641855,2.0,7,,0.0,2.0,2.0,A01,138Â 299Â 969,1.0
961960,201900003491,2,21,18:55,5,2,3,1.0,3.0,86194,PONTREAU (RUE DU),M,"46,5688900","0,3539800",86,2019,50.0,1.0,1.0,4.0,2150085,1.0,1,4,2,5.0,,-1.0,0,1986.0,B01,138Â 299Â 970,8.0,0.0,-1.0,1641856,2.0,1,,0.0,2.0,1.0,B01,138Â 299Â 970,5.0
961961,201900003492,3,20,13:15,1,2,6,1.0,3.0,79191,Boulevard de l'Atlantique,M,"46,3168100"," -0,4807900",79,2019,50.0,1.0,1.0,4.0,2150086,1.0,1,4,1,0.0,,-1.0,0,1992.0,B01,138Â 299Â 967,2.0,8.0,-1.0,1641857,3.0,33,,0.0,2.0,7.0,B01,138Â 299Â 967,1.0
961961,201900003492,3,20,13:15,1,2,6,1.0,3.0,79191,Boulevard de l'Atlantique,M,"46,3168100"," -0,4807900",79,2019,50.0,1.0,1.0,4.0,2150086,1.0,1,4,1,0.0,,-1.0,0,1992.0,B01,138Â 299Â 967,2.0,8.0,-1.0,1641858,3.0,7,,0.0,2.0,3.0,A01,138Â 299Â 968,1.0
961961,201900003492,3,20,13:15,1,2,6,1.0,3.0,79191,Boulevard de l'Atlantique,M,"46,3168100"," -0,4807900",79,2019,50.0,1.0,1.0,4.0,2150087,1.0,1,1,2,0.0,,-1.0, -1,1996.0,A01,138Â 299Â 968,1.0,8.0,-1.0,1641857,3.0,33,,0.0,2.0,7.0,B01,138Â 299Â 967,1.0
961961,201900003492,3,20,13:15,1,2,6,1.0,3.0,79191,Boulevard de l'Atlantique,M,"46,3168100"," -0,4807900",79,2019,50.0,1.0,1.0,4.0,2150087,1.0,1,1,2,0.0,,-1.0, -1,1996.0,A01,138Â 299Â 968,1.0,8.0,-1.0,1641858,3.0,7,,0.0,2.0,3.0,A01,138Â 299Â 968,1.0
961962,201900003493,3,20,21:05,5,2,1,1.0,7.0,76351,FRANCOIS 1ER (BD),M,"49,4848800","0,1056200",76,2019,50.0,1.0,1.0,4.0,2150088,1.0,1,4,2,0.0,,0.0,0,1962.0,A01,138Â 299Â 959,2.0,8.0,-1.0,1641859,0.0,30,,0.0,0.0,0.0,A01,138Â 299Â 959,1.0
961963,201900003494,3,2,05:10,5,2,1,1.0,1.0,73008,GARIBALDI BOULEVARD VERS AVENUE DU GRAND,M,"45,6986264","5,8926714",73,2019,50.0,1.0,1.0,4.0,2150089,1.0,1,4,1,1.0,,0.0,0,1976.0,B01,138Â 299Â 951,1.0,0.0,-1.0,1641860,2.0,7,,0.0,2.0,1.0,B01,138Â 299Â 951,1.0
961963,201900003494,3,2,05:10,5,2,1,1.0,1.0,73008,GARIBALDI BOULEVARD VERS AVENUE DU GRAND,M,"45,6986264","5,8926714",73,2019,50.0,1.0,1.0,4.0,2150089,1.0,1,4,1,1.0,,0.0,0,1976.0,B01,138Â 299Â 951,1.0,0.0,-1.0,1641861,1.0,7,,0.0,2.0,1.0,A01,138Â 299Â 952,1.0
961963,201900003494,3,2,05:10,5,2,1,1.0,1.0,73008,GARIBALDI BOULEVARD VERS AVENUE DU GRAND,M,"45,6986264","5,8926714",73,2019,50.0,1.0,1.0,4.0,2150090,1.0,1,4,1,5.0,,0.0,0,1989.0,A01,138Â 299Â 952,1.0,0.0,-1.0,1641860,2.0,7,,0.0,2.0,1.0,B01,138Â 299Â 951,1.0
961963,201900003494,3,2,05:10,5,2,1,1.0,1.0,73008,GARIBALDI BOULEVARD VERS AVENUE DU GRAND,M,"45,6986264","5,8926714",73,2019,50.0,1.0,1.0,4.0,2150090,1.0,1,4,1,5.0,,0.0,0,1989.0,A01,138Â 299Â 952,1.0,0.0,-1.0,1641861,1.0,7,,0.0,2.0,1.0,A01,138Â 299Â 952,1.0
961964,201900003495,1,16,13:15,1,2,1,1.0,3.0,62427,BLUM (R LEON),M,"50,4306400","2,9488000",62,2019,50.0,2.0,1.0,4.0,2150091,1.0,1,1,1,9.0,,0.0,0,1998.0,B01,138Â 299Â 949,1.0,0.0,-1.0,1641862,2.0,7,,0.0,2.0,3.0,B01,138Â 299Â 949,1.0
961964,201900003495,1,16,13:15,1,2,1,1.0,3.0,62427,BLUM (R LEON),M,"50,4306400","2,9488000",62,2019,50.0,2.0,1.0,4.0,2150091,1.0,1,1,1,9.0,,0.0,0,1998.0,B01,138Â 299Â 949,1.0,0.0,-1.0,1641863,1.0,2,,0.0,2.0,1.0,A01,138Â 299Â 950,1.0
961964,201900003495,1,16,13:15,1,2,1,1.0,3.0,62427,BLUM (R LEON),M,"50,4306400","2,9488000",62,2019,50.0,2.0,1.0,4.0,2150092,1.0,1,4,1,9.0,,0.0,0,2002.0,A01,138Â 299Â 950,2.0,6.0,-1.0,1641862,2.0,7,,0.0,2.0,3.0,B01,138Â 299Â 949,1.0
961964,201900003495,1,16,13:15,1,2,1,1.0,3.0,62427,BLUM (R LEON),M,"50,4306400","2,9488000",62,2019,50.0,2.0,1.0,4.0,2150092,1.0,1,4,1,9.0,,0.0,0,2002.0,A01,138Â 299Â 950,2.0,6.0,-1.0,1641863,1.0,2,,0.0,2.0,1.0,A01,138Â 299Â 950,1.0
961965,201900003496,1,19,22:20,5,2,1,1.0,1.0,59369,SALENGRO (RUE ROGER),M,"50,3042400","3,4767200",59,2019,50.0,1.0,1.0,3.0,2150093,1.0,1,3,1,5.0,,-1.0,0,2001.0,A01,138Â 299Â 947,1.0,0.0,-1.0,1641864,2.0,7,,1.0,0.0,1.0,A01,138Â 299Â 947,1.0
961965,201900003496,1,19,22:20,5,2,1,1.0,1.0,59369,SALENGRO (RUE ROGER),M,"50,3042400","3,4767200",59,2019,50.0,1.0,1.0,3.0,2150093,1.0,1,3,1,5.0,,-1.0,0,2001.0,A01,138Â 299Â 947,1.0,0.0,-1.0,1641865,1.0,7,,0.0,2.0,4.0,FB01,138Â 299Â 948,1.0
961966,201900003497,3,19,17:45,1,2,1,1.0,2.0,49328,DESMARETS (RUE),M,"47,2497300"," -0,0899500",49,2019,50.0,1.0,1.0,4.0,2150094,1.0,1,4,1,5.0,,-1.0,0,2002.0,B01,138Â 299Â 945,2.0,0.0,-1.0,1641866,1.0,2,,0.0,0.0,4.0,B01,138Â 299Â 945,1.0
961966,201900003497,3,19,17:45,1,2,1,1.0,2.0,49328,DESMARETS (RUE),M,"47,2497300"," -0,0899500",49,2019,50.0,1.0,1.0,4.0,2150094,1.0,1,4,1,5.0,,-1.0,0,2002.0,B01,138Â 299Â 945,2.0,0.0,-1.0,1641867,1.0,7,,0.0,6.0,1.0,A01,138Â 299Â 946,1.0
961966,201900003497,3,19,17:45,1,2,1,1.0,2.0,49328,DESMARETS (RUE),M,"47,2497300"," -0,0899500",49,2019,50.0,1.0,1.0,4.0,2150095,1.0,1,1,1,5.0,,-1.0,0,1959.0,A01,138Â 299Â 946,1.0,0.0,-1.0,1641866,1.0,2,,0.0,0.0,4.0,B01,138Â 299Â 945,1.0
961966,201900003497,3,19,17:45,1,2,1,1.0,2.0,49328,DESMARETS (RUE),M,"47,2497300"," -0,0899500",49,2019,50.0,1.0,1.0,4.0,2150095,1.0,1,1,1,5.0,,-1.0,0,1959.0,A01,138Â 299Â 946,1.0,0.0,-1.0,1641867,1.0,7,,0.0,6.0,1.0,A01,138Â 299Â 946,1.0
961967,201900003498,3,24,17:57,1,2,1,1.0,6.0,25031,19 avenue de la RÃ©volution,M,"47,4761000","6,8404800",25,2019,50.0,2.0,1.0,3.0,2150096,10.0,3,4,1,0.0,,3.0,3,1981.0,Z01,138Â 299Â 942,8.0,0.0,-1.0,1641868,1.0,7,,0.0,1.0,1.0,Z01,138Â 299Â 942,0.0
961968,201900003499,3,22,22:15,5,2,2,1.0,3.0,18033,JURANVILLE (PLACE DE),M,"47,0833500","2,3888600",18,2019,50.0,1.0,1.0,4.0,2150097,1.0,1,4,1,5.0,,-1.0,0,2001.0,B01,138Â 299Â 940,2.0,8.0,-1.0,1641869,2.0,2,,0.0,0.0,6.0,B01,138Â 299Â 940,0.0
961968,201900003499,3,22,22:15,5,2,2,1.0,3.0,18033,JURANVILLE (PLACE DE),M,"47,0833500","2,3888600",18,2019,50.0,1.0,1.0,4.0,2150097,1.0,1,4,1,5.0,,-1.0,0,2001.0,B01,138Â 299Â 940,2.0,8.0,-1.0,1641870,1.0,7,,0.0,2.0,1.0,A01,138Â 299Â 941,1.0
961968,201900003499,3,22,22:15,5,2,2,1.0,3.0,18033,JURANVILLE (PLACE DE),M,"47,0833500","2,3888600",18,2019,50.0,1.0,1.0,4.0,2150098,2.0,2,1,1,5.0,,-1.0,0,1982.0,A01,138Â 299Â 941,1.0,8.0,-1.0,1641869,2.0,2,,0.0,0.0,6.0,B01,138Â 299Â 940,0.0
961968,201900003499,3,22,22:15,5,2,2,1.0,3.0,18033,JURANVILLE (PLACE DE),M,"47,0833500","2,3888600",18,2019,50.0,1.0,1.0,4.0,2150098,2.0,2,1,1,5.0,,-1.0,0,1982.0,A01,138Â 299Â 941,1.0,8.0,-1.0,1641870,1.0,7,,0.0,2.0,1.0,A01,138Â 299Â 941,1.0
961968,201900003499,3,22,22:15,5,2,2,1.0,3.0,18033,JURANVILLE (PLACE DE),M,"47,0833500","2,3888600",18,2019,50.0,1.0,1.0,4.0,2150099,1.0,1,1,1,0.0,,-1.0,0,1958.0,A01,138Â 299Â 941,1.0,0.0,-1.0,1641869,2.0,2,,0.0,0.0,6.0,B01,138Â 299Â 940,0.0
961968,201900003499,3,22,22:15,5,2,2,1.0,3.0,18033,JURANVILLE (PLACE DE),M,"47,0833500","2,3888600",18,2019,50.0,1.0,1.0,4.0,2150099,1.0,1,1,1,0.0,,-1.0,0,1958.0,A01,138Â 299Â 941,1.0,0.0,-1.0,1641870,1.0,7,,0.0,2.0,1.0,A01,138Â 299Â 941,1.0
961969,201900003500,3,23,11:05,1,2,1,1.0,3.0,13054,route de martigues quartier bricard,M,"43,3976700","5,1986500",13,2019,50.0,1.0,1.0,3.0,2150100,2.0,2,3,2,9.0,,-1.0, -1,1989.0,B01,138Â 299Â 938,1.0,0.0,-1.0,1641871,0.0,7,,0.0,2.0,1.0,B01,138Â 299Â 938,1.0
961969,201900003500,3,23,11:05,1,2,1,1.0,3.0,13054,route de martigues quartier bricard,M,"43,3976700","5,1986500",13,2019,50.0,1.0,1.0,3.0,2150100,2.0,2,3,2,9.0,,-1.0, -1,1989.0,B01,138Â 299Â 938,1.0,0.0,-1.0,1641872,1.0,7,,0.0,2.0,7.0,A01,138Â 299Â 939,1.0
961969,201900003500,3,23,11:05,1,2,1,1.0,3.0,13054,route de martigues quartier bricard,M,"43,3976700","5,1986500",13,2019,50.0,1.0,1.0,3.0,2150101,1.0,1,1,1,9.0,,-1.0, -1,1986.0,B01,138Â 299Â 938,8.0,0.0,-1.0,1641871,0.0,7,,0.0,2.0,1.0,B01,138Â 299Â 938,1.0
961969,201900003500,3,23,11:05,1,2,1,1.0,3.0,13054,route de martigues quartier bricard,M,"43,3976700","5,1986500",13,2019,50.0,1.0,1.0,3.0,2150101,1.0,1,1,1,9.0,,-1.0, -1,1986.0,B01,138Â 299Â 938,8.0,0.0,-1.0,1641872,1.0,7,,0.0,2.0,7.0,A01,138Â 299Â 939,1.0
961969,201900003500,3,23,11:05,1,2,1,1.0,3.0,13054,route de martigues quartier bricard,M,"43,3976700","5,1986500",13,2019,50.0,1.0,1.0,3.0,2150102,1.0,1,4,1,5.0,,-1.0,0,1939.0,A01,138Â 299Â 939,1.0,8.0,-1.0,1641871,0.0,7,,0.0,2.0,1.0,B01,138Â 299Â 938,1.0
961969,201900003500,3,23,11:05,1,2,1,1.0,3.0,13054,route de martigues quartier bricard,M,"43,3976700","5,1986500",13,2019,50.0,1.0,1.0,3.0,2150102,1.0,1,4,1,5.0,,-1.0,0,1939.0,A01,138Â 299Â 939,1.0,8.0,-1.0,1641872,1.0,7,,0.0,2.0,7.0,A01,138Â 299Â 939,1.0
961970,201900003501,2,2,10:30,1,2,1,8.0,6.0,94058,GABRIEL PERI (AV),M,"48,8372500","2,5010600",94,2019,50.0,1.0,2.0,4.0,2150103,10.0,3,4,1,0.0,,3.0,5,2006.0,A01,138Â 299Â 937,8.0,0.0,-1.0,1641873,2.0,7,,0.0,1.0,1.0,A01,138Â 299Â 937,1.0
961970,201900003501,2,2,10:30,1,2,1,8.0,6.0,94058,GABRIEL PERI (AV),M,"48,8372500","2,5010600",94,2019,50.0,1.0,2.0,4.0,2150104,1.0,1,1,1,5.0,,-1.0,0,1960.0,A01,138Â 299Â 937,1.0,0.0,-1.0,1641873,2.0,7,,0.0,1.0,1.0,A01,138Â 299Â 937,1.0
961971,201900003502,2,17,15:55,1,2,9,1.0,6.0,93070,BERT (RUE PAUL),M,"48,9021000","2,3388100",93,2019,50.0,1.0,1.0,7.0,2150105,10.0,3,4,2,0.0,,2.0,2,2003.0,A01,138Â 299Â 936,8.0,0.0,-1.0,1641874,0.0,7,,0.0,1.0,2.0,A01,138Â 299Â 936,0.0
961972,201900003503,2,1,12:13,1,2,1,1.0,1.0,93070,VICTOR-HUGO (BD),M,"48,9058000","2,3237000",93,2019,50.0,1.0,1.0,3.0,2150106,1.0,1,1,1,0.0,,-1.0,0,1985.0,A01,138Â 299Â 934,1.0,8.0,-1.0,1641875,1.0,7,,0.0,2.0,3.0,A01,138Â 299Â 934,0.0
961972,201900003503,2,1,12:13,1,2,1,1.0,1.0,93070,VICTOR-HUGO (BD),M,"48,9058000","2,3237000",93,2019,50.0,1.0,1.0,3.0,2150106,1.0,1,1,1,0.0,,-1.0,0,1985.0,A01,138Â 299Â 934,1.0,8.0,-1.0,1641876,1.0,31,,0.0,2.0,3.0,B01,138Â 299Â 935,0.0
961972,201900003503,2,1,12:13,1,2,1,1.0,1.0,93070,VICTOR-HUGO (BD),M,"48,9058000","2,3237000",93,2019,50.0,1.0,1.0,3.0,2150107,1.0,1,4,1,0.0,,-1.0,0,1956.0,B01,138Â 299Â 935,2.0,0.0,-1.0,1641875,1.0,7,,0.0,2.0,3.0,A01,138Â 299Â 934,0.0
961972,201900003503,2,1,12:13,1,2,1,1.0,1.0,93070,VICTOR-HUGO (BD),M,"48,9058000","2,3237000",93,2019,50.0,1.0,1.0,3.0,2150107,1.0,1,4,1,0.0,,-1.0,0,1956.0,B01,138Â 299Â 935,2.0,0.0,-1.0,1641876,1.0,31,,0.0,2.0,3.0,B01,138Â 299Â 935,0.0
961973,201900003504,3,22,11:35,1,2,9,1.0,4.0,93050,PAUL ET CAMILLE THOMOUX (RUE) COTE IMPAI,M,"48,8638600","2,5299700",93,2019,50.0,1.0,1.0,3.0,2150108,1.0,1,1,2,0.0,,-1.0, -1,1958.0,A01,138Â 299Â 931,1.0,0.0,-1.0,1641877,0.0,7,,0.0,2.0,4.0,A01,138Â 299Â 931,0.0
961973,201900003504,3,22,11:35,1,2,9,1.0,4.0,93050,PAUL ET CAMILLE THOMOUX (RUE) COTE IMPAI,M,"48,8638600","2,5299700",93,2019,50.0,1.0,1.0,3.0,2150108,1.0,1,1,2,0.0,,-1.0, -1,1958.0,A01,138Â 299Â 931,1.0,0.0,-1.0,1641878,3.0,7,,0.0,2.0,1.0,C01,138Â 299Â 932,0.0
961973,201900003504,3,22,11:35,1,2,9,1.0,4.0,93050,PAUL ET CAMILLE THOMOUX (RUE) COTE IMPAI,M,"48,8638600","2,5299700",93,2019,50.0,1.0,1.0,3.0,2150108,1.0,1,1,2,0.0,,-1.0, -1,1958.0,A01,138Â 299Â 931,1.0,0.0,-1.0,1641879,3.0,7,,0.0,2.0,1.0,B01,138Â 299Â 933,0.0
961973,201900003504,3,22,11:35,1,2,9,1.0,4.0,93050,PAUL ET CAMILLE THOMOUX (RUE) COTE IMPAI,M,"48,8638600","2,5299700",93,2019,50.0,1.0,1.0,3.0,2150109,1.0,1,1,1,0.0,,-1.0, -1,1993.0,C01,138Â 299Â 932,1.0,0.0,-1.0,1641877,0.0,7,,0.0,2.0,4.0,A01,138Â 299Â 931,0.0
961973,201900003504,3,22,11:35,1,2,9,1.0,4.0,93050,PAUL ET CAMILLE THOMOUX (RUE) COTE IMPAI,M,"48,8638600","2,5299700",93,2019,50.0,1.0,1.0,3.0,2150109,1.0,1,1,1,0.0,,-1.0, -1,1993.0,C01,138Â 299Â 932,1.0,0.0,-1.0,1641878,3.0,7,,0.0,2.0,1.0,C01,138Â 299Â 932,0.0
961973,201900003504,3,22,11:35,1,2,9,1.0,4.0,93050,PAUL ET CAMILLE THOMOUX (RUE) COTE IMPAI,M,"48,8638600","2,5299700",93,2019,50.0,1.0,1.0,3.0,2150109,1.0,1,1,1,0.0,,-1.0, -1,1993.0,C01,138Â 299Â 932,1.0,0.0,-1.0,1641879,3.0,7,,0.0,2.0,1.0,B01,138Â 299Â 933,0.0