Unnamed: 0_x,num_acc,mois,jour,hrmn,lum,agg,int,atm,col,com,adr,gps,lat,long,dep,annee,vma,situ,surf,catr,Unnamed: 0_y,place,catu,grav,sexe,trajet,secu,locp,actp,an_nais,num_veh_x,id_vehicule_x,secu1,secu2,secu3,Unnamed: 0,senc,catv,occutc,obs,obsm,choc,num_veh_y,id_vehicule_y,motor
961973,201900003504,3,22,11:35,1,2,9,1.0,4.0,93050,PAUL ET CAMILLE THOMOUX (RUE) COTE IMPAI,M,"48,8638600","2,5299700",93,2019,50.0,1.0,1.0,3.0,2150110,1.0,1,4,1,0.0,,-1.0, -1,1979.0,B01,138Â 299Â 933,1.0,0.0,-1.0,1641877,0.0,7,,0.0,2.0,4.0,A01,138Â 299Â 931,0.0
961973,201900003504,3,22,11:35,1,2,9,1.0,4.0,93050,PAUL ET CAMILLE THOMOUX (RUE) COTE IMPAI,M,"48,8638600","2,5299700",93,2019,50.0,1.0,1.0,3.0,2150110,1.0,1,4,1,0.0,,-1.0, -1,1979.0,B01,138Â 299Â 933,1.0,0.0,-1.0,1641878,3.0,7,,0.0,2.0,1.0,C01,138Â 299Â 932,0.0
961973,201900003504,3,22,11:35,1,2,9,1.0,4.0,93050,PAUL ET CAMILLE THOMOUX (RUE) COTE IMPAI,M,"48,8638600","2,5299700",93,2019,50.0,1.0,1.0,3.0,2150110,1.0,1,4,1,0.0,,-1.0, -1,1979.0,B01,138Â 299Â 933,1.0,0.0,-1.0,1641879,3.0,7,,0.0,2.0,1.0,B01,138Â 299Â 933,0.0
961974,201900003505,1,12,17:05,5,2,6,1.0,6.0,92026,GEORGES CLEMENCEAU,M,"48,9026800","2,2745900",92,2019,50.0,1.0,2.0,4.0,2150111,10.0,3,4,1,5.0,,2.0,3,1975.0,A01,138Â 299Â 930,8.0,0.0,-1.0,1641880,1.0,7,,14.0,1.0,3.0,A01,138Â 299Â 930,1.0
961974,201900003505,1,12,17:05,5,2,6,1.0,6.0,92026,GEORGES CLEMENCEAU,M,"48,9026800","2,2745900",92,2019,50.0,1.0,2.0,4.0,2150112,1.0,1,1,2,5.0,,-1.0,0,1947.0,A01,138Â 299Â 930,1.0,0.0,-1.0,1641880,1.0,7,,14.0,1.0,3.0,A01,138Â 299Â 930,1.0
961975,201900003506,2,17,14:55,1,2,1,1.0,2.0,92002,DIVISION LECLERC (1 A 29 -2 A 34),M,"48,7526344","2,3048028",92,2019,50.0,1.0,1.0,3.0,2150113,1.0,1,4,2,1.0,,-1.0,0,1997.0,A01,138Â 299Â 928,1.0,0.0,-1.0,1641881,2.0,7,,0.0,2.0,2.0,A01,138Â 299Â 928,1.0
961975,201900003506,2,17,14:55,1,2,1,1.0,2.0,92002,DIVISION LECLERC (1 A 29 -2 A 34),M,"48,7526344","2,3048028",92,2019,50.0,1.0,1.0,3.0,2150113,1.0,1,4,2,1.0,,-1.0,0,1997.0,A01,138Â 299Â 928,1.0,0.0,-1.0,1641882,2.0,7,,0.0,2.0,6.0,B01,138Â 299Â 929,1.0
961975,201900003506,2,17,14:55,1,2,1,1.0,2.0,92002,DIVISION LECLERC (1 A 29 -2 A 34),M,"48,7526344","2,3048028",92,2019,50.0,1.0,1.0,3.0,2150114,1.0,1,1,1,5.0,,-1.0,0,1979.0,B01,138Â 299Â 929,1.0,8.0,-1.0,1641881,2.0,7,,0.0,2.0,2.0,A01,138Â 299Â 928,1.0
961975,201900003506,2,17,14:55,1,2,1,1.0,2.0,92002,DIVISION LECLERC (1 A 29 -2 A 34),M,"48,7526344","2,3048028",92,2019,50.0,1.0,1.0,3.0,2150114,1.0,1,1,1,5.0,,-1.0,0,1979.0,B01,138Â 299Â 929,1.0,8.0,-1.0,1641882,2.0,7,,0.0,2.0,6.0,B01,138Â 299Â 929,1.0
961976,201900003507,1,31,14:00,1,2,1,1.0,4.0,92002,GENERAL DE GAULLE (AVENUE DU),M,"48,7634599","2,3082980",92,2019,50.0,1.0,1.0,3.0,2150115,1.0,1,4,2,4.0,,-1.0,0,1984.0,C01,138Â 299Â 924,1.0,8.0,-1.0,1641883,2.0,7,,0.0,2.0,4.0,C01,138Â 299Â 924,1.0
961976,201900003507,1,31,14:00,1,2,1,1.0,4.0,92002,GENERAL DE GAULLE (AVENUE DU),M,"48,7634599","2,3082980",92,2019,50.0,1.0,1.0,3.0,2150115,1.0,1,4,2,4.0,,-1.0,0,1984.0,C01,138Â 299Â 924,1.0,8.0,-1.0,1641884,2.0,10,,0.0,2.0,4.0,D01,138Â 299Â 925,1.0
961976,201900003507,1,31,14:00,1,2,1,1.0,4.0,92002,GENERAL DE GAULLE (AVENUE DU),M,"48,7634599","2,3082980",92,2019,50.0,1.0,1.0,3.0,2150115,1.0,1,4,2,4.0,,-1.0,0,1984.0,C01,138Â 299Â 924,1.0,8.0,-1.0,1641885,2.0,7,,0.0,2.0,4.0,B01,138Â 299Â 926,1.0
961976,201900003507,1,31,14:00,1,2,1,1.0,4.0,92002,GENERAL DE GAULLE (AVENUE DU),M,"48,7634599","2,3082980",92,2019,50.0,1.0,1.0,3.0,2150115,1.0,1,4,2,4.0,,-1.0,0,1984.0,C01,138Â 299Â 924,1.0,8.0,-1.0,1641886,2.0,10,,0.0,2.0,1.0,A01,138Â 299Â 927,1.0
961976,201900003507,1,31,14:00,1,2,1,1.0,4.0,92002,GENERAL DE GAULLE (AVENUE DU),M,"48,7634599","2,3082980",92,2019,50.0,1.0,1.0,3.0,2150116,1.0,1,1,1,4.0,,-1.0,0,1966.0,D01,138Â 299Â 925,1.0,0.0,-1.0,1641883,2.0,7,,0.0,2.0,4.0,C01,138Â 299Â 924,1.0
961976,201900003507,1,31,14:00,1,2,1,1.0,4.0,92002,GENERAL DE GAULLE (AVENUE DU),M,"48,7634599","2,3082980",92,2019,50.0,1.0,1.0,3.0,2150116,1.0,1,1,1,4.0,,-1.0,0,1966.0,D01,138Â 299Â 925,1.0,0.0,-1.0,1641884,2.0,10,,0.0,2.0,4.0,D01,138Â 299Â 925,1.0
961976,201900003507,1,31,14:00,1,2,1,1.0,4.0,92002,GENERAL DE GAULLE (AVENUE DU),M,"48,7634599","2,3082980",92,2019,50.0,1.0,1.0,3.0,2150116,1.0,1,1,1,4.0,,-1.0,0,1966.0,D01,138Â 299Â 925,1.0,0.0,-1.0,1641885,2.0,7,,0.0,2.0,4.0,B01,138Â 299Â 926,1.0
961976,201900003507,1,31,14:00,1,2,1,1.0,4.0,92002,GENERAL DE GAULLE (AVENUE DU),M,"48,7634599","2,3082980",92,2019,50.0,1.0,1.0,3.0,2150116,1.0,1,1,1,4.0,,-1.0,0,1966.0,D01,138Â 299Â 925,1.0,0.0,-1.0,1641886,2.0,10,,0.0,2.0,1.0,A01,138Â 299Â 927,1.0
961976,201900003507,1,31,14:00,1,2,1,1.0,4.0,92002,GENERAL DE GAULLE (AVENUE DU),M,"48,7634599","2,3082980",92,2019,50.0,1.0,1.0,3.0,2150117,3.0,2,4,2,5.0,,-1.0,0,1949.0,B01,138Â 299Â 926,1.0,8.0,-1.0,1641883,2.0,7,,0.0,2.0,4.0,C01,138Â 299Â 924,1.0
961976,201900003507,1,31,14:00,1,2,1,1.0,4.0,92002,GENERAL DE GAULLE (AVENUE DU),M,"48,7634599","2,3082980",92,2019,50.0,1.0,1.0,3.0,2150117,3.0,2,4,2,5.0,,-1.0,0,1949.0,B01,138Â 299Â 926,1.0,8.0,-1.0,1641884,2.0,10,,0.0,2.0,4.0,D01,138Â 299Â 925,1.0
961976,201900003507,1,31,14:00,1,2,1,1.0,4.0,92002,GENERAL DE GAULLE (AVENUE DU),M,"48,7634599","2,3082980",92,2019,50.0,1.0,1.0,3.0,2150117,3.0,2,4,2,5.0,,-1.0,0,1949.0,B01,138Â 299Â 926,1.0,8.0,-1.0,1641885,2.0,7,,0.0,2.0,4.0,B01,138Â 299Â 926,1.0
961976,201900003507,1,31,14:00,1,2,1,1.0,4.0,92002,GENERAL DE GAULLE (AVENUE DU),M,"48,7634599","2,3082980",92,2019,50.0,1.0,1.0,3.0,2150117,3.0,2,4,2,5.0,,-1.0,0,1949.0,B01,138Â 299Â 926,1.0,8.0,-1.0,1641886,2.0,10,,0.0,2.0,1.0,A01,138Â 299Â 927,1.0
961976,201900003507,1,31,14:00,1,2,1,1.0,4.0,92002,GENERAL DE GAULLE (AVENUE DU),M,"48,7634599","2,3082980",92,2019,50.0,1.0,1.0,3.0,2150118,1.0,1,4,1,5.0,,-1.0,0,1948.0,B01,138Â 299Â 926,1.0,0.0,-1.0,1641883,2.0,7,,0.0,2.0,4.0,C01,138Â 299Â 924,1.0
961976,201900003507,1,31,14:00,1,2,1,1.0,4.0,92002,GENERAL DE GAULLE (AVENUE DU),M,"48,7634599","2,3082980",92,2019,50.0,1.0,1.0,3.0,2150118,1.0,1,4,1,5.0,,-1.0,0,1948.0,B01,138Â 299Â 926,1.0,0.0,-1.0,1641884,2.0,10,,0.0,2.0,4.0,D01,138Â 299Â 925,1.0
961976,201900003507,1,31,14:00,1,2,1,1.0,4.0,92002,GENERAL DE GAULLE (AVENUE DU),M,"48,7634599","2,3082980",92,2019,50.0,1.0,1.0,3.0,2150118,1.0,1,4,1,5.0,,-1.0,0,1948.0,B01,138Â 299Â 926,1.0,0.0,-1.0,1641885,2.0,7,,0.0,2.0,4.0,B01,138Â 299Â 926,1.0
961976,201900003507,1,31,14:00,1,2,1,1.0,4.0,92002,GENERAL DE GAULLE (AVENUE DU),M,"48,7634599","2,3082980",92,2019,50.0,1.0,1.0,3.0,2150118,1.0,1,4,1,5.0,,-1.0,0,1948.0,B01,138Â 299Â 926,1.0,0.0,-1.0,1641886,2.0,10,,0.0,2.0,1.0,A01,138Â 299Â 927,1.0
961976,201900003507,1,31,14:00,1,2,1,1.0,4.0,92002,GENERAL DE GAULLE (AVENUE DU),M,"48,7634599","2,3082980",92,2019,50.0,1.0,1.0,3.0,2150119,2.0,2,4,2,5.0,,-1.0,0,1969.0,B01,138Â 299Â 926,1.0,8.0,-1.0,1641883,2.0,7,,0.0,2.0,4.0,C01,138Â 299Â 924,1.0
961976,201900003507,1,31,14:00,1,2,1,1.0,4.0,92002,GENERAL DE GAULLE (AVENUE DU),M,"48,7634599","2,3082980",92,2019,50.0,1.0,1.0,3.0,2150119,2.0,2,4,2,5.0,,-1.0,0,1969.0,B01,138Â 299Â 926,1.0,8.0,-1.0,1641884,2.0,10,,0.0,2.0,4.0,D01,138Â 299Â 925,1.0
961976,201900003507,1,31,14:00,1,2,1,1.0,4.0,92002,GENERAL DE GAULLE (AVENUE DU),M,"48,7634599","2,3082980",92,2019,50.0,1.0,1.0,3.0,2150119,2.0,2,4,2,5.0,,-1.0,0,1969.0,B01,138Â 299Â 926,1.0,8.0,-1.0,1641885,2.0,7,,0.0,2.0,4.0,B01,138Â 299Â 926,1.0
961976,201900003507,1,31,14:00,1,2,1,1.0,4.0,92002,GENERAL DE GAULLE (AVENUE DU),M,"48,7634599","2,3082980",92,2019,50.0,1.0,1.0,3.0,2150119,2.0,2,4,2,5.0,,-1.0,0,1969.0,B01,138Â 299Â 926,1.0,8.0,-1.0,1641886,2.0,10,,0.0,2.0,1.0,A01,138Â 299Â 927,1.0
961976,201900003507,1,31,14:00,1,2,1,1.0,4.0,92002,GENERAL DE GAULLE (AVENUE DU),M,"48,7634599","2,3082980",92,2019,50.0,1.0,1.0,3.0,2150120,2.0,2,1,1,4.0,,-1.0,0,1989.0,A01,138Â 299Â 927,1.0,8.0,-1.0,1641883,2.0,7,,0.0,2.0,4.0,C01,138Â 299Â 924,1.0
961976,201900003507,1,31,14:00,1,2,1,1.0,4.0,92002,GENERAL DE GAULLE (AVENUE DU),M,"48,7634599","2,3082980",92,2019,50.0,1.0,1.0,3.0,2150120,2.0,2,1,1,4.0,,-1.0,0,1989.0,A01,138Â 299Â 927,1.0,8.0,-1.0,1641884,2.0,10,,0.0,2.0,4.0,D01,138Â 299Â 925,1.0
961976,201900003507,1,31,14:00,1,2,1,1.0,4.0,92002,GENERAL DE GAULLE (AVENUE DU),M,"48,7634599","2,3082980",92,2019,50.0,1.0,1.0,3.0,2150120,2.0,2,1,1,4.0,,-1.0,0,1989.0,A01,138Â 299Â 927,1.0,8.0,-1.0,1641885,2.0,7,,0.0,2.0,4.0,B01,138Â 299Â 926,1.0
961976,201900003507,1,31,14:00,1,2,1,1.0,4.0,92002,GENERAL DE GAULLE (AVENUE DU),M,"48,7634599","2,3082980",92,2019,50.0,1.0,1.0,3.0,2150120,2.0,2,1,1,4.0,,-1.0,0,1989.0,A01,138Â 299Â 927,1.0,8.0,-1.0,1641886,2.0,10,,0.0,2.0,1.0,A01,138Â 299Â 927,1.0
961976,201900003507,1,31,14:00,1,2,1,1.0,4.0,92002,GENERAL DE GAULLE (AVENUE DU),M,"48,7634599","2,3082980",92,2019,50.0,1.0,1.0,3.0,2150121,1.0,1,4,1,4.0,,-1.0,0,1979.0,A01,138Â 299Â 927,8.0,8.0,-1.0,1641883,2.0,7,,0.0,2.0,4.0,C01,138Â 299Â 924,1.0
961976,201900003507,1,31,14:00,1,2,1,1.0,4.0,92002,GENERAL DE GAULLE (AVENUE DU),M,"48,7634599","2,3082980",92,2019,50.0,1.0,1.0,3.0,2150121,1.0,1,4,1,4.0,,-1.0,0,1979.0,A01,138Â 299Â 927,8.0,8.0,-1.0,1641884,2.0,10,,0.0,2.0,4.0,D01,138Â 299Â 925,1.0
961976,201900003507,1,31,14:00,1,2,1,1.0,4.0,92002,GENERAL DE GAULLE (AVENUE DU),M,"48,7634599","2,3082980",92,2019,50.0,1.0,1.0,3.0,2150121,1.0,1,4,1,4.0,,-1.0,0,1979.0,A01,138Â 299Â 927,8.0,8.0,-1.0,1641885,2.0,7,,0.0,2.0,4.0,B01,138Â 299Â 926,1.0
961976,201900003507,1,31,14:00,1,2,1,1.0,4.0,92002,GENERAL DE GAULLE (AVENUE DU),M,"48,7634599","2,3082980",92,2019,50.0,1.0,1.0,3.0,2150121,1.0,1,4,1,4.0,,-1.0,0,1979.0,A01,138Â 299Â 927,8.0,8.0,-1.0,1641886,2.0,10,,0.0,2.0,1.0,A01,138Â 299Â 927,1.0
961977,201900003508,1,5,20:00,5,2,3,1.0,6.0,92014,MARECHAL JOFFRE (BD DU) (43 A 97 - 58 A,M,"48,7824769","2,3148093",92,2019,50.0,1.0,1.0,3.0,2150122,1.0,1,1,1,5.0,,-1.0,0,1975.0,A01,138Â 299Â 922,1.0,8.0,-1.0,1641887,1.0,7,,0.0,2.0,7.0,A01,138Â 299Â 922,1.0
961977,201900003508,1,5,20:00,5,2,3,1.0,6.0,92014,MARECHAL JOFFRE (BD DU) (43 A 97 - 58 A,M,"48,7824769","2,3148093",92,2019,50.0,1.0,1.0,3.0,2150122,1.0,1,1,1,5.0,,-1.0,0,1975.0,A01,138Â 299Â 922,1.0,8.0,-1.0,1641888,1.0,2,,0.0,2.0,8.0,B01,138Â 299Â 923,1.0
961977,201900003508,1,5,20:00,5,2,3,1.0,6.0,92014,MARECHAL JOFFRE (BD DU) (43 A 97 - 58 A,M,"48,7824769","2,3148093",92,2019,50.0,1.0,1.0,3.0,2150123,2.0,2,1,1,5.0,,-1.0,0,2003.0,A01,138Â 299Â 922,1.0,8.0,-1.0,1641887,1.0,7,,0.0,2.0,7.0,A01,138Â 299Â 922,1.0
961977,201900003508,1,5,20:00,5,2,3,1.0,6.0,92014,MARECHAL JOFFRE (BD DU) (43 A 97 - 58 A,M,"48,7824769","2,3148093",92,2019,50.0,1.0,1.0,3.0,2150123,2.0,2,1,1,5.0,,-1.0,0,2003.0,A01,138Â 299Â 922,1.0,8.0,-1.0,1641888,1.0,2,,0.0,2.0,8.0,B01,138Â 299Â 923,1.0
961977,201900003508,1,5,20:00,5,2,3,1.0,6.0,92014,MARECHAL JOFFRE (BD DU) (43 A 97 - 58 A,M,"48,7824769","2,3148093",92,2019,50.0,1.0,1.0,3.0,2150124,1.0,1,1,1,5.0,,-1.0,0,2002.0,B01,138Â 299Â 923,2.0,0.0,-1.0,1641887,1.0,7,,0.0,2.0,7.0,A01,138Â 299Â 922,1.0
961977,201900003508,1,5,20:00,5,2,3,1.0,6.0,92014,MARECHAL JOFFRE (BD DU) (43 A 97 - 58 A,M,"48,7824769","2,3148093",92,2019,50.0,1.0,1.0,3.0,2150124,1.0,1,1,1,5.0,,-1.0,0,2002.0,B01,138Â 299Â 923,2.0,0.0,-1.0,1641888,1.0,2,,0.0,2.0,8.0,B01,138Â 299Â 923,1.0
961977,201900003508,1,5,20:00,5,2,3,1.0,6.0,92014,MARECHAL JOFFRE (BD DU) (43 A 97 - 58 A,M,"48,7824769","2,3148093",92,2019,50.0,1.0,1.0,3.0,2150125,2.0,2,4,1,5.0,,-1.0,0,2001.0,B01,138Â 299Â 923,2.0,8.0,-1.0,1641887,1.0,7,,0.0,2.0,7.0,A01,138Â 299Â 922,1.0
961977,201900003508,1,5,20:00,5,2,3,1.0,6.0,92014,MARECHAL JOFFRE (BD DU) (43 A 97 - 58 A,M,"48,7824769","2,3148093",92,2019,50.0,1.0,1.0,3.0,2150125,2.0,2,4,1,5.0,,-1.0,0,2001.0,B01,138Â 299Â 923,2.0,8.0,-1.0,1641888,1.0,2,,0.0,2.0,8.0,B01,138Â 299Â 923,1.0
961978,201900003509,1,3,08:35,1,2,3,1.0,3.0,92002,ARISTIDE BRIAND (AVENUE),M,"48,7624063","2,3085357",92,2019,50.0,1.0,1.0,3.0,2150126,1.0,1,3,1,1.0,,-1.0,0,1973.0,B01,138Â 299Â 920,2.0,6.0,-1.0,1641889,1.0,34,,0.0,2.0,1.0,B01,138Â 299Â 920,1.0
961978,201900003509,1,3,08:35,1,2,3,1.0,3.0,92002,ARISTIDE BRIAND (AVENUE),M,"48,7624063","2,3085357",92,2019,50.0,1.0,1.0,3.0,2150126,1.0,1,3,1,1.0,,-1.0,0,1973.0,B01,138Â 299Â 920,2.0,6.0,-1.0,1641890,1.0,3,,0.0,2.0,6.0,A01,138Â 299Â 921,1.0
961978,201900003509,1,3,08:35,1,2,3,1.0,3.0,92002,ARISTIDE BRIAND (AVENUE),M,"48,7624063","2,3085357",92,2019,50.0,1.0,1.0,3.0,2150127,1.0,1,1,2,1.0,,-1.0,0,1987.0,A01,138Â 299Â 921,1.0,8.0,-1.0,1641889,1.0,34,,0.0,2.0,1.0,B01,138Â 299Â 920,1.0
961978,201900003509,1,3,08:35,1,2,3,1.0,3.0,92002,ARISTIDE BRIAND (AVENUE),M,"48,7624063","2,3085357",92,2019,50.0,1.0,1.0,3.0,2150127,1.0,1,1,2,1.0,,-1.0,0,1987.0,A01,138Â 299Â 921,1.0,8.0,-1.0,1641890,1.0,3,,0.0,2.0,6.0,A01,138Â 299Â 921,1.0
961979,201900003510,3,21,11:50,1,1,1,1.0,4.0,83137,,M,"43,1213200","5,9533100",83,2019,70.0,1.0,1.0,1.0,2150128,1.0,1,1,1,9.0,,-1.0,0,1945.0,B01,138Â 299Â 917,1.0,0.0,-1.0,1641891,2.0,7,,0.0,2.0,4.0,B01,138Â 299Â 917,1.0
961979,201900003510,3,21,11:50,1,1,1,1.0,4.0,83137,,M,"43,1213200","5,9533100",83,2019,70.0,1.0,1.0,1.0,2150128,1.0,1,1,1,9.0,,-1.0,0,1945.0,B01,138Â 299Â 917,1.0,0.0,-1.0,1641892,2.0,7,,0.0,2.0,4.0,C01,138Â 299Â 918,1.0
961979,201900003510,3,21,11:50,1,1,1,1.0,4.0,83137,,M,"43,1213200","5,9533100",83,2019,70.0,1.0,1.0,1.0,2150128,1.0,1,1,1,9.0,,-1.0,0,1945.0,B01,138Â 299Â 917,1.0,0.0,-1.0,1641893,2.0,7,,0.0,2.0,1.0,A01,138Â 299Â 919,1.0
961979,201900003510,3,21,11:50,1,1,1,1.0,4.0,83137,,M,"43,1213200","5,9533100",83,2019,70.0,1.0,1.0,1.0,2150129,2.0,2,1,2,4.0,,-1.0,0,2002.0,C01,138Â 299Â 918,1.0,0.0,-1.0,1641891,2.0,7,,0.0,2.0,4.0,B01,138Â 299Â 917,1.0
961979,201900003510,3,21,11:50,1,1,1,1.0,4.0,83137,,M,"43,1213200","5,9533100",83,2019,70.0,1.0,1.0,1.0,2150129,2.0,2,1,2,4.0,,-1.0,0,2002.0,C01,138Â 299Â 918,1.0,0.0,-1.0,1641892,2.0,7,,0.0,2.0,4.0,C01,138Â 299Â 918,1.0
961979,201900003510,3,21,11:50,1,1,1,1.0,4.0,83137,,M,"43,1213200","5,9533100",83,2019,70.0,1.0,1.0,1.0,2150129,2.0,2,1,2,4.0,,-1.0,0,2002.0,C01,138Â 299Â 918,1.0,0.0,-1.0,1641893,2.0,7,,0.0,2.0,1.0,A01,138Â 299Â 919,1.0
961979,201900003510,3,21,11:50,1,1,1,1.0,4.0,83137,,M,"43,1213200","5,9533100",83,2019,70.0,1.0,1.0,1.0,2150130,1.0,1,4,2,9.0,,-1.0,0,1966.0,C01,138Â 299Â 918,1.0,0.0,-1.0,1641891,2.0,7,,0.0,2.0,4.0,B01,138Â 299Â 917,1.0
961979,201900003510,3,21,11:50,1,1,1,1.0,4.0,83137,,M,"43,1213200","5,9533100",83,2019,70.0,1.0,1.0,1.0,2150130,1.0,1,4,2,9.0,,-1.0,0,1966.0,C01,138Â 299Â 918,1.0,0.0,-1.0,1641892,2.0,7,,0.0,2.0,4.0,C01,138Â 299Â 918,1.0
961979,201900003510,3,21,11:50,1,1,1,1.0,4.0,83137,,M,"43,1213200","5,9533100",83,2019,70.0,1.0,1.0,1.0,2150130,1.0,1,4,2,9.0,,-1.0,0,1966.0,C01,138Â 299Â 918,1.0,0.0,-1.0,1641893,2.0,7,,0.0,2.0,1.0,A01,138Â 299Â 919,1.0
961979,201900003510,3,21,11:50,1,1,1,1.0,4.0,83137,,M,"43,1213200","5,9533100",83,2019,70.0,1.0,1.0,1.0,2150131,4.0,2,4,2,0.0,,-1.0,0,2005.0,C01,138Â 299Â 918,1.0,0.0,-1.0,1641891,2.0,7,,0.0,2.0,4.0,B01,138Â 299Â 917,1.0
961979,201900003510,3,21,11:50,1,1,1,1.0,4.0,83137,,M,"43,1213200","5,9533100",83,2019,70.0,1.0,1.0,1.0,2150131,4.0,2,4,2,0.0,,-1.0,0,2005.0,C01,138Â 299Â 918,1.0,0.0,-1.0,1641892,2.0,7,,0.0,2.0,4.0,C01,138Â 299Â 918,1.0
961979,201900003510,3,21,11:50,1,1,1,1.0,4.0,83137,,M,"43,1213200","5,9533100",83,2019,70.0,1.0,1.0,1.0,2150131,4.0,2,4,2,0.0,,-1.0,0,2005.0,C01,138Â 299Â 918,1.0,0.0,-1.0,1641893,2.0,7,,0.0,2.0,1.0,A01,138Â 299Â 919,1.0
961979,201900003510,3,21,11:50,1,1,1,1.0,4.0,83137,,M,"43,1213200","5,9533100",83,2019,70.0,1.0,1.0,1.0,2150132,1.0,1,1,1,5.0,,-1.0,0,1998.0,A01,138Â 299Â 919,1.0,0.0,-1.0,1641891,2.0,7,,0.0,2.0,4.0,B01,138Â 299Â 917,1.0
961979,201900003510,3,21,11:50,1,1,1,1.0,4.0,83137,,M,"43,1213200","5,9533100",83,2019,70.0,1.0,1.0,1.0,2150132,1.0,1,1,1,5.0,,-1.0,0,1998.0,A01,138Â 299Â 919,1.0,0.0,-1.0,1641892,2.0,7,,0.0,2.0,4.0,C01,138Â 299Â 918,1.0
961979,201900003510,3,21,11:50,1,1,1,1.0,4.0,83137,,M,"43,1213200","5,9533100",83,2019,70.0,1.0,1.0,1.0,2150132,1.0,1,1,1,5.0,,-1.0,0,1998.0,A01,138Â 299Â 919,1.0,0.0,-1.0,1641893,2.0,7,,0.0,2.0,1.0,A01,138Â 299Â 919,1.0
961980,201900003511,3,24,08:36,1,2,3,1.0,2.0,98818,PROMENADE ROGER LAROQUE,M," -22,3029100","166,4384600",988,2019,50.0,1.0,1.0,4.0,2150133,1.0,1,3,1,5.0,,0.0,0,1984.0,B01,138Â 299Â 915,2.0,6.0,-1.0,1641894,3.0,33,,0.0,2.0,4.0,B01,138Â 299Â 915,1.0
961980,201900003511,3,24,08:36,1,2,3,1.0,2.0,98818,PROMENADE ROGER LAROQUE,M," -22,3029100","166,4384600",988,2019,50.0,1.0,1.0,4.0,2150133,1.0,1,3,1,5.0,,0.0,0,1984.0,B01,138Â 299Â 915,2.0,6.0,-1.0,1641895,3.0,7,,0.0,2.0,2.0,A01,138Â 299Â 916,1.0
961980,201900003511,3,24,08:36,1,2,3,1.0,2.0,98818,PROMENADE ROGER LAROQUE,M," -22,3029100","166,4384600",988,2019,50.0,1.0,1.0,4.0,2150134,1.0,1,1,1,5.0,,0.0,0,1969.0,A01,138Â 299Â 916,1.0,1.0,-1.0,1641894,3.0,33,,0.0,2.0,4.0,B01,138Â 299Â 915,1.0
961980,201900003511,3,24,08:36,1,2,3,1.0,2.0,98818,PROMENADE ROGER LAROQUE,M," -22,3029100","166,4384600",988,2019,50.0,1.0,1.0,4.0,2150134,1.0,1,1,1,5.0,,0.0,0,1969.0,A01,138Â 299Â 916,1.0,1.0,-1.0,1641895,3.0,7,,0.0,2.0,2.0,A01,138Â 299Â 916,1.0
961981,201900003512,3,23,06:15,1,2,2,1.0,6.0,98818,RUE VICTOR BERNUT/RUE COLNETT,M," -22,2932600","166,4488100",988,2019,50.0,4.0,1.0,4.0,2150135,1.0,1,3,2,9.0,,0.0,0,1934.0,A01,138Â 299Â 914,1.0,1.0,-1.0,1641896,3.0,7,,6.0,0.0,1.0,A01,138Â 299Â 914,1.0
961982,201900003513,3,22,16:40,1,2,1,1.0,2.0,98818,RUE JULES GARNIER,M," -22,2895400","166,4417100",988,2019,50.0,1.0,1.0,4.0,2150136,1.0,1,1,1,5.0,,0.0,0,1991.0,B01,138Â 299Â 912,1.0,0.0,-1.0,1641897,3.0,10,,0.0,1.0,6.0,B01,138Â 299Â 912,1.0
961982,201900003513,3,22,16:40,1,2,1,1.0,2.0,98818,RUE JULES GARNIER,M," -22,2895400","166,4417100",988,2019,50.0,1.0,1.0,4.0,2150136,1.0,1,1,1,5.0,,0.0,0,1991.0,B01,138Â 299Â 912,1.0,0.0,-1.0,1641898,3.0,32,,0.0,2.0,1.0,A01,138Â 299Â 913,1.0
961982,201900003513,3,22,16:40,1,2,1,1.0,2.0,98818,RUE JULES GARNIER,M," -22,2895400","166,4417100",988,2019,50.0,1.0,1.0,4.0,2150137,1.0,1,4,1,5.0,,0.0,0,1986.0,A01,138Â 299Â 913,2.0,0.0,-1.0,1641897,3.0,10,,0.0,1.0,6.0,B01,138Â 299Â 912,1.0
961982,201900003513,3,22,16:40,1,2,1,1.0,2.0,98818,RUE JULES GARNIER,M," -22,2895400","166,4417100",988,2019,50.0,1.0,1.0,4.0,2150137,1.0,1,4,1,5.0,,0.0,0,1986.0,A01,138Â 299Â 913,2.0,0.0,-1.0,1641898,3.0,32,,0.0,2.0,1.0,A01,138Â 299Â 913,1.0
961983,201900003514,3,21,11:30,1,2,3,1.0,6.0,98818,AVENUE DU MARECHAL FOCH/TOURVILLE,M," -22,2770300","166,4430700",988,2019,50.0,1.0,1.0,4.0,2150138,1.0,1,1,2,2.0,,0.0,0,1998.0,A01,138Â 299Â 911,1.0,1.0,-1.0,1641899,3.0,7,,0.0,1.0,1.0,A01,138Â 299Â 911,1.0
961983,201900003514,3,21,11:30,1,2,3,1.0,6.0,98818,AVENUE DU MARECHAL FOCH/TOURVILLE,M," -22,2770300","166,4430700",988,2019,50.0,1.0,1.0,4.0,2150139,10.0,3,4,2,3.0,,3.0,3,1968.0,A01,138Â 299Â 911,0.0,0.0,-1.0,1641899,3.0,7,,0.0,1.0,1.0,A01,138Â 299Â 911,1.0