Unnamed: 0_x,num_acc,mois,jour,hrmn,lum,agg,int,atm,col,com,adr,gps,lat,long,dep,annee,vma,situ,surf,catr,Unnamed: 0_y,place,catu,grav,sexe,trajet,secu,locp,actp,an_nais,num_veh_x,id_vehicule_x,secu1,secu2,secu3,Unnamed: 0,senc,catv,occutc,obs,obsm,choc,num_veh_y,id_vehicule_y,motor
961984,201900003515,3,24,02:25,3,2,1,1.0,7.0,97610,Trois VallÃ©es - Majicavo (rue des ),M," -12,7559500","45,2329900",976,2019,50.0,1.0,1.0,9.0,2150140,2.0,2,4,2,9.0,,-1.0,0,1996.0,A01,138Â 299Â 910,2.0,8.0,-1.0,1641900,2.0,30,,0.0,0.0,1.0,A01,138Â 299Â 910,1.0
961984,201900003515,3,24,02:25,3,2,1,1.0,7.0,97610,Trois VallÃ©es - Majicavo (rue des ),M," -12,7559500","45,2329900",976,2019,50.0,1.0,1.0,9.0,2150141,1.0,1,4,1,9.0,,-1.0,0,1984.0,A01,138Â 299Â 910,2.0,8.0,-1.0,1641900,2.0,30,,0.0,0.0,1.0,A01,138Â 299Â 910,1.0
961985,201900003516,3,22,18:00,2,1,1,1.0,1.0,97416,ELISLES (ROUTE HUBERT) CD3,M," -21,3148200","55,5440700",974,2019,50.0,1.0,1.0,3.0,2150142,1.0,1,3,1,0.0,,0.0,0,1985.0,B01,138Â 299Â 908,2.0,6.0,-1.0,1641901,3.0,33,,0.0,2.0,1.0,B01,138Â 299Â 908,1.0
961985,201900003516,3,22,18:00,2,1,1,1.0,1.0,97416,ELISLES (ROUTE HUBERT) CD3,M," -21,3148200","55,5440700",974,2019,50.0,1.0,1.0,3.0,2150142,1.0,1,3,1,0.0,,0.0,0,1985.0,B01,138Â 299Â 908,2.0,6.0,-1.0,1641902,3.0,7,,0.0,2.0,1.0,A01,138Â 299Â 909,1.0
961985,201900003516,3,22,18:00,2,1,1,1.0,1.0,97416,ELISLES (ROUTE HUBERT) CD3,M," -21,3148200","55,5440700",974,2019,50.0,1.0,1.0,3.0,2150143,1.0,1,1,2,5.0,,0.0,0,1993.0,A01,138Â 299Â 909,1.0,0.0,-1.0,1641901,3.0,33,,0.0,2.0,1.0,B01,138Â 299Â 908,1.0
961985,201900003516,3,22,18:00,2,1,1,1.0,1.0,97416,ELISLES (ROUTE HUBERT) CD3,M," -21,3148200","55,5440700",974,2019,50.0,1.0,1.0,3.0,2150143,1.0,1,1,2,5.0,,0.0,0,1993.0,A01,138Â 299Â 909,1.0,0.0,-1.0,1641902,3.0,7,,0.0,2.0,1.0,A01,138Â 299Â 909,1.0
961986,201900003517,3,23,12:35,5,2,1,1.0,1.0,97416,Rue Marcel Hoarau,M," -20,9097600","55,4864800",974,2019,50.0,1.0,1.0,3.0,2150144,1.0,1,1,1,0.0,,0.0,0,1970.0,A01,138Â 299Â 906,1.0,8.0,-1.0,1641903,3.0,10,,0.0,2.0,1.0,A01,138Â 299Â 906,1.0
961986,201900003517,3,23,12:35,5,2,1,1.0,1.0,97416,Rue Marcel Hoarau,M," -20,9097600","55,4864800",974,2019,50.0,1.0,1.0,3.0,2150144,1.0,1,1,1,0.0,,0.0,0,1970.0,A01,138Â 299Â 906,1.0,8.0,-1.0,1641904,3.0,33,,0.0,2.0,1.0,B01,138Â 299Â 907,1.0
961986,201900003517,3,23,12:35,5,2,1,1.0,1.0,97416,Rue Marcel Hoarau,M," -20,9097600","55,4864800",974,2019,50.0,1.0,1.0,3.0,2150145,1.0,1,3,1,0.0,,0.0,0,1992.0,B01,138Â 299Â 907,2.0,6.0,-1.0,1641903,3.0,10,,0.0,2.0,1.0,A01,138Â 299Â 906,1.0
961986,201900003517,3,23,12:35,5,2,1,1.0,1.0,97416,Rue Marcel Hoarau,M," -20,9097600","55,4864800",974,2019,50.0,1.0,1.0,3.0,2150145,1.0,1,3,1,0.0,,0.0,0,1992.0,B01,138Â 299Â 907,2.0,6.0,-1.0,1641904,3.0,33,,0.0,2.0,1.0,B01,138Â 299Â 907,1.0
961987,201900003518,3,24,01:20,5,2,1,1.0,1.0,97411,HOARAU (RUE MARCEL),M," -20,9097600","55,4864800",974,2019,50.0,1.0,1.0,3.0,2150146,4.0,2,4,2,5.0,,0.0,0,2000.0,B01,138Â 299Â 904,1.0,0.0,-1.0,1641905,2.0,10,,0.0,2.0,3.0,B01,138Â 299Â 904,1.0
961987,201900003518,3,24,01:20,5,2,1,1.0,1.0,97411,HOARAU (RUE MARCEL),M," -20,9097600","55,4864800",974,2019,50.0,1.0,1.0,3.0,2150146,4.0,2,4,2,5.0,,0.0,0,2000.0,B01,138Â 299Â 904,1.0,0.0,-1.0,1641906,1.0,7,,0.0,2.0,3.0,A01,138Â 299Â 905,6.0
961987,201900003518,3,24,01:20,5,2,1,1.0,1.0,97411,HOARAU (RUE MARCEL),M," -20,9097600","55,4864800",974,2019,50.0,1.0,1.0,3.0,2150147,1.0,1,1,1,5.0,,0.0,0,1997.0,B01,138Â 299Â 904,1.0,0.0,-1.0,1641905,2.0,10,,0.0,2.0,3.0,B01,138Â 299Â 904,1.0
961987,201900003518,3,24,01:20,5,2,1,1.0,1.0,97411,HOARAU (RUE MARCEL),M," -20,9097600","55,4864800",974,2019,50.0,1.0,1.0,3.0,2150147,1.0,1,1,1,5.0,,0.0,0,1997.0,B01,138Â 299Â 904,1.0,0.0,-1.0,1641906,1.0,7,,0.0,2.0,3.0,A01,138Â 299Â 905,6.0
961987,201900003518,3,24,01:20,5,2,1,1.0,1.0,97411,HOARAU (RUE MARCEL),M," -20,9097600","55,4864800",974,2019,50.0,1.0,1.0,3.0,2150148,2.0,2,1,1,5.0,,0.0,0,1983.0,B01,138Â 299Â 904,1.0,8.0,-1.0,1641905,2.0,10,,0.0,2.0,3.0,B01,138Â 299Â 904,1.0
961987,201900003518,3,24,01:20,5,2,1,1.0,1.0,97411,HOARAU (RUE MARCEL),M," -20,9097600","55,4864800",974,2019,50.0,1.0,1.0,3.0,2150148,2.0,2,1,1,5.0,,0.0,0,1983.0,B01,138Â 299Â 904,1.0,8.0,-1.0,1641906,1.0,7,,0.0,2.0,3.0,A01,138Â 299Â 905,6.0
961987,201900003518,3,24,01:20,5,2,1,1.0,1.0,97411,HOARAU (RUE MARCEL),M," -20,9097600","55,4864800",974,2019,50.0,1.0,1.0,3.0,2150149,1.0,1,1,1,5.0,,0.0,0,1998.0,A01,138Â 299Â 905,1.0,0.0,-1.0,1641905,2.0,10,,0.0,2.0,3.0,B01,138Â 299Â 904,1.0
961987,201900003518,3,24,01:20,5,2,1,1.0,1.0,97411,HOARAU (RUE MARCEL),M," -20,9097600","55,4864800",974,2019,50.0,1.0,1.0,3.0,2150149,1.0,1,1,1,5.0,,0.0,0,1998.0,A01,138Â 299Â 905,1.0,0.0,-1.0,1641906,1.0,7,,0.0,2.0,3.0,A01,138Â 299Â 905,6.0
961988,201900003519,3,23,17:15,1,1,1,2.0,3.0,97411,Route du Littoral,M," -20,8834000","55,3940000",974,2019,90.0,1.0,2.0,2.0,2150150,1.0,1,1,1,0.0,,0.0,0,1986.0,A01,138Â 299Â 902,1.0,0.0,-1.0,1641907,1.0,7,,0.0,2.0,2.0,A01,138Â 299Â 902,1.0
961988,201900003519,3,23,17:15,1,1,1,2.0,3.0,97411,Route du Littoral,M," -20,8834000","55,3940000",974,2019,90.0,1.0,2.0,2.0,2150150,1.0,1,1,1,0.0,,0.0,0,1986.0,A01,138Â 299Â 902,1.0,0.0,-1.0,1641908,1.0,7,,0.0,2.0,8.0,B01,138Â 299Â 903,1.0
961988,201900003519,3,23,17:15,1,1,1,2.0,3.0,97411,Route du Littoral,M," -20,8834000","55,3940000",974,2019,90.0,1.0,2.0,2.0,2150151,2.0,2,1,1,0.0,,0.0,0,1992.0,A01,138Â 299Â 902,1.0,0.0,-1.0,1641907,1.0,7,,0.0,2.0,2.0,A01,138Â 299Â 902,1.0
961988,201900003519,3,23,17:15,1,1,1,2.0,3.0,97411,Route du Littoral,M," -20,8834000","55,3940000",974,2019,90.0,1.0,2.0,2.0,2150151,2.0,2,1,1,0.0,,0.0,0,1992.0,A01,138Â 299Â 902,1.0,0.0,-1.0,1641908,1.0,7,,0.0,2.0,8.0,B01,138Â 299Â 903,1.0
961988,201900003519,3,23,17:15,1,1,1,2.0,3.0,97411,Route du Littoral,M," -20,8834000","55,3940000",974,2019,90.0,1.0,2.0,2.0,2150152,4.0,2,4,1,0.0,,0.0,0,2010.0,B01,138Â 299Â 903,1.0,0.0,-1.0,1641907,1.0,7,,0.0,2.0,2.0,A01,138Â 299Â 902,1.0
961988,201900003519,3,23,17:15,1,1,1,2.0,3.0,97411,Route du Littoral,M," -20,8834000","55,3940000",974,2019,90.0,1.0,2.0,2.0,2150152,4.0,2,4,1,0.0,,0.0,0,2010.0,B01,138Â 299Â 903,1.0,0.0,-1.0,1641908,1.0,7,,0.0,2.0,8.0,B01,138Â 299Â 903,1.0
961988,201900003519,3,23,17:15,1,1,1,2.0,3.0,97411,Route du Littoral,M," -20,8834000","55,3940000",974,2019,90.0,1.0,2.0,2.0,2150153,2.0,2,4,2,0.0,,0.0,0,1989.0,B01,138Â 299Â 903,1.0,0.0,-1.0,1641907,1.0,7,,0.0,2.0,2.0,A01,138Â 299Â 902,1.0
961988,201900003519,3,23,17:15,1,1,1,2.0,3.0,97411,Route du Littoral,M," -20,8834000","55,3940000",974,2019,90.0,1.0,2.0,2.0,2150153,2.0,2,4,2,0.0,,0.0,0,1989.0,B01,138Â 299Â 903,1.0,0.0,-1.0,1641908,1.0,7,,0.0,2.0,8.0,B01,138Â 299Â 903,1.0
961988,201900003519,3,23,17:15,1,1,1,2.0,3.0,97411,Route du Littoral,M," -20,8834000","55,3940000",974,2019,90.0,1.0,2.0,2.0,2150154,1.0,1,1,2,0.0,,0.0,0,1983.0,B01,138Â 299Â 903,1.0,0.0,-1.0,1641907,1.0,7,,0.0,2.0,2.0,A01,138Â 299Â 902,1.0
961988,201900003519,3,23,17:15,1,1,1,2.0,3.0,97411,Route du Littoral,M," -20,8834000","55,3940000",974,2019,90.0,1.0,2.0,2.0,2150154,1.0,1,1,2,0.0,,0.0,0,1983.0,B01,138Â 299Â 903,1.0,0.0,-1.0,1641908,1.0,7,,0.0,2.0,8.0,B01,138Â 299Â 903,1.0
961988,201900003519,3,23,17:15,1,1,1,2.0,3.0,97411,Route du Littoral,M," -20,8834000","55,3940000",974,2019,90.0,1.0,2.0,2.0,2150155,3.0,2,1,1,0.0,,0.0,0,2014.0,B01,138Â 299Â 903,1.0,0.0,-1.0,1641907,1.0,7,,0.0,2.0,2.0,A01,138Â 299Â 902,1.0
961988,201900003519,3,23,17:15,1,1,1,2.0,3.0,97411,Route du Littoral,M," -20,8834000","55,3940000",974,2019,90.0,1.0,2.0,2.0,2150155,3.0,2,1,1,0.0,,0.0,0,2014.0,B01,138Â 299Â 903,1.0,0.0,-1.0,1641908,1.0,7,,0.0,2.0,8.0,B01,138Â 299Â 903,1.0
961989,201900003520,3,22,05:15,1,1,2,2.0,3.0,97411,Avenue Felix GUYON,M," -20,8804730","55,4519320",974,2019,50.0,1.0,1.0,4.0,2150156,1.0,1,4,2,1.0,,0.0,0,1961.0,A01,138Â 299Â 901,1.0,8.0,-1.0,1641909,1.0,99,,0.0,2.0,2.0,B01,138Â 299Â 900,0.0
961989,201900003520,3,22,05:15,1,1,2,2.0,3.0,97411,Avenue Felix GUYON,M," -20,8804730","55,4519320",974,2019,50.0,1.0,1.0,4.0,2150156,1.0,1,4,2,1.0,,0.0,0,1961.0,A01,138Â 299Â 901,1.0,8.0,-1.0,1641910,2.0,10,,0.0,2.0,2.0,A01,138Â 299Â 901,1.0
961990,201900003521,3,19,15:30,1,2,1,1.0,1.0,97409,DUMESNIL D'ENGENTE(RUE),M," -20,9513300","55,6522400",974,2019,50.0,1.0,1.0,4.0,2150157,1.0,1,1,1,9.0,,-1.0, -1,2000.0,B01,138Â 299Â 898,8.0,8.0,-1.0,1641911,1.0,7,,0.0,2.0,2.0,B01,138Â 299Â 898,1.0
961990,201900003521,3,19,15:30,1,2,1,1.0,1.0,97409,DUMESNIL D'ENGENTE(RUE),M," -20,9513300","55,6522400",974,2019,50.0,1.0,1.0,4.0,2150157,1.0,1,1,1,9.0,,-1.0, -1,2000.0,B01,138Â 299Â 898,8.0,8.0,-1.0,1641912,2.0,35,,1.0,0.0,2.0,A01,138Â 299Â 899,1.0
961990,201900003521,3,19,15:30,1,2,1,1.0,1.0,97409,DUMESNIL D'ENGENTE(RUE),M," -20,9513300","55,6522400",974,2019,50.0,1.0,1.0,4.0,2150158,1.0,1,4,1,5.0,,-1.0, -1,2002.0,A01,138Â 299Â 899,2.0,8.0,-1.0,1641911,1.0,7,,0.0,2.0,2.0,B01,138Â 299Â 898,1.0
961990,201900003521,3,19,15:30,1,2,1,1.0,1.0,97409,DUMESNIL D'ENGENTE(RUE),M," -20,9513300","55,6522400",974,2019,50.0,1.0,1.0,4.0,2150158,1.0,1,4,1,5.0,,-1.0, -1,2002.0,A01,138Â 299Â 899,2.0,8.0,-1.0,1641912,2.0,35,,1.0,0.0,2.0,A01,138Â 299Â 899,1.0
961991,201900003522,3,25,19:40,5,2,2,8.0,3.0,69387,FELIX FAURE                         (AV),M,"45,7521800","4,8472300",69,2019,50.0,1.0,1.0,7.0,2150159,1.0,1,4,2,9.0,,0.0,0,1991.0,B01,138Â 299Â 895,8.0,0.0,-1.0,1641913,1.0,1,,0.0,2.0,1.0,B01,138Â 299Â 895,5.0
961991,201900003522,3,25,19:40,5,2,2,8.0,3.0,69387,FELIX FAURE                         (AV),M,"45,7521800","4,8472300",69,2019,50.0,1.0,1.0,7.0,2150159,1.0,1,4,2,9.0,,0.0,0,1991.0,B01,138Â 299Â 895,8.0,0.0,-1.0,1641914,2.0,7,,0.0,2.0,3.0,A01,138Â 299Â 896,1.0
961991,201900003522,3,25,19:40,5,2,2,8.0,3.0,69387,FELIX FAURE                         (AV),M,"45,7521800","4,8472300",69,2019,50.0,1.0,1.0,7.0,2150160,1.0,1,1,2,9.0,,0.0,0,1991.0,A01,138Â 299Â 896,1.0,0.0,-1.0,1641913,1.0,1,,0.0,2.0,1.0,B01,138Â 299Â 895,5.0
961991,201900003522,3,25,19:40,5,2,2,8.0,3.0,69387,FELIX FAURE                         (AV),M,"45,7521800","4,8472300",69,2019,50.0,1.0,1.0,7.0,2150160,1.0,1,1,2,9.0,,0.0,0,1991.0,A01,138Â 299Â 896,1.0,0.0,-1.0,1641914,2.0,7,,0.0,2.0,3.0,A01,138Â 299Â 896,1.0
961992,201900003523,3,25,17:50,1,2,2,8.0,3.0,69387,JEAN JAURES                         (AV),M,"45,7381900","4,8376700",69,2019,50.0,1.0,1.0,4.0,2150161,1.0,1,1,1,0.0,,0.0,0,1964.0,B01,138Â 299Â 893,2.0,8.0,-1.0,1641915,1.0,32,,0.0,2.0,1.0,B01,138Â 299Â 893,0.0
961992,201900003523,3,25,17:50,1,2,2,8.0,3.0,69387,JEAN JAURES                         (AV),M,"45,7381900","4,8376700",69,2019,50.0,1.0,1.0,4.0,2150161,1.0,1,1,1,0.0,,0.0,0,1964.0,B01,138Â 299Â 893,2.0,8.0,-1.0,1641916,2.0,7,,0.0,2.0,7.0,A01,138Â 299Â 894,0.0
961992,201900003523,3,25,17:50,1,2,2,8.0,3.0,69387,JEAN JAURES                         (AV),M,"45,7381900","4,8376700",69,2019,50.0,1.0,1.0,4.0,2150162,2.0,2,4,2,0.0,,0.0,0,1968.0,B01,138Â 299Â 893,2.0,0.0,-1.0,1641915,1.0,32,,0.0,2.0,1.0,B01,138Â 299Â 893,0.0
961992,201900003523,3,25,17:50,1,2,2,8.0,3.0,69387,JEAN JAURES                         (AV),M,"45,7381900","4,8376700",69,2019,50.0,1.0,1.0,4.0,2150162,2.0,2,4,2,0.0,,0.0,0,1968.0,B01,138Â 299Â 893,2.0,0.0,-1.0,1641916,2.0,7,,0.0,2.0,7.0,A01,138Â 299Â 894,0.0
961992,201900003523,3,25,17:50,1,2,2,8.0,3.0,69387,JEAN JAURES                         (AV),M,"45,7381900","4,8376700",69,2019,50.0,1.0,1.0,4.0,2150163,1.0,1,1,1,0.0,,0.0,0,1985.0,A01,138Â 299Â 894,1.0,0.0,-1.0,1641915,1.0,32,,0.0,2.0,1.0,B01,138Â 299Â 893,0.0
961992,201900003523,3,25,17:50,1,2,2,8.0,3.0,69387,JEAN JAURES                         (AV),M,"45,7381900","4,8376700",69,2019,50.0,1.0,1.0,4.0,2150163,1.0,1,1,1,0.0,,0.0,0,1985.0,A01,138Â 299Â 894,1.0,0.0,-1.0,1641916,2.0,7,,0.0,2.0,7.0,A01,138Â 299Â 894,0.0
961993,201900003524,11,26,07:45,2,1,1,2.0,4.0,95252,AUTOROUTE A15,M,"48,9774900","2,2328200",95,2019,110.0,1.0,2.0,1.0,2150164,1.0,1,1,1,5.0,,-1.0,0,1958.0,A01,138Â 299Â 889,1.0,4.0,-1.0,1641917,2.0,7,,0.0,2.0,1.0,A01,138Â 299Â 889,1.0
961993,201900003524,11,26,07:45,2,1,1,2.0,4.0,95252,AUTOROUTE A15,M,"48,9774900","2,2328200",95,2019,110.0,1.0,2.0,1.0,2150164,1.0,1,1,1,5.0,,-1.0,0,1958.0,A01,138Â 299Â 889,1.0,4.0,-1.0,1641918,2.0,7,,0.0,2.0,4.0,B01,138Â 299Â 890,1.0
961993,201900003524,11,26,07:45,2,1,1,2.0,4.0,95252,AUTOROUTE A15,M,"48,9774900","2,2328200",95,2019,110.0,1.0,2.0,1.0,2150164,1.0,1,1,1,5.0,,-1.0,0,1958.0,A01,138Â 299Â 889,1.0,4.0,-1.0,1641919,2.0,33,,1.0,0.0,1.0,C01,138Â 299Â 891,1.0
961993,201900003524,11,26,07:45,2,1,1,2.0,4.0,95252,AUTOROUTE A15,M,"48,9774900","2,2328200",95,2019,110.0,1.0,2.0,1.0,2150164,1.0,1,1,1,5.0,,-1.0,0,1958.0,A01,138Â 299Â 889,1.0,4.0,-1.0,1641920,2.0,7,,0.0,2.0,4.0,D01,138Â 299Â 892,1.0
961993,201900003524,11,26,07:45,2,1,1,2.0,4.0,95252,AUTOROUTE A15,M,"48,9774900","2,2328200",95,2019,110.0,1.0,2.0,1.0,2150165,1.0,1,1,2,1.0,,-1.0,0,1985.0,B01,138Â 299Â 890,1.0,4.0,-1.0,1641917,2.0,7,,0.0,2.0,1.0,A01,138Â 299Â 889,1.0
961993,201900003524,11,26,07:45,2,1,1,2.0,4.0,95252,AUTOROUTE A15,M,"48,9774900","2,2328200",95,2019,110.0,1.0,2.0,1.0,2150165,1.0,1,1,2,1.0,,-1.0,0,1985.0,B01,138Â 299Â 890,1.0,4.0,-1.0,1641918,2.0,7,,0.0,2.0,4.0,B01,138Â 299Â 890,1.0
961993,201900003524,11,26,07:45,2,1,1,2.0,4.0,95252,AUTOROUTE A15,M,"48,9774900","2,2328200",95,2019,110.0,1.0,2.0,1.0,2150165,1.0,1,1,2,1.0,,-1.0,0,1985.0,B01,138Â 299Â 890,1.0,4.0,-1.0,1641919,2.0,33,,1.0,0.0,1.0,C01,138Â 299Â 891,1.0
961993,201900003524,11,26,07:45,2,1,1,2.0,4.0,95252,AUTOROUTE A15,M,"48,9774900","2,2328200",95,2019,110.0,1.0,2.0,1.0,2150165,1.0,1,1,2,1.0,,-1.0,0,1985.0,B01,138Â 299Â 890,1.0,4.0,-1.0,1641920,2.0,7,,0.0,2.0,4.0,D01,138Â 299Â 892,1.0
961993,201900003524,11,26,07:45,2,1,1,2.0,4.0,95252,AUTOROUTE A15,M,"48,9774900","2,2328200",95,2019,110.0,1.0,2.0,1.0,2150166,1.0,1,4,1,1.0,,-1.0,0,1992.0,C01,138Â 299Â 891,2.0,6.0,-1.0,1641917,2.0,7,,0.0,2.0,1.0,A01,138Â 299Â 889,1.0
961993,201900003524,11,26,07:45,2,1,1,2.0,4.0,95252,AUTOROUTE A15,M,"48,9774900","2,2328200",95,2019,110.0,1.0,2.0,1.0,2150166,1.0,1,4,1,1.0,,-1.0,0,1992.0,C01,138Â 299Â 891,2.0,6.0,-1.0,1641918,2.0,7,,0.0,2.0,4.0,B01,138Â 299Â 890,1.0
961993,201900003524,11,26,07:45,2,1,1,2.0,4.0,95252,AUTOROUTE A15,M,"48,9774900","2,2328200",95,2019,110.0,1.0,2.0,1.0,2150166,1.0,1,4,1,1.0,,-1.0,0,1992.0,C01,138Â 299Â 891,2.0,6.0,-1.0,1641919,2.0,33,,1.0,0.0,1.0,C01,138Â 299Â 891,1.0
961993,201900003524,11,26,07:45,2,1,1,2.0,4.0,95252,AUTOROUTE A15,M,"48,9774900","2,2328200",95,2019,110.0,1.0,2.0,1.0,2150166,1.0,1,4,1,1.0,,-1.0,0,1992.0,C01,138Â 299Â 891,2.0,6.0,-1.0,1641920,2.0,7,,0.0,2.0,4.0,D01,138Â 299Â 892,1.0
961993,201900003524,11,26,07:45,2,1,1,2.0,4.0,95252,AUTOROUTE A15,M,"48,9774900","2,2328200",95,2019,110.0,1.0,2.0,1.0,2150167,1.0,1,1,1,5.0,,-1.0,0,1956.0,D01,138Â 299Â 892,1.0,4.0,-1.0,1641917,2.0,7,,0.0,2.0,1.0,A01,138Â 299Â 889,1.0
961993,201900003524,11,26,07:45,2,1,1,2.0,4.0,95252,AUTOROUTE A15,M,"48,9774900","2,2328200",95,2019,110.0,1.0,2.0,1.0,2150167,1.0,1,1,1,5.0,,-1.0,0,1956.0,D01,138Â 299Â 892,1.0,4.0,-1.0,1641918,2.0,7,,0.0,2.0,4.0,B01,138Â 299Â 890,1.0
961993,201900003524,11,26,07:45,2,1,1,2.0,4.0,95252,AUTOROUTE A15,M,"48,9774900","2,2328200",95,2019,110.0,1.0,2.0,1.0,2150167,1.0,1,1,1,5.0,,-1.0,0,1956.0,D01,138Â 299Â 892,1.0,4.0,-1.0,1641919,2.0,33,,1.0,0.0,1.0,C01,138Â 299Â 891,1.0
961993,201900003524,11,26,07:45,2,1,1,2.0,4.0,95252,AUTOROUTE A15,M,"48,9774900","2,2328200",95,2019,110.0,1.0,2.0,1.0,2150167,1.0,1,1,1,5.0,,-1.0,0,1956.0,D01,138Â 299Â 892,1.0,4.0,-1.0,1641920,2.0,7,,0.0,2.0,4.0,D01,138Â 299Â 892,1.0
961994,201900003525,11,25,19:15,3,1,1,2.0,5.0,95500,AUTOROUTE A15,M,"49,0376775","2,0901531",95,2019,90.0,1.0,2.0,1.0,2150168,1.0,1,1,1,1.0,,-1.0,0,1989.0,A01,138Â 299Â 886,1.0,4.0,-1.0,1641921,1.0,7,,0.0,2.0,3.0,A01,138Â 299Â 886,1.0
961994,201900003525,11,25,19:15,3,1,1,2.0,5.0,95500,AUTOROUTE A15,M,"49,0376775","2,0901531",95,2019,90.0,1.0,2.0,1.0,2150168,1.0,1,1,1,1.0,,-1.0,0,1989.0,A01,138Â 299Â 886,1.0,4.0,-1.0,1641922,1.0,33,,0.0,2.0,1.0,B01,138Â 299Â 887,1.0
961994,201900003525,11,25,19:15,3,1,1,2.0,5.0,95500,AUTOROUTE A15,M,"49,0376775","2,0901531",95,2019,90.0,1.0,2.0,1.0,2150168,1.0,1,1,1,1.0,,-1.0,0,1989.0,A01,138Â 299Â 886,1.0,4.0,-1.0,1641923,1.0,10,,0.0,2.0,4.0,C01,138Â 299Â 888,1.0
961994,201900003525,11,25,19:15,3,1,1,2.0,5.0,95500,AUTOROUTE A15,M,"49,0376775","2,0901531",95,2019,90.0,1.0,2.0,1.0,2150169,1.0,1,4,1,1.0,,-1.0,0,1972.0,B01,138Â 299Â 887,2.0,6.0,-1.0,1641921,1.0,7,,0.0,2.0,3.0,A01,138Â 299Â 886,1.0
961994,201900003525,11,25,19:15,3,1,1,2.0,5.0,95500,AUTOROUTE A15,M,"49,0376775","2,0901531",95,2019,90.0,1.0,2.0,1.0,2150169,1.0,1,4,1,1.0,,-1.0,0,1972.0,B01,138Â 299Â 887,2.0,6.0,-1.0,1641922,1.0,33,,0.0,2.0,1.0,B01,138Â 299Â 887,1.0
961994,201900003525,11,25,19:15,3,1,1,2.0,5.0,95500,AUTOROUTE A15,M,"49,0376775","2,0901531",95,2019,90.0,1.0,2.0,1.0,2150169,1.0,1,4,1,1.0,,-1.0,0,1972.0,B01,138Â 299Â 887,2.0,6.0,-1.0,1641923,1.0,10,,0.0,2.0,4.0,C01,138Â 299Â 888,1.0
961994,201900003525,11,25,19:15,3,1,1,2.0,5.0,95500,AUTOROUTE A15,M,"49,0376775","2,0901531",95,2019,90.0,1.0,2.0,1.0,2150170,1.0,1,1,1,4.0,,-1.0,0,1992.0,C01,138Â 299Â 888,1.0,4.0,-1.0,1641921,1.0,7,,0.0,2.0,3.0,A01,138Â 299Â 886,1.0
961994,201900003525,11,25,19:15,3,1,1,2.0,5.0,95500,AUTOROUTE A15,M,"49,0376775","2,0901531",95,2019,90.0,1.0,2.0,1.0,2150170,1.0,1,1,1,4.0,,-1.0,0,1992.0,C01,138Â 299Â 888,1.0,4.0,-1.0,1641922,1.0,33,,0.0,2.0,1.0,B01,138Â 299Â 887,1.0
961994,201900003525,11,25,19:15,3,1,1,2.0,5.0,95500,AUTOROUTE A15,M,"49,0376775","2,0901531",95,2019,90.0,1.0,2.0,1.0,2150170,1.0,1,1,1,4.0,,-1.0,0,1992.0,C01,138Â 299Â 888,1.0,4.0,-1.0,1641923,1.0,10,,0.0,2.0,4.0,C01,138Â 299Â 888,1.0
961995,201900003526,11,24,18:40,4,1,1,1.0,5.0,92036,AUTOROUTE A86,M,"48,9387024","2,3081599",92,2019,90.0,1.0,1.0,1.0,2150171,1.0,1,3,1,0.0,,-1.0,0,1994.0,A01,138Â 299Â 883,2.0,6.0,-1.0,1641924,1.0,33,,3.0,2.0,1.0,A01,138Â 299Â 883,1.0
961995,201900003526,11,24,18:40,4,1,1,1.0,5.0,92036,AUTOROUTE A86,M,"48,9387024","2,3081599",92,2019,90.0,1.0,1.0,1.0,2150171,1.0,1,3,1,0.0,,-1.0,0,1994.0,A01,138Â 299Â 883,2.0,6.0,-1.0,1641925,1.0,7,,0.0,2.0,4.0,B01,138Â 299Â 884,1.0
961995,201900003526,11,24,18:40,4,1,1,1.0,5.0,92036,AUTOROUTE A86,M,"48,9387024","2,3081599",92,2019,90.0,1.0,1.0,1.0,2150171,1.0,1,3,1,0.0,,-1.0,0,1994.0,A01,138Â 299Â 883,2.0,6.0,-1.0,1641926,1.0,7,,0.0,2.0,6.0,C01,138Â 299Â 885,1.0
961995,201900003526,11,24,18:40,4,1,1,1.0,5.0,92036,AUTOROUTE A86,M,"48,9387024","2,3081599",92,2019,90.0,1.0,1.0,1.0,2150172,1.0,1,1,1,9.0,,-1.0,0,1990.0,B01,138Â 299Â 884,1.0,8.0,-1.0,1641924,1.0,33,,3.0,2.0,1.0,A01,138Â 299Â 883,1.0
961995,201900003526,11,24,18:40,4,1,1,1.0,5.0,92036,AUTOROUTE A86,M,"48,9387024","2,3081599",92,2019,90.0,1.0,1.0,1.0,2150172,1.0,1,1,1,9.0,,-1.0,0,1990.0,B01,138Â 299Â 884,1.0,8.0,-1.0,1641925,1.0,7,,0.0,2.0,4.0,B01,138Â 299Â 884,1.0