Unnamed: 0_x,num_acc,mois,jour,hrmn,lum,agg,int,atm,col,com,adr,gps,lat,long,dep,annee,vma,situ,surf,catr,Unnamed: 0_y,place,catu,grav,sexe,trajet,secu,locp,actp,an_nais,num_veh_x,id_vehicule_x,secu1,secu2,secu3,Unnamed: 0,senc,catv,occutc,obs,obsm,choc,num_veh_y,id_vehicule_y,motor
961995,201900003526,11,24,18:40,4,1,1,1.0,5.0,92036,AUTOROUTE A86,M,"48,9387024","2,3081599",92,2019,90.0,1.0,1.0,1.0,2150172,1.0,1,1,1,9.0,,-1.0,0,1990.0,B01,138Â 299Â 884,1.0,8.0,-1.0,1641926,1.0,7,,0.0,2.0,6.0,C01,138Â 299Â 885,1.0
961995,201900003526,11,24,18:40,4,1,1,1.0,5.0,92036,AUTOROUTE A86,M,"48,9387024","2,3081599",92,2019,90.0,1.0,1.0,1.0,2150173,1.0,1,1,1,9.0,,-1.0,0,1985.0,C01,138Â 299Â 885,1.0,8.0,-1.0,1641924,1.0,33,,3.0,2.0,1.0,A01,138Â 299Â 883,1.0
961995,201900003526,11,24,18:40,4,1,1,1.0,5.0,92036,AUTOROUTE A86,M,"48,9387024","2,3081599",92,2019,90.0,1.0,1.0,1.0,2150173,1.0,1,1,1,9.0,,-1.0,0,1985.0,C01,138Â 299Â 885,1.0,8.0,-1.0,1641925,1.0,7,,0.0,2.0,4.0,B01,138Â 299Â 884,1.0
961995,201900003526,11,24,18:40,4,1,1,1.0,5.0,92036,AUTOROUTE A86,M,"48,9387024","2,3081599",92,2019,90.0,1.0,1.0,1.0,2150173,1.0,1,1,1,9.0,,-1.0,0,1985.0,C01,138Â 299Â 885,1.0,8.0,-1.0,1641926,1.0,7,,0.0,2.0,6.0,C01,138Â 299Â 885,1.0
961996,201900003527,11,27,14:40,1,1,1,2.0,7.0,94079,A4,M,"48,8354705","2,5397302",94,2019,110.0,1.0,2.0,1.0,2150174,2.0,2,4,2,5.0,,-1.0,0,1993.0,A01,138Â 299Â 882,1.0,0.0,-1.0,1641927,2.0,7,,3.0,0.0,7.0,A01,138Â 299Â 882,1.0
961996,201900003527,11,27,14:40,1,1,1,2.0,7.0,94079,A4,M,"48,8354705","2,5397302",94,2019,110.0,1.0,2.0,1.0,2150175,1.0,1,1,1,5.0,,-1.0,0,1992.0,A01,138Â 299Â 882,1.0,4.0,-1.0,1641927,2.0,7,,3.0,0.0,7.0,A01,138Â 299Â 882,1.0
961997,201900003528,11,27,10:50,1,1,1,2.0,2.0,94018,A4,M,"48,8193784","2,4052843",94,2019,80.0,1.0,2.0,1.0,2150176,1.0,1,1,2,1.0,,-1.0,0,1967.0,A01,138Â 299Â 880,1.0,0.0,-1.0,1641928,1.0,7,,0.0,2.0,1.0,A01,138Â 299Â 880,1.0
961997,201900003528,11,27,10:50,1,1,1,2.0,2.0,94018,A4,M,"48,8193784","2,4052843",94,2019,80.0,1.0,2.0,1.0,2150176,1.0,1,1,2,1.0,,-1.0,0,1967.0,A01,138Â 299Â 880,1.0,0.0,-1.0,1641929,1.0,34,,0.0,2.0,4.0,B01,138Â 299Â 881,1.0
961997,201900003528,11,27,10:50,1,1,1,2.0,2.0,94018,A4,M,"48,8193784","2,4052843",94,2019,80.0,1.0,2.0,1.0,2150177,1.0,1,4,1,9.0,,-1.0, -1,1973.0,B01,138Â 299Â 881,2.0,6.0,-1.0,1641928,1.0,7,,0.0,2.0,1.0,A01,138Â 299Â 880,1.0
961997,201900003528,11,27,10:50,1,1,1,2.0,2.0,94018,A4,M,"48,8193784","2,4052843",94,2019,80.0,1.0,2.0,1.0,2150177,1.0,1,4,1,9.0,,-1.0, -1,1973.0,B01,138Â 299Â 881,2.0,6.0,-1.0,1641929,1.0,34,,0.0,2.0,4.0,B01,138Â 299Â 881,1.0
961998,201900003529,11,14,19:10,5,1,1,1.0,7.0,94028,A86 INT,M,"48,8017265","2,4474144",94,2019,50.0,1.0,2.0,1.0,2150178,1.0,1,4,2,9.0,,-1.0,0,1979.0,A01,138Â 299Â 879,1.0,8.0,-1.0,1641930,1.0,7,,3.0,0.0,1.0,A01,138Â 299Â 879,1.0
961999,201900003530,6,9,20:00,1,2,1,1.0,3.0,69266,8 MAI 1945   (Rue du),M,"45,7760000","4,8920000",69,2019,50.0,1.0,2.0,4.0,2150179,2.0,2,3,2,0.0,,-1.0,0,1999.0,A01,138Â 299Â 877,1.0,0.0,-1.0,1641931,1.0,7,,0.0,2.0,7.0,A01,138Â 299Â 877,1.0
961999,201900003530,6,9,20:00,1,2,1,1.0,3.0,69266,8 MAI 1945   (Rue du),M,"45,7760000","4,8920000",69,2019,50.0,1.0,2.0,4.0,2150179,2.0,2,3,2,0.0,,-1.0,0,1999.0,A01,138Â 299Â 877,1.0,0.0,-1.0,1641932,2.0,7,,1.0,0.0,2.0,B01,138Â 299Â 878,1.0
961999,201900003530,6,9,20:00,1,2,1,1.0,3.0,69266,8 MAI 1945   (Rue du),M,"45,7760000","4,8920000",69,2019,50.0,1.0,2.0,4.0,2150180,1.0,1,1,1,0.0,,-1.0,0,1997.0,A01,138Â 299Â 877,1.0,0.0,-1.0,1641931,1.0,7,,0.0,2.0,7.0,A01,138Â 299Â 877,1.0
961999,201900003530,6,9,20:00,1,2,1,1.0,3.0,69266,8 MAI 1945   (Rue du),M,"45,7760000","4,8920000",69,2019,50.0,1.0,2.0,4.0,2150180,1.0,1,1,1,0.0,,-1.0,0,1997.0,A01,138Â 299Â 877,1.0,0.0,-1.0,1641932,2.0,7,,1.0,0.0,2.0,B01,138Â 299Â 878,1.0
961999,201900003530,6,9,20:00,1,2,1,1.0,3.0,69266,8 MAI 1945   (Rue du),M,"45,7760000","4,8920000",69,2019,50.0,1.0,2.0,4.0,2150181,1.0,1,1,1,0.0,,-1.0,0,1995.0,B01,138Â 299Â 878,1.0,0.0,-1.0,1641931,1.0,7,,0.0,2.0,7.0,A01,138Â 299Â 877,1.0
961999,201900003530,6,9,20:00,1,2,1,1.0,3.0,69266,8 MAI 1945   (Rue du),M,"45,7760000","4,8920000",69,2019,50.0,1.0,2.0,4.0,2150181,1.0,1,1,1,0.0,,-1.0,0,1995.0,B01,138Â 299Â 878,1.0,0.0,-1.0,1641932,2.0,7,,1.0,0.0,2.0,B01,138Â 299Â 878,1.0
962000,201900003531,11,4,07:30,1,2,1,8.0,6.0,45234,RUE STANISLAS JULIEN,M,"47,8985686","1,8979150",45,2019,50.0,1.0,2.0,4.0,2150182,10.0,3,4,2,5.0,,1.0,3,1961.0,A01,138Â 299Â 876,8.0,0.0,-1.0,1641933,0.0,7,,0.0,1.0,7.0,A01,138Â 299Â 876,1.0
962000,201900003531,11,4,07:30,1,2,1,8.0,6.0,45234,RUE STANISLAS JULIEN,M,"47,8985686","1,8979150",45,2019,50.0,1.0,2.0,4.0,2150183,1.0,1,1,1,1.0,,0.0,0,1974.0,A01,138Â 299Â 876,8.0,0.0,-1.0,1641933,0.0,7,,0.0,1.0,7.0,A01,138Â 299Â 876,1.0
962001,201900003532,11,3,13:15,1,2,1,2.0,3.0,45234,QUAI DU ROI,M,"47,8994809","1,9241183",45,2019,50.0,1.0,2.0,4.0,2150184,1.0,1,4,1,5.0,,0.0,0,1997.0,B01,138Â 299Â 874,2.0,6.0,-1.0,1641934,1.0,33,,0.0,2.0,1.0,B01,138Â 299Â 874,1.0
962001,201900003532,11,3,13:15,1,2,1,2.0,3.0,45234,QUAI DU ROI,M,"47,8994809","1,9241183",45,2019,50.0,1.0,2.0,4.0,2150184,1.0,1,4,1,5.0,,0.0,0,1997.0,B01,138Â 299Â 874,2.0,6.0,-1.0,1641935,1.0,7,,0.0,2.0,8.0,A01,138Â 299Â 875,1.0
962001,201900003532,11,3,13:15,1,2,1,2.0,3.0,45234,QUAI DU ROI,M,"47,8994809","1,9241183",45,2019,50.0,1.0,2.0,4.0,2150185,1.0,1,1,1,5.0,,0.0,0,1993.0,A01,138Â 299Â 875,1.0,0.0,-1.0,1641934,1.0,33,,0.0,2.0,1.0,B01,138Â 299Â 874,1.0
962001,201900003532,11,3,13:15,1,2,1,2.0,3.0,45234,QUAI DU ROI,M,"47,8994809","1,9241183",45,2019,50.0,1.0,2.0,4.0,2150185,1.0,1,1,1,5.0,,0.0,0,1993.0,A01,138Â 299Â 875,1.0,0.0,-1.0,1641935,1.0,7,,0.0,2.0,8.0,A01,138Â 299Â 875,1.0
962002,201900003533,11,4,13:35,1,2,9,1.0,3.0,34172,BECQUEREL (RUE HENRI),M,"43,6181500","3,9135300",34,2019,50.0,1.0,1.0,4.0,2150186,1.0,1,1,1,5.0,,0.0,0,1985.0,B01,138Â 299Â 872,1.0,8.0,-1.0,1641936,1.0,7,,0.0,6.0,3.0,B01,138Â 299Â 872,1.0
962002,201900003533,11,4,13:35,1,2,9,1.0,3.0,34172,BECQUEREL (RUE HENRI),M,"43,6181500","3,9135300",34,2019,50.0,1.0,1.0,4.0,2150186,1.0,1,1,1,5.0,,0.0,0,1985.0,B01,138Â 299Â 872,1.0,8.0,-1.0,1641937,3.0,80,,0.0,2.0,8.0,A01,138Â 299Â 873,3.0
962002,201900003533,11,4,13:35,1,2,9,1.0,3.0,34172,BECQUEREL (RUE HENRI),M,"43,6181500","3,9135300",34,2019,50.0,1.0,1.0,4.0,2150187,1.0,1,4,1,5.0,,0.0,0,1976.0,A01,138Â 299Â 873,2.0,8.0,-1.0,1641936,1.0,7,,0.0,6.0,3.0,B01,138Â 299Â 872,1.0
962002,201900003533,11,4,13:35,1,2,9,1.0,3.0,34172,BECQUEREL (RUE HENRI),M,"43,6181500","3,9135300",34,2019,50.0,1.0,1.0,4.0,2150187,1.0,1,4,1,5.0,,0.0,0,1976.0,A01,138Â 299Â 873,2.0,8.0,-1.0,1641937,3.0,80,,0.0,2.0,8.0,A01,138Â 299Â 873,3.0
962003,201900003534,7,26,18:25,1,2,9,9.0,6.0,02408,CORNETTE (RUE),M,"49,5764700","3,6336600",2,2019,50.0,1.0,1.0,4.0,2150188,10.0,3,4,2,5.0,,5.0,1,1996.0,A01,138Â 299Â 871,8.0,0.0,-1.0,1641938,1.0,7,,0.0,1.0,7.0,A01,138Â 299Â 871,1.0
962003,201900003534,7,26,18:25,1,2,9,9.0,6.0,02408,CORNETTE (RUE),M,"49,5764700","3,6336600",2,2019,50.0,1.0,1.0,4.0,2150189,1.0,1,1,2,9.0,,0.0,0,1957.0,A01,138Â 299Â 871,8.0,0.0,-1.0,1641938,1.0,7,,0.0,1.0,7.0,A01,138Â 299Â 871,1.0
962004,201900003535,11,5,06:50,1,2,3,1.0,2.0,98818,RUE AUGUSTE BENEBIG/EDOUARD MERCIER,M," -22,2706500","166,4532900",988,2019,50.0,1.0,1.0,4.0,2150190,1.0,1,4,2,2.0,,0.0,0,2002.0,A01,138Â 299Â 869,1.0,8.0,-1.0,1641939,2.0,3,,0.0,2.0,1.0,A01,138Â 299Â 869,1.0
962004,201900003535,11,5,06:50,1,2,3,1.0,2.0,98818,RUE AUGUSTE BENEBIG/EDOUARD MERCIER,M," -22,2706500","166,4532900",988,2019,50.0,1.0,1.0,4.0,2150190,1.0,1,4,2,2.0,,0.0,0,2002.0,A01,138Â 299Â 869,1.0,8.0,-1.0,1641940,2.0,7,,0.0,2.0,4.0,B01,138Â 299Â 870,1.0
962004,201900003535,11,5,06:50,1,2,3,1.0,2.0,98818,RUE AUGUSTE BENEBIG/EDOUARD MERCIER,M," -22,2706500","166,4532900",988,2019,50.0,1.0,1.0,4.0,2150191,1.0,1,1,1,1.0,,0.0,0,1998.0,B01,138Â 299Â 870,1.0,8.0,-1.0,1641939,2.0,3,,0.0,2.0,1.0,A01,138Â 299Â 869,1.0
962004,201900003535,11,5,06:50,1,2,3,1.0,2.0,98818,RUE AUGUSTE BENEBIG/EDOUARD MERCIER,M," -22,2706500","166,4532900",988,2019,50.0,1.0,1.0,4.0,2150191,1.0,1,1,1,1.0,,0.0,0,1998.0,B01,138Â 299Â 870,1.0,8.0,-1.0,1641940,2.0,7,,0.0,2.0,4.0,B01,138Â 299Â 870,1.0
962005,201900003536,11,3,18:00,1,2,9,1.0,5.0,98735,CHESSE ( RUE),M," -17,5332100"," -149,5589900",987,2019,50.0,1.0,1.0,4.0,2150192,1.0,1,1,1,0.0,,-1.0, -1,1956.0,A01,138Â 299Â 866,1.0,0.0,-1.0,1641941,1.0,3,,0.0,2.0,5.0,A01,138Â 299Â 866,1.0
962005,201900003536,11,3,18:00,1,2,9,1.0,5.0,98735,CHESSE ( RUE),M," -17,5332100"," -149,5589900",987,2019,50.0,1.0,1.0,4.0,2150192,1.0,1,1,1,0.0,,-1.0, -1,1956.0,A01,138Â 299Â 866,1.0,0.0,-1.0,1641942,1.0,31,,0.0,2.0,5.0,B01,138Â 299Â 867,1.0
962005,201900003536,11,3,18:00,1,2,9,1.0,5.0,98735,CHESSE ( RUE),M," -17,5332100"," -149,5589900",987,2019,50.0,1.0,1.0,4.0,2150192,1.0,1,1,1,0.0,,-1.0, -1,1956.0,A01,138Â 299Â 866,1.0,0.0,-1.0,1641943,1.0,3,,0.0,2.0,0.0,C01,138Â 299Â 868,1.0
962005,201900003536,11,3,18:00,1,2,9,1.0,5.0,98735,CHESSE ( RUE),M," -17,5332100"," -149,5589900",987,2019,50.0,1.0,1.0,4.0,2150193,1.0,1,3,1,9.0,,-1.0, -1,1986.0,B01,138Â 299Â 867,2.0,8.0,-1.0,1641941,1.0,3,,0.0,2.0,5.0,A01,138Â 299Â 866,1.0
962005,201900003536,11,3,18:00,1,2,9,1.0,5.0,98735,CHESSE ( RUE),M," -17,5332100"," -149,5589900",987,2019,50.0,1.0,1.0,4.0,2150193,1.0,1,3,1,9.0,,-1.0, -1,1986.0,B01,138Â 299Â 867,2.0,8.0,-1.0,1641942,1.0,31,,0.0,2.0,5.0,B01,138Â 299Â 867,1.0
962005,201900003536,11,3,18:00,1,2,9,1.0,5.0,98735,CHESSE ( RUE),M," -17,5332100"," -149,5589900",987,2019,50.0,1.0,1.0,4.0,2150193,1.0,1,3,1,9.0,,-1.0, -1,1986.0,B01,138Â 299Â 867,2.0,8.0,-1.0,1641943,1.0,3,,0.0,2.0,0.0,C01,138Â 299Â 868,1.0
962005,201900003536,11,3,18:00,1,2,9,1.0,5.0,98735,CHESSE ( RUE),M," -17,5332100"," -149,5589900",987,2019,50.0,1.0,1.0,4.0,2150194,1.0,1,1,1,0.0,,-1.0, -1,1995.0,C01,138Â 299Â 868,1.0,8.0,-1.0,1641941,1.0,3,,0.0,2.0,5.0,A01,138Â 299Â 866,1.0
962005,201900003536,11,3,18:00,1,2,9,1.0,5.0,98735,CHESSE ( RUE),M," -17,5332100"," -149,5589900",987,2019,50.0,1.0,1.0,4.0,2150194,1.0,1,1,1,0.0,,-1.0, -1,1995.0,C01,138Â 299Â 868,1.0,8.0,-1.0,1641942,1.0,31,,0.0,2.0,5.0,B01,138Â 299Â 867,1.0
962005,201900003536,11,3,18:00,1,2,9,1.0,5.0,98735,CHESSE ( RUE),M," -17,5332100"," -149,5589900",987,2019,50.0,1.0,1.0,4.0,2150194,1.0,1,1,1,0.0,,-1.0, -1,1995.0,C01,138Â 299Â 868,1.0,8.0,-1.0,1641943,1.0,3,,0.0,2.0,0.0,C01,138Â 299Â 868,1.0
962006,201900003537,11,4,15:00,1,2,1,1.0,6.0,97409,Salazie (route de),M," -21,0015300","55,5979900",974,2019,70.0,1.0,1.0,3.0,2150195,2.0,2,4,1,0.0,,-1.0,0,1994.0,A01,138Â 299Â 865,1.0,0.0,-1.0,1641944,1.0,7,,0.0,9.0,1.0,A01,138Â 299Â 865,1.0
962006,201900003537,11,4,15:00,1,2,1,1.0,6.0,97409,Salazie (route de),M," -21,0015300","55,5979900",974,2019,70.0,1.0,1.0,3.0,2150196,1.0,1,4,1,0.0,,-1.0,0,1985.0,A01,138Â 299Â 865,1.0,0.0,-1.0,1641944,1.0,7,,0.0,9.0,1.0,A01,138Â 299Â 865,1.0
962007,201900003538,10,31,21:25,5,2,9,1.0,3.0,97302,TECLE (EUGENE) CITE THEMIRE,M,"4,9342717"," -52,3208749",973,2019,50.0,1.0,1.0,9.0,2150197,1.0,1,1,1,9.0,,-1.0,0,1989.0,A01,138Â 299Â 863,1.0,8.0,-1.0,1641945,0.0,7,,0.0,2.0,2.0,A01,138Â 299Â 863,6.0
962007,201900003538,10,31,21:25,5,2,9,1.0,3.0,97302,TECLE (EUGENE) CITE THEMIRE,M,"4,9342717"," -52,3208749",973,2019,50.0,1.0,1.0,9.0,2150197,1.0,1,1,1,9.0,,-1.0,0,1989.0,A01,138Â 299Â 863,1.0,8.0,-1.0,1641946,0.0,30,,0.0,2.0,8.0,B01,138Â 299Â 864,6.0
962007,201900003538,10,31,21:25,5,2,9,1.0,3.0,97302,TECLE (EUGENE) CITE THEMIRE,M,"4,9342717"," -52,3208749",973,2019,50.0,1.0,1.0,9.0,2150198,1.0,1,4,2,9.0,,-1.0,0,1989.0,B01,138Â 299Â 864,2.0,8.0,-1.0,1641945,0.0,7,,0.0,2.0,2.0,A01,138Â 299Â 863,6.0
962007,201900003538,10,31,21:25,5,2,9,1.0,3.0,97302,TECLE (EUGENE) CITE THEMIRE,M,"4,9342717"," -52,3208749",973,2019,50.0,1.0,1.0,9.0,2150198,1.0,1,4,2,9.0,,-1.0,0,1989.0,B01,138Â 299Â 864,2.0,8.0,-1.0,1641946,0.0,30,,0.0,2.0,8.0,B01,138Â 299Â 864,6.0
962008,201900003539,11,4,13:30,1,2,9,1.0,6.0,69259,JULES GUESDE                        (AV),M,"45,7157300","4,8879800",69,2019,30.0,-1.0,1.0,9.0,2150199,10.0,3,4,1,0.0,,9.0,3,1943.0,A01,138Â 299Â 862,0.0,-1.0,-1.0,1641947,0.0,10,,0.0,1.0,4.0,A01,138Â 299Â 862,1.0
962008,201900003539,11,4,13:30,1,2,9,1.0,6.0,69259,JULES GUESDE                        (AV),M,"45,7157300","4,8879800",69,2019,30.0,-1.0,1.0,9.0,2150200,1.0,1,1,2,0.0,,-1.0, -1,1991.0,A01,138Â 299Â 862,1.0,0.0,-1.0,1641947,0.0,10,,0.0,1.0,4.0,A01,138Â 299Â 862,1.0
962009,201900003540,11,4,11:15,1,2,1,2.0,6.0,69386,WALDECK ROUSSEAU                    (R ),M,"45,7728000","4,8581900",69,2019,50.0,1.0,2.0,4.0,2150201,1.0,1,4,1,9.0,,-1.0, -1,1966.0,A01,138Â 299Â 861,2.0,0.0,-1.0,1641948,2.0,30,,0.0,0.0,8.0,A01,138Â 299Â 861,1.0
962010,201900003541,11,4,00:15,5,2,2,1.0,3.0,69383,LACASSAGNE                          (AV),M,"45,7484000","4,8797000",69,2019,50.0,1.0,2.0,7.0,2150202,1.0,1,1,1,5.0,,-1.0, -1,1982.0,B01,138Â 299Â 859,8.0,0.0,-1.0,1641949,1.0,7,,0.0,2.0,8.0,B01,138Â 299Â 859,1.0
962010,201900003541,11,4,00:15,5,2,2,1.0,3.0,69383,LACASSAGNE                          (AV),M,"45,7484000","4,8797000",69,2019,50.0,1.0,2.0,7.0,2150202,1.0,1,1,1,5.0,,-1.0, -1,1982.0,B01,138Â 299Â 859,8.0,0.0,-1.0,1641950,1.0,30,,0.0,2.0,0.0,A01,138Â 299Â 860,1.0
962010,201900003541,11,4,00:15,5,2,2,1.0,3.0,69383,LACASSAGNE                          (AV),M,"45,7484000","4,8797000",69,2019,50.0,1.0,2.0,7.0,2150203,2.0,1,4,1,0.0,,-1.0, -1,1994.0,A01,138Â 299Â 860,2.0,0.0,-1.0,1641949,1.0,7,,0.0,2.0,8.0,B01,138Â 299Â 859,1.0
962010,201900003541,11,4,00:15,5,2,2,1.0,3.0,69383,LACASSAGNE                          (AV),M,"45,7484000","4,8797000",69,2019,50.0,1.0,2.0,7.0,2150203,2.0,1,4,1,0.0,,-1.0, -1,1994.0,A01,138Â 299Â 860,2.0,0.0,-1.0,1641950,1.0,30,,0.0,2.0,0.0,A01,138Â 299Â 860,1.0
962011,201900003542,11,4,14:10,1,2,6,8.0,3.0,69286,ROUTE DE STRASBOURG D 483           (RO),M,"45,8228000","4,9020300",69,2019,50.0,1.0,2.0,3.0,2150204,1.0,1,4,1,4.0,,-1.0, -1,1980.0,B01,138Â 299Â 857,8.0,0.0,-1.0,1641951,1.0,7,,0.0,2.0,5.0,B01,138Â 299Â 857,1.0
962011,201900003542,11,4,14:10,1,2,6,8.0,3.0,69286,ROUTE DE STRASBOURG D 483           (RO),M,"45,8228000","4,9020300",69,2019,50.0,1.0,2.0,3.0,2150204,1.0,1,4,1,4.0,,-1.0, -1,1980.0,B01,138Â 299Â 857,8.0,0.0,-1.0,1641952,3.0,13,,0.0,2.0,5.0,A01,138Â 299Â 858,1.0
962011,201900003542,11,4,14:10,1,2,6,8.0,3.0,69286,ROUTE DE STRASBOURG D 483           (RO),M,"45,8228000","4,9020300",69,2019,50.0,1.0,2.0,3.0,2150205,2.0,2,4,1,4.0,,-1.0, -1,1975.0,B01,138Â 299Â 857,8.0,0.0,-1.0,1641951,1.0,7,,0.0,2.0,5.0,B01,138Â 299Â 857,1.0
962011,201900003542,11,4,14:10,1,2,6,8.0,3.0,69286,ROUTE DE STRASBOURG D 483           (RO),M,"45,8228000","4,9020300",69,2019,50.0,1.0,2.0,3.0,2150205,2.0,2,4,1,4.0,,-1.0, -1,1975.0,B01,138Â 299Â 857,8.0,0.0,-1.0,1641952,3.0,13,,0.0,2.0,5.0,A01,138Â 299Â 858,1.0
962011,201900003542,11,4,14:10,1,2,6,8.0,3.0,69286,ROUTE DE STRASBOURG D 483           (RO),M,"45,8228000","4,9020300",69,2019,50.0,1.0,2.0,3.0,2150206,1.0,1,1,1,4.0,,-1.0, -1,1965.0,A01,138Â 299Â 858,1.0,0.0,-1.0,1641951,1.0,7,,0.0,2.0,5.0,B01,138Â 299Â 857,1.0
962011,201900003542,11,4,14:10,1,2,6,8.0,3.0,69286,ROUTE DE STRASBOURG D 483           (RO),M,"45,8228000","4,9020300",69,2019,50.0,1.0,2.0,3.0,2150206,1.0,1,1,1,4.0,,-1.0, -1,1965.0,A01,138Â 299Â 858,1.0,0.0,-1.0,1641952,3.0,13,,0.0,2.0,5.0,A01,138Â 299Â 858,1.0
962012,201900003543,11,4,08:15,1,1,1,1.0,2.0,91692,OCEANIE (AVENUE DE L'),M,"48,6812800","2,2035500",91,2019,70.0,1.0,2.0,3.0,2150207,1.0,1,4,1,1.0,,0.0,0,1987.0,B01,138Â 299Â 855,1.0,0.0,-1.0,1641953,1.0,7,,1.0,0.0,2.0,B01,138Â 299Â 855,1.0
962012,201900003543,11,4,08:15,1,1,1,1.0,2.0,91692,OCEANIE (AVENUE DE L'),M,"48,6812800","2,2035500",91,2019,70.0,1.0,2.0,3.0,2150207,1.0,1,4,1,1.0,,0.0,0,1987.0,B01,138Â 299Â 855,1.0,0.0,-1.0,1641954,1.0,7,,0.0,2.0,6.0,A01,138Â 299Â 856,3.0
962012,201900003543,11,4,08:15,1,1,1,1.0,2.0,91692,OCEANIE (AVENUE DE L'),M,"48,6812800","2,2035500",91,2019,70.0,1.0,2.0,3.0,2150208,1.0,1,1,1,1.0,,0.0,0,1975.0,A01,138Â 299Â 856,8.0,0.0,-1.0,1641953,1.0,7,,1.0,0.0,2.0,B01,138Â 299Â 855,1.0
962012,201900003543,11,4,08:15,1,1,1,1.0,2.0,91692,OCEANIE (AVENUE DE L'),M,"48,6812800","2,2035500",91,2019,70.0,1.0,2.0,3.0,2150208,1.0,1,1,1,1.0,,0.0,0,1975.0,A01,138Â 299Â 856,8.0,0.0,-1.0,1641954,1.0,7,,0.0,2.0,6.0,A01,138Â 299Â 856,3.0
962013,201900003544,11,3,18:30,5,1,6,2.0,2.0,91479,AVERNAISES (VOIE DES),M,"48,7437900","2,3633900",91,2019,50.0,1.0,2.0,2.0,2150209,1.0,1,4,2,0.0,,-1.0, -1,1986.0,A01,138Â 299Â 852,1.0,0.0,-1.0,1641955,2.0,7,,0.0,2.0,1.0,A01,138Â 299Â 852,1.0
962013,201900003544,11,3,18:30,5,1,6,2.0,2.0,91479,AVERNAISES (VOIE DES),M,"48,7437900","2,3633900",91,2019,50.0,1.0,2.0,2.0,2150209,1.0,1,4,2,0.0,,-1.0, -1,1986.0,A01,138Â 299Â 852,1.0,0.0,-1.0,1641956,2.0,7,,0.0,2.0,6.0,B01,138Â 299Â 853,1.0
962013,201900003544,11,3,18:30,5,1,6,2.0,2.0,91479,AVERNAISES (VOIE DES),M,"48,7437900","2,3633900",91,2019,50.0,1.0,2.0,2.0,2150210,1.0,1,1,2,0.0,,-1.0, -1,1993.0,B01,138Â 299Â 853,1.0,0.0,-1.0,1641955,2.0,7,,0.0,2.0,1.0,A01,138Â 299Â 852,1.0
962013,201900003544,11,3,18:30,5,1,6,2.0,2.0,91479,AVERNAISES (VOIE DES),M,"48,7437900","2,3633900",91,2019,50.0,1.0,2.0,2.0,2150210,1.0,1,1,2,0.0,,-1.0, -1,1993.0,B01,138Â 299Â 853,1.0,0.0,-1.0,1641956,2.0,7,,0.0,2.0,6.0,B01,138Â 299Â 853,1.0
962013,201900003544,11,3,18:30,5,1,6,2.0,2.0,91479,AVERNAISES (VOIE DES),M,"48,7437900","2,3633900",91,2019,50.0,1.0,2.0,2.0,2150211,2.0,2,1,1,0.0,,-1.0, -1,1989.0,B01,138Â 299Â 853,1.0,0.0,-1.0,1641955,2.0,7,,0.0,2.0,1.0,A01,138Â 299Â 852,1.0
962013,201900003544,11,3,18:30,5,1,6,2.0,2.0,91479,AVERNAISES (VOIE DES),M,"48,7437900","2,3633900",91,2019,50.0,1.0,2.0,2.0,2150211,2.0,2,1,1,0.0,,-1.0, -1,1989.0,B01,138Â 299Â 853,1.0,0.0,-1.0,1641956,2.0,7,,0.0,2.0,6.0,B01,138Â 299Â 853,1.0
962014,201900003545,10,30,21:30,5,2,3,1.0,2.0,91339,RN 20,M,"48,6350000","2,2660000",91,2019,50.0,1.0,1.0,2.0,2150212,4.0,2,4,2,0.0,,0.0,0,2015.0,B01,138Â 299Â 850,1.0,0.0,-1.0,1641957,3.0,7,,0.0,2.0,4.0,B01,138Â 299Â 850,0.0
962014,201900003545,10,30,21:30,5,2,3,1.0,2.0,91339,RN 20,M,"48,6350000","2,2660000",91,2019,50.0,1.0,1.0,2.0,2150212,4.0,2,4,2,0.0,,0.0,0,2015.0,B01,138Â 299Â 850,1.0,0.0,-1.0,1641958,3.0,37,1.0,0.0,2.0,1.0,A01,138Â 299Â 851,0.0
962014,201900003545,10,30,21:30,5,2,3,1.0,2.0,91339,RN 20,M,"48,6350000","2,2660000",91,2019,50.0,1.0,1.0,2.0,2150213,3.0,2,4,1,0.0,,0.0,0,2012.0,B01,138Â 299Â 850,1.0,0.0,-1.0,1641957,3.0,7,,0.0,2.0,4.0,B01,138Â 299Â 850,0.0
962014,201900003545,10,30,21:30,5,2,3,1.0,2.0,91339,RN 20,M,"48,6350000","2,2660000",91,2019,50.0,1.0,1.0,2.0,2150213,3.0,2,4,1,0.0,,0.0,0,2012.0,B01,138Â 299Â 850,1.0,0.0,-1.0,1641958,3.0,37,1.0,0.0,2.0,1.0,A01,138Â 299Â 851,0.0