Unnamed: 0_x,num_acc,mois,jour,hrmn,lum,agg,int,atm,col,com,adr,gps,lat,long,dep,annee,vma,situ,surf,catr,Unnamed: 0_y,place,catu,grav,sexe,trajet,secu,locp,actp,an_nais,num_veh_x,id_vehicule_x,secu1,secu2,secu3,Unnamed: 0,senc,catv,occutc,obs,obsm,choc,num_veh_y,id_vehicule_y,motor
962014,201900003545,10,30,21:30,5,2,3,1.0,2.0,91339,RN 20,M,"48,6350000","2,2660000",91,2019,50.0,1.0,1.0,2.0,2150214,2.0,2,4,2,0.0,,0.0,0,1988.0,B01,138Â 299Â 850,1.0,8.0,-1.0,1641957,3.0,7,,0.0,2.0,4.0,B01,138Â 299Â 850,0.0
962014,201900003545,10,30,21:30,5,2,3,1.0,2.0,91339,RN 20,M,"48,6350000","2,2660000",91,2019,50.0,1.0,1.0,2.0,2150214,2.0,2,4,2,0.0,,0.0,0,1988.0,B01,138Â 299Â 850,1.0,8.0,-1.0,1641958,3.0,37,1.0,0.0,2.0,1.0,A01,138Â 299Â 851,0.0
962014,201900003545,10,30,21:30,5,2,3,1.0,2.0,91339,RN 20,M,"48,6350000","2,2660000",91,2019,50.0,1.0,1.0,2.0,2150215,1.0,1,1,1,0.0,,0.0,0,1986.0,B01,138Â 299Â 850,1.0,8.0,-1.0,1641957,3.0,7,,0.0,2.0,4.0,B01,138Â 299Â 850,0.0
962014,201900003545,10,30,21:30,5,2,3,1.0,2.0,91339,RN 20,M,"48,6350000","2,2660000",91,2019,50.0,1.0,1.0,2.0,2150215,1.0,1,1,1,0.0,,0.0,0,1986.0,B01,138Â 299Â 850,1.0,8.0,-1.0,1641958,3.0,37,1.0,0.0,2.0,1.0,A01,138Â 299Â 851,0.0
962014,201900003545,10,30,21:30,5,2,3,1.0,2.0,91339,RN 20,M,"48,6350000","2,2660000",91,2019,50.0,1.0,1.0,2.0,2150216,1.0,1,1,1,4.0,,0.0,0,1966.0,A01,138Â 299Â 851,8.0,8.0,-1.0,1641957,3.0,7,,0.0,2.0,4.0,B01,138Â 299Â 850,0.0
962014,201900003545,10,30,21:30,5,2,3,1.0,2.0,91339,RN 20,M,"48,6350000","2,2660000",91,2019,50.0,1.0,1.0,2.0,2150216,1.0,1,1,1,4.0,,0.0,0,1966.0,A01,138Â 299Â 851,8.0,8.0,-1.0,1641958,3.0,37,1.0,0.0,2.0,1.0,A01,138Â 299Â 851,0.0
962015,201900003546,11,2,13:15,1,2,1,1.0,3.0,80021,QUATORZE JUILLET 1789 (AVENUE DU),M,"49,8756100","2,2817800",80,2019,50.0,1.0,1.0,4.0,2150217,1.0,1,1,2,5.0,,-1.0, -1,1993.0,A01,138Â 299Â 848,1.0,0.0,-1.0,1641959,0.0,7,,0.0,2.0,2.0,A01,138Â 299Â 848,1.0
962015,201900003546,11,2,13:15,1,2,1,1.0,3.0,80021,QUATORZE JUILLET 1789 (AVENUE DU),M,"49,8756100","2,2817800",80,2019,50.0,1.0,1.0,4.0,2150217,1.0,1,1,2,5.0,,-1.0, -1,1993.0,A01,138Â 299Â 848,1.0,0.0,-1.0,1641960,0.0,7,,0.0,2.0,1.0,B01,138Â 299Â 849,1.0
962015,201900003546,11,2,13:15,1,2,1,1.0,3.0,80021,QUATORZE JUILLET 1789 (AVENUE DU),M,"49,8756100","2,2817800",80,2019,50.0,1.0,1.0,4.0,2150218,4.0,2,4,2,5.0,,-1.0, -1,2011.0,B01,138Â 299Â 849,3.0,0.0,-1.0,1641959,0.0,7,,0.0,2.0,2.0,A01,138Â 299Â 848,1.0
962015,201900003546,11,2,13:15,1,2,1,1.0,3.0,80021,QUATORZE JUILLET 1789 (AVENUE DU),M,"49,8756100","2,2817800",80,2019,50.0,1.0,1.0,4.0,2150218,4.0,2,4,2,5.0,,-1.0, -1,2011.0,B01,138Â 299Â 849,3.0,0.0,-1.0,1641960,0.0,7,,0.0,2.0,1.0,B01,138Â 299Â 849,1.0
962015,201900003546,11,2,13:15,1,2,1,1.0,3.0,80021,QUATORZE JUILLET 1789 (AVENUE DU),M,"49,8756100","2,2817800",80,2019,50.0,1.0,1.0,4.0,2150219,3.0,2,4,2,5.0,,-1.0, -1,2007.0,B01,138Â 299Â 849,1.0,0.0,-1.0,1641959,0.0,7,,0.0,2.0,2.0,A01,138Â 299Â 848,1.0
962015,201900003546,11,2,13:15,1,2,1,1.0,3.0,80021,QUATORZE JUILLET 1789 (AVENUE DU),M,"49,8756100","2,2817800",80,2019,50.0,1.0,1.0,4.0,2150219,3.0,2,4,2,5.0,,-1.0, -1,2007.0,B01,138Â 299Â 849,1.0,0.0,-1.0,1641960,0.0,7,,0.0,2.0,1.0,B01,138Â 299Â 849,1.0
962015,201900003546,11,2,13:15,1,2,1,1.0,3.0,80021,QUATORZE JUILLET 1789 (AVENUE DU),M,"49,8756100","2,2817800",80,2019,50.0,1.0,1.0,4.0,2150220,2.0,2,4,2,5.0,,-1.0, -1,1987.0,B01,138Â 299Â 849,1.0,0.0,-1.0,1641959,0.0,7,,0.0,2.0,2.0,A01,138Â 299Â 848,1.0
962015,201900003546,11,2,13:15,1,2,1,1.0,3.0,80021,QUATORZE JUILLET 1789 (AVENUE DU),M,"49,8756100","2,2817800",80,2019,50.0,1.0,1.0,4.0,2150220,2.0,2,4,2,5.0,,-1.0, -1,1987.0,B01,138Â 299Â 849,1.0,0.0,-1.0,1641960,0.0,7,,0.0,2.0,1.0,B01,138Â 299Â 849,1.0
962015,201900003546,11,2,13:15,1,2,1,1.0,3.0,80021,QUATORZE JUILLET 1789 (AVENUE DU),M,"49,8756100","2,2817800",80,2019,50.0,1.0,1.0,4.0,2150221,1.0,1,1,1,5.0,,-1.0, -1,1983.0,B01,138Â 299Â 849,1.0,0.0,-1.0,1641959,0.0,7,,0.0,2.0,2.0,A01,138Â 299Â 848,1.0
962015,201900003546,11,2,13:15,1,2,1,1.0,3.0,80021,QUATORZE JUILLET 1789 (AVENUE DU),M,"49,8756100","2,2817800",80,2019,50.0,1.0,1.0,4.0,2150221,1.0,1,1,1,5.0,,-1.0, -1,1983.0,B01,138Â 299Â 849,1.0,0.0,-1.0,1641960,0.0,7,,0.0,2.0,1.0,B01,138Â 299Â 849,1.0
962016,201900003547,10,31,18:58,5,2,1,1.0,3.0,80021,CHATEAUDUN (BOULEVARD DE),M,"49,8848600","2,2811900",80,2019,50.0,1.0,1.0,4.0,2150222,1.0,1,1,1,5.0,,-1.0, -1,1995.0,B01,138Â 299Â 846,1.0,0.0,-1.0,1641961,0.0,7,,0.0,2.0,7.0,B01,138Â 299Â 846,0.0
962016,201900003547,10,31,18:58,5,2,1,1.0,3.0,80021,CHATEAUDUN (BOULEVARD DE),M,"49,8848600","2,2811900",80,2019,50.0,1.0,1.0,4.0,2150222,1.0,1,1,1,5.0,,-1.0, -1,1995.0,B01,138Â 299Â 846,1.0,0.0,-1.0,1641962,0.0,2,,0.0,2.0,1.0,A01,138Â 299Â 847,1.0
962016,201900003547,10,31,18:58,5,2,1,1.0,3.0,80021,CHATEAUDUN (BOULEVARD DE),M,"49,8848600","2,2811900",80,2019,50.0,1.0,1.0,4.0,2150223,1.0,1,4,1,5.0,,-1.0, -1,1995.0,A01,138Â 299Â 847,2.0,0.0,-1.0,1641961,0.0,7,,0.0,2.0,7.0,B01,138Â 299Â 846,0.0
962016,201900003547,10,31,18:58,5,2,1,1.0,3.0,80021,CHATEAUDUN (BOULEVARD DE),M,"49,8848600","2,2811900",80,2019,50.0,1.0,1.0,4.0,2150223,1.0,1,4,1,5.0,,-1.0, -1,1995.0,A01,138Â 299Â 847,2.0,0.0,-1.0,1641962,0.0,2,,0.0,2.0,1.0,A01,138Â 299Â 847,1.0
962017,201900003548,11,3,21:55,5,2,1,2.0,7.0,76351,COLBERT (QUAI),M,"49,4919400","0,1282100",76,2019,50.0,1.0,2.0,4.0,2150224,1.0,1,4,1,0.0,,-1.0, -1,1964.0,A01,138Â 299Â 845,2.0,8.0,-1.0,1641963,0.0,33,,0.0,0.0,8.0,A01,138Â 299Â 845,1.0
962018,201900003549,11,4,16:36,2,2,5,8.0,3.0,69256,POUDRETTE (DE LA)                   (CH),M,"45,7646300","4,9191100",69,2019,50.0,1.0,1.0,4.0,2150225,1.0,1,3,1,0.0,,-1.0, -1,1969.0,B01,138Â 299Â 843,2.0,6.0,-1.0,1641964,2.0,32,,0.0,2.0,1.0,B01,138Â 299Â 843,1.0
962018,201900003549,11,4,16:36,2,2,5,8.0,3.0,69256,POUDRETTE (DE LA)                   (CH),M,"45,7646300","4,9191100",69,2019,50.0,1.0,1.0,4.0,2150225,1.0,1,3,1,0.0,,-1.0, -1,1969.0,B01,138Â 299Â 843,2.0,6.0,-1.0,1641965,1.0,3,,0.0,2.0,3.0,A01,138Â 299Â 844,1.0
962018,201900003549,11,4,16:36,2,2,5,8.0,3.0,69256,POUDRETTE (DE LA)                   (CH),M,"45,7646300","4,9191100",69,2019,50.0,1.0,1.0,4.0,2150226,1.0,1,4,2,0.0,,-1.0, -1,1989.0,A01,138Â 299Â 844,1.0,0.0,-1.0,1641964,2.0,32,,0.0,2.0,1.0,B01,138Â 299Â 843,1.0
962018,201900003549,11,4,16:36,2,2,5,8.0,3.0,69256,POUDRETTE (DE LA)                   (CH),M,"45,7646300","4,9191100",69,2019,50.0,1.0,1.0,4.0,2150226,1.0,1,4,2,0.0,,-1.0, -1,1989.0,A01,138Â 299Â 844,1.0,0.0,-1.0,1641965,1.0,3,,0.0,2.0,3.0,A01,138Â 299Â 844,1.0
962019,201900003550,9,14,12:15,1,2,6,1.0,3.0,69290,PORTE DES ALPES (DE LA) - BD URBAIN (BD),M,"45,7199800","4,9324400",69,2019,50.0,1.0,1.0,4.0,2150227,1.0,1,1,1,0.0,,-1.0, -1,1977.0,A01,138Â 299Â 841,1.0,0.0,-1.0,1641966,3.0,7,,0.0,2.0,1.0,A01,138Â 299Â 841,1.0
962019,201900003550,9,14,12:15,1,2,6,1.0,3.0,69290,PORTE DES ALPES (DE LA) - BD URBAIN (BD),M,"45,7199800","4,9324400",69,2019,50.0,1.0,1.0,4.0,2150227,1.0,1,1,1,0.0,,-1.0, -1,1977.0,A01,138Â 299Â 841,1.0,0.0,-1.0,1641967,3.0,1,,0.0,2.0,7.0,B01,138Â 299Â 842,5.0
962019,201900003550,9,14,12:15,1,2,6,1.0,3.0,69290,PORTE DES ALPES (DE LA) - BD URBAIN (BD),M,"45,7199800","4,9324400",69,2019,50.0,1.0,1.0,4.0,2150228,1.0,1,4,2,0.0,,-1.0, -1,1959.0,B01,138Â 299Â 842,8.0,0.0,-1.0,1641966,3.0,7,,0.0,2.0,1.0,A01,138Â 299Â 841,1.0
962019,201900003550,9,14,12:15,1,2,6,1.0,3.0,69290,PORTE DES ALPES (DE LA) - BD URBAIN (BD),M,"45,7199800","4,9324400",69,2019,50.0,1.0,1.0,4.0,2150228,1.0,1,4,2,0.0,,-1.0, -1,1959.0,B01,138Â 299Â 842,8.0,0.0,-1.0,1641967,3.0,1,,0.0,2.0,7.0,B01,138Â 299Â 842,5.0
962020,201900003551,11,3,18:16,5,2,1,8.0,6.0,67447,RONSARD (RUE),M,"48,6113072","7,7358854",67,2019,30.0,1.0,1.0,4.0,2150229,1.0,1,1,2,0.0,,-1.0,0,1997.0,A01,138Â 299Â 840,1.0,8.0,-1.0,1641968,1.0,7,,1.0,2.0,2.0,A01,138Â 299Â 840,1.0
962020,201900003551,11,3,18:16,5,2,1,8.0,6.0,67447,RONSARD (RUE),M,"48,6113072","7,7358854",67,2019,30.0,1.0,1.0,4.0,2150230,10.0,3,3,1,5.0,,1.0,3,1980.0,A01,138Â 299Â 840,0.0,-1.0,-1.0,1641968,1.0,7,,1.0,2.0,2.0,A01,138Â 299Â 840,1.0
962021,201900003552,10,31,15:25,1,2,1,8.0,3.0,67482,ALPES (QUAI DES),M,"48,5745500","7,7666700",67,2019,50.0,1.0,1.0,4.0,2150231,1.0,1,1,1,0.0,,-1.0,0,1984.0,B01,138Â 299Â 838,2.0,6.0,-1.0,1641969,2.0,33,,0.0,2.0,7.0,B01,138Â 299Â 838,1.0
962021,201900003552,10,31,15:25,1,2,1,8.0,3.0,67482,ALPES (QUAI DES),M,"48,5745500","7,7666700",67,2019,50.0,1.0,1.0,4.0,2150231,1.0,1,1,1,0.0,,-1.0,0,1984.0,B01,138Â 299Â 838,2.0,6.0,-1.0,1641970,1.0,1,,0.0,2.0,6.0,A01,138Â 299Â 839,5.0
962021,201900003552,10,31,15:25,1,2,1,8.0,3.0,67482,ALPES (QUAI DES),M,"48,5745500","7,7666700",67,2019,50.0,1.0,1.0,4.0,2150232,1.0,1,4,1,0.0,,-1.0,0,1938.0,A01,138Â 299Â 839,8.0,0.0,-1.0,1641969,2.0,33,,0.0,2.0,7.0,B01,138Â 299Â 838,1.0
962021,201900003552,10,31,15:25,1,2,1,8.0,3.0,67482,ALPES (QUAI DES),M,"48,5745500","7,7666700",67,2019,50.0,1.0,1.0,4.0,2150232,1.0,1,4,1,0.0,,-1.0,0,1938.0,A01,138Â 299Â 839,8.0,0.0,-1.0,1641970,1.0,1,,0.0,2.0,6.0,A01,138Â 299Â 839,5.0
962022,201900003553,11,1,17:38,2,2,1,1.0,2.0,66136,DÃ©partementale 914,M,"42,6643400","2,9066200",66,2019,70.0,1.0,1.0,4.0,2150233,1.0,1,1,1,0.0,,-1.0,0,1967.0,B01,138Â 299Â 836,1.0,0.0,-1.0,1641971,1.0,7,,0.0,2.0,4.0,B01,138Â 299Â 836,1.0
962022,201900003553,11,1,17:38,2,2,1,1.0,2.0,66136,DÃ©partementale 914,M,"42,6643400","2,9066200",66,2019,70.0,1.0,1.0,4.0,2150233,1.0,1,1,1,0.0,,-1.0,0,1967.0,B01,138Â 299Â 836,1.0,0.0,-1.0,1641972,1.0,7,,0.0,2.0,1.0,A01,138Â 299Â 837,1.0
962022,201900003553,11,1,17:38,2,2,1,1.0,2.0,66136,DÃ©partementale 914,M,"42,6643400","2,9066200",66,2019,70.0,1.0,1.0,4.0,2150234,1.0,1,4,2,0.0,,-1.0,0,2000.0,A01,138Â 299Â 837,1.0,0.0,-1.0,1641971,1.0,7,,0.0,2.0,4.0,B01,138Â 299Â 836,1.0
962022,201900003553,11,1,17:38,2,2,1,1.0,2.0,66136,DÃ©partementale 914,M,"42,6643400","2,9066200",66,2019,70.0,1.0,1.0,4.0,2150234,1.0,1,4,2,0.0,,-1.0,0,2000.0,A01,138Â 299Â 837,1.0,0.0,-1.0,1641972,1.0,7,,0.0,2.0,1.0,A01,138Â 299Â 837,1.0
962023,201900003554,10,31,17:30,2,2,2,1.0,3.0,61001,REPUBLIQUE (BOULEVARD DE LA),M,"48,4247800","0,0910800",61,2019,50.0,1.0,1.0,3.0,2150235,1.0,1,3,2,0.0,,0.0,0,1994.0,B01,138Â 299Â 834,1.0,5.0,-1.0,1641973,2.0,7,,0.0,2.0,8.0,B01,138Â 299Â 834,1.0
962023,201900003554,10,31,17:30,2,2,2,1.0,3.0,61001,REPUBLIQUE (BOULEVARD DE LA),M,"48,4247800","0,0910800",61,2019,50.0,1.0,1.0,3.0,2150235,1.0,1,3,2,0.0,,0.0,0,1994.0,B01,138Â 299Â 834,1.0,5.0,-1.0,1641974,1.0,7,,0.0,2.0,3.0,A01,138Â 299Â 835,1.0
962023,201900003554,10,31,17:30,2,2,2,1.0,3.0,61001,REPUBLIQUE (BOULEVARD DE LA),M,"48,4247800","0,0910800",61,2019,50.0,1.0,1.0,3.0,2150236,1.0,1,1,2,9.0,,0.0,0,1957.0,A01,138Â 299Â 835,1.0,0.0,-1.0,1641973,2.0,7,,0.0,2.0,8.0,B01,138Â 299Â 834,1.0
962023,201900003554,10,31,17:30,2,2,2,1.0,3.0,61001,REPUBLIQUE (BOULEVARD DE LA),M,"48,4247800","0,0910800",61,2019,50.0,1.0,1.0,3.0,2150236,1.0,1,1,2,9.0,,0.0,0,1957.0,A01,138Â 299Â 835,1.0,0.0,-1.0,1641974,1.0,7,,0.0,2.0,3.0,A01,138Â 299Â 835,1.0
962024,201900003555,10,29,09:10,1,2,1,2.0,3.0,61001,FILLES NOTRE DAME (RUE DES),M,"48,4307400","0,0849000",61,2019,30.0,1.0,2.0,4.0,2150237,1.0,1,4,2,0.0,,0.0,0,1964.0,B01,138Â 299Â 832,1.0,0.0,-1.0,1641975,3.0,7,,1.0,2.0,1.0,B01,138Â 299Â 832,1.0
962024,201900003555,10,29,09:10,1,2,1,2.0,3.0,61001,FILLES NOTRE DAME (RUE DES),M,"48,4307400","0,0849000",61,2019,30.0,1.0,2.0,4.0,2150237,1.0,1,4,2,0.0,,0.0,0,1964.0,B01,138Â 299Â 832,1.0,0.0,-1.0,1641976,0.0,10,,1.0,2.0,3.0,A01,138Â 299Â 833,1.0
962024,201900003555,10,29,09:10,1,2,1,2.0,3.0,61001,FILLES NOTRE DAME (RUE DES),M,"48,4307400","0,0849000",61,2019,30.0,1.0,2.0,4.0,2150238,1.0,1,1,1,4.0,,0.0,0,1989.0,A01,138Â 299Â 833,1.0,0.0,-1.0,1641975,3.0,7,,1.0,2.0,1.0,B01,138Â 299Â 832,1.0
962024,201900003555,10,29,09:10,1,2,1,2.0,3.0,61001,FILLES NOTRE DAME (RUE DES),M,"48,4307400","0,0849000",61,2019,30.0,1.0,2.0,4.0,2150238,1.0,1,1,1,4.0,,0.0,0,1989.0,A01,138Â 299Â 833,1.0,0.0,-1.0,1641976,0.0,10,,1.0,2.0,3.0,A01,138Â 299Â 833,1.0
962025,201900003556,11,4,18:00,2,2,1,1.0,6.0,60057,MADELEINE (RUE DE LA),M,"49,4289000","2,0854200",60,2019,30.0,1.0,1.0,4.0,2150239,1.0,1,1,1,0.0,,-1.0, -1,1959.0,A01,138Â 299Â 831,0.0,-1.0,-1.0,1641977,3.0,7,,0.0,1.0,0.0,A01,138Â 299Â 831,-1.0
962025,201900003556,11,4,18:00,2,2,1,1.0,6.0,60057,MADELEINE (RUE DE LA),M,"49,4289000","2,0854200",60,2019,30.0,1.0,1.0,4.0,2150240,10.0,3,4,2,0.0,,2.0,3,1936.0,A01,138Â 299Â 831,0.0,-1.0,-1.0,1641977,3.0,7,,0.0,1.0,0.0,A01,138Â 299Â 831,-1.0
962026,201900003557,11,2,18:20,5,2,1,1.0,7.0,51454,AVENUE D'EPERNAY,M,"49,2295000","4,0143000",51,2019,50.0,1.0,1.0,4.0,2150241,10.0,3,3,1,0.0,,3.0,3,1962.0,Z01,138Â 299Â 830,8.0,0.0,-1.0,1641978,1.0,0,,0.0,1.0,1.0,Z01,138Â 299Â 830,0.0
962027,201900003558,11,3,01:14,4,2,1,2.0,2.0,49007,VOLNEY,M,"47,4632700"," -0,5450500",49,2019,60.0,1.0,2.0,4.0,2150242,1.0,1,3,1,0.0,,-1.0,0,2000.0,A01,138Â 299Â 828,1.0,8.0,-1.0,1641979,1.0,7,,0.0,2.0,1.0,A01,138Â 299Â 828,1.0
962027,201900003558,11,3,01:14,4,2,1,2.0,2.0,49007,VOLNEY,M,"47,4632700"," -0,5450500",49,2019,60.0,1.0,2.0,4.0,2150242,1.0,1,3,1,0.0,,-1.0,0,2000.0,A01,138Â 299Â 828,1.0,8.0,-1.0,1641980,1.0,7,,0.0,2.0,4.0,B01,138Â 299Â 829,1.0
962027,201900003558,11,3,01:14,4,2,1,2.0,2.0,49007,VOLNEY,M,"47,4632700"," -0,5450500",49,2019,60.0,1.0,2.0,4.0,2150243,1.0,1,4,2,0.0,,-1.0,0,1989.0,B01,138Â 299Â 829,1.0,8.0,-1.0,1641979,1.0,7,,0.0,2.0,1.0,A01,138Â 299Â 828,1.0
962027,201900003558,11,3,01:14,4,2,1,2.0,2.0,49007,VOLNEY,M,"47,4632700"," -0,5450500",49,2019,60.0,1.0,2.0,4.0,2150243,1.0,1,4,2,0.0,,-1.0,0,1989.0,B01,138Â 299Â 829,1.0,8.0,-1.0,1641980,1.0,7,,0.0,2.0,4.0,B01,138Â 299Â 829,1.0
962028,201900003559,11,2,19:30,3,2,1,2.0,6.0,49246,BEL AIR ALLEE,M,"47,4375700"," -0,5127500",49,2019,60.0,1.0,2.0,4.0,2150244,2.0,2,4,2,0.0,,-1.0,0,2002.0,A01,138Â 299Â 827,2.0,8.0,-1.0,1641981,1.0,2,,0.0,2.0,1.0,A01,138Â 299Â 827,1.0
962028,201900003559,11,2,19:30,3,2,1,2.0,6.0,49246,BEL AIR ALLEE,M,"47,4375700"," -0,5127500",49,2019,60.0,1.0,2.0,4.0,2150245,1.0,1,3,1,0.0,,-1.0,0,2002.0,A01,138Â 299Â 827,2.0,8.0,-1.0,1641981,1.0,2,,0.0,2.0,1.0,A01,138Â 299Â 827,1.0
962029,201900003560,10,31,09:00,1,2,1,9.0,6.0,49007,PREFECTURE,M,"47,4661900"," -0,5549500",49,2019,60.0,1.0,2.0,4.0,2150246,10.0,3,4,2,0.0,,9.0,B,1964.0,A01,138Â 299Â 826,8.0,0.0,-1.0,1641982,1.0,7,,0.0,1.0,0.0,A01,138Â 299Â 826,1.0
962029,201900003560,10,31,09:00,1,2,1,9.0,6.0,49007,PREFECTURE,M,"47,4661900"," -0,5549500",49,2019,60.0,1.0,2.0,4.0,2150247,1.0,1,1,1,0.0,,-1.0, -1,1966.0,A01,138Â 299Â 826,1.0,8.0,-1.0,1641982,1.0,7,,0.0,1.0,0.0,A01,138Â 299Â 826,1.0
962030,201900003561,11,3,12:14,1,1,1,2.0,6.0,45302,TANGENTIELLE D520G PR0+780,M,"47,9390300","1,8884200",45,2019,90.0,1.0,2.0,3.0,2150248,1.0,1,4,2,1.0,,0.0,0,1995.0,A01,138Â 299Â 825,1.0,0.0,-1.0,1641983,2.0,7,,3.0,0.0,2.0,A01,138Â 299Â 825,0.0
962031,201900003562,11,4,17:10,1,2,1,1.0,6.0,41018,LATHAM (RUE) NÂ° PAIRS DU 4 AU 48 INCLUS,M,"47,5974000","1,3139200",41,2019,50.0,1.0,1.0,4.0,2150249,10.0,3,3,2,5.0,,2.0,4,2005.0,A01,138Â 299Â 824,0.0,-1.0,-1.0,1641984,1.0,7,,0.0,1.0,0.0,A01,138Â 299Â 824,1.0
962031,201900003562,11,4,17:10,1,2,1,1.0,6.0,41018,LATHAM (RUE) NÂ° PAIRS DU 4 AU 48 INCLUS,M,"47,5974000","1,3139200",41,2019,50.0,1.0,1.0,4.0,2150250,1.0,1,1,1,5.0,,-1.0, -1,1996.0,A01,138Â 299Â 824,1.0,0.0,-1.0,1641984,1.0,7,,0.0,1.0,0.0,A01,138Â 299Â 824,1.0
962032,201900003563,11,4,17:35,3,2,1,2.0,6.0,37122,RD 37,M,"47,3673600","0,6540700",37,2019,90.0,1.0,2.0,4.0,2150251,1.0,1,4,2,5.0,,-1.0, -1,1998.0,A01,138Â 299Â 823,1.0,8.0,-1.0,1641985,1.0,7,,3.0,0.0,1.0,A01,138Â 299Â 823,1.0
962033,201900003564,11,4,10:30,1,2,2,1.0,6.0,35238,PATTON (AVENUE DU GENERAL SIR GEORGES),M,"48,1286250"," -1,6641360",35,2019,30.0,-1.0,1.0,4.0,2150252,1.0,1,2,2,0.0,,-1.0, -1,1997.0,B01,138Â 299Â 821,8.0,0.0,-1.0,1641986,3.0,1,,0.0,0.0,0.0,B01,138Â 299Â 821,5.0
962033,201900003564,11,4,10:30,1,2,2,1.0,6.0,35238,PATTON (AVENUE DU GENERAL SIR GEORGES),M,"48,1286250"," -1,6641360",35,2019,30.0,-1.0,1.0,4.0,2150252,1.0,1,2,2,0.0,,-1.0, -1,1997.0,B01,138Â 299Â 821,8.0,0.0,-1.0,1641987,3.0,17,,0.0,2.0,7.0,A01,138Â 299Â 822,1.0
962033,201900003564,11,4,10:30,1,2,2,1.0,6.0,35238,PATTON (AVENUE DU GENERAL SIR GEORGES),M,"48,1286250"," -1,6641360",35,2019,30.0,-1.0,1.0,4.0,2150253,1.0,1,1,1,4.0,,-1.0, -1,1960.0,A01,138Â 299Â 822,1.0,8.0,-1.0,1641986,3.0,1,,0.0,0.0,0.0,B01,138Â 299Â 821,5.0
962033,201900003564,11,4,10:30,1,2,2,1.0,6.0,35238,PATTON (AVENUE DU GENERAL SIR GEORGES),M,"48,1286250"," -1,6641360",35,2019,30.0,-1.0,1.0,4.0,2150253,1.0,1,1,1,4.0,,-1.0, -1,1960.0,A01,138Â 299Â 822,1.0,8.0,-1.0,1641987,3.0,17,,0.0,2.0,7.0,A01,138Â 299Â 822,1.0
962034,201900003565,11,4,09:25,1,1,1,1.0,1.0,35238,VEZIN (ROUTE DE),M,"48,1162300"," -1,7210700",35,2019,50.0,1.0,1.0,3.0,2150254,1.0,1,4,2,1.0,,-1.0,0,1975.0,B01,138Â 299Â 819,1.0,0.0,-1.0,1641988,1.0,7,,0.0,2.0,1.0,B01,138Â 299Â 819,1.0
962034,201900003565,11,4,09:25,1,1,1,1.0,1.0,35238,VEZIN (ROUTE DE),M,"48,1162300"," -1,7210700",35,2019,50.0,1.0,1.0,3.0,2150254,1.0,1,4,2,1.0,,-1.0,0,1975.0,B01,138Â 299Â 819,1.0,0.0,-1.0,1641989,2.0,7,,0.0,2.0,1.0,A01,138Â 299Â 820,1.0
962034,201900003565,11,4,09:25,1,1,1,1.0,1.0,35238,VEZIN (ROUTE DE),M,"48,1162300"," -1,7210700",35,2019,50.0,1.0,1.0,3.0,2150255,1.0,1,4,1,1.0,,-1.0,0,1992.0,A01,138Â 299Â 820,1.0,0.0,-1.0,1641988,1.0,7,,0.0,2.0,1.0,B01,138Â 299Â 819,1.0
962034,201900003565,11,4,09:25,1,1,1,1.0,1.0,35238,VEZIN (ROUTE DE),M,"48,1162300"," -1,7210700",35,2019,50.0,1.0,1.0,3.0,2150255,1.0,1,4,1,1.0,,-1.0,0,1992.0,A01,138Â 299Â 820,1.0,0.0,-1.0,1641989,2.0,7,,0.0,2.0,1.0,A01,138Â 299Â 820,1.0
962035,201900003566,11,4,08:50,1,2,1,1.0,3.0,31557,MARQUISAT (AV DU),M,"43,5704900","1,3360000",31,2019,50.0,1.0,2.0,3.0,2150256,1.0,1,4,1,9.0,,-1.0, -1,1986.0,A01,138Â 299Â 817,2.0,8.0,-1.0,1641990,1.0,33,,0.0,2.0,7.0,A01,138Â 299Â 817,1.0
962035,201900003566,11,4,08:50,1,2,1,1.0,3.0,31557,MARQUISAT (AV DU),M,"43,5704900","1,3360000",31,2019,50.0,1.0,2.0,3.0,2150256,1.0,1,4,1,9.0,,-1.0, -1,1986.0,A01,138Â 299Â 817,2.0,8.0,-1.0,1641991,1.0,7,,0.0,2.0,3.0,B01,138Â 299Â 818,1.0
962035,201900003566,11,4,08:50,1,2,1,1.0,3.0,31557,MARQUISAT (AV DU),M,"43,5704900","1,3360000",31,2019,50.0,1.0,2.0,3.0,2150257,1.0,1,1,2,9.0,,-1.0, -1,1973.0,B01,138Â 299Â 818,1.0,8.0,-1.0,1641990,1.0,33,,0.0,2.0,7.0,A01,138Â 299Â 817,1.0
962035,201900003566,11,4,08:50,1,2,1,1.0,3.0,31557,MARQUISAT (AV DU),M,"43,5704900","1,3360000",31,2019,50.0,1.0,2.0,3.0,2150257,1.0,1,1,2,9.0,,-1.0, -1,1973.0,B01,138Â 299Â 818,1.0,8.0,-1.0,1641991,1.0,7,,0.0,2.0,3.0,B01,138Â 299Â 818,1.0
962036,201900003567,11,4,09:35,1,2,1,1.0,6.0,30243,GAULLE (AVENUE DU GAL DE),M,"44,0771500","4,0849100",30,2019,50.0,1.0,1.0,4.0,2150258,1.0,1,1,2,0.0,,-1.0, -1,1963.0,A01,138Â 299Â 816,1.0,8.0,-1.0,1641992,0.0,7,,0.0,1.0,1.0,A01,138Â 299Â 816,1.0