Unnamed: 0_x,num_acc,mois,jour,hrmn,lum,agg,int,atm,col,com,adr,gps,lat,long,dep,annee,vma,situ,surf,catr,Unnamed: 0_y,place,catu,grav,sexe,trajet,secu,locp,actp,an_nais,num_veh_x,id_vehicule_x,secu1,secu2,secu3,Unnamed: 0,senc,catv,occutc,obs,obsm,choc,num_veh_y,id_vehicule_y,motor
962036,201900003567,11,4,09:35,1,2,1,1.0,6.0,30243,GAULLE (AVENUE DU GAL DE),M,"44,0771500","4,0849100",30,2019,50.0,1.0,1.0,4.0,2150259,10.0,3,3,1,5.0,,3.0,3,1943.0,A01,138Â 299Â 816,0.0,-1.0,-1.0,1641992,0.0,7,,0.0,1.0,1.0,A01,138Â 299Â 816,1.0
962037,201900003568,10,16,13:30,1,2,6,3.0,2.0,22278,PARIS (DE),M,"48,5038800"," -2,7406400",22,2019,50.0,1.0,2.0,4.0,2150260,1.0,1,3,1,1.0,,0.0,0,1974.0,A01,138Â 299Â 813,2.0,8.0,-1.0,1641993,0.0,30,,0.0,2.0,1.0,A01,138Â 299Â 813,1.0
962037,201900003568,10,16,13:30,1,2,6,3.0,2.0,22278,PARIS (DE),M,"48,5038800"," -2,7406400",22,2019,50.0,1.0,2.0,4.0,2150260,1.0,1,3,1,1.0,,0.0,0,1974.0,A01,138Â 299Â 813,2.0,8.0,-1.0,1641994,0.0,7,,0.0,2.0,4.0,B01,138Â 299Â 814,1.0
962037,201900003568,10,16,13:30,1,2,6,3.0,2.0,22278,PARIS (DE),M,"48,5038800"," -2,7406400",22,2019,50.0,1.0,2.0,4.0,2150261,1.0,1,1,2,1.0,,0.0,0,1996.0,B01,138Â 299Â 814,1.0,8.0,-1.0,1641993,0.0,30,,0.0,2.0,1.0,A01,138Â 299Â 813,1.0
962037,201900003568,10,16,13:30,1,2,6,3.0,2.0,22278,PARIS (DE),M,"48,5038800"," -2,7406400",22,2019,50.0,1.0,2.0,4.0,2150261,1.0,1,1,2,1.0,,0.0,0,1996.0,B01,138Â 299Â 814,1.0,8.0,-1.0,1641994,0.0,7,,0.0,2.0,4.0,B01,138Â 299Â 814,1.0
962038,201900003569,11,1,16:15,1,2,1,2.0,3.0,19031,TURGOT (AVENUE),M,"45,1661000","1,5256100",19,2019,50.0,1.0,2.0,4.0,2150262,2.0,2,1,2,3.0,,-1.0, -1,1994.0,B01,138Â 299Â 811,1.0,0.0,-1.0,1641995,1.0,7,,0.0,2.0,8.0,B01,138Â 299Â 811,1.0
962038,201900003569,11,1,16:15,1,2,1,2.0,3.0,19031,TURGOT (AVENUE),M,"45,1661000","1,5256100",19,2019,50.0,1.0,2.0,4.0,2150262,2.0,2,1,2,3.0,,-1.0, -1,1994.0,B01,138Â 299Â 811,1.0,0.0,-1.0,1641996,1.0,7,,0.0,2.0,1.0,A01,138Â 299Â 812,1.0
962038,201900003569,11,1,16:15,1,2,1,2.0,3.0,19031,TURGOT (AVENUE),M,"45,1661000","1,5256100",19,2019,50.0,1.0,2.0,4.0,2150263,1.0,1,1,1,4.0,,-1.0, -1,1994.0,B01,138Â 299Â 811,1.0,0.0,-1.0,1641995,1.0,7,,0.0,2.0,8.0,B01,138Â 299Â 811,1.0
962038,201900003569,11,1,16:15,1,2,1,2.0,3.0,19031,TURGOT (AVENUE),M,"45,1661000","1,5256100",19,2019,50.0,1.0,2.0,4.0,2150263,1.0,1,1,1,4.0,,-1.0, -1,1994.0,B01,138Â 299Â 811,1.0,0.0,-1.0,1641996,1.0,7,,0.0,2.0,1.0,A01,138Â 299Â 812,1.0
962038,201900003569,11,1,16:15,1,2,1,2.0,3.0,19031,TURGOT (AVENUE),M,"45,1661000","1,5256100",19,2019,50.0,1.0,2.0,4.0,2150264,1.0,1,1,1,3.0,,-1.0, -1,1991.0,A01,138Â 299Â 812,1.0,0.0,-1.0,1641995,1.0,7,,0.0,2.0,8.0,B01,138Â 299Â 811,1.0
962038,201900003569,11,1,16:15,1,2,1,2.0,3.0,19031,TURGOT (AVENUE),M,"45,1661000","1,5256100",19,2019,50.0,1.0,2.0,4.0,2150264,1.0,1,1,1,3.0,,-1.0, -1,1991.0,A01,138Â 299Â 812,1.0,0.0,-1.0,1641996,1.0,7,,0.0,2.0,1.0,A01,138Â 299Â 812,1.0
962038,201900003569,11,1,16:15,1,2,1,2.0,3.0,19031,TURGOT (AVENUE),M,"45,1661000","1,5256100",19,2019,50.0,1.0,2.0,4.0,2150265,2.0,2,4,2,0.0,,-1.0, -1,1996.0,A01,138Â 299Â 812,1.0,0.0,-1.0,1641995,1.0,7,,0.0,2.0,8.0,B01,138Â 299Â 811,1.0
962038,201900003569,11,1,16:15,1,2,1,2.0,3.0,19031,TURGOT (AVENUE),M,"45,1661000","1,5256100",19,2019,50.0,1.0,2.0,4.0,2150265,2.0,2,4,2,0.0,,-1.0, -1,1996.0,A01,138Â 299Â 812,1.0,0.0,-1.0,1641996,1.0,7,,0.0,2.0,1.0,A01,138Â 299Â 812,1.0
962039,201900003570,10,31,15:30,1,2,1,1.0,6.0,16015,Av des MARECHAUX,M,"45,6475500","0,1543300",16,2019,50.0,1.0,1.0,4.0,2150266,10.0,3,3,2,5.0,,2.0,3,1951.0,A01,138Â 299Â 810,0.0,-1.0,-1.0,1641997,2.0,7,,0.0,1.0,1.0,A01,138Â 299Â 810,1.0
962039,201900003570,10,31,15:30,1,2,1,1.0,6.0,16015,Av des MARECHAUX,M,"45,6475500","0,1543300",16,2019,50.0,1.0,1.0,4.0,2150267,1.0,1,1,1,3.0,,-1.0, -1,1957.0,A01,138Â 299Â 810,1.0,0.0,-1.0,1641997,2.0,7,,0.0,1.0,1.0,A01,138Â 299Â 810,1.0
962040,201900003571,11,4,13:47,1,2,7,7.0,6.0,14715,FERNAND MOUREAUX (PLACE),M,"49,3614200","0,0865900",14,2019,50.0,1.0,1.0,4.0,2150268,10.0,3,3,2,5.0,,5.0,9,1940.0,A01,138Â 299Â 807,0.0,-1.0,-1.0,1641998,1.0,7,,0.0,1.0,5.0,A01,138Â 299Â 807,1.0
962040,201900003571,11,4,13:47,1,2,7,7.0,6.0,14715,FERNAND MOUREAUX (PLACE),M,"49,3614200","0,0865900",14,2019,50.0,1.0,1.0,4.0,2150269,1.0,1,1,1,4.0,,-1.0, -1,1980.0,A01,138Â 299Â 807,8.0,0.0,-1.0,1641998,1.0,7,,0.0,1.0,5.0,A01,138Â 299Â 807,1.0
962041,201900003572,11,4,18:30,5,2,1,1.0,6.0,13213,SAINT JEROME (AVENUE DE),M,"43,3287500","5,4189800",13,2019,50.0,1.0,1.0,4.0,2150270,1.0,1,1,2,1.0,,0.0,0,1900.0,A01,138Â 299Â 806,1.0,0.0,-1.0,1641999,1.0,7,,0.0,1.0,1.0,A01,138Â 299Â 806,1.0
962041,201900003572,11,4,18:30,5,2,1,1.0,6.0,13213,SAINT JEROME (AVENUE DE),M,"43,3287500","5,4189800",13,2019,50.0,1.0,1.0,4.0,2150271,10.0,3,4,1,5.0,,3.0,3,2010.0,A01,138Â 299Â 806,8.0,0.0,-1.0,1641999,1.0,7,,0.0,1.0,1.0,A01,138Â 299Â 806,1.0
962042,201900003573,11,4,14:50,1,2,1,1.0,1.0,13204,JEANNE JUGAN (RUE),M,"43,3097500","5,3986600",13,2019,50.0,1.0,1.0,4.0,2150272,1.0,1,1,2,0.0,,-1.0, -1,1999.0,B01,138Â 299Â 804,1.0,0.0,-1.0,1642000,1.0,7,,0.0,2.0,3.0,B01,138Â 299Â 804,1.0
962042,201900003573,11,4,14:50,1,2,1,1.0,1.0,13204,JEANNE JUGAN (RUE),M,"43,3097500","5,3986600",13,2019,50.0,1.0,1.0,4.0,2150272,1.0,1,1,2,0.0,,-1.0, -1,1999.0,B01,138Â 299Â 804,1.0,0.0,-1.0,1642001,2.0,34,,0.0,2.0,1.0,A01,138Â 299Â 805,1.0
962042,201900003573,11,4,14:50,1,2,1,1.0,1.0,13204,JEANNE JUGAN (RUE),M,"43,3097500","5,3986600",13,2019,50.0,1.0,1.0,4.0,2150273,1.0,1,4,1,0.0,,-1.0, -1,1974.0,A01,138Â 299Â 805,2.0,0.0,-1.0,1642000,1.0,7,,0.0,2.0,3.0,B01,138Â 299Â 804,1.0
962042,201900003573,11,4,14:50,1,2,1,1.0,1.0,13204,JEANNE JUGAN (RUE),M,"43,3097500","5,3986600",13,2019,50.0,1.0,1.0,4.0,2150273,1.0,1,4,1,0.0,,-1.0, -1,1974.0,A01,138Â 299Â 805,2.0,0.0,-1.0,1642001,2.0,34,,0.0,2.0,1.0,A01,138Â 299Â 805,1.0
962043,201900003574,11,4,12:30,1,2,3,1.0,3.0,13213,MARCEL DELPRAT (AVENUE),M,"43,3348940","5,4533413",13,2019,50.0,1.0,1.0,4.0,2150274,7.0,2,4,1,0.0,,-1.0,0,1980.0,A01,138Â 299Â 803,8.0,0.0,-1.0,1642002,3.0,7,,0.0,2.0,2.0,Z01,138Â 299Â 802,0.0
962043,201900003574,11,4,12:30,1,2,3,1.0,3.0,13213,MARCEL DELPRAT (AVENUE),M,"43,3348940","5,4533413",13,2019,50.0,1.0,1.0,4.0,2150274,7.0,2,4,1,0.0,,-1.0,0,1980.0,A01,138Â 299Â 803,8.0,0.0,-1.0,1642003,3.0,37,2.0,0.0,2.0,3.0,A01,138Â 299Â 803,1.0
962043,201900003574,11,4,12:30,1,2,3,1.0,3.0,13213,MARCEL DELPRAT (AVENUE),M,"43,3348940","5,4533413",13,2019,50.0,1.0,1.0,4.0,2150275,1.0,1,1,2,4.0,,-1.0,0,1992.0,A01,138Â 299Â 803,1.0,0.0,-1.0,1642002,3.0,7,,0.0,2.0,2.0,Z01,138Â 299Â 802,0.0
962043,201900003574,11,4,12:30,1,2,3,1.0,3.0,13213,MARCEL DELPRAT (AVENUE),M,"43,3348940","5,4533413",13,2019,50.0,1.0,1.0,4.0,2150275,1.0,1,1,2,4.0,,-1.0,0,1992.0,A01,138Â 299Â 803,1.0,0.0,-1.0,1642003,3.0,37,2.0,0.0,2.0,3.0,A01,138Â 299Â 803,1.0
962044,201900003575,11,4,08:30,1,2,9,1.0,1.0,06088,MONTREAL (BD DE),M,"43,6848980","7,2233200",6,2019,50.0,1.0,1.0,7.0,2150276,1.0,1,1,2,5.0,,0.0,0,1953.0,B01,138Â 299Â 800,1.0,8.0,-1.0,1642004,1.0,7,,0.0,2.0,1.0,B01,138Â 299Â 800,1.0
962044,201900003575,11,4,08:30,1,2,9,1.0,1.0,06088,MONTREAL (BD DE),M,"43,6848980","7,2233200",6,2019,50.0,1.0,1.0,7.0,2150276,1.0,1,1,2,5.0,,0.0,0,1953.0,B01,138Â 299Â 800,1.0,8.0,-1.0,1642005,2.0,33,,0.0,2.0,1.0,A01,138Â 299Â 801,1.0
962044,201900003575,11,4,08:30,1,2,9,1.0,1.0,06088,MONTREAL (BD DE),M,"43,6848980","7,2233200",6,2019,50.0,1.0,1.0,7.0,2150277,1.0,1,4,1,0.0,,0.0,0,1995.0,A01,138Â 299Â 801,2.0,6.0,-1.0,1642004,1.0,7,,0.0,2.0,1.0,B01,138Â 299Â 800,1.0
962044,201900003575,11,4,08:30,1,2,9,1.0,1.0,06088,MONTREAL (BD DE),M,"43,6848980","7,2233200",6,2019,50.0,1.0,1.0,7.0,2150277,1.0,1,4,1,0.0,,0.0,0,1995.0,A01,138Â 299Â 801,2.0,6.0,-1.0,1642005,2.0,33,,0.0,2.0,1.0,A01,138Â 299Â 801,1.0
962045,201900003576,11,4,11:40,1,2,1,1.0,1.0,06069,MARIGARDE (ROUTE DE LA),M,"43,6541060","6,9302590",6,2019,50.0,1.0,1.0,3.0,2150278,1.0,1,1,2,4.0,,0.0,0,1968.0,A01,138Â 299Â 798,1.0,8.0,-1.0,1642006,2.0,37,1.0,0.0,2.0,3.0,A01,138Â 299Â 798,1.0
962045,201900003576,11,4,11:40,1,2,1,1.0,1.0,06069,MARIGARDE (ROUTE DE LA),M,"43,6541060","6,9302590",6,2019,50.0,1.0,1.0,3.0,2150278,1.0,1,1,2,4.0,,0.0,0,1968.0,A01,138Â 299Â 798,1.0,8.0,-1.0,1642007,1.0,33,,0.0,2.0,1.0,B01,138Â 299Â 799,1.0
962045,201900003576,11,4,11:40,1,2,1,1.0,1.0,06069,MARIGARDE (ROUTE DE LA),M,"43,6541060","6,9302590",6,2019,50.0,1.0,1.0,3.0,2150279,1.0,1,3,1,0.0,,0.0,0,1988.0,B01,138Â 299Â 799,2.0,6.0,-1.0,1642006,2.0,37,1.0,0.0,2.0,3.0,A01,138Â 299Â 798,1.0
962045,201900003576,11,4,11:40,1,2,1,1.0,1.0,06069,MARIGARDE (ROUTE DE LA),M,"43,6541060","6,9302590",6,2019,50.0,1.0,1.0,3.0,2150279,1.0,1,3,1,0.0,,0.0,0,1988.0,B01,138Â 299Â 799,2.0,6.0,-1.0,1642007,1.0,33,,0.0,2.0,1.0,B01,138Â 299Â 799,1.0
962046,201900003577,10,31,18:05,5,2,1,1.0,7.0,05061,LADOUCETTE ( COURS ),M,"44,5614100","6,0825100",5,2019,50.0,1.0,2.0,2.0,2150280,1.0,1,1,2,5.0,,-1.0,0,1980.0,A01,138Â 299Â 797,1.0,0.0,-1.0,1642008,1.0,7,,0.0,1.0,3.0,A01,138Â 299Â 797,1.0
962046,201900003577,10,31,18:05,5,2,1,1.0,7.0,05061,LADOUCETTE ( COURS ),M,"44,5614100","6,0825100",5,2019,50.0,1.0,2.0,2.0,2150281,10.0,3,4,2,5.0,,3.0,3,2002.0,A01,138Â 299Â 797,0.0,-1.0,-1.0,1642008,1.0,7,,0.0,1.0,3.0,A01,138Â 299Â 797,1.0
962047,201900003578,8,15,05:05,5,1,1,1.0,6.0,97416,RN3 (1),M," -21,3058700","55,4990200",974,2019,110.0,1.0,1.0,2.0,2150282,1.0,1,4,2,5.0,,-1.0,0,1979.0,A01,138Â 299Â 796,1.0,8.0,-1.0,1642009,2.0,7,,4.0,0.0,2.0,A01,138Â 299Â 796,1.0
962047,201900003578,8,15,05:05,5,1,1,1.0,6.0,97416,RN3 (1),M," -21,3058700","55,4990200",974,2019,110.0,1.0,1.0,2.0,2150283,2.0,2,4,2,5.0,,-1.0,0,1962.0,A01,138Â 299Â 796,1.0,8.0,-1.0,1642009,2.0,7,,4.0,0.0,2.0,A01,138Â 299Â 796,1.0
962048,201900003579,11,22,18:00,5,2,6,1.0,2.0,63164,MITTERRAND ( Avenue FranÃ§ois),M,"45,8209865","3,1553618",63,2019,50.0,1.0,1.0,7.0,2150284,1.0,1,1,1,0.0,,-1.0, -1,1958.0,A01,138Â 299Â 792,1.0,8.0,-1.0,1642010,2.0,7,,0.0,2.0,1.0,A01,138Â 299Â 792,1.0
962048,201900003579,11,22,18:00,5,2,6,1.0,2.0,63164,MITTERRAND ( Avenue FranÃ§ois),M,"45,8209865","3,1553618",63,2019,50.0,1.0,1.0,7.0,2150284,1.0,1,1,1,0.0,,-1.0, -1,1958.0,A01,138Â 299Â 792,1.0,8.0,-1.0,1642011,2.0,7,,0.0,2.0,4.0,B01,138Â 299Â 793,1.0
962048,201900003579,11,22,18:00,5,2,6,1.0,2.0,63164,MITTERRAND ( Avenue FranÃ§ois),M,"45,8209865","3,1553618",63,2019,50.0,1.0,1.0,7.0,2150285,1.0,1,4,2,0.0,,-1.0, -1,1983.0,B01,138Â 299Â 793,1.0,8.0,-1.0,1642010,2.0,7,,0.0,2.0,1.0,A01,138Â 299Â 792,1.0
962048,201900003579,11,22,18:00,5,2,6,1.0,2.0,63164,MITTERRAND ( Avenue FranÃ§ois),M,"45,8209865","3,1553618",63,2019,50.0,1.0,1.0,7.0,2150285,1.0,1,4,2,0.0,,-1.0, -1,1983.0,B01,138Â 299Â 793,1.0,8.0,-1.0,1642011,2.0,7,,0.0,2.0,4.0,B01,138Â 299Â 793,1.0
962049,201900003580,11,25,11:20,1,2,2,2.0,1.0,45285,AV P M FRANCE - R DE LA CIRERIE,M,"47,9042200","1,8652000",45,2019,50.0,1.0,2.0,4.0,2150286,2.0,2,4,2,5.0,,0.0,0,1982.0,B01,138Â 299Â 790,1.0,0.0,-1.0,1642012,3.0,7,,0.0,2.0,2.0,B01,138Â 299Â 790,1.0
962049,201900003580,11,25,11:20,1,2,2,2.0,1.0,45285,AV P M FRANCE - R DE LA CIRERIE,M,"47,9042200","1,8652000",45,2019,50.0,1.0,2.0,4.0,2150286,2.0,2,4,2,5.0,,0.0,0,1982.0,B01,138Â 299Â 790,1.0,0.0,-1.0,1642013,3.0,7,,0.0,2.0,1.0,A01,138Â 299Â 791,1.0
962049,201900003580,11,25,11:20,1,2,2,2.0,1.0,45285,AV P M FRANCE - R DE LA CIRERIE,M,"47,9042200","1,8652000",45,2019,50.0,1.0,2.0,4.0,2150287,3.0,2,1,1,5.0,,0.0,0,2003.0,B01,138Â 299Â 790,1.0,0.0,-1.0,1642012,3.0,7,,0.0,2.0,2.0,B01,138Â 299Â 790,1.0
962049,201900003580,11,25,11:20,1,2,2,2.0,1.0,45285,AV P M FRANCE - R DE LA CIRERIE,M,"47,9042200","1,8652000",45,2019,50.0,1.0,2.0,4.0,2150287,3.0,2,1,1,5.0,,0.0,0,2003.0,B01,138Â 299Â 790,1.0,0.0,-1.0,1642013,3.0,7,,0.0,2.0,1.0,A01,138Â 299Â 791,1.0
962049,201900003580,11,25,11:20,1,2,2,2.0,1.0,45285,AV P M FRANCE - R DE LA CIRERIE,M,"47,9042200","1,8652000",45,2019,50.0,1.0,2.0,4.0,2150288,1.0,1,4,2,5.0,,0.0,0,1988.0,B01,138Â 299Â 790,1.0,0.0,-1.0,1642012,3.0,7,,0.0,2.0,2.0,B01,138Â 299Â 790,1.0
962049,201900003580,11,25,11:20,1,2,2,2.0,1.0,45285,AV P M FRANCE - R DE LA CIRERIE,M,"47,9042200","1,8652000",45,2019,50.0,1.0,2.0,4.0,2150288,1.0,1,4,2,5.0,,0.0,0,1988.0,B01,138Â 299Â 790,1.0,0.0,-1.0,1642013,3.0,7,,0.0,2.0,1.0,A01,138Â 299Â 791,1.0
962049,201900003580,11,25,11:20,1,2,2,2.0,1.0,45285,AV P M FRANCE - R DE LA CIRERIE,M,"47,9042200","1,8652000",45,2019,50.0,1.0,2.0,4.0,2150289,1.0,1,1,1,5.0,,0.0,0,1963.0,A01,138Â 299Â 791,1.0,0.0,-1.0,1642012,3.0,7,,0.0,2.0,2.0,B01,138Â 299Â 790,1.0
962049,201900003580,11,25,11:20,1,2,2,2.0,1.0,45285,AV P M FRANCE - R DE LA CIRERIE,M,"47,9042200","1,8652000",45,2019,50.0,1.0,2.0,4.0,2150289,1.0,1,1,1,5.0,,0.0,0,1963.0,A01,138Â 299Â 791,1.0,0.0,-1.0,1642013,3.0,7,,0.0,2.0,1.0,A01,138Â 299Â 791,1.0
962050,201900003581,11,23,21:10,5,2,1,1.0,2.0,41018,BRANLY (RUE EDOUARD),M,"47,5876300","1,3145180",41,2019,50.0,1.0,1.0,4.0,2150290,1.0,1,1,1,5.0,,0.0, -1,1994.0,A01,138Â 299Â 788,1.0,8.0,-1.0,1642014,3.0,7,,0.0,2.0,1.0,A01,138Â 299Â 788,1.0
962050,201900003581,11,23,21:10,5,2,1,1.0,2.0,41018,BRANLY (RUE EDOUARD),M,"47,5876300","1,3145180",41,2019,50.0,1.0,1.0,4.0,2150290,1.0,1,1,1,5.0,,0.0, -1,1994.0,A01,138Â 299Â 788,1.0,8.0,-1.0,1642015,3.0,7,,0.0,2.0,4.0,B01,138Â 299Â 789,1.0
962050,201900003581,11,23,21:10,5,2,1,1.0,2.0,41018,BRANLY (RUE EDOUARD),M,"47,5876300","1,3145180",41,2019,50.0,1.0,1.0,4.0,2150291,1.0,1,4,2,1.0,,0.0, -1,1971.0,B01,138Â 299Â 789,1.0,8.0,-1.0,1642014,3.0,7,,0.0,2.0,1.0,A01,138Â 299Â 788,1.0
962050,201900003581,11,23,21:10,5,2,1,1.0,2.0,41018,BRANLY (RUE EDOUARD),M,"47,5876300","1,3145180",41,2019,50.0,1.0,1.0,4.0,2150291,1.0,1,4,2,1.0,,0.0, -1,1971.0,B01,138Â 299Â 789,1.0,8.0,-1.0,1642015,3.0,7,,0.0,2.0,4.0,B01,138Â 299Â 789,1.0
962051,201900003582,11,26,08:00,1,2,3,1.0,3.0,28134,HAMEAU DE MONTDROUARD (RUE DU),M,"48,7281800","1,3886500",28,2019,50.0,1.0,1.0,2.0,2150292,1.0,1,4,1,2.0,,-1.0, -1,2003.0,B01,138Â 299Â 785,2.0,0.0,-1.0,1642016,3.0,30,,0.0,2.0,1.0,B01,138Â 299Â 785,1.0
962051,201900003582,11,26,08:00,1,2,3,1.0,3.0,28134,HAMEAU DE MONTDROUARD (RUE DU),M,"48,7281800","1,3886500",28,2019,50.0,1.0,1.0,2.0,2150292,1.0,1,4,1,2.0,,-1.0, -1,2003.0,B01,138Â 299Â 785,2.0,0.0,-1.0,1642017,3.0,37,1.0,0.0,2.0,1.0,A01,138Â 299Â 786,1.0
962051,201900003582,11,26,08:00,1,2,3,1.0,3.0,28134,HAMEAU DE MONTDROUARD (RUE DU),M,"48,7281800","1,3886500",28,2019,50.0,1.0,1.0,2.0,2150293,1.0,1,1,1,4.0,,-1.0, -1,1963.0,A01,138Â 299Â 786,1.0,0.0,-1.0,1642016,3.0,30,,0.0,2.0,1.0,B01,138Â 299Â 785,1.0
962051,201900003582,11,26,08:00,1,2,3,1.0,3.0,28134,HAMEAU DE MONTDROUARD (RUE DU),M,"48,7281800","1,3886500",28,2019,50.0,1.0,1.0,2.0,2150293,1.0,1,1,1,4.0,,-1.0, -1,1963.0,A01,138Â 299Â 786,1.0,0.0,-1.0,1642017,3.0,37,1.0,0.0,2.0,1.0,A01,138Â 299Â 786,1.0
962052,201900003583,11,23,12:40,1,2,1,1.0,3.0,11069,VILLEMOUSTAUSSOU -ROUTE DE-,M,"43,2284000","2,3595000",11,2019,50.0,1.0,1.0,3.0,2150294,1.0,1,4,1,5.0,,0.0,0,2002.0,B01,138Â 299Â 783,2.0,0.0,-1.0,1642018,2.0,30,,0.0,2.0,1.0,B01,138Â 299Â 783,1.0
962052,201900003583,11,23,12:40,1,2,1,1.0,3.0,11069,VILLEMOUSTAUSSOU -ROUTE DE-,M,"43,2284000","2,3595000",11,2019,50.0,1.0,1.0,3.0,2150294,1.0,1,4,1,5.0,,0.0,0,2002.0,B01,138Â 299Â 783,2.0,0.0,-1.0,1642019,1.0,7,,0.0,2.0,5.0,A01,138Â 299Â 784,1.0
962052,201900003583,11,23,12:40,1,2,1,1.0,3.0,11069,VILLEMOUSTAUSSOU -ROUTE DE-,M,"43,2284000","2,3595000",11,2019,50.0,1.0,1.0,3.0,2150295,1.0,1,1,1,5.0,,0.0, -1,1935.0,A01,138Â 299Â 784,1.0,0.0,-1.0,1642018,2.0,30,,0.0,2.0,1.0,B01,138Â 299Â 783,1.0
962052,201900003583,11,23,12:40,1,2,1,1.0,3.0,11069,VILLEMOUSTAUSSOU -ROUTE DE-,M,"43,2284000","2,3595000",11,2019,50.0,1.0,1.0,3.0,2150295,1.0,1,1,1,5.0,,0.0, -1,1935.0,A01,138Â 299Â 784,1.0,0.0,-1.0,1642019,1.0,7,,0.0,2.0,5.0,A01,138Â 299Â 784,1.0
962053,201900003584,11,25,18:00,5,2,6,1.0,6.0,02304,BOURGET (RUE DU),M,"49,6636900","3,3626800",2,2019,50.0,1.0,1.0,4.0,2150296,1.0,1,1,2,0.0,,0.0,0,1955.0,A01,138Â 299Â 782,1.0,8.0,-1.0,1642020,2.0,7,,0.0,1.0,1.0,A01,138Â 299Â 782,1.0
962053,201900003584,11,25,18:00,5,2,6,1.0,6.0,02304,BOURGET (RUE DU),M,"49,6636900","3,3626800",2,2019,50.0,1.0,1.0,4.0,2150297,10.0,3,3,2,0.0,,3.0,3,2002.0,A01,138Â 299Â 782,8.0,0.0,-1.0,1642020,2.0,7,,0.0,1.0,1.0,A01,138Â 299Â 782,1.0
962054,201900003585,11,25,00:37,3,2,9,1.0,6.0,93001,FRANCOIS MITTERRAND (QUAI),M,"48,9110910","2,3738600",93,2019,15.0,1.0,1.0,4.0,2150298,10.0,3,3,1,0.0,,5.0,1,1978.0,A01,138Â 299Â 781,8.0,0.0,-1.0,1642021,3.0,30,,12.0,1.0,4.0,A01,138Â 299Â 781,6.0
962054,201900003585,11,25,00:37,3,2,9,1.0,6.0,93001,FRANCOIS MITTERRAND (QUAI),M,"48,9110910","2,3738600",93,2019,15.0,1.0,1.0,4.0,2150299,1.0,1,1,1,0.0,,-1.0, -1,1987.0,A01,138Â 299Â 781,2.0,0.0,-1.0,1642021,3.0,30,,12.0,1.0,4.0,A01,138Â 299Â 781,6.0
962055,201900003586,11,26,07:28,1,2,1,1.0,3.0,98735,POMARE (BVD STADE BAMBRIDGE),M," -17,5446400"," -149,5801700",987,2019,50.0,1.0,1.0,4.0,2150300,1.0,1,1,1,1.0,,-1.0, -1,1968.0,B01,138Â 299Â 779,1.0,8.0,-1.0,1642022,1.0,13,,0.0,2.0,5.0,B01,138Â 299Â 779,1.0
962055,201900003586,11,26,07:28,1,2,1,1.0,3.0,98735,POMARE (BVD STADE BAMBRIDGE),M," -17,5446400"," -149,5801700",987,2019,50.0,1.0,1.0,4.0,2150300,1.0,1,1,1,1.0,,-1.0, -1,1968.0,B01,138Â 299Â 779,1.0,8.0,-1.0,1642023,0.0,32,,0.0,2.0,1.0,A01,138Â 299Â 780,1.0
962055,201900003586,11,26,07:28,1,2,1,1.0,3.0,98735,POMARE (BVD STADE BAMBRIDGE),M," -17,5446400"," -149,5801700",987,2019,50.0,1.0,1.0,4.0,2150301,1.0,1,4,1,0.0,,-1.0, -1,1976.0,A01,138Â 299Â 780,2.0,8.0,-1.0,1642022,1.0,13,,0.0,2.0,5.0,B01,138Â 299Â 779,1.0
962055,201900003586,11,26,07:28,1,2,1,1.0,3.0,98735,POMARE (BVD STADE BAMBRIDGE),M," -17,5446400"," -149,5801700",987,2019,50.0,1.0,1.0,4.0,2150301,1.0,1,4,1,0.0,,-1.0, -1,1976.0,A01,138Â 299Â 780,2.0,8.0,-1.0,1642023,0.0,32,,0.0,2.0,1.0,A01,138Â 299Â 780,1.0
962056,201900003587,11,26,14:40,1,2,1,1.0,3.0,97611,kaweni-Kaweni nord ( Z I ),M," -12,7650300","45,2269600",976,2019,50.0,1.0,1.0,4.0,2150302,1.0,1,4,1,0.0,,-1.0, -1,1968.0,B01,138Â 299Â 777,2.0,8.0,-1.0,1642024,2.0,33,,0.0,2.0,8.0,B01,138Â 299Â 777,1.0
962056,201900003587,11,26,14:40,1,2,1,1.0,3.0,97611,kaweni-Kaweni nord ( Z I ),M," -12,7650300","45,2269600",976,2019,50.0,1.0,1.0,4.0,2150302,1.0,1,4,1,0.0,,-1.0, -1,1968.0,B01,138Â 299Â 777,2.0,8.0,-1.0,1642025,1.0,34,,0.0,2.0,1.0,A01,138Â 299Â 778,1.0
962056,201900003587,11,26,14:40,1,2,1,1.0,3.0,97611,kaweni-Kaweni nord ( Z I ),M," -12,7650300","45,2269600",976,2019,50.0,1.0,1.0,4.0,2150303,1.0,1,4,2,0.0,,-1.0, -1,1992.0,A01,138Â 299Â 778,2.0,8.0,-1.0,1642024,2.0,33,,0.0,2.0,8.0,B01,138Â 299Â 777,1.0
962056,201900003587,11,26,14:40,1,2,1,1.0,3.0,97611,kaweni-Kaweni nord ( Z I ),M," -12,7650300","45,2269600",976,2019,50.0,1.0,1.0,4.0,2150303,1.0,1,4,2,0.0,,-1.0, -1,1992.0,A01,138Â 299Â 778,2.0,8.0,-1.0,1642025,1.0,34,,0.0,2.0,1.0,A01,138Â 299Â 778,1.0