Unnamed: 0_x,num_acc,mois,jour,hrmn,lum,agg,int,atm,col,com,adr,gps,lat,long,dep,annee,vma,situ,surf,catr,Unnamed: 0_y,place,catu,grav,sexe,trajet,secu,locp,actp,an_nais,num_veh_x,id_vehicule_x,secu1,secu2,secu3,Unnamed: 0,senc,catv,occutc,obs,obsm,choc,num_veh_y,id_vehicule_y,motor
962057,201900003588,11,26,07:40,1,1,1,8.0,7.0,97611,m'tsapere-Said CafÃ© (rue),M," -12,7890000","45,2190500",976,2019,50.0,1.0,2.0,4.0,2150304,1.0,1,4,2,0.0,,-1.0, -1,2004.0,A01,138Â 299Â 776,2.0,8.0,-1.0,1642026,1.0,2,,0.0,0.0,0.0,A01,138Â 299Â 776,1.0
962058,201900003589,11,26,17:00,1,1,1,1.0,4.0,97416,RN03,M," -21,3193100","55,4894000",974,2019,110.0,1.0,1.0,2.0,2150305,2.0,2,1,1,0.0,,-1.0, -1,1989.0,D01,138Â 299Â 772,1.0,0.0,-1.0,1642027,3.0,10,,0.0,2.0,1.0,D01,138Â 299Â 772,1.0
962058,201900003589,11,26,17:00,1,1,1,1.0,4.0,97416,RN03,M," -21,3193100","55,4894000",974,2019,110.0,1.0,1.0,2.0,2150305,2.0,2,1,1,0.0,,-1.0, -1,1989.0,D01,138Â 299Â 772,1.0,0.0,-1.0,1642028,3.0,7,,0.0,2.0,4.0,C01,138Â 299Â 773,1.0
962058,201900003589,11,26,17:00,1,1,1,1.0,4.0,97416,RN03,M," -21,3193100","55,4894000",974,2019,110.0,1.0,1.0,2.0,2150305,2.0,2,1,1,0.0,,-1.0, -1,1989.0,D01,138Â 299Â 772,1.0,0.0,-1.0,1642029,3.0,7,,0.0,2.0,4.0,B01,138Â 299Â 774,1.0
962058,201900003589,11,26,17:00,1,1,1,1.0,4.0,97416,RN03,M," -21,3193100","55,4894000",974,2019,110.0,1.0,1.0,2.0,2150305,2.0,2,1,1,0.0,,-1.0, -1,1989.0,D01,138Â 299Â 772,1.0,0.0,-1.0,1642030,3.0,7,,0.0,9.0,4.0,A01,138Â 299Â 775,1.0
962058,201900003589,11,26,17:00,1,1,1,1.0,4.0,97416,RN03,M," -21,3193100","55,4894000",974,2019,110.0,1.0,1.0,2.0,2150306,1.0,1,4,2,0.0,,-1.0, -1,1960.0,C01,138Â 299Â 773,1.0,0.0,-1.0,1642027,3.0,10,,0.0,2.0,1.0,D01,138Â 299Â 772,1.0
962058,201900003589,11,26,17:00,1,1,1,1.0,4.0,97416,RN03,M," -21,3193100","55,4894000",974,2019,110.0,1.0,1.0,2.0,2150306,1.0,1,4,2,0.0,,-1.0, -1,1960.0,C01,138Â 299Â 773,1.0,0.0,-1.0,1642028,3.0,7,,0.0,2.0,4.0,C01,138Â 299Â 773,1.0
962058,201900003589,11,26,17:00,1,1,1,1.0,4.0,97416,RN03,M," -21,3193100","55,4894000",974,2019,110.0,1.0,1.0,2.0,2150306,1.0,1,4,2,0.0,,-1.0, -1,1960.0,C01,138Â 299Â 773,1.0,0.0,-1.0,1642029,3.0,7,,0.0,2.0,4.0,B01,138Â 299Â 774,1.0
962058,201900003589,11,26,17:00,1,1,1,1.0,4.0,97416,RN03,M," -21,3193100","55,4894000",974,2019,110.0,1.0,1.0,2.0,2150306,1.0,1,4,2,0.0,,-1.0, -1,1960.0,C01,138Â 299Â 773,1.0,0.0,-1.0,1642030,3.0,7,,0.0,9.0,4.0,A01,138Â 299Â 775,1.0
962058,201900003589,11,26,17:00,1,1,1,1.0,4.0,97416,RN03,M," -21,3193100","55,4894000",974,2019,110.0,1.0,1.0,2.0,2150307,2.0,2,3,2,0.0,,-1.0,0,1991.0,C01,138Â 299Â 773,1.0,0.0,-1.0,1642027,3.0,10,,0.0,2.0,1.0,D01,138Â 299Â 772,1.0
962058,201900003589,11,26,17:00,1,1,1,1.0,4.0,97416,RN03,M," -21,3193100","55,4894000",974,2019,110.0,1.0,1.0,2.0,2150307,2.0,2,3,2,0.0,,-1.0,0,1991.0,C01,138Â 299Â 773,1.0,0.0,-1.0,1642028,3.0,7,,0.0,2.0,4.0,C01,138Â 299Â 773,1.0
962058,201900003589,11,26,17:00,1,1,1,1.0,4.0,97416,RN03,M," -21,3193100","55,4894000",974,2019,110.0,1.0,1.0,2.0,2150307,2.0,2,3,2,0.0,,-1.0,0,1991.0,C01,138Â 299Â 773,1.0,0.0,-1.0,1642029,3.0,7,,0.0,2.0,4.0,B01,138Â 299Â 774,1.0
962058,201900003589,11,26,17:00,1,1,1,1.0,4.0,97416,RN03,M," -21,3193100","55,4894000",974,2019,110.0,1.0,1.0,2.0,2150307,2.0,2,3,2,0.0,,-1.0,0,1991.0,C01,138Â 299Â 773,1.0,0.0,-1.0,1642030,3.0,7,,0.0,9.0,4.0,A01,138Â 299Â 775,1.0
962058,201900003589,11,26,17:00,1,1,1,1.0,4.0,97416,RN03,M," -21,3193100","55,4894000",974,2019,110.0,1.0,1.0,2.0,2150308,1.0,1,4,2,0.0,,-1.0, -1,1972.0,B01,138Â 299Â 774,1.0,0.0,-1.0,1642027,3.0,10,,0.0,2.0,1.0,D01,138Â 299Â 772,1.0
962058,201900003589,11,26,17:00,1,1,1,1.0,4.0,97416,RN03,M," -21,3193100","55,4894000",974,2019,110.0,1.0,1.0,2.0,2150308,1.0,1,4,2,0.0,,-1.0, -1,1972.0,B01,138Â 299Â 774,1.0,0.0,-1.0,1642028,3.0,7,,0.0,2.0,4.0,C01,138Â 299Â 773,1.0
962058,201900003589,11,26,17:00,1,1,1,1.0,4.0,97416,RN03,M," -21,3193100","55,4894000",974,2019,110.0,1.0,1.0,2.0,2150308,1.0,1,4,2,0.0,,-1.0, -1,1972.0,B01,138Â 299Â 774,1.0,0.0,-1.0,1642029,3.0,7,,0.0,2.0,4.0,B01,138Â 299Â 774,1.0
962058,201900003589,11,26,17:00,1,1,1,1.0,4.0,97416,RN03,M," -21,3193100","55,4894000",974,2019,110.0,1.0,1.0,2.0,2150308,1.0,1,4,2,0.0,,-1.0, -1,1972.0,B01,138Â 299Â 774,1.0,0.0,-1.0,1642030,3.0,7,,0.0,9.0,4.0,A01,138Â 299Â 775,1.0
962058,201900003589,11,26,17:00,1,1,1,1.0,4.0,97416,RN03,M," -21,3193100","55,4894000",974,2019,110.0,1.0,1.0,2.0,2150309,1.0,1,1,2,0.0,,-1.0, -1,1979.0,A01,138Â 299Â 775,1.0,8.0,-1.0,1642027,3.0,10,,0.0,2.0,1.0,D01,138Â 299Â 772,1.0
962058,201900003589,11,26,17:00,1,1,1,1.0,4.0,97416,RN03,M," -21,3193100","55,4894000",974,2019,110.0,1.0,1.0,2.0,2150309,1.0,1,1,2,0.0,,-1.0, -1,1979.0,A01,138Â 299Â 775,1.0,8.0,-1.0,1642028,3.0,7,,0.0,2.0,4.0,C01,138Â 299Â 773,1.0
962058,201900003589,11,26,17:00,1,1,1,1.0,4.0,97416,RN03,M," -21,3193100","55,4894000",974,2019,110.0,1.0,1.0,2.0,2150309,1.0,1,1,2,0.0,,-1.0, -1,1979.0,A01,138Â 299Â 775,1.0,8.0,-1.0,1642029,3.0,7,,0.0,2.0,4.0,B01,138Â 299Â 774,1.0
962058,201900003589,11,26,17:00,1,1,1,1.0,4.0,97416,RN03,M," -21,3193100","55,4894000",974,2019,110.0,1.0,1.0,2.0,2150309,1.0,1,1,2,0.0,,-1.0, -1,1979.0,A01,138Â 299Â 775,1.0,8.0,-1.0,1642030,3.0,7,,0.0,9.0,4.0,A01,138Â 299Â 775,1.0
962059,201900003590,11,25,13:32,1,2,1,1.0,3.0,97302,SOURCE DE BADUEL (CHEMIN DE LA),M,"4,9302290"," -52,3089410",973,2019,50.0,1.0,1.0,4.0,2150310,1.0,1,1,2,5.0,,0.0,0,1971.0,A01,138Â 299Â 770,1.0,0.0,-1.0,1642031,3.0,7,,0.0,2.0,1.0,A01,138Â 299Â 770,1.0
962059,201900003590,11,25,13:32,1,2,1,1.0,3.0,97302,SOURCE DE BADUEL (CHEMIN DE LA),M,"4,9302290"," -52,3089410",973,2019,50.0,1.0,1.0,4.0,2150310,1.0,1,1,2,5.0,,0.0,0,1971.0,A01,138Â 299Â 770,1.0,0.0,-1.0,1642032,3.0,1,,0.0,2.0,7.0,B01,138Â 299Â 771,5.0
962059,201900003590,11,25,13:32,1,2,1,1.0,3.0,97302,SOURCE DE BADUEL (CHEMIN DE LA),M,"4,9302290"," -52,3089410",973,2019,50.0,1.0,1.0,4.0,2150311,1.0,1,4,1,2.0,,0.0,0,2002.0,B01,138Â 299Â 771,8.0,0.0,-1.0,1642031,3.0,7,,0.0,2.0,1.0,A01,138Â 299Â 770,1.0
962059,201900003590,11,25,13:32,1,2,1,1.0,3.0,97302,SOURCE DE BADUEL (CHEMIN DE LA),M,"4,9302290"," -52,3089410",973,2019,50.0,1.0,1.0,4.0,2150311,1.0,1,4,1,2.0,,0.0,0,2002.0,B01,138Â 299Â 771,8.0,0.0,-1.0,1642032,3.0,1,,0.0,2.0,7.0,B01,138Â 299Â 771,5.0
962060,201900003591,11,25,13:08,1,2,1,2.0,3.0,97302,ZEPHIR (ROCADE),M,"4,9237660"," -52,3250410",973,2019,50.0,1.0,2.0,3.0,2150312,1.0,1,1,2,4.0,,-1.0, -1,1977.0,A01,138Â 299Â 768,1.0,0.0,-1.0,1642033,1.0,7,,0.0,9.0,3.0,A01,138Â 299Â 768,1.0
962060,201900003591,11,25,13:08,1,2,1,2.0,3.0,97302,ZEPHIR (ROCADE),M,"4,9237660"," -52,3250410",973,2019,50.0,1.0,2.0,3.0,2150312,1.0,1,1,2,4.0,,-1.0, -1,1977.0,A01,138Â 299Â 768,1.0,0.0,-1.0,1642034,1.0,1,,0.0,2.0,0.0,B01,138Â 299Â 769,5.0
962060,201900003591,11,25,13:08,1,2,1,2.0,3.0,97302,ZEPHIR (ROCADE),M,"4,9237660"," -52,3250410",973,2019,50.0,1.0,2.0,3.0,2150313,1.0,1,4,1,0.0,,-1.0, -1,2003.0,B01,138Â 299Â 769,8.0,0.0,-1.0,1642033,1.0,7,,0.0,9.0,3.0,A01,138Â 299Â 768,1.0
962060,201900003591,11,25,13:08,1,2,1,2.0,3.0,97302,ZEPHIR (ROCADE),M,"4,9237660"," -52,3250410",973,2019,50.0,1.0,2.0,3.0,2150313,1.0,1,4,1,0.0,,-1.0, -1,2003.0,B01,138Â 299Â 769,8.0,0.0,-1.0,1642034,1.0,1,,0.0,2.0,0.0,B01,138Â 299Â 769,5.0
962061,201900003592,11,26,10:00,1,2,1,1.0,6.0,69259,AMBROISE CROIZAT                    (BD),M,"45,6991200","4,8877700",69,2019,50.0,1.0,1.0,7.0,2150314,10.0,3,3,1,-1.0,,9.0,B,2003.0,A01,138Â 299Â 767,0.0,-1.0,-1.0,1642035,3.0,7,,0.0,1.0,0.0,A01,138Â 299Â 767,-1.0
962062,201900003593,11,26,07:10,2,2,3,1.0,3.0,69386,BUGEAUD                             (R ),M,"45,7671300","4,8568300",69,2019,50.0,1.0,1.0,4.0,2150315,1.0,1,1,2,1.0,,-1.0, -1,1974.0,A01,138Â 299Â 765,1.0,0.0,-1.0,1642036,1.0,7,,0.0,2.0,5.0,A01,138Â 299Â 765,0.0
962062,201900003593,11,26,07:10,2,2,3,1.0,3.0,69386,BUGEAUD                             (R ),M,"45,7671300","4,8568300",69,2019,50.0,1.0,1.0,4.0,2150315,1.0,1,1,2,1.0,,-1.0, -1,1974.0,A01,138Â 299Â 765,1.0,0.0,-1.0,1642037,1.0,50,,0.0,2.0,8.0,B01,138Â 299Â 766,3.0
962062,201900003593,11,26,07:10,2,2,3,1.0,3.0,69386,BUGEAUD                             (R ),M,"45,7671300","4,8568300",69,2019,50.0,1.0,1.0,4.0,2150316,1.0,1,4,1,0.0,,-1.0, -1,1987.0,B01,138Â 299Â 766,2.0,8.0,-1.0,1642036,1.0,7,,0.0,2.0,5.0,A01,138Â 299Â 765,0.0
962062,201900003593,11,26,07:10,2,2,3,1.0,3.0,69386,BUGEAUD                             (R ),M,"45,7671300","4,8568300",69,2019,50.0,1.0,1.0,4.0,2150316,1.0,1,4,1,0.0,,-1.0, -1,1987.0,B01,138Â 299Â 766,2.0,8.0,-1.0,1642037,1.0,50,,0.0,2.0,8.0,B01,138Â 299Â 766,3.0
962063,201900003594,11,26,07:30,1,2,3,1.0,6.0,97213,SALVADOR ALLENDE (RUE),M,"14,6184600"," -60,9971200",972,2019,50.0,1.0,1.0,4.0,2150317,1.0,1,1,1,1.0,,-1.0,0,1958.0,A01,138Â 299Â 764,1.0,0.0,-1.0,1642038,2.0,7,,0.0,1.0,3.0,A01,138Â 299Â 764,1.0
962063,201900003594,11,26,07:30,1,2,3,1.0,6.0,97213,SALVADOR ALLENDE (RUE),M,"14,6184600"," -60,9971200",972,2019,50.0,1.0,1.0,4.0,2150318,10.0,3,4,1,2.0,,1.0,3,2004.0,A01,138Â 299Â 764,0.0,-1.0,-1.0,1642038,2.0,7,,0.0,1.0,3.0,A01,138Â 299Â 764,1.0
962064,201900003595,11,24,21:05,5,1,1,1.0,6.0,97213,ROUTE DEPARTEMENTALE 3,M,"14,6338000"," -60,9971600",972,2019,70.0,1.0,1.0,3.0,2150319,1.0,1,2,1,5.0,,-1.0,0,1975.0,A01,138Â 299Â 763,0.0,0.0,0.0,1642039,2.0,0,,3.0,0.0,0.0,A01,138Â 299Â 763,1.0
962065,201900003596,11,26,08:15,1,2,9,1.0,3.0,69202,LIBERATION (DE LA)                  (RO),M,"45,7281900","4,7788600",69,2019,50.0,1.0,1.0,7.0,2150320,1.0,1,1,2,1.0,,-1.0, -1,1971.0,A01,138Â 299Â 761,1.0,8.0,-1.0,1642040,3.0,7,,0.0,1.0,2.0,A01,138Â 299Â 761,0.0
962065,201900003596,11,26,08:15,1,2,9,1.0,3.0,69202,LIBERATION (DE LA)                  (RO),M,"45,7281900","4,7788600",69,2019,50.0,1.0,1.0,7.0,2150320,1.0,1,1,2,1.0,,-1.0, -1,1971.0,A01,138Â 299Â 761,1.0,8.0,-1.0,1642041,3.0,60,,0.0,2.0,1.0,Y01,138Â 299Â 762,5.0
962065,201900003596,11,26,08:15,1,2,9,1.0,3.0,69202,LIBERATION (DE LA)                  (RO),M,"45,7281900","4,7788600",69,2019,50.0,1.0,1.0,7.0,2150321,10.0,3,4,1,0.0,,2.0,3,1998.0,Y01,138Â 299Â 762,0.0,-1.0,-1.0,1642040,3.0,7,,0.0,1.0,2.0,A01,138Â 299Â 761,0.0
962065,201900003596,11,26,08:15,1,2,9,1.0,3.0,69202,LIBERATION (DE LA)                  (RO),M,"45,7281900","4,7788600",69,2019,50.0,1.0,1.0,7.0,2150321,10.0,3,4,1,0.0,,2.0,3,1998.0,Y01,138Â 299Â 762,0.0,-1.0,-1.0,1642041,3.0,60,,0.0,2.0,1.0,Y01,138Â 299Â 762,5.0
962066,201900003597,11,26,08:20,1,1,1,1.0,2.0,2B033,SAMPIERO CORSO - AV,M,"42,6762400","9,4442700",2B,2019,50.0,1.0,1.0,2.0,2150322,1.0,1,4,2,0.0,,-1.0, -1,1995.0,A01,138Â 299Â 759,1.0,8.0,-1.0,1642042,1.0,7,,0.0,2.0,1.0,A01,138Â 299Â 759,1.0
962066,201900003597,11,26,08:20,1,1,1,1.0,2.0,2B033,SAMPIERO CORSO - AV,M,"42,6762400","9,4442700",2B,2019,50.0,1.0,1.0,2.0,2150322,1.0,1,4,2,0.0,,-1.0, -1,1995.0,A01,138Â 299Â 759,1.0,8.0,-1.0,1642043,1.0,7,,0.0,2.0,4.0,B01,138Â 299Â 760,1.0
962066,201900003597,11,26,08:20,1,1,1,1.0,2.0,2B033,SAMPIERO CORSO - AV,M,"42,6762400","9,4442700",2B,2019,50.0,1.0,1.0,2.0,2150323,1.0,1,1,2,0.0,,-1.0, -1,1975.0,B01,138Â 299Â 760,1.0,8.0,-1.0,1642042,1.0,7,,0.0,2.0,1.0,A01,138Â 299Â 759,1.0
962066,201900003597,11,26,08:20,1,1,1,1.0,2.0,2B033,SAMPIERO CORSO - AV,M,"42,6762400","9,4442700",2B,2019,50.0,1.0,1.0,2.0,2150323,1.0,1,1,2,0.0,,-1.0, -1,1975.0,B01,138Â 299Â 760,1.0,8.0,-1.0,1642043,1.0,7,,0.0,2.0,4.0,B01,138Â 299Â 760,1.0
962067,201900003598,11,26,14:30,1,2,1,1.0,6.0,97113,SECTION MARE-GAILLARD,M,"16,2117500"," -61,4409700",971,2019,70.0,1.0,1.0,2.0,2150324,1.0,1,4,1,5.0,,-1.0, -1,1947.0,A01,138Â 299Â 758,1.0,0.0,-1.0,1642044,3.0,7,,16.0,0.0,2.0,A01,138Â 299Â 758,1.0
962068,201900003599,11,26,07:40,1,2,1,1.0,3.0,2A004,AVENUE DU DOCTEUR NOEL FRANCHINI,M,"41,9380300","8,7542400",2A,2019,50.0,1.0,1.0,2.0,2150325,1.0,1,4,1,2.0,,-1.0, -1,2002.0,B01,138Â 299Â 756,2.0,6.0,-1.0,1642045,1.0,2,,0.0,2.0,1.0,B01,138Â 299Â 756,1.0
962068,201900003599,11,26,07:40,1,2,1,1.0,3.0,2A004,AVENUE DU DOCTEUR NOEL FRANCHINI,M,"41,9380300","8,7542400",2A,2019,50.0,1.0,1.0,2.0,2150325,1.0,1,4,1,2.0,,-1.0, -1,2002.0,B01,138Â 299Â 756,2.0,6.0,-1.0,1642046,2.0,7,,0.0,2.0,1.0,A01,138Â 299Â 757,1.0
962068,201900003599,11,26,07:40,1,2,1,1.0,3.0,2A004,AVENUE DU DOCTEUR NOEL FRANCHINI,M,"41,9380300","8,7542400",2A,2019,50.0,1.0,1.0,2.0,2150326,1.0,1,1,1,1.0,,-1.0, -1,1973.0,A01,138Â 299Â 757,8.0,0.0,-1.0,1642045,1.0,2,,0.0,2.0,1.0,B01,138Â 299Â 756,1.0
962068,201900003599,11,26,07:40,1,2,1,1.0,3.0,2A004,AVENUE DU DOCTEUR NOEL FRANCHINI,M,"41,9380300","8,7542400",2A,2019,50.0,1.0,1.0,2.0,2150326,1.0,1,1,1,1.0,,-1.0, -1,1973.0,A01,138Â 299Â 757,8.0,0.0,-1.0,1642046,2.0,7,,0.0,2.0,1.0,A01,138Â 299Â 757,1.0
962069,201900003600,11,26,22:00,3,2,1,3.0,6.0,95268,AV DU GENERAL DE GAULLE,M,"48,9760700","2,3949000",95,2019,50.0,1.0,2.0,3.0,2150327,1.0,1,4,2,5.0,,-1.0,0,1957.0,A01,138Â 299Â 755,1.0,0.0,-1.0,1642047,1.0,7,,0.0,0.0,1.0,A01,138Â 299Â 755,0.0
962070,201900003601,11,26,11:16,1,2,1,3.0,2.0,91434,PERVENCHES (ALLEES DES),M,"48,6497300","2,3487700",91,2019,50.0,1.0,2.0,6.0,2150328,10.0,3,4,2,0.0,,9.0,B,1967.0,B01,138Â 299Â 751,8.0,0.0,-1.0,1642048,3.0,0,,0.0,2.0,2.0,B01,138Â 299Â 751,0.0
962070,201900003601,11,26,11:16,1,2,1,3.0,2.0,91434,PERVENCHES (ALLEES DES),M,"48,6497300","2,3487700",91,2019,50.0,1.0,2.0,6.0,2150328,10.0,3,4,2,0.0,,9.0,B,1967.0,B01,138Â 299Â 751,8.0,0.0,-1.0,1642049,3.0,10,,0.0,1.0,4.0,A01,138Â 299Â 752,1.0
962070,201900003601,11,26,11:16,1,2,1,3.0,2.0,91434,PERVENCHES (ALLEES DES),M,"48,6497300","2,3487700",91,2019,50.0,1.0,2.0,6.0,2150329,1.0,1,1,2,5.0,,0.0,0,1935.0,A01,138Â 299Â 752,1.0,0.0,-1.0,1642048,3.0,0,,0.0,2.0,2.0,B01,138Â 299Â 751,0.0
962070,201900003601,11,26,11:16,1,2,1,3.0,2.0,91434,PERVENCHES (ALLEES DES),M,"48,6497300","2,3487700",91,2019,50.0,1.0,2.0,6.0,2150329,1.0,1,1,2,5.0,,0.0,0,1935.0,A01,138Â 299Â 752,1.0,0.0,-1.0,1642049,3.0,10,,0.0,1.0,4.0,A01,138Â 299Â 752,1.0
962071,201900003602,11,26,08:45,2,2,2,1.0,6.0,91201,RIS (RUE DE),M,"48,6627500","2,4177600",91,2019,50.0,1.0,1.0,3.0,2150330,10.0,3,4,2,3.0,,4.0,3,1988.0,A01,138Â 299Â 749,8.0,0.0,-1.0,1642050,1.0,10,,0.0,1.0,1.0,A01,138Â 299Â 749,0.0
962072,201900003603,11,26,09:30,1,1,1,2.0,2.0,91339,RN 20,M,"48,6348000","2,2661100",91,2019,50.0,1.0,2.0,2.0,2150331,1.0,1,1,2,0.0,,0.0,0,1965.0,A01,138Â 299Â 747,1.0,0.0,-1.0,1642051,2.0,7,,0.0,2.0,1.0,A01,138Â 299Â 747,0.0
962072,201900003603,11,26,09:30,1,1,1,2.0,2.0,91339,RN 20,M,"48,6348000","2,2661100",91,2019,50.0,1.0,2.0,2.0,2150331,1.0,1,1,2,0.0,,0.0,0,1965.0,A01,138Â 299Â 747,1.0,0.0,-1.0,1642052,2.0,7,,0.0,2.0,4.0,B01,138Â 299Â 748,1.0
962072,201900003603,11,26,09:30,1,1,1,2.0,2.0,91339,RN 20,M,"48,6348000","2,2661100",91,2019,50.0,1.0,2.0,2.0,2150332,1.0,1,4,1,0.0,,0.0,0,2000.0,B01,138Â 299Â 748,1.0,0.0,-1.0,1642051,2.0,7,,0.0,2.0,1.0,A01,138Â 299Â 747,0.0
962072,201900003603,11,26,09:30,1,1,1,2.0,2.0,91339,RN 20,M,"48,6348000","2,2661100",91,2019,50.0,1.0,2.0,2.0,2150332,1.0,1,4,1,0.0,,0.0,0,2000.0,B01,138Â 299Â 748,1.0,0.0,-1.0,1642052,2.0,7,,0.0,2.0,4.0,B01,138Â 299Â 748,1.0
962073,201900003604,11,25,10:36,1,2,2,1.0,3.0,90010,DOLLFUS (RUE JEAN),M,"47,6369700","6,8427500",90,2019,50.0,1.0,1.0,4.0,2150333,1.0,1,1,1,4.0,,-1.0, -1,1986.0,B01,138Â 299Â 745,8.0,0.0,-1.0,1642053,1.0,14,,14.0,2.0,2.0,B01,138Â 299Â 745,1.0
962073,201900003604,11,25,10:36,1,2,2,1.0,3.0,90010,DOLLFUS (RUE JEAN),M,"47,6369700","6,8427500",90,2019,50.0,1.0,1.0,4.0,2150333,1.0,1,1,1,4.0,,-1.0, -1,1986.0,B01,138Â 299Â 745,8.0,0.0,-1.0,1642054,1.0,7,,0.0,2.0,2.0,A01,138Â 299Â 746,1.0
962073,201900003604,11,25,10:36,1,2,2,1.0,3.0,90010,DOLLFUS (RUE JEAN),M,"47,6369700","6,8427500",90,2019,50.0,1.0,1.0,4.0,2150334,2.0,2,4,1,4.0,,-1.0, -1,1975.0,A01,138Â 299Â 746,1.0,0.0,-1.0,1642053,1.0,14,,14.0,2.0,2.0,B01,138Â 299Â 745,1.0
962073,201900003604,11,25,10:36,1,2,2,1.0,3.0,90010,DOLLFUS (RUE JEAN),M,"47,6369700","6,8427500",90,2019,50.0,1.0,1.0,4.0,2150334,2.0,2,4,1,4.0,,-1.0, -1,1975.0,A01,138Â 299Â 746,1.0,0.0,-1.0,1642054,1.0,7,,0.0,2.0,2.0,A01,138Â 299Â 746,1.0
962073,201900003604,11,25,10:36,1,2,2,1.0,3.0,90010,DOLLFUS (RUE JEAN),M,"47,6369700","6,8427500",90,2019,50.0,1.0,1.0,4.0,2150335,1.0,1,1,2,4.0,,0.0,0,1984.0,A01,138Â 299Â 746,8.0,0.0,-1.0,1642053,1.0,14,,14.0,2.0,2.0,B01,138Â 299Â 745,1.0
962073,201900003604,11,25,10:36,1,2,2,1.0,3.0,90010,DOLLFUS (RUE JEAN),M,"47,6369700","6,8427500",90,2019,50.0,1.0,1.0,4.0,2150335,1.0,1,1,2,4.0,,0.0,0,1984.0,A01,138Â 299Â 746,8.0,0.0,-1.0,1642054,1.0,7,,0.0,2.0,2.0,A01,138Â 299Â 746,1.0
962074,201900003605,11,25,21:05,5,2,1,1.0,6.0,88160,BALZAC (RUE HONORE-DE-),M,"48,1850600","6,4664200",88,2019,50.0,1.0,1.0,4.0,2150336,1.0,1,1,1,5.0,,-1.0, -1,2001.0,B01,138Â 299Â 743,2.0,6.0,-1.0,1642055,1.0,2,,0.0,2.0,8.0,B01,138Â 299Â 743,1.0
962074,201900003605,11,25,21:05,5,2,1,1.0,6.0,88160,BALZAC (RUE HONORE-DE-),M,"48,1850600","6,4664200",88,2019,50.0,1.0,1.0,4.0,2150336,1.0,1,1,1,5.0,,-1.0, -1,2001.0,B01,138Â 299Â 743,2.0,6.0,-1.0,1642056,1.0,7,,0.0,2.0,3.0,A01,138Â 299Â 744,0.0
962074,201900003605,11,25,21:05,5,2,1,1.0,6.0,88160,BALZAC (RUE HONORE-DE-),M,"48,1850600","6,4664200",88,2019,50.0,1.0,1.0,4.0,2150337,2.0,2,4,2,5.0,,-1.0, -1,2004.0,B01,138Â 299Â 743,2.0,6.0,-1.0,1642055,1.0,2,,0.0,2.0,8.0,B01,138Â 299Â 743,1.0
962074,201900003605,11,25,21:05,5,2,1,1.0,6.0,88160,BALZAC (RUE HONORE-DE-),M,"48,1850600","6,4664200",88,2019,50.0,1.0,1.0,4.0,2150337,2.0,2,4,2,5.0,,-1.0, -1,2004.0,B01,138Â 299Â 743,2.0,6.0,-1.0,1642056,1.0,7,,0.0,2.0,3.0,A01,138Â 299Â 744,0.0
962075,201900003606,11,24,12:45,1,2,1,1.0,2.0,87085,AUTOROUTE A20,M,"45,8828900","1,2900600",87,2019,50.0,1.0,2.0,1.0,2150338,2.0,2,4,2,5.0,,0.0,0,1989.0,B01,138Â 299Â 741,1.0,0.0,-1.0,1642057,1.0,7,,0.0,2.0,4.0,B01,138Â 299Â 741,1.0
962075,201900003606,11,24,12:45,1,2,1,1.0,2.0,87085,AUTOROUTE A20,M,"45,8828900","1,2900600",87,2019,50.0,1.0,2.0,1.0,2150338,2.0,2,4,2,5.0,,0.0,0,1989.0,B01,138Â 299Â 741,1.0,0.0,-1.0,1642058,1.0,7,,0.0,2.0,1.0,A01,138Â 299Â 742,1.0
962075,201900003606,11,24,12:45,1,2,1,1.0,2.0,87085,AUTOROUTE A20,M,"45,8828900","1,2900600",87,2019,50.0,1.0,2.0,1.0,2150339,1.0,1,1,2,5.0,,0.0,0,1988.0,B01,138Â 299Â 741,1.0,0.0,-1.0,1642057,1.0,7,,0.0,2.0,4.0,B01,138Â 299Â 741,1.0
962075,201900003606,11,24,12:45,1,2,1,1.0,2.0,87085,AUTOROUTE A20,M,"45,8828900","1,2900600",87,2019,50.0,1.0,2.0,1.0,2150339,1.0,1,1,2,5.0,,0.0,0,1988.0,B01,138Â 299Â 741,1.0,0.0,-1.0,1642058,1.0,7,,0.0,2.0,1.0,A01,138Â 299Â 742,1.0
962075,201900003606,11,24,12:45,1,2,1,1.0,2.0,87085,AUTOROUTE A20,M,"45,8828900","1,2900600",87,2019,50.0,1.0,2.0,1.0,2150340,1.0,1,1,1,5.0,,0.0,0,1993.0,A01,138Â 299Â 742,8.0,0.0,-1.0,1642057,1.0,7,,0.0,2.0,4.0,B01,138Â 299Â 741,1.0
962075,201900003606,11,24,12:45,1,2,1,1.0,2.0,87085,AUTOROUTE A20,M,"45,8828900","1,2900600",87,2019,50.0,1.0,2.0,1.0,2150340,1.0,1,1,1,5.0,,0.0,0,1993.0,A01,138Â 299Â 742,8.0,0.0,-1.0,1642058,1.0,7,,0.0,2.0,1.0,A01,138Â 299Â 742,1.0