Unnamed: 0_x,num_acc,mois,jour,hrmn,lum,agg,int,atm,col,com,adr,gps,lat,long,dep,annee,vma,situ,surf,catr,Unnamed: 0_y,place,catu,grav,sexe,trajet,secu,locp,actp,an_nais,num_veh_x,id_vehicule_x,secu1,secu2,secu3,Unnamed: 0,senc,catv,occutc,obs,obsm,choc,num_veh_y,id_vehicule_y,motor
962076,201900003607,11,23,10:51,1,1,1,2.0,2.0,87050,RN520 (COUZEIX),M,"45,9018100","1,2286500",87,2019,70.0,1.0,2.0,2.0,2150341,1.0,1,4,1,5.0,,-1.0, -1,1947.0,B01,138Â 299Â 739,1.0,0.0,-1.0,1642059,2.0,7,,0.0,2.0,4.0,B01,138Â 299Â 739,1.0
962076,201900003607,11,23,10:51,1,1,1,2.0,2.0,87050,RN520 (COUZEIX),M,"45,9018100","1,2286500",87,2019,70.0,1.0,2.0,2.0,2150341,1.0,1,4,1,5.0,,-1.0, -1,1947.0,B01,138Â 299Â 739,1.0,0.0,-1.0,1642060,2.0,7,,0.0,2.0,1.0,A01,138Â 299Â 740,1.0
962076,201900003607,11,23,10:51,1,1,1,2.0,2.0,87050,RN520 (COUZEIX),M,"45,9018100","1,2286500",87,2019,70.0,1.0,2.0,2.0,2150342,1.0,1,1,1,5.0,,-1.0, -1,1981.0,A01,138Â 299Â 740,1.0,8.0,-1.0,1642059,2.0,7,,0.0,2.0,4.0,B01,138Â 299Â 739,1.0
962076,201900003607,11,23,10:51,1,1,1,2.0,2.0,87050,RN520 (COUZEIX),M,"45,9018100","1,2286500",87,2019,70.0,1.0,2.0,2.0,2150342,1.0,1,1,1,5.0,,-1.0, -1,1981.0,A01,138Â 299Â 740,1.0,8.0,-1.0,1642060,2.0,7,,0.0,2.0,1.0,A01,138Â 299Â 740,1.0
962077,201900003608,11,26,04:40,3,1,1,1.0,1.0,80021,MAIL CHAMP PILLARD,M,"49,9225300","2,2582800",80,2019,50.0,1.0,2.0,4.0,2150343,1.0,1,1,1,4.0,,-1.0, -1,1985.0,B01,138Â 299Â 735,1.0,0.0,-1.0,1642061,0.0,37,1.0,0.0,2.0,3.0,B01,138Â 299Â 735,1.0
962077,201900003608,11,26,04:40,3,1,1,1.0,1.0,80021,MAIL CHAMP PILLARD,M,"49,9225300","2,2582800",80,2019,50.0,1.0,2.0,4.0,2150343,1.0,1,1,1,4.0,,-1.0, -1,1985.0,B01,138Â 299Â 735,1.0,0.0,-1.0,1642062,0.0,7,,0.0,2.0,7.0,A01,138Â 299Â 736,1.0
962077,201900003608,11,26,04:40,3,1,1,1.0,1.0,80021,MAIL CHAMP PILLARD,M,"49,9225300","2,2582800",80,2019,50.0,1.0,2.0,4.0,2150344,1.0,1,4,1,0.0,,-1.0, -1,1990.0,A01,138Â 299Â 736,1.0,0.0,-1.0,1642061,0.0,37,1.0,0.0,2.0,3.0,B01,138Â 299Â 735,1.0
962077,201900003608,11,26,04:40,3,1,1,1.0,1.0,80021,MAIL CHAMP PILLARD,M,"49,9225300","2,2582800",80,2019,50.0,1.0,2.0,4.0,2150344,1.0,1,4,1,0.0,,-1.0, -1,1990.0,A01,138Â 299Â 736,1.0,0.0,-1.0,1642062,0.0,7,,0.0,2.0,7.0,A01,138Â 299Â 736,1.0
962078,201900003609,11,25,17:10,5,1,1,1.0,7.0,80489,RN 25,M,"49,8717500","2,3712100",80,2019,110.0,1.0,1.0,2.0,2150345,1.0,1,4,2,0.0,,-1.0, -1,1994.0,A01,138Â 299Â 734,1.0,0.0,-1.0,1642063,0.0,7,,0.0,0.0,3.0,A01,138Â 299Â 734,1.0
962079,201900003610,11,25,12:55,1,2,1,1.0,2.0,80021,CLOITRE DE LA BARGE (RUE DU),M,"49,8936800","2,2996800",80,2019,50.0,1.0,1.0,4.0,2150346,1.0,1,1,1,0.0,,-1.0, -1,1997.0,B01,138Â 299Â 732,1.0,0.0,-1.0,1642064,0.0,7,,0.0,2.0,5.0,B01,138Â 299Â 732,1.0
962079,201900003610,11,25,12:55,1,2,1,1.0,2.0,80021,CLOITRE DE LA BARGE (RUE DU),M,"49,8936800","2,2996800",80,2019,50.0,1.0,1.0,4.0,2150346,1.0,1,1,1,0.0,,-1.0, -1,1997.0,B01,138Â 299Â 732,1.0,0.0,-1.0,1642065,0.0,32,,0.0,2.0,1.0,A01,138Â 299Â 733,1.0
962079,201900003610,11,25,12:55,1,2,1,1.0,2.0,80021,CLOITRE DE LA BARGE (RUE DU),M,"49,8936800","2,2996800",80,2019,50.0,1.0,1.0,4.0,2150347,1.0,1,4,1,4.0,,0.0,0,1995.0,A01,138Â 299Â 733,2.0,0.0,-1.0,1642064,0.0,7,,0.0,2.0,5.0,B01,138Â 299Â 732,1.0
962079,201900003610,11,25,12:55,1,2,1,1.0,2.0,80021,CLOITRE DE LA BARGE (RUE DU),M,"49,8936800","2,2996800",80,2019,50.0,1.0,1.0,4.0,2150347,1.0,1,4,1,4.0,,0.0,0,1995.0,A01,138Â 299Â 733,2.0,0.0,-1.0,1642065,0.0,32,,0.0,2.0,1.0,A01,138Â 299Â 733,1.0
962080,201900003611,11,23,01:45,3,1,1,2.0,1.0,80164,CORBIE (ROUTE),M,"49,9036500","2,3740100",80,2019,80.0,1.0,2.0,3.0,2150348,1.0,1,2,2,5.0,,0.0,0,1958.0,B01,138Â 299Â 730,1.0,0.0,-1.0,1642066,0.0,7,,0.0,2.0,1.0,B01,138Â 299Â 730,1.0
962080,201900003611,11,23,01:45,3,1,1,2.0,1.0,80164,CORBIE (ROUTE),M,"49,9036500","2,3740100",80,2019,80.0,1.0,2.0,3.0,2150348,1.0,1,2,2,5.0,,0.0,0,1958.0,B01,138Â 299Â 730,1.0,0.0,-1.0,1642067,0.0,7,,0.0,2.0,7.0,A01,138Â 299Â 731,1.0
962080,201900003611,11,23,01:45,3,1,1,2.0,1.0,80164,CORBIE (ROUTE),M,"49,9036500","2,3740100",80,2019,80.0,1.0,2.0,3.0,2150349,1.0,1,2,1,5.0,,0.0,0,1985.0,A01,138Â 299Â 731,1.0,0.0,-1.0,1642066,0.0,7,,0.0,2.0,1.0,B01,138Â 299Â 730,1.0
962080,201900003611,11,23,01:45,3,1,1,2.0,1.0,80164,CORBIE (ROUTE),M,"49,9036500","2,3740100",80,2019,80.0,1.0,2.0,3.0,2150349,1.0,1,2,1,5.0,,0.0,0,1985.0,A01,138Â 299Â 731,1.0,0.0,-1.0,1642067,0.0,7,,0.0,2.0,7.0,A01,138Â 299Â 731,1.0
962081,201900003612,11,18,22:00,5,1,1,1.0,6.0,78118,RUE DES PIQUETTES,M,"48,9889640","1,6820310",78,2019,50.0,1.0,1.0,4.0,2150350,10.0,3,3,2,5.0,,4.0,3,1964.0,A01,138Â 299Â 729,8.0,0.0,-1.0,1642068,3.0,7,,0.0,1.0,1.0,A01,138Â 299Â 729,1.0
962081,201900003612,11,18,22:00,5,1,1,1.0,6.0,78118,RUE DES PIQUETTES,M,"48,9889640","1,6820310",78,2019,50.0,1.0,1.0,4.0,2150351,1.0,1,1,1,5.0,,0.0,0,1980.0,A01,138Â 299Â 729,1.0,0.0,-1.0,1642068,3.0,7,,0.0,1.0,1.0,A01,138Â 299Â 729,1.0
962082,201900003613,11,26,22:20,5,2,1,2.0,6.0,77181,D406-MARIE CURIE  (AVENUE),M,"48,8290100","2,6809900",77,2019,50.0,1.0,2.0,3.0,2150352,10.0,3,4,1,0.0,,2.0,B,1958.0,A01,138Â 299Â 727,0.0,-1.0,-1.0,1642069,1.0,7,,0.0,1.0,2.0,A01,138Â 299Â 727,1.0
962082,201900003613,11,26,22:20,5,2,1,2.0,6.0,77181,D406-MARIE CURIE  (AVENUE),M,"48,8290100","2,6809900",77,2019,50.0,1.0,2.0,3.0,2150353,1.0,1,1,1,0.0,,-1.0,0,1958.0,A01,138Â 299Â 727,1.0,0.0,-1.0,1642069,1.0,7,,0.0,1.0,2.0,A01,138Â 299Â 727,1.0
962083,201900003614,11,22,13:20,1,2,1,1.0,6.0,76351,EDOUARD VAILLANT,M,"49,5160600","0,1758500",76,2019,30.0,1.0,1.0,4.0,2150354,1.0,1,1,2,1.0,,-1.0, -1,1967.0,A01,138Â 299Â 725,1.0,0.0,-1.0,1642070,2.0,7,,0.0,1.0,1.0,A01,138Â 299Â 725,1.0
962083,201900003614,11,22,13:20,1,2,1,1.0,6.0,76351,EDOUARD VAILLANT,M,"49,5160600","0,1758500",76,2019,30.0,1.0,1.0,4.0,2150355,10.0,3,4,2,2.0,,3.0,3,2010.0,A01,138Â 299Â 725,8.0,8.0,-1.0,1642070,2.0,7,,0.0,1.0,1.0,A01,138Â 299Â 725,1.0
962084,201900003615,11,23,12:05,1,2,3,8.0,1.0,69275,EDOUARD HERRIOT                     (AV),M,"45,7724200","4,9620000",69,2019,50.0,1.0,2.0,4.0,2150356,1.0,1,4,1,0.0,,-1.0,0,1938.0,B01,138Â 299Â 723,1.0,0.0,-1.0,1642071,2.0,7,,0.0,2.0,3.0,B01,138Â 299Â 723,1.0
962084,201900003615,11,23,12:05,1,2,3,8.0,1.0,69275,EDOUARD HERRIOT                     (AV),M,"45,7724200","4,9620000",69,2019,50.0,1.0,2.0,4.0,2150356,1.0,1,4,1,0.0,,-1.0,0,1938.0,B01,138Â 299Â 723,1.0,0.0,-1.0,1642072,1.0,7,,0.0,2.0,3.0,A01,138Â 299Â 724,1.0
962084,201900003615,11,23,12:05,1,2,3,8.0,1.0,69275,EDOUARD HERRIOT                     (AV),M,"45,7724200","4,9620000",69,2019,50.0,1.0,2.0,4.0,2150357,2.0,2,4,1,0.0,,-1.0,0,2000.0,B01,138Â 299Â 723,1.0,0.0,-1.0,1642071,2.0,7,,0.0,2.0,3.0,B01,138Â 299Â 723,1.0
962084,201900003615,11,23,12:05,1,2,3,8.0,1.0,69275,EDOUARD HERRIOT                     (AV),M,"45,7724200","4,9620000",69,2019,50.0,1.0,2.0,4.0,2150357,2.0,2,4,1,0.0,,-1.0,0,2000.0,B01,138Â 299Â 723,1.0,0.0,-1.0,1642072,1.0,7,,0.0,2.0,3.0,A01,138Â 299Â 724,1.0
962084,201900003615,11,23,12:05,1,2,3,8.0,1.0,69275,EDOUARD HERRIOT                     (AV),M,"45,7724200","4,9620000",69,2019,50.0,1.0,2.0,4.0,2150358,1.0,1,1,1,0.0,,-1.0,0,1995.0,A01,138Â 299Â 724,1.0,0.0,-1.0,1642071,2.0,7,,0.0,2.0,3.0,B01,138Â 299Â 723,1.0
962084,201900003615,11,23,12:05,1,2,3,8.0,1.0,69275,EDOUARD HERRIOT                     (AV),M,"45,7724200","4,9620000",69,2019,50.0,1.0,2.0,4.0,2150358,1.0,1,1,1,0.0,,-1.0,0,1995.0,A01,138Â 299Â 724,1.0,0.0,-1.0,1642072,1.0,7,,0.0,2.0,3.0,A01,138Â 299Â 724,1.0
962085,201900003616,11,20,18:15,5,2,1,1.0,1.0,69091,JOSEPH LIAUTHAUD ( R ),M,"45,5904800","4,7650000",69,2019,50.0,1.0,1.0,3.0,2150359,1.0,1,1,1,4.0,,-1.0, -1,1987.0,B01,138Â 299Â 721,8.0,0.0,-1.0,1642073,1.0,17,,0.0,2.0,3.0,B01,138Â 299Â 721,1.0
962085,201900003616,11,20,18:15,5,2,1,1.0,1.0,69091,JOSEPH LIAUTHAUD ( R ),M,"45,5904800","4,7650000",69,2019,50.0,1.0,1.0,3.0,2150359,1.0,1,1,1,4.0,,-1.0, -1,1987.0,B01,138Â 299Â 721,8.0,0.0,-1.0,1642074,2.0,20,,0.0,2.0,1.0,A01,138Â 299Â 722,1.0
962085,201900003616,11,20,18:15,5,2,1,1.0,1.0,69091,JOSEPH LIAUTHAUD ( R ),M,"45,5904800","4,7650000",69,2019,50.0,1.0,1.0,3.0,2150360,1.0,1,3,1,3.0,,-1.0, -1,1947.0,A01,138Â 299Â 722,8.0,8.0,-1.0,1642073,1.0,17,,0.0,2.0,3.0,B01,138Â 299Â 721,1.0
962085,201900003616,11,20,18:15,5,2,1,1.0,1.0,69091,JOSEPH LIAUTHAUD ( R ),M,"45,5904800","4,7650000",69,2019,50.0,1.0,1.0,3.0,2150360,1.0,1,3,1,3.0,,-1.0, -1,1947.0,A01,138Â 299Â 722,8.0,8.0,-1.0,1642074,2.0,20,,0.0,2.0,1.0,A01,138Â 299Â 722,1.0
962086,201900003617,11,26,20:40,5,2,2,1.0,3.0,68297,VERDUN ( RUE DE ),M,"47,5807000","7,5708000",68,2019,50.0,1.0,1.0,4.0,2150361,1.0,1,1,1,5.0,,-1.0, -1,1971.0,B01,138Â 299Â 719,1.0,0.0,-1.0,1642075,2.0,7,,0.0,2.0,6.0,B01,138Â 299Â 719,1.0
962086,201900003617,11,26,20:40,5,2,2,1.0,3.0,68297,VERDUN ( RUE DE ),M,"47,5807000","7,5708000",68,2019,50.0,1.0,1.0,4.0,2150361,1.0,1,1,1,5.0,,-1.0, -1,1971.0,B01,138Â 299Â 719,1.0,0.0,-1.0,1642076,2.0,2,,0.0,2.0,1.0,A01,138Â 299Â 720,1.0
962086,201900003617,11,26,20:40,5,2,2,1.0,3.0,68297,VERDUN ( RUE DE ),M,"47,5807000","7,5708000",68,2019,50.0,1.0,1.0,4.0,2150362,1.0,1,4,1,5.0,,-1.0, -1,1987.0,A01,138Â 299Â 720,2.0,0.0,-1.0,1642075,2.0,7,,0.0,2.0,6.0,B01,138Â 299Â 719,1.0
962086,201900003617,11,26,20:40,5,2,2,1.0,3.0,68297,VERDUN ( RUE DE ),M,"47,5807000","7,5708000",68,2019,50.0,1.0,1.0,4.0,2150362,1.0,1,4,1,5.0,,-1.0, -1,1987.0,A01,138Â 299Â 720,2.0,0.0,-1.0,1642076,2.0,2,,0.0,2.0,1.0,A01,138Â 299Â 720,1.0
962087,201900003618,11,18,20:30,5,2,1,8.0,7.0,68297,MULHOUSE ( RUE DE)JUSQUE CIMETIERE DU 1,M,"47,5866200","7,5630700",68,2019,50.0,1.0,2.0,3.0,2150363,1.0,1,3,1,5.0,,-1.0, -1,1954.0,A01,138Â 299Â 718,2.0,8.0,-1.0,1642077,2.0,30,,9.0,0.0,1.0,A01,138Â 299Â 718,1.0
962088,201900003619,11,26,13:52,1,2,1,1.0,7.0,68224,KOECHLIN (RUE),M,"47,7543700","7,3334700",68,2019,50.0,1.0,1.0,4.0,2150364,1.0,1,1,2,1.0,,-1.0, -1,1975.0,A01,138Â 299Â 716,1.0,0.0,-1.0,1642078,0.0,7,,0.0,1.0,2.0,A01,138Â 299Â 716,1.0
962088,201900003619,11,26,13:52,1,2,1,1.0,7.0,68224,KOECHLIN (RUE),M,"47,7543700","7,3334700",68,2019,50.0,1.0,1.0,4.0,2150365,10.0,3,3,1,2.0,,2.0,5,2012.0,A01,138Â 299Â 716,0.0,-1.0,-1.0,1642078,0.0,7,,0.0,1.0,2.0,A01,138Â 299Â 716,1.0
962089,201900003620,11,16,13:05,1,2,1,1.0,3.0,68066,CURIE (RUE),M,"48,1085800","7,3643200",68,2019,30.0,8.0,1.0,6.0,2150366,1.0,1,1,2,5.0,,-1.0,0,1993.0,B01,138Â 299Â 714,1.0,0.0,-1.0,1642079,3.0,7,,0.0,2.0,6.0,B01,138Â 299Â 714,1.0
962089,201900003620,11,16,13:05,1,2,1,1.0,3.0,68066,CURIE (RUE),M,"48,1085800","7,3643200",68,2019,30.0,8.0,1.0,6.0,2150366,1.0,1,1,2,5.0,,-1.0,0,1993.0,B01,138Â 299Â 714,1.0,0.0,-1.0,1642080,3.0,33,,0.0,2.0,1.0,A01,138Â 299Â 715,1.0
962089,201900003620,11,16,13:05,1,2,1,1.0,3.0,68066,CURIE (RUE),M,"48,1085800","7,3643200",68,2019,30.0,8.0,1.0,6.0,2150367,1.0,1,3,1,5.0,,-1.0,0,1957.0,A01,138Â 299Â 715,2.0,6.0,-1.0,1642079,3.0,7,,0.0,2.0,6.0,B01,138Â 299Â 714,1.0
962089,201900003620,11,16,13:05,1,2,1,1.0,3.0,68066,CURIE (RUE),M,"48,1085800","7,3643200",68,2019,30.0,8.0,1.0,6.0,2150367,1.0,1,3,1,5.0,,-1.0,0,1957.0,A01,138Â 299Â 715,2.0,6.0,-1.0,1642080,3.0,33,,0.0,2.0,1.0,A01,138Â 299Â 715,1.0
962090,201900003621,11,25,19:10,5,2,3,2.0,3.0,67204,MARECHAL LECLERC (RUE DU),M,"48,6211400","7,7596390",67,2019,50.0,1.0,2.0,4.0,2150368,1.0,1,1,2,0.0,,-1.0,0,1956.0,A01,138Â 299Â 712,1.0,8.0,-1.0,1642081,1.0,7,,0.0,2.0,2.0,A01,138Â 299Â 712,1.0
962090,201900003621,11,25,19:10,5,2,3,2.0,3.0,67204,MARECHAL LECLERC (RUE DU),M,"48,6211400","7,7596390",67,2019,50.0,1.0,2.0,4.0,2150368,1.0,1,1,2,0.0,,-1.0,0,1956.0,A01,138Â 299Â 712,1.0,8.0,-1.0,1642082,1.0,1,,0.0,2.0,0.0,B01,138Â 299Â 713,5.0
962090,201900003621,11,25,19:10,5,2,3,2.0,3.0,67204,MARECHAL LECLERC (RUE DU),M,"48,6211400","7,7596390",67,2019,50.0,1.0,2.0,4.0,2150369,1.0,1,3,1,1.0,,-1.0,0,1974.0,B01,138Â 299Â 713,2.0,8.0,-1.0,1642081,1.0,7,,0.0,2.0,2.0,A01,138Â 299Â 712,1.0
962090,201900003621,11,25,19:10,5,2,3,2.0,3.0,67204,MARECHAL LECLERC (RUE DU),M,"48,6211400","7,7596390",67,2019,50.0,1.0,2.0,4.0,2150369,1.0,1,3,1,1.0,,-1.0,0,1974.0,B01,138Â 299Â 713,2.0,8.0,-1.0,1642082,1.0,1,,0.0,2.0,0.0,B01,138Â 299Â 713,5.0
962091,201900003622,11,25,17:20,5,2,1,2.0,6.0,67482,DUNTZENHEIM (RUE DE),M,"48,6002980","7,7045130",67,2019,30.0,1.0,2.0,4.0,2150370,10.0,3,4,2,0.0,,1.0,A,1968.0,A01,138Â 299Â 711,8.0,0.0,-1.0,1642083,1.0,7,,0.0,1.0,0.0,A01,138Â 299Â 711,1.0
962091,201900003622,11,25,17:20,5,2,1,2.0,6.0,67482,DUNTZENHEIM (RUE DE),M,"48,6002980","7,7045130",67,2019,30.0,1.0,2.0,4.0,2150371,1.0,1,1,2,0.0,,-1.0,0,1995.0,A01,138Â 299Â 711,1.0,8.0,-1.0,1642083,1.0,7,,0.0,1.0,0.0,A01,138Â 299Â 711,1.0
962092,201900003623,11,22,19:45,5,2,6,1.0,2.0,67267,SCHUMANN (AVENUE),M,"48,5602720","7,6929300",67,2019,50.0,1.0,1.0,4.0,2150372,2.0,2,4,2,0.0,,-1.0,0,2002.0,A01,138Â 299Â 709,1.0,8.0,-1.0,1642084,1.0,7,,0.0,2.0,1.0,A01,138Â 299Â 709,1.0
962092,201900003623,11,22,19:45,5,2,6,1.0,2.0,67267,SCHUMANN (AVENUE),M,"48,5602720","7,6929300",67,2019,50.0,1.0,1.0,4.0,2150372,2.0,2,4,2,0.0,,-1.0,0,2002.0,A01,138Â 299Â 709,1.0,8.0,-1.0,1642085,1.0,7,,0.0,2.0,4.0,B01,138Â 299Â 710,1.0
962092,201900003623,11,22,19:45,5,2,6,1.0,2.0,67267,SCHUMANN (AVENUE),M,"48,5602720","7,6929300",67,2019,50.0,1.0,1.0,4.0,2150373,5.0,2,4,1,0.0,,-1.0,0,2008.0,A01,138Â 299Â 709,1.0,8.0,-1.0,1642084,1.0,7,,0.0,2.0,1.0,A01,138Â 299Â 709,1.0
962092,201900003623,11,22,19:45,5,2,6,1.0,2.0,67267,SCHUMANN (AVENUE),M,"48,5602720","7,6929300",67,2019,50.0,1.0,1.0,4.0,2150373,5.0,2,4,1,0.0,,-1.0,0,2008.0,A01,138Â 299Â 709,1.0,8.0,-1.0,1642085,1.0,7,,0.0,2.0,4.0,B01,138Â 299Â 710,1.0
962092,201900003623,11,22,19:45,5,2,6,1.0,2.0,67267,SCHUMANN (AVENUE),M,"48,5602720","7,6929300",67,2019,50.0,1.0,1.0,4.0,2150374,4.0,2,4,2,0.0,,-1.0,0,2005.0,A01,138Â 299Â 709,1.0,8.0,-1.0,1642084,1.0,7,,0.0,2.0,1.0,A01,138Â 299Â 709,1.0
962092,201900003623,11,22,19:45,5,2,6,1.0,2.0,67267,SCHUMANN (AVENUE),M,"48,5602720","7,6929300",67,2019,50.0,1.0,1.0,4.0,2150374,4.0,2,4,2,0.0,,-1.0,0,2005.0,A01,138Â 299Â 709,1.0,8.0,-1.0,1642085,1.0,7,,0.0,2.0,4.0,B01,138Â 299Â 710,1.0
962092,201900003623,11,22,19:45,5,2,6,1.0,2.0,67267,SCHUMANN (AVENUE),M,"48,5602720","7,6929300",67,2019,50.0,1.0,1.0,4.0,2150375,1.0,1,1,1,0.0,,-1.0,0,1969.0,A01,138Â 299Â 709,1.0,8.0,-1.0,1642084,1.0,7,,0.0,2.0,1.0,A01,138Â 299Â 709,1.0
962092,201900003623,11,22,19:45,5,2,6,1.0,2.0,67267,SCHUMANN (AVENUE),M,"48,5602720","7,6929300",67,2019,50.0,1.0,1.0,4.0,2150375,1.0,1,1,1,0.0,,-1.0,0,1969.0,A01,138Â 299Â 709,1.0,8.0,-1.0,1642085,1.0,7,,0.0,2.0,4.0,B01,138Â 299Â 710,1.0
962092,201900003623,11,22,19:45,5,2,6,1.0,2.0,67267,SCHUMANN (AVENUE),M,"48,5602720","7,6929300",67,2019,50.0,1.0,1.0,4.0,2150376,2.0,2,4,1,0.0,,-1.0,0,2003.0,B01,138Â 299Â 710,1.0,8.0,-1.0,1642084,1.0,7,,0.0,2.0,1.0,A01,138Â 299Â 709,1.0
962092,201900003623,11,22,19:45,5,2,6,1.0,2.0,67267,SCHUMANN (AVENUE),M,"48,5602720","7,6929300",67,2019,50.0,1.0,1.0,4.0,2150376,2.0,2,4,1,0.0,,-1.0,0,2003.0,B01,138Â 299Â 710,1.0,8.0,-1.0,1642085,1.0,7,,0.0,2.0,4.0,B01,138Â 299Â 710,1.0
962092,201900003623,11,22,19:45,5,2,6,1.0,2.0,67267,SCHUMANN (AVENUE),M,"48,5602720","7,6929300",67,2019,50.0,1.0,1.0,4.0,2150377,1.0,1,1,1,0.0,,-1.0,0,1972.0,B01,138Â 299Â 710,1.0,8.0,-1.0,1642084,1.0,7,,0.0,2.0,1.0,A01,138Â 299Â 709,1.0
962092,201900003623,11,22,19:45,5,2,6,1.0,2.0,67267,SCHUMANN (AVENUE),M,"48,5602720","7,6929300",67,2019,50.0,1.0,1.0,4.0,2150377,1.0,1,1,1,0.0,,-1.0,0,1972.0,B01,138Â 299Â 710,1.0,8.0,-1.0,1642085,1.0,7,,0.0,2.0,4.0,B01,138Â 299Â 710,1.0
962093,201900003624,11,25,07:15,3,1,1,1.0,1.0,67462,RD422,M,"48,2878800","7,4575800",67,2019,80.0,1.0,1.0,3.0,2150378,1.0,1,1,1,4.0,,0.0,0,1973.0,A01,138Â 299Â 707,1.0,8.0,-1.0,1642086,3.0,10,,0.0,2.0,1.0,A01,138Â 299Â 707,1.0
962093,201900003624,11,25,07:15,3,1,1,1.0,1.0,67462,RD422,M,"48,2878800","7,4575800",67,2019,80.0,1.0,1.0,3.0,2150378,1.0,1,1,1,4.0,,0.0,0,1973.0,A01,138Â 299Â 707,1.0,8.0,-1.0,1642087,3.0,7,,0.0,2.0,1.0,B01,138Â 299Â 708,1.0
962093,201900003624,11,25,07:15,3,1,1,1.0,1.0,67462,RD422,M,"48,2878800","7,4575800",67,2019,80.0,1.0,1.0,3.0,2150379,1.0,1,4,2,1.0,,0.0,0,1986.0,B01,138Â 299Â 708,1.0,8.0,-1.0,1642086,3.0,10,,0.0,2.0,1.0,A01,138Â 299Â 707,1.0
962093,201900003624,11,25,07:15,3,1,1,1.0,1.0,67462,RD422,M,"48,2878800","7,4575800",67,2019,80.0,1.0,1.0,3.0,2150379,1.0,1,4,2,1.0,,0.0,0,1986.0,B01,138Â 299Â 708,1.0,8.0,-1.0,1642087,3.0,7,,0.0,2.0,1.0,B01,138Â 299Â 708,1.0
962094,201900003625,11,25,17:30,2,2,1,1.0,3.0,65251,PYRENEES (RUE DES),M,"43,2170750","0,0713910",65,2019,50.0,1.0,1.0,3.0,2150380,1.0,1,1,1,5.0,,-1.0, -1,1932.0,A01,138Â 299Â 705,1.0,0.0,-1.0,1642088,2.0,7,,0.0,2.0,3.0,A01,138Â 299Â 705,1.0
962094,201900003625,11,25,17:30,2,2,1,1.0,3.0,65251,PYRENEES (RUE DES),M,"43,2170750","0,0713910",65,2019,50.0,1.0,1.0,3.0,2150380,1.0,1,1,1,5.0,,-1.0, -1,1932.0,A01,138Â 299Â 705,1.0,0.0,-1.0,1642089,1.0,30,,0.0,2.0,1.0,B01,138Â 299Â 706,1.0
962094,201900003625,11,25,17:30,2,2,1,1.0,3.0,65251,PYRENEES (RUE DES),M,"43,2170750","0,0713910",65,2019,50.0,1.0,1.0,3.0,2150381,1.0,1,3,1,5.0,,-1.0,0,1981.0,B01,138Â 299Â 706,2.0,0.0,-1.0,1642088,2.0,7,,0.0,2.0,3.0,A01,138Â 299Â 705,1.0
962094,201900003625,11,25,17:30,2,2,1,1.0,3.0,65251,PYRENEES (RUE DES),M,"43,2170750","0,0713910",65,2019,50.0,1.0,1.0,3.0,2150381,1.0,1,3,1,5.0,,-1.0,0,1981.0,B01,138Â 299Â 706,2.0,0.0,-1.0,1642089,1.0,30,,0.0,2.0,1.0,B01,138Â 299Â 706,1.0
962095,201900003626,11,26,07:45,1,2,1,1.0,2.0,64445,EMILE GARET,M,"43,3014200"," -0,3612300",64,2019,50.0,1.0,1.0,4.0,2150382,1.0,1,4,2,1.0,,-1.0,0,1977.0,B01,138Â 299Â 703,1.0,8.0,-1.0,1642090,1.0,7,,0.0,2.0,4.0,B01,138Â 299Â 703,1.0
962095,201900003626,11,26,07:45,1,2,1,1.0,2.0,64445,EMILE GARET,M,"43,3014200"," -0,3612300",64,2019,50.0,1.0,1.0,4.0,2150382,1.0,1,4,2,1.0,,-1.0,0,1977.0,B01,138Â 299Â 703,1.0,8.0,-1.0,1642091,1.0,10,,0.0,2.0,1.0,A01,138Â 299Â 704,1.0
962095,201900003626,11,26,07:45,1,2,1,1.0,2.0,64445,EMILE GARET,M,"43,3014200"," -0,3612300",64,2019,50.0,1.0,1.0,4.0,2150383,1.0,1,1,1,4.0,,-1.0,0,1999.0,A01,138Â 299Â 704,1.0,8.0,-1.0,1642090,1.0,7,,0.0,2.0,4.0,B01,138Â 299Â 703,1.0
962095,201900003626,11,26,07:45,1,2,1,1.0,2.0,64445,EMILE GARET,M,"43,3014200"," -0,3612300",64,2019,50.0,1.0,1.0,4.0,2150383,1.0,1,1,1,4.0,,-1.0,0,1999.0,A01,138Â 299Â 704,1.0,8.0,-1.0,1642091,1.0,10,,0.0,2.0,1.0,A01,138Â 299Â 704,1.0
962096,201900003627,11,25,21:20,3,1,9,2.0,2.0,60463,RD 200_CARREFOUR FAIDHERBE EXCLUS_PROLON,M,"49,2769400","2,4613800",60,2019,90.0,1.0,2.0,3.0,2150384,1.0,1,1,1,5.0,,-1.0,0,1995.0,A01,138Â 299Â 701,1.0,8.0,-1.0,1642092,3.0,7,,0.0,2.0,1.0,A01,138Â 299Â 701,1.0
962096,201900003627,11,25,21:20,3,1,9,2.0,2.0,60463,RD 200_CARREFOUR FAIDHERBE EXCLUS_PROLON,M,"49,2769400","2,4613800",60,2019,90.0,1.0,2.0,3.0,2150384,1.0,1,1,1,5.0,,-1.0,0,1995.0,A01,138Â 299Â 701,1.0,8.0,-1.0,1642093,3.0,2,,0.0,2.0,4.0,B01,138Â 299Â 702,1.0