Unnamed: 0_x,num_acc,mois,jour,hrmn,lum,agg,int,atm,col,com,adr,gps,lat,long,dep,annee,vma,situ,surf,catr,Unnamed: 0_y,place,catu,grav,sexe,trajet,secu,locp,actp,an_nais,num_veh_x,id_vehicule_x,secu1,secu2,secu3,Unnamed: 0,senc,catv,occutc,obs,obsm,choc,num_veh_y,id_vehicule_y,motor
962096,201900003627,11,25,21:20,3,1,9,2.0,2.0,60463,RD 200_CARREFOUR FAIDHERBE EXCLUS_PROLON,M,"49,2769400","2,4613800",60,2019,90.0,1.0,2.0,3.0,2150385,1.0,1,2,1,5.0,,-1.0,0,1981.0,B01,138Â 299Â 702,2.0,6.0,-1.0,1642092,3.0,7,,0.0,2.0,1.0,A01,138Â 299Â 701,1.0
962096,201900003627,11,25,21:20,3,1,9,2.0,2.0,60463,RD 200_CARREFOUR FAIDHERBE EXCLUS_PROLON,M,"49,2769400","2,4613800",60,2019,90.0,1.0,2.0,3.0,2150385,1.0,1,2,1,5.0,,-1.0,0,1981.0,B01,138Â 299Â 702,2.0,6.0,-1.0,1642093,3.0,2,,0.0,2.0,4.0,B01,138Â 299Â 702,1.0
962097,201900003628,11,26,18:27,5,1,3,2.0,3.0,59098,LINSELLES (RUE DE),M,"50,7621490","3,0781111",59,2019,80.0,1.0,2.0,7.0,2150386,1.0,1,1,2,5.0,,0.0,0,1953.0,A01,138Â 299Â 699,1.0,8.0,-1.0,1642094,0.0,7,,0.0,2.0,2.0,A01,138Â 299Â 699,1.0
962097,201900003628,11,26,18:27,5,1,3,2.0,3.0,59098,LINSELLES (RUE DE),M,"50,7621490","3,0781111",59,2019,80.0,1.0,2.0,7.0,2150386,1.0,1,1,2,5.0,,0.0,0,1953.0,A01,138Â 299Â 699,1.0,8.0,-1.0,1642095,0.0,1,,0.0,2.0,1.0,B01,138Â 299Â 700,5.0
962097,201900003628,11,26,18:27,5,1,3,2.0,3.0,59098,LINSELLES (RUE DE),M,"50,7621490","3,0781111",59,2019,80.0,1.0,2.0,7.0,2150387,2.0,1,4,1,1.0,,-1.0, -1,1991.0,B01,138Â 299Â 700,8.0,8.0,-1.0,1642094,0.0,7,,0.0,2.0,2.0,A01,138Â 299Â 699,1.0
962097,201900003628,11,26,18:27,5,1,3,2.0,3.0,59098,LINSELLES (RUE DE),M,"50,7621490","3,0781111",59,2019,80.0,1.0,2.0,7.0,2150387,2.0,1,4,1,1.0,,-1.0, -1,1991.0,B01,138Â 299Â 700,8.0,8.0,-1.0,1642095,0.0,1,,0.0,2.0,1.0,B01,138Â 299Â 700,5.0
962098,201900003629,11,7,07:50,5,2,9,2.0,6.0,59360,AVINEE EUGENE AVENUE,M,"50,6052700","3,0297300",59,2019,50.0,1.0,2.0,4.0,2150388,1.0,1,1,1,9.0,,0.0,0,1979.0,A01,138Â 299Â 695,8.0,0.0,-1.0,1642096,3.0,7,,0.0,1.0,0.0,A01,138Â 299Â 695,1.0
962098,201900003629,11,7,07:50,5,2,9,2.0,6.0,59360,AVINEE EUGENE AVENUE,M,"50,6052700","3,0297300",59,2019,50.0,1.0,2.0,4.0,2150389,10.0,3,4,2,2.0,,3.0,3,2001.0,A01,138Â 299Â 695,8.0,0.0,-1.0,1642096,3.0,7,,0.0,1.0,0.0,A01,138Â 299Â 695,1.0
962099,201900003630,11,25,10:16,1,2,1,1.0,6.0,56083,VAILLANT ( AV. EDOUARD ),M,"47,8169900"," -3,2561100",56,2019,50.0,4.0,1.0,4.0,2150390,1.0,1,4,2,5.0,,-1.0,0,1990.0,A01,138Â 299Â 688,1.0,8.0,-1.0,1642097,2.0,7,,1.0,0.0,1.0,A01,138Â 299Â 688,1.0
962100,201900003631,11,25,09:40,1,2,1,1.0,2.0,56107,ROUTE DEPARTEMENTALE 29,M,"47,7271700"," -3,3840600",56,2019,50.0,1.0,1.0,3.0,2150391,1.0,1,4,2,0.0,,-1.0,0,1962.0,A01,138Â 299Â 686,1.0,8.0,-1.0,1642098,1.0,7,,0.0,2.0,1.0,A01,138Â 299Â 686,1.0
962100,201900003631,11,25,09:40,1,2,1,1.0,2.0,56107,ROUTE DEPARTEMENTALE 29,M,"47,7271700"," -3,3840600",56,2019,50.0,1.0,1.0,3.0,2150391,1.0,1,4,2,0.0,,-1.0,0,1962.0,A01,138Â 299Â 686,1.0,8.0,-1.0,1642099,1.0,10,,0.0,2.0,4.0,B01,138Â 299Â 687,1.0
962100,201900003631,11,25,09:40,1,2,1,1.0,2.0,56107,ROUTE DEPARTEMENTALE 29,M,"47,7271700"," -3,3840600",56,2019,50.0,1.0,1.0,3.0,2150392,1.0,1,1,1,4.0,,-1.0,0,1998.0,B01,138Â 299Â 687,1.0,8.0,-1.0,1642098,1.0,7,,0.0,2.0,1.0,A01,138Â 299Â 686,1.0
962100,201900003631,11,25,09:40,1,2,1,1.0,2.0,56107,ROUTE DEPARTEMENTALE 29,M,"47,7271700"," -3,3840600",56,2019,50.0,1.0,1.0,3.0,2150392,1.0,1,1,1,4.0,,-1.0,0,1998.0,B01,138Â 299Â 687,1.0,8.0,-1.0,1642099,1.0,10,,0.0,2.0,4.0,B01,138Â 299Â 687,1.0
962101,201900003632,11,25,16:48,2,2,1,1.0,7.0,54304,AIGUILLETTES  (BD 16 A 22-21 SEUL),M,"48,6781100","6,1446400",54,2019,50.0,2.0,1.0,7.0,2150393,1.0,1,1,1,9.0,,0.0,0,1961.0,A01,138Â 299Â 685,8.0,0.0,-1.0,1642100,1.0,7,,0.0,1.0,1.0,A01,138Â 299Â 685,1.0
962101,201900003632,11,25,16:48,2,2,1,1.0,7.0,54304,AIGUILLETTES  (BD 16 A 22-21 SEUL),M,"48,6781100","6,1446400",54,2019,50.0,2.0,1.0,7.0,2150394,10.0,3,4,2,0.0,,3.0,3,2008.0,A01,138Â 299Â 685,8.0,0.0,-1.0,1642100,1.0,7,,0.0,1.0,1.0,A01,138Â 299Â 685,1.0
962102,201900003633,11,25,17:25,2,2,1,1.0,3.0,49267,PUITS DES BOIS LIEU DIT,M,"47,4733800"," -0,4657500",49,2019,60.0,1.0,2.0,4.0,2150395,2.0,2,4,2,0.0,,-1.0,0,1982.0,B01,138Â 299Â 681,1.0,8.0,-1.0,1642101,1.0,7,,0.0,2.0,1.0,B01,138Â 299Â 681,1.0
962102,201900003633,11,25,17:25,2,2,1,1.0,3.0,49267,PUITS DES BOIS LIEU DIT,M,"47,4733800"," -0,4657500",49,2019,60.0,1.0,2.0,4.0,2150395,2.0,2,4,2,0.0,,-1.0,0,1982.0,B01,138Â 299Â 681,1.0,8.0,-1.0,1642102,1.0,7,,0.0,2.0,8.0,A01,138Â 299Â 682,1.0
962102,201900003633,11,25,17:25,2,2,1,1.0,3.0,49267,PUITS DES BOIS LIEU DIT,M,"47,4733800"," -0,4657500",49,2019,60.0,1.0,2.0,4.0,2150396,1.0,1,4,2,0.0,,-1.0,0,1961.0,B01,138Â 299Â 681,1.0,8.0,-1.0,1642101,1.0,7,,0.0,2.0,1.0,B01,138Â 299Â 681,1.0
962102,201900003633,11,25,17:25,2,2,1,1.0,3.0,49267,PUITS DES BOIS LIEU DIT,M,"47,4733800"," -0,4657500",49,2019,60.0,1.0,2.0,4.0,2150396,1.0,1,4,2,0.0,,-1.0,0,1961.0,B01,138Â 299Â 681,1.0,8.0,-1.0,1642102,1.0,7,,0.0,2.0,8.0,A01,138Â 299Â 682,1.0
962102,201900003633,11,25,17:25,2,2,1,1.0,3.0,49267,PUITS DES BOIS LIEU DIT,M,"47,4733800"," -0,4657500",49,2019,60.0,1.0,2.0,4.0,2150397,1.0,1,1,1,0.0,,-1.0, -1,1972.0,A01,138Â 299Â 682,1.0,8.0,-1.0,1642101,1.0,7,,0.0,2.0,1.0,B01,138Â 299Â 681,1.0
962102,201900003633,11,25,17:25,2,2,1,1.0,3.0,49267,PUITS DES BOIS LIEU DIT,M,"47,4733800"," -0,4657500",49,2019,60.0,1.0,2.0,4.0,2150397,1.0,1,1,1,0.0,,-1.0, -1,1972.0,A01,138Â 299Â 682,1.0,8.0,-1.0,1642102,1.0,7,,0.0,2.0,8.0,A01,138Â 299Â 682,1.0
962103,201900003634,11,25,12:41,1,2,1,1.0,6.0,49007,MONPLAISIR BOULEVARD,M,"47,4879300"," -0,5164200",49,2019,60.0,1.0,2.0,4.0,2150398,1.0,1,1,2,0.0,,-1.0, -1,1974.0,A01,138Â 299Â 680,1.0,8.0,-1.0,1642103,1.0,7,,0.0,1.0,0.0,A01,138Â 299Â 680,1.0
962103,201900003634,11,25,12:41,1,2,1,1.0,6.0,49007,MONPLAISIR BOULEVARD,M,"47,4879300"," -0,5164200",49,2019,60.0,1.0,2.0,4.0,2150399,10.0,3,4,2,0.0,,9.0,B,2002.0,A01,138Â 299Â 680,8.0,0.0,-1.0,1642103,1.0,7,,0.0,1.0,0.0,A01,138Â 299Â 680,1.0
962104,201900003635,11,25,09:22,1,2,1,1.0,7.0,49015,RN 162,M,"47,5201000"," -0,6095000",49,2019,60.0,1.0,2.0,4.0,2150400,2.0,2,4,1,4.0,,-1.0,0,1960.0,A01,138Â 299Â 679,1.0,8.0,-1.0,1642104,1.0,7,,0.0,0.0,8.0,A01,138Â 299Â 679,3.0
962104,201900003635,11,25,09:22,1,2,1,1.0,7.0,49015,RN 162,M,"47,5201000"," -0,6095000",49,2019,60.0,1.0,2.0,4.0,2150401,1.0,1,4,1,4.0,,-1.0, -1,1993.0,A01,138Â 299Â 679,1.0,8.0,-1.0,1642104,1.0,7,,0.0,0.0,8.0,A01,138Â 299Â 679,3.0
962105,201900003636,11,22,12:44,1,2,1,1.0,1.0,49007,LARREY,M,"47,4793100"," -0,5556300",49,2019,60.0,1.0,2.0,4.0,2150402,1.0,1,1,1,0.0,,-1.0,0,1976.0,B01,138Â 299Â 677,1.0,8.0,-1.0,1642105,1.0,7,,0.0,2.0,1.0,B01,138Â 299Â 677,1.0
962105,201900003636,11,22,12:44,1,2,1,1.0,1.0,49007,LARREY,M,"47,4793100"," -0,5556300",49,2019,60.0,1.0,2.0,4.0,2150402,1.0,1,1,1,0.0,,-1.0,0,1976.0,B01,138Â 299Â 677,1.0,8.0,-1.0,1642106,1.0,7,,0.0,2.0,1.0,A01,138Â 299Â 678,1.0
962105,201900003636,11,22,12:44,1,2,1,1.0,1.0,49007,LARREY,M,"47,4793100"," -0,5556300",49,2019,60.0,1.0,2.0,4.0,2150403,2.0,2,4,2,0.0,,-1.0, -1,1937.0,A01,138Â 299Â 678,1.0,8.0,-1.0,1642105,1.0,7,,0.0,2.0,1.0,B01,138Â 299Â 677,1.0
962105,201900003636,11,22,12:44,1,2,1,1.0,1.0,49007,LARREY,M,"47,4793100"," -0,5556300",49,2019,60.0,1.0,2.0,4.0,2150403,2.0,2,4,2,0.0,,-1.0, -1,1937.0,A01,138Â 299Â 678,1.0,8.0,-1.0,1642106,1.0,7,,0.0,2.0,1.0,A01,138Â 299Â 678,1.0
962105,201900003636,11,22,12:44,1,2,1,1.0,1.0,49007,LARREY,M,"47,4793100"," -0,5556300",49,2019,60.0,1.0,2.0,4.0,2150404,1.0,1,1,1,0.0,,-1.0, -1,1959.0,A01,138Â 299Â 678,1.0,8.0,-1.0,1642105,1.0,7,,0.0,2.0,1.0,B01,138Â 299Â 677,1.0
962105,201900003636,11,22,12:44,1,2,1,1.0,1.0,49007,LARREY,M,"47,4793100"," -0,5556300",49,2019,60.0,1.0,2.0,4.0,2150404,1.0,1,1,1,0.0,,-1.0, -1,1959.0,A01,138Â 299Â 678,1.0,8.0,-1.0,1642106,1.0,7,,0.0,2.0,1.0,A01,138Â 299Â 678,1.0
962106,201900003637,11,26,14:45,1,2,1,1.0,1.0,45234,PLACE SAINT CHARLES,M,"47,8940100","1,9124200",45,2019,50.0,1.0,1.0,4.0,2150405,1.0,1,1,1,5.0,,0.0,0,1942.0,B01,138Â 299Â 675,1.0,0.0,-1.0,1642107,1.0,7,,0.0,2.0,1.0,B01,138Â 299Â 675,1.0
962106,201900003637,11,26,14:45,1,2,1,1.0,1.0,45234,PLACE SAINT CHARLES,M,"47,8940100","1,9124200",45,2019,50.0,1.0,1.0,4.0,2150405,1.0,1,1,1,5.0,,0.0,0,1942.0,B01,138Â 299Â 675,1.0,0.0,-1.0,1642108,2.0,50,,0.0,2.0,1.0,A01,138Â 299Â 676,3.0
962106,201900003637,11,26,14:45,1,2,1,1.0,1.0,45234,PLACE SAINT CHARLES,M,"47,8940100","1,9124200",45,2019,50.0,1.0,1.0,4.0,2150406,1.0,1,4,1,5.0,,0.0,0,1984.0,A01,138Â 299Â 676,8.0,0.0,-1.0,1642107,1.0,7,,0.0,2.0,1.0,B01,138Â 299Â 675,1.0
962106,201900003637,11,26,14:45,1,2,1,1.0,1.0,45234,PLACE SAINT CHARLES,M,"47,8940100","1,9124200",45,2019,50.0,1.0,1.0,4.0,2150406,1.0,1,4,1,5.0,,0.0,0,1984.0,A01,138Â 299Â 676,8.0,0.0,-1.0,1642108,2.0,50,,0.0,2.0,1.0,A01,138Â 299Â 676,3.0
962107,201900003638,11,26,12:40,1,2,1,1.0,2.0,41295,LAVOISIER (RUE),M,"47,5743100","1,3715000",41,2019,50.0,1.0,2.0,4.0,2150407,1.0,1,4,2,1.0,,0.0, -1,1995.0,B01,138Â 299Â 672,1.0,0.0,-1.0,1642109,0.0,7,,0.0,1.0,4.0,B01,138Â 299Â 672,1.0
962107,201900003638,11,26,12:40,1,2,1,1.0,2.0,41295,LAVOISIER (RUE),M,"47,5743100","1,3715000",41,2019,50.0,1.0,2.0,4.0,2150407,1.0,1,4,2,1.0,,0.0, -1,1995.0,B01,138Â 299Â 672,1.0,0.0,-1.0,1642110,0.0,7,,0.0,2.0,1.0,A01,138Â 299Â 673,1.0
962107,201900003638,11,26,12:40,1,2,1,1.0,2.0,41295,LAVOISIER (RUE),M,"47,5743100","1,3715000",41,2019,50.0,1.0,2.0,4.0,2150408,1.0,1,1,1,0.0,,0.0, -1,1996.0,A01,138Â 299Â 673,1.0,0.0,-1.0,1642109,0.0,7,,0.0,1.0,4.0,B01,138Â 299Â 672,1.0
962107,201900003638,11,26,12:40,1,2,1,1.0,2.0,41295,LAVOISIER (RUE),M,"47,5743100","1,3715000",41,2019,50.0,1.0,2.0,4.0,2150408,1.0,1,1,1,0.0,,0.0, -1,1996.0,A01,138Â 299Â 673,1.0,0.0,-1.0,1642110,0.0,7,,0.0,2.0,1.0,A01,138Â 299Â 673,1.0
962108,201900003639,9,23,18:50,2,1,1,1.0,3.0,39150,,M,"47,0669480","5,4520400",39,2019,80.0,1.0,1.0,3.0,2150409,1.0,1,3,1,0.0,,-1.0,0,1978.0,B01,138Â 299Â 670,2.0,0.0,-1.0,1642111,1.0,33,,0.0,2.0,1.0,B01,138Â 299Â 670,1.0
962108,201900003639,9,23,18:50,2,1,1,1.0,3.0,39150,,M,"47,0669480","5,4520400",39,2019,80.0,1.0,1.0,3.0,2150409,1.0,1,3,1,0.0,,-1.0,0,1978.0,B01,138Â 299Â 670,2.0,0.0,-1.0,1642112,2.0,7,,0.0,2.0,6.0,A01,138Â 299Â 671,1.0
962108,201900003639,9,23,18:50,2,1,1,1.0,3.0,39150,,M,"47,0669480","5,4520400",39,2019,80.0,1.0,1.0,3.0,2150410,1.0,1,1,1,5.0,,-1.0, -1,1941.0,A01,138Â 299Â 671,1.0,0.0,-1.0,1642111,1.0,33,,0.0,2.0,1.0,B01,138Â 299Â 670,1.0
962108,201900003639,9,23,18:50,2,1,1,1.0,3.0,39150,,M,"47,0669480","5,4520400",39,2019,80.0,1.0,1.0,3.0,2150410,1.0,1,1,1,5.0,,-1.0, -1,1941.0,A01,138Â 299Â 671,1.0,0.0,-1.0,1642112,2.0,7,,0.0,2.0,6.0,A01,138Â 299Â 671,1.0
962109,201900003640,9,6,06:30,2,1,1,1.0,6.0,39198,,M,"47,0998000","5,4663000",39,2019,80.0,3.0,1.0,3.0,2150411,1.0,1,4,1,0.0,,-1.0, -1,1971.0,A01,138Â 299Â 669,1.0,-1.0,-1.0,1642113,2.0,7,,8.0,0.0,3.0,A01,138Â 299Â 669,1.0
962110,201900003641,11,26,08:05,1,2,5,8.0,3.0,38563,BERANGER (RUE DE),M,"45,3634540","5,5908550",38,2019,50.0,1.0,1.0,4.0,2150412,1.0,1,1,2,1.0,,-1.0, -1,1979.0,A01,138Â 299Â 667,1.0,0.0,-1.0,1642114,1.0,7,,0.0,2.0,3.0,A01,138Â 299Â 667,1.0
962110,201900003641,11,26,08:05,1,2,5,8.0,3.0,38563,BERANGER (RUE DE),M,"45,3634540","5,5908550",38,2019,50.0,1.0,1.0,4.0,2150412,1.0,1,1,2,1.0,,-1.0, -1,1979.0,A01,138Â 299Â 667,1.0,0.0,-1.0,1642115,1.0,1,,0.0,2.0,1.0,B01,138Â 299Â 668,5.0
962110,201900003641,11,26,08:05,1,2,5,8.0,3.0,38563,BERANGER (RUE DE),M,"45,3634540","5,5908550",38,2019,50.0,1.0,1.0,4.0,2150413,1.0,1,3,1,1.0,,-1.0, -1,1974.0,B01,138Â 299Â 668,2.0,8.0,-1.0,1642114,1.0,7,,0.0,2.0,3.0,A01,138Â 299Â 667,1.0
962110,201900003641,11,26,08:05,1,2,5,8.0,3.0,38563,BERANGER (RUE DE),M,"45,3634540","5,5908550",38,2019,50.0,1.0,1.0,4.0,2150413,1.0,1,3,1,1.0,,-1.0, -1,1974.0,B01,138Â 299Â 668,2.0,8.0,-1.0,1642115,1.0,1,,0.0,2.0,1.0,B01,138Â 299Â 668,5.0
962111,201900003642,11,26,18:20,5,2,1,2.0,6.0,37261,CROIX MONTOIRE (RUE DE LA),M,"47,4050300","0,6806800",37,2019,50.0,1.0,2.0,4.0,2150414,1.0,1,1,1,5.0,,-1.0,0,2000.0,A01,138Â 299Â 666,1.0,0.0,-1.0,1642116,1.0,7,,0.0,1.0,4.0,A01,138Â 299Â 666,1.0
962111,201900003642,11,26,18:20,5,2,1,2.0,6.0,37261,CROIX MONTOIRE (RUE DE LA),M,"47,4050300","0,6806800",37,2019,50.0,1.0,2.0,4.0,2150415,10.0,3,4,2,0.0,,1.0,3,1936.0,A01,138Â 299Â 666,0.0,0.0,-1.0,1642116,1.0,7,,0.0,1.0,4.0,A01,138Â 299Â 666,1.0
962112,201900003643,11,25,18:25,5,2,1,9.0,6.0,37122,ROTIERE (RUE DE LA),M,"47,3460230","0,6623624",37,2019,50.0,1.0,2.0,4.0,2150416,10.0,3,4,2,3.0,,3.0,3,1979.0,A01,138Â 299Â 665,0.0,-1.0,-1.0,1642117,1.0,20,,0.0,1.0,1.0,A01,138Â 299Â 665,1.0
962113,201900003644,11,27,00:50,5,2,2,1.0,3.0,33550,RTE DE TOULOUSE,M,"44,7817100"," -0,5659200",33,2019,50.0,1.0,2.0,4.0,2150417,1.0,1,1,1,9.0,,-1.0, -1,1989.0,B01,138Â 299Â 663,1.0,0.0,-1.0,1642118,2.0,7,,8.0,2.0,1.0,B01,138Â 299Â 663,1.0
962113,201900003644,11,27,00:50,5,2,2,1.0,3.0,33550,RTE DE TOULOUSE,M,"44,7817100"," -0,5659200",33,2019,50.0,1.0,2.0,4.0,2150417,1.0,1,1,1,9.0,,-1.0, -1,1989.0,B01,138Â 299Â 663,1.0,0.0,-1.0,1642119,1.0,7,,0.0,2.0,2.0,A01,138Â 299Â 664,1.0
962113,201900003644,11,27,00:50,5,2,2,1.0,3.0,33550,RTE DE TOULOUSE,M,"44,7817100"," -0,5659200",33,2019,50.0,1.0,2.0,4.0,2150418,1.0,1,1,1,0.0,,-1.0, -1,1989.0,A01,138Â 299Â 664,1.0,0.0,-1.0,1642118,2.0,7,,8.0,2.0,1.0,B01,138Â 299Â 663,1.0
962113,201900003644,11,27,00:50,5,2,2,1.0,3.0,33550,RTE DE TOULOUSE,M,"44,7817100"," -0,5659200",33,2019,50.0,1.0,2.0,4.0,2150418,1.0,1,1,1,0.0,,-1.0, -1,1989.0,A01,138Â 299Â 664,1.0,0.0,-1.0,1642119,1.0,7,,0.0,2.0,2.0,A01,138Â 299Â 664,1.0
962113,201900003644,11,27,00:50,5,2,2,1.0,3.0,33550,RTE DE TOULOUSE,M,"44,7817100"," -0,5659200",33,2019,50.0,1.0,2.0,4.0,2150419,2.0,2,4,1,9.0,,-1.0,0,1992.0,A01,138Â 299Â 664,1.0,0.0,-1.0,1642118,2.0,7,,8.0,2.0,1.0,B01,138Â 299Â 663,1.0
962113,201900003644,11,27,00:50,5,2,2,1.0,3.0,33550,RTE DE TOULOUSE,M,"44,7817100"," -0,5659200",33,2019,50.0,1.0,2.0,4.0,2150419,2.0,2,4,1,9.0,,-1.0,0,1992.0,A01,138Â 299Â 664,1.0,0.0,-1.0,1642119,1.0,7,,0.0,2.0,2.0,A01,138Â 299Â 664,1.0
962114,201900003645,11,26,14:35,1,2,1,1.0,2.0,33529,72 RUE JEAN DE GRAILLY,M,"44,6273900"," -1,1412200",33,2019,50.0,1.0,1.0,4.0,2150420,1.0,1,4,1,4.0,,-1.0, -1,1965.0,B01,138Â 299Â 661,1.0,0.0,-1.0,1642120,1.0,3,,0.0,2.0,6.0,B01,138Â 299Â 661,3.0
962114,201900003645,11,26,14:35,1,2,1,1.0,2.0,33529,72 RUE JEAN DE GRAILLY,M,"44,6273900"," -1,1412200",33,2019,50.0,1.0,1.0,4.0,2150420,1.0,1,4,1,4.0,,-1.0, -1,1965.0,B01,138Â 299Â 661,1.0,0.0,-1.0,1642121,1.0,7,,0.0,2.0,3.0,A01,138Â 299Â 662,1.0
962114,201900003645,11,26,14:35,1,2,1,1.0,2.0,33529,72 RUE JEAN DE GRAILLY,M,"44,6273900"," -1,1412200",33,2019,50.0,1.0,1.0,4.0,2150421,1.0,1,1,2,4.0,,-1.0, -1,1965.0,A01,138Â 299Â 662,1.0,0.0,-1.0,1642120,1.0,3,,0.0,2.0,6.0,B01,138Â 299Â 661,3.0
962114,201900003645,11,26,14:35,1,2,1,1.0,2.0,33529,72 RUE JEAN DE GRAILLY,M,"44,6273900"," -1,1412200",33,2019,50.0,1.0,1.0,4.0,2150421,1.0,1,1,2,4.0,,-1.0, -1,1965.0,A01,138Â 299Â 662,1.0,0.0,-1.0,1642121,1.0,7,,0.0,2.0,3.0,A01,138Â 299Â 662,1.0
962115,201900003646,11,25,10:05,1,2,1,1.0,7.0,32013,PYRENEES (AVENUE DES),M,"43,6360500","0,5834900",32,2019,50.0,1.0,3.0,2.0,2150422,1.0,1,1,2,9.0,,-1.0, -1,1963.0,A01,138Â 299Â 658,1.0,0.0,-1.0,1642122,2.0,7,,0.0,1.0,1.0,A01,138Â 299Â 658,2.0
962115,201900003646,11,25,10:05,1,2,1,1.0,7.0,32013,PYRENEES (AVENUE DES),M,"43,6360500","0,5834900",32,2019,50.0,1.0,3.0,2.0,2150423,10.0,3,4,2,5.0,,3.0,3,1927.0,A01,138Â 299Â 658,8.0,0.0,-1.0,1642122,2.0,7,,0.0,1.0,1.0,A01,138Â 299Â 658,2.0
962116,201900003647,11,26,10:10,1,2,1,1.0,3.0,31555,BD D ARCOLE,M,"43,6112200","1,4405900",31,2019,50.0,1.0,1.0,4.0,2150424,1.0,1,4,1,9.0,,-1.0, -1,1949.0,B01,138Â 299Â 656,2.0,0.0,-1.0,1642123,3.0,1,,0.0,2.0,4.0,B01,138Â 299Â 656,5.0
962116,201900003647,11,26,10:10,1,2,1,1.0,3.0,31555,BD D ARCOLE,M,"43,6112200","1,4405900",31,2019,50.0,1.0,1.0,4.0,2150424,1.0,1,4,1,9.0,,-1.0, -1,1949.0,B01,138Â 299Â 656,2.0,0.0,-1.0,1642124,3.0,10,,0.0,2.0,2.0,A01,138Â 299Â 657,1.0
962116,201900003647,11,26,10:10,1,2,1,1.0,3.0,31555,BD D ARCOLE,M,"43,6112200","1,4405900",31,2019,50.0,1.0,1.0,4.0,2150425,1.0,1,1,1,4.0,,-1.0, -1,1998.0,A01,138Â 299Â 657,1.0,8.0,-1.0,1642123,3.0,1,,0.0,2.0,4.0,B01,138Â 299Â 656,5.0
962116,201900003647,11,26,10:10,1,2,1,1.0,3.0,31555,BD D ARCOLE,M,"43,6112200","1,4405900",31,2019,50.0,1.0,1.0,4.0,2150425,1.0,1,1,1,4.0,,-1.0, -1,1998.0,A01,138Â 299Â 657,1.0,8.0,-1.0,1642124,3.0,10,,0.0,2.0,2.0,A01,138Â 299Â 657,1.0
962117,201900003648,11,26,10:00,1,2,1,1.0,6.0,31555,RTE DE SAINT SIMON,M,"43,5872300","1,4083400",31,2019,50.0,1.0,1.0,4.0,2150426,1.0,1,1,2,9.0,,-1.0, -1,1978.0,A01,138Â 299Â 655,1.0,8.0,-1.0,1642125,0.0,7,,0.0,1.0,1.0,A01,138Â 299Â 655,1.0
962117,201900003648,11,26,10:00,1,2,1,1.0,6.0,31555,RTE DE SAINT SIMON,M,"43,5872300","1,4083400",31,2019,50.0,1.0,1.0,4.0,2150427,10.0,3,3,2,2.0,,3.0,5,2006.0,A01,138Â 299Â 655,0.0,-1.0,-1.0,1642125,0.0,7,,0.0,1.0,1.0,A01,138Â 299Â 655,1.0
962118,201900003649,11,25,19:20,5,2,1,3.0,3.0,31555,RUE ROGER CAMBOULIVES,M,"43,5700200","1,3902000",31,2019,50.0,1.0,2.0,4.0,2150428,1.0,1,1,2,9.0,,-1.0, -1,1997.0,A01,138Â 299Â 653,1.0,7.0,-1.0,1642126,2.0,7,,0.0,2.0,1.0,A01,138Â 299Â 653,1.0
962118,201900003649,11,25,19:20,5,2,1,3.0,3.0,31555,RUE ROGER CAMBOULIVES,M,"43,5700200","1,3902000",31,2019,50.0,1.0,2.0,4.0,2150428,1.0,1,1,2,9.0,,-1.0, -1,1997.0,A01,138Â 299Â 653,1.0,7.0,-1.0,1642127,1.0,50,,0.0,2.0,7.0,B01,138Â 299Â 654,3.0
962118,201900003649,11,25,19:20,5,2,1,3.0,3.0,31555,RUE ROGER CAMBOULIVES,M,"43,5700200","1,3902000",31,2019,50.0,1.0,2.0,4.0,2150429,1.0,1,4,1,9.0,,-1.0, -1,1991.0,B01,138Â 299Â 654,8.0,0.0,-1.0,1642126,2.0,7,,0.0,2.0,1.0,A01,138Â 299Â 653,1.0
962118,201900003649,11,25,19:20,5,2,1,3.0,3.0,31555,RUE ROGER CAMBOULIVES,M,"43,5700200","1,3902000",31,2019,50.0,1.0,2.0,4.0,2150429,1.0,1,4,1,9.0,,-1.0, -1,1991.0,B01,138Â 299Â 654,8.0,0.0,-1.0,1642127,1.0,50,,0.0,2.0,7.0,B01,138Â 299Â 654,3.0
962119,201900003650,11,25,20:45,3,2,1,2.0,6.0,31555,BD DE L EMBOUCHURE,M,"43,6125700","1,4166900",31,2019,50.0,1.0,2.0,4.0,2150430,10.0,3,3,1,9.0,,1.0,3,1955.0,A01,138Â 299Â 652,8.0,0.0,-1.0,1642128,1.0,7,,0.0,1.0,1.0,A01,138Â 299Â 652,1.0
962119,201900003650,11,25,20:45,3,2,1,2.0,6.0,31555,BD DE L EMBOUCHURE,M,"43,6125700","1,4166900",31,2019,50.0,1.0,2.0,4.0,2150431,1.0,1,1,2,9.0,,-1.0, -1,1996.0,A01,138Â 299Â 652,1.0,8.0,-1.0,1642128,1.0,7,,0.0,1.0,1.0,A01,138Â 299Â 652,1.0
962120,201900003651,11,26,18:20,5,2,1,2.0,6.0,29232,TOUR D'AUVERGNE PLACE DE LA,M,"47,9952480"," -4,1104290",29,2019,50.0,1.0,2.0,4.0,2150432,10.0,3,3,2,0.0,,4.0,3,1940.0,A01,138Â 299Â 651,0.0,0.0,0.0,1642129,1.0,7,,0.0,1.0,1.0,A01,138Â 299Â 651,1.0
962120,201900003651,11,26,18:20,5,2,1,2.0,6.0,29232,TOUR D'AUVERGNE PLACE DE LA,M,"47,9952480"," -4,1104290",29,2019,50.0,1.0,2.0,4.0,2150433,1.0,1,1,1,5.0,,-1.0,0,1991.0,A01,138Â 299Â 651,1.0,0.0,-1.0,1642129,1.0,7,,0.0,1.0,1.0,A01,138Â 299Â 651,1.0