Unnamed: 0_x,num_acc,mois,jour,hrmn,lum,agg,int,atm,col,com,adr,gps,lat,long,dep,annee,vma,situ,surf,catr,Unnamed: 0_y,place,catu,grav,sexe,trajet,secu,locp,actp,an_nais,num_veh_x,id_vehicule_x,secu1,secu2,secu3,Unnamed: 0,senc,catv,occutc,obs,obsm,choc,num_veh_y,id_vehicule_y,motor
962121,201900003652,11,25,13:10,1,2,1,3.0,2.0,29232,STANG BIHAN RUE DE,M,"48,0099900"," -4,1049700",29,2019,50.0,1.0,2.0,4.0,2150434,1.0,1,1,1,5.0,,-1.0,0,1950.0,B01,138Â 299Â 649,1.0,0.0,-1.0,1642130,1.0,7,,0.0,2.0,2.0,B01,138Â 299Â 649,1.0
962121,201900003652,11,25,13:10,1,2,1,3.0,2.0,29232,STANG BIHAN RUE DE,M,"48,0099900"," -4,1049700",29,2019,50.0,1.0,2.0,4.0,2150434,1.0,1,1,1,5.0,,-1.0,0,1950.0,B01,138Â 299Â 649,1.0,0.0,-1.0,1642131,2.0,7,,0.0,2.0,6.0,A01,138Â 299Â 650,1.0
962121,201900003652,11,25,13:10,1,2,1,3.0,2.0,29232,STANG BIHAN RUE DE,M,"48,0099900"," -4,1049700",29,2019,50.0,1.0,2.0,4.0,2150435,1.0,1,4,2,5.0,,-1.0,0,1963.0,A01,138Â 299Â 650,1.0,0.0,-1.0,1642130,1.0,7,,0.0,2.0,2.0,B01,138Â 299Â 649,1.0
962121,201900003652,11,25,13:10,1,2,1,3.0,2.0,29232,STANG BIHAN RUE DE,M,"48,0099900"," -4,1049700",29,2019,50.0,1.0,2.0,4.0,2150435,1.0,1,4,2,5.0,,-1.0,0,1963.0,A01,138Â 299Â 650,1.0,0.0,-1.0,1642131,2.0,7,,0.0,2.0,6.0,A01,138Â 299Â 650,1.0
962122,201900003653,11,25,14:52,1,2,6,2.0,4.0,29019,PEN AR CH'LEUZ (ROND POINT),M,"48,4154500"," -4,4795000",29,2019,50.0,1.0,1.0,3.0,2150436,1.0,1,1,2,0.0,,-1.0,0,2000.0,C01,138Â 299Â 646,1.0,0.0,-1.0,1642132,1.0,7,,0.0,0.0,4.0,C01,138Â 299Â 646,0.0
962122,201900003653,11,25,14:52,1,2,6,2.0,4.0,29019,PEN AR CH'LEUZ (ROND POINT),M,"48,4154500"," -4,4795000",29,2019,50.0,1.0,1.0,3.0,2150436,1.0,1,1,2,0.0,,-1.0,0,2000.0,C01,138Â 299Â 646,1.0,0.0,-1.0,1642133,1.0,7,,0.0,2.0,4.0,B01,138Â 299Â 647,0.0
962122,201900003653,11,25,14:52,1,2,6,2.0,4.0,29019,PEN AR CH'LEUZ (ROND POINT),M,"48,4154500"," -4,4795000",29,2019,50.0,1.0,1.0,3.0,2150436,1.0,1,1,2,0.0,,-1.0,0,2000.0,C01,138Â 299Â 646,1.0,0.0,-1.0,1642134,1.0,7,,0.0,2.0,1.0,A01,138Â 299Â 648,0.0
962122,201900003653,11,25,14:52,1,2,6,2.0,4.0,29019,PEN AR CH'LEUZ (ROND POINT),M,"48,4154500"," -4,4795000",29,2019,50.0,1.0,1.0,3.0,2150437,2.0,2,4,2,0.0,,-1.0,0,1981.0,C01,138Â 299Â 646,1.0,0.0,-1.0,1642132,1.0,7,,0.0,0.0,4.0,C01,138Â 299Â 646,0.0
962122,201900003653,11,25,14:52,1,2,6,2.0,4.0,29019,PEN AR CH'LEUZ (ROND POINT),M,"48,4154500"," -4,4795000",29,2019,50.0,1.0,1.0,3.0,2150437,2.0,2,4,2,0.0,,-1.0,0,1981.0,C01,138Â 299Â 646,1.0,0.0,-1.0,1642133,1.0,7,,0.0,2.0,4.0,B01,138Â 299Â 647,0.0
962122,201900003653,11,25,14:52,1,2,6,2.0,4.0,29019,PEN AR CH'LEUZ (ROND POINT),M,"48,4154500"," -4,4795000",29,2019,50.0,1.0,1.0,3.0,2150437,2.0,2,4,2,0.0,,-1.0,0,1981.0,C01,138Â 299Â 646,1.0,0.0,-1.0,1642134,1.0,7,,0.0,2.0,1.0,A01,138Â 299Â 648,0.0
962122,201900003653,11,25,14:52,1,2,6,2.0,4.0,29019,PEN AR CH'LEUZ (ROND POINT),M,"48,4154500"," -4,4795000",29,2019,50.0,1.0,1.0,3.0,2150438,2.0,2,4,1,0.0,,-1.0,0,1971.0,B01,138Â 299Â 647,1.0,0.0,-1.0,1642132,1.0,7,,0.0,0.0,4.0,C01,138Â 299Â 646,0.0
962122,201900003653,11,25,14:52,1,2,6,2.0,4.0,29019,PEN AR CH'LEUZ (ROND POINT),M,"48,4154500"," -4,4795000",29,2019,50.0,1.0,1.0,3.0,2150438,2.0,2,4,1,0.0,,-1.0,0,1971.0,B01,138Â 299Â 647,1.0,0.0,-1.0,1642133,1.0,7,,0.0,2.0,4.0,B01,138Â 299Â 647,0.0
962122,201900003653,11,25,14:52,1,2,6,2.0,4.0,29019,PEN AR CH'LEUZ (ROND POINT),M,"48,4154500"," -4,4795000",29,2019,50.0,1.0,1.0,3.0,2150438,2.0,2,4,1,0.0,,-1.0,0,1971.0,B01,138Â 299Â 647,1.0,0.0,-1.0,1642134,1.0,7,,0.0,2.0,1.0,A01,138Â 299Â 648,0.0
962122,201900003653,11,25,14:52,1,2,6,2.0,4.0,29019,PEN AR CH'LEUZ (ROND POINT),M,"48,4154500"," -4,4795000",29,2019,50.0,1.0,1.0,3.0,2150439,1.0,1,4,2,0.0,,-1.0,0,1986.0,B01,138Â 299Â 647,1.0,0.0,-1.0,1642132,1.0,7,,0.0,0.0,4.0,C01,138Â 299Â 646,0.0
962122,201900003653,11,25,14:52,1,2,6,2.0,4.0,29019,PEN AR CH'LEUZ (ROND POINT),M,"48,4154500"," -4,4795000",29,2019,50.0,1.0,1.0,3.0,2150439,1.0,1,4,2,0.0,,-1.0,0,1986.0,B01,138Â 299Â 647,1.0,0.0,-1.0,1642133,1.0,7,,0.0,2.0,4.0,B01,138Â 299Â 647,0.0
962122,201900003653,11,25,14:52,1,2,6,2.0,4.0,29019,PEN AR CH'LEUZ (ROND POINT),M,"48,4154500"," -4,4795000",29,2019,50.0,1.0,1.0,3.0,2150439,1.0,1,4,2,0.0,,-1.0,0,1986.0,B01,138Â 299Â 647,1.0,0.0,-1.0,1642134,1.0,7,,0.0,2.0,1.0,A01,138Â 299Â 648,0.0
962122,201900003653,11,25,14:52,1,2,6,2.0,4.0,29019,PEN AR CH'LEUZ (ROND POINT),M,"48,4154500"," -4,4795000",29,2019,50.0,1.0,1.0,3.0,2150440,1.0,1,1,2,5.0,,-1.0,0,1983.0,A01,138Â 299Â 648,1.0,0.0,-1.0,1642132,1.0,7,,0.0,0.0,4.0,C01,138Â 299Â 646,0.0
962122,201900003653,11,25,14:52,1,2,6,2.0,4.0,29019,PEN AR CH'LEUZ (ROND POINT),M,"48,4154500"," -4,4795000",29,2019,50.0,1.0,1.0,3.0,2150440,1.0,1,1,2,5.0,,-1.0,0,1983.0,A01,138Â 299Â 648,1.0,0.0,-1.0,1642133,1.0,7,,0.0,2.0,4.0,B01,138Â 299Â 647,0.0
962122,201900003653,11,25,14:52,1,2,6,2.0,4.0,29019,PEN AR CH'LEUZ (ROND POINT),M,"48,4154500"," -4,4795000",29,2019,50.0,1.0,1.0,3.0,2150440,1.0,1,1,2,5.0,,-1.0,0,1983.0,A01,138Â 299Â 648,1.0,0.0,-1.0,1642134,1.0,7,,0.0,2.0,1.0,A01,138Â 299Â 648,0.0
962123,201900003654,11,18,16:20,1,2,1,8.0,6.0,28085,CHASLES (BOULEVARD),M,"48,4433000","1,4850400",28,2019,30.0,6.0,1.0,4.0,2150441,10.0,3,4,2,0.0,,5.0,9,1983.0,B01,138Â 299Â 645,0.0,-1.0,-1.0,1642135,2.0,7,,0.0,1.0,2.0,B01,138Â 299Â 645,1.0
962123,201900003654,11,18,16:20,1,2,1,8.0,6.0,28085,CHASLES (BOULEVARD),M,"48,4433000","1,4850400",28,2019,30.0,6.0,1.0,4.0,2150442,1.0,1,1,1,4.0,,0.0,0,1972.0,B01,138Â 299Â 645,1.0,8.0,-1.0,1642135,2.0,7,,0.0,1.0,2.0,B01,138Â 299Â 645,1.0
962124,201900003655,11,26,19:00,5,1,1,1.0,3.0,26281,DORMOY MARX (BOULEVARD),M,"45,0458630","5,0549650",26,2019,30.0,1.0,1.0,4.0,2150443,1.0,1,1,1,0.0,,0.0,0,1987.0,B01,138Â 299Â 642,8.0,-1.0,-1.0,1642136,3.0,7,,0.0,2.0,4.0,B01,138Â 299Â 642,-1.0
962124,201900003655,11,26,19:00,5,1,1,1.0,3.0,26281,DORMOY MARX (BOULEVARD),M,"45,0458630","5,0549650",26,2019,30.0,1.0,1.0,4.0,2150443,1.0,1,1,1,0.0,,0.0,0,1987.0,B01,138Â 299Â 642,8.0,-1.0,-1.0,1642137,3.0,30,,0.0,2.0,7.0,A01,138Â 299Â 643,-1.0
962124,201900003655,11,26,19:00,5,1,1,1.0,3.0,26281,DORMOY MARX (BOULEVARD),M,"45,0458630","5,0549650",26,2019,30.0,1.0,1.0,4.0,2150444,1.0,1,3,1,0.0,,0.0,0,1989.0,A01,138Â 299Â 643,2.0,-1.0,-1.0,1642136,3.0,7,,0.0,2.0,4.0,B01,138Â 299Â 642,-1.0
962124,201900003655,11,26,19:00,5,1,1,1.0,3.0,26281,DORMOY MARX (BOULEVARD),M,"45,0458630","5,0549650",26,2019,30.0,1.0,1.0,4.0,2150444,1.0,1,3,1,0.0,,0.0,0,1989.0,A01,138Â 299Â 643,2.0,-1.0,-1.0,1642137,3.0,30,,0.0,2.0,7.0,A01,138Â 299Â 643,-1.0
962125,201900003656,11,25,17:40,5,2,9,1.0,3.0,25462,BOULEVARD PASTEUR (DE 0 A 54),M,"46,9041990","6,3490920",25,2019,50.0,1.0,1.0,4.0,2150445,1.0,1,1,2,3.0,,-1.0, -1,1988.0,A01,138Â 299Â 639,8.0,4.0,-1.0,1642138,3.0,7,,0.0,2.0,3.0,A01,138Â 299Â 639,1.0
962125,201900003656,11,25,17:40,5,2,9,1.0,3.0,25462,BOULEVARD PASTEUR (DE 0 A 54),M,"46,9041990","6,3490920",25,2019,50.0,1.0,1.0,4.0,2150445,1.0,1,1,2,3.0,,-1.0, -1,1988.0,A01,138Â 299Â 639,8.0,4.0,-1.0,1642139,1.0,50,,0.0,2.0,7.0,B01,138Â 299Â 640,3.0
962125,201900003656,11,25,17:40,5,2,9,1.0,3.0,25462,BOULEVARD PASTEUR (DE 0 A 54),M,"46,9041990","6,3490920",25,2019,50.0,1.0,1.0,4.0,2150446,1.0,1,3,1,0.0,,-1.0, -1,1970.0,B01,138Â 299Â 640,8.0,0.0,-1.0,1642138,3.0,7,,0.0,2.0,3.0,A01,138Â 299Â 639,1.0
962125,201900003656,11,25,17:40,5,2,9,1.0,3.0,25462,BOULEVARD PASTEUR (DE 0 A 54),M,"46,9041990","6,3490920",25,2019,50.0,1.0,1.0,4.0,2150446,1.0,1,3,1,0.0,,-1.0, -1,1970.0,B01,138Â 299Â 640,8.0,0.0,-1.0,1642139,1.0,50,,0.0,2.0,7.0,B01,138Â 299Â 640,3.0
962126,201900003657,11,26,20:44,5,2,3,1.0,3.0,25056,FRANCHE COMTE RUE DE,M,"47,2210300","5,9770400",25,2019,50.0,1.0,1.0,6.0,2150447,1.0,1,1,1,0.0,,-1.0,0,1981.0,Z01,138Â 299Â 637,8.0,0.0,-1.0,1642140,3.0,7,,0.0,2.0,1.0,Z01,138Â 299Â 637,0.0
962126,201900003657,11,26,20:44,5,2,3,1.0,3.0,25056,FRANCHE COMTE RUE DE,M,"47,2210300","5,9770400",25,2019,50.0,1.0,1.0,6.0,2150447,1.0,1,1,1,0.0,,-1.0,0,1981.0,Z01,138Â 299Â 637,8.0,0.0,-1.0,1642141,2.0,7,,0.0,2.0,0.0,B01,138Â 299Â 638,0.0
962126,201900003657,11,26,20:44,5,2,3,1.0,3.0,25056,FRANCHE COMTE RUE DE,M,"47,2210300","5,9770400",25,2019,50.0,1.0,1.0,6.0,2150448,1.0,1,4,1,0.0,,-1.0,0,1989.0,B01,138Â 299Â 638,1.0,0.0,-1.0,1642140,3.0,7,,0.0,2.0,1.0,Z01,138Â 299Â 637,0.0
962126,201900003657,11,26,20:44,5,2,3,1.0,3.0,25056,FRANCHE COMTE RUE DE,M,"47,2210300","5,9770400",25,2019,50.0,1.0,1.0,6.0,2150448,1.0,1,4,1,0.0,,-1.0,0,1989.0,B01,138Â 299Â 638,1.0,0.0,-1.0,1642141,2.0,7,,0.0,2.0,0.0,B01,138Â 299Â 638,0.0
962126,201900003657,11,26,20:44,5,2,3,1.0,3.0,25056,FRANCHE COMTE RUE DE,M,"47,2210300","5,9770400",25,2019,50.0,1.0,1.0,6.0,2150449,2.0,2,4,2,0.0,,-1.0,0,1993.0,B01,138Â 299Â 638,1.0,0.0,-1.0,1642140,3.0,7,,0.0,2.0,1.0,Z01,138Â 299Â 637,0.0
962126,201900003657,11,26,20:44,5,2,3,1.0,3.0,25056,FRANCHE COMTE RUE DE,M,"47,2210300","5,9770400",25,2019,50.0,1.0,1.0,6.0,2150449,2.0,2,4,2,0.0,,-1.0,0,1993.0,B01,138Â 299Â 638,1.0,0.0,-1.0,1642141,2.0,7,,0.0,2.0,0.0,B01,138Â 299Â 638,0.0
962126,201900003657,11,26,20:44,5,2,3,1.0,3.0,25056,FRANCHE COMTE RUE DE,M,"47,2210300","5,9770400",25,2019,50.0,1.0,1.0,6.0,2150450,3.0,2,4,2,0.0,,-1.0,0,2018.0,B01,138Â 299Â 638,3.0,8.0,-1.0,1642140,3.0,7,,0.0,2.0,1.0,Z01,138Â 299Â 637,0.0
962126,201900003657,11,26,20:44,5,2,3,1.0,3.0,25056,FRANCHE COMTE RUE DE,M,"47,2210300","5,9770400",25,2019,50.0,1.0,1.0,6.0,2150450,3.0,2,4,2,0.0,,-1.0,0,2018.0,B01,138Â 299Â 638,3.0,8.0,-1.0,1642141,2.0,7,,0.0,2.0,0.0,B01,138Â 299Â 638,0.0
962127,201900003658,11,25,18:38,3,2,1,1.0,6.0,21231,AHUY (D') (ROUTE),M,"47,3278820","5,0383860",21,2019,50.0,1.0,1.0,4.0,2150451,1.0,1,1,1,3.0,,-1.0,0,1946.0,A01,138Â 299Â 636,1.0,0.0,-1.0,1642142,3.0,7,,0.0,1.0,3.0,A01,138Â 299Â 636,1.0
962127,201900003658,11,25,18:38,3,2,1,1.0,6.0,21231,AHUY (D') (ROUTE),M,"47,3278820","5,0383860",21,2019,50.0,1.0,1.0,4.0,2150452,10.0,3,3,1,0.0,,9.0,B,1945.0,A01,138Â 299Â 636,8.0,0.0,-1.0,1642142,3.0,7,,0.0,1.0,3.0,A01,138Â 299Â 636,1.0
962128,201900003659,11,26,12:20,1,2,2,1.0,3.0,17300,SCIERIE   RUE DE LA,M,"46,1473800"," -1,1530600",17,2019,30.0,1.0,2.0,4.0,2150453,1.0,1,1,1,1.0,,-1.0, -1,1987.0,A01,138Â 299Â 634,1.0,0.0,-1.0,1642143,3.0,7,,0.0,2.0,1.0,A01,138Â 299Â 634,1.0
962128,201900003659,11,26,12:20,1,2,2,1.0,3.0,17300,SCIERIE   RUE DE LA,M,"46,1473800"," -1,1530600",17,2019,30.0,1.0,2.0,4.0,2150453,1.0,1,1,1,1.0,,-1.0, -1,1987.0,A01,138Â 299Â 634,1.0,0.0,-1.0,1642144,3.0,7,,0.0,2.0,6.0,B01,138Â 299Â 635,1.0
962128,201900003659,11,26,12:20,1,2,2,1.0,3.0,17300,SCIERIE   RUE DE LA,M,"46,1473800"," -1,1530600",17,2019,30.0,1.0,2.0,4.0,2150454,2.0,2,1,2,1.0,,-1.0, -1,1959.0,B01,138Â 299Â 635,1.0,0.0,-1.0,1642143,3.0,7,,0.0,2.0,1.0,A01,138Â 299Â 634,1.0
962128,201900003659,11,26,12:20,1,2,2,1.0,3.0,17300,SCIERIE   RUE DE LA,M,"46,1473800"," -1,1530600",17,2019,30.0,1.0,2.0,4.0,2150454,2.0,2,1,2,1.0,,-1.0, -1,1959.0,B01,138Â 299Â 635,1.0,0.0,-1.0,1642144,3.0,7,,0.0,2.0,6.0,B01,138Â 299Â 635,1.0
962128,201900003659,11,26,12:20,1,2,2,1.0,3.0,17300,SCIERIE   RUE DE LA,M,"46,1473800"," -1,1530600",17,2019,30.0,1.0,2.0,4.0,2150455,4.0,2,4,1,1.0,,-1.0, -1,1964.0,B01,138Â 299Â 635,1.0,0.0,-1.0,1642143,3.0,7,,0.0,2.0,1.0,A01,138Â 299Â 634,1.0
962128,201900003659,11,26,12:20,1,2,2,1.0,3.0,17300,SCIERIE   RUE DE LA,M,"46,1473800"," -1,1530600",17,2019,30.0,1.0,2.0,4.0,2150455,4.0,2,4,1,1.0,,-1.0, -1,1964.0,B01,138Â 299Â 635,1.0,0.0,-1.0,1642144,3.0,7,,0.0,2.0,6.0,B01,138Â 299Â 635,1.0
962128,201900003659,11,26,12:20,1,2,2,1.0,3.0,17300,SCIERIE   RUE DE LA,M,"46,1473800"," -1,1530600",17,2019,30.0,1.0,2.0,4.0,2150456,1.0,1,4,2,1.0,,-1.0, -1,1970.0,B01,138Â 299Â 635,1.0,0.0,-1.0,1642143,3.0,7,,0.0,2.0,1.0,A01,138Â 299Â 634,1.0
962128,201900003659,11,26,12:20,1,2,2,1.0,3.0,17300,SCIERIE   RUE DE LA,M,"46,1473800"," -1,1530600",17,2019,30.0,1.0,2.0,4.0,2150456,1.0,1,4,2,1.0,,-1.0, -1,1970.0,B01,138Â 299Â 635,1.0,0.0,-1.0,1642144,3.0,7,,0.0,2.0,6.0,B01,138Â 299Â 635,1.0
962128,201900003659,11,26,12:20,1,2,2,1.0,3.0,17300,SCIERIE   RUE DE LA,M,"46,1473800"," -1,1530600",17,2019,30.0,1.0,2.0,4.0,2150457,3.0,2,4,1,1.0,,-1.0, -1,1975.0,B01,138Â 299Â 635,1.0,0.0,-1.0,1642143,3.0,7,,0.0,2.0,1.0,A01,138Â 299Â 634,1.0
962128,201900003659,11,26,12:20,1,2,2,1.0,3.0,17300,SCIERIE   RUE DE LA,M,"46,1473800"," -1,1530600",17,2019,30.0,1.0,2.0,4.0,2150457,3.0,2,4,1,1.0,,-1.0, -1,1975.0,B01,138Â 299Â 635,1.0,0.0,-1.0,1642144,3.0,7,,0.0,2.0,6.0,B01,138Â 299Â 635,1.0
962129,201900003660,11,4,11:40,1,2,1,2.0,6.0,17300,NOUE   RUE DE LA,M,"46,1612800"," -1,1554000",17,2019,30.0,1.0,2.0,4.0,2150458,10.0,3,4,2,5.0,,3.0,3,1949.0,A01,138Â 299Â 633,8.0,0.0,-1.0,1642145,1.0,7,,0.0,1.0,3.0,A01,138Â 299Â 633,1.0
962129,201900003660,11,4,11:40,1,2,1,2.0,6.0,17300,NOUE   RUE DE LA,M,"46,1612800"," -1,1554000",17,2019,30.0,1.0,2.0,4.0,2150459,1.0,1,1,2,5.0,,-1.0, -1,1996.0,A01,138Â 299Â 633,1.0,0.0,-1.0,1642145,1.0,7,,0.0,1.0,3.0,A01,138Â 299Â 633,1.0
962130,201900003661,11,26,21:35,5,2,1,1.0,3.0,14118,SAINT JEAN (RUE (DE 33 ET + ET 38 ET +),M,"49,1794900"," -0,3576700",14,2019,-1.0,1.0,1.0,4.0,2150460,1.0,1,4,1,-1.0,,-1.0, -1,1988.0,B01,138Â 299Â 631,2.0,6.0,-1.0,1642146,1.0,30,,0.0,0.0,4.0,B01,138Â 299Â 631,1.0
962130,201900003661,11,26,21:35,5,2,1,1.0,3.0,14118,SAINT JEAN (RUE (DE 33 ET + ET 38 ET +),M,"49,1794900"," -0,3576700",14,2019,-1.0,1.0,1.0,4.0,2150460,1.0,1,4,1,-1.0,,-1.0, -1,1988.0,B01,138Â 299Â 631,2.0,6.0,-1.0,1642147,1.0,7,,0.0,2.0,1.0,A01,138Â 299Â 632,1.0
962130,201900003661,11,26,21:35,5,2,1,1.0,3.0,14118,SAINT JEAN (RUE (DE 33 ET + ET 38 ET +),M,"49,1794900"," -0,3576700",14,2019,-1.0,1.0,1.0,4.0,2150461,1.0,1,1,1,-1.0,,0.0,0,2000.0,A01,138Â 299Â 632,1.0,-1.0,-1.0,1642146,1.0,30,,0.0,0.0,4.0,B01,138Â 299Â 631,1.0
962130,201900003661,11,26,21:35,5,2,1,1.0,3.0,14118,SAINT JEAN (RUE (DE 33 ET + ET 38 ET +),M,"49,1794900"," -0,3576700",14,2019,-1.0,1.0,1.0,4.0,2150461,1.0,1,1,1,-1.0,,0.0,0,2000.0,A01,138Â 299Â 632,1.0,-1.0,-1.0,1642147,1.0,7,,0.0,2.0,1.0,A01,138Â 299Â 632,1.0
962131,201900003662,11,26,07:12,5,2,1,1.0,6.0,14118,POMPIDOU (BOULEVARD GEORGES),M,"49,1816400"," -0,4009500",14,2019,50.0,1.0,1.0,4.0,2150462,10.0,3,4,1,1.0,,3.0,3,1962.0,A01,138Â 299Â 628,8.0,0.0,-1.0,1642148,2.0,33,,0.0,1.0,1.0,A01,138Â 299Â 628,1.0
962131,201900003662,11,26,07:12,5,2,1,1.0,6.0,14118,POMPIDOU (BOULEVARD GEORGES),M,"49,1816400"," -0,4009500",14,2019,50.0,1.0,1.0,4.0,2150463,1.0,1,1,1,1.0,,0.0,0,1966.0,A01,138Â 299Â 628,2.0,0.0,-1.0,1642148,2.0,33,,0.0,1.0,1.0,A01,138Â 299Â 628,1.0
962132,201900003663,11,26,08:00,1,2,3,1.0,1.0,13117,SEYSSAUD ( RUE RENE ),M,"43,4440000","5,2553000",13,2019,50.0,1.0,1.0,4.0,2150464,1.0,1,4,1,0.0,,-1.0, -1,1998.0,B01,138Â 299Â 626,1.0,8.0,-1.0,1642149,0.0,7,,0.0,2.0,1.0,B01,138Â 299Â 626,1.0
962132,201900003663,11,26,08:00,1,2,3,1.0,1.0,13117,SEYSSAUD ( RUE RENE ),M,"43,4440000","5,2553000",13,2019,50.0,1.0,1.0,4.0,2150464,1.0,1,4,1,0.0,,-1.0, -1,1998.0,B01,138Â 299Â 626,1.0,8.0,-1.0,1642150,0.0,7,,0.0,2.0,1.0,A01,138Â 299Â 627,0.0
962132,201900003663,11,26,08:00,1,2,3,1.0,1.0,13117,SEYSSAUD ( RUE RENE ),M,"43,4440000","5,2553000",13,2019,50.0,1.0,1.0,4.0,2150465,1.0,1,4,2,4.0,,-1.0, -1,1963.0,A01,138Â 299Â 627,1.0,8.0,-1.0,1642149,0.0,7,,0.0,2.0,1.0,B01,138Â 299Â 626,1.0
962132,201900003663,11,26,08:00,1,2,3,1.0,1.0,13117,SEYSSAUD ( RUE RENE ),M,"43,4440000","5,2553000",13,2019,50.0,1.0,1.0,4.0,2150465,1.0,1,4,2,4.0,,-1.0, -1,1963.0,A01,138Â 299Â 627,1.0,8.0,-1.0,1642150,0.0,7,,0.0,2.0,1.0,A01,138Â 299Â 627,0.0
962133,201900003664,11,26,21:40,5,2,1,1.0,1.0,13075,GEORGES POMPIDOU (AVE),M,"43,3446000","5,4715800",13,2019,50.0,1.0,1.0,4.0,2150466,1.0,1,4,2,5.0,,-1.0, -1,1962.0,B01,138Â 299Â 624,1.0,0.0,-1.0,1642151,3.0,7,,0.0,2.0,1.0,B01,138Â 299Â 624,1.0
962133,201900003664,11,26,21:40,5,2,1,1.0,1.0,13075,GEORGES POMPIDOU (AVE),M,"43,3446000","5,4715800",13,2019,50.0,1.0,1.0,4.0,2150466,1.0,1,4,2,5.0,,-1.0, -1,1962.0,B01,138Â 299Â 624,1.0,0.0,-1.0,1642152,3.0,7,,0.0,2.0,1.0,A01,138Â 299Â 625,1.0
962133,201900003664,11,26,21:40,5,2,1,1.0,1.0,13075,GEORGES POMPIDOU (AVE),M,"43,3446000","5,4715800",13,2019,50.0,1.0,1.0,4.0,2150467,1.0,1,4,1,5.0,,-1.0, -1,1996.0,A01,138Â 299Â 625,1.0,0.0,-1.0,1642151,3.0,7,,0.0,2.0,1.0,B01,138Â 299Â 624,1.0
962133,201900003664,11,26,21:40,5,2,1,1.0,1.0,13075,GEORGES POMPIDOU (AVE),M,"43,3446000","5,4715800",13,2019,50.0,1.0,1.0,4.0,2150467,1.0,1,4,1,5.0,,-1.0, -1,1996.0,A01,138Â 299Â 625,1.0,0.0,-1.0,1642152,3.0,7,,0.0,2.0,1.0,A01,138Â 299Â 625,1.0
962134,201900003665,11,26,08:50,1,2,1,1.0,5.0,13209,MICHELET (BOULEVARD),M,"43,2550000","5,4012500",13,2019,50.0,1.0,1.0,4.0,2150468,1.0,1,4,1,4.0,,0.0,0,1993.0,A01,138Â 299Â 621,8.0,0.0,-1.0,1642153,2.0,7,,0.0,2.0,1.0,A01,138Â 299Â 621,0.0
962134,201900003665,11,26,08:50,1,2,1,1.0,5.0,13209,MICHELET (BOULEVARD),M,"43,2550000","5,4012500",13,2019,50.0,1.0,1.0,4.0,2150468,1.0,1,4,1,4.0,,0.0,0,1993.0,A01,138Â 299Â 621,8.0,0.0,-1.0,1642154,2.0,7,,0.0,2.0,9.0,B01,138Â 299Â 622,0.0
962134,201900003665,11,26,08:50,1,2,1,1.0,5.0,13209,MICHELET (BOULEVARD),M,"43,2550000","5,4012500",13,2019,50.0,1.0,1.0,4.0,2150468,1.0,1,4,1,4.0,,0.0,0,1993.0,A01,138Â 299Â 621,8.0,0.0,-1.0,1642155,2.0,7,,0.0,2.0,5.0,C01,138Â 299Â 623,0.0
962134,201900003665,11,26,08:50,1,2,1,1.0,5.0,13209,MICHELET (BOULEVARD),M,"43,2550000","5,4012500",13,2019,50.0,1.0,1.0,4.0,2150469,1.0,1,1,2,2.0,,0.0,0,1979.0,B01,138Â 299Â 622,1.0,0.0,-1.0,1642153,2.0,7,,0.0,2.0,1.0,A01,138Â 299Â 621,0.0
962134,201900003665,11,26,08:50,1,2,1,1.0,5.0,13209,MICHELET (BOULEVARD),M,"43,2550000","5,4012500",13,2019,50.0,1.0,1.0,4.0,2150469,1.0,1,1,2,2.0,,0.0,0,1979.0,B01,138Â 299Â 622,1.0,0.0,-1.0,1642154,2.0,7,,0.0,2.0,9.0,B01,138Â 299Â 622,0.0
962134,201900003665,11,26,08:50,1,2,1,1.0,5.0,13209,MICHELET (BOULEVARD),M,"43,2550000","5,4012500",13,2019,50.0,1.0,1.0,4.0,2150469,1.0,1,1,2,2.0,,0.0,0,1979.0,B01,138Â 299Â 622,1.0,0.0,-1.0,1642155,2.0,7,,0.0,2.0,5.0,C01,138Â 299Â 623,0.0
962134,201900003665,11,26,08:50,1,2,1,1.0,5.0,13209,MICHELET (BOULEVARD),M,"43,2550000","5,4012500",13,2019,50.0,1.0,1.0,4.0,2150470,1.0,1,1,1,4.0,,0.0,0,1985.0,C01,138Â 299Â 623,8.0,0.0,-1.0,1642153,2.0,7,,0.0,2.0,1.0,A01,138Â 299Â 621,0.0
962134,201900003665,11,26,08:50,1,2,1,1.0,5.0,13209,MICHELET (BOULEVARD),M,"43,2550000","5,4012500",13,2019,50.0,1.0,1.0,4.0,2150470,1.0,1,1,1,4.0,,0.0,0,1985.0,C01,138Â 299Â 623,8.0,0.0,-1.0,1642154,2.0,7,,0.0,2.0,9.0,B01,138Â 299Â 622,0.0
962134,201900003665,11,26,08:50,1,2,1,1.0,5.0,13209,MICHELET (BOULEVARD),M,"43,2550000","5,4012500",13,2019,50.0,1.0,1.0,4.0,2150470,1.0,1,1,1,4.0,,0.0,0,1985.0,C01,138Â 299Â 623,8.0,0.0,-1.0,1642155,2.0,7,,0.0,2.0,5.0,C01,138Â 299Â 623,0.0
962135,201900003666,11,26,06:50,5,2,3,1.0,2.0,13204,FRANÃOISE DUPARC (BOULEVARD),M,"43,3079700","5,4025800",13,2019,50.0,1.0,1.0,7.0,2150471,1.0,1,4,2,1.0,,-1.0, -1,1987.0,B01,138Â 299Â 619,8.0,0.0,-1.0,1642156,2.0,7,,0.0,2.0,6.0,B01,138Â 299Â 619,1.0