Unnamed: 0_x,num_acc,mois,jour,hrmn,lum,agg,int,atm,col,com,adr,gps,lat,long,dep,annee,vma,situ,surf,catr,Unnamed: 0_y,place,catu,grav,sexe,trajet,secu,locp,actp,an_nais,num_veh_x,id_vehicule_x,secu1,secu2,secu3,Unnamed: 0,senc,catv,occutc,obs,obsm,choc,num_veh_y,id_vehicule_y,motor
962135,201900003666,11,26,06:50,5,2,3,1.0,2.0,13204,FRANÃOISE DUPARC (BOULEVARD),M,"43,3079700","5,4025800",13,2019,50.0,1.0,1.0,7.0,2150471,1.0,1,4,2,1.0,,-1.0, -1,1987.0,B01,138Â 299Â 619,8.0,0.0,-1.0,1642157,2.0,7,,0.0,2.0,2.0,A01,138Â 299Â 620,1.0
962135,201900003666,11,26,06:50,5,2,3,1.0,2.0,13204,FRANÃOISE DUPARC (BOULEVARD),M,"43,3079700","5,4025800",13,2019,50.0,1.0,1.0,7.0,2150472,1.0,1,1,1,1.0,,-1.0, -1,1995.0,A01,138Â 299Â 620,8.0,0.0,-1.0,1642156,2.0,7,,0.0,2.0,6.0,B01,138Â 299Â 619,1.0
962135,201900003666,11,26,06:50,5,2,3,1.0,2.0,13204,FRANÃOISE DUPARC (BOULEVARD),M,"43,3079700","5,4025800",13,2019,50.0,1.0,1.0,7.0,2150472,1.0,1,1,1,1.0,,-1.0, -1,1995.0,A01,138Â 299Â 620,8.0,0.0,-1.0,1642157,2.0,7,,0.0,2.0,2.0,A01,138Â 299Â 620,1.0
962136,201900003667,11,25,11:15,1,2,1,1.0,3.0,13211,SAINT MARCEL (BOULEVARD DE ),M,"43,2876800","5,4646800",13,2019,50.0,1.0,1.0,4.0,2150473,1.0,1,1,1,5.0,,-1.0, -1,1953.0,B01,138Â 299Â 617,1.0,8.0,-1.0,1642158,2.0,7,,0.0,9.0,8.0,B01,138Â 299Â 617,1.0
962136,201900003667,11,25,11:15,1,2,1,1.0,3.0,13211,SAINT MARCEL (BOULEVARD DE ),M,"43,2876800","5,4646800",13,2019,50.0,1.0,1.0,4.0,2150473,1.0,1,1,1,5.0,,-1.0, -1,1953.0,B01,138Â 299Â 617,1.0,8.0,-1.0,1642159,2.0,32,,0.0,2.0,7.0,A01,138Â 299Â 618,1.0
962136,201900003667,11,25,11:15,1,2,1,1.0,3.0,13211,SAINT MARCEL (BOULEVARD DE ),M,"43,2876800","5,4646800",13,2019,50.0,1.0,1.0,4.0,2150474,1.0,1,4,1,5.0,,-1.0, -1,1987.0,A01,138Â 299Â 618,2.0,8.0,-1.0,1642158,2.0,7,,0.0,9.0,8.0,B01,138Â 299Â 617,1.0
962136,201900003667,11,25,11:15,1,2,1,1.0,3.0,13211,SAINT MARCEL (BOULEVARD DE ),M,"43,2876800","5,4646800",13,2019,50.0,1.0,1.0,4.0,2150474,1.0,1,4,1,5.0,,-1.0, -1,1987.0,A01,138Â 299Â 618,2.0,8.0,-1.0,1642159,2.0,32,,0.0,2.0,7.0,A01,138Â 299Â 618,1.0
962137,201900003668,11,25,13:45,1,2,1,1.0,3.0,13209,MORGIOU (chemin de ),M,"43,2338950","5,4119680",13,2019,50.0,1.0,1.0,4.0,2150475,1.0,1,1,2,1.0,,0.0,0,1990.0,A01,138Â 299Â 615,1.0,0.0,-1.0,1642160,2.0,7,,0.0,2.0,3.0,A01,138Â 299Â 615,0.0
962137,201900003668,11,25,13:45,1,2,1,1.0,3.0,13209,MORGIOU (chemin de ),M,"43,2338950","5,4119680",13,2019,50.0,1.0,1.0,4.0,2150475,1.0,1,1,2,1.0,,0.0,0,1990.0,A01,138Â 299Â 615,1.0,0.0,-1.0,1642161,2.0,32,,0.0,2.0,1.0,B01,138Â 299Â 616,0.0
962137,201900003668,11,25,13:45,1,2,1,1.0,3.0,13209,MORGIOU (chemin de ),M,"43,2338950","5,4119680",13,2019,50.0,1.0,1.0,4.0,2150476,1.0,1,4,1,0.0,,0.0,0,1997.0,B01,138Â 299Â 616,2.0,0.0,-1.0,1642160,2.0,7,,0.0,2.0,3.0,A01,138Â 299Â 615,0.0
962137,201900003668,11,25,13:45,1,2,1,1.0,3.0,13209,MORGIOU (chemin de ),M,"43,2338950","5,4119680",13,2019,50.0,1.0,1.0,4.0,2150476,1.0,1,4,1,0.0,,0.0,0,1997.0,B01,138Â 299Â 616,2.0,0.0,-1.0,1642161,2.0,32,,0.0,2.0,1.0,B01,138Â 299Â 616,0.0
962138,201900003669,11,25,07:35,1,2,3,1.0,3.0,13001,ISAAC JULES (AV),M,"43,5343890","5,4511530",13,2019,50.0,1.0,1.0,4.0,2150477,1.0,1,1,1,2.0,,0.0,0,1973.0,B01,138Â 299Â 613,1.0,0.0,-1.0,1642162,1.0,7,,9.0,2.0,3.0,B01,138Â 299Â 613,0.0
962138,201900003669,11,25,07:35,1,2,3,1.0,3.0,13001,ISAAC JULES (AV),M,"43,5343890","5,4511530",13,2019,50.0,1.0,1.0,4.0,2150477,1.0,1,1,1,2.0,,0.0,0,1973.0,B01,138Â 299Â 613,1.0,0.0,-1.0,1642163,2.0,31,,2.0,2.0,2.0,A01,138Â 299Â 614,0.0
962138,201900003669,11,25,07:35,1,2,3,1.0,3.0,13001,ISAAC JULES (AV),M,"43,5343890","5,4511530",13,2019,50.0,1.0,1.0,4.0,2150478,1.0,1,4,1,2.0,,-1.0, -1,2002.0,A01,138Â 299Â 614,2.0,6.0,-1.0,1642162,1.0,7,,9.0,2.0,3.0,B01,138Â 299Â 613,0.0
962138,201900003669,11,25,07:35,1,2,3,1.0,3.0,13001,ISAAC JULES (AV),M,"43,5343890","5,4511530",13,2019,50.0,1.0,1.0,4.0,2150478,1.0,1,4,1,2.0,,-1.0, -1,2002.0,A01,138Â 299Â 614,2.0,6.0,-1.0,1642163,2.0,31,,2.0,2.0,2.0,A01,138Â 299Â 614,0.0
962139,201900003670,11,25,13:28,1,2,1,1.0,3.0,10387,REINE BLANCHE (RUE),M,"48,2747140","4,0596040",10,2019,50.0,1.0,1.0,4.0,2150479,1.0,1,1,1,0.0,,-1.0, -1,1977.0,B01,138Â 299Â 611,1.0,8.0,-1.0,1642164,3.0,7,,0.0,2.0,2.0,B01,138Â 299Â 611,1.0
962139,201900003670,11,25,13:28,1,2,1,1.0,3.0,10387,REINE BLANCHE (RUE),M,"48,2747140","4,0596040",10,2019,50.0,1.0,1.0,4.0,2150479,1.0,1,1,1,0.0,,-1.0, -1,1977.0,B01,138Â 299Â 611,1.0,8.0,-1.0,1642165,3.0,7,,1.0,0.0,2.0,A01,138Â 299Â 612,1.0
962139,201900003670,11,25,13:28,1,2,1,1.0,3.0,10387,REINE BLANCHE (RUE),M,"48,2747140","4,0596040",10,2019,50.0,1.0,1.0,4.0,2150480,1.0,1,4,2,0.0,,-1.0, -1,1965.0,A01,138Â 299Â 612,1.0,8.0,-1.0,1642164,3.0,7,,0.0,2.0,2.0,B01,138Â 299Â 611,1.0
962139,201900003670,11,25,13:28,1,2,1,1.0,3.0,10387,REINE BLANCHE (RUE),M,"48,2747140","4,0596040",10,2019,50.0,1.0,1.0,4.0,2150480,1.0,1,4,2,0.0,,-1.0, -1,1965.0,A01,138Â 299Â 612,1.0,8.0,-1.0,1642165,3.0,7,,1.0,0.0,2.0,A01,138Â 299Â 612,1.0
962140,201900003671,11,25,19:15,5,1,1,1.0,2.0,07019,,M,"44,6218300","4,3938880",7,2019,70.0,1.0,1.0,2.0,2150481,1.0,1,1,1,5.0,,-1.0, -1,2000.0,A01,138Â 299Â 609,1.0,8.0,-1.0,1642166,2.0,7,,0.0,2.0,1.0,A01,138Â 299Â 609,1.0
962140,201900003671,11,25,19:15,5,1,1,1.0,2.0,07019,,M,"44,6218300","4,3938880",7,2019,70.0,1.0,1.0,2.0,2150481,1.0,1,1,1,5.0,,-1.0, -1,2000.0,A01,138Â 299Â 609,1.0,8.0,-1.0,1642167,2.0,7,,0.0,0.0,4.0,B01,138Â 299Â 610,1.0
962140,201900003671,11,25,19:15,5,1,1,1.0,2.0,07019,,M,"44,6218300","4,3938880",7,2019,70.0,1.0,1.0,2.0,2150482,2.0,2,4,1,5.0,,-1.0, -1,2001.0,B01,138Â 299Â 610,1.0,8.0,-1.0,1642166,2.0,7,,0.0,2.0,1.0,A01,138Â 299Â 609,1.0
962140,201900003671,11,25,19:15,5,1,1,1.0,2.0,07019,,M,"44,6218300","4,3938880",7,2019,70.0,1.0,1.0,2.0,2150482,2.0,2,4,1,5.0,,-1.0, -1,2001.0,B01,138Â 299Â 610,1.0,8.0,-1.0,1642167,2.0,7,,0.0,0.0,4.0,B01,138Â 299Â 610,1.0
962140,201900003671,11,25,19:15,5,1,1,1.0,2.0,07019,,M,"44,6218300","4,3938880",7,2019,70.0,1.0,1.0,2.0,2150483,1.0,1,4,1,5.0,,-1.0, -1,1999.0,B01,138Â 299Â 610,1.0,8.0,-1.0,1642166,2.0,7,,0.0,2.0,1.0,A01,138Â 299Â 609,1.0
962140,201900003671,11,25,19:15,5,1,1,1.0,2.0,07019,,M,"44,6218300","4,3938880",7,2019,70.0,1.0,1.0,2.0,2150483,1.0,1,4,1,5.0,,-1.0, -1,1999.0,B01,138Â 299Â 610,1.0,8.0,-1.0,1642167,2.0,7,,0.0,0.0,4.0,B01,138Â 299Â 610,1.0
962141,201900003672,11,26,19:58,5,2,3,1.0,6.0,03185,avenue de la RÃ©publique,M,"46,3478837","2,5954223",3,2019,50.0,1.0,1.0,3.0,2150484,1.0,1,3,1,5.0,,-1.0,0,1994.0,C01,138Â 299Â 606,8.0,0.0,-1.0,1642168,1.0,1,,0.0,2.0,4.0,C01,138Â 299Â 606,0.0
962141,201900003672,11,26,19:58,5,2,3,1.0,6.0,03185,avenue de la RÃ©publique,M,"46,3478837","2,5954223",3,2019,50.0,1.0,1.0,3.0,2150484,1.0,1,3,1,5.0,,-1.0,0,1994.0,C01,138Â 299Â 606,8.0,0.0,-1.0,1642169,1.0,7,,0.0,2.0,4.0,B01,138Â 299Â 607,1.0
962141,201900003672,11,26,19:58,5,2,3,1.0,6.0,03185,avenue de la RÃ©publique,M,"46,3478837","2,5954223",3,2019,50.0,1.0,1.0,3.0,2150484,1.0,1,3,1,5.0,,-1.0,0,1994.0,C01,138Â 299Â 606,8.0,0.0,-1.0,1642170,1.0,7,,0.0,2.0,1.0,A01,138Â 299Â 608,1.0
962141,201900003672,11,26,19:58,5,2,3,1.0,6.0,03185,avenue de la RÃ©publique,M,"46,3478837","2,5954223",3,2019,50.0,1.0,1.0,3.0,2150485,1.0,1,4,1,1.0,,-1.0,0,1963.0,B01,138Â 299Â 607,8.0,0.0,-1.0,1642168,1.0,1,,0.0,2.0,4.0,C01,138Â 299Â 606,0.0
962141,201900003672,11,26,19:58,5,2,3,1.0,6.0,03185,avenue de la RÃ©publique,M,"46,3478837","2,5954223",3,2019,50.0,1.0,1.0,3.0,2150485,1.0,1,4,1,1.0,,-1.0,0,1963.0,B01,138Â 299Â 607,8.0,0.0,-1.0,1642169,1.0,7,,0.0,2.0,4.0,B01,138Â 299Â 607,1.0
962141,201900003672,11,26,19:58,5,2,3,1.0,6.0,03185,avenue de la RÃ©publique,M,"46,3478837","2,5954223",3,2019,50.0,1.0,1.0,3.0,2150485,1.0,1,4,1,1.0,,-1.0,0,1963.0,B01,138Â 299Â 607,8.0,0.0,-1.0,1642170,1.0,7,,0.0,2.0,1.0,A01,138Â 299Â 608,1.0
962141,201900003672,11,26,19:58,5,2,3,1.0,6.0,03185,avenue de la RÃ©publique,M,"46,3478837","2,5954223",3,2019,50.0,1.0,1.0,3.0,2150486,2.0,2,4,1,1.0,,-1.0,0,1962.0,B01,138Â 299Â 607,8.0,0.0,-1.0,1642168,1.0,1,,0.0,2.0,4.0,C01,138Â 299Â 606,0.0
962141,201900003672,11,26,19:58,5,2,3,1.0,6.0,03185,avenue de la RÃ©publique,M,"46,3478837","2,5954223",3,2019,50.0,1.0,1.0,3.0,2150486,2.0,2,4,1,1.0,,-1.0,0,1962.0,B01,138Â 299Â 607,8.0,0.0,-1.0,1642169,1.0,7,,0.0,2.0,4.0,B01,138Â 299Â 607,1.0
962141,201900003672,11,26,19:58,5,2,3,1.0,6.0,03185,avenue de la RÃ©publique,M,"46,3478837","2,5954223",3,2019,50.0,1.0,1.0,3.0,2150486,2.0,2,4,1,1.0,,-1.0,0,1962.0,B01,138Â 299Â 607,8.0,0.0,-1.0,1642170,1.0,7,,0.0,2.0,1.0,A01,138Â 299Â 608,1.0
962141,201900003672,11,26,19:58,5,2,3,1.0,6.0,03185,avenue de la RÃ©publique,M,"46,3478837","2,5954223",3,2019,50.0,1.0,1.0,3.0,2150487,1.0,1,1,1,5.0,,-1.0,0,1967.0,A01,138Â 299Â 608,8.0,8.0,-1.0,1642168,1.0,1,,0.0,2.0,4.0,C01,138Â 299Â 606,0.0
962141,201900003672,11,26,19:58,5,2,3,1.0,6.0,03185,avenue de la RÃ©publique,M,"46,3478837","2,5954223",3,2019,50.0,1.0,1.0,3.0,2150487,1.0,1,1,1,5.0,,-1.0,0,1967.0,A01,138Â 299Â 608,8.0,8.0,-1.0,1642169,1.0,7,,0.0,2.0,4.0,B01,138Â 299Â 607,1.0
962141,201900003672,11,26,19:58,5,2,3,1.0,6.0,03185,avenue de la RÃ©publique,M,"46,3478837","2,5954223",3,2019,50.0,1.0,1.0,3.0,2150487,1.0,1,1,1,5.0,,-1.0,0,1967.0,A01,138Â 299Â 608,8.0,8.0,-1.0,1642170,1.0,7,,0.0,2.0,1.0,A01,138Â 299Â 608,1.0
962142,201900003673,11,26,09:25,1,2,1,2.0,3.0,75116,BD PERIPHERIQUE EXTERIEUR,M,"48,8667636","2,2686858",75,2019,70.0,1.0,2.0,4.0,2150488,1.0,1,4,1,5.0,,0.0,0,1978.0,B01,138Â 299Â 604,2.0,6.0,-1.0,1642171,2.0,32,,0.0,2.0,1.0,B01,138Â 299Â 604,1.0
962142,201900003673,11,26,09:25,1,2,1,2.0,3.0,75116,BD PERIPHERIQUE EXTERIEUR,M,"48,8667636","2,2686858",75,2019,70.0,1.0,2.0,4.0,2150488,1.0,1,4,1,5.0,,0.0,0,1978.0,B01,138Â 299Â 604,2.0,6.0,-1.0,1642172,2.0,7,,0.0,2.0,5.0,A01,138Â 299Â 605,1.0
962142,201900003673,11,26,09:25,1,2,1,2.0,3.0,75116,BD PERIPHERIQUE EXTERIEUR,M,"48,8667636","2,2686858",75,2019,70.0,1.0,2.0,4.0,2150489,1.0,1,1,1,1.0,,0.0,0,1975.0,A01,138Â 299Â 605,1.0,0.0,-1.0,1642171,2.0,32,,0.0,2.0,1.0,B01,138Â 299Â 604,1.0
962142,201900003673,11,26,09:25,1,2,1,2.0,3.0,75116,BD PERIPHERIQUE EXTERIEUR,M,"48,8667636","2,2686858",75,2019,70.0,1.0,2.0,4.0,2150489,1.0,1,1,1,1.0,,0.0,0,1975.0,A01,138Â 299Â 605,1.0,0.0,-1.0,1642172,2.0,7,,0.0,2.0,5.0,A01,138Â 299Â 605,1.0
962143,201900003674,11,25,11:43,1,2,3,1.0,2.0,75115,RUE LINOIS,M,"48,8485700","2,2829000",75,2019,50.0,1.0,1.0,4.0,2150490,1.0,1,3,1,9.0,,0.0,0,1998.0,B01,138Â 299Â 602,2.0,6.0,-1.0,1642173,1.0,33,,0.0,2.0,1.0,B01,138Â 299Â 602,1.0
962143,201900003674,11,25,11:43,1,2,3,1.0,2.0,75115,RUE LINOIS,M,"48,8485700","2,2829000",75,2019,50.0,1.0,1.0,4.0,2150490,1.0,1,3,1,9.0,,0.0,0,1998.0,B01,138Â 299Â 602,2.0,6.0,-1.0,1642174,1.0,10,,0.0,2.0,6.0,A01,138Â 299Â 603,1.0
962143,201900003674,11,25,11:43,1,2,3,1.0,2.0,75115,RUE LINOIS,M,"48,8485700","2,2829000",75,2019,50.0,1.0,1.0,4.0,2150491,1.0,1,1,1,9.0,,0.0,0,1976.0,A01,138Â 299Â 603,1.0,0.0,-1.0,1642173,1.0,33,,0.0,2.0,1.0,B01,138Â 299Â 602,1.0
962143,201900003674,11,25,11:43,1,2,3,1.0,2.0,75115,RUE LINOIS,M,"48,8485700","2,2829000",75,2019,50.0,1.0,1.0,4.0,2150491,1.0,1,1,1,9.0,,0.0,0,1976.0,A01,138Â 299Â 603,1.0,0.0,-1.0,1642174,1.0,10,,0.0,2.0,6.0,A01,138Â 299Â 603,1.0
962144,201900003675,11,26,13:40,1,2,2,1.0,6.0,75118,RUE EUGENE SUE,M,"48,8912735","2,3473620",75,2019,50.0,1.0,2.0,4.0,2150492,10.0,3,4,1,5.0,,3.0,3,1930.0,A01,138Â 299Â 598,0.0,-1.0,-1.0,1642175,1.0,10,,0.0,1.0,2.0,A01,138Â 299Â 598,1.0
962144,201900003675,11,26,13:40,1,2,2,1.0,6.0,75118,RUE EUGENE SUE,M,"48,8912735","2,3473620",75,2019,50.0,1.0,2.0,4.0,2150493,1.0,1,1,1,0.0,,0.0,0,1958.0,A01,138Â 299Â 598,1.0,0.0,-1.0,1642175,1.0,10,,0.0,1.0,2.0,A01,138Â 299Â 598,1.0
962145,201900003676,11,26,09:00,1,2,7,2.0,3.0,75117,PLACE DU GENERAL KOENIG,M,"48,8808667","2,2843297",75,2019,50.0,1.0,2.0,4.0,2150494,1.0,1,4,2,0.0,,0.0,0,1985.0,A01,138Â 299Â 596,2.0,6.0,-1.0,1642176,2.0,30,,0.0,2.0,1.0,A01,138Â 299Â 596,1.0
962145,201900003676,11,26,09:00,1,2,7,2.0,3.0,75117,PLACE DU GENERAL KOENIG,M,"48,8808667","2,2843297",75,2019,50.0,1.0,2.0,4.0,2150494,1.0,1,4,2,0.0,,0.0,0,1985.0,A01,138Â 299Â 596,2.0,6.0,-1.0,1642177,2.0,33,,0.0,2.0,5.0,B01,138Â 299Â 597,1.0
962145,201900003676,11,26,09:00,1,2,7,2.0,3.0,75117,PLACE DU GENERAL KOENIG,M,"48,8808667","2,2843297",75,2019,50.0,1.0,2.0,4.0,2150495,1.0,1,1,1,0.0,,0.0,0,1960.0,B01,138Â 299Â 597,2.0,6.0,-1.0,1642176,2.0,30,,0.0,2.0,1.0,A01,138Â 299Â 596,1.0
962145,201900003676,11,26,09:00,1,2,7,2.0,3.0,75117,PLACE DU GENERAL KOENIG,M,"48,8808667","2,2843297",75,2019,50.0,1.0,2.0,4.0,2150495,1.0,1,1,1,0.0,,0.0,0,1960.0,B01,138Â 299Â 597,2.0,6.0,-1.0,1642177,2.0,33,,0.0,2.0,5.0,B01,138Â 299Â 597,1.0
962146,201900003677,11,26,18:00,5,2,3,1.0,2.0,75116,AVENUE FOCH,M,"48,8733603","2,2861137",75,2019,50.0,1.0,1.0,4.0,2150496,1.0,1,1,2,1.0,,0.0,0,1985.0,A01,138Â 299Â 594,1.0,0.0,-1.0,1642178,1.0,7,,0.0,2.0,1.0,A01,138Â 299Â 594,1.0
962146,201900003677,11,26,18:00,5,2,3,1.0,2.0,75116,AVENUE FOCH,M,"48,8733603","2,2861137",75,2019,50.0,1.0,1.0,4.0,2150496,1.0,1,1,2,1.0,,0.0,0,1985.0,A01,138Â 299Â 594,1.0,0.0,-1.0,1642179,1.0,30,,0.0,2.0,4.0,B01,138Â 299Â 595,1.0
962146,201900003677,11,26,18:00,5,2,3,1.0,2.0,75116,AVENUE FOCH,M,"48,8733603","2,2861137",75,2019,50.0,1.0,1.0,4.0,2150497,1.0,1,4,1,1.0,,0.0,0,1989.0,B01,138Â 299Â 595,2.0,6.0,-1.0,1642178,1.0,7,,0.0,2.0,1.0,A01,138Â 299Â 594,1.0
962146,201900003677,11,26,18:00,5,2,3,1.0,2.0,75116,AVENUE FOCH,M,"48,8733603","2,2861137",75,2019,50.0,1.0,1.0,4.0,2150497,1.0,1,4,1,1.0,,0.0,0,1989.0,B01,138Â 299Â 595,2.0,6.0,-1.0,1642179,1.0,30,,0.0,2.0,4.0,B01,138Â 299Â 595,1.0
962147,201900003678,11,26,13:15,1,2,2,1.0,6.0,75116,RUE JEAN DE LA FONTAINE,M,"48,8483485","2,2649324",75,2019,50.0,1.0,1.0,4.0,2150498,10.0,3,4,1,1.0,,3.0,3,1998.0,A01,138Â 299Â 593,0.0,-1.0,-1.0,1642180,2.0,7,,0.0,1.0,1.0,A01,138Â 299Â 593,1.0
962147,201900003678,11,26,13:15,1,2,2,1.0,6.0,75116,RUE JEAN DE LA FONTAINE,M,"48,8483485","2,2649324",75,2019,50.0,1.0,1.0,4.0,2150499,1.0,1,1,1,4.0,,0.0,0,1966.0,A01,138Â 299Â 593,1.0,0.0,-1.0,1642180,2.0,7,,0.0,1.0,1.0,A01,138Â 299Â 593,1.0
962147,201900003678,11,26,13:15,1,2,2,1.0,6.0,75116,RUE JEAN DE LA FONTAINE,M,"48,8483485","2,2649324",75,2019,50.0,1.0,1.0,4.0,2150500,10.0,3,4,1,1.0,,3.0,3,1985.0,A01,138Â 299Â 593,0.0,-1.0,-1.0,1642180,2.0,7,,0.0,1.0,1.0,A01,138Â 299Â 593,1.0
962148,201900003679,11,25,10:20,1,2,1,1.0,6.0,75114,RUE VERCINGETORIX,M,"48,8308184","2,3084316",75,2019,30.0,1.0,1.0,4.0,2150501,1.0,1,1,1,4.0,,0.0,0,1974.0,A01,138Â 299Â 592,1.0,0.0,-1.0,1642181,1.0,13,,1.0,1.0,3.0,A01,138Â 299Â 592,1.0
962148,201900003679,11,25,10:20,1,2,1,1.0,6.0,75114,RUE VERCINGETORIX,M,"48,8308184","2,3084316",75,2019,30.0,1.0,1.0,4.0,2150502,10.0,3,4,1,4.0,,2.0,A,1984.0,A01,138Â 299Â 592,0.0,-1.0,-1.0,1642181,1.0,13,,1.0,1.0,3.0,A01,138Â 299Â 592,1.0
962149,201900003680,11,24,01:25,5,2,2,1.0,6.0,75114,AVENUE DU MAINE,M,"48,8368363","2,3232268",75,2019,50.0,1.0,1.0,4.0,2150503,10.0,3,4,1,0.0,,4.0,3,1991.0,A01,138Â 299Â 591,0.0,-1.0,-1.0,1642182,1.0,34,,0.0,1.0,1.0,A01,138Â 299Â 591,1.0
962149,201900003680,11,24,01:25,5,2,2,1.0,6.0,75114,AVENUE DU MAINE,M,"48,8368363","2,3232268",75,2019,50.0,1.0,1.0,4.0,2150504,1.0,1,1,1,0.0,,0.0,0,1986.0,A01,138Â 299Â 591,2.0,6.0,-1.0,1642182,1.0,34,,0.0,1.0,1.0,A01,138Â 299Â 591,1.0
962150,201900003681,11,26,18:00,5,2,3,1.0,3.0,75113,BOULEVARD VINCENT AURIOL,M,"48,8345773","2,3673620",75,2019,50.0,5.0,2.0,4.0,2150505,1.0,1,4,1,1.0,,0.0,0,1970.0,B01,138Â 299Â 589,8.0,2.0,-1.0,1642183,2.0,1,,0.0,2.0,1.0,B01,138Â 299Â 589,5.0
962150,201900003681,11,26,18:00,5,2,3,1.0,3.0,75113,BOULEVARD VINCENT AURIOL,M,"48,8345773","2,3673620",75,2019,50.0,5.0,2.0,4.0,2150505,1.0,1,4,1,1.0,,0.0,0,1970.0,B01,138Â 299Â 589,8.0,2.0,-1.0,1642184,2.0,10,,0.0,2.0,2.0,A01,138Â 299Â 590,1.0
962150,201900003681,11,26,18:00,5,2,3,1.0,3.0,75113,BOULEVARD VINCENT AURIOL,M,"48,8345773","2,3673620",75,2019,50.0,5.0,2.0,4.0,2150506,1.0,1,1,1,1.0,,0.0,0,1973.0,A01,138Â 299Â 590,1.0,0.0,-1.0,1642183,2.0,1,,0.0,2.0,1.0,B01,138Â 299Â 589,5.0
962150,201900003681,11,26,18:00,5,2,3,1.0,3.0,75113,BOULEVARD VINCENT AURIOL,M,"48,8345773","2,3673620",75,2019,50.0,5.0,2.0,4.0,2150506,1.0,1,1,1,1.0,,0.0,0,1973.0,A01,138Â 299Â 590,1.0,0.0,-1.0,1642184,2.0,10,,0.0,2.0,2.0,A01,138Â 299Â 590,1.0
962151,201900003682,11,26,08:45,1,2,3,8.0,3.0,75113,RUE CHARCOT,M,"48,8311376","2,3718955",75,2019,50.0,5.0,1.0,4.0,2150507,1.0,1,4,2,0.0,,0.0,0,1980.0,A01,138Â 299Â 587,8.0,2.0,-1.0,1642185,1.0,1,,0.0,2.0,1.0,A01,138Â 299Â 587,5.0
962151,201900003682,11,26,08:45,1,2,3,8.0,3.0,75113,RUE CHARCOT,M,"48,8311376","2,3718955",75,2019,50.0,5.0,1.0,4.0,2150507,1.0,1,4,2,0.0,,0.0,0,1980.0,A01,138Â 299Â 587,8.0,2.0,-1.0,1642186,2.0,7,,0.0,2.0,3.0,B01,138Â 299Â 588,1.0
962151,201900003682,11,26,08:45,1,2,3,8.0,3.0,75113,RUE CHARCOT,M,"48,8311376","2,3718955",75,2019,50.0,5.0,1.0,4.0,2150508,1.0,1,1,2,1.0,,0.0,0,1975.0,B01,138Â 299Â 588,1.0,0.0,-1.0,1642185,1.0,1,,0.0,2.0,1.0,A01,138Â 299Â 587,5.0
962151,201900003682,11,26,08:45,1,2,3,8.0,3.0,75113,RUE CHARCOT,M,"48,8311376","2,3718955",75,2019,50.0,5.0,1.0,4.0,2150508,1.0,1,1,2,1.0,,0.0,0,1975.0,B01,138Â 299Â 588,1.0,0.0,-1.0,1642186,2.0,7,,0.0,2.0,3.0,B01,138Â 299Â 588,1.0
962152,201900003683,11,26,20:50,5,2,1,3.0,2.0,75112,QUAI DE LA RAPEE,M,"48,8414290","2,3730270",75,2019,50.0,1.0,2.0,4.0,2150509,1.0,1,3,1,5.0,,0.0,0,2000.0,A01,138Â 299Â 585,2.0,6.0,-1.0,1642187,1.0,31,,0.0,2.0,6.0,A01,138Â 299Â 585,1.0
962152,201900003683,11,26,20:50,5,2,1,3.0,2.0,75112,QUAI DE LA RAPEE,M,"48,8414290","2,3730270",75,2019,50.0,1.0,2.0,4.0,2150509,1.0,1,3,1,5.0,,0.0,0,2000.0,A01,138Â 299Â 585,2.0,6.0,-1.0,1642188,1.0,7,,0.0,2.0,6.0,B01,138Â 299Â 586,1.0
962152,201900003683,11,26,20:50,5,2,1,3.0,2.0,75112,QUAI DE LA RAPEE,M,"48,8414290","2,3730270",75,2019,50.0,1.0,2.0,4.0,2150510,1.0,1,1,1,5.0,,0.0,0,1985.0,B01,138Â 299Â 586,1.0,0.0,-1.0,1642187,1.0,31,,0.0,2.0,6.0,A01,138Â 299Â 585,1.0
962152,201900003683,11,26,20:50,5,2,1,3.0,2.0,75112,QUAI DE LA RAPEE,M,"48,8414290","2,3730270",75,2019,50.0,1.0,2.0,4.0,2150510,1.0,1,1,1,5.0,,0.0,0,1985.0,B01,138Â 299Â 586,1.0,0.0,-1.0,1642188,1.0,7,,0.0,2.0,6.0,B01,138Â 299Â 586,1.0
962153,201900003684,11,26,10:20,1,2,2,2.0,6.0,75112,ROUTE DE LA PYRAMIDE,M,"48,8207595","2,4602399",75,2019,50.0,1.0,2.0,4.0,2150511,1.0,1,1,1,1.0,,0.0,0,1978.0,A01,138Â 299Â 584,1.0,0.0,-1.0,1642189,1.0,7,,0.0,1.0,3.0,A01,138Â 299Â 584,1.0
962153,201900003684,11,26,10:20,1,2,2,2.0,6.0,75112,ROUTE DE LA PYRAMIDE,M,"48,8207595","2,4602399",75,2019,50.0,1.0,2.0,4.0,2150512,10.0,3,4,2,5.0,,2.0,3,1971.0,A01,138Â 299Â 584,0.0,-1.0,-1.0,1642189,1.0,7,,0.0,1.0,3.0,A01,138Â 299Â 584,1.0