Unnamed: 0_x,num_acc,mois,jour,hrmn,lum,agg,int,atm,col,com,adr,gps,lat,long,dep,annee,vma,situ,surf,catr,Unnamed: 0_y,place,catu,grav,sexe,trajet,secu,locp,actp,an_nais,num_veh_x,id_vehicule_x,secu1,secu2,secu3,Unnamed: 0,senc,catv,occutc,obs,obsm,choc,num_veh_y,id_vehicule_y,motor
962154,201900003685,11,25,22:15,5,2,3,2.0,3.0,75112,RUE DE LYON,M,"48,8514329","2,3699002",75,2019,50.0,1.0,2.0,4.0,2150513,1.0,1,1,1,4.0,,0.0,0,1971.0,B01,138Â 299Â 582,1.0,0.0,-1.0,1642190,1.0,37,1.0,0.0,2.0,3.0,B01,138Â 299Â 582,1.0
962154,201900003685,11,25,22:15,5,2,3,2.0,3.0,75112,RUE DE LYON,M,"48,8514329","2,3699002",75,2019,50.0,1.0,2.0,4.0,2150513,1.0,1,1,1,4.0,,0.0,0,1971.0,B01,138Â 299Â 582,1.0,0.0,-1.0,1642191,2.0,1,,0.0,2.0,8.0,A01,138Â 299Â 583,5.0
962154,201900003685,11,25,22:15,5,2,3,2.0,3.0,75112,RUE DE LYON,M,"48,8514329","2,3699002",75,2019,50.0,1.0,2.0,4.0,2150514,1.0,1,4,2,5.0,,0.0,0,1999.0,A01,138Â 299Â 583,8.0,2.0,-1.0,1642190,1.0,37,1.0,0.0,2.0,3.0,B01,138Â 299Â 582,1.0
962154,201900003685,11,25,22:15,5,2,3,2.0,3.0,75112,RUE DE LYON,M,"48,8514329","2,3699002",75,2019,50.0,1.0,2.0,4.0,2150514,1.0,1,4,2,5.0,,0.0,0,1999.0,A01,138Â 299Â 583,8.0,2.0,-1.0,1642191,2.0,1,,0.0,2.0,8.0,A01,138Â 299Â 583,5.0
962155,201900003686,11,26,19:00,5,2,3,8.0,3.0,75111,RUE DU CHEMIN VERT,M,"48,8618580","2,3834096",75,2019,30.0,1.0,2.0,4.0,2150515,1.0,1,1,1,0.0,,0.0,0,1982.0,A01,138Â 299Â 580,1.0,0.0,-1.0,1642192,2.0,10,,0.0,2.0,3.0,A01,138Â 299Â 580,1.0
962155,201900003686,11,26,19:00,5,2,3,8.0,3.0,75111,RUE DU CHEMIN VERT,M,"48,8618580","2,3834096",75,2019,30.0,1.0,2.0,4.0,2150515,1.0,1,1,1,0.0,,0.0,0,1982.0,A01,138Â 299Â 580,1.0,0.0,-1.0,1642193,2.0,1,,0.0,2.0,2.0,B01,138Â 299Â 581,5.0
962155,201900003686,11,26,19:00,5,2,3,8.0,3.0,75111,RUE DU CHEMIN VERT,M,"48,8618580","2,3834096",75,2019,30.0,1.0,2.0,4.0,2150516,1.0,1,4,1,0.0,,0.0,0,1975.0,B01,138Â 299Â 581,8.0,2.0,-1.0,1642192,2.0,10,,0.0,2.0,3.0,A01,138Â 299Â 580,1.0
962155,201900003686,11,26,19:00,5,2,3,8.0,3.0,75111,RUE DU CHEMIN VERT,M,"48,8618580","2,3834096",75,2019,30.0,1.0,2.0,4.0,2150516,1.0,1,4,1,0.0,,0.0,0,1975.0,B01,138Â 299Â 581,8.0,2.0,-1.0,1642193,2.0,1,,0.0,2.0,2.0,B01,138Â 299Â 581,5.0
962156,201900003687,11,26,10:00,1,2,3,2.0,3.0,75108,RUE DE COURCELLES,M,"48,8788851","2,3035828",75,2019,50.0,1.0,2.0,4.0,2150517,1.0,1,4,1,4.0,,0.0,0,1995.0,B01,138Â 299Â 578,2.0,6.0,-1.0,1642194,1.0,30,,0.0,2.0,1.0,B01,138Â 299Â 578,1.0
962156,201900003687,11,26,10:00,1,2,3,2.0,3.0,75108,RUE DE COURCELLES,M,"48,8788851","2,3035828",75,2019,50.0,1.0,2.0,4.0,2150517,1.0,1,4,1,4.0,,0.0,0,1995.0,B01,138Â 299Â 578,2.0,6.0,-1.0,1642195,2.0,10,,0.0,2.0,1.0,A01,138Â 299Â 579,1.0
962156,201900003687,11,26,10:00,1,2,3,2.0,3.0,75108,RUE DE COURCELLES,M,"48,8788851","2,3035828",75,2019,50.0,1.0,2.0,4.0,2150518,1.0,1,1,1,4.0,,0.0,0,1987.0,A01,138Â 299Â 579,1.0,0.0,-1.0,1642194,1.0,30,,0.0,2.0,1.0,B01,138Â 299Â 578,1.0
962156,201900003687,11,26,10:00,1,2,3,2.0,3.0,75108,RUE DE COURCELLES,M,"48,8788851","2,3035828",75,2019,50.0,1.0,2.0,4.0,2150518,1.0,1,1,1,4.0,,0.0,0,1987.0,A01,138Â 299Â 579,1.0,0.0,-1.0,1642195,2.0,10,,0.0,2.0,1.0,A01,138Â 299Â 579,1.0
962157,201900003688,11,26,19:45,5,2,2,2.0,6.0,75104,BOULEVARD DE SEBASTOPOL,M,"48,8595305","2,3487901",75,2019,50.0,5.0,2.0,4.0,2150519,1.0,1,4,2,1.0,,0.0,0,1977.0,A01,138Â 299Â 576,8.0,2.0,-1.0,1642196,1.0,1,,0.0,2.0,0.0,A01,138Â 299Â 576,5.0
962157,201900003688,11,26,19:45,5,2,2,2.0,6.0,75104,BOULEVARD DE SEBASTOPOL,M,"48,8595305","2,3487901",75,2019,50.0,5.0,2.0,4.0,2150519,1.0,1,4,2,1.0,,0.0,0,1977.0,A01,138Â 299Â 576,8.0,2.0,-1.0,1642197,1.0,7,,0.0,2.0,0.0,Z01,138Â 299Â 577,0.0
962158,201900003689,11,25,09:15,1,2,1,1.0,6.0,75101,RUE DANIELLE CASANOVA,M,"48,8680848","2,3311400",75,2019,30.0,5.0,1.0,4.0,2150520,1.0,1,1,1,1.0,,0.0,0,1989.0,A01,138Â 299Â 575,8.0,2.0,-1.0,1642198,2.0,1,,0.0,1.0,1.0,A01,138Â 299Â 575,5.0
962158,201900003689,11,25,09:15,1,2,1,1.0,6.0,75101,RUE DANIELLE CASANOVA,M,"48,8680848","2,3311400",75,2019,30.0,5.0,1.0,4.0,2150521,10.0,3,4,2,1.0,,2.0,3,1965.0,A01,138Â 299Â 575,0.0,-1.0,-1.0,1642198,2.0,1,,0.0,1.0,1.0,A01,138Â 299Â 575,5.0
962159,201900003690,11,26,12:40,1,2,1,2.0,3.0,94081,STALINGRAD (BD DE),M,"48,8015500","2,3810500",94,2019,30.0,-1.0,1.0,9.0,2150522,1.0,1,1,1,0.0,,-1.0, -1,1953.0,A01,138Â 299Â 573,1.0,0.0,-1.0,1642199,3.0,7,,0.0,2.0,1.0,A01,138Â 299Â 573,1.0
962159,201900003690,11,26,12:40,1,2,1,2.0,3.0,94081,STALINGRAD (BD DE),M,"48,8015500","2,3810500",94,2019,30.0,-1.0,1.0,9.0,2150522,1.0,1,1,1,0.0,,-1.0, -1,1953.0,A01,138Â 299Â 573,1.0,0.0,-1.0,1642200,1.0,7,,0.0,2.0,8.0,B01,138Â 299Â 574,1.0
962159,201900003690,11,26,12:40,1,2,1,2.0,3.0,94081,STALINGRAD (BD DE),M,"48,8015500","2,3810500",94,2019,30.0,-1.0,1.0,9.0,2150523,1.0,1,4,1,0.0,,-1.0, -1,1987.0,B01,138Â 299Â 574,1.0,0.0,-1.0,1642199,3.0,7,,0.0,2.0,1.0,A01,138Â 299Â 573,1.0
962159,201900003690,11,26,12:40,1,2,1,2.0,3.0,94081,STALINGRAD (BD DE),M,"48,8015500","2,3810500",94,2019,30.0,-1.0,1.0,9.0,2150523,1.0,1,4,1,0.0,,-1.0, -1,1987.0,B01,138Â 299Â 574,1.0,0.0,-1.0,1642200,1.0,7,,0.0,2.0,8.0,B01,138Â 299Â 574,1.0
962159,201900003690,11,26,12:40,1,2,1,2.0,3.0,94081,STALINGRAD (BD DE),M,"48,8015500","2,3810500",94,2019,30.0,-1.0,1.0,9.0,2150524,2.0,2,4,1,0.0,,-1.0, -1,1986.0,B01,138Â 299Â 574,1.0,0.0,-1.0,1642199,3.0,7,,0.0,2.0,1.0,A01,138Â 299Â 573,1.0
962159,201900003690,11,26,12:40,1,2,1,2.0,3.0,94081,STALINGRAD (BD DE),M,"48,8015500","2,3810500",94,2019,30.0,-1.0,1.0,9.0,2150524,2.0,2,4,1,0.0,,-1.0, -1,1986.0,B01,138Â 299Â 574,1.0,0.0,-1.0,1642200,1.0,7,,0.0,2.0,8.0,B01,138Â 299Â 574,1.0
962160,201900003691,11,12,08:50,1,2,1,1.0,6.0,94081,LAVOISIER (R),M,"48,7988800","2,3913900",94,2019,50.0,1.0,1.0,4.0,2150525,10.0,3,4,1,2.0,,2.0,3,2008.0,A01,138Â 299Â 572,0.0,-1.0,-1.0,1642201,1.0,7,,0.0,1.0,0.0,A01,138Â 299Â 572,1.0
962160,201900003691,11,12,08:50,1,2,1,1.0,6.0,94081,LAVOISIER (R),M,"48,7988800","2,3913900",94,2019,50.0,1.0,1.0,4.0,2150526,1.0,1,1,2,1.0,,-1.0, -1,1983.0,A01,138Â 299Â 572,1.0,8.0,-1.0,1642201,1.0,7,,0.0,1.0,0.0,A01,138Â 299Â 572,1.0
962161,201900003692,11,26,13:30,1,2,1,2.0,3.0,94077,REPUBLIQUE (AV DE LA),M,"48,7311898","2,4167298",94,2019,50.0,1.0,2.0,3.0,2150527,1.0,1,4,1,0.0,,-1.0, -1,1972.0,B01,138Â 299Â 570,2.0,8.0,-1.0,1642202,2.0,33,,0.0,2.0,7.0,B01,138Â 299Â 570,1.0
962161,201900003692,11,26,13:30,1,2,1,2.0,3.0,94077,REPUBLIQUE (AV DE LA),M,"48,7311898","2,4167298",94,2019,50.0,1.0,2.0,3.0,2150527,1.0,1,4,1,0.0,,-1.0, -1,1972.0,B01,138Â 299Â 570,2.0,8.0,-1.0,1642203,2.0,3,,0.0,2.0,3.0,A01,138Â 299Â 571,1.0
962161,201900003692,11,26,13:30,1,2,1,2.0,3.0,94077,REPUBLIQUE (AV DE LA),M,"48,7311898","2,4167298",94,2019,50.0,1.0,2.0,3.0,2150528,1.0,1,1,2,0.0,,-1.0, -1,1986.0,A01,138Â 299Â 571,1.0,0.0,-1.0,1642202,2.0,33,,0.0,2.0,7.0,B01,138Â 299Â 570,1.0
962161,201900003692,11,26,13:30,1,2,1,2.0,3.0,94077,REPUBLIQUE (AV DE LA),M,"48,7311898","2,4167298",94,2019,50.0,1.0,2.0,3.0,2150528,1.0,1,1,2,0.0,,-1.0, -1,1986.0,A01,138Â 299Â 571,1.0,0.0,-1.0,1642203,2.0,3,,0.0,2.0,3.0,A01,138Â 299Â 571,1.0
962162,201900003693,11,25,17:55,3,2,1,1.0,4.0,93073,CHAPIT RE ( RUE DU),M,"49,0029480","2,5368790",93,2019,70.0,1.0,2.0,4.0,2150529,1.0,1,1,2,0.0,,-1.0, -1,1956.0,A01,138Â 299Â 567,8.0,0.0,-1.0,1642204,3.0,7,,0.0,2.0,4.0,A01,138Â 299Â 567,1.0
962162,201900003693,11,25,17:55,3,2,1,1.0,4.0,93073,CHAPIT RE ( RUE DU),M,"49,0029480","2,5368790",93,2019,70.0,1.0,2.0,4.0,2150529,1.0,1,1,2,0.0,,-1.0, -1,1956.0,A01,138Â 299Â 567,8.0,0.0,-1.0,1642205,3.0,7,,0.0,2.0,1.0,B01,138Â 299Â 568,1.0
962162,201900003693,11,25,17:55,3,2,1,1.0,4.0,93073,CHAPIT RE ( RUE DU),M,"49,0029480","2,5368790",93,2019,70.0,1.0,2.0,4.0,2150529,1.0,1,1,2,0.0,,-1.0, -1,1956.0,A01,138Â 299Â 567,8.0,0.0,-1.0,1642206,3.0,7,,0.0,2.0,0.0,C01,138Â 299Â 569,1.0
962162,201900003693,11,25,17:55,3,2,1,1.0,4.0,93073,CHAPIT RE ( RUE DU),M,"49,0029480","2,5368790",93,2019,70.0,1.0,2.0,4.0,2150530,1.0,1,4,2,0.0,,-1.0, -1,1989.0,B01,138Â 299Â 568,8.0,0.0,-1.0,1642204,3.0,7,,0.0,2.0,4.0,A01,138Â 299Â 567,1.0
962162,201900003693,11,25,17:55,3,2,1,1.0,4.0,93073,CHAPIT RE ( RUE DU),M,"49,0029480","2,5368790",93,2019,70.0,1.0,2.0,4.0,2150530,1.0,1,4,2,0.0,,-1.0, -1,1989.0,B01,138Â 299Â 568,8.0,0.0,-1.0,1642205,3.0,7,,0.0,2.0,1.0,B01,138Â 299Â 568,1.0
962162,201900003693,11,25,17:55,3,2,1,1.0,4.0,93073,CHAPIT RE ( RUE DU),M,"49,0029480","2,5368790",93,2019,70.0,1.0,2.0,4.0,2150530,1.0,1,4,2,0.0,,-1.0, -1,1989.0,B01,138Â 299Â 568,8.0,0.0,-1.0,1642206,3.0,7,,0.0,2.0,0.0,C01,138Â 299Â 569,1.0
962162,201900003693,11,25,17:55,3,2,1,1.0,4.0,93073,CHAPIT RE ( RUE DU),M,"49,0029480","2,5368790",93,2019,70.0,1.0,2.0,4.0,2150531,1.0,1,1,2,0.0,,-1.0, -1,1980.0,C01,138Â 299Â 569,8.0,0.0,-1.0,1642204,3.0,7,,0.0,2.0,4.0,A01,138Â 299Â 567,1.0
962162,201900003693,11,25,17:55,3,2,1,1.0,4.0,93073,CHAPIT RE ( RUE DU),M,"49,0029480","2,5368790",93,2019,70.0,1.0,2.0,4.0,2150531,1.0,1,1,2,0.0,,-1.0, -1,1980.0,C01,138Â 299Â 569,8.0,0.0,-1.0,1642205,3.0,7,,0.0,2.0,1.0,B01,138Â 299Â 568,1.0
962162,201900003693,11,25,17:55,3,2,1,1.0,4.0,93073,CHAPIT RE ( RUE DU),M,"49,0029480","2,5368790",93,2019,70.0,1.0,2.0,4.0,2150531,1.0,1,1,2,0.0,,-1.0, -1,1980.0,C01,138Â 299Â 569,8.0,0.0,-1.0,1642206,3.0,7,,0.0,2.0,0.0,C01,138Â 299Â 569,1.0
962163,201900003694,11,25,16:45,2,2,1,8.0,3.0,93070,SEINE (QUAI DE),M,"48,9139000","2,3173000",93,2019,50.0,1.0,2.0,4.0,2150532,1.0,1,1,1,1.0,,-1.0, -1,1986.0,B01,138Â 299Â 565,1.0,0.0,-1.0,1642207,0.0,7,,0.0,2.0,3.0,B01,138Â 299Â 565,0.0
962163,201900003694,11,25,16:45,2,2,1,8.0,3.0,93070,SEINE (QUAI DE),M,"48,9139000","2,3173000",93,2019,50.0,1.0,2.0,4.0,2150532,1.0,1,1,1,1.0,,-1.0, -1,1986.0,B01,138Â 299Â 565,1.0,0.0,-1.0,1642208,0.0,7,,0.0,2.0,1.0,A01,138Â 299Â 566,0.0
962163,201900003694,11,25,16:45,2,2,1,8.0,3.0,93070,SEINE (QUAI DE),M,"48,9139000","2,3173000",93,2019,50.0,1.0,2.0,4.0,2150533,2.0,2,4,2,5.0,,-1.0, -1,1961.0,A01,138Â 299Â 566,1.0,0.0,-1.0,1642207,0.0,7,,0.0,2.0,3.0,B01,138Â 299Â 565,0.0
962163,201900003694,11,25,16:45,2,2,1,8.0,3.0,93070,SEINE (QUAI DE),M,"48,9139000","2,3173000",93,2019,50.0,1.0,2.0,4.0,2150533,2.0,2,4,2,5.0,,-1.0, -1,1961.0,A01,138Â 299Â 566,1.0,0.0,-1.0,1642208,0.0,7,,0.0,2.0,1.0,A01,138Â 299Â 566,0.0
962163,201900003694,11,25,16:45,2,2,1,8.0,3.0,93070,SEINE (QUAI DE),M,"48,9139000","2,3173000",93,2019,50.0,1.0,2.0,4.0,2150534,1.0,1,1,1,5.0,,-1.0, -1,1995.0,A01,138Â 299Â 566,1.0,0.0,-1.0,1642207,0.0,7,,0.0,2.0,3.0,B01,138Â 299Â 565,0.0
962163,201900003694,11,25,16:45,2,2,1,8.0,3.0,93070,SEINE (QUAI DE),M,"48,9139000","2,3173000",93,2019,50.0,1.0,2.0,4.0,2150534,1.0,1,1,1,5.0,,-1.0, -1,1995.0,A01,138Â 299Â 566,1.0,0.0,-1.0,1642208,0.0,7,,0.0,2.0,1.0,A01,138Â 299Â 566,0.0
962164,201900003695,11,25,00:20,5,2,2,1.0,3.0,93066,"""STALINGRAD (AVENUE), NR 88 A 114 BIS""",M,"48,9454000","2,3639000",93,2019,50.0,1.0,1.0,3.0,2150535,1.0,1,1,2,5.0,,-1.0, -1,1995.0,A01,138Â 299Â 563,1.0,0.0,-1.0,1642209,1.0,7,,0.0,6.0,3.0,A01,138Â 299Â 563,1.0
962164,201900003695,11,25,00:20,5,2,2,1.0,3.0,93066,"""STALINGRAD (AVENUE), NR 88 A 114 BIS""",M,"48,9454000","2,3639000",93,2019,50.0,1.0,1.0,3.0,2150535,1.0,1,1,2,5.0,,-1.0, -1,1995.0,A01,138Â 299Â 563,1.0,0.0,-1.0,1642210,3.0,1,,0.0,2.0,0.0,B01,138Â 299Â 564,5.0
962164,201900003695,11,25,00:20,5,2,2,1.0,3.0,93066,"""STALINGRAD (AVENUE), NR 88 A 114 BIS""",M,"48,9454000","2,3639000",93,2019,50.0,1.0,1.0,3.0,2150536,1.0,1,3,1,5.0,,-1.0, -1,1982.0,B01,138Â 299Â 564,8.0,0.0,-1.0,1642209,1.0,7,,0.0,6.0,3.0,A01,138Â 299Â 563,1.0
962164,201900003695,11,25,00:20,5,2,2,1.0,3.0,93066,"""STALINGRAD (AVENUE), NR 88 A 114 BIS""",M,"48,9454000","2,3639000",93,2019,50.0,1.0,1.0,3.0,2150536,1.0,1,3,1,5.0,,-1.0, -1,1982.0,B01,138Â 299Â 564,8.0,0.0,-1.0,1642210,3.0,1,,0.0,2.0,0.0,B01,138Â 299Â 564,5.0
962165,201900003696,11,25,17:35,5,2,3,2.0,6.0,93077,DUNANT (AVENUE HENRI),M,"48,8827000","2,5177800",93,2019,50.0,1.0,2.0,3.0,2150537,1.0,1,1,1,1.0,,-1.0, -1,1975.0,A01,138Â 299Â 562,1.0,0.0,-1.0,1642211,1.0,7,,0.0,1.0,2.0,A01,138Â 299Â 562,1.0
962165,201900003696,11,25,17:35,5,2,3,2.0,6.0,93077,DUNANT (AVENUE HENRI),M,"48,8827000","2,5177800",93,2019,50.0,1.0,2.0,3.0,2150538,10.0,3,4,1,9.0,,3.0,0,2007.0,A01,138Â 299Â 562,8.0,0.0,-1.0,1642211,1.0,7,,0.0,1.0,2.0,A01,138Â 299Â 562,1.0
962166,201900003697,11,25,10:50,1,2,6,1.0,6.0,93010,GROSLAY (CHEM. DE),M,"48,9113460","2,4747660",93,2019,50.0,1.0,1.0,4.0,2150539,1.0,2,4,1,1.0,,-1.0, -1,1988.0,A01,138Â 299Â 561,8.0,0.0,-1.0,1642212,1.0,10,,0.0,2.0,2.0,A01,138Â 299Â 561,1.0
962166,201900003697,11,25,10:50,1,2,6,1.0,6.0,93010,GROSLAY (CHEM. DE),M,"48,9113460","2,4747660",93,2019,50.0,1.0,1.0,4.0,2150540,1.0,1,1,1,5.0,,-1.0, -1,1951.0,A01,138Â 299Â 561,1.0,0.0,-1.0,1642212,1.0,10,,0.0,2.0,2.0,A01,138Â 299Â 561,1.0
962167,201900003698,11,26,08:40,1,2,1,1.0,6.0,93005,ANATOLE FRANCE (AVENUE),M,"48,9373720","2,4946060",93,2019,50.0,1.0,1.0,4.0,2150541,1.0,1,1,2,1.0,,-1.0, -1,1943.0,A01,138Â 299Â 560,1.0,0.0,-1.0,1642213,0.0,7,,0.0,1.0,1.0,A01,138Â 299Â 560,0.0
962167,201900003698,11,26,08:40,1,2,1,1.0,6.0,93005,ANATOLE FRANCE (AVENUE),M,"48,9373720","2,4946060",93,2019,50.0,1.0,1.0,4.0,2150542,10.0,3,4,1,0.0,,9.0,B,1943.0,A01,138Â 299Â 560,8.0,0.0,-1.0,1642213,0.0,7,,0.0,1.0,1.0,A01,138Â 299Â 560,0.0
962168,201900003699,11,25,19:00,5,2,9,1.0,2.0,92078,CHARLES DE GAULLE (BD) (71 AU 153),M,"48,9435600","2,3153100",92,2019,5.0,1.0,1.0,3.0,2150543,1.0,1,4,1,9.0,,-1.0, -1,1963.0,A01,138Â 299Â 558,1.0,8.0,-1.0,1642214,3.0,7,,0.0,2.0,1.0,A01,138Â 299Â 558,6.0
962168,201900003699,11,25,19:00,5,2,9,1.0,2.0,92078,CHARLES DE GAULLE (BD) (71 AU 153),M,"48,9435600","2,3153100",92,2019,5.0,1.0,1.0,3.0,2150543,1.0,1,4,1,9.0,,-1.0, -1,1963.0,A01,138Â 299Â 558,1.0,8.0,-1.0,1642215,3.0,7,,0.0,2.0,4.0,B01,138Â 299Â 559,0.0
962168,201900003699,11,25,19:00,5,2,9,1.0,2.0,92078,CHARLES DE GAULLE (BD) (71 AU 153),M,"48,9435600","2,3153100",92,2019,5.0,1.0,1.0,3.0,2150544,1.0,1,1,1,9.0,,-1.0, -1,1990.0,B01,138Â 299Â 559,1.0,8.0,-1.0,1642214,3.0,7,,0.0,2.0,1.0,A01,138Â 299Â 558,6.0
962168,201900003699,11,25,19:00,5,2,9,1.0,2.0,92078,CHARLES DE GAULLE (BD) (71 AU 153),M,"48,9435600","2,3153100",92,2019,5.0,1.0,1.0,3.0,2150544,1.0,1,1,1,9.0,,-1.0, -1,1990.0,B01,138Â 299Â 559,1.0,8.0,-1.0,1642215,3.0,7,,0.0,2.0,4.0,B01,138Â 299Â 559,0.0
962169,201900003700,11,26,08:17,1,2,1,2.0,3.0,92046,PIERRE BROSSOLETTE (AVENUE),M,"48,8167300","2,3064500",92,2019,50.0,1.0,1.0,3.0,2150545,1.0,1,4,1,1.0,,-1.0, -1,1997.0,B01,138Â 299Â 556,2.0,6.0,-1.0,1642216,2.0,33,,0.0,2.0,2.0,B01,138Â 299Â 556,1.0
962169,201900003700,11,26,08:17,1,2,1,2.0,3.0,92046,PIERRE BROSSOLETTE (AVENUE),M,"48,8167300","2,3064500",92,2019,50.0,1.0,1.0,3.0,2150545,1.0,1,4,1,1.0,,-1.0, -1,1997.0,B01,138Â 299Â 556,2.0,6.0,-1.0,1642217,2.0,7,,0.0,2.0,8.0,A01,138Â 299Â 557,1.0
962169,201900003700,11,26,08:17,1,2,1,2.0,3.0,92046,PIERRE BROSSOLETTE (AVENUE),M,"48,8167300","2,3064500",92,2019,50.0,1.0,1.0,3.0,2150546,1.0,1,1,1,4.0,,-1.0,0,1982.0,A01,138Â 299Â 557,8.0,0.0,-1.0,1642216,2.0,33,,0.0,2.0,2.0,B01,138Â 299Â 556,1.0
962169,201900003700,11,26,08:17,1,2,1,2.0,3.0,92046,PIERRE BROSSOLETTE (AVENUE),M,"48,8167300","2,3064500",92,2019,50.0,1.0,1.0,3.0,2150546,1.0,1,1,1,4.0,,-1.0,0,1982.0,A01,138Â 299Â 557,8.0,0.0,-1.0,1642217,2.0,7,,0.0,2.0,8.0,A01,138Â 299Â 557,1.0
962170,201900003701,11,25,15:55,1,2,3,1.0,6.0,92036,LOUIS CALMEL (RUE) (18/58),M,"48,9232250","2,2871750",92,2019,50.0,1.0,1.0,3.0,2150547,10.0,3,4,2,5.0,,3.0,3,2002.0,Z01,138Â 299Â 555,8.0,8.0,-1.0,1642218,0.0,0,,0.0,1.0,1.0,Z01,138Â 299Â 555,1.0
962171,201900003702,8,19,04:00,5,1,1,1.0,6.0,84031,PEYRIERE CHEMIN DE,M,"44,0728137","5,0496850",84,2019,70.0,-1.0,1.0,4.0,2150548,1.0,1,3,1,9.0,,-1.0, -1,1998.0,A01,138Â 299Â 553,1.0,8.0,-1.0,1642219,0.0,10,,6.0,0.0,1.0,A01,138Â 299Â 553,0.0
962172,201900003703,7,22,18:45,1,2,1,1.0,6.0,78498,CEP AVENUE DU,M,"48,9303700","2,0395100",78,2019,50.0,-1.0,1.0,4.0,2150549,1.0,1,1,1,0.0,,-1.0, -1,1984.0,A01,138Â 299Â 552,8.0,0.0,-1.0,1642220,2.0,7,,0.0,1.0,1.0,A01,138Â 299Â 552,1.0
962172,201900003703,7,22,18:45,1,2,1,1.0,6.0,78498,CEP AVENUE DU,M,"48,9303700","2,0395100",78,2019,50.0,-1.0,1.0,4.0,2150550,10.0,3,4,1,1.0,,4.0,3,1994.0,A01,138Â 299Â 552,0.0,-1.0,-1.0,1642220,2.0,7,,0.0,1.0,1.0,A01,138Â 299Â 552,1.0
962173,201900003704,4,8,12:25,1,2,2,1.0,6.0,69266,GENERAL LECLERC    (Avenue du),M,"45,7590000","4,8907000",69,2019,50.0,2.0,1.0,7.0,2150551,10.0,3,3,1,5.0,,3.0,3,1954.0,Z01,138Â 299Â 551,8.0,0.0,-1.0,1642221,1.0,7,,0.0,1.0,1.0,Z01,138Â 299Â 551,1.0
962174,201900003705,11,4,19:20,2,2,9,9.0,6.0,62510,LEQUETTE (R MADAME),M,"50,4213300","2,7810000",62,2019,50.0,1.0,1.0,9.0,2150552,10.0,3,3,2,0.0,,2.0,3,1939.0,A01,138Â 299Â 550,0.0,-1.0,-1.0,1642222,3.0,7,,0.0,1.0,4.0,A01,138Â 299Â 550,1.0
962174,201900003705,11,4,19:20,2,2,9,9.0,6.0,62510,LEQUETTE (R MADAME),M,"50,4213300","2,7810000",62,2019,50.0,1.0,1.0,9.0,2150553,1.0,1,1,2,0.0,,-1.0, -1,1942.0,A01,138Â 299Â 550,1.0,0.0,-1.0,1642222,3.0,7,,0.0,1.0,4.0,A01,138Â 299Â 550,1.0
962175,201900003706,4,26,02:02,5,2,2,1.0,3.0,93006,REPUBLIQUE AVENUE DE LA,M,"48,8622500","2,4161700",93,2019,50.0,1.0,1.0,3.0,2150554,1.0,1,1,1,1.0,,-1.0, -1,1980.0,A01,138Â 299Â 548,1.0,0.0,-1.0,1642223,2.0,7,,0.0,2.0,3.0,A01,138Â 299Â 548,1.0
962175,201900003706,4,26,02:02,5,2,2,1.0,3.0,93006,REPUBLIQUE AVENUE DE LA,M,"48,8622500","2,4161700",93,2019,50.0,1.0,1.0,3.0,2150554,1.0,1,1,1,1.0,,-1.0, -1,1980.0,A01,138Â 299Â 548,1.0,0.0,-1.0,1642224,1.0,30,,0.0,2.0,1.0,B01,138Â 299Â 549,1.0
962175,201900003706,4,26,02:02,5,2,2,1.0,3.0,93006,REPUBLIQUE AVENUE DE LA,M,"48,8622500","2,4161700",93,2019,50.0,1.0,1.0,3.0,2150555,1.0,1,3,1,4.0,,-1.0, -1,1994.0,B01,138Â 299Â 549,2.0,0.0,-1.0,1642223,2.0,7,,0.0,2.0,3.0,A01,138Â 299Â 548,1.0
962175,201900003706,4,26,02:02,5,2,2,1.0,3.0,93006,REPUBLIQUE AVENUE DE LA,M,"48,8622500","2,4161700",93,2019,50.0,1.0,1.0,3.0,2150555,1.0,1,3,1,4.0,,-1.0, -1,1994.0,B01,138Â 299Â 549,2.0,0.0,-1.0,1642224,1.0,30,,0.0,2.0,1.0,B01,138Â 299Â 549,1.0
962176,201900003707,12,23,12:45,1,2,9,1.0,6.0,97105,CHARLES DE GAULLE (BOULEVARD),M,"15,9954100"," -61,7316810",971,2019,50.0,8.0,1.0,2.0,2150556,1.0,1,1,1,4.0,,-1.0, -1,1959.0,A01,138Â 299Â 547,1.0,8.0,-1.0,1642225,1.0,7,,0.0,1.0,1.0,A01,138Â 299Â 547,1.0
962176,201900003707,12,23,12:45,1,2,9,1.0,6.0,97105,CHARLES DE GAULLE (BOULEVARD),M,"15,9954100"," -61,7316810",971,2019,50.0,8.0,1.0,2.0,2150557,10.0,3,4,2,0.0,,3.0,3,1967.0,A01,138Â 299Â 547,0.0,-1.0,-1.0,1642225,1.0,7,,0.0,1.0,1.0,A01,138Â 299Â 547,1.0
962177,201900003708,12,29,11:30,1,2,1,1.0,6.0,88383,Route de Bussang,M,"48,0041200","6,6125200",88,2019,30.0,-1.0,1.0,5.0,2150558,10.0,3,3,1,3.0,,9.0,9,1943.0,B01,138Â 299Â 546,8.0,8.0,-1.0,1642226,3.0,7,,1.0,1.0,1.0,B01,138Â 299Â 546,2.0
962177,201900003708,12,29,11:30,1,2,1,1.0,6.0,88383,Route de Bussang,M,"48,0041200","6,6125200",88,2019,30.0,-1.0,1.0,5.0,2150559,10.0,3,1,2,3.0,,0.0,9,1945.0,B01,138Â 299Â 546,0.0,-1.0,-1.0,1642226,3.0,7,,1.0,1.0,1.0,B01,138Â 299Â 546,2.0