Unnamed: 0_x,num_acc,mois,jour,hrmn,lum,agg,int,atm,col,com,adr,gps,lat,long,dep,annee,vma,situ,surf,catr,Unnamed: 0_y,place,catu,grav,sexe,trajet,secu,locp,actp,an_nais,num_veh_x,id_vehicule_x,secu1,secu2,secu3,Unnamed: 0,senc,catv,occutc,obs,obsm,choc,num_veh_y,id_vehicule_y,motor
962177,201900003708,12,29,11:30,1,2,1,1.0,6.0,88383,Route de Bussang,M,"48,0041200","6,6125200",88,2019,30.0,-1.0,1.0,5.0,2150560,1.0,1,1,2,3.0,,-1.0, -1,1972.0,B01,138Â 299Â 546,8.0,0.0,-1.0,1642226,3.0,7,,1.0,1.0,1.0,B01,138Â 299Â 546,2.0
962178,201900003709,11,16,16:00,1,2,9,1.0,6.0,84031,ZOLA BOULEVARD EMILE,M,"44,0509700","5,0495600",84,2019,50.0,-1.0,1.0,4.0,2150561,1.0,1,1,1,0.0,,-1.0, -1,1946.0,A01,138Â 299Â 545,1.0,8.0,-1.0,1642227,3.0,10,,0.0,1.0,1.0,A01,138Â 299Â 545,0.0
962178,201900003709,11,16,16:00,1,2,9,1.0,6.0,84031,ZOLA BOULEVARD EMILE,M,"44,0509700","5,0495600",84,2019,50.0,-1.0,1.0,4.0,2150562,10.0,3,4,1,0.0,,3.0,3,1938.0,A01,138Â 299Â 545,0.0,-1.0,-1.0,1642227,3.0,10,,0.0,1.0,1.0,A01,138Â 299Â 545,0.0
962179,201900003710,12,15,11:40,1,1,1,1.0,6.0,83069,MARAIS (ROUTE DES),M,"43,0810100","6,1286100",83,2019,10.0,-1.0,2.0,6.0,2150563,1.0,1,1,2,9.0,,0.0,0,1950.0,A01,138Â 299Â 544,1.0,8.0,-1.0,1642228,0.0,7,,0.0,1.0,2.0,A01,138Â 299Â 544,6.0
962179,201900003710,12,15,11:40,1,1,1,1.0,6.0,83069,MARAIS (ROUTE DES),M,"43,0810100","6,1286100",83,2019,10.0,-1.0,2.0,6.0,2150564,10.0,3,3,2,9.0,,0.0,3,1954.0,A01,138Â 299Â 544,0.0,-1.0,-1.0,1642228,0.0,7,,0.0,1.0,2.0,A01,138Â 299Â 544,6.0
962180,201900003711,12,29,03:07,5,1,8,1.0,3.0,71445,JEAN BAPTISTE PERRIN (RUE),M,"46,7679000","4,8705000",71,2019,50.0,-1.0,1.0,4.0,2150565,1.0,1,1,1,5.0,,0.0,0,1996.0,B01,138Â 299Â 542,1.0,8.0,-1.0,1642229,3.0,7,,0.0,4.0,2.0,B01,138Â 299Â 542,1.0
962180,201900003711,12,29,03:07,5,1,8,1.0,3.0,71445,JEAN BAPTISTE PERRIN (RUE),M,"46,7679000","4,8705000",71,2019,50.0,-1.0,1.0,4.0,2150565,1.0,1,1,1,5.0,,0.0,0,1996.0,B01,138Â 299Â 542,1.0,8.0,-1.0,1642230,3.0,39,,14.0,2.0,4.0,A01,138Â 299Â 543,3.0
962180,201900003711,12,29,03:07,5,1,8,1.0,3.0,71445,JEAN BAPTISTE PERRIN (RUE),M,"46,7679000","4,8705000",71,2019,50.0,-1.0,1.0,4.0,2150566,2.0,2,1,1,5.0,,0.0,0,1996.0,B01,138Â 299Â 542,1.0,8.0,-1.0,1642229,3.0,7,,0.0,4.0,2.0,B01,138Â 299Â 542,1.0
962180,201900003711,12,29,03:07,5,1,8,1.0,3.0,71445,JEAN BAPTISTE PERRIN (RUE),M,"46,7679000","4,8705000",71,2019,50.0,-1.0,1.0,4.0,2150566,2.0,2,1,1,5.0,,0.0,0,1996.0,B01,138Â 299Â 542,1.0,8.0,-1.0,1642230,3.0,39,,14.0,2.0,4.0,A01,138Â 299Â 543,3.0
962180,201900003711,12,29,03:07,5,1,8,1.0,3.0,71445,JEAN BAPTISTE PERRIN (RUE),M,"46,7679000","4,8705000",71,2019,50.0,-1.0,1.0,4.0,2150567,3.0,2,1,1,5.0,,0.0,0,1996.0,B01,138Â 299Â 542,1.0,8.0,-1.0,1642229,3.0,7,,0.0,4.0,2.0,B01,138Â 299Â 542,1.0
962180,201900003711,12,29,03:07,5,1,8,1.0,3.0,71445,JEAN BAPTISTE PERRIN (RUE),M,"46,7679000","4,8705000",71,2019,50.0,-1.0,1.0,4.0,2150567,3.0,2,1,1,5.0,,0.0,0,1996.0,B01,138Â 299Â 542,1.0,8.0,-1.0,1642230,3.0,39,,14.0,2.0,4.0,A01,138Â 299Â 543,3.0
962180,201900003711,12,29,03:07,5,1,8,1.0,3.0,71445,JEAN BAPTISTE PERRIN (RUE),M,"46,7679000","4,8705000",71,2019,50.0,-1.0,1.0,4.0,2150568,3.0,2,3,1,4.0,,0.0,0,1974.0,A01,138Â 299Â 543,8.0,0.0,-1.0,1642229,3.0,7,,0.0,4.0,2.0,B01,138Â 299Â 542,1.0
962180,201900003711,12,29,03:07,5,1,8,1.0,3.0,71445,JEAN BAPTISTE PERRIN (RUE),M,"46,7679000","4,8705000",71,2019,50.0,-1.0,1.0,4.0,2150568,3.0,2,3,1,4.0,,0.0,0,1974.0,A01,138Â 299Â 543,8.0,0.0,-1.0,1642230,3.0,39,,14.0,2.0,4.0,A01,138Â 299Â 543,3.0
962180,201900003711,12,29,03:07,5,1,8,1.0,3.0,71445,JEAN BAPTISTE PERRIN (RUE),M,"46,7679000","4,8705000",71,2019,50.0,-1.0,1.0,4.0,2150569,1.0,1,1,1,4.0,,0.0,0,1975.0,A01,138Â 299Â 543,8.0,0.0,-1.0,1642229,3.0,7,,0.0,4.0,2.0,B01,138Â 299Â 542,1.0
962180,201900003711,12,29,03:07,5,1,8,1.0,3.0,71445,JEAN BAPTISTE PERRIN (RUE),M,"46,7679000","4,8705000",71,2019,50.0,-1.0,1.0,4.0,2150569,1.0,1,1,1,4.0,,0.0,0,1975.0,A01,138Â 299Â 543,8.0,0.0,-1.0,1642230,3.0,39,,14.0,2.0,4.0,A01,138Â 299Â 543,3.0
962181,201900003712,12,31,21:20,5,2,6,5.0,2.0,69264,BURDEAU BD,M,"45,9966900","4,7285800",69,2019,50.0,1.0,2.0,4.0,2150570,1.0,1,1,2,0.0,,-1.0, -1,1989.0,B01,138Â 299Â 540,1.0,0.0,-1.0,1642231,3.0,7,,0.0,2.0,4.0,B01,138Â 299Â 540,1.0
962181,201900003712,12,31,21:20,5,2,6,5.0,2.0,69264,BURDEAU BD,M,"45,9966900","4,7285800",69,2019,50.0,1.0,2.0,4.0,2150570,1.0,1,1,2,0.0,,-1.0, -1,1989.0,B01,138Â 299Â 540,1.0,0.0,-1.0,1642232,3.0,7,,0.0,2.0,1.0,A01,138Â 299Â 541,1.0
962181,201900003712,12,31,21:20,5,2,6,5.0,2.0,69264,BURDEAU BD,M,"45,9966900","4,7285800",69,2019,50.0,1.0,2.0,4.0,2150571,1.0,1,1,1,0.0,,-1.0,0,2000.0,A01,138Â 299Â 541,1.0,0.0,-1.0,1642231,3.0,7,,0.0,2.0,4.0,B01,138Â 299Â 540,1.0
962181,201900003712,12,31,21:20,5,2,6,5.0,2.0,69264,BURDEAU BD,M,"45,9966900","4,7285800",69,2019,50.0,1.0,2.0,4.0,2150571,1.0,1,1,1,0.0,,-1.0,0,2000.0,A01,138Â 299Â 541,1.0,0.0,-1.0,1642232,3.0,7,,0.0,2.0,1.0,A01,138Â 299Â 541,1.0
962181,201900003712,12,31,21:20,5,2,6,5.0,2.0,69264,BURDEAU BD,M,"45,9966900","4,7285800",69,2019,50.0,1.0,2.0,4.0,2150572,4.0,2,4,1,0.0,,-1.0, -1,2010.0,A01,138Â 299Â 541,3.0,0.0,-1.0,1642231,3.0,7,,0.0,2.0,4.0,B01,138Â 299Â 540,1.0
962181,201900003712,12,31,21:20,5,2,6,5.0,2.0,69264,BURDEAU BD,M,"45,9966900","4,7285800",69,2019,50.0,1.0,2.0,4.0,2150572,4.0,2,4,1,0.0,,-1.0, -1,2010.0,A01,138Â 299Â 541,3.0,0.0,-1.0,1642232,3.0,7,,0.0,2.0,1.0,A01,138Â 299Â 541,1.0
962182,201900003713,12,21,17:35,5,2,1,3.0,6.0,61001,CERISE (RUE DE),M,"48,4349300","0,1061400",61,2019,50.0,1.0,2.0,4.0,2150573,1.0,1,1,2,0.0,,0.0,0,1948.0,A01,138Â 299Â 539,1.0,8.0,-1.0,1642233,3.0,7,,0.0,1.0,1.0,A01,138Â 299Â 539,1.0
962182,201900003713,12,21,17:35,5,2,1,3.0,6.0,61001,CERISE (RUE DE),M,"48,4349300","0,1061400",61,2019,50.0,1.0,2.0,4.0,2150574,10.0,3,3,2,0.0,,3.0,3,1933.0,A01,138Â 299Â 539,0.0,-1.0,-1.0,1642233,3.0,7,,0.0,1.0,1.0,A01,138Â 299Â 539,1.0
962183,201900003714,12,18,17:40,5,2,2,1.0,3.0,59328,DUNKERQUE AVENUE DE,M,"50,6379800","3,0236200",59,2019,50.0,1.0,1.0,7.0,2150575,1.0,1,3,1,0.0,,-1.0,0,1991.0,B01,138Â 299Â 537,2.0,6.0,-1.0,1642234,2.0,33,,0.0,2.0,1.0,B01,138Â 299Â 537,1.0
962183,201900003714,12,18,17:40,5,2,2,1.0,3.0,59328,DUNKERQUE AVENUE DE,M,"50,6379800","3,0236200",59,2019,50.0,1.0,1.0,7.0,2150575,1.0,1,3,1,0.0,,-1.0,0,1991.0,B01,138Â 299Â 537,2.0,6.0,-1.0,1642235,1.0,7,,0.0,2.0,5.0,A01,138Â 299Â 538,1.0
962183,201900003714,12,18,17:40,5,2,2,1.0,3.0,59328,DUNKERQUE AVENUE DE,M,"50,6379800","3,0236200",59,2019,50.0,1.0,1.0,7.0,2150576,1.0,1,1,1,0.0,,-1.0,0,1987.0,A01,138Â 299Â 538,1.0,0.0,-1.0,1642234,2.0,33,,0.0,2.0,1.0,B01,138Â 299Â 537,1.0
962183,201900003714,12,18,17:40,5,2,2,1.0,3.0,59328,DUNKERQUE AVENUE DE,M,"50,6379800","3,0236200",59,2019,50.0,1.0,1.0,7.0,2150576,1.0,1,1,1,0.0,,-1.0,0,1987.0,A01,138Â 299Â 538,1.0,0.0,-1.0,1642235,1.0,7,,0.0,2.0,5.0,A01,138Â 299Â 538,1.0
962184,201900003715,12,24,13:52,1,2,1,1.0,7.0,54549,RD400,M,"48,6332000","6,3239000",54,2019,50.0,8.0,1.0,3.0,2150577,10.0,3,3,1,5.0,,0.0,3,1985.0,A01,138Â 299Â 536,0.0,-1.0,-1.0,1642236,1.0,7,,0.0,1.0,1.0,A01,138Â 299Â 536,1.0
962184,201900003715,12,24,13:52,1,2,1,1.0,7.0,54549,RD400,M,"48,6332000","6,3239000",54,2019,50.0,8.0,1.0,3.0,2150578,1.0,1,1,2,3.0,,-1.0,0,2001.0,A01,138Â 299Â 536,1.0,0.0,-1.0,1642236,1.0,7,,0.0,1.0,1.0,A01,138Â 299Â 536,1.0
962185,201900003716,12,14,14:35,1,2,9,9.0,6.0,49328,DE LATTRE DE TASSIGNY (BLD),M,"47,2618700"," -0,0899900",49,2019,10.0,6.0,1.0,6.0,2150579,10.0,3,3,1,3.0,,8.0,3,1940.0,A01,138Â 299Â 535,0.0,-1.0,-1.0,1642237,3.0,7,,0.0,1.0,3.0,A01,138Â 299Â 535,1.0
962185,201900003716,12,14,14:35,1,2,9,9.0,6.0,49328,DE LATTRE DE TASSIGNY (BLD),M,"47,2618700"," -0,0899900",49,2019,10.0,6.0,1.0,6.0,2150580,1.0,1,1,1,3.0,,-1.0, -1,1993.0,A01,138Â 299Â 535,1.0,0.0,-1.0,1642237,3.0,7,,0.0,1.0,3.0,A01,138Â 299Â 535,1.0
962186,201900003717,12,22,03:00,5,2,2,2.0,3.0,45286,AV GASTON GALLOUX - R DE LA COSSONNIERE,M,"47,8842900","1,9243000",45,2019,50.0,1.0,2.0,4.0,2150581,2.0,2,4,1,5.0,,0.0,0,2002.0,A01,138Â 299Â 533,1.0,0.0,-1.0,1642238,1.0,7,,0.0,2.0,1.0,A01,138Â 299Â 533,1.0
962186,201900003717,12,22,03:00,5,2,2,2.0,3.0,45286,AV GASTON GALLOUX - R DE LA COSSONNIERE,M,"47,8842900","1,9243000",45,2019,50.0,1.0,2.0,4.0,2150581,2.0,2,4,1,5.0,,0.0,0,2002.0,A01,138Â 299Â 533,1.0,0.0,-1.0,1642239,1.0,7,,9.0,2.0,7.0,B01,138Â 299Â 534,1.0
962186,201900003717,12,22,03:00,5,2,2,2.0,3.0,45286,AV GASTON GALLOUX - R DE LA COSSONNIERE,M,"47,8842900","1,9243000",45,2019,50.0,1.0,2.0,4.0,2150582,1.0,1,1,1,5.0,,0.0,0,1984.0,B01,138Â 299Â 534,1.0,-1.0,-1.0,1642238,1.0,7,,0.0,2.0,1.0,A01,138Â 299Â 533,1.0
962186,201900003717,12,22,03:00,5,2,2,2.0,3.0,45286,AV GASTON GALLOUX - R DE LA COSSONNIERE,M,"47,8842900","1,9243000",45,2019,50.0,1.0,2.0,4.0,2150582,1.0,1,1,1,5.0,,0.0,0,1984.0,B01,138Â 299Â 534,1.0,-1.0,-1.0,1642239,1.0,7,,9.0,2.0,7.0,B01,138Â 299Â 534,1.0
962187,201900003718,12,21,16:15,1,2,1,1.0,7.0,39300,BERCAILLE (RUE),M,"46,6965000","5,5569000",39,2019,70.0,-1.0,1.0,3.0,2150583,1.0,1,3,1,-1.0,,0.0,0,1965.0,A01,138Â 299Â 532,0.0,-1.0,-1.0,1642240,3.0,33,,0.0,0.0,0.0,A01,138Â 299Â 532,1.0
962188,201900003719,12,23,19:00,1,2,1,1.0,6.0,13215,SAINT LOUIS (AVENUE DE),M,"43,3482530","5,3589800",13,2019,50.0,-1.0,1.0,4.0,2150584,10.0,3,4,1,0.0,,3.0,3,1948.0,Z01,138Â 299Â 529,0.0,-1.0,-1.0,1642241,0.0,30,,0.0,1.0,1.0,Z01,138Â 299Â 529,0.0
962188,201900003719,12,23,19:00,1,2,1,1.0,6.0,13215,SAINT LOUIS (AVENUE DE),M,"43,3482530","5,3589800",13,2019,50.0,-1.0,1.0,4.0,2150585,1.0,1,1,1,0.0,,0.0,0,1999.0,Z01,138Â 299Â 529,2.0,0.0,-1.0,1642241,0.0,30,,0.0,1.0,1.0,Z01,138Â 299Â 529,0.0
962189,201900003720,12,23,13:15,1,2,1,1.0,6.0,13212,CAILLOLS (AVENUE DES),M,"43,3038420","5,4362380",13,2019,20.0,8.0,1.0,4.0,2150586,1.0,1,1,1,0.0,,0.0,0,1979.0,A01,138Â 299Â 528,1.0,0.0,-1.0,1642242,3.0,7,,0.0,1.0,1.0,A01,138Â 299Â 528,1.0
962189,201900003720,12,23,13:15,1,2,1,1.0,6.0,13212,CAILLOLS (AVENUE DES),M,"43,3038420","5,4362380",13,2019,20.0,8.0,1.0,4.0,2150587,10.0,3,4,1,5.0,,9.0,1,1948.0,A01,138Â 299Â 528,0.0,-1.0,-1.0,1642242,3.0,7,,0.0,1.0,1.0,A01,138Â 299Â 528,1.0
962190,201900003721,12,22,14:45,1,2,1,6.0,7.0,13208,MENDES FRANCE (AVENUE),M,"43,2583640","5,3760480",13,2019,30.0,1.0,1.0,4.0,2150588,1.0,1,3,2,5.0,,0.0,0,1937.0,A01,138Â 299Â 527,1.0,0.0,-1.0,1642243,0.0,7,,5.0,0.0,1.0,A01,138Â 299Â 527,2.0
962191,201900003722,12,21,13:20,1,2,1,1.0,6.0,13216,LE PELLETIE (RUE),M,"43,3625500","5,3189900",13,2019,50.0,1.0,1.0,4.0,2150589,10.0,3,4,1,5.0,,1.0,3,2006.0,A01,138Â 299Â 526,0.0,-1.0,-1.0,1642244,1.0,33,,0.0,1.0,2.0,A01,138Â 299Â 526,0.0
962191,201900003722,12,21,13:20,1,2,1,1.0,6.0,13216,LE PELLETIE (RUE),M,"43,3625500","5,3189900",13,2019,50.0,1.0,1.0,4.0,2150590,1.0,1,1,1,5.0,,0.0,0,1982.0,A01,138Â 299Â 526,2.0,0.0,-1.0,1642244,1.0,33,,0.0,1.0,2.0,A01,138Â 299Â 526,0.0
962192,201900003723,12,21,20:00,5,2,4,2.0,3.0,75113,BD PERIPHERIQUE EXTERIEUR,M,"48,8248362","2,3846447",75,2019,70.0,1.0,2.0,4.0,2150591,1.0,1,4,1,1.0,,0.0,0,1982.0,B01,138Â 299Â 524,2.0,6.0,-1.0,1642245,2.0,32,,0.0,2.0,7.0,B01,138Â 299Â 524,1.0
962192,201900003723,12,21,20:00,5,2,4,2.0,3.0,75113,BD PERIPHERIQUE EXTERIEUR,M,"48,8248362","2,3846447",75,2019,70.0,1.0,2.0,4.0,2150591,1.0,1,4,1,1.0,,0.0,0,1982.0,B01,138Â 299Â 524,2.0,6.0,-1.0,1642246,2.0,7,,0.0,2.0,8.0,A01,138Â 299Â 525,1.0
962192,201900003723,12,21,20:00,5,2,4,2.0,3.0,75113,BD PERIPHERIQUE EXTERIEUR,M,"48,8248362","2,3846447",75,2019,70.0,1.0,2.0,4.0,2150592,1.0,1,1,2,5.0,,0.0,0,1974.0,A01,138Â 299Â 525,1.0,0.0,-1.0,1642245,2.0,32,,0.0,2.0,7.0,B01,138Â 299Â 524,1.0
962192,201900003723,12,21,20:00,5,2,4,2.0,3.0,75113,BD PERIPHERIQUE EXTERIEUR,M,"48,8248362","2,3846447",75,2019,70.0,1.0,2.0,4.0,2150592,1.0,1,1,2,5.0,,0.0,0,1974.0,A01,138Â 299Â 525,1.0,0.0,-1.0,1642246,2.0,7,,0.0,2.0,8.0,A01,138Â 299Â 525,1.0
962193,201900003724,12,22,09:50,1,2,3,2.0,2.0,75119,AVENUE DE FLANDRE,M,"48,8892890","2,3752730",75,2019,50.0,6.0,2.0,4.0,2150593,1.0,1,4,1,0.0,,0.0,0,1995.0,A01,138Â 299Â 522,2.0,6.0,-1.0,1642247,1.0,30,,0.0,2.0,1.0,A01,138Â 299Â 522,1.0
962193,201900003724,12,22,09:50,1,2,3,2.0,2.0,75119,AVENUE DE FLANDRE,M,"48,8892890","2,3752730",75,2019,50.0,6.0,2.0,4.0,2150593,1.0,1,4,1,0.0,,0.0,0,1995.0,A01,138Â 299Â 522,2.0,6.0,-1.0,1642248,1.0,7,,0.0,2.0,6.0,B01,138Â 299Â 523,1.0
962193,201900003724,12,22,09:50,1,2,3,2.0,2.0,75119,AVENUE DE FLANDRE,M,"48,8892890","2,3752730",75,2019,50.0,6.0,2.0,4.0,2150594,1.0,1,4,1,4.0,,0.0,0,1979.0,B01,138Â 299Â 523,1.0,0.0,-1.0,1642247,1.0,30,,0.0,2.0,1.0,A01,138Â 299Â 522,1.0
962193,201900003724,12,22,09:50,1,2,3,2.0,2.0,75119,AVENUE DE FLANDRE,M,"48,8892890","2,3752730",75,2019,50.0,6.0,2.0,4.0,2150594,1.0,1,4,1,4.0,,0.0,0,1979.0,B01,138Â 299Â 523,1.0,0.0,-1.0,1642248,1.0,7,,0.0,2.0,6.0,B01,138Â 299Â 523,1.0
962194,201900003725,12,22,00:10,3,2,2,2.0,6.0,75113,PONT DE TOLBIAC,M,"48,8322350","2,3797630",75,2019,50.0,1.0,2.0,4.0,2150595,1.0,1,4,1,5.0,,0.0,0,1958.0,A01,138Â 299Â 521,1.0,0.0,-1.0,1642249,1.0,7,,11.0,0.0,1.0,A01,138Â 299Â 521,1.0
962195,201900003726,12,21,21:00,5,2,1,1.0,7.0,75108,AVENUE FRANKLIN D ROOSEVELT,M,"48,8676170","2,3100180",75,2019,50.0,1.0,2.0,4.0,2150596,1.0,1,4,1,9.0,,0.0,0,1954.0,A01,138Â 299Â 520,2.0,6.0,-1.0,1642250,1.0,30,,0.0,0.0,1.0,A01,138Â 299Â 520,1.0
962196,201900003727,12,22,11:00,1,2,1,1.0,6.0,94076,EUGENE VARLIN (R),M,"48,7940000","2,3630000",94,2019,50.0,1.0,1.0,4.0,2150597,10.0,3,4,1,0.0,,2.0,3,2012.0,A01,138Â 299Â 519,0.0,0.0,-1.0,1642251,1.0,7,,0.0,1.0,2.0,A01,138Â 299Â 519,1.0
962196,201900003727,12,22,11:00,1,2,1,1.0,6.0,94076,EUGENE VARLIN (R),M,"48,7940000","2,3630000",94,2019,50.0,1.0,1.0,4.0,2150598,1.0,1,1,1,5.0,,-1.0, -1,1985.0,A01,138Â 299Â 519,1.0,8.0,-1.0,1642251,1.0,7,,0.0,1.0,2.0,A01,138Â 299Â 519,1.0
962197,201900003728,12,3,09:45,1,2,1,1.0,6.0,98818,AVENUE DU GOLF DE TINA,M," -22,2591900","166,4894000",988,2019,30.0,1.0,1.0,4.0,2150599,1.0,1,4,2,0.0,,0.0,0,1955.0,A01,138Â 299Â 514,1.0,5.0,-1.0,1642252,3.0,7,,2.0,0.0,1.0,A01,138Â 299Â 514,1.0
962198,201900003729,11,21,19:50,5,2,3,1.0,7.0,98818,RUE LE CARROUR/A. DALY,M," -22,2748700","166,4776300",988,2019,50.0,1.0,1.0,4.0,2150600,1.0,1,4,1,4.0,,-1.0, -1,1985.0,A01,138Â 299Â 513,2.0,0.0,-1.0,1642253,3.0,30,,0.0,0.0,7.0,A01,138Â 299Â 513,1.0
962199,201900003730,10,23,04:43,2,2,1,1.0,6.0,98818,HT NÂ° 101 ROUTE DE L'ANSE VATA,M," -22,2933200","166,4469200",988,2019,5.0,1.0,1.0,9.0,2150601,1.0,1,1,1,1.0,,0.0,0,1992.0,A01,138Â 299Â 511,8.0,0.0,-1.0,1642254,2.0,10,,0.0,1.0,1.0,A01,138Â 299Â 511,1.0
962199,201900003730,10,23,04:43,2,2,1,1.0,6.0,98818,HT NÂ° 101 ROUTE DE L'ANSE VATA,M," -22,2933200","166,4469200",988,2019,5.0,1.0,1.0,9.0,2150602,10.0,3,3,1,9.0,,8.0,9,1976.0,A01,138Â 299Â 511,8.0,0.0,-1.0,1642254,2.0,10,,0.0,1.0,1.0,A01,138Â 299Â 511,1.0
962200,201900003731,10,13,22:30,5,2,6,2.0,7.0,29019,ROND POINT Dun Laoghaire,M,"48,4020500"," -4,5024000",29,2019,50.0,1.0,1.0,4.0,2150603,1.0,1,4,1,4.0,,-1.0,0,2001.0,A01,138Â 299Â 509,2.0,0.0,-1.0,1642255,0.0,30,,0.0,2.0,1.0,A01,138Â 299Â 509,0.0
962201,201900003732,9,10,16:20,1,2,1,1.0,6.0,29135,Rue du Dourdy,M,"47,8394604"," -4,1884995",29,2019,50.0,4.0,1.0,4.0,2150604,1.0,1,2,1,5.0,,0.0,0,1948.0,A01,138Â 299Â 508,1.0,-1.0,-1.0,1642256,3.0,7,,6.0,0.0,8.0,A01,138Â 299Â 508,1.0
962202,201900003733,7,11,07:40,2,1,2,1.0,3.0,2A139,T10,M,"41,6663280","9,3080270",2A,2019,80.0,1.0,1.0,2.0,2150605,1.0,1,4,1,1.0,,0.0,0,1978.0,A01,138Â 299Â 506,1.0,-1.0,-1.0,1642257,1.0,7,,0.0,2.0,2.0,A01,138Â 299Â 506,1.0
962202,201900003733,7,11,07:40,2,1,2,1.0,3.0,2A139,T10,M,"41,6663280","9,3080270",2A,2019,80.0,1.0,1.0,2.0,2150605,1.0,1,4,1,1.0,,0.0,0,1978.0,A01,138Â 299Â 506,1.0,-1.0,-1.0,1642258,2.0,7,,0.0,2.0,1.0,B01,138Â 299Â 507,1.0
962202,201900003733,7,11,07:40,2,1,2,1.0,3.0,2A139,T10,M,"41,6663280","9,3080270",2A,2019,80.0,1.0,1.0,2.0,2150606,1.0,1,4,1,4.0,,0.0,0,1993.0,B01,138Â 299Â 507,1.0,-1.0,-1.0,1642257,1.0,7,,0.0,2.0,2.0,A01,138Â 299Â 506,1.0
962202,201900003733,7,11,07:40,2,1,2,1.0,3.0,2A139,T10,M,"41,6663280","9,3080270",2A,2019,80.0,1.0,1.0,2.0,2150606,1.0,1,4,1,4.0,,0.0,0,1993.0,B01,138Â 299Â 507,1.0,-1.0,-1.0,1642258,2.0,7,,0.0,2.0,1.0,B01,138Â 299Â 507,1.0
962203,201900003734,12,30,05:40,2,1,1,2.0,7.0,97416,RN02,M," -21,3430000","55,4963000",974,2019,80.0,-1.0,2.0,2.0,2150607,2.0,2,1,1,5.0,,-1.0,0,1991.0,A01,138Â 299Â 505,1.0,8.0,-1.0,1642259,1.0,7,,13.0,0.0,1.0,A01,138Â 299Â 505,1.0
962203,201900003734,12,30,05:40,2,1,1,2.0,7.0,97416,RN02,M," -21,3430000","55,4963000",974,2019,80.0,-1.0,2.0,2.0,2150608,5.0,2,3,2,5.0,,-1.0,0,1992.0,A01,138Â 299Â 505,8.0,8.0,-1.0,1642259,1.0,7,,13.0,0.0,1.0,A01,138Â 299Â 505,1.0
962203,201900003734,12,30,05:40,2,1,1,2.0,7.0,97416,RN02,M," -21,3430000","55,4963000",974,2019,80.0,-1.0,2.0,2.0,2150609,5.0,2,1,1,5.0,,-1.0,0,1995.0,A01,138Â 299Â 505,1.0,8.0,-1.0,1642259,1.0,7,,13.0,0.0,1.0,A01,138Â 299Â 505,1.0
962203,201900003734,12,30,05:40,2,1,1,2.0,7.0,97416,RN02,M," -21,3430000","55,4963000",974,2019,80.0,-1.0,2.0,2.0,2150610,1.0,1,1,1,5.0,,-1.0, -1,1982.0,A01,138Â 299Â 505,1.0,8.0,-1.0,1642259,1.0,7,,13.0,0.0,1.0,A01,138Â 299Â 505,1.0
962204,201900003735,12,24,08:20,1,2,1,1.0,3.0,97416,RECHERCHANT(RUE ADRIEN),M," -21,2831300","55,4759000",974,2019,50.0,-1.0,1.0,3.0,2150611,1.0,1,1,1,0.0,,-1.0,0,1966.0,A01,138Â 299Â 503,1.0,8.0,-1.0,1642260,1.0,7,,0.0,9.0,2.0,A01,138Â 299Â 503,1.0
962204,201900003735,12,24,08:20,1,2,1,1.0,3.0,97416,RECHERCHANT(RUE ADRIEN),M," -21,2831300","55,4759000",974,2019,50.0,-1.0,1.0,3.0,2150611,1.0,1,1,1,0.0,,-1.0,0,1966.0,A01,138Â 299Â 503,1.0,8.0,-1.0,1642261,1.0,99,,0.0,2.0,3.0,B01,138Â 299Â 504,5.0
962204,201900003735,12,24,08:20,1,2,1,1.0,3.0,97416,RECHERCHANT(RUE ADRIEN),M," -21,2831300","55,4759000",974,2019,50.0,-1.0,1.0,3.0,2150612,1.0,1,3,1,1.0,,-1.0, -1,1998.0,B01,138Â 299Â 504,8.0,0.0,-1.0,1642260,1.0,7,,0.0,9.0,2.0,A01,138Â 299Â 503,1.0
962204,201900003735,12,24,08:20,1,2,1,1.0,3.0,97416,RECHERCHANT(RUE ADRIEN),M," -21,2831300","55,4759000",974,2019,50.0,-1.0,1.0,3.0,2150612,1.0,1,3,1,1.0,,-1.0, -1,1998.0,B01,138Â 299Â 504,8.0,0.0,-1.0,1642261,1.0,99,,0.0,2.0,3.0,B01,138Â 299Â 504,5.0
962205,201900003736,12,31,09:10,1,2,1,1.0,3.0,92033,BUZENVAL,M,"48,8531000","2,2003500",92,2019,50.0,1.0,1.0,3.0,2150613,1.0,1,4,1,0.0,,-1.0,0,1965.0,B01,138Â 299Â 501,2.0,5.0,-1.0,1642262,2.0,34,,0.0,2.0,1.0,B01,138Â 299Â 501,1.0
962205,201900003736,12,31,09:10,1,2,1,1.0,3.0,92033,BUZENVAL,M,"48,8531000","2,2003500",92,2019,50.0,1.0,1.0,3.0,2150613,1.0,1,4,1,0.0,,-1.0,0,1965.0,B01,138Â 299Â 501,2.0,5.0,-1.0,1642263,1.0,7,,0.0,0.0,2.0,A01,138Â 299Â 502,1.0
962205,201900003736,12,31,09:10,1,2,1,1.0,3.0,92033,BUZENVAL,M,"48,8531000","2,2003500",92,2019,50.0,1.0,1.0,3.0,2150614,1.0,1,1,2,1.0,,-1.0,0,1991.0,A01,138Â 299Â 502,1.0,0.0,-1.0,1642262,2.0,34,,0.0,2.0,1.0,B01,138Â 299Â 501,1.0