Unnamed: 0_x,num_acc,mois,jour,hrmn,lum,agg,int,atm,col,com,adr,gps,lat,long,dep,annee,vma,situ,surf,catr,Unnamed: 0_y,place,catu,grav,sexe,trajet,secu,locp,actp,an_nais,num_veh_x,id_vehicule_x,secu1,secu2,secu3,Unnamed: 0,senc,catv,occutc,obs,obsm,choc,num_veh_y,id_vehicule_y,motor
962205,201900003736,12,31,09:10,1,2,1,1.0,3.0,92033,BUZENVAL,M,"48,8531000","2,2003500",92,2019,50.0,1.0,1.0,3.0,2150614,1.0,1,1,2,1.0,,-1.0,0,1991.0,A01,138Â 299Â 502,1.0,0.0,-1.0,1642263,1.0,7,,0.0,0.0,2.0,A01,138Â 299Â 502,1.0
962206,201900003737,12,30,17:05,2,2,3,1.0,7.0,05061,PIC PONCON  ( CHEMIN DU ),M,"44,5528350","6,0548830",5,2019,50.0,1.0,1.0,3.0,2150615,1.0,1,1,2,4.0,,-1.0,0,1977.0,A01,138Â 299Â 500,1.0,0.0,-1.0,1642264,1.0,7,,0.0,1.0,3.0,A01,138Â 299Â 500,1.0
962206,201900003737,12,30,17:05,2,2,3,1.0,7.0,05061,PIC PONCON  ( CHEMIN DU ),M,"44,5528350","6,0548830",5,2019,50.0,1.0,1.0,3.0,2150616,10.0,3,4,2,5.0,,3.0,3,2003.0,A01,138Â 299Â 500,0.0,-1.0,-1.0,1642264,1.0,7,,0.0,1.0,3.0,A01,138Â 299Â 500,1.0
962206,201900003737,12,30,17:05,2,2,3,1.0,7.0,05061,PIC PONCON  ( CHEMIN DU ),M,"44,5528350","6,0548830",5,2019,50.0,1.0,1.0,3.0,2150617,10.0,3,4,1,5.0,,3.0,3,2002.0,A01,138Â 299Â 500,0.0,-1.0,-1.0,1642264,1.0,7,,0.0,1.0,3.0,A01,138Â 299Â 500,1.0
962207,201900003738,11,2,00:40,5,2,1,2.0,6.0,75118,ECHANGEUR CHAPELLE,M,"48,9003535","2,3591242",75,2019,50.0,1.0,2.0,4.0,2150618,1.0,1,4,1,9.0,,0.0,0,1994.0,A01,138Â 299Â 499,1.0,0.0,-1.0,1642265,1.0,7,,4.0,2.0,1.0,A01,138Â 299Â 499,1.0
962207,201900003738,11,2,00:40,5,2,1,2.0,6.0,75118,ECHANGEUR CHAPELLE,M,"48,9003535","2,3591242",75,2019,50.0,1.0,2.0,4.0,2150619,2.0,2,4,2,0.0,,0.0,0,1994.0,A01,138Â 299Â 499,1.0,0.0,-1.0,1642265,1.0,7,,4.0,2.0,1.0,A01,138Â 299Â 499,1.0
962208,201900003739,12,12,17:45,5,2,1,2.0,6.0,61168,Faubourg d'Argentan,M,"48,5935870"," -0,3534620",61,2019,50.0,1.0,2.0,3.0,2150620,10.0,3,4,2,2.0,,3.0,3,2001.0,A01,138Â 299Â 498,0.0,-1.0,-1.0,1642266,1.0,7,,0.0,1.0,7.0,A01,138Â 299Â 498,1.0
962208,201900003739,12,12,17:45,5,2,1,2.0,6.0,61168,Faubourg d'Argentan,M,"48,5935870"," -0,3534620",61,2019,50.0,1.0,2.0,3.0,2150621,1.0,1,1,1,5.0,,0.0,0,1962.0,A01,138Â 299Â 498,1.0,-1.0,-1.0,1642266,1.0,7,,0.0,1.0,7.0,A01,138Â 299Â 498,1.0
962209,201900003740,6,1,17:20,1,2,1,1.0,6.0,93072,SAINT-EXUPERY (ALLEE),M,"48,9700000","2,3700000",93,2019,50.0,1.0,1.0,4.0,2150622,1.0,1,1,2,0.0,,-1.0, -1,1995.0,A01,138Â 299Â 497,1.0,0.0,-1.0,1642267,1.0,7,,0.0,1.0,1.0,A01,138Â 299Â 497,1.0
962209,201900003740,6,1,17:20,1,2,1,1.0,6.0,93072,SAINT-EXUPERY (ALLEE),M,"48,9700000","2,3700000",93,2019,50.0,1.0,1.0,4.0,2150623,10.0,3,4,1,0.0,,1.0,1,1968.0,A01,138Â 299Â 497,0.0,-1.0,-1.0,1642267,1.0,7,,0.0,1.0,1.0,A01,138Â 299Â 497,1.0
962210,201900003741,11,21,01:20,5,2,9,1.0,6.0,92036,BAS (RUE DES) (78   +),M,"48,9190900","2,2902200",92,2019,50.0,1.0,1.0,3.0,2150624,1.0,1,1,1,0.0,,-1.0, -1,1994.0,B01,138Â 299Â 495,1.0,0.0,-1.0,1642268,3.0,7,,0.0,2.0,0.0,B01,138Â 299Â 495,0.0
962210,201900003741,11,21,01:20,5,2,9,1.0,6.0,92036,BAS (RUE DES) (78   +),M,"48,9190900","2,2902200",92,2019,50.0,1.0,1.0,3.0,2150624,1.0,1,1,1,0.0,,-1.0, -1,1994.0,B01,138Â 299Â 495,1.0,0.0,-1.0,1642269,3.0,7,,0.0,2.0,0.0,A01,138Â 299Â 496,6.0
962210,201900003741,11,21,01:20,5,2,9,1.0,6.0,92036,BAS (RUE DES) (78   +),M,"48,9190900","2,2902200",92,2019,50.0,1.0,1.0,3.0,2150625,1.0,1,1,2,0.0,,-1.0, -1,1994.0,A01,138Â 299Â 496,1.0,0.0,-1.0,1642268,3.0,7,,0.0,2.0,0.0,B01,138Â 299Â 495,0.0
962210,201900003741,11,21,01:20,5,2,9,1.0,6.0,92036,BAS (RUE DES) (78   +),M,"48,9190900","2,2902200",92,2019,50.0,1.0,1.0,3.0,2150625,1.0,1,1,2,0.0,,-1.0, -1,1994.0,A01,138Â 299Â 496,1.0,0.0,-1.0,1642269,3.0,7,,0.0,2.0,0.0,A01,138Â 299Â 496,6.0
962210,201900003741,11,21,01:20,5,2,9,1.0,6.0,92036,BAS (RUE DES) (78   +),M,"48,9190900","2,2902200",92,2019,50.0,1.0,1.0,3.0,2150626,2.0,2,4,2,0.0,,-1.0, -1,1988.0,A01,138Â 299Â 496,1.0,0.0,-1.0,1642268,3.0,7,,0.0,2.0,0.0,B01,138Â 299Â 495,0.0
962210,201900003741,11,21,01:20,5,2,9,1.0,6.0,92036,BAS (RUE DES) (78   +),M,"48,9190900","2,2902200",92,2019,50.0,1.0,1.0,3.0,2150626,2.0,2,4,2,0.0,,-1.0, -1,1988.0,A01,138Â 299Â 496,1.0,0.0,-1.0,1642269,3.0,7,,0.0,2.0,0.0,A01,138Â 299Â 496,6.0
962211,201900003742,1,29,03:00,3,1,1,1.0,6.0,73214,D35 Rochefort,M,"45,5722552","5,7103534",73,2019,80.0,8.0,1.0,3.0,2150627,1.0,1,3,1,5.0,,0.0,0,1992.0,A01,138Â 299Â 488,-1.0,-1.0,-1.0,1642270,2.0,7,,13.0,0.0,1.0,A01,138Â 299Â 488,1.0
962212,201900003743,3,27,18:00,2,1,4,1.0,3.0,69254,"intersection D313, D54",M,"45,9677900","4,4182900",69,2019,-1.0,1.0,-1.0,3.0,2150628,1.0,1,1,1,1.0,,0.0,0,1960.0,A01,138Â 299Â 486,-1.0,-1.0,-1.0,1642271,1.0,7,,0.0,2.0,7.0,A01,138Â 299Â 486,-1.0
962212,201900003743,3,27,18:00,2,1,4,1.0,3.0,69254,"intersection D313, D54",M,"45,9677900","4,4182900",69,2019,-1.0,1.0,-1.0,3.0,2150628,1.0,1,1,1,1.0,,0.0,0,1960.0,A01,138Â 299Â 486,-1.0,-1.0,-1.0,1642272,2.0,30,,0.0,2.0,8.0,B01,138Â 299Â 487,1.0
962212,201900003743,3,27,18:00,2,1,4,1.0,3.0,69254,"intersection D313, D54",M,"45,9677900","4,4182900",69,2019,-1.0,1.0,-1.0,3.0,2150629,1.0,1,4,1,5.0,,-1.0, -1,2003.0,B01,138Â 299Â 487,-1.0,-1.0,-1.0,1642271,1.0,7,,0.0,2.0,7.0,A01,138Â 299Â 486,-1.0
962212,201900003743,3,27,18:00,2,1,4,1.0,3.0,69254,"intersection D313, D54",M,"45,9677900","4,4182900",69,2019,-1.0,1.0,-1.0,3.0,2150629,1.0,1,4,1,5.0,,-1.0, -1,2003.0,B01,138Â 299Â 487,-1.0,-1.0,-1.0,1642272,2.0,30,,0.0,2.0,8.0,B01,138Â 299Â 487,1.0
962213,201900003744,12,28,00:05,5,2,1,9.0,6.0,84035,LIBERATION (AVENUE DE LA),M,"43,8436800","5,0385000",84,2019,50.0,1.0,1.0,4.0,2150630,1.0,1,1,1,5.0,,-1.0, -1,1994.0,A01,138Â 299Â 485,1.0,0.0,-1.0,1642273,1.0,7,,0.0,1.0,0.0,A01,138Â 299Â 485,1.0
962213,201900003744,12,28,00:05,5,2,1,9.0,6.0,84035,LIBERATION (AVENUE DE LA),M,"43,8436800","5,0385000",84,2019,50.0,1.0,1.0,4.0,2150631,10.0,3,2,1,5.0,,3.0,3,1975.0,A01,138Â 299Â 485,0.0,-1.0,-1.0,1642273,1.0,7,,0.0,1.0,0.0,A01,138Â 299Â 485,1.0
962214,201900003745,12,27,18:20,3,1,6,1.0,4.0,77186,D606 X D138,M,"48,4746274","2,6788755",77,2019,70.0,1.0,1.0,3.0,2150632,1.0,1,1,1,0.0,,-1.0, -1,1982.0,A01,138Â 299Â 482,1.0,0.0,-1.0,1642274,1.0,7,,0.0,2.0,4.0,A01,138Â 299Â 482,0.0
962214,201900003745,12,27,18:20,3,1,6,1.0,4.0,77186,D606 X D138,M,"48,4746274","2,6788755",77,2019,70.0,1.0,1.0,3.0,2150632,1.0,1,1,1,0.0,,-1.0, -1,1982.0,A01,138Â 299Â 482,1.0,0.0,-1.0,1642275,1.0,7,,0.0,2.0,1.0,B01,138Â 299Â 483,1.0
962214,201900003745,12,27,18:20,3,1,6,1.0,4.0,77186,D606 X D138,M,"48,4746274","2,6788755",77,2019,70.0,1.0,1.0,3.0,2150632,1.0,1,1,1,0.0,,-1.0, -1,1982.0,A01,138Â 299Â 482,1.0,0.0,-1.0,1642276,1.0,7,,0.0,2.0,1.0,C01,138Â 299Â 484,0.0
962214,201900003745,12,27,18:20,3,1,6,1.0,4.0,77186,D606 X D138,M,"48,4746274","2,6788755",77,2019,70.0,1.0,1.0,3.0,2150633,1.0,1,4,2,9.0,,-1.0, -1,1960.0,B01,138Â 299Â 483,1.0,0.0,-1.0,1642274,1.0,7,,0.0,2.0,4.0,A01,138Â 299Â 482,0.0
962214,201900003745,12,27,18:20,3,1,6,1.0,4.0,77186,D606 X D138,M,"48,4746274","2,6788755",77,2019,70.0,1.0,1.0,3.0,2150633,1.0,1,4,2,9.0,,-1.0, -1,1960.0,B01,138Â 299Â 483,1.0,0.0,-1.0,1642275,1.0,7,,0.0,2.0,1.0,B01,138Â 299Â 483,1.0
962214,201900003745,12,27,18:20,3,1,6,1.0,4.0,77186,D606 X D138,M,"48,4746274","2,6788755",77,2019,70.0,1.0,1.0,3.0,2150633,1.0,1,4,2,9.0,,-1.0, -1,1960.0,B01,138Â 299Â 483,1.0,0.0,-1.0,1642276,1.0,7,,0.0,2.0,1.0,C01,138Â 299Â 484,0.0
962214,201900003745,12,27,18:20,3,1,6,1.0,4.0,77186,D606 X D138,M,"48,4746274","2,6788755",77,2019,70.0,1.0,1.0,3.0,2150634,1.0,1,1,2,9.0,,-1.0, -1,1981.0,C01,138Â 299Â 484,1.0,0.0,-1.0,1642274,1.0,7,,0.0,2.0,4.0,A01,138Â 299Â 482,0.0
962214,201900003745,12,27,18:20,3,1,6,1.0,4.0,77186,D606 X D138,M,"48,4746274","2,6788755",77,2019,70.0,1.0,1.0,3.0,2150634,1.0,1,1,2,9.0,,-1.0, -1,1981.0,C01,138Â 299Â 484,1.0,0.0,-1.0,1642275,1.0,7,,0.0,2.0,1.0,B01,138Â 299Â 483,1.0
962214,201900003745,12,27,18:20,3,1,6,1.0,4.0,77186,D606 X D138,M,"48,4746274","2,6788755",77,2019,70.0,1.0,1.0,3.0,2150634,1.0,1,1,2,9.0,,-1.0, -1,1981.0,C01,138Â 299Â 484,1.0,0.0,-1.0,1642276,1.0,7,,0.0,2.0,1.0,C01,138Â 299Â 484,0.0
962215,201900003746,12,29,16:00,1,1,3,1.0,7.0,77278,D111,M,"48,7869800","3,1341600",77,2019,80.0,1.0,1.0,3.0,2150635,2.0,1,4,1,5.0,,0.0,0,1991.0,A01,138Â 299Â 481,1.0,5.0,-1.0,1642277,2.0,20,,16.0,0.0,1.0,A01,138Â 299Â 481,1.0
962216,201900003747,12,20,12:00,1,2,6,1.0,2.0,62160,COMTE (Bd Auguste),M,"50,7182300","1,6124700",62,2019,50.0,1.0,1.0,4.0,2150636,1.0,1,1,1,9.0,,-1.0, -1,1963.0,A01,138Â 299Â 479,1.0,8.0,-1.0,1642278,3.0,10,,0.0,2.0,2.0,A01,138Â 299Â 479,1.0
962216,201900003747,12,20,12:00,1,2,6,1.0,2.0,62160,COMTE (Bd Auguste),M,"50,7182300","1,6124700",62,2019,50.0,1.0,1.0,4.0,2150636,1.0,1,1,1,9.0,,-1.0, -1,1963.0,A01,138Â 299Â 479,1.0,8.0,-1.0,1642279,3.0,10,,0.0,1.0,6.0,B01,138Â 299Â 480,1.0
962216,201900003747,12,20,12:00,1,2,6,1.0,2.0,62160,COMTE (Bd Auguste),M,"50,7182300","1,6124700",62,2019,50.0,1.0,1.0,4.0,2150637,10.0,3,3,1,9.0,,3.0,1,1961.0,A01,138Â 299Â 479,0.0,-1.0,-1.0,1642278,3.0,10,,0.0,2.0,2.0,A01,138Â 299Â 479,1.0
962216,201900003747,12,20,12:00,1,2,6,1.0,2.0,62160,COMTE (Bd Auguste),M,"50,7182300","1,6124700",62,2019,50.0,1.0,1.0,4.0,2150637,10.0,3,3,1,9.0,,3.0,1,1961.0,A01,138Â 299Â 479,0.0,-1.0,-1.0,1642279,3.0,10,,0.0,1.0,6.0,B01,138Â 299Â 480,1.0
962216,201900003747,12,20,12:00,1,2,6,1.0,2.0,62160,COMTE (Bd Auguste),M,"50,7182300","1,6124700",62,2019,50.0,1.0,1.0,4.0,2150638,1.0,1,1,2,0.0,,-1.0, -1,1976.0,B01,138Â 299Â 480,1.0,0.0,-1.0,1642278,3.0,10,,0.0,2.0,2.0,A01,138Â 299Â 479,1.0
962216,201900003747,12,20,12:00,1,2,6,1.0,2.0,62160,COMTE (Bd Auguste),M,"50,7182300","1,6124700",62,2019,50.0,1.0,1.0,4.0,2150638,1.0,1,1,2,0.0,,-1.0, -1,1976.0,B01,138Â 299Â 480,1.0,0.0,-1.0,1642279,3.0,10,,0.0,1.0,6.0,B01,138Â 299Â 480,1.0
962217,201900003748,12,5,22:45,3,1,1,9.0,7.0,68375,Wittelsheim,M,"47,7735170","7,2217260",68,2019,110.0,3.0,7.0,2.0,2150639,2.0,2,2,2,5.0,,0.0,0,1971.0,A01,138Â 299Â 478,1.0,-1.0,-1.0,1642280,1.0,7,,2.0,0.0,2.0,A01,138Â 299Â 478,1.0
962217,201900003748,12,5,22:45,3,1,1,9.0,7.0,68375,Wittelsheim,M,"47,7735170","7,2217260",68,2019,110.0,3.0,7.0,2.0,2150640,1.0,1,3,1,5.0,,0.0,0,1979.0,A01,138Â 299Â 478,1.0,-1.0,-1.0,1642280,1.0,7,,2.0,0.0,2.0,A01,138Â 299Â 478,1.0
962218,201900003749,12,22,19:00,5,2,9,2.0,6.0,69388,VIENNE (DE)                         (RO),M,"45,7323800","4,8535100",69,2019,50.0,-1.0,2.0,4.0,2150641,10.0,3,4,2,0.0,,9.0,B,1994.0,A01,138Â 299Â 477,0.0,-1.0,-1.0,1642281,3.0,7,,0.0,1.0,1.0,A01,138Â 299Â 477,1.0
962218,201900003749,12,22,19:00,5,2,9,2.0,6.0,69388,VIENNE (DE)                         (RO),M,"45,7323800","4,8535100",69,2019,50.0,-1.0,2.0,4.0,2150642,1.0,1,1,1,5.0,,-1.0, -1,1962.0,A01,138Â 299Â 477,1.0,0.0,-1.0,1642281,3.0,7,,0.0,1.0,1.0,A01,138Â 299Â 477,1.0
962219,201900003750,12,22,10:00,1,2,1,1.0,6.0,69259,JACQUES DUCLOS                      (AV),M,"45,6972100","4,8899000",69,2019,50.0,5.0,1.0,4.0,2150643,10.0,3,4,2,0.0,,1.0,2,1933.0,A01,138Â 299Â 476,8.0,8.0,-1.0,1642282,1.0,7,,0.0,1.0,0.0,A01,138Â 299Â 476,0.0
962220,201900003751,12,22,03:40,5,2,2,1.0,3.0,69387,JULES CARTERET                      (BD),M,"45,7258400","4,8405400",69,2019,50.0,1.0,1.0,7.0,2150644,1.0,1,4,1,0.0,,-1.0, -1,1992.0,B01,138Â 299Â 474,1.0,0.0,-1.0,1642283,1.0,7,,0.0,2.0,2.0,B01,138Â 299Â 474,1.0
962220,201900003751,12,22,03:40,5,2,2,1.0,3.0,69387,JULES CARTERET                      (BD),M,"45,7258400","4,8405400",69,2019,50.0,1.0,1.0,7.0,2150644,1.0,1,4,1,0.0,,-1.0, -1,1992.0,B01,138Â 299Â 474,1.0,0.0,-1.0,1642284,2.0,7,,0.0,2.0,3.0,A01,138Â 299Â 475,1.0
962220,201900003751,12,22,03:40,5,2,2,1.0,3.0,69387,JULES CARTERET                      (BD),M,"45,7258400","4,8405400",69,2019,50.0,1.0,1.0,7.0,2150645,1.0,1,1,1,0.0,,-1.0, -1,1900.0,A01,138Â 299Â 475,8.0,0.0,-1.0,1642283,1.0,7,,0.0,2.0,2.0,B01,138Â 299Â 474,1.0
962220,201900003751,12,22,03:40,5,2,2,1.0,3.0,69387,JULES CARTERET                      (BD),M,"45,7258400","4,8405400",69,2019,50.0,1.0,1.0,7.0,2150645,1.0,1,1,1,0.0,,-1.0, -1,1900.0,A01,138Â 299Â 475,8.0,0.0,-1.0,1642284,2.0,7,,0.0,2.0,3.0,A01,138Â 299Â 475,1.0
962221,201900003752,12,29,12:55,1,2,3,1.0,3.0,91201,HENRI BARBUSSE(BOULEVARD),M,"48,6755200","2,4073900",91,2019,50.0,1.0,1.0,4.0,2150646,1.0,1,1,1,5.0,,0.0,0,1989.0,A01,138Â 299Â 472,8.0,0.0,-1.0,1642285,2.0,7,,0.0,2.0,1.0,A01,138Â 299Â 472,1.0
962221,201900003752,12,29,12:55,1,2,3,1.0,3.0,91201,HENRI BARBUSSE(BOULEVARD),M,"48,6755200","2,4073900",91,2019,50.0,1.0,1.0,4.0,2150646,1.0,1,1,1,5.0,,0.0,0,1989.0,A01,138Â 299Â 472,8.0,0.0,-1.0,1642286,1.0,7,,0.0,2.0,3.0,B01,138Â 299Â 473,1.0
962221,201900003752,12,29,12:55,1,2,3,1.0,3.0,91201,HENRI BARBUSSE(BOULEVARD),M,"48,6755200","2,4073900",91,2019,50.0,1.0,1.0,4.0,2150647,2.0,2,1,1,5.0,,0.0,0,1994.0,A01,138Â 299Â 472,8.0,0.0,-1.0,1642285,2.0,7,,0.0,2.0,1.0,A01,138Â 299Â 472,1.0
962221,201900003752,12,29,12:55,1,2,3,1.0,3.0,91201,HENRI BARBUSSE(BOULEVARD),M,"48,6755200","2,4073900",91,2019,50.0,1.0,1.0,4.0,2150647,2.0,2,1,1,5.0,,0.0,0,1994.0,A01,138Â 299Â 472,8.0,0.0,-1.0,1642286,1.0,7,,0.0,2.0,3.0,B01,138Â 299Â 473,1.0
962221,201900003752,12,29,12:55,1,2,3,1.0,3.0,91201,HENRI BARBUSSE(BOULEVARD),M,"48,6755200","2,4073900",91,2019,50.0,1.0,1.0,4.0,2150648,2.0,2,1,2,5.0,,0.0,0,1970.0,B01,138Â 299Â 473,8.0,0.0,-1.0,1642285,2.0,7,,0.0,2.0,1.0,A01,138Â 299Â 472,1.0
962221,201900003752,12,29,12:55,1,2,3,1.0,3.0,91201,HENRI BARBUSSE(BOULEVARD),M,"48,6755200","2,4073900",91,2019,50.0,1.0,1.0,4.0,2150648,2.0,2,1,2,5.0,,0.0,0,1970.0,B01,138Â 299Â 473,8.0,0.0,-1.0,1642286,1.0,7,,0.0,2.0,3.0,B01,138Â 299Â 473,1.0
962221,201900003752,12,29,12:55,1,2,3,1.0,3.0,91201,HENRI BARBUSSE(BOULEVARD),M,"48,6755200","2,4073900",91,2019,50.0,1.0,1.0,4.0,2150649,1.0,1,4,2,5.0,,0.0,0,2000.0,B01,138Â 299Â 473,8.0,0.0,-1.0,1642285,2.0,7,,0.0,2.0,1.0,A01,138Â 299Â 472,1.0
962221,201900003752,12,29,12:55,1,2,3,1.0,3.0,91201,HENRI BARBUSSE(BOULEVARD),M,"48,6755200","2,4073900",91,2019,50.0,1.0,1.0,4.0,2150649,1.0,1,4,2,5.0,,0.0,0,2000.0,B01,138Â 299Â 473,8.0,0.0,-1.0,1642286,1.0,7,,0.0,2.0,3.0,B01,138Â 299Â 473,1.0
962222,201900003753,12,19,19:23,2,2,1,1.0,6.0,87085,CLAIRETTES (IMPASSE ET RUE DES),M,"45,8291100","1,2549600",87,2019,50.0,1.0,1.0,4.0,2150650,10.0,3,4,1,5.0,,6.0,A,1964.0,A01,138Â 299Â 471,0.0,-1.0,-1.0,1642287,2.0,7,,1.0,1.0,4.0,A01,138Â 299Â 471,1.0
962223,201900003754,12,22,03:40,5,2,1,1.0,6.0,69029,GEORGES CLEMENCEAU                  (R ),M,"45,7515600","4,8997700",69,2019,50.0,-1.0,2.0,9.0,2150651,1.0,1,4,1,5.0,,-1.0, -1,1998.0,A01,138Â 299Â 470,1.0,0.0,-1.0,1642288,3.0,7,,2.0,0.0,1.0,A01,138Â 299Â 470,1.0
962223,201900003754,12,22,03:40,5,2,1,1.0,6.0,69029,GEORGES CLEMENCEAU                  (R ),M,"45,7515600","4,8997700",69,2019,50.0,-1.0,2.0,9.0,2150652,2.0,2,4,2,5.0,,-1.0, -1,2000.0,A01,138Â 299Â 470,1.0,0.0,-1.0,1642288,3.0,7,,2.0,0.0,1.0,A01,138Â 299Â 470,1.0
962224,201900003755,12,20,19:20,5,2,1,8.0,1.0,69275,CLAUDE MONET                        (R ),M,"45,7922600","4,9658000",69,2019,50.0,1.0,2.0,4.0,2150653,1.0,1,1,1,5.0,,-1.0, -1,1965.0,A01,138Â 299Â 468,1.0,0.0,-1.0,1642289,1.0,7,,1.0,0.0,3.0,A01,138Â 299Â 468,1.0
962224,201900003755,12,20,19:20,5,2,1,8.0,1.0,69275,CLAUDE MONET                        (R ),M,"45,7922600","4,9658000",69,2019,50.0,1.0,2.0,4.0,2150653,1.0,1,1,1,5.0,,-1.0, -1,1965.0,A01,138Â 299Â 468,1.0,0.0,-1.0,1642290,2.0,7,,0.0,2.0,3.0,B01,138Â 299Â 469,1.0
962224,201900003755,12,20,19:20,5,2,1,8.0,1.0,69275,CLAUDE MONET                        (R ),M,"45,7922600","4,9658000",69,2019,50.0,1.0,2.0,4.0,2150654,1.0,1,1,1,5.0,,-1.0, -1,1986.0,B01,138Â 299Â 469,1.0,0.0,-1.0,1642289,1.0,7,,1.0,0.0,3.0,A01,138Â 299Â 468,1.0
962224,201900003755,12,20,19:20,5,2,1,8.0,1.0,69275,CLAUDE MONET                        (R ),M,"45,7922600","4,9658000",69,2019,50.0,1.0,2.0,4.0,2150654,1.0,1,1,1,5.0,,-1.0, -1,1986.0,B01,138Â 299Â 469,1.0,0.0,-1.0,1642290,2.0,7,,0.0,2.0,3.0,B01,138Â 299Â 469,1.0
962224,201900003755,12,20,19:20,5,2,1,8.0,1.0,69275,CLAUDE MONET                        (R ),M,"45,7922600","4,9658000",69,2019,50.0,1.0,2.0,4.0,2150655,3.0,2,4,1,5.0,,-1.0, -1,2015.0,B01,138Â 299Â 469,1.0,0.0,-1.0,1642289,1.0,7,,1.0,0.0,3.0,A01,138Â 299Â 468,1.0
962224,201900003755,12,20,19:20,5,2,1,8.0,1.0,69275,CLAUDE MONET                        (R ),M,"45,7922600","4,9658000",69,2019,50.0,1.0,2.0,4.0,2150655,3.0,2,4,1,5.0,,-1.0, -1,2015.0,B01,138Â 299Â 469,1.0,0.0,-1.0,1642290,2.0,7,,0.0,2.0,3.0,B01,138Â 299Â 469,1.0
962225,201900003756,12,22,05:50,5,2,1,2.0,7.0,68066,STRASBOURG (ROUTE DE),M,"48,1006440","7,3620980",68,2019,50.0,1.0,2.0,3.0,2150656,1.0,1,2,1,5.0,,0.0,0,2000.0,A01,138Â 299Â 467,2.0,6.0,-1.0,1642291,2.0,31,,3.0,0.0,0.0,A01,138Â 299Â 467,1.0
962226,201900003757,12,16,16:25,5,2,9,2.0,6.0,35115,GROSLAY (BD DE DU NÂ°25 AU 43),M,"48,3473580"," -1,1811040",35,2019,50.0,1.0,2.0,6.0,2150657,10.0,3,4,2,3.0,,3.0,3,1948.0,A01,138Â 299Â 466,8.0,8.0,-1.0,1642292,3.0,7,,0.0,1.0,1.0,A01,138Â 299Â 466,1.0
962226,201900003757,12,16,16:25,5,2,9,2.0,6.0,35115,GROSLAY (BD DE DU NÂ°25 AU 43),M,"48,3473580"," -1,1811040",35,2019,50.0,1.0,2.0,6.0,2150658,1.0,1,1,1,3.0,,0.0,0,2000.0,A01,138Â 299Â 466,1.0,0.0,-1.0,1642292,3.0,7,,0.0,1.0,1.0,A01,138Â 299Â 466,1.0
962226,201900003757,12,16,16:25,5,2,9,2.0,6.0,35115,GROSLAY (BD DE DU NÂ°25 AU 43),M,"48,3473580"," -1,1811040",35,2019,50.0,1.0,2.0,6.0,2150659,10.0,3,3,1,3.0,,3.0,3,1941.0,A01,138Â 299Â 466,0.0,-1.0,-1.0,1642292,3.0,7,,0.0,1.0,1.0,A01,138Â 299Â 466,1.0
962227,201900003758,11,20,13:15,1,2,1,1.0,3.0,16102,JAURES (RUE JEAN),M,"45,6907600"," -0,3196900",16,2019,50.0,1.0,1.0,4.0,2150660,1.0,1,3,1,1.0,,-1.0, -1,1978.0,A01,138Â 299Â 464,2.0,6.0,-1.0,1642293,2.0,2,,0.0,2.0,1.0,A01,138Â 299Â 464,1.0
962227,201900003758,11,20,13:15,1,2,1,1.0,3.0,16102,JAURES (RUE JEAN),M,"45,6907600"," -0,3196900",16,2019,50.0,1.0,1.0,4.0,2150660,1.0,1,3,1,1.0,,-1.0, -1,1978.0,A01,138Â 299Â 464,2.0,6.0,-1.0,1642294,1.0,10,,0.0,2.0,7.0,B01,138Â 299Â 465,1.0
962227,201900003758,11,20,13:15,1,2,1,1.0,3.0,16102,JAURES (RUE JEAN),M,"45,6907600"," -0,3196900",16,2019,50.0,1.0,1.0,4.0,2150661,1.0,1,1,1,4.0,,-1.0, -1,1978.0,B01,138Â 299Â 465,1.0,0.0,-1.0,1642293,2.0,2,,0.0,2.0,1.0,A01,138Â 299Â 464,1.0
962227,201900003758,11,20,13:15,1,2,1,1.0,3.0,16102,JAURES (RUE JEAN),M,"45,6907600"," -0,3196900",16,2019,50.0,1.0,1.0,4.0,2150661,1.0,1,1,1,4.0,,-1.0, -1,1978.0,B01,138Â 299Â 465,1.0,0.0,-1.0,1642294,1.0,10,,0.0,2.0,7.0,B01,138Â 299Â 465,1.0
962228,201900003759,12,1,11:30,1,1,1,1.0,6.0,61082,D8,M,"48,6015580","0,3175240",61,2019,80.0,3.0,1.0,3.0,2150662,1.0,1,4,1,5.0,,0.0,0,1998.0,A01,138Â 299Â 461,-1.0,-1.0,-1.0,1642295,1.0,7,,13.0,0.0,9.0,A01,138Â 299Â 461,1.0