Unnamed: 0_x,num_acc,mois,jour,hrmn,lum,agg,int,atm,col,com,adr,gps,lat,long,dep,annee,vma,situ,surf,catr,Unnamed: 0_y,place,catu,grav,sexe,trajet,secu,locp,actp,an_nais,num_veh_x,id_vehicule_x,secu1,secu2,secu3,Unnamed: 0,senc,catv,occutc,obs,obsm,choc,num_veh_y,id_vehicule_y,motor
962229,201900003760,12,24,10:30,1,2,1,1.0,7.0,64024,BAB (Boulevard),M,"43,4905212"," -1,5338340",64,2019,50.0,1.0,1.0,4.0,2150663,1.0,1,4,1,3.0,,0.0,0,1943.0,A01,138Â 299Â 460,1.0,8.0,-1.0,1642296,1.0,7,,8.0,0.0,3.0,A01,138Â 299Â 460,1.0
962230,201900003761,12,24,10:00,1,2,1,1.0,6.0,44190,RUE DE LA COMMUNE DE 1871,M,"47,2037000"," -1,5037100",44,2019,50.0,1.0,2.0,4.0,2150664,10.0,3,3,2,5.0,,2.0,3,1933.0,A01,138Â 299Â 459,0.0,-1.0,-1.0,1642297,1.0,7,,0.0,1.0,1.0,A01,138Â 299Â 459,1.0
962230,201900003761,12,24,10:00,1,2,1,1.0,6.0,44190,RUE DE LA COMMUNE DE 1871,M,"47,2037000"," -1,5037100",44,2019,50.0,1.0,2.0,4.0,2150665,1.0,1,1,2,5.0,,0.0,0,1934.0,A01,138Â 299Â 459,1.0,0.0,-1.0,1642297,1.0,7,,0.0,1.0,1.0,A01,138Â 299Â 459,1.0
962231,201900003762,12,21,17:45,5,2,9,2.0,6.0,41269,THOMAS (RUE ALBERT),M,"47,8004900","1,0473400",41,2019,50.0,1.0,2.0,4.0,2150666,10.0,3,4,2,5.0,,2.0,3,1962.0,A01,138Â 299Â 458,0.0,-1.0,-1.0,1642298,0.0,10,,0.0,1.0,2.0,A01,138Â 299Â 458,1.0
962231,201900003762,12,21,17:45,5,2,9,2.0,6.0,41269,THOMAS (RUE ALBERT),M,"47,8004900","1,0473400",41,2019,50.0,1.0,2.0,4.0,2150667,1.0,1,1,1,5.0,,-1.0, -1,1966.0,A01,138Â 299Â 458,1.0,0.0,-1.0,1642298,0.0,10,,0.0,1.0,2.0,A01,138Â 299Â 458,1.0
962232,201900003763,12,27,21:45,5,2,1,1.0,6.0,35238,COLOMBES (PLACE DES),M,"48,1045000"," -1,6825000",35,2019,10.0,1.0,1.0,9.0,2150668,1.0,1,3,1,9.0,,-1.0, -1,1999.0,A01,138Â 299Â 457,2.0,6.0,-1.0,1642299,0.0,30,,6.0,0.0,1.0,A01,138Â 299Â 457,1.0
962233,201900003764,12,21,09:42,1,1,9,1.0,7.0,29232,LE GUENNEC LOUIS BOULEVARD,M,"47,9839700"," -4,1124300",29,2019,70.0,1.0,2.0,3.0,2150669,1.0,1,4,1,0.0,,-1.0, -1,1958.0,A01,138Â 299Â 456,1.0,8.0,-1.0,1642300,1.0,7,,13.0,0.0,3.0,A01,138Â 299Â 456,1.0
962234,201900003765,12,21,18:42,5,2,9,2.0,6.0,29232,POHER RUE DU,M,"47,9824155"," -4,1067740",29,2019,50.0,1.0,2.0,4.0,2150670,10.0,3,1,2,3.0,,3.0,3,1979.0,A01,138Â 299Â 455,0.0,-1.0,-1.0,1642301,1.0,7,,0.0,1.0,3.0,A01,138Â 299Â 455,1.0
962234,201900003765,12,21,18:42,5,2,9,2.0,6.0,29232,POHER RUE DU,M,"47,9824155"," -4,1067740",29,2019,50.0,1.0,2.0,4.0,2150671,10.0,3,4,1,5.0,,3.0,3,2018.0,A01,138Â 299Â 455,0.0,-1.0,-1.0,1642301,1.0,7,,0.0,1.0,3.0,A01,138Â 299Â 455,1.0
962234,201900003765,12,21,18:42,5,2,9,2.0,6.0,29232,POHER RUE DU,M,"47,9824155"," -4,1067740",29,2019,50.0,1.0,2.0,4.0,2150672,1.0,1,1,1,5.0,,0.0,0,1940.0,A01,138Â 299Â 455,1.0,0.0,-1.0,1642301,1.0,7,,0.0,1.0,3.0,A01,138Â 299Â 455,1.0
962235,201900003766,10,15,17:40,1,2,2,1.0,6.0,75110,RUE DE LA FIDELITE,M,"48,8743660","2,3553900",75,2019,30.0,1.0,1.0,4.0,2150673,1.0,1,4,1,1.0,,0.0,0,1982.0,A01,138Â 299Â 453,2.0,6.0,-1.0,1642302,1.0,34,,0.0,2.0,4.0,A01,138Â 299Â 453,1.0
962235,201900003766,10,15,17:40,1,2,2,1.0,6.0,75110,RUE DE LA FIDELITE,M,"48,8743660","2,3553900",75,2019,30.0,1.0,1.0,4.0,2150673,1.0,1,4,1,1.0,,0.0,0,1982.0,A01,138Â 299Â 453,2.0,6.0,-1.0,1642303,1.0,7,,0.0,2.0,1.0,Z01,138Â 299Â 454,0.0
962236,201900003767,12,22,00:15,5,2,2,2.0,3.0,93078,GUYNEMER (AVENUE),M,"48,9508600","2,5558100",93,2019,50.0,1.0,2.0,7.0,2150674,1.0,1,1,1,5.0,,-1.0, -1,1993.0,B01,138Â 299Â 448,1.0,0.0,-1.0,1642304,3.0,7,,14.0,2.0,3.0,B01,138Â 299Â 448,1.0
962236,201900003767,12,22,00:15,5,2,2,2.0,3.0,93078,GUYNEMER (AVENUE),M,"48,9508600","2,5558100",93,2019,50.0,1.0,2.0,7.0,2150674,1.0,1,1,1,5.0,,-1.0, -1,1993.0,B01,138Â 299Â 448,1.0,0.0,-1.0,1642305,3.0,7,,0.0,2.0,2.0,A01,138Â 299Â 449,1.0
962236,201900003767,12,22,00:15,5,2,2,2.0,3.0,93078,GUYNEMER (AVENUE),M,"48,9508600","2,5558100",93,2019,50.0,1.0,2.0,7.0,2150675,2.0,2,4,2,5.0,,-1.0, -1,1994.0,B01,138Â 299Â 448,1.0,0.0,-1.0,1642304,3.0,7,,14.0,2.0,3.0,B01,138Â 299Â 448,1.0
962236,201900003767,12,22,00:15,5,2,2,2.0,3.0,93078,GUYNEMER (AVENUE),M,"48,9508600","2,5558100",93,2019,50.0,1.0,2.0,7.0,2150675,2.0,2,4,2,5.0,,-1.0, -1,1994.0,B01,138Â 299Â 448,1.0,0.0,-1.0,1642305,3.0,7,,0.0,2.0,2.0,A01,138Â 299Â 449,1.0
962236,201900003767,12,22,00:15,5,2,2,2.0,3.0,93078,GUYNEMER (AVENUE),M,"48,9508600","2,5558100",93,2019,50.0,1.0,2.0,7.0,2150676,1.0,1,1,2,5.0,,-1.0, -1,1993.0,A01,138Â 299Â 449,1.0,0.0,-1.0,1642304,3.0,7,,14.0,2.0,3.0,B01,138Â 299Â 448,1.0
962236,201900003767,12,22,00:15,5,2,2,2.0,3.0,93078,GUYNEMER (AVENUE),M,"48,9508600","2,5558100",93,2019,50.0,1.0,2.0,7.0,2150676,1.0,1,1,2,5.0,,-1.0, -1,1993.0,A01,138Â 299Â 449,1.0,0.0,-1.0,1642305,3.0,7,,0.0,2.0,2.0,A01,138Â 299Â 449,1.0
962237,201900003768,9,29,12:00,1,2,1,2.0,5.0,93078,NATIONS (AVENUE DES),M,"48,9692000","2,5022000",93,2019,50.0,1.0,2.0,4.0,2150677,1.0,1,1,1,5.0,,-1.0, -1,1994.0,C01,138Â 299Â 445,1.0,0.0,-1.0,1642306,1.0,7,,0.0,2.0,2.0,C01,138Â 299Â 445,1.0
962237,201900003768,9,29,12:00,1,2,1,2.0,5.0,93078,NATIONS (AVENUE DES),M,"48,9692000","2,5022000",93,2019,50.0,1.0,2.0,4.0,2150677,1.0,1,1,1,5.0,,-1.0, -1,1994.0,C01,138Â 299Â 445,1.0,0.0,-1.0,1642307,1.0,7,,0.0,2.0,1.0,B01,138Â 299Â 446,1.0
962237,201900003768,9,29,12:00,1,2,1,2.0,5.0,93078,NATIONS (AVENUE DES),M,"48,9692000","2,5022000",93,2019,50.0,1.0,2.0,4.0,2150677,1.0,1,1,1,5.0,,-1.0, -1,1994.0,C01,138Â 299Â 445,1.0,0.0,-1.0,1642308,1.0,20,,0.0,2.0,1.0,A01,138Â 299Â 447,1.0
962237,201900003768,9,29,12:00,1,2,1,2.0,5.0,93078,NATIONS (AVENUE DES),M,"48,9692000","2,5022000",93,2019,50.0,1.0,2.0,4.0,2150678,2.0,2,3,1,5.0,,-1.0, -1,1976.0,B01,138Â 299Â 446,1.0,0.0,-1.0,1642306,1.0,7,,0.0,2.0,2.0,C01,138Â 299Â 445,1.0
962237,201900003768,9,29,12:00,1,2,1,2.0,5.0,93078,NATIONS (AVENUE DES),M,"48,9692000","2,5022000",93,2019,50.0,1.0,2.0,4.0,2150678,2.0,2,3,1,5.0,,-1.0, -1,1976.0,B01,138Â 299Â 446,1.0,0.0,-1.0,1642307,1.0,7,,0.0,2.0,1.0,B01,138Â 299Â 446,1.0
962237,201900003768,9,29,12:00,1,2,1,2.0,5.0,93078,NATIONS (AVENUE DES),M,"48,9692000","2,5022000",93,2019,50.0,1.0,2.0,4.0,2150678,2.0,2,3,1,5.0,,-1.0, -1,1976.0,B01,138Â 299Â 446,1.0,0.0,-1.0,1642308,1.0,20,,0.0,2.0,1.0,A01,138Â 299Â 447,1.0
962237,201900003768,9,29,12:00,1,2,1,2.0,5.0,93078,NATIONS (AVENUE DES),M,"48,9692000","2,5022000",93,2019,50.0,1.0,2.0,4.0,2150679,1.0,1,4,1,5.0,,-1.0, -1,1982.0,B01,138Â 299Â 446,1.0,0.0,-1.0,1642306,1.0,7,,0.0,2.0,2.0,C01,138Â 299Â 445,1.0
962237,201900003768,9,29,12:00,1,2,1,2.0,5.0,93078,NATIONS (AVENUE DES),M,"48,9692000","2,5022000",93,2019,50.0,1.0,2.0,4.0,2150679,1.0,1,4,1,5.0,,-1.0, -1,1982.0,B01,138Â 299Â 446,1.0,0.0,-1.0,1642307,1.0,7,,0.0,2.0,1.0,B01,138Â 299Â 446,1.0
962237,201900003768,9,29,12:00,1,2,1,2.0,5.0,93078,NATIONS (AVENUE DES),M,"48,9692000","2,5022000",93,2019,50.0,1.0,2.0,4.0,2150679,1.0,1,4,1,5.0,,-1.0, -1,1982.0,B01,138Â 299Â 446,1.0,0.0,-1.0,1642308,1.0,20,,0.0,2.0,1.0,A01,138Â 299Â 447,1.0
962237,201900003768,9,29,12:00,1,2,1,2.0,5.0,93078,NATIONS (AVENUE DES),M,"48,9692000","2,5022000",93,2019,50.0,1.0,2.0,4.0,2150680,1.0,1,3,1,9.0,,-1.0, -1,1996.0,A01,138Â 299Â 447,1.0,0.0,-1.0,1642306,1.0,7,,0.0,2.0,2.0,C01,138Â 299Â 445,1.0
962237,201900003768,9,29,12:00,1,2,1,2.0,5.0,93078,NATIONS (AVENUE DES),M,"48,9692000","2,5022000",93,2019,50.0,1.0,2.0,4.0,2150680,1.0,1,3,1,9.0,,-1.0, -1,1996.0,A01,138Â 299Â 447,1.0,0.0,-1.0,1642307,1.0,7,,0.0,2.0,1.0,B01,138Â 299Â 446,1.0
962237,201900003768,9,29,12:00,1,2,1,2.0,5.0,93078,NATIONS (AVENUE DES),M,"48,9692000","2,5022000",93,2019,50.0,1.0,2.0,4.0,2150680,1.0,1,3,1,9.0,,-1.0, -1,1996.0,A01,138Â 299Â 447,1.0,0.0,-1.0,1642308,1.0,20,,0.0,2.0,1.0,A01,138Â 299Â 447,1.0
962238,201900003769,11,6,11:20,1,2,2,1.0,6.0,93053,JEAN JAURES (RUE),M,"48,8924456","2,4558198",93,2019,30.0,1.0,1.0,3.0,2150681,3.0,2,1,2,1.0,,-1.0, -1,1976.0,A01,138Â 299Â 444,1.0,0.0,-1.0,1642309,1.0,7,,0.0,1.0,2.0,A01,138Â 299Â 444,1.0
962238,201900003769,11,6,11:20,1,2,2,1.0,6.0,93053,JEAN JAURES (RUE),M,"48,8924456","2,4558198",93,2019,30.0,1.0,1.0,3.0,2150682,10.0,3,4,2,1.0,,4.0,3,1953.0,A01,138Â 299Â 444,0.0,-1.0,-1.0,1642309,1.0,7,,0.0,1.0,2.0,A01,138Â 299Â 444,1.0
962238,201900003769,11,6,11:20,1,2,2,1.0,6.0,93053,JEAN JAURES (RUE),M,"48,8924456","2,4558198",93,2019,30.0,1.0,1.0,3.0,2150683,1.0,1,1,1,0.0,,-1.0, -1,1984.0,A01,138Â 299Â 444,8.0,0.0,-1.0,1642309,1.0,7,,0.0,1.0,2.0,A01,138Â 299Â 444,1.0
962239,201900003770,3,1,15:05,1,1,9,1.0,6.0,93010,GALLIENI (AV.) DE 1 A 109,M,"48,9068283","2,4866988",93,2019,50.0,1.0,1.0,3.0,2150684,10.0,3,4,2,0.0,,0.0,3,1981.0,A01,138Â 299Â 443,0.0,-1.0,-1.0,1642310,0.0,99,,0.0,0.0,0.0,A01,138Â 299Â 443,0.0
962240,201900003771,12,21,01:30,3,1,1,1.0,1.0,91661,RD 188 CHEVREUSE,M,"48,6966720","2,2155110",91,2019,70.0,1.0,1.0,3.0,2150685,1.0,1,3,1,0.0,,-1.0,0,1995.0,B01,138Â 299Â 441,1.0,8.0,-1.0,1642311,1.0,10,,0.0,2.0,1.0,B01,138Â 299Â 441,1.0
962240,201900003771,12,21,01:30,3,1,1,1.0,1.0,91661,RD 188 CHEVREUSE,M,"48,6966720","2,2155110",91,2019,70.0,1.0,1.0,3.0,2150685,1.0,1,3,1,0.0,,-1.0,0,1995.0,B01,138Â 299Â 441,1.0,8.0,-1.0,1642312,2.0,10,,0.0,2.0,1.0,A01,138Â 299Â 442,1.0
962240,201900003771,12,21,01:30,3,1,1,1.0,1.0,91661,RD 188 CHEVREUSE,M,"48,6966720","2,2155110",91,2019,70.0,1.0,1.0,3.0,2150686,2.0,2,4,1,0.0,,0.0,0,1997.0,A01,138Â 299Â 442,1.0,8.0,-1.0,1642311,1.0,10,,0.0,2.0,1.0,B01,138Â 299Â 441,1.0
962240,201900003771,12,21,01:30,3,1,1,1.0,1.0,91661,RD 188 CHEVREUSE,M,"48,6966720","2,2155110",91,2019,70.0,1.0,1.0,3.0,2150686,2.0,2,4,1,0.0,,0.0,0,1997.0,A01,138Â 299Â 442,1.0,8.0,-1.0,1642312,2.0,10,,0.0,2.0,1.0,A01,138Â 299Â 442,1.0
962240,201900003771,12,21,01:30,3,1,1,1.0,1.0,91661,RD 188 CHEVREUSE,M,"48,6966720","2,2155110",91,2019,70.0,1.0,1.0,3.0,2150687,1.0,1,4,1,9.0,,0.0,0,2000.0,A01,138Â 299Â 442,1.0,8.0,-1.0,1642311,1.0,10,,0.0,2.0,1.0,B01,138Â 299Â 441,1.0
962240,201900003771,12,21,01:30,3,1,1,1.0,1.0,91661,RD 188 CHEVREUSE,M,"48,6966720","2,2155110",91,2019,70.0,1.0,1.0,3.0,2150687,1.0,1,4,1,9.0,,0.0,0,2000.0,A01,138Â 299Â 442,1.0,8.0,-1.0,1642312,2.0,10,,0.0,2.0,1.0,A01,138Â 299Â 442,1.0
962241,201900003772,12,20,19:30,3,1,1,1.0,2.0,91161,AUTOROUTE A6,M,"48,6988000","2,3136000",91,2019,110.0,-1.0,1.0,1.0,2150688,1.0,1,1,1,9.0,,0.0,0,1991.0,A01,138Â 299Â 439,1.0,0.0,-1.0,1642313,2.0,7,,0.0,2.0,1.0,A01,138Â 299Â 439,1.0
962241,201900003772,12,20,19:30,3,1,1,1.0,2.0,91161,AUTOROUTE A6,M,"48,6988000","2,3136000",91,2019,110.0,-1.0,1.0,1.0,2150688,1.0,1,1,1,9.0,,0.0,0,1991.0,A01,138Â 299Â 439,1.0,0.0,-1.0,1642314,2.0,7,,0.0,2.0,4.0,B01,138Â 299Â 440,1.0
962241,201900003772,12,20,19:30,3,1,1,1.0,2.0,91161,AUTOROUTE A6,M,"48,6988000","2,3136000",91,2019,110.0,-1.0,1.0,1.0,2150689,1.0,1,4,1,0.0,,0.0,0,1943.0,B01,138Â 299Â 440,1.0,0.0,-1.0,1642313,2.0,7,,0.0,2.0,1.0,A01,138Â 299Â 439,1.0
962241,201900003772,12,20,19:30,3,1,1,1.0,2.0,91161,AUTOROUTE A6,M,"48,6988000","2,3136000",91,2019,110.0,-1.0,1.0,1.0,2150689,1.0,1,4,1,0.0,,0.0,0,1943.0,B01,138Â 299Â 440,1.0,0.0,-1.0,1642314,2.0,7,,0.0,2.0,4.0,B01,138Â 299Â 440,1.0
962242,201900003773,12,15,18:49,5,2,6,1.0,6.0,91432,FONTAINE (PLACE GABRIEL),M,"48,7070250","2,3281830",91,2019,50.0,1.0,1.0,3.0,2150690,10.0,3,3,1,5.0,,2.0,3,1946.0,Z01,138Â 299Â 438,8.0,8.0,-1.0,1642315,1.0,0,,0.0,1.0,0.0,Z01,138Â 299Â 438,0.0
962243,201900003774,10,11,07:10,2,2,2,9.0,6.0,13201,LIBERATION (BOULEVARD)  1 A 65,M,"43,2990650","5,3852890",13,2019,50.0,1.0,9.0,4.0,2150691,1.0,1,1,1,0.0,,-1.0, -1,1957.0,A01,138Â 299Â 436,8.0,0.0,-1.0,1642316,0.0,7,,0.0,2.0,0.0,A01,138Â 299Â 436,1.0
962243,201900003774,10,11,07:10,2,2,2,9.0,6.0,13201,LIBERATION (BOULEVARD)  1 A 65,M,"43,2990650","5,3852890",13,2019,50.0,1.0,9.0,4.0,2150691,1.0,1,1,1,0.0,,-1.0, -1,1957.0,A01,138Â 299Â 436,8.0,0.0,-1.0,1642317,0.0,33,,0.0,2.0,0.0,B01,138Â 299Â 437,0.0
962243,201900003774,10,11,07:10,2,2,2,9.0,6.0,13201,LIBERATION (BOULEVARD)  1 A 65,M,"43,2990650","5,3852890",13,2019,50.0,1.0,9.0,4.0,2150692,1.0,1,4,1,0.0,,-1.0, -1,1963.0,B01,138Â 299Â 437,8.0,8.0,-1.0,1642316,0.0,7,,0.0,2.0,0.0,A01,138Â 299Â 436,1.0
962243,201900003774,10,11,07:10,2,2,2,9.0,6.0,13201,LIBERATION (BOULEVARD)  1 A 65,M,"43,2990650","5,3852890",13,2019,50.0,1.0,9.0,4.0,2150692,1.0,1,4,1,0.0,,-1.0, -1,1963.0,B01,138Â 299Â 437,8.0,8.0,-1.0,1642317,0.0,33,,0.0,2.0,0.0,B01,138Â 299Â 437,0.0
962244,201900003775,12,12,07:00,2,2,9,9.0,1.0,13202,REPUBLIQUE (RUE DE LA),M,"43,3009890","5,3703760",13,2019,50.0,1.0,1.0,4.0,2150693,2.0,2,4,1,0.0,,-1.0,0,1992.0,B01,138Â 299Â 434,1.0,0.0,-1.0,1642318,3.0,10,,0.0,2.0,0.0,B01,138Â 299Â 434,1.0
962244,201900003775,12,12,07:00,2,2,9,9.0,1.0,13202,REPUBLIQUE (RUE DE LA),M,"43,3009890","5,3703760",13,2019,50.0,1.0,1.0,4.0,2150693,2.0,2,4,1,0.0,,-1.0,0,1992.0,B01,138Â 299Â 434,1.0,0.0,-1.0,1642319,3.0,13,,1.0,0.0,0.0,A01,138Â 299Â 435,1.0
962244,201900003775,12,12,07:00,2,2,9,9.0,1.0,13202,REPUBLIQUE (RUE DE LA),M,"43,3009890","5,3703760",13,2019,50.0,1.0,1.0,4.0,2150694,1.0,1,1,1,0.0,,0.0,0,1982.0,B01,138Â 299Â 434,1.0,0.0,-1.0,1642318,3.0,10,,0.0,2.0,0.0,B01,138Â 299Â 434,1.0
962244,201900003775,12,12,07:00,2,2,9,9.0,1.0,13202,REPUBLIQUE (RUE DE LA),M,"43,3009890","5,3703760",13,2019,50.0,1.0,1.0,4.0,2150694,1.0,1,1,1,0.0,,0.0,0,1982.0,B01,138Â 299Â 434,1.0,0.0,-1.0,1642319,3.0,13,,1.0,0.0,0.0,A01,138Â 299Â 435,1.0
962244,201900003775,12,12,07:00,2,2,9,9.0,1.0,13202,REPUBLIQUE (RUE DE LA),M,"43,3009890","5,3703760",13,2019,50.0,1.0,1.0,4.0,2150695,1.0,1,1,1,0.0,,-1.0,0,1957.0,A01,138Â 299Â 435,8.0,0.0,-1.0,1642318,3.0,10,,0.0,2.0,0.0,B01,138Â 299Â 434,1.0
962244,201900003775,12,12,07:00,2,2,9,9.0,1.0,13202,REPUBLIQUE (RUE DE LA),M,"43,3009890","5,3703760",13,2019,50.0,1.0,1.0,4.0,2150695,1.0,1,1,1,0.0,,-1.0,0,1957.0,A01,138Â 299Â 435,8.0,0.0,-1.0,1642319,3.0,13,,1.0,0.0,0.0,A01,138Â 299Â 435,1.0
962245,201900003776,12,22,00:55,5,2,1,2.0,3.0,75120,RUE DES PYRENEES,M,"48,8713930","2,3926320",75,2019,30.0,1.0,2.0,4.0,2150696,1.0,1,1,2,1.0,,0.0,0,1988.0,B01,138Â 299Â 432,1.0,0.0,-1.0,1642320,2.0,7,,0.0,2.0,3.0,B01,138Â 299Â 432,1.0
962245,201900003776,12,22,00:55,5,2,1,2.0,3.0,75120,RUE DES PYRENEES,M,"48,8713930","2,3926320",75,2019,30.0,1.0,2.0,4.0,2150696,1.0,1,1,2,1.0,,0.0,0,1988.0,B01,138Â 299Â 432,1.0,0.0,-1.0,1642321,1.0,30,,0.0,2.0,3.0,A01,138Â 299Â 433,1.0
962245,201900003776,12,22,00:55,5,2,1,2.0,3.0,75120,RUE DES PYRENEES,M,"48,8713930","2,3926320",75,2019,30.0,1.0,2.0,4.0,2150697,1.0,1,4,1,0.0,,0.0,0,1959.0,A01,138Â 299Â 433,2.0,6.0,-1.0,1642320,2.0,7,,0.0,2.0,3.0,B01,138Â 299Â 432,1.0
962245,201900003776,12,22,00:55,5,2,1,2.0,3.0,75120,RUE DES PYRENEES,M,"48,8713930","2,3926320",75,2019,30.0,1.0,2.0,4.0,2150697,1.0,1,4,1,0.0,,0.0,0,1959.0,A01,138Â 299Â 433,2.0,6.0,-1.0,1642321,1.0,30,,0.0,2.0,3.0,A01,138Â 299Â 433,1.0
962246,201900003777,12,21,23:25,3,1,1,1.0,6.0,94065,Route nationale 186,M,"48,7534000","2,3734000",94,2019,90.0,2.0,1.0,2.0,2150698,1.0,1,2,1,5.0,,-1.0, -1,1993.0,A01,138Â 299Â 431,8.0,0.0,-1.0,1642322,2.0,10,,4.0,0.0,2.0,A01,138Â 299Â 431,1.0
962247,201900003778,12,19,18:35,5,2,6,1.0,6.0,74268,7 Chemin de Chateau - Vieux,M,"45,8756980","6,0837220",74,2019,50.0,1.0,1.0,3.0,2150699,1.0,1,1,1,5.0,,0.0,0,1956.0,A01,138Â 299Â 428,1.0,-1.0,-1.0,1642323,2.0,7,,0.0,2.0,1.0,A01,138Â 299Â 428,1.0
962247,201900003778,12,19,18:35,5,2,6,1.0,6.0,74268,7 Chemin de Chateau - Vieux,M,"45,8756980","6,0837220",74,2019,50.0,1.0,1.0,3.0,2150699,1.0,1,1,1,5.0,,0.0,0,1956.0,A01,138Â 299Â 428,1.0,-1.0,-1.0,1642324,1.0,33,,0.0,2.0,1.0,B01,138Â 299Â 429,1.0
962247,201900003778,12,19,18:35,5,2,6,1.0,6.0,74268,7 Chemin de Chateau - Vieux,M,"45,8756980","6,0837220",74,2019,50.0,1.0,1.0,3.0,2150699,1.0,1,1,1,5.0,,0.0,0,1956.0,A01,138Â 299Â 428,1.0,-1.0,-1.0,1642325,1.0,7,,0.0,2.0,1.0,C01,138Â 299Â 430,1.0
962247,201900003778,12,19,18:35,5,2,6,1.0,6.0,74268,7 Chemin de Chateau - Vieux,M,"45,8756980","6,0837220",74,2019,50.0,1.0,1.0,3.0,2150700,1.0,1,3,1,0.0,,0.0,0,1982.0,B01,138Â 299Â 429,2.0,6.0,-1.0,1642323,2.0,7,,0.0,2.0,1.0,A01,138Â 299Â 428,1.0
962247,201900003778,12,19,18:35,5,2,6,1.0,6.0,74268,7 Chemin de Chateau - Vieux,M,"45,8756980","6,0837220",74,2019,50.0,1.0,1.0,3.0,2150700,1.0,1,3,1,0.0,,0.0,0,1982.0,B01,138Â 299Â 429,2.0,6.0,-1.0,1642324,1.0,33,,0.0,2.0,1.0,B01,138Â 299Â 429,1.0
962247,201900003778,12,19,18:35,5,2,6,1.0,6.0,74268,7 Chemin de Chateau - Vieux,M,"45,8756980","6,0837220",74,2019,50.0,1.0,1.0,3.0,2150700,1.0,1,3,1,0.0,,0.0,0,1982.0,B01,138Â 299Â 429,2.0,6.0,-1.0,1642325,1.0,7,,0.0,2.0,1.0,C01,138Â 299Â 430,1.0
962247,201900003778,12,19,18:35,5,2,6,1.0,6.0,74268,7 Chemin de Chateau - Vieux,M,"45,8756980","6,0837220",74,2019,50.0,1.0,1.0,3.0,2150701,1.0,1,1,1,0.0,,0.0,0,1996.0,C01,138Â 299Â 430,1.0,-1.0,-1.0,1642323,2.0,7,,0.0,2.0,1.0,A01,138Â 299Â 428,1.0
962247,201900003778,12,19,18:35,5,2,6,1.0,6.0,74268,7 Chemin de Chateau - Vieux,M,"45,8756980","6,0837220",74,2019,50.0,1.0,1.0,3.0,2150701,1.0,1,1,1,0.0,,0.0,0,1996.0,C01,138Â 299Â 430,1.0,-1.0,-1.0,1642324,1.0,33,,0.0,2.0,1.0,B01,138Â 299Â 429,1.0
962247,201900003778,12,19,18:35,5,2,6,1.0,6.0,74268,7 Chemin de Chateau - Vieux,M,"45,8756980","6,0837220",74,2019,50.0,1.0,1.0,3.0,2150701,1.0,1,1,1,0.0,,0.0,0,1996.0,C01,138Â 299Â 430,1.0,-1.0,-1.0,1642325,1.0,7,,0.0,2.0,1.0,C01,138Â 299Â 430,1.0
962248,201900003779,1,23,23:45,3,1,1,1.0,1.0,33047,RD 137,M,"45,1222920"," -0,5746810",33,2019,80.0,1.0,1.0,3.0,2150702,1.0,1,1,2,5.0,,0.0,0,1998.0,A01,138Â 299Â 426,1.0,-1.0,-1.0,1642326,1.0,7,,0.0,2.0,1.0,A01,138Â 299Â 426,1.0
962248,201900003779,1,23,23:45,3,1,1,1.0,1.0,33047,RD 137,M,"45,1222920"," -0,5746810",33,2019,80.0,1.0,1.0,3.0,2150702,1.0,1,1,2,5.0,,0.0,0,1998.0,A01,138Â 299Â 426,1.0,-1.0,-1.0,1642327,2.0,7,,0.0,2.0,1.0,B01,138Â 299Â 427,1.0
962248,201900003779,1,23,23:45,3,1,1,1.0,1.0,33047,RD 137,M,"45,1222920"," -0,5746810",33,2019,80.0,1.0,1.0,3.0,2150703,1.0,1,4,2,5.0,,0.0,0,1985.0,B01,138Â 299Â 427,1.0,-1.0,-1.0,1642326,1.0,7,,0.0,2.0,1.0,A01,138Â 299Â 426,1.0
962248,201900003779,1,23,23:45,3,1,1,1.0,1.0,33047,RD 137,M,"45,1222920"," -0,5746810",33,2019,80.0,1.0,1.0,3.0,2150703,1.0,1,4,2,5.0,,0.0,0,1985.0,B01,138Â 299Â 427,1.0,-1.0,-1.0,1642327,2.0,7,,0.0,2.0,1.0,B01,138Â 299Â 427,1.0
962249,201900003780,7,8,14:00,1,1,1,1.0,3.0,60282,D162,M,"49,2049250","2,4396510",60,2019,90.0,1.0,1.0,3.0,2150704,1.0,1,4,2,1.0,,0.0,0,1972.0,B01,138Â 299Â 424,1.0,-1.0,-1.0,1642328,0.0,7,,0.0,0.0,8.0,B01,138Â 299Â 424,1.0
962249,201900003780,7,8,14:00,1,1,1,1.0,3.0,60282,D162,M,"49,2049250","2,4396510",60,2019,90.0,1.0,1.0,3.0,2150704,1.0,1,4,2,1.0,,0.0,0,1972.0,B01,138Â 299Â 424,1.0,-1.0,-1.0,1642329,0.0,7,,0.0,2.0,1.0,A01,138Â 299Â 425,1.0
962249,201900003780,7,8,14:00,1,1,1,1.0,3.0,60282,D162,M,"49,2049250","2,4396510",60,2019,90.0,1.0,1.0,3.0,2150705,1.0,1,4,1,0.0,,0.0,0,1956.0,A01,138Â 299Â 425,1.0,-1.0,-1.0,1642328,0.0,7,,0.0,0.0,8.0,B01,138Â 299Â 424,1.0
962249,201900003780,7,8,14:00,1,1,1,1.0,3.0,60282,D162,M,"49,2049250","2,4396510",60,2019,90.0,1.0,1.0,3.0,2150705,1.0,1,4,1,0.0,,0.0,0,1956.0,A01,138Â 299Â 425,1.0,-1.0,-1.0,1642329,0.0,7,,0.0,2.0,1.0,A01,138Â 299Â 425,1.0