Unnamed: 0_x,num_acc,mois,jour,hrmn,lum,agg,int,atm,col,com,adr,gps,lat,long,dep,annee,vma,situ,surf,catr,Unnamed: 0_y,place,catu,grav,sexe,trajet,secu,locp,actp,an_nais,num_veh_x,id_vehicule_x,secu1,secu2,secu3,Unnamed: 0,senc,catv,occutc,obs,obsm,choc,num_veh_y,id_vehicule_y,motor
962250,201900003781,9,25,13:35,1,2,1,1.0,6.0,68224,KINGERSHEIM (RUE DE),M,"47,7768300","7,3287300",68,2019,50.0,1.0,1.0,3.0,2150706,10.0,3,3,2,1.0,,2.0,3,1959.0,A01,138Â 299Â 422,8.0,8.0,-1.0,1642330,1.0,7,,0.0,1.0,2.0,A01,138Â 299Â 422,1.0
962250,201900003781,9,25,13:35,1,2,1,1.0,6.0,68224,KINGERSHEIM (RUE DE),M,"47,7768300","7,3287300",68,2019,50.0,1.0,1.0,3.0,2150707,1.0,1,1,1,3.0,,-1.0,0,1991.0,A01,138Â 299Â 422,1.0,-1.0,-1.0,1642330,1.0,7,,0.0,1.0,2.0,A01,138Â 299Â 422,1.0
962251,201900003782,10,20,07:10,5,2,1,1.0,6.0,76217,VAUBAN (AVENUE),M,"49,9144800","1,0843700",76,2019,30.0,1.0,1.0,4.0,2150708,2.0,2,4,1,5.0,,-1.0,0,2007.0,A01,138Â 299Â 421,1.0,5.0,-1.0,1642331,2.0,7,,12.0,0.0,1.0,A01,138Â 299Â 421,1.0
962251,201900003782,10,20,07:10,5,2,1,1.0,6.0,76217,VAUBAN (AVENUE),M,"49,9144800","1,0843700",76,2019,30.0,1.0,1.0,4.0,2150709,1.0,1,4,1,5.0,,-1.0,0,1976.0,A01,138Â 299Â 421,1.0,5.0,-1.0,1642331,2.0,7,,12.0,0.0,1.0,A01,138Â 299Â 421,1.0
962252,201900003783,10,7,18:20,2,2,1,8.0,6.0,67482,GANZAU (RUE DE LA),M,"48,5262100","7,7599600",67,2019,30.0,4.0,2.0,4.0,2150710,1.0,1,2,1,5.0,,-1.0,0,1965.0,A01,138Â 299Â 420,1.0,8.0,-1.0,1642332,1.0,7,,6.0,0.0,2.0,A01,138Â 299Â 420,1.0
962253,201900003784,6,6,17:50,1,2,1,1.0,6.0,49125,,M,"47,1923000"," -0,2765000",49,2019,-1.0,1.0,1.0,6.0,2150711,10.0,3,3,1,-1.0,,9.0,B,1928.0,A01,138Â 299Â 419,-1.0,-1.0,-1.0,1642333,0.0,7,,0.0,1.0,6.0,A01,138Â 299Â 419,-1.0
962253,201900003784,6,6,17:50,1,2,1,1.0,6.0,49125,,M,"47,1923000"," -0,2765000",49,2019,-1.0,1.0,1.0,6.0,2150712,1.0,1,1,1,-1.0,,-1.0, -1,1934.0,A01,138Â 299Â 419,-1.0,-1.0,-1.0,1642333,0.0,7,,0.0,1.0,6.0,A01,138Â 299Â 419,-1.0
962254,201900003785,6,29,09:00,1,2,2,1.0,3.0,49007,,M,"47,4794240"," -0,5214354",49,2019,-1.0,1.0,1.0,4.0,2150713,1.0,1,4,2,-1.0,,-1.0, -1,1951.0,B01,138Â 299Â 417,-1.0,-1.0,-1.0,1642334,0.0,7,,0.0,2.0,3.0,B01,138Â 299Â 417,-1.0
962254,201900003785,6,29,09:00,1,2,2,1.0,3.0,49007,,M,"47,4794240"," -0,5214354",49,2019,-1.0,1.0,1.0,4.0,2150713,1.0,1,4,2,-1.0,,-1.0, -1,1951.0,B01,138Â 299Â 417,-1.0,-1.0,-1.0,1642335,0.0,7,,0.0,2.0,2.0,A01,138Â 299Â 418,-1.0
962254,201900003785,6,29,09:00,1,2,2,1.0,3.0,49007,,M,"47,4794240"," -0,5214354",49,2019,-1.0,1.0,1.0,4.0,2150714,1.0,1,1,1,-1.0,,-1.0, -1,1947.0,A01,138Â 299Â 418,-1.0,-1.0,-1.0,1642334,0.0,7,,0.0,2.0,3.0,B01,138Â 299Â 417,-1.0
962254,201900003785,6,29,09:00,1,2,2,1.0,3.0,49007,,M,"47,4794240"," -0,5214354",49,2019,-1.0,1.0,1.0,4.0,2150714,1.0,1,1,1,-1.0,,-1.0, -1,1947.0,A01,138Â 299Â 418,-1.0,-1.0,-1.0,1642335,0.0,7,,0.0,2.0,2.0,A01,138Â 299Â 418,-1.0
962255,201900003786,12,23,15:28,1,2,9,1.0,6.0,2B033,11 - RT,M,"42,6665260","9,4427050",2B,2019,30.0,1.0,1.0,2.0,2150715,10.0,3,4,1,9.0,,9.0,9,1997.0,Z01,138Â 299Â 416,0.0,-1.0,-1.0,1642336,2.0,10,,0.0,1.0,1.0,Z01,138Â 299Â 416,0.0
962256,201900003787,12,16,19:35,2,2,4,2.0,1.0,44184,RUES DES TROENES / AJONCS ,M,"47,2684840"," -2,2498410",44,2019,50.0,1.0,2.0,4.0,2150716,1.0,1,1,1,5.0,,0.0,0,1994.0,A01,138Â 299Â 414,1.0,0.0,-1.0,1642337,1.0,7,,0.0,2.0,1.0,A01,138Â 299Â 414,1.0
962256,201900003787,12,16,19:35,2,2,4,2.0,1.0,44184,RUES DES TROENES / AJONCS ,M,"47,2684840"," -2,2498410",44,2019,50.0,1.0,2.0,4.0,2150716,1.0,1,1,1,5.0,,0.0,0,1994.0,A01,138Â 299Â 414,1.0,0.0,-1.0,1642338,2.0,7,,0.0,2.0,1.0,B01,138Â 299Â 415,1.0
962256,201900003787,12,16,19:35,2,2,4,2.0,1.0,44184,RUES DES TROENES / AJONCS ,M,"47,2684840"," -2,2498410",44,2019,50.0,1.0,2.0,4.0,2150717,4.0,2,4,2,0.0,,-1.0, -1,1992.0,A01,138Â 299Â 414,1.0,0.0,-1.0,1642337,1.0,7,,0.0,2.0,1.0,A01,138Â 299Â 414,1.0
962256,201900003787,12,16,19:35,2,2,4,2.0,1.0,44184,RUES DES TROENES / AJONCS ,M,"47,2684840"," -2,2498410",44,2019,50.0,1.0,2.0,4.0,2150717,4.0,2,4,2,0.0,,-1.0, -1,1992.0,A01,138Â 299Â 414,1.0,0.0,-1.0,1642338,2.0,7,,0.0,2.0,1.0,B01,138Â 299Â 415,1.0
962256,201900003787,12,16,19:35,2,2,4,2.0,1.0,44184,RUES DES TROENES / AJONCS ,M,"47,2684840"," -2,2498410",44,2019,50.0,1.0,2.0,4.0,2150718,1.0,1,1,1,1.0,,0.0,0,1987.0,B01,138Â 299Â 415,1.0,0.0,-1.0,1642337,1.0,7,,0.0,2.0,1.0,A01,138Â 299Â 414,1.0
962256,201900003787,12,16,19:35,2,2,4,2.0,1.0,44184,RUES DES TROENES / AJONCS ,M,"47,2684840"," -2,2498410",44,2019,50.0,1.0,2.0,4.0,2150718,1.0,1,1,1,1.0,,0.0,0,1987.0,B01,138Â 299Â 415,1.0,0.0,-1.0,1642338,2.0,7,,0.0,2.0,1.0,B01,138Â 299Â 415,1.0
962257,201900003788,12,19,16:00,1,2,2,1.0,6.0,37261,HALLES (RUE DES),M,"47,3935500","0,6850600",37,2019,50.0,-1.0,1.0,4.0,2150719,1.0,1,1,1,0.0,,0.0,0,1997.0,A01,138Â 299Â 413,1.0,8.0,-1.0,1642339,3.0,7,,0.0,1.0,3.0,A01,138Â 299Â 413,1.0
962257,201900003788,12,19,16:00,1,2,2,1.0,6.0,37261,HALLES (RUE DES),M,"47,3935500","0,6850600",37,2019,50.0,-1.0,1.0,4.0,2150720,10.0,3,4,2,5.0,,4.0,3,1997.0,A01,138Â 299Â 413,8.0,8.0,-1.0,1642339,3.0,7,,0.0,1.0,3.0,A01,138Â 299Â 413,1.0
962258,201900003789,12,19,18:10,5,2,2,3.0,6.0,35238,MOULIN DE JOUE (DU),M,"48,1138500"," -1,6479000",35,2019,50.0,1.0,2.0,4.0,2150721,10.0,3,3,2,9.0,,3.0,3,1970.0,A01,138Â 299Â 412,0.0,-1.0,-1.0,1642340,0.0,7,,0.0,1.0,0.0,A01,138Â 299Â 412,0.0
962259,201900003790,12,20,15:40,1,2,9,8.0,3.0,92024,GENERAL LECLERC (BD DU) (9 A 59)   (4 A,M,"48,9007000","2,3170100",92,2019,50.0,4.0,1.0,3.0,2150722,1.0,1,4,1,5.0,,-1.0,0,1949.0,A01,138Â 299Â 411,8.0,0.0,-1.0,1642341,1.0,1,,0.0,2.0,1.0,B01,138Â 299Â 410,0.0
962259,201900003790,12,20,15:40,1,2,9,8.0,3.0,92024,GENERAL LECLERC (BD DU) (9 A 59)   (4 A,M,"48,9007000","2,3170100",92,2019,50.0,4.0,1.0,3.0,2150722,1.0,1,4,1,5.0,,-1.0,0,1949.0,A01,138Â 299Â 411,8.0,0.0,-1.0,1642342,1.0,1,,0.0,2.0,8.0,A01,138Â 299Â 411,5.0
962260,201900003791,12,13,20:30,5,2,1,2.0,3.0,92024,GENERAL ROGUET (RUE DU) DE (1 A 57)   (2,M,"48,9058600","2,3128900",92,2019,50.0,1.0,2.0,4.0,2150723,1.0,1,1,2,1.0,,-1.0,0,1965.0,B01,138Â 299Â 408,1.0,0.0,-1.0,1642343,3.0,7,,0.0,2.0,5.0,B01,138Â 299Â 408,1.0
962260,201900003791,12,13,20:30,5,2,1,2.0,3.0,92024,GENERAL ROGUET (RUE DU) DE (1 A 57)   (2,M,"48,9058600","2,3128900",92,2019,50.0,1.0,2.0,4.0,2150723,1.0,1,1,2,1.0,,-1.0,0,1965.0,B01,138Â 299Â 408,1.0,0.0,-1.0,1642344,3.0,30,,0.0,2.0,3.0,A01,138Â 299Â 409,1.0
962260,201900003791,12,13,20:30,5,2,1,2.0,3.0,92024,GENERAL ROGUET (RUE DU) DE (1 A 57)   (2,M,"48,9058600","2,3128900",92,2019,50.0,1.0,2.0,4.0,2150724,1.0,1,4,1,4.0,,-1.0,0,2001.0,A01,138Â 299Â 409,2.0,0.0,-1.0,1642343,3.0,7,,0.0,2.0,5.0,B01,138Â 299Â 408,1.0
962260,201900003791,12,13,20:30,5,2,1,2.0,3.0,92024,GENERAL ROGUET (RUE DU) DE (1 A 57)   (2,M,"48,9058600","2,3128900",92,2019,50.0,1.0,2.0,4.0,2150724,1.0,1,4,1,4.0,,-1.0,0,2001.0,A01,138Â 299Â 409,2.0,0.0,-1.0,1642344,3.0,30,,0.0,2.0,3.0,A01,138Â 299Â 409,1.0
962261,201900003792,12,20,18:30,5,2,2,1.0,3.0,92024,HENRI BARBUSSE (RUE) DE (1 A 73)   (2 A,M,"48,9000422","2,3062181",92,2019,50.0,1.0,1.0,3.0,2150725,1.0,1,4,1,1.0,,-1.0,0,1991.0,B01,138Â 299Â 406,2.0,6.0,-1.0,1642345,1.0,32,,0.0,2.0,3.0,B01,138Â 299Â 406,1.0
962261,201900003792,12,20,18:30,5,2,2,1.0,3.0,92024,HENRI BARBUSSE (RUE) DE (1 A 73)   (2 A,M,"48,9000422","2,3062181",92,2019,50.0,1.0,1.0,3.0,2150725,1.0,1,4,1,1.0,,-1.0,0,1991.0,B01,138Â 299Â 406,2.0,6.0,-1.0,1642346,1.0,7,,0.0,2.0,6.0,A01,138Â 299Â 407,1.0
962261,201900003792,12,20,18:30,5,2,2,1.0,3.0,92024,HENRI BARBUSSE (RUE) DE (1 A 73)   (2 A,M,"48,9000422","2,3062181",92,2019,50.0,1.0,1.0,3.0,2150726,1.0,1,1,1,1.0,,-1.0,0,1989.0,A01,138Â 299Â 407,1.0,0.0,-1.0,1642345,1.0,32,,0.0,2.0,3.0,B01,138Â 299Â 406,1.0
962261,201900003792,12,20,18:30,5,2,2,1.0,3.0,92024,HENRI BARBUSSE (RUE) DE (1 A 73)   (2 A,M,"48,9000422","2,3062181",92,2019,50.0,1.0,1.0,3.0,2150726,1.0,1,1,1,1.0,,-1.0,0,1989.0,A01,138Â 299Â 407,1.0,0.0,-1.0,1642346,1.0,7,,0.0,2.0,6.0,A01,138Â 299Â 407,1.0
962262,201900003793,10,6,13:00,1,1,1,1.0,7.0,25586,rue de la Begelle,M,"47,4643110","6,8949670",25,2019,-1.0,3.0,6.0,3.0,2150727,1.0,1,2,1,5.0,,0.0, -1,1969.0,A01,138Â 299Â 402,-1.0,-1.0,-1.0,1642347,2.0,7,,0.0,0.0,0.0,A01,138Â 299Â 402,1.0
962263,201900003794,12,25,04:45,2,2,3,1.0,6.0,98818,RUE AUGUSTE BENEBIG,M," -22,2701500","166,4540000",988,2019,50.0,1.0,1.0,4.0,2150728,1.0,1,3,1,5.0,,0.0,0,1982.0,A01,138Â 299Â 401,1.0,5.0,-1.0,1642348,1.0,7,,15.0,0.0,1.0,A01,138Â 299Â 401,1.0
962264,201900003795,9,26,16:50,1,2,1,1.0,6.0,16015,29 rue Bel Air,M,"45,6524890","0,1770850",16,2019,50.0,1.0,1.0,4.0,2150729,10.0,3,3,2,2.0,,2.0,3,2009.0,A01,138Â 299Â 400,-1.0,-1.0,-1.0,1642349,1.0,7,,0.0,1.0,1.0,A01,138Â 299Â 400,1.0
962264,201900003795,9,26,16:50,1,2,1,1.0,6.0,16015,29 rue Bel Air,M,"45,6524890","0,1770850",16,2019,50.0,1.0,1.0,4.0,2150730,1.0,1,1,1,5.0,,-1.0, -1,1978.0,A01,138Â 299Â 400,-1.0,-1.0,-1.0,1642349,1.0,7,,0.0,1.0,1.0,A01,138Â 299Â 400,1.0
962265,201900003796,11,15,08:20,2,1,3,2.0,4.0,29097,Lieu Dit Kerdeven,M,"48,4954210"," -4,0488370",29,2019,70.0,1.0,2.0,3.0,2150731,1.0,1,1,1,4.0,,0.0,0,1990.0,A01,138Â 299Â 397,1.0,-1.0,-1.0,1642350,1.0,7,,0.0,2.0,1.0,A01,138Â 299Â 397,1.0
962265,201900003796,11,15,08:20,2,1,3,2.0,4.0,29097,Lieu Dit Kerdeven,M,"48,4954210"," -4,0488370",29,2019,70.0,1.0,2.0,3.0,2150731,1.0,1,1,1,4.0,,0.0,0,1990.0,A01,138Â 299Â 397,1.0,-1.0,-1.0,1642351,1.0,7,,0.0,2.0,4.0,B01,138Â 299Â 398,0.0
962265,201900003796,11,15,08:20,2,1,3,2.0,4.0,29097,Lieu Dit Kerdeven,M,"48,4954210"," -4,0488370",29,2019,70.0,1.0,2.0,3.0,2150731,1.0,1,1,1,4.0,,0.0,0,1990.0,A01,138Â 299Â 397,1.0,-1.0,-1.0,1642352,1.0,13,,0.0,2.0,6.0,C01,138Â 299Â 399,1.0
962265,201900003796,11,15,08:20,2,1,3,2.0,4.0,29097,Lieu Dit Kerdeven,M,"48,4954210"," -4,0488370",29,2019,70.0,1.0,2.0,3.0,2150732,1.0,1,4,2,1.0,,0.0,0,1973.0,B01,138Â 299Â 398,1.0,-1.0,-1.0,1642350,1.0,7,,0.0,2.0,1.0,A01,138Â 299Â 397,1.0
962265,201900003796,11,15,08:20,2,1,3,2.0,4.0,29097,Lieu Dit Kerdeven,M,"48,4954210"," -4,0488370",29,2019,70.0,1.0,2.0,3.0,2150732,1.0,1,4,2,1.0,,0.0,0,1973.0,B01,138Â 299Â 398,1.0,-1.0,-1.0,1642351,1.0,7,,0.0,2.0,4.0,B01,138Â 299Â 398,0.0
962265,201900003796,11,15,08:20,2,1,3,2.0,4.0,29097,Lieu Dit Kerdeven,M,"48,4954210"," -4,0488370",29,2019,70.0,1.0,2.0,3.0,2150732,1.0,1,4,2,1.0,,0.0,0,1973.0,B01,138Â 299Â 398,1.0,-1.0,-1.0,1642352,1.0,13,,0.0,2.0,6.0,C01,138Â 299Â 399,1.0
962265,201900003796,11,15,08:20,2,1,3,2.0,4.0,29097,Lieu Dit Kerdeven,M,"48,4954210"," -4,0488370",29,2019,70.0,1.0,2.0,3.0,2150733,1.0,1,1,1,4.0,,0.0,0,1990.0,C01,138Â 299Â 399,1.0,-1.0,-1.0,1642350,1.0,7,,0.0,2.0,1.0,A01,138Â 299Â 397,1.0
962265,201900003796,11,15,08:20,2,1,3,2.0,4.0,29097,Lieu Dit Kerdeven,M,"48,4954210"," -4,0488370",29,2019,70.0,1.0,2.0,3.0,2150733,1.0,1,1,1,4.0,,0.0,0,1990.0,C01,138Â 299Â 399,1.0,-1.0,-1.0,1642351,1.0,7,,0.0,2.0,4.0,B01,138Â 299Â 398,0.0
962265,201900003796,11,15,08:20,2,1,3,2.0,4.0,29097,Lieu Dit Kerdeven,M,"48,4954210"," -4,0488370",29,2019,70.0,1.0,2.0,3.0,2150733,1.0,1,1,1,4.0,,0.0,0,1990.0,C01,138Â 299Â 399,1.0,-1.0,-1.0,1642352,1.0,13,,0.0,2.0,6.0,C01,138Â 299Â 399,1.0
962266,201900003797,12,22,15:30,1,2,1,1.0,6.0,13207,Corniche John FitzgÃ©rald Kennedy,M,"43,2765560","5,3579280",13,2019,50.0,1.0,1.0,4.0,2150734,1.0,1,4,1,5.0,,-1.0,0,1962.0,A01,138Â 299Â 396,2.0,8.0,-1.0,1642353,1.0,33,,0.0,2.0,1.0,A01,138Â 299Â 396,1.0
962267,201900003798,12,22,13:15,1,2,3,1.0,3.0,13204,CHARTREUX (AVENUE DES),M,"43,3086915","5,4002577",13,2019,50.0,1.0,1.0,4.0,2150735,1.0,1,4,2,0.0,,-1.0, -1,1981.0,A01,138Â 299Â 394,8.0,0.0,-1.0,1642354,2.0,30,,0.0,2.0,3.0,A01,138Â 299Â 394,0.0
962267,201900003798,12,22,13:15,1,2,3,1.0,3.0,13204,CHARTREUX (AVENUE DES),M,"43,3086915","5,4002577",13,2019,50.0,1.0,1.0,4.0,2150735,1.0,1,4,2,0.0,,-1.0, -1,1981.0,A01,138Â 299Â 394,8.0,0.0,-1.0,1642355,1.0,32,,0.0,2.0,3.0,B01,138Â 299Â 395,1.0
962267,201900003798,12,22,13:15,1,2,3,1.0,3.0,13204,CHARTREUX (AVENUE DES),M,"43,3086915","5,4002577",13,2019,50.0,1.0,1.0,4.0,2150736,2.0,2,4,2,0.0,,-1.0, -1,1957.0,B01,138Â 299Â 395,8.0,0.0,-1.0,1642354,2.0,30,,0.0,2.0,3.0,A01,138Â 299Â 394,0.0
962267,201900003798,12,22,13:15,1,2,3,1.0,3.0,13204,CHARTREUX (AVENUE DES),M,"43,3086915","5,4002577",13,2019,50.0,1.0,1.0,4.0,2150736,2.0,2,4,2,0.0,,-1.0, -1,1957.0,B01,138Â 299Â 395,8.0,0.0,-1.0,1642355,1.0,32,,0.0,2.0,3.0,B01,138Â 299Â 395,1.0
962267,201900003798,12,22,13:15,1,2,3,1.0,3.0,13204,CHARTREUX (AVENUE DES),M,"43,3086915","5,4002577",13,2019,50.0,1.0,1.0,4.0,2150737,1.0,1,1,1,0.0,,-1.0, -1,1953.0,B01,138Â 299Â 395,8.0,0.0,-1.0,1642354,2.0,30,,0.0,2.0,3.0,A01,138Â 299Â 394,0.0
962267,201900003798,12,22,13:15,1,2,3,1.0,3.0,13204,CHARTREUX (AVENUE DES),M,"43,3086915","5,4002577",13,2019,50.0,1.0,1.0,4.0,2150737,1.0,1,1,1,0.0,,-1.0, -1,1953.0,B01,138Â 299Â 395,8.0,0.0,-1.0,1642355,1.0,32,,0.0,2.0,3.0,B01,138Â 299Â 395,1.0
962268,201900003799,12,22,07:05,2,2,1,1.0,2.0,13206,PRADO (AVENUE DU),M,"43,2842720","5,3848080",13,2019,50.0,1.0,1.0,7.0,2150738,1.0,1,1,1,0.0,,-1.0, -1,1990.0,A01,138Â 299Â 393,8.0,0.0,-1.0,1642356,2.0,7,,0.0,0.0,0.0,B01,138Â 299Â 392,1.0
962268,201900003799,12,22,07:05,2,2,1,1.0,2.0,13206,PRADO (AVENUE DU),M,"43,2842720","5,3848080",13,2019,50.0,1.0,1.0,7.0,2150738,1.0,1,1,1,0.0,,-1.0, -1,1990.0,A01,138Â 299Â 393,8.0,0.0,-1.0,1642357,2.0,7,,0.0,2.0,0.0,A01,138Â 299Â 393,1.0
962268,201900003799,12,22,07:05,2,2,1,1.0,2.0,13206,PRADO (AVENUE DU),M,"43,2842720","5,3848080",13,2019,50.0,1.0,1.0,7.0,2150739,2.0,2,4,1,4.0,,-1.0,0,1973.0,A01,138Â 299Â 393,1.0,0.0,-1.0,1642356,2.0,7,,0.0,0.0,0.0,B01,138Â 299Â 392,1.0
962268,201900003799,12,22,07:05,2,2,1,1.0,2.0,13206,PRADO (AVENUE DU),M,"43,2842720","5,3848080",13,2019,50.0,1.0,1.0,7.0,2150739,2.0,2,4,1,4.0,,-1.0,0,1973.0,A01,138Â 299Â 393,1.0,0.0,-1.0,1642357,2.0,7,,0.0,2.0,0.0,A01,138Â 299Â 393,1.0
962268,201900003799,12,22,07:05,2,2,1,1.0,2.0,13206,PRADO (AVENUE DU),M,"43,2842720","5,3848080",13,2019,50.0,1.0,1.0,7.0,2150740,1.0,2,4,1,4.0,,-1.0, -1,1990.0,A01,138Â 299Â 393,1.0,8.0,-1.0,1642356,2.0,7,,0.0,0.0,0.0,B01,138Â 299Â 392,1.0
962268,201900003799,12,22,07:05,2,2,1,1.0,2.0,13206,PRADO (AVENUE DU),M,"43,2842720","5,3848080",13,2019,50.0,1.0,1.0,7.0,2150740,1.0,2,4,1,4.0,,-1.0, -1,1990.0,A01,138Â 299Â 393,1.0,8.0,-1.0,1642357,2.0,7,,0.0,2.0,0.0,A01,138Â 299Â 393,1.0
962269,201900003800,12,18,17:45,3,1,9,1.0,4.0,42183,RN88,M,"45,4039300","4,3740100",42,2019,70.0,-1.0,1.0,2.0,2150741,1.0,1,1,1,3.0,,-1.0, -1,1968.0,C01,138Â 299Â 389,1.0,0.0,-1.0,1642358,1.0,7,,0.0,2.0,4.0,C01,138Â 299Â 389,1.0
962269,201900003800,12,18,17:45,3,1,9,1.0,4.0,42183,RN88,M,"45,4039300","4,3740100",42,2019,70.0,-1.0,1.0,2.0,2150741,1.0,1,1,1,3.0,,-1.0, -1,1968.0,C01,138Â 299Â 389,1.0,0.0,-1.0,1642359,1.0,7,,0.0,2.0,1.0,B01,138Â 299Â 390,1.0
962269,201900003800,12,18,17:45,3,1,9,1.0,4.0,42183,RN88,M,"45,4039300","4,3740100",42,2019,70.0,-1.0,1.0,2.0,2150741,1.0,1,1,1,3.0,,-1.0, -1,1968.0,C01,138Â 299Â 389,1.0,0.0,-1.0,1642360,1.0,7,,0.0,2.0,1.0,A01,138Â 299Â 391,1.0
962269,201900003800,12,18,17:45,3,1,9,1.0,4.0,42183,RN88,M,"45,4039300","4,3740100",42,2019,70.0,-1.0,1.0,2.0,2150742,1.0,1,4,1,1.0,,-1.0, -1,1991.0,B01,138Â 299Â 390,1.0,0.0,-1.0,1642358,1.0,7,,0.0,2.0,4.0,C01,138Â 299Â 389,1.0
962269,201900003800,12,18,17:45,3,1,9,1.0,4.0,42183,RN88,M,"45,4039300","4,3740100",42,2019,70.0,-1.0,1.0,2.0,2150742,1.0,1,4,1,1.0,,-1.0, -1,1991.0,B01,138Â 299Â 390,1.0,0.0,-1.0,1642359,1.0,7,,0.0,2.0,1.0,B01,138Â 299Â 390,1.0
962269,201900003800,12,18,17:45,3,1,9,1.0,4.0,42183,RN88,M,"45,4039300","4,3740100",42,2019,70.0,-1.0,1.0,2.0,2150742,1.0,1,4,1,1.0,,-1.0, -1,1991.0,B01,138Â 299Â 390,1.0,0.0,-1.0,1642360,1.0,7,,0.0,2.0,1.0,A01,138Â 299Â 391,1.0
962269,201900003800,12,18,17:45,3,1,9,1.0,4.0,42183,RN88,M,"45,4039300","4,3740100",42,2019,70.0,-1.0,1.0,2.0,2150743,1.0,1,4,2,0.0,,-1.0, -1,1992.0,A01,138Â 299Â 391,1.0,0.0,-1.0,1642358,1.0,7,,0.0,2.0,4.0,C01,138Â 299Â 389,1.0
962269,201900003800,12,18,17:45,3,1,9,1.0,4.0,42183,RN88,M,"45,4039300","4,3740100",42,2019,70.0,-1.0,1.0,2.0,2150743,1.0,1,4,2,0.0,,-1.0, -1,1992.0,A01,138Â 299Â 391,1.0,0.0,-1.0,1642359,1.0,7,,0.0,2.0,1.0,B01,138Â 299Â 390,1.0
962269,201900003800,12,18,17:45,3,1,9,1.0,4.0,42183,RN88,M,"45,4039300","4,3740100",42,2019,70.0,-1.0,1.0,2.0,2150743,1.0,1,4,2,0.0,,-1.0, -1,1992.0,A01,138Â 299Â 391,1.0,0.0,-1.0,1642360,1.0,7,,0.0,2.0,1.0,A01,138Â 299Â 391,1.0
962270,201900003801,10,7,13:45,1,2,1,1.0,5.0,13215,LITTORAL (CHEMIN DU),M,"43,3432600","5,3476800",13,2019,50.0,1.0,1.0,3.0,2150744,1.0,1,4,2,0.0,,-1.0, -1,1999.0,A01,138Â 299Â 385,8.0,0.0,-1.0,1642361,0.0,7,,0.0,2.0,1.0,A01,138Â 299Â 385,1.0
962270,201900003801,10,7,13:45,1,2,1,1.0,5.0,13215,LITTORAL (CHEMIN DU),M,"43,3432600","5,3476800",13,2019,50.0,1.0,1.0,3.0,2150744,1.0,1,4,2,0.0,,-1.0, -1,1999.0,A01,138Â 299Â 385,8.0,0.0,-1.0,1642362,1.0,10,,0.0,2.0,4.0,B01,138Â 299Â 386,1.0
962270,201900003801,10,7,13:45,1,2,1,1.0,5.0,13215,LITTORAL (CHEMIN DU),M,"43,3432600","5,3476800",13,2019,50.0,1.0,1.0,3.0,2150744,1.0,1,4,2,0.0,,-1.0, -1,1999.0,A01,138Â 299Â 385,8.0,0.0,-1.0,1642363,1.0,7,,0.0,2.0,4.0,C01,138Â 299Â 387,1.0
962270,201900003801,10,7,13:45,1,2,1,1.0,5.0,13215,LITTORAL (CHEMIN DU),M,"43,3432600","5,3476800",13,2019,50.0,1.0,1.0,3.0,2150744,1.0,1,4,2,0.0,,-1.0, -1,1999.0,A01,138Â 299Â 385,8.0,0.0,-1.0,1642364,3.0,15,,0.0,2.0,6.0,D01,138Â 299Â 388,1.0
962270,201900003801,10,7,13:45,1,2,1,1.0,5.0,13215,LITTORAL (CHEMIN DU),M,"43,3432600","5,3476800",13,2019,50.0,1.0,1.0,3.0,2150745,1.0,1,1,1,4.0,,-1.0, -1,1991.0,B01,138Â 299Â 386,1.0,0.0,-1.0,1642361,0.0,7,,0.0,2.0,1.0,A01,138Â 299Â 385,1.0
962270,201900003801,10,7,13:45,1,2,1,1.0,5.0,13215,LITTORAL (CHEMIN DU),M,"43,3432600","5,3476800",13,2019,50.0,1.0,1.0,3.0,2150745,1.0,1,1,1,4.0,,-1.0, -1,1991.0,B01,138Â 299Â 386,1.0,0.0,-1.0,1642362,1.0,10,,0.0,2.0,4.0,B01,138Â 299Â 386,1.0
962270,201900003801,10,7,13:45,1,2,1,1.0,5.0,13215,LITTORAL (CHEMIN DU),M,"43,3432600","5,3476800",13,2019,50.0,1.0,1.0,3.0,2150745,1.0,1,1,1,4.0,,-1.0, -1,1991.0,B01,138Â 299Â 386,1.0,0.0,-1.0,1642363,1.0,7,,0.0,2.0,4.0,C01,138Â 299Â 387,1.0
962270,201900003801,10,7,13:45,1,2,1,1.0,5.0,13215,LITTORAL (CHEMIN DU),M,"43,3432600","5,3476800",13,2019,50.0,1.0,1.0,3.0,2150745,1.0,1,1,1,4.0,,-1.0, -1,1991.0,B01,138Â 299Â 386,1.0,0.0,-1.0,1642364,3.0,15,,0.0,2.0,6.0,D01,138Â 299Â 388,1.0
962270,201900003801,10,7,13:45,1,2,1,1.0,5.0,13215,LITTORAL (CHEMIN DU),M,"43,3432600","5,3476800",13,2019,50.0,1.0,1.0,3.0,2150746,1.0,1,1,1,0.0,,-1.0, -1,1986.0,C01,138Â 299Â 387,1.0,0.0,-1.0,1642361,0.0,7,,0.0,2.0,1.0,A01,138Â 299Â 385,1.0
962270,201900003801,10,7,13:45,1,2,1,1.0,5.0,13215,LITTORAL (CHEMIN DU),M,"43,3432600","5,3476800",13,2019,50.0,1.0,1.0,3.0,2150746,1.0,1,1,1,0.0,,-1.0, -1,1986.0,C01,138Â 299Â 387,1.0,0.0,-1.0,1642362,1.0,10,,0.0,2.0,4.0,B01,138Â 299Â 386,1.0