Unnamed: 0_x,num_acc,mois,jour,hrmn,lum,agg,int,atm,col,com,adr,gps,lat,long,dep,annee,vma,situ,surf,catr,Unnamed: 0_y,place,catu,grav,sexe,trajet,secu,locp,actp,an_nais,num_veh_x,id_vehicule_x,secu1,secu2,secu3,Unnamed: 0,senc,catv,occutc,obs,obsm,choc,num_veh_y,id_vehicule_y,motor
962270,201900003801,10,7,13:45,1,2,1,1.0,5.0,13215,LITTORAL (CHEMIN DU),M,"43,3432600","5,3476800",13,2019,50.0,1.0,1.0,3.0,2150746,1.0,1,1,1,0.0,,-1.0, -1,1986.0,C01,138Â 299Â 387,1.0,0.0,-1.0,1642363,1.0,7,,0.0,2.0,4.0,C01,138Â 299Â 387,1.0
962270,201900003801,10,7,13:45,1,2,1,1.0,5.0,13215,LITTORAL (CHEMIN DU),M,"43,3432600","5,3476800",13,2019,50.0,1.0,1.0,3.0,2150746,1.0,1,1,1,0.0,,-1.0, -1,1986.0,C01,138Â 299Â 387,1.0,0.0,-1.0,1642364,3.0,15,,0.0,2.0,6.0,D01,138Â 299Â 388,1.0
962270,201900003801,10,7,13:45,1,2,1,1.0,5.0,13215,LITTORAL (CHEMIN DU),M,"43,3432600","5,3476800",13,2019,50.0,1.0,1.0,3.0,2150747,1.0,1,1,1,4.0,,-1.0, -1,1970.0,D01,138Â 299Â 388,1.0,8.0,-1.0,1642361,0.0,7,,0.0,2.0,1.0,A01,138Â 299Â 385,1.0
962270,201900003801,10,7,13:45,1,2,1,1.0,5.0,13215,LITTORAL (CHEMIN DU),M,"43,3432600","5,3476800",13,2019,50.0,1.0,1.0,3.0,2150747,1.0,1,1,1,4.0,,-1.0, -1,1970.0,D01,138Â 299Â 388,1.0,8.0,-1.0,1642362,1.0,10,,0.0,2.0,4.0,B01,138Â 299Â 386,1.0
962270,201900003801,10,7,13:45,1,2,1,1.0,5.0,13215,LITTORAL (CHEMIN DU),M,"43,3432600","5,3476800",13,2019,50.0,1.0,1.0,3.0,2150747,1.0,1,1,1,4.0,,-1.0, -1,1970.0,D01,138Â 299Â 388,1.0,8.0,-1.0,1642363,1.0,7,,0.0,2.0,4.0,C01,138Â 299Â 387,1.0
962270,201900003801,10,7,13:45,1,2,1,1.0,5.0,13215,LITTORAL (CHEMIN DU),M,"43,3432600","5,3476800",13,2019,50.0,1.0,1.0,3.0,2150747,1.0,1,1,1,4.0,,-1.0, -1,1970.0,D01,138Â 299Â 388,1.0,8.0,-1.0,1642364,3.0,15,,0.0,2.0,6.0,D01,138Â 299Â 388,1.0
962271,201900003802,10,7,10:34,1,2,2,1.0,6.0,13215,LYON (RUE DE),M,"43,3285700","5,3556500",13,2019,50.0,1.0,1.0,4.0,2150748,10.0,3,3,1,0.0,,5.0,1,1935.0,Z01,138Â 299Â 384,0.0,-1.0,-1.0,1642365,1.0,0,,0.0,1.0,0.0,Z01,138Â 299Â 384,1.0
962272,201900003803,12,23,03:50,5,2,1,1.0,6.0,10362,GENERAL GALLIENI (RUE DU),M,"48,2963700","4,0464200",10,2019,50.0,1.0,1.0,4.0,2150749,1.0,1,3,1,0.0,,-1.0, -1,1996.0,A01,138Â 299Â 383,2.0,0.0,-1.0,1642366,2.0,30,,2.0,0.0,1.0,A01,138Â 299Â 383,1.0
962273,201900003804,12,22,03:25,5,2,1,2.0,6.0,93077,AIME (AVENUE),M,"48,8786000","2,5233100",93,2019,50.0,4.0,2.0,4.0,2150750,1.0,1,4,1,0.0,,-1.0, -1,2000.0,A01,138Â 299Â 382,1.0,0.0,-1.0,1642367,2.0,7,,2.0,0.0,2.0,A01,138Â 299Â 382,0.0
962274,201900003805,8,3,20:25,2,2,2,1.0,3.0,62498,BETHUNE (RTE DE),M,"50,4371690","2,8140560",62,2019,50.0,1.0,1.0,9.0,2150751,1.0,1,1,1,0.0,,-1.0, -1,1986.0,A01,138Â 299Â 380,1.0,0.0,-1.0,1642368,1.0,7,,0.0,2.0,8.0,A01,138Â 299Â 380,1.0
962274,201900003805,8,3,20:25,2,2,2,1.0,3.0,62498,BETHUNE (RTE DE),M,"50,4371690","2,8140560",62,2019,50.0,1.0,1.0,9.0,2150751,1.0,1,1,1,0.0,,-1.0, -1,1986.0,A01,138Â 299Â 380,1.0,0.0,-1.0,1642369,1.0,30,,0.0,2.0,1.0,B01,138Â 299Â 381,1.0
962274,201900003805,8,3,20:25,2,2,2,1.0,3.0,62498,BETHUNE (RTE DE),M,"50,4371690","2,8140560",62,2019,50.0,1.0,1.0,9.0,2150752,2.0,1,4,1,0.0,,-1.0, -1,1986.0,B01,138Â 299Â 381,2.0,0.0,-1.0,1642368,1.0,7,,0.0,2.0,8.0,A01,138Â 299Â 380,1.0
962274,201900003805,8,3,20:25,2,2,2,1.0,3.0,62498,BETHUNE (RTE DE),M,"50,4371690","2,8140560",62,2019,50.0,1.0,1.0,9.0,2150752,2.0,1,4,1,0.0,,-1.0, -1,1986.0,B01,138Â 299Â 381,2.0,0.0,-1.0,1642369,1.0,30,,0.0,2.0,1.0,B01,138Â 299Â 381,1.0
962275,201900003806,1,19,23:15,2,2,3,1.0,6.0,92044,GABRIEL PERI(RUE) 1A23 ET 2A36,M,"48,8982800","2,2943625",92,2019,30.0,1.0,2.0,3.0,2150753,2.0,2,1,2,5.0,,-1.0,0,1980.0,A01,138Â 299Â 378,1.0,0.0,-1.0,1642370,1.0,7,,0.0,2.0,7.0,A01,138Â 299Â 378,0.0
962275,201900003806,1,19,23:15,2,2,3,1.0,6.0,92044,GABRIEL PERI(RUE) 1A23 ET 2A36,M,"48,8982800","2,2943625",92,2019,30.0,1.0,2.0,3.0,2150753,2.0,2,1,2,5.0,,-1.0,0,1980.0,A01,138Â 299Â 378,1.0,0.0,-1.0,1642371,1.0,2,,0.0,2.0,8.0,B01,138Â 299Â 379,0.0
962275,201900003806,1,19,23:15,2,2,3,1.0,6.0,92044,GABRIEL PERI(RUE) 1A23 ET 2A36,M,"48,8982800","2,2943625",92,2019,30.0,1.0,2.0,3.0,2150754,1.0,1,1,1,5.0,,-1.0,0,1965.0,A01,138Â 299Â 378,1.0,0.0,-1.0,1642370,1.0,7,,0.0,2.0,7.0,A01,138Â 299Â 378,0.0
962275,201900003806,1,19,23:15,2,2,3,1.0,6.0,92044,GABRIEL PERI(RUE) 1A23 ET 2A36,M,"48,8982800","2,2943625",92,2019,30.0,1.0,2.0,3.0,2150754,1.0,1,1,1,5.0,,-1.0,0,1965.0,A01,138Â 299Â 378,1.0,0.0,-1.0,1642371,1.0,2,,0.0,2.0,8.0,B01,138Â 299Â 379,0.0
962275,201900003806,1,19,23:15,2,2,3,1.0,6.0,92044,GABRIEL PERI(RUE) 1A23 ET 2A36,M,"48,8982800","2,2943625",92,2019,30.0,1.0,2.0,3.0,2150755,1.0,1,4,1,0.0,,-1.0,0,2000.0,B01,138Â 299Â 379,2.0,0.0,-1.0,1642370,1.0,7,,0.0,2.0,7.0,A01,138Â 299Â 378,0.0
962275,201900003806,1,19,23:15,2,2,3,1.0,6.0,92044,GABRIEL PERI(RUE) 1A23 ET 2A36,M,"48,8982800","2,2943625",92,2019,30.0,1.0,2.0,3.0,2150755,1.0,1,4,1,0.0,,-1.0,0,2000.0,B01,138Â 299Â 379,2.0,0.0,-1.0,1642371,1.0,2,,0.0,2.0,8.0,B01,138Â 299Â 379,0.0
962276,201900003807,12,21,01:25,5,2,2,2.0,3.0,97302,MOLE,M,"4,9378900"," -52,3328440",973,2019,50.0,1.0,2.0,4.0,2150756,1.0,1,3,1,0.0,,-1.0,0,1993.0,A01,138Â 299Â 376,2.0,0.0,-1.0,1642372,2.0,2,,16.0,0.0,1.0,A01,138Â 299Â 376,1.0
962276,201900003807,12,21,01:25,5,2,2,2.0,3.0,97302,MOLE,M,"4,9378900"," -52,3328440",973,2019,50.0,1.0,2.0,4.0,2150756,1.0,1,3,1,0.0,,-1.0,0,1993.0,A01,138Â 299Â 376,2.0,0.0,-1.0,1642373,1.0,7,,0.0,9.0,8.0,B01,138Â 299Â 377,1.0
962276,201900003807,12,21,01:25,5,2,2,2.0,3.0,97302,MOLE,M,"4,9378900"," -52,3328440",973,2019,50.0,1.0,2.0,4.0,2150757,1.0,1,1,1,0.0,,-1.0,0,1999.0,B01,138Â 299Â 377,1.0,0.0,-1.0,1642372,2.0,2,,16.0,0.0,1.0,A01,138Â 299Â 376,1.0
962276,201900003807,12,21,01:25,5,2,2,2.0,3.0,97302,MOLE,M,"4,9378900"," -52,3328440",973,2019,50.0,1.0,2.0,4.0,2150757,1.0,1,1,1,0.0,,-1.0,0,1999.0,B01,138Â 299Â 377,1.0,0.0,-1.0,1642373,1.0,7,,0.0,9.0,8.0,B01,138Â 299Â 377,1.0
962277,201900003808,12,16,17:00,5,2,1,2.0,6.0,91692,CEVENNES (RUE DES),M,"48,6790200","2,1745300",91,2019,45.0,1.0,2.0,4.0,2150758,10.0,3,4,2,0.0,,2.0,3,2005.0,A01,138Â 299Â 375,0.0,-1.0,-1.0,1642374,1.0,7,,0.0,1.0,2.0,A01,138Â 299Â 375,1.0
962277,201900003808,12,16,17:00,5,2,1,2.0,6.0,91692,CEVENNES (RUE DES),M,"48,6790200","2,1745300",91,2019,45.0,1.0,2.0,4.0,2150759,1.0,1,1,2,0.0,,-1.0, -1,1990.0,A01,138Â 299Â 375,1.0,0.0,-1.0,1642374,1.0,7,,0.0,1.0,2.0,A01,138Â 299Â 375,1.0
962278,201900003809,12,21,00:20,5,2,1,2.0,6.0,82121,POULT (QUAI ADOLPHE),M,"44,0116300","1,3465300",82,2019,50.0,1.0,2.0,4.0,2150760,10.0,3,3,1,5.0,,1.0,3,1960.0,A01,138Â 299Â 374,0.0,-1.0,-1.0,1642375,2.0,0,,0.0,1.0,0.0,A01,138Â 299Â 374,1.0
962279,201900003810,12,19,15:50,1,2,1,1.0,2.0,69264,ACACIAS(rue des),M,"45,9924300","4,7048000",69,2019,50.0,1.0,1.0,4.0,2150761,1.0,1,3,2,0.0,,-1.0, -1,2004.0,A01,138Â 299Â 372,2.0,8.0,-1.0,1642376,3.0,30,,0.0,2.0,4.0,A01,138Â 299Â 372,0.0
962279,201900003810,12,19,15:50,1,2,1,1.0,2.0,69264,ACACIAS(rue des),M,"45,9924300","4,7048000",69,2019,50.0,1.0,1.0,4.0,2150761,1.0,1,3,2,0.0,,-1.0, -1,2004.0,A01,138Â 299Â 372,2.0,8.0,-1.0,1642377,3.0,7,,0.0,2.0,4.0,B01,138Â 299Â 373,0.0
962279,201900003810,12,19,15:50,1,2,1,1.0,2.0,69264,ACACIAS(rue des),M,"45,9924300","4,7048000",69,2019,50.0,1.0,1.0,4.0,2150762,1.0,1,1,2,0.0,,-1.0, -1,1995.0,B01,138Â 299Â 373,1.0,8.0,-1.0,1642376,3.0,30,,0.0,2.0,4.0,A01,138Â 299Â 372,0.0
962279,201900003810,12,19,15:50,1,2,1,1.0,2.0,69264,ACACIAS(rue des),M,"45,9924300","4,7048000",69,2019,50.0,1.0,1.0,4.0,2150762,1.0,1,1,2,0.0,,-1.0, -1,1995.0,B01,138Â 299Â 373,1.0,8.0,-1.0,1642377,3.0,7,,0.0,2.0,4.0,B01,138Â 299Â 373,0.0
962280,201900003811,12,22,06:45,3,1,1,2.0,4.0,35238,RN136,M,"48,0811700"," -1,6645100",35,2019,90.0,1.0,2.0,2.0,2150763,1.0,1,4,1,0.0,,-1.0, -1,1970.0,C01,138Â 299Â 369,1.0,0.0,-1.0,1642378,2.0,7,,0.0,2.0,4.0,C01,138Â 299Â 369,1.0
962280,201900003811,12,22,06:45,3,1,1,2.0,4.0,35238,RN136,M,"48,0811700"," -1,6645100",35,2019,90.0,1.0,2.0,2.0,2150763,1.0,1,4,1,0.0,,-1.0, -1,1970.0,C01,138Â 299Â 369,1.0,0.0,-1.0,1642379,2.0,7,,0.0,2.0,1.0,B01,138Â 299Â 370,1.0
962280,201900003811,12,22,06:45,3,1,1,2.0,4.0,35238,RN136,M,"48,0811700"," -1,6645100",35,2019,90.0,1.0,2.0,2.0,2150763,1.0,1,4,1,0.0,,-1.0, -1,1970.0,C01,138Â 299Â 369,1.0,0.0,-1.0,1642380,2.0,7,,3.0,2.0,1.0,A01,138Â 299Â 371,1.0
962280,201900003811,12,22,06:45,3,1,1,2.0,4.0,35238,RN136,M,"48,0811700"," -1,6645100",35,2019,90.0,1.0,2.0,2.0,2150764,1.0,1,4,1,0.0,,-1.0, -1,1997.0,B01,138Â 299Â 370,1.0,0.0,-1.0,1642378,2.0,7,,0.0,2.0,4.0,C01,138Â 299Â 369,1.0
962280,201900003811,12,22,06:45,3,1,1,2.0,4.0,35238,RN136,M,"48,0811700"," -1,6645100",35,2019,90.0,1.0,2.0,2.0,2150764,1.0,1,4,1,0.0,,-1.0, -1,1997.0,B01,138Â 299Â 370,1.0,0.0,-1.0,1642379,2.0,7,,0.0,2.0,1.0,B01,138Â 299Â 370,1.0
962280,201900003811,12,22,06:45,3,1,1,2.0,4.0,35238,RN136,M,"48,0811700"," -1,6645100",35,2019,90.0,1.0,2.0,2.0,2150764,1.0,1,4,1,0.0,,-1.0, -1,1997.0,B01,138Â 299Â 370,1.0,0.0,-1.0,1642380,2.0,7,,3.0,2.0,1.0,A01,138Â 299Â 371,1.0
962280,201900003811,12,22,06:45,3,1,1,2.0,4.0,35238,RN136,M,"48,0811700"," -1,6645100",35,2019,90.0,1.0,2.0,2.0,2150765,2.0,2,3,2,5.0,,-1.0,0,1949.0,A01,138Â 299Â 371,1.0,0.0,-1.0,1642378,2.0,7,,0.0,2.0,4.0,C01,138Â 299Â 369,1.0
962280,201900003811,12,22,06:45,3,1,1,2.0,4.0,35238,RN136,M,"48,0811700"," -1,6645100",35,2019,90.0,1.0,2.0,2.0,2150765,2.0,2,3,2,5.0,,-1.0,0,1949.0,A01,138Â 299Â 371,1.0,0.0,-1.0,1642379,2.0,7,,0.0,2.0,1.0,B01,138Â 299Â 370,1.0
962280,201900003811,12,22,06:45,3,1,1,2.0,4.0,35238,RN136,M,"48,0811700"," -1,6645100",35,2019,90.0,1.0,2.0,2.0,2150765,2.0,2,3,2,5.0,,-1.0,0,1949.0,A01,138Â 299Â 371,1.0,0.0,-1.0,1642380,2.0,7,,3.0,2.0,1.0,A01,138Â 299Â 371,1.0
962280,201900003811,12,22,06:45,3,1,1,2.0,4.0,35238,RN136,M,"48,0811700"," -1,6645100",35,2019,90.0,1.0,2.0,2.0,2150766,1.0,1,1,2,5.0,,-1.0, -1,1972.0,A01,138Â 299Â 371,1.0,4.0,-1.0,1642378,2.0,7,,0.0,2.0,4.0,C01,138Â 299Â 369,1.0
962280,201900003811,12,22,06:45,3,1,1,2.0,4.0,35238,RN136,M,"48,0811700"," -1,6645100",35,2019,90.0,1.0,2.0,2.0,2150766,1.0,1,1,2,5.0,,-1.0, -1,1972.0,A01,138Â 299Â 371,1.0,4.0,-1.0,1642379,2.0,7,,0.0,2.0,1.0,B01,138Â 299Â 370,1.0
962280,201900003811,12,22,06:45,3,1,1,2.0,4.0,35238,RN136,M,"48,0811700"," -1,6645100",35,2019,90.0,1.0,2.0,2.0,2150766,1.0,1,1,2,5.0,,-1.0, -1,1972.0,A01,138Â 299Â 371,1.0,4.0,-1.0,1642380,2.0,7,,3.0,2.0,1.0,A01,138Â 299Â 371,1.0
962281,201900003812,12,12,14:55,1,2,3,1.0,5.0,29254,D 712 B,M,"48,5675313"," -3,8545545",29,2019,50.0,1.0,1.0,2.0,2150767,1.0,1,1,1,1.0,,-1.0,0,1967.0,A01,138Â 299Â 366,8.0,0.0,-1.0,1642381,2.0,7,,0.0,2.0,3.0,A01,138Â 299Â 366,1.0
962281,201900003812,12,12,14:55,1,2,3,1.0,5.0,29254,D 712 B,M,"48,5675313"," -3,8545545",29,2019,50.0,1.0,1.0,2.0,2150767,1.0,1,1,1,1.0,,-1.0,0,1967.0,A01,138Â 299Â 366,8.0,0.0,-1.0,1642382,1.0,14,,0.0,2.0,2.0,C01,138Â 299Â 367,1.0
962281,201900003812,12,12,14:55,1,2,3,1.0,5.0,29254,D 712 B,M,"48,5675313"," -3,8545545",29,2019,50.0,1.0,1.0,2.0,2150767,1.0,1,1,1,1.0,,-1.0,0,1967.0,A01,138Â 299Â 366,8.0,0.0,-1.0,1642383,1.0,10,,0.0,2.0,8.0,B01,138Â 299Â 368,1.0
962281,201900003812,12,12,14:55,1,2,3,1.0,5.0,29254,D 712 B,M,"48,5675313"," -3,8545545",29,2019,50.0,1.0,1.0,2.0,2150768,1.0,1,1,2,4.0,,-1.0,0,1961.0,C01,138Â 299Â 367,1.0,8.0,-1.0,1642381,2.0,7,,0.0,2.0,3.0,A01,138Â 299Â 366,1.0
962281,201900003812,12,12,14:55,1,2,3,1.0,5.0,29254,D 712 B,M,"48,5675313"," -3,8545545",29,2019,50.0,1.0,1.0,2.0,2150768,1.0,1,1,2,4.0,,-1.0,0,1961.0,C01,138Â 299Â 367,1.0,8.0,-1.0,1642382,1.0,14,,0.0,2.0,2.0,C01,138Â 299Â 367,1.0
962281,201900003812,12,12,14:55,1,2,3,1.0,5.0,29254,D 712 B,M,"48,5675313"," -3,8545545",29,2019,50.0,1.0,1.0,2.0,2150768,1.0,1,1,2,4.0,,-1.0,0,1961.0,C01,138Â 299Â 367,1.0,8.0,-1.0,1642383,1.0,10,,0.0,2.0,8.0,B01,138Â 299Â 368,1.0
962281,201900003812,12,12,14:55,1,2,3,1.0,5.0,29254,D 712 B,M,"48,5675313"," -3,8545545",29,2019,50.0,1.0,1.0,2.0,2150769,5.0,2,1,1,9.0,,-1.0,0,2011.0,B01,138Â 299Â 368,8.0,8.0,-1.0,1642381,2.0,7,,0.0,2.0,3.0,A01,138Â 299Â 366,1.0
962281,201900003812,12,12,14:55,1,2,3,1.0,5.0,29254,D 712 B,M,"48,5675313"," -3,8545545",29,2019,50.0,1.0,1.0,2.0,2150769,5.0,2,1,1,9.0,,-1.0,0,2011.0,B01,138Â 299Â 368,8.0,8.0,-1.0,1642382,1.0,14,,0.0,2.0,2.0,C01,138Â 299Â 367,1.0
962281,201900003812,12,12,14:55,1,2,3,1.0,5.0,29254,D 712 B,M,"48,5675313"," -3,8545545",29,2019,50.0,1.0,1.0,2.0,2150769,5.0,2,1,1,9.0,,-1.0,0,2011.0,B01,138Â 299Â 368,8.0,8.0,-1.0,1642383,1.0,10,,0.0,2.0,8.0,B01,138Â 299Â 368,1.0
962281,201900003812,12,12,14:55,1,2,3,1.0,5.0,29254,D 712 B,M,"48,5675313"," -3,8545545",29,2019,50.0,1.0,1.0,2.0,2150770,5.0,2,4,2,9.0,,-1.0,0,1971.0,B01,138Â 299Â 368,8.0,8.0,-1.0,1642381,2.0,7,,0.0,2.0,3.0,A01,138Â 299Â 366,1.0
962281,201900003812,12,12,14:55,1,2,3,1.0,5.0,29254,D 712 B,M,"48,5675313"," -3,8545545",29,2019,50.0,1.0,1.0,2.0,2150770,5.0,2,4,2,9.0,,-1.0,0,1971.0,B01,138Â 299Â 368,8.0,8.0,-1.0,1642382,1.0,14,,0.0,2.0,2.0,C01,138Â 299Â 367,1.0
962281,201900003812,12,12,14:55,1,2,3,1.0,5.0,29254,D 712 B,M,"48,5675313"," -3,8545545",29,2019,50.0,1.0,1.0,2.0,2150770,5.0,2,4,2,9.0,,-1.0,0,1971.0,B01,138Â 299Â 368,8.0,8.0,-1.0,1642383,1.0,10,,0.0,2.0,8.0,B01,138Â 299Â 368,1.0
962281,201900003812,12,12,14:55,1,2,3,1.0,5.0,29254,D 712 B,M,"48,5675313"," -3,8545545",29,2019,50.0,1.0,1.0,2.0,2150771,2.0,2,1,2,4.0,,-1.0,0,1986.0,B01,138Â 299Â 368,8.0,8.0,-1.0,1642381,2.0,7,,0.0,2.0,3.0,A01,138Â 299Â 366,1.0
962281,201900003812,12,12,14:55,1,2,3,1.0,5.0,29254,D 712 B,M,"48,5675313"," -3,8545545",29,2019,50.0,1.0,1.0,2.0,2150771,2.0,2,1,2,4.0,,-1.0,0,1986.0,B01,138Â 299Â 368,8.0,8.0,-1.0,1642382,1.0,14,,0.0,2.0,2.0,C01,138Â 299Â 367,1.0
962281,201900003812,12,12,14:55,1,2,3,1.0,5.0,29254,D 712 B,M,"48,5675313"," -3,8545545",29,2019,50.0,1.0,1.0,2.0,2150771,2.0,2,1,2,4.0,,-1.0,0,1986.0,B01,138Â 299Â 368,8.0,8.0,-1.0,1642383,1.0,10,,0.0,2.0,8.0,B01,138Â 299Â 368,1.0
962281,201900003812,12,12,14:55,1,2,3,1.0,5.0,29254,D 712 B,M,"48,5675313"," -3,8545545",29,2019,50.0,1.0,1.0,2.0,2150772,1.0,1,1,2,4.0,,-1.0,0,1991.0,B01,138Â 299Â 368,1.0,8.0,-1.0,1642381,2.0,7,,0.0,2.0,3.0,A01,138Â 299Â 366,1.0
962281,201900003812,12,12,14:55,1,2,3,1.0,5.0,29254,D 712 B,M,"48,5675313"," -3,8545545",29,2019,50.0,1.0,1.0,2.0,2150772,1.0,1,1,2,4.0,,-1.0,0,1991.0,B01,138Â 299Â 368,1.0,8.0,-1.0,1642382,1.0,14,,0.0,2.0,2.0,C01,138Â 299Â 367,1.0
962281,201900003812,12,12,14:55,1,2,3,1.0,5.0,29254,D 712 B,M,"48,5675313"," -3,8545545",29,2019,50.0,1.0,1.0,2.0,2150772,1.0,1,1,2,4.0,,-1.0,0,1991.0,B01,138Â 299Â 368,1.0,8.0,-1.0,1642383,1.0,10,,0.0,2.0,8.0,B01,138Â 299Â 368,1.0
962282,201900003813,11,20,07:40,5,2,3,1.0,3.0,29151,PARC AU DUC (RUE DU),M,"48,5736588"," -3,8216275",29,2019,30.0,1.0,1.0,4.0,2150773,1.0,1,1,2,5.0,,-1.0,0,1956.0,A01,138Â 299Â 364,1.0,0.0,-1.0,1642384,3.0,7,,0.0,2.0,3.0,A01,138Â 299Â 364,1.0
962282,201900003813,11,20,07:40,5,2,3,1.0,3.0,29151,PARC AU DUC (RUE DU),M,"48,5736588"," -3,8216275",29,2019,30.0,1.0,1.0,4.0,2150773,1.0,1,1,2,5.0,,-1.0,0,1956.0,A01,138Â 299Â 364,1.0,0.0,-1.0,1642385,3.0,2,,0.0,2.0,2.0,B01,138Â 299Â 365,1.0
962282,201900003813,11,20,07:40,5,2,3,1.0,3.0,29151,PARC AU DUC (RUE DU),M,"48,5736588"," -3,8216275",29,2019,30.0,1.0,1.0,4.0,2150774,1.0,1,4,1,2.0,,-1.0,0,2003.0,B01,138Â 299Â 365,2.0,0.0,-1.0,1642384,3.0,7,,0.0,2.0,3.0,A01,138Â 299Â 364,1.0
962282,201900003813,11,20,07:40,5,2,3,1.0,3.0,29151,PARC AU DUC (RUE DU),M,"48,5736588"," -3,8216275",29,2019,30.0,1.0,1.0,4.0,2150774,1.0,1,4,1,2.0,,-1.0,0,2003.0,B01,138Â 299Â 365,2.0,0.0,-1.0,1642385,3.0,2,,0.0,2.0,2.0,B01,138Â 299Â 365,1.0
962283,201900003814,1,31,19:57,5,2,2,2.0,6.0,92044,RASPAIL(RUE) 41A65 ET 32A58,M,"48,8977070","2,2919798",92,2019,50.0,1.0,2.0,4.0,2150775,10.0,3,4,2,0.0,,3.0,3,2001.0,A01,138Â 299Â 363,0.0,-1.0,-1.0,1642386,2.0,10,,0.0,1.0,1.0,A01,138Â 299Â 363,1.0
962283,201900003814,1,31,19:57,5,2,2,2.0,6.0,92044,RASPAIL(RUE) 41A65 ET 32A58,M,"48,8977070","2,2919798",92,2019,50.0,1.0,2.0,4.0,2150776,1.0,1,1,2,1.0,,-1.0,0,1991.0,A01,138Â 299Â 363,1.0,0.0,-1.0,1642386,2.0,10,,0.0,1.0,1.0,A01,138Â 299Â 363,1.0
962284,201900003815,10,10,18:26,1,2,9,1.0,2.0,91340,D26,M,"48,5974120","2,4370340",91,2019,50.0,1.0,1.0,3.0,2150777,1.0,1,3,1,1.0,,0.0,0,1971.0,A01,138Â 299Â 361,2.0,6.0,9.0,1642387,3.0,33,,0.0,2.0,2.0,A01,138Â 299Â 361,1.0
962284,201900003815,10,10,18:26,1,2,9,1.0,2.0,91340,D26,M,"48,5974120","2,4370340",91,2019,50.0,1.0,1.0,3.0,2150777,1.0,1,3,1,1.0,,0.0,0,1971.0,A01,138Â 299Â 361,2.0,6.0,9.0,1642388,0.0,7,,0.0,2.0,7.0,B01,138Â 299Â 362,1.0
962284,201900003815,10,10,18:26,1,2,9,1.0,2.0,91340,D26,M,"48,5974120","2,4370340",91,2019,50.0,1.0,1.0,3.0,2150778,1.0,1,1,1,5.0,,0.0,0,1970.0,B01,138Â 299Â 362,1.0,-1.0,-1.0,1642387,3.0,33,,0.0,2.0,2.0,A01,138Â 299Â 361,1.0
962284,201900003815,10,10,18:26,1,2,9,1.0,2.0,91340,D26,M,"48,5974120","2,4370340",91,2019,50.0,1.0,1.0,3.0,2150778,1.0,1,1,1,5.0,,0.0,0,1970.0,B01,138Â 299Â 362,1.0,-1.0,-1.0,1642388,0.0,7,,0.0,2.0,7.0,B01,138Â 299Â 362,1.0
962285,201900003816,7,13,11:30,1,2,2,1.0,3.0,73008,Place ClÃ©menceau,M,"45,6940523","5,9107943",73,2019,30.0,1.0,1.0,4.0,2150779,1.0,1,3,1,5.0,,0.0,0,1967.0,B01,138Â 299Â 359,-1.0,-1.0,-1.0,1642389,3.0,33,,11.0,2.0,3.0,B01,138Â 299Â 359,1.0
962285,201900003816,7,13,11:30,1,2,2,1.0,3.0,73008,Place ClÃ©menceau,M,"45,6940523","5,9107943",73,2019,30.0,1.0,1.0,4.0,2150779,1.0,1,3,1,5.0,,0.0,0,1967.0,B01,138Â 299Â 359,-1.0,-1.0,-1.0,1642390,2.0,7,,0.0,2.0,3.0,A01,138Â 299Â 360,1.0
962285,201900003816,7,13,11:30,1,2,2,1.0,3.0,73008,Place ClÃ©menceau,M,"45,6940523","5,9107943",73,2019,30.0,1.0,1.0,4.0,2150780,1.0,1,1,1,5.0,,0.0,0,1940.0,A01,138Â 299Â 360,-1.0,-1.0,-1.0,1642389,3.0,33,,11.0,2.0,3.0,B01,138Â 299Â 359,1.0
962285,201900003816,7,13,11:30,1,2,2,1.0,3.0,73008,Place ClÃ©menceau,M,"45,6940523","5,9107943",73,2019,30.0,1.0,1.0,4.0,2150780,1.0,1,1,1,5.0,,0.0,0,1940.0,A01,138Â 299Â 360,-1.0,-1.0,-1.0,1642390,2.0,7,,0.0,2.0,3.0,A01,138Â 299Â 360,1.0
962286,201900003817,12,20,17:45,2,2,1,8.0,7.0,51454,RUE D'AVRANCHES,M,"49,2366307","4,0163333",51,2019,30.0,1.0,2.0,4.0,2150781,10.0,3,4,2,2.0,,3.0,3,2010.0,A01,138Â 299Â 358,8.0,8.0,-1.0,1642391,2.0,7,,0.0,1.0,3.0,A01,138Â 299Â 358,0.0
962287,201900003818,12,19,16:35,5,2,3,1.0,7.0,51454,BOULEVARD CHARLES ARNOULD,M,"49,2669044","4,0161959",51,2019,50.0,1.0,1.0,4.0,2150782,1.0,1,1,1,0.0,,0.0,0,1983.0,A01,138Â 299Â 357,8.0,0.0,-1.0,1642392,3.0,7,,0.0,1.0,2.0,A01,138Â 299Â 357,1.0
962287,201900003818,12,19,16:35,5,2,3,1.0,7.0,51454,BOULEVARD CHARLES ARNOULD,M,"49,2669044","4,0161959",51,2019,50.0,1.0,1.0,4.0,2150783,10.0,3,4,1,0.0,,3.0,5,2008.0,A01,138Â 299Â 357,0.0,-1.0,-1.0,1642392,3.0,7,,0.0,1.0,2.0,A01,138Â 299Â 357,1.0
962288,201900003819,11,16,11:45,1,2,3,8.0,6.0,43157,BELGES (AV. DES),M,"45,0465600","3,8922000",43,2019,50.0,1.0,7.0,2.0,2150784,1.0,1,1,1,0.0,,-1.0,0,1995.0,A01,138Â 299Â 356,1.0,0.0,-1.0,1642393,1.0,7,,0.0,1.0,1.0,A01,138Â 299Â 356,1.0