Unnamed: 0_x,num_acc,mois,jour,hrmn,lum,agg,int,atm,col,com,adr,gps,lat,long,dep,annee,vma,situ,surf,catr,Unnamed: 0_y,place,catu,grav,sexe,trajet,secu,locp,actp,an_nais,num_veh_x,id_vehicule_x,secu1,secu2,secu3,Unnamed: 0,senc,catv,occutc,obs,obsm,choc,num_veh_y,id_vehicule_y,motor
962288,201900003819,11,16,11:45,1,2,3,8.0,6.0,43157,BELGES (AV. DES),M,"45,0465600","3,8922000",43,2019,50.0,1.0,7.0,2.0,2150785,10.0,3,3,2,3.0,,4.0,3,1937.0,A01,138Â 299Â 356,0.0,-1.0,-1.0,1642393,1.0,7,,0.0,1.0,1.0,A01,138Â 299Â 356,1.0
962289,201900003820,11,28,14:50,1,2,1,1.0,6.0,29019,FOCH MARECHAL,M,"48,3952045"," -4,4883240",29,2019,50.0,1.0,2.0,4.0,2150786,1.0,1,1,1,4.0,,0.0,0,1970.0,A01,138Â 299Â 355,1.0,0.0,-1.0,1642394,1.0,7,,0.0,1.0,3.0,A01,138Â 299Â 355,1.0
962289,201900003820,11,28,14:50,1,2,1,1.0,6.0,29019,FOCH MARECHAL,M,"48,3952045"," -4,4883240",29,2019,50.0,1.0,2.0,4.0,2150787,10.0,3,3,2,5.0,,3.0,3,1955.0,A01,138Â 299Â 355,8.0,8.0,-1.0,1642394,1.0,7,,0.0,1.0,3.0,A01,138Â 299Â 355,1.0
962290,201900003821,12,22,04:00,5,2,2,2.0,3.0,69387,GUILLOTIERE (DE LA)                 (GR),M,"45,7521000","4,8466800",69,2019,50.0,1.0,2.0,7.0,2150788,3.0,2,4,2,5.0,,-1.0, -1,1995.0,B01,138Â 299Â 353,8.0,0.0,-1.0,1642395,2.0,7,,0.0,2.0,2.0,B01,138Â 299Â 353,1.0
962290,201900003821,12,22,04:00,5,2,2,2.0,3.0,69387,GUILLOTIERE (DE LA)                 (GR),M,"45,7521000","4,8466800",69,2019,50.0,1.0,2.0,7.0,2150788,3.0,2,4,2,5.0,,-1.0, -1,1995.0,B01,138Â 299Â 353,8.0,0.0,-1.0,1642396,1.0,7,,0.0,2.0,3.0,A01,138Â 299Â 354,1.0
962290,201900003821,12,22,04:00,5,2,2,2.0,3.0,69387,GUILLOTIERE (DE LA)                 (GR),M,"45,7521000","4,8466800",69,2019,50.0,1.0,2.0,7.0,2150789,4.0,2,4,2,5.0,,-1.0, -1,1990.0,B01,138Â 299Â 353,8.0,0.0,-1.0,1642395,2.0,7,,0.0,2.0,2.0,B01,138Â 299Â 353,1.0
962290,201900003821,12,22,04:00,5,2,2,2.0,3.0,69387,GUILLOTIERE (DE LA)                 (GR),M,"45,7521000","4,8466800",69,2019,50.0,1.0,2.0,7.0,2150789,4.0,2,4,2,5.0,,-1.0, -1,1990.0,B01,138Â 299Â 353,8.0,0.0,-1.0,1642396,1.0,7,,0.0,2.0,3.0,A01,138Â 299Â 354,1.0
962290,201900003821,12,22,04:00,5,2,2,2.0,3.0,69387,GUILLOTIERE (DE LA)                 (GR),M,"45,7521000","4,8466800",69,2019,50.0,1.0,2.0,7.0,2150790,1.0,1,4,1,4.0,,-1.0, -1,1990.0,B01,138Â 299Â 353,8.0,0.0,-1.0,1642395,2.0,7,,0.0,2.0,2.0,B01,138Â 299Â 353,1.0
962290,201900003821,12,22,04:00,5,2,2,2.0,3.0,69387,GUILLOTIERE (DE LA)                 (GR),M,"45,7521000","4,8466800",69,2019,50.0,1.0,2.0,7.0,2150790,1.0,1,4,1,4.0,,-1.0, -1,1990.0,B01,138Â 299Â 353,8.0,0.0,-1.0,1642396,1.0,7,,0.0,2.0,3.0,A01,138Â 299Â 354,1.0
962290,201900003821,12,22,04:00,5,2,2,2.0,3.0,69387,GUILLOTIERE (DE LA)                 (GR),M,"45,7521000","4,8466800",69,2019,50.0,1.0,2.0,7.0,2150791,2.0,2,4,2,5.0,,-1.0, -1,1998.0,A01,138Â 299Â 354,8.0,0.0,-1.0,1642395,2.0,7,,0.0,2.0,2.0,B01,138Â 299Â 353,1.0
962290,201900003821,12,22,04:00,5,2,2,2.0,3.0,69387,GUILLOTIERE (DE LA)                 (GR),M,"45,7521000","4,8466800",69,2019,50.0,1.0,2.0,7.0,2150791,2.0,2,4,2,5.0,,-1.0, -1,1998.0,A01,138Â 299Â 354,8.0,0.0,-1.0,1642396,1.0,7,,0.0,2.0,3.0,A01,138Â 299Â 354,1.0
962290,201900003821,12,22,04:00,5,2,2,2.0,3.0,69387,GUILLOTIERE (DE LA)                 (GR),M,"45,7521000","4,8466800",69,2019,50.0,1.0,2.0,7.0,2150792,1.0,1,4,1,5.0,,-1.0, -1,1985.0,A01,138Â 299Â 354,8.0,0.0,-1.0,1642395,2.0,7,,0.0,2.0,2.0,B01,138Â 299Â 353,1.0
962290,201900003821,12,22,04:00,5,2,2,2.0,3.0,69387,GUILLOTIERE (DE LA)                 (GR),M,"45,7521000","4,8466800",69,2019,50.0,1.0,2.0,7.0,2150792,1.0,1,4,1,5.0,,-1.0, -1,1985.0,A01,138Â 299Â 354,8.0,0.0,-1.0,1642396,1.0,7,,0.0,2.0,3.0,A01,138Â 299Â 354,1.0
962291,201900003822,12,2,06:40,5,2,1,1.0,2.0,69382,PASTEUR                             (PT),M,"45,7339900","4,8188200",69,2019,70.0,1.0,1.0,4.0,2150793,1.0,1,4,1,0.0,,-1.0, -1,1961.0,B01,138Â 299Â 351,1.0,8.0,-1.0,1642397,3.0,10,,0.0,2.0,4.0,B01,138Â 299Â 351,1.0
962291,201900003822,12,2,06:40,5,2,1,1.0,2.0,69382,PASTEUR                             (PT),M,"45,7339900","4,8188200",69,2019,70.0,1.0,1.0,4.0,2150793,1.0,1,4,1,0.0,,-1.0, -1,1961.0,B01,138Â 299Â 351,1.0,8.0,-1.0,1642398,3.0,10,,0.0,2.0,1.0,A01,138Â 299Â 352,1.0
962291,201900003822,12,2,06:40,5,2,1,1.0,2.0,69382,PASTEUR                             (PT),M,"45,7339900","4,8188200",69,2019,70.0,1.0,1.0,4.0,2150794,1.0,1,1,1,4.0,,-1.0, -1,1993.0,A01,138Â 299Â 352,1.0,0.0,-1.0,1642397,3.0,10,,0.0,2.0,4.0,B01,138Â 299Â 351,1.0
962291,201900003822,12,2,06:40,5,2,1,1.0,2.0,69382,PASTEUR                             (PT),M,"45,7339900","4,8188200",69,2019,70.0,1.0,1.0,4.0,2150794,1.0,1,1,1,4.0,,-1.0, -1,1993.0,A01,138Â 299Â 352,1.0,0.0,-1.0,1642398,3.0,10,,0.0,2.0,1.0,A01,138Â 299Â 352,1.0
962292,201900003823,12,20,21:50,5,2,1,1.0,6.0,98818,ROUTE DES DEUX VALLEES,M," -22,2651800","166,4469000",988,2019,50.0,1.0,1.0,4.0,2150795,1.0,1,1,1,5.0,,-1.0, -1,1987.0,A01,138Â 299Â 350,1.0,5.0,-1.0,1642399,3.0,7,,13.0,0.0,1.0,A01,138Â 299Â 350,1.0
962292,201900003823,12,20,21:50,5,2,1,1.0,6.0,98818,ROUTE DES DEUX VALLEES,M," -22,2651800","166,4469000",988,2019,50.0,1.0,1.0,4.0,2150796,3.0,2,4,1,5.0,,0.0,0,1988.0,A01,138Â 299Â 350,1.0,1.0,-1.0,1642399,3.0,7,,13.0,0.0,1.0,A01,138Â 299Â 350,1.0
962293,201900003824,10,27,04:40,5,2,1,1.0,6.0,69259,11 NOVEMBRE 1918 (DU)               (AV),M,"45,6898800","4,8649200",69,2019,50.0,4.0,1.0,7.0,2150797,2.0,2,4,1,0.0,,-1.0, -1,2002.0,A01,138Â 299Â 349,8.0,0.0,-1.0,1642400,3.0,7,,15.0,0.0,1.0,A01,138Â 299Â 349,0.0
962293,201900003824,10,27,04:40,5,2,1,1.0,6.0,69259,11 NOVEMBRE 1918 (DU)               (AV),M,"45,6898800","4,8649200",69,2019,50.0,4.0,1.0,7.0,2150798,2.0,2,1,1,0.0,,-1.0,0,2000.0,A01,138Â 299Â 349,8.0,0.0,-1.0,1642400,3.0,7,,15.0,0.0,1.0,A01,138Â 299Â 349,0.0
962293,201900003824,10,27,04:40,5,2,1,1.0,6.0,69259,11 NOVEMBRE 1918 (DU)               (AV),M,"45,6898800","4,8649200",69,2019,50.0,4.0,1.0,7.0,2150799,2.0,2,1,1,0.0,,-1.0, -1,2001.0,A01,138Â 299Â 349,8.0,8.0,-1.0,1642400,3.0,7,,15.0,0.0,1.0,A01,138Â 299Â 349,0.0
962293,201900003824,10,27,04:40,5,2,1,1.0,6.0,69259,11 NOVEMBRE 1918 (DU)               (AV),M,"45,6898800","4,8649200",69,2019,50.0,4.0,1.0,7.0,2150800,2.0,2,1,1,0.0,,-1.0, -1,2001.0,A01,138Â 299Â 349,8.0,0.0,-1.0,1642400,3.0,7,,15.0,0.0,1.0,A01,138Â 299Â 349,0.0
962294,201900003825,12,19,13:15,1,2,9,1.0,6.0,77122,PARKING INTERMARCHE AV. MALRAUX,M,"48,6484500","2,5636900",77,2019,50.0,8.0,1.0,6.0,2150801,1.0,1,1,2,5.0,,-1.0, -1,1977.0,A01,138Â 299Â 348,1.0,0.0,-1.0,1642401,3.0,7,,0.0,1.0,6.0,A01,138Â 299Â 348,1.0
962294,201900003825,12,19,13:15,1,2,9,1.0,6.0,77122,PARKING INTERMARCHE AV. MALRAUX,M,"48,6484500","2,5636900",77,2019,50.0,8.0,1.0,6.0,2150802,10.0,3,3,2,5.0,,2.0,1,1933.0,A01,138Â 299Â 348,0.0,-1.0,-1.0,1642401,3.0,7,,0.0,1.0,6.0,A01,138Â 299Â 348,1.0
962295,201900003826,12,17,08:55,1,2,3,1.0,6.0,77243,D418 X AV DE LA REPUBLIQUE,M,"48,8775200","2,7013700",77,2019,50.0,1.0,1.0,3.0,2150803,1.0,1,1,1,0.0,,-1.0, -1,1951.0,A01,138Â 299Â 347,1.0,0.0,-1.0,1642402,1.0,7,,0.0,1.0,1.0,A01,138Â 299Â 347,1.0
962295,201900003826,12,17,08:55,1,2,3,1.0,6.0,77243,D418 X AV DE LA REPUBLIQUE,M,"48,8775200","2,7013700",77,2019,50.0,1.0,1.0,3.0,2150804,10.0,3,4,2,0.0,,3.0,3,1973.0,A01,138Â 299Â 347,0.0,-1.0,-1.0,1642402,1.0,7,,0.0,1.0,1.0,A01,138Â 299Â 347,1.0
962296,201900003827,12,3,20:45,5,2,2,1.0,3.0,74010,Rue JEAN JAURES X Rue de la Paix,M,"45,9036739","6,1273838",74,2019,30.0,1.0,1.0,4.0,2150805,1.0,1,3,2,0.0,,-1.0, -1,1963.0,B01,138Â 299Â 345,1.0,0.0,-1.0,1642403,1.0,7,,0.0,2.0,8.0,B01,138Â 299Â 345,1.0
962296,201900003827,12,3,20:45,5,2,2,1.0,3.0,74010,Rue JEAN JAURES X Rue de la Paix,M,"45,9036739","6,1273838",74,2019,30.0,1.0,1.0,4.0,2150805,1.0,1,3,2,0.0,,-1.0, -1,1963.0,B01,138Â 299Â 345,1.0,0.0,-1.0,1642404,1.0,30,,0.0,2.0,2.0,A01,138Â 299Â 346,1.0
962296,201900003827,12,3,20:45,5,2,2,1.0,3.0,74010,Rue JEAN JAURES X Rue de la Paix,M,"45,9036739","6,1273838",74,2019,30.0,1.0,1.0,4.0,2150806,1.0,1,3,1,1.0,,-1.0, -1,1984.0,A01,138Â 299Â 346,2.0,0.0,-1.0,1642403,1.0,7,,0.0,2.0,8.0,B01,138Â 299Â 345,1.0
962296,201900003827,12,3,20:45,5,2,2,1.0,3.0,74010,Rue JEAN JAURES X Rue de la Paix,M,"45,9036739","6,1273838",74,2019,30.0,1.0,1.0,4.0,2150806,1.0,1,3,1,1.0,,-1.0, -1,1984.0,A01,138Â 299Â 346,2.0,0.0,-1.0,1642404,1.0,30,,0.0,2.0,2.0,A01,138Â 299Â 346,1.0
962297,201900003828,11,27,19:40,5,2,1,1.0,4.0,69115,ANSE (route d'),M,"45,9724300","4,7170600",69,2019,50.0,1.0,1.0,3.0,2150807,1.0,1,1,1,0.0,,-1.0, -1,1989.0,A01,138Â 299Â 342,1.0,0.0,-1.0,1642405,1.0,7,,0.0,2.0,1.0,A01,138Â 299Â 342,1.0
962297,201900003828,11,27,19:40,5,2,1,1.0,4.0,69115,ANSE (route d'),M,"45,9724300","4,7170600",69,2019,50.0,1.0,1.0,3.0,2150807,1.0,1,1,1,0.0,,-1.0, -1,1989.0,A01,138Â 299Â 342,1.0,0.0,-1.0,1642406,1.0,7,,0.0,2.0,4.0,B01,138Â 299Â 343,1.0
962297,201900003828,11,27,19:40,5,2,1,1.0,4.0,69115,ANSE (route d'),M,"45,9724300","4,7170600",69,2019,50.0,1.0,1.0,3.0,2150807,1.0,1,1,1,0.0,,-1.0, -1,1989.0,A01,138Â 299Â 342,1.0,0.0,-1.0,1642407,1.0,7,,0.0,0.0,4.0,C01,138Â 299Â 344,1.0
962297,201900003828,11,27,19:40,5,2,1,1.0,4.0,69115,ANSE (route d'),M,"45,9724300","4,7170600",69,2019,50.0,1.0,1.0,3.0,2150808,1.0,1,1,2,9.0,,-1.0, -1,1997.0,B01,138Â 299Â 343,1.0,0.0,-1.0,1642405,1.0,7,,0.0,2.0,1.0,A01,138Â 299Â 342,1.0
962297,201900003828,11,27,19:40,5,2,1,1.0,4.0,69115,ANSE (route d'),M,"45,9724300","4,7170600",69,2019,50.0,1.0,1.0,3.0,2150808,1.0,1,1,2,9.0,,-1.0, -1,1997.0,B01,138Â 299Â 343,1.0,0.0,-1.0,1642406,1.0,7,,0.0,2.0,4.0,B01,138Â 299Â 343,1.0
962297,201900003828,11,27,19:40,5,2,1,1.0,4.0,69115,ANSE (route d'),M,"45,9724300","4,7170600",69,2019,50.0,1.0,1.0,3.0,2150808,1.0,1,1,2,9.0,,-1.0, -1,1997.0,B01,138Â 299Â 343,1.0,0.0,-1.0,1642407,1.0,7,,0.0,0.0,4.0,C01,138Â 299Â 344,1.0
962297,201900003828,11,27,19:40,5,2,1,1.0,4.0,69115,ANSE (route d'),M,"45,9724300","4,7170600",69,2019,50.0,1.0,1.0,3.0,2150809,1.0,1,4,1,9.0,,-1.0, -1,1959.0,C01,138Â 299Â 344,1.0,0.0,-1.0,1642405,1.0,7,,0.0,2.0,1.0,A01,138Â 299Â 342,1.0
962297,201900003828,11,27,19:40,5,2,1,1.0,4.0,69115,ANSE (route d'),M,"45,9724300","4,7170600",69,2019,50.0,1.0,1.0,3.0,2150809,1.0,1,4,1,9.0,,-1.0, -1,1959.0,C01,138Â 299Â 344,1.0,0.0,-1.0,1642406,1.0,7,,0.0,2.0,4.0,B01,138Â 299Â 343,1.0
962297,201900003828,11,27,19:40,5,2,1,1.0,4.0,69115,ANSE (route d'),M,"45,9724300","4,7170600",69,2019,50.0,1.0,1.0,3.0,2150809,1.0,1,4,1,9.0,,-1.0, -1,1959.0,C01,138Â 299Â 344,1.0,0.0,-1.0,1642407,1.0,7,,0.0,0.0,4.0,C01,138Â 299Â 344,1.0
962297,201900003828,11,27,19:40,5,2,1,1.0,4.0,69115,ANSE (route d'),M,"45,9724300","4,7170600",69,2019,50.0,1.0,1.0,3.0,2150810,4.0,2,4,2,9.0,,-1.0, -1,2013.0,C01,138Â 299Â 344,1.0,0.0,-1.0,1642405,1.0,7,,0.0,2.0,1.0,A01,138Â 299Â 342,1.0
962297,201900003828,11,27,19:40,5,2,1,1.0,4.0,69115,ANSE (route d'),M,"45,9724300","4,7170600",69,2019,50.0,1.0,1.0,3.0,2150810,4.0,2,4,2,9.0,,-1.0, -1,2013.0,C01,138Â 299Â 344,1.0,0.0,-1.0,1642406,1.0,7,,0.0,2.0,4.0,B01,138Â 299Â 343,1.0
962297,201900003828,11,27,19:40,5,2,1,1.0,4.0,69115,ANSE (route d'),M,"45,9724300","4,7170600",69,2019,50.0,1.0,1.0,3.0,2150810,4.0,2,4,2,9.0,,-1.0, -1,2013.0,C01,138Â 299Â 344,1.0,0.0,-1.0,1642407,1.0,7,,0.0,0.0,4.0,C01,138Â 299Â 344,1.0
962298,201900003829,12,19,08:15,1,2,1,1.0,7.0,54395,NEUVIEME DIVISION DE L'INFANTERIE COLONI,M,"48,6701900","6,1638010",54,2019,30.0,-1.0,1.0,4.0,2150811,10.0,3,4,2,0.0,,3.0,3,1988.0,A01,138Â 299Â 341,0.0,-1.0,-1.0,1642408,1.0,2,,0.0,1.0,1.0,A01,138Â 299Â 341,1.0
962298,201900003829,12,19,08:15,1,2,1,1.0,7.0,54395,NEUVIEME DIVISION DE L'INFANTERIE COLONI,M,"48,6701900","6,1638010",54,2019,30.0,-1.0,1.0,4.0,2150812,10.0,3,4,1,0.0,,3.0,3,2003.0,A01,138Â 299Â 341,0.0,-1.0,-1.0,1642408,1.0,2,,0.0,1.0,1.0,A01,138Â 299Â 341,1.0
962298,201900003829,12,19,08:15,1,2,1,1.0,7.0,54395,NEUVIEME DIVISION DE L'INFANTERIE COLONI,M,"48,6701900","6,1638010",54,2019,30.0,-1.0,1.0,4.0,2150813,1.0,1,1,1,0.0,,-1.0, -1,1987.0,A01,138Â 299Â 341,2.0,0.0,-1.0,1642408,1.0,2,,0.0,1.0,1.0,A01,138Â 299Â 341,1.0
962299,201900003830,12,19,10:25,1,2,1,1.0,7.0,54395,QUATRE EGLISES (RUE,M,"48,6878390","6,1832360",54,2019,30.0,1.0,1.0,4.0,2150814,10.0,3,4,1,0.0,,1.0,3,1997.0,A01,138Â 299Â 340,0.0,-1.0,-1.0,1642409,1.0,7,,0.0,1.0,1.0,A01,138Â 299Â 340,1.0
962299,201900003830,12,19,10:25,1,2,1,1.0,7.0,54395,QUATRE EGLISES (RUE,M,"48,6878390","6,1832360",54,2019,30.0,1.0,1.0,4.0,2150815,1.0,1,1,1,0.0,,-1.0, -1,1977.0,A01,138Â 299Â 340,1.0,0.0,-1.0,1642409,1.0,7,,0.0,1.0,1.0,A01,138Â 299Â 340,1.0
962300,201900003831,12,20,23:50,5,2,1,8.0,3.0,54395,VINGT SIXIEME R.I. (BOULEVARD DU 2 A 44),M,"48,6984730","6,1879500",54,2019,50.0,-1.0,1.0,7.0,2150816,1.0,1,3,1,5.0,,-1.0, -1,2001.0,B01,138Â 299Â 338,1.0,0.0,-1.0,1642410,3.0,7,,0.0,2.0,8.0,B01,138Â 299Â 338,1.0
962300,201900003831,12,20,23:50,5,2,1,8.0,3.0,54395,VINGT SIXIEME R.I. (BOULEVARD DU 2 A 44),M,"48,6984730","6,1879500",54,2019,50.0,-1.0,1.0,7.0,2150816,1.0,1,3,1,5.0,,-1.0, -1,2001.0,B01,138Â 299Â 338,1.0,0.0,-1.0,1642411,3.0,7,,0.0,2.0,1.0,A01,138Â 299Â 339,1.0
962300,201900003831,12,20,23:50,5,2,1,8.0,3.0,54395,VINGT SIXIEME R.I. (BOULEVARD DU 2 A 44),M,"48,6984730","6,1879500",54,2019,50.0,-1.0,1.0,7.0,2150817,1.0,1,1,1,5.0,,-1.0, -1,1986.0,A01,138Â 299Â 339,1.0,0.0,-1.0,1642410,3.0,7,,0.0,2.0,8.0,B01,138Â 299Â 338,1.0
962300,201900003831,12,20,23:50,5,2,1,8.0,3.0,54395,VINGT SIXIEME R.I. (BOULEVARD DU 2 A 44),M,"48,6984730","6,1879500",54,2019,50.0,-1.0,1.0,7.0,2150817,1.0,1,1,1,5.0,,-1.0, -1,1986.0,A01,138Â 299Â 339,1.0,0.0,-1.0,1642411,3.0,7,,0.0,2.0,1.0,A01,138Â 299Â 339,1.0
962301,201900003832,12,19,11:10,1,2,9,1.0,3.0,13208,RABATAU (BOULEVARD),M,"43,2700000","5,3900000",13,2019,30.0,-1.0,1.0,4.0,2150818,1.0,1,4,1,0.0,,-1.0, -1,1956.0,B01,138Â 299Â 336,2.0,8.0,-1.0,1642412,1.0,33,,0.0,2.0,1.0,B01,138Â 299Â 336,1.0
962301,201900003832,12,19,11:10,1,2,9,1.0,3.0,13208,RABATAU (BOULEVARD),M,"43,2700000","5,3900000",13,2019,30.0,-1.0,1.0,4.0,2150818,1.0,1,4,1,0.0,,-1.0, -1,1956.0,B01,138Â 299Â 336,2.0,8.0,-1.0,1642413,1.0,7,,0.0,2.0,3.0,A01,138Â 299Â 337,1.0
962301,201900003832,12,19,11:10,1,2,9,1.0,3.0,13208,RABATAU (BOULEVARD),M,"43,2700000","5,3900000",13,2019,30.0,-1.0,1.0,4.0,2150819,1.0,1,1,1,0.0,,-1.0, -1,1990.0,A01,138Â 299Â 337,1.0,8.0,-1.0,1642412,1.0,33,,0.0,2.0,1.0,B01,138Â 299Â 336,1.0
962301,201900003832,12,19,11:10,1,2,9,1.0,3.0,13208,RABATAU (BOULEVARD),M,"43,2700000","5,3900000",13,2019,30.0,-1.0,1.0,4.0,2150819,1.0,1,1,1,0.0,,-1.0, -1,1990.0,A01,138Â 299Â 337,1.0,8.0,-1.0,1642413,1.0,7,,0.0,2.0,3.0,A01,138Â 299Â 337,1.0
962302,201900003833,12,27,04:20,5,2,1,1.0,7.0,97209,CHEVALIER SAINTE-MARTHE (BOULEVARD),M,"14,6016400"," -61,0673700",972,2019,30.0,-1.0,1.0,4.0,2150820,1.0,1,3,1,0.0,,-1.0, -1,1989.0,A01,138Â 299Â 335,8.0,0.0,-1.0,1642414,0.0,33,,0.0,5.0,1.0,A01,138Â 299Â 335,1.0
962303,201900003834,12,19,11:55,1,2,1,1.0,7.0,76351,GRAVILLE (BD DE),M,"49,5003400","0,1458700",76,2019,50.0,1.0,1.0,4.0,2150821,10.0,3,3,2,0.0,,5.0,9,1950.0,A01,138Â 299Â 334,0.0,-1.0,-1.0,1642415,3.0,7,,0.0,1.0,3.0,A01,138Â 299Â 334,1.0
962303,201900003834,12,19,11:55,1,2,1,1.0,7.0,76351,GRAVILLE (BD DE),M,"49,5003400","0,1458700",76,2019,50.0,1.0,1.0,4.0,2150822,1.0,1,1,1,0.0,,-1.0, -1,1985.0,A01,138Â 299Â 334,1.0,8.0,-1.0,1642415,3.0,7,,0.0,1.0,3.0,A01,138Â 299Â 334,1.0
962304,201900003835,12,24,20:35,5,2,3,8.0,1.0,54580,LIBERATION (AVENUE DE LA),M,"49,4528000","5,9223300",54,2019,50.0,1.0,2.0,4.0,2150823,1.0,1,3,1,5.0,,-1.0, -1,1990.0,A01,138Â 299Â 332,1.0,0.0,-1.0,1642416,2.0,7,,0.0,2.0,1.0,A01,138Â 299Â 332,1.0
962304,201900003835,12,24,20:35,5,2,3,8.0,1.0,54580,LIBERATION (AVENUE DE LA),M,"49,4528000","5,9223300",54,2019,50.0,1.0,2.0,4.0,2150823,1.0,1,3,1,5.0,,-1.0, -1,1990.0,A01,138Â 299Â 332,1.0,0.0,-1.0,1642417,1.0,7,,0.0,2.0,3.0,B01,138Â 299Â 333,1.0
962304,201900003835,12,24,20:35,5,2,3,8.0,1.0,54580,LIBERATION (AVENUE DE LA),M,"49,4528000","5,9223300",54,2019,50.0,1.0,2.0,4.0,2150824,3.0,2,3,1,5.0,,-1.0, -1,1983.0,B01,138Â 299Â 333,1.0,0.0,-1.0,1642416,2.0,7,,0.0,2.0,1.0,A01,138Â 299Â 332,1.0
962304,201900003835,12,24,20:35,5,2,3,8.0,1.0,54580,LIBERATION (AVENUE DE LA),M,"49,4528000","5,9223300",54,2019,50.0,1.0,2.0,4.0,2150824,3.0,2,3,1,5.0,,-1.0, -1,1983.0,B01,138Â 299Â 333,1.0,0.0,-1.0,1642417,1.0,7,,0.0,2.0,3.0,B01,138Â 299Â 333,1.0
962304,201900003835,12,24,20:35,5,2,3,8.0,1.0,54580,LIBERATION (AVENUE DE LA),M,"49,4528000","5,9223300",54,2019,50.0,1.0,2.0,4.0,2150825,2.0,2,4,1,5.0,,-1.0, -1,1992.0,B01,138Â 299Â 333,1.0,0.0,-1.0,1642416,2.0,7,,0.0,2.0,1.0,A01,138Â 299Â 332,1.0
962304,201900003835,12,24,20:35,5,2,3,8.0,1.0,54580,LIBERATION (AVENUE DE LA),M,"49,4528000","5,9223300",54,2019,50.0,1.0,2.0,4.0,2150825,2.0,2,4,1,5.0,,-1.0, -1,1992.0,B01,138Â 299Â 333,1.0,0.0,-1.0,1642417,1.0,7,,0.0,2.0,3.0,B01,138Â 299Â 333,1.0
962304,201900003835,12,24,20:35,5,2,3,8.0,1.0,54580,LIBERATION (AVENUE DE LA),M,"49,4528000","5,9223300",54,2019,50.0,1.0,2.0,4.0,2150826,4.0,2,1,1,5.0,,-1.0, -1,2018.0,B01,138Â 299Â 333,1.0,8.0,-1.0,1642416,2.0,7,,0.0,2.0,1.0,A01,138Â 299Â 332,1.0
962304,201900003835,12,24,20:35,5,2,3,8.0,1.0,54580,LIBERATION (AVENUE DE LA),M,"49,4528000","5,9223300",54,2019,50.0,1.0,2.0,4.0,2150826,4.0,2,1,1,5.0,,-1.0, -1,2018.0,B01,138Â 299Â 333,1.0,8.0,-1.0,1642417,1.0,7,,0.0,2.0,3.0,B01,138Â 299Â 333,1.0
962304,201900003835,12,24,20:35,5,2,3,8.0,1.0,54580,LIBERATION (AVENUE DE LA),M,"49,4528000","5,9223300",54,2019,50.0,1.0,2.0,4.0,2150827,1.0,1,4,1,5.0,,-1.0, -1,1990.0,B01,138Â 299Â 333,1.0,0.0,-1.0,1642416,2.0,7,,0.0,2.0,1.0,A01,138Â 299Â 332,1.0
962304,201900003835,12,24,20:35,5,2,3,8.0,1.0,54580,LIBERATION (AVENUE DE LA),M,"49,4528000","5,9223300",54,2019,50.0,1.0,2.0,4.0,2150827,1.0,1,4,1,5.0,,-1.0, -1,1990.0,B01,138Â 299Â 333,1.0,0.0,-1.0,1642417,1.0,7,,0.0,2.0,3.0,B01,138Â 299Â 333,1.0
962305,201900003836,12,17,16:30,1,2,1,1.0,6.0,35281,CLAUDEL (COURS CAMILLE),M,"48,0813700"," -1,7137600",35,2019,30.0,1.0,1.0,4.0,2150828,10.0,3,4,1,9.0,,3.0,B,2011.0,A01,138Â 299Â 331,0.0,-1.0,-1.0,1642418,0.0,1,,0.0,1.0,1.0,A01,138Â 299Â 331,5.0
962305,201900003836,12,17,16:30,1,2,1,1.0,6.0,35281,CLAUDEL (COURS CAMILLE),M,"48,0813700"," -1,7137600",35,2019,30.0,1.0,1.0,4.0,2150829,1.0,1,1,1,0.0,,-1.0, -1,1990.0,A01,138Â 299Â 331,8.0,0.0,-1.0,1642418,0.0,1,,0.0,1.0,1.0,A01,138Â 299Â 331,5.0
962306,201900003837,9,3,16:03,1,2,4,1.0,3.0,33013,ROUTE NATIONALE 89,M,"44,8688500"," -0,4995700",33,2019,50.0,8.0,1.0,2.0,2150830,1.0,1,3,1,0.0,,-1.0, -1,1996.0,B01,138Â 299Â 329,2.0,6.0,-1.0,1642419,2.0,31,,0.0,2.0,8.0,B01,138Â 299Â 329,1.0
962306,201900003837,9,3,16:03,1,2,4,1.0,3.0,33013,ROUTE NATIONALE 89,M,"44,8688500"," -0,4995700",33,2019,50.0,8.0,1.0,2.0,2150830,1.0,1,3,1,0.0,,-1.0, -1,1996.0,B01,138Â 299Â 329,2.0,6.0,-1.0,1642420,2.0,7,,0.0,2.0,2.0,A01,138Â 299Â 330,1.0