Unnamed: 0_x,num_acc,mois,jour,hrmn,lum,agg,int,atm,col,com,adr,gps,lat,long,dep,annee,vma,situ,surf,catr,Unnamed: 0_y,place,catu,grav,sexe,trajet,secu,locp,actp,an_nais,num_veh_x,id_vehicule_x,secu1,secu2,secu3,Unnamed: 0,senc,catv,occutc,obs,obsm,choc,num_veh_y,id_vehicule_y,motor
962306,201900003837,9,3,16:03,1,2,4,1.0,3.0,33013,ROUTE NATIONALE 89,M,"44,8688500"," -0,4995700",33,2019,50.0,8.0,1.0,2.0,2150831,1.0,1,1,1,0.0,,-1.0, -1,1966.0,A01,138Â 299Â 330,1.0,0.0,-1.0,1642419,2.0,31,,0.0,2.0,8.0,B01,138Â 299Â 329,1.0
962306,201900003837,9,3,16:03,1,2,4,1.0,3.0,33013,ROUTE NATIONALE 89,M,"44,8688500"," -0,4995700",33,2019,50.0,8.0,1.0,2.0,2150831,1.0,1,1,1,0.0,,-1.0, -1,1966.0,A01,138Â 299Â 330,1.0,0.0,-1.0,1642420,2.0,7,,0.0,2.0,2.0,A01,138Â 299Â 330,1.0
962307,201900003838,8,22,06:45,1,2,1,1.0,6.0,33484,27 Avenue du 8 Mai,M,"44,4319180"," -0,4985960",33,2019,50.0,3.0,1.0,3.0,2150832,1.0,1,3,1,1.0,,0.0,0,2000.0,A01,138Â 299Â 328,2.0,6.0,9.0,1642421,2.0,33,,12.0,0.0,1.0,A01,138Â 299Â 328,1.0
962308,201900003839,11,28,17:50,3,2,1,2.0,3.0,29212,Rue des Myosotis,M,"48,3733450"," -4,5883910",29,2019,50.0,1.0,1.0,4.0,2150833,1.0,1,1,1,9.0,,0.0,0,1974.0,A01,138Â 299Â 326,1.0,-1.0,-1.0,1642422,0.0,7,,0.0,9.0,1.0,A01,138Â 299Â 326,1.0
962308,201900003839,11,28,17:50,3,2,1,2.0,3.0,29212,Rue des Myosotis,M,"48,3733450"," -4,5883910",29,2019,50.0,1.0,1.0,4.0,2150833,1.0,1,1,1,9.0,,0.0,0,1974.0,A01,138Â 299Â 326,1.0,-1.0,-1.0,1642423,0.0,1,,0.0,2.0,7.0,B01,138Â 299Â 327,5.0
962308,201900003839,11,28,17:50,3,2,1,2.0,3.0,29212,Rue des Myosotis,M,"48,3733450"," -4,5883910",29,2019,50.0,1.0,1.0,4.0,2150834,1.0,1,4,2,5.0,,0.0,0,2005.0,B01,138Â 299Â 327,2.0,4.0,9.0,1642422,0.0,7,,0.0,9.0,1.0,A01,138Â 299Â 326,1.0
962308,201900003839,11,28,17:50,3,2,1,2.0,3.0,29212,Rue des Myosotis,M,"48,3733450"," -4,5883910",29,2019,50.0,1.0,1.0,4.0,2150834,1.0,1,4,2,5.0,,0.0,0,2005.0,B01,138Â 299Â 327,2.0,4.0,9.0,1642423,0.0,1,,0.0,2.0,7.0,B01,138Â 299Â 327,5.0
962309,201900003840,11,23,16:40,1,1,9,2.0,2.0,29042,D155,M,"48,2635260"," -4,4964770",29,2019,70.0,1.0,2.0,3.0,2150835,1.0,1,1,2,5.0,,0.0,0,1982.0,A01,138Â 299Â 324,1.0,-1.0,-1.0,1642424,1.0,7,,0.0,0.0,6.0,A01,138Â 299Â 324,1.0
962309,201900003840,11,23,16:40,1,1,9,2.0,2.0,29042,D155,M,"48,2635260"," -4,4964770",29,2019,70.0,1.0,2.0,3.0,2150835,1.0,1,1,2,5.0,,0.0,0,1982.0,A01,138Â 299Â 324,1.0,-1.0,-1.0,1642425,1.0,7,,0.0,2.0,2.0,B01,138Â 299Â 325,1.0
962309,201900003840,11,23,16:40,1,1,9,2.0,2.0,29042,D155,M,"48,2635260"," -4,4964770",29,2019,70.0,1.0,2.0,3.0,2150836,7.0,2,1,1,5.0,,0.0,0,2013.0,A01,138Â 299Â 324,1.0,3.0,-1.0,1642424,1.0,7,,0.0,0.0,6.0,A01,138Â 299Â 324,1.0
962309,201900003840,11,23,16:40,1,1,9,2.0,2.0,29042,D155,M,"48,2635260"," -4,4964770",29,2019,70.0,1.0,2.0,3.0,2150836,7.0,2,1,1,5.0,,0.0,0,2013.0,A01,138Â 299Â 324,1.0,3.0,-1.0,1642425,1.0,7,,0.0,2.0,2.0,B01,138Â 299Â 325,1.0
962309,201900003840,11,23,16:40,1,1,9,2.0,2.0,29042,D155,M,"48,2635260"," -4,4964770",29,2019,70.0,1.0,2.0,3.0,2150837,9.0,2,3,1,5.0,,0.0,0,2015.0,A01,138Â 299Â 324,1.0,3.0,-1.0,1642424,1.0,7,,0.0,0.0,6.0,A01,138Â 299Â 324,1.0
962309,201900003840,11,23,16:40,1,1,9,2.0,2.0,29042,D155,M,"48,2635260"," -4,4964770",29,2019,70.0,1.0,2.0,3.0,2150837,9.0,2,3,1,5.0,,0.0,0,2015.0,A01,138Â 299Â 324,1.0,3.0,-1.0,1642425,1.0,7,,0.0,2.0,2.0,B01,138Â 299Â 325,1.0
962309,201900003840,11,23,16:40,1,1,9,2.0,2.0,29042,D155,M,"48,2635260"," -4,4964770",29,2019,70.0,1.0,2.0,3.0,2150838,1.0,1,1,1,3.0,,0.0,0,1970.0,B01,138Â 299Â 325,1.0,-1.0,-1.0,1642424,1.0,7,,0.0,0.0,6.0,A01,138Â 299Â 324,1.0
962309,201900003840,11,23,16:40,1,1,9,2.0,2.0,29042,D155,M,"48,2635260"," -4,4964770",29,2019,70.0,1.0,2.0,3.0,2150838,1.0,1,1,1,3.0,,0.0,0,1970.0,B01,138Â 299Â 325,1.0,-1.0,-1.0,1642425,1.0,7,,0.0,2.0,2.0,B01,138Â 299Â 325,1.0
962309,201900003840,11,23,16:40,1,1,9,2.0,2.0,29042,D155,M,"48,2635260"," -4,4964770",29,2019,70.0,1.0,2.0,3.0,2150839,2.0,2,1,2,5.0,,0.0,0,2003.0,B01,138Â 299Â 325,1.0,-1.0,-1.0,1642424,1.0,7,,0.0,0.0,6.0,A01,138Â 299Â 324,1.0
962309,201900003840,11,23,16:40,1,1,9,2.0,2.0,29042,D155,M,"48,2635260"," -4,4964770",29,2019,70.0,1.0,2.0,3.0,2150839,2.0,2,1,2,5.0,,0.0,0,2003.0,B01,138Â 299Â 325,1.0,-1.0,-1.0,1642425,1.0,7,,0.0,2.0,2.0,B01,138Â 299Â 325,1.0
962310,201900003841,12,21,16:10,1,1,1,1.0,2.0,13214,A507 sens Marseille - Aubagne,M,"43,3326410","5,3855870",13,2019,70.0,1.0,1.0,1.0,2150840,2.0,2,4,1,0.0,,-1.0, -1,2000.0,B01,138Â 299Â 322,8.0,0.0,-1.0,1642426,1.0,7,,0.0,2.0,4.0,B01,138Â 299Â 322,1.0
962310,201900003841,12,21,16:10,1,1,1,1.0,2.0,13214,A507 sens Marseille - Aubagne,M,"43,3326410","5,3855870",13,2019,70.0,1.0,1.0,1.0,2150840,2.0,2,4,1,0.0,,-1.0, -1,2000.0,B01,138Â 299Â 322,8.0,0.0,-1.0,1642427,1.0,7,,0.0,2.0,1.0,A01,138Â 299Â 323,1.0
962310,201900003841,12,21,16:10,1,1,1,1.0,2.0,13214,A507 sens Marseille - Aubagne,M,"43,3326410","5,3855870",13,2019,70.0,1.0,1.0,1.0,2150841,1.0,1,4,1,0.0,,-1.0, -1,2000.0,B01,138Â 299Â 322,8.0,0.0,-1.0,1642426,1.0,7,,0.0,2.0,4.0,B01,138Â 299Â 322,1.0
962310,201900003841,12,21,16:10,1,1,1,1.0,2.0,13214,A507 sens Marseille - Aubagne,M,"43,3326410","5,3855870",13,2019,70.0,1.0,1.0,1.0,2150841,1.0,1,4,1,0.0,,-1.0, -1,2000.0,B01,138Â 299Â 322,8.0,0.0,-1.0,1642427,1.0,7,,0.0,2.0,1.0,A01,138Â 299Â 323,1.0
962310,201900003841,12,21,16:10,1,1,1,1.0,2.0,13214,A507 sens Marseille - Aubagne,M,"43,3326410","5,3855870",13,2019,70.0,1.0,1.0,1.0,2150842,1.0,1,1,2,0.0,,-1.0, -1,1995.0,A01,138Â 299Â 323,8.0,0.0,-1.0,1642426,1.0,7,,0.0,2.0,4.0,B01,138Â 299Â 322,1.0
962310,201900003841,12,21,16:10,1,1,1,1.0,2.0,13214,A507 sens Marseille - Aubagne,M,"43,3326410","5,3855870",13,2019,70.0,1.0,1.0,1.0,2150842,1.0,1,1,2,0.0,,-1.0, -1,1995.0,A01,138Â 299Â 323,8.0,0.0,-1.0,1642427,1.0,7,,0.0,2.0,1.0,A01,138Â 299Â 323,1.0
962311,201900003842,12,17,05:40,5,2,1,1.0,3.0,75119,BD PERIPHERIQUE INTERIEUR,M,"48,8788790","2,4079060",75,2019,70.0,1.0,1.0,4.0,2150843,1.0,1,1,2,9.0,,0.0,0,1972.0,A01,138Â 299Â 318,1.0,0.0,-1.0,1642428,1.0,7,,0.0,2.0,4.0,A01,138Â 299Â 318,1.0
962311,201900003842,12,17,05:40,5,2,1,1.0,3.0,75119,BD PERIPHERIQUE INTERIEUR,M,"48,8788790","2,4079060",75,2019,70.0,1.0,1.0,4.0,2150843,1.0,1,1,2,9.0,,0.0,0,1972.0,A01,138Â 299Â 318,1.0,0.0,-1.0,1642429,1.0,33,,0.0,2.0,1.0,B01,138Â 299Â 319,1.0
962311,201900003842,12,17,05:40,5,2,1,1.0,3.0,75119,BD PERIPHERIQUE INTERIEUR,M,"48,8788790","2,4079060",75,2019,70.0,1.0,1.0,4.0,2150844,1.0,1,3,1,0.0,,-1.0,0,1994.0,B01,138Â 299Â 319,2.0,6.0,-1.0,1642428,1.0,7,,0.0,2.0,4.0,A01,138Â 299Â 318,1.0
962311,201900003842,12,17,05:40,5,2,1,1.0,3.0,75119,BD PERIPHERIQUE INTERIEUR,M,"48,8788790","2,4079060",75,2019,70.0,1.0,1.0,4.0,2150844,1.0,1,3,1,0.0,,-1.0,0,1994.0,B01,138Â 299Â 319,2.0,6.0,-1.0,1642429,1.0,33,,0.0,2.0,1.0,B01,138Â 299Â 319,1.0
962312,201900003843,10,16,23:25,5,2,6,1.0,6.0,29019,SALAUN PENQUER,M,"48,3828682"," -4,4880967",29,2019,30.0,1.0,1.0,4.0,2150845,10.0,3,3,1,1.0,,2.0,0,1997.0,A01,138Â 299Â 317,0.0,-1.0,-1.0,1642430,1.0,7,,0.0,1.0,1.0,A01,138Â 299Â 317,1.0
962312,201900003843,10,16,23:25,5,2,6,1.0,6.0,29019,SALAUN PENQUER,M,"48,3828682"," -4,4880967",29,2019,30.0,1.0,1.0,4.0,2150846,1.0,1,1,1,5.0,,-1.0,0,1997.0,A01,138Â 299Â 317,1.0,8.0,-1.0,1642430,1.0,7,,0.0,1.0,1.0,A01,138Â 299Â 317,1.0
962313,201900003844,10,10,18:15,1,2,1,1.0,6.0,29019,PRIGENT TANGUY (RP CARREFOUR A RUE MESNO,M,"48,3986000"," -4,5288000",29,2019,50.0,1.0,1.0,4.0,2150847,10.0,3,4,1,0.0,,1.0,3,2004.0,A01,138Â 299Â 316,8.0,8.0,-1.0,1642431,1.0,7,,0.0,1.0,1.0,A01,138Â 299Â 316,1.0
962313,201900003844,10,10,18:15,1,2,1,1.0,6.0,29019,PRIGENT TANGUY (RP CARREFOUR A RUE MESNO,M,"48,3986000"," -4,5288000",29,2019,50.0,1.0,1.0,4.0,2150848,1.0,1,1,1,9.0,,-1.0,0,1998.0,A01,138Â 299Â 316,1.0,0.0,-1.0,1642431,1.0,7,,0.0,1.0,1.0,A01,138Â 299Â 316,1.0
962314,201900003845,9,26,09:00,1,2,6,1.0,7.0,29019,PEN AR CH'LEUZ,M,"48,4145000"," -4,4786000",29,2019,50.0,1.0,2.0,4.0,2150849,1.0,1,4,2,1.0,,-1.0,0,1987.0,A01,138Â 299Â 315,1.0,8.0,-1.0,1642432,1.0,7,,4.0,0.0,1.0,A01,138Â 299Â 315,1.0
962315,201900003846,9,17,14:40,1,2,1,1.0,1.0,29019,PRIGENT TANGUY (DE MESNOS A PONT LA VILL,M,"48,3993087"," -4,5273486",29,2019,50.0,1.0,1.0,4.0,2150850,1.0,1,4,2,9.0,,-1.0,0,1943.0,B01,138Â 299Â 313,1.0,0.0,-1.0,1642433,2.0,7,,0.0,2.0,1.0,B01,138Â 299Â 313,1.0
962315,201900003846,9,17,14:40,1,2,1,1.0,1.0,29019,PRIGENT TANGUY (DE MESNOS A PONT LA VILL,M,"48,3993087"," -4,5273486",29,2019,50.0,1.0,1.0,4.0,2150850,1.0,1,4,2,9.0,,-1.0,0,1943.0,B01,138Â 299Â 313,1.0,0.0,-1.0,1642434,1.0,7,,0.0,2.0,3.0,A01,138Â 299Â 314,1.0
962315,201900003846,9,17,14:40,1,2,1,1.0,1.0,29019,PRIGENT TANGUY (DE MESNOS A PONT LA VILL,M,"48,3993087"," -4,5273486",29,2019,50.0,1.0,1.0,4.0,2150851,1.0,1,4,1,9.0,,0.0,0,1994.0,A01,138Â 299Â 314,1.0,8.0,-1.0,1642433,2.0,7,,0.0,2.0,1.0,B01,138Â 299Â 313,1.0
962315,201900003846,9,17,14:40,1,2,1,1.0,1.0,29019,PRIGENT TANGUY (DE MESNOS A PONT LA VILL,M,"48,3993087"," -4,5273486",29,2019,50.0,1.0,1.0,4.0,2150851,1.0,1,4,1,9.0,,0.0,0,1994.0,A01,138Â 299Â 314,1.0,8.0,-1.0,1642434,1.0,7,,0.0,2.0,3.0,A01,138Â 299Â 314,1.0
962315,201900003846,9,17,14:40,1,2,1,1.0,1.0,29019,PRIGENT TANGUY (DE MESNOS A PONT LA VILL,M,"48,3993087"," -4,5273486",29,2019,50.0,1.0,1.0,4.0,2150852,2.0,2,4,1,9.0,,-1.0,0,1997.0,A01,138Â 299Â 314,1.0,8.0,-1.0,1642433,2.0,7,,0.0,2.0,1.0,B01,138Â 299Â 313,1.0
962315,201900003846,9,17,14:40,1,2,1,1.0,1.0,29019,PRIGENT TANGUY (DE MESNOS A PONT LA VILL,M,"48,3993087"," -4,5273486",29,2019,50.0,1.0,1.0,4.0,2150852,2.0,2,4,1,9.0,,-1.0,0,1997.0,A01,138Â 299Â 314,1.0,8.0,-1.0,1642434,1.0,7,,0.0,2.0,3.0,A01,138Â 299Â 314,1.0
962316,201900003847,6,30,22:30,5,2,4,1.0,6.0,93057,CASANOVA ( AL. DANIELLE) 91 A FIN,M,"48,9053200","2,4987500",93,2019,30.0,1.0,1.0,4.0,2150853,1.0,1,2,1,0.0,,-1.0, -1,1994.0,A01,138Â 299Â 310,2.0,6.0,-1.0,1642435,2.0,33,,1.0,0.0,1.0,A01,138Â 299Â 310,1.0
962317,201900003848,12,24,11:00,1,2,6,1.0,7.0,05061,COMMANDANT DUMONT ( AVENUE),M,"44,5639576","6,0838602",5,2019,50.0,1.0,1.0,2.0,2150854,10.0,3,4,1,5.0,,3.0,3,1943.0,A01,138Â 299Â 309,0.0,-1.0,-1.0,1642436,2.0,7,,0.0,1.0,1.0,A01,138Â 299Â 309,1.0
962317,201900003848,12,24,11:00,1,2,6,1.0,7.0,05061,COMMANDANT DUMONT ( AVENUE),M,"44,5639576","6,0838602",5,2019,50.0,1.0,1.0,2.0,2150855,1.0,1,1,1,5.0,,-1.0,0,1956.0,A01,138Â 299Â 309,1.0,0.0,-1.0,1642436,2.0,7,,0.0,1.0,1.0,A01,138Â 299Â 309,1.0
962318,201900003849,11,8,17:35,2,1,1,1.0,1.0,30279,DÃ©partementale 6,M,"44,1296730","4,4353980",30,2019,80.0,1.0,1.0,3.0,2150856,1.0,1,3,2,1.0,,0.0,0,1975.0,B01,138Â 299Â 307,1.0,-1.0,-1.0,1642437,3.0,7,,0.0,2.0,3.0,B01,138Â 299Â 307,1.0
962318,201900003849,11,8,17:35,2,1,1,1.0,1.0,30279,DÃ©partementale 6,M,"44,1296730","4,4353980",30,2019,80.0,1.0,1.0,3.0,2150856,1.0,1,3,2,1.0,,0.0,0,1975.0,B01,138Â 299Â 307,1.0,-1.0,-1.0,1642438,3.0,7,,0.0,2.0,3.0,A01,138Â 299Â 308,1.0
962318,201900003849,11,8,17:35,2,1,1,1.0,1.0,30279,DÃ©partementale 6,M,"44,1296730","4,4353980",30,2019,80.0,1.0,1.0,3.0,2150857,1.0,1,3,1,5.0,,0.0,0,1945.0,A01,138Â 299Â 308,1.0,-1.0,-1.0,1642437,3.0,7,,0.0,2.0,3.0,B01,138Â 299Â 307,1.0
962318,201900003849,11,8,17:35,2,1,1,1.0,1.0,30279,DÃ©partementale 6,M,"44,1296730","4,4353980",30,2019,80.0,1.0,1.0,3.0,2150857,1.0,1,3,1,5.0,,0.0,0,1945.0,A01,138Â 299Â 308,1.0,-1.0,-1.0,1642438,3.0,7,,0.0,2.0,3.0,A01,138Â 299Â 308,1.0
962319,201900003850,5,21,19:05,1,2,2,1.0,3.0,22215,CROIX FICHET (RUE DE LA),M,"48,4921302"," -2,7951021",22,2019,50.0,1.0,1.0,4.0,2150858,1.0,1,1,1,5.0,,0.0,0,1977.0,A01,138Â 299Â 305,1.0,0.0,-1.0,1642439,1.0,10,,0.0,2.0,3.0,A01,138Â 299Â 305,1.0
962319,201900003850,5,21,19:05,1,2,2,1.0,3.0,22215,CROIX FICHET (RUE DE LA),M,"48,4921302"," -2,7951021",22,2019,50.0,1.0,1.0,4.0,2150858,1.0,1,1,1,5.0,,0.0,0,1977.0,A01,138Â 299Â 305,1.0,0.0,-1.0,1642440,1.0,30,,0.0,2.0,7.0,B01,138Â 299Â 306,1.0
962319,201900003850,5,21,19:05,1,2,2,1.0,3.0,22215,CROIX FICHET (RUE DE LA),M,"48,4921302"," -2,7951021",22,2019,50.0,1.0,1.0,4.0,2150859,1.0,1,4,2,0.0,,0.0,0,2000.0,B01,138Â 299Â 306,2.0,0.0,-1.0,1642439,1.0,10,,0.0,2.0,3.0,A01,138Â 299Â 305,1.0
962319,201900003850,5,21,19:05,1,2,2,1.0,3.0,22215,CROIX FICHET (RUE DE LA),M,"48,4921302"," -2,7951021",22,2019,50.0,1.0,1.0,4.0,2150859,1.0,1,4,2,0.0,,0.0,0,2000.0,B01,138Â 299Â 306,2.0,0.0,-1.0,1642440,1.0,30,,0.0,2.0,7.0,B01,138Â 299Â 306,1.0
962320,201900003851,12,30,01:45,3,1,1,1.0,2.0,31555,VA007331 A620,M,"43,6143000","1,4179700",31,2019,90.0,1.0,1.0,1.0,2150860,1.0,1,1,1,9.0,,-1.0, -1,1967.0,B01,138Â 299Â 303,1.0,0.0,-1.0,1642441,1.0,7,,0.0,2.0,4.0,B01,138Â 299Â 303,1.0
962320,201900003851,12,30,01:45,3,1,1,1.0,2.0,31555,VA007331 A620,M,"43,6143000","1,4179700",31,2019,90.0,1.0,1.0,1.0,2150860,1.0,1,1,1,9.0,,-1.0, -1,1967.0,B01,138Â 299Â 303,1.0,0.0,-1.0,1642442,1.0,10,,0.0,2.0,1.0,A01,138Â 299Â 304,1.0
962320,201900003851,12,30,01:45,3,1,1,1.0,2.0,31555,VA007331 A620,M,"43,6143000","1,4179700",31,2019,90.0,1.0,1.0,1.0,2150861,1.0,1,3,2,9.0,,-1.0, -1,1986.0,A01,138Â 299Â 304,1.0,8.0,-1.0,1642441,1.0,7,,0.0,2.0,4.0,B01,138Â 299Â 303,1.0
962320,201900003851,12,30,01:45,3,1,1,1.0,2.0,31555,VA007331 A620,M,"43,6143000","1,4179700",31,2019,90.0,1.0,1.0,1.0,2150861,1.0,1,3,2,9.0,,-1.0, -1,1986.0,A01,138Â 299Â 304,1.0,8.0,-1.0,1642442,1.0,10,,0.0,2.0,1.0,A01,138Â 299Â 304,1.0
962321,201900003852,9,20,08:05,1,2,2,1.0,3.0,75111,AVENUE DE LA REPUBLIQUE,M,"48,8660025","2,3706578",75,2019,30.0,1.0,1.0,4.0,2150862,1.0,1,4,2,1.0,,0.0,0,1988.0,A01,138Â 299Â 299,8.0,2.0,-1.0,1642443,2.0,1,,0.0,2.0,1.0,A01,138Â 299Â 299,5.0
962321,201900003852,9,20,08:05,1,2,2,1.0,3.0,75111,AVENUE DE LA REPUBLIQUE,M,"48,8660025","2,3706578",75,2019,30.0,1.0,1.0,4.0,2150862,1.0,1,4,2,1.0,,0.0,0,1988.0,A01,138Â 299Â 299,8.0,2.0,-1.0,1642444,2.0,7,,0.0,2.0,3.0,B01,138Â 299Â 300,1.0
962321,201900003852,9,20,08:05,1,2,2,1.0,3.0,75111,AVENUE DE LA REPUBLIQUE,M,"48,8660025","2,3706578",75,2019,30.0,1.0,1.0,4.0,2150863,1.0,1,1,1,4.0,,0.0,0,1960.0,B01,138Â 299Â 300,1.0,0.0,-1.0,1642443,2.0,1,,0.0,2.0,1.0,A01,138Â 299Â 299,5.0
962321,201900003852,9,20,08:05,1,2,2,1.0,3.0,75111,AVENUE DE LA REPUBLIQUE,M,"48,8660025","2,3706578",75,2019,30.0,1.0,1.0,4.0,2150863,1.0,1,1,1,4.0,,0.0,0,1960.0,B01,138Â 299Â 300,1.0,0.0,-1.0,1642444,2.0,7,,0.0,2.0,3.0,B01,138Â 299Â 300,1.0
962322,201900003853,11,9,22:50,3,1,9,8.0,6.0,29189,Plougastel-Daoulas,M,"48,3830260"," -4,3513260",29,2019,110.0,1.0,2.0,2.0,2150864,2.0,2,1,1,5.0,,0.0,0,1944.0,A01,138Â 299Â 295,1.0,-1.0,-1.0,1642445,1.0,7,,0.0,1.0,1.0,A01,138Â 299Â 295,1.0
962322,201900003853,11,9,22:50,3,1,9,8.0,6.0,29189,Plougastel-Daoulas,M,"48,3830260"," -4,3513260",29,2019,110.0,1.0,2.0,2.0,2150864,2.0,2,1,1,5.0,,0.0,0,1944.0,A01,138Â 299Â 295,1.0,-1.0,-1.0,1642446,1.0,7,,0.0,1.0,1.0,B01,138Â 299Â 296,1.0
962322,201900003853,11,9,22:50,3,1,9,8.0,6.0,29189,Plougastel-Daoulas,M,"48,3830260"," -4,3513260",29,2019,110.0,1.0,2.0,2.0,2150864,2.0,2,1,1,5.0,,0.0,0,1944.0,A01,138Â 299Â 295,1.0,-1.0,-1.0,1642447,1.0,7,,0.0,1.0,1.0,C01,138Â 299Â 297,1.0
962322,201900003853,11,9,22:50,3,1,9,8.0,6.0,29189,Plougastel-Daoulas,M,"48,3830260"," -4,3513260",29,2019,110.0,1.0,2.0,2.0,2150864,2.0,2,1,1,5.0,,0.0,0,1944.0,A01,138Â 299Â 295,1.0,-1.0,-1.0,1642448,1.0,7,,0.0,1.0,1.0,D01,138Â 299Â 298,1.0
962322,201900003853,11,9,22:50,3,1,9,8.0,6.0,29189,Plougastel-Daoulas,M,"48,3830260"," -4,3513260",29,2019,110.0,1.0,2.0,2.0,2150865,10.0,3,2,1,0.0,,1.0,3,1983.0,A01,138Â 299Â 295,0.0,-1.0,-1.0,1642445,1.0,7,,0.0,1.0,1.0,A01,138Â 299Â 295,1.0
962322,201900003853,11,9,22:50,3,1,9,8.0,6.0,29189,Plougastel-Daoulas,M,"48,3830260"," -4,3513260",29,2019,110.0,1.0,2.0,2.0,2150865,10.0,3,2,1,0.0,,1.0,3,1983.0,A01,138Â 299Â 295,0.0,-1.0,-1.0,1642446,1.0,7,,0.0,1.0,1.0,B01,138Â 299Â 296,1.0
962322,201900003853,11,9,22:50,3,1,9,8.0,6.0,29189,Plougastel-Daoulas,M,"48,3830260"," -4,3513260",29,2019,110.0,1.0,2.0,2.0,2150865,10.0,3,2,1,0.0,,1.0,3,1983.0,A01,138Â 299Â 295,0.0,-1.0,-1.0,1642447,1.0,7,,0.0,1.0,1.0,C01,138Â 299Â 297,1.0
962322,201900003853,11,9,22:50,3,1,9,8.0,6.0,29189,Plougastel-Daoulas,M,"48,3830260"," -4,3513260",29,2019,110.0,1.0,2.0,2.0,2150865,10.0,3,2,1,0.0,,1.0,3,1983.0,A01,138Â 299Â 295,0.0,-1.0,-1.0,1642448,1.0,7,,0.0,1.0,1.0,D01,138Â 299Â 298,1.0
962322,201900003853,11,9,22:50,3,1,9,8.0,6.0,29189,Plougastel-Daoulas,M,"48,3830260"," -4,3513260",29,2019,110.0,1.0,2.0,2.0,2150866,1.0,1,1,2,5.0,,0.0,0,1947.0,A01,138Â 299Â 295,1.0,-1.0,-1.0,1642445,1.0,7,,0.0,1.0,1.0,A01,138Â 299Â 295,1.0
962322,201900003853,11,9,22:50,3,1,9,8.0,6.0,29189,Plougastel-Daoulas,M,"48,3830260"," -4,3513260",29,2019,110.0,1.0,2.0,2.0,2150866,1.0,1,1,2,5.0,,0.0,0,1947.0,A01,138Â 299Â 295,1.0,-1.0,-1.0,1642446,1.0,7,,0.0,1.0,1.0,B01,138Â 299Â 296,1.0
962322,201900003853,11,9,22:50,3,1,9,8.0,6.0,29189,Plougastel-Daoulas,M,"48,3830260"," -4,3513260",29,2019,110.0,1.0,2.0,2.0,2150866,1.0,1,1,2,5.0,,0.0,0,1947.0,A01,138Â 299Â 295,1.0,-1.0,-1.0,1642447,1.0,7,,0.0,1.0,1.0,C01,138Â 299Â 297,1.0
962322,201900003853,11,9,22:50,3,1,9,8.0,6.0,29189,Plougastel-Daoulas,M,"48,3830260"," -4,3513260",29,2019,110.0,1.0,2.0,2.0,2150866,1.0,1,1,2,5.0,,0.0,0,1947.0,A01,138Â 299Â 295,1.0,-1.0,-1.0,1642448,1.0,7,,0.0,1.0,1.0,D01,138Â 299Â 298,1.0
962322,201900003853,11,9,22:50,3,1,9,8.0,6.0,29189,Plougastel-Daoulas,M,"48,3830260"," -4,3513260",29,2019,110.0,1.0,2.0,2.0,2150867,1.0,1,1,1,5.0,,0.0,0,1991.0,B01,138Â 299Â 296,1.0,-1.0,-1.0,1642445,1.0,7,,0.0,1.0,1.0,A01,138Â 299Â 295,1.0
962322,201900003853,11,9,22:50,3,1,9,8.0,6.0,29189,Plougastel-Daoulas,M,"48,3830260"," -4,3513260",29,2019,110.0,1.0,2.0,2.0,2150867,1.0,1,1,1,5.0,,0.0,0,1991.0,B01,138Â 299Â 296,1.0,-1.0,-1.0,1642446,1.0,7,,0.0,1.0,1.0,B01,138Â 299Â 296,1.0
962322,201900003853,11,9,22:50,3,1,9,8.0,6.0,29189,Plougastel-Daoulas,M,"48,3830260"," -4,3513260",29,2019,110.0,1.0,2.0,2.0,2150867,1.0,1,1,1,5.0,,0.0,0,1991.0,B01,138Â 299Â 296,1.0,-1.0,-1.0,1642447,1.0,7,,0.0,1.0,1.0,C01,138Â 299Â 297,1.0
962322,201900003853,11,9,22:50,3,1,9,8.0,6.0,29189,Plougastel-Daoulas,M,"48,3830260"," -4,3513260",29,2019,110.0,1.0,2.0,2.0,2150867,1.0,1,1,1,5.0,,0.0,0,1991.0,B01,138Â 299Â 296,1.0,-1.0,-1.0,1642448,1.0,7,,0.0,1.0,1.0,D01,138Â 299Â 298,1.0
962322,201900003853,11,9,22:50,3,1,9,8.0,6.0,29189,Plougastel-Daoulas,M,"48,3830260"," -4,3513260",29,2019,110.0,1.0,2.0,2.0,2150868,2.0,2,1,1,5.0,,0.0,0,1992.0,B01,138Â 299Â 296,1.0,-1.0,-1.0,1642445,1.0,7,,0.0,1.0,1.0,A01,138Â 299Â 295,1.0
962322,201900003853,11,9,22:50,3,1,9,8.0,6.0,29189,Plougastel-Daoulas,M,"48,3830260"," -4,3513260",29,2019,110.0,1.0,2.0,2.0,2150868,2.0,2,1,1,5.0,,0.0,0,1992.0,B01,138Â 299Â 296,1.0,-1.0,-1.0,1642446,1.0,7,,0.0,1.0,1.0,B01,138Â 299Â 296,1.0
962322,201900003853,11,9,22:50,3,1,9,8.0,6.0,29189,Plougastel-Daoulas,M,"48,3830260"," -4,3513260",29,2019,110.0,1.0,2.0,2.0,2150868,2.0,2,1,1,5.0,,0.0,0,1992.0,B01,138Â 299Â 296,1.0,-1.0,-1.0,1642447,1.0,7,,0.0,1.0,1.0,C01,138Â 299Â 297,1.0