Unnamed: 0_x,num_acc,mois,jour,hrmn,lum,agg,int,atm,col,com,adr,gps,lat,long,dep,annee,vma,situ,surf,catr,Unnamed: 0_y,place,catu,grav,sexe,trajet,secu,locp,actp,an_nais,num_veh_x,id_vehicule_x,secu1,secu2,secu3,Unnamed: 0,senc,catv,occutc,obs,obsm,choc,num_veh_y,id_vehicule_y,motor
962322,201900003853,11,9,22:50,3,1,9,8.0,6.0,29189,Plougastel-Daoulas,M,"48,3830260"," -4,3513260",29,2019,110.0,1.0,2.0,2.0,2150868,2.0,2,1,1,5.0,,0.0,0,1992.0,B01,138Â 299Â 296,1.0,-1.0,-1.0,1642448,1.0,7,,0.0,1.0,1.0,D01,138Â 299Â 298,1.0
962322,201900003853,11,9,22:50,3,1,9,8.0,6.0,29189,Plougastel-Daoulas,M,"48,3830260"," -4,3513260",29,2019,110.0,1.0,2.0,2.0,2150869,1.0,1,1,2,1.0,,0.0,0,1980.0,C01,138Â 299Â 297,1.0,-1.0,-1.0,1642445,1.0,7,,0.0,1.0,1.0,A01,138Â 299Â 295,1.0
962322,201900003853,11,9,22:50,3,1,9,8.0,6.0,29189,Plougastel-Daoulas,M,"48,3830260"," -4,3513260",29,2019,110.0,1.0,2.0,2.0,2150869,1.0,1,1,2,1.0,,0.0,0,1980.0,C01,138Â 299Â 297,1.0,-1.0,-1.0,1642446,1.0,7,,0.0,1.0,1.0,B01,138Â 299Â 296,1.0
962322,201900003853,11,9,22:50,3,1,9,8.0,6.0,29189,Plougastel-Daoulas,M,"48,3830260"," -4,3513260",29,2019,110.0,1.0,2.0,2.0,2150869,1.0,1,1,2,1.0,,0.0,0,1980.0,C01,138Â 299Â 297,1.0,-1.0,-1.0,1642447,1.0,7,,0.0,1.0,1.0,C01,138Â 299Â 297,1.0
962322,201900003853,11,9,22:50,3,1,9,8.0,6.0,29189,Plougastel-Daoulas,M,"48,3830260"," -4,3513260",29,2019,110.0,1.0,2.0,2.0,2150869,1.0,1,1,2,1.0,,0.0,0,1980.0,C01,138Â 299Â 297,1.0,-1.0,-1.0,1642448,1.0,7,,0.0,1.0,1.0,D01,138Â 299Â 298,1.0
962322,201900003853,11,9,22:50,3,1,9,8.0,6.0,29189,Plougastel-Daoulas,M,"48,3830260"," -4,3513260",29,2019,110.0,1.0,2.0,2.0,2150870,2.0,2,1,1,5.0,,0.0,0,1998.0,D01,138Â 299Â 298,1.0,-1.0,-1.0,1642445,1.0,7,,0.0,1.0,1.0,A01,138Â 299Â 295,1.0
962322,201900003853,11,9,22:50,3,1,9,8.0,6.0,29189,Plougastel-Daoulas,M,"48,3830260"," -4,3513260",29,2019,110.0,1.0,2.0,2.0,2150870,2.0,2,1,1,5.0,,0.0,0,1998.0,D01,138Â 299Â 298,1.0,-1.0,-1.0,1642446,1.0,7,,0.0,1.0,1.0,B01,138Â 299Â 296,1.0
962322,201900003853,11,9,22:50,3,1,9,8.0,6.0,29189,Plougastel-Daoulas,M,"48,3830260"," -4,3513260",29,2019,110.0,1.0,2.0,2.0,2150870,2.0,2,1,1,5.0,,0.0,0,1998.0,D01,138Â 299Â 298,1.0,-1.0,-1.0,1642447,1.0,7,,0.0,1.0,1.0,C01,138Â 299Â 297,1.0
962322,201900003853,11,9,22:50,3,1,9,8.0,6.0,29189,Plougastel-Daoulas,M,"48,3830260"," -4,3513260",29,2019,110.0,1.0,2.0,2.0,2150870,2.0,2,1,1,5.0,,0.0,0,1998.0,D01,138Â 299Â 298,1.0,-1.0,-1.0,1642448,1.0,7,,0.0,1.0,1.0,D01,138Â 299Â 298,1.0
962322,201900003853,11,9,22:50,3,1,9,8.0,6.0,29189,Plougastel-Daoulas,M,"48,3830260"," -4,3513260",29,2019,110.0,1.0,2.0,2.0,2150871,1.0,1,1,2,5.0,,0.0,0,1999.0,D01,138Â 299Â 298,1.0,-1.0,-1.0,1642445,1.0,7,,0.0,1.0,1.0,A01,138Â 299Â 295,1.0
962322,201900003853,11,9,22:50,3,1,9,8.0,6.0,29189,Plougastel-Daoulas,M,"48,3830260"," -4,3513260",29,2019,110.0,1.0,2.0,2.0,2150871,1.0,1,1,2,5.0,,0.0,0,1999.0,D01,138Â 299Â 298,1.0,-1.0,-1.0,1642446,1.0,7,,0.0,1.0,1.0,B01,138Â 299Â 296,1.0
962322,201900003853,11,9,22:50,3,1,9,8.0,6.0,29189,Plougastel-Daoulas,M,"48,3830260"," -4,3513260",29,2019,110.0,1.0,2.0,2.0,2150871,1.0,1,1,2,5.0,,0.0,0,1999.0,D01,138Â 299Â 298,1.0,-1.0,-1.0,1642447,1.0,7,,0.0,1.0,1.0,C01,138Â 299Â 297,1.0
962322,201900003853,11,9,22:50,3,1,9,8.0,6.0,29189,Plougastel-Daoulas,M,"48,3830260"," -4,3513260",29,2019,110.0,1.0,2.0,2.0,2150871,1.0,1,1,2,5.0,,0.0,0,1999.0,D01,138Â 299Â 298,1.0,-1.0,-1.0,1642448,1.0,7,,0.0,1.0,1.0,D01,138Â 299Â 298,1.0
962323,201900003854,11,15,15:45,1,2,3,1.0,3.0,29162,34 Rue Maurice de Tresiguidy,M,"48,2216950"," -3,9849250",29,2019,50.0,1.0,1.0,4.0,2150872,1.0,1,1,2,5.0,,0.0,0,1985.0,A01,138Â 299Â 293,1.0,-1.0,-1.0,1642449,3.0,7,,0.0,2.0,2.0,A01,138Â 299Â 293,1.0
962323,201900003854,11,15,15:45,1,2,3,1.0,3.0,29162,34 Rue Maurice de Tresiguidy,M,"48,2216950"," -3,9849250",29,2019,50.0,1.0,1.0,4.0,2150872,1.0,1,1,2,5.0,,0.0,0,1985.0,A01,138Â 299Â 293,1.0,-1.0,-1.0,1642450,3.0,2,,0.0,2.0,1.0,B01,138Â 299Â 294,1.0
962323,201900003854,11,15,15:45,1,2,3,1.0,3.0,29162,34 Rue Maurice de Tresiguidy,M,"48,2216950"," -3,9849250",29,2019,50.0,1.0,1.0,4.0,2150873,1.0,1,3,1,2.0,,0.0,0,2005.0,B01,138Â 299Â 294,2.0,6.0,-1.0,1642449,3.0,7,,0.0,2.0,2.0,A01,138Â 299Â 293,1.0
962323,201900003854,11,15,15:45,1,2,3,1.0,3.0,29162,34 Rue Maurice de Tresiguidy,M,"48,2216950"," -3,9849250",29,2019,50.0,1.0,1.0,4.0,2150873,1.0,1,3,1,2.0,,0.0,0,2005.0,B01,138Â 299Â 294,2.0,6.0,-1.0,1642450,3.0,2,,0.0,2.0,1.0,B01,138Â 299Â 294,1.0
962324,201900003855,11,29,18:07,3,1,3,1.0,2.0,29160,Lieu-dit Streat Glaz,M,"48,5152907"," -4,4383863",29,2019,80.0,1.0,1.0,3.0,2150874,1.0,1,1,2,1.0,,0.0,0,1970.0,A01,138Â 299Â 291,1.0,-1.0,-1.0,1642451,2.0,7,,0.0,2.0,7.0,A01,138Â 299Â 291,1.0
962324,201900003855,11,29,18:07,3,1,3,1.0,2.0,29160,Lieu-dit Streat Glaz,M,"48,5152907"," -4,4383863",29,2019,80.0,1.0,1.0,3.0,2150874,1.0,1,1,2,1.0,,0.0,0,1970.0,A01,138Â 299Â 291,1.0,-1.0,-1.0,1642452,1.0,2,,0.0,2.0,1.0,B01,138Â 299Â 292,1.0
962324,201900003855,11,29,18:07,3,1,3,1.0,2.0,29160,Lieu-dit Streat Glaz,M,"48,5152907"," -4,4383863",29,2019,80.0,1.0,1.0,3.0,2150875,1.0,1,4,1,5.0,,0.0,0,2003.0,B01,138Â 299Â 292,2.0,6.0,-1.0,1642451,2.0,7,,0.0,2.0,7.0,A01,138Â 299Â 291,1.0
962324,201900003855,11,29,18:07,3,1,3,1.0,2.0,29160,Lieu-dit Streat Glaz,M,"48,5152907"," -4,4383863",29,2019,80.0,1.0,1.0,3.0,2150875,1.0,1,4,1,5.0,,0.0,0,2003.0,B01,138Â 299Â 292,2.0,6.0,-1.0,1642452,1.0,2,,0.0,2.0,1.0,B01,138Â 299Â 292,1.0
962324,201900003855,11,29,18:07,3,1,3,1.0,2.0,29160,Lieu-dit Streat Glaz,M,"48,5152907"," -4,4383863",29,2019,80.0,1.0,1.0,3.0,2150876,2.0,2,1,1,5.0,,0.0,0,2002.0,B01,138Â 299Â 292,2.0,-1.0,-1.0,1642451,2.0,7,,0.0,2.0,7.0,A01,138Â 299Â 291,1.0
962324,201900003855,11,29,18:07,3,1,3,1.0,2.0,29160,Lieu-dit Streat Glaz,M,"48,5152907"," -4,4383863",29,2019,80.0,1.0,1.0,3.0,2150876,2.0,2,1,1,5.0,,0.0,0,2002.0,B01,138Â 299Â 292,2.0,-1.0,-1.0,1642452,1.0,2,,0.0,2.0,1.0,B01,138Â 299Â 292,1.0
962325,201900003856,12,20,04:30,3,1,1,3.0,6.0,33143,AUTOROUTE A 10,M,"44,9747700"," -0,4335500",33,2019,130.0,1.0,3.0,1.0,2150877,1.0,1,4,2,0.0,,-1.0, -1,1997.0,A01,138Â 299Â 287,1.0,8.0,-1.0,1642453,2.0,7,,3.0,0.0,1.0,A01,138Â 299Â 287,1.0
962326,201900003857,10,18,00:05,3,1,1,1.0,6.0,68256,,M,"47,7555020","7,2979550",68,2019,70.0,1.0,1.0,1.0,2150878,10.0,3,2,1,5.0,,1.0,3,1965.0,A01,138Â 299Â 286,-1.0,-1.0,-1.0,1642454,2.0,0,,0.0,1.0,0.0,A01,138Â 299Â 286,-1.0
962327,201900003858,9,6,08:55,1,2,1,1.0,3.0,07324,,M,"45,0730360","4,8201120",7,2019,50.0,1.0,1.0,3.0,2150879,1.0,1,1,1,0.0,,0.0,0,1963.0,A01,138Â 299Â 284,1.0,-1.0,-1.0,1642455,2.0,7,,0.0,2.0,1.0,A01,138Â 299Â 284,1.0
962327,201900003858,9,6,08:55,1,2,1,1.0,3.0,07324,,M,"45,0730360","4,8201120",7,2019,50.0,1.0,1.0,3.0,2150879,1.0,1,1,1,0.0,,0.0,0,1963.0,A01,138Â 299Â 284,1.0,-1.0,-1.0,1642456,1.0,2,,0.0,2.0,7.0,B01,138Â 299Â 285,1.0
962327,201900003858,9,6,08:55,1,2,1,1.0,3.0,07324,,M,"45,0730360","4,8201120",7,2019,50.0,1.0,1.0,3.0,2150880,1.0,1,3,1,0.0,,0.0,0,1957.0,B01,138Â 299Â 285,2.0,-1.0,-1.0,1642455,2.0,7,,0.0,2.0,1.0,A01,138Â 299Â 284,1.0
962327,201900003858,9,6,08:55,1,2,1,1.0,3.0,07324,,M,"45,0730360","4,8201120",7,2019,50.0,1.0,1.0,3.0,2150880,1.0,1,3,1,0.0,,0.0,0,1957.0,B01,138Â 299Â 285,2.0,-1.0,-1.0,1642456,1.0,2,,0.0,2.0,7.0,B01,138Â 299Â 285,1.0
962328,201900003859,11,18,07:41,1,2,3,1.0,3.0,29019,RICHELIEU,M,"48,3941500"," -4,4746800",29,2019,50.0,1.0,1.0,4.0,2150881,1.0,1,1,1,9.0,,-1.0,0,1998.0,A01,138Â 299Â 282,1.0,0.0,-1.0,1642457,1.0,7,,0.0,2.0,2.0,A01,138Â 299Â 282,1.0
962328,201900003859,11,18,07:41,1,2,3,1.0,3.0,29019,RICHELIEU,M,"48,3941500"," -4,4746800",29,2019,50.0,1.0,1.0,4.0,2150881,1.0,1,1,1,9.0,,-1.0,0,1998.0,A01,138Â 299Â 282,1.0,0.0,-1.0,1642458,1.0,7,,0.0,2.0,1.0,B01,138Â 299Â 283,1.0
962328,201900003859,11,18,07:41,1,2,3,1.0,3.0,29019,RICHELIEU,M,"48,3941500"," -4,4746800",29,2019,50.0,1.0,1.0,4.0,2150882,1.0,1,4,2,9.0,,-1.0,0,1984.0,B01,138Â 299Â 283,1.0,0.0,-1.0,1642457,1.0,7,,0.0,2.0,2.0,A01,138Â 299Â 282,1.0
962328,201900003859,11,18,07:41,1,2,3,1.0,3.0,29019,RICHELIEU,M,"48,3941500"," -4,4746800",29,2019,50.0,1.0,1.0,4.0,2150882,1.0,1,4,2,9.0,,-1.0,0,1984.0,B01,138Â 299Â 283,1.0,0.0,-1.0,1642458,1.0,7,,0.0,2.0,1.0,B01,138Â 299Â 283,1.0
962328,201900003859,11,18,07:41,1,2,3,1.0,3.0,29019,RICHELIEU,M,"48,3941500"," -4,4746800",29,2019,50.0,1.0,1.0,4.0,2150883,4.0,2,4,2,9.0,,-1.0,0,2015.0,B01,138Â 299Â 283,3.0,8.0,-1.0,1642457,1.0,7,,0.0,2.0,2.0,A01,138Â 299Â 282,1.0
962328,201900003859,11,18,07:41,1,2,3,1.0,3.0,29019,RICHELIEU,M,"48,3941500"," -4,4746800",29,2019,50.0,1.0,1.0,4.0,2150883,4.0,2,4,2,9.0,,-1.0,0,2015.0,B01,138Â 299Â 283,3.0,8.0,-1.0,1642458,1.0,7,,0.0,2.0,1.0,B01,138Â 299Â 283,1.0
962329,201900003860,12,21,20:50,5,2,1,3.0,2.0,73008,D991 RUSSIE BOULEVARD DE,M,"45,6823850","5,9105050",73,2019,50.0,1.0,2.0,3.0,2150884,1.0,1,4,2,5.0,,-1.0, -1,1979.0,A01,138Â 299Â 280,1.0,0.0,-1.0,1642459,0.0,7,,0.0,2.0,1.0,A01,138Â 299Â 280,1.0
962329,201900003860,12,21,20:50,5,2,1,3.0,2.0,73008,D991 RUSSIE BOULEVARD DE,M,"45,6823850","5,9105050",73,2019,50.0,1.0,2.0,3.0,2150884,1.0,1,4,2,5.0,,-1.0, -1,1979.0,A01,138Â 299Â 280,1.0,0.0,-1.0,1642460,0.0,7,,0.0,2.0,4.0,B01,138Â 299Â 281,1.0
962329,201900003860,12,21,20:50,5,2,1,3.0,2.0,73008,D991 RUSSIE BOULEVARD DE,M,"45,6823850","5,9105050",73,2019,50.0,1.0,2.0,3.0,2150885,1.0,1,1,1,5.0,,-1.0, -1,1990.0,B01,138Â 299Â 281,1.0,0.0,-1.0,1642459,0.0,7,,0.0,2.0,1.0,A01,138Â 299Â 280,1.0
962329,201900003860,12,21,20:50,5,2,1,3.0,2.0,73008,D991 RUSSIE BOULEVARD DE,M,"45,6823850","5,9105050",73,2019,50.0,1.0,2.0,3.0,2150885,1.0,1,1,1,5.0,,-1.0, -1,1990.0,B01,138Â 299Â 281,1.0,0.0,-1.0,1642460,0.0,7,,0.0,2.0,4.0,B01,138Â 299Â 281,1.0
962330,201900003861,12,22,11:45,1,2,3,1.0,3.0,89074,Route Nationale,M,"48,3251840","3,1241590",89,2019,50.0,1.0,1.0,3.0,2150886,1.0,1,3,1,0.0,,0.0,0,1970.0,B01,138Â 299Â 278,2.0,6.0,-1.0,1642461,1.0,2,,0.0,2.0,1.0,B01,138Â 299Â 278,1.0
962330,201900003861,12,22,11:45,1,2,3,1.0,3.0,89074,Route Nationale,M,"48,3251840","3,1241590",89,2019,50.0,1.0,1.0,3.0,2150886,1.0,1,3,1,0.0,,0.0,0,1970.0,B01,138Â 299Â 278,2.0,6.0,-1.0,1642462,3.0,7,,0.0,2.0,8.0,A01,138Â 299Â 279,1.0
962330,201900003861,12,22,11:45,1,2,3,1.0,3.0,89074,Route Nationale,M,"48,3251840","3,1241590",89,2019,50.0,1.0,1.0,3.0,2150887,1.0,1,1,2,0.0,,0.0,0,1954.0,A01,138Â 299Â 279,1.0,-1.0,-1.0,1642461,1.0,2,,0.0,2.0,1.0,B01,138Â 299Â 278,1.0
962330,201900003861,12,22,11:45,1,2,3,1.0,3.0,89074,Route Nationale,M,"48,3251840","3,1241590",89,2019,50.0,1.0,1.0,3.0,2150887,1.0,1,1,2,0.0,,0.0,0,1954.0,A01,138Â 299Â 279,1.0,-1.0,-1.0,1642462,3.0,7,,0.0,2.0,8.0,A01,138Â 299Â 279,1.0
962331,201900003862,3,14,07:18,1,2,9,1.0,3.0,2A130,Route Departementale 55,M,"41,8962720","8,8085460",2A,2019,50.0,1.0,1.0,3.0,2150888,1.0,1,4,1,1.0,,0.0,0,1969.0,B01,138Â 299Â 276,1.0,-1.0,-1.0,1642463,0.0,7,,0.0,2.0,3.0,B01,138Â 299Â 276,1.0
962331,201900003862,3,14,07:18,1,2,9,1.0,3.0,2A130,Route Departementale 55,M,"41,8962720","8,8085460",2A,2019,50.0,1.0,1.0,3.0,2150888,1.0,1,4,1,1.0,,0.0,0,1969.0,B01,138Â 299Â 276,1.0,-1.0,-1.0,1642464,3.0,7,,0.0,2.0,2.0,A01,138Â 299Â 277,1.0
962331,201900003862,3,14,07:18,1,2,9,1.0,3.0,2A130,Route Departementale 55,M,"41,8962720","8,8085460",2A,2019,50.0,1.0,1.0,3.0,2150889,1.0,1,1,1,4.0,,0.0,0,1967.0,A01,138Â 299Â 277,1.0,-1.0,-1.0,1642463,0.0,7,,0.0,2.0,3.0,B01,138Â 299Â 276,1.0
962331,201900003862,3,14,07:18,1,2,9,1.0,3.0,2A130,Route Departementale 55,M,"41,8962720","8,8085460",2A,2019,50.0,1.0,1.0,3.0,2150889,1.0,1,1,1,4.0,,0.0,0,1967.0,A01,138Â 299Â 277,1.0,-1.0,-1.0,1642464,3.0,7,,0.0,2.0,2.0,A01,138Â 299Â 277,1.0
962332,201900003863,12,16,14:30,1,1,1,1.0,7.0,98612,Lieu dit Vilamalia villlage de Leava,M," -14,3006750"," -178,1551820",986,2019,-1.0,1.0,1.0,2.0,2150890,1.0,1,3,1,5.0,,0.0,0,1994.0,A01,138Â 299Â 275,0.0,-1.0,-1.0,1642465,3.0,33,,0.0,0.0,1.0,A01,138Â 299Â 275,1.0
962333,201900003864,12,16,18:25,5,2,1,1.0,7.0,76351,PONTS (DES),M,"49,5205400","0,1261200",76,2019,50.0,1.0,2.0,4.0,2150891,1.0,1,1,2,0.0,,-1.0, -1,1949.0,A01,138Â 299Â 274,1.0,8.0,-1.0,1642466,3.0,7,,0.0,1.0,1.0,A01,138Â 299Â 274,1.0
962333,201900003864,12,16,18:25,5,2,1,1.0,7.0,76351,PONTS (DES),M,"49,5205400","0,1261200",76,2019,50.0,1.0,2.0,4.0,2150892,10.0,3,3,2,1.0,,3.0,3,1985.0,A01,138Â 299Â 274,0.0,-1.0,-1.0,1642466,3.0,7,,0.0,1.0,1.0,A01,138Â 299Â 274,1.0
962334,201900003865,12,19,18:25,5,2,1,1.0,4.0,09122,ESPAGNE (ROUTE D'),M,"42,9506820","1,6248310",9,2019,70.0,1.0,1.0,3.0,2150893,1.0,1,1,1,5.0,,-1.0, -1,1950.0,C01,138Â 299Â 271,1.0,0.0,-1.0,1642467,2.0,7,,0.0,2.0,4.0,C01,138Â 299Â 271,1.0
962334,201900003865,12,19,18:25,5,2,1,1.0,4.0,09122,ESPAGNE (ROUTE D'),M,"42,9506820","1,6248310",9,2019,70.0,1.0,1.0,3.0,2150893,1.0,1,1,1,5.0,,-1.0, -1,1950.0,C01,138Â 299Â 271,1.0,0.0,-1.0,1642468,2.0,7,,0.0,2.0,4.0,B01,138Â 299Â 272,1.0
962334,201900003865,12,19,18:25,5,2,1,1.0,4.0,09122,ESPAGNE (ROUTE D'),M,"42,9506820","1,6248310",9,2019,70.0,1.0,1.0,3.0,2150893,1.0,1,1,1,5.0,,-1.0, -1,1950.0,C01,138Â 299Â 271,1.0,0.0,-1.0,1642469,2.0,7,,0.0,2.0,1.0,A01,138Â 299Â 273,1.0
962334,201900003865,12,19,18:25,5,2,1,1.0,4.0,09122,ESPAGNE (ROUTE D'),M,"42,9506820","1,6248310",9,2019,70.0,1.0,1.0,3.0,2150894,1.0,1,1,1,9.0,,-1.0, -1,1986.0,B01,138Â 299Â 272,1.0,4.0,-1.0,1642467,2.0,7,,0.0,2.0,4.0,C01,138Â 299Â 271,1.0
962334,201900003865,12,19,18:25,5,2,1,1.0,4.0,09122,ESPAGNE (ROUTE D'),M,"42,9506820","1,6248310",9,2019,70.0,1.0,1.0,3.0,2150894,1.0,1,1,1,9.0,,-1.0, -1,1986.0,B01,138Â 299Â 272,1.0,4.0,-1.0,1642468,2.0,7,,0.0,2.0,4.0,B01,138Â 299Â 272,1.0
962334,201900003865,12,19,18:25,5,2,1,1.0,4.0,09122,ESPAGNE (ROUTE D'),M,"42,9506820","1,6248310",9,2019,70.0,1.0,1.0,3.0,2150894,1.0,1,1,1,9.0,,-1.0, -1,1986.0,B01,138Â 299Â 272,1.0,4.0,-1.0,1642469,2.0,7,,0.0,2.0,1.0,A01,138Â 299Â 273,1.0
962334,201900003865,12,19,18:25,5,2,1,1.0,4.0,09122,ESPAGNE (ROUTE D'),M,"42,9506820","1,6248310",9,2019,70.0,1.0,1.0,3.0,2150895,1.0,1,4,1,5.0,,-1.0, -1,1939.0,A01,138Â 299Â 273,1.0,0.0,-1.0,1642467,2.0,7,,0.0,2.0,4.0,C01,138Â 299Â 271,1.0
962334,201900003865,12,19,18:25,5,2,1,1.0,4.0,09122,ESPAGNE (ROUTE D'),M,"42,9506820","1,6248310",9,2019,70.0,1.0,1.0,3.0,2150895,1.0,1,4,1,5.0,,-1.0, -1,1939.0,A01,138Â 299Â 273,1.0,0.0,-1.0,1642468,2.0,7,,0.0,2.0,4.0,B01,138Â 299Â 272,1.0
962334,201900003865,12,19,18:25,5,2,1,1.0,4.0,09122,ESPAGNE (ROUTE D'),M,"42,9506820","1,6248310",9,2019,70.0,1.0,1.0,3.0,2150895,1.0,1,4,1,5.0,,-1.0, -1,1939.0,A01,138Â 299Â 273,1.0,0.0,-1.0,1642469,2.0,7,,0.0,2.0,1.0,A01,138Â 299Â 273,1.0
962335,201900003866,12,26,14:05,1,1,1,1.0,1.0,07183,105 Chemin des Ranchins,M,"44,4843130","4,3802190",7,2019,70.0,1.0,1.0,3.0,2150896,1.0,1,1,2,5.0,,0.0,0,1959.0,A01,138Â 299Â 269,1.0,-1.0,-1.0,1642470,2.0,7,,2.0,2.0,2.0,A01,138Â 299Â 269,0.0
962335,201900003866,12,26,14:05,1,1,1,1.0,1.0,07183,105 Chemin des Ranchins,M,"44,4843130","4,3802190",7,2019,70.0,1.0,1.0,3.0,2150896,1.0,1,1,2,5.0,,0.0,0,1959.0,A01,138Â 299Â 269,1.0,-1.0,-1.0,1642471,1.0,7,,0.0,2.0,2.0,B01,138Â 299Â 270,0.0
962335,201900003866,12,26,14:05,1,1,1,1.0,1.0,07183,105 Chemin des Ranchins,M,"44,4843130","4,3802190",7,2019,70.0,1.0,1.0,3.0,2150897,2.0,2,4,1,5.0,,0.0,0,1951.0,A01,138Â 299Â 269,1.0,-1.0,-1.0,1642470,2.0,7,,2.0,2.0,2.0,A01,138Â 299Â 269,0.0
962335,201900003866,12,26,14:05,1,1,1,1.0,1.0,07183,105 Chemin des Ranchins,M,"44,4843130","4,3802190",7,2019,70.0,1.0,1.0,3.0,2150897,2.0,2,4,1,5.0,,0.0,0,1951.0,A01,138Â 299Â 269,1.0,-1.0,-1.0,1642471,1.0,7,,0.0,2.0,2.0,B01,138Â 299Â 270,0.0
962335,201900003866,12,26,14:05,1,1,1,1.0,1.0,07183,105 Chemin des Ranchins,M,"44,4843130","4,3802190",7,2019,70.0,1.0,1.0,3.0,2150898,1.0,1,4,2,5.0,,0.0,0,1947.0,B01,138Â 299Â 270,1.0,-1.0,-1.0,1642470,2.0,7,,2.0,2.0,2.0,A01,138Â 299Â 269,0.0
962335,201900003866,12,26,14:05,1,1,1,1.0,1.0,07183,105 Chemin des Ranchins,M,"44,4843130","4,3802190",7,2019,70.0,1.0,1.0,3.0,2150898,1.0,1,4,2,5.0,,0.0,0,1947.0,B01,138Â 299Â 270,1.0,-1.0,-1.0,1642471,1.0,7,,0.0,2.0,2.0,B01,138Â 299Â 270,0.0
962336,201900003867,12,7,22:50,5,2,6,1.0,3.0,92024,TROIS PAVILLONS (RUE DES),M,"48,9107676","2,3129822",92,2019,50.0,1.0,1.0,3.0,2150899,1.0,1,4,2,0.0,,-1.0,0,1996.0,A01,138Â 299Â 267,1.0,0.0,-1.0,1642472,3.0,7,,0.0,2.0,2.0,A01,138Â 299Â 267,1.0
962336,201900003867,12,7,22:50,5,2,6,1.0,3.0,92024,TROIS PAVILLONS (RUE DES),M,"48,9107676","2,3129822",92,2019,50.0,1.0,1.0,3.0,2150899,1.0,1,4,2,0.0,,-1.0,0,1996.0,A01,138Â 299Â 267,1.0,0.0,-1.0,1642473,3.0,7,,0.0,2.0,1.0,Z01,138Â 299Â 268,0.0
962337,201900003868,12,1,20:00,5,2,2,1.0,3.0,92024,MARTRE (RUE) DE (59 A 109)   (58 A 120),M,"48,9034784","2,3058128",92,2019,50.0,1.0,1.0,3.0,2150900,1.0,1,3,1,9.0,,-1.0,0,1994.0,B01,138Â 299Â 266,2.0,6.0,-1.0,1642474,1.0,7,,0.0,2.0,2.0,A01,138Â 299Â 265,1.0
962337,201900003868,12,1,20:00,5,2,2,1.0,3.0,92024,MARTRE (RUE) DE (59 A 109)   (58 A 120),M,"48,9034784","2,3058128",92,2019,50.0,1.0,1.0,3.0,2150900,1.0,1,3,1,9.0,,-1.0,0,1994.0,B01,138Â 299Â 266,2.0,6.0,-1.0,1642475,1.0,33,,0.0,2.0,8.0,B01,138Â 299Â 266,1.0
962338,201900003869,11,22,20:30,5,2,1,1.0,6.0,92024,GENERAL ROGUET (RUE DU) DE (1 A 57)   (2,M,"48,9123000","2,3129000",92,2019,50.0,1.0,1.0,4.0,2150901,1.0,1,1,1,1.0,,-1.0,0,1971.0,A01,138Â 299Â 264,2.0,6.0,-1.0,1642476,1.0,32,,0.0,1.0,1.0,A01,138Â 299Â 264,1.0
962338,201900003869,11,22,20:30,5,2,1,1.0,6.0,92024,GENERAL ROGUET (RUE DU) DE (1 A 57)   (2,M,"48,9123000","2,3129000",92,2019,50.0,1.0,1.0,4.0,2150902,10.0,3,4,1,5.0,,2.0,3,1999.0,A01,138Â 299Â 264,0.0,-1.0,-1.0,1642476,1.0,32,,0.0,1.0,1.0,A01,138Â 299Â 264,1.0
962339,201900003870,11,17,03:40,5,2,4,1.0,3.0,92024,GENERAL LECLERC (BD DU) (9 A 59)   (4 A,M,"48,9000877","2,3178070",92,2019,50.0,1.0,1.0,3.0,2150903,1.0,1,1,1,5.0,,-1.0,0,1991.0,B01,138Â 299Â 262,1.0,0.0,-1.0,1642477,1.0,7,,14.0,0.0,6.0,B01,138Â 299Â 262,1.0
962339,201900003870,11,17,03:40,5,2,4,1.0,3.0,92024,GENERAL LECLERC (BD DU) (9 A 59)   (4 A,M,"48,9000877","2,3178070",92,2019,50.0,1.0,1.0,3.0,2150903,1.0,1,1,1,5.0,,-1.0,0,1991.0,B01,138Â 299Â 262,1.0,0.0,-1.0,1642478,1.0,32,,0.0,2.0,2.0,A01,138Â 299Â 263,1.0
962339,201900003870,11,17,03:40,5,2,4,1.0,3.0,92024,GENERAL LECLERC (BD DU) (9 A 59)   (4 A,M,"48,9000877","2,3178070",92,2019,50.0,1.0,1.0,3.0,2150904,1.0,1,4,1,1.0,,-1.0,0,1973.0,A01,138Â 299Â 263,2.0,6.0,-1.0,1642477,1.0,7,,14.0,0.0,6.0,B01,138Â 299Â 262,1.0
962339,201900003870,11,17,03:40,5,2,4,1.0,3.0,92024,GENERAL LECLERC (BD DU) (9 A 59)   (4 A,M,"48,9000877","2,3178070",92,2019,50.0,1.0,1.0,3.0,2150904,1.0,1,4,1,1.0,,-1.0,0,1973.0,A01,138Â 299Â 263,2.0,6.0,-1.0,1642478,1.0,32,,0.0,2.0,2.0,A01,138Â 299Â 263,1.0