Unnamed: 0_x,num_acc,mois,jour,hrmn,lum,agg,int,atm,col,com,adr,gps,lat,long,dep,annee,vma,situ,surf,catr,Unnamed: 0_y,place,catu,grav,sexe,trajet,secu,locp,actp,an_nais,num_veh_x,id_vehicule_x,secu1,secu2,secu3,Unnamed: 0,senc,catv,occutc,obs,obsm,choc,num_veh_y,id_vehicule_y,motor
962340,201900003871,11,12,08:50,1,2,1,9.0,7.0,92024,PARIS (RUE DE) DE (1 A 57)   (2 A 52),M,"48,8968000","2,3082800",92,2019,30.0,5.0,2.0,4.0,2150905,1.0,1,4,1,1.0,,-1.0,0,1986.0,A01,138Â 299Â 261,2.0,6.0,-1.0,1642479,1.0,50,,0.0,0.0,3.0,A01,138Â 299Â 261,3.0
962341,201900003872,11,7,13:38,1,2,1,1.0,3.0,92024,GENERAL LECLERC (BD DU) (9 A 59)   (4 A,M,"48,9010900","2,3153300",92,2019,50.0,1.0,1.0,3.0,2150906,1.0,1,4,1,5.0,,-1.0,0,1982.0,A01,138Â 299Â 259,2.0,6.0,-1.0,1642480,1.0,32,,0.0,2.0,1.0,A01,138Â 299Â 259,1.0
962341,201900003872,11,7,13:38,1,2,1,1.0,3.0,92024,GENERAL LECLERC (BD DU) (9 A 59)   (4 A,M,"48,9010900","2,3153300",92,2019,50.0,1.0,1.0,3.0,2150906,1.0,1,4,1,5.0,,-1.0,0,1982.0,A01,138Â 299Â 259,2.0,6.0,-1.0,1642481,2.0,33,,0.0,2.0,1.0,B01,138Â 299Â 260,1.0
962341,201900003872,11,7,13:38,1,2,1,1.0,3.0,92024,GENERAL LECLERC (BD DU) (9 A 59)   (4 A,M,"48,9010900","2,3153300",92,2019,50.0,1.0,1.0,3.0,2150907,1.0,1,4,1,4.0,,-1.0,0,1991.0,B01,138Â 299Â 260,2.0,6.0,-1.0,1642480,1.0,32,,0.0,2.0,1.0,A01,138Â 299Â 259,1.0
962341,201900003872,11,7,13:38,1,2,1,1.0,3.0,92024,GENERAL LECLERC (BD DU) (9 A 59)   (4 A,M,"48,9010900","2,3153300",92,2019,50.0,1.0,1.0,3.0,2150907,1.0,1,4,1,4.0,,-1.0,0,1991.0,B01,138Â 299Â 260,2.0,6.0,-1.0,1642481,2.0,33,,0.0,2.0,1.0,B01,138Â 299Â 260,1.0
962342,201900003873,10,11,09:00,1,2,1,1.0,6.0,92024,GENERAL ROGUET (RUE DU) DE (1 A 57)   (2,M,"48,9037600","2,3129300",92,2019,50.0,1.0,1.0,4.0,2150908,10.0,3,4,2,0.0,,1.0,3,1989.0,A01,138Â 299Â 258,8.0,0.0,-1.0,1642482,1.0,32,,0.0,1.0,2.0,A01,138Â 299Â 258,1.0
962342,201900003873,10,11,09:00,1,2,1,1.0,6.0,92024,GENERAL ROGUET (RUE DU) DE (1 A 57)   (2,M,"48,9037600","2,3129300",92,2019,50.0,1.0,1.0,4.0,2150909,1.0,1,1,1,0.0,,-1.0,0,1991.0,A01,138Â 299Â 258,2.0,6.0,-1.0,1642482,1.0,32,,0.0,1.0,2.0,A01,138Â 299Â 258,1.0
962343,201900003874,10,9,10:20,1,2,1,1.0,3.0,92024,GENERAL LECLERC (RUE DU) DE (81 A 109)  ,M,"48,9069300","2,3089100",92,2019,50.0,1.0,2.0,4.0,2150910,1.0,1,1,1,5.0,,-1.0,0,1957.0,A01,138Â 299Â 256,1.0,0.0,-1.0,1642483,1.0,10,,0.0,2.0,3.0,A01,138Â 299Â 256,0.0
962343,201900003874,10,9,10:20,1,2,1,1.0,3.0,92024,GENERAL LECLERC (RUE DU) DE (81 A 109)  ,M,"48,9069300","2,3089100",92,2019,50.0,1.0,2.0,4.0,2150910,1.0,1,1,1,5.0,,-1.0,0,1957.0,A01,138Â 299Â 256,1.0,0.0,-1.0,1642484,1.0,32,,0.0,2.0,2.0,B01,138Â 299Â 257,1.0
962343,201900003874,10,9,10:20,1,2,1,1.0,3.0,92024,GENERAL LECLERC (RUE DU) DE (81 A 109)  ,M,"48,9069300","2,3089100",92,2019,50.0,1.0,2.0,4.0,2150911,1.0,1,4,1,1.0,,-1.0,0,1992.0,B01,138Â 299Â 257,2.0,6.0,-1.0,1642483,1.0,10,,0.0,2.0,3.0,A01,138Â 299Â 256,0.0
962343,201900003874,10,9,10:20,1,2,1,1.0,3.0,92024,GENERAL LECLERC (RUE DU) DE (81 A 109)  ,M,"48,9069300","2,3089100",92,2019,50.0,1.0,2.0,4.0,2150911,1.0,1,4,1,1.0,,-1.0,0,1992.0,B01,138Â 299Â 257,2.0,6.0,-1.0,1642484,1.0,32,,0.0,2.0,2.0,B01,138Â 299Â 257,1.0
962344,201900003875,7,14,21:20,1,1,1,1.0,7.0,29158,"chemin communal ""alignemnt de mÃ©galithes""",M,"47,8284030"," -4,3192690",29,2019,-1.0,8.0,9.0,4.0,2150912,1.0,1,4,1,5.0,,0.0,0,1974.0,A01,138Â 299Â 255,2.0,6.0,-1.0,1642485,3.0,33,,0.0,0.0,0.0,A01,138Â 299Â 255,1.0
962344,201900003875,7,14,21:20,1,1,1,1.0,7.0,29158,"chemin communal ""alignemnt de mÃ©galithes""",M,"47,8284030"," -4,3192690",29,2019,-1.0,8.0,9.0,4.0,2150913,2.0,2,3,2,5.0,,0.0,0,1996.0,A01,138Â 299Â 255,0.0,-1.0,-1.0,1642485,3.0,33,,0.0,0.0,0.0,A01,138Â 299Â 255,1.0
962345,201900003876,12,23,23:40,3,2,1,1.0,6.0,97611,passamanty-Sada ( rue de ),M," -12,7984800","45,2156800",976,2019,50.0,1.0,1.0,2.0,2150914,10.0,3,4,1,0.0,,1.0,3,1989.0,A01,138Â 299Â 254,0.0,-1.0,-1.0,1642486,1.0,0,,0.0,1.0,1.0,A01,138Â 299Â 254,0.0
962346,201900003877,12,22,19:00,5,2,1,1.0,6.0,97611,cavani-Cavani Massimoni rue de,M," -12,7918000","45,2192000",976,2019,50.0,1.0,1.0,4.0,2150915,10.0,3,4,1,0.0,,9.0,9,2010.0,A01,138Â 299Â 253,0.0,-1.0,-1.0,1642487,1.0,10,,0.0,1.0,8.0,A01,138Â 299Â 253,1.0
962346,201900003877,12,22,19:00,5,2,1,1.0,6.0,97611,cavani-Cavani Massimoni rue de,M," -12,7918000","45,2192000",976,2019,50.0,1.0,1.0,4.0,2150916,1.0,1,1,1,0.0,,-1.0, -1,1964.0,A01,138Â 299Â 253,1.0,8.0,-1.0,1642487,1.0,10,,0.0,1.0,8.0,A01,138Â 299Â 253,1.0
962347,201900003878,12,11,19:00,3,1,1,3.0,6.0,72268,la baliniÃ¨re,M,"47,8188400","0,2361150",72,2019,80.0,3.0,2.0,3.0,2150917,2.0,2,4,1,5.0,,0.0,0,1991.0,A01,138Â 299Â 251,1.0,-1.0,-1.0,1642488,2.0,7,,13.0,0.0,2.0,A01,138Â 299Â 251,1.0
962347,201900003878,12,11,19:00,3,1,1,3.0,6.0,72268,la baliniÃ¨re,M,"47,8188400","0,2361150",72,2019,80.0,3.0,2.0,3.0,2150918,3.0,2,4,1,5.0,,0.0,0,2001.0,A01,138Â 299Â 251,0.0,-1.0,-1.0,1642488,2.0,7,,13.0,0.0,2.0,A01,138Â 299Â 251,1.0
962347,201900003878,12,11,19:00,3,1,1,3.0,6.0,72268,la baliniÃ¨re,M,"47,8188400","0,2361150",72,2019,80.0,3.0,2.0,3.0,2150919,1.0,1,4,2,5.0,,0.0,0,1948.0,A01,138Â 299Â 251,1.0,-1.0,-1.0,1642488,2.0,7,,13.0,0.0,2.0,A01,138Â 299Â 251,1.0
962348,201900003879,10,13,07:55,1,1,1,3.0,6.0,29170,Route des Chateaux,M,"47,9318170"," -4,1466361",29,2019,70.0,8.0,2.0,4.0,2150920,1.0,1,3,1,9.0,,0.0,0,1993.0,A01,138Â 299Â 250,1.0,-1.0,-1.0,1642489,3.0,7,,2.0,0.0,1.0,A01,138Â 299Â 250,1.0
962349,201900003880,9,19,14:45,1,1,3,1.0,3.0,17110,RD 158,M,"45,1944330"," -0,2196360",17,2019,70.0,1.0,1.0,3.0,2150921,1.0,1,3,2,5.0,,0.0,0,1967.0,B01,138Â 299Â 248,8.0,-1.0,-1.0,1642490,0.0,3,,0.0,2.0,8.0,B01,138Â 299Â 248,1.0
962349,201900003880,9,19,14:45,1,1,3,1.0,3.0,17110,RD 158,M,"45,1944330"," -0,2196360",17,2019,70.0,1.0,1.0,3.0,2150921,1.0,1,3,2,5.0,,0.0,0,1967.0,B01,138Â 299Â 248,8.0,-1.0,-1.0,1642491,1.0,14,,0.0,2.0,1.0,A01,138Â 299Â 249,1.0
962349,201900003880,9,19,14:45,1,1,3,1.0,3.0,17110,RD 158,M,"45,1944330"," -0,2196360",17,2019,70.0,1.0,1.0,3.0,2150922,1.0,1,1,1,4.0,,0.0,0,1977.0,A01,138Â 299Â 249,1.0,-1.0,-1.0,1642490,0.0,3,,0.0,2.0,8.0,B01,138Â 299Â 248,1.0
962349,201900003880,9,19,14:45,1,1,3,1.0,3.0,17110,RD 158,M,"45,1944330"," -0,2196360",17,2019,70.0,1.0,1.0,3.0,2150922,1.0,1,1,1,4.0,,0.0,0,1977.0,A01,138Â 299Â 249,1.0,-1.0,-1.0,1642491,1.0,14,,0.0,2.0,1.0,A01,138Â 299Â 249,1.0
962350,201900003881,9,20,06:15,3,1,1,1.0,3.0,76705,"A 13, PK 110.850",M,"49,3332000","1,0804180",76,2019,110.0,1.0,1.0,1.0,2150923,1.0,1,1,1,0.0,,0.0,0,1994.0,A01,138Â 299Â 246,1.0,-1.0,-1.0,1642492,2.0,7,,4.0,2.0,0.0,A01,138Â 299Â 246,1.0
962350,201900003881,9,20,06:15,3,1,1,1.0,3.0,76705,"A 13, PK 110.850",M,"49,3332000","1,0804180",76,2019,110.0,1.0,1.0,1.0,2150923,1.0,1,1,1,0.0,,0.0,0,1994.0,A01,138Â 299Â 246,1.0,-1.0,-1.0,1642493,2.0,7,,4.0,0.0,2.0,B01,138Â 299Â 247,1.0
962350,201900003881,9,20,06:15,3,1,1,1.0,3.0,76705,"A 13, PK 110.850",M,"49,3332000","1,0804180",76,2019,110.0,1.0,1.0,1.0,2150924,1.0,1,4,1,1.0,,0.0,0,1968.0,B01,138Â 299Â 247,1.0,5.0,-1.0,1642492,2.0,7,,4.0,2.0,0.0,A01,138Â 299Â 246,1.0
962350,201900003881,9,20,06:15,3,1,1,1.0,3.0,76705,"A 13, PK 110.850",M,"49,3332000","1,0804180",76,2019,110.0,1.0,1.0,1.0,2150924,1.0,1,4,1,1.0,,0.0,0,1968.0,B01,138Â 299Â 247,1.0,5.0,-1.0,1642493,2.0,7,,4.0,0.0,2.0,B01,138Â 299Â 247,1.0
962350,201900003881,9,20,06:15,3,1,1,1.0,3.0,76705,"A 13, PK 110.850",M,"49,3332000","1,0804180",76,2019,110.0,1.0,1.0,1.0,2150925,2.0,2,4,1,0.0,,0.0,0,1952.0,B01,138Â 299Â 247,1.0,5.0,-1.0,1642492,2.0,7,,4.0,2.0,0.0,A01,138Â 299Â 246,1.0
962350,201900003881,9,20,06:15,3,1,1,1.0,3.0,76705,"A 13, PK 110.850",M,"49,3332000","1,0804180",76,2019,110.0,1.0,1.0,1.0,2150925,2.0,2,4,1,0.0,,0.0,0,1952.0,B01,138Â 299Â 247,1.0,5.0,-1.0,1642493,2.0,7,,4.0,0.0,2.0,B01,138Â 299Â 247,1.0
962351,201900003882,8,10,16:45,1,1,1,1.0,4.0,13001,A8,M,"43,5228140","5,4099650",13,2019,130.0,1.0,1.0,1.0,2150926,1.0,1,1,1,5.0,,0.0,0,1962.0,A01,138Â 299Â 243,1.0,-1.0,-1.0,1642494,1.0,7,,0.0,0.0,4.0,A01,138Â 299Â 243,1.0
962351,201900003882,8,10,16:45,1,1,1,1.0,4.0,13001,A8,M,"43,5228140","5,4099650",13,2019,130.0,1.0,1.0,1.0,2150926,1.0,1,1,1,5.0,,0.0,0,1962.0,A01,138Â 299Â 243,1.0,-1.0,-1.0,1642495,1.0,7,,1.0,0.0,1.0,B01,138Â 299Â 244,1.0
962351,201900003882,8,10,16:45,1,1,1,1.0,4.0,13001,A8,M,"43,5228140","5,4099650",13,2019,130.0,1.0,1.0,1.0,2150926,1.0,1,1,1,5.0,,0.0,0,1962.0,A01,138Â 299Â 243,1.0,-1.0,-1.0,1642496,1.0,7,,0.0,2.0,1.0,C01,138Â 299Â 245,1.0
962351,201900003882,8,10,16:45,1,1,1,1.0,4.0,13001,A8,M,"43,5228140","5,4099650",13,2019,130.0,1.0,1.0,1.0,2150927,2.0,2,4,2,5.0,,0.0,0,1998.0,B01,138Â 299Â 244,1.0,-1.0,-1.0,1642494,1.0,7,,0.0,0.0,4.0,A01,138Â 299Â 243,1.0
962351,201900003882,8,10,16:45,1,1,1,1.0,4.0,13001,A8,M,"43,5228140","5,4099650",13,2019,130.0,1.0,1.0,1.0,2150927,2.0,2,4,2,5.0,,0.0,0,1998.0,B01,138Â 299Â 244,1.0,-1.0,-1.0,1642495,1.0,7,,1.0,0.0,1.0,B01,138Â 299Â 244,1.0
962351,201900003882,8,10,16:45,1,1,1,1.0,4.0,13001,A8,M,"43,5228140","5,4099650",13,2019,130.0,1.0,1.0,1.0,2150927,2.0,2,4,2,5.0,,0.0,0,1998.0,B01,138Â 299Â 244,1.0,-1.0,-1.0,1642496,1.0,7,,0.0,2.0,1.0,C01,138Â 299Â 245,1.0
962351,201900003882,8,10,16:45,1,1,1,1.0,4.0,13001,A8,M,"43,5228140","5,4099650",13,2019,130.0,1.0,1.0,1.0,2150928,1.0,1,4,1,5.0,,0.0,0,1999.0,B01,138Â 299Â 244,1.0,-1.0,-1.0,1642494,1.0,7,,0.0,0.0,4.0,A01,138Â 299Â 243,1.0
962351,201900003882,8,10,16:45,1,1,1,1.0,4.0,13001,A8,M,"43,5228140","5,4099650",13,2019,130.0,1.0,1.0,1.0,2150928,1.0,1,4,1,5.0,,0.0,0,1999.0,B01,138Â 299Â 244,1.0,-1.0,-1.0,1642495,1.0,7,,1.0,0.0,1.0,B01,138Â 299Â 244,1.0
962351,201900003882,8,10,16:45,1,1,1,1.0,4.0,13001,A8,M,"43,5228140","5,4099650",13,2019,130.0,1.0,1.0,1.0,2150928,1.0,1,4,1,5.0,,0.0,0,1999.0,B01,138Â 299Â 244,1.0,-1.0,-1.0,1642496,1.0,7,,0.0,2.0,1.0,C01,138Â 299Â 245,1.0
962351,201900003882,8,10,16:45,1,1,1,1.0,4.0,13001,A8,M,"43,5228140","5,4099650",13,2019,130.0,1.0,1.0,1.0,2150929,1.0,1,1,1,5.0,,0.0,0,1977.0,C01,138Â 299Â 245,1.0,-1.0,-1.0,1642494,1.0,7,,0.0,0.0,4.0,A01,138Â 299Â 243,1.0
962351,201900003882,8,10,16:45,1,1,1,1.0,4.0,13001,A8,M,"43,5228140","5,4099650",13,2019,130.0,1.0,1.0,1.0,2150929,1.0,1,1,1,5.0,,0.0,0,1977.0,C01,138Â 299Â 245,1.0,-1.0,-1.0,1642495,1.0,7,,1.0,0.0,1.0,B01,138Â 299Â 244,1.0
962351,201900003882,8,10,16:45,1,1,1,1.0,4.0,13001,A8,M,"43,5228140","5,4099650",13,2019,130.0,1.0,1.0,1.0,2150929,1.0,1,1,1,5.0,,0.0,0,1977.0,C01,138Â 299Â 245,1.0,-1.0,-1.0,1642496,1.0,7,,0.0,2.0,1.0,C01,138Â 299Â 245,1.0
962352,201900003883,9,20,07:00,2,2,2,1.0,3.0,33199,118 Avenue du MarÃ©chal de Lattre de Tassigny,M,"44,6373200"," -1,1013900",33,2019,50.0,1.0,1.0,3.0,2150930,1.0,1,3,1,0.0,,0.0,0,1972.0,B01,138Â 299Â 241,2.0,-1.0,-1.0,1642497,2.0,31,,0.0,2.0,7.0,B01,138Â 299Â 241,1.0
962352,201900003883,9,20,07:00,2,2,2,1.0,3.0,33199,118 Avenue du MarÃ©chal de Lattre de Tassigny,M,"44,6373200"," -1,1013900",33,2019,50.0,1.0,1.0,3.0,2150930,1.0,1,3,1,0.0,,0.0,0,1972.0,B01,138Â 299Â 241,2.0,-1.0,-1.0,1642498,1.0,7,,6.0,2.0,1.0,A01,138Â 299Â 242,1.0
962352,201900003883,9,20,07:00,2,2,2,1.0,3.0,33199,118 Avenue du MarÃ©chal de Lattre de Tassigny,M,"44,6373200"," -1,1013900",33,2019,50.0,1.0,1.0,3.0,2150931,1.0,1,1,1,1.0,,0.0,0,1996.0,A01,138Â 299Â 242,1.0,-1.0,-1.0,1642497,2.0,31,,0.0,2.0,7.0,B01,138Â 299Â 241,1.0
962352,201900003883,9,20,07:00,2,2,2,1.0,3.0,33199,118 Avenue du MarÃ©chal de Lattre de Tassigny,M,"44,6373200"," -1,1013900",33,2019,50.0,1.0,1.0,3.0,2150931,1.0,1,1,1,1.0,,0.0,0,1996.0,A01,138Â 299Â 242,1.0,-1.0,-1.0,1642498,1.0,7,,6.0,2.0,1.0,A01,138Â 299Â 242,1.0
962353,201900003884,9,20,11:20,1,1,1,1.0,6.0,78366,N12 PK 41.450,M,"48,7986270","1,8592990",78,2019,110.0,8.0,1.0,2.0,2150932,1.0,1,2,1,5.0,,0.0,0,1949.0,A01,138Â 299Â 240,1.0,-1.0,-1.0,1642499,1.0,7,,14.0,0.0,1.0,A01,138Â 299Â 240,1.0
962354,201900003885,9,20,18:34,2,1,1,7.0,3.0,83023,,M,"43,4057530","6,0608880",83,2019,80.0,1.0,1.0,3.0,2150933,1.0,1,3,1,2.0,,0.0,0,2003.0,B01,138Â 299Â 238,2.0,6.0,-1.0,1642500,1.0,2,,0.0,2.0,1.0,B01,138Â 299Â 238,6.0
962354,201900003885,9,20,18:34,2,1,1,7.0,3.0,83023,,M,"43,4057530","6,0608880",83,2019,80.0,1.0,1.0,3.0,2150933,1.0,1,3,1,2.0,,0.0,0,2003.0,B01,138Â 299Â 238,2.0,6.0,-1.0,1642501,2.0,7,,0.0,2.0,2.0,A01,138Â 299Â 239,6.0
962354,201900003885,9,20,18:34,2,1,1,7.0,3.0,83023,,M,"43,4057530","6,0608880",83,2019,80.0,1.0,1.0,3.0,2150934,1.0,1,1,1,1.0,,0.0,0,1972.0,A01,138Â 299Â 239,1.0,-1.0,-1.0,1642500,1.0,2,,0.0,2.0,1.0,B01,138Â 299Â 238,6.0
962354,201900003885,9,20,18:34,2,1,1,7.0,3.0,83023,,M,"43,4057530","6,0608880",83,2019,80.0,1.0,1.0,3.0,2150934,1.0,1,1,1,1.0,,0.0,0,1972.0,A01,138Â 299Â 239,1.0,-1.0,-1.0,1642501,2.0,7,,0.0,2.0,2.0,A01,138Â 299Â 239,6.0
962355,201900003886,9,20,13:00,1,1,1,1.0,1.0,83023,,M,"43,4008790","6,1217820",83,2019,110.0,3.0,1.0,3.0,2150935,8.0,2,4,1,1.0,,0.0,0,2001.0,A01,138Â 299Â 236,0.0,-1.0,-1.0,1642502,2.0,7,,3.0,2.0,1.0,A01,138Â 299Â 236,1.0
962355,201900003886,9,20,13:00,1,1,1,1.0,1.0,83023,,M,"43,4008790","6,1217820",83,2019,110.0,3.0,1.0,3.0,2150935,8.0,2,4,1,1.0,,0.0,0,2001.0,A01,138Â 299Â 236,0.0,-1.0,-1.0,1642503,2.0,7,,0.0,2.0,3.0,B01,138Â 299Â 237,1.0
962355,201900003886,9,20,13:00,1,1,1,1.0,1.0,83023,,M,"43,4008790","6,1217820",83,2019,110.0,3.0,1.0,3.0,2150936,1.0,1,4,1,1.0,,0.0,0,1999.0,A01,138Â 299Â 236,1.0,-1.0,-1.0,1642502,2.0,7,,3.0,2.0,1.0,A01,138Â 299Â 236,1.0
962355,201900003886,9,20,13:00,1,1,1,1.0,1.0,83023,,M,"43,4008790","6,1217820",83,2019,110.0,3.0,1.0,3.0,2150936,1.0,1,4,1,1.0,,0.0,0,1999.0,A01,138Â 299Â 236,1.0,-1.0,-1.0,1642503,2.0,7,,0.0,2.0,3.0,B01,138Â 299Â 237,1.0
962355,201900003886,9,20,13:00,1,1,1,1.0,1.0,83023,,M,"43,4008790","6,1217820",83,2019,110.0,3.0,1.0,3.0,2150937,9.0,2,4,1,1.0,,0.0,0,2000.0,A01,138Â 299Â 236,0.0,-1.0,-1.0,1642502,2.0,7,,3.0,2.0,1.0,A01,138Â 299Â 236,1.0
962355,201900003886,9,20,13:00,1,1,1,1.0,1.0,83023,,M,"43,4008790","6,1217820",83,2019,110.0,3.0,1.0,3.0,2150937,9.0,2,4,1,1.0,,0.0,0,2000.0,A01,138Â 299Â 236,0.0,-1.0,-1.0,1642503,2.0,7,,0.0,2.0,3.0,B01,138Â 299Â 237,1.0
962355,201900003886,9,20,13:00,1,1,1,1.0,1.0,83023,,M,"43,4008790","6,1217820",83,2019,110.0,3.0,1.0,3.0,2150938,7.0,2,4,1,1.0,,0.0,0,1999.0,A01,138Â 299Â 236,0.0,-1.0,-1.0,1642502,2.0,7,,3.0,2.0,1.0,A01,138Â 299Â 236,1.0
962355,201900003886,9,20,13:00,1,1,1,1.0,1.0,83023,,M,"43,4008790","6,1217820",83,2019,110.0,3.0,1.0,3.0,2150938,7.0,2,4,1,1.0,,0.0,0,1999.0,A01,138Â 299Â 236,0.0,-1.0,-1.0,1642503,2.0,7,,0.0,2.0,3.0,B01,138Â 299Â 237,1.0
962355,201900003886,9,20,13:00,1,1,1,1.0,1.0,83023,,M,"43,4008790","6,1217820",83,2019,110.0,3.0,1.0,3.0,2150939,2.0,2,1,1,1.0,,0.0,0,1999.0,A01,138Â 299Â 236,1.0,-1.0,-1.0,1642502,2.0,7,,3.0,2.0,1.0,A01,138Â 299Â 236,1.0
962355,201900003886,9,20,13:00,1,1,1,1.0,1.0,83023,,M,"43,4008790","6,1217820",83,2019,110.0,3.0,1.0,3.0,2150939,2.0,2,1,1,1.0,,0.0,0,1999.0,A01,138Â 299Â 236,1.0,-1.0,-1.0,1642503,2.0,7,,0.0,2.0,3.0,B01,138Â 299Â 237,1.0
962355,201900003886,9,20,13:00,1,1,1,1.0,1.0,83023,,M,"43,4008790","6,1217820",83,2019,110.0,3.0,1.0,3.0,2150940,1.0,1,1,1,5.0,,0.0,0,1953.0,B01,138Â 299Â 237,1.0,-1.0,-1.0,1642502,2.0,7,,3.0,2.0,1.0,A01,138Â 299Â 236,1.0
962355,201900003886,9,20,13:00,1,1,1,1.0,1.0,83023,,M,"43,4008790","6,1217820",83,2019,110.0,3.0,1.0,3.0,2150940,1.0,1,1,1,5.0,,0.0,0,1953.0,B01,138Â 299Â 237,1.0,-1.0,-1.0,1642503,2.0,7,,0.0,2.0,3.0,B01,138Â 299Â 237,1.0
962356,201900003887,9,20,15:15,1,1,1,1.0,1.0,04148,RD 4085,M,"43,8161215","6,5945566",4,2019,80.0,1.0,1.0,3.0,2150941,1.0,1,1,2,5.0,,0.0,0,1946.0,B01,138Â 299Â 234,1.0,-1.0,-1.0,1642504,2.0,7,,0.0,2.0,3.0,B01,138Â 299Â 234,1.0
962356,201900003887,9,20,15:15,1,1,1,1.0,1.0,04148,RD 4085,M,"43,8161215","6,5945566",4,2019,80.0,1.0,1.0,3.0,2150941,1.0,1,1,2,5.0,,0.0,0,1946.0,B01,138Â 299Â 234,1.0,-1.0,-1.0,1642505,1.0,33,,0.0,2.0,1.0,A01,138Â 299Â 235,1.0
962356,201900003887,9,20,15:15,1,1,1,1.0,1.0,04148,RD 4085,M,"43,8161215","6,5945566",4,2019,80.0,1.0,1.0,3.0,2150942,1.0,1,2,1,5.0,,0.0,0,1983.0,A01,138Â 299Â 235,2.0,6.0,-1.0,1642504,2.0,7,,0.0,2.0,3.0,B01,138Â 299Â 234,1.0
962356,201900003887,9,20,15:15,1,1,1,1.0,1.0,04148,RD 4085,M,"43,8161215","6,5945566",4,2019,80.0,1.0,1.0,3.0,2150942,1.0,1,2,1,5.0,,0.0,0,1983.0,A01,138Â 299Â 235,2.0,6.0,-1.0,1642505,1.0,33,,0.0,2.0,1.0,A01,138Â 299Â 235,1.0
962357,201900003888,9,19,15:30,1,1,1,8.0,7.0,04096,Rte des sagnes,M,"44,4127279","6,7559962",4,2019,50.0,1.0,9.0,4.0,2150943,1.0,1,1,1,5.0,,0.0,0,1960.0,A01,138Â 299Â 233,2.0,6.0,9.0,1642506,3.0,33,,0.0,0.0,7.0,A01,138Â 299Â 233,1.0
962357,201900003888,9,19,15:30,1,1,1,8.0,7.0,04096,Rte des sagnes,M,"44,4127279","6,7559962",4,2019,50.0,1.0,9.0,4.0,2150944,2.0,2,4,2,5.0,,0.0,0,1965.0,A01,138Â 299Â 233,2.0,6.0,-1.0,1642506,3.0,33,,0.0,0.0,7.0,A01,138Â 299Â 233,1.0
962358,201900003889,9,20,14:25,3,1,1,1.0,3.0,25050,La Vie Paul et Richard,M,"47,1203630","6,6202460",25,2019,80.0,1.0,1.0,3.0,2150945,1.0,1,3,1,5.0,,0.0,0,1962.0,B01,138Â 299Â 231,1.0,-1.0,-1.0,1642507,1.0,10,,0.0,2.0,3.0,B01,138Â 299Â 231,1.0
962358,201900003889,9,20,14:25,3,1,1,1.0,3.0,25050,La Vie Paul et Richard,M,"47,1203630","6,6202460",25,2019,80.0,1.0,1.0,3.0,2150945,1.0,1,3,1,5.0,,0.0,0,1962.0,B01,138Â 299Â 231,1.0,-1.0,-1.0,1642508,2.0,10,,0.0,2.0,3.0,A01,138Â 299Â 232,1.0
962358,201900003889,9,20,14:25,3,1,1,1.0,3.0,25050,La Vie Paul et Richard,M,"47,1203630","6,6202460",25,2019,80.0,1.0,1.0,3.0,2150946,1.0,1,4,1,9.0,,0.0,0,1986.0,A01,138Â 299Â 232,1.0,-1.0,-1.0,1642507,1.0,10,,0.0,2.0,3.0,B01,138Â 299Â 231,1.0
962358,201900003889,9,20,14:25,3,1,1,1.0,3.0,25050,La Vie Paul et Richard,M,"47,1203630","6,6202460",25,2019,80.0,1.0,1.0,3.0,2150946,1.0,1,4,1,9.0,,0.0,0,1986.0,A01,138Â 299Â 232,1.0,-1.0,-1.0,1642508,2.0,10,,0.0,2.0,3.0,A01,138Â 299Â 232,1.0
962359,201900003890,9,19,17:30,1,1,1,1.0,1.0,73284,D90D,M,"45,4635034","6,5487433",73,2019,50.0,1.0,1.0,3.0,2150947,1.0,1,3,1,0.0,,0.0,0,2002.0,A01,138Â 299Â 229,2.0,6.0,-1.0,1642509,1.0,31,,0.0,2.0,1.0,A01,138Â 299Â 229,1.0
962359,201900003890,9,19,17:30,1,1,1,1.0,1.0,73284,D90D,M,"45,4635034","6,5487433",73,2019,50.0,1.0,1.0,3.0,2150947,1.0,1,3,1,0.0,,0.0,0,2002.0,A01,138Â 299Â 229,2.0,6.0,-1.0,1642510,2.0,7,,0.0,2.0,1.0,B01,138Â 299Â 230,1.0
962359,201900003890,9,19,17:30,1,1,1,1.0,1.0,73284,D90D,M,"45,4635034","6,5487433",73,2019,50.0,1.0,1.0,3.0,2150948,1.0,1,1,1,5.0,,0.0,0,1962.0,B01,138Â 299Â 230,1.0,-1.0,-1.0,1642509,1.0,31,,0.0,2.0,1.0,A01,138Â 299Â 229,1.0
962359,201900003890,9,19,17:30,1,1,1,1.0,1.0,73284,D90D,M,"45,4635034","6,5487433",73,2019,50.0,1.0,1.0,3.0,2150948,1.0,1,1,1,5.0,,0.0,0,1962.0,B01,138Â 299Â 230,1.0,-1.0,-1.0,1642510,2.0,7,,0.0,2.0,1.0,B01,138Â 299Â 230,1.0
962359,201900003890,9,19,17:30,1,1,1,1.0,1.0,73284,D90D,M,"45,4635034","6,5487433",73,2019,50.0,1.0,1.0,3.0,2150949,2.0,2,1,1,5.0,,0.0,0,1959.0,B01,138Â 299Â 230,1.0,-1.0,-1.0,1642509,1.0,31,,0.0,2.0,1.0,A01,138Â 299Â 229,1.0