Unnamed: 0_x,num_acc,mois,jour,hrmn,lum,agg,int,atm,col,com,adr,gps,lat,long,dep,annee,vma,situ,surf,catr,Unnamed: 0_y,place,catu,grav,sexe,trajet,secu,locp,actp,an_nais,num_veh_x,id_vehicule_x,secu1,secu2,secu3,Unnamed: 0,senc,catv,occutc,obs,obsm,choc,num_veh_y,id_vehicule_y,motor
962359,201900003890,9,19,17:30,1,1,1,1.0,1.0,73284,D90D,M,"45,4635034","6,5487433",73,2019,50.0,1.0,1.0,3.0,2150949,2.0,2,1,1,5.0,,0.0,0,1959.0,B01,138Â 299Â 230,1.0,-1.0,-1.0,1642510,2.0,7,,0.0,2.0,1.0,B01,138Â 299Â 230,1.0
962360,201900003891,9,15,11:00,1,2,6,1.0,3.0,38200,Route de l'Ãlectrochimie,M,"45,0883200","5,7310000",38,2019,50.0,1.0,1.0,2.0,2150950,1.0,1,4,1,5.0,,0.0,0,1962.0,B01,138Â 299Â 227,2.0,-1.0,-1.0,1642511,1.0,1,,0.0,2.0,1.0,B01,138Â 299Â 227,5.0
962360,201900003891,9,15,11:00,1,2,6,1.0,3.0,38200,Route de l'Ãlectrochimie,M,"45,0883200","5,7310000",38,2019,50.0,1.0,1.0,2.0,2150950,1.0,1,4,1,5.0,,0.0,0,1962.0,B01,138Â 299Â 227,2.0,-1.0,-1.0,1642512,1.0,7,,0.0,2.0,3.0,A01,138Â 299Â 228,1.0
962360,201900003891,9,15,11:00,1,2,6,1.0,3.0,38200,Route de l'Ãlectrochimie,M,"45,0883200","5,7310000",38,2019,50.0,1.0,1.0,2.0,2150951,1.0,1,1,1,5.0,,0.0,0,1975.0,A01,138Â 299Â 228,1.0,-1.0,-1.0,1642511,1.0,1,,0.0,2.0,1.0,B01,138Â 299Â 227,5.0
962360,201900003891,9,15,11:00,1,2,6,1.0,3.0,38200,Route de l'Ãlectrochimie,M,"45,0883200","5,7310000",38,2019,50.0,1.0,1.0,2.0,2150951,1.0,1,1,1,5.0,,0.0,0,1975.0,A01,138Â 299Â 228,1.0,-1.0,-1.0,1642512,1.0,7,,0.0,2.0,3.0,A01,138Â 299Â 228,1.0
962361,201900003892,9,17,08:05,1,2,1,1.0,6.0,69160,Lafont,M,"46,1344700","4,4899650",69,2019,50.0,3.0,1.0,3.0,2150952,1.0,1,3,1,5.0,,0.0,0,1971.0,A01,138Â 299Â 226,1.0,-1.0,-1.0,1642513,0.0,10,,8.0,0.0,1.0,A01,138Â 299Â 226,1.0
962362,201900003893,9,19,17:45,1,1,1,1.0,6.0,32331,nationale 21,M,"43,7223340","0,6236070",32,2019,80.0,3.0,1.0,2.0,2150953,1.0,1,3,1,4.0,,0.0,0,1977.0,A01,138Â 299Â 225,1.0,-1.0,-1.0,1642514,1.0,10,,2.0,0.0,3.0,A01,138Â 299Â 225,1.0
962363,201900003894,9,20,17:45,1,1,1,1.0,3.0,79049,Boulevard de Nantes,M,"46,8450320"," -0,5277920",79,2019,80.0,1.0,1.0,3.0,2150954,2.0,2,3,2,3.0,,0.0,0,1984.0,B01,138Â 299Â 223,1.0,-1.0,-1.0,1642515,1.0,7,,0.0,2.0,3.0,B01,138Â 299Â 223,1.0
962363,201900003894,9,20,17:45,1,1,1,1.0,3.0,79049,Boulevard de Nantes,M,"46,8450320"," -0,5277920",79,2019,80.0,1.0,1.0,3.0,2150954,2.0,2,3,2,3.0,,0.0,0,1984.0,B01,138Â 299Â 223,1.0,-1.0,-1.0,1642516,2.0,7,,0.0,2.0,1.0,A01,138Â 299Â 224,3.0
962363,201900003894,9,20,17:45,1,1,1,1.0,3.0,79049,Boulevard de Nantes,M,"46,8450320"," -0,5277920",79,2019,80.0,1.0,1.0,3.0,2150955,1.0,1,3,1,3.0,,0.0,0,1987.0,B01,138Â 299Â 223,1.0,-1.0,-1.0,1642515,1.0,7,,0.0,2.0,3.0,B01,138Â 299Â 223,1.0
962363,201900003894,9,20,17:45,1,1,1,1.0,3.0,79049,Boulevard de Nantes,M,"46,8450320"," -0,5277920",79,2019,80.0,1.0,1.0,3.0,2150955,1.0,1,3,1,3.0,,0.0,0,1987.0,B01,138Â 299Â 223,1.0,-1.0,-1.0,1642516,2.0,7,,0.0,2.0,1.0,A01,138Â 299Â 224,3.0
962363,201900003894,9,20,17:45,1,1,1,1.0,3.0,79049,Boulevard de Nantes,M,"46,8450320"," -0,5277920",79,2019,80.0,1.0,1.0,3.0,2150956,1.0,1,4,1,1.0,,0.0,0,1979.0,A01,138Â 299Â 224,1.0,-1.0,-1.0,1642515,1.0,7,,0.0,2.0,3.0,B01,138Â 299Â 223,1.0
962363,201900003894,9,20,17:45,1,1,1,1.0,3.0,79049,Boulevard de Nantes,M,"46,8450320"," -0,5277920",79,2019,80.0,1.0,1.0,3.0,2150956,1.0,1,4,1,1.0,,0.0,0,1979.0,A01,138Â 299Â 224,1.0,-1.0,-1.0,1642516,2.0,7,,0.0,2.0,1.0,A01,138Â 299Â 224,3.0
962364,201900003895,9,19,19:50,1,1,1,1.0,6.0,47263,Laubarede,M,"44,4777650","0,2125600",47,2019,80.0,3.0,1.0,3.0,2150957,1.0,1,3,2,5.0,,0.0,0,1965.0,A01,138Â 299Â 222,1.0,5.0,-1.0,1642517,2.0,7,,6.0,0.0,3.0,A01,138Â 299Â 222,1.0
962365,201900003896,9,20,05:35,3,1,1,1.0,2.0,85003,L'Echasserie,M,"46,7518800"," -1,5545700",85,2019,80.0,1.0,1.0,3.0,2150958,1.0,1,3,1,0.0,,0.0,0,2003.0,B01,138Â 299Â 220,8.0,-1.0,-1.0,1642518,1.0,2,,0.0,2.0,4.0,B01,138Â 299Â 220,1.0
962365,201900003896,9,20,05:35,3,1,1,1.0,2.0,85003,L'Echasserie,M,"46,7518800"," -1,5545700",85,2019,80.0,1.0,1.0,3.0,2150958,1.0,1,3,1,0.0,,0.0,0,2003.0,B01,138Â 299Â 220,8.0,-1.0,-1.0,1642519,1.0,7,,0.0,2.0,2.0,A01,138Â 299Â 221,1.0
962365,201900003896,9,20,05:35,3,1,1,1.0,2.0,85003,L'Echasserie,M,"46,7518800"," -1,5545700",85,2019,80.0,1.0,1.0,3.0,2150959,1.0,1,1,2,1.0,,0.0,0,1991.0,A01,138Â 299Â 221,1.0,-1.0,-1.0,1642518,1.0,2,,0.0,2.0,4.0,B01,138Â 299Â 220,1.0
962365,201900003896,9,20,05:35,3,1,1,1.0,2.0,85003,L'Echasserie,M,"46,7518800"," -1,5545700",85,2019,80.0,1.0,1.0,3.0,2150959,1.0,1,1,2,1.0,,0.0,0,1991.0,A01,138Â 299Â 221,1.0,-1.0,-1.0,1642519,1.0,7,,0.0,2.0,2.0,A01,138Â 299Â 221,1.0
962366,201900003897,9,20,12:50,1,1,9,1.0,3.0,85151,Rue du Puynardon,M,"46,9807640"," -0,9304820",85,2019,-1.0,1.0,1.0,4.0,2150960,2.0,2,1,1,1.0,,0.0,0,1984.0,A01,138Â 299Â 218,1.0,-1.0,-1.0,1642520,3.0,7,,0.0,2.0,3.0,A01,138Â 299Â 218,1.0
962366,201900003897,9,20,12:50,1,1,9,1.0,3.0,85151,Rue du Puynardon,M,"46,9807640"," -0,9304820",85,2019,-1.0,1.0,1.0,4.0,2150960,2.0,2,1,1,1.0,,0.0,0,1984.0,A01,138Â 299Â 218,1.0,-1.0,-1.0,1642521,3.0,2,,0.0,2.0,1.0,B01,138Â 299Â 219,1.0
962366,201900003897,9,20,12:50,1,1,9,1.0,3.0,85151,Rue du Puynardon,M,"46,9807640"," -0,9304820",85,2019,-1.0,1.0,1.0,4.0,2150961,1.0,1,1,1,1.0,,0.0,0,2000.0,A01,138Â 299Â 218,1.0,-1.0,-1.0,1642520,3.0,7,,0.0,2.0,3.0,A01,138Â 299Â 218,1.0
962366,201900003897,9,20,12:50,1,1,9,1.0,3.0,85151,Rue du Puynardon,M,"46,9807640"," -0,9304820",85,2019,-1.0,1.0,1.0,4.0,2150961,1.0,1,1,1,1.0,,0.0,0,2000.0,A01,138Â 299Â 218,1.0,-1.0,-1.0,1642521,3.0,2,,0.0,2.0,1.0,B01,138Â 299Â 219,1.0
962366,201900003897,9,20,12:50,1,1,9,1.0,3.0,85151,Rue du Puynardon,M,"46,9807640"," -0,9304820",85,2019,-1.0,1.0,1.0,4.0,2150962,1.0,1,3,1,1.0,,0.0,0,1985.0,B01,138Â 299Â 219,2.0,-1.0,-1.0,1642520,3.0,7,,0.0,2.0,3.0,A01,138Â 299Â 218,1.0
962366,201900003897,9,20,12:50,1,1,9,1.0,3.0,85151,Rue du Puynardon,M,"46,9807640"," -0,9304820",85,2019,-1.0,1.0,1.0,4.0,2150962,1.0,1,3,1,1.0,,0.0,0,1985.0,B01,138Â 299Â 219,2.0,-1.0,-1.0,1642521,3.0,2,,0.0,2.0,1.0,B01,138Â 299Â 219,1.0
962367,201900003898,9,20,11:30,1,1,2,1.0,3.0,60095,RD22E,M,"49,2424039","1,7128597",60,2019,80.0,1.0,1.0,3.0,2150963,1.0,1,1,2,0.0,,0.0,0,1979.0,A01,138Â 299Â 216,1.0,-1.0,-1.0,1642522,0.0,7,,0.0,2.0,2.0,A01,138Â 299Â 216,1.0
962367,201900003898,9,20,11:30,1,1,2,1.0,3.0,60095,RD22E,M,"49,2424039","1,7128597",60,2019,80.0,1.0,1.0,3.0,2150963,1.0,1,1,2,0.0,,0.0,0,1979.0,A01,138Â 299Â 216,1.0,-1.0,-1.0,1642523,0.0,2,,0.0,2.0,8.0,B01,138Â 299Â 217,1.0
962367,201900003898,9,20,11:30,1,1,2,1.0,3.0,60095,RD22E,M,"49,2424039","1,7128597",60,2019,80.0,1.0,1.0,3.0,2150964,1.0,1,4,1,0.0,,0.0,0,1971.0,B01,138Â 299Â 217,2.0,-1.0,-1.0,1642522,0.0,7,,0.0,2.0,2.0,A01,138Â 299Â 216,1.0
962367,201900003898,9,20,11:30,1,1,2,1.0,3.0,60095,RD22E,M,"49,2424039","1,7128597",60,2019,80.0,1.0,1.0,3.0,2150964,1.0,1,4,1,0.0,,0.0,0,1971.0,B01,138Â 299Â 217,2.0,-1.0,-1.0,1642523,0.0,2,,0.0,2.0,8.0,B01,138Â 299Â 217,1.0
962368,201900003899,9,20,10:00,1,2,1,1.0,6.0,60143,rue de l'hotel de ville,M,"49,2640010","1,8825290",60,2019,30.0,1.0,1.0,3.0,2150965,10.0,3,4,2,3.0,,2.0,3,1943.0,A01,138Â 299Â 215,0.0,-1.0,-1.0,1642524,1.0,7,,0.0,1.0,1.0,A01,138Â 299Â 215,1.0
962368,201900003899,9,20,10:00,1,2,1,1.0,6.0,60143,rue de l'hotel de ville,M,"49,2640010","1,8825290",60,2019,30.0,1.0,1.0,3.0,2150966,1.0,1,1,1,5.0,,0.0,0,1950.0,A01,138Â 299Â 215,1.0,-1.0,-1.0,1642524,1.0,7,,0.0,1.0,1.0,A01,138Â 299Â 215,1.0
962369,201900003900,9,19,17:30,1,2,1,1.0,7.0,59578,dÃ©partementale 916,M,"50,6735830","2,4845510",59,2019,50.0,1.0,1.0,3.0,2150967,1.0,1,3,1,0.0,,0.0,0,1967.0,A01,138Â 299Â 214,2.0,6.0,-1.0,1642525,1.0,33,,0.0,2.0,0.0,A01,138Â 299Â 214,1.0
962370,201900003901,9,18,07:44,1,1,1,1.0,3.0,13005,A50-Sens Aubagne vers Marseille,M,"43,1932600","5,6699400",13,2019,90.0,1.0,1.0,1.0,2150968,1.0,1,1,2,1.0,,-1.0,0,1983.0,A01,138Â 299Â 212,1.0,0.0,-1.0,1642526,2.0,7,,0.0,2.0,7.0,A01,138Â 299Â 212,1.0
962370,201900003901,9,18,07:44,1,1,1,1.0,3.0,13005,A50-Sens Aubagne vers Marseille,M,"43,1932600","5,6699400",13,2019,90.0,1.0,1.0,1.0,2150968,1.0,1,1,2,1.0,,-1.0,0,1983.0,A01,138Â 299Â 212,1.0,0.0,-1.0,1642527,2.0,33,,0.0,2.0,8.0,B01,138Â 299Â 213,1.0
962370,201900003901,9,18,07:44,1,1,1,1.0,3.0,13005,A50-Sens Aubagne vers Marseille,M,"43,1932600","5,6699400",13,2019,90.0,1.0,1.0,1.0,2150969,1.0,1,4,1,1.0,,-1.0,0,1993.0,B01,138Â 299Â 213,2.0,6.0,-1.0,1642526,2.0,7,,0.0,2.0,7.0,A01,138Â 299Â 212,1.0
962370,201900003901,9,18,07:44,1,1,1,1.0,3.0,13005,A50-Sens Aubagne vers Marseille,M,"43,1932600","5,6699400",13,2019,90.0,1.0,1.0,1.0,2150969,1.0,1,4,1,1.0,,-1.0,0,1993.0,B01,138Â 299Â 213,2.0,6.0,-1.0,1642527,2.0,33,,0.0,2.0,8.0,B01,138Â 299Â 213,1.0
962371,201900003902,9,19,06:45,5,1,1,1.0,2.0,33249,ROCADE A 630,M,"44,8846900"," -0,5121800",33,2019,90.0,1.0,1.0,1.0,2150970,1.0,1,4,1,1.0,,-1.0, -1,1969.0,A01,138Â 299Â 210,2.0,6.0,-1.0,1642528,1.0,33,,0.0,2.0,1.0,A01,138Â 299Â 210,1.0
962371,201900003902,9,19,06:45,5,1,1,1.0,2.0,33249,ROCADE A 630,M,"44,8846900"," -0,5121800",33,2019,90.0,1.0,1.0,1.0,2150970,1.0,1,4,1,1.0,,-1.0, -1,1969.0,A01,138Â 299Â 210,2.0,6.0,-1.0,1642529,1.0,7,,0.0,2.0,5.0,B01,138Â 299Â 211,1.0
962371,201900003902,9,19,06:45,5,1,1,1.0,2.0,33249,ROCADE A 630,M,"44,8846900"," -0,5121800",33,2019,90.0,1.0,1.0,1.0,2150971,1.0,1,1,1,0.0,,-1.0, -1,1984.0,B01,138Â 299Â 211,1.0,8.0,-1.0,1642528,1.0,33,,0.0,2.0,1.0,A01,138Â 299Â 210,1.0
962371,201900003902,9,19,06:45,5,1,1,1.0,2.0,33249,ROCADE A 630,M,"44,8846900"," -0,5121800",33,2019,90.0,1.0,1.0,1.0,2150971,1.0,1,1,1,0.0,,-1.0, -1,1984.0,B01,138Â 299Â 211,1.0,8.0,-1.0,1642529,1.0,7,,0.0,2.0,5.0,B01,138Â 299Â 211,1.0
962372,201900003903,9,19,14:40,1,1,1,1.0,3.0,91659,AUTOROUTE A6,M,"48,5887300","2,4479600",91,2019,110.0,1.0,1.0,1.0,2150972,1.0,1,1,2,0.0,,0.0,0,1966.0,A01,138Â 299Â 208,1.0,8.0,-1.0,1642530,1.0,7,,0.0,2.0,7.0,A01,138Â 299Â 208,1.0
962372,201900003903,9,19,14:40,1,1,1,1.0,3.0,91659,AUTOROUTE A6,M,"48,5887300","2,4479600",91,2019,110.0,1.0,1.0,1.0,2150972,1.0,1,1,2,0.0,,0.0,0,1966.0,A01,138Â 299Â 208,1.0,8.0,-1.0,1642531,1.0,14,,0.0,2.0,2.0,B01,138Â 299Â 209,1.0
962372,201900003903,9,19,14:40,1,1,1,1.0,3.0,91659,AUTOROUTE A6,M,"48,5887300","2,4479600",91,2019,110.0,1.0,1.0,1.0,2150973,4.0,2,4,2,0.0,,0.0,0,1988.0,A01,138Â 299Â 208,1.0,8.0,-1.0,1642530,1.0,7,,0.0,2.0,7.0,A01,138Â 299Â 208,1.0
962372,201900003903,9,19,14:40,1,1,1,1.0,3.0,91659,AUTOROUTE A6,M,"48,5887300","2,4479600",91,2019,110.0,1.0,1.0,1.0,2150973,4.0,2,4,2,0.0,,0.0,0,1988.0,A01,138Â 299Â 208,1.0,8.0,-1.0,1642531,1.0,14,,0.0,2.0,2.0,B01,138Â 299Â 209,1.0
962372,201900003903,9,19,14:40,1,1,1,1.0,3.0,91659,AUTOROUTE A6,M,"48,5887300","2,4479600",91,2019,110.0,1.0,1.0,1.0,2150974,1.0,1,1,1,0.0,,0.0,0,1985.0,B01,138Â 299Â 209,1.0,8.0,-1.0,1642530,1.0,7,,0.0,2.0,7.0,A01,138Â 299Â 208,1.0
962372,201900003903,9,19,14:40,1,1,1,1.0,3.0,91659,AUTOROUTE A6,M,"48,5887300","2,4479600",91,2019,110.0,1.0,1.0,1.0,2150974,1.0,1,1,1,0.0,,0.0,0,1985.0,B01,138Â 299Â 209,1.0,8.0,-1.0,1642531,1.0,14,,0.0,2.0,2.0,B01,138Â 299Â 209,1.0
962373,201900003904,9,19,13:35,1,1,1,1.0,3.0,94034,AUTOROUTE A86,M,"48,7599400","2,3214800",94,2019,90.0,1.0,1.0,1.0,2150975,1.0,1,4,1,0.0,,-1.0, -1,1988.0,A01,138Â 299Â 206,2.0,0.0,-1.0,1642532,2.0,33,,0.0,2.0,1.0,A01,138Â 299Â 206,1.0
962373,201900003904,9,19,13:35,1,1,1,1.0,3.0,94034,AUTOROUTE A86,M,"48,7599400","2,3214800",94,2019,90.0,1.0,1.0,1.0,2150975,1.0,1,4,1,0.0,,-1.0, -1,1988.0,A01,138Â 299Â 206,2.0,0.0,-1.0,1642533,2.0,7,,0.0,2.0,3.0,B01,138Â 299Â 207,1.0
962373,201900003904,9,19,13:35,1,1,1,1.0,3.0,94034,AUTOROUTE A86,M,"48,7599400","2,3214800",94,2019,90.0,1.0,1.0,1.0,2150976,1.0,1,1,1,0.0,,-1.0, -1,1974.0,B01,138Â 299Â 207,1.0,0.0,-1.0,1642532,2.0,33,,0.0,2.0,1.0,A01,138Â 299Â 206,1.0
962373,201900003904,9,19,13:35,1,1,1,1.0,3.0,94034,AUTOROUTE A86,M,"48,7599400","2,3214800",94,2019,90.0,1.0,1.0,1.0,2150976,1.0,1,1,1,0.0,,-1.0, -1,1974.0,B01,138Â 299Â 207,1.0,0.0,-1.0,1642533,2.0,7,,0.0,2.0,3.0,B01,138Â 299Â 207,1.0
962374,201900003905,9,18,21:30,3,1,1,1.0,2.0,93007,AUTOROUTE A3,M,"48,9332000","2,4809200",93,2019,110.0,1.0,1.0,1.0,2150977,1.0,1,1,1,9.0,,-1.0, -1,1984.0,B01,138Â 299Â 204,1.0,0.0,-1.0,1642534,1.0,10,,0.0,2.0,1.0,B01,138Â 299Â 204,1.0
962374,201900003905,9,18,21:30,3,1,1,1.0,2.0,93007,AUTOROUTE A3,M,"48,9332000","2,4809200",93,2019,110.0,1.0,1.0,1.0,2150977,1.0,1,1,1,9.0,,-1.0, -1,1984.0,B01,138Â 299Â 204,1.0,0.0,-1.0,1642535,1.0,7,,0.0,2.0,4.0,A01,138Â 299Â 205,1.0
962374,201900003905,9,18,21:30,3,1,1,1.0,2.0,93007,AUTOROUTE A3,M,"48,9332000","2,4809200",93,2019,110.0,1.0,1.0,1.0,2150978,1.0,1,4,2,0.0,,-1.0, -1,1992.0,A01,138Â 299Â 205,1.0,0.0,-1.0,1642534,1.0,10,,0.0,2.0,1.0,B01,138Â 299Â 204,1.0
962374,201900003905,9,18,21:30,3,1,1,1.0,2.0,93007,AUTOROUTE A3,M,"48,9332000","2,4809200",93,2019,110.0,1.0,1.0,1.0,2150978,1.0,1,4,2,0.0,,-1.0, -1,1992.0,A01,138Â 299Â 205,1.0,0.0,-1.0,1642535,1.0,7,,0.0,2.0,4.0,A01,138Â 299Â 205,1.0
962375,201900003906,9,18,18:00,1,1,1,1.0,5.0,93064,AUTOROUTE A86,M,"48,8819600","2,4738100",93,2019,70.0,1.0,1.0,1.0,2150979,1.0,1,1,1,9.0,,-1.0, -1,1975.0,C01,138Â 299Â 201,1.0,0.0,-1.0,1642536,2.0,7,,0.0,2.0,1.0,C01,138Â 299Â 201,1.0
962375,201900003906,9,18,18:00,1,1,1,1.0,5.0,93064,AUTOROUTE A86,M,"48,8819600","2,4738100",93,2019,70.0,1.0,1.0,1.0,2150979,1.0,1,1,1,9.0,,-1.0, -1,1975.0,C01,138Â 299Â 201,1.0,0.0,-1.0,1642537,2.0,10,,0.0,2.0,1.0,B01,138Â 299Â 202,1.0
962375,201900003906,9,18,18:00,1,1,1,1.0,5.0,93064,AUTOROUTE A86,M,"48,8819600","2,4738100",93,2019,70.0,1.0,1.0,1.0,2150979,1.0,1,1,1,9.0,,-1.0, -1,1975.0,C01,138Â 299Â 201,1.0,0.0,-1.0,1642538,2.0,10,,0.0,2.0,4.0,A01,138Â 299Â 203,1.0
962375,201900003906,9,18,18:00,1,1,1,1.0,5.0,93064,AUTOROUTE A86,M,"48,8819600","2,4738100",93,2019,70.0,1.0,1.0,1.0,2150980,1.0,1,4,1,9.0,,-1.0, -1,1977.0,B01,138Â 299Â 202,1.0,0.0,-1.0,1642536,2.0,7,,0.0,2.0,1.0,C01,138Â 299Â 201,1.0
962375,201900003906,9,18,18:00,1,1,1,1.0,5.0,93064,AUTOROUTE A86,M,"48,8819600","2,4738100",93,2019,70.0,1.0,1.0,1.0,2150980,1.0,1,4,1,9.0,,-1.0, -1,1977.0,B01,138Â 299Â 202,1.0,0.0,-1.0,1642537,2.0,10,,0.0,2.0,1.0,B01,138Â 299Â 202,1.0
962375,201900003906,9,18,18:00,1,1,1,1.0,5.0,93064,AUTOROUTE A86,M,"48,8819600","2,4738100",93,2019,70.0,1.0,1.0,1.0,2150980,1.0,1,4,1,9.0,,-1.0, -1,1977.0,B01,138Â 299Â 202,1.0,0.0,-1.0,1642538,2.0,10,,0.0,2.0,4.0,A01,138Â 299Â 203,1.0
962375,201900003906,9,18,18:00,1,1,1,1.0,5.0,93064,AUTOROUTE A86,M,"48,8819600","2,4738100",93,2019,70.0,1.0,1.0,1.0,2150981,1.0,1,1,1,0.0,,-1.0, -1,1988.0,A01,138Â 299Â 203,1.0,0.0,-1.0,1642536,2.0,7,,0.0,2.0,1.0,C01,138Â 299Â 201,1.0
962375,201900003906,9,18,18:00,1,1,1,1.0,5.0,93064,AUTOROUTE A86,M,"48,8819600","2,4738100",93,2019,70.0,1.0,1.0,1.0,2150981,1.0,1,1,1,0.0,,-1.0, -1,1988.0,A01,138Â 299Â 203,1.0,0.0,-1.0,1642537,2.0,10,,0.0,2.0,1.0,B01,138Â 299Â 202,1.0
962375,201900003906,9,18,18:00,1,1,1,1.0,5.0,93064,AUTOROUTE A86,M,"48,8819600","2,4738100",93,2019,70.0,1.0,1.0,1.0,2150981,1.0,1,1,1,0.0,,-1.0, -1,1988.0,A01,138Â 299Â 203,1.0,0.0,-1.0,1642538,2.0,10,,0.0,2.0,4.0,A01,138Â 299Â 203,1.0
962376,201900003907,9,18,17:00,1,1,1,1.0,2.0,93064,AUTOROUTE A86,M,"48,8824700","2,4716400",93,2019,90.0,1.0,1.0,1.0,2150982,1.0,1,1,1,0.0,,-1.0, -1,1978.0,B01,138Â 299Â 199,1.0,8.0,-1.0,1642539,1.0,7,,0.0,2.0,4.0,B01,138Â 299Â 199,1.0
962376,201900003907,9,18,17:00,1,1,1,1.0,2.0,93064,AUTOROUTE A86,M,"48,8824700","2,4716400",93,2019,90.0,1.0,1.0,1.0,2150982,1.0,1,1,1,0.0,,-1.0, -1,1978.0,B01,138Â 299Â 199,1.0,8.0,-1.0,1642540,1.0,7,,0.0,2.0,1.0,A01,138Â 299Â 200,1.0
962376,201900003907,9,18,17:00,1,1,1,1.0,2.0,93064,AUTOROUTE A86,M,"48,8824700","2,4716400",93,2019,90.0,1.0,1.0,1.0,2150983,3.0,2,4,1,5.0,,-1.0, -1,2010.0,B01,138Â 299Â 199,1.0,8.0,-1.0,1642539,1.0,7,,0.0,2.0,4.0,B01,138Â 299Â 199,1.0
962376,201900003907,9,18,17:00,1,1,1,1.0,2.0,93064,AUTOROUTE A86,M,"48,8824700","2,4716400",93,2019,90.0,1.0,1.0,1.0,2150983,3.0,2,4,1,5.0,,-1.0, -1,2010.0,B01,138Â 299Â 199,1.0,8.0,-1.0,1642540,1.0,7,,0.0,2.0,1.0,A01,138Â 299Â 200,1.0
962376,201900003907,9,18,17:00,1,1,1,1.0,2.0,93064,AUTOROUTE A86,M,"48,8824700","2,4716400",93,2019,90.0,1.0,1.0,1.0,2150984,2.0,2,4,1,0.0,,-1.0, -1,2007.0,B01,138Â 299Â 199,1.0,0.0,-1.0,1642539,1.0,7,,0.0,2.0,4.0,B01,138Â 299Â 199,1.0
962376,201900003907,9,18,17:00,1,1,1,1.0,2.0,93064,AUTOROUTE A86,M,"48,8824700","2,4716400",93,2019,90.0,1.0,1.0,1.0,2150984,2.0,2,4,1,0.0,,-1.0, -1,2007.0,B01,138Â 299Â 199,1.0,0.0,-1.0,1642540,1.0,7,,0.0,2.0,1.0,A01,138Â 299Â 200,1.0
962376,201900003907,9,18,17:00,1,1,1,1.0,2.0,93064,AUTOROUTE A86,M,"48,8824700","2,4716400",93,2019,90.0,1.0,1.0,1.0,2150985,1.0,1,1,1,0.0,,-1.0, -1,1997.0,A01,138Â 299Â 200,1.0,8.0,-1.0,1642539,1.0,7,,0.0,2.0,4.0,B01,138Â 299Â 199,1.0
962376,201900003907,9,18,17:00,1,1,1,1.0,2.0,93064,AUTOROUTE A86,M,"48,8824700","2,4716400",93,2019,90.0,1.0,1.0,1.0,2150985,1.0,1,1,1,0.0,,-1.0, -1,1997.0,A01,138Â 299Â 200,1.0,8.0,-1.0,1642540,1.0,7,,0.0,2.0,1.0,A01,138Â 299Â 200,1.0
962377,201900003908,9,18,13:15,1,1,1,1.0,2.0,93064,AUTOROUTE A86,M,"48,8734400","2,4797200",93,2019,90.0,1.0,1.0,1.0,2150986,1.0,1,1,1,0.0,,-1.0, -1,1986.0,B01,138Â 299Â 197,1.0,0.0,-1.0,1642541,1.0,10,,0.0,2.0,4.0,B01,138Â 299Â 197,1.0
962377,201900003908,9,18,13:15,1,1,1,1.0,2.0,93064,AUTOROUTE A86,M,"48,8734400","2,4797200",93,2019,90.0,1.0,1.0,1.0,2150986,1.0,1,1,1,0.0,,-1.0, -1,1986.0,B01,138Â 299Â 197,1.0,0.0,-1.0,1642542,1.0,33,,0.0,2.0,1.0,A01,138Â 299Â 198,1.0
962377,201900003908,9,18,13:15,1,1,1,1.0,2.0,93064,AUTOROUTE A86,M,"48,8734400","2,4797200",93,2019,90.0,1.0,1.0,1.0,2150987,1.0,1,4,1,1.0,,-1.0, -1,1989.0,A01,138Â 299Â 198,2.0,6.0,-1.0,1642541,1.0,10,,0.0,2.0,4.0,B01,138Â 299Â 197,1.0
962377,201900003908,9,18,13:15,1,1,1,1.0,2.0,93064,AUTOROUTE A86,M,"48,8734400","2,4797200",93,2019,90.0,1.0,1.0,1.0,2150987,1.0,1,4,1,1.0,,-1.0, -1,1989.0,A01,138Â 299Â 198,2.0,6.0,-1.0,1642542,1.0,33,,0.0,2.0,1.0,A01,138Â 299Â 198,1.0
962378,201900003909,9,18,10:15,1,1,1,1.0,4.0,93066,AUTOROUTE A86,M,"48,9255500","2,3397200",93,2019,90.0,1.0,1.0,1.0,2150988,1.0,1,4,2,0.0,,-1.0, -1,1988.0,D01,138Â 299Â 193,1.0,0.0,-1.0,1642543,2.0,7,,0.0,2.0,4.0,D01,138Â 299Â 193,1.0
962378,201900003909,9,18,10:15,1,1,1,1.0,4.0,93066,AUTOROUTE A86,M,"48,9255500","2,3397200",93,2019,90.0,1.0,1.0,1.0,2150988,1.0,1,4,2,0.0,,-1.0, -1,1988.0,D01,138Â 299Â 193,1.0,0.0,-1.0,1642544,2.0,7,,0.0,2.0,4.0,C01,138Â 299Â 194,1.0
962378,201900003909,9,18,10:15,1,1,1,1.0,4.0,93066,AUTOROUTE A86,M,"48,9255500","2,3397200",93,2019,90.0,1.0,1.0,1.0,2150988,1.0,1,4,2,0.0,,-1.0, -1,1988.0,D01,138Â 299Â 193,1.0,0.0,-1.0,1642545,2.0,7,,0.0,2.0,4.0,B01,138Â 299Â 195,1.0
962378,201900003909,9,18,10:15,1,1,1,1.0,4.0,93066,AUTOROUTE A86,M,"48,9255500","2,3397200",93,2019,90.0,1.0,1.0,1.0,2150988,1.0,1,4,2,0.0,,-1.0, -1,1988.0,D01,138Â 299Â 193,1.0,0.0,-1.0,1642546,2.0,10,,0.0,2.0,1.0,A01,138Â 299Â 196,1.0