Unnamed: 0_x,num_acc,mois,jour,hrmn,lum,agg,int,atm,col,com,adr,gps,lat,long,dep,annee,vma,situ,surf,catr,Unnamed: 0_y,place,catu,grav,sexe,trajet,secu,locp,actp,an_nais,num_veh_x,id_vehicule_x,secu1,secu2,secu3,Unnamed: 0,senc,catv,occutc,obs,obsm,choc,num_veh_y,id_vehicule_y,motor
962378,201900003909,9,18,10:15,1,1,1,1.0,4.0,93066,AUTOROUTE A86,M,"48,9255500","2,3397200",93,2019,90.0,1.0,1.0,1.0,2150989,1.0,1,1,2,0.0,,-1.0, -1,1975.0,C01,138Â 299Â 194,1.0,0.0,-1.0,1642543,2.0,7,,0.0,2.0,4.0,D01,138Â 299Â 193,1.0
962378,201900003909,9,18,10:15,1,1,1,1.0,4.0,93066,AUTOROUTE A86,M,"48,9255500","2,3397200",93,2019,90.0,1.0,1.0,1.0,2150989,1.0,1,1,2,0.0,,-1.0, -1,1975.0,C01,138Â 299Â 194,1.0,0.0,-1.0,1642544,2.0,7,,0.0,2.0,4.0,C01,138Â 299Â 194,1.0
962378,201900003909,9,18,10:15,1,1,1,1.0,4.0,93066,AUTOROUTE A86,M,"48,9255500","2,3397200",93,2019,90.0,1.0,1.0,1.0,2150989,1.0,1,1,2,0.0,,-1.0, -1,1975.0,C01,138Â 299Â 194,1.0,0.0,-1.0,1642545,2.0,7,,0.0,2.0,4.0,B01,138Â 299Â 195,1.0
962378,201900003909,9,18,10:15,1,1,1,1.0,4.0,93066,AUTOROUTE A86,M,"48,9255500","2,3397200",93,2019,90.0,1.0,1.0,1.0,2150989,1.0,1,1,2,0.0,,-1.0, -1,1975.0,C01,138Â 299Â 194,1.0,0.0,-1.0,1642546,2.0,10,,0.0,2.0,1.0,A01,138Â 299Â 196,1.0
962378,201900003909,9,18,10:15,1,1,1,1.0,4.0,93066,AUTOROUTE A86,M,"48,9255500","2,3397200",93,2019,90.0,1.0,1.0,1.0,2150990,1.0,1,1,2,0.0,,-1.0, -1,1960.0,B01,138Â 299Â 195,1.0,0.0,-1.0,1642543,2.0,7,,0.0,2.0,4.0,D01,138Â 299Â 193,1.0
962378,201900003909,9,18,10:15,1,1,1,1.0,4.0,93066,AUTOROUTE A86,M,"48,9255500","2,3397200",93,2019,90.0,1.0,1.0,1.0,2150990,1.0,1,1,2,0.0,,-1.0, -1,1960.0,B01,138Â 299Â 195,1.0,0.0,-1.0,1642544,2.0,7,,0.0,2.0,4.0,C01,138Â 299Â 194,1.0
962378,201900003909,9,18,10:15,1,1,1,1.0,4.0,93066,AUTOROUTE A86,M,"48,9255500","2,3397200",93,2019,90.0,1.0,1.0,1.0,2150990,1.0,1,1,2,0.0,,-1.0, -1,1960.0,B01,138Â 299Â 195,1.0,0.0,-1.0,1642545,2.0,7,,0.0,2.0,4.0,B01,138Â 299Â 195,1.0
962378,201900003909,9,18,10:15,1,1,1,1.0,4.0,93066,AUTOROUTE A86,M,"48,9255500","2,3397200",93,2019,90.0,1.0,1.0,1.0,2150990,1.0,1,1,2,0.0,,-1.0, -1,1960.0,B01,138Â 299Â 195,1.0,0.0,-1.0,1642546,2.0,10,,0.0,2.0,1.0,A01,138Â 299Â 196,1.0
962378,201900003909,9,18,10:15,1,1,1,1.0,4.0,93066,AUTOROUTE A86,M,"48,9255500","2,3397200",93,2019,90.0,1.0,1.0,1.0,2150991,1.0,1,1,1,0.0,,-1.0, -1,1962.0,A01,138Â 299Â 196,1.0,0.0,-1.0,1642543,2.0,7,,0.0,2.0,4.0,D01,138Â 299Â 193,1.0
962378,201900003909,9,18,10:15,1,1,1,1.0,4.0,93066,AUTOROUTE A86,M,"48,9255500","2,3397200",93,2019,90.0,1.0,1.0,1.0,2150991,1.0,1,1,1,0.0,,-1.0, -1,1962.0,A01,138Â 299Â 196,1.0,0.0,-1.0,1642544,2.0,7,,0.0,2.0,4.0,C01,138Â 299Â 194,1.0
962378,201900003909,9,18,10:15,1,1,1,1.0,4.0,93066,AUTOROUTE A86,M,"48,9255500","2,3397200",93,2019,90.0,1.0,1.0,1.0,2150991,1.0,1,1,1,0.0,,-1.0, -1,1962.0,A01,138Â 299Â 196,1.0,0.0,-1.0,1642545,2.0,7,,0.0,2.0,4.0,B01,138Â 299Â 195,1.0
962378,201900003909,9,18,10:15,1,1,1,1.0,4.0,93066,AUTOROUTE A86,M,"48,9255500","2,3397200",93,2019,90.0,1.0,1.0,1.0,2150991,1.0,1,1,1,0.0,,-1.0, -1,1962.0,A01,138Â 299Â 196,1.0,0.0,-1.0,1642546,2.0,10,,0.0,2.0,1.0,A01,138Â 299Â 196,1.0
962379,201900003910,9,19,05:50,4,1,1,1.0,2.0,94081,A86 INT,M,"48,7744000","2,4098000",94,2019,90.0,1.0,1.0,1.0,2150992,1.0,1,4,1,1.0,,-1.0,0,1970.0,A01,138Â 299Â 191,2.0,0.0,-1.0,1642547,2.0,33,,0.0,2.0,1.0,A01,138Â 299Â 191,1.0
962379,201900003910,9,19,05:50,4,1,1,1.0,2.0,94081,A86 INT,M,"48,7744000","2,4098000",94,2019,90.0,1.0,1.0,1.0,2150992,1.0,1,4,1,1.0,,-1.0,0,1970.0,A01,138Â 299Â 191,2.0,0.0,-1.0,1642548,2.0,7,,0.0,2.0,4.0,B01,138Â 299Â 192,1.0
962379,201900003910,9,19,05:50,4,1,1,1.0,2.0,94081,A86 INT,M,"48,7744000","2,4098000",94,2019,90.0,1.0,1.0,1.0,2150993,1.0,1,1,1,1.0,,-1.0,0,1994.0,B01,138Â 299Â 192,1.0,0.0,-1.0,1642547,2.0,33,,0.0,2.0,1.0,A01,138Â 299Â 191,1.0
962379,201900003910,9,19,05:50,4,1,1,1.0,2.0,94081,A86 INT,M,"48,7744000","2,4098000",94,2019,90.0,1.0,1.0,1.0,2150993,1.0,1,1,1,1.0,,-1.0,0,1994.0,B01,138Â 299Â 192,1.0,0.0,-1.0,1642548,2.0,7,,0.0,2.0,4.0,B01,138Â 299Â 192,1.0
962380,201900003911,9,8,10:00,1,1,1,1.0,2.0,94046,A86 INT,M,"48,8045500","2,4485800",94,2019,90.0,1.0,1.0,1.0,2150994,4.0,2,4,1,5.0,,-1.0,0,2009.0,B01,138Â 299Â 189,1.0,0.0,-1.0,1642549,1.0,7,,0.0,2.0,4.0,B01,138Â 299Â 189,1.0
962380,201900003911,9,8,10:00,1,1,1,1.0,2.0,94046,A86 INT,M,"48,8045500","2,4485800",94,2019,90.0,1.0,1.0,1.0,2150994,4.0,2,4,1,5.0,,-1.0,0,2009.0,B01,138Â 299Â 189,1.0,0.0,-1.0,1642550,1.0,7,,0.0,2.0,1.0,A01,138Â 299Â 190,1.0
962380,201900003911,9,8,10:00,1,1,1,1.0,2.0,94046,A86 INT,M,"48,8045500","2,4485800",94,2019,90.0,1.0,1.0,1.0,2150995,2.0,2,4,2,5.0,,-1.0,0,2000.0,B01,138Â 299Â 189,1.0,0.0,-1.0,1642549,1.0,7,,0.0,2.0,4.0,B01,138Â 299Â 189,1.0
962380,201900003911,9,8,10:00,1,1,1,1.0,2.0,94046,A86 INT,M,"48,8045500","2,4485800",94,2019,90.0,1.0,1.0,1.0,2150995,2.0,2,4,2,5.0,,-1.0,0,2000.0,B01,138Â 299Â 189,1.0,0.0,-1.0,1642550,1.0,7,,0.0,2.0,1.0,A01,138Â 299Â 190,1.0
962380,201900003911,9,8,10:00,1,1,1,1.0,2.0,94046,A86 INT,M,"48,8045500","2,4485800",94,2019,90.0,1.0,1.0,1.0,2150996,1.0,1,4,2,0.0,,-1.0,0,1985.0,B01,138Â 299Â 189,1.0,0.0,-1.0,1642549,1.0,7,,0.0,2.0,4.0,B01,138Â 299Â 189,1.0
962380,201900003911,9,8,10:00,1,1,1,1.0,2.0,94046,A86 INT,M,"48,8045500","2,4485800",94,2019,90.0,1.0,1.0,1.0,2150996,1.0,1,4,2,0.0,,-1.0,0,1985.0,B01,138Â 299Â 189,1.0,0.0,-1.0,1642550,1.0,7,,0.0,2.0,1.0,A01,138Â 299Â 190,1.0
962380,201900003911,9,8,10:00,1,1,1,1.0,2.0,94046,A86 INT,M,"48,8045500","2,4485800",94,2019,90.0,1.0,1.0,1.0,2150997,1.0,1,1,1,0.0,,-1.0,0,1995.0,A01,138Â 299Â 190,8.0,0.0,-1.0,1642549,1.0,7,,0.0,2.0,4.0,B01,138Â 299Â 189,1.0
962380,201900003911,9,8,10:00,1,1,1,1.0,2.0,94046,A86 INT,M,"48,8045500","2,4485800",94,2019,90.0,1.0,1.0,1.0,2150997,1.0,1,1,1,0.0,,-1.0,0,1995.0,A01,138Â 299Â 190,8.0,0.0,-1.0,1642550,1.0,7,,0.0,2.0,1.0,A01,138Â 299Â 190,1.0
962381,201900003912,9,17,18:55,1,2,1,1.0,4.0,45234,PONT JOFFRE,M,"47,8973000","1,8954000",45,2019,50.0,1.0,1.0,4.0,2150998,1.0,1,1,2,1.0,,0.0,0,1980.0,C01,138Â 299Â 186,1.0,0.0,-1.0,1642551,2.0,7,,0.0,2.0,4.0,C01,138Â 299Â 186,1.0
962381,201900003912,9,17,18:55,1,2,1,1.0,4.0,45234,PONT JOFFRE,M,"47,8973000","1,8954000",45,2019,50.0,1.0,1.0,4.0,2150998,1.0,1,1,2,1.0,,0.0,0,1980.0,C01,138Â 299Â 186,1.0,0.0,-1.0,1642552,2.0,7,,0.0,2.0,4.0,B01,138Â 299Â 187,1.0
962381,201900003912,9,17,18:55,1,2,1,1.0,4.0,45234,PONT JOFFRE,M,"47,8973000","1,8954000",45,2019,50.0,1.0,1.0,4.0,2150998,1.0,1,1,2,1.0,,0.0,0,1980.0,C01,138Â 299Â 186,1.0,0.0,-1.0,1642553,2.0,37,1.0,0.0,2.0,1.0,A01,138Â 299Â 188,1.0
962381,201900003912,9,17,18:55,1,2,1,1.0,4.0,45234,PONT JOFFRE,M,"47,8973000","1,8954000",45,2019,50.0,1.0,1.0,4.0,2150999,2.0,2,1,1,5.0,,0.0,0,1959.0,B01,138Â 299Â 187,1.0,0.0,-1.0,1642551,2.0,7,,0.0,2.0,4.0,C01,138Â 299Â 186,1.0
962381,201900003912,9,17,18:55,1,2,1,1.0,4.0,45234,PONT JOFFRE,M,"47,8973000","1,8954000",45,2019,50.0,1.0,1.0,4.0,2150999,2.0,2,1,1,5.0,,0.0,0,1959.0,B01,138Â 299Â 187,1.0,0.0,-1.0,1642552,2.0,7,,0.0,2.0,4.0,B01,138Â 299Â 187,1.0
962381,201900003912,9,17,18:55,1,2,1,1.0,4.0,45234,PONT JOFFRE,M,"47,8973000","1,8954000",45,2019,50.0,1.0,1.0,4.0,2150999,2.0,2,1,1,5.0,,0.0,0,1959.0,B01,138Â 299Â 187,1.0,0.0,-1.0,1642553,2.0,37,1.0,0.0,2.0,1.0,A01,138Â 299Â 188,1.0
962381,201900003912,9,17,18:55,1,2,1,1.0,4.0,45234,PONT JOFFRE,M,"47,8973000","1,8954000",45,2019,50.0,1.0,1.0,4.0,2151000,1.0,1,4,2,5.0,,0.0,0,1965.0,B01,138Â 299Â 187,1.0,0.0,-1.0,1642551,2.0,7,,0.0,2.0,4.0,C01,138Â 299Â 186,1.0
962381,201900003912,9,17,18:55,1,2,1,1.0,4.0,45234,PONT JOFFRE,M,"47,8973000","1,8954000",45,2019,50.0,1.0,1.0,4.0,2151000,1.0,1,4,2,5.0,,0.0,0,1965.0,B01,138Â 299Â 187,1.0,0.0,-1.0,1642552,2.0,7,,0.0,2.0,4.0,B01,138Â 299Â 187,1.0
962381,201900003912,9,17,18:55,1,2,1,1.0,4.0,45234,PONT JOFFRE,M,"47,8973000","1,8954000",45,2019,50.0,1.0,1.0,4.0,2151000,1.0,1,4,2,5.0,,0.0,0,1965.0,B01,138Â 299Â 187,1.0,0.0,-1.0,1642553,2.0,37,1.0,0.0,2.0,1.0,A01,138Â 299Â 188,1.0
962381,201900003912,9,17,18:55,1,2,1,1.0,4.0,45234,PONT JOFFRE,M,"47,8973000","1,8954000",45,2019,50.0,1.0,1.0,4.0,2151001,1.0,1,1,1,0.0,,-1.0, -1,1972.0,A01,138Â 299Â 188,1.0,0.0,-1.0,1642551,2.0,7,,0.0,2.0,4.0,C01,138Â 299Â 186,1.0
962381,201900003912,9,17,18:55,1,2,1,1.0,4.0,45234,PONT JOFFRE,M,"47,8973000","1,8954000",45,2019,50.0,1.0,1.0,4.0,2151001,1.0,1,1,1,0.0,,-1.0, -1,1972.0,A01,138Â 299Â 188,1.0,0.0,-1.0,1642552,2.0,7,,0.0,2.0,4.0,B01,138Â 299Â 187,1.0
962381,201900003912,9,17,18:55,1,2,1,1.0,4.0,45234,PONT JOFFRE,M,"47,8973000","1,8954000",45,2019,50.0,1.0,1.0,4.0,2151001,1.0,1,1,1,0.0,,-1.0, -1,1972.0,A01,138Â 299Â 188,1.0,0.0,-1.0,1642553,2.0,37,1.0,0.0,2.0,1.0,A01,138Â 299Â 188,1.0
962382,201900003913,9,17,19:25,2,2,7,1.0,2.0,94059,CHERET (AV),M,"48,8054400","2,5849200",94,2019,50.0,1.0,1.0,4.0,2151002,1.0,1,4,2,0.0,,-1.0,0,1982.0,B01,138Â 299Â 179,1.0,0.0,-1.0,1642554,1.0,7,,0.0,2.0,4.0,B01,138Â 299Â 179,1.0
962382,201900003913,9,17,19:25,2,2,7,1.0,2.0,94059,CHERET (AV),M,"48,8054400","2,5849200",94,2019,50.0,1.0,1.0,4.0,2151002,1.0,1,4,2,0.0,,-1.0,0,1982.0,B01,138Â 299Â 179,1.0,0.0,-1.0,1642555,1.0,7,,0.0,2.0,1.0,A01,138Â 299Â 180,1.0
962382,201900003913,9,17,19:25,2,2,7,1.0,2.0,94059,CHERET (AV),M,"48,8054400","2,5849200",94,2019,50.0,1.0,1.0,4.0,2151003,1.0,1,1,1,0.0,,-1.0,0,1951.0,A01,138Â 299Â 180,1.0,8.0,-1.0,1642554,1.0,7,,0.0,2.0,4.0,B01,138Â 299Â 179,1.0
962382,201900003913,9,17,19:25,2,2,7,1.0,2.0,94059,CHERET (AV),M,"48,8054400","2,5849200",94,2019,50.0,1.0,1.0,4.0,2151003,1.0,1,1,1,0.0,,-1.0,0,1951.0,A01,138Â 299Â 180,1.0,8.0,-1.0,1642555,1.0,7,,0.0,2.0,1.0,A01,138Â 299Â 180,1.0
962383,201900003914,9,17,12:40,1,2,1,1.0,3.0,93055,JEAN LOLIVE (AVENUE)(55/73.62/86),M,"48,8918200","2,4052200",93,2019,50.0,1.0,1.0,3.0,2151004,1.0,1,4,1,9.0,,-1.0, -1,1978.0,B01,138Â 299Â 177,2.0,0.0,-1.0,1642556,2.0,34,,0.0,2.0,5.0,B01,138Â 299Â 177,1.0
962383,201900003914,9,17,12:40,1,2,1,1.0,3.0,93055,JEAN LOLIVE (AVENUE)(55/73.62/86),M,"48,8918200","2,4052200",93,2019,50.0,1.0,1.0,3.0,2151004,1.0,1,4,1,9.0,,-1.0, -1,1978.0,B01,138Â 299Â 177,2.0,0.0,-1.0,1642557,2.0,7,,0.0,2.0,3.0,A01,138Â 299Â 178,1.0
962383,201900003914,9,17,12:40,1,2,1,1.0,3.0,93055,JEAN LOLIVE (AVENUE)(55/73.62/86),M,"48,8918200","2,4052200",93,2019,50.0,1.0,1.0,3.0,2151005,1.0,1,1,2,4.0,,-1.0, -1,1972.0,A01,138Â 299Â 178,1.0,0.0,-1.0,1642556,2.0,34,,0.0,2.0,5.0,B01,138Â 299Â 177,1.0
962383,201900003914,9,17,12:40,1,2,1,1.0,3.0,93055,JEAN LOLIVE (AVENUE)(55/73.62/86),M,"48,8918200","2,4052200",93,2019,50.0,1.0,1.0,3.0,2151005,1.0,1,1,2,4.0,,-1.0, -1,1972.0,A01,138Â 299Â 178,1.0,0.0,-1.0,1642557,2.0,7,,0.0,2.0,3.0,A01,138Â 299Â 178,1.0
962384,201900003915,9,15,21:54,3,1,1,1.0,6.0,93007,AUTOROUTE A3,M,"48,9372920","2,4802110",93,2019,110.0,1.0,1.0,1.0,2151006,1.0,1,4,1,0.0,,-1.0, -1,1988.0,A01,138Â 299Â 176,2.0,6.0,-1.0,1642558,2.0,34,,4.0,0.0,1.0,A01,138Â 299Â 176,1.0
962385,201900003916,9,13,23:10,3,1,1,1.0,2.0,95028,RN 104,M,"49,0625500","2,3370200",95,2019,90.0,1.0,1.0,2.0,2151007,1.0,1,4,1,5.0,,-1.0,0,1983.0,A01,138Â 299Â 174,1.0,8.0,-1.0,1642559,2.0,7,,14.0,2.0,2.0,A01,138Â 299Â 174,1.0
962385,201900003916,9,13,23:10,3,1,1,1.0,2.0,95028,RN 104,M,"49,0625500","2,3370200",95,2019,90.0,1.0,1.0,2.0,2151007,1.0,1,4,1,5.0,,-1.0,0,1983.0,A01,138Â 299Â 174,1.0,8.0,-1.0,1642560,2.0,7,,0.0,2.0,6.0,B01,138Â 299Â 175,1.0
962385,201900003916,9,13,23:10,3,1,1,1.0,2.0,95028,RN 104,M,"49,0625500","2,3370200",95,2019,90.0,1.0,1.0,2.0,2151008,2.0,2,1,2,5.0,,-1.0,0,2002.0,B01,138Â 299Â 175,8.0,0.0,-1.0,1642559,2.0,7,,14.0,2.0,2.0,A01,138Â 299Â 174,1.0
962385,201900003916,9,13,23:10,3,1,1,1.0,2.0,95028,RN 104,M,"49,0625500","2,3370200",95,2019,90.0,1.0,1.0,2.0,2151008,2.0,2,1,2,5.0,,-1.0,0,2002.0,B01,138Â 299Â 175,8.0,0.0,-1.0,1642560,2.0,7,,0.0,2.0,6.0,B01,138Â 299Â 175,1.0
962385,201900003916,9,13,23:10,3,1,1,1.0,2.0,95028,RN 104,M,"49,0625500","2,3370200",95,2019,90.0,1.0,1.0,2.0,2151009,1.0,1,1,2,5.0,,-1.0,0,1979.0,B01,138Â 299Â 175,8.0,0.0,-1.0,1642559,2.0,7,,14.0,2.0,2.0,A01,138Â 299Â 174,1.0
962385,201900003916,9,13,23:10,3,1,1,1.0,2.0,95028,RN 104,M,"49,0625500","2,3370200",95,2019,90.0,1.0,1.0,2.0,2151009,1.0,1,1,2,5.0,,-1.0,0,1979.0,B01,138Â 299Â 175,8.0,0.0,-1.0,1642560,2.0,7,,0.0,2.0,6.0,B01,138Â 299Â 175,1.0
962386,201900003917,9,18,18:25,5,2,2,1.0,6.0,98818,RUE DU DOCTEUR GUEGAN/Rue eugene Porcheron,M," -22,2754000","166,4447000",988,2019,50.0,1.0,1.0,4.0,2151010,1.0,1,1,1,0.0,,0.0,0,1972.0,A01,138Â 299Â 173,1.0,0.0,-1.0,1642561,0.0,7,,0.0,1.0,1.0,A01,138Â 299Â 173,1.0
962386,201900003917,9,18,18:25,5,2,2,1.0,6.0,98818,RUE DU DOCTEUR GUEGAN/Rue eugene Porcheron,M," -22,2754000","166,4447000",988,2019,50.0,1.0,1.0,4.0,2151011,10.0,3,4,2,9.0,,3.0,3,1940.0,A01,138Â 299Â 173,8.0,0.0,-1.0,1642561,0.0,7,,0.0,1.0,1.0,A01,138Â 299Â 173,1.0
962387,201900003918,9,18,13:10,1,2,3,1.0,6.0,98818,ENTRECASTEAUX (RUE D')/Rue Marechal Juin,M," -22,2731300","166,4616200",988,2019,50.0,3.0,1.0,4.0,2151012,1.0,1,4,1,0.0,,0.0,0,1998.0,A01,138Â 299Â 172,1.0,5.0,-1.0,1642562,3.0,7,,7.0,0.0,0.0,A01,138Â 299Â 172,1.0
962388,201900003919,9,16,10:15,1,2,1,1.0,2.0,97411,LORY LES HAUTS (RUE),M," -20,8974000","55,4808000",974,2019,50.0,1.0,1.0,4.0,2151013,1.0,1,1,2,0.0,,-1.0, -1,1974.0,B01,138Â 299Â 170,1.0,0.0,-1.0,1642563,3.0,7,,0.0,2.0,4.0,B01,138Â 299Â 170,1.0
962388,201900003919,9,16,10:15,1,2,1,1.0,2.0,97411,LORY LES HAUTS (RUE),M," -20,8974000","55,4808000",974,2019,50.0,1.0,1.0,4.0,2151013,1.0,1,1,2,0.0,,-1.0, -1,1974.0,B01,138Â 299Â 170,1.0,0.0,-1.0,1642564,3.0,1,,0.0,2.0,1.0,A01,138Â 299Â 171,5.0
962388,201900003919,9,16,10:15,1,2,1,1.0,2.0,97411,LORY LES HAUTS (RUE),M," -20,8974000","55,4808000",974,2019,50.0,1.0,1.0,4.0,2151014,2.0,1,4,1,0.0,,-1.0, -1,1999.0,A01,138Â 299Â 171,8.0,0.0,-1.0,1642563,3.0,7,,0.0,2.0,4.0,B01,138Â 299Â 170,1.0
962388,201900003919,9,16,10:15,1,2,1,1.0,2.0,97411,LORY LES HAUTS (RUE),M," -20,8974000","55,4808000",974,2019,50.0,1.0,1.0,4.0,2151014,2.0,1,4,1,0.0,,-1.0, -1,1999.0,A01,138Â 299Â 171,8.0,0.0,-1.0,1642564,3.0,1,,0.0,2.0,1.0,A01,138Â 299Â 171,5.0
962389,201900003920,9,16,12:15,1,1,9,1.0,6.0,97302,MADELEINE (ROUTE DE LA),M,"4,9081580"," -52,3220360",973,2019,50.0,1.0,1.0,9.0,2151015,1.0,1,4,1,9.0,,0.0,0,2003.0,A01,138Â 299Â 165,2.0,8.0,-1.0,1642565,0.0,30,,0.0,2.0,1.0,A01,138Â 299Â 165,6.0
962389,201900003920,9,16,12:15,1,1,9,1.0,6.0,97302,MADELEINE (ROUTE DE LA),M,"4,9081580"," -52,3220360",973,2019,50.0,1.0,1.0,9.0,2151016,10.0,3,4,2,9.0,,6.0,9,1981.0,A01,138Â 299Â 165,8.0,0.0,-1.0,1642565,0.0,30,,0.0,2.0,1.0,A01,138Â 299Â 165,6.0
962389,201900003920,9,16,12:15,1,1,9,1.0,6.0,97302,MADELEINE (ROUTE DE LA),M,"4,9081580"," -52,3220360",973,2019,50.0,1.0,1.0,9.0,2151017,2.0,2,4,1,9.0,,0.0,0,1999.0,A01,138Â 299Â 165,2.0,8.0,-1.0,1642565,0.0,30,,0.0,2.0,1.0,A01,138Â 299Â 165,6.0
962390,201900003921,9,18,06:40,2,2,6,1.0,3.0,97309,SUZINI (CARREFOUR),M,"4,9270400"," -52,2898700",973,2019,50.0,1.0,1.0,3.0,2151018,1.0,1,4,1,9.0,,-1.0,0,1990.0,B01,138Â 299Â 163,2.0,8.0,-1.0,1642566,1.0,2,,0.0,2.0,1.0,B01,138Â 299Â 163,1.0
962390,201900003921,9,18,06:40,2,2,6,1.0,3.0,97309,SUZINI (CARREFOUR),M,"4,9270400"," -52,2898700",973,2019,50.0,1.0,1.0,3.0,2151018,1.0,1,4,1,9.0,,-1.0,0,1990.0,B01,138Â 299Â 163,2.0,8.0,-1.0,1642567,1.0,7,,0.0,2.0,6.0,A01,138Â 299Â 164,1.0
962390,201900003921,9,18,06:40,2,2,6,1.0,3.0,97309,SUZINI (CARREFOUR),M,"4,9270400"," -52,2898700",973,2019,50.0,1.0,1.0,3.0,2151019,1.0,1,1,1,1.0,,-1.0,0,1973.0,A01,138Â 299Â 164,1.0,8.0,-1.0,1642566,1.0,2,,0.0,2.0,1.0,B01,138Â 299Â 163,1.0
962390,201900003921,9,18,06:40,2,2,6,1.0,3.0,97309,SUZINI (CARREFOUR),M,"4,9270400"," -52,2898700",973,2019,50.0,1.0,1.0,3.0,2151019,1.0,1,1,1,1.0,,-1.0,0,1973.0,A01,138Â 299Â 164,1.0,8.0,-1.0,1642567,1.0,7,,0.0,2.0,6.0,A01,138Â 299Â 164,1.0
962391,201900003922,9,19,00:05,5,2,7,1.0,3.0,69388,ALBERT THOMAS                       (CO),M,"45,7455300","4,8712200",69,2019,50.0,1.0,1.0,4.0,2151020,1.0,1,1,1,9.0,,-1.0, -1,1993.0,A01,138Â 299Â 161,8.0,0.0,-1.0,1642568,1.0,1,,0.0,2.0,3.0,A01,138Â 299Â 161,5.0
962391,201900003922,9,19,00:05,5,2,7,1.0,3.0,69388,ALBERT THOMAS                       (CO),M,"45,7455300","4,8712200",69,2019,50.0,1.0,1.0,4.0,2151020,1.0,1,1,1,9.0,,-1.0, -1,1993.0,A01,138Â 299Â 161,8.0,0.0,-1.0,1642569,1.0,33,,0.0,2.0,1.0,B01,138Â 299Â 162,1.0
962391,201900003922,9,19,00:05,5,2,7,1.0,3.0,69388,ALBERT THOMAS                       (CO),M,"45,7455300","4,8712200",69,2019,50.0,1.0,1.0,4.0,2151021,1.0,1,4,1,9.0,,-1.0, -1,1994.0,B01,138Â 299Â 162,2.0,0.0,-1.0,1642568,1.0,1,,0.0,2.0,3.0,A01,138Â 299Â 161,5.0
962391,201900003922,9,19,00:05,5,2,7,1.0,3.0,69388,ALBERT THOMAS                       (CO),M,"45,7455300","4,8712200",69,2019,50.0,1.0,1.0,4.0,2151021,1.0,1,4,1,9.0,,-1.0, -1,1994.0,B01,138Â 299Â 162,2.0,0.0,-1.0,1642569,1.0,33,,0.0,2.0,1.0,B01,138Â 299Â 162,1.0
962392,201900003923,9,18,17:40,1,2,1,1.0,6.0,69259,IRENE JOLIOT CURIE                  (BD),M,"45,7111000","4,8819600",69,2019,50.0,1.0,1.0,4.0,2151022,10.0,3,4,1,0.0,,2.0,3,2015.0,A01,138Â 299Â 160,0.0,0.0,0.0,1642570,1.0,7,,0.0,1.0,1.0,A01,138Â 299Â 160,1.0
962392,201900003923,9,18,17:40,1,2,1,1.0,6.0,69259,IRENE JOLIOT CURIE                  (BD),M,"45,7111000","4,8819600",69,2019,50.0,1.0,1.0,4.0,2151023,1.0,1,1,2,0.0,,0.0,0,1997.0,A01,138Â 299Â 160,8.0,0.0,-1.0,1642570,1.0,7,,0.0,1.0,1.0,A01,138Â 299Â 160,1.0
962393,201900003924,9,17,04:50,3,2,1,1.0,1.0,97213,ROUTE DEPARTEMENTALE 15,M,"14,6535000"," -61,0114000",972,2019,50.0,1.0,1.0,3.0,2151024,1.0,1,4,1,5.0,,-1.0,0,1965.0,B01,138Â 299Â 158,1.0,0.0,-1.0,1642571,1.0,7,,0.0,0.0,1.0,B01,138Â 299Â 158,1.0
962393,201900003924,9,17,04:50,3,2,1,1.0,1.0,97213,ROUTE DEPARTEMENTALE 15,M,"14,6535000"," -61,0114000",972,2019,50.0,1.0,1.0,3.0,2151024,1.0,1,4,1,5.0,,-1.0,0,1965.0,B01,138Â 299Â 158,1.0,0.0,-1.0,1642572,2.0,7,,0.0,2.0,1.0,A01,138Â 299Â 159,1.0
962393,201900003924,9,17,04:50,3,2,1,1.0,1.0,97213,ROUTE DEPARTEMENTALE 15,M,"14,6535000"," -61,0114000",972,2019,50.0,1.0,1.0,3.0,2151025,1.0,1,4,1,1.0,,-1.0,0,1965.0,A01,138Â 299Â 159,1.0,0.0,-1.0,1642571,1.0,7,,0.0,0.0,1.0,B01,138Â 299Â 158,1.0
962393,201900003924,9,17,04:50,3,2,1,1.0,1.0,97213,ROUTE DEPARTEMENTALE 15,M,"14,6535000"," -61,0114000",972,2019,50.0,1.0,1.0,3.0,2151025,1.0,1,4,1,1.0,,-1.0,0,1965.0,A01,138Â 299Â 159,1.0,0.0,-1.0,1642572,2.0,7,,0.0,2.0,1.0,A01,138Â 299Â 159,1.0
962394,201900003925,9,18,15:00,1,1,1,1.0,2.0,69034,TUNNEL BELLEVUE (QUAI BELLEVUE COUVE(XX),M,"45,7882300","4,8641900",69,2019,50.0,1.0,1.0,9.0,2151026,1.0,1,4,2,0.0,,-1.0,0,1989.0,A01,138Â 299Â 156,1.0,0.0,-1.0,1642573,3.0,10,,4.0,2.0,0.0,A01,138Â 299Â 156,1.0
962394,201900003925,9,18,15:00,1,1,1,1.0,2.0,69034,TUNNEL BELLEVUE (QUAI BELLEVUE COUVE(XX),M,"45,7882300","4,8641900",69,2019,50.0,1.0,1.0,9.0,2151026,1.0,1,4,2,0.0,,-1.0,0,1989.0,A01,138Â 299Â 156,1.0,0.0,-1.0,1642574,3.0,10,,0.0,2.0,0.0,Z01,138Â 299Â 157,0.0