Unnamed: 0_x,num_acc,mois,jour,hrmn,lum,agg,int,atm,col,com,adr,gps,lat,long,dep,annee,vma,situ,surf,catr,Unnamed: 0_y,place,catu,grav,sexe,trajet,secu,locp,actp,an_nais,num_veh_x,id_vehicule_x,secu1,secu2,secu3,Unnamed: 0,senc,catv,occutc,obs,obsm,choc,num_veh_y,id_vehicule_y,motor
962395,201900003926,9,18,15:50,1,2,3,1.0,3.0,2B037,TOUTES RUES,M,"42,5958000","9,4420600",2B,2019,50.0,1.0,1.0,4.0,2151027,1.0,1,1,1,4.0,,0.0,0,1997.0,A01,138Â 299Â 154,1.0,0.0,-1.0,1642575,2.0,10,,0.0,2.0,5.0,A01,138Â 299Â 154,1.0
962395,201900003926,9,18,15:50,1,2,3,1.0,3.0,2B037,TOUTES RUES,M,"42,5958000","9,4420600",2B,2019,50.0,1.0,1.0,4.0,2151027,1.0,1,1,1,4.0,,0.0,0,1997.0,A01,138Â 299Â 154,1.0,0.0,-1.0,1642576,1.0,33,,0.0,2.0,1.0,B01,138Â 299Â 155,1.0
962395,201900003926,9,18,15:50,1,2,3,1.0,3.0,2B037,TOUTES RUES,M,"42,5958000","9,4420600",2B,2019,50.0,1.0,1.0,4.0,2151028,1.0,1,4,1,1.0,,0.0,0,1998.0,B01,138Â 299Â 155,2.0,0.0,-1.0,1642575,2.0,10,,0.0,2.0,5.0,A01,138Â 299Â 154,1.0
962395,201900003926,9,18,15:50,1,2,3,1.0,3.0,2B037,TOUTES RUES,M,"42,5958000","9,4420600",2B,2019,50.0,1.0,1.0,4.0,2151028,1.0,1,4,1,1.0,,0.0,0,1998.0,B01,138Â 299Â 155,2.0,0.0,-1.0,1642576,1.0,33,,0.0,2.0,1.0,B01,138Â 299Â 155,1.0
962396,201900003927,9,17,17:30,1,1,4,1.0,7.0,91223,SACLAS (ROUTE DE),M,"48,4177700","2,1483100",91,2019,50.0,1.0,1.0,3.0,2151029,1.0,1,3,1,0.0,,0.0,0,2002.0,A01,138Â 299Â 152,2.0,8.0,-1.0,1642577,2.0,41,,0.0,0.0,8.0,A01,138Â 299Â 152,1.0
962397,201900003928,9,13,21:17,4,2,1,1.0,3.0,89387,GEORGES POMPIDOU (AVENUE),M,"48,2103896","3,2763398",89,2019,50.0,1.0,1.0,3.0,2151030,1.0,1,1,1,5.0,,0.0,0,1984.0,A01,138Â 299Â 150,1.0,0.0,-1.0,1642578,2.0,7,,0.0,2.0,7.0,A01,138Â 299Â 150,1.0
962397,201900003928,9,13,21:17,4,2,1,1.0,3.0,89387,GEORGES POMPIDOU (AVENUE),M,"48,2103896","3,2763398",89,2019,50.0,1.0,1.0,3.0,2151030,1.0,1,1,1,5.0,,0.0,0,1984.0,A01,138Â 299Â 150,1.0,0.0,-1.0,1642579,1.0,30,,0.0,2.0,1.0,B01,138Â 299Â 151,1.0
962397,201900003928,9,13,21:17,4,2,1,1.0,3.0,89387,GEORGES POMPIDOU (AVENUE),M,"48,2103896","3,2763398",89,2019,50.0,1.0,1.0,3.0,2151031,1.0,1,2,1,5.0,,0.0,0,2002.0,B01,138Â 299Â 151,2.0,0.0,-1.0,1642578,2.0,7,,0.0,2.0,7.0,A01,138Â 299Â 150,1.0
962397,201900003928,9,13,21:17,4,2,1,1.0,3.0,89387,GEORGES POMPIDOU (AVENUE),M,"48,2103896","3,2763398",89,2019,50.0,1.0,1.0,3.0,2151031,1.0,1,2,1,5.0,,0.0,0,2002.0,B01,138Â 299Â 151,2.0,0.0,-1.0,1642579,1.0,30,,0.0,2.0,1.0,B01,138Â 299Â 151,1.0
962398,201900003929,9,17,14:25,1,2,2,1.0,3.0,87085,PERRIN (RUE FRANCOIS),M,"45,8293600","1,2447000",87,2019,50.0,1.0,1.0,4.0,2151032,1.0,1,3,1,5.0,,0.0,0,1994.0,A01,138Â 299Â 147,8.0,-1.0,-1.0,1642580,1.0,1,,0.0,2.0,1.0,A01,138Â 299Â 147,5.0
962398,201900003929,9,17,14:25,1,2,2,1.0,3.0,87085,PERRIN (RUE FRANCOIS),M,"45,8293600","1,2447000",87,2019,50.0,1.0,1.0,4.0,2151032,1.0,1,3,1,5.0,,0.0,0,1994.0,A01,138Â 299Â 147,8.0,-1.0,-1.0,1642581,1.0,7,,0.0,2.0,2.0,B01,138Â 299Â 148,1.0
962398,201900003929,9,17,14:25,1,2,2,1.0,3.0,87085,PERRIN (RUE FRANCOIS),M,"45,8293600","1,2447000",87,2019,50.0,1.0,1.0,4.0,2151033,1.0,1,4,2,1.0,,0.0,0,1998.0,B01,138Â 299Â 148,1.0,-1.0,-1.0,1642580,1.0,1,,0.0,2.0,1.0,A01,138Â 299Â 147,5.0
962398,201900003929,9,17,14:25,1,2,2,1.0,3.0,87085,PERRIN (RUE FRANCOIS),M,"45,8293600","1,2447000",87,2019,50.0,1.0,1.0,4.0,2151033,1.0,1,4,2,1.0,,0.0,0,1998.0,B01,138Â 299Â 148,1.0,-1.0,-1.0,1642581,1.0,7,,0.0,2.0,2.0,B01,138Â 299Â 148,1.0
962399,201900003930,9,16,18:48,1,2,2,1.0,3.0,87085,MONTJOVIS (AVENUE),M,"45,8372800","1,2490600",87,2019,50.0,1.0,1.0,4.0,2151034,1.0,1,1,1,3.0,,0.0,0,1972.0,B01,138Â 299Â 145,1.0,0.0,-1.0,1642582,1.0,7,,0.0,2.0,3.0,B01,138Â 299Â 145,1.0
962399,201900003930,9,16,18:48,1,2,2,1.0,3.0,87085,MONTJOVIS (AVENUE),M,"45,8372800","1,2490600",87,2019,50.0,1.0,1.0,4.0,2151034,1.0,1,1,1,3.0,,0.0,0,1972.0,B01,138Â 299Â 145,1.0,0.0,-1.0,1642583,1.0,33,,0.0,2.0,1.0,A01,138Â 299Â 146,1.0
962399,201900003930,9,16,18:48,1,2,2,1.0,3.0,87085,MONTJOVIS (AVENUE),M,"45,8372800","1,2490600",87,2019,50.0,1.0,1.0,4.0,2151035,1.0,1,3,1,5.0,,0.0,0,1982.0,A01,138Â 299Â 146,2.0,6.0,-1.0,1642582,1.0,7,,0.0,2.0,3.0,B01,138Â 299Â 145,1.0
962399,201900003930,9,16,18:48,1,2,2,1.0,3.0,87085,MONTJOVIS (AVENUE),M,"45,8372800","1,2490600",87,2019,50.0,1.0,1.0,4.0,2151035,1.0,1,3,1,5.0,,0.0,0,1982.0,A01,138Â 299Â 146,2.0,6.0,-1.0,1642583,1.0,33,,0.0,2.0,1.0,A01,138Â 299Â 146,1.0
962400,201900003931,9,18,08:20,1,2,9,1.0,3.0,83129,MER (AVENUE DE LA) NÂ°IMPAIRS,M,"43,1034000","5,8198000",83,2019,50.0,1.0,1.0,3.0,2151036,1.0,1,1,2,0.0,,-1.0,0,1979.0,B01,138Â 299Â 143,1.0,0.0,-1.0,1642584,2.0,7,,0.0,2.0,3.0,B01,138Â 299Â 143,1.0
962400,201900003931,9,18,08:20,1,2,9,1.0,3.0,83129,MER (AVENUE DE LA) NÂ°IMPAIRS,M,"43,1034000","5,8198000",83,2019,50.0,1.0,1.0,3.0,2151036,1.0,1,1,2,0.0,,-1.0,0,1979.0,B01,138Â 299Â 143,1.0,0.0,-1.0,1642585,1.0,34,,0.0,2.0,9.0,A01,138Â 299Â 144,1.0
962400,201900003931,9,18,08:20,1,2,9,1.0,3.0,83129,MER (AVENUE DE LA) NÂ°IMPAIRS,M,"43,1034000","5,8198000",83,2019,50.0,1.0,1.0,3.0,2151037,1.0,1,4,1,0.0,,-1.0,0,2000.0,A01,138Â 299Â 144,2.0,0.0,-1.0,1642584,2.0,7,,0.0,2.0,3.0,B01,138Â 299Â 143,1.0
962400,201900003931,9,18,08:20,1,2,9,1.0,3.0,83129,MER (AVENUE DE LA) NÂ°IMPAIRS,M,"43,1034000","5,8198000",83,2019,50.0,1.0,1.0,3.0,2151037,1.0,1,4,1,0.0,,-1.0,0,2000.0,A01,138Â 299Â 144,2.0,0.0,-1.0,1642585,1.0,34,,0.0,2.0,9.0,A01,138Â 299Â 144,1.0
962401,201900003932,9,16,16:45,1,2,1,1.0,6.0,83129,FONT DE FILLOL (RC ET T),M,"43,0941200","5,8319500",83,2019,30.0,1.0,1.0,4.0,2151038,10.0,3,4,1,2.0,,3.0,3,2008.0,A01,138Â 299Â 142,8.0,0.0,-1.0,1642586,1.0,7,,0.0,1.0,3.0,A01,138Â 299Â 142,1.0
962401,201900003932,9,16,16:45,1,2,1,1.0,6.0,83129,FONT DE FILLOL (RC ET T),M,"43,0941200","5,8319500",83,2019,30.0,1.0,1.0,4.0,2151039,1.0,1,1,2,0.0,,0.0,0,1965.0,A01,138Â 299Â 142,8.0,8.0,-1.0,1642586,1.0,7,,0.0,1.0,3.0,A01,138Â 299Â 142,1.0
962402,201900003933,9,15,18:40,1,1,1,1.0,1.0,83061,N7,M,"43,5029050","6,7861820",83,2019,70.0,1.0,1.0,3.0,2151040,1.0,1,1,1,5.0,,0.0,0,1977.0,A01,138Â 299Â 140,1.0,8.0,-1.0,1642587,1.0,7,,0.0,2.0,1.0,A01,138Â 299Â 140,1.0
962402,201900003933,9,15,18:40,1,1,1,1.0,1.0,83061,N7,M,"43,5029050","6,7861820",83,2019,70.0,1.0,1.0,3.0,2151040,1.0,1,1,1,5.0,,0.0,0,1977.0,A01,138Â 299Â 140,1.0,8.0,-1.0,1642588,2.0,33,,0.0,2.0,1.0,B01,138Â 299Â 141,1.0
962402,201900003933,9,15,18:40,1,1,1,1.0,1.0,83061,N7,M,"43,5029050","6,7861820",83,2019,70.0,1.0,1.0,3.0,2151041,2.0,2,4,1,5.0,,-1.0,0,2007.0,B01,138Â 299Â 141,2.0,8.0,-1.0,1642587,1.0,7,,0.0,2.0,1.0,A01,138Â 299Â 140,1.0
962402,201900003933,9,15,18:40,1,1,1,1.0,1.0,83061,N7,M,"43,5029050","6,7861820",83,2019,70.0,1.0,1.0,3.0,2151041,2.0,2,4,1,5.0,,-1.0,0,2007.0,B01,138Â 299Â 141,2.0,8.0,-1.0,1642588,2.0,33,,0.0,2.0,1.0,B01,138Â 299Â 141,1.0
962402,201900003933,9,15,18:40,1,1,1,1.0,1.0,83061,N7,M,"43,5029050","6,7861820",83,2019,70.0,1.0,1.0,3.0,2151042,1.0,1,3,2,5.0,,-1.0,0,1987.0,B01,138Â 299Â 141,2.0,6.0,-1.0,1642587,1.0,7,,0.0,2.0,1.0,A01,138Â 299Â 140,1.0
962402,201900003933,9,15,18:40,1,1,1,1.0,1.0,83061,N7,M,"43,5029050","6,7861820",83,2019,70.0,1.0,1.0,3.0,2151042,1.0,1,3,2,5.0,,-1.0,0,1987.0,B01,138Â 299Â 141,2.0,6.0,-1.0,1642588,2.0,33,,0.0,2.0,1.0,B01,138Â 299Â 141,1.0
962403,201900003934,9,17,17:35,1,2,1,1.0,2.0,80021,FRANKLIN ROOSEVELT (RUE),M,"49,9153600","2,2955200",80,2019,50.0,1.0,1.0,4.0,2151043,1.0,1,4,2,0.0,,-1.0, -1,1994.0,B01,138Â 299Â 138,1.0,0.0,-1.0,1642589,0.0,7,,0.0,2.0,4.0,B01,138Â 299Â 138,1.0
962403,201900003934,9,17,17:35,1,2,1,1.0,2.0,80021,FRANKLIN ROOSEVELT (RUE),M,"49,9153600","2,2955200",80,2019,50.0,1.0,1.0,4.0,2151043,1.0,1,4,2,0.0,,-1.0, -1,1994.0,B01,138Â 299Â 138,1.0,0.0,-1.0,1642590,0.0,7,,0.0,2.0,1.0,A01,138Â 299Â 139,1.0
962403,201900003934,9,17,17:35,1,2,1,1.0,2.0,80021,FRANKLIN ROOSEVELT (RUE),M,"49,9153600","2,2955200",80,2019,50.0,1.0,1.0,4.0,2151044,1.0,1,1,2,0.0,,-1.0, -1,1966.0,A01,138Â 299Â 139,1.0,0.0,-1.0,1642589,0.0,7,,0.0,2.0,4.0,B01,138Â 299Â 138,1.0
962403,201900003934,9,17,17:35,1,2,1,1.0,2.0,80021,FRANKLIN ROOSEVELT (RUE),M,"49,9153600","2,2955200",80,2019,50.0,1.0,1.0,4.0,2151044,1.0,1,1,2,0.0,,-1.0, -1,1966.0,A01,138Â 299Â 139,1.0,0.0,-1.0,1642590,0.0,7,,0.0,2.0,1.0,A01,138Â 299Â 139,1.0
962404,201900003935,8,2,16:20,1,2,1,1.0,3.0,78498,ROBESPIERRE BD,M,"48,9330550","2,0452770",78,2019,50.0,1.0,1.0,3.0,2151045,2.0,2,4,1,0.0,,-1.0, -1,1997.0,A01,138Â 299Â 136,0.0,0.0,-1.0,1642591,2.0,34,,0.0,2.0,1.0,A01,138Â 299Â 136,0.0
962404,201900003935,8,2,16:20,1,2,1,1.0,3.0,78498,ROBESPIERRE BD,M,"48,9330550","2,0452770",78,2019,50.0,1.0,1.0,3.0,2151045,2.0,2,4,1,0.0,,-1.0, -1,1997.0,A01,138Â 299Â 136,0.0,0.0,-1.0,1642592,2.0,7,,0.0,2.0,3.0,B01,138Â 299Â 137,0.0
962404,201900003935,8,2,16:20,1,2,1,1.0,3.0,78498,ROBESPIERRE BD,M,"48,9330550","2,0452770",78,2019,50.0,1.0,1.0,3.0,2151046,1.0,1,4,1,0.0,,-1.0, -1,1986.0,A01,138Â 299Â 136,2.0,0.0,-1.0,1642591,2.0,34,,0.0,2.0,1.0,A01,138Â 299Â 136,0.0
962404,201900003935,8,2,16:20,1,2,1,1.0,3.0,78498,ROBESPIERRE BD,M,"48,9330550","2,0452770",78,2019,50.0,1.0,1.0,3.0,2151046,1.0,1,4,1,0.0,,-1.0, -1,1986.0,A01,138Â 299Â 136,2.0,0.0,-1.0,1642592,2.0,7,,0.0,2.0,3.0,B01,138Â 299Â 137,0.0
962404,201900003935,8,2,16:20,1,2,1,1.0,3.0,78498,ROBESPIERRE BD,M,"48,9330550","2,0452770",78,2019,50.0,1.0,1.0,3.0,2151047,1.0,1,1,1,0.0,,-1.0, -1,1951.0,B01,138Â 299Â 137,1.0,0.0,-1.0,1642591,2.0,34,,0.0,2.0,1.0,A01,138Â 299Â 136,0.0
962404,201900003935,8,2,16:20,1,2,1,1.0,3.0,78498,ROBESPIERRE BD,M,"48,9330550","2,0452770",78,2019,50.0,1.0,1.0,3.0,2151047,1.0,1,1,1,0.0,,-1.0, -1,1951.0,B01,138Â 299Â 137,1.0,0.0,-1.0,1642592,2.0,7,,0.0,2.0,3.0,B01,138Â 299Â 137,0.0
962405,201900003936,9,16,19:25,1,1,1,1.0,7.0,77335,RN3 (ROUTE NATIONALE),M,"48,9586700","2,8369100",77,2019,90.0,3.0,1.0,2.0,2151048,1.0,1,2,1,1.0,,-1.0,0,1969.0,A01,138Â 299Â 135,1.0,0.0,-1.0,1642593,1.0,7,,0.0,0.0,0.0,A01,138Â 299Â 135,1.0
962406,201900003937,9,14,15:00,1,2,1,1.0,1.0,71270,BEAUJOLAIS (RUE DU),M,"46,2886470","4,8036080",71,2019,50.0,1.0,1.0,4.0,2151049,1.0,1,3,1,0.0,,0.0,0,1989.0,A01,138Â 299Â 126,8.0,0.0,-1.0,1642594,3.0,31,,0.0,2.0,1.0,A01,138Â 299Â 126,0.0
962406,201900003937,9,14,15:00,1,2,1,1.0,1.0,71270,BEAUJOLAIS (RUE DU),M,"46,2886470","4,8036080",71,2019,50.0,1.0,1.0,4.0,2151049,1.0,1,3,1,0.0,,0.0,0,1989.0,A01,138Â 299Â 126,8.0,0.0,-1.0,1642595,3.0,7,,0.0,2.0,1.0,B01,138Â 299Â 127,6.0
962407,201900003938,9,14,22:50,5,2,6,1.0,3.0,71270,Rue du 28 Juin 1944-place Gardon,M,"46,3094000","4,8374000",71,2019,30.0,1.0,1.0,3.0,2151050,1.0,1,1,2,9.0,,0.0,0,1999.0,A01,138Â 299Â 124,1.0,5.0,-1.0,1642596,1.0,7,,0.0,2.0,6.0,A01,138Â 299Â 124,1.0
962407,201900003938,9,14,22:50,5,2,6,1.0,3.0,71270,Rue du 28 Juin 1944-place Gardon,M,"46,3094000","4,8374000",71,2019,30.0,1.0,1.0,3.0,2151050,1.0,1,1,2,9.0,,0.0,0,1999.0,A01,138Â 299Â 124,1.0,5.0,-1.0,1642597,1.0,32,,0.0,2.0,1.0,B01,138Â 299Â 125,1.0
962407,201900003938,9,14,22:50,5,2,6,1.0,3.0,71270,Rue du 28 Juin 1944-place Gardon,M,"46,3094000","4,8374000",71,2019,30.0,1.0,1.0,3.0,2151051,2.0,1,4,1,9.0,,0.0,0,1999.0,B01,138Â 299Â 125,2.0,0.0,-1.0,1642596,1.0,7,,0.0,2.0,6.0,A01,138Â 299Â 124,1.0
962407,201900003938,9,14,22:50,5,2,6,1.0,3.0,71270,Rue du 28 Juin 1944-place Gardon,M,"46,3094000","4,8374000",71,2019,30.0,1.0,1.0,3.0,2151051,2.0,1,4,1,9.0,,0.0,0,1999.0,B01,138Â 299Â 125,2.0,0.0,-1.0,1642597,1.0,32,,0.0,2.0,1.0,B01,138Â 299Â 125,1.0
962408,201900003939,9,17,18:20,1,2,1,1.0,6.0,67482,MILAN (RUE DE),M,"48,5768730","7,7673730",67,2019,30.0,1.0,1.0,4.0,2151052,1.0,1,1,2,0.0,,-1.0,0,2010.0,A01,138Â 299Â 123,8.0,0.0,-1.0,1642598,1.0,1,,0.0,1.0,1.0,A01,138Â 299Â 123,5.0
962408,201900003939,9,17,18:20,1,2,1,1.0,6.0,67482,MILAN (RUE DE),M,"48,5768730","7,7673730",67,2019,30.0,1.0,1.0,4.0,2151053,10.0,3,4,2,5.0,,8.0,1,1941.0,A01,138Â 299Â 123,8.0,0.0,-1.0,1642598,1.0,1,,0.0,1.0,1.0,A01,138Â 299Â 123,5.0
962409,201900003940,9,17,17:35,1,2,3,8.0,3.0,67482,AUBERGE DE JEUNESSE (RUE DE L ),M,"48,5737530","7,7185340",67,2019,20.0,1.0,1.0,4.0,2151054,1.0,1,1,1,5.0,,-1.0,0,1986.0,A01,138Â 299Â 121,1.0,8.0,-1.0,1642599,1.0,7,,0.0,2.0,1.0,A01,138Â 299Â 121,1.0
962409,201900003940,9,17,17:35,1,2,3,8.0,3.0,67482,AUBERGE DE JEUNESSE (RUE DE L ),M,"48,5737530","7,7185340",67,2019,20.0,1.0,1.0,4.0,2151054,1.0,1,1,1,5.0,,-1.0,0,1986.0,A01,138Â 299Â 121,1.0,8.0,-1.0,1642600,2.0,1,,0.0,2.0,1.0,B01,138Â 299Â 122,5.0
962409,201900003940,9,17,17:35,1,2,3,8.0,3.0,67482,AUBERGE DE JEUNESSE (RUE DE L ),M,"48,5737530","7,7185340",67,2019,20.0,1.0,1.0,4.0,2151055,1.0,1,4,1,1.0,,-1.0,0,1973.0,B01,138Â 299Â 122,8.0,0.0,-1.0,1642599,1.0,7,,0.0,2.0,1.0,A01,138Â 299Â 121,1.0
962409,201900003940,9,17,17:35,1,2,3,8.0,3.0,67482,AUBERGE DE JEUNESSE (RUE DE L ),M,"48,5737530","7,7185340",67,2019,20.0,1.0,1.0,4.0,2151055,1.0,1,4,1,1.0,,-1.0,0,1973.0,B01,138Â 299Â 122,8.0,0.0,-1.0,1642600,2.0,1,,0.0,2.0,1.0,B01,138Â 299Â 122,5.0
962410,201900003941,9,12,17:55,1,2,1,1.0,6.0,67180,MARCHE AUX GRAINS (RUE DU),M,"48,8137500","7,7918700",67,2019,30.0,1.0,1.0,4.0,2151056,10.0,3,4,2,2.0,,2.0,3,2008.0,A01,138Â 299Â 120,8.0,0.0,-1.0,1642601,3.0,7,,0.0,1.0,3.0,A01,138Â 299Â 120,1.0
962410,201900003941,9,12,17:55,1,2,1,1.0,6.0,67180,MARCHE AUX GRAINS (RUE DU),M,"48,8137500","7,7918700",67,2019,30.0,1.0,1.0,4.0,2151057,1.0,1,1,2,0.0,,0.0,0,1984.0,A01,138Â 299Â 120,8.0,8.0,-1.0,1642601,3.0,7,,0.0,1.0,3.0,A01,138Â 299Â 120,1.0
962411,201900003942,9,18,10:05,1,1,1,1.0,4.0,66136,DÃ©partementale 914,M,"42,6653200","2,9178500",66,2019,50.0,1.0,1.0,3.0,2151058,1.0,1,1,1,4.0,,0.0,0,1959.0,A01,138Â 299Â 117,1.0,8.0,-1.0,1642602,1.0,7,,0.0,2.0,1.0,A01,138Â 299Â 117,1.0
962411,201900003942,9,18,10:05,1,1,1,1.0,4.0,66136,DÃ©partementale 914,M,"42,6653200","2,9178500",66,2019,50.0,1.0,1.0,3.0,2151058,1.0,1,1,1,4.0,,0.0,0,1959.0,A01,138Â 299Â 117,1.0,8.0,-1.0,1642603,1.0,7,,0.0,2.0,4.0,B01,138Â 299Â 118,1.0
962411,201900003942,9,18,10:05,1,1,1,1.0,4.0,66136,DÃ©partementale 914,M,"42,6653200","2,9178500",66,2019,50.0,1.0,1.0,3.0,2151058,1.0,1,1,1,4.0,,0.0,0,1959.0,A01,138Â 299Â 117,1.0,8.0,-1.0,1642604,1.0,7,,0.0,2.0,4.0,C01,138Â 299Â 119,1.0
962411,201900003942,9,18,10:05,1,1,1,1.0,4.0,66136,DÃ©partementale 914,M,"42,6653200","2,9178500",66,2019,50.0,1.0,1.0,3.0,2151059,1.0,1,4,1,5.0,,0.0,0,1961.0,B01,138Â 299Â 118,1.0,8.0,-1.0,1642602,1.0,7,,0.0,2.0,1.0,A01,138Â 299Â 117,1.0
962411,201900003942,9,18,10:05,1,1,1,1.0,4.0,66136,DÃ©partementale 914,M,"42,6653200","2,9178500",66,2019,50.0,1.0,1.0,3.0,2151059,1.0,1,4,1,5.0,,0.0,0,1961.0,B01,138Â 299Â 118,1.0,8.0,-1.0,1642603,1.0,7,,0.0,2.0,4.0,B01,138Â 299Â 118,1.0
962411,201900003942,9,18,10:05,1,1,1,1.0,4.0,66136,DÃ©partementale 914,M,"42,6653200","2,9178500",66,2019,50.0,1.0,1.0,3.0,2151059,1.0,1,4,1,5.0,,0.0,0,1961.0,B01,138Â 299Â 118,1.0,8.0,-1.0,1642604,1.0,7,,0.0,2.0,4.0,C01,138Â 299Â 119,1.0
962411,201900003942,9,18,10:05,1,1,1,1.0,4.0,66136,DÃ©partementale 914,M,"42,6653200","2,9178500",66,2019,50.0,1.0,1.0,3.0,2151060,1.0,1,1,1,5.0,,0.0,0,1959.0,C01,138Â 299Â 119,1.0,8.0,-1.0,1642602,1.0,7,,0.0,2.0,1.0,A01,138Â 299Â 117,1.0
962411,201900003942,9,18,10:05,1,1,1,1.0,4.0,66136,DÃ©partementale 914,M,"42,6653200","2,9178500",66,2019,50.0,1.0,1.0,3.0,2151060,1.0,1,1,1,5.0,,0.0,0,1959.0,C01,138Â 299Â 119,1.0,8.0,-1.0,1642603,1.0,7,,0.0,2.0,4.0,B01,138Â 299Â 118,1.0
962411,201900003942,9,18,10:05,1,1,1,1.0,4.0,66136,DÃ©partementale 914,M,"42,6653200","2,9178500",66,2019,50.0,1.0,1.0,3.0,2151060,1.0,1,1,1,5.0,,0.0,0,1959.0,C01,138Â 299Â 119,1.0,8.0,-1.0,1642604,1.0,7,,0.0,2.0,4.0,C01,138Â 299Â 119,1.0
962412,201900003943,9,16,18:40,1,2,1,1.0,1.0,66136,Georges Lavall,M,"42,6779900","2,9053500",66,2019,50.0,1.0,1.0,4.0,2151061,1.0,1,4,2,9.0,,-1.0, -1,1998.0,A01,138Â 299Â 115,1.0,0.0,-1.0,1642605,1.0,7,,0.0,2.0,8.0,A01,138Â 299Â 115,1.0
962412,201900003943,9,16,18:40,1,2,1,1.0,1.0,66136,Georges Lavall,M,"42,6779900","2,9053500",66,2019,50.0,1.0,1.0,4.0,2151061,1.0,1,4,2,9.0,,-1.0, -1,1998.0,A01,138Â 299Â 115,1.0,0.0,-1.0,1642606,2.0,7,,0.0,2.0,3.0,B01,138Â 299Â 116,1.0
962412,201900003943,9,16,18:40,1,2,1,1.0,1.0,66136,Georges Lavall,M,"42,6779900","2,9053500",66,2019,50.0,1.0,1.0,4.0,2151062,1.0,1,1,2,9.0,,-1.0, -1,1973.0,B01,138Â 299Â 116,1.0,8.0,-1.0,1642605,1.0,7,,0.0,2.0,8.0,A01,138Â 299Â 115,1.0
962412,201900003943,9,16,18:40,1,2,1,1.0,1.0,66136,Georges Lavall,M,"42,6779900","2,9053500",66,2019,50.0,1.0,1.0,4.0,2151062,1.0,1,1,2,9.0,,-1.0, -1,1973.0,B01,138Â 299Â 116,1.0,8.0,-1.0,1642606,2.0,7,,0.0,2.0,3.0,B01,138Â 299Â 116,1.0
962413,201900003944,9,18,05:35,5,2,2,2.0,3.0,64445,CHAMPETIER DE RIBES,M,"43,3032340"," -0,3785096",64,2019,50.0,1.0,2.0,4.0,2151063,1.0,1,3,1,0.0,,0.0,0,1968.0,B01,138Â 299Â 113,2.0,0.0,-1.0,1642607,1.0,2,,0.0,2.0,1.0,B01,138Â 299Â 113,1.0
962413,201900003944,9,18,05:35,5,2,2,2.0,3.0,64445,CHAMPETIER DE RIBES,M,"43,3032340"," -0,3785096",64,2019,50.0,1.0,2.0,4.0,2151063,1.0,1,3,1,0.0,,0.0,0,1968.0,B01,138Â 299Â 113,2.0,0.0,-1.0,1642608,2.0,7,,0.0,2.0,3.0,A01,138Â 299Â 114,1.0
962413,201900003944,9,18,05:35,5,2,2,2.0,3.0,64445,CHAMPETIER DE RIBES,M,"43,3032340"," -0,3785096",64,2019,50.0,1.0,2.0,4.0,2151064,1.0,1,1,2,1.0,,0.0,0,1996.0,A01,138Â 299Â 114,1.0,0.0,-1.0,1642607,1.0,2,,0.0,2.0,1.0,B01,138Â 299Â 113,1.0
962413,201900003944,9,18,05:35,5,2,2,2.0,3.0,64445,CHAMPETIER DE RIBES,M,"43,3032340"," -0,3785096",64,2019,50.0,1.0,2.0,4.0,2151064,1.0,1,1,2,1.0,,0.0,0,1996.0,A01,138Â 299Â 114,1.0,0.0,-1.0,1642608,2.0,7,,0.0,2.0,3.0,A01,138Â 299Â 114,1.0
962414,201900003945,9,17,17:20,1,2,1,1.0,3.0,64102,HENRI DE NAVARRE (AVENUE),M,"43,5039636"," -1,4465854",64,2019,50.0,3.0,1.0,3.0,2151065,1.0,1,3,1,5.0,,0.0,0,1997.0,A01,138Â 299Â 111,2.0,6.0,-1.0,1642609,1.0,33,,0.0,2.0,1.0,A01,138Â 299Â 111,1.0
962414,201900003945,9,17,17:20,1,2,1,1.0,3.0,64102,HENRI DE NAVARRE (AVENUE),M,"43,5039636"," -1,4465854",64,2019,50.0,3.0,1.0,3.0,2151065,1.0,1,3,1,5.0,,0.0,0,1997.0,A01,138Â 299Â 111,2.0,6.0,-1.0,1642610,1.0,7,,0.0,2.0,8.0,B01,138Â 299Â 112,1.0
962414,201900003945,9,17,17:20,1,2,1,1.0,3.0,64102,HENRI DE NAVARRE (AVENUE),M,"43,5039636"," -1,4465854",64,2019,50.0,3.0,1.0,3.0,2151066,2.0,2,4,2,5.0,,0.0,0,1995.0,A01,138Â 299Â 111,2.0,6.0,-1.0,1642609,1.0,33,,0.0,2.0,1.0,A01,138Â 299Â 111,1.0
962414,201900003945,9,17,17:20,1,2,1,1.0,3.0,64102,HENRI DE NAVARRE (AVENUE),M,"43,5039636"," -1,4465854",64,2019,50.0,3.0,1.0,3.0,2151066,2.0,2,4,2,5.0,,0.0,0,1995.0,A01,138Â 299Â 111,2.0,6.0,-1.0,1642610,1.0,7,,0.0,2.0,8.0,B01,138Â 299Â 112,1.0
962414,201900003945,9,17,17:20,1,2,1,1.0,3.0,64102,HENRI DE NAVARRE (AVENUE),M,"43,5039636"," -1,4465854",64,2019,50.0,3.0,1.0,3.0,2151067,1.0,1,1,1,1.0,,0.0,0,1992.0,B01,138Â 299Â 112,1.0,8.0,-1.0,1642609,1.0,33,,0.0,2.0,1.0,A01,138Â 299Â 111,1.0