Unnamed: 0_x,num_acc,mois,jour,hrmn,lum,agg,int,atm,col,com,adr,gps,lat,long,dep,annee,vma,situ,surf,catr,Unnamed: 0_y,place,catu,grav,sexe,trajet,secu,locp,actp,an_nais,num_veh_x,id_vehicule_x,secu1,secu2,secu3,Unnamed: 0,senc,catv,occutc,obs,obsm,choc,num_veh_y,id_vehicule_y,motor
962414,201900003945,9,17,17:20,1,2,1,1.0,3.0,64102,HENRI DE NAVARRE (AVENUE),M,"43,5039636"," -1,4465854",64,2019,50.0,3.0,1.0,3.0,2151067,1.0,1,1,1,1.0,,0.0,0,1992.0,B01,138Â 299Â 112,1.0,8.0,-1.0,1642610,1.0,7,,0.0,2.0,8.0,B01,138Â 299Â 112,1.0
962415,201900003946,9,16,15:40,1,2,3,1.0,6.0,64024,CADRAN (ALLEE),M,"43,4825842"," -1,5051950",64,2019,30.0,1.0,1.0,3.0,2151068,10.0,3,4,1,0.0,,3.0,3,1945.0,Z01,138Â 299Â 110,8.0,0.0,-1.0,1642611,2.0,7,,0.0,1.0,0.0,Z01,138Â 299Â 110,0.0
962416,201900003947,9,14,23:00,5,2,2,1.0,3.0,62498,BETHUNE (RTE DE),M,"50,4431200","2,8030200",62,2019,50.0,1.0,1.0,4.0,2151069,1.0,1,1,1,0.0,,0.0,0,1974.0,A01,138Â 299Â 108,1.0,0.0,-1.0,1642612,3.0,3,,0.0,2.0,3.0,A01,138Â 299Â 108,1.0
962416,201900003947,9,14,23:00,5,2,2,1.0,3.0,62498,BETHUNE (RTE DE),M,"50,4431200","2,8030200",62,2019,50.0,1.0,1.0,4.0,2151069,1.0,1,1,1,0.0,,0.0,0,1974.0,A01,138Â 299Â 108,1.0,0.0,-1.0,1642613,1.0,33,,0.0,2.0,1.0,B01,138Â 299Â 109,1.0
962416,201900003947,9,14,23:00,5,2,2,1.0,3.0,62498,BETHUNE (RTE DE),M,"50,4431200","2,8030200",62,2019,50.0,1.0,1.0,4.0,2151070,1.0,1,3,1,1.0,,0.0,0,1974.0,B01,138Â 299Â 109,2.0,6.0,-1.0,1642612,3.0,3,,0.0,2.0,3.0,A01,138Â 299Â 108,1.0
962416,201900003947,9,14,23:00,5,2,2,1.0,3.0,62498,BETHUNE (RTE DE),M,"50,4431200","2,8030200",62,2019,50.0,1.0,1.0,4.0,2151070,1.0,1,3,1,1.0,,0.0,0,1974.0,B01,138Â 299Â 109,2.0,6.0,-1.0,1642613,1.0,33,,0.0,2.0,1.0,B01,138Â 299Â 109,1.0
962417,201900003948,9,18,12:20,1,2,2,1.0,3.0,62193,CURIE (BOULEVARD),M,"50,9396200","1,8610600",62,2019,50.0,1.0,1.0,4.0,2151071,1.0,1,1,2,1.0,,-1.0, -1,1982.0,A01,138Â 299Â 106,1.0,8.0,-1.0,1642614,2.0,7,,0.0,2.0,3.0,A01,138Â 299Â 106,1.0
962417,201900003948,9,18,12:20,1,2,2,1.0,3.0,62193,CURIE (BOULEVARD),M,"50,9396200","1,8610600",62,2019,50.0,1.0,1.0,4.0,2151071,1.0,1,1,2,1.0,,-1.0, -1,1982.0,A01,138Â 299Â 106,1.0,8.0,-1.0,1642615,2.0,31,,0.0,2.0,0.0,B01,138Â 299Â 107,1.0
962417,201900003948,9,18,12:20,1,2,2,1.0,3.0,62193,CURIE (BOULEVARD),M,"50,9396200","1,8610600",62,2019,50.0,1.0,1.0,4.0,2151072,1.0,1,4,1,1.0,,-1.0, -1,1971.0,B01,138Â 299Â 107,2.0,8.0,-1.0,1642614,2.0,7,,0.0,2.0,3.0,A01,138Â 299Â 106,1.0
962417,201900003948,9,18,12:20,1,2,2,1.0,3.0,62193,CURIE (BOULEVARD),M,"50,9396200","1,8610600",62,2019,50.0,1.0,1.0,4.0,2151072,1.0,1,4,1,1.0,,-1.0, -1,1971.0,B01,138Â 299Â 107,2.0,8.0,-1.0,1642615,2.0,31,,0.0,2.0,0.0,B01,138Â 299Â 107,1.0
962418,201900003949,9,18,20:55,3,1,1,1.0,5.0,59299,CD 700,M,"50,6575600","3,2125400",59,2019,90.0,3.0,1.0,7.0,2151073,1.0,1,1,1,0.0,,-1.0, -1,1979.0,E01,138Â 299Â 101,1.0,0.0,-1.0,1642616,3.0,7,,0.0,6.0,2.0,E01,138Â 299Â 101,1.0
962418,201900003949,9,18,20:55,3,1,1,1.0,5.0,59299,CD 700,M,"50,6575600","3,2125400",59,2019,90.0,3.0,1.0,7.0,2151073,1.0,1,1,1,0.0,,-1.0, -1,1979.0,E01,138Â 299Â 101,1.0,0.0,-1.0,1642617,3.0,7,,14.0,0.0,1.0,D01,138Â 299Â 102,1.0
962418,201900003949,9,18,20:55,3,1,1,1.0,5.0,59299,CD 700,M,"50,6575600","3,2125400",59,2019,90.0,3.0,1.0,7.0,2151073,1.0,1,1,1,0.0,,-1.0, -1,1979.0,E01,138Â 299Â 101,1.0,0.0,-1.0,1642618,3.0,7,,0.0,6.0,1.0,C01,138Â 299Â 103,1.0
962418,201900003949,9,18,20:55,3,1,1,1.0,5.0,59299,CD 700,M,"50,6575600","3,2125400",59,2019,90.0,3.0,1.0,7.0,2151073,1.0,1,1,1,0.0,,-1.0, -1,1979.0,E01,138Â 299Â 101,1.0,0.0,-1.0,1642619,3.0,20,,0.0,2.0,3.0,B01,138Â 299Â 104,1.0
962418,201900003949,9,18,20:55,3,1,1,1.0,5.0,59299,CD 700,M,"50,6575600","3,2125400",59,2019,90.0,3.0,1.0,7.0,2151073,1.0,1,1,1,0.0,,-1.0, -1,1979.0,E01,138Â 299Â 101,1.0,0.0,-1.0,1642620,3.0,30,,0.0,2.0,1.0,A01,138Â 299Â 105,1.0
962418,201900003949,9,18,20:55,3,1,1,1.0,5.0,59299,CD 700,M,"50,6575600","3,2125400",59,2019,90.0,3.0,1.0,7.0,2151074,1.0,1,1,1,0.0,,-1.0, -1,1980.0,D01,138Â 299Â 102,1.0,0.0,-1.0,1642616,3.0,7,,0.0,6.0,2.0,E01,138Â 299Â 101,1.0
962418,201900003949,9,18,20:55,3,1,1,1.0,5.0,59299,CD 700,M,"50,6575600","3,2125400",59,2019,90.0,3.0,1.0,7.0,2151074,1.0,1,1,1,0.0,,-1.0, -1,1980.0,D01,138Â 299Â 102,1.0,0.0,-1.0,1642617,3.0,7,,14.0,0.0,1.0,D01,138Â 299Â 102,1.0
962418,201900003949,9,18,20:55,3,1,1,1.0,5.0,59299,CD 700,M,"50,6575600","3,2125400",59,2019,90.0,3.0,1.0,7.0,2151074,1.0,1,1,1,0.0,,-1.0, -1,1980.0,D01,138Â 299Â 102,1.0,0.0,-1.0,1642618,3.0,7,,0.0,6.0,1.0,C01,138Â 299Â 103,1.0
962418,201900003949,9,18,20:55,3,1,1,1.0,5.0,59299,CD 700,M,"50,6575600","3,2125400",59,2019,90.0,3.0,1.0,7.0,2151074,1.0,1,1,1,0.0,,-1.0, -1,1980.0,D01,138Â 299Â 102,1.0,0.0,-1.0,1642619,3.0,20,,0.0,2.0,3.0,B01,138Â 299Â 104,1.0
962418,201900003949,9,18,20:55,3,1,1,1.0,5.0,59299,CD 700,M,"50,6575600","3,2125400",59,2019,90.0,3.0,1.0,7.0,2151074,1.0,1,1,1,0.0,,-1.0, -1,1980.0,D01,138Â 299Â 102,1.0,0.0,-1.0,1642620,3.0,30,,0.0,2.0,1.0,A01,138Â 299Â 105,1.0
962418,201900003949,9,18,20:55,3,1,1,1.0,5.0,59299,CD 700,M,"50,6575600","3,2125400",59,2019,90.0,3.0,1.0,7.0,2151075,1.0,1,1,2,5.0,,-1.0, -1,1976.0,C01,138Â 299Â 103,1.0,0.0,-1.0,1642616,3.0,7,,0.0,6.0,2.0,E01,138Â 299Â 101,1.0
962418,201900003949,9,18,20:55,3,1,1,1.0,5.0,59299,CD 700,M,"50,6575600","3,2125400",59,2019,90.0,3.0,1.0,7.0,2151075,1.0,1,1,2,5.0,,-1.0, -1,1976.0,C01,138Â 299Â 103,1.0,0.0,-1.0,1642617,3.0,7,,14.0,0.0,1.0,D01,138Â 299Â 102,1.0
962418,201900003949,9,18,20:55,3,1,1,1.0,5.0,59299,CD 700,M,"50,6575600","3,2125400",59,2019,90.0,3.0,1.0,7.0,2151075,1.0,1,1,2,5.0,,-1.0, -1,1976.0,C01,138Â 299Â 103,1.0,0.0,-1.0,1642618,3.0,7,,0.0,6.0,1.0,C01,138Â 299Â 103,1.0
962418,201900003949,9,18,20:55,3,1,1,1.0,5.0,59299,CD 700,M,"50,6575600","3,2125400",59,2019,90.0,3.0,1.0,7.0,2151075,1.0,1,1,2,5.0,,-1.0, -1,1976.0,C01,138Â 299Â 103,1.0,0.0,-1.0,1642619,3.0,20,,0.0,2.0,3.0,B01,138Â 299Â 104,1.0
962418,201900003949,9,18,20:55,3,1,1,1.0,5.0,59299,CD 700,M,"50,6575600","3,2125400",59,2019,90.0,3.0,1.0,7.0,2151075,1.0,1,1,2,5.0,,-1.0, -1,1976.0,C01,138Â 299Â 103,1.0,0.0,-1.0,1642620,3.0,30,,0.0,2.0,1.0,A01,138Â 299Â 105,1.0
962418,201900003949,9,18,20:55,3,1,1,1.0,5.0,59299,CD 700,M,"50,6575600","3,2125400",59,2019,90.0,3.0,1.0,7.0,2151076,1.0,1,4,1,1.0,,-1.0, -1,1970.0,B01,138Â 299Â 104,1.0,0.0,-1.0,1642616,3.0,7,,0.0,6.0,2.0,E01,138Â 299Â 101,1.0
962418,201900003949,9,18,20:55,3,1,1,1.0,5.0,59299,CD 700,M,"50,6575600","3,2125400",59,2019,90.0,3.0,1.0,7.0,2151076,1.0,1,4,1,1.0,,-1.0, -1,1970.0,B01,138Â 299Â 104,1.0,0.0,-1.0,1642617,3.0,7,,14.0,0.0,1.0,D01,138Â 299Â 102,1.0
962418,201900003949,9,18,20:55,3,1,1,1.0,5.0,59299,CD 700,M,"50,6575600","3,2125400",59,2019,90.0,3.0,1.0,7.0,2151076,1.0,1,4,1,1.0,,-1.0, -1,1970.0,B01,138Â 299Â 104,1.0,0.0,-1.0,1642618,3.0,7,,0.0,6.0,1.0,C01,138Â 299Â 103,1.0
962418,201900003949,9,18,20:55,3,1,1,1.0,5.0,59299,CD 700,M,"50,6575600","3,2125400",59,2019,90.0,3.0,1.0,7.0,2151076,1.0,1,4,1,1.0,,-1.0, -1,1970.0,B01,138Â 299Â 104,1.0,0.0,-1.0,1642619,3.0,20,,0.0,2.0,3.0,B01,138Â 299Â 104,1.0
962418,201900003949,9,18,20:55,3,1,1,1.0,5.0,59299,CD 700,M,"50,6575600","3,2125400",59,2019,90.0,3.0,1.0,7.0,2151076,1.0,1,4,1,1.0,,-1.0, -1,1970.0,B01,138Â 299Â 104,1.0,0.0,-1.0,1642620,3.0,30,,0.0,2.0,1.0,A01,138Â 299Â 105,1.0
962418,201900003949,9,18,20:55,3,1,1,1.0,5.0,59299,CD 700,M,"50,6575600","3,2125400",59,2019,90.0,3.0,1.0,7.0,2151077,1.0,1,2,1,0.0,,-1.0, -1,1978.0,A01,138Â 299Â 105,2.0,0.0,-1.0,1642616,3.0,7,,0.0,6.0,2.0,E01,138Â 299Â 101,1.0
962418,201900003949,9,18,20:55,3,1,1,1.0,5.0,59299,CD 700,M,"50,6575600","3,2125400",59,2019,90.0,3.0,1.0,7.0,2151077,1.0,1,2,1,0.0,,-1.0, -1,1978.0,A01,138Â 299Â 105,2.0,0.0,-1.0,1642617,3.0,7,,14.0,0.0,1.0,D01,138Â 299Â 102,1.0
962418,201900003949,9,18,20:55,3,1,1,1.0,5.0,59299,CD 700,M,"50,6575600","3,2125400",59,2019,90.0,3.0,1.0,7.0,2151077,1.0,1,2,1,0.0,,-1.0, -1,1978.0,A01,138Â 299Â 105,2.0,0.0,-1.0,1642618,3.0,7,,0.0,6.0,1.0,C01,138Â 299Â 103,1.0
962418,201900003949,9,18,20:55,3,1,1,1.0,5.0,59299,CD 700,M,"50,6575600","3,2125400",59,2019,90.0,3.0,1.0,7.0,2151077,1.0,1,2,1,0.0,,-1.0, -1,1978.0,A01,138Â 299Â 105,2.0,0.0,-1.0,1642619,3.0,20,,0.0,2.0,3.0,B01,138Â 299Â 104,1.0
962418,201900003949,9,18,20:55,3,1,1,1.0,5.0,59299,CD 700,M,"50,6575600","3,2125400",59,2019,90.0,3.0,1.0,7.0,2151077,1.0,1,2,1,0.0,,-1.0, -1,1978.0,A01,138Â 299Â 105,2.0,0.0,-1.0,1642620,3.0,30,,0.0,2.0,1.0,A01,138Â 299Â 105,1.0
962419,201900003950,9,7,17:45,1,2,9,1.0,3.0,59350,LAMBRET OSCAR AVENUE,M,"50,6164100","3,0344000",59,2019,50.0,1.0,1.0,4.0,2151078,1.0,1,1,1,0.0,,-1.0,0,1944.0,A01,138Â 299Â 099,1.0,0.0,-1.0,1642621,3.0,7,,0.0,2.0,8.0,A01,138Â 299Â 099,0.0
962419,201900003950,9,7,17:45,1,2,9,1.0,3.0,59350,LAMBRET OSCAR AVENUE,M,"50,6164100","3,0344000",59,2019,50.0,1.0,1.0,4.0,2151078,1.0,1,1,1,0.0,,-1.0,0,1944.0,A01,138Â 299Â 099,1.0,0.0,-1.0,1642622,3.0,7,,0.0,2.0,7.0,B01,138Â 299Â 100,0.0
962419,201900003950,9,7,17:45,1,2,9,1.0,3.0,59350,LAMBRET OSCAR AVENUE,M,"50,6164100","3,0344000",59,2019,50.0,1.0,1.0,4.0,2151079,1.0,1,4,1,0.0,,-1.0,0,1971.0,B01,138Â 299Â 100,1.0,8.0,-1.0,1642621,3.0,7,,0.0,2.0,8.0,A01,138Â 299Â 099,0.0
962419,201900003950,9,7,17:45,1,2,9,1.0,3.0,59350,LAMBRET OSCAR AVENUE,M,"50,6164100","3,0344000",59,2019,50.0,1.0,1.0,4.0,2151079,1.0,1,4,1,0.0,,-1.0,0,1971.0,B01,138Â 299Â 100,1.0,8.0,-1.0,1642622,3.0,7,,0.0,2.0,7.0,B01,138Â 299Â 100,0.0
962420,201900003951,9,16,07:37,1,2,3,1.0,3.0,57672,GENERAL DE CASTELNAU (RUE DU),M,"49,3533900","6,1615800",57,2019,50.0,1.0,1.0,4.0,2151080,1.0,1,1,2,1.0,,-1.0, -1,1971.0,A01,138Â 299Â 097,1.0,0.0,-1.0,1642623,1.0,7,,0.0,2.0,3.0,A01,138Â 299Â 097,1.0
962420,201900003951,9,16,07:37,1,2,3,1.0,3.0,57672,GENERAL DE CASTELNAU (RUE DU),M,"49,3533900","6,1615800",57,2019,50.0,1.0,1.0,4.0,2151080,1.0,1,1,2,1.0,,-1.0, -1,1971.0,A01,138Â 299Â 097,1.0,0.0,-1.0,1642624,1.0,33,,0.0,2.0,1.0,B01,138Â 299Â 098,1.0
962420,201900003951,9,16,07:37,1,2,3,1.0,3.0,57672,GENERAL DE CASTELNAU (RUE DU),M,"49,3533900","6,1615800",57,2019,50.0,1.0,1.0,4.0,2151081,1.0,1,3,1,1.0,,-1.0, -1,1993.0,B01,138Â 299Â 098,2.0,6.0,-1.0,1642623,1.0,7,,0.0,2.0,3.0,A01,138Â 299Â 097,1.0
962420,201900003951,9,16,07:37,1,2,3,1.0,3.0,57672,GENERAL DE CASTELNAU (RUE DU),M,"49,3533900","6,1615800",57,2019,50.0,1.0,1.0,4.0,2151081,1.0,1,3,1,1.0,,-1.0, -1,1993.0,B01,138Â 299Â 098,2.0,6.0,-1.0,1642624,1.0,33,,0.0,2.0,1.0,B01,138Â 299Â 098,1.0
962421,201900003952,9,18,13:50,1,2,3,1.0,2.0,56260,PONTIVY(BOULEVARD DE),M,"47,6706600"," -2,7705200",56,2019,50.0,1.0,1.0,4.0,2151082,1.0,1,4,1,1.0,,-1.0,0,1974.0,B01,138Â 299Â 095,2.0,6.0,-1.0,1642625,3.0,32,,0.0,2.0,3.0,B01,138Â 299Â 095,1.0
962421,201900003952,9,18,13:50,1,2,3,1.0,2.0,56260,PONTIVY(BOULEVARD DE),M,"47,6706600"," -2,7705200",56,2019,50.0,1.0,1.0,4.0,2151082,1.0,1,4,1,1.0,,-1.0,0,1974.0,B01,138Â 299Â 095,2.0,6.0,-1.0,1642626,3.0,10,,0.0,2.0,5.0,A01,138Â 299Â 096,1.0
962421,201900003952,9,18,13:50,1,2,3,1.0,2.0,56260,PONTIVY(BOULEVARD DE),M,"47,6706600"," -2,7705200",56,2019,50.0,1.0,1.0,4.0,2151083,1.0,1,1,2,5.0,,-1.0,0,1991.0,A01,138Â 299Â 096,1.0,0.0,-1.0,1642625,3.0,32,,0.0,2.0,3.0,B01,138Â 299Â 095,1.0
962421,201900003952,9,18,13:50,1,2,3,1.0,2.0,56260,PONTIVY(BOULEVARD DE),M,"47,6706600"," -2,7705200",56,2019,50.0,1.0,1.0,4.0,2151083,1.0,1,1,2,5.0,,-1.0,0,1991.0,A01,138Â 299Â 096,1.0,0.0,-1.0,1642626,3.0,10,,0.0,2.0,5.0,A01,138Â 299Â 096,1.0
962422,201900003953,9,17,17:10,1,2,2,1.0,3.0,56121,KERJULAUDE ( RUE DE ),M,"47,7438357"," -3,3810682",56,2019,50.0,1.0,1.0,4.0,2151084,1.0,1,4,1,4.0,,0.0,0,1968.0,B01,138Â 299Â 093,2.0,0.0,-1.0,1642627,2.0,1,,0.0,2.0,8.0,B01,138Â 299Â 093,5.0
962422,201900003953,9,17,17:10,1,2,2,1.0,3.0,56121,KERJULAUDE ( RUE DE ),M,"47,7438357"," -3,3810682",56,2019,50.0,1.0,1.0,4.0,2151084,1.0,1,4,1,4.0,,0.0,0,1968.0,B01,138Â 299Â 093,2.0,0.0,-1.0,1642628,2.0,10,,0.0,2.0,2.0,A01,138Â 299Â 094,1.0
962422,201900003953,9,17,17:10,1,2,2,1.0,3.0,56121,KERJULAUDE ( RUE DE ),M,"47,7438357"," -3,3810682",56,2019,50.0,1.0,1.0,4.0,2151085,1.0,1,1,1,4.0,,0.0,0,1998.0,A01,138Â 299Â 094,1.0,8.0,-1.0,1642627,2.0,1,,0.0,2.0,8.0,B01,138Â 299Â 093,5.0
962422,201900003953,9,17,17:10,1,2,2,1.0,3.0,56121,KERJULAUDE ( RUE DE ),M,"47,7438357"," -3,3810682",56,2019,50.0,1.0,1.0,4.0,2151085,1.0,1,1,1,4.0,,0.0,0,1998.0,A01,138Â 299Â 094,1.0,8.0,-1.0,1642628,2.0,10,,0.0,2.0,2.0,A01,138Â 299Â 094,1.0
962423,201900003954,9,18,19:10,2,2,4,7.0,3.0,54304,RESISTANCE (AV. DE LA -IMPAIR-),M,"48,6939350","6,1352770",54,2019,2.0,1.0,1.0,4.0,2151086,1.0,1,1,1,0.0,,-1.0,0,1999.0,B01,138Â 299Â 091,1.0,0.0,-1.0,1642629,1.0,7,,0.0,2.0,0.0,B01,138Â 299Â 091,1.0
962423,201900003954,9,18,19:10,2,2,4,7.0,3.0,54304,RESISTANCE (AV. DE LA -IMPAIR-),M,"48,6939350","6,1352770",54,2019,2.0,1.0,1.0,4.0,2151086,1.0,1,1,1,0.0,,-1.0,0,1999.0,B01,138Â 299Â 091,1.0,0.0,-1.0,1642630,1.0,7,,0.0,2.0,0.0,A01,138Â 299Â 092,1.0
962423,201900003954,9,18,19:10,2,2,4,7.0,3.0,54304,RESISTANCE (AV. DE LA -IMPAIR-),M,"48,6939350","6,1352770",54,2019,2.0,1.0,1.0,4.0,2151087,2.0,2,4,1,0.0,,-1.0,0,1999.0,B01,138Â 299Â 091,1.0,0.0,-1.0,1642629,1.0,7,,0.0,2.0,0.0,B01,138Â 299Â 091,1.0
962423,201900003954,9,18,19:10,2,2,4,7.0,3.0,54304,RESISTANCE (AV. DE LA -IMPAIR-),M,"48,6939350","6,1352770",54,2019,2.0,1.0,1.0,4.0,2151087,2.0,2,4,1,0.0,,-1.0,0,1999.0,B01,138Â 299Â 091,1.0,0.0,-1.0,1642630,1.0,7,,0.0,2.0,0.0,A01,138Â 299Â 092,1.0
962423,201900003954,9,18,19:10,2,2,4,7.0,3.0,54304,RESISTANCE (AV. DE LA -IMPAIR-),M,"48,6939350","6,1352770",54,2019,2.0,1.0,1.0,4.0,2151088,1.0,1,4,1,0.0,,-1.0,0,1993.0,A01,138Â 299Â 092,1.0,0.0,-1.0,1642629,1.0,7,,0.0,2.0,0.0,B01,138Â 299Â 091,1.0
962423,201900003954,9,18,19:10,2,2,4,7.0,3.0,54304,RESISTANCE (AV. DE LA -IMPAIR-),M,"48,6939350","6,1352770",54,2019,2.0,1.0,1.0,4.0,2151088,1.0,1,4,1,0.0,,-1.0,0,1993.0,A01,138Â 299Â 092,1.0,0.0,-1.0,1642630,1.0,7,,0.0,2.0,0.0,A01,138Â 299Â 092,1.0
962424,201900003955,9,18,07:00,2,2,1,1.0,3.0,54578,LECLERC (AVENUE DU GENERAL),M,"48,6760770","6,1533280",54,2019,50.0,1.0,1.0,4.0,2151089,1.0,1,4,1,0.0,,-1.0,0,1992.0,A01,138Â 299Â 089,1.0,0.0,-1.0,1642631,1.0,7,,0.0,2.0,3.0,A01,138Â 299Â 089,1.0
962424,201900003955,9,18,07:00,2,2,1,1.0,3.0,54578,LECLERC (AVENUE DU GENERAL),M,"48,6760770","6,1533280",54,2019,50.0,1.0,1.0,4.0,2151089,1.0,1,4,1,0.0,,-1.0,0,1992.0,A01,138Â 299Â 089,1.0,0.0,-1.0,1642632,1.0,7,,0.0,2.0,1.0,B01,138Â 299Â 090,1.0
962424,201900003955,9,18,07:00,2,2,1,1.0,3.0,54578,LECLERC (AVENUE DU GENERAL),M,"48,6760770","6,1533280",54,2019,50.0,1.0,1.0,4.0,2151090,2.0,2,1,2,0.0,,-1.0,0,1990.0,A01,138Â 299Â 089,1.0,0.0,-1.0,1642631,1.0,7,,0.0,2.0,3.0,A01,138Â 299Â 089,1.0
962424,201900003955,9,18,07:00,2,2,1,1.0,3.0,54578,LECLERC (AVENUE DU GENERAL),M,"48,6760770","6,1533280",54,2019,50.0,1.0,1.0,4.0,2151090,2.0,2,1,2,0.0,,-1.0,0,1990.0,A01,138Â 299Â 089,1.0,0.0,-1.0,1642632,1.0,7,,0.0,2.0,1.0,B01,138Â 299Â 090,1.0
962424,201900003955,9,18,07:00,2,2,1,1.0,3.0,54578,LECLERC (AVENUE DU GENERAL),M,"48,6760770","6,1533280",54,2019,50.0,1.0,1.0,4.0,2151091,2.0,2,1,1,9.0,,-1.0,0,1970.0,B01,138Â 299Â 090,1.0,0.0,-1.0,1642631,1.0,7,,0.0,2.0,3.0,A01,138Â 299Â 089,1.0
962424,201900003955,9,18,07:00,2,2,1,1.0,3.0,54578,LECLERC (AVENUE DU GENERAL),M,"48,6760770","6,1533280",54,2019,50.0,1.0,1.0,4.0,2151091,2.0,2,1,1,9.0,,-1.0,0,1970.0,B01,138Â 299Â 090,1.0,0.0,-1.0,1642632,1.0,7,,0.0,2.0,1.0,B01,138Â 299Â 090,1.0
962424,201900003955,9,18,07:00,2,2,1,1.0,3.0,54578,LECLERC (AVENUE DU GENERAL),M,"48,6760770","6,1533280",54,2019,50.0,1.0,1.0,4.0,2151092,1.0,1,1,1,0.0,,-1.0,0,1988.0,B01,138Â 299Â 090,1.0,0.0,-1.0,1642631,1.0,7,,0.0,2.0,3.0,A01,138Â 299Â 089,1.0
962424,201900003955,9,18,07:00,2,2,1,1.0,3.0,54578,LECLERC (AVENUE DU GENERAL),M,"48,6760770","6,1533280",54,2019,50.0,1.0,1.0,4.0,2151092,1.0,1,1,1,0.0,,-1.0,0,1988.0,B01,138Â 299Â 090,1.0,0.0,-1.0,1642632,1.0,7,,0.0,2.0,1.0,B01,138Â 299Â 090,1.0
962425,201900003956,9,18,19:00,1,2,1,1.0,3.0,51454,AVENUE D'EPERNAY,M,"49,2447137","4,0124819",51,2019,50.0,1.0,1.0,4.0,2151093,1.0,1,4,2,5.0,,-1.0,0,1964.0,A01,138Â 299Â 085,1.0,5.0,-1.0,1642633,0.0,7,,0.0,2.0,2.0,A01,138Â 299Â 085,1.0
962425,201900003956,9,18,19:00,1,2,1,1.0,3.0,51454,AVENUE D'EPERNAY,M,"49,2447137","4,0124819",51,2019,50.0,1.0,1.0,4.0,2151093,1.0,1,4,2,5.0,,-1.0,0,1964.0,A01,138Â 299Â 085,1.0,5.0,-1.0,1642634,1.0,7,,0.0,2.0,3.0,B01,138Â 299Â 086,1.0
962425,201900003956,9,18,19:00,1,2,1,1.0,3.0,51454,AVENUE D'EPERNAY,M,"49,2447137","4,0124819",51,2019,50.0,1.0,1.0,4.0,2151094,1.0,1,4,1,5.0,,-1.0,0,1997.0,B01,138Â 299Â 086,1.0,5.0,-1.0,1642633,0.0,7,,0.0,2.0,2.0,A01,138Â 299Â 085,1.0
962425,201900003956,9,18,19:00,1,2,1,1.0,3.0,51454,AVENUE D'EPERNAY,M,"49,2447137","4,0124819",51,2019,50.0,1.0,1.0,4.0,2151094,1.0,1,4,1,5.0,,-1.0,0,1997.0,B01,138Â 299Â 086,1.0,5.0,-1.0,1642634,1.0,7,,0.0,2.0,3.0,B01,138Â 299Â 086,1.0
962426,201900003957,9,18,08:40,1,2,6,1.0,7.0,51055,ROUTE DE LA NEUVILLETTE,M,"49,2868200","4,0281600",51,2019,50.0,1.0,1.0,4.0,2151095,2.0,1,4,1,0.0,,-1.0,0,1972.0,A01,138Â 299Â 084,2.0,6.0,-1.0,1642635,0.0,33,,0.0,0.0,6.0,A01,138Â 299Â 084,1.0
962427,201900003958,9,17,11:35,1,2,6,1.0,3.0,51454,PLACE DU SOUVENIR FRANCAIS,M,"49,2692435","4,0705321",51,2019,50.0,1.0,1.0,4.0,2151096,1.0,1,3,1,0.0,,-1.0,0,1961.0,B01,138Â 299Â 082,2.0,0.0,-1.0,1642636,0.0,31,,0.0,2.0,7.0,B01,138Â 299Â 082,0.0
962427,201900003958,9,17,11:35,1,2,6,1.0,3.0,51454,PLACE DU SOUVENIR FRANCAIS,M,"49,2692435","4,0705321",51,2019,50.0,1.0,1.0,4.0,2151096,1.0,1,3,1,0.0,,-1.0,0,1961.0,B01,138Â 299Â 082,2.0,0.0,-1.0,1642637,0.0,10,,0.0,2.0,6.0,A01,138Â 299Â 083,1.0
962427,201900003958,9,17,11:35,1,2,6,1.0,3.0,51454,PLACE DU SOUVENIR FRANCAIS,M,"49,2692435","4,0705321",51,2019,50.0,1.0,1.0,4.0,2151097,1.0,1,1,1,0.0,,-1.0,0,1953.0,A01,138Â 299Â 083,1.0,0.0,-1.0,1642636,0.0,31,,0.0,2.0,7.0,B01,138Â 299Â 082,0.0
962427,201900003958,9,17,11:35,1,2,6,1.0,3.0,51454,PLACE DU SOUVENIR FRANCAIS,M,"49,2692435","4,0705321",51,2019,50.0,1.0,1.0,4.0,2151097,1.0,1,1,1,0.0,,-1.0,0,1953.0,A01,138Â 299Â 083,1.0,0.0,-1.0,1642637,0.0,10,,0.0,2.0,6.0,A01,138Â 299Â 083,1.0
962428,201900003959,9,18,07:15,5,2,7,1.0,3.0,49099,OLDENBURG (PLACE D'),M,"47,0736800"," -0,8432700",49,2019,50.0,1.0,1.0,7.0,2151098,1.0,1,1,1,4.0,,-1.0,0,1958.0,A01,138Â 299Â 080,1.0,0.0,-1.0,1642638,1.0,20,,0.0,6.0,8.0,A01,138Â 299Â 080,1.0
962428,201900003959,9,18,07:15,5,2,7,1.0,3.0,49099,OLDENBURG (PLACE D'),M,"47,0736800"," -0,8432700",49,2019,50.0,1.0,1.0,7.0,2151098,1.0,1,1,1,4.0,,-1.0,0,1958.0,A01,138Â 299Â 080,1.0,0.0,-1.0,1642639,1.0,80,,0.0,2.0,2.0,B01,138Â 299Â 081,3.0
962428,201900003959,9,18,07:15,5,2,7,1.0,3.0,49099,OLDENBURG (PLACE D'),M,"47,0736800"," -0,8432700",49,2019,50.0,1.0,1.0,7.0,2151099,1.0,1,2,1,0.0,,-1.0,0,1998.0,B01,138Â 299Â 081,2.0,8.0,-1.0,1642638,1.0,20,,0.0,6.0,8.0,A01,138Â 299Â 080,1.0