Unnamed: 0_x,num_acc,mois,jour,hrmn,lum,agg,int,atm,col,com,adr,gps,lat,long,dep,annee,vma,situ,surf,catr,Unnamed: 0_y,place,catu,grav,sexe,trajet,secu,locp,actp,an_nais,num_veh_x,id_vehicule_x,secu1,secu2,secu3,Unnamed: 0,senc,catv,occutc,obs,obsm,choc,num_veh_y,id_vehicule_y,motor
962428,201900003959,9,18,07:15,5,2,7,1.0,3.0,49099,OLDENBURG (PLACE D'),M,"47,0736800"," -0,8432700",49,2019,50.0,1.0,1.0,7.0,2151099,1.0,1,2,1,0.0,,-1.0,0,1998.0,B01,138Â 299Â 081,2.0,8.0,-1.0,1642639,1.0,80,,0.0,2.0,2.0,B01,138Â 299Â 081,3.0
962429,201900003960,9,17,13:25,1,1,1,1.0,1.0,49099,BENESTIERE (RUE DE LA),M,"47,0363200"," -0,8756100",49,2019,50.0,1.0,1.0,4.0,2151100,1.0,1,1,2,9.0,,-1.0,0,1974.0,A01,138Â 299Â 078,1.0,8.0,-1.0,1642640,1.0,7,,0.0,2.0,3.0,A01,138Â 299Â 078,1.0
962429,201900003960,9,17,13:25,1,1,1,1.0,1.0,49099,BENESTIERE (RUE DE LA),M,"47,0363200"," -0,8756100",49,2019,50.0,1.0,1.0,4.0,2151100,1.0,1,1,2,9.0,,-1.0,0,1974.0,A01,138Â 299Â 078,1.0,8.0,-1.0,1642641,2.0,7,,0.0,2.0,3.0,B01,138Â 299Â 079,1.0
962429,201900003960,9,17,13:25,1,1,1,1.0,1.0,49099,BENESTIERE (RUE DE LA),M,"47,0363200"," -0,8756100",49,2019,50.0,1.0,1.0,4.0,2151101,1.0,1,4,1,1.0,,-1.0,0,1989.0,B01,138Â 299Â 079,1.0,8.0,-1.0,1642640,1.0,7,,0.0,2.0,3.0,A01,138Â 299Â 078,1.0
962429,201900003960,9,17,13:25,1,1,1,1.0,1.0,49099,BENESTIERE (RUE DE LA),M,"47,0363200"," -0,8756100",49,2019,50.0,1.0,1.0,4.0,2151101,1.0,1,4,1,1.0,,-1.0,0,1989.0,B01,138Â 299Â 079,1.0,8.0,-1.0,1642641,2.0,7,,0.0,2.0,3.0,B01,138Â 299Â 079,1.0
962430,201900003961,9,16,13:46,1,2,1,1.0,3.0,49007,GIRAN  OLIVIER PLACE,M,"47,4748800"," -0,5424500",49,2019,60.0,1.0,1.0,4.0,2151102,1.0,1,1,2,0.0,,-1.0,0,1998.0,B01,138Â 299Â 076,1.0,8.0,-1.0,1642642,1.0,7,,0.0,2.0,2.0,B01,138Â 299Â 076,1.0
962430,201900003961,9,16,13:46,1,2,1,1.0,3.0,49007,GIRAN  OLIVIER PLACE,M,"47,4748800"," -0,5424500",49,2019,60.0,1.0,1.0,4.0,2151102,1.0,1,1,2,0.0,,-1.0,0,1998.0,B01,138Â 299Â 076,1.0,8.0,-1.0,1642643,1.0,30,,0.0,2.0,2.0,A01,138Â 299Â 077,1.0
962430,201900003961,9,16,13:46,1,2,1,1.0,3.0,49007,GIRAN  OLIVIER PLACE,M,"47,4748800"," -0,5424500",49,2019,60.0,1.0,1.0,4.0,2151103,1.0,1,3,2,0.0,,-1.0,0,1967.0,A01,138Â 299Â 077,2.0,8.0,-1.0,1642642,1.0,7,,0.0,2.0,2.0,B01,138Â 299Â 076,1.0
962430,201900003961,9,16,13:46,1,2,1,1.0,3.0,49007,GIRAN  OLIVIER PLACE,M,"47,4748800"," -0,5424500",49,2019,60.0,1.0,1.0,4.0,2151103,1.0,1,3,2,0.0,,-1.0,0,1967.0,A01,138Â 299Â 077,2.0,8.0,-1.0,1642643,1.0,30,,0.0,2.0,2.0,A01,138Â 299Â 077,1.0
962431,201900003962,9,13,16:06,1,2,2,1.0,3.0,47001,CARNOT (BD DU PRESIDENT),M,"44,2042607","0,6207031",47,2019,50.0,1.0,1.0,4.0,2151104,1.0,1,1,2,2.0,,-1.0, -1,1984.0,B01,138Â 299Â 074,1.0,0.0,-1.0,1642644,1.0,7,,0.0,2.0,3.0,B01,138Â 299Â 074,1.0
962431,201900003962,9,13,16:06,1,2,2,1.0,3.0,47001,CARNOT (BD DU PRESIDENT),M,"44,2042607","0,6207031",47,2019,50.0,1.0,1.0,4.0,2151104,1.0,1,1,2,2.0,,-1.0, -1,1984.0,B01,138Â 299Â 074,1.0,0.0,-1.0,1642645,2.0,30,,0.0,2.0,2.0,A01,138Â 299Â 075,1.0
962431,201900003962,9,13,16:06,1,2,2,1.0,3.0,47001,CARNOT (BD DU PRESIDENT),M,"44,2042607","0,6207031",47,2019,50.0,1.0,1.0,4.0,2151105,2.0,2,1,1,5.0,,-1.0, -1,2000.0,A01,138Â 299Â 075,2.0,6.0,-1.0,1642644,1.0,7,,0.0,2.0,3.0,B01,138Â 299Â 074,1.0
962431,201900003962,9,13,16:06,1,2,2,1.0,3.0,47001,CARNOT (BD DU PRESIDENT),M,"44,2042607","0,6207031",47,2019,50.0,1.0,1.0,4.0,2151105,2.0,2,1,1,5.0,,-1.0, -1,2000.0,A01,138Â 299Â 075,2.0,6.0,-1.0,1642645,2.0,30,,0.0,2.0,2.0,A01,138Â 299Â 075,1.0
962431,201900003962,9,13,16:06,1,2,2,1.0,3.0,47001,CARNOT (BD DU PRESIDENT),M,"44,2042607","0,6207031",47,2019,50.0,1.0,1.0,4.0,2151106,10.0,3,3,2,0.0,,3.0,3,1956.0,A01,138Â 299Â 075,8.0,0.0,-1.0,1642644,1.0,7,,0.0,2.0,3.0,B01,138Â 299Â 074,1.0
962431,201900003962,9,13,16:06,1,2,2,1.0,3.0,47001,CARNOT (BD DU PRESIDENT),M,"44,2042607","0,6207031",47,2019,50.0,1.0,1.0,4.0,2151106,10.0,3,3,2,0.0,,3.0,3,1956.0,A01,138Â 299Â 075,8.0,0.0,-1.0,1642645,2.0,30,,0.0,2.0,2.0,A01,138Â 299Â 075,1.0
962431,201900003962,9,13,16:06,1,2,2,1.0,3.0,47001,CARNOT (BD DU PRESIDENT),M,"44,2042607","0,6207031",47,2019,50.0,1.0,1.0,4.0,2151107,1.0,1,1,1,5.0,,-1.0, -1,1997.0,A01,138Â 299Â 075,2.0,6.0,-1.0,1642644,1.0,7,,0.0,2.0,3.0,B01,138Â 299Â 074,1.0
962431,201900003962,9,13,16:06,1,2,2,1.0,3.0,47001,CARNOT (BD DU PRESIDENT),M,"44,2042607","0,6207031",47,2019,50.0,1.0,1.0,4.0,2151107,1.0,1,1,1,5.0,,-1.0, -1,1997.0,A01,138Â 299Â 075,2.0,6.0,-1.0,1642645,2.0,30,,0.0,2.0,2.0,A01,138Â 299Â 075,1.0
962432,201900003963,9,16,10:15,1,2,2,1.0,5.0,46042,ORMEAUX (COTE DES),M,"44,4639300","1,4286000",46,2019,50.0,1.0,1.0,3.0,2151108,1.0,1,1,1,4.0,,-1.0, -1,1981.0,C01,138Â 299Â 071,1.0,8.0,-1.0,1642646,1.0,10,,0.0,6.0,3.0,C01,138Â 299Â 071,1.0
962432,201900003963,9,16,10:15,1,2,2,1.0,5.0,46042,ORMEAUX (COTE DES),M,"44,4639300","1,4286000",46,2019,50.0,1.0,1.0,3.0,2151108,1.0,1,1,1,4.0,,-1.0, -1,1981.0,C01,138Â 299Â 071,1.0,8.0,-1.0,1642647,3.0,10,,0.0,2.0,6.0,B01,138Â 299Â 072,1.0
962432,201900003963,9,16,10:15,1,2,2,1.0,5.0,46042,ORMEAUX (COTE DES),M,"44,4639300","1,4286000",46,2019,50.0,1.0,1.0,3.0,2151108,1.0,1,1,1,4.0,,-1.0, -1,1981.0,C01,138Â 299Â 071,1.0,8.0,-1.0,1642648,3.0,30,,0.0,2.0,1.0,A01,138Â 299Â 073,1.0
962432,201900003963,9,16,10:15,1,2,2,1.0,5.0,46042,ORMEAUX (COTE DES),M,"44,4639300","1,4286000",46,2019,50.0,1.0,1.0,3.0,2151109,1.0,1,1,1,4.0,,-1.0, -1,1977.0,B01,138Â 299Â 072,1.0,8.0,-1.0,1642646,1.0,10,,0.0,6.0,3.0,C01,138Â 299Â 071,1.0
962432,201900003963,9,16,10:15,1,2,2,1.0,5.0,46042,ORMEAUX (COTE DES),M,"44,4639300","1,4286000",46,2019,50.0,1.0,1.0,3.0,2151109,1.0,1,1,1,4.0,,-1.0, -1,1977.0,B01,138Â 299Â 072,1.0,8.0,-1.0,1642647,3.0,10,,0.0,2.0,6.0,B01,138Â 299Â 072,1.0
962432,201900003963,9,16,10:15,1,2,2,1.0,5.0,46042,ORMEAUX (COTE DES),M,"44,4639300","1,4286000",46,2019,50.0,1.0,1.0,3.0,2151109,1.0,1,1,1,4.0,,-1.0, -1,1977.0,B01,138Â 299Â 072,1.0,8.0,-1.0,1642648,3.0,30,,0.0,2.0,1.0,A01,138Â 299Â 073,1.0
962432,201900003963,9,16,10:15,1,2,2,1.0,5.0,46042,ORMEAUX (COTE DES),M,"44,4639300","1,4286000",46,2019,50.0,1.0,1.0,3.0,2151110,1.0,1,2,1,0.0,,-1.0, -1,1962.0,A01,138Â 299Â 073,2.0,6.0,-1.0,1642646,1.0,10,,0.0,6.0,3.0,C01,138Â 299Â 071,1.0
962432,201900003963,9,16,10:15,1,2,2,1.0,5.0,46042,ORMEAUX (COTE DES),M,"44,4639300","1,4286000",46,2019,50.0,1.0,1.0,3.0,2151110,1.0,1,2,1,0.0,,-1.0, -1,1962.0,A01,138Â 299Â 073,2.0,6.0,-1.0,1642647,3.0,10,,0.0,2.0,6.0,B01,138Â 299Â 072,1.0
962432,201900003963,9,16,10:15,1,2,2,1.0,5.0,46042,ORMEAUX (COTE DES),M,"44,4639300","1,4286000",46,2019,50.0,1.0,1.0,3.0,2151110,1.0,1,2,1,0.0,,-1.0, -1,1962.0,A01,138Â 299Â 073,2.0,6.0,-1.0,1642648,3.0,30,,0.0,2.0,1.0,A01,138Â 299Â 073,1.0
962433,201900003964,9,18,13:09,1,2,1,1.0,6.0,45234,BD MARIE STUART,M,"47,9114000","1,9282600",45,2019,50.0,1.0,1.0,4.0,2151111,1.0,1,1,2,0.0,,0.0,0,1977.0,A01,138Â 299Â 070,8.0,0.0,-1.0,1642649,1.0,7,,0.0,1.0,3.0,A01,138Â 299Â 070,1.0
962433,201900003964,9,18,13:09,1,2,1,1.0,6.0,45234,BD MARIE STUART,M,"47,9114000","1,9282600",45,2019,50.0,1.0,1.0,4.0,2151112,10.0,3,3,1,5.0,,3.0,3,2013.0,A01,138Â 299Â 070,8.0,0.0,-1.0,1642649,1.0,7,,0.0,1.0,3.0,A01,138Â 299Â 070,1.0
962433,201900003964,9,18,13:09,1,2,1,1.0,6.0,45234,BD MARIE STUART,M,"47,9114000","1,9282600",45,2019,50.0,1.0,1.0,4.0,2151113,3.0,2,1,1,0.0,,0.0,0,2013.0,A01,138Â 299Â 070,3.0,0.0,-1.0,1642649,1.0,7,,0.0,1.0,3.0,A01,138Â 299Â 070,1.0
962434,201900003965,9,13,02:45,3,1,1,1.0,7.0,45004,RD 2060 - RIC Environnement,M,"48,0041545","2,7960510",45,2019,80.0,1.0,1.0,3.0,2151114,1.0,1,4,1,9.0,,0.0,0,1971.0,A01,138Â 299Â 069,1.0,5.0,-1.0,1642650,1.0,7,,13.0,0.0,1.0,A01,138Â 299Â 069,1.0
962435,201900003966,9,18,10:50,1,2,1,1.0,6.0,44109,BOULEVARD DE DOULON,M,"47,2257500"," -1,5225400",44,2019,50.0,1.0,1.0,4.0,2151115,1.0,1,1,1,9.0,,0.0,0,1969.0,A01,138Â 299Â 068,1.0,0.0,-1.0,1642651,0.0,7,,0.0,1.0,1.0,A01,138Â 299Â 068,1.0
962435,201900003966,9,18,10:50,1,2,1,1.0,6.0,44109,BOULEVARD DE DOULON,M,"47,2257500"," -1,5225400",44,2019,50.0,1.0,1.0,4.0,2151116,10.0,3,4,1,0.0,,3.0,3,1946.0,A01,138Â 299Â 068,8.0,0.0,-1.0,1642651,0.0,7,,0.0,1.0,1.0,A01,138Â 299Â 068,1.0
962436,201900003967,9,18,18:34,1,2,3,1.0,3.0,37261,COPPEE (RUE FRANCOIS),M,"47,4269157","0,6902293",37,2019,50.0,1.0,1.0,4.0,2151117,2.0,2,1,2,0.0,,-1.0,0,2000.0,A01,138Â 299Â 066,1.0,0.0,-1.0,1642652,3.0,7,,0.0,2.0,1.0,A01,138Â 299Â 066,1.0
962436,201900003967,9,18,18:34,1,2,3,1.0,3.0,37261,COPPEE (RUE FRANCOIS),M,"47,4269157","0,6902293",37,2019,50.0,1.0,1.0,4.0,2151117,2.0,2,1,2,0.0,,-1.0,0,2000.0,A01,138Â 299Â 066,1.0,0.0,-1.0,1642653,3.0,1,,0.0,2.0,8.0,B01,138Â 299Â 067,5.0
962436,201900003967,9,18,18:34,1,2,3,1.0,3.0,37261,COPPEE (RUE FRANCOIS),M,"47,4269157","0,6902293",37,2019,50.0,1.0,1.0,4.0,2151118,1.0,1,1,1,0.0,,-1.0,0,2000.0,A01,138Â 299Â 066,1.0,0.0,-1.0,1642652,3.0,7,,0.0,2.0,1.0,A01,138Â 299Â 066,1.0
962436,201900003967,9,18,18:34,1,2,3,1.0,3.0,37261,COPPEE (RUE FRANCOIS),M,"47,4269157","0,6902293",37,2019,50.0,1.0,1.0,4.0,2151118,1.0,1,1,1,0.0,,-1.0,0,2000.0,A01,138Â 299Â 066,1.0,0.0,-1.0,1642653,3.0,1,,0.0,2.0,8.0,B01,138Â 299Â 067,5.0
962436,201900003967,9,18,18:34,1,2,3,1.0,3.0,37261,COPPEE (RUE FRANCOIS),M,"47,4269157","0,6902293",37,2019,50.0,1.0,1.0,4.0,2151119,2.0,2,1,1,0.0,,-1.0,0,1999.0,A01,138Â 299Â 066,1.0,0.0,-1.0,1642652,3.0,7,,0.0,2.0,1.0,A01,138Â 299Â 066,1.0
962436,201900003967,9,18,18:34,1,2,3,1.0,3.0,37261,COPPEE (RUE FRANCOIS),M,"47,4269157","0,6902293",37,2019,50.0,1.0,1.0,4.0,2151119,2.0,2,1,1,0.0,,-1.0,0,1999.0,A01,138Â 299Â 066,1.0,0.0,-1.0,1642653,3.0,1,,0.0,2.0,8.0,B01,138Â 299Â 067,5.0
962436,201900003967,9,18,18:34,1,2,3,1.0,3.0,37261,COPPEE (RUE FRANCOIS),M,"47,4269157","0,6902293",37,2019,50.0,1.0,1.0,4.0,2151120,3.0,2,1,2,0.0,,-1.0,0,2000.0,A01,138Â 299Â 066,1.0,0.0,-1.0,1642652,3.0,7,,0.0,2.0,1.0,A01,138Â 299Â 066,1.0
962436,201900003967,9,18,18:34,1,2,3,1.0,3.0,37261,COPPEE (RUE FRANCOIS),M,"47,4269157","0,6902293",37,2019,50.0,1.0,1.0,4.0,2151120,3.0,2,1,2,0.0,,-1.0,0,2000.0,A01,138Â 299Â 066,1.0,0.0,-1.0,1642653,3.0,1,,0.0,2.0,8.0,B01,138Â 299Â 067,5.0
962436,201900003967,9,18,18:34,1,2,3,1.0,3.0,37261,COPPEE (RUE FRANCOIS),M,"47,4269157","0,6902293",37,2019,50.0,1.0,1.0,4.0,2151121,1.0,1,3,1,1.0,,-1.0,0,1980.0,B01,138Â 299Â 067,2.0,0.0,-1.0,1642652,3.0,7,,0.0,2.0,1.0,A01,138Â 299Â 066,1.0
962436,201900003967,9,18,18:34,1,2,3,1.0,3.0,37261,COPPEE (RUE FRANCOIS),M,"47,4269157","0,6902293",37,2019,50.0,1.0,1.0,4.0,2151121,1.0,1,3,1,1.0,,-1.0,0,1980.0,B01,138Â 299Â 067,2.0,0.0,-1.0,1642653,3.0,1,,0.0,2.0,8.0,B01,138Â 299Â 067,5.0
962437,201900003968,9,18,15:38,1,2,1,1.0,6.0,37261,TONNELLE (BOULEVARD),M,"47,3809387","0,6681232",37,2019,50.0,1.0,1.0,4.0,2151122,4.0,2,1,2,5.0,,-1.0,0,2014.0,A01,138Â 299Â 065,1.0,8.0,-1.0,1642654,2.0,7,,0.0,1.0,1.0,A01,138Â 299Â 065,1.0
962437,201900003968,9,18,15:38,1,2,1,1.0,6.0,37261,TONNELLE (BOULEVARD),M,"47,3809387","0,6681232",37,2019,50.0,1.0,1.0,4.0,2151123,10.0,3,4,1,5.0,,3.0,3,2010.0,A01,138Â 299Â 065,8.0,0.0,-1.0,1642654,2.0,7,,0.0,1.0,1.0,A01,138Â 299Â 065,1.0
962437,201900003968,9,18,15:38,1,2,1,1.0,6.0,37261,TONNELLE (BOULEVARD),M,"47,3809387","0,6681232",37,2019,50.0,1.0,1.0,4.0,2151124,1.0,1,1,2,5.0,,-1.0,0,1951.0,A01,138Â 299Â 065,1.0,0.0,-1.0,1642654,2.0,7,,0.0,1.0,1.0,A01,138Â 299Â 065,1.0
962438,201900003969,9,18,13:59,1,2,1,1.0,7.0,37261,FOUQUET (RUE JEHAN),M,"47,3862001","0,6840291",37,2019,50.0,1.0,1.0,4.0,2151125,1.0,1,4,1,1.0,,-1.0,0,1992.0,A01,138Â 299Â 064,2.0,0.0,-1.0,1642655,2.0,2,,0.0,0.0,3.0,A01,138Â 299Â 064,1.0
962439,201900003970,9,18,17:30,1,2,3,1.0,3.0,35051,RENAUDIERE (AVENUE DE LA),M,"48,1177600"," -1,6320400",35,2019,50.0,5.0,1.0,3.0,2151126,1.0,1,4,2,9.0,,-1.0, -1,1996.0,B01,138Â 299Â 062,8.0,0.0,-1.0,1642656,2.0,1,,0.0,2.0,1.0,B01,138Â 299Â 062,0.0
962439,201900003970,9,18,17:30,1,2,3,1.0,3.0,35051,RENAUDIERE (AVENUE DE LA),M,"48,1177600"," -1,6320400",35,2019,50.0,5.0,1.0,3.0,2151126,1.0,1,4,2,9.0,,-1.0, -1,1996.0,B01,138Â 299Â 062,8.0,0.0,-1.0,1642657,3.0,7,,0.0,2.0,2.0,A01,138Â 299Â 063,1.0
962439,201900003970,9,18,17:30,1,2,3,1.0,3.0,35051,RENAUDIERE (AVENUE DE LA),M,"48,1177600"," -1,6320400",35,2019,50.0,5.0,1.0,3.0,2151127,1.0,1,1,2,1.0,,-1.0,0,1994.0,A01,138Â 299Â 063,1.0,0.0,-1.0,1642656,2.0,1,,0.0,2.0,1.0,B01,138Â 299Â 062,0.0
962439,201900003970,9,18,17:30,1,2,3,1.0,3.0,35051,RENAUDIERE (AVENUE DE LA),M,"48,1177600"," -1,6320400",35,2019,50.0,5.0,1.0,3.0,2151127,1.0,1,1,2,1.0,,-1.0,0,1994.0,A01,138Â 299Â 063,1.0,0.0,-1.0,1642657,3.0,7,,0.0,2.0,2.0,A01,138Â 299Â 063,1.0
962440,201900003971,9,18,07:35,1,1,1,1.0,6.0,35238,RN136,M,"48,0826360"," -1,6445490",35,2019,90.0,1.0,1.0,2.0,2151128,1.0,1,3,1,0.0,,-1.0,0,1967.0,A01,138Â 299Â 061,2.0,6.0,-1.0,1642658,2.0,34,,3.0,0.0,2.0,A01,138Â 299Â 061,1.0
962441,201900003972,9,16,20:30,5,2,9,1.0,2.0,34032,DEVEZE (AV DE LA),M,"43,3311300","3,2445200",34,2019,50.0,1.0,1.0,4.0,2151129,1.0,1,1,1,5.0,,0.0,0,1947.0,B01,138Â 299Â 059,1.0,8.0,-1.0,1642659,3.0,7,,0.0,2.0,5.0,B01,138Â 299Â 059,1.0
962441,201900003972,9,16,20:30,5,2,9,1.0,2.0,34032,DEVEZE (AV DE LA),M,"43,3311300","3,2445200",34,2019,50.0,1.0,1.0,4.0,2151129,1.0,1,1,1,5.0,,0.0,0,1947.0,B01,138Â 299Â 059,1.0,8.0,-1.0,1642660,1.0,33,,0.0,2.0,1.0,A01,138Â 299Â 060,1.0
962441,201900003972,9,16,20:30,5,2,9,1.0,2.0,34032,DEVEZE (AV DE LA),M,"43,3311300","3,2445200",34,2019,50.0,1.0,1.0,4.0,2151130,1.0,1,3,1,5.0,,0.0,0,1970.0,A01,138Â 299Â 060,2.0,6.0,-1.0,1642659,3.0,7,,0.0,2.0,5.0,B01,138Â 299Â 059,1.0
962441,201900003972,9,16,20:30,5,2,9,1.0,2.0,34032,DEVEZE (AV DE LA),M,"43,3311300","3,2445200",34,2019,50.0,1.0,1.0,4.0,2151130,1.0,1,3,1,5.0,,0.0,0,1970.0,A01,138Â 299Â 060,2.0,6.0,-1.0,1642660,1.0,33,,0.0,2.0,1.0,A01,138Â 299Â 060,1.0
962442,201900003973,9,17,11:00,1,2,1,1.0,6.0,33032,Parking centre commercial rue camille Jullian,M,"44,9021800"," -0,5089000",33,2019,30.0,1.0,1.0,6.0,2151131,10.0,3,4,2,0.0,,9.0,9,1935.0,A01,138Â 299Â 058,0.0,0.0,-1.0,1642661,3.0,7,,0.0,2.0,4.0,A01,138Â 299Â 058,1.0
962442,201900003973,9,17,11:00,1,2,1,1.0,6.0,33032,Parking centre commercial rue camille Jullian,M,"44,9021800"," -0,5089000",33,2019,30.0,1.0,1.0,6.0,2151132,1.0,1,1,1,0.0,,-1.0, -1,1946.0,A01,138Â 299Â 058,8.0,0.0,-1.0,1642661,3.0,7,,0.0,2.0,4.0,A01,138Â 299Â 058,1.0
962443,201900003974,9,16,11:45,1,2,3,1.0,1.0,33192,ALL DE GASCOGNE,M,"44,7728800"," -0,6010100",33,2019,50.0,1.0,1.0,4.0,2151133,1.0,1,1,1,0.0,,-1.0, -1,1987.0,A01,138Â 299Â 056,8.0,0.0,-1.0,1642662,1.0,7,,6.0,2.0,1.0,A01,138Â 299Â 056,1.0
962443,201900003974,9,16,11:45,1,2,3,1.0,1.0,33192,ALL DE GASCOGNE,M,"44,7728800"," -0,6010100",33,2019,50.0,1.0,1.0,4.0,2151133,1.0,1,1,1,0.0,,-1.0, -1,1987.0,A01,138Â 299Â 056,8.0,0.0,-1.0,1642663,2.0,7,,0.0,2.0,3.0,B01,138Â 299Â 057,1.0
962443,201900003974,9,16,11:45,1,2,3,1.0,1.0,33192,ALL DE GASCOGNE,M,"44,7728800"," -0,6010100",33,2019,50.0,1.0,1.0,4.0,2151134,1.0,1,4,2,0.0,,-1.0, -1,1932.0,B01,138Â 299Â 057,8.0,0.0,-1.0,1642662,1.0,7,,6.0,2.0,1.0,A01,138Â 299Â 056,1.0
962443,201900003974,9,16,11:45,1,2,3,1.0,1.0,33192,ALL DE GASCOGNE,M,"44,7728800"," -0,6010100",33,2019,50.0,1.0,1.0,4.0,2151134,1.0,1,4,2,0.0,,-1.0, -1,1932.0,B01,138Â 299Â 057,8.0,0.0,-1.0,1642663,2.0,7,,0.0,2.0,3.0,B01,138Â 299Â 057,1.0
962444,201900003975,9,17,13:55,1,1,1,1.0,7.0,32013,AGEN (ROUTE D'),M,"43,6995300","0,6119200",32,2019,80.0,1.0,1.0,2.0,2151135,1.0,1,3,2,9.0,,0.0,0,1959.0,A01,138Â 299Â 055,1.0,0.0,-1.0,1642664,2.0,7,,0.0,0.0,1.0,A01,138Â 299Â 055,1.0
962445,201900003976,9,18,06:40,3,2,1,1.0,3.0,31149,Bd VICTOR HUGO,M,"43,6147500","1,3102600",31,2019,50.0,1.0,1.0,4.0,2151136,1.0,1,1,1,9.0,,-1.0,0,1973.0,A01,138Â 299Â 053,1.0,8.0,-1.0,1642665,1.0,7,,0.0,2.0,1.0,A01,138Â 299Â 053,1.0
962445,201900003976,9,18,06:40,3,2,1,1.0,3.0,31149,Bd VICTOR HUGO,M,"43,6147500","1,3102600",31,2019,50.0,1.0,1.0,4.0,2151136,1.0,1,1,1,9.0,,-1.0,0,1973.0,A01,138Â 299Â 053,1.0,8.0,-1.0,1642666,2.0,2,,0.0,2.0,1.0,B01,138Â 299Â 054,1.0
962445,201900003976,9,18,06:40,3,2,1,1.0,3.0,31149,Bd VICTOR HUGO,M,"43,6147500","1,3102600",31,2019,50.0,1.0,1.0,4.0,2151137,1.0,1,4,1,1.0,,-1.0,0,1987.0,B01,138Â 299Â 054,2.0,7.0,-1.0,1642665,1.0,7,,0.0,2.0,1.0,A01,138Â 299Â 053,1.0
962445,201900003976,9,18,06:40,3,2,1,1.0,3.0,31149,Bd VICTOR HUGO,M,"43,6147500","1,3102600",31,2019,50.0,1.0,1.0,4.0,2151137,1.0,1,4,1,1.0,,-1.0,0,1987.0,B01,138Â 299Â 054,2.0,7.0,-1.0,1642666,2.0,2,,0.0,2.0,1.0,B01,138Â 299Â 054,1.0
962446,201900003977,9,17,21:45,4,2,1,1.0,3.0,31555,AV SALVADOR DALI,M,"43,6248800","1,4059500",31,2019,50.0,1.0,1.0,4.0,2151138,1.0,1,4,1,9.0,,-1.0,0,1967.0,B01,138Â 299Â 051,1.0,8.0,-1.0,1642667,2.0,7,,0.0,2.0,1.0,B01,138Â 299Â 051,1.0
962446,201900003977,9,17,21:45,4,2,1,1.0,3.0,31555,AV SALVADOR DALI,M,"43,6248800","1,4059500",31,2019,50.0,1.0,1.0,4.0,2151138,1.0,1,4,1,9.0,,-1.0,0,1967.0,B01,138Â 299Â 051,1.0,8.0,-1.0,1642668,1.0,7,,0.0,2.0,1.0,A01,138Â 299Â 052,1.0
962446,201900003977,9,17,21:45,4,2,1,1.0,3.0,31555,AV SALVADOR DALI,M,"43,6248800","1,4059500",31,2019,50.0,1.0,1.0,4.0,2151139,1.0,1,1,1,9.0,,-1.0,0,1983.0,A01,138Â 299Â 052,1.0,8.0,-1.0,1642667,2.0,7,,0.0,2.0,1.0,B01,138Â 299Â 051,1.0
962446,201900003977,9,17,21:45,4,2,1,1.0,3.0,31555,AV SALVADOR DALI,M,"43,6248800","1,4059500",31,2019,50.0,1.0,1.0,4.0,2151139,1.0,1,1,1,9.0,,-1.0,0,1983.0,A01,138Â 299Â 052,1.0,8.0,-1.0,1642668,1.0,7,,0.0,2.0,1.0,A01,138Â 299Â 052,1.0
962447,201900003978,9,18,17:48,1,1,1,1.0,2.0,29232,CNO,M,"48,0232100"," -4,1039200",29,2019,70.0,1.0,1.0,3.0,2151140,1.0,1,1,2,0.0,,0.0,0,1979.0,A01,138Â 299Â 049,1.0,0.0,-1.0,1642669,2.0,7,,0.0,2.0,4.0,A01,138Â 299Â 049,1.0
962447,201900003978,9,18,17:48,1,1,1,1.0,2.0,29232,CNO,M,"48,0232100"," -4,1039200",29,2019,70.0,1.0,1.0,3.0,2151140,1.0,1,1,2,0.0,,0.0,0,1979.0,A01,138Â 299Â 049,1.0,0.0,-1.0,1642670,2.0,7,,0.0,2.0,1.0,B01,138Â 299Â 050,0.0
962447,201900003978,9,18,17:48,1,1,1,1.0,2.0,29232,CNO,M,"48,0232100"," -4,1039200",29,2019,70.0,1.0,1.0,3.0,2151141,1.0,1,1,2,0.0,,0.0,0,1981.0,B01,138Â 299Â 050,1.0,0.0,-1.0,1642669,2.0,7,,0.0,2.0,4.0,A01,138Â 299Â 049,1.0
962447,201900003978,9,18,17:48,1,1,1,1.0,2.0,29232,CNO,M,"48,0232100"," -4,1039200",29,2019,70.0,1.0,1.0,3.0,2151141,1.0,1,1,2,0.0,,0.0,0,1981.0,B01,138Â 299Â 050,1.0,0.0,-1.0,1642670,2.0,7,,0.0,2.0,1.0,B01,138Â 299Â 050,0.0
962447,201900003978,9,18,17:48,1,1,1,1.0,2.0,29232,CNO,M,"48,0232100"," -4,1039200",29,2019,70.0,1.0,1.0,3.0,2151142,2.0,2,4,2,0.0,,0.0,0,2009.0,B01,138Â 299Â 050,1.0,0.0,-1.0,1642669,2.0,7,,0.0,2.0,4.0,A01,138Â 299Â 049,1.0
962447,201900003978,9,18,17:48,1,1,1,1.0,2.0,29232,CNO,M,"48,0232100"," -4,1039200",29,2019,70.0,1.0,1.0,3.0,2151142,2.0,2,4,2,0.0,,0.0,0,2009.0,B01,138Â 299Â 050,1.0,0.0,-1.0,1642670,2.0,7,,0.0,2.0,1.0,B01,138Â 299Â 050,0.0
962448,201900003979,9,18,17:48,1,2,2,1.0,6.0,25056,DENFERT ROCHEREAU AVENUE,M,"47,2440500","6,0270700",25,2019,50.0,1.0,1.0,4.0,2151143,1.0,1,1,1,0.0,,-1.0, -1,1996.0,A01,138Â 299Â 048,1.0,0.0,-1.0,1642671,3.0,7,,0.0,1.0,3.0,A01,138Â 299Â 048,1.0