Unnamed: 0_x,num_acc,mois,jour,hrmn,lum,agg,int,atm,col,com,adr,gps,lat,long,dep,annee,vma,situ,surf,catr,Unnamed: 0_y,place,catu,grav,sexe,trajet,secu,locp,actp,an_nais,num_veh_x,id_vehicule_x,secu1,secu2,secu3,Unnamed: 0,senc,catv,occutc,obs,obsm,choc,num_veh_y,id_vehicule_y,motor
962448,201900003979,9,18,17:48,1,2,2,1.0,6.0,25056,DENFERT ROCHEREAU AVENUE,M,"47,2440500","6,0270700",25,2019,50.0,1.0,1.0,4.0,2151144,10.0,3,3,2,9.0,,1.0,3,1997.0,A01,138Â 299Â 048,8.0,0.0,-1.0,1642671,3.0,7,,0.0,1.0,3.0,A01,138Â 299Â 048,1.0
962448,201900003979,9,18,17:48,1,2,2,1.0,6.0,25056,DENFERT ROCHEREAU AVENUE,M,"47,2440500","6,0270700",25,2019,50.0,1.0,1.0,4.0,2151145,3.0,2,1,1,9.0,,-1.0,0,2018.0,A01,138Â 299Â 048,3.0,0.0,-1.0,1642671,3.0,7,,0.0,1.0,3.0,A01,138Â 299Â 048,1.0
962449,201900003980,9,18,16:00,1,2,9,1.0,3.0,14327,COLOMBELLES CD226 (ROUTE DE),M,"49,2068600"," -0,3156400",14,2019,30.0,1.0,1.0,3.0,2151146,1.0,1,4,1,-1.0,,0.0,0,1993.0,B01,138Â 299Â 042,0.0,-1.0,-1.0,1642672,1.0,1,,0.0,0.0,9.0,B01,138Â 299Â 042,5.0
962449,201900003980,9,18,16:00,1,2,9,1.0,3.0,14327,COLOMBELLES CD226 (ROUTE DE),M,"49,2068600"," -0,3156400",14,2019,30.0,1.0,1.0,3.0,2151146,1.0,1,4,1,-1.0,,0.0,0,1993.0,B01,138Â 299Â 042,0.0,-1.0,-1.0,1642673,1.0,7,,0.0,2.0,1.0,A01,138Â 299Â 043,1.0
962449,201900003980,9,18,16:00,1,2,9,1.0,3.0,14327,COLOMBELLES CD226 (ROUTE DE),M,"49,2068600"," -0,3156400",14,2019,30.0,1.0,1.0,3.0,2151147,1.0,1,1,1,-1.0,,0.0,0,1957.0,A01,138Â 299Â 043,1.0,-1.0,-1.0,1642672,1.0,1,,0.0,0.0,9.0,B01,138Â 299Â 042,5.0
962449,201900003980,9,18,16:00,1,2,9,1.0,3.0,14327,COLOMBELLES CD226 (ROUTE DE),M,"49,2068600"," -0,3156400",14,2019,30.0,1.0,1.0,3.0,2151147,1.0,1,1,1,-1.0,,0.0,0,1957.0,A01,138Â 299Â 043,1.0,-1.0,-1.0,1642673,1.0,7,,0.0,2.0,1.0,A01,138Â 299Â 043,1.0
962450,201900003981,9,18,12:05,1,2,1,1.0,3.0,14341,NOBEL (RUE  ALFRED),M,"49,1486700"," -0,3401100",14,2019,50.0,1.0,1.0,4.0,2151148,1.0,1,1,1,5.0,,0.0,0,1989.0,A01,138Â 299Â 040,1.0,0.0,-1.0,1642674,1.0,7,,0.0,2.0,1.0,A01,138Â 299Â 040,1.0
962450,201900003981,9,18,12:05,1,2,1,1.0,3.0,14341,NOBEL (RUE  ALFRED),M,"49,1486700"," -0,3401100",14,2019,50.0,1.0,1.0,4.0,2151148,1.0,1,1,1,5.0,,0.0,0,1989.0,A01,138Â 299Â 040,1.0,0.0,-1.0,1642675,3.0,1,,0.0,2.0,3.0,B01,138Â 299Â 041,5.0
962450,201900003981,9,18,12:05,1,2,1,1.0,3.0,14341,NOBEL (RUE  ALFRED),M,"49,1486700"," -0,3401100",14,2019,50.0,1.0,1.0,4.0,2151149,1.0,1,4,2,5.0,,0.0,0,1957.0,B01,138Â 299Â 041,8.0,0.0,-1.0,1642674,1.0,7,,0.0,2.0,1.0,A01,138Â 299Â 040,1.0
962450,201900003981,9,18,12:05,1,2,1,1.0,3.0,14341,NOBEL (RUE  ALFRED),M,"49,1486700"," -0,3401100",14,2019,50.0,1.0,1.0,4.0,2151149,1.0,1,4,2,5.0,,0.0,0,1957.0,B01,138Â 299Â 041,8.0,0.0,-1.0,1642675,3.0,1,,0.0,2.0,3.0,B01,138Â 299Â 041,5.0
962451,201900003982,9,18,15:00,1,2,3,1.0,3.0,13210,OCTROI (BOULEVARD DE L'),M,"43,2816119","5,4256460",13,2019,50.0,1.0,1.0,4.0,2151150,1.0,1,4,1,0.0,,-1.0,0,1949.0,B01,138Â 299Â 038,2.0,8.0,-1.0,1642676,3.0,32,,0.0,6.0,8.0,B01,138Â 299Â 038,1.0
962451,201900003982,9,18,15:00,1,2,3,1.0,3.0,13210,OCTROI (BOULEVARD DE L'),M,"43,2816119","5,4256460",13,2019,50.0,1.0,1.0,4.0,2151150,1.0,1,4,1,0.0,,-1.0,0,1949.0,B01,138Â 299Â 038,2.0,8.0,-1.0,1642677,1.0,34,,0.0,6.0,1.0,A01,138Â 299Â 039,0.0
962451,201900003982,9,18,15:00,1,2,3,1.0,3.0,13210,OCTROI (BOULEVARD DE L'),M,"43,2816119","5,4256460",13,2019,50.0,1.0,1.0,4.0,2151151,1.0,1,1,1,0.0,,-1.0, -1,1973.0,A01,138Â 299Â 039,2.0,8.0,-1.0,1642676,3.0,32,,0.0,6.0,8.0,B01,138Â 299Â 038,1.0
962451,201900003982,9,18,15:00,1,2,3,1.0,3.0,13210,OCTROI (BOULEVARD DE L'),M,"43,2816119","5,4256460",13,2019,50.0,1.0,1.0,4.0,2151151,1.0,1,1,1,0.0,,-1.0, -1,1973.0,A01,138Â 299Â 039,2.0,8.0,-1.0,1642677,1.0,34,,0.0,6.0,1.0,A01,138Â 299Â 039,0.0
962452,201900003983,9,18,07:00,2,2,1,1.0,2.0,13209,SAINTE MARGUERITE (BOULEVARD),M,"43,2632590","5,4112010",13,2019,50.0,1.0,1.0,4.0,2151152,1.0,1,1,1,1.0,,-1.0,0,1957.0,A01,138Â 299Â 036,1.0,8.0,-1.0,1642678,1.0,7,,0.0,2.0,1.0,A01,138Â 299Â 036,1.0
962452,201900003983,9,18,07:00,2,2,1,1.0,2.0,13209,SAINTE MARGUERITE (BOULEVARD),M,"43,2632590","5,4112010",13,2019,50.0,1.0,1.0,4.0,2151152,1.0,1,1,1,1.0,,-1.0,0,1957.0,A01,138Â 299Â 036,1.0,8.0,-1.0,1642679,1.0,32,,0.0,2.0,1.0,B01,138Â 299Â 037,1.0
962452,201900003983,9,18,07:00,2,2,1,1.0,2.0,13209,SAINTE MARGUERITE (BOULEVARD),M,"43,2632590","5,4112010",13,2019,50.0,1.0,1.0,4.0,2151153,1.0,1,4,1,1.0,,-1.0, -1,1979.0,B01,138Â 299Â 037,2.0,6.0,-1.0,1642678,1.0,7,,0.0,2.0,1.0,A01,138Â 299Â 036,1.0
962452,201900003983,9,18,07:00,2,2,1,1.0,2.0,13209,SAINTE MARGUERITE (BOULEVARD),M,"43,2632590","5,4112010",13,2019,50.0,1.0,1.0,4.0,2151153,1.0,1,4,1,1.0,,-1.0, -1,1979.0,B01,138Â 299Â 037,2.0,6.0,-1.0,1642679,1.0,32,,0.0,2.0,1.0,B01,138Â 299Â 037,1.0
962453,201900003984,9,17,16:00,1,2,1,1.0,4.0,13210,MAURIAC (RUE),M,"43,2682600","5,4260900",13,2019,50.0,1.0,1.0,4.0,2151154,1.0,1,1,1,1.0,,-1.0, -1,1974.0,A01,138Â 299Â 032,1.0,0.0,-1.0,1642680,2.0,7,,0.0,2.0,1.0,A01,138Â 299Â 032,0.0
962453,201900003984,9,17,16:00,1,2,1,1.0,4.0,13210,MAURIAC (RUE),M,"43,2682600","5,4260900",13,2019,50.0,1.0,1.0,4.0,2151154,1.0,1,1,1,1.0,,-1.0, -1,1974.0,A01,138Â 299Â 032,1.0,0.0,-1.0,1642681,2.0,7,,0.0,2.0,9.0,B01,138Â 299Â 033,0.0
962453,201900003984,9,17,16:00,1,2,1,1.0,4.0,13210,MAURIAC (RUE),M,"43,2682600","5,4260900",13,2019,50.0,1.0,1.0,4.0,2151154,1.0,1,1,1,1.0,,-1.0, -1,1974.0,A01,138Â 299Â 032,1.0,0.0,-1.0,1642682,1.0,7,,0.0,2.0,4.0,D01,138Â 299Â 034,0.0
962453,201900003984,9,17,16:00,1,2,1,1.0,4.0,13210,MAURIAC (RUE),M,"43,2682600","5,4260900",13,2019,50.0,1.0,1.0,4.0,2151154,1.0,1,1,1,1.0,,-1.0, -1,1974.0,A01,138Â 299Â 032,1.0,0.0,-1.0,1642683,2.0,2,,0.0,2.0,9.0,C01,138Â 299Â 035,0.0
962453,201900003984,9,17,16:00,1,2,1,1.0,4.0,13210,MAURIAC (RUE),M,"43,2682600","5,4260900",13,2019,50.0,1.0,1.0,4.0,2151155,1.0,1,1,2,1.0,,-1.0, -1,1968.0,B01,138Â 299Â 033,1.0,0.0,-1.0,1642680,2.0,7,,0.0,2.0,1.0,A01,138Â 299Â 032,0.0
962453,201900003984,9,17,16:00,1,2,1,1.0,4.0,13210,MAURIAC (RUE),M,"43,2682600","5,4260900",13,2019,50.0,1.0,1.0,4.0,2151155,1.0,1,1,2,1.0,,-1.0, -1,1968.0,B01,138Â 299Â 033,1.0,0.0,-1.0,1642681,2.0,7,,0.0,2.0,9.0,B01,138Â 299Â 033,0.0
962453,201900003984,9,17,16:00,1,2,1,1.0,4.0,13210,MAURIAC (RUE),M,"43,2682600","5,4260900",13,2019,50.0,1.0,1.0,4.0,2151155,1.0,1,1,2,1.0,,-1.0, -1,1968.0,B01,138Â 299Â 033,1.0,0.0,-1.0,1642682,1.0,7,,0.0,2.0,4.0,D01,138Â 299Â 034,0.0
962453,201900003984,9,17,16:00,1,2,1,1.0,4.0,13210,MAURIAC (RUE),M,"43,2682600","5,4260900",13,2019,50.0,1.0,1.0,4.0,2151155,1.0,1,1,2,1.0,,-1.0, -1,1968.0,B01,138Â 299Â 033,1.0,0.0,-1.0,1642683,2.0,2,,0.0,2.0,9.0,C01,138Â 299Â 035,0.0
962453,201900003984,9,17,16:00,1,2,1,1.0,4.0,13210,MAURIAC (RUE),M,"43,2682600","5,4260900",13,2019,50.0,1.0,1.0,4.0,2151156,1.0,1,1,2,1.0,,-1.0, -1,1968.0,D01,138Â 299Â 034,1.0,0.0,-1.0,1642680,2.0,7,,0.0,2.0,1.0,A01,138Â 299Â 032,0.0
962453,201900003984,9,17,16:00,1,2,1,1.0,4.0,13210,MAURIAC (RUE),M,"43,2682600","5,4260900",13,2019,50.0,1.0,1.0,4.0,2151156,1.0,1,1,2,1.0,,-1.0, -1,1968.0,D01,138Â 299Â 034,1.0,0.0,-1.0,1642681,2.0,7,,0.0,2.0,9.0,B01,138Â 299Â 033,0.0
962453,201900003984,9,17,16:00,1,2,1,1.0,4.0,13210,MAURIAC (RUE),M,"43,2682600","5,4260900",13,2019,50.0,1.0,1.0,4.0,2151156,1.0,1,1,2,1.0,,-1.0, -1,1968.0,D01,138Â 299Â 034,1.0,0.0,-1.0,1642682,1.0,7,,0.0,2.0,4.0,D01,138Â 299Â 034,0.0
962453,201900003984,9,17,16:00,1,2,1,1.0,4.0,13210,MAURIAC (RUE),M,"43,2682600","5,4260900",13,2019,50.0,1.0,1.0,4.0,2151156,1.0,1,1,2,1.0,,-1.0, -1,1968.0,D01,138Â 299Â 034,1.0,0.0,-1.0,1642683,2.0,2,,0.0,2.0,9.0,C01,138Â 299Â 035,0.0
962453,201900003984,9,17,16:00,1,2,1,1.0,4.0,13210,MAURIAC (RUE),M,"43,2682600","5,4260900",13,2019,50.0,1.0,1.0,4.0,2151157,1.0,1,3,1,0.0,,-1.0, -1,1971.0,C01,138Â 299Â 035,2.0,0.0,-1.0,1642680,2.0,7,,0.0,2.0,1.0,A01,138Â 299Â 032,0.0
962453,201900003984,9,17,16:00,1,2,1,1.0,4.0,13210,MAURIAC (RUE),M,"43,2682600","5,4260900",13,2019,50.0,1.0,1.0,4.0,2151157,1.0,1,3,1,0.0,,-1.0, -1,1971.0,C01,138Â 299Â 035,2.0,0.0,-1.0,1642681,2.0,7,,0.0,2.0,9.0,B01,138Â 299Â 033,0.0
962453,201900003984,9,17,16:00,1,2,1,1.0,4.0,13210,MAURIAC (RUE),M,"43,2682600","5,4260900",13,2019,50.0,1.0,1.0,4.0,2151157,1.0,1,3,1,0.0,,-1.0, -1,1971.0,C01,138Â 299Â 035,2.0,0.0,-1.0,1642682,1.0,7,,0.0,2.0,4.0,D01,138Â 299Â 034,0.0
962453,201900003984,9,17,16:00,1,2,1,1.0,4.0,13210,MAURIAC (RUE),M,"43,2682600","5,4260900",13,2019,50.0,1.0,1.0,4.0,2151157,1.0,1,3,1,0.0,,-1.0, -1,1971.0,C01,138Â 299Â 035,2.0,0.0,-1.0,1642683,2.0,2,,0.0,2.0,9.0,C01,138Â 299Â 035,0.0
962454,201900003985,9,17,10:50,1,2,1,1.0,2.0,11262,POMPIDOR (AVENUE),M,"43,1858100","2,9752900",11,2019,50.0,1.0,1.0,4.0,2151158,1.0,1,4,2,9.0,,-1.0, -1,1994.0,B01,138Â 299Â 030,1.0,8.0,-1.0,1642684,1.0,7,,0.0,2.0,4.0,B01,138Â 299Â 030,1.0
962454,201900003985,9,17,10:50,1,2,1,1.0,2.0,11262,POMPIDOR (AVENUE),M,"43,1858100","2,9752900",11,2019,50.0,1.0,1.0,4.0,2151158,1.0,1,4,2,9.0,,-1.0, -1,1994.0,B01,138Â 299Â 030,1.0,8.0,-1.0,1642685,1.0,7,,0.0,2.0,1.0,A01,138Â 299Â 031,1.0
962454,201900003985,9,17,10:50,1,2,1,1.0,2.0,11262,POMPIDOR (AVENUE),M,"43,1858100","2,9752900",11,2019,50.0,1.0,1.0,4.0,2151159,1.0,1,1,2,9.0,,-1.0, -1,1994.0,A01,138Â 299Â 031,1.0,8.0,-1.0,1642684,1.0,7,,0.0,2.0,4.0,B01,138Â 299Â 030,1.0
962454,201900003985,9,17,10:50,1,2,1,1.0,2.0,11262,POMPIDOR (AVENUE),M,"43,1858100","2,9752900",11,2019,50.0,1.0,1.0,4.0,2151159,1.0,1,1,2,9.0,,-1.0, -1,1994.0,A01,138Â 299Â 031,1.0,8.0,-1.0,1642685,1.0,7,,0.0,2.0,1.0,A01,138Â 299Â 031,1.0
962455,201900003986,9,18,23:45,5,1,9,1.0,7.0,06069,MOULIN DE BRUN (CHEMIN ET TRAVERSE DU),M,"43,6593180","6,9464650",6,2019,30.0,1.0,1.0,4.0,2151160,1.0,1,4,1,0.0,,0.0,0,1977.0,A01,138Â 299Â 029,8.0,0.0,-1.0,1642686,0.0,7,,6.0,0.0,2.0,A01,138Â 299Â 029,1.0
962456,201900003987,9,18,21:05,5,2,1,1.0,4.0,75113,BD PERIPHERIQUE EXTERIEUR,M,"48,8168838","2,3483035",75,2019,70.0,1.0,1.0,4.0,2151161,1.0,1,1,1,5.0,,0.0,0,1949.0,A01,138Â 299Â 025,1.0,0.0,-1.0,1642687,2.0,7,,0.0,2.0,1.0,A01,138Â 299Â 025,1.0
962456,201900003987,9,18,21:05,5,2,1,1.0,4.0,75113,BD PERIPHERIQUE EXTERIEUR,M,"48,8168838","2,3483035",75,2019,70.0,1.0,1.0,4.0,2151161,1.0,1,1,1,5.0,,0.0,0,1949.0,A01,138Â 299Â 025,1.0,0.0,-1.0,1642688,2.0,33,,0.0,2.0,4.0,B01,138Â 299Â 026,1.0
962456,201900003987,9,18,21:05,5,2,1,1.0,4.0,75113,BD PERIPHERIQUE EXTERIEUR,M,"48,8168838","2,3483035",75,2019,70.0,1.0,1.0,4.0,2151161,1.0,1,1,1,5.0,,0.0,0,1949.0,A01,138Â 299Â 025,1.0,0.0,-1.0,1642689,2.0,7,,0.0,2.0,4.0,C01,138Â 299Â 027,1.0
962456,201900003987,9,18,21:05,5,2,1,1.0,4.0,75113,BD PERIPHERIQUE EXTERIEUR,M,"48,8168838","2,3483035",75,2019,70.0,1.0,1.0,4.0,2151161,1.0,1,1,1,5.0,,0.0,0,1949.0,A01,138Â 299Â 025,1.0,0.0,-1.0,1642690,2.0,33,,0.0,2.0,7.0,D01,138Â 299Â 028,1.0
962456,201900003987,9,18,21:05,5,2,1,1.0,4.0,75113,BD PERIPHERIQUE EXTERIEUR,M,"48,8168838","2,3483035",75,2019,70.0,1.0,1.0,4.0,2151162,1.0,1,4,1,1.0,,0.0,0,1976.0,B01,138Â 299Â 026,2.0,6.0,-1.0,1642687,2.0,7,,0.0,2.0,1.0,A01,138Â 299Â 025,1.0
962456,201900003987,9,18,21:05,5,2,1,1.0,4.0,75113,BD PERIPHERIQUE EXTERIEUR,M,"48,8168838","2,3483035",75,2019,70.0,1.0,1.0,4.0,2151162,1.0,1,4,1,1.0,,0.0,0,1976.0,B01,138Â 299Â 026,2.0,6.0,-1.0,1642688,2.0,33,,0.0,2.0,4.0,B01,138Â 299Â 026,1.0
962456,201900003987,9,18,21:05,5,2,1,1.0,4.0,75113,BD PERIPHERIQUE EXTERIEUR,M,"48,8168838","2,3483035",75,2019,70.0,1.0,1.0,4.0,2151162,1.0,1,4,1,1.0,,0.0,0,1976.0,B01,138Â 299Â 026,2.0,6.0,-1.0,1642689,2.0,7,,0.0,2.0,4.0,C01,138Â 299Â 027,1.0
962456,201900003987,9,18,21:05,5,2,1,1.0,4.0,75113,BD PERIPHERIQUE EXTERIEUR,M,"48,8168838","2,3483035",75,2019,70.0,1.0,1.0,4.0,2151162,1.0,1,4,1,1.0,,0.0,0,1976.0,B01,138Â 299Â 026,2.0,6.0,-1.0,1642690,2.0,33,,0.0,2.0,7.0,D01,138Â 299Â 028,1.0
962456,201900003987,9,18,21:05,5,2,1,1.0,4.0,75113,BD PERIPHERIQUE EXTERIEUR,M,"48,8168838","2,3483035",75,2019,70.0,1.0,1.0,4.0,2151163,1.0,1,1,1,5.0,,0.0,0,1994.0,C01,138Â 299Â 027,1.0,0.0,-1.0,1642687,2.0,7,,0.0,2.0,1.0,A01,138Â 299Â 025,1.0
962456,201900003987,9,18,21:05,5,2,1,1.0,4.0,75113,BD PERIPHERIQUE EXTERIEUR,M,"48,8168838","2,3483035",75,2019,70.0,1.0,1.0,4.0,2151163,1.0,1,1,1,5.0,,0.0,0,1994.0,C01,138Â 299Â 027,1.0,0.0,-1.0,1642688,2.0,33,,0.0,2.0,4.0,B01,138Â 299Â 026,1.0
962456,201900003987,9,18,21:05,5,2,1,1.0,4.0,75113,BD PERIPHERIQUE EXTERIEUR,M,"48,8168838","2,3483035",75,2019,70.0,1.0,1.0,4.0,2151163,1.0,1,1,1,5.0,,0.0,0,1994.0,C01,138Â 299Â 027,1.0,0.0,-1.0,1642689,2.0,7,,0.0,2.0,4.0,C01,138Â 299Â 027,1.0
962456,201900003987,9,18,21:05,5,2,1,1.0,4.0,75113,BD PERIPHERIQUE EXTERIEUR,M,"48,8168838","2,3483035",75,2019,70.0,1.0,1.0,4.0,2151163,1.0,1,1,1,5.0,,0.0,0,1994.0,C01,138Â 299Â 027,1.0,0.0,-1.0,1642690,2.0,33,,0.0,2.0,7.0,D01,138Â 299Â 028,1.0
962456,201900003987,9,18,21:05,5,2,1,1.0,4.0,75113,BD PERIPHERIQUE EXTERIEUR,M,"48,8168838","2,3483035",75,2019,70.0,1.0,1.0,4.0,2151164,1.0,1,1,1,5.0,,0.0,0,1989.0,D01,138Â 299Â 028,2.0,6.0,-1.0,1642687,2.0,7,,0.0,2.0,1.0,A01,138Â 299Â 025,1.0
962456,201900003987,9,18,21:05,5,2,1,1.0,4.0,75113,BD PERIPHERIQUE EXTERIEUR,M,"48,8168838","2,3483035",75,2019,70.0,1.0,1.0,4.0,2151164,1.0,1,1,1,5.0,,0.0,0,1989.0,D01,138Â 299Â 028,2.0,6.0,-1.0,1642688,2.0,33,,0.0,2.0,4.0,B01,138Â 299Â 026,1.0
962456,201900003987,9,18,21:05,5,2,1,1.0,4.0,75113,BD PERIPHERIQUE EXTERIEUR,M,"48,8168838","2,3483035",75,2019,70.0,1.0,1.0,4.0,2151164,1.0,1,1,1,5.0,,0.0,0,1989.0,D01,138Â 299Â 028,2.0,6.0,-1.0,1642689,2.0,7,,0.0,2.0,4.0,C01,138Â 299Â 027,1.0
962456,201900003987,9,18,21:05,5,2,1,1.0,4.0,75113,BD PERIPHERIQUE EXTERIEUR,M,"48,8168838","2,3483035",75,2019,70.0,1.0,1.0,4.0,2151164,1.0,1,1,1,5.0,,0.0,0,1989.0,D01,138Â 299Â 028,2.0,6.0,-1.0,1642690,2.0,33,,0.0,2.0,7.0,D01,138Â 299Â 028,1.0
962457,201900003988,9,18,18:30,2,2,1,1.0,4.0,75116,BD PERIPHERIQUE EXTERIEUR,M,"48,8577694","2,2596109",75,2019,70.0,1.0,1.0,4.0,2151165,1.0,1,4,1,5.0,,0.0,0,1983.0,A01,138Â 299Â 022,2.0,6.0,-1.0,1642691,2.0,33,,0.0,2.0,1.0,A01,138Â 299Â 022,1.0
962457,201900003988,9,18,18:30,2,2,1,1.0,4.0,75116,BD PERIPHERIQUE EXTERIEUR,M,"48,8577694","2,2596109",75,2019,70.0,1.0,1.0,4.0,2151165,1.0,1,4,1,5.0,,0.0,0,1983.0,A01,138Â 299Â 022,2.0,6.0,-1.0,1642692,2.0,7,,0.0,2.0,5.0,B01,138Â 299Â 023,1.0
962457,201900003988,9,18,18:30,2,2,1,1.0,4.0,75116,BD PERIPHERIQUE EXTERIEUR,M,"48,8577694","2,2596109",75,2019,70.0,1.0,1.0,4.0,2151165,1.0,1,4,1,5.0,,0.0,0,1983.0,A01,138Â 299Â 022,2.0,6.0,-1.0,1642693,2.0,7,,0.0,2.0,6.0,C01,138Â 299Â 024,1.0
962457,201900003988,9,18,18:30,2,2,1,1.0,4.0,75116,BD PERIPHERIQUE EXTERIEUR,M,"48,8577694","2,2596109",75,2019,70.0,1.0,1.0,4.0,2151166,1.0,1,1,2,5.0,,0.0,0,1980.0,B01,138Â 299Â 023,1.0,0.0,-1.0,1642691,2.0,33,,0.0,2.0,1.0,A01,138Â 299Â 022,1.0
962457,201900003988,9,18,18:30,2,2,1,1.0,4.0,75116,BD PERIPHERIQUE EXTERIEUR,M,"48,8577694","2,2596109",75,2019,70.0,1.0,1.0,4.0,2151166,1.0,1,1,2,5.0,,0.0,0,1980.0,B01,138Â 299Â 023,1.0,0.0,-1.0,1642692,2.0,7,,0.0,2.0,5.0,B01,138Â 299Â 023,1.0
962457,201900003988,9,18,18:30,2,2,1,1.0,4.0,75116,BD PERIPHERIQUE EXTERIEUR,M,"48,8577694","2,2596109",75,2019,70.0,1.0,1.0,4.0,2151166,1.0,1,1,2,5.0,,0.0,0,1980.0,B01,138Â 299Â 023,1.0,0.0,-1.0,1642693,2.0,7,,0.0,2.0,6.0,C01,138Â 299Â 024,1.0
962457,201900003988,9,18,18:30,2,2,1,1.0,4.0,75116,BD PERIPHERIQUE EXTERIEUR,M,"48,8577694","2,2596109",75,2019,70.0,1.0,1.0,4.0,2151167,1.0,1,1,1,1.0,,0.0,0,1975.0,C01,138Â 299Â 024,1.0,0.0,-1.0,1642691,2.0,33,,0.0,2.0,1.0,A01,138Â 299Â 022,1.0
962457,201900003988,9,18,18:30,2,2,1,1.0,4.0,75116,BD PERIPHERIQUE EXTERIEUR,M,"48,8577694","2,2596109",75,2019,70.0,1.0,1.0,4.0,2151167,1.0,1,1,1,1.0,,0.0,0,1975.0,C01,138Â 299Â 024,1.0,0.0,-1.0,1642692,2.0,7,,0.0,2.0,5.0,B01,138Â 299Â 023,1.0
962457,201900003988,9,18,18:30,2,2,1,1.0,4.0,75116,BD PERIPHERIQUE EXTERIEUR,M,"48,8577694","2,2596109",75,2019,70.0,1.0,1.0,4.0,2151167,1.0,1,1,1,1.0,,0.0,0,1975.0,C01,138Â 299Â 024,1.0,0.0,-1.0,1642693,2.0,7,,0.0,2.0,6.0,C01,138Â 299Â 024,1.0
962458,201900003989,9,18,14:45,1,2,1,1.0,3.0,75112,BD PERIPHERIQUE EXTERIEUR,M,"48,8422250","2,4138630",75,2019,70.0,1.0,1.0,4.0,2151168,1.0,1,4,1,1.0,,0.0,0,1987.0,B01,138Â 299Â 020,2.0,6.0,-1.0,1642694,2.0,33,,0.0,2.0,8.0,B01,138Â 299Â 020,1.0
962458,201900003989,9,18,14:45,1,2,1,1.0,3.0,75112,BD PERIPHERIQUE EXTERIEUR,M,"48,8422250","2,4138630",75,2019,70.0,1.0,1.0,4.0,2151168,1.0,1,4,1,1.0,,0.0,0,1987.0,B01,138Â 299Â 020,2.0,6.0,-1.0,1642695,2.0,7,,0.0,2.0,5.0,A01,138Â 299Â 021,1.0
962458,201900003989,9,18,14:45,1,2,1,1.0,3.0,75112,BD PERIPHERIQUE EXTERIEUR,M,"48,8422250","2,4138630",75,2019,70.0,1.0,1.0,4.0,2151169,1.0,1,1,1,5.0,,0.0,0,1944.0,A01,138Â 299Â 021,1.0,0.0,-1.0,1642694,2.0,33,,0.0,2.0,8.0,B01,138Â 299Â 020,1.0
962458,201900003989,9,18,14:45,1,2,1,1.0,3.0,75112,BD PERIPHERIQUE EXTERIEUR,M,"48,8422250","2,4138630",75,2019,70.0,1.0,1.0,4.0,2151169,1.0,1,1,1,5.0,,0.0,0,1944.0,A01,138Â 299Â 021,1.0,0.0,-1.0,1642695,2.0,7,,0.0,2.0,5.0,A01,138Â 299Â 021,1.0
962459,201900003990,9,18,09:00,1,2,4,1.0,7.0,75117,BD PERIPHERIQUE EXTERIEUR,M,"48,8845335","2,2858635",75,2019,70.0,1.0,8.0,4.0,2151170,1.0,1,4,2,1.0,,0.0,0,1976.0,A01,138Â 299Â 019,2.0,6.0,-1.0,1642696,2.0,32,,0.0,0.0,8.0,A01,138Â 299Â 019,1.0
962460,201900003991,9,17,18:15,1,2,1,1.0,4.0,75115,BD PERIPHERIQUE INTERIEUR,M,"48,8310530","2,2841260",75,2019,70.0,1.0,1.0,4.0,2151171,1.0,1,1,1,4.0,,0.0,0,1966.0,C01,138Â 299Â 016,1.0,-1.0,-1.0,1642697,1.0,10,,0.0,2.0,3.0,C01,138Â 299Â 016,1.0
962460,201900003991,9,17,18:15,1,2,1,1.0,4.0,75115,BD PERIPHERIQUE INTERIEUR,M,"48,8310530","2,2841260",75,2019,70.0,1.0,1.0,4.0,2151171,1.0,1,1,1,4.0,,0.0,0,1966.0,C01,138Â 299Â 016,1.0,-1.0,-1.0,1642698,1.0,7,,0.0,2.0,5.0,B01,138Â 299Â 017,1.0
962460,201900003991,9,17,18:15,1,2,1,1.0,4.0,75115,BD PERIPHERIQUE INTERIEUR,M,"48,8310530","2,2841260",75,2019,70.0,1.0,1.0,4.0,2151171,1.0,1,1,1,4.0,,0.0,0,1966.0,C01,138Â 299Â 016,1.0,-1.0,-1.0,1642699,1.0,33,,0.0,2.0,3.0,A01,138Â 299Â 018,1.0
962460,201900003991,9,17,18:15,1,2,1,1.0,4.0,75115,BD PERIPHERIQUE INTERIEUR,M,"48,8310530","2,2841260",75,2019,70.0,1.0,1.0,4.0,2151172,1.0,1,1,1,5.0,,0.0,0,1995.0,B01,138Â 299Â 017,1.0,-1.0,-1.0,1642697,1.0,10,,0.0,2.0,3.0,C01,138Â 299Â 016,1.0
962460,201900003991,9,17,18:15,1,2,1,1.0,4.0,75115,BD PERIPHERIQUE INTERIEUR,M,"48,8310530","2,2841260",75,2019,70.0,1.0,1.0,4.0,2151172,1.0,1,1,1,5.0,,0.0,0,1995.0,B01,138Â 299Â 017,1.0,-1.0,-1.0,1642698,1.0,7,,0.0,2.0,5.0,B01,138Â 299Â 017,1.0
962460,201900003991,9,17,18:15,1,2,1,1.0,4.0,75115,BD PERIPHERIQUE INTERIEUR,M,"48,8310530","2,2841260",75,2019,70.0,1.0,1.0,4.0,2151172,1.0,1,1,1,5.0,,0.0,0,1995.0,B01,138Â 299Â 017,1.0,-1.0,-1.0,1642699,1.0,33,,0.0,2.0,3.0,A01,138Â 299Â 018,1.0