Unnamed: 0_x,num_acc,mois,jour,hrmn,lum,agg,int,atm,col,com,adr,gps,lat,long,dep,annee,vma,situ,surf,catr,Unnamed: 0_y,place,catu,grav,sexe,trajet,secu,locp,actp,an_nais,num_veh_x,id_vehicule_x,secu1,secu2,secu3,Unnamed: 0,senc,catv,occutc,obs,obsm,choc,num_veh_y,id_vehicule_y,motor
962460,201900003991,9,17,18:15,1,2,1,1.0,4.0,75115,BD PERIPHERIQUE INTERIEUR,M,"48,8310530","2,2841260",75,2019,70.0,1.0,1.0,4.0,2151173,2.0,2,4,1,5.0,,0.0,0,2004.0,A01,138Â 299Â 018,2.0,6.0,-1.0,1642697,1.0,10,,0.0,2.0,3.0,C01,138Â 299Â 016,1.0
962460,201900003991,9,17,18:15,1,2,1,1.0,4.0,75115,BD PERIPHERIQUE INTERIEUR,M,"48,8310530","2,2841260",75,2019,70.0,1.0,1.0,4.0,2151173,2.0,2,4,1,5.0,,0.0,0,2004.0,A01,138Â 299Â 018,2.0,6.0,-1.0,1642698,1.0,7,,0.0,2.0,5.0,B01,138Â 299Â 017,1.0
962460,201900003991,9,17,18:15,1,2,1,1.0,4.0,75115,BD PERIPHERIQUE INTERIEUR,M,"48,8310530","2,2841260",75,2019,70.0,1.0,1.0,4.0,2151173,2.0,2,4,1,5.0,,0.0,0,2004.0,A01,138Â 299Â 018,2.0,6.0,-1.0,1642699,1.0,33,,0.0,2.0,3.0,A01,138Â 299Â 018,1.0
962460,201900003991,9,17,18:15,1,2,1,1.0,4.0,75115,BD PERIPHERIQUE INTERIEUR,M,"48,8310530","2,2841260",75,2019,70.0,1.0,1.0,4.0,2151174,1.0,1,4,1,5.0,,0.0,0,1971.0,A01,138Â 299Â 018,2.0,6.0,-1.0,1642697,1.0,10,,0.0,2.0,3.0,C01,138Â 299Â 016,1.0
962460,201900003991,9,17,18:15,1,2,1,1.0,4.0,75115,BD PERIPHERIQUE INTERIEUR,M,"48,8310530","2,2841260",75,2019,70.0,1.0,1.0,4.0,2151174,1.0,1,4,1,5.0,,0.0,0,1971.0,A01,138Â 299Â 018,2.0,6.0,-1.0,1642698,1.0,7,,0.0,2.0,5.0,B01,138Â 299Â 017,1.0
962460,201900003991,9,17,18:15,1,2,1,1.0,4.0,75115,BD PERIPHERIQUE INTERIEUR,M,"48,8310530","2,2841260",75,2019,70.0,1.0,1.0,4.0,2151174,1.0,1,4,1,5.0,,0.0,0,1971.0,A01,138Â 299Â 018,2.0,6.0,-1.0,1642699,1.0,33,,0.0,2.0,3.0,A01,138Â 299Â 018,1.0
962461,201900003992,9,17,12:00,1,2,1,1.0,3.0,75116,BD PERIPHERIQUE INTERIEUR,M,"48,8712005","2,2732097",75,2019,70.0,1.0,1.0,4.0,2151175,1.0,1,1,1,5.0,,0.0,0,1949.0,A01,138Â 299Â 014,1.0,-1.0,-1.0,1642700,1.0,7,,0.0,2.0,2.0,A01,138Â 299Â 014,1.0
962461,201900003992,9,17,12:00,1,2,1,1.0,3.0,75116,BD PERIPHERIQUE INTERIEUR,M,"48,8712005","2,2732097",75,2019,70.0,1.0,1.0,4.0,2151175,1.0,1,1,1,5.0,,0.0,0,1949.0,A01,138Â 299Â 014,1.0,-1.0,-1.0,1642701,1.0,31,,0.0,2.0,8.0,B01,138Â 299Â 015,1.0
962461,201900003992,9,17,12:00,1,2,1,1.0,3.0,75116,BD PERIPHERIQUE INTERIEUR,M,"48,8712005","2,2732097",75,2019,70.0,1.0,1.0,4.0,2151176,1.0,1,4,1,5.0,,0.0,0,1961.0,B01,138Â 299Â 015,2.0,6.0,-1.0,1642700,1.0,7,,0.0,2.0,2.0,A01,138Â 299Â 014,1.0
962461,201900003992,9,17,12:00,1,2,1,1.0,3.0,75116,BD PERIPHERIQUE INTERIEUR,M,"48,8712005","2,2732097",75,2019,70.0,1.0,1.0,4.0,2151176,1.0,1,4,1,5.0,,0.0,0,1961.0,B01,138Â 299Â 015,2.0,6.0,-1.0,1642701,1.0,31,,0.0,2.0,8.0,B01,138Â 299Â 015,1.0
962462,201900003993,9,17,00:45,5,2,4,1.0,6.0,75120,BD PERIPHERIQUE INTERIEUR,M,"48,8685188","2,4132369",75,2019,70.0,1.0,1.0,4.0,2151177,2.0,2,4,2,5.0,,0.0,0,1996.0,A01,138Â 299Â 013,2.0,6.0,-1.0,1642702,1.0,32,,3.0,0.0,1.0,A01,138Â 299Â 013,1.0
962462,201900003993,9,17,00:45,5,2,4,1.0,6.0,75120,BD PERIPHERIQUE INTERIEUR,M,"48,8685188","2,4132369",75,2019,70.0,1.0,1.0,4.0,2151178,1.0,1,4,1,5.0,,0.0,0,1996.0,A01,138Â 299Â 013,2.0,6.0,-1.0,1642702,1.0,32,,3.0,0.0,1.0,A01,138Â 299Â 013,1.0
962463,201900003994,9,18,11:18,1,2,2,1.0,6.0,75119,AVENUE JEAN JAURES,M,"48,8877950","2,3892880",75,2019,50.0,1.0,1.0,4.0,2151179,1.0,1,4,1,1.0,,0.0,0,1959.0,A01,138Â 299Â 011,1.0,0.0,-1.0,1642703,1.0,7,,0.0,2.0,7.0,A01,138Â 299Â 011,2.0
962463,201900003994,9,18,11:18,1,2,2,1.0,6.0,75119,AVENUE JEAN JAURES,M,"48,8877950","2,3892880",75,2019,50.0,1.0,1.0,4.0,2151179,1.0,1,4,1,1.0,,0.0,0,1959.0,A01,138Â 299Â 011,1.0,0.0,-1.0,1642704,2.0,7,,0.0,2.0,1.0,Z01,138Â 299Â 012,1.0
962463,201900003994,9,18,11:18,1,2,2,1.0,6.0,75119,AVENUE JEAN JAURES,M,"48,8877950","2,3892880",75,2019,50.0,1.0,1.0,4.0,2151180,1.0,1,1,1,5.0,,0.0,0,1972.0,Z01,138Â 299Â 012,1.0,0.0,-1.0,1642703,1.0,7,,0.0,2.0,7.0,A01,138Â 299Â 011,2.0
962463,201900003994,9,18,11:18,1,2,2,1.0,6.0,75119,AVENUE JEAN JAURES,M,"48,8877950","2,3892880",75,2019,50.0,1.0,1.0,4.0,2151180,1.0,1,1,1,5.0,,0.0,0,1972.0,Z01,138Â 299Â 012,1.0,0.0,-1.0,1642704,2.0,7,,0.0,2.0,1.0,Z01,138Â 299Â 012,1.0
962464,201900003995,9,18,09:20,1,2,3,1.0,6.0,75119,AVENUE JEAN JAURES,M,"48,8842590","2,3759370",75,2019,50.0,1.0,1.0,4.0,2151181,1.0,1,1,1,4.0,,0.0,0,1993.0,A01,138Â 299Â 010,2.0,6.0,-1.0,1642705,1.0,33,,0.0,1.0,1.0,A01,138Â 299Â 010,1.0
962464,201900003995,9,18,09:20,1,2,3,1.0,6.0,75119,AVENUE JEAN JAURES,M,"48,8842590","2,3759370",75,2019,50.0,1.0,1.0,4.0,2151182,10.0,3,4,2,5.0,,4.0,3,1947.0,A01,138Â 299Â 010,0.0,0.0,0.0,1642705,1.0,33,,0.0,1.0,1.0,A01,138Â 299Â 010,1.0
962465,201900003996,9,18,18:46,1,2,2,1.0,6.0,75118,AVENUE DE LA PORTE DE LA CHAPELLE,M,"48,8986947","2,3590063",75,2019,50.0,1.0,1.0,4.0,2151183,1.0,1,1,1,1.0,,0.0,0,1984.0,A01,138Â 299Â 009,2.0,6.0,-1.0,1642706,1.0,34,,0.0,1.0,1.0,A01,138Â 299Â 009,1.0
962465,201900003996,9,18,18:46,1,2,2,1.0,6.0,75118,AVENUE DE LA PORTE DE LA CHAPELLE,M,"48,8986947","2,3590063",75,2019,50.0,1.0,1.0,4.0,2151184,10.0,3,3,1,0.0,,4.0,3,1979.0,A01,138Â 299Â 009,0.0,0.0,0.0,1642706,1.0,34,,0.0,1.0,1.0,A01,138Â 299Â 009,1.0
962466,201900003997,9,18,07:00,2,2,1,1.0,6.0,75117,RUE ANDRE BRECHET,M,"48,8989160","2,3256900",75,2019,1.0,4.0,1.0,4.0,2151185,1.0,1,4,1,1.0,,0.0,0,1973.0,A01,138Â 299Â 008,2.0,6.0,-1.0,1642707,3.0,32,,15.0,0.0,1.0,A01,138Â 299Â 008,1.0
962467,201900003998,9,18,13:40,1,2,7,1.0,2.0,75116,PLACE DU TROCADERO,M,"48,8633010","2,2866610",75,2019,50.0,1.0,1.0,4.0,2151186,1.0,1,1,1,1.0,,0.0,0,1971.0,A01,138Â 299Â 006,1.0,0.0,-1.0,1642708,1.0,7,,0.0,2.0,3.0,A01,138Â 299Â 006,1.0
962467,201900003998,9,18,13:40,1,2,7,1.0,2.0,75116,PLACE DU TROCADERO,M,"48,8633010","2,2866610",75,2019,50.0,1.0,1.0,4.0,2151186,1.0,1,1,1,1.0,,0.0,0,1971.0,A01,138Â 299Â 006,1.0,0.0,-1.0,1642709,1.0,1,,0.0,2.0,4.0,B01,138Â 299Â 007,5.0
962467,201900003998,9,18,13:40,1,2,7,1.0,2.0,75116,PLACE DU TROCADERO,M,"48,8633010","2,2866610",75,2019,50.0,1.0,1.0,4.0,2151187,1.0,1,4,1,1.0,,0.0,0,1969.0,B01,138Â 299Â 007,8.0,2.0,-1.0,1642708,1.0,7,,0.0,2.0,3.0,A01,138Â 299Â 006,1.0
962467,201900003998,9,18,13:40,1,2,7,1.0,2.0,75116,PLACE DU TROCADERO,M,"48,8633010","2,2866610",75,2019,50.0,1.0,1.0,4.0,2151187,1.0,1,4,1,1.0,,0.0,0,1969.0,B01,138Â 299Â 007,8.0,2.0,-1.0,1642709,1.0,1,,0.0,2.0,4.0,B01,138Â 299Â 007,5.0
962468,201900003999,9,18,19:45,2,2,1,1.0,2.0,75115,RUE LEBLANC,M,"48,8398460","2,2725400",75,2019,50.0,1.0,1.0,4.0,2151188,1.0,1,1,1,5.0,,0.0,0,1959.0,A01,138Â 299Â 004,1.0,0.0,-1.0,1642710,2.0,7,,0.0,2.0,4.0,A01,138Â 299Â 004,1.0
962468,201900003999,9,18,19:45,2,2,1,1.0,2.0,75115,RUE LEBLANC,M,"48,8398460","2,2725400",75,2019,50.0,1.0,1.0,4.0,2151188,1.0,1,1,1,5.0,,0.0,0,1959.0,A01,138Â 299Â 004,1.0,0.0,-1.0,1642711,2.0,33,,0.0,2.0,4.0,B01,138Â 299Â 005,1.0
962468,201900003999,9,18,19:45,2,2,1,1.0,2.0,75115,RUE LEBLANC,M,"48,8398460","2,2725400",75,2019,50.0,1.0,1.0,4.0,2151189,1.0,1,4,1,0.0,,0.0,0,1958.0,B01,138Â 299Â 005,2.0,6.0,-1.0,1642710,2.0,7,,0.0,2.0,4.0,A01,138Â 299Â 004,1.0
962468,201900003999,9,18,19:45,2,2,1,1.0,2.0,75115,RUE LEBLANC,M,"48,8398460","2,2725400",75,2019,50.0,1.0,1.0,4.0,2151189,1.0,1,4,1,0.0,,0.0,0,1958.0,B01,138Â 299Â 005,2.0,6.0,-1.0,1642711,2.0,33,,0.0,2.0,4.0,B01,138Â 299Â 005,1.0
962469,201900004000,9,18,19:45,2,2,2,1.0,6.0,75106,BOULEVARD DU MONTPARNASSE,M,"48,8431195","2,3264303",75,2019,50.0,1.0,1.0,4.0,2151190,1.0,1,4,1,5.0,,0.0,0,1979.0,A01,138Â 299Â 003,2.0,6.0,-1.0,1642712,1.0,7,,0.0,2.0,1.0,Z01,138Â 299Â 002,1.0
962469,201900004000,9,18,19:45,2,2,2,1.0,6.0,75106,BOULEVARD DU MONTPARNASSE,M,"48,8431195","2,3264303",75,2019,50.0,1.0,1.0,4.0,2151190,1.0,1,4,1,5.0,,0.0,0,1979.0,A01,138Â 299Â 003,2.0,6.0,-1.0,1642713,1.0,33,,0.0,2.0,4.0,A01,138Â 299Â 003,1.0
962470,201900004001,9,18,16:25,1,2,2,1.0,3.0,75115,RUE MARMONTEL,M,"48,8367520","2,2995440",75,2019,50.0,5.0,1.0,4.0,2151191,1.0,1,4,2,0.0,,0.0,0,1957.0,B01,138Â 299Â 000,2.0,8.0,-1.0,1642714,2.0,1,,0.0,2.0,8.0,B01,138Â 299Â 000,5.0
962470,201900004001,9,18,16:25,1,2,2,1.0,3.0,75115,RUE MARMONTEL,M,"48,8367520","2,2995440",75,2019,50.0,5.0,1.0,4.0,2151191,1.0,1,4,2,0.0,,0.0,0,1957.0,B01,138Â 299Â 000,2.0,8.0,-1.0,1642715,1.0,10,,0.0,2.0,2.0,A01,138Â 299Â 001,1.0
962470,201900004001,9,18,16:25,1,2,2,1.0,3.0,75115,RUE MARMONTEL,M,"48,8367520","2,2995440",75,2019,50.0,5.0,1.0,4.0,2151192,1.0,1,1,1,9.0,,0.0,0,1992.0,A01,138Â 299Â 001,1.0,0.0,-1.0,1642714,2.0,1,,0.0,2.0,8.0,B01,138Â 299Â 000,5.0
962470,201900004001,9,18,16:25,1,2,2,1.0,3.0,75115,RUE MARMONTEL,M,"48,8367520","2,2995440",75,2019,50.0,5.0,1.0,4.0,2151192,1.0,1,1,1,9.0,,0.0,0,1992.0,A01,138Â 299Â 001,1.0,0.0,-1.0,1642715,1.0,10,,0.0,2.0,2.0,A01,138Â 299Â 001,1.0
962471,201900004002,9,18,17:00,1,2,3,1.0,6.0,75111,RUE ALPHONSE BAUDIN,M,"48,8609850","2,3703110",75,2019,30.0,1.0,1.0,4.0,2151193,10.0,3,4,1,9.0,,2.0,5,2009.0,A01,138Â 298Â 999,0.0,0.0,0.0,1642716,1.0,7,,0.0,1.0,3.0,A01,138Â 298Â 999,1.0
962471,201900004002,9,18,17:00,1,2,3,1.0,6.0,75111,RUE ALPHONSE BAUDIN,M,"48,8609850","2,3703110",75,2019,30.0,1.0,1.0,4.0,2151194,1.0,1,1,2,9.0,,0.0,0,1990.0,A01,138Â 298Â 999,1.0,0.0,-1.0,1642716,1.0,7,,0.0,1.0,3.0,A01,138Â 298Â 999,1.0
962472,201900004003,9,18,20:00,2,2,2,1.0,3.0,75108,RUE PIERRE CHARRON,M,"48,8692386","2,3027730",75,2019,50.0,1.0,1.0,4.0,2151195,1.0,1,1,1,0.0,,0.0,0,1973.0,B01,138Â 298Â 997,1.0,0.0,-1.0,1642717,1.0,7,,0.0,2.0,3.0,B01,138Â 298Â 997,1.0
962472,201900004003,9,18,20:00,2,2,2,1.0,3.0,75108,RUE PIERRE CHARRON,M,"48,8692386","2,3027730",75,2019,50.0,1.0,1.0,4.0,2151195,1.0,1,1,1,0.0,,0.0,0,1973.0,B01,138Â 298Â 997,1.0,0.0,-1.0,1642718,1.0,33,,0.0,2.0,2.0,A01,138Â 298Â 998,1.0
962472,201900004003,9,18,20:00,2,2,2,1.0,3.0,75108,RUE PIERRE CHARRON,M,"48,8692386","2,3027730",75,2019,50.0,1.0,1.0,4.0,2151196,1.0,1,4,1,0.0,,0.0,0,1967.0,A01,138Â 298Â 998,2.0,6.0,-1.0,1642717,1.0,7,,0.0,2.0,3.0,B01,138Â 298Â 997,1.0
962472,201900004003,9,18,20:00,2,2,2,1.0,3.0,75108,RUE PIERRE CHARRON,M,"48,8692386","2,3027730",75,2019,50.0,1.0,1.0,4.0,2151196,1.0,1,4,1,0.0,,0.0,0,1967.0,A01,138Â 298Â 998,2.0,6.0,-1.0,1642718,1.0,33,,0.0,2.0,2.0,A01,138Â 298Â 998,1.0
962473,201900004004,9,18,11:30,1,2,1,1.0,6.0,94067,GENERAL DE GAULLE (AV DU),M,"48,8456700","2,4177400",94,2019,50.0,1.0,1.0,3.0,2151197,10.0,3,4,2,0.0,,3.0,3,1933.0,A01,138Â 298Â 994,8.0,0.0,-1.0,1642719,1.0,33,,0.0,1.0,1.0,A01,138Â 298Â 994,1.0
962473,201900004004,9,18,11:30,1,2,1,1.0,6.0,94067,GENERAL DE GAULLE (AV DU),M,"48,8456700","2,4177400",94,2019,50.0,1.0,1.0,3.0,2151198,1.0,1,1,1,1.0,,-1.0, -1,1991.0,A01,138Â 298Â 994,2.0,6.0,-1.0,1642719,1.0,33,,0.0,1.0,1.0,A01,138Â 298Â 994,1.0
962474,201900004005,9,18,17:45,1,2,9,1.0,3.0,94078,WINSTON CHURCHILL (AV),M,"48,7539970","2,4495300",94,2019,50.0,1.0,1.0,3.0,2151199,1.0,1,1,1,9.0,,-1.0, -1,1981.0,B01,138Â 298Â 992,1.0,0.0,-1.0,1642720,1.0,7,,0.0,2.0,3.0,B01,138Â 298Â 992,6.0
962474,201900004005,9,18,17:45,1,2,9,1.0,3.0,94078,WINSTON CHURCHILL (AV),M,"48,7539970","2,4495300",94,2019,50.0,1.0,1.0,3.0,2151199,1.0,1,1,1,9.0,,-1.0, -1,1981.0,B01,138Â 298Â 992,1.0,0.0,-1.0,1642721,1.0,7,,0.0,2.0,1.0,A01,138Â 298Â 993,6.0
962474,201900004005,9,18,17:45,1,2,9,1.0,3.0,94078,WINSTON CHURCHILL (AV),M,"48,7539970","2,4495300",94,2019,50.0,1.0,1.0,3.0,2151200,1.0,1,4,1,9.0,,-1.0, -1,1995.0,A01,138Â 298Â 993,1.0,0.0,-1.0,1642720,1.0,7,,0.0,2.0,3.0,B01,138Â 298Â 992,6.0
962474,201900004005,9,18,17:45,1,2,9,1.0,3.0,94078,WINSTON CHURCHILL (AV),M,"48,7539970","2,4495300",94,2019,50.0,1.0,1.0,3.0,2151200,1.0,1,4,1,9.0,,-1.0, -1,1995.0,A01,138Â 298Â 993,1.0,0.0,-1.0,1642721,1.0,7,,0.0,2.0,1.0,A01,138Â 298Â 993,6.0
962475,201900004006,9,18,19:50,2,2,1,1.0,6.0,94076,EDOUARD VAILLANT (R),M,"48,7900000","2,3400000",94,2019,50.0,1.0,1.0,9.0,2151201,10.0,3,3,2,1.0,,1.0,1,1981.0,A01,138Â 298Â 991,0.0,0.0,0.0,1642722,3.0,7,,0.0,1.0,0.0,A01,138Â 298Â 991,1.0
962475,201900004006,9,18,19:50,2,2,1,1.0,6.0,94076,EDOUARD VAILLANT (R),M,"48,7900000","2,3400000",94,2019,50.0,1.0,1.0,9.0,2151202,1.0,1,1,2,1.0,,0.0,0,1981.0,A01,138Â 298Â 991,1.0,8.0,-1.0,1642722,3.0,7,,0.0,1.0,0.0,A01,138Â 298Â 991,1.0
962476,201900004007,9,18,09:30,1,2,5,1.0,6.0,94033,25 AOUT 1944 (BD DU),M,"48,8473400","2,4786700",94,2019,50.0,1.0,1.0,3.0,2151203,10.0,3,4,2,2.0,,4.0,3,1997.0,A01,138Â 298Â 990,8.0,0.0,-1.0,1642723,3.0,7,,0.0,1.0,2.0,A01,138Â 298Â 990,0.0
962476,201900004007,9,18,09:30,1,2,5,1.0,6.0,94033,25 AOUT 1944 (BD DU),M,"48,8473400","2,4786700",94,2019,50.0,1.0,1.0,3.0,2151204,1.0,1,1,1,1.0,,0.0,0,1997.0,A01,138Â 298Â 990,1.0,0.0,-1.0,1642723,3.0,7,,0.0,1.0,2.0,A01,138Â 298Â 990,0.0
962477,201900004008,9,17,22:40,5,2,1,1.0,1.0,94028,CODOS.(RUE PAUL),M,"48,7747000","2,4696000",94,2019,50.0,1.0,1.0,4.0,2151205,1.0,1,4,1,9.0,,-1.0, -1,1998.0,B01,138Â 298Â 988,1.0,0.0,-1.0,1642724,0.0,7,,1.0,0.0,1.0,B01,138Â 298Â 988,0.0
962477,201900004008,9,17,22:40,5,2,1,1.0,1.0,94028,CODOS.(RUE PAUL),M,"48,7747000","2,4696000",94,2019,50.0,1.0,1.0,4.0,2151205,1.0,1,4,1,9.0,,-1.0, -1,1998.0,B01,138Â 298Â 988,1.0,0.0,-1.0,1642725,0.0,7,,1.0,0.0,1.0,A01,138Â 298Â 989,0.0
962477,201900004008,9,17,22:40,5,2,1,1.0,1.0,94028,CODOS.(RUE PAUL),M,"48,7747000","2,4696000",94,2019,50.0,1.0,1.0,4.0,2151206,1.0,1,4,1,9.0,,-1.0,0,1978.0,A01,138Â 298Â 989,1.0,0.0,-1.0,1642724,0.0,7,,1.0,0.0,1.0,B01,138Â 298Â 988,0.0
962477,201900004008,9,17,22:40,5,2,1,1.0,1.0,94028,CODOS.(RUE PAUL),M,"48,7747000","2,4696000",94,2019,50.0,1.0,1.0,4.0,2151206,1.0,1,4,1,9.0,,-1.0,0,1978.0,A01,138Â 298Â 989,1.0,0.0,-1.0,1642725,0.0,7,,1.0,0.0,1.0,A01,138Â 298Â 989,0.0
962478,201900004009,9,17,11:30,1,2,9,1.0,2.0,94028,ARCOS.(RUE RENE),M,"48,7774600","2,4585400",94,2019,50.0,1.0,1.0,4.0,2151207,1.0,1,4,1,9.0,,-1.0, -1,1990.0,A01,138Â 298Â 986,1.0,0.0,-1.0,1642726,0.0,7,,0.0,2.0,4.0,A01,138Â 298Â 986,1.0
962478,201900004009,9,17,11:30,1,2,9,1.0,2.0,94028,ARCOS.(RUE RENE),M,"48,7774600","2,4585400",94,2019,50.0,1.0,1.0,4.0,2151207,1.0,1,4,1,9.0,,-1.0, -1,1990.0,A01,138Â 298Â 986,1.0,0.0,-1.0,1642727,3.0,7,,0.0,2.0,1.0,B01,138Â 298Â 987,1.0
962478,201900004009,9,17,11:30,1,2,9,1.0,2.0,94028,ARCOS.(RUE RENE),M,"48,7774600","2,4585400",94,2019,50.0,1.0,1.0,4.0,2151208,1.0,1,1,1,9.0,,-1.0,0,1974.0,B01,138Â 298Â 987,1.0,0.0,-1.0,1642726,0.0,7,,0.0,2.0,4.0,A01,138Â 298Â 986,1.0
962478,201900004009,9,17,11:30,1,2,9,1.0,2.0,94028,ARCOS.(RUE RENE),M,"48,7774600","2,4585400",94,2019,50.0,1.0,1.0,4.0,2151208,1.0,1,1,1,9.0,,-1.0,0,1974.0,B01,138Â 298Â 987,1.0,0.0,-1.0,1642727,3.0,7,,0.0,2.0,1.0,B01,138Â 298Â 987,1.0
962479,201900004010,9,18,12:20,1,2,4,1.0,3.0,94071,BOISSY (R DE),M,"48,7649300","2,5250000",94,2019,50.0,1.0,1.0,3.0,2151209,1.0,1,4,1,1.0,,-1.0, -1,1961.0,B01,138Â 298Â 984,1.0,5.0,-1.0,1642728,3.0,7,,0.0,2.0,1.0,B01,138Â 298Â 984,1.0
962479,201900004010,9,18,12:20,1,2,4,1.0,3.0,94071,BOISSY (R DE),M,"48,7649300","2,5250000",94,2019,50.0,1.0,1.0,3.0,2151209,1.0,1,4,1,1.0,,-1.0, -1,1961.0,B01,138Â 298Â 984,1.0,5.0,-1.0,1642729,3.0,7,,0.0,2.0,7.0,A01,138Â 298Â 985,1.0
962479,201900004010,9,18,12:20,1,2,4,1.0,3.0,94071,BOISSY (R DE),M,"48,7649300","2,5250000",94,2019,50.0,1.0,1.0,3.0,2151210,1.0,1,4,2,5.0,,-1.0, -1,1995.0,A01,138Â 298Â 985,1.0,5.0,-1.0,1642728,3.0,7,,0.0,2.0,1.0,B01,138Â 298Â 984,1.0
962479,201900004010,9,18,12:20,1,2,4,1.0,3.0,94071,BOISSY (R DE),M,"48,7649300","2,5250000",94,2019,50.0,1.0,1.0,3.0,2151210,1.0,1,4,2,5.0,,-1.0, -1,1995.0,A01,138Â 298Â 985,1.0,5.0,-1.0,1642729,3.0,7,,0.0,2.0,7.0,A01,138Â 298Â 985,1.0
962480,201900004011,9,16,19:15,1,2,1,1.0,4.0,94002,EMILE ZOLA (R),M,"48,7981400","2,4202500",94,2019,50.0,1.0,1.0,3.0,2151211,1.0,1,4,1,1.0,,-1.0,0,1991.0,A01,138Â 298Â 981,2.0,8.0,-1.0,1642730,1.0,33,,0.0,2.0,1.0,A01,138Â 298Â 981,1.0
962480,201900004011,9,16,19:15,1,2,1,1.0,4.0,94002,EMILE ZOLA (R),M,"48,7981400","2,4202500",94,2019,50.0,1.0,1.0,3.0,2151211,1.0,1,4,1,1.0,,-1.0,0,1991.0,A01,138Â 298Â 981,2.0,8.0,-1.0,1642731,1.0,7,,0.0,2.0,4.0,B01,138Â 298Â 982,1.0
962480,201900004011,9,16,19:15,1,2,1,1.0,4.0,94002,EMILE ZOLA (R),M,"48,7981400","2,4202500",94,2019,50.0,1.0,1.0,3.0,2151211,1.0,1,4,1,1.0,,-1.0,0,1991.0,A01,138Â 298Â 981,2.0,8.0,-1.0,1642732,1.0,7,,0.0,2.0,0.0,C01,138Â 298Â 983,1.0
962480,201900004011,9,16,19:15,1,2,1,1.0,4.0,94002,EMILE ZOLA (R),M,"48,7981400","2,4202500",94,2019,50.0,1.0,1.0,3.0,2151212,1.0,1,1,1,5.0,,-1.0, -1,1983.0,B01,138Â 298Â 982,1.0,8.0,-1.0,1642730,1.0,33,,0.0,2.0,1.0,A01,138Â 298Â 981,1.0
962480,201900004011,9,16,19:15,1,2,1,1.0,4.0,94002,EMILE ZOLA (R),M,"48,7981400","2,4202500",94,2019,50.0,1.0,1.0,3.0,2151212,1.0,1,1,1,5.0,,-1.0, -1,1983.0,B01,138Â 298Â 982,1.0,8.0,-1.0,1642731,1.0,7,,0.0,2.0,4.0,B01,138Â 298Â 982,1.0
962480,201900004011,9,16,19:15,1,2,1,1.0,4.0,94002,EMILE ZOLA (R),M,"48,7981400","2,4202500",94,2019,50.0,1.0,1.0,3.0,2151212,1.0,1,1,1,5.0,,-1.0, -1,1983.0,B01,138Â 298Â 982,1.0,8.0,-1.0,1642732,1.0,7,,0.0,2.0,0.0,C01,138Â 298Â 983,1.0
962480,201900004011,9,16,19:15,1,2,1,1.0,4.0,94002,EMILE ZOLA (R),M,"48,7981400","2,4202500",94,2019,50.0,1.0,1.0,3.0,2151213,1.0,1,1,2,5.0,,-1.0, -1,1988.0,C01,138Â 298Â 983,1.0,0.0,-1.0,1642730,1.0,33,,0.0,2.0,1.0,A01,138Â 298Â 981,1.0
962480,201900004011,9,16,19:15,1,2,1,1.0,4.0,94002,EMILE ZOLA (R),M,"48,7981400","2,4202500",94,2019,50.0,1.0,1.0,3.0,2151213,1.0,1,1,2,5.0,,-1.0, -1,1988.0,C01,138Â 298Â 983,1.0,0.0,-1.0,1642731,1.0,7,,0.0,2.0,4.0,B01,138Â 298Â 982,1.0
962480,201900004011,9,16,19:15,1,2,1,1.0,4.0,94002,EMILE ZOLA (R),M,"48,7981400","2,4202500",94,2019,50.0,1.0,1.0,3.0,2151213,1.0,1,1,2,5.0,,-1.0, -1,1988.0,C01,138Â 298Â 983,1.0,0.0,-1.0,1642732,1.0,7,,0.0,2.0,0.0,C01,138Â 298Â 983,1.0
962481,201900004012,9,18,10:30,1,2,1,7.0,2.0,93073,CHAPIT RE ( RUE DU),M,"49,0035920","2,5367900",93,2019,50.0,1.0,1.0,4.0,2151214,1.0,1,4,1,0.0,,-1.0, -1,1974.0,B01,138Â 298Â 979,8.0,0.0,-1.0,1642733,3.0,7,,0.0,2.0,1.0,B01,138Â 298Â 979,1.0
962481,201900004012,9,18,10:30,1,2,1,7.0,2.0,93073,CHAPIT RE ( RUE DU),M,"49,0035920","2,5367900",93,2019,50.0,1.0,1.0,4.0,2151214,1.0,1,4,1,0.0,,-1.0, -1,1974.0,B01,138Â 298Â 979,8.0,0.0,-1.0,1642734,3.0,7,,0.0,2.0,4.0,A01,138Â 298Â 980,1.0
962481,201900004012,9,18,10:30,1,2,1,7.0,2.0,93073,CHAPIT RE ( RUE DU),M,"49,0035920","2,5367900",93,2019,50.0,1.0,1.0,4.0,2151215,1.0,1,1,1,4.0,,-1.0, -1,1984.0,A01,138Â 298Â 980,8.0,0.0,-1.0,1642733,3.0,7,,0.0,2.0,1.0,B01,138Â 298Â 979,1.0
962481,201900004012,9,18,10:30,1,2,1,7.0,2.0,93073,CHAPIT RE ( RUE DU),M,"49,0035920","2,5367900",93,2019,50.0,1.0,1.0,4.0,2151215,1.0,1,1,1,4.0,,-1.0, -1,1984.0,A01,138Â 298Â 980,8.0,0.0,-1.0,1642734,3.0,7,,0.0,2.0,4.0,A01,138Â 298Â 980,1.0
962482,201900004013,9,18,19:30,2,1,9,1.0,2.0,93005,ANDRE CITROEN (BOULEVARD),M,"48,9584270","2,4853750",93,2019,50.0,3.0,1.0,3.0,2151216,1.0,1,1,1,0.0,,-1.0, -1,1951.0,B01,138Â 298Â 977,1.0,0.0,-1.0,1642735,3.0,7,,12.0,0.0,1.0,B01,138Â 298Â 977,0.0