Unnamed: 0_x,num_acc,mois,jour,hrmn,lum,agg,int,atm,col,com,adr,gps,lat,long,dep,annee,vma,situ,surf,catr,Unnamed: 0_y,place,catu,grav,sexe,trajet,secu,locp,actp,an_nais,num_veh_x,id_vehicule_x,secu1,secu2,secu3,Unnamed: 0,senc,catv,occutc,obs,obsm,choc,num_veh_y,id_vehicule_y,motor
962482,201900004013,9,18,19:30,2,1,9,1.0,2.0,93005,ANDRE CITROEN (BOULEVARD),M,"48,9584270","2,4853750",93,2019,50.0,3.0,1.0,3.0,2151216,1.0,1,1,1,0.0,,-1.0, -1,1951.0,B01,138Â 298Â 977,1.0,0.0,-1.0,1642736,3.0,7,,12.0,0.0,4.0,A01,138Â 298Â 978,0.0
962482,201900004013,9,18,19:30,2,1,9,1.0,2.0,93005,ANDRE CITROEN (BOULEVARD),M,"48,9584270","2,4853750",93,2019,50.0,3.0,1.0,3.0,2151217,1.0,1,4,2,0.0,,-1.0, -1,1983.0,A01,138Â 298Â 978,1.0,0.0,-1.0,1642735,3.0,7,,12.0,0.0,1.0,B01,138Â 298Â 977,0.0
962482,201900004013,9,18,19:30,2,1,9,1.0,2.0,93005,ANDRE CITROEN (BOULEVARD),M,"48,9584270","2,4853750",93,2019,50.0,3.0,1.0,3.0,2151217,1.0,1,4,2,0.0,,-1.0, -1,1983.0,A01,138Â 298Â 978,1.0,0.0,-1.0,1642736,3.0,7,,12.0,0.0,4.0,A01,138Â 298Â 978,0.0
962483,201900004014,9,17,11:30,1,2,1,1.0,6.0,93066,LENINE (AVENUE) NR 28 A 62 ET 13 A 41,M,"48,9380380","2,3684320",93,2019,50.0,1.0,1.0,3.0,2151218,1.0,1,1,1,9.0,,-1.0, -1,1998.0,A01,138Â 298Â 976,1.0,0.0,-1.0,1642737,3.0,7,,0.0,1.0,8.0,A01,138Â 298Â 976,1.0
962483,201900004014,9,17,11:30,1,2,1,1.0,6.0,93066,LENINE (AVENUE) NR 28 A 62 ET 13 A 41,M,"48,9380380","2,3684320",93,2019,50.0,1.0,1.0,3.0,2151219,10.0,3,4,1,2.0,,4.0,3,2009.0,A01,138Â 298Â 976,8.0,0.0,-1.0,1642737,3.0,7,,0.0,1.0,8.0,A01,138Â 298Â 976,1.0
962484,201900004015,9,18,08:49,1,2,9,1.0,3.0,93055,COURTILLIERES(PARC),M,"48,9143500","2,4102300",93,2019,30.0,1.0,1.0,6.0,2151220,1.0,1,4,1,1.0,,-1.0, -1,2000.0,B01,138Â 298Â 974,8.0,0.0,-1.0,1642738,3.0,1,,0.0,2.0,1.0,B01,138Â 298Â 974,5.0
962484,201900004015,9,18,08:49,1,2,9,1.0,3.0,93055,COURTILLIERES(PARC),M,"48,9143500","2,4102300",93,2019,30.0,1.0,1.0,6.0,2151220,1.0,1,4,1,1.0,,-1.0, -1,2000.0,B01,138Â 298Â 974,8.0,0.0,-1.0,1642739,3.0,7,,1.0,2.0,2.0,A01,138Â 298Â 975,1.0
962484,201900004015,9,18,08:49,1,2,9,1.0,3.0,93055,COURTILLIERES(PARC),M,"48,9143500","2,4102300",93,2019,30.0,1.0,1.0,6.0,2151221,1.0,1,1,2,0.0,,-1.0, -1,1995.0,A01,138Â 298Â 975,1.0,0.0,-1.0,1642738,3.0,1,,0.0,2.0,1.0,B01,138Â 298Â 974,5.0
962484,201900004015,9,18,08:49,1,2,9,1.0,3.0,93055,COURTILLIERES(PARC),M,"48,9143500","2,4102300",93,2019,30.0,1.0,1.0,6.0,2151221,1.0,1,1,2,0.0,,-1.0, -1,1995.0,A01,138Â 298Â 975,1.0,0.0,-1.0,1642739,3.0,7,,1.0,2.0,2.0,A01,138Â 298Â 975,1.0
962485,201900004016,9,18,12:00,1,2,6,1.0,2.0,93048,JACQUES DUCLOS (RUE),M,"48,8581000","2,4366000",93,2019,50.0,1.0,1.0,3.0,2151222,1.0,1,4,1,1.0,,-1.0, -1,1970.0,B01,138Â 298Â 972,2.0,8.0,-1.0,1642740,0.0,34,,0.0,2.0,6.0,B01,138Â 298Â 972,0.0
962485,201900004016,9,18,12:00,1,2,6,1.0,2.0,93048,JACQUES DUCLOS (RUE),M,"48,8581000","2,4366000",93,2019,50.0,1.0,1.0,3.0,2151222,1.0,1,4,1,1.0,,-1.0, -1,1970.0,B01,138Â 298Â 972,2.0,8.0,-1.0,1642741,0.0,34,,0.0,2.0,3.0,A01,138Â 298Â 973,0.0
962485,201900004016,9,18,12:00,1,2,6,1.0,2.0,93048,JACQUES DUCLOS (RUE),M,"48,8581000","2,4366000",93,2019,50.0,1.0,1.0,3.0,2151223,1.0,1,4,1,1.0,,-1.0, -1,1972.0,A01,138Â 298Â 973,2.0,8.0,-1.0,1642740,0.0,34,,0.0,2.0,6.0,B01,138Â 298Â 972,0.0
962485,201900004016,9,18,12:00,1,2,6,1.0,2.0,93048,JACQUES DUCLOS (RUE),M,"48,8581000","2,4366000",93,2019,50.0,1.0,1.0,3.0,2151223,1.0,1,4,1,1.0,,-1.0, -1,1972.0,A01,138Â 298Â 973,2.0,8.0,-1.0,1642741,0.0,34,,0.0,2.0,3.0,A01,138Â 298Â 973,0.0
962486,201900004017,6,1,18:10,1,2,1,7.0,6.0,93046,MONTESQUIEU AVENUE,M,"48,9239320","2,5296050",93,2019,50.0,1.0,1.0,4.0,2151224,1.0,1,1,1,5.0,,-1.0, -1,1972.0,A01,138Â 298Â 971,1.0,0.0,-1.0,1642742,1.0,7,,0.0,2.0,2.0,A01,138Â 298Â 971,1.0
962486,201900004017,6,1,18:10,1,2,1,7.0,6.0,93046,MONTESQUIEU AVENUE,M,"48,9239320","2,5296050",93,2019,50.0,1.0,1.0,4.0,2151225,2.0,2,4,1,5.0,,-1.0, -1,2010.0,A01,138Â 298Â 971,1.0,0.0,-1.0,1642742,1.0,7,,0.0,2.0,2.0,A01,138Â 298Â 971,1.0
962487,201900004018,9,18,18:20,1,2,1,1.0,2.0,93063,PARAT RUE DU DOCTEUR,M,"48,8919170","2,4375200",93,2019,50.0,1.0,1.0,4.0,2151226,1.0,1,1,1,0.0,,-1.0, -1,1980.0,B01,138Â 298Â 969,1.0,0.0,-1.0,1642743,1.0,7,,0.0,2.0,6.0,B01,138Â 298Â 969,0.0
962487,201900004018,9,18,18:20,1,2,1,1.0,2.0,93063,PARAT RUE DU DOCTEUR,M,"48,8919170","2,4375200",93,2019,50.0,1.0,1.0,4.0,2151226,1.0,1,1,1,0.0,,-1.0, -1,1980.0,B01,138Â 298Â 969,1.0,0.0,-1.0,1642744,3.0,30,,0.0,2.0,0.0,A01,138Â 298Â 970,1.0
962487,201900004018,9,18,18:20,1,2,1,1.0,2.0,93063,PARAT RUE DU DOCTEUR,M,"48,8919170","2,4375200",93,2019,50.0,1.0,1.0,4.0,2151227,1.0,1,3,1,0.0,,-1.0,0,1985.0,A01,138Â 298Â 970,2.0,0.0,-1.0,1642743,1.0,7,,0.0,2.0,6.0,B01,138Â 298Â 969,0.0
962487,201900004018,9,18,18:20,1,2,1,1.0,2.0,93063,PARAT RUE DU DOCTEUR,M,"48,8919170","2,4375200",93,2019,50.0,1.0,1.0,4.0,2151227,1.0,1,3,1,0.0,,-1.0,0,1985.0,A01,138Â 298Â 970,2.0,0.0,-1.0,1642744,3.0,30,,0.0,2.0,0.0,A01,138Â 298Â 970,1.0
962488,201900004019,9,18,13:50,1,2,9,1.0,3.0,93063,ETHIS RUE MARCEL,M,"48,8775300","2,4436400",93,2019,50.0,1.0,1.0,4.0,2151228,1.0,1,1,1,4.0,,-1.0, -1,1984.0,A01,138Â 298Â 967,1.0,0.0,-1.0,1642745,3.0,20,,0.0,2.0,2.0,A01,138Â 298Â 967,1.0
962488,201900004019,9,18,13:50,1,2,9,1.0,3.0,93063,ETHIS RUE MARCEL,M,"48,8775300","2,4436400",93,2019,50.0,1.0,1.0,4.0,2151228,1.0,1,1,1,4.0,,-1.0, -1,1984.0,A01,138Â 298Â 967,1.0,0.0,-1.0,1642746,3.0,7,,0.0,2.0,8.0,B01,138Â 298Â 968,1.0
962488,201900004019,9,18,13:50,1,2,9,1.0,3.0,93063,ETHIS RUE MARCEL,M,"48,8775300","2,4436400",93,2019,50.0,1.0,1.0,4.0,2151229,1.0,1,4,2,0.0,,-1.0, -1,1997.0,B01,138Â 298Â 968,8.0,8.0,-1.0,1642745,3.0,20,,0.0,2.0,2.0,A01,138Â 298Â 967,1.0
962488,201900004019,9,18,13:50,1,2,9,1.0,3.0,93063,ETHIS RUE MARCEL,M,"48,8775300","2,4436400",93,2019,50.0,1.0,1.0,4.0,2151229,1.0,1,4,2,0.0,,-1.0, -1,1997.0,B01,138Â 298Â 968,8.0,8.0,-1.0,1642746,3.0,7,,0.0,2.0,8.0,B01,138Â 298Â 968,1.0
962489,201900004020,9,18,19:40,5,2,2,1.0,3.0,92075,SADI CARNOT (RUE),M,"48,8219710","2,2892180",92,2019,30.0,1.0,1.0,4.0,2151230,1.0,1,1,2,1.0,,-1.0,0,1974.0,B01,138Â 298Â 965,1.0,8.0,-1.0,1642747,3.0,7,,0.0,2.0,3.0,B01,138Â 298Â 965,1.0
962489,201900004020,9,18,19:40,5,2,2,1.0,3.0,92075,SADI CARNOT (RUE),M,"48,8219710","2,2892180",92,2019,30.0,1.0,1.0,4.0,2151230,1.0,1,1,2,1.0,,-1.0,0,1974.0,B01,138Â 298Â 965,1.0,8.0,-1.0,1642748,3.0,1,,0.0,2.0,2.0,A01,138Â 298Â 966,5.0
962489,201900004020,9,18,19:40,5,2,2,1.0,3.0,92075,SADI CARNOT (RUE),M,"48,8219710","2,2892180",92,2019,30.0,1.0,1.0,4.0,2151231,1.0,1,4,2,1.0,,-1.0,0,1983.0,A01,138Â 298Â 966,2.0,4.0,-1.0,1642747,3.0,7,,0.0,2.0,3.0,B01,138Â 298Â 965,1.0
962489,201900004020,9,18,19:40,5,2,2,1.0,3.0,92075,SADI CARNOT (RUE),M,"48,8219710","2,2892180",92,2019,30.0,1.0,1.0,4.0,2151231,1.0,1,4,2,1.0,,-1.0,0,1983.0,A01,138Â 298Â 966,2.0,4.0,-1.0,1642748,3.0,1,,0.0,2.0,2.0,A01,138Â 298Â 966,5.0
962490,201900004021,9,17,19:30,2,2,1,1.0,6.0,92073,JAURES (AVENUE JEAN),M,"48,8645810","2,2074000",92,2019,50.0,1.0,1.0,3.0,2151232,10.0,3,4,1,0.0,,2.0,3,2011.0,A01,138Â 298Â 964,0.0,0.0,-1.0,1642749,1.0,1,,0.0,1.0,1.0,A01,138Â 298Â 964,5.0
962490,201900004021,9,17,19:30,2,2,1,1.0,6.0,92073,JAURES (AVENUE JEAN),M,"48,8645810","2,2074000",92,2019,50.0,1.0,1.0,3.0,2151233,1.0,1,3,1,0.0,,-1.0,0,1962.0,A01,138Â 298Â 964,8.0,0.0,-1.0,1642749,1.0,1,,0.0,1.0,1.0,A01,138Â 298Â 964,5.0
962491,201900004022,9,18,19:00,1,2,1,1.0,2.0,92064,PARC SAINT CLOUD,M,"48,8409930","2,2148180",92,2019,30.0,1.0,1.0,4.0,2151234,1.0,1,4,1,5.0,,-1.0,0,1933.0,B01,138Â 298Â 962,2.0,6.0,-1.0,1642750,1.0,32,,0.0,2.0,5.0,B01,138Â 298Â 962,1.0
962491,201900004022,9,18,19:00,1,2,1,1.0,2.0,92064,PARC SAINT CLOUD,M,"48,8409930","2,2148180",92,2019,30.0,1.0,1.0,4.0,2151234,1.0,1,4,1,5.0,,-1.0,0,1933.0,B01,138Â 298Â 962,2.0,6.0,-1.0,1642751,1.0,7,,0.0,2.0,6.0,A01,138Â 298Â 963,1.0
962491,201900004022,9,18,19:00,1,2,1,1.0,2.0,92064,PARC SAINT CLOUD,M,"48,8409930","2,2148180",92,2019,30.0,1.0,1.0,4.0,2151235,1.0,1,1,2,5.0,,-1.0,0,1980.0,A01,138Â 298Â 963,1.0,0.0,-1.0,1642750,1.0,32,,0.0,2.0,5.0,B01,138Â 298Â 962,1.0
962491,201900004022,9,18,19:00,1,2,1,1.0,2.0,92064,PARC SAINT CLOUD,M,"48,8409930","2,2148180",92,2019,30.0,1.0,1.0,4.0,2151235,1.0,1,1,2,5.0,,-1.0,0,1980.0,A01,138Â 298Â 963,1.0,0.0,-1.0,1642751,1.0,7,,0.0,2.0,6.0,A01,138Â 298Â 963,1.0
962492,201900004023,9,18,15:45,1,2,1,1.0,2.0,92051,GENERAL LECLERC (BOULEVARD DU NÂ° 29 A 65,M,"48,8912300","2,2629500",92,2019,50.0,1.0,1.0,3.0,2151236,1.0,1,1,1,4.0,,-1.0,0,1969.0,A01,138Â 298Â 960,1.0,5.0,-1.0,1642752,2.0,10,,0.0,2.0,1.0,A01,138Â 298Â 960,0.0
962492,201900004023,9,18,15:45,1,2,1,1.0,2.0,92051,GENERAL LECLERC (BOULEVARD DU NÂ° 29 A 65,M,"48,8912300","2,2629500",92,2019,50.0,1.0,1.0,3.0,2151236,1.0,1,1,1,4.0,,-1.0,0,1969.0,A01,138Â 298Â 960,1.0,5.0,-1.0,1642753,2.0,7,,0.0,0.0,4.0,B01,138Â 298Â 961,2.0
962492,201900004023,9,18,15:45,1,2,1,1.0,2.0,92051,GENERAL LECLERC (BOULEVARD DU NÂ° 29 A 65,M,"48,8912300","2,2629500",92,2019,50.0,1.0,1.0,3.0,2151237,1.0,1,4,1,0.0,,-1.0,0,1959.0,B01,138Â 298Â 961,1.0,0.0,-1.0,1642752,2.0,10,,0.0,2.0,1.0,A01,138Â 298Â 960,0.0
962492,201900004023,9,18,15:45,1,2,1,1.0,2.0,92051,GENERAL LECLERC (BOULEVARD DU NÂ° 29 A 65,M,"48,8912300","2,2629500",92,2019,50.0,1.0,1.0,3.0,2151237,1.0,1,4,1,0.0,,-1.0,0,1959.0,B01,138Â 298Â 961,1.0,0.0,-1.0,1642753,2.0,7,,0.0,0.0,4.0,B01,138Â 298Â 961,2.0
962493,201900004024,9,18,08:45,1,2,1,1.0,3.0,92020,FONTENAY RUE DE AUTRES NÂ°,M,"48,7969400","2,2857200",92,2019,50.0,1.0,1.0,4.0,2151238,1.0,1,4,1,1.0,,-1.0,0,1996.0,A01,138Â 298Â 956,2.0,6.0,-1.0,1642754,2.0,33,,0.0,2.0,1.0,A01,138Â 298Â 956,0.0
962493,201900004024,9,18,08:45,1,2,1,1.0,3.0,92020,FONTENAY RUE DE AUTRES NÂ°,M,"48,7969400","2,2857200",92,2019,50.0,1.0,1.0,4.0,2151238,1.0,1,4,1,1.0,,-1.0,0,1996.0,A01,138Â 298Â 956,2.0,6.0,-1.0,1642755,2.0,7,,0.0,2.0,8.0,B01,138Â 298Â 957,0.0
962493,201900004024,9,18,08:45,1,2,1,1.0,3.0,92020,FONTENAY RUE DE AUTRES NÂ°,M,"48,7969400","2,2857200",92,2019,50.0,1.0,1.0,4.0,2151239,1.0,1,1,1,1.0,,-1.0,0,1992.0,B01,138Â 298Â 957,1.0,0.0,-1.0,1642754,2.0,33,,0.0,2.0,1.0,A01,138Â 298Â 956,0.0
962493,201900004024,9,18,08:45,1,2,1,1.0,3.0,92020,FONTENAY RUE DE AUTRES NÂ°,M,"48,7969400","2,2857200",92,2019,50.0,1.0,1.0,4.0,2151239,1.0,1,1,1,1.0,,-1.0,0,1992.0,B01,138Â 298Â 957,1.0,0.0,-1.0,1642755,2.0,7,,0.0,2.0,8.0,B01,138Â 298Â 957,0.0
962494,201900004025,9,17,14:20,1,2,6,1.0,3.0,92036,PRINCIPALE DU PORT (ROUTE) (1/17),M,"48,9417600","2,2951300",92,2019,50.0,1.0,1.0,4.0,2151240,1.0,1,4,1,4.0,,-1.0,0,1964.0,B01,138Â 298Â 954,2.0,8.0,-1.0,1642756,1.0,33,,0.0,2.0,2.0,B01,138Â 298Â 954,1.0
962494,201900004025,9,17,14:20,1,2,6,1.0,3.0,92036,PRINCIPALE DU PORT (ROUTE) (1/17),M,"48,9417600","2,2951300",92,2019,50.0,1.0,1.0,4.0,2151240,1.0,1,4,1,4.0,,-1.0,0,1964.0,B01,138Â 298Â 954,2.0,8.0,-1.0,1642757,1.0,7,,0.0,2.0,3.0,A01,138Â 298Â 955,1.0
962494,201900004025,9,17,14:20,1,2,6,1.0,3.0,92036,PRINCIPALE DU PORT (ROUTE) (1/17),M,"48,9417600","2,2951300",92,2019,50.0,1.0,1.0,4.0,2151241,1.0,1,1,2,1.0,,0.0,0,1982.0,A01,138Â 298Â 955,1.0,8.0,-1.0,1642756,1.0,33,,0.0,2.0,2.0,B01,138Â 298Â 954,1.0
962494,201900004025,9,17,14:20,1,2,6,1.0,3.0,92036,PRINCIPALE DU PORT (ROUTE) (1/17),M,"48,9417600","2,2951300",92,2019,50.0,1.0,1.0,4.0,2151241,1.0,1,1,2,1.0,,0.0,0,1982.0,A01,138Â 298Â 955,1.0,8.0,-1.0,1642757,1.0,7,,0.0,2.0,3.0,A01,138Â 298Â 955,1.0
962495,201900004026,9,17,09:50,1,2,1,1.0,5.0,92004,BAS ( RUE DES ),M,"48,9160718","2,2946310",92,2019,50.0,1.0,1.0,3.0,2151242,1.0,1,1,1,0.0,,-1.0,0,1964.0,A01,138Â 298Â 951,1.0,0.0,-1.0,1642758,3.0,10,,0.0,2.0,6.0,A01,138Â 298Â 951,0.0
962495,201900004026,9,17,09:50,1,2,1,1.0,5.0,92004,BAS ( RUE DES ),M,"48,9160718","2,2946310",92,2019,50.0,1.0,1.0,3.0,2151242,1.0,1,1,1,0.0,,-1.0,0,1964.0,A01,138Â 298Â 951,1.0,0.0,-1.0,1642759,3.0,31,,0.0,2.0,9.0,B01,138Â 298Â 952,0.0
962495,201900004026,9,17,09:50,1,2,1,1.0,5.0,92004,BAS ( RUE DES ),M,"48,9160718","2,2946310",92,2019,50.0,1.0,1.0,3.0,2151242,1.0,1,1,1,0.0,,-1.0,0,1964.0,A01,138Â 298Â 951,1.0,0.0,-1.0,1642760,3.0,10,,0.0,2.0,4.0,C01,138Â 298Â 953,0.0
962495,201900004026,9,17,09:50,1,2,1,1.0,5.0,92004,BAS ( RUE DES ),M,"48,9160718","2,2946310",92,2019,50.0,1.0,1.0,3.0,2151243,1.0,1,4,1,1.0,,-1.0,0,1984.0,B01,138Â 298Â 952,2.0,6.0,-1.0,1642758,3.0,10,,0.0,2.0,6.0,A01,138Â 298Â 951,0.0
962495,201900004026,9,17,09:50,1,2,1,1.0,5.0,92004,BAS ( RUE DES ),M,"48,9160718","2,2946310",92,2019,50.0,1.0,1.0,3.0,2151243,1.0,1,4,1,1.0,,-1.0,0,1984.0,B01,138Â 298Â 952,2.0,6.0,-1.0,1642759,3.0,31,,0.0,2.0,9.0,B01,138Â 298Â 952,0.0
962495,201900004026,9,17,09:50,1,2,1,1.0,5.0,92004,BAS ( RUE DES ),M,"48,9160718","2,2946310",92,2019,50.0,1.0,1.0,3.0,2151243,1.0,1,4,1,1.0,,-1.0,0,1984.0,B01,138Â 298Â 952,2.0,6.0,-1.0,1642760,3.0,10,,0.0,2.0,4.0,C01,138Â 298Â 953,0.0
962495,201900004026,9,17,09:50,1,2,1,1.0,5.0,92004,BAS ( RUE DES ),M,"48,9160718","2,2946310",92,2019,50.0,1.0,1.0,3.0,2151244,1.0,1,1,1,0.0,,-1.0,0,1975.0,C01,138Â 298Â 953,1.0,0.0,-1.0,1642758,3.0,10,,0.0,2.0,6.0,A01,138Â 298Â 951,0.0
962495,201900004026,9,17,09:50,1,2,1,1.0,5.0,92004,BAS ( RUE DES ),M,"48,9160718","2,2946310",92,2019,50.0,1.0,1.0,3.0,2151244,1.0,1,1,1,0.0,,-1.0,0,1975.0,C01,138Â 298Â 953,1.0,0.0,-1.0,1642759,3.0,31,,0.0,2.0,9.0,B01,138Â 298Â 952,0.0
962495,201900004026,9,17,09:50,1,2,1,1.0,5.0,92004,BAS ( RUE DES ),M,"48,9160718","2,2946310",92,2019,50.0,1.0,1.0,3.0,2151244,1.0,1,1,1,0.0,,-1.0,0,1975.0,C01,138Â 298Â 953,1.0,0.0,-1.0,1642760,3.0,10,,0.0,2.0,4.0,C01,138Â 298Â 953,0.0
962496,201900004027,9,18,12:20,1,2,3,1.0,3.0,92004,BAS ( RUE DES ),M,"48,9149305","2,2959561",92,2019,50.0,1.0,1.0,3.0,2151245,1.0,1,1,1,0.0,,-1.0,0,1956.0,A01,138Â 298Â 949,1.0,8.0,-1.0,1642761,3.0,10,,0.0,2.0,5.0,A01,138Â 298Â 949,1.0
962496,201900004027,9,18,12:20,1,2,3,1.0,3.0,92004,BAS ( RUE DES ),M,"48,9149305","2,2959561",92,2019,50.0,1.0,1.0,3.0,2151245,1.0,1,1,1,0.0,,-1.0,0,1956.0,A01,138Â 298Â 949,1.0,8.0,-1.0,1642762,3.0,50,,0.0,2.0,1.0,B01,138Â 298Â 950,3.0
962496,201900004027,9,18,12:20,1,2,3,1.0,3.0,92004,BAS ( RUE DES ),M,"48,9149305","2,2959561",92,2019,50.0,1.0,1.0,3.0,2151246,1.0,1,4,1,0.0,,-1.0,0,1977.0,B01,138Â 298Â 950,2.0,8.0,-1.0,1642761,3.0,10,,0.0,2.0,5.0,A01,138Â 298Â 949,1.0
962496,201900004027,9,18,12:20,1,2,3,1.0,3.0,92004,BAS ( RUE DES ),M,"48,9149305","2,2959561",92,2019,50.0,1.0,1.0,3.0,2151246,1.0,1,4,1,0.0,,-1.0,0,1977.0,B01,138Â 298Â 950,2.0,8.0,-1.0,1642762,3.0,50,,0.0,2.0,1.0,B01,138Â 298Â 950,3.0
962497,201900004028,9,18,16:25,1,2,1,7.0,6.0,92002,RENE BARTHELEMY (RUE),M,"48,7539986","2,3074982",92,2019,50.0,1.0,1.0,4.0,2151247,10.0,3,3,2,5.0,,3.0,3,1961.0,A01,138Â 298Â 947,8.0,0.0,-1.0,1642763,1.0,7,,0.0,1.0,2.0,A01,138Â 298Â 947,1.0
962497,201900004028,9,18,16:25,1,2,1,7.0,6.0,92002,RENE BARTHELEMY (RUE),M,"48,7539986","2,3074982",92,2019,50.0,1.0,1.0,4.0,2151248,1.0,1,1,2,3.0,,-1.0,0,1955.0,A01,138Â 298Â 947,1.0,0.0,-1.0,1642763,1.0,7,,0.0,1.0,2.0,A01,138Â 298Â 947,1.0
962498,201900004029,9,19,08:00,1,1,1,7.0,4.0,50541,Le Haut Theil,M,"48,8373730"," -1,5231020",50,2019,80.0,1.0,1.0,3.0,2151249,1.0,1,4,2,1.0,,0.0,0,1978.0,A01,138Â 298Â 944,1.0,-1.0,-1.0,1642764,2.0,7,,0.0,2.0,1.0,A01,138Â 298Â 944,1.0
962498,201900004029,9,19,08:00,1,1,1,7.0,4.0,50541,Le Haut Theil,M,"48,8373730"," -1,5231020",50,2019,80.0,1.0,1.0,3.0,2151249,1.0,1,4,2,1.0,,0.0,0,1978.0,A01,138Â 298Â 944,1.0,-1.0,-1.0,1642765,2.0,7,,0.0,2.0,9.0,B01,138Â 298Â 945,1.0
962498,201900004029,9,19,08:00,1,1,1,7.0,4.0,50541,Le Haut Theil,M,"48,8373730"," -1,5231020",50,2019,80.0,1.0,1.0,3.0,2151249,1.0,1,4,2,1.0,,0.0,0,1978.0,A01,138Â 298Â 944,1.0,-1.0,-1.0,1642766,1.0,7,,9.0,2.0,3.0,C01,138Â 298Â 946,1.0
962498,201900004029,9,19,08:00,1,1,1,7.0,4.0,50541,Le Haut Theil,M,"48,8373730"," -1,5231020",50,2019,80.0,1.0,1.0,3.0,2151250,1.0,1,3,2,1.0,,0.0,0,1966.0,B01,138Â 298Â 945,1.0,-1.0,-1.0,1642764,2.0,7,,0.0,2.0,1.0,A01,138Â 298Â 944,1.0
962498,201900004029,9,19,08:00,1,1,1,7.0,4.0,50541,Le Haut Theil,M,"48,8373730"," -1,5231020",50,2019,80.0,1.0,1.0,3.0,2151250,1.0,1,3,2,1.0,,0.0,0,1966.0,B01,138Â 298Â 945,1.0,-1.0,-1.0,1642765,2.0,7,,0.0,2.0,9.0,B01,138Â 298Â 945,1.0
962498,201900004029,9,19,08:00,1,1,1,7.0,4.0,50541,Le Haut Theil,M,"48,8373730"," -1,5231020",50,2019,80.0,1.0,1.0,3.0,2151250,1.0,1,3,2,1.0,,0.0,0,1966.0,B01,138Â 298Â 945,1.0,-1.0,-1.0,1642766,1.0,7,,9.0,2.0,3.0,C01,138Â 298Â 946,1.0
962498,201900004029,9,19,08:00,1,1,1,7.0,4.0,50541,Le Haut Theil,M,"48,8373730"," -1,5231020",50,2019,80.0,1.0,1.0,3.0,2151251,1.0,1,4,2,1.0,,0.0,0,1977.0,C01,138Â 298Â 946,1.0,-1.0,-1.0,1642764,2.0,7,,0.0,2.0,1.0,A01,138Â 298Â 944,1.0
962498,201900004029,9,19,08:00,1,1,1,7.0,4.0,50541,Le Haut Theil,M,"48,8373730"," -1,5231020",50,2019,80.0,1.0,1.0,3.0,2151251,1.0,1,4,2,1.0,,0.0,0,1977.0,C01,138Â 298Â 946,1.0,-1.0,-1.0,1642765,2.0,7,,0.0,2.0,9.0,B01,138Â 298Â 945,1.0
962498,201900004029,9,19,08:00,1,1,1,7.0,4.0,50541,Le Haut Theil,M,"48,8373730"," -1,5231020",50,2019,80.0,1.0,1.0,3.0,2151251,1.0,1,4,2,1.0,,0.0,0,1977.0,C01,138Â 298Â 946,1.0,-1.0,-1.0,1642766,1.0,7,,9.0,2.0,3.0,C01,138Â 298Â 946,1.0
962499,201900004030,9,18,18:15,1,1,1,1.0,2.0,74118,130 Chemin de sous Rossy,M,"46,1783622","6,2240052",74,2019,70.0,1.0,1.0,1.0,2151252,1.0,1,4,1,0.0,,0.0,0,1991.0,A01,138Â 298Â 942,2.0,6.0,-1.0,1642767,2.0,33,,1.0,0.0,1.0,A01,138Â 298Â 942,1.0
962499,201900004030,9,18,18:15,1,1,1,1.0,2.0,74118,130 Chemin de sous Rossy,M,"46,1783622","6,2240052",74,2019,70.0,1.0,1.0,1.0,2151252,1.0,1,4,1,0.0,,0.0,0,1991.0,A01,138Â 298Â 942,2.0,6.0,-1.0,1642768,2.0,7,,0.0,2.0,5.0,B01,138Â 298Â 943,1.0
962499,201900004030,9,18,18:15,1,1,1,1.0,2.0,74118,130 Chemin de sous Rossy,M,"46,1783622","6,2240052",74,2019,70.0,1.0,1.0,1.0,2151253,1.0,1,1,2,0.0,,0.0,0,1980.0,B01,138Â 298Â 943,1.0,-1.0,-1.0,1642767,2.0,33,,1.0,0.0,1.0,A01,138Â 298Â 942,1.0
962499,201900004030,9,18,18:15,1,1,1,1.0,2.0,74118,130 Chemin de sous Rossy,M,"46,1783622","6,2240052",74,2019,70.0,1.0,1.0,1.0,2151253,1.0,1,1,2,0.0,,0.0,0,1980.0,B01,138Â 298Â 943,1.0,-1.0,-1.0,1642768,2.0,7,,0.0,2.0,5.0,B01,138Â 298Â 943,1.0
962500,201900004031,9,13,14:55,1,2,9,1.0,1.0,60007,Avenue Philippe Courtial,M,"49,3921880","2,3743850",60,2019,50.0,1.0,1.0,3.0,2151254,1.0,1,4,2,5.0,,0.0,0,1940.0,A01,138Â 298Â 940,1.0,5.0,-1.0,1642769,2.0,7,,0.0,2.0,3.0,A01,138Â 298Â 940,1.0
962500,201900004031,9,13,14:55,1,2,9,1.0,1.0,60007,Avenue Philippe Courtial,M,"49,3921880","2,3743850",60,2019,50.0,1.0,1.0,3.0,2151254,1.0,1,4,2,5.0,,0.0,0,1940.0,A01,138Â 298Â 940,1.0,5.0,-1.0,1642770,1.0,7,,0.0,2.0,3.0,B01,138Â 298Â 941,1.0
962500,201900004031,9,13,14:55,1,2,9,1.0,1.0,60007,Avenue Philippe Courtial,M,"49,3921880","2,3743850",60,2019,50.0,1.0,1.0,3.0,2151255,1.0,1,4,1,5.0,,0.0,0,1992.0,B01,138Â 298Â 941,1.0,-1.0,-1.0,1642769,2.0,7,,0.0,2.0,3.0,A01,138Â 298Â 940,1.0