Unnamed: 0_x,num_acc,mois,jour,hrmn,lum,agg,int,atm,col,com,adr,gps,lat,long,dep,annee,vma,situ,surf,catr,Unnamed: 0_y,place,catu,grav,sexe,trajet,secu,locp,actp,an_nais,num_veh_x,id_vehicule_x,secu1,secu2,secu3,Unnamed: 0,senc,catv,occutc,obs,obsm,choc,num_veh_y,id_vehicule_y,motor
962500,201900004031,9,13,14:55,1,2,9,1.0,1.0,60007,Avenue Philippe Courtial,M,"49,3921880","2,3743850",60,2019,50.0,1.0,1.0,3.0,2151255,1.0,1,4,1,5.0,,0.0,0,1992.0,B01,138Â 298Â 941,1.0,-1.0,-1.0,1642770,1.0,7,,0.0,2.0,3.0,B01,138Â 298Â 941,1.0
962501,201900004032,8,9,00:50,3,1,1,1.0,6.0,28018,"Autoroute A11, pk 114.000 sens province-Pris",M,"48,2029810","0,8931990",28,2019,90.0,1.0,1.0,1.0,2151256,1.0,1,4,1,4.0,,0.0,0,1969.0,A01,138Â 298Â 939,0.0,-1.0,-1.0,1642771,2.0,15,,3.0,0.0,7.0,A01,138Â 298Â 939,1.0
962502,201900004033,9,19,16:25,1,2,1,7.0,7.0,68289,Rue de la Chapelle,M,"47,8261090","7,3504650",68,2019,50.0,1.0,1.0,3.0,2151257,10.0,3,4,2,2.0,,5.0,3,2008.0,A01,138Â 298Â 938,0.0,-1.0,-1.0,1642772,1.0,7,,0.0,1.0,2.0,A01,138Â 298Â 938,1.0
962502,201900004033,9,19,16:25,1,2,1,7.0,7.0,68289,Rue de la Chapelle,M,"47,8261090","7,3504650",68,2019,50.0,1.0,1.0,3.0,2151258,1.0,1,1,1,5.0,,0.0,0,1959.0,A01,138Â 298Â 938,1.0,-1.0,-1.0,1642772,1.0,7,,0.0,1.0,2.0,A01,138Â 298Â 938,1.0
962503,201900004034,9,17,09:40,1,2,1,1.0,7.0,59309,Rue de Furnes,M,"50,9840600","2,5901680",59,2019,50.0,1.0,9.0,3.0,2151259,1.0,1,3,2,5.0,,0.0,0,1951.0,A01,138Â 298Â 937,2.0,-1.0,-1.0,1642773,1.0,1,,0.0,0.0,1.0,A01,138Â 298Â 937,5.0
962504,201900004035,9,19,18:45,1,1,1,1.0,1.0,72200,carrefour de la rue du belinos et de la roue de TELOCHE,M,"47,8943440","0,1972590",72,2019,80.0,5.0,1.0,3.0,2151260,1.0,1,4,1,1.0,,0.0,0,1967.0,B01,138Â 298Â 935,1.0,-1.0,-1.0,1642774,1.0,7,,0.0,2.0,3.0,B01,138Â 298Â 935,1.0
962504,201900004035,9,19,18:45,1,1,1,1.0,1.0,72200,carrefour de la rue du belinos et de la roue de TELOCHE,M,"47,8943440","0,1972590",72,2019,80.0,5.0,1.0,3.0,2151260,1.0,1,4,1,1.0,,0.0,0,1967.0,B01,138Â 298Â 935,1.0,-1.0,-1.0,1642775,2.0,7,,0.0,2.0,1.0,A01,138Â 298Â 936,0.0
962504,201900004035,9,19,18:45,1,1,1,1.0,1.0,72200,carrefour de la rue du belinos et de la roue de TELOCHE,M,"47,8943440","0,1972590",72,2019,80.0,5.0,1.0,3.0,2151261,1.0,1,4,1,0.0,,0.0,0,1998.0,A01,138Â 298Â 936,1.0,-1.0,-1.0,1642774,1.0,7,,0.0,2.0,3.0,B01,138Â 298Â 935,1.0
962504,201900004035,9,19,18:45,1,1,1,1.0,1.0,72200,carrefour de la rue du belinos et de la roue de TELOCHE,M,"47,8943440","0,1972590",72,2019,80.0,5.0,1.0,3.0,2151261,1.0,1,4,1,0.0,,0.0,0,1998.0,A01,138Â 298Â 936,1.0,-1.0,-1.0,1642775,2.0,7,,0.0,2.0,1.0,A01,138Â 298Â 936,0.0
962505,201900004036,9,18,12:35,1,2,6,1.0,3.0,85109,Rue du Baron Pierre de Coubertin,M,"46,8620600"," -1,0160680",85,2019,50.0,1.0,1.0,4.0,2151262,1.0,1,3,2,1.0,,0.0,0,1966.0,B01,138Â 298Â 933,2.0,-1.0,-1.0,1642776,0.0,80,,0.0,2.0,1.0,B01,138Â 298Â 933,3.0
962505,201900004036,9,18,12:35,1,2,6,1.0,3.0,85109,Rue du Baron Pierre de Coubertin,M,"46,8620600"," -1,0160680",85,2019,50.0,1.0,1.0,4.0,2151262,1.0,1,3,2,1.0,,0.0,0,1966.0,B01,138Â 298Â 933,2.0,-1.0,-1.0,1642777,0.0,7,,0.0,0.0,3.0,A01,138Â 298Â 934,1.0
962505,201900004036,9,18,12:35,1,2,6,1.0,3.0,85109,Rue du Baron Pierre de Coubertin,M,"46,8620600"," -1,0160680",85,2019,50.0,1.0,1.0,4.0,2151263,1.0,1,1,2,3.0,,0.0,0,1967.0,A01,138Â 298Â 934,1.0,-1.0,-1.0,1642776,0.0,80,,0.0,2.0,1.0,B01,138Â 298Â 933,3.0
962505,201900004036,9,18,12:35,1,2,6,1.0,3.0,85109,Rue du Baron Pierre de Coubertin,M,"46,8620600"," -1,0160680",85,2019,50.0,1.0,1.0,4.0,2151263,1.0,1,1,2,3.0,,0.0,0,1967.0,A01,138Â 298Â 934,1.0,-1.0,-1.0,1642777,0.0,7,,0.0,0.0,3.0,A01,138Â 298Â 934,1.0
962506,201900004037,9,19,07:00,2,1,1,1.0,1.0,57108,Route dÃ©partementale 162 D PK 001+400,M,"49,1437430","7,4310680",57,2019,80.0,1.0,2.0,3.0,2151264,1.0,1,3,1,2.0,,0.0,0,2000.0,B01,138Â 298Â 931,1.0,-1.0,-1.0,1642778,2.0,7,,15.0,0.0,0.0,B01,138Â 298Â 931,1.0
962506,201900004037,9,19,07:00,2,1,1,1.0,1.0,57108,Route dÃ©partementale 162 D PK 001+400,M,"49,1437430","7,4310680",57,2019,80.0,1.0,2.0,3.0,2151264,1.0,1,3,1,2.0,,0.0,0,2000.0,B01,138Â 298Â 931,1.0,-1.0,-1.0,1642779,1.0,7,,0.0,0.0,0.0,A01,138Â 298Â 932,1.0
962506,201900004037,9,19,07:00,2,1,1,1.0,1.0,57108,Route dÃ©partementale 162 D PK 001+400,M,"49,1437430","7,4310680",57,2019,80.0,1.0,2.0,3.0,2151265,1.0,1,4,1,1.0,,0.0,0,1997.0,A01,138Â 298Â 932,1.0,-1.0,-1.0,1642778,2.0,7,,15.0,0.0,0.0,B01,138Â 298Â 931,1.0
962506,201900004037,9,19,07:00,2,1,1,1.0,1.0,57108,Route dÃ©partementale 162 D PK 001+400,M,"49,1437430","7,4310680",57,2019,80.0,1.0,2.0,3.0,2151265,1.0,1,4,1,1.0,,0.0,0,1997.0,A01,138Â 298Â 932,1.0,-1.0,-1.0,1642779,1.0,7,,0.0,0.0,0.0,A01,138Â 298Â 932,1.0
962507,201900004038,9,19,10:30,1,2,1,1.0,1.0,74309,Route de la Cote,M,"46,1140490","6,0423020",74,2019,50.0,1.0,1.0,3.0,2151266,1.0,1,1,1,4.0,,0.0,0,1976.0,B01,138Â 298Â 929,1.0,-1.0,-1.0,1642780,2.0,10,,0.0,2.0,3.0,B01,138Â 298Â 929,1.0
962507,201900004038,9,19,10:30,1,2,1,1.0,1.0,74309,Route de la Cote,M,"46,1140490","6,0423020",74,2019,50.0,1.0,1.0,3.0,2151266,1.0,1,1,1,4.0,,0.0,0,1976.0,B01,138Â 298Â 929,1.0,-1.0,-1.0,1642781,1.0,33,,0.0,2.0,1.0,A01,138Â 298Â 930,1.0
962507,201900004038,9,19,10:30,1,2,1,1.0,1.0,74309,Route de la Cote,M,"46,1140490","6,0423020",74,2019,50.0,1.0,1.0,3.0,2151267,1.0,1,2,1,9.0,,0.0,0,1985.0,A01,138Â 298Â 930,2.0,6.0,-1.0,1642780,2.0,10,,0.0,2.0,3.0,B01,138Â 298Â 929,1.0
962507,201900004038,9,19,10:30,1,2,1,1.0,1.0,74309,Route de la Cote,M,"46,1140490","6,0423020",74,2019,50.0,1.0,1.0,3.0,2151267,1.0,1,2,1,9.0,,0.0,0,1985.0,A01,138Â 298Â 930,2.0,6.0,-1.0,1642781,1.0,33,,0.0,2.0,1.0,A01,138Â 298Â 930,1.0
962508,201900004039,9,19,05:40,3,1,1,1.0,6.0,79268,,M,"46,7841960"," -0,1851160",79,2019,80.0,1.0,1.0,3.0,2151268,1.0,1,3,1,1.0,,0.0,0,1972.0,A01,138Â 298Â 928,2.0,6.0,-1.0,1642782,2.0,33,,0.0,6.0,1.0,A01,138Â 298Â 928,1.0
962509,201900004040,9,18,17:30,1,2,1,1.0,5.0,31150,41 route de Toulouse,M,"43,6510790","1,3373730",31,2019,50.0,1.0,1.0,3.0,2151269,1.0,1,3,1,0.0,,0.0,0,1974.0,A01,138Â 298Â 925,8.0,-1.0,-1.0,1642783,1.0,2,,0.0,2.0,9.0,A01,138Â 298Â 925,0.0
962509,201900004040,9,18,17:30,1,2,1,1.0,5.0,31150,41 route de Toulouse,M,"43,6510790","1,3373730",31,2019,50.0,1.0,1.0,3.0,2151269,1.0,1,3,1,0.0,,0.0,0,1974.0,A01,138Â 298Â 925,8.0,-1.0,-1.0,1642784,1.0,7,,0.0,2.0,6.0,B01,138Â 298Â 926,6.0
962509,201900004040,9,18,17:30,1,2,1,1.0,5.0,31150,41 route de Toulouse,M,"43,6510790","1,3373730",31,2019,50.0,1.0,1.0,3.0,2151269,1.0,1,3,1,0.0,,0.0,0,1974.0,A01,138Â 298Â 925,8.0,-1.0,-1.0,1642785,2.0,7,,0.0,2.0,1.0,C01,138Â 298Â 927,0.0
962509,201900004040,9,18,17:30,1,2,1,1.0,5.0,31150,41 route de Toulouse,M,"43,6510790","1,3373730",31,2019,50.0,1.0,1.0,3.0,2151270,1.0,1,1,1,0.0,,0.0,0,1994.0,B01,138Â 298Â 926,1.0,-1.0,-1.0,1642783,1.0,2,,0.0,2.0,9.0,A01,138Â 298Â 925,0.0
962509,201900004040,9,18,17:30,1,2,1,1.0,5.0,31150,41 route de Toulouse,M,"43,6510790","1,3373730",31,2019,50.0,1.0,1.0,3.0,2151270,1.0,1,1,1,0.0,,0.0,0,1994.0,B01,138Â 298Â 926,1.0,-1.0,-1.0,1642784,1.0,7,,0.0,2.0,6.0,B01,138Â 298Â 926,6.0
962509,201900004040,9,18,17:30,1,2,1,1.0,5.0,31150,41 route de Toulouse,M,"43,6510790","1,3373730",31,2019,50.0,1.0,1.0,3.0,2151270,1.0,1,1,1,0.0,,0.0,0,1994.0,B01,138Â 298Â 926,1.0,-1.0,-1.0,1642785,2.0,7,,0.0,2.0,1.0,C01,138Â 298Â 927,0.0
962509,201900004040,9,18,17:30,1,2,1,1.0,5.0,31150,41 route de Toulouse,M,"43,6510790","1,3373730",31,2019,50.0,1.0,1.0,3.0,2151271,1.0,1,1,1,9.0,,0.0,0,1988.0,C01,138Â 298Â 927,1.0,-1.0,-1.0,1642783,1.0,2,,0.0,2.0,9.0,A01,138Â 298Â 925,0.0
962509,201900004040,9,18,17:30,1,2,1,1.0,5.0,31150,41 route de Toulouse,M,"43,6510790","1,3373730",31,2019,50.0,1.0,1.0,3.0,2151271,1.0,1,1,1,9.0,,0.0,0,1988.0,C01,138Â 298Â 927,1.0,-1.0,-1.0,1642784,1.0,7,,0.0,2.0,6.0,B01,138Â 298Â 926,6.0
962509,201900004040,9,18,17:30,1,2,1,1.0,5.0,31150,41 route de Toulouse,M,"43,6510790","1,3373730",31,2019,50.0,1.0,1.0,3.0,2151271,1.0,1,1,1,9.0,,0.0,0,1988.0,C01,138Â 298Â 927,1.0,-1.0,-1.0,1642785,2.0,7,,0.0,2.0,1.0,C01,138Â 298Â 927,0.0
962510,201900004041,9,18,16:45,1,1,1,2.0,7.0,2B341,route territoriale 20,M,"42,2320320","9,1722690",2B,2019,80.0,1.0,2.0,2.0,2151272,1.0,1,3,2,5.0,,0.0,0,1952.0,A01,138Â 298Â 924,2.0,6.0,9.0,1642786,1.0,33,,0.0,0.0,0.0,A01,138Â 298Â 924,1.0
962511,201900004042,9,15,10:40,1,1,1,1.0,3.0,2B207,RT10 FOLELLI,M,"42,4402200","9,5104930",2B,2019,80.0,1.0,1.0,2.0,2151273,1.0,1,1,1,5.0,,0.0,0,1986.0,B01,138Â 298Â 922,1.0,-1.0,-1.0,1642787,2.0,7,,0.0,2.0,3.0,B01,138Â 298Â 922,1.0
962511,201900004042,9,15,10:40,1,1,1,1.0,3.0,2B207,RT10 FOLELLI,M,"42,4402200","9,5104930",2B,2019,80.0,1.0,1.0,2.0,2151273,1.0,1,1,1,5.0,,0.0,0,1986.0,B01,138Â 298Â 922,1.0,-1.0,-1.0,1642788,1.0,33,,0.0,2.0,7.0,A01,138Â 298Â 923,1.0
962511,201900004042,9,15,10:40,1,1,1,1.0,3.0,2B207,RT10 FOLELLI,M,"42,4402200","9,5104930",2B,2019,80.0,1.0,1.0,2.0,2151274,1.0,1,3,1,5.0,,0.0,0,1955.0,A01,138Â 298Â 923,2.0,-1.0,-1.0,1642787,2.0,7,,0.0,2.0,3.0,B01,138Â 298Â 922,1.0
962511,201900004042,9,15,10:40,1,1,1,1.0,3.0,2B207,RT10 FOLELLI,M,"42,4402200","9,5104930",2B,2019,80.0,1.0,1.0,2.0,2151274,1.0,1,3,1,5.0,,0.0,0,1955.0,A01,138Â 298Â 923,2.0,-1.0,-1.0,1642788,1.0,33,,0.0,2.0,7.0,A01,138Â 298Â 923,1.0
962512,201900004043,9,19,09:13,1,1,2,1.0,6.0,81013,Carrefour RD903 et RD94,M,"44,0097260","2,2934474",81,2019,80.0,3.0,1.0,3.0,2151275,1.0,1,3,2,0.0,,0.0,0,1957.0,A01,138Â 298Â 921,1.0,-1.0,-1.0,1642789,2.0,7,,13.0,0.0,1.0,A01,138Â 298Â 921,1.0
962513,201900004044,9,19,14:20,1,1,1,1.0,1.0,32256,RN 21 PK 69+570,M,"43,5335640","0,4320510",32,2019,90.0,1.0,1.0,2.0,2151276,1.0,1,3,1,5.0,,0.0,0,1944.0,B01,138Â 298Â 919,8.0,-1.0,-1.0,1642790,2.0,7,,0.0,2.0,1.0,B01,138Â 298Â 919,1.0
962513,201900004044,9,19,14:20,1,1,1,1.0,1.0,32256,RN 21 PK 69+570,M,"43,5335640","0,4320510",32,2019,90.0,1.0,1.0,2.0,2151276,1.0,1,3,1,5.0,,0.0,0,1944.0,B01,138Â 298Â 919,8.0,-1.0,-1.0,1642791,1.0,7,,0.0,2.0,1.0,A01,138Â 298Â 920,0.0
962513,201900004044,9,19,14:20,1,1,1,1.0,1.0,32256,RN 21 PK 69+570,M,"43,5335640","0,4320510",32,2019,90.0,1.0,1.0,2.0,2151277,2.0,2,3,2,5.0,,0.0,0,1946.0,B01,138Â 298Â 919,8.0,-1.0,-1.0,1642790,2.0,7,,0.0,2.0,1.0,B01,138Â 298Â 919,1.0
962513,201900004044,9,19,14:20,1,1,1,1.0,1.0,32256,RN 21 PK 69+570,M,"43,5335640","0,4320510",32,2019,90.0,1.0,1.0,2.0,2151277,2.0,2,3,2,5.0,,0.0,0,1946.0,B01,138Â 298Â 919,8.0,-1.0,-1.0,1642791,1.0,7,,0.0,2.0,1.0,A01,138Â 298Â 920,0.0
962513,201900004044,9,19,14:20,1,1,1,1.0,1.0,32256,RN 21 PK 69+570,M,"43,5335640","0,4320510",32,2019,90.0,1.0,1.0,2.0,2151278,1.0,1,2,2,0.0,,0.0,0,1957.0,A01,138Â 298Â 920,8.0,-1.0,-1.0,1642790,2.0,7,,0.0,2.0,1.0,B01,138Â 298Â 919,1.0
962513,201900004044,9,19,14:20,1,1,1,1.0,1.0,32256,RN 21 PK 69+570,M,"43,5335640","0,4320510",32,2019,90.0,1.0,1.0,2.0,2151278,1.0,1,2,2,0.0,,0.0,0,1957.0,A01,138Â 298Â 920,8.0,-1.0,-1.0,1642791,1.0,7,,0.0,2.0,1.0,A01,138Â 298Â 920,0.0
962514,201900004045,9,17,19:34,1,1,3,1.0,3.0,71109,RD 974B - PR 4 - Les Garruches,M,"46,9039979","4,7058541",71,2019,70.0,1.0,1.0,3.0,2151279,1.0,1,2,1,5.0,,0.0,0,1932.0,A01,138Â 298Â 917,1.0,-1.0,-1.0,1642792,3.0,7,,0.0,2.0,3.0,A01,138Â 298Â 917,1.0
962514,201900004045,9,17,19:34,1,1,3,1.0,3.0,71109,RD 974B - PR 4 - Les Garruches,M,"46,9039979","4,7058541",71,2019,70.0,1.0,1.0,3.0,2151279,1.0,1,2,1,5.0,,0.0,0,1932.0,A01,138Â 298Â 917,1.0,-1.0,-1.0,1642793,2.0,7,,0.0,2.0,1.0,B01,138Â 298Â 918,1.0
962514,201900004045,9,17,19:34,1,1,3,1.0,3.0,71109,RD 974B - PR 4 - Les Garruches,M,"46,9039979","4,7058541",71,2019,70.0,1.0,1.0,3.0,2151280,2.0,2,2,2,5.0,,0.0,0,1938.0,A01,138Â 298Â 917,1.0,-1.0,-1.0,1642792,3.0,7,,0.0,2.0,3.0,A01,138Â 298Â 917,1.0
962514,201900004045,9,17,19:34,1,1,3,1.0,3.0,71109,RD 974B - PR 4 - Les Garruches,M,"46,9039979","4,7058541",71,2019,70.0,1.0,1.0,3.0,2151280,2.0,2,2,2,5.0,,0.0,0,1938.0,A01,138Â 298Â 917,1.0,-1.0,-1.0,1642793,2.0,7,,0.0,2.0,1.0,B01,138Â 298Â 918,1.0
962514,201900004045,9,17,19:34,1,1,3,1.0,3.0,71109,RD 974B - PR 4 - Les Garruches,M,"46,9039979","4,7058541",71,2019,70.0,1.0,1.0,3.0,2151281,2.0,2,4,2,5.0,,0.0,0,1999.0,B01,138Â 298Â 918,1.0,-1.0,-1.0,1642792,3.0,7,,0.0,2.0,3.0,A01,138Â 298Â 917,1.0
962514,201900004045,9,17,19:34,1,1,3,1.0,3.0,71109,RD 974B - PR 4 - Les Garruches,M,"46,9039979","4,7058541",71,2019,70.0,1.0,1.0,3.0,2151281,2.0,2,4,2,5.0,,0.0,0,1999.0,B01,138Â 298Â 918,1.0,-1.0,-1.0,1642793,2.0,7,,0.0,2.0,1.0,B01,138Â 298Â 918,1.0
962514,201900004045,9,17,19:34,1,1,3,1.0,3.0,71109,RD 974B - PR 4 - Les Garruches,M,"46,9039979","4,7058541",71,2019,70.0,1.0,1.0,3.0,2151282,1.0,1,4,1,5.0,,0.0,0,1997.0,B01,138Â 298Â 918,1.0,-1.0,-1.0,1642792,3.0,7,,0.0,2.0,3.0,A01,138Â 298Â 917,1.0
962514,201900004045,9,17,19:34,1,1,3,1.0,3.0,71109,RD 974B - PR 4 - Les Garruches,M,"46,9039979","4,7058541",71,2019,70.0,1.0,1.0,3.0,2151282,1.0,1,4,1,5.0,,0.0,0,1997.0,B01,138Â 298Â 918,1.0,-1.0,-1.0,1642793,2.0,7,,0.0,2.0,1.0,B01,138Â 298Â 918,1.0
962515,201900004046,9,19,17:00,1,2,1,7.0,6.0,89368,Route de Toucy,M,"47,6209830","3,1925080",89,2019,50.0,1.0,1.0,3.0,2151283,1.0,1,1,1,9.0,,0.0,0,1948.0,A01,138Â 298Â 916,1.0,-1.0,-1.0,1642794,3.0,7,,0.0,1.0,1.0,A01,138Â 298Â 916,1.0
962515,201900004046,9,19,17:00,1,2,1,7.0,6.0,89368,Route de Toucy,M,"47,6209830","3,1925080",89,2019,50.0,1.0,1.0,3.0,2151284,10.0,3,2,1,0.0,,1.0,3,1935.0,A01,138Â 298Â 916,0.0,-1.0,-1.0,1642794,3.0,7,,0.0,1.0,1.0,A01,138Â 298Â 916,1.0
962516,201900004047,9,18,12:20,1,1,3,1.0,3.0,61096,D849,M,"48,5181180"," -0,4208720",61,2019,70.0,1.0,1.0,3.0,2151285,1.0,1,3,1,1.0,,0.0,0,1967.0,B01,138Â 298Â 914,2.0,-1.0,-1.0,1642795,3.0,33,,0.0,2.0,8.0,B01,138Â 298Â 914,1.0
962516,201900004047,9,18,12:20,1,1,3,1.0,3.0,61096,D849,M,"48,5181180"," -0,4208720",61,2019,70.0,1.0,1.0,3.0,2151285,1.0,1,3,1,1.0,,0.0,0,1967.0,B01,138Â 298Â 914,2.0,-1.0,-1.0,1642796,1.0,7,,0.0,2.0,1.0,A01,138Â 298Â 915,1.0
962516,201900004047,9,18,12:20,1,1,3,1.0,3.0,61096,D849,M,"48,5181180"," -0,4208720",61,2019,70.0,1.0,1.0,3.0,2151286,1.0,1,1,2,1.0,,0.0,0,2000.0,A01,138Â 298Â 915,1.0,-1.0,-1.0,1642795,3.0,33,,0.0,2.0,8.0,B01,138Â 298Â 914,1.0
962516,201900004047,9,18,12:20,1,1,3,1.0,3.0,61096,D849,M,"48,5181180"," -0,4208720",61,2019,70.0,1.0,1.0,3.0,2151286,1.0,1,1,2,1.0,,0.0,0,2000.0,A01,138Â 298Â 915,1.0,-1.0,-1.0,1642796,1.0,7,,0.0,2.0,1.0,A01,138Â 298Â 915,1.0
962517,201900004048,9,19,07:35,2,2,1,1.0,6.0,49290,D751,M,"47,4022310"," -0,4633150",49,2019,50.0,1.0,1.0,3.0,2151287,1.0,1,4,1,1.0,,0.0,0,1990.0,A01,138Â 298Â 912,2.0,6.0,-1.0,1642797,1.0,2,,14.0,0.0,1.0,A01,138Â 298Â 912,1.0
962518,201900004049,9,18,12:10,1,1,1,1.0,1.0,42015,D50,M,"46,1711690","4,3752730",42,2019,80.0,1.0,1.0,3.0,2151288,1.0,1,4,1,9.0,,0.0,0,1980.0,A01,138Â 298Â 910,1.0,-1.0,-1.0,1642798,1.0,7,,0.0,2.0,3.0,A01,138Â 298Â 910,1.0
962518,201900004049,9,18,12:10,1,1,1,1.0,1.0,42015,D50,M,"46,1711690","4,3752730",42,2019,80.0,1.0,1.0,3.0,2151288,1.0,1,4,1,9.0,,0.0,0,1980.0,A01,138Â 298Â 910,1.0,-1.0,-1.0,1642799,2.0,7,,0.0,2.0,3.0,B01,138Â 298Â 911,1.0
962518,201900004049,9,18,12:10,1,1,1,1.0,1.0,42015,D50,M,"46,1711690","4,3752730",42,2019,80.0,1.0,1.0,3.0,2151289,1.0,1,4,2,3.0,,0.0,0,1956.0,B01,138Â 298Â 911,1.0,-1.0,-1.0,1642798,1.0,7,,0.0,2.0,3.0,A01,138Â 298Â 910,1.0
962518,201900004049,9,18,12:10,1,1,1,1.0,1.0,42015,D50,M,"46,1711690","4,3752730",42,2019,80.0,1.0,1.0,3.0,2151289,1.0,1,4,2,3.0,,0.0,0,1956.0,B01,138Â 298Â 911,1.0,-1.0,-1.0,1642799,2.0,7,,0.0,2.0,3.0,B01,138Â 298Â 911,1.0
962519,201900004050,9,15,21:10,3,1,1,1.0,6.0,22222,route du palus,M,"48,6749020"," -2,8979520",22,2019,70.0,3.0,1.0,4.0,2151290,1.0,1,4,1,5.0,,0.0,0,1959.0,A01,138Â 298Â 909,8.0,-1.0,-1.0,1642800,3.0,7,,2.0,0.0,1.0,A01,138Â 298Â 909,1.0
962520,201900004051,9,18,08:40,1,1,2,7.0,3.0,39458,,M,"46,6162860","5,6094790",39,2019,70.0,1.0,1.0,3.0,2151291,1.0,1,3,2,5.0,,0.0,0,1948.0,A01,138Â 298Â 907,1.0,-1.0,-1.0,1642801,2.0,7,,0.0,2.0,7.0,A01,138Â 298Â 907,1.0
962520,201900004051,9,18,08:40,1,1,2,7.0,3.0,39458,,M,"46,6162860","5,6094790",39,2019,70.0,1.0,1.0,3.0,2151291,1.0,1,3,2,5.0,,0.0,0,1948.0,A01,138Â 298Â 907,1.0,-1.0,-1.0,1642802,2.0,7,,0.0,2.0,1.0,B01,138Â 298Â 908,1.0
962520,201900004051,9,18,08:40,1,1,2,7.0,3.0,39458,,M,"46,6162860","5,6094790",39,2019,70.0,1.0,1.0,3.0,2151292,1.0,1,1,2,5.0,,0.0,0,1984.0,B01,138Â 298Â 908,1.0,-1.0,-1.0,1642801,2.0,7,,0.0,2.0,7.0,A01,138Â 298Â 907,1.0
962520,201900004051,9,18,08:40,1,1,2,7.0,3.0,39458,,M,"46,6162860","5,6094790",39,2019,70.0,1.0,1.0,3.0,2151292,1.0,1,1,2,5.0,,0.0,0,1984.0,B01,138Â 298Â 908,1.0,-1.0,-1.0,1642802,2.0,7,,0.0,2.0,1.0,B01,138Â 298Â 908,1.0
962521,201900004052,9,16,06:15,2,1,1,1.0,3.0,25413,D389,M,"46,6816950","6,1862360",25,2019,80.0,1.0,1.0,3.0,2151293,1.0,1,2,1,1.0,,0.0,0,1969.0,A01,138Â 298Â 905,2.0,6.0,-1.0,1642803,1.0,33,,13.0,2.0,0.0,A01,138Â 298Â 905,1.0
962521,201900004052,9,16,06:15,2,1,1,1.0,3.0,25413,D389,M,"46,6816950","6,1862360",25,2019,80.0,1.0,1.0,3.0,2151293,1.0,1,2,1,1.0,,0.0,0,1969.0,A01,138Â 298Â 905,2.0,6.0,-1.0,1642804,1.0,7,,0.0,2.0,3.0,B01,138Â 298Â 906,1.0
962521,201900004052,9,16,06:15,2,1,1,1.0,3.0,25413,D389,M,"46,6816950","6,1862360",25,2019,80.0,1.0,1.0,3.0,2151294,1.0,1,1,1,1.0,,0.0,0,1992.0,B01,138Â 298Â 906,1.0,-1.0,-1.0,1642803,1.0,33,,13.0,2.0,0.0,A01,138Â 298Â 905,1.0
962521,201900004052,9,16,06:15,2,1,1,1.0,3.0,25413,D389,M,"46,6816950","6,1862360",25,2019,80.0,1.0,1.0,3.0,2151294,1.0,1,1,1,1.0,,0.0,0,1992.0,B01,138Â 298Â 906,1.0,-1.0,-1.0,1642804,1.0,7,,0.0,2.0,3.0,B01,138Â 298Â 906,1.0
962522,201900004053,9,18,17:20,1,1,1,1.0,3.0,44098,Rue du Plessis la Croix d'Haut,M,"47,5011020"," -2,1330230",44,2019,70.0,1.0,1.0,4.0,2151295,1.0,1,3,2,1.0,,0.0,0,1997.0,B01,138Â 298Â 903,2.0,-1.0,-1.0,1642805,3.0,35,,0.0,2.0,3.0,B01,138Â 298Â 903,1.0
962522,201900004053,9,18,17:20,1,1,1,1.0,3.0,44098,Rue du Plessis la Croix d'Haut,M,"47,5011020"," -2,1330230",44,2019,70.0,1.0,1.0,4.0,2151295,1.0,1,3,2,1.0,,0.0,0,1997.0,B01,138Â 298Â 903,2.0,-1.0,-1.0,1642806,3.0,10,,0.0,2.0,3.0,A01,138Â 298Â 904,1.0
962522,201900004053,9,18,17:20,1,1,1,1.0,3.0,44098,Rue du Plessis la Croix d'Haut,M,"47,5011020"," -2,1330230",44,2019,70.0,1.0,1.0,4.0,2151296,2.0,2,1,2,1.0,,0.0,0,1984.0,A01,138Â 298Â 904,1.0,-1.0,-1.0,1642805,3.0,35,,0.0,2.0,3.0,B01,138Â 298Â 903,1.0
962522,201900004053,9,18,17:20,1,1,1,1.0,3.0,44098,Rue du Plessis la Croix d'Haut,M,"47,5011020"," -2,1330230",44,2019,70.0,1.0,1.0,4.0,2151296,2.0,2,1,2,1.0,,0.0,0,1984.0,A01,138Â 298Â 904,1.0,-1.0,-1.0,1642806,3.0,10,,0.0,2.0,3.0,A01,138Â 298Â 904,1.0
962522,201900004053,9,18,17:20,1,1,1,1.0,3.0,44098,Rue du Plessis la Croix d'Haut,M,"47,5011020"," -2,1330230",44,2019,70.0,1.0,1.0,4.0,2151297,1.0,1,1,1,1.0,,0.0,0,1973.0,A01,138Â 298Â 904,1.0,-1.0,-1.0,1642805,3.0,35,,0.0,2.0,3.0,B01,138Â 298Â 903,1.0