Unnamed: 0_x,num_acc,mois,jour,hrmn,lum,agg,int,atm,col,com,adr,gps,lat,long,dep,annee,vma,situ,surf,catr,Unnamed: 0_y,place,catu,grav,sexe,trajet,secu,locp,actp,an_nais,num_veh_x,id_vehicule_x,secu1,secu2,secu3,Unnamed: 0,senc,catv,occutc,obs,obsm,choc,num_veh_y,id_vehicule_y,motor
962522,201900004053,9,18,17:20,1,1,1,1.0,3.0,44098,Rue du Plessis la Croix d'Haut,M,"47,5011020"," -2,1330230",44,2019,70.0,1.0,1.0,4.0,2151297,1.0,1,1,1,1.0,,0.0,0,1973.0,A01,138Â 298Â 904,1.0,-1.0,-1.0,1642806,3.0,10,,0.0,2.0,3.0,A01,138Â 298Â 904,1.0
962523,201900004054,9,19,09:45,1,1,1,7.0,2.0,02656,CD 22,M,"49,3811420","3,8288310",2,2019,80.0,1.0,1.0,3.0,2151298,1.0,1,3,1,5.0,,0.0,0,1948.0,B01,138Â 298Â 901,2.0,6.0,-1.0,1642807,2.0,1,,0.0,0.0,4.0,B01,138Â 298Â 901,5.0
962523,201900004054,9,19,09:45,1,1,1,7.0,2.0,02656,CD 22,M,"49,3811420","3,8288310",2,2019,80.0,1.0,1.0,3.0,2151298,1.0,1,3,1,5.0,,0.0,0,1948.0,B01,138Â 298Â 901,2.0,6.0,-1.0,1642808,2.0,7,,0.0,2.0,1.0,A01,138Â 298Â 902,1.0
962523,201900004054,9,19,09:45,1,1,1,7.0,2.0,02656,CD 22,M,"49,3811420","3,8288310",2,2019,80.0,1.0,1.0,3.0,2151299,1.0,1,1,2,1.0,,0.0,0,1997.0,A01,138Â 298Â 902,8.0,-1.0,-1.0,1642807,2.0,1,,0.0,0.0,4.0,B01,138Â 298Â 901,5.0
962523,201900004054,9,19,09:45,1,1,1,7.0,2.0,02656,CD 22,M,"49,3811420","3,8288310",2,2019,80.0,1.0,1.0,3.0,2151299,1.0,1,1,2,1.0,,0.0,0,1997.0,A01,138Â 298Â 902,8.0,-1.0,-1.0,1642808,2.0,7,,0.0,2.0,1.0,A01,138Â 298Â 902,1.0
962524,201900004055,9,18,18:45,2,2,1,1.0,6.0,01246,Impasse de la Brasserie,M,"46,2341494","5,0468948",1,2019,50.0,1.0,1.0,4.0,2151300,1.0,1,1,1,5.0,,0.0,0,1929.0,A01,138Â 298Â 900,1.0,-1.0,-1.0,1642809,0.0,7,,0.0,1.0,1.0,A01,138Â 298Â 900,1.0
962524,201900004055,9,18,18:45,2,2,1,1.0,6.0,01246,Impasse de la Brasserie,M,"46,2341494","5,0468948",1,2019,50.0,1.0,1.0,4.0,2151301,10.0,3,4,2,5.0,,3.0,3,1979.0,A01,138Â 298Â 900,0.0,-1.0,-1.0,1642809,0.0,7,,0.0,1.0,1.0,A01,138Â 298Â 900,1.0
962524,201900004055,9,18,18:45,2,2,1,1.0,6.0,01246,Impasse de la Brasserie,M,"46,2341494","5,0468948",1,2019,50.0,1.0,1.0,4.0,2151302,2.0,2,1,2,5.0,,0.0,0,1932.0,A01,138Â 298Â 900,1.0,-1.0,-1.0,1642809,0.0,7,,0.0,1.0,1.0,A01,138Â 298Â 900,1.0
962525,201900004056,9,18,21:20,3,1,1,1.0,3.0,72022,Le Jardin,M,"47,7637340"," -0,1934740",72,2019,80.0,1.0,1.0,3.0,2151303,1.0,1,3,1,4.0,,0.0,0,1991.0,B01,138Â 298Â 897,2.0,6.0,-1.0,1642810,1.0,33,,0.0,2.0,1.0,B01,138Â 298Â 897,1.0
962525,201900004056,9,18,21:20,3,1,1,1.0,3.0,72022,Le Jardin,M,"47,7637340"," -0,1934740",72,2019,80.0,1.0,1.0,3.0,2151303,1.0,1,3,1,4.0,,0.0,0,1991.0,B01,138Â 298Â 897,2.0,6.0,-1.0,1642811,1.0,7,,0.0,2.0,5.0,A01,138Â 298Â 898,1.0
962525,201900004056,9,18,21:20,3,1,1,1.0,3.0,72022,Le Jardin,M,"47,7637340"," -0,1934740",72,2019,80.0,1.0,1.0,3.0,2151304,1.0,1,1,1,4.0,,0.0,0,1995.0,A01,138Â 298Â 898,1.0,-1.0,-1.0,1642810,1.0,33,,0.0,2.0,1.0,B01,138Â 298Â 897,1.0
962525,201900004056,9,18,21:20,3,1,1,1.0,3.0,72022,Le Jardin,M,"47,7637340"," -0,1934740",72,2019,80.0,1.0,1.0,3.0,2151304,1.0,1,1,1,4.0,,0.0,0,1995.0,A01,138Â 298Â 898,1.0,-1.0,-1.0,1642811,1.0,7,,0.0,2.0,5.0,A01,138Â 298Â 898,1.0
962525,201900004056,9,18,21:20,3,1,1,1.0,3.0,72022,Le Jardin,M,"47,7637340"," -0,1934740",72,2019,80.0,1.0,1.0,3.0,2151305,2.0,2,1,1,4.0,,0.0,0,1991.0,A01,138Â 298Â 898,1.0,-1.0,-1.0,1642810,1.0,33,,0.0,2.0,1.0,B01,138Â 298Â 897,1.0
962525,201900004056,9,18,21:20,3,1,1,1.0,3.0,72022,Le Jardin,M,"47,7637340"," -0,1934740",72,2019,80.0,1.0,1.0,3.0,2151305,2.0,2,1,1,4.0,,0.0,0,1991.0,A01,138Â 298Â 898,1.0,-1.0,-1.0,1642811,1.0,7,,0.0,2.0,5.0,A01,138Â 298Â 898,1.0
962525,201900004056,9,18,21:20,3,1,1,1.0,3.0,72022,Le Jardin,M,"47,7637340"," -0,1934740",72,2019,80.0,1.0,1.0,3.0,2151306,9.0,2,4,2,4.0,,0.0,0,1991.0,A01,138Â 298Â 898,1.0,-1.0,-1.0,1642810,1.0,33,,0.0,2.0,1.0,B01,138Â 298Â 897,1.0
962525,201900004056,9,18,21:20,3,1,1,1.0,3.0,72022,Le Jardin,M,"47,7637340"," -0,1934740",72,2019,80.0,1.0,1.0,3.0,2151306,9.0,2,4,2,4.0,,0.0,0,1991.0,A01,138Â 298Â 898,1.0,-1.0,-1.0,1642811,1.0,7,,0.0,2.0,5.0,A01,138Â 298Â 898,1.0
962526,201900004057,9,18,19:05,1,2,3,1.0,1.0,60509,rue louis boilet,M,"49,3003579","2,6038163",60,2019,50.0,1.0,1.0,3.0,2151307,1.0,1,3,1,0.0,,0.0,0,2010.0,A01,138Â 298Â 895,0.0,-1.0,-1.0,1642812,0.0,1,,0.0,2.0,0.0,A01,138Â 298Â 895,5.0
962526,201900004057,9,18,19:05,1,2,3,1.0,1.0,60509,rue louis boilet,M,"49,3003579","2,6038163",60,2019,50.0,1.0,1.0,3.0,2151307,1.0,1,3,1,0.0,,0.0,0,2010.0,A01,138Â 298Â 895,0.0,-1.0,-1.0,1642813,0.0,7,,0.0,1.0,1.0,B01,138Â 298Â 896,1.0
962526,201900004057,9,18,19:05,1,2,3,1.0,1.0,60509,rue louis boilet,M,"49,3003579","2,6038163",60,2019,50.0,1.0,1.0,3.0,2151308,2.0,2,1,1,0.0,,0.0,0,2002.0,B01,138Â 298Â 896,1.0,-1.0,-1.0,1642812,0.0,1,,0.0,2.0,0.0,A01,138Â 298Â 895,5.0
962526,201900004057,9,18,19:05,1,2,3,1.0,1.0,60509,rue louis boilet,M,"49,3003579","2,6038163",60,2019,50.0,1.0,1.0,3.0,2151308,2.0,2,1,1,0.0,,0.0,0,2002.0,B01,138Â 298Â 896,1.0,-1.0,-1.0,1642813,0.0,7,,0.0,1.0,1.0,B01,138Â 298Â 896,1.0
962526,201900004057,9,18,19:05,1,2,3,1.0,1.0,60509,rue louis boilet,M,"49,3003579","2,6038163",60,2019,50.0,1.0,1.0,3.0,2151309,1.0,1,1,1,4.0,,0.0,0,1969.0,B01,138Â 298Â 896,1.0,-1.0,-1.0,1642812,0.0,1,,0.0,2.0,0.0,A01,138Â 298Â 895,5.0
962526,201900004057,9,18,19:05,1,2,3,1.0,1.0,60509,rue louis boilet,M,"49,3003579","2,6038163",60,2019,50.0,1.0,1.0,3.0,2151309,1.0,1,1,1,4.0,,0.0,0,1969.0,B01,138Â 298Â 896,1.0,-1.0,-1.0,1642813,0.0,7,,0.0,1.0,1.0,B01,138Â 298Â 896,1.0
962527,201900004058,9,18,18:35,1,1,1,7.0,7.0,60632,D82,M,"49,5661992","2,8997021",60,2019,80.0,1.0,1.0,3.0,2151310,1.0,1,3,1,5.0,,0.0,0,1981.0,A01,138Â 298Â 894,2.0,-1.0,-1.0,1642814,0.0,36,,0.0,0.0,0.0,A01,138Â 298Â 894,1.0
962528,201900004059,9,19,15:50,1,1,1,1.0,1.0,64320,RD 934 - Entre EAUX CHAUDES et GABAS PR 38+100,M,"42,9868858"," -0,4274073",64,2019,80.0,1.0,1.0,3.0,2151311,1.0,1,2,1,5.0,,0.0,0,1971.0,A01,138Â 298Â 892,2.0,6.0,-1.0,1642815,1.0,33,,0.0,2.0,8.0,A01,138Â 298Â 892,1.0
962528,201900004059,9,19,15:50,1,1,1,1.0,1.0,64320,RD 934 - Entre EAUX CHAUDES et GABAS PR 38+100,M,"42,9868858"," -0,4274073",64,2019,80.0,1.0,1.0,3.0,2151311,1.0,1,2,1,5.0,,0.0,0,1971.0,A01,138Â 298Â 892,2.0,6.0,-1.0,1642816,2.0,7,,0.0,2.0,1.0,B01,138Â 298Â 893,1.0
962528,201900004059,9,19,15:50,1,1,1,1.0,1.0,64320,RD 934 - Entre EAUX CHAUDES et GABAS PR 38+100,M,"42,9868858"," -0,4274073",64,2019,80.0,1.0,1.0,3.0,2151312,1.0,1,1,1,5.0,,0.0,0,1974.0,B01,138Â 298Â 893,1.0,-1.0,-1.0,1642815,1.0,33,,0.0,2.0,8.0,A01,138Â 298Â 892,1.0
962528,201900004059,9,19,15:50,1,1,1,1.0,1.0,64320,RD 934 - Entre EAUX CHAUDES et GABAS PR 38+100,M,"42,9868858"," -0,4274073",64,2019,80.0,1.0,1.0,3.0,2151312,1.0,1,1,1,5.0,,0.0,0,1974.0,B01,138Â 298Â 893,1.0,-1.0,-1.0,1642816,2.0,7,,0.0,2.0,1.0,B01,138Â 298Â 893,1.0
962529,201900004060,9,19,07:20,2,2,1,8.0,2.0,64371,34 Rue de la Navarre,M,"43,2152791"," -0,8962425",64,2019,50.0,1.0,1.0,3.0,2151313,1.0,1,1,1,1.0,,0.0,0,2000.0,A01,138Â 298Â 890,8.0,-1.0,-1.0,1642817,1.0,7,,0.0,2.0,3.0,A01,138Â 298Â 890,1.0
962529,201900004060,9,19,07:20,2,2,1,8.0,2.0,64371,34 Rue de la Navarre,M,"43,2152791"," -0,8962425",64,2019,50.0,1.0,1.0,3.0,2151313,1.0,1,1,1,1.0,,0.0,0,2000.0,A01,138Â 298Â 890,8.0,-1.0,-1.0,1642818,1.0,1,,0.0,0.0,6.0,B01,138Â 298Â 891,5.0
962529,201900004060,9,19,07:20,2,2,1,8.0,2.0,64371,34 Rue de la Navarre,M,"43,2152791"," -0,8962425",64,2019,50.0,1.0,1.0,3.0,2151314,2.0,2,4,1,2.0,,0.0,0,2017.0,B01,138Â 298Â 891,2.0,3.0,4.0,1642817,1.0,7,,0.0,2.0,3.0,A01,138Â 298Â 890,1.0
962529,201900004060,9,19,07:20,2,2,1,8.0,2.0,64371,34 Rue de la Navarre,M,"43,2152791"," -0,8962425",64,2019,50.0,1.0,1.0,3.0,2151314,2.0,2,4,1,2.0,,0.0,0,2017.0,B01,138Â 298Â 891,2.0,3.0,4.0,1642818,1.0,1,,0.0,0.0,6.0,B01,138Â 298Â 891,5.0
962529,201900004060,9,19,07:20,2,2,1,8.0,2.0,64371,34 Rue de la Navarre,M,"43,2152791"," -0,8962425",64,2019,50.0,1.0,1.0,3.0,2151315,1.0,1,1,1,2.0,,0.0,0,1986.0,B01,138Â 298Â 891,2.0,-1.0,-1.0,1642817,1.0,7,,0.0,2.0,3.0,A01,138Â 298Â 890,1.0
962529,201900004060,9,19,07:20,2,2,1,8.0,2.0,64371,34 Rue de la Navarre,M,"43,2152791"," -0,8962425",64,2019,50.0,1.0,1.0,3.0,2151315,1.0,1,1,1,2.0,,0.0,0,1986.0,B01,138Â 298Â 891,2.0,-1.0,-1.0,1642818,1.0,1,,0.0,0.0,6.0,B01,138Â 298Â 891,5.0
962530,201900004061,7,9,08:55,1,2,1,1.0,3.0,17306,PERCHE (DE LA) (BD),M,"45,6311000"," -1,0407500",17,2019,30.0,1.0,1.0,4.0,2151316,1.0,1,4,1,4.0,,0.0,0,1900.0,A01,138Â 298Â 888,1.0,0.0,-1.0,1642819,2.0,14,,1.0,0.0,6.0,A01,138Â 298Â 888,1.0
962530,201900004061,7,9,08:55,1,2,1,1.0,3.0,17306,PERCHE (DE LA) (BD),M,"45,6311000"," -1,0407500",17,2019,30.0,1.0,1.0,4.0,2151316,1.0,1,4,1,4.0,,0.0,0,1900.0,A01,138Â 298Â 888,1.0,0.0,-1.0,1642820,1.0,13,,1.0,0.0,0.0,B01,138Â 298Â 889,1.0
962530,201900004061,7,9,08:55,1,2,1,1.0,3.0,17306,PERCHE (DE LA) (BD),M,"45,6311000"," -1,0407500",17,2019,30.0,1.0,1.0,4.0,2151317,1.0,1,1,1,4.0,,0.0,0,1989.0,B01,138Â 298Â 889,1.0,0.0,-1.0,1642819,2.0,14,,1.0,0.0,6.0,A01,138Â 298Â 888,1.0
962530,201900004061,7,9,08:55,1,2,1,1.0,3.0,17306,PERCHE (DE LA) (BD),M,"45,6311000"," -1,0407500",17,2019,30.0,1.0,1.0,4.0,2151317,1.0,1,1,1,4.0,,0.0,0,1989.0,B01,138Â 298Â 889,1.0,0.0,-1.0,1642820,1.0,13,,1.0,0.0,0.0,B01,138Â 298Â 889,1.0
962531,201900004062,7,9,15:20,1,2,3,1.0,3.0,17300,RONDEAU   BOULEVARD ARISTIDE,M,"46,1581900"," -1,1869200",17,2019,30.0,1.0,1.0,4.0,2151318,1.0,1,4,1,0.0,,0.0,0,1978.0,B01,138Â 298Â 886,2.0,0.0,-1.0,1642821,1.0,2,,0.0,2.0,2.0,B01,138Â 298Â 886,1.0
962531,201900004062,7,9,15:20,1,2,3,1.0,3.0,17300,RONDEAU   BOULEVARD ARISTIDE,M,"46,1581900"," -1,1869200",17,2019,30.0,1.0,1.0,4.0,2151318,1.0,1,4,1,0.0,,0.0,0,1978.0,B01,138Â 298Â 886,2.0,0.0,-1.0,1642822,2.0,7,,0.0,2.0,3.0,A01,138Â 298Â 887,1.0
962531,201900004062,7,9,15:20,1,2,3,1.0,3.0,17300,RONDEAU   BOULEVARD ARISTIDE,M,"46,1581900"," -1,1869200",17,2019,30.0,1.0,1.0,4.0,2151319,1.0,1,1,2,5.0,,-1.0, -1,1948.0,A01,138Â 298Â 887,1.0,0.0,-1.0,1642821,1.0,2,,0.0,2.0,2.0,B01,138Â 298Â 886,1.0
962531,201900004062,7,9,15:20,1,2,3,1.0,3.0,17300,RONDEAU   BOULEVARD ARISTIDE,M,"46,1581900"," -1,1869200",17,2019,30.0,1.0,1.0,4.0,2151319,1.0,1,1,2,5.0,,-1.0, -1,1948.0,A01,138Â 298Â 887,1.0,0.0,-1.0,1642822,2.0,7,,0.0,2.0,3.0,A01,138Â 298Â 887,1.0
962532,201900004063,7,9,20:10,1,2,1,1.0,6.0,14118,DELIVRANDE (RUE DE LA),M,"49,1949600"," -0,3598700",14,2019,50.0,1.0,1.0,4.0,2151320,1.0,1,3,2,1.0,,0.0,0,1977.0,A01,138Â 298Â 883,2.0,0.0,-1.0,1642823,3.0,1,,12.0,0.0,1.0,A01,138Â 298Â 883,5.0
962533,201900004064,7,9,08:00,1,2,2,1.0,6.0,10081,JULES FERRY (RUE),M,"48,3290500","4,0533100",10,2019,50.0,1.0,1.0,7.0,2151321,1.0,1,4,1,0.0,,-1.0,0,2000.0,B01,138Â 298Â 881,2.0,0.0,-1.0,1642824,3.0,33,,0.0,2.0,3.0,B01,138Â 298Â 881,1.0
962533,201900004064,7,9,08:00,1,2,2,1.0,6.0,10081,JULES FERRY (RUE),M,"48,3290500","4,0533100",10,2019,50.0,1.0,1.0,7.0,2151321,1.0,1,4,1,0.0,,-1.0,0,2000.0,B01,138Â 298Â 881,2.0,0.0,-1.0,1642825,3.0,7,,0.0,2.0,2.0,A01,138Â 298Â 882,1.0
962533,201900004064,7,9,08:00,1,2,2,1.0,6.0,10081,JULES FERRY (RUE),M,"48,3290500","4,0533100",10,2019,50.0,1.0,1.0,7.0,2151322,1.0,1,1,1,0.0,,-1.0,0,1976.0,A01,138Â 298Â 882,1.0,0.0,-1.0,1642824,3.0,33,,0.0,2.0,3.0,B01,138Â 298Â 881,1.0
962533,201900004064,7,9,08:00,1,2,2,1.0,6.0,10081,JULES FERRY (RUE),M,"48,3290500","4,0533100",10,2019,50.0,1.0,1.0,7.0,2151322,1.0,1,1,1,0.0,,-1.0,0,1976.0,A01,138Â 298Â 882,1.0,0.0,-1.0,1642825,3.0,7,,0.0,2.0,2.0,A01,138Â 298Â 882,1.0
962534,201900004065,7,9,11:30,1,2,1,2.0,7.0,06104,SERRET (AVENUE DU),M,"43,7575000","7,4477000",6,2019,50.0,1.0,2.0,4.0,2151323,1.0,1,4,2,5.0,,0.0,0,1957.0,A01,138Â 298Â 880,8.0,0.0,-1.0,1642826,1.0,80,,4.0,0.0,2.0,A01,138Â 298Â 880,3.0
962535,201900004066,7,9,06:50,1,2,1,1.0,2.0,06104,"VERDUN (AVENUE DE, NÂ° 131 ET +)",M,"43,7618116","7,4707979",6,2019,50.0,1.0,1.0,3.0,2151324,1.0,1,1,1,1.0,,0.0,0,1991.0,A01,138Â 298Â 878,2.0,6.0,-1.0,1642827,1.0,34,,0.0,2.0,1.0,A01,138Â 298Â 878,1.0
962535,201900004066,7,9,06:50,1,2,1,1.0,2.0,06104,"VERDUN (AVENUE DE, NÂ° 131 ET +)",M,"43,7618116","7,4707979",6,2019,50.0,1.0,1.0,3.0,2151324,1.0,1,1,1,1.0,,0.0,0,1991.0,A01,138Â 298Â 878,2.0,6.0,-1.0,1642828,1.0,33,,0.0,2.0,4.0,B01,138Â 298Â 879,1.0
962535,201900004066,7,9,06:50,1,2,1,1.0,2.0,06104,"VERDUN (AVENUE DE, NÂ° 131 ET +)",M,"43,7618116","7,4707979",6,2019,50.0,1.0,1.0,3.0,2151325,2.0,2,4,2,1.0,,0.0,0,1973.0,B01,138Â 298Â 879,2.0,6.0,-1.0,1642827,1.0,34,,0.0,2.0,1.0,A01,138Â 298Â 878,1.0
962535,201900004066,7,9,06:50,1,2,1,1.0,2.0,06104,"VERDUN (AVENUE DE, NÂ° 131 ET +)",M,"43,7618116","7,4707979",6,2019,50.0,1.0,1.0,3.0,2151325,2.0,2,4,2,1.0,,0.0,0,1973.0,B01,138Â 298Â 879,2.0,6.0,-1.0,1642828,1.0,33,,0.0,2.0,4.0,B01,138Â 298Â 879,1.0
962535,201900004066,7,9,06:50,1,2,1,1.0,2.0,06104,"VERDUN (AVENUE DE, NÂ° 131 ET +)",M,"43,7618116","7,4707979",6,2019,50.0,1.0,1.0,3.0,2151326,1.0,1,3,1,1.0,,0.0,0,1971.0,B01,138Â 298Â 879,2.0,6.0,-1.0,1642827,1.0,34,,0.0,2.0,1.0,A01,138Â 298Â 878,1.0
962535,201900004066,7,9,06:50,1,2,1,1.0,2.0,06104,"VERDUN (AVENUE DE, NÂ° 131 ET +)",M,"43,7618116","7,4707979",6,2019,50.0,1.0,1.0,3.0,2151326,1.0,1,3,1,1.0,,0.0,0,1971.0,B01,138Â 298Â 879,2.0,6.0,-1.0,1642828,1.0,33,,0.0,2.0,4.0,B01,138Â 298Â 879,1.0
962536,201900004067,7,9,18:18,1,2,1,1.0,3.0,06029,FERRAGE (BOULEVARD DE LA),M,"43,5533591","7,0144045",6,2019,50.0,1.0,1.0,4.0,2151327,1.0,1,1,2,0.0,,0.0,0,1993.0,A01,138Â 298Â 876,1.0,0.0,-1.0,1642829,1.0,7,,0.0,2.0,0.0,A01,138Â 298Â 876,0.0
962536,201900004067,7,9,18:18,1,2,1,1.0,3.0,06029,FERRAGE (BOULEVARD DE LA),M,"43,5533591","7,0144045",6,2019,50.0,1.0,1.0,4.0,2151327,1.0,1,1,2,0.0,,0.0,0,1993.0,A01,138Â 298Â 876,1.0,0.0,-1.0,1642830,2.0,33,,0.0,2.0,0.0,B01,138Â 298Â 877,1.0
962536,201900004067,7,9,18:18,1,2,1,1.0,3.0,06029,FERRAGE (BOULEVARD DE LA),M,"43,5533591","7,0144045",6,2019,50.0,1.0,1.0,4.0,2151328,1.0,1,4,1,0.0,,-1.0, -1,1997.0,B01,138Â 298Â 877,2.0,0.0,-1.0,1642829,1.0,7,,0.0,2.0,0.0,A01,138Â 298Â 876,0.0
962536,201900004067,7,9,18:18,1,2,1,1.0,3.0,06029,FERRAGE (BOULEVARD DE LA),M,"43,5533591","7,0144045",6,2019,50.0,1.0,1.0,4.0,2151328,1.0,1,4,1,0.0,,-1.0, -1,1997.0,B01,138Â 298Â 877,2.0,0.0,-1.0,1642830,2.0,33,,0.0,2.0,0.0,B01,138Â 298Â 877,1.0
962537,201900004068,7,9,11:00,1,2,1,1.0,6.0,06029,ESTEREL (BOULEVARD DE L'),M,"43,5594000","6,9729000",6,2019,30.0,1.0,2.0,4.0,2151329,1.0,1,4,1,4.0,,0.0,0,1978.0,A01,138Â 298Â 875,1.0,0.0,-1.0,1642831,2.0,20,,6.0,0.0,1.0,A01,138Â 298Â 875,1.0
962537,201900004068,7,9,11:00,1,2,1,1.0,6.0,06029,ESTEREL (BOULEVARD DE L'),M,"43,5594000","6,9729000",6,2019,30.0,1.0,2.0,4.0,2151330,4.0,2,2,1,4.0,,0.0,0,1962.0,A01,138Â 298Â 875,1.0,0.0,-1.0,1642831,2.0,20,,6.0,0.0,1.0,A01,138Â 298Â 875,1.0
962538,201900004069,7,9,08:55,1,2,1,1.0,6.0,05023,CASTRES (RUE DE),M,"44,8995900","6,6439400",5,2019,50.0,1.0,1.0,4.0,2151331,10.0,3,3,2,3.0,,9.0,2,1950.0,A01,138Â 298Â 874,0.0,-1.0,-1.0,1642832,3.0,10,,10.0,1.0,4.0,A01,138Â 298Â 874,1.0
962538,201900004069,7,9,08:55,1,2,1,1.0,6.0,05023,CASTRES (RUE DE),M,"44,8995900","6,6439400",5,2019,50.0,1.0,1.0,4.0,2151332,1.0,1,1,1,4.0,,0.0,0,1981.0,A01,138Â 298Â 874,9.0,-1.0,-1.0,1642832,3.0,10,,10.0,1.0,4.0,A01,138Â 298Â 874,1.0
962539,201900004070,7,8,11:30,1,2,3,1.0,3.0,02738,RAYMOND POINCARE,M,"49,6560600","3,3196700",2,2019,50.0,1.0,1.0,4.0,2151333,1.0,1,4,2,1.0,,-1.0,0,1999.0,A01,138Â 298Â 872,1.0,0.0,-1.0,1642833,2.0,7,,0.0,2.0,6.0,A01,138Â 298Â 872,1.0
962539,201900004070,7,8,11:30,1,2,3,1.0,3.0,02738,RAYMOND POINCARE,M,"49,6560600","3,3196700",2,2019,50.0,1.0,1.0,4.0,2151333,1.0,1,4,2,1.0,,-1.0,0,1999.0,A01,138Â 298Â 872,1.0,0.0,-1.0,1642834,1.0,7,,0.0,2.0,2.0,B01,138Â 298Â 873,1.0
962539,201900004070,7,8,11:30,1,2,3,1.0,3.0,02738,RAYMOND POINCARE,M,"49,6560600","3,3196700",2,2019,50.0,1.0,1.0,4.0,2151334,1.0,1,4,2,1.0,,-1.0,0,1982.0,B01,138Â 298Â 873,1.0,0.0,-1.0,1642833,2.0,7,,0.0,2.0,6.0,A01,138Â 298Â 872,1.0
962539,201900004070,7,8,11:30,1,2,3,1.0,3.0,02738,RAYMOND POINCARE,M,"49,6560600","3,3196700",2,2019,50.0,1.0,1.0,4.0,2151334,1.0,1,4,2,1.0,,-1.0,0,1982.0,B01,138Â 298Â 873,1.0,0.0,-1.0,1642834,1.0,7,,0.0,2.0,2.0,B01,138Â 298Â 873,1.0
962540,201900004071,7,9,17:30,1,2,4,1.0,2.0,75114,PORTE D ORLEANS,M,"48,8208100","2,3217210",75,2019,70.0,1.0,1.0,4.0,2151335,1.0,1,4,1,4.0,,0.0,0,1972.0,B01,138Â 298Â 870,1.0,0.0,-1.0,1642835,1.0,7,,0.0,2.0,4.0,B01,138Â 298Â 870,1.0
962540,201900004071,7,9,17:30,1,2,4,1.0,2.0,75114,PORTE D ORLEANS,M,"48,8208100","2,3217210",75,2019,70.0,1.0,1.0,4.0,2151335,1.0,1,4,1,4.0,,0.0,0,1972.0,B01,138Â 298Â 870,1.0,0.0,-1.0,1642836,1.0,7,,0.0,2.0,1.0,A01,138Â 298Â 871,1.0
962540,201900004071,7,9,17:30,1,2,4,1.0,2.0,75114,PORTE D ORLEANS,M,"48,8208100","2,3217210",75,2019,70.0,1.0,1.0,4.0,2151336,1.0,1,1,1,4.0,,0.0,0,1993.0,A01,138Â 298Â 871,1.0,0.0,-1.0,1642835,1.0,7,,0.0,2.0,4.0,B01,138Â 298Â 870,1.0
962540,201900004071,7,9,17:30,1,2,4,1.0,2.0,75114,PORTE D ORLEANS,M,"48,8208100","2,3217210",75,2019,70.0,1.0,1.0,4.0,2151336,1.0,1,1,1,4.0,,0.0,0,1993.0,A01,138Â 298Â 871,1.0,0.0,-1.0,1642836,1.0,7,,0.0,2.0,1.0,A01,138Â 298Â 871,1.0
962541,201900004072,7,9,17:45,1,2,1,1.0,3.0,75117,BD PERIPHERIQUE INTERIEUR,M,"48,8784540","2,2809900",75,2019,70.0,1.0,1.0,4.0,2151337,1.0,1,4,1,1.0,,0.0,0,1994.0,B01,138Â 298Â 868,2.0,6.0,-1.0,1642837,1.0,31,,0.0,2.0,2.0,B01,138Â 298Â 868,1.0
962541,201900004072,7,9,17:45,1,2,1,1.0,3.0,75117,BD PERIPHERIQUE INTERIEUR,M,"48,8784540","2,2809900",75,2019,70.0,1.0,1.0,4.0,2151337,1.0,1,4,1,1.0,,0.0,0,1994.0,B01,138Â 298Â 868,2.0,6.0,-1.0,1642838,1.0,10,,0.0,2.0,8.0,A01,138Â 298Â 869,1.0
962541,201900004072,7,9,17:45,1,2,1,1.0,3.0,75117,BD PERIPHERIQUE INTERIEUR,M,"48,8784540","2,2809900",75,2019,70.0,1.0,1.0,4.0,2151338,1.0,1,1,1,4.0,,0.0,0,1986.0,A01,138Â 298Â 869,1.0,0.0,-1.0,1642837,1.0,31,,0.0,2.0,2.0,B01,138Â 298Â 868,1.0
962541,201900004072,7,9,17:45,1,2,1,1.0,3.0,75117,BD PERIPHERIQUE INTERIEUR,M,"48,8784540","2,2809900",75,2019,70.0,1.0,1.0,4.0,2151338,1.0,1,1,1,4.0,,0.0,0,1986.0,A01,138Â 298Â 869,1.0,0.0,-1.0,1642838,1.0,10,,0.0,2.0,8.0,A01,138Â 298Â 869,1.0
962542,201900004073,7,8,08:20,1,2,4,1.0,2.0,75118,PORTE DE LA CHAPELLE,M,"48,9009120","2,3598440",75,2019,70.0,1.0,1.0,4.0,2151339,2.0,2,1,1,4.0,,0.0,0,1980.0,A01,138Â 298Â 866,1.0,0.0,-1.0,1642839,2.0,7,,0.0,2.0,3.0,A01,138Â 298Â 866,1.0
962542,201900004073,7,8,08:20,1,2,4,1.0,2.0,75118,PORTE DE LA CHAPELLE,M,"48,9009120","2,3598440",75,2019,70.0,1.0,1.0,4.0,2151339,2.0,2,1,1,4.0,,0.0,0,1980.0,A01,138Â 298Â 866,1.0,0.0,-1.0,1642840,2.0,14,,0.0,2.0,5.0,B01,138Â 298Â 867,1.0
962542,201900004073,7,8,08:20,1,2,4,1.0,2.0,75118,PORTE DE LA CHAPELLE,M,"48,9009120","2,3598440",75,2019,70.0,1.0,1.0,4.0,2151340,3.0,2,4,2,9.0,,0.0,0,1947.0,A01,138Â 298Â 866,1.0,0.0,-1.0,1642839,2.0,7,,0.0,2.0,3.0,A01,138Â 298Â 866,1.0
962542,201900004073,7,8,08:20,1,2,4,1.0,2.0,75118,PORTE DE LA CHAPELLE,M,"48,9009120","2,3598440",75,2019,70.0,1.0,1.0,4.0,2151340,3.0,2,4,2,9.0,,0.0,0,1947.0,A01,138Â 298Â 866,1.0,0.0,-1.0,1642840,2.0,14,,0.0,2.0,5.0,B01,138Â 298Â 867,1.0