Unnamed: 0_x,num_acc,mois,jour,hrmn,lum,agg,int,atm,col,com,adr,gps,lat,long,dep,annee,vma,situ,surf,catr,Unnamed: 0_y,place,catu,grav,sexe,trajet,secu,locp,actp,an_nais,num_veh_x,id_vehicule_x,secu1,secu2,secu3,Unnamed: 0,senc,catv,occutc,obs,obsm,choc,num_veh_y,id_vehicule_y,motor
962542,201900004073,7,8,08:20,1,2,4,1.0,2.0,75118,PORTE DE LA CHAPELLE,M,"48,9009120","2,3598440",75,2019,70.0,1.0,1.0,4.0,2151341,1.0,1,1,1,4.0,,0.0,0,1988.0,A01,138Â 298Â 866,1.0,0.0,-1.0,1642839,2.0,7,,0.0,2.0,3.0,A01,138Â 298Â 866,1.0
962542,201900004073,7,8,08:20,1,2,4,1.0,2.0,75118,PORTE DE LA CHAPELLE,M,"48,9009120","2,3598440",75,2019,70.0,1.0,1.0,4.0,2151341,1.0,1,1,1,4.0,,0.0,0,1988.0,A01,138Â 298Â 866,1.0,0.0,-1.0,1642840,2.0,14,,0.0,2.0,5.0,B01,138Â 298Â 867,1.0
962542,201900004073,7,8,08:20,1,2,4,1.0,2.0,75118,PORTE DE LA CHAPELLE,M,"48,9009120","2,3598440",75,2019,70.0,1.0,1.0,4.0,2151342,5.0,2,3,2,9.0,,0.0,0,1929.0,A01,138Â 298Â 866,1.0,8.0,-1.0,1642839,2.0,7,,0.0,2.0,3.0,A01,138Â 298Â 866,1.0
962542,201900004073,7,8,08:20,1,2,4,1.0,2.0,75118,PORTE DE LA CHAPELLE,M,"48,9009120","2,3598440",75,2019,70.0,1.0,1.0,4.0,2151342,5.0,2,3,2,9.0,,0.0,0,1929.0,A01,138Â 298Â 866,1.0,8.0,-1.0,1642840,2.0,14,,0.0,2.0,5.0,B01,138Â 298Â 867,1.0
962542,201900004073,7,8,08:20,1,2,4,1.0,2.0,75118,PORTE DE LA CHAPELLE,M,"48,9009120","2,3598440",75,2019,70.0,1.0,1.0,4.0,2151343,1.0,1,1,1,4.0,,0.0,0,1957.0,B01,138Â 298Â 867,1.0,0.0,-1.0,1642839,2.0,7,,0.0,2.0,3.0,A01,138Â 298Â 866,1.0
962542,201900004073,7,8,08:20,1,2,4,1.0,2.0,75118,PORTE DE LA CHAPELLE,M,"48,9009120","2,3598440",75,2019,70.0,1.0,1.0,4.0,2151343,1.0,1,1,1,4.0,,0.0,0,1957.0,B01,138Â 298Â 867,1.0,0.0,-1.0,1642840,2.0,14,,0.0,2.0,5.0,B01,138Â 298Â 867,1.0
962543,201900004074,7,9,01:03,5,2,1,1.0,6.0,75109,RUE DU FAUBOURG MONTMARTRE,M,"48,8719000","2,3431500",75,2019,50.0,1.0,1.0,4.0,2151344,1.0,1,1,1,9.0,,0.0,0,1977.0,B01,138Â 298Â 864,2.0,6.0,-1.0,1642841,1.0,43,,1.0,2.0,1.0,B01,138Â 298Â 864,1.0
962543,201900004074,7,9,01:03,5,2,1,1.0,6.0,75109,RUE DU FAUBOURG MONTMARTRE,M,"48,8719000","2,3431500",75,2019,50.0,1.0,1.0,4.0,2151344,1.0,1,1,1,9.0,,0.0,0,1977.0,B01,138Â 298Â 864,2.0,6.0,-1.0,1642842,1.0,7,,0.0,2.0,5.0,A01,138Â 298Â 865,1.0
962543,201900004074,7,9,01:03,5,2,1,1.0,6.0,75109,RUE DU FAUBOURG MONTMARTRE,M,"48,8719000","2,3431500",75,2019,50.0,1.0,1.0,4.0,2151345,2.0,2,3,2,9.0,,0.0,0,1979.0,B01,138Â 298Â 864,2.0,6.0,-1.0,1642841,1.0,43,,1.0,2.0,1.0,B01,138Â 298Â 864,1.0
962543,201900004074,7,9,01:03,5,2,1,1.0,6.0,75109,RUE DU FAUBOURG MONTMARTRE,M,"48,8719000","2,3431500",75,2019,50.0,1.0,1.0,4.0,2151345,2.0,2,3,2,9.0,,0.0,0,1979.0,B01,138Â 298Â 864,2.0,6.0,-1.0,1642842,1.0,7,,0.0,2.0,5.0,A01,138Â 298Â 865,1.0
962543,201900004074,7,9,01:03,5,2,1,1.0,6.0,75109,RUE DU FAUBOURG MONTMARTRE,M,"48,8719000","2,3431500",75,2019,50.0,1.0,1.0,4.0,2151346,3.0,2,1,1,9.0,,0.0,0,1981.0,A01,138Â 298Â 865,1.0,0.0,-1.0,1642841,1.0,43,,1.0,2.0,1.0,B01,138Â 298Â 864,1.0
962543,201900004074,7,9,01:03,5,2,1,1.0,6.0,75109,RUE DU FAUBOURG MONTMARTRE,M,"48,8719000","2,3431500",75,2019,50.0,1.0,1.0,4.0,2151346,3.0,2,1,1,9.0,,0.0,0,1981.0,A01,138Â 298Â 865,1.0,0.0,-1.0,1642842,1.0,7,,0.0,2.0,5.0,A01,138Â 298Â 865,1.0
962543,201900004074,7,9,01:03,5,2,1,1.0,6.0,75109,RUE DU FAUBOURG MONTMARTRE,M,"48,8719000","2,3431500",75,2019,50.0,1.0,1.0,4.0,2151347,1.0,1,1,1,4.0,,0.0,0,1957.0,A01,138Â 298Â 865,1.0,0.0,-1.0,1642841,1.0,43,,1.0,2.0,1.0,B01,138Â 298Â 864,1.0
962543,201900004074,7,9,01:03,5,2,1,1.0,6.0,75109,RUE DU FAUBOURG MONTMARTRE,M,"48,8719000","2,3431500",75,2019,50.0,1.0,1.0,4.0,2151347,1.0,1,1,1,4.0,,0.0,0,1957.0,A01,138Â 298Â 865,1.0,0.0,-1.0,1642842,1.0,7,,0.0,2.0,5.0,A01,138Â 298Â 865,1.0
962544,201900004075,7,8,00:38,5,2,2,1.0,5.0,75108,AVENUE HOCHE,M,"48,8765490","2,3016770",75,2019,50.0,1.0,1.0,4.0,2151348,2.0,2,4,1,4.0,,0.0,0,1976.0,A01,138Â 298Â 861,1.0,0.0,-1.0,1642843,1.0,7,,0.0,2.0,3.0,A01,138Â 298Â 861,1.0
962544,201900004075,7,8,00:38,5,2,2,1.0,5.0,75108,AVENUE HOCHE,M,"48,8765490","2,3016770",75,2019,50.0,1.0,1.0,4.0,2151348,2.0,2,4,1,4.0,,0.0,0,1976.0,A01,138Â 298Â 861,1.0,0.0,-1.0,1642844,1.0,7,,0.0,2.0,1.0,B01,138Â 298Â 862,4.0
962544,201900004075,7,8,00:38,5,2,2,1.0,5.0,75108,AVENUE HOCHE,M,"48,8765490","2,3016770",75,2019,50.0,1.0,1.0,4.0,2151348,2.0,2,4,1,4.0,,0.0,0,1976.0,A01,138Â 298Â 861,1.0,0.0,-1.0,1642845,2.0,2,,0.0,2.0,1.0,C01,138Â 298Â 863,4.0
962544,201900004075,7,8,00:38,5,2,2,1.0,5.0,75108,AVENUE HOCHE,M,"48,8765490","2,3016770",75,2019,50.0,1.0,1.0,4.0,2151349,3.0,2,4,1,4.0,,0.0,0,1969.0,A01,138Â 298Â 861,1.0,0.0,-1.0,1642843,1.0,7,,0.0,2.0,3.0,A01,138Â 298Â 861,1.0
962544,201900004075,7,8,00:38,5,2,2,1.0,5.0,75108,AVENUE HOCHE,M,"48,8765490","2,3016770",75,2019,50.0,1.0,1.0,4.0,2151349,3.0,2,4,1,4.0,,0.0,0,1969.0,A01,138Â 298Â 861,1.0,0.0,-1.0,1642844,1.0,7,,0.0,2.0,1.0,B01,138Â 298Â 862,4.0
962544,201900004075,7,8,00:38,5,2,2,1.0,5.0,75108,AVENUE HOCHE,M,"48,8765490","2,3016770",75,2019,50.0,1.0,1.0,4.0,2151349,3.0,2,4,1,4.0,,0.0,0,1969.0,A01,138Â 298Â 861,1.0,0.0,-1.0,1642845,2.0,2,,0.0,2.0,1.0,C01,138Â 298Â 863,4.0
962544,201900004075,7,8,00:38,5,2,2,1.0,5.0,75108,AVENUE HOCHE,M,"48,8765490","2,3016770",75,2019,50.0,1.0,1.0,4.0,2151350,1.0,1,4,1,4.0,,0.0,0,1986.0,A01,138Â 298Â 861,1.0,0.0,-1.0,1642843,1.0,7,,0.0,2.0,3.0,A01,138Â 298Â 861,1.0
962544,201900004075,7,8,00:38,5,2,2,1.0,5.0,75108,AVENUE HOCHE,M,"48,8765490","2,3016770",75,2019,50.0,1.0,1.0,4.0,2151350,1.0,1,4,1,4.0,,0.0,0,1986.0,A01,138Â 298Â 861,1.0,0.0,-1.0,1642844,1.0,7,,0.0,2.0,1.0,B01,138Â 298Â 862,4.0
962544,201900004075,7,8,00:38,5,2,2,1.0,5.0,75108,AVENUE HOCHE,M,"48,8765490","2,3016770",75,2019,50.0,1.0,1.0,4.0,2151350,1.0,1,4,1,4.0,,0.0,0,1986.0,A01,138Â 298Â 861,1.0,0.0,-1.0,1642845,2.0,2,,0.0,2.0,1.0,C01,138Â 298Â 863,4.0
962544,201900004075,7,8,00:38,5,2,2,1.0,5.0,75108,AVENUE HOCHE,M,"48,8765490","2,3016770",75,2019,50.0,1.0,1.0,4.0,2151351,1.0,1,4,1,4.0,,0.0,0,1980.0,B01,138Â 298Â 862,1.0,0.0,-1.0,1642843,1.0,7,,0.0,2.0,3.0,A01,138Â 298Â 861,1.0
962544,201900004075,7,8,00:38,5,2,2,1.0,5.0,75108,AVENUE HOCHE,M,"48,8765490","2,3016770",75,2019,50.0,1.0,1.0,4.0,2151351,1.0,1,4,1,4.0,,0.0,0,1980.0,B01,138Â 298Â 862,1.0,0.0,-1.0,1642844,1.0,7,,0.0,2.0,1.0,B01,138Â 298Â 862,4.0
962544,201900004075,7,8,00:38,5,2,2,1.0,5.0,75108,AVENUE HOCHE,M,"48,8765490","2,3016770",75,2019,50.0,1.0,1.0,4.0,2151351,1.0,1,4,1,4.0,,0.0,0,1980.0,B01,138Â 298Â 862,1.0,0.0,-1.0,1642845,2.0,2,,0.0,2.0,1.0,C01,138Â 298Â 863,4.0
962544,201900004075,7,8,00:38,5,2,2,1.0,5.0,75108,AVENUE HOCHE,M,"48,8765490","2,3016770",75,2019,50.0,1.0,1.0,4.0,2151352,1.0,1,4,1,9.0,,0.0,0,1987.0,C01,138Â 298Â 863,2.0,6.0,-1.0,1642843,1.0,7,,0.0,2.0,3.0,A01,138Â 298Â 861,1.0
962544,201900004075,7,8,00:38,5,2,2,1.0,5.0,75108,AVENUE HOCHE,M,"48,8765490","2,3016770",75,2019,50.0,1.0,1.0,4.0,2151352,1.0,1,4,1,9.0,,0.0,0,1987.0,C01,138Â 298Â 863,2.0,6.0,-1.0,1642844,1.0,7,,0.0,2.0,1.0,B01,138Â 298Â 862,4.0
962544,201900004075,7,8,00:38,5,2,2,1.0,5.0,75108,AVENUE HOCHE,M,"48,8765490","2,3016770",75,2019,50.0,1.0,1.0,4.0,2151352,1.0,1,4,1,9.0,,0.0,0,1987.0,C01,138Â 298Â 863,2.0,6.0,-1.0,1642845,2.0,2,,0.0,2.0,1.0,C01,138Â 298Â 863,4.0
962545,201900004076,7,9,17:00,1,2,4,1.0,3.0,75106,BOULEVARD RASPAIL,M,"48,8450530","2,3287870",75,2019,50.0,1.0,1.0,4.0,2151353,1.0,1,1,2,9.0,,0.0,0,1984.0,B01,138Â 298Â 859,1.0,0.0,-1.0,1642846,2.0,7,,0.0,2.0,7.0,B01,138Â 298Â 859,1.0
962545,201900004076,7,9,17:00,1,2,4,1.0,3.0,75106,BOULEVARD RASPAIL,M,"48,8450530","2,3287870",75,2019,50.0,1.0,1.0,4.0,2151353,1.0,1,1,2,9.0,,0.0,0,1984.0,B01,138Â 298Â 859,1.0,0.0,-1.0,1642847,2.0,30,,0.0,2.0,1.0,A01,138Â 298Â 860,1.0
962545,201900004076,7,9,17:00,1,2,4,1.0,3.0,75106,BOULEVARD RASPAIL,M,"48,8450530","2,3287870",75,2019,50.0,1.0,1.0,4.0,2151354,1.0,1,4,1,9.0,,0.0,0,1988.0,A01,138Â 298Â 860,2.0,6.0,-1.0,1642846,2.0,7,,0.0,2.0,7.0,B01,138Â 298Â 859,1.0
962545,201900004076,7,9,17:00,1,2,4,1.0,3.0,75106,BOULEVARD RASPAIL,M,"48,8450530","2,3287870",75,2019,50.0,1.0,1.0,4.0,2151354,1.0,1,4,1,9.0,,0.0,0,1988.0,A01,138Â 298Â 860,2.0,6.0,-1.0,1642847,2.0,30,,0.0,2.0,1.0,A01,138Â 298Â 860,1.0
962545,201900004076,7,9,17:00,1,2,4,1.0,3.0,75106,BOULEVARD RASPAIL,M,"48,8450530","2,3287870",75,2019,50.0,1.0,1.0,4.0,2151355,2.0,2,4,2,9.0,,0.0,0,1994.0,A01,138Â 298Â 860,2.0,6.0,-1.0,1642846,2.0,7,,0.0,2.0,7.0,B01,138Â 298Â 859,1.0
962545,201900004076,7,9,17:00,1,2,4,1.0,3.0,75106,BOULEVARD RASPAIL,M,"48,8450530","2,3287870",75,2019,50.0,1.0,1.0,4.0,2151355,2.0,2,4,2,9.0,,0.0,0,1994.0,A01,138Â 298Â 860,2.0,6.0,-1.0,1642847,2.0,30,,0.0,2.0,1.0,A01,138Â 298Â 860,1.0
962546,201900004077,7,9,12:30,1,2,1,1.0,6.0,75105,RUE DE PONTOISE,M,"48,8489430","2,3513170",75,2019,50.0,1.0,1.0,4.0,2151356,1.0,1,1,1,4.0,,0.0,0,1997.0,A01,138Â 298Â 858,8.0,0.0,-1.0,1642848,2.0,10,,0.0,1.0,3.0,A01,138Â 298Â 858,1.0
962546,201900004077,7,9,12:30,1,2,1,1.0,6.0,75105,RUE DE PONTOISE,M,"48,8489430","2,3513170",75,2019,50.0,1.0,1.0,4.0,2151357,10.0,3,4,1,9.0,,2.0,2,1961.0,A01,138Â 298Â 858,8.0,0.0,-1.0,1642848,2.0,10,,0.0,1.0,3.0,A01,138Â 298Â 858,1.0
962547,201900004078,7,9,09:50,1,2,1,1.0,6.0,75106,RUE DE VAUGIRARD,M,"48,8482720","2,3312110",75,2019,50.0,1.0,1.0,4.0,2151358,1.0,1,1,1,4.0,,0.0,0,1957.0,A01,138Â 298Â 857,1.0,0.0,-1.0,1642849,2.0,7,,0.0,1.0,2.0,A01,138Â 298Â 857,1.0
962547,201900004078,7,9,09:50,1,2,1,1.0,6.0,75106,RUE DE VAUGIRARD,M,"48,8482720","2,3312110",75,2019,50.0,1.0,1.0,4.0,2151359,10.0,3,4,2,5.0,,2.0,4,1962.0,A01,138Â 298Â 857,8.0,0.0,-1.0,1642849,2.0,7,,0.0,1.0,2.0,A01,138Â 298Â 857,1.0
962548,201900004079,7,9,09:40,1,2,1,1.0,3.0,75106,BOULEVARD SAINT MICHEL,M,"48,8415800","2,3376470",75,2019,50.0,6.0,1.0,4.0,2151360,1.0,1,4,1,1.0,,0.0,0,1990.0,B01,138Â 298Â 855,2.0,0.0,-1.0,1642850,2.0,80,,0.0,2.0,2.0,B01,138Â 298Â 855,3.0
962548,201900004079,7,9,09:40,1,2,1,1.0,3.0,75106,BOULEVARD SAINT MICHEL,M,"48,8415800","2,3376470",75,2019,50.0,6.0,1.0,4.0,2151360,1.0,1,4,1,1.0,,0.0,0,1990.0,B01,138Â 298Â 855,2.0,0.0,-1.0,1642851,2.0,14,,0.0,2.0,8.0,A01,138Â 298Â 856,6.0
962548,201900004079,7,9,09:40,1,2,1,1.0,3.0,75106,BOULEVARD SAINT MICHEL,M,"48,8415800","2,3376470",75,2019,50.0,6.0,1.0,4.0,2151361,1.0,1,1,1,4.0,,0.0,0,1977.0,A01,138Â 298Â 856,1.0,0.0,-1.0,1642850,2.0,80,,0.0,2.0,2.0,B01,138Â 298Â 855,3.0
962548,201900004079,7,9,09:40,1,2,1,1.0,3.0,75106,BOULEVARD SAINT MICHEL,M,"48,8415800","2,3376470",75,2019,50.0,6.0,1.0,4.0,2151361,1.0,1,1,1,4.0,,0.0,0,1977.0,A01,138Â 298Â 856,1.0,0.0,-1.0,1642851,2.0,14,,0.0,2.0,8.0,A01,138Â 298Â 856,6.0
962549,201900004080,7,9,19:12,1,2,3,1.0,6.0,75119,RUE DE KABYLIE,M,"48,8842990","2,3675490",75,2019,30.0,1.0,1.0,4.0,2151362,10.0,3,4,2,5.0,,3.0,3,1960.0,A01,138Â 298Â 854,8.0,0.0,-1.0,1642852,1.0,10,,0.0,1.0,3.0,A01,138Â 298Â 854,1.0
962549,201900004080,7,9,19:12,1,2,3,1.0,6.0,75119,RUE DE KABYLIE,M,"48,8842990","2,3675490",75,2019,30.0,1.0,1.0,4.0,2151363,1.0,1,1,1,1.0,,0.0,0,1960.0,A01,138Â 298Â 854,1.0,0.0,-1.0,1642852,1.0,10,,0.0,1.0,3.0,A01,138Â 298Â 854,1.0
962550,201900004081,7,9,19:32,1,2,3,1.0,3.0,75118,RUE MARX DORMOY,M,"48,8890640","2,3599020",75,2019,50.0,1.0,1.0,4.0,2151364,1.0,1,1,1,5.0,,0.0,0,1987.0,A01,138Â 298Â 852,2.0,6.0,-1.0,1642853,2.0,2,,0.0,2.0,1.0,A01,138Â 298Â 852,1.0
962550,201900004081,7,9,19:32,1,2,3,1.0,3.0,75118,RUE MARX DORMOY,M,"48,8890640","2,3599020",75,2019,50.0,1.0,1.0,4.0,2151364,1.0,1,1,1,5.0,,0.0,0,1987.0,A01,138Â 298Â 852,2.0,6.0,-1.0,1642854,1.0,43,,0.0,2.0,3.0,B01,138Â 298Â 853,1.0
962550,201900004081,7,9,19:32,1,2,3,1.0,3.0,75118,RUE MARX DORMOY,M,"48,8890640","2,3599020",75,2019,50.0,1.0,1.0,4.0,2151365,1.0,1,4,1,9.0,,0.0,0,1982.0,B01,138Â 298Â 853,2.0,6.0,-1.0,1642853,2.0,2,,0.0,2.0,1.0,A01,138Â 298Â 852,1.0
962550,201900004081,7,9,19:32,1,2,3,1.0,3.0,75118,RUE MARX DORMOY,M,"48,8890640","2,3599020",75,2019,50.0,1.0,1.0,4.0,2151365,1.0,1,4,1,9.0,,0.0,0,1982.0,B01,138Â 298Â 853,2.0,6.0,-1.0,1642854,1.0,43,,0.0,2.0,3.0,B01,138Â 298Â 853,1.0
962550,201900004081,7,9,19:32,1,2,3,1.0,3.0,75118,RUE MARX DORMOY,M,"48,8890640","2,3599020",75,2019,50.0,1.0,1.0,4.0,2151366,2.0,2,4,1,9.0,,0.0,0,1973.0,B01,138Â 298Â 853,2.0,6.0,-1.0,1642853,2.0,2,,0.0,2.0,1.0,A01,138Â 298Â 852,1.0
962550,201900004081,7,9,19:32,1,2,3,1.0,3.0,75118,RUE MARX DORMOY,M,"48,8890640","2,3599020",75,2019,50.0,1.0,1.0,4.0,2151366,2.0,2,4,1,9.0,,0.0,0,1973.0,B01,138Â 298Â 853,2.0,6.0,-1.0,1642854,1.0,43,,0.0,2.0,3.0,B01,138Â 298Â 853,1.0
962551,201900004082,7,9,16:40,1,2,1,1.0,3.0,75118,RUE DU POTEAU,M,"48,8934780","2,3426060",75,2019,30.0,1.0,1.0,4.0,2151367,1.0,1,4,1,9.0,,0.0,0,1966.0,B01,138Â 298Â 850,2.0,6.0,-1.0,1642855,1.0,2,,0.0,2.0,2.0,B01,138Â 298Â 850,1.0
962551,201900004082,7,9,16:40,1,2,1,1.0,3.0,75118,RUE DU POTEAU,M,"48,8934780","2,3426060",75,2019,30.0,1.0,1.0,4.0,2151367,1.0,1,4,1,9.0,,0.0,0,1966.0,B01,138Â 298Â 850,2.0,6.0,-1.0,1642856,1.0,7,,0.0,2.0,8.0,A01,138Â 298Â 851,1.0
962551,201900004082,7,9,16:40,1,2,1,1.0,3.0,75118,RUE DU POTEAU,M,"48,8934780","2,3426060",75,2019,30.0,1.0,1.0,4.0,2151368,1.0,1,1,1,9.0,,0.0,0,1965.0,A01,138Â 298Â 851,1.0,0.0,-1.0,1642855,1.0,2,,0.0,2.0,2.0,B01,138Â 298Â 850,1.0
962551,201900004082,7,9,16:40,1,2,1,1.0,3.0,75118,RUE DU POTEAU,M,"48,8934780","2,3426060",75,2019,30.0,1.0,1.0,4.0,2151368,1.0,1,1,1,9.0,,0.0,0,1965.0,A01,138Â 298Â 851,1.0,0.0,-1.0,1642856,1.0,7,,0.0,2.0,8.0,A01,138Â 298Â 851,1.0
962552,201900004083,7,9,14:45,1,2,2,1.0,3.0,75117,AVENUE DE LA PORTE DE CLICHY,M,"48,8944610","2,3134770",75,2019,30.0,1.0,1.0,4.0,2151369,1.0,1,4,1,1.0,,0.0,0,1992.0,A01,138Â 298Â 848,2.0,6.0,-1.0,1642857,1.0,2,,0.0,2.0,3.0,A01,138Â 298Â 848,1.0
962552,201900004083,7,9,14:45,1,2,2,1.0,3.0,75117,AVENUE DE LA PORTE DE CLICHY,M,"48,8944610","2,3134770",75,2019,30.0,1.0,1.0,4.0,2151369,1.0,1,4,1,1.0,,0.0,0,1992.0,A01,138Â 298Â 848,2.0,6.0,-1.0,1642858,2.0,7,,0.0,2.0,2.0,B01,138Â 298Â 849,1.0
962552,201900004083,7,9,14:45,1,2,2,1.0,3.0,75117,AVENUE DE LA PORTE DE CLICHY,M,"48,8944610","2,3134770",75,2019,30.0,1.0,1.0,4.0,2151370,1.0,1,1,1,5.0,,0.0,0,1948.0,B01,138Â 298Â 849,1.0,0.0,-1.0,1642857,1.0,2,,0.0,2.0,3.0,A01,138Â 298Â 848,1.0
962552,201900004083,7,9,14:45,1,2,2,1.0,3.0,75117,AVENUE DE LA PORTE DE CLICHY,M,"48,8944610","2,3134770",75,2019,30.0,1.0,1.0,4.0,2151370,1.0,1,1,1,5.0,,0.0,0,1948.0,B01,138Â 298Â 849,1.0,0.0,-1.0,1642858,2.0,7,,0.0,2.0,2.0,B01,138Â 298Â 849,1.0
962553,201900004084,7,9,13:50,1,2,1,1.0,6.0,75117,BOULEVARD PEREIRE,M,"48,8879470","2,3080330",75,2019,50.0,1.0,1.0,4.0,2151371,1.0,1,4,1,0.0,,0.0,0,1994.0,A01,138Â 298Â 846,2.0,6.0,-1.0,1642859,1.0,33,,1.0,2.0,3.0,A01,138Â 298Â 846,1.0
962553,201900004084,7,9,13:50,1,2,1,1.0,6.0,75117,BOULEVARD PEREIRE,M,"48,8879470","2,3080330",75,2019,50.0,1.0,1.0,4.0,2151371,1.0,1,4,1,0.0,,0.0,0,1994.0,A01,138Â 298Â 846,2.0,6.0,-1.0,1642860,1.0,7,,0.0,2.0,5.0,B01,138Â 298Â 847,1.0
962553,201900004084,7,9,13:50,1,2,1,1.0,6.0,75117,BOULEVARD PEREIRE,M,"48,8879470","2,3080330",75,2019,50.0,1.0,1.0,4.0,2151372,1.0,1,1,1,5.0,,0.0,0,1962.0,B01,138Â 298Â 847,1.0,0.0,-1.0,1642859,1.0,33,,1.0,2.0,3.0,A01,138Â 298Â 846,1.0
962553,201900004084,7,9,13:50,1,2,1,1.0,6.0,75117,BOULEVARD PEREIRE,M,"48,8879470","2,3080330",75,2019,50.0,1.0,1.0,4.0,2151372,1.0,1,1,1,5.0,,0.0,0,1962.0,B01,138Â 298Â 847,1.0,0.0,-1.0,1642860,1.0,7,,0.0,2.0,5.0,B01,138Â 298Â 847,1.0
962554,201900004085,7,9,09:45,1,2,1,1.0,3.0,75117,BOULEVARD GOUVION SAINT CYR,M,"48,8838790","2,2889720",75,2019,50.0,6.0,1.0,4.0,2151373,1.0,1,4,2,4.0,,0.0,0,1980.0,B01,138Â 298Â 844,2.0,6.0,-1.0,1642861,2.0,30,,0.0,2.0,1.0,B01,138Â 298Â 844,1.0
962554,201900004085,7,9,09:45,1,2,1,1.0,3.0,75117,BOULEVARD GOUVION SAINT CYR,M,"48,8838790","2,2889720",75,2019,50.0,6.0,1.0,4.0,2151373,1.0,1,4,2,4.0,,0.0,0,1980.0,B01,138Â 298Â 844,2.0,6.0,-1.0,1642862,2.0,7,,0.0,2.0,8.0,A01,138Â 298Â 845,1.0
962554,201900004085,7,9,09:45,1,2,1,1.0,3.0,75117,BOULEVARD GOUVION SAINT CYR,M,"48,8838790","2,2889720",75,2019,50.0,6.0,1.0,4.0,2151374,1.0,1,1,1,9.0,,0.0,0,1962.0,A01,138Â 298Â 845,1.0,0.0,-1.0,1642861,2.0,30,,0.0,2.0,1.0,B01,138Â 298Â 844,1.0
962554,201900004085,7,9,09:45,1,2,1,1.0,3.0,75117,BOULEVARD GOUVION SAINT CYR,M,"48,8838790","2,2889720",75,2019,50.0,6.0,1.0,4.0,2151374,1.0,1,1,1,9.0,,0.0,0,1962.0,A01,138Â 298Â 845,1.0,0.0,-1.0,1642862,2.0,7,,0.0,2.0,8.0,A01,138Â 298Â 845,1.0
962555,201900004086,7,9,10:00,1,2,1,1.0,2.0,75115,RUE PAUL BARRUEL,M,"48,8397650","2,3046320",75,2019,50.0,1.0,1.0,4.0,2151375,1.0,1,1,1,1.0,,0.0,0,1981.0,B01,138Â 298Â 842,1.0,0.0,-1.0,1642863,2.0,7,,0.0,2.0,6.0,B01,138Â 298Â 842,1.0
962555,201900004086,7,9,10:00,1,2,1,1.0,2.0,75115,RUE PAUL BARRUEL,M,"48,8397650","2,3046320",75,2019,50.0,1.0,1.0,4.0,2151375,1.0,1,1,1,1.0,,0.0,0,1981.0,B01,138Â 298Â 842,1.0,0.0,-1.0,1642864,2.0,31,,0.0,2.0,2.0,A01,138Â 298Â 843,1.0
962555,201900004086,7,9,10:00,1,2,1,1.0,2.0,75115,RUE PAUL BARRUEL,M,"48,8397650","2,3046320",75,2019,50.0,1.0,1.0,4.0,2151376,1.0,1,4,1,1.0,,0.0,0,1960.0,A01,138Â 298Â 843,2.0,6.0,-1.0,1642863,2.0,7,,0.0,2.0,6.0,B01,138Â 298Â 842,1.0
962555,201900004086,7,9,10:00,1,2,1,1.0,2.0,75115,RUE PAUL BARRUEL,M,"48,8397650","2,3046320",75,2019,50.0,1.0,1.0,4.0,2151376,1.0,1,4,1,1.0,,0.0,0,1960.0,A01,138Â 298Â 843,2.0,6.0,-1.0,1642864,2.0,31,,0.0,2.0,2.0,A01,138Â 298Â 843,1.0
962556,201900004087,7,8,19:00,1,2,2,1.0,3.0,75115,QUAI ANDRE CITROEN,M,"48,8491060","2,2818970",75,2019,50.0,1.0,1.0,4.0,2151377,1.0,1,1,1,4.0,,0.0,0,1989.0,B01,138Â 298Â 840,2.0,6.0,-1.0,1642865,2.0,33,,0.0,2.0,8.0,B01,138Â 298Â 840,1.0
962556,201900004087,7,8,19:00,1,2,2,1.0,3.0,75115,QUAI ANDRE CITROEN,M,"48,8491060","2,2818970",75,2019,50.0,1.0,1.0,4.0,2151377,1.0,1,1,1,4.0,,0.0,0,1989.0,B01,138Â 298Â 840,2.0,6.0,-1.0,1642866,1.0,30,,0.0,2.0,5.0,A01,138Â 298Â 841,1.0
962556,201900004087,7,8,19:00,1,2,2,1.0,3.0,75115,QUAI ANDRE CITROEN,M,"48,8491060","2,2818970",75,2019,50.0,1.0,1.0,4.0,2151378,1.0,1,4,1,5.0,,0.0,0,1982.0,A01,138Â 298Â 841,2.0,6.0,-1.0,1642865,2.0,33,,0.0,2.0,8.0,B01,138Â 298Â 840,1.0
962556,201900004087,7,8,19:00,1,2,2,1.0,3.0,75115,QUAI ANDRE CITROEN,M,"48,8491060","2,2818970",75,2019,50.0,1.0,1.0,4.0,2151378,1.0,1,4,1,5.0,,0.0,0,1982.0,A01,138Â 298Â 841,2.0,6.0,-1.0,1642866,1.0,30,,0.0,2.0,5.0,A01,138Â 298Â 841,1.0
962557,201900004088,7,8,09:00,1,2,1,1.0,3.0,75115,BOULEVARD LEFEBVRE,M,"48,8313870","2,2915770",75,2019,30.0,5.0,1.0,4.0,2151379,2.0,1,1,1,5.0,,0.0,0,1986.0,A01,138Â 298Â 838,2.0,0.0,-1.0,1642867,2.0,1,,0.0,2.0,8.0,A01,138Â 298Â 838,5.0
962557,201900004088,7,8,09:00,1,2,1,1.0,3.0,75115,BOULEVARD LEFEBVRE,M,"48,8313870","2,2915770",75,2019,30.0,5.0,1.0,4.0,2151379,2.0,1,1,1,5.0,,0.0,0,1986.0,A01,138Â 298Â 838,2.0,0.0,-1.0,1642868,2.0,1,,0.0,2.0,7.0,B01,138Â 298Â 839,5.0