Unnamed: 0_x,num_acc,mois,jour,hrmn,lum,agg,int,atm,col,com,adr,gps,lat,long,dep,annee,vma,situ,surf,catr,Unnamed: 0_y,place,catu,grav,sexe,trajet,secu,locp,actp,an_nais,num_veh_x,id_vehicule_x,secu1,secu2,secu3,Unnamed: 0,senc,catv,occutc,obs,obsm,choc,num_veh_y,id_vehicule_y,motor
962557,201900004088,7,8,09:00,1,2,1,1.0,3.0,75115,BOULEVARD LEFEBVRE,M,"48,8313870","2,2915770",75,2019,30.0,5.0,1.0,4.0,2151380,2.0,1,4,1,1.0,,0.0,0,1980.0,B01,138Â 298Â 839,2.0,0.0,-1.0,1642867,2.0,1,,0.0,2.0,8.0,A01,138Â 298Â 838,5.0
962557,201900004088,7,8,09:00,1,2,1,1.0,3.0,75115,BOULEVARD LEFEBVRE,M,"48,8313870","2,2915770",75,2019,30.0,5.0,1.0,4.0,2151380,2.0,1,4,1,1.0,,0.0,0,1980.0,B01,138Â 298Â 839,2.0,0.0,-1.0,1642868,2.0,1,,0.0,2.0,7.0,B01,138Â 298Â 839,5.0
962558,201900004089,7,8,08:10,1,2,3,1.0,6.0,75115,RUE DE LA CROIX NIVERT,M,"48,8437400","2,2958780",75,2019,50.0,1.0,1.0,4.0,2151381,10.0,3,4,2,1.0,,4.0,3,1988.0,A01,138Â 298Â 837,8.0,0.0,-1.0,1642869,2.0,10,,0.0,1.0,2.0,A01,138Â 298Â 837,1.0
962558,201900004089,7,8,08:10,1,2,3,1.0,6.0,75115,RUE DE LA CROIX NIVERT,M,"48,8437400","2,2958780",75,2019,50.0,1.0,1.0,4.0,2151382,1.0,1,1,1,4.0,,0.0,0,1998.0,A01,138Â 298Â 837,1.0,0.0,-1.0,1642869,2.0,10,,0.0,1.0,2.0,A01,138Â 298Â 837,1.0
962559,201900004090,7,9,19:10,1,2,5,1.0,3.0,75114,BOULEVARD DU MONTPARNASSE,M,"48,8419260","2,3295890",75,2019,50.0,1.0,1.0,4.0,2151383,1.0,1,4,1,9.0,,0.0,0,1995.0,A01,138Â 298Â 835,8.0,8.0,-1.0,1642870,1.0,33,,0.0,2.0,7.0,A01,138Â 298Â 835,1.0
962559,201900004090,7,9,19:10,1,2,5,1.0,3.0,75114,BOULEVARD DU MONTPARNASSE,M,"48,8419260","2,3295890",75,2019,50.0,1.0,1.0,4.0,2151383,1.0,1,4,1,9.0,,0.0,0,1995.0,A01,138Â 298Â 835,8.0,8.0,-1.0,1642871,1.0,7,,0.0,2.0,8.0,B01,138Â 298Â 836,1.0
962559,201900004090,7,9,19:10,1,2,5,1.0,3.0,75114,BOULEVARD DU MONTPARNASSE,M,"48,8419260","2,3295890",75,2019,50.0,1.0,1.0,4.0,2151384,1.0,1,1,2,4.0,,0.0,0,1997.0,B01,138Â 298Â 836,1.0,0.0,-1.0,1642870,1.0,33,,0.0,2.0,7.0,A01,138Â 298Â 835,1.0
962559,201900004090,7,9,19:10,1,2,5,1.0,3.0,75114,BOULEVARD DU MONTPARNASSE,M,"48,8419260","2,3295890",75,2019,50.0,1.0,1.0,4.0,2151384,1.0,1,1,2,4.0,,0.0,0,1997.0,B01,138Â 298Â 836,1.0,0.0,-1.0,1642871,1.0,7,,0.0,2.0,8.0,B01,138Â 298Â 836,1.0
962560,201900004091,7,9,10:56,1,2,7,1.0,6.0,75106,PLACE DU DIX HUIT JUIN 1940,M,"48,8438010","2,3243130",75,2019,50.0,1.0,1.0,4.0,2151385,1.0,1,1,1,1.0,,0.0,0,1964.0,A01,138Â 298Â 834,1.0,0.0,-1.0,1642872,2.0,7,,0.0,1.0,5.0,A01,138Â 298Â 834,1.0
962560,201900004091,7,9,10:56,1,2,7,1.0,6.0,75106,PLACE DU DIX HUIT JUIN 1940,M,"48,8438010","2,3243130",75,2019,50.0,1.0,1.0,4.0,2151386,10.0,3,4,2,5.0,,2.0,3,1937.0,A01,138Â 298Â 834,8.0,0.0,-1.0,1642872,2.0,7,,0.0,1.0,5.0,A01,138Â 298Â 834,1.0
962561,201900004092,7,8,12:15,1,2,3,1.0,6.0,75114,RUE FURTADO HEINE,M,"48,8303830","2,3196830",75,2019,50.0,1.0,1.0,4.0,2151387,1.0,1,1,1,4.0,,0.0,0,1966.0,A01,138Â 298Â 833,1.0,0.0,-1.0,1642873,2.0,10,,0.0,1.0,1.0,A01,138Â 298Â 833,1.0
962561,201900004092,7,8,12:15,1,2,3,1.0,6.0,75114,RUE FURTADO HEINE,M,"48,8303830","2,3196830",75,2019,50.0,1.0,1.0,4.0,2151388,10.0,3,4,1,5.0,,3.0,3,1931.0,A01,138Â 298Â 833,8.0,0.0,-1.0,1642873,2.0,10,,0.0,1.0,1.0,A01,138Â 298Â 833,1.0
962562,201900004093,7,9,13:20,1,2,3,1.0,3.0,75113,BOULEVARD MASSENA,M,"48,8234340","2,3750580",75,2019,50.0,5.0,1.0,4.0,2151389,1.0,1,1,1,9.0,,0.0,0,2000.0,A01,138Â 298Â 831,1.0,0.0,-1.0,1642874,2.0,7,,0.0,2.0,1.0,A01,138Â 298Â 831,1.0
962562,201900004093,7,9,13:20,1,2,3,1.0,3.0,75113,BOULEVARD MASSENA,M,"48,8234340","2,3750580",75,2019,50.0,5.0,1.0,4.0,2151389,1.0,1,1,1,9.0,,0.0,0,2000.0,A01,138Â 298Â 831,1.0,0.0,-1.0,1642875,2.0,1,,0.0,2.0,4.0,B01,138Â 298Â 832,5.0
962562,201900004093,7,9,13:20,1,2,3,1.0,3.0,75113,BOULEVARD MASSENA,M,"48,8234340","2,3750580",75,2019,50.0,5.0,1.0,4.0,2151390,1.0,1,4,1,5.0,,0.0,0,2000.0,B01,138Â 298Â 832,2.0,0.0,-1.0,1642874,2.0,7,,0.0,2.0,1.0,A01,138Â 298Â 831,1.0
962562,201900004093,7,9,13:20,1,2,3,1.0,3.0,75113,BOULEVARD MASSENA,M,"48,8234340","2,3750580",75,2019,50.0,5.0,1.0,4.0,2151390,1.0,1,4,1,5.0,,0.0,0,2000.0,B01,138Â 298Â 832,2.0,0.0,-1.0,1642875,2.0,1,,0.0,2.0,4.0,B01,138Â 298Â 832,5.0
962563,201900004094,7,9,11:05,1,2,2,1.0,6.0,75109,RUE DU FAUBOURG MONTMARTRE,M,"48,8751010","2,3410220",75,2019,50.0,1.0,1.0,4.0,2151391,1.0,1,1,1,9.0,,0.0,0,1999.0,A01,138Â 298Â 830,2.0,0.0,-1.0,1642876,1.0,1,,0.0,1.0,1.0,A01,138Â 298Â 830,5.0
962563,201900004094,7,9,11:05,1,2,2,1.0,6.0,75109,RUE DU FAUBOURG MONTMARTRE,M,"48,8751010","2,3410220",75,2019,50.0,1.0,1.0,4.0,2151392,10.0,3,4,2,9.0,,2.0,3,1946.0,A01,138Â 298Â 830,8.0,0.0,-1.0,1642876,1.0,1,,0.0,1.0,1.0,A01,138Â 298Â 830,5.0
962564,201900004095,7,8,12:00,1,2,7,7.0,6.0,75109,PLACE PIGALLE,M,"48,8823280","2,3369710",75,2019,50.0,1.0,1.0,4.0,2151393,10.0,3,4,2,9.0,,4.0,3,1958.0,A01,138Â 298Â 829,8.0,0.0,-1.0,1642877,2.0,14,,0.0,1.0,7.0,A01,138Â 298Â 829,1.0
962564,201900004095,7,8,12:00,1,2,7,7.0,6.0,75109,PLACE PIGALLE,M,"48,8823280","2,3369710",75,2019,50.0,1.0,1.0,4.0,2151394,1.0,1,1,1,4.0,,0.0,0,1972.0,A01,138Â 298Â 829,1.0,0.0,-1.0,1642877,2.0,14,,0.0,1.0,7.0,A01,138Â 298Â 829,1.0
962565,201900004096,7,9,10:25,1,2,4,1.0,2.0,75108,AVENUE DES CHAMPS ELYSEES,M,"48,8714060","2,3022920",75,2019,50.0,1.0,1.0,4.0,2151395,3.0,2,1,1,5.0,,0.0,0,2014.0,B01,138Â 298Â 827,1.0,8.0,-1.0,1642878,2.0,7,,0.0,2.0,4.0,B01,138Â 298Â 827,1.0
962565,201900004096,7,9,10:25,1,2,4,1.0,2.0,75108,AVENUE DES CHAMPS ELYSEES,M,"48,8714060","2,3022920",75,2019,50.0,1.0,1.0,4.0,2151395,3.0,2,1,1,5.0,,0.0,0,2014.0,B01,138Â 298Â 827,1.0,8.0,-1.0,1642879,2.0,33,,0.0,2.0,1.0,A01,138Â 298Â 828,1.0
962565,201900004096,7,9,10:25,1,2,4,1.0,2.0,75108,AVENUE DES CHAMPS ELYSEES,M,"48,8714060","2,3022920",75,2019,50.0,1.0,1.0,4.0,2151396,2.0,2,1,1,5.0,,0.0,0,1987.0,B01,138Â 298Â 827,1.0,0.0,-1.0,1642878,2.0,7,,0.0,2.0,4.0,B01,138Â 298Â 827,1.0
962565,201900004096,7,9,10:25,1,2,4,1.0,2.0,75108,AVENUE DES CHAMPS ELYSEES,M,"48,8714060","2,3022920",75,2019,50.0,1.0,1.0,4.0,2151396,2.0,2,1,1,5.0,,0.0,0,1987.0,B01,138Â 298Â 827,1.0,0.0,-1.0,1642879,2.0,33,,0.0,2.0,1.0,A01,138Â 298Â 828,1.0
962565,201900004096,7,9,10:25,1,2,4,1.0,2.0,75108,AVENUE DES CHAMPS ELYSEES,M,"48,8714060","2,3022920",75,2019,50.0,1.0,1.0,4.0,2151397,1.0,1,1,1,5.0,,-1.0, -1,1963.0,B01,138Â 298Â 827,1.0,0.0,-1.0,1642878,2.0,7,,0.0,2.0,4.0,B01,138Â 298Â 827,1.0
962565,201900004096,7,9,10:25,1,2,4,1.0,2.0,75108,AVENUE DES CHAMPS ELYSEES,M,"48,8714060","2,3022920",75,2019,50.0,1.0,1.0,4.0,2151397,1.0,1,1,1,5.0,,-1.0, -1,1963.0,B01,138Â 298Â 827,1.0,0.0,-1.0,1642879,2.0,33,,0.0,2.0,1.0,A01,138Â 298Â 828,1.0
962565,201900004096,7,9,10:25,1,2,4,1.0,2.0,75108,AVENUE DES CHAMPS ELYSEES,M,"48,8714060","2,3022920",75,2019,50.0,1.0,1.0,4.0,2151398,1.0,1,4,1,1.0,,0.0,0,1984.0,A01,138Â 298Â 828,2.0,6.0,-1.0,1642878,2.0,7,,0.0,2.0,4.0,B01,138Â 298Â 827,1.0
962565,201900004096,7,9,10:25,1,2,4,1.0,2.0,75108,AVENUE DES CHAMPS ELYSEES,M,"48,8714060","2,3022920",75,2019,50.0,1.0,1.0,4.0,2151398,1.0,1,4,1,1.0,,0.0,0,1984.0,A01,138Â 298Â 828,2.0,6.0,-1.0,1642879,2.0,33,,0.0,2.0,1.0,A01,138Â 298Â 828,1.0
962566,201900004097,7,9,10:00,1,2,2,1.0,3.0,75103,BOULEVARD DES FILLES DU CALVAIRE,M,"48,8624750","2,3668910",75,2019,50.0,1.0,1.0,4.0,2151399,1.0,1,1,1,1.0,,0.0,0,1989.0,A01,138Â 298Â 825,1.0,0.0,-1.0,1642880,2.0,7,,0.0,2.0,5.0,A01,138Â 298Â 825,1.0
962566,201900004097,7,9,10:00,1,2,2,1.0,3.0,75103,BOULEVARD DES FILLES DU CALVAIRE,M,"48,8624750","2,3668910",75,2019,50.0,1.0,1.0,4.0,2151399,1.0,1,1,1,1.0,,0.0,0,1989.0,A01,138Â 298Â 825,1.0,0.0,-1.0,1642881,2.0,7,,7.0,2.0,3.0,B01,138Â 298Â 826,1.0
962566,201900004097,7,9,10:00,1,2,2,1.0,3.0,75103,BOULEVARD DES FILLES DU CALVAIRE,M,"48,8624750","2,3668910",75,2019,50.0,1.0,1.0,4.0,2151400,1.0,1,4,1,9.0,,0.0,0,1989.0,B01,138Â 298Â 826,1.0,0.0,-1.0,1642880,2.0,7,,0.0,2.0,5.0,A01,138Â 298Â 825,1.0
962566,201900004097,7,9,10:00,1,2,2,1.0,3.0,75103,BOULEVARD DES FILLES DU CALVAIRE,M,"48,8624750","2,3668910",75,2019,50.0,1.0,1.0,4.0,2151400,1.0,1,4,1,9.0,,0.0,0,1989.0,B01,138Â 298Â 826,1.0,0.0,-1.0,1642881,2.0,7,,7.0,2.0,3.0,B01,138Â 298Â 826,1.0
962567,201900004098,7,9,13:15,1,2,1,1.0,6.0,75101,PLACE DU MARCHE SAINT HONORE,M,"48,8664910","2,3319310",75,2019,30.0,1.0,1.0,4.0,2151401,1.0,1,1,1,4.0,,0.0,0,1973.0,A01,138Â 298Â 824,1.0,0.0,-1.0,1642882,1.0,10,,0.0,1.0,3.0,A01,138Â 298Â 824,1.0
962567,201900004098,7,9,13:15,1,2,1,1.0,6.0,75101,PLACE DU MARCHE SAINT HONORE,M,"48,8664910","2,3319310",75,2019,30.0,1.0,1.0,4.0,2151402,10.0,3,4,1,5.0,,8.0,5,2016.0,A01,138Â 298Â 824,8.0,0.0,-1.0,1642882,1.0,10,,0.0,1.0,3.0,A01,138Â 298Â 824,1.0
962568,201900004099,7,9,09:50,1,2,1,1.0,6.0,94042,VERDUN (PL DE),M,"48,8201400","2,4737700",94,2019,50.0,1.0,1.0,3.0,2151403,1.0,1,1,2,5.0,,-1.0,0,1994.0,A01,138Â 298Â 822,1.0,0.0,-1.0,1642883,2.0,7,,0.0,1.0,2.0,A01,138Â 298Â 822,1.0
962568,201900004099,7,9,09:50,1,2,1,1.0,6.0,94042,VERDUN (PL DE),M,"48,8201400","2,4737700",94,2019,50.0,1.0,1.0,3.0,2151403,1.0,1,1,2,5.0,,-1.0,0,1994.0,A01,138Â 298Â 822,1.0,0.0,-1.0,1642884,2.0,10,,0.0,1.0,4.0,B01,138Â 298Â 823,1.0
962568,201900004099,7,9,09:50,1,2,1,1.0,6.0,94042,VERDUN (PL DE),M,"48,8201400","2,4737700",94,2019,50.0,1.0,1.0,3.0,2151404,10.0,3,4,1,5.0,,2.0,3,1935.0,A01,138Â 298Â 822,8.0,0.0,-1.0,1642883,2.0,7,,0.0,1.0,2.0,A01,138Â 298Â 822,1.0
962568,201900004099,7,9,09:50,1,2,1,1.0,6.0,94042,VERDUN (PL DE),M,"48,8201400","2,4737700",94,2019,50.0,1.0,1.0,3.0,2151404,10.0,3,4,1,5.0,,2.0,3,1935.0,A01,138Â 298Â 822,8.0,0.0,-1.0,1642884,2.0,10,,0.0,1.0,4.0,B01,138Â 298Â 823,1.0
962568,201900004099,7,9,09:50,1,2,1,1.0,6.0,94042,VERDUN (PL DE),M,"48,8201400","2,4737700",94,2019,50.0,1.0,1.0,3.0,2151405,1.0,1,1,1,1.0,,-1.0, -1,1986.0,B01,138Â 298Â 823,1.0,0.0,-1.0,1642883,2.0,7,,0.0,1.0,2.0,A01,138Â 298Â 822,1.0
962568,201900004099,7,9,09:50,1,2,1,1.0,6.0,94042,VERDUN (PL DE),M,"48,8201400","2,4737700",94,2019,50.0,1.0,1.0,3.0,2151405,1.0,1,1,1,1.0,,-1.0, -1,1986.0,B01,138Â 298Â 823,1.0,0.0,-1.0,1642884,2.0,10,,0.0,1.0,4.0,B01,138Â 298Â 823,1.0
962569,201900004100,7,9,18:50,1,2,2,1.0,3.0,94016,SAUSSAIES (R DES),M,"48,7879600","2,3337700",94,2019,50.0,1.0,1.0,4.0,2151406,1.0,1,4,1,1.0,,-1.0, -1,1974.0,B01,138Â 298Â 820,8.0,8.0,-1.0,1642885,1.0,33,,0.0,2.0,1.0,B01,138Â 298Â 820,1.0
962569,201900004100,7,9,18:50,1,2,2,1.0,3.0,94016,SAUSSAIES (R DES),M,"48,7879600","2,3337700",94,2019,50.0,1.0,1.0,4.0,2151406,1.0,1,4,1,1.0,,-1.0, -1,1974.0,B01,138Â 298Â 820,8.0,8.0,-1.0,1642886,2.0,7,,0.0,2.0,2.0,A01,138Â 298Â 821,1.0
962569,201900004100,7,9,18:50,1,2,2,1.0,3.0,94016,SAUSSAIES (R DES),M,"48,7879600","2,3337700",94,2019,50.0,1.0,1.0,4.0,2151407,1.0,1,1,1,0.0,,-1.0, -1,1974.0,A01,138Â 298Â 821,8.0,0.0,-1.0,1642885,1.0,33,,0.0,2.0,1.0,B01,138Â 298Â 820,1.0
962569,201900004100,7,9,18:50,1,2,2,1.0,3.0,94016,SAUSSAIES (R DES),M,"48,7879600","2,3337700",94,2019,50.0,1.0,1.0,4.0,2151407,1.0,1,1,1,0.0,,-1.0, -1,1974.0,A01,138Â 298Â 821,8.0,0.0,-1.0,1642886,2.0,7,,0.0,2.0,2.0,A01,138Â 298Â 821,1.0
962570,201900004101,7,9,15:45,1,2,7,1.0,3.0,94003,ARISTIDE BRIAND (AV),M,"48,8102400","2,3269000",94,2019,50.0,1.0,1.0,3.0,2151408,1.0,1,1,1,4.0,,-1.0, -1,1969.0,B01,138Â 298Â 818,1.0,0.0,-1.0,1642887,2.0,10,,0.0,2.0,2.0,B01,138Â 298Â 818,1.0
962570,201900004101,7,9,15:45,1,2,7,1.0,3.0,94003,ARISTIDE BRIAND (AV),M,"48,8102400","2,3269000",94,2019,50.0,1.0,1.0,3.0,2151408,1.0,1,1,1,4.0,,-1.0, -1,1969.0,B01,138Â 298Â 818,1.0,0.0,-1.0,1642888,2.0,7,,12.0,2.0,6.0,A01,138Â 298Â 819,1.0
962570,201900004101,7,9,15:45,1,2,7,1.0,3.0,94003,ARISTIDE BRIAND (AV),M,"48,8102400","2,3269000",94,2019,50.0,1.0,1.0,3.0,2151409,2.0,2,4,2,5.0,,-1.0, -1,1968.0,A01,138Â 298Â 819,1.0,0.0,-1.0,1642887,2.0,10,,0.0,2.0,2.0,B01,138Â 298Â 818,1.0
962570,201900004101,7,9,15:45,1,2,7,1.0,3.0,94003,ARISTIDE BRIAND (AV),M,"48,8102400","2,3269000",94,2019,50.0,1.0,1.0,3.0,2151409,2.0,2,4,2,5.0,,-1.0, -1,1968.0,A01,138Â 298Â 819,1.0,0.0,-1.0,1642888,2.0,7,,12.0,2.0,6.0,A01,138Â 298Â 819,1.0
962570,201900004101,7,9,15:45,1,2,7,1.0,3.0,94003,ARISTIDE BRIAND (AV),M,"48,8102400","2,3269000",94,2019,50.0,1.0,1.0,3.0,2151410,1.0,1,1,1,5.0,,-1.0, -1,1953.0,A01,138Â 298Â 819,1.0,0.0,-1.0,1642887,2.0,10,,0.0,2.0,2.0,B01,138Â 298Â 818,1.0
962570,201900004101,7,9,15:45,1,2,7,1.0,3.0,94003,ARISTIDE BRIAND (AV),M,"48,8102400","2,3269000",94,2019,50.0,1.0,1.0,3.0,2151410,1.0,1,1,1,5.0,,-1.0, -1,1953.0,A01,138Â 298Â 819,1.0,0.0,-1.0,1642888,2.0,7,,12.0,2.0,6.0,A01,138Â 298Â 819,1.0
962571,201900004102,7,9,09:00,1,1,1,1.0,7.0,94073,RD 86,M,"48,7607654","2,3996018",94,2019,90.0,1.0,1.0,3.0,2151411,1.0,1,4,1,1.0,,-1.0,0,1983.0,A01,138Â 298Â 817,2.0,6.0,-1.0,1642889,1.0,31,,0.0,2.0,8.0,A01,138Â 298Â 817,0.0
962572,201900004103,7,9,08:15,1,2,6,7.0,7.0,94028,POMPADOUR(ROUTE DE LA),M,"48,7692100","2,4616900",94,2019,50.0,1.0,1.0,2.0,2151412,7.0,2,4,2,1.0,,-1.0,0,1959.0,A01,138Â 298Â 816,8.0,0.0,-1.0,1642890,3.0,37,2.0,0.0,2.0,0.0,A01,138Â 298Â 816,1.0
962572,201900004103,7,9,08:15,1,2,6,7.0,7.0,94028,POMPADOUR(ROUTE DE LA),M,"48,7692100","2,4616900",94,2019,50.0,1.0,1.0,2.0,2151413,1.0,1,1,1,4.0,,-1.0,0,1989.0,A01,138Â 298Â 816,1.0,8.0,-1.0,1642890,3.0,37,2.0,0.0,2.0,0.0,A01,138Â 298Â 816,1.0
962573,201900004104,7,9,16:10,1,2,1,1.0,2.0,94022,VICTOR HUGO (AV),M,"48,7688174","2,4211282",94,2019,50.0,1.0,1.0,3.0,2151414,1.0,1,1,2,1.0,,-1.0, -1,1987.0,B01,138Â 298Â 814,1.0,0.0,-1.0,1642891,1.0,7,,0.0,2.0,6.0,B01,138Â 298Â 814,1.0
962573,201900004104,7,9,16:10,1,2,1,1.0,2.0,94022,VICTOR HUGO (AV),M,"48,7688174","2,4211282",94,2019,50.0,1.0,1.0,3.0,2151414,1.0,1,1,2,1.0,,-1.0, -1,1987.0,B01,138Â 298Â 814,1.0,0.0,-1.0,1642892,2.0,34,,0.0,2.0,1.0,A01,138Â 298Â 815,1.0
962573,201900004104,7,9,16:10,1,2,1,1.0,2.0,94022,VICTOR HUGO (AV),M,"48,7688174","2,4211282",94,2019,50.0,1.0,1.0,3.0,2151415,1.0,1,4,1,1.0,,-1.0, -1,1970.0,A01,138Â 298Â 815,2.0,6.0,-1.0,1642891,1.0,7,,0.0,2.0,6.0,B01,138Â 298Â 814,1.0
962573,201900004104,7,9,16:10,1,2,1,1.0,2.0,94022,VICTOR HUGO (AV),M,"48,7688174","2,4211282",94,2019,50.0,1.0,1.0,3.0,2151415,1.0,1,4,1,1.0,,-1.0, -1,1970.0,A01,138Â 298Â 815,2.0,6.0,-1.0,1642892,2.0,34,,0.0,2.0,1.0,A01,138Â 298Â 815,1.0
962574,201900004105,7,9,06:55,1,2,1,1.0,3.0,94018,CARRIERES (QU DES),M,"48,8178300","2,4191900",94,2019,50.0,1.0,1.0,3.0,2151416,1.0,1,4,1,1.0,,-1.0, -1,1999.0,A01,138Â 298Â 812,2.0,6.0,-1.0,1642893,1.0,30,,0.0,2.0,2.0,A01,138Â 298Â 812,1.0
962574,201900004105,7,9,06:55,1,2,1,1.0,3.0,94018,CARRIERES (QU DES),M,"48,8178300","2,4191900",94,2019,50.0,1.0,1.0,3.0,2151416,1.0,1,4,1,1.0,,-1.0, -1,1999.0,A01,138Â 298Â 812,2.0,6.0,-1.0,1642894,1.0,10,,0.0,2.0,8.0,B01,138Â 298Â 813,1.0
962574,201900004105,7,9,06:55,1,2,1,1.0,3.0,94018,CARRIERES (QU DES),M,"48,8178300","2,4191900",94,2019,50.0,1.0,1.0,3.0,2151417,1.0,1,1,1,1.0,,-1.0, -1,1991.0,B01,138Â 298Â 813,1.0,0.0,-1.0,1642893,1.0,30,,0.0,2.0,2.0,A01,138Â 298Â 812,1.0
962574,201900004105,7,9,06:55,1,2,1,1.0,3.0,94018,CARRIERES (QU DES),M,"48,8178300","2,4191900",94,2019,50.0,1.0,1.0,3.0,2151417,1.0,1,1,1,1.0,,-1.0, -1,1991.0,B01,138Â 298Â 813,1.0,0.0,-1.0,1642894,1.0,10,,0.0,2.0,8.0,B01,138Â 298Â 813,1.0
962575,201900004106,7,9,20:20,1,2,1,1.0,6.0,94002,RAYMOND JACLARD (R),M,"48,8049100","2,4218000",94,2019,50.0,1.0,1.0,4.0,2151418,1.0,1,4,1,5.0,,-1.0, -1,1993.0,A01,138Â 298Â 811,2.0,8.0,-1.0,1642895,1.0,33,,12.0,0.0,7.0,A01,138Â 298Â 811,1.0
962576,201900004107,7,9,18:30,1,2,1,1.0,5.0,93048,PARIS (RUE DE),M,"48,8572700","2,4305100",93,2019,30.0,1.0,1.0,3.0,2151419,10.0,3,4,1,0.0,,9.0,1,1989.0,Y01,138Â 298Â 807,0.0,0.0,-1.0,1642896,1.0,1,,0.0,2.0,1.0,Y01,138Â 298Â 807,5.0
962576,201900004107,7,9,18:30,1,2,1,1.0,5.0,93048,PARIS (RUE DE),M,"48,8572700","2,4305100",93,2019,30.0,1.0,1.0,3.0,2151419,10.0,3,4,1,0.0,,9.0,1,1989.0,Y01,138Â 298Â 807,0.0,0.0,-1.0,1642897,2.0,7,,0.0,1.0,3.0,C01,138Â 298Â 808,0.0
962576,201900004107,7,9,18:30,1,2,1,1.0,5.0,93048,PARIS (RUE DE),M,"48,8572700","2,4305100",93,2019,30.0,1.0,1.0,3.0,2151419,10.0,3,4,1,0.0,,9.0,1,1989.0,Y01,138Â 298Â 807,0.0,0.0,-1.0,1642898,1.0,7,,0.0,9.0,6.0,B01,138Â 298Â 809,0.0
962576,201900004107,7,9,18:30,1,2,1,1.0,5.0,93048,PARIS (RUE DE),M,"48,8572700","2,4305100",93,2019,30.0,1.0,1.0,3.0,2151419,10.0,3,4,1,0.0,,9.0,1,1989.0,Y01,138Â 298Â 807,0.0,0.0,-1.0,1642899,1.0,7,,0.0,0.0,0.0,A01,138Â 298Â 810,0.0
962576,201900004107,7,9,18:30,1,2,1,1.0,5.0,93048,PARIS (RUE DE),M,"48,8572700","2,4305100",93,2019,30.0,1.0,1.0,3.0,2151420,1.0,1,1,2,0.0,,-1.0, -1,1992.0,C01,138Â 298Â 808,1.0,0.0,-1.0,1642896,1.0,1,,0.0,2.0,1.0,Y01,138Â 298Â 807,5.0
962576,201900004107,7,9,18:30,1,2,1,1.0,5.0,93048,PARIS (RUE DE),M,"48,8572700","2,4305100",93,2019,30.0,1.0,1.0,3.0,2151420,1.0,1,1,2,0.0,,-1.0, -1,1992.0,C01,138Â 298Â 808,1.0,0.0,-1.0,1642897,2.0,7,,0.0,1.0,3.0,C01,138Â 298Â 808,0.0
962576,201900004107,7,9,18:30,1,2,1,1.0,5.0,93048,PARIS (RUE DE),M,"48,8572700","2,4305100",93,2019,30.0,1.0,1.0,3.0,2151420,1.0,1,1,2,0.0,,-1.0, -1,1992.0,C01,138Â 298Â 808,1.0,0.0,-1.0,1642898,1.0,7,,0.0,9.0,6.0,B01,138Â 298Â 809,0.0
962576,201900004107,7,9,18:30,1,2,1,1.0,5.0,93048,PARIS (RUE DE),M,"48,8572700","2,4305100",93,2019,30.0,1.0,1.0,3.0,2151420,1.0,1,1,2,0.0,,-1.0, -1,1992.0,C01,138Â 298Â 808,1.0,0.0,-1.0,1642899,1.0,7,,0.0,0.0,0.0,A01,138Â 298Â 810,0.0
962576,201900004107,7,9,18:30,1,2,1,1.0,5.0,93048,PARIS (RUE DE),M,"48,8572700","2,4305100",93,2019,30.0,1.0,1.0,3.0,2151421,1.0,1,1,1,0.0,,-1.0, -1,1989.0,B01,138Â 298Â 809,1.0,0.0,-1.0,1642896,1.0,1,,0.0,2.0,1.0,Y01,138Â 298Â 807,5.0
962576,201900004107,7,9,18:30,1,2,1,1.0,5.0,93048,PARIS (RUE DE),M,"48,8572700","2,4305100",93,2019,30.0,1.0,1.0,3.0,2151421,1.0,1,1,1,0.0,,-1.0, -1,1989.0,B01,138Â 298Â 809,1.0,0.0,-1.0,1642897,2.0,7,,0.0,1.0,3.0,C01,138Â 298Â 808,0.0
962576,201900004107,7,9,18:30,1,2,1,1.0,5.0,93048,PARIS (RUE DE),M,"48,8572700","2,4305100",93,2019,30.0,1.0,1.0,3.0,2151421,1.0,1,1,1,0.0,,-1.0, -1,1989.0,B01,138Â 298Â 809,1.0,0.0,-1.0,1642898,1.0,7,,0.0,9.0,6.0,B01,138Â 298Â 809,0.0
962576,201900004107,7,9,18:30,1,2,1,1.0,5.0,93048,PARIS (RUE DE),M,"48,8572700","2,4305100",93,2019,30.0,1.0,1.0,3.0,2151421,1.0,1,1,1,0.0,,-1.0, -1,1989.0,B01,138Â 298Â 809,1.0,0.0,-1.0,1642899,1.0,7,,0.0,0.0,0.0,A01,138Â 298Â 810,0.0
962576,201900004107,7,9,18:30,1,2,1,1.0,5.0,93048,PARIS (RUE DE),M,"48,8572700","2,4305100",93,2019,30.0,1.0,1.0,3.0,2151422,1.0,1,1,1,0.0,,-1.0, -1,2000.0,A01,138Â 298Â 810,1.0,0.0,-1.0,1642896,1.0,1,,0.0,2.0,1.0,Y01,138Â 298Â 807,5.0
962576,201900004107,7,9,18:30,1,2,1,1.0,5.0,93048,PARIS (RUE DE),M,"48,8572700","2,4305100",93,2019,30.0,1.0,1.0,3.0,2151422,1.0,1,1,1,0.0,,-1.0, -1,2000.0,A01,138Â 298Â 810,1.0,0.0,-1.0,1642897,2.0,7,,0.0,1.0,3.0,C01,138Â 298Â 808,0.0
962576,201900004107,7,9,18:30,1,2,1,1.0,5.0,93048,PARIS (RUE DE),M,"48,8572700","2,4305100",93,2019,30.0,1.0,1.0,3.0,2151422,1.0,1,1,1,0.0,,-1.0, -1,2000.0,A01,138Â 298Â 810,1.0,0.0,-1.0,1642898,1.0,7,,0.0,9.0,6.0,B01,138Â 298Â 809,0.0