Unnamed: 0_x,num_acc,mois,jour,hrmn,lum,agg,int,atm,col,com,adr,gps,lat,long,dep,annee,vma,situ,surf,catr,Unnamed: 0_y,place,catu,grav,sexe,trajet,secu,locp,actp,an_nais,num_veh_x,id_vehicule_x,secu1,secu2,secu3,Unnamed: 0,senc,catv,occutc,obs,obsm,choc,num_veh_y,id_vehicule_y,motor
962576,201900004107,7,9,18:30,1,2,1,1.0,5.0,93048,PARIS (RUE DE),M,"48,8572700","2,4305100",93,2019,30.0,1.0,1.0,3.0,2151422,1.0,1,1,1,0.0,,-1.0, -1,2000.0,A01,138Â 298Â 810,1.0,0.0,-1.0,1642899,1.0,7,,0.0,0.0,0.0,A01,138Â 298Â 810,0.0
962577,201900004108,7,8,22:00,5,2,2,1.0,3.0,93063,PARAT RUE DU DOCTEUR,M,"48,8933100","2,4374200",93,2019,50.0,1.0,1.0,4.0,2151423,1.0,1,4,1,5.0,,-1.0, -1,1972.0,B01,138Â 298Â 805,2.0,0.0,-1.0,1642900,2.0,32,,0.0,2.0,2.0,B01,138Â 298Â 805,0.0
962577,201900004108,7,8,22:00,5,2,2,1.0,3.0,93063,PARAT RUE DU DOCTEUR,M,"48,8933100","2,4374200",93,2019,50.0,1.0,1.0,4.0,2151423,1.0,1,4,1,5.0,,-1.0, -1,1972.0,B01,138Â 298Â 805,2.0,0.0,-1.0,1642901,2.0,7,,0.0,2.0,6.0,A01,138Â 298Â 806,1.0
962577,201900004108,7,8,22:00,5,2,2,1.0,3.0,93063,PARAT RUE DU DOCTEUR,M,"48,8933100","2,4374200",93,2019,50.0,1.0,1.0,4.0,2151424,1.0,1,1,2,5.0,,-1.0, -1,1996.0,A01,138Â 298Â 806,1.0,0.0,-1.0,1642900,2.0,32,,0.0,2.0,2.0,B01,138Â 298Â 805,0.0
962577,201900004108,7,8,22:00,5,2,2,1.0,3.0,93063,PARAT RUE DU DOCTEUR,M,"48,8933100","2,4374200",93,2019,50.0,1.0,1.0,4.0,2151424,1.0,1,1,2,5.0,,-1.0, -1,1996.0,A01,138Â 298Â 806,1.0,0.0,-1.0,1642901,2.0,7,,0.0,2.0,6.0,A01,138Â 298Â 806,1.0
962578,201900004109,7,8,07:20,1,2,1,1.0,5.0,93079,JEAN BAPTISTE CLEMENT,M,"48,9540000","2,3382100",93,2019,50.0,1.0,1.0,4.0,2151425,1.0,1,1,2,0.0,,-1.0, -1,1959.0,C01,138Â 298Â 802,1.0,0.0,-1.0,1642902,1.0,7,,0.0,2.0,8.0,C01,138Â 298Â 802,1.0
962578,201900004109,7,8,07:20,1,2,1,1.0,5.0,93079,JEAN BAPTISTE CLEMENT,M,"48,9540000","2,3382100",93,2019,50.0,1.0,1.0,4.0,2151425,1.0,1,1,2,0.0,,-1.0, -1,1959.0,C01,138Â 298Â 802,1.0,0.0,-1.0,1642903,2.0,37,1.0,0.0,2.0,1.0,B01,138Â 298Â 803,1.0
962578,201900004109,7,8,07:20,1,2,1,1.0,5.0,93079,JEAN BAPTISTE CLEMENT,M,"48,9540000","2,3382100",93,2019,50.0,1.0,1.0,4.0,2151425,1.0,1,1,2,0.0,,-1.0, -1,1959.0,C01,138Â 298Â 802,1.0,0.0,-1.0,1642904,1.0,3,,0.0,2.0,1.0,A01,138Â 298Â 804,1.0
962578,201900004109,7,8,07:20,1,2,1,1.0,5.0,93079,JEAN BAPTISTE CLEMENT,M,"48,9540000","2,3382100",93,2019,50.0,1.0,1.0,4.0,2151426,1.0,1,1,1,4.0,,-1.0, -1,1987.0,B01,138Â 298Â 803,1.0,0.0,-1.0,1642902,1.0,7,,0.0,2.0,8.0,C01,138Â 298Â 802,1.0
962578,201900004109,7,8,07:20,1,2,1,1.0,5.0,93079,JEAN BAPTISTE CLEMENT,M,"48,9540000","2,3382100",93,2019,50.0,1.0,1.0,4.0,2151426,1.0,1,1,1,4.0,,-1.0, -1,1987.0,B01,138Â 298Â 803,1.0,0.0,-1.0,1642903,2.0,37,1.0,0.0,2.0,1.0,B01,138Â 298Â 803,1.0
962578,201900004109,7,8,07:20,1,2,1,1.0,5.0,93079,JEAN BAPTISTE CLEMENT,M,"48,9540000","2,3382100",93,2019,50.0,1.0,1.0,4.0,2151426,1.0,1,1,1,4.0,,-1.0, -1,1987.0,B01,138Â 298Â 803,1.0,0.0,-1.0,1642904,1.0,3,,0.0,2.0,1.0,A01,138Â 298Â 804,1.0
962578,201900004109,7,8,07:20,1,2,1,1.0,5.0,93079,JEAN BAPTISTE CLEMENT,M,"48,9540000","2,3382100",93,2019,50.0,1.0,1.0,4.0,2151427,1.0,1,4,2,0.0,,-1.0, -1,1985.0,A01,138Â 298Â 804,1.0,0.0,-1.0,1642902,1.0,7,,0.0,2.0,8.0,C01,138Â 298Â 802,1.0
962578,201900004109,7,8,07:20,1,2,1,1.0,5.0,93079,JEAN BAPTISTE CLEMENT,M,"48,9540000","2,3382100",93,2019,50.0,1.0,1.0,4.0,2151427,1.0,1,4,2,0.0,,-1.0, -1,1985.0,A01,138Â 298Â 804,1.0,0.0,-1.0,1642903,2.0,37,1.0,0.0,2.0,1.0,B01,138Â 298Â 803,1.0
962578,201900004109,7,8,07:20,1,2,1,1.0,5.0,93079,JEAN BAPTISTE CLEMENT,M,"48,9540000","2,3382100",93,2019,50.0,1.0,1.0,4.0,2151427,1.0,1,4,2,0.0,,-1.0, -1,1985.0,A01,138Â 298Â 804,1.0,0.0,-1.0,1642904,1.0,3,,0.0,2.0,1.0,A01,138Â 298Â 804,1.0
962579,201900004110,7,8,16:00,1,2,1,1.0,1.0,93027,ROCHET (RUE WALDECK),M,"48,9417200","2,4102000",93,2019,50.0,3.0,1.0,3.0,2151428,2.0,2,1,1,0.0,,-1.0, -1,2001.0,D01,138Â 298Â 800,1.0,0.0,-1.0,1642905,0.0,10,,0.0,2.0,1.0,D01,138Â 298Â 800,0.0
962579,201900004110,7,8,16:00,1,2,1,1.0,1.0,93027,ROCHET (RUE WALDECK),M,"48,9417200","2,4102000",93,2019,50.0,3.0,1.0,3.0,2151428,2.0,2,1,1,0.0,,-1.0, -1,2001.0,D01,138Â 298Â 800,1.0,0.0,-1.0,1642906,3.0,10,,0.0,2.0,1.0,A01,138Â 298Â 801,0.0
962579,201900004110,7,8,16:00,1,2,1,1.0,1.0,93027,ROCHET (RUE WALDECK),M,"48,9417200","2,4102000",93,2019,50.0,3.0,1.0,3.0,2151429,1.0,1,4,1,0.0,,0.0,0,1997.0,D01,138Â 298Â 800,1.0,-1.0,-1.0,1642905,0.0,10,,0.0,2.0,1.0,D01,138Â 298Â 800,0.0
962579,201900004110,7,8,16:00,1,2,1,1.0,1.0,93027,ROCHET (RUE WALDECK),M,"48,9417200","2,4102000",93,2019,50.0,3.0,1.0,3.0,2151429,1.0,1,4,1,0.0,,0.0,0,1997.0,D01,138Â 298Â 800,1.0,-1.0,-1.0,1642906,3.0,10,,0.0,2.0,1.0,A01,138Â 298Â 801,0.0
962579,201900004110,7,8,16:00,1,2,1,1.0,1.0,93027,ROCHET (RUE WALDECK),M,"48,9417200","2,4102000",93,2019,50.0,3.0,1.0,3.0,2151430,3.0,2,4,2,0.0,,-1.0, -1,2006.0,A01,138Â 298Â 801,1.0,0.0,-1.0,1642905,0.0,10,,0.0,2.0,1.0,D01,138Â 298Â 800,0.0
962579,201900004110,7,8,16:00,1,2,1,1.0,1.0,93027,ROCHET (RUE WALDECK),M,"48,9417200","2,4102000",93,2019,50.0,3.0,1.0,3.0,2151430,3.0,2,4,2,0.0,,-1.0, -1,2006.0,A01,138Â 298Â 801,1.0,0.0,-1.0,1642906,3.0,10,,0.0,2.0,1.0,A01,138Â 298Â 801,0.0
962579,201900004110,7,8,16:00,1,2,1,1.0,1.0,93027,ROCHET (RUE WALDECK),M,"48,9417200","2,4102000",93,2019,50.0,3.0,1.0,3.0,2151431,1.0,1,4,2,0.0,,-1.0, -1,1973.0,A01,138Â 298Â 801,8.0,0.0,-1.0,1642905,0.0,10,,0.0,2.0,1.0,D01,138Â 298Â 800,0.0
962579,201900004110,7,8,16:00,1,2,1,1.0,1.0,93027,ROCHET (RUE WALDECK),M,"48,9417200","2,4102000",93,2019,50.0,3.0,1.0,3.0,2151431,1.0,1,4,2,0.0,,-1.0, -1,1973.0,A01,138Â 298Â 801,8.0,0.0,-1.0,1642906,3.0,10,,0.0,2.0,1.0,A01,138Â 298Â 801,0.0
962579,201900004110,7,8,16:00,1,2,1,1.0,1.0,93027,ROCHET (RUE WALDECK),M,"48,9417200","2,4102000",93,2019,50.0,3.0,1.0,3.0,2151432,2.0,2,4,2,0.0,,-1.0, -1,2004.0,A01,138Â 298Â 801,1.0,0.0,-1.0,1642905,0.0,10,,0.0,2.0,1.0,D01,138Â 298Â 800,0.0
962579,201900004110,7,8,16:00,1,2,1,1.0,1.0,93027,ROCHET (RUE WALDECK),M,"48,9417200","2,4102000",93,2019,50.0,3.0,1.0,3.0,2151432,2.0,2,4,2,0.0,,-1.0, -1,2004.0,A01,138Â 298Â 801,1.0,0.0,-1.0,1642906,3.0,10,,0.0,2.0,1.0,A01,138Â 298Â 801,0.0
962580,201900004111,7,9,07:45,1,2,1,7.0,6.0,93008,VAILLANT COUTURIER (AVENUE PAUL),M,"48,9077280","2,4550775",93,2019,50.0,1.0,1.0,3.0,2151433,1.0,1,1,1,1.0,,-1.0, -1,1955.0,A01,138Â 298Â 799,1.0,0.0,-1.0,1642907,0.0,3,,0.0,1.0,1.0,A01,138Â 298Â 799,0.0
962580,201900004111,7,9,07:45,1,2,1,7.0,6.0,93008,VAILLANT COUTURIER (AVENUE PAUL),M,"48,9077280","2,4550775",93,2019,50.0,1.0,1.0,3.0,2151434,10.0,3,4,1,0.0,,3.0,4,1984.0,A01,138Â 298Â 799,8.0,0.0,-1.0,1642907,0.0,3,,0.0,1.0,1.0,A01,138Â 298Â 799,0.0
962581,201900004112,7,9,00:30,5,2,3,1.0,1.0,93007,BRUXELLES (AVENUE DE),M,"48,9307000","2,4784000",93,2019,50.0,3.0,1.0,3.0,2151435,1.0,1,4,1,0.0,,-1.0, -1,1954.0,B01,138Â 298Â 797,2.0,0.0,-1.0,1642908,3.0,1,,0.0,2.0,9.0,B01,138Â 298Â 797,5.0
962581,201900004112,7,9,00:30,5,2,3,1.0,1.0,93007,BRUXELLES (AVENUE DE),M,"48,9307000","2,4784000",93,2019,50.0,3.0,1.0,3.0,2151435,1.0,1,4,1,0.0,,-1.0, -1,1954.0,B01,138Â 298Â 797,2.0,0.0,-1.0,1642909,1.0,7,,0.0,2.0,3.0,A01,138Â 298Â 798,0.0
962581,201900004112,7,9,00:30,5,2,3,1.0,1.0,93007,BRUXELLES (AVENUE DE),M,"48,9307000","2,4784000",93,2019,50.0,3.0,1.0,3.0,2151436,1.0,1,1,1,5.0,,-1.0, -1,1995.0,A01,138Â 298Â 798,1.0,0.0,-1.0,1642908,3.0,1,,0.0,2.0,9.0,B01,138Â 298Â 797,5.0
962581,201900004112,7,9,00:30,5,2,3,1.0,1.0,93007,BRUXELLES (AVENUE DE),M,"48,9307000","2,4784000",93,2019,50.0,3.0,1.0,3.0,2151436,1.0,1,1,1,5.0,,-1.0, -1,1995.0,A01,138Â 298Â 798,1.0,0.0,-1.0,1642909,1.0,7,,0.0,2.0,3.0,A01,138Â 298Â 798,0.0
962582,201900004113,7,9,05:50,1,2,6,1.0,6.0,93005,DROITS DE LHOMME (CARREFOUR DES),M,"48,9455280","2,5096280",93,2019,50.0,1.0,1.0,3.0,2151437,1.0,1,4,1,1.0,,-1.0, -1,1979.0,B01,138Â 298Â 795,1.0,0.0,-1.0,1642910,2.0,7,,0.0,2.0,3.0,B01,138Â 298Â 795,1.0
962582,201900004113,7,9,05:50,1,2,6,1.0,6.0,93005,DROITS DE LHOMME (CARREFOUR DES),M,"48,9455280","2,5096280",93,2019,50.0,1.0,1.0,3.0,2151437,1.0,1,4,1,1.0,,-1.0, -1,1979.0,B01,138Â 298Â 795,1.0,0.0,-1.0,1642911,2.0,15,,0.0,2.0,2.0,A01,138Â 298Â 796,1.0
962582,201900004113,7,9,05:50,1,2,6,1.0,6.0,93005,DROITS DE LHOMME (CARREFOUR DES),M,"48,9455280","2,5096280",93,2019,50.0,1.0,1.0,3.0,2151438,1.0,1,1,1,4.0,,-1.0, -1,1962.0,A01,138Â 298Â 796,1.0,8.0,-1.0,1642910,2.0,7,,0.0,2.0,3.0,B01,138Â 298Â 795,1.0
962582,201900004113,7,9,05:50,1,2,6,1.0,6.0,93005,DROITS DE LHOMME (CARREFOUR DES),M,"48,9455280","2,5096280",93,2019,50.0,1.0,1.0,3.0,2151438,1.0,1,1,1,4.0,,-1.0, -1,1962.0,A01,138Â 298Â 796,1.0,8.0,-1.0,1642911,2.0,15,,0.0,2.0,2.0,A01,138Â 298Â 796,1.0
962583,201900004114,7,7,20:00,1,2,1,1.0,3.0,92072,GRANDE RUE,M,"48,8215264","2,2034948",92,2019,50.0,1.0,1.0,3.0,2151439,1.0,1,4,1,5.0,,-1.0,0,1980.0,B01,138Â 298Â 793,8.0,0.0,-1.0,1642912,3.0,1,,0.0,2.0,8.0,B01,138Â 298Â 793,5.0
962583,201900004114,7,7,20:00,1,2,1,1.0,3.0,92072,GRANDE RUE,M,"48,8215264","2,2034948",92,2019,50.0,1.0,1.0,3.0,2151439,1.0,1,4,1,5.0,,-1.0,0,1980.0,B01,138Â 298Â 793,8.0,0.0,-1.0,1642913,2.0,37,1.0,0.0,2.0,7.0,A01,138Â 298Â 794,1.0
962583,201900004114,7,7,20:00,1,2,1,1.0,3.0,92072,GRANDE RUE,M,"48,8215264","2,2034948",92,2019,50.0,1.0,1.0,3.0,2151440,1.0,1,1,1,4.0,,-1.0,0,1971.0,A01,138Â 298Â 794,8.0,0.0,-1.0,1642912,3.0,1,,0.0,2.0,8.0,B01,138Â 298Â 793,5.0
962583,201900004114,7,7,20:00,1,2,1,1.0,3.0,92072,GRANDE RUE,M,"48,8215264","2,2034948",92,2019,50.0,1.0,1.0,3.0,2151440,1.0,1,1,1,4.0,,-1.0,0,1971.0,A01,138Â 298Â 794,8.0,0.0,-1.0,1642913,2.0,37,1.0,0.0,2.0,7.0,A01,138Â 298Â 794,1.0
962584,201900004115,7,7,19:05,1,2,3,1.0,2.0,92063,RICHELIEU (BOULEVARD),M,"48,8705540","2,1842100",92,2019,50.0,1.0,1.0,3.0,2151441,1.0,1,1,1,5.0,,-1.0,0,1982.0,B01,138Â 298Â 791,1.0,8.0,-1.0,1642914,2.0,7,,0.0,2.0,5.0,B01,138Â 298Â 791,1.0
962584,201900004115,7,7,19:05,1,2,3,1.0,2.0,92063,RICHELIEU (BOULEVARD),M,"48,8705540","2,1842100",92,2019,50.0,1.0,1.0,3.0,2151441,1.0,1,1,1,5.0,,-1.0,0,1982.0,B01,138Â 298Â 791,1.0,8.0,-1.0,1642915,2.0,33,,0.0,2.0,1.0,A01,138Â 298Â 792,1.0
962584,201900004115,7,7,19:05,1,2,3,1.0,2.0,92063,RICHELIEU (BOULEVARD),M,"48,8705540","2,1842100",92,2019,50.0,1.0,1.0,3.0,2151442,1.0,1,4,1,5.0,,-1.0,0,1994.0,A01,138Â 298Â 792,2.0,8.0,-1.0,1642914,2.0,7,,0.0,2.0,5.0,B01,138Â 298Â 791,1.0
962584,201900004115,7,7,19:05,1,2,3,1.0,2.0,92063,RICHELIEU (BOULEVARD),M,"48,8705540","2,1842100",92,2019,50.0,1.0,1.0,3.0,2151442,1.0,1,4,1,5.0,,-1.0,0,1994.0,A01,138Â 298Â 792,2.0,8.0,-1.0,1642915,2.0,33,,0.0,2.0,1.0,A01,138Â 298Â 792,1.0
962585,201900004116,7,7,01:40,5,2,2,1.0,3.0,92063,SOLFERINO (BOULEVARD),M,"48,8763200","2,1857800",92,2019,50.0,1.0,1.0,3.0,2151443,1.0,1,4,1,4.0,,-1.0, -1,1984.0,B01,138Â 298Â 790,2.0,8.0,-1.0,1642916,2.0,7,,0.0,2.0,1.0,Z01,138Â 298Â 789,1.0
962585,201900004116,7,7,01:40,5,2,2,1.0,3.0,92063,SOLFERINO (BOULEVARD),M,"48,8763200","2,1857800",92,2019,50.0,1.0,1.0,3.0,2151443,1.0,1,4,1,4.0,,-1.0, -1,1984.0,B01,138Â 298Â 790,2.0,8.0,-1.0,1642917,1.0,2,,0.0,2.0,6.0,B01,138Â 298Â 790,1.0
962586,201900004117,7,6,15:10,1,2,2,1.0,3.0,92063,HOUTRAITS (RUE DES),M,"48,8697100","2,2053900",92,2019,50.0,1.0,1.0,4.0,2151444,1.0,1,4,1,4.0,,-1.0,0,1979.0,A01,138Â 298Â 787,2.0,8.0,-1.0,1642918,2.0,30,,0.0,2.0,1.0,A01,138Â 298Â 787,1.0
962586,201900004117,7,6,15:10,1,2,2,1.0,3.0,92063,HOUTRAITS (RUE DES),M,"48,8697100","2,2053900",92,2019,50.0,1.0,1.0,4.0,2151444,1.0,1,4,1,4.0,,-1.0,0,1979.0,A01,138Â 298Â 787,2.0,8.0,-1.0,1642919,1.0,7,,0.0,2.0,5.0,B01,138Â 298Â 788,1.0
962586,201900004117,7,6,15:10,1,2,2,1.0,3.0,92063,HOUTRAITS (RUE DES),M,"48,8697100","2,2053900",92,2019,50.0,1.0,1.0,4.0,2151445,1.0,1,1,1,5.0,,-1.0,0,1978.0,B01,138Â 298Â 788,1.0,8.0,-1.0,1642918,2.0,30,,0.0,2.0,1.0,A01,138Â 298Â 787,1.0
962586,201900004117,7,6,15:10,1,2,2,1.0,3.0,92063,HOUTRAITS (RUE DES),M,"48,8697100","2,2053900",92,2019,50.0,1.0,1.0,4.0,2151445,1.0,1,1,1,5.0,,-1.0,0,1978.0,B01,138Â 298Â 788,1.0,8.0,-1.0,1642919,1.0,7,,0.0,2.0,5.0,B01,138Â 298Â 788,1.0
962587,201900004118,7,7,20:05,1,2,4,1.0,6.0,92044,TREZEL(RUE) 1A13 ET 2A10,M,"48,8943606","2,2956479",92,2019,50.0,1.0,1.0,4.0,2151446,10.0,3,4,2,0.0,,3.0,3,1979.0,A01,138Â 298Â 786,8.0,0.0,-1.0,1642920,1.0,7,,0.0,1.0,3.0,A01,138Â 298Â 786,1.0
962587,201900004118,7,7,20:05,1,2,4,1.0,6.0,92044,TREZEL(RUE) 1A13 ET 2A10,M,"48,8943606","2,2956479",92,2019,50.0,1.0,1.0,4.0,2151447,1.0,1,1,1,4.0,,0.0,0,1995.0,A01,138Â 298Â 786,8.0,0.0,-1.0,1642920,1.0,7,,0.0,1.0,3.0,A01,138Â 298Â 786,1.0
962588,201900004119,7,9,08:45,1,2,1,1.0,3.0,92040,STALINGRAD (QUAI DE),M,"48,8200180","2,2433608",92,2019,50.0,1.0,1.0,3.0,2151448,1.0,1,4,2,0.0,,-1.0,0,1966.0,B01,138Â 298Â 784,2.0,0.0,-1.0,1642921,3.0,1,,0.0,0.0,7.0,B01,138Â 298Â 784,5.0
962588,201900004119,7,9,08:45,1,2,1,1.0,3.0,92040,STALINGRAD (QUAI DE),M,"48,8200180","2,2433608",92,2019,50.0,1.0,1.0,3.0,2151448,1.0,1,4,2,0.0,,-1.0,0,1966.0,B01,138Â 298Â 784,2.0,0.0,-1.0,1642922,3.0,7,,0.0,2.0,1.0,A01,138Â 298Â 785,0.0
962588,201900004119,7,9,08:45,1,2,1,1.0,3.0,92040,STALINGRAD (QUAI DE),M,"48,8200180","2,2433608",92,2019,50.0,1.0,1.0,3.0,2151449,1.0,1,1,2,1.0,,-1.0,0,1980.0,A01,138Â 298Â 785,1.0,0.0,-1.0,1642921,3.0,1,,0.0,0.0,7.0,B01,138Â 298Â 784,5.0
962588,201900004119,7,9,08:45,1,2,1,1.0,3.0,92040,STALINGRAD (QUAI DE),M,"48,8200180","2,2433608",92,2019,50.0,1.0,1.0,3.0,2151449,1.0,1,1,2,1.0,,-1.0,0,1980.0,A01,138Â 298Â 785,1.0,0.0,-1.0,1642922,3.0,7,,0.0,2.0,1.0,A01,138Â 298Â 785,0.0
962589,201900004120,7,8,17:00,1,2,2,1.0,3.0,92025,CHARLES DE GAULLE (BD),M,"48,9104167","2,2347146",92,2019,50.0,1.0,1.0,3.0,2151450,1.0,1,1,1,4.0,,-1.0,0,1980.0,A01,138Â 298Â 782,1.0,0.0,-1.0,1642923,3.0,7,,0.0,2.0,2.0,A01,138Â 298Â 782,1.0
962589,201900004120,7,8,17:00,1,2,2,1.0,3.0,92025,CHARLES DE GAULLE (BD),M,"48,9104167","2,2347146",92,2019,50.0,1.0,1.0,3.0,2151450,1.0,1,1,1,4.0,,-1.0,0,1980.0,A01,138Â 298Â 782,1.0,0.0,-1.0,1642924,3.0,34,,0.0,2.0,3.0,B01,138Â 298Â 783,0.0
962589,201900004120,7,8,17:00,1,2,2,1.0,3.0,92025,CHARLES DE GAULLE (BD),M,"48,9104167","2,2347146",92,2019,50.0,1.0,1.0,3.0,2151451,1.0,1,4,1,0.0,,-1.0,0,1971.0,B01,138Â 298Â 783,2.0,6.0,-1.0,1642923,3.0,7,,0.0,2.0,2.0,A01,138Â 298Â 782,1.0
962589,201900004120,7,8,17:00,1,2,2,1.0,3.0,92025,CHARLES DE GAULLE (BD),M,"48,9104167","2,2347146",92,2019,50.0,1.0,1.0,3.0,2151451,1.0,1,4,1,0.0,,-1.0,0,1971.0,B01,138Â 298Â 783,2.0,6.0,-1.0,1642924,3.0,34,,0.0,2.0,3.0,B01,138Â 298Â 783,0.0
962590,201900004121,7,3,17:00,1,2,1,1.0,2.0,92004,LAURENT-CELY  ( AVENUE ),M,"48,9136400","2,3106004",92,2019,50.0,1.0,1.0,3.0,2151452,1.0,1,4,1,0.0,,-1.0,0,1964.0,B01,138Â 298Â 780,2.0,8.0,-1.0,1642925,3.0,33,,0.0,2.0,1.0,B01,138Â 298Â 780,1.0
962590,201900004121,7,3,17:00,1,2,1,1.0,2.0,92004,LAURENT-CELY  ( AVENUE ),M,"48,9136400","2,3106004",92,2019,50.0,1.0,1.0,3.0,2151452,1.0,1,4,1,0.0,,-1.0,0,1964.0,B01,138Â 298Â 780,2.0,8.0,-1.0,1642926,3.0,10,,0.0,2.0,6.0,A01,138Â 298Â 781,1.0
962590,201900004121,7,3,17:00,1,2,1,1.0,2.0,92004,LAURENT-CELY  ( AVENUE ),M,"48,9136400","2,3106004",92,2019,50.0,1.0,1.0,3.0,2151453,1.0,1,1,1,4.0,,-1.0,0,1972.0,A01,138Â 298Â 781,1.0,8.0,-1.0,1642925,3.0,33,,0.0,2.0,1.0,B01,138Â 298Â 780,1.0
962590,201900004121,7,3,17:00,1,2,1,1.0,2.0,92004,LAURENT-CELY  ( AVENUE ),M,"48,9136400","2,3106004",92,2019,50.0,1.0,1.0,3.0,2151453,1.0,1,1,1,4.0,,-1.0,0,1972.0,A01,138Â 298Â 781,1.0,8.0,-1.0,1642926,3.0,10,,0.0,2.0,6.0,A01,138Â 298Â 781,1.0
962591,201900004122,7,1,09:20,1,2,2,1.0,3.0,92004,GABRIEL PERI,M,"48,9048378","2,2876346",92,2019,50.0,1.0,1.0,3.0,2151454,1.0,1,3,1,1.0,,-1.0,0,1982.0,B01,138Â 298Â 778,2.0,8.0,-1.0,1642927,3.0,32,,0.0,2.0,2.0,B01,138Â 298Â 778,1.0
962591,201900004122,7,1,09:20,1,2,2,1.0,3.0,92004,GABRIEL PERI,M,"48,9048378","2,2876346",92,2019,50.0,1.0,1.0,3.0,2151454,1.0,1,3,1,1.0,,-1.0,0,1982.0,B01,138Â 298Â 778,2.0,8.0,-1.0,1642928,3.0,10,,0.0,2.0,3.0,A01,138Â 298Â 779,1.0
962591,201900004122,7,1,09:20,1,2,2,1.0,3.0,92004,GABRIEL PERI,M,"48,9048378","2,2876346",92,2019,50.0,1.0,1.0,3.0,2151455,1.0,1,1,1,4.0,,-1.0,0,1961.0,A01,138Â 298Â 779,1.0,8.0,-1.0,1642927,3.0,32,,0.0,2.0,2.0,B01,138Â 298Â 778,1.0
962591,201900004122,7,1,09:20,1,2,2,1.0,3.0,92004,GABRIEL PERI,M,"48,9048378","2,2876346",92,2019,50.0,1.0,1.0,3.0,2151455,1.0,1,1,1,4.0,,-1.0,0,1961.0,A01,138Â 298Â 779,1.0,8.0,-1.0,1642928,3.0,10,,0.0,2.0,3.0,A01,138Â 298Â 779,1.0
962592,201900004123,6,29,19:40,1,2,1,1.0,6.0,92004,DOCTEUR DERVAUX  ( QUAI DU ),M,"48,9067823","2,2909952",92,2019,50.0,1.0,1.0,3.0,2151456,10.0,3,4,2,5.0,,1.0,3,1967.0,A01,138Â 298Â 777,8.0,0.0,-1.0,1642929,3.0,31,,0.0,1.0,1.0,A01,138Â 298Â 777,3.0
962592,201900004123,6,29,19:40,1,2,1,1.0,6.0,92004,DOCTEUR DERVAUX  ( QUAI DU ),M,"48,9067823","2,2909952",92,2019,50.0,1.0,1.0,3.0,2151457,1.0,1,1,1,5.0,,-1.0,0,1970.0,A01,138Â 298Â 777,2.0,8.0,-1.0,1642929,3.0,31,,0.0,1.0,1.0,A01,138Â 298Â 777,3.0
962593,201900004124,7,5,10:30,1,2,1,1.0,6.0,92009,VICTOR HUGO ( RUE ),M,"48,9195100","2,2672300",92,2019,50.0,3.0,2.0,4.0,2151458,1.0,1,4,2,1.0,,-1.0,0,1974.0,A01,138Â 298Â 773,2.0,0.0,-1.0,1642930,1.0,1,,0.0,0.0,0.0,A01,138Â 298Â 773,5.0
962593,201900004124,7,5,10:30,1,2,1,1.0,6.0,92009,VICTOR HUGO ( RUE ),M,"48,9195100","2,2672300",92,2019,50.0,3.0,2.0,4.0,2151458,1.0,1,4,2,1.0,,-1.0,0,1974.0,A01,138Â 298Â 773,2.0,0.0,-1.0,1642931,0.0,7,,0.0,2.0,0.0,B01,138Â 298Â 774,-1.0
962593,201900004124,7,5,10:30,1,2,1,1.0,6.0,92009,VICTOR HUGO ( RUE ),M,"48,9195100","2,2672300",92,2019,50.0,3.0,2.0,4.0,2151459,1.0,1,1,2,1.0,,-1.0,0,1954.0,B01,138Â 298Â 774,1.0,8.0,-1.0,1642930,1.0,1,,0.0,0.0,0.0,A01,138Â 298Â 773,5.0
962593,201900004124,7,5,10:30,1,2,1,1.0,6.0,92009,VICTOR HUGO ( RUE ),M,"48,9195100","2,2672300",92,2019,50.0,3.0,2.0,4.0,2151459,1.0,1,1,2,1.0,,-1.0,0,1954.0,B01,138Â 298Â 774,1.0,8.0,-1.0,1642931,0.0,7,,0.0,2.0,0.0,B01,138Â 298Â 774,-1.0
962594,201900004125,7,3,15:10,1,2,3,1.0,3.0,92004,GRESILLONS ( AVENUE DES  ),M,"48,9132840","2,2979310",92,2019,50.0,1.0,1.0,3.0,2151460,1.0,1,1,1,4.0,,-1.0,0,1997.0,A01,138Â 298Â 771,1.0,8.0,-1.0,1642932,1.0,10,,0.0,6.0,1.0,A01,138Â 298Â 771,1.0
962594,201900004125,7,3,15:10,1,2,3,1.0,3.0,92004,GRESILLONS ( AVENUE DES  ),M,"48,9132840","2,2979310",92,2019,50.0,1.0,1.0,3.0,2151460,1.0,1,1,1,4.0,,-1.0,0,1997.0,A01,138Â 298Â 771,1.0,8.0,-1.0,1642933,2.0,50,,0.0,2.0,8.0,B01,138Â 298Â 772,3.0
962594,201900004125,7,3,15:10,1,2,3,1.0,3.0,92004,GRESILLONS ( AVENUE DES  ),M,"48,9132840","2,2979310",92,2019,50.0,1.0,1.0,3.0,2151461,1.0,1,4,1,1.0,,-1.0,0,1972.0,B01,138Â 298Â 772,8.0,0.0,-1.0,1642932,1.0,10,,0.0,6.0,1.0,A01,138Â 298Â 771,1.0
962594,201900004125,7,3,15:10,1,2,3,1.0,3.0,92004,GRESILLONS ( AVENUE DES  ),M,"48,9132840","2,2979310",92,2019,50.0,1.0,1.0,3.0,2151461,1.0,1,4,1,1.0,,-1.0,0,1972.0,B01,138Â 298Â 772,8.0,0.0,-1.0,1642933,2.0,50,,0.0,2.0,8.0,B01,138Â 298Â 772,3.0