Unnamed: 0_x,num_acc,mois,jour,hrmn,lum,agg,int,atm,col,com,adr,gps,lat,long,dep,annee,vma,situ,surf,catr,Unnamed: 0_y,place,catu,grav,sexe,trajet,secu,locp,actp,an_nais,num_veh_x,id_vehicule_x,secu1,secu2,secu3,Unnamed: 0,senc,catv,occutc,obs,obsm,choc,num_veh_y,id_vehicule_y,motor
962595,201900004126,7,9,18:00,1,1,2,1.0,3.0,62812,lieu dit la croix,M,"50,6199120","2,0562390",62,2019,80.0,1.0,1.0,3.0,2151462,1.0,1,4,1,9.0,,0.0,0,1990.0,A01,138Â 298Â 769,1.0,-1.0,-1.0,1642934,2.0,7,,0.0,2.0,1.0,A01,138Â 298Â 769,6.0
962595,201900004126,7,9,18:00,1,1,2,1.0,3.0,62812,lieu dit la croix,M,"50,6199120","2,0562390",62,2019,80.0,1.0,1.0,3.0,2151462,1.0,1,4,1,9.0,,0.0,0,1990.0,A01,138Â 298Â 769,1.0,-1.0,-1.0,1642935,1.0,7,,0.0,0.0,3.0,B01,138Â 298Â 770,6.0
962595,201900004126,7,9,18:00,1,1,2,1.0,3.0,62812,lieu dit la croix,M,"50,6199120","2,0562390",62,2019,80.0,1.0,1.0,3.0,2151463,9.0,2,1,1,0.0,,0.0,0,2008.0,B01,138Â 298Â 770,1.0,-1.0,-1.0,1642934,2.0,7,,0.0,2.0,1.0,A01,138Â 298Â 769,6.0
962595,201900004126,7,9,18:00,1,1,2,1.0,3.0,62812,lieu dit la croix,M,"50,6199120","2,0562390",62,2019,80.0,1.0,1.0,3.0,2151463,9.0,2,1,1,0.0,,0.0,0,2008.0,B01,138Â 298Â 770,1.0,-1.0,-1.0,1642935,1.0,7,,0.0,0.0,3.0,B01,138Â 298Â 770,6.0
962595,201900004126,7,9,18:00,1,1,2,1.0,3.0,62812,lieu dit la croix,M,"50,6199120","2,0562390",62,2019,80.0,1.0,1.0,3.0,2151464,1.0,1,3,2,0.0,,0.0,0,1982.0,B01,138Â 298Â 770,1.0,-1.0,-1.0,1642934,2.0,7,,0.0,2.0,1.0,A01,138Â 298Â 769,6.0
962595,201900004126,7,9,18:00,1,1,2,1.0,3.0,62812,lieu dit la croix,M,"50,6199120","2,0562390",62,2019,80.0,1.0,1.0,3.0,2151464,1.0,1,3,2,0.0,,0.0,0,1982.0,B01,138Â 298Â 770,1.0,-1.0,-1.0,1642935,1.0,7,,0.0,0.0,3.0,B01,138Â 298Â 770,6.0
962596,201900004127,7,10,14:00,1,1,9,1.0,2.0,95094,route de bouqueval,M,"49,0225270","2,4156250",95,2019,50.0,1.0,8.0,4.0,2151465,1.0,1,4,1,5.0,,0.0,0,1981.0,B01,138Â 298Â 767,2.0,6.0,-1.0,1642936,3.0,33,,1.0,0.0,3.0,B01,138Â 298Â 767,1.0
962596,201900004127,7,10,14:00,1,1,9,1.0,2.0,95094,route de bouqueval,M,"49,0225270","2,4156250",95,2019,50.0,1.0,8.0,4.0,2151465,1.0,1,4,1,5.0,,0.0,0,1981.0,B01,138Â 298Â 767,2.0,6.0,-1.0,1642937,3.0,10,,0.0,0.0,4.0,A01,138Â 298Â 768,1.0
962596,201900004127,7,10,14:00,1,1,9,1.0,2.0,95094,route de bouqueval,M,"49,0225270","2,4156250",95,2019,50.0,1.0,8.0,4.0,2151466,1.0,1,1,1,4.0,,0.0,0,1977.0,A01,138Â 298Â 768,8.0,-1.0,-1.0,1642936,3.0,33,,1.0,0.0,3.0,B01,138Â 298Â 767,1.0
962596,201900004127,7,10,14:00,1,1,9,1.0,2.0,95094,route de bouqueval,M,"49,0225270","2,4156250",95,2019,50.0,1.0,8.0,4.0,2151466,1.0,1,1,1,4.0,,0.0,0,1977.0,A01,138Â 298Â 768,8.0,-1.0,-1.0,1642937,3.0,10,,0.0,0.0,4.0,A01,138Â 298Â 768,1.0
962597,201900004128,7,9,22:35,3,1,1,1.0,4.0,66164,autoroute A9 PK 241+400,M,"42,7785910","2,8945400",66,2019,130.0,1.0,1.0,1.0,2151467,1.0,1,1,1,5.0,,0.0,0,1986.0,A01,138Â 298Â 762,1.0,-1.0,-1.0,1642938,2.0,7,,4.0,0.0,6.0,A01,138Â 298Â 762,1.0
962597,201900004128,7,9,22:35,3,1,1,1.0,4.0,66164,autoroute A9 PK 241+400,M,"42,7785910","2,8945400",66,2019,130.0,1.0,1.0,1.0,2151467,1.0,1,1,1,5.0,,0.0,0,1986.0,A01,138Â 298Â 762,1.0,-1.0,-1.0,1642939,2.0,15,,0.0,2.0,4.0,E01,138Â 298Â 763,1.0
962597,201900004128,7,9,22:35,3,1,1,1.0,4.0,66164,autoroute A9 PK 241+400,M,"42,7785910","2,8945400",66,2019,130.0,1.0,1.0,1.0,2151467,1.0,1,1,1,5.0,,0.0,0,1986.0,A01,138Â 298Â 762,1.0,-1.0,-1.0,1642940,2.0,15,,0.0,2.0,1.0,D01,138Â 298Â 764,1.0
962597,201900004128,7,9,22:35,3,1,1,1.0,4.0,66164,autoroute A9 PK 241+400,M,"42,7785910","2,8945400",66,2019,130.0,1.0,1.0,1.0,2151467,1.0,1,1,1,5.0,,0.0,0,1986.0,A01,138Â 298Â 762,1.0,-1.0,-1.0,1642941,2.0,7,,0.0,2.0,1.0,C01,138Â 298Â 765,1.0
962597,201900004128,7,9,22:35,3,1,1,1.0,4.0,66164,autoroute A9 PK 241+400,M,"42,7785910","2,8945400",66,2019,130.0,1.0,1.0,1.0,2151467,1.0,1,1,1,5.0,,0.0,0,1986.0,A01,138Â 298Â 762,1.0,-1.0,-1.0,1642942,2.0,7,,0.0,2.0,1.0,B01,138Â 298Â 766,1.0
962597,201900004128,7,9,22:35,3,1,1,1.0,4.0,66164,autoroute A9 PK 241+400,M,"42,7785910","2,8945400",66,2019,130.0,1.0,1.0,1.0,2151468,1.0,1,1,1,4.0,,0.0,0,1976.0,E01,138Â 298Â 763,1.0,-1.0,-1.0,1642938,2.0,7,,4.0,0.0,6.0,A01,138Â 298Â 762,1.0
962597,201900004128,7,9,22:35,3,1,1,1.0,4.0,66164,autoroute A9 PK 241+400,M,"42,7785910","2,8945400",66,2019,130.0,1.0,1.0,1.0,2151468,1.0,1,1,1,4.0,,0.0,0,1976.0,E01,138Â 298Â 763,1.0,-1.0,-1.0,1642939,2.0,15,,0.0,2.0,4.0,E01,138Â 298Â 763,1.0
962597,201900004128,7,9,22:35,3,1,1,1.0,4.0,66164,autoroute A9 PK 241+400,M,"42,7785910","2,8945400",66,2019,130.0,1.0,1.0,1.0,2151468,1.0,1,1,1,4.0,,0.0,0,1976.0,E01,138Â 298Â 763,1.0,-1.0,-1.0,1642940,2.0,15,,0.0,2.0,1.0,D01,138Â 298Â 764,1.0
962597,201900004128,7,9,22:35,3,1,1,1.0,4.0,66164,autoroute A9 PK 241+400,M,"42,7785910","2,8945400",66,2019,130.0,1.0,1.0,1.0,2151468,1.0,1,1,1,4.0,,0.0,0,1976.0,E01,138Â 298Â 763,1.0,-1.0,-1.0,1642941,2.0,7,,0.0,2.0,1.0,C01,138Â 298Â 765,1.0
962597,201900004128,7,9,22:35,3,1,1,1.0,4.0,66164,autoroute A9 PK 241+400,M,"42,7785910","2,8945400",66,2019,130.0,1.0,1.0,1.0,2151468,1.0,1,1,1,4.0,,0.0,0,1976.0,E01,138Â 298Â 763,1.0,-1.0,-1.0,1642942,2.0,7,,0.0,2.0,1.0,B01,138Â 298Â 766,1.0
962597,201900004128,7,9,22:35,3,1,1,1.0,4.0,66164,autoroute A9 PK 241+400,M,"42,7785910","2,8945400",66,2019,130.0,1.0,1.0,1.0,2151469,1.0,1,1,1,4.0,,0.0,0,1981.0,D01,138Â 298Â 764,1.0,-1.0,-1.0,1642938,2.0,7,,4.0,0.0,6.0,A01,138Â 298Â 762,1.0
962597,201900004128,7,9,22:35,3,1,1,1.0,4.0,66164,autoroute A9 PK 241+400,M,"42,7785910","2,8945400",66,2019,130.0,1.0,1.0,1.0,2151469,1.0,1,1,1,4.0,,0.0,0,1981.0,D01,138Â 298Â 764,1.0,-1.0,-1.0,1642939,2.0,15,,0.0,2.0,4.0,E01,138Â 298Â 763,1.0
962597,201900004128,7,9,22:35,3,1,1,1.0,4.0,66164,autoroute A9 PK 241+400,M,"42,7785910","2,8945400",66,2019,130.0,1.0,1.0,1.0,2151469,1.0,1,1,1,4.0,,0.0,0,1981.0,D01,138Â 298Â 764,1.0,-1.0,-1.0,1642940,2.0,15,,0.0,2.0,1.0,D01,138Â 298Â 764,1.0
962597,201900004128,7,9,22:35,3,1,1,1.0,4.0,66164,autoroute A9 PK 241+400,M,"42,7785910","2,8945400",66,2019,130.0,1.0,1.0,1.0,2151469,1.0,1,1,1,4.0,,0.0,0,1981.0,D01,138Â 298Â 764,1.0,-1.0,-1.0,1642941,2.0,7,,0.0,2.0,1.0,C01,138Â 298Â 765,1.0
962597,201900004128,7,9,22:35,3,1,1,1.0,4.0,66164,autoroute A9 PK 241+400,M,"42,7785910","2,8945400",66,2019,130.0,1.0,1.0,1.0,2151469,1.0,1,1,1,4.0,,0.0,0,1981.0,D01,138Â 298Â 764,1.0,-1.0,-1.0,1642942,2.0,7,,0.0,2.0,1.0,B01,138Â 298Â 766,1.0
962597,201900004128,7,9,22:35,3,1,1,1.0,4.0,66164,autoroute A9 PK 241+400,M,"42,7785910","2,8945400",66,2019,130.0,1.0,1.0,1.0,2151470,2.0,2,3,1,1.0,,0.0,0,1982.0,C01,138Â 298Â 765,1.0,-1.0,-1.0,1642938,2.0,7,,4.0,0.0,6.0,A01,138Â 298Â 762,1.0
962597,201900004128,7,9,22:35,3,1,1,1.0,4.0,66164,autoroute A9 PK 241+400,M,"42,7785910","2,8945400",66,2019,130.0,1.0,1.0,1.0,2151470,2.0,2,3,1,1.0,,0.0,0,1982.0,C01,138Â 298Â 765,1.0,-1.0,-1.0,1642939,2.0,15,,0.0,2.0,4.0,E01,138Â 298Â 763,1.0
962597,201900004128,7,9,22:35,3,1,1,1.0,4.0,66164,autoroute A9 PK 241+400,M,"42,7785910","2,8945400",66,2019,130.0,1.0,1.0,1.0,2151470,2.0,2,3,1,1.0,,0.0,0,1982.0,C01,138Â 298Â 765,1.0,-1.0,-1.0,1642940,2.0,15,,0.0,2.0,1.0,D01,138Â 298Â 764,1.0
962597,201900004128,7,9,22:35,3,1,1,1.0,4.0,66164,autoroute A9 PK 241+400,M,"42,7785910","2,8945400",66,2019,130.0,1.0,1.0,1.0,2151470,2.0,2,3,1,1.0,,0.0,0,1982.0,C01,138Â 298Â 765,1.0,-1.0,-1.0,1642941,2.0,7,,0.0,2.0,1.0,C01,138Â 298Â 765,1.0
962597,201900004128,7,9,22:35,3,1,1,1.0,4.0,66164,autoroute A9 PK 241+400,M,"42,7785910","2,8945400",66,2019,130.0,1.0,1.0,1.0,2151470,2.0,2,3,1,1.0,,0.0,0,1982.0,C01,138Â 298Â 765,1.0,-1.0,-1.0,1642942,2.0,7,,0.0,2.0,1.0,B01,138Â 298Â 766,1.0
962597,201900004128,7,9,22:35,3,1,1,1.0,4.0,66164,autoroute A9 PK 241+400,M,"42,7785910","2,8945400",66,2019,130.0,1.0,1.0,1.0,2151471,1.0,1,3,2,1.0,,0.0,0,1967.0,C01,138Â 298Â 765,1.0,-1.0,-1.0,1642938,2.0,7,,4.0,0.0,6.0,A01,138Â 298Â 762,1.0
962597,201900004128,7,9,22:35,3,1,1,1.0,4.0,66164,autoroute A9 PK 241+400,M,"42,7785910","2,8945400",66,2019,130.0,1.0,1.0,1.0,2151471,1.0,1,3,2,1.0,,0.0,0,1967.0,C01,138Â 298Â 765,1.0,-1.0,-1.0,1642939,2.0,15,,0.0,2.0,4.0,E01,138Â 298Â 763,1.0
962597,201900004128,7,9,22:35,3,1,1,1.0,4.0,66164,autoroute A9 PK 241+400,M,"42,7785910","2,8945400",66,2019,130.0,1.0,1.0,1.0,2151471,1.0,1,3,2,1.0,,0.0,0,1967.0,C01,138Â 298Â 765,1.0,-1.0,-1.0,1642940,2.0,15,,0.0,2.0,1.0,D01,138Â 298Â 764,1.0
962597,201900004128,7,9,22:35,3,1,1,1.0,4.0,66164,autoroute A9 PK 241+400,M,"42,7785910","2,8945400",66,2019,130.0,1.0,1.0,1.0,2151471,1.0,1,3,2,1.0,,0.0,0,1967.0,C01,138Â 298Â 765,1.0,-1.0,-1.0,1642941,2.0,7,,0.0,2.0,1.0,C01,138Â 298Â 765,1.0
962597,201900004128,7,9,22:35,3,1,1,1.0,4.0,66164,autoroute A9 PK 241+400,M,"42,7785910","2,8945400",66,2019,130.0,1.0,1.0,1.0,2151471,1.0,1,3,2,1.0,,0.0,0,1967.0,C01,138Â 298Â 765,1.0,-1.0,-1.0,1642942,2.0,7,,0.0,2.0,1.0,B01,138Â 298Â 766,1.0
962597,201900004128,7,9,22:35,3,1,1,1.0,4.0,66164,autoroute A9 PK 241+400,M,"42,7785910","2,8945400",66,2019,130.0,1.0,1.0,1.0,2151472,2.0,2,4,2,5.0,,0.0,0,1957.0,B01,138Â 298Â 766,1.0,-1.0,-1.0,1642938,2.0,7,,4.0,0.0,6.0,A01,138Â 298Â 762,1.0
962597,201900004128,7,9,22:35,3,1,1,1.0,4.0,66164,autoroute A9 PK 241+400,M,"42,7785910","2,8945400",66,2019,130.0,1.0,1.0,1.0,2151472,2.0,2,4,2,5.0,,0.0,0,1957.0,B01,138Â 298Â 766,1.0,-1.0,-1.0,1642939,2.0,15,,0.0,2.0,4.0,E01,138Â 298Â 763,1.0
962597,201900004128,7,9,22:35,3,1,1,1.0,4.0,66164,autoroute A9 PK 241+400,M,"42,7785910","2,8945400",66,2019,130.0,1.0,1.0,1.0,2151472,2.0,2,4,2,5.0,,0.0,0,1957.0,B01,138Â 298Â 766,1.0,-1.0,-1.0,1642940,2.0,15,,0.0,2.0,1.0,D01,138Â 298Â 764,1.0
962597,201900004128,7,9,22:35,3,1,1,1.0,4.0,66164,autoroute A9 PK 241+400,M,"42,7785910","2,8945400",66,2019,130.0,1.0,1.0,1.0,2151472,2.0,2,4,2,5.0,,0.0,0,1957.0,B01,138Â 298Â 766,1.0,-1.0,-1.0,1642941,2.0,7,,0.0,2.0,1.0,C01,138Â 298Â 765,1.0
962597,201900004128,7,9,22:35,3,1,1,1.0,4.0,66164,autoroute A9 PK 241+400,M,"42,7785910","2,8945400",66,2019,130.0,1.0,1.0,1.0,2151472,2.0,2,4,2,5.0,,0.0,0,1957.0,B01,138Â 298Â 766,1.0,-1.0,-1.0,1642942,2.0,7,,0.0,2.0,1.0,B01,138Â 298Â 766,1.0
962597,201900004128,7,9,22:35,3,1,1,1.0,4.0,66164,autoroute A9 PK 241+400,M,"42,7785910","2,8945400",66,2019,130.0,1.0,1.0,1.0,2151473,1.0,1,1,1,5.0,,0.0,0,1952.0,B01,138Â 298Â 766,1.0,-1.0,-1.0,1642938,2.0,7,,4.0,0.0,6.0,A01,138Â 298Â 762,1.0
962597,201900004128,7,9,22:35,3,1,1,1.0,4.0,66164,autoroute A9 PK 241+400,M,"42,7785910","2,8945400",66,2019,130.0,1.0,1.0,1.0,2151473,1.0,1,1,1,5.0,,0.0,0,1952.0,B01,138Â 298Â 766,1.0,-1.0,-1.0,1642939,2.0,15,,0.0,2.0,4.0,E01,138Â 298Â 763,1.0
962597,201900004128,7,9,22:35,3,1,1,1.0,4.0,66164,autoroute A9 PK 241+400,M,"42,7785910","2,8945400",66,2019,130.0,1.0,1.0,1.0,2151473,1.0,1,1,1,5.0,,0.0,0,1952.0,B01,138Â 298Â 766,1.0,-1.0,-1.0,1642940,2.0,15,,0.0,2.0,1.0,D01,138Â 298Â 764,1.0
962597,201900004128,7,9,22:35,3,1,1,1.0,4.0,66164,autoroute A9 PK 241+400,M,"42,7785910","2,8945400",66,2019,130.0,1.0,1.0,1.0,2151473,1.0,1,1,1,5.0,,0.0,0,1952.0,B01,138Â 298Â 766,1.0,-1.0,-1.0,1642941,2.0,7,,0.0,2.0,1.0,C01,138Â 298Â 765,1.0
962597,201900004128,7,9,22:35,3,1,1,1.0,4.0,66164,autoroute A9 PK 241+400,M,"42,7785910","2,8945400",66,2019,130.0,1.0,1.0,1.0,2151473,1.0,1,1,1,5.0,,0.0,0,1952.0,B01,138Â 298Â 766,1.0,-1.0,-1.0,1642942,2.0,7,,0.0,2.0,1.0,B01,138Â 298Â 766,1.0
962597,201900004128,7,9,22:35,3,1,1,1.0,4.0,66164,autoroute A9 PK 241+400,M,"42,7785910","2,8945400",66,2019,130.0,1.0,1.0,1.0,2151474,9.0,2,4,1,5.0,,0.0,0,1949.0,B01,138Â 298Â 766,1.0,-1.0,-1.0,1642938,2.0,7,,4.0,0.0,6.0,A01,138Â 298Â 762,1.0
962597,201900004128,7,9,22:35,3,1,1,1.0,4.0,66164,autoroute A9 PK 241+400,M,"42,7785910","2,8945400",66,2019,130.0,1.0,1.0,1.0,2151474,9.0,2,4,1,5.0,,0.0,0,1949.0,B01,138Â 298Â 766,1.0,-1.0,-1.0,1642939,2.0,15,,0.0,2.0,4.0,E01,138Â 298Â 763,1.0
962597,201900004128,7,9,22:35,3,1,1,1.0,4.0,66164,autoroute A9 PK 241+400,M,"42,7785910","2,8945400",66,2019,130.0,1.0,1.0,1.0,2151474,9.0,2,4,1,5.0,,0.0,0,1949.0,B01,138Â 298Â 766,1.0,-1.0,-1.0,1642940,2.0,15,,0.0,2.0,1.0,D01,138Â 298Â 764,1.0
962597,201900004128,7,9,22:35,3,1,1,1.0,4.0,66164,autoroute A9 PK 241+400,M,"42,7785910","2,8945400",66,2019,130.0,1.0,1.0,1.0,2151474,9.0,2,4,1,5.0,,0.0,0,1949.0,B01,138Â 298Â 766,1.0,-1.0,-1.0,1642941,2.0,7,,0.0,2.0,1.0,C01,138Â 298Â 765,1.0
962597,201900004128,7,9,22:35,3,1,1,1.0,4.0,66164,autoroute A9 PK 241+400,M,"42,7785910","2,8945400",66,2019,130.0,1.0,1.0,1.0,2151474,9.0,2,4,1,5.0,,0.0,0,1949.0,B01,138Â 298Â 766,1.0,-1.0,-1.0,1642942,2.0,7,,0.0,2.0,1.0,B01,138Â 298Â 766,1.0
962598,201900004129,7,8,19:25,1,1,1,1.0,6.0,09090,dÃ©partementale d919,M,"43,0442760","1,5280440",9,2019,80.0,3.0,1.0,3.0,2151475,1.0,1,4,1,5.0,,0.0,0,1976.0,A01,138Â 298Â 761,1.0,-1.0,-1.0,1642943,2.0,7,,13.0,0.0,2.0,A01,138Â 298Â 761,1.0
962599,201900004130,7,10,10:45,1,2,1,1.0,6.0,22177,2 Le Grand Chemin,M,"48,6339940"," -2,9419190",22,2019,50.0,4.0,1.0,3.0,2151476,1.0,1,3,1,5.0,,0.0,0,1942.0,A01,138Â 298Â 760,0.0,-1.0,-1.0,1642944,2.0,80,,12.0,0.0,1.0,A01,138Â 298Â 760,3.0
962600,201900004131,7,6,14:10,1,1,1,1.0,3.0,84069,D974,M,"44,1559430","5,1474940",84,2019,80.0,1.0,1.0,3.0,2151477,2.0,2,1,1,5.0,,0.0,0,1961.0,B01,138Â 298Â 758,1.0,-1.0,-1.0,1642945,2.0,7,,0.0,0.0,6.0,B01,138Â 298Â 758,0.0
962600,201900004131,7,6,14:10,1,1,1,1.0,3.0,84069,D974,M,"44,1559430","5,1474940",84,2019,80.0,1.0,1.0,3.0,2151477,2.0,2,1,1,5.0,,0.0,0,1961.0,B01,138Â 298Â 758,1.0,-1.0,-1.0,1642946,1.0,1,,0.0,2.0,1.0,A01,138Â 298Â 759,5.0
962600,201900004131,7,6,14:10,1,1,1,1.0,3.0,84069,D974,M,"44,1559430","5,1474940",84,2019,80.0,1.0,1.0,3.0,2151478,9.0,2,1,2,5.0,,0.0,0,1970.0,B01,138Â 298Â 758,1.0,-1.0,-1.0,1642945,2.0,7,,0.0,0.0,6.0,B01,138Â 298Â 758,0.0
962600,201900004131,7,6,14:10,1,1,1,1.0,3.0,84069,D974,M,"44,1559430","5,1474940",84,2019,80.0,1.0,1.0,3.0,2151478,9.0,2,1,2,5.0,,0.0,0,1970.0,B01,138Â 298Â 758,1.0,-1.0,-1.0,1642946,1.0,1,,0.0,2.0,1.0,A01,138Â 298Â 759,5.0
962600,201900004131,7,6,14:10,1,1,1,1.0,3.0,84069,D974,M,"44,1559430","5,1474940",84,2019,80.0,1.0,1.0,3.0,2151479,7.0,2,1,2,5.0,,0.0,0,1965.0,B01,138Â 298Â 758,1.0,-1.0,-1.0,1642945,2.0,7,,0.0,0.0,6.0,B01,138Â 298Â 758,0.0
962600,201900004131,7,6,14:10,1,1,1,1.0,3.0,84069,D974,M,"44,1559430","5,1474940",84,2019,80.0,1.0,1.0,3.0,2151479,7.0,2,1,2,5.0,,0.0,0,1965.0,B01,138Â 298Â 758,1.0,-1.0,-1.0,1642946,1.0,1,,0.0,2.0,1.0,A01,138Â 298Â 759,5.0
962600,201900004131,7,6,14:10,1,1,1,1.0,3.0,84069,D974,M,"44,1559430","5,1474940",84,2019,80.0,1.0,1.0,3.0,2151480,1.0,1,1,1,5.0,,0.0,0,1967.0,B01,138Â 298Â 758,1.0,-1.0,-1.0,1642945,2.0,7,,0.0,0.0,6.0,B01,138Â 298Â 758,0.0
962600,201900004131,7,6,14:10,1,1,1,1.0,3.0,84069,D974,M,"44,1559430","5,1474940",84,2019,80.0,1.0,1.0,3.0,2151480,1.0,1,1,1,5.0,,0.0,0,1967.0,B01,138Â 298Â 758,1.0,-1.0,-1.0,1642946,1.0,1,,0.0,2.0,1.0,A01,138Â 298Â 759,5.0
962600,201900004131,7,6,14:10,1,1,1,1.0,3.0,84069,D974,M,"44,1559430","5,1474940",84,2019,80.0,1.0,1.0,3.0,2151481,1.0,1,3,1,5.0,,0.0,0,1967.0,A01,138Â 298Â 759,2.0,-1.0,-1.0,1642945,2.0,7,,0.0,0.0,6.0,B01,138Â 298Â 758,0.0
962600,201900004131,7,6,14:10,1,1,1,1.0,3.0,84069,D974,M,"44,1559430","5,1474940",84,2019,80.0,1.0,1.0,3.0,2151481,1.0,1,3,1,5.0,,0.0,0,1967.0,A01,138Â 298Â 759,2.0,-1.0,-1.0,1642946,1.0,1,,0.0,2.0,1.0,A01,138Â 298Â 759,5.0
962601,201900004132,7,10,02:25,3,1,1,1.0,6.0,71090,autoroute A6 PK399.200,M,"46,2085580","4,7829700",71,2019,130.0,1.0,1.0,1.0,2151482,1.0,1,1,1,4.0,,0.0,0,1975.0,B01,138Â 298Â 756,1.0,-1.0,-1.0,1642947,1.0,17,,0.0,2.0,4.0,B01,138Â 298Â 756,1.0
962601,201900004132,7,10,02:25,3,1,1,1.0,6.0,71090,autoroute A6 PK399.200,M,"46,2085580","4,7829700",71,2019,130.0,1.0,1.0,1.0,2151482,1.0,1,1,1,4.0,,0.0,0,1975.0,B01,138Â 298Â 756,1.0,-1.0,-1.0,1642948,1.0,17,,4.0,2.0,1.0,A01,138Â 298Â 757,1.0
962601,201900004132,7,10,02:25,3,1,1,1.0,6.0,71090,autoroute A6 PK399.200,M,"46,2085580","4,7829700",71,2019,130.0,1.0,1.0,1.0,2151483,1.0,1,4,1,4.0,,0.0,0,1963.0,A01,138Â 298Â 757,1.0,-1.0,-1.0,1642947,1.0,17,,0.0,2.0,4.0,B01,138Â 298Â 756,1.0
962601,201900004132,7,10,02:25,3,1,1,1.0,6.0,71090,autoroute A6 PK399.200,M,"46,2085580","4,7829700",71,2019,130.0,1.0,1.0,1.0,2151483,1.0,1,4,1,4.0,,0.0,0,1963.0,A01,138Â 298Â 757,1.0,-1.0,-1.0,1642948,1.0,17,,4.0,2.0,1.0,A01,138Â 298Â 757,1.0
962602,201900004133,7,10,08:30,1,1,2,1.0,3.0,35226,Intersection D794 / D78,M,"48,4268440"," -1,8905970",35,2019,70.0,1.0,1.0,3.0,2151484,1.0,1,4,1,5.0,,0.0,0,1981.0,A01,138Â 298Â 754,2.0,6.0,-1.0,1642949,1.0,1,,0.0,2.0,8.0,A01,138Â 298Â 754,5.0
962602,201900004133,7,10,08:30,1,1,2,1.0,3.0,35226,Intersection D794 / D78,M,"48,4268440"," -1,8905970",35,2019,70.0,1.0,1.0,3.0,2151484,1.0,1,4,1,5.0,,0.0,0,1981.0,A01,138Â 298Â 754,2.0,6.0,-1.0,1642950,2.0,7,,0.0,2.0,1.0,B01,138Â 298Â 755,1.0
962602,201900004133,7,10,08:30,1,1,2,1.0,3.0,35226,Intersection D794 / D78,M,"48,4268440"," -1,8905970",35,2019,70.0,1.0,1.0,3.0,2151485,1.0,1,1,2,1.0,,0.0,0,1973.0,B01,138Â 298Â 755,1.0,-1.0,-1.0,1642949,1.0,1,,0.0,2.0,8.0,A01,138Â 298Â 754,5.0
962602,201900004133,7,10,08:30,1,1,2,1.0,3.0,35226,Intersection D794 / D78,M,"48,4268440"," -1,8905970",35,2019,70.0,1.0,1.0,3.0,2151485,1.0,1,1,2,1.0,,0.0,0,1973.0,B01,138Â 298Â 755,1.0,-1.0,-1.0,1642950,2.0,7,,0.0,2.0,1.0,B01,138Â 298Â 755,1.0
962603,201900004134,7,8,08:10,1,1,1,1.0,7.0,46201,le Cayrel (Montcuq),M,"44,3514540","1,2018690",46,2019,80.0,1.0,1.0,3.0,2151486,1.0,1,3,2,5.0,,0.0,0,1978.0,A01,138Â 298Â 753,2.0,-1.0,-1.0,1642951,2.0,2,,0.0,0.0,3.0,A01,138Â 298Â 753,1.0
962604,201900004135,7,9,13:00,1,1,1,1.0,2.0,41231,Autoroute A71 - PK 152+300,M,"47,4562460","2,0044480",41,2019,130.0,1.0,1.0,1.0,2151487,1.0,1,4,1,4.0,,0.0,0,1978.0,A01,138Â 298Â 751,1.0,-1.0,-1.0,1642952,2.0,10,,0.0,2.0,1.0,A01,138Â 298Â 751,6.0
962604,201900004135,7,9,13:00,1,1,1,1.0,2.0,41231,Autoroute A71 - PK 152+300,M,"47,4562460","2,0044480",41,2019,130.0,1.0,1.0,1.0,2151487,1.0,1,4,1,4.0,,0.0,0,1978.0,A01,138Â 298Â 751,1.0,-1.0,-1.0,1642953,2.0,15,,0.0,0.0,6.0,B01,138Â 298Â 752,1.0
962604,201900004135,7,9,13:00,1,1,1,1.0,2.0,41231,Autoroute A71 - PK 152+300,M,"47,4562460","2,0044480",41,2019,130.0,1.0,1.0,1.0,2151488,2.0,2,4,1,4.0,,0.0,0,1991.0,A01,138Â 298Â 751,1.0,-1.0,-1.0,1642952,2.0,10,,0.0,2.0,1.0,A01,138Â 298Â 751,6.0
962604,201900004135,7,9,13:00,1,1,1,1.0,2.0,41231,Autoroute A71 - PK 152+300,M,"47,4562460","2,0044480",41,2019,130.0,1.0,1.0,1.0,2151488,2.0,2,4,1,4.0,,0.0,0,1991.0,A01,138Â 298Â 751,1.0,-1.0,-1.0,1642953,2.0,15,,0.0,0.0,6.0,B01,138Â 298Â 752,1.0
962604,201900004135,7,9,13:00,1,1,1,1.0,2.0,41231,Autoroute A71 - PK 152+300,M,"47,4562460","2,0044480",41,2019,130.0,1.0,1.0,1.0,2151489,1.0,1,1,1,4.0,,0.0,0,1982.0,B01,138Â 298Â 752,1.0,-1.0,-1.0,1642952,2.0,10,,0.0,2.0,1.0,A01,138Â 298Â 751,6.0