Unnamed: 0_x,num_acc,mois,jour,hrmn,lum,agg,int,atm,col,com,adr,gps,lat,long,dep,annee,vma,situ,surf,catr,Unnamed: 0_y,place,catu,grav,sexe,trajet,secu,locp,actp,an_nais,num_veh_x,id_vehicule_x,secu1,secu2,secu3,Unnamed: 0,senc,catv,occutc,obs,obsm,choc,num_veh_y,id_vehicule_y,motor
962604,201900004135,7,9,13:00,1,1,1,1.0,2.0,41231,Autoroute A71 - PK 152+300,M,"47,4562460","2,0044480",41,2019,130.0,1.0,1.0,1.0,2151489,1.0,1,1,1,4.0,,0.0,0,1982.0,B01,138Â 298Â 752,1.0,-1.0,-1.0,1642953,2.0,15,,0.0,0.0,6.0,B01,138Â 298Â 752,1.0
962605,201900004136,7,10,10:15,1,2,3,1.0,3.0,65340,Route de Rabastens,M,"43,2786164","0,1092397",65,2019,70.0,1.0,1.0,2.0,2151490,1.0,1,1,1,4.0,,0.0,0,1962.0,A01,138Â 298Â 746,1.0,-1.0,-1.0,1642954,1.0,7,,0.0,9.0,1.0,A01,138Â 298Â 746,1.0
962605,201900004136,7,10,10:15,1,2,3,1.0,3.0,65340,Route de Rabastens,M,"43,2786164","0,1092397",65,2019,70.0,1.0,1.0,2.0,2151490,1.0,1,1,1,4.0,,0.0,0,1962.0,A01,138Â 298Â 746,1.0,-1.0,-1.0,1642955,2.0,1,,0.0,2.0,6.0,B01,138Â 298Â 747,5.0
962605,201900004136,7,10,10:15,1,2,3,1.0,3.0,65340,Route de Rabastens,M,"43,2786164","0,1092397",65,2019,70.0,1.0,1.0,2.0,2151491,1.0,1,4,1,5.0,,0.0,0,1994.0,B01,138Â 298Â 747,2.0,-1.0,-1.0,1642954,1.0,7,,0.0,9.0,1.0,A01,138Â 298Â 746,1.0
962605,201900004136,7,10,10:15,1,2,3,1.0,3.0,65340,Route de Rabastens,M,"43,2786164","0,1092397",65,2019,70.0,1.0,1.0,2.0,2151491,1.0,1,4,1,5.0,,0.0,0,1994.0,B01,138Â 298Â 747,2.0,-1.0,-1.0,1642955,2.0,1,,0.0,2.0,6.0,B01,138Â 298Â 747,5.0
962606,201900004137,7,10,17:05,1,1,1,1.0,3.0,72200,D323,M,"47,9035030","0,1612550",72,2019,50.0,1.0,1.0,3.0,2151492,1.0,1,1,1,5.0,,0.0,0,1961.0,B01,138Â 298Â 744,1.0,-1.0,-1.0,1642956,2.0,7,,0.0,2.0,7.0,B01,138Â 298Â 744,1.0
962606,201900004137,7,10,17:05,1,1,1,1.0,3.0,72200,D323,M,"47,9035030","0,1612550",72,2019,50.0,1.0,1.0,3.0,2151492,1.0,1,1,1,5.0,,0.0,0,1961.0,B01,138Â 298Â 744,1.0,-1.0,-1.0,1642957,1.0,7,,0.0,2.0,8.0,A01,138Â 298Â 745,1.0
962606,201900004137,7,10,17:05,1,1,1,1.0,3.0,72200,D323,M,"47,9035030","0,1612550",72,2019,50.0,1.0,1.0,3.0,2151493,1.0,1,3,2,3.0,,0.0,0,1979.0,A01,138Â 298Â 745,1.0,-1.0,-1.0,1642956,2.0,7,,0.0,2.0,7.0,B01,138Â 298Â 744,1.0
962606,201900004137,7,10,17:05,1,1,1,1.0,3.0,72200,D323,M,"47,9035030","0,1612550",72,2019,50.0,1.0,1.0,3.0,2151493,1.0,1,3,2,3.0,,0.0,0,1979.0,A01,138Â 298Â 745,1.0,-1.0,-1.0,1642957,1.0,7,,0.0,2.0,8.0,A01,138Â 298Â 745,1.0
962607,201900004138,7,9,07:00,1,1,1,1.0,1.0,67405,D468,M,"48,8276820","8,0337530",67,2019,80.0,1.0,1.0,3.0,2151494,1.0,1,3,1,0.0,,0.0,0,1992.0,B01,138Â 298Â 742,1.0,-1.0,-1.0,1642958,3.0,7,,0.0,2.0,3.0,B01,138Â 298Â 742,1.0
962607,201900004138,7,9,07:00,1,1,1,1.0,1.0,67405,D468,M,"48,8276820","8,0337530",67,2019,80.0,1.0,1.0,3.0,2151494,1.0,1,3,1,0.0,,0.0,0,1992.0,B01,138Â 298Â 742,1.0,-1.0,-1.0,1642959,3.0,7,,0.0,2.0,3.0,A01,138Â 298Â 743,1.0
962607,201900004138,7,9,07:00,1,1,1,1.0,1.0,67405,D468,M,"48,8276820","8,0337530",67,2019,80.0,1.0,1.0,3.0,2151495,1.0,1,1,1,1.0,,0.0,0,1997.0,A01,138Â 298Â 743,1.0,-1.0,-1.0,1642958,3.0,7,,0.0,2.0,3.0,B01,138Â 298Â 742,1.0
962607,201900004138,7,9,07:00,1,1,1,1.0,1.0,67405,D468,M,"48,8276820","8,0337530",67,2019,80.0,1.0,1.0,3.0,2151495,1.0,1,1,1,1.0,,0.0,0,1997.0,A01,138Â 298Â 743,1.0,-1.0,-1.0,1642959,3.0,7,,0.0,2.0,3.0,A01,138Â 298Â 743,1.0
962608,201900004139,7,10,09:45,1,2,1,7.0,6.0,30191,Avenue des Tavans,M,"44,1312020","4,6687080",30,2019,30.0,1.0,1.0,4.0,2151496,1.0,1,1,1,1.0,,0.0,0,1998.0,A01,138Â 298Â 741,1.0,-1.0,-1.0,1642960,3.0,7,,0.0,1.0,1.0,A01,138Â 298Â 741,0.0
962608,201900004139,7,10,09:45,1,2,1,7.0,6.0,30191,Avenue des Tavans,M,"44,1312020","4,6687080",30,2019,30.0,1.0,1.0,4.0,2151497,10.0,3,3,2,0.0,,2.0,0,1972.0,A01,138Â 298Â 741,0.0,-1.0,-1.0,1642960,3.0,7,,0.0,1.0,1.0,A01,138Â 298Â 741,0.0
962609,201900004140,7,9,16:00,1,1,1,2.0,6.0,34095,D185,M,"43,5465210","3,8172440",34,2019,90.0,1.0,2.0,3.0,2151498,1.0,1,3,1,9.0,,0.0,0,2000.0,A01,138Â 298Â 738,9.0,2.0,6.0,1642961,2.0,33,,1.0,0.0,0.0,A01,138Â 298Â 738,1.0
962610,201900004141,7,10,13:30,1,2,4,1.0,3.0,59413,rue Voltaire,M,"50,0913340","3,4090260",59,2019,50.0,1.0,1.0,4.0,2151499,1.0,1,3,2,5.0,,0.0,0,1950.0,A01,138Â 298Â 736,1.0,-1.0,-1.0,1642962,3.0,7,,0.0,2.0,3.0,A01,138Â 298Â 736,0.0
962610,201900004141,7,10,13:30,1,2,4,1.0,3.0,59413,rue Voltaire,M,"50,0913340","3,4090260",59,2019,50.0,1.0,1.0,4.0,2151499,1.0,1,3,2,5.0,,0.0,0,1950.0,A01,138Â 298Â 736,1.0,-1.0,-1.0,1642963,3.0,37,1.0,0.0,2.0,8.0,B01,138Â 298Â 737,0.0
962610,201900004141,7,10,13:30,1,2,4,1.0,3.0,59413,rue Voltaire,M,"50,0913340","3,4090260",59,2019,50.0,1.0,1.0,4.0,2151500,1.0,1,1,1,4.0,,0.0,0,1982.0,B01,138Â 298Â 737,1.0,-1.0,-1.0,1642962,3.0,7,,0.0,2.0,3.0,A01,138Â 298Â 736,0.0
962610,201900004141,7,10,13:30,1,2,4,1.0,3.0,59413,rue Voltaire,M,"50,0913340","3,4090260",59,2019,50.0,1.0,1.0,4.0,2151500,1.0,1,1,1,4.0,,0.0,0,1982.0,B01,138Â 298Â 737,1.0,-1.0,-1.0,1642963,3.0,37,1.0,0.0,2.0,8.0,B01,138Â 298Â 737,0.0
962611,201900004142,7,9,04:15,3,1,1,1.0,6.0,19057,La Peyrague,M,"45,0570450","1,6671790",19,2019,80.0,8.0,1.0,3.0,2151501,1.0,1,1,1,1.0,,0.0,0,1972.0,B01,138Â 298Â 734,1.0,-1.0,-1.0,1642964,1.0,7,,14.0,0.0,1.0,B01,138Â 298Â 734,1.0
962611,201900004142,7,9,04:15,3,1,1,1.0,6.0,19057,La Peyrague,M,"45,0570450","1,6671790",19,2019,80.0,8.0,1.0,3.0,2151501,1.0,1,1,1,1.0,,0.0,0,1972.0,B01,138Â 298Â 734,1.0,-1.0,-1.0,1642965,1.0,2,,9.0,0.0,1.0,A01,138Â 298Â 735,1.0
962611,201900004142,7,9,04:15,3,1,1,1.0,6.0,19057,La Peyrague,M,"45,0570450","1,6671790",19,2019,80.0,8.0,1.0,3.0,2151502,1.0,1,3,1,5.0,,0.0,0,1985.0,A01,138Â 298Â 735,0.0,-1.0,-1.0,1642964,1.0,7,,14.0,0.0,1.0,B01,138Â 298Â 734,1.0
962611,201900004142,7,9,04:15,3,1,1,1.0,6.0,19057,La Peyrague,M,"45,0570450","1,6671790",19,2019,80.0,8.0,1.0,3.0,2151502,1.0,1,3,1,5.0,,0.0,0,1985.0,A01,138Â 298Â 735,0.0,-1.0,-1.0,1642965,1.0,2,,9.0,0.0,1.0,A01,138Â 298Â 735,1.0
962612,201900004143,7,6,11:20,1,1,1,1.0,7.0,19262,La chassgne,M,"45,5685550","1,7396640",19,2019,80.0,3.0,1.0,3.0,2151503,1.0,1,3,1,5.0,,0.0,0,1929.0,A01,138Â 298Â 733,1.0,-1.0,-1.0,1642966,1.0,7,,0.0,0.0,9.0,A01,138Â 298Â 733,3.0
962613,201900004144,7,9,17:15,1,2,3,1.0,3.0,74282,Rue Saint-FranÃ§ois de Sales (Thorens-GliÃ¨res),M,"45,9967240","6,2467730",74,2019,50.0,1.0,1.0,3.0,2151504,1.0,1,1,1,0.0,,0.0,0,1960.0,A01,138Â 298Â 731,1.0,-1.0,-1.0,1642967,1.0,7,,0.0,2.0,2.0,A01,138Â 298Â 731,0.0
962613,201900004144,7,9,17:15,1,2,3,1.0,3.0,74282,Rue Saint-FranÃ§ois de Sales (Thorens-GliÃ¨res),M,"45,9967240","6,2467730",74,2019,50.0,1.0,1.0,3.0,2151504,1.0,1,1,1,0.0,,0.0,0,1960.0,A01,138Â 298Â 731,1.0,-1.0,-1.0,1642968,2.0,32,,0.0,2.0,1.0,B01,138Â 298Â 732,0.0
962613,201900004144,7,9,17:15,1,2,3,1.0,3.0,74282,Rue Saint-FranÃ§ois de Sales (Thorens-GliÃ¨res),M,"45,9967240","6,2467730",74,2019,50.0,1.0,1.0,3.0,2151505,1.0,1,3,1,0.0,,0.0,0,1944.0,B01,138Â 298Â 732,2.0,-1.0,-1.0,1642967,1.0,7,,0.0,2.0,2.0,A01,138Â 298Â 731,0.0
962613,201900004144,7,9,17:15,1,2,3,1.0,3.0,74282,Rue Saint-FranÃ§ois de Sales (Thorens-GliÃ¨res),M,"45,9967240","6,2467730",74,2019,50.0,1.0,1.0,3.0,2151505,1.0,1,3,1,0.0,,0.0,0,1944.0,B01,138Â 298Â 732,2.0,-1.0,-1.0,1642968,2.0,32,,0.0,2.0,1.0,B01,138Â 298Â 732,0.0
962614,201900004145,7,10,09:00,1,1,1,1.0,3.0,80717,RD 162,M,"49,7720730","2,2631460",80,2019,80.0,1.0,1.0,3.0,2151506,1.0,1,3,1,5.0,,0.0,0,1999.0,B01,138Â 298Â 729,2.0,6.0,-1.0,1642969,3.0,31,,0.0,2.0,8.0,B01,138Â 298Â 729,1.0
962614,201900004145,7,10,09:00,1,1,1,1.0,3.0,80717,RD 162,M,"49,7720730","2,2631460",80,2019,80.0,1.0,1.0,3.0,2151506,1.0,1,3,1,5.0,,0.0,0,1999.0,B01,138Â 298Â 729,2.0,6.0,-1.0,1642970,3.0,7,,0.0,2.0,6.0,A01,138Â 298Â 730,1.0
962614,201900004145,7,10,09:00,1,1,1,1.0,3.0,80717,RD 162,M,"49,7720730","2,2631460",80,2019,80.0,1.0,1.0,3.0,2151507,1.0,1,1,1,4.0,,0.0,0,1985.0,A01,138Â 298Â 730,1.0,-1.0,-1.0,1642969,3.0,31,,0.0,2.0,8.0,B01,138Â 298Â 729,1.0
962614,201900004145,7,10,09:00,1,1,1,1.0,3.0,80717,RD 162,M,"49,7720730","2,2631460",80,2019,80.0,1.0,1.0,3.0,2151507,1.0,1,1,1,4.0,,0.0,0,1985.0,A01,138Â 298Â 730,1.0,-1.0,-1.0,1642970,3.0,7,,0.0,2.0,6.0,A01,138Â 298Â 730,1.0
962615,201900004146,7,10,10:10,1,2,7,1.0,6.0,32107,Place Souvenir,M,"43,9566830","0,3757000",32,2019,-1.0,4.0,1.0,6.0,2151508,1.0,1,1,1,3.0,,0.0,0,1948.0,A01,138Â 298Â 728,1.0,-1.0,-1.0,1642971,3.0,7,,6.0,1.0,1.0,A01,138Â 298Â 728,1.0
962615,201900004146,7,10,10:10,1,2,7,1.0,6.0,32107,Place Souvenir,M,"43,9566830","0,3757000",32,2019,-1.0,4.0,1.0,6.0,2151509,10.0,3,3,2,3.0,,5.0,3,1984.0,A01,138Â 298Â 728,0.0,-1.0,-1.0,1642971,3.0,7,,6.0,1.0,1.0,A01,138Â 298Â 728,1.0
962616,201900004147,7,10,13:58,1,1,1,1.0,6.0,63271,D44,M,"45,9471214","3,4613800",63,2019,70.0,3.0,1.0,3.0,2151510,1.0,1,3,2,5.0,,0.0,0,2000.0,A01,138Â 298Â 727,1.0,-1.0,-1.0,1642972,0.0,7,,13.0,0.0,3.0,A01,138Â 298Â 727,1.0
962617,201900004148,7,9,14:30,1,1,1,1.0,7.0,12288,Malecourse,M,"44,4515860","2,4327750",12,2019,50.0,3.0,1.0,3.0,2151511,2.0,2,2,2,5.0,,0.0,0,1937.0,A01,138Â 298Â 726,8.0,-1.0,-1.0,1642973,1.0,7,,2.0,0.0,1.0,A01,138Â 298Â 726,1.0
962617,201900004148,7,9,14:30,1,1,1,1.0,7.0,12288,Malecourse,M,"44,4515860","2,4327750",12,2019,50.0,3.0,1.0,3.0,2151512,1.0,1,2,1,5.0,,0.0,0,1934.0,A01,138Â 298Â 726,8.0,-1.0,-1.0,1642973,1.0,7,,2.0,0.0,1.0,A01,138Â 298Â 726,1.0
962618,201900004149,7,9,16:45,1,1,1,1.0,1.0,68377,route des grenouilles,M,"47,6118390","7,2618950",68,2019,50.0,1.0,1.0,4.0,2151513,1.0,1,3,1,0.0,,0.0,0,1975.0,A01,138Â 298Â 724,2.0,6.0,-1.0,1642974,3.0,33,,0.0,2.0,1.0,A01,138Â 298Â 724,0.0
962618,201900004149,7,9,16:45,1,1,1,1.0,1.0,68377,route des grenouilles,M,"47,6118390","7,2618950",68,2019,50.0,1.0,1.0,4.0,2151513,1.0,1,3,1,0.0,,0.0,0,1975.0,A01,138Â 298Â 724,2.0,6.0,-1.0,1642975,3.0,7,,0.0,2.0,1.0,B01,138Â 298Â 725,1.0
962618,201900004149,7,9,16:45,1,1,1,1.0,1.0,68377,route des grenouilles,M,"47,6118390","7,2618950",68,2019,50.0,1.0,1.0,4.0,2151514,1.0,1,1,2,0.0,,0.0,0,1992.0,B01,138Â 298Â 725,1.0,-1.0,-1.0,1642974,3.0,33,,0.0,2.0,1.0,A01,138Â 298Â 724,0.0
962618,201900004149,7,9,16:45,1,1,1,1.0,1.0,68377,route des grenouilles,M,"47,6118390","7,2618950",68,2019,50.0,1.0,1.0,4.0,2151514,1.0,1,1,2,0.0,,0.0,0,1992.0,B01,138Â 298Â 725,1.0,-1.0,-1.0,1642975,3.0,7,,0.0,2.0,1.0,B01,138Â 298Â 725,1.0
962619,201900004150,7,9,17:33,1,2,3,1.0,6.0,68138,11 rue du GÃ©nÃ©ral de Gaulle,M,"47,5858520","7,2544870",68,2019,50.0,1.0,1.0,3.0,2151515,1.0,1,1,1,3.0,,0.0,0,1962.0,A01,138Â 298Â 722,1.0,-1.0,-1.0,1642976,1.0,7,,0.0,2.0,7.0,A01,138Â 298Â 722,1.0
962619,201900004150,7,9,17:33,1,2,3,1.0,6.0,68138,11 rue du GÃ©nÃ©ral de Gaulle,M,"47,5858520","7,2544870",68,2019,50.0,1.0,1.0,3.0,2151515,1.0,1,1,1,3.0,,0.0,0,1962.0,A01,138Â 298Â 722,1.0,-1.0,-1.0,1642977,2.0,33,,0.0,2.0,1.0,B01,138Â 298Â 723,1.0
962619,201900004150,7,9,17:33,1,2,3,1.0,6.0,68138,11 rue du GÃ©nÃ©ral de Gaulle,M,"47,5858520","7,2544870",68,2019,50.0,1.0,1.0,3.0,2151516,1.0,1,3,1,1.0,,0.0,0,1988.0,B01,138Â 298Â 723,2.0,6.0,9.0,1642976,1.0,7,,0.0,2.0,7.0,A01,138Â 298Â 722,1.0
962619,201900004150,7,9,17:33,1,2,3,1.0,6.0,68138,11 rue du GÃ©nÃ©ral de Gaulle,M,"47,5858520","7,2544870",68,2019,50.0,1.0,1.0,3.0,2151516,1.0,1,3,1,1.0,,0.0,0,1988.0,B01,138Â 298Â 723,2.0,6.0,9.0,1642977,2.0,33,,0.0,2.0,1.0,B01,138Â 298Â 723,1.0
962620,201900004151,7,4,18:50,1,2,1,1.0,5.0,44131,rue de Nantes,M,"47,1129990"," -2,0893820",44,2019,50.0,1.0,1.0,4.0,2151517,1.0,1,1,2,1.0,,0.0,0,1993.0,C01,138Â 298Â 719,1.0,-1.0,-1.0,1642978,3.0,7,,0.0,2.0,3.0,C01,138Â 298Â 719,1.0
962620,201900004151,7,4,18:50,1,2,1,1.0,5.0,44131,rue de Nantes,M,"47,1129990"," -2,0893820",44,2019,50.0,1.0,1.0,4.0,2151517,1.0,1,1,2,1.0,,0.0,0,1993.0,C01,138Â 298Â 719,1.0,-1.0,-1.0,1642979,3.0,7,,0.0,0.0,6.0,B01,138Â 298Â 720,1.0
962620,201900004151,7,4,18:50,1,2,1,1.0,5.0,44131,rue de Nantes,M,"47,1129990"," -2,0893820",44,2019,50.0,1.0,1.0,4.0,2151517,1.0,1,1,2,1.0,,0.0,0,1993.0,C01,138Â 298Â 719,1.0,-1.0,-1.0,1642980,3.0,34,,0.0,2.0,1.0,A01,138Â 298Â 721,0.0
962620,201900004151,7,4,18:50,1,2,1,1.0,5.0,44131,rue de Nantes,M,"47,1129990"," -2,0893820",44,2019,50.0,1.0,1.0,4.0,2151518,1.0,1,1,1,5.0,,0.0,0,1982.0,B01,138Â 298Â 720,1.0,-1.0,-1.0,1642978,3.0,7,,0.0,2.0,3.0,C01,138Â 298Â 719,1.0
962620,201900004151,7,4,18:50,1,2,1,1.0,5.0,44131,rue de Nantes,M,"47,1129990"," -2,0893820",44,2019,50.0,1.0,1.0,4.0,2151518,1.0,1,1,1,5.0,,0.0,0,1982.0,B01,138Â 298Â 720,1.0,-1.0,-1.0,1642979,3.0,7,,0.0,0.0,6.0,B01,138Â 298Â 720,1.0
962620,201900004151,7,4,18:50,1,2,1,1.0,5.0,44131,rue de Nantes,M,"47,1129990"," -2,0893820",44,2019,50.0,1.0,1.0,4.0,2151518,1.0,1,1,1,5.0,,0.0,0,1982.0,B01,138Â 298Â 720,1.0,-1.0,-1.0,1642980,3.0,34,,0.0,2.0,1.0,A01,138Â 298Â 721,0.0
962620,201900004151,7,4,18:50,1,2,1,1.0,5.0,44131,rue de Nantes,M,"47,1129990"," -2,0893820",44,2019,50.0,1.0,1.0,4.0,2151519,1.0,1,3,1,5.0,,0.0,0,1980.0,A01,138Â 298Â 721,2.0,-1.0,-1.0,1642978,3.0,7,,0.0,2.0,3.0,C01,138Â 298Â 719,1.0
962620,201900004151,7,4,18:50,1,2,1,1.0,5.0,44131,rue de Nantes,M,"47,1129990"," -2,0893820",44,2019,50.0,1.0,1.0,4.0,2151519,1.0,1,3,1,5.0,,0.0,0,1980.0,A01,138Â 298Â 721,2.0,-1.0,-1.0,1642979,3.0,7,,0.0,0.0,6.0,B01,138Â 298Â 720,1.0
962620,201900004151,7,4,18:50,1,2,1,1.0,5.0,44131,rue de Nantes,M,"47,1129990"," -2,0893820",44,2019,50.0,1.0,1.0,4.0,2151519,1.0,1,3,1,5.0,,0.0,0,1980.0,A01,138Â 298Â 721,2.0,-1.0,-1.0,1642980,3.0,34,,0.0,2.0,1.0,A01,138Â 298Â 721,0.0
962621,201900004152,7,10,14:30,1,1,2,7.0,3.0,35078,L'Aumone,M,"48,6019070"," -1,7107820",35,2019,70.0,1.0,8.0,3.0,2151520,1.0,1,1,1,5.0,,0.0,0,1981.0,A01,138Â 298Â 717,1.0,-1.0,-1.0,1642981,2.0,7,,0.0,2.0,2.0,A01,138Â 298Â 717,1.0
962621,201900004152,7,10,14:30,1,1,2,7.0,3.0,35078,L'Aumone,M,"48,6019070"," -1,7107820",35,2019,70.0,1.0,8.0,3.0,2151520,1.0,1,1,1,5.0,,0.0,0,1981.0,A01,138Â 298Â 717,1.0,-1.0,-1.0,1642982,1.0,7,,0.0,2.0,3.0,B01,138Â 298Â 718,1.0
962621,201900004152,7,10,14:30,1,1,2,7.0,3.0,35078,L'Aumone,M,"48,6019070"," -1,7107820",35,2019,70.0,1.0,8.0,3.0,2151521,2.0,1,1,1,5.0,,0.0,0,1966.0,B01,138Â 298Â 718,1.0,-1.0,-1.0,1642981,2.0,7,,0.0,2.0,2.0,A01,138Â 298Â 717,1.0
962621,201900004152,7,10,14:30,1,1,2,7.0,3.0,35078,L'Aumone,M,"48,6019070"," -1,7107820",35,2019,70.0,1.0,8.0,3.0,2151521,2.0,1,1,1,5.0,,0.0,0,1966.0,B01,138Â 298Â 718,1.0,-1.0,-1.0,1642982,1.0,7,,0.0,2.0,3.0,B01,138Â 298Â 718,1.0
962621,201900004152,7,10,14:30,1,1,2,7.0,3.0,35078,L'Aumone,M,"48,6019070"," -1,7107820",35,2019,70.0,1.0,8.0,3.0,2151522,1.0,2,3,2,5.0,,0.0,0,1966.0,B01,138Â 298Â 718,1.0,-1.0,-1.0,1642981,2.0,7,,0.0,2.0,2.0,A01,138Â 298Â 717,1.0
962621,201900004152,7,10,14:30,1,1,2,7.0,3.0,35078,L'Aumone,M,"48,6019070"," -1,7107820",35,2019,70.0,1.0,8.0,3.0,2151522,1.0,2,3,2,5.0,,0.0,0,1966.0,B01,138Â 298Â 718,1.0,-1.0,-1.0,1642982,1.0,7,,0.0,2.0,3.0,B01,138Â 298Â 718,1.0
962622,201900004153,7,7,19:30,1,1,2,1.0,2.0,35023,Tournebride,M,"48,2083890"," -1,9414420",35,2019,70.0,1.0,1.0,3.0,2151523,1.0,1,1,2,5.0,,0.0,0,1988.0,A01,138Â 298Â 715,1.0,-1.0,-1.0,1642983,1.0,7,,0.0,2.0,6.0,A01,138Â 298Â 715,1.0
962622,201900004153,7,7,19:30,1,1,2,1.0,2.0,35023,Tournebride,M,"48,2083890"," -1,9414420",35,2019,70.0,1.0,1.0,3.0,2151523,1.0,1,1,2,5.0,,0.0,0,1988.0,A01,138Â 298Â 715,1.0,-1.0,-1.0,1642984,1.0,33,,0.0,2.0,1.0,B01,138Â 298Â 716,1.0
962622,201900004153,7,7,19:30,1,1,2,1.0,2.0,35023,Tournebride,M,"48,2083890"," -1,9414420",35,2019,70.0,1.0,1.0,3.0,2151524,1.0,1,4,1,5.0,,0.0,0,1986.0,B01,138Â 298Â 716,2.0,6.0,-1.0,1642983,1.0,7,,0.0,2.0,6.0,A01,138Â 298Â 715,1.0
962622,201900004153,7,7,19:30,1,1,2,1.0,2.0,35023,Tournebride,M,"48,2083890"," -1,9414420",35,2019,70.0,1.0,1.0,3.0,2151524,1.0,1,4,1,5.0,,0.0,0,1986.0,B01,138Â 298Â 716,2.0,6.0,-1.0,1642984,1.0,33,,0.0,2.0,1.0,B01,138Â 298Â 716,1.0
962623,201900004154,7,10,18:40,1,2,1,1.0,1.0,38144,avenue du 8 mai 1945,M,"45,5911200","5,0918900",38,2019,50.0,1.0,1.0,3.0,2151525,1.0,1,1,2,5.0,,0.0,0,1965.0,B01,138Â 298Â 713,1.0,-1.0,-1.0,1642985,2.0,7,,0.0,2.0,3.0,B01,138Â 298Â 713,1.0
962623,201900004154,7,10,18:40,1,2,1,1.0,1.0,38144,avenue du 8 mai 1945,M,"45,5911200","5,0918900",38,2019,50.0,1.0,1.0,3.0,2151525,1.0,1,1,2,5.0,,0.0,0,1965.0,B01,138Â 298Â 713,1.0,-1.0,-1.0,1642986,1.0,32,,0.0,2.0,1.0,A01,138Â 298Â 714,1.0
962623,201900004154,7,10,18:40,1,2,1,1.0,1.0,38144,avenue du 8 mai 1945,M,"45,5911200","5,0918900",38,2019,50.0,1.0,1.0,3.0,2151526,1.0,1,3,1,9.0,,0.0,0,1993.0,A01,138Â 298Â 714,2.0,-1.0,-1.0,1642985,2.0,7,,0.0,2.0,3.0,B01,138Â 298Â 713,1.0
962623,201900004154,7,10,18:40,1,2,1,1.0,1.0,38144,avenue du 8 mai 1945,M,"45,5911200","5,0918900",38,2019,50.0,1.0,1.0,3.0,2151526,1.0,1,3,1,9.0,,0.0,0,1993.0,A01,138Â 298Â 714,2.0,-1.0,-1.0,1642986,1.0,32,,0.0,2.0,1.0,A01,138Â 298Â 714,1.0
962624,201900004155,7,10,11:00,1,1,1,1.0,7.0,38504,Route des Ramiettes,M,"45,3030300","6,0179300",38,2019,50.0,8.0,1.0,4.0,2151527,2.0,2,2,2,5.0,,0.0,0,1953.0,A01,138Â 298Â 712,0.0,-1.0,-1.0,1642987,3.0,36,,2.0,0.0,9.0,A01,138Â 298Â 712,1.0
962624,201900004155,7,10,11:00,1,1,1,1.0,7.0,38504,Route des Ramiettes,M,"45,3030300","6,0179300",38,2019,50.0,8.0,1.0,4.0,2151528,1.0,1,3,1,5.0,,0.0,0,1954.0,A01,138Â 298Â 712,0.0,-1.0,-1.0,1642987,3.0,36,,2.0,0.0,9.0,A01,138Â 298Â 712,1.0
962625,201900004156,7,9,21:00,2,2,3,1.0,1.0,02678,Grand-Rue,M,"49,7197200","4,0747590",2,2019,50.0,1.0,1.0,3.0,2151529,1.0,1,1,1,1.0,,0.0,0,1993.0,B01,138Â 298Â 710,1.0,-1.0,-1.0,1642988,1.0,10,,0.0,1.0,2.0,B01,138Â 298Â 710,1.0
962625,201900004156,7,9,21:00,2,2,3,1.0,1.0,02678,Grand-Rue,M,"49,7197200","4,0747590",2,2019,50.0,1.0,1.0,3.0,2151529,1.0,1,1,1,1.0,,0.0,0,1993.0,B01,138Â 298Â 710,1.0,-1.0,-1.0,1642989,2.0,1,,0.0,2.0,1.0,A01,138Â 298Â 711,5.0
962625,201900004156,7,9,21:00,2,2,3,1.0,1.0,02678,Grand-Rue,M,"49,7197200","4,0747590",2,2019,50.0,1.0,1.0,3.0,2151530,1.0,1,3,1,5.0,,0.0,0,2006.0,A01,138Â 298Â 711,0.0,-1.0,-1.0,1642988,1.0,10,,0.0,1.0,2.0,B01,138Â 298Â 710,1.0
962625,201900004156,7,9,21:00,2,2,3,1.0,1.0,02678,Grand-Rue,M,"49,7197200","4,0747590",2,2019,50.0,1.0,1.0,3.0,2151530,1.0,1,3,1,5.0,,0.0,0,2006.0,A01,138Â 298Â 711,0.0,-1.0,-1.0,1642989,2.0,1,,0.0,2.0,1.0,A01,138Â 298Â 711,5.0
962626,201900004157,7,9,17:05,1,1,2,1.0,3.0,02608,Hameau l'Ãpinette,M,"49,8377532","4,0616007",2,2019,50.0,1.0,1.0,3.0,2151531,1.0,1,4,1,0.0,,0.0,0,1974.0,B01,138Â 298Â 708,1.0,9.0,-1.0,1642990,1.0,7,,0.0,2.0,2.0,B01,138Â 298Â 708,1.0
962626,201900004157,7,9,17:05,1,1,2,1.0,3.0,02608,Hameau l'Ãpinette,M,"49,8377532","4,0616007",2,2019,50.0,1.0,1.0,3.0,2151531,1.0,1,4,1,0.0,,0.0,0,1974.0,B01,138Â 298Â 708,1.0,9.0,-1.0,1642991,1.0,7,,0.0,2.0,3.0,A01,138Â 298Â 709,1.0
962626,201900004157,7,9,17:05,1,1,2,1.0,3.0,02608,Hameau l'Ãpinette,M,"49,8377532","4,0616007",2,2019,50.0,1.0,1.0,3.0,2151532,1.0,1,3,2,5.0,,0.0,0,1938.0,A01,138Â 298Â 709,1.0,-1.0,-1.0,1642990,1.0,7,,0.0,2.0,2.0,B01,138Â 298Â 708,1.0
962626,201900004157,7,9,17:05,1,1,2,1.0,3.0,02608,Hameau l'Ãpinette,M,"49,8377532","4,0616007",2,2019,50.0,1.0,1.0,3.0,2151532,1.0,1,3,2,5.0,,0.0,0,1938.0,A01,138Â 298Â 709,1.0,-1.0,-1.0,1642991,1.0,7,,0.0,2.0,3.0,A01,138Â 298Â 709,1.0