Unnamed: 0_x,num_acc,mois,jour,hrmn,lum,agg,int,atm,col,com,adr,gps,lat,long,dep,annee,vma,situ,surf,catr,Unnamed: 0_y,place,catu,grav,sexe,trajet,secu,locp,actp,an_nais,num_veh_x,id_vehicule_x,secu1,secu2,secu3,Unnamed: 0,senc,catv,occutc,obs,obsm,choc,num_veh_y,id_vehicule_y,motor
962627,201900004158,7,10,04:05,3,1,1,1.0,3.0,01328,Route de ChÃ¢tillon,M,"46,1186150","5,0065170",1,2019,80.0,1.0,1.0,3.0,2151533,1.0,1,3,1,5.0,,0.0,0,2004.0,A01,138Â 298Â 706,2.0,-1.0,-1.0,1642992,1.0,2,,0.0,2.0,3.0,A01,138Â 298Â 706,1.0
962627,201900004158,7,10,04:05,3,1,1,1.0,3.0,01328,Route de ChÃ¢tillon,M,"46,1186150","5,0065170",1,2019,80.0,1.0,1.0,3.0,2151533,1.0,1,3,1,5.0,,0.0,0,2004.0,A01,138Â 298Â 706,2.0,-1.0,-1.0,1642993,2.0,7,,0.0,2.0,7.0,B01,138Â 298Â 707,0.0
962627,201900004158,7,10,04:05,3,1,1,1.0,3.0,01328,Route de ChÃ¢tillon,M,"46,1186150","5,0065170",1,2019,80.0,1.0,1.0,3.0,2151534,1.0,1,1,1,5.0,,0.0,0,1996.0,B01,138Â 298Â 707,1.0,-1.0,-1.0,1642992,1.0,2,,0.0,2.0,3.0,A01,138Â 298Â 706,1.0
962627,201900004158,7,10,04:05,3,1,1,1.0,3.0,01328,Route de ChÃ¢tillon,M,"46,1186150","5,0065170",1,2019,80.0,1.0,1.0,3.0,2151534,1.0,1,1,1,5.0,,0.0,0,1996.0,B01,138Â 298Â 707,1.0,-1.0,-1.0,1642993,2.0,7,,0.0,2.0,7.0,B01,138Â 298Â 707,0.0
962628,201900004159,7,10,06:50,1,1,1,1.0,3.0,72177,La CornuÃ¨re,M,"47,9244330"," -0,0742890",72,2019,80.0,1.0,1.0,4.0,2151535,1.0,1,4,1,1.0,,0.0,0,1993.0,A01,138Â 298Â 704,1.0,-1.0,-1.0,1642994,0.0,10,,0.0,2.0,2.0,A01,138Â 298Â 704,1.0
962628,201900004159,7,10,06:50,1,1,1,1.0,3.0,72177,La CornuÃ¨re,M,"47,9244330"," -0,0742890",72,2019,80.0,1.0,1.0,4.0,2151535,1.0,1,4,1,1.0,,0.0,0,1993.0,A01,138Â 298Â 704,1.0,-1.0,-1.0,1642995,0.0,7,,0.0,2.0,1.0,B01,138Â 298Â 705,1.0
962628,201900004159,7,10,06:50,1,1,1,1.0,3.0,72177,La CornuÃ¨re,M,"47,9244330"," -0,0742890",72,2019,80.0,1.0,1.0,4.0,2151536,1.0,1,4,1,1.0,,0.0,0,1985.0,B01,138Â 298Â 705,1.0,-1.0,-1.0,1642994,0.0,10,,0.0,2.0,2.0,A01,138Â 298Â 704,1.0
962628,201900004159,7,10,06:50,1,1,1,1.0,3.0,72177,La CornuÃ¨re,M,"47,9244330"," -0,0742890",72,2019,80.0,1.0,1.0,4.0,2151536,1.0,1,4,1,1.0,,0.0,0,1985.0,B01,138Â 298Â 705,1.0,-1.0,-1.0,1642995,0.0,7,,0.0,2.0,1.0,B01,138Â 298Â 705,1.0
962629,201900004160,7,10,13:14,1,1,1,1.0,6.0,72262,le guÃ©,M,"47,7461680","0,6050010",72,2019,80.0,3.0,1.0,3.0,2151537,1.0,1,2,1,1.0,,0.0,0,1968.0,A01,138Â 298Â 703,8.0,-1.0,-1.0,1642996,2.0,7,,0.0,0.0,3.0,A01,138Â 298Â 703,1.0
962630,201900004161,7,10,21:10,1,1,9,1.0,3.0,14024,d163 route de la corniche,M,"49,3073590"," -0,0346860",14,2019,70.0,1.0,1.0,3.0,2151538,1.0,1,1,1,1.0,,0.0,0,1968.0,A01,138Â 298Â 701,1.0,-1.0,-1.0,1642997,1.0,7,,0.0,0.0,8.0,A01,138Â 298Â 701,1.0
962630,201900004161,7,10,21:10,1,1,9,1.0,3.0,14024,d163 route de la corniche,M,"49,3073590"," -0,0346860",14,2019,70.0,1.0,1.0,3.0,2151538,1.0,1,1,1,1.0,,0.0,0,1968.0,A01,138Â 298Â 701,1.0,-1.0,-1.0,1642998,1.0,33,,8.0,2.0,2.0,B01,138Â 298Â 702,1.0
962630,201900004161,7,10,21:10,1,1,9,1.0,3.0,14024,d163 route de la corniche,M,"49,3073590"," -0,0346860",14,2019,70.0,1.0,1.0,3.0,2151539,1.0,1,3,1,5.0,,0.0,0,2000.0,B01,138Â 298Â 702,2.0,6.0,-1.0,1642997,1.0,7,,0.0,0.0,8.0,A01,138Â 298Â 701,1.0
962630,201900004161,7,10,21:10,1,1,9,1.0,3.0,14024,d163 route de la corniche,M,"49,3073590"," -0,0346860",14,2019,70.0,1.0,1.0,3.0,2151539,1.0,1,3,1,5.0,,0.0,0,2000.0,B01,138Â 298Â 702,2.0,6.0,-1.0,1642998,1.0,33,,8.0,2.0,2.0,B01,138Â 298Â 702,1.0
962631,201900004162,7,10,17:02,1,1,1,1.0,6.0,50304,Rue de la Perrelle,M,"48,9442580"," -1,3880790",50,2019,80.0,1.0,1.0,3.0,2151540,2.0,2,1,1,1.0,,0.0,0,1938.0,A01,138Â 298Â 698,1.0,-1.0,-1.0,1642999,0.0,7,,0.0,2.0,3.0,A01,138Â 298Â 698,1.0
962631,201900004162,7,10,17:02,1,1,1,1.0,6.0,50304,Rue de la Perrelle,M,"48,9442580"," -1,3880790",50,2019,80.0,1.0,1.0,3.0,2151540,2.0,2,1,1,1.0,,0.0,0,1938.0,A01,138Â 298Â 698,1.0,-1.0,-1.0,1643000,0.0,7,,0.0,2.0,8.0,B01,138Â 298Â 699,1.0
962631,201900004162,7,10,17:02,1,1,1,1.0,6.0,50304,Rue de la Perrelle,M,"48,9442580"," -1,3880790",50,2019,80.0,1.0,1.0,3.0,2151540,2.0,2,1,1,1.0,,0.0,0,1938.0,A01,138Â 298Â 698,1.0,-1.0,-1.0,1643001,0.0,7,,0.0,2.0,1.0,C01,138Â 298Â 700,1.0
962631,201900004162,7,10,17:02,1,1,1,1.0,6.0,50304,Rue de la Perrelle,M,"48,9442580"," -1,3880790",50,2019,80.0,1.0,1.0,3.0,2151541,1.0,1,1,2,5.0,,0.0,0,1943.0,A01,138Â 298Â 698,1.0,-1.0,-1.0,1642999,0.0,7,,0.0,2.0,3.0,A01,138Â 298Â 698,1.0
962631,201900004162,7,10,17:02,1,1,1,1.0,6.0,50304,Rue de la Perrelle,M,"48,9442580"," -1,3880790",50,2019,80.0,1.0,1.0,3.0,2151541,1.0,1,1,2,5.0,,0.0,0,1943.0,A01,138Â 298Â 698,1.0,-1.0,-1.0,1643000,0.0,7,,0.0,2.0,8.0,B01,138Â 298Â 699,1.0
962631,201900004162,7,10,17:02,1,1,1,1.0,6.0,50304,Rue de la Perrelle,M,"48,9442580"," -1,3880790",50,2019,80.0,1.0,1.0,3.0,2151541,1.0,1,1,2,5.0,,0.0,0,1943.0,A01,138Â 298Â 698,1.0,-1.0,-1.0,1643001,0.0,7,,0.0,2.0,1.0,C01,138Â 298Â 700,1.0
962631,201900004162,7,10,17:02,1,1,1,1.0,6.0,50304,Rue de la Perrelle,M,"48,9442580"," -1,3880790",50,2019,80.0,1.0,1.0,3.0,2151542,1.0,1,4,1,1.0,,0.0,0,1995.0,B01,138Â 298Â 699,1.0,-1.0,-1.0,1642999,0.0,7,,0.0,2.0,3.0,A01,138Â 298Â 698,1.0
962631,201900004162,7,10,17:02,1,1,1,1.0,6.0,50304,Rue de la Perrelle,M,"48,9442580"," -1,3880790",50,2019,80.0,1.0,1.0,3.0,2151542,1.0,1,4,1,1.0,,0.0,0,1995.0,B01,138Â 298Â 699,1.0,-1.0,-1.0,1643000,0.0,7,,0.0,2.0,8.0,B01,138Â 298Â 699,1.0
962631,201900004162,7,10,17:02,1,1,1,1.0,6.0,50304,Rue de la Perrelle,M,"48,9442580"," -1,3880790",50,2019,80.0,1.0,1.0,3.0,2151542,1.0,1,4,1,1.0,,0.0,0,1995.0,B01,138Â 298Â 699,1.0,-1.0,-1.0,1643001,0.0,7,,0.0,2.0,1.0,C01,138Â 298Â 700,1.0
962631,201900004162,7,10,17:02,1,1,1,1.0,6.0,50304,Rue de la Perrelle,M,"48,9442580"," -1,3880790",50,2019,80.0,1.0,1.0,3.0,2151543,2.0,2,1,2,0.0,,0.0,0,2001.0,C01,138Â 298Â 700,1.0,-1.0,-1.0,1642999,0.0,7,,0.0,2.0,3.0,A01,138Â 298Â 698,1.0
962631,201900004162,7,10,17:02,1,1,1,1.0,6.0,50304,Rue de la Perrelle,M,"48,9442580"," -1,3880790",50,2019,80.0,1.0,1.0,3.0,2151543,2.0,2,1,2,0.0,,0.0,0,2001.0,C01,138Â 298Â 700,1.0,-1.0,-1.0,1643000,0.0,7,,0.0,2.0,8.0,B01,138Â 298Â 699,1.0
962631,201900004162,7,10,17:02,1,1,1,1.0,6.0,50304,Rue de la Perrelle,M,"48,9442580"," -1,3880790",50,2019,80.0,1.0,1.0,3.0,2151543,2.0,2,1,2,0.0,,0.0,0,2001.0,C01,138Â 298Â 700,1.0,-1.0,-1.0,1643001,0.0,7,,0.0,2.0,1.0,C01,138Â 298Â 700,1.0
962631,201900004162,7,10,17:02,1,1,1,1.0,6.0,50304,Rue de la Perrelle,M,"48,9442580"," -1,3880790",50,2019,80.0,1.0,1.0,3.0,2151544,1.0,1,3,2,0.0,,0.0,0,1991.0,C01,138Â 298Â 700,1.0,-1.0,-1.0,1642999,0.0,7,,0.0,2.0,3.0,A01,138Â 298Â 698,1.0
962631,201900004162,7,10,17:02,1,1,1,1.0,6.0,50304,Rue de la Perrelle,M,"48,9442580"," -1,3880790",50,2019,80.0,1.0,1.0,3.0,2151544,1.0,1,3,2,0.0,,0.0,0,1991.0,C01,138Â 298Â 700,1.0,-1.0,-1.0,1643000,0.0,7,,0.0,2.0,8.0,B01,138Â 298Â 699,1.0
962631,201900004162,7,10,17:02,1,1,1,1.0,6.0,50304,Rue de la Perrelle,M,"48,9442580"," -1,3880790",50,2019,80.0,1.0,1.0,3.0,2151544,1.0,1,3,2,0.0,,0.0,0,1991.0,C01,138Â 298Â 700,1.0,-1.0,-1.0,1643001,0.0,7,,0.0,2.0,1.0,C01,138Â 298Â 700,1.0
962632,201900004163,7,2,14:55,1,1,1,1.0,7.0,64273,dÃ©partemetale 08,M,"43,2656850"," -1,2195710",64,2019,80.0,8.0,1.0,3.0,2151545,2.0,2,1,2,5.0,,0.0,0,1951.0,A01,138Â 298Â 697,1.0,-1.0,-1.0,1643002,2.0,7,,0.0,0.0,0.0,A01,138Â 298Â 697,1.0
962632,201900004163,7,2,14:55,1,1,1,1.0,7.0,64273,dÃ©partemetale 08,M,"43,2656850"," -1,2195710",64,2019,80.0,8.0,1.0,3.0,2151546,1.0,1,2,1,1.0,,0.0,0,1940.0,A01,138Â 298Â 697,1.0,-1.0,-1.0,1643002,2.0,7,,0.0,0.0,0.0,A01,138Â 298Â 697,1.0
962633,201900004164,7,10,08:50,1,1,1,1.0,7.0,53013,CD 121 PK 003.800,M,"48,3590300"," -0,2322320",53,2019,80.0,3.0,1.0,3.0,2151547,1.0,1,3,1,5.0,,0.0,0,1949.0,A01,138Â 298Â 696,1.0,-1.0,-1.0,1643003,2.0,7,,2.0,0.0,0.0,A01,138Â 298Â 696,1.0
962634,201900004165,7,10,08:55,1,2,1,7.0,6.0,85246,89 Rue Docteur Gauducheau,M,"46,7206200"," -1,1780100",85,2019,50.0,1.0,1.0,3.0,2151548,1.0,1,1,1,9.0,,0.0,0,1963.0,A01,138Â 298Â 695,1.0,-1.0,-1.0,1643004,2.0,7,,0.0,1.0,1.0,A01,138Â 298Â 695,1.0
962634,201900004165,7,10,08:55,1,2,1,7.0,6.0,85246,89 Rue Docteur Gauducheau,M,"46,7206200"," -1,1780100",85,2019,50.0,1.0,1.0,3.0,2151549,10.0,3,4,1,5.0,,2.0,3,1932.0,A01,138Â 298Â 695,0.0,-1.0,-1.0,1643004,2.0,7,,0.0,1.0,1.0,A01,138Â 298Â 695,1.0
962635,201900004166,7,5,16:35,1,1,1,1.0,6.0,37053,D21,M,"47,1371048","0,9744315",37,2019,80.0,3.0,1.0,3.0,2151550,1.0,1,3,2,9.0,,0.0,0,1999.0,A01,138Â 298Â 694,1.0,-1.0,-1.0,1643005,1.0,7,,2.0,0.0,3.0,A01,138Â 298Â 694,0.0
962636,201900004167,7,10,12:40,1,1,1,1.0,7.0,30276,Route des Saintes-MariÃ©s de la Mer,M,"43,5830900","4,2450030",30,2019,80.0,3.0,1.0,3.0,2151551,2.0,2,2,2,5.0,,0.0,0,1959.0,A01,138Â 298Â 693,0.0,-1.0,-1.0,1643006,1.0,7,,7.0,0.0,9.0,A01,138Â 298Â 693,1.0
962636,201900004167,7,10,12:40,1,1,1,1.0,7.0,30276,Route des Saintes-MariÃ©s de la Mer,M,"43,5830900","4,2450030",30,2019,80.0,3.0,1.0,3.0,2151552,1.0,1,4,1,5.0,,0.0,0,1947.0,A01,138Â 298Â 693,1.0,-1.0,-1.0,1643006,1.0,7,,7.0,0.0,9.0,A01,138Â 298Â 693,1.0
962637,201900004168,7,10,15:05,1,1,1,1.0,5.0,08037,RD8043,M,"49,8626070","4,3578340",8,2019,80.0,1.0,1.0,3.0,2151553,1.0,1,2,1,3.0,,0.0,0,1970.0,A01,138Â 298Â 690,1.0,-1.0,-1.0,1643007,1.0,3,,0.0,2.0,1.0,A01,138Â 298Â 690,1.0
962637,201900004168,7,10,15:05,1,1,1,1.0,5.0,08037,RD8043,M,"49,8626070","4,3578340",8,2019,80.0,1.0,1.0,3.0,2151553,1.0,1,2,1,3.0,,0.0,0,1970.0,A01,138Â 298Â 690,1.0,-1.0,-1.0,1643008,2.0,7,,0.0,2.0,1.0,B01,138Â 298Â 691,1.0
962637,201900004168,7,10,15:05,1,1,1,1.0,5.0,08037,RD8043,M,"49,8626070","4,3578340",8,2019,80.0,1.0,1.0,3.0,2151553,1.0,1,2,1,3.0,,0.0,0,1970.0,A01,138Â 298Â 690,1.0,-1.0,-1.0,1643009,1.0,7,,0.0,2.0,1.0,C01,138Â 298Â 692,1.0
962637,201900004168,7,10,15:05,1,1,1,1.0,5.0,08037,RD8043,M,"49,8626070","4,3578340",8,2019,80.0,1.0,1.0,3.0,2151554,2.0,2,2,2,3.0,,0.0,0,1942.0,A01,138Â 298Â 690,1.0,-1.0,-1.0,1643007,1.0,3,,0.0,2.0,1.0,A01,138Â 298Â 690,1.0
962637,201900004168,7,10,15:05,1,1,1,1.0,5.0,08037,RD8043,M,"49,8626070","4,3578340",8,2019,80.0,1.0,1.0,3.0,2151554,2.0,2,2,2,3.0,,0.0,0,1942.0,A01,138Â 298Â 690,1.0,-1.0,-1.0,1643008,2.0,7,,0.0,2.0,1.0,B01,138Â 298Â 691,1.0
962637,201900004168,7,10,15:05,1,1,1,1.0,5.0,08037,RD8043,M,"49,8626070","4,3578340",8,2019,80.0,1.0,1.0,3.0,2151554,2.0,2,2,2,3.0,,0.0,0,1942.0,A01,138Â 298Â 690,1.0,-1.0,-1.0,1643009,1.0,7,,0.0,2.0,1.0,C01,138Â 298Â 692,1.0
962637,201900004168,7,10,15:05,1,1,1,1.0,5.0,08037,RD8043,M,"49,8626070","4,3578340",8,2019,80.0,1.0,1.0,3.0,2151555,1.0,1,4,2,0.0,,0.0,0,1974.0,B01,138Â 298Â 691,1.0,-1.0,-1.0,1643007,1.0,3,,0.0,2.0,1.0,A01,138Â 298Â 690,1.0
962637,201900004168,7,10,15:05,1,1,1,1.0,5.0,08037,RD8043,M,"49,8626070","4,3578340",8,2019,80.0,1.0,1.0,3.0,2151555,1.0,1,4,2,0.0,,0.0,0,1974.0,B01,138Â 298Â 691,1.0,-1.0,-1.0,1643008,2.0,7,,0.0,2.0,1.0,B01,138Â 298Â 691,1.0
962637,201900004168,7,10,15:05,1,1,1,1.0,5.0,08037,RD8043,M,"49,8626070","4,3578340",8,2019,80.0,1.0,1.0,3.0,2151555,1.0,1,4,2,0.0,,0.0,0,1974.0,B01,138Â 298Â 691,1.0,-1.0,-1.0,1643009,1.0,7,,0.0,2.0,1.0,C01,138Â 298Â 692,1.0
962637,201900004168,7,10,15:05,1,1,1,1.0,5.0,08037,RD8043,M,"49,8626070","4,3578340",8,2019,80.0,1.0,1.0,3.0,2151556,1.0,1,1,1,0.0,,0.0,0,1968.0,C01,138Â 298Â 692,1.0,-1.0,-1.0,1643007,1.0,3,,0.0,2.0,1.0,A01,138Â 298Â 690,1.0
962637,201900004168,7,10,15:05,1,1,1,1.0,5.0,08037,RD8043,M,"49,8626070","4,3578340",8,2019,80.0,1.0,1.0,3.0,2151556,1.0,1,1,1,0.0,,0.0,0,1968.0,C01,138Â 298Â 692,1.0,-1.0,-1.0,1643008,2.0,7,,0.0,2.0,1.0,B01,138Â 298Â 691,1.0
962637,201900004168,7,10,15:05,1,1,1,1.0,5.0,08037,RD8043,M,"49,8626070","4,3578340",8,2019,80.0,1.0,1.0,3.0,2151556,1.0,1,1,1,0.0,,0.0,0,1968.0,C01,138Â 298Â 692,1.0,-1.0,-1.0,1643009,1.0,7,,0.0,2.0,1.0,C01,138Â 298Â 692,1.0
962638,201900004169,7,9,19:30,3,2,1,1.0,7.0,97309,Route des Plages,M,"4,8607820"," -52,2567610",973,2019,50.0,8.0,1.0,3.0,2151557,1.0,1,3,1,5.0,,0.0,0,1998.0,A01,138Â 298Â 689,2.0,-1.0,-1.0,1643010,1.0,30,,0.0,0.0,0.0,A01,138Â 298Â 689,0.0
962639,201900004170,7,9,11:45,1,1,1,1.0,3.0,97134,Boulevard Commandant Mortenol,M,"16,0577930"," -61,7620920",971,2019,70.0,1.0,1.0,4.0,2151558,1.0,1,1,2,4.0,,0.0,0,1964.0,B01,138Â 298Â 687,1.0,-1.0,-1.0,1643011,0.0,7,,0.0,2.0,3.0,B01,138Â 298Â 687,1.0
962639,201900004170,7,9,11:45,1,1,1,1.0,3.0,97134,Boulevard Commandant Mortenol,M,"16,0577930"," -61,7620920",971,2019,70.0,1.0,1.0,4.0,2151558,1.0,1,1,2,4.0,,0.0,0,1964.0,B01,138Â 298Â 687,1.0,-1.0,-1.0,1643012,0.0,1,,0.0,2.0,1.0,A01,138Â 298Â 688,5.0
962639,201900004170,7,9,11:45,1,1,1,1.0,3.0,97134,Boulevard Commandant Mortenol,M,"16,0577930"," -61,7620920",971,2019,70.0,1.0,1.0,4.0,2151559,1.0,1,3,1,0.0,,0.0,0,2013.0,A01,138Â 298Â 688,0.0,-1.0,-1.0,1643011,0.0,7,,0.0,2.0,3.0,B01,138Â 298Â 687,1.0
962639,201900004170,7,9,11:45,1,1,1,1.0,3.0,97134,Boulevard Commandant Mortenol,M,"16,0577930"," -61,7620920",971,2019,70.0,1.0,1.0,4.0,2151559,1.0,1,3,1,0.0,,0.0,0,2013.0,A01,138Â 298Â 688,0.0,-1.0,-1.0,1643012,0.0,1,,0.0,2.0,1.0,A01,138Â 298Â 688,5.0
962640,201900004171,7,9,14:00,1,1,1,1.0,7.0,2B332,D81,M,"42,6470210","9,1014230",2B,2019,80.0,1.0,8.0,3.0,2151560,1.0,1,4,1,5.0,,0.0,0,1997.0,A01,138Â 298Â 686,8.0,-1.0,-1.0,1643013,3.0,33,,0.0,0.0,3.0,A01,138Â 298Â 686,1.0
962640,201900004171,7,9,14:00,1,1,1,1.0,7.0,2B332,D81,M,"42,6470210","9,1014230",2B,2019,80.0,1.0,8.0,3.0,2151561,2.0,2,4,2,5.0,,0.0,0,1998.0,A01,138Â 298Â 686,8.0,-1.0,-1.0,1643013,3.0,33,,0.0,0.0,3.0,A01,138Â 298Â 686,1.0
962641,201900004172,7,9,18:50,1,2,1,1.0,1.0,83071,Avenue des Collines Bleues,M,"43,1751170","6,2834820",83,2019,50.0,1.0,1.0,4.0,2151562,1.0,1,1,1,5.0,,0.0,0,1947.0,B01,138Â 298Â 684,1.0,-1.0,-1.0,1643014,3.0,7,,0.0,2.0,3.0,B01,138Â 298Â 684,1.0
962641,201900004172,7,9,18:50,1,2,1,1.0,1.0,83071,Avenue des Collines Bleues,M,"43,1751170","6,2834820",83,2019,50.0,1.0,1.0,4.0,2151562,1.0,1,1,1,5.0,,0.0,0,1947.0,B01,138Â 298Â 684,1.0,-1.0,-1.0,1643015,3.0,34,,0.0,2.0,0.0,A01,138Â 298Â 685,1.0
962641,201900004172,7,9,18:50,1,2,1,1.0,1.0,83071,Avenue des Collines Bleues,M,"43,1751170","6,2834820",83,2019,50.0,1.0,1.0,4.0,2151563,1.0,1,4,1,9.0,,0.0,0,1990.0,A01,138Â 298Â 685,2.0,6.0,-1.0,1643014,3.0,7,,0.0,2.0,3.0,B01,138Â 298Â 684,1.0
962641,201900004172,7,9,18:50,1,2,1,1.0,1.0,83071,Avenue des Collines Bleues,M,"43,1751170","6,2834820",83,2019,50.0,1.0,1.0,4.0,2151563,1.0,1,4,1,9.0,,0.0,0,1990.0,A01,138Â 298Â 685,2.0,6.0,-1.0,1643015,3.0,34,,0.0,2.0,0.0,A01,138Â 298Â 685,1.0
962642,201900004173,7,10,07:00,1,1,1,1.0,7.0,04152,Ch des plaines,M,"43,8068790","5,7693280",4,2019,70.0,3.0,6.0,4.0,2151564,2.0,2,4,2,5.0,,0.0,0,1998.0,A01,138Â 298Â 683,1.0,-1.0,-1.0,1643016,3.0,7,,0.0,0.0,9.0,A01,138Â 298Â 683,1.0
962642,201900004173,7,10,07:00,1,1,1,1.0,7.0,04152,Ch des plaines,M,"43,8068790","5,7693280",4,2019,70.0,3.0,6.0,4.0,2151565,1.0,1,1,2,5.0,,0.0,0,1999.0,A01,138Â 298Â 683,1.0,-1.0,-1.0,1643016,3.0,7,,0.0,0.0,9.0,A01,138Â 298Â 683,1.0
962642,201900004173,7,10,07:00,1,1,1,1.0,7.0,04152,Ch des plaines,M,"43,8068790","5,7693280",4,2019,70.0,3.0,6.0,4.0,2151566,2.0,2,4,2,5.0,,0.0,0,1999.0,A01,138Â 298Â 683,1.0,-1.0,-1.0,1643016,3.0,7,,0.0,0.0,9.0,A01,138Â 298Â 683,1.0
962643,201900004174,7,9,17:20,1,1,1,1.0,5.0,04242,RD 4096,M,"43,8813720","5,8505780",4,2019,70.0,1.0,1.0,3.0,2151567,1.0,1,3,1,5.0,,0.0,0,1959.0,C01,138Â 298Â 680,1.0,-1.0,-1.0,1643017,2.0,7,,0.0,2.0,1.0,C01,138Â 298Â 680,1.0
962643,201900004174,7,9,17:20,1,1,1,1.0,5.0,04242,RD 4096,M,"43,8813720","5,8505780",4,2019,70.0,1.0,1.0,3.0,2151567,1.0,1,3,1,5.0,,0.0,0,1959.0,C01,138Â 298Â 680,1.0,-1.0,-1.0,1643018,1.0,7,,0.0,2.0,8.0,B01,138Â 298Â 681,1.0
962643,201900004174,7,9,17:20,1,1,1,1.0,5.0,04242,RD 4096,M,"43,8813720","5,8505780",4,2019,70.0,1.0,1.0,3.0,2151567,1.0,1,3,1,5.0,,0.0,0,1959.0,C01,138Â 298Â 680,1.0,-1.0,-1.0,1643019,1.0,7,,0.0,2.0,1.0,A01,138Â 298Â 682,1.0
962643,201900004174,7,9,17:20,1,1,1,1.0,5.0,04242,RD 4096,M,"43,8813720","5,8505780",4,2019,70.0,1.0,1.0,3.0,2151568,2.0,2,4,2,5.0,,0.0,0,1938.0,B01,138Â 298Â 681,1.0,-1.0,-1.0,1643017,2.0,7,,0.0,2.0,1.0,C01,138Â 298Â 680,1.0
962643,201900004174,7,9,17:20,1,1,1,1.0,5.0,04242,RD 4096,M,"43,8813720","5,8505780",4,2019,70.0,1.0,1.0,3.0,2151568,2.0,2,4,2,5.0,,0.0,0,1938.0,B01,138Â 298Â 681,1.0,-1.0,-1.0,1643018,1.0,7,,0.0,2.0,8.0,B01,138Â 298Â 681,1.0
962643,201900004174,7,9,17:20,1,1,1,1.0,5.0,04242,RD 4096,M,"43,8813720","5,8505780",4,2019,70.0,1.0,1.0,3.0,2151568,2.0,2,4,2,5.0,,0.0,0,1938.0,B01,138Â 298Â 681,1.0,-1.0,-1.0,1643019,1.0,7,,0.0,2.0,1.0,A01,138Â 298Â 682,1.0
962643,201900004174,7,9,17:20,1,1,1,1.0,5.0,04242,RD 4096,M,"43,8813720","5,8505780",4,2019,70.0,1.0,1.0,3.0,2151569,1.0,1,4,1,9.0,,0.0,0,1936.0,B01,138Â 298Â 681,1.0,-1.0,-1.0,1643017,2.0,7,,0.0,2.0,1.0,C01,138Â 298Â 680,1.0
962643,201900004174,7,9,17:20,1,1,1,1.0,5.0,04242,RD 4096,M,"43,8813720","5,8505780",4,2019,70.0,1.0,1.0,3.0,2151569,1.0,1,4,1,9.0,,0.0,0,1936.0,B01,138Â 298Â 681,1.0,-1.0,-1.0,1643018,1.0,7,,0.0,2.0,8.0,B01,138Â 298Â 681,1.0
962643,201900004174,7,9,17:20,1,1,1,1.0,5.0,04242,RD 4096,M,"43,8813720","5,8505780",4,2019,70.0,1.0,1.0,3.0,2151569,1.0,1,4,1,9.0,,0.0,0,1936.0,B01,138Â 298Â 681,1.0,-1.0,-1.0,1643019,1.0,7,,0.0,2.0,1.0,A01,138Â 298Â 682,1.0
962643,201900004174,7,9,17:20,1,1,1,1.0,5.0,04242,RD 4096,M,"43,8813720","5,8505780",4,2019,70.0,1.0,1.0,3.0,2151570,2.0,2,3,1,5.0,,0.0,0,1998.0,A01,138Â 298Â 682,1.0,-1.0,-1.0,1643017,2.0,7,,0.0,2.0,1.0,C01,138Â 298Â 680,1.0
962643,201900004174,7,9,17:20,1,1,1,1.0,5.0,04242,RD 4096,M,"43,8813720","5,8505780",4,2019,70.0,1.0,1.0,3.0,2151570,2.0,2,3,1,5.0,,0.0,0,1998.0,A01,138Â 298Â 682,1.0,-1.0,-1.0,1643018,1.0,7,,0.0,2.0,8.0,B01,138Â 298Â 681,1.0
962643,201900004174,7,9,17:20,1,1,1,1.0,5.0,04242,RD 4096,M,"43,8813720","5,8505780",4,2019,70.0,1.0,1.0,3.0,2151570,2.0,2,3,1,5.0,,0.0,0,1998.0,A01,138Â 298Â 682,1.0,-1.0,-1.0,1643019,1.0,7,,0.0,2.0,1.0,A01,138Â 298Â 682,1.0
962643,201900004174,7,9,17:20,1,1,1,1.0,5.0,04242,RD 4096,M,"43,8813720","5,8505780",4,2019,70.0,1.0,1.0,3.0,2151571,1.0,1,3,1,5.0,,0.0,0,1954.0,A01,138Â 298Â 682,1.0,-1.0,-1.0,1643017,2.0,7,,0.0,2.0,1.0,C01,138Â 298Â 680,1.0
962643,201900004174,7,9,17:20,1,1,1,1.0,5.0,04242,RD 4096,M,"43,8813720","5,8505780",4,2019,70.0,1.0,1.0,3.0,2151571,1.0,1,3,1,5.0,,0.0,0,1954.0,A01,138Â 298Â 682,1.0,-1.0,-1.0,1643018,1.0,7,,0.0,2.0,8.0,B01,138Â 298Â 681,1.0
962643,201900004174,7,9,17:20,1,1,1,1.0,5.0,04242,RD 4096,M,"43,8813720","5,8505780",4,2019,70.0,1.0,1.0,3.0,2151571,1.0,1,3,1,5.0,,0.0,0,1954.0,A01,138Â 298Â 682,1.0,-1.0,-1.0,1643019,1.0,7,,0.0,2.0,1.0,A01,138Â 298Â 682,1.0
962644,201900004175,7,7,01:50,5,2,1,1.0,7.0,70446,17 Rue des Ãpoux Blanchot,M,"47,4696740","5,6229330",70,2019,50.0,1.0,1.0,3.0,2151572,1.0,1,4,1,5.0,,0.0,0,1993.0,A01,138Â 298Â 679,0.0,-1.0,-1.0,1643020,0.0,33,,0.0,0.0,0.0,A01,138Â 298Â 679,1.0