Unnamed: 0_x,num_acc,mois,jour,hrmn,lum,agg,int,atm,col,com,adr,gps,lat,long,dep,annee,vma,situ,surf,catr,Unnamed: 0_y,place,catu,grav,sexe,trajet,secu,locp,actp,an_nais,num_veh_x,id_vehicule_x,secu1,secu2,secu3,Unnamed: 0,senc,catv,occutc,obs,obsm,choc,num_veh_y,id_vehicule_y,motor
962645,201900004176,7,9,01:00,3,2,1,1.0,6.0,58051,Rue du 19 Mars 1962,M,"46,9516800","3,1541790",58,2019,50.0,4.0,1.0,3.0,2151573,1.0,1,3,1,5.0,,0.0,0,2002.0,A01,138Â 298Â 678,2.0,-1.0,-1.0,1643021,2.0,2,,12.0,0.0,3.0,A01,138Â 298Â 678,1.0
962646,201900004177,7,9,19:20,1,2,3,1.0,6.0,55427,2 rue des chanoines rev,M,"48,8281010","4,9832670",55,2019,50.0,1.0,1.0,4.0,2151574,1.0,1,3,1,5.0,,0.0,0,2003.0,A01,138Â 298Â 677,2.0,6.0,-1.0,1643022,3.0,2,,6.0,0.0,1.0,A01,138Â 298Â 677,1.0
962647,201900004178,7,8,14:45,1,2,1,1.0,7.0,54397,94 Rue Pierre et Marie Curie,M,"48,6134900","6,1186690",54,2019,50.0,1.0,1.0,3.0,2151575,1.0,1,3,1,9.0,,0.0,0,1974.0,A01,138Â 298Â 676,2.0,-1.0,-1.0,1643023,1.0,1,,12.0,0.0,2.0,A01,138Â 298Â 676,0.0
962648,201900004179,7,5,01:40,5,2,6,1.0,6.0,74094,Route des Chasseurs,M,"46,2040575","6,2851270",74,2019,50.0,1.0,1.0,3.0,2151576,1.0,1,3,1,5.0,,0.0,0,1973.0,A01,138Â 298Â 675,2.0,6.0,9.0,1643024,2.0,33,,8.0,0.0,7.0,A01,138Â 298Â 675,1.0
962649,201900004180,7,9,18:15,1,1,3,1.0,3.0,73150,RD220 / RD86B,M,"45,5665981","6,7152430",73,2019,80.0,1.0,1.0,3.0,2151577,1.0,1,4,1,1.0,,0.0,0,2002.0,B01,138Â 298Â 673,2.0,6.0,-1.0,1643025,2.0,2,,0.0,2.0,1.0,B01,138Â 298Â 673,1.0
962649,201900004180,7,9,18:15,1,1,3,1.0,3.0,73150,RD220 / RD86B,M,"45,5665981","6,7152430",73,2019,80.0,1.0,1.0,3.0,2151577,1.0,1,4,1,1.0,,0.0,0,2002.0,B01,138Â 298Â 673,2.0,6.0,-1.0,1643026,1.0,7,,0.0,2.0,7.0,A01,138Â 298Â 674,1.0
962649,201900004180,7,9,18:15,1,1,3,1.0,3.0,73150,RD220 / RD86B,M,"45,5665981","6,7152430",73,2019,80.0,1.0,1.0,3.0,2151578,1.0,1,1,1,1.0,,0.0,0,1974.0,A01,138Â 298Â 674,1.0,-1.0,-1.0,1643025,2.0,2,,0.0,2.0,1.0,B01,138Â 298Â 673,1.0
962649,201900004180,7,9,18:15,1,1,3,1.0,3.0,73150,RD220 / RD86B,M,"45,5665981","6,7152430",73,2019,80.0,1.0,1.0,3.0,2151578,1.0,1,1,1,1.0,,0.0,0,1974.0,A01,138Â 298Â 674,1.0,-1.0,-1.0,1643026,1.0,7,,0.0,2.0,7.0,A01,138Â 298Â 674,1.0
962650,201900004181,7,10,10:50,1,1,1,1.0,7.0,26182,Route dÃ©partementale 538,M,"44,3323010","5,1075100",26,2019,80.0,1.0,1.0,3.0,2151579,1.0,1,4,1,5.0,,0.0,0,1949.0,A01,138Â 298Â 672,2.0,-1.0,-1.0,1643027,2.0,1,,0.0,9.0,0.0,A01,138Â 298Â 672,5.0
962651,201900004182,7,9,17:50,1,2,1,1.0,3.0,01262,368 Faubourg de Lyon,M,"45,8485910","5,0484310",1,2019,50.0,1.0,1.0,3.0,2151580,1.0,1,4,1,0.0,,0.0,0,1997.0,B01,138Â 298Â 670,8.0,-1.0,-1.0,1643028,1.0,33,,0.0,2.0,1.0,B01,138Â 298Â 670,1.0
962651,201900004182,7,9,17:50,1,2,1,1.0,3.0,01262,368 Faubourg de Lyon,M,"45,8485910","5,0484310",1,2019,50.0,1.0,1.0,3.0,2151580,1.0,1,4,1,0.0,,0.0,0,1997.0,B01,138Â 298Â 670,8.0,-1.0,-1.0,1643029,1.0,7,,0.0,2.0,3.0,A01,138Â 298Â 671,1.0
962651,201900004182,7,9,17:50,1,2,1,1.0,3.0,01262,368 Faubourg de Lyon,M,"45,8485910","5,0484310",1,2019,50.0,1.0,1.0,3.0,2151581,1.0,1,1,1,0.0,,0.0,0,1978.0,A01,138Â 298Â 671,8.0,-1.0,-1.0,1643028,1.0,33,,0.0,2.0,1.0,B01,138Â 298Â 670,1.0
962651,201900004182,7,9,17:50,1,2,1,1.0,3.0,01262,368 Faubourg de Lyon,M,"45,8485910","5,0484310",1,2019,50.0,1.0,1.0,3.0,2151581,1.0,1,1,1,0.0,,0.0,0,1978.0,A01,138Â 298Â 671,8.0,-1.0,-1.0,1643029,1.0,7,,0.0,2.0,3.0,A01,138Â 298Â 671,1.0
962652,201900004183,7,10,14:20,1,1,1,1.0,6.0,33077,RD651,M,"44,5782700"," -0,6008700",33,2019,80.0,1.0,1.0,3.0,2151582,1.0,1,4,1,5.0,,0.0,0,1997.0,A01,138Â 298Â 669,1.0,-1.0,-1.0,1643030,1.0,7,,0.0,0.0,9.0,A01,138Â 298Â 669,1.0
962652,201900004183,7,10,14:20,1,1,1,1.0,6.0,33077,RD651,M,"44,5782700"," -0,6008700",33,2019,80.0,1.0,1.0,3.0,2151583,2.0,2,4,1,5.0,,0.0,0,1999.0,A01,138Â 298Â 669,8.0,-1.0,-1.0,1643030,1.0,7,,0.0,0.0,9.0,A01,138Â 298Â 669,1.0
962652,201900004183,7,10,14:20,1,1,1,1.0,6.0,33077,RD651,M,"44,5782700"," -0,6008700",33,2019,80.0,1.0,1.0,3.0,2151584,7.0,2,3,2,5.0,,0.0,0,1996.0,A01,138Â 298Â 669,0.0,-1.0,-1.0,1643030,1.0,7,,0.0,0.0,9.0,A01,138Â 298Â 669,1.0
962652,201900004183,7,10,14:20,1,1,1,1.0,6.0,33077,RD651,M,"44,5782700"," -0,6008700",33,2019,80.0,1.0,1.0,3.0,2151585,8.0,2,4,1,5.0,,0.0,0,2002.0,A01,138Â 298Â 669,8.0,-1.0,-1.0,1643030,1.0,7,,0.0,0.0,9.0,A01,138Â 298Â 669,1.0
962652,201900004183,7,10,14:20,1,1,1,1.0,6.0,33077,RD651,M,"44,5782700"," -0,6008700",33,2019,80.0,1.0,1.0,3.0,2151586,9.0,2,4,1,5.0,,0.0,0,2002.0,A01,138Â 298Â 669,8.0,-1.0,-1.0,1643030,1.0,7,,0.0,0.0,9.0,A01,138Â 298Â 669,1.0
962653,201900004184,7,9,15:00,1,2,1,1.0,3.0,33487,121 Avenue Gustave Eiffel,M,"44,9418850"," -0,4707440",33,2019,70.0,1.0,1.0,4.0,2151587,1.0,1,4,1,1.0,,0.0,0,1970.0,B01,138Â 298Â 667,2.0,6.0,-1.0,1643031,3.0,33,,0.0,0.0,1.0,B01,138Â 298Â 667,1.0
962653,201900004184,7,9,15:00,1,2,1,1.0,3.0,33487,121 Avenue Gustave Eiffel,M,"44,9418850"," -0,4707440",33,2019,70.0,1.0,1.0,4.0,2151587,1.0,1,4,1,1.0,,0.0,0,1970.0,B01,138Â 298Â 667,2.0,6.0,-1.0,1643032,3.0,2,,0.0,2.0,8.0,A01,138Â 298Â 668,1.0
962653,201900004184,7,9,15:00,1,2,1,1.0,3.0,33487,121 Avenue Gustave Eiffel,M,"44,9418850"," -0,4707440",33,2019,70.0,1.0,1.0,4.0,2151588,2.0,2,1,2,5.0,,0.0,0,2001.0,A01,138Â 298Â 668,2.0,6.0,-1.0,1643031,3.0,33,,0.0,0.0,1.0,B01,138Â 298Â 667,1.0
962653,201900004184,7,9,15:00,1,2,1,1.0,3.0,33487,121 Avenue Gustave Eiffel,M,"44,9418850"," -0,4707440",33,2019,70.0,1.0,1.0,4.0,2151588,2.0,2,1,2,5.0,,0.0,0,2001.0,A01,138Â 298Â 668,2.0,6.0,-1.0,1643032,3.0,2,,0.0,2.0,8.0,A01,138Â 298Â 668,1.0
962653,201900004184,7,9,15:00,1,2,1,1.0,3.0,33487,121 Avenue Gustave Eiffel,M,"44,9418850"," -0,4707440",33,2019,70.0,1.0,1.0,4.0,2151589,1.0,1,1,1,5.0,,0.0,0,2002.0,A01,138Â 298Â 668,2.0,6.0,-1.0,1643031,3.0,33,,0.0,0.0,1.0,B01,138Â 298Â 667,1.0
962653,201900004184,7,9,15:00,1,2,1,1.0,3.0,33487,121 Avenue Gustave Eiffel,M,"44,9418850"," -0,4707440",33,2019,70.0,1.0,1.0,4.0,2151589,1.0,1,1,1,5.0,,0.0,0,2002.0,A01,138Â 298Â 668,2.0,6.0,-1.0,1643032,3.0,2,,0.0,2.0,8.0,A01,138Â 298Â 668,1.0
962654,201900004185,7,10,01:00,3,1,1,1.0,6.0,33376,Route de Cujac,M,"44,9341350"," -0,7153360",33,2019,80.0,3.0,1.0,4.0,2151590,1.0,1,2,1,5.0,,0.0,0,1967.0,A01,138Â 298Â 666,8.0,-1.0,-1.0,1643033,1.0,7,,2.0,0.0,1.0,A01,138Â 298Â 666,1.0
962655,201900004186,7,10,10:20,1,2,6,1.0,2.0,44110,rond point des combattants,M,"47,4378460"," -1,4998950",44,2019,50.0,1.0,1.0,3.0,2151591,1.0,1,3,2,5.0,,0.0,0,1940.0,B01,138Â 298Â 664,0.0,-1.0,-1.0,1643034,1.0,1,,0.0,0.0,4.0,B01,138Â 298Â 664,5.0
962655,201900004186,7,10,10:20,1,2,6,1.0,2.0,44110,rond point des combattants,M,"47,4378460"," -1,4998950",44,2019,50.0,1.0,1.0,3.0,2151591,1.0,1,3,2,5.0,,0.0,0,1940.0,B01,138Â 298Â 664,0.0,-1.0,-1.0,1643035,1.0,7,,0.0,2.0,2.0,A01,138Â 298Â 665,1.0
962655,201900004186,7,10,10:20,1,2,6,1.0,2.0,44110,rond point des combattants,M,"47,4378460"," -1,4998950",44,2019,50.0,1.0,1.0,3.0,2151592,1.0,1,1,1,5.0,,0.0,0,1944.0,A01,138Â 298Â 665,1.0,-1.0,-1.0,1643034,1.0,1,,0.0,0.0,4.0,B01,138Â 298Â 664,5.0
962655,201900004186,7,10,10:20,1,2,6,1.0,2.0,44110,rond point des combattants,M,"47,4378460"," -1,4998950",44,2019,50.0,1.0,1.0,3.0,2151592,1.0,1,1,1,5.0,,0.0,0,1944.0,A01,138Â 298Â 665,1.0,-1.0,-1.0,1643035,1.0,7,,0.0,2.0,2.0,A01,138Â 298Â 665,1.0
962656,201900004187,7,9,19:10,1,1,1,1.0,2.0,13071,A55-Sens Martigues vers Marseille,M,"43,3725300","5,3202030",13,2019,90.0,1.0,1.0,1.0,2151593,2.0,1,4,1,0.0,,-1.0, -1,1983.0,B01,138Â 298Â 661,2.0,6.0,-1.0,1643036,2.0,34,,0.0,2.0,1.0,B01,138Â 298Â 661,1.0
962656,201900004187,7,9,19:10,1,1,1,1.0,2.0,13071,A55-Sens Martigues vers Marseille,M,"43,3725300","5,3202030",13,2019,90.0,1.0,1.0,1.0,2151593,2.0,1,4,1,0.0,,-1.0, -1,1983.0,B01,138Â 298Â 661,2.0,6.0,-1.0,1643037,2.0,7,,0.0,2.0,5.0,A01,138Â 298Â 662,1.0
962656,201900004187,7,9,19:10,1,1,1,1.0,2.0,13071,A55-Sens Martigues vers Marseille,M,"43,3725300","5,3202030",13,2019,90.0,1.0,1.0,1.0,2151594,2.0,2,4,2,5.0,,-1.0, -1,1963.0,B01,138Â 298Â 661,2.0,6.0,-1.0,1643036,2.0,34,,0.0,2.0,1.0,B01,138Â 298Â 661,1.0
962656,201900004187,7,9,19:10,1,1,1,1.0,2.0,13071,A55-Sens Martigues vers Marseille,M,"43,3725300","5,3202030",13,2019,90.0,1.0,1.0,1.0,2151594,2.0,2,4,2,5.0,,-1.0, -1,1963.0,B01,138Â 298Â 661,2.0,6.0,-1.0,1643037,2.0,7,,0.0,2.0,5.0,A01,138Â 298Â 662,1.0
962656,201900004187,7,9,19:10,1,1,1,1.0,2.0,13071,A55-Sens Martigues vers Marseille,M,"43,3725300","5,3202030",13,2019,90.0,1.0,1.0,1.0,2151595,1.0,1,4,2,0.0,,-1.0, -1,1994.0,A01,138Â 298Â 662,1.0,0.0,-1.0,1643036,2.0,34,,0.0,2.0,1.0,B01,138Â 298Â 661,1.0
962656,201900004187,7,9,19:10,1,1,1,1.0,2.0,13071,A55-Sens Martigues vers Marseille,M,"43,3725300","5,3202030",13,2019,90.0,1.0,1.0,1.0,2151595,1.0,1,4,2,0.0,,-1.0, -1,1994.0,A01,138Â 298Â 662,1.0,0.0,-1.0,1643037,2.0,7,,0.0,2.0,5.0,A01,138Â 298Â 662,1.0
962657,201900004188,7,9,11:45,1,1,1,2.0,2.0,13056,A55-Sens Martigues vers Marseille,M,"43,3994540","5,0449070",13,2019,90.0,1.0,1.0,1.0,2151596,1.0,1,4,2,0.0,,-1.0,0,2000.0,A01,138Â 298Â 659,1.0,0.0,-1.0,1643038,2.0,10,,0.0,2.0,1.0,A01,138Â 298Â 659,1.0
962657,201900004188,7,9,11:45,1,1,1,2.0,2.0,13056,A55-Sens Martigues vers Marseille,M,"43,3994540","5,0449070",13,2019,90.0,1.0,1.0,1.0,2151596,1.0,1,4,2,0.0,,-1.0,0,2000.0,A01,138Â 298Â 659,1.0,0.0,-1.0,1643039,2.0,7,,0.0,2.0,4.0,B01,138Â 298Â 660,1.0
962657,201900004188,7,9,11:45,1,1,1,2.0,2.0,13056,A55-Sens Martigues vers Marseille,M,"43,3994540","5,0449070",13,2019,90.0,1.0,1.0,1.0,2151597,1.0,1,1,1,5.0,,-1.0,0,1963.0,B01,138Â 298Â 660,1.0,0.0,-1.0,1643038,2.0,10,,0.0,2.0,1.0,A01,138Â 298Â 659,1.0
962657,201900004188,7,9,11:45,1,1,1,2.0,2.0,13056,A55-Sens Martigues vers Marseille,M,"43,3994540","5,0449070",13,2019,90.0,1.0,1.0,1.0,2151597,1.0,1,1,1,5.0,,-1.0,0,1963.0,B01,138Â 298Â 660,1.0,0.0,-1.0,1643039,2.0,7,,0.0,2.0,4.0,B01,138Â 298Â 660,1.0
962657,201900004188,7,9,11:45,1,1,1,2.0,2.0,13056,A55-Sens Martigues vers Marseille,M,"43,3994540","5,0449070",13,2019,90.0,1.0,1.0,1.0,2151598,4.0,2,1,2,5.0,,-1.0, -1,1985.0,B01,138Â 298Â 660,1.0,0.0,-1.0,1643038,2.0,10,,0.0,2.0,1.0,A01,138Â 298Â 659,1.0
962657,201900004188,7,9,11:45,1,1,1,2.0,2.0,13056,A55-Sens Martigues vers Marseille,M,"43,3994540","5,0449070",13,2019,90.0,1.0,1.0,1.0,2151598,4.0,2,1,2,5.0,,-1.0, -1,1985.0,B01,138Â 298Â 660,1.0,0.0,-1.0,1643039,2.0,7,,0.0,2.0,4.0,B01,138Â 298Â 660,1.0
962657,201900004188,7,9,11:45,1,1,1,2.0,2.0,13056,A55-Sens Martigues vers Marseille,M,"43,3994540","5,0449070",13,2019,90.0,1.0,1.0,1.0,2151599,4.0,2,1,2,5.0,,-1.0,0,1995.0,B01,138Â 298Â 660,1.0,0.0,-1.0,1643038,2.0,10,,0.0,2.0,1.0,A01,138Â 298Â 659,1.0
962657,201900004188,7,9,11:45,1,1,1,2.0,2.0,13056,A55-Sens Martigues vers Marseille,M,"43,3994540","5,0449070",13,2019,90.0,1.0,1.0,1.0,2151599,4.0,2,1,2,5.0,,-1.0,0,1995.0,B01,138Â 298Â 660,1.0,0.0,-1.0,1643039,2.0,7,,0.0,2.0,4.0,B01,138Â 298Â 660,1.0
962657,201900004188,7,9,11:45,1,1,1,2.0,2.0,13056,A55-Sens Martigues vers Marseille,M,"43,3994540","5,0449070",13,2019,90.0,1.0,1.0,1.0,2151600,2.0,2,1,2,5.0,,-1.0, -1,1969.0,B01,138Â 298Â 660,1.0,0.0,-1.0,1643038,2.0,10,,0.0,2.0,1.0,A01,138Â 298Â 659,1.0
962657,201900004188,7,9,11:45,1,1,1,2.0,2.0,13056,A55-Sens Martigues vers Marseille,M,"43,3994540","5,0449070",13,2019,90.0,1.0,1.0,1.0,2151600,2.0,2,1,2,5.0,,-1.0, -1,1969.0,B01,138Â 298Â 660,1.0,0.0,-1.0,1643039,2.0,7,,0.0,2.0,4.0,B01,138Â 298Â 660,1.0
962658,201900004189,7,9,09:25,1,1,1,2.0,6.0,13216,A55-Sens Marseille vers Martigues,M,"43,3636130","5,3410180",13,2019,90.0,1.0,2.0,1.0,2151601,1.0,1,4,1,0.0,,-1.0, -1,1986.0,A01,138Â 298Â 658,1.0,0.0,-1.0,1643040,1.0,7,,0.0,0.0,9.0,A01,138Â 298Â 658,1.0
962659,201900004190,7,9,09:35,1,1,1,2.0,4.0,13071,A7-Sens Marseille vers Lyon,M,"43,4036660","5,3089060",13,2019,110.0,1.0,2.0,1.0,2151602,1.0,1,4,2,4.0,,-1.0,0,1972.0,C01,138Â 298Â 655,1.0,0.0,-1.0,1643041,2.0,7,,0.0,2.0,1.0,C01,138Â 298Â 655,1.0
962659,201900004190,7,9,09:35,1,1,1,2.0,4.0,13071,A7-Sens Marseille vers Lyon,M,"43,4036660","5,3089060",13,2019,110.0,1.0,2.0,1.0,2151602,1.0,1,4,2,4.0,,-1.0,0,1972.0,C01,138Â 298Â 655,1.0,0.0,-1.0,1643042,2.0,10,,0.0,2.0,9.0,B01,138Â 298Â 656,1.0
962659,201900004190,7,9,09:35,1,1,1,2.0,4.0,13071,A7-Sens Marseille vers Lyon,M,"43,4036660","5,3089060",13,2019,110.0,1.0,2.0,1.0,2151602,1.0,1,4,2,4.0,,-1.0,0,1972.0,C01,138Â 298Â 655,1.0,0.0,-1.0,1643043,2.0,7,,0.0,2.0,4.0,A01,138Â 298Â 657,1.0
962659,201900004190,7,9,09:35,1,1,1,2.0,4.0,13071,A7-Sens Marseille vers Lyon,M,"43,4036660","5,3089060",13,2019,110.0,1.0,2.0,1.0,2151603,1.0,1,1,1,4.0,,-1.0,0,1993.0,B01,138Â 298Â 656,1.0,0.0,-1.0,1643041,2.0,7,,0.0,2.0,1.0,C01,138Â 298Â 655,1.0
962659,201900004190,7,9,09:35,1,1,1,2.0,4.0,13071,A7-Sens Marseille vers Lyon,M,"43,4036660","5,3089060",13,2019,110.0,1.0,2.0,1.0,2151603,1.0,1,1,1,4.0,,-1.0,0,1993.0,B01,138Â 298Â 656,1.0,0.0,-1.0,1643042,2.0,10,,0.0,2.0,9.0,B01,138Â 298Â 656,1.0
962659,201900004190,7,9,09:35,1,1,1,2.0,4.0,13071,A7-Sens Marseille vers Lyon,M,"43,4036660","5,3089060",13,2019,110.0,1.0,2.0,1.0,2151603,1.0,1,1,1,4.0,,-1.0,0,1993.0,B01,138Â 298Â 656,1.0,0.0,-1.0,1643043,2.0,7,,0.0,2.0,4.0,A01,138Â 298Â 657,1.0
962659,201900004190,7,9,09:35,1,1,1,2.0,4.0,13071,A7-Sens Marseille vers Lyon,M,"43,4036660","5,3089060",13,2019,110.0,1.0,2.0,1.0,2151604,1.0,1,1,2,1.0,,-1.0,0,1985.0,A01,138Â 298Â 657,1.0,0.0,-1.0,1643041,2.0,7,,0.0,2.0,1.0,C01,138Â 298Â 655,1.0
962659,201900004190,7,9,09:35,1,1,1,2.0,4.0,13071,A7-Sens Marseille vers Lyon,M,"43,4036660","5,3089060",13,2019,110.0,1.0,2.0,1.0,2151604,1.0,1,1,2,1.0,,-1.0,0,1985.0,A01,138Â 298Â 657,1.0,0.0,-1.0,1643042,2.0,10,,0.0,2.0,9.0,B01,138Â 298Â 656,1.0
962659,201900004190,7,9,09:35,1,1,1,2.0,4.0,13071,A7-Sens Marseille vers Lyon,M,"43,4036660","5,3089060",13,2019,110.0,1.0,2.0,1.0,2151604,1.0,1,1,2,1.0,,-1.0,0,1985.0,A01,138Â 298Â 657,1.0,0.0,-1.0,1643043,2.0,7,,0.0,2.0,4.0,A01,138Â 298Â 657,1.0
962660,201900004191,7,8,17:15,1,1,1,1.0,2.0,69091,A47   1.809 A 5.620,M,"45,5791300","4,7298100",69,2019,90.0,1.0,1.0,1.0,2151605,2.0,2,4,1,5.0,,0.0,0,1977.0,B01,138Â 298Â 653,1.0,0.0,-1.0,1643044,2.0,7,,0.0,2.0,4.0,B01,138Â 298Â 653,1.0
962660,201900004191,7,8,17:15,1,1,1,1.0,2.0,69091,A47   1.809 A 5.620,M,"45,5791300","4,7298100",69,2019,90.0,1.0,1.0,1.0,2151605,2.0,2,4,1,5.0,,0.0,0,1977.0,B01,138Â 298Â 653,1.0,0.0,-1.0,1643045,2.0,7,,0.0,2.0,1.0,A01,138Â 298Â 654,1.0
962660,201900004191,7,8,17:15,1,1,1,1.0,2.0,69091,A47   1.809 A 5.620,M,"45,5791300","4,7298100",69,2019,90.0,1.0,1.0,1.0,2151606,1.0,1,4,2,0.0,,0.0,0,1977.0,B01,138Â 298Â 653,1.0,0.0,-1.0,1643044,2.0,7,,0.0,2.0,4.0,B01,138Â 298Â 653,1.0
962660,201900004191,7,8,17:15,1,1,1,1.0,2.0,69091,A47   1.809 A 5.620,M,"45,5791300","4,7298100",69,2019,90.0,1.0,1.0,1.0,2151606,1.0,1,4,2,0.0,,0.0,0,1977.0,B01,138Â 298Â 653,1.0,0.0,-1.0,1643045,2.0,7,,0.0,2.0,1.0,A01,138Â 298Â 654,1.0
962660,201900004191,7,8,17:15,1,1,1,1.0,2.0,69091,A47   1.809 A 5.620,M,"45,5791300","4,7298100",69,2019,90.0,1.0,1.0,1.0,2151607,2.0,2,4,1,5.0,,0.0,0,2001.0,A01,138Â 298Â 654,1.0,0.0,-1.0,1643044,2.0,7,,0.0,2.0,4.0,B01,138Â 298Â 653,1.0
962660,201900004191,7,8,17:15,1,1,1,1.0,2.0,69091,A47   1.809 A 5.620,M,"45,5791300","4,7298100",69,2019,90.0,1.0,1.0,1.0,2151607,2.0,2,4,1,5.0,,0.0,0,2001.0,A01,138Â 298Â 654,1.0,0.0,-1.0,1643045,2.0,7,,0.0,2.0,1.0,A01,138Â 298Â 654,1.0
962660,201900004191,7,8,17:15,1,1,1,1.0,2.0,69091,A47   1.809 A 5.620,M,"45,5791300","4,7298100",69,2019,90.0,1.0,1.0,1.0,2151608,1.0,1,1,1,5.0,,0.0,0,2001.0,A01,138Â 298Â 654,1.0,0.0,-1.0,1643044,2.0,7,,0.0,2.0,4.0,B01,138Â 298Â 653,1.0
962660,201900004191,7,8,17:15,1,1,1,1.0,2.0,69091,A47   1.809 A 5.620,M,"45,5791300","4,7298100",69,2019,90.0,1.0,1.0,1.0,2151608,1.0,1,1,1,5.0,,0.0,0,2001.0,A01,138Â 298Â 654,1.0,0.0,-1.0,1643045,2.0,7,,0.0,2.0,1.0,A01,138Â 298Â 654,1.0
962661,201900004192,7,8,12:10,1,1,1,1.0,7.0,57137,Autoroute A31,M,"48,9734300","6,1043200",57,2019,110.0,1.0,1.0,1.0,2151609,1.0,1,2,1,5.0,,-1.0, -1,1960.0,A01,138Â 298Â 652,2.0,4.0,-1.0,1643046,2.0,33,,15.0,0.0,1.0,A01,138Â 298Â 652,1.0
962661,201900004192,7,8,12:10,1,1,1,1.0,7.0,57137,Autoroute A31,M,"48,9734300","6,1043200",57,2019,110.0,1.0,1.0,1.0,2151610,2.0,2,2,2,5.0,,-1.0, -1,1960.0,A01,138Â 298Â 652,2.0,4.0,-1.0,1643046,2.0,33,,15.0,0.0,1.0,A01,138Â 298Â 652,1.0
962662,201900004193,7,8,21:52,2,1,1,1.0,2.0,91553,RN 104,M,"48,6299370","2,4841340",91,2019,110.0,3.0,1.0,2.0,2151611,1.0,1,4,1,5.0,,0.0,0,1988.0,B01,138Â 298Â 649,1.0,8.0,-1.0,1643047,2.0,10,,0.0,2.0,4.0,B01,138Â 298Â 649,0.0
962662,201900004193,7,8,21:52,2,1,1,1.0,2.0,91553,RN 104,M,"48,6299370","2,4841340",91,2019,110.0,3.0,1.0,2.0,2151611,1.0,1,4,1,5.0,,0.0,0,1988.0,B01,138Â 298Â 649,1.0,8.0,-1.0,1643048,2.0,10,,0.0,2.0,1.0,A01,138Â 298Â 650,0.0
962662,201900004193,7,8,21:52,2,1,1,1.0,2.0,91553,RN 104,M,"48,6299370","2,4841340",91,2019,110.0,3.0,1.0,2.0,2151612,1.0,1,1,1,5.0,,0.0,0,1993.0,A01,138Â 298Â 650,1.0,8.0,-1.0,1643047,2.0,10,,0.0,2.0,4.0,B01,138Â 298Â 649,0.0
962662,201900004193,7,8,21:52,2,1,1,1.0,2.0,91553,RN 104,M,"48,6299370","2,4841340",91,2019,110.0,3.0,1.0,2.0,2151612,1.0,1,1,1,5.0,,0.0,0,1993.0,A01,138Â 298Â 650,1.0,8.0,-1.0,1643048,2.0,10,,0.0,2.0,1.0,A01,138Â 298Â 650,0.0
962663,201900004194,7,9,10:00,1,1,1,1.0,2.0,78498,A13,M,"48,9186120","2,0051570",78,2019,110.0,3.0,1.0,1.0,2151613,1.0,1,4,2,0.0,,-1.0,0,1948.0,B01,138Â 298Â 646,1.0,0.0,-1.0,1643049,1.0,7,,4.0,2.0,4.0,B01,138Â 298Â 646,1.0
962663,201900004194,7,9,10:00,1,1,1,1.0,2.0,78498,A13,M,"48,9186120","2,0051570",78,2019,110.0,3.0,1.0,1.0,2151613,1.0,1,4,2,0.0,,-1.0,0,1948.0,B01,138Â 298Â 646,1.0,0.0,-1.0,1643050,1.0,7,,0.0,2.0,1.0,A01,138Â 298Â 647,1.0
962663,201900004194,7,9,10:00,1,1,1,1.0,2.0,78498,A13,M,"48,9186120","2,0051570",78,2019,110.0,3.0,1.0,1.0,2151614,1.0,1,4,2,9.0,,-1.0,0,1996.0,A01,138Â 298Â 647,8.0,0.0,-1.0,1643049,1.0,7,,4.0,2.0,4.0,B01,138Â 298Â 646,1.0
962663,201900004194,7,9,10:00,1,1,1,1.0,2.0,78498,A13,M,"48,9186120","2,0051570",78,2019,110.0,3.0,1.0,1.0,2151614,1.0,1,4,2,9.0,,-1.0,0,1996.0,A01,138Â 298Â 647,8.0,0.0,-1.0,1643050,1.0,7,,0.0,2.0,1.0,A01,138Â 298Â 647,1.0
962664,201900004195,7,8,17:00,1,1,1,1.0,7.0,95061,RN 104,M,"49,0679500","2,2546100",95,2019,110.0,1.0,1.0,2.0,2151615,2.0,2,4,1,1.0,,-1.0,0,1990.0,A01,138Â 298Â 645,1.0,8.0,-1.0,1643051,2.0,7,,0.0,0.0,9.0,A01,138Â 298Â 645,1.0
962664,201900004195,7,8,17:00,1,1,1,1.0,7.0,95061,RN 104,M,"49,0679500","2,2546100",95,2019,110.0,1.0,1.0,2.0,2151616,1.0,1,4,1,1.0,,-1.0,0,1985.0,A01,138Â 298Â 645,1.0,8.0,-1.0,1643051,2.0,7,,0.0,0.0,9.0,A01,138Â 298Â 645,1.0
962665,201900004196,7,8,17:45,1,1,1,1.0,3.0,95365,RN 104,M,"49,0647700","2,4103600",95,2019,110.0,1.0,1.0,2.0,2151617,1.0,1,4,1,1.0,,-1.0,0,1994.0,A01,138Â 298Â 643,1.0,0.0,-1.0,1643052,2.0,7,,4.0,2.0,1.0,A01,138Â 298Â 643,1.0