Unnamed: 0_x,num_acc,mois,jour,hrmn,lum,agg,int,atm,col,com,adr,gps,lat,long,dep,annee,vma,situ,surf,catr,Unnamed: 0_y,place,catu,grav,sexe,trajet,secu,locp,actp,an_nais,num_veh_x,id_vehicule_x,secu1,secu2,secu3,Unnamed: 0,senc,catv,occutc,obs,obsm,choc,num_veh_y,id_vehicule_y,motor
962665,201900004196,7,8,17:45,1,1,1,1.0,3.0,95365,RN 104,M,"49,0647700","2,4103600",95,2019,110.0,1.0,1.0,2.0,2151617,1.0,1,4,1,1.0,,-1.0,0,1994.0,A01,138Â 298Â 643,1.0,0.0,-1.0,1643053,2.0,7,,0.0,2.0,3.0,B01,138Â 298Â 644,1.0
962665,201900004196,7,8,17:45,1,1,1,1.0,3.0,95365,RN 104,M,"49,0647700","2,4103600",95,2019,110.0,1.0,1.0,2.0,2151618,1.0,1,1,2,1.0,,-1.0,0,1976.0,B01,138Â 298Â 644,1.0,0.0,-1.0,1643052,2.0,7,,4.0,2.0,1.0,A01,138Â 298Â 643,1.0
962665,201900004196,7,8,17:45,1,1,1,1.0,3.0,95365,RN 104,M,"49,0647700","2,4103600",95,2019,110.0,1.0,1.0,2.0,2151618,1.0,1,1,2,1.0,,-1.0,0,1976.0,B01,138Â 298Â 644,1.0,0.0,-1.0,1643053,2.0,7,,0.0,2.0,3.0,B01,138Â 298Â 644,1.0
962666,201900004197,7,8,13:00,1,1,1,1.0,6.0,93053,AUTOROUTE A3,M,"48,8829200","2,4574200",93,2019,90.0,1.0,1.0,1.0,2151619,1.0,1,4,1,0.0,,-1.0, -1,1990.0,A01,138Â 298Â 642,2.0,0.0,-1.0,1643054,1.0,33,,4.0,0.0,0.0,A01,138Â 298Â 642,1.0
962667,201900004198,7,8,19:40,1,1,1,1.0,4.0,94073,A86 INT,M,"48,7629300","2,3811500",94,2019,70.0,1.0,1.0,1.0,2151620,1.0,1,1,1,2.0,,-1.0,0,1998.0,B01,138Â 298Â 638,1.0,4.0,-1.0,1643055,1.0,7,,0.0,2.0,2.0,B01,138Â 298Â 638,1.0
962667,201900004198,7,8,19:40,1,1,1,1.0,4.0,94073,A86 INT,M,"48,7629300","2,3811500",94,2019,70.0,1.0,1.0,1.0,2151620,1.0,1,1,1,2.0,,-1.0,0,1998.0,B01,138Â 298Â 638,1.0,4.0,-1.0,1643056,1.0,33,,0.0,2.0,1.0,A01,138Â 298Â 639,1.0
962667,201900004198,7,8,19:40,1,1,1,1.0,4.0,94073,A86 INT,M,"48,7629300","2,3811500",94,2019,70.0,1.0,1.0,1.0,2151620,1.0,1,1,1,2.0,,-1.0,0,1998.0,B01,138Â 298Â 638,1.0,4.0,-1.0,1643057,1.0,13,,0.0,2.0,6.0,D01,138Â 298Â 640,1.0
962667,201900004198,7,8,19:40,1,1,1,1.0,4.0,94073,A86 INT,M,"48,7629300","2,3811500",94,2019,70.0,1.0,1.0,1.0,2151620,1.0,1,1,1,2.0,,-1.0,0,1998.0,B01,138Â 298Â 638,1.0,4.0,-1.0,1643058,1.0,7,,0.0,2.0,3.0,C01,138Â 298Â 641,1.0
962667,201900004198,7,8,19:40,1,1,1,1.0,4.0,94073,A86 INT,M,"48,7629300","2,3811500",94,2019,70.0,1.0,1.0,1.0,2151621,1.0,1,3,1,0.0,,-1.0,0,1992.0,A01,138Â 298Â 639,2.0,6.0,-1.0,1643055,1.0,7,,0.0,2.0,2.0,B01,138Â 298Â 638,1.0
962667,201900004198,7,8,19:40,1,1,1,1.0,4.0,94073,A86 INT,M,"48,7629300","2,3811500",94,2019,70.0,1.0,1.0,1.0,2151621,1.0,1,3,1,0.0,,-1.0,0,1992.0,A01,138Â 298Â 639,2.0,6.0,-1.0,1643056,1.0,33,,0.0,2.0,1.0,A01,138Â 298Â 639,1.0
962667,201900004198,7,8,19:40,1,1,1,1.0,4.0,94073,A86 INT,M,"48,7629300","2,3811500",94,2019,70.0,1.0,1.0,1.0,2151621,1.0,1,3,1,0.0,,-1.0,0,1992.0,A01,138Â 298Â 639,2.0,6.0,-1.0,1643057,1.0,13,,0.0,2.0,6.0,D01,138Â 298Â 640,1.0
962667,201900004198,7,8,19:40,1,1,1,1.0,4.0,94073,A86 INT,M,"48,7629300","2,3811500",94,2019,70.0,1.0,1.0,1.0,2151621,1.0,1,3,1,0.0,,-1.0,0,1992.0,A01,138Â 298Â 639,2.0,6.0,-1.0,1643058,1.0,7,,0.0,2.0,3.0,C01,138Â 298Â 641,1.0
962667,201900004198,7,8,19:40,1,1,1,1.0,4.0,94073,A86 INT,M,"48,7629300","2,3811500",94,2019,70.0,1.0,1.0,1.0,2151622,1.0,1,1,1,4.0,,-1.0,0,1978.0,D01,138Â 298Â 640,1.0,4.0,-1.0,1643055,1.0,7,,0.0,2.0,2.0,B01,138Â 298Â 638,1.0
962667,201900004198,7,8,19:40,1,1,1,1.0,4.0,94073,A86 INT,M,"48,7629300","2,3811500",94,2019,70.0,1.0,1.0,1.0,2151622,1.0,1,1,1,4.0,,-1.0,0,1978.0,D01,138Â 298Â 640,1.0,4.0,-1.0,1643056,1.0,33,,0.0,2.0,1.0,A01,138Â 298Â 639,1.0
962667,201900004198,7,8,19:40,1,1,1,1.0,4.0,94073,A86 INT,M,"48,7629300","2,3811500",94,2019,70.0,1.0,1.0,1.0,2151622,1.0,1,1,1,4.0,,-1.0,0,1978.0,D01,138Â 298Â 640,1.0,4.0,-1.0,1643057,1.0,13,,0.0,2.0,6.0,D01,138Â 298Â 640,1.0
962667,201900004198,7,8,19:40,1,1,1,1.0,4.0,94073,A86 INT,M,"48,7629300","2,3811500",94,2019,70.0,1.0,1.0,1.0,2151622,1.0,1,1,1,4.0,,-1.0,0,1978.0,D01,138Â 298Â 640,1.0,4.0,-1.0,1643058,1.0,7,,0.0,2.0,3.0,C01,138Â 298Â 641,1.0
962667,201900004198,7,8,19:40,1,1,1,1.0,4.0,94073,A86 INT,M,"48,7629300","2,3811500",94,2019,70.0,1.0,1.0,1.0,2151623,1.0,1,1,1,1.0,,-1.0,0,1963.0,C01,138Â 298Â 641,1.0,4.0,-1.0,1643055,1.0,7,,0.0,2.0,2.0,B01,138Â 298Â 638,1.0
962667,201900004198,7,8,19:40,1,1,1,1.0,4.0,94073,A86 INT,M,"48,7629300","2,3811500",94,2019,70.0,1.0,1.0,1.0,2151623,1.0,1,1,1,1.0,,-1.0,0,1963.0,C01,138Â 298Â 641,1.0,4.0,-1.0,1643056,1.0,33,,0.0,2.0,1.0,A01,138Â 298Â 639,1.0
962667,201900004198,7,8,19:40,1,1,1,1.0,4.0,94073,A86 INT,M,"48,7629300","2,3811500",94,2019,70.0,1.0,1.0,1.0,2151623,1.0,1,1,1,1.0,,-1.0,0,1963.0,C01,138Â 298Â 641,1.0,4.0,-1.0,1643057,1.0,13,,0.0,2.0,6.0,D01,138Â 298Â 640,1.0
962667,201900004198,7,8,19:40,1,1,1,1.0,4.0,94073,A86 INT,M,"48,7629300","2,3811500",94,2019,70.0,1.0,1.0,1.0,2151623,1.0,1,1,1,1.0,,-1.0,0,1963.0,C01,138Â 298Â 641,1.0,4.0,-1.0,1643058,1.0,7,,0.0,2.0,3.0,C01,138Â 298Â 641,1.0
962668,201900004199,5,25,07:15,1,1,1,1.0,5.0,97213,ROUTE DEPARTEMENTALE 3,M,"14,6383290"," -60,9917200",972,2019,50.0,1.0,1.0,3.0,2151624,1.0,1,1,1,9.0,,-1.0,0,1964.0,B01,138Â 298Â 635,1.0,0.0,-1.0,1643059,2.0,7,,0.0,2.0,3.0,B01,138Â 298Â 635,0.0
962668,201900004199,5,25,07:15,1,1,1,1.0,5.0,97213,ROUTE DEPARTEMENTALE 3,M,"14,6383290"," -60,9917200",972,2019,50.0,1.0,1.0,3.0,2151624,1.0,1,1,1,9.0,,-1.0,0,1964.0,B01,138Â 298Â 635,1.0,0.0,-1.0,1643060,1.0,7,,0.0,2.0,7.0,A01,138Â 298Â 636,1.0
962668,201900004199,5,25,07:15,1,1,1,1.0,5.0,97213,ROUTE DEPARTEMENTALE 3,M,"14,6383290"," -60,9917200",972,2019,50.0,1.0,1.0,3.0,2151624,1.0,1,1,1,9.0,,-1.0,0,1964.0,B01,138Â 298Â 635,1.0,0.0,-1.0,1643061,1.0,37,5.0,0.0,2.0,8.0,C01,138Â 298Â 637,1.0
962668,201900004199,5,25,07:15,1,1,1,1.0,5.0,97213,ROUTE DEPARTEMENTALE 3,M,"14,6383290"," -60,9917200",972,2019,50.0,1.0,1.0,3.0,2151625,1.0,1,1,1,0.0,,-1.0,0,1973.0,A01,138Â 298Â 636,1.0,0.0,-1.0,1643059,2.0,7,,0.0,2.0,3.0,B01,138Â 298Â 635,0.0
962668,201900004199,5,25,07:15,1,1,1,1.0,5.0,97213,ROUTE DEPARTEMENTALE 3,M,"14,6383290"," -60,9917200",972,2019,50.0,1.0,1.0,3.0,2151625,1.0,1,1,1,0.0,,-1.0,0,1973.0,A01,138Â 298Â 636,1.0,0.0,-1.0,1643060,1.0,7,,0.0,2.0,7.0,A01,138Â 298Â 636,1.0
962668,201900004199,5,25,07:15,1,1,1,1.0,5.0,97213,ROUTE DEPARTEMENTALE 3,M,"14,6383290"," -60,9917200",972,2019,50.0,1.0,1.0,3.0,2151625,1.0,1,1,1,0.0,,-1.0,0,1973.0,A01,138Â 298Â 636,1.0,0.0,-1.0,1643061,1.0,37,5.0,0.0,2.0,8.0,C01,138Â 298Â 637,1.0
962668,201900004199,5,25,07:15,1,1,1,1.0,5.0,97213,ROUTE DEPARTEMENTALE 3,M,"14,6383290"," -60,9917200",972,2019,50.0,1.0,1.0,3.0,2151626,8.0,2,4,1,0.0,,-1.0,0,1970.0,C01,138Â 298Â 637,1.0,0.0,-1.0,1643059,2.0,7,,0.0,2.0,3.0,B01,138Â 298Â 635,0.0
962668,201900004199,5,25,07:15,1,1,1,1.0,5.0,97213,ROUTE DEPARTEMENTALE 3,M,"14,6383290"," -60,9917200",972,2019,50.0,1.0,1.0,3.0,2151626,8.0,2,4,1,0.0,,-1.0,0,1970.0,C01,138Â 298Â 637,1.0,0.0,-1.0,1643060,1.0,7,,0.0,2.0,7.0,A01,138Â 298Â 636,1.0
962668,201900004199,5,25,07:15,1,1,1,1.0,5.0,97213,ROUTE DEPARTEMENTALE 3,M,"14,6383290"," -60,9917200",972,2019,50.0,1.0,1.0,3.0,2151626,8.0,2,4,1,0.0,,-1.0,0,1970.0,C01,138Â 298Â 637,1.0,0.0,-1.0,1643061,1.0,37,5.0,0.0,2.0,8.0,C01,138Â 298Â 637,1.0
962668,201900004199,5,25,07:15,1,1,1,1.0,5.0,97213,ROUTE DEPARTEMENTALE 3,M,"14,6383290"," -60,9917200",972,2019,50.0,1.0,1.0,3.0,2151627,7.0,2,1,2,5.0,,-1.0,0,1956.0,C01,138Â 298Â 637,8.0,0.0,-1.0,1643059,2.0,7,,0.0,2.0,3.0,B01,138Â 298Â 635,0.0
962668,201900004199,5,25,07:15,1,1,1,1.0,5.0,97213,ROUTE DEPARTEMENTALE 3,M,"14,6383290"," -60,9917200",972,2019,50.0,1.0,1.0,3.0,2151627,7.0,2,1,2,5.0,,-1.0,0,1956.0,C01,138Â 298Â 637,8.0,0.0,-1.0,1643060,1.0,7,,0.0,2.0,7.0,A01,138Â 298Â 636,1.0
962668,201900004199,5,25,07:15,1,1,1,1.0,5.0,97213,ROUTE DEPARTEMENTALE 3,M,"14,6383290"," -60,9917200",972,2019,50.0,1.0,1.0,3.0,2151627,7.0,2,1,2,5.0,,-1.0,0,1956.0,C01,138Â 298Â 637,8.0,0.0,-1.0,1643061,1.0,37,5.0,0.0,2.0,8.0,C01,138Â 298Â 637,1.0
962668,201900004199,5,25,07:15,1,1,1,1.0,5.0,97213,ROUTE DEPARTEMENTALE 3,M,"14,6383290"," -60,9917200",972,2019,50.0,1.0,1.0,3.0,2151628,1.0,1,4,1,4.0,,-1.0,0,1982.0,C01,138Â 298Â 637,1.0,8.0,-1.0,1643059,2.0,7,,0.0,2.0,3.0,B01,138Â 298Â 635,0.0
962668,201900004199,5,25,07:15,1,1,1,1.0,5.0,97213,ROUTE DEPARTEMENTALE 3,M,"14,6383290"," -60,9917200",972,2019,50.0,1.0,1.0,3.0,2151628,1.0,1,4,1,4.0,,-1.0,0,1982.0,C01,138Â 298Â 637,1.0,8.0,-1.0,1643060,1.0,7,,0.0,2.0,7.0,A01,138Â 298Â 636,1.0
962668,201900004199,5,25,07:15,1,1,1,1.0,5.0,97213,ROUTE DEPARTEMENTALE 3,M,"14,6383290"," -60,9917200",972,2019,50.0,1.0,1.0,3.0,2151628,1.0,1,4,1,4.0,,-1.0,0,1982.0,C01,138Â 298Â 637,1.0,8.0,-1.0,1643061,1.0,37,5.0,0.0,2.0,8.0,C01,138Â 298Â 637,1.0
962668,201900004199,5,25,07:15,1,1,1,1.0,5.0,97213,ROUTE DEPARTEMENTALE 3,M,"14,6383290"," -60,9917200",972,2019,50.0,1.0,1.0,3.0,2151629,5.0,2,4,2,5.0,,-1.0,0,1963.0,C01,138Â 298Â 637,8.0,0.0,-1.0,1643059,2.0,7,,0.0,2.0,3.0,B01,138Â 298Â 635,0.0
962668,201900004199,5,25,07:15,1,1,1,1.0,5.0,97213,ROUTE DEPARTEMENTALE 3,M,"14,6383290"," -60,9917200",972,2019,50.0,1.0,1.0,3.0,2151629,5.0,2,4,2,5.0,,-1.0,0,1963.0,C01,138Â 298Â 637,8.0,0.0,-1.0,1643060,1.0,7,,0.0,2.0,7.0,A01,138Â 298Â 636,1.0
962668,201900004199,5,25,07:15,1,1,1,1.0,5.0,97213,ROUTE DEPARTEMENTALE 3,M,"14,6383290"," -60,9917200",972,2019,50.0,1.0,1.0,3.0,2151629,5.0,2,4,2,5.0,,-1.0,0,1963.0,C01,138Â 298Â 637,8.0,0.0,-1.0,1643061,1.0,37,5.0,0.0,2.0,8.0,C01,138Â 298Â 637,1.0
962668,201900004199,5,25,07:15,1,1,1,1.0,5.0,97213,ROUTE DEPARTEMENTALE 3,M,"14,6383290"," -60,9917200",972,2019,50.0,1.0,1.0,3.0,2151630,6.0,2,4,2,9.0,,-1.0,0,1968.0,C01,138Â 298Â 637,8.0,8.0,-1.0,1643059,2.0,7,,0.0,2.0,3.0,B01,138Â 298Â 635,0.0
962668,201900004199,5,25,07:15,1,1,1,1.0,5.0,97213,ROUTE DEPARTEMENTALE 3,M,"14,6383290"," -60,9917200",972,2019,50.0,1.0,1.0,3.0,2151630,6.0,2,4,2,9.0,,-1.0,0,1968.0,C01,138Â 298Â 637,8.0,8.0,-1.0,1643060,1.0,7,,0.0,2.0,7.0,A01,138Â 298Â 636,1.0
962668,201900004199,5,25,07:15,1,1,1,1.0,5.0,97213,ROUTE DEPARTEMENTALE 3,M,"14,6383290"," -60,9917200",972,2019,50.0,1.0,1.0,3.0,2151630,6.0,2,4,2,9.0,,-1.0,0,1968.0,C01,138Â 298Â 637,8.0,8.0,-1.0,1643061,1.0,37,5.0,0.0,2.0,8.0,C01,138Â 298Â 637,1.0
962669,201900004200,7,3,17:05,1,2,1,1.0,3.0,69264,EUROPE L'  AV DE,M,"45,9937400","4,7417860",69,2019,70.0,1.0,1.0,3.0,2151631,1.0,1,3,1,0.0,,-1.0, -1,1983.0,A01,138Â 298Â 627,2.0,6.0,-1.0,1643062,2.0,33,,0.0,2.0,8.0,A01,138Â 298Â 627,1.0
962669,201900004200,7,3,17:05,1,2,1,1.0,3.0,69264,EUROPE L'  AV DE,M,"45,9937400","4,7417860",69,2019,70.0,1.0,1.0,3.0,2151631,1.0,1,3,1,0.0,,-1.0, -1,1983.0,A01,138Â 298Â 627,2.0,6.0,-1.0,1643063,2.0,10,,0.0,2.0,8.0,B01,138Â 298Â 628,1.0
962669,201900004200,7,3,17:05,1,2,1,1.0,3.0,69264,EUROPE L'  AV DE,M,"45,9937400","4,7417860",69,2019,70.0,1.0,1.0,3.0,2151632,1.0,1,1,1,9.0,,-1.0, -1,1987.0,B01,138Â 298Â 628,1.0,0.0,-1.0,1643062,2.0,33,,0.0,2.0,8.0,A01,138Â 298Â 627,1.0
962669,201900004200,7,3,17:05,1,2,1,1.0,3.0,69264,EUROPE L'  AV DE,M,"45,9937400","4,7417860",69,2019,70.0,1.0,1.0,3.0,2151632,1.0,1,1,1,9.0,,-1.0, -1,1987.0,B01,138Â 298Â 628,1.0,0.0,-1.0,1643063,2.0,10,,0.0,2.0,8.0,B01,138Â 298Â 628,1.0
962670,201900004201,7,5,18:15,1,2,2,1.0,3.0,63113,DE GAULLE (BD CHARLES),M,"45,7715838","3,0832312",63,2019,50.0,1.0,1.0,4.0,2151633,1.0,1,4,1,5.0,,0.0,0,2002.0,B01,138Â 298Â 625,8.0,0.0,-1.0,1643064,3.0,1,,0.0,2.0,8.0,B01,138Â 298Â 625,5.0
962670,201900004201,7,5,18:15,1,2,2,1.0,3.0,63113,DE GAULLE (BD CHARLES),M,"45,7715838","3,0832312",63,2019,50.0,1.0,1.0,4.0,2151633,1.0,1,4,1,5.0,,0.0,0,2002.0,B01,138Â 298Â 625,8.0,0.0,-1.0,1643065,2.0,7,,0.0,6.0,1.0,A01,138Â 298Â 626,1.0
962670,201900004201,7,5,18:15,1,2,2,1.0,3.0,63113,DE GAULLE (BD CHARLES),M,"45,7715838","3,0832312",63,2019,50.0,1.0,1.0,4.0,2151634,1.0,1,1,1,1.0,,0.0,0,1995.0,A01,138Â 298Â 626,1.0,0.0,-1.0,1643064,3.0,1,,0.0,2.0,8.0,B01,138Â 298Â 625,5.0
962670,201900004201,7,5,18:15,1,2,2,1.0,3.0,63113,DE GAULLE (BD CHARLES),M,"45,7715838","3,0832312",63,2019,50.0,1.0,1.0,4.0,2151634,1.0,1,1,1,1.0,,0.0,0,1995.0,A01,138Â 298Â 626,1.0,0.0,-1.0,1643065,2.0,7,,0.0,6.0,1.0,A01,138Â 298Â 626,1.0
962671,201900004202,7,7,02:08,5,2,1,1.0,6.0,63113,ETATS-UNIS (AVENUE DES),M,"45,7792840","3,0815276",63,2019,20.0,1.0,1.0,4.0,2151635,10.0,3,4,2,5.0,,0.0,1,1985.0,A01,138Â 298Â 624,8.0,0.0,-1.0,1643066,1.0,30,,0.0,1.0,8.0,A01,138Â 298Â 624,1.0
962671,201900004202,7,7,02:08,5,2,1,1.0,6.0,63113,ETATS-UNIS (AVENUE DES),M,"45,7792840","3,0815276",63,2019,20.0,1.0,1.0,4.0,2151636,1.0,1,4,1,5.0,,0.0,0,1985.0,A01,138Â 298Â 624,8.0,0.0,-1.0,1643066,1.0,30,,0.0,1.0,8.0,A01,138Â 298Â 624,1.0
962672,201900004203,7,7,13:25,1,2,1,1.0,6.0,27229,ALLENDE (BOULEVARD DU PRESIDENT),M,"49,0036403","1,1485560",27,2019,70.0,1.0,1.0,4.0,2151637,10.0,3,4,1,0.0,,3.0,5,2014.0,A01,138Â 298Â 623,8.0,0.0,-1.0,1643067,0.0,7,,0.0,1.0,0.0,A01,138Â 298Â 623,1.0
962672,201900004203,7,7,13:25,1,2,1,1.0,6.0,27229,ALLENDE (BOULEVARD DU PRESIDENT),M,"49,0036403","1,1485560",27,2019,70.0,1.0,1.0,4.0,2151638,1.0,1,1,2,0.0,,0.0,0,2000.0,A01,138Â 298Â 623,1.0,8.0,-1.0,1643067,0.0,7,,0.0,1.0,0.0,A01,138Â 298Â 623,1.0
962673,201900004204,7,7,11:40,1,2,2,1.0,3.0,25056,DOLE RUE DE (entre 82 et 185),M,"47,2294400","5,9904300",25,2019,50.0,1.0,1.0,4.0,2151639,1.0,1,1,1,0.0,,-1.0,0,1963.0,A01,138Â 298Â 619,1.0,8.0,-1.0,1643068,2.0,10,,0.0,2.0,3.0,A01,138Â 298Â 619,1.0
962673,201900004204,7,7,11:40,1,2,2,1.0,3.0,25056,DOLE RUE DE (entre 82 et 185),M,"47,2294400","5,9904300",25,2019,50.0,1.0,1.0,4.0,2151639,1.0,1,1,1,0.0,,-1.0,0,1963.0,A01,138Â 298Â 619,1.0,8.0,-1.0,1643069,2.0,7,,0.0,2.0,8.0,B01,138Â 298Â 620,1.0
962673,201900004204,7,7,11:40,1,2,2,1.0,3.0,25056,DOLE RUE DE (entre 82 et 185),M,"47,2294400","5,9904300",25,2019,50.0,1.0,1.0,4.0,2151640,1.0,1,4,2,0.0,,-1.0,0,1965.0,B01,138Â 298Â 620,1.0,8.0,-1.0,1643068,2.0,10,,0.0,2.0,3.0,A01,138Â 298Â 619,1.0
962673,201900004204,7,7,11:40,1,2,2,1.0,3.0,25056,DOLE RUE DE (entre 82 et 185),M,"47,2294400","5,9904300",25,2019,50.0,1.0,1.0,4.0,2151640,1.0,1,4,2,0.0,,-1.0,0,1965.0,B01,138Â 298Â 620,1.0,8.0,-1.0,1643069,2.0,7,,0.0,2.0,8.0,B01,138Â 298Â 620,1.0
962674,201900004205,7,3,19:40,1,2,1,1.0,6.0,21231,DOCTEUR JEAN VEILLET (BOULEVARD),M,"47,3536400","5,0531700",21,2019,50.0,1.0,1.0,4.0,2151641,1.0,1,3,1,0.0,,-1.0,0,1948.0,B01,138Â 298Â 617,2.0,6.0,-1.0,1643070,3.0,34,,0.0,2.0,1.0,B01,138Â 298Â 617,1.0
962674,201900004205,7,3,19:40,1,2,1,1.0,6.0,21231,DOCTEUR JEAN VEILLET (BOULEVARD),M,"47,3536400","5,0531700",21,2019,50.0,1.0,1.0,4.0,2151641,1.0,1,3,1,0.0,,-1.0,0,1948.0,B01,138Â 298Â 617,2.0,6.0,-1.0,1643071,3.0,7,,0.0,2.0,0.0,A01,138Â 298Â 618,1.0
962674,201900004205,7,3,19:40,1,2,1,1.0,6.0,21231,DOCTEUR JEAN VEILLET (BOULEVARD),M,"47,3536400","5,0531700",21,2019,50.0,1.0,1.0,4.0,2151642,1.0,1,1,1,5.0,,0.0,0,1976.0,A01,138Â 298Â 618,1.0,0.0,-1.0,1643070,3.0,34,,0.0,2.0,1.0,B01,138Â 298Â 617,1.0
962674,201900004205,7,3,19:40,1,2,1,1.0,6.0,21231,DOCTEUR JEAN VEILLET (BOULEVARD),M,"47,3536400","5,0531700",21,2019,50.0,1.0,1.0,4.0,2151642,1.0,1,1,1,5.0,,0.0,0,1976.0,A01,138Â 298Â 618,1.0,0.0,-1.0,1643071,3.0,7,,0.0,2.0,0.0,A01,138Â 298Â 618,1.0
962675,201900004206,7,6,21:20,1,2,1,1.0,3.0,94002,MICOLON (R),M,"48,8050700","2,4146500",94,2019,1.0,2.0,1.0,9.0,2151643,1.0,1,4,1,5.0,,-1.0, -1,2011.0,B01,138Â 298Â 615,8.0,0.0,-1.0,1643072,3.0,1,,0.0,2.0,8.0,B01,138Â 298Â 615,5.0
962675,201900004206,7,6,21:20,1,2,1,1.0,3.0,94002,MICOLON (R),M,"48,8050700","2,4146500",94,2019,1.0,2.0,1.0,9.0,2151643,1.0,1,4,1,5.0,,-1.0, -1,2011.0,B01,138Â 298Â 615,8.0,0.0,-1.0,1643073,3.0,7,,0.0,2.0,1.0,A01,138Â 298Â 616,1.0
962675,201900004206,7,6,21:20,1,2,1,1.0,3.0,94002,MICOLON (R),M,"48,8050700","2,4146500",94,2019,1.0,2.0,1.0,9.0,2151644,1.0,1,1,1,1.0,,-1.0, -1,1978.0,A01,138Â 298Â 616,1.0,0.0,-1.0,1643072,3.0,1,,0.0,2.0,8.0,B01,138Â 298Â 615,5.0
962675,201900004206,7,6,21:20,1,2,1,1.0,3.0,94002,MICOLON (R),M,"48,8050700","2,4146500",94,2019,1.0,2.0,1.0,9.0,2151644,1.0,1,1,1,1.0,,-1.0, -1,1978.0,A01,138Â 298Â 616,1.0,0.0,-1.0,1643073,3.0,7,,0.0,2.0,1.0,A01,138Â 298Â 616,1.0
962676,201900004207,7,7,21:15,2,2,1,1.0,7.0,92020,DIVISION LECLERC AVENUE DE LA,M,"48,7972900","2,2807300",92,2019,50.0,1.0,1.0,4.0,2151645,1.0,1,4,1,5.0,,-1.0,0,1973.0,A01,138Â 298Â 614,8.0,0.0,-1.0,1643074,2.0,1,,0.0,0.0,0.0,A01,138Â 298Â 614,5.0
962677,201900004208,7,7,12:30,1,1,1,1.0,4.0,94034,AUTOROUTE A86,M,"48,7580390","2,3269550",94,2019,70.0,1.0,1.0,1.0,2151646,1.0,1,1,2,0.0,,-1.0, -1,1994.0,A01,138Â 298Â 609,1.0,0.0,-1.0,1643075,1.0,7,,0.0,2.0,1.0,A01,138Â 298Â 609,1.0
962677,201900004208,7,7,12:30,1,1,1,1.0,4.0,94034,AUTOROUTE A86,M,"48,7580390","2,3269550",94,2019,70.0,1.0,1.0,1.0,2151646,1.0,1,1,2,0.0,,-1.0, -1,1994.0,A01,138Â 298Â 609,1.0,0.0,-1.0,1643076,1.0,7,,0.0,2.0,4.0,C01,138Â 298Â 610,1.0
962677,201900004208,7,7,12:30,1,1,1,1.0,4.0,94034,AUTOROUTE A86,M,"48,7580390","2,3269550",94,2019,70.0,1.0,1.0,1.0,2151646,1.0,1,1,2,0.0,,-1.0, -1,1994.0,A01,138Â 298Â 609,1.0,0.0,-1.0,1643077,1.0,7,,0.0,2.0,4.0,E01,138Â 298Â 611,1.0
962677,201900004208,7,7,12:30,1,1,1,1.0,4.0,94034,AUTOROUTE A86,M,"48,7580390","2,3269550",94,2019,70.0,1.0,1.0,1.0,2151646,1.0,1,1,2,0.0,,-1.0, -1,1994.0,A01,138Â 298Â 609,1.0,0.0,-1.0,1643078,1.0,7,,0.0,2.0,4.0,B01,138Â 298Â 612,1.0
962677,201900004208,7,7,12:30,1,1,1,1.0,4.0,94034,AUTOROUTE A86,M,"48,7580390","2,3269550",94,2019,70.0,1.0,1.0,1.0,2151646,1.0,1,1,2,0.0,,-1.0, -1,1994.0,A01,138Â 298Â 609,1.0,0.0,-1.0,1643079,1.0,7,,0.0,2.0,4.0,D01,138Â 298Â 613,1.0
962677,201900004208,7,7,12:30,1,1,1,1.0,4.0,94034,AUTOROUTE A86,M,"48,7580390","2,3269550",94,2019,70.0,1.0,1.0,1.0,2151647,1.0,1,1,1,0.0,,0.0,0,1981.0,C01,138Â 298Â 610,1.0,0.0,-1.0,1643075,1.0,7,,0.0,2.0,1.0,A01,138Â 298Â 609,1.0
962677,201900004208,7,7,12:30,1,1,1,1.0,4.0,94034,AUTOROUTE A86,M,"48,7580390","2,3269550",94,2019,70.0,1.0,1.0,1.0,2151647,1.0,1,1,1,0.0,,0.0,0,1981.0,C01,138Â 298Â 610,1.0,0.0,-1.0,1643076,1.0,7,,0.0,2.0,4.0,C01,138Â 298Â 610,1.0
962677,201900004208,7,7,12:30,1,1,1,1.0,4.0,94034,AUTOROUTE A86,M,"48,7580390","2,3269550",94,2019,70.0,1.0,1.0,1.0,2151647,1.0,1,1,1,0.0,,0.0,0,1981.0,C01,138Â 298Â 610,1.0,0.0,-1.0,1643077,1.0,7,,0.0,2.0,4.0,E01,138Â 298Â 611,1.0
962677,201900004208,7,7,12:30,1,1,1,1.0,4.0,94034,AUTOROUTE A86,M,"48,7580390","2,3269550",94,2019,70.0,1.0,1.0,1.0,2151647,1.0,1,1,1,0.0,,0.0,0,1981.0,C01,138Â 298Â 610,1.0,0.0,-1.0,1643078,1.0,7,,0.0,2.0,4.0,B01,138Â 298Â 612,1.0
962677,201900004208,7,7,12:30,1,1,1,1.0,4.0,94034,AUTOROUTE A86,M,"48,7580390","2,3269550",94,2019,70.0,1.0,1.0,1.0,2151647,1.0,1,1,1,0.0,,0.0,0,1981.0,C01,138Â 298Â 610,1.0,0.0,-1.0,1643079,1.0,7,,0.0,2.0,4.0,D01,138Â 298Â 613,1.0
962677,201900004208,7,7,12:30,1,1,1,1.0,4.0,94034,AUTOROUTE A86,M,"48,7580390","2,3269550",94,2019,70.0,1.0,1.0,1.0,2151648,1.0,1,1,2,0.0,,0.0,0,1997.0,E01,138Â 298Â 611,1.0,0.0,-1.0,1643075,1.0,7,,0.0,2.0,1.0,A01,138Â 298Â 609,1.0