Unnamed: 0_x,num_acc,mois,jour,hrmn,lum,agg,int,atm,col,com,adr,gps,lat,long,dep,annee,vma,situ,surf,catr,Unnamed: 0_y,place,catu,grav,sexe,trajet,secu,locp,actp,an_nais,num_veh_x,id_vehicule_x,secu1,secu2,secu3,Unnamed: 0,senc,catv,occutc,obs,obsm,choc,num_veh_y,id_vehicule_y,motor
962677,201900004208,7,7,12:30,1,1,1,1.0,4.0,94034,AUTOROUTE A86,M,"48,7580390","2,3269550",94,2019,70.0,1.0,1.0,1.0,2151648,1.0,1,1,2,0.0,,0.0,0,1997.0,E01,138Â 298Â 611,1.0,0.0,-1.0,1643076,1.0,7,,0.0,2.0,4.0,C01,138Â 298Â 610,1.0
962677,201900004208,7,7,12:30,1,1,1,1.0,4.0,94034,AUTOROUTE A86,M,"48,7580390","2,3269550",94,2019,70.0,1.0,1.0,1.0,2151648,1.0,1,1,2,0.0,,0.0,0,1997.0,E01,138Â 298Â 611,1.0,0.0,-1.0,1643077,1.0,7,,0.0,2.0,4.0,E01,138Â 298Â 611,1.0
962677,201900004208,7,7,12:30,1,1,1,1.0,4.0,94034,AUTOROUTE A86,M,"48,7580390","2,3269550",94,2019,70.0,1.0,1.0,1.0,2151648,1.0,1,1,2,0.0,,0.0,0,1997.0,E01,138Â 298Â 611,1.0,0.0,-1.0,1643078,1.0,7,,0.0,2.0,4.0,B01,138Â 298Â 612,1.0
962677,201900004208,7,7,12:30,1,1,1,1.0,4.0,94034,AUTOROUTE A86,M,"48,7580390","2,3269550",94,2019,70.0,1.0,1.0,1.0,2151648,1.0,1,1,2,0.0,,0.0,0,1997.0,E01,138Â 298Â 611,1.0,0.0,-1.0,1643079,1.0,7,,0.0,2.0,4.0,D01,138Â 298Â 613,1.0
962677,201900004208,7,7,12:30,1,1,1,1.0,4.0,94034,AUTOROUTE A86,M,"48,7580390","2,3269550",94,2019,70.0,1.0,1.0,1.0,2151649,1.0,1,4,1,0.0,,0.0,0,1995.0,B01,138Â 298Â 612,1.0,0.0,-1.0,1643075,1.0,7,,0.0,2.0,1.0,A01,138Â 298Â 609,1.0
962677,201900004208,7,7,12:30,1,1,1,1.0,4.0,94034,AUTOROUTE A86,M,"48,7580390","2,3269550",94,2019,70.0,1.0,1.0,1.0,2151649,1.0,1,4,1,0.0,,0.0,0,1995.0,B01,138Â 298Â 612,1.0,0.0,-1.0,1643076,1.0,7,,0.0,2.0,4.0,C01,138Â 298Â 610,1.0
962677,201900004208,7,7,12:30,1,1,1,1.0,4.0,94034,AUTOROUTE A86,M,"48,7580390","2,3269550",94,2019,70.0,1.0,1.0,1.0,2151649,1.0,1,4,1,0.0,,0.0,0,1995.0,B01,138Â 298Â 612,1.0,0.0,-1.0,1643077,1.0,7,,0.0,2.0,4.0,E01,138Â 298Â 611,1.0
962677,201900004208,7,7,12:30,1,1,1,1.0,4.0,94034,AUTOROUTE A86,M,"48,7580390","2,3269550",94,2019,70.0,1.0,1.0,1.0,2151649,1.0,1,4,1,0.0,,0.0,0,1995.0,B01,138Â 298Â 612,1.0,0.0,-1.0,1643078,1.0,7,,0.0,2.0,4.0,B01,138Â 298Â 612,1.0
962677,201900004208,7,7,12:30,1,1,1,1.0,4.0,94034,AUTOROUTE A86,M,"48,7580390","2,3269550",94,2019,70.0,1.0,1.0,1.0,2151649,1.0,1,4,1,0.0,,0.0,0,1995.0,B01,138Â 298Â 612,1.0,0.0,-1.0,1643079,1.0,7,,0.0,2.0,4.0,D01,138Â 298Â 613,1.0
962677,201900004208,7,7,12:30,1,1,1,1.0,4.0,94034,AUTOROUTE A86,M,"48,7580390","2,3269550",94,2019,70.0,1.0,1.0,1.0,2151650,1.0,1,1,1,0.0,,0.0,0,1959.0,D01,138Â 298Â 613,1.0,0.0,-1.0,1643075,1.0,7,,0.0,2.0,1.0,A01,138Â 298Â 609,1.0
962677,201900004208,7,7,12:30,1,1,1,1.0,4.0,94034,AUTOROUTE A86,M,"48,7580390","2,3269550",94,2019,70.0,1.0,1.0,1.0,2151650,1.0,1,1,1,0.0,,0.0,0,1959.0,D01,138Â 298Â 613,1.0,0.0,-1.0,1643076,1.0,7,,0.0,2.0,4.0,C01,138Â 298Â 610,1.0
962677,201900004208,7,7,12:30,1,1,1,1.0,4.0,94034,AUTOROUTE A86,M,"48,7580390","2,3269550",94,2019,70.0,1.0,1.0,1.0,2151650,1.0,1,1,1,0.0,,0.0,0,1959.0,D01,138Â 298Â 613,1.0,0.0,-1.0,1643077,1.0,7,,0.0,2.0,4.0,E01,138Â 298Â 611,1.0
962677,201900004208,7,7,12:30,1,1,1,1.0,4.0,94034,AUTOROUTE A86,M,"48,7580390","2,3269550",94,2019,70.0,1.0,1.0,1.0,2151650,1.0,1,1,1,0.0,,0.0,0,1959.0,D01,138Â 298Â 613,1.0,0.0,-1.0,1643078,1.0,7,,0.0,2.0,4.0,B01,138Â 298Â 612,1.0
962677,201900004208,7,7,12:30,1,1,1,1.0,4.0,94034,AUTOROUTE A86,M,"48,7580390","2,3269550",94,2019,70.0,1.0,1.0,1.0,2151650,1.0,1,1,1,0.0,,0.0,0,1959.0,D01,138Â 298Â 613,1.0,0.0,-1.0,1643079,1.0,7,,0.0,2.0,4.0,D01,138Â 298Â 613,1.0
962678,201900004209,7,7,00:10,3,1,1,1.0,7.0,93029,AUTOROUTE A86,M,"48,9226000","2,4273000",93,2019,70.0,1.0,1.0,1.0,2151651,1.0,1,4,1,0.0,,-1.0, -1,1988.0,A01,138Â 298Â 608,2.0,8.0,-1.0,1643080,2.0,33,,0.0,0.0,9.0,A01,138Â 298Â 608,1.0
962678,201900004209,7,7,00:10,3,1,1,1.0,7.0,93029,AUTOROUTE A86,M,"48,9226000","2,4273000",93,2019,70.0,1.0,1.0,1.0,2151652,2.0,2,4,1,0.0,,-1.0, -1,1990.0,A01,138Â 298Â 608,2.0,0.0,-1.0,1643080,2.0,33,,0.0,0.0,9.0,A01,138Â 298Â 608,1.0
962679,201900004210,7,6,21:50,2,1,1,1.0,2.0,93005,AUTOROUTE A3,M,"48,9284800","2,4810300",93,2019,50.0,1.0,1.0,9.0,2151653,1.0,1,4,1,0.0,,-1.0, -1,1990.0,A01,138Â 298Â 607,1.0,0.0,-1.0,1643081,2.0,7,,0.0,2.0,1.0,Z01,138Â 298Â 606,1.0
962679,201900004210,7,6,21:50,2,1,1,1.0,2.0,93005,AUTOROUTE A3,M,"48,9284800","2,4810300",93,2019,50.0,1.0,1.0,9.0,2151653,1.0,1,4,1,0.0,,-1.0, -1,1990.0,A01,138Â 298Â 607,1.0,0.0,-1.0,1643082,2.0,7,,0.0,2.0,6.0,A01,138Â 298Â 607,1.0
962680,201900004211,7,9,01:25,5,2,3,1.0,3.0,69386,VIABERT (DE LA)                     (R ),M,"45,7663772","4,8680022",69,2019,50.0,1.0,1.0,4.0,2151654,1.0,1,1,1,4.0,,0.0,0,1981.0,B01,138Â 298Â 598,1.0,0.0,-1.0,1643083,1.0,7,,0.0,2.0,2.0,B01,138Â 298Â 598,1.0
962680,201900004211,7,9,01:25,5,2,3,1.0,3.0,69386,VIABERT (DE LA)                     (R ),M,"45,7663772","4,8680022",69,2019,50.0,1.0,1.0,4.0,2151654,1.0,1,1,1,4.0,,0.0,0,1981.0,B01,138Â 298Â 598,1.0,0.0,-1.0,1643084,1.0,32,,0.0,2.0,1.0,A01,138Â 298Â 599,1.0
962680,201900004211,7,9,01:25,5,2,3,1.0,3.0,69386,VIABERT (DE LA)                     (R ),M,"45,7663772","4,8680022",69,2019,50.0,1.0,1.0,4.0,2151655,1.0,1,4,1,0.0,,0.0,0,1989.0,A01,138Â 298Â 599,8.0,8.0,-1.0,1643083,1.0,7,,0.0,2.0,2.0,B01,138Â 298Â 598,1.0
962680,201900004211,7,9,01:25,5,2,3,1.0,3.0,69386,VIABERT (DE LA)                     (R ),M,"45,7663772","4,8680022",69,2019,50.0,1.0,1.0,4.0,2151655,1.0,1,4,1,0.0,,0.0,0,1989.0,A01,138Â 298Â 599,8.0,8.0,-1.0,1643084,1.0,32,,0.0,2.0,1.0,A01,138Â 298Â 599,1.0
962681,201900004212,7,8,14:25,1,2,1,1.0,6.0,69383,BONNAND                             (R ),M,"45,7503309","4,8843636",69,2019,50.0,1.0,1.0,4.0,2151656,10.0,3,3,2,3.0,,3.0,3,1952.0,A01,138Â 298Â 597,8.0,0.0,-1.0,1643085,1.0,7,,0.0,1.0,1.0,A01,138Â 298Â 597,1.0
962681,201900004212,7,8,14:25,1,2,1,1.0,6.0,69383,BONNAND                             (R ),M,"45,7503309","4,8843636",69,2019,50.0,1.0,1.0,4.0,2151657,1.0,1,1,1,9.0,,0.0,0,1939.0,A01,138Â 298Â 597,1.0,0.0,-1.0,1643085,1.0,7,,0.0,1.0,1.0,A01,138Â 298Â 597,1.0
962682,201900004213,7,8,11:20,1,2,1,1.0,6.0,69387,JEAN JAURES                         (AV),M,"45,7262991","4,8306110",69,2019,50.0,1.0,1.0,4.0,2151658,10.0,3,1,1,5.0,,2.0,3,2011.0,A01,138Â 298Â 596,8.0,0.0,-1.0,1643086,1.0,10,,0.0,1.0,3.0,A01,138Â 298Â 596,1.0
962682,201900004213,7,8,11:20,1,2,1,1.0,6.0,69387,JEAN JAURES                         (AV),M,"45,7262991","4,8306110",69,2019,50.0,1.0,1.0,4.0,2151659,10.0,3,2,2,5.0,,2.0,3,1972.0,A01,138Â 298Â 596,8.0,0.0,-1.0,1643086,1.0,10,,0.0,1.0,3.0,A01,138Â 298Â 596,1.0
962682,201900004213,7,8,11:20,1,2,1,1.0,6.0,69387,JEAN JAURES                         (AV),M,"45,7262991","4,8306110",69,2019,50.0,1.0,1.0,4.0,2151660,1.0,1,1,2,5.0,,0.0,0,1941.0,A01,138Â 298Â 596,1.0,0.0,-1.0,1643086,1.0,10,,0.0,1.0,3.0,A01,138Â 298Â 596,1.0
962683,201900004214,7,8,06:10,2,2,2,1.0,7.0,69383,MARECHAL DE SAXE                    (AV),M,"45,7549974","4,8467571",69,2019,50.0,1.0,1.0,4.0,2151661,1.0,1,4,1,0.0,,0.0,0,1996.0,A01,138Â 298Â 595,8.0,0.0,-1.0,1643087,2.0,30,,15.0,0.0,1.0,A01,138Â 298Â 595,1.0
962683,201900004214,7,8,06:10,2,2,2,1.0,7.0,69383,MARECHAL DE SAXE                    (AV),M,"45,7549974","4,8467571",69,2019,50.0,1.0,1.0,4.0,2151662,2.0,2,1,1,0.0,,0.0,0,1998.0,A01,138Â 298Â 595,8.0,0.0,-1.0,1643087,2.0,30,,15.0,0.0,1.0,A01,138Â 298Â 595,1.0
962684,201900004215,7,8,08:45,1,2,1,1.0,6.0,69387,FELIX FAURE                         (AV),M,"45,7521901","4,8471574",69,2019,50.0,1.0,1.0,4.0,2151663,1.0,1,4,1,0.0,,0.0,0,1972.0,A01,138Â 298Â 594,1.0,0.0,-1.0,1643088,2.0,3,,1.0,0.0,1.0,A01,138Â 298Â 594,1.0
962685,201900004216,7,7,11:10,1,1,1,1.0,7.0,97213,ROUTE DEPARTEMENTALE 3,M,"14,6349100"," -60,9914830",972,2019,50.0,1.0,1.0,3.0,2151664,2.0,2,4,2,0.0,,-1.0,0,2002.0,A01,138Â 298Â 593,2.0,8.0,-1.0,1643089,1.0,30,,0.0,0.0,0.0,A01,138Â 298Â 593,1.0
962685,201900004216,7,7,11:10,1,1,1,1.0,7.0,97213,ROUTE DEPARTEMENTALE 3,M,"14,6349100"," -60,9914830",972,2019,50.0,1.0,1.0,3.0,2151665,1.0,1,4,1,0.0,,-1.0,0,1997.0,A01,138Â 298Â 593,2.0,8.0,-1.0,1643089,1.0,30,,0.0,0.0,0.0,A01,138Â 298Â 593,1.0
962686,201900004217,7,5,23:55,5,1,1,1.0,6.0,97213,ROUTE DEPARTEMENTALE 3,M,"14,6313500"," -60,9715400",972,2019,50.0,1.0,1.0,3.0,2151666,1.0,1,4,2,0.0,,-1.0,0,1968.0,A01,138Â 298Â 592,8.0,0.0,-1.0,1643090,2.0,7,,12.0,0.0,1.0,A01,138Â 298Â 592,1.0
962687,201900004218,7,7,23:05,5,2,1,2.0,2.0,97209,GENERAL DE GAULLE (BLD DU),M,"14,6051200"," -61,0643800",972,2019,50.0,1.0,2.0,2.0,2151667,1.0,1,4,1,0.0,,-1.0,0,1987.0,A01,138Â 298Â 590,2.0,0.0,-1.0,1643091,2.0,33,,0.0,2.0,1.0,A01,138Â 298Â 590,1.0
962687,201900004218,7,7,23:05,5,2,1,2.0,2.0,97209,GENERAL DE GAULLE (BLD DU),M,"14,6051200"," -61,0643800",972,2019,50.0,1.0,2.0,2.0,2151667,1.0,1,4,1,0.0,,-1.0,0,1987.0,A01,138Â 298Â 590,2.0,0.0,-1.0,1643092,2.0,7,,7.0,0.0,4.0,B01,138Â 298Â 591,1.0
962687,201900004218,7,7,23:05,5,2,1,2.0,2.0,97209,GENERAL DE GAULLE (BLD DU),M,"14,6051200"," -61,0643800",972,2019,50.0,1.0,2.0,2.0,2151668,1.0,1,1,1,0.0,,-1.0,0,1970.0,B01,138Â 298Â 591,1.0,8.0,-1.0,1643091,2.0,33,,0.0,2.0,1.0,A01,138Â 298Â 590,1.0
962687,201900004218,7,7,23:05,5,2,1,2.0,2.0,97209,GENERAL DE GAULLE (BLD DU),M,"14,6051200"," -61,0643800",972,2019,50.0,1.0,2.0,2.0,2151668,1.0,1,1,1,0.0,,-1.0,0,1970.0,B01,138Â 298Â 591,1.0,8.0,-1.0,1643092,2.0,7,,7.0,0.0,4.0,B01,138Â 298Â 591,1.0
962688,201900004219,7,8,19:00,1,2,9,1.0,3.0,69389,PAUL SEDAILLIAN                     (QU),M,"45,7927100","4,8209100",69,2019,50.0,1.0,1.0,4.0,2151669,1.0,1,1,1,0.0,,0.0,0,1977.0,A01,138Â 298Â 588,2.0,0.0,-1.0,1643093,3.0,31,,0.0,2.0,8.0,A01,138Â 298Â 588,0.0
962688,201900004219,7,8,19:00,1,2,9,1.0,3.0,69389,PAUL SEDAILLIAN                     (QU),M,"45,7927100","4,8209100",69,2019,50.0,1.0,1.0,4.0,2151669,1.0,1,1,1,0.0,,0.0,0,1977.0,A01,138Â 298Â 588,2.0,0.0,-1.0,1643094,0.0,7,,0.0,2.0,7.0,B01,138Â 298Â 589,0.0
962688,201900004219,7,8,19:00,1,2,9,1.0,3.0,69389,PAUL SEDAILLIAN                     (QU),M,"45,7927100","4,8209100",69,2019,50.0,1.0,1.0,4.0,2151670,2.0,2,4,1,0.0,,-1.0, -1,1982.0,A01,138Â 298Â 588,2.0,0.0,-1.0,1643093,3.0,31,,0.0,2.0,8.0,A01,138Â 298Â 588,0.0
962688,201900004219,7,8,19:00,1,2,9,1.0,3.0,69389,PAUL SEDAILLIAN                     (QU),M,"45,7927100","4,8209100",69,2019,50.0,1.0,1.0,4.0,2151670,2.0,2,4,1,0.0,,-1.0, -1,1982.0,A01,138Â 298Â 588,2.0,0.0,-1.0,1643094,0.0,7,,0.0,2.0,7.0,B01,138Â 298Â 589,0.0
962688,201900004219,7,8,19:00,1,2,9,1.0,3.0,69389,PAUL SEDAILLIAN                     (QU),M,"45,7927100","4,8209100",69,2019,50.0,1.0,1.0,4.0,2151671,1.0,1,1,2,0.0,,-1.0, -1,1996.0,B01,138Â 298Â 589,1.0,0.0,-1.0,1643093,3.0,31,,0.0,2.0,8.0,A01,138Â 298Â 588,0.0
962688,201900004219,7,8,19:00,1,2,9,1.0,3.0,69389,PAUL SEDAILLIAN                     (QU),M,"45,7927100","4,8209100",69,2019,50.0,1.0,1.0,4.0,2151671,1.0,1,1,2,0.0,,-1.0, -1,1996.0,B01,138Â 298Â 589,1.0,0.0,-1.0,1643094,0.0,7,,0.0,2.0,7.0,B01,138Â 298Â 589,0.0
962688,201900004219,7,8,19:00,1,2,9,1.0,3.0,69389,PAUL SEDAILLIAN                     (QU),M,"45,7927100","4,8209100",69,2019,50.0,1.0,1.0,4.0,2151672,2.0,2,1,2,0.0,,0.0,0,1987.0,B01,138Â 298Â 589,1.0,0.0,-1.0,1643093,3.0,31,,0.0,2.0,8.0,A01,138Â 298Â 588,0.0
962688,201900004219,7,8,19:00,1,2,9,1.0,3.0,69389,PAUL SEDAILLIAN                     (QU),M,"45,7927100","4,8209100",69,2019,50.0,1.0,1.0,4.0,2151672,2.0,2,1,2,0.0,,0.0,0,1987.0,B01,138Â 298Â 589,1.0,0.0,-1.0,1643094,0.0,7,,0.0,2.0,7.0,B01,138Â 298Â 589,0.0
962689,201900004220,7,8,12:10,1,2,1,1.0,3.0,69152,EUROPE (DE L')                      (BD),M,"45,6979800","4,8246800",69,2019,50.0,1.0,1.0,3.0,2151673,1.0,1,3,1,5.0,,0.0,0,1991.0,B01,138Â 298Â 586,8.0,8.0,-1.0,1643095,2.0,7,,0.0,2.0,8.0,B01,138Â 298Â 586,0.0
962689,201900004220,7,8,12:10,1,2,1,1.0,3.0,69152,EUROPE (DE L')                      (BD),M,"45,6979800","4,8246800",69,2019,50.0,1.0,1.0,3.0,2151673,1.0,1,3,1,5.0,,0.0,0,1991.0,B01,138Â 298Â 586,8.0,8.0,-1.0,1643096,2.0,99,,0.0,6.0,7.0,Z01,138Â 298Â 587,0.0
962690,201900004221,7,8,09:15,1,2,1,1.0,3.0,69389,ST CYR (DE)                         (R ),M,"45,7910100","4,8084600",69,2019,50.0,1.0,1.0,4.0,2151674,1.0,1,4,1,1.0,,-1.0,0,1965.0,B01,138Â 298Â 584,8.0,0.0,-1.0,1643097,2.0,1,,0.0,2.0,5.0,B01,138Â 298Â 584,0.0
962690,201900004221,7,8,09:15,1,2,1,1.0,3.0,69389,ST CYR (DE)                         (R ),M,"45,7910100","4,8084600",69,2019,50.0,1.0,1.0,4.0,2151674,1.0,1,4,1,1.0,,-1.0,0,1965.0,B01,138Â 298Â 584,8.0,0.0,-1.0,1643098,1.0,7,,0.0,2.0,3.0,A01,138Â 298Â 585,0.0
962690,201900004221,7,8,09:15,1,2,1,1.0,3.0,69389,ST CYR (DE)                         (R ),M,"45,7910100","4,8084600",69,2019,50.0,1.0,1.0,4.0,2151675,1.0,1,1,1,0.0,,-1.0, -1,1998.0,A01,138Â 298Â 585,1.0,0.0,-1.0,1643097,2.0,1,,0.0,2.0,5.0,B01,138Â 298Â 584,0.0
962690,201900004221,7,8,09:15,1,2,1,1.0,3.0,69389,ST CYR (DE)                         (R ),M,"45,7910100","4,8084600",69,2019,50.0,1.0,1.0,4.0,2151675,1.0,1,1,1,0.0,,-1.0, -1,1998.0,A01,138Â 298Â 585,1.0,0.0,-1.0,1643098,1.0,7,,0.0,2.0,3.0,A01,138Â 298Â 585,0.0
962691,201900004222,7,8,06:55,1,2,1,1.0,6.0,69385,TRION (DE)                          (R ),M,"45,7568400","4,8160300",69,2019,50.0,1.0,1.0,4.0,2151676,10.0,3,4,2,1.0,,3.0,3,1962.0,A01,138Â 298Â 583,8.0,0.0,-1.0,1643099,2.0,1,,0.0,1.0,0.0,A01,138Â 298Â 583,0.0
962691,201900004222,7,8,06:55,1,2,1,1.0,6.0,69385,TRION (DE)                          (R ),M,"45,7568400","4,8160300",69,2019,50.0,1.0,1.0,4.0,2151677,1.0,1,1,1,1.0,,0.0,0,1959.0,A01,138Â 298Â 583,8.0,8.0,-1.0,1643099,2.0,1,,0.0,1.0,0.0,A01,138Â 298Â 583,0.0
962692,201900004223,7,6,11:10,1,2,1,1.0,6.0,97113,BAS DU FORT,M,"16,2173800"," -61,5268500",971,2019,50.0,1.0,1.0,9.0,2151678,10.0,3,3,1,5.0,,6.0,9,1971.0,A01,138Â 298Â 582,8.0,0.0,-1.0,1643100,1.0,7,,1.0,1.0,1.0,A01,138Â 298Â 582,6.0
962692,201900004223,7,6,11:10,1,2,1,1.0,6.0,97113,BAS DU FORT,M,"16,2173800"," -61,5268500",971,2019,50.0,1.0,1.0,9.0,2151679,1.0,1,1,2,5.0,,0.0,0,2000.0,A01,138Â 298Â 582,1.0,8.0,-1.0,1643100,1.0,7,,1.0,1.0,1.0,A01,138Â 298Â 582,6.0
962692,201900004223,7,6,11:10,1,2,1,1.0,6.0,97113,BAS DU FORT,M,"16,2173800"," -61,5268500",971,2019,50.0,1.0,1.0,9.0,2151680,2.0,2,1,2,5.0,,0.0,0,1999.0,A01,138Â 298Â 582,1.0,0.0,-1.0,1643100,1.0,7,,1.0,1.0,1.0,A01,138Â 298Â 582,6.0
962693,201900004224,5,28,14:43,1,2,6,2.0,3.0,97107,DUMANOIR ( ALLEE ),M,"16,0387300"," -61,5668050",971,2019,50.0,1.0,2.0,4.0,2151681,1.0,1,3,1,5.0,,-1.0,0,1988.0,A01,138Â 298Â 580,2.0,8.0,-1.0,1643101,1.0,31,,12.0,1.0,1.0,A01,138Â 298Â 580,6.0
962693,201900004224,5,28,14:43,1,2,6,2.0,3.0,97107,DUMANOIR ( ALLEE ),M,"16,0387300"," -61,5668050",971,2019,50.0,1.0,2.0,4.0,2151681,1.0,1,3,1,5.0,,-1.0,0,1988.0,A01,138Â 298Â 580,2.0,8.0,-1.0,1643102,1.0,7,,2.0,1.0,8.0,B01,138Â 298Â 581,0.0
962693,201900004224,5,28,14:43,1,2,6,2.0,3.0,97107,DUMANOIR ( ALLEE ),M,"16,0387300"," -61,5668050",971,2019,50.0,1.0,2.0,4.0,2151682,1.0,1,1,1,9.0,,-1.0,0,1965.0,B01,138Â 298Â 581,1.0,8.0,-1.0,1643101,1.0,31,,12.0,1.0,1.0,A01,138Â 298Â 580,6.0
962693,201900004224,5,28,14:43,1,2,6,2.0,3.0,97107,DUMANOIR ( ALLEE ),M,"16,0387300"," -61,5668050",971,2019,50.0,1.0,2.0,4.0,2151682,1.0,1,1,1,9.0,,-1.0,0,1965.0,B01,138Â 298Â 581,1.0,8.0,-1.0,1643102,1.0,7,,2.0,1.0,8.0,B01,138Â 298Â 581,0.0
962694,201900004225,7,5,08:53,1,2,1,1.0,4.0,91339,RN 20,M,"48,6350000","2,2660000",91,2019,50.0,3.0,1.0,4.0,2151683,1.0,1,4,2,0.0,,0.0,0,1993.0,A01,138Â 298Â 576,1.0,8.0,-1.0,1643103,3.0,7,,0.0,2.0,1.0,A01,138Â 298Â 576,0.0
962694,201900004225,7,5,08:53,1,2,1,1.0,4.0,91339,RN 20,M,"48,6350000","2,2660000",91,2019,50.0,3.0,1.0,4.0,2151683,1.0,1,4,2,0.0,,0.0,0,1993.0,A01,138Â 298Â 576,1.0,8.0,-1.0,1643104,3.0,7,,0.0,2.0,4.0,B01,138Â 298Â 577,0.0
962694,201900004225,7,5,08:53,1,2,1,1.0,4.0,91339,RN 20,M,"48,6350000","2,2660000",91,2019,50.0,3.0,1.0,4.0,2151683,1.0,1,4,2,0.0,,0.0,0,1993.0,A01,138Â 298Â 576,1.0,8.0,-1.0,1643105,3.0,7,,0.0,2.0,1.0,C01,138Â 298Â 578,0.0
962694,201900004225,7,5,08:53,1,2,1,1.0,4.0,91339,RN 20,M,"48,6350000","2,2660000",91,2019,50.0,3.0,1.0,4.0,2151683,1.0,1,4,2,0.0,,0.0,0,1993.0,A01,138Â 298Â 576,1.0,8.0,-1.0,1643106,3.0,7,,0.0,2.0,1.0,D01,138Â 298Â 579,0.0
962694,201900004225,7,5,08:53,1,2,1,1.0,4.0,91339,RN 20,M,"48,6350000","2,2660000",91,2019,50.0,3.0,1.0,4.0,2151684,1.0,1,1,2,0.0,,0.0,0,1971.0,C01,138Â 298Â 578,1.0,0.0,-1.0,1643103,3.0,7,,0.0,2.0,1.0,A01,138Â 298Â 576,0.0
962694,201900004225,7,5,08:53,1,2,1,1.0,4.0,91339,RN 20,M,"48,6350000","2,2660000",91,2019,50.0,3.0,1.0,4.0,2151684,1.0,1,1,2,0.0,,0.0,0,1971.0,C01,138Â 298Â 578,1.0,0.0,-1.0,1643104,3.0,7,,0.0,2.0,4.0,B01,138Â 298Â 577,0.0
962694,201900004225,7,5,08:53,1,2,1,1.0,4.0,91339,RN 20,M,"48,6350000","2,2660000",91,2019,50.0,3.0,1.0,4.0,2151684,1.0,1,1,2,0.0,,0.0,0,1971.0,C01,138Â 298Â 578,1.0,0.0,-1.0,1643105,3.0,7,,0.0,2.0,1.0,C01,138Â 298Â 578,0.0
962694,201900004225,7,5,08:53,1,2,1,1.0,4.0,91339,RN 20,M,"48,6350000","2,2660000",91,2019,50.0,3.0,1.0,4.0,2151684,1.0,1,1,2,0.0,,0.0,0,1971.0,C01,138Â 298Â 578,1.0,0.0,-1.0,1643106,3.0,7,,0.0,2.0,1.0,D01,138Â 298Â 579,0.0
962694,201900004225,7,5,08:53,1,2,1,1.0,4.0,91339,RN 20,M,"48,6350000","2,2660000",91,2019,50.0,3.0,1.0,4.0,2151685,1.0,1,1,2,0.0,,0.0,0,1987.0,D01,138Â 298Â 579,1.0,0.0,-1.0,1643103,3.0,7,,0.0,2.0,1.0,A01,138Â 298Â 576,0.0
962694,201900004225,7,5,08:53,1,2,1,1.0,4.0,91339,RN 20,M,"48,6350000","2,2660000",91,2019,50.0,3.0,1.0,4.0,2151685,1.0,1,1,2,0.0,,0.0,0,1987.0,D01,138Â 298Â 579,1.0,0.0,-1.0,1643104,3.0,7,,0.0,2.0,4.0,B01,138Â 298Â 577,0.0
962694,201900004225,7,5,08:53,1,2,1,1.0,4.0,91339,RN 20,M,"48,6350000","2,2660000",91,2019,50.0,3.0,1.0,4.0,2151685,1.0,1,1,2,0.0,,0.0,0,1987.0,D01,138Â 298Â 579,1.0,0.0,-1.0,1643105,3.0,7,,0.0,2.0,1.0,C01,138Â 298Â 578,0.0
962694,201900004225,7,5,08:53,1,2,1,1.0,4.0,91339,RN 20,M,"48,6350000","2,2660000",91,2019,50.0,3.0,1.0,4.0,2151685,1.0,1,1,2,0.0,,0.0,0,1987.0,D01,138Â 298Â 579,1.0,0.0,-1.0,1643106,3.0,7,,0.0,2.0,1.0,D01,138Â 298Â 579,0.0
962695,201900004226,7,6,12:14,1,1,1,1.0,7.0,87085,RN520,M,"45,8907400","1,2762900",87,2019,80.0,1.0,1.0,2.0,2151686,1.0,1,4,2,5.0,,0.0,0,1996.0,A01,138Â 298Â 575,2.0,6.0,-1.0,1643107,1.0,31,,0.0,0.0,8.0,A01,138Â 298Â 575,1.0
962696,201900004227,7,7,21:00,2,2,2,1.0,1.0,84087,TERRIER (RUE DU),M,"44,1415100","4,8136300",84,2019,50.0,1.0,1.0,4.0,2151687,1.0,1,2,1,5.0,,-1.0, -1,1983.0,B01,138Â 298Â 573,2.0,0.0,-1.0,1643108,1.0,31,,0.0,2.0,1.0,B01,138Â 298Â 573,1.0
962696,201900004227,7,7,21:00,2,2,2,1.0,1.0,84087,TERRIER (RUE DU),M,"44,1415100","4,8136300",84,2019,50.0,1.0,1.0,4.0,2151687,1.0,1,2,1,5.0,,-1.0, -1,1983.0,B01,138Â 298Â 573,2.0,0.0,-1.0,1643109,2.0,7,,0.0,2.0,1.0,A01,138Â 298Â 574,1.0
962696,201900004227,7,7,21:00,2,2,2,1.0,1.0,84087,TERRIER (RUE DU),M,"44,1415100","4,8136300",84,2019,50.0,1.0,1.0,4.0,2151688,2.0,2,1,2,5.0,,-1.0, -1,1954.0,A01,138Â 298Â 574,1.0,0.0,-1.0,1643108,1.0,31,,0.0,2.0,1.0,B01,138Â 298Â 573,1.0