Unnamed: 0_x,num_acc,mois,jour,hrmn,lum,agg,int,atm,col,com,adr,gps,lat,long,dep,annee,vma,situ,surf,catr,Unnamed: 0_y,place,catu,grav,sexe,trajet,secu,locp,actp,an_nais,num_veh_x,id_vehicule_x,secu1,secu2,secu3,Unnamed: 0,senc,catv,occutc,obs,obsm,choc,num_veh_y,id_vehicule_y,motor
962696,201900004227,7,7,21:00,2,2,2,1.0,1.0,84087,TERRIER (RUE DU),M,"44,1415100","4,8136300",84,2019,50.0,1.0,1.0,4.0,2151688,2.0,2,1,2,5.0,,-1.0, -1,1954.0,A01,138Â 298Â 574,1.0,0.0,-1.0,1643109,2.0,7,,0.0,2.0,1.0,A01,138Â 298Â 574,1.0
962696,201900004227,7,7,21:00,2,2,2,1.0,1.0,84087,TERRIER (RUE DU),M,"44,1415100","4,8136300",84,2019,50.0,1.0,1.0,4.0,2151689,1.0,1,1,1,5.0,,-1.0, -1,1957.0,A01,138Â 298Â 574,1.0,0.0,-1.0,1643108,1.0,31,,0.0,2.0,1.0,B01,138Â 298Â 573,1.0
962696,201900004227,7,7,21:00,2,2,2,1.0,1.0,84087,TERRIER (RUE DU),M,"44,1415100","4,8136300",84,2019,50.0,1.0,1.0,4.0,2151689,1.0,1,1,1,5.0,,-1.0, -1,1957.0,A01,138Â 298Â 574,1.0,0.0,-1.0,1643109,2.0,7,,0.0,2.0,1.0,A01,138Â 298Â 574,1.0
962697,201900004228,7,8,00:45,5,2,1,1.0,6.0,81033,BRUGAYRAC ( RUE DE ),M,"44,0326991","2,1547057",81,2019,30.0,2.0,1.0,4.0,2151690,5.0,2,4,1,0.0,,0.0,0,2003.0,A01,138Â 298Â 572,1.0,0.0,-1.0,1643110,2.0,3,,8.0,0.0,9.0,A01,138Â 298Â 572,1.0
962697,201900004228,7,8,00:45,5,2,1,1.0,6.0,81033,BRUGAYRAC ( RUE DE ),M,"44,0326991","2,1547057",81,2019,30.0,2.0,1.0,4.0,2151691,5.0,2,4,1,0.0,,0.0,0,2001.0,A01,138Â 298Â 572,1.0,0.0,-1.0,1643110,2.0,3,,8.0,0.0,9.0,A01,138Â 298Â 572,1.0
962697,201900004228,7,8,00:45,5,2,1,1.0,6.0,81033,BRUGAYRAC ( RUE DE ),M,"44,0326991","2,1547057",81,2019,30.0,2.0,1.0,4.0,2151692,1.0,1,1,1,5.0,,0.0,0,2000.0,A01,138Â 298Â 572,1.0,0.0,-1.0,1643110,2.0,3,,8.0,0.0,9.0,A01,138Â 298Â 572,1.0
962698,201900004229,7,6,15:35,1,2,1,1.0,3.0,80702,"6, ROUTE DE SAINS",M,"49,8418100","2,3117800",80,2019,50.0,1.0,1.0,4.0,2151693,1.0,1,4,1,0.0,,0.0,0,1975.0,B01,138Â 298Â 570,2.0,0.0,-1.0,1643111,0.0,1,,0.0,2.0,0.0,B01,138Â 298Â 570,5.0
962698,201900004229,7,6,15:35,1,2,1,1.0,3.0,80702,"6, ROUTE DE SAINS",M,"49,8418100","2,3117800",80,2019,50.0,1.0,1.0,4.0,2151693,1.0,1,4,1,0.0,,0.0,0,1975.0,B01,138Â 298Â 570,2.0,0.0,-1.0,1643112,0.0,7,,0.0,2.0,2.0,A01,138Â 298Â 571,1.0
962698,201900004229,7,6,15:35,1,2,1,1.0,3.0,80702,"6, ROUTE DE SAINS",M,"49,8418100","2,3117800",80,2019,50.0,1.0,1.0,4.0,2151694,1.0,1,1,2,0.0,,0.0,0,1971.0,A01,138Â 298Â 571,1.0,0.0,-1.0,1643111,0.0,1,,0.0,2.0,0.0,B01,138Â 298Â 570,5.0
962698,201900004229,7,6,15:35,1,2,1,1.0,3.0,80702,"6, ROUTE DE SAINS",M,"49,8418100","2,3117800",80,2019,50.0,1.0,1.0,4.0,2151694,1.0,1,1,2,0.0,,0.0,0,1971.0,A01,138Â 298Â 571,1.0,0.0,-1.0,1643112,0.0,7,,0.0,2.0,2.0,A01,138Â 298Â 571,1.0
962699,201900004230,7,7,22:05,1,2,1,1.0,3.0,77305,COLLINE SAINT MARTIN (AVENUE DE LA),M,"48,3949700","2,9663000",77,2019,50.0,1.0,1.0,4.0,2151695,1.0,1,1,1,5.0,,-1.0,0,1998.0,A01,138Â 298Â 568,1.0,0.0,-1.0,1643113,3.0,7,,0.0,6.0,7.0,A01,138Â 298Â 568,1.0
962699,201900004230,7,7,22:05,1,2,1,1.0,3.0,77305,COLLINE SAINT MARTIN (AVENUE DE LA),M,"48,3949700","2,9663000",77,2019,50.0,1.0,1.0,4.0,2151695,1.0,1,1,1,5.0,,-1.0,0,1998.0,A01,138Â 298Â 568,1.0,0.0,-1.0,1643114,3.0,1,,0.0,0.0,0.0,B01,138Â 298Â 569,5.0
962699,201900004230,7,7,22:05,1,2,1,1.0,3.0,77305,COLLINE SAINT MARTIN (AVENUE DE LA),M,"48,3949700","2,9663000",77,2019,50.0,1.0,1.0,4.0,2151696,1.0,1,4,1,5.0,,-1.0,0,2003.0,B01,138Â 298Â 569,2.0,0.0,-1.0,1643113,3.0,7,,0.0,6.0,7.0,A01,138Â 298Â 568,1.0
962699,201900004230,7,7,22:05,1,2,1,1.0,3.0,77305,COLLINE SAINT MARTIN (AVENUE DE LA),M,"48,3949700","2,9663000",77,2019,50.0,1.0,1.0,4.0,2151696,1.0,1,4,1,5.0,,-1.0,0,2003.0,B01,138Â 298Â 569,2.0,0.0,-1.0,1643114,3.0,1,,0.0,0.0,0.0,B01,138Â 298Â 569,5.0
962700,201900004231,7,7,12:40,1,2,3,1.0,3.0,76540,VERTE. RUE,M,"49,4528600","1,0935000",76,2019,50.0,1.0,1.0,4.0,2151697,1.0,1,3,1,5.0,,0.0,0,1999.0,A01,138Â 298Â 563,8.0,0.0,-1.0,1643115,0.0,1,,0.0,2.0,1.0,A01,138Â 298Â 563,5.0
962700,201900004231,7,7,12:40,1,2,3,1.0,3.0,76540,VERTE. RUE,M,"49,4528600","1,0935000",76,2019,50.0,1.0,1.0,4.0,2151697,1.0,1,3,1,5.0,,0.0,0,1999.0,A01,138Â 298Â 563,8.0,0.0,-1.0,1643116,0.0,7,,0.0,2.0,8.0,B01,138Â 298Â 564,1.0
962700,201900004231,7,7,12:40,1,2,3,1.0,3.0,76540,VERTE. RUE,M,"49,4528600","1,0935000",76,2019,50.0,1.0,1.0,4.0,2151698,1.0,1,1,1,5.0,,0.0,0,1970.0,B01,138Â 298Â 564,1.0,0.0,-1.0,1643115,0.0,1,,0.0,2.0,1.0,A01,138Â 298Â 563,5.0
962700,201900004231,7,7,12:40,1,2,3,1.0,3.0,76540,VERTE. RUE,M,"49,4528600","1,0935000",76,2019,50.0,1.0,1.0,4.0,2151698,1.0,1,1,1,5.0,,0.0,0,1970.0,B01,138Â 298Â 564,1.0,0.0,-1.0,1643116,0.0,7,,0.0,2.0,8.0,B01,138Â 298Â 564,1.0
962701,201900004232,7,6,17:00,1,2,1,1.0,2.0,76540,YSER. BOULEVARD DE L',M,"49,4480700","1,1016300",76,2019,50.0,1.0,1.0,3.0,2151699,1.0,1,4,1,5.0,,0.0,0,1995.0,A01,138Â 298Â 561,2.0,0.0,-1.0,1643117,1.0,2,,0.0,2.0,1.0,A01,138Â 298Â 561,1.0
962701,201900004232,7,6,17:00,1,2,1,1.0,2.0,76540,YSER. BOULEVARD DE L',M,"49,4480700","1,1016300",76,2019,50.0,1.0,1.0,3.0,2151699,1.0,1,4,1,5.0,,0.0,0,1995.0,A01,138Â 298Â 561,2.0,0.0,-1.0,1643118,1.0,7,,0.0,2.0,4.0,B01,138Â 298Â 562,1.0
962701,201900004232,7,6,17:00,1,2,1,1.0,2.0,76540,YSER. BOULEVARD DE L',M,"49,4480700","1,1016300",76,2019,50.0,1.0,1.0,3.0,2151700,1.0,1,1,1,5.0,,0.0,0,1965.0,B01,138Â 298Â 562,1.0,0.0,-1.0,1643117,1.0,2,,0.0,2.0,1.0,A01,138Â 298Â 561,1.0
962701,201900004232,7,6,17:00,1,2,1,1.0,2.0,76540,YSER. BOULEVARD DE L',M,"49,4480700","1,1016300",76,2019,50.0,1.0,1.0,3.0,2151700,1.0,1,1,1,5.0,,0.0,0,1965.0,B01,138Â 298Â 562,1.0,0.0,-1.0,1643118,1.0,7,,0.0,2.0,4.0,B01,138Â 298Â 562,1.0
962702,201900004233,7,6,17:00,1,1,1,1.0,6.0,76341,RD 6015,M,"49,5161000","0,2091000",76,2019,90.0,1.0,1.0,3.0,2151701,1.0,1,3,1,0.0,,0.0,0,1965.0,A01,138Â 298Â 560,2.0,8.0,-1.0,1643119,2.0,33,,4.0,0.0,1.0,A01,138Â 298Â 560,1.0
962703,201900004234,7,6,21:15,2,2,3,1.0,3.0,76351,JEAN JAURES (AVENUE),M,"49,5008400","0,1782100",76,2019,50.0,1.0,1.0,4.0,2151702,1.0,1,1,2,0.0,,0.0,0,1996.0,A01,138Â 298Â 558,1.0,8.0,-1.0,1643120,0.0,7,,0.0,2.0,3.0,A01,138Â 298Â 558,1.0
962703,201900004234,7,6,21:15,2,2,3,1.0,3.0,76351,JEAN JAURES (AVENUE),M,"49,5008400","0,1782100",76,2019,50.0,1.0,1.0,4.0,2151702,1.0,1,1,2,0.0,,0.0,0,1996.0,A01,138Â 298Â 558,1.0,8.0,-1.0,1643121,0.0,32,,0.0,2.0,1.0,B01,138Â 298Â 559,1.0
962703,201900004234,7,6,21:15,2,2,3,1.0,3.0,76351,JEAN JAURES (AVENUE),M,"49,5008400","0,1782100",76,2019,50.0,1.0,1.0,4.0,2151703,1.0,1,4,2,0.0,,0.0,0,1982.0,B01,138Â 298Â 559,2.0,8.0,-1.0,1643120,0.0,7,,0.0,2.0,3.0,A01,138Â 298Â 558,1.0
962703,201900004234,7,6,21:15,2,2,3,1.0,3.0,76351,JEAN JAURES (AVENUE),M,"49,5008400","0,1782100",76,2019,50.0,1.0,1.0,4.0,2151703,1.0,1,4,2,0.0,,0.0,0,1982.0,B01,138Â 298Â 559,2.0,8.0,-1.0,1643121,0.0,32,,0.0,2.0,1.0,B01,138Â 298Â 559,1.0
962704,201900004235,7,6,13:30,1,2,3,1.0,6.0,76305,ORCHER,M,"49,5034900","0,2140200",76,2019,50.0,1.0,1.0,4.0,2151704,2.0,2,4,1,5.0,,0.0,0,2001.0,A01,138Â 298Â 557,2.0,0.0,-1.0,1643122,0.0,1,,6.0,0.0,1.0,A01,138Â 298Â 557,5.0
962704,201900004235,7,6,13:30,1,2,3,1.0,6.0,76305,ORCHER,M,"49,5034900","0,2140200",76,2019,50.0,1.0,1.0,4.0,2151705,1.0,1,4,1,5.0,,0.0,0,2002.0,A01,138Â 298Â 557,2.0,0.0,-1.0,1643122,0.0,1,,6.0,0.0,1.0,A01,138Â 298Â 557,5.0
962705,201900004236,7,5,11:50,1,2,3,1.0,3.0,67482,JEAN JAURES (AVENUE),M,"48,5694610","7,7630970",67,2019,50.0,1.0,1.0,4.0,2151706,1.0,1,1,1,0.0,,-1.0,0,1995.0,A01,138Â 298Â 555,1.0,8.0,-1.0,1643123,1.0,7,,0.0,2.0,2.0,A01,138Â 298Â 555,1.0
962705,201900004236,7,5,11:50,1,2,3,1.0,3.0,67482,JEAN JAURES (AVENUE),M,"48,5694610","7,7630970",67,2019,50.0,1.0,1.0,4.0,2151706,1.0,1,1,1,0.0,,-1.0,0,1995.0,A01,138Â 298Â 555,1.0,8.0,-1.0,1643124,2.0,1,,0.0,2.0,7.0,B01,138Â 298Â 556,5.0
962705,201900004236,7,5,11:50,1,2,3,1.0,3.0,67482,JEAN JAURES (AVENUE),M,"48,5694610","7,7630970",67,2019,50.0,1.0,1.0,4.0,2151707,1.0,1,4,2,0.0,,0.0,0,1968.0,B01,138Â 298Â 556,8.0,0.0,-1.0,1643123,1.0,7,,0.0,2.0,2.0,A01,138Â 298Â 555,1.0
962705,201900004236,7,5,11:50,1,2,3,1.0,3.0,67482,JEAN JAURES (AVENUE),M,"48,5694610","7,7630970",67,2019,50.0,1.0,1.0,4.0,2151707,1.0,1,4,2,0.0,,0.0,0,1968.0,B01,138Â 298Â 556,8.0,0.0,-1.0,1643124,2.0,1,,0.0,2.0,7.0,B01,138Â 298Â 556,5.0
962706,201900004237,7,4,17:15,1,2,1,1.0,6.0,66136,LANGUEDOC (AVENUE DU CD 88),M,"42,7327900","2,8896800",66,2019,50.0,1.0,1.0,4.0,2151708,1.0,1,4,2,5.0,,-1.0, -1,1999.0,B01,138Â 298Â 554,1.0,8.0,-1.0,1643125,1.0,7,,0.0,2.0,1.0,A01,138Â 298Â 553,1.0
962706,201900004237,7,4,17:15,1,2,1,1.0,6.0,66136,LANGUEDOC (AVENUE DU CD 88),M,"42,7327900","2,8896800",66,2019,50.0,1.0,1.0,4.0,2151708,1.0,1,4,2,5.0,,-1.0, -1,1999.0,B01,138Â 298Â 554,1.0,8.0,-1.0,1643126,1.0,7,,0.0,2.0,3.0,B01,138Â 298Â 554,1.0
962707,201900004238,7,4,16:30,1,2,1,1.0,5.0,66136,BELFORT AVENUE DE,M,"42,6884000","2,8812800",66,2019,50.0,1.0,1.0,4.0,2151709,2.0,2,4,1,9.0,,0.0,0,1994.0,B01,138Â 298Â 550,1.0,0.0,-1.0,1643127,1.0,7,,1.0,0.0,3.0,B01,138Â 298Â 550,1.0
962707,201900004238,7,4,16:30,1,2,1,1.0,5.0,66136,BELFORT AVENUE DE,M,"42,6884000","2,8812800",66,2019,50.0,1.0,1.0,4.0,2151709,2.0,2,4,1,9.0,,0.0,0,1994.0,B01,138Â 298Â 550,1.0,0.0,-1.0,1643128,1.0,7,,0.0,2.0,3.0,C01,138Â 298Â 551,0.0
962707,201900004238,7,4,16:30,1,2,1,1.0,5.0,66136,BELFORT AVENUE DE,M,"42,6884000","2,8812800",66,2019,50.0,1.0,1.0,4.0,2151709,2.0,2,4,1,9.0,,0.0,0,1994.0,B01,138Â 298Â 550,1.0,0.0,-1.0,1643129,3.0,7,,0.0,2.0,0.0,A01,138Â 298Â 552,0.0
962707,201900004238,7,4,16:30,1,2,1,1.0,5.0,66136,BELFORT AVENUE DE,M,"42,6884000","2,8812800",66,2019,50.0,1.0,1.0,4.0,2151710,1.0,1,1,1,9.0,,0.0,0,1987.0,B01,138Â 298Â 550,1.0,8.0,-1.0,1643127,1.0,7,,1.0,0.0,3.0,B01,138Â 298Â 550,1.0
962707,201900004238,7,4,16:30,1,2,1,1.0,5.0,66136,BELFORT AVENUE DE,M,"42,6884000","2,8812800",66,2019,50.0,1.0,1.0,4.0,2151710,1.0,1,1,1,9.0,,0.0,0,1987.0,B01,138Â 298Â 550,1.0,8.0,-1.0,1643128,1.0,7,,0.0,2.0,3.0,C01,138Â 298Â 551,0.0
962707,201900004238,7,4,16:30,1,2,1,1.0,5.0,66136,BELFORT AVENUE DE,M,"42,6884000","2,8812800",66,2019,50.0,1.0,1.0,4.0,2151710,1.0,1,1,1,9.0,,0.0,0,1987.0,B01,138Â 298Â 550,1.0,8.0,-1.0,1643129,3.0,7,,0.0,2.0,0.0,A01,138Â 298Â 552,0.0
962707,201900004238,7,4,16:30,1,2,1,1.0,5.0,66136,BELFORT AVENUE DE,M,"42,6884000","2,8812800",66,2019,50.0,1.0,1.0,4.0,2151711,1.0,1,4,2,9.0,,-1.0, -1,1986.0,C01,138Â 298Â 551,1.0,8.0,-1.0,1643127,1.0,7,,1.0,0.0,3.0,B01,138Â 298Â 550,1.0
962707,201900004238,7,4,16:30,1,2,1,1.0,5.0,66136,BELFORT AVENUE DE,M,"42,6884000","2,8812800",66,2019,50.0,1.0,1.0,4.0,2151711,1.0,1,4,2,9.0,,-1.0, -1,1986.0,C01,138Â 298Â 551,1.0,8.0,-1.0,1643128,1.0,7,,0.0,2.0,3.0,C01,138Â 298Â 551,0.0
962707,201900004238,7,4,16:30,1,2,1,1.0,5.0,66136,BELFORT AVENUE DE,M,"42,6884000","2,8812800",66,2019,50.0,1.0,1.0,4.0,2151711,1.0,1,4,2,9.0,,-1.0, -1,1986.0,C01,138Â 298Â 551,1.0,8.0,-1.0,1643129,3.0,7,,0.0,2.0,0.0,A01,138Â 298Â 552,0.0
962708,201900004239,7,6,03:40,5,2,1,1.0,7.0,64102,PAULMY (AVENUE DES ALLEES),M,"43,4933016"," -1,4800516",64,2019,50.0,1.0,1.0,4.0,2151712,2.0,2,4,1,5.0,,-1.0,0,1988.0,A01,138Â 298Â 549,2.0,8.0,-1.0,1643130,2.0,30,,14.0,0.0,1.0,A01,138Â 298Â 549,1.0
962708,201900004239,7,6,03:40,5,2,1,1.0,7.0,64102,PAULMY (AVENUE DES ALLEES),M,"43,4933016"," -1,4800516",64,2019,50.0,1.0,1.0,4.0,2151713,1.0,1,3,1,5.0,,-1.0,0,1982.0,A01,138Â 298Â 549,2.0,8.0,-1.0,1643130,2.0,30,,14.0,0.0,1.0,A01,138Â 298Â 549,1.0
962709,201900004240,7,6,00:05,5,2,6,1.0,6.0,64024,BUTTE AUX CAILLES (ROND POINT DE LA),M,"43,4968000"," -1,5093800",64,2019,50.0,1.0,8.0,4.0,2151714,1.0,1,1,1,5.0,,0.0,0,1999.0,C01,138Â 298Â 547,2.0,6.0,-1.0,1643131,3.0,32,,0.0,0.0,0.0,C01,138Â 298Â 547,1.0
962709,201900004240,7,6,00:05,5,2,6,1.0,6.0,64024,BUTTE AUX CAILLES (ROND POINT DE LA),M,"43,4968000"," -1,5093800",64,2019,50.0,1.0,8.0,4.0,2151714,1.0,1,1,1,5.0,,0.0,0,1999.0,C01,138Â 298Â 547,2.0,6.0,-1.0,1643132,3.0,32,,0.0,0.0,8.0,B01,138Â 298Â 548,1.0
962709,201900004240,7,6,00:05,5,2,6,1.0,6.0,64024,BUTTE AUX CAILLES (ROND POINT DE LA),M,"43,4968000"," -1,5093800",64,2019,50.0,1.0,8.0,4.0,2151715,1.0,1,4,2,5.0,,0.0,0,1971.0,B01,138Â 298Â 548,2.0,6.0,-1.0,1643131,3.0,32,,0.0,0.0,0.0,C01,138Â 298Â 547,1.0
962709,201900004240,7,6,00:05,5,2,6,1.0,6.0,64024,BUTTE AUX CAILLES (ROND POINT DE LA),M,"43,4968000"," -1,5093800",64,2019,50.0,1.0,8.0,4.0,2151715,1.0,1,4,2,5.0,,0.0,0,1971.0,B01,138Â 298Â 548,2.0,6.0,-1.0,1643132,3.0,32,,0.0,0.0,8.0,B01,138Â 298Â 548,1.0
962710,201900004241,7,7,11:50,1,1,1,1.0,6.0,62048,PARC DES LOISIRS,M,"50,5194742","2,4463034",62,2019,50.0,1.0,1.0,4.0,2151716,1.0,1,4,1,5.0,,0.0,0,1971.0,A01,138Â 298Â 546,1.0,0.0,-1.0,1643133,2.0,7,,2.0,0.0,2.0,A01,138Â 298Â 546,1.0
962711,201900004242,7,8,15:00,1,2,2,1.0,3.0,59421,CONGO (RUE DU),M,"50,6959450","3,1439640",59,2019,50.0,1.0,1.0,7.0,2151717,1.0,1,1,1,0.0,,-1.0,0,1970.0,A01,138Â 298Â 544,1.0,0.0,-1.0,1643134,3.0,7,,0.0,2.0,1.0,A01,138Â 298Â 544,1.0
962711,201900004242,7,8,15:00,1,2,2,1.0,3.0,59421,CONGO (RUE DU),M,"50,6959450","3,1439640",59,2019,50.0,1.0,1.0,7.0,2151717,1.0,1,1,1,0.0,,-1.0,0,1970.0,A01,138Â 298Â 544,1.0,0.0,-1.0,1643135,3.0,31,,0.0,2.0,1.0,B01,138Â 298Â 545,1.0
962711,201900004242,7,8,15:00,1,2,2,1.0,3.0,59421,CONGO (RUE DU),M,"50,6959450","3,1439640",59,2019,50.0,1.0,1.0,7.0,2151718,1.0,1,3,1,5.0,,-1.0,0,1988.0,B01,138Â 298Â 545,2.0,6.0,-1.0,1643134,3.0,7,,0.0,2.0,1.0,A01,138Â 298Â 544,1.0
962711,201900004242,7,8,15:00,1,2,2,1.0,3.0,59421,CONGO (RUE DU),M,"50,6959450","3,1439640",59,2019,50.0,1.0,1.0,7.0,2151718,1.0,1,3,1,5.0,,-1.0,0,1988.0,B01,138Â 298Â 545,2.0,6.0,-1.0,1643135,3.0,31,,0.0,2.0,1.0,B01,138Â 298Â 545,1.0
962712,201900004243,7,8,05:05,5,2,1,1.0,6.0,56260,ESPALIERS DE LIMOGES(RUE DES),M,"47,6510000"," -2,7512600",56,2019,50.0,4.0,1.0,4.0,2151719,1.0,1,4,1,5.0,,0.0,0,1997.0,A01,138Â 298Â 539,2.0,6.0,-1.0,1643136,1.0,30,,1.0,0.0,1.0,A01,138Â 298Â 539,0.0
962713,201900004244,2,9,15:50,1,1,1,1.0,1.0,97213,PELLETIER (ROUTE DE),M,"14,6569000"," -60,9773500",972,2019,50.0,1.0,1.0,3.0,2151720,1.0,1,3,1,9.0,,-1.0,0,2001.0,B01,138Â 298Â 537,2.0,8.0,-1.0,1643137,1.0,1,,0.0,2.0,1.0,B01,138Â 298Â 537,5.0
962713,201900004244,2,9,15:50,1,1,1,1.0,1.0,97213,PELLETIER (ROUTE DE),M,"14,6569000"," -60,9773500",972,2019,50.0,1.0,1.0,3.0,2151720,1.0,1,3,1,9.0,,-1.0,0,2001.0,B01,138Â 298Â 537,2.0,8.0,-1.0,1643138,2.0,7,,0.0,2.0,0.0,A01,138Â 298Â 538,1.0
962713,201900004244,2,9,15:50,1,1,1,1.0,1.0,97213,PELLETIER (ROUTE DE),M,"14,6569000"," -60,9773500",972,2019,50.0,1.0,1.0,3.0,2151721,1.0,1,4,1,0.0,,-1.0,0,1990.0,A01,138Â 298Â 538,1.0,0.0,0.0,1643137,1.0,1,,0.0,2.0,1.0,B01,138Â 298Â 537,5.0
962713,201900004244,2,9,15:50,1,1,1,1.0,1.0,97213,PELLETIER (ROUTE DE),M,"14,6569000"," -60,9773500",972,2019,50.0,1.0,1.0,3.0,2151721,1.0,1,4,1,0.0,,-1.0,0,1990.0,A01,138Â 298Â 538,1.0,0.0,0.0,1643138,2.0,7,,0.0,2.0,0.0,A01,138Â 298Â 538,1.0
962714,201900004245,2,12,04:50,3,2,1,2.0,6.0,97209,RD 41 (ROCADE),M,"14,6112700"," -61,0651800",972,2019,60.0,1.0,2.0,3.0,2151722,1.0,1,4,1,4.0,,-1.0,0,1987.0,A01,138Â 298Â 536,1.0,0.0,-1.0,1643139,1.0,10,,3.0,0.0,5.0,A01,138Â 298Â 536,1.0
962715,201900004246,2,10,02:33,5,2,3,1.0,6.0,97209,SOLEIL LEVANT (BOULEVARD DU),M,"14,6271200"," -61,0399000",972,2019,50.0,1.0,1.0,3.0,2151723,2.0,1,4,1,0.0,,-1.0,0,1988.0,A01,138Â 298Â 535,2.0,8.0,-1.0,1643140,1.0,33,,7.0,0.0,1.0,A01,138Â 298Â 535,1.0
962716,201900004247,2,7,07:20,1,2,1,1.0,2.0,97209,MARNE (BOULEVARD DE LA),M,"14,6040500"," -61,0802000",972,2019,50.0,1.0,1.0,2.0,2151724,1.0,1,4,1,1.0,,-1.0,0,1982.0,A01,138Â 298Â 533,2.0,0.0,-1.0,1643141,1.0,32,,0.0,2.0,1.0,A01,138Â 298Â 533,1.0
962716,201900004247,2,7,07:20,1,2,1,1.0,2.0,97209,MARNE (BOULEVARD DE LA),M,"14,6040500"," -61,0802000",972,2019,50.0,1.0,1.0,2.0,2151724,1.0,1,4,1,1.0,,-1.0,0,1982.0,A01,138Â 298Â 533,2.0,0.0,-1.0,1643142,1.0,7,,0.0,2.0,4.0,B01,138Â 298Â 534,1.0
962716,201900004247,2,7,07:20,1,2,1,1.0,2.0,97209,MARNE (BOULEVARD DE LA),M,"14,6040500"," -61,0802000",972,2019,50.0,1.0,1.0,2.0,2151725,1.0,1,1,1,1.0,,-1.0,0,1976.0,B01,138Â 298Â 534,1.0,0.0,-1.0,1643141,1.0,32,,0.0,2.0,1.0,A01,138Â 298Â 533,1.0
962716,201900004247,2,7,07:20,1,2,1,1.0,2.0,97209,MARNE (BOULEVARD DE LA),M,"14,6040500"," -61,0802000",972,2019,50.0,1.0,1.0,2.0,2151725,1.0,1,1,1,1.0,,-1.0,0,1976.0,B01,138Â 298Â 534,1.0,0.0,-1.0,1643142,1.0,7,,0.0,2.0,4.0,B01,138Â 298Â 534,1.0
962716,201900004247,2,7,07:20,1,2,1,1.0,2.0,97209,MARNE (BOULEVARD DE LA),M,"14,6040500"," -61,0802000",972,2019,50.0,1.0,1.0,2.0,2151726,2.0,2,1,1,1.0,,-1.0,0,1975.0,B01,138Â 298Â 534,1.0,0.0,-1.0,1643141,1.0,32,,0.0,2.0,1.0,A01,138Â 298Â 533,1.0
962716,201900004247,2,7,07:20,1,2,1,1.0,2.0,97209,MARNE (BOULEVARD DE LA),M,"14,6040500"," -61,0802000",972,2019,50.0,1.0,1.0,2.0,2151726,2.0,2,1,1,1.0,,-1.0,0,1975.0,B01,138Â 298Â 534,1.0,0.0,-1.0,1643142,1.0,7,,0.0,2.0,4.0,B01,138Â 298Â 534,1.0
962717,201900004248,2,11,20:05,3,2,1,1.0,6.0,69286,GENERAL LECLERC                     (AV),M,"45,8174700","4,9035900",69,2019,50.0,1.0,1.0,4.0,2151727,10.0,3,4,1,5.0,,2.0,3,1982.0,Z01,138Â 298Â 532,8.0,0.0,-1.0,1643143,2.0,0,,0.0,1.0,2.0,Z01,138Â 298Â 532,0.0
962718,201900004249,2,9,19:45,5,2,2,1.0,6.0,69382,CHARLEMAGNE                         (CO),M,"45,7397100","4,8184500",69,2019,50.0,1.0,1.0,4.0,2151728,4.0,2,4,2,0.0,,0.0,0,1998.0,B01,138Â 298Â 530,1.0,0.0,-1.0,1643144,2.0,7,,8.0,2.0,3.0,B01,138Â 298Â 530,1.0
962718,201900004249,2,9,19:45,5,2,2,1.0,6.0,69382,CHARLEMAGNE                         (CO),M,"45,7397100","4,8184500",69,2019,50.0,1.0,1.0,4.0,2151728,4.0,2,4,2,0.0,,0.0,0,1998.0,B01,138Â 298Â 530,1.0,0.0,-1.0,1643145,1.0,7,,9.0,2.0,1.0,A01,138Â 298Â 531,1.0
962718,201900004249,2,9,19:45,5,2,2,1.0,6.0,69382,CHARLEMAGNE                         (CO),M,"45,7397100","4,8184500",69,2019,50.0,1.0,1.0,4.0,2151729,1.0,1,1,2,0.0,,0.0,0,1997.0,B01,138Â 298Â 530,1.0,0.0,-1.0,1643144,2.0,7,,8.0,2.0,3.0,B01,138Â 298Â 530,1.0
962718,201900004249,2,9,19:45,5,2,2,1.0,6.0,69382,CHARLEMAGNE                         (CO),M,"45,7397100","4,8184500",69,2019,50.0,1.0,1.0,4.0,2151729,1.0,1,1,2,0.0,,0.0,0,1997.0,B01,138Â 298Â 530,1.0,0.0,-1.0,1643145,1.0,7,,9.0,2.0,1.0,A01,138Â 298Â 531,1.0
962718,201900004249,2,9,19:45,5,2,2,1.0,6.0,69382,CHARLEMAGNE                         (CO),M,"45,7397100","4,8184500",69,2019,50.0,1.0,1.0,4.0,2151730,1.0,1,4,1,4.0,,0.0,0,1973.0,A01,138Â 298Â 531,1.0,0.0,-1.0,1643144,2.0,7,,8.0,2.0,3.0,B01,138Â 298Â 530,1.0
962718,201900004249,2,9,19:45,5,2,2,1.0,6.0,69382,CHARLEMAGNE                         (CO),M,"45,7397100","4,8184500",69,2019,50.0,1.0,1.0,4.0,2151730,1.0,1,4,1,4.0,,0.0,0,1973.0,A01,138Â 298Â 531,1.0,0.0,-1.0,1643145,1.0,7,,9.0,2.0,1.0,A01,138Â 298Â 531,1.0
962719,201900004250,2,8,19:35,5,2,9,1.0,3.0,69142,STEPHANE DECHANT                    (R ),M,"45,7226600","4,8118200",69,2019,50.0,1.0,1.0,4.0,2151731,1.0,1,1,1,0.0,,0.0,0,1985.0,A01,138Â 298Â 528,1.0,0.0,-1.0,1643146,1.0,7,,0.0,2.0,3.0,A01,138Â 298Â 528,1.0