Unnamed: 0_x,num_acc,mois,jour,hrmn,lum,agg,int,atm,col,com,adr,gps,lat,long,dep,annee,vma,situ,surf,catr,Unnamed: 0_y,place,catu,grav,sexe,trajet,secu,locp,actp,an_nais,num_veh_x,id_vehicule_x,secu1,secu2,secu3,Unnamed: 0,senc,catv,occutc,obs,obsm,choc,num_veh_y,id_vehicule_y,motor
962719,201900004250,2,8,19:35,5,2,9,1.0,3.0,69142,STEPHANE DECHANT                    (R ),M,"45,7226600","4,8118200",69,2019,50.0,1.0,1.0,4.0,2151731,1.0,1,1,1,0.0,,0.0,0,1985.0,A01,138Â 298Â 528,1.0,0.0,-1.0,1643147,1.0,34,,0.0,2.0,1.0,B01,138Â 298Â 529,1.0
962719,201900004250,2,8,19:35,5,2,9,1.0,3.0,69142,STEPHANE DECHANT                    (R ),M,"45,7226600","4,8118200",69,2019,50.0,1.0,1.0,4.0,2151732,1.0,1,4,1,0.0,,0.0,0,1997.0,B01,138Â 298Â 529,2.0,6.0,-1.0,1643146,1.0,7,,0.0,2.0,3.0,A01,138Â 298Â 528,1.0
962719,201900004250,2,8,19:35,5,2,9,1.0,3.0,69142,STEPHANE DECHANT                    (R ),M,"45,7226600","4,8118200",69,2019,50.0,1.0,1.0,4.0,2151732,1.0,1,4,1,0.0,,0.0,0,1997.0,B01,138Â 298Â 529,2.0,6.0,-1.0,1643147,1.0,34,,0.0,2.0,1.0,B01,138Â 298Â 529,1.0
962720,201900004251,2,7,17:20,1,2,1,2.0,6.0,69149,FRANCISQUE JOMARD                   (R ),M,"45,7170400","4,7945800",69,2019,50.0,1.0,2.0,4.0,2151733,10.0,3,4,2,9.0,,3.0,3,2010.0,A01,138Â 298Â 527,8.0,0.0,-1.0,1643148,2.0,7,,0.0,1.0,2.0,A01,138Â 298Â 527,1.0
962720,201900004251,2,7,17:20,1,2,1,2.0,6.0,69149,FRANCISQUE JOMARD                   (R ),M,"45,7170400","4,7945800",69,2019,50.0,1.0,2.0,4.0,2151734,1.0,1,1,1,5.0,,0.0,0,1956.0,A01,138Â 298Â 527,1.0,8.0,-1.0,1643148,2.0,7,,0.0,1.0,2.0,A01,138Â 298Â 527,1.0
962721,201900004252,2,7,08:45,1,2,1,2.0,6.0,69286,ROUTE DE GENEVE                     (RO),M,"45,8032800","4,8814900",69,2019,50.0,2.0,2.0,4.0,2151735,1.0,1,1,1,1.0,,0.0,0,1987.0,A01,138Â 298Â 526,2.0,6.0,-1.0,1643149,2.0,34,,0.0,1.0,2.0,A01,138Â 298Â 526,1.0
962721,201900004252,2,7,08:45,1,2,1,2.0,6.0,69286,ROUTE DE GENEVE                     (RO),M,"45,8032800","4,8814900",69,2019,50.0,2.0,2.0,4.0,2151736,10.0,3,3,1,2.0,,2.0,3,2002.0,A01,138Â 298Â 526,8.0,0.0,-1.0,1643149,2.0,34,,0.0,1.0,2.0,A01,138Â 298Â 526,1.0
962722,201900004253,2,7,05:35,5,2,1,1.0,2.0,69389,CHAUVEAU                            (QU),M,"45,7683800","4,8128700",69,2019,50.0,1.0,1.0,4.0,2151737,5.0,2,4,1,9.0,,0.0,0,1974.0,D01,138Â 298Â 524,8.0,0.0,-1.0,1643150,0.0,7,,0.0,2.0,4.0,D01,138Â 298Â 524,1.0
962722,201900004253,2,7,05:35,5,2,1,1.0,2.0,69389,CHAUVEAU                            (QU),M,"45,7683800","4,8128700",69,2019,50.0,1.0,1.0,4.0,2151737,5.0,2,4,1,9.0,,0.0,0,1974.0,D01,138Â 298Â 524,8.0,0.0,-1.0,1643151,2.0,7,,1.0,0.0,3.0,A01,138Â 298Â 525,1.0
962722,201900004253,2,7,05:35,5,2,1,1.0,2.0,69389,CHAUVEAU                            (QU),M,"45,7683800","4,8128700",69,2019,50.0,1.0,1.0,4.0,2151738,1.0,1,4,1,5.0,,0.0,0,1981.0,A01,138Â 298Â 525,1.0,5.0,-1.0,1643150,0.0,7,,0.0,2.0,4.0,D01,138Â 298Â 524,1.0
962722,201900004253,2,7,05:35,5,2,1,1.0,2.0,69389,CHAUVEAU                            (QU),M,"45,7683800","4,8128700",69,2019,50.0,1.0,1.0,4.0,2151738,1.0,1,4,1,5.0,,0.0,0,1981.0,A01,138Â 298Â 525,1.0,5.0,-1.0,1643151,2.0,7,,1.0,0.0,3.0,A01,138Â 298Â 525,1.0
962723,201900004254,2,10,19:00,5,2,1,1.0,7.0,97101,JEAN  IGNACE (RUE) ,M,"16,2396900"," -61,5204700",971,2019,30.0,1.0,1.0,4.0,2151739,10.0,3,4,2,9.0,,1.0,1,1960.0,B01,138Â 298Â 523,8.0,0.0,-1.0,1643152,0.0,7,,1.0,0.0,8.0,B01,138Â 298Â 523,1.0
962724,201900004255,2,10,09:58,1,2,1,1.0,1.0,97101,RN05,M,"16,2736800"," -61,5099800",971,2019,70.0,1.0,1.0,2.0,2151740,1.0,1,3,2,5.0,,-1.0, -1,1973.0,A01,138Â 298Â 521,1.0,8.0,-1.0,1643153,0.0,7,,0.0,2.0,1.0,A01,138Â 298Â 521,1.0
962724,201900004255,2,10,09:58,1,2,1,1.0,1.0,97101,RN05,M,"16,2736800"," -61,5099800",971,2019,70.0,1.0,1.0,2.0,2151740,1.0,1,3,2,5.0,,-1.0, -1,1973.0,A01,138Â 298Â 521,1.0,8.0,-1.0,1643154,0.0,7,,0.0,2.0,1.0,B01,138Â 298Â 522,1.0
962724,201900004255,2,10,09:58,1,2,1,1.0,1.0,97101,RN05,M,"16,2736800"," -61,5099800",971,2019,70.0,1.0,1.0,2.0,2151741,1.0,1,4,1,5.0,,-1.0, -1,1945.0,B01,138Â 298Â 522,1.0,8.0,-1.0,1643153,0.0,7,,0.0,2.0,1.0,A01,138Â 298Â 521,1.0
962724,201900004255,2,10,09:58,1,2,1,1.0,1.0,97101,RN05,M,"16,2736800"," -61,5099800",971,2019,70.0,1.0,1.0,2.0,2151741,1.0,1,4,1,5.0,,-1.0, -1,1945.0,B01,138Â 298Â 522,1.0,8.0,-1.0,1643154,0.0,7,,0.0,2.0,1.0,B01,138Â 298Â 522,1.0
962725,201900004256,2,10,03:40,5,2,1,1.0,7.0,2A004,MARECHAL JUIN AVENUE,M,"41,9415363","8,7499857",2A,2019,50.0,1.0,1.0,4.0,2151742,2.0,2,3,1,0.0,,-1.0,0,2004.0,A01,138Â 298Â 520,2.0,6.0,-1.0,1643155,1.0,30,,2.0,0.0,3.0,A01,138Â 298Â 520,1.0
962725,201900004256,2,10,03:40,5,2,1,1.0,7.0,2A004,MARECHAL JUIN AVENUE,M,"41,9415363","8,7499857",2A,2019,50.0,1.0,1.0,4.0,2151743,1.0,1,3,1,0.0,,-1.0,0,2002.0,A01,138Â 298Â 520,2.0,6.0,-1.0,1643155,1.0,30,,2.0,0.0,3.0,A01,138Â 298Â 520,1.0
962726,201900004257,2,9,08:22,1,2,3,1.0,3.0,2A004,NICOLI JEAN COURS,M,"41,9336470","8,7440749",2A,2019,50.0,2.0,1.0,2.0,2151744,1.0,1,4,1,1.0,,-1.0,0,1962.0,B01,138Â 298Â 518,2.0,0.0,-1.0,1643156,2.0,33,,0.0,2.0,8.0,B01,138Â 298Â 518,1.0
962726,201900004257,2,9,08:22,1,2,3,1.0,3.0,2A004,NICOLI JEAN COURS,M,"41,9336470","8,7440749",2A,2019,50.0,2.0,1.0,2.0,2151744,1.0,1,4,1,1.0,,-1.0,0,1962.0,B01,138Â 298Â 518,2.0,0.0,-1.0,1643157,2.0,33,,0.0,2.0,7.0,A01,138Â 298Â 519,1.0
962726,201900004257,2,9,08:22,1,2,3,1.0,3.0,2A004,NICOLI JEAN COURS,M,"41,9336470","8,7440749",2A,2019,50.0,2.0,1.0,2.0,2151745,1.0,1,4,1,1.0,,-1.0,0,1985.0,A01,138Â 298Â 519,2.0,0.0,-1.0,1643156,2.0,33,,0.0,2.0,8.0,B01,138Â 298Â 518,1.0
962726,201900004257,2,9,08:22,1,2,3,1.0,3.0,2A004,NICOLI JEAN COURS,M,"41,9336470","8,7440749",2A,2019,50.0,2.0,1.0,2.0,2151745,1.0,1,4,1,1.0,,-1.0,0,1985.0,A01,138Â 298Â 519,2.0,0.0,-1.0,1643157,2.0,33,,0.0,2.0,7.0,A01,138Â 298Â 519,1.0
962727,201900004258,2,8,16:35,1,2,1,1.0,6.0,95424,FORTUNÃ CHARLOT(RUE),M,"48,9895600","2,1867200",95,2019,50.0,2.0,1.0,4.0,2151746,10.0,3,4,2,2.0,,4.0,3,2006.0,A01,138Â 298Â 517,8.0,0.0,-1.0,1643158,3.0,33,,0.0,1.0,2.0,A01,138Â 298Â 517,1.0
962727,201900004258,2,8,16:35,1,2,1,1.0,6.0,95424,FORTUNÃ CHARLOT(RUE),M,"48,9895600","2,1867200",95,2019,50.0,2.0,1.0,4.0,2151747,1.0,1,1,1,1.0,,-1.0,0,1989.0,A01,138Â 298Â 517,2.0,6.0,-1.0,1643158,3.0,33,,0.0,1.0,2.0,A01,138Â 298Â 517,1.0
962728,201900004259,2,8,18:30,5,2,1,1.0,6.0,91421,SAINT HUBERT (RUE),M,"48,6965300","2,4716400",91,2019,50.0,1.0,1.0,4.0,2151748,1.0,1,1,1,0.0,,0.0,0,1996.0,A01,138Â 298Â 516,1.0,0.0,-1.0,1643159,0.0,7,,0.0,1.0,1.0,A01,138Â 298Â 516,1.0
962728,201900004259,2,8,18:30,5,2,1,1.0,6.0,91421,SAINT HUBERT (RUE),M,"48,6965300","2,4716400",91,2019,50.0,1.0,1.0,4.0,2151749,10.0,3,4,1,0.0,,4.0,3,2015.0,A01,138Â 298Â 516,8.0,0.0,-1.0,1643159,0.0,7,,0.0,1.0,1.0,A01,138Â 298Â 516,1.0
962729,201900004260,2,8,21:45,5,2,2,8.0,3.0,91326,ESTIENNE D'ORVES (AVENUE D'),M,"48,6907640","2,3802340",91,2019,50.0,1.0,1.0,3.0,2151750,1.0,1,1,2,9.0,,0.0,0,1985.0,A01,138Â 298Â 511,1.0,8.0,-1.0,1643160,3.0,7,,0.0,0.0,2.0,A01,138Â 298Â 511,1.0
962729,201900004260,2,8,21:45,5,2,2,8.0,3.0,91326,ESTIENNE D'ORVES (AVENUE D'),M,"48,6907640","2,3802340",91,2019,50.0,1.0,1.0,3.0,2151750,1.0,1,1,2,9.0,,0.0,0,1985.0,A01,138Â 298Â 511,1.0,8.0,-1.0,1643161,3.0,1,,0.0,2.0,3.0,B01,138Â 298Â 512,5.0
962729,201900004260,2,8,21:45,5,2,2,8.0,3.0,91326,ESTIENNE D'ORVES (AVENUE D'),M,"48,6907640","2,3802340",91,2019,50.0,1.0,1.0,3.0,2151751,1.0,1,4,1,9.0,,0.0,0,1970.0,B01,138Â 298Â 512,8.0,0.0,-1.0,1643160,3.0,7,,0.0,0.0,2.0,A01,138Â 298Â 511,1.0
962729,201900004260,2,8,21:45,5,2,2,8.0,3.0,91326,ESTIENNE D'ORVES (AVENUE D'),M,"48,6907640","2,3802340",91,2019,50.0,1.0,1.0,3.0,2151751,1.0,1,4,1,9.0,,0.0,0,1970.0,B01,138Â 298Â 512,8.0,0.0,-1.0,1643161,3.0,1,,0.0,2.0,3.0,B01,138Â 298Â 512,5.0
962730,201900004261,2,7,08:30,1,2,1,1.0,2.0,91027,P VAILLANT COUTURIER (RUE),M,"48,7073800","2,3877000",91,2019,30.0,2.0,2.0,4.0,2151752,1.0,1,1,1,0.0,,0.0,0,1978.0,B01,138Â 298Â 509,1.0,0.0,-1.0,1643162,3.0,7,,0.0,2.0,8.0,B01,138Â 298Â 509,1.0
962730,201900004261,2,7,08:30,1,2,1,1.0,2.0,91027,P VAILLANT COUTURIER (RUE),M,"48,7073800","2,3877000",91,2019,30.0,2.0,2.0,4.0,2151752,1.0,1,1,1,0.0,,0.0,0,1978.0,B01,138Â 298Â 509,1.0,0.0,-1.0,1643163,3.0,33,,0.0,2.0,7.0,A01,138Â 298Â 510,1.0
962730,201900004261,2,7,08:30,1,2,1,1.0,2.0,91027,P VAILLANT COUTURIER (RUE),M,"48,7073800","2,3877000",91,2019,30.0,2.0,2.0,4.0,2151753,1.0,1,1,1,0.0,,0.0,0,1975.0,A01,138Â 298Â 510,2.0,6.0,-1.0,1643162,3.0,7,,0.0,2.0,8.0,B01,138Â 298Â 509,1.0
962730,201900004261,2,7,08:30,1,2,1,1.0,2.0,91027,P VAILLANT COUTURIER (RUE),M,"48,7073800","2,3877000",91,2019,30.0,2.0,2.0,4.0,2151753,1.0,1,1,1,0.0,,0.0,0,1975.0,A01,138Â 298Â 510,2.0,6.0,-1.0,1643163,3.0,33,,0.0,2.0,7.0,A01,138Â 298Â 510,1.0
962730,201900004261,2,7,08:30,1,2,1,1.0,2.0,91027,P VAILLANT COUTURIER (RUE),M,"48,7073800","2,3877000",91,2019,30.0,2.0,2.0,4.0,2151754,2.0,2,4,1,0.0,,0.0,0,2006.0,A01,138Â 298Â 510,2.0,6.0,-1.0,1643162,3.0,7,,0.0,2.0,8.0,B01,138Â 298Â 509,1.0
962730,201900004261,2,7,08:30,1,2,1,1.0,2.0,91027,P VAILLANT COUTURIER (RUE),M,"48,7073800","2,3877000",91,2019,30.0,2.0,2.0,4.0,2151754,2.0,2,4,1,0.0,,0.0,0,2006.0,A01,138Â 298Â 510,2.0,6.0,-1.0,1643163,3.0,33,,0.0,2.0,7.0,A01,138Â 298Â 510,1.0
962731,201900004262,2,7,16:45,1,2,1,1.0,7.0,91103,BABIN (RUE DU DOCTEUR),M,"48,5994000","2,2927600",91,2019,50.0,1.0,1.0,4.0,2151755,1.0,1,4,1,0.0,,0.0,0,1997.0,A01,138Â 298Â 508,2.0,8.0,-1.0,1643164,1.0,34,,0.0,0.0,8.0,A01,138Â 298Â 508,1.0
962732,201900004263,2,7,16:33,1,2,1,1.0,2.0,87085,GAMBETTA (BOULEVARD),M,"45,8276900","1,2584800",87,2019,50.0,1.0,1.0,4.0,2151756,2.0,2,4,2,5.0,,-1.0,0,1940.0,A01,138Â 298Â 503,1.0,0.0,-1.0,1643165,1.0,7,,0.0,2.0,3.0,A01,138Â 298Â 503,1.0
962732,201900004263,2,7,16:33,1,2,1,1.0,2.0,87085,GAMBETTA (BOULEVARD),M,"45,8276900","1,2584800",87,2019,50.0,1.0,1.0,4.0,2151756,2.0,2,4,2,5.0,,-1.0,0,1940.0,A01,138Â 298Â 503,1.0,0.0,-1.0,1643166,1.0,7,,0.0,2.0,5.0,B01,138Â 298Â 504,1.0
962732,201900004263,2,7,16:33,1,2,1,1.0,2.0,87085,GAMBETTA (BOULEVARD),M,"45,8276900","1,2584800",87,2019,50.0,1.0,1.0,4.0,2151757,1.0,1,1,1,5.0,,-1.0,0,1922.0,A01,138Â 298Â 503,1.0,0.0,-1.0,1643165,1.0,7,,0.0,2.0,3.0,A01,138Â 298Â 503,1.0
962732,201900004263,2,7,16:33,1,2,1,1.0,2.0,87085,GAMBETTA (BOULEVARD),M,"45,8276900","1,2584800",87,2019,50.0,1.0,1.0,4.0,2151757,1.0,1,1,1,5.0,,-1.0,0,1922.0,A01,138Â 298Â 503,1.0,0.0,-1.0,1643166,1.0,7,,0.0,2.0,5.0,B01,138Â 298Â 504,1.0
962732,201900004263,2,7,16:33,1,2,1,1.0,2.0,87085,GAMBETTA (BOULEVARD),M,"45,8276900","1,2584800",87,2019,50.0,1.0,1.0,4.0,2151758,2.0,2,4,1,5.0,,-1.0,0,1978.0,B01,138Â 298Â 504,1.0,0.0,-1.0,1643165,1.0,7,,0.0,2.0,3.0,A01,138Â 298Â 503,1.0
962732,201900004263,2,7,16:33,1,2,1,1.0,2.0,87085,GAMBETTA (BOULEVARD),M,"45,8276900","1,2584800",87,2019,50.0,1.0,1.0,4.0,2151758,2.0,2,4,1,5.0,,-1.0,0,1978.0,B01,138Â 298Â 504,1.0,0.0,-1.0,1643166,1.0,7,,0.0,2.0,5.0,B01,138Â 298Â 504,1.0
962732,201900004263,2,7,16:33,1,2,1,1.0,2.0,87085,GAMBETTA (BOULEVARD),M,"45,8276900","1,2584800",87,2019,50.0,1.0,1.0,4.0,2151759,1.0,1,1,2,5.0,,-1.0,0,1973.0,B01,138Â 298Â 504,1.0,0.0,-1.0,1643165,1.0,7,,0.0,2.0,3.0,A01,138Â 298Â 503,1.0
962732,201900004263,2,7,16:33,1,2,1,1.0,2.0,87085,GAMBETTA (BOULEVARD),M,"45,8276900","1,2584800",87,2019,50.0,1.0,1.0,4.0,2151759,1.0,1,1,2,5.0,,-1.0,0,1973.0,B01,138Â 298Â 504,1.0,0.0,-1.0,1643166,1.0,7,,0.0,2.0,5.0,B01,138Â 298Â 504,1.0
962733,201900004264,2,6,22:32,5,2,6,1.0,6.0,87085,CARNOT (PLACE SADI),M,"45,8399500","1,2580300",87,2019,50.0,4.0,1.0,4.0,2151760,1.0,1,3,1,5.0,,0.0,0,1985.0,A01,138Â 298Â 502,1.0,0.0,-1.0,1643167,2.0,7,,8.0,0.0,1.0,A01,138Â 298Â 502,1.0
962734,201900004265,2,6,20:54,5,2,1,1.0,7.0,87085,REVOLUTION (AVENUE DE LA),M,"45,8238800","1,2599500",87,2019,50.0,1.0,6.0,4.0,2151761,1.0,1,3,1,4.0,,0.0,0,1997.0,A01,138Â 298Â 501,2.0,0.0,-1.0,1643168,1.0,30,,0.0,0.0,0.0,A01,138Â 298Â 501,1.0
962735,201900004266,2,10,13:35,1,2,1,1.0,3.0,86194,PARIS (AVENUE DE),M,"46,5920200","0,3378700",86,2019,50.0,1.0,1.0,4.0,2151762,1.0,1,1,2,1.0,,-1.0,0,1997.0,B01,138Â 298Â 499,1.0,0.0,-1.0,1643169,2.0,7,,0.0,2.0,7.0,B01,138Â 298Â 499,0.0
962735,201900004266,2,10,13:35,1,2,1,1.0,3.0,86194,PARIS (AVENUE DE),M,"46,5920200","0,3378700",86,2019,50.0,1.0,1.0,4.0,2151762,1.0,1,1,2,1.0,,-1.0,0,1997.0,B01,138Â 298Â 499,1.0,0.0,-1.0,1643170,1.0,1,,0.0,2.0,1.0,A01,138Â 298Â 500,0.0
962735,201900004266,2,10,13:35,1,2,1,1.0,3.0,86194,PARIS (AVENUE DE),M,"46,5920200","0,3378700",86,2019,50.0,1.0,1.0,4.0,2151763,1.0,1,4,1,5.0,,-1.0,0,2003.0,A01,138Â 298Â 500,8.0,0.0,-1.0,1643169,2.0,7,,0.0,2.0,7.0,B01,138Â 298Â 499,0.0
962735,201900004266,2,10,13:35,1,2,1,1.0,3.0,86194,PARIS (AVENUE DE),M,"46,5920200","0,3378700",86,2019,50.0,1.0,1.0,4.0,2151763,1.0,1,4,1,5.0,,-1.0,0,2003.0,A01,138Â 298Â 500,8.0,0.0,-1.0,1643170,1.0,1,,0.0,2.0,1.0,A01,138Â 298Â 500,0.0
962736,201900004267,2,7,09:30,1,2,3,1.0,6.0,86194,EUROPE (AVENUE DE L'),M,"46,5908000","0,3528300",86,2019,50.0,1.0,1.0,3.0,2151764,1.0,1,4,1,5.0,,-1.0,0,1957.0,B01,138Â 298Â 497,1.0,0.0,-1.0,1643171,1.0,7,,2.0,2.0,6.0,B01,138Â 298Â 497,1.0
962736,201900004267,2,7,09:30,1,2,3,1.0,6.0,86194,EUROPE (AVENUE DE L'),M,"46,5908000","0,3528300",86,2019,50.0,1.0,1.0,3.0,2151764,1.0,1,4,1,5.0,,-1.0,0,1957.0,B01,138Â 298Â 497,1.0,0.0,-1.0,1643172,1.0,7,,0.0,2.0,1.0,A01,138Â 298Â 498,1.0
962736,201900004267,2,7,09:30,1,2,3,1.0,6.0,86194,EUROPE (AVENUE DE L'),M,"46,5908000","0,3528300",86,2019,50.0,1.0,1.0,3.0,2151765,2.0,2,4,2,5.0,,-1.0,0,1954.0,B01,138Â 298Â 497,1.0,8.0,-1.0,1643171,1.0,7,,2.0,2.0,6.0,B01,138Â 298Â 497,1.0
962736,201900004267,2,7,09:30,1,2,3,1.0,6.0,86194,EUROPE (AVENUE DE L'),M,"46,5908000","0,3528300",86,2019,50.0,1.0,1.0,3.0,2151765,2.0,2,4,2,5.0,,-1.0,0,1954.0,B01,138Â 298Â 497,1.0,8.0,-1.0,1643172,1.0,7,,0.0,2.0,1.0,A01,138Â 298Â 498,1.0
962736,201900004267,2,7,09:30,1,2,3,1.0,6.0,86194,EUROPE (AVENUE DE L'),M,"46,5908000","0,3528300",86,2019,50.0,1.0,1.0,3.0,2151766,1.0,1,1,2,3.0,,-1.0,0,1981.0,A01,138Â 298Â 498,1.0,0.0,-1.0,1643171,1.0,7,,2.0,2.0,6.0,B01,138Â 298Â 497,1.0
962736,201900004267,2,7,09:30,1,2,3,1.0,6.0,86194,EUROPE (AVENUE DE L'),M,"46,5908000","0,3528300",86,2019,50.0,1.0,1.0,3.0,2151766,1.0,1,1,2,3.0,,-1.0,0,1981.0,A01,138Â 298Â 498,1.0,0.0,-1.0,1643172,1.0,7,,0.0,2.0,1.0,A01,138Â 298Â 498,1.0
962736,201900004267,2,7,09:30,1,2,3,1.0,6.0,86194,EUROPE (AVENUE DE L'),M,"46,5908000","0,3528300",86,2019,50.0,1.0,1.0,3.0,2151767,10.0,3,4,2,0.0,,3.0,3,1982.0,A01,138Â 298Â 498,8.0,0.0,-1.0,1643171,1.0,7,,2.0,2.0,6.0,B01,138Â 298Â 497,1.0
962736,201900004267,2,7,09:30,1,2,3,1.0,6.0,86194,EUROPE (AVENUE DE L'),M,"46,5908000","0,3528300",86,2019,50.0,1.0,1.0,3.0,2151767,10.0,3,4,2,0.0,,3.0,3,1982.0,A01,138Â 298Â 498,8.0,0.0,-1.0,1643172,1.0,7,,0.0,2.0,1.0,A01,138Â 298Â 498,1.0
962737,201900004268,2,7,10:20,1,2,1,1.0,3.0,86194,ROCADE OUEST ,M,"46,5647672","0,3038160",86,2019,70.0,1.0,2.0,3.0,2151768,1.0,1,3,1,5.0,,-1.0,0,1997.0,A01,138Â 298Â 495,1.0,8.0,-1.0,1643173,1.0,7,,0.0,2.0,1.0,A01,138Â 298Â 495,0.0
962737,201900004268,2,7,10:20,1,2,1,1.0,3.0,86194,ROCADE OUEST ,M,"46,5647672","0,3038160",86,2019,70.0,1.0,2.0,3.0,2151768,1.0,1,3,1,5.0,,-1.0,0,1997.0,A01,138Â 298Â 495,1.0,8.0,-1.0,1643174,2.0,10,,0.0,2.0,1.0,B01,138Â 298Â 496,0.0
962737,201900004268,2,7,10:20,1,2,1,1.0,3.0,86194,ROCADE OUEST ,M,"46,5647672","0,3038160",86,2019,70.0,1.0,2.0,3.0,2151769,2.0,2,3,2,5.0,,-1.0,0,2002.0,A01,138Â 298Â 495,1.0,8.0,-1.0,1643173,1.0,7,,0.0,2.0,1.0,A01,138Â 298Â 495,0.0
962737,201900004268,2,7,10:20,1,2,1,1.0,3.0,86194,ROCADE OUEST ,M,"46,5647672","0,3038160",86,2019,70.0,1.0,2.0,3.0,2151769,2.0,2,3,2,5.0,,-1.0,0,2002.0,A01,138Â 298Â 495,1.0,8.0,-1.0,1643174,2.0,10,,0.0,2.0,1.0,B01,138Â 298Â 496,0.0
962737,201900004268,2,7,10:20,1,2,1,1.0,3.0,86194,ROCADE OUEST ,M,"46,5647672","0,3038160",86,2019,70.0,1.0,2.0,3.0,2151770,1.0,1,1,1,4.0,,-1.0,0,1997.0,B01,138Â 298Â 496,1.0,8.0,-1.0,1643173,1.0,7,,0.0,2.0,1.0,A01,138Â 298Â 495,0.0
962737,201900004268,2,7,10:20,1,2,1,1.0,3.0,86194,ROCADE OUEST ,M,"46,5647672","0,3038160",86,2019,70.0,1.0,2.0,3.0,2151770,1.0,1,1,1,4.0,,-1.0,0,1997.0,B01,138Â 298Â 496,1.0,8.0,-1.0,1643174,2.0,10,,0.0,2.0,1.0,B01,138Â 298Â 496,0.0
962738,201900004269,2,10,05:15,3,1,1,1.0,7.0,30011,R.N. 100,M,"43,9483928","4,7788760",30,2019,90.0,1.0,1.0,3.0,2151771,1.0,1,3,1,5.0,,-1.0,0,2000.0,A01,138Â 298Â 494,8.0,0.0,-1.0,1643175,1.0,7,,2.0,0.0,1.0,A01,138Â 298Â 494,1.0
962738,201900004269,2,10,05:15,3,1,1,1.0,7.0,30011,R.N. 100,M,"43,9483928","4,7788760",30,2019,90.0,1.0,1.0,3.0,2151772,2.0,2,3,2,5.0,,-1.0,0,1996.0,A01,138Â 298Â 494,1.0,0.0,-1.0,1643175,1.0,7,,2.0,0.0,1.0,A01,138Â 298Â 494,1.0
962739,201900004270,2,8,17:05,2,1,1,1.0,3.0,84007,RD225  (route touristique),M,"43,9548800","4,8236500",84,2019,70.0,1.0,1.0,3.0,2151773,1.0,1,1,2,5.0,,-1.0, -1,1987.0,A01,138Â 298Â 492,1.0,0.0,-1.0,1643176,1.0,7,,0.0,1.0,1.0,A01,138Â 298Â 492,1.0
962739,201900004270,2,8,17:05,2,1,1,1.0,3.0,84007,RD225  (route touristique),M,"43,9548800","4,8236500",84,2019,70.0,1.0,1.0,3.0,2151773,1.0,1,1,2,5.0,,-1.0, -1,1987.0,A01,138Â 298Â 492,1.0,0.0,-1.0,1643177,3.0,1,,0.0,2.0,7.0,B01,138Â 298Â 493,5.0
962739,201900004270,2,8,17:05,2,1,1,1.0,3.0,84007,RD225  (route touristique),M,"43,9548800","4,8236500",84,2019,70.0,1.0,1.0,3.0,2151774,1.0,1,3,1,0.0,,-1.0,0,1951.0,B01,138Â 298Â 493,2.0,0.0,-1.0,1643176,1.0,7,,0.0,1.0,1.0,A01,138Â 298Â 492,1.0
962739,201900004270,2,8,17:05,2,1,1,1.0,3.0,84007,RD225  (route touristique),M,"43,9548800","4,8236500",84,2019,70.0,1.0,1.0,3.0,2151774,1.0,1,3,1,0.0,,-1.0,0,1951.0,B01,138Â 298Â 493,2.0,0.0,-1.0,1643177,3.0,1,,0.0,2.0,7.0,B01,138Â 298Â 493,5.0
962740,201900004271,2,11,14:45,1,1,1,1.0,6.0,83098,CIBONNE(CHEMIN DES),M,"43,1004100","6,0348200",83,2019,50.0,1.0,1.0,4.0,2151775,10.0,3,4,2,5.0,,6.0,2,1949.0,A01,138Â 298Â 489,8.0,0.0,-1.0,1643178,1.0,33,,0.0,1.0,2.0,A01,138Â 298Â 489,1.0
962740,201900004271,2,11,14:45,1,1,1,1.0,6.0,83098,CIBONNE(CHEMIN DES),M,"43,1004100","6,0348200",83,2019,50.0,1.0,1.0,4.0,2151776,1.0,1,1,1,0.0,,-1.0, -1,1961.0,A01,138Â 298Â 489,2.0,6.0,-1.0,1643178,1.0,33,,0.0,1.0,2.0,A01,138Â 298Â 489,1.0
962741,201900004272,2,8,12:10,1,2,6,1.0,3.0,83129,JUIN MARECHAL (AV DU),M,"43,0954600","5,8482000",83,2019,50.0,1.0,1.0,4.0,2151777,1.0,1,1,2,1.0,,0.0,0,1967.0,B01,138Â 298Â 487,1.0,0.0,-1.0,1643179,1.0,7,,0.0,2.0,8.0,B01,138Â 298Â 487,1.0
962741,201900004272,2,8,12:10,1,2,6,1.0,3.0,83129,JUIN MARECHAL (AV DU),M,"43,0954600","5,8482000",83,2019,50.0,1.0,1.0,4.0,2151777,1.0,1,1,2,1.0,,0.0,0,1967.0,B01,138Â 298Â 487,1.0,0.0,-1.0,1643180,2.0,2,,0.0,2.0,1.0,A01,138Â 298Â 488,1.0
962741,201900004272,2,8,12:10,1,2,6,1.0,3.0,83129,JUIN MARECHAL (AV DU),M,"43,0954600","5,8482000",83,2019,50.0,1.0,1.0,4.0,2151778,1.0,1,4,1,1.0,,0.0,0,1966.0,A01,138Â 298Â 488,2.0,6.0,-1.0,1643179,1.0,7,,0.0,2.0,8.0,B01,138Â 298Â 487,1.0