Unnamed: 0_x,num_acc,mois,jour,hrmn,lum,agg,int,atm,col,com,adr,gps,lat,long,dep,annee,vma,situ,surf,catr,Unnamed: 0_y,place,catu,grav,sexe,trajet,secu,locp,actp,an_nais,num_veh_x,id_vehicule_x,secu1,secu2,secu3,Unnamed: 0,senc,catv,occutc,obs,obsm,choc,num_veh_y,id_vehicule_y,motor
962741,201900004272,2,8,12:10,1,2,6,1.0,3.0,83129,JUIN MARECHAL (AV DU),M,"43,0954600","5,8482000",83,2019,50.0,1.0,1.0,4.0,2151778,1.0,1,4,1,1.0,,0.0,0,1966.0,A01,138Â 298Â 488,2.0,6.0,-1.0,1643180,2.0,2,,0.0,2.0,1.0,A01,138Â 298Â 488,1.0
962742,201900004273,2,6,16:30,1,2,1,1.0,6.0,83129,LILAS (IMPASSE DES),M,"43,0900000","5,8400000",83,2019,30.0,2.0,1.0,6.0,2151779,1.0,1,1,2,5.0,,0.0,0,1940.0,A01,138Â 298Â 486,1.0,0.0,-1.0,1643181,3.0,7,,1.0,1.0,4.0,A01,138Â 298Â 486,2.0
962742,201900004273,2,6,16:30,1,2,1,1.0,6.0,83129,LILAS (IMPASSE DES),M,"43,0900000","5,8400000",83,2019,30.0,2.0,1.0,6.0,2151780,10.0,3,4,2,5.0,,9.0,9,1951.0,A01,138Â 298Â 486,8.0,0.0,-1.0,1643181,3.0,7,,1.0,1.0,4.0,A01,138Â 298Â 486,2.0
962743,201900004274,2,5,09:15,1,2,2,1.0,6.0,83123,BUGE (CHEMIN DE LA),M,"43,1207530","5,8078730",83,2019,50.0,1.0,1.0,3.0,2151781,10.0,3,3,2,0.0,,3.0,3,1960.0,A01,138Â 298Â 485,8.0,0.0,-1.0,1643182,1.0,7,,0.0,1.0,3.0,A01,138Â 298Â 485,1.0
962743,201900004274,2,5,09:15,1,2,2,1.0,6.0,83123,BUGE (CHEMIN DE LA),M,"43,1207530","5,8078730",83,2019,50.0,1.0,1.0,3.0,2151782,1.0,1,1,1,0.0,,0.0,0,1965.0,A01,138Â 298Â 485,1.0,8.0,-1.0,1643182,1.0,7,,0.0,1.0,3.0,A01,138Â 298Â 485,1.0
962744,201900004275,2,8,12:34,1,2,9,1.0,6.0,83069,VILETTE (CHEMIN DE LA),M,"43,1084200","6,1235800",83,2019,50.0,1.0,1.0,4.0,2151783,1.0,1,1,2,4.0,,0.0,0,1962.0,A01,138Â 298Â 483,8.0,0.0,-1.0,1643183,2.0,7,,0.0,2.0,3.0,A01,138Â 298Â 483,1.0
962744,201900004275,2,8,12:34,1,2,9,1.0,6.0,83069,VILETTE (CHEMIN DE LA),M,"43,1084200","6,1235800",83,2019,50.0,1.0,1.0,4.0,2151783,1.0,1,1,2,4.0,,0.0,0,1962.0,A01,138Â 298Â 483,8.0,0.0,-1.0,1643184,1.0,32,,0.0,2.0,1.0,B01,138Â 298Â 484,1.0
962744,201900004275,2,8,12:34,1,2,9,1.0,6.0,83069,VILETTE (CHEMIN DE LA),M,"43,1084200","6,1235800",83,2019,50.0,1.0,1.0,4.0,2151784,1.0,1,3,1,1.0,,0.0,0,1985.0,B01,138Â 298Â 484,2.0,6.0,-1.0,1643183,2.0,7,,0.0,2.0,3.0,A01,138Â 298Â 483,1.0
962744,201900004275,2,8,12:34,1,2,9,1.0,6.0,83069,VILETTE (CHEMIN DE LA),M,"43,1084200","6,1235800",83,2019,50.0,1.0,1.0,4.0,2151784,1.0,1,3,1,1.0,,0.0,0,1985.0,B01,138Â 298Â 484,2.0,6.0,-1.0,1643184,1.0,32,,0.0,2.0,1.0,B01,138Â 298Â 484,1.0
962745,201900004276,2,6,11:50,1,2,1,8.0,6.0,79191,10 boulevard de l'Atlantique,M,"46,3164500"," -0,4782100",79,2019,30.0,1.0,1.0,4.0,2151785,1.0,1,1,1,5.0,,-1.0, -1,1989.0,B01,138Â 298Â 472,1.0,0.0,-1.0,1643185,2.0,7,,0.0,2.0,8.0,B01,138Â 298Â 472,1.0
962745,201900004276,2,6,11:50,1,2,1,8.0,6.0,79191,10 boulevard de l'Atlantique,M,"46,3164500"," -0,4782100",79,2019,30.0,1.0,1.0,4.0,2151785,1.0,1,1,1,5.0,,-1.0, -1,1989.0,B01,138Â 298Â 472,1.0,0.0,-1.0,1643186,1.0,30,,0.0,1.0,1.0,A01,138Â 298Â 473,1.0
962745,201900004276,2,6,11:50,1,2,1,8.0,6.0,79191,10 boulevard de l'Atlantique,M,"46,3164500"," -0,4782100",79,2019,30.0,1.0,1.0,4.0,2151786,10.0,3,3,2,2.0,,3.0,3,1985.0,A01,138Â 298Â 473,8.0,0.0,-1.0,1643185,2.0,7,,0.0,2.0,8.0,B01,138Â 298Â 472,1.0
962745,201900004276,2,6,11:50,1,2,1,8.0,6.0,79191,10 boulevard de l'Atlantique,M,"46,3164500"," -0,4782100",79,2019,30.0,1.0,1.0,4.0,2151786,10.0,3,3,2,2.0,,3.0,3,1985.0,A01,138Â 298Â 473,8.0,0.0,-1.0,1643186,1.0,30,,0.0,1.0,1.0,A01,138Â 298Â 473,1.0
962745,201900004276,2,6,11:50,1,2,1,8.0,6.0,79191,10 boulevard de l'Atlantique,M,"46,3164500"," -0,4782100",79,2019,30.0,1.0,1.0,4.0,2151787,1.0,1,1,1,5.0,,-1.0,0,1987.0,A01,138Â 298Â 473,2.0,8.0,-1.0,1643185,2.0,7,,0.0,2.0,8.0,B01,138Â 298Â 472,1.0
962745,201900004276,2,6,11:50,1,2,1,8.0,6.0,79191,10 boulevard de l'Atlantique,M,"46,3164500"," -0,4782100",79,2019,30.0,1.0,1.0,4.0,2151787,1.0,1,1,1,5.0,,-1.0,0,1987.0,A01,138Â 298Â 473,2.0,8.0,-1.0,1643186,1.0,30,,0.0,1.0,1.0,A01,138Â 298Â 473,1.0
962746,201900004277,2,7,17:15,1,2,9,2.0,6.0,77350,ARISTIDE BRIAND (PLACE),M,"48,7679700","2,6730600",77,2019,50.0,1.0,1.0,4.0,2151788,10.0,3,4,2,2.0,,3.0,3,2006.0,A01,138Â 298Â 465,8.0,0.0,-1.0,1643187,3.0,7,,0.0,1.0,2.0,A01,138Â 298Â 465,0.0
962747,201900004278,2,7,08:10,1,2,1,1.0,6.0,77390,D361-MALIBRAN (AVENUE DE LA),M,"48,7979000","2,6400000",77,2019,50.0,2.0,2.0,3.0,2151789,1.0,1,1,1,1.0,,0.0,0,1964.0,A01,138Â 298Â 464,1.0,0.0,-1.0,1643188,1.0,10,,0.0,1.0,1.0,A01,138Â 298Â 464,1.0
962747,201900004278,2,7,08:10,1,2,1,1.0,6.0,77390,D361-MALIBRAN (AVENUE DE LA),M,"48,7979000","2,6400000",77,2019,50.0,2.0,2.0,3.0,2151790,10.0,3,4,1,2.0,,3.0,3,2007.0,A01,138Â 298Â 464,8.0,0.0,-1.0,1643188,1.0,10,,0.0,1.0,1.0,A01,138Â 298Â 464,1.0
962748,201900004279,2,10,13:30,1,2,1,2.0,6.0,77464,D418 - CLAYE  (RUE DE  ),M,"48,8901300","2,7057700",77,2019,50.0,1.0,2.0,3.0,2151791,1.0,1,4,1,5.0,,0.0,0,1957.0,A01,138Â 298Â 460,1.0,0.0,-1.0,1643189,1.0,7,,1.0,0.0,1.0,A01,138Â 298Â 460,1.0
962749,201900004280,2,8,09:00,1,2,3,8.0,6.0,77243,SAINT DENIS  (RUE   ),M,"48,8786700","2,7068000",77,2019,50.0,1.0,2.0,4.0,2151792,10.0,3,4,2,9.0,,3.0,3,1968.0,A01,138Â 298Â 459,8.0,0.0,-1.0,1643190,2.0,10,,0.0,1.0,3.0,A01,138Â 298Â 459,1.0
962749,201900004280,2,8,09:00,1,2,3,8.0,6.0,77243,SAINT DENIS  (RUE   ),M,"48,8786700","2,7068000",77,2019,50.0,1.0,2.0,4.0,2151793,1.0,1,1,1,2.0,,0.0,0,1966.0,A01,138Â 298Â 459,1.0,0.0,-1.0,1643190,2.0,10,,0.0,1.0,3.0,A01,138Â 298Â 459,1.0
962750,201900004281,2,8,19:55,5,2,2,1.0,7.0,77111,D934 X RUE DE LAGNY,M,"48,8782300","2,7557800",77,2019,50.0,1.0,1.0,3.0,2151794,1.0,1,3,1,4.0,,0.0,0,1975.0,A01,138Â 298Â 458,2.0,8.0,-1.0,1643191,2.0,30,,7.0,0.0,0.0,A01,138Â 298Â 458,1.0
962751,201900004282,2,10,14:45,1,2,2,1.0,3.0,76540,MONT RIBOUDET. AVENUE DU,M,"49,4463300","1,0709600",76,2019,50.0,1.0,2.0,3.0,2151795,2.0,2,1,2,5.0,,0.0,0,1992.0,A01,138Â 298Â 453,1.0,0.0,-1.0,1643192,1.0,7,,0.0,2.0,1.0,A01,138Â 298Â 453,1.0
962751,201900004282,2,10,14:45,1,2,2,1.0,3.0,76540,MONT RIBOUDET. AVENUE DU,M,"49,4463300","1,0709600",76,2019,50.0,1.0,2.0,3.0,2151795,2.0,2,1,2,5.0,,0.0,0,1992.0,A01,138Â 298Â 453,1.0,0.0,-1.0,1643193,0.0,7,,0.0,2.0,8.0,B01,138Â 298Â 454,1.0
962751,201900004282,2,10,14:45,1,2,2,1.0,3.0,76540,MONT RIBOUDET. AVENUE DU,M,"49,4463300","1,0709600",76,2019,50.0,1.0,2.0,3.0,2151796,3.0,2,1,2,5.0,,0.0,0,2017.0,A01,138Â 298Â 453,3.0,0.0,-1.0,1643192,1.0,7,,0.0,2.0,1.0,A01,138Â 298Â 453,1.0
962751,201900004282,2,10,14:45,1,2,2,1.0,3.0,76540,MONT RIBOUDET. AVENUE DU,M,"49,4463300","1,0709600",76,2019,50.0,1.0,2.0,3.0,2151796,3.0,2,1,2,5.0,,0.0,0,2017.0,A01,138Â 298Â 453,3.0,0.0,-1.0,1643193,0.0,7,,0.0,2.0,8.0,B01,138Â 298Â 454,1.0
962751,201900004282,2,10,14:45,1,2,2,1.0,3.0,76540,MONT RIBOUDET. AVENUE DU,M,"49,4463300","1,0709600",76,2019,50.0,1.0,2.0,3.0,2151797,1.0,1,1,1,5.0,,0.0,0,1987.0,A01,138Â 298Â 453,1.0,0.0,-1.0,1643192,1.0,7,,0.0,2.0,1.0,A01,138Â 298Â 453,1.0
962751,201900004282,2,10,14:45,1,2,2,1.0,3.0,76540,MONT RIBOUDET. AVENUE DU,M,"49,4463300","1,0709600",76,2019,50.0,1.0,2.0,3.0,2151797,1.0,1,1,1,5.0,,0.0,0,1987.0,A01,138Â 298Â 453,1.0,0.0,-1.0,1643193,0.0,7,,0.0,2.0,8.0,B01,138Â 298Â 454,1.0
962751,201900004282,2,10,14:45,1,2,2,1.0,3.0,76540,MONT RIBOUDET. AVENUE DU,M,"49,4463300","1,0709600",76,2019,50.0,1.0,2.0,3.0,2151798,2.0,2,4,1,5.0,,0.0,0,1989.0,B01,138Â 298Â 454,1.0,0.0,-1.0,1643192,1.0,7,,0.0,2.0,1.0,A01,138Â 298Â 453,1.0
962751,201900004282,2,10,14:45,1,2,2,1.0,3.0,76540,MONT RIBOUDET. AVENUE DU,M,"49,4463300","1,0709600",76,2019,50.0,1.0,2.0,3.0,2151798,2.0,2,4,1,5.0,,0.0,0,1989.0,B01,138Â 298Â 454,1.0,0.0,-1.0,1643193,0.0,7,,0.0,2.0,8.0,B01,138Â 298Â 454,1.0
962751,201900004282,2,10,14:45,1,2,2,1.0,3.0,76540,MONT RIBOUDET. AVENUE DU,M,"49,4463300","1,0709600",76,2019,50.0,1.0,2.0,3.0,2151799,3.0,2,4,1,5.0,,0.0,0,2010.0,B01,138Â 298Â 454,3.0,0.0,-1.0,1643192,1.0,7,,0.0,2.0,1.0,A01,138Â 298Â 453,1.0
962751,201900004282,2,10,14:45,1,2,2,1.0,3.0,76540,MONT RIBOUDET. AVENUE DU,M,"49,4463300","1,0709600",76,2019,50.0,1.0,2.0,3.0,2151799,3.0,2,4,1,5.0,,0.0,0,2010.0,B01,138Â 298Â 454,3.0,0.0,-1.0,1643193,0.0,7,,0.0,2.0,8.0,B01,138Â 298Â 454,1.0
962751,201900004282,2,10,14:45,1,2,2,1.0,3.0,76540,MONT RIBOUDET. AVENUE DU,M,"49,4463300","1,0709600",76,2019,50.0,1.0,2.0,3.0,2151800,1.0,1,4,2,5.0,,0.0,0,1993.0,B01,138Â 298Â 454,1.0,0.0,-1.0,1643192,1.0,7,,0.0,2.0,1.0,A01,138Â 298Â 453,1.0
962751,201900004282,2,10,14:45,1,2,2,1.0,3.0,76540,MONT RIBOUDET. AVENUE DU,M,"49,4463300","1,0709600",76,2019,50.0,1.0,2.0,3.0,2151800,1.0,1,4,2,5.0,,0.0,0,1993.0,B01,138Â 298Â 454,1.0,0.0,-1.0,1643193,0.0,7,,0.0,2.0,8.0,B01,138Â 298Â 454,1.0
962752,201900004283,2,10,12:15,1,2,1,2.0,6.0,76351,JEAN JAURES (AVENUE),M,"49,4991300","0,1532100",76,2019,50.0,1.0,2.0,3.0,2151801,10.0,3,4,1,5.0,,1.0,A,1936.0,A01,138Â 298Â 451,8.0,0.0,-1.0,1643194,0.0,30,,1.0,1.0,2.0,A01,138Â 298Â 451,1.0
962752,201900004283,2,10,12:15,1,2,1,2.0,6.0,76351,JEAN JAURES (AVENUE),M,"49,4991300","0,1532100",76,2019,50.0,1.0,2.0,3.0,2151802,1.0,1,1,1,0.0,,-1.0,0,1955.0,A01,138Â 298Â 451,2.0,0.0,-1.0,1643194,0.0,30,,1.0,1.0,2.0,A01,138Â 298Â 451,1.0
962753,201900004284,2,7,10:10,1,2,1,1.0,6.0,76351,MULHOUSE (DE),M,"49,4877600","0,1415300",76,2019,50.0,1.0,2.0,6.0,2151803,10.0,3,3,1,5.0,,5.0,9,1934.0,A01,138Â 298Â 449,8.0,0.0,-1.0,1643195,3.0,10,,0.0,1.0,4.0,A01,138Â 298Â 449,1.0
962753,201900004284,2,7,10:10,1,2,1,1.0,6.0,76351,MULHOUSE (DE),M,"49,4877600","0,1415300",76,2019,50.0,1.0,2.0,6.0,2151804,1.0,1,1,2,4.0,,0.0,0,1971.0,A01,138Â 298Â 449,1.0,8.0,-1.0,1643195,3.0,10,,0.0,1.0,4.0,A01,138Â 298Â 449,1.0
962754,201900004285,2,6,19:45,5,2,1,1.0,1.0,76351,IRENE JOLIOT CURIE (RUE),M,"49,5182715","0,1058078",76,2019,50.0,1.0,3.0,3.0,2151805,1.0,1,1,2,0.0,,-1.0,0,1978.0,B01,138Â 298Â 447,1.0,0.0,-1.0,1643196,1.0,7,,0.0,2.0,3.0,B01,138Â 298Â 447,1.0
962754,201900004285,2,6,19:45,5,2,1,1.0,1.0,76351,IRENE JOLIOT CURIE (RUE),M,"49,5182715","0,1058078",76,2019,50.0,1.0,3.0,3.0,2151805,1.0,1,1,2,0.0,,-1.0,0,1978.0,B01,138Â 298Â 447,1.0,0.0,-1.0,1643197,2.0,7,,15.0,2.0,3.0,A01,138Â 298Â 448,1.0
962754,201900004285,2,6,19:45,5,2,1,1.0,1.0,76351,IRENE JOLIOT CURIE (RUE),M,"49,5182715","0,1058078",76,2019,50.0,1.0,3.0,3.0,2151806,1.0,1,4,2,0.0,,-1.0,0,1991.0,A01,138Â 298Â 448,1.0,0.0,-1.0,1643196,1.0,7,,0.0,2.0,3.0,B01,138Â 298Â 447,1.0
962754,201900004285,2,6,19:45,5,2,1,1.0,1.0,76351,IRENE JOLIOT CURIE (RUE),M,"49,5182715","0,1058078",76,2019,50.0,1.0,3.0,3.0,2151806,1.0,1,4,2,0.0,,-1.0,0,1991.0,A01,138Â 298Â 448,1.0,0.0,-1.0,1643197,2.0,7,,15.0,2.0,3.0,A01,138Â 298Â 448,1.0
962755,201900004286,2,10,05:45,3,1,9,9.0,7.0,74013,CONTOURNEMENT,M,"46,3476660","6,4375080",74,2019,90.0,1.0,1.0,3.0,2151807,1.0,1,4,1,5.0,,0.0,0,1987.0,A01,138Â 298Â 442,8.0,0.0,-1.0,1643198,1.0,7,,0.0,0.0,1.0,A01,138Â 298Â 442,1.0
962756,201900004287,2,8,06:50,5,2,3,1.0,6.0,74008,FRATERNITE (RUE DE LA),M,"46,1963800","6,2276600",74,2019,50.0,2.0,7.0,4.0,2151808,10.0,3,4,1,0.0,,4.0,3,1985.0,A01,138Â 298Â 441,8.0,0.0,-1.0,1643199,1.0,32,,0.0,1.0,1.0,A01,138Â 298Â 441,1.0
962756,201900004287,2,8,06:50,5,2,3,1.0,6.0,74008,FRATERNITE (RUE DE LA),M,"46,1963800","6,2276600",74,2019,50.0,2.0,7.0,4.0,2151809,1.0,1,1,1,1.0,,0.0,0,1979.0,A01,138Â 298Â 441,2.0,6.0,-1.0,1643199,1.0,32,,0.0,1.0,1.0,A01,138Â 298Â 441,1.0
962757,201900004288,2,6,01:07,3,1,1,1.0,5.0,74093,OUEST (BOULEVARD),M,"45,8998000","6,0896000",74,2019,70.0,1.0,2.0,3.0,2151810,1.0,1,4,1,4.0,,0.0,0,1958.0,B01,138Â 298Â 438,1.0,8.0,-1.0,1643200,1.0,7,,0.0,2.0,6.0,B01,138Â 298Â 438,1.0
962757,201900004288,2,6,01:07,3,1,1,1.0,5.0,74093,OUEST (BOULEVARD),M,"45,8998000","6,0896000",74,2019,70.0,1.0,2.0,3.0,2151810,1.0,1,4,1,4.0,,0.0,0,1958.0,B01,138Â 298Â 438,1.0,8.0,-1.0,1643201,1.0,7,,0.0,2.0,6.0,C01,138Â 298Â 439,1.0
962757,201900004288,2,6,01:07,3,1,1,1.0,5.0,74093,OUEST (BOULEVARD),M,"45,8998000","6,0896000",74,2019,70.0,1.0,2.0,3.0,2151810,1.0,1,4,1,4.0,,0.0,0,1958.0,B01,138Â 298Â 438,1.0,8.0,-1.0,1643202,1.0,7,,0.0,2.0,1.0,A01,138Â 298Â 440,1.0
962757,201900004288,2,6,01:07,3,1,1,1.0,5.0,74093,OUEST (BOULEVARD),M,"45,8998000","6,0896000",74,2019,70.0,1.0,2.0,3.0,2151811,4.0,2,4,1,4.0,,0.0,0,1995.0,B01,138Â 298Â 438,1.0,8.0,-1.0,1643200,1.0,7,,0.0,2.0,6.0,B01,138Â 298Â 438,1.0
962757,201900004288,2,6,01:07,3,1,1,1.0,5.0,74093,OUEST (BOULEVARD),M,"45,8998000","6,0896000",74,2019,70.0,1.0,2.0,3.0,2151811,4.0,2,4,1,4.0,,0.0,0,1995.0,B01,138Â 298Â 438,1.0,8.0,-1.0,1643201,1.0,7,,0.0,2.0,6.0,C01,138Â 298Â 439,1.0
962757,201900004288,2,6,01:07,3,1,1,1.0,5.0,74093,OUEST (BOULEVARD),M,"45,8998000","6,0896000",74,2019,70.0,1.0,2.0,3.0,2151811,4.0,2,4,1,4.0,,0.0,0,1995.0,B01,138Â 298Â 438,1.0,8.0,-1.0,1643202,1.0,7,,0.0,2.0,1.0,A01,138Â 298Â 440,1.0
962757,201900004288,2,6,01:07,3,1,1,1.0,5.0,74093,OUEST (BOULEVARD),M,"45,8998000","6,0896000",74,2019,70.0,1.0,2.0,3.0,2151812,2.0,2,4,1,4.0,,0.0,0,1967.0,B01,138Â 298Â 438,1.0,0.0,-1.0,1643200,1.0,7,,0.0,2.0,6.0,B01,138Â 298Â 438,1.0
962757,201900004288,2,6,01:07,3,1,1,1.0,5.0,74093,OUEST (BOULEVARD),M,"45,8998000","6,0896000",74,2019,70.0,1.0,2.0,3.0,2151812,2.0,2,4,1,4.0,,0.0,0,1967.0,B01,138Â 298Â 438,1.0,0.0,-1.0,1643201,1.0,7,,0.0,2.0,6.0,C01,138Â 298Â 439,1.0
962757,201900004288,2,6,01:07,3,1,1,1.0,5.0,74093,OUEST (BOULEVARD),M,"45,8998000","6,0896000",74,2019,70.0,1.0,2.0,3.0,2151812,2.0,2,4,1,4.0,,0.0,0,1967.0,B01,138Â 298Â 438,1.0,0.0,-1.0,1643202,1.0,7,,0.0,2.0,1.0,A01,138Â 298Â 440,1.0
962757,201900004288,2,6,01:07,3,1,1,1.0,5.0,74093,OUEST (BOULEVARD),M,"45,8998000","6,0896000",74,2019,70.0,1.0,2.0,3.0,2151813,2.0,2,1,1,5.0,,0.0,0,1997.0,C01,138Â 298Â 439,1.0,8.0,-1.0,1643200,1.0,7,,0.0,2.0,6.0,B01,138Â 298Â 438,1.0
962757,201900004288,2,6,01:07,3,1,1,1.0,5.0,74093,OUEST (BOULEVARD),M,"45,8998000","6,0896000",74,2019,70.0,1.0,2.0,3.0,2151813,2.0,2,1,1,5.0,,0.0,0,1997.0,C01,138Â 298Â 439,1.0,8.0,-1.0,1643201,1.0,7,,0.0,2.0,6.0,C01,138Â 298Â 439,1.0
962757,201900004288,2,6,01:07,3,1,1,1.0,5.0,74093,OUEST (BOULEVARD),M,"45,8998000","6,0896000",74,2019,70.0,1.0,2.0,3.0,2151813,2.0,2,1,1,5.0,,0.0,0,1997.0,C01,138Â 298Â 439,1.0,8.0,-1.0,1643202,1.0,7,,0.0,2.0,1.0,A01,138Â 298Â 440,1.0
962757,201900004288,2,6,01:07,3,1,1,1.0,5.0,74093,OUEST (BOULEVARD),M,"45,8998000","6,0896000",74,2019,70.0,1.0,2.0,3.0,2151814,3.0,2,1,1,5.0,,0.0,0,1997.0,C01,138Â 298Â 439,1.0,8.0,-1.0,1643200,1.0,7,,0.0,2.0,6.0,B01,138Â 298Â 438,1.0
962757,201900004288,2,6,01:07,3,1,1,1.0,5.0,74093,OUEST (BOULEVARD),M,"45,8998000","6,0896000",74,2019,70.0,1.0,2.0,3.0,2151814,3.0,2,1,1,5.0,,0.0,0,1997.0,C01,138Â 298Â 439,1.0,8.0,-1.0,1643201,1.0,7,,0.0,2.0,6.0,C01,138Â 298Â 439,1.0
962757,201900004288,2,6,01:07,3,1,1,1.0,5.0,74093,OUEST (BOULEVARD),M,"45,8998000","6,0896000",74,2019,70.0,1.0,2.0,3.0,2151814,3.0,2,1,1,5.0,,0.0,0,1997.0,C01,138Â 298Â 439,1.0,8.0,-1.0,1643202,1.0,7,,0.0,2.0,1.0,A01,138Â 298Â 440,1.0
962757,201900004288,2,6,01:07,3,1,1,1.0,5.0,74093,OUEST (BOULEVARD),M,"45,8998000","6,0896000",74,2019,70.0,1.0,2.0,3.0,2151815,1.0,1,1,1,5.0,,0.0,0,1999.0,C01,138Â 298Â 439,1.0,8.0,-1.0,1643200,1.0,7,,0.0,2.0,6.0,B01,138Â 298Â 438,1.0
962757,201900004288,2,6,01:07,3,1,1,1.0,5.0,74093,OUEST (BOULEVARD),M,"45,8998000","6,0896000",74,2019,70.0,1.0,2.0,3.0,2151815,1.0,1,1,1,5.0,,0.0,0,1999.0,C01,138Â 298Â 439,1.0,8.0,-1.0,1643201,1.0,7,,0.0,2.0,6.0,C01,138Â 298Â 439,1.0
962757,201900004288,2,6,01:07,3,1,1,1.0,5.0,74093,OUEST (BOULEVARD),M,"45,8998000","6,0896000",74,2019,70.0,1.0,2.0,3.0,2151815,1.0,1,1,1,5.0,,0.0,0,1999.0,C01,138Â 298Â 439,1.0,8.0,-1.0,1643202,1.0,7,,0.0,2.0,1.0,A01,138Â 298Â 440,1.0
962757,201900004288,2,6,01:07,3,1,1,1.0,5.0,74093,OUEST (BOULEVARD),M,"45,8998000","6,0896000",74,2019,70.0,1.0,2.0,3.0,2151816,4.0,2,4,1,5.0,,0.0,0,1997.0,A01,138Â 298Â 440,1.0,0.0,-1.0,1643200,1.0,7,,0.0,2.0,6.0,B01,138Â 298Â 438,1.0
962757,201900004288,2,6,01:07,3,1,1,1.0,5.0,74093,OUEST (BOULEVARD),M,"45,8998000","6,0896000",74,2019,70.0,1.0,2.0,3.0,2151816,4.0,2,4,1,5.0,,0.0,0,1997.0,A01,138Â 298Â 440,1.0,0.0,-1.0,1643201,1.0,7,,0.0,2.0,6.0,C01,138Â 298Â 439,1.0
962757,201900004288,2,6,01:07,3,1,1,1.0,5.0,74093,OUEST (BOULEVARD),M,"45,8998000","6,0896000",74,2019,70.0,1.0,2.0,3.0,2151816,4.0,2,4,1,5.0,,0.0,0,1997.0,A01,138Â 298Â 440,1.0,0.0,-1.0,1643202,1.0,7,,0.0,2.0,1.0,A01,138Â 298Â 440,1.0
962757,201900004288,2,6,01:07,3,1,1,1.0,5.0,74093,OUEST (BOULEVARD),M,"45,8998000","6,0896000",74,2019,70.0,1.0,2.0,3.0,2151817,2.0,2,1,1,5.0,,0.0,0,2000.0,A01,138Â 298Â 440,1.0,0.0,-1.0,1643200,1.0,7,,0.0,2.0,6.0,B01,138Â 298Â 438,1.0
962757,201900004288,2,6,01:07,3,1,1,1.0,5.0,74093,OUEST (BOULEVARD),M,"45,8998000","6,0896000",74,2019,70.0,1.0,2.0,3.0,2151817,2.0,2,1,1,5.0,,0.0,0,2000.0,A01,138Â 298Â 440,1.0,0.0,-1.0,1643201,1.0,7,,0.0,2.0,6.0,C01,138Â 298Â 439,1.0
962757,201900004288,2,6,01:07,3,1,1,1.0,5.0,74093,OUEST (BOULEVARD),M,"45,8998000","6,0896000",74,2019,70.0,1.0,2.0,3.0,2151817,2.0,2,1,1,5.0,,0.0,0,2000.0,A01,138Â 298Â 440,1.0,0.0,-1.0,1643202,1.0,7,,0.0,2.0,1.0,A01,138Â 298Â 440,1.0
962757,201900004288,2,6,01:07,3,1,1,1.0,5.0,74093,OUEST (BOULEVARD),M,"45,8998000","6,0896000",74,2019,70.0,1.0,2.0,3.0,2151818,1.0,1,1,1,5.0,,0.0,0,2000.0,A01,138Â 298Â 440,1.0,8.0,-1.0,1643200,1.0,7,,0.0,2.0,6.0,B01,138Â 298Â 438,1.0
962757,201900004288,2,6,01:07,3,1,1,1.0,5.0,74093,OUEST (BOULEVARD),M,"45,8998000","6,0896000",74,2019,70.0,1.0,2.0,3.0,2151818,1.0,1,1,1,5.0,,0.0,0,2000.0,A01,138Â 298Â 440,1.0,8.0,-1.0,1643201,1.0,7,,0.0,2.0,6.0,C01,138Â 298Â 439,1.0
962757,201900004288,2,6,01:07,3,1,1,1.0,5.0,74093,OUEST (BOULEVARD),M,"45,8998000","6,0896000",74,2019,70.0,1.0,2.0,3.0,2151818,1.0,1,1,1,5.0,,0.0,0,2000.0,A01,138Â 298Â 440,1.0,8.0,-1.0,1643202,1.0,7,,0.0,2.0,1.0,A01,138Â 298Â 440,1.0
962757,201900004288,2,6,01:07,3,1,1,1.0,5.0,74093,OUEST (BOULEVARD),M,"45,8998000","6,0896000",74,2019,70.0,1.0,2.0,3.0,2151819,3.0,2,1,2,5.0,,0.0,0,1999.0,A01,138Â 298Â 440,1.0,0.0,-1.0,1643200,1.0,7,,0.0,2.0,6.0,B01,138Â 298Â 438,1.0
962757,201900004288,2,6,01:07,3,1,1,1.0,5.0,74093,OUEST (BOULEVARD),M,"45,8998000","6,0896000",74,2019,70.0,1.0,2.0,3.0,2151819,3.0,2,1,2,5.0,,0.0,0,1999.0,A01,138Â 298Â 440,1.0,0.0,-1.0,1643201,1.0,7,,0.0,2.0,6.0,C01,138Â 298Â 439,1.0
962757,201900004288,2,6,01:07,3,1,1,1.0,5.0,74093,OUEST (BOULEVARD),M,"45,8998000","6,0896000",74,2019,70.0,1.0,2.0,3.0,2151819,3.0,2,1,2,5.0,,0.0,0,1999.0,A01,138Â 298Â 440,1.0,0.0,-1.0,1643202,1.0,7,,0.0,2.0,1.0,A01,138Â 298Â 440,1.0
962757,201900004288,2,6,01:07,3,1,1,1.0,5.0,74093,OUEST (BOULEVARD),M,"45,8998000","6,0896000",74,2019,70.0,1.0,2.0,3.0,2151820,5.0,2,4,2,5.0,,0.0,0,1999.0,A01,138Â 298Â 440,1.0,0.0,-1.0,1643200,1.0,7,,0.0,2.0,6.0,B01,138Â 298Â 438,1.0