Unnamed: 0_x,num_acc,mois,jour,hrmn,lum,agg,int,atm,col,com,adr,gps,lat,long,dep,annee,vma,situ,surf,catr,Unnamed: 0_y,place,catu,grav,sexe,trajet,secu,locp,actp,an_nais,num_veh_x,id_vehicule_x,secu1,secu2,secu3,Unnamed: 0,senc,catv,occutc,obs,obsm,choc,num_veh_y,id_vehicule_y,motor
962757,201900004288,2,6,01:07,3,1,1,1.0,5.0,74093,OUEST (BOULEVARD),M,"45,8998000","6,0896000",74,2019,70.0,1.0,2.0,3.0,2151820,5.0,2,4,2,5.0,,0.0,0,1999.0,A01,138Â 298Â 440,1.0,0.0,-1.0,1643201,1.0,7,,0.0,2.0,6.0,C01,138Â 298Â 439,1.0
962757,201900004288,2,6,01:07,3,1,1,1.0,5.0,74093,OUEST (BOULEVARD),M,"45,8998000","6,0896000",74,2019,70.0,1.0,2.0,3.0,2151820,5.0,2,4,2,5.0,,0.0,0,1999.0,A01,138Â 298Â 440,1.0,0.0,-1.0,1643202,1.0,7,,0.0,2.0,1.0,A01,138Â 298Â 440,1.0
962758,201900004289,2,11,07:50,5,2,1,1.0,6.0,72181,MOLIERE - ENTRE ROCADE ET MONTHEARD,M,"47,9945600","0,2209200",72,2019,50.0,1.0,2.0,4.0,2151821,1.0,1,1,1,4.0,,0.0,0,1968.0,A01,138Â 298Â 437,1.0,0.0,-1.0,1643203,3.0,7,,0.0,1.0,8.0,A01,138Â 298Â 437,1.0
962758,201900004289,2,11,07:50,5,2,1,1.0,6.0,72181,MOLIERE - ENTRE ROCADE ET MONTHEARD,M,"47,9945600","0,2209200",72,2019,50.0,1.0,2.0,4.0,2151822,10.0,3,4,1,0.0,,3.0,3,1953.0,A01,138Â 298Â 437,8.0,0.0,-1.0,1643203,3.0,7,,0.0,1.0,8.0,A01,138Â 298Â 437,1.0
962759,201900004290,2,7,09:40,1,2,3,2.0,1.0,72181,19 MARS 1962 (PL),M,"47,9815800","0,2085000",72,2019,50.0,1.0,2.0,4.0,2151823,1.0,1,4,1,0.0,,-1.0, -1,1976.0,B01,138Â 298Â 435,1.0,0.0,-1.0,1643204,3.0,7,,0.0,2.0,3.0,B01,138Â 298Â 435,1.0
962759,201900004290,2,7,09:40,1,2,3,2.0,1.0,72181,19 MARS 1962 (PL),M,"47,9815800","0,2085000",72,2019,50.0,1.0,2.0,4.0,2151823,1.0,1,4,1,0.0,,-1.0, -1,1976.0,B01,138Â 298Â 435,1.0,0.0,-1.0,1643205,3.0,7,,0.0,2.0,2.0,A01,138Â 298Â 436,1.0
962759,201900004290,2,7,09:40,1,2,3,2.0,1.0,72181,19 MARS 1962 (PL),M,"47,9815800","0,2085000",72,2019,50.0,1.0,2.0,4.0,2151824,1.0,1,1,2,0.0,,0.0,0,1988.0,A01,138Â 298Â 436,1.0,0.0,-1.0,1643204,3.0,7,,0.0,2.0,3.0,B01,138Â 298Â 435,1.0
962759,201900004290,2,7,09:40,1,2,3,2.0,1.0,72181,19 MARS 1962 (PL),M,"47,9815800","0,2085000",72,2019,50.0,1.0,2.0,4.0,2151824,1.0,1,1,2,0.0,,0.0,0,1988.0,A01,138Â 298Â 436,1.0,0.0,-1.0,1643205,3.0,7,,0.0,2.0,2.0,A01,138Â 298Â 436,1.0
962760,201900004291,2,7,08:00,2,2,1,2.0,6.0,72181,LOUIS BLANC (QUAI),M,"48,0124800","0,1985400",72,2019,50.0,1.0,2.0,4.0,2151825,10.0,3,4,2,2.0,,3.0,3,2002.0,A01,138Â 298Â 434,8.0,0.0,-1.0,1643206,3.0,2,,0.0,1.0,1.0,A01,138Â 298Â 434,1.0
962760,201900004291,2,7,08:00,2,2,1,2.0,6.0,72181,LOUIS BLANC (QUAI),M,"48,0124800","0,1985400",72,2019,50.0,1.0,2.0,4.0,2151826,1.0,1,4,1,1.0,,0.0,0,1988.0,A01,138Â 298Â 434,2.0,0.0,-1.0,1643206,3.0,2,,0.0,1.0,1.0,A01,138Â 298Â 434,1.0
962761,201900004292,2,6,16:45,1,2,6,2.0,6.0,72181,DURAND GEORGES (AV) NÂ° IMP 1 A 141,M,"47,9829400","0,2108400",72,2019,30.0,1.0,2.0,4.0,2151827,1.0,1,1,2,0.0,,0.0,0,1967.0,C01,138Â 298Â 431,1.0,0.0,-1.0,1643207,0.0,7,,0.0,2.0,8.0,C01,138Â 298Â 431,1.0
962761,201900004292,2,6,16:45,1,2,6,2.0,6.0,72181,DURAND GEORGES (AV) NÂ° IMP 1 A 141,M,"47,9829400","0,2108400",72,2019,30.0,1.0,2.0,4.0,2151827,1.0,1,1,2,0.0,,0.0,0,1967.0,C01,138Â 298Â 431,1.0,0.0,-1.0,1643208,3.0,40,,0.0,2.0,1.0,B01,138Â 298Â 432,3.0
962761,201900004292,2,6,16:45,1,2,6,2.0,6.0,72181,DURAND GEORGES (AV) NÂ° IMP 1 A 141,M,"47,9829400","0,2108400",72,2019,30.0,1.0,2.0,4.0,2151827,1.0,1,1,2,0.0,,0.0,0,1967.0,C01,138Â 298Â 431,1.0,0.0,-1.0,1643209,3.0,7,,0.0,2.0,8.0,A01,138Â 298Â 433,1.0
962761,201900004292,2,6,16:45,1,2,6,2.0,6.0,72181,DURAND GEORGES (AV) NÂ° IMP 1 A 141,M,"47,9829400","0,2108400",72,2019,30.0,1.0,2.0,4.0,2151828,1.0,1,1,1,4.0,,0.0,0,1974.0,B01,138Â 298Â 432,1.0,0.0,-1.0,1643207,0.0,7,,0.0,2.0,8.0,C01,138Â 298Â 431,1.0
962761,201900004292,2,6,16:45,1,2,6,2.0,6.0,72181,DURAND GEORGES (AV) NÂ° IMP 1 A 141,M,"47,9829400","0,2108400",72,2019,30.0,1.0,2.0,4.0,2151828,1.0,1,1,1,4.0,,0.0,0,1974.0,B01,138Â 298Â 432,1.0,0.0,-1.0,1643208,3.0,40,,0.0,2.0,1.0,B01,138Â 298Â 432,3.0
962761,201900004292,2,6,16:45,1,2,6,2.0,6.0,72181,DURAND GEORGES (AV) NÂ° IMP 1 A 141,M,"47,9829400","0,2108400",72,2019,30.0,1.0,2.0,4.0,2151828,1.0,1,1,1,4.0,,0.0,0,1974.0,B01,138Â 298Â 432,1.0,0.0,-1.0,1643209,3.0,7,,0.0,2.0,8.0,A01,138Â 298Â 433,1.0
962761,201900004292,2,6,16:45,1,2,6,2.0,6.0,72181,DURAND GEORGES (AV) NÂ° IMP 1 A 141,M,"47,9829400","0,2108400",72,2019,30.0,1.0,2.0,4.0,2151829,1.0,1,4,1,0.0,,0.0,0,1974.0,A01,138Â 298Â 433,1.0,0.0,-1.0,1643207,0.0,7,,0.0,2.0,8.0,C01,138Â 298Â 431,1.0
962761,201900004292,2,6,16:45,1,2,6,2.0,6.0,72181,DURAND GEORGES (AV) NÂ° IMP 1 A 141,M,"47,9829400","0,2108400",72,2019,30.0,1.0,2.0,4.0,2151829,1.0,1,4,1,0.0,,0.0,0,1974.0,A01,138Â 298Â 433,1.0,0.0,-1.0,1643208,3.0,40,,0.0,2.0,1.0,B01,138Â 298Â 432,3.0
962761,201900004292,2,6,16:45,1,2,6,2.0,6.0,72181,DURAND GEORGES (AV) NÂ° IMP 1 A 141,M,"47,9829400","0,2108400",72,2019,30.0,1.0,2.0,4.0,2151829,1.0,1,4,1,0.0,,0.0,0,1974.0,A01,138Â 298Â 433,1.0,0.0,-1.0,1643209,3.0,7,,0.0,2.0,8.0,A01,138Â 298Â 433,1.0
962762,201900004293,2,6,08:30,1,1,1,2.0,3.0,72181,TOURS (RTE) LIGNE DROITE DES HUNAUDIERES,M,"47,9510000","0,2303100",72,2019,90.0,1.0,2.0,3.0,2151830,1.0,1,4,2,1.0,,0.0,0,1941.0,B01,138Â 298Â 429,1.0,0.0,-1.0,1643210,1.0,7,,0.0,2.0,1.0,B01,138Â 298Â 429,1.0
962762,201900004293,2,6,08:30,1,1,1,2.0,3.0,72181,TOURS (RTE) LIGNE DROITE DES HUNAUDIERES,M,"47,9510000","0,2303100",72,2019,90.0,1.0,2.0,3.0,2151830,1.0,1,4,2,1.0,,0.0,0,1941.0,B01,138Â 298Â 429,1.0,0.0,-1.0,1643211,1.0,7,,0.0,2.0,8.0,A01,138Â 298Â 430,1.0
962762,201900004293,2,6,08:30,1,1,1,2.0,3.0,72181,TOURS (RTE) LIGNE DROITE DES HUNAUDIERES,M,"47,9510000","0,2303100",72,2019,90.0,1.0,2.0,3.0,2151831,1.0,1,1,2,5.0,,0.0,0,1941.0,A01,138Â 298Â 430,1.0,0.0,-1.0,1643210,1.0,7,,0.0,2.0,1.0,B01,138Â 298Â 429,1.0
962762,201900004293,2,6,08:30,1,1,1,2.0,3.0,72181,TOURS (RTE) LIGNE DROITE DES HUNAUDIERES,M,"47,9510000","0,2303100",72,2019,90.0,1.0,2.0,3.0,2151831,1.0,1,1,2,5.0,,0.0,0,1941.0,A01,138Â 298Â 430,1.0,0.0,-1.0,1643211,1.0,7,,0.0,2.0,8.0,A01,138Â 298Â 430,1.0
962763,201900004294,2,8,14:00,1,1,1,1.0,4.0,71306,RN 70 (ROUTE EXPRESS),M,"46,6718300","4,3441000",71,2019,110.0,1.0,1.0,2.0,2151832,1.0,1,1,1,0.0,,0.0,0,1986.0,A01,138Â 298Â 426,1.0,0.0,-1.0,1643212,2.0,7,,0.0,2.0,1.0,A01,138Â 298Â 426,1.0
962763,201900004294,2,8,14:00,1,1,1,1.0,4.0,71306,RN 70 (ROUTE EXPRESS),M,"46,6718300","4,3441000",71,2019,110.0,1.0,1.0,2.0,2151832,1.0,1,1,1,0.0,,0.0,0,1986.0,A01,138Â 298Â 426,1.0,0.0,-1.0,1643213,2.0,7,,0.0,2.0,4.0,B01,138Â 298Â 427,1.0
962763,201900004294,2,8,14:00,1,1,1,1.0,4.0,71306,RN 70 (ROUTE EXPRESS),M,"46,6718300","4,3441000",71,2019,110.0,1.0,1.0,2.0,2151832,1.0,1,1,1,0.0,,0.0,0,1986.0,A01,138Â 298Â 426,1.0,0.0,-1.0,1643214,2.0,7,,0.0,2.0,4.0,C01,138Â 298Â 428,1.0
962763,201900004294,2,8,14:00,1,1,1,1.0,4.0,71306,RN 70 (ROUTE EXPRESS),M,"46,6718300","4,3441000",71,2019,110.0,1.0,1.0,2.0,2151833,3.0,2,4,2,0.0,,0.0,0,2016.0,A01,138Â 298Â 426,3.0,0.0,-1.0,1643212,2.0,7,,0.0,2.0,1.0,A01,138Â 298Â 426,1.0
962763,201900004294,2,8,14:00,1,1,1,1.0,4.0,71306,RN 70 (ROUTE EXPRESS),M,"46,6718300","4,3441000",71,2019,110.0,1.0,1.0,2.0,2151833,3.0,2,4,2,0.0,,0.0,0,2016.0,A01,138Â 298Â 426,3.0,0.0,-1.0,1643213,2.0,7,,0.0,2.0,4.0,B01,138Â 298Â 427,1.0
962763,201900004294,2,8,14:00,1,1,1,1.0,4.0,71306,RN 70 (ROUTE EXPRESS),M,"46,6718300","4,3441000",71,2019,110.0,1.0,1.0,2.0,2151833,3.0,2,4,2,0.0,,0.0,0,2016.0,A01,138Â 298Â 426,3.0,0.0,-1.0,1643214,2.0,7,,0.0,2.0,4.0,C01,138Â 298Â 428,1.0
962763,201900004294,2,8,14:00,1,1,1,1.0,4.0,71306,RN 70 (ROUTE EXPRESS),M,"46,6718300","4,3441000",71,2019,110.0,1.0,1.0,2.0,2151834,2.0,2,4,2,0.0,,0.0,0,1990.0,A01,138Â 298Â 426,1.0,0.0,-1.0,1643212,2.0,7,,0.0,2.0,1.0,A01,138Â 298Â 426,1.0
962763,201900004294,2,8,14:00,1,1,1,1.0,4.0,71306,RN 70 (ROUTE EXPRESS),M,"46,6718300","4,3441000",71,2019,110.0,1.0,1.0,2.0,2151834,2.0,2,4,2,0.0,,0.0,0,1990.0,A01,138Â 298Â 426,1.0,0.0,-1.0,1643213,2.0,7,,0.0,2.0,4.0,B01,138Â 298Â 427,1.0
962763,201900004294,2,8,14:00,1,1,1,1.0,4.0,71306,RN 70 (ROUTE EXPRESS),M,"46,6718300","4,3441000",71,2019,110.0,1.0,1.0,2.0,2151834,2.0,2,4,2,0.0,,0.0,0,1990.0,A01,138Â 298Â 426,1.0,0.0,-1.0,1643214,2.0,7,,0.0,2.0,4.0,C01,138Â 298Â 428,1.0
962763,201900004294,2,8,14:00,1,1,1,1.0,4.0,71306,RN 70 (ROUTE EXPRESS),M,"46,6718300","4,3441000",71,2019,110.0,1.0,1.0,2.0,2151835,1.0,1,1,1,0.0,,0.0,0,1943.0,B01,138Â 298Â 427,1.0,0.0,-1.0,1643212,2.0,7,,0.0,2.0,1.0,A01,138Â 298Â 426,1.0
962763,201900004294,2,8,14:00,1,1,1,1.0,4.0,71306,RN 70 (ROUTE EXPRESS),M,"46,6718300","4,3441000",71,2019,110.0,1.0,1.0,2.0,2151835,1.0,1,1,1,0.0,,0.0,0,1943.0,B01,138Â 298Â 427,1.0,0.0,-1.0,1643213,2.0,7,,0.0,2.0,4.0,B01,138Â 298Â 427,1.0
962763,201900004294,2,8,14:00,1,1,1,1.0,4.0,71306,RN 70 (ROUTE EXPRESS),M,"46,6718300","4,3441000",71,2019,110.0,1.0,1.0,2.0,2151835,1.0,1,1,1,0.0,,0.0,0,1943.0,B01,138Â 298Â 427,1.0,0.0,-1.0,1643214,2.0,7,,0.0,2.0,4.0,C01,138Â 298Â 428,1.0
962763,201900004294,2,8,14:00,1,1,1,1.0,4.0,71306,RN 70 (ROUTE EXPRESS),M,"46,6718300","4,3441000",71,2019,110.0,1.0,1.0,2.0,2151836,1.0,1,1,2,0.0,,0.0,0,1989.0,C01,138Â 298Â 428,1.0,0.0,-1.0,1643212,2.0,7,,0.0,2.0,1.0,A01,138Â 298Â 426,1.0
962763,201900004294,2,8,14:00,1,1,1,1.0,4.0,71306,RN 70 (ROUTE EXPRESS),M,"46,6718300","4,3441000",71,2019,110.0,1.0,1.0,2.0,2151836,1.0,1,1,2,0.0,,0.0,0,1989.0,C01,138Â 298Â 428,1.0,0.0,-1.0,1643213,2.0,7,,0.0,2.0,4.0,B01,138Â 298Â 427,1.0
962763,201900004294,2,8,14:00,1,1,1,1.0,4.0,71306,RN 70 (ROUTE EXPRESS),M,"46,6718300","4,3441000",71,2019,110.0,1.0,1.0,2.0,2151836,1.0,1,1,2,0.0,,0.0,0,1989.0,C01,138Â 298Â 428,1.0,0.0,-1.0,1643214,2.0,7,,0.0,2.0,4.0,C01,138Â 298Â 428,1.0
962764,201900004295,2,11,09:56,1,2,1,1.0,6.0,71270,HERRIOT (AVENUE EDOUARD),M,"46,3018561","4,8315016",71,2019,50.0,1.0,1.0,3.0,2151837,1.0,1,1,1,4.0,,0.0,0,1973.0,A01,138Â 298Â 423,1.0,0.0,-1.0,1643215,2.0,17,,0.0,2.0,7.0,A01,138Â 298Â 423,1.0
962764,201900004295,2,11,09:56,1,2,1,1.0,6.0,71270,HERRIOT (AVENUE EDOUARD),M,"46,3018561","4,8315016",71,2019,50.0,1.0,1.0,3.0,2151837,1.0,1,1,1,4.0,,0.0,0,1973.0,A01,138Â 298Â 423,1.0,0.0,-1.0,1643216,2.0,16,,0.0,2.0,0.0,B01,138Â 298Â 424,1.0
962764,201900004295,2,11,09:56,1,2,1,1.0,6.0,71270,HERRIOT (AVENUE EDOUARD),M,"46,3018561","4,8315016",71,2019,50.0,1.0,1.0,3.0,2151837,1.0,1,1,1,4.0,,0.0,0,1973.0,A01,138Â 298Â 423,1.0,0.0,-1.0,1643217,2.0,1,,0.0,2.0,0.0,C01,138Â 298Â 425,5.0
962764,201900004295,2,11,09:56,1,2,1,1.0,6.0,71270,HERRIOT (AVENUE EDOUARD),M,"46,3018561","4,8315016",71,2019,50.0,1.0,1.0,3.0,2151838,1.0,1,1,1,4.0,,0.0,0,1962.0,B01,138Â 298Â 424,1.0,8.0,-1.0,1643215,2.0,17,,0.0,2.0,7.0,A01,138Â 298Â 423,1.0
962764,201900004295,2,11,09:56,1,2,1,1.0,6.0,71270,HERRIOT (AVENUE EDOUARD),M,"46,3018561","4,8315016",71,2019,50.0,1.0,1.0,3.0,2151838,1.0,1,1,1,4.0,,0.0,0,1962.0,B01,138Â 298Â 424,1.0,8.0,-1.0,1643216,2.0,16,,0.0,2.0,0.0,B01,138Â 298Â 424,1.0
962764,201900004295,2,11,09:56,1,2,1,1.0,6.0,71270,HERRIOT (AVENUE EDOUARD),M,"46,3018561","4,8315016",71,2019,50.0,1.0,1.0,3.0,2151838,1.0,1,1,1,4.0,,0.0,0,1962.0,B01,138Â 298Â 424,1.0,8.0,-1.0,1643217,2.0,1,,0.0,2.0,0.0,C01,138Â 298Â 425,5.0
962764,201900004295,2,11,09:56,1,2,1,1.0,6.0,71270,HERRIOT (AVENUE EDOUARD),M,"46,3018561","4,8315016",71,2019,50.0,1.0,1.0,3.0,2151839,1.0,1,3,2,9.0,,0.0,0,1941.0,C01,138Â 298Â 425,8.0,0.0,-1.0,1643215,2.0,17,,0.0,2.0,7.0,A01,138Â 298Â 423,1.0
962764,201900004295,2,11,09:56,1,2,1,1.0,6.0,71270,HERRIOT (AVENUE EDOUARD),M,"46,3018561","4,8315016",71,2019,50.0,1.0,1.0,3.0,2151839,1.0,1,3,2,9.0,,0.0,0,1941.0,C01,138Â 298Â 425,8.0,0.0,-1.0,1643216,2.0,16,,0.0,2.0,0.0,B01,138Â 298Â 424,1.0
962764,201900004295,2,11,09:56,1,2,1,1.0,6.0,71270,HERRIOT (AVENUE EDOUARD),M,"46,3018561","4,8315016",71,2019,50.0,1.0,1.0,3.0,2151839,1.0,1,3,2,9.0,,0.0,0,1941.0,C01,138Â 298Â 425,8.0,0.0,-1.0,1643217,2.0,1,,0.0,2.0,0.0,C01,138Â 298Â 425,5.0
962765,201900004296,2,9,10:00,1,2,1,1.0,3.0,71497,DIX-NEUF MARS 1962 (RUE DU),M,"46,3340900","4,8454000",71,2019,50.0,1.0,1.0,4.0,2151840,1.0,1,1,1,0.0,,0.0,0,1987.0,B01,138Â 298Â 421,1.0,0.0,-1.0,1643218,3.0,7,,0.0,2.0,3.0,B01,138Â 298Â 421,1.0
962765,201900004296,2,9,10:00,1,2,1,1.0,3.0,71497,DIX-NEUF MARS 1962 (RUE DU),M,"46,3340900","4,8454000",71,2019,50.0,1.0,1.0,4.0,2151840,1.0,1,1,1,0.0,,0.0,0,1987.0,B01,138Â 298Â 421,1.0,0.0,-1.0,1643219,3.0,7,,0.0,2.0,3.0,A01,138Â 298Â 422,1.0
962765,201900004296,2,9,10:00,1,2,1,1.0,3.0,71497,DIX-NEUF MARS 1962 (RUE DU),M,"46,3340900","4,8454000",71,2019,50.0,1.0,1.0,4.0,2151841,1.0,1,4,2,0.0,,0.0,0,1997.0,A01,138Â 298Â 422,1.0,8.0,-1.0,1643218,3.0,7,,0.0,2.0,3.0,B01,138Â 298Â 421,1.0
962765,201900004296,2,9,10:00,1,2,1,1.0,3.0,71497,DIX-NEUF MARS 1962 (RUE DU),M,"46,3340900","4,8454000",71,2019,50.0,1.0,1.0,4.0,2151841,1.0,1,4,2,0.0,,0.0,0,1997.0,A01,138Â 298Â 422,1.0,8.0,-1.0,1643219,3.0,7,,0.0,2.0,3.0,A01,138Â 298Â 422,1.0
962766,201900004297,2,6,19:00,5,2,1,1.0,3.0,71076,CHAUVEAU (RUE DES LIEUTENANTS),M,"46,7802800","4,8386500",71,2019,50.0,1.0,1.0,4.0,2151842,1.0,1,4,1,9.0,,0.0,0,1977.0,B01,138Â 298Â 416,2.0,8.0,-1.0,1643220,2.0,2,,0.0,2.0,1.0,B01,138Â 298Â 416,1.0
962766,201900004297,2,6,19:00,5,2,1,1.0,3.0,71076,CHAUVEAU (RUE DES LIEUTENANTS),M,"46,7802800","4,8386500",71,2019,50.0,1.0,1.0,4.0,2151842,1.0,1,4,1,9.0,,0.0,0,1977.0,B01,138Â 298Â 416,2.0,8.0,-1.0,1643221,1.0,7,,0.0,2.0,1.0,A01,138Â 298Â 417,1.0
962766,201900004297,2,6,19:00,5,2,1,1.0,3.0,71076,CHAUVEAU (RUE DES LIEUTENANTS),M,"46,7802800","4,8386500",71,2019,50.0,1.0,1.0,4.0,2151843,1.0,1,1,1,9.0,,0.0,0,1949.0,A01,138Â 298Â 417,1.0,8.0,-1.0,1643220,2.0,2,,0.0,2.0,1.0,B01,138Â 298Â 416,1.0
962766,201900004297,2,6,19:00,5,2,1,1.0,3.0,71076,CHAUVEAU (RUE DES LIEUTENANTS),M,"46,7802800","4,8386500",71,2019,50.0,1.0,1.0,4.0,2151843,1.0,1,1,1,9.0,,0.0,0,1949.0,A01,138Â 298Â 417,1.0,8.0,-1.0,1643221,1.0,7,,0.0,2.0,1.0,A01,138Â 298Â 417,1.0
962767,201900004298,2,8,16:50,1,2,1,1.0,6.0,69266,HENRI BARBUSSE   (Avenue)),M,"45,7669500","4,8795700",69,2019,30.0,1.0,1.0,4.0,2151844,10.0,3,3,2,5.0,,1.0,3,1946.0,A01,138Â 298Â 415,8.0,0.0,-1.0,1643222,2.0,7,,0.0,1.0,6.0,A01,138Â 298Â 415,1.0
962767,201900004298,2,8,16:50,1,2,1,1.0,6.0,69266,HENRI BARBUSSE   (Avenue)),M,"45,7669500","4,8795700",69,2019,30.0,1.0,1.0,4.0,2151845,1.0,1,1,2,0.0,,0.0,0,1967.0,A01,138Â 298Â 415,1.0,-1.0,-1.0,1643222,2.0,7,,0.0,1.0,6.0,A01,138Â 298Â 415,1.0
962768,201900004299,2,8,12:15,1,2,2,1.0,3.0,69266,TOLSTOI    (Cours),M,"45,7609200","4,8847400",69,2019,50.0,1.0,1.0,4.0,2151846,1.0,1,1,1,5.0,,0.0,0,1998.0,A01,138Â 298Â 413,8.0,0.0,-1.0,1643223,2.0,7,,0.0,2.0,2.0,A01,138Â 298Â 413,1.0
962768,201900004299,2,8,12:15,1,2,2,1.0,3.0,69266,TOLSTOI    (Cours),M,"45,7609200","4,8847400",69,2019,50.0,1.0,1.0,4.0,2151846,1.0,1,1,1,5.0,,0.0,0,1998.0,A01,138Â 298Â 413,8.0,0.0,-1.0,1643224,2.0,99,,0.0,2.0,1.0,B01,138Â 298Â 414,1.0
962768,201900004299,2,8,12:15,1,2,2,1.0,3.0,69266,TOLSTOI    (Cours),M,"45,7609200","4,8847400",69,2019,50.0,1.0,1.0,4.0,2151847,1.0,1,4,1,5.0,,0.0,0,2004.0,B01,138Â 298Â 414,8.0,0.0,-1.0,1643223,2.0,7,,0.0,2.0,2.0,A01,138Â 298Â 413,1.0
962768,201900004299,2,8,12:15,1,2,2,1.0,3.0,69266,TOLSTOI    (Cours),M,"45,7609200","4,8847400",69,2019,50.0,1.0,1.0,4.0,2151847,1.0,1,4,1,5.0,,0.0,0,2004.0,B01,138Â 298Â 414,8.0,0.0,-1.0,1643224,2.0,99,,0.0,2.0,1.0,B01,138Â 298Â 414,1.0
962769,201900004300,2,6,10:30,1,2,2,7.0,3.0,69256,SALVADOR ALLENDE                    (AV),M,"45,7807000","4,9233600",69,2019,50.0,1.0,1.0,4.0,2151848,1.0,1,4,2,0.0,,0.0,0,1975.0,B01,138Â 298Â 411,1.0,0.0,-1.0,1643225,2.0,7,,0.0,2.0,2.0,B01,138Â 298Â 411,1.0
962769,201900004300,2,6,10:30,1,2,2,7.0,3.0,69256,SALVADOR ALLENDE                    (AV),M,"45,7807000","4,9233600",69,2019,50.0,1.0,1.0,4.0,2151848,1.0,1,4,2,0.0,,0.0,0,1975.0,B01,138Â 298Â 411,1.0,0.0,-1.0,1643226,2.0,7,,0.0,2.0,3.0,A01,138Â 298Â 412,1.0
962769,201900004300,2,6,10:30,1,2,2,7.0,3.0,69256,SALVADOR ALLENDE                    (AV),M,"45,7807000","4,9233600",69,2019,50.0,1.0,1.0,4.0,2151849,1.0,1,4,1,0.0,,0.0,0,1970.0,A01,138Â 298Â 412,1.0,0.0,-1.0,1643225,2.0,7,,0.0,2.0,2.0,B01,138Â 298Â 411,1.0
962769,201900004300,2,6,10:30,1,2,2,7.0,3.0,69256,SALVADOR ALLENDE                    (AV),M,"45,7807000","4,9233600",69,2019,50.0,1.0,1.0,4.0,2151849,1.0,1,4,1,0.0,,0.0,0,1970.0,A01,138Â 298Â 412,1.0,0.0,-1.0,1643226,2.0,7,,0.0,2.0,3.0,A01,138Â 298Â 412,1.0
962770,201900004301,2,7,17:05,2,2,3,2.0,6.0,69266,MOZART      (Rue),M,"45,7749000","4,8663000",69,2019,30.0,1.0,2.0,4.0,2151850,10.0,3,3,2,5.0,,5.0,3,1997.0,Z01,138Â 298Â 410,8.0,0.0,-1.0,1643227,2.0,7,,0.0,1.0,3.0,Z01,138Â 298Â 410,0.0
962771,201900004302,2,6,06:50,5,2,1,1.0,6.0,69275,EMILE BERTRAND                      (R ),M,"45,7720000","4,9562100",69,2019,1.0,1.0,1.0,9.0,2151851,10.0,3,4,1,5.0,,3.0,8,1948.0,A01,138Â 298Â 409,8.0,0.0,-1.0,1643228,3.0,40,,0.0,1.0,3.0,A01,138Â 298Â 409,0.0
962771,201900004302,2,6,06:50,5,2,1,1.0,6.0,69275,EMILE BERTRAND                      (R ),M,"45,7720000","4,9562100",69,2019,1.0,1.0,1.0,9.0,2151852,1.0,1,1,1,4.0,,0.0,0,1960.0,A01,138Â 298Â 409,8.0,0.0,-1.0,1643228,3.0,40,,0.0,1.0,3.0,A01,138Â 298Â 409,0.0
962772,201900004303,2,7,16:00,1,2,1,2.0,4.0,67482,HERRENSCHMIDT (AVENUE),M,"48,5958700","7,7214600",67,2019,50.0,1.0,2.0,4.0,2151853,1.0,1,1,1,2.0,,-1.0,0,1960.0,C01,138Â 298Â 403,1.0,8.0,-1.0,1643229,1.0,7,,0.0,2.0,4.0,C01,138Â 298Â 403,1.0
962772,201900004303,2,7,16:00,1,2,1,2.0,4.0,67482,HERRENSCHMIDT (AVENUE),M,"48,5958700","7,7214600",67,2019,50.0,1.0,2.0,4.0,2151853,1.0,1,1,1,2.0,,-1.0,0,1960.0,C01,138Â 298Â 403,1.0,8.0,-1.0,1643230,1.0,7,,0.0,2.0,4.0,B01,138Â 298Â 404,1.0
962772,201900004303,2,7,16:00,1,2,1,2.0,4.0,67482,HERRENSCHMIDT (AVENUE),M,"48,5958700","7,7214600",67,2019,50.0,1.0,2.0,4.0,2151853,1.0,1,1,1,2.0,,-1.0,0,1960.0,C01,138Â 298Â 403,1.0,8.0,-1.0,1643231,1.0,7,,0.0,2.0,1.0,A01,138Â 298Â 405,1.0
962772,201900004303,2,7,16:00,1,2,1,2.0,4.0,67482,HERRENSCHMIDT (AVENUE),M,"48,5958700","7,7214600",67,2019,50.0,1.0,2.0,4.0,2151854,1.0,1,4,1,0.0,,-1.0,0,1978.0,B01,138Â 298Â 404,1.0,8.0,-1.0,1643229,1.0,7,,0.0,2.0,4.0,C01,138Â 298Â 403,1.0
962772,201900004303,2,7,16:00,1,2,1,2.0,4.0,67482,HERRENSCHMIDT (AVENUE),M,"48,5958700","7,7214600",67,2019,50.0,1.0,2.0,4.0,2151854,1.0,1,4,1,0.0,,-1.0,0,1978.0,B01,138Â 298Â 404,1.0,8.0,-1.0,1643230,1.0,7,,0.0,2.0,4.0,B01,138Â 298Â 404,1.0
962772,201900004303,2,7,16:00,1,2,1,2.0,4.0,67482,HERRENSCHMIDT (AVENUE),M,"48,5958700","7,7214600",67,2019,50.0,1.0,2.0,4.0,2151854,1.0,1,4,1,0.0,,-1.0,0,1978.0,B01,138Â 298Â 404,1.0,8.0,-1.0,1643231,1.0,7,,0.0,2.0,1.0,A01,138Â 298Â 405,1.0
962772,201900004303,2,7,16:00,1,2,1,2.0,4.0,67482,HERRENSCHMIDT (AVENUE),M,"48,5958700","7,7214600",67,2019,50.0,1.0,2.0,4.0,2151855,1.0,1,1,2,1.0,,-1.0,0,1965.0,A01,138Â 298Â 405,1.0,8.0,-1.0,1643229,1.0,7,,0.0,2.0,4.0,C01,138Â 298Â 403,1.0