Unnamed: 0_x,num_acc,mois,jour,hrmn,lum,agg,int,atm,col,com,adr,gps,lat,long,dep,annee,vma,situ,surf,catr,Unnamed: 0_y,place,catu,grav,sexe,trajet,secu,locp,actp,an_nais,num_veh_x,id_vehicule_x,secu1,secu2,secu3,Unnamed: 0,senc,catv,occutc,obs,obsm,choc,num_veh_y,id_vehicule_y,motor
962772,201900004303,2,7,16:00,1,2,1,2.0,4.0,67482,HERRENSCHMIDT (AVENUE),M,"48,5958700","7,7214600",67,2019,50.0,1.0,2.0,4.0,2151855,1.0,1,1,2,1.0,,-1.0,0,1965.0,A01,138Â 298Â 405,1.0,8.0,-1.0,1643230,1.0,7,,0.0,2.0,4.0,B01,138Â 298Â 404,1.0
962772,201900004303,2,7,16:00,1,2,1,2.0,4.0,67482,HERRENSCHMIDT (AVENUE),M,"48,5958700","7,7214600",67,2019,50.0,1.0,2.0,4.0,2151855,1.0,1,1,2,1.0,,-1.0,0,1965.0,A01,138Â 298Â 405,1.0,8.0,-1.0,1643231,1.0,7,,0.0,2.0,1.0,A01,138Â 298Â 405,1.0
962773,201900004304,2,7,14:00,1,2,1,2.0,4.0,67218,ALFRED KASTLER (ROUTE),M,"48,5430200","7,7360500",67,2019,70.0,1.0,1.0,4.0,2151856,1.0,1,1,1,0.0,,-1.0,0,1984.0,C01,138Â 298Â 400,1.0,8.0,-1.0,1643232,1.0,10,,0.0,2.0,4.0,C01,138Â 298Â 400,1.0
962773,201900004304,2,7,14:00,1,2,1,2.0,4.0,67218,ALFRED KASTLER (ROUTE),M,"48,5430200","7,7360500",67,2019,70.0,1.0,1.0,4.0,2151856,1.0,1,1,1,0.0,,-1.0,0,1984.0,C01,138Â 298Â 400,1.0,8.0,-1.0,1643233,1.0,7,,0.0,2.0,4.0,B01,138Â 298Â 401,1.0
962773,201900004304,2,7,14:00,1,2,1,2.0,4.0,67218,ALFRED KASTLER (ROUTE),M,"48,5430200","7,7360500",67,2019,70.0,1.0,1.0,4.0,2151856,1.0,1,1,1,0.0,,-1.0,0,1984.0,C01,138Â 298Â 400,1.0,8.0,-1.0,1643234,1.0,7,,0.0,2.0,1.0,A01,138Â 298Â 402,1.0
962773,201900004304,2,7,14:00,1,2,1,2.0,4.0,67218,ALFRED KASTLER (ROUTE),M,"48,5430200","7,7360500",67,2019,70.0,1.0,1.0,4.0,2151857,1.0,1,4,2,3.0,,-1.0,0,1980.0,B01,138Â 298Â 401,1.0,8.0,-1.0,1643232,1.0,10,,0.0,2.0,4.0,C01,138Â 298Â 400,1.0
962773,201900004304,2,7,14:00,1,2,1,2.0,4.0,67218,ALFRED KASTLER (ROUTE),M,"48,5430200","7,7360500",67,2019,70.0,1.0,1.0,4.0,2151857,1.0,1,4,2,3.0,,-1.0,0,1980.0,B01,138Â 298Â 401,1.0,8.0,-1.0,1643233,1.0,7,,0.0,2.0,4.0,B01,138Â 298Â 401,1.0
962773,201900004304,2,7,14:00,1,2,1,2.0,4.0,67218,ALFRED KASTLER (ROUTE),M,"48,5430200","7,7360500",67,2019,70.0,1.0,1.0,4.0,2151857,1.0,1,4,2,3.0,,-1.0,0,1980.0,B01,138Â 298Â 401,1.0,8.0,-1.0,1643234,1.0,7,,0.0,2.0,1.0,A01,138Â 298Â 402,1.0
962773,201900004304,2,7,14:00,1,2,1,2.0,4.0,67218,ALFRED KASTLER (ROUTE),M,"48,5430200","7,7360500",67,2019,70.0,1.0,1.0,4.0,2151858,1.0,1,1,1,4.0,,-1.0,0,1969.0,A01,138Â 298Â 402,1.0,8.0,-1.0,1643232,1.0,10,,0.0,2.0,4.0,C01,138Â 298Â 400,1.0
962773,201900004304,2,7,14:00,1,2,1,2.0,4.0,67218,ALFRED KASTLER (ROUTE),M,"48,5430200","7,7360500",67,2019,70.0,1.0,1.0,4.0,2151858,1.0,1,1,1,4.0,,-1.0,0,1969.0,A01,138Â 298Â 402,1.0,8.0,-1.0,1643233,1.0,7,,0.0,2.0,4.0,B01,138Â 298Â 401,1.0
962773,201900004304,2,7,14:00,1,2,1,2.0,4.0,67218,ALFRED KASTLER (ROUTE),M,"48,5430200","7,7360500",67,2019,70.0,1.0,1.0,4.0,2151858,1.0,1,1,1,4.0,,-1.0,0,1969.0,A01,138Â 298Â 402,1.0,8.0,-1.0,1643234,1.0,7,,0.0,2.0,1.0,A01,138Â 298Â 402,1.0
962774,201900004305,2,8,06:25,2,1,1,1.0,1.0,67180,RD 99,M,"48,7956610","7,8698470",67,2019,80.0,1.0,7.0,3.0,2151859,1.0,1,4,1,4.0,,-1.0,0,1991.0,B01,138Â 298Â 398,8.0,0.0,-1.0,1643235,3.0,14,,0.0,2.0,1.0,B01,138Â 298Â 398,1.0
962774,201900004305,2,8,06:25,2,1,1,1.0,1.0,67180,RD 99,M,"48,7956610","7,8698470",67,2019,80.0,1.0,7.0,3.0,2151859,1.0,1,4,1,4.0,,-1.0,0,1991.0,B01,138Â 298Â 398,8.0,0.0,-1.0,1643236,3.0,7,,0.0,2.0,1.0,A01,138Â 298Â 399,1.0
962774,201900004305,2,8,06:25,2,1,1,1.0,1.0,67180,RD 99,M,"48,7956610","7,8698470",67,2019,80.0,1.0,7.0,3.0,2151860,1.0,1,2,1,1.0,,-1.0,0,1991.0,A01,138Â 298Â 399,8.0,0.0,-1.0,1643235,3.0,14,,0.0,2.0,1.0,B01,138Â 298Â 398,1.0
962774,201900004305,2,8,06:25,2,1,1,1.0,1.0,67180,RD 99,M,"48,7956610","7,8698470",67,2019,80.0,1.0,7.0,3.0,2151860,1.0,1,2,1,1.0,,-1.0,0,1991.0,A01,138Â 298Â 399,8.0,0.0,-1.0,1643236,3.0,7,,0.0,2.0,1.0,A01,138Â 298Â 399,1.0
962775,201900004306,2,2,03:50,5,1,9,1.0,2.0,67180,RD 1062,M,"48,8327500","7,7446000",67,2019,70.0,1.0,2.0,3.0,2151861,1.0,1,4,1,1.0,,-1.0,0,1964.0,B01,138Â 298Â 396,8.0,0.0,-1.0,1643237,1.0,7,,0.0,2.0,4.0,B01,138Â 298Â 396,1.0
962775,201900004306,2,2,03:50,5,1,9,1.0,2.0,67180,RD 1062,M,"48,8327500","7,7446000",67,2019,70.0,1.0,2.0,3.0,2151861,1.0,1,4,1,1.0,,-1.0,0,1964.0,B01,138Â 298Â 396,8.0,0.0,-1.0,1643238,1.0,7,,0.0,2.0,1.0,A01,138Â 298Â 397,1.0
962775,201900004306,2,2,03:50,5,1,9,1.0,2.0,67180,RD 1062,M,"48,8327500","7,7446000",67,2019,70.0,1.0,2.0,3.0,2151862,2.0,2,4,2,5.0,,-1.0,0,1989.0,A01,138Â 298Â 397,8.0,0.0,-1.0,1643237,1.0,7,,0.0,2.0,4.0,B01,138Â 298Â 396,1.0
962775,201900004306,2,2,03:50,5,1,9,1.0,2.0,67180,RD 1062,M,"48,8327500","7,7446000",67,2019,70.0,1.0,2.0,3.0,2151862,2.0,2,4,2,5.0,,-1.0,0,1989.0,A01,138Â 298Â 397,8.0,0.0,-1.0,1643238,1.0,7,,0.0,2.0,1.0,A01,138Â 298Â 397,1.0
962775,201900004306,2,2,03:50,5,1,9,1.0,2.0,67180,RD 1062,M,"48,8327500","7,7446000",67,2019,70.0,1.0,2.0,3.0,2151863,1.0,1,4,1,5.0,,-1.0,0,1989.0,A01,138Â 298Â 397,8.0,8.0,-1.0,1643237,1.0,7,,0.0,2.0,4.0,B01,138Â 298Â 396,1.0
962775,201900004306,2,2,03:50,5,1,9,1.0,2.0,67180,RD 1062,M,"48,8327500","7,7446000",67,2019,70.0,1.0,2.0,3.0,2151863,1.0,1,4,1,5.0,,-1.0,0,1989.0,A01,138Â 298Â 397,8.0,8.0,-1.0,1643238,1.0,7,,0.0,2.0,1.0,A01,138Â 298Â 397,1.0
962776,201900004307,2,10,00:50,1,1,1,1.0,6.0,66136,PANCHOT (AVENUE JULIEN),M,"42,6864000","2,8691000",66,2019,50.0,1.0,1.0,3.0,2151864,1.0,1,4,1,5.0,,0.0,0,1996.0,A01,138Â 298Â 395,1.0,8.0,-1.0,1643239,1.0,7,,9.0,0.0,1.0,A01,138Â 298Â 395,1.0
962777,201900004308,2,8,16:30,1,2,1,1.0,6.0,66136,WILSON (BOULEVARD THOMAS),M,"42,7016000","2,8947000",66,2019,50.0,1.0,1.0,4.0,2151865,10.0,3,4,1,2.0,,3.0,3,2003.0,A01,138Â 298Â 394,8.0,0.0,-1.0,1643240,1.0,31,,0.0,1.0,1.0,A01,138Â 298Â 394,1.0
962777,201900004308,2,8,16:30,1,2,1,1.0,6.0,66136,WILSON (BOULEVARD THOMAS),M,"42,7016000","2,8947000",66,2019,50.0,1.0,1.0,4.0,2151866,1.0,1,1,1,0.0,,0.0,0,1978.0,A01,138Â 298Â 394,2.0,8.0,-1.0,1643240,1.0,31,,0.0,1.0,1.0,A01,138Â 298Â 394,1.0
962778,201900004309,2,7,16:52,1,1,1,1.0,6.0,66136,R D 900,M,"42,7260176","2,8782081",66,2019,110.0,1.0,1.0,3.0,2151867,1.0,1,4,2,5.0,,0.0,0,2000.0,D01,138Â 298Â 390,1.0,0.0,-1.0,1643241,2.0,7,,14.0,1.0,9.0,D01,138Â 298Â 390,1.0
962778,201900004309,2,7,16:52,1,1,1,1.0,6.0,66136,R D 900,M,"42,7260176","2,8782081",66,2019,110.0,1.0,1.0,3.0,2151867,1.0,1,4,2,5.0,,0.0,0,2000.0,D01,138Â 298Â 390,1.0,0.0,-1.0,1643242,2.0,7,,0.0,2.0,1.0,B01,138Â 298Â 391,1.0
962778,201900004309,2,7,16:52,1,1,1,1.0,6.0,66136,R D 900,M,"42,7260176","2,8782081",66,2019,110.0,1.0,1.0,3.0,2151867,1.0,1,4,2,5.0,,0.0,0,2000.0,D01,138Â 298Â 390,1.0,0.0,-1.0,1643243,2.0,7,,0.0,2.0,4.0,C01,138Â 298Â 392,1.0
962778,201900004309,2,7,16:52,1,1,1,1.0,6.0,66136,R D 900,M,"42,7260176","2,8782081",66,2019,110.0,1.0,1.0,3.0,2151867,1.0,1,4,2,5.0,,0.0,0,2000.0,D01,138Â 298Â 390,1.0,0.0,-1.0,1643244,2.0,33,,14.0,0.0,9.0,A01,138Â 298Â 393,1.0
962778,201900004309,2,7,16:52,1,1,1,1.0,6.0,66136,R D 900,M,"42,7260176","2,8782081",66,2019,110.0,1.0,1.0,3.0,2151868,1.0,1,4,1,5.0,,0.0,0,1987.0,B01,138Â 298Â 391,1.0,0.0,-1.0,1643241,2.0,7,,14.0,1.0,9.0,D01,138Â 298Â 390,1.0
962778,201900004309,2,7,16:52,1,1,1,1.0,6.0,66136,R D 900,M,"42,7260176","2,8782081",66,2019,110.0,1.0,1.0,3.0,2151868,1.0,1,4,1,5.0,,0.0,0,1987.0,B01,138Â 298Â 391,1.0,0.0,-1.0,1643242,2.0,7,,0.0,2.0,1.0,B01,138Â 298Â 391,1.0
962778,201900004309,2,7,16:52,1,1,1,1.0,6.0,66136,R D 900,M,"42,7260176","2,8782081",66,2019,110.0,1.0,1.0,3.0,2151868,1.0,1,4,1,5.0,,0.0,0,1987.0,B01,138Â 298Â 391,1.0,0.0,-1.0,1643243,2.0,7,,0.0,2.0,4.0,C01,138Â 298Â 392,1.0
962778,201900004309,2,7,16:52,1,1,1,1.0,6.0,66136,R D 900,M,"42,7260176","2,8782081",66,2019,110.0,1.0,1.0,3.0,2151868,1.0,1,4,1,5.0,,0.0,0,1987.0,B01,138Â 298Â 391,1.0,0.0,-1.0,1643244,2.0,33,,14.0,0.0,9.0,A01,138Â 298Â 393,1.0
962778,201900004309,2,7,16:52,1,1,1,1.0,6.0,66136,R D 900,M,"42,7260176","2,8782081",66,2019,110.0,1.0,1.0,3.0,2151869,1.0,1,1,1,5.0,,0.0,0,1945.0,C01,138Â 298Â 392,1.0,0.0,-1.0,1643241,2.0,7,,14.0,1.0,9.0,D01,138Â 298Â 390,1.0
962778,201900004309,2,7,16:52,1,1,1,1.0,6.0,66136,R D 900,M,"42,7260176","2,8782081",66,2019,110.0,1.0,1.0,3.0,2151869,1.0,1,1,1,5.0,,0.0,0,1945.0,C01,138Â 298Â 392,1.0,0.0,-1.0,1643242,2.0,7,,0.0,2.0,1.0,B01,138Â 298Â 391,1.0
962778,201900004309,2,7,16:52,1,1,1,1.0,6.0,66136,R D 900,M,"42,7260176","2,8782081",66,2019,110.0,1.0,1.0,3.0,2151869,1.0,1,1,1,5.0,,0.0,0,1945.0,C01,138Â 298Â 392,1.0,0.0,-1.0,1643243,2.0,7,,0.0,2.0,4.0,C01,138Â 298Â 392,1.0
962778,201900004309,2,7,16:52,1,1,1,1.0,6.0,66136,R D 900,M,"42,7260176","2,8782081",66,2019,110.0,1.0,1.0,3.0,2151869,1.0,1,1,1,5.0,,0.0,0,1945.0,C01,138Â 298Â 392,1.0,0.0,-1.0,1643244,2.0,33,,14.0,0.0,9.0,A01,138Â 298Â 393,1.0
962778,201900004309,2,7,16:52,1,1,1,1.0,6.0,66136,R D 900,M,"42,7260176","2,8782081",66,2019,110.0,1.0,1.0,3.0,2151870,1.0,1,1,1,5.0,,0.0,0,1958.0,A01,138Â 298Â 393,2.0,8.0,-1.0,1643241,2.0,7,,14.0,1.0,9.0,D01,138Â 298Â 390,1.0
962778,201900004309,2,7,16:52,1,1,1,1.0,6.0,66136,R D 900,M,"42,7260176","2,8782081",66,2019,110.0,1.0,1.0,3.0,2151870,1.0,1,1,1,5.0,,0.0,0,1958.0,A01,138Â 298Â 393,2.0,8.0,-1.0,1643242,2.0,7,,0.0,2.0,1.0,B01,138Â 298Â 391,1.0
962778,201900004309,2,7,16:52,1,1,1,1.0,6.0,66136,R D 900,M,"42,7260176","2,8782081",66,2019,110.0,1.0,1.0,3.0,2151870,1.0,1,1,1,5.0,,0.0,0,1958.0,A01,138Â 298Â 393,2.0,8.0,-1.0,1643243,2.0,7,,0.0,2.0,4.0,C01,138Â 298Â 392,1.0
962778,201900004309,2,7,16:52,1,1,1,1.0,6.0,66136,R D 900,M,"42,7260176","2,8782081",66,2019,110.0,1.0,1.0,3.0,2151870,1.0,1,1,1,5.0,,0.0,0,1958.0,A01,138Â 298Â 393,2.0,8.0,-1.0,1643244,2.0,33,,14.0,0.0,9.0,A01,138Â 298Â 393,1.0
962779,201900004310,2,9,19:00,1,2,1,1.0,3.0,64024,JOUANETOTE (RUE DE),M,"43,4917600"," -1,5068700",64,2019,50.0,1.0,1.0,4.0,2151871,1.0,1,1,1,0.0,,0.0,0,1993.0,A01,138Â 298Â 388,1.0,0.0,-1.0,1643245,1.0,7,,0.0,2.0,0.0,A01,138Â 298Â 388,0.0
962779,201900004310,2,9,19:00,1,2,1,1.0,3.0,64024,JOUANETOTE (RUE DE),M,"43,4917600"," -1,5068700",64,2019,50.0,1.0,1.0,4.0,2151871,1.0,1,1,1,0.0,,0.0,0,1993.0,A01,138Â 298Â 388,1.0,0.0,-1.0,1643246,2.0,2,,0.0,2.0,1.0,B01,138Â 298Â 389,0.0
962779,201900004310,2,9,19:00,1,2,1,1.0,3.0,64024,JOUANETOTE (RUE DE),M,"43,4917600"," -1,5068700",64,2019,50.0,1.0,1.0,4.0,2151872,2.0,2,3,2,5.0,,0.0,0,2001.0,B01,138Â 298Â 389,2.0,6.0,-1.0,1643245,1.0,7,,0.0,2.0,0.0,A01,138Â 298Â 388,0.0
962779,201900004310,2,9,19:00,1,2,1,1.0,3.0,64024,JOUANETOTE (RUE DE),M,"43,4917600"," -1,5068700",64,2019,50.0,1.0,1.0,4.0,2151872,2.0,2,3,2,5.0,,0.0,0,2001.0,B01,138Â 298Â 389,2.0,6.0,-1.0,1643246,2.0,2,,0.0,2.0,1.0,B01,138Â 298Â 389,0.0
962779,201900004310,2,9,19:00,1,2,1,1.0,3.0,64024,JOUANETOTE (RUE DE),M,"43,4917600"," -1,5068700",64,2019,50.0,1.0,1.0,4.0,2151873,1.0,1,3,1,5.0,,0.0,0,2001.0,B01,138Â 298Â 389,2.0,6.0,-1.0,1643245,1.0,7,,0.0,2.0,0.0,A01,138Â 298Â 388,0.0
962779,201900004310,2,9,19:00,1,2,1,1.0,3.0,64024,JOUANETOTE (RUE DE),M,"43,4917600"," -1,5068700",64,2019,50.0,1.0,1.0,4.0,2151873,1.0,1,3,1,5.0,,0.0,0,2001.0,B01,138Â 298Â 389,2.0,6.0,-1.0,1643246,2.0,2,,0.0,2.0,1.0,B01,138Â 298Â 389,0.0
962780,201900004311,2,9,17:55,1,2,1,1.0,2.0,64445,JULES VERNE,M,"43,3068200"," -0,3590700",64,2019,50.0,1.0,1.0,4.0,2151874,1.0,1,1,1,5.0,,0.0,0,1969.0,A01,138Â 298Â 386,1.0,0.0,-1.0,1643247,2.0,7,,0.0,2.0,6.0,A01,138Â 298Â 386,1.0
962780,201900004311,2,9,17:55,1,2,1,1.0,2.0,64445,JULES VERNE,M,"43,3068200"," -0,3590700",64,2019,50.0,1.0,1.0,4.0,2151874,1.0,1,1,1,5.0,,0.0,0,1969.0,A01,138Â 298Â 386,1.0,0.0,-1.0,1643248,3.0,7,,0.0,2.0,6.0,B01,138Â 298Â 387,1.0
962780,201900004311,2,9,17:55,1,2,1,1.0,2.0,64445,JULES VERNE,M,"43,3068200"," -0,3590700",64,2019,50.0,1.0,1.0,4.0,2151875,1.0,1,4,2,5.0,,0.0,0,1967.0,B01,138Â 298Â 387,8.0,0.0,-1.0,1643247,2.0,7,,0.0,2.0,6.0,A01,138Â 298Â 386,1.0
962780,201900004311,2,9,17:55,1,2,1,1.0,2.0,64445,JULES VERNE,M,"43,3068200"," -0,3590700",64,2019,50.0,1.0,1.0,4.0,2151875,1.0,1,4,2,5.0,,0.0,0,1967.0,B01,138Â 298Â 387,8.0,0.0,-1.0,1643248,3.0,7,,0.0,2.0,6.0,B01,138Â 298Â 387,1.0
962781,201900004312,2,8,08:05,1,2,3,1.0,3.0,64445,PHILIPPON,M,"43,3233900"," -0,3602700",64,2019,50.0,1.0,1.0,4.0,2151876,1.0,1,4,1,2.0,,0.0,0,2002.0,B01,138Â 298Â 384,8.0,0.0,-1.0,1643249,2.0,1,,0.0,2.0,7.0,B01,138Â 298Â 384,5.0
962781,201900004312,2,8,08:05,1,2,3,1.0,3.0,64445,PHILIPPON,M,"43,3233900"," -0,3602700",64,2019,50.0,1.0,1.0,4.0,2151876,1.0,1,4,1,2.0,,0.0,0,2002.0,B01,138Â 298Â 384,8.0,0.0,-1.0,1643250,2.0,7,,0.0,2.0,1.0,A01,138Â 298Â 385,1.0
962781,201900004312,2,8,08:05,1,2,3,1.0,3.0,64445,PHILIPPON,M,"43,3233900"," -0,3602700",64,2019,50.0,1.0,1.0,4.0,2151877,1.0,1,1,1,9.0,,0.0,0,1969.0,A01,138Â 298Â 385,1.0,0.0,-1.0,1643249,2.0,1,,0.0,2.0,7.0,B01,138Â 298Â 384,5.0
962781,201900004312,2,8,08:05,1,2,3,1.0,3.0,64445,PHILIPPON,M,"43,3233900"," -0,3602700",64,2019,50.0,1.0,1.0,4.0,2151877,1.0,1,1,1,9.0,,0.0,0,1969.0,A01,138Â 298Â 385,1.0,0.0,-1.0,1643250,2.0,7,,0.0,2.0,1.0,A01,138Â 298Â 385,1.0
962782,201900004313,2,8,09:05,1,2,1,1.0,6.0,64140,SEMARD (PLACE PIERRE),M,"43,5238100"," -1,4906900",64,2019,50.0,1.0,1.0,4.0,2151878,1.0,1,1,2,1.0,,0.0,0,1989.0,A01,138Â 298Â 383,1.0,0.0,-1.0,1643251,1.0,7,,0.0,1.0,1.0,A01,138Â 298Â 383,1.0
962782,201900004313,2,8,09:05,1,2,1,1.0,6.0,64140,SEMARD (PLACE PIERRE),M,"43,5238100"," -1,4906900",64,2019,50.0,1.0,1.0,4.0,2151879,10.0,3,3,2,3.0,,3.0,3,1946.0,A01,138Â 298Â 383,8.0,0.0,-1.0,1643251,1.0,7,,0.0,1.0,1.0,A01,138Â 298Â 383,1.0
962783,201900004314,1,16,16:15,1,2,1,1.0,3.0,62587,CD 46,M,"50,4320500","2,9220300",62,2019,70.0,1.0,1.0,3.0,2151880,1.0,1,1,2,5.0,,0.0,0,1950.0,A01,138Â 298Â 380,1.0,8.0,-1.0,1643252,3.0,7,,6.0,2.0,1.0,A01,138Â 298Â 380,1.0
962783,201900004314,1,16,16:15,1,2,1,1.0,3.0,62587,CD 46,M,"50,4320500","2,9220300",62,2019,70.0,1.0,1.0,3.0,2151880,1.0,1,1,2,5.0,,0.0,0,1950.0,A01,138Â 298Â 380,1.0,8.0,-1.0,1643253,1.0,33,,6.0,2.0,0.0,B01,138Â 298Â 381,1.0
962783,201900004314,1,16,16:15,1,2,1,1.0,3.0,62587,CD 46,M,"50,4320500","2,9220300",62,2019,70.0,1.0,1.0,3.0,2151881,1.0,1,4,1,5.0,,0.0,0,1988.0,B01,138Â 298Â 381,2.0,6.0,-1.0,1643252,3.0,7,,6.0,2.0,1.0,A01,138Â 298Â 380,1.0
962783,201900004314,1,16,16:15,1,2,1,1.0,3.0,62587,CD 46,M,"50,4320500","2,9220300",62,2019,70.0,1.0,1.0,3.0,2151881,1.0,1,4,1,5.0,,0.0,0,1988.0,B01,138Â 298Â 381,2.0,6.0,-1.0,1643253,1.0,33,,6.0,2.0,0.0,B01,138Â 298Â 381,1.0
962784,201900004315,1,11,17:55,5,2,1,2.0,6.0,62427,ABBAYE (R DE L'),M,"50,4241090","2,9445530",62,2019,50.0,1.0,2.0,3.0,2151882,1.0,1,1,1,5.0,,0.0,0,1941.0,A01,138Â 298Â 379,1.0,8.0,-1.0,1643254,2.0,7,,0.0,1.0,3.0,A01,138Â 298Â 379,1.0
962784,201900004315,1,11,17:55,5,2,1,2.0,6.0,62427,ABBAYE (R DE L'),M,"50,4241090","2,9445530",62,2019,50.0,1.0,2.0,3.0,2151883,10.0,3,4,2,2.0,,4.0,3,2003.0,A01,138Â 298Â 379,8.0,0.0,-1.0,1643254,2.0,7,,0.0,1.0,3.0,A01,138Â 298Â 379,1.0
962784,201900004315,1,11,17:55,5,2,1,2.0,6.0,62427,ABBAYE (R DE L'),M,"50,4241090","2,9445530",62,2019,50.0,1.0,2.0,3.0,2151884,10.0,3,3,2,2.0,,4.0,3,2003.0,A01,138Â 298Â 379,8.0,0.0,-1.0,1643254,2.0,7,,0.0,1.0,3.0,A01,138Â 298Â 379,1.0
962785,201900004316,1,3,19:25,5,2,1,1.0,6.0,62215,EVRARD (R FLORENT ),M,"50,4857300","2,9466800",62,2019,50.0,1.0,1.0,4.0,2151885,10.0,3,3,2,5.0,,4.0,3,1935.0,A01,138Â 298Â 378,8.0,0.0,-1.0,1643255,1.0,7,,9.0,1.0,1.0,A01,138Â 298Â 378,1.0
962785,201900004316,1,3,19:25,5,2,1,1.0,6.0,62215,EVRARD (R FLORENT ),M,"50,4857300","2,9466800",62,2019,50.0,1.0,1.0,4.0,2151886,1.0,1,1,1,5.0,,-1.0, -1,1997.0,A01,138Â 298Â 378,1.0,8.0,-1.0,1643255,1.0,7,,9.0,1.0,1.0,A01,138Â 298Â 378,1.0
962786,201900004317,2,6,18:30,3,1,1,2.0,1.0,62893,MITTERRAND ( Ave. FranÃ§ois ),M,"50,7869700","1,6057000",62,2019,70.0,1.0,2.0,3.0,2151887,1.0,1,4,1,0.0,,-1.0,0,1964.0,B01,138Â 298Â 375,1.0,0.0,-1.0,1643256,2.0,10,,0.0,2.0,1.0,B01,138Â 298Â 375,0.0
962786,201900004317,2,6,18:30,3,1,1,2.0,1.0,62893,MITTERRAND ( Ave. FranÃ§ois ),M,"50,7869700","1,6057000",62,2019,70.0,1.0,2.0,3.0,2151887,1.0,1,4,1,0.0,,-1.0,0,1964.0,B01,138Â 298Â 375,1.0,0.0,-1.0,1643257,1.0,7,,0.0,2.0,1.0,A01,138Â 298Â 376,0.0
962786,201900004317,2,6,18:30,3,1,1,2.0,1.0,62893,MITTERRAND ( Ave. FranÃ§ois ),M,"50,7869700","1,6057000",62,2019,70.0,1.0,2.0,3.0,2151888,1.0,1,4,1,0.0,,-1.0,0,1950.0,A01,138Â 298Â 376,1.0,0.0,-1.0,1643256,2.0,10,,0.0,2.0,1.0,B01,138Â 298Â 375,0.0
962786,201900004317,2,6,18:30,3,1,1,2.0,1.0,62893,MITTERRAND ( Ave. FranÃ§ois ),M,"50,7869700","1,6057000",62,2019,70.0,1.0,2.0,3.0,2151888,1.0,1,4,1,0.0,,-1.0,0,1950.0,A01,138Â 298Â 376,1.0,0.0,-1.0,1643257,1.0,7,,0.0,2.0,1.0,A01,138Â 298Â 376,0.0
962787,201900004318,2,10,04:20,3,2,1,2.0,6.0,61006,PETITS FOSSES (RUE DES) NÂ° 11 A NÂ° 29,M,"48,7495850"," -0,0226710",61,2019,70.0,4.0,2.0,3.0,2151889,1.0,1,3,1,5.0,,0.0,0,1978.0,A01,138Â 298Â 374,8.0,0.0,-1.0,1643258,1.0,7,,6.0,0.0,2.0,A01,138Â 298Â 374,1.0
962788,201900004319,2,11,17:40,2,2,3,1.0,6.0,60159,WEYGAND (AV. DU GENERAL),M,"49,4067000","2,8073300",60,2019,50.0,1.0,1.0,4.0,2151890,1.0,1,1,1,5.0,,-1.0,0,1937.0,A01,138Â 298Â 373,1.0,8.0,-1.0,1643259,1.0,7,,0.0,1.0,8.0,A01,138Â 298Â 373,1.0
962788,201900004319,2,11,17:40,2,2,3,1.0,6.0,60159,WEYGAND (AV. DU GENERAL),M,"49,4067000","2,8073300",60,2019,50.0,1.0,1.0,4.0,2151891,10.0,3,3,1,5.0,,3.0,3,1941.0,A01,138Â 298Â 373,8.0,0.0,-1.0,1643259,1.0,7,,0.0,1.0,8.0,A01,138Â 298Â 373,1.0
962789,201900004320,2,7,18:10,5,2,1,2.0,6.0,60159,rue de Paris,M,"49,4046200","2,8107000",60,2019,50.0,1.0,2.0,4.0,2151892,10.0,3,4,2,3.0,,3.0,3,2010.0,A01,138Â 298Â 372,8.0,0.0,-1.0,1643260,1.0,7,,0.0,1.0,1.0,A01,138Â 298Â 372,1.0
962789,201900004320,2,7,18:10,5,2,1,2.0,6.0,60159,rue de Paris,M,"49,4046200","2,8107000",60,2019,50.0,1.0,2.0,4.0,2151893,1.0,1,1,2,5.0,,-1.0, -1,1974.0,A01,138Â 298Â 372,1.0,0.0,-1.0,1643260,1.0,7,,0.0,1.0,1.0,A01,138Â 298Â 372,1.0
962790,201900004321,2,10,17:20,1,2,1,2.0,3.0,59599,PIATS (RUE DES),M,"50,7237932","3,1723398",59,2019,50.0,1.0,2.0,7.0,2151894,1.0,1,1,2,5.0,,-1.0,0,1999.0,B01,138Â 298Â 366,1.0,0.0,-1.0,1643261,3.0,7,,0.0,2.0,2.0,B01,138Â 298Â 366,1.0
962790,201900004321,2,10,17:20,1,2,1,2.0,3.0,59599,PIATS (RUE DES),M,"50,7237932","3,1723398",59,2019,50.0,1.0,2.0,7.0,2151894,1.0,1,1,2,5.0,,-1.0,0,1999.0,B01,138Â 298Â 366,1.0,0.0,-1.0,1643262,3.0,32,,0.0,2.0,3.0,A01,138Â 298Â 367,1.0
962790,201900004321,2,10,17:20,1,2,1,2.0,3.0,59599,PIATS (RUE DES),M,"50,7237932","3,1723398",59,2019,50.0,1.0,2.0,7.0,2151895,1.0,1,3,1,5.0,,-1.0,0,1980.0,A01,138Â 298Â 367,2.0,6.0,-1.0,1643261,3.0,7,,0.0,2.0,2.0,B01,138Â 298Â 366,1.0
962790,201900004321,2,10,17:20,1,2,1,2.0,3.0,59599,PIATS (RUE DES),M,"50,7237932","3,1723398",59,2019,50.0,1.0,2.0,7.0,2151895,1.0,1,3,1,5.0,,-1.0,0,1980.0,A01,138Â 298Â 367,2.0,6.0,-1.0,1643262,3.0,32,,0.0,2.0,3.0,A01,138Â 298Â 367,1.0
962791,201900004322,2,9,16:50,1,2,3,2.0,1.0,59599,YSER (RUE DE L'),M,"50,7423770","3,1695050",59,2019,50.0,1.0,2.0,7.0,2151896,1.0,1,1,1,3.0,,0.0,0,1980.0,A01,138Â 298Â 364,1.0,0.0,-1.0,1643263,0.0,10,,0.0,6.0,1.0,A01,138Â 298Â 364,0.0