Unnamed: 0_x,num_acc,mois,jour,hrmn,lum,agg,int,atm,col,com,adr,gps,lat,long,dep,annee,vma,situ,surf,catr,Unnamed: 0_y,place,catu,grav,sexe,trajet,secu,locp,actp,an_nais,num_veh_x,id_vehicule_x,secu1,secu2,secu3,Unnamed: 0,senc,catv,occutc,obs,obsm,choc,num_veh_y,id_vehicule_y,motor
962791,201900004322,2,9,16:50,1,2,3,2.0,1.0,59599,YSER (RUE DE L'),M,"50,7423770","3,1695050",59,2019,50.0,1.0,2.0,7.0,2151896,1.0,1,1,1,3.0,,0.0,0,1980.0,A01,138Â 298Â 364,1.0,0.0,-1.0,1643264,0.0,33,,0.0,2.0,1.0,B01,138Â 298Â 365,1.0
962791,201900004322,2,9,16:50,1,2,3,2.0,1.0,59599,YSER (RUE DE L'),M,"50,7423770","3,1695050",59,2019,50.0,1.0,2.0,7.0,2151897,1.0,1,3,1,3.0,,-1.0, -1,1988.0,B01,138Â 298Â 365,2.0,6.0,-1.0,1643263,0.0,10,,0.0,6.0,1.0,A01,138Â 298Â 364,0.0
962791,201900004322,2,9,16:50,1,2,3,2.0,1.0,59599,YSER (RUE DE L'),M,"50,7423770","3,1695050",59,2019,50.0,1.0,2.0,7.0,2151897,1.0,1,3,1,3.0,,-1.0, -1,1988.0,B01,138Â 298Â 365,2.0,6.0,-1.0,1643264,0.0,33,,0.0,2.0,1.0,B01,138Â 298Â 365,1.0
962792,201900004323,2,8,22:45,5,2,3,2.0,4.0,59090,GAULLE (AVENUE DU GENERAL DE),M,"50,6900655","3,0868980",59,2019,50.0,1.0,2.0,3.0,2151898,2.0,2,1,1,5.0,,-1.0,0,1991.0,A01,138Â 298Â 361,1.0,8.0,-1.0,1643265,2.0,7,,0.0,2.0,3.0,A01,138Â 298Â 361,1.0
962792,201900004323,2,8,22:45,5,2,3,2.0,4.0,59090,GAULLE (AVENUE DU GENERAL DE),M,"50,6900655","3,0868980",59,2019,50.0,1.0,2.0,3.0,2151898,2.0,2,1,1,5.0,,-1.0,0,1991.0,A01,138Â 298Â 361,1.0,8.0,-1.0,1643266,1.0,7,,0.0,2.0,3.0,C01,138Â 298Â 362,1.0
962792,201900004323,2,8,22:45,5,2,3,2.0,4.0,59090,GAULLE (AVENUE DU GENERAL DE),M,"50,6900655","3,0868980",59,2019,50.0,1.0,2.0,3.0,2151898,2.0,2,1,1,5.0,,-1.0,0,1991.0,A01,138Â 298Â 361,1.0,8.0,-1.0,1643267,2.0,7,,0.0,2.0,9.0,B01,138Â 298Â 363,1.0
962792,201900004323,2,8,22:45,5,2,3,2.0,4.0,59090,GAULLE (AVENUE DU GENERAL DE),M,"50,6900655","3,0868980",59,2019,50.0,1.0,2.0,3.0,2151899,1.0,1,1,2,5.0,,-1.0,0,1991.0,A01,138Â 298Â 361,1.0,8.0,-1.0,1643265,2.0,7,,0.0,2.0,3.0,A01,138Â 298Â 361,1.0
962792,201900004323,2,8,22:45,5,2,3,2.0,4.0,59090,GAULLE (AVENUE DU GENERAL DE),M,"50,6900655","3,0868980",59,2019,50.0,1.0,2.0,3.0,2151899,1.0,1,1,2,5.0,,-1.0,0,1991.0,A01,138Â 298Â 361,1.0,8.0,-1.0,1643266,1.0,7,,0.0,2.0,3.0,C01,138Â 298Â 362,1.0
962792,201900004323,2,8,22:45,5,2,3,2.0,4.0,59090,GAULLE (AVENUE DU GENERAL DE),M,"50,6900655","3,0868980",59,2019,50.0,1.0,2.0,3.0,2151899,1.0,1,1,2,5.0,,-1.0,0,1991.0,A01,138Â 298Â 361,1.0,8.0,-1.0,1643267,2.0,7,,0.0,2.0,9.0,B01,138Â 298Â 363,1.0
962792,201900004323,2,8,22:45,5,2,3,2.0,4.0,59090,GAULLE (AVENUE DU GENERAL DE),M,"50,6900655","3,0868980",59,2019,50.0,1.0,2.0,3.0,2151900,4.0,2,1,1,5.0,,-1.0,0,2004.0,C01,138Â 298Â 362,1.0,0.0,-1.0,1643265,2.0,7,,0.0,2.0,3.0,A01,138Â 298Â 361,1.0
962792,201900004323,2,8,22:45,5,2,3,2.0,4.0,59090,GAULLE (AVENUE DU GENERAL DE),M,"50,6900655","3,0868980",59,2019,50.0,1.0,2.0,3.0,2151900,4.0,2,1,1,5.0,,-1.0,0,2004.0,C01,138Â 298Â 362,1.0,0.0,-1.0,1643266,1.0,7,,0.0,2.0,3.0,C01,138Â 298Â 362,1.0
962792,201900004323,2,8,22:45,5,2,3,2.0,4.0,59090,GAULLE (AVENUE DU GENERAL DE),M,"50,6900655","3,0868980",59,2019,50.0,1.0,2.0,3.0,2151900,4.0,2,1,1,5.0,,-1.0,0,2004.0,C01,138Â 298Â 362,1.0,0.0,-1.0,1643267,2.0,7,,0.0,2.0,9.0,B01,138Â 298Â 363,1.0
962792,201900004323,2,8,22:45,5,2,3,2.0,4.0,59090,GAULLE (AVENUE DU GENERAL DE),M,"50,6900655","3,0868980",59,2019,50.0,1.0,2.0,3.0,2151901,3.0,2,1,1,5.0,,-1.0,0,2007.0,C01,138Â 298Â 362,1.0,0.0,-1.0,1643265,2.0,7,,0.0,2.0,3.0,A01,138Â 298Â 361,1.0
962792,201900004323,2,8,22:45,5,2,3,2.0,4.0,59090,GAULLE (AVENUE DU GENERAL DE),M,"50,6900655","3,0868980",59,2019,50.0,1.0,2.0,3.0,2151901,3.0,2,1,1,5.0,,-1.0,0,2007.0,C01,138Â 298Â 362,1.0,0.0,-1.0,1643266,1.0,7,,0.0,2.0,3.0,C01,138Â 298Â 362,1.0
962792,201900004323,2,8,22:45,5,2,3,2.0,4.0,59090,GAULLE (AVENUE DU GENERAL DE),M,"50,6900655","3,0868980",59,2019,50.0,1.0,2.0,3.0,2151901,3.0,2,1,1,5.0,,-1.0,0,2007.0,C01,138Â 298Â 362,1.0,0.0,-1.0,1643267,2.0,7,,0.0,2.0,9.0,B01,138Â 298Â 363,1.0
962792,201900004323,2,8,22:45,5,2,3,2.0,4.0,59090,GAULLE (AVENUE DU GENERAL DE),M,"50,6900655","3,0868980",59,2019,50.0,1.0,2.0,3.0,2151902,2.0,2,3,1,5.0,,-1.0,0,1975.0,C01,138Â 298Â 362,1.0,8.0,-1.0,1643265,2.0,7,,0.0,2.0,3.0,A01,138Â 298Â 361,1.0
962792,201900004323,2,8,22:45,5,2,3,2.0,4.0,59090,GAULLE (AVENUE DU GENERAL DE),M,"50,6900655","3,0868980",59,2019,50.0,1.0,2.0,3.0,2151902,2.0,2,3,1,5.0,,-1.0,0,1975.0,C01,138Â 298Â 362,1.0,8.0,-1.0,1643266,1.0,7,,0.0,2.0,3.0,C01,138Â 298Â 362,1.0
962792,201900004323,2,8,22:45,5,2,3,2.0,4.0,59090,GAULLE (AVENUE DU GENERAL DE),M,"50,6900655","3,0868980",59,2019,50.0,1.0,2.0,3.0,2151902,2.0,2,3,1,5.0,,-1.0,0,1975.0,C01,138Â 298Â 362,1.0,8.0,-1.0,1643267,2.0,7,,0.0,2.0,9.0,B01,138Â 298Â 363,1.0
962792,201900004323,2,8,22:45,5,2,3,2.0,4.0,59090,GAULLE (AVENUE DU GENERAL DE),M,"50,6900655","3,0868980",59,2019,50.0,1.0,2.0,3.0,2151903,1.0,1,1,1,5.0,,-1.0,0,1971.0,C01,138Â 298Â 362,1.0,0.0,-1.0,1643265,2.0,7,,0.0,2.0,3.0,A01,138Â 298Â 361,1.0
962792,201900004323,2,8,22:45,5,2,3,2.0,4.0,59090,GAULLE (AVENUE DU GENERAL DE),M,"50,6900655","3,0868980",59,2019,50.0,1.0,2.0,3.0,2151903,1.0,1,1,1,5.0,,-1.0,0,1971.0,C01,138Â 298Â 362,1.0,0.0,-1.0,1643266,1.0,7,,0.0,2.0,3.0,C01,138Â 298Â 362,1.0
962792,201900004323,2,8,22:45,5,2,3,2.0,4.0,59090,GAULLE (AVENUE DU GENERAL DE),M,"50,6900655","3,0868980",59,2019,50.0,1.0,2.0,3.0,2151903,1.0,1,1,1,5.0,,-1.0,0,1971.0,C01,138Â 298Â 362,1.0,0.0,-1.0,1643267,2.0,7,,0.0,2.0,9.0,B01,138Â 298Â 363,1.0
962792,201900004323,2,8,22:45,5,2,3,2.0,4.0,59090,GAULLE (AVENUE DU GENERAL DE),M,"50,6900655","3,0868980",59,2019,50.0,1.0,2.0,3.0,2151904,1.0,1,4,1,5.0,,-1.0,0,1961.0,B01,138Â 298Â 363,1.0,8.0,-1.0,1643265,2.0,7,,0.0,2.0,3.0,A01,138Â 298Â 361,1.0
962792,201900004323,2,8,22:45,5,2,3,2.0,4.0,59090,GAULLE (AVENUE DU GENERAL DE),M,"50,6900655","3,0868980",59,2019,50.0,1.0,2.0,3.0,2151904,1.0,1,4,1,5.0,,-1.0,0,1961.0,B01,138Â 298Â 363,1.0,8.0,-1.0,1643266,1.0,7,,0.0,2.0,3.0,C01,138Â 298Â 362,1.0
962792,201900004323,2,8,22:45,5,2,3,2.0,4.0,59090,GAULLE (AVENUE DU GENERAL DE),M,"50,6900655","3,0868980",59,2019,50.0,1.0,2.0,3.0,2151904,1.0,1,4,1,5.0,,-1.0,0,1961.0,B01,138Â 298Â 363,1.0,8.0,-1.0,1643267,2.0,7,,0.0,2.0,9.0,B01,138Â 298Â 363,1.0
962792,201900004323,2,8,22:45,5,2,3,2.0,4.0,59090,GAULLE (AVENUE DU GENERAL DE),M,"50,6900655","3,0868980",59,2019,50.0,1.0,2.0,3.0,2151905,2.0,2,3,2,5.0,,-1.0,0,1963.0,B01,138Â 298Â 363,1.0,8.0,-1.0,1643265,2.0,7,,0.0,2.0,3.0,A01,138Â 298Â 361,1.0
962792,201900004323,2,8,22:45,5,2,3,2.0,4.0,59090,GAULLE (AVENUE DU GENERAL DE),M,"50,6900655","3,0868980",59,2019,50.0,1.0,2.0,3.0,2151905,2.0,2,3,2,5.0,,-1.0,0,1963.0,B01,138Â 298Â 363,1.0,8.0,-1.0,1643266,1.0,7,,0.0,2.0,3.0,C01,138Â 298Â 362,1.0
962792,201900004323,2,8,22:45,5,2,3,2.0,4.0,59090,GAULLE (AVENUE DU GENERAL DE),M,"50,6900655","3,0868980",59,2019,50.0,1.0,2.0,3.0,2151905,2.0,2,3,2,5.0,,-1.0,0,1963.0,B01,138Â 298Â 363,1.0,8.0,-1.0,1643267,2.0,7,,0.0,2.0,9.0,B01,138Â 298Â 363,1.0
962793,201900004324,2,7,15:30,1,2,1,8.0,2.0,59599,DOUMER (RUE PAUL),M,"50,7236500","3,1619500",59,2019,50.0,1.0,1.0,4.0,2151906,1.0,1,4,1,5.0,,-1.0,0,1969.0,B01,138Â 298Â 359,2.0,8.0,-1.0,1643268,2.0,2,,0.0,2.0,7.0,B01,138Â 298Â 359,1.0
962793,201900004324,2,7,15:30,1,2,1,8.0,2.0,59599,DOUMER (RUE PAUL),M,"50,7236500","3,1619500",59,2019,50.0,1.0,1.0,4.0,2151906,1.0,1,4,1,5.0,,-1.0,0,1969.0,B01,138Â 298Â 359,2.0,8.0,-1.0,1643269,3.0,7,,1.0,0.0,4.0,A01,138Â 298Â 360,1.0
962793,201900004324,2,7,15:30,1,2,1,8.0,2.0,59599,DOUMER (RUE PAUL),M,"50,7236500","3,1619500",59,2019,50.0,1.0,1.0,4.0,2151907,1.0,1,1,1,5.0,,-1.0,0,1969.0,A01,138Â 298Â 360,1.0,8.0,-1.0,1643268,2.0,2,,0.0,2.0,7.0,B01,138Â 298Â 359,1.0
962793,201900004324,2,7,15:30,1,2,1,8.0,2.0,59599,DOUMER (RUE PAUL),M,"50,7236500","3,1619500",59,2019,50.0,1.0,1.0,4.0,2151907,1.0,1,1,1,5.0,,-1.0,0,1969.0,A01,138Â 298Â 360,1.0,8.0,-1.0,1643269,3.0,7,,1.0,0.0,4.0,A01,138Â 298Â 360,1.0
962794,201900004325,2,6,12:25,1,2,1,1.0,6.0,59392,CROIX (RUE DE LA),M,"50,2767580","3,9747700",59,2019,50.0,1.0,1.0,4.0,2151908,10.0,3,3,1,0.0,,3.0,3,1963.0,A01,138Â 298Â 358,0.0,0.0,0.0,1643270,2.0,7,,0.0,1.0,7.0,A01,138Â 298Â 358,1.0
962794,201900004325,2,6,12:25,1,2,1,1.0,6.0,59392,CROIX (RUE DE LA),M,"50,2767580","3,9747700",59,2019,50.0,1.0,1.0,4.0,2151909,1.0,1,1,1,3.0,,-1.0, -1,1966.0,A01,138Â 298Â 358,8.0,0.0,-1.0,1643270,2.0,7,,0.0,1.0,7.0,A01,138Â 298Â 358,1.0
962795,201900004326,2,10,12:45,1,2,1,2.0,6.0,59350,MONTEBELLO BOULEVARD NÂ°2/74B,M,"50,6254800","3,0413700",59,2019,50.0,1.0,2.0,4.0,2151910,10.0,3,3,2,9.0,,3.0,3,1997.0,A01,138Â 298Â 357,8.0,0.0,-1.0,1643271,2.0,7,,0.0,1.0,2.0,A01,138Â 298Â 357,1.0
962795,201900004326,2,10,12:45,1,2,1,2.0,6.0,59350,MONTEBELLO BOULEVARD NÂ°2/74B,M,"50,6254800","3,0413700",59,2019,50.0,1.0,2.0,4.0,2151911,1.0,1,1,1,0.0,,-1.0,0,1984.0,A01,138Â 298Â 357,1.0,0.0,-1.0,1643271,2.0,7,,0.0,1.0,2.0,A01,138Â 298Â 357,1.0
962796,201900004327,2,10,00:55,5,2,1,2.0,6.0,59350,LAMBRET OSCAR AVENUE,M,"50,6143900","3,0359200",59,2019,50.0,1.0,2.0,4.0,2151912,3.0,2,4,1,0.0,,-1.0,0,2003.0,A01,138Â 298Â 355,1.0,0.0,-1.0,1643272,3.0,7,,6.0,0.0,3.0,A01,138Â 298Â 355,1.0
962796,201900004327,2,10,00:55,5,2,1,2.0,6.0,59350,LAMBRET OSCAR AVENUE,M,"50,6143900","3,0359200",59,2019,50.0,1.0,2.0,4.0,2151913,5.0,2,4,2,0.0,,-1.0,0,2000.0,A01,138Â 298Â 355,1.0,0.0,-1.0,1643272,3.0,7,,6.0,0.0,3.0,A01,138Â 298Â 355,1.0
962796,201900004327,2,10,00:55,5,2,1,2.0,6.0,59350,LAMBRET OSCAR AVENUE,M,"50,6143900","3,0359200",59,2019,50.0,1.0,2.0,4.0,2151914,2.0,2,3,2,0.0,,-1.0,0,2000.0,A01,138Â 298Â 355,1.0,0.0,-1.0,1643272,3.0,7,,6.0,0.0,3.0,A01,138Â 298Â 355,1.0
962796,201900004327,2,10,00:55,5,2,1,2.0,6.0,59350,LAMBRET OSCAR AVENUE,M,"50,6143900","3,0359200",59,2019,50.0,1.0,2.0,4.0,2151915,1.0,1,4,2,5.0,,-1.0,0,2000.0,A01,138Â 298Â 355,1.0,0.0,-1.0,1643272,3.0,7,,6.0,0.0,3.0,A01,138Â 298Â 355,1.0
962797,201900004328,2,6,18:30,3,1,1,1.0,4.0,59569,D25,M,"50,3446300","3,1096400",59,2019,80.0,1.0,2.0,3.0,2151916,2.0,2,3,2,0.0,,-1.0,0,1997.0,A01,138Â 298Â 351,1.0,8.0,-1.0,1643273,1.0,7,,0.0,2.0,1.0,A01,138Â 298Â 351,1.0
962797,201900004328,2,6,18:30,3,1,1,1.0,4.0,59569,D25,M,"50,3446300","3,1096400",59,2019,80.0,1.0,2.0,3.0,2151916,2.0,2,3,2,0.0,,-1.0,0,1997.0,A01,138Â 298Â 351,1.0,8.0,-1.0,1643274,1.0,7,,0.0,2.0,1.0,C01,138Â 298Â 352,1.0
962797,201900004328,2,6,18:30,3,1,1,1.0,4.0,59569,D25,M,"50,3446300","3,1096400",59,2019,80.0,1.0,2.0,3.0,2151916,2.0,2,3,2,0.0,,-1.0,0,1997.0,A01,138Â 298Â 351,1.0,8.0,-1.0,1643275,1.0,7,,0.0,2.0,4.0,D01,138Â 298Â 353,1.0
962797,201900004328,2,6,18:30,3,1,1,1.0,4.0,59569,D25,M,"50,3446300","3,1096400",59,2019,80.0,1.0,2.0,3.0,2151916,2.0,2,3,2,0.0,,-1.0,0,1997.0,A01,138Â 298Â 351,1.0,8.0,-1.0,1643276,1.0,7,,0.0,2.0,1.0,B01,138Â 298Â 354,1.0
962797,201900004328,2,6,18:30,3,1,1,1.0,4.0,59569,D25,M,"50,3446300","3,1096400",59,2019,80.0,1.0,2.0,3.0,2151917,1.0,1,1,2,0.0,,-1.0,0,1989.0,A01,138Â 298Â 351,1.0,8.0,-1.0,1643273,1.0,7,,0.0,2.0,1.0,A01,138Â 298Â 351,1.0
962797,201900004328,2,6,18:30,3,1,1,1.0,4.0,59569,D25,M,"50,3446300","3,1096400",59,2019,80.0,1.0,2.0,3.0,2151917,1.0,1,1,2,0.0,,-1.0,0,1989.0,A01,138Â 298Â 351,1.0,8.0,-1.0,1643274,1.0,7,,0.0,2.0,1.0,C01,138Â 298Â 352,1.0
962797,201900004328,2,6,18:30,3,1,1,1.0,4.0,59569,D25,M,"50,3446300","3,1096400",59,2019,80.0,1.0,2.0,3.0,2151917,1.0,1,1,2,0.0,,-1.0,0,1989.0,A01,138Â 298Â 351,1.0,8.0,-1.0,1643275,1.0,7,,0.0,2.0,4.0,D01,138Â 298Â 353,1.0
962797,201900004328,2,6,18:30,3,1,1,1.0,4.0,59569,D25,M,"50,3446300","3,1096400",59,2019,80.0,1.0,2.0,3.0,2151917,1.0,1,1,2,0.0,,-1.0,0,1989.0,A01,138Â 298Â 351,1.0,8.0,-1.0,1643276,1.0,7,,0.0,2.0,1.0,B01,138Â 298Â 354,1.0
962797,201900004328,2,6,18:30,3,1,1,1.0,4.0,59569,D25,M,"50,3446300","3,1096400",59,2019,80.0,1.0,2.0,3.0,2151918,1.0,1,1,1,0.0,,-1.0,0,1973.0,C01,138Â 298Â 352,1.0,8.0,-1.0,1643273,1.0,7,,0.0,2.0,1.0,A01,138Â 298Â 351,1.0
962797,201900004328,2,6,18:30,3,1,1,1.0,4.0,59569,D25,M,"50,3446300","3,1096400",59,2019,80.0,1.0,2.0,3.0,2151918,1.0,1,1,1,0.0,,-1.0,0,1973.0,C01,138Â 298Â 352,1.0,8.0,-1.0,1643274,1.0,7,,0.0,2.0,1.0,C01,138Â 298Â 352,1.0
962797,201900004328,2,6,18:30,3,1,1,1.0,4.0,59569,D25,M,"50,3446300","3,1096400",59,2019,80.0,1.0,2.0,3.0,2151918,1.0,1,1,1,0.0,,-1.0,0,1973.0,C01,138Â 298Â 352,1.0,8.0,-1.0,1643275,1.0,7,,0.0,2.0,4.0,D01,138Â 298Â 353,1.0
962797,201900004328,2,6,18:30,3,1,1,1.0,4.0,59569,D25,M,"50,3446300","3,1096400",59,2019,80.0,1.0,2.0,3.0,2151918,1.0,1,1,1,0.0,,-1.0,0,1973.0,C01,138Â 298Â 352,1.0,8.0,-1.0,1643276,1.0,7,,0.0,2.0,1.0,B01,138Â 298Â 354,1.0
962797,201900004328,2,6,18:30,3,1,1,1.0,4.0,59569,D25,M,"50,3446300","3,1096400",59,2019,80.0,1.0,2.0,3.0,2151919,2.0,2,1,2,0.0,,-1.0,0,2000.0,C01,138Â 298Â 352,1.0,8.0,-1.0,1643273,1.0,7,,0.0,2.0,1.0,A01,138Â 298Â 351,1.0
962797,201900004328,2,6,18:30,3,1,1,1.0,4.0,59569,D25,M,"50,3446300","3,1096400",59,2019,80.0,1.0,2.0,3.0,2151919,2.0,2,1,2,0.0,,-1.0,0,2000.0,C01,138Â 298Â 352,1.0,8.0,-1.0,1643274,1.0,7,,0.0,2.0,1.0,C01,138Â 298Â 352,1.0
962797,201900004328,2,6,18:30,3,1,1,1.0,4.0,59569,D25,M,"50,3446300","3,1096400",59,2019,80.0,1.0,2.0,3.0,2151919,2.0,2,1,2,0.0,,-1.0,0,2000.0,C01,138Â 298Â 352,1.0,8.0,-1.0,1643275,1.0,7,,0.0,2.0,4.0,D01,138Â 298Â 353,1.0
962797,201900004328,2,6,18:30,3,1,1,1.0,4.0,59569,D25,M,"50,3446300","3,1096400",59,2019,80.0,1.0,2.0,3.0,2151919,2.0,2,1,2,0.0,,-1.0,0,2000.0,C01,138Â 298Â 352,1.0,8.0,-1.0,1643276,1.0,7,,0.0,2.0,1.0,B01,138Â 298Â 354,1.0
962797,201900004328,2,6,18:30,3,1,1,1.0,4.0,59569,D25,M,"50,3446300","3,1096400",59,2019,80.0,1.0,2.0,3.0,2151920,4.0,2,1,2,0.0,,-1.0,0,2001.0,D01,138Â 298Â 353,1.0,8.0,-1.0,1643273,1.0,7,,0.0,2.0,1.0,A01,138Â 298Â 351,1.0
962797,201900004328,2,6,18:30,3,1,1,1.0,4.0,59569,D25,M,"50,3446300","3,1096400",59,2019,80.0,1.0,2.0,3.0,2151920,4.0,2,1,2,0.0,,-1.0,0,2001.0,D01,138Â 298Â 353,1.0,8.0,-1.0,1643274,1.0,7,,0.0,2.0,1.0,C01,138Â 298Â 352,1.0
962797,201900004328,2,6,18:30,3,1,1,1.0,4.0,59569,D25,M,"50,3446300","3,1096400",59,2019,80.0,1.0,2.0,3.0,2151920,4.0,2,1,2,0.0,,-1.0,0,2001.0,D01,138Â 298Â 353,1.0,8.0,-1.0,1643275,1.0,7,,0.0,2.0,4.0,D01,138Â 298Â 353,1.0
962797,201900004328,2,6,18:30,3,1,1,1.0,4.0,59569,D25,M,"50,3446300","3,1096400",59,2019,80.0,1.0,2.0,3.0,2151920,4.0,2,1,2,0.0,,-1.0,0,2001.0,D01,138Â 298Â 353,1.0,8.0,-1.0,1643276,1.0,7,,0.0,2.0,1.0,B01,138Â 298Â 354,1.0
962797,201900004328,2,6,18:30,3,1,1,1.0,4.0,59569,D25,M,"50,3446300","3,1096400",59,2019,80.0,1.0,2.0,3.0,2151921,1.0,1,1,2,0.0,,-1.0,0,1980.0,D01,138Â 298Â 353,1.0,8.0,-1.0,1643273,1.0,7,,0.0,2.0,1.0,A01,138Â 298Â 351,1.0
962797,201900004328,2,6,18:30,3,1,1,1.0,4.0,59569,D25,M,"50,3446300","3,1096400",59,2019,80.0,1.0,2.0,3.0,2151921,1.0,1,1,2,0.0,,-1.0,0,1980.0,D01,138Â 298Â 353,1.0,8.0,-1.0,1643274,1.0,7,,0.0,2.0,1.0,C01,138Â 298Â 352,1.0
962797,201900004328,2,6,18:30,3,1,1,1.0,4.0,59569,D25,M,"50,3446300","3,1096400",59,2019,80.0,1.0,2.0,3.0,2151921,1.0,1,1,2,0.0,,-1.0,0,1980.0,D01,138Â 298Â 353,1.0,8.0,-1.0,1643275,1.0,7,,0.0,2.0,4.0,D01,138Â 298Â 353,1.0
962797,201900004328,2,6,18:30,3,1,1,1.0,4.0,59569,D25,M,"50,3446300","3,1096400",59,2019,80.0,1.0,2.0,3.0,2151921,1.0,1,1,2,0.0,,-1.0,0,1980.0,D01,138Â 298Â 353,1.0,8.0,-1.0,1643276,1.0,7,,0.0,2.0,1.0,B01,138Â 298Â 354,1.0
962797,201900004328,2,6,18:30,3,1,1,1.0,4.0,59569,D25,M,"50,3446300","3,1096400",59,2019,80.0,1.0,2.0,3.0,2151922,3.0,2,1,1,0.0,,-1.0,0,2006.0,D01,138Â 298Â 353,1.0,8.0,-1.0,1643273,1.0,7,,0.0,2.0,1.0,A01,138Â 298Â 351,1.0
962797,201900004328,2,6,18:30,3,1,1,1.0,4.0,59569,D25,M,"50,3446300","3,1096400",59,2019,80.0,1.0,2.0,3.0,2151922,3.0,2,1,1,0.0,,-1.0,0,2006.0,D01,138Â 298Â 353,1.0,8.0,-1.0,1643274,1.0,7,,0.0,2.0,1.0,C01,138Â 298Â 352,1.0
962797,201900004328,2,6,18:30,3,1,1,1.0,4.0,59569,D25,M,"50,3446300","3,1096400",59,2019,80.0,1.0,2.0,3.0,2151922,3.0,2,1,1,0.0,,-1.0,0,2006.0,D01,138Â 298Â 353,1.0,8.0,-1.0,1643275,1.0,7,,0.0,2.0,4.0,D01,138Â 298Â 353,1.0
962797,201900004328,2,6,18:30,3,1,1,1.0,4.0,59569,D25,M,"50,3446300","3,1096400",59,2019,80.0,1.0,2.0,3.0,2151922,3.0,2,1,1,0.0,,-1.0,0,2006.0,D01,138Â 298Â 353,1.0,8.0,-1.0,1643276,1.0,7,,0.0,2.0,1.0,B01,138Â 298Â 354,1.0
962797,201900004328,2,6,18:30,3,1,1,1.0,4.0,59569,D25,M,"50,3446300","3,1096400",59,2019,80.0,1.0,2.0,3.0,2151923,1.0,1,1,1,0.0,,-1.0,0,1996.0,B01,138Â 298Â 354,1.0,8.0,-1.0,1643273,1.0,7,,0.0,2.0,1.0,A01,138Â 298Â 351,1.0
962797,201900004328,2,6,18:30,3,1,1,1.0,4.0,59569,D25,M,"50,3446300","3,1096400",59,2019,80.0,1.0,2.0,3.0,2151923,1.0,1,1,1,0.0,,-1.0,0,1996.0,B01,138Â 298Â 354,1.0,8.0,-1.0,1643274,1.0,7,,0.0,2.0,1.0,C01,138Â 298Â 352,1.0
962797,201900004328,2,6,18:30,3,1,1,1.0,4.0,59569,D25,M,"50,3446300","3,1096400",59,2019,80.0,1.0,2.0,3.0,2151923,1.0,1,1,1,0.0,,-1.0,0,1996.0,B01,138Â 298Â 354,1.0,8.0,-1.0,1643275,1.0,7,,0.0,2.0,4.0,D01,138Â 298Â 353,1.0
962797,201900004328,2,6,18:30,3,1,1,1.0,4.0,59569,D25,M,"50,3446300","3,1096400",59,2019,80.0,1.0,2.0,3.0,2151923,1.0,1,1,1,0.0,,-1.0,0,1996.0,B01,138Â 298Â 354,1.0,8.0,-1.0,1643276,1.0,7,,0.0,2.0,1.0,B01,138Â 298Â 354,1.0
962798,201900004329,2,5,10:50,1,2,1,1.0,6.0,59569,FAIDHERBE (RUE),M,"50,3636700","3,1135300",59,2019,50.0,1.0,2.0,4.0,2151924,10.0,3,4,1,3.0,,3.0,3,1931.0,A01,138Â 298Â 350,8.0,0.0,-1.0,1643277,3.0,10,,0.0,1.0,2.0,A01,138Â 298Â 350,1.0
962798,201900004329,2,5,10:50,1,2,1,1.0,6.0,59569,FAIDHERBE (RUE),M,"50,3636700","3,1135300",59,2019,50.0,1.0,2.0,4.0,2151925,1.0,1,1,1,4.0,,0.0,0,1964.0,A01,138Â 298Â 350,1.0,0.0,-1.0,1643277,3.0,10,,0.0,1.0,2.0,A01,138Â 298Â 350,1.0
962799,201900004330,2,5,08:15,2,2,1,1.0,6.0,59569,8 MAI  1945 (RUE DU),M,"50,3668300","3,1048900",59,2019,50.0,2.0,2.0,6.0,2151926,10.0,3,3,2,2.0,,2.0,3,1990.0,A01,138Â 298Â 349,8.0,0.0,-1.0,1643278,2.0,7,,0.0,1.0,8.0,A01,138Â 298Â 349,1.0
962799,201900004330,2,5,08:15,2,2,1,1.0,6.0,59569,8 MAI  1945 (RUE DU),M,"50,3668300","3,1048900",59,2019,50.0,2.0,2.0,6.0,2151927,10.0,3,1,1,2.0,,2.0,3,2014.0,A01,138Â 298Â 349,8.0,0.0,-1.0,1643278,2.0,7,,0.0,1.0,8.0,A01,138Â 298Â 349,1.0
962799,201900004330,2,5,08:15,2,2,1,1.0,6.0,59569,8 MAI  1945 (RUE DU),M,"50,3668300","3,1048900",59,2019,50.0,2.0,2.0,6.0,2151928,10.0,3,1,1,2.0,,2.0,3,2017.0,A01,138Â 298Â 349,8.0,0.0,-1.0,1643278,2.0,7,,0.0,1.0,8.0,A01,138Â 298Â 349,1.0
962799,201900004330,2,5,08:15,2,2,1,1.0,6.0,59569,8 MAI  1945 (RUE DU),M,"50,3668300","3,1048900",59,2019,50.0,2.0,2.0,6.0,2151929,1.0,1,1,1,2.0,,-1.0,0,1973.0,A01,138Â 298Â 349,1.0,8.0,-1.0,1643278,2.0,7,,0.0,1.0,8.0,A01,138Â 298Â 349,1.0
962800,201900004331,2,4,18:00,5,2,6,1.0,2.0,57463,SOLIDARITE (BOULEVARD DE LA ),M,"49,1081030","6,2436837",57,2019,50.0,1.0,1.0,4.0,2151930,1.0,1,4,2,1.0,,0.0,0,1974.0,B01,138Â 298Â 347,1.0,8.0,-1.0,1643279,3.0,7,,0.0,2.0,7.0,B01,138Â 298Â 347,6.0