Unnamed: 0_x,num_acc,mois,jour,hrmn,lum,agg,int,atm,col,com,adr,gps,lat,long,dep,annee,vma,situ,surf,catr,Unnamed: 0_y,place,catu,grav,sexe,trajet,secu,locp,actp,an_nais,num_veh_x,id_vehicule_x,secu1,secu2,secu3,Unnamed: 0,senc,catv,occutc,obs,obsm,choc,num_veh_y,id_vehicule_y,motor
962800,201900004331,2,4,18:00,5,2,6,1.0,2.0,57463,SOLIDARITE (BOULEVARD DE LA ),M,"49,1081030","6,2436837",57,2019,50.0,1.0,1.0,4.0,2151930,1.0,1,4,2,1.0,,0.0,0,1974.0,B01,138Â 298Â 347,1.0,8.0,-1.0,1643280,3.0,0,,0.0,2.0,6.0,D01,138Â 298Â 348,0.0
962801,201900004332,2,9,09:50,1,2,3,1.0,3.0,56260,LECLERC(RUE DU MARECHAL),M,"47,6583650"," -2,7497240",56,2019,50.0,1.0,1.0,4.0,2151931,1.0,1,4,1,5.0,,0.0,0,1954.0,B01,138Â 298Â 345,1.0,0.0,-1.0,1643281,2.0,7,,0.0,2.0,3.0,B01,138Â 298Â 345,0.0
962801,201900004332,2,9,09:50,1,2,3,1.0,3.0,56260,LECLERC(RUE DU MARECHAL),M,"47,6583650"," -2,7497240",56,2019,50.0,1.0,1.0,4.0,2151931,1.0,1,4,1,5.0,,0.0,0,1954.0,B01,138Â 298Â 345,1.0,0.0,-1.0,1643282,2.0,7,,0.0,2.0,3.0,A01,138Â 298Â 346,0.0
962801,201900004332,2,9,09:50,1,2,3,1.0,3.0,56260,LECLERC(RUE DU MARECHAL),M,"47,6583650"," -2,7497240",56,2019,50.0,1.0,1.0,4.0,2151932,1.0,1,1,1,3.0,,0.0,0,1970.0,A01,138Â 298Â 346,1.0,0.0,-1.0,1643281,2.0,7,,0.0,2.0,3.0,B01,138Â 298Â 345,0.0
962801,201900004332,2,9,09:50,1,2,3,1.0,3.0,56260,LECLERC(RUE DU MARECHAL),M,"47,6583650"," -2,7497240",56,2019,50.0,1.0,1.0,4.0,2151932,1.0,1,1,1,3.0,,0.0,0,1970.0,A01,138Â 298Â 346,1.0,0.0,-1.0,1643282,2.0,7,,0.0,2.0,3.0,A01,138Â 298Â 346,0.0
962802,201900004333,2,6,19:10,3,1,1,3.0,6.0,56260,RN 166 -SENS VANNES / RENNES-,M,"47,6699400"," -2,7230600",56,2019,70.0,1.0,2.0,2.0,2151933,10.0,3,2,1,9.0,,1.0,3,1966.0,A01,138Â 298Â 344,8.0,0.0,-1.0,1643283,1.0,7,,0.0,1.0,1.0,A01,138Â 298Â 344,1.0
962802,201900004333,2,6,19:10,3,1,1,3.0,6.0,56260,RN 166 -SENS VANNES / RENNES-,M,"47,6699400"," -2,7230600",56,2019,70.0,1.0,2.0,2.0,2151934,1.0,1,4,1,0.0,,0.0,0,1981.0,A01,138Â 298Â 344,8.0,0.0,-1.0,1643283,1.0,7,,0.0,1.0,1.0,A01,138Â 298Â 344,1.0
962803,201900004334,2,7,14:10,1,2,6,1.0,6.0,56260,Avenue Edouard Herriot,M,"47,6550800"," -2,7395000",56,2019,50.0,1.0,1.0,3.0,2151935,1.0,1,1,1,5.0,,0.0,0,1944.0,A01,138Â 298Â 342,1.0,8.0,-1.0,1643284,2.0,7,,0.0,0.0,0.0,A01,138Â 298Â 342,1.0
962803,201900004334,2,7,14:10,1,2,6,1.0,6.0,56260,Avenue Edouard Herriot,M,"47,6550800"," -2,7395000",56,2019,50.0,1.0,1.0,3.0,2151935,1.0,1,1,1,5.0,,0.0,0,1944.0,A01,138Â 298Â 342,1.0,8.0,-1.0,1643285,2.0,31,,0.0,0.0,3.0,B01,138Â 298Â 343,1.0
962803,201900004334,2,7,14:10,1,2,6,1.0,6.0,56260,Avenue Edouard Herriot,M,"47,6550800"," -2,7395000",56,2019,50.0,1.0,1.0,3.0,2151936,1.0,1,4,1,5.0,,0.0,0,1964.0,B01,138Â 298Â 343,2.0,8.0,-1.0,1643284,2.0,7,,0.0,0.0,0.0,A01,138Â 298Â 342,1.0
962803,201900004334,2,7,14:10,1,2,6,1.0,6.0,56260,Avenue Edouard Herriot,M,"47,6550800"," -2,7395000",56,2019,50.0,1.0,1.0,3.0,2151936,1.0,1,4,1,5.0,,0.0,0,1964.0,B01,138Â 298Â 343,2.0,8.0,-1.0,1643285,2.0,31,,0.0,0.0,3.0,B01,138Â 298Â 343,1.0
962804,201900004335,2,8,21:45,5,1,1,8.0,6.0,56098,RN 165,M,"47,7894200"," -3,3237300",56,2019,90.0,1.0,2.0,2.0,2151937,1.0,1,4,1,5.0,,0.0,0,1988.0,A01,138Â 298Â 341,1.0,8.0,-1.0,1643286,1.0,7,,13.0,0.0,9.0,A01,138Â 298Â 341,1.0
962805,201900004336,2,6,13:15,1,2,6,3.0,7.0,56107,PHARE (RUE DU PETIT),M,"47,7156300"," -3,3786400",56,2019,50.0,1.0,2.0,4.0,2151938,1.0,1,4,1,4.0,,0.0,0,1998.0,A01,138Â 298Â 340,2.0,8.0,-1.0,1643287,2.0,30,,0.0,0.0,0.0,A01,138Â 298Â 340,1.0
962806,201900004337,2,8,19:50,5,2,1,1.0,7.0,51454,RUE LEDRU ROLLIN,M,"49,2278400","4,0437500",51,2019,50.0,1.0,1.0,4.0,2151939,2.0,2,4,2,0.0,,-1.0,0,1997.0,A01,138Â 298Â 332,1.0,0.0,-1.0,1643288,2.0,7,,1.0,0.0,2.0,A01,138Â 298Â 332,1.0
962806,201900004337,2,8,19:50,5,2,1,1.0,7.0,51454,RUE LEDRU ROLLIN,M,"49,2278400","4,0437500",51,2019,50.0,1.0,1.0,4.0,2151940,1.0,1,1,1,0.0,,-1.0,0,1989.0,A01,138Â 298Â 332,1.0,0.0,-1.0,1643288,2.0,7,,1.0,0.0,2.0,A01,138Â 298Â 332,1.0
962807,201900004338,2,4,19:19,5,2,2,1.0,5.0,51454,BOULEVARD DES BOUCHES DU RHONE,M,"49,2324400","4,0182400",51,2019,50.0,1.0,1.0,4.0,2151941,1.0,1,3,1,0.0,,-1.0,0,1981.0,A01,138Â 298Â 329,8.0,0.0,-1.0,1643289,2.0,7,,0.0,2.0,1.0,A01,138Â 298Â 329,1.0
962807,201900004338,2,4,19:19,5,2,2,1.0,5.0,51454,BOULEVARD DES BOUCHES DU RHONE,M,"49,2324400","4,0182400",51,2019,50.0,1.0,1.0,4.0,2151941,1.0,1,3,1,0.0,,-1.0,0,1981.0,A01,138Â 298Â 329,8.0,0.0,-1.0,1643290,2.0,7,,0.0,0.0,0.0,C01,138Â 298Â 330,1.0
962807,201900004338,2,4,19:19,5,2,2,1.0,5.0,51454,BOULEVARD DES BOUCHES DU RHONE,M,"49,2324400","4,0182400",51,2019,50.0,1.0,1.0,4.0,2151941,1.0,1,3,1,0.0,,-1.0,0,1981.0,A01,138Â 298Â 329,8.0,0.0,-1.0,1643291,1.0,37,2.0,0.0,2.0,8.0,B01,138Â 298Â 331,1.0
962807,201900004338,2,4,19:19,5,2,2,1.0,5.0,51454,BOULEVARD DES BOUCHES DU RHONE,M,"49,2324400","4,0182400",51,2019,50.0,1.0,1.0,4.0,2151942,2.0,2,4,1,0.0,,-1.0,0,1955.0,A01,138Â 298Â 329,1.0,0.0,-1.0,1643289,2.0,7,,0.0,2.0,1.0,A01,138Â 298Â 329,1.0
962807,201900004338,2,4,19:19,5,2,2,1.0,5.0,51454,BOULEVARD DES BOUCHES DU RHONE,M,"49,2324400","4,0182400",51,2019,50.0,1.0,1.0,4.0,2151942,2.0,2,4,1,0.0,,-1.0,0,1955.0,A01,138Â 298Â 329,1.0,0.0,-1.0,1643290,2.0,7,,0.0,0.0,0.0,C01,138Â 298Â 330,1.0
962807,201900004338,2,4,19:19,5,2,2,1.0,5.0,51454,BOULEVARD DES BOUCHES DU RHONE,M,"49,2324400","4,0182400",51,2019,50.0,1.0,1.0,4.0,2151942,2.0,2,4,1,0.0,,-1.0,0,1955.0,A01,138Â 298Â 329,1.0,0.0,-1.0,1643291,1.0,37,2.0,0.0,2.0,8.0,B01,138Â 298Â 331,1.0
962807,201900004338,2,4,19:19,5,2,2,1.0,5.0,51454,BOULEVARD DES BOUCHES DU RHONE,M,"49,2324400","4,0182400",51,2019,50.0,1.0,1.0,4.0,2151943,1.0,1,1,1,-1.0,,-1.0, -1,1984.0,C01,138Â 298Â 330,1.0,0.0,0.0,1643289,2.0,7,,0.0,2.0,1.0,A01,138Â 298Â 329,1.0
962807,201900004338,2,4,19:19,5,2,2,1.0,5.0,51454,BOULEVARD DES BOUCHES DU RHONE,M,"49,2324400","4,0182400",51,2019,50.0,1.0,1.0,4.0,2151943,1.0,1,1,1,-1.0,,-1.0, -1,1984.0,C01,138Â 298Â 330,1.0,0.0,0.0,1643290,2.0,7,,0.0,0.0,0.0,C01,138Â 298Â 330,1.0
962807,201900004338,2,4,19:19,5,2,2,1.0,5.0,51454,BOULEVARD DES BOUCHES DU RHONE,M,"49,2324400","4,0182400",51,2019,50.0,1.0,1.0,4.0,2151943,1.0,1,1,1,-1.0,,-1.0, -1,1984.0,C01,138Â 298Â 330,1.0,0.0,0.0,1643291,1.0,37,2.0,0.0,2.0,8.0,B01,138Â 298Â 331,1.0
962807,201900004338,2,4,19:19,5,2,2,1.0,5.0,51454,BOULEVARD DES BOUCHES DU RHONE,M,"49,2324400","4,0182400",51,2019,50.0,1.0,1.0,4.0,2151944,1.0,1,1,2,4.0,,-1.0,0,1970.0,B01,138Â 298Â 331,1.0,0.0,-1.0,1643289,2.0,7,,0.0,2.0,1.0,A01,138Â 298Â 329,1.0
962807,201900004338,2,4,19:19,5,2,2,1.0,5.0,51454,BOULEVARD DES BOUCHES DU RHONE,M,"49,2324400","4,0182400",51,2019,50.0,1.0,1.0,4.0,2151944,1.0,1,1,2,4.0,,-1.0,0,1970.0,B01,138Â 298Â 331,1.0,0.0,-1.0,1643290,2.0,7,,0.0,0.0,0.0,C01,138Â 298Â 330,1.0
962807,201900004338,2,4,19:19,5,2,2,1.0,5.0,51454,BOULEVARD DES BOUCHES DU RHONE,M,"49,2324400","4,0182400",51,2019,50.0,1.0,1.0,4.0,2151944,1.0,1,1,2,4.0,,-1.0,0,1970.0,B01,138Â 298Â 331,1.0,0.0,-1.0,1643291,1.0,37,2.0,0.0,2.0,8.0,B01,138Â 298Â 331,1.0
962807,201900004338,2,4,19:19,5,2,2,1.0,5.0,51454,BOULEVARD DES BOUCHES DU RHONE,M,"49,2324400","4,0182400",51,2019,50.0,1.0,1.0,4.0,2151945,7.0,2,4,1,0.0,,-1.0,0,1989.0,B01,138Â 298Â 331,8.0,0.0,-1.0,1643289,2.0,7,,0.0,2.0,1.0,A01,138Â 298Â 329,1.0
962807,201900004338,2,4,19:19,5,2,2,1.0,5.0,51454,BOULEVARD DES BOUCHES DU RHONE,M,"49,2324400","4,0182400",51,2019,50.0,1.0,1.0,4.0,2151945,7.0,2,4,1,0.0,,-1.0,0,1989.0,B01,138Â 298Â 331,8.0,0.0,-1.0,1643290,2.0,7,,0.0,0.0,0.0,C01,138Â 298Â 330,1.0
962807,201900004338,2,4,19:19,5,2,2,1.0,5.0,51454,BOULEVARD DES BOUCHES DU RHONE,M,"49,2324400","4,0182400",51,2019,50.0,1.0,1.0,4.0,2151945,7.0,2,4,1,0.0,,-1.0,0,1989.0,B01,138Â 298Â 331,8.0,0.0,-1.0,1643291,1.0,37,2.0,0.0,2.0,8.0,B01,138Â 298Â 331,1.0
962808,201900004339,2,7,14:20,1,2,2,1.0,3.0,50502,KOENIG (rue GÃ©nÃ©ral),M,"49,1121700"," -1,0623900",50,2019,50.0,1.0,1.0,4.0,2151946,2.0,2,4,2,4.0,,-1.0, -1,1970.0,B01,138Â 298Â 327,1.0,0.0,-1.0,1643292,3.0,7,,0.0,2.0,3.0,B01,138Â 298Â 327,1.0
962808,201900004339,2,7,14:20,1,2,2,1.0,3.0,50502,KOENIG (rue GÃ©nÃ©ral),M,"49,1121700"," -1,0623900",50,2019,50.0,1.0,1.0,4.0,2151946,2.0,2,4,2,4.0,,-1.0, -1,1970.0,B01,138Â 298Â 327,1.0,0.0,-1.0,1643293,3.0,7,,0.0,2.0,1.0,A01,138Â 298Â 328,1.0
962808,201900004339,2,7,14:20,1,2,2,1.0,3.0,50502,KOENIG (rue GÃ©nÃ©ral),M,"49,1121700"," -1,0623900",50,2019,50.0,1.0,1.0,4.0,2151947,3.0,2,4,2,4.0,,-1.0, -1,1983.0,B01,138Â 298Â 327,1.0,0.0,-1.0,1643292,3.0,7,,0.0,2.0,3.0,B01,138Â 298Â 327,1.0
962808,201900004339,2,7,14:20,1,2,2,1.0,3.0,50502,KOENIG (rue GÃ©nÃ©ral),M,"49,1121700"," -1,0623900",50,2019,50.0,1.0,1.0,4.0,2151947,3.0,2,4,2,4.0,,-1.0, -1,1983.0,B01,138Â 298Â 327,1.0,0.0,-1.0,1643293,3.0,7,,0.0,2.0,1.0,A01,138Â 298Â 328,1.0
962808,201900004339,2,7,14:20,1,2,2,1.0,3.0,50502,KOENIG (rue GÃ©nÃ©ral),M,"49,1121700"," -1,0623900",50,2019,50.0,1.0,1.0,4.0,2151948,1.0,1,4,2,4.0,,-1.0,0,1965.0,B01,138Â 298Â 327,1.0,8.0,-1.0,1643292,3.0,7,,0.0,2.0,3.0,B01,138Â 298Â 327,1.0
962808,201900004339,2,7,14:20,1,2,2,1.0,3.0,50502,KOENIG (rue GÃ©nÃ©ral),M,"49,1121700"," -1,0623900",50,2019,50.0,1.0,1.0,4.0,2151948,1.0,1,4,2,4.0,,-1.0,0,1965.0,B01,138Â 298Â 327,1.0,8.0,-1.0,1643293,3.0,7,,0.0,2.0,1.0,A01,138Â 298Â 328,1.0
962808,201900004339,2,7,14:20,1,2,2,1.0,3.0,50502,KOENIG (rue GÃ©nÃ©ral),M,"49,1121700"," -1,0623900",50,2019,50.0,1.0,1.0,4.0,2151949,1.0,1,4,2,1.0,,-1.0, -1,1980.0,A01,138Â 298Â 328,1.0,8.0,-1.0,1643292,3.0,7,,0.0,2.0,3.0,B01,138Â 298Â 327,1.0
962808,201900004339,2,7,14:20,1,2,2,1.0,3.0,50502,KOENIG (rue GÃ©nÃ©ral),M,"49,1121700"," -1,0623900",50,2019,50.0,1.0,1.0,4.0,2151949,1.0,1,4,2,1.0,,-1.0, -1,1980.0,A01,138Â 298Â 328,1.0,8.0,-1.0,1643293,3.0,7,,0.0,2.0,1.0,A01,138Â 298Â 328,1.0
962809,201900004340,2,8,14:55,1,2,3,2.0,3.0,50129,VOLTAIRE (RUE),M,"49,6319700"," -1,6367900",50,2019,50.0,1.0,2.0,4.0,2151950,1.0,1,4,2,1.0,,-1.0,0,1949.0,B01,138Â 298Â 325,1.0,0.0,-1.0,1643294,0.0,7,,0.0,2.0,1.0,B01,138Â 298Â 325,1.0
962809,201900004340,2,8,14:55,1,2,3,2.0,3.0,50129,VOLTAIRE (RUE),M,"49,6319700"," -1,6367900",50,2019,50.0,1.0,2.0,4.0,2151950,1.0,1,4,2,1.0,,-1.0,0,1949.0,B01,138Â 298Â 325,1.0,0.0,-1.0,1643295,0.0,7,,0.0,2.0,1.0,A01,138Â 298Â 326,1.0
962809,201900004340,2,8,14:55,1,2,3,2.0,3.0,50129,VOLTAIRE (RUE),M,"49,6319700"," -1,6367900",50,2019,50.0,1.0,2.0,4.0,2151951,1.0,1,4,2,1.0,,-1.0,0,1972.0,A01,138Â 298Â 326,1.0,0.0,-1.0,1643294,0.0,7,,0.0,2.0,1.0,B01,138Â 298Â 325,1.0
962809,201900004340,2,8,14:55,1,2,3,2.0,3.0,50129,VOLTAIRE (RUE),M,"49,6319700"," -1,6367900",50,2019,50.0,1.0,2.0,4.0,2151951,1.0,1,4,2,1.0,,-1.0,0,1972.0,A01,138Â 298Â 326,1.0,0.0,-1.0,1643295,0.0,7,,0.0,2.0,1.0,A01,138Â 298Â 326,1.0
962810,201900004341,2,7,13:00,1,2,1,2.0,6.0,50602,BREQUECAL (RUE DE),M,"49,6317600"," -1,5616400",50,2019,50.0,1.0,2.0,4.0,2151952,1.0,1,4,2,5.0,,-1.0,0,1956.0,A01,138Â 298Â 324,1.0,8.0,-1.0,1643296,0.0,7,,6.0,0.0,2.0,A01,138Â 298Â 324,1.0
962811,201900004342,2,5,17:20,1,1,1,1.0,2.0,49328,ROCADE N 347,M,"47,2453900"," -0,1074600",49,2019,80.0,1.0,2.0,3.0,2151953,1.0,1,4,2,5.0,,-1.0,0,1998.0,A01,138Â 298Â 322,1.0,0.0,-1.0,1643297,2.0,7,,0.0,2.0,1.0,A01,138Â 298Â 322,1.0
962811,201900004342,2,5,17:20,1,1,1,1.0,2.0,49328,ROCADE N 347,M,"47,2453900"," -0,1074600",49,2019,80.0,1.0,2.0,3.0,2151953,1.0,1,4,2,5.0,,-1.0,0,1998.0,A01,138Â 298Â 322,1.0,0.0,-1.0,1643298,1.0,7,,0.0,2.0,4.0,B01,138Â 298Â 323,1.0
962811,201900004342,2,5,17:20,1,1,1,1.0,2.0,49328,ROCADE N 347,M,"47,2453900"," -0,1074600",49,2019,80.0,1.0,2.0,3.0,2151954,1.0,1,1,1,5.0,,-1.0,0,1991.0,B01,138Â 298Â 323,1.0,0.0,-1.0,1643297,2.0,7,,0.0,2.0,1.0,A01,138Â 298Â 322,1.0
962811,201900004342,2,5,17:20,1,1,1,1.0,2.0,49328,ROCADE N 347,M,"47,2453900"," -0,1074600",49,2019,80.0,1.0,2.0,3.0,2151954,1.0,1,1,1,5.0,,-1.0,0,1991.0,B01,138Â 298Â 323,1.0,0.0,-1.0,1643298,1.0,7,,0.0,2.0,4.0,B01,138Â 298Â 323,1.0
962812,201900004343,2,8,19:55,5,2,2,2.0,3.0,49007,PATTON AVENUE,M,"47,4734900"," -0,5918100",49,2019,30.0,1.0,2.0,4.0,2151955,1.0,1,1,1,0.0,,-1.0,0,2000.0,A01,138Â 298Â 320,1.0,0.0,-1.0,1643299,1.0,7,,4.0,2.0,1.0,A01,138Â 298Â 320,1.0
962812,201900004343,2,8,19:55,5,2,2,2.0,3.0,49007,PATTON AVENUE,M,"47,4734900"," -0,5918100",49,2019,30.0,1.0,2.0,4.0,2151955,1.0,1,1,1,0.0,,-1.0,0,2000.0,A01,138Â 298Â 320,1.0,0.0,-1.0,1643300,2.0,7,,0.0,2.0,7.0,B01,138Â 298Â 321,1.0
962812,201900004343,2,8,19:55,5,2,2,2.0,3.0,49007,PATTON AVENUE,M,"47,4734900"," -0,5918100",49,2019,30.0,1.0,2.0,4.0,2151956,1.0,1,4,2,9.0,,-1.0,0,1994.0,B01,138Â 298Â 321,1.0,0.0,-1.0,1643299,1.0,7,,4.0,2.0,1.0,A01,138Â 298Â 320,1.0
962812,201900004343,2,8,19:55,5,2,2,2.0,3.0,49007,PATTON AVENUE,M,"47,4734900"," -0,5918100",49,2019,30.0,1.0,2.0,4.0,2151956,1.0,1,4,2,9.0,,-1.0,0,1994.0,B01,138Â 298Â 321,1.0,0.0,-1.0,1643300,2.0,7,,0.0,2.0,7.0,B01,138Â 298Â 321,1.0
962813,201900004344,2,9,13:06,1,1,1,2.0,5.0,49015,MEIGNANNE ROUTE DE LA,M,"47,4969400"," -0,6105000",49,2019,90.0,1.0,2.0,3.0,2151957,1.0,1,4,2,9.0,,-1.0,0,1993.0,A01,138Â 298Â 317,1.0,0.0,-1.0,1643301,1.0,7,,0.0,2.0,1.0,A01,138Â 298Â 317,1.0
962813,201900004344,2,9,13:06,1,1,1,2.0,5.0,49015,MEIGNANNE ROUTE DE LA,M,"47,4969400"," -0,6105000",49,2019,90.0,1.0,2.0,3.0,2151957,1.0,1,4,2,9.0,,-1.0,0,1993.0,A01,138Â 298Â 317,1.0,0.0,-1.0,1643302,1.0,7,,0.0,2.0,4.0,B01,138Â 298Â 318,1.0
962813,201900004344,2,9,13:06,1,1,1,2.0,5.0,49015,MEIGNANNE ROUTE DE LA,M,"47,4969400"," -0,6105000",49,2019,90.0,1.0,2.0,3.0,2151957,1.0,1,4,2,9.0,,-1.0,0,1993.0,A01,138Â 298Â 317,1.0,0.0,-1.0,1643303,2.0,7,,0.0,2.0,1.0,C01,138Â 298Â 319,1.0
962813,201900004344,2,9,13:06,1,1,1,2.0,5.0,49015,MEIGNANNE ROUTE DE LA,M,"47,4969400"," -0,6105000",49,2019,90.0,1.0,2.0,3.0,2151958,2.0,2,4,1,9.0,,-1.0,0,1984.0,B01,138Â 298Â 318,1.0,0.0,-1.0,1643301,1.0,7,,0.0,2.0,1.0,A01,138Â 298Â 317,1.0
962813,201900004344,2,9,13:06,1,1,1,2.0,5.0,49015,MEIGNANNE ROUTE DE LA,M,"47,4969400"," -0,6105000",49,2019,90.0,1.0,2.0,3.0,2151958,2.0,2,4,1,9.0,,-1.0,0,1984.0,B01,138Â 298Â 318,1.0,0.0,-1.0,1643302,1.0,7,,0.0,2.0,4.0,B01,138Â 298Â 318,1.0
962813,201900004344,2,9,13:06,1,1,1,2.0,5.0,49015,MEIGNANNE ROUTE DE LA,M,"47,4969400"," -0,6105000",49,2019,90.0,1.0,2.0,3.0,2151958,2.0,2,4,1,9.0,,-1.0,0,1984.0,B01,138Â 298Â 318,1.0,0.0,-1.0,1643303,2.0,7,,0.0,2.0,1.0,C01,138Â 298Â 319,1.0
962813,201900004344,2,9,13:06,1,1,1,2.0,5.0,49015,MEIGNANNE ROUTE DE LA,M,"47,4969400"," -0,6105000",49,2019,90.0,1.0,2.0,3.0,2151959,1.0,1,4,2,9.0,,-1.0,0,1986.0,B01,138Â 298Â 318,1.0,0.0,-1.0,1643301,1.0,7,,0.0,2.0,1.0,A01,138Â 298Â 317,1.0
962813,201900004344,2,9,13:06,1,1,1,2.0,5.0,49015,MEIGNANNE ROUTE DE LA,M,"47,4969400"," -0,6105000",49,2019,90.0,1.0,2.0,3.0,2151959,1.0,1,4,2,9.0,,-1.0,0,1986.0,B01,138Â 298Â 318,1.0,0.0,-1.0,1643302,1.0,7,,0.0,2.0,4.0,B01,138Â 298Â 318,1.0
962813,201900004344,2,9,13:06,1,1,1,2.0,5.0,49015,MEIGNANNE ROUTE DE LA,M,"47,4969400"," -0,6105000",49,2019,90.0,1.0,2.0,3.0,2151959,1.0,1,4,2,9.0,,-1.0,0,1986.0,B01,138Â 298Â 318,1.0,0.0,-1.0,1643303,2.0,7,,0.0,2.0,1.0,C01,138Â 298Â 319,1.0
962813,201900004344,2,9,13:06,1,1,1,2.0,5.0,49015,MEIGNANNE ROUTE DE LA,M,"47,4969400"," -0,6105000",49,2019,90.0,1.0,2.0,3.0,2151960,3.0,2,4,1,4.0,,-1.0,0,1999.0,C01,138Â 298Â 319,1.0,0.0,-1.0,1643301,1.0,7,,0.0,2.0,1.0,A01,138Â 298Â 317,1.0
962813,201900004344,2,9,13:06,1,1,1,2.0,5.0,49015,MEIGNANNE ROUTE DE LA,M,"47,4969400"," -0,6105000",49,2019,90.0,1.0,2.0,3.0,2151960,3.0,2,4,1,4.0,,-1.0,0,1999.0,C01,138Â 298Â 319,1.0,0.0,-1.0,1643302,1.0,7,,0.0,2.0,4.0,B01,138Â 298Â 318,1.0
962813,201900004344,2,9,13:06,1,1,1,2.0,5.0,49015,MEIGNANNE ROUTE DE LA,M,"47,4969400"," -0,6105000",49,2019,90.0,1.0,2.0,3.0,2151960,3.0,2,4,1,4.0,,-1.0,0,1999.0,C01,138Â 298Â 319,1.0,0.0,-1.0,1643303,2.0,7,,0.0,2.0,1.0,C01,138Â 298Â 319,1.0
962813,201900004344,2,9,13:06,1,1,1,2.0,5.0,49015,MEIGNANNE ROUTE DE LA,M,"47,4969400"," -0,6105000",49,2019,90.0,1.0,2.0,3.0,2151961,2.0,2,4,2,4.0,,-1.0,0,1991.0,C01,138Â 298Â 319,1.0,0.0,-1.0,1643301,1.0,7,,0.0,2.0,1.0,A01,138Â 298Â 317,1.0
962813,201900004344,2,9,13:06,1,1,1,2.0,5.0,49015,MEIGNANNE ROUTE DE LA,M,"47,4969400"," -0,6105000",49,2019,90.0,1.0,2.0,3.0,2151961,2.0,2,4,2,4.0,,-1.0,0,1991.0,C01,138Â 298Â 319,1.0,0.0,-1.0,1643302,1.0,7,,0.0,2.0,4.0,B01,138Â 298Â 318,1.0
962813,201900004344,2,9,13:06,1,1,1,2.0,5.0,49015,MEIGNANNE ROUTE DE LA,M,"47,4969400"," -0,6105000",49,2019,90.0,1.0,2.0,3.0,2151961,2.0,2,4,2,4.0,,-1.0,0,1991.0,C01,138Â 298Â 319,1.0,0.0,-1.0,1643303,2.0,7,,0.0,2.0,1.0,C01,138Â 298Â 319,1.0
962813,201900004344,2,9,13:06,1,1,1,2.0,5.0,49015,MEIGNANNE ROUTE DE LA,M,"47,4969400"," -0,6105000",49,2019,90.0,1.0,2.0,3.0,2151962,1.0,1,1,1,4.0,,-1.0,0,1963.0,C01,138Â 298Â 319,1.0,0.0,-1.0,1643301,1.0,7,,0.0,2.0,1.0,A01,138Â 298Â 317,1.0
962813,201900004344,2,9,13:06,1,1,1,2.0,5.0,49015,MEIGNANNE ROUTE DE LA,M,"47,4969400"," -0,6105000",49,2019,90.0,1.0,2.0,3.0,2151962,1.0,1,1,1,4.0,,-1.0,0,1963.0,C01,138Â 298Â 319,1.0,0.0,-1.0,1643302,1.0,7,,0.0,2.0,4.0,B01,138Â 298Â 318,1.0
962813,201900004344,2,9,13:06,1,1,1,2.0,5.0,49015,MEIGNANNE ROUTE DE LA,M,"47,4969400"," -0,6105000",49,2019,90.0,1.0,2.0,3.0,2151962,1.0,1,1,1,4.0,,-1.0,0,1963.0,C01,138Â 298Â 319,1.0,0.0,-1.0,1643303,2.0,7,,0.0,2.0,1.0,C01,138Â 298Â 319,1.0
962814,201900004345,2,9,01:00,5,2,1,8.0,6.0,49007,MENDES FRANCE PLACE,M,"47,4734900"," -0,5453300",49,2019,30.0,1.0,2.0,4.0,2151963,1.0,1,4,1,0.0,,-1.0,0,1998.0,A01,138Â 298Â 316,8.0,0.0,-1.0,1643304,1.0,1,,0.0,2.0,1.0,A01,138Â 298Â 316,5.0
962815,201900004346,2,7,10:48,1,2,1,1.0,2.0,49007,MADELEINE,M,"47,4650400"," -0,5446100",49,2019,30.0,1.0,1.0,4.0,2151964,1.0,1,4,2,9.0,,-1.0,0,1980.0,B01,138Â 298Â 314,1.0,8.0,-1.0,1643305,3.0,7,,0.0,2.0,4.0,B01,138Â 298Â 314,1.0
962815,201900004346,2,7,10:48,1,2,1,1.0,2.0,49007,MADELEINE,M,"47,4650400"," -0,5446100",49,2019,30.0,1.0,1.0,4.0,2151964,1.0,1,4,2,9.0,,-1.0,0,1980.0,B01,138Â 298Â 314,1.0,8.0,-1.0,1643306,3.0,7,,0.0,2.0,1.0,A01,138Â 298Â 315,1.0
962815,201900004346,2,7,10:48,1,2,1,1.0,2.0,49007,MADELEINE,M,"47,4650400"," -0,5446100",49,2019,30.0,1.0,1.0,4.0,2151965,1.0,1,1,2,0.0,,-1.0,0,1996.0,A01,138Â 298Â 315,1.0,8.0,-1.0,1643305,3.0,7,,0.0,2.0,4.0,B01,138Â 298Â 314,1.0
962815,201900004346,2,7,10:48,1,2,1,1.0,2.0,49007,MADELEINE,M,"47,4650400"," -0,5446100",49,2019,30.0,1.0,1.0,4.0,2151965,1.0,1,1,2,0.0,,-1.0,0,1996.0,A01,138Â 298Â 315,1.0,8.0,-1.0,1643306,3.0,7,,0.0,2.0,1.0,A01,138Â 298Â 315,1.0
962816,201900004347,2,7,08:52,1,2,3,1.0,7.0,49007,DE LATTRE DE TASSIGNY,M,"47,4576900"," -0,5444600",49,2019,50.0,1.0,1.0,4.0,2151966,1.0,1,1,2,1.0,,-1.0,0,1996.0,A01,138Â 298Â 313,1.0,8.0,-1.0,1643307,1.0,7,,0.0,1.0,2.0,A01,138Â 298Â 313,1.0
962816,201900004347,2,7,08:52,1,2,3,1.0,7.0,49007,DE LATTRE DE TASSIGNY,M,"47,4576900"," -0,5444600",49,2019,50.0,1.0,1.0,4.0,2151967,10.0,3,4,2,5.0,,3.0,3,1996.0,A01,138Â 298Â 313,8.0,0.0,-1.0,1643307,1.0,7,,0.0,1.0,2.0,A01,138Â 298Â 313,1.0