Unnamed: 0_x,num_acc,mois,jour,hrmn,lum,agg,int,atm,col,com,adr,gps,lat,long,dep,annee,vma,situ,surf,catr,Unnamed: 0_y,place,catu,grav,sexe,trajet,secu,locp,actp,an_nais,num_veh_x,id_vehicule_x,secu1,secu2,secu3,Unnamed: 0,senc,catv,occutc,obs,obsm,choc,num_veh_y,id_vehicule_y,motor
962817,201900004348,2,6,18:02,2,2,1,8.0,2.0,49007,BEAUSSIER BOULEVARD,M,"47,4751700"," -0,5994200",49,2019,50.0,1.0,1.0,4.0,2151968,1.0,1,4,2,0.0,,-1.0,0,1997.0,B01,138Â 298Â 311,1.0,8.0,-1.0,1643308,1.0,7,,0.0,2.0,1.0,B01,138Â 298Â 311,0.0
962817,201900004348,2,6,18:02,2,2,1,8.0,2.0,49007,BEAUSSIER BOULEVARD,M,"47,4751700"," -0,5994200",49,2019,50.0,1.0,1.0,4.0,2151968,1.0,1,4,2,0.0,,-1.0,0,1997.0,B01,138Â 298Â 311,1.0,8.0,-1.0,1643309,1.0,7,,0.0,2.0,4.0,A01,138Â 298Â 312,0.0
962817,201900004348,2,6,18:02,2,2,1,8.0,2.0,49007,BEAUSSIER BOULEVARD,M,"47,4751700"," -0,5994200",49,2019,50.0,1.0,1.0,4.0,2151969,1.0,1,1,2,0.0,,-1.0,0,1998.0,A01,138Â 298Â 312,1.0,8.0,-1.0,1643308,1.0,7,,0.0,2.0,1.0,B01,138Â 298Â 311,0.0
962817,201900004348,2,6,18:02,2,2,1,8.0,2.0,49007,BEAUSSIER BOULEVARD,M,"47,4751700"," -0,5994200",49,2019,50.0,1.0,1.0,4.0,2151969,1.0,1,1,2,0.0,,-1.0,0,1998.0,A01,138Â 298Â 312,1.0,8.0,-1.0,1643309,1.0,7,,0.0,2.0,4.0,A01,138Â 298Â 312,0.0
962818,201900004349,2,11,13:20,1,2,3,1.0,5.0,45169,ROUTE NATIONALE-R DE LA FOLIE,M,"47,9215000","1,8533100",45,2019,50.0,1.0,1.0,4.0,2151970,1.0,1,4,1,0.0,,-1.0, -1,1996.0,A01,138Â 298Â 308,1.0,-1.0,-1.0,1643310,2.0,7,,0.0,2.0,3.0,A01,138Â 298Â 308,1.0
962818,201900004349,2,11,13:20,1,2,3,1.0,5.0,45169,ROUTE NATIONALE-R DE LA FOLIE,M,"47,9215000","1,8533100",45,2019,50.0,1.0,1.0,4.0,2151970,1.0,1,4,1,0.0,,-1.0, -1,1996.0,A01,138Â 298Â 308,1.0,-1.0,-1.0,1643311,1.0,7,,0.0,2.0,3.0,C01,138Â 298Â 309,0.0
962818,201900004349,2,11,13:20,1,2,3,1.0,5.0,45169,ROUTE NATIONALE-R DE LA FOLIE,M,"47,9215000","1,8533100",45,2019,50.0,1.0,1.0,4.0,2151970,1.0,1,4,1,0.0,,-1.0, -1,1996.0,A01,138Â 298Â 308,1.0,-1.0,-1.0,1643312,2.0,7,,0.0,2.0,2.0,B01,138Â 298Â 310,0.0
962818,201900004349,2,11,13:20,1,2,3,1.0,5.0,45169,ROUTE NATIONALE-R DE LA FOLIE,M,"47,9215000","1,8533100",45,2019,50.0,1.0,1.0,4.0,2151971,2.0,2,4,1,0.0,,-1.0, -1,1975.0,A01,138Â 298Â 308,1.0,-1.0,-1.0,1643310,2.0,7,,0.0,2.0,3.0,A01,138Â 298Â 308,1.0
962818,201900004349,2,11,13:20,1,2,3,1.0,5.0,45169,ROUTE NATIONALE-R DE LA FOLIE,M,"47,9215000","1,8533100",45,2019,50.0,1.0,1.0,4.0,2151971,2.0,2,4,1,0.0,,-1.0, -1,1975.0,A01,138Â 298Â 308,1.0,-1.0,-1.0,1643311,1.0,7,,0.0,2.0,3.0,C01,138Â 298Â 309,0.0
962818,201900004349,2,11,13:20,1,2,3,1.0,5.0,45169,ROUTE NATIONALE-R DE LA FOLIE,M,"47,9215000","1,8533100",45,2019,50.0,1.0,1.0,4.0,2151971,2.0,2,4,1,0.0,,-1.0, -1,1975.0,A01,138Â 298Â 308,1.0,-1.0,-1.0,1643312,2.0,7,,0.0,2.0,2.0,B01,138Â 298Â 310,0.0
962818,201900004349,2,11,13:20,1,2,3,1.0,5.0,45169,ROUTE NATIONALE-R DE LA FOLIE,M,"47,9215000","1,8533100",45,2019,50.0,1.0,1.0,4.0,2151972,4.0,2,4,2,0.0,,-1.0, -1,1997.0,A01,138Â 298Â 308,1.0,-1.0,-1.0,1643310,2.0,7,,0.0,2.0,3.0,A01,138Â 298Â 308,1.0
962818,201900004349,2,11,13:20,1,2,3,1.0,5.0,45169,ROUTE NATIONALE-R DE LA FOLIE,M,"47,9215000","1,8533100",45,2019,50.0,1.0,1.0,4.0,2151972,4.0,2,4,2,0.0,,-1.0, -1,1997.0,A01,138Â 298Â 308,1.0,-1.0,-1.0,1643311,1.0,7,,0.0,2.0,3.0,C01,138Â 298Â 309,0.0
962818,201900004349,2,11,13:20,1,2,3,1.0,5.0,45169,ROUTE NATIONALE-R DE LA FOLIE,M,"47,9215000","1,8533100",45,2019,50.0,1.0,1.0,4.0,2151972,4.0,2,4,2,0.0,,-1.0, -1,1997.0,A01,138Â 298Â 308,1.0,-1.0,-1.0,1643312,2.0,7,,0.0,2.0,2.0,B01,138Â 298Â 310,0.0
962818,201900004349,2,11,13:20,1,2,3,1.0,5.0,45169,ROUTE NATIONALE-R DE LA FOLIE,M,"47,9215000","1,8533100",45,2019,50.0,1.0,1.0,4.0,2151973,1.0,1,4,1,0.0,,-1.0, -1,1954.0,C01,138Â 298Â 309,1.0,0.0,-1.0,1643310,2.0,7,,0.0,2.0,3.0,A01,138Â 298Â 308,1.0
962818,201900004349,2,11,13:20,1,2,3,1.0,5.0,45169,ROUTE NATIONALE-R DE LA FOLIE,M,"47,9215000","1,8533100",45,2019,50.0,1.0,1.0,4.0,2151973,1.0,1,4,1,0.0,,-1.0, -1,1954.0,C01,138Â 298Â 309,1.0,0.0,-1.0,1643311,1.0,7,,0.0,2.0,3.0,C01,138Â 298Â 309,0.0
962818,201900004349,2,11,13:20,1,2,3,1.0,5.0,45169,ROUTE NATIONALE-R DE LA FOLIE,M,"47,9215000","1,8533100",45,2019,50.0,1.0,1.0,4.0,2151973,1.0,1,4,1,0.0,,-1.0, -1,1954.0,C01,138Â 298Â 309,1.0,0.0,-1.0,1643312,2.0,7,,0.0,2.0,2.0,B01,138Â 298Â 310,0.0
962818,201900004349,2,11,13:20,1,2,3,1.0,5.0,45169,ROUTE NATIONALE-R DE LA FOLIE,M,"47,9215000","1,8533100",45,2019,50.0,1.0,1.0,4.0,2151974,2.0,2,4,1,0.0,,-1.0, -1,1956.0,C01,138Â 298Â 309,1.0,0.0,-1.0,1643310,2.0,7,,0.0,2.0,3.0,A01,138Â 298Â 308,1.0
962818,201900004349,2,11,13:20,1,2,3,1.0,5.0,45169,ROUTE NATIONALE-R DE LA FOLIE,M,"47,9215000","1,8533100",45,2019,50.0,1.0,1.0,4.0,2151974,2.0,2,4,1,0.0,,-1.0, -1,1956.0,C01,138Â 298Â 309,1.0,0.0,-1.0,1643311,1.0,7,,0.0,2.0,3.0,C01,138Â 298Â 309,0.0
962818,201900004349,2,11,13:20,1,2,3,1.0,5.0,45169,ROUTE NATIONALE-R DE LA FOLIE,M,"47,9215000","1,8533100",45,2019,50.0,1.0,1.0,4.0,2151974,2.0,2,4,1,0.0,,-1.0, -1,1956.0,C01,138Â 298Â 309,1.0,0.0,-1.0,1643312,2.0,7,,0.0,2.0,2.0,B01,138Â 298Â 310,0.0
962818,201900004349,2,11,13:20,1,2,3,1.0,5.0,45169,ROUTE NATIONALE-R DE LA FOLIE,M,"47,9215000","1,8533100",45,2019,50.0,1.0,1.0,4.0,2151975,1.0,1,1,1,0.0,,-1.0, -1,1999.0,B01,138Â 298Â 310,1.0,0.0,-1.0,1643310,2.0,7,,0.0,2.0,3.0,A01,138Â 298Â 308,1.0
962818,201900004349,2,11,13:20,1,2,3,1.0,5.0,45169,ROUTE NATIONALE-R DE LA FOLIE,M,"47,9215000","1,8533100",45,2019,50.0,1.0,1.0,4.0,2151975,1.0,1,1,1,0.0,,-1.0, -1,1999.0,B01,138Â 298Â 310,1.0,0.0,-1.0,1643311,1.0,7,,0.0,2.0,3.0,C01,138Â 298Â 309,0.0
962818,201900004349,2,11,13:20,1,2,3,1.0,5.0,45169,ROUTE NATIONALE-R DE LA FOLIE,M,"47,9215000","1,8533100",45,2019,50.0,1.0,1.0,4.0,2151975,1.0,1,1,1,0.0,,-1.0, -1,1999.0,B01,138Â 298Â 310,1.0,0.0,-1.0,1643312,2.0,7,,0.0,2.0,2.0,B01,138Â 298Â 310,0.0
962819,201900004350,2,11,07:50,1,2,3,1.0,3.0,45147,R DE CUREMBOURG-R DE COULVREUX,M,"47,9382720","1,9389670",45,2019,50.0,1.0,1.0,4.0,2151976,1.0,1,1,1,1.0,,-1.0, -1,1986.0,A01,138Â 298Â 306,1.0,0.0,-1.0,1643313,2.0,7,,0.0,2.0,8.0,A01,138Â 298Â 306,1.0
962819,201900004350,2,11,07:50,1,2,3,1.0,3.0,45147,R DE CUREMBOURG-R DE COULVREUX,M,"47,9382720","1,9389670",45,2019,50.0,1.0,1.0,4.0,2151976,1.0,1,1,1,1.0,,-1.0, -1,1986.0,A01,138Â 298Â 306,1.0,0.0,-1.0,1643314,1.0,33,,0.0,2.0,1.0,B01,138Â 298Â 307,1.0
962819,201900004350,2,11,07:50,1,2,3,1.0,3.0,45147,R DE CUREMBOURG-R DE COULVREUX,M,"47,9382720","1,9389670",45,2019,50.0,1.0,1.0,4.0,2151977,1.0,1,4,1,1.0,,-1.0, -1,1963.0,B01,138Â 298Â 307,2.0,0.0,-1.0,1643313,2.0,7,,0.0,2.0,8.0,A01,138Â 298Â 306,1.0
962819,201900004350,2,11,07:50,1,2,3,1.0,3.0,45147,R DE CUREMBOURG-R DE COULVREUX,M,"47,9382720","1,9389670",45,2019,50.0,1.0,1.0,4.0,2151977,1.0,1,4,1,1.0,,-1.0, -1,1963.0,B01,138Â 298Â 307,2.0,0.0,-1.0,1643314,1.0,33,,0.0,2.0,1.0,B01,138Â 298Â 307,1.0
962820,201900004351,2,10,12:35,1,2,1,1.0,6.0,45234,PLACE DE LA BASCULE,M,"47,8944283","1,9070924",45,2019,30.0,1.0,1.0,4.0,2151978,1.0,1,2,1,5.0,,0.0,0,1959.0,A01,138Â 298Â 305,8.0,0.0,-1.0,1643315,3.0,7,,1.0,0.0,1.0,A01,138Â 298Â 305,1.0
962821,201900004352,2,9,12:49,1,2,1,1.0,4.0,45302,347 RUE NATIONALE 20,M,"47,9411230","1,8931480",45,2019,50.0,1.0,1.0,4.0,2151979,9.0,2,1,1,0.0,,-1.0, -1,2003.0,A01,138Â 298Â 302,8.0,0.0,-1.0,1643316,2.0,37,8.0,0.0,2.0,1.0,A01,138Â 298Â 302,1.0
962821,201900004352,2,9,12:49,1,2,1,1.0,4.0,45302,347 RUE NATIONALE 20,M,"47,9411230","1,8931480",45,2019,50.0,1.0,1.0,4.0,2151979,9.0,2,1,1,0.0,,-1.0, -1,2003.0,A01,138Â 298Â 302,8.0,0.0,-1.0,1643317,2.0,7,,0.0,2.0,4.0,B01,138Â 298Â 303,1.0
962821,201900004352,2,9,12:49,1,2,1,1.0,4.0,45302,347 RUE NATIONALE 20,M,"47,9411230","1,8931480",45,2019,50.0,1.0,1.0,4.0,2151979,9.0,2,1,1,0.0,,-1.0, -1,2003.0,A01,138Â 298Â 302,8.0,0.0,-1.0,1643318,2.0,7,,0.0,2.0,4.0,C01,138Â 298Â 304,1.0
962821,201900004352,2,9,12:49,1,2,1,1.0,4.0,45302,347 RUE NATIONALE 20,M,"47,9411230","1,8931480",45,2019,50.0,1.0,1.0,4.0,2151980,9.0,2,4,2,0.0,,-1.0, -1,1944.0,A01,138Â 298Â 302,8.0,0.0,-1.0,1643316,2.0,37,8.0,0.0,2.0,1.0,A01,138Â 298Â 302,1.0
962821,201900004352,2,9,12:49,1,2,1,1.0,4.0,45302,347 RUE NATIONALE 20,M,"47,9411230","1,8931480",45,2019,50.0,1.0,1.0,4.0,2151980,9.0,2,4,2,0.0,,-1.0, -1,1944.0,A01,138Â 298Â 302,8.0,0.0,-1.0,1643317,2.0,7,,0.0,2.0,4.0,B01,138Â 298Â 303,1.0
962821,201900004352,2,9,12:49,1,2,1,1.0,4.0,45302,347 RUE NATIONALE 20,M,"47,9411230","1,8931480",45,2019,50.0,1.0,1.0,4.0,2151980,9.0,2,4,2,0.0,,-1.0, -1,1944.0,A01,138Â 298Â 302,8.0,0.0,-1.0,1643318,2.0,7,,0.0,2.0,4.0,C01,138Â 298Â 304,1.0
962821,201900004352,2,9,12:49,1,2,1,1.0,4.0,45302,347 RUE NATIONALE 20,M,"47,9411230","1,8931480",45,2019,50.0,1.0,1.0,4.0,2151981,9.0,2,4,2,0.0,,-1.0, -1,1996.0,A01,138Â 298Â 302,8.0,0.0,-1.0,1643316,2.0,37,8.0,0.0,2.0,1.0,A01,138Â 298Â 302,1.0
962821,201900004352,2,9,12:49,1,2,1,1.0,4.0,45302,347 RUE NATIONALE 20,M,"47,9411230","1,8931480",45,2019,50.0,1.0,1.0,4.0,2151981,9.0,2,4,2,0.0,,-1.0, -1,1996.0,A01,138Â 298Â 302,8.0,0.0,-1.0,1643317,2.0,7,,0.0,2.0,4.0,B01,138Â 298Â 303,1.0
962821,201900004352,2,9,12:49,1,2,1,1.0,4.0,45302,347 RUE NATIONALE 20,M,"47,9411230","1,8931480",45,2019,50.0,1.0,1.0,4.0,2151981,9.0,2,4,2,0.0,,-1.0, -1,1996.0,A01,138Â 298Â 302,8.0,0.0,-1.0,1643318,2.0,7,,0.0,2.0,4.0,C01,138Â 298Â 304,1.0
962821,201900004352,2,9,12:49,1,2,1,1.0,4.0,45302,347 RUE NATIONALE 20,M,"47,9411230","1,8931480",45,2019,50.0,1.0,1.0,4.0,2151982,7.0,2,1,2,0.0,,-1.0, -1,2004.0,A01,138Â 298Â 302,8.0,0.0,-1.0,1643316,2.0,37,8.0,0.0,2.0,1.0,A01,138Â 298Â 302,1.0
962821,201900004352,2,9,12:49,1,2,1,1.0,4.0,45302,347 RUE NATIONALE 20,M,"47,9411230","1,8931480",45,2019,50.0,1.0,1.0,4.0,2151982,7.0,2,1,2,0.0,,-1.0, -1,2004.0,A01,138Â 298Â 302,8.0,0.0,-1.0,1643317,2.0,7,,0.0,2.0,4.0,B01,138Â 298Â 303,1.0
962821,201900004352,2,9,12:49,1,2,1,1.0,4.0,45302,347 RUE NATIONALE 20,M,"47,9411230","1,8931480",45,2019,50.0,1.0,1.0,4.0,2151982,7.0,2,1,2,0.0,,-1.0, -1,2004.0,A01,138Â 298Â 302,8.0,0.0,-1.0,1643318,2.0,7,,0.0,2.0,4.0,C01,138Â 298Â 304,1.0
962821,201900004352,2,9,12:49,1,2,1,1.0,4.0,45302,347 RUE NATIONALE 20,M,"47,9411230","1,8931480",45,2019,50.0,1.0,1.0,4.0,2151983,7.0,2,1,1,0.0,,-1.0, -1,2000.0,A01,138Â 298Â 302,8.0,0.0,-1.0,1643316,2.0,37,8.0,0.0,2.0,1.0,A01,138Â 298Â 302,1.0
962821,201900004352,2,9,12:49,1,2,1,1.0,4.0,45302,347 RUE NATIONALE 20,M,"47,9411230","1,8931480",45,2019,50.0,1.0,1.0,4.0,2151983,7.0,2,1,1,0.0,,-1.0, -1,2000.0,A01,138Â 298Â 302,8.0,0.0,-1.0,1643317,2.0,7,,0.0,2.0,4.0,B01,138Â 298Â 303,1.0
962821,201900004352,2,9,12:49,1,2,1,1.0,4.0,45302,347 RUE NATIONALE 20,M,"47,9411230","1,8931480",45,2019,50.0,1.0,1.0,4.0,2151983,7.0,2,1,1,0.0,,-1.0, -1,2000.0,A01,138Â 298Â 302,8.0,0.0,-1.0,1643318,2.0,7,,0.0,2.0,4.0,C01,138Â 298Â 304,1.0
962821,201900004352,2,9,12:49,1,2,1,1.0,4.0,45302,347 RUE NATIONALE 20,M,"47,9411230","1,8931480",45,2019,50.0,1.0,1.0,4.0,2151984,9.0,2,1,1,0.0,,-1.0, -1,2004.0,A01,138Â 298Â 302,8.0,0.0,-1.0,1643316,2.0,37,8.0,0.0,2.0,1.0,A01,138Â 298Â 302,1.0
962821,201900004352,2,9,12:49,1,2,1,1.0,4.0,45302,347 RUE NATIONALE 20,M,"47,9411230","1,8931480",45,2019,50.0,1.0,1.0,4.0,2151984,9.0,2,1,1,0.0,,-1.0, -1,2004.0,A01,138Â 298Â 302,8.0,0.0,-1.0,1643317,2.0,7,,0.0,2.0,4.0,B01,138Â 298Â 303,1.0
962821,201900004352,2,9,12:49,1,2,1,1.0,4.0,45302,347 RUE NATIONALE 20,M,"47,9411230","1,8931480",45,2019,50.0,1.0,1.0,4.0,2151984,9.0,2,1,1,0.0,,-1.0, -1,2004.0,A01,138Â 298Â 302,8.0,0.0,-1.0,1643318,2.0,7,,0.0,2.0,4.0,C01,138Â 298Â 304,1.0
962821,201900004352,2,9,12:49,1,2,1,1.0,4.0,45302,347 RUE NATIONALE 20,M,"47,9411230","1,8931480",45,2019,50.0,1.0,1.0,4.0,2151985,7.0,2,1,1,0.0,,-1.0, -1,2002.0,A01,138Â 298Â 302,8.0,0.0,-1.0,1643316,2.0,37,8.0,0.0,2.0,1.0,A01,138Â 298Â 302,1.0
962821,201900004352,2,9,12:49,1,2,1,1.0,4.0,45302,347 RUE NATIONALE 20,M,"47,9411230","1,8931480",45,2019,50.0,1.0,1.0,4.0,2151985,7.0,2,1,1,0.0,,-1.0, -1,2002.0,A01,138Â 298Â 302,8.0,0.0,-1.0,1643317,2.0,7,,0.0,2.0,4.0,B01,138Â 298Â 303,1.0
962821,201900004352,2,9,12:49,1,2,1,1.0,4.0,45302,347 RUE NATIONALE 20,M,"47,9411230","1,8931480",45,2019,50.0,1.0,1.0,4.0,2151985,7.0,2,1,1,0.0,,-1.0, -1,2002.0,A01,138Â 298Â 302,8.0,0.0,-1.0,1643318,2.0,7,,0.0,2.0,4.0,C01,138Â 298Â 304,1.0
962821,201900004352,2,9,12:49,1,2,1,1.0,4.0,45302,347 RUE NATIONALE 20,M,"47,9411230","1,8931480",45,2019,50.0,1.0,1.0,4.0,2151986,1.0,1,1,1,4.0,,-1.0, -1,1967.0,A01,138Â 298Â 302,8.0,0.0,-1.0,1643316,2.0,37,8.0,0.0,2.0,1.0,A01,138Â 298Â 302,1.0
962821,201900004352,2,9,12:49,1,2,1,1.0,4.0,45302,347 RUE NATIONALE 20,M,"47,9411230","1,8931480",45,2019,50.0,1.0,1.0,4.0,2151986,1.0,1,1,1,4.0,,-1.0, -1,1967.0,A01,138Â 298Â 302,8.0,0.0,-1.0,1643317,2.0,7,,0.0,2.0,4.0,B01,138Â 298Â 303,1.0
962821,201900004352,2,9,12:49,1,2,1,1.0,4.0,45302,347 RUE NATIONALE 20,M,"47,9411230","1,8931480",45,2019,50.0,1.0,1.0,4.0,2151986,1.0,1,1,1,4.0,,-1.0, -1,1967.0,A01,138Â 298Â 302,8.0,0.0,-1.0,1643318,2.0,7,,0.0,2.0,4.0,C01,138Â 298Â 304,1.0
962821,201900004352,2,9,12:49,1,2,1,1.0,4.0,45302,347 RUE NATIONALE 20,M,"47,9411230","1,8931480",45,2019,50.0,1.0,1.0,4.0,2151987,2.0,2,4,2,5.0,,-1.0, -1,2000.0,B01,138Â 298Â 303,1.0,0.0,-1.0,1643316,2.0,37,8.0,0.0,2.0,1.0,A01,138Â 298Â 302,1.0
962821,201900004352,2,9,12:49,1,2,1,1.0,4.0,45302,347 RUE NATIONALE 20,M,"47,9411230","1,8931480",45,2019,50.0,1.0,1.0,4.0,2151987,2.0,2,4,2,5.0,,-1.0, -1,2000.0,B01,138Â 298Â 303,1.0,0.0,-1.0,1643317,2.0,7,,0.0,2.0,4.0,B01,138Â 298Â 303,1.0
962821,201900004352,2,9,12:49,1,2,1,1.0,4.0,45302,347 RUE NATIONALE 20,M,"47,9411230","1,8931480",45,2019,50.0,1.0,1.0,4.0,2151987,2.0,2,4,2,5.0,,-1.0, -1,2000.0,B01,138Â 298Â 303,1.0,0.0,-1.0,1643318,2.0,7,,0.0,2.0,4.0,C01,138Â 298Â 304,1.0
962821,201900004352,2,9,12:49,1,2,1,1.0,4.0,45302,347 RUE NATIONALE 20,M,"47,9411230","1,8931480",45,2019,50.0,1.0,1.0,4.0,2151988,5.0,2,1,2,5.0,,-1.0, -1,1977.0,B01,138Â 298Â 303,1.0,0.0,-1.0,1643316,2.0,37,8.0,0.0,2.0,1.0,A01,138Â 298Â 302,1.0
962821,201900004352,2,9,12:49,1,2,1,1.0,4.0,45302,347 RUE NATIONALE 20,M,"47,9411230","1,8931480",45,2019,50.0,1.0,1.0,4.0,2151988,5.0,2,1,2,5.0,,-1.0, -1,1977.0,B01,138Â 298Â 303,1.0,0.0,-1.0,1643317,2.0,7,,0.0,2.0,4.0,B01,138Â 298Â 303,1.0
962821,201900004352,2,9,12:49,1,2,1,1.0,4.0,45302,347 RUE NATIONALE 20,M,"47,9411230","1,8931480",45,2019,50.0,1.0,1.0,4.0,2151988,5.0,2,1,2,5.0,,-1.0, -1,1977.0,B01,138Â 298Â 303,1.0,0.0,-1.0,1643318,2.0,7,,0.0,2.0,4.0,C01,138Â 298Â 304,1.0
962821,201900004352,2,9,12:49,1,2,1,1.0,4.0,45302,347 RUE NATIONALE 20,M,"47,9411230","1,8931480",45,2019,50.0,1.0,1.0,4.0,2151989,3.0,2,1,1,0.0,,-1.0, -1,2012.0,B01,138Â 298Â 303,1.0,0.0,-1.0,1643316,2.0,37,8.0,0.0,2.0,1.0,A01,138Â 298Â 302,1.0
962821,201900004352,2,9,12:49,1,2,1,1.0,4.0,45302,347 RUE NATIONALE 20,M,"47,9411230","1,8931480",45,2019,50.0,1.0,1.0,4.0,2151989,3.0,2,1,1,0.0,,-1.0, -1,2012.0,B01,138Â 298Â 303,1.0,0.0,-1.0,1643317,2.0,7,,0.0,2.0,4.0,B01,138Â 298Â 303,1.0
962821,201900004352,2,9,12:49,1,2,1,1.0,4.0,45302,347 RUE NATIONALE 20,M,"47,9411230","1,8931480",45,2019,50.0,1.0,1.0,4.0,2151989,3.0,2,1,1,0.0,,-1.0, -1,2012.0,B01,138Â 298Â 303,1.0,0.0,-1.0,1643318,2.0,7,,0.0,2.0,4.0,C01,138Â 298Â 304,1.0
962821,201900004352,2,9,12:49,1,2,1,1.0,4.0,45302,347 RUE NATIONALE 20,M,"47,9411230","1,8931480",45,2019,50.0,1.0,1.0,4.0,2151990,4.0,2,1,2,0.0,,-1.0, -1,2012.0,B01,138Â 298Â 303,1.0,0.0,-1.0,1643316,2.0,37,8.0,0.0,2.0,1.0,A01,138Â 298Â 302,1.0
962821,201900004352,2,9,12:49,1,2,1,1.0,4.0,45302,347 RUE NATIONALE 20,M,"47,9411230","1,8931480",45,2019,50.0,1.0,1.0,4.0,2151990,4.0,2,1,2,0.0,,-1.0, -1,2012.0,B01,138Â 298Â 303,1.0,0.0,-1.0,1643317,2.0,7,,0.0,2.0,4.0,B01,138Â 298Â 303,1.0
962821,201900004352,2,9,12:49,1,2,1,1.0,4.0,45302,347 RUE NATIONALE 20,M,"47,9411230","1,8931480",45,2019,50.0,1.0,1.0,4.0,2151990,4.0,2,1,2,0.0,,-1.0, -1,2012.0,B01,138Â 298Â 303,1.0,0.0,-1.0,1643318,2.0,7,,0.0,2.0,4.0,C01,138Â 298Â 304,1.0
962821,201900004352,2,9,12:49,1,2,1,1.0,4.0,45302,347 RUE NATIONALE 20,M,"47,9411230","1,8931480",45,2019,50.0,1.0,1.0,4.0,2151991,1.0,1,1,2,5.0,,-1.0, -1,1958.0,B01,138Â 298Â 303,1.0,0.0,-1.0,1643316,2.0,37,8.0,0.0,2.0,1.0,A01,138Â 298Â 302,1.0
962821,201900004352,2,9,12:49,1,2,1,1.0,4.0,45302,347 RUE NATIONALE 20,M,"47,9411230","1,8931480",45,2019,50.0,1.0,1.0,4.0,2151991,1.0,1,1,2,5.0,,-1.0, -1,1958.0,B01,138Â 298Â 303,1.0,0.0,-1.0,1643317,2.0,7,,0.0,2.0,4.0,B01,138Â 298Â 303,1.0
962821,201900004352,2,9,12:49,1,2,1,1.0,4.0,45302,347 RUE NATIONALE 20,M,"47,9411230","1,8931480",45,2019,50.0,1.0,1.0,4.0,2151991,1.0,1,1,2,5.0,,-1.0, -1,1958.0,B01,138Â 298Â 303,1.0,0.0,-1.0,1643318,2.0,7,,0.0,2.0,4.0,C01,138Â 298Â 304,1.0
962821,201900004352,2,9,12:49,1,2,1,1.0,4.0,45302,347 RUE NATIONALE 20,M,"47,9411230","1,8931480",45,2019,50.0,1.0,1.0,4.0,2151992,1.0,1,1,1,5.0,,-1.0, -1,1991.0,C01,138Â 298Â 304,1.0,0.0,-1.0,1643316,2.0,37,8.0,0.0,2.0,1.0,A01,138Â 298Â 302,1.0
962821,201900004352,2,9,12:49,1,2,1,1.0,4.0,45302,347 RUE NATIONALE 20,M,"47,9411230","1,8931480",45,2019,50.0,1.0,1.0,4.0,2151992,1.0,1,1,1,5.0,,-1.0, -1,1991.0,C01,138Â 298Â 304,1.0,0.0,-1.0,1643317,2.0,7,,0.0,2.0,4.0,B01,138Â 298Â 303,1.0
962821,201900004352,2,9,12:49,1,2,1,1.0,4.0,45302,347 RUE NATIONALE 20,M,"47,9411230","1,8931480",45,2019,50.0,1.0,1.0,4.0,2151992,1.0,1,1,1,5.0,,-1.0, -1,1991.0,C01,138Â 298Â 304,1.0,0.0,-1.0,1643318,2.0,7,,0.0,2.0,4.0,C01,138Â 298Â 304,1.0
962821,201900004352,2,9,12:49,1,2,1,1.0,4.0,45302,347 RUE NATIONALE 20,M,"47,9411230","1,8931480",45,2019,50.0,1.0,1.0,4.0,2151993,2.0,2,1,1,5.0,,-1.0, -1,1991.0,C01,138Â 298Â 304,1.0,0.0,-1.0,1643316,2.0,37,8.0,0.0,2.0,1.0,A01,138Â 298Â 302,1.0
962821,201900004352,2,9,12:49,1,2,1,1.0,4.0,45302,347 RUE NATIONALE 20,M,"47,9411230","1,8931480",45,2019,50.0,1.0,1.0,4.0,2151993,2.0,2,1,1,5.0,,-1.0, -1,1991.0,C01,138Â 298Â 304,1.0,0.0,-1.0,1643317,2.0,7,,0.0,2.0,4.0,B01,138Â 298Â 303,1.0
962821,201900004352,2,9,12:49,1,2,1,1.0,4.0,45302,347 RUE NATIONALE 20,M,"47,9411230","1,8931480",45,2019,50.0,1.0,1.0,4.0,2151993,2.0,2,1,1,5.0,,-1.0, -1,1991.0,C01,138Â 298Â 304,1.0,0.0,-1.0,1643318,2.0,7,,0.0,2.0,4.0,C01,138Â 298Â 304,1.0
962822,201900004353,2,8,07:23,5,1,1,1.0,3.0,45147,ROCADE D2060,M,"47,9387000","1,9148000",45,2019,90.0,1.0,1.0,3.0,2151994,1.0,1,4,2,1.0,,-1.0, -1,1979.0,B01,138Â 298Â 300,1.0,0.0,-1.0,1643319,1.0,7,,0.0,2.0,3.0,B01,138Â 298Â 300,1.0
962822,201900004353,2,8,07:23,5,1,1,1.0,3.0,45147,ROCADE D2060,M,"47,9387000","1,9148000",45,2019,90.0,1.0,1.0,3.0,2151994,1.0,1,4,2,1.0,,-1.0, -1,1979.0,B01,138Â 298Â 300,1.0,0.0,-1.0,1643320,1.0,7,,0.0,2.0,2.0,A01,138Â 298Â 301,1.0
962822,201900004353,2,8,07:23,5,1,1,1.0,3.0,45147,ROCADE D2060,M,"47,9387000","1,9148000",45,2019,90.0,1.0,1.0,3.0,2151995,1.0,1,1,2,0.0,,-1.0, -1,1980.0,A01,138Â 298Â 301,1.0,4.0,-1.0,1643319,1.0,7,,0.0,2.0,3.0,B01,138Â 298Â 300,1.0