Unnamed: 0_x,num_acc,mois,jour,hrmn,lum,agg,int,atm,col,com,adr,gps,lat,long,dep,annee,vma,situ,surf,catr,Unnamed: 0_y,place,catu,grav,sexe,trajet,secu,locp,actp,an_nais,num_veh_x,id_vehicule_x,secu1,secu2,secu3,Unnamed: 0,senc,catv,occutc,obs,obsm,choc,num_veh_y,id_vehicule_y,motor
962822,201900004353,2,8,07:23,5,1,1,1.0,3.0,45147,ROCADE D2060,M,"47,9387000","1,9148000",45,2019,90.0,1.0,1.0,3.0,2151995,1.0,1,1,2,0.0,,-1.0, -1,1980.0,A01,138Â 298Â 301,1.0,4.0,-1.0,1643320,1.0,7,,0.0,2.0,2.0,A01,138Â 298Â 301,1.0
962823,201900004354,2,7,13:40,1,2,1,1.0,6.0,45234,PLACE DU JARDIN DES PLANTES,M,"47,8929010","1,8992250",45,2019,50.0,1.0,1.0,3.0,2151996,1.0,1,4,1,1.0,,-1.0, -1,1994.0,B01,138Â 298Â 298,8.0,0.0,-1.0,1643321,1.0,1,,0.0,2.0,3.0,B01,138Â 298Â 298,5.0
962823,201900004354,2,7,13:40,1,2,1,1.0,6.0,45234,PLACE DU JARDIN DES PLANTES,M,"47,8929010","1,8992250",45,2019,50.0,1.0,1.0,3.0,2151996,1.0,1,4,1,1.0,,-1.0, -1,1994.0,B01,138Â 298Â 298,8.0,0.0,-1.0,1643322,1.0,7,,0.0,0.0,3.0,A01,138Â 298Â 299,1.0
962823,201900004354,2,7,13:40,1,2,1,1.0,6.0,45234,PLACE DU JARDIN DES PLANTES,M,"47,8929010","1,8992250",45,2019,50.0,1.0,1.0,3.0,2151997,2.0,2,1,2,1.0,,-1.0, -1,1958.0,A01,138Â 298Â 299,1.0,0.0,-1.0,1643321,1.0,1,,0.0,2.0,3.0,B01,138Â 298Â 298,5.0
962823,201900004354,2,7,13:40,1,2,1,1.0,6.0,45234,PLACE DU JARDIN DES PLANTES,M,"47,8929010","1,8992250",45,2019,50.0,1.0,1.0,3.0,2151997,2.0,2,1,2,1.0,,-1.0, -1,1958.0,A01,138Â 298Â 299,1.0,0.0,-1.0,1643322,1.0,7,,0.0,0.0,3.0,A01,138Â 298Â 299,1.0
962823,201900004354,2,7,13:40,1,2,1,1.0,6.0,45234,PLACE DU JARDIN DES PLANTES,M,"47,8929010","1,8992250",45,2019,50.0,1.0,1.0,3.0,2151998,1.0,1,1,1,1.0,,-1.0, -1,1952.0,A01,138Â 298Â 299,8.0,0.0,-1.0,1643321,1.0,1,,0.0,2.0,3.0,B01,138Â 298Â 298,5.0
962823,201900004354,2,7,13:40,1,2,1,1.0,6.0,45234,PLACE DU JARDIN DES PLANTES,M,"47,8929010","1,8992250",45,2019,50.0,1.0,1.0,3.0,2151998,1.0,1,1,1,1.0,,-1.0, -1,1952.0,A01,138Â 298Â 299,8.0,0.0,-1.0,1643322,1.0,7,,0.0,0.0,3.0,A01,138Â 298Â 299,1.0
962824,201900004355,2,8,15:40,1,1,1,1.0,6.0,45004,RUE DE BROSSERONDE,M,"47,9829230","2,7748280",45,2019,50.0,1.0,1.0,4.0,2151999,1.0,1,4,2,2.0,,-1.0, -1,1989.0,A01,138Â 298Â 297,8.0,8.0,-1.0,1643323,3.0,7,,2.0,0.0,7.0,A01,138Â 298Â 297,1.0
962825,201900004356,2,10,10:30,1,2,1,2.0,2.0,44184,BROODCOORENS (RUE) DU 78 AU 122 - DU 79,M,"47,2656000"," -2,2518000",44,2019,50.0,1.0,3.0,4.0,2152000,1.0,1,4,1,5.0,,0.0,0,1982.0,A01,138Â 298Â 295,2.0,6.0,-1.0,1643324,1.0,31,,0.0,2.0,1.0,A01,138Â 298Â 295,1.0
962825,201900004356,2,10,10:30,1,2,1,2.0,2.0,44184,BROODCOORENS (RUE) DU 78 AU 122 - DU 79,M,"47,2656000"," -2,2518000",44,2019,50.0,1.0,3.0,4.0,2152000,1.0,1,4,1,5.0,,0.0,0,1982.0,A01,138Â 298Â 295,2.0,6.0,-1.0,1643325,1.0,7,,0.0,1.0,4.0,B01,138Â 298Â 296,1.0
962825,201900004356,2,10,10:30,1,2,1,2.0,2.0,44184,BROODCOORENS (RUE) DU 78 AU 122 - DU 79,M,"47,2656000"," -2,2518000",44,2019,50.0,1.0,3.0,4.0,2152001,1.0,1,1,1,9.0,,0.0,0,1958.0,B01,138Â 298Â 296,1.0,0.0,-1.0,1643324,1.0,31,,0.0,2.0,1.0,A01,138Â 298Â 295,1.0
962825,201900004356,2,10,10:30,1,2,1,2.0,2.0,44184,BROODCOORENS (RUE) DU 78 AU 122 - DU 79,M,"47,2656000"," -2,2518000",44,2019,50.0,1.0,3.0,4.0,2152001,1.0,1,1,1,9.0,,0.0,0,1958.0,B01,138Â 298Â 296,1.0,0.0,-1.0,1643325,1.0,7,,0.0,1.0,4.0,B01,138Â 298Â 296,1.0
962826,201900004357,2,7,19:45,5,2,2,1.0,3.0,44184,BD RENAISSANCE /V. HUGO,M,"47,2834200"," -2,2156600",44,2019,50.0,1.0,1.0,4.0,2152002,1.0,1,4,1,3.0,,0.0,0,1998.0,B01,138Â 298Â 293,2.0,6.0,-1.0,1643326,2.0,33,,0.0,2.0,1.0,B01,138Â 298Â 293,1.0
962826,201900004357,2,7,19:45,5,2,2,1.0,3.0,44184,BD RENAISSANCE /V. HUGO,M,"47,2834200"," -2,2156600",44,2019,50.0,1.0,1.0,4.0,2152002,1.0,1,4,1,3.0,,0.0,0,1998.0,B01,138Â 298Â 293,2.0,6.0,-1.0,1643327,1.0,7,,0.0,2.0,3.0,A01,138Â 298Â 294,1.0
962826,201900004357,2,7,19:45,5,2,2,1.0,3.0,44184,BD RENAISSANCE /V. HUGO,M,"47,2834200"," -2,2156600",44,2019,50.0,1.0,1.0,4.0,2152003,1.0,1,1,2,5.0,,0.0,0,1989.0,A01,138Â 298Â 294,1.0,0.0,-1.0,1643326,2.0,33,,0.0,2.0,1.0,B01,138Â 298Â 293,1.0
962826,201900004357,2,7,19:45,5,2,2,1.0,3.0,44184,BD RENAISSANCE /V. HUGO,M,"47,2834200"," -2,2156600",44,2019,50.0,1.0,1.0,4.0,2152003,1.0,1,1,2,5.0,,0.0,0,1989.0,A01,138Â 298Â 294,1.0,0.0,-1.0,1643327,1.0,7,,0.0,2.0,3.0,A01,138Â 298Â 294,1.0
962827,201900004358,2,7,08:00,1,2,3,1.0,3.0,44184,RUE DU 28 FÃVRIER 1943/PASSAGE GAUTIER,M,"47,2743000"," -2,2076000",44,2019,50.0,1.0,1.0,4.0,2152004,1.0,1,1,1,0.0,,0.0,0,1999.0,A01,138Â 298Â 291,1.0,0.0,-1.0,1643328,2.0,7,,0.0,2.0,3.0,A01,138Â 298Â 291,1.0
962827,201900004358,2,7,08:00,1,2,3,1.0,3.0,44184,RUE DU 28 FÃVRIER 1943/PASSAGE GAUTIER,M,"47,2743000"," -2,2076000",44,2019,50.0,1.0,1.0,4.0,2152004,1.0,1,1,1,0.0,,0.0,0,1999.0,A01,138Â 298Â 291,1.0,0.0,-1.0,1643329,1.0,2,,0.0,2.0,1.0,B01,138Â 298Â 292,1.0
962827,201900004358,2,7,08:00,1,2,3,1.0,3.0,44184,RUE DU 28 FÃVRIER 1943/PASSAGE GAUTIER,M,"47,2743000"," -2,2076000",44,2019,50.0,1.0,1.0,4.0,2152005,1.0,1,4,1,1.0,,0.0,0,1989.0,B01,138Â 298Â 292,2.0,6.0,-1.0,1643328,2.0,7,,0.0,2.0,3.0,A01,138Â 298Â 291,1.0
962827,201900004358,2,7,08:00,1,2,3,1.0,3.0,44184,RUE DU 28 FÃVRIER 1943/PASSAGE GAUTIER,M,"47,2743000"," -2,2076000",44,2019,50.0,1.0,1.0,4.0,2152005,1.0,1,4,1,1.0,,0.0,0,1989.0,B01,138Â 298Â 292,2.0,6.0,-1.0,1643329,1.0,2,,0.0,2.0,1.0,B01,138Â 298Â 292,1.0
962828,201900004359,2,7,20:15,5,2,1,1.0,6.0,44109,JOSEPH ( RTE DE ST ),M,"47,2488600"," -1,5301900",44,2019,50.0,1.0,1.0,4.0,2152006,1.0,1,1,1,1.0,,0.0,0,1999.0,A01,138Â 298Â 288,1.0,0.0,-1.0,1643330,1.0,7,,0.0,1.0,1.0,A01,138Â 298Â 288,1.0
962828,201900004359,2,7,20:15,5,2,1,1.0,6.0,44109,JOSEPH ( RTE DE ST ),M,"47,2488600"," -1,5301900",44,2019,50.0,1.0,1.0,4.0,2152007,10.0,3,3,1,5.0,,2.0,5,1999.0,A01,138Â 298Â 288,8.0,0.0,-1.0,1643330,1.0,7,,0.0,1.0,1.0,A01,138Â 298Â 288,1.0
962829,201900004360,2,7,19:25,5,2,3,1.0,3.0,44109,RUE CHEVREUL,M,"47,1979500"," -1,5916100",44,2019,50.0,1.0,1.0,4.0,2152008,1.0,1,3,1,5.0,,0.0,0,1985.0,B01,138Â 298Â 286,2.0,0.0,-1.0,1643331,1.0,33,,0.0,2.0,1.0,B01,138Â 298Â 286,1.0
962829,201900004360,2,7,19:25,5,2,3,1.0,3.0,44109,RUE CHEVREUL,M,"47,1979500"," -1,5916100",44,2019,50.0,1.0,1.0,4.0,2152008,1.0,1,3,1,5.0,,0.0,0,1985.0,B01,138Â 298Â 286,2.0,0.0,-1.0,1643332,1.0,7,,0.0,2.0,3.0,A01,138Â 298Â 287,1.0
962829,201900004360,2,7,19:25,5,2,3,1.0,3.0,44109,RUE CHEVREUL,M,"47,1979500"," -1,5916100",44,2019,50.0,1.0,1.0,4.0,2152009,1.0,1,1,2,1.0,,0.0,0,1984.0,A01,138Â 298Â 287,1.0,0.0,-1.0,1643331,1.0,33,,0.0,2.0,1.0,B01,138Â 298Â 286,1.0
962829,201900004360,2,7,19:25,5,2,3,1.0,3.0,44109,RUE CHEVREUL,M,"47,1979500"," -1,5916100",44,2019,50.0,1.0,1.0,4.0,2152009,1.0,1,1,2,1.0,,0.0,0,1984.0,A01,138Â 298Â 287,1.0,0.0,-1.0,1643332,1.0,7,,0.0,2.0,3.0,A01,138Â 298Â 287,1.0
962830,201900004361,2,8,10:20,1,2,1,2.0,6.0,44114,BOULEVARD MENDES FRANCE,M,"47,2608000"," -1,5882400",44,2019,50.0,1.0,2.0,4.0,2152010,1.0,1,1,1,3.0,,0.0,0,1984.0,A01,138Â 298Â 285,1.0,0.0,-1.0,1643333,1.0,7,,0.0,1.0,7.0,A01,138Â 298Â 285,1.0
962830,201900004361,2,8,10:20,1,2,1,2.0,6.0,44114,BOULEVARD MENDES FRANCE,M,"47,2608000"," -1,5882400",44,2019,50.0,1.0,2.0,4.0,2152011,10.0,3,4,2,1.0,,3.0,3,1998.0,A01,138Â 298Â 285,8.0,0.0,-1.0,1643333,1.0,7,,0.0,1.0,7.0,A01,138Â 298Â 285,1.0
962831,201900004362,2,8,07:30,5,2,1,8.0,6.0,44109,STALINGRAD ( BD DE ),M,"47,2186400"," -1,5385000",44,2019,50.0,1.0,2.0,4.0,2152012,1.0,1,1,2,1.0,,0.0,0,1973.0,A01,138Â 298Â 284,1.0,0.0,-1.0,1643334,1.0,7,,0.0,1.0,8.0,A01,138Â 298Â 284,1.0
962831,201900004362,2,8,07:30,5,2,1,8.0,6.0,44109,STALINGRAD ( BD DE ),M,"47,2186400"," -1,5385000",44,2019,50.0,1.0,2.0,4.0,2152013,10.0,3,3,2,1.0,,4.0,3,1970.0,A01,138Â 298Â 284,8.0,0.0,-1.0,1643334,1.0,7,,0.0,1.0,8.0,A01,138Â 298Â 284,1.0
962832,201900004363,2,11,16:15,1,2,1,1.0,6.0,42187,SEMARD (RUE PIERRE ),M,"46,0423500","4,0603500",42,2019,50.0,1.0,2.0,4.0,2152014,1.0,1,3,2,3.0,,0.0,0,1998.0,A01,138Â 298Â 283,8.0,0.0,-1.0,1643335,1.0,7,,6.0,0.0,3.0,A01,138Â 298Â 283,1.0
962832,201900004363,2,11,16:15,1,2,1,1.0,6.0,42187,SEMARD (RUE PIERRE ),M,"46,0423500","4,0603500",42,2019,50.0,1.0,2.0,4.0,2152015,2.0,2,4,2,3.0,,0.0,0,2000.0,A01,138Â 298Â 283,8.0,0.0,-1.0,1643335,1.0,7,,6.0,0.0,3.0,A01,138Â 298Â 283,1.0
962833,201900004364,2,7,19:45,3,2,9,1.0,7.0,42187,EST (ROCADE),M,"46,0488200","4,0859100",42,2019,70.0,1.0,1.0,2.0,2152016,1.0,1,4,1,9.0,,-1.0,0,1979.0,A01,138Â 298Â 282,8.0,0.0,-1.0,1643336,2.0,7,,2.0,0.0,0.0,A01,138Â 298Â 282,1.0
962833,201900004364,2,7,19:45,3,2,9,1.0,7.0,42187,EST (ROCADE),M,"46,0488200","4,0859100",42,2019,70.0,1.0,1.0,2.0,2152017,2.0,2,4,1,9.0,,-1.0,0,1979.0,A01,138Â 298Â 282,8.0,0.0,-1.0,1643336,2.0,7,,2.0,0.0,0.0,A01,138Â 298Â 282,1.0
962834,201900004365,2,8,08:18,1,2,1,4.0,1.0,42183,BERAUDIERE (RUE DE LA),M,"45,4108740","4,3770810",42,2019,30.0,1.0,7.0,4.0,2152018,1.0,1,1,1,1.0,,0.0,0,1972.0,A01,138Â 298Â 280,1.0,0.0,-1.0,1643337,3.0,10,,0.0,2.0,1.0,A01,138Â 298Â 280,1.0
962834,201900004365,2,8,08:18,1,2,1,4.0,1.0,42183,BERAUDIERE (RUE DE LA),M,"45,4108740","4,3770810",42,2019,30.0,1.0,7.0,4.0,2152018,1.0,1,1,1,1.0,,0.0,0,1972.0,A01,138Â 298Â 280,1.0,0.0,-1.0,1643338,3.0,7,,0.0,2.0,1.0,B01,138Â 298Â 281,1.0
962834,201900004365,2,8,08:18,1,2,1,4.0,1.0,42183,BERAUDIERE (RUE DE LA),M,"45,4108740","4,3770810",42,2019,30.0,1.0,7.0,4.0,2152019,1.0,1,4,1,1.0,,0.0,0,1986.0,B01,138Â 298Â 281,1.0,0.0,-1.0,1643337,3.0,10,,0.0,2.0,1.0,A01,138Â 298Â 280,1.0
962834,201900004365,2,8,08:18,1,2,1,4.0,1.0,42183,BERAUDIERE (RUE DE LA),M,"45,4108740","4,3770810",42,2019,30.0,1.0,7.0,4.0,2152019,1.0,1,4,1,1.0,,0.0,0,1986.0,B01,138Â 298Â 281,1.0,0.0,-1.0,1643338,3.0,7,,0.0,2.0,1.0,B01,138Â 298Â 281,1.0
962835,201900004366,2,7,15:00,1,2,1,1.0,7.0,41018,BASSES DES GROUETS (RUE),M,"47,5564200","1,2951800",41,2019,50.0,1.0,1.0,4.0,2152020,1.0,1,3,2,5.0,,0.0, -1,1965.0,A01,138Â 298Â 279,1.0,8.0,-1.0,1643339,2.0,3,,13.0,0.0,1.0,A01,138Â 298Â 279,1.0
962836,201900004367,2,6,19:10,5,2,1,1.0,6.0,39198,103 Avenue Jacques Duhamel,M,"47,0841760","5,4802140",39,2019,50.0,1.0,1.0,4.0,2152021,10.0,3,3,2,0.0,,3.0,3,1949.0,A01,138Â 298Â 278,8.0,0.0,-1.0,1643340,1.0,7,,0.0,1.0,1.0,A01,138Â 298Â 278,1.0
962836,201900004367,2,6,19:10,5,2,1,1.0,6.0,39198,103 Avenue Jacques Duhamel,M,"47,0841760","5,4802140",39,2019,50.0,1.0,1.0,4.0,2152022,1.0,1,1,1,0.0,,-1.0, -1,1974.0,A01,138Â 298Â 278,1.0,0.0,-1.0,1643340,1.0,7,,0.0,1.0,1.0,A01,138Â 298Â 278,1.0
962837,201900004368,2,8,11:19,1,2,9,1.0,6.0,38544,CAMILLE JOUFFRAY(PLACE),M,"45,5212510","4,8711190",38,2019,30.0,1.0,1.0,3.0,2152023,10.0,3,4,1,0.0,,9.0,B,1932.0,A01,138Â 298Â 277,8.0,0.0,-1.0,1643341,3.0,10,,0.0,1.0,4.0,A01,138Â 298Â 277,1.0
962837,201900004368,2,8,11:19,1,2,9,1.0,6.0,38544,CAMILLE JOUFFRAY(PLACE),M,"45,5212510","4,8711190",38,2019,30.0,1.0,1.0,3.0,2152024,1.0,1,1,2,0.0,,-1.0, -1,1949.0,A01,138Â 298Â 277,1.0,0.0,-1.0,1643341,3.0,10,,0.0,1.0,4.0,A01,138Â 298Â 277,1.0
962838,201900004369,2,10,06:50,2,2,2,3.0,3.0,37208,GRANDMONT (RUE DE),M,"47,3655745","0,7153736",37,2019,50.0,1.0,2.0,4.0,2152025,1.0,1,3,2,5.0,,-1.0,0,1988.0,B01,138Â 298Â 275,1.0,0.0,-1.0,1643342,1.0,7,,0.0,2.0,3.0,B01,138Â 298Â 275,1.0
962838,201900004369,2,10,06:50,2,2,2,3.0,3.0,37208,GRANDMONT (RUE DE),M,"47,3655745","0,7153736",37,2019,50.0,1.0,2.0,4.0,2152025,1.0,1,3,2,5.0,,-1.0,0,1988.0,B01,138Â 298Â 275,1.0,0.0,-1.0,1643343,1.0,7,,0.0,2.0,1.0,A01,138Â 298Â 276,1.0
962838,201900004369,2,10,06:50,2,2,2,3.0,3.0,37208,GRANDMONT (RUE DE),M,"47,3655745","0,7153736",37,2019,50.0,1.0,2.0,4.0,2152026,1.0,1,1,1,5.0,,-1.0,0,1981.0,A01,138Â 298Â 276,1.0,0.0,-1.0,1643342,1.0,7,,0.0,2.0,3.0,B01,138Â 298Â 275,1.0
962838,201900004369,2,10,06:50,2,2,2,3.0,3.0,37208,GRANDMONT (RUE DE),M,"47,3655745","0,7153736",37,2019,50.0,1.0,2.0,4.0,2152026,1.0,1,1,1,5.0,,-1.0,0,1981.0,A01,138Â 298Â 276,1.0,0.0,-1.0,1643343,1.0,7,,0.0,2.0,1.0,A01,138Â 298Â 276,1.0
962839,201900004370,2,9,12:40,1,2,2,1.0,3.0,37261,ROYER (BD JEAN),M,"47,3802100","0,6893300",37,2019,50.0,1.0,1.0,4.0,2152027,1.0,1,4,1,5.0,,-1.0,0,1973.0,B01,138Â 298Â 273,2.0,4.0,-1.0,1643344,2.0,1,,0.0,2.0,1.0,B01,138Â 298Â 273,5.0
962839,201900004370,2,9,12:40,1,2,2,1.0,3.0,37261,ROYER (BD JEAN),M,"47,3802100","0,6893300",37,2019,50.0,1.0,1.0,4.0,2152027,1.0,1,4,1,5.0,,-1.0,0,1973.0,B01,138Â 298Â 273,2.0,4.0,-1.0,1643345,2.0,7,,0.0,2.0,7.0,A01,138Â 298Â 274,1.0
962839,201900004370,2,9,12:40,1,2,2,1.0,3.0,37261,ROYER (BD JEAN),M,"47,3802100","0,6893300",37,2019,50.0,1.0,1.0,4.0,2152028,1.0,1,1,1,5.0,,-1.0,0,1967.0,A01,138Â 298Â 274,1.0,8.0,-1.0,1643344,2.0,1,,0.0,2.0,1.0,B01,138Â 298Â 273,5.0
962839,201900004370,2,9,12:40,1,2,2,1.0,3.0,37261,ROYER (BD JEAN),M,"47,3802100","0,6893300",37,2019,50.0,1.0,1.0,4.0,2152028,1.0,1,1,1,5.0,,-1.0,0,1967.0,A01,138Â 298Â 274,1.0,8.0,-1.0,1643345,2.0,7,,0.0,2.0,7.0,A01,138Â 298Â 274,1.0
962840,201900004371,2,9,10:50,1,2,1,1.0,6.0,37233,RABATERIE (RUE DE LA),M,"47,3918600","0,7224000",37,2019,50.0,1.0,1.0,4.0,2152029,10.0,3,4,2,3.0,,3.0,3,1946.0,A01,138Â 298Â 272,8.0,0.0,-1.0,1643346,2.0,7,,0.0,1.0,4.0,A01,138Â 298Â 272,1.0
962840,201900004371,2,9,10:50,1,2,1,1.0,6.0,37233,RABATERIE (RUE DE LA),M,"47,3918600","0,7224000",37,2019,50.0,1.0,1.0,4.0,2152030,1.0,1,1,1,4.0,,-1.0,0,1965.0,A01,138Â 298Â 272,1.0,8.0,-1.0,1643346,2.0,7,,0.0,1.0,4.0,A01,138Â 298Â 272,1.0
962841,201900004372,2,7,11:45,1,2,2,1.0,3.0,37261,ROTONDE (ROND-POINT DE LA),M,"47,3813751","0,7064478",37,2019,50.0,1.0,1.0,4.0,2152031,1.0,1,4,2,0.0,,-1.0,0,1994.0,B01,138Â 298Â 270,8.0,0.0,-1.0,1643347,2.0,1,,0.0,2.0,4.0,B01,138Â 298Â 270,5.0
962841,201900004372,2,7,11:45,1,2,2,1.0,3.0,37261,ROTONDE (ROND-POINT DE LA),M,"47,3813751","0,7064478",37,2019,50.0,1.0,1.0,4.0,2152031,1.0,1,4,2,0.0,,-1.0,0,1994.0,B01,138Â 298Â 270,8.0,0.0,-1.0,1643348,1.0,7,,0.0,9.0,2.0,A01,138Â 298Â 271,0.0
962841,201900004372,2,7,11:45,1,2,2,1.0,3.0,37261,ROTONDE (ROND-POINT DE LA),M,"47,3813751","0,7064478",37,2019,50.0,1.0,1.0,4.0,2152032,1.0,1,1,2,5.0,,-1.0,0,1955.0,A01,138Â 298Â 271,1.0,8.0,-1.0,1643347,2.0,1,,0.0,2.0,4.0,B01,138Â 298Â 270,5.0
962841,201900004372,2,7,11:45,1,2,2,1.0,3.0,37261,ROTONDE (ROND-POINT DE LA),M,"47,3813751","0,7064478",37,2019,50.0,1.0,1.0,4.0,2152032,1.0,1,1,2,5.0,,-1.0,0,1955.0,A01,138Â 298Â 271,1.0,8.0,-1.0,1643348,1.0,7,,0.0,9.0,2.0,A01,138Â 298Â 271,0.0
962842,201900004373,2,8,16:02,1,2,1,1.0,2.0,37233,POMPIDOU (AVENUE GEORGES),M,"47,3900819","0,7072608",37,2019,50.0,1.0,1.0,4.0,2152033,1.0,1,1,2,0.0,,-1.0,0,1982.0,A01,138Â 298Â 268,1.0,8.0,-1.0,1643349,2.0,7,,0.0,2.0,1.0,A01,138Â 298Â 268,1.0
962842,201900004373,2,8,16:02,1,2,1,1.0,2.0,37233,POMPIDOU (AVENUE GEORGES),M,"47,3900819","0,7072608",37,2019,50.0,1.0,1.0,4.0,2152033,1.0,1,1,2,0.0,,-1.0,0,1982.0,A01,138Â 298Â 268,1.0,8.0,-1.0,1643350,2.0,7,,0.0,2.0,4.0,B01,138Â 298Â 269,1.0
962842,201900004373,2,8,16:02,1,2,1,1.0,2.0,37233,POMPIDOU (AVENUE GEORGES),M,"47,3900819","0,7072608",37,2019,50.0,1.0,1.0,4.0,2152034,4.0,2,1,1,5.0,,-1.0,0,2009.0,B01,138Â 298Â 269,1.0,0.0,-1.0,1643349,2.0,7,,0.0,2.0,1.0,A01,138Â 298Â 268,1.0
962842,201900004373,2,8,16:02,1,2,1,1.0,2.0,37233,POMPIDOU (AVENUE GEORGES),M,"47,3900819","0,7072608",37,2019,50.0,1.0,1.0,4.0,2152034,4.0,2,1,1,5.0,,-1.0,0,2009.0,B01,138Â 298Â 269,1.0,0.0,-1.0,1643350,2.0,7,,0.0,2.0,4.0,B01,138Â 298Â 269,1.0
962842,201900004373,2,8,16:02,1,2,1,1.0,2.0,37233,POMPIDOU (AVENUE GEORGES),M,"47,3900819","0,7072608",37,2019,50.0,1.0,1.0,4.0,2152035,1.0,1,1,1,5.0,,-1.0,0,1975.0,B01,138Â 298Â 269,1.0,0.0,-1.0,1643349,2.0,7,,0.0,2.0,1.0,A01,138Â 298Â 268,1.0
962842,201900004373,2,8,16:02,1,2,1,1.0,2.0,37233,POMPIDOU (AVENUE GEORGES),M,"47,3900819","0,7072608",37,2019,50.0,1.0,1.0,4.0,2152035,1.0,1,1,1,5.0,,-1.0,0,1975.0,B01,138Â 298Â 269,1.0,0.0,-1.0,1643350,2.0,7,,0.0,2.0,4.0,B01,138Â 298Â 269,1.0
962842,201900004373,2,8,16:02,1,2,1,1.0,2.0,37233,POMPIDOU (AVENUE GEORGES),M,"47,3900819","0,7072608",37,2019,50.0,1.0,1.0,4.0,2152036,2.0,2,1,2,5.0,,-1.0,0,1980.0,B01,138Â 298Â 269,1.0,0.0,-1.0,1643349,2.0,7,,0.0,2.0,1.0,A01,138Â 298Â 268,1.0
962842,201900004373,2,8,16:02,1,2,1,1.0,2.0,37233,POMPIDOU (AVENUE GEORGES),M,"47,3900819","0,7072608",37,2019,50.0,1.0,1.0,4.0,2152036,2.0,2,1,2,5.0,,-1.0,0,1980.0,B01,138Â 298Â 269,1.0,0.0,-1.0,1643350,2.0,7,,0.0,2.0,4.0,B01,138Â 298Â 269,1.0
962842,201900004373,2,8,16:02,1,2,1,1.0,2.0,37233,POMPIDOU (AVENUE GEORGES),M,"47,3900819","0,7072608",37,2019,50.0,1.0,1.0,4.0,2152037,3.0,2,4,1,5.0,,-1.0,0,2012.0,B01,138Â 298Â 269,1.0,0.0,-1.0,1643349,2.0,7,,0.0,2.0,1.0,A01,138Â 298Â 268,1.0
962842,201900004373,2,8,16:02,1,2,1,1.0,2.0,37233,POMPIDOU (AVENUE GEORGES),M,"47,3900819","0,7072608",37,2019,50.0,1.0,1.0,4.0,2152037,3.0,2,4,1,5.0,,-1.0,0,2012.0,B01,138Â 298Â 269,1.0,0.0,-1.0,1643350,2.0,7,,0.0,2.0,4.0,B01,138Â 298Â 269,1.0
962843,201900004374,2,7,15:17,1,1,2,1.0,3.0,37195,DE GAULLE (RUE CHARLES),M,"47,3907745","0,6575075",37,2019,30.0,1.0,1.0,4.0,2152038,1.0,1,4,2,5.0,,-1.0,0,1946.0,B01,138Â 298Â 266,1.0,0.0,-1.0,1643351,3.0,7,,0.0,2.0,3.0,B01,138Â 298Â 266,0.0
962843,201900004374,2,7,15:17,1,1,2,1.0,3.0,37195,DE GAULLE (RUE CHARLES),M,"47,3907745","0,6575075",37,2019,30.0,1.0,1.0,4.0,2152038,1.0,1,4,2,5.0,,-1.0,0,1946.0,B01,138Â 298Â 266,1.0,0.0,-1.0,1643352,3.0,10,,0.0,2.0,1.0,A01,138Â 298Â 267,1.0
962843,201900004374,2,7,15:17,1,1,2,1.0,3.0,37195,DE GAULLE (RUE CHARLES),M,"47,3907745","0,6575075",37,2019,30.0,1.0,1.0,4.0,2152039,1.0,1,1,1,4.0,,-1.0,0,1975.0,A01,138Â 298Â 267,1.0,8.0,-1.0,1643351,3.0,7,,0.0,2.0,3.0,B01,138Â 298Â 266,0.0
962843,201900004374,2,7,15:17,1,1,2,1.0,3.0,37195,DE GAULLE (RUE CHARLES),M,"47,3907745","0,6575075",37,2019,30.0,1.0,1.0,4.0,2152039,1.0,1,1,1,4.0,,-1.0,0,1975.0,A01,138Â 298Â 267,1.0,8.0,-1.0,1643352,3.0,10,,0.0,2.0,1.0,A01,138Â 298Â 267,1.0
962844,201900004375,2,7,10:17,1,2,1,1.0,6.0,37261,ROYER (BD JEAN),M,"47,3817126","0,6816711",37,2019,50.0,1.0,1.0,4.0,2152040,10.0,3,4,2,0.0,,4.0,3,1969.0,A01,138Â 298Â 265,8.0,0.0,-1.0,1643353,2.0,7,,0.0,1.0,1.0,A01,138Â 298Â 265,1.0
962844,201900004375,2,7,10:17,1,2,1,1.0,6.0,37261,ROYER (BD JEAN),M,"47,3817126","0,6816711",37,2019,50.0,1.0,1.0,4.0,2152041,1.0,1,1,2,5.0,,-1.0,0,1956.0,A01,138Â 298Â 265,1.0,8.0,-1.0,1643353,2.0,7,,0.0,1.0,1.0,A01,138Â 298Â 265,1.0
962845,201900004376,2,7,09:11,1,1,1,1.0,4.0,37261,SAVONNIERES (ROUTE DE),M,"47,3676399","0,6484330",37,2019,50.0,1.0,1.0,4.0,2152042,1.0,1,4,2,9.0,,-1.0,0,1995.0,A01,138Â 298Â 262,1.0,8.0,-1.0,1643354,3.0,7,,0.0,2.0,1.0,A01,138Â 298Â 262,1.0
962845,201900004376,2,7,09:11,1,1,1,1.0,4.0,37261,SAVONNIERES (ROUTE DE),M,"47,3676399","0,6484330",37,2019,50.0,1.0,1.0,4.0,2152042,1.0,1,4,2,9.0,,-1.0,0,1995.0,A01,138Â 298Â 262,1.0,8.0,-1.0,1643355,3.0,7,,0.0,2.0,4.0,C01,138Â 298Â 263,1.0
962845,201900004376,2,7,09:11,1,1,1,1.0,4.0,37261,SAVONNIERES (ROUTE DE),M,"47,3676399","0,6484330",37,2019,50.0,1.0,1.0,4.0,2152042,1.0,1,4,2,9.0,,-1.0,0,1995.0,A01,138Â 298Â 262,1.0,8.0,-1.0,1643356,3.0,7,,0.0,2.0,1.0,B01,138Â 298Â 264,0.0