Unnamed: 0_x,num_acc,mois,jour,hrmn,lum,agg,int,atm,col,com,adr,gps,lat,long,dep,annee,vma,situ,surf,catr,Unnamed: 0_y,place,catu,grav,sexe,trajet,secu,locp,actp,an_nais,num_veh_x,id_vehicule_x,secu1,secu2,secu3,Unnamed: 0,senc,catv,occutc,obs,obsm,choc,num_veh_y,id_vehicule_y,motor
962845,201900004376,2,7,09:11,1,1,1,1.0,4.0,37261,SAVONNIERES (ROUTE DE),M,"47,3676399","0,6484330",37,2019,50.0,1.0,1.0,4.0,2152043,1.0,1,1,2,0.0,,-1.0,0,1986.0,C01,138Â 298Â 263,1.0,8.0,-1.0,1643354,3.0,7,,0.0,2.0,1.0,A01,138Â 298Â 262,1.0
962845,201900004376,2,7,09:11,1,1,1,1.0,4.0,37261,SAVONNIERES (ROUTE DE),M,"47,3676399","0,6484330",37,2019,50.0,1.0,1.0,4.0,2152043,1.0,1,1,2,0.0,,-1.0,0,1986.0,C01,138Â 298Â 263,1.0,8.0,-1.0,1643355,3.0,7,,0.0,2.0,4.0,C01,138Â 298Â 263,1.0
962845,201900004376,2,7,09:11,1,1,1,1.0,4.0,37261,SAVONNIERES (ROUTE DE),M,"47,3676399","0,6484330",37,2019,50.0,1.0,1.0,4.0,2152043,1.0,1,1,2,0.0,,-1.0,0,1986.0,C01,138Â 298Â 263,1.0,8.0,-1.0,1643356,3.0,7,,0.0,2.0,1.0,B01,138Â 298Â 264,0.0
962845,201900004376,2,7,09:11,1,1,1,1.0,4.0,37261,SAVONNIERES (ROUTE DE),M,"47,3676399","0,6484330",37,2019,50.0,1.0,1.0,4.0,2152044,1.0,1,1,1,4.0,,-1.0,0,1988.0,B01,138Â 298Â 264,1.0,8.0,-1.0,1643354,3.0,7,,0.0,2.0,1.0,A01,138Â 298Â 262,1.0
962845,201900004376,2,7,09:11,1,1,1,1.0,4.0,37261,SAVONNIERES (ROUTE DE),M,"47,3676399","0,6484330",37,2019,50.0,1.0,1.0,4.0,2152044,1.0,1,1,1,4.0,,-1.0,0,1988.0,B01,138Â 298Â 264,1.0,8.0,-1.0,1643355,3.0,7,,0.0,2.0,4.0,C01,138Â 298Â 263,1.0
962845,201900004376,2,7,09:11,1,1,1,1.0,4.0,37261,SAVONNIERES (ROUTE DE),M,"47,3676399","0,6484330",37,2019,50.0,1.0,1.0,4.0,2152044,1.0,1,1,1,4.0,,-1.0,0,1988.0,B01,138Â 298Â 264,1.0,8.0,-1.0,1643356,3.0,7,,0.0,2.0,1.0,B01,138Â 298Â 264,0.0
962846,201900004377,2,7,17:00,1,2,2,1.0,3.0,37233,BEAUFILS (RUE MAURICE),M,"47,3921516","0,7298634",37,2019,50.0,1.0,1.0,4.0,2152045,1.0,1,1,1,0.0,,-1.0,0,1971.0,A01,138Â 298Â 260,1.0,8.0,-1.0,1643357,2.0,7,,0.0,2.0,5.0,A01,138Â 298Â 260,1.0
962846,201900004377,2,7,17:00,1,2,2,1.0,3.0,37233,BEAUFILS (RUE MAURICE),M,"47,3921516","0,7298634",37,2019,50.0,1.0,1.0,4.0,2152045,1.0,1,1,1,0.0,,-1.0,0,1971.0,A01,138Â 298Â 260,1.0,8.0,-1.0,1643358,1.0,7,,0.0,2.0,1.0,B01,138Â 298Â 261,1.0
962846,201900004377,2,7,17:00,1,2,2,1.0,3.0,37233,BEAUFILS (RUE MAURICE),M,"47,3921516","0,7298634",37,2019,50.0,1.0,1.0,4.0,2152046,3.0,2,4,1,0.0,,-1.0,0,2010.0,A01,138Â 298Â 260,1.0,8.0,-1.0,1643357,2.0,7,,0.0,2.0,5.0,A01,138Â 298Â 260,1.0
962846,201900004377,2,7,17:00,1,2,2,1.0,3.0,37233,BEAUFILS (RUE MAURICE),M,"47,3921516","0,7298634",37,2019,50.0,1.0,1.0,4.0,2152046,3.0,2,4,1,0.0,,-1.0,0,2010.0,A01,138Â 298Â 260,1.0,8.0,-1.0,1643358,1.0,7,,0.0,2.0,1.0,B01,138Â 298Â 261,1.0
962846,201900004377,2,7,17:00,1,2,2,1.0,3.0,37233,BEAUFILS (RUE MAURICE),M,"47,3921516","0,7298634",37,2019,50.0,1.0,1.0,4.0,2152047,1.0,1,1,1,0.0,,-1.0,0,2000.0,B01,138Â 298Â 261,1.0,8.0,-1.0,1643357,2.0,7,,0.0,2.0,5.0,A01,138Â 298Â 260,1.0
962846,201900004377,2,7,17:00,1,2,2,1.0,3.0,37233,BEAUFILS (RUE MAURICE),M,"47,3921516","0,7298634",37,2019,50.0,1.0,1.0,4.0,2152047,1.0,1,1,1,0.0,,-1.0,0,2000.0,B01,138Â 298Â 261,1.0,8.0,-1.0,1643358,1.0,7,,0.0,2.0,1.0,B01,138Â 298Â 261,1.0
962847,201900004378,2,7,07:53,1,2,2,1.0,3.0,37122,CHINON (BOULEVARD DE),M,"47,3545561","0,6954066",37,2019,50.0,1.0,1.0,4.0,2152048,1.0,1,4,1,1.0,,-1.0,0,1987.0,B01,138Â 298Â 258,1.0,8.0,-1.0,1643359,3.0,7,,0.0,2.0,1.0,B01,138Â 298Â 258,1.0
962847,201900004378,2,7,07:53,1,2,2,1.0,3.0,37122,CHINON (BOULEVARD DE),M,"47,3545561","0,6954066",37,2019,50.0,1.0,1.0,4.0,2152048,1.0,1,4,1,1.0,,-1.0,0,1987.0,B01,138Â 298Â 258,1.0,8.0,-1.0,1643360,3.0,7,,0.0,2.0,2.0,A01,138Â 298Â 259,1.0
962847,201900004378,2,7,07:53,1,2,2,1.0,3.0,37122,CHINON (BOULEVARD DE),M,"47,3545561","0,6954066",37,2019,50.0,1.0,1.0,4.0,2152049,1.0,1,1,1,1.0,,-1.0,0,1999.0,A01,138Â 298Â 259,1.0,8.0,-1.0,1643359,3.0,7,,0.0,2.0,1.0,B01,138Â 298Â 258,1.0
962847,201900004378,2,7,07:53,1,2,2,1.0,3.0,37122,CHINON (BOULEVARD DE),M,"47,3545561","0,6954066",37,2019,50.0,1.0,1.0,4.0,2152049,1.0,1,1,1,1.0,,-1.0,0,1999.0,A01,138Â 298Â 259,1.0,8.0,-1.0,1643360,3.0,7,,0.0,2.0,2.0,A01,138Â 298Â 259,1.0
962848,201900004379,2,7,07:55,2,2,2,8.0,1.0,37261,MONTJOYEUX (AVENUE),M,"47,3608645","0,7033455",37,2019,50.0,2.0,2.0,4.0,2152050,1.0,1,4,2,2.0,,-1.0,0,1996.0,B01,138Â 298Â 256,1.0,8.0,-1.0,1643361,3.0,7,,0.0,2.0,1.0,B01,138Â 298Â 256,1.0
962848,201900004379,2,7,07:55,2,2,2,8.0,1.0,37261,MONTJOYEUX (AVENUE),M,"47,3608645","0,7033455",37,2019,50.0,2.0,2.0,4.0,2152050,1.0,1,4,2,2.0,,-1.0,0,1996.0,B01,138Â 298Â 256,1.0,8.0,-1.0,1643362,3.0,7,,0.0,2.0,1.0,A01,138Â 298Â 257,1.0
962848,201900004379,2,7,07:55,2,2,2,8.0,1.0,37261,MONTJOYEUX (AVENUE),M,"47,3608645","0,7033455",37,2019,50.0,2.0,2.0,4.0,2152051,1.0,1,4,2,2.0,,-1.0,0,1999.0,A01,138Â 298Â 257,8.0,8.0,-1.0,1643361,3.0,7,,0.0,2.0,1.0,B01,138Â 298Â 256,1.0
962848,201900004379,2,7,07:55,2,2,2,8.0,1.0,37261,MONTJOYEUX (AVENUE),M,"47,3608645","0,7033455",37,2019,50.0,2.0,2.0,4.0,2152051,1.0,1,4,2,2.0,,-1.0,0,1999.0,A01,138Â 298Â 257,8.0,8.0,-1.0,1643362,3.0,7,,0.0,2.0,1.0,A01,138Â 298Â 257,1.0
962849,201900004380,2,9,18:40,3,2,6,2.0,6.0,35278,CHESNAIS BEAUREGARD (RUE DU),M,"48,1370830"," -1,6900060",35,2019,50.0,1.0,2.0,4.0,2152052,10.0,3,4,2,5.0,,3.0,3,2002.0,Z01,138Â 298Â 255,8.0,0.0,-1.0,1643363,3.0,7,,0.0,1.0,1.0,Z01,138Â 298Â 255,1.0
962849,201900004380,2,9,18:40,3,2,6,2.0,6.0,35278,CHESNAIS BEAUREGARD (RUE DU),M,"48,1370830"," -1,6900060",35,2019,50.0,1.0,2.0,4.0,2152053,1.0,1,1,1,5.0,,0.0,0,1992.0,Z01,138Â 298Â 255,1.0,0.0,-1.0,1643363,3.0,7,,0.0,1.0,1.0,Z01,138Â 298Â 255,1.0
962850,201900004381,2,8,19:30,4,2,6,3.0,6.0,35278,ROBIQUETTE (ROND POINT DE LA),M,"48,1350100"," -1,6936100",35,2019,50.0,1.0,2.0,4.0,2152054,10.0,3,4,2,5.0,,3.0,3,1989.0,A01,138Â 298Â 253,8.0,0.0,-1.0,1643364,0.0,7,,0.0,1.0,1.0,A01,138Â 298Â 253,1.0
962850,201900004381,2,8,19:30,4,2,6,3.0,6.0,35278,ROBIQUETTE (ROND POINT DE LA),M,"48,1350100"," -1,6936100",35,2019,50.0,1.0,2.0,4.0,2152054,10.0,3,4,2,5.0,,3.0,3,1989.0,A01,138Â 298Â 253,8.0,0.0,-1.0,1643365,0.0,7,,0.0,2.0,1.0,B01,138Â 298Â 254,1.0
962850,201900004381,2,8,19:30,4,2,6,3.0,6.0,35278,ROBIQUETTE (ROND POINT DE LA),M,"48,1350100"," -1,6936100",35,2019,50.0,1.0,2.0,4.0,2152055,1.0,1,1,2,1.0,,-1.0,0,1982.0,A01,138Â 298Â 253,1.0,0.0,-1.0,1643364,0.0,7,,0.0,1.0,1.0,A01,138Â 298Â 253,1.0
962850,201900004381,2,8,19:30,4,2,6,3.0,6.0,35278,ROBIQUETTE (ROND POINT DE LA),M,"48,1350100"," -1,6936100",35,2019,50.0,1.0,2.0,4.0,2152055,1.0,1,1,2,1.0,,-1.0,0,1982.0,A01,138Â 298Â 253,1.0,0.0,-1.0,1643365,0.0,7,,0.0,2.0,1.0,B01,138Â 298Â 254,1.0
962850,201900004381,2,8,19:30,4,2,6,3.0,6.0,35278,ROBIQUETTE (ROND POINT DE LA),M,"48,1350100"," -1,6936100",35,2019,50.0,1.0,2.0,4.0,2152056,1.0,1,1,1,3.0,,-1.0,0,1978.0,B01,138Â 298Â 254,1.0,0.0,-1.0,1643364,0.0,7,,0.0,1.0,1.0,A01,138Â 298Â 253,1.0
962850,201900004381,2,8,19:30,4,2,6,3.0,6.0,35278,ROBIQUETTE (ROND POINT DE LA),M,"48,1350100"," -1,6936100",35,2019,50.0,1.0,2.0,4.0,2152056,1.0,1,1,1,3.0,,-1.0,0,1978.0,B01,138Â 298Â 254,1.0,0.0,-1.0,1643365,0.0,7,,0.0,2.0,1.0,B01,138Â 298Â 254,1.0
962851,201900004382,2,8,18:10,2,2,6,3.0,3.0,35051,BRAY (ROND-POINT DE),M,"48,1080300"," -1,6162800",35,2019,50.0,1.0,2.0,4.0,2152057,2.0,1,4,2,9.0,,-1.0,0,1999.0,B01,138Â 298Â 251,8.0,0.0,-1.0,1643366,1.0,1,,0.0,2.0,7.0,B01,138Â 298Â 251,5.0
962851,201900004382,2,8,18:10,2,2,6,3.0,3.0,35051,BRAY (ROND-POINT DE),M,"48,1080300"," -1,6162800",35,2019,50.0,1.0,2.0,4.0,2152057,2.0,1,4,2,9.0,,-1.0,0,1999.0,B01,138Â 298Â 251,8.0,0.0,-1.0,1643367,3.0,7,,0.0,2.0,1.0,A01,138Â 298Â 252,1.0
962851,201900004382,2,8,18:10,2,2,6,3.0,3.0,35051,BRAY (ROND-POINT DE),M,"48,1080300"," -1,6162800",35,2019,50.0,1.0,2.0,4.0,2152058,1.0,1,1,2,5.0,,-1.0,0,1972.0,A01,138Â 298Â 252,1.0,0.0,-1.0,1643366,1.0,1,,0.0,2.0,7.0,B01,138Â 298Â 251,5.0
962851,201900004382,2,8,18:10,2,2,6,3.0,3.0,35051,BRAY (ROND-POINT DE),M,"48,1080300"," -1,6162800",35,2019,50.0,1.0,2.0,4.0,2152058,1.0,1,1,2,5.0,,-1.0,0,1972.0,A01,138Â 298Â 252,1.0,0.0,-1.0,1643367,3.0,7,,0.0,2.0,1.0,A01,138Â 298Â 252,1.0
962852,201900004383,2,8,13:00,1,2,2,9.0,3.0,35238,CHURCHILL (AVENUE SIR WINSTON),M,"48,1230000"," -1,7089000",35,2019,50.0,1.0,2.0,4.0,2152059,1.0,1,1,2,1.0,,-1.0,0,1990.0,A01,138Â 298Â 249,1.0,0.0,-1.0,1643368,3.0,7,,0.0,2.0,2.0,A01,138Â 298Â 249,1.0
962852,201900004383,2,8,13:00,1,2,2,9.0,3.0,35238,CHURCHILL (AVENUE SIR WINSTON),M,"48,1230000"," -1,7089000",35,2019,50.0,1.0,2.0,4.0,2152059,1.0,1,1,2,1.0,,-1.0,0,1990.0,A01,138Â 298Â 249,1.0,0.0,-1.0,1643369,3.0,34,,0.0,2.0,8.0,B01,138Â 298Â 250,1.0
962852,201900004383,2,8,13:00,1,2,2,9.0,3.0,35238,CHURCHILL (AVENUE SIR WINSTON),M,"48,1230000"," -1,7089000",35,2019,50.0,1.0,2.0,4.0,2152060,1.0,1,4,1,2.0,,-1.0,0,1996.0,B01,138Â 298Â 250,2.0,6.0,-1.0,1643368,3.0,7,,0.0,2.0,2.0,A01,138Â 298Â 249,1.0
962852,201900004383,2,8,13:00,1,2,2,9.0,3.0,35238,CHURCHILL (AVENUE SIR WINSTON),M,"48,1230000"," -1,7089000",35,2019,50.0,1.0,2.0,4.0,2152060,1.0,1,4,1,2.0,,-1.0,0,1996.0,B01,138Â 298Â 250,2.0,6.0,-1.0,1643369,3.0,34,,0.0,2.0,8.0,B01,138Â 298Â 250,1.0
962853,201900004384,2,6,14:25,1,2,1,1.0,2.0,35238,ROCADE 6-7,M,"48,0860580"," -1,6380470",35,2019,90.0,1.0,1.0,2.0,2152061,1.0,1,1,1,4.0,,-1.0,0,1965.0,B01,138Â 298Â 247,1.0,0.0,-1.0,1643370,1.0,15,,0.0,2.0,4.0,B01,138Â 298Â 247,1.0
962853,201900004384,2,6,14:25,1,2,1,1.0,2.0,35238,ROCADE 6-7,M,"48,0860580"," -1,6380470",35,2019,90.0,1.0,1.0,2.0,2152061,1.0,1,1,1,4.0,,-1.0,0,1965.0,B01,138Â 298Â 247,1.0,0.0,-1.0,1643371,1.0,7,,0.0,2.0,1.0,A01,138Â 298Â 248,1.0
962853,201900004384,2,6,14:25,1,2,1,1.0,2.0,35238,ROCADE 6-7,M,"48,0860580"," -1,6380470",35,2019,90.0,1.0,1.0,2.0,2152062,1.0,1,4,2,0.0,,-1.0,0,1984.0,A01,138Â 298Â 248,1.0,0.0,-1.0,1643370,1.0,15,,0.0,2.0,4.0,B01,138Â 298Â 247,1.0
962853,201900004384,2,6,14:25,1,2,1,1.0,2.0,35238,ROCADE 6-7,M,"48,0860580"," -1,6380470",35,2019,90.0,1.0,1.0,2.0,2152062,1.0,1,4,2,0.0,,-1.0,0,1984.0,A01,138Â 298Â 248,1.0,0.0,-1.0,1643371,1.0,7,,0.0,2.0,1.0,A01,138Â 298Â 248,1.0
962854,201900004385,2,8,08:35,1,2,1,1.0,3.0,35353,LORIENT (DE),M,"48,1049770"," -1,7415190",35,2019,50.0,1.0,1.0,2.0,2152063,2.0,2,4,1,9.0,,-1.0,0,1955.0,B01,138Â 298Â 245,8.0,0.0,-1.0,1643372,2.0,7,,0.0,0.0,0.0,B01,138Â 298Â 245,1.0
962854,201900004385,2,8,08:35,1,2,1,1.0,3.0,35353,LORIENT (DE),M,"48,1049770"," -1,7415190",35,2019,50.0,1.0,1.0,2.0,2152063,2.0,2,4,1,9.0,,-1.0,0,1955.0,B01,138Â 298Â 245,8.0,0.0,-1.0,1643373,1.0,10,,0.0,2.0,1.0,A01,138Â 298Â 246,1.0
962854,201900004385,2,8,08:35,1,2,1,1.0,3.0,35353,LORIENT (DE),M,"48,1049770"," -1,7415190",35,2019,50.0,1.0,1.0,2.0,2152064,4.0,2,4,2,9.0,,-1.0,0,1947.0,B01,138Â 298Â 245,1.0,0.0,-1.0,1643372,2.0,7,,0.0,0.0,0.0,B01,138Â 298Â 245,1.0
962854,201900004385,2,8,08:35,1,2,1,1.0,3.0,35353,LORIENT (DE),M,"48,1049770"," -1,7415190",35,2019,50.0,1.0,1.0,2.0,2152064,4.0,2,4,2,9.0,,-1.0,0,1947.0,B01,138Â 298Â 245,1.0,0.0,-1.0,1643373,1.0,10,,0.0,2.0,1.0,A01,138Â 298Â 246,1.0
962854,201900004385,2,8,08:35,1,2,1,1.0,3.0,35353,LORIENT (DE),M,"48,1049770"," -1,7415190",35,2019,50.0,1.0,1.0,2.0,2152065,1.0,1,1,2,4.0,,-1.0,0,1975.0,B01,138Â 298Â 245,8.0,0.0,-1.0,1643372,2.0,7,,0.0,0.0,0.0,B01,138Â 298Â 245,1.0
962854,201900004385,2,8,08:35,1,2,1,1.0,3.0,35353,LORIENT (DE),M,"48,1049770"," -1,7415190",35,2019,50.0,1.0,1.0,2.0,2152065,1.0,1,1,2,4.0,,-1.0,0,1975.0,B01,138Â 298Â 245,8.0,0.0,-1.0,1643373,1.0,10,,0.0,2.0,1.0,A01,138Â 298Â 246,1.0
962854,201900004385,2,8,08:35,1,2,1,1.0,3.0,35353,LORIENT (DE),M,"48,1049770"," -1,7415190",35,2019,50.0,1.0,1.0,2.0,2152066,3.0,2,4,1,0.0,,-1.0,0,1939.0,B01,138Â 298Â 245,1.0,0.0,-1.0,1643372,2.0,7,,0.0,0.0,0.0,B01,138Â 298Â 245,1.0
962854,201900004385,2,8,08:35,1,2,1,1.0,3.0,35353,LORIENT (DE),M,"48,1049770"," -1,7415190",35,2019,50.0,1.0,1.0,2.0,2152066,3.0,2,4,1,0.0,,-1.0,0,1939.0,B01,138Â 298Â 245,1.0,0.0,-1.0,1643373,1.0,10,,0.0,2.0,1.0,A01,138Â 298Â 246,1.0
962854,201900004385,2,8,08:35,1,2,1,1.0,3.0,35353,LORIENT (DE),M,"48,1049770"," -1,7415190",35,2019,50.0,1.0,1.0,2.0,2152067,1.0,1,1,1,4.0,,-1.0,0,1990.0,A01,138Â 298Â 246,8.0,0.0,-1.0,1643372,2.0,7,,0.0,0.0,0.0,B01,138Â 298Â 245,1.0
962854,201900004385,2,8,08:35,1,2,1,1.0,3.0,35353,LORIENT (DE),M,"48,1049770"," -1,7415190",35,2019,50.0,1.0,1.0,2.0,2152067,1.0,1,1,1,4.0,,-1.0,0,1990.0,A01,138Â 298Â 246,8.0,0.0,-1.0,1643373,1.0,10,,0.0,2.0,1.0,A01,138Â 298Â 246,1.0
962855,201900004386,2,7,17:10,1,2,1,1.0,2.0,35051,TOURAUDAIS (AVENUE DE LA),M,"48,1155300"," -1,6332000",35,2019,50.0,1.0,1.0,3.0,2152068,1.0,1,4,1,2.0,,-1.0, -1,1997.0,A01,138Â 298Â 243,2.0,8.0,-1.0,1643374,1.0,1,,0.0,2.0,6.0,A01,138Â 298Â 243,5.0
962855,201900004386,2,7,17:10,1,2,1,1.0,2.0,35051,TOURAUDAIS (AVENUE DE LA),M,"48,1155300"," -1,6332000",35,2019,50.0,1.0,1.0,3.0,2152068,1.0,1,4,1,2.0,,-1.0, -1,1997.0,A01,138Â 298Â 243,2.0,8.0,-1.0,1643375,1.0,7,,0.0,2.0,1.0,B01,138Â 298Â 244,1.0
962855,201900004386,2,7,17:10,1,2,1,1.0,2.0,35051,TOURAUDAIS (AVENUE DE LA),M,"48,1155300"," -1,6332000",35,2019,50.0,1.0,1.0,3.0,2152069,1.0,1,1,1,1.0,,-1.0, -1,1967.0,B01,138Â 298Â 244,1.0,0.0,-1.0,1643374,1.0,1,,0.0,2.0,6.0,A01,138Â 298Â 243,5.0
962855,201900004386,2,7,17:10,1,2,1,1.0,2.0,35051,TOURAUDAIS (AVENUE DE LA),M,"48,1155300"," -1,6332000",35,2019,50.0,1.0,1.0,3.0,2152069,1.0,1,1,1,1.0,,-1.0, -1,1967.0,B01,138Â 298Â 244,1.0,0.0,-1.0,1643375,1.0,7,,0.0,2.0,1.0,B01,138Â 298Â 244,1.0
962856,201900004387,2,7,09:30,1,1,1,1.0,2.0,35238,PORTE DE CLEUNAY,M,"48,1003360"," -1,7146090",35,2019,90.0,1.0,2.0,2.0,2152070,1.0,1,1,1,4.0,,-1.0,0,1976.0,B01,138Â 298Â 241,1.0,8.0,-1.0,1643376,1.0,10,,0.0,2.0,4.0,B01,138Â 298Â 241,1.0
962856,201900004387,2,7,09:30,1,1,1,1.0,2.0,35238,PORTE DE CLEUNAY,M,"48,1003360"," -1,7146090",35,2019,90.0,1.0,2.0,2.0,2152070,1.0,1,1,1,4.0,,-1.0,0,1976.0,B01,138Â 298Â 241,1.0,8.0,-1.0,1643377,1.0,31,,0.0,2.0,1.0,A01,138Â 298Â 242,1.0
962856,201900004387,2,7,09:30,1,1,1,1.0,2.0,35238,PORTE DE CLEUNAY,M,"48,1003360"," -1,7146090",35,2019,90.0,1.0,2.0,2.0,2152071,1.0,1,4,1,1.0,,-1.0,0,1989.0,A01,138Â 298Â 242,2.0,6.0,-1.0,1643376,1.0,10,,0.0,2.0,4.0,B01,138Â 298Â 241,1.0
962856,201900004387,2,7,09:30,1,1,1,1.0,2.0,35238,PORTE DE CLEUNAY,M,"48,1003360"," -1,7146090",35,2019,90.0,1.0,2.0,2.0,2152071,1.0,1,4,1,1.0,,-1.0,0,1989.0,A01,138Â 298Â 242,2.0,6.0,-1.0,1643377,1.0,31,,0.0,2.0,1.0,A01,138Â 298Â 242,1.0
962857,201900004388,2,6,09:35,1,2,5,8.0,1.0,35238,ROOSEVELT (BD FRANKLIN),M,"48,0973200"," -1,6578600",35,2019,50.0,1.0,2.0,4.0,2152072,1.0,1,3,2,1.0,,-1.0,0,1983.0,B01,138Â 298Â 239,2.0,0.0,-1.0,1643378,1.0,1,,0.0,2.0,1.0,B01,138Â 298Â 239,5.0
962857,201900004388,2,6,09:35,1,2,5,8.0,1.0,35238,ROOSEVELT (BD FRANKLIN),M,"48,0973200"," -1,6578600",35,2019,50.0,1.0,2.0,4.0,2152072,1.0,1,3,2,1.0,,-1.0,0,1983.0,B01,138Â 298Â 239,2.0,0.0,-1.0,1643379,3.0,7,,0.0,2.0,2.0,A01,138Â 298Â 240,1.0
962857,201900004388,2,6,09:35,1,2,5,8.0,1.0,35238,ROOSEVELT (BD FRANKLIN),M,"48,0973200"," -1,6578600",35,2019,50.0,1.0,2.0,4.0,2152073,1.0,1,1,2,9.0,,-1.0,0,1933.0,A01,138Â 298Â 240,1.0,0.0,-1.0,1643378,1.0,1,,0.0,2.0,1.0,B01,138Â 298Â 239,5.0
962857,201900004388,2,6,09:35,1,2,5,8.0,1.0,35238,ROOSEVELT (BD FRANKLIN),M,"48,0973200"," -1,6578600",35,2019,50.0,1.0,2.0,4.0,2152073,1.0,1,1,2,9.0,,-1.0,0,1933.0,A01,138Â 298Â 240,1.0,0.0,-1.0,1643379,3.0,7,,0.0,2.0,2.0,A01,138Â 298Â 240,1.0
962858,201900004389,2,10,20:50,5,2,9,1.0,7.0,34172,ALIZES (CARREFOUR DES),M,"43,5953300","3,8777400",34,2019,50.0,1.0,1.0,4.0,2152074,1.0,1,4,1,5.0,,-1.0,0,1971.0,A01,138Â 298Â 238,2.0,8.0,-1.0,1643380,3.0,34,,16.0,0.0,1.0,A01,138Â 298Â 238,1.0
962858,201900004389,2,10,20:50,5,2,9,1.0,7.0,34172,ALIZES (CARREFOUR DES),M,"43,5953300","3,8777400",34,2019,50.0,1.0,1.0,4.0,2152075,2.0,2,4,1,5.0,,-1.0,0,1968.0,A01,138Â 298Â 238,2.0,8.0,-1.0,1643380,3.0,34,,16.0,0.0,1.0,A01,138Â 298Â 238,1.0
962859,201900004390,2,9,23:10,5,2,7,1.0,3.0,34172,8 MAI 1945 (PLACE DU),M,"43,6011100","3,8678300",34,2019,50.0,1.0,1.0,4.0,2152076,1.0,1,4,1,5.0,,-1.0,0,1978.0,B01,138Â 298Â 236,2.0,0.0,-1.0,1643381,3.0,2,,0.0,2.0,1.0,B01,138Â 298Â 236,1.0
962859,201900004390,2,9,23:10,5,2,7,1.0,3.0,34172,8 MAI 1945 (PLACE DU),M,"43,6011100","3,8678300",34,2019,50.0,1.0,1.0,4.0,2152076,1.0,1,4,1,5.0,,-1.0,0,1978.0,B01,138Â 298Â 236,2.0,0.0,-1.0,1643382,3.0,7,,0.0,2.0,8.0,A01,138Â 298Â 237,1.0
962859,201900004390,2,9,23:10,5,2,7,1.0,3.0,34172,8 MAI 1945 (PLACE DU),M,"43,6011100","3,8678300",34,2019,50.0,1.0,1.0,4.0,2152077,1.0,1,1,2,5.0,,-1.0,0,1997.0,A01,138Â 298Â 237,1.0,0.0,-1.0,1643381,3.0,2,,0.0,2.0,1.0,B01,138Â 298Â 236,1.0
962859,201900004390,2,9,23:10,5,2,7,1.0,3.0,34172,8 MAI 1945 (PLACE DU),M,"43,6011100","3,8678300",34,2019,50.0,1.0,1.0,4.0,2152077,1.0,1,1,2,5.0,,-1.0,0,1997.0,A01,138Â 298Â 237,1.0,0.0,-1.0,1643382,3.0,7,,0.0,2.0,8.0,A01,138Â 298Â 237,1.0
962860,201900004391,2,8,20:20,3,1,1,1.0,3.0,34129,PALAVAS D986 (ROUTE DE),M,"43,5757400","3,8973100",34,2019,90.0,1.0,1.0,3.0,2152078,1.0,1,4,1,5.0,,-1.0,0,2000.0,B01,138Â 298Â 234,2.0,8.0,-1.0,1643383,2.0,2,,0.0,2.0,5.0,B01,138Â 298Â 234,1.0
962860,201900004391,2,8,20:20,3,1,1,1.0,3.0,34129,PALAVAS D986 (ROUTE DE),M,"43,5757400","3,8973100",34,2019,90.0,1.0,1.0,3.0,2152078,1.0,1,4,1,5.0,,-1.0,0,2000.0,B01,138Â 298Â 234,2.0,8.0,-1.0,1643384,2.0,7,,0.0,2.0,2.0,A01,138Â 298Â 235,1.0
962860,201900004391,2,8,20:20,3,1,1,1.0,3.0,34129,PALAVAS D986 (ROUTE DE),M,"43,5757400","3,8973100",34,2019,90.0,1.0,1.0,3.0,2152079,1.0,1,1,1,1.0,,-1.0,0,1960.0,A01,138Â 298Â 235,1.0,8.0,-1.0,1643383,2.0,2,,0.0,2.0,5.0,B01,138Â 298Â 234,1.0
962860,201900004391,2,8,20:20,3,1,1,1.0,3.0,34129,PALAVAS D986 (ROUTE DE),M,"43,5757400","3,8973100",34,2019,90.0,1.0,1.0,3.0,2152079,1.0,1,1,1,1.0,,-1.0,0,1960.0,A01,138Â 298Â 235,1.0,8.0,-1.0,1643384,2.0,7,,0.0,2.0,2.0,A01,138Â 298Â 235,1.0
962861,201900004392,2,8,19:20,5,2,1,1.0,6.0,34172,BRINGUIER (AVENUE PAUL),M,"43,6143600","3,8394700",34,2019,50.0,1.0,1.0,4.0,2152080,1.0,1,1,1,1.0,,-1.0,0,1996.0,A01,138Â 298Â 231,1.0,0.0,-1.0,1643385,2.0,7,,0.0,2.0,1.0,A01,138Â 298Â 231,1.0
962861,201900004392,2,8,19:20,5,2,1,1.0,6.0,34172,BRINGUIER (AVENUE PAUL),M,"43,6143600","3,8394700",34,2019,50.0,1.0,1.0,4.0,2152080,1.0,1,1,1,1.0,,-1.0,0,1996.0,A01,138Â 298Â 231,1.0,0.0,-1.0,1643386,2.0,7,,0.0,2.0,4.0,B01,138Â 298Â 232,1.0
962861,201900004392,2,8,19:20,5,2,1,1.0,6.0,34172,BRINGUIER (AVENUE PAUL),M,"43,6143600","3,8394700",34,2019,50.0,1.0,1.0,4.0,2152080,1.0,1,1,1,1.0,,-1.0,0,1996.0,A01,138Â 298Â 231,1.0,0.0,-1.0,1643387,2.0,7,,0.0,2.0,4.0,C01,138Â 298Â 233,1.0
962861,201900004392,2,8,19:20,5,2,1,1.0,6.0,34172,BRINGUIER (AVENUE PAUL),M,"43,6143600","3,8394700",34,2019,50.0,1.0,1.0,4.0,2152081,2.0,2,4,2,5.0,,-1.0,0,1959.0,B01,138Â 298Â 232,1.0,0.0,-1.0,1643385,2.0,7,,0.0,2.0,1.0,A01,138Â 298Â 231,1.0