Unnamed: 0_x,num_acc,mois,jour,hrmn,lum,agg,int,atm,col,com,adr,gps,lat,long,dep,annee,vma,situ,surf,catr,Unnamed: 0_y,place,catu,grav,sexe,trajet,secu,locp,actp,an_nais,num_veh_x,id_vehicule_x,secu1,secu2,secu3,Unnamed: 0,senc,catv,occutc,obs,obsm,choc,num_veh_y,id_vehicule_y,motor
962861,201900004392,2,8,19:20,5,2,1,1.0,6.0,34172,BRINGUIER (AVENUE PAUL),M,"43,6143600","3,8394700",34,2019,50.0,1.0,1.0,4.0,2152081,2.0,2,4,2,5.0,,-1.0,0,1959.0,B01,138Â 298Â 232,1.0,0.0,-1.0,1643386,2.0,7,,0.0,2.0,4.0,B01,138Â 298Â 232,1.0
962861,201900004392,2,8,19:20,5,2,1,1.0,6.0,34172,BRINGUIER (AVENUE PAUL),M,"43,6143600","3,8394700",34,2019,50.0,1.0,1.0,4.0,2152081,2.0,2,4,2,5.0,,-1.0,0,1959.0,B01,138Â 298Â 232,1.0,0.0,-1.0,1643387,2.0,7,,0.0,2.0,4.0,C01,138Â 298Â 233,1.0
962861,201900004392,2,8,19:20,5,2,1,1.0,6.0,34172,BRINGUIER (AVENUE PAUL),M,"43,6143600","3,8394700",34,2019,50.0,1.0,1.0,4.0,2152082,1.0,1,4,1,5.0,,-1.0,0,1954.0,B01,138Â 298Â 232,1.0,0.0,-1.0,1643385,2.0,7,,0.0,2.0,1.0,A01,138Â 298Â 231,1.0
962861,201900004392,2,8,19:20,5,2,1,1.0,6.0,34172,BRINGUIER (AVENUE PAUL),M,"43,6143600","3,8394700",34,2019,50.0,1.0,1.0,4.0,2152082,1.0,1,4,1,5.0,,-1.0,0,1954.0,B01,138Â 298Â 232,1.0,0.0,-1.0,1643386,2.0,7,,0.0,2.0,4.0,B01,138Â 298Â 232,1.0
962861,201900004392,2,8,19:20,5,2,1,1.0,6.0,34172,BRINGUIER (AVENUE PAUL),M,"43,6143600","3,8394700",34,2019,50.0,1.0,1.0,4.0,2152082,1.0,1,4,1,5.0,,-1.0,0,1954.0,B01,138Â 298Â 232,1.0,0.0,-1.0,1643387,2.0,7,,0.0,2.0,4.0,C01,138Â 298Â 233,1.0
962861,201900004392,2,8,19:20,5,2,1,1.0,6.0,34172,BRINGUIER (AVENUE PAUL),M,"43,6143600","3,8394700",34,2019,50.0,1.0,1.0,4.0,2152083,1.0,1,1,1,5.0,,-1.0,0,1995.0,C01,138Â 298Â 233,1.0,0.0,-1.0,1643385,2.0,7,,0.0,2.0,1.0,A01,138Â 298Â 231,1.0
962861,201900004392,2,8,19:20,5,2,1,1.0,6.0,34172,BRINGUIER (AVENUE PAUL),M,"43,6143600","3,8394700",34,2019,50.0,1.0,1.0,4.0,2152083,1.0,1,1,1,5.0,,-1.0,0,1995.0,C01,138Â 298Â 233,1.0,0.0,-1.0,1643386,2.0,7,,0.0,2.0,4.0,B01,138Â 298Â 232,1.0
962861,201900004392,2,8,19:20,5,2,1,1.0,6.0,34172,BRINGUIER (AVENUE PAUL),M,"43,6143600","3,8394700",34,2019,50.0,1.0,1.0,4.0,2152083,1.0,1,1,1,5.0,,-1.0,0,1995.0,C01,138Â 298Â 233,1.0,0.0,-1.0,1643387,2.0,7,,0.0,2.0,4.0,C01,138Â 298Â 233,1.0
962862,201900004393,2,7,18:35,5,2,3,1.0,3.0,34172,GALERA (RUE DE LA),M,"43,6395400","3,8394600",34,2019,50.0,1.0,1.0,4.0,2152084,1.0,1,4,1,1.0,,-1.0,0,1985.0,B01,138Â 298Â 229,2.0,8.0,-1.0,1643388,2.0,1,,0.0,2.0,0.0,B01,138Â 298Â 229,5.0
962862,201900004393,2,7,18:35,5,2,3,1.0,3.0,34172,GALERA (RUE DE LA),M,"43,6395400","3,8394600",34,2019,50.0,1.0,1.0,4.0,2152084,1.0,1,4,1,1.0,,-1.0,0,1985.0,B01,138Â 298Â 229,2.0,8.0,-1.0,1643389,1.0,10,,0.0,2.0,3.0,A01,138Â 298Â 230,1.0
962862,201900004393,2,7,18:35,5,2,3,1.0,3.0,34172,GALERA (RUE DE LA),M,"43,6395400","3,8394600",34,2019,50.0,1.0,1.0,4.0,2152085,1.0,1,1,1,5.0,,-1.0,0,1962.0,A01,138Â 298Â 230,1.0,8.0,-1.0,1643388,2.0,1,,0.0,2.0,0.0,B01,138Â 298Â 229,5.0
962862,201900004393,2,7,18:35,5,2,3,1.0,3.0,34172,GALERA (RUE DE LA),M,"43,6395400","3,8394600",34,2019,50.0,1.0,1.0,4.0,2152085,1.0,1,1,1,5.0,,-1.0,0,1962.0,A01,138Â 298Â 230,1.0,8.0,-1.0,1643389,1.0,10,,0.0,2.0,3.0,A01,138Â 298Â 230,1.0
962863,201900004394,2,8,15:25,1,2,1,1.0,6.0,34032,MENDES FRANCE PIERRE (AV),M,"43,3417300","3,2436900",34,2019,50.0,1.0,1.0,4.0,2152086,10.0,3,3,2,3.0,,3.0,3,1935.0,Z01,138Â 298Â 228,8.0,0.0,-1.0,1643390,1.0,7,,0.0,1.0,8.0,Z01,138Â 298Â 228,1.0
962863,201900004394,2,8,15:25,1,2,1,1.0,6.0,34032,MENDES FRANCE PIERRE (AV),M,"43,3417300","3,2436900",34,2019,50.0,1.0,1.0,4.0,2152087,1.0,1,1,1,3.0,,0.0,0,1942.0,Z01,138Â 298Â 228,8.0,8.0,-1.0,1643390,1.0,7,,0.0,1.0,8.0,Z01,138Â 298Â 228,1.0
962864,201900004395,2,8,02:30,3,2,1,1.0,6.0,33039,ex A631 vers Bordeaux,M,"44,8199700"," -0,5388600",33,2019,50.0,1.0,1.0,4.0,2152088,1.0,1,3,1,0.0,,-1.0, -1,1983.0,A01,138Â 298Â 227,2.0,6.0,-1.0,1643391,1.0,31,,4.0,0.0,1.0,A01,138Â 298Â 227,1.0
962865,201900004396,2,8,01:10,5,2,3,1.0,2.0,33063,BD DES FRERES MOGA -2 vÃ©hicules direction BÃ¨gles,M,"44,8267400"," -0,5477180",33,2019,50.0,1.0,1.0,4.0,2152089,1.0,1,4,1,5.0,,-1.0, -1,1971.0,B01,138Â 298Â 225,2.0,6.0,-1.0,1643392,1.0,33,,0.0,0.0,4.0,B01,138Â 298Â 225,1.0
962865,201900004396,2,8,01:10,5,2,3,1.0,2.0,33063,BD DES FRERES MOGA -2 vÃ©hicules direction BÃ¨gles,M,"44,8267400"," -0,5477180",33,2019,50.0,1.0,1.0,4.0,2152089,1.0,1,4,1,5.0,,-1.0, -1,1971.0,B01,138Â 298Â 225,2.0,6.0,-1.0,1643393,1.0,7,,0.0,2.0,1.0,A01,138Â 298Â 226,1.0
962865,201900004396,2,8,01:10,5,2,3,1.0,2.0,33063,BD DES FRERES MOGA -2 vÃ©hicules direction BÃ¨gles,M,"44,8267400"," -0,5477180",33,2019,50.0,1.0,1.0,4.0,2152090,1.0,1,1,1,5.0,,-1.0, -1,1984.0,A01,138Â 298Â 226,8.0,0.0,-1.0,1643392,1.0,33,,0.0,0.0,4.0,B01,138Â 298Â 225,1.0
962865,201900004396,2,8,01:10,5,2,3,1.0,2.0,33063,BD DES FRERES MOGA -2 vÃ©hicules direction BÃ¨gles,M,"44,8267400"," -0,5477180",33,2019,50.0,1.0,1.0,4.0,2152090,1.0,1,1,1,5.0,,-1.0, -1,1984.0,A01,138Â 298Â 226,8.0,0.0,-1.0,1643393,1.0,7,,0.0,2.0,1.0,A01,138Â 298Â 226,1.0
962866,201900004397,2,3,20:00,5,2,1,1.0,6.0,33063,BD GODARD,M,"44,8614000"," -0,5870500",33,2019,50.0,1.0,1.0,4.0,2152091,10.0,3,3,2,0.0,,1.0,3,1937.0,A01,138Â 298Â 224,8.0,0.0,-1.0,1643394,0.0,7,,0.0,1.0,2.0,A01,138Â 298Â 224,1.0
962866,201900004397,2,3,20:00,5,2,1,1.0,6.0,33063,BD GODARD,M,"44,8614000"," -0,5870500",33,2019,50.0,1.0,1.0,4.0,2152092,1.0,1,1,1,5.0,,-1.0, -1,1986.0,A01,138Â 298Â 224,8.0,0.0,-1.0,1643394,0.0,7,,0.0,1.0,2.0,A01,138Â 298Â 224,1.0
962867,201900004398,2,7,16:10,1,2,1,8.0,7.0,32013,JEANNE D'ALBRET,M,"43,6323100","0,5926000",32,2019,50.0,1.0,2.0,4.0,2152093,10.0,3,4,2,1.0,,3.0,3,1957.0,A01,138Â 298Â 223,8.0,0.0,-1.0,1643395,2.0,10,,0.0,1.0,1.0,A01,138Â 298Â 223,1.0
962867,201900004398,2,7,16:10,1,2,1,8.0,7.0,32013,JEANNE D'ALBRET,M,"43,6323100","0,5926000",32,2019,50.0,1.0,2.0,4.0,2152094,1.0,1,1,2,4.0,,-1.0,0,1968.0,A01,138Â 298Â 223,1.0,0.0,-1.0,1643395,2.0,10,,0.0,1.0,1.0,A01,138Â 298Â 223,1.0
962868,201900004399,2,9,19:05,3,2,1,1.0,3.0,31555,ALL CHARLES DE FITTE,M,"43,6007200","1,4286100",31,2019,50.0,1.0,1.0,4.0,2152095,1.0,1,1,1,5.0,,-1.0,0,1999.0,A01,138Â 298Â 220,2.0,8.0,-1.0,1643396,2.0,1,,0.0,2.0,1.0,A01,138Â 298Â 220,5.0
962868,201900004399,2,9,19:05,3,2,1,1.0,3.0,31555,ALL CHARLES DE FITTE,M,"43,6007200","1,4286100",31,2019,50.0,1.0,1.0,4.0,2152095,1.0,1,1,1,5.0,,-1.0,0,1999.0,A01,138Â 298Â 220,2.0,8.0,-1.0,1643397,2.0,32,,0.0,2.0,1.0,B01,138Â 298Â 221,1.0
962868,201900004399,2,9,19:05,3,2,1,1.0,3.0,31555,ALL CHARLES DE FITTE,M,"43,6007200","1,4286100",31,2019,50.0,1.0,1.0,4.0,2152096,1.0,1,4,1,1.0,,-1.0,0,1988.0,B01,138Â 298Â 221,2.0,6.0,-1.0,1643396,2.0,1,,0.0,2.0,1.0,A01,138Â 298Â 220,5.0
962868,201900004399,2,9,19:05,3,2,1,1.0,3.0,31555,ALL CHARLES DE FITTE,M,"43,6007200","1,4286100",31,2019,50.0,1.0,1.0,4.0,2152096,1.0,1,4,1,1.0,,-1.0,0,1988.0,B01,138Â 298Â 221,2.0,6.0,-1.0,1643397,2.0,32,,0.0,2.0,1.0,B01,138Â 298Â 221,1.0
962869,201900004400,2,10,17:20,1,2,2,2.0,3.0,31555,AV DE LA GLOIRE,M,"43,6053100","1,4579200",31,2019,50.0,1.0,2.0,4.0,2152097,1.0,1,1,2,9.0,,-1.0,0,1991.0,B01,138Â 298Â 218,1.0,8.0,-1.0,1643398,2.0,7,,0.0,2.0,1.0,B01,138Â 298Â 218,1.0
962869,201900004400,2,10,17:20,1,2,2,2.0,3.0,31555,AV DE LA GLOIRE,M,"43,6053100","1,4579200",31,2019,50.0,1.0,2.0,4.0,2152097,1.0,1,1,2,9.0,,-1.0,0,1991.0,B01,138Â 298Â 218,1.0,8.0,-1.0,1643399,2.0,1,,0.0,2.0,1.0,A01,138Â 298Â 219,5.0
962869,201900004400,2,10,17:20,1,2,2,2.0,3.0,31555,AV DE LA GLOIRE,M,"43,6053100","1,4579200",31,2019,50.0,1.0,2.0,4.0,2152098,1.0,1,4,2,5.0,,-1.0,0,1976.0,A01,138Â 298Â 219,8.0,8.0,-1.0,1643398,2.0,7,,0.0,2.0,1.0,B01,138Â 298Â 218,1.0
962869,201900004400,2,10,17:20,1,2,2,2.0,3.0,31555,AV DE LA GLOIRE,M,"43,6053100","1,4579200",31,2019,50.0,1.0,2.0,4.0,2152098,1.0,1,4,2,5.0,,-1.0,0,1976.0,A01,138Â 298Â 219,8.0,8.0,-1.0,1643399,2.0,1,,0.0,2.0,1.0,A01,138Â 298Â 219,5.0
962870,201900004401,2,10,05:55,5,2,1,1.0,5.0,31555,RTE D AGDE,M,"43,6291200","1,4816100",31,2019,50.0,1.0,1.0,3.0,2152099,1.0,1,1,2,5.0,,-1.0,0,1996.0,A01,138Â 298Â 215,1.0,0.0,-1.0,1643400,0.0,7,,0.0,2.0,7.0,A01,138Â 298Â 215,1.0
962870,201900004401,2,10,05:55,5,2,1,1.0,5.0,31555,RTE D AGDE,M,"43,6291200","1,4816100",31,2019,50.0,1.0,1.0,3.0,2152099,1.0,1,1,2,5.0,,-1.0,0,1996.0,A01,138Â 298Â 215,1.0,0.0,-1.0,1643401,0.0,7,,0.0,2.0,3.0,C01,138Â 298Â 216,0.0
962870,201900004401,2,10,05:55,5,2,1,1.0,5.0,31555,RTE D AGDE,M,"43,6291200","1,4816100",31,2019,50.0,1.0,1.0,3.0,2152099,1.0,1,1,2,5.0,,-1.0,0,1996.0,A01,138Â 298Â 215,1.0,0.0,-1.0,1643402,0.0,7,,0.0,2.0,1.0,B01,138Â 298Â 217,1.0
962870,201900004401,2,10,05:55,5,2,1,1.0,5.0,31555,RTE D AGDE,M,"43,6291200","1,4816100",31,2019,50.0,1.0,1.0,3.0,2152100,2.0,2,1,1,5.0,,-1.0,0,1997.0,A01,138Â 298Â 215,1.0,0.0,-1.0,1643400,0.0,7,,0.0,2.0,7.0,A01,138Â 298Â 215,1.0
962870,201900004401,2,10,05:55,5,2,1,1.0,5.0,31555,RTE D AGDE,M,"43,6291200","1,4816100",31,2019,50.0,1.0,1.0,3.0,2152100,2.0,2,1,1,5.0,,-1.0,0,1997.0,A01,138Â 298Â 215,1.0,0.0,-1.0,1643401,0.0,7,,0.0,2.0,3.0,C01,138Â 298Â 216,0.0
962870,201900004401,2,10,05:55,5,2,1,1.0,5.0,31555,RTE D AGDE,M,"43,6291200","1,4816100",31,2019,50.0,1.0,1.0,3.0,2152100,2.0,2,1,1,5.0,,-1.0,0,1997.0,A01,138Â 298Â 215,1.0,0.0,-1.0,1643402,0.0,7,,0.0,2.0,1.0,B01,138Â 298Â 217,1.0
962870,201900004401,2,10,05:55,5,2,1,1.0,5.0,31555,RTE D AGDE,M,"43,6291200","1,4816100",31,2019,50.0,1.0,1.0,3.0,2152101,3.0,2,1,1,0.0,,-1.0,0,2000.0,C01,138Â 298Â 216,1.0,0.0,-1.0,1643400,0.0,7,,0.0,2.0,7.0,A01,138Â 298Â 215,1.0
962870,201900004401,2,10,05:55,5,2,1,1.0,5.0,31555,RTE D AGDE,M,"43,6291200","1,4816100",31,2019,50.0,1.0,1.0,3.0,2152101,3.0,2,1,1,0.0,,-1.0,0,2000.0,C01,138Â 298Â 216,1.0,0.0,-1.0,1643401,0.0,7,,0.0,2.0,3.0,C01,138Â 298Â 216,0.0
962870,201900004401,2,10,05:55,5,2,1,1.0,5.0,31555,RTE D AGDE,M,"43,6291200","1,4816100",31,2019,50.0,1.0,1.0,3.0,2152101,3.0,2,1,1,0.0,,-1.0,0,2000.0,C01,138Â 298Â 216,1.0,0.0,-1.0,1643402,0.0,7,,0.0,2.0,1.0,B01,138Â 298Â 217,1.0
962870,201900004401,2,10,05:55,5,2,1,1.0,5.0,31555,RTE D AGDE,M,"43,6291200","1,4816100",31,2019,50.0,1.0,1.0,3.0,2152102,1.0,1,1,2,0.0,,-1.0,0,1999.0,C01,138Â 298Â 216,1.0,0.0,-1.0,1643400,0.0,7,,0.0,2.0,7.0,A01,138Â 298Â 215,1.0
962870,201900004401,2,10,05:55,5,2,1,1.0,5.0,31555,RTE D AGDE,M,"43,6291200","1,4816100",31,2019,50.0,1.0,1.0,3.0,2152102,1.0,1,1,2,0.0,,-1.0,0,1999.0,C01,138Â 298Â 216,1.0,0.0,-1.0,1643401,0.0,7,,0.0,2.0,3.0,C01,138Â 298Â 216,0.0
962870,201900004401,2,10,05:55,5,2,1,1.0,5.0,31555,RTE D AGDE,M,"43,6291200","1,4816100",31,2019,50.0,1.0,1.0,3.0,2152102,1.0,1,1,2,0.0,,-1.0,0,1999.0,C01,138Â 298Â 216,1.0,0.0,-1.0,1643402,0.0,7,,0.0,2.0,1.0,B01,138Â 298Â 217,1.0
962870,201900004401,2,10,05:55,5,2,1,1.0,5.0,31555,RTE D AGDE,M,"43,6291200","1,4816100",31,2019,50.0,1.0,1.0,3.0,2152103,2.0,2,1,2,0.0,,-1.0,0,1999.0,C01,138Â 298Â 216,1.0,0.0,-1.0,1643400,0.0,7,,0.0,2.0,7.0,A01,138Â 298Â 215,1.0
962870,201900004401,2,10,05:55,5,2,1,1.0,5.0,31555,RTE D AGDE,M,"43,6291200","1,4816100",31,2019,50.0,1.0,1.0,3.0,2152103,2.0,2,1,2,0.0,,-1.0,0,1999.0,C01,138Â 298Â 216,1.0,0.0,-1.0,1643401,0.0,7,,0.0,2.0,3.0,C01,138Â 298Â 216,0.0
962870,201900004401,2,10,05:55,5,2,1,1.0,5.0,31555,RTE D AGDE,M,"43,6291200","1,4816100",31,2019,50.0,1.0,1.0,3.0,2152103,2.0,2,1,2,0.0,,-1.0,0,1999.0,C01,138Â 298Â 216,1.0,0.0,-1.0,1643402,0.0,7,,0.0,2.0,1.0,B01,138Â 298Â 217,1.0
962870,201900004401,2,10,05:55,5,2,1,1.0,5.0,31555,RTE D AGDE,M,"43,6291200","1,4816100",31,2019,50.0,1.0,1.0,3.0,2152104,4.0,2,4,2,0.0,,-1.0,0,1999.0,C01,138Â 298Â 216,1.0,0.0,-1.0,1643400,0.0,7,,0.0,2.0,7.0,A01,138Â 298Â 215,1.0
962870,201900004401,2,10,05:55,5,2,1,1.0,5.0,31555,RTE D AGDE,M,"43,6291200","1,4816100",31,2019,50.0,1.0,1.0,3.0,2152104,4.0,2,4,2,0.0,,-1.0,0,1999.0,C01,138Â 298Â 216,1.0,0.0,-1.0,1643401,0.0,7,,0.0,2.0,3.0,C01,138Â 298Â 216,0.0
962870,201900004401,2,10,05:55,5,2,1,1.0,5.0,31555,RTE D AGDE,M,"43,6291200","1,4816100",31,2019,50.0,1.0,1.0,3.0,2152104,4.0,2,4,2,0.0,,-1.0,0,1999.0,C01,138Â 298Â 216,1.0,0.0,-1.0,1643402,0.0,7,,0.0,2.0,1.0,B01,138Â 298Â 217,1.0
962870,201900004401,2,10,05:55,5,2,1,1.0,5.0,31555,RTE D AGDE,M,"43,6291200","1,4816100",31,2019,50.0,1.0,1.0,3.0,2152105,1.0,1,1,1,9.0,,-1.0,0,1997.0,B01,138Â 298Â 217,1.0,0.0,-1.0,1643400,0.0,7,,0.0,2.0,7.0,A01,138Â 298Â 215,1.0
962870,201900004401,2,10,05:55,5,2,1,1.0,5.0,31555,RTE D AGDE,M,"43,6291200","1,4816100",31,2019,50.0,1.0,1.0,3.0,2152105,1.0,1,1,1,9.0,,-1.0,0,1997.0,B01,138Â 298Â 217,1.0,0.0,-1.0,1643401,0.0,7,,0.0,2.0,3.0,C01,138Â 298Â 216,0.0
962870,201900004401,2,10,05:55,5,2,1,1.0,5.0,31555,RTE D AGDE,M,"43,6291200","1,4816100",31,2019,50.0,1.0,1.0,3.0,2152105,1.0,1,1,1,9.0,,-1.0,0,1997.0,B01,138Â 298Â 217,1.0,0.0,-1.0,1643402,0.0,7,,0.0,2.0,1.0,B01,138Â 298Â 217,1.0
962870,201900004401,2,10,05:55,5,2,1,1.0,5.0,31555,RTE D AGDE,M,"43,6291200","1,4816100",31,2019,50.0,1.0,1.0,3.0,2152106,2.0,2,1,1,5.0,,-1.0,0,1996.0,B01,138Â 298Â 217,1.0,0.0,-1.0,1643400,0.0,7,,0.0,2.0,7.0,A01,138Â 298Â 215,1.0
962870,201900004401,2,10,05:55,5,2,1,1.0,5.0,31555,RTE D AGDE,M,"43,6291200","1,4816100",31,2019,50.0,1.0,1.0,3.0,2152106,2.0,2,1,1,5.0,,-1.0,0,1996.0,B01,138Â 298Â 217,1.0,0.0,-1.0,1643401,0.0,7,,0.0,2.0,3.0,C01,138Â 298Â 216,0.0
962870,201900004401,2,10,05:55,5,2,1,1.0,5.0,31555,RTE D AGDE,M,"43,6291200","1,4816100",31,2019,50.0,1.0,1.0,3.0,2152106,2.0,2,1,1,5.0,,-1.0,0,1996.0,B01,138Â 298Â 217,1.0,0.0,-1.0,1643402,0.0,7,,0.0,2.0,1.0,B01,138Â 298Â 217,1.0
962870,201900004401,2,10,05:55,5,2,1,1.0,5.0,31555,RTE D AGDE,M,"43,6291200","1,4816100",31,2019,50.0,1.0,1.0,3.0,2152107,3.0,2,4,1,5.0,,-1.0,0,1997.0,B01,138Â 298Â 217,1.0,0.0,-1.0,1643400,0.0,7,,0.0,2.0,7.0,A01,138Â 298Â 215,1.0
962870,201900004401,2,10,05:55,5,2,1,1.0,5.0,31555,RTE D AGDE,M,"43,6291200","1,4816100",31,2019,50.0,1.0,1.0,3.0,2152107,3.0,2,4,1,5.0,,-1.0,0,1997.0,B01,138Â 298Â 217,1.0,0.0,-1.0,1643401,0.0,7,,0.0,2.0,3.0,C01,138Â 298Â 216,0.0
962870,201900004401,2,10,05:55,5,2,1,1.0,5.0,31555,RTE D AGDE,M,"43,6291200","1,4816100",31,2019,50.0,1.0,1.0,3.0,2152107,3.0,2,4,1,5.0,,-1.0,0,1997.0,B01,138Â 298Â 217,1.0,0.0,-1.0,1643402,0.0,7,,0.0,2.0,1.0,B01,138Â 298Â 217,1.0
962871,201900004402,2,8,17:25,1,2,3,1.0,3.0,31149,HERBAUDIERE (ALLEE DE L'),M,"43,6185900","1,3036100",31,2019,50.0,1.0,1.0,4.0,2152108,1.0,1,1,1,5.0,,-1.0,0,1977.0,A01,138Â 298Â 213,1.0,8.0,-1.0,1643403,2.0,7,,0.0,2.0,3.0,A01,138Â 298Â 213,1.0
962871,201900004402,2,8,17:25,1,2,3,1.0,3.0,31149,HERBAUDIERE (ALLEE DE L'),M,"43,6185900","1,3036100",31,2019,50.0,1.0,1.0,4.0,2152108,1.0,1,1,1,5.0,,-1.0,0,1977.0,A01,138Â 298Â 213,1.0,8.0,-1.0,1643404,2.0,1,,0.0,2.0,1.0,B01,138Â 298Â 214,5.0
962871,201900004402,2,8,17:25,1,2,3,1.0,3.0,31149,HERBAUDIERE (ALLEE DE L'),M,"43,6185900","1,3036100",31,2019,50.0,1.0,1.0,4.0,2152109,1.0,1,4,1,5.0,,-1.0,0,1958.0,B01,138Â 298Â 214,2.0,8.0,-1.0,1643403,2.0,7,,0.0,2.0,3.0,A01,138Â 298Â 213,1.0
962871,201900004402,2,8,17:25,1,2,3,1.0,3.0,31149,HERBAUDIERE (ALLEE DE L'),M,"43,6185900","1,3036100",31,2019,50.0,1.0,1.0,4.0,2152109,1.0,1,4,1,5.0,,-1.0,0,1958.0,B01,138Â 298Â 214,2.0,8.0,-1.0,1643404,2.0,1,,0.0,2.0,1.0,B01,138Â 298Â 214,5.0
962872,201900004403,2,8,15:00,1,2,1,1.0,6.0,31555,RUE HENRI DESBALS,M,"43,5793200","1,4113100",31,2019,50.0,1.0,1.0,4.0,2152110,1.0,1,1,1,5.0,,0.0,0,1989.0,Z01,138Â 298Â 212,1.0,0.0,-1.0,1643405,1.0,7,,0.0,1.0,0.0,Z01,138Â 298Â 212,1.0
962872,201900004403,2,8,15:00,1,2,1,1.0,6.0,31555,RUE HENRI DESBALS,M,"43,5793200","1,4113100",31,2019,50.0,1.0,1.0,4.0,2152111,10.0,3,3,2,5.0,,4.0,3,1944.0,Z01,138Â 298Â 212,8.0,0.0,-1.0,1643405,1.0,7,,0.0,1.0,0.0,Z01,138Â 298Â 212,1.0
962873,201900004404,2,8,08:01,1,2,1,1.0,2.0,31069,GRENADE (ROUTE DE),M,"43,6560900","1,3775600",31,2019,50.0,1.0,1.0,4.0,2152112,1.0,1,1,1,9.0,,-1.0,0,1981.0,B01,138Â 298Â 210,1.0,8.0,-1.0,1643406,1.0,7,,0.0,2.0,3.0,B01,138Â 298Â 210,1.0
962873,201900004404,2,8,08:01,1,2,1,1.0,2.0,31069,GRENADE (ROUTE DE),M,"43,6560900","1,3775600",31,2019,50.0,1.0,1.0,4.0,2152112,1.0,1,1,1,9.0,,-1.0,0,1981.0,B01,138Â 298Â 210,1.0,8.0,-1.0,1643407,1.0,2,,0.0,2.0,1.0,A01,138Â 298Â 211,1.0
962873,201900004404,2,8,08:01,1,2,1,1.0,2.0,31069,GRENADE (ROUTE DE),M,"43,6560900","1,3775600",31,2019,50.0,1.0,1.0,4.0,2152113,1.0,1,4,2,9.0,,-1.0,0,2001.0,A01,138Â 298Â 211,2.0,7.0,-1.0,1643406,1.0,7,,0.0,2.0,3.0,B01,138Â 298Â 210,1.0
962873,201900004404,2,8,08:01,1,2,1,1.0,2.0,31069,GRENADE (ROUTE DE),M,"43,6560900","1,3775600",31,2019,50.0,1.0,1.0,4.0,2152113,1.0,1,4,2,9.0,,-1.0,0,2001.0,A01,138Â 298Â 211,2.0,7.0,-1.0,1643407,1.0,2,,0.0,2.0,1.0,A01,138Â 298Â 211,1.0
962874,201900004405,2,8,07:55,2,1,1,1.0,3.0,31555,VA007331 A620,M,"43,5690800","1,4221500",31,2019,90.0,1.0,1.0,1.0,2152114,1.0,1,4,1,1.0,,-1.0,0,1991.0,A01,138Â 298Â 208,2.0,8.0,-1.0,1643408,2.0,33,,0.0,2.0,1.0,A01,138Â 298Â 208,1.0
962874,201900004405,2,8,07:55,2,1,1,1.0,3.0,31555,VA007331 A620,M,"43,5690800","1,4221500",31,2019,90.0,1.0,1.0,1.0,2152114,1.0,1,4,1,1.0,,-1.0,0,1991.0,A01,138Â 298Â 208,2.0,8.0,-1.0,1643409,2.0,7,,0.0,2.0,0.0,Z01,138Â 298Â 209,1.0
962875,201900004406,5,17,13:30,1,1,1,1.0,2.0,94017,A4,M,"48,8280945","2,5033698",94,2019,90.0,1.0,1.0,1.0,2152115,1.0,1,4,2,4.0,,-1.0, -1,1988.0,A01,138Â 298Â 206,1.0,0.0,-1.0,1643410,2.0,7,,0.0,2.0,4.0,A01,138Â 298Â 206,1.0
962875,201900004406,5,17,13:30,1,1,1,1.0,2.0,94017,A4,M,"48,8280945","2,5033698",94,2019,90.0,1.0,1.0,1.0,2152115,1.0,1,4,2,4.0,,-1.0, -1,1988.0,A01,138Â 298Â 206,1.0,0.0,-1.0,1643411,2.0,17,,0.0,2.0,1.0,B01,138Â 298Â 207,1.0
962875,201900004406,5,17,13:30,1,1,1,1.0,2.0,94017,A4,M,"48,8280945","2,5033698",94,2019,90.0,1.0,1.0,1.0,2152116,1.0,1,1,1,4.0,,-1.0,0,1968.0,B01,138Â 298Â 207,1.0,4.0,-1.0,1643410,2.0,7,,0.0,2.0,4.0,A01,138Â 298Â 206,1.0
962875,201900004406,5,17,13:30,1,1,1,1.0,2.0,94017,A4,M,"48,8280945","2,5033698",94,2019,90.0,1.0,1.0,1.0,2152116,1.0,1,1,1,4.0,,-1.0,0,1968.0,B01,138Â 298Â 207,1.0,4.0,-1.0,1643411,2.0,17,,0.0,2.0,1.0,B01,138Â 298Â 207,1.0
962876,201900004407,5,16,23:30,3,1,1,1.0,6.0,77058,A4,M,"48,8304900","2,6982200",77,2019,110.0,1.0,1.0,1.0,2152117,1.0,1,3,1,5.0,,-1.0,0,1973.0,A01,138Â 298Â 204,1.0,0.0,-1.0,1643412,2.0,7,,0.0,2.0,1.0,A01,138Â 298Â 204,1.0
962876,201900004407,5,16,23:30,3,1,1,1.0,6.0,77058,A4,M,"48,8304900","2,6982200",77,2019,110.0,1.0,1.0,1.0,2152117,1.0,1,3,1,5.0,,-1.0,0,1973.0,A01,138Â 298Â 204,1.0,0.0,-1.0,1643413,2.0,17,,0.0,2.0,6.0,B01,138Â 298Â 205,1.0
962876,201900004407,5,16,23:30,3,1,1,1.0,6.0,77058,A4,M,"48,8304900","2,6982200",77,2019,110.0,1.0,1.0,1.0,2152118,1.0,1,1,1,4.0,,-1.0,0,1968.0,B01,138Â 298Â 205,1.0,0.0,-1.0,1643412,2.0,7,,0.0,2.0,1.0,A01,138Â 298Â 204,1.0