Unnamed: 0_x,num_acc,mois,jour,hrmn,lum,agg,int,atm,col,com,adr,gps,lat,long,dep,annee,vma,situ,surf,catr,Unnamed: 0_y,place,catu,grav,sexe,trajet,secu,locp,actp,an_nais,num_veh_x,id_vehicule_x,secu1,secu2,secu3,Unnamed: 0,senc,catv,occutc,obs,obsm,choc,num_veh_y,id_vehicule_y,motor
962876,201900004407,5,16,23:30,3,1,1,1.0,6.0,77058,A4,M,"48,8304900","2,6982200",77,2019,110.0,1.0,1.0,1.0,2152118,1.0,1,1,1,4.0,,-1.0,0,1968.0,B01,138Â 298Â 205,1.0,0.0,-1.0,1643413,2.0,17,,0.0,2.0,6.0,B01,138Â 298Â 205,1.0
962877,201900004408,5,16,12:40,1,1,1,1.0,7.0,94028,RN406.Y,M,"48,7575517","2,4719657",94,2019,70.0,1.0,1.0,2.0,2152119,1.0,1,4,1,5.0,,-1.0,0,1984.0,A01,138Â 298Â 203,2.0,6.0,-1.0,1643414,1.0,33,,0.0,0.0,8.0,A01,138Â 298Â 203,1.0
962878,201900004409,5,15,18:00,1,1,1,1.0,2.0,77122,RN104,M,"48,6470200","2,5743800",77,2019,90.0,1.0,1.0,2.0,2152120,1.0,1,4,1,0.0,,-1.0,0,1964.0,A01,138Â 298Â 201,1.0,0.0,-1.0,1643415,1.0,7,,0.0,2.0,6.0,A01,138Â 298Â 201,1.0
962878,201900004409,5,15,18:00,1,1,1,1.0,2.0,77122,RN104,M,"48,6470200","2,5743800",77,2019,90.0,1.0,1.0,2.0,2152120,1.0,1,4,1,0.0,,-1.0,0,1964.0,A01,138Â 298Â 201,1.0,0.0,-1.0,1643416,1.0,15,,0.0,2.0,2.0,B01,138Â 298Â 202,1.0
962878,201900004409,5,15,18:00,1,1,1,1.0,2.0,77122,RN104,M,"48,6470200","2,5743800",77,2019,90.0,1.0,1.0,2.0,2152121,1.0,1,1,1,0.0,,-1.0,0,1976.0,B01,138Â 298Â 202,1.0,0.0,-1.0,1643415,1.0,7,,0.0,2.0,6.0,A01,138Â 298Â 201,1.0
962878,201900004409,5,15,18:00,1,1,1,1.0,2.0,77122,RN104,M,"48,6470200","2,5743800",77,2019,90.0,1.0,1.0,2.0,2152121,1.0,1,1,1,0.0,,-1.0,0,1976.0,B01,138Â 298Â 202,1.0,0.0,-1.0,1643416,1.0,15,,0.0,2.0,2.0,B01,138Â 298Â 202,1.0
962879,201900004410,5,15,08:15,1,1,1,1.0,6.0,94074,RN406.W,M,"48,7639600","2,4641400",94,2019,90.0,1.0,1.0,2.0,2152122,1.0,1,4,1,4.0,,-1.0,0,1975.0,B01,138Â 298Â 199,2.0,6.0,-1.0,1643417,2.0,32,,0.0,2.0,1.0,B01,138Â 298Â 199,1.0
962879,201900004410,5,15,08:15,1,1,1,1.0,6.0,94074,RN406.W,M,"48,7639600","2,4641400",94,2019,90.0,1.0,1.0,2.0,2152122,1.0,1,4,1,4.0,,-1.0,0,1975.0,B01,138Â 298Â 199,2.0,6.0,-1.0,1643418,2.0,7,,0.0,0.0,1.0,A01,138Â 298Â 200,1.0
962879,201900004410,5,15,08:15,1,1,1,1.0,6.0,94074,RN406.W,M,"48,7639600","2,4641400",94,2019,90.0,1.0,1.0,2.0,2152123,1.0,1,1,1,1.0,,-1.0, -1,1975.0,A01,138Â 298Â 200,1.0,0.0,-1.0,1643417,2.0,32,,0.0,2.0,1.0,B01,138Â 298Â 199,1.0
962879,201900004410,5,15,08:15,1,1,1,1.0,6.0,94074,RN406.W,M,"48,7639600","2,4641400",94,2019,90.0,1.0,1.0,2.0,2152123,1.0,1,1,1,1.0,,-1.0, -1,1975.0,A01,138Â 298Â 200,1.0,0.0,-1.0,1643418,2.0,7,,0.0,0.0,1.0,A01,138Â 298Â 200,1.0
962880,201900004411,5,14,18:40,1,1,1,1.0,5.0,93051,A4,M,"48,8352000","2,5741000",93,2019,110.0,1.0,1.0,1.0,2152124,1.0,1,1,1,1.0,,-1.0, -1,1971.0,C01,138Â 298Â 196,1.0,0.0,-1.0,1643419,2.0,7,,0.0,2.0,4.0,C01,138Â 298Â 196,1.0
962880,201900004411,5,14,18:40,1,1,1,1.0,5.0,93051,A4,M,"48,8352000","2,5741000",93,2019,110.0,1.0,1.0,1.0,2152124,1.0,1,1,1,1.0,,-1.0, -1,1971.0,C01,138Â 298Â 196,1.0,0.0,-1.0,1643420,2.0,7,,0.0,2.0,7.0,B01,138Â 298Â 197,1.0
962880,201900004411,5,14,18:40,1,1,1,1.0,5.0,93051,A4,M,"48,8352000","2,5741000",93,2019,110.0,1.0,1.0,1.0,2152124,1.0,1,1,1,1.0,,-1.0, -1,1971.0,C01,138Â 298Â 196,1.0,0.0,-1.0,1643421,2.0,33,,0.0,2.0,1.0,A01,138Â 298Â 198,1.0
962880,201900004411,5,14,18:40,1,1,1,1.0,5.0,93051,A4,M,"48,8352000","2,5741000",93,2019,110.0,1.0,1.0,1.0,2152125,1.0,1,1,1,1.0,,-1.0, -1,1987.0,B01,138Â 298Â 197,1.0,0.0,-1.0,1643419,2.0,7,,0.0,2.0,4.0,C01,138Â 298Â 196,1.0
962880,201900004411,5,14,18:40,1,1,1,1.0,5.0,93051,A4,M,"48,8352000","2,5741000",93,2019,110.0,1.0,1.0,1.0,2152125,1.0,1,1,1,1.0,,-1.0, -1,1987.0,B01,138Â 298Â 197,1.0,0.0,-1.0,1643420,2.0,7,,0.0,2.0,7.0,B01,138Â 298Â 197,1.0
962880,201900004411,5,14,18:40,1,1,1,1.0,5.0,93051,A4,M,"48,8352000","2,5741000",93,2019,110.0,1.0,1.0,1.0,2152125,1.0,1,1,1,1.0,,-1.0, -1,1987.0,B01,138Â 298Â 197,1.0,0.0,-1.0,1643421,2.0,33,,0.0,2.0,1.0,A01,138Â 298Â 198,1.0
962880,201900004411,5,14,18:40,1,1,1,1.0,5.0,93051,A4,M,"48,8352000","2,5741000",93,2019,110.0,1.0,1.0,1.0,2152126,1.0,1,4,1,9.0,,-1.0, -1,1980.0,A01,138Â 298Â 198,2.0,0.0,-1.0,1643419,2.0,7,,0.0,2.0,4.0,C01,138Â 298Â 196,1.0
962880,201900004411,5,14,18:40,1,1,1,1.0,5.0,93051,A4,M,"48,8352000","2,5741000",93,2019,110.0,1.0,1.0,1.0,2152126,1.0,1,4,1,9.0,,-1.0, -1,1980.0,A01,138Â 298Â 198,2.0,0.0,-1.0,1643420,2.0,7,,0.0,2.0,7.0,B01,138Â 298Â 197,1.0
962880,201900004411,5,14,18:40,1,1,1,1.0,5.0,93051,A4,M,"48,8352000","2,5741000",93,2019,110.0,1.0,1.0,1.0,2152126,1.0,1,4,1,9.0,,-1.0, -1,1980.0,A01,138Â 298Â 198,2.0,0.0,-1.0,1643421,2.0,33,,0.0,2.0,1.0,A01,138Â 298Â 198,1.0
962881,201900004412,5,14,13:15,1,1,1,1.0,2.0,77438,A104,M,"48,8644480","2,6688255",77,2019,90.0,1.0,1.0,1.0,2152127,1.0,1,1,1,4.0,,-1.0,0,1976.0,B01,138Â 298Â 194,1.0,4.0,-1.0,1643422,1.0,14,,0.0,2.0,2.0,B01,138Â 298Â 194,1.0
962881,201900004412,5,14,13:15,1,1,1,1.0,2.0,77438,A104,M,"48,8644480","2,6688255",77,2019,90.0,1.0,1.0,1.0,2152127,1.0,1,1,1,4.0,,-1.0,0,1976.0,B01,138Â 298Â 194,1.0,4.0,-1.0,1643423,1.0,33,,0.0,2.0,3.0,A01,138Â 298Â 195,1.0
962881,201900004412,5,14,13:15,1,1,1,1.0,2.0,77438,A104,M,"48,8644480","2,6688255",77,2019,90.0,1.0,1.0,1.0,2152128,1.0,1,4,1,1.0,,-1.0,0,1988.0,A01,138Â 298Â 195,2.0,6.0,-1.0,1643422,1.0,14,,0.0,2.0,2.0,B01,138Â 298Â 194,1.0
962881,201900004412,5,14,13:15,1,1,1,1.0,2.0,77438,A104,M,"48,8644480","2,6688255",77,2019,90.0,1.0,1.0,1.0,2152128,1.0,1,4,1,1.0,,-1.0,0,1988.0,A01,138Â 298Â 195,2.0,6.0,-1.0,1643423,1.0,33,,0.0,2.0,3.0,A01,138Â 298Â 195,1.0
962882,201900004413,5,13,23:40,4,1,1,1.0,2.0,94033,A86.EXT,M,"48,8488000","2,4917000",94,2019,90.0,1.0,1.0,1.0,2152129,1.0,1,4,2,5.0,,-1.0,0,1939.0,A01,138Â 298Â 192,1.0,0.0,-1.0,1643424,1.0,7,,0.0,2.0,1.0,A01,138Â 298Â 192,1.0
962882,201900004413,5,13,23:40,4,1,1,1.0,2.0,94033,A86.EXT,M,"48,8488000","2,4917000",94,2019,90.0,1.0,1.0,1.0,2152129,1.0,1,4,2,5.0,,-1.0,0,1939.0,A01,138Â 298Â 192,1.0,0.0,-1.0,1643425,1.0,7,,0.0,2.0,4.0,B01,138Â 298Â 193,1.0
962882,201900004413,5,13,23:40,4,1,1,1.0,2.0,94033,A86.EXT,M,"48,8488000","2,4917000",94,2019,90.0,1.0,1.0,1.0,2152130,1.0,1,1,1,5.0,,-1.0,0,1987.0,B01,138Â 298Â 193,1.0,0.0,-1.0,1643424,1.0,7,,0.0,2.0,1.0,A01,138Â 298Â 192,1.0
962882,201900004413,5,13,23:40,4,1,1,1.0,2.0,94033,A86.EXT,M,"48,8488000","2,4917000",94,2019,90.0,1.0,1.0,1.0,2152130,1.0,1,1,1,5.0,,-1.0,0,1987.0,B01,138Â 298Â 193,1.0,0.0,-1.0,1643425,1.0,7,,0.0,2.0,4.0,B01,138Â 298Â 193,1.0
962883,201900004414,5,13,16:30,1,1,1,1.0,2.0,77372,A104,M,"48,8851567","2,6676435",77,2019,90.0,1.0,1.0,1.0,2152131,1.0,1,1,1,4.0,,-1.0,0,1959.0,A01,138Â 298Â 190,1.0,0.0,-1.0,1643426,1.0,13,,0.0,2.0,8.0,A01,138Â 298Â 190,1.0
962883,201900004414,5,13,16:30,1,1,1,1.0,2.0,77372,A104,M,"48,8851567","2,6676435",77,2019,90.0,1.0,1.0,1.0,2152131,1.0,1,1,1,4.0,,-1.0,0,1959.0,A01,138Â 298Â 190,1.0,0.0,-1.0,1643427,1.0,7,,4.0,2.0,7.0,B01,138Â 298Â 191,1.0
962883,201900004414,5,13,16:30,1,1,1,1.0,2.0,77372,A104,M,"48,8851567","2,6676435",77,2019,90.0,1.0,1.0,1.0,2152132,1.0,1,4,1,0.0,,-1.0,0,1972.0,B01,138Â 298Â 191,1.0,4.0,-1.0,1643426,1.0,13,,0.0,2.0,8.0,A01,138Â 298Â 190,1.0
962883,201900004414,5,13,16:30,1,1,1,1.0,2.0,77372,A104,M,"48,8851567","2,6676435",77,2019,90.0,1.0,1.0,1.0,2152132,1.0,1,4,1,0.0,,-1.0,0,1972.0,B01,138Â 298Â 191,1.0,4.0,-1.0,1643427,1.0,7,,4.0,2.0,7.0,B01,138Â 298Â 191,1.0
962884,201900004415,5,13,09:00,1,1,1,1.0,2.0,94069,A4,M,"48,8175121","2,4327593",94,2019,90.0,1.0,1.0,1.0,2152133,1.0,1,4,1,1.0,,-1.0,0,1994.0,B01,138Â 298Â 188,2.0,6.0,-1.0,1643428,2.0,33,,0.0,2.0,1.0,B01,138Â 298Â 188,1.0
962884,201900004415,5,13,09:00,1,1,1,1.0,2.0,94069,A4,M,"48,8175121","2,4327593",94,2019,90.0,1.0,1.0,1.0,2152133,1.0,1,4,1,1.0,,-1.0,0,1994.0,B01,138Â 298Â 188,2.0,6.0,-1.0,1643429,1.0,7,,0.0,2.0,6.0,A01,138Â 298Â 189,1.0
962884,201900004415,5,13,09:00,1,1,1,1.0,2.0,94069,A4,M,"48,8175121","2,4327593",94,2019,90.0,1.0,1.0,1.0,2152134,1.0,1,1,1,1.0,,-1.0,0,1981.0,A01,138Â 298Â 189,1.0,4.0,-1.0,1643428,2.0,33,,0.0,2.0,1.0,B01,138Â 298Â 188,1.0
962884,201900004415,5,13,09:00,1,1,1,1.0,2.0,94069,A4,M,"48,8175121","2,4327593",94,2019,90.0,1.0,1.0,1.0,2152134,1.0,1,1,1,1.0,,-1.0,0,1981.0,A01,138Â 298Â 189,1.0,4.0,-1.0,1643429,1.0,7,,0.0,2.0,6.0,A01,138Â 298Â 189,1.0
962885,201900004416,5,12,02:55,5,1,9,1.0,2.0,94069,A4,M,"48,8172000","2,4294000",94,2019,90.0,1.0,1.0,1.0,2152135,1.0,1,4,1,4.0,,-1.0, -1,1979.0,B01,138Â 298Â 186,1.0,8.0,-1.0,1643430,1.0,7,,0.0,2.0,6.0,B01,138Â 298Â 186,1.0
962885,201900004416,5,12,02:55,5,1,9,1.0,2.0,94069,A4,M,"48,8172000","2,4294000",94,2019,90.0,1.0,1.0,1.0,2152135,1.0,1,4,1,4.0,,-1.0, -1,1979.0,B01,138Â 298Â 186,1.0,8.0,-1.0,1643431,1.0,7,,0.0,2.0,1.0,A01,138Â 298Â 187,1.0
962885,201900004416,5,12,02:55,5,1,9,1.0,2.0,94069,A4,M,"48,8172000","2,4294000",94,2019,90.0,1.0,1.0,1.0,2152136,1.0,1,1,1,0.0,,-1.0, -1,1985.0,A01,138Â 298Â 187,1.0,8.0,-1.0,1643430,1.0,7,,0.0,2.0,6.0,B01,138Â 298Â 186,1.0
962885,201900004416,5,12,02:55,5,1,9,1.0,2.0,94069,A4,M,"48,8172000","2,4294000",94,2019,90.0,1.0,1.0,1.0,2152136,1.0,1,1,1,0.0,,-1.0, -1,1985.0,A01,138Â 298Â 187,1.0,8.0,-1.0,1643431,1.0,7,,0.0,2.0,1.0,A01,138Â 298Â 187,1.0
962886,201900004417,5,12,00:30,3,1,1,8.0,6.0,77363,A104,M,"48,9236000","2,6296000",77,2019,90.0,1.0,1.0,1.0,2152137,10.0,3,2,1,9.0,,0.0,3,1983.0,A01,138Â 298Â 185,9.0,9.0,9.0,1643432,1.0,7,,0.0,1.0,3.0,A01,138Â 298Â 185,1.0
962886,201900004417,5,12,00:30,3,1,1,8.0,6.0,77363,A104,M,"48,9236000","2,6296000",77,2019,90.0,1.0,1.0,1.0,2152138,1.0,1,1,1,1.0,,-1.0,0,1991.0,A01,138Â 298Â 185,1.0,8.0,-1.0,1643432,1.0,7,,0.0,1.0,3.0,A01,138Â 298Â 185,1.0
962887,201900004418,5,11,07:00,1,1,1,1.0,6.0,77495,A5b,M,"48,5859500","2,6369700",77,2019,110.0,1.0,2.0,1.0,2152139,1.0,1,4,2,1.0,,-1.0,0,1984.0,A01,138Â 298Â 184,1.0,0.0,-1.0,1643433,2.0,7,,3.0,0.0,2.0,A01,138Â 298Â 184,1.0
962888,201900004419,5,10,16:30,1,1,1,2.0,4.0,77294,A104,M,"48,9681200","2,6019200",77,2019,80.0,1.0,2.0,1.0,2152140,1.0,1,4,2,5.0,,-1.0,0,1997.0,A01,138Â 298Â 181,1.0,0.0,-1.0,1643434,1.0,7,,0.0,2.0,4.0,A01,138Â 298Â 181,1.0
962888,201900004419,5,10,16:30,1,1,1,2.0,4.0,77294,A104,M,"48,9681200","2,6019200",77,2019,80.0,1.0,2.0,1.0,2152140,1.0,1,4,2,5.0,,-1.0,0,1997.0,A01,138Â 298Â 181,1.0,0.0,-1.0,1643435,1.0,7,,0.0,2.0,4.0,B01,138Â 298Â 182,1.0
962888,201900004419,5,10,16:30,1,1,1,2.0,4.0,77294,A104,M,"48,9681200","2,6019200",77,2019,80.0,1.0,2.0,1.0,2152140,1.0,1,4,2,5.0,,-1.0,0,1997.0,A01,138Â 298Â 181,1.0,0.0,-1.0,1643436,2.0,7,,0.0,2.0,1.0,C01,138Â 298Â 183,1.0
962888,201900004419,5,10,16:30,1,1,1,2.0,4.0,77294,A104,M,"48,9681200","2,6019200",77,2019,80.0,1.0,2.0,1.0,2152141,1.0,1,4,2,1.0,,-1.0,0,1975.0,B01,138Â 298Â 182,1.0,0.0,-1.0,1643434,1.0,7,,0.0,2.0,4.0,A01,138Â 298Â 181,1.0
962888,201900004419,5,10,16:30,1,1,1,2.0,4.0,77294,A104,M,"48,9681200","2,6019200",77,2019,80.0,1.0,2.0,1.0,2152141,1.0,1,4,2,1.0,,-1.0,0,1975.0,B01,138Â 298Â 182,1.0,0.0,-1.0,1643435,1.0,7,,0.0,2.0,4.0,B01,138Â 298Â 182,1.0
962888,201900004419,5,10,16:30,1,1,1,2.0,4.0,77294,A104,M,"48,9681200","2,6019200",77,2019,80.0,1.0,2.0,1.0,2152141,1.0,1,4,2,1.0,,-1.0,0,1975.0,B01,138Â 298Â 182,1.0,0.0,-1.0,1643436,2.0,7,,0.0,2.0,1.0,C01,138Â 298Â 183,1.0
962888,201900004419,5,10,16:30,1,1,1,2.0,4.0,77294,A104,M,"48,9681200","2,6019200",77,2019,80.0,1.0,2.0,1.0,2152142,1.0,1,1,1,4.0,,-1.0,0,1995.0,C01,138Â 298Â 183,1.0,0.0,-1.0,1643434,1.0,7,,0.0,2.0,4.0,A01,138Â 298Â 181,1.0
962888,201900004419,5,10,16:30,1,1,1,2.0,4.0,77294,A104,M,"48,9681200","2,6019200",77,2019,80.0,1.0,2.0,1.0,2152142,1.0,1,1,1,4.0,,-1.0,0,1995.0,C01,138Â 298Â 183,1.0,0.0,-1.0,1643435,1.0,7,,0.0,2.0,4.0,B01,138Â 298Â 182,1.0
962888,201900004419,5,10,16:30,1,1,1,2.0,4.0,77294,A104,M,"48,9681200","2,6019200",77,2019,80.0,1.0,2.0,1.0,2152142,1.0,1,1,1,4.0,,-1.0,0,1995.0,C01,138Â 298Â 183,1.0,0.0,-1.0,1643436,2.0,7,,0.0,2.0,1.0,C01,138Â 298Â 183,1.0
962889,201900004420,5,10,16:45,1,1,1,1.0,7.0,94042,A4,M,"48,8302815","2,4925988",94,2019,50.0,1.0,1.0,1.0,2152143,1.0,1,4,1,9.0,,-1.0,0,1996.0,A01,138Â 298Â 180,2.0,6.0,-1.0,1643437,2.0,33,,4.0,0.0,7.0,A01,138Â 298Â 180,1.0
962890,201900004421,5,10,06:47,2,1,1,1.0,3.0,94017,A4,M,"48,8292000","2,5000000",94,2019,90.0,1.0,1.0,1.0,2152144,1.0,1,4,1,0.0,,-1.0,0,1967.0,B01,138Â 298Â 178,2.0,4.0,-1.0,1643438,1.0,31,,0.0,2.0,8.0,B01,138Â 298Â 178,1.0
962890,201900004421,5,10,06:47,2,1,1,1.0,3.0,94017,A4,M,"48,8292000","2,5000000",94,2019,90.0,1.0,1.0,1.0,2152144,1.0,1,4,1,0.0,,-1.0,0,1967.0,B01,138Â 298Â 178,2.0,4.0,-1.0,1643439,1.0,7,,0.0,2.0,7.0,A01,138Â 298Â 179,1.0
962890,201900004421,5,10,06:47,2,1,1,1.0,3.0,94017,A4,M,"48,8292000","2,5000000",94,2019,90.0,1.0,1.0,1.0,2152145,1.0,1,1,1,1.0,,-1.0, -1,1982.0,A01,138Â 298Â 179,1.0,4.0,-1.0,1643438,1.0,31,,0.0,2.0,8.0,B01,138Â 298Â 178,1.0
962890,201900004421,5,10,06:47,2,1,1,1.0,3.0,94017,A4,M,"48,8292000","2,5000000",94,2019,90.0,1.0,1.0,1.0,2152145,1.0,1,1,1,1.0,,-1.0, -1,1982.0,A01,138Â 298Â 179,1.0,4.0,-1.0,1643439,1.0,7,,0.0,2.0,7.0,A01,138Â 298Â 179,1.0
962891,201900004422,5,9,16:50,1,1,1,1.0,4.0,77294,A104,M,"48,9704850","2,5964860",77,2019,90.0,1.0,1.0,1.0,2152146,1.0,1,1,1,1.0,,-1.0,0,1978.0,C01,138Â 298Â 175,1.0,0.0,-1.0,1643440,1.0,7,,0.0,2.0,5.0,C01,138Â 298Â 175,1.0
962891,201900004422,5,9,16:50,1,1,1,1.0,4.0,77294,A104,M,"48,9704850","2,5964860",77,2019,90.0,1.0,1.0,1.0,2152146,1.0,1,1,1,1.0,,-1.0,0,1978.0,C01,138Â 298Â 175,1.0,0.0,-1.0,1643441,1.0,7,,0.0,2.0,7.0,B01,138Â 298Â 176,1.0
962891,201900004422,5,9,16:50,1,1,1,1.0,4.0,77294,A104,M,"48,9704850","2,5964860",77,2019,90.0,1.0,1.0,1.0,2152146,1.0,1,1,1,1.0,,-1.0,0,1978.0,C01,138Â 298Â 175,1.0,0.0,-1.0,1643442,1.0,33,,0.0,2.0,1.0,A01,138Â 298Â 177,1.0
962891,201900004422,5,9,16:50,1,1,1,1.0,4.0,77294,A104,M,"48,9704850","2,5964860",77,2019,90.0,1.0,1.0,1.0,2152147,1.0,1,1,2,5.0,,-1.0,0,1994.0,B01,138Â 298Â 176,1.0,0.0,-1.0,1643440,1.0,7,,0.0,2.0,5.0,C01,138Â 298Â 175,1.0
962891,201900004422,5,9,16:50,1,1,1,1.0,4.0,77294,A104,M,"48,9704850","2,5964860",77,2019,90.0,1.0,1.0,1.0,2152147,1.0,1,1,2,5.0,,-1.0,0,1994.0,B01,138Â 298Â 176,1.0,0.0,-1.0,1643441,1.0,7,,0.0,2.0,7.0,B01,138Â 298Â 176,1.0
962891,201900004422,5,9,16:50,1,1,1,1.0,4.0,77294,A104,M,"48,9704850","2,5964860",77,2019,90.0,1.0,1.0,1.0,2152147,1.0,1,1,2,5.0,,-1.0,0,1994.0,B01,138Â 298Â 176,1.0,0.0,-1.0,1643442,1.0,33,,0.0,2.0,1.0,A01,138Â 298Â 177,1.0
962891,201900004422,5,9,16:50,1,1,1,1.0,4.0,77294,A104,M,"48,9704850","2,5964860",77,2019,90.0,1.0,1.0,1.0,2152148,1.0,1,4,1,0.0,,-1.0,0,1977.0,A01,138Â 298Â 177,2.0,0.0,-1.0,1643440,1.0,7,,0.0,2.0,5.0,C01,138Â 298Â 175,1.0
962891,201900004422,5,9,16:50,1,1,1,1.0,4.0,77294,A104,M,"48,9704850","2,5964860",77,2019,90.0,1.0,1.0,1.0,2152148,1.0,1,4,1,0.0,,-1.0,0,1977.0,A01,138Â 298Â 177,2.0,0.0,-1.0,1643441,1.0,7,,0.0,2.0,7.0,B01,138Â 298Â 176,1.0
962891,201900004422,5,9,16:50,1,1,1,1.0,4.0,77294,A104,M,"48,9704850","2,5964860",77,2019,90.0,1.0,1.0,1.0,2152148,1.0,1,4,1,0.0,,-1.0,0,1977.0,A01,138Â 298Â 177,2.0,0.0,-1.0,1643442,1.0,33,,0.0,2.0,1.0,A01,138Â 298Â 177,1.0
962892,201900004423,5,8,14:45,1,1,1,2.0,6.0,77169,A4.Y,M,"48,8314900","2,6025800",77,2019,90.0,1.0,2.0,1.0,2152149,2.0,2,4,2,5.0,,-1.0,0,1995.0,B01,138Â 298Â 173,1.0,0.0,-1.0,1643443,1.0,7,,0.0,2.0,6.0,B01,138Â 298Â 173,1.0
962892,201900004423,5,8,14:45,1,1,1,2.0,6.0,77169,A4.Y,M,"48,8314900","2,6025800",77,2019,90.0,1.0,2.0,1.0,2152149,2.0,2,4,2,5.0,,-1.0,0,1995.0,B01,138Â 298Â 173,1.0,0.0,-1.0,1643444,1.0,7,,0.0,2.0,2.0,A01,138Â 298Â 174,1.0
962892,201900004423,5,8,14:45,1,1,1,2.0,6.0,77169,A4.Y,M,"48,8314900","2,6025800",77,2019,90.0,1.0,2.0,1.0,2152150,2.0,2,1,1,5.0,,-1.0,0,1996.0,B01,138Â 298Â 173,1.0,0.0,-1.0,1643443,1.0,7,,0.0,2.0,6.0,B01,138Â 298Â 173,1.0
962892,201900004423,5,8,14:45,1,1,1,2.0,6.0,77169,A4.Y,M,"48,8314900","2,6025800",77,2019,90.0,1.0,2.0,1.0,2152150,2.0,2,1,1,5.0,,-1.0,0,1996.0,B01,138Â 298Â 173,1.0,0.0,-1.0,1643444,1.0,7,,0.0,2.0,2.0,A01,138Â 298Â 174,1.0
962892,201900004423,5,8,14:45,1,1,1,2.0,6.0,77169,A4.Y,M,"48,8314900","2,6025800",77,2019,90.0,1.0,2.0,1.0,2152151,1.0,1,1,1,5.0,,-1.0,0,1972.0,B01,138Â 298Â 173,1.0,0.0,-1.0,1643443,1.0,7,,0.0,2.0,6.0,B01,138Â 298Â 173,1.0
962892,201900004423,5,8,14:45,1,1,1,2.0,6.0,77169,A4.Y,M,"48,8314900","2,6025800",77,2019,90.0,1.0,2.0,1.0,2152151,1.0,1,1,1,5.0,,-1.0,0,1972.0,B01,138Â 298Â 173,1.0,0.0,-1.0,1643444,1.0,7,,0.0,2.0,2.0,A01,138Â 298Â 174,1.0
962892,201900004423,5,8,14:45,1,1,1,2.0,6.0,77169,A4.Y,M,"48,8314900","2,6025800",77,2019,90.0,1.0,2.0,1.0,2152152,1.0,1,1,2,5.0,,-1.0,0,1992.0,A01,138Â 298Â 174,1.0,0.0,-1.0,1643443,1.0,7,,0.0,2.0,6.0,B01,138Â 298Â 173,1.0
962892,201900004423,5,8,14:45,1,1,1,2.0,6.0,77169,A4.Y,M,"48,8314900","2,6025800",77,2019,90.0,1.0,2.0,1.0,2152152,1.0,1,1,2,5.0,,-1.0,0,1992.0,A01,138Â 298Â 174,1.0,0.0,-1.0,1643444,1.0,7,,0.0,2.0,2.0,A01,138Â 298Â 174,1.0
962893,201900004424,5,6,18:50,1,1,1,1.0,5.0,77294,A104,M,"48,9571270","2,6253085",77,2019,90.0,1.0,1.0,1.0,2152153,1.0,1,4,1,4.0,,-1.0,0,1977.0,C01,138Â 298Â 170,1.0,0.0,-1.0,1643445,2.0,7,,0.0,2.0,8.0,C01,138Â 298Â 170,1.0
962893,201900004424,5,6,18:50,1,1,1,1.0,5.0,77294,A104,M,"48,9571270","2,6253085",77,2019,90.0,1.0,1.0,1.0,2152153,1.0,1,4,1,4.0,,-1.0,0,1977.0,C01,138Â 298Â 170,1.0,0.0,-1.0,1643446,2.0,10,,0.0,2.0,5.0,B01,138Â 298Â 171,1.0
962893,201900004424,5,6,18:50,1,1,1,1.0,5.0,77294,A104,M,"48,9571270","2,6253085",77,2019,90.0,1.0,1.0,1.0,2152153,1.0,1,4,1,4.0,,-1.0,0,1977.0,C01,138Â 298Â 170,1.0,0.0,-1.0,1643447,2.0,10,,0.0,2.0,3.0,A01,138Â 298Â 172,1.0
962893,201900004424,5,6,18:50,1,1,1,1.0,5.0,77294,A104,M,"48,9571270","2,6253085",77,2019,90.0,1.0,1.0,1.0,2152154,2.0,2,4,1,0.0,,-1.0,0,2005.0,C01,138Â 298Â 170,1.0,0.0,-1.0,1643445,2.0,7,,0.0,2.0,8.0,C01,138Â 298Â 170,1.0
962893,201900004424,5,6,18:50,1,1,1,1.0,5.0,77294,A104,M,"48,9571270","2,6253085",77,2019,90.0,1.0,1.0,1.0,2152154,2.0,2,4,1,0.0,,-1.0,0,2005.0,C01,138Â 298Â 170,1.0,0.0,-1.0,1643446,2.0,10,,0.0,2.0,5.0,B01,138Â 298Â 171,1.0
962893,201900004424,5,6,18:50,1,1,1,1.0,5.0,77294,A104,M,"48,9571270","2,6253085",77,2019,90.0,1.0,1.0,1.0,2152154,2.0,2,4,1,0.0,,-1.0,0,2005.0,C01,138Â 298Â 170,1.0,0.0,-1.0,1643447,2.0,10,,0.0,2.0,3.0,A01,138Â 298Â 172,1.0
962893,201900004424,5,6,18:50,1,1,1,1.0,5.0,77294,A104,M,"48,9571270","2,6253085",77,2019,90.0,1.0,1.0,1.0,2152155,1.0,1,1,1,4.0,,-1.0,0,1990.0,B01,138Â 298Â 171,1.0,0.0,-1.0,1643445,2.0,7,,0.0,2.0,8.0,C01,138Â 298Â 170,1.0
962893,201900004424,5,6,18:50,1,1,1,1.0,5.0,77294,A104,M,"48,9571270","2,6253085",77,2019,90.0,1.0,1.0,1.0,2152155,1.0,1,1,1,4.0,,-1.0,0,1990.0,B01,138Â 298Â 171,1.0,0.0,-1.0,1643446,2.0,10,,0.0,2.0,5.0,B01,138Â 298Â 171,1.0
962893,201900004424,5,6,18:50,1,1,1,1.0,5.0,77294,A104,M,"48,9571270","2,6253085",77,2019,90.0,1.0,1.0,1.0,2152155,1.0,1,1,1,4.0,,-1.0,0,1990.0,B01,138Â 298Â 171,1.0,0.0,-1.0,1643447,2.0,10,,0.0,2.0,3.0,A01,138Â 298Â 172,1.0