Unnamed: 0_x,num_acc,mois,jour,hrmn,lum,agg,int,atm,col,com,adr,gps,lat,long,dep,annee,vma,situ,surf,catr,Unnamed: 0_y,place,catu,grav,sexe,trajet,secu,locp,actp,an_nais,num_veh_x,id_vehicule_x,secu1,secu2,secu3,Unnamed: 0,senc,catv,occutc,obs,obsm,choc,num_veh_y,id_vehicule_y,motor
962893,201900004424,5,6,18:50,1,1,1,1.0,5.0,77294,A104,M,"48,9571270","2,6253085",77,2019,90.0,1.0,1.0,1.0,2152156,2.0,2,1,1,4.0,,-1.0,0,1989.0,B01,138Â 298Â 171,1.0,0.0,-1.0,1643445,2.0,7,,0.0,2.0,8.0,C01,138Â 298Â 170,1.0
962893,201900004424,5,6,18:50,1,1,1,1.0,5.0,77294,A104,M,"48,9571270","2,6253085",77,2019,90.0,1.0,1.0,1.0,2152156,2.0,2,1,1,4.0,,-1.0,0,1989.0,B01,138Â 298Â 171,1.0,0.0,-1.0,1643446,2.0,10,,0.0,2.0,5.0,B01,138Â 298Â 171,1.0
962893,201900004424,5,6,18:50,1,1,1,1.0,5.0,77294,A104,M,"48,9571270","2,6253085",77,2019,90.0,1.0,1.0,1.0,2152156,2.0,2,1,1,4.0,,-1.0,0,1989.0,B01,138Â 298Â 171,1.0,0.0,-1.0,1643447,2.0,10,,0.0,2.0,3.0,A01,138Â 298Â 172,1.0
962893,201900004424,5,6,18:50,1,1,1,1.0,5.0,77294,A104,M,"48,9571270","2,6253085",77,2019,90.0,1.0,1.0,1.0,2152157,1.0,1,3,1,0.0,,-1.0,0,1991.0,A01,138Â 298Â 172,8.0,0.0,-1.0,1643445,2.0,7,,0.0,2.0,8.0,C01,138Â 298Â 170,1.0
962893,201900004424,5,6,18:50,1,1,1,1.0,5.0,77294,A104,M,"48,9571270","2,6253085",77,2019,90.0,1.0,1.0,1.0,2152157,1.0,1,3,1,0.0,,-1.0,0,1991.0,A01,138Â 298Â 172,8.0,0.0,-1.0,1643446,2.0,10,,0.0,2.0,5.0,B01,138Â 298Â 171,1.0
962893,201900004424,5,6,18:50,1,1,1,1.0,5.0,77294,A104,M,"48,9571270","2,6253085",77,2019,90.0,1.0,1.0,1.0,2152157,1.0,1,3,1,0.0,,-1.0,0,1991.0,A01,138Â 298Â 172,8.0,0.0,-1.0,1643447,2.0,10,,0.0,2.0,3.0,A01,138Â 298Â 172,1.0
962893,201900004424,5,6,18:50,1,1,1,1.0,5.0,77294,A104,M,"48,9571270","2,6253085",77,2019,90.0,1.0,1.0,1.0,2152158,2.0,2,4,1,5.0,,-1.0,0,1991.0,A01,138Â 298Â 172,1.0,0.0,-1.0,1643445,2.0,7,,0.0,2.0,8.0,C01,138Â 298Â 170,1.0
962893,201900004424,5,6,18:50,1,1,1,1.0,5.0,77294,A104,M,"48,9571270","2,6253085",77,2019,90.0,1.0,1.0,1.0,2152158,2.0,2,4,1,5.0,,-1.0,0,1991.0,A01,138Â 298Â 172,1.0,0.0,-1.0,1643446,2.0,10,,0.0,2.0,5.0,B01,138Â 298Â 171,1.0
962893,201900004424,5,6,18:50,1,1,1,1.0,5.0,77294,A104,M,"48,9571270","2,6253085",77,2019,90.0,1.0,1.0,1.0,2152158,2.0,2,4,1,5.0,,-1.0,0,1991.0,A01,138Â 298Â 172,1.0,0.0,-1.0,1643447,2.0,10,,0.0,2.0,3.0,A01,138Â 298Â 172,1.0
962894,201900004425,5,6,18:15,1,1,1,1.0,3.0,77294,A104,M,"48,9745997","2,5871688",77,2019,90.0,1.0,1.0,1.0,2152159,1.0,1,1,1,4.0,,0.0,0,1975.0,B01,138Â 298Â 168,1.0,0.0,-1.0,1643448,1.0,7,,0.0,2.0,7.0,B01,138Â 298Â 168,1.0
962894,201900004425,5,6,18:15,1,1,1,1.0,3.0,77294,A104,M,"48,9745997","2,5871688",77,2019,90.0,1.0,1.0,1.0,2152159,1.0,1,1,1,4.0,,0.0,0,1975.0,B01,138Â 298Â 168,1.0,0.0,-1.0,1643449,1.0,33,,0.0,2.0,8.0,A01,138Â 298Â 169,1.0
962894,201900004425,5,6,18:15,1,1,1,1.0,3.0,77294,A104,M,"48,9745997","2,5871688",77,2019,90.0,1.0,1.0,1.0,2152160,1.0,1,4,1,5.0,,0.0,0,1989.0,A01,138Â 298Â 169,2.0,6.0,-1.0,1643448,1.0,7,,0.0,2.0,7.0,B01,138Â 298Â 168,1.0
962894,201900004425,5,6,18:15,1,1,1,1.0,3.0,77294,A104,M,"48,9745997","2,5871688",77,2019,90.0,1.0,1.0,1.0,2152160,1.0,1,4,1,5.0,,0.0,0,1989.0,A01,138Â 298Â 169,2.0,6.0,-1.0,1643449,1.0,33,,0.0,2.0,8.0,A01,138Â 298Â 169,1.0
962895,201900004426,5,6,05:30,5,1,1,1.0,7.0,94052,A86.EXT,M,"48,8316896","2,4920167",94,2019,90.0,1.0,3.0,1.0,2152161,1.0,1,4,1,1.0,,-1.0,0,1982.0,A01,138Â 298Â 167,1.0,4.0,-1.0,1643450,2.0,7,,6.0,0.0,8.0,A01,138Â 298Â 167,1.0
962896,201900004427,5,5,15:00,1,1,1,1.0,6.0,77258,A4.Y,M,"48,8299400","2,6252200",77,2019,110.0,1.0,2.0,1.0,2152162,1.0,1,1,1,5.0,,-1.0,0,1999.0,B01,138Â 298Â 165,1.0,4.0,-1.0,1643451,1.0,7,,3.0,2.0,7.0,B01,138Â 298Â 165,1.0
962896,201900004427,5,5,15:00,1,1,1,1.0,6.0,77258,A4.Y,M,"48,8299400","2,6252200",77,2019,110.0,1.0,2.0,1.0,2152162,1.0,1,1,1,5.0,,-1.0,0,1999.0,B01,138Â 298Â 165,1.0,4.0,-1.0,1643452,1.0,7,,4.0,2.0,9.0,A01,138Â 298Â 166,1.0
962896,201900004427,5,5,15:00,1,1,1,1.0,6.0,77258,A4.Y,M,"48,8299400","2,6252200",77,2019,110.0,1.0,2.0,1.0,2152163,3.0,2,4,1,5.0,,-1.0,0,1998.0,B01,138Â 298Â 165,1.0,4.0,-1.0,1643451,1.0,7,,3.0,2.0,7.0,B01,138Â 298Â 165,1.0
962896,201900004427,5,5,15:00,1,1,1,1.0,6.0,77258,A4.Y,M,"48,8299400","2,6252200",77,2019,110.0,1.0,2.0,1.0,2152163,3.0,2,4,1,5.0,,-1.0,0,1998.0,B01,138Â 298Â 165,1.0,4.0,-1.0,1643452,1.0,7,,4.0,2.0,9.0,A01,138Â 298Â 166,1.0
962896,201900004427,5,5,15:00,1,1,1,1.0,6.0,77258,A4.Y,M,"48,8299400","2,6252200",77,2019,110.0,1.0,2.0,1.0,2152164,1.0,1,1,2,5.0,,-1.0,0,1994.0,A01,138Â 298Â 166,1.0,4.0,-1.0,1643451,1.0,7,,3.0,2.0,7.0,B01,138Â 298Â 165,1.0
962896,201900004427,5,5,15:00,1,1,1,1.0,6.0,77258,A4.Y,M,"48,8299400","2,6252200",77,2019,110.0,1.0,2.0,1.0,2152164,1.0,1,1,2,5.0,,-1.0,0,1994.0,A01,138Â 298Â 166,1.0,4.0,-1.0,1643452,1.0,7,,4.0,2.0,9.0,A01,138Â 298Â 166,1.0
962897,201900004428,5,4,15:45,1,1,1,1.0,6.0,77258,A4.Y,M,"48,8302444","2,6263648",77,2019,70.0,1.0,2.0,1.0,2152165,1.0,1,4,1,5.0,,-1.0,0,1997.0,A01,138Â 298Â 164,1.0,4.0,-1.0,1643453,2.0,7,,3.0,0.0,4.0,A01,138Â 298Â 164,1.0
962898,201900004429,5,4,12:45,1,1,1,3.0,2.0,93051,A4,M,"48,8358495","2,5627505",93,2019,110.0,1.0,2.0,1.0,2152166,1.0,1,4,2,0.0,,-1.0, -1,1995.0,B01,138Â 298Â 162,1.0,4.0,-1.0,1643454,2.0,7,,0.0,0.0,4.0,B01,138Â 298Â 162,1.0
962898,201900004429,5,4,12:45,1,1,1,3.0,2.0,93051,A4,M,"48,8358495","2,5627505",93,2019,110.0,1.0,2.0,1.0,2152166,1.0,1,4,2,0.0,,-1.0, -1,1995.0,B01,138Â 298Â 162,1.0,4.0,-1.0,1643455,2.0,7,,0.0,2.0,1.0,A01,138Â 298Â 163,1.0
962898,201900004429,5,4,12:45,1,1,1,3.0,2.0,93051,A4,M,"48,8358495","2,5627505",93,2019,110.0,1.0,2.0,1.0,2152167,1.0,1,1,2,0.0,,-1.0, -1,1993.0,A01,138Â 298Â 163,1.0,4.0,-1.0,1643454,2.0,7,,0.0,0.0,4.0,B01,138Â 298Â 162,1.0
962898,201900004429,5,4,12:45,1,1,1,3.0,2.0,93051,A4,M,"48,8358495","2,5627505",93,2019,110.0,1.0,2.0,1.0,2152167,1.0,1,1,2,0.0,,-1.0, -1,1993.0,A01,138Â 298Â 163,1.0,4.0,-1.0,1643455,2.0,7,,0.0,2.0,1.0,A01,138Â 298Â 163,1.0
962899,201900004430,5,3,17:50,1,1,1,1.0,2.0,77146,A4.Y,M,"48,8323674","2,6606484",77,2019,90.0,1.0,2.0,1.0,2152168,1.0,1,1,1,1.0,,-1.0,0,1975.0,B01,138Â 298Â 159,1.0,0.0,-1.0,1643456,1.0,10,,0.0,2.0,6.0,B01,138Â 298Â 159,1.0
962899,201900004430,5,3,17:50,1,1,1,1.0,2.0,77146,A4.Y,M,"48,8323674","2,6606484",77,2019,90.0,1.0,2.0,1.0,2152168,1.0,1,1,1,1.0,,-1.0,0,1975.0,B01,138Â 298Â 159,1.0,0.0,-1.0,1643457,1.0,33,,0.0,2.0,1.0,A01,138Â 298Â 160,1.0
962899,201900004430,5,3,17:50,1,1,1,1.0,2.0,77146,A4.Y,M,"48,8323674","2,6606484",77,2019,90.0,1.0,2.0,1.0,2152169,1.0,1,3,1,0.0,,-1.0,0,2000.0,A01,138Â 298Â 160,2.0,8.0,-1.0,1643456,1.0,10,,0.0,2.0,6.0,B01,138Â 298Â 159,1.0
962899,201900004430,5,3,17:50,1,1,1,1.0,2.0,77146,A4.Y,M,"48,8323674","2,6606484",77,2019,90.0,1.0,2.0,1.0,2152169,1.0,1,3,1,0.0,,-1.0,0,2000.0,A01,138Â 298Â 160,2.0,8.0,-1.0,1643457,1.0,33,,0.0,2.0,1.0,A01,138Â 298Â 160,1.0
962900,201900004431,5,3,07:50,1,1,1,1.0,6.0,75112,A86 EXT,M,"48,8166930","2,4522820",75,2019,90.0,1.0,1.0,1.0,2152170,1.0,1,1,1,4.0,,0.0,0,1983.0,B01,138Â 298Â 157,1.0,4.0,-1.0,1643458,2.0,10,,0.0,2.0,5.0,B01,138Â 298Â 157,1.0
962900,201900004431,5,3,07:50,1,1,1,1.0,6.0,75112,A86 EXT,M,"48,8166930","2,4522820",75,2019,90.0,1.0,1.0,1.0,2152170,1.0,1,1,1,4.0,,0.0,0,1983.0,B01,138Â 298Â 157,1.0,4.0,-1.0,1643459,2.0,31,,0.0,2.0,3.0,A01,138Â 298Â 158,1.0
962900,201900004431,5,3,07:50,1,1,1,1.0,6.0,75112,A86 EXT,M,"48,8166930","2,4522820",75,2019,90.0,1.0,1.0,1.0,2152171,1.0,1,4,1,1.0,,0.0,0,1989.0,A01,138Â 298Â 158,2.0,6.0,-1.0,1643458,2.0,10,,0.0,2.0,5.0,B01,138Â 298Â 157,1.0
962900,201900004431,5,3,07:50,1,1,1,1.0,6.0,75112,A86 EXT,M,"48,8166930","2,4522820",75,2019,90.0,1.0,1.0,1.0,2152171,1.0,1,4,1,1.0,,0.0,0,1989.0,A01,138Â 298Â 158,2.0,6.0,-1.0,1643459,2.0,31,,0.0,2.0,3.0,A01,138Â 298Â 158,1.0
962901,201900004432,5,1,17:30,1,1,1,1.0,2.0,75112,A4,M,"48,8239985","2,4629812",75,2019,90.0,1.0,1.0,1.0,2152172,1.0,1,3,1,5.0,,0.0,0,1984.0,A01,138Â 298Â 155,2.0,6.0,-1.0,1643460,2.0,33,,0.0,2.0,8.0,A01,138Â 298Â 155,1.0
962901,201900004432,5,1,17:30,1,1,1,1.0,2.0,75112,A4,M,"48,8239985","2,4629812",75,2019,90.0,1.0,1.0,1.0,2152172,1.0,1,3,1,5.0,,0.0,0,1984.0,A01,138Â 298Â 155,2.0,6.0,-1.0,1643461,2.0,7,,0.0,2.0,6.0,B01,138Â 298Â 156,1.0
962901,201900004432,5,1,17:30,1,1,1,1.0,2.0,75112,A4,M,"48,8239985","2,4629812",75,2019,90.0,1.0,1.0,1.0,2152173,1.0,1,1,1,5.0,,0.0,0,1983.0,B01,138Â 298Â 156,1.0,0.0,-1.0,1643460,2.0,33,,0.0,2.0,8.0,A01,138Â 298Â 155,1.0
962901,201900004432,5,1,17:30,1,1,1,1.0,2.0,75112,A4,M,"48,8239985","2,4629812",75,2019,90.0,1.0,1.0,1.0,2152173,1.0,1,1,1,5.0,,0.0,0,1983.0,B01,138Â 298Â 156,1.0,0.0,-1.0,1643461,2.0,7,,0.0,2.0,6.0,B01,138Â 298Â 156,1.0
962902,201900004433,4,29,18:10,1,1,1,1.0,6.0,94069,A4,M,"48,8175520","2,4345650",94,2019,90.0,1.0,1.0,1.0,2152174,1.0,1,4,1,1.0,,-1.0,0,1978.0,A01,138Â 298Â 153,1.0,8.0,-1.0,1643462,1.0,10,,0.0,2.0,0.0,A01,138Â 298Â 153,1.0
962902,201900004433,4,29,18:10,1,1,1,1.0,6.0,94069,A4,M,"48,8175520","2,4345650",94,2019,90.0,1.0,1.0,1.0,2152174,1.0,1,4,1,1.0,,-1.0,0,1978.0,A01,138Â 298Â 153,1.0,8.0,-1.0,1643463,1.0,10,,0.0,2.0,0.0,B01,138Â 298Â 154,1.0
962902,201900004433,4,29,18:10,1,1,1,1.0,6.0,94069,A4,M,"48,8175520","2,4345650",94,2019,90.0,1.0,1.0,1.0,2152175,1.0,1,1,1,1.0,,-1.0,0,1987.0,B01,138Â 298Â 154,1.0,8.0,-1.0,1643462,1.0,10,,0.0,2.0,0.0,A01,138Â 298Â 153,1.0
962902,201900004433,4,29,18:10,1,1,1,1.0,6.0,94069,A4,M,"48,8175520","2,4345650",94,2019,90.0,1.0,1.0,1.0,2152175,1.0,1,1,1,1.0,,-1.0,0,1987.0,B01,138Â 298Â 154,1.0,8.0,-1.0,1643463,1.0,10,,0.0,2.0,0.0,B01,138Â 298Â 154,1.0
962903,201900004434,4,29,09:00,1,1,1,1.0,6.0,94042,A4,M,"48,8207500","2,4751000",94,2019,90.0,1.0,1.0,1.0,2152176,1.0,1,4,2,4.0,,-1.0,0,1997.0,B01,138Â 298Â 151,1.0,0.0,-1.0,1643464,1.0,7,,0.0,2.0,4.0,B01,138Â 298Â 151,1.0
962903,201900004434,4,29,09:00,1,1,1,1.0,6.0,94042,A4,M,"48,8207500","2,4751000",94,2019,90.0,1.0,1.0,1.0,2152176,1.0,1,4,2,4.0,,-1.0,0,1997.0,B01,138Â 298Â 151,1.0,0.0,-1.0,1643465,1.0,7,,0.0,2.0,1.0,A01,138Â 298Â 152,1.0
962903,201900004434,4,29,09:00,1,1,1,1.0,6.0,94042,A4,M,"48,8207500","2,4751000",94,2019,90.0,1.0,1.0,1.0,2152177,1.0,1,1,2,1.0,,-1.0, -1,1975.0,A01,138Â 298Â 152,1.0,0.0,-1.0,1643464,1.0,7,,0.0,2.0,4.0,B01,138Â 298Â 151,1.0
962903,201900004434,4,29,09:00,1,1,1,1.0,6.0,94042,A4,M,"48,8207500","2,4751000",94,2019,90.0,1.0,1.0,1.0,2152177,1.0,1,1,2,1.0,,-1.0, -1,1975.0,A01,138Â 298Â 152,1.0,0.0,-1.0,1643465,1.0,7,,0.0,2.0,1.0,A01,138Â 298Â 152,1.0
962904,201900004435,4,18,17:06,1,2,9,1.0,6.0,91191,Jean Jaures (Avenue),M,"48,7126000","2,4649000",91,2019,50.0,1.0,1.0,4.0,2152178,10.0,3,1,2,0.0,,3.0,3,2010.0,A01,138Â 298Â 146,8.0,0.0,-1.0,1643466,3.0,7,,0.0,1.0,1.0,A01,138Â 298Â 146,1.0
962904,201900004435,4,18,17:06,1,2,9,1.0,6.0,91191,Jean Jaures (Avenue),M,"48,7126000","2,4649000",91,2019,50.0,1.0,1.0,4.0,2152179,10.0,3,4,2,0.0,,3.0,3,1976.0,A01,138Â 298Â 146,8.0,0.0,-1.0,1643466,3.0,7,,0.0,1.0,1.0,A01,138Â 298Â 146,1.0
962904,201900004435,4,18,17:06,1,2,9,1.0,6.0,91191,Jean Jaures (Avenue),M,"48,7126000","2,4649000",91,2019,50.0,1.0,1.0,4.0,2152180,1.0,1,1,2,9.0,,0.0,0,1992.0,A01,138Â 298Â 146,1.0,0.0,-1.0,1643466,3.0,7,,0.0,1.0,1.0,A01,138Â 298Â 146,1.0
962905,201900004436,4,18,10:15,1,2,1,1.0,7.0,71076,POTERNE (QUAI DE LA),M,"46,7802800","4,8569660",71,2019,50.0,1.0,1.0,4.0,2152181,1.0,1,3,1,0.0,,-1.0, -1,1970.0,A01,138Â 298Â 133,2.0,8.0,-1.0,1643467,1.0,33,,0.0,0.0,0.0,A01,138Â 298Â 133,1.0
962906,201900004437,4,19,06:17,2,2,1,1.0,7.0,63113,LIBERATION (AVENUE DE LA),M,"45,7575700","3,0809000",63,2019,50.0,1.0,9.0,4.0,2152182,1.0,1,4,1,0.0,,-1.0, -1,1963.0,A01,138Â 298Â 131,2.0,6.0,-1.0,1643468,1.0,33,,16.0,0.0,0.0,A01,138Â 298Â 131,1.0
962907,201900004438,4,18,07:09,1,2,6,1.0,3.0,63113,av BrÃ©zet/ Elys Reclus,M,"45,7790997","3,1469983",63,2019,50.0,1.0,1.0,7.0,2152183,1.0,1,4,1,0.0,,-1.0,0,1973.0,B01,138Â 298Â 129,1.0,0.0,-1.0,1643469,1.0,7,,0.0,2.0,5.0,B01,138Â 298Â 129,1.0
962907,201900004438,4,18,07:09,1,2,6,1.0,3.0,63113,av BrÃ©zet/ Elys Reclus,M,"45,7790997","3,1469983",63,2019,50.0,1.0,1.0,7.0,2152183,1.0,1,4,1,0.0,,-1.0,0,1973.0,B01,138Â 298Â 129,1.0,0.0,-1.0,1643470,1.0,7,,0.0,2.0,1.0,A01,138Â 298Â 130,1.0
962907,201900004438,4,18,07:09,1,2,6,1.0,3.0,63113,av BrÃ©zet/ Elys Reclus,M,"45,7790997","3,1469983",63,2019,50.0,1.0,1.0,7.0,2152184,1.0,1,1,1,0.0,,-1.0,0,1941.0,A01,138Â 298Â 130,1.0,0.0,-1.0,1643469,1.0,7,,0.0,2.0,5.0,B01,138Â 298Â 129,1.0
962907,201900004438,4,18,07:09,1,2,6,1.0,3.0,63113,av BrÃ©zet/ Elys Reclus,M,"45,7790997","3,1469983",63,2019,50.0,1.0,1.0,7.0,2152184,1.0,1,1,1,0.0,,-1.0,0,1941.0,A01,138Â 298Â 130,1.0,0.0,-1.0,1643470,1.0,7,,0.0,2.0,1.0,A01,138Â 298Â 130,1.0
962908,201900004439,4,20,14:20,1,1,2,1.0,2.0,62274,D 160,M,"50,4330500","2,9991600",62,2019,80.0,1.0,1.0,3.0,2152185,1.0,1,3,1,0.0,,0.0,0,1992.0,B01,138Â 298Â 127,2.0,8.0,-1.0,1643471,1.0,33,,0.0,2.0,1.0,B01,138Â 298Â 127,1.0
962908,201900004439,4,20,14:20,1,1,2,1.0,2.0,62274,D 160,M,"50,4330500","2,9991600",62,2019,80.0,1.0,1.0,3.0,2152185,1.0,1,3,1,0.0,,0.0,0,1992.0,B01,138Â 298Â 127,2.0,8.0,-1.0,1643472,1.0,7,,0.0,2.0,3.0,A01,138Â 298Â 128,1.0
962908,201900004439,4,20,14:20,1,1,2,1.0,2.0,62274,D 160,M,"50,4330500","2,9991600",62,2019,80.0,1.0,1.0,3.0,2152186,1.0,1,1,2,5.0,,0.0,0,1993.0,A01,138Â 298Â 128,1.0,0.0,-1.0,1643471,1.0,33,,0.0,2.0,1.0,B01,138Â 298Â 127,1.0
962908,201900004439,4,20,14:20,1,1,2,1.0,2.0,62274,D 160,M,"50,4330500","2,9991600",62,2019,80.0,1.0,1.0,3.0,2152186,1.0,1,1,2,5.0,,0.0,0,1993.0,A01,138Â 298Â 128,1.0,0.0,-1.0,1643472,1.0,7,,0.0,2.0,3.0,A01,138Â 298Â 128,1.0
962909,201900004440,4,9,21:35,5,2,3,2.0,3.0,62498,BERNANOS (R GEORGES),M,"50,4303700","2,8135100",62,2019,50.0,1.0,2.0,4.0,2152187,1.0,1,3,1,1.0,,0.0,0,1994.0,B01,138Â 298Â 125,8.0,0.0,-1.0,1643473,1.0,1,,0.0,2.0,8.0,B01,138Â 298Â 125,5.0
962909,201900004440,4,9,21:35,5,2,3,2.0,3.0,62498,BERNANOS (R GEORGES),M,"50,4303700","2,8135100",62,2019,50.0,1.0,2.0,4.0,2152187,1.0,1,3,1,1.0,,0.0,0,1994.0,B01,138Â 298Â 125,8.0,0.0,-1.0,1643474,1.0,7,,0.0,2.0,1.0,A01,138Â 298Â 126,1.0
962909,201900004440,4,9,21:35,5,2,3,2.0,3.0,62498,BERNANOS (R GEORGES),M,"50,4303700","2,8135100",62,2019,50.0,1.0,2.0,4.0,2152188,1.0,1,1,1,5.0,,0.0,0,1956.0,A01,138Â 298Â 126,1.0,8.0,-1.0,1643473,1.0,1,,0.0,2.0,8.0,B01,138Â 298Â 125,5.0
962909,201900004440,4,9,21:35,5,2,3,2.0,3.0,62498,BERNANOS (R GEORGES),M,"50,4303700","2,8135100",62,2019,50.0,1.0,2.0,4.0,2152188,1.0,1,1,1,5.0,,0.0,0,1956.0,A01,138Â 298Â 126,1.0,8.0,-1.0,1643474,1.0,7,,0.0,2.0,1.0,A01,138Â 298Â 126,1.0
962910,201900004441,4,25,08:05,1,2,2,1.0,6.0,49007,VILLESICARD RUE ET SQUARE,M,"47,4519100"," -0,5369800",49,2019,30.0,1.0,1.0,4.0,2152189,1.0,1,1,2,0.0,,-1.0,0,1973.0,A01,138Â 298Â 121,1.0,0.0,-1.0,1643475,3.0,7,,0.0,2.0,3.0,A01,138Â 298Â 121,0.0
962910,201900004441,4,25,08:05,1,2,2,1.0,6.0,49007,VILLESICARD RUE ET SQUARE,M,"47,4519100"," -0,5369800",49,2019,30.0,1.0,1.0,4.0,2152189,1.0,1,1,2,0.0,,-1.0,0,1973.0,A01,138Â 298Â 121,1.0,0.0,-1.0,1643476,1.0,7,,0.0,2.0,1.0,B01,138Â 298Â 122,0.0
962910,201900004441,4,25,08:05,1,2,2,1.0,6.0,49007,VILLESICARD RUE ET SQUARE,M,"47,4519100"," -0,5369800",49,2019,30.0,1.0,1.0,4.0,2152190,1.0,1,4,1,0.0,,-1.0,0,1997.0,B01,138Â 298Â 122,1.0,0.0,-1.0,1643475,3.0,7,,0.0,2.0,3.0,A01,138Â 298Â 121,0.0
962910,201900004441,4,25,08:05,1,2,2,1.0,6.0,49007,VILLESICARD RUE ET SQUARE,M,"47,4519100"," -0,5369800",49,2019,30.0,1.0,1.0,4.0,2152190,1.0,1,4,1,0.0,,-1.0,0,1997.0,B01,138Â 298Â 122,1.0,0.0,-1.0,1643476,1.0,7,,0.0,2.0,1.0,B01,138Â 298Â 122,0.0
962911,201900004442,4,16,10:01,1,2,1,1.0,2.0,25056,BELFORT RUE DE (inf144),M,"47,2577400","6,0435500",25,2019,50.0,1.0,1.0,3.0,2152191,1.0,1,1,1,4.0,,-1.0, -1,1973.0,A01,138Â 298Â 119,8.0,0.0,-1.0,1643477,3.0,10,,0.0,2.0,1.0,A01,138Â 298Â 119,1.0
962911,201900004442,4,16,10:01,1,2,1,1.0,2.0,25056,BELFORT RUE DE (inf144),M,"47,2577400","6,0435500",25,2019,50.0,1.0,1.0,3.0,2152191,1.0,1,1,1,4.0,,-1.0, -1,1973.0,A01,138Â 298Â 119,8.0,0.0,-1.0,1643478,3.0,7,,0.0,1.0,4.0,B01,138Â 298Â 120,1.0
962911,201900004442,4,16,10:01,1,2,1,1.0,2.0,25056,BELFORT RUE DE (inf144),M,"47,2577400","6,0435500",25,2019,50.0,1.0,1.0,3.0,2152192,1.0,1,4,1,5.0,,-1.0, -1,1959.0,B01,138Â 298Â 120,1.0,0.0,-1.0,1643477,3.0,10,,0.0,2.0,1.0,A01,138Â 298Â 119,1.0
962911,201900004442,4,16,10:01,1,2,1,1.0,2.0,25056,BELFORT RUE DE (inf144),M,"47,2577400","6,0435500",25,2019,50.0,1.0,1.0,3.0,2152192,1.0,1,4,1,5.0,,-1.0, -1,1959.0,B01,138Â 298Â 120,1.0,0.0,-1.0,1643478,3.0,7,,0.0,1.0,4.0,B01,138Â 298Â 120,1.0
962912,201900004443,4,10,02:00,3,1,1,1.0,7.0,13047,RN 569,M,"43,5195698","4,9633187",13,2019,80.0,1.0,1.0,2.0,2152193,1.0,1,3,1,0.0,,-1.0, -1,2001.0,A01,138Â 298Â 116,2.0,8.0,-1.0,1643479,3.0,2,,0.0,0.0,7.0,A01,138Â 298Â 116,1.0
962913,201900004444,4,17,10:25,1,2,1,1.0,6.0,94017,MARAIS (R DES),M,"48,8279260","2,5183950",94,2019,50.0,1.0,1.0,4.0,2152194,1.0,1,4,1,4.0,,-1.0,0,1991.0,A01,138Â 298Â 115,2.0,6.0,-1.0,1643480,1.0,33,,9.0,0.0,1.0,A01,138Â 298Â 115,0.0
962914,201900004445,4,26,07:55,1,2,1,1.0,6.0,93048,ROSNY (RUE DE),M,"48,8669390","2,4562880",93,2019,50.0,1.0,1.0,3.0,2152195,1.0,1,1,1,1.0,,-1.0, -1,1962.0,A01,138Â 298Â 114,1.0,0.0,-1.0,1643481,3.0,7,,0.0,1.0,1.0,A01,138Â 298Â 114,1.0
962914,201900004445,4,26,07:55,1,2,1,1.0,6.0,93048,ROSNY (RUE DE),M,"48,8669390","2,4562880",93,2019,50.0,1.0,1.0,3.0,2152196,10.0,3,4,1,0.0,,2.0,3,2000.0,A01,138Â 298Â 114,0.0,0.0,-1.0,1643481,3.0,7,,0.0,1.0,1.0,A01,138Â 298Â 114,1.0
962915,201900004446,4,18,11:30,1,2,1,1.0,6.0,92020,PERI RUE GABRIEL,M,"48,8024600","2,2881500",92,2019,50.0,1.0,1.0,4.0,2152197,10.0,3,4,2,5.0,,1.0,3,1963.0,A01,138Â 298Â 113,8.0,0.0,-1.0,1643482,2.0,34,,0.0,1.0,2.0,A01,138Â 298Â 113,0.0
962915,201900004446,4,18,11:30,1,2,1,1.0,6.0,92020,PERI RUE GABRIEL,M,"48,8024600","2,2881500",92,2019,50.0,1.0,1.0,4.0,2152198,1.0,1,1,1,4.0,,-1.0,0,1968.0,A01,138Â 298Â 113,2.0,0.0,-1.0,1643482,2.0,34,,0.0,1.0,2.0,A01,138Â 298Â 113,0.0
962916,201900004447,4,17,18:20,1,2,1,1.0,3.0,92020,LIBERTE BOULEVARD DE LA NÂ° PAIRS,M,"48,7988600","2,2943000",92,2019,50.0,1.0,1.0,3.0,2152199,1.0,1,1,1,4.0,,-1.0,0,1981.0,A01,138Â 298Â 111,1.0,0.0,-1.0,1643483,1.0,7,,0.0,2.0,3.0,A01,138Â 298Â 111,1.0
962916,201900004447,4,17,18:20,1,2,1,1.0,3.0,92020,LIBERTE BOULEVARD DE LA NÂ° PAIRS,M,"48,7988600","2,2943000",92,2019,50.0,1.0,1.0,3.0,2152199,1.0,1,1,1,4.0,,-1.0,0,1981.0,A01,138Â 298Â 111,1.0,0.0,-1.0,1643484,1.0,33,,0.0,2.0,1.0,B01,138Â 298Â 112,1.0
962916,201900004447,4,17,18:20,1,2,1,1.0,3.0,92020,LIBERTE BOULEVARD DE LA NÂ° PAIRS,M,"48,7988600","2,2943000",92,2019,50.0,1.0,1.0,3.0,2152200,1.0,1,4,1,4.0,,-1.0,0,1971.0,B01,138Â 298Â 112,2.0,8.0,-1.0,1643483,1.0,7,,0.0,2.0,3.0,A01,138Â 298Â 111,1.0
962916,201900004447,4,17,18:20,1,2,1,1.0,3.0,92020,LIBERTE BOULEVARD DE LA NÂ° PAIRS,M,"48,7988600","2,2943000",92,2019,50.0,1.0,1.0,3.0,2152200,1.0,1,4,1,4.0,,-1.0,0,1971.0,B01,138Â 298Â 112,2.0,8.0,-1.0,1643484,1.0,33,,0.0,2.0,1.0,B01,138Â 298Â 112,1.0