Unnamed: 0_x,num_acc,mois,jour,hrmn,lum,agg,int,atm,col,com,adr,gps,lat,long,dep,annee,vma,situ,surf,catr,Unnamed: 0_y,place,catu,grav,sexe,trajet,secu,locp,actp,an_nais,num_veh_x,id_vehicule_x,secu1,secu2,secu3,Unnamed: 0,senc,catv,occutc,obs,obsm,choc,num_veh_y,id_vehicule_y,motor
962917,201900004448,4,15,16:05,1,2,2,1.0,3.0,92025,AUDRA (AV),M,"48,9273978","2,2469790",92,2019,50.0,1.0,1.0,3.0,2152201,1.0,1,4,1,0.0,,-1.0,0,1999.0,B01,138Â 298Â 109,1.0,0.0,0.0,1643485,3.0,10,,0.0,2.0,1.0,B01,138Â 298Â 109,1.0
962917,201900004448,4,15,16:05,1,2,2,1.0,3.0,92025,AUDRA (AV),M,"48,9273978","2,2469790",92,2019,50.0,1.0,1.0,3.0,2152201,1.0,1,4,1,0.0,,-1.0,0,1999.0,B01,138Â 298Â 109,1.0,0.0,0.0,1643486,3.0,10,,0.0,2.0,1.0,A01,138Â 298Â 110,1.0
962917,201900004448,4,15,16:05,1,2,2,1.0,3.0,92025,AUDRA (AV),M,"48,9273978","2,2469790",92,2019,50.0,1.0,1.0,3.0,2152202,1.0,1,1,1,0.0,,-1.0,0,1985.0,A01,138Â 298Â 110,1.0,0.0,-1.0,1643485,3.0,10,,0.0,2.0,1.0,B01,138Â 298Â 109,1.0
962917,201900004448,4,15,16:05,1,2,2,1.0,3.0,92025,AUDRA (AV),M,"48,9273978","2,2469790",92,2019,50.0,1.0,1.0,3.0,2152202,1.0,1,1,1,0.0,,-1.0,0,1985.0,A01,138Â 298Â 110,1.0,0.0,-1.0,1643486,3.0,10,,0.0,2.0,1.0,A01,138Â 298Â 110,1.0
962918,201900004449,4,25,03:50,3,1,1,2.0,6.0,95582,AUTOROUTE A115,M,"48,9762400","2,2417100",95,2019,70.0,1.0,2.0,1.0,2152203,1.0,1,4,2,5.0,,-1.0,0,1991.0,A01,138Â 298Â 108,1.0,8.0,-1.0,1643487,1.0,7,,4.0,0.0,1.0,A01,138Â 298Â 108,1.0
962919,201900004450,4,24,04:00,3,1,1,1.0,6.0,93010,AUTOROUTE A3,M,"48,9065400","2,4724900",93,2019,90.0,1.0,1.0,1.0,2152204,1.0,1,4,1,0.0,,-1.0, -1,1999.0,A01,138Â 298Â 107,1.0,0.0,-1.0,1643488,1.0,7,,4.0,0.0,7.0,A01,138Â 298Â 107,1.0
962920,201900004451,4,24,18:00,1,1,1,8.0,2.0,93027,AUTOROUTE A86,M,"48,9255200","2,3965700",93,2019,90.0,1.0,2.0,1.0,2152205,3.0,2,4,1,0.0,,-1.0, -1,2017.0,A01,138Â 298Â 105,3.0,0.0,-1.0,1643489,1.0,7,,0.0,2.0,1.0,A01,138Â 298Â 105,1.0
962920,201900004451,4,24,18:00,1,1,1,8.0,2.0,93027,AUTOROUTE A86,M,"48,9255200","2,3965700",93,2019,90.0,1.0,2.0,1.0,2152205,3.0,2,4,1,0.0,,-1.0, -1,2017.0,A01,138Â 298Â 105,3.0,0.0,-1.0,1643490,1.0,17,,0.0,2.0,4.0,B01,138Â 298Â 106,1.0
962920,201900004451,4,24,18:00,1,1,1,8.0,2.0,93027,AUTOROUTE A86,M,"48,9255200","2,3965700",93,2019,90.0,1.0,2.0,1.0,2152206,2.0,2,4,2,0.0,,-1.0, -1,2016.0,A01,138Â 298Â 105,3.0,0.0,-1.0,1643489,1.0,7,,0.0,2.0,1.0,A01,138Â 298Â 105,1.0
962920,201900004451,4,24,18:00,1,1,1,8.0,2.0,93027,AUTOROUTE A86,M,"48,9255200","2,3965700",93,2019,90.0,1.0,2.0,1.0,2152206,2.0,2,4,2,0.0,,-1.0, -1,2016.0,A01,138Â 298Â 105,3.0,0.0,-1.0,1643490,1.0,17,,0.0,2.0,4.0,B01,138Â 298Â 106,1.0
962920,201900004451,4,24,18:00,1,1,1,8.0,2.0,93027,AUTOROUTE A86,M,"48,9255200","2,3965700",93,2019,90.0,1.0,2.0,1.0,2152207,1.0,1,4,2,0.0,,-1.0, -1,1989.0,A01,138Â 298Â 105,1.0,0.0,-1.0,1643489,1.0,7,,0.0,2.0,1.0,A01,138Â 298Â 105,1.0
962920,201900004451,4,24,18:00,1,1,1,8.0,2.0,93027,AUTOROUTE A86,M,"48,9255200","2,3965700",93,2019,90.0,1.0,2.0,1.0,2152207,1.0,1,4,2,0.0,,-1.0, -1,1989.0,A01,138Â 298Â 105,1.0,0.0,-1.0,1643490,1.0,17,,0.0,2.0,4.0,B01,138Â 298Â 106,1.0
962920,201900004451,4,24,18:00,1,1,1,8.0,2.0,93027,AUTOROUTE A86,M,"48,9255200","2,3965700",93,2019,90.0,1.0,2.0,1.0,2152208,1.0,1,1,1,4.0,,-1.0, -1,1979.0,B01,138Â 298Â 106,1.0,0.0,-1.0,1643489,1.0,7,,0.0,2.0,1.0,A01,138Â 298Â 105,1.0
962920,201900004451,4,24,18:00,1,1,1,8.0,2.0,93027,AUTOROUTE A86,M,"48,9255200","2,3965700",93,2019,90.0,1.0,2.0,1.0,2152208,1.0,1,1,1,4.0,,-1.0, -1,1979.0,B01,138Â 298Â 106,1.0,0.0,-1.0,1643490,1.0,17,,0.0,2.0,4.0,B01,138Â 298Â 106,1.0
962921,201900004452,4,23,15:30,1,1,1,1.0,3.0,95252,AUTOROUTE A15,M,"48,9824200","2,2208900",95,2019,110.0,1.0,1.0,1.0,2152209,1.0,1,1,1,5.0,,-1.0,0,1977.0,B01,138Â 298Â 103,1.0,8.0,-1.0,1643491,1.0,7,,0.0,2.0,5.0,B01,138Â 298Â 103,1.0
962921,201900004452,4,23,15:30,1,1,1,1.0,3.0,95252,AUTOROUTE A15,M,"48,9824200","2,2208900",95,2019,110.0,1.0,1.0,1.0,2152209,1.0,1,1,1,5.0,,-1.0,0,1977.0,B01,138Â 298Â 103,1.0,8.0,-1.0,1643492,1.0,7,,0.0,2.0,3.0,A01,138Â 298Â 104,1.0
962921,201900004452,4,23,15:30,1,1,1,1.0,3.0,95252,AUTOROUTE A15,M,"48,9824200","2,2208900",95,2019,110.0,1.0,1.0,1.0,2152210,2.0,2,4,2,5.0,,-1.0,0,2019.0,B01,138Â 298Â 103,3.0,8.0,-1.0,1643491,1.0,7,,0.0,2.0,5.0,B01,138Â 298Â 103,1.0
962921,201900004452,4,23,15:30,1,1,1,1.0,3.0,95252,AUTOROUTE A15,M,"48,9824200","2,2208900",95,2019,110.0,1.0,1.0,1.0,2152210,2.0,2,4,2,5.0,,-1.0,0,2019.0,B01,138Â 298Â 103,3.0,8.0,-1.0,1643492,1.0,7,,0.0,2.0,3.0,A01,138Â 298Â 104,1.0
962921,201900004452,4,23,15:30,1,1,1,1.0,3.0,95252,AUTOROUTE A15,M,"48,9824200","2,2208900",95,2019,110.0,1.0,1.0,1.0,2152211,1.0,1,1,1,0.0,,-1.0,0,1970.0,A01,138Â 298Â 104,1.0,8.0,-1.0,1643491,1.0,7,,0.0,2.0,5.0,B01,138Â 298Â 103,1.0
962921,201900004452,4,23,15:30,1,1,1,1.0,3.0,95252,AUTOROUTE A15,M,"48,9824200","2,2208900",95,2019,110.0,1.0,1.0,1.0,2152211,1.0,1,1,1,0.0,,-1.0,0,1970.0,A01,138Â 298Â 104,1.0,8.0,-1.0,1643492,1.0,7,,0.0,2.0,3.0,A01,138Â 298Â 104,1.0
962922,201900004453,4,22,14:50,1,1,1,1.0,6.0,93008,AUTOROUTE A86,M,"48,9107600","2,4420000",93,2019,90.0,1.0,1.0,1.0,2152212,1.0,1,4,2,9.0,,-1.0, -1,1949.0,A01,138Â 298Â 102,1.0,0.0,-1.0,1643493,1.0,7,,11.0,0.0,1.0,A01,138Â 298Â 102,1.0
962922,201900004453,4,22,14:50,1,1,1,1.0,6.0,93008,AUTOROUTE A86,M,"48,9107600","2,4420000",93,2019,90.0,1.0,1.0,1.0,2152213,2.0,2,4,2,9.0,,-1.0, -1,1929.0,A01,138Â 298Â 102,1.0,0.0,-1.0,1643493,1.0,7,,11.0,0.0,1.0,A01,138Â 298Â 102,1.0
962923,201900004454,4,21,18:30,1,1,1,1.0,6.0,93008,AUTOROUTE A86,M,"48,9131500","2,4355900",93,2019,90.0,1.0,1.0,1.0,2152214,1.0,1,4,2,0.0,,-1.0, -1,1999.0,B01,138Â 298Â 101,8.0,0.0,-1.0,1643494,2.0,7,,0.0,0.0,0.0,Z01,138Â 298Â 100,0.0
962923,201900004454,4,21,18:30,1,1,1,1.0,6.0,93008,AUTOROUTE A86,M,"48,9131500","2,4355900",93,2019,90.0,1.0,1.0,1.0,2152214,1.0,1,4,2,0.0,,-1.0, -1,1999.0,B01,138Â 298Â 101,8.0,0.0,-1.0,1643495,2.0,7,,6.0,0.0,2.0,B01,138Â 298Â 101,1.0
962924,201900004455,4,17,18:15,1,1,1,1.0,3.0,95241,RN 104,M,"49,0477700","2,4630300",95,2019,110.0,1.0,1.0,2.0,2152215,1.0,1,4,1,0.0,,-1.0,0,1971.0,B01,138Â 298Â 098,9.0,6.0,-1.0,1643496,2.0,43,,0.0,2.0,2.0,B01,138Â 298Â 098,1.0
962924,201900004455,4,17,18:15,1,1,1,1.0,3.0,95241,RN 104,M,"49,0477700","2,4630300",95,2019,110.0,1.0,1.0,2.0,2152215,1.0,1,4,1,0.0,,-1.0,0,1971.0,B01,138Â 298Â 098,9.0,6.0,-1.0,1643497,2.0,7,,0.0,2.0,6.0,A01,138Â 298Â 099,1.0
962924,201900004455,4,17,18:15,1,1,1,1.0,3.0,95241,RN 104,M,"49,0477700","2,4630300",95,2019,110.0,1.0,1.0,2.0,2152216,1.0,1,1,1,0.0,,-1.0,0,1998.0,A01,138Â 298Â 099,1.0,8.0,-1.0,1643496,2.0,43,,0.0,2.0,2.0,B01,138Â 298Â 098,1.0
962924,201900004455,4,17,18:15,1,1,1,1.0,3.0,95241,RN 104,M,"49,0477700","2,4630300",95,2019,110.0,1.0,1.0,2.0,2152216,1.0,1,1,1,0.0,,-1.0,0,1998.0,A01,138Â 298Â 099,1.0,8.0,-1.0,1643497,2.0,7,,0.0,2.0,6.0,A01,138Â 298Â 099,1.0
962925,201900004456,4,15,19:00,1,1,1,1.0,2.0,93064,AUTOROUTE A86,M,"48,8814900","2,4739400",93,2019,70.0,1.0,1.0,1.0,2152217,1.0,1,4,1,0.0,,-1.0, -1,1978.0,A01,138Â 298Â 096,2.0,6.0,-1.0,1643498,1.0,32,,0.0,2.0,1.0,A01,138Â 298Â 096,1.0
962925,201900004456,4,15,19:00,1,1,1,1.0,2.0,93064,AUTOROUTE A86,M,"48,8814900","2,4739400",93,2019,70.0,1.0,1.0,1.0,2152217,1.0,1,4,1,0.0,,-1.0, -1,1978.0,A01,138Â 298Â 096,2.0,6.0,-1.0,1643499,1.0,7,,0.0,2.0,4.0,B01,138Â 298Â 097,1.0
962925,201900004456,4,15,19:00,1,1,1,1.0,2.0,93064,AUTOROUTE A86,M,"48,8814900","2,4739400",93,2019,70.0,1.0,1.0,1.0,2152218,1.0,1,1,2,1.0,,-1.0, -1,1983.0,B01,138Â 298Â 097,1.0,8.0,-1.0,1643498,1.0,32,,0.0,2.0,1.0,A01,138Â 298Â 096,1.0
962925,201900004456,4,15,19:00,1,1,1,1.0,2.0,93064,AUTOROUTE A86,M,"48,8814900","2,4739400",93,2019,70.0,1.0,1.0,1.0,2152218,1.0,1,1,2,1.0,,-1.0, -1,1983.0,B01,138Â 298Â 097,1.0,8.0,-1.0,1643499,1.0,7,,0.0,2.0,4.0,B01,138Â 298Â 097,1.0
962926,201900004457,4,29,09:06,1,2,1,1.0,2.0,98818,VOIE DE DEGAGEMENT OUEST,M," -22,2659400","166,4382700",988,2019,50.0,1.0,1.0,3.0,2152219,1.0,1,1,1,1.0,,0.0,0,1992.0,A01,138Â 298Â 094,1.0,8.0,-1.0,1643500,2.0,10,,0.0,2.0,1.0,A01,138Â 298Â 094,1.0
962926,201900004457,4,29,09:06,1,2,1,1.0,2.0,98818,VOIE DE DEGAGEMENT OUEST,M," -22,2659400","166,4382700",988,2019,50.0,1.0,1.0,3.0,2152219,1.0,1,1,1,1.0,,0.0,0,1992.0,A01,138Â 298Â 094,1.0,8.0,-1.0,1643501,2.0,7,,0.0,0.0,4.0,B01,138Â 298Â 095,1.0
962926,201900004457,4,29,09:06,1,2,1,1.0,2.0,98818,VOIE DE DEGAGEMENT OUEST,M," -22,2659400","166,4382700",988,2019,50.0,1.0,1.0,3.0,2152220,1.0,1,4,2,5.0,,0.0,0,1962.0,B01,138Â 298Â 095,1.0,8.0,-1.0,1643500,2.0,10,,0.0,2.0,1.0,A01,138Â 298Â 094,1.0
962926,201900004457,4,29,09:06,1,2,1,1.0,2.0,98818,VOIE DE DEGAGEMENT OUEST,M," -22,2659400","166,4382700",988,2019,50.0,1.0,1.0,3.0,2152220,1.0,1,4,2,5.0,,0.0,0,1962.0,B01,138Â 298Â 095,1.0,8.0,-1.0,1643501,2.0,7,,0.0,0.0,4.0,B01,138Â 298Â 095,1.0
962927,201900004458,4,24,02:30,5,2,3,1.0,7.0,98818,ROUTE DE L'ANSE VATA,M," -22,2935100","166,4466200",988,2019,50.0,1.0,1.0,4.0,2152221,1.0,1,4,1,5.0,,0.0,0,1995.0,A01,138Â 298Â 093,8.0,8.0,-1.0,1643502,3.0,30,,16.0,0.0,8.0,A01,138Â 298Â 093,1.0
962928,201900004459,4,21,00:00,5,2,1,2.0,6.0,98818,VE1,M," -22,2459300","166,4584000",988,2019,70.0,1.0,2.0,1.0,2152222,4.0,2,4,1,5.0,,0.0,0,2017.0,A01,138Â 298Â 092,1.0,0.0,-1.0,1643503,1.0,7,,4.0,0.0,1.0,A01,138Â 298Â 092,0.0
962928,201900004459,4,21,00:00,5,2,1,2.0,6.0,98818,VE1,M," -22,2459300","166,4584000",988,2019,70.0,1.0,2.0,1.0,2152223,1.0,1,1,2,5.0,,0.0,0,1964.0,A01,138Â 298Â 092,1.0,5.0,-1.0,1643503,1.0,7,,4.0,0.0,1.0,A01,138Â 298Â 092,0.0
962929,201900004460,4,21,04:05,5,2,9,2.0,7.0,98818,LAROQUE (PROMENADE ROGER),M," -22,3066200","166,4478700",988,2019,50.0,1.0,2.0,4.0,2152224,1.0,1,1,1,9.0,,0.0,0,1966.0,A01,138Â 298Â 091,1.0,8.0,-1.0,1643504,1.0,7,,0.0,1.0,1.0,A01,138Â 298Â 091,1.0
962929,201900004460,4,21,04:05,5,2,9,2.0,7.0,98818,LAROQUE (PROMENADE ROGER),M," -22,3066200","166,4478700",988,2019,50.0,1.0,2.0,4.0,2152225,10.0,3,4,2,9.0,,3.0,3,1992.0,A01,138Â 298Â 091,8.0,0.0,-1.0,1643504,1.0,7,,0.0,1.0,1.0,A01,138Â 298Â 091,1.0
962930,201900004461,4,19,17:35,4,2,1,2.0,2.0,98818,ANSE-VATA (ROUTE DE L'),M," -22,2890000","166,4477200",988,2019,50.0,1.0,2.0,4.0,2152226,2.0,2,4,2,5.0,,0.0,0,2003.0,B01,138Â 298Â 089,1.0,0.0,-1.0,1643505,3.0,7,,0.0,1.0,4.0,B01,138Â 298Â 089,1.0
962930,201900004461,4,19,17:35,4,2,1,2.0,2.0,98818,ANSE-VATA (ROUTE DE L'),M," -22,2890000","166,4477200",988,2019,50.0,1.0,2.0,4.0,2152226,2.0,2,4,2,5.0,,0.0,0,2003.0,B01,138Â 298Â 089,1.0,0.0,-1.0,1643506,3.0,7,,0.0,2.0,1.0,A01,138Â 298Â 090,1.0
962930,201900004461,4,19,17:35,4,2,1,2.0,2.0,98818,ANSE-VATA (ROUTE DE L'),M," -22,2890000","166,4477200",988,2019,50.0,1.0,2.0,4.0,2152227,1.0,1,1,2,5.0,,0.0,0,1977.0,B01,138Â 298Â 089,1.0,0.0,-1.0,1643505,3.0,7,,0.0,1.0,4.0,B01,138Â 298Â 089,1.0
962930,201900004461,4,19,17:35,4,2,1,2.0,2.0,98818,ANSE-VATA (ROUTE DE L'),M," -22,2890000","166,4477200",988,2019,50.0,1.0,2.0,4.0,2152227,1.0,1,1,2,5.0,,0.0,0,1977.0,B01,138Â 298Â 089,1.0,0.0,-1.0,1643506,3.0,7,,0.0,2.0,1.0,A01,138Â 298Â 090,1.0
962930,201900004461,4,19,17:35,4,2,1,2.0,2.0,98818,ANSE-VATA (ROUTE DE L'),M," -22,2890000","166,4477200",988,2019,50.0,1.0,2.0,4.0,2152228,1.0,1,1,1,5.0,,0.0,0,1994.0,A01,138Â 298Â 090,1.0,0.0,-1.0,1643505,3.0,7,,0.0,1.0,4.0,B01,138Â 298Â 089,1.0
962930,201900004461,4,19,17:35,4,2,1,2.0,2.0,98818,ANSE-VATA (ROUTE DE L'),M," -22,2890000","166,4477200",988,2019,50.0,1.0,2.0,4.0,2152228,1.0,1,1,1,5.0,,0.0,0,1994.0,A01,138Â 298Â 090,1.0,0.0,-1.0,1643506,3.0,7,,0.0,2.0,1.0,A01,138Â 298Â 090,1.0
962931,201900004462,4,19,13:45,1,2,1,3.0,3.0,98818,RUE AUER,M," -22,2355000","166,4498800",988,2019,50.0,1.0,2.0,4.0,2152229,1.0,1,1,1,4.0,,0.0,0,1979.0,A01,138Â 298Â 087,1.0,0.0,-1.0,1643507,3.0,13,,0.0,2.0,5.0,A01,138Â 298Â 087,1.0
962931,201900004462,4,19,13:45,1,2,1,3.0,3.0,98818,RUE AUER,M," -22,2355000","166,4498800",988,2019,50.0,1.0,2.0,4.0,2152229,1.0,1,1,1,4.0,,0.0,0,1979.0,A01,138Â 298Â 087,1.0,0.0,-1.0,1643508,3.0,7,,0.0,2.0,7.0,B01,138Â 298Â 088,1.0
962931,201900004462,4,19,13:45,1,2,1,3.0,3.0,98818,RUE AUER,M," -22,2355000","166,4498800",988,2019,50.0,1.0,2.0,4.0,2152230,1.0,1,4,1,4.0,,0.0,0,1996.0,B01,138Â 298Â 088,1.0,0.0,-1.0,1643507,3.0,13,,0.0,2.0,5.0,A01,138Â 298Â 087,1.0
962931,201900004462,4,19,13:45,1,2,1,3.0,3.0,98818,RUE AUER,M," -22,2355000","166,4498800",988,2019,50.0,1.0,2.0,4.0,2152230,1.0,1,4,1,4.0,,0.0,0,1996.0,B01,138Â 298Â 088,1.0,0.0,-1.0,1643508,3.0,7,,0.0,2.0,7.0,B01,138Â 298Â 088,1.0
962931,201900004462,4,19,13:45,1,2,1,3.0,3.0,98818,RUE AUER,M," -22,2355000","166,4498800",988,2019,50.0,1.0,2.0,4.0,2152231,2.0,2,4,1,4.0,,0.0,0,1994.0,B01,138Â 298Â 088,1.0,0.0,-1.0,1643507,3.0,13,,0.0,2.0,5.0,A01,138Â 298Â 087,1.0
962931,201900004462,4,19,13:45,1,2,1,3.0,3.0,98818,RUE AUER,M," -22,2355000","166,4498800",988,2019,50.0,1.0,2.0,4.0,2152231,2.0,2,4,1,4.0,,0.0,0,1994.0,B01,138Â 298Â 088,1.0,0.0,-1.0,1643508,3.0,7,,0.0,2.0,7.0,B01,138Â 298Â 088,1.0
962932,201900004463,4,19,07:15,1,2,1,1.0,2.0,98818,RUE ARMAND OHLEN,M," -22,2609800","166,4631500",988,2019,50.0,1.0,2.0,4.0,2152232,1.0,1,1,1,0.0,,-1.0,0,1973.0,A01,138Â 298Â 085,1.0,1.0,-1.0,1643509,3.0,7,,0.0,2.0,1.0,A01,138Â 298Â 085,1.0
962932,201900004463,4,19,07:15,1,2,1,1.0,2.0,98818,RUE ARMAND OHLEN,M," -22,2609800","166,4631500",988,2019,50.0,1.0,2.0,4.0,2152232,1.0,1,1,1,0.0,,-1.0,0,1973.0,A01,138Â 298Â 085,1.0,1.0,-1.0,1643510,3.0,7,,0.0,2.0,4.0,B01,138Â 298Â 086,1.0
962932,201900004463,4,19,07:15,1,2,1,1.0,2.0,98818,RUE ARMAND OHLEN,M," -22,2609800","166,4631500",988,2019,50.0,1.0,2.0,4.0,2152233,1.0,1,4,1,2.0,,-1.0,0,1974.0,B01,138Â 298Â 086,1.0,1.0,-1.0,1643509,3.0,7,,0.0,2.0,1.0,A01,138Â 298Â 085,1.0
962932,201900004463,4,19,07:15,1,2,1,1.0,2.0,98818,RUE ARMAND OHLEN,M," -22,2609800","166,4631500",988,2019,50.0,1.0,2.0,4.0,2152233,1.0,1,4,1,2.0,,-1.0,0,1974.0,B01,138Â 298Â 086,1.0,1.0,-1.0,1643510,3.0,7,,0.0,2.0,4.0,B01,138Â 298Â 086,1.0
962933,201900004464,4,18,23:05,5,2,3,2.0,3.0,98818,RUE DU 18 JUIN/RUE FELIX BROCHE,M," -22,2707200","166,4639700",988,2019,50.0,1.0,2.0,4.0,2152234,1.0,1,1,1,0.0,,-1.0,0,2000.0,A01,138Â 298Â 083,8.0,8.0,-1.0,1643511,3.0,7,,0.0,2.0,5.0,A01,138Â 298Â 083,1.0
962933,201900004464,4,18,23:05,5,2,3,2.0,3.0,98818,RUE DU 18 JUIN/RUE FELIX BROCHE,M," -22,2707200","166,4639700",988,2019,50.0,1.0,2.0,4.0,2152234,1.0,1,1,1,0.0,,-1.0,0,2000.0,A01,138Â 298Â 083,8.0,8.0,-1.0,1643512,3.0,33,,0.0,2.0,1.0,B01,138Â 298Â 084,1.0
962933,201900004464,4,18,23:05,5,2,3,2.0,3.0,98818,RUE DU 18 JUIN/RUE FELIX BROCHE,M," -22,2707200","166,4639700",988,2019,50.0,1.0,2.0,4.0,2152235,2.0,1,4,1,0.0,,-1.0,0,1969.0,B01,138Â 298Â 084,2.0,6.0,-1.0,1643511,3.0,7,,0.0,2.0,5.0,A01,138Â 298Â 083,1.0
962933,201900004464,4,18,23:05,5,2,3,2.0,3.0,98818,RUE DU 18 JUIN/RUE FELIX BROCHE,M," -22,2707200","166,4639700",988,2019,50.0,1.0,2.0,4.0,2152235,2.0,1,4,1,0.0,,-1.0,0,1969.0,B01,138Â 298Â 084,2.0,6.0,-1.0,1643512,3.0,33,,0.0,2.0,1.0,B01,138Â 298Â 084,1.0
962934,201900004465,4,23,10:20,1,2,1,1.0,3.0,97611,m'tsapere-MosquÃ©e Maevantana (ruelle ),M," -12,7880800","45,2200400",976,2019,2.0,1.0,9.0,4.0,2152236,1.0,1,1,1,9.0,,-1.0,0,1965.0,B01,138Â 298Â 081,1.0,0.0,-1.0,1643513,1.0,7,,0.0,6.0,3.0,B01,138Â 298Â 081,1.0
962934,201900004465,4,23,10:20,1,2,1,1.0,3.0,97611,m'tsapere-MosquÃ©e Maevantana (ruelle ),M," -12,7880800","45,2200400",976,2019,2.0,1.0,9.0,4.0,2152236,1.0,1,1,1,9.0,,-1.0,0,1965.0,B01,138Â 298Â 081,1.0,0.0,-1.0,1643514,1.0,1,,0.0,2.0,3.0,A01,138Â 298Â 082,5.0
962934,201900004465,4,23,10:20,1,2,1,1.0,3.0,97611,m'tsapere-MosquÃ©e Maevantana (ruelle ),M," -12,7880800","45,2200400",976,2019,2.0,1.0,9.0,4.0,2152237,1.0,1,4,1,9.0,,-1.0,0,2001.0,A01,138Â 298Â 082,8.0,0.0,-1.0,1643513,1.0,7,,0.0,6.0,3.0,B01,138Â 298Â 081,1.0
962934,201900004465,4,23,10:20,1,2,1,1.0,3.0,97611,m'tsapere-MosquÃ©e Maevantana (ruelle ),M," -12,7880800","45,2200400",976,2019,2.0,1.0,9.0,4.0,2152237,1.0,1,4,1,9.0,,-1.0,0,2001.0,A01,138Â 298Â 082,8.0,0.0,-1.0,1643514,1.0,1,,0.0,2.0,3.0,A01,138Â 298Â 082,5.0
962935,201900004466,4,18,19:00,3,2,1,1.0,3.0,97611,mamoudzou centre-RP Passot quai colas (R,M," -12,7756600","45,2319000",976,2019,50.0,1.0,1.0,2.0,2152238,1.0,1,1,1,9.0,,-1.0,0,1985.0,B01,138Â 298Â 079,1.0,0.0,-1.0,1643515,2.0,7,,0.0,6.0,3.0,B01,138Â 298Â 079,1.0
962935,201900004466,4,18,19:00,3,2,1,1.0,3.0,97611,mamoudzou centre-RP Passot quai colas (R,M," -12,7756600","45,2319000",976,2019,50.0,1.0,1.0,2.0,2152238,1.0,1,1,1,9.0,,-1.0,0,1985.0,B01,138Â 298Â 079,1.0,0.0,-1.0,1643516,2.0,30,,0.0,2.0,3.0,A01,138Â 298Â 080,1.0
962935,201900004466,4,18,19:00,3,2,1,1.0,3.0,97611,mamoudzou centre-RP Passot quai colas (R,M," -12,7756600","45,2319000",976,2019,50.0,1.0,1.0,2.0,2152239,1.0,1,4,1,9.0,,-1.0,0,1996.0,A01,138Â 298Â 080,2.0,8.0,-1.0,1643515,2.0,7,,0.0,6.0,3.0,B01,138Â 298Â 079,1.0
962935,201900004466,4,18,19:00,3,2,1,1.0,3.0,97611,mamoudzou centre-RP Passot quai colas (R,M," -12,7756600","45,2319000",976,2019,50.0,1.0,1.0,2.0,2152239,1.0,1,4,1,9.0,,-1.0,0,1996.0,A01,138Â 298Â 080,2.0,8.0,-1.0,1643516,2.0,30,,0.0,2.0,3.0,A01,138Â 298Â 080,1.0
962936,201900004467,4,20,23:50,5,2,1,1.0,7.0,97611,kaweni-Mangrove (route de la),M," -12,7744700","45,2227700",976,2019,50.0,1.0,1.0,2.0,2152240,1.0,1,4,1,9.0,,-1.0,0,1993.0,A01,138Â 298Â 078,2.0,8.0,-1.0,1643517,1.0,30,,0.0,0.0,0.0,A01,138Â 298Â 078,1.0
962937,201900004468,4,20,16:20,1,2,1,8.0,6.0,97611,m'tsapere-Belle vue ( rue ),M," -12,7489700","45,2225200",976,2019,50.0,1.0,1.0,4.0,2152241,1.0,1,4,1,9.0,,-1.0,0,1972.0,A01,138Â 298Â 077,2.0,8.0,-1.0,1643518,2.0,30,,0.0,0.0,0.0,A01,138Â 298Â 077,1.0
962938,201900004469,4,19,19:50,4,2,1,1.0,7.0,97611,cavani-Rond point du Stade,M," -12,7841400","45,2230400",976,2019,50.0,1.0,1.0,3.0,2152242,3.0,2,4,2,9.0,,-1.0,0,2002.0,A01,138Â 298Â 076,8.0,0.0,-1.0,1643519,2.0,1,,0.0,6.0,1.0,A01,138Â 298Â 076,5.0
962938,201900004469,4,19,19:50,4,2,1,1.0,7.0,97611,cavani-Rond point du Stade,M," -12,7841400","45,2230400",976,2019,50.0,1.0,1.0,3.0,2152243,1.0,1,4,1,9.0,,-1.0,0,2002.0,A01,138Â 298Â 076,8.0,0.0,-1.0,1643519,2.0,1,,0.0,6.0,1.0,A01,138Â 298Â 076,5.0
962939,201900004470,4,28,17:30,1,2,1,1.0,3.0,97416,ANCIENNE RN 1,M," -21,3300400","55,4537400",974,2019,50.0,1.0,1.0,4.0,2152244,1.0,1,1,2,5.0,,-1.0, -1,1987.0,B01,138Â 298Â 074,1.0,0.0,-1.0,1643520,0.0,7,,0.0,0.0,8.0,B01,138Â 298Â 074,1.0
962939,201900004470,4,28,17:30,1,2,1,1.0,3.0,97416,ANCIENNE RN 1,M," -21,3300400","55,4537400",974,2019,50.0,1.0,1.0,4.0,2152244,1.0,1,1,2,5.0,,-1.0, -1,1987.0,B01,138Â 298Â 074,1.0,0.0,-1.0,1643521,1.0,2,,0.0,2.0,8.0,A01,138Â 298Â 075,1.0
962939,201900004470,4,28,17:30,1,2,1,1.0,3.0,97416,ANCIENNE RN 1,M," -21,3300400","55,4537400",974,2019,50.0,1.0,1.0,4.0,2152245,1.0,1,1,1,5.0,,-1.0, -1,1991.0,A01,138Â 298Â 075,2.0,0.0,-1.0,1643520,0.0,7,,0.0,0.0,8.0,B01,138Â 298Â 074,1.0