Unnamed: 0_x,num_acc,mois,jour,hrmn,lum,agg,int,atm,col,com,adr,gps,lat,long,dep,annee,vma,situ,surf,catr,Unnamed: 0_y,place,catu,grav,sexe,trajet,secu,locp,actp,an_nais,num_veh_x,id_vehicule_x,secu1,secu2,secu3,Unnamed: 0,senc,catv,occutc,obs,obsm,choc,num_veh_y,id_vehicule_y,motor
962939,201900004470,4,28,17:30,1,2,1,1.0,3.0,97416,ANCIENNE RN 1,M," -21,3300400","55,4537400",974,2019,50.0,1.0,1.0,4.0,2152245,1.0,1,1,1,5.0,,-1.0, -1,1991.0,A01,138Â 298Â 075,2.0,0.0,-1.0,1643521,1.0,2,,0.0,2.0,8.0,A01,138Â 298Â 075,1.0
962939,201900004470,4,28,17:30,1,2,1,1.0,3.0,97416,ANCIENNE RN 1,M," -21,3300400","55,4537400",974,2019,50.0,1.0,1.0,4.0,2152246,2.0,2,4,2,5.0,,-1.0, -1,1995.0,A01,138Â 298Â 075,2.0,0.0,-1.0,1643520,0.0,7,,0.0,0.0,8.0,B01,138Â 298Â 074,1.0
962939,201900004470,4,28,17:30,1,2,1,1.0,3.0,97416,ANCIENNE RN 1,M," -21,3300400","55,4537400",974,2019,50.0,1.0,1.0,4.0,2152246,2.0,2,4,2,5.0,,-1.0, -1,1995.0,A01,138Â 298Â 075,2.0,0.0,-1.0,1643521,1.0,2,,0.0,2.0,8.0,A01,138Â 298Â 075,1.0
962940,201900004471,4,27,05:15,1,1,1,1.0,6.0,97416,Route Gabriel MacÃ©,M," -20,9102800","55,5016900",974,2019,50.0,1.0,1.0,4.0,2152247,4.0,2,3,2,0.0,,0.0,0,1996.0,A01,138Â 298Â 073,1.0,0.0,-1.0,1643522,1.0,7,,2.0,0.0,8.0,A01,138Â 298Â 073,1.0
962940,201900004471,4,27,05:15,1,1,1,1.0,6.0,97416,Route Gabriel MacÃ©,M," -20,9102800","55,5016900",974,2019,50.0,1.0,1.0,4.0,2152248,1.0,1,3,2,9.0,,0.0,0,1994.0,A01,138Â 298Â 073,1.0,8.0,-1.0,1643522,1.0,7,,2.0,0.0,8.0,A01,138Â 298Â 073,1.0
962940,201900004471,4,27,05:15,1,1,1,1.0,6.0,97416,Route Gabriel MacÃ©,M," -20,9102800","55,5016900",974,2019,50.0,1.0,1.0,4.0,2152249,3.0,2,1,1,0.0,,0.0,0,2000.0,A01,138Â 298Â 073,1.0,0.0,-1.0,1643522,1.0,7,,2.0,0.0,8.0,A01,138Â 298Â 073,1.0
962940,201900004471,4,27,05:15,1,1,1,1.0,6.0,97416,Route Gabriel MacÃ©,M," -20,9102800","55,5016900",974,2019,50.0,1.0,1.0,4.0,2152250,2.0,2,1,1,0.0,,0.0,0,1997.0,A01,138Â 298Â 073,1.0,0.0,-1.0,1643522,1.0,7,,2.0,0.0,8.0,A01,138Â 298Â 073,1.0
962941,201900004472,4,26,05:55,5,2,1,1.0,6.0,97416,Rue Luc Lorion,M," -21,3310300","55,4722300",974,2019,110.0,1.0,1.0,2.0,2152251,1.0,1,4,1,1.0,,0.0,0,1980.0,A01,138Â 298Â 072,1.0,8.0,-1.0,1643523,1.0,7,,4.0,0.0,3.0,A01,138Â 298Â 072,1.0
962942,201900004473,4,24,20:28,1,2,9,1.0,3.0,97416,Avenue du 14 juillet 1789,M," -20,9333200","55,2924100",974,2019,50.0,1.0,1.0,4.0,2152252,1.0,1,3,1,9.0,,0.0,0,1977.0,B01,138Â 298Â 070,2.0,8.0,-1.0,1643524,1.0,33,,0.0,2.0,7.0,B01,138Â 298Â 070,1.0
962942,201900004473,4,24,20:28,1,2,9,1.0,3.0,97416,Avenue du 14 juillet 1789,M," -20,9333200","55,2924100",974,2019,50.0,1.0,1.0,4.0,2152252,1.0,1,3,1,9.0,,0.0,0,1977.0,B01,138Â 298Â 070,2.0,8.0,-1.0,1643525,1.0,7,,0.0,6.0,8.0,A01,138Â 298Â 071,1.0
962942,201900004473,4,24,20:28,1,2,9,1.0,3.0,97416,Avenue du 14 juillet 1789,M," -20,9333200","55,2924100",974,2019,50.0,1.0,1.0,4.0,2152253,1.0,1,1,1,9.0,,0.0,0,1971.0,A01,138Â 298Â 071,1.0,8.0,-1.0,1643524,1.0,33,,0.0,2.0,7.0,B01,138Â 298Â 070,1.0
962942,201900004473,4,24,20:28,1,2,9,1.0,3.0,97416,Avenue du 14 juillet 1789,M," -20,9333200","55,2924100",974,2019,50.0,1.0,1.0,4.0,2152253,1.0,1,1,1,9.0,,0.0,0,1971.0,A01,138Â 298Â 071,1.0,8.0,-1.0,1643525,1.0,7,,0.0,6.0,8.0,A01,138Â 298Â 071,1.0
962942,201900004473,4,24,20:28,1,2,9,1.0,3.0,97416,Avenue du 14 juillet 1789,M," -20,9333200","55,2924100",974,2019,50.0,1.0,1.0,4.0,2152254,10.0,3,1,1,5.0,,5.0,3,2000.0,A01,138Â 298Â 071,8.0,0.0,-1.0,1643524,1.0,33,,0.0,2.0,7.0,B01,138Â 298Â 070,1.0
962942,201900004473,4,24,20:28,1,2,9,1.0,3.0,97416,Avenue du 14 juillet 1789,M," -20,9333200","55,2924100",974,2019,50.0,1.0,1.0,4.0,2152254,10.0,3,1,1,5.0,,5.0,3,2000.0,A01,138Â 298Â 071,8.0,0.0,-1.0,1643525,1.0,7,,0.0,6.0,8.0,A01,138Â 298Â 071,1.0
962943,201900004474,4,9,17:30,2,2,1,1.0,1.0,97416,CANDASSAMY (LOTISSEMENT),M," -21,3244000","55,4755800",974,2019,50.0,1.0,1.0,4.0,2152255,1.0,1,4,2,0.0,,-1.0, -1,1987.0,B01,138Â 298Â 068,1.0,5.0,-1.0,1643526,3.0,7,,0.0,2.0,1.0,B01,138Â 298Â 068,1.0
962943,201900004474,4,9,17:30,2,2,1,1.0,1.0,97416,CANDASSAMY (LOTISSEMENT),M," -21,3244000","55,4755800",974,2019,50.0,1.0,1.0,4.0,2152255,1.0,1,4,2,0.0,,-1.0, -1,1987.0,B01,138Â 298Â 068,1.0,5.0,-1.0,1643527,3.0,7,,0.0,2.0,3.0,A01,138Â 298Â 069,1.0
962943,201900004474,4,9,17:30,2,2,1,1.0,1.0,97416,CANDASSAMY (LOTISSEMENT),M," -21,3244000","55,4755800",974,2019,50.0,1.0,1.0,4.0,2152256,1.0,1,1,1,0.0,,-1.0, -1,1989.0,A01,138Â 298Â 069,1.0,0.0,-1.0,1643526,3.0,7,,0.0,2.0,1.0,B01,138Â 298Â 068,1.0
962943,201900004474,4,9,17:30,2,2,1,1.0,1.0,97416,CANDASSAMY (LOTISSEMENT),M," -21,3244000","55,4755800",974,2019,50.0,1.0,1.0,4.0,2152256,1.0,1,1,1,0.0,,-1.0, -1,1989.0,A01,138Â 298Â 069,1.0,0.0,-1.0,1643527,3.0,7,,0.0,2.0,3.0,A01,138Â 298Â 069,1.0
962944,201900004475,4,18,14:00,1,2,9,1.0,6.0,97416,Boulevard Hubert Delisle,M," -21,3435700","55,4729800",974,2019,500.0,1.0,1.0,4.0,2152257,1.0,1,1,2,4.0,,0.0,0,1998.0,A01,138Â 298Â 067,1.0,0.0,-1.0,1643528,2.0,7,,0.0,1.0,0.0,A01,138Â 298Â 067,1.0
962944,201900004475,4,18,14:00,1,2,9,1.0,6.0,97416,Boulevard Hubert Delisle,M," -21,3435700","55,4729800",974,2019,500.0,1.0,1.0,4.0,2152258,10.0,3,3,2,0.0,,3.0,3,1950.0,A01,138Â 298Â 067,8.0,0.0,-1.0,1643528,2.0,7,,0.0,1.0,0.0,A01,138Â 298Â 067,1.0
962945,201900004476,4,26,15:30,1,2,3,1.0,2.0,97411,NOTRE DAME DE LA TRINITE (BOULEVARD),M," -20,8927000","55,4639000",974,2019,50.0,1.0,1.0,4.0,2152259,1.0,1,1,2,9.0,,-1.0, -1,1981.0,B01,138Â 298Â 065,1.0,0.0,-1.0,1643529,3.0,7,,0.0,1.0,5.0,B01,138Â 298Â 065,1.0
962945,201900004476,4,26,15:30,1,2,3,1.0,2.0,97411,NOTRE DAME DE LA TRINITE (BOULEVARD),M," -20,8927000","55,4639000",974,2019,50.0,1.0,1.0,4.0,2152259,1.0,1,1,2,9.0,,-1.0, -1,1981.0,B01,138Â 298Â 065,1.0,0.0,-1.0,1643530,3.0,33,,15.0,2.0,1.0,A01,138Â 298Â 066,1.0
962945,201900004476,4,26,15:30,1,2,3,1.0,2.0,97411,NOTRE DAME DE LA TRINITE (BOULEVARD),M," -20,8927000","55,4639000",974,2019,50.0,1.0,1.0,4.0,2152260,1.0,1,4,1,9.0,,-1.0, -1,1970.0,A01,138Â 298Â 066,2.0,0.0,-1.0,1643529,3.0,7,,0.0,1.0,5.0,B01,138Â 298Â 065,1.0
962945,201900004476,4,26,15:30,1,2,3,1.0,2.0,97411,NOTRE DAME DE LA TRINITE (BOULEVARD),M," -20,8927000","55,4639000",974,2019,50.0,1.0,1.0,4.0,2152260,1.0,1,4,1,9.0,,-1.0, -1,1970.0,A01,138Â 298Â 066,2.0,0.0,-1.0,1643530,3.0,33,,15.0,2.0,1.0,A01,138Â 298Â 066,1.0
962946,201900004477,4,26,10:55,1,2,9,1.0,3.0,97411,KARTING (DU),M," -20,8930000","55,5000000",974,2019,30.0,1.0,1.0,6.0,2152261,1.0,1,3,1,3.0,,-1.0, -1,1963.0,B01,138Â 298Â 063,2.0,6.0,-1.0,1643531,3.0,31,,0.0,2.0,8.0,B01,138Â 298Â 063,1.0
962946,201900004477,4,26,10:55,1,2,9,1.0,3.0,97411,KARTING (DU),M," -20,8930000","55,5000000",974,2019,30.0,1.0,1.0,6.0,2152261,1.0,1,3,1,3.0,,-1.0, -1,1963.0,B01,138Â 298Â 063,2.0,6.0,-1.0,1643532,3.0,10,,0.0,2.0,2.0,A01,138Â 298Â 064,1.0
962946,201900004477,4,26,10:55,1,2,9,1.0,3.0,97411,KARTING (DU),M," -20,8930000","55,5000000",974,2019,30.0,1.0,1.0,6.0,2152262,1.0,1,1,1,3.0,,-1.0, -1,1948.0,A01,138Â 298Â 064,1.0,0.0,-1.0,1643531,3.0,31,,0.0,2.0,8.0,B01,138Â 298Â 063,1.0
962946,201900004477,4,26,10:55,1,2,9,1.0,3.0,97411,KARTING (DU),M," -20,8930000","55,5000000",974,2019,30.0,1.0,1.0,6.0,2152262,1.0,1,1,1,3.0,,-1.0, -1,1948.0,A01,138Â 298Â 064,1.0,0.0,-1.0,1643532,3.0,10,,0.0,2.0,2.0,A01,138Â 298Â 064,1.0
962947,201900004478,4,26,07:45,1,1,1,1.0,3.0,97411,Chemin du Piton TrÃ©sor,M," -20,8934900","55,4322900",974,2019,50.0,1.0,1.0,4.0,2152263,1.0,1,4,2,0.0,,0.0,0,2002.0,B01,138Â 298Â 061,2.0,6.0,-1.0,1643533,3.0,31,,0.0,2.0,2.0,B01,138Â 298Â 061,1.0
962947,201900004478,4,26,07:45,1,1,1,1.0,3.0,97411,Chemin du Piton TrÃ©sor,M," -20,8934900","55,4322900",974,2019,50.0,1.0,1.0,4.0,2152263,1.0,1,4,2,0.0,,0.0,0,2002.0,B01,138Â 298Â 061,2.0,6.0,-1.0,1643534,0.0,7,,0.0,2.0,3.0,A01,138Â 298Â 062,1.0
962947,201900004478,4,26,07:45,1,1,1,1.0,3.0,97411,Chemin du Piton TrÃ©sor,M," -20,8934900","55,4322900",974,2019,50.0,1.0,1.0,4.0,2152264,1.0,1,1,2,1.0,,0.0,0,1976.0,A01,138Â 298Â 062,1.0,0.0,-1.0,1643533,3.0,31,,0.0,2.0,2.0,B01,138Â 298Â 061,1.0
962947,201900004478,4,26,07:45,1,1,1,1.0,3.0,97411,Chemin du Piton TrÃ©sor,M," -20,8934900","55,4322900",974,2019,50.0,1.0,1.0,4.0,2152264,1.0,1,1,2,1.0,,0.0,0,1976.0,A01,138Â 298Â 062,1.0,0.0,-1.0,1643534,0.0,7,,0.0,2.0,3.0,A01,138Â 298Â 062,1.0
962948,201900004479,4,22,11:15,1,1,1,3.0,6.0,97411,LITTORAL (ROUTE 1 DU),M," -20,8817800","55,3961400",974,2019,70.0,1.0,2.0,2.0,2152265,1.0,1,1,2,5.0,,-1.0, -1,1978.0,A01,138Â 298Â 060,1.0,8.0,-1.0,1643535,1.0,7,,4.0,0.0,2.0,A01,138Â 298Â 060,1.0
962948,201900004479,4,22,11:15,1,1,1,3.0,6.0,97411,LITTORAL (ROUTE 1 DU),M," -20,8817800","55,3961400",974,2019,70.0,1.0,2.0,2.0,2152266,4.0,2,4,1,5.0,,-1.0, -1,1974.0,A01,138Â 298Â 060,1.0,0.0,-1.0,1643535,1.0,7,,4.0,0.0,2.0,A01,138Â 298Â 060,1.0
962948,201900004479,4,22,11:15,1,1,1,3.0,6.0,97411,LITTORAL (ROUTE 1 DU),M," -20,8817800","55,3961400",974,2019,70.0,1.0,2.0,2.0,2152267,3.0,2,4,1,5.0,,-1.0, -1,2015.0,A01,138Â 298Â 060,3.0,8.0,-1.0,1643535,1.0,7,,4.0,0.0,2.0,A01,138Â 298Â 060,1.0
962949,201900004480,4,21,10:10,1,2,1,2.0,3.0,97411,QUATRE VOIES GILLOT (ROUTE A),M," -20,8858900","55,4949600",974,2019,90.0,3.0,2.0,2.0,2152268,2.0,2,4,2,0.0,,-1.0, -1,1981.0,B01,138Â 298Â 058,1.0,0.0,-1.0,1643536,3.0,7,,0.0,2.0,6.0,B01,138Â 298Â 058,1.0
962949,201900004480,4,21,10:10,1,2,1,2.0,3.0,97411,QUATRE VOIES GILLOT (ROUTE A),M," -20,8858900","55,4949600",974,2019,90.0,3.0,2.0,2.0,2152268,2.0,2,4,2,0.0,,-1.0, -1,1981.0,B01,138Â 298Â 058,1.0,0.0,-1.0,1643537,3.0,7,,0.0,2.0,2.0,A01,138Â 298Â 059,3.0
962949,201900004480,4,21,10:10,1,2,1,2.0,3.0,97411,QUATRE VOIES GILLOT (ROUTE A),M," -20,8858900","55,4949600",974,2019,90.0,3.0,2.0,2.0,2152269,1.0,1,1,1,9.0,,-1.0, -1,1983.0,B01,138Â 298Â 058,1.0,0.0,-1.0,1643536,3.0,7,,0.0,2.0,6.0,B01,138Â 298Â 058,1.0
962949,201900004480,4,21,10:10,1,2,1,2.0,3.0,97411,QUATRE VOIES GILLOT (ROUTE A),M," -20,8858900","55,4949600",974,2019,90.0,3.0,2.0,2.0,2152269,1.0,1,1,1,9.0,,-1.0, -1,1983.0,B01,138Â 298Â 058,1.0,0.0,-1.0,1643537,3.0,7,,0.0,2.0,2.0,A01,138Â 298Â 059,3.0
962949,201900004480,4,21,10:10,1,2,1,2.0,3.0,97411,QUATRE VOIES GILLOT (ROUTE A),M," -20,8858900","55,4949600",974,2019,90.0,3.0,2.0,2.0,2152270,1.0,1,1,2,0.0,,-1.0, -1,1979.0,A01,138Â 298Â 059,8.0,0.0,-1.0,1643536,3.0,7,,0.0,2.0,6.0,B01,138Â 298Â 058,1.0
962949,201900004480,4,21,10:10,1,2,1,2.0,3.0,97411,QUATRE VOIES GILLOT (ROUTE A),M," -20,8858900","55,4949600",974,2019,90.0,3.0,2.0,2.0,2152270,1.0,1,1,2,0.0,,-1.0, -1,1979.0,A01,138Â 298Â 059,8.0,0.0,-1.0,1643537,3.0,7,,0.0,2.0,2.0,A01,138Â 298Â 059,3.0
962950,201900004481,4,21,07:00,2,2,1,2.0,6.0,97411,1 Bd du Chaudron,M," -20,8875000","55,4896000",974,2019,50.0,1.0,2.0,4.0,2152271,1.0,1,4,2,5.0,,0.0,0,2000.0,A01,138Â 298Â 057,8.0,8.0,-1.0,1643538,3.0,7,,15.0,0.0,3.0,A01,138Â 298Â 057,1.0
962951,201900004482,4,20,21:00,3,1,1,1.0,1.0,97411,MACE (BOULEVARD GABRIEL),M," -20,8735500","55,4469000",974,2019,50.0,1.0,1.0,2.0,2152272,1.0,1,4,1,1.0,,0.0,0,1958.0,A01,138Â 298Â 055,1.0,5.0,-1.0,1643539,1.0,7,,0.0,2.0,1.0,A01,138Â 298Â 055,1.0
962951,201900004482,4,20,21:00,3,1,1,1.0,1.0,97411,MACE (BOULEVARD GABRIEL),M," -20,8735500","55,4469000",974,2019,50.0,1.0,1.0,2.0,2152272,1.0,1,4,1,1.0,,0.0,0,1958.0,A01,138Â 298Â 055,1.0,5.0,-1.0,1643540,2.0,7,,0.0,2.0,1.0,B01,138Â 298Â 056,0.0
962951,201900004482,4,20,21:00,3,1,1,1.0,1.0,97411,MACE (BOULEVARD GABRIEL),M," -20,8735500","55,4469000",974,2019,50.0,1.0,1.0,2.0,2152273,1.0,1,1,1,5.0,,0.0,0,1991.0,B01,138Â 298Â 056,1.0,8.0,-1.0,1643539,1.0,7,,0.0,2.0,1.0,A01,138Â 298Â 055,1.0
962951,201900004482,4,20,21:00,3,1,1,1.0,1.0,97411,MACE (BOULEVARD GABRIEL),M," -20,8735500","55,4469000",974,2019,50.0,1.0,1.0,2.0,2152273,1.0,1,1,1,5.0,,0.0,0,1991.0,B01,138Â 298Â 056,1.0,8.0,-1.0,1643540,2.0,7,,0.0,2.0,1.0,B01,138Â 298Â 056,0.0
962951,201900004482,4,20,21:00,3,1,1,1.0,1.0,97411,MACE (BOULEVARD GABRIEL),M," -20,8735500","55,4469000",974,2019,50.0,1.0,1.0,2.0,2152274,2.0,2,4,1,5.0,,-1.0, -1,1992.0,B01,138Â 298Â 056,1.0,8.0,-1.0,1643539,1.0,7,,0.0,2.0,1.0,A01,138Â 298Â 055,1.0
962951,201900004482,4,20,21:00,3,1,1,1.0,1.0,97411,MACE (BOULEVARD GABRIEL),M," -20,8735500","55,4469000",974,2019,50.0,1.0,1.0,2.0,2152274,2.0,2,4,1,5.0,,-1.0, -1,1992.0,B01,138Â 298Â 056,1.0,8.0,-1.0,1643540,2.0,7,,0.0,2.0,1.0,B01,138Â 298Â 056,0.0
962952,201900004483,4,20,18:10,5,2,1,1.0,6.0,97411,Rue de l'Anjou,M," -20,9026600","55,4894800",974,2019,50.0,1.0,1.0,4.0,2152275,1.0,1,1,1,5.0,,0.0,0,1983.0,A01,138Â 298Â 054,1.0,8.0,-1.0,1643541,0.0,10,,0.0,1.0,5.0,A01,138Â 298Â 054,1.0
962952,201900004483,4,20,18:10,5,2,1,1.0,6.0,97411,Rue de l'Anjou,M," -20,9026600","55,4894800",974,2019,50.0,1.0,1.0,4.0,2152276,10.0,3,3,1,0.0,,9.0,3,2015.0,A01,138Â 298Â 054,8.0,0.0,-1.0,1643541,0.0,10,,0.0,1.0,5.0,A01,138Â 298Â 054,1.0
962953,201900004484,4,18,17:00,1,2,1,1.0,6.0,97411,Rue du Karting,M," -20,8938600","55,5011100",974,2019,50.0,1.0,1.0,4.0,2152277,10.0,3,4,1,5.0,,3.0,3,1967.0,A01,138Â 298Â 053,8.0,0.0,-1.0,1643542,0.0,7,,0.0,2.0,1.0,A01,138Â 298Â 053,1.0
962953,201900004484,4,18,17:00,1,2,1,1.0,6.0,97411,Rue du Karting,M," -20,8938600","55,5011100",974,2019,50.0,1.0,1.0,4.0,2152278,1.0,1,1,1,5.0,,0.0,0,1999.0,A01,138Â 298Â 053,1.0,8.0,-1.0,1643542,0.0,7,,0.0,2.0,1.0,A01,138Â 298Â 053,1.0
962954,201900004485,4,17,18:10,5,2,1,1.0,6.0,97411,OCEAN (BOULEVARD DE L'),M," -20,8816700","55,4571100",974,2019,50.0,2.0,1.0,4.0,2152279,10.0,3,4,1,5.0,,2.0,3,1938.0,A01,138Â 298Â 052,8.0,0.0,-1.0,1643543,1.0,7,,0.0,1.0,1.0,A01,138Â 298Â 052,1.0
962954,201900004485,4,17,18:10,5,2,1,1.0,6.0,97411,OCEAN (BOULEVARD DE L'),M," -20,8816700","55,4571100",974,2019,50.0,2.0,1.0,4.0,2152280,1.0,1,1,1,1.0,,0.0,0,1996.0,A01,138Â 298Â 052,1.0,0.0,-1.0,1643543,1.0,7,,0.0,1.0,1.0,A01,138Â 298Â 052,1.0
962955,201900004486,4,21,11:35,4,2,1,1.0,6.0,97409,RN2 Sens Ste Suzanne -> St Benoit,M," -20,9440200","55,6494500",974,2019,90.0,1.0,2.0,2.0,2152281,1.0,1,4,2,5.0,,0.0,0,1980.0,A01,138Â 298Â 051,1.0,5.0,-1.0,1643544,3.0,7,,0.0,0.0,9.0,A01,138Â 298Â 051,1.0
962956,201900004487,4,20,09:05,1,1,1,2.0,3.0,97409,Lefaguyes (chemin),M," -20,9533800","55,6714300",974,2019,50.0,1.0,2.0,4.0,2152282,1.0,1,1,2,0.0,,-1.0, -1,1996.0,B01,138Â 298Â 049,1.0,8.0,-1.0,1643545,2.0,7,,0.0,2.0,2.0,B01,138Â 298Â 049,1.0
962956,201900004487,4,20,09:05,1,1,1,2.0,3.0,97409,Lefaguyes (chemin),M," -20,9533800","55,6714300",974,2019,50.0,1.0,2.0,4.0,2152282,1.0,1,1,2,0.0,,-1.0, -1,1996.0,B01,138Â 298Â 049,1.0,8.0,-1.0,1643546,2.0,1,,0.0,2.0,3.0,A01,138Â 298Â 050,0.0
962956,201900004487,4,20,09:05,1,1,1,2.0,3.0,97409,Lefaguyes (chemin),M," -20,9533800","55,6714300",974,2019,50.0,1.0,2.0,4.0,2152283,1.0,1,4,1,5.0,,-1.0, -1,1953.0,A01,138Â 298Â 050,8.0,8.0,-1.0,1643545,2.0,7,,0.0,2.0,2.0,B01,138Â 298Â 049,1.0
962956,201900004487,4,20,09:05,1,1,1,2.0,3.0,97409,Lefaguyes (chemin),M," -20,9533800","55,6714300",974,2019,50.0,1.0,2.0,4.0,2152283,1.0,1,4,1,5.0,,-1.0, -1,1953.0,A01,138Â 298Â 050,8.0,8.0,-1.0,1643546,2.0,1,,0.0,2.0,3.0,A01,138Â 298Â 050,0.0
962957,201900004488,4,25,09:00,1,1,1,1.0,6.0,97407,14 JUILLET 1789(AVENUE DU),M," -20,9333200","55,2924100",974,2019,50.0,1.0,1.0,4.0,2152284,10.0,3,4,2,9.0,,3.0,3,1999.0,A01,138Â 298Â 048,8.0,0.0,-1.0,1643547,1.0,7,,0.0,1.0,1.0,A01,138Â 298Â 048,1.0
962957,201900004488,4,25,09:00,1,1,1,1.0,6.0,97407,14 JUILLET 1789(AVENUE DU),M," -20,9333200","55,2924100",974,2019,50.0,1.0,1.0,4.0,2152285,1.0,1,1,1,0.0,,0.0,0,1961.0,A01,138Â 298Â 048,1.0,0.0,-1.0,1643547,1.0,7,,0.0,1.0,1.0,A01,138Â 298Â 048,1.0
962958,201900004489,4,23,13:35,3,2,1,1.0,6.0,97407,Avenue du 20 dÃ©cembre 1948,M," -20,9401200","55,2981300",974,2019,50.0,1.0,1.0,4.0,2152286,10.0,3,1,1,0.0,,5.0,B,1979.0,A01,138Â 298Â 047,8.0,0.0,-1.0,1643548,3.0,7,,1.0,0.0,1.0,A01,138Â 298Â 047,1.0
962958,201900004489,4,23,13:35,3,2,1,1.0,6.0,97407,Avenue du 20 dÃ©cembre 1948,M," -20,9401200","55,2981300",974,2019,50.0,1.0,1.0,4.0,2152287,1.0,1,4,2,0.0,,0.0,0,1971.0,A01,138Â 298Â 047,1.0,8.0,-1.0,1643548,3.0,7,,1.0,0.0,1.0,A01,138Â 298Â 047,1.0
962959,201900004490,4,20,11:00,1,2,3,1.0,3.0,97407,COMMUNE DE PARIS (AVENUE),M," -20,9367100","55,2909000",974,2019,50.0,1.0,1.0,4.0,2152288,1.0,1,1,1,0.0,,-1.0, -1,1953.0,B01,138Â 298Â 045,1.0,0.0,-1.0,1643549,1.0,7,,0.0,2.0,6.0,B01,138Â 298Â 045,1.0
962959,201900004490,4,20,11:00,1,2,3,1.0,3.0,97407,COMMUNE DE PARIS (AVENUE),M," -20,9367100","55,2909000",974,2019,50.0,1.0,1.0,4.0,2152288,1.0,1,1,1,0.0,,-1.0, -1,1953.0,B01,138Â 298Â 045,1.0,0.0,-1.0,1643550,1.0,33,,0.0,2.0,1.0,A01,138Â 298Â 046,1.0
962959,201900004490,4,20,11:00,1,2,3,1.0,3.0,97407,COMMUNE DE PARIS (AVENUE),M," -20,9367100","55,2909000",974,2019,50.0,1.0,1.0,4.0,2152289,1.0,1,4,1,0.0,,-1.0, -1,1995.0,A01,138Â 298Â 046,2.0,0.0,-1.0,1643549,1.0,7,,0.0,2.0,6.0,B01,138Â 298Â 045,1.0
962959,201900004490,4,20,11:00,1,2,3,1.0,3.0,97407,COMMUNE DE PARIS (AVENUE),M," -20,9367100","55,2909000",974,2019,50.0,1.0,1.0,4.0,2152289,1.0,1,4,1,0.0,,-1.0, -1,1995.0,A01,138Â 298Â 046,2.0,0.0,-1.0,1643550,1.0,33,,0.0,2.0,1.0,A01,138Â 298Â 046,1.0
962960,201900004491,4,19,15:40,1,2,6,1.0,3.0,97407,AUGUSTE RODIN (RUE) - RIV. DES GALETS,M," -20,9568000","55,3132000",974,2019,50.0,1.0,1.0,2.0,2152290,2.0,1,4,1,9.0,,-1.0, -1,1985.0,B01,138Â 298Â 043,2.0,0.0,-1.0,1643551,3.0,33,,0.0,2.0,7.0,B01,138Â 298Â 043,1.0
962960,201900004491,4,19,15:40,1,2,6,1.0,3.0,97407,AUGUSTE RODIN (RUE) - RIV. DES GALETS,M," -20,9568000","55,3132000",974,2019,50.0,1.0,1.0,2.0,2152290,2.0,1,4,1,9.0,,-1.0, -1,1985.0,B01,138Â 298Â 043,2.0,0.0,-1.0,1643552,3.0,7,,0.0,2.0,3.0,A01,138Â 298Â 044,1.0
962960,201900004491,4,19,15:40,1,2,6,1.0,3.0,97407,AUGUSTE RODIN (RUE) - RIV. DES GALETS,M," -20,9568000","55,3132000",974,2019,50.0,1.0,1.0,2.0,2152291,1.0,1,1,2,4.0,,-1.0, -1,1966.0,A01,138Â 298Â 044,1.0,0.0,-1.0,1643551,3.0,33,,0.0,2.0,7.0,B01,138Â 298Â 043,1.0
962960,201900004491,4,19,15:40,1,2,6,1.0,3.0,97407,AUGUSTE RODIN (RUE) - RIV. DES GALETS,M," -20,9568000","55,3132000",974,2019,50.0,1.0,1.0,2.0,2152291,1.0,1,1,2,4.0,,-1.0, -1,1966.0,A01,138Â 298Â 044,1.0,0.0,-1.0,1643552,3.0,7,,0.0,2.0,3.0,A01,138Â 298Â 044,1.0
962961,201900004492,4,27,12:45,1,2,2,1.0,5.0,97302,PREVOT (ERNEST),M,"4,9339800"," -52,3330700",973,2019,50.0,1.0,1.0,4.0,2152292,1.0,1,1,1,0.0,,-1.0,0,1978.0,A01,138Â 298Â 040,1.0,0.0,-1.0,1643553,1.0,10,,0.0,2.0,2.0,A01,138Â 298Â 040,1.0
962961,201900004492,4,27,12:45,1,2,2,1.0,5.0,97302,PREVOT (ERNEST),M,"4,9339800"," -52,3330700",973,2019,50.0,1.0,1.0,4.0,2152292,1.0,1,1,1,0.0,,-1.0,0,1978.0,A01,138Â 298Â 040,1.0,0.0,-1.0,1643554,1.0,7,,0.0,2.0,9.0,B01,138Â 298Â 041,1.0
962961,201900004492,4,27,12:45,1,2,2,1.0,5.0,97302,PREVOT (ERNEST),M,"4,9339800"," -52,3330700",973,2019,50.0,1.0,1.0,4.0,2152292,1.0,1,1,1,0.0,,-1.0,0,1978.0,A01,138Â 298Â 040,1.0,0.0,-1.0,1643555,1.0,7,,0.0,2.0,6.0,C01,138Â 298Â 042,1.0