Unnamed: 0_x,num_acc,mois,jour,hrmn,lum,agg,int,atm,col,com,adr,gps,lat,long,dep,annee,vma,situ,surf,catr,Unnamed: 0_y,place,catu,grav,sexe,trajet,secu,locp,actp,an_nais,num_veh_x,id_vehicule_x,secu1,secu2,secu3,Unnamed: 0,senc,catv,occutc,obs,obsm,choc,num_veh_y,id_vehicule_y,motor
962961,201900004492,4,27,12:45,1,2,2,1.0,5.0,97302,PREVOT (ERNEST),M,"4,9339800"," -52,3330700",973,2019,50.0,1.0,1.0,4.0,2152293,1.0,1,4,2,0.0,,-1.0,0,1970.0,B01,138Â 298Â 041,1.0,0.0,-1.0,1643553,1.0,10,,0.0,2.0,2.0,A01,138Â 298Â 040,1.0
962961,201900004492,4,27,12:45,1,2,2,1.0,5.0,97302,PREVOT (ERNEST),M,"4,9339800"," -52,3330700",973,2019,50.0,1.0,1.0,4.0,2152293,1.0,1,4,2,0.0,,-1.0,0,1970.0,B01,138Â 298Â 041,1.0,0.0,-1.0,1643554,1.0,7,,0.0,2.0,9.0,B01,138Â 298Â 041,1.0
962961,201900004492,4,27,12:45,1,2,2,1.0,5.0,97302,PREVOT (ERNEST),M,"4,9339800"," -52,3330700",973,2019,50.0,1.0,1.0,4.0,2152293,1.0,1,4,2,0.0,,-1.0,0,1970.0,B01,138Â 298Â 041,1.0,0.0,-1.0,1643555,1.0,7,,0.0,2.0,6.0,C01,138Â 298Â 042,1.0
962961,201900004492,4,27,12:45,1,2,2,1.0,5.0,97302,PREVOT (ERNEST),M,"4,9339800"," -52,3330700",973,2019,50.0,1.0,1.0,4.0,2152294,1.0,1,1,2,0.0,,-1.0,0,1993.0,C01,138Â 298Â 042,1.0,0.0,-1.0,1643553,1.0,10,,0.0,2.0,2.0,A01,138Â 298Â 040,1.0
962961,201900004492,4,27,12:45,1,2,2,1.0,5.0,97302,PREVOT (ERNEST),M,"4,9339800"," -52,3330700",973,2019,50.0,1.0,1.0,4.0,2152294,1.0,1,1,2,0.0,,-1.0,0,1993.0,C01,138Â 298Â 042,1.0,0.0,-1.0,1643554,1.0,7,,0.0,2.0,9.0,B01,138Â 298Â 041,1.0
962961,201900004492,4,27,12:45,1,2,2,1.0,5.0,97302,PREVOT (ERNEST),M,"4,9339800"," -52,3330700",973,2019,50.0,1.0,1.0,4.0,2152294,1.0,1,1,2,0.0,,-1.0,0,1993.0,C01,138Â 298Â 042,1.0,0.0,-1.0,1643555,1.0,7,,0.0,2.0,6.0,C01,138Â 298Â 042,1.0
962962,201900004493,4,22,19:45,5,2,1,1.0,2.0,97302,MONTABO (ROUTE DE) 2,M,"4,9396269"," -52,3012519",973,2019,50.0,1.0,1.0,3.0,2152295,1.0,1,1,1,9.0,,-1.0,0,1995.0,A01,138Â 298Â 038,2.0,0.0,-1.0,1643556,1.0,33,,0.0,2.0,1.0,A01,138Â 298Â 038,1.0
962962,201900004493,4,22,19:45,5,2,1,1.0,2.0,97302,MONTABO (ROUTE DE) 2,M,"4,9396269"," -52,3012519",973,2019,50.0,1.0,1.0,3.0,2152295,1.0,1,1,1,9.0,,-1.0,0,1995.0,A01,138Â 298Â 038,2.0,0.0,-1.0,1643557,1.0,7,,0.0,2.0,5.0,B01,138Â 298Â 039,1.0
962962,201900004493,4,22,19:45,5,2,1,1.0,2.0,97302,MONTABO (ROUTE DE) 2,M,"4,9396269"," -52,3012519",973,2019,50.0,1.0,1.0,3.0,2152296,1.0,1,4,1,9.0,,-1.0,0,1985.0,B01,138Â 298Â 039,1.0,0.0,-1.0,1643556,1.0,33,,0.0,2.0,1.0,A01,138Â 298Â 038,1.0
962962,201900004493,4,22,19:45,5,2,1,1.0,2.0,97302,MONTABO (ROUTE DE) 2,M,"4,9396269"," -52,3012519",973,2019,50.0,1.0,1.0,3.0,2152296,1.0,1,4,1,9.0,,-1.0,0,1985.0,B01,138Â 298Â 039,1.0,0.0,-1.0,1643557,1.0,7,,0.0,2.0,5.0,B01,138Â 298Â 039,1.0
962963,201900004494,4,24,15:10,1,2,1,2.0,6.0,97302,DAMAS (LEON GONTRAN),M,"4,9393383"," -52,3332024",973,2019,50.0,1.0,2.0,4.0,2152297,10.0,3,4,1,0.0,,3.0,3,1940.0,A01,138Â 298Â 037,8.0,0.0,-1.0,1643558,1.0,1,,0.0,1.0,1.0,A01,138Â 298Â 037,0.0
962963,201900004494,4,24,15:10,1,2,1,2.0,6.0,97302,DAMAS (LEON GONTRAN),M,"4,9393383"," -52,3332024",973,2019,50.0,1.0,2.0,4.0,2152298,1.0,1,1,1,0.0,,-1.0, -1,1994.0,A01,138Â 298Â 037,8.0,0.0,-1.0,1643558,1.0,1,,0.0,1.0,1.0,A01,138Â 298Â 037,0.0
962964,201900004495,4,23,21:05,5,2,2,1.0,3.0,97302,MONTABO (ROUTE DE) 1,M,"4,9334000"," -52,2905300",973,2019,50.0,1.0,1.0,3.0,2152299,1.0,1,1,2,9.0,,-1.0,0,1985.0,A01,138Â 298Â 035,1.0,0.0,-1.0,1643559,1.0,7,,0.0,2.0,6.0,A01,138Â 298Â 035,1.0
962964,201900004495,4,23,21:05,5,2,2,1.0,3.0,97302,MONTABO (ROUTE DE) 1,M,"4,9334000"," -52,2905300",973,2019,50.0,1.0,1.0,3.0,2152299,1.0,1,1,2,9.0,,-1.0,0,1985.0,A01,138Â 298Â 035,1.0,0.0,-1.0,1643560,1.0,34,,0.0,2.0,1.0,B01,138Â 298Â 036,1.0
962964,201900004495,4,23,21:05,5,2,2,1.0,3.0,97302,MONTABO (ROUTE DE) 1,M,"4,9334000"," -52,2905300",973,2019,50.0,1.0,1.0,3.0,2152300,1.0,1,4,1,5.0,,-1.0,0,1977.0,B01,138Â 298Â 036,2.0,0.0,-1.0,1643559,1.0,7,,0.0,2.0,6.0,A01,138Â 298Â 035,1.0
962964,201900004495,4,23,21:05,5,2,2,1.0,3.0,97302,MONTABO (ROUTE DE) 1,M,"4,9334000"," -52,2905300",973,2019,50.0,1.0,1.0,3.0,2152300,1.0,1,4,1,5.0,,-1.0,0,1977.0,B01,138Â 298Â 036,2.0,0.0,-1.0,1643560,1.0,34,,0.0,2.0,1.0,B01,138Â 298Â 036,1.0
962965,201900004496,4,23,14:40,1,2,1,2.0,6.0,97302,ESTREES (AVENUE D'),M,"4,9408300"," -52,3235200",973,2019,50.0,1.0,2.0,4.0,2152301,1.0,1,3,1,0.0,,-1.0, -1,2003.0,B01,138Â 298Â 033,2.0,0.0,-1.0,1643561,2.0,2,,0.0,0.0,2.0,B01,138Â 298Â 033,1.0
962965,201900004496,4,23,14:40,1,2,1,2.0,6.0,97302,ESTREES (AVENUE D'),M,"4,9408300"," -52,3235200",973,2019,50.0,1.0,2.0,4.0,2152301,1.0,1,3,1,0.0,,-1.0, -1,2003.0,B01,138Â 298Â 033,2.0,0.0,-1.0,1643562,2.0,7,,0.0,2.0,0.0,A01,138Â 298Â 034,1.0
962965,201900004496,4,23,14:40,1,2,1,2.0,6.0,97302,ESTREES (AVENUE D'),M,"4,9408300"," -52,3235200",973,2019,50.0,1.0,2.0,4.0,2152302,1.0,1,1,1,0.0,,-1.0, -1,1985.0,A01,138Â 298Â 034,1.0,0.0,-1.0,1643561,2.0,2,,0.0,0.0,2.0,B01,138Â 298Â 033,1.0
962965,201900004496,4,23,14:40,1,2,1,2.0,6.0,97302,ESTREES (AVENUE D'),M,"4,9408300"," -52,3235200",973,2019,50.0,1.0,2.0,4.0,2152302,1.0,1,1,1,0.0,,-1.0, -1,1985.0,A01,138Â 298Â 034,1.0,0.0,-1.0,1643562,2.0,7,,0.0,2.0,0.0,A01,138Â 298Â 034,1.0
962966,201900004497,4,21,19:20,5,1,9,1.0,6.0,97302,MONT LUCAS 1 (CITE),M,"4,9254746"," -52,3001039",973,2019,30.0,1.0,1.0,4.0,2152303,10.0,3,2,1,0.0,,6.0,2,1950.0,A01,138Â 298Â 032,8.0,0.0,-1.0,1643563,1.0,7,,0.0,1.0,1.0,A01,138Â 298Â 032,1.0
962966,201900004497,4,21,19:20,5,1,9,1.0,6.0,97302,MONT LUCAS 1 (CITE),M,"4,9254746"," -52,3001039",973,2019,30.0,1.0,1.0,4.0,2152304,1.0,1,1,1,9.0,,-1.0,0,1985.0,A01,138Â 298Â 032,8.0,0.0,-1.0,1643563,1.0,7,,0.0,1.0,1.0,A01,138Â 298Â 032,1.0
962967,201900004498,4,21,08:05,1,2,3,1.0,3.0,97302,RABAN (ROUTE DE),M,"4,9261852"," -52,3136221",973,2019,50.0,1.0,1.0,4.0,2152305,1.0,1,4,1,9.0,,-1.0, -1,1965.0,B01,138Â 298Â 030,2.0,8.0,-1.0,1643564,3.0,2,,0.0,2.0,1.0,B01,138Â 298Â 030,1.0
962967,201900004498,4,21,08:05,1,2,3,1.0,3.0,97302,RABAN (ROUTE DE),M,"4,9261852"," -52,3136221",973,2019,50.0,1.0,1.0,4.0,2152305,1.0,1,4,1,9.0,,-1.0, -1,1965.0,B01,138Â 298Â 030,2.0,8.0,-1.0,1643565,3.0,7,,0.0,2.0,0.0,Z01,138Â 298Â 031,0.0
962967,201900004498,4,21,08:05,1,2,3,1.0,3.0,97302,RABAN (ROUTE DE),M,"4,9261852"," -52,3136221",973,2019,50.0,1.0,1.0,4.0,2152306,1.0,1,1,1,9.0,,0.0,0,2001.0,Z01,138Â 298Â 031,8.0,0.0,-1.0,1643564,3.0,2,,0.0,2.0,1.0,B01,138Â 298Â 030,1.0
962967,201900004498,4,21,08:05,1,2,3,1.0,3.0,97302,RABAN (ROUTE DE),M,"4,9261852"," -52,3136221",973,2019,50.0,1.0,1.0,4.0,2152306,1.0,1,1,1,9.0,,0.0,0,2001.0,Z01,138Â 298Â 031,8.0,0.0,-1.0,1643565,3.0,7,,0.0,2.0,0.0,Z01,138Â 298Â 031,0.0
962968,201900004499,4,20,18:30,2,1,1,1.0,3.0,97302,BADUEL (ROUTE DE),M,"4,9281041"," -52,2927546",973,2019,50.0,1.0,1.0,3.0,2152307,1.0,1,1,2,9.0,,-1.0,0,1956.0,B01,138Â 298Â 028,1.0,8.0,-1.0,1643566,1.0,7,,0.0,2.0,3.0,B01,138Â 298Â 028,1.0
962968,201900004499,4,20,18:30,2,1,1,1.0,3.0,97302,BADUEL (ROUTE DE),M,"4,9281041"," -52,2927546",973,2019,50.0,1.0,1.0,3.0,2152307,1.0,1,1,2,9.0,,-1.0,0,1956.0,B01,138Â 298Â 028,1.0,8.0,-1.0,1643567,1.0,2,,0.0,2.0,1.0,A01,138Â 298Â 029,1.0
962968,201900004499,4,20,18:30,2,1,1,1.0,3.0,97302,BADUEL (ROUTE DE),M,"4,9281041"," -52,2927546",973,2019,50.0,1.0,1.0,3.0,2152308,1.0,1,4,1,9.0,,-1.0,0,1969.0,A01,138Â 298Â 029,2.0,0.0,-1.0,1643566,1.0,7,,0.0,2.0,3.0,B01,138Â 298Â 028,1.0
962968,201900004499,4,20,18:30,2,1,1,1.0,3.0,97302,BADUEL (ROUTE DE),M,"4,9281041"," -52,2927546",973,2019,50.0,1.0,1.0,3.0,2152308,1.0,1,4,1,9.0,,-1.0,0,1969.0,A01,138Â 298Â 029,2.0,0.0,-1.0,1643567,1.0,2,,0.0,2.0,1.0,A01,138Â 298Â 029,1.0
962968,201900004499,4,20,18:30,2,1,1,1.0,3.0,97302,BADUEL (ROUTE DE),M,"4,9281041"," -52,2927546",973,2019,50.0,1.0,1.0,3.0,2152309,2.0,2,4,2,0.0,,-1.0,0,1979.0,A01,138Â 298Â 029,2.0,0.0,-1.0,1643566,1.0,7,,0.0,2.0,3.0,B01,138Â 298Â 028,1.0
962968,201900004499,4,20,18:30,2,1,1,1.0,3.0,97302,BADUEL (ROUTE DE),M,"4,9281041"," -52,2927546",973,2019,50.0,1.0,1.0,3.0,2152309,2.0,2,4,2,0.0,,-1.0,0,1979.0,A01,138Â 298Â 029,2.0,0.0,-1.0,1643567,1.0,2,,0.0,2.0,1.0,A01,138Â 298Â 029,1.0
962969,201900004500,4,17,11:45,1,2,3,1.0,3.0,97302,MIRZA (CITE),M,"4,9328287"," -52,3248875",973,2019,50.0,1.0,1.0,4.0,2152310,1.0,1,4,2,2.0,,-1.0, -1,2002.0,B01,138Â 298Â 026,8.0,0.0,-1.0,1643568,3.0,1,,0.0,2.0,8.0,B01,138Â 298Â 026,0.0
962969,201900004500,4,17,11:45,1,2,3,1.0,3.0,97302,MIRZA (CITE),M,"4,9328287"," -52,3248875",973,2019,50.0,1.0,1.0,4.0,2152310,1.0,1,4,2,2.0,,-1.0, -1,2002.0,B01,138Â 298Â 026,8.0,0.0,-1.0,1643569,3.0,7,,0.0,2.0,1.0,A01,138Â 298Â 027,1.0
962969,201900004500,4,17,11:45,1,2,3,1.0,3.0,97302,MIRZA (CITE),M,"4,9328287"," -52,3248875",973,2019,50.0,1.0,1.0,4.0,2152311,1.0,1,1,2,1.0,,-1.0, -1,1985.0,A01,138Â 298Â 027,1.0,0.0,-1.0,1643568,3.0,1,,0.0,2.0,8.0,B01,138Â 298Â 026,0.0
962969,201900004500,4,17,11:45,1,2,3,1.0,3.0,97302,MIRZA (CITE),M,"4,9328287"," -52,3248875",973,2019,50.0,1.0,1.0,4.0,2152311,1.0,1,1,2,1.0,,-1.0, -1,1985.0,A01,138Â 298Â 027,1.0,0.0,-1.0,1643569,3.0,7,,0.0,2.0,1.0,A01,138Â 298Â 027,1.0
962970,201900004501,4,27,16:00,1,2,1,1.0,2.0,69199,YVES FARGE                          (BD),M,"45,6891300","4,8616600",69,2019,50.0,1.0,1.0,4.0,2152312,1.0,1,4,1,0.0,,0.0,0,1900.0,B01,138Â 298Â 024,8.0,0.0,-1.0,1643570,3.0,7,,0.0,2.0,4.0,B01,138Â 298Â 024,0.0
962970,201900004501,4,27,16:00,1,2,1,1.0,2.0,69199,YVES FARGE                          (BD),M,"45,6891300","4,8616600",69,2019,50.0,1.0,1.0,4.0,2152312,1.0,1,4,1,0.0,,0.0,0,1900.0,B01,138Â 298Â 024,8.0,0.0,-1.0,1643571,3.0,10,,0.0,2.0,1.0,A01,138Â 298Â 025,0.0
962970,201900004501,4,27,16:00,1,2,1,1.0,2.0,69199,YVES FARGE                          (BD),M,"45,6891300","4,8616600",69,2019,50.0,1.0,1.0,4.0,2152313,1.0,1,1,2,0.0,,0.0,0,1969.0,A01,138Â 298Â 025,8.0,0.0,-1.0,1643570,3.0,7,,0.0,2.0,4.0,B01,138Â 298Â 024,0.0
962970,201900004501,4,27,16:00,1,2,1,1.0,2.0,69199,YVES FARGE                          (BD),M,"45,6891300","4,8616600",69,2019,50.0,1.0,1.0,4.0,2152313,1.0,1,1,2,0.0,,0.0,0,1969.0,A01,138Â 298Â 025,8.0,0.0,-1.0,1643571,3.0,10,,0.0,2.0,1.0,A01,138Â 298Â 025,0.0
962971,201900004502,4,27,04:15,5,2,6,1.0,6.0,69259,CORBAS (DE)                         (RO),M,"45,6933700","4,8900800",69,2019,50.0,2.0,2.0,4.0,2152314,2.0,2,2,1,5.0,,-1.0,0,1982.0,A01,138Â 298Â 023,8.0,0.0,-1.0,1643572,3.0,7,,14.0,0.0,1.0,A01,138Â 298Â 023,1.0
962971,201900004502,4,27,04:15,5,2,6,1.0,6.0,69259,CORBAS (DE)                         (RO),M,"45,6933700","4,8900800",69,2019,50.0,2.0,2.0,4.0,2152315,1.0,1,3,1,5.0,,-1.0,0,1971.0,A01,138Â 298Â 023,1.0,0.0,-1.0,1643572,3.0,7,,14.0,0.0,1.0,A01,138Â 298Â 023,1.0
962972,201900004503,4,26,14:30,1,2,1,1.0,6.0,69259,CLAUDE DEBUSSY                      (R ),M,"45,6993500","4,8722800",69,2019,20.0,1.0,1.0,4.0,2152316,10.0,3,4,1,5.0,,1.0,3,2012.0,A01,138Â 298Â 022,8.0,0.0,-1.0,1643573,3.0,7,,0.0,1.0,1.0,A01,138Â 298Â 022,0.0
962973,201900004504,4,26,10:50,1,2,2,1.0,3.0,69388,VILLON (DE)                         (R ),M,"45,7393600","4,8632600",69,2019,50.0,1.0,2.0,4.0,2152317,2.0,2,1,1,0.0,,0.0,0,1948.0,B01,138Â 298Â 020,1.0,0.0,-1.0,1643574,1.0,7,,0.0,2.0,2.0,B01,138Â 298Â 020,1.0
962973,201900004504,4,26,10:50,1,2,2,1.0,3.0,69388,VILLON (DE)                         (R ),M,"45,7393600","4,8632600",69,2019,50.0,1.0,2.0,4.0,2152317,2.0,2,1,1,0.0,,0.0,0,1948.0,B01,138Â 298Â 020,1.0,0.0,-1.0,1643575,1.0,7,,0.0,2.0,3.0,A01,138Â 298Â 021,1.0
962973,201900004504,4,26,10:50,1,2,2,1.0,3.0,69388,VILLON (DE)                         (R ),M,"45,7393600","4,8632600",69,2019,50.0,1.0,2.0,4.0,2152318,4.0,2,1,2,0.0,,0.0,0,1993.0,B01,138Â 298Â 020,1.0,0.0,-1.0,1643574,1.0,7,,0.0,2.0,2.0,B01,138Â 298Â 020,1.0
962973,201900004504,4,26,10:50,1,2,2,1.0,3.0,69388,VILLON (DE)                         (R ),M,"45,7393600","4,8632600",69,2019,50.0,1.0,2.0,4.0,2152318,4.0,2,1,2,0.0,,0.0,0,1993.0,B01,138Â 298Â 020,1.0,0.0,-1.0,1643575,1.0,7,,0.0,2.0,3.0,A01,138Â 298Â 021,1.0
962973,201900004504,4,26,10:50,1,2,2,1.0,3.0,69388,VILLON (DE)                         (R ),M,"45,7393600","4,8632600",69,2019,50.0,1.0,2.0,4.0,2152319,4.0,2,1,2,0.0,,0.0,0,1993.0,B01,138Â 298Â 020,1.0,0.0,-1.0,1643574,1.0,7,,0.0,2.0,2.0,B01,138Â 298Â 020,1.0
962973,201900004504,4,26,10:50,1,2,2,1.0,3.0,69388,VILLON (DE)                         (R ),M,"45,7393600","4,8632600",69,2019,50.0,1.0,2.0,4.0,2152319,4.0,2,1,2,0.0,,0.0,0,1993.0,B01,138Â 298Â 020,1.0,0.0,-1.0,1643575,1.0,7,,0.0,2.0,3.0,A01,138Â 298Â 021,1.0
962973,201900004504,4,26,10:50,1,2,2,1.0,3.0,69388,VILLON (DE)                         (R ),M,"45,7393600","4,8632600",69,2019,50.0,1.0,2.0,4.0,2152320,1.0,1,1,1,9.0,,0.0,0,1995.0,B01,138Â 298Â 020,1.0,0.0,-1.0,1643574,1.0,7,,0.0,2.0,2.0,B01,138Â 298Â 020,1.0
962973,201900004504,4,26,10:50,1,2,2,1.0,3.0,69388,VILLON (DE)                         (R ),M,"45,7393600","4,8632600",69,2019,50.0,1.0,2.0,4.0,2152320,1.0,1,1,1,9.0,,0.0,0,1995.0,B01,138Â 298Â 020,1.0,0.0,-1.0,1643575,1.0,7,,0.0,2.0,3.0,A01,138Â 298Â 021,1.0
962973,201900004504,4,26,10:50,1,2,2,1.0,3.0,69388,VILLON (DE)                         (R ),M,"45,7393600","4,8632600",69,2019,50.0,1.0,2.0,4.0,2152321,1.0,1,4,2,5.0,,0.0,0,1982.0,A01,138Â 298Â 021,1.0,0.0,-1.0,1643574,1.0,7,,0.0,2.0,2.0,B01,138Â 298Â 020,1.0
962973,201900004504,4,26,10:50,1,2,2,1.0,3.0,69388,VILLON (DE)                         (R ),M,"45,7393600","4,8632600",69,2019,50.0,1.0,2.0,4.0,2152321,1.0,1,4,2,5.0,,0.0,0,1982.0,A01,138Â 298Â 021,1.0,0.0,-1.0,1643575,1.0,7,,0.0,2.0,3.0,A01,138Â 298Â 021,1.0
962974,201900004505,4,25,19:30,1,2,3,3.0,1.0,69386,VITTON                              (CO),M,"45,7698209","4,8561329",69,2019,50.0,1.0,2.0,4.0,2152322,1.0,1,1,1,0.0,,0.0,0,1974.0,A01,138Â 298Â 018,1.0,0.0,-1.0,1643576,3.0,7,,0.0,1.0,1.0,A01,138Â 298Â 018,0.0
962974,201900004505,4,25,19:30,1,2,3,3.0,1.0,69386,VITTON                              (CO),M,"45,7698209","4,8561329",69,2019,50.0,1.0,2.0,4.0,2152322,1.0,1,1,1,0.0,,0.0,0,1974.0,A01,138Â 298Â 018,1.0,0.0,-1.0,1643577,3.0,50,,0.0,2.0,1.0,B01,138Â 298Â 019,3.0
962974,201900004505,4,25,19:30,1,2,3,3.0,1.0,69386,VITTON                              (CO),M,"45,7698209","4,8561329",69,2019,50.0,1.0,2.0,4.0,2152323,1.0,1,4,1,0.0,,-1.0, -1,1998.0,B01,138Â 298Â 019,8.0,0.0,-1.0,1643576,3.0,7,,0.0,1.0,1.0,A01,138Â 298Â 018,0.0
962974,201900004505,4,25,19:30,1,2,3,3.0,1.0,69386,VITTON                              (CO),M,"45,7698209","4,8561329",69,2019,50.0,1.0,2.0,4.0,2152323,1.0,1,4,1,0.0,,-1.0, -1,1998.0,B01,138Â 298Â 019,8.0,0.0,-1.0,1643577,3.0,50,,0.0,2.0,1.0,B01,138Â 298Â 019,3.0
962975,201900004506,4,26,08:45,1,2,1,1.0,3.0,69388,ALBERT THOMAS                       (CO),M,"45,7434200","4,8772900",69,2019,50.0,1.0,2.0,4.0,2152324,1.0,1,1,2,0.0,,0.0,0,1971.0,A01,138Â 298Â 016,1.0,0.0,-1.0,1643578,2.0,7,,0.0,2.0,3.0,A01,138Â 298Â 016,1.0
962975,201900004506,4,26,08:45,1,2,1,1.0,3.0,69388,ALBERT THOMAS                       (CO),M,"45,7434200","4,8772900",69,2019,50.0,1.0,2.0,4.0,2152324,1.0,1,1,2,0.0,,0.0,0,1971.0,A01,138Â 298Â 016,1.0,0.0,-1.0,1643579,2.0,33,,1.0,2.0,7.0,B01,138Â 298Â 017,1.0
962975,201900004506,4,26,08:45,1,2,1,1.0,3.0,69388,ALBERT THOMAS                       (CO),M,"45,7434200","4,8772900",69,2019,50.0,1.0,2.0,4.0,2152325,1.0,1,3,1,0.0,,0.0,0,1996.0,B01,138Â 298Â 017,2.0,6.0,-1.0,1643578,2.0,7,,0.0,2.0,3.0,A01,138Â 298Â 016,1.0
962975,201900004506,4,26,08:45,1,2,1,1.0,3.0,69388,ALBERT THOMAS                       (CO),M,"45,7434200","4,8772900",69,2019,50.0,1.0,2.0,4.0,2152325,1.0,1,3,1,0.0,,0.0,0,1996.0,B01,138Â 298Â 017,2.0,6.0,-1.0,1643579,2.0,33,,1.0,2.0,7.0,B01,138Â 298Â 017,1.0
962976,201900004507,4,26,10:00,1,2,1,1.0,3.0,69259,PIERRE SEMARD                       (AV),M,"45,7060900","4,8778500",69,2019,50.0,1.0,1.0,4.0,2152326,3.0,2,4,2,0.0,,0.0,0,2010.0,B01,138Â 298Â 014,1.0,0.0,-1.0,1643580,2.0,7,,0.0,2.0,7.0,B01,138Â 298Â 014,1.0
962976,201900004507,4,26,10:00,1,2,1,1.0,3.0,69259,PIERRE SEMARD                       (AV),M,"45,7060900","4,8778500",69,2019,50.0,1.0,1.0,4.0,2152326,3.0,2,4,2,0.0,,0.0,0,2010.0,B01,138Â 298Â 014,1.0,0.0,-1.0,1643581,2.0,7,,0.0,2.0,1.0,A01,138Â 298Â 015,1.0
962976,201900004507,4,26,10:00,1,2,1,1.0,3.0,69259,PIERRE SEMARD                       (AV),M,"45,7060900","4,8778500",69,2019,50.0,1.0,1.0,4.0,2152327,4.0,2,1,1,0.0,,0.0,0,2015.0,B01,138Â 298Â 014,1.0,0.0,-1.0,1643580,2.0,7,,0.0,2.0,7.0,B01,138Â 298Â 014,1.0
962976,201900004507,4,26,10:00,1,2,1,1.0,3.0,69259,PIERRE SEMARD                       (AV),M,"45,7060900","4,8778500",69,2019,50.0,1.0,1.0,4.0,2152327,4.0,2,1,1,0.0,,0.0,0,2015.0,B01,138Â 298Â 014,1.0,0.0,-1.0,1643581,2.0,7,,0.0,2.0,1.0,A01,138Â 298Â 015,1.0
962976,201900004507,4,26,10:00,1,2,1,1.0,3.0,69259,PIERRE SEMARD                       (AV),M,"45,7060900","4,8778500",69,2019,50.0,1.0,1.0,4.0,2152328,1.0,1,4,1,0.0,,0.0,0,1983.0,B01,138Â 298Â 014,1.0,0.0,-1.0,1643580,2.0,7,,0.0,2.0,7.0,B01,138Â 298Â 014,1.0
962976,201900004507,4,26,10:00,1,2,1,1.0,3.0,69259,PIERRE SEMARD                       (AV),M,"45,7060900","4,8778500",69,2019,50.0,1.0,1.0,4.0,2152328,1.0,1,4,1,0.0,,0.0,0,1983.0,B01,138Â 298Â 014,1.0,0.0,-1.0,1643581,2.0,7,,0.0,2.0,1.0,A01,138Â 298Â 015,1.0
962976,201900004507,4,26,10:00,1,2,1,1.0,3.0,69259,PIERRE SEMARD                       (AV),M,"45,7060900","4,8778500",69,2019,50.0,1.0,1.0,4.0,2152329,1.0,1,1,2,0.0,,0.0,0,1998.0,A01,138Â 298Â 015,1.0,0.0,-1.0,1643580,2.0,7,,0.0,2.0,7.0,B01,138Â 298Â 014,1.0
962976,201900004507,4,26,10:00,1,2,1,1.0,3.0,69259,PIERRE SEMARD                       (AV),M,"45,7060900","4,8778500",69,2019,50.0,1.0,1.0,4.0,2152329,1.0,1,1,2,0.0,,0.0,0,1998.0,A01,138Â 298Â 015,1.0,0.0,-1.0,1643581,2.0,7,,0.0,2.0,1.0,A01,138Â 298Â 015,1.0
962977,201900004508,4,26,07:15,1,2,2,1.0,4.0,69383,FELIX FAURE                         (AV),M,"45,7544700","4,8661300",69,2019,50.0,1.0,1.0,4.0,2152330,1.0,1,4,1,5.0,,-1.0, -1,1967.0,D01,138Â 298Â 010,1.0,0.0,-1.0,1643582,2.0,7,,0.0,2.0,1.0,D01,138Â 298Â 010,1.0
962977,201900004508,4,26,07:15,1,2,2,1.0,4.0,69383,FELIX FAURE                         (AV),M,"45,7544700","4,8661300",69,2019,50.0,1.0,1.0,4.0,2152330,1.0,1,4,1,5.0,,-1.0, -1,1967.0,D01,138Â 298Â 010,1.0,0.0,-1.0,1643583,1.0,7,,0.0,2.0,4.0,C01,138Â 298Â 011,1.0
962977,201900004508,4,26,07:15,1,2,2,1.0,4.0,69383,FELIX FAURE                         (AV),M,"45,7544700","4,8661300",69,2019,50.0,1.0,1.0,4.0,2152330,1.0,1,4,1,5.0,,-1.0, -1,1967.0,D01,138Â 298Â 010,1.0,0.0,-1.0,1643584,2.0,7,,0.0,2.0,1.0,B01,138Â 298Â 012,1.0
962977,201900004508,4,26,07:15,1,2,2,1.0,4.0,69383,FELIX FAURE                         (AV),M,"45,7544700","4,8661300",69,2019,50.0,1.0,1.0,4.0,2152330,1.0,1,4,1,5.0,,-1.0, -1,1967.0,D01,138Â 298Â 010,1.0,0.0,-1.0,1643585,2.0,10,,15.0,2.0,1.0,A01,138Â 298Â 013,1.0