Unnamed: 0_x,num_acc,mois,jour,hrmn,lum,agg,int,atm,col,com,adr,gps,lat,long,dep,annee,vma,situ,surf,catr,Unnamed: 0_y,place,catu,grav,sexe,trajet,secu,locp,actp,an_nais,num_veh_x,id_vehicule_x,secu1,secu2,secu3,Unnamed: 0,senc,catv,occutc,obs,obsm,choc,num_veh_y,id_vehicule_y,motor
962977,201900004508,4,26,07:15,1,2,2,1.0,4.0,69383,FELIX FAURE                         (AV),M,"45,7544700","4,8661300",69,2019,50.0,1.0,1.0,4.0,2152331,1.0,1,1,1,1.0,,-1.0, -1,1993.0,C01,138Â 298Â 011,1.0,0.0,-1.0,1643582,2.0,7,,0.0,2.0,1.0,D01,138Â 298Â 010,1.0
962977,201900004508,4,26,07:15,1,2,2,1.0,4.0,69383,FELIX FAURE                         (AV),M,"45,7544700","4,8661300",69,2019,50.0,1.0,1.0,4.0,2152331,1.0,1,1,1,1.0,,-1.0, -1,1993.0,C01,138Â 298Â 011,1.0,0.0,-1.0,1643583,1.0,7,,0.0,2.0,4.0,C01,138Â 298Â 011,1.0
962977,201900004508,4,26,07:15,1,2,2,1.0,4.0,69383,FELIX FAURE                         (AV),M,"45,7544700","4,8661300",69,2019,50.0,1.0,1.0,4.0,2152331,1.0,1,1,1,1.0,,-1.0, -1,1993.0,C01,138Â 298Â 011,1.0,0.0,-1.0,1643584,2.0,7,,0.0,2.0,1.0,B01,138Â 298Â 012,1.0
962977,201900004508,4,26,07:15,1,2,2,1.0,4.0,69383,FELIX FAURE                         (AV),M,"45,7544700","4,8661300",69,2019,50.0,1.0,1.0,4.0,2152331,1.0,1,1,1,1.0,,-1.0, -1,1993.0,C01,138Â 298Â 011,1.0,0.0,-1.0,1643585,2.0,10,,15.0,2.0,1.0,A01,138Â 298Â 013,1.0
962977,201900004508,4,26,07:15,1,2,2,1.0,4.0,69383,FELIX FAURE                         (AV),M,"45,7544700","4,8661300",69,2019,50.0,1.0,1.0,4.0,2152332,1.0,1,4,1,1.0,,-1.0,0,2000.0,B01,138Â 298Â 012,1.0,0.0,-1.0,1643582,2.0,7,,0.0,2.0,1.0,D01,138Â 298Â 010,1.0
962977,201900004508,4,26,07:15,1,2,2,1.0,4.0,69383,FELIX FAURE                         (AV),M,"45,7544700","4,8661300",69,2019,50.0,1.0,1.0,4.0,2152332,1.0,1,4,1,1.0,,-1.0,0,2000.0,B01,138Â 298Â 012,1.0,0.0,-1.0,1643583,1.0,7,,0.0,2.0,4.0,C01,138Â 298Â 011,1.0
962977,201900004508,4,26,07:15,1,2,2,1.0,4.0,69383,FELIX FAURE                         (AV),M,"45,7544700","4,8661300",69,2019,50.0,1.0,1.0,4.0,2152332,1.0,1,4,1,1.0,,-1.0,0,2000.0,B01,138Â 298Â 012,1.0,0.0,-1.0,1643584,2.0,7,,0.0,2.0,1.0,B01,138Â 298Â 012,1.0
962977,201900004508,4,26,07:15,1,2,2,1.0,4.0,69383,FELIX FAURE                         (AV),M,"45,7544700","4,8661300",69,2019,50.0,1.0,1.0,4.0,2152332,1.0,1,4,1,1.0,,-1.0,0,2000.0,B01,138Â 298Â 012,1.0,0.0,-1.0,1643585,2.0,10,,15.0,2.0,1.0,A01,138Â 298Â 013,1.0
962977,201900004508,4,26,07:15,1,2,2,1.0,4.0,69383,FELIX FAURE                         (AV),M,"45,7544700","4,8661300",69,2019,50.0,1.0,1.0,4.0,2152333,1.0,1,4,1,4.0,,-1.0,0,1999.0,A01,138Â 298Â 013,1.0,0.0,-1.0,1643582,2.0,7,,0.0,2.0,1.0,D01,138Â 298Â 010,1.0
962977,201900004508,4,26,07:15,1,2,2,1.0,4.0,69383,FELIX FAURE                         (AV),M,"45,7544700","4,8661300",69,2019,50.0,1.0,1.0,4.0,2152333,1.0,1,4,1,4.0,,-1.0,0,1999.0,A01,138Â 298Â 013,1.0,0.0,-1.0,1643583,1.0,7,,0.0,2.0,4.0,C01,138Â 298Â 011,1.0
962977,201900004508,4,26,07:15,1,2,2,1.0,4.0,69383,FELIX FAURE                         (AV),M,"45,7544700","4,8661300",69,2019,50.0,1.0,1.0,4.0,2152333,1.0,1,4,1,4.0,,-1.0,0,1999.0,A01,138Â 298Â 013,1.0,0.0,-1.0,1643584,2.0,7,,0.0,2.0,1.0,B01,138Â 298Â 012,1.0
962977,201900004508,4,26,07:15,1,2,2,1.0,4.0,69383,FELIX FAURE                         (AV),M,"45,7544700","4,8661300",69,2019,50.0,1.0,1.0,4.0,2152333,1.0,1,4,1,4.0,,-1.0,0,1999.0,A01,138Â 298Â 013,1.0,0.0,-1.0,1643585,2.0,10,,15.0,2.0,1.0,A01,138Â 298Â 013,1.0
962978,201900004509,4,24,14:50,1,2,9,1.0,4.0,69388,ROCKEFELLER                         (AV),M,"45,7410600","4,8867500",69,2019,50.0,1.0,1.0,4.0,2152334,1.0,1,1,1,0.0,,-1.0,0,1949.0,D01,138Â 298Â 006,1.0,0.0,-1.0,1643586,2.0,7,,0.0,2.0,1.0,D01,138Â 298Â 006,3.0
962978,201900004509,4,24,14:50,1,2,9,1.0,4.0,69388,ROCKEFELLER                         (AV),M,"45,7410600","4,8867500",69,2019,50.0,1.0,1.0,4.0,2152334,1.0,1,1,1,0.0,,-1.0,0,1949.0,D01,138Â 298Â 006,1.0,0.0,-1.0,1643587,2.0,7,,0.0,2.0,1.0,C01,138Â 298Â 007,1.0
962978,201900004509,4,24,14:50,1,2,9,1.0,4.0,69388,ROCKEFELLER                         (AV),M,"45,7410600","4,8867500",69,2019,50.0,1.0,1.0,4.0,2152334,1.0,1,1,1,0.0,,-1.0,0,1949.0,D01,138Â 298Â 006,1.0,0.0,-1.0,1643588,2.0,7,,0.0,2.0,1.0,B01,138Â 298Â 008,1.0
962978,201900004509,4,24,14:50,1,2,9,1.0,4.0,69388,ROCKEFELLER                         (AV),M,"45,7410600","4,8867500",69,2019,50.0,1.0,1.0,4.0,2152334,1.0,1,1,1,0.0,,-1.0,0,1949.0,D01,138Â 298Â 006,1.0,0.0,-1.0,1643589,2.0,7,,0.0,2.0,4.0,A01,138Â 298Â 009,1.0
962978,201900004509,4,24,14:50,1,2,9,1.0,4.0,69388,ROCKEFELLER                         (AV),M,"45,7410600","4,8867500",69,2019,50.0,1.0,1.0,4.0,2152335,1.0,1,1,1,9.0,,0.0,0,1969.0,C01,138Â 298Â 007,1.0,0.0,-1.0,1643586,2.0,7,,0.0,2.0,1.0,D01,138Â 298Â 006,3.0
962978,201900004509,4,24,14:50,1,2,9,1.0,4.0,69388,ROCKEFELLER                         (AV),M,"45,7410600","4,8867500",69,2019,50.0,1.0,1.0,4.0,2152335,1.0,1,1,1,9.0,,0.0,0,1969.0,C01,138Â 298Â 007,1.0,0.0,-1.0,1643587,2.0,7,,0.0,2.0,1.0,C01,138Â 298Â 007,1.0
962978,201900004509,4,24,14:50,1,2,9,1.0,4.0,69388,ROCKEFELLER                         (AV),M,"45,7410600","4,8867500",69,2019,50.0,1.0,1.0,4.0,2152335,1.0,1,1,1,9.0,,0.0,0,1969.0,C01,138Â 298Â 007,1.0,0.0,-1.0,1643588,2.0,7,,0.0,2.0,1.0,B01,138Â 298Â 008,1.0
962978,201900004509,4,24,14:50,1,2,9,1.0,4.0,69388,ROCKEFELLER                         (AV),M,"45,7410600","4,8867500",69,2019,50.0,1.0,1.0,4.0,2152335,1.0,1,1,1,9.0,,0.0,0,1969.0,C01,138Â 298Â 007,1.0,0.0,-1.0,1643589,2.0,7,,0.0,2.0,4.0,A01,138Â 298Â 009,1.0
962978,201900004509,4,24,14:50,1,2,9,1.0,4.0,69388,ROCKEFELLER                         (AV),M,"45,7410600","4,8867500",69,2019,50.0,1.0,1.0,4.0,2152336,2.0,2,4,1,9.0,,0.0,0,1949.0,C01,138Â 298Â 007,1.0,0.0,-1.0,1643586,2.0,7,,0.0,2.0,1.0,D01,138Â 298Â 006,3.0
962978,201900004509,4,24,14:50,1,2,9,1.0,4.0,69388,ROCKEFELLER                         (AV),M,"45,7410600","4,8867500",69,2019,50.0,1.0,1.0,4.0,2152336,2.0,2,4,1,9.0,,0.0,0,1949.0,C01,138Â 298Â 007,1.0,0.0,-1.0,1643587,2.0,7,,0.0,2.0,1.0,C01,138Â 298Â 007,1.0
962978,201900004509,4,24,14:50,1,2,9,1.0,4.0,69388,ROCKEFELLER                         (AV),M,"45,7410600","4,8867500",69,2019,50.0,1.0,1.0,4.0,2152336,2.0,2,4,1,9.0,,0.0,0,1949.0,C01,138Â 298Â 007,1.0,0.0,-1.0,1643588,2.0,7,,0.0,2.0,1.0,B01,138Â 298Â 008,1.0
962978,201900004509,4,24,14:50,1,2,9,1.0,4.0,69388,ROCKEFELLER                         (AV),M,"45,7410600","4,8867500",69,2019,50.0,1.0,1.0,4.0,2152336,2.0,2,4,1,9.0,,0.0,0,1949.0,C01,138Â 298Â 007,1.0,0.0,-1.0,1643589,2.0,7,,0.0,2.0,4.0,A01,138Â 298Â 009,1.0
962978,201900004509,4,24,14:50,1,2,9,1.0,4.0,69388,ROCKEFELLER                         (AV),M,"45,7410600","4,8867500",69,2019,50.0,1.0,1.0,4.0,2152337,1.0,1,1,1,9.0,,-1.0, -1,1976.0,B01,138Â 298Â 008,1.0,0.0,-1.0,1643586,2.0,7,,0.0,2.0,1.0,D01,138Â 298Â 006,3.0
962978,201900004509,4,24,14:50,1,2,9,1.0,4.0,69388,ROCKEFELLER                         (AV),M,"45,7410600","4,8867500",69,2019,50.0,1.0,1.0,4.0,2152337,1.0,1,1,1,9.0,,-1.0, -1,1976.0,B01,138Â 298Â 008,1.0,0.0,-1.0,1643587,2.0,7,,0.0,2.0,1.0,C01,138Â 298Â 007,1.0
962978,201900004509,4,24,14:50,1,2,9,1.0,4.0,69388,ROCKEFELLER                         (AV),M,"45,7410600","4,8867500",69,2019,50.0,1.0,1.0,4.0,2152337,1.0,1,1,1,9.0,,-1.0, -1,1976.0,B01,138Â 298Â 008,1.0,0.0,-1.0,1643588,2.0,7,,0.0,2.0,1.0,B01,138Â 298Â 008,1.0
962978,201900004509,4,24,14:50,1,2,9,1.0,4.0,69388,ROCKEFELLER                         (AV),M,"45,7410600","4,8867500",69,2019,50.0,1.0,1.0,4.0,2152337,1.0,1,1,1,9.0,,-1.0, -1,1976.0,B01,138Â 298Â 008,1.0,0.0,-1.0,1643589,2.0,7,,0.0,2.0,4.0,A01,138Â 298Â 009,1.0
962978,201900004509,4,24,14:50,1,2,9,1.0,4.0,69388,ROCKEFELLER                         (AV),M,"45,7410600","4,8867500",69,2019,50.0,1.0,1.0,4.0,2152338,1.0,1,1,1,0.0,,0.0,0,1988.0,A01,138Â 298Â 009,1.0,0.0,-1.0,1643586,2.0,7,,0.0,2.0,1.0,D01,138Â 298Â 006,3.0
962978,201900004509,4,24,14:50,1,2,9,1.0,4.0,69388,ROCKEFELLER                         (AV),M,"45,7410600","4,8867500",69,2019,50.0,1.0,1.0,4.0,2152338,1.0,1,1,1,0.0,,0.0,0,1988.0,A01,138Â 298Â 009,1.0,0.0,-1.0,1643587,2.0,7,,0.0,2.0,1.0,C01,138Â 298Â 007,1.0
962978,201900004509,4,24,14:50,1,2,9,1.0,4.0,69388,ROCKEFELLER                         (AV),M,"45,7410600","4,8867500",69,2019,50.0,1.0,1.0,4.0,2152338,1.0,1,1,1,0.0,,0.0,0,1988.0,A01,138Â 298Â 009,1.0,0.0,-1.0,1643588,2.0,7,,0.0,2.0,1.0,B01,138Â 298Â 008,1.0
962978,201900004509,4,24,14:50,1,2,9,1.0,4.0,69388,ROCKEFELLER                         (AV),M,"45,7410600","4,8867500",69,2019,50.0,1.0,1.0,4.0,2152338,1.0,1,1,1,0.0,,0.0,0,1988.0,A01,138Â 298Â 009,1.0,0.0,-1.0,1643589,2.0,7,,0.0,2.0,4.0,A01,138Â 298Â 009,1.0
962979,201900004510,4,23,12:55,1,2,1,1.0,6.0,69386,WALDECK ROUSSEAU                    (R ),M,"45,7686800","4,8581200",69,2019,50.0,1.0,1.0,4.0,2152339,1.0,1,1,1,0.0,,0.0,0,1981.0,A01,138Â 298Â 004,1.0,0.0,-1.0,1643590,1.0,7,,0.0,0.0,0.0,A01,138Â 298Â 004,1.0
962979,201900004510,4,23,12:55,1,2,1,1.0,6.0,69386,WALDECK ROUSSEAU                    (R ),M,"45,7686800","4,8581200",69,2019,50.0,1.0,1.0,4.0,2152339,1.0,1,1,1,0.0,,0.0,0,1981.0,A01,138Â 298Â 004,1.0,0.0,-1.0,1643591,1.0,33,,0.0,2.0,0.0,B01,138Â 298Â 005,1.0
962979,201900004510,4,23,12:55,1,2,1,1.0,6.0,69386,WALDECK ROUSSEAU                    (R ),M,"45,7686800","4,8581200",69,2019,50.0,1.0,1.0,4.0,2152340,1.0,1,4,2,9.0,,0.0,0,1967.0,B01,138Â 298Â 005,2.0,0.0,-1.0,1643590,1.0,7,,0.0,0.0,0.0,A01,138Â 298Â 004,1.0
962979,201900004510,4,23,12:55,1,2,1,1.0,6.0,69386,WALDECK ROUSSEAU                    (R ),M,"45,7686800","4,8581200",69,2019,50.0,1.0,1.0,4.0,2152340,1.0,1,4,2,9.0,,0.0,0,1967.0,B01,138Â 298Â 005,2.0,0.0,-1.0,1643591,1.0,33,,0.0,2.0,0.0,B01,138Â 298Â 005,1.0
962980,201900004511,4,23,13:05,1,2,2,1.0,3.0,69386,PIERRE CORNEILLE                    (R ),M,"45,7636300","4,8438600",69,2019,50.0,1.0,2.0,4.0,2152341,1.0,1,1,1,4.0,,0.0,0,1968.0,B01,138Â 298Â 002,8.0,0.0,-1.0,1643592,1.0,7,,0.0,2.0,3.0,B01,138Â 298Â 002,1.0
962980,201900004511,4,23,13:05,1,2,2,1.0,3.0,69386,PIERRE CORNEILLE                    (R ),M,"45,7636300","4,8438600",69,2019,50.0,1.0,2.0,4.0,2152341,1.0,1,1,1,4.0,,0.0,0,1968.0,B01,138Â 298Â 002,8.0,0.0,-1.0,1643593,2.0,1,,0.0,2.0,1.0,A01,138Â 298Â 003,5.0
962980,201900004511,4,23,13:05,1,2,2,1.0,3.0,69386,PIERRE CORNEILLE                    (R ),M,"45,7636300","4,8438600",69,2019,50.0,1.0,2.0,4.0,2152342,1.0,1,4,1,4.0,,0.0,0,1997.0,A01,138Â 298Â 003,8.0,0.0,-1.0,1643592,1.0,7,,0.0,2.0,3.0,B01,138Â 298Â 002,1.0
962980,201900004511,4,23,13:05,1,2,2,1.0,3.0,69386,PIERRE CORNEILLE                    (R ),M,"45,7636300","4,8438600",69,2019,50.0,1.0,2.0,4.0,2152342,1.0,1,4,1,4.0,,0.0,0,1997.0,A01,138Â 298Â 003,8.0,0.0,-1.0,1643593,2.0,1,,0.0,2.0,1.0,A01,138Â 298Â 003,5.0
962981,201900004512,4,22,15:45,1,2,1,1.0,3.0,69259,MARTYRS DE LA RESISTANCE (DES)      (AV),M,"45,6919000","4,8722900",69,2019,50.0,1.0,1.0,4.0,2152343,1.0,1,1,1,0.0,,0.0,0,1999.0,B01,138Â 298Â 000,1.0,0.0,-1.0,1643594,3.0,7,,0.0,2.0,3.0,B01,138Â 298Â 000,1.0
962981,201900004512,4,22,15:45,1,2,1,1.0,3.0,69259,MARTYRS DE LA RESISTANCE (DES)      (AV),M,"45,6919000","4,8722900",69,2019,50.0,1.0,1.0,4.0,2152343,1.0,1,1,1,0.0,,0.0,0,1999.0,B01,138Â 298Â 000,1.0,0.0,-1.0,1643595,1.0,31,,0.0,2.0,2.0,A01,138Â 298Â 001,0.0
962981,201900004512,4,22,15:45,1,2,1,1.0,3.0,69259,MARTYRS DE LA RESISTANCE (DES)      (AV),M,"45,6919000","4,8722900",69,2019,50.0,1.0,1.0,4.0,2152344,1.0,1,4,1,0.0,,0.0,0,1986.0,A01,138Â 298Â 001,8.0,0.0,-1.0,1643594,3.0,7,,0.0,2.0,3.0,B01,138Â 298Â 000,1.0
962981,201900004512,4,22,15:45,1,2,1,1.0,3.0,69259,MARTYRS DE LA RESISTANCE (DES)      (AV),M,"45,6919000","4,8722900",69,2019,50.0,1.0,1.0,4.0,2152344,1.0,1,4,1,0.0,,0.0,0,1986.0,A01,138Â 298Â 001,8.0,0.0,-1.0,1643595,1.0,31,,0.0,2.0,2.0,A01,138Â 298Â 001,0.0
962982,201900004513,4,22,11:15,1,2,2,1.0,1.0,69386,NEY                                 (R ),M,"45,7677000","4,8555700",69,2019,50.0,1.0,1.0,4.0,2152345,1.0,1,3,1,1.0,,0.0,0,1985.0,B01,138Â 297Â 998,2.0,0.0,-1.0,1643596,2.0,2,,0.0,2.0,8.0,B01,138Â 297Â 998,0.0
962982,201900004513,4,22,11:15,1,2,2,1.0,1.0,69386,NEY                                 (R ),M,"45,7677000","4,8555700",69,2019,50.0,1.0,1.0,4.0,2152345,1.0,1,3,1,1.0,,0.0,0,1985.0,B01,138Â 297Â 998,2.0,0.0,-1.0,1643597,1.0,7,,0.0,2.0,1.0,A01,138Â 297Â 999,0.0
962982,201900004513,4,22,11:15,1,2,2,1.0,1.0,69386,NEY                                 (R ),M,"45,7677000","4,8555700",69,2019,50.0,1.0,1.0,4.0,2152346,1.0,1,1,1,0.0,,0.0,0,1973.0,A01,138Â 297Â 999,1.0,0.0,-1.0,1643596,2.0,2,,0.0,2.0,8.0,B01,138Â 297Â 998,0.0
962982,201900004513,4,22,11:15,1,2,2,1.0,1.0,69386,NEY                                 (R ),M,"45,7677000","4,8555700",69,2019,50.0,1.0,1.0,4.0,2152346,1.0,1,1,1,0.0,,0.0,0,1973.0,A01,138Â 297Â 999,1.0,0.0,-1.0,1643597,1.0,7,,0.0,2.0,1.0,A01,138Â 297Â 999,0.0
962983,201900004514,4,20,20:50,2,2,1,1.0,3.0,69388,MONTAGNY (DE)                       (R ),M,"45,7357900","4,8505400",69,2019,50.0,1.0,1.0,4.0,2152347,1.0,1,1,1,5.0,,0.0,0,1967.0,A01,138Â 297Â 996,8.0,0.0,-1.0,1643598,3.0,7,,0.0,2.0,8.0,A01,138Â 297Â 996,1.0
962983,201900004514,4,20,20:50,2,2,1,1.0,3.0,69388,MONTAGNY (DE)                       (R ),M,"45,7357900","4,8505400",69,2019,50.0,1.0,1.0,4.0,2152347,1.0,1,1,1,5.0,,0.0,0,1967.0,A01,138Â 297Â 996,8.0,0.0,-1.0,1643599,1.0,34,,0.0,2.0,1.0,B01,138Â 297Â 997,1.0
962983,201900004514,4,20,20:50,2,2,1,1.0,3.0,69388,MONTAGNY (DE)                       (R ),M,"45,7357900","4,8505400",69,2019,50.0,1.0,1.0,4.0,2152348,2.0,2,4,1,0.0,,-1.0,0,1990.0,B01,138Â 297Â 997,2.0,0.0,-1.0,1643598,3.0,7,,0.0,2.0,8.0,A01,138Â 297Â 996,1.0
962983,201900004514,4,20,20:50,2,2,1,1.0,3.0,69388,MONTAGNY (DE)                       (R ),M,"45,7357900","4,8505400",69,2019,50.0,1.0,1.0,4.0,2152348,2.0,2,4,1,0.0,,-1.0,0,1990.0,B01,138Â 297Â 997,2.0,0.0,-1.0,1643599,1.0,34,,0.0,2.0,1.0,B01,138Â 297Â 997,1.0
962983,201900004514,4,20,20:50,2,2,1,1.0,3.0,69388,MONTAGNY (DE)                       (R ),M,"45,7357900","4,8505400",69,2019,50.0,1.0,1.0,4.0,2152349,1.0,1,4,1,0.0,,0.0,0,1991.0,B01,138Â 297Â 997,2.0,0.0,-1.0,1643598,3.0,7,,0.0,2.0,8.0,A01,138Â 297Â 996,1.0
962983,201900004514,4,20,20:50,2,2,1,1.0,3.0,69388,MONTAGNY (DE)                       (R ),M,"45,7357900","4,8505400",69,2019,50.0,1.0,1.0,4.0,2152349,1.0,1,4,1,0.0,,0.0,0,1991.0,B01,138Â 297Â 997,2.0,0.0,-1.0,1643599,1.0,34,,0.0,2.0,1.0,B01,138Â 297Â 997,1.0
962984,201900004515,4,20,18:30,1,2,2,1.0,6.0,69386,LOUIS BLANC                         (R ),M,"45,7651300","4,8531900",69,2019,50.0,1.0,1.0,4.0,2152350,1.0,1,1,2,0.0,,0.0,0,1993.0,A01,138Â 297Â 995,1.0,0.0,-1.0,1643600,1.0,7,,0.0,1.0,3.0,A01,138Â 297Â 995,0.0
962984,201900004515,4,20,18:30,1,2,2,1.0,6.0,69386,LOUIS BLANC                         (R ),M,"45,7651300","4,8531900",69,2019,50.0,1.0,1.0,4.0,2152351,10.0,3,4,1,0.0,,0.0,0,1994.0,A01,138Â 297Â 995,8.0,0.0,-1.0,1643600,1.0,7,,0.0,1.0,3.0,A01,138Â 297Â 995,0.0
962985,201900004516,4,20,15:45,1,2,1,1.0,6.0,69387,MARSEILLE (DE)                      (R ),M,"45,7516000","4,8400000",69,2019,50.0,1.0,1.0,4.0,2152352,10.0,3,4,2,0.0,,2.0,3,1999.0,A01,138Â 297Â 994,8.0,0.0,-1.0,1643601,1.0,0,,0.0,1.0,1.0,A01,138Â 297Â 994,0.0
962986,201900004517,4,20,03:15,5,2,2,1.0,3.0,69387,YVES FARGES                         (BD),M,"45,7433877","4,8342687",69,2019,50.0,1.0,1.0,7.0,2152353,1.0,1,4,1,5.0,,-1.0,0,2000.0,B01,138Â 297Â 992,8.0,0.0,-1.0,1643602,1.0,7,,0.0,2.0,1.0,B01,138Â 297Â 992,1.0
962986,201900004517,4,20,03:15,5,2,2,1.0,3.0,69387,YVES FARGES                         (BD),M,"45,7433877","4,8342687",69,2019,50.0,1.0,1.0,7.0,2152353,1.0,1,4,1,5.0,,-1.0,0,2000.0,B01,138Â 297Â 992,8.0,0.0,-1.0,1643603,2.0,7,,8.0,2.0,8.0,A01,138Â 297Â 993,1.0
962986,201900004517,4,20,03:15,5,2,2,1.0,3.0,69387,YVES FARGES                         (BD),M,"45,7433877","4,8342687",69,2019,50.0,1.0,1.0,7.0,2152354,2.0,2,1,1,5.0,,-1.0,0,2000.0,B01,138Â 297Â 992,8.0,0.0,-1.0,1643602,1.0,7,,0.0,2.0,1.0,B01,138Â 297Â 992,1.0
962986,201900004517,4,20,03:15,5,2,2,1.0,3.0,69387,YVES FARGES                         (BD),M,"45,7433877","4,8342687",69,2019,50.0,1.0,1.0,7.0,2152354,2.0,2,1,1,5.0,,-1.0,0,2000.0,B01,138Â 297Â 992,8.0,0.0,-1.0,1643603,2.0,7,,8.0,2.0,8.0,A01,138Â 297Â 993,1.0
962986,201900004517,4,20,03:15,5,2,2,1.0,3.0,69387,YVES FARGES                         (BD),M,"45,7433877","4,8342687",69,2019,50.0,1.0,1.0,7.0,2152355,2.0,2,4,1,5.0,,0.0,0,1999.0,A01,138Â 297Â 993,8.0,0.0,-1.0,1643602,1.0,7,,0.0,2.0,1.0,B01,138Â 297Â 992,1.0
962986,201900004517,4,20,03:15,5,2,2,1.0,3.0,69387,YVES FARGES                         (BD),M,"45,7433877","4,8342687",69,2019,50.0,1.0,1.0,7.0,2152355,2.0,2,4,1,5.0,,0.0,0,1999.0,A01,138Â 297Â 993,8.0,0.0,-1.0,1643603,2.0,7,,8.0,2.0,8.0,A01,138Â 297Â 993,1.0
962986,201900004517,4,20,03:15,5,2,2,1.0,3.0,69387,YVES FARGES                         (BD),M,"45,7433877","4,8342687",69,2019,50.0,1.0,1.0,7.0,2152356,3.0,2,1,2,0.0,,0.0,0,2001.0,A01,138Â 297Â 993,8.0,0.0,-1.0,1643602,1.0,7,,0.0,2.0,1.0,B01,138Â 297Â 992,1.0
962986,201900004517,4,20,03:15,5,2,2,1.0,3.0,69387,YVES FARGES                         (BD),M,"45,7433877","4,8342687",69,2019,50.0,1.0,1.0,7.0,2152356,3.0,2,1,2,0.0,,0.0,0,2001.0,A01,138Â 297Â 993,8.0,0.0,-1.0,1643603,2.0,7,,8.0,2.0,8.0,A01,138Â 297Â 993,1.0
962986,201900004517,4,20,03:15,5,2,2,1.0,3.0,69387,YVES FARGES                         (BD),M,"45,7433877","4,8342687",69,2019,50.0,1.0,1.0,7.0,2152357,4.0,2,1,2,5.0,,-1.0,0,2001.0,A01,138Â 297Â 993,8.0,0.0,-1.0,1643602,1.0,7,,0.0,2.0,1.0,B01,138Â 297Â 992,1.0
962986,201900004517,4,20,03:15,5,2,2,1.0,3.0,69387,YVES FARGES                         (BD),M,"45,7433877","4,8342687",69,2019,50.0,1.0,1.0,7.0,2152357,4.0,2,1,2,5.0,,-1.0,0,2001.0,A01,138Â 297Â 993,8.0,0.0,-1.0,1643603,2.0,7,,8.0,2.0,8.0,A01,138Â 297Â 993,1.0
962986,201900004517,4,20,03:15,5,2,2,1.0,3.0,69387,YVES FARGES                         (BD),M,"45,7433877","4,8342687",69,2019,50.0,1.0,1.0,7.0,2152358,1.0,1,1,1,5.0,,-1.0, -1,1997.0,A01,138Â 297Â 993,8.0,0.0,-1.0,1643602,1.0,7,,0.0,2.0,1.0,B01,138Â 297Â 992,1.0
962986,201900004517,4,20,03:15,5,2,2,1.0,3.0,69387,YVES FARGES                         (BD),M,"45,7433877","4,8342687",69,2019,50.0,1.0,1.0,7.0,2152358,1.0,1,1,1,5.0,,-1.0, -1,1997.0,A01,138Â 297Â 993,8.0,0.0,-1.0,1643603,2.0,7,,8.0,2.0,8.0,A01,138Â 297Â 993,1.0
962987,201900004518,4,19,12:10,1,2,2,1.0,3.0,69383,VENDOME                             (R ),M,"45,7622364","4,8462582",69,2019,50.0,1.0,1.0,4.0,2152359,1.0,1,1,1,0.0,,0.0,0,1985.0,B01,138Â 297Â 990,1.0,0.0,-1.0,1643604,2.0,7,,0.0,2.0,5.0,B01,138Â 297Â 990,1.0
962987,201900004518,4,19,12:10,1,2,2,1.0,3.0,69383,VENDOME                             (R ),M,"45,7622364","4,8462582",69,2019,50.0,1.0,1.0,4.0,2152359,1.0,1,1,1,0.0,,0.0,0,1985.0,B01,138Â 297Â 990,1.0,0.0,-1.0,1643605,1.0,32,,0.0,2.0,1.0,A01,138Â 297Â 991,1.0