Unnamed: 0_x,num_acc,mois,jour,hrmn,lum,agg,int,atm,col,com,adr,gps,lat,long,dep,annee,vma,situ,surf,catr,Unnamed: 0_y,place,catu,grav,sexe,trajet,secu,locp,actp,an_nais,num_veh_x,id_vehicule_x,secu1,secu2,secu3,Unnamed: 0,senc,catv,occutc,obs,obsm,choc,num_veh_y,id_vehicule_y,motor
962987,201900004518,4,19,12:10,1,2,2,1.0,3.0,69383,VENDOME                             (R ),M,"45,7622364","4,8462582",69,2019,50.0,1.0,1.0,4.0,2152360,1.0,1,4,1,3.0,,0.0,0,1993.0,A01,138Â 297Â 991,2.0,0.0,-1.0,1643604,2.0,7,,0.0,2.0,5.0,B01,138Â 297Â 990,1.0
962987,201900004518,4,19,12:10,1,2,2,1.0,3.0,69383,VENDOME                             (R ),M,"45,7622364","4,8462582",69,2019,50.0,1.0,1.0,4.0,2152360,1.0,1,4,1,3.0,,0.0,0,1993.0,A01,138Â 297Â 991,2.0,0.0,-1.0,1643605,1.0,32,,0.0,2.0,1.0,A01,138Â 297Â 991,1.0
962988,201900004519,4,18,23:15,5,2,1,1.0,3.0,69388,VIENNE (DE)                         (RO),M,"45,7334099","4,8534036",69,2019,50.0,1.0,1.0,4.0,2152361,1.0,1,4,1,5.0,,-1.0, -1,1979.0,B01,138Â 297Â 988,2.0,8.0,-1.0,1643606,1.0,32,,14.0,0.0,1.0,B01,138Â 297Â 988,1.0
962988,201900004519,4,18,23:15,5,2,1,1.0,3.0,69388,VIENNE (DE)                         (RO),M,"45,7334099","4,8534036",69,2019,50.0,1.0,1.0,4.0,2152361,1.0,1,4,1,5.0,,-1.0, -1,1979.0,B01,138Â 297Â 988,2.0,8.0,-1.0,1643607,1.0,10,,0.0,0.0,0.0,A01,138Â 297Â 989,1.0
962988,201900004519,4,18,23:15,5,2,1,1.0,3.0,69388,VIENNE (DE)                         (RO),M,"45,7334099","4,8534036",69,2019,50.0,1.0,1.0,4.0,2152362,1.0,1,1,1,0.0,,-1.0, -1,1997.0,A01,138Â 297Â 989,1.0,0.0,-1.0,1643606,1.0,32,,14.0,0.0,1.0,B01,138Â 297Â 988,1.0
962988,201900004519,4,18,23:15,5,2,1,1.0,3.0,69388,VIENNE (DE)                         (RO),M,"45,7334099","4,8534036",69,2019,50.0,1.0,1.0,4.0,2152362,1.0,1,1,1,0.0,,-1.0, -1,1997.0,A01,138Â 297Â 989,1.0,0.0,-1.0,1643607,1.0,10,,0.0,0.0,0.0,A01,138Â 297Â 989,1.0
962989,201900004520,4,18,19:30,1,2,2,1.0,3.0,69383,ANTOINE CHARIAL                     (R ),M,"45,7582483","4,8659047",69,2019,30.0,1.0,1.0,4.0,2152363,1.0,1,3,1,0.0,,0.0,0,1965.0,B01,138Â 297Â 986,2.0,0.0,-1.0,1643608,1.0,32,,0.0,2.0,8.0,B01,138Â 297Â 986,0.0
962989,201900004520,4,18,19:30,1,2,2,1.0,3.0,69383,ANTOINE CHARIAL                     (R ),M,"45,7582483","4,8659047",69,2019,30.0,1.0,1.0,4.0,2152363,1.0,1,3,1,0.0,,0.0,0,1965.0,B01,138Â 297Â 986,2.0,0.0,-1.0,1643609,1.0,7,,0.0,2.0,1.0,A01,138Â 297Â 987,0.0
962990,201900004521,4,18,21:25,5,2,2,1.0,3.0,69383,EUGENIE                             (CO),M,"45,7444889","4,8878324",69,2019,50.0,1.0,1.0,4.0,2152364,1.0,1,4,1,0.0,,0.0, -1,1993.0,B01,138Â 297Â 985,2.0,6.0,-1.0,1643610,1.0,7,,0.0,2.0,0.0,A01,138Â 297Â 984,0.0
962990,201900004521,4,18,21:25,5,2,2,1.0,3.0,69383,EUGENIE                             (CO),M,"45,7444889","4,8878324",69,2019,50.0,1.0,1.0,4.0,2152364,1.0,1,4,1,0.0,,0.0, -1,1993.0,B01,138Â 297Â 985,2.0,6.0,-1.0,1643611,1.0,33,,0.0,2.0,2.0,B01,138Â 297Â 985,1.0
962991,201900004522,4,18,17:15,1,2,1,1.0,6.0,69266,MARC SANGNIER    (Avenue),M,"45,7589800","4,8760400",69,2019,50.0,1.0,1.0,4.0,2152365,10.0,3,4,1,5.0,,1.0,3,2006.0,A01,138Â 297Â 983,8.0,0.0,-1.0,1643612,1.0,7,,0.0,1.0,1.0,A01,138Â 297Â 983,0.0
962991,201900004522,4,18,17:15,1,2,1,1.0,6.0,69266,MARC SANGNIER    (Avenue),M,"45,7589800","4,8760400",69,2019,50.0,1.0,1.0,4.0,2152366,1.0,1,1,1,1.0,,0.0,0,1976.0,A01,138Â 297Â 983,1.0,0.0,-1.0,1643612,1.0,7,,0.0,1.0,1.0,A01,138Â 297Â 983,0.0
962992,201900004523,4,18,18:00,1,2,9,1.0,6.0,69259,LENINE                              (BD),M,"45,6969200","4,8634000",69,2019,30.0,1.0,1.0,4.0,2152367,10.0,3,3,1,5.0,,0.0,0,2012.0,A01,138Â 297Â 982,8.0,0.0,-1.0,1643613,3.0,99,,0.0,1.0,0.0,A01,138Â 297Â 982,1.0
962993,201900004524,4,17,20:25,1,2,1,1.0,7.0,69259,ROGER SALENGRO                      (R ),M,"45,7224790","4,8666215",69,2019,50.0,1.0,1.0,4.0,2152368,1.0,1,1,1,1.0,,0.0,0,1993.0,A01,138Â 297Â 981,1.0,0.0,-1.0,1643614,2.0,7,,0.0,1.0,2.0,A01,138Â 297Â 981,1.0
962993,201900004524,4,17,20:25,1,2,1,1.0,7.0,69259,ROGER SALENGRO                      (R ),M,"45,7224790","4,8666215",69,2019,50.0,1.0,1.0,4.0,2152369,10.0,3,4,1,0.0,,1.0,3,2012.0,A01,138Â 297Â 981,8.0,0.0,-1.0,1643614,2.0,7,,0.0,1.0,2.0,A01,138Â 297Â 981,1.0
962994,201900004525,4,26,07:38,5,1,1,2.0,6.0,97213,ROUTE DEPARTEMENTALE 15,M,"14,6224700"," -61,0017100",972,2019,70.0,1.0,2.0,3.0,2152370,1.0,1,1,1,5.0,,0.0,0,1956.0,A01,138Â 297Â 980,8.0,0.0,-1.0,1643615,1.0,7,,0.0,1.0,1.0,A01,138Â 297Â 980,1.0
962994,201900004525,4,26,07:38,5,1,1,2.0,6.0,97213,ROUTE DEPARTEMENTALE 15,M,"14,6224700"," -61,0017100",972,2019,70.0,1.0,2.0,3.0,2152371,10.0,3,4,1,0.0,,1.0,3,1967.0,A01,138Â 297Â 980,8.0,0.0,-1.0,1643615,1.0,7,,0.0,1.0,1.0,A01,138Â 297Â 980,1.0
962995,201900004526,4,23,07:00,1,1,1,1.0,5.0,97213,ROUTE DEPARTEMENTALE 3,M,"14,6484400"," -60,9881000",972,2019,70.0,1.0,1.0,3.0,2152372,1.0,1,4,2,9.0,,-1.0,0,1980.0,A01,138Â 297Â 977,1.0,5.0,-1.0,1643616,2.0,7,,0.0,2.0,3.0,A01,138Â 297Â 977,1.0
962995,201900004526,4,23,07:00,1,1,1,1.0,5.0,97213,ROUTE DEPARTEMENTALE 3,M,"14,6484400"," -60,9881000",972,2019,70.0,1.0,1.0,3.0,2152372,1.0,1,4,2,9.0,,-1.0,0,1980.0,A01,138Â 297Â 977,1.0,5.0,-1.0,1643617,1.0,7,,0.0,2.0,1.0,C01,138Â 297Â 978,1.0
962995,201900004526,4,23,07:00,1,1,1,1.0,5.0,97213,ROUTE DEPARTEMENTALE 3,M,"14,6484400"," -60,9881000",972,2019,70.0,1.0,1.0,3.0,2152372,1.0,1,4,2,9.0,,-1.0,0,1980.0,A01,138Â 297Â 977,1.0,5.0,-1.0,1643618,1.0,7,,0.0,2.0,6.0,B01,138Â 297Â 979,1.0
962995,201900004526,4,23,07:00,1,1,1,1.0,5.0,97213,ROUTE DEPARTEMENTALE 3,M,"14,6484400"," -60,9881000",972,2019,70.0,1.0,1.0,3.0,2152373,1.0,1,1,1,0.0,,-1.0,0,1964.0,C01,138Â 297Â 978,1.0,5.0,-1.0,1643616,2.0,7,,0.0,2.0,3.0,A01,138Â 297Â 977,1.0
962995,201900004526,4,23,07:00,1,1,1,1.0,5.0,97213,ROUTE DEPARTEMENTALE 3,M,"14,6484400"," -60,9881000",972,2019,70.0,1.0,1.0,3.0,2152373,1.0,1,1,1,0.0,,-1.0,0,1964.0,C01,138Â 297Â 978,1.0,5.0,-1.0,1643617,1.0,7,,0.0,2.0,1.0,C01,138Â 297Â 978,1.0
962995,201900004526,4,23,07:00,1,1,1,1.0,5.0,97213,ROUTE DEPARTEMENTALE 3,M,"14,6484400"," -60,9881000",972,2019,70.0,1.0,1.0,3.0,2152373,1.0,1,1,1,0.0,,-1.0,0,1964.0,C01,138Â 297Â 978,1.0,5.0,-1.0,1643618,1.0,7,,0.0,2.0,6.0,B01,138Â 297Â 979,1.0
962995,201900004526,4,23,07:00,1,1,1,1.0,5.0,97213,ROUTE DEPARTEMENTALE 3,M,"14,6484400"," -60,9881000",972,2019,70.0,1.0,1.0,3.0,2152374,1.0,1,1,1,4.0,,-1.0,0,1963.0,B01,138Â 297Â 979,1.0,5.0,-1.0,1643616,2.0,7,,0.0,2.0,3.0,A01,138Â 297Â 977,1.0
962995,201900004526,4,23,07:00,1,1,1,1.0,5.0,97213,ROUTE DEPARTEMENTALE 3,M,"14,6484400"," -60,9881000",972,2019,70.0,1.0,1.0,3.0,2152374,1.0,1,1,1,4.0,,-1.0,0,1963.0,B01,138Â 297Â 979,1.0,5.0,-1.0,1643617,1.0,7,,0.0,2.0,1.0,C01,138Â 297Â 978,1.0
962995,201900004526,4,23,07:00,1,1,1,1.0,5.0,97213,ROUTE DEPARTEMENTALE 3,M,"14,6484400"," -60,9881000",972,2019,70.0,1.0,1.0,3.0,2152374,1.0,1,1,1,4.0,,-1.0,0,1963.0,B01,138Â 297Â 979,1.0,5.0,-1.0,1643618,1.0,7,,0.0,2.0,6.0,B01,138Â 297Â 979,1.0
962996,201900004527,4,18,20:40,3,2,1,1.0,7.0,97213,ROUTE NATIONALE 1,M,"14,6195990"," -60,9946890",972,2019,70.0,1.0,1.0,2.0,2152375,1.0,1,4,1,9.0,,-1.0,0,1992.0,A01,138Â 297Â 976,1.0,8.0,-1.0,1643619,2.0,10,,4.0,2.0,9.0,A01,138Â 297Â 976,1.0
962997,201900004528,4,26,13:20,1,2,1,1.0,2.0,97209,RD 41 (ROCADE),M,"14,6116200"," -61,0652500",972,2019,60.0,1.0,1.0,3.0,2152376,1.0,1,1,1,0.0,,0.0,0,1997.0,A01,138Â 297Â 974,1.0,0.0,-1.0,1643620,1.0,7,,0.0,2.0,1.0,A01,138Â 297Â 974,1.0
962997,201900004528,4,26,13:20,1,2,1,1.0,2.0,97209,RD 41 (ROCADE),M,"14,6116200"," -61,0652500",972,2019,60.0,1.0,1.0,3.0,2152376,1.0,1,1,1,0.0,,0.0,0,1997.0,A01,138Â 297Â 974,1.0,0.0,-1.0,1643621,1.0,7,,0.0,2.0,4.0,B01,138Â 297Â 975,1.0
962997,201900004528,4,26,13:20,1,2,1,1.0,2.0,97209,RD 41 (ROCADE),M,"14,6116200"," -61,0652500",972,2019,60.0,1.0,1.0,3.0,2152377,1.0,1,1,1,0.0,,0.0,0,1973.0,B01,138Â 297Â 975,1.0,0.0,-1.0,1643620,1.0,7,,0.0,2.0,1.0,A01,138Â 297Â 974,1.0
962997,201900004528,4,26,13:20,1,2,1,1.0,2.0,97209,RD 41 (ROCADE),M,"14,6116200"," -61,0652500",972,2019,60.0,1.0,1.0,3.0,2152377,1.0,1,1,1,0.0,,0.0,0,1973.0,B01,138Â 297Â 975,1.0,0.0,-1.0,1643621,1.0,7,,0.0,2.0,4.0,B01,138Â 297Â 975,1.0
962997,201900004528,4,26,13:20,1,2,1,1.0,2.0,97209,RD 41 (ROCADE),M,"14,6116200"," -61,0652500",972,2019,60.0,1.0,1.0,3.0,2152378,2.0,2,4,1,0.0,,0.0,0,1985.0,B01,138Â 297Â 975,1.0,0.0,-1.0,1643620,1.0,7,,0.0,2.0,1.0,A01,138Â 297Â 974,1.0
962997,201900004528,4,26,13:20,1,2,1,1.0,2.0,97209,RD 41 (ROCADE),M,"14,6116200"," -61,0652500",972,2019,60.0,1.0,1.0,3.0,2152378,2.0,2,4,1,0.0,,0.0,0,1985.0,B01,138Â 297Â 975,1.0,0.0,-1.0,1643621,1.0,7,,0.0,2.0,4.0,B01,138Â 297Â 975,1.0
962998,201900004529,4,21,10:00,1,2,1,1.0,6.0,97209,CHATEAUBOEUF (ROUTE DE),M,"14,6168900"," -61,0516500",972,2019,30.0,1.0,1.0,6.0,2152379,1.0,1,1,2,0.0,,-1.0,0,1951.0,A01,138Â 297Â 973,1.0,0.0,-1.0,1643622,3.0,7,,0.0,1.0,0.0,A01,138Â 297Â 973,1.0
962998,201900004529,4,21,10:00,1,2,1,1.0,6.0,97209,CHATEAUBOEUF (ROUTE DE),M,"14,6168900"," -61,0516500",972,2019,30.0,1.0,1.0,6.0,2152380,10.0,3,4,1,3.0,,2.0,9,1987.0,A01,138Â 297Â 973,8.0,0.0,-1.0,1643622,3.0,7,,0.0,1.0,0.0,A01,138Â 297Â 973,1.0
962999,201900004530,4,21,05:42,1,2,3,1.0,3.0,97209,FONTAINE DIDIER (RUE DE LA),M,"14,6391100"," -61,0823900",972,2019,50.0,1.0,1.0,4.0,2152381,1.0,1,1,1,5.0,,-1.0, -1,1965.0,B01,138Â 297Â 971,1.0,0.0,-1.0,1643623,3.0,7,,0.0,2.0,1.0,B01,138Â 297Â 971,1.0
962999,201900004530,4,21,05:42,1,2,3,1.0,3.0,97209,FONTAINE DIDIER (RUE DE LA),M,"14,6391100"," -61,0823900",972,2019,50.0,1.0,1.0,4.0,2152381,1.0,1,1,1,5.0,,-1.0, -1,1965.0,B01,138Â 297Â 971,1.0,0.0,-1.0,1643624,3.0,7,,0.0,2.0,1.0,A01,138Â 297Â 972,1.0
962999,201900004530,4,21,05:42,1,2,3,1.0,3.0,97209,FONTAINE DIDIER (RUE DE LA),M,"14,6391100"," -61,0823900",972,2019,50.0,1.0,1.0,4.0,2152382,5.0,2,4,2,5.0,,-1.0,0,2001.0,A01,138Â 297Â 972,8.0,0.0,-1.0,1643623,3.0,7,,0.0,2.0,1.0,B01,138Â 297Â 971,1.0
962999,201900004530,4,21,05:42,1,2,3,1.0,3.0,97209,FONTAINE DIDIER (RUE DE LA),M,"14,6391100"," -61,0823900",972,2019,50.0,1.0,1.0,4.0,2152382,5.0,2,4,2,5.0,,-1.0,0,2001.0,A01,138Â 297Â 972,8.0,0.0,-1.0,1643624,3.0,7,,0.0,2.0,1.0,A01,138Â 297Â 972,1.0
962999,201900004530,4,21,05:42,1,2,3,1.0,3.0,97209,FONTAINE DIDIER (RUE DE LA),M,"14,6391100"," -61,0823900",972,2019,50.0,1.0,1.0,4.0,2152383,1.0,1,1,1,5.0,,-1.0, -1,1993.0,A01,138Â 297Â 972,1.0,0.0,-1.0,1643623,3.0,7,,0.0,2.0,1.0,B01,138Â 297Â 971,1.0
962999,201900004530,4,21,05:42,1,2,3,1.0,3.0,97209,FONTAINE DIDIER (RUE DE LA),M,"14,6391100"," -61,0823900",972,2019,50.0,1.0,1.0,4.0,2152383,1.0,1,1,1,5.0,,-1.0, -1,1993.0,A01,138Â 297Â 972,1.0,0.0,-1.0,1643624,3.0,7,,0.0,2.0,1.0,A01,138Â 297Â 972,1.0
962999,201900004530,4,21,05:42,1,2,3,1.0,3.0,97209,FONTAINE DIDIER (RUE DE LA),M,"14,6391100"," -61,0823900",972,2019,50.0,1.0,1.0,4.0,2152384,2.0,2,4,1,5.0,,-1.0,0,1998.0,A01,138Â 297Â 972,8.0,0.0,-1.0,1643623,3.0,7,,0.0,2.0,1.0,B01,138Â 297Â 971,1.0
962999,201900004530,4,21,05:42,1,2,3,1.0,3.0,97209,FONTAINE DIDIER (RUE DE LA),M,"14,6391100"," -61,0823900",972,2019,50.0,1.0,1.0,4.0,2152384,2.0,2,4,1,5.0,,-1.0,0,1998.0,A01,138Â 297Â 972,8.0,0.0,-1.0,1643624,3.0,7,,0.0,2.0,1.0,A01,138Â 297Â 972,1.0
963000,201900004531,4,18,08:50,1,2,1,1.0,7.0,97209,T.S.F. (BOULEVARD),M,"14,6081700"," -61,0558800",972,2019,50.0,1.0,2.0,4.0,2152385,10.0,3,4,1,0.0,,5.0,2,1979.0,A01,138Â 297Â 970,8.0,0.0,-1.0,1643625,1.0,7,,0.0,1.0,1.0,A01,138Â 297Â 970,1.0
963000,201900004531,4,18,08:50,1,2,1,1.0,7.0,97209,T.S.F. (BOULEVARD),M,"14,6081700"," -61,0558800",972,2019,50.0,1.0,2.0,4.0,2152386,10.0,3,4,2,0.0,,5.0,2,1977.0,A01,138Â 297Â 970,8.0,0.0,-1.0,1643625,1.0,7,,0.0,1.0,1.0,A01,138Â 297Â 970,1.0
963000,201900004531,4,18,08:50,1,2,1,1.0,7.0,97209,T.S.F. (BOULEVARD),M,"14,6081700"," -61,0558800",972,2019,50.0,1.0,2.0,4.0,2152387,1.0,1,1,1,4.0,,0.0,0,1986.0,A01,138Â 297Â 970,1.0,8.0,-1.0,1643625,1.0,7,,0.0,1.0,1.0,A01,138Â 297Â 970,1.0
963001,201900004532,4,17,20:55,5,2,2,1.0,3.0,97209,GENERAL DE GAULLE (BLD DU),M,"14,6067670"," -61,0681230",972,2019,50.0,1.0,1.0,2.0,2152388,1.0,1,4,1,0.0,,0.0,0,1988.0,A01,138Â 297Â 968,2.0,0.0,-1.0,1643626,1.0,30,,0.0,2.0,0.0,A01,138Â 297Â 968,1.0
963001,201900004532,4,17,20:55,5,2,2,1.0,3.0,97209,GENERAL DE GAULLE (BLD DU),M,"14,6067670"," -61,0681230",972,2019,50.0,1.0,1.0,2.0,2152388,1.0,1,4,1,0.0,,0.0,0,1988.0,A01,138Â 297Â 968,2.0,0.0,-1.0,1643627,1.0,7,,0.0,2.0,3.0,B01,138Â 297Â 969,0.0
963002,201900004533,4,28,19:15,1,2,1,2.0,2.0,69385,ADOLPHE MAX                         (AV),M,"45,7596700","4,8276500",69,2019,30.0,2.0,2.0,4.0,2152389,1.0,1,4,1,5.0,,0.0,0,1951.0,A01,138Â 297Â 966,1.0,0.0,-1.0,1643628,2.0,7,,0.0,2.0,1.0,A01,138Â 297Â 966,6.0
963002,201900004533,4,28,19:15,1,2,1,2.0,2.0,69385,ADOLPHE MAX                         (AV),M,"45,7596700","4,8276500",69,2019,30.0,2.0,2.0,4.0,2152389,1.0,1,4,1,5.0,,0.0,0,1951.0,A01,138Â 297Â 966,1.0,0.0,-1.0,1643629,2.0,7,,0.0,2.0,4.0,B01,138Â 297Â 967,1.0
963002,201900004533,4,28,19:15,1,2,1,2.0,2.0,69385,ADOLPHE MAX                         (AV),M,"45,7596700","4,8276500",69,2019,30.0,2.0,2.0,4.0,2152390,1.0,1,1,2,5.0,,0.0,0,1995.0,B01,138Â 297Â 967,1.0,0.0,-1.0,1643628,2.0,7,,0.0,2.0,1.0,A01,138Â 297Â 966,6.0
963002,201900004533,4,28,19:15,1,2,1,2.0,2.0,69385,ADOLPHE MAX                         (AV),M,"45,7596700","4,8276500",69,2019,30.0,2.0,2.0,4.0,2152390,1.0,1,1,2,5.0,,0.0,0,1995.0,B01,138Â 297Â 967,1.0,0.0,-1.0,1643629,2.0,7,,0.0,2.0,4.0,B01,138Â 297Â 967,1.0
963003,201900004534,4,28,18:45,1,2,3,2.0,3.0,69389,MARIETTON                           (R ),M,"45,7756700","4,8027700",69,2019,50.0,1.0,2.0,4.0,2152391,1.0,1,1,1,0.0,,0.0,0,1982.0,A01,138Â 297Â 964,1.0,0.0,-1.0,1643630,2.0,7,,0.0,6.0,8.0,A01,138Â 297Â 964,1.0
963003,201900004534,4,28,18:45,1,2,3,2.0,3.0,69389,MARIETTON                           (R ),M,"45,7756700","4,8027700",69,2019,50.0,1.0,2.0,4.0,2152391,1.0,1,1,1,0.0,,0.0,0,1982.0,A01,138Â 297Â 964,1.0,0.0,-1.0,1643631,1.0,1,,0.0,2.0,1.0,B01,138Â 297Â 965,5.0
963003,201900004534,4,28,18:45,1,2,3,2.0,3.0,69389,MARIETTON                           (R ),M,"45,7756700","4,8027700",69,2019,50.0,1.0,2.0,4.0,2152392,1.0,1,4,1,1.0,,0.0,0,1993.0,B01,138Â 297Â 965,8.0,0.0,-1.0,1643630,2.0,7,,0.0,6.0,8.0,A01,138Â 297Â 964,1.0
963003,201900004534,4,28,18:45,1,2,3,2.0,3.0,69389,MARIETTON                           (R ),M,"45,7756700","4,8027700",69,2019,50.0,1.0,2.0,4.0,2152392,1.0,1,4,1,1.0,,0.0,0,1993.0,B01,138Â 297Â 965,8.0,0.0,-1.0,1643631,1.0,1,,0.0,2.0,1.0,B01,138Â 297Â 965,5.0
963004,201900004535,4,28,00:00,5,2,2,1.0,3.0,69389,SIDOINE APPOLINAIRE                 (AV),M,"45,7735700","4,7952300",69,2019,50.0,1.0,1.0,4.0,2152393,1.0,1,3,1,4.0,,0.0,0,1991.0,A01,138Â 297Â 962,2.0,0.0,-1.0,1643632,2.0,2,,0.0,2.0,1.0,A01,138Â 297Â 962,1.0
963004,201900004535,4,28,00:00,5,2,2,1.0,3.0,69389,SIDOINE APPOLINAIRE                 (AV),M,"45,7735700","4,7952300",69,2019,50.0,1.0,1.0,4.0,2152393,1.0,1,3,1,4.0,,0.0,0,1991.0,A01,138Â 297Â 962,2.0,0.0,-1.0,1643633,2.0,7,,0.0,2.0,7.0,B01,138Â 297Â 963,1.0
963004,201900004535,4,28,00:00,5,2,2,1.0,3.0,69389,SIDOINE APPOLINAIRE                 (AV),M,"45,7735700","4,7952300",69,2019,50.0,1.0,1.0,4.0,2152394,2.0,2,1,2,5.0,,0.0,0,1991.0,B01,138Â 297Â 963,1.0,0.0,-1.0,1643632,2.0,2,,0.0,2.0,1.0,A01,138Â 297Â 962,1.0
963004,201900004535,4,28,00:00,5,2,2,1.0,3.0,69389,SIDOINE APPOLINAIRE                 (AV),M,"45,7735700","4,7952300",69,2019,50.0,1.0,1.0,4.0,2152394,2.0,2,1,2,5.0,,0.0,0,1991.0,B01,138Â 297Â 963,1.0,0.0,-1.0,1643633,2.0,7,,0.0,2.0,7.0,B01,138Â 297Â 963,1.0
963004,201900004535,4,28,00:00,5,2,2,1.0,3.0,69389,SIDOINE APPOLINAIRE                 (AV),M,"45,7735700","4,7952300",69,2019,50.0,1.0,1.0,4.0,2152395,1.0,1,1,1,5.0,,0.0,0,1990.0,B01,138Â 297Â 963,1.0,0.0,-1.0,1643632,2.0,2,,0.0,2.0,1.0,A01,138Â 297Â 962,1.0
963004,201900004535,4,28,00:00,5,2,2,1.0,3.0,69389,SIDOINE APPOLINAIRE                 (AV),M,"45,7735700","4,7952300",69,2019,50.0,1.0,1.0,4.0,2152395,1.0,1,1,1,5.0,,0.0,0,1990.0,B01,138Â 297Â 963,1.0,0.0,-1.0,1643633,2.0,7,,0.0,2.0,7.0,B01,138Â 297Â 963,1.0
963005,201900004536,4,27,20:00,2,2,1,2.0,6.0,69389,PIERRE BAIZET                       (R ),M,"45,7930000","4,8140000",69,2019,50.0,1.0,2.0,4.0,2152396,1.0,1,4,1,5.0,,0.0,0,1949.0,A01,138Â 297Â 961,8.0,0.0,-1.0,1643634,3.0,30,,16.0,0.0,1.0,A01,138Â 297Â 961,1.0
963006,201900004537,4,27,12:00,1,2,5,8.0,3.0,69081,VALVERT                                 ,M,"45,7663059","4,7693414",69,2019,50.0,1.0,2.0,3.0,2152397,1.0,1,4,1,5.0,,0.0,0,1948.0,B01,138Â 297Â 959,1.0,0.0,-1.0,1643635,2.0,7,,0.0,2.0,3.0,B01,138Â 297Â 959,1.0
963006,201900004537,4,27,12:00,1,2,5,8.0,3.0,69081,VALVERT                                 ,M,"45,7663059","4,7693414",69,2019,50.0,1.0,2.0,3.0,2152397,1.0,1,4,1,5.0,,0.0,0,1948.0,B01,138Â 297Â 959,1.0,0.0,-1.0,1643636,1.0,7,,0.0,2.0,2.0,A01,138Â 297Â 960,1.0
963006,201900004537,4,27,12:00,1,2,5,8.0,3.0,69081,VALVERT                                 ,M,"45,7663059","4,7693414",69,2019,50.0,1.0,2.0,3.0,2152398,2.0,2,4,1,5.0,,0.0,0,1955.0,B01,138Â 297Â 959,1.0,0.0,-1.0,1643635,2.0,7,,0.0,2.0,3.0,B01,138Â 297Â 959,1.0
963006,201900004537,4,27,12:00,1,2,5,8.0,3.0,69081,VALVERT                                 ,M,"45,7663059","4,7693414",69,2019,50.0,1.0,2.0,3.0,2152398,2.0,2,4,1,5.0,,0.0,0,1955.0,B01,138Â 297Â 959,1.0,0.0,-1.0,1643636,1.0,7,,0.0,2.0,2.0,A01,138Â 297Â 960,1.0
963006,201900004537,4,27,12:00,1,2,5,8.0,3.0,69081,VALVERT                                 ,M,"45,7663059","4,7693414",69,2019,50.0,1.0,2.0,3.0,2152399,1.0,1,1,1,5.0,,0.0,0,1978.0,A01,138Â 297Â 960,8.0,8.0,-1.0,1643635,2.0,7,,0.0,2.0,3.0,B01,138Â 297Â 959,1.0
963006,201900004537,4,27,12:00,1,2,5,8.0,3.0,69081,VALVERT                                 ,M,"45,7663059","4,7693414",69,2019,50.0,1.0,2.0,3.0,2152399,1.0,1,1,1,5.0,,0.0,0,1978.0,A01,138Â 297Â 960,8.0,8.0,-1.0,1643636,1.0,7,,0.0,2.0,2.0,A01,138Â 297Â 960,1.0
963006,201900004537,4,27,12:00,1,2,5,8.0,3.0,69081,VALVERT                                 ,M,"45,7663059","4,7693414",69,2019,50.0,1.0,2.0,3.0,2152400,2.0,2,4,1,5.0,,0.0,0,1980.0,A01,138Â 297Â 960,1.0,0.0,-1.0,1643635,2.0,7,,0.0,2.0,3.0,B01,138Â 297Â 959,1.0
963006,201900004537,4,27,12:00,1,2,5,8.0,3.0,69081,VALVERT                                 ,M,"45,7663059","4,7693414",69,2019,50.0,1.0,2.0,3.0,2152400,2.0,2,4,1,5.0,,0.0,0,1980.0,A01,138Â 297Â 960,1.0,0.0,-1.0,1643636,1.0,7,,0.0,2.0,2.0,A01,138Â 297Â 960,1.0
963006,201900004537,4,27,12:00,1,2,5,8.0,3.0,69081,VALVERT                                 ,M,"45,7663059","4,7693414",69,2019,50.0,1.0,2.0,3.0,2152401,3.0,2,4,1,5.0,,0.0,0,2016.0,A01,138Â 297Â 960,1.0,0.0,-1.0,1643635,2.0,7,,0.0,2.0,3.0,B01,138Â 297Â 959,1.0
963006,201900004537,4,27,12:00,1,2,5,8.0,3.0,69081,VALVERT                                 ,M,"45,7663059","4,7693414",69,2019,50.0,1.0,2.0,3.0,2152401,3.0,2,4,1,5.0,,0.0,0,2016.0,A01,138Â 297Â 960,1.0,0.0,-1.0,1643636,1.0,7,,0.0,2.0,2.0,A01,138Â 297Â 960,1.0