Unnamed: 0_x,num_acc,mois,jour,hrmn,lum,agg,int,atm,col,com,adr,gps,lat,long,dep,annee,vma,situ,surf,catr,Unnamed: 0_y,place,catu,grav,sexe,trajet,secu,locp,actp,an_nais,num_veh_x,id_vehicule_x,secu1,secu2,secu3,Unnamed: 0,senc,catv,occutc,obs,obsm,choc,num_veh_y,id_vehicule_y,motor
963006,201900004537,4,27,12:00,1,2,5,8.0,3.0,69081,VALVERT                                 ,M,"45,7663059","4,7693414",69,2019,50.0,1.0,2.0,3.0,2152402,4.0,2,4,1,5.0,,0.0,0,2016.0,A01,138Â 297Â 960,1.0,0.0,-1.0,1643635,2.0,7,,0.0,2.0,3.0,B01,138Â 297Â 959,1.0
963006,201900004537,4,27,12:00,1,2,5,8.0,3.0,69081,VALVERT                                 ,M,"45,7663059","4,7693414",69,2019,50.0,1.0,2.0,3.0,2152402,4.0,2,4,1,5.0,,0.0,0,2016.0,A01,138Â 297Â 960,1.0,0.0,-1.0,1643636,1.0,7,,0.0,2.0,2.0,A01,138Â 297Â 960,1.0
963007,201900004538,4,27,07:25,1,2,1,2.0,7.0,69382,JULES COURMONT                      (QU),M,"45,7582200","4,8372400",69,2019,50.0,1.0,2.0,4.0,2152403,1.0,1,4,1,0.0,,0.0,0,1994.0,A01,138Â 297Â 958,2.0,0.0,-1.0,1643637,3.0,32,,15.0,2.0,1.0,A01,138Â 297Â 958,1.0
963008,201900004539,4,26,17:15,1,2,1,1.0,6.0,69382,PAUL MONTROCHET                     (R ),M,"45,7404513","4,8164964",69,2019,30.0,1.0,1.0,4.0,2152404,10.0,3,4,2,9.0,,0.0,0,1990.0,A01,138Â 297Â 957,8.0,0.0,-1.0,1643638,0.0,7,,0.0,1.0,1.0,A01,138Â 297Â 957,0.0
963008,201900004539,4,26,17:15,1,2,1,1.0,6.0,69382,PAUL MONTROCHET                     (R ),M,"45,7404513","4,8164964",69,2019,30.0,1.0,1.0,4.0,2152405,1.0,1,1,1,0.0,,0.0,0,1980.0,A01,138Â 297Â 957,1.0,0.0,-1.0,1643638,0.0,7,,0.0,1.0,1.0,A01,138Â 297Â 957,0.0
963009,201900004540,4,26,15:25,1,2,1,3.0,1.0,69389,ST CYR (DE)                         (R ),M,"45,7969553","4,8177516",69,2019,50.0,1.0,2.0,4.0,2152406,1.0,1,3,1,1.0,,0.0,0,1980.0,A01,138Â 297Â 955,2.0,6.0,-1.0,1643639,3.0,34,,0.0,2.0,1.0,A01,138Â 297Â 955,3.0
963009,201900004540,4,26,15:25,1,2,1,3.0,1.0,69389,ST CYR (DE)                         (R ),M,"45,7969553","4,8177516",69,2019,50.0,1.0,2.0,4.0,2152406,1.0,1,3,1,1.0,,0.0,0,1980.0,A01,138Â 297Â 955,2.0,6.0,-1.0,1643640,3.0,7,,0.0,2.0,3.0,B01,138Â 297Â 956,1.0
963009,201900004540,4,26,15:25,1,2,1,3.0,1.0,69389,ST CYR (DE)                         (R ),M,"45,7969553","4,8177516",69,2019,50.0,1.0,2.0,4.0,2152407,1.0,1,1,1,1.0,,0.0,0,1962.0,B01,138Â 297Â 956,1.0,0.0,-1.0,1643639,3.0,34,,0.0,2.0,1.0,A01,138Â 297Â 955,3.0
963009,201900004540,4,26,15:25,1,2,1,3.0,1.0,69389,ST CYR (DE)                         (R ),M,"45,7969553","4,8177516",69,2019,50.0,1.0,2.0,4.0,2152407,1.0,1,1,1,1.0,,0.0,0,1962.0,B01,138Â 297Â 956,1.0,0.0,-1.0,1643640,3.0,7,,0.0,2.0,3.0,B01,138Â 297Â 956,1.0
963010,201900004541,4,26,07:40,1,2,1,7.0,4.0,69389,CHAMPAGNE (DE)                      (AV),M,"45,7893800","4,7940600",69,2019,50.0,1.0,2.0,4.0,2152408,1.0,1,1,1,0.0,,0.0,0,1995.0,A01,138Â 297Â 952,1.0,0.0,-1.0,1643641,2.0,7,,0.0,2.0,1.0,A01,138Â 297Â 952,1.0
963010,201900004541,4,26,07:40,1,2,1,7.0,4.0,69389,CHAMPAGNE (DE)                      (AV),M,"45,7893800","4,7940600",69,2019,50.0,1.0,2.0,4.0,2152408,1.0,1,1,1,0.0,,0.0,0,1995.0,A01,138Â 297Â 952,1.0,0.0,-1.0,1643642,2.0,37,1.0,0.0,0.0,4.0,C01,138Â 297Â 953,1.0
963010,201900004541,4,26,07:40,1,2,1,7.0,4.0,69389,CHAMPAGNE (DE)                      (AV),M,"45,7893800","4,7940600",69,2019,50.0,1.0,2.0,4.0,2152408,1.0,1,1,1,0.0,,0.0,0,1995.0,A01,138Â 297Â 952,1.0,0.0,-1.0,1643643,2.0,7,,0.0,2.0,1.0,B01,138Â 297Â 954,1.0
963010,201900004541,4,26,07:40,1,2,1,7.0,4.0,69389,CHAMPAGNE (DE)                      (AV),M,"45,7893800","4,7940600",69,2019,50.0,1.0,2.0,4.0,2152409,1.0,1,1,1,4.0,,0.0,0,1979.0,C01,138Â 297Â 953,1.0,0.0,-1.0,1643641,2.0,7,,0.0,2.0,1.0,A01,138Â 297Â 952,1.0
963010,201900004541,4,26,07:40,1,2,1,7.0,4.0,69389,CHAMPAGNE (DE)                      (AV),M,"45,7893800","4,7940600",69,2019,50.0,1.0,2.0,4.0,2152409,1.0,1,1,1,4.0,,0.0,0,1979.0,C01,138Â 297Â 953,1.0,0.0,-1.0,1643642,2.0,37,1.0,0.0,0.0,4.0,C01,138Â 297Â 953,1.0
963010,201900004541,4,26,07:40,1,2,1,7.0,4.0,69389,CHAMPAGNE (DE)                      (AV),M,"45,7893800","4,7940600",69,2019,50.0,1.0,2.0,4.0,2152409,1.0,1,1,1,4.0,,0.0,0,1979.0,C01,138Â 297Â 953,1.0,0.0,-1.0,1643643,2.0,7,,0.0,2.0,1.0,B01,138Â 297Â 954,1.0
963010,201900004541,4,26,07:40,1,2,1,7.0,4.0,69389,CHAMPAGNE (DE)                      (AV),M,"45,7893800","4,7940600",69,2019,50.0,1.0,2.0,4.0,2152410,1.0,1,4,1,0.0,,0.0,0,1973.0,B01,138Â 297Â 954,1.0,0.0,-1.0,1643641,2.0,7,,0.0,2.0,1.0,A01,138Â 297Â 952,1.0
963010,201900004541,4,26,07:40,1,2,1,7.0,4.0,69389,CHAMPAGNE (DE)                      (AV),M,"45,7893800","4,7940600",69,2019,50.0,1.0,2.0,4.0,2152410,1.0,1,4,1,0.0,,0.0,0,1973.0,B01,138Â 297Â 954,1.0,0.0,-1.0,1643642,2.0,37,1.0,0.0,0.0,4.0,C01,138Â 297Â 953,1.0
963010,201900004541,4,26,07:40,1,2,1,7.0,4.0,69389,CHAMPAGNE (DE)                      (AV),M,"45,7893800","4,7940600",69,2019,50.0,1.0,2.0,4.0,2152410,1.0,1,4,1,0.0,,0.0,0,1973.0,B01,138Â 297Â 954,1.0,0.0,-1.0,1643643,2.0,7,,0.0,2.0,1.0,B01,138Â 297Â 954,1.0
963011,201900004542,4,25,20:00,5,2,1,3.0,3.0,69384,CROIX-ROUSSE (DE LA)                (BD),M,"45,7732500","4,8219400",69,2019,50.0,1.0,2.0,4.0,2152411,1.0,1,3,1,4.0,,0.0,0,1997.0,A01,138Â 297Â 950,2.0,0.0,-1.0,1643644,2.0,2,,0.0,2.0,3.0,A01,138Â 297Â 950,0.0
963011,201900004542,4,25,20:00,5,2,1,3.0,3.0,69384,CROIX-ROUSSE (DE LA)                (BD),M,"45,7732500","4,8219400",69,2019,50.0,1.0,2.0,4.0,2152411,1.0,1,3,1,4.0,,0.0,0,1997.0,A01,138Â 297Â 950,2.0,0.0,-1.0,1643645,2.0,10,,0.0,2.0,2.0,B01,138Â 297Â 951,0.0
963011,201900004542,4,25,20:00,5,2,1,3.0,3.0,69384,CROIX-ROUSSE (DE LA)                (BD),M,"45,7732500","4,8219400",69,2019,50.0,1.0,2.0,4.0,2152412,1.0,1,1,1,0.0,,-1.0,0,1985.0,B01,138Â 297Â 951,1.0,0.0,-1.0,1643644,2.0,2,,0.0,2.0,3.0,A01,138Â 297Â 950,0.0
963011,201900004542,4,25,20:00,5,2,1,3.0,3.0,69384,CROIX-ROUSSE (DE LA)                (BD),M,"45,7732500","4,8219400",69,2019,50.0,1.0,2.0,4.0,2152412,1.0,1,1,1,0.0,,-1.0,0,1985.0,B01,138Â 297Â 951,1.0,0.0,-1.0,1643645,2.0,10,,0.0,2.0,2.0,B01,138Â 297Â 951,0.0
963012,201900004543,4,25,08:30,1,2,2,6.0,1.0,69149,CLAUDE MICHEL                       (R ),M,"45,7181600","4,8033200",69,2019,50.0,1.0,1.0,4.0,2152413,1.0,1,1,2,1.0,,0.0,0,1994.0,A01,138Â 297Â 948,1.0,0.0,-1.0,1643646,2.0,7,,0.0,2.0,1.0,A01,138Â 297Â 948,1.0
963012,201900004543,4,25,08:30,1,2,2,6.0,1.0,69149,CLAUDE MICHEL                       (R ),M,"45,7181600","4,8033200",69,2019,50.0,1.0,1.0,4.0,2152413,1.0,1,1,2,1.0,,0.0,0,1994.0,A01,138Â 297Â 948,1.0,0.0,-1.0,1643647,1.0,7,,0.0,2.0,3.0,B01,138Â 297Â 949,1.0
963012,201900004543,4,25,08:30,1,2,2,6.0,1.0,69149,CLAUDE MICHEL                       (R ),M,"45,7181600","4,8033200",69,2019,50.0,1.0,1.0,4.0,2152414,1.0,1,4,1,1.0,,0.0,0,1989.0,B01,138Â 297Â 949,1.0,0.0,-1.0,1643646,2.0,7,,0.0,2.0,1.0,A01,138Â 297Â 948,1.0
963012,201900004543,4,25,08:30,1,2,2,6.0,1.0,69149,CLAUDE MICHEL                       (R ),M,"45,7181600","4,8033200",69,2019,50.0,1.0,1.0,4.0,2152414,1.0,1,4,1,1.0,,0.0,0,1989.0,B01,138Â 297Â 949,1.0,0.0,-1.0,1643647,1.0,7,,0.0,2.0,3.0,B01,138Â 297Â 949,1.0
963013,201900004544,4,19,23:15,5,2,1,1.0,6.0,69202,CHAVRIL (DE)                        (R ),M,"45,7474100","4,8019300",69,2019,50.0,2.0,1.0,4.0,2152415,10.0,3,4,1,5.0,,2.0,3,2002.0,Z01,138Â 297Â 947,8.0,0.0,-1.0,1643648,2.0,0,,0.0,1.0,0.0,Z01,138Â 297Â 947,0.0
963014,201900004545,4,17,21:55,5,2,1,1.0,2.0,69034,MARGNOLLES (DE)                     (R ),M,"45,7847700","4,8360000",69,2019,50.0,1.0,1.0,4.0,2152416,1.0,1,4,2,1.0,,0.0,0,1963.0,A01,138Â 297Â 945,1.0,-1.0,-1.0,1643649,1.0,7,,0.0,2.0,6.0,A01,138Â 297Â 945,1.0
963014,201900004545,4,17,21:55,5,2,1,1.0,2.0,69034,MARGNOLLES (DE)                     (R ),M,"45,7847700","4,8360000",69,2019,50.0,1.0,1.0,4.0,2152416,1.0,1,4,2,1.0,,0.0,0,1963.0,A01,138Â 297Â 945,1.0,-1.0,-1.0,1643650,1.0,7,,0.0,2.0,2.0,B01,138Â 297Â 946,1.0
963014,201900004545,4,17,21:55,5,2,1,1.0,2.0,69034,MARGNOLLES (DE)                     (R ),M,"45,7847700","4,8360000",69,2019,50.0,1.0,1.0,4.0,2152417,1.0,1,1,1,0.0,,0.0,0,1992.0,B01,138Â 297Â 946,8.0,0.0,-1.0,1643649,1.0,7,,0.0,2.0,6.0,A01,138Â 297Â 945,1.0
963014,201900004545,4,17,21:55,5,2,1,1.0,2.0,69034,MARGNOLLES (DE)                     (R ),M,"45,7847700","4,8360000",69,2019,50.0,1.0,1.0,4.0,2152417,1.0,1,1,1,0.0,,0.0,0,1992.0,B01,138Â 297Â 946,8.0,0.0,-1.0,1643650,1.0,7,,0.0,2.0,2.0,B01,138Â 297Â 946,1.0
963015,201900004546,4,16,12:30,1,2,3,1.0,3.0,69034,SOLDATS (DES)                       (MO),M,"45,7911200","4,8607000",69,2019,50.0,1.0,2.0,4.0,2152418,1.0,1,4,1,5.0,,0.0,0,1992.0,B01,138Â 297Â 943,1.0,0.0,-1.0,1643651,1.0,7,,0.0,2.0,1.0,B01,138Â 297Â 943,1.0
963015,201900004546,4,16,12:30,1,2,3,1.0,3.0,69034,SOLDATS (DES)                       (MO),M,"45,7911200","4,8607000",69,2019,50.0,1.0,2.0,4.0,2152418,1.0,1,4,1,5.0,,0.0,0,1992.0,B01,138Â 297Â 943,1.0,0.0,-1.0,1643652,1.0,7,,8.0,2.0,8.0,A01,138Â 297Â 944,1.0
963015,201900004546,4,16,12:30,1,2,3,1.0,3.0,69034,SOLDATS (DES)                       (MO),M,"45,7911200","4,8607000",69,2019,50.0,1.0,2.0,4.0,2152419,3.0,2,4,2,5.0,,0.0,0,2010.0,A01,138Â 297Â 944,1.0,0.0,-1.0,1643651,1.0,7,,0.0,2.0,1.0,B01,138Â 297Â 943,1.0
963015,201900004546,4,16,12:30,1,2,3,1.0,3.0,69034,SOLDATS (DES)                       (MO),M,"45,7911200","4,8607000",69,2019,50.0,1.0,2.0,4.0,2152419,3.0,2,4,2,5.0,,0.0,0,2010.0,A01,138Â 297Â 944,1.0,0.0,-1.0,1643652,1.0,7,,8.0,2.0,8.0,A01,138Â 297Â 944,1.0
963015,201900004546,4,16,12:30,1,2,3,1.0,3.0,69034,SOLDATS (DES)                       (MO),M,"45,7911200","4,8607000",69,2019,50.0,1.0,2.0,4.0,2152420,5.0,2,4,1,5.0,,0.0,0,2012.0,A01,138Â 297Â 944,1.0,0.0,-1.0,1643651,1.0,7,,0.0,2.0,1.0,B01,138Â 297Â 943,1.0
963015,201900004546,4,16,12:30,1,2,3,1.0,3.0,69034,SOLDATS (DES)                       (MO),M,"45,7911200","4,8607000",69,2019,50.0,1.0,2.0,4.0,2152420,5.0,2,4,1,5.0,,0.0,0,2012.0,A01,138Â 297Â 944,1.0,0.0,-1.0,1643652,1.0,7,,8.0,2.0,8.0,A01,138Â 297Â 944,1.0
963015,201900004546,4,16,12:30,1,2,3,1.0,3.0,69034,SOLDATS (DES)                       (MO),M,"45,7911200","4,8607000",69,2019,50.0,1.0,2.0,4.0,2152421,1.0,1,1,1,5.0,,0.0,0,1989.0,A01,138Â 297Â 944,8.0,0.0,-1.0,1643651,1.0,7,,0.0,2.0,1.0,B01,138Â 297Â 943,1.0
963015,201900004546,4,16,12:30,1,2,3,1.0,3.0,69034,SOLDATS (DES)                       (MO),M,"45,7911200","4,8607000",69,2019,50.0,1.0,2.0,4.0,2152421,1.0,1,1,1,5.0,,0.0,0,1989.0,A01,138Â 297Â 944,8.0,0.0,-1.0,1643652,1.0,7,,8.0,2.0,8.0,A01,138Â 297Â 944,1.0
963015,201900004546,4,16,12:30,1,2,3,1.0,3.0,69034,SOLDATS (DES)                       (MO),M,"45,7911200","4,8607000",69,2019,50.0,1.0,2.0,4.0,2152422,2.0,2,4,2,5.0,,0.0,0,1991.0,A01,138Â 297Â 944,1.0,0.0,-1.0,1643651,1.0,7,,0.0,2.0,1.0,B01,138Â 297Â 943,1.0
963015,201900004546,4,16,12:30,1,2,3,1.0,3.0,69034,SOLDATS (DES)                       (MO),M,"45,7911200","4,8607000",69,2019,50.0,1.0,2.0,4.0,2152422,2.0,2,4,2,5.0,,0.0,0,1991.0,A01,138Â 297Â 944,1.0,0.0,-1.0,1643652,1.0,7,,8.0,2.0,8.0,A01,138Â 297Â 944,1.0
963015,201900004546,4,16,12:30,1,2,3,1.0,3.0,69034,SOLDATS (DES)                       (MO),M,"45,7911200","4,8607000",69,2019,50.0,1.0,2.0,4.0,2152423,4.0,2,4,2,0.0,,0.0,0,2011.0,A01,138Â 297Â 944,1.0,0.0,-1.0,1643651,1.0,7,,0.0,2.0,1.0,B01,138Â 297Â 943,1.0
963015,201900004546,4,16,12:30,1,2,3,1.0,3.0,69034,SOLDATS (DES)                       (MO),M,"45,7911200","4,8607000",69,2019,50.0,1.0,2.0,4.0,2152423,4.0,2,4,2,0.0,,0.0,0,2011.0,A01,138Â 297Â 944,1.0,0.0,-1.0,1643652,1.0,7,,8.0,2.0,8.0,A01,138Â 297Â 944,1.0
963016,201900004547,4,17,12:00,1,2,6,1.0,6.0,2B033,MAGDELENA - RUE SANTA,M,"42,6801000","9,4420000",2B,2019,50.0,1.0,1.0,4.0,2152424,10.0,3,4,2,5.0,,2.0,3,1933.0,A01,138Â 297Â 942,8.0,0.0,-1.0,1643653,1.0,10,,0.0,1.0,2.0,A01,138Â 297Â 942,1.0
963016,201900004547,4,17,12:00,1,2,6,1.0,6.0,2B033,MAGDELENA - RUE SANTA,M,"42,6801000","9,4420000",2B,2019,50.0,1.0,1.0,4.0,2152425,1.0,1,1,1,5.0,,0.0,0,1952.0,A01,138Â 297Â 942,1.0,0.0,-1.0,1643653,1.0,10,,0.0,1.0,2.0,A01,138Â 297Â 942,1.0
963017,201900004548,4,27,13:55,1,2,9,1.0,6.0,97120,VATABLE,M,"16,2395100"," -61,5309200",971,2019,50.0,1.0,1.0,3.0,2152426,10.0,3,4,1,5.0,,3.0,3,2014.0,A01,138Â 297Â 941,8.0,0.0,-1.0,1643654,3.0,7,,0.0,1.0,2.0,A01,138Â 297Â 941,1.0
963017,201900004548,4,27,13:55,1,2,9,1.0,6.0,97120,VATABLE,M,"16,2395100"," -61,5309200",971,2019,50.0,1.0,1.0,3.0,2152427,1.0,1,1,1,5.0,,-1.0, -1,1936.0,A01,138Â 297Â 941,1.0,8.0,-1.0,1643654,3.0,7,,0.0,1.0,2.0,A01,138Â 297Â 941,1.0
963018,201900004549,4,20,21:45,5,2,9,1.0,3.0,97101,LACROIX,M,"16,2479320"," -61,5284320",971,2019,50.0,1.0,1.0,4.0,2152428,1.0,1,1,1,0.0,,-1.0, -1,1999.0,A01,138Â 297Â 939,1.0,0.0,-1.0,1643655,3.0,7,,0.0,2.0,7.0,A01,138Â 297Â 939,1.0
963018,201900004549,4,20,21:45,5,2,9,1.0,3.0,97101,LACROIX,M,"16,2479320"," -61,5284320",971,2019,50.0,1.0,1.0,4.0,2152428,1.0,1,1,1,0.0,,-1.0, -1,1999.0,A01,138Â 297Â 939,1.0,0.0,-1.0,1643656,3.0,30,,0.0,2.0,0.0,B01,138Â 297Â 940,1.0
963018,201900004549,4,20,21:45,5,2,9,1.0,3.0,97101,LACROIX,M,"16,2479320"," -61,5284320",971,2019,50.0,1.0,1.0,4.0,2152429,1.0,1,4,1,0.0,,-1.0,0,2001.0,B01,138Â 297Â 940,8.0,0.0,-1.0,1643655,3.0,7,,0.0,2.0,7.0,A01,138Â 297Â 939,1.0
963018,201900004549,4,20,21:45,5,2,9,1.0,3.0,97101,LACROIX,M,"16,2479320"," -61,5284320",971,2019,50.0,1.0,1.0,4.0,2152429,1.0,1,4,1,0.0,,-1.0,0,2001.0,B01,138Â 297Â 940,8.0,0.0,-1.0,1643656,3.0,30,,0.0,2.0,0.0,B01,138Â 297Â 940,1.0
963019,201900004550,4,22,17:30,1,2,1,1.0,7.0,97107,FLAMBOYANTS ( ALLEE DES ),M,"16,0524000"," -61,5671000",971,2019,50.0,1.0,1.0,4.0,2152430,2.0,2,4,1,5.0,,-1.0,0,2014.0,A01,138Â 297Â 938,8.0,0.0,-1.0,1643657,1.0,0,,13.0,0.0,0.0,A01,138Â 297Â 938,0.0
963019,201900004550,4,22,17:30,1,2,1,1.0,7.0,97107,FLAMBOYANTS ( ALLEE DES ),M,"16,0524000"," -61,5671000",971,2019,50.0,1.0,1.0,4.0,2152431,1.0,1,4,1,5.0,,-1.0,0,1996.0,A01,138Â 297Â 938,8.0,0.0,-1.0,1643657,1.0,0,,13.0,0.0,0.0,A01,138Â 297Â 938,0.0
963020,201900004551,4,21,16:25,1,2,2,1.0,2.0,97107,DELGRES ( BOULEVARD ),M,"16,0463100"," -61,5644600",971,2019,50.0,1.0,1.0,4.0,2152432,2.0,2,3,2,9.0,,-1.0,0,1997.0,B01,138Â 297Â 936,8.0,0.0,-1.0,1643658,1.0,2,,0.0,2.0,1.0,B01,138Â 297Â 936,1.0
963020,201900004551,4,21,16:25,1,2,2,1.0,2.0,97107,DELGRES ( BOULEVARD ),M,"16,0463100"," -61,5644600",971,2019,50.0,1.0,1.0,4.0,2152432,2.0,2,3,2,9.0,,-1.0,0,1997.0,B01,138Â 297Â 936,8.0,0.0,-1.0,1643659,1.0,7,,0.0,2.0,4.0,A01,138Â 297Â 937,1.0
963020,201900004551,4,21,16:25,1,2,2,1.0,2.0,97107,DELGRES ( BOULEVARD ),M,"16,0463100"," -61,5644600",971,2019,50.0,1.0,1.0,4.0,2152433,1.0,1,4,1,0.0,,-1.0,0,1995.0,B01,138Â 297Â 936,8.0,0.0,-1.0,1643658,1.0,2,,0.0,2.0,1.0,B01,138Â 297Â 936,1.0
963020,201900004551,4,21,16:25,1,2,2,1.0,2.0,97107,DELGRES ( BOULEVARD ),M,"16,0463100"," -61,5644600",971,2019,50.0,1.0,1.0,4.0,2152433,1.0,1,4,1,0.0,,-1.0,0,1995.0,B01,138Â 297Â 936,8.0,0.0,-1.0,1643659,1.0,7,,0.0,2.0,4.0,A01,138Â 297Â 937,1.0
963020,201900004551,4,21,16:25,1,2,2,1.0,2.0,97107,DELGRES ( BOULEVARD ),M,"16,0463100"," -61,5644600",971,2019,50.0,1.0,1.0,4.0,2152434,1.0,1,1,1,5.0,,-1.0, -1,1962.0,A01,138Â 297Â 937,1.0,0.0,-1.0,1643658,1.0,2,,0.0,2.0,1.0,B01,138Â 297Â 936,1.0
963020,201900004551,4,21,16:25,1,2,2,1.0,2.0,97107,DELGRES ( BOULEVARD ),M,"16,0463100"," -61,5644600",971,2019,50.0,1.0,1.0,4.0,2152434,1.0,1,1,1,5.0,,-1.0, -1,1962.0,A01,138Â 297Â 937,1.0,0.0,-1.0,1643659,1.0,7,,0.0,2.0,4.0,A01,138Â 297Â 937,1.0
963021,201900004552,4,20,18:15,1,2,1,1.0,6.0,95585,DIVISION LECLERC (AVENUE DE LA),M,"48,9844241","2,3727196",95,2019,50.0,1.0,1.0,3.0,2152435,10.0,3,3,2,5.0,,2.0,3,1998.0,Z01,138Â 297Â 935,8.0,0.0,-1.0,1643660,1.0,99,,0.0,1.0,1.0,Z01,138Â 297Â 935,1.0
963022,201900004553,4,26,14:05,1,2,1,1.0,6.0,95424,FRANCES(AVENUE DES),M,"48,9929600","2,1988600",95,2019,50.0,1.0,1.0,3.0,2152436,1.0,1,1,1,4.0,,-1.0,0,1992.0,A01,138Â 297Â 934,1.0,0.0,-1.0,1643661,1.0,10,,0.0,1.0,2.0,A01,138Â 297Â 934,0.0
963022,201900004553,4,26,14:05,1,2,1,1.0,6.0,95424,FRANCES(AVENUE DES),M,"48,9929600","2,1988600",95,2019,50.0,1.0,1.0,3.0,2152437,10.0,3,3,1,5.0,,2.0,3,2009.0,A01,138Â 297Â 934,8.0,0.0,-1.0,1643661,1.0,10,,0.0,1.0,2.0,A01,138Â 297Â 934,0.0
963023,201900004554,4,18,21:48,5,1,1,1.0,2.0,95500,BVD DE LA VIOSNE,M,"49,0539768","2,0812903",95,2019,90.0,1.0,1.0,3.0,2152438,1.0,1,4,1,1.0,,-1.0,0,1964.0,B01,138Â 297Â 932,1.0,0.0,-1.0,1643662,2.0,7,,0.0,2.0,1.0,B01,138Â 297Â 932,1.0
963023,201900004554,4,18,21:48,5,1,1,1.0,2.0,95500,BVD DE LA VIOSNE,M,"49,0539768","2,0812903",95,2019,90.0,1.0,1.0,3.0,2152438,1.0,1,4,1,1.0,,-1.0,0,1964.0,B01,138Â 297Â 932,1.0,0.0,-1.0,1643663,2.0,7,,12.0,2.0,4.0,A01,138Â 297Â 933,1.0
963023,201900004554,4,18,21:48,5,1,1,1.0,2.0,95500,BVD DE LA VIOSNE,M,"49,0539768","2,0812903",95,2019,90.0,1.0,1.0,3.0,2152439,3.0,2,4,1,5.0,,-1.0,0,2007.0,A01,138Â 297Â 933,1.0,0.0,-1.0,1643662,2.0,7,,0.0,2.0,1.0,B01,138Â 297Â 932,1.0
963023,201900004554,4,18,21:48,5,1,1,1.0,2.0,95500,BVD DE LA VIOSNE,M,"49,0539768","2,0812903",95,2019,90.0,1.0,1.0,3.0,2152439,3.0,2,4,1,5.0,,-1.0,0,2007.0,A01,138Â 297Â 933,1.0,0.0,-1.0,1643663,2.0,7,,12.0,2.0,4.0,A01,138Â 297Â 933,1.0
963023,201900004554,4,18,21:48,5,1,1,1.0,2.0,95500,BVD DE LA VIOSNE,M,"49,0539768","2,0812903",95,2019,90.0,1.0,1.0,3.0,2152440,1.0,1,4,2,5.0,,-1.0,0,1974.0,A01,138Â 297Â 933,8.0,0.0,-1.0,1643662,2.0,7,,0.0,2.0,1.0,B01,138Â 297Â 932,1.0
963023,201900004554,4,18,21:48,5,1,1,1.0,2.0,95500,BVD DE LA VIOSNE,M,"49,0539768","2,0812903",95,2019,90.0,1.0,1.0,3.0,2152440,1.0,1,4,2,5.0,,-1.0,0,1974.0,A01,138Â 297Â 933,8.0,0.0,-1.0,1643663,2.0,7,,12.0,2.0,4.0,A01,138Â 297Â 933,1.0
963024,201900004555,4,25,17:15,1,2,2,1.0,3.0,91589,JENNER (RUE),M,"48,6934670","2,3448060",91,2019,50.0,1.0,1.0,4.0,2152441,1.0,1,3,1,5.0,,0.0,0,1996.0,A01,138Â 297Â 919,2.0,6.0,-1.0,1643664,1.0,33,,0.0,2.0,1.0,A01,138Â 297Â 919,1.0
963024,201900004555,4,25,17:15,1,2,2,1.0,3.0,91589,JENNER (RUE),M,"48,6934670","2,3448060",91,2019,50.0,1.0,1.0,4.0,2152441,1.0,1,3,1,5.0,,0.0,0,1996.0,A01,138Â 297Â 919,2.0,6.0,-1.0,1643665,1.0,7,,0.0,2.0,3.0,B01,138Â 297Â 920,1.0
963024,201900004555,4,25,17:15,1,2,2,1.0,3.0,91589,JENNER (RUE),M,"48,6934670","2,3448060",91,2019,50.0,1.0,1.0,4.0,2152442,1.0,1,1,1,1.0,,0.0,0,1967.0,B01,138Â 297Â 920,1.0,8.0,-1.0,1643664,1.0,33,,0.0,2.0,1.0,A01,138Â 297Â 919,1.0
963024,201900004555,4,25,17:15,1,2,2,1.0,3.0,91589,JENNER (RUE),M,"48,6934670","2,3448060",91,2019,50.0,1.0,1.0,4.0,2152442,1.0,1,1,1,1.0,,0.0,0,1967.0,B01,138Â 297Â 920,1.0,8.0,-1.0,1643665,1.0,7,,0.0,2.0,3.0,B01,138Â 297Â 920,1.0
963025,201900004556,4,28,13:25,1,1,1,8.0,6.0,91421,NATIONALE 6 (PARTIE FORET),M,"48,6897600","2,4686100",91,2019,90.0,1.0,1.0,2.0,2152443,1.0,1,4,1,0.0,,0.0,0,1959.0,A01,138Â 297Â 918,1.0,0.0,-1.0,1643666,3.0,7,,3.0,0.0,2.0,A01,138Â 297Â 918,1.0