Unnamed: 0_x,num_acc,mois,jour,hrmn,lum,agg,int,atm,col,com,adr,gps,lat,long,dep,annee,vma,situ,surf,catr,Unnamed: 0_y,place,catu,grav,sexe,trajet,secu,locp,actp,an_nais,num_veh_x,id_vehicule_x,secu1,secu2,secu3,Unnamed: 0,senc,catv,occutc,obs,obsm,choc,num_veh_y,id_vehicule_y,motor
963026,201900004557,4,27,19:00,1,2,2,8.0,3.0,91691,JEAN JAURES(RUE),M,"48,6929900","2,4850100",91,2019,50.0,1.0,2.0,4.0,2152444,1.0,1,4,2,0.0,,0.0,0,2001.0,A01,138Â 297Â 916,2.0,0.0,-1.0,1643667,0.0,30,,0.0,2.0,1.0,A01,138Â 297Â 916,1.0
963026,201900004557,4,27,19:00,1,2,2,8.0,3.0,91691,JEAN JAURES(RUE),M,"48,6929900","2,4850100",91,2019,50.0,1.0,2.0,4.0,2152444,1.0,1,4,2,0.0,,0.0,0,2001.0,A01,138Â 297Â 916,2.0,0.0,-1.0,1643668,0.0,7,,0.0,2.0,6.0,B01,138Â 297Â 917,1.0
963026,201900004557,4,27,19:00,1,2,2,8.0,3.0,91691,JEAN JAURES(RUE),M,"48,6929900","2,4850100",91,2019,50.0,1.0,2.0,4.0,2152445,1.0,1,1,1,0.0,,0.0,0,1976.0,B01,138Â 297Â 917,1.0,0.0,-1.0,1643667,0.0,30,,0.0,2.0,1.0,A01,138Â 297Â 916,1.0
963026,201900004557,4,27,19:00,1,2,2,8.0,3.0,91691,JEAN JAURES(RUE),M,"48,6929900","2,4850100",91,2019,50.0,1.0,2.0,4.0,2152445,1.0,1,1,1,0.0,,0.0,0,1976.0,B01,138Â 297Â 917,1.0,0.0,-1.0,1643668,0.0,7,,0.0,2.0,6.0,B01,138Â 297Â 917,1.0
963027,201900004558,4,19,21:15,5,2,3,1.0,3.0,91377,VALLEE DE LA BIEVRE (VOIE DE LA),M,"48,7373800","2,2696800",91,2019,50.0,1.0,1.0,4.0,2152446,1.0,1,1,1,5.0,,0.0,0,1966.0,A01,138Â 297Â 914,1.0,8.0,-1.0,1643669,3.0,7,,0.0,2.0,2.0,A01,138Â 297Â 914,1.0
963027,201900004558,4,19,21:15,5,2,3,1.0,3.0,91377,VALLEE DE LA BIEVRE (VOIE DE LA),M,"48,7373800","2,2696800",91,2019,50.0,1.0,1.0,4.0,2152446,1.0,1,1,1,5.0,,0.0,0,1966.0,A01,138Â 297Â 914,1.0,8.0,-1.0,1643670,3.0,1,,0.0,2.0,1.0,B01,138Â 297Â 915,5.0
963027,201900004558,4,19,21:15,5,2,3,1.0,3.0,91377,VALLEE DE LA BIEVRE (VOIE DE LA),M,"48,7373800","2,2696800",91,2019,50.0,1.0,1.0,4.0,2152447,1.0,1,4,1,5.0,,0.0,0,2000.0,B01,138Â 297Â 915,5.0,0.0,-1.0,1643669,3.0,7,,0.0,2.0,2.0,A01,138Â 297Â 914,1.0
963027,201900004558,4,19,21:15,5,2,3,1.0,3.0,91377,VALLEE DE LA BIEVRE (VOIE DE LA),M,"48,7373800","2,2696800",91,2019,50.0,1.0,1.0,4.0,2152447,1.0,1,4,1,5.0,,0.0,0,2000.0,B01,138Â 297Â 915,5.0,0.0,-1.0,1643670,3.0,1,,0.0,2.0,1.0,B01,138Â 297Â 915,5.0
963028,201900004559,4,22,09:05,1,2,2,1.0,3.0,91345,CORBEIL (ROUTE DE),M,"48,6927000","2,2962200",91,2019,50.0,1.0,1.0,4.0,2152448,1.0,1,1,1,4.0,,0.0,0,1981.0,B01,138Â 297Â 910,1.0,8.0,-1.0,1643671,2.0,10,,0.0,2.0,7.0,B01,138Â 297Â 910,1.0
963028,201900004559,4,22,09:05,1,2,2,1.0,3.0,91345,CORBEIL (ROUTE DE),M,"48,6927000","2,2962200",91,2019,50.0,1.0,1.0,4.0,2152448,1.0,1,1,1,4.0,,0.0,0,1981.0,B01,138Â 297Â 910,1.0,8.0,-1.0,1643672,1.0,7,,0.0,2.0,1.0,A01,138Â 297Â 911,1.0
963028,201900004559,4,22,09:05,1,2,2,1.0,3.0,91345,CORBEIL (ROUTE DE),M,"48,6927000","2,2962200",91,2019,50.0,1.0,1.0,4.0,2152449,2.0,2,4,1,4.0,,0.0,0,1991.0,B01,138Â 297Â 910,8.0,0.0,-1.0,1643671,2.0,10,,0.0,2.0,7.0,B01,138Â 297Â 910,1.0
963028,201900004559,4,22,09:05,1,2,2,1.0,3.0,91345,CORBEIL (ROUTE DE),M,"48,6927000","2,2962200",91,2019,50.0,1.0,1.0,4.0,2152449,2.0,2,4,1,4.0,,0.0,0,1991.0,B01,138Â 297Â 910,8.0,0.0,-1.0,1643672,1.0,7,,0.0,2.0,1.0,A01,138Â 297Â 911,1.0
963028,201900004559,4,22,09:05,1,2,2,1.0,3.0,91345,CORBEIL (ROUTE DE),M,"48,6927000","2,2962200",91,2019,50.0,1.0,1.0,4.0,2152450,2.0,2,1,1,9.0,,0.0,0,1992.0,B01,138Â 297Â 910,8.0,0.0,-1.0,1643671,2.0,10,,0.0,2.0,7.0,B01,138Â 297Â 910,1.0
963028,201900004559,4,22,09:05,1,2,2,1.0,3.0,91345,CORBEIL (ROUTE DE),M,"48,6927000","2,2962200",91,2019,50.0,1.0,1.0,4.0,2152450,2.0,2,1,1,9.0,,0.0,0,1992.0,B01,138Â 297Â 910,8.0,0.0,-1.0,1643672,1.0,7,,0.0,2.0,1.0,A01,138Â 297Â 911,1.0
963028,201900004559,4,22,09:05,1,2,2,1.0,3.0,91345,CORBEIL (ROUTE DE),M,"48,6927000","2,2962200",91,2019,50.0,1.0,1.0,4.0,2152451,1.0,1,1,1,5.0,,0.0,0,2000.0,A01,138Â 297Â 911,1.0,8.0,-1.0,1643671,2.0,10,,0.0,2.0,7.0,B01,138Â 297Â 910,1.0
963028,201900004559,4,22,09:05,1,2,2,1.0,3.0,91345,CORBEIL (ROUTE DE),M,"48,6927000","2,2962200",91,2019,50.0,1.0,1.0,4.0,2152451,1.0,1,1,1,5.0,,0.0,0,2000.0,A01,138Â 297Â 911,1.0,8.0,-1.0,1643672,1.0,7,,0.0,2.0,1.0,A01,138Â 297Â 911,1.0
963028,201900004559,4,22,09:05,1,2,2,1.0,3.0,91345,CORBEIL (ROUTE DE),M,"48,6927000","2,2962200",91,2019,50.0,1.0,1.0,4.0,2152452,3.0,2,1,1,0.0,,0.0,0,2001.0,A01,138Â 297Â 911,1.0,0.0,-1.0,1643671,2.0,10,,0.0,2.0,7.0,B01,138Â 297Â 910,1.0
963028,201900004559,4,22,09:05,1,2,2,1.0,3.0,91345,CORBEIL (ROUTE DE),M,"48,6927000","2,2962200",91,2019,50.0,1.0,1.0,4.0,2152452,3.0,2,1,1,0.0,,0.0,0,2001.0,A01,138Â 297Â 911,1.0,0.0,-1.0,1643672,1.0,7,,0.0,2.0,1.0,A01,138Â 297Â 911,1.0
963028,201900004559,4,22,09:05,1,2,2,1.0,3.0,91345,CORBEIL (ROUTE DE),M,"48,6927000","2,2962200",91,2019,50.0,1.0,1.0,4.0,2152453,4.0,2,1,1,0.0,,0.0,0,2001.0,A01,138Â 297Â 911,1.0,0.0,-1.0,1643671,2.0,10,,0.0,2.0,7.0,B01,138Â 297Â 910,1.0
963028,201900004559,4,22,09:05,1,2,2,1.0,3.0,91345,CORBEIL (ROUTE DE),M,"48,6927000","2,2962200",91,2019,50.0,1.0,1.0,4.0,2152453,4.0,2,1,1,0.0,,0.0,0,2001.0,A01,138Â 297Â 911,1.0,0.0,-1.0,1643672,1.0,7,,0.0,2.0,1.0,A01,138Â 297Â 911,1.0
963029,201900004560,4,25,19:35,1,2,1,1.0,6.0,91687,DU MERIDIEN (QUARTIER),M,"48,6574310","2,3740760",91,2019,50.0,1.0,1.0,4.0,2152454,1.0,1,1,1,0.0,,0.0,0,1974.0,A01,138Â 297Â 909,1.0,0.0,-1.0,1643673,1.0,7,,0.0,1.0,2.0,A01,138Â 297Â 909,1.0
963029,201900004560,4,25,19:35,1,2,1,1.0,6.0,91687,DU MERIDIEN (QUARTIER),M,"48,6574310","2,3740760",91,2019,50.0,1.0,1.0,4.0,2152455,10.0,3,3,1,0.0,,2.0,3,2013.0,A01,138Â 297Â 909,8.0,0.0,-1.0,1643673,1.0,7,,0.0,1.0,2.0,A01,138Â 297Â 909,1.0
963030,201900004561,4,24,18:40,1,2,4,1.0,7.0,91223,HENRI IV (BOULEVARD),M,"48,4342100","2,1543700",91,2019,50.0,3.0,1.0,4.0,2152456,1.0,1,4,2,5.0,,-1.0, -1,1943.0,A01,138Â 297Â 908,1.0,8.0,-1.0,1643674,0.0,7,,8.0,0.0,5.0,A01,138Â 297Â 908,1.0
963031,201900004562,4,19,17:30,1,2,6,1.0,6.0,91223,BERCHERE (BOULEVARD),M,"48,4306700","2,1557800",91,2019,50.0,1.0,1.0,4.0,2152457,10.0,3,4,1,9.0,,4.0,3,1991.0,A01,138Â 297Â 907,8.0,0.0,-1.0,1643675,0.0,7,,0.0,1.0,1.0,A01,138Â 297Â 907,1.0
963031,201900004562,4,19,17:30,1,2,6,1.0,6.0,91223,BERCHERE (BOULEVARD),M,"48,4306700","2,1557800",91,2019,50.0,1.0,1.0,4.0,2152458,1.0,1,1,2,5.0,,0.0,0,1949.0,A01,138Â 297Â 907,1.0,8.0,-1.0,1643675,0.0,7,,0.0,1.0,1.0,A01,138Â 297Â 907,1.0
963032,201900004563,4,17,18:40,1,2,1,1.0,2.0,91223,MAI 1945 (AVENUE DU 8),M,"48,4378700","2,1638900",91,2019,50.0,1.0,1.0,3.0,2152459,2.0,2,4,2,0.0,,0.0,0,1994.0,A01,138Â 297Â 905,2.0,8.0,-1.0,1643676,0.0,33,,0.0,2.0,1.0,A01,138Â 297Â 905,1.0
963032,201900004563,4,17,18:40,1,2,1,1.0,2.0,91223,MAI 1945 (AVENUE DU 8),M,"48,4378700","2,1638900",91,2019,50.0,1.0,1.0,3.0,2152459,2.0,2,4,2,0.0,,0.0,0,1994.0,A01,138Â 297Â 905,2.0,8.0,-1.0,1643677,0.0,7,,0.0,2.0,4.0,B01,138Â 297Â 906,1.0
963032,201900004563,4,17,18:40,1,2,1,1.0,2.0,91223,MAI 1945 (AVENUE DU 8),M,"48,4378700","2,1638900",91,2019,50.0,1.0,1.0,3.0,2152460,1.0,1,4,1,9.0,,0.0,0,1991.0,A01,138Â 297Â 905,2.0,8.0,-1.0,1643676,0.0,33,,0.0,2.0,1.0,A01,138Â 297Â 905,1.0
963032,201900004563,4,17,18:40,1,2,1,1.0,2.0,91223,MAI 1945 (AVENUE DU 8),M,"48,4378700","2,1638900",91,2019,50.0,1.0,1.0,3.0,2152460,1.0,1,4,1,9.0,,0.0,0,1991.0,A01,138Â 297Â 905,2.0,8.0,-1.0,1643677,0.0,7,,0.0,2.0,4.0,B01,138Â 297Â 906,1.0
963032,201900004563,4,17,18:40,1,2,1,1.0,2.0,91223,MAI 1945 (AVENUE DU 8),M,"48,4378700","2,1638900",91,2019,50.0,1.0,1.0,3.0,2152461,4.0,2,1,2,0.0,,0.0,0,2014.0,B01,138Â 297Â 906,1.0,0.0,-1.0,1643676,0.0,33,,0.0,2.0,1.0,A01,138Â 297Â 905,1.0
963032,201900004563,4,17,18:40,1,2,1,1.0,2.0,91223,MAI 1945 (AVENUE DU 8),M,"48,4378700","2,1638900",91,2019,50.0,1.0,1.0,3.0,2152461,4.0,2,1,2,0.0,,0.0,0,2014.0,B01,138Â 297Â 906,1.0,0.0,-1.0,1643677,0.0,7,,0.0,2.0,4.0,B01,138Â 297Â 906,1.0
963032,201900004563,4,17,18:40,1,2,1,1.0,2.0,91223,MAI 1945 (AVENUE DU 8),M,"48,4378700","2,1638900",91,2019,50.0,1.0,1.0,3.0,2152462,3.0,2,1,2,0.0,,0.0,0,2018.0,B01,138Â 297Â 906,3.0,8.0,-1.0,1643676,0.0,33,,0.0,2.0,1.0,A01,138Â 297Â 905,1.0
963032,201900004563,4,17,18:40,1,2,1,1.0,2.0,91223,MAI 1945 (AVENUE DU 8),M,"48,4378700","2,1638900",91,2019,50.0,1.0,1.0,3.0,2152462,3.0,2,1,2,0.0,,0.0,0,2018.0,B01,138Â 297Â 906,3.0,8.0,-1.0,1643677,0.0,7,,0.0,2.0,4.0,B01,138Â 297Â 906,1.0
963032,201900004563,4,17,18:40,1,2,1,1.0,2.0,91223,MAI 1945 (AVENUE DU 8),M,"48,4378700","2,1638900",91,2019,50.0,1.0,1.0,3.0,2152463,5.0,2,1,1,9.0,,0.0,0,2011.0,B01,138Â 297Â 906,1.0,0.0,-1.0,1643676,0.0,33,,0.0,2.0,1.0,A01,138Â 297Â 905,1.0
963032,201900004563,4,17,18:40,1,2,1,1.0,2.0,91223,MAI 1945 (AVENUE DU 8),M,"48,4378700","2,1638900",91,2019,50.0,1.0,1.0,3.0,2152463,5.0,2,1,1,9.0,,0.0,0,2011.0,B01,138Â 297Â 906,1.0,0.0,-1.0,1643677,0.0,7,,0.0,2.0,4.0,B01,138Â 297Â 906,1.0
963032,201900004563,4,17,18:40,1,2,1,1.0,2.0,91223,MAI 1945 (AVENUE DU 8),M,"48,4378700","2,1638900",91,2019,50.0,1.0,1.0,3.0,2152464,2.0,2,1,2,0.0,,0.0,0,1991.0,B01,138Â 297Â 906,1.0,0.0,-1.0,1643676,0.0,33,,0.0,2.0,1.0,A01,138Â 297Â 905,1.0
963032,201900004563,4,17,18:40,1,2,1,1.0,2.0,91223,MAI 1945 (AVENUE DU 8),M,"48,4378700","2,1638900",91,2019,50.0,1.0,1.0,3.0,2152464,2.0,2,1,2,0.0,,0.0,0,1991.0,B01,138Â 297Â 906,1.0,0.0,-1.0,1643677,0.0,7,,0.0,2.0,4.0,B01,138Â 297Â 906,1.0
963032,201900004563,4,17,18:40,1,2,1,1.0,2.0,91223,MAI 1945 (AVENUE DU 8),M,"48,4378700","2,1638900",91,2019,50.0,1.0,1.0,3.0,2152465,1.0,1,1,1,0.0,,0.0,0,1985.0,B01,138Â 297Â 906,1.0,0.0,-1.0,1643676,0.0,33,,0.0,2.0,1.0,A01,138Â 297Â 905,1.0
963032,201900004563,4,17,18:40,1,2,1,1.0,2.0,91223,MAI 1945 (AVENUE DU 8),M,"48,4378700","2,1638900",91,2019,50.0,1.0,1.0,3.0,2152465,1.0,1,1,1,0.0,,0.0,0,1985.0,B01,138Â 297Â 906,1.0,0.0,-1.0,1643677,0.0,7,,0.0,2.0,4.0,B01,138Â 297Â 906,1.0
963033,201900004564,4,20,16:50,1,2,1,1.0,6.0,91657,CONCORDE (AVENUE),M,"48,7070800","2,4167400",91,2019,50.0,1.0,1.0,4.0,2152466,10.0,3,4,1,0.0,,1.0,3,2015.0,A01,138Â 297Â 904,8.0,0.0,-1.0,1643678,2.0,7,,0.0,1.0,3.0,A01,138Â 297Â 904,0.0
963033,201900004564,4,20,16:50,1,2,1,1.0,6.0,91657,CONCORDE (AVENUE),M,"48,7070800","2,4167400",91,2019,50.0,1.0,1.0,4.0,2152467,1.0,1,1,1,5.0,,0.0,0,1993.0,A01,138Â 297Â 904,1.0,0.0,-1.0,1643678,2.0,7,,0.0,1.0,3.0,A01,138Â 297Â 904,0.0
963034,201900004565,4,18,09:40,1,2,2,1.0,1.0,91201,PIERRE BROSSOLETTE (RUE),M,"48,6925500","2,4273900",91,2019,50.0,1.0,1.0,4.0,2152468,3.0,2,4,2,0.0,,0.0,0,2004.0,B01,138Â 297Â 902,8.0,0.0,-1.0,1643679,1.0,37,5.0,0.0,2.0,2.0,B01,138Â 297Â 902,0.0
963034,201900004565,4,18,09:40,1,2,2,1.0,1.0,91201,PIERRE BROSSOLETTE (RUE),M,"48,6925500","2,4273900",91,2019,50.0,1.0,1.0,4.0,2152468,3.0,2,4,2,0.0,,0.0,0,2004.0,B01,138Â 297Â 902,8.0,0.0,-1.0,1643680,1.0,7,,0.0,2.0,3.0,C01,138Â 297Â 903,1.0
963034,201900004565,4,18,09:40,1,2,2,1.0,1.0,91201,PIERRE BROSSOLETTE (RUE),M,"48,6925500","2,4273900",91,2019,50.0,1.0,1.0,4.0,2152469,4.0,2,4,2,0.0,,0.0,0,2006.0,B01,138Â 297Â 902,8.0,0.0,-1.0,1643679,1.0,37,5.0,0.0,2.0,2.0,B01,138Â 297Â 902,0.0
963034,201900004565,4,18,09:40,1,2,2,1.0,1.0,91201,PIERRE BROSSOLETTE (RUE),M,"48,6925500","2,4273900",91,2019,50.0,1.0,1.0,4.0,2152469,4.0,2,4,2,0.0,,0.0,0,2006.0,B01,138Â 297Â 902,8.0,0.0,-1.0,1643680,1.0,7,,0.0,2.0,3.0,C01,138Â 297Â 903,1.0
963034,201900004565,4,18,09:40,1,2,2,1.0,1.0,91201,PIERRE BROSSOLETTE (RUE),M,"48,6925500","2,4273900",91,2019,50.0,1.0,1.0,4.0,2152470,8.0,2,1,2,0.0,,0.0,0,1964.0,B01,138Â 297Â 902,8.0,0.0,-1.0,1643679,1.0,37,5.0,0.0,2.0,2.0,B01,138Â 297Â 902,0.0
963034,201900004565,4,18,09:40,1,2,2,1.0,1.0,91201,PIERRE BROSSOLETTE (RUE),M,"48,6925500","2,4273900",91,2019,50.0,1.0,1.0,4.0,2152470,8.0,2,1,2,0.0,,0.0,0,1964.0,B01,138Â 297Â 902,8.0,0.0,-1.0,1643680,1.0,7,,0.0,2.0,3.0,C01,138Â 297Â 903,1.0
963034,201900004565,4,18,09:40,1,2,2,1.0,1.0,91201,PIERRE BROSSOLETTE (RUE),M,"48,6925500","2,4273900",91,2019,50.0,1.0,1.0,4.0,2152471,8.0,2,4,2,0.0,,0.0,0,2002.0,B01,138Â 297Â 902,8.0,0.0,-1.0,1643679,1.0,37,5.0,0.0,2.0,2.0,B01,138Â 297Â 902,0.0
963034,201900004565,4,18,09:40,1,2,2,1.0,1.0,91201,PIERRE BROSSOLETTE (RUE),M,"48,6925500","2,4273900",91,2019,50.0,1.0,1.0,4.0,2152471,8.0,2,4,2,0.0,,0.0,0,2002.0,B01,138Â 297Â 902,8.0,0.0,-1.0,1643680,1.0,7,,0.0,2.0,3.0,C01,138Â 297Â 903,1.0
963034,201900004565,4,18,09:40,1,2,2,1.0,1.0,91201,PIERRE BROSSOLETTE (RUE),M,"48,6925500","2,4273900",91,2019,50.0,1.0,1.0,4.0,2152472,1.0,1,4,1,4.0,,0.0,0,1986.0,B01,138Â 297Â 902,1.0,0.0,-1.0,1643679,1.0,37,5.0,0.0,2.0,2.0,B01,138Â 297Â 902,0.0
963034,201900004565,4,18,09:40,1,2,2,1.0,1.0,91201,PIERRE BROSSOLETTE (RUE),M,"48,6925500","2,4273900",91,2019,50.0,1.0,1.0,4.0,2152472,1.0,1,4,1,4.0,,0.0,0,1986.0,B01,138Â 297Â 902,1.0,0.0,-1.0,1643680,1.0,7,,0.0,2.0,3.0,C01,138Â 297Â 903,1.0
963034,201900004565,4,18,09:40,1,2,2,1.0,1.0,91201,PIERRE BROSSOLETTE (RUE),M,"48,6925500","2,4273900",91,2019,50.0,1.0,1.0,4.0,2152473,4.0,2,4,1,0.0,,0.0,0,2013.0,C01,138Â 297Â 903,8.0,0.0,-1.0,1643679,1.0,37,5.0,0.0,2.0,2.0,B01,138Â 297Â 902,0.0
963034,201900004565,4,18,09:40,1,2,2,1.0,1.0,91201,PIERRE BROSSOLETTE (RUE),M,"48,6925500","2,4273900",91,2019,50.0,1.0,1.0,4.0,2152473,4.0,2,4,1,0.0,,0.0,0,2013.0,C01,138Â 297Â 903,8.0,0.0,-1.0,1643680,1.0,7,,0.0,2.0,3.0,C01,138Â 297Â 903,1.0
963034,201900004565,4,18,09:40,1,2,2,1.0,1.0,91201,PIERRE BROSSOLETTE (RUE),M,"48,6925500","2,4273900",91,2019,50.0,1.0,1.0,4.0,2152474,2.0,2,4,1,3.0,,0.0,0,1986.0,C01,138Â 297Â 903,1.0,0.0,-1.0,1643679,1.0,37,5.0,0.0,2.0,2.0,B01,138Â 297Â 902,0.0
963034,201900004565,4,18,09:40,1,2,2,1.0,1.0,91201,PIERRE BROSSOLETTE (RUE),M,"48,6925500","2,4273900",91,2019,50.0,1.0,1.0,4.0,2152474,2.0,2,4,1,3.0,,0.0,0,1986.0,C01,138Â 297Â 903,1.0,0.0,-1.0,1643680,1.0,7,,0.0,2.0,3.0,C01,138Â 297Â 903,1.0
963034,201900004565,4,18,09:40,1,2,2,1.0,1.0,91201,PIERRE BROSSOLETTE (RUE),M,"48,6925500","2,4273900",91,2019,50.0,1.0,1.0,4.0,2152475,1.0,1,1,1,3.0,,0.0,0,1981.0,C01,138Â 297Â 903,1.0,0.0,-1.0,1643679,1.0,37,5.0,0.0,2.0,2.0,B01,138Â 297Â 902,0.0
963034,201900004565,4,18,09:40,1,2,2,1.0,1.0,91201,PIERRE BROSSOLETTE (RUE),M,"48,6925500","2,4273900",91,2019,50.0,1.0,1.0,4.0,2152475,1.0,1,1,1,3.0,,0.0,0,1981.0,C01,138Â 297Â 903,1.0,0.0,-1.0,1643680,1.0,7,,0.0,2.0,3.0,C01,138Â 297Â 903,1.0
963035,201900004566,4,25,11:30,1,1,1,2.0,6.0,91174,JEAN COCTEAU (RUE),M,"48,6092600","2,4473200",91,2019,30.0,1.0,2.0,6.0,2152476,10.0,3,4,1,3.0,,3.0,3,1990.0,A01,138Â 297Â 901,8.0,0.0,-1.0,1643681,3.0,7,,0.0,1.0,2.0,A01,138Â 297Â 901,1.0
963035,201900004566,4,25,11:30,1,1,1,2.0,6.0,91174,JEAN COCTEAU (RUE),M,"48,6092600","2,4473200",91,2019,30.0,1.0,2.0,6.0,2152477,1.0,1,1,1,0.0,,0.0,0,1951.0,A01,138Â 297Â 901,1.0,0.0,-1.0,1643681,3.0,7,,0.0,1.0,2.0,A01,138Â 297Â 901,1.0
963036,201900004567,4,20,01:20,3,2,9,1.0,6.0,91027,MITTERAND (AVENUE FRANCOIS) NÂ° 112 A 188,M,"48,7129500","2,3715900",91,2019,50.0,1.0,1.0,9.0,2152478,10.0,3,4,1,5.0,,9.0,5,2000.0,A01,138Â 297Â 900,8.0,0.0,-1.0,1643682,3.0,7,,0.0,1.0,1.0,A01,138Â 297Â 900,0.0
963037,201900004568,4,19,21:40,5,2,3,1.0,1.0,91027,POINTE (RUE DE LA),M,"48,7064700","2,3735400",91,2019,30.0,1.0,1.0,4.0,2152479,1.0,1,1,1,0.0,,0.0,0,1982.0,A01,138Â 297Â 898,1.0,0.0,-1.0,1643683,1.0,7,,0.0,2.0,7.0,A01,138Â 297Â 898,1.0
963037,201900004568,4,19,21:40,5,2,3,1.0,1.0,91027,POINTE (RUE DE LA),M,"48,7064700","2,3735400",91,2019,30.0,1.0,1.0,4.0,2152479,1.0,1,1,1,0.0,,0.0,0,1982.0,A01,138Â 297Â 898,1.0,0.0,-1.0,1643684,2.0,34,,0.0,2.0,8.0,B01,138Â 297Â 899,1.0
963037,201900004568,4,19,21:40,5,2,3,1.0,1.0,91027,POINTE (RUE DE LA),M,"48,7064700","2,3735400",91,2019,30.0,1.0,1.0,4.0,2152480,1.0,1,4,1,0.0,,0.0,0,1988.0,B01,138Â 297Â 899,2.0,6.0,-1.0,1643683,1.0,7,,0.0,2.0,7.0,A01,138Â 297Â 898,1.0
963037,201900004568,4,19,21:40,5,2,3,1.0,1.0,91027,POINTE (RUE DE LA),M,"48,7064700","2,3735400",91,2019,30.0,1.0,1.0,4.0,2152480,1.0,1,4,1,0.0,,0.0,0,1988.0,B01,138Â 297Â 899,2.0,6.0,-1.0,1643684,2.0,34,,0.0,2.0,8.0,B01,138Â 297Â 899,1.0
963038,201900004569,4,20,20:45,2,2,1,1.0,7.0,91021,GRANDE (RUE),M,"48,5880700","2,2448400",91,2019,50.0,1.0,1.0,4.0,2152481,1.0,1,4,1,0.0,,0.0,0,1987.0,A01,138Â 297Â 897,8.0,0.0,-1.0,1643685,2.0,32,,9.0,0.0,1.0,A01,138Â 297Â 897,0.0
963039,201900004570,4,18,13:00,1,2,1,1.0,7.0,91103,CD 19,M,"48,5927930","2,3101470",91,2019,90.0,3.0,1.0,3.0,2152482,1.0,1,4,1,0.0,,0.0,0,1985.0,A01,138Â 297Â 896,1.0,0.0,-1.0,1643686,2.0,7,,3.0,0.0,1.0,A01,138Â 297Â 896,0.0
963040,201900004571,4,18,08:55,1,2,1,1.0,3.0,91552,NATIONALE 20 (ROUTE),M,"48,6046300","2,2492200",91,2019,50.0,1.0,1.0,2.0,2152483,1.0,1,1,2,1.0,,0.0,0,1977.0,B01,138Â 297Â 894,1.0,0.0,-1.0,1643687,1.0,7,,0.0,2.0,6.0,B01,138Â 297Â 894,1.0
963040,201900004571,4,18,08:55,1,2,1,1.0,3.0,91552,NATIONALE 20 (ROUTE),M,"48,6046300","2,2492200",91,2019,50.0,1.0,1.0,2.0,2152483,1.0,1,1,2,1.0,,0.0,0,1977.0,B01,138Â 297Â 894,1.0,0.0,-1.0,1643688,1.0,33,,0.0,2.0,1.0,A01,138Â 297Â 895,1.0
963040,201900004571,4,18,08:55,1,2,1,1.0,3.0,91552,NATIONALE 20 (ROUTE),M,"48,6046300","2,2492200",91,2019,50.0,1.0,1.0,2.0,2152484,1.0,1,4,1,1.0,,0.0,0,1977.0,A01,138Â 297Â 895,2.0,0.0,-1.0,1643687,1.0,7,,0.0,2.0,6.0,B01,138Â 297Â 894,1.0
963040,201900004571,4,18,08:55,1,2,1,1.0,3.0,91552,NATIONALE 20 (ROUTE),M,"48,6046300","2,2492200",91,2019,50.0,1.0,1.0,2.0,2152484,1.0,1,4,1,1.0,,0.0,0,1977.0,A01,138Â 297Â 895,2.0,0.0,-1.0,1643688,1.0,33,,0.0,2.0,1.0,A01,138Â 297Â 895,1.0
963041,201900004572,4,21,21:00,5,2,9,1.0,7.0,88413,RUE DES 3 VILLES,M,"48,2875000","6,9447000",88,2019,50.0,1.0,1.0,7.0,2152485,1.0,1,4,1,5.0,,-1.0, -1,1974.0,A01,138Â 297Â 893,2.0,0.0,-1.0,1643689,2.0,30,,0.0,0.0,0.0,A01,138Â 297Â 893,1.0
963042,201900004573,4,25,09:05,1,2,2,2.0,3.0,87085,ISLE (RUE D'),M,"45,8247000","1,2345700",87,2019,50.0,1.0,2.0,4.0,2152486,1.0,1,4,2,5.0,,0.0,0,1955.0,A01,138Â 297Â 889,1.0,0.0,-1.0,1643690,1.0,7,,0.0,2.0,3.0,A01,138Â 297Â 889,1.0
963042,201900004573,4,25,09:05,1,2,2,2.0,3.0,87085,ISLE (RUE D'),M,"45,8247000","1,2345700",87,2019,50.0,1.0,2.0,4.0,2152486,1.0,1,4,2,5.0,,0.0,0,1955.0,A01,138Â 297Â 889,1.0,0.0,-1.0,1643691,1.0,7,,0.0,2.0,1.0,B01,138Â 297Â 890,1.0
963042,201900004573,4,25,09:05,1,2,2,2.0,3.0,87085,ISLE (RUE D'),M,"45,8247000","1,2345700",87,2019,50.0,1.0,2.0,4.0,2152487,1.0,1,1,1,5.0,,0.0,0,1950.0,B01,138Â 297Â 890,1.0,0.0,-1.0,1643690,1.0,7,,0.0,2.0,3.0,A01,138Â 297Â 889,1.0
963042,201900004573,4,25,09:05,1,2,2,2.0,3.0,87085,ISLE (RUE D'),M,"45,8247000","1,2345700",87,2019,50.0,1.0,2.0,4.0,2152487,1.0,1,1,1,5.0,,0.0,0,1950.0,B01,138Â 297Â 890,1.0,0.0,-1.0,1643691,1.0,7,,0.0,2.0,1.0,B01,138Â 297Â 890,1.0
963042,201900004573,4,25,09:05,1,2,2,2.0,3.0,87085,ISLE (RUE D'),M,"45,8247000","1,2345700",87,2019,50.0,1.0,2.0,4.0,2152488,2.0,2,1,2,5.0,,0.0,0,2010.0,B01,138Â 297Â 890,3.0,0.0,-1.0,1643690,1.0,7,,0.0,2.0,3.0,A01,138Â 297Â 889,1.0