Unnamed: 0_x,num_acc,mois,jour,hrmn,lum,agg,int,atm,col,com,adr,gps,lat,long,dep,annee,vma,situ,surf,catr,Unnamed: 0_y,place,catu,grav,sexe,trajet,secu,locp,actp,an_nais,num_veh_x,id_vehicule_x,secu1,secu2,secu3,Unnamed: 0,senc,catv,occutc,obs,obsm,choc,num_veh_y,id_vehicule_y,motor
963042,201900004573,4,25,09:05,1,2,2,2.0,3.0,87085,ISLE (RUE D'),M,"45,8247000","1,2345700",87,2019,50.0,1.0,2.0,4.0,2152488,2.0,2,1,2,5.0,,0.0,0,2010.0,B01,138Â 297Â 890,3.0,0.0,-1.0,1643691,1.0,7,,0.0,2.0,1.0,B01,138Â 297Â 890,1.0
963042,201900004573,4,25,09:05,1,2,2,2.0,3.0,87085,ISLE (RUE D'),M,"45,8247000","1,2345700",87,2019,50.0,1.0,2.0,4.0,2152489,3.0,2,1,2,5.0,,0.0,0,1952.0,B01,138Â 297Â 890,1.0,0.0,-1.0,1643690,1.0,7,,0.0,2.0,3.0,A01,138Â 297Â 889,1.0
963042,201900004573,4,25,09:05,1,2,2,2.0,3.0,87085,ISLE (RUE D'),M,"45,8247000","1,2345700",87,2019,50.0,1.0,2.0,4.0,2152489,3.0,2,1,2,5.0,,0.0,0,1952.0,B01,138Â 297Â 890,1.0,0.0,-1.0,1643691,1.0,7,,0.0,2.0,1.0,B01,138Â 297Â 890,1.0
963043,201900004574,4,21,12:34,1,2,3,1.0,3.0,87085,VIGENAL (BOULEVARD DU),M,"45,8523100","1,2524600",87,2019,50.0,1.0,1.0,4.0,2152490,1.0,1,3,1,4.0,,0.0,0,1981.0,B01,138Â 297Â 886,2.0,0.0,-1.0,1643692,1.0,2,,0.0,2.0,8.0,B01,138Â 297Â 886,1.0
963043,201900004574,4,21,12:34,1,2,3,1.0,3.0,87085,VIGENAL (BOULEVARD DU),M,"45,8523100","1,2524600",87,2019,50.0,1.0,1.0,4.0,2152490,1.0,1,3,1,4.0,,0.0,0,1981.0,B01,138Â 297Â 886,2.0,0.0,-1.0,1643693,1.0,10,,0.0,2.0,1.0,A01,138Â 297Â 887,1.0
963043,201900004574,4,21,12:34,1,2,3,1.0,3.0,87085,VIGENAL (BOULEVARD DU),M,"45,8523100","1,2524600",87,2019,50.0,1.0,1.0,4.0,2152491,1.0,1,1,1,4.0,,0.0,0,1981.0,A01,138Â 297Â 887,1.0,0.0,-1.0,1643692,1.0,2,,0.0,2.0,8.0,B01,138Â 297Â 886,1.0
963043,201900004574,4,21,12:34,1,2,3,1.0,3.0,87085,VIGENAL (BOULEVARD DU),M,"45,8523100","1,2524600",87,2019,50.0,1.0,1.0,4.0,2152491,1.0,1,1,1,4.0,,0.0,0,1981.0,A01,138Â 297Â 887,1.0,0.0,-1.0,1643693,1.0,10,,0.0,2.0,1.0,A01,138Â 297Â 887,1.0
963043,201900004574,4,21,12:34,1,2,3,1.0,3.0,87085,VIGENAL (BOULEVARD DU),M,"45,8523100","1,2524600",87,2019,50.0,1.0,1.0,4.0,2152492,2.0,2,1,1,4.0,,0.0,0,1992.0,A01,138Â 297Â 887,1.0,0.0,-1.0,1643692,1.0,2,,0.0,2.0,8.0,B01,138Â 297Â 886,1.0
963043,201900004574,4,21,12:34,1,2,3,1.0,3.0,87085,VIGENAL (BOULEVARD DU),M,"45,8523100","1,2524600",87,2019,50.0,1.0,1.0,4.0,2152492,2.0,2,1,1,4.0,,0.0,0,1992.0,A01,138Â 297Â 887,1.0,0.0,-1.0,1643693,1.0,10,,0.0,2.0,1.0,A01,138Â 297Â 887,1.0
963044,201900004575,4,21,10:31,1,2,1,1.0,6.0,87114,BRASSENS (GEORGES-),M,"45,8351100","1,3052600",87,2019,50.0,1.0,1.0,4.0,2152493,1.0,1,4,2,5.0,,0.0,0,1946.0,A01,138Â 297Â 885,8.0,0.0,-1.0,1643694,2.0,7,,0.0,2.0,5.0,A01,138Â 297Â 885,1.0
963045,201900004576,4,19,16:19,1,1,1,1.0,4.0,87085,NEXON (RUE DE),M,"45,8050100","1,2524200",87,2019,80.0,1.0,1.0,3.0,2152494,1.0,1,4,2,5.0,,0.0,0,1992.0,A01,138Â 297Â 881,1.0,0.0,-1.0,1643695,1.0,7,,0.0,2.0,1.0,A01,138Â 297Â 881,1.0
963045,201900004576,4,19,16:19,1,1,1,1.0,4.0,87085,NEXON (RUE DE),M,"45,8050100","1,2524200",87,2019,80.0,1.0,1.0,3.0,2152494,1.0,1,4,2,5.0,,0.0,0,1992.0,A01,138Â 297Â 881,1.0,0.0,-1.0,1643696,1.0,7,,0.0,2.0,4.0,C01,138Â 297Â 882,1.0
963045,201900004576,4,19,16:19,1,1,1,1.0,4.0,87085,NEXON (RUE DE),M,"45,8050100","1,2524200",87,2019,80.0,1.0,1.0,3.0,2152494,1.0,1,4,2,5.0,,0.0,0,1992.0,A01,138Â 297Â 881,1.0,0.0,-1.0,1643697,2.0,7,,0.0,2.0,4.0,B01,138Â 297Â 883,1.0
963045,201900004576,4,19,16:19,1,1,1,1.0,4.0,87085,NEXON (RUE DE),M,"45,8050100","1,2524200",87,2019,80.0,1.0,1.0,3.0,2152494,1.0,1,4,2,5.0,,0.0,0,1992.0,A01,138Â 297Â 881,1.0,0.0,-1.0,1643698,1.0,7,,0.0,2.0,4.0,D01,138Â 297Â 884,1.0
963045,201900004576,4,19,16:19,1,1,1,1.0,4.0,87085,NEXON (RUE DE),M,"45,8050100","1,2524200",87,2019,80.0,1.0,1.0,3.0,2152495,1.0,1,1,2,5.0,,0.0,0,1985.0,C01,138Â 297Â 882,1.0,0.0,-1.0,1643695,1.0,7,,0.0,2.0,1.0,A01,138Â 297Â 881,1.0
963045,201900004576,4,19,16:19,1,1,1,1.0,4.0,87085,NEXON (RUE DE),M,"45,8050100","1,2524200",87,2019,80.0,1.0,1.0,3.0,2152495,1.0,1,1,2,5.0,,0.0,0,1985.0,C01,138Â 297Â 882,1.0,0.0,-1.0,1643696,1.0,7,,0.0,2.0,4.0,C01,138Â 297Â 882,1.0
963045,201900004576,4,19,16:19,1,1,1,1.0,4.0,87085,NEXON (RUE DE),M,"45,8050100","1,2524200",87,2019,80.0,1.0,1.0,3.0,2152495,1.0,1,1,2,5.0,,0.0,0,1985.0,C01,138Â 297Â 882,1.0,0.0,-1.0,1643697,2.0,7,,0.0,2.0,4.0,B01,138Â 297Â 883,1.0
963045,201900004576,4,19,16:19,1,1,1,1.0,4.0,87085,NEXON (RUE DE),M,"45,8050100","1,2524200",87,2019,80.0,1.0,1.0,3.0,2152495,1.0,1,1,2,5.0,,0.0,0,1985.0,C01,138Â 297Â 882,1.0,0.0,-1.0,1643698,1.0,7,,0.0,2.0,4.0,D01,138Â 297Â 884,1.0
963045,201900004576,4,19,16:19,1,1,1,1.0,4.0,87085,NEXON (RUE DE),M,"45,8050100","1,2524200",87,2019,80.0,1.0,1.0,3.0,2152496,1.0,1,1,2,5.0,,0.0,0,1972.0,B01,138Â 297Â 883,1.0,0.0,-1.0,1643695,1.0,7,,0.0,2.0,1.0,A01,138Â 297Â 881,1.0
963045,201900004576,4,19,16:19,1,1,1,1.0,4.0,87085,NEXON (RUE DE),M,"45,8050100","1,2524200",87,2019,80.0,1.0,1.0,3.0,2152496,1.0,1,1,2,5.0,,0.0,0,1972.0,B01,138Â 297Â 883,1.0,0.0,-1.0,1643696,1.0,7,,0.0,2.0,4.0,C01,138Â 297Â 882,1.0
963045,201900004576,4,19,16:19,1,1,1,1.0,4.0,87085,NEXON (RUE DE),M,"45,8050100","1,2524200",87,2019,80.0,1.0,1.0,3.0,2152496,1.0,1,1,2,5.0,,0.0,0,1972.0,B01,138Â 297Â 883,1.0,0.0,-1.0,1643697,2.0,7,,0.0,2.0,4.0,B01,138Â 297Â 883,1.0
963045,201900004576,4,19,16:19,1,1,1,1.0,4.0,87085,NEXON (RUE DE),M,"45,8050100","1,2524200",87,2019,80.0,1.0,1.0,3.0,2152496,1.0,1,1,2,5.0,,0.0,0,1972.0,B01,138Â 297Â 883,1.0,0.0,-1.0,1643698,1.0,7,,0.0,2.0,4.0,D01,138Â 297Â 884,1.0
963045,201900004576,4,19,16:19,1,1,1,1.0,4.0,87085,NEXON (RUE DE),M,"45,8050100","1,2524200",87,2019,80.0,1.0,1.0,3.0,2152497,1.0,1,1,2,5.0,,0.0,0,1962.0,D01,138Â 297Â 884,1.0,0.0,-1.0,1643695,1.0,7,,0.0,2.0,1.0,A01,138Â 297Â 881,1.0
963045,201900004576,4,19,16:19,1,1,1,1.0,4.0,87085,NEXON (RUE DE),M,"45,8050100","1,2524200",87,2019,80.0,1.0,1.0,3.0,2152497,1.0,1,1,2,5.0,,0.0,0,1962.0,D01,138Â 297Â 884,1.0,0.0,-1.0,1643696,1.0,7,,0.0,2.0,4.0,C01,138Â 297Â 882,1.0
963045,201900004576,4,19,16:19,1,1,1,1.0,4.0,87085,NEXON (RUE DE),M,"45,8050100","1,2524200",87,2019,80.0,1.0,1.0,3.0,2152497,1.0,1,1,2,5.0,,0.0,0,1962.0,D01,138Â 297Â 884,1.0,0.0,-1.0,1643697,2.0,7,,0.0,2.0,4.0,B01,138Â 297Â 883,1.0
963045,201900004576,4,19,16:19,1,1,1,1.0,4.0,87085,NEXON (RUE DE),M,"45,8050100","1,2524200",87,2019,80.0,1.0,1.0,3.0,2152497,1.0,1,1,2,5.0,,0.0,0,1962.0,D01,138Â 297Â 884,1.0,0.0,-1.0,1643698,1.0,7,,0.0,2.0,4.0,D01,138Â 297Â 884,1.0
963046,201900004577,4,19,21:35,5,2,3,1.0,6.0,87085,MONTJOVIS (AVENUE),M,"45,8447000","1,2456800",87,2019,50.0,1.0,1.0,4.0,2152498,3.0,2,3,1,5.0,,0.0,0,1991.0,A01,138Â 297Â 880,8.0,0.0,-1.0,1643699,1.0,33,,12.0,0.0,1.0,A01,138Â 297Â 880,1.0
963047,201900004578,4,19,09:40,1,2,2,1.0,3.0,87085,BORIE (BOULEVARD DE LA),M,"45,8345100","1,2259200",87,2019,50.0,1.0,1.0,3.0,2152499,1.0,1,4,2,1.0,,0.0,0,1983.0,B01,138Â 297Â 878,1.0,0.0,-1.0,1643700,1.0,7,,0.0,2.0,1.0,B01,138Â 297Â 878,1.0
963047,201900004578,4,19,09:40,1,2,2,1.0,3.0,87085,BORIE (BOULEVARD DE LA),M,"45,8345100","1,2259200",87,2019,50.0,1.0,1.0,3.0,2152499,1.0,1,4,2,1.0,,0.0,0,1983.0,B01,138Â 297Â 878,1.0,0.0,-1.0,1643701,2.0,7,,0.0,2.0,3.0,A01,138Â 297Â 879,1.0
963047,201900004578,4,19,09:40,1,2,2,1.0,3.0,87085,BORIE (BOULEVARD DE LA),M,"45,8345100","1,2259200",87,2019,50.0,1.0,1.0,3.0,2152500,1.0,1,4,2,5.0,,0.0,0,1947.0,A01,138Â 297Â 879,1.0,0.0,-1.0,1643700,1.0,7,,0.0,2.0,1.0,B01,138Â 297Â 878,1.0
963047,201900004578,4,19,09:40,1,2,2,1.0,3.0,87085,BORIE (BOULEVARD DE LA),M,"45,8345100","1,2259200",87,2019,50.0,1.0,1.0,3.0,2152500,1.0,1,4,2,5.0,,0.0,0,1947.0,A01,138Â 297Â 879,1.0,0.0,-1.0,1643701,2.0,7,,0.0,2.0,3.0,A01,138Â 297Â 879,1.0
963048,201900004579,4,18,18:35,1,1,4,1.0,5.0,87038,RN520 (COUZEIX),M,"45,9018600","1,2287000",87,2019,50.0,1.0,1.0,2.0,2152501,1.0,1,3,1,4.0,,0.0,0,1981.0,C01,138Â 297Â 875,1.0,-1.0,-1.0,1643702,1.0,7,,0.0,2.0,3.0,C01,138Â 297Â 875,1.0
963048,201900004579,4,18,18:35,1,1,4,1.0,5.0,87038,RN520 (COUZEIX),M,"45,9018600","1,2287000",87,2019,50.0,1.0,1.0,2.0,2152501,1.0,1,3,1,4.0,,0.0,0,1981.0,C01,138Â 297Â 875,1.0,-1.0,-1.0,1643703,2.0,7,,0.0,2.0,3.0,B01,138Â 297Â 876,1.0
963048,201900004579,4,18,18:35,1,1,4,1.0,5.0,87038,RN520 (COUZEIX),M,"45,9018600","1,2287000",87,2019,50.0,1.0,1.0,2.0,2152501,1.0,1,3,1,4.0,,0.0,0,1981.0,C01,138Â 297Â 875,1.0,-1.0,-1.0,1643704,1.0,7,,13.0,0.0,1.0,A01,138Â 297Â 877,1.0
963048,201900004579,4,18,18:35,1,1,4,1.0,5.0,87038,RN520 (COUZEIX),M,"45,9018600","1,2287000",87,2019,50.0,1.0,1.0,2.0,2152502,1.0,1,1,1,5.0,,0.0,0,1975.0,B01,138Â 297Â 876,1.0,-1.0,-1.0,1643702,1.0,7,,0.0,2.0,3.0,C01,138Â 297Â 875,1.0
963048,201900004579,4,18,18:35,1,1,4,1.0,5.0,87038,RN520 (COUZEIX),M,"45,9018600","1,2287000",87,2019,50.0,1.0,1.0,2.0,2152502,1.0,1,1,1,5.0,,0.0,0,1975.0,B01,138Â 297Â 876,1.0,-1.0,-1.0,1643703,2.0,7,,0.0,2.0,3.0,B01,138Â 297Â 876,1.0
963048,201900004579,4,18,18:35,1,1,4,1.0,5.0,87038,RN520 (COUZEIX),M,"45,9018600","1,2287000",87,2019,50.0,1.0,1.0,2.0,2152502,1.0,1,1,1,5.0,,0.0,0,1975.0,B01,138Â 297Â 876,1.0,-1.0,-1.0,1643704,1.0,7,,13.0,0.0,1.0,A01,138Â 297Â 877,1.0
963048,201900004579,4,18,18:35,1,1,4,1.0,5.0,87038,RN520 (COUZEIX),M,"45,9018600","1,2287000",87,2019,50.0,1.0,1.0,2.0,2152503,2.0,2,4,2,5.0,,0.0,0,1973.0,B01,138Â 297Â 876,1.0,-1.0,-1.0,1643702,1.0,7,,0.0,2.0,3.0,C01,138Â 297Â 875,1.0
963048,201900004579,4,18,18:35,1,1,4,1.0,5.0,87038,RN520 (COUZEIX),M,"45,9018600","1,2287000",87,2019,50.0,1.0,1.0,2.0,2152503,2.0,2,4,2,5.0,,0.0,0,1973.0,B01,138Â 297Â 876,1.0,-1.0,-1.0,1643703,2.0,7,,0.0,2.0,3.0,B01,138Â 297Â 876,1.0
963048,201900004579,4,18,18:35,1,1,4,1.0,5.0,87038,RN520 (COUZEIX),M,"45,9018600","1,2287000",87,2019,50.0,1.0,1.0,2.0,2152503,2.0,2,4,2,5.0,,0.0,0,1973.0,B01,138Â 297Â 876,1.0,-1.0,-1.0,1643704,1.0,7,,13.0,0.0,1.0,A01,138Â 297Â 877,1.0
963048,201900004579,4,18,18:35,1,1,4,1.0,5.0,87038,RN520 (COUZEIX),M,"45,9018600","1,2287000",87,2019,50.0,1.0,1.0,2.0,2152504,5.0,2,1,2,5.0,,0.0,0,2004.0,B01,138Â 297Â 876,1.0,-1.0,-1.0,1643702,1.0,7,,0.0,2.0,3.0,C01,138Â 297Â 875,1.0
963048,201900004579,4,18,18:35,1,1,4,1.0,5.0,87038,RN520 (COUZEIX),M,"45,9018600","1,2287000",87,2019,50.0,1.0,1.0,2.0,2152504,5.0,2,1,2,5.0,,0.0,0,2004.0,B01,138Â 297Â 876,1.0,-1.0,-1.0,1643703,2.0,7,,0.0,2.0,3.0,B01,138Â 297Â 876,1.0
963048,201900004579,4,18,18:35,1,1,4,1.0,5.0,87038,RN520 (COUZEIX),M,"45,9018600","1,2287000",87,2019,50.0,1.0,1.0,2.0,2152504,5.0,2,1,2,5.0,,0.0,0,2004.0,B01,138Â 297Â 876,1.0,-1.0,-1.0,1643704,1.0,7,,13.0,0.0,1.0,A01,138Â 297Â 877,1.0
963048,201900004579,4,18,18:35,1,1,4,1.0,5.0,87038,RN520 (COUZEIX),M,"45,9018600","1,2287000",87,2019,50.0,1.0,1.0,2.0,2152505,3.0,2,1,1,5.0,,0.0,0,2006.0,B01,138Â 297Â 876,1.0,-1.0,-1.0,1643702,1.0,7,,0.0,2.0,3.0,C01,138Â 297Â 875,1.0
963048,201900004579,4,18,18:35,1,1,4,1.0,5.0,87038,RN520 (COUZEIX),M,"45,9018600","1,2287000",87,2019,50.0,1.0,1.0,2.0,2152505,3.0,2,1,1,5.0,,0.0,0,2006.0,B01,138Â 297Â 876,1.0,-1.0,-1.0,1643703,2.0,7,,0.0,2.0,3.0,B01,138Â 297Â 876,1.0
963048,201900004579,4,18,18:35,1,1,4,1.0,5.0,87038,RN520 (COUZEIX),M,"45,9018600","1,2287000",87,2019,50.0,1.0,1.0,2.0,2152505,3.0,2,1,1,5.0,,0.0,0,2006.0,B01,138Â 297Â 876,1.0,-1.0,-1.0,1643704,1.0,7,,13.0,0.0,1.0,A01,138Â 297Â 877,1.0
963048,201900004579,4,18,18:35,1,1,4,1.0,5.0,87038,RN520 (COUZEIX),M,"45,9018600","1,2287000",87,2019,50.0,1.0,1.0,2.0,2152506,4.0,2,4,1,5.0,,0.0,0,2009.0,B01,138Â 297Â 876,1.0,-1.0,-1.0,1643702,1.0,7,,0.0,2.0,3.0,C01,138Â 297Â 875,1.0
963048,201900004579,4,18,18:35,1,1,4,1.0,5.0,87038,RN520 (COUZEIX),M,"45,9018600","1,2287000",87,2019,50.0,1.0,1.0,2.0,2152506,4.0,2,4,1,5.0,,0.0,0,2009.0,B01,138Â 297Â 876,1.0,-1.0,-1.0,1643703,2.0,7,,0.0,2.0,3.0,B01,138Â 297Â 876,1.0
963048,201900004579,4,18,18:35,1,1,4,1.0,5.0,87038,RN520 (COUZEIX),M,"45,9018600","1,2287000",87,2019,50.0,1.0,1.0,2.0,2152506,4.0,2,4,1,5.0,,0.0,0,2009.0,B01,138Â 297Â 876,1.0,-1.0,-1.0,1643704,1.0,7,,13.0,0.0,1.0,A01,138Â 297Â 877,1.0
963048,201900004579,4,18,18:35,1,1,4,1.0,5.0,87038,RN520 (COUZEIX),M,"45,9018600","1,2287000",87,2019,50.0,1.0,1.0,2.0,2152507,1.0,1,1,1,5.0,,0.0,0,1987.0,A01,138Â 297Â 877,1.0,-1.0,-1.0,1643702,1.0,7,,0.0,2.0,3.0,C01,138Â 297Â 875,1.0
963048,201900004579,4,18,18:35,1,1,4,1.0,5.0,87038,RN520 (COUZEIX),M,"45,9018600","1,2287000",87,2019,50.0,1.0,1.0,2.0,2152507,1.0,1,1,1,5.0,,0.0,0,1987.0,A01,138Â 297Â 877,1.0,-1.0,-1.0,1643703,2.0,7,,0.0,2.0,3.0,B01,138Â 297Â 876,1.0
963048,201900004579,4,18,18:35,1,1,4,1.0,5.0,87038,RN520 (COUZEIX),M,"45,9018600","1,2287000",87,2019,50.0,1.0,1.0,2.0,2152507,1.0,1,1,1,5.0,,0.0,0,1987.0,A01,138Â 297Â 877,1.0,-1.0,-1.0,1643704,1.0,7,,13.0,0.0,1.0,A01,138Â 297Â 877,1.0
963048,201900004579,4,18,18:35,1,1,4,1.0,5.0,87038,RN520 (COUZEIX),M,"45,9018600","1,2287000",87,2019,50.0,1.0,1.0,2.0,2152508,2.0,2,1,2,5.0,,0.0,0,1987.0,A01,138Â 297Â 877,1.0,-1.0,-1.0,1643702,1.0,7,,0.0,2.0,3.0,C01,138Â 297Â 875,1.0
963048,201900004579,4,18,18:35,1,1,4,1.0,5.0,87038,RN520 (COUZEIX),M,"45,9018600","1,2287000",87,2019,50.0,1.0,1.0,2.0,2152508,2.0,2,1,2,5.0,,0.0,0,1987.0,A01,138Â 297Â 877,1.0,-1.0,-1.0,1643703,2.0,7,,0.0,2.0,3.0,B01,138Â 297Â 876,1.0
963048,201900004579,4,18,18:35,1,1,4,1.0,5.0,87038,RN520 (COUZEIX),M,"45,9018600","1,2287000",87,2019,50.0,1.0,1.0,2.0,2152508,2.0,2,1,2,5.0,,0.0,0,1987.0,A01,138Â 297Â 877,1.0,-1.0,-1.0,1643704,1.0,7,,13.0,0.0,1.0,A01,138Â 297Â 877,1.0
963049,201900004580,4,17,19:44,1,2,2,1.0,3.0,87085,BORIE (BOULEVARD DE LA),M,"45,8352200","1,2269100",87,2019,50.0,1.0,1.0,4.0,2152509,1.0,1,4,2,4.0,,0.0,0,1962.0,B01,138Â 297Â 873,1.0,0.0,-1.0,1643705,2.0,7,,0.0,2.0,2.0,B01,138Â 297Â 873,1.0
963049,201900004580,4,17,19:44,1,2,2,1.0,3.0,87085,BORIE (BOULEVARD DE LA),M,"45,8352200","1,2269100",87,2019,50.0,1.0,1.0,4.0,2152509,1.0,1,4,2,4.0,,0.0,0,1962.0,B01,138Â 297Â 873,1.0,0.0,-1.0,1643706,1.0,7,,0.0,2.0,1.0,A01,138Â 297Â 874,1.0
963049,201900004580,4,17,19:44,1,2,2,1.0,3.0,87085,BORIE (BOULEVARD DE LA),M,"45,8352200","1,2269100",87,2019,50.0,1.0,1.0,4.0,2152510,1.0,1,1,2,5.0,,0.0,0,1986.0,A01,138Â 297Â 874,1.0,0.0,-1.0,1643705,2.0,7,,0.0,2.0,2.0,B01,138Â 297Â 873,1.0
963049,201900004580,4,17,19:44,1,2,2,1.0,3.0,87085,BORIE (BOULEVARD DE LA),M,"45,8352200","1,2269100",87,2019,50.0,1.0,1.0,4.0,2152510,1.0,1,1,2,5.0,,0.0,0,1986.0,A01,138Â 297Â 874,1.0,0.0,-1.0,1643706,1.0,7,,0.0,2.0,1.0,A01,138Â 297Â 874,1.0
963050,201900004581,4,16,08:54,1,2,6,2.0,3.0,87085,SAGNES (RUE DES),M,"45,8781300","1,2902500",87,2019,50.0,1.0,2.0,4.0,2152511,1.0,1,1,1,5.0,,0.0,0,1961.0,A01,138Â 297Â 871,1.0,0.0,-1.0,1643707,2.0,7,,0.0,2.0,3.0,A01,138Â 297Â 871,1.0
963050,201900004581,4,16,08:54,1,2,6,2.0,3.0,87085,SAGNES (RUE DES),M,"45,8781300","1,2902500",87,2019,50.0,1.0,2.0,4.0,2152511,1.0,1,1,1,5.0,,0.0,0,1961.0,A01,138Â 297Â 871,1.0,0.0,-1.0,1643708,2.0,30,,0.0,2.0,7.0,B01,138Â 297Â 872,0.0
963050,201900004581,4,16,08:54,1,2,6,2.0,3.0,87085,SAGNES (RUE DES),M,"45,8781300","1,2902500",87,2019,50.0,1.0,2.0,4.0,2152512,1.0,1,4,1,5.0,,0.0,0,1953.0,B01,138Â 297Â 872,2.0,6.0,-1.0,1643707,2.0,7,,0.0,2.0,3.0,A01,138Â 297Â 871,1.0
963050,201900004581,4,16,08:54,1,2,6,2.0,3.0,87085,SAGNES (RUE DES),M,"45,8781300","1,2902500",87,2019,50.0,1.0,2.0,4.0,2152512,1.0,1,4,1,5.0,,0.0,0,1953.0,B01,138Â 297Â 872,2.0,6.0,-1.0,1643708,2.0,30,,0.0,2.0,7.0,B01,138Â 297Â 872,0.0
963051,201900004582,4,24,17:35,1,1,1,2.0,2.0,86158,RN.147,M,"46,6288300","0,2955600",86,2019,110.0,1.0,2.0,2.0,2152513,1.0,1,4,1,1.0,,-1.0,0,1989.0,A01,138Â 297Â 869,2.0,8.0,-1.0,1643709,1.0,33,,0.0,2.0,1.0,A01,138Â 297Â 869,0.0
963051,201900004582,4,24,17:35,1,1,1,2.0,2.0,86158,RN.147,M,"46,6288300","0,2955600",86,2019,110.0,1.0,2.0,2.0,2152513,1.0,1,4,1,1.0,,-1.0,0,1989.0,A01,138Â 297Â 869,2.0,8.0,-1.0,1643710,1.0,7,,0.0,2.0,6.0,B01,138Â 297Â 870,0.0
963051,201900004582,4,24,17:35,1,1,1,2.0,2.0,86158,RN.147,M,"46,6288300","0,2955600",86,2019,110.0,1.0,2.0,2.0,2152514,1.0,1,1,1,4.0,,-1.0,0,1976.0,B01,138Â 297Â 870,1.0,8.0,-1.0,1643709,1.0,33,,0.0,2.0,1.0,A01,138Â 297Â 869,0.0
963051,201900004582,4,24,17:35,1,1,1,2.0,2.0,86158,RN.147,M,"46,6288300","0,2955600",86,2019,110.0,1.0,2.0,2.0,2152514,1.0,1,1,1,4.0,,-1.0,0,1976.0,B01,138Â 297Â 870,1.0,8.0,-1.0,1643710,1.0,7,,0.0,2.0,6.0,B01,138Â 297Â 870,0.0
963052,201900004583,4,20,05:50,5,2,1,1.0,7.0,86194,PARIS (AVENUE DE),M,"46,6122200","0,3487300",86,2019,50.0,1.0,1.0,4.0,2152515,1.0,1,2,1,5.0,,-1.0,0,1987.0,A01,138Â 297Â 868,2.0,6.0,-1.0,1643711,1.0,33,,12.0,0.0,1.0,A01,138Â 297Â 868,0.0
963053,201900004584,4,25,07:55,1,2,6,2.0,2.0,85194,Rond-Point de la BurguiniÃ¨re,M,"46,5175900"," -1,7477400",85,2019,50.0,1.0,2.0,3.0,2152516,1.0,1,1,1,1.0,,0.0,0,1970.0,A01,138Â 297Â 866,1.0,0.0,-1.0,1643712,1.0,10,,0.0,2.0,1.0,A01,138Â 297Â 866,1.0
963053,201900004584,4,25,07:55,1,2,6,2.0,2.0,85194,Rond-Point de la BurguiniÃ¨re,M,"46,5175900"," -1,7477400",85,2019,50.0,1.0,2.0,3.0,2152516,1.0,1,1,1,1.0,,0.0,0,1970.0,A01,138Â 297Â 866,1.0,0.0,-1.0,1643713,1.0,7,,0.0,2.0,4.0,B01,138Â 297Â 867,1.0
963053,201900004584,4,25,07:55,1,2,6,2.0,2.0,85194,Rond-Point de la BurguiniÃ¨re,M,"46,5175900"," -1,7477400",85,2019,50.0,1.0,2.0,3.0,2152517,1.0,1,4,2,1.0,,0.0,0,1995.0,B01,138Â 297Â 867,1.0,0.0,-1.0,1643712,1.0,10,,0.0,2.0,1.0,A01,138Â 297Â 866,1.0
963053,201900004584,4,25,07:55,1,2,6,2.0,2.0,85194,Rond-Point de la BurguiniÃ¨re,M,"46,5175900"," -1,7477400",85,2019,50.0,1.0,2.0,3.0,2152517,1.0,1,4,2,1.0,,0.0,0,1995.0,B01,138Â 297Â 867,1.0,0.0,-1.0,1643713,1.0,7,,0.0,2.0,4.0,B01,138Â 297Â 867,1.0
963054,201900004585,3,25,18:00,1,2,1,1.0,6.0,69388,PAUL SANTY                          (AV),M,"45,7275400","4,8782800",69,2019,50.0,1.0,1.0,4.0,2152518,10.0,3,4,1,0.0,,4.0,3,2007.0,A01,138Â 297Â 862,8.0,0.0,-1.0,1643714,2.0,7,,0.0,1.0,1.0,A01,138Â 297Â 862,1.0
963054,201900004585,3,25,18:00,1,2,1,1.0,6.0,69388,PAUL SANTY                          (AV),M,"45,7275400","4,8782800",69,2019,50.0,1.0,1.0,4.0,2152519,1.0,1,1,2,9.0,,0.0,0,1965.0,A01,138Â 297Â 862,1.0,0.0,-1.0,1643714,2.0,7,,0.0,1.0,1.0,A01,138Â 297Â 862,1.0
963055,201900004586,3,25,12:10,1,2,2,1.0,5.0,69388,ST MAURICE                          (R ),M,"45,7418900","4,8669400",69,2019,50.0,1.0,1.0,4.0,2152520,1.0,1,1,1,0.0,,0.0,0,1976.0,C01,138Â 297Â 859,1.0,0.0,-1.0,1643715,2.0,7,,0.0,2.0,1.0,C01,138Â 297Â 859,1.0
963055,201900004586,3,25,12:10,1,2,2,1.0,5.0,69388,ST MAURICE                          (R ),M,"45,7418900","4,8669400",69,2019,50.0,1.0,1.0,4.0,2152520,1.0,1,1,1,0.0,,0.0,0,1976.0,C01,138Â 297Â 859,1.0,0.0,-1.0,1643716,2.0,7,,0.0,2.0,2.0,B01,138Â 297Â 860,0.0
963055,201900004586,3,25,12:10,1,2,2,1.0,5.0,69388,ST MAURICE                          (R ),M,"45,7418900","4,8669400",69,2019,50.0,1.0,1.0,4.0,2152520,1.0,1,1,1,0.0,,0.0,0,1976.0,C01,138Â 297Â 859,1.0,0.0,-1.0,1643717,2.0,7,,1.0,2.0,1.0,A01,138Â 297Â 861,0.0