Unnamed: 0_x,num_acc,mois,jour,hrmn,lum,agg,int,atm,col,com,adr,gps,lat,long,dep,annee,vma,situ,surf,catr,Unnamed: 0_y,place,catu,grav,sexe,trajet,secu,locp,actp,an_nais,num_veh_x,id_vehicule_x,secu1,secu2,secu3,Unnamed: 0,senc,catv,occutc,obs,obsm,choc,num_veh_y,id_vehicule_y,motor
963055,201900004586,3,25,12:10,1,2,2,1.0,5.0,69388,ST MAURICE                          (R ),M,"45,7418900","4,8669400",69,2019,50.0,1.0,1.0,4.0,2152521,4.0,2,1,1,2.0,,0.0,0,2016.0,B01,138Â 297Â 860,1.0,0.0,-1.0,1643715,2.0,7,,0.0,2.0,1.0,C01,138Â 297Â 859,1.0
963055,201900004586,3,25,12:10,1,2,2,1.0,5.0,69388,ST MAURICE                          (R ),M,"45,7418900","4,8669400",69,2019,50.0,1.0,1.0,4.0,2152521,4.0,2,1,1,2.0,,0.0,0,2016.0,B01,138Â 297Â 860,1.0,0.0,-1.0,1643716,2.0,7,,0.0,2.0,2.0,B01,138Â 297Â 860,0.0
963055,201900004586,3,25,12:10,1,2,2,1.0,5.0,69388,ST MAURICE                          (R ),M,"45,7418900","4,8669400",69,2019,50.0,1.0,1.0,4.0,2152521,4.0,2,1,1,2.0,,0.0,0,2016.0,B01,138Â 297Â 860,1.0,0.0,-1.0,1643717,2.0,7,,1.0,2.0,1.0,A01,138Â 297Â 861,0.0
963055,201900004586,3,25,12:10,1,2,2,1.0,5.0,69388,ST MAURICE                          (R ),M,"45,7418900","4,8669400",69,2019,50.0,1.0,1.0,4.0,2152522,1.0,1,1,1,2.0,,0.0,0,1982.0,B01,138Â 297Â 860,1.0,0.0,-1.0,1643715,2.0,7,,0.0,2.0,1.0,C01,138Â 297Â 859,1.0
963055,201900004586,3,25,12:10,1,2,2,1.0,5.0,69388,ST MAURICE                          (R ),M,"45,7418900","4,8669400",69,2019,50.0,1.0,1.0,4.0,2152522,1.0,1,1,1,2.0,,0.0,0,1982.0,B01,138Â 297Â 860,1.0,0.0,-1.0,1643716,2.0,7,,0.0,2.0,2.0,B01,138Â 297Â 860,0.0
963055,201900004586,3,25,12:10,1,2,2,1.0,5.0,69388,ST MAURICE                          (R ),M,"45,7418900","4,8669400",69,2019,50.0,1.0,1.0,4.0,2152522,1.0,1,1,1,2.0,,0.0,0,1982.0,B01,138Â 297Â 860,1.0,0.0,-1.0,1643717,2.0,7,,1.0,2.0,1.0,A01,138Â 297Â 861,0.0
963055,201900004586,3,25,12:10,1,2,2,1.0,5.0,69388,ST MAURICE                          (R ),M,"45,7418900","4,8669400",69,2019,50.0,1.0,1.0,4.0,2152523,3.0,2,1,1,2.0,,0.0,0,2013.0,B01,138Â 297Â 860,1.0,0.0,-1.0,1643715,2.0,7,,0.0,2.0,1.0,C01,138Â 297Â 859,1.0
963055,201900004586,3,25,12:10,1,2,2,1.0,5.0,69388,ST MAURICE                          (R ),M,"45,7418900","4,8669400",69,2019,50.0,1.0,1.0,4.0,2152523,3.0,2,1,1,2.0,,0.0,0,2013.0,B01,138Â 297Â 860,1.0,0.0,-1.0,1643716,2.0,7,,0.0,2.0,2.0,B01,138Â 297Â 860,0.0
963055,201900004586,3,25,12:10,1,2,2,1.0,5.0,69388,ST MAURICE                          (R ),M,"45,7418900","4,8669400",69,2019,50.0,1.0,1.0,4.0,2152523,3.0,2,1,1,2.0,,0.0,0,2013.0,B01,138Â 297Â 860,1.0,0.0,-1.0,1643717,2.0,7,,1.0,2.0,1.0,A01,138Â 297Â 861,0.0
963055,201900004586,3,25,12:10,1,2,2,1.0,5.0,69388,ST MAURICE                          (R ),M,"45,7418900","4,8669400",69,2019,50.0,1.0,1.0,4.0,2152524,1.0,1,4,2,0.0,,0.0,0,1974.0,A01,138Â 297Â 861,8.0,0.0,-1.0,1643715,2.0,7,,0.0,2.0,1.0,C01,138Â 297Â 859,1.0
963055,201900004586,3,25,12:10,1,2,2,1.0,5.0,69388,ST MAURICE                          (R ),M,"45,7418900","4,8669400",69,2019,50.0,1.0,1.0,4.0,2152524,1.0,1,4,2,0.0,,0.0,0,1974.0,A01,138Â 297Â 861,8.0,0.0,-1.0,1643716,2.0,7,,0.0,2.0,2.0,B01,138Â 297Â 860,0.0
963055,201900004586,3,25,12:10,1,2,2,1.0,5.0,69388,ST MAURICE                          (R ),M,"45,7418900","4,8669400",69,2019,50.0,1.0,1.0,4.0,2152524,1.0,1,4,2,0.0,,0.0,0,1974.0,A01,138Â 297Â 861,8.0,0.0,-1.0,1643717,2.0,7,,1.0,2.0,1.0,A01,138Â 297Â 861,0.0
963056,201900004587,3,25,11:30,1,2,1,1.0,3.0,69383,MARECHAL DE SAXE                    (AV),M,"45,7548000","4,8468300",69,2019,50.0,1.0,1.0,4.0,2152525,1.0,1,1,2,5.0,,0.0,0,1938.0,B01,138Â 297Â 857,1.0,0.0,-1.0,1643718,2.0,7,,0.0,2.0,8.0,B01,138Â 297Â 857,1.0
963056,201900004587,3,25,11:30,1,2,1,1.0,3.0,69383,MARECHAL DE SAXE                    (AV),M,"45,7548000","4,8468300",69,2019,50.0,1.0,1.0,4.0,2152525,1.0,1,1,2,5.0,,0.0,0,1938.0,B01,138Â 297Â 857,1.0,0.0,-1.0,1643719,2.0,32,,0.0,2.0,7.0,A01,138Â 297Â 858,1.0
963056,201900004587,3,25,11:30,1,2,1,1.0,3.0,69383,MARECHAL DE SAXE                    (AV),M,"45,7548000","4,8468300",69,2019,50.0,1.0,1.0,4.0,2152526,1.0,1,4,2,5.0,,0.0,0,1957.0,A01,138Â 297Â 858,2.0,6.0,-1.0,1643718,2.0,7,,0.0,2.0,8.0,B01,138Â 297Â 857,1.0
963056,201900004587,3,25,11:30,1,2,1,1.0,3.0,69383,MARECHAL DE SAXE                    (AV),M,"45,7548000","4,8468300",69,2019,50.0,1.0,1.0,4.0,2152526,1.0,1,4,2,5.0,,0.0,0,1957.0,A01,138Â 297Â 858,2.0,6.0,-1.0,1643719,2.0,32,,0.0,2.0,7.0,A01,138Â 297Â 858,1.0
963057,201900004588,3,24,17:50,1,2,1,1.0,2.0,69386,MONTGOLFIER                         (R ),M,"45,7719400","4,8494600",69,2019,50.0,1.0,1.0,4.0,2152527,1.0,1,4,1,5.0,,0.0,0,1979.0,A01,138Â 297Â 855,2.0,6.0,-1.0,1643720,2.0,33,,0.0,2.0,1.0,A01,138Â 297Â 855,0.0
963057,201900004588,3,24,17:50,1,2,1,1.0,2.0,69386,MONTGOLFIER                         (R ),M,"45,7719400","4,8494600",69,2019,50.0,1.0,1.0,4.0,2152527,1.0,1,4,1,5.0,,0.0,0,1979.0,A01,138Â 297Â 855,2.0,6.0,-1.0,1643721,3.0,10,,0.0,2.0,6.0,B01,138Â 297Â 856,0.0
963057,201900004588,3,24,17:50,1,2,1,1.0,2.0,69386,MONTGOLFIER                         (R ),M,"45,7719400","4,8494600",69,2019,50.0,1.0,1.0,4.0,2152528,1.0,1,1,2,5.0,,0.0,0,1992.0,B01,138Â 297Â 856,1.0,0.0,-1.0,1643720,2.0,33,,0.0,2.0,1.0,A01,138Â 297Â 855,0.0
963057,201900004588,3,24,17:50,1,2,1,1.0,2.0,69386,MONTGOLFIER                         (R ),M,"45,7719400","4,8494600",69,2019,50.0,1.0,1.0,4.0,2152528,1.0,1,1,2,5.0,,0.0,0,1992.0,B01,138Â 297Â 856,1.0,0.0,-1.0,1643721,3.0,10,,0.0,2.0,6.0,B01,138Â 297Â 856,0.0
963058,201900004589,3,23,03:30,5,2,9,1.0,6.0,69388,ETERNITE (DE L')                    (R ),M,"45,7413700","4,8585300",69,2019,1.0,1.0,1.0,7.0,2152529,1.0,1,4,1,5.0,,0.0,0,1995.0,A01,138Â 297Â 854,8.0,0.0,-1.0,1643722,2.0,50,,9.0,0.0,0.0,A01,138Â 297Â 854,3.0
963059,201900004590,3,23,18:20,2,2,1,1.0,6.0,69388,JULES FROMENT                       (R ),M,"45,7285600","4,8853800",69,2019,50.0,1.0,1.0,4.0,2152530,1.0,1,1,1,0.0,,0.0,0,1995.0,A01,138Â 297Â 853,8.0,0.0,-1.0,1643723,1.0,7,,0.0,1.0,3.0,A01,138Â 297Â 853,1.0
963059,201900004590,3,23,18:20,2,2,1,1.0,6.0,69388,JULES FROMENT                       (R ),M,"45,7285600","4,8853800",69,2019,50.0,1.0,1.0,4.0,2152531,10.0,3,4,1,0.0,,6.0,5,2008.0,A01,138Â 297Â 853,8.0,0.0,-1.0,1643723,1.0,7,,0.0,1.0,3.0,A01,138Â 297Â 853,1.0
963060,201900004591,3,23,13:20,1,2,1,1.0,5.0,69259,VIENNE (DE)                         (RO),M,"45,7198400","4,8543900",69,2019,50.0,1.0,1.0,4.0,2152532,1.0,1,4,2,5.0,,0.0,0,1977.0,B01,138Â 297Â 850,1.0,0.0,-1.0,1643724,3.0,7,,0.0,2.0,4.0,B01,138Â 297Â 850,1.0
963060,201900004591,3,23,13:20,1,2,1,1.0,5.0,69259,VIENNE (DE)                         (RO),M,"45,7198400","4,8543900",69,2019,50.0,1.0,1.0,4.0,2152532,1.0,1,4,2,5.0,,0.0,0,1977.0,B01,138Â 297Â 850,1.0,0.0,-1.0,1643725,3.0,7,,0.0,0.0,4.0,C01,138Â 297Â 851,0.0
963060,201900004591,3,23,13:20,1,2,1,1.0,5.0,69259,VIENNE (DE)                         (RO),M,"45,7198400","4,8543900",69,2019,50.0,1.0,1.0,4.0,2152532,1.0,1,4,2,5.0,,0.0,0,1977.0,B01,138Â 297Â 850,1.0,0.0,-1.0,1643726,3.0,7,,0.0,2.0,1.0,A01,138Â 297Â 852,1.0
963060,201900004591,3,23,13:20,1,2,1,1.0,5.0,69259,VIENNE (DE)                         (RO),M,"45,7198400","4,8543900",69,2019,50.0,1.0,1.0,4.0,2152533,3.0,2,4,2,5.0,,0.0,0,2005.0,B01,138Â 297Â 850,1.0,0.0,-1.0,1643724,3.0,7,,0.0,2.0,4.0,B01,138Â 297Â 850,1.0
963060,201900004591,3,23,13:20,1,2,1,1.0,5.0,69259,VIENNE (DE)                         (RO),M,"45,7198400","4,8543900",69,2019,50.0,1.0,1.0,4.0,2152533,3.0,2,4,2,5.0,,0.0,0,2005.0,B01,138Â 297Â 850,1.0,0.0,-1.0,1643725,3.0,7,,0.0,0.0,4.0,C01,138Â 297Â 851,0.0
963060,201900004591,3,23,13:20,1,2,1,1.0,5.0,69259,VIENNE (DE)                         (RO),M,"45,7198400","4,8543900",69,2019,50.0,1.0,1.0,4.0,2152533,3.0,2,4,2,5.0,,0.0,0,2005.0,B01,138Â 297Â 850,1.0,0.0,-1.0,1643726,3.0,7,,0.0,2.0,1.0,A01,138Â 297Â 852,1.0
963060,201900004591,3,23,13:20,1,2,1,1.0,5.0,69259,VIENNE (DE)                         (RO),M,"45,7198400","4,8543900",69,2019,50.0,1.0,1.0,4.0,2152534,1.0,1,1,2,1.0,,0.0,0,1999.0,C01,138Â 297Â 851,1.0,0.0,-1.0,1643724,3.0,7,,0.0,2.0,4.0,B01,138Â 297Â 850,1.0
963060,201900004591,3,23,13:20,1,2,1,1.0,5.0,69259,VIENNE (DE)                         (RO),M,"45,7198400","4,8543900",69,2019,50.0,1.0,1.0,4.0,2152534,1.0,1,1,2,1.0,,0.0,0,1999.0,C01,138Â 297Â 851,1.0,0.0,-1.0,1643725,3.0,7,,0.0,0.0,4.0,C01,138Â 297Â 851,0.0
963060,201900004591,3,23,13:20,1,2,1,1.0,5.0,69259,VIENNE (DE)                         (RO),M,"45,7198400","4,8543900",69,2019,50.0,1.0,1.0,4.0,2152534,1.0,1,1,2,1.0,,0.0,0,1999.0,C01,138Â 297Â 851,1.0,0.0,-1.0,1643726,3.0,7,,0.0,2.0,1.0,A01,138Â 297Â 852,1.0
963060,201900004591,3,23,13:20,1,2,1,1.0,5.0,69259,VIENNE (DE)                         (RO),M,"45,7198400","4,8543900",69,2019,50.0,1.0,1.0,4.0,2152535,1.0,1,1,2,1.0,,0.0,0,1993.0,A01,138Â 297Â 852,1.0,0.0,-1.0,1643724,3.0,7,,0.0,2.0,4.0,B01,138Â 297Â 850,1.0
963060,201900004591,3,23,13:20,1,2,1,1.0,5.0,69259,VIENNE (DE)                         (RO),M,"45,7198400","4,8543900",69,2019,50.0,1.0,1.0,4.0,2152535,1.0,1,1,2,1.0,,0.0,0,1993.0,A01,138Â 297Â 852,1.0,0.0,-1.0,1643725,3.0,7,,0.0,0.0,4.0,C01,138Â 297Â 851,0.0
963060,201900004591,3,23,13:20,1,2,1,1.0,5.0,69259,VIENNE (DE)                         (RO),M,"45,7198400","4,8543900",69,2019,50.0,1.0,1.0,4.0,2152535,1.0,1,1,2,1.0,,0.0,0,1993.0,A01,138Â 297Â 852,1.0,0.0,-1.0,1643726,3.0,7,,0.0,2.0,1.0,A01,138Â 297Â 852,1.0
963061,201900004592,3,22,14:56,1,2,1,1.0,6.0,69259,MARCEL CACHIN                       (AV),M,"45,6923500","4,8772300",69,2019,50.0,1.0,1.0,4.0,2152536,10.0,3,4,2,3.0,,8.0,1,1959.0,A01,138Â 297Â 849,8.0,0.0,-1.0,1643727,2.0,32,,0.0,1.0,1.0,A01,138Â 297Â 849,0.0
963062,201900004593,3,21,12:00,1,2,3,1.0,6.0,69387,ST ANDRE                            (R ),M,"45,7517300","4,8407100",69,2019,50.0,1.0,1.0,4.0,2152537,1.0,1,1,1,4.0,,-1.0, -1,1990.0,A01,138Â 297Â 848,8.0,0.0,-1.0,1643728,1.0,7,,0.0,1.0,2.0,A01,138Â 297Â 848,1.0
963062,201900004593,3,21,12:00,1,2,3,1.0,6.0,69387,ST ANDRE                            (R ),M,"45,7517300","4,8407100",69,2019,50.0,1.0,1.0,4.0,2152538,10.0,3,4,2,0.0,,3.0,3,1940.0,A01,138Â 297Â 848,8.0,0.0,-1.0,1643728,1.0,7,,0.0,1.0,2.0,A01,138Â 297Â 848,1.0
963063,201900004594,3,21,16:20,1,2,1,1.0,6.0,69387,DEBOURG                             (AV),M,"45,7309900","4,8345800",69,2019,50.0,1.0,1.0,4.0,2152539,1.0,1,4,2,0.0,,0.0,0,2003.0,A01,138Â 297Â 847,8.0,0.0,-1.0,1643729,3.0,99,,8.0,0.0,1.0,A01,138Â 297Â 847,3.0
963063,201900004594,3,21,16:20,1,2,1,1.0,6.0,69387,DEBOURG                             (AV),M,"45,7309900","4,8345800",69,2019,50.0,1.0,1.0,4.0,2152540,5.0,2,4,2,0.0,,0.0,0,2003.0,A01,138Â 297Â 847,8.0,0.0,-1.0,1643729,3.0,99,,8.0,0.0,1.0,A01,138Â 297Â 847,3.0
963064,201900004595,3,21,16:50,1,2,1,1.0,6.0,69259,PARMENTIER                          (R ),M,"45,6967900","4,8890400",69,2019,50.0,2.0,1.0,9.0,2152541,10.0,3,3,1,2.0,,1.0,1,2005.0,A01,138Â 297Â 846,8.0,0.0,-1.0,1643730,2.0,99,,0.0,1.0,1.0,A01,138Â 297Â 846,6.0
963065,201900004596,3,20,15:55,1,2,2,1.0,3.0,69387,TONY GARNIER                        (AV),M,"45,7266300","4,8268800",69,2019,50.0,1.0,1.0,4.0,2152542,1.0,1,1,1,0.0,,0.0,0,1943.0,A01,138Â 297Â 844,1.0,0.0,-1.0,1643731,1.0,7,,0.0,2.0,2.0,A01,138Â 297Â 844,1.0
963065,201900004596,3,20,15:55,1,2,2,1.0,3.0,69387,TONY GARNIER                        (AV),M,"45,7266300","4,8268800",69,2019,50.0,1.0,1.0,4.0,2152542,1.0,1,1,1,0.0,,0.0,0,1943.0,A01,138Â 297Â 844,1.0,0.0,-1.0,1643732,2.0,33,,0.0,2.0,1.0,B01,138Â 297Â 845,1.0
963065,201900004596,3,20,15:55,1,2,2,1.0,3.0,69387,TONY GARNIER                        (AV),M,"45,7266300","4,8268800",69,2019,50.0,1.0,1.0,4.0,2152543,1.0,1,3,1,0.0,,0.0,0,1990.0,B01,138Â 297Â 845,2.0,8.0,-1.0,1643731,1.0,7,,0.0,2.0,2.0,A01,138Â 297Â 844,1.0
963065,201900004596,3,20,15:55,1,2,2,1.0,3.0,69387,TONY GARNIER                        (AV),M,"45,7266300","4,8268800",69,2019,50.0,1.0,1.0,4.0,2152543,1.0,1,3,1,0.0,,0.0,0,1990.0,B01,138Â 297Â 845,2.0,8.0,-1.0,1643732,2.0,33,,0.0,2.0,1.0,B01,138Â 297Â 845,1.0
963066,201900004597,3,21,09:50,1,2,1,1.0,6.0,69388,LAENNEC                             (R ),M,"45,7392400","4,8830400",69,2019,50.0,1.0,1.0,4.0,2152544,10.0,3,3,2,0.0,,3.0,3,1997.0,A01,138Â 297Â 843,8.0,0.0,-1.0,1643733,1.0,1,,0.0,1.0,1.0,A01,138Â 297Â 843,5.0
963066,201900004597,3,21,09:50,1,2,1,1.0,6.0,69388,LAENNEC                             (R ),M,"45,7392400","4,8830400",69,2019,50.0,1.0,1.0,4.0,2152545,1.0,1,1,1,1.0,,0.0,0,1971.0,A01,138Â 297Â 843,8.0,0.0,-1.0,1643733,1.0,1,,0.0,1.0,1.0,A01,138Â 297Â 843,5.0
963067,201900004598,3,20,18:30,2,2,1,1.0,3.0,69386,VERGUIN                             (AV),M,"45,7726700","4,8566900",69,2019,50.0,1.0,1.0,4.0,2152546,1.0,1,1,2,1.0,,0.0,0,1965.0,A01,138Â 297Â 841,1.0,8.0,-1.0,1643734,1.0,7,,0.0,2.0,8.0,A01,138Â 297Â 841,1.0
963067,201900004598,3,20,18:30,2,2,1,1.0,3.0,69386,VERGUIN                             (AV),M,"45,7726700","4,8566900",69,2019,50.0,1.0,1.0,4.0,2152546,1.0,1,1,2,1.0,,0.0,0,1965.0,A01,138Â 297Â 841,1.0,8.0,-1.0,1643735,1.0,33,,0.0,2.0,7.0,B01,138Â 297Â 842,1.0
963067,201900004598,3,20,18:30,2,2,1,1.0,3.0,69386,VERGUIN                             (AV),M,"45,7726700","4,8566900",69,2019,50.0,1.0,1.0,4.0,2152547,1.0,1,4,1,0.0,,0.0,0,1994.0,B01,138Â 297Â 842,2.0,0.0,-1.0,1643734,1.0,7,,0.0,2.0,8.0,A01,138Â 297Â 841,1.0
963067,201900004598,3,20,18:30,2,2,1,1.0,3.0,69386,VERGUIN                             (AV),M,"45,7726700","4,8566900",69,2019,50.0,1.0,1.0,4.0,2152547,1.0,1,4,1,0.0,,0.0,0,1994.0,B01,138Â 297Â 842,2.0,0.0,-1.0,1643735,1.0,33,,0.0,2.0,7.0,B01,138Â 297Â 842,1.0
963068,201900004599,3,20,17:15,1,2,2,1.0,3.0,69259,DOCTEUR COBLOD (DU)                 (BD),M,"45,7031200","4,8876600",69,2019,50.0,1.0,1.0,4.0,2152548,1.0,1,4,2,0.0,,0.0,0,1996.0,B01,138Â 297Â 839,1.0,0.0,-1.0,1643736,3.0,7,,0.0,2.0,8.0,B01,138Â 297Â 839,0.0
963068,201900004599,3,20,17:15,1,2,2,1.0,3.0,69259,DOCTEUR COBLOD (DU)                 (BD),M,"45,7031200","4,8876600",69,2019,50.0,1.0,1.0,4.0,2152548,1.0,1,4,2,0.0,,0.0,0,1996.0,B01,138Â 297Â 839,1.0,0.0,-1.0,1643737,3.0,7,,0.0,2.0,2.0,A01,138Â 297Â 840,0.0
963068,201900004599,3,20,17:15,1,2,2,1.0,3.0,69259,DOCTEUR COBLOD (DU)                 (BD),M,"45,7031200","4,8876600",69,2019,50.0,1.0,1.0,4.0,2152549,1.0,1,1,1,5.0,,0.0,0,1998.0,A01,138Â 297Â 840,8.0,0.0,-1.0,1643736,3.0,7,,0.0,2.0,8.0,B01,138Â 297Â 839,0.0
963068,201900004599,3,20,17:15,1,2,2,1.0,3.0,69259,DOCTEUR COBLOD (DU)                 (BD),M,"45,7031200","4,8876600",69,2019,50.0,1.0,1.0,4.0,2152549,1.0,1,1,1,5.0,,0.0,0,1998.0,A01,138Â 297Â 840,8.0,0.0,-1.0,1643737,3.0,7,,0.0,2.0,2.0,A01,138Â 297Â 840,0.0
963069,201900004600,3,20,08:25,1,2,1,1.0,6.0,69388,ETATS UNIS (DES)                    (BD),M,"45,7366300","4,8622500",69,2019,50.0,2.0,1.0,7.0,2152550,10.0,3,4,1,2.0,,6.0,9,2007.0,A01,138Â 297Â 838,8.0,0.0,-1.0,1643738,2.0,30,,0.0,1.0,0.0,A01,138Â 297Â 838,0.0
963069,201900004600,3,20,08:25,1,2,1,1.0,6.0,69388,ETATS UNIS (DES)                    (BD),M,"45,7366300","4,8622500",69,2019,50.0,2.0,1.0,7.0,2152551,2.0,1,1,1,0.0,,0.0,0,1982.0,A01,138Â 297Â 838,8.0,0.0,-1.0,1643738,2.0,30,,0.0,1.0,0.0,A01,138Â 297Â 838,0.0
963070,201900004601,3,25,13:00,1,1,1,1.0,3.0,97213,ROUTE NATIONALE 6,M,"14,5972060"," -60,9778030",972,2019,80.0,1.0,1.0,2.0,2152552,1.0,1,2,1,4.0,,-1.0,0,1980.0,A01,138Â 297Â 836,2.0,8.0,-1.0,1643739,1.0,33,,0.0,2.0,1.0,A01,138Â 297Â 836,1.0
963070,201900004601,3,25,13:00,1,1,1,1.0,3.0,97213,ROUTE NATIONALE 6,M,"14,5972060"," -60,9778030",972,2019,80.0,1.0,1.0,2.0,2152552,1.0,1,2,1,4.0,,-1.0,0,1980.0,A01,138Â 297Â 836,2.0,8.0,-1.0,1643740,1.0,21,,0.0,2.0,3.0,B01,138Â 297Â 837,1.0
963070,201900004601,3,25,13:00,1,1,1,1.0,3.0,97213,ROUTE NATIONALE 6,M,"14,5972060"," -60,9778030",972,2019,80.0,1.0,1.0,2.0,2152553,1.0,1,1,1,4.0,,-1.0,0,1967.0,B01,138Â 297Â 837,1.0,8.0,-1.0,1643739,1.0,33,,0.0,2.0,1.0,A01,138Â 297Â 836,1.0
963070,201900004601,3,25,13:00,1,1,1,1.0,3.0,97213,ROUTE NATIONALE 6,M,"14,5972060"," -60,9778030",972,2019,80.0,1.0,1.0,2.0,2152553,1.0,1,1,1,4.0,,-1.0,0,1967.0,B01,138Â 297Â 837,1.0,8.0,-1.0,1643740,1.0,21,,0.0,2.0,3.0,B01,138Â 297Â 837,1.0
963071,201900004602,3,22,07:00,1,1,1,1.0,2.0,97213,ROUTE NATIONALE 5,M,"14,5966200"," -60,9943900",972,2019,70.0,1.0,1.0,2.0,2152554,1.0,1,3,1,9.0,,-1.0,0,1996.0,A01,138Â 297Â 834,2.0,8.0,-1.0,1643741,1.0,31,,0.0,2.0,8.0,A01,138Â 297Â 834,1.0
963071,201900004602,3,22,07:00,1,1,1,1.0,2.0,97213,ROUTE NATIONALE 5,M,"14,5966200"," -60,9943900",972,2019,70.0,1.0,1.0,2.0,2152554,1.0,1,3,1,9.0,,-1.0,0,1996.0,A01,138Â 297Â 834,2.0,8.0,-1.0,1643742,1.0,7,,0.0,2.0,5.0,B01,138Â 297Â 835,1.0
963071,201900004602,3,22,07:00,1,1,1,1.0,2.0,97213,ROUTE NATIONALE 5,M,"14,5966200"," -60,9943900",972,2019,70.0,1.0,1.0,2.0,2152555,1.0,1,3,1,1.0,,-1.0,0,1996.0,B01,138Â 297Â 835,1.0,8.0,-1.0,1643741,1.0,31,,0.0,2.0,8.0,A01,138Â 297Â 834,1.0
963071,201900004602,3,22,07:00,1,1,1,1.0,2.0,97213,ROUTE NATIONALE 5,M,"14,5966200"," -60,9943900",972,2019,70.0,1.0,1.0,2.0,2152555,1.0,1,3,1,1.0,,-1.0,0,1996.0,B01,138Â 297Â 835,1.0,8.0,-1.0,1643742,1.0,7,,0.0,2.0,5.0,B01,138Â 297Â 835,1.0
963072,201900004603,3,20,06:00,1,2,3,1.0,3.0,97213,VICTOR LAMON,M,"14,6339720"," -60,9916950",972,2019,50.0,1.0,1.0,3.0,2152556,1.0,1,4,1,0.0,,-1.0,0,1971.0,B01,138Â 297Â 832,1.0,0.0,-1.0,1643743,2.0,7,,0.0,2.0,4.0,B01,138Â 297Â 832,1.0
963072,201900004603,3,20,06:00,1,2,3,1.0,3.0,97213,VICTOR LAMON,M,"14,6339720"," -60,9916950",972,2019,50.0,1.0,1.0,3.0,2152556,1.0,1,4,1,0.0,,-1.0,0,1971.0,B01,138Â 297Â 832,1.0,0.0,-1.0,1643744,1.0,7,,0.0,2.0,1.0,A01,138Â 297Â 833,1.0
963072,201900004603,3,20,06:00,1,2,3,1.0,3.0,97213,VICTOR LAMON,M,"14,6339720"," -60,9916950",972,2019,50.0,1.0,1.0,3.0,2152557,1.0,1,4,1,1.0,,-1.0,0,1963.0,A01,138Â 297Â 833,1.0,8.0,-1.0,1643743,2.0,7,,0.0,2.0,4.0,B01,138Â 297Â 832,1.0
963072,201900004603,3,20,06:00,1,2,3,1.0,3.0,97213,VICTOR LAMON,M,"14,6339720"," -60,9916950",972,2019,50.0,1.0,1.0,3.0,2152557,1.0,1,4,1,1.0,,-1.0,0,1963.0,A01,138Â 297Â 833,1.0,8.0,-1.0,1643744,1.0,7,,0.0,2.0,1.0,A01,138Â 297Â 833,1.0
963073,201900004604,3,25,18:35,5,2,1,1.0,2.0,97209,BOUILLE (RUE),M,"14,6040100"," -61,0651700",972,2019,50.0,1.0,1.0,4.0,2152558,1.0,1,1,1,0.0,,-1.0,0,1984.0,B01,138Â 297Â 830,1.0,8.0,-1.0,1643745,2.0,7,,0.0,2.0,1.0,B01,138Â 297Â 830,1.0
963073,201900004604,3,25,18:35,5,2,1,1.0,2.0,97209,BOUILLE (RUE),M,"14,6040100"," -61,0651700",972,2019,50.0,1.0,1.0,4.0,2152558,1.0,1,1,1,0.0,,-1.0,0,1984.0,B01,138Â 297Â 830,1.0,8.0,-1.0,1643746,2.0,7,,0.0,2.0,4.0,A01,138Â 297Â 831,1.0
963073,201900004604,3,25,18:35,5,2,1,1.0,2.0,97209,BOUILLE (RUE),M,"14,6040100"," -61,0651700",972,2019,50.0,1.0,1.0,4.0,2152559,1.0,1,4,2,0.0,,-1.0,0,1976.0,A01,138Â 297Â 831,1.0,0.0,-1.0,1643745,2.0,7,,0.0,2.0,1.0,B01,138Â 297Â 830,1.0