Unnamed: 0_x,num_acc,mois,jour,hrmn,lum,agg,int,atm,col,com,adr,gps,lat,long,dep,annee,vma,situ,surf,catr,Unnamed: 0_y,place,catu,grav,sexe,trajet,secu,locp,actp,an_nais,num_veh_x,id_vehicule_x,secu1,secu2,secu3,Unnamed: 0,senc,catv,occutc,obs,obsm,choc,num_veh_y,id_vehicule_y,motor
963073,201900004604,3,25,18:35,5,2,1,1.0,2.0,97209,BOUILLE (RUE),M,"14,6040100"," -61,0651700",972,2019,50.0,1.0,1.0,4.0,2152559,1.0,1,4,2,0.0,,-1.0,0,1976.0,A01,138Â 297Â 831,1.0,0.0,-1.0,1643746,2.0,7,,0.0,2.0,4.0,A01,138Â 297Â 831,1.0
963074,201900004605,3,24,15:40,1,1,1,2.0,6.0,97209,BALATA (ROUTE DE),M,"14,6404100"," -61,0747300",972,2019,60.0,1.0,2.0,2.0,2152560,1.0,1,4,2,3.0,,-1.0, -1,1940.0,A01,138Â 297Â 829,1.0,0.0,-1.0,1643747,1.0,7,,12.0,0.0,1.0,A01,138Â 297Â 829,1.0
963075,201900004606,3,24,14:57,1,2,1,1.0,7.0,97209,RN9,M,"14,5996300"," -61,0581600",972,2019,50.0,1.0,1.0,2.0,2152561,1.0,1,4,1,5.0,,-1.0,0,1982.0,A01,138Â 297Â 828,2.0,8.0,-1.0,1643748,2.0,33,,14.0,0.0,4.0,A01,138Â 297Â 828,1.0
963076,201900004607,3,23,23:40,5,2,2,1.0,3.0,97209,HENRI BARBUSSE (RUE),M,"14,6088700"," -61,0702100",972,2019,50.0,1.0,1.0,4.0,2152562,1.0,1,3,1,3.0,,-1.0, -1,1985.0,B01,138Â 297Â 826,2.0,0.0,-1.0,1643749,2.0,34,,0.0,2.0,0.0,B01,138Â 297Â 826,1.0
963076,201900004607,3,23,23:40,5,2,2,1.0,3.0,97209,HENRI BARBUSSE (RUE),M,"14,6088700"," -61,0702100",972,2019,50.0,1.0,1.0,4.0,2152562,1.0,1,3,1,3.0,,-1.0, -1,1985.0,B01,138Â 297Â 826,2.0,0.0,-1.0,1643750,3.0,7,,0.0,2.0,8.0,A01,138Â 297Â 827,1.0
963076,201900004607,3,23,23:40,5,2,2,1.0,3.0,97209,HENRI BARBUSSE (RUE),M,"14,6088700"," -61,0702100",972,2019,50.0,1.0,1.0,4.0,2152563,1.0,1,1,1,0.0,,-1.0, -1,1978.0,A01,138Â 297Â 827,1.0,8.0,-1.0,1643749,2.0,34,,0.0,2.0,0.0,B01,138Â 297Â 826,1.0
963076,201900004607,3,23,23:40,5,2,2,1.0,3.0,97209,HENRI BARBUSSE (RUE),M,"14,6088700"," -61,0702100",972,2019,50.0,1.0,1.0,4.0,2152563,1.0,1,1,1,0.0,,-1.0, -1,1978.0,A01,138Â 297Â 827,1.0,8.0,-1.0,1643750,3.0,7,,0.0,2.0,8.0,A01,138Â 297Â 827,1.0
963077,201900004608,3,21,13:40,1,2,1,1.0,6.0,97209,CLUNY (ROUTE DE),M,"14,6120000"," -61,0790000",972,2019,50.0,1.0,1.0,3.0,2152564,1.0,1,1,1,3.0,,-1.0,0,1950.0,A01,138Â 297Â 825,1.0,0.0,-1.0,1643751,1.0,7,,0.0,1.0,3.0,A01,138Â 297Â 825,1.0
963077,201900004608,3,21,13:40,1,2,1,1.0,6.0,97209,CLUNY (ROUTE DE),M,"14,6120000"," -61,0790000",972,2019,50.0,1.0,1.0,3.0,2152565,10.0,3,4,1,5.0,,2.0,3,1949.0,A01,138Â 297Â 825,8.0,0.0,-1.0,1643751,1.0,7,,0.0,1.0,3.0,A01,138Â 297Â 825,1.0
963078,201900004609,3,20,11:40,1,2,1,1.0,6.0,97209,BISHOP (Avenue Maurice),M,"14,6031700"," -61,0632400",972,2019,50.0,1.0,1.0,2.0,2152566,10.0,3,3,2,0.0,,5.0,2,1965.0,A01,138Â 297Â 824,8.0,0.0,-1.0,1643752,1.0,30,,0.0,1.0,1.0,A01,138Â 297Â 824,1.0
963078,201900004609,3,20,11:40,1,2,1,1.0,6.0,97209,BISHOP (Avenue Maurice),M,"14,6031700"," -61,0632400",972,2019,50.0,1.0,1.0,2.0,2152567,1.0,1,1,1,0.0,,0.0,0,2002.0,A01,138Â 297Â 824,2.0,8.0,-1.0,1643752,1.0,30,,0.0,1.0,1.0,A01,138Â 297Â 824,1.0
963078,201900004609,3,20,11:40,1,2,1,1.0,6.0,97209,BISHOP (Avenue Maurice),M,"14,6031700"," -61,0632400",972,2019,50.0,1.0,1.0,2.0,2152568,2.0,2,3,1,2.0,,-1.0,0,2003.0,A01,138Â 297Â 824,8.0,0.0,-1.0,1643752,1.0,30,,0.0,1.0,1.0,A01,138Â 297Â 824,1.0
963078,201900004609,3,20,11:40,1,2,1,1.0,6.0,97209,BISHOP (Avenue Maurice),M,"14,6031700"," -61,0632400",972,2019,50.0,1.0,1.0,2.0,2152569,10.0,3,4,2,0.0,,5.0,2,1995.0,A01,138Â 297Â 824,8.0,0.0,-1.0,1643752,1.0,30,,0.0,1.0,1.0,A01,138Â 297Â 824,1.0
963078,201900004609,3,20,11:40,1,2,1,1.0,6.0,97209,BISHOP (Avenue Maurice),M,"14,6031700"," -61,0632400",972,2019,50.0,1.0,1.0,2.0,2152570,10.0,3,4,2,0.0,,5.0,2,2015.0,A01,138Â 297Â 824,8.0,0.0,-1.0,1643752,1.0,30,,0.0,1.0,1.0,A01,138Â 297Â 824,1.0
963079,201900004610,3,22,17:00,1,2,9,1.0,6.0,69385,JOLIOT CURIE                        (R ),M,"45,7564600","4,7964700",69,2019,50.0,1.0,1.0,4.0,2152571,1.0,1,1,2,3.0,,0.0,0,1947.0,A01,138Â 297Â 823,1.0,0.0,-1.0,1643753,3.0,7,,0.0,1.0,4.0,A01,138Â 297Â 823,1.0
963079,201900004610,3,22,17:00,1,2,9,1.0,6.0,69385,JOLIOT CURIE                        (R ),M,"45,7564600","4,7964700",69,2019,50.0,1.0,1.0,4.0,2152572,10.0,3,4,2,3.0,,9.0,1,1925.0,A01,138Â 297Â 823,8.0,0.0,-1.0,1643753,3.0,7,,0.0,1.0,4.0,A01,138Â 297Â 823,1.0
963080,201900004611,3,23,17:20,1,2,1,1.0,6.0,69384,JACQUES-LOUIS HENON                               (R ),M,"45,7796400","4,8242500",69,2019,50.0,1.0,1.0,4.0,2152573,10.0,3,4,1,5.0,,2.0,3,2007.0,A01,138Â 297Â 822,8.0,0.0,-1.0,1643754,1.0,7,,0.0,1.0,2.0,A01,138Â 297Â 822,1.0
963080,201900004611,3,23,17:20,1,2,1,1.0,6.0,69384,JACQUES-LOUIS HENON                               (R ),M,"45,7796400","4,8242500",69,2019,50.0,1.0,1.0,4.0,2152574,1.0,1,1,1,5.0,,0.0,0,1968.0,A01,138Â 297Â 822,1.0,8.0,-1.0,1643754,1.0,7,,0.0,1.0,2.0,A01,138Â 297Â 822,1.0
963081,201900004612,3,22,15:00,1,2,2,1.0,3.0,69381,JEAN MOULIN                         (QU),M,"45,7677200","4,8378800",69,2019,50.0,1.0,1.0,7.0,2152575,1.0,1,4,1,1.0,,0.0,0,1963.0,B01,138Â 297Â 820,8.0,0.0,-1.0,1643755,1.0,1,,0.0,2.0,1.0,B01,138Â 297Â 820,0.0
963081,201900004612,3,22,15:00,1,2,2,1.0,3.0,69381,JEAN MOULIN                         (QU),M,"45,7677200","4,8378800",69,2019,50.0,1.0,1.0,7.0,2152575,1.0,1,4,1,1.0,,0.0,0,1963.0,B01,138Â 297Â 820,8.0,0.0,-1.0,1643756,1.0,7,,0.0,2.0,2.0,A01,138Â 297Â 821,0.0
963081,201900004612,3,22,15:00,1,2,2,1.0,3.0,69381,JEAN MOULIN                         (QU),M,"45,7677200","4,8378800",69,2019,50.0,1.0,1.0,7.0,2152576,1.0,1,1,1,1.0,,0.0,0,1997.0,A01,138Â 297Â 821,1.0,0.0,-1.0,1643755,1.0,1,,0.0,2.0,1.0,B01,138Â 297Â 820,0.0
963081,201900004612,3,22,15:00,1,2,2,1.0,3.0,69381,JEAN MOULIN                         (QU),M,"45,7677200","4,8378800",69,2019,50.0,1.0,1.0,7.0,2152576,1.0,1,1,1,1.0,,0.0,0,1997.0,A01,138Â 297Â 821,1.0,0.0,-1.0,1643756,1.0,7,,0.0,2.0,2.0,A01,138Â 297Â 821,0.0
963081,201900004612,3,22,15:00,1,2,2,1.0,3.0,69381,JEAN MOULIN                         (QU),M,"45,7677200","4,8378800",69,2019,50.0,1.0,1.0,7.0,2152577,2.0,2,1,1,5.0,,0.0,0,1998.0,A01,138Â 297Â 821,1.0,0.0,-1.0,1643755,1.0,1,,0.0,2.0,1.0,B01,138Â 297Â 820,0.0
963081,201900004612,3,22,15:00,1,2,2,1.0,3.0,69381,JEAN MOULIN                         (QU),M,"45,7677200","4,8378800",69,2019,50.0,1.0,1.0,7.0,2152577,2.0,2,1,1,5.0,,0.0,0,1998.0,A01,138Â 297Â 821,1.0,0.0,-1.0,1643756,1.0,7,,0.0,2.0,2.0,A01,138Â 297Â 821,0.0
963082,201900004613,3,22,09:50,1,2,4,1.0,6.0,69385,GARDE (DE LA)                       (R ),M,"45,7591500","4,7915000",69,2019,50.0,1.0,1.0,4.0,2152578,1.0,1,1,2,5.0,,0.0,0,1934.0,A01,138Â 297Â 819,1.0,0.0,-1.0,1643757,1.0,7,,0.0,1.0,3.0,A01,138Â 297Â 819,1.0
963082,201900004613,3,22,09:50,1,2,4,1.0,6.0,69385,GARDE (DE LA)                       (R ),M,"45,7591500","4,7915000",69,2019,50.0,1.0,1.0,4.0,2152579,10.0,3,4,2,5.0,,3.0,3,1932.0,A01,138Â 297Â 819,8.0,0.0,-1.0,1643757,1.0,7,,0.0,1.0,3.0,A01,138Â 297Â 819,1.0
963083,201900004614,3,22,09:25,1,2,1,1.0,6.0,69034,ST CLAIR (DE)                       (GR),M,"45,7910200","4,8602800",69,2019,50.0,1.0,1.0,4.0,2152580,1.0,1,1,2,1.0,,0.0,0,1974.0,A01,138Â 297Â 818,1.0,0.0,-1.0,1643758,3.0,7,,0.0,1.0,1.0,A01,138Â 297Â 818,1.0
963083,201900004614,3,22,09:25,1,2,1,1.0,6.0,69034,ST CLAIR (DE)                       (GR),M,"45,7910200","4,8602800",69,2019,50.0,1.0,1.0,4.0,2152581,10.0,3,4,2,3.0,,3.0,3,1986.0,A01,138Â 297Â 818,8.0,0.0,-1.0,1643758,3.0,7,,0.0,1.0,1.0,A01,138Â 297Â 818,1.0
963084,201900004615,3,21,23:30,5,2,3,1.0,6.0,69384,BONY                                (R ),M,"45,7722300","4,8187200",69,2019,50.0,1.0,1.0,7.0,2152582,10.0,3,3,2,5.0,,4.0,3,1944.0,A01,138Â 297Â 817,8.0,0.0,-1.0,1643759,1.0,7,,0.0,1.0,0.0,A01,138Â 297Â 817,0.0
963085,201900004616,3,21,17:30,1,2,3,1.0,3.0,69389,PIERRE BAIZET                       (R ),M,"45,7898500","4,8124400",69,2019,50.0,1.0,1.0,4.0,2152583,1.0,1,4,2,1.0,,0.0,0,1967.0,B01,138Â 297Â 815,8.0,0.0,-1.0,1643760,3.0,1,,0.0,2.0,1.0,B01,138Â 297Â 815,5.0
963085,201900004616,3,21,17:30,1,2,3,1.0,3.0,69389,PIERRE BAIZET                       (R ),M,"45,7898500","4,8124400",69,2019,50.0,1.0,1.0,4.0,2152583,1.0,1,4,2,1.0,,0.0,0,1967.0,B01,138Â 297Â 815,8.0,0.0,-1.0,1643761,3.0,7,,0.0,2.0,3.0,A01,138Â 297Â 816,1.0
963085,201900004616,3,21,17:30,1,2,3,1.0,3.0,69389,PIERRE BAIZET                       (R ),M,"45,7898500","4,8124400",69,2019,50.0,1.0,1.0,4.0,2152584,1.0,1,1,2,1.0,,-1.0, -1,1968.0,A01,138Â 297Â 816,1.0,0.0,-1.0,1643760,3.0,1,,0.0,2.0,1.0,B01,138Â 297Â 815,5.0
963085,201900004616,3,21,17:30,1,2,3,1.0,3.0,69389,PIERRE BAIZET                       (R ),M,"45,7898500","4,8124400",69,2019,50.0,1.0,1.0,4.0,2152584,1.0,1,1,2,1.0,,-1.0, -1,1968.0,A01,138Â 297Â 816,1.0,0.0,-1.0,1643761,3.0,7,,0.0,2.0,3.0,A01,138Â 297Â 816,1.0
963086,201900004617,3,21,17:10,1,2,1,1.0,6.0,69034,ORATOIRE (DE L')                    (R ),M,"45,7848700","4,8379500",69,2019,50.0,2.0,1.0,4.0,2152585,1.0,1,1,2,5.0,,0.0,0,1950.0,B01,138Â 297Â 813,1.0,0.0,-1.0,1643762,3.0,7,,0.0,0.0,3.0,B01,138Â 297Â 813,1.0
963086,201900004617,3,21,17:10,1,2,1,1.0,6.0,69034,ORATOIRE (DE L')                    (R ),M,"45,7848700","4,8379500",69,2019,50.0,2.0,1.0,4.0,2152585,1.0,1,1,2,5.0,,0.0,0,1950.0,B01,138Â 297Â 813,1.0,0.0,-1.0,1643763,3.0,33,,0.0,1.0,1.0,A01,138Â 297Â 814,1.0
963086,201900004617,3,21,17:10,1,2,1,1.0,6.0,69034,ORATOIRE (DE L')                    (R ),M,"45,7848700","4,8379500",69,2019,50.0,2.0,1.0,4.0,2152586,1.0,1,1,1,5.0,,0.0,0,1961.0,A01,138Â 297Â 814,2.0,6.0,-1.0,1643762,3.0,7,,0.0,0.0,3.0,B01,138Â 297Â 813,1.0
963086,201900004617,3,21,17:10,1,2,1,1.0,6.0,69034,ORATOIRE (DE L')                    (R ),M,"45,7848700","4,8379500",69,2019,50.0,2.0,1.0,4.0,2152586,1.0,1,1,1,5.0,,0.0,0,1961.0,A01,138Â 297Â 814,2.0,6.0,-1.0,1643763,3.0,33,,0.0,1.0,1.0,A01,138Â 297Â 814,1.0
963086,201900004617,3,21,17:10,1,2,1,1.0,6.0,69034,ORATOIRE (DE L')                    (R ),M,"45,7848700","4,8379500",69,2019,50.0,2.0,1.0,4.0,2152587,10.0,3,4,1,5.0,,1.0,3,2006.0,A01,138Â 297Â 814,8.0,0.0,-1.0,1643762,3.0,7,,0.0,0.0,3.0,B01,138Â 297Â 813,1.0
963086,201900004617,3,21,17:10,1,2,1,1.0,6.0,69034,ORATOIRE (DE L')                    (R ),M,"45,7848700","4,8379500",69,2019,50.0,2.0,1.0,4.0,2152587,10.0,3,4,1,5.0,,1.0,3,2006.0,A01,138Â 297Â 814,8.0,0.0,-1.0,1643763,3.0,33,,0.0,1.0,1.0,A01,138Â 297Â 814,1.0
963087,201900004618,3,21,08:45,1,2,1,1.0,2.0,69389,ST SIMON                            (R ),M,"45,7801000","4,8001800",69,2019,50.0,1.0,1.0,4.0,2152588,1.0,1,4,2,0.0,,0.0,0,1998.0,A01,138Â 297Â 811,2.0,6.0,-1.0,1643764,1.0,33,,0.0,2.0,2.0,A01,138Â 297Â 811,1.0
963087,201900004618,3,21,08:45,1,2,1,1.0,2.0,69389,ST SIMON                            (R ),M,"45,7801000","4,8001800",69,2019,50.0,1.0,1.0,4.0,2152588,1.0,1,4,2,0.0,,0.0,0,1998.0,A01,138Â 297Â 811,2.0,6.0,-1.0,1643765,1.0,7,,0.0,2.0,6.0,B01,138Â 297Â 812,1.0
963087,201900004618,3,21,08:45,1,2,1,1.0,2.0,69389,ST SIMON                            (R ),M,"45,7801000","4,8001800",69,2019,50.0,1.0,1.0,4.0,2152589,1.0,1,1,1,0.0,,0.0,0,1990.0,B01,138Â 297Â 812,1.0,0.0,-1.0,1643764,1.0,33,,0.0,2.0,2.0,A01,138Â 297Â 811,1.0
963087,201900004618,3,21,08:45,1,2,1,1.0,2.0,69389,ST SIMON                            (R ),M,"45,7801000","4,8001800",69,2019,50.0,1.0,1.0,4.0,2152589,1.0,1,1,1,0.0,,0.0,0,1990.0,B01,138Â 297Â 812,1.0,0.0,-1.0,1643765,1.0,7,,0.0,2.0,6.0,B01,138Â 297Â 812,1.0
963088,201900004619,3,20,20:25,5,2,9,1.0,6.0,69142,NAVARRE (DE LA)                     (R ),M,"45,7286400","4,8103000",69,2019,30.0,1.0,1.0,4.0,2152590,1.0,1,4,2,5.0,,0.0,0,1949.0,A01,138Â 297Â 810,1.0,0.0,-1.0,1643766,2.0,7,,1.0,0.0,2.0,A01,138Â 297Â 810,6.0
963088,201900004619,3,20,20:25,5,2,9,1.0,6.0,69142,NAVARRE (DE LA)                     (R ),M,"45,7286400","4,8103000",69,2019,30.0,1.0,1.0,4.0,2152591,10.0,3,1,2,0.0,,5.0,9,1991.0,A01,138Â 297Â 810,0.0,0.0,-1.0,1643766,2.0,7,,1.0,0.0,2.0,A01,138Â 297Â 810,6.0
963089,201900004620,3,20,21:45,5,2,1,1.0,2.0,69382,DOCTEUR GAILLETON (DU)              (QU),M,"45,7497500","4,8312400",69,2019,50.0,1.0,1.0,4.0,2152592,1.0,1,4,2,5.0,,-1.0, -1,1982.0,B01,138Â 297Â 808,2.0,6.0,-1.0,1643767,1.0,32,,0.0,2.0,5.0,B01,138Â 297Â 808,1.0
963089,201900004620,3,20,21:45,5,2,1,1.0,2.0,69382,DOCTEUR GAILLETON (DU)              (QU),M,"45,7497500","4,8312400",69,2019,50.0,1.0,1.0,4.0,2152592,1.0,1,4,2,5.0,,-1.0, -1,1982.0,B01,138Â 297Â 808,2.0,6.0,-1.0,1643768,1.0,7,,0.0,2.0,3.0,A01,138Â 297Â 809,0.0
963090,201900004621,3,19,10:40,1,2,1,1.0,3.0,69381,ANDRE LASSAGNE                      (QU),M,"45,7708500","4,8379200",69,2019,50.0,1.0,1.0,7.0,2152593,1.0,1,4,1,1.0,,0.0,0,1986.0,B01,138Â 297Â 806,2.0,0.0,-1.0,1643769,1.0,33,,0.0,2.0,8.0,B01,138Â 297Â 806,1.0
963090,201900004621,3,19,10:40,1,2,1,1.0,3.0,69381,ANDRE LASSAGNE                      (QU),M,"45,7708500","4,8379200",69,2019,50.0,1.0,1.0,7.0,2152593,1.0,1,4,1,1.0,,0.0,0,1986.0,B01,138Â 297Â 806,2.0,0.0,-1.0,1643770,3.0,7,,0.0,2.0,5.0,A01,138Â 297Â 807,1.0
963090,201900004621,3,19,10:40,1,2,1,1.0,3.0,69381,ANDRE LASSAGNE                      (QU),M,"45,7708500","4,8379200",69,2019,50.0,1.0,1.0,7.0,2152594,1.0,1,1,1,4.0,,0.0,0,1982.0,A01,138Â 297Â 807,1.0,8.0,-1.0,1643769,1.0,33,,0.0,2.0,8.0,B01,138Â 297Â 806,1.0
963090,201900004621,3,19,10:40,1,2,1,1.0,3.0,69381,ANDRE LASSAGNE                      (QU),M,"45,7708500","4,8379200",69,2019,50.0,1.0,1.0,7.0,2152594,1.0,1,1,1,4.0,,0.0,0,1982.0,A01,138Â 297Â 807,1.0,8.0,-1.0,1643770,3.0,7,,0.0,2.0,5.0,A01,138Â 297Â 807,1.0
963091,201900004622,3,23,12:06,1,1,1,1.0,1.0,2B033,ST FLORENT-ANCIENNE RT DE,M,"42,6772000","9,3860900",2B,2019,80.0,1.0,1.0,3.0,2152595,2.0,2,4,2,0.0,,-1.0, -1,1988.0,B01,138Â 297Â 804,1.0,8.0,-1.0,1643771,1.0,7,,0.0,2.0,1.0,B01,138Â 297Â 804,1.0
963091,201900004622,3,23,12:06,1,1,1,1.0,1.0,2B033,ST FLORENT-ANCIENNE RT DE,M,"42,6772000","9,3860900",2B,2019,80.0,1.0,1.0,3.0,2152595,2.0,2,4,2,0.0,,-1.0, -1,1988.0,B01,138Â 297Â 804,1.0,8.0,-1.0,1643772,1.0,7,,0.0,2.0,1.0,A01,138Â 297Â 805,1.0
963091,201900004622,3,23,12:06,1,1,1,1.0,1.0,2B033,ST FLORENT-ANCIENNE RT DE,M,"42,6772000","9,3860900",2B,2019,80.0,1.0,1.0,3.0,2152596,1.0,1,4,1,0.0,,-1.0, -1,1963.0,B01,138Â 297Â 804,1.0,0.0,-1.0,1643771,1.0,7,,0.0,2.0,1.0,B01,138Â 297Â 804,1.0
963091,201900004622,3,23,12:06,1,1,1,1.0,1.0,2B033,ST FLORENT-ANCIENNE RT DE,M,"42,6772000","9,3860900",2B,2019,80.0,1.0,1.0,3.0,2152596,1.0,1,4,1,0.0,,-1.0, -1,1963.0,B01,138Â 297Â 804,1.0,0.0,-1.0,1643772,1.0,7,,0.0,2.0,1.0,A01,138Â 297Â 805,1.0
963091,201900004622,3,23,12:06,1,1,1,1.0,1.0,2B033,ST FLORENT-ANCIENNE RT DE,M,"42,6772000","9,3860900",2B,2019,80.0,1.0,1.0,3.0,2152597,1.0,1,4,1,0.0,,-1.0, -1,1987.0,A01,138Â 297Â 805,1.0,0.0,-1.0,1643771,1.0,7,,0.0,2.0,1.0,B01,138Â 297Â 804,1.0
963091,201900004622,3,23,12:06,1,1,1,1.0,1.0,2B033,ST FLORENT-ANCIENNE RT DE,M,"42,6772000","9,3860900",2B,2019,80.0,1.0,1.0,3.0,2152597,1.0,1,4,1,0.0,,-1.0, -1,1987.0,A01,138Â 297Â 805,1.0,0.0,-1.0,1643772,1.0,7,,0.0,2.0,1.0,A01,138Â 297Â 805,1.0
963092,201900004623,3,23,00:28,5,2,2,1.0,3.0,2B033,MIOT - RUE,M,"42,6991800","9,4512000",2B,2019,50.0,1.0,1.0,4.0,2152598,1.0,1,1,1,5.0,,-1.0, -1,1999.0,A01,138Â 297Â 802,2.0,0.0,-1.0,1643773,3.0,30,,0.0,2.0,7.0,A01,138Â 297Â 802,1.0
963092,201900004623,3,23,00:28,5,2,2,1.0,3.0,2B033,MIOT - RUE,M,"42,6991800","9,4512000",2B,2019,50.0,1.0,1.0,4.0,2152598,1.0,1,1,1,5.0,,-1.0, -1,1999.0,A01,138Â 297Â 802,2.0,0.0,-1.0,1643774,3.0,31,,0.0,2.0,1.0,B01,138Â 297Â 803,1.0
963092,201900004623,3,23,00:28,5,2,2,1.0,3.0,2B033,MIOT - RUE,M,"42,6991800","9,4512000",2B,2019,50.0,1.0,1.0,4.0,2152599,1.0,1,4,1,5.0,,-1.0, -1,1998.0,B01,138Â 297Â 803,2.0,0.0,-1.0,1643773,3.0,30,,0.0,2.0,7.0,A01,138Â 297Â 802,1.0
963092,201900004623,3,23,00:28,5,2,2,1.0,3.0,2B033,MIOT - RUE,M,"42,6991800","9,4512000",2B,2019,50.0,1.0,1.0,4.0,2152599,1.0,1,4,1,5.0,,-1.0, -1,1998.0,B01,138Â 297Â 803,2.0,0.0,-1.0,1643774,3.0,31,,0.0,2.0,1.0,B01,138Â 297Â 803,1.0
963092,201900004623,3,23,00:28,5,2,2,1.0,3.0,2B033,MIOT - RUE,M,"42,6991800","9,4512000",2B,2019,50.0,1.0,1.0,4.0,2152600,2.0,2,1,1,9.0,,-1.0, -1,1998.0,B01,138Â 297Â 803,2.0,8.0,-1.0,1643773,3.0,30,,0.0,2.0,7.0,A01,138Â 297Â 802,1.0
963092,201900004623,3,23,00:28,5,2,2,1.0,3.0,2B033,MIOT - RUE,M,"42,6991800","9,4512000",2B,2019,50.0,1.0,1.0,4.0,2152600,2.0,2,1,1,9.0,,-1.0, -1,1998.0,B01,138Â 297Â 803,2.0,8.0,-1.0,1643774,3.0,31,,0.0,2.0,1.0,B01,138Â 297Â 803,1.0
963093,201900004624,3,21,12:22,1,2,1,1.0,3.0,2B033,CAPITAINE THEN,M,"42,6732700","9,4373100",2B,2019,50.0,1.0,1.0,3.0,2152601,1.0,1,1,1,1.0,,-1.0, -1,1980.0,B01,138Â 297Â 800,1.0,0.0,-1.0,1643775,1.0,10,,0.0,2.0,8.0,B01,138Â 297Â 800,1.0
963093,201900004624,3,21,12:22,1,2,1,1.0,3.0,2B033,CAPITAINE THEN,M,"42,6732700","9,4373100",2B,2019,50.0,1.0,1.0,3.0,2152601,1.0,1,1,1,1.0,,-1.0, -1,1980.0,B01,138Â 297Â 800,1.0,0.0,-1.0,1643776,1.0,2,,0.0,2.0,1.0,A01,138Â 297Â 801,1.0
963093,201900004624,3,21,12:22,1,2,1,1.0,3.0,2B033,CAPITAINE THEN,M,"42,6732700","9,4373100",2B,2019,50.0,1.0,1.0,3.0,2152602,1.0,1,4,1,1.0,,-1.0, -1,1985.0,A01,138Â 297Â 801,2.0,0.0,-1.0,1643775,1.0,10,,0.0,2.0,8.0,B01,138Â 297Â 800,1.0
963093,201900004624,3,21,12:22,1,2,1,1.0,3.0,2B033,CAPITAINE THEN,M,"42,6732700","9,4373100",2B,2019,50.0,1.0,1.0,3.0,2152602,1.0,1,4,1,1.0,,-1.0, -1,1985.0,A01,138Â 297Â 801,2.0,0.0,-1.0,1643776,1.0,2,,0.0,2.0,1.0,A01,138Â 297Â 801,1.0
963094,201900004625,3,23,19:00,5,1,9,1.0,3.0,97113,SECTION MARE-GAILLARD,M,"16,2172400"," -61,4321800",971,2019,80.0,1.0,1.0,2.0,2152603,3.0,2,1,2,0.0,,-1.0, -1,1979.0,B01,138Â 297Â 798,1.0,0.0,-1.0,1643777,3.0,7,,0.0,2.0,1.0,B01,138Â 297Â 798,1.0
963094,201900004625,3,23,19:00,5,1,9,1.0,3.0,97113,SECTION MARE-GAILLARD,M,"16,2172400"," -61,4321800",971,2019,80.0,1.0,1.0,2.0,2152603,3.0,2,1,2,0.0,,-1.0, -1,1979.0,B01,138Â 297Â 798,1.0,0.0,-1.0,1643778,3.0,7,,0.0,2.0,3.0,A01,138Â 297Â 799,1.0
963094,201900004625,3,23,19:00,5,1,9,1.0,3.0,97113,SECTION MARE-GAILLARD,M,"16,2172400"," -61,4321800",971,2019,80.0,1.0,1.0,2.0,2152604,1.0,1,1,1,5.0,,-1.0, -1,1965.0,B01,138Â 297Â 798,1.0,8.0,-1.0,1643777,3.0,7,,0.0,2.0,1.0,B01,138Â 297Â 798,1.0
963094,201900004625,3,23,19:00,5,1,9,1.0,3.0,97113,SECTION MARE-GAILLARD,M,"16,2172400"," -61,4321800",971,2019,80.0,1.0,1.0,2.0,2152604,1.0,1,1,1,5.0,,-1.0, -1,1965.0,B01,138Â 297Â 798,1.0,8.0,-1.0,1643778,3.0,7,,0.0,2.0,3.0,A01,138Â 297Â 799,1.0
963094,201900004625,3,23,19:00,5,1,9,1.0,3.0,97113,SECTION MARE-GAILLARD,M,"16,2172400"," -61,4321800",971,2019,80.0,1.0,1.0,2.0,2152605,5.0,2,1,1,5.0,,-1.0, -1,2012.0,B01,138Â 297Â 798,1.0,8.0,-1.0,1643777,3.0,7,,0.0,2.0,1.0,B01,138Â 297Â 798,1.0
963094,201900004625,3,23,19:00,5,1,9,1.0,3.0,97113,SECTION MARE-GAILLARD,M,"16,2172400"," -61,4321800",971,2019,80.0,1.0,1.0,2.0,2152605,5.0,2,1,1,5.0,,-1.0, -1,2012.0,B01,138Â 297Â 798,1.0,8.0,-1.0,1643778,3.0,7,,0.0,2.0,3.0,A01,138Â 297Â 799,1.0