Unnamed: 0_x,num_acc,mois,jour,hrmn,lum,agg,int,atm,col,com,adr,gps,lat,long,dep,annee,vma,situ,surf,catr,Unnamed: 0_y,place,catu,grav,sexe,trajet,secu,locp,actp,an_nais,num_veh_x,id_vehicule_x,secu1,secu2,secu3,Unnamed: 0,senc,catv,occutc,obs,obsm,choc,num_veh_y,id_vehicule_y,motor
963094,201900004625,3,23,19:00,5,1,9,1.0,3.0,97113,SECTION MARE-GAILLARD,M,"16,2172400"," -61,4321800",971,2019,80.0,1.0,1.0,2.0,2152606,4.0,2,1,2,5.0,,-1.0, -1,2010.0,B01,138Â 297Â 798,1.0,8.0,-1.0,1643777,3.0,7,,0.0,2.0,1.0,B01,138Â 297Â 798,1.0
963094,201900004625,3,23,19:00,5,1,9,1.0,3.0,97113,SECTION MARE-GAILLARD,M,"16,2172400"," -61,4321800",971,2019,80.0,1.0,1.0,2.0,2152606,4.0,2,1,2,5.0,,-1.0, -1,2010.0,B01,138Â 297Â 798,1.0,8.0,-1.0,1643778,3.0,7,,0.0,2.0,3.0,A01,138Â 297Â 799,1.0
963094,201900004625,3,23,19:00,5,1,9,1.0,3.0,97113,SECTION MARE-GAILLARD,M,"16,2172400"," -61,4321800",971,2019,80.0,1.0,1.0,2.0,2152607,2.0,2,4,2,0.0,,-1.0, -1,2006.0,B01,138Â 297Â 798,1.0,0.0,-1.0,1643777,3.0,7,,0.0,2.0,1.0,B01,138Â 297Â 798,1.0
963094,201900004625,3,23,19:00,5,1,9,1.0,3.0,97113,SECTION MARE-GAILLARD,M,"16,2172400"," -61,4321800",971,2019,80.0,1.0,1.0,2.0,2152607,2.0,2,4,2,0.0,,-1.0, -1,2006.0,B01,138Â 297Â 798,1.0,0.0,-1.0,1643778,3.0,7,,0.0,2.0,3.0,A01,138Â 297Â 799,1.0
963094,201900004625,3,23,19:00,5,1,9,1.0,3.0,97113,SECTION MARE-GAILLARD,M,"16,2172400"," -61,4321800",971,2019,80.0,1.0,1.0,2.0,2152608,1.0,1,4,2,1.0,,-1.0, -1,1981.0,A01,138Â 297Â 799,1.0,8.0,-1.0,1643777,3.0,7,,0.0,2.0,1.0,B01,138Â 297Â 798,1.0
963094,201900004625,3,23,19:00,5,1,9,1.0,3.0,97113,SECTION MARE-GAILLARD,M,"16,2172400"," -61,4321800",971,2019,80.0,1.0,1.0,2.0,2152608,1.0,1,4,2,1.0,,-1.0, -1,1981.0,A01,138Â 297Â 799,1.0,8.0,-1.0,1643778,3.0,7,,0.0,2.0,3.0,A01,138Â 297Â 799,1.0
963095,201900004626,3,22,07:45,1,2,1,1.0,6.0,97113,SECTION MARE-GAILLARD,M,"16,2149032"," -61,4387320",971,2019,50.0,2.0,1.0,2.0,2152609,10.0,3,4,1,2.0,,2.0,3,2008.0,A01,138Â 297Â 793,8.0,0.0,-1.0,1643779,3.0,32,,0.0,1.0,1.0,A01,138Â 297Â 793,1.0
963095,201900004626,3,22,07:45,1,2,1,1.0,6.0,97113,SECTION MARE-GAILLARD,M,"16,2149032"," -61,4387320",971,2019,50.0,2.0,1.0,2.0,2152610,1.0,1,1,1,1.0,,-1.0,0,1995.0,A01,138Â 297Â 793,2.0,0.0,-1.0,1643779,3.0,32,,0.0,1.0,1.0,A01,138Â 297Â 793,1.0
963096,201900004627,3,20,08:35,1,1,1,1.0,2.0,97113,RN4 - SECTION RIVIERA,M,"16,2177800"," -61,4897800",971,2019,70.0,1.0,1.0,2.0,2152611,1.0,1,4,1,0.0,,-1.0,0,1990.0,A01,138Â 297Â 791,1.0,0.0,-1.0,1643780,3.0,7,,0.0,2.0,1.0,A01,138Â 297Â 791,1.0
963096,201900004627,3,20,08:35,1,1,1,1.0,2.0,97113,RN4 - SECTION RIVIERA,M,"16,2177800"," -61,4897800",971,2019,70.0,1.0,1.0,2.0,2152611,1.0,1,4,1,0.0,,-1.0,0,1990.0,A01,138Â 297Â 791,1.0,0.0,-1.0,1643781,3.0,7,,0.0,2.0,4.0,B01,138Â 297Â 792,1.0
963096,201900004627,3,20,08:35,1,1,1,1.0,2.0,97113,RN4 - SECTION RIVIERA,M,"16,2177800"," -61,4897800",971,2019,70.0,1.0,1.0,2.0,2152612,1.0,1,1,2,0.0,,-1.0, -1,1981.0,B01,138Â 297Â 792,1.0,0.0,-1.0,1643780,3.0,7,,0.0,2.0,1.0,A01,138Â 297Â 791,1.0
963096,201900004627,3,20,08:35,1,1,1,1.0,2.0,97113,RN4 - SECTION RIVIERA,M,"16,2177800"," -61,4897800",971,2019,70.0,1.0,1.0,2.0,2152612,1.0,1,1,2,0.0,,-1.0, -1,1981.0,B01,138Â 297Â 792,1.0,0.0,-1.0,1643781,3.0,7,,0.0,2.0,4.0,B01,138Â 297Â 792,1.0
963096,201900004627,3,20,08:35,1,1,1,1.0,2.0,97113,RN4 - SECTION RIVIERA,M,"16,2177800"," -61,4897800",971,2019,70.0,1.0,1.0,2.0,2152613,4.0,2,1,2,0.0,,-1.0, -1,2011.0,B01,138Â 297Â 792,1.0,0.0,-1.0,1643780,3.0,7,,0.0,2.0,1.0,A01,138Â 297Â 791,1.0
963096,201900004627,3,20,08:35,1,1,1,1.0,2.0,97113,RN4 - SECTION RIVIERA,M,"16,2177800"," -61,4897800",971,2019,70.0,1.0,1.0,2.0,2152613,4.0,2,1,2,0.0,,-1.0, -1,2011.0,B01,138Â 297Â 792,1.0,0.0,-1.0,1643781,3.0,7,,0.0,2.0,4.0,B01,138Â 297Â 792,1.0
963097,201900004628,3,25,14:35,1,2,1,1.0,2.0,2A004,AVENUE DU DOCTEUR NOEL FRANCHINI,M,"41,9407600","8,7560500",2A,2019,50.0,1.0,1.0,2.0,2152614,1.0,1,1,1,9.0,,-1.0,0,1960.0,B01,138Â 297Â 789,1.0,4.0,-1.0,1643782,3.0,7,,0.0,2.0,3.0,B01,138Â 297Â 789,1.0
963097,201900004628,3,25,14:35,1,2,1,1.0,2.0,2A004,AVENUE DU DOCTEUR NOEL FRANCHINI,M,"41,9407600","8,7560500",2A,2019,50.0,1.0,1.0,2.0,2152614,1.0,1,1,1,9.0,,-1.0,0,1960.0,B01,138Â 297Â 789,1.0,4.0,-1.0,1643783,3.0,7,,0.0,2.0,5.0,A01,138Â 297Â 790,1.0
963097,201900004628,3,25,14:35,1,2,1,1.0,2.0,2A004,AVENUE DU DOCTEUR NOEL FRANCHINI,M,"41,9407600","8,7560500",2A,2019,50.0,1.0,1.0,2.0,2152615,1.0,1,4,2,0.0,,-1.0,0,1994.0,A01,138Â 297Â 790,1.0,8.0,-1.0,1643782,3.0,7,,0.0,2.0,3.0,B01,138Â 297Â 789,1.0
963097,201900004628,3,25,14:35,1,2,1,1.0,2.0,2A004,AVENUE DU DOCTEUR NOEL FRANCHINI,M,"41,9407600","8,7560500",2A,2019,50.0,1.0,1.0,2.0,2152615,1.0,1,4,2,0.0,,-1.0,0,1994.0,A01,138Â 297Â 790,1.0,8.0,-1.0,1643783,3.0,7,,0.0,2.0,5.0,A01,138Â 297Â 790,1.0
963097,201900004628,3,25,14:35,1,2,1,1.0,2.0,2A004,AVENUE DU DOCTEUR NOEL FRANCHINI,M,"41,9407600","8,7560500",2A,2019,50.0,1.0,1.0,2.0,2152616,2.0,2,4,2,9.0,,-1.0,0,1999.0,A01,138Â 297Â 790,1.0,8.0,-1.0,1643782,3.0,7,,0.0,2.0,3.0,B01,138Â 297Â 789,1.0
963097,201900004628,3,25,14:35,1,2,1,1.0,2.0,2A004,AVENUE DU DOCTEUR NOEL FRANCHINI,M,"41,9407600","8,7560500",2A,2019,50.0,1.0,1.0,2.0,2152616,2.0,2,4,2,9.0,,-1.0,0,1999.0,A01,138Â 297Â 790,1.0,8.0,-1.0,1643783,3.0,7,,0.0,2.0,5.0,A01,138Â 297Â 790,1.0
963098,201900004629,3,22,08:15,1,2,1,1.0,2.0,2A004,ROSSINI PASCAL BD,M,"41,9145000","8,7296000",2A,2019,50.0,1.0,1.0,3.0,2152617,1.0,1,1,1,0.0,,-1.0,0,1960.0,B01,138Â 297Â 787,1.0,8.0,-1.0,1643784,1.0,7,,0.0,1.0,4.0,B01,138Â 297Â 787,1.0
963098,201900004629,3,22,08:15,1,2,1,1.0,2.0,2A004,ROSSINI PASCAL BD,M,"41,9145000","8,7296000",2A,2019,50.0,1.0,1.0,3.0,2152617,1.0,1,1,1,0.0,,-1.0,0,1960.0,B01,138Â 297Â 787,1.0,8.0,-1.0,1643785,1.0,31,,0.0,2.0,1.0,A01,138Â 297Â 788,1.0
963098,201900004629,3,22,08:15,1,2,1,1.0,2.0,2A004,ROSSINI PASCAL BD,M,"41,9145000","8,7296000",2A,2019,50.0,1.0,1.0,3.0,2152618,1.0,1,4,1,0.0,,-1.0,0,1977.0,A01,138Â 297Â 788,2.0,8.0,-1.0,1643784,1.0,7,,0.0,1.0,4.0,B01,138Â 297Â 787,1.0
963098,201900004629,3,22,08:15,1,2,1,1.0,2.0,2A004,ROSSINI PASCAL BD,M,"41,9145000","8,7296000",2A,2019,50.0,1.0,1.0,3.0,2152618,1.0,1,4,1,0.0,,-1.0,0,1977.0,A01,138Â 297Â 788,2.0,8.0,-1.0,1643785,1.0,31,,0.0,2.0,1.0,A01,138Â 297Â 788,1.0
963099,201900004630,3,21,19:06,5,2,1,1.0,3.0,2A004,SARTENE ANCIENNE ROUTE,M,"41,9298200","8,7756400",2A,2019,50.0,1.0,1.0,3.0,2152619,1.0,1,4,1,9.0,,-1.0,0,1980.0,B01,138Â 297Â 785,2.0,6.0,-1.0,1643786,1.0,33,,0.0,2.0,1.0,B01,138Â 297Â 785,1.0
963099,201900004630,3,21,19:06,5,2,1,1.0,3.0,2A004,SARTENE ANCIENNE ROUTE,M,"41,9298200","8,7756400",2A,2019,50.0,1.0,1.0,3.0,2152619,1.0,1,4,1,9.0,,-1.0,0,1980.0,B01,138Â 297Â 785,2.0,6.0,-1.0,1643787,2.0,7,,0.0,2.0,5.0,A01,138Â 297Â 786,1.0
963099,201900004630,3,21,19:06,5,2,1,1.0,3.0,2A004,SARTENE ANCIENNE ROUTE,M,"41,9298200","8,7756400",2A,2019,50.0,1.0,1.0,3.0,2152620,1.0,1,1,2,0.0,,-1.0,0,1991.0,A01,138Â 297Â 786,1.0,0.0,-1.0,1643786,1.0,33,,0.0,2.0,1.0,B01,138Â 297Â 785,1.0
963099,201900004630,3,21,19:06,5,2,1,1.0,3.0,2A004,SARTENE ANCIENNE ROUTE,M,"41,9298200","8,7756400",2A,2019,50.0,1.0,1.0,3.0,2152620,1.0,1,1,2,0.0,,-1.0,0,1991.0,A01,138Â 297Â 786,1.0,0.0,-1.0,1643787,2.0,7,,0.0,2.0,5.0,A01,138Â 297Â 786,1.0
963100,201900004631,3,19,08:20,1,2,1,1.0,2.0,2A004,SAMPIERO BD,M,"41,9252600","8,7388000",2A,2019,50.0,1.0,1.0,3.0,2152621,1.0,1,1,2,1.0,,-1.0,0,1993.0,B01,138Â 297Â 783,1.0,0.0,-1.0,1643788,2.0,7,,0.0,2.0,1.0,B01,138Â 297Â 783,1.0
963100,201900004631,3,19,08:20,1,2,1,1.0,2.0,2A004,SAMPIERO BD,M,"41,9252600","8,7388000",2A,2019,50.0,1.0,1.0,3.0,2152621,1.0,1,1,2,1.0,,-1.0,0,1993.0,B01,138Â 297Â 783,1.0,0.0,-1.0,1643789,2.0,32,,0.0,2.0,4.0,A01,138Â 297Â 784,1.0
963100,201900004631,3,19,08:20,1,2,1,1.0,2.0,2A004,SAMPIERO BD,M,"41,9252600","8,7388000",2A,2019,50.0,1.0,1.0,3.0,2152622,1.0,1,4,1,1.0,,-1.0,0,1961.0,A01,138Â 297Â 784,2.0,0.0,-1.0,1643788,2.0,7,,0.0,2.0,1.0,B01,138Â 297Â 783,1.0
963100,201900004631,3,19,08:20,1,2,1,1.0,2.0,2A004,SAMPIERO BD,M,"41,9252600","8,7388000",2A,2019,50.0,1.0,1.0,3.0,2152622,1.0,1,4,1,1.0,,-1.0,0,1961.0,A01,138Â 297Â 784,2.0,0.0,-1.0,1643789,2.0,32,,0.0,2.0,4.0,A01,138Â 297Â 784,1.0
963101,201900004632,3,24,22:20,3,1,9,1.0,7.0,95539,MARAINVAL  (ROUTE DE),M,"49,0062000","2,3582000",95,2019,90.0,1.0,1.0,4.0,2152623,2.0,2,3,1,9.0,,-1.0,0,1994.0,A01,138Â 297Â 782,1.0,0.0,-1.0,1643790,3.0,7,,2.0,0.0,9.0,A01,138Â 297Â 782,1.0
963101,201900004632,3,24,22:20,3,1,9,1.0,7.0,95539,MARAINVAL  (ROUTE DE),M,"49,0062000","2,3582000",95,2019,90.0,1.0,1.0,4.0,2152624,1.0,1,2,1,5.0,,-1.0,0,1993.0,A01,138Â 297Â 782,1.0,0.0,-1.0,1643790,3.0,7,,2.0,0.0,9.0,A01,138Â 297Â 782,1.0
963102,201900004633,3,19,22:30,5,2,2,1.0,5.0,95680,PIERRE SEMARD (AVENUE),M,"49,0010521","2,4081570",95,2019,50.0,1.0,1.0,3.0,2152625,1.0,1,4,1,9.0,,-1.0,0,1999.0,B01,138Â 297Â 779,2.0,6.0,-1.0,1643791,1.0,32,,0.0,2.0,1.0,B01,138Â 297Â 779,1.0
963102,201900004633,3,19,22:30,5,2,2,1.0,5.0,95680,PIERRE SEMARD (AVENUE),M,"49,0010521","2,4081570",95,2019,50.0,1.0,1.0,3.0,2152625,1.0,1,4,1,9.0,,-1.0,0,1999.0,B01,138Â 297Â 779,2.0,6.0,-1.0,1643792,2.0,10,,0.0,2.0,5.0,A01,138Â 297Â 780,1.0
963102,201900004633,3,19,22:30,5,2,2,1.0,5.0,95680,PIERRE SEMARD (AVENUE),M,"49,0010521","2,4081570",95,2019,50.0,1.0,1.0,3.0,2152625,1.0,1,4,1,9.0,,-1.0,0,1999.0,B01,138Â 297Â 779,2.0,6.0,-1.0,1643793,3.0,0,,0.0,2.0,1.0,A01,138Â 297Â 781,-1.0
963102,201900004633,3,19,22:30,5,2,2,1.0,5.0,95680,PIERRE SEMARD (AVENUE),M,"49,0010521","2,4081570",95,2019,50.0,1.0,1.0,3.0,2152626,1.0,1,1,1,1.0,,-1.0,0,1991.0,A01,138Â 297Â 780,1.0,0.0,-1.0,1643791,1.0,32,,0.0,2.0,1.0,B01,138Â 297Â 779,1.0
963102,201900004633,3,19,22:30,5,2,2,1.0,5.0,95680,PIERRE SEMARD (AVENUE),M,"49,0010521","2,4081570",95,2019,50.0,1.0,1.0,3.0,2152626,1.0,1,1,1,1.0,,-1.0,0,1991.0,A01,138Â 297Â 780,1.0,0.0,-1.0,1643792,2.0,10,,0.0,2.0,5.0,A01,138Â 297Â 780,1.0
963102,201900004633,3,19,22:30,5,2,2,1.0,5.0,95680,PIERRE SEMARD (AVENUE),M,"49,0010521","2,4081570",95,2019,50.0,1.0,1.0,3.0,2152626,1.0,1,1,1,1.0,,-1.0,0,1991.0,A01,138Â 297Â 780,1.0,0.0,-1.0,1643793,3.0,0,,0.0,2.0,1.0,A01,138Â 297Â 781,-1.0
963102,201900004633,3,19,22:30,5,2,2,1.0,5.0,95680,PIERRE SEMARD (AVENUE),M,"49,0010521","2,4081570",95,2019,50.0,1.0,1.0,3.0,2152627,1.0,1,1,1,5.0,,-1.0,0,1990.0,A01,138Â 297Â 781,1.0,0.0,0.0,1643791,1.0,32,,0.0,2.0,1.0,B01,138Â 297Â 779,1.0
963102,201900004633,3,19,22:30,5,2,2,1.0,5.0,95680,PIERRE SEMARD (AVENUE),M,"49,0010521","2,4081570",95,2019,50.0,1.0,1.0,3.0,2152627,1.0,1,1,1,5.0,,-1.0,0,1990.0,A01,138Â 297Â 781,1.0,0.0,0.0,1643792,2.0,10,,0.0,2.0,5.0,A01,138Â 297Â 780,1.0
963102,201900004633,3,19,22:30,5,2,2,1.0,5.0,95680,PIERRE SEMARD (AVENUE),M,"49,0010521","2,4081570",95,2019,50.0,1.0,1.0,3.0,2152627,1.0,1,1,1,5.0,,-1.0,0,1990.0,A01,138Â 297Â 781,1.0,0.0,0.0,1643793,3.0,0,,0.0,2.0,1.0,A01,138Â 297Â 781,-1.0
963103,201900004634,3,11,15:15,1,2,9,1.0,6.0,95607,GARE (AVENUE DE LA),M,"49,0271300","2,2236000",95,2019,50.0,1.0,1.0,3.0,2152628,10.0,3,4,2,3.0,,3.0,3,1949.0,A01,138Â 297Â 778,8.0,0.0,-1.0,1643794,2.0,7,,0.0,1.0,3.0,A01,138Â 297Â 778,1.0
963103,201900004634,3,11,15:15,1,2,9,1.0,6.0,95607,GARE (AVENUE DE LA),M,"49,0271300","2,2236000",95,2019,50.0,1.0,1.0,3.0,2152629,1.0,1,1,2,0.0,,-1.0,0,1988.0,A01,138Â 297Â 778,1.0,0.0,-1.0,1643794,2.0,7,,0.0,1.0,3.0,A01,138Â 297Â 778,1.0
963104,201900004635,3,20,09:13,1,1,1,7.0,2.0,91692,TROPIQUES (AVENUE DES),M,"48,6848120","2,1924490",91,2019,45.0,1.0,1.0,3.0,2152630,1.0,1,4,2,4.0,,0.0,0,1960.0,A01,138Â 297Â 776,1.0,8.0,-1.0,1643795,1.0,7,,0.0,2.0,1.0,A01,138Â 297Â 776,1.0
963104,201900004635,3,20,09:13,1,1,1,7.0,2.0,91692,TROPIQUES (AVENUE DES),M,"48,6848120","2,1924490",91,2019,45.0,1.0,1.0,3.0,2152630,1.0,1,4,2,4.0,,0.0,0,1960.0,A01,138Â 297Â 776,1.0,8.0,-1.0,1643796,1.0,7,,0.0,2.0,4.0,B01,138Â 297Â 777,1.0
963104,201900004635,3,20,09:13,1,1,1,7.0,2.0,91692,TROPIQUES (AVENUE DES),M,"48,6848120","2,1924490",91,2019,45.0,1.0,1.0,3.0,2152631,1.0,1,1,1,4.0,,0.0,0,1973.0,B01,138Â 297Â 777,1.0,0.0,-1.0,1643795,1.0,7,,0.0,2.0,1.0,A01,138Â 297Â 776,1.0
963104,201900004635,3,20,09:13,1,1,1,7.0,2.0,91692,TROPIQUES (AVENUE DES),M,"48,6848120","2,1924490",91,2019,45.0,1.0,1.0,3.0,2152631,1.0,1,1,1,4.0,,0.0,0,1973.0,B01,138Â 297Â 777,1.0,0.0,-1.0,1643796,1.0,7,,0.0,2.0,4.0,B01,138Â 297Â 777,1.0
963105,201900004636,3,24,04:05,3,2,1,1.0,7.0,91689,EUROPE (BOULEVARD DE L'),M,"48,7274100","2,3334300",91,2019,50.0,1.0,1.0,3.0,2152632,1.0,1,3,1,5.0,,0.0,0,1990.0,A01,138Â 297Â 775,8.0,0.0,-1.0,1643797,3.0,7,,13.0,0.0,9.0,A01,138Â 297Â 775,1.0
963106,201900004637,3,20,11:00,1,2,6,1.0,3.0,91377,ESTIENNE D'ORVES (RUE D'),M,"48,7333000","2,2833000",91,2019,50.0,1.0,1.0,4.0,2152633,1.0,1,4,1,0.0,,0.0,0,1973.0,B01,138Â 297Â 773,2.0,0.0,-1.0,1643798,3.0,33,,0.0,0.0,0.0,B01,138Â 297Â 773,1.0
963106,201900004637,3,20,11:00,1,2,6,1.0,3.0,91377,ESTIENNE D'ORVES (RUE D'),M,"48,7333000","2,2833000",91,2019,50.0,1.0,1.0,4.0,2152633,1.0,1,4,1,0.0,,0.0,0,1973.0,B01,138Â 297Â 773,2.0,0.0,-1.0,1643799,3.0,7,,0.0,0.0,0.0,A01,138Â 297Â 774,1.0
963106,201900004637,3,20,11:00,1,2,6,1.0,3.0,91377,ESTIENNE D'ORVES (RUE D'),M,"48,7333000","2,2833000",91,2019,50.0,1.0,1.0,4.0,2152634,1.0,1,1,1,0.0,,0.0,0,1954.0,A01,138Â 297Â 774,1.0,0.0,-1.0,1643798,3.0,33,,0.0,0.0,0.0,B01,138Â 297Â 773,1.0
963106,201900004637,3,20,11:00,1,2,6,1.0,3.0,91377,ESTIENNE D'ORVES (RUE D'),M,"48,7333000","2,2833000",91,2019,50.0,1.0,1.0,4.0,2152634,1.0,1,1,1,0.0,,0.0,0,1954.0,A01,138Â 297Â 774,1.0,0.0,-1.0,1643799,3.0,7,,0.0,0.0,0.0,A01,138Â 297Â 774,1.0
963107,201900004638,3,8,23:20,5,2,9,2.0,1.0,91377,EUROPE (AVENUE DE L'),M,"48,7258700","2,2820500",91,2019,50.0,1.0,2.0,9.0,2152635,1.0,1,4,1,9.0,,0.0,0,1993.0,B01,138Â 297Â 771,2.0,6.0,-1.0,1643800,3.0,2,,0.0,2.0,1.0,B01,138Â 297Â 771,1.0
963107,201900004638,3,8,23:20,5,2,9,2.0,1.0,91377,EUROPE (AVENUE DE L'),M,"48,7258700","2,2820500",91,2019,50.0,1.0,2.0,9.0,2152635,1.0,1,4,1,9.0,,0.0,0,1993.0,B01,138Â 297Â 771,2.0,6.0,-1.0,1643801,3.0,7,,0.0,2.0,1.0,A01,138Â 297Â 772,1.0
963107,201900004638,3,8,23:20,5,2,9,2.0,1.0,91377,EUROPE (AVENUE DE L'),M,"48,7258700","2,2820500",91,2019,50.0,1.0,2.0,9.0,2152636,1.0,1,1,1,5.0,,0.0,0,1967.0,A01,138Â 297Â 772,1.0,0.0,-1.0,1643800,3.0,2,,0.0,2.0,1.0,B01,138Â 297Â 771,1.0
963107,201900004638,3,8,23:20,5,2,9,2.0,1.0,91377,EUROPE (AVENUE DE L'),M,"48,7258700","2,2820500",91,2019,50.0,1.0,2.0,9.0,2152636,1.0,1,1,1,5.0,,0.0,0,1967.0,A01,138Â 297Â 772,1.0,0.0,-1.0,1643801,3.0,7,,0.0,2.0,1.0,A01,138Â 297Â 772,1.0
963108,201900004639,3,17,21:20,5,2,9,1.0,6.0,91161,Bretelle d'accÃ©s A6 sens Paris,M,"48,6995500","2,3125200",91,2019,50.0,1.0,1.0,1.0,2152637,10.0,3,4,2,0.0,,3.0,3,1937.0,A01,138Â 297Â 768,0.0,0.0,0.0,1643802,0.0,7,,0.0,1.0,1.0,A01,138Â 297Â 768,1.0
963108,201900004639,3,17,21:20,5,2,9,1.0,6.0,91161,Bretelle d'accÃ©s A6 sens Paris,M,"48,6995500","2,3125200",91,2019,50.0,1.0,1.0,1.0,2152638,1.0,1,1,1,5.0,,0.0,0,1955.0,A01,138Â 297Â 768,1.0,0.0,-1.0,1643802,0.0,7,,0.0,1.0,1.0,A01,138Â 297Â 768,1.0
963109,201900004640,3,21,13:50,1,1,2,1.0,3.0,91223,C.D. 21,M,"48,4239700","2,1175400",91,2019,70.0,1.0,1.0,3.0,2152639,1.0,1,1,2,9.0,,0.0,0,1958.0,B01,138Â 297Â 766,1.0,0.0,-1.0,1643803,2.0,7,,0.0,2.0,6.0,B01,138Â 297Â 766,1.0
963109,201900004640,3,21,13:50,1,1,2,1.0,3.0,91223,C.D. 21,M,"48,4239700","2,1175400",91,2019,70.0,1.0,1.0,3.0,2152639,1.0,1,1,2,9.0,,0.0,0,1958.0,B01,138Â 297Â 766,1.0,0.0,-1.0,1643804,1.0,33,,0.0,2.0,1.0,A01,138Â 297Â 767,1.0
963109,201900004640,3,21,13:50,1,1,2,1.0,3.0,91223,C.D. 21,M,"48,4239700","2,1175400",91,2019,70.0,1.0,1.0,3.0,2152640,1.0,1,3,1,9.0,,0.0,0,1987.0,A01,138Â 297Â 767,2.0,8.0,-1.0,1643803,2.0,7,,0.0,2.0,6.0,B01,138Â 297Â 766,1.0
963109,201900004640,3,21,13:50,1,1,2,1.0,3.0,91223,C.D. 21,M,"48,4239700","2,1175400",91,2019,70.0,1.0,1.0,3.0,2152640,1.0,1,3,1,9.0,,0.0,0,1987.0,A01,138Â 297Â 767,2.0,8.0,-1.0,1643804,1.0,33,,0.0,2.0,1.0,A01,138Â 297Â 767,1.0
963110,201900004641,3,20,18:15,1,2,1,1.0,6.0,91223,NEUVE ST-GILLES (RUE),M,"48,4313600","2,1503300",91,2019,50.0,1.0,1.0,4.0,2152641,10.0,3,3,1,2.0,,2.0,3,2007.0,A01,138Â 297Â 765,8.0,0.0,-1.0,1643805,0.0,7,,0.0,1.0,2.0,A01,138Â 297Â 765,1.0
963110,201900004641,3,20,18:15,1,2,1,1.0,6.0,91223,NEUVE ST-GILLES (RUE),M,"48,4313600","2,1503300",91,2019,50.0,1.0,1.0,4.0,2152642,1.0,1,1,1,0.0,,-1.0, -1,1987.0,A01,138Â 297Â 765,1.0,0.0,-1.0,1643805,0.0,7,,0.0,1.0,2.0,A01,138Â 297Â 765,1.0
963111,201900004642,3,20,14:30,1,2,3,1.0,3.0,91109,CHARLES DE GAULLE (RUE),M,"48,4569700","2,1407300",91,2019,50.0,1.0,1.0,4.0,2152643,1.0,1,1,1,0.0,,0.0,0,1949.0,A01,138Â 297Â 763,1.0,0.0,-1.0,1643806,0.0,7,,0.0,2.0,1.0,A01,138Â 297Â 763,1.0
963111,201900004642,3,20,14:30,1,2,3,1.0,3.0,91109,CHARLES DE GAULLE (RUE),M,"48,4569700","2,1407300",91,2019,50.0,1.0,1.0,4.0,2152643,1.0,1,1,1,0.0,,0.0,0,1949.0,A01,138Â 297Â 763,1.0,0.0,-1.0,1643807,0.0,7,,0.0,2.0,0.0,B01,138Â 297Â 764,1.0
963111,201900004642,3,20,14:30,1,2,3,1.0,3.0,91109,CHARLES DE GAULLE (RUE),M,"48,4569700","2,1407300",91,2019,50.0,1.0,1.0,4.0,2152644,1.0,1,4,2,0.0,,0.0,0,1961.0,B01,138Â 297Â 764,1.0,0.0,-1.0,1643806,0.0,7,,0.0,2.0,1.0,A01,138Â 297Â 763,1.0
963111,201900004642,3,20,14:30,1,2,3,1.0,3.0,91109,CHARLES DE GAULLE (RUE),M,"48,4569700","2,1407300",91,2019,50.0,1.0,1.0,4.0,2152644,1.0,1,4,2,0.0,,0.0,0,1961.0,B01,138Â 297Â 764,1.0,0.0,-1.0,1643807,0.0,7,,0.0,2.0,0.0,B01,138Â 297Â 764,1.0
963112,201900004643,3,21,17:00,1,2,1,1.0,6.0,91657,CROCUS (RUE DES),M,"48,6898000","2,4401000",91,2019,50.0,1.0,1.0,4.0,2152645,10.0,3,4,2,2.0,,5.0,3,2005.0,A01,138Â 297Â 762,0.0,0.0,0.0,1643808,2.0,7,,0.0,1.0,2.0,A01,138Â 297Â 762,1.0
963112,201900004643,3,21,17:00,1,2,1,1.0,6.0,91657,CROCUS (RUE DES),M,"48,6898000","2,4401000",91,2019,50.0,1.0,1.0,4.0,2152646,1.0,1,1,1,1.0,,0.0,0,1965.0,A01,138Â 297Â 762,1.0,0.0,-1.0,1643808,2.0,7,,0.0,1.0,2.0,A01,138Â 297Â 762,1.0
963113,201900004644,3,25,17:20,1,2,9,1.0,4.0,91174,JEAN JAURES (BOULEVARD),M,"48,6128320","2,4599660",91,2019,50.0,1.0,1.0,2.0,2152647,1.0,1,4,2,1.0,,0.0,0,1992.0,B01,138Â 297Â 759,1.0,4.0,-1.0,1643809,0.0,7,,0.0,2.0,4.0,B01,138Â 297Â 759,0.0
963113,201900004644,3,25,17:20,1,2,9,1.0,4.0,91174,JEAN JAURES (BOULEVARD),M,"48,6128320","2,4599660",91,2019,50.0,1.0,1.0,2.0,2152647,1.0,1,4,2,1.0,,0.0,0,1992.0,B01,138Â 297Â 759,1.0,4.0,-1.0,1643810,3.0,7,,0.0,2.0,4.0,C01,138Â 297Â 760,0.0
963113,201900004644,3,25,17:20,1,2,9,1.0,4.0,91174,JEAN JAURES (BOULEVARD),M,"48,6128320","2,4599660",91,2019,50.0,1.0,1.0,2.0,2152647,1.0,1,4,2,1.0,,0.0,0,1992.0,B01,138Â 297Â 759,1.0,4.0,-1.0,1643811,3.0,7,,0.0,2.0,1.0,A01,138Â 297Â 761,0.0
963113,201900004644,3,25,17:20,1,2,9,1.0,4.0,91174,JEAN JAURES (BOULEVARD),M,"48,6128320","2,4599660",91,2019,50.0,1.0,1.0,2.0,2152648,1.0,1,4,1,1.0,,0.0,0,1990.0,C01,138Â 297Â 760,1.0,4.0,-1.0,1643809,0.0,7,,0.0,2.0,4.0,B01,138Â 297Â 759,0.0