Unnamed: 0_x,num_acc,mois,jour,hrmn,lum,agg,int,atm,col,com,adr,gps,lat,long,dep,annee,vma,situ,surf,catr,Unnamed: 0_y,place,catu,grav,sexe,trajet,secu,locp,actp,an_nais,num_veh_x,id_vehicule_x,secu1,secu2,secu3,Unnamed: 0,senc,catv,occutc,obs,obsm,choc,num_veh_y,id_vehicule_y,motor
963113,201900004644,3,25,17:20,1,2,9,1.0,4.0,91174,JEAN JAURES (BOULEVARD),M,"48,6128320","2,4599660",91,2019,50.0,1.0,1.0,2.0,2152648,1.0,1,4,1,1.0,,0.0,0,1990.0,C01,138Â 297Â 760,1.0,4.0,-1.0,1643810,3.0,7,,0.0,2.0,4.0,C01,138Â 297Â 760,0.0
963113,201900004644,3,25,17:20,1,2,9,1.0,4.0,91174,JEAN JAURES (BOULEVARD),M,"48,6128320","2,4599660",91,2019,50.0,1.0,1.0,2.0,2152648,1.0,1,4,1,1.0,,0.0,0,1990.0,C01,138Â 297Â 760,1.0,4.0,-1.0,1643811,3.0,7,,0.0,2.0,1.0,A01,138Â 297Â 761,0.0
963113,201900004644,3,25,17:20,1,2,9,1.0,4.0,91174,JEAN JAURES (BOULEVARD),M,"48,6128320","2,4599660",91,2019,50.0,1.0,1.0,2.0,2152649,1.0,1,1,1,1.0,,0.0,0,1969.0,A01,138Â 297Â 761,1.0,4.0,-1.0,1643809,0.0,7,,0.0,2.0,4.0,B01,138Â 297Â 759,0.0
963113,201900004644,3,25,17:20,1,2,9,1.0,4.0,91174,JEAN JAURES (BOULEVARD),M,"48,6128320","2,4599660",91,2019,50.0,1.0,1.0,2.0,2152649,1.0,1,1,1,1.0,,0.0,0,1969.0,A01,138Â 297Â 761,1.0,4.0,-1.0,1643810,3.0,7,,0.0,2.0,4.0,C01,138Â 297Â 760,0.0
963113,201900004644,3,25,17:20,1,2,9,1.0,4.0,91174,JEAN JAURES (BOULEVARD),M,"48,6128320","2,4599660",91,2019,50.0,1.0,1.0,2.0,2152649,1.0,1,1,1,1.0,,0.0,0,1969.0,A01,138Â 297Â 761,1.0,4.0,-1.0,1643811,3.0,7,,0.0,2.0,1.0,A01,138Â 297Â 761,0.0
963114,201900004645,3,25,16:10,1,2,9,1.0,6.0,91174,PARIS (RUE),M,"48,6046700","2,4675200",91,2019,50.0,1.0,1.0,2.0,2152650,1.0,1,1,1,1.0,,0.0,0,1985.0,A01,138Â 297Â 758,1.0,0.0,-1.0,1643812,0.0,7,,0.0,1.0,2.0,A01,138Â 297Â 758,0.0
963114,201900004645,3,25,16:10,1,2,9,1.0,6.0,91174,PARIS (RUE),M,"48,6046700","2,4675200",91,2019,50.0,1.0,1.0,2.0,2152651,10.0,3,4,1,9.0,,3.0,3,2003.0,A01,138Â 297Â 758,8.0,0.0,-1.0,1643812,0.0,7,,0.0,1.0,2.0,A01,138Â 297Â 758,0.0
963114,201900004645,3,25,16:10,1,2,9,1.0,6.0,91174,PARIS (RUE),M,"48,6046700","2,4675200",91,2019,50.0,1.0,1.0,2.0,2152652,10.0,3,4,1,0.0,,3.0,3,2003.0,A01,138Â 297Â 758,8.0,0.0,-1.0,1643812,0.0,7,,0.0,1.0,2.0,A01,138Â 297Â 758,0.0
963115,201900004646,3,22,16:35,1,2,1,1.0,6.0,91027,CLOS NOLLET,M,"48,7142200","2,3937700",91,2019,30.0,1.0,1.0,9.0,2152653,10.0,3,4,1,5.0,,1.0,3,2016.0,A01,138Â 297Â 757,8.0,0.0,-1.0,1643813,1.0,30,,0.0,1.0,1.0,A01,138Â 297Â 757,0.0
963115,201900004646,3,22,16:35,1,2,1,1.0,6.0,91027,CLOS NOLLET,M,"48,7142200","2,3937700",91,2019,30.0,1.0,1.0,9.0,2152654,1.0,1,1,1,5.0,,0.0,0,1994.0,A01,138Â 297Â 757,2.0,6.0,-1.0,1643813,1.0,30,,0.0,1.0,1.0,A01,138Â 297Â 757,0.0
963116,201900004647,3,17,20:25,3,2,1,8.0,6.0,91027,GOURMELIN (RUE HENRI),M,"48,7153100","2,3907800",91,2019,50.0,1.0,2.0,4.0,2152655,10.0,3,4,1,5.0,,1.0,3,2011.0,A01,138Â 297Â 754,8.0,0.0,-1.0,1643814,2.0,7,,0.0,1.0,1.0,A01,138Â 297Â 754,1.0
963116,201900004647,3,17,20:25,3,2,1,8.0,6.0,91027,GOURMELIN (RUE HENRI),M,"48,7153100","2,3907800",91,2019,50.0,1.0,2.0,4.0,2152656,1.0,1,1,1,1.0,,0.0,0,1984.0,A01,138Â 297Â 754,8.0,0.0,-1.0,1643814,2.0,7,,0.0,1.0,1.0,A01,138Â 297Â 754,1.0
963117,201900004648,3,25,07:50,1,2,3,1.0,3.0,91021,GIRAULT ERNEST (BOULEVARD),M,"48,5920000","2,2450000",91,2019,50.0,1.0,1.0,4.0,2152657,1.0,1,1,2,0.0,,0.0,0,1978.0,B01,138Â 297Â 752,1.0,0.0,-1.0,1643815,3.0,7,,0.0,2.0,7.0,B01,138Â 297Â 752,1.0
963117,201900004648,3,25,07:50,1,2,3,1.0,3.0,91021,GIRAULT ERNEST (BOULEVARD),M,"48,5920000","2,2450000",91,2019,50.0,1.0,1.0,4.0,2152657,1.0,1,1,2,0.0,,0.0,0,1978.0,B01,138Â 297Â 752,1.0,0.0,-1.0,1643816,3.0,33,,0.0,2.0,8.0,A01,138Â 297Â 753,1.0
963117,201900004648,3,25,07:50,1,2,3,1.0,3.0,91021,GIRAULT ERNEST (BOULEVARD),M,"48,5920000","2,2450000",91,2019,50.0,1.0,1.0,4.0,2152658,1.0,1,4,1,0.0,,0.0,0,1962.0,A01,138Â 297Â 753,2.0,8.0,-1.0,1643815,3.0,7,,0.0,2.0,7.0,B01,138Â 297Â 752,1.0
963117,201900004648,3,25,07:50,1,2,3,1.0,3.0,91021,GIRAULT ERNEST (BOULEVARD),M,"48,5920000","2,2450000",91,2019,50.0,1.0,1.0,4.0,2152658,1.0,1,4,1,0.0,,0.0,0,1962.0,A01,138Â 297Â 753,2.0,8.0,-1.0,1643816,3.0,33,,0.0,2.0,8.0,A01,138Â 297Â 753,1.0
963118,201900004649,3,24,09:05,1,2,1,1.0,7.0,91333,FERRY JULES (RUE),M,"48,6130000","2,2620000",91,2019,50.0,1.0,1.0,4.0,2152659,1.0,1,4,1,0.0,,0.0,0,2004.0,A01,138Â 297Â 751,8.0,0.0,-1.0,1643817,3.0,50,,0.0,0.0,0.0,A01,138Â 297Â 751,1.0
963119,201900004650,3,20,13:47,1,2,1,1.0,3.0,91457,FERTE ALAIS (ROUTE DE LA),M,"48,5832100","2,2553000",91,2019,50.0,1.0,1.0,4.0,2152660,2.0,2,3,1,0.0,,0.0,0,2004.0,B01,138Â 297Â 749,2.0,0.0,-1.0,1643818,2.0,33,,0.0,2.0,1.0,B01,138Â 297Â 749,1.0
963119,201900004650,3,20,13:47,1,2,1,1.0,3.0,91457,FERTE ALAIS (ROUTE DE LA),M,"48,5832100","2,2553000",91,2019,50.0,1.0,1.0,4.0,2152660,2.0,2,3,1,0.0,,0.0,0,2004.0,B01,138Â 297Â 749,2.0,0.0,-1.0,1643819,2.0,7,,0.0,2.0,6.0,A01,138Â 297Â 750,1.0
963119,201900004650,3,20,13:47,1,2,1,1.0,3.0,91457,FERTE ALAIS (ROUTE DE LA),M,"48,5832100","2,2553000",91,2019,50.0,1.0,1.0,4.0,2152661,1.0,1,3,1,0.0,,0.0,0,1977.0,B01,138Â 297Â 749,2.0,6.0,-1.0,1643818,2.0,33,,0.0,2.0,1.0,B01,138Â 297Â 749,1.0
963119,201900004650,3,20,13:47,1,2,1,1.0,3.0,91457,FERTE ALAIS (ROUTE DE LA),M,"48,5832100","2,2553000",91,2019,50.0,1.0,1.0,4.0,2152661,1.0,1,3,1,0.0,,0.0,0,1977.0,B01,138Â 297Â 749,2.0,6.0,-1.0,1643819,2.0,7,,0.0,2.0,6.0,A01,138Â 297Â 750,1.0
963119,201900004650,3,20,13:47,1,2,1,1.0,3.0,91457,FERTE ALAIS (ROUTE DE LA),M,"48,5832100","2,2553000",91,2019,50.0,1.0,1.0,4.0,2152662,1.0,1,4,1,0.0,,0.0,0,1996.0,A01,138Â 297Â 750,1.0,0.0,-1.0,1643818,2.0,33,,0.0,2.0,1.0,B01,138Â 297Â 749,1.0
963119,201900004650,3,20,13:47,1,2,1,1.0,3.0,91457,FERTE ALAIS (ROUTE DE LA),M,"48,5832100","2,2553000",91,2019,50.0,1.0,1.0,4.0,2152662,1.0,1,4,1,0.0,,0.0,0,1996.0,A01,138Â 297Â 750,1.0,0.0,-1.0,1643819,2.0,7,,0.0,2.0,6.0,A01,138Â 297Â 750,1.0
963120,201900004651,3,20,08:25,1,2,1,1.0,1.0,91103,RONGIERE JEAN (RUE),M,"48,5970000","2,2980000",91,2019,50.0,1.0,1.0,4.0,2152663,1.0,1,4,1,0.0,,0.0,0,2001.0,A01,138Â 297Â 747,2.0,8.0,-1.0,1643820,3.0,31,,0.0,2.0,1.0,A01,138Â 297Â 747,0.0
963120,201900004651,3,20,08:25,1,2,1,1.0,1.0,91103,RONGIERE JEAN (RUE),M,"48,5970000","2,2980000",91,2019,50.0,1.0,1.0,4.0,2152663,1.0,1,4,1,0.0,,0.0,0,2001.0,A01,138Â 297Â 747,2.0,8.0,-1.0,1643821,3.0,7,,0.0,2.0,5.0,B01,138Â 297Â 748,0.0
963120,201900004651,3,20,08:25,1,2,1,1.0,1.0,91103,RONGIERE JEAN (RUE),M,"48,5970000","2,2980000",91,2019,50.0,1.0,1.0,4.0,2152664,1.0,1,1,1,0.0,,0.0,0,1993.0,B01,138Â 297Â 748,1.0,0.0,-1.0,1643820,3.0,31,,0.0,2.0,1.0,A01,138Â 297Â 747,0.0
963120,201900004651,3,20,08:25,1,2,1,1.0,1.0,91103,RONGIERE JEAN (RUE),M,"48,5970000","2,2980000",91,2019,50.0,1.0,1.0,4.0,2152664,1.0,1,1,1,0.0,,0.0,0,1993.0,B01,138Â 297Â 748,1.0,0.0,-1.0,1643821,3.0,7,,0.0,2.0,5.0,B01,138Â 297Â 748,0.0
963121,201900004652,3,24,19:16,1,2,1,1.0,6.0,87075,NOEL (RUE JULES),M,"45,8131900","1,1720200",87,2019,50.0,1.0,1.0,6.0,2152665,10.0,3,3,1,5.0,,1.0,5,1999.0,A01,138Â 297Â 746,8.0,0.0,-1.0,1643822,2.0,7,,0.0,1.0,3.0,A01,138Â 297Â 746,1.0
963121,201900004652,3,24,19:16,1,2,1,1.0,6.0,87075,NOEL (RUE JULES),M,"45,8131900","1,1720200",87,2019,50.0,1.0,1.0,6.0,2152666,1.0,1,1,1,5.0,,0.0,0,1999.0,A01,138Â 297Â 746,1.0,0.0,-1.0,1643822,2.0,7,,0.0,1.0,3.0,A01,138Â 297Â 746,1.0
963122,201900004653,3,24,21:41,5,2,3,1.0,3.0,87065,PONTEIX (AVENUE DU),M,"45,8067400","1,2973000",87,2019,50.0,1.0,1.0,1.0,2152667,1.0,1,4,2,5.0,,0.0,0,1967.0,A01,138Â 297Â 744,1.0,-1.0,-1.0,1643823,1.0,7,,12.0,2.0,1.0,A01,138Â 297Â 744,1.0
963122,201900004653,3,24,21:41,5,2,3,1.0,3.0,87065,PONTEIX (AVENUE DU),M,"45,8067400","1,2973000",87,2019,50.0,1.0,1.0,1.0,2152667,1.0,1,4,2,5.0,,0.0,0,1967.0,A01,138Â 297Â 744,1.0,-1.0,-1.0,1643824,1.0,7,,0.0,2.0,1.0,B01,138Â 297Â 745,1.0
963122,201900004653,3,24,21:41,5,2,3,1.0,3.0,87065,PONTEIX (AVENUE DU),M,"45,8067400","1,2973000",87,2019,50.0,1.0,1.0,1.0,2152668,1.0,1,4,2,1.0,,0.0,0,1989.0,B01,138Â 297Â 745,1.0,-1.0,-1.0,1643823,1.0,7,,12.0,2.0,1.0,A01,138Â 297Â 744,1.0
963122,201900004653,3,24,21:41,5,2,3,1.0,3.0,87065,PONTEIX (AVENUE DU),M,"45,8067400","1,2973000",87,2019,50.0,1.0,1.0,1.0,2152668,1.0,1,4,2,1.0,,0.0,0,1989.0,B01,138Â 297Â 745,1.0,-1.0,-1.0,1643824,1.0,7,,0.0,2.0,1.0,B01,138Â 297Â 745,1.0
963123,201900004654,3,21,08:07,1,2,3,1.0,3.0,87085,PETIT TOUR (RUE DU),M,"45,8317000","1,2489300",87,2019,50.0,1.0,1.0,4.0,2152669,1.0,1,3,1,1.0,,0.0,0,1994.0,B01,138Â 297Â 742,2.0,6.0,-1.0,1643825,1.0,33,,0.0,2.0,1.0,B01,138Â 297Â 742,1.0
963123,201900004654,3,21,08:07,1,2,3,1.0,3.0,87085,PETIT TOUR (RUE DU),M,"45,8317000","1,2489300",87,2019,50.0,1.0,1.0,4.0,2152669,1.0,1,3,1,1.0,,0.0,0,1994.0,B01,138Â 297Â 742,2.0,6.0,-1.0,1643826,2.0,7,,0.0,2.0,3.0,A01,138Â 297Â 743,1.0
963123,201900004654,3,21,08:07,1,2,3,1.0,3.0,87085,PETIT TOUR (RUE DU),M,"45,8317000","1,2489300",87,2019,50.0,1.0,1.0,4.0,2152670,1.0,1,1,1,1.0,,0.0,0,1970.0,A01,138Â 297Â 743,1.0,0.0,-1.0,1643825,1.0,33,,0.0,2.0,1.0,B01,138Â 297Â 742,1.0
963123,201900004654,3,21,08:07,1,2,3,1.0,3.0,87085,PETIT TOUR (RUE DU),M,"45,8317000","1,2489300",87,2019,50.0,1.0,1.0,4.0,2152670,1.0,1,1,1,1.0,,0.0,0,1970.0,A01,138Â 297Â 743,1.0,0.0,-1.0,1643826,2.0,7,,0.0,2.0,3.0,A01,138Â 297Â 743,1.0
963124,201900004655,3,21,03:01,3,1,1,1.0,5.0,87085,RN520,M,"45,8904300","1,2724900",87,2019,80.0,1.0,1.0,2.0,2152671,1.0,1,1,1,4.0,,0.0,0,1969.0,B01,138Â 297Â 739,8.0,-1.0,-1.0,1643827,2.0,17,,0.0,2.0,8.0,B01,138Â 297Â 739,1.0
963124,201900004655,3,21,03:01,3,1,1,1.0,5.0,87085,RN520,M,"45,8904300","1,2724900",87,2019,80.0,1.0,1.0,2.0,2152671,1.0,1,1,1,4.0,,0.0,0,1969.0,B01,138Â 297Â 739,8.0,-1.0,-1.0,1643828,2.0,13,,0.0,2.0,1.0,C01,138Â 297Â 740,1.0
963124,201900004655,3,21,03:01,3,1,1,1.0,5.0,87085,RN520,M,"45,8904300","1,2724900",87,2019,80.0,1.0,1.0,2.0,2152671,1.0,1,1,1,4.0,,0.0,0,1969.0,B01,138Â 297Â 739,8.0,-1.0,-1.0,1643829,2.0,7,,1.0,2.0,1.0,A01,138Â 297Â 741,1.0
963124,201900004655,3,21,03:01,3,1,1,1.0,5.0,87085,RN520,M,"45,8904300","1,2724900",87,2019,80.0,1.0,1.0,2.0,2152672,1.0,1,4,1,4.0,,0.0,0,1964.0,C01,138Â 297Â 740,1.0,-1.0,-1.0,1643827,2.0,17,,0.0,2.0,8.0,B01,138Â 297Â 739,1.0
963124,201900004655,3,21,03:01,3,1,1,1.0,5.0,87085,RN520,M,"45,8904300","1,2724900",87,2019,80.0,1.0,1.0,2.0,2152672,1.0,1,4,1,4.0,,0.0,0,1964.0,C01,138Â 297Â 740,1.0,-1.0,-1.0,1643828,2.0,13,,0.0,2.0,1.0,C01,138Â 297Â 740,1.0
963124,201900004655,3,21,03:01,3,1,1,1.0,5.0,87085,RN520,M,"45,8904300","1,2724900",87,2019,80.0,1.0,1.0,2.0,2152672,1.0,1,4,1,4.0,,0.0,0,1964.0,C01,138Â 297Â 740,1.0,-1.0,-1.0,1643829,2.0,7,,1.0,2.0,1.0,A01,138Â 297Â 741,1.0
963124,201900004655,3,21,03:01,3,1,1,1.0,5.0,87085,RN520,M,"45,8904300","1,2724900",87,2019,80.0,1.0,1.0,2.0,2152673,1.0,1,4,1,5.0,,0.0,0,1996.0,A01,138Â 297Â 741,1.0,-1.0,-1.0,1643827,2.0,17,,0.0,2.0,8.0,B01,138Â 297Â 739,1.0
963124,201900004655,3,21,03:01,3,1,1,1.0,5.0,87085,RN520,M,"45,8904300","1,2724900",87,2019,80.0,1.0,1.0,2.0,2152673,1.0,1,4,1,5.0,,0.0,0,1996.0,A01,138Â 297Â 741,1.0,-1.0,-1.0,1643828,2.0,13,,0.0,2.0,1.0,C01,138Â 297Â 740,1.0
963124,201900004655,3,21,03:01,3,1,1,1.0,5.0,87085,RN520,M,"45,8904300","1,2724900",87,2019,80.0,1.0,1.0,2.0,2152673,1.0,1,4,1,5.0,,0.0,0,1996.0,A01,138Â 297Â 741,1.0,-1.0,-1.0,1643829,2.0,7,,1.0,2.0,1.0,A01,138Â 297Â 741,1.0
963125,201900004656,3,20,13:22,1,2,3,1.0,2.0,87085,MONTMAILLER (RUE),M,"45,8351900","1,2521400",87,2019,50.0,1.0,1.0,4.0,2152674,1.0,1,1,1,4.0,,0.0,0,1979.0,B01,138Â 297Â 737,1.0,0.0,-1.0,1643830,2.0,10,,0.0,2.0,4.0,B01,138Â 297Â 737,1.0
963125,201900004656,3,20,13:22,1,2,3,1.0,2.0,87085,MONTMAILLER (RUE),M,"45,8351900","1,2521400",87,2019,50.0,1.0,1.0,4.0,2152674,1.0,1,1,1,4.0,,0.0,0,1979.0,B01,138Â 297Â 737,1.0,0.0,-1.0,1643831,2.0,7,,0.0,2.0,1.0,A01,138Â 297Â 738,1.0
963125,201900004656,3,20,13:22,1,2,3,1.0,2.0,87085,MONTMAILLER (RUE),M,"45,8351900","1,2521400",87,2019,50.0,1.0,1.0,4.0,2152675,1.0,1,4,1,1.0,,0.0,0,1967.0,A01,138Â 297Â 738,1.0,0.0,-1.0,1643830,2.0,10,,0.0,2.0,4.0,B01,138Â 297Â 737,1.0
963125,201900004656,3,20,13:22,1,2,3,1.0,2.0,87085,MONTMAILLER (RUE),M,"45,8351900","1,2521400",87,2019,50.0,1.0,1.0,4.0,2152675,1.0,1,4,1,1.0,,0.0,0,1967.0,A01,138Â 297Â 738,1.0,0.0,-1.0,1643831,2.0,7,,0.0,2.0,1.0,A01,138Â 297Â 738,1.0
963126,201900004657,3,15,20:30,3,1,1,2.0,1.0,86066,RD 161 - ROCADE EST,M,"46,7866200","0,5476900",86,2019,80.0,1.0,2.0,3.0,2152676,1.0,1,4,2,1.0,,-1.0,0,1993.0,B01,138Â 297Â 735,1.0,0.0,-1.0,1643832,3.0,7,,0.0,2.0,1.0,B01,138Â 297Â 735,1.0
963126,201900004657,3,15,20:30,3,1,1,2.0,1.0,86066,RD 161 - ROCADE EST,M,"46,7866200","0,5476900",86,2019,80.0,1.0,2.0,3.0,2152676,1.0,1,4,2,1.0,,-1.0,0,1993.0,B01,138Â 297Â 735,1.0,0.0,-1.0,1643833,3.0,7,,0.0,2.0,1.0,A01,138Â 297Â 736,1.0
963126,201900004657,3,15,20:30,3,1,1,2.0,1.0,86066,RD 161 - ROCADE EST,M,"46,7866200","0,5476900",86,2019,80.0,1.0,2.0,3.0,2152677,1.0,1,1,1,5.0,,-1.0,0,1989.0,A01,138Â 297Â 736,8.0,0.0,-1.0,1643832,3.0,7,,0.0,2.0,1.0,B01,138Â 297Â 735,1.0
963126,201900004657,3,15,20:30,3,1,1,2.0,1.0,86066,RD 161 - ROCADE EST,M,"46,7866200","0,5476900",86,2019,80.0,1.0,2.0,3.0,2152677,1.0,1,1,1,5.0,,-1.0,0,1989.0,A01,138Â 297Â 736,8.0,0.0,-1.0,1643833,3.0,7,,0.0,2.0,1.0,A01,138Â 297Â 736,1.0
963127,201900004658,3,22,15:25,1,2,1,1.0,6.0,85194,33-31 AVENUE D'AQUITAINE ,M,"46,4932100"," -1,7621000",85,2019,50.0,1.0,1.0,4.0,2152678,2.0,2,4,1,5.0,,0.0,0,2002.0,A01,138Â 297Â 734,2.0,6.0,-1.0,1643834,1.0,30,,0.0,1.0,1.0,A01,138Â 297Â 734,1.0
963127,201900004658,3,22,15:25,1,2,1,1.0,6.0,85194,33-31 AVENUE D'AQUITAINE ,M,"46,4932100"," -1,7621000",85,2019,50.0,1.0,1.0,4.0,2152679,10.0,3,3,2,5.0,,3.0,3,1979.0,A01,138Â 297Â 734,8.0,0.0,-1.0,1643834,1.0,30,,0.0,1.0,1.0,A01,138Â 297Â 734,1.0
963127,201900004658,3,22,15:25,1,2,1,1.0,6.0,85194,33-31 AVENUE D'AQUITAINE ,M,"46,4932100"," -1,7621000",85,2019,50.0,1.0,1.0,4.0,2152680,1.0,1,4,1,5.0,,0.0,0,2002.0,A01,138Â 297Â 734,2.0,6.0,-1.0,1643834,1.0,30,,0.0,1.0,1.0,A01,138Â 297Â 734,1.0
963128,201900004659,3,21,17:45,1,1,2,1.0,3.0,85194,AVENUE DE TALMONT ,M,"46,4822700"," -1,7191000",85,2019,70.0,1.0,1.0,4.0,2152681,1.0,1,1,1,1.0,,0.0,0,1967.0,B01,138Â 297Â 732,1.0,8.0,-1.0,1643835,2.0,7,,0.0,2.0,1.0,B01,138Â 297Â 732,0.0
963128,201900004659,3,21,17:45,1,1,2,1.0,3.0,85194,AVENUE DE TALMONT ,M,"46,4822700"," -1,7191000",85,2019,70.0,1.0,1.0,4.0,2152681,1.0,1,1,1,1.0,,0.0,0,1967.0,B01,138Â 297Â 732,1.0,8.0,-1.0,1643836,1.0,7,,0.0,2.0,8.0,A01,138Â 297Â 733,1.0
963128,201900004659,3,21,17:45,1,1,2,1.0,3.0,85194,AVENUE DE TALMONT ,M,"46,4822700"," -1,7191000",85,2019,70.0,1.0,1.0,4.0,2152682,1.0,1,3,1,5.0,,0.0,0,1933.0,A01,138Â 297Â 733,1.0,0.0,-1.0,1643835,2.0,7,,0.0,2.0,1.0,B01,138Â 297Â 732,0.0
963128,201900004659,3,21,17:45,1,1,2,1.0,3.0,85194,AVENUE DE TALMONT ,M,"46,4822700"," -1,7191000",85,2019,70.0,1.0,1.0,4.0,2152682,1.0,1,3,1,5.0,,0.0,0,1933.0,A01,138Â 297Â 733,1.0,0.0,-1.0,1643836,1.0,7,,0.0,2.0,8.0,A01,138Â 297Â 733,1.0
963129,201900004660,3,20,17:30,1,2,9,1.0,3.0,85191,RUE PHILIPPE LEBON ,M,"46,6963100"," -1,4320600",85,2019,50.0,1.0,1.0,4.0,2152683,1.0,1,4,1,5.0,,0.0,0,1996.0,A01,138Â 297Â 730,2.0,8.0,-1.0,1643837,2.0,30,,0.0,2.0,1.0,A01,138Â 297Â 730,1.0
963129,201900004660,3,20,17:30,1,2,9,1.0,3.0,85191,RUE PHILIPPE LEBON ,M,"46,6963100"," -1,4320600",85,2019,50.0,1.0,1.0,4.0,2152683,1.0,1,4,1,5.0,,0.0,0,1996.0,A01,138Â 297Â 730,2.0,8.0,-1.0,1643838,1.0,7,,0.0,2.0,3.0,B01,138Â 297Â 731,1.0
963129,201900004660,3,20,17:30,1,2,9,1.0,3.0,85191,RUE PHILIPPE LEBON ,M,"46,6963100"," -1,4320600",85,2019,50.0,1.0,1.0,4.0,2152684,1.0,1,1,2,9.0,,-1.0, -1,1971.0,B01,138Â 297Â 731,1.0,8.0,-1.0,1643837,2.0,30,,0.0,2.0,1.0,A01,138Â 297Â 730,1.0
963129,201900004660,3,20,17:30,1,2,9,1.0,3.0,85191,RUE PHILIPPE LEBON ,M,"46,6963100"," -1,4320600",85,2019,50.0,1.0,1.0,4.0,2152684,1.0,1,1,2,9.0,,-1.0, -1,1971.0,B01,138Â 297Â 731,1.0,8.0,-1.0,1643838,1.0,7,,0.0,2.0,3.0,B01,138Â 297Â 731,1.0
963130,201900004661,3,8,20:00,3,1,1,1.0,5.0,84087,ROUTE D'UCHAUX,M,"44,1975400","4,8014600",84,2019,80.0,1.0,1.0,3.0,2152685,1.0,1,4,1,5.0,,-1.0, -1,1957.0,B01,138Â 297Â 727,1.0,0.0,-1.0,1643839,2.0,7,,0.0,2.0,1.0,B01,138Â 297Â 727,1.0
963130,201900004661,3,8,20:00,3,1,1,1.0,5.0,84087,ROUTE D'UCHAUX,M,"44,1975400","4,8014600",84,2019,80.0,1.0,1.0,3.0,2152685,1.0,1,4,1,5.0,,-1.0, -1,1957.0,B01,138Â 297Â 727,1.0,0.0,-1.0,1643840,1.0,7,,0.0,2.0,3.0,C01,138Â 297Â 728,1.0
963130,201900004661,3,8,20:00,3,1,1,1.0,5.0,84087,ROUTE D'UCHAUX,M,"44,1975400","4,8014600",84,2019,80.0,1.0,1.0,3.0,2152685,1.0,1,4,1,5.0,,-1.0, -1,1957.0,B01,138Â 297Â 727,1.0,0.0,-1.0,1643841,1.0,7,,0.0,2.0,1.0,A01,138Â 297Â 729,1.0
963130,201900004661,3,8,20:00,3,1,1,1.0,5.0,84087,ROUTE D'UCHAUX,M,"44,1975400","4,8014600",84,2019,80.0,1.0,1.0,3.0,2152686,1.0,1,1,1,5.0,,-1.0, -1,1972.0,C01,138Â 297Â 728,1.0,0.0,-1.0,1643839,2.0,7,,0.0,2.0,1.0,B01,138Â 297Â 727,1.0
963130,201900004661,3,8,20:00,3,1,1,1.0,5.0,84087,ROUTE D'UCHAUX,M,"44,1975400","4,8014600",84,2019,80.0,1.0,1.0,3.0,2152686,1.0,1,1,1,5.0,,-1.0, -1,1972.0,C01,138Â 297Â 728,1.0,0.0,-1.0,1643840,1.0,7,,0.0,2.0,3.0,C01,138Â 297Â 728,1.0
963130,201900004661,3,8,20:00,3,1,1,1.0,5.0,84087,ROUTE D'UCHAUX,M,"44,1975400","4,8014600",84,2019,80.0,1.0,1.0,3.0,2152686,1.0,1,1,1,5.0,,-1.0, -1,1972.0,C01,138Â 297Â 728,1.0,0.0,-1.0,1643841,1.0,7,,0.0,2.0,1.0,A01,138Â 297Â 729,1.0
963130,201900004661,3,8,20:00,3,1,1,1.0,5.0,84087,ROUTE D'UCHAUX,M,"44,1975400","4,8014600",84,2019,80.0,1.0,1.0,3.0,2152687,1.0,1,4,1,5.0,,-1.0, -1,1977.0,A01,138Â 297Â 729,8.0,0.0,-1.0,1643839,2.0,7,,0.0,2.0,1.0,B01,138Â 297Â 727,1.0
963130,201900004661,3,8,20:00,3,1,1,1.0,5.0,84087,ROUTE D'UCHAUX,M,"44,1975400","4,8014600",84,2019,80.0,1.0,1.0,3.0,2152687,1.0,1,4,1,5.0,,-1.0, -1,1977.0,A01,138Â 297Â 729,8.0,0.0,-1.0,1643840,1.0,7,,0.0,2.0,3.0,C01,138Â 297Â 728,1.0
963130,201900004661,3,8,20:00,3,1,1,1.0,5.0,84087,ROUTE D'UCHAUX,M,"44,1975400","4,8014600",84,2019,80.0,1.0,1.0,3.0,2152687,1.0,1,4,1,5.0,,-1.0, -1,1977.0,A01,138Â 297Â 729,8.0,0.0,-1.0,1643841,1.0,7,,0.0,2.0,1.0,A01,138Â 297Â 729,1.0
963131,201900004662,3,23,15:11,1,1,1,1.0,6.0,30011,NATIONALE 100  (ROUTE),M,"43,9581700","4,7470500",30,2019,50.0,1.0,8.0,3.0,2152688,1.0,1,3,1,9.0,,-1.0,0,1959.0,A01,138Â 297Â 726,2.0,6.0,-1.0,1643842,3.0,33,,0.0,0.0,1.0,A01,138Â 297Â 726,1.0
963132,201900004663,3,16,19:57,2,2,1,1.0,2.0,84007,MONTFAVET (Route),M,"43,9408500","4,8268900",84,2019,50.0,1.0,1.0,4.0,2152689,1.0,1,1,1,0.0,,-1.0, -1,1986.0,A01,138Â 297Â 724,1.0,0.0,-1.0,1643843,1.0,7,,0.0,2.0,1.0,A01,138Â 297Â 724,1.0
963132,201900004663,3,16,19:57,2,2,1,1.0,2.0,84007,MONTFAVET (Route),M,"43,9408500","4,8268900",84,2019,50.0,1.0,1.0,4.0,2152689,1.0,1,1,1,0.0,,-1.0, -1,1986.0,A01,138Â 297Â 724,1.0,0.0,-1.0,1643844,1.0,7,,0.0,2.0,4.0,B01,138Â 297Â 725,1.0