Unnamed: 0_x,num_acc,mois,jour,hrmn,lum,agg,int,atm,col,com,adr,gps,lat,long,dep,annee,vma,situ,surf,catr,Unnamed: 0_y,place,catu,grav,sexe,trajet,secu,locp,actp,an_nais,num_veh_x,id_vehicule_x,secu1,secu2,secu3,Unnamed: 0,senc,catv,occutc,obs,obsm,choc,num_veh_y,id_vehicule_y,motor
963132,201900004663,3,16,19:57,2,2,1,1.0,2.0,84007,MONTFAVET (Route),M,"43,9408500","4,8268900",84,2019,50.0,1.0,1.0,4.0,2152690,1.0,1,4,1,1.0,,-1.0, -1,1979.0,B01,138Â 297Â 725,1.0,8.0,-1.0,1643843,1.0,7,,0.0,2.0,1.0,A01,138Â 297Â 724,1.0
963132,201900004663,3,16,19:57,2,2,1,1.0,2.0,84007,MONTFAVET (Route),M,"43,9408500","4,8268900",84,2019,50.0,1.0,1.0,4.0,2152690,1.0,1,4,1,1.0,,-1.0, -1,1979.0,B01,138Â 297Â 725,1.0,8.0,-1.0,1643844,1.0,7,,0.0,2.0,4.0,B01,138Â 297Â 725,1.0
963133,201900004664,3,25,23:10,5,2,1,1.0,7.0,83144,RD 98,M,"43,1412800","6,0046900",83,2019,50.0,1.0,1.0,3.0,2152691,1.0,1,3,1,0.0,,-1.0,0,1970.0,A01,138Â 297Â 723,2.0,8.0,-1.0,1643845,1.0,33,,3.0,0.0,1.0,A01,138Â 297Â 723,1.0
963134,201900004665,3,24,20:15,5,2,1,1.0,1.0,83090,BRIAND (AVE ARISTIDE),M,"43,1224200","5,8949500",83,2019,50.0,1.0,1.0,4.0,2152692,1.0,1,4,1,0.0,,-1.0, -1,1989.0,B01,138Â 297Â 721,2.0,0.0,-1.0,1643846,2.0,30,,0.0,2.0,1.0,B01,138Â 297Â 721,1.0
963134,201900004665,3,24,20:15,5,2,1,1.0,1.0,83090,BRIAND (AVE ARISTIDE),M,"43,1224200","5,8949500",83,2019,50.0,1.0,1.0,4.0,2152692,1.0,1,4,1,0.0,,-1.0, -1,1989.0,B01,138Â 297Â 721,2.0,0.0,-1.0,1643847,1.0,30,,0.0,2.0,1.0,A01,138Â 297Â 722,1.0
963134,201900004665,3,24,20:15,5,2,1,1.0,1.0,83090,BRIAND (AVE ARISTIDE),M,"43,1224200","5,8949500",83,2019,50.0,1.0,1.0,4.0,2152693,2.0,2,4,2,0.0,,-1.0, -1,1996.0,B01,138Â 297Â 721,2.0,0.0,-1.0,1643846,2.0,30,,0.0,2.0,1.0,B01,138Â 297Â 721,1.0
963134,201900004665,3,24,20:15,5,2,1,1.0,1.0,83090,BRIAND (AVE ARISTIDE),M,"43,1224200","5,8949500",83,2019,50.0,1.0,1.0,4.0,2152693,2.0,2,4,2,0.0,,-1.0, -1,1996.0,B01,138Â 297Â 721,2.0,0.0,-1.0,1643847,1.0,30,,0.0,2.0,1.0,A01,138Â 297Â 722,1.0
963134,201900004665,3,24,20:15,5,2,1,1.0,1.0,83090,BRIAND (AVE ARISTIDE),M,"43,1224200","5,8949500",83,2019,50.0,1.0,1.0,4.0,2152694,1.0,1,4,1,0.0,,-1.0, -1,2002.0,A01,138Â 297Â 722,2.0,0.0,-1.0,1643846,2.0,30,,0.0,2.0,1.0,B01,138Â 297Â 721,1.0
963134,201900004665,3,24,20:15,5,2,1,1.0,1.0,83090,BRIAND (AVE ARISTIDE),M,"43,1224200","5,8949500",83,2019,50.0,1.0,1.0,4.0,2152694,1.0,1,4,1,0.0,,-1.0, -1,2002.0,A01,138Â 297Â 722,2.0,0.0,-1.0,1643847,1.0,30,,0.0,2.0,1.0,A01,138Â 297Â 722,1.0
963135,201900004666,3,23,18:05,1,2,3,1.0,1.0,83137,FARON (BD DU),M,"43,1364000","5,9225600",83,2019,50.0,1.0,1.0,4.0,2152695,1.0,1,3,1,0.0,,-1.0,0,1958.0,A01,138Â 297Â 719,2.0,0.0,-1.0,1643848,1.0,32,,0.0,2.0,1.0,A01,138Â 297Â 719,1.0
963135,201900004666,3,23,18:05,1,2,3,1.0,1.0,83137,FARON (BD DU),M,"43,1364000","5,9225600",83,2019,50.0,1.0,1.0,4.0,2152695,1.0,1,3,1,0.0,,-1.0,0,1958.0,A01,138Â 297Â 719,2.0,0.0,-1.0,1643849,2.0,7,,0.0,2.0,0.0,B01,138Â 297Â 720,1.0
963135,201900004666,3,23,18:05,1,2,3,1.0,1.0,83137,FARON (BD DU),M,"43,1364000","5,9225600",83,2019,50.0,1.0,1.0,4.0,2152696,1.0,1,1,1,0.0,,-1.0,0,1980.0,B01,138Â 297Â 720,1.0,0.0,-1.0,1643848,1.0,32,,0.0,2.0,1.0,A01,138Â 297Â 719,1.0
963135,201900004666,3,23,18:05,1,2,3,1.0,1.0,83137,FARON (BD DU),M,"43,1364000","5,9225600",83,2019,50.0,1.0,1.0,4.0,2152696,1.0,1,1,1,0.0,,-1.0,0,1980.0,B01,138Â 297Â 720,1.0,0.0,-1.0,1643849,2.0,7,,0.0,2.0,0.0,B01,138Â 297Â 720,1.0
963136,201900004667,3,21,17:25,1,2,1,1.0,3.0,83144,RN 97,M,"43,1415800","6,0036200",83,2019,70.0,1.0,1.0,3.0,2152697,1.0,1,4,1,1.0,,-1.0,0,1995.0,B01,138Â 297Â 717,1.0,0.0,-1.0,1643850,1.0,7,,0.0,2.0,8.0,B01,138Â 297Â 717,1.0
963136,201900004667,3,21,17:25,1,2,1,1.0,3.0,83144,RN 97,M,"43,1415800","6,0036200",83,2019,70.0,1.0,1.0,3.0,2152697,1.0,1,4,1,1.0,,-1.0,0,1995.0,B01,138Â 297Â 717,1.0,0.0,-1.0,1643851,1.0,33,,0.0,2.0,1.0,A01,138Â 297Â 718,1.0
963136,201900004667,3,21,17:25,1,2,1,1.0,3.0,83144,RN 97,M,"43,1415800","6,0036200",83,2019,70.0,1.0,1.0,3.0,2152698,1.0,1,4,1,1.0,,-1.0,0,1983.0,A01,138Â 297Â 718,2.0,6.0,-1.0,1643850,1.0,7,,0.0,2.0,8.0,B01,138Â 297Â 717,1.0
963136,201900004667,3,21,17:25,1,2,1,1.0,3.0,83144,RN 97,M,"43,1415800","6,0036200",83,2019,70.0,1.0,1.0,3.0,2152698,1.0,1,4,1,1.0,,-1.0,0,1983.0,A01,138Â 297Â 718,2.0,6.0,-1.0,1643851,1.0,33,,0.0,2.0,1.0,A01,138Â 297Â 718,1.0
963137,201900004668,3,20,15:05,1,1,1,1.0,4.0,83062,DIGNE (AVENUE DE ),M,"43,1455320","6,0336510",83,2019,50.0,1.0,1.0,4.0,2152699,1.0,1,4,2,5.0,,-1.0,0,1973.0,C01,138Â 297Â 714,1.0,0.0,-1.0,1643852,1.0,7,,0.0,2.0,4.0,C01,138Â 297Â 714,1.0
963137,201900004668,3,20,15:05,1,1,1,1.0,4.0,83062,DIGNE (AVENUE DE ),M,"43,1455320","6,0336510",83,2019,50.0,1.0,1.0,4.0,2152699,1.0,1,4,2,5.0,,-1.0,0,1973.0,C01,138Â 297Â 714,1.0,0.0,-1.0,1643853,1.0,7,,0.0,2.0,4.0,B01,138Â 297Â 715,1.0
963137,201900004668,3,20,15:05,1,1,1,1.0,4.0,83062,DIGNE (AVENUE DE ),M,"43,1455320","6,0336510",83,2019,50.0,1.0,1.0,4.0,2152699,1.0,1,4,2,5.0,,-1.0,0,1973.0,C01,138Â 297Â 714,1.0,0.0,-1.0,1643854,1.0,7,,0.0,2.0,1.0,A01,138Â 297Â 716,1.0
963137,201900004668,3,20,15:05,1,1,1,1.0,4.0,83062,DIGNE (AVENUE DE ),M,"43,1455320","6,0336510",83,2019,50.0,1.0,1.0,4.0,2152700,4.0,2,1,2,5.0,,-1.0,0,2011.0,C01,138Â 297Â 714,3.0,8.0,-1.0,1643852,1.0,7,,0.0,2.0,4.0,C01,138Â 297Â 714,1.0
963137,201900004668,3,20,15:05,1,1,1,1.0,4.0,83062,DIGNE (AVENUE DE ),M,"43,1455320","6,0336510",83,2019,50.0,1.0,1.0,4.0,2152700,4.0,2,1,2,5.0,,-1.0,0,2011.0,C01,138Â 297Â 714,3.0,8.0,-1.0,1643853,1.0,7,,0.0,2.0,4.0,B01,138Â 297Â 715,1.0
963137,201900004668,3,20,15:05,1,1,1,1.0,4.0,83062,DIGNE (AVENUE DE ),M,"43,1455320","6,0336510",83,2019,50.0,1.0,1.0,4.0,2152700,4.0,2,1,2,5.0,,-1.0,0,2011.0,C01,138Â 297Â 714,3.0,8.0,-1.0,1643854,1.0,7,,0.0,2.0,1.0,A01,138Â 297Â 716,1.0
963137,201900004668,3,20,15:05,1,1,1,1.0,4.0,83062,DIGNE (AVENUE DE ),M,"43,1455320","6,0336510",83,2019,50.0,1.0,1.0,4.0,2152701,4.0,2,1,2,0.0,,-1.0,0,2017.0,B01,138Â 297Â 715,3.0,0.0,-1.0,1643852,1.0,7,,0.0,2.0,4.0,C01,138Â 297Â 714,1.0
963137,201900004668,3,20,15:05,1,1,1,1.0,4.0,83062,DIGNE (AVENUE DE ),M,"43,1455320","6,0336510",83,2019,50.0,1.0,1.0,4.0,2152701,4.0,2,1,2,0.0,,-1.0,0,2017.0,B01,138Â 297Â 715,3.0,0.0,-1.0,1643853,1.0,7,,0.0,2.0,4.0,B01,138Â 297Â 715,1.0
963137,201900004668,3,20,15:05,1,1,1,1.0,4.0,83062,DIGNE (AVENUE DE ),M,"43,1455320","6,0336510",83,2019,50.0,1.0,1.0,4.0,2152701,4.0,2,1,2,0.0,,-1.0,0,2017.0,B01,138Â 297Â 715,3.0,0.0,-1.0,1643854,1.0,7,,0.0,2.0,1.0,A01,138Â 297Â 716,1.0
963137,201900004668,3,20,15:05,1,1,1,1.0,4.0,83062,DIGNE (AVENUE DE ),M,"43,1455320","6,0336510",83,2019,50.0,1.0,1.0,4.0,2152702,1.0,1,4,2,0.0,,-1.0,0,1990.0,B01,138Â 297Â 715,1.0,0.0,-1.0,1643852,1.0,7,,0.0,2.0,4.0,C01,138Â 297Â 714,1.0
963137,201900004668,3,20,15:05,1,1,1,1.0,4.0,83062,DIGNE (AVENUE DE ),M,"43,1455320","6,0336510",83,2019,50.0,1.0,1.0,4.0,2152702,1.0,1,4,2,0.0,,-1.0,0,1990.0,B01,138Â 297Â 715,1.0,0.0,-1.0,1643853,1.0,7,,0.0,2.0,4.0,B01,138Â 297Â 715,1.0
963137,201900004668,3,20,15:05,1,1,1,1.0,4.0,83062,DIGNE (AVENUE DE ),M,"43,1455320","6,0336510",83,2019,50.0,1.0,1.0,4.0,2152702,1.0,1,4,2,0.0,,-1.0,0,1990.0,B01,138Â 297Â 715,1.0,0.0,-1.0,1643854,1.0,7,,0.0,2.0,1.0,A01,138Â 297Â 716,1.0
963137,201900004668,3,20,15:05,1,1,1,1.0,4.0,83062,DIGNE (AVENUE DE ),M,"43,1455320","6,0336510",83,2019,50.0,1.0,1.0,4.0,2152703,3.0,2,4,2,0.0,,-1.0,0,1961.0,B01,138Â 297Â 715,1.0,0.0,-1.0,1643852,1.0,7,,0.0,2.0,4.0,C01,138Â 297Â 714,1.0
963137,201900004668,3,20,15:05,1,1,1,1.0,4.0,83062,DIGNE (AVENUE DE ),M,"43,1455320","6,0336510",83,2019,50.0,1.0,1.0,4.0,2152703,3.0,2,4,2,0.0,,-1.0,0,1961.0,B01,138Â 297Â 715,1.0,0.0,-1.0,1643853,1.0,7,,0.0,2.0,4.0,B01,138Â 297Â 715,1.0
963137,201900004668,3,20,15:05,1,1,1,1.0,4.0,83062,DIGNE (AVENUE DE ),M,"43,1455320","6,0336510",83,2019,50.0,1.0,1.0,4.0,2152703,3.0,2,4,2,0.0,,-1.0,0,1961.0,B01,138Â 297Â 715,1.0,0.0,-1.0,1643854,1.0,7,,0.0,2.0,1.0,A01,138Â 297Â 716,1.0
963137,201900004668,3,20,15:05,1,1,1,1.0,4.0,83062,DIGNE (AVENUE DE ),M,"43,1455320","6,0336510",83,2019,50.0,1.0,1.0,4.0,2152704,1.0,1,4,1,0.0,,-1.0,0,1986.0,A01,138Â 297Â 716,1.0,0.0,-1.0,1643852,1.0,7,,0.0,2.0,4.0,C01,138Â 297Â 714,1.0
963137,201900004668,3,20,15:05,1,1,1,1.0,4.0,83062,DIGNE (AVENUE DE ),M,"43,1455320","6,0336510",83,2019,50.0,1.0,1.0,4.0,2152704,1.0,1,4,1,0.0,,-1.0,0,1986.0,A01,138Â 297Â 716,1.0,0.0,-1.0,1643853,1.0,7,,0.0,2.0,4.0,B01,138Â 297Â 715,1.0
963137,201900004668,3,20,15:05,1,1,1,1.0,4.0,83062,DIGNE (AVENUE DE ),M,"43,1455320","6,0336510",83,2019,50.0,1.0,1.0,4.0,2152704,1.0,1,4,1,0.0,,-1.0,0,1986.0,A01,138Â 297Â 716,1.0,0.0,-1.0,1643854,1.0,7,,0.0,2.0,1.0,A01,138Â 297Â 716,1.0
963138,201900004669,3,16,10:20,1,2,1,1.0,2.0,83129,ECOLES (BD DES),M,"43,1138200","5,8117000",83,2019,50.0,1.0,1.0,4.0,2152705,1.0,1,1,1,0.0,,-1.0,0,1971.0,B01,138Â 297Â 712,1.0,0.0,-1.0,1643855,1.0,7,,0.0,2.0,1.0,B01,138Â 297Â 712,1.0
963138,201900004669,3,16,10:20,1,2,1,1.0,2.0,83129,ECOLES (BD DES),M,"43,1138200","5,8117000",83,2019,50.0,1.0,1.0,4.0,2152705,1.0,1,1,1,0.0,,-1.0,0,1971.0,B01,138Â 297Â 712,1.0,0.0,-1.0,1643856,1.0,34,,0.0,2.0,4.0,A01,138Â 297Â 713,1.0
963138,201900004669,3,16,10:20,1,2,1,1.0,2.0,83129,ECOLES (BD DES),M,"43,1138200","5,8117000",83,2019,50.0,1.0,1.0,4.0,2152706,1.0,1,4,1,0.0,,-1.0,0,1960.0,A01,138Â 297Â 713,2.0,6.0,-1.0,1643855,1.0,7,,0.0,2.0,1.0,B01,138Â 297Â 712,1.0
963138,201900004669,3,16,10:20,1,2,1,1.0,2.0,83129,ECOLES (BD DES),M,"43,1138200","5,8117000",83,2019,50.0,1.0,1.0,4.0,2152706,1.0,1,4,1,0.0,,-1.0,0,1960.0,A01,138Â 297Â 713,2.0,6.0,-1.0,1643856,1.0,34,,0.0,2.0,4.0,A01,138Â 297Â 713,1.0
963139,201900004670,3,21,18:10,1,2,6,1.0,3.0,83141,,M,"43,5087500","6,4814600",83,2019,50.0,1.0,1.0,3.0,2152707,1.0,1,1,2,3.0,,-1.0,0,1976.0,B01,138Â 297Â 710,1.0,8.0,-1.0,1643857,2.0,7,,0.0,2.0,3.0,B01,138Â 297Â 710,1.0
963139,201900004670,3,21,18:10,1,2,6,1.0,3.0,83141,,M,"43,5087500","6,4814600",83,2019,50.0,1.0,1.0,3.0,2152707,1.0,1,1,2,3.0,,-1.0,0,1976.0,B01,138Â 297Â 710,1.0,8.0,-1.0,1643858,1.0,34,,0.0,2.0,7.0,A01,138Â 297Â 711,1.0
963139,201900004670,3,21,18:10,1,2,6,1.0,3.0,83141,,M,"43,5087500","6,4814600",83,2019,50.0,1.0,1.0,3.0,2152708,1.0,1,3,1,0.0,,-1.0,0,1983.0,A01,138Â 297Â 711,2.0,6.0,-1.0,1643857,2.0,7,,0.0,2.0,3.0,B01,138Â 297Â 710,1.0
963139,201900004670,3,21,18:10,1,2,6,1.0,3.0,83141,,M,"43,5087500","6,4814600",83,2019,50.0,1.0,1.0,3.0,2152708,1.0,1,3,1,0.0,,-1.0,0,1983.0,A01,138Â 297Â 711,2.0,6.0,-1.0,1643858,1.0,34,,0.0,2.0,7.0,A01,138Â 297Â 711,1.0
963140,201900004671,3,20,16:20,1,2,2,1.0,3.0,82121,HAMECHER (AVENUE MARCEAU),M,"44,0127280","1,3462140",82,2019,50.0,1.0,1.0,4.0,2152709,1.0,1,3,2,9.0,,0.0,0,1991.0,B01,138Â 297Â 707,8.0,0.0,-1.0,1643859,2.0,1,,0.0,2.0,1.0,B01,138Â 297Â 707,5.0
963140,201900004671,3,20,16:20,1,2,2,1.0,3.0,82121,HAMECHER (AVENUE MARCEAU),M,"44,0127280","1,3462140",82,2019,50.0,1.0,1.0,4.0,2152709,1.0,1,3,2,9.0,,0.0,0,1991.0,B01,138Â 297Â 707,8.0,0.0,-1.0,1643860,2.0,14,,0.0,2.0,7.0,A01,138Â 297Â 708,1.0
963140,201900004671,3,20,16:20,1,2,2,1.0,3.0,82121,HAMECHER (AVENUE MARCEAU),M,"44,0127280","1,3462140",82,2019,50.0,1.0,1.0,4.0,2152710,1.0,1,1,1,4.0,,0.0,0,1985.0,A01,138Â 297Â 708,1.0,8.0,-1.0,1643859,2.0,1,,0.0,2.0,1.0,B01,138Â 297Â 707,5.0
963140,201900004671,3,20,16:20,1,2,2,1.0,3.0,82121,HAMECHER (AVENUE MARCEAU),M,"44,0127280","1,3462140",82,2019,50.0,1.0,1.0,4.0,2152710,1.0,1,1,1,4.0,,0.0,0,1985.0,A01,138Â 297Â 708,1.0,8.0,-1.0,1643860,2.0,14,,0.0,2.0,7.0,A01,138Â 297Â 708,1.0
963141,201900004672,3,23,19:20,5,2,1,1.0,1.0,81257,145AVENUE JEAN  JAURES,M,"43,9438800","2,1963500",81,2019,50.0,1.0,1.0,4.0,2152711,1.0,1,4,1,0.0,,0.0,0,2004.0,B01,138Â 297Â 703,2.0,8.0,-1.0,1643861,1.0,2,,0.0,2.0,1.0,B01,138Â 297Â 703,1.0
963141,201900004672,3,23,19:20,5,2,1,1.0,1.0,81257,145AVENUE JEAN  JAURES,M,"43,9438800","2,1963500",81,2019,50.0,1.0,1.0,4.0,2152711,1.0,1,4,1,0.0,,0.0,0,2004.0,B01,138Â 297Â 703,2.0,8.0,-1.0,1643862,1.0,7,,0.0,2.0,3.0,A01,138Â 297Â 704,1.0
963141,201900004672,3,23,19:20,5,2,1,1.0,1.0,81257,145AVENUE JEAN  JAURES,M,"43,9438800","2,1963500",81,2019,50.0,1.0,1.0,4.0,2152712,1.0,1,1,1,5.0,,0.0,0,1978.0,A01,138Â 297Â 704,1.0,8.0,-1.0,1643861,1.0,2,,0.0,2.0,1.0,B01,138Â 297Â 703,1.0
963141,201900004672,3,23,19:20,5,2,1,1.0,1.0,81257,145AVENUE JEAN  JAURES,M,"43,9438800","2,1963500",81,2019,50.0,1.0,1.0,4.0,2152712,1.0,1,1,1,5.0,,0.0,0,1978.0,A01,138Â 297Â 704,1.0,8.0,-1.0,1643862,1.0,7,,0.0,2.0,3.0,A01,138Â 297Â 704,1.0
963142,201900004673,3,19,15:30,1,2,3,1.0,3.0,80021,R GAUTHIER DE RUMILLY,M,"49,8864000","2,2930100",80,2019,50.0,1.0,1.0,4.0,2152713,1.0,1,4,2,0.0,,0.0,0,1985.0,A01,138Â 297Â 701,1.0,0.0,-1.0,1643863,0.0,7,,0.0,2.0,1.0,A01,138Â 297Â 701,1.0
963142,201900004673,3,19,15:30,1,2,3,1.0,3.0,80021,R GAUTHIER DE RUMILLY,M,"49,8864000","2,2930100",80,2019,50.0,1.0,1.0,4.0,2152713,1.0,1,4,2,0.0,,0.0,0,1985.0,A01,138Â 297Â 701,1.0,0.0,-1.0,1643864,0.0,7,,0.0,2.0,0.0,B01,138Â 297Â 702,1.0
963142,201900004673,3,19,15:30,1,2,3,1.0,3.0,80021,R GAUTHIER DE RUMILLY,M,"49,8864000","2,2930100",80,2019,50.0,1.0,1.0,4.0,2152714,1.0,1,1,1,0.0,,0.0,0,1950.0,B01,138Â 297Â 702,1.0,0.0,-1.0,1643863,0.0,7,,0.0,2.0,1.0,A01,138Â 297Â 701,1.0
963142,201900004673,3,19,15:30,1,2,3,1.0,3.0,80021,R GAUTHIER DE RUMILLY,M,"49,8864000","2,2930100",80,2019,50.0,1.0,1.0,4.0,2152714,1.0,1,1,1,0.0,,0.0,0,1950.0,B01,138Â 297Â 702,1.0,0.0,-1.0,1643864,0.0,7,,0.0,2.0,0.0,B01,138Â 297Â 702,1.0
963143,201900004674,3,25,18:10,1,2,4,1.0,3.0,78638,PONTOISE (ROUTE DE),M,"49,0098060","1,9605930",78,2019,50.0,1.0,1.0,3.0,2152715,1.0,1,4,2,5.0,,-1.0, -1,1970.0,A01,138Â 297Â 687,2.0,6.0,-1.0,1643865,1.0,1,,0.0,2.0,1.0,A01,138Â 297Â 687,5.0
963143,201900004674,3,25,18:10,1,2,4,1.0,3.0,78638,PONTOISE (ROUTE DE),M,"49,0098060","1,9605930",78,2019,50.0,1.0,1.0,3.0,2152715,1.0,1,4,2,5.0,,-1.0, -1,1970.0,A01,138Â 297Â 687,2.0,6.0,-1.0,1643866,2.0,7,,0.0,2.0,2.0,B01,138Â 297Â 688,1.0
963143,201900004674,3,25,18:10,1,2,4,1.0,3.0,78638,PONTOISE (ROUTE DE),M,"49,0098060","1,9605930",78,2019,50.0,1.0,1.0,3.0,2152716,1.0,1,1,1,5.0,,-1.0, -1,1997.0,B01,138Â 297Â 688,1.0,0.0,-1.0,1643865,1.0,1,,0.0,2.0,1.0,A01,138Â 297Â 687,5.0
963143,201900004674,3,25,18:10,1,2,4,1.0,3.0,78638,PONTOISE (ROUTE DE),M,"49,0098060","1,9605930",78,2019,50.0,1.0,1.0,3.0,2152716,1.0,1,1,1,5.0,,-1.0, -1,1997.0,B01,138Â 297Â 688,1.0,0.0,-1.0,1643866,2.0,7,,0.0,2.0,2.0,B01,138Â 297Â 688,1.0
963144,201900004675,3,24,17:36,1,2,1,1.0,6.0,78299,CARNOT (BOULEVARD),M,"49,0050130","1,9015600",78,2019,50.0,1.0,1.0,3.0,2152717,1.0,1,3,1,0.0,,-1.0,0,1981.0,A01,138Â 297Â 686,1.0,0.0,-1.0,1643867,2.0,7,,15.0,0.0,1.0,A01,138Â 297Â 686,0.0
963145,201900004676,3,22,17:25,1,2,1,1.0,6.0,78638,GENERAL DE GAULLE (RUE DU),M,"49,0055300","1,9644100",78,2019,30.0,1.0,1.0,3.0,2152718,10.0,3,4,1,2.0,,3.0,3,2006.0,A01,138Â 297Â 685,8.0,0.0,-1.0,1643868,2.0,7,,0.0,1.0,1.0,A01,138Â 297Â 685,1.0
963145,201900004676,3,22,17:25,1,2,1,1.0,6.0,78638,GENERAL DE GAULLE (RUE DU),M,"49,0055300","1,9644100",78,2019,30.0,1.0,1.0,3.0,2152719,2.0,2,1,2,5.0,,-1.0,0,1959.0,A01,138Â 297Â 685,1.0,0.0,-1.0,1643868,2.0,7,,0.0,1.0,1.0,A01,138Â 297Â 685,1.0
963145,201900004676,3,22,17:25,1,2,1,1.0,6.0,78638,GENERAL DE GAULLE (RUE DU),M,"49,0055300","1,9644100",78,2019,30.0,1.0,1.0,3.0,2152720,1.0,1,1,1,5.0,,-1.0,0,1948.0,A01,138Â 297Â 685,1.0,0.0,-1.0,1643868,2.0,7,,0.0,1.0,1.0,A01,138Â 297Â 685,1.0
963146,201900004677,3,19,18:00,1,2,3,1.0,3.0,78267,AVENUE DU COLONEL FABIEN,M,"48,9879400","1,8043400",78,2019,50.0,1.0,1.0,3.0,2152721,1.0,1,1,1,0.0,,-1.0, -1,1971.0,A01,138Â 297Â 683,1.0,0.0,-1.0,1643869,1.0,7,,0.0,2.0,2.0,A01,138Â 297Â 683,1.0
963146,201900004677,3,19,18:00,1,2,3,1.0,3.0,78267,AVENUE DU COLONEL FABIEN,M,"48,9879400","1,8043400",78,2019,50.0,1.0,1.0,3.0,2152721,1.0,1,1,1,0.0,,-1.0, -1,1971.0,A01,138Â 297Â 683,1.0,0.0,-1.0,1643870,2.0,1,,0.0,2.0,1.0,B01,138Â 297Â 684,0.0
963146,201900004677,3,19,18:00,1,2,3,1.0,3.0,78267,AVENUE DU COLONEL FABIEN,M,"48,9879400","1,8043400",78,2019,50.0,1.0,1.0,3.0,2152722,1.0,1,3,1,3.0,,-1.0, -1,1972.0,B01,138Â 297Â 684,8.0,0.0,-1.0,1643869,1.0,7,,0.0,2.0,2.0,A01,138Â 297Â 683,1.0
963146,201900004677,3,19,18:00,1,2,3,1.0,3.0,78267,AVENUE DU COLONEL FABIEN,M,"48,9879400","1,8043400",78,2019,50.0,1.0,1.0,3.0,2152722,1.0,1,3,1,3.0,,-1.0, -1,1972.0,B01,138Â 297Â 684,8.0,0.0,-1.0,1643870,2.0,1,,0.0,2.0,1.0,B01,138Â 297Â 684,0.0
963147,201900004678,3,23,23:10,5,2,1,1.0,3.0,78498,ROBESPIERRE BD,M,"48,9344660","2,0559660",78,2019,50.0,1.0,1.0,3.0,2152723,1.0,1,1,1,-1.0,,-1.0, -1,1988.0,D01,138Â 297Â 681,0.0,-1.0,-1.0,1643871,1.0,10,,0.0,2.0,2.0,D01,138Â 297Â 681,-1.0
963147,201900004678,3,23,23:10,5,2,1,1.0,3.0,78498,ROBESPIERRE BD,M,"48,9344660","2,0559660",78,2019,50.0,1.0,1.0,3.0,2152723,1.0,1,1,1,-1.0,,-1.0, -1,1988.0,D01,138Â 297Â 681,0.0,-1.0,-1.0,1643872,2.0,32,,1.0,2.0,1.0,C01,138Â 297Â 682,-1.0
963147,201900004678,3,23,23:10,5,2,1,1.0,3.0,78498,ROBESPIERRE BD,M,"48,9344660","2,0559660",78,2019,50.0,1.0,1.0,3.0,2152724,1.0,1,4,1,-1.0,,-1.0, -1,1980.0,C01,138Â 297Â 682,0.0,-1.0,-1.0,1643871,1.0,10,,0.0,2.0,2.0,D01,138Â 297Â 681,-1.0
963147,201900004678,3,23,23:10,5,2,1,1.0,3.0,78498,ROBESPIERRE BD,M,"48,9344660","2,0559660",78,2019,50.0,1.0,1.0,3.0,2152724,1.0,1,4,1,-1.0,,-1.0, -1,1980.0,C01,138Â 297Â 682,0.0,-1.0,-1.0,1643872,2.0,32,,1.0,2.0,1.0,C01,138Â 297Â 682,-1.0
963148,201900004679,3,23,13:30,1,2,2,1.0,3.0,77514,D84A2 X LAMARTINE (AVENUE),M,"48,9436300","2,6099600",77,2019,50.0,1.0,1.0,3.0,2152725,2.0,2,1,1,4.0,,-1.0,0,1985.0,B01,138Â 297Â 679,1.0,0.0,-1.0,1643873,3.0,7,,0.0,2.0,1.0,B01,138Â 297Â 679,1.0
963148,201900004679,3,23,13:30,1,2,2,1.0,3.0,77514,D84A2 X LAMARTINE (AVENUE),M,"48,9436300","2,6099600",77,2019,50.0,1.0,1.0,3.0,2152725,2.0,2,1,1,4.0,,-1.0,0,1985.0,B01,138Â 297Â 679,1.0,0.0,-1.0,1643874,1.0,7,,0.0,2.0,3.0,A01,138Â 297Â 680,1.0
963148,201900004679,3,23,13:30,1,2,2,1.0,3.0,77514,D84A2 X LAMARTINE (AVENUE),M,"48,9436300","2,6099600",77,2019,50.0,1.0,1.0,3.0,2152726,1.0,1,4,2,9.0,,-1.0,0,1967.0,B01,138Â 297Â 679,1.0,0.0,-1.0,1643873,3.0,7,,0.0,2.0,1.0,B01,138Â 297Â 679,1.0
963148,201900004679,3,23,13:30,1,2,2,1.0,3.0,77514,D84A2 X LAMARTINE (AVENUE),M,"48,9436300","2,6099600",77,2019,50.0,1.0,1.0,3.0,2152726,1.0,1,4,2,9.0,,-1.0,0,1967.0,B01,138Â 297Â 679,1.0,0.0,-1.0,1643874,1.0,7,,0.0,2.0,3.0,A01,138Â 297Â 680,1.0
963148,201900004679,3,23,13:30,1,2,2,1.0,3.0,77514,D84A2 X LAMARTINE (AVENUE),M,"48,9436300","2,6099600",77,2019,50.0,1.0,1.0,3.0,2152727,1.0,1,1,2,0.0,,-1.0,0,1963.0,A01,138Â 297Â 680,1.0,0.0,-1.0,1643873,3.0,7,,0.0,2.0,1.0,B01,138Â 297Â 679,1.0
963148,201900004679,3,23,13:30,1,2,2,1.0,3.0,77514,D84A2 X LAMARTINE (AVENUE),M,"48,9436300","2,6099600",77,2019,50.0,1.0,1.0,3.0,2152727,1.0,1,1,2,0.0,,-1.0,0,1963.0,A01,138Â 297Â 680,1.0,0.0,-1.0,1643874,1.0,7,,0.0,2.0,3.0,A01,138Â 297Â 680,1.0