Unnamed: 0_x,num_acc,mois,jour,hrmn,lum,agg,int,atm,col,com,adr,gps,lat,long,dep,annee,vma,situ,surf,catr,Unnamed: 0_y,place,catu,grav,sexe,trajet,secu,locp,actp,an_nais,num_veh_x,id_vehicule_x,secu1,secu2,secu3,Unnamed: 0,senc,catv,occutc,obs,obsm,choc,num_veh_y,id_vehicule_y,motor
963149,201900004680,3,24,03:52,5,2,1,1.0,7.0,77373,D604 - PARIS (RUE DE),M,"48,7771600","2,5945200",77,2019,50.0,1.0,1.0,3.0,2152728,1.0,1,3,1,0.0,,-1.0,0,1993.0,A01,138Â 297Â 678,2.0,6.0,-1.0,1643875,2.0,33,,4.0,0.0,2.0,A01,138Â 297Â 678,1.0
963150,201900004681,3,22,23:45,5,2,2,1.0,3.0,77108,LIBERTE (RUE DE LA),M,"48,8770900","2,5995200",77,2019,50.0,1.0,1.0,4.0,2152729,1.0,1,4,1,5.0,,-1.0,0,1992.0,A01,138Â 297Â 676,8.0,0.0,-1.0,1643876,2.0,7,,0.0,2.0,1.0,A01,138Â 297Â 676,1.0
963150,201900004681,3,22,23:45,5,2,2,1.0,3.0,77108,LIBERTE (RUE DE LA),M,"48,8770900","2,5995200",77,2019,50.0,1.0,1.0,4.0,2152729,1.0,1,4,1,5.0,,-1.0,0,1992.0,A01,138Â 297Â 676,8.0,0.0,-1.0,1643877,1.0,7,,0.0,2.0,3.0,B01,138Â 297Â 677,1.0
963150,201900004681,3,22,23:45,5,2,2,1.0,3.0,77108,LIBERTE (RUE DE LA),M,"48,8770900","2,5995200",77,2019,50.0,1.0,1.0,4.0,2152730,2.0,2,4,1,4.0,,-1.0,0,1987.0,B01,138Â 297Â 677,1.0,8.0,-1.0,1643876,2.0,7,,0.0,2.0,1.0,A01,138Â 297Â 676,1.0
963150,201900004681,3,22,23:45,5,2,2,1.0,3.0,77108,LIBERTE (RUE DE LA),M,"48,8770900","2,5995200",77,2019,50.0,1.0,1.0,4.0,2152730,2.0,2,4,1,4.0,,-1.0,0,1987.0,B01,138Â 297Â 677,1.0,8.0,-1.0,1643877,1.0,7,,0.0,2.0,3.0,B01,138Â 297Â 677,1.0
963150,201900004681,3,22,23:45,5,2,2,1.0,3.0,77108,LIBERTE (RUE DE LA),M,"48,8770900","2,5995200",77,2019,50.0,1.0,1.0,4.0,2152731,4.0,2,1,1,4.0,,-1.0,0,1990.0,B01,138Â 297Â 677,1.0,8.0,-1.0,1643876,2.0,7,,0.0,2.0,1.0,A01,138Â 297Â 676,1.0
963150,201900004681,3,22,23:45,5,2,2,1.0,3.0,77108,LIBERTE (RUE DE LA),M,"48,8770900","2,5995200",77,2019,50.0,1.0,1.0,4.0,2152731,4.0,2,1,1,4.0,,-1.0,0,1990.0,B01,138Â 297Â 677,1.0,8.0,-1.0,1643877,1.0,7,,0.0,2.0,3.0,B01,138Â 297Â 677,1.0
963150,201900004681,3,22,23:45,5,2,2,1.0,3.0,77108,LIBERTE (RUE DE LA),M,"48,8770900","2,5995200",77,2019,50.0,1.0,1.0,4.0,2152732,3.0,2,4,1,4.0,,-1.0,0,1976.0,B01,138Â 297Â 677,1.0,8.0,-1.0,1643876,2.0,7,,0.0,2.0,1.0,A01,138Â 297Â 676,1.0
963150,201900004681,3,22,23:45,5,2,2,1.0,3.0,77108,LIBERTE (RUE DE LA),M,"48,8770900","2,5995200",77,2019,50.0,1.0,1.0,4.0,2152732,3.0,2,4,1,4.0,,-1.0,0,1976.0,B01,138Â 297Â 677,1.0,8.0,-1.0,1643877,1.0,7,,0.0,2.0,3.0,B01,138Â 297Â 677,1.0
963150,201900004681,3,22,23:45,5,2,2,1.0,3.0,77108,LIBERTE (RUE DE LA),M,"48,8770900","2,5995200",77,2019,50.0,1.0,1.0,4.0,2152733,1.0,1,1,1,4.0,,-1.0,0,1990.0,B01,138Â 297Â 677,1.0,8.0,-1.0,1643876,2.0,7,,0.0,2.0,1.0,A01,138Â 297Â 676,1.0
963150,201900004681,3,22,23:45,5,2,2,1.0,3.0,77108,LIBERTE (RUE DE LA),M,"48,8770900","2,5995200",77,2019,50.0,1.0,1.0,4.0,2152733,1.0,1,1,1,4.0,,-1.0,0,1990.0,B01,138Â 297Â 677,1.0,8.0,-1.0,1643877,1.0,7,,0.0,2.0,3.0,B01,138Â 297Â 677,1.0
963151,201900004682,3,22,18:29,1,2,1,7.0,6.0,77296,JEAN JAURES (AVENUE),M,"48,6273700","2,5859300",77,2019,30.0,1.0,1.0,4.0,2152734,10.0,3,4,2,5.0,,3.0,3,1996.0,A01,138Â 297Â 675,8.0,0.0,-1.0,1643878,2.0,7,,0.0,1.0,8.0,A01,138Â 297Â 675,1.0
963151,201900004682,3,22,18:29,1,2,1,7.0,6.0,77296,JEAN JAURES (AVENUE),M,"48,6273700","2,5859300",77,2019,30.0,1.0,1.0,4.0,2152735,10.0,3,1,2,5.0,,3.0,3,2009.0,A01,138Â 297Â 675,8.0,0.0,-1.0,1643878,2.0,7,,0.0,1.0,8.0,A01,138Â 297Â 675,1.0
963151,201900004682,3,22,18:29,1,2,1,7.0,6.0,77296,JEAN JAURES (AVENUE),M,"48,6273700","2,5859300",77,2019,30.0,1.0,1.0,4.0,2152736,1.0,1,1,2,3.0,,0.0,0,1997.0,A01,138Â 297Â 675,1.0,0.0,-1.0,1643878,2.0,7,,0.0,1.0,8.0,A01,138Â 297Â 675,1.0
963152,201900004683,3,19,15:30,1,2,1,1.0,6.0,77288,D39-MARECHAL FOCH   (QUAI),M,"48,5363300","2,6627500",77,2019,30.0,1.0,1.0,3.0,2152737,10.0,3,3,2,0.0,,3.0,3,1935.0,A01,138Â 297Â 674,8.0,0.0,-1.0,1643879,2.0,7,,0.0,1.0,3.0,A01,138Â 297Â 674,1.0
963152,201900004683,3,19,15:30,1,2,1,1.0,6.0,77288,D39-MARECHAL FOCH   (QUAI),M,"48,5363300","2,6627500",77,2019,30.0,1.0,1.0,3.0,2152738,1.0,1,1,1,0.0,,0.0,0,1955.0,A01,138Â 297Â 674,8.0,0.0,-1.0,1643879,2.0,7,,0.0,1.0,3.0,A01,138Â 297Â 674,1.0
963153,201900004684,3,23,12:35,1,2,9,1.0,6.0,77284,PARKING (AV. SALVADOR ALLENDE),M,"48,9546300","2,8959900",77,2019,10.0,2.0,1.0,6.0,2152739,10.0,3,4,2,2.0,,8.0,1,2002.0,A01,138Â 297Â 671,8.0,0.0,-1.0,1643880,3.0,7,,0.0,1.0,1.0,A01,138Â 297Â 671,1.0
963153,201900004684,3,23,12:35,1,2,9,1.0,6.0,77284,PARKING (AV. SALVADOR ALLENDE),M,"48,9546300","2,8959900",77,2019,10.0,2.0,1.0,6.0,2152740,1.0,1,1,2,9.0,,-1.0, -1,1981.0,A01,138Â 297Â 671,8.0,0.0,-1.0,1643880,3.0,7,,0.0,1.0,1.0,A01,138Â 297Â 671,1.0
963154,201900004685,3,22,11:52,1,2,1,1.0,6.0,77186,REPUBLIQUE (PLACE DE LA),M,"48,4065000","2,7008600",77,2019,30.0,4.0,1.0,4.0,2152741,10.0,3,4,2,5.0,,9.0,9,1946.0,A01,138Â 297Â 668,8.0,0.0,-1.0,1643881,1.0,7,,6.0,1.0,2.0,A01,138Â 297Â 668,1.0
963154,201900004685,3,22,11:52,1,2,1,1.0,6.0,77186,REPUBLIQUE (PLACE DE LA),M,"48,4065000","2,7008600",77,2019,30.0,4.0,1.0,4.0,2152742,10.0,3,3,2,5.0,,5.0,9,1950.0,A01,138Â 297Â 668,8.0,0.0,-1.0,1643881,1.0,7,,6.0,1.0,2.0,A01,138Â 297Â 668,1.0
963154,201900004685,3,22,11:52,1,2,1,1.0,6.0,77186,REPUBLIQUE (PLACE DE LA),M,"48,4065000","2,7008600",77,2019,30.0,4.0,1.0,4.0,2152743,1.0,1,4,1,3.0,,-1.0,0,1939.0,A01,138Â 297Â 668,8.0,0.0,-1.0,1643881,1.0,7,,6.0,1.0,2.0,A01,138Â 297Â 668,1.0
963155,201900004686,3,24,17:30,1,2,2,1.0,3.0,76351,BOIS AU COQ (AVENUE),M,"49,5185100","0,1169600",76,2019,50.0,1.0,1.0,4.0,2152744,1.0,1,4,1,0.0,,0.0,0,2002.0,A01,138Â 297Â 659,8.0,0.0,-1.0,1643882,1.0,1,,0.0,2.0,8.0,A01,138Â 297Â 659,5.0
963155,201900004686,3,24,17:30,1,2,2,1.0,3.0,76351,BOIS AU COQ (AVENUE),M,"49,5185100","0,1169600",76,2019,50.0,1.0,1.0,4.0,2152744,1.0,1,4,1,0.0,,0.0,0,2002.0,A01,138Â 297Â 659,8.0,0.0,-1.0,1643883,1.0,7,,0.0,2.0,2.0,B01,138Â 297Â 660,1.0
963155,201900004686,3,24,17:30,1,2,2,1.0,3.0,76351,BOIS AU COQ (AVENUE),M,"49,5185100","0,1169600",76,2019,50.0,1.0,1.0,4.0,2152745,1.0,1,1,1,0.0,,0.0,0,1993.0,B01,138Â 297Â 660,1.0,0.0,-1.0,1643882,1.0,1,,0.0,2.0,8.0,A01,138Â 297Â 659,5.0
963155,201900004686,3,24,17:30,1,2,2,1.0,3.0,76351,BOIS AU COQ (AVENUE),M,"49,5185100","0,1169600",76,2019,50.0,1.0,1.0,4.0,2152745,1.0,1,1,1,0.0,,0.0,0,1993.0,B01,138Â 297Â 660,1.0,0.0,-1.0,1643883,1.0,7,,0.0,2.0,2.0,B01,138Â 297Â 660,1.0
963156,201900004687,3,21,16:16,1,2,1,1.0,5.0,76351,MARCEL PAUL,M,"49,4935000","0,1455400",76,2019,50.0,1.0,1.0,4.0,2152746,1.0,1,4,2,5.0,,0.0,0,1991.0,B01,138Â 297Â 656,1.0,0.0,-1.0,1643884,2.0,7,,0.0,2.0,1.0,B01,138Â 297Â 656,1.0
963156,201900004687,3,21,16:16,1,2,1,1.0,5.0,76351,MARCEL PAUL,M,"49,4935000","0,1455400",76,2019,50.0,1.0,1.0,4.0,2152746,1.0,1,4,2,5.0,,0.0,0,1991.0,B01,138Â 297Â 656,1.0,0.0,-1.0,1643885,2.0,3,,0.0,2.0,1.0,C01,138Â 297Â 657,1.0
963156,201900004687,3,21,16:16,1,2,1,1.0,5.0,76351,MARCEL PAUL,M,"49,4935000","0,1455400",76,2019,50.0,1.0,1.0,4.0,2152746,1.0,1,4,2,5.0,,0.0,0,1991.0,B01,138Â 297Â 656,1.0,0.0,-1.0,1643886,1.0,7,,0.0,2.0,0.0,A01,138Â 297Â 658,1.0
963156,201900004687,3,21,16:16,1,2,1,1.0,5.0,76351,MARCEL PAUL,M,"49,4935000","0,1455400",76,2019,50.0,1.0,1.0,4.0,2152747,1.0,1,4,1,5.0,,0.0,0,1949.0,C01,138Â 297Â 657,1.0,0.0,-1.0,1643884,2.0,7,,0.0,2.0,1.0,B01,138Â 297Â 656,1.0
963156,201900004687,3,21,16:16,1,2,1,1.0,5.0,76351,MARCEL PAUL,M,"49,4935000","0,1455400",76,2019,50.0,1.0,1.0,4.0,2152747,1.0,1,4,1,5.0,,0.0,0,1949.0,C01,138Â 297Â 657,1.0,0.0,-1.0,1643885,2.0,3,,0.0,2.0,1.0,C01,138Â 297Â 657,1.0
963156,201900004687,3,21,16:16,1,2,1,1.0,5.0,76351,MARCEL PAUL,M,"49,4935000","0,1455400",76,2019,50.0,1.0,1.0,4.0,2152747,1.0,1,4,1,5.0,,0.0,0,1949.0,C01,138Â 297Â 657,1.0,0.0,-1.0,1643886,1.0,7,,0.0,2.0,0.0,A01,138Â 297Â 658,1.0
963156,201900004687,3,21,16:16,1,2,1,1.0,5.0,76351,MARCEL PAUL,M,"49,4935000","0,1455400",76,2019,50.0,1.0,1.0,4.0,2152748,2.0,2,4,2,1.0,,0.0,0,1966.0,C01,138Â 297Â 657,1.0,0.0,-1.0,1643884,2.0,7,,0.0,2.0,1.0,B01,138Â 297Â 656,1.0
963156,201900004687,3,21,16:16,1,2,1,1.0,5.0,76351,MARCEL PAUL,M,"49,4935000","0,1455400",76,2019,50.0,1.0,1.0,4.0,2152748,2.0,2,4,2,1.0,,0.0,0,1966.0,C01,138Â 297Â 657,1.0,0.0,-1.0,1643885,2.0,3,,0.0,2.0,1.0,C01,138Â 297Â 657,1.0
963156,201900004687,3,21,16:16,1,2,1,1.0,5.0,76351,MARCEL PAUL,M,"49,4935000","0,1455400",76,2019,50.0,1.0,1.0,4.0,2152748,2.0,2,4,2,1.0,,0.0,0,1966.0,C01,138Â 297Â 657,1.0,0.0,-1.0,1643886,1.0,7,,0.0,2.0,0.0,A01,138Â 297Â 658,1.0
963156,201900004687,3,21,16:16,1,2,1,1.0,5.0,76351,MARCEL PAUL,M,"49,4935000","0,1455400",76,2019,50.0,1.0,1.0,4.0,2152749,1.0,1,1,1,0.0,,0.0,0,1992.0,A01,138Â 297Â 658,1.0,0.0,-1.0,1643884,2.0,7,,0.0,2.0,1.0,B01,138Â 297Â 656,1.0
963156,201900004687,3,21,16:16,1,2,1,1.0,5.0,76351,MARCEL PAUL,M,"49,4935000","0,1455400",76,2019,50.0,1.0,1.0,4.0,2152749,1.0,1,1,1,0.0,,0.0,0,1992.0,A01,138Â 297Â 658,1.0,0.0,-1.0,1643885,2.0,3,,0.0,2.0,1.0,C01,138Â 297Â 657,1.0
963156,201900004687,3,21,16:16,1,2,1,1.0,5.0,76351,MARCEL PAUL,M,"49,4935000","0,1455400",76,2019,50.0,1.0,1.0,4.0,2152749,1.0,1,1,1,0.0,,0.0,0,1992.0,A01,138Â 297Â 658,1.0,0.0,-1.0,1643886,1.0,7,,0.0,2.0,0.0,A01,138Â 297Â 658,1.0
963157,201900004688,3,20,17:28,1,2,2,1.0,3.0,76351,VERDUN (RUE DE),M,"49,5014020","0,1500919",76,2019,50.0,1.0,1.0,3.0,2152750,1.0,1,3,1,5.0,,-1.0,0,1964.0,B01,138Â 297Â 654,2.0,0.0,-1.0,1643887,2.0,1,,0.0,2.0,1.0,B01,138Â 297Â 654,5.0
963157,201900004688,3,20,17:28,1,2,2,1.0,3.0,76351,VERDUN (RUE DE),M,"49,5014020","0,1500919",76,2019,50.0,1.0,1.0,3.0,2152750,1.0,1,3,1,5.0,,-1.0,0,1964.0,B01,138Â 297Â 654,2.0,0.0,-1.0,1643888,2.0,7,,0.0,2.0,2.0,A01,138Â 297Â 655,1.0
963157,201900004688,3,20,17:28,1,2,2,1.0,3.0,76351,VERDUN (RUE DE),M,"49,5014020","0,1500919",76,2019,50.0,1.0,1.0,3.0,2152751,1.0,1,1,2,0.0,,-1.0,0,1959.0,A01,138Â 297Â 655,1.0,0.0,-1.0,1643887,2.0,1,,0.0,2.0,1.0,B01,138Â 297Â 654,5.0
963157,201900004688,3,20,17:28,1,2,2,1.0,3.0,76351,VERDUN (RUE DE),M,"49,5014020","0,1500919",76,2019,50.0,1.0,1.0,3.0,2152751,1.0,1,1,2,0.0,,-1.0,0,1959.0,A01,138Â 297Â 655,1.0,0.0,-1.0,1643888,2.0,7,,0.0,2.0,2.0,A01,138Â 297Â 655,1.0
963158,201900004689,3,19,15:55,1,2,2,1.0,3.0,76351,ERNEST RENAN,M,"49,4971900","0,1132950",76,2019,30.0,1.0,1.0,4.0,2152752,1.0,1,3,1,0.0,,-1.0,0,2000.0,A01,138Â 297Â 652,8.0,0.0,-1.0,1643889,1.0,1,,0.0,2.0,1.0,A01,138Â 297Â 652,5.0
963158,201900004689,3,19,15:55,1,2,2,1.0,3.0,76351,ERNEST RENAN,M,"49,4971900","0,1132950",76,2019,30.0,1.0,1.0,4.0,2152752,1.0,1,3,1,0.0,,-1.0,0,2000.0,A01,138Â 297Â 652,8.0,0.0,-1.0,1643890,1.0,7,,0.0,2.0,2.0,B01,138Â 297Â 653,1.0
963158,201900004689,3,19,15:55,1,2,2,1.0,3.0,76351,ERNEST RENAN,M,"49,4971900","0,1132950",76,2019,30.0,1.0,1.0,4.0,2152753,1.0,1,1,1,4.0,,-1.0,0,1976.0,B01,138Â 297Â 653,1.0,0.0,-1.0,1643889,1.0,1,,0.0,2.0,1.0,A01,138Â 297Â 652,5.0
963158,201900004689,3,19,15:55,1,2,2,1.0,3.0,76351,ERNEST RENAN,M,"49,4971900","0,1132950",76,2019,30.0,1.0,1.0,4.0,2152753,1.0,1,1,1,4.0,,-1.0,0,1976.0,B01,138Â 297Â 653,1.0,0.0,-1.0,1643890,1.0,7,,0.0,2.0,2.0,B01,138Â 297Â 653,1.0
963159,201900004690,3,19,14:45,1,2,2,1.0,4.0,76351,LENINGRAD (BD DE),M,"49,4963000","0,1469000",76,2019,50.0,1.0,1.0,3.0,2152754,1.0,1,4,2,0.0,,0.0,0,1967.0,A01,138Â 297Â 649,1.0,8.0,-1.0,1643891,1.0,7,,0.0,2.0,1.0,A01,138Â 297Â 649,1.0
963159,201900004690,3,19,14:45,1,2,2,1.0,4.0,76351,LENINGRAD (BD DE),M,"49,4963000","0,1469000",76,2019,50.0,1.0,1.0,3.0,2152754,1.0,1,4,2,0.0,,0.0,0,1967.0,A01,138Â 297Â 649,1.0,8.0,-1.0,1643892,1.0,7,,0.0,2.0,4.0,C01,138Â 297Â 650,1.0
963159,201900004690,3,19,14:45,1,2,2,1.0,4.0,76351,LENINGRAD (BD DE),M,"49,4963000","0,1469000",76,2019,50.0,1.0,1.0,3.0,2152754,1.0,1,4,2,0.0,,0.0,0,1967.0,A01,138Â 297Â 649,1.0,8.0,-1.0,1643893,1.0,7,,0.0,2.0,4.0,B01,138Â 297Â 651,0.0
963159,201900004690,3,19,14:45,1,2,2,1.0,4.0,76351,LENINGRAD (BD DE),M,"49,4963000","0,1469000",76,2019,50.0,1.0,1.0,3.0,2152755,1.0,1,1,2,0.0,,0.0,0,1982.0,C01,138Â 297Â 650,1.0,8.0,-1.0,1643891,1.0,7,,0.0,2.0,1.0,A01,138Â 297Â 649,1.0
963159,201900004690,3,19,14:45,1,2,2,1.0,4.0,76351,LENINGRAD (BD DE),M,"49,4963000","0,1469000",76,2019,50.0,1.0,1.0,3.0,2152755,1.0,1,1,2,0.0,,0.0,0,1982.0,C01,138Â 297Â 650,1.0,8.0,-1.0,1643892,1.0,7,,0.0,2.0,4.0,C01,138Â 297Â 650,1.0
963159,201900004690,3,19,14:45,1,2,2,1.0,4.0,76351,LENINGRAD (BD DE),M,"49,4963000","0,1469000",76,2019,50.0,1.0,1.0,3.0,2152755,1.0,1,1,2,0.0,,0.0,0,1982.0,C01,138Â 297Â 650,1.0,8.0,-1.0,1643893,1.0,7,,0.0,2.0,4.0,B01,138Â 297Â 651,0.0
963159,201900004690,3,19,14:45,1,2,2,1.0,4.0,76351,LENINGRAD (BD DE),M,"49,4963000","0,1469000",76,2019,50.0,1.0,1.0,3.0,2152756,1.0,1,4,2,0.0,,0.0,0,1993.0,B01,138Â 297Â 651,1.0,8.0,-1.0,1643891,1.0,7,,0.0,2.0,1.0,A01,138Â 297Â 649,1.0
963159,201900004690,3,19,14:45,1,2,2,1.0,4.0,76351,LENINGRAD (BD DE),M,"49,4963000","0,1469000",76,2019,50.0,1.0,1.0,3.0,2152756,1.0,1,4,2,0.0,,0.0,0,1993.0,B01,138Â 297Â 651,1.0,8.0,-1.0,1643892,1.0,7,,0.0,2.0,4.0,C01,138Â 297Â 650,1.0
963159,201900004690,3,19,14:45,1,2,2,1.0,4.0,76351,LENINGRAD (BD DE),M,"49,4963000","0,1469000",76,2019,50.0,1.0,1.0,3.0,2152756,1.0,1,4,2,0.0,,0.0,0,1993.0,B01,138Â 297Â 651,1.0,8.0,-1.0,1643893,1.0,7,,0.0,2.0,4.0,B01,138Â 297Â 651,0.0
963160,201900004691,3,21,16:05,1,1,9,1.0,6.0,76545,RD 154E,M,"49,9070200","1,1058900",76,2019,70.0,1.0,1.0,3.0,2152757,10.0,3,4,2,3.0,,3.0,3,1962.0,Z01,138Â 297Â 645,8.0,0.0,-1.0,1643894,1.0,7,,0.0,1.0,1.0,Z01,138Â 297Â 645,0.0
963161,201900004692,3,23,17:44,1,2,1,1.0,4.0,74281,PRES VERTS (AVENUE DES),M,"46,3790900","6,4922700",74,2019,50.0,1.0,1.0,4.0,2152758,1.0,1,1,1,0.0,,0.0,0,1984.0,A01,138Â 297Â 642,1.0,0.0,-1.0,1643895,3.0,7,,0.0,2.0,4.0,A01,138Â 297Â 642,1.0
963161,201900004692,3,23,17:44,1,2,1,1.0,4.0,74281,PRES VERTS (AVENUE DES),M,"46,3790900","6,4922700",74,2019,50.0,1.0,1.0,4.0,2152758,1.0,1,1,1,0.0,,0.0,0,1984.0,A01,138Â 297Â 642,1.0,0.0,-1.0,1643896,3.0,7,,0.0,2.0,1.0,C01,138Â 297Â 643,1.0
963161,201900004692,3,23,17:44,1,2,1,1.0,4.0,74281,PRES VERTS (AVENUE DES),M,"46,3790900","6,4922700",74,2019,50.0,1.0,1.0,4.0,2152758,1.0,1,1,1,0.0,,0.0,0,1984.0,A01,138Â 297Â 642,1.0,0.0,-1.0,1643897,0.0,7,,0.0,2.0,4.0,B01,138Â 297Â 644,1.0
963161,201900004692,3,23,17:44,1,2,1,1.0,4.0,74281,PRES VERTS (AVENUE DES),M,"46,3790900","6,4922700",74,2019,50.0,1.0,1.0,4.0,2152759,5.0,2,1,1,0.0,,-1.0, -1,2008.0,C01,138Â 297Â 643,1.0,0.0,-1.0,1643895,3.0,7,,0.0,2.0,4.0,A01,138Â 297Â 642,1.0
963161,201900004692,3,23,17:44,1,2,1,1.0,4.0,74281,PRES VERTS (AVENUE DES),M,"46,3790900","6,4922700",74,2019,50.0,1.0,1.0,4.0,2152759,5.0,2,1,1,0.0,,-1.0, -1,2008.0,C01,138Â 297Â 643,1.0,0.0,-1.0,1643896,3.0,7,,0.0,2.0,1.0,C01,138Â 297Â 643,1.0
963161,201900004692,3,23,17:44,1,2,1,1.0,4.0,74281,PRES VERTS (AVENUE DES),M,"46,3790900","6,4922700",74,2019,50.0,1.0,1.0,4.0,2152759,5.0,2,1,1,0.0,,-1.0, -1,2008.0,C01,138Â 297Â 643,1.0,0.0,-1.0,1643897,0.0,7,,0.0,2.0,4.0,B01,138Â 297Â 644,1.0
963161,201900004692,3,23,17:44,1,2,1,1.0,4.0,74281,PRES VERTS (AVENUE DES),M,"46,3790900","6,4922700",74,2019,50.0,1.0,1.0,4.0,2152760,1.0,1,1,1,0.0,,0.0,0,1969.0,C01,138Â 297Â 643,1.0,0.0,-1.0,1643895,3.0,7,,0.0,2.0,4.0,A01,138Â 297Â 642,1.0
963161,201900004692,3,23,17:44,1,2,1,1.0,4.0,74281,PRES VERTS (AVENUE DES),M,"46,3790900","6,4922700",74,2019,50.0,1.0,1.0,4.0,2152760,1.0,1,1,1,0.0,,0.0,0,1969.0,C01,138Â 297Â 643,1.0,0.0,-1.0,1643896,3.0,7,,0.0,2.0,1.0,C01,138Â 297Â 643,1.0
963161,201900004692,3,23,17:44,1,2,1,1.0,4.0,74281,PRES VERTS (AVENUE DES),M,"46,3790900","6,4922700",74,2019,50.0,1.0,1.0,4.0,2152760,1.0,1,1,1,0.0,,0.0,0,1969.0,C01,138Â 297Â 643,1.0,0.0,-1.0,1643897,0.0,7,,0.0,2.0,4.0,B01,138Â 297Â 644,1.0
963161,201900004692,3,23,17:44,1,2,1,1.0,4.0,74281,PRES VERTS (AVENUE DES),M,"46,3790900","6,4922700",74,2019,50.0,1.0,1.0,4.0,2152761,4.0,2,1,1,0.0,,-1.0, -1,1968.0,C01,138Â 297Â 643,1.0,0.0,-1.0,1643895,3.0,7,,0.0,2.0,4.0,A01,138Â 297Â 642,1.0
963161,201900004692,3,23,17:44,1,2,1,1.0,4.0,74281,PRES VERTS (AVENUE DES),M,"46,3790900","6,4922700",74,2019,50.0,1.0,1.0,4.0,2152761,4.0,2,1,1,0.0,,-1.0, -1,1968.0,C01,138Â 297Â 643,1.0,0.0,-1.0,1643896,3.0,7,,0.0,2.0,1.0,C01,138Â 297Â 643,1.0
963161,201900004692,3,23,17:44,1,2,1,1.0,4.0,74281,PRES VERTS (AVENUE DES),M,"46,3790900","6,4922700",74,2019,50.0,1.0,1.0,4.0,2152761,4.0,2,1,1,0.0,,-1.0, -1,1968.0,C01,138Â 297Â 643,1.0,0.0,-1.0,1643897,0.0,7,,0.0,2.0,4.0,B01,138Â 297Â 644,1.0
963161,201900004692,3,23,17:44,1,2,1,1.0,4.0,74281,PRES VERTS (AVENUE DES),M,"46,3790900","6,4922700",74,2019,50.0,1.0,1.0,4.0,2152762,3.0,2,1,1,0.0,,-1.0, -1,1981.0,C01,138Â 297Â 643,1.0,0.0,-1.0,1643895,3.0,7,,0.0,2.0,4.0,A01,138Â 297Â 642,1.0
963161,201900004692,3,23,17:44,1,2,1,1.0,4.0,74281,PRES VERTS (AVENUE DES),M,"46,3790900","6,4922700",74,2019,50.0,1.0,1.0,4.0,2152762,3.0,2,1,1,0.0,,-1.0, -1,1981.0,C01,138Â 297Â 643,1.0,0.0,-1.0,1643896,3.0,7,,0.0,2.0,1.0,C01,138Â 297Â 643,1.0
963161,201900004692,3,23,17:44,1,2,1,1.0,4.0,74281,PRES VERTS (AVENUE DES),M,"46,3790900","6,4922700",74,2019,50.0,1.0,1.0,4.0,2152762,3.0,2,1,1,0.0,,-1.0, -1,1981.0,C01,138Â 297Â 643,1.0,0.0,-1.0,1643897,0.0,7,,0.0,2.0,4.0,B01,138Â 297Â 644,1.0
963161,201900004692,3,23,17:44,1,2,1,1.0,4.0,74281,PRES VERTS (AVENUE DES),M,"46,3790900","6,4922700",74,2019,50.0,1.0,1.0,4.0,2152763,1.0,1,4,1,0.0,,0.0,0,1962.0,B01,138Â 297Â 644,1.0,0.0,-1.0,1643895,3.0,7,,0.0,2.0,4.0,A01,138Â 297Â 642,1.0
963161,201900004692,3,23,17:44,1,2,1,1.0,4.0,74281,PRES VERTS (AVENUE DES),M,"46,3790900","6,4922700",74,2019,50.0,1.0,1.0,4.0,2152763,1.0,1,4,1,0.0,,0.0,0,1962.0,B01,138Â 297Â 644,1.0,0.0,-1.0,1643896,3.0,7,,0.0,2.0,1.0,C01,138Â 297Â 643,1.0
963161,201900004692,3,23,17:44,1,2,1,1.0,4.0,74281,PRES VERTS (AVENUE DES),M,"46,3790900","6,4922700",74,2019,50.0,1.0,1.0,4.0,2152763,1.0,1,4,1,0.0,,0.0,0,1962.0,B01,138Â 297Â 644,1.0,0.0,-1.0,1643897,0.0,7,,0.0,2.0,4.0,B01,138Â 297Â 644,1.0
963162,201900004693,3,23,22:40,5,2,1,1.0,6.0,74298,BONNEVILLE (ROUTE DE ),M,"46,1736600","6,2496700",74,2019,50.0,1.0,1.0,3.0,2152764,1.0,1,1,2,0.0,,0.0,0,1981.0,B01,138Â 297Â 639,1.0,8.0,-1.0,1643898,1.0,7,,0.0,2.0,3.0,B01,138Â 297Â 639,6.0
963162,201900004693,3,23,22:40,5,2,1,1.0,6.0,74298,BONNEVILLE (ROUTE DE ),M,"46,1736600","6,2496700",74,2019,50.0,1.0,1.0,3.0,2152764,1.0,1,1,2,0.0,,0.0,0,1981.0,B01,138Â 297Â 639,1.0,8.0,-1.0,1643899,1.0,7,,13.0,6.0,3.0,A01,138Â 297Â 640,6.0
963162,201900004693,3,23,22:40,5,2,1,1.0,6.0,74298,BONNEVILLE (ROUTE DE ),M,"46,1736600","6,2496700",74,2019,50.0,1.0,1.0,3.0,2152765,1.0,1,4,1,1.0,,0.0,0,1963.0,A01,138Â 297Â 640,1.0,0.0,-1.0,1643898,1.0,7,,0.0,2.0,3.0,B01,138Â 297Â 639,6.0
963162,201900004693,3,23,22:40,5,2,1,1.0,6.0,74298,BONNEVILLE (ROUTE DE ),M,"46,1736600","6,2496700",74,2019,50.0,1.0,1.0,3.0,2152765,1.0,1,4,1,1.0,,0.0,0,1963.0,A01,138Â 297Â 640,1.0,0.0,-1.0,1643899,1.0,7,,13.0,6.0,3.0,A01,138Â 297Â 640,6.0