Unnamed: 0_x,num_acc,mois,jour,hrmn,lum,agg,int,atm,col,com,adr,gps,lat,long,dep,annee,vma,situ,surf,catr,Unnamed: 0_y,place,catu,grav,sexe,trajet,secu,locp,actp,an_nais,num_veh_x,id_vehicule_x,secu1,secu2,secu3,Unnamed: 0,senc,catv,occutc,obs,obsm,choc,num_veh_y,id_vehicule_y,motor
963163,201900004694,3,22,13:00,1,2,1,1.0,1.0,74093,REPUBLIQUE (AVENUE DE LA),M,"45,9082400","6,1026500",74,2019,50.0,1.0,1.0,4.0,2152766,1.0,1,3,1,5.0,,-1.0,0,1970.0,A01,138Â 297Â 637,2.0,6.0,-1.0,1643900,2.0,31,,0.0,2.0,1.0,A01,138Â 297Â 637,1.0
963163,201900004694,3,22,13:00,1,2,1,1.0,1.0,74093,REPUBLIQUE (AVENUE DE LA),M,"45,9082400","6,1026500",74,2019,50.0,1.0,1.0,4.0,2152766,1.0,1,3,1,5.0,,-1.0,0,1970.0,A01,138Â 297Â 637,2.0,6.0,-1.0,1643901,2.0,7,,0.0,2.0,3.0,B01,138Â 297Â 638,1.0
963163,201900004694,3,22,13:00,1,2,1,1.0,1.0,74093,REPUBLIQUE (AVENUE DE LA),M,"45,9082400","6,1026500",74,2019,50.0,1.0,1.0,4.0,2152767,1.0,1,1,1,1.0,,-1.0,0,1969.0,B01,138Â 297Â 638,1.0,0.0,-1.0,1643900,2.0,31,,0.0,2.0,1.0,A01,138Â 297Â 637,1.0
963163,201900004694,3,22,13:00,1,2,1,1.0,1.0,74093,REPUBLIQUE (AVENUE DE LA),M,"45,9082400","6,1026500",74,2019,50.0,1.0,1.0,4.0,2152767,1.0,1,1,1,1.0,,-1.0,0,1969.0,B01,138Â 297Â 638,1.0,0.0,-1.0,1643901,2.0,7,,0.0,2.0,3.0,B01,138Â 297Â 638,1.0
963164,201900004695,3,20,18:00,1,2,2,1.0,3.0,72181,ROSTOV SUR LE DON (RUE) NÂ° IMP,M,"48,0050500","0,1940100",72,2019,30.0,1.0,1.0,4.0,2152768,1.0,1,3,1,0.0,,0.0,0,2003.0,A01,138Â 297Â 635,2.0,0.0,-1.0,1643902,3.0,30,,0.0,2.0,1.0,A01,138Â 297Â 635,1.0
963164,201900004695,3,20,18:00,1,2,2,1.0,3.0,72181,ROSTOV SUR LE DON (RUE) NÂ° IMP,M,"48,0050500","0,1940100",72,2019,30.0,1.0,1.0,4.0,2152768,1.0,1,3,1,0.0,,0.0,0,2003.0,A01,138Â 297Â 635,2.0,0.0,-1.0,1643903,3.0,7,,0.0,2.0,1.0,B01,138Â 297Â 636,1.0
963164,201900004695,3,20,18:00,1,2,2,1.0,3.0,72181,ROSTOV SUR LE DON (RUE) NÂ° IMP,M,"48,0050500","0,1940100",72,2019,30.0,1.0,1.0,4.0,2152769,1.0,1,1,1,0.0,,0.0,0,1966.0,B01,138Â 297Â 636,1.0,0.0,-1.0,1643902,3.0,30,,0.0,2.0,1.0,A01,138Â 297Â 635,1.0
963164,201900004695,3,20,18:00,1,2,2,1.0,3.0,72181,ROSTOV SUR LE DON (RUE) NÂ° IMP,M,"48,0050500","0,1940100",72,2019,30.0,1.0,1.0,4.0,2152769,1.0,1,1,1,0.0,,0.0,0,1966.0,B01,138Â 297Â 636,1.0,0.0,-1.0,1643903,3.0,7,,0.0,2.0,1.0,B01,138Â 297Â 636,1.0
963165,201900004696,3,22,10:20,1,2,2,1.0,1.0,71306,DE LATTRE DE TASSIGNY (BLD DU MARECHAL),M,"46,6767900","4,3701100",71,2019,50.0,1.0,1.0,4.0,2152770,1.0,1,1,2,0.0,,0.0,0,1988.0,A01,138Â 297Â 633,1.0,0.0,-1.0,1643904,2.0,7,,0.0,2.0,1.0,A01,138Â 297Â 633,1.0
963165,201900004696,3,22,10:20,1,2,2,1.0,1.0,71306,DE LATTRE DE TASSIGNY (BLD DU MARECHAL),M,"46,6767900","4,3701100",71,2019,50.0,1.0,1.0,4.0,2152770,1.0,1,1,2,0.0,,0.0,0,1988.0,A01,138Â 297Â 633,1.0,0.0,-1.0,1643905,1.0,7,,0.0,2.0,1.0,B01,138Â 297Â 634,1.0
963165,201900004696,3,22,10:20,1,2,2,1.0,1.0,71306,DE LATTRE DE TASSIGNY (BLD DU MARECHAL),M,"46,6767900","4,3701100",71,2019,50.0,1.0,1.0,4.0,2152771,1.0,1,4,2,9.0,,0.0,0,1955.0,B01,138Â 297Â 634,1.0,0.0,-1.0,1643904,2.0,7,,0.0,2.0,1.0,A01,138Â 297Â 633,1.0
963165,201900004696,3,22,10:20,1,2,2,1.0,1.0,71306,DE LATTRE DE TASSIGNY (BLD DU MARECHAL),M,"46,6767900","4,3701100",71,2019,50.0,1.0,1.0,4.0,2152771,1.0,1,4,2,9.0,,0.0,0,1955.0,B01,138Â 297Â 634,1.0,0.0,-1.0,1643905,1.0,7,,0.0,2.0,1.0,B01,138Â 297Â 634,1.0
963166,201900004697,3,22,17:15,1,2,2,7.0,3.0,71153,ABATTOIRS (boulevard des),M,"46,7885500","4,4456600",71,2019,50.0,1.0,1.0,4.0,2152772,1.0,1,4,1,1.0,,-1.0, -1,1987.0,B01,138Â 297Â 631,1.0,0.0,-1.0,1643906,3.0,7,,0.0,2.0,3.0,B01,138Â 297Â 631,1.0
963166,201900004697,3,22,17:15,1,2,2,7.0,3.0,71153,ABATTOIRS (boulevard des),M,"46,7885500","4,4456600",71,2019,50.0,1.0,1.0,4.0,2152772,1.0,1,4,1,1.0,,-1.0, -1,1987.0,B01,138Â 297Â 631,1.0,0.0,-1.0,1643907,3.0,10,,0.0,2.0,2.0,A01,138Â 297Â 632,1.0
963166,201900004697,3,22,17:15,1,2,2,7.0,3.0,71153,ABATTOIRS (boulevard des),M,"46,7885500","4,4456600",71,2019,50.0,1.0,1.0,4.0,2152773,1.0,1,1,1,4.0,,0.0,0,1991.0,A01,138Â 297Â 632,1.0,8.0,-1.0,1643906,3.0,7,,0.0,2.0,3.0,B01,138Â 297Â 631,1.0
963166,201900004697,3,22,17:15,1,2,2,7.0,3.0,71153,ABATTOIRS (boulevard des),M,"46,7885500","4,4456600",71,2019,50.0,1.0,1.0,4.0,2152773,1.0,1,1,1,4.0,,0.0,0,1991.0,A01,138Â 297Â 632,1.0,8.0,-1.0,1643907,3.0,10,,0.0,2.0,2.0,A01,138Â 297Â 632,1.0
963167,201900004698,3,24,18:47,1,2,1,1.0,6.0,69290,PETRUCCIANI Michel       (R),M,"45,6937400","4,9392100",69,2019,30.0,1.0,1.0,4.0,2152774,10.0,3,4,1,5.0,,2.0,5,2010.0,A01,138Â 297Â 626,8.0,0.0,-1.0,1643908,1.0,7,,1.0,1.0,1.0,A01,138Â 297Â 626,1.0
963167,201900004698,3,24,18:47,1,2,1,1.0,6.0,69290,PETRUCCIANI Michel       (R),M,"45,6937400","4,9392100",69,2019,30.0,1.0,1.0,4.0,2152775,1.0,1,1,1,0.0,,0.0,0,1997.0,A01,138Â 297Â 626,8.0,0.0,-1.0,1643908,1.0,7,,1.0,1.0,1.0,A01,138Â 297Â 626,1.0
963168,201900004699,3,25,15:30,1,2,1,1.0,3.0,69290,ARISTIDE BRIAND (D 518)             (R ),M,"45,6954300","4,9278200",69,2019,50.0,1.0,1.0,3.0,2152776,1.0,1,1,1,5.0,,0.0,0,1965.0,A01,138Â 297Â 624,1.0,0.0,-1.0,1643909,3.0,99,,0.0,2.0,1.0,A01,138Â 297Â 624,1.0
963168,201900004699,3,25,15:30,1,2,1,1.0,3.0,69290,ARISTIDE BRIAND (D 518)             (R ),M,"45,6954300","4,9278200",69,2019,50.0,1.0,1.0,3.0,2152776,1.0,1,1,1,5.0,,0.0,0,1965.0,A01,138Â 297Â 624,1.0,0.0,-1.0,1643910,1.0,7,,0.0,2.0,8.0,B01,138Â 297Â 625,1.0
963168,201900004699,3,25,15:30,1,2,1,1.0,3.0,69290,ARISTIDE BRIAND (D 518)             (R ),M,"45,6954300","4,9278200",69,2019,50.0,1.0,1.0,3.0,2152777,1.0,1,4,1,1.0,,0.0,0,1974.0,B01,138Â 297Â 625,1.0,0.0,-1.0,1643909,3.0,99,,0.0,2.0,1.0,A01,138Â 297Â 624,1.0
963168,201900004699,3,25,15:30,1,2,1,1.0,3.0,69290,ARISTIDE BRIAND (D 518)             (R ),M,"45,6954300","4,9278200",69,2019,50.0,1.0,1.0,3.0,2152777,1.0,1,4,1,1.0,,0.0,0,1974.0,B01,138Â 297Â 625,1.0,0.0,-1.0,1643910,1.0,7,,0.0,2.0,8.0,B01,138Â 297Â 625,1.0
963169,201900004700,3,22,19:50,5,2,1,1.0,4.0,69029,FRANKLIN ROOSEVELT                  (AV),M,"45,7355200","4,9027300",69,2019,50.0,1.0,1.0,4.0,2152778,1.0,1,4,2,9.0,,0.0,0,1993.0,B01,138Â 297Â 621,1.0,0.0,-1.0,1643911,3.0,7,,0.0,2.0,4.0,B01,138Â 297Â 621,1.0
963169,201900004700,3,22,19:50,5,2,1,1.0,4.0,69029,FRANKLIN ROOSEVELT                  (AV),M,"45,7355200","4,9027300",69,2019,50.0,1.0,1.0,4.0,2152778,1.0,1,4,2,9.0,,0.0,0,1993.0,B01,138Â 297Â 621,1.0,0.0,-1.0,1643912,3.0,7,,0.0,2.0,4.0,C01,138Â 297Â 622,1.0
963169,201900004700,3,22,19:50,5,2,1,1.0,4.0,69029,FRANKLIN ROOSEVELT                  (AV),M,"45,7355200","4,9027300",69,2019,50.0,1.0,1.0,4.0,2152778,1.0,1,4,2,9.0,,0.0,0,1993.0,B01,138Â 297Â 621,1.0,0.0,-1.0,1643913,3.0,7,,0.0,2.0,1.0,A01,138Â 297Â 623,1.0
963169,201900004700,3,22,19:50,5,2,1,1.0,4.0,69029,FRANKLIN ROOSEVELT                  (AV),M,"45,7355200","4,9027300",69,2019,50.0,1.0,1.0,4.0,2152779,1.0,1,1,1,0.0,,0.0,0,1980.0,C01,138Â 297Â 622,1.0,0.0,-1.0,1643911,3.0,7,,0.0,2.0,4.0,B01,138Â 297Â 621,1.0
963169,201900004700,3,22,19:50,5,2,1,1.0,4.0,69029,FRANKLIN ROOSEVELT                  (AV),M,"45,7355200","4,9027300",69,2019,50.0,1.0,1.0,4.0,2152779,1.0,1,1,1,0.0,,0.0,0,1980.0,C01,138Â 297Â 622,1.0,0.0,-1.0,1643912,3.0,7,,0.0,2.0,4.0,C01,138Â 297Â 622,1.0
963169,201900004700,3,22,19:50,5,2,1,1.0,4.0,69029,FRANKLIN ROOSEVELT                  (AV),M,"45,7355200","4,9027300",69,2019,50.0,1.0,1.0,4.0,2152779,1.0,1,1,1,0.0,,0.0,0,1980.0,C01,138Â 297Â 622,1.0,0.0,-1.0,1643913,3.0,7,,0.0,2.0,1.0,A01,138Â 297Â 623,1.0
963169,201900004700,3,22,19:50,5,2,1,1.0,4.0,69029,FRANKLIN ROOSEVELT                  (AV),M,"45,7355200","4,9027300",69,2019,50.0,1.0,1.0,4.0,2152780,2.0,2,1,2,0.0,,0.0,0,1987.0,C01,138Â 297Â 622,1.0,0.0,-1.0,1643911,3.0,7,,0.0,2.0,4.0,B01,138Â 297Â 621,1.0
963169,201900004700,3,22,19:50,5,2,1,1.0,4.0,69029,FRANKLIN ROOSEVELT                  (AV),M,"45,7355200","4,9027300",69,2019,50.0,1.0,1.0,4.0,2152780,2.0,2,1,2,0.0,,0.0,0,1987.0,C01,138Â 297Â 622,1.0,0.0,-1.0,1643912,3.0,7,,0.0,2.0,4.0,C01,138Â 297Â 622,1.0
963169,201900004700,3,22,19:50,5,2,1,1.0,4.0,69029,FRANKLIN ROOSEVELT                  (AV),M,"45,7355200","4,9027300",69,2019,50.0,1.0,1.0,4.0,2152780,2.0,2,1,2,0.0,,0.0,0,1987.0,C01,138Â 297Â 622,1.0,0.0,-1.0,1643913,3.0,7,,0.0,2.0,1.0,A01,138Â 297Â 623,1.0
963169,201900004700,3,22,19:50,5,2,1,1.0,4.0,69029,FRANKLIN ROOSEVELT                  (AV),M,"45,7355200","4,9027300",69,2019,50.0,1.0,1.0,4.0,2152781,1.0,1,1,1,0.0,,0.0,0,1972.0,A01,138Â 297Â 623,8.0,0.0,-1.0,1643911,3.0,7,,0.0,2.0,4.0,B01,138Â 297Â 621,1.0
963169,201900004700,3,22,19:50,5,2,1,1.0,4.0,69029,FRANKLIN ROOSEVELT                  (AV),M,"45,7355200","4,9027300",69,2019,50.0,1.0,1.0,4.0,2152781,1.0,1,1,1,0.0,,0.0,0,1972.0,A01,138Â 297Â 623,8.0,0.0,-1.0,1643912,3.0,7,,0.0,2.0,4.0,C01,138Â 297Â 622,1.0
963169,201900004700,3,22,19:50,5,2,1,1.0,4.0,69029,FRANKLIN ROOSEVELT                  (AV),M,"45,7355200","4,9027300",69,2019,50.0,1.0,1.0,4.0,2152781,1.0,1,1,1,0.0,,0.0,0,1972.0,A01,138Â 297Â 623,8.0,0.0,-1.0,1643913,3.0,7,,0.0,2.0,1.0,A01,138Â 297Â 623,1.0
963170,201900004701,3,24,05:30,5,2,2,1.0,1.0,69275,JEAN JAURES                         (AV),M,"45,7717000","4,9679300",69,2019,50.0,1.0,1.0,3.0,2152782,1.0,1,4,1,5.0,,0.0,0,1999.0,B01,138Â 297Â 619,1.0,0.0,-1.0,1643914,1.0,7,,0.0,2.0,1.0,B01,138Â 297Â 619,6.0
963170,201900004701,3,24,05:30,5,2,2,1.0,1.0,69275,JEAN JAURES                         (AV),M,"45,7717000","4,9679300",69,2019,50.0,1.0,1.0,3.0,2152782,1.0,1,4,1,5.0,,0.0,0,1999.0,B01,138Â 297Â 619,1.0,0.0,-1.0,1643915,2.0,7,,0.0,2.0,1.0,A01,138Â 297Â 620,6.0
963170,201900004701,3,24,05:30,5,2,2,1.0,1.0,69275,JEAN JAURES                         (AV),M,"45,7717000","4,9679300",69,2019,50.0,1.0,1.0,3.0,2152783,1.0,1,4,2,5.0,,0.0,0,1981.0,A01,138Â 297Â 620,1.0,0.0,-1.0,1643914,1.0,7,,0.0,2.0,1.0,B01,138Â 297Â 619,6.0
963170,201900004701,3,24,05:30,5,2,2,1.0,1.0,69275,JEAN JAURES                         (AV),M,"45,7717000","4,9679300",69,2019,50.0,1.0,1.0,3.0,2152783,1.0,1,4,2,5.0,,0.0,0,1981.0,A01,138Â 297Â 620,1.0,0.0,-1.0,1643915,2.0,7,,0.0,2.0,1.0,A01,138Â 297Â 620,6.0
963171,201900004702,3,23,17:00,1,2,2,1.0,3.0,69266,DOUA      (Rue de la),M,"45,7785000","4,8746500",69,2019,50.0,1.0,1.0,4.0,2152784,1.0,1,1,1,1.0,,0.0,0,1974.0,B01,138Â 297Â 617,1.0,0.0,-1.0,1643916,2.0,7,,0.0,2.0,5.0,B01,138Â 297Â 617,1.0
963171,201900004702,3,23,17:00,1,2,2,1.0,3.0,69266,DOUA      (Rue de la),M,"45,7785000","4,8746500",69,2019,50.0,1.0,1.0,4.0,2152784,1.0,1,1,1,1.0,,0.0,0,1974.0,B01,138Â 297Â 617,1.0,0.0,-1.0,1643917,2.0,31,,0.0,2.0,1.0,A01,138Â 297Â 618,1.0
963171,201900004702,3,23,17:00,1,2,2,1.0,3.0,69266,DOUA      (Rue de la),M,"45,7785000","4,8746500",69,2019,50.0,1.0,1.0,4.0,2152785,1.0,1,4,1,5.0,,0.0,0,1998.0,A01,138Â 297Â 618,2.0,0.0,-1.0,1643916,2.0,7,,0.0,2.0,5.0,B01,138Â 297Â 617,1.0
963171,201900004702,3,23,17:00,1,2,2,1.0,3.0,69266,DOUA      (Rue de la),M,"45,7785000","4,8746500",69,2019,50.0,1.0,1.0,4.0,2152785,1.0,1,4,1,5.0,,0.0,0,1998.0,A01,138Â 297Â 618,2.0,0.0,-1.0,1643917,2.0,31,,0.0,2.0,1.0,A01,138Â 297Â 618,1.0
963172,201900004703,3,24,06:00,5,2,1,1.0,6.0,69264,FRACHON BENOIT  R,M,"45,9882600","4,7388600",69,2019,50.0,1.0,1.0,4.0,2152786,1.0,1,4,2,5.0,,0.0,0,1982.0,A01,138Â 297Â 616,2.0,0.0,-1.0,1643918,3.0,2,,14.0,0.0,1.0,A01,138Â 297Â 616,1.0
963173,201900004704,3,19,19:55,5,2,1,1.0,4.0,69264,RENAN ERNEST  R,M,"45,9920500","4,7071500",69,2019,50.0,1.0,1.0,3.0,2152787,1.0,1,4,1,0.0,,0.0,0,1994.0,B01,138Â 297Â 613,1.0,0.0,-1.0,1643919,2.0,7,,14.0,2.0,4.0,B01,138Â 297Â 613,1.0
963173,201900004704,3,19,19:55,5,2,1,1.0,4.0,69264,RENAN ERNEST  R,M,"45,9920500","4,7071500",69,2019,50.0,1.0,1.0,3.0,2152787,1.0,1,4,1,0.0,,0.0,0,1994.0,B01,138Â 297Â 613,1.0,0.0,-1.0,1643920,2.0,7,,0.0,2.0,4.0,C01,138Â 297Â 614,1.0
963173,201900004704,3,19,19:55,5,2,1,1.0,4.0,69264,RENAN ERNEST  R,M,"45,9920500","4,7071500",69,2019,50.0,1.0,1.0,3.0,2152787,1.0,1,4,1,0.0,,0.0,0,1994.0,B01,138Â 297Â 613,1.0,0.0,-1.0,1643921,2.0,7,,14.0,0.0,4.0,A01,138Â 297Â 615,1.0
963173,201900004704,3,19,19:55,5,2,1,1.0,4.0,69264,RENAN ERNEST  R,M,"45,9920500","4,7071500",69,2019,50.0,1.0,1.0,3.0,2152788,2.0,2,1,1,9.0,,0.0,0,1982.0,C01,138Â 297Â 614,1.0,0.0,-1.0,1643919,2.0,7,,14.0,2.0,4.0,B01,138Â 297Â 613,1.0
963173,201900004704,3,19,19:55,5,2,1,1.0,4.0,69264,RENAN ERNEST  R,M,"45,9920500","4,7071500",69,2019,50.0,1.0,1.0,3.0,2152788,2.0,2,1,1,9.0,,0.0,0,1982.0,C01,138Â 297Â 614,1.0,0.0,-1.0,1643920,2.0,7,,0.0,2.0,4.0,C01,138Â 297Â 614,1.0
963173,201900004704,3,19,19:55,5,2,1,1.0,4.0,69264,RENAN ERNEST  R,M,"45,9920500","4,7071500",69,2019,50.0,1.0,1.0,3.0,2152788,2.0,2,1,1,9.0,,0.0,0,1982.0,C01,138Â 297Â 614,1.0,0.0,-1.0,1643921,2.0,7,,14.0,0.0,4.0,A01,138Â 297Â 615,1.0
963173,201900004704,3,19,19:55,5,2,1,1.0,4.0,69264,RENAN ERNEST  R,M,"45,9920500","4,7071500",69,2019,50.0,1.0,1.0,3.0,2152789,1.0,1,1,1,0.0,,0.0,0,1982.0,C01,138Â 297Â 614,1.0,0.0,-1.0,1643919,2.0,7,,14.0,2.0,4.0,B01,138Â 297Â 613,1.0
963173,201900004704,3,19,19:55,5,2,1,1.0,4.0,69264,RENAN ERNEST  R,M,"45,9920500","4,7071500",69,2019,50.0,1.0,1.0,3.0,2152789,1.0,1,1,1,0.0,,0.0,0,1982.0,C01,138Â 297Â 614,1.0,0.0,-1.0,1643920,2.0,7,,0.0,2.0,4.0,C01,138Â 297Â 614,1.0
963173,201900004704,3,19,19:55,5,2,1,1.0,4.0,69264,RENAN ERNEST  R,M,"45,9920500","4,7071500",69,2019,50.0,1.0,1.0,3.0,2152789,1.0,1,1,1,0.0,,0.0,0,1982.0,C01,138Â 297Â 614,1.0,0.0,-1.0,1643921,2.0,7,,14.0,0.0,4.0,A01,138Â 297Â 615,1.0
963173,201900004704,3,19,19:55,5,2,1,1.0,4.0,69264,RENAN ERNEST  R,M,"45,9920500","4,7071500",69,2019,50.0,1.0,1.0,3.0,2152790,2.0,2,1,1,9.0,,0.0,0,2011.0,A01,138Â 297Â 615,1.0,0.0,-1.0,1643919,2.0,7,,14.0,2.0,4.0,B01,138Â 297Â 613,1.0
963173,201900004704,3,19,19:55,5,2,1,1.0,4.0,69264,RENAN ERNEST  R,M,"45,9920500","4,7071500",69,2019,50.0,1.0,1.0,3.0,2152790,2.0,2,1,1,9.0,,0.0,0,2011.0,A01,138Â 297Â 615,1.0,0.0,-1.0,1643920,2.0,7,,0.0,2.0,4.0,C01,138Â 297Â 614,1.0
963173,201900004704,3,19,19:55,5,2,1,1.0,4.0,69264,RENAN ERNEST  R,M,"45,9920500","4,7071500",69,2019,50.0,1.0,1.0,3.0,2152790,2.0,2,1,1,9.0,,0.0,0,2011.0,A01,138Â 297Â 615,1.0,0.0,-1.0,1643921,2.0,7,,14.0,0.0,4.0,A01,138Â 297Â 615,1.0
963173,201900004704,3,19,19:55,5,2,1,1.0,4.0,69264,RENAN ERNEST  R,M,"45,9920500","4,7071500",69,2019,50.0,1.0,1.0,3.0,2152791,1.0,1,1,1,0.0,,0.0,0,1982.0,A01,138Â 297Â 615,1.0,0.0,-1.0,1643919,2.0,7,,14.0,2.0,4.0,B01,138Â 297Â 613,1.0
963173,201900004704,3,19,19:55,5,2,1,1.0,4.0,69264,RENAN ERNEST  R,M,"45,9920500","4,7071500",69,2019,50.0,1.0,1.0,3.0,2152791,1.0,1,1,1,0.0,,0.0,0,1982.0,A01,138Â 297Â 615,1.0,0.0,-1.0,1643920,2.0,7,,0.0,2.0,4.0,C01,138Â 297Â 614,1.0
963173,201900004704,3,19,19:55,5,2,1,1.0,4.0,69264,RENAN ERNEST  R,M,"45,9920500","4,7071500",69,2019,50.0,1.0,1.0,3.0,2152791,1.0,1,1,1,0.0,,0.0,0,1982.0,A01,138Â 297Â 615,1.0,0.0,-1.0,1643921,2.0,7,,14.0,0.0,4.0,A01,138Â 297Â 615,1.0
963174,201900004705,3,25,06:10,2,2,1,1.0,2.0,69091,RIVE DE GIER (DE) (RTE),M,"45,5807100","4,7360900",69,2019,70.0,1.0,1.0,3.0,2152792,10.0,3,1,1,0.0,,9.0,B,1961.0,A01,138Â 297Â 611,8.0,0.0,-1.0,1643922,2.0,7,,0.0,2.0,1.0,A01,138Â 297Â 611,1.0
963174,201900004705,3,25,06:10,2,2,1,1.0,2.0,69091,RIVE DE GIER (DE) (RTE),M,"45,5807100","4,7360900",69,2019,70.0,1.0,1.0,3.0,2152792,10.0,3,1,1,0.0,,9.0,B,1961.0,A01,138Â 297Â 611,8.0,0.0,-1.0,1643923,2.0,7,,6.0,0.0,6.0,B01,138Â 297Â 612,1.0
963174,201900004705,3,25,06:10,2,2,1,1.0,2.0,69091,RIVE DE GIER (DE) (RTE),M,"45,5807100","4,7360900",69,2019,70.0,1.0,1.0,3.0,2152793,1.0,1,4,1,1.0,,0.0,0,1990.0,A01,138Â 297Â 611,1.0,5.0,-1.0,1643922,2.0,7,,0.0,2.0,1.0,A01,138Â 297Â 611,1.0
963174,201900004705,3,25,06:10,2,2,1,1.0,2.0,69091,RIVE DE GIER (DE) (RTE),M,"45,5807100","4,7360900",69,2019,70.0,1.0,1.0,3.0,2152793,1.0,1,4,1,1.0,,0.0,0,1990.0,A01,138Â 297Â 611,1.0,5.0,-1.0,1643923,2.0,7,,6.0,0.0,6.0,B01,138Â 297Â 612,1.0
963174,201900004705,3,25,06:10,2,2,1,1.0,2.0,69091,RIVE DE GIER (DE) (RTE),M,"45,5807100","4,7360900",69,2019,70.0,1.0,1.0,3.0,2152794,2.0,2,4,2,1.0,,0.0,0,1996.0,B01,138Â 297Â 612,1.0,0.0,-1.0,1643922,2.0,7,,0.0,2.0,1.0,A01,138Â 297Â 611,1.0
963174,201900004705,3,25,06:10,2,2,1,1.0,2.0,69091,RIVE DE GIER (DE) (RTE),M,"45,5807100","4,7360900",69,2019,70.0,1.0,1.0,3.0,2152794,2.0,2,4,2,1.0,,0.0,0,1996.0,B01,138Â 297Â 612,1.0,0.0,-1.0,1643923,2.0,7,,6.0,0.0,6.0,B01,138Â 297Â 612,1.0
963174,201900004705,3,25,06:10,2,2,1,1.0,2.0,69091,RIVE DE GIER (DE) (RTE),M,"45,5807100","4,7360900",69,2019,70.0,1.0,1.0,3.0,2152795,1.0,1,1,1,1.0,,0.0,0,1999.0,B01,138Â 297Â 612,1.0,0.0,-1.0,1643922,2.0,7,,0.0,2.0,1.0,A01,138Â 297Â 611,1.0
963174,201900004705,3,25,06:10,2,2,1,1.0,2.0,69091,RIVE DE GIER (DE) (RTE),M,"45,5807100","4,7360900",69,2019,70.0,1.0,1.0,3.0,2152795,1.0,1,1,1,1.0,,0.0,0,1999.0,B01,138Â 297Â 612,1.0,0.0,-1.0,1643923,2.0,7,,6.0,0.0,6.0,B01,138Â 297Â 612,1.0
963175,201900004706,3,20,14:00,1,2,2,1.0,3.0,69091,GAGARINE (AV),M,"45,6019400","4,7702300",69,2019,50.0,1.0,1.0,3.0,2152796,1.0,1,3,1,5.0,,0.0,0,1959.0,B01,138Â 297Â 609,2.0,6.0,-1.0,1643924,1.0,1,,0.0,2.0,1.0,B01,138Â 297Â 609,5.0
963175,201900004706,3,20,14:00,1,2,2,1.0,3.0,69091,GAGARINE (AV),M,"45,6019400","4,7702300",69,2019,50.0,1.0,1.0,3.0,2152796,1.0,1,3,1,5.0,,0.0,0,1959.0,B01,138Â 297Â 609,2.0,6.0,-1.0,1643925,1.0,7,,0.0,2.0,2.0,A01,138Â 297Â 610,1.0
963175,201900004706,3,20,14:00,1,2,2,1.0,3.0,69091,GAGARINE (AV),M,"45,6019400","4,7702300",69,2019,50.0,1.0,1.0,3.0,2152797,2.0,2,1,2,5.0,,0.0,0,1992.0,A01,138Â 297Â 610,1.0,8.0,-1.0,1643924,1.0,1,,0.0,2.0,1.0,B01,138Â 297Â 609,5.0
963175,201900004706,3,20,14:00,1,2,2,1.0,3.0,69091,GAGARINE (AV),M,"45,6019400","4,7702300",69,2019,50.0,1.0,1.0,3.0,2152797,2.0,2,1,2,5.0,,0.0,0,1992.0,A01,138Â 297Â 610,1.0,8.0,-1.0,1643925,1.0,7,,0.0,2.0,2.0,A01,138Â 297Â 610,1.0
963175,201900004706,3,20,14:00,1,2,2,1.0,3.0,69091,GAGARINE (AV),M,"45,6019400","4,7702300",69,2019,50.0,1.0,1.0,3.0,2152798,1.0,1,1,1,5.0,,0.0,0,1978.0,A01,138Â 297Â 610,1.0,8.0,-1.0,1643924,1.0,1,,0.0,2.0,1.0,B01,138Â 297Â 609,5.0
963175,201900004706,3,20,14:00,1,2,2,1.0,3.0,69091,GAGARINE (AV),M,"45,6019400","4,7702300",69,2019,50.0,1.0,1.0,3.0,2152798,1.0,1,1,1,5.0,,0.0,0,1978.0,A01,138Â 297Â 610,1.0,8.0,-1.0,1643925,1.0,7,,0.0,2.0,2.0,A01,138Â 297Â 610,1.0
963176,201900004707,3,19,16:03,1,2,9,1.0,6.0,68066,152EME REGIMENT D'INFANTERIE(RUE DU),M,"48,0935610","7,3585410",68,2019,50.0,1.0,1.0,3.0,2152799,1.0,1,3,1,0.0,,0.0,0,1957.0,A01,138Â 297Â 604,2.0,6.0,-1.0,1643926,1.0,33,,0.0,1.0,0.0,A01,138Â 297Â 604,1.0
963176,201900004707,3,19,16:03,1,2,9,1.0,6.0,68066,152EME REGIMENT D'INFANTERIE(RUE DU),M,"48,0935610","7,3585410",68,2019,50.0,1.0,1.0,3.0,2152800,10.0,3,1,1,0.0,,3.0,3,2002.0,A01,138Â 297Â 604,8.0,0.0,-1.0,1643926,1.0,33,,0.0,1.0,0.0,A01,138Â 297Â 604,1.0
963177,201900004708,3,24,14:40,1,2,3,1.0,3.0,67218,BURKEL (ROUTE),M,"48,5189720","7,7138030",67,2019,50.0,1.0,1.0,4.0,2152801,1.0,1,1,1,5.0,,-1.0,0,1982.0,A01,138Â 297Â 602,1.0,8.0,-1.0,1643927,1.0,7,,0.0,2.0,2.0,A01,138Â 297Â 602,1.0