Unnamed: 0_x,num_acc,mois,jour,hrmn,lum,agg,int,atm,col,com,adr,gps,lat,long,dep,annee,vma,situ,surf,catr,Unnamed: 0_y,place,catu,grav,sexe,trajet,secu,locp,actp,an_nais,num_veh_x,id_vehicule_x,secu1,secu2,secu3,Unnamed: 0,senc,catv,occutc,obs,obsm,choc,num_veh_y,id_vehicule_y,motor
963177,201900004708,3,24,14:40,1,2,3,1.0,3.0,67218,BURKEL (ROUTE),M,"48,5189720","7,7138030",67,2019,50.0,1.0,1.0,4.0,2152801,1.0,1,1,1,5.0,,-1.0,0,1982.0,A01,138Â 297Â 602,1.0,8.0,-1.0,1643928,2.0,1,,0.0,2.0,0.0,B01,138Â 297Â 603,0.0
963177,201900004708,3,24,14:40,1,2,3,1.0,3.0,67218,BURKEL (ROUTE),M,"48,5189720","7,7138030",67,2019,50.0,1.0,1.0,4.0,2152802,1.0,1,4,1,0.0,,-1.0,0,2006.0,B01,138Â 297Â 603,8.0,0.0,-1.0,1643927,1.0,7,,0.0,2.0,2.0,A01,138Â 297Â 602,1.0
963177,201900004708,3,24,14:40,1,2,3,1.0,3.0,67218,BURKEL (ROUTE),M,"48,5189720","7,7138030",67,2019,50.0,1.0,1.0,4.0,2152802,1.0,1,4,1,0.0,,-1.0,0,2006.0,B01,138Â 297Â 603,8.0,0.0,-1.0,1643928,2.0,1,,0.0,2.0,0.0,B01,138Â 297Â 603,0.0
963178,201900004709,3,23,20:00,5,2,3,1.0,3.0,67482,VIENNE (ROUTE DE),M,"48,5732880","7,7557750",67,2019,50.0,1.0,1.0,4.0,2152803,1.0,1,1,2,5.0,,-1.0,0,1995.0,A01,138Â 297Â 600,1.0,8.0,-1.0,1643929,1.0,7,,0.0,2.0,5.0,A01,138Â 297Â 600,1.0
963178,201900004709,3,23,20:00,5,2,3,1.0,3.0,67482,VIENNE (ROUTE DE),M,"48,5732880","7,7557750",67,2019,50.0,1.0,1.0,4.0,2152803,1.0,1,1,2,5.0,,-1.0,0,1995.0,A01,138Â 297Â 600,1.0,8.0,-1.0,1643930,2.0,31,,0.0,2.0,1.0,B01,138Â 297Â 601,1.0
963178,201900004709,3,23,20:00,5,2,3,1.0,3.0,67482,VIENNE (ROUTE DE),M,"48,5732880","7,7557750",67,2019,50.0,1.0,1.0,4.0,2152804,2.0,2,1,2,5.0,,-1.0,0,1996.0,A01,138Â 297Â 600,1.0,8.0,-1.0,1643929,1.0,7,,0.0,2.0,5.0,A01,138Â 297Â 600,1.0
963178,201900004709,3,23,20:00,5,2,3,1.0,3.0,67482,VIENNE (ROUTE DE),M,"48,5732880","7,7557750",67,2019,50.0,1.0,1.0,4.0,2152804,2.0,2,1,2,5.0,,-1.0,0,1996.0,A01,138Â 297Â 600,1.0,8.0,-1.0,1643930,2.0,31,,0.0,2.0,1.0,B01,138Â 297Â 601,1.0
963178,201900004709,3,23,20:00,5,2,3,1.0,3.0,67482,VIENNE (ROUTE DE),M,"48,5732880","7,7557750",67,2019,50.0,1.0,1.0,4.0,2152805,3.0,2,1,2,5.0,,-1.0,0,1996.0,A01,138Â 297Â 600,1.0,8.0,-1.0,1643929,1.0,7,,0.0,2.0,5.0,A01,138Â 297Â 600,1.0
963178,201900004709,3,23,20:00,5,2,3,1.0,3.0,67482,VIENNE (ROUTE DE),M,"48,5732880","7,7557750",67,2019,50.0,1.0,1.0,4.0,2152805,3.0,2,1,2,5.0,,-1.0,0,1996.0,A01,138Â 297Â 600,1.0,8.0,-1.0,1643930,2.0,31,,0.0,2.0,1.0,B01,138Â 297Â 601,1.0
963178,201900004709,3,23,20:00,5,2,3,1.0,3.0,67482,VIENNE (ROUTE DE),M,"48,5732880","7,7557750",67,2019,50.0,1.0,1.0,4.0,2152806,1.0,1,4,1,5.0,,-1.0,0,1958.0,B01,138Â 297Â 601,2.0,8.0,-1.0,1643929,1.0,7,,0.0,2.0,5.0,A01,138Â 297Â 600,1.0
963178,201900004709,3,23,20:00,5,2,3,1.0,3.0,67482,VIENNE (ROUTE DE),M,"48,5732880","7,7557750",67,2019,50.0,1.0,1.0,4.0,2152806,1.0,1,4,1,5.0,,-1.0,0,1958.0,B01,138Â 297Â 601,2.0,8.0,-1.0,1643930,2.0,31,,0.0,2.0,1.0,B01,138Â 297Â 601,1.0
963179,201900004710,3,22,17:10,1,2,1,1.0,2.0,67482,HOCHFELDEN (RUE DE),M,"48,6013460","7,7229980",67,2019,50.0,1.0,1.0,4.0,2152807,2.0,2,4,2,9.0,,-1.0,0,1986.0,B01,138Â 297Â 598,1.0,8.0,-1.0,1643931,1.0,7,,0.0,2.0,4.0,B01,138Â 297Â 598,1.0
963179,201900004710,3,22,17:10,1,2,1,1.0,2.0,67482,HOCHFELDEN (RUE DE),M,"48,6013460","7,7229980",67,2019,50.0,1.0,1.0,4.0,2152807,2.0,2,4,2,9.0,,-1.0,0,1986.0,B01,138Â 297Â 598,1.0,8.0,-1.0,1643932,1.0,7,,0.0,2.0,1.0,A01,138Â 297Â 599,1.0
963179,201900004710,3,22,17:10,1,2,1,1.0,2.0,67482,HOCHFELDEN (RUE DE),M,"48,6013460","7,7229980",67,2019,50.0,1.0,1.0,4.0,2152808,1.0,1,1,1,9.0,,-1.0,0,1967.0,B01,138Â 297Â 598,1.0,8.0,-1.0,1643931,1.0,7,,0.0,2.0,4.0,B01,138Â 297Â 598,1.0
963179,201900004710,3,22,17:10,1,2,1,1.0,2.0,67482,HOCHFELDEN (RUE DE),M,"48,6013460","7,7229980",67,2019,50.0,1.0,1.0,4.0,2152808,1.0,1,1,1,9.0,,-1.0,0,1967.0,B01,138Â 297Â 598,1.0,8.0,-1.0,1643932,1.0,7,,0.0,2.0,1.0,A01,138Â 297Â 599,1.0
963179,201900004710,3,22,17:10,1,2,1,1.0,2.0,67482,HOCHFELDEN (RUE DE),M,"48,6013460","7,7229980",67,2019,50.0,1.0,1.0,4.0,2152809,1.0,1,4,2,5.0,,-1.0,0,1994.0,A01,138Â 297Â 599,1.0,8.0,-1.0,1643931,1.0,7,,0.0,2.0,4.0,B01,138Â 297Â 598,1.0
963179,201900004710,3,22,17:10,1,2,1,1.0,2.0,67482,HOCHFELDEN (RUE DE),M,"48,6013460","7,7229980",67,2019,50.0,1.0,1.0,4.0,2152809,1.0,1,4,2,5.0,,-1.0,0,1994.0,A01,138Â 297Â 599,1.0,8.0,-1.0,1643932,1.0,7,,0.0,2.0,1.0,A01,138Â 297Â 599,1.0
963180,201900004711,3,22,15:30,1,2,1,1.0,3.0,67482,BOECKLIN (RUE),M,"48,5974000","7,7769340",67,2019,50.0,1.0,9.0,4.0,2152810,1.0,1,4,2,5.0,,-1.0,0,1948.0,B01,138Â 297Â 596,8.0,0.0,-1.0,1643933,2.0,1,,0.0,-1.0,3.0,B01,138Â 297Â 596,5.0
963180,201900004711,3,22,15:30,1,2,1,1.0,3.0,67482,BOECKLIN (RUE),M,"48,5974000","7,7769340",67,2019,50.0,1.0,9.0,4.0,2152810,1.0,1,4,2,5.0,,-1.0,0,1948.0,B01,138Â 297Â 596,8.0,0.0,-1.0,1643934,1.0,40,,0.0,2.0,2.0,A01,138Â 297Â 597,3.0
963180,201900004711,3,22,15:30,1,2,1,1.0,3.0,67482,BOECKLIN (RUE),M,"48,5974000","7,7769340",67,2019,50.0,1.0,9.0,4.0,2152811,1.0,1,1,2,4.0,,-1.0,0,1982.0,A01,138Â 297Â 597,8.0,0.0,-1.0,1643933,2.0,1,,0.0,-1.0,3.0,B01,138Â 297Â 596,5.0
963180,201900004711,3,22,15:30,1,2,1,1.0,3.0,67482,BOECKLIN (RUE),M,"48,5974000","7,7769340",67,2019,50.0,1.0,9.0,4.0,2152811,1.0,1,1,2,4.0,,-1.0,0,1982.0,A01,138Â 297Â 597,8.0,0.0,-1.0,1643934,1.0,40,,0.0,2.0,2.0,A01,138Â 297Â 597,3.0
963181,201900004712,3,22,13:25,1,2,1,1.0,6.0,67447,MARAIS (RUE DU),M,"48,6095870","7,7653380",67,2019,50.0,2.0,1.0,9.0,2152812,1.0,1,1,1,4.0,,-1.0,0,1977.0,A01,138Â 297Â 595,8.0,0.0,-1.0,1643935,1.0,40,,0.0,1.0,1.0,A01,138Â 297Â 595,3.0
963181,201900004712,3,22,13:25,1,2,1,1.0,6.0,67447,MARAIS (RUE DU),M,"48,6095870","7,7653380",67,2019,50.0,2.0,1.0,9.0,2152813,10.0,3,4,1,2.0,,8.0,1,2004.0,A01,138Â 297Â 595,8.0,0.0,-1.0,1643935,1.0,40,,0.0,1.0,1.0,A01,138Â 297Â 595,3.0
963182,201900004713,3,21,12:00,1,2,3,1.0,6.0,67482,ZURICH (RUE DE),M,"48,5788520","7,7590960",67,2019,30.0,1.0,1.0,4.0,2152814,1.0,1,1,1,2.0,,-1.0,0,1998.0,A01,138Â 297Â 594,8.0,0.0,-1.0,1643936,1.0,1,,0.0,1.0,0.0,A01,138Â 297Â 594,5.0
963182,201900004713,3,21,12:00,1,2,3,1.0,6.0,67482,ZURICH (RUE DE),M,"48,5788520","7,7590960",67,2019,30.0,1.0,1.0,4.0,2152815,10.0,3,4,2,9.0,,1.0,4,1974.0,A01,138Â 297Â 594,8.0,0.0,-1.0,1643936,1.0,1,,0.0,1.0,0.0,A01,138Â 297Â 594,5.0
963183,201900004714,3,20,16:25,1,2,3,1.0,6.0,67447,MARAIS (RUE DU),M,"48,6169065","7,7681960",67,2019,50.0,1.0,1.0,4.0,2152816,1.0,1,4,1,0.0,,-1.0,0,2002.0,A01,138Â 297Â 592,8.0,0.0,-1.0,1643937,1.0,1,,0.0,2.0,7.0,A01,138Â 297Â 592,5.0
963183,201900004714,3,20,16:25,1,2,3,1.0,6.0,67447,MARAIS (RUE DU),M,"48,6169065","7,7681960",67,2019,50.0,1.0,1.0,4.0,2152816,1.0,1,4,1,0.0,,-1.0,0,2002.0,A01,138Â 297Â 592,8.0,0.0,-1.0,1643938,1.0,7,,0.0,2.0,1.0,Z01,138Â 297Â 593,1.0
963184,201900004715,3,20,09:15,1,2,1,1.0,6.0,67482,ORFEVRES (RUE DES),M,"48,5823230","7,7491350",67,2019,30.0,2.0,1.0,4.0,2152817,1.0,1,1,1,4.0,,-1.0,0,1978.0,A01,138Â 297Â 591,1.0,8.0,-1.0,1643939,1.0,10,,0.0,1.0,4.0,A01,138Â 297Â 591,1.0
963184,201900004715,3,20,09:15,1,2,1,1.0,6.0,67482,ORFEVRES (RUE DES),M,"48,5823230","7,7491350",67,2019,30.0,2.0,1.0,4.0,2152818,10.0,3,4,1,3.0,,8.0,4,1927.0,A01,138Â 297Â 591,8.0,0.0,-1.0,1643939,1.0,10,,0.0,1.0,4.0,A01,138Â 297Â 591,1.0
963185,201900004716,3,19,15:50,1,2,1,1.0,6.0,67482,ILL (RUE DE L ),M,"48,6127240","7,7744650",67,2019,50.0,1.0,1.0,4.0,2152819,10.0,3,4,2,5.0,,3.0,3,1940.0,A01,138Â 297Â 590,8.0,0.0,-1.0,1643940,1.0,7,,0.0,1.0,2.0,A01,138Â 297Â 590,1.0
963185,201900004716,3,19,15:50,1,2,1,1.0,6.0,67482,ILL (RUE DE L ),M,"48,6127240","7,7744650",67,2019,50.0,1.0,1.0,4.0,2152820,10.0,3,1,2,5.0,,3.0,3,2013.0,A01,138Â 297Â 590,0.0,0.0,-1.0,1643940,1.0,7,,0.0,1.0,2.0,A01,138Â 297Â 590,1.0
963185,201900004716,3,19,15:50,1,2,1,1.0,6.0,67482,ILL (RUE DE L ),M,"48,6127240","7,7744650",67,2019,50.0,1.0,1.0,4.0,2152821,1.0,1,1,1,9.0,,0.0,0,1944.0,A01,138Â 297Â 590,1.0,8.0,-1.0,1643940,1.0,7,,0.0,1.0,2.0,A01,138Â 297Â 590,1.0
963186,201900004717,3,19,13:25,1,2,3,1.0,3.0,67482,LAMPROIE (RUE DE LA),M,"48,5989690","7,7909710",67,2019,50.0,1.0,1.0,4.0,2152822,1.0,1,1,1,5.0,,-1.0,0,1945.0,B01,138Â 297Â 588,1.0,8.0,-1.0,1643941,1.0,7,,0.0,2.0,3.0,B01,138Â 297Â 588,1.0
963186,201900004717,3,19,13:25,1,2,3,1.0,3.0,67482,LAMPROIE (RUE DE LA),M,"48,5989690","7,7909710",67,2019,50.0,1.0,1.0,4.0,2152822,1.0,1,1,1,5.0,,-1.0,0,1945.0,B01,138Â 297Â 588,1.0,8.0,-1.0,1643942,1.0,10,,0.0,2.0,2.0,A01,138Â 297Â 589,1.0
963186,201900004717,3,19,13:25,1,2,3,1.0,3.0,67482,LAMPROIE (RUE DE LA),M,"48,5989690","7,7909710",67,2019,50.0,1.0,1.0,4.0,2152823,1.0,1,4,2,4.0,,-1.0,0,1991.0,A01,138Â 297Â 589,1.0,8.0,-1.0,1643941,1.0,7,,0.0,2.0,3.0,B01,138Â 297Â 588,1.0
963186,201900004717,3,19,13:25,1,2,3,1.0,3.0,67482,LAMPROIE (RUE DE LA),M,"48,5989690","7,7909710",67,2019,50.0,1.0,1.0,4.0,2152823,1.0,1,4,2,4.0,,-1.0,0,1991.0,A01,138Â 297Â 589,1.0,8.0,-1.0,1643942,1.0,10,,0.0,2.0,2.0,A01,138Â 297Â 589,1.0
963187,201900004718,3,21,11:48,3,2,1,1.0,6.0,66096,Avenue du GÃ©nÃ©ral de Gaulle,M,"42,7677950","2,6592980",66,2019,30.0,1.0,1.0,4.0,2152824,1.0,1,1,1,5.0,,0.0,0,1956.0,A01,138Â 297Â 587,1.0,8.0,-1.0,1643943,0.0,7,,0.0,1.0,1.0,A01,138Â 297Â 587,1.0
963187,201900004718,3,21,11:48,3,2,1,1.0,6.0,66096,Avenue du GÃ©nÃ©ral de Gaulle,M,"42,7677950","2,6592980",66,2019,30.0,1.0,1.0,4.0,2152825,10.0,3,4,1,5.0,,3.0,3,1990.0,A01,138Â 297Â 587,8.0,0.0,-1.0,1643943,0.0,7,,0.0,1.0,1.0,A01,138Â 297Â 587,1.0
963188,201900004719,3,21,11:15,1,2,2,1.0,3.0,66136,CAYROL (BOULEVARD COLONEL),M,"42,6960244","2,9055909",66,2019,30.0,1.0,1.0,4.0,2152826,1.0,1,4,1,5.0,,-1.0, -1,1972.0,A01,138Â 297Â 585,8.0,0.0,-1.0,1643944,0.0,1,,0.0,2.0,1.0,A01,138Â 297Â 585,5.0
963188,201900004719,3,21,11:15,1,2,2,1.0,3.0,66136,CAYROL (BOULEVARD COLONEL),M,"42,6960244","2,9055909",66,2019,30.0,1.0,1.0,4.0,2152826,1.0,1,4,1,5.0,,-1.0, -1,1972.0,A01,138Â 297Â 585,8.0,0.0,-1.0,1643945,3.0,7,,0.0,2.0,8.0,B01,138Â 297Â 586,1.0
963188,201900004719,3,21,11:15,1,2,2,1.0,3.0,66136,CAYROL (BOULEVARD COLONEL),M,"42,6960244","2,9055909",66,2019,30.0,1.0,1.0,4.0,2152827,1.0,1,1,2,5.0,,0.0,0,1949.0,B01,138Â 297Â 586,1.0,-1.0,-1.0,1643944,0.0,1,,0.0,2.0,1.0,A01,138Â 297Â 585,5.0
963188,201900004719,3,21,11:15,1,2,2,1.0,3.0,66136,CAYROL (BOULEVARD COLONEL),M,"42,6960244","2,9055909",66,2019,30.0,1.0,1.0,4.0,2152827,1.0,1,1,2,5.0,,0.0,0,1949.0,B01,138Â 297Â 586,1.0,-1.0,-1.0,1643945,3.0,7,,0.0,2.0,8.0,B01,138Â 297Â 586,1.0
963189,201900004720,3,20,22:30,5,1,1,1.0,6.0,66136,ROTTERDAM (ROND POINT DE),M,"42,6946200","2,8501900",66,2019,90.0,1.0,1.0,2.0,2152828,1.0,1,2,1,9.0,,0.0,0,1996.0,A01,138Â 297Â 584,1.0,0.0,-1.0,1643946,1.0,7,,0.0,0.0,1.0,A01,138Â 297Â 584,1.0
963190,201900004721,3,23,13:30,1,2,1,1.0,2.0,64483,LAHANCHIPIA (AVENUE),M,"43,4014849"," -1,6369841",64,2019,50.0,1.0,1.0,3.0,2152829,1.0,1,4,1,9.0,,0.0,0,1995.0,A01,138Â 297Â 582,1.0,0.0,-1.0,1643947,2.0,7,,0.0,2.0,1.0,A01,138Â 297Â 582,1.0
963190,201900004721,3,23,13:30,1,2,1,1.0,2.0,64483,LAHANCHIPIA (AVENUE),M,"43,4014849"," -1,6369841",64,2019,50.0,1.0,1.0,3.0,2152829,1.0,1,4,1,9.0,,0.0,0,1995.0,A01,138Â 297Â 582,1.0,0.0,-1.0,1643948,2.0,7,,0.0,2.0,4.0,B01,138Â 297Â 583,1.0
963190,201900004721,3,23,13:30,1,2,1,1.0,2.0,64483,LAHANCHIPIA (AVENUE),M,"43,4014849"," -1,6369841",64,2019,50.0,1.0,1.0,3.0,2152830,1.0,1,1,2,0.0,,0.0,0,1979.0,B01,138Â 297Â 583,1.0,0.0,-1.0,1643947,2.0,7,,0.0,2.0,1.0,A01,138Â 297Â 582,1.0
963190,201900004721,3,23,13:30,1,2,1,1.0,2.0,64483,LAHANCHIPIA (AVENUE),M,"43,4014849"," -1,6369841",64,2019,50.0,1.0,1.0,3.0,2152830,1.0,1,1,2,0.0,,0.0,0,1979.0,B01,138Â 297Â 583,1.0,0.0,-1.0,1643948,2.0,7,,0.0,2.0,4.0,B01,138Â 297Â 583,1.0
963191,201900004722,3,22,07:45,2,2,1,1.0,3.0,64189,EVADES (CARREFOUR DES),M,"43,3845300"," -1,6664500",64,2019,30.0,1.0,1.0,4.0,2152831,1.0,1,1,1,0.0,,0.0,0,1965.0,A01,138Â 297Â 580,1.0,0.0,-1.0,1643949,2.0,7,,0.0,2.0,1.0,A01,138Â 297Â 580,1.0
963191,201900004722,3,22,07:45,2,2,1,1.0,3.0,64189,EVADES (CARREFOUR DES),M,"43,3845300"," -1,6664500",64,2019,30.0,1.0,1.0,4.0,2152831,1.0,1,1,1,0.0,,0.0,0,1965.0,A01,138Â 297Â 580,1.0,0.0,-1.0,1643950,2.0,1,,0.0,2.0,1.0,B01,138Â 297Â 581,5.0
963191,201900004722,3,22,07:45,2,2,1,1.0,3.0,64189,EVADES (CARREFOUR DES),M,"43,3845300"," -1,6664500",64,2019,30.0,1.0,1.0,4.0,2152832,1.0,1,4,1,0.0,,0.0,0,1969.0,B01,138Â 297Â 581,2.0,0.0,-1.0,1643949,2.0,7,,0.0,2.0,1.0,A01,138Â 297Â 580,1.0
963191,201900004722,3,22,07:45,2,2,1,1.0,3.0,64189,EVADES (CARREFOUR DES),M,"43,3845300"," -1,6664500",64,2019,30.0,1.0,1.0,4.0,2152832,1.0,1,4,1,0.0,,0.0,0,1969.0,B01,138Â 297Â 581,2.0,0.0,-1.0,1643950,2.0,1,,0.0,2.0,1.0,B01,138Â 297Â 581,5.0
963192,201900004723,3,20,15:40,1,2,1,1.0,2.0,64483,CHANTACO (AVENUE DE ),M,"43,3786820"," -1,6387813",64,2019,50.0,1.0,1.0,3.0,2152833,1.0,1,4,2,0.0,,0.0,0,1952.0,B01,138Â 297Â 578,1.0,0.0,-1.0,1643951,1.0,7,,0.0,2.0,4.0,B01,138Â 297Â 578,0.0
963192,201900004723,3,20,15:40,1,2,1,1.0,2.0,64483,CHANTACO (AVENUE DE ),M,"43,3786820"," -1,6387813",64,2019,50.0,1.0,1.0,3.0,2152833,1.0,1,4,2,0.0,,0.0,0,1952.0,B01,138Â 297Â 578,1.0,0.0,-1.0,1643952,1.0,7,,0.0,2.0,1.0,A01,138Â 297Â 579,0.0
963192,201900004723,3,20,15:40,1,2,1,1.0,2.0,64483,CHANTACO (AVENUE DE ),M,"43,3786820"," -1,6387813",64,2019,50.0,1.0,1.0,3.0,2152834,1.0,1,1,2,0.0,,0.0,0,1981.0,A01,138Â 297Â 579,1.0,0.0,-1.0,1643951,1.0,7,,0.0,2.0,4.0,B01,138Â 297Â 578,0.0
963192,201900004723,3,20,15:40,1,2,1,1.0,2.0,64483,CHANTACO (AVENUE DE ),M,"43,3786820"," -1,6387813",64,2019,50.0,1.0,1.0,3.0,2152834,1.0,1,1,2,0.0,,0.0,0,1981.0,A01,138Â 297Â 579,1.0,0.0,-1.0,1643952,1.0,7,,0.0,2.0,1.0,A01,138Â 297Â 579,0.0
963193,201900004724,3,20,19:35,5,2,3,1.0,6.0,64237,LOUIS BARTHOU,M,"43,2841071"," -0,3746685",64,2019,30.0,1.0,1.0,3.0,2152835,1.0,1,3,1,5.0,,0.0,0,1999.0,B01,138Â 297Â 576,2.0,6.0,-1.0,1643953,1.0,33,,6.0,0.0,1.0,B01,138Â 297Â 576,1.0
963193,201900004724,3,20,19:35,5,2,3,1.0,6.0,64237,LOUIS BARTHOU,M,"43,2841071"," -0,3746685",64,2019,30.0,1.0,1.0,3.0,2152835,1.0,1,3,1,5.0,,0.0,0,1999.0,B01,138Â 297Â 576,2.0,6.0,-1.0,1643954,1.0,7,,0.0,0.0,0.0,A01,138Â 297Â 577,1.0
963193,201900004724,3,20,19:35,5,2,3,1.0,6.0,64237,LOUIS BARTHOU,M,"43,2841071"," -0,3746685",64,2019,30.0,1.0,1.0,3.0,2152836,1.0,1,1,1,5.0,,0.0,0,1996.0,A01,138Â 297Â 577,1.0,0.0,-1.0,1643953,1.0,33,,6.0,0.0,1.0,B01,138Â 297Â 576,1.0
963193,201900004724,3,20,19:35,5,2,3,1.0,6.0,64237,LOUIS BARTHOU,M,"43,2841071"," -0,3746685",64,2019,30.0,1.0,1.0,3.0,2152836,1.0,1,1,1,5.0,,0.0,0,1996.0,A01,138Â 297Â 577,1.0,0.0,-1.0,1643954,1.0,7,,0.0,0.0,0.0,A01,138Â 297Â 577,1.0
963193,201900004724,3,20,19:35,5,2,3,1.0,6.0,64237,LOUIS BARTHOU,M,"43,2841071"," -0,3746685",64,2019,30.0,1.0,1.0,3.0,2152837,2.0,2,1,1,5.0,,0.0,0,2001.0,A01,138Â 297Â 577,1.0,0.0,-1.0,1643953,1.0,33,,6.0,0.0,1.0,B01,138Â 297Â 576,1.0
963193,201900004724,3,20,19:35,5,2,3,1.0,6.0,64237,LOUIS BARTHOU,M,"43,2841071"," -0,3746685",64,2019,30.0,1.0,1.0,3.0,2152837,2.0,2,1,1,5.0,,0.0,0,2001.0,A01,138Â 297Â 577,1.0,0.0,-1.0,1643954,1.0,7,,0.0,0.0,0.0,A01,138Â 297Â 577,1.0
963194,201900004725,3,21,07:40,1,2,1,1.0,7.0,64335,FRERES WRIGHT DES,M,"43,3547745"," -0,4025770",64,2019,50.0,1.0,1.0,3.0,2152838,1.0,1,4,1,1.0,,0.0,0,1962.0,A01,138Â 297Â 575,1.0,0.0,-1.0,1643955,2.0,7,,8.0,0.0,1.0,A01,138Â 297Â 575,1.0
963195,201900004726,3,20,07:50,2,2,3,7.0,3.0,64348,FRERES WRIGHT DES,M,"43,3483279"," -0,3810078",64,2019,50.0,1.0,1.0,4.0,2152839,1.0,1,4,1,1.0,,0.0,0,1995.0,B01,138Â 297Â 573,2.0,6.0,-1.0,1643956,1.0,33,,0.0,2.0,1.0,B01,138Â 297Â 573,1.0
963195,201900004726,3,20,07:50,2,2,3,7.0,3.0,64348,FRERES WRIGHT DES,M,"43,3483279"," -0,3810078",64,2019,50.0,1.0,1.0,4.0,2152839,1.0,1,4,1,1.0,,0.0,0,1995.0,B01,138Â 297Â 573,2.0,6.0,-1.0,1643957,2.0,7,,0.0,2.0,3.0,A01,138Â 297Â 574,1.0
963195,201900004726,3,20,07:50,2,2,3,7.0,3.0,64348,FRERES WRIGHT DES,M,"43,3483279"," -0,3810078",64,2019,50.0,1.0,1.0,4.0,2152840,1.0,1,1,2,1.0,,0.0,0,1962.0,A01,138Â 297Â 574,1.0,8.0,-1.0,1643956,1.0,33,,0.0,2.0,1.0,B01,138Â 297Â 573,1.0
963195,201900004726,3,20,07:50,2,2,3,7.0,3.0,64348,FRERES WRIGHT DES,M,"43,3483279"," -0,3810078",64,2019,50.0,1.0,1.0,4.0,2152840,1.0,1,1,2,1.0,,0.0,0,1962.0,A01,138Â 297Â 574,1.0,8.0,-1.0,1643957,2.0,7,,0.0,2.0,3.0,A01,138Â 297Â 574,1.0
963196,201900004727,3,23,19:40,2,2,1,1.0,7.0,64125,LAC (AVENUE DU ),M,"43,4593800"," -1,5750100",64,2019,30.0,1.0,1.0,4.0,2152841,1.0,1,3,1,5.0,,0.0,0,1959.0,A01,138Â 297Â 572,2.0,6.0,-1.0,1643958,1.0,32,,0.0,0.0,0.0,A01,138Â 297Â 572,0.0
963197,201900004728,3,22,09:50,1,2,1,1.0,6.0,64122,BRAOU (AVENUE DU),M,"43,4799185"," -1,5355393",64,2019,30.0,1.0,1.0,4.0,2152842,1.0,1,3,1,1.0,,0.0,0,1990.0,A01,138Â 297Â 571,8.0,0.0,-1.0,1643959,2.0,1,,12.0,0.0,1.0,A01,138Â 297Â 571,5.0
963198,201900004729,3,22,10:20,1,2,1,1.0,6.0,64122,"""KENNEDY (AVENUE DU PRESIDENT J,F)""",M,"43,4684589"," -1,5547749",64,2019,50.0,1.0,1.0,4.0,2152843,1.0,1,4,2,5.0,,0.0,0,1963.0,B01,138Â 297Â 569,2.0,8.0,-1.0,1643960,2.0,1,,1.0,0.0,1.0,B01,138Â 297Â 569,5.0
963198,201900004729,3,22,10:20,1,2,1,1.0,6.0,64122,"""KENNEDY (AVENUE DU PRESIDENT J,F)""",M,"43,4684589"," -1,5547749",64,2019,50.0,1.0,1.0,4.0,2152843,1.0,1,4,2,5.0,,0.0,0,1963.0,B01,138Â 297Â 569,2.0,8.0,-1.0,1643961,2.0,7,,0.0,2.0,8.0,A01,138Â 297Â 570,1.0
963198,201900004729,3,22,10:20,1,2,1,1.0,6.0,64122,"""KENNEDY (AVENUE DU PRESIDENT J,F)""",M,"43,4684589"," -1,5547749",64,2019,50.0,1.0,1.0,4.0,2152844,1.0,1,1,1,5.0,,0.0,0,1952.0,A01,138Â 297Â 570,1.0,8.0,-1.0,1643960,2.0,1,,1.0,0.0,1.0,B01,138Â 297Â 569,5.0
963198,201900004729,3,22,10:20,1,2,1,1.0,6.0,64122,"""KENNEDY (AVENUE DU PRESIDENT J,F)""",M,"43,4684589"," -1,5547749",64,2019,50.0,1.0,1.0,4.0,2152844,1.0,1,1,1,5.0,,0.0,0,1952.0,A01,138Â 297Â 570,1.0,8.0,-1.0,1643961,2.0,7,,0.0,2.0,8.0,A01,138Â 297Â 570,1.0
963199,201900004730,3,22,08:00,1,2,1,1.0,6.0,64122,MARCEL DASSAULT (BD),M,"43,4595461"," -1,5481802",64,2019,70.0,1.0,1.0,3.0,2152845,1.0,1,4,2,2.0,,0.0,0,2001.0,A01,138Â 297Â 568,2.0,8.0,-1.0,1643962,2.0,30,,16.0,0.0,8.0,A01,138Â 297Â 568,1.0
963200,201900004731,3,16,01:25,5,2,1,1.0,7.0,64122,SABAOU (AVENUE DU),M,"43,4740715"," -1,5444526",64,2019,50.0,1.0,1.0,4.0,2152846,1.0,1,4,2,5.0,,0.0,0,1995.0,A01,138Â 297Â 567,8.0,0.0,-1.0,1643963,2.0,7,,1.0,0.0,1.0,A01,138Â 297Â 567,1.0
963201,201900004732,3,24,15:35,1,2,1,1.0,6.0,64140,CASTAINGS (RUE J.B.),M,"43,5324038"," -1,4770604",64,2019,30.0,1.0,1.0,4.0,2152847,1.0,1,4,1,5.0,,0.0,0,1996.0,A01,138Â 297Â 566,2.0,6.0,-1.0,1643964,1.0,33,,7.0,0.0,1.0,A01,138Â 297Â 566,1.0
963202,201900004733,3,21,16:00,1,2,1,1.0,1.0,64140,DOUANE (QUAI DE LA),M,"43,5126024"," -1,4888009",64,2019,50.0,1.0,1.0,3.0,2152848,1.0,1,1,1,4.0,,0.0,0,1969.0,B01,138Â 297Â 564,1.0,0.0,-1.0,1643965,1.0,38,1.0,0.0,2.0,3.0,B01,138Â 297Â 564,1.0