Unnamed: 0_x,num_acc,mois,jour,hrmn,lum,agg,int,atm,col,com,adr,gps,lat,long,dep,annee,vma,situ,surf,catr,Unnamed: 0_y,place,catu,grav,sexe,trajet,secu,locp,actp,an_nais,num_veh_x,id_vehicule_x,secu1,secu2,secu3,Unnamed: 0,senc,catv,occutc,obs,obsm,choc,num_veh_y,id_vehicule_y,motor
963202,201900004733,3,21,16:00,1,2,1,1.0,1.0,64140,DOUANE (QUAI DE LA),M,"43,5126024"," -1,4888009",64,2019,50.0,1.0,1.0,3.0,2152848,1.0,1,1,1,4.0,,0.0,0,1969.0,B01,138Â 297Â 564,1.0,0.0,-1.0,1643966,2.0,7,,0.0,2.0,1.0,A01,138Â 297Â 565,1.0
963202,201900004733,3,21,16:00,1,2,1,1.0,1.0,64140,DOUANE (QUAI DE LA),M,"43,5126024"," -1,4888009",64,2019,50.0,1.0,1.0,3.0,2152849,1.0,1,3,1,1.0,,0.0,0,1972.0,A01,138Â 297Â 565,1.0,0.0,-1.0,1643965,1.0,38,1.0,0.0,2.0,3.0,B01,138Â 297Â 564,1.0
963202,201900004733,3,21,16:00,1,2,1,1.0,1.0,64140,DOUANE (QUAI DE LA),M,"43,5126024"," -1,4888009",64,2019,50.0,1.0,1.0,3.0,2152849,1.0,1,3,1,1.0,,0.0,0,1972.0,A01,138Â 297Â 565,1.0,0.0,-1.0,1643966,2.0,7,,0.0,2.0,1.0,A01,138Â 297Â 565,1.0
963203,201900004734,3,22,17:43,1,2,1,1.0,5.0,63164,MITTERRAND ( Bd FranÃ§ois),M,"45,8199900","3,1548600",63,2019,70.0,1.0,1.0,7.0,2152850,1.0,1,3,1,1.0,,-1.0, -1,1996.0,A01,138Â 297Â 560,1.0,8.0,-1.0,1643967,1.0,7,,0.0,2.0,1.0,A01,138Â 297Â 560,1.0
963203,201900004734,3,22,17:43,1,2,1,1.0,5.0,63164,MITTERRAND ( Bd FranÃ§ois),M,"45,8199900","3,1548600",63,2019,70.0,1.0,1.0,7.0,2152850,1.0,1,3,1,1.0,,-1.0, -1,1996.0,A01,138Â 297Â 560,1.0,8.0,-1.0,1643968,1.0,7,,0.0,2.0,4.0,C01,138Â 297Â 561,1.0
963203,201900004734,3,22,17:43,1,2,1,1.0,5.0,63164,MITTERRAND ( Bd FranÃ§ois),M,"45,8199900","3,1548600",63,2019,70.0,1.0,1.0,7.0,2152850,1.0,1,3,1,1.0,,-1.0, -1,1996.0,A01,138Â 297Â 560,1.0,8.0,-1.0,1643969,2.0,7,,0.0,2.0,3.0,B01,138Â 297Â 562,1.0
963203,201900004734,3,22,17:43,1,2,1,1.0,5.0,63164,MITTERRAND ( Bd FranÃ§ois),M,"45,8199900","3,1548600",63,2019,70.0,1.0,1.0,7.0,2152850,1.0,1,3,1,1.0,,-1.0, -1,1996.0,A01,138Â 297Â 560,1.0,8.0,-1.0,1643970,1.0,7,,0.0,2.0,4.0,D01,138Â 297Â 563,1.0
963203,201900004734,3,22,17:43,1,2,1,1.0,5.0,63164,MITTERRAND ( Bd FranÃ§ois),M,"45,8199900","3,1548600",63,2019,70.0,1.0,1.0,7.0,2152851,2.0,2,4,1,5.0,,-1.0, -1,1966.0,C01,138Â 297Â 561,1.0,0.0,-1.0,1643967,1.0,7,,0.0,2.0,1.0,A01,138Â 297Â 560,1.0
963203,201900004734,3,22,17:43,1,2,1,1.0,5.0,63164,MITTERRAND ( Bd FranÃ§ois),M,"45,8199900","3,1548600",63,2019,70.0,1.0,1.0,7.0,2152851,2.0,2,4,1,5.0,,-1.0, -1,1966.0,C01,138Â 297Â 561,1.0,0.0,-1.0,1643968,1.0,7,,0.0,2.0,4.0,C01,138Â 297Â 561,1.0
963203,201900004734,3,22,17:43,1,2,1,1.0,5.0,63164,MITTERRAND ( Bd FranÃ§ois),M,"45,8199900","3,1548600",63,2019,70.0,1.0,1.0,7.0,2152851,2.0,2,4,1,5.0,,-1.0, -1,1966.0,C01,138Â 297Â 561,1.0,0.0,-1.0,1643969,2.0,7,,0.0,2.0,3.0,B01,138Â 297Â 562,1.0
963203,201900004734,3,22,17:43,1,2,1,1.0,5.0,63164,MITTERRAND ( Bd FranÃ§ois),M,"45,8199900","3,1548600",63,2019,70.0,1.0,1.0,7.0,2152851,2.0,2,4,1,5.0,,-1.0, -1,1966.0,C01,138Â 297Â 561,1.0,0.0,-1.0,1643970,1.0,7,,0.0,2.0,4.0,D01,138Â 297Â 563,1.0
963203,201900004734,3,22,17:43,1,2,1,1.0,5.0,63164,MITTERRAND ( Bd FranÃ§ois),M,"45,8199900","3,1548600",63,2019,70.0,1.0,1.0,7.0,2152852,1.0,1,4,2,5.0,,-1.0, -1,1969.0,C01,138Â 297Â 561,1.0,0.0,-1.0,1643967,1.0,7,,0.0,2.0,1.0,A01,138Â 297Â 560,1.0
963203,201900004734,3,22,17:43,1,2,1,1.0,5.0,63164,MITTERRAND ( Bd FranÃ§ois),M,"45,8199900","3,1548600",63,2019,70.0,1.0,1.0,7.0,2152852,1.0,1,4,2,5.0,,-1.0, -1,1969.0,C01,138Â 297Â 561,1.0,0.0,-1.0,1643968,1.0,7,,0.0,2.0,4.0,C01,138Â 297Â 561,1.0
963203,201900004734,3,22,17:43,1,2,1,1.0,5.0,63164,MITTERRAND ( Bd FranÃ§ois),M,"45,8199900","3,1548600",63,2019,70.0,1.0,1.0,7.0,2152852,1.0,1,4,2,5.0,,-1.0, -1,1969.0,C01,138Â 297Â 561,1.0,0.0,-1.0,1643969,2.0,7,,0.0,2.0,3.0,B01,138Â 297Â 562,1.0
963203,201900004734,3,22,17:43,1,2,1,1.0,5.0,63164,MITTERRAND ( Bd FranÃ§ois),M,"45,8199900","3,1548600",63,2019,70.0,1.0,1.0,7.0,2152852,1.0,1,4,2,5.0,,-1.0, -1,1969.0,C01,138Â 297Â 561,1.0,0.0,-1.0,1643970,1.0,7,,0.0,2.0,4.0,D01,138Â 297Â 563,1.0
963203,201900004734,3,22,17:43,1,2,1,1.0,5.0,63164,MITTERRAND ( Bd FranÃ§ois),M,"45,8199900","3,1548600",63,2019,70.0,1.0,1.0,7.0,2152853,1.0,1,4,2,1.0,,-1.0, -1,1967.0,B01,138Â 297Â 562,1.0,0.0,-1.0,1643967,1.0,7,,0.0,2.0,1.0,A01,138Â 297Â 560,1.0
963203,201900004734,3,22,17:43,1,2,1,1.0,5.0,63164,MITTERRAND ( Bd FranÃ§ois),M,"45,8199900","3,1548600",63,2019,70.0,1.0,1.0,7.0,2152853,1.0,1,4,2,1.0,,-1.0, -1,1967.0,B01,138Â 297Â 562,1.0,0.0,-1.0,1643968,1.0,7,,0.0,2.0,4.0,C01,138Â 297Â 561,1.0
963203,201900004734,3,22,17:43,1,2,1,1.0,5.0,63164,MITTERRAND ( Bd FranÃ§ois),M,"45,8199900","3,1548600",63,2019,70.0,1.0,1.0,7.0,2152853,1.0,1,4,2,1.0,,-1.0, -1,1967.0,B01,138Â 297Â 562,1.0,0.0,-1.0,1643969,2.0,7,,0.0,2.0,3.0,B01,138Â 297Â 562,1.0
963203,201900004734,3,22,17:43,1,2,1,1.0,5.0,63164,MITTERRAND ( Bd FranÃ§ois),M,"45,8199900","3,1548600",63,2019,70.0,1.0,1.0,7.0,2152853,1.0,1,4,2,1.0,,-1.0, -1,1967.0,B01,138Â 297Â 562,1.0,0.0,-1.0,1643970,1.0,7,,0.0,2.0,4.0,D01,138Â 297Â 563,1.0
963203,201900004734,3,22,17:43,1,2,1,1.0,5.0,63164,MITTERRAND ( Bd FranÃ§ois),M,"45,8199900","3,1548600",63,2019,70.0,1.0,1.0,7.0,2152854,3.0,2,4,1,5.0,,-1.0, -1,2016.0,D01,138Â 297Â 563,1.0,0.0,-1.0,1643967,1.0,7,,0.0,2.0,1.0,A01,138Â 297Â 560,1.0
963203,201900004734,3,22,17:43,1,2,1,1.0,5.0,63164,MITTERRAND ( Bd FranÃ§ois),M,"45,8199900","3,1548600",63,2019,70.0,1.0,1.0,7.0,2152854,3.0,2,4,1,5.0,,-1.0, -1,2016.0,D01,138Â 297Â 563,1.0,0.0,-1.0,1643968,1.0,7,,0.0,2.0,4.0,C01,138Â 297Â 561,1.0
963203,201900004734,3,22,17:43,1,2,1,1.0,5.0,63164,MITTERRAND ( Bd FranÃ§ois),M,"45,8199900","3,1548600",63,2019,70.0,1.0,1.0,7.0,2152854,3.0,2,4,1,5.0,,-1.0, -1,2016.0,D01,138Â 297Â 563,1.0,0.0,-1.0,1643969,2.0,7,,0.0,2.0,3.0,B01,138Â 297Â 562,1.0
963203,201900004734,3,22,17:43,1,2,1,1.0,5.0,63164,MITTERRAND ( Bd FranÃ§ois),M,"45,8199900","3,1548600",63,2019,70.0,1.0,1.0,7.0,2152854,3.0,2,4,1,5.0,,-1.0, -1,2016.0,D01,138Â 297Â 563,1.0,0.0,-1.0,1643970,1.0,7,,0.0,2.0,4.0,D01,138Â 297Â 563,1.0
963203,201900004734,3,22,17:43,1,2,1,1.0,5.0,63164,MITTERRAND ( Bd FranÃ§ois),M,"45,8199900","3,1548600",63,2019,70.0,1.0,1.0,7.0,2152855,1.0,1,4,1,5.0,,-1.0, -1,1997.0,D01,138Â 297Â 563,1.0,0.0,-1.0,1643967,1.0,7,,0.0,2.0,1.0,A01,138Â 297Â 560,1.0
963203,201900004734,3,22,17:43,1,2,1,1.0,5.0,63164,MITTERRAND ( Bd FranÃ§ois),M,"45,8199900","3,1548600",63,2019,70.0,1.0,1.0,7.0,2152855,1.0,1,4,1,5.0,,-1.0, -1,1997.0,D01,138Â 297Â 563,1.0,0.0,-1.0,1643968,1.0,7,,0.0,2.0,4.0,C01,138Â 297Â 561,1.0
963203,201900004734,3,22,17:43,1,2,1,1.0,5.0,63164,MITTERRAND ( Bd FranÃ§ois),M,"45,8199900","3,1548600",63,2019,70.0,1.0,1.0,7.0,2152855,1.0,1,4,1,5.0,,-1.0, -1,1997.0,D01,138Â 297Â 563,1.0,0.0,-1.0,1643969,2.0,7,,0.0,2.0,3.0,B01,138Â 297Â 562,1.0
963203,201900004734,3,22,17:43,1,2,1,1.0,5.0,63164,MITTERRAND ( Bd FranÃ§ois),M,"45,8199900","3,1548600",63,2019,70.0,1.0,1.0,7.0,2152855,1.0,1,4,1,5.0,,-1.0, -1,1997.0,D01,138Â 297Â 563,1.0,0.0,-1.0,1643970,1.0,7,,0.0,2.0,4.0,D01,138Â 297Â 563,1.0
963203,201900004734,3,22,17:43,1,2,1,1.0,5.0,63164,MITTERRAND ( Bd FranÃ§ois),M,"45,8199900","3,1548600",63,2019,70.0,1.0,1.0,7.0,2152856,2.0,2,4,2,5.0,,-1.0, -1,1999.0,D01,138Â 297Â 563,1.0,0.0,-1.0,1643967,1.0,7,,0.0,2.0,1.0,A01,138Â 297Â 560,1.0
963203,201900004734,3,22,17:43,1,2,1,1.0,5.0,63164,MITTERRAND ( Bd FranÃ§ois),M,"45,8199900","3,1548600",63,2019,70.0,1.0,1.0,7.0,2152856,2.0,2,4,2,5.0,,-1.0, -1,1999.0,D01,138Â 297Â 563,1.0,0.0,-1.0,1643968,1.0,7,,0.0,2.0,4.0,C01,138Â 297Â 561,1.0
963203,201900004734,3,22,17:43,1,2,1,1.0,5.0,63164,MITTERRAND ( Bd FranÃ§ois),M,"45,8199900","3,1548600",63,2019,70.0,1.0,1.0,7.0,2152856,2.0,2,4,2,5.0,,-1.0, -1,1999.0,D01,138Â 297Â 563,1.0,0.0,-1.0,1643969,2.0,7,,0.0,2.0,3.0,B01,138Â 297Â 562,1.0
963203,201900004734,3,22,17:43,1,2,1,1.0,5.0,63164,MITTERRAND ( Bd FranÃ§ois),M,"45,8199900","3,1548600",63,2019,70.0,1.0,1.0,7.0,2152856,2.0,2,4,2,5.0,,-1.0, -1,1999.0,D01,138Â 297Â 563,1.0,0.0,-1.0,1643970,1.0,7,,0.0,2.0,4.0,D01,138Â 297Â 563,1.0
963204,201900004735,3,25,08:00,1,2,1,1.0,3.0,63113,CRISTAL (AVENUE ERNEST),M,"45,7602864","3,1368338",63,2019,50.0,2.0,1.0,7.0,2152857,1.0,1,1,1,4.0,,-1.0,0,1966.0,A01,138Â 297Â 558,1.0,0.0,-1.0,1643971,2.0,14,,0.0,2.0,8.0,A01,138Â 297Â 558,1.0
963204,201900004735,3,25,08:00,1,2,1,1.0,3.0,63113,CRISTAL (AVENUE ERNEST),M,"45,7602864","3,1368338",63,2019,50.0,2.0,1.0,7.0,2152857,1.0,1,1,1,4.0,,-1.0,0,1966.0,A01,138Â 297Â 558,1.0,0.0,-1.0,1643972,2.0,43,,0.0,2.0,1.0,B01,138Â 297Â 559,1.0
963204,201900004735,3,25,08:00,1,2,1,1.0,3.0,63113,CRISTAL (AVENUE ERNEST),M,"45,7602864","3,1368338",63,2019,50.0,2.0,1.0,7.0,2152858,1.0,1,2,2,1.0,,-1.0, -1,1975.0,B01,138Â 297Â 559,2.0,6.0,-1.0,1643971,2.0,14,,0.0,2.0,8.0,A01,138Â 297Â 558,1.0
963204,201900004735,3,25,08:00,1,2,1,1.0,3.0,63113,CRISTAL (AVENUE ERNEST),M,"45,7602864","3,1368338",63,2019,50.0,2.0,1.0,7.0,2152858,1.0,1,2,2,1.0,,-1.0, -1,1975.0,B01,138Â 297Â 559,2.0,6.0,-1.0,1643972,2.0,43,,0.0,2.0,1.0,B01,138Â 297Â 559,1.0
963205,201900004736,3,21,19:10,2,2,3,1.0,3.0,62737,LAFONTAINE (RUE),M,"50,4478100","2,6845200",62,2019,50.0,1.0,1.0,4.0,2152859,1.0,1,1,1,5.0,,0.0,0,2003.0,B01,138Â 297Â 556,2.0,6.0,-1.0,1643973,1.0,2,,0.0,2.0,6.0,B01,138Â 297Â 556,1.0
963205,201900004736,3,21,19:10,2,2,3,1.0,3.0,62737,LAFONTAINE (RUE),M,"50,4478100","2,6845200",62,2019,50.0,1.0,1.0,4.0,2152859,1.0,1,1,1,5.0,,0.0,0,2003.0,B01,138Â 297Â 556,2.0,6.0,-1.0,1643974,1.0,33,,0.0,2.0,1.0,A01,138Â 297Â 557,1.0
963205,201900004736,3,21,19:10,2,2,3,1.0,3.0,62737,LAFONTAINE (RUE),M,"50,4478100","2,6845200",62,2019,50.0,1.0,1.0,4.0,2152860,1.0,1,3,1,5.0,,0.0,0,1968.0,A01,138Â 297Â 557,2.0,6.0,-1.0,1643973,1.0,2,,0.0,2.0,6.0,B01,138Â 297Â 556,1.0
963205,201900004736,3,21,19:10,2,2,3,1.0,3.0,62737,LAFONTAINE (RUE),M,"50,4478100","2,6845200",62,2019,50.0,1.0,1.0,4.0,2152860,1.0,1,3,1,5.0,,0.0,0,1968.0,A01,138Â 297Â 557,2.0,6.0,-1.0,1643974,1.0,33,,0.0,2.0,1.0,A01,138Â 297Â 557,1.0
963206,201900004737,1,5,17:10,1,2,1,1.0,3.0,62215,VIEUX CHATEAU (R DU),M,"50,4836710","2,9618020",62,2019,50.0,1.0,1.0,4.0,2152861,1.0,1,1,2,5.0,,-1.0,0,1966.0,A01,138Â 297Â 554,1.0,8.0,-1.0,1643975,1.0,7,,0.0,2.0,3.0,A01,138Â 297Â 554,1.0
963206,201900004737,1,5,17:10,1,2,1,1.0,3.0,62215,VIEUX CHATEAU (R DU),M,"50,4836710","2,9618020",62,2019,50.0,1.0,1.0,4.0,2152861,1.0,1,1,2,5.0,,-1.0,0,1966.0,A01,138Â 297Â 554,1.0,8.0,-1.0,1643976,1.0,1,,0.0,2.0,1.0,B01,138Â 297Â 555,5.0
963206,201900004737,1,5,17:10,1,2,1,1.0,3.0,62215,VIEUX CHATEAU (R DU),M,"50,4836710","2,9618020",62,2019,50.0,1.0,1.0,4.0,2152862,1.0,1,3,1,5.0,,-1.0,0,1991.0,B01,138Â 297Â 555,2.0,0.0,-1.0,1643975,1.0,7,,0.0,2.0,3.0,A01,138Â 297Â 554,1.0
963206,201900004737,1,5,17:10,1,2,1,1.0,3.0,62215,VIEUX CHATEAU (R DU),M,"50,4836710","2,9618020",62,2019,50.0,1.0,1.0,4.0,2152862,1.0,1,3,1,5.0,,-1.0,0,1991.0,B01,138Â 297Â 555,2.0,0.0,-1.0,1643976,1.0,1,,0.0,2.0,1.0,B01,138Â 297Â 555,5.0
963207,201900004738,3,23,19:20,5,2,3,1.0,2.0,62457,DIVION (ROUTE DE),M,"50,4559228","2,5281603",62,2019,50.0,1.0,1.0,3.0,2152863,2.0,2,1,1,5.0,,0.0,0,1952.0,B01,138Â 297Â 551,1.0,8.0,-1.0,1643977,1.0,7,,0.0,2.0,4.0,B01,138Â 297Â 551,1.0
963207,201900004738,3,23,19:20,5,2,3,1.0,2.0,62457,DIVION (ROUTE DE),M,"50,4559228","2,5281603",62,2019,50.0,1.0,1.0,3.0,2152863,2.0,2,1,1,5.0,,0.0,0,1952.0,B01,138Â 297Â 551,1.0,8.0,-1.0,1643978,1.0,33,,0.0,2.0,4.0,A01,138Â 297Â 552,6.0
963207,201900004738,3,23,19:20,5,2,3,1.0,2.0,62457,DIVION (ROUTE DE),M,"50,4559228","2,5281603",62,2019,50.0,1.0,1.0,3.0,2152864,1.0,1,1,2,5.0,,0.0,0,1957.0,B01,138Â 297Â 551,1.0,0.0,-1.0,1643977,1.0,7,,0.0,2.0,4.0,B01,138Â 297Â 551,1.0
963207,201900004738,3,23,19:20,5,2,3,1.0,2.0,62457,DIVION (ROUTE DE),M,"50,4559228","2,5281603",62,2019,50.0,1.0,1.0,3.0,2152864,1.0,1,1,2,5.0,,0.0,0,1957.0,B01,138Â 297Â 551,1.0,0.0,-1.0,1643978,1.0,33,,0.0,2.0,4.0,A01,138Â 297Â 552,6.0
963207,201900004738,3,23,19:20,5,2,3,1.0,2.0,62457,DIVION (ROUTE DE),M,"50,4559228","2,5281603",62,2019,50.0,1.0,1.0,3.0,2152865,1.0,1,2,1,5.0,,0.0,0,1976.0,A01,138Â 297Â 552,2.0,8.0,-1.0,1643977,1.0,7,,0.0,2.0,4.0,B01,138Â 297Â 551,1.0
963207,201900004738,3,23,19:20,5,2,3,1.0,2.0,62457,DIVION (ROUTE DE),M,"50,4559228","2,5281603",62,2019,50.0,1.0,1.0,3.0,2152865,1.0,1,2,1,5.0,,0.0,0,1976.0,A01,138Â 297Â 552,2.0,8.0,-1.0,1643978,1.0,33,,0.0,2.0,4.0,A01,138Â 297Â 552,6.0
963208,201900004739,3,23,17:25,1,2,1,8.0,6.0,60463,BERTHELOT (RUE MARCELLIN),M,"49,2780777","2,4761057",60,2019,50.0,1.0,1.0,4.0,2152866,1.0,1,1,1,5.0,,-1.0,0,1988.0,A01,138Â 297Â 550,1.0,8.0,-1.0,1643979,1.0,7,,0.0,1.0,2.0,A01,138Â 297Â 550,1.0
963208,201900004739,3,23,17:25,1,2,1,8.0,6.0,60463,BERTHELOT (RUE MARCELLIN),M,"49,2780777","2,4761057",60,2019,50.0,1.0,1.0,4.0,2152867,10.0,3,3,2,5.0,,1.0,A,1985.0,A01,138Â 297Â 550,8.0,0.0,-1.0,1643979,1.0,7,,0.0,1.0,2.0,A01,138Â 297Â 550,1.0
963209,201900004740,3,20,19:00,2,2,1,1.0,6.0,60159,CURIE (AV. PIERRE ET MARIE),M,"49,3963700","2,7940300",60,2019,50.0,1.0,1.0,4.0,2152868,1.0,1,1,1,5.0,,-1.0,0,1954.0,A01,138Â 297Â 549,1.0,0.0,-1.0,1643980,1.0,7,,0.0,1.0,2.0,A01,138Â 297Â 549,1.0
963209,201900004740,3,20,19:00,2,2,1,1.0,6.0,60159,CURIE (AV. PIERRE ET MARIE),M,"49,3963700","2,7940300",60,2019,50.0,1.0,1.0,4.0,2152869,10.0,3,3,2,5.0,,4.0,5,2008.0,A01,138Â 297Â 549,8.0,0.0,-1.0,1643980,1.0,7,,0.0,1.0,2.0,A01,138Â 297Â 549,1.0
963210,201900004741,3,20,11:00,1,1,3,1.0,3.0,60159,LESSEPS (FERDINAND DE),M,"49,3957100","2,7846700",60,2019,50.0,1.0,1.0,4.0,2152870,1.0,1,4,1,3.0,,-1.0,0,1942.0,B01,138Â 297Â 547,1.0,0.0,-1.0,1643981,2.0,7,,0.0,2.0,8.0,B01,138Â 297Â 547,1.0
963210,201900004741,3,20,11:00,1,1,3,1.0,3.0,60159,LESSEPS (FERDINAND DE),M,"49,3957100","2,7846700",60,2019,50.0,1.0,1.0,4.0,2152870,1.0,1,4,1,3.0,,-1.0,0,1942.0,B01,138Â 297Â 547,1.0,0.0,-1.0,1643982,1.0,7,,0.0,2.0,1.0,A01,138Â 297Â 548,1.0
963210,201900004741,3,20,11:00,1,1,3,1.0,3.0,60159,LESSEPS (FERDINAND DE),M,"49,3957100","2,7846700",60,2019,50.0,1.0,1.0,4.0,2152871,1.0,1,4,1,3.0,,-1.0,0,1967.0,A01,138Â 297Â 548,1.0,0.0,-1.0,1643981,2.0,7,,0.0,2.0,8.0,B01,138Â 297Â 547,1.0
963210,201900004741,3,20,11:00,1,1,3,1.0,3.0,60159,LESSEPS (FERDINAND DE),M,"49,3957100","2,7846700",60,2019,50.0,1.0,1.0,4.0,2152871,1.0,1,4,1,3.0,,-1.0,0,1967.0,A01,138Â 297Â 548,1.0,0.0,-1.0,1643982,1.0,7,,0.0,2.0,1.0,A01,138Â 297Â 548,1.0
963211,201900004742,3,22,13:10,1,2,1,1.0,3.0,60057,WINSTON CHURCHILL (AVENUE),M,"49,4181800","2,0921500",60,2019,70.0,1.0,1.0,4.0,2152872,1.0,1,4,1,5.0,,-1.0,0,2008.0,B01,138Â 297Â 543,2.0,0.0,-1.0,1643983,3.0,1,,0.0,2.0,8.0,B01,138Â 297Â 543,5.0
963211,201900004742,3,22,13:10,1,2,1,1.0,3.0,60057,WINSTON CHURCHILL (AVENUE),M,"49,4181800","2,0921500",60,2019,70.0,1.0,1.0,4.0,2152872,1.0,1,4,1,5.0,,-1.0,0,2008.0,B01,138Â 297Â 543,2.0,0.0,-1.0,1643984,1.0,7,,0.0,2.0,1.0,A01,138Â 297Â 544,2.0
963211,201900004742,3,22,13:10,1,2,1,1.0,3.0,60057,WINSTON CHURCHILL (AVENUE),M,"49,4181800","2,0921500",60,2019,70.0,1.0,1.0,4.0,2152873,1.0,1,1,2,5.0,,-1.0,0,1967.0,A01,138Â 297Â 544,1.0,8.0,-1.0,1643983,3.0,1,,0.0,2.0,8.0,B01,138Â 297Â 543,5.0
963211,201900004742,3,22,13:10,1,2,1,1.0,3.0,60057,WINSTON CHURCHILL (AVENUE),M,"49,4181800","2,0921500",60,2019,70.0,1.0,1.0,4.0,2152873,1.0,1,1,2,5.0,,-1.0,0,1967.0,A01,138Â 297Â 544,1.0,8.0,-1.0,1643984,1.0,7,,0.0,2.0,1.0,A01,138Â 297Â 544,2.0
963212,201900004743,3,22,12:00,1,2,1,1.0,3.0,59284,HENRI DURRE,M,"50,4238830","3,3863860",59,2019,50.0,1.0,1.0,3.0,2152874,1.0,1,1,1,9.0,,-1.0,0,1982.0,A01,138Â 297Â 539,1.0,0.0,-1.0,1643985,1.0,7,,0.0,2.0,0.0,A01,138Â 297Â 539,1.0
963212,201900004743,3,22,12:00,1,2,1,1.0,3.0,59284,HENRI DURRE,M,"50,4238830","3,3863860",59,2019,50.0,1.0,1.0,3.0,2152874,1.0,1,1,1,9.0,,-1.0,0,1982.0,A01,138Â 297Â 539,1.0,0.0,-1.0,1643986,2.0,2,,0.0,0.0,0.0,B01,138Â 297Â 540,1.0
963212,201900004743,3,22,12:00,1,2,1,1.0,3.0,59284,HENRI DURRE,M,"50,4238830","3,3863860",59,2019,50.0,1.0,1.0,3.0,2152875,1.0,1,4,2,0.0,,-1.0,0,1982.0,B01,138Â 297Â 540,2.0,0.0,-1.0,1643985,1.0,7,,0.0,2.0,0.0,A01,138Â 297Â 539,1.0
963212,201900004743,3,22,12:00,1,2,1,1.0,3.0,59284,HENRI DURRE,M,"50,4238830","3,3863860",59,2019,50.0,1.0,1.0,3.0,2152875,1.0,1,4,2,0.0,,-1.0,0,1982.0,B01,138Â 297Â 540,2.0,0.0,-1.0,1643986,2.0,2,,0.0,0.0,0.0,B01,138Â 297Â 540,1.0
963213,201900004744,3,25,11:30,1,2,1,1.0,6.0,59009,BASOCHE ALLEE DE,M,"50,6250800","3,1265600",59,2019,50.0,1.0,1.0,4.0,2152876,10.0,3,4,2,2.0,,2.0,3,1997.0,Z01,138Â 297Â 536,8.0,0.0,-1.0,1643987,3.0,10,,0.0,1.0,1.0,Z01,138Â 297Â 536,0.0
963214,201900004745,3,11,10:20,1,2,9,1.0,2.0,59328,BOURG RUE DU NÂ°188 AU 362,M,"50,6526400","3,0309100",59,2019,50.0,1.0,1.0,4.0,2152877,1.0,1,1,1,5.0,,-1.0,0,1951.0,A01,138Â 297Â 534,1.0,0.0,-1.0,1643988,0.0,7,,9.0,2.0,4.0,A01,138Â 297Â 534,1.0
963214,201900004745,3,11,10:20,1,2,9,1.0,2.0,59328,BOURG RUE DU NÂ°188 AU 362,M,"50,6526400","3,0309100",59,2019,50.0,1.0,1.0,4.0,2152877,1.0,1,1,1,5.0,,-1.0,0,1951.0,A01,138Â 297Â 534,1.0,0.0,-1.0,1643989,1.0,1,,0.0,2.0,7.0,B01,138Â 297Â 535,5.0
963214,201900004745,3,11,10:20,1,2,9,1.0,2.0,59328,BOURG RUE DU NÂ°188 AU 362,M,"50,6526400","3,0309100",59,2019,50.0,1.0,1.0,4.0,2152878,1.0,1,3,1,5.0,,-1.0,0,1940.0,B01,138Â 297Â 535,8.0,0.0,-1.0,1643988,0.0,7,,9.0,2.0,4.0,A01,138Â 297Â 534,1.0
963214,201900004745,3,11,10:20,1,2,9,1.0,2.0,59328,BOURG RUE DU NÂ°188 AU 362,M,"50,6526400","3,0309100",59,2019,50.0,1.0,1.0,4.0,2152878,1.0,1,3,1,5.0,,-1.0,0,1940.0,B01,138Â 297Â 535,8.0,0.0,-1.0,1643989,1.0,1,,0.0,2.0,7.0,B01,138Â 297Â 535,5.0
963215,201900004746,3,22,23:18,5,2,5,1.0,3.0,59009,CANTELEU AVENUE DE,M,"50,6371300","3,1433400",59,2019,50.0,1.0,1.0,4.0,2152879,2.0,2,4,2,5.0,,-1.0,0,1998.0,A01,138Â 297Â 532,1.0,0.0,-1.0,1643990,3.0,7,,0.0,2.0,3.0,A01,138Â 297Â 532,1.0
963215,201900004746,3,22,23:18,5,2,5,1.0,3.0,59009,CANTELEU AVENUE DE,M,"50,6371300","3,1433400",59,2019,50.0,1.0,1.0,4.0,2152879,2.0,2,4,2,5.0,,-1.0,0,1998.0,A01,138Â 297Â 532,1.0,0.0,-1.0,1643991,3.0,37,1.0,0.0,2.0,7.0,B01,138Â 297Â 533,6.0
963215,201900004746,3,22,23:18,5,2,5,1.0,3.0,59009,CANTELEU AVENUE DE,M,"50,6371300","3,1433400",59,2019,50.0,1.0,1.0,4.0,2152880,1.0,1,1,2,5.0,,-1.0,0,1998.0,A01,138Â 297Â 532,1.0,0.0,-1.0,1643990,3.0,7,,0.0,2.0,3.0,A01,138Â 297Â 532,1.0
963215,201900004746,3,22,23:18,5,2,5,1.0,3.0,59009,CANTELEU AVENUE DE,M,"50,6371300","3,1433400",59,2019,50.0,1.0,1.0,4.0,2152880,1.0,1,1,2,5.0,,-1.0,0,1998.0,A01,138Â 297Â 532,1.0,0.0,-1.0,1643991,3.0,37,1.0,0.0,2.0,7.0,B01,138Â 297Â 533,6.0
963215,201900004746,3,22,23:18,5,2,5,1.0,3.0,59009,CANTELEU AVENUE DE,M,"50,6371300","3,1433400",59,2019,50.0,1.0,1.0,4.0,2152881,1.0,1,1,1,4.0,,-1.0,0,1983.0,B01,138Â 297Â 533,1.0,0.0,-1.0,1643990,3.0,7,,0.0,2.0,3.0,A01,138Â 297Â 532,1.0
963215,201900004746,3,22,23:18,5,2,5,1.0,3.0,59009,CANTELEU AVENUE DE,M,"50,6371300","3,1433400",59,2019,50.0,1.0,1.0,4.0,2152881,1.0,1,1,1,4.0,,-1.0,0,1983.0,B01,138Â 297Â 533,1.0,0.0,-1.0,1643991,3.0,37,1.0,0.0,2.0,7.0,B01,138Â 297Â 533,6.0