Unnamed: 0_x,num_acc,mois,jour,hrmn,lum,agg,int,atm,col,com,adr,gps,lat,long,dep,annee,vma,situ,surf,catr,Unnamed: 0_y,place,catu,grav,sexe,trajet,secu,locp,actp,an_nais,num_veh_x,id_vehicule_x,secu1,secu2,secu3,Unnamed: 0,senc,catv,occutc,obs,obsm,choc,num_veh_y,id_vehicule_y,motor
963216,201900004747,3,23,18:10,1,2,1,1.0,6.0,59183,ALEXANDRE III - BOULEVARD,M,"51,0329237","2,3750049",59,2019,50.0,1.0,1.0,4.0,2152882,10.0,3,3,2,0.0,,3.0,3,2011.0,A01,138Â 297Â 531,0.0,0.0,0.0,1643992,3.0,7,,0.0,1.0,1.0,A01,138Â 297Â 531,0.0
963216,201900004747,3,23,18:10,1,2,1,1.0,6.0,59183,ALEXANDRE III - BOULEVARD,M,"51,0329237","2,3750049",59,2019,50.0,1.0,1.0,4.0,2152883,1.0,1,1,1,0.0,,0.0,0,1934.0,A01,138Â 297Â 531,1.0,0.0,-1.0,1643992,3.0,7,,0.0,1.0,1.0,A01,138Â 297Â 531,0.0
963217,201900004748,3,20,10:00,1,2,1,1.0,1.0,59183,SAINTE BARBE - BOULEVARD,M,"51,0345000","2,3818000",59,2019,50.0,1.0,1.0,4.0,2152884,1.0,1,1,2,0.0,,-1.0,0,1941.0,A01,138Â 297Â 529,1.0,0.0,-1.0,1643993,3.0,7,,0.0,2.0,1.0,A01,138Â 297Â 529,1.0
963217,201900004748,3,20,10:00,1,2,1,1.0,1.0,59183,SAINTE BARBE - BOULEVARD,M,"51,0345000","2,3818000",59,2019,50.0,1.0,1.0,4.0,2152884,1.0,1,1,2,0.0,,-1.0,0,1941.0,A01,138Â 297Â 529,1.0,0.0,-1.0,1643994,3.0,33,,0.0,2.0,1.0,B01,138Â 297Â 530,1.0
963217,201900004748,3,20,10:00,1,2,1,1.0,1.0,59183,SAINTE BARBE - BOULEVARD,M,"51,0345000","2,3818000",59,2019,50.0,1.0,1.0,4.0,2152885,1.0,1,4,1,0.0,,-1.0,0,1980.0,B01,138Â 297Â 530,2.0,0.0,-1.0,1643993,3.0,7,,0.0,2.0,1.0,A01,138Â 297Â 529,1.0
963217,201900004748,3,20,10:00,1,2,1,1.0,1.0,59183,SAINTE BARBE - BOULEVARD,M,"51,0345000","2,3818000",59,2019,50.0,1.0,1.0,4.0,2152885,1.0,1,4,1,0.0,,-1.0,0,1980.0,B01,138Â 297Â 530,2.0,0.0,-1.0,1643994,3.0,33,,0.0,2.0,1.0,B01,138Â 297Â 530,1.0
963218,201900004749,3,23,15:30,1,2,1,1.0,7.0,59170,TOBIN (RUE JAMES),M,"50,3454200","3,1133100",59,2019,50.0,1.0,1.0,4.0,2152886,1.0,1,3,1,5.0,,-1.0,0,2002.0,A01,138Â 297Â 528,2.0,8.0,-1.0,1643995,3.0,30,,0.0,0.0,1.0,A01,138Â 297Â 528,1.0
963219,201900004750,3,21,19:00,2,2,1,1.0,6.0,59178,MEAUX (PLACE DE),M,"50,3927300","3,1307500",59,2019,50.0,1.0,1.0,4.0,2152887,1.0,1,3,2,5.0,,-1.0,0,2000.0,A01,138Â 297Â 527,2.0,0.0,-1.0,1643996,1.0,32,,1.0,0.0,1.0,A01,138Â 297Â 527,1.0
963220,201900004751,3,21,05:55,3,2,1,5.0,3.0,59206,JAURES (RUE JEAN),M,"50,1965700","3,2708900",59,2019,50.0,1.0,1.0,3.0,2152888,1.0,1,4,1,0.0,,-1.0,0,1967.0,B01,138Â 297Â 525,2.0,0.0,-1.0,1643997,1.0,2,,0.0,2.0,0.0,B01,138Â 297Â 525,1.0
963220,201900004751,3,21,05:55,3,2,1,5.0,3.0,59206,JAURES (RUE JEAN),M,"50,1965700","3,2708900",59,2019,50.0,1.0,1.0,3.0,2152888,1.0,1,4,1,0.0,,-1.0,0,1967.0,B01,138Â 297Â 525,2.0,0.0,-1.0,1643998,2.0,7,,0.0,2.0,8.0,A01,138Â 297Â 526,1.0
963220,201900004751,3,21,05:55,3,2,1,5.0,3.0,59206,JAURES (RUE JEAN),M,"50,1965700","3,2708900",59,2019,50.0,1.0,1.0,3.0,2152889,1.0,1,1,2,0.0,,-1.0,0,1961.0,A01,138Â 297Â 526,1.0,0.0,-1.0,1643997,1.0,2,,0.0,2.0,0.0,B01,138Â 297Â 525,1.0
963220,201900004751,3,21,05:55,3,2,1,5.0,3.0,59206,JAURES (RUE JEAN),M,"50,1965700","3,2708900",59,2019,50.0,1.0,1.0,3.0,2152889,1.0,1,1,2,0.0,,-1.0,0,1961.0,A01,138Â 297Â 526,1.0,0.0,-1.0,1643998,2.0,7,,0.0,2.0,8.0,A01,138Â 297Â 526,1.0
963221,201900004752,3,23,15:02,1,1,1,8.0,1.0,59043,LEET (RUE DU),M,"50,7038200","2,7151700",59,2019,70.0,1.0,1.0,4.0,2152890,1.0,1,1,1,4.0,,0.0,0,1976.0,B01,138Â 297Â 523,9.0,0.0,0.0,1643999,2.0,21,,0.0,2.0,3.0,B01,138Â 297Â 523,1.0
963221,201900004752,3,23,15:02,1,1,1,8.0,1.0,59043,LEET (RUE DU),M,"50,7038200","2,7151700",59,2019,70.0,1.0,1.0,4.0,2152890,1.0,1,1,1,4.0,,0.0,0,1976.0,B01,138Â 297Â 523,9.0,0.0,0.0,1644000,1.0,33,,0.0,2.0,3.0,A01,138Â 297Â 524,1.0
963221,201900004752,3,23,15:02,1,1,1,8.0,1.0,59043,LEET (RUE DU),M,"50,7038200","2,7151700",59,2019,70.0,1.0,1.0,4.0,2152891,1.0,1,2,1,5.0,,-1.0, -1,1989.0,A01,138Â 297Â 524,2.0,6.0,-1.0,1643999,2.0,21,,0.0,2.0,3.0,B01,138Â 297Â 523,1.0
963221,201900004752,3,23,15:02,1,1,1,8.0,1.0,59043,LEET (RUE DU),M,"50,7038200","2,7151700",59,2019,70.0,1.0,1.0,4.0,2152891,1.0,1,2,1,5.0,,-1.0, -1,1989.0,A01,138Â 297Â 524,2.0,6.0,-1.0,1644000,1.0,33,,0.0,2.0,3.0,A01,138Â 297Â 524,1.0
963222,201900004753,3,22,12:38,1,2,1,1.0,6.0,57221,METZ (ROUTE DE),M,"49,3272100","6,1529400",57,2019,50.0,1.0,1.0,3.0,2152892,1.0,1,3,1,1.0,,-1.0, -1,1966.0,A01,138Â 297Â 522,2.0,6.0,-1.0,1644001,1.0,32,,16.0,0.0,8.0,A01,138Â 297Â 522,1.0
963223,201900004754,3,19,17:30,1,2,1,1.0,6.0,57647,GAULLE (RUE CHARLES DE),M,"49,3186800","6,1032400",57,2019,50.0,1.0,1.0,3.0,2152893,10.0,3,4,2,1.0,,3.0,3,1986.0,A01,138Â 297Â 521,8.0,0.0,-1.0,1644002,1.0,7,,0.0,1.0,2.0,A01,138Â 297Â 521,0.0
963223,201900004754,3,19,17:30,1,2,1,1.0,6.0,57647,GAULLE (RUE CHARLES DE),M,"49,3186800","6,1032400",57,2019,50.0,1.0,1.0,3.0,2152894,10.0,3,4,1,0.0,,3.0,3,2016.0,A01,138Â 297Â 521,8.0,0.0,-1.0,1644002,1.0,7,,0.0,1.0,2.0,A01,138Â 297Â 521,0.0
963224,201900004755,3,24,04:25,5,2,3,1.0,3.0,57463,XX EME CORPS AMERICAIN,M,"49,1022000","6,1641300",57,2019,50.0,1.0,1.0,4.0,2152895,3.0,2,4,1,0.0,,-1.0, -1,1975.0,B01,138Â 297Â 519,1.0,0.0,-1.0,1644003,2.0,10,,0.0,2.0,8.0,B01,138Â 297Â 519,1.0
963224,201900004755,3,24,04:25,5,2,3,1.0,3.0,57463,XX EME CORPS AMERICAIN,M,"49,1022000","6,1641300",57,2019,50.0,1.0,1.0,4.0,2152895,3.0,2,4,1,0.0,,-1.0, -1,1975.0,B01,138Â 297Â 519,1.0,0.0,-1.0,1644004,1.0,7,,0.0,2.0,1.0,A01,138Â 297Â 520,1.0
963224,201900004755,3,24,04:25,5,2,3,1.0,3.0,57463,XX EME CORPS AMERICAIN,M,"49,1022000","6,1641300",57,2019,50.0,1.0,1.0,4.0,2152896,2.0,2,4,2,0.0,,-1.0, -1,1990.0,B01,138Â 297Â 519,1.0,0.0,-1.0,1644003,2.0,10,,0.0,2.0,8.0,B01,138Â 297Â 519,1.0
963224,201900004755,3,24,04:25,5,2,3,1.0,3.0,57463,XX EME CORPS AMERICAIN,M,"49,1022000","6,1641300",57,2019,50.0,1.0,1.0,4.0,2152896,2.0,2,4,2,0.0,,-1.0, -1,1990.0,B01,138Â 297Â 519,1.0,0.0,-1.0,1644004,1.0,7,,0.0,2.0,1.0,A01,138Â 297Â 520,1.0
963224,201900004755,3,24,04:25,5,2,3,1.0,3.0,57463,XX EME CORPS AMERICAIN,M,"49,1022000","6,1641300",57,2019,50.0,1.0,1.0,4.0,2152897,1.0,1,4,1,4.0,,-1.0, -1,1982.0,B01,138Â 297Â 519,1.0,8.0,-1.0,1644003,2.0,10,,0.0,2.0,8.0,B01,138Â 297Â 519,1.0
963224,201900004755,3,24,04:25,5,2,3,1.0,3.0,57463,XX EME CORPS AMERICAIN,M,"49,1022000","6,1641300",57,2019,50.0,1.0,1.0,4.0,2152897,1.0,1,4,1,4.0,,-1.0, -1,1982.0,B01,138Â 297Â 519,1.0,8.0,-1.0,1644004,1.0,7,,0.0,2.0,1.0,A01,138Â 297Â 520,1.0
963224,201900004755,3,24,04:25,5,2,3,1.0,3.0,57463,XX EME CORPS AMERICAIN,M,"49,1022000","6,1641300",57,2019,50.0,1.0,1.0,4.0,2152898,1.0,1,4,1,5.0,,-1.0, -1,1995.0,A01,138Â 297Â 520,1.0,8.0,-1.0,1644003,2.0,10,,0.0,2.0,8.0,B01,138Â 297Â 519,1.0
963224,201900004755,3,24,04:25,5,2,3,1.0,3.0,57463,XX EME CORPS AMERICAIN,M,"49,1022000","6,1641300",57,2019,50.0,1.0,1.0,4.0,2152898,1.0,1,4,1,5.0,,-1.0, -1,1995.0,A01,138Â 297Â 520,1.0,8.0,-1.0,1644004,1.0,7,,0.0,2.0,1.0,A01,138Â 297Â 520,1.0
963225,201900004756,10,23,15:15,1,2,1,1.0,7.0,89288,65 Grande Rue,M,"48,0385970","3,5590830",89,2019,50.0,1.0,9.0,3.0,2152899,1.0,1,4,1,5.0,,0.0,0,2003.0,A01,138Â 297Â 518,2.0,6.0,-1.0,1644005,1.0,2,,6.0,0.0,0.0,A01,138Â 297Â 518,1.0
963226,201900004757,10,16,18:00,2,1,3,1.0,3.0,67197,D207,M,"48,4689160","7,6185760",67,2019,80.0,1.0,2.0,3.0,2152900,1.0,1,1,1,1.0,,0.0,0,1968.0,A01,138Â 297Â 516,1.0,-1.0,-1.0,1644006,2.0,10,,0.0,2.0,3.0,A01,138Â 297Â 516,1.0
963226,201900004757,10,16,18:00,2,1,3,1.0,3.0,67197,D207,M,"48,4689160","7,6185760",67,2019,80.0,1.0,2.0,3.0,2152900,1.0,1,1,1,1.0,,0.0,0,1968.0,A01,138Â 297Â 516,1.0,-1.0,-1.0,1644007,1.0,7,,0.0,0.0,8.0,B01,138Â 297Â 517,1.0
963226,201900004757,10,16,18:00,2,1,3,1.0,3.0,67197,D207,M,"48,4689160","7,6185760",67,2019,80.0,1.0,2.0,3.0,2152901,1.0,1,3,2,5.0,,0.0,0,1974.0,B01,138Â 297Â 517,1.0,-1.0,-1.0,1644006,2.0,10,,0.0,2.0,3.0,A01,138Â 297Â 516,1.0
963226,201900004757,10,16,18:00,2,1,3,1.0,3.0,67197,D207,M,"48,4689160","7,6185760",67,2019,80.0,1.0,2.0,3.0,2152901,1.0,1,3,2,5.0,,0.0,0,1974.0,B01,138Â 297Â 517,1.0,-1.0,-1.0,1644007,1.0,7,,0.0,0.0,8.0,B01,138Â 297Â 517,1.0
963227,201900004758,10,22,12:20,1,2,7,1.0,6.0,47157,Square de verdun,M,"44,4997850","0,1625960",47,2019,50.0,8.0,1.0,6.0,2152902,1.0,1,1,1,1.0,,0.0,0,1962.0,A01,138Â 297Â 514,1.0,-1.0,-1.0,1644008,0.0,7,,0.0,1.0,5.0,A01,138Â 297Â 514,0.0
963227,201900004758,10,22,12:20,1,2,7,1.0,6.0,47157,Square de verdun,M,"44,4997850","0,1625960",47,2019,50.0,8.0,1.0,6.0,2152903,10.0,3,3,2,1.0,,0.0,3,1964.0,A01,138Â 297Â 514,0.0,-1.0,-1.0,1644008,0.0,7,,0.0,1.0,5.0,A01,138Â 297Â 514,0.0
963228,201900004759,10,18,16:00,1,1,1,1.0,1.0,85288,La Petite TisonniÃ¨re,M,"46,5160720"," -1,5925070",85,2019,80.0,1.0,1.0,4.0,2152904,1.0,1,1,1,4.0,,0.0,0,1960.0,A01,138Â 297Â 512,1.0,-1.0,-1.0,1644009,3.0,21,,0.0,2.0,1.0,A01,138Â 297Â 512,1.0
963228,201900004759,10,18,16:00,1,1,1,1.0,1.0,85288,La Petite TisonniÃ¨re,M,"46,5160720"," -1,5925070",85,2019,80.0,1.0,1.0,4.0,2152904,1.0,1,1,1,4.0,,0.0,0,1960.0,A01,138Â 297Â 512,1.0,-1.0,-1.0,1644010,3.0,14,,0.0,2.0,1.0,C01,138Â 297Â 513,1.0
963228,201900004759,10,18,16:00,1,1,1,1.0,1.0,85288,La Petite TisonniÃ¨re,M,"46,5160720"," -1,5925070",85,2019,80.0,1.0,1.0,4.0,2152905,1.0,1,1,1,4.0,,0.0,0,1974.0,C01,138Â 297Â 513,1.0,-1.0,-1.0,1644009,3.0,21,,0.0,2.0,1.0,A01,138Â 297Â 512,1.0
963228,201900004759,10,18,16:00,1,1,1,1.0,1.0,85288,La Petite TisonniÃ¨re,M,"46,5160720"," -1,5925070",85,2019,80.0,1.0,1.0,4.0,2152905,1.0,1,1,1,4.0,,0.0,0,1974.0,C01,138Â 297Â 513,1.0,-1.0,-1.0,1644010,3.0,14,,0.0,2.0,1.0,C01,138Â 297Â 513,1.0
963228,201900004759,10,18,16:00,1,1,1,1.0,1.0,85288,La Petite TisonniÃ¨re,M,"46,5160720"," -1,5925070",85,2019,80.0,1.0,1.0,4.0,2152906,2.0,2,4,1,4.0,,0.0,0,1972.0,C01,138Â 297Â 513,1.0,-1.0,-1.0,1644009,3.0,21,,0.0,2.0,1.0,A01,138Â 297Â 512,1.0
963228,201900004759,10,18,16:00,1,1,1,1.0,1.0,85288,La Petite TisonniÃ¨re,M,"46,5160720"," -1,5925070",85,2019,80.0,1.0,1.0,4.0,2152906,2.0,2,4,1,4.0,,0.0,0,1972.0,C01,138Â 297Â 513,1.0,-1.0,-1.0,1644010,3.0,14,,0.0,2.0,1.0,C01,138Â 297Â 513,1.0
963229,201900004760,10,17,16:30,1,2,1,7.0,3.0,44047,20 Rue Jan Palach,M,"47,2347489"," -1,6644483",44,2019,50.0,5.0,2.0,4.0,2152907,1.0,1,4,1,1.0,,0.0,0,1973.0,B01,138Â 297Â 510,0.0,-1.0,-1.0,1644011,2.0,1,,0.0,2.0,1.0,B01,138Â 297Â 510,5.0
963229,201900004760,10,17,16:30,1,2,1,7.0,3.0,44047,20 Rue Jan Palach,M,"47,2347489"," -1,6644483",44,2019,50.0,5.0,2.0,4.0,2152907,1.0,1,4,1,1.0,,0.0,0,1973.0,B01,138Â 297Â 510,0.0,-1.0,-1.0,1644012,1.0,7,,0.0,9.0,2.0,A01,138Â 297Â 511,1.0
963229,201900004760,10,17,16:30,1,2,1,7.0,3.0,44047,20 Rue Jan Palach,M,"47,2347489"," -1,6644483",44,2019,50.0,5.0,2.0,4.0,2152908,1.0,1,1,1,4.0,,0.0,0,1974.0,A01,138Â 297Â 511,1.0,-1.0,-1.0,1644011,2.0,1,,0.0,2.0,1.0,B01,138Â 297Â 510,5.0
963229,201900004760,10,17,16:30,1,2,1,7.0,3.0,44047,20 Rue Jan Palach,M,"47,2347489"," -1,6644483",44,2019,50.0,5.0,2.0,4.0,2152908,1.0,1,1,1,4.0,,0.0,0,1974.0,A01,138Â 297Â 511,1.0,-1.0,-1.0,1644012,1.0,7,,0.0,9.0,2.0,A01,138Â 297Â 511,1.0
963230,201900004761,10,23,09:30,1,2,2,2.0,6.0,14047,Avenue Georges ClÃ©menceau,M,"49,2795280"," -0,7024190",14,2019,50.0,1.0,2.0,3.0,2152909,1.0,1,4,2,1.0,,0.0,0,1986.0,A01,138Â 297Â 509,1.0,-1.0,-1.0,1644013,1.0,7,,0.0,0.0,6.0,A01,138Â 297Â 509,1.0
963231,201900004762,10,22,21:10,5,2,3,1.0,3.0,60612,Rue de la RÃ©publique,M,"49,2047230","2,5869970",60,2019,-1.0,1.0,1.0,3.0,2152910,1.0,1,3,1,0.0,,0.0,0,2002.0,A01,138Â 297Â 507,2.0,-1.0,-1.0,1644014,2.0,31,,0.0,2.0,1.0,A01,138Â 297Â 507,1.0
963231,201900004762,10,22,21:10,5,2,3,1.0,3.0,60612,Rue de la RÃ©publique,M,"49,2047230","2,5869970",60,2019,-1.0,1.0,1.0,3.0,2152910,1.0,1,3,1,0.0,,0.0,0,2002.0,A01,138Â 297Â 507,2.0,-1.0,-1.0,1644015,3.0,7,,0.0,2.0,3.0,B01,138Â 297Â 508,1.0
963231,201900004762,10,22,21:10,5,2,3,1.0,3.0,60612,Rue de la RÃ©publique,M,"49,2047230","2,5869970",60,2019,-1.0,1.0,1.0,3.0,2152911,1.0,1,1,2,0.0,,0.0,0,1999.0,B01,138Â 297Â 508,1.0,-1.0,-1.0,1644014,2.0,31,,0.0,2.0,1.0,A01,138Â 297Â 507,1.0
963231,201900004762,10,22,21:10,5,2,3,1.0,3.0,60612,Rue de la RÃ©publique,M,"49,2047230","2,5869970",60,2019,-1.0,1.0,1.0,3.0,2152911,1.0,1,1,2,0.0,,0.0,0,1999.0,B01,138Â 297Â 508,1.0,-1.0,-1.0,1644015,3.0,7,,0.0,2.0,3.0,B01,138Â 297Â 508,1.0
963232,201900004763,10,21,14:50,1,2,1,1.0,6.0,59254,Rue de la Chapelle,M,"50,2871260","3,1945730",59,2019,50.0,1.0,1.0,3.0,2152912,10.0,3,3,2,5.0,,0.0,2,1962.0,A01,138Â 297Â 506,0.0,-1.0,-1.0,1644016,2.0,7,,0.0,1.0,4.0,A01,138Â 297Â 506,1.0
963233,201900004764,10,23,08:00,2,1,1,2.0,1.0,59568,1431 Voie Romaine,M,"50,7150107","2,4669054",59,2019,80.0,1.0,2.0,3.0,2152913,1.0,1,4,1,1.0,,0.0,0,1996.0,A01,138Â 297Â 504,8.0,-1.0,-1.0,1644017,2.0,10,,0.0,2.0,1.0,A01,138Â 297Â 504,1.0
963233,201900004764,10,23,08:00,2,1,1,2.0,1.0,59568,1431 Voie Romaine,M,"50,7150107","2,4669054",59,2019,80.0,1.0,2.0,3.0,2152913,1.0,1,4,1,1.0,,0.0,0,1996.0,A01,138Â 297Â 504,8.0,-1.0,-1.0,1644018,1.0,7,,0.0,2.0,1.0,B01,138Â 297Â 505,1.0
963233,201900004764,10,23,08:00,2,1,1,2.0,1.0,59568,1431 Voie Romaine,M,"50,7150107","2,4669054",59,2019,80.0,1.0,2.0,3.0,2152914,1.0,1,2,1,3.0,,0.0,0,1957.0,B01,138Â 297Â 505,8.0,-1.0,-1.0,1644017,2.0,10,,0.0,2.0,1.0,A01,138Â 297Â 504,1.0
963233,201900004764,10,23,08:00,2,1,1,2.0,1.0,59568,1431 Voie Romaine,M,"50,7150107","2,4669054",59,2019,80.0,1.0,2.0,3.0,2152914,1.0,1,2,1,3.0,,0.0,0,1957.0,B01,138Â 297Â 505,8.0,-1.0,-1.0,1644018,1.0,7,,0.0,2.0,1.0,B01,138Â 297Â 505,1.0
963234,201900004765,10,21,13:10,1,1,1,2.0,6.0,67482, Route Nationale 2350,M,"48,5924000","7,7386200",67,2019,50.0,1.0,2.0,2.0,2152915,1.0,1,4,2,5.0,,0.0,0,1969.0,A01,138Â 297Â 503,1.0,5.0,-1.0,1644019,2.0,7,,4.0,0.0,3.0,A01,138Â 297Â 503,1.0
963235,201900004766,10,22,00:05,5,1,1,1.0,6.0,33397,AUTOROUTE A 10,M,"44,8962100"," -0,4965000",33,2019,90.0,1.0,1.0,1.0,2152916,1.0,1,4,1,0.0,,0.0, -1,1999.0,A01,138Â 297Â 502,1.0,8.0,-1.0,1644020,2.0,7,,3.0,0.0,1.0,A01,138Â 297Â 502,1.0
963236,201900004767,10,22,09:02,1,1,1,5.0,3.0,91377,A10 PARIS / RD188 PROVINCE,M,"48,7273760","2,3036950",91,2019,110.0,1.0,1.0,1.0,2152917,1.0,1,4,1,0.0,,0.0,0,1991.0,B01,138Â 297Â 500,2.0,0.0,-1.0,1644021,2.0,33,,0.0,2.0,7.0,B01,138Â 297Â 500,1.0
963236,201900004767,10,22,09:02,1,1,1,5.0,3.0,91377,A10 PARIS / RD188 PROVINCE,M,"48,7273760","2,3036950",91,2019,110.0,1.0,1.0,1.0,2152917,1.0,1,4,1,0.0,,0.0,0,1991.0,B01,138Â 297Â 500,2.0,0.0,-1.0,1644022,2.0,7,,0.0,2.0,8.0,A01,138Â 297Â 501,1.0
963236,201900004767,10,22,09:02,1,1,1,5.0,3.0,91377,A10 PARIS / RD188 PROVINCE,M,"48,7273760","2,3036950",91,2019,110.0,1.0,1.0,1.0,2152918,1.0,1,1,1,0.0,,-1.0, -1,1985.0,A01,138Â 297Â 501,1.0,0.0,-1.0,1644021,2.0,33,,0.0,2.0,7.0,B01,138Â 297Â 500,1.0
963236,201900004767,10,22,09:02,1,1,1,5.0,3.0,91377,A10 PARIS / RD188 PROVINCE,M,"48,7273760","2,3036950",91,2019,110.0,1.0,1.0,1.0,2152918,1.0,1,1,1,0.0,,-1.0, -1,1985.0,A01,138Â 297Â 501,1.0,0.0,-1.0,1644022,2.0,7,,0.0,2.0,8.0,A01,138Â 297Â 501,1.0
963237,201900004768,10,22,12:30,1,1,1,1.0,6.0,92025,A86,M,"48,9274404","2,2374495",92,2019,90.0,1.0,1.0,1.0,2152919,1.0,1,3,1,5.0,,-1.0,0,1983.0,C01,138Â 297Â 497,2.0,6.0,-1.0,1644023,1.0,31,,0.0,2.0,1.0,C01,138Â 297Â 497,1.0
963237,201900004768,10,22,12:30,1,1,1,1.0,6.0,92025,A86,M,"48,9274404","2,2374495",92,2019,90.0,1.0,1.0,1.0,2152919,1.0,1,3,1,5.0,,-1.0,0,1983.0,C01,138Â 297Â 497,2.0,6.0,-1.0,1644024,1.0,15,,0.0,2.0,2.0,B01,138Â 297Â 498,1.0
963237,201900004768,10,22,12:30,1,1,1,1.0,6.0,92025,A86,M,"48,9274404","2,2374495",92,2019,90.0,1.0,1.0,1.0,2152919,1.0,1,3,1,5.0,,-1.0,0,1983.0,C01,138Â 297Â 497,2.0,6.0,-1.0,1644025,1.0,7,,0.0,2.0,8.0,A01,138Â 297Â 499,1.0
963237,201900004768,10,22,12:30,1,1,1,1.0,6.0,92025,A86,M,"48,9274404","2,2374495",92,2019,90.0,1.0,1.0,1.0,2152920,1.0,1,1,1,4.0,,-1.0,0,1979.0,B01,138Â 297Â 498,1.0,0.0,-1.0,1644023,1.0,31,,0.0,2.0,1.0,C01,138Â 297Â 497,1.0
963237,201900004768,10,22,12:30,1,1,1,1.0,6.0,92025,A86,M,"48,9274404","2,2374495",92,2019,90.0,1.0,1.0,1.0,2152920,1.0,1,1,1,4.0,,-1.0,0,1979.0,B01,138Â 297Â 498,1.0,0.0,-1.0,1644024,1.0,15,,0.0,2.0,2.0,B01,138Â 297Â 498,1.0
963237,201900004768,10,22,12:30,1,1,1,1.0,6.0,92025,A86,M,"48,9274404","2,2374495",92,2019,90.0,1.0,1.0,1.0,2152920,1.0,1,1,1,4.0,,-1.0,0,1979.0,B01,138Â 297Â 498,1.0,0.0,-1.0,1644025,1.0,7,,0.0,2.0,8.0,A01,138Â 297Â 499,1.0
963237,201900004768,10,22,12:30,1,1,1,1.0,6.0,92025,A86,M,"48,9274404","2,2374495",92,2019,90.0,1.0,1.0,1.0,2152921,1.0,1,4,1,0.0,,-1.0,0,1957.0,A01,138Â 297Â 499,1.0,0.0,-1.0,1644023,1.0,31,,0.0,2.0,1.0,C01,138Â 297Â 497,1.0
963237,201900004768,10,22,12:30,1,1,1,1.0,6.0,92025,A86,M,"48,9274404","2,2374495",92,2019,90.0,1.0,1.0,1.0,2152921,1.0,1,4,1,0.0,,-1.0,0,1957.0,A01,138Â 297Â 499,1.0,0.0,-1.0,1644024,1.0,15,,0.0,2.0,2.0,B01,138Â 297Â 498,1.0
963237,201900004768,10,22,12:30,1,1,1,1.0,6.0,92025,A86,M,"48,9274404","2,2374495",92,2019,90.0,1.0,1.0,1.0,2152921,1.0,1,4,1,0.0,,-1.0,0,1957.0,A01,138Â 297Â 499,1.0,0.0,-1.0,1644025,1.0,7,,0.0,2.0,8.0,A01,138Â 297Â 499,1.0
963238,201900004769,10,22,08:15,1,1,1,1.0,5.0,78133,A13 Y,M,"48,8917500","2,0092400",78,2019,110.0,1.0,1.0,1.0,2152922,1.0,1,1,2,1.0,,-1.0, -1,1981.0,A01,138Â 297Â 491,1.0,0.0,-1.0,1644026,1.0,7,,0.0,2.0,1.0,A01,138Â 297Â 491,1.0
963238,201900004769,10,22,08:15,1,1,1,1.0,5.0,78133,A13 Y,M,"48,8917500","2,0092400",78,2019,110.0,1.0,1.0,1.0,2152922,1.0,1,1,2,1.0,,-1.0, -1,1981.0,A01,138Â 297Â 491,1.0,0.0,-1.0,1644027,1.0,7,,0.0,2.0,4.0,B01,138Â 297Â 492,1.0
963238,201900004769,10,22,08:15,1,1,1,1.0,5.0,78133,A13 Y,M,"48,8917500","2,0092400",78,2019,110.0,1.0,1.0,1.0,2152922,1.0,1,1,2,1.0,,-1.0, -1,1981.0,A01,138Â 297Â 491,1.0,0.0,-1.0,1644028,1.0,7,,0.0,2.0,1.0,C01,138Â 297Â 493,1.0
963238,201900004769,10,22,08:15,1,1,1,1.0,5.0,78133,A13 Y,M,"48,8917500","2,0092400",78,2019,110.0,1.0,1.0,1.0,2152922,1.0,1,1,2,1.0,,-1.0, -1,1981.0,A01,138Â 297Â 491,1.0,0.0,-1.0,1644029,1.0,7,,0.0,2.0,1.0,D01,138Â 297Â 494,1.0
963238,201900004769,10,22,08:15,1,1,1,1.0,5.0,78133,A13 Y,M,"48,8917500","2,0092400",78,2019,110.0,1.0,1.0,1.0,2152922,1.0,1,1,2,1.0,,-1.0, -1,1981.0,A01,138Â 297Â 491,1.0,0.0,-1.0,1644030,1.0,7,,0.0,0.0,0.0,E01,138Â 297Â 495,0.0
963238,201900004769,10,22,08:15,1,1,1,1.0,5.0,78133,A13 Y,M,"48,8917500","2,0092400",78,2019,110.0,1.0,1.0,1.0,2152922,1.0,1,1,2,1.0,,-1.0, -1,1981.0,A01,138Â 297Â 491,1.0,0.0,-1.0,1644031,1.0,7,,0.0,2.0,1.0,F01,138Â 297Â 496,1.0
963238,201900004769,10,22,08:15,1,1,1,1.0,5.0,78133,A13 Y,M,"48,8917500","2,0092400",78,2019,110.0,1.0,1.0,1.0,2152923,1.0,1,1,1,1.0,,-1.0, -1,1997.0,B01,138Â 297Â 492,1.0,0.0,-1.0,1644026,1.0,7,,0.0,2.0,1.0,A01,138Â 297Â 491,1.0
963238,201900004769,10,22,08:15,1,1,1,1.0,5.0,78133,A13 Y,M,"48,8917500","2,0092400",78,2019,110.0,1.0,1.0,1.0,2152923,1.0,1,1,1,1.0,,-1.0, -1,1997.0,B01,138Â 297Â 492,1.0,0.0,-1.0,1644027,1.0,7,,0.0,2.0,4.0,B01,138Â 297Â 492,1.0