Unnamed: 0_x,num_acc,mois,jour,hrmn,lum,agg,int,atm,col,com,adr,gps,lat,long,dep,annee,vma,situ,surf,catr,Unnamed: 0_y,place,catu,grav,sexe,trajet,secu,locp,actp,an_nais,num_veh_x,id_vehicule_x,secu1,secu2,secu3,Unnamed: 0,senc,catv,occutc,obs,obsm,choc,num_veh_y,id_vehicule_y,motor
963238,201900004769,10,22,08:15,1,1,1,1.0,5.0,78133,A13 Y,M,"48,8917500","2,0092400",78,2019,110.0,1.0,1.0,1.0,2152923,1.0,1,1,1,1.0,,-1.0, -1,1997.0,B01,138Â 297Â 492,1.0,0.0,-1.0,1644028,1.0,7,,0.0,2.0,1.0,C01,138Â 297Â 493,1.0
963238,201900004769,10,22,08:15,1,1,1,1.0,5.0,78133,A13 Y,M,"48,8917500","2,0092400",78,2019,110.0,1.0,1.0,1.0,2152923,1.0,1,1,1,1.0,,-1.0, -1,1997.0,B01,138Â 297Â 492,1.0,0.0,-1.0,1644029,1.0,7,,0.0,2.0,1.0,D01,138Â 297Â 494,1.0
963238,201900004769,10,22,08:15,1,1,1,1.0,5.0,78133,A13 Y,M,"48,8917500","2,0092400",78,2019,110.0,1.0,1.0,1.0,2152923,1.0,1,1,1,1.0,,-1.0, -1,1997.0,B01,138Â 297Â 492,1.0,0.0,-1.0,1644030,1.0,7,,0.0,0.0,0.0,E01,138Â 297Â 495,0.0
963238,201900004769,10,22,08:15,1,1,1,1.0,5.0,78133,A13 Y,M,"48,8917500","2,0092400",78,2019,110.0,1.0,1.0,1.0,2152923,1.0,1,1,1,1.0,,-1.0, -1,1997.0,B01,138Â 297Â 492,1.0,0.0,-1.0,1644031,1.0,7,,0.0,2.0,1.0,F01,138Â 297Â 496,1.0
963238,201900004769,10,22,08:15,1,1,1,1.0,5.0,78133,A13 Y,M,"48,8917500","2,0092400",78,2019,110.0,1.0,1.0,1.0,2152924,1.0,1,1,1,1.0,,-1.0, -1,1973.0,C01,138Â 297Â 493,1.0,0.0,-1.0,1644026,1.0,7,,0.0,2.0,1.0,A01,138Â 297Â 491,1.0
963238,201900004769,10,22,08:15,1,1,1,1.0,5.0,78133,A13 Y,M,"48,8917500","2,0092400",78,2019,110.0,1.0,1.0,1.0,2152924,1.0,1,1,1,1.0,,-1.0, -1,1973.0,C01,138Â 297Â 493,1.0,0.0,-1.0,1644027,1.0,7,,0.0,2.0,4.0,B01,138Â 297Â 492,1.0
963238,201900004769,10,22,08:15,1,1,1,1.0,5.0,78133,A13 Y,M,"48,8917500","2,0092400",78,2019,110.0,1.0,1.0,1.0,2152924,1.0,1,1,1,1.0,,-1.0, -1,1973.0,C01,138Â 297Â 493,1.0,0.0,-1.0,1644028,1.0,7,,0.0,2.0,1.0,C01,138Â 297Â 493,1.0
963238,201900004769,10,22,08:15,1,1,1,1.0,5.0,78133,A13 Y,M,"48,8917500","2,0092400",78,2019,110.0,1.0,1.0,1.0,2152924,1.0,1,1,1,1.0,,-1.0, -1,1973.0,C01,138Â 297Â 493,1.0,0.0,-1.0,1644029,1.0,7,,0.0,2.0,1.0,D01,138Â 297Â 494,1.0
963238,201900004769,10,22,08:15,1,1,1,1.0,5.0,78133,A13 Y,M,"48,8917500","2,0092400",78,2019,110.0,1.0,1.0,1.0,2152924,1.0,1,1,1,1.0,,-1.0, -1,1973.0,C01,138Â 297Â 493,1.0,0.0,-1.0,1644030,1.0,7,,0.0,0.0,0.0,E01,138Â 297Â 495,0.0
963238,201900004769,10,22,08:15,1,1,1,1.0,5.0,78133,A13 Y,M,"48,8917500","2,0092400",78,2019,110.0,1.0,1.0,1.0,2152924,1.0,1,1,1,1.0,,-1.0, -1,1973.0,C01,138Â 297Â 493,1.0,0.0,-1.0,1644031,1.0,7,,0.0,2.0,1.0,F01,138Â 297Â 496,1.0
963238,201900004769,10,22,08:15,1,1,1,1.0,5.0,78133,A13 Y,M,"48,8917500","2,0092400",78,2019,110.0,1.0,1.0,1.0,2152925,1.0,1,4,1,1.0,,0.0,0,1978.0,D01,138Â 297Â 494,1.0,-1.0,-1.0,1644026,1.0,7,,0.0,2.0,1.0,A01,138Â 297Â 491,1.0
963238,201900004769,10,22,08:15,1,1,1,1.0,5.0,78133,A13 Y,M,"48,8917500","2,0092400",78,2019,110.0,1.0,1.0,1.0,2152925,1.0,1,4,1,1.0,,0.0,0,1978.0,D01,138Â 297Â 494,1.0,-1.0,-1.0,1644027,1.0,7,,0.0,2.0,4.0,B01,138Â 297Â 492,1.0
963238,201900004769,10,22,08:15,1,1,1,1.0,5.0,78133,A13 Y,M,"48,8917500","2,0092400",78,2019,110.0,1.0,1.0,1.0,2152925,1.0,1,4,1,1.0,,0.0,0,1978.0,D01,138Â 297Â 494,1.0,-1.0,-1.0,1644028,1.0,7,,0.0,2.0,1.0,C01,138Â 297Â 493,1.0
963238,201900004769,10,22,08:15,1,1,1,1.0,5.0,78133,A13 Y,M,"48,8917500","2,0092400",78,2019,110.0,1.0,1.0,1.0,2152925,1.0,1,4,1,1.0,,0.0,0,1978.0,D01,138Â 297Â 494,1.0,-1.0,-1.0,1644029,1.0,7,,0.0,2.0,1.0,D01,138Â 297Â 494,1.0
963238,201900004769,10,22,08:15,1,1,1,1.0,5.0,78133,A13 Y,M,"48,8917500","2,0092400",78,2019,110.0,1.0,1.0,1.0,2152925,1.0,1,4,1,1.0,,0.0,0,1978.0,D01,138Â 297Â 494,1.0,-1.0,-1.0,1644030,1.0,7,,0.0,0.0,0.0,E01,138Â 297Â 495,0.0
963238,201900004769,10,22,08:15,1,1,1,1.0,5.0,78133,A13 Y,M,"48,8917500","2,0092400",78,2019,110.0,1.0,1.0,1.0,2152925,1.0,1,4,1,1.0,,0.0,0,1978.0,D01,138Â 297Â 494,1.0,-1.0,-1.0,1644031,1.0,7,,0.0,2.0,1.0,F01,138Â 297Â 496,1.0
963238,201900004769,10,22,08:15,1,1,1,1.0,5.0,78133,A13 Y,M,"48,8917500","2,0092400",78,2019,110.0,1.0,1.0,1.0,2152926,1.0,1,1,1,1.0,,-1.0, -1,1988.0,E01,138Â 297Â 495,1.0,0.0,-1.0,1644026,1.0,7,,0.0,2.0,1.0,A01,138Â 297Â 491,1.0
963238,201900004769,10,22,08:15,1,1,1,1.0,5.0,78133,A13 Y,M,"48,8917500","2,0092400",78,2019,110.0,1.0,1.0,1.0,2152926,1.0,1,1,1,1.0,,-1.0, -1,1988.0,E01,138Â 297Â 495,1.0,0.0,-1.0,1644027,1.0,7,,0.0,2.0,4.0,B01,138Â 297Â 492,1.0
963238,201900004769,10,22,08:15,1,1,1,1.0,5.0,78133,A13 Y,M,"48,8917500","2,0092400",78,2019,110.0,1.0,1.0,1.0,2152926,1.0,1,1,1,1.0,,-1.0, -1,1988.0,E01,138Â 297Â 495,1.0,0.0,-1.0,1644028,1.0,7,,0.0,2.0,1.0,C01,138Â 297Â 493,1.0
963238,201900004769,10,22,08:15,1,1,1,1.0,5.0,78133,A13 Y,M,"48,8917500","2,0092400",78,2019,110.0,1.0,1.0,1.0,2152926,1.0,1,1,1,1.0,,-1.0, -1,1988.0,E01,138Â 297Â 495,1.0,0.0,-1.0,1644029,1.0,7,,0.0,2.0,1.0,D01,138Â 297Â 494,1.0
963238,201900004769,10,22,08:15,1,1,1,1.0,5.0,78133,A13 Y,M,"48,8917500","2,0092400",78,2019,110.0,1.0,1.0,1.0,2152926,1.0,1,1,1,1.0,,-1.0, -1,1988.0,E01,138Â 297Â 495,1.0,0.0,-1.0,1644030,1.0,7,,0.0,0.0,0.0,E01,138Â 297Â 495,0.0
963238,201900004769,10,22,08:15,1,1,1,1.0,5.0,78133,A13 Y,M,"48,8917500","2,0092400",78,2019,110.0,1.0,1.0,1.0,2152926,1.0,1,1,1,1.0,,-1.0, -1,1988.0,E01,138Â 297Â 495,1.0,0.0,-1.0,1644031,1.0,7,,0.0,2.0,1.0,F01,138Â 297Â 496,1.0
963238,201900004769,10,22,08:15,1,1,1,1.0,5.0,78133,A13 Y,M,"48,8917500","2,0092400",78,2019,110.0,1.0,1.0,1.0,2152927,1.0,1,4,1,1.0,,-1.0, -1,1989.0,F01,138Â 297Â 496,1.0,0.0,-1.0,1644026,1.0,7,,0.0,2.0,1.0,A01,138Â 297Â 491,1.0
963238,201900004769,10,22,08:15,1,1,1,1.0,5.0,78133,A13 Y,M,"48,8917500","2,0092400",78,2019,110.0,1.0,1.0,1.0,2152927,1.0,1,4,1,1.0,,-1.0, -1,1989.0,F01,138Â 297Â 496,1.0,0.0,-1.0,1644027,1.0,7,,0.0,2.0,4.0,B01,138Â 297Â 492,1.0
963238,201900004769,10,22,08:15,1,1,1,1.0,5.0,78133,A13 Y,M,"48,8917500","2,0092400",78,2019,110.0,1.0,1.0,1.0,2152927,1.0,1,4,1,1.0,,-1.0, -1,1989.0,F01,138Â 297Â 496,1.0,0.0,-1.0,1644028,1.0,7,,0.0,2.0,1.0,C01,138Â 297Â 493,1.0
963238,201900004769,10,22,08:15,1,1,1,1.0,5.0,78133,A13 Y,M,"48,8917500","2,0092400",78,2019,110.0,1.0,1.0,1.0,2152927,1.0,1,4,1,1.0,,-1.0, -1,1989.0,F01,138Â 297Â 496,1.0,0.0,-1.0,1644029,1.0,7,,0.0,2.0,1.0,D01,138Â 297Â 494,1.0
963238,201900004769,10,22,08:15,1,1,1,1.0,5.0,78133,A13 Y,M,"48,8917500","2,0092400",78,2019,110.0,1.0,1.0,1.0,2152927,1.0,1,4,1,1.0,,-1.0, -1,1989.0,F01,138Â 297Â 496,1.0,0.0,-1.0,1644030,1.0,7,,0.0,0.0,0.0,E01,138Â 297Â 495,0.0
963238,201900004769,10,22,08:15,1,1,1,1.0,5.0,78133,A13 Y,M,"48,8917500","2,0092400",78,2019,110.0,1.0,1.0,1.0,2152927,1.0,1,4,1,1.0,,-1.0, -1,1989.0,F01,138Â 297Â 496,1.0,0.0,-1.0,1644031,1.0,7,,0.0,2.0,1.0,F01,138Â 297Â 496,1.0
963239,201900004770,10,22,06:25,3,1,1,1.0,4.0,78007,A13W,M,"48,8953000","2,0074000",78,2019,110.0,1.0,1.0,1.0,2152928,1.0,1,1,1,0.0,,-1.0, -1,1969.0,A01,138Â 297Â 487,1.0,0.0,-1.0,1644032,2.0,7,,0.0,2.0,1.0,A01,138Â 297Â 487,1.0
963239,201900004770,10,22,06:25,3,1,1,1.0,4.0,78007,A13W,M,"48,8953000","2,0074000",78,2019,110.0,1.0,1.0,1.0,2152928,1.0,1,1,1,0.0,,-1.0, -1,1969.0,A01,138Â 297Â 487,1.0,0.0,-1.0,1644033,2.0,7,,0.0,2.0,4.0,B01,138Â 297Â 488,1.0
963239,201900004770,10,22,06:25,3,1,1,1.0,4.0,78007,A13W,M,"48,8953000","2,0074000",78,2019,110.0,1.0,1.0,1.0,2152928,1.0,1,1,1,0.0,,-1.0, -1,1969.0,A01,138Â 297Â 487,1.0,0.0,-1.0,1644034,2.0,7,,0.0,2.0,4.0,C01,138Â 297Â 489,1.0
963239,201900004770,10,22,06:25,3,1,1,1.0,4.0,78007,A13W,M,"48,8953000","2,0074000",78,2019,110.0,1.0,1.0,1.0,2152928,1.0,1,1,1,0.0,,-1.0, -1,1969.0,A01,138Â 297Â 487,1.0,0.0,-1.0,1644035,2.0,10,,0.0,2.0,1.0,D01,138Â 297Â 490,1.0
963239,201900004770,10,22,06:25,3,1,1,1.0,4.0,78007,A13W,M,"48,8953000","2,0074000",78,2019,110.0,1.0,1.0,1.0,2152929,2.0,2,1,2,0.0,,-1.0, -1,2003.0,A01,138Â 297Â 487,1.0,0.0,-1.0,1644032,2.0,7,,0.0,2.0,1.0,A01,138Â 297Â 487,1.0
963239,201900004770,10,22,06:25,3,1,1,1.0,4.0,78007,A13W,M,"48,8953000","2,0074000",78,2019,110.0,1.0,1.0,1.0,2152929,2.0,2,1,2,0.0,,-1.0, -1,2003.0,A01,138Â 297Â 487,1.0,0.0,-1.0,1644033,2.0,7,,0.0,2.0,4.0,B01,138Â 297Â 488,1.0
963239,201900004770,10,22,06:25,3,1,1,1.0,4.0,78007,A13W,M,"48,8953000","2,0074000",78,2019,110.0,1.0,1.0,1.0,2152929,2.0,2,1,2,0.0,,-1.0, -1,2003.0,A01,138Â 297Â 487,1.0,0.0,-1.0,1644034,2.0,7,,0.0,2.0,4.0,C01,138Â 297Â 489,1.0
963239,201900004770,10,22,06:25,3,1,1,1.0,4.0,78007,A13W,M,"48,8953000","2,0074000",78,2019,110.0,1.0,1.0,1.0,2152929,2.0,2,1,2,0.0,,-1.0, -1,2003.0,A01,138Â 297Â 487,1.0,0.0,-1.0,1644035,2.0,10,,0.0,2.0,1.0,D01,138Â 297Â 490,1.0
963239,201900004770,10,22,06:25,3,1,1,1.0,4.0,78007,A13W,M,"48,8953000","2,0074000",78,2019,110.0,1.0,1.0,1.0,2152930,1.0,1,4,1,1.0,,-1.0, -1,1991.0,B01,138Â 297Â 488,1.0,8.0,-1.0,1644032,2.0,7,,0.0,2.0,1.0,A01,138Â 297Â 487,1.0
963239,201900004770,10,22,06:25,3,1,1,1.0,4.0,78007,A13W,M,"48,8953000","2,0074000",78,2019,110.0,1.0,1.0,1.0,2152930,1.0,1,4,1,1.0,,-1.0, -1,1991.0,B01,138Â 297Â 488,1.0,8.0,-1.0,1644033,2.0,7,,0.0,2.0,4.0,B01,138Â 297Â 488,1.0
963239,201900004770,10,22,06:25,3,1,1,1.0,4.0,78007,A13W,M,"48,8953000","2,0074000",78,2019,110.0,1.0,1.0,1.0,2152930,1.0,1,4,1,1.0,,-1.0, -1,1991.0,B01,138Â 297Â 488,1.0,8.0,-1.0,1644034,2.0,7,,0.0,2.0,4.0,C01,138Â 297Â 489,1.0
963239,201900004770,10,22,06:25,3,1,1,1.0,4.0,78007,A13W,M,"48,8953000","2,0074000",78,2019,110.0,1.0,1.0,1.0,2152930,1.0,1,4,1,1.0,,-1.0, -1,1991.0,B01,138Â 297Â 488,1.0,8.0,-1.0,1644035,2.0,10,,0.0,2.0,1.0,D01,138Â 297Â 490,1.0
963239,201900004770,10,22,06:25,3,1,1,1.0,4.0,78007,A13W,M,"48,8953000","2,0074000",78,2019,110.0,1.0,1.0,1.0,2152931,2.0,2,4,1,0.0,,-1.0, -1,1990.0,B01,138Â 297Â 488,1.0,0.0,-1.0,1644032,2.0,7,,0.0,2.0,1.0,A01,138Â 297Â 487,1.0
963239,201900004770,10,22,06:25,3,1,1,1.0,4.0,78007,A13W,M,"48,8953000","2,0074000",78,2019,110.0,1.0,1.0,1.0,2152931,2.0,2,4,1,0.0,,-1.0, -1,1990.0,B01,138Â 297Â 488,1.0,0.0,-1.0,1644033,2.0,7,,0.0,2.0,4.0,B01,138Â 297Â 488,1.0
963239,201900004770,10,22,06:25,3,1,1,1.0,4.0,78007,A13W,M,"48,8953000","2,0074000",78,2019,110.0,1.0,1.0,1.0,2152931,2.0,2,4,1,0.0,,-1.0, -1,1990.0,B01,138Â 297Â 488,1.0,0.0,-1.0,1644034,2.0,7,,0.0,2.0,4.0,C01,138Â 297Â 489,1.0
963239,201900004770,10,22,06:25,3,1,1,1.0,4.0,78007,A13W,M,"48,8953000","2,0074000",78,2019,110.0,1.0,1.0,1.0,2152931,2.0,2,4,1,0.0,,-1.0, -1,1990.0,B01,138Â 297Â 488,1.0,0.0,-1.0,1644035,2.0,10,,0.0,2.0,1.0,D01,138Â 297Â 490,1.0
963239,201900004770,10,22,06:25,3,1,1,1.0,4.0,78007,A13W,M,"48,8953000","2,0074000",78,2019,110.0,1.0,1.0,1.0,2152932,1.0,1,1,1,1.0,,-1.0, -1,1972.0,C01,138Â 297Â 489,1.0,8.0,-1.0,1644032,2.0,7,,0.0,2.0,1.0,A01,138Â 297Â 487,1.0
963239,201900004770,10,22,06:25,3,1,1,1.0,4.0,78007,A13W,M,"48,8953000","2,0074000",78,2019,110.0,1.0,1.0,1.0,2152932,1.0,1,1,1,1.0,,-1.0, -1,1972.0,C01,138Â 297Â 489,1.0,8.0,-1.0,1644033,2.0,7,,0.0,2.0,4.0,B01,138Â 297Â 488,1.0
963239,201900004770,10,22,06:25,3,1,1,1.0,4.0,78007,A13W,M,"48,8953000","2,0074000",78,2019,110.0,1.0,1.0,1.0,2152932,1.0,1,1,1,1.0,,-1.0, -1,1972.0,C01,138Â 297Â 489,1.0,8.0,-1.0,1644034,2.0,7,,0.0,2.0,4.0,C01,138Â 297Â 489,1.0
963239,201900004770,10,22,06:25,3,1,1,1.0,4.0,78007,A13W,M,"48,8953000","2,0074000",78,2019,110.0,1.0,1.0,1.0,2152932,1.0,1,1,1,1.0,,-1.0, -1,1972.0,C01,138Â 297Â 489,1.0,8.0,-1.0,1644035,2.0,10,,0.0,2.0,1.0,D01,138Â 297Â 490,1.0
963239,201900004770,10,22,06:25,3,1,1,1.0,4.0,78007,A13W,M,"48,8953000","2,0074000",78,2019,110.0,1.0,1.0,1.0,2152933,2.0,2,1,1,1.0,,-1.0, -1,1986.0,D01,138Â 297Â 490,1.0,8.0,-1.0,1644032,2.0,7,,0.0,2.0,1.0,A01,138Â 297Â 487,1.0
963239,201900004770,10,22,06:25,3,1,1,1.0,4.0,78007,A13W,M,"48,8953000","2,0074000",78,2019,110.0,1.0,1.0,1.0,2152933,2.0,2,1,1,1.0,,-1.0, -1,1986.0,D01,138Â 297Â 490,1.0,8.0,-1.0,1644033,2.0,7,,0.0,2.0,4.0,B01,138Â 297Â 488,1.0
963239,201900004770,10,22,06:25,3,1,1,1.0,4.0,78007,A13W,M,"48,8953000","2,0074000",78,2019,110.0,1.0,1.0,1.0,2152933,2.0,2,1,1,1.0,,-1.0, -1,1986.0,D01,138Â 297Â 490,1.0,8.0,-1.0,1644034,2.0,7,,0.0,2.0,4.0,C01,138Â 297Â 489,1.0
963239,201900004770,10,22,06:25,3,1,1,1.0,4.0,78007,A13W,M,"48,8953000","2,0074000",78,2019,110.0,1.0,1.0,1.0,2152933,2.0,2,1,1,1.0,,-1.0, -1,1986.0,D01,138Â 297Â 490,1.0,8.0,-1.0,1644035,2.0,10,,0.0,2.0,1.0,D01,138Â 297Â 490,1.0
963239,201900004770,10,22,06:25,3,1,1,1.0,4.0,78007,A13W,M,"48,8953000","2,0074000",78,2019,110.0,1.0,1.0,1.0,2152934,1.0,1,1,1,1.0,,-1.0, -1,1984.0,D01,138Â 297Â 490,1.0,8.0,-1.0,1644032,2.0,7,,0.0,2.0,1.0,A01,138Â 297Â 487,1.0
963239,201900004770,10,22,06:25,3,1,1,1.0,4.0,78007,A13W,M,"48,8953000","2,0074000",78,2019,110.0,1.0,1.0,1.0,2152934,1.0,1,1,1,1.0,,-1.0, -1,1984.0,D01,138Â 297Â 490,1.0,8.0,-1.0,1644033,2.0,7,,0.0,2.0,4.0,B01,138Â 297Â 488,1.0
963239,201900004770,10,22,06:25,3,1,1,1.0,4.0,78007,A13W,M,"48,8953000","2,0074000",78,2019,110.0,1.0,1.0,1.0,2152934,1.0,1,1,1,1.0,,-1.0, -1,1984.0,D01,138Â 297Â 490,1.0,8.0,-1.0,1644034,2.0,7,,0.0,2.0,4.0,C01,138Â 297Â 489,1.0
963239,201900004770,10,22,06:25,3,1,1,1.0,4.0,78007,A13W,M,"48,8953000","2,0074000",78,2019,110.0,1.0,1.0,1.0,2152934,1.0,1,1,1,1.0,,-1.0, -1,1984.0,D01,138Â 297Â 490,1.0,8.0,-1.0,1644035,2.0,10,,0.0,2.0,1.0,D01,138Â 297Â 490,1.0
963240,201900004771,10,21,17:55,1,1,1,1.0,2.0,92048,N118,M,"48,7877331","2,2220058",92,2019,50.0,1.0,1.0,2.0,2152935,1.0,1,1,2,1.0,,-1.0,0,1964.0,B01,138Â 297Â 485,1.0,0.0,-1.0,1644036,3.0,7,,0.0,2.0,6.0,B01,138Â 297Â 485,3.0
963240,201900004771,10,21,17:55,1,1,1,1.0,2.0,92048,N118,M,"48,7877331","2,2220058",92,2019,50.0,1.0,1.0,2.0,2152935,1.0,1,1,2,1.0,,-1.0,0,1964.0,B01,138Â 297Â 485,1.0,0.0,-1.0,1644037,3.0,31,,0.0,2.0,6.0,A01,138Â 297Â 486,1.0
963240,201900004771,10,21,17:55,1,1,1,1.0,2.0,92048,N118,M,"48,7877331","2,2220058",92,2019,50.0,1.0,1.0,2.0,2152936,1.0,1,4,1,1.0,,-1.0, -1,1987.0,A01,138Â 297Â 486,2.0,6.0,-1.0,1644036,3.0,7,,0.0,2.0,6.0,B01,138Â 297Â 485,3.0
963240,201900004771,10,21,17:55,1,1,1,1.0,2.0,92048,N118,M,"48,7877331","2,2220058",92,2019,50.0,1.0,1.0,2.0,2152936,1.0,1,4,1,1.0,,-1.0, -1,1987.0,A01,138Â 297Â 486,2.0,6.0,-1.0,1644037,3.0,31,,0.0,2.0,6.0,A01,138Â 297Â 486,1.0
963241,201900004772,10,21,11:35,1,1,1,1.0,6.0,92050,A86,M,"48,9169838","2,2216904",92,2019,90.0,1.0,2.0,1.0,2152937,1.0,1,4,2,5.0,,-1.0,0,1962.0,B01,138Â 297Â 483,1.0,0.0,-1.0,1644038,1.0,7,,0.0,2.0,4.0,B01,138Â 297Â 483,1.0
963241,201900004772,10,21,11:35,1,1,1,1.0,6.0,92050,A86,M,"48,9169838","2,2216904",92,2019,90.0,1.0,2.0,1.0,2152937,1.0,1,4,2,5.0,,-1.0,0,1962.0,B01,138Â 297Â 483,1.0,0.0,-1.0,1644039,1.0,7,,0.0,2.0,1.0,A01,138Â 297Â 484,1.0
963241,201900004772,10,21,11:35,1,1,1,1.0,6.0,92050,A86,M,"48,9169838","2,2216904",92,2019,90.0,1.0,2.0,1.0,2152938,1.0,1,4,1,1.0,,-1.0,0,1969.0,A01,138Â 297Â 484,1.0,0.0,-1.0,1644038,1.0,7,,0.0,2.0,4.0,B01,138Â 297Â 483,1.0
963241,201900004772,10,21,11:35,1,1,1,1.0,6.0,92050,A86,M,"48,9169838","2,2216904",92,2019,90.0,1.0,2.0,1.0,2152938,1.0,1,4,1,1.0,,-1.0,0,1969.0,A01,138Â 297Â 484,1.0,0.0,-1.0,1644039,1.0,7,,0.0,2.0,1.0,A01,138Â 297Â 484,1.0
963242,201900004773,10,21,15:30,1,1,1,1.0,2.0,95424,AUTOROUTE A15,M,"48,9936400","2,1853300",95,2019,110.0,1.0,1.0,1.0,2152939,1.0,1,1,1,4.0,,-1.0, -1,1986.0,B01,138Â 297Â 481,1.0,4.0,-1.0,1644040,2.0,13,,0.0,2.0,6.0,B01,138Â 297Â 481,1.0
963242,201900004773,10,21,15:30,1,1,1,1.0,2.0,95424,AUTOROUTE A15,M,"48,9936400","2,1853300",95,2019,110.0,1.0,1.0,1.0,2152939,1.0,1,1,1,4.0,,-1.0, -1,1986.0,B01,138Â 297Â 481,1.0,4.0,-1.0,1644041,2.0,7,,0.0,2.0,1.0,A01,138Â 297Â 482,1.0
963242,201900004773,10,21,15:30,1,1,1,1.0,2.0,95424,AUTOROUTE A15,M,"48,9936400","2,1853300",95,2019,110.0,1.0,1.0,1.0,2152940,1.0,1,4,1,5.0,,-1.0, -1,1993.0,A01,138Â 297Â 482,1.0,4.0,-1.0,1644040,2.0,13,,0.0,2.0,6.0,B01,138Â 297Â 481,1.0
963242,201900004773,10,21,15:30,1,1,1,1.0,2.0,95424,AUTOROUTE A15,M,"48,9936400","2,1853300",95,2019,110.0,1.0,1.0,1.0,2152940,1.0,1,4,1,5.0,,-1.0, -1,1993.0,A01,138Â 297Â 482,1.0,4.0,-1.0,1644041,2.0,7,,0.0,2.0,1.0,A01,138Â 297Â 482,1.0
963243,201900004774,10,21,05:45,3,1,9,2.0,6.0,93027,AUTOROUTE A86,M,"48,9284400","2,4164800",93,2019,70.0,1.0,2.0,1.0,2152941,1.0,1,4,1,0.0,,-1.0, -1,1966.0,A01,138Â 297Â 480,1.0,0.0,-1.0,1644042,2.0,7,,4.0,0.0,1.0,A01,138Â 297Â 480,1.0
963244,201900004775,10,20,21:40,3,1,1,2.0,7.0,93064,AUTOROUTE A103,M,"48,8850100","2,4897500",93,2019,70.0,1.0,2.0,1.0,2152942,1.0,1,4,1,0.0,,-1.0, -1,1984.0,A01,138Â 297Â 479,2.0,6.0,-1.0,1644043,1.0,43,,0.0,0.0,9.0,A01,138Â 297Â 479,1.0
963245,201900004776,10,20,22:40,4,1,1,3.0,6.0,93030,AUTOROUTE A1,M,"48,9401046","2,4209125",93,2019,90.0,1.0,2.0,1.0,2152943,1.0,1,1,1,5.0,,-1.0, -1,1993.0,A01,138Â 297Â 478,1.0,8.0,-1.0,1644044,2.0,7,,4.0,0.0,1.0,A01,138Â 297Â 478,1.0
963245,201900004776,10,20,22:40,4,1,1,3.0,6.0,93030,AUTOROUTE A1,M,"48,9401046","2,4209125",93,2019,90.0,1.0,2.0,1.0,2152944,2.0,2,4,1,5.0,,-1.0, -1,1996.0,A01,138Â 297Â 478,1.0,8.0,-1.0,1644044,2.0,7,,4.0,0.0,1.0,A01,138Â 297Â 478,1.0
963246,201900004777,10,22,06:15,3,1,1,5.0,3.0,77449,A4,M,"48,8327629","2,7851634",77,2019,130.0,1.0,1.0,1.0,2152945,1.0,1,4,1,4.0,,-1.0,0,1992.0,B01,138Â 297Â 476,1.0,8.0,-1.0,1644045,2.0,7,,0.0,2.0,1.0,B01,138Â 297Â 476,1.0
963246,201900004777,10,22,06:15,3,1,1,5.0,3.0,77449,A4,M,"48,8327629","2,7851634",77,2019,130.0,1.0,1.0,1.0,2152945,1.0,1,4,1,4.0,,-1.0,0,1992.0,B01,138Â 297Â 476,1.0,8.0,-1.0,1644046,2.0,7,,0.0,2.0,6.0,A01,138Â 297Â 477,1.0
963246,201900004777,10,22,06:15,3,1,1,5.0,3.0,77449,A4,M,"48,8327629","2,7851634",77,2019,130.0,1.0,1.0,1.0,2152946,3.0,2,1,2,5.0,,-1.0,0,1978.0,A01,138Â 297Â 477,1.0,0.0,-1.0,1644045,2.0,7,,0.0,2.0,1.0,B01,138Â 297Â 476,1.0
963246,201900004777,10,22,06:15,3,1,1,5.0,3.0,77449,A4,M,"48,8327629","2,7851634",77,2019,130.0,1.0,1.0,1.0,2152946,3.0,2,1,2,5.0,,-1.0,0,1978.0,A01,138Â 297Â 477,1.0,0.0,-1.0,1644046,2.0,7,,0.0,2.0,6.0,A01,138Â 297Â 477,1.0
963246,201900004777,10,22,06:15,3,1,1,5.0,3.0,77449,A4,M,"48,8327629","2,7851634",77,2019,130.0,1.0,1.0,1.0,2152947,4.0,2,1,1,5.0,,-1.0,0,2008.0,A01,138Â 297Â 477,1.0,8.0,-1.0,1644045,2.0,7,,0.0,2.0,1.0,B01,138Â 297Â 476,1.0
963246,201900004777,10,22,06:15,3,1,1,5.0,3.0,77449,A4,M,"48,8327629","2,7851634",77,2019,130.0,1.0,1.0,1.0,2152947,4.0,2,1,1,5.0,,-1.0,0,2008.0,A01,138Â 297Â 477,1.0,8.0,-1.0,1644046,2.0,7,,0.0,2.0,6.0,A01,138Â 297Â 477,1.0
963246,201900004777,10,22,06:15,3,1,1,5.0,3.0,77449,A4,M,"48,8327629","2,7851634",77,2019,130.0,1.0,1.0,1.0,2152948,1.0,1,1,1,4.0,,-1.0, -1,1963.0,A01,138Â 297Â 477,1.0,8.0,-1.0,1644045,2.0,7,,0.0,2.0,1.0,B01,138Â 297Â 476,1.0
963246,201900004777,10,22,06:15,3,1,1,5.0,3.0,77449,A4,M,"48,8327629","2,7851634",77,2019,130.0,1.0,1.0,1.0,2152948,1.0,1,1,1,4.0,,-1.0, -1,1963.0,A01,138Â 297Â 477,1.0,8.0,-1.0,1644046,2.0,7,,0.0,2.0,6.0,A01,138Â 297Â 477,1.0
963247,201900004778,10,22,05:45,3,1,1,1.0,3.0,77373,RN104,M,"48,7747600","2,6122000",77,2019,90.0,1.0,1.0,2.0,2152949,1.0,1,1,1,4.0,,-1.0,0,1992.0,A01,138Â 297Â 474,1.0,4.0,-1.0,1644047,2.0,15,,0.0,2.0,8.0,A01,138Â 297Â 474,1.0