Unnamed: 0_x,num_acc,mois,jour,hrmn,lum,agg,int,atm,col,com,adr,gps,lat,long,dep,annee,vma,situ,surf,catr,Unnamed: 0_y,place,catu,grav,sexe,trajet,secu,locp,actp,an_nais,num_veh_x,id_vehicule_x,secu1,secu2,secu3,Unnamed: 0,senc,catv,occutc,obs,obsm,choc,num_veh_y,id_vehicule_y,motor
963247,201900004778,10,22,05:45,3,1,1,1.0,3.0,77373,RN104,M,"48,7747600","2,6122000",77,2019,90.0,1.0,1.0,2.0,2152949,1.0,1,1,1,4.0,,-1.0,0,1992.0,A01,138Â 297Â 474,1.0,4.0,-1.0,1644048,2.0,7,,0.0,2.0,2.0,B01,138Â 297Â 475,1.0
963247,201900004778,10,22,05:45,3,1,1,1.0,3.0,77373,RN104,M,"48,7747600","2,6122000",77,2019,90.0,1.0,1.0,2.0,2152950,1.0,1,4,2,1.0,,-1.0,0,1996.0,B01,138Â 297Â 475,1.0,0.0,-1.0,1644047,2.0,15,,0.0,2.0,8.0,A01,138Â 297Â 474,1.0
963247,201900004778,10,22,05:45,3,1,1,1.0,3.0,77373,RN104,M,"48,7747600","2,6122000",77,2019,90.0,1.0,1.0,2.0,2152950,1.0,1,4,2,1.0,,-1.0,0,1996.0,B01,138Â 297Â 475,1.0,0.0,-1.0,1644048,2.0,7,,0.0,2.0,2.0,B01,138Â 297Â 475,1.0
963248,201900004779,10,21,13:30,1,1,1,1.0,2.0,94022,A86 EXT,M,"48,7766829","2,4189139",94,2019,90.0,1.0,1.0,1.0,2152951,1.0,1,4,2,5.0,,-1.0, -1,1996.0,B01,138Â 297Â 472,1.0,8.0,-1.0,1644049,2.0,15,,0.0,2.0,2.0,B01,138Â 297Â 472,1.0
963248,201900004779,10,21,13:30,1,1,1,1.0,2.0,94022,A86 EXT,M,"48,7766829","2,4189139",94,2019,90.0,1.0,1.0,1.0,2152951,1.0,1,4,2,5.0,,-1.0, -1,1996.0,B01,138Â 297Â 472,1.0,8.0,-1.0,1644050,2.0,7,,0.0,2.0,6.0,A01,138Â 297Â 473,1.0
963248,201900004779,10,21,13:30,1,1,1,1.0,2.0,94022,A86 EXT,M,"48,7766829","2,4189139",94,2019,90.0,1.0,1.0,1.0,2152952,1.0,1,1,1,1.0,,-1.0, -1,1965.0,A01,138Â 297Â 473,1.0,8.0,-1.0,1644049,2.0,15,,0.0,2.0,2.0,B01,138Â 297Â 472,1.0
963248,201900004779,10,21,13:30,1,1,1,1.0,2.0,94022,A86 EXT,M,"48,7766829","2,4189139",94,2019,90.0,1.0,1.0,1.0,2152952,1.0,1,1,1,1.0,,-1.0, -1,1965.0,A01,138Â 297Â 473,1.0,8.0,-1.0,1644050,2.0,7,,0.0,2.0,6.0,A01,138Â 297Â 473,1.0
963249,201900004780,10,19,12:00,1,2,6,8.0,3.0,63164,Rond point de COURLANDE,M,"45,8417909","3,1577969",63,2019,-1.0,1.0,1.0,3.0,2152953,1.0,1,4,1,0.0,,0.0,0,1961.0,B01,138Â 297Â 470,2.0,0.0,-1.0,1644051,3.0,1,,0.0,2.0,7.0,B01,138Â 297Â 470,5.0
963249,201900004780,10,19,12:00,1,2,6,8.0,3.0,63164,Rond point de COURLANDE,M,"45,8417909","3,1577969",63,2019,-1.0,1.0,1.0,3.0,2152953,1.0,1,4,1,0.0,,0.0,0,1961.0,B01,138Â 297Â 470,2.0,0.0,-1.0,1644052,3.0,7,,0.0,6.0,1.0,A01,138Â 297Â 471,1.0
963249,201900004780,10,19,12:00,1,2,6,8.0,3.0,63164,Rond point de COURLANDE,M,"45,8417909","3,1577969",63,2019,-1.0,1.0,1.0,3.0,2152954,1.0,1,1,1,0.0,,0.0,0,1998.0,A01,138Â 297Â 471,1.0,8.0,-1.0,1644051,3.0,1,,0.0,2.0,7.0,B01,138Â 297Â 470,5.0
963249,201900004780,10,19,12:00,1,2,6,8.0,3.0,63164,Rond point de COURLANDE,M,"45,8417909","3,1577969",63,2019,-1.0,1.0,1.0,3.0,2152954,1.0,1,1,1,0.0,,0.0,0,1998.0,A01,138Â 297Â 471,1.0,8.0,-1.0,1644052,3.0,7,,0.0,6.0,1.0,A01,138Â 297Â 471,1.0
963250,201900004781,10,20,19:30,1,2,1,1.0,6.0,63113,NEYRON (RUE),M,"45,7797200","3,0888500",63,2019,30.0,3.0,1.0,4.0,2152955,1.0,1,1,1,0.0,,-1.0, -1,1998.0,A01,138Â 297Â 468,1.0,0.0,-1.0,1644053,1.0,7,,0.0,1.0,2.0,A01,138Â 297Â 468,1.0
963250,201900004781,10,20,19:30,1,2,1,1.0,6.0,63113,NEYRON (RUE),M,"45,7797200","3,0888500",63,2019,30.0,3.0,1.0,4.0,2152955,1.0,1,1,1,0.0,,-1.0, -1,1998.0,A01,138Â 297Â 468,1.0,0.0,-1.0,1644054,2.0,60,,0.0,2.0,1.0,B01,138Â 297Â 469,5.0
963250,201900004781,10,20,19:30,1,2,1,1.0,6.0,63113,NEYRON (RUE),M,"45,7797200","3,0888500",63,2019,30.0,3.0,1.0,4.0,2152956,1.0,1,4,1,0.0,,0.0,0,1996.0,B01,138Â 297Â 469,8.0,0.0,-1.0,1644053,1.0,7,,0.0,1.0,2.0,A01,138Â 297Â 468,1.0
963250,201900004781,10,20,19:30,1,2,1,1.0,6.0,63113,NEYRON (RUE),M,"45,7797200","3,0888500",63,2019,30.0,3.0,1.0,4.0,2152956,1.0,1,4,1,0.0,,0.0,0,1996.0,B01,138Â 297Â 469,8.0,0.0,-1.0,1644054,2.0,60,,0.0,2.0,1.0,B01,138Â 297Â 469,5.0
963251,201900004782,10,20,22:20,5,2,1,2.0,3.0,49007,IMBACH PLACE,M,"47,4736500"," -0,5482700",49,2019,50.0,1.0,2.0,4.0,2152957,1.0,1,1,1,0.0,,-1.0, -1,1964.0,A01,138Â 297Â 466,1.0,8.0,-1.0,1644055,1.0,7,,0.0,2.0,1.0,A01,138Â 297Â 466,1.0
963251,201900004782,10,20,22:20,5,2,1,2.0,3.0,49007,IMBACH PLACE,M,"47,4736500"," -0,5482700",49,2019,50.0,1.0,2.0,4.0,2152957,1.0,1,1,1,0.0,,-1.0, -1,1964.0,A01,138Â 297Â 466,1.0,8.0,-1.0,1644056,1.0,1,,0.0,2.0,1.0,B01,138Â 297Â 467,5.0
963251,201900004782,10,20,22:20,5,2,1,2.0,3.0,49007,IMBACH PLACE,M,"47,4736500"," -0,5482700",49,2019,50.0,1.0,2.0,4.0,2152958,1.0,1,4,1,0.0,,-1.0,0,1995.0,B01,138Â 297Â 467,8.0,0.0,-1.0,1644055,1.0,7,,0.0,2.0,1.0,A01,138Â 297Â 466,1.0
963251,201900004782,10,20,22:20,5,2,1,2.0,3.0,49007,IMBACH PLACE,M,"47,4736500"," -0,5482700",49,2019,50.0,1.0,2.0,4.0,2152958,1.0,1,4,1,0.0,,-1.0,0,1995.0,B01,138Â 297Â 467,8.0,0.0,-1.0,1644056,1.0,1,,0.0,2.0,1.0,B01,138Â 297Â 467,5.0
963252,201900004783,10,20,23:05,3,1,1,2.0,6.0,41047,LOIRE (LEVEE DE LA),M,"47,6010900","1,3644600",41,2019,30.0,1.0,2.0,4.0,2152959,1.0,1,3,2,5.0,,0.0, -1,1998.0,A01,138Â 297Â 465,1.0,-1.0,-1.0,1644057,0.0,7,,11.0,0.0,1.0,A01,138Â 297Â 465,1.0
963252,201900004783,10,20,23:05,3,1,1,2.0,6.0,41047,LOIRE (LEVEE DE LA),M,"47,6010900","1,3644600",41,2019,30.0,1.0,2.0,4.0,2152960,2.0,2,1,1,5.0,,0.0, -1,2007.0,A01,138Â 297Â 465,1.0,0.0,-1.0,1644057,0.0,7,,11.0,0.0,1.0,A01,138Â 297Â 465,1.0
963253,201900004784,10,19,20:25,5,2,3,1.0,3.0,34172,SIGNORET (RUE SIMONE),M,"43,5805400","3,8812300",34,2019,50.0,1.0,1.0,4.0,2152961,1.0,1,4,2,0.0,,0.0,0,1972.0,B01,138Â 297Â 462,1.0,8.0,-1.0,1644058,3.0,10,,0.0,2.0,7.0,B01,138Â 297Â 462,1.0
963253,201900004784,10,19,20:25,5,2,3,1.0,3.0,34172,SIGNORET (RUE SIMONE),M,"43,5805400","3,8812300",34,2019,50.0,1.0,1.0,4.0,2152961,1.0,1,4,2,0.0,,0.0,0,1972.0,B01,138Â 297Â 462,1.0,8.0,-1.0,1644059,3.0,10,,0.0,2.0,1.0,A01,138Â 297Â 463,1.0
963253,201900004784,10,19,20:25,5,2,3,1.0,3.0,34172,SIGNORET (RUE SIMONE),M,"43,5805400","3,8812300",34,2019,50.0,1.0,1.0,4.0,2152962,4.0,2,4,2,0.0,,0.0,0,2015.0,B01,138Â 297Â 462,1.0,8.0,-1.0,1644058,3.0,10,,0.0,2.0,7.0,B01,138Â 297Â 462,1.0
963253,201900004784,10,19,20:25,5,2,3,1.0,3.0,34172,SIGNORET (RUE SIMONE),M,"43,5805400","3,8812300",34,2019,50.0,1.0,1.0,4.0,2152962,4.0,2,4,2,0.0,,0.0,0,2015.0,B01,138Â 297Â 462,1.0,8.0,-1.0,1644059,3.0,10,,0.0,2.0,1.0,A01,138Â 297Â 463,1.0
963253,201900004784,10,19,20:25,5,2,3,1.0,3.0,34172,SIGNORET (RUE SIMONE),M,"43,5805400","3,8812300",34,2019,50.0,1.0,1.0,4.0,2152963,2.0,2,1,2,0.0,,0.0,0,2000.0,A01,138Â 297Â 463,1.0,8.0,-1.0,1644058,3.0,10,,0.0,2.0,7.0,B01,138Â 297Â 462,1.0
963253,201900004784,10,19,20:25,5,2,3,1.0,3.0,34172,SIGNORET (RUE SIMONE),M,"43,5805400","3,8812300",34,2019,50.0,1.0,1.0,4.0,2152963,2.0,2,1,2,0.0,,0.0,0,2000.0,A01,138Â 297Â 463,1.0,8.0,-1.0,1644059,3.0,10,,0.0,2.0,1.0,A01,138Â 297Â 463,1.0
963253,201900004784,10,19,20:25,5,2,3,1.0,3.0,34172,SIGNORET (RUE SIMONE),M,"43,5805400","3,8812300",34,2019,50.0,1.0,1.0,4.0,2152964,1.0,1,1,1,0.0,,0.0,0,2000.0,A01,138Â 297Â 463,1.0,8.0,-1.0,1644058,3.0,10,,0.0,2.0,7.0,B01,138Â 297Â 462,1.0
963253,201900004784,10,19,20:25,5,2,3,1.0,3.0,34172,SIGNORET (RUE SIMONE),M,"43,5805400","3,8812300",34,2019,50.0,1.0,1.0,4.0,2152964,1.0,1,1,1,0.0,,0.0,0,2000.0,A01,138Â 297Â 463,1.0,8.0,-1.0,1644059,3.0,10,,0.0,2.0,1.0,A01,138Â 297Â 463,1.0
963254,201900004785,10,20,13:45,1,2,1,1.0,6.0,13203,GUIBAL (RUE),M,"43,3062600","5,3850100",13,2019,50.0,1.0,1.0,4.0,2152965,10.0,3,3,1,9.0,,3.0,3,2009.0,Z01,138Â 297Â 461,8.0,0.0,-1.0,1644060,1.0,7,,0.0,1.0,2.0,Z01,138Â 297Â 461,0.0
963255,201900004786,10,19,15:00,1,1,1,2.0,4.0,95256,RN 184,M,"49,0570100","2,2067000",95,2019,110.0,1.0,2.0,2.0,2152966,1.0,1,1,1,5.0,,-1.0,0,1980.0,A01,138Â 297Â 458,1.0,4.0,-1.0,1644061,2.0,7,,0.0,2.0,4.0,A01,138Â 297Â 458,1.0
963255,201900004786,10,19,15:00,1,1,1,2.0,4.0,95256,RN 184,M,"49,0570100","2,2067000",95,2019,110.0,1.0,2.0,2.0,2152966,1.0,1,1,1,5.0,,-1.0,0,1980.0,A01,138Â 297Â 458,1.0,4.0,-1.0,1644062,2.0,7,,1.0,0.0,1.0,B01,138Â 297Â 459,1.0
963255,201900004786,10,19,15:00,1,1,1,2.0,4.0,95256,RN 184,M,"49,0570100","2,2067000",95,2019,110.0,1.0,2.0,2.0,2152966,1.0,1,1,1,5.0,,-1.0,0,1980.0,A01,138Â 297Â 458,1.0,4.0,-1.0,1644063,2.0,7,,0.0,2.0,1.0,C01,138Â 297Â 460,1.0
963255,201900004786,10,19,15:00,1,1,1,2.0,4.0,95256,RN 184,M,"49,0570100","2,2067000",95,2019,110.0,1.0,2.0,2.0,2152967,1.0,1,4,1,3.0,,-1.0,0,1988.0,B01,138Â 297Â 459,1.0,4.0,-1.0,1644061,2.0,7,,0.0,2.0,4.0,A01,138Â 297Â 458,1.0
963255,201900004786,10,19,15:00,1,1,1,2.0,4.0,95256,RN 184,M,"49,0570100","2,2067000",95,2019,110.0,1.0,2.0,2.0,2152967,1.0,1,4,1,3.0,,-1.0,0,1988.0,B01,138Â 297Â 459,1.0,4.0,-1.0,1644062,2.0,7,,1.0,0.0,1.0,B01,138Â 297Â 459,1.0
963255,201900004786,10,19,15:00,1,1,1,2.0,4.0,95256,RN 184,M,"49,0570100","2,2067000",95,2019,110.0,1.0,2.0,2.0,2152967,1.0,1,4,1,3.0,,-1.0,0,1988.0,B01,138Â 297Â 459,1.0,4.0,-1.0,1644063,2.0,7,,0.0,2.0,1.0,C01,138Â 297Â 460,1.0
963255,201900004786,10,19,15:00,1,1,1,2.0,4.0,95256,RN 184,M,"49,0570100","2,2067000",95,2019,110.0,1.0,2.0,2.0,2152968,1.0,1,1,1,5.0,,-1.0,0,1960.0,C01,138Â 297Â 460,1.0,4.0,-1.0,1644061,2.0,7,,0.0,2.0,4.0,A01,138Â 297Â 458,1.0
963255,201900004786,10,19,15:00,1,1,1,2.0,4.0,95256,RN 184,M,"49,0570100","2,2067000",95,2019,110.0,1.0,2.0,2.0,2152968,1.0,1,1,1,5.0,,-1.0,0,1960.0,C01,138Â 297Â 460,1.0,4.0,-1.0,1644062,2.0,7,,1.0,0.0,1.0,B01,138Â 297Â 459,1.0
963255,201900004786,10,19,15:00,1,1,1,2.0,4.0,95256,RN 184,M,"49,0570100","2,2067000",95,2019,110.0,1.0,2.0,2.0,2152968,1.0,1,1,1,5.0,,-1.0,0,1960.0,C01,138Â 297Â 460,1.0,4.0,-1.0,1644063,2.0,7,,0.0,2.0,1.0,C01,138Â 297Â 460,1.0
963256,201900004787,10,21,17:46,1,2,1,1.0,3.0,97611,passamanty-Tanamalaza (rue ),M," -12,8005300","45,2090300",976,2019,50.0,1.0,1.0,4.0,2152969,1.0,1,4,1,0.0,,-1.0,0,1999.0,B01,138Â 297Â 456,8.0,0.0,-1.0,1644064,1.0,1,,1.0,2.0,1.0,B01,138Â 297Â 456,5.0
963256,201900004787,10,21,17:46,1,2,1,1.0,3.0,97611,passamanty-Tanamalaza (rue ),M," -12,8005300","45,2090300",976,2019,50.0,1.0,1.0,4.0,2152969,1.0,1,4,1,0.0,,-1.0,0,1999.0,B01,138Â 297Â 456,8.0,0.0,-1.0,1644065,1.0,7,,0.0,2.0,7.0,A01,138Â 297Â 457,1.0
963256,201900004787,10,21,17:46,1,2,1,1.0,3.0,97611,passamanty-Tanamalaza (rue ),M," -12,8005300","45,2090300",976,2019,50.0,1.0,1.0,4.0,2152970,1.0,1,1,1,0.0,,-1.0,0,1980.0,A01,138Â 297Â 457,1.0,8.0,-1.0,1644064,1.0,1,,1.0,2.0,1.0,B01,138Â 297Â 456,5.0
963256,201900004787,10,21,17:46,1,2,1,1.0,3.0,97611,passamanty-Tanamalaza (rue ),M," -12,8005300","45,2090300",976,2019,50.0,1.0,1.0,4.0,2152970,1.0,1,1,1,0.0,,-1.0,0,1980.0,A01,138Â 297Â 457,1.0,8.0,-1.0,1644065,1.0,7,,0.0,2.0,7.0,A01,138Â 297Â 457,1.0
963257,201900004788,10,22,00:20,5,2,2,2.0,3.0,69387,CAMILLE ROY                         (R ),M,"45,7451300","4,8466700",69,2019,50.0,1.0,2.0,4.0,2152971,1.0,1,1,2,0.0,,-1.0, -1,1999.0,A01,138Â 297Â 454,8.0,0.0,-1.0,1644066,2.0,7,,0.0,2.0,3.0,A01,138Â 297Â 454,1.0
963257,201900004788,10,22,00:20,5,2,2,2.0,3.0,69387,CAMILLE ROY                         (R ),M,"45,7451300","4,8466700",69,2019,50.0,1.0,2.0,4.0,2152971,1.0,1,1,2,0.0,,-1.0, -1,1999.0,A01,138Â 297Â 454,8.0,0.0,-1.0,1644067,2.0,7,,0.0,2.0,2.0,B01,138Â 297Â 455,1.0
963257,201900004788,10,22,00:20,5,2,2,2.0,3.0,69387,CAMILLE ROY                         (R ),M,"45,7451300","4,8466700",69,2019,50.0,1.0,2.0,4.0,2152972,2.0,2,4,2,0.0,,-1.0, -1,2003.0,A01,138Â 297Â 454,8.0,0.0,-1.0,1644066,2.0,7,,0.0,2.0,3.0,A01,138Â 297Â 454,1.0
963257,201900004788,10,22,00:20,5,2,2,2.0,3.0,69387,CAMILLE ROY                         (R ),M,"45,7451300","4,8466700",69,2019,50.0,1.0,2.0,4.0,2152972,2.0,2,4,2,0.0,,-1.0, -1,2003.0,A01,138Â 297Â 454,8.0,0.0,-1.0,1644067,2.0,7,,0.0,2.0,2.0,B01,138Â 297Â 455,1.0
963257,201900004788,10,22,00:20,5,2,2,2.0,3.0,69387,CAMILLE ROY                         (R ),M,"45,7451300","4,8466700",69,2019,50.0,1.0,2.0,4.0,2152973,3.0,2,4,1,0.0,,-1.0, -1,1999.0,A01,138Â 297Â 454,8.0,0.0,-1.0,1644066,2.0,7,,0.0,2.0,3.0,A01,138Â 297Â 454,1.0
963257,201900004788,10,22,00:20,5,2,2,2.0,3.0,69387,CAMILLE ROY                         (R ),M,"45,7451300","4,8466700",69,2019,50.0,1.0,2.0,4.0,2152973,3.0,2,4,1,0.0,,-1.0, -1,1999.0,A01,138Â 297Â 454,8.0,0.0,-1.0,1644067,2.0,7,,0.0,2.0,2.0,B01,138Â 297Â 455,1.0
963257,201900004788,10,22,00:20,5,2,2,2.0,3.0,69387,CAMILLE ROY                         (R ),M,"45,7451300","4,8466700",69,2019,50.0,1.0,2.0,4.0,2152974,2.0,2,1,1,0.0,,-1.0, -1,1997.0,B01,138Â 297Â 455,8.0,0.0,-1.0,1644066,2.0,7,,0.0,2.0,3.0,A01,138Â 297Â 454,1.0
963257,201900004788,10,22,00:20,5,2,2,2.0,3.0,69387,CAMILLE ROY                         (R ),M,"45,7451300","4,8466700",69,2019,50.0,1.0,2.0,4.0,2152974,2.0,2,1,1,0.0,,-1.0, -1,1997.0,B01,138Â 297Â 455,8.0,0.0,-1.0,1644067,2.0,7,,0.0,2.0,2.0,B01,138Â 297Â 455,1.0
963257,201900004788,10,22,00:20,5,2,2,2.0,3.0,69387,CAMILLE ROY                         (R ),M,"45,7451300","4,8466700",69,2019,50.0,1.0,2.0,4.0,2152975,1.0,1,1,1,0.0,,-1.0, -1,1996.0,B01,138Â 297Â 455,8.0,0.0,-1.0,1644066,2.0,7,,0.0,2.0,3.0,A01,138Â 297Â 454,1.0
963257,201900004788,10,22,00:20,5,2,2,2.0,3.0,69387,CAMILLE ROY                         (R ),M,"45,7451300","4,8466700",69,2019,50.0,1.0,2.0,4.0,2152975,1.0,1,1,1,0.0,,-1.0, -1,1996.0,B01,138Â 297Â 455,8.0,0.0,-1.0,1644067,2.0,7,,0.0,2.0,2.0,B01,138Â 297Â 455,1.0
963258,201900004789,10,21,13:45,1,2,3,3.0,3.0,69259,VIENNE (DE)                         (RO),M,"45,7176600","4,8547800",69,2019,50.0,1.0,2.0,4.0,2152976,1.0,1,4,2,1.0,,-1.0, -1,2000.0,A01,138Â 297Â 450,1.0,0.0,-1.0,1644068,3.0,7,,0.0,2.0,8.0,A01,138Â 297Â 450,1.0
963258,201900004789,10,21,13:45,1,2,3,3.0,3.0,69259,VIENNE (DE)                         (RO),M,"45,7176600","4,8547800",69,2019,50.0,1.0,2.0,4.0,2152976,1.0,1,4,2,1.0,,-1.0, -1,2000.0,A01,138Â 297Â 450,1.0,0.0,-1.0,1644069,2.0,7,,0.0,2.0,5.0,B01,138Â 297Â 451,0.0
963258,201900004789,10,21,13:45,1,2,3,3.0,3.0,69259,VIENNE (DE)                         (RO),M,"45,7176600","4,8547800",69,2019,50.0,1.0,2.0,4.0,2152977,1.0,1,1,2,1.0,,-1.0, -1,1998.0,B01,138Â 297Â 451,1.0,0.0,-1.0,1644068,3.0,7,,0.0,2.0,8.0,A01,138Â 297Â 450,1.0
963258,201900004789,10,21,13:45,1,2,3,3.0,3.0,69259,VIENNE (DE)                         (RO),M,"45,7176600","4,8547800",69,2019,50.0,1.0,2.0,4.0,2152977,1.0,1,1,2,1.0,,-1.0, -1,1998.0,B01,138Â 297Â 451,1.0,0.0,-1.0,1644069,2.0,7,,0.0,2.0,5.0,B01,138Â 297Â 451,0.0
963259,201900004790,10,21,13:40,1,2,1,2.0,6.0,69386,TRONCHET                            (R ),M,"45,7694400","4,8434600",69,2019,50.0,1.0,2.0,4.0,2152978,10.0,3,4,1,0.0,,2.0,3,1994.0,A01,138Â 297Â 449,0.0,0.0,0.0,1644070,2.0,7,,0.0,1.0,1.0,A01,138Â 297Â 449,1.0
963259,201900004790,10,21,13:40,1,2,1,2.0,6.0,69386,TRONCHET                            (R ),M,"45,7694400","4,8434600",69,2019,50.0,1.0,2.0,4.0,2152979,1.0,1,1,1,0.0,,-1.0, -1,1956.0,A01,138Â 297Â 449,1.0,0.0,-1.0,1644070,2.0,7,,0.0,1.0,1.0,A01,138Â 297Â 449,1.0
963260,201900004791,10,21,08:15,1,2,2,2.0,3.0,69386,THIERS                              (AV),M,"45,7692400","4,8617600",69,2019,50.0,6.0,2.0,4.0,2152980,1.0,1,1,1,4.0,,-1.0, -1,1988.0,A01,138Â 297Â 447,1.0,0.0,-1.0,1644071,2.0,7,,0.0,2.0,1.0,A01,138Â 297Â 447,0.0
963260,201900004791,10,21,08:15,1,2,2,2.0,3.0,69386,THIERS                              (AV),M,"45,7692400","4,8617600",69,2019,50.0,6.0,2.0,4.0,2152980,1.0,1,1,1,4.0,,-1.0, -1,1988.0,A01,138Â 297Â 447,1.0,0.0,-1.0,1644072,1.0,7,,0.0,2.0,7.0,B01,138Â 297Â 448,1.0
963260,201900004791,10,21,08:15,1,2,2,2.0,3.0,69386,THIERS                              (AV),M,"45,7692400","4,8617600",69,2019,50.0,6.0,2.0,4.0,2152981,1.0,1,4,1,0.0,,-1.0, -1,1965.0,B01,138Â 297Â 448,1.0,0.0,-1.0,1644071,2.0,7,,0.0,2.0,1.0,A01,138Â 297Â 447,0.0
963260,201900004791,10,21,08:15,1,2,2,2.0,3.0,69386,THIERS                              (AV),M,"45,7692400","4,8617600",69,2019,50.0,6.0,2.0,4.0,2152981,1.0,1,4,1,0.0,,-1.0, -1,1965.0,B01,138Â 297Â 448,1.0,0.0,-1.0,1644072,1.0,7,,0.0,2.0,7.0,B01,138Â 297Â 448,1.0
963261,201900004792,10,21,21:55,5,2,1,2.0,6.0,95585,8 MAI 1945 (AVENUE DU),M,"48,9777490","2,3709850",95,2019,50.0,1.0,2.0,4.0,2152982,1.0,1,1,1,1.0,,0.0,0,1990.0,A01,138Â 297Â 446,1.0,0.0,-1.0,1644073,3.0,7,,1.0,1.0,2.0,A01,138Â 297Â 446,0.0
963261,201900004792,10,21,21:55,5,2,1,2.0,6.0,95585,8 MAI 1945 (AVENUE DU),M,"48,9777490","2,3709850",95,2019,50.0,1.0,2.0,4.0,2152983,10.0,3,4,1,5.0,,2.0,5,1998.0,A01,138Â 297Â 446,8.0,0.0,-1.0,1644073,3.0,7,,1.0,1.0,2.0,A01,138Â 297Â 446,0.0
963262,201900004793,10,21,14:00,1,2,1,1.0,3.0,95424,PONTOISE(BOULEVARD DE),M,"48,9835000","2,1818000",95,2019,50.0,1.0,2.0,3.0,2152984,1.0,1,3,1,2.0,,-1.0,0,2002.0,A01,138Â 297Â 444,2.0,6.0,-1.0,1644074,1.0,30,,0.0,2.0,2.0,A01,138Â 297Â 444,1.0
963262,201900004793,10,21,14:00,1,2,1,1.0,3.0,95424,PONTOISE(BOULEVARD DE),M,"48,9835000","2,1818000",95,2019,50.0,1.0,2.0,3.0,2152984,1.0,1,3,1,2.0,,-1.0,0,2002.0,A01,138Â 297Â 444,2.0,6.0,-1.0,1644075,1.0,7,,0.0,2.0,3.0,B01,138Â 297Â 445,1.0
963262,201900004793,10,21,14:00,1,2,1,1.0,3.0,95424,PONTOISE(BOULEVARD DE),M,"48,9835000","2,1818000",95,2019,50.0,1.0,2.0,3.0,2152985,1.0,1,1,1,5.0,,-1.0,0,1965.0,B01,138Â 297Â 445,1.0,0.0,-1.0,1644074,1.0,30,,0.0,2.0,2.0,A01,138Â 297Â 444,1.0
963262,201900004793,10,21,14:00,1,2,1,1.0,3.0,95424,PONTOISE(BOULEVARD DE),M,"48,9835000","2,1818000",95,2019,50.0,1.0,2.0,3.0,2152985,1.0,1,1,1,5.0,,-1.0,0,1965.0,B01,138Â 297Â 445,1.0,0.0,-1.0,1644075,1.0,7,,0.0,2.0,3.0,B01,138Â 297Â 445,1.0
963263,201900004794,10,20,20:45,5,2,3,2.0,3.0,91201,DANTON(RUE),M,"48,6700000","2,4100000",91,2019,50.0,1.0,2.0,4.0,2152986,1.0,1,4,1,4.0,,0.0,0,1995.0,A01,138Â 297Â 442,2.0,6.0,-1.0,1644076,3.0,30,,1.0,2.0,0.0,A01,138Â 297Â 442,1.0
963263,201900004794,10,20,20:45,5,2,3,2.0,3.0,91201,DANTON(RUE),M,"48,6700000","2,4100000",91,2019,50.0,1.0,2.0,4.0,2152986,1.0,1,4,1,4.0,,0.0,0,1995.0,A01,138Â 297Â 442,2.0,6.0,-1.0,1644077,3.0,7,,0.0,2.0,1.0,B01,138Â 297Â 443,1.0
963263,201900004794,10,20,20:45,5,2,3,2.0,3.0,91201,DANTON(RUE),M,"48,6700000","2,4100000",91,2019,50.0,1.0,2.0,4.0,2152987,1.0,1,1,1,5.0,,0.0,0,2000.0,B01,138Â 297Â 443,1.0,8.0,-1.0,1644076,3.0,30,,1.0,2.0,0.0,A01,138Â 297Â 442,1.0
963263,201900004794,10,20,20:45,5,2,3,2.0,3.0,91201,DANTON(RUE),M,"48,6700000","2,4100000",91,2019,50.0,1.0,2.0,4.0,2152987,1.0,1,1,1,5.0,,0.0,0,2000.0,B01,138Â 297Â 443,1.0,8.0,-1.0,1644077,3.0,7,,0.0,2.0,1.0,B01,138Â 297Â 443,1.0
963263,201900004794,10,20,20:45,5,2,3,2.0,3.0,91201,DANTON(RUE),M,"48,6700000","2,4100000",91,2019,50.0,1.0,2.0,4.0,2152988,2.0,2,1,2,5.0,,-1.0, -1,2001.0,B01,138Â 297Â 443,1.0,8.0,-1.0,1644076,3.0,30,,1.0,2.0,0.0,A01,138Â 297Â 442,1.0
963263,201900004794,10,20,20:45,5,2,3,2.0,3.0,91201,DANTON(RUE),M,"48,6700000","2,4100000",91,2019,50.0,1.0,2.0,4.0,2152988,2.0,2,1,2,5.0,,-1.0, -1,2001.0,B01,138Â 297Â 443,1.0,8.0,-1.0,1644077,3.0,7,,0.0,2.0,1.0,B01,138Â 297Â 443,1.0