Unnamed: 0_x,num_acc,mois,jour,hrmn,lum,agg,int,atm,col,com,adr,gps,lat,long,dep,annee,vma,situ,surf,catr,Unnamed: 0_y,place,catu,grav,sexe,trajet,secu,locp,actp,an_nais,num_veh_x,id_vehicule_x,secu1,secu2,secu3,Unnamed: 0,senc,catv,occutc,obs,obsm,choc,num_veh_y,id_vehicule_y,motor
963264,201900004795,10,20,21:50,5,2,3,2.0,3.0,91114,MONTGERON (RUE DE),M,"48,6900000","2,4900000",91,2019,30.0,1.0,2.0,4.0,2152989,1.0,1,1,1,0.0,,0.0,0,2001.0,A01,138Â 297Â 440,8.0,0.0,-1.0,1644078,2.0,7,,0.0,2.0,2.0,A01,138Â 297Â 440,1.0
963264,201900004795,10,20,21:50,5,2,3,2.0,3.0,91114,MONTGERON (RUE DE),M,"48,6900000","2,4900000",91,2019,30.0,1.0,2.0,4.0,2152989,1.0,1,1,1,0.0,,0.0,0,2001.0,A01,138Â 297Â 440,8.0,0.0,-1.0,1644079,1.0,2,,0.0,2.0,9.0,B01,138Â 297Â 441,1.0
963264,201900004795,10,20,21:50,5,2,3,2.0,3.0,91114,MONTGERON (RUE DE),M,"48,6900000","2,4900000",91,2019,30.0,1.0,2.0,4.0,2152990,1.0,1,3,1,0.0,,0.0,0,2003.0,B01,138Â 297Â 441,2.0,0.0,-1.0,1644078,2.0,7,,0.0,2.0,2.0,A01,138Â 297Â 440,1.0
963264,201900004795,10,20,21:50,5,2,3,2.0,3.0,91114,MONTGERON (RUE DE),M,"48,6900000","2,4900000",91,2019,30.0,1.0,2.0,4.0,2152990,1.0,1,3,1,0.0,,0.0,0,2003.0,B01,138Â 297Â 441,2.0,0.0,-1.0,1644079,1.0,2,,0.0,2.0,9.0,B01,138Â 297Â 441,1.0
963265,201900004796,10,19,03:20,5,2,2,2.0,1.0,91347,PERRAY (RUE DU),M,"48,6603900","2,2761460",91,2019,50.0,3.0,2.0,2.0,2152991,1.0,1,1,1,9.0,,0.0,0,1997.0,B01,138Â 297Â 438,1.0,0.0,-1.0,1644080,3.0,7,,0.0,2.0,8.0,B01,138Â 297Â 438,0.0
963265,201900004796,10,19,03:20,5,2,2,2.0,1.0,91347,PERRAY (RUE DU),M,"48,6603900","2,2761460",91,2019,50.0,3.0,2.0,2.0,2152991,1.0,1,1,1,9.0,,0.0,0,1997.0,B01,138Â 297Â 438,1.0,0.0,-1.0,1644081,3.0,10,,0.0,2.0,3.0,A01,138Â 297Â 439,0.0
963265,201900004796,10,19,03:20,5,2,2,2.0,1.0,91347,PERRAY (RUE DU),M,"48,6603900","2,2761460",91,2019,50.0,3.0,2.0,2.0,2152992,2.0,2,4,1,0.0,,-1.0, -1,1957.0,A01,138Â 297Â 439,1.0,0.0,-1.0,1644080,3.0,7,,0.0,2.0,8.0,B01,138Â 297Â 438,0.0
963265,201900004796,10,19,03:20,5,2,2,2.0,1.0,91347,PERRAY (RUE DU),M,"48,6603900","2,2761460",91,2019,50.0,3.0,2.0,2.0,2152992,2.0,2,4,1,0.0,,-1.0, -1,1957.0,A01,138Â 297Â 439,1.0,0.0,-1.0,1644081,3.0,10,,0.0,2.0,3.0,A01,138Â 297Â 439,0.0
963265,201900004796,10,19,03:20,5,2,2,2.0,1.0,91347,PERRAY (RUE DU),M,"48,6603900","2,2761460",91,2019,50.0,3.0,2.0,2.0,2152993,4.0,2,4,2,9.0,,0.0,0,1980.0,A01,138Â 297Â 439,8.0,8.0,-1.0,1644080,3.0,7,,0.0,2.0,8.0,B01,138Â 297Â 438,0.0
963265,201900004796,10,19,03:20,5,2,2,2.0,1.0,91347,PERRAY (RUE DU),M,"48,6603900","2,2761460",91,2019,50.0,3.0,2.0,2.0,2152993,4.0,2,4,2,9.0,,0.0,0,1980.0,A01,138Â 297Â 439,8.0,8.0,-1.0,1644081,3.0,10,,0.0,2.0,3.0,A01,138Â 297Â 439,0.0
963265,201900004796,10,19,03:20,5,2,2,2.0,1.0,91347,PERRAY (RUE DU),M,"48,6603900","2,2761460",91,2019,50.0,3.0,2.0,2.0,2152994,3.0,2,4,2,0.0,,0.0,0,1953.0,A01,138Â 297Â 439,8.0,0.0,-1.0,1644080,3.0,7,,0.0,2.0,8.0,B01,138Â 297Â 438,0.0
963265,201900004796,10,19,03:20,5,2,2,2.0,1.0,91347,PERRAY (RUE DU),M,"48,6603900","2,2761460",91,2019,50.0,3.0,2.0,2.0,2152994,3.0,2,4,2,0.0,,0.0,0,1953.0,A01,138Â 297Â 439,8.0,0.0,-1.0,1644081,3.0,10,,0.0,2.0,3.0,A01,138Â 297Â 439,0.0
963265,201900004796,10,19,03:20,5,2,2,2.0,1.0,91347,PERRAY (RUE DU),M,"48,6603900","2,2761460",91,2019,50.0,3.0,2.0,2.0,2152995,1.0,1,1,1,4.0,,-1.0, -1,1992.0,A01,138Â 297Â 439,1.0,8.0,-1.0,1644080,3.0,7,,0.0,2.0,8.0,B01,138Â 297Â 438,0.0
963265,201900004796,10,19,03:20,5,2,2,2.0,1.0,91347,PERRAY (RUE DU),M,"48,6603900","2,2761460",91,2019,50.0,3.0,2.0,2.0,2152995,1.0,1,1,1,4.0,,-1.0, -1,1992.0,A01,138Â 297Â 439,1.0,8.0,-1.0,1644081,3.0,10,,0.0,2.0,3.0,A01,138Â 297Â 439,0.0
963266,201900004797,10,21,09:08,1,2,1,1.0,1.0,87085,317 BAUDIN (AVENUE) ( RN21),M,"45,8111600","1,2419900",87,2019,50.0,1.0,1.0,2.0,2152996,1.0,1,1,1,4.0,,-1.0, -1,1963.0,B01,138Â 297Â 436,1.0,-1.0,-1.0,1644082,1.0,14,,0.0,2.0,3.0,B01,138Â 297Â 436,1.0
963266,201900004797,10,21,09:08,1,2,1,1.0,1.0,87085,317 BAUDIN (AVENUE) ( RN21),M,"45,8111600","1,2419900",87,2019,50.0,1.0,1.0,2.0,2152996,1.0,1,1,1,4.0,,-1.0, -1,1963.0,B01,138Â 297Â 436,1.0,-1.0,-1.0,1644083,2.0,7,,0.0,2.0,3.0,A01,138Â 297Â 437,1.0
963266,201900004797,10,21,09:08,1,2,1,1.0,1.0,87085,317 BAUDIN (AVENUE) ( RN21),M,"45,8111600","1,2419900",87,2019,50.0,1.0,1.0,2.0,2152997,1.0,1,3,1,2.0,,-1.0, -1,1998.0,A01,138Â 297Â 437,1.0,-1.0,-1.0,1644082,1.0,14,,0.0,2.0,3.0,B01,138Â 297Â 436,1.0
963266,201900004797,10,21,09:08,1,2,1,1.0,1.0,87085,317 BAUDIN (AVENUE) ( RN21),M,"45,8111600","1,2419900",87,2019,50.0,1.0,1.0,2.0,2152997,1.0,1,3,1,2.0,,-1.0, -1,1998.0,A01,138Â 297Â 437,1.0,-1.0,-1.0,1644083,2.0,7,,0.0,2.0,3.0,A01,138Â 297Â 437,1.0
963267,201900004798,10,19,22:06,5,2,3,1.0,3.0,87085,GRAND-TREUIL (RUE DU),M,"45,8437200","1,2702100",87,2019,50.0,1.0,1.0,4.0,2152998,1.0,1,1,2,5.0,,0.0,0,1999.0,A01,138Â 297Â 434,1.0,0.0,-1.0,1644084,1.0,7,,0.0,2.0,6.0,A01,138Â 297Â 434,1.0
963267,201900004798,10,19,22:06,5,2,3,1.0,3.0,87085,GRAND-TREUIL (RUE DU),M,"45,8437200","1,2702100",87,2019,50.0,1.0,1.0,4.0,2152998,1.0,1,1,2,5.0,,0.0,0,1999.0,A01,138Â 297Â 434,1.0,0.0,-1.0,1644085,2.0,2,,0.0,2.0,1.0,B01,138Â 297Â 435,1.0
963267,201900004798,10,19,22:06,5,2,3,1.0,3.0,87085,GRAND-TREUIL (RUE DU),M,"45,8437200","1,2702100",87,2019,50.0,1.0,1.0,4.0,2152999,2.0,2,4,1,5.0,,0.0,0,2002.0,B01,138Â 297Â 435,2.0,6.0,-1.0,1644084,1.0,7,,0.0,2.0,6.0,A01,138Â 297Â 434,1.0
963267,201900004798,10,19,22:06,5,2,3,1.0,3.0,87085,GRAND-TREUIL (RUE DU),M,"45,8437200","1,2702100",87,2019,50.0,1.0,1.0,4.0,2152999,2.0,2,4,1,5.0,,0.0,0,2002.0,B01,138Â 297Â 435,2.0,6.0,-1.0,1644085,2.0,2,,0.0,2.0,1.0,B01,138Â 297Â 435,1.0
963267,201900004798,10,19,22:06,5,2,3,1.0,3.0,87085,GRAND-TREUIL (RUE DU),M,"45,8437200","1,2702100",87,2019,50.0,1.0,1.0,4.0,2153000,1.0,1,1,1,5.0,,0.0,0,2002.0,B01,138Â 297Â 435,2.0,6.0,-1.0,1644084,1.0,7,,0.0,2.0,6.0,A01,138Â 297Â 434,1.0
963267,201900004798,10,19,22:06,5,2,3,1.0,3.0,87085,GRAND-TREUIL (RUE DU),M,"45,8437200","1,2702100",87,2019,50.0,1.0,1.0,4.0,2153000,1.0,1,1,1,5.0,,0.0,0,2002.0,B01,138Â 297Â 435,2.0,6.0,-1.0,1644085,2.0,2,,0.0,2.0,1.0,B01,138Â 297Â 435,1.0
963268,201900004799,10,19,14:00,1,2,1,1.0,6.0,87085,ARTS (RUE DES),M,"45,8359900","1,2493800",87,2019,50.0,1.0,1.0,4.0,2153001,1.0,1,4,2,5.0,,-1.0, -1,1992.0,B01,138Â 297Â 432,1.0,0.0,-1.0,1644086,2.0,7,,0.0,2.0,2.0,B01,138Â 297Â 432,1.0
963268,201900004799,10,19,14:00,1,2,1,1.0,6.0,87085,ARTS (RUE DES),M,"45,8359900","1,2493800",87,2019,50.0,1.0,1.0,4.0,2153001,1.0,1,4,2,5.0,,-1.0, -1,1992.0,B01,138Â 297Â 432,1.0,0.0,-1.0,1644087,2.0,7,,0.0,2.0,3.0,A01,138Â 297Â 433,1.0
963268,201900004799,10,19,14:00,1,2,1,1.0,6.0,87085,ARTS (RUE DES),M,"45,8359900","1,2493800",87,2019,50.0,1.0,1.0,4.0,2153002,1.0,1,1,1,5.0,,-1.0, -1,1999.0,A01,138Â 297Â 433,1.0,0.0,-1.0,1644086,2.0,7,,0.0,2.0,2.0,B01,138Â 297Â 432,1.0
963268,201900004799,10,19,14:00,1,2,1,1.0,6.0,87085,ARTS (RUE DES),M,"45,8359900","1,2493800",87,2019,50.0,1.0,1.0,4.0,2153002,1.0,1,1,1,5.0,,-1.0, -1,1999.0,A01,138Â 297Â 433,1.0,0.0,-1.0,1644087,2.0,7,,0.0,2.0,3.0,A01,138Â 297Â 433,1.0
963269,201900004800,10,18,20:05,5,2,2,2.0,3.0,87085,BELLAC (RUE DE),M,"45,8480400","1,2454500",87,2019,50.0,1.0,2.0,4.0,2153003,1.0,1,1,1,5.0,,0.0,0,1974.0,A01,138Â 297Â 430,1.0,-1.0,-1.0,1644088,2.0,7,,0.0,2.0,1.0,A01,138Â 297Â 430,1.0
963269,201900004800,10,18,20:05,5,2,2,2.0,3.0,87085,BELLAC (RUE DE),M,"45,8480400","1,2454500",87,2019,50.0,1.0,2.0,4.0,2153003,1.0,1,1,1,5.0,,0.0,0,1974.0,A01,138Â 297Â 430,1.0,-1.0,-1.0,1644089,1.0,33,,0.0,2.0,8.0,B01,138Â 297Â 431,1.0
963269,201900004800,10,18,20:05,5,2,2,2.0,3.0,87085,BELLAC (RUE DE),M,"45,8480400","1,2454500",87,2019,50.0,1.0,2.0,4.0,2153004,1.0,1,4,1,1.0,,0.0,0,1974.0,B01,138Â 297Â 431,2.0,6.0,-1.0,1644088,2.0,7,,0.0,2.0,1.0,A01,138Â 297Â 430,1.0
963269,201900004800,10,18,20:05,5,2,2,2.0,3.0,87085,BELLAC (RUE DE),M,"45,8480400","1,2454500",87,2019,50.0,1.0,2.0,4.0,2153004,1.0,1,4,1,1.0,,0.0,0,1974.0,B01,138Â 297Â 431,2.0,6.0,-1.0,1644089,1.0,33,,0.0,2.0,8.0,B01,138Â 297Â 431,1.0
963270,201900004801,10,19,07:30,1,2,9,2.0,2.0,83009,MARSEILLE (BD DE),M,"43,1454820","5,7479840",83,2019,70.0,1.0,2.0,4.0,2153005,2.0,1,1,1,5.0,,-1.0, -1,1967.0,A01,138Â 297Â 426,1.0,-1.0,-1.0,1644090,1.0,7,,0.0,2.0,6.0,A01,138Â 297Â 426,1.0
963270,201900004801,10,19,07:30,1,2,9,2.0,2.0,83009,MARSEILLE (BD DE),M,"43,1454820","5,7479840",83,2019,70.0,1.0,2.0,4.0,2153005,2.0,1,1,1,5.0,,-1.0, -1,1967.0,A01,138Â 297Â 426,1.0,-1.0,-1.0,1644091,1.0,7,,0.0,2.0,0.0,B01,138Â 297Â 427,1.0
963270,201900004801,10,19,07:30,1,2,9,2.0,2.0,83009,MARSEILLE (BD DE),M,"43,1454820","5,7479840",83,2019,70.0,1.0,2.0,4.0,2153006,1.0,1,3,1,0.0,,0.0,0,1968.0,B01,138Â 297Â 427,1.0,0.0,-1.0,1644090,1.0,7,,0.0,2.0,6.0,A01,138Â 297Â 426,1.0
963270,201900004801,10,19,07:30,1,2,9,2.0,2.0,83009,MARSEILLE (BD DE),M,"43,1454820","5,7479840",83,2019,70.0,1.0,2.0,4.0,2153006,1.0,1,3,1,0.0,,0.0,0,1968.0,B01,138Â 297Â 427,1.0,0.0,-1.0,1644091,1.0,7,,0.0,2.0,0.0,B01,138Â 297Â 427,1.0
963271,201900004802,10,21,06:45,5,1,4,3.0,1.0,76305,INDUSTRIELLE (ROUTE),M,"49,4873549","0,2158155",76,2019,70.0,1.0,2.0,4.0,2153007,1.0,1,3,1,1.0,,-1.0,0,1991.0,A01,138Â 297Â 422,8.0,0.0,-1.0,1644092,1.0,50,,0.0,2.0,2.0,A01,138Â 297Â 422,3.0
963271,201900004802,10,21,06:45,5,1,4,3.0,1.0,76305,INDUSTRIELLE (ROUTE),M,"49,4873549","0,2158155",76,2019,70.0,1.0,2.0,4.0,2153007,1.0,1,3,1,1.0,,-1.0,0,1991.0,A01,138Â 297Â 422,8.0,0.0,-1.0,1644093,2.0,7,,0.0,2.0,2.0,B01,138Â 297Â 423,1.0
963271,201900004802,10,21,06:45,5,1,4,3.0,1.0,76305,INDUSTRIELLE (ROUTE),M,"49,4873549","0,2158155",76,2019,70.0,1.0,2.0,4.0,2153008,1.0,1,1,1,1.0,,-1.0,0,1969.0,B01,138Â 297Â 423,1.0,0.0,-1.0,1644092,1.0,50,,0.0,2.0,2.0,A01,138Â 297Â 422,3.0
963271,201900004802,10,21,06:45,5,1,4,3.0,1.0,76305,INDUSTRIELLE (ROUTE),M,"49,4873549","0,2158155",76,2019,70.0,1.0,2.0,4.0,2153008,1.0,1,1,1,1.0,,-1.0,0,1969.0,B01,138Â 297Â 423,1.0,0.0,-1.0,1644093,2.0,7,,0.0,2.0,2.0,B01,138Â 297Â 423,1.0
963272,201900004803,10,19,10:45,1,2,1,1.0,6.0,76552,EDITH CAVELL,M,"49,5081800","0,0838000",76,2019,50.0,1.0,1.0,3.0,2153009,1.0,1,1,2,0.0,,-1.0,0,1934.0,A01,138Â 297Â 421,1.0,0.0,-1.0,1644094,2.0,7,,0.0,1.0,1.0,A01,138Â 297Â 421,1.0
963272,201900004803,10,19,10:45,1,2,1,1.0,6.0,76552,EDITH CAVELL,M,"49,5081800","0,0838000",76,2019,50.0,1.0,1.0,3.0,2153010,10.0,3,4,2,5.0,,3.0,3,1935.0,A01,138Â 297Â 421,8.0,0.0,-1.0,1644094,2.0,7,,0.0,1.0,1.0,A01,138Â 297Â 421,1.0
963273,201900004804,10,18,14:45,1,2,3,1.0,3.0,76351,LENINGRAD (BD DE),M,"49,4997300","0,1662800",76,2019,50.0,1.0,1.0,3.0,2153011,1.0,1,1,2,1.0,,-1.0,0,1985.0,B01,138Â 297Â 419,1.0,0.0,-1.0,1644095,3.0,7,,0.0,2.0,6.0,B01,138Â 297Â 419,1.0
963273,201900004804,10,18,14:45,1,2,3,1.0,3.0,76351,LENINGRAD (BD DE),M,"49,4997300","0,1662800",76,2019,50.0,1.0,1.0,3.0,2153011,1.0,1,1,2,1.0,,-1.0,0,1985.0,B01,138Â 297Â 419,1.0,0.0,-1.0,1644096,1.0,33,,0.0,2.0,1.0,A01,138Â 297Â 420,1.0
963273,201900004804,10,18,14:45,1,2,3,1.0,3.0,76351,LENINGRAD (BD DE),M,"49,4997300","0,1662800",76,2019,50.0,1.0,1.0,3.0,2153012,1.0,1,3,1,0.0,,-1.0,0,1956.0,A01,138Â 297Â 420,2.0,0.0,-1.0,1644095,3.0,7,,0.0,2.0,6.0,B01,138Â 297Â 419,1.0
963273,201900004804,10,18,14:45,1,2,3,1.0,3.0,76351,LENINGRAD (BD DE),M,"49,4997300","0,1662800",76,2019,50.0,1.0,1.0,3.0,2153012,1.0,1,3,1,0.0,,-1.0,0,1956.0,A01,138Â 297Â 420,2.0,0.0,-1.0,1644096,1.0,33,,0.0,2.0,1.0,A01,138Â 297Â 420,1.0
963274,201900004805,10,20,10:20,1,2,1,1.0,7.0,76217,BRIAND (ARISTIDE) - CHAMPION,M,"49,9289700","1,1002200",76,2019,30.0,1.0,1.0,4.0,2153013,1.0,1,1,2,3.0,,0.0,0,1949.0,A01,138Â 297Â 418,1.0,0.0,-1.0,1644097,3.0,7,,0.0,1.0,5.0,A01,138Â 297Â 418,1.0
963274,201900004805,10,20,10:20,1,2,1,1.0,7.0,76217,BRIAND (ARISTIDE) - CHAMPION,M,"49,9289700","1,1002200",76,2019,30.0,1.0,1.0,4.0,2153014,10.0,3,3,1,0.0,,9.0,3,1930.0,A01,138Â 297Â 418,0.0,0.0,-1.0,1644097,3.0,7,,0.0,1.0,5.0,A01,138Â 297Â 418,1.0
963275,201900004806,10,20,14:20,1,2,1,1.0,2.0,74281,PRES VERTS (AVENUE DES),M,"46,3806200","6,4947900",74,2019,50.0,1.0,1.0,9.0,2153015,1.0,1,4,2,0.0,,0.0,0,1941.0,B01,138Â 297Â 416,1.0,0.0,-1.0,1644098,1.0,7,,0.0,0.0,0.0,B01,138Â 297Â 416,1.0
963275,201900004806,10,20,14:20,1,2,1,1.0,2.0,74281,PRES VERTS (AVENUE DES),M,"46,3806200","6,4947900",74,2019,50.0,1.0,1.0,9.0,2153015,1.0,1,4,2,0.0,,0.0,0,1941.0,B01,138Â 297Â 416,1.0,0.0,-1.0,1644099,1.0,34,,0.0,2.0,1.0,A01,138Â 297Â 417,1.0
963275,201900004806,10,20,14:20,1,2,1,1.0,2.0,74281,PRES VERTS (AVENUE DES),M,"46,3806200","6,4947900",74,2019,50.0,1.0,1.0,9.0,2153016,1.0,1,4,2,0.0,,0.0,0,1972.0,A01,138Â 297Â 417,2.0,0.0,-1.0,1644098,1.0,7,,0.0,0.0,0.0,B01,138Â 297Â 416,1.0
963275,201900004806,10,20,14:20,1,2,1,1.0,2.0,74281,PRES VERTS (AVENUE DES),M,"46,3806200","6,4947900",74,2019,50.0,1.0,1.0,9.0,2153016,1.0,1,4,2,0.0,,0.0,0,1972.0,A01,138Â 297Â 417,2.0,0.0,-1.0,1644099,1.0,34,,0.0,2.0,1.0,A01,138Â 297Â 417,1.0
963276,201900004807,10,20,22:25,5,2,1,3.0,3.0,69029,FRANKLIN ROOSEVELT                  (AV),M,"45,7347900","4,9048900",69,2019,50.0,1.0,2.0,4.0,2153017,2.0,2,4,2,5.0,,-1.0, -1,1990.0,A01,138Â 297Â 413,1.0,0.0,-1.0,1644100,2.0,7,,0.0,-1.0,8.0,A01,138Â 297Â 413,1.0
963276,201900004807,10,20,22:25,5,2,1,3.0,3.0,69029,FRANKLIN ROOSEVELT                  (AV),M,"45,7347900","4,9048900",69,2019,50.0,1.0,2.0,4.0,2153017,2.0,2,4,2,5.0,,-1.0, -1,1990.0,A01,138Â 297Â 413,1.0,0.0,-1.0,1644101,2.0,40,,0.0,2.0,1.0,B01,138Â 297Â 414,6.0
963276,201900004807,10,20,22:25,5,2,1,3.0,3.0,69029,FRANKLIN ROOSEVELT                  (AV),M,"45,7347900","4,9048900",69,2019,50.0,1.0,2.0,4.0,2153018,1.0,1,1,1,5.0,,-1.0, -1,1984.0,A01,138Â 297Â 413,8.0,0.0,-1.0,1644100,2.0,7,,0.0,-1.0,8.0,A01,138Â 297Â 413,1.0
963276,201900004807,10,20,22:25,5,2,1,3.0,3.0,69029,FRANKLIN ROOSEVELT                  (AV),M,"45,7347900","4,9048900",69,2019,50.0,1.0,2.0,4.0,2153018,1.0,1,1,1,5.0,,-1.0, -1,1984.0,A01,138Â 297Â 413,8.0,0.0,-1.0,1644101,2.0,40,,0.0,2.0,1.0,B01,138Â 297Â 414,6.0
963276,201900004807,10,20,22:25,5,2,1,3.0,3.0,69029,FRANKLIN ROOSEVELT                  (AV),M,"45,7347900","4,9048900",69,2019,50.0,1.0,2.0,4.0,2153019,1.0,1,1,1,4.0,,-1.0, -1,1978.0,B01,138Â 297Â 414,1.0,0.0,-1.0,1644100,2.0,7,,0.0,-1.0,8.0,A01,138Â 297Â 413,1.0
963276,201900004807,10,20,22:25,5,2,1,3.0,3.0,69029,FRANKLIN ROOSEVELT                  (AV),M,"45,7347900","4,9048900",69,2019,50.0,1.0,2.0,4.0,2153019,1.0,1,1,1,4.0,,-1.0, -1,1978.0,B01,138Â 297Â 414,1.0,0.0,-1.0,1644101,2.0,40,,0.0,2.0,1.0,B01,138Â 297Â 414,6.0
963277,201900004808,10,20,12:57,1,2,2,1.0,3.0,68066,LADHOF (RUE DU),M,"48,0870500","7,3681600",68,2019,50.0,1.0,1.0,4.0,2153020,4.0,2,4,1,0.0,,-1.0,0,2009.0,A01,138Â 297Â 409,1.0,0.0,-1.0,1644102,1.0,7,,0.0,2.0,7.0,A01,138Â 297Â 409,1.0
963277,201900004808,10,20,12:57,1,2,2,1.0,3.0,68066,LADHOF (RUE DU),M,"48,0870500","7,3681600",68,2019,50.0,1.0,1.0,4.0,2153020,4.0,2,4,1,0.0,,-1.0,0,2009.0,A01,138Â 297Â 409,1.0,0.0,-1.0,1644103,1.0,7,,0.0,2.0,1.0,B01,138Â 297Â 410,1.0
963277,201900004808,10,20,12:57,1,2,2,1.0,3.0,68066,LADHOF (RUE DU),M,"48,0870500","7,3681600",68,2019,50.0,1.0,1.0,4.0,2153021,3.0,2,4,2,0.0,,-1.0,0,2013.0,A01,138Â 297Â 409,1.0,0.0,-1.0,1644102,1.0,7,,0.0,2.0,7.0,A01,138Â 297Â 409,1.0
963277,201900004808,10,20,12:57,1,2,2,1.0,3.0,68066,LADHOF (RUE DU),M,"48,0870500","7,3681600",68,2019,50.0,1.0,1.0,4.0,2153021,3.0,2,4,2,0.0,,-1.0,0,2013.0,A01,138Â 297Â 409,1.0,0.0,-1.0,1644103,1.0,7,,0.0,2.0,1.0,B01,138Â 297Â 410,1.0
963277,201900004808,10,20,12:57,1,2,2,1.0,3.0,68066,LADHOF (RUE DU),M,"48,0870500","7,3681600",68,2019,50.0,1.0,1.0,4.0,2153022,1.0,1,4,1,0.0,,-1.0,0,1980.0,A01,138Â 297Â 409,1.0,0.0,-1.0,1644102,1.0,7,,0.0,2.0,7.0,A01,138Â 297Â 409,1.0
963277,201900004808,10,20,12:57,1,2,2,1.0,3.0,68066,LADHOF (RUE DU),M,"48,0870500","7,3681600",68,2019,50.0,1.0,1.0,4.0,2153022,1.0,1,4,1,0.0,,-1.0,0,1980.0,A01,138Â 297Â 409,1.0,0.0,-1.0,1644103,1.0,7,,0.0,2.0,1.0,B01,138Â 297Â 410,1.0
963277,201900004808,10,20,12:57,1,2,2,1.0,3.0,68066,LADHOF (RUE DU),M,"48,0870500","7,3681600",68,2019,50.0,1.0,1.0,4.0,2153023,1.0,1,1,2,0.0,,-1.0,0,1978.0,B01,138Â 297Â 410,1.0,0.0,-1.0,1644102,1.0,7,,0.0,2.0,7.0,A01,138Â 297Â 409,1.0
963277,201900004808,10,20,12:57,1,2,2,1.0,3.0,68066,LADHOF (RUE DU),M,"48,0870500","7,3681600",68,2019,50.0,1.0,1.0,4.0,2153023,1.0,1,1,2,0.0,,-1.0,0,1978.0,B01,138Â 297Â 410,1.0,0.0,-1.0,1644103,1.0,7,,0.0,2.0,1.0,B01,138Â 297Â 410,1.0
963277,201900004808,10,20,12:57,1,2,2,1.0,3.0,68066,LADHOF (RUE DU),M,"48,0870500","7,3681600",68,2019,50.0,1.0,1.0,4.0,2153024,2.0,2,4,2,0.0,,-1.0,0,2017.0,B01,138Â 297Â 410,1.0,0.0,-1.0,1644102,1.0,7,,0.0,2.0,7.0,A01,138Â 297Â 409,1.0
963277,201900004808,10,20,12:57,1,2,2,1.0,3.0,68066,LADHOF (RUE DU),M,"48,0870500","7,3681600",68,2019,50.0,1.0,1.0,4.0,2153024,2.0,2,4,2,0.0,,-1.0,0,2017.0,B01,138Â 297Â 410,1.0,0.0,-1.0,1644103,1.0,7,,0.0,2.0,1.0,B01,138Â 297Â 410,1.0
963278,201900004809,10,20,15:08,1,2,1,1.0,2.0,67482,OBERHAUSBERGEN (ROUTE D ),M,"48,5952900","7,7095800",67,2019,50.0,1.0,1.0,4.0,2153025,2.0,2,4,2,0.0,,-1.0,0,1971.0,B01,138Â 297Â 407,1.0,8.0,-1.0,1644104,1.0,7,,0.0,2.0,4.0,B01,138Â 297Â 407,1.0
963278,201900004809,10,20,15:08,1,2,1,1.0,2.0,67482,OBERHAUSBERGEN (ROUTE D ),M,"48,5952900","7,7095800",67,2019,50.0,1.0,1.0,4.0,2153025,2.0,2,4,2,0.0,,-1.0,0,1971.0,B01,138Â 297Â 407,1.0,8.0,-1.0,1644105,1.0,7,,0.0,2.0,1.0,A01,138Â 297Â 408,1.0
963278,201900004809,10,20,15:08,1,2,1,1.0,2.0,67482,OBERHAUSBERGEN (ROUTE D ),M,"48,5952900","7,7095800",67,2019,50.0,1.0,1.0,4.0,2153026,1.0,1,1,1,0.0,,-1.0,0,1968.0,B01,138Â 297Â 407,1.0,8.0,-1.0,1644104,1.0,7,,0.0,2.0,4.0,B01,138Â 297Â 407,1.0
963278,201900004809,10,20,15:08,1,2,1,1.0,2.0,67482,OBERHAUSBERGEN (ROUTE D ),M,"48,5952900","7,7095800",67,2019,50.0,1.0,1.0,4.0,2153026,1.0,1,1,1,0.0,,-1.0,0,1968.0,B01,138Â 297Â 407,1.0,8.0,-1.0,1644105,1.0,7,,0.0,2.0,1.0,A01,138Â 297Â 408,1.0
963278,201900004809,10,20,15:08,1,2,1,1.0,2.0,67482,OBERHAUSBERGEN (ROUTE D ),M,"48,5952900","7,7095800",67,2019,50.0,1.0,1.0,4.0,2153027,1.0,1,1,1,0.0,,-1.0,0,1980.0,A01,138Â 297Â 408,1.0,8.0,-1.0,1644104,1.0,7,,0.0,2.0,4.0,B01,138Â 297Â 407,1.0
963278,201900004809,10,20,15:08,1,2,1,1.0,2.0,67482,OBERHAUSBERGEN (ROUTE D ),M,"48,5952900","7,7095800",67,2019,50.0,1.0,1.0,4.0,2153027,1.0,1,1,1,0.0,,-1.0,0,1980.0,A01,138Â 297Â 408,1.0,8.0,-1.0,1644105,1.0,7,,0.0,2.0,1.0,A01,138Â 297Â 408,1.0
963279,201900004810,10,18,21:34,5,2,1,1.0,6.0,67482,FAUBOURG DE SAVERNE (RUE DU),M,"48,5857700","7,7400900",67,2019,50.0,1.0,1.0,9.0,2153028,10.0,3,3,2,9.0,,9.0,8,1980.0,A01,138Â 297Â 406,8.0,0.0,-1.0,1644106,1.0,40,,0.0,1.0,7.0,A01,138Â 297Â 406,3.0
963279,201900004810,10,18,21:34,5,2,1,1.0,6.0,67482,FAUBOURG DE SAVERNE (RUE DU),M,"48,5857700","7,7400900",67,2019,50.0,1.0,1.0,9.0,2153029,1.0,1,1,1,4.0,,-1.0,0,1990.0,A01,138Â 297Â 406,8.0,8.0,-1.0,1644106,1.0,40,,0.0,1.0,7.0,A01,138Â 297Â 406,3.0