Unnamed: 0_x,num_acc,mois,jour,hrmn,lum,agg,int,atm,col,com,adr,gps,lat,long,dep,annee,vma,situ,surf,catr,Unnamed: 0_y,place,catu,grav,sexe,trajet,secu,locp,actp,an_nais,num_veh_x,id_vehicule_x,secu1,secu2,secu3,Unnamed: 0,senc,catv,occutc,obs,obsm,choc,num_veh_y,id_vehicule_y,motor
963280,201900004811,10,18,18:15,2,2,3,1.0,6.0,67482,CERF (RUE DU),M,"48,5947930","7,7186110",67,2019,30.0,1.0,1.0,4.0,2153030,10.0,3,4,2,2.0,,3.0,3,2011.0,A01,138Â 297Â 405,8.0,0.0,-1.0,1644107,1.0,7,,0.0,1.0,0.0,A01,138Â 297Â 405,1.0
963280,201900004811,10,18,18:15,2,2,3,1.0,6.0,67482,CERF (RUE DU),M,"48,5947930","7,7186110",67,2019,30.0,1.0,1.0,4.0,2153031,1.0,1,1,1,5.0,,-1.0,0,1981.0,A01,138Â 297Â 405,1.0,8.0,-1.0,1644107,1.0,7,,0.0,1.0,0.0,A01,138Â 297Â 405,1.0
963281,201900004812,10,21,08:10,1,2,9,1.0,6.0,64348,DIDIER DAURAT,M,"43,3256800"," -0,3795900",64,2019,50.0,1.0,1.0,4.0,2153032,1.0,1,1,1,5.0,,0.0,0,1943.0,A01,138Â 297Â 404,1.0,8.0,-1.0,1644108,2.0,7,,0.0,1.0,2.0,A01,138Â 297Â 404,0.0
963281,201900004812,10,21,08:10,1,2,9,1.0,6.0,64348,DIDIER DAURAT,M,"43,3256800"," -0,3795900",64,2019,50.0,1.0,1.0,4.0,2153033,10.0,3,3,1,5.0,,3.0,3,1939.0,A01,138Â 297Â 404,0.0,-1.0,-1.0,1644108,2.0,7,,0.0,1.0,2.0,A01,138Â 297Â 404,0.0
963282,201900004813,10,21,22:00,5,2,1,2.0,7.0,64024,BAYONNE (AVENUE DE),M,"43,4812693"," -1,5112288",64,2019,50.0,1.0,2.0,3.0,2153034,1.0,1,4,1,5.0,,-1.0,0,2002.0,A01,138Â 297Â 403,2.0,8.0,-1.0,1644109,1.0,31,,12.0,0.0,3.0,A01,138Â 297Â 403,1.0
963283,201900004814,10,18,15:20,1,2,1,1.0,2.0,63113,POURCHON (BD MAURICE),M,"45,7892946","3,0807675",63,2019,50.0,1.0,1.0,7.0,2153035,1.0,1,4,1,0.0,,-1.0, -1,1976.0,B01,138Â 297Â 401,1.0,0.0,-1.0,1644110,1.0,7,,0.0,2.0,4.0,B01,138Â 297Â 401,1.0
963283,201900004814,10,18,15:20,1,2,1,1.0,2.0,63113,POURCHON (BD MAURICE),M,"45,7892946","3,0807675",63,2019,50.0,1.0,1.0,7.0,2153035,1.0,1,4,1,0.0,,-1.0, -1,1976.0,B01,138Â 297Â 401,1.0,0.0,-1.0,1644111,2.0,7,,0.0,2.0,1.0,A01,138Â 297Â 402,1.0
963283,201900004814,10,18,15:20,1,2,1,1.0,2.0,63113,POURCHON (BD MAURICE),M,"45,7892946","3,0807675",63,2019,50.0,1.0,1.0,7.0,2153036,1.0,1,1,2,0.0,,-1.0, -1,1992.0,A01,138Â 297Â 402,1.0,0.0,-1.0,1644110,1.0,7,,0.0,2.0,4.0,B01,138Â 297Â 401,1.0
963283,201900004814,10,18,15:20,1,2,1,1.0,2.0,63113,POURCHON (BD MAURICE),M,"45,7892946","3,0807675",63,2019,50.0,1.0,1.0,7.0,2153036,1.0,1,1,2,0.0,,-1.0, -1,1992.0,A01,138Â 297Â 402,1.0,0.0,-1.0,1644111,2.0,7,,0.0,2.0,1.0,A01,138Â 297Â 402,1.0
963284,201900004815,10,21,23:35,4,2,9,2.0,6.0,62643,LIBERTE ( Bld de la ),M,"50,7042080","1,5793330",62,2019,50.0,4.0,2.0,4.0,2153037,1.0,1,3,2,0.0,,0.0,0,1999.0,A01,138Â 297Â 400,1.0,5.0,-1.0,1644112,3.0,20,,2.0,0.0,1.0,A01,138Â 297Â 400,1.0
963284,201900004815,10,21,23:35,4,2,9,2.0,6.0,62643,LIBERTE ( Bld de la ),M,"50,7042080","1,5793330",62,2019,50.0,4.0,2.0,4.0,2153038,3.0,2,1,1,0.0,,0.0,0,2003.0,A01,138Â 297Â 400,1.0,0.0,-1.0,1644112,3.0,20,,2.0,0.0,1.0,A01,138Â 297Â 400,1.0
963284,201900004815,10,21,23:35,4,2,9,2.0,6.0,62643,LIBERTE ( Bld de la ),M,"50,7042080","1,5793330",62,2019,50.0,4.0,2.0,4.0,2153039,2.0,2,3,2,0.0,,0.0,0,2001.0,A01,138Â 297Â 400,1.0,7.0,-1.0,1644112,3.0,20,,2.0,0.0,1.0,A01,138Â 297Â 400,1.0
963285,201900004816,10,9,07:45,2,2,1,1.0,3.0,59378,CLEMENCEAU BLVD (NÂ°1-23),M,"50,6600000","3,0900000",59,2019,50.0,5.0,1.0,4.0,2153040,1.0,1,3,2,0.0,,-1.0, -1,1976.0,A01,138Â 297Â 398,2.0,0.0,-1.0,1644113,1.0,32,,1.0,0.0,0.0,A01,138Â 297Â 398,6.0
963285,201900004816,10,9,07:45,2,2,1,1.0,3.0,59378,CLEMENCEAU BLVD (NÂ°1-23),M,"50,6600000","3,0900000",59,2019,50.0,5.0,1.0,4.0,2153040,1.0,1,3,2,0.0,,-1.0, -1,1976.0,A01,138Â 297Â 398,2.0,0.0,-1.0,1644114,1.0,7,,1.0,0.0,8.0,B01,138Â 297Â 399,6.0
963285,201900004816,10,9,07:45,2,2,1,1.0,3.0,59378,CLEMENCEAU BLVD (NÂ°1-23),M,"50,6600000","3,0900000",59,2019,50.0,5.0,1.0,4.0,2153041,1.0,1,1,2,9.0,,-1.0, -1,1981.0,B01,138Â 297Â 399,1.0,0.0,-1.0,1644113,1.0,32,,1.0,0.0,0.0,A01,138Â 297Â 398,6.0
963285,201900004816,10,9,07:45,2,2,1,1.0,3.0,59378,CLEMENCEAU BLVD (NÂ°1-23),M,"50,6600000","3,0900000",59,2019,50.0,5.0,1.0,4.0,2153041,1.0,1,1,2,9.0,,-1.0, -1,1981.0,B01,138Â 297Â 399,1.0,0.0,-1.0,1644114,1.0,7,,1.0,0.0,8.0,B01,138Â 297Â 399,6.0
963286,201900004817,10,18,14:20,1,2,1,1.0,7.0,54547,LECLERC (AVENUE DU GENERAL),M,"48,6616690","6,1652930",54,2019,50.0,1.0,1.0,4.0,2153042,1.0,1,1,2,0.0,,-1.0,0,1970.0,A01,138Â 297Â 397,8.0,0.0,-1.0,1644115,1.0,7,,0.0,1.0,0.0,A01,138Â 297Â 397,1.0
963286,201900004817,10,18,14:20,1,2,1,1.0,7.0,54547,LECLERC (AVENUE DU GENERAL),M,"48,6616690","6,1652930",54,2019,50.0,1.0,1.0,4.0,2153043,10.0,3,4,2,0.0,,1.0,1,1993.0,A01,138Â 297Â 397,0.0,0.0,-1.0,1644115,1.0,7,,0.0,1.0,0.0,A01,138Â 297Â 397,1.0
963287,201900004818,10,10,07:30,1,2,1,2.0,7.0,54395,ARMEE PATTON (RUE DE L'),M,"48,6919300","6,1696700",54,2019,50.0,1.0,2.0,4.0,2153044,1.0,1,4,2,0.0,,-1.0, -1,1961.0,B01,138Â 297Â 396,2.0,0.0,-1.0,1644116,1.0,1,,0.0,2.0,8.0,B01,138Â 297Â 396,5.0
963288,201900004819,10,21,07:50,2,2,1,8.0,7.0,51454,AVENUE FRANCOIS MAURIAC,M,"49,2331076","4,0056317",51,2019,50.0,1.0,2.0,4.0,2153045,10.0,3,4,1,0.0,,3.0,3,1993.0,A01,138Â 297Â 394,8.0,0.0,-1.0,1644117,0.0,7,,0.0,1.0,1.0,A01,138Â 297Â 394,1.0
963288,201900004819,10,21,07:50,2,2,1,8.0,7.0,51454,AVENUE FRANCOIS MAURIAC,M,"49,2331076","4,0056317",51,2019,50.0,1.0,2.0,4.0,2153046,1.0,1,1,2,0.0,,-1.0,0,1987.0,A01,138Â 297Â 394,1.0,0.0,-1.0,1644117,0.0,7,,0.0,1.0,1.0,A01,138Â 297Â 394,1.0
963289,201900004820,10,18,12:37,1,2,1,2.0,6.0,49007,BRESSIGNY,M,"47,4671183"," -0,5494181",49,2019,50.0,1.0,2.0,4.0,2153047,10.0,3,3,1,0.0,,3.0,3,1933.0,A01,138Â 297Â 393,8.0,0.0,-1.0,1644118,2.0,7,,0.0,1.0,4.0,A01,138Â 297Â 393,1.0
963289,201900004820,10,18,12:37,1,2,1,2.0,6.0,49007,BRESSIGNY,M,"47,4671183"," -0,5494181",49,2019,50.0,1.0,2.0,4.0,2153048,1.0,1,1,1,0.0,,-1.0, -1,1969.0,A01,138Â 297Â 393,1.0,8.0,-1.0,1644118,2.0,7,,0.0,1.0,4.0,A01,138Â 297Â 393,1.0
963290,201900004821,10,18,16:33,1,2,1,2.0,7.0,49007,RALLIEMENT PLACE,M,"47,4714400"," -0,5519200",49,2019,50.0,1.0,2.0,4.0,2153049,1.0,1,4,2,0.0,,-1.0, -1,1997.0,A01,138Â 297Â 392,8.0,0.0,-1.0,1644119,1.0,1,,0.0,0.0,0.0,A01,138Â 297Â 392,5.0
963291,201900004822,10,18,06:49,3,1,1,2.0,7.0,49267,RD 347,M,"47,4731100"," -0,4894600",49,2019,50.0,1.0,2.0,3.0,2153050,1.0,1,4,1,0.0,,-1.0, -1,2001.0,A01,138Â 297Â 391,1.0,8.0,-1.0,1644120,1.0,7,,0.0,0.0,0.0,A01,138Â 297Â 391,1.0
963292,201900004823,10,21,13:15,1,1,1,1.0,6.0,47027,BORDEAUX (avenue de),M,"44,4018900","0,6485600",47,2019,80.0,1.0,1.0,3.0,2153051,1.0,1,2,2,5.0,,0.0,0,1940.0,A01,138Â 297Â 390,1.0,0.0,-1.0,1644121,2.0,7,,17.0,0.0,1.0,A01,138Â 297Â 390,1.0
963293,201900004824,10,21,14:35,1,2,3,1.0,3.0,45284,AV DU CAPITAINE JEAN - R DU VIVIEN,M,"47,9089818","1,9495132",45,2019,50.0,1.0,1.0,4.0,2153052,1.0,1,1,2,5.0,,0.0,0,1992.0,A01,138Â 297Â 388,1.0,0.0,-1.0,1644122,1.0,7,,0.0,2.0,2.0,A01,138Â 297Â 388,1.0
963293,201900004824,10,21,14:35,1,2,3,1.0,3.0,45284,AV DU CAPITAINE JEAN - R DU VIVIEN,M,"47,9089818","1,9495132",45,2019,50.0,1.0,1.0,4.0,2153052,1.0,1,1,2,5.0,,0.0,0,1992.0,A01,138Â 297Â 388,1.0,0.0,-1.0,1644123,2.0,7,,0.0,2.0,1.0,B01,138Â 297Â 389,1.0
963293,201900004824,10,21,14:35,1,2,3,1.0,3.0,45284,AV DU CAPITAINE JEAN - R DU VIVIEN,M,"47,9089818","1,9495132",45,2019,50.0,1.0,1.0,4.0,2153053,1.0,1,4,1,0.0,,0.0,0,1997.0,B01,138Â 297Â 389,1.0,0.0,-1.0,1644122,1.0,7,,0.0,2.0,2.0,A01,138Â 297Â 388,1.0
963293,201900004824,10,21,14:35,1,2,3,1.0,3.0,45284,AV DU CAPITAINE JEAN - R DU VIVIEN,M,"47,9089818","1,9495132",45,2019,50.0,1.0,1.0,4.0,2153053,1.0,1,4,1,0.0,,0.0,0,1997.0,B01,138Â 297Â 389,1.0,0.0,-1.0,1644123,2.0,7,,0.0,2.0,1.0,B01,138Â 297Â 389,1.0
963294,201900004825,10,20,12:00,1,1,1,2.0,6.0,45302,ROCADE D520 PK0+150,M,"47,9452146","1,8908495",45,2019,90.0,1.0,2.0,3.0,2153054,1.0,1,4,2,1.0,,0.0,0,1996.0,A01,138Â 297Â 387,1.0,8.0,-1.0,1644124,2.0,7,,3.0,0.0,1.0,A01,138Â 297Â 387,1.0
963295,201900004826,10,18,08:45,2,2,6,1.0,6.0,44184,AVENUES BERLIOZ/MITTERRAND,M,"47,2674000"," -2,2338000",44,2019,50.0,1.0,1.0,4.0,2153055,1.0,1,1,2,9.0,,0.0,0,1988.0,A01,138Â 297Â 386,1.0,8.0,-1.0,1644125,1.0,7,,12.0,1.0,1.0,A01,138Â 297Â 386,1.0
963295,201900004826,10,18,08:45,2,2,6,1.0,6.0,44184,AVENUES BERLIOZ/MITTERRAND,M,"47,2674000"," -2,2338000",44,2019,50.0,1.0,1.0,4.0,2153056,10.0,3,4,1,2.0,,3.0,3,2003.0,A01,138Â 297Â 386,8.0,0.0,-1.0,1644125,1.0,7,,12.0,1.0,1.0,A01,138Â 297Â 386,1.0
963296,201900004827,10,18,08:35,1,2,1,1.0,6.0,44184,RUE DU MAINE,M,"47,2800275"," -2,2102874",44,2019,50.0,1.0,1.0,4.0,2153057,1.0,1,1,1,0.0,,0.0,0,1954.0,A01,138Â 297Â 385,1.0,0.0,-1.0,1644126,3.0,7,,0.0,1.0,1.0,A01,138Â 297Â 385,1.0
963296,201900004827,10,18,08:35,1,2,1,1.0,6.0,44184,RUE DU MAINE,M,"47,2800275"," -2,2102874",44,2019,50.0,1.0,1.0,4.0,2153058,10.0,3,4,1,0.0,,2.0,3,2002.0,A01,138Â 297Â 385,8.0,0.0,-1.0,1644126,3.0,7,,0.0,1.0,1.0,A01,138Â 297Â 385,1.0
963297,201900004828,10,21,07:50,2,2,1,1.0,3.0,44190,ROUTE DE CLISSON,M,"47,1878100"," -1,4893400",44,2019,50.0,1.0,2.0,4.0,2153059,1.0,1,1,1,1.0,,0.0,0,1967.0,A01,138Â 297Â 383,1.0,0.0,-1.0,1644127,1.0,7,,0.0,2.0,8.0,A01,138Â 297Â 383,1.0
963297,201900004828,10,21,07:50,2,2,1,1.0,3.0,44190,ROUTE DE CLISSON,M,"47,1878100"," -1,4893400",44,2019,50.0,1.0,2.0,4.0,2153059,1.0,1,1,1,1.0,,0.0,0,1967.0,A01,138Â 297Â 383,1.0,0.0,-1.0,1644128,1.0,2,,0.0,2.0,1.0,B01,138Â 297Â 384,1.0
963297,201900004828,10,21,07:50,2,2,1,1.0,3.0,44190,ROUTE DE CLISSON,M,"47,1878100"," -1,4893400",44,2019,50.0,1.0,2.0,4.0,2153060,1.0,1,3,1,0.0,,0.0,0,1998.0,B01,138Â 297Â 384,2.0,0.0,-1.0,1644127,1.0,7,,0.0,2.0,8.0,A01,138Â 297Â 383,1.0
963297,201900004828,10,21,07:50,2,2,1,1.0,3.0,44190,ROUTE DE CLISSON,M,"47,1878100"," -1,4893400",44,2019,50.0,1.0,2.0,4.0,2153060,1.0,1,3,1,0.0,,0.0,0,1998.0,B01,138Â 297Â 384,2.0,0.0,-1.0,1644128,1.0,2,,0.0,2.0,1.0,B01,138Â 297Â 384,1.0
963298,201900004829,10,21,17:17,1,2,1,1.0,6.0,41047,MAUNOURY (AVENUE DE MARECHAL),M,"47,6004900","1,3464800",41,2019,50.0,1.0,1.0,4.0,2153061,1.0,1,1,1,4.0,,0.0, -1,1960.0,A01,138Â 297Â 381,1.0,8.0,-1.0,1644129,2.0,10,,0.0,1.0,1.0,A01,138Â 297Â 381,1.0
963298,201900004829,10,21,17:17,1,2,1,1.0,6.0,41047,MAUNOURY (AVENUE DE MARECHAL),M,"47,6004900","1,3464800",41,2019,50.0,1.0,1.0,4.0,2153062,10.0,3,2,2,5.0,,4.0,3,1947.0,A01,138Â 297Â 381,0.0,-1.0,-1.0,1644129,2.0,10,,0.0,1.0,1.0,A01,138Â 297Â 381,1.0
963299,201900004830,10,21,02:32,3,2,1,2.0,6.0,38151,RUE LÃON FOURNIER,M,"45,1583984","5,7104306",38,2019,50.0,1.0,2.0,4.0,2153063,2.0,2,3,2,0.0,,-1.0, -1,2002.0,A01,138Â 297Â 380,1.0,8.0,-1.0,1644130,0.0,7,,4.0,0.0,1.0,A01,138Â 297Â 380,1.0
963299,201900004830,10,21,02:32,3,2,1,2.0,6.0,38151,RUE LÃON FOURNIER,M,"45,1583984","5,7104306",38,2019,50.0,1.0,2.0,4.0,2153064,1.0,1,3,1,0.0,,-1.0, -1,2004.0,A01,138Â 297Â 380,1.0,0.0,-1.0,1644130,0.0,7,,4.0,0.0,1.0,A01,138Â 297Â 380,1.0
963300,201900004831,10,18,19:15,3,2,1,3.0,1.0,38169,RUE DES BUISSONNÃES,M,"45,2000610","5,6890390",38,2019,30.0,1.0,2.0,4.0,2153065,1.0,1,3,1,5.0,,-1.0, -1,1956.0,A01,138Â 297Â 378,1.0,5.0,-1.0,1644131,3.0,7,,0.0,2.0,3.0,A01,138Â 297Â 378,1.0
963300,201900004831,10,18,19:15,3,2,1,3.0,1.0,38169,RUE DES BUISSONNÃES,M,"45,2000610","5,6890390",38,2019,30.0,1.0,2.0,4.0,2153065,1.0,1,3,1,5.0,,-1.0, -1,1956.0,A01,138Â 297Â 378,1.0,5.0,-1.0,1644132,3.0,7,,0.0,2.0,1.0,B01,138Â 297Â 379,1.0
963300,201900004831,10,18,19:15,3,2,1,3.0,1.0,38169,RUE DES BUISSONNÃES,M,"45,2000610","5,6890390",38,2019,30.0,1.0,2.0,4.0,2153066,1.0,1,3,2,5.0,,-1.0, -1,1984.0,B01,138Â 297Â 379,1.0,5.0,-1.0,1644131,3.0,7,,0.0,2.0,3.0,A01,138Â 297Â 378,1.0
963300,201900004831,10,18,19:15,3,2,1,3.0,1.0,38169,RUE DES BUISSONNÃES,M,"45,2000610","5,6890390",38,2019,30.0,1.0,2.0,4.0,2153066,1.0,1,3,2,5.0,,-1.0, -1,1984.0,B01,138Â 297Â 379,1.0,5.0,-1.0,1644132,3.0,7,,0.0,2.0,1.0,B01,138Â 297Â 379,1.0
963301,201900004832,10,21,23:30,5,2,2,1.0,3.0,37261,HEURTELOUP (BOULEVARD),M,"47,3925300","0,7012600",37,2019,50.0,1.0,1.0,4.0,2153067,1.0,1,1,1,5.0,,-1.0, -1,2000.0,A01,138Â 297Â 376,1.0,0.0,-1.0,1644133,3.0,7,,0.0,2.0,1.0,A01,138Â 297Â 376,1.0
963301,201900004832,10,21,23:30,5,2,2,1.0,3.0,37261,HEURTELOUP (BOULEVARD),M,"47,3925300","0,7012600",37,2019,50.0,1.0,1.0,4.0,2153067,1.0,1,1,1,5.0,,-1.0, -1,2000.0,A01,138Â 297Â 376,1.0,0.0,-1.0,1644134,3.0,7,,0.0,2.0,8.0,B01,138Â 297Â 377,1.0
963301,201900004832,10,21,23:30,5,2,2,1.0,3.0,37261,HEURTELOUP (BOULEVARD),M,"47,3925300","0,7012600",37,2019,50.0,1.0,1.0,4.0,2153068,3.0,2,4,2,5.0,,-1.0, -1,1995.0,B01,138Â 297Â 377,1.0,0.0,-1.0,1644133,3.0,7,,0.0,2.0,1.0,A01,138Â 297Â 376,1.0
963301,201900004832,10,21,23:30,5,2,2,1.0,3.0,37261,HEURTELOUP (BOULEVARD),M,"47,3925300","0,7012600",37,2019,50.0,1.0,1.0,4.0,2153068,3.0,2,4,2,5.0,,-1.0, -1,1995.0,B01,138Â 297Â 377,1.0,0.0,-1.0,1644134,3.0,7,,0.0,2.0,8.0,B01,138Â 297Â 377,1.0
963301,201900004832,10,21,23:30,5,2,2,1.0,3.0,37261,HEURTELOUP (BOULEVARD),M,"47,3925300","0,7012600",37,2019,50.0,1.0,1.0,4.0,2153069,1.0,1,4,1,5.0,,-1.0, -1,1994.0,B01,138Â 297Â 377,1.0,0.0,-1.0,1644133,3.0,7,,0.0,2.0,1.0,A01,138Â 297Â 376,1.0
963301,201900004832,10,21,23:30,5,2,2,1.0,3.0,37261,HEURTELOUP (BOULEVARD),M,"47,3925300","0,7012600",37,2019,50.0,1.0,1.0,4.0,2153069,1.0,1,4,1,5.0,,-1.0, -1,1994.0,B01,138Â 297Â 377,1.0,0.0,-1.0,1644134,3.0,7,,0.0,2.0,8.0,B01,138Â 297Â 377,1.0
963302,201900004833,10,21,03:50,3,2,1,2.0,7.0,37195,RD 37,M,"47,3779000","0,6496500",37,2019,90.0,1.0,2.0,3.0,2153070,1.0,1,4,1,5.0,,-1.0,0,2000.0,A01,138Â 297Â 375,1.0,0.0,-1.0,1644135,3.0,7,,4.0,0.0,9.0,A01,138Â 297Â 375,1.0
963302,201900004833,10,21,03:50,3,2,1,2.0,7.0,37195,RD 37,M,"47,3779000","0,6496500",37,2019,90.0,1.0,2.0,3.0,2153071,2.0,2,4,1,5.0,,-1.0,0,1997.0,A01,138Â 297Â 375,1.0,0.0,-1.0,1644135,3.0,7,,4.0,0.0,9.0,A01,138Â 297Â 375,1.0
963303,201900004834,10,21,08:20,1,2,1,8.0,7.0,37261,SUEDE (RUE DE),M,"47,4313000","0,6779500",37,2019,50.0,1.0,2.0,4.0,2153072,1.0,1,4,1,0.0,,-1.0, -1,1992.0,A01,138Â 297Â 374,1.0,0.0,-1.0,1644136,2.0,3,,0.0,0.0,1.0,A01,138Â 297Â 374,1.0
963304,201900004835,10,21,17:35,1,2,1,1.0,4.0,35281,DODIN (AVENUE ROGER),M,"48,0848000"," -1,7086700",35,2019,50.0,1.0,1.0,3.0,2153073,1.0,1,4,2,0.0,,-1.0,0,1998.0,A01,138Â 297Â 371,1.0,8.0,-1.0,1644137,2.0,7,,0.0,2.0,1.0,A01,138Â 297Â 371,1.0
963304,201900004835,10,21,17:35,1,2,1,1.0,4.0,35281,DODIN (AVENUE ROGER),M,"48,0848000"," -1,7086700",35,2019,50.0,1.0,1.0,3.0,2153073,1.0,1,4,2,0.0,,-1.0,0,1998.0,A01,138Â 297Â 371,1.0,8.0,-1.0,1644138,2.0,7,,0.0,2.0,4.0,B01,138Â 297Â 372,1.0
963304,201900004835,10,21,17:35,1,2,1,1.0,4.0,35281,DODIN (AVENUE ROGER),M,"48,0848000"," -1,7086700",35,2019,50.0,1.0,1.0,3.0,2153073,1.0,1,4,2,0.0,,-1.0,0,1998.0,A01,138Â 297Â 371,1.0,8.0,-1.0,1644139,2.0,13,,0.0,1.0,4.0,C01,138Â 297Â 373,1.0
963304,201900004835,10,21,17:35,1,2,1,1.0,4.0,35281,DODIN (AVENUE ROGER),M,"48,0848000"," -1,7086700",35,2019,50.0,1.0,1.0,3.0,2153074,1.0,1,1,2,1.0,,-1.0, -1,1992.0,B01,138Â 297Â 372,1.0,8.0,-1.0,1644137,2.0,7,,0.0,2.0,1.0,A01,138Â 297Â 371,1.0
963304,201900004835,10,21,17:35,1,2,1,1.0,4.0,35281,DODIN (AVENUE ROGER),M,"48,0848000"," -1,7086700",35,2019,50.0,1.0,1.0,3.0,2153074,1.0,1,1,2,1.0,,-1.0, -1,1992.0,B01,138Â 297Â 372,1.0,8.0,-1.0,1644138,2.0,7,,0.0,2.0,4.0,B01,138Â 297Â 372,1.0
963304,201900004835,10,21,17:35,1,2,1,1.0,4.0,35281,DODIN (AVENUE ROGER),M,"48,0848000"," -1,7086700",35,2019,50.0,1.0,1.0,3.0,2153074,1.0,1,1,2,1.0,,-1.0, -1,1992.0,B01,138Â 297Â 372,1.0,8.0,-1.0,1644139,2.0,13,,0.0,1.0,4.0,C01,138Â 297Â 373,1.0
963304,201900004835,10,21,17:35,1,2,1,1.0,4.0,35281,DODIN (AVENUE ROGER),M,"48,0848000"," -1,7086700",35,2019,50.0,1.0,1.0,3.0,2153075,1.0,1,1,1,4.0,,-1.0, -1,1959.0,C01,138Â 297Â 373,1.0,0.0,-1.0,1644137,2.0,7,,0.0,2.0,1.0,A01,138Â 297Â 371,1.0
963304,201900004835,10,21,17:35,1,2,1,1.0,4.0,35281,DODIN (AVENUE ROGER),M,"48,0848000"," -1,7086700",35,2019,50.0,1.0,1.0,3.0,2153075,1.0,1,1,1,4.0,,-1.0, -1,1959.0,C01,138Â 297Â 373,1.0,0.0,-1.0,1644138,2.0,7,,0.0,2.0,4.0,B01,138Â 297Â 372,1.0
963304,201900004835,10,21,17:35,1,2,1,1.0,4.0,35281,DODIN (AVENUE ROGER),M,"48,0848000"," -1,7086700",35,2019,50.0,1.0,1.0,3.0,2153075,1.0,1,1,1,4.0,,-1.0, -1,1959.0,C01,138Â 297Â 373,1.0,0.0,-1.0,1644139,2.0,13,,0.0,1.0,4.0,C01,138Â 297Â 373,1.0
963305,201900004836,10,21,22:00,5,2,6,2.0,3.0,34172,GRANIER (ROND POINT ERNEST),M,"43,6017500","3,9005100",34,2019,50.0,1.0,2.0,4.0,2153076,1.0,1,3,1,0.0,,0.0,0,1969.0,B01,138Â 297Â 369,2.0,0.0,-1.0,1644140,1.0,2,,0.0,2.0,7.0,B01,138Â 297Â 369,1.0
963305,201900004836,10,21,22:00,5,2,6,2.0,3.0,34172,GRANIER (ROND POINT ERNEST),M,"43,6017500","3,9005100",34,2019,50.0,1.0,2.0,4.0,2153076,1.0,1,3,1,0.0,,0.0,0,1969.0,B01,138Â 297Â 369,2.0,0.0,-1.0,1644141,2.0,7,,0.0,2.0,3.0,A01,138Â 297Â 370,1.0
963305,201900004836,10,21,22:00,5,2,6,2.0,3.0,34172,GRANIER (ROND POINT ERNEST),M,"43,6017500","3,9005100",34,2019,50.0,1.0,2.0,4.0,2153077,1.0,1,1,1,0.0,,0.0,0,1989.0,A01,138Â 297Â 370,1.0,8.0,-1.0,1644140,1.0,2,,0.0,2.0,7.0,B01,138Â 297Â 369,1.0
963305,201900004836,10,21,22:00,5,2,6,2.0,3.0,34172,GRANIER (ROND POINT ERNEST),M,"43,6017500","3,9005100",34,2019,50.0,1.0,2.0,4.0,2153077,1.0,1,1,1,0.0,,0.0,0,1989.0,A01,138Â 297Â 370,1.0,8.0,-1.0,1644141,2.0,7,,0.0,2.0,3.0,A01,138Â 297Â 370,1.0
963306,201900004837,10,20,19:50,5,2,3,8.0,3.0,33318,AVE ANTOINE BECQUEREL,M,"44,7904300"," -0,6504000",33,2019,50.0,8.0,1.0,4.0,2153078,1.0,1,1,1,0.0,,-1.0,0,1981.0,A01,138Â 297Â 367,8.0,0.0,-1.0,1644142,1.0,7,,0.0,2.0,2.0,A01,138Â 297Â 367,1.0
963306,201900004837,10,20,19:50,5,2,3,8.0,3.0,33318,AVE ANTOINE BECQUEREL,M,"44,7904300"," -0,6504000",33,2019,50.0,8.0,1.0,4.0,2153078,1.0,1,1,1,0.0,,-1.0,0,1981.0,A01,138Â 297Â 367,8.0,0.0,-1.0,1644143,0.0,30,,0.0,2.0,1.0,B01,138Â 297Â 368,1.0
963306,201900004837,10,20,19:50,5,2,3,8.0,3.0,33318,AVE ANTOINE BECQUEREL,M,"44,7904300"," -0,6504000",33,2019,50.0,8.0,1.0,4.0,2153079,1.0,1,3,1,5.0,,-1.0,0,2002.0,B01,138Â 297Â 368,2.0,0.0,-1.0,1644142,1.0,7,,0.0,2.0,2.0,A01,138Â 297Â 367,1.0
963306,201900004837,10,20,19:50,5,2,3,8.0,3.0,33318,AVE ANTOINE BECQUEREL,M,"44,7904300"," -0,6504000",33,2019,50.0,8.0,1.0,4.0,2153079,1.0,1,3,1,5.0,,-1.0,0,2002.0,B01,138Â 297Â 368,2.0,0.0,-1.0,1644143,0.0,30,,0.0,2.0,1.0,B01,138Â 297Â 368,1.0
963307,201900004838,10,20,14:50,1,2,9,1.0,3.0,32013,HUIT MAI,M,"43,6560800","0,5912200",32,2019,30.0,1.0,1.0,4.0,2153080,1.0,1,1,1,5.0,,-1.0, -1,2000.0,B01,138Â 297Â 365,1.0,0.0,-1.0,1644144,3.0,7,,0.0,2.0,3.0,B01,138Â 297Â 365,1.0
963307,201900004838,10,20,14:50,1,2,9,1.0,3.0,32013,HUIT MAI,M,"43,6560800","0,5912200",32,2019,30.0,1.0,1.0,4.0,2153080,1.0,1,1,1,5.0,,-1.0, -1,2000.0,B01,138Â 297Â 365,1.0,0.0,-1.0,1644145,1.0,30,,0.0,2.0,1.0,A01,138Â 297Â 366,1.0
963307,201900004838,10,20,14:50,1,2,9,1.0,3.0,32013,HUIT MAI,M,"43,6560800","0,5912200",32,2019,30.0,1.0,1.0,4.0,2153081,1.0,1,4,1,5.0,,-1.0, -1,2003.0,A01,138Â 297Â 366,2.0,0.0,-1.0,1644144,3.0,7,,0.0,2.0,3.0,B01,138Â 297Â 365,1.0