Unnamed: 0_x,num_acc,mois,jour,hrmn,lum,agg,int,atm,col,com,adr,gps,lat,long,dep,annee,vma,situ,surf,catr,Unnamed: 0_y,place,catu,grav,sexe,trajet,secu,locp,actp,an_nais,num_veh_x,id_vehicule_x,secu1,secu2,secu3,Unnamed: 0,senc,catv,occutc,obs,obsm,choc,num_veh_y,id_vehicule_y,motor
963307,201900004838,10,20,14:50,1,2,9,1.0,3.0,32013,HUIT MAI,M,"43,6560800","0,5912200",32,2019,30.0,1.0,1.0,4.0,2153081,1.0,1,4,1,5.0,,-1.0, -1,2003.0,A01,138Â 297Â 366,2.0,0.0,-1.0,1644145,1.0,30,,0.0,2.0,1.0,A01,138Â 297Â 366,1.0
963308,201900004839,10,18,19:20,5,2,1,1.0,3.0,31555,RTE DE BLAGNAC,M,"43,6147800","1,4107200",31,2019,50.0,1.0,1.0,3.0,2153082,1.0,1,4,2,1.0,,-1.0, -1,1984.0,B01,138Â 297Â 363,2.0,0.0,-1.0,1644146,1.0,1,,0.0,2.0,7.0,B01,138Â 297Â 363,5.0
963308,201900004839,10,18,19:20,5,2,1,1.0,3.0,31555,RTE DE BLAGNAC,M,"43,6147800","1,4107200",31,2019,50.0,1.0,1.0,3.0,2153082,1.0,1,4,2,1.0,,-1.0, -1,1984.0,B01,138Â 297Â 363,2.0,0.0,-1.0,1644147,1.0,7,,0.0,2.0,0.0,A01,138Â 297Â 364,1.0
963309,201900004840,10,18,21:18,5,2,1,1.0,1.0,31555,AV DE RANGUEIL,M,"43,5738800","1,4586200",31,2019,50.0,1.0,1.0,4.0,2153083,2.0,1,1,1,9.0,,0.0,0,1966.0,A01,138Â 297Â 361,1.0,-1.0,-1.0,1644148,1.0,7,,0.0,2.0,3.0,A01,138Â 297Â 361,1.0
963309,201900004840,10,18,21:18,5,2,1,1.0,1.0,31555,AV DE RANGUEIL,M,"43,5738800","1,4586200",31,2019,50.0,1.0,1.0,4.0,2153083,2.0,1,1,1,9.0,,0.0,0,1966.0,A01,138Â 297Â 361,1.0,-1.0,-1.0,1644149,2.0,7,,0.0,2.0,1.0,B01,138Â 297Â 362,1.0
963309,201900004840,10,18,21:18,5,2,1,1.0,1.0,31555,AV DE RANGUEIL,M,"43,5738800","1,4586200",31,2019,50.0,1.0,1.0,4.0,2153084,1.0,1,4,1,9.0,,-1.0, -1,1975.0,B01,138Â 297Â 362,1.0,0.0,-1.0,1644148,1.0,7,,0.0,2.0,3.0,A01,138Â 297Â 361,1.0
963309,201900004840,10,18,21:18,5,2,1,1.0,1.0,31555,AV DE RANGUEIL,M,"43,5738800","1,4586200",31,2019,50.0,1.0,1.0,4.0,2153084,1.0,1,4,1,9.0,,-1.0, -1,1975.0,B01,138Â 297Â 362,1.0,0.0,-1.0,1644149,2.0,7,,0.0,2.0,1.0,B01,138Â 297Â 362,1.0
963310,201900004841,10,18,14:59,1,2,1,8.0,6.0,31555,PL ETIENNE ESQUIROL,M,"43,6004300","1,4449600",31,2019,50.0,1.0,1.0,4.0,2153085,10.0,3,4,1,9.0,,2.0,3,1968.0,A01,138Â 297Â 360,8.0,0.0,-1.0,1644150,1.0,31,,0.0,1.0,0.0,A01,138Â 297Â 360,1.0
963310,201900004841,10,18,14:59,1,2,1,8.0,6.0,31555,PL ETIENNE ESQUIROL,M,"43,6004300","1,4449600",31,2019,50.0,1.0,1.0,4.0,2153086,1.0,1,1,1,4.0,,-1.0, -1,1987.0,A01,138Â 297Â 360,2.0,0.0,-1.0,1644150,1.0,31,,0.0,1.0,0.0,A01,138Â 297Â 360,1.0
963311,201900004842,10,18,20:20,5,2,2,1.0,2.0,30189,MENDES FRANCE PIERRE (AVENUE),M,"43,8264000","4,3763000",30,2019,50.0,1.0,1.0,4.0,2153087,1.0,1,3,1,0.0,,-1.0, -1,1986.0,B01,138Â 297Â 358,2.0,6.0,-1.0,1644151,1.0,33,,0.0,2.0,4.0,B01,138Â 297Â 358,1.0
963311,201900004842,10,18,20:20,5,2,2,1.0,2.0,30189,MENDES FRANCE PIERRE (AVENUE),M,"43,8264000","4,3763000",30,2019,50.0,1.0,1.0,4.0,2153087,1.0,1,3,1,0.0,,-1.0, -1,1986.0,B01,138Â 297Â 358,2.0,6.0,-1.0,1644152,1.0,7,,0.0,2.0,1.0,A01,138Â 297Â 359,1.0
963311,201900004842,10,18,20:20,5,2,2,1.0,2.0,30189,MENDES FRANCE PIERRE (AVENUE),M,"43,8264000","4,3763000",30,2019,50.0,1.0,1.0,4.0,2153088,1.0,1,1,1,0.0,,-1.0, -1,2000.0,A01,138Â 297Â 359,1.0,0.0,-1.0,1644151,1.0,33,,0.0,2.0,4.0,B01,138Â 297Â 358,1.0
963311,201900004842,10,18,20:20,5,2,2,1.0,2.0,30189,MENDES FRANCE PIERRE (AVENUE),M,"43,8264000","4,3763000",30,2019,50.0,1.0,1.0,4.0,2153088,1.0,1,1,1,0.0,,-1.0, -1,2000.0,A01,138Â 297Â 359,1.0,0.0,-1.0,1644152,1.0,7,,0.0,2.0,1.0,A01,138Â 297Â 359,1.0
963312,201900004843,10,20,13:20,1,1,1,8.0,1.0,25056,MORRE ROUTE DE,M,"47,2258900","6,0494000",25,2019,80.0,1.0,2.0,3.0,2153089,1.0,1,3,1,5.0,,-1.0,0,1997.0,A01,138Â 297Â 356,1.0,8.0,-1.0,1644153,1.0,7,,0.0,2.0,8.0,A01,138Â 297Â 356,1.0
963312,201900004843,10,20,13:20,1,1,1,8.0,1.0,25056,MORRE ROUTE DE,M,"47,2258900","6,0494000",25,2019,80.0,1.0,2.0,3.0,2153089,1.0,1,3,1,5.0,,-1.0,0,1997.0,A01,138Â 297Â 356,1.0,8.0,-1.0,1644154,2.0,7,,0.0,2.0,1.0,B01,138Â 297Â 357,1.0
963312,201900004843,10,20,13:20,1,1,1,8.0,1.0,25056,MORRE ROUTE DE,M,"47,2258900","6,0494000",25,2019,80.0,1.0,2.0,3.0,2153090,4.0,2,1,1,5.0,,-1.0,0,1987.0,B01,138Â 297Â 357,1.0,8.0,-1.0,1644153,1.0,7,,0.0,2.0,8.0,A01,138Â 297Â 356,1.0
963312,201900004843,10,20,13:20,1,1,1,8.0,1.0,25056,MORRE ROUTE DE,M,"47,2258900","6,0494000",25,2019,80.0,1.0,2.0,3.0,2153090,4.0,2,1,1,5.0,,-1.0,0,1987.0,B01,138Â 297Â 357,1.0,8.0,-1.0,1644154,2.0,7,,0.0,2.0,1.0,B01,138Â 297Â 357,1.0
963312,201900004843,10,20,13:20,1,1,1,8.0,1.0,25056,MORRE ROUTE DE,M,"47,2258900","6,0494000",25,2019,80.0,1.0,2.0,3.0,2153091,3.0,2,4,2,0.0,,-1.0,0,1987.0,B01,138Â 297Â 357,1.0,8.0,-1.0,1644153,1.0,7,,0.0,2.0,8.0,A01,138Â 297Â 356,1.0
963312,201900004843,10,20,13:20,1,1,1,8.0,1.0,25056,MORRE ROUTE DE,M,"47,2258900","6,0494000",25,2019,80.0,1.0,2.0,3.0,2153091,3.0,2,4,2,0.0,,-1.0,0,1987.0,B01,138Â 297Â 357,1.0,8.0,-1.0,1644154,2.0,7,,0.0,2.0,1.0,B01,138Â 297Â 357,1.0
963312,201900004843,10,20,13:20,1,1,1,8.0,1.0,25056,MORRE ROUTE DE,M,"47,2258900","6,0494000",25,2019,80.0,1.0,2.0,3.0,2153092,1.0,1,1,1,5.0,,-1.0,0,1987.0,B01,138Â 297Â 357,1.0,8.0,-1.0,1644153,1.0,7,,0.0,2.0,8.0,A01,138Â 297Â 356,1.0
963312,201900004843,10,20,13:20,1,1,1,8.0,1.0,25056,MORRE ROUTE DE,M,"47,2258900","6,0494000",25,2019,80.0,1.0,2.0,3.0,2153092,1.0,1,1,1,5.0,,-1.0,0,1987.0,B01,138Â 297Â 357,1.0,8.0,-1.0,1644154,2.0,7,,0.0,2.0,1.0,B01,138Â 297Â 357,1.0
963312,201900004843,10,20,13:20,1,1,1,8.0,1.0,25056,MORRE ROUTE DE,M,"47,2258900","6,0494000",25,2019,80.0,1.0,2.0,3.0,2153093,2.0,2,1,1,0.0,,-1.0,0,1987.0,B01,138Â 297Â 357,1.0,8.0,-1.0,1644153,1.0,7,,0.0,2.0,8.0,A01,138Â 297Â 356,1.0
963312,201900004843,10,20,13:20,1,1,1,8.0,1.0,25056,MORRE ROUTE DE,M,"47,2258900","6,0494000",25,2019,80.0,1.0,2.0,3.0,2153093,2.0,2,1,1,0.0,,-1.0,0,1987.0,B01,138Â 297Â 357,1.0,8.0,-1.0,1644154,2.0,7,,0.0,2.0,1.0,B01,138Â 297Â 357,1.0
963313,201900004844,10,20,23:00,5,2,1,2.0,6.0,21231,RD 974 - PR 47+700 - JEAN JAURES (AVENUE),M,"47,3114000","5,0269600",21,2019,50.0,6.0,1.0,3.0,2153094,4.0,2,4,1,0.0,,-1.0, -1,1993.0,A01,138Â 297Â 355,1.0,8.0,-1.0,1644155,2.0,7,,8.0,0.0,1.0,A01,138Â 297Â 355,1.0
963313,201900004844,10,20,23:00,5,2,1,2.0,6.0,21231,RD 974 - PR 47+700 - JEAN JAURES (AVENUE),M,"47,3114000","5,0269600",21,2019,50.0,6.0,1.0,3.0,2153095,1.0,1,4,1,0.0,,-1.0, -1,1991.0,A01,138Â 297Â 355,1.0,8.0,-1.0,1644155,2.0,7,,8.0,0.0,1.0,A01,138Â 297Â 355,1.0
963313,201900004844,10,20,23:00,5,2,1,2.0,6.0,21231,RD 974 - PR 47+700 - JEAN JAURES (AVENUE),M,"47,3114000","5,0269600",21,2019,50.0,6.0,1.0,3.0,2153096,2.0,2,4,1,0.0,,-1.0, -1,1991.0,A01,138Â 297Â 355,1.0,8.0,-1.0,1644155,2.0,7,,8.0,0.0,1.0,A01,138Â 297Â 355,1.0
963314,201900004845,10,19,14:50,1,2,1,2.0,3.0,21231,BUFFON (RUE),M,"47,3204100","5,0452600",21,2019,50.0,1.0,2.0,4.0,2153097,1.0,1,1,1,0.0,,-1.0, -1,1948.0,B01,138Â 297Â 353,1.0,0.0,-1.0,1644156,2.0,7,,0.0,2.0,3.0,B01,138Â 297Â 353,1.0
963314,201900004845,10,19,14:50,1,2,1,2.0,3.0,21231,BUFFON (RUE),M,"47,3204100","5,0452600",21,2019,50.0,1.0,2.0,4.0,2153097,1.0,1,1,1,0.0,,-1.0, -1,1948.0,B01,138Â 297Â 353,1.0,0.0,-1.0,1644157,2.0,33,,0.0,2.0,8.0,A01,138Â 297Â 354,1.0
963314,201900004845,10,19,14:50,1,2,1,2.0,3.0,21231,BUFFON (RUE),M,"47,3204100","5,0452600",21,2019,50.0,1.0,2.0,4.0,2153098,1.0,1,4,1,4.0,,-1.0, -1,1973.0,A01,138Â 297Â 354,2.0,6.0,-1.0,1644156,2.0,7,,0.0,2.0,3.0,B01,138Â 297Â 353,1.0
963314,201900004845,10,19,14:50,1,2,1,2.0,3.0,21231,BUFFON (RUE),M,"47,3204100","5,0452600",21,2019,50.0,1.0,2.0,4.0,2153098,1.0,1,4,1,4.0,,-1.0, -1,1973.0,A01,138Â 297Â 354,2.0,6.0,-1.0,1644157,2.0,33,,0.0,2.0,8.0,A01,138Â 297Â 354,1.0
963315,201900004846,10,16,09:00,1,2,3,1.0,3.0,18033,SAINT-AMAND (AVENUE DE),M,"47,0595400","2,3861700",18,2019,50.0,1.0,1.0,4.0,2153099,1.0,1,1,2,0.0,,-1.0, -1,1982.0,A01,138Â 297Â 351,1.0,8.0,-1.0,1644158,2.0,7,,0.0,2.0,3.0,A01,138Â 297Â 351,1.0
963315,201900004846,10,16,09:00,1,2,3,1.0,3.0,18033,SAINT-AMAND (AVENUE DE),M,"47,0595400","2,3861700",18,2019,50.0,1.0,1.0,4.0,2153099,1.0,1,1,2,0.0,,-1.0, -1,1982.0,A01,138Â 297Â 351,1.0,8.0,-1.0,1644159,2.0,1,,0.0,2.0,1.0,B01,138Â 297Â 352,5.0
963315,201900004846,10,16,09:00,1,2,3,1.0,3.0,18033,SAINT-AMAND (AVENUE DE),M,"47,0595400","2,3861700",18,2019,50.0,1.0,1.0,4.0,2153100,1.0,1,4,1,1.0,,-1.0, -1,1976.0,B01,138Â 297Â 352,8.0,0.0,-1.0,1644158,2.0,7,,0.0,2.0,3.0,A01,138Â 297Â 351,1.0
963315,201900004846,10,16,09:00,1,2,3,1.0,3.0,18033,SAINT-AMAND (AVENUE DE),M,"47,0595400","2,3861700",18,2019,50.0,1.0,1.0,4.0,2153100,1.0,1,4,1,1.0,,-1.0, -1,1976.0,B01,138Â 297Â 352,8.0,0.0,-1.0,1644159,2.0,1,,0.0,2.0,1.0,B01,138Â 297Â 352,5.0
963316,201900004847,10,22,00:05,5,2,2,1.0,3.0,17300,BALANDE   RUE GASTON,M,"46,1713900"," -1,1770000",17,2019,50.0,1.0,1.0,4.0,2153101,1.0,1,4,2,5.0,,-1.0,0,1976.0,B01,138Â 297Â 347,1.0,8.0,-1.0,1644160,2.0,7,,0.0,2.0,8.0,B01,138Â 297Â 347,1.0
963316,201900004847,10,22,00:05,5,2,2,1.0,3.0,17300,BALANDE   RUE GASTON,M,"46,1713900"," -1,1770000",17,2019,50.0,1.0,1.0,4.0,2153101,1.0,1,4,2,5.0,,-1.0,0,1976.0,B01,138Â 297Â 347,1.0,8.0,-1.0,1644161,1.0,7,,0.0,2.0,1.0,A01,138Â 297Â 348,1.0
963316,201900004847,10,22,00:05,5,2,2,1.0,3.0,17300,BALANDE   RUE GASTON,M,"46,1713900"," -1,1770000",17,2019,50.0,1.0,1.0,4.0,2153102,1.0,1,1,1,5.0,,-1.0,0,2000.0,A01,138Â 297Â 348,1.0,8.0,-1.0,1644160,2.0,7,,0.0,2.0,8.0,B01,138Â 297Â 347,1.0
963316,201900004847,10,22,00:05,5,2,2,1.0,3.0,17300,BALANDE   RUE GASTON,M,"46,1713900"," -1,1770000",17,2019,50.0,1.0,1.0,4.0,2153102,1.0,1,1,1,5.0,,-1.0,0,2000.0,A01,138Â 297Â 348,1.0,8.0,-1.0,1644161,1.0,7,,0.0,2.0,1.0,A01,138Â 297Â 348,1.0
963317,201900004848,10,20,20:15,5,2,6,3.0,6.0,14536,CD 580,M,"49,4118500","0,2525100",14,2019,50.0,4.0,2.0,3.0,2153103,1.0,1,4,2,0.0,,0.0,0,1994.0,A01,138Â 297Â 346,1.0,0.0,-1.0,1644162,2.0,7,,6.0,0.0,1.0,A01,138Â 297Â 346,1.0
963318,201900004849,10,19,12:23,1,2,1,1.0,3.0,14118,LACHENAL (RUE LOUIS),M,"49,1554000"," -0,3431500",14,2019,-1.0,6.0,1.0,4.0,2153104,2.0,2,1,1,-1.0,,0.0,0,2012.0,A01,138Â 297Â 344,1.0,-1.0,-1.0,1644163,1.0,7,,0.0,4.0,1.0,A01,138Â 297Â 344,1.0
963318,201900004849,10,19,12:23,1,2,1,1.0,3.0,14118,LACHENAL (RUE LOUIS),M,"49,1554000"," -0,3431500",14,2019,-1.0,6.0,1.0,4.0,2153104,2.0,2,1,1,-1.0,,0.0,0,2012.0,A01,138Â 297Â 344,1.0,-1.0,-1.0,1644164,1.0,40,,0.0,0.0,0.0,B01,138Â 297Â 345,3.0
963318,201900004849,10,19,12:23,1,2,1,1.0,3.0,14118,LACHENAL (RUE LOUIS),M,"49,1554000"," -0,3431500",14,2019,-1.0,6.0,1.0,4.0,2153105,1.0,1,4,1,-1.0,,-1.0, -1,1986.0,A01,138Â 297Â 344,1.0,-1.0,-1.0,1644163,1.0,7,,0.0,4.0,1.0,A01,138Â 297Â 344,1.0
963318,201900004849,10,19,12:23,1,2,1,1.0,3.0,14118,LACHENAL (RUE LOUIS),M,"49,1554000"," -0,3431500",14,2019,-1.0,6.0,1.0,4.0,2153105,1.0,1,4,1,-1.0,,-1.0, -1,1986.0,A01,138Â 297Â 344,1.0,-1.0,-1.0,1644164,1.0,40,,0.0,0.0,0.0,B01,138Â 297Â 345,3.0
963318,201900004849,10,19,12:23,1,2,1,1.0,3.0,14118,LACHENAL (RUE LOUIS),M,"49,1554000"," -0,3431500",14,2019,-1.0,6.0,1.0,4.0,2153106,1.0,1,1,1,-1.0,,0.0,0,1983.0,B01,138Â 297Â 345,1.0,-1.0,-1.0,1644163,1.0,7,,0.0,4.0,1.0,A01,138Â 297Â 344,1.0
963318,201900004849,10,19,12:23,1,2,1,1.0,3.0,14118,LACHENAL (RUE LOUIS),M,"49,1554000"," -0,3431500",14,2019,-1.0,6.0,1.0,4.0,2153106,1.0,1,1,1,-1.0,,0.0,0,1983.0,B01,138Â 297Â 345,1.0,-1.0,-1.0,1644164,1.0,40,,0.0,0.0,0.0,B01,138Â 297Â 345,3.0
963319,201900004850,10,15,18:35,1,1,1,1.0,6.0,13108,RD 970 ROUTE D'AVIGNON,M,"43,8360030","4,7232330",13,2019,80.0,1.0,1.0,3.0,2153107,1.0,1,1,1,5.0,,-1.0,0,1992.0,A01,138Â 297Â 342,1.0,0.0,-1.0,1644165,1.0,10,,0.0,2.0,2.0,A01,138Â 297Â 342,1.0
963319,201900004850,10,15,18:35,1,1,1,1.0,6.0,13108,RD 970 ROUTE D'AVIGNON,M,"43,8360030","4,7232330",13,2019,80.0,1.0,1.0,3.0,2153107,1.0,1,1,1,5.0,,-1.0,0,1992.0,A01,138Â 297Â 342,1.0,0.0,-1.0,1644166,1.0,1,,0.0,2.0,4.0,B01,138Â 297Â 343,0.0
963319,201900004850,10,15,18:35,1,1,1,1.0,6.0,13108,RD 970 ROUTE D'AVIGNON,M,"43,8360030","4,7232330",13,2019,80.0,1.0,1.0,3.0,2153108,1.0,1,3,1,5.0,,-1.0,0,1982.0,B01,138Â 297Â 343,2.0,0.0,-1.0,1644165,1.0,10,,0.0,2.0,2.0,A01,138Â 297Â 342,1.0
963319,201900004850,10,15,18:35,1,1,1,1.0,6.0,13108,RD 970 ROUTE D'AVIGNON,M,"43,8360030","4,7232330",13,2019,80.0,1.0,1.0,3.0,2153108,1.0,1,3,1,5.0,,-1.0,0,1982.0,B01,138Â 297Â 343,2.0,0.0,-1.0,1644166,1.0,1,,0.0,2.0,4.0,B01,138Â 297Â 343,0.0
963320,201900004851,10,20,13:30,1,1,1,1.0,3.0,13026,SARGAS,M,"43,3947000","5,1839400",13,2019,80.0,1.0,1.0,4.0,2153109,1.0,1,4,1,5.0,,-1.0, -1,1998.0,A01,138Â 297Â 340,2.0,0.0,-1.0,1644167,3.0,33,,0.0,2.0,1.0,A01,138Â 297Â 340,1.0
963320,201900004851,10,20,13:30,1,1,1,1.0,3.0,13026,SARGAS,M,"43,3947000","5,1839400",13,2019,80.0,1.0,1.0,4.0,2153109,1.0,1,4,1,5.0,,-1.0, -1,1998.0,A01,138Â 297Â 340,2.0,0.0,-1.0,1644168,3.0,7,,0.0,2.0,6.0,B01,138Â 297Â 341,1.0
963320,201900004851,10,20,13:30,1,1,1,1.0,3.0,13026,SARGAS,M,"43,3947000","5,1839400",13,2019,80.0,1.0,1.0,4.0,2153110,1.0,1,1,1,5.0,,-1.0, -1,1943.0,B01,138Â 297Â 341,1.0,0.0,-1.0,1644167,3.0,33,,0.0,2.0,1.0,A01,138Â 297Â 340,1.0
963320,201900004851,10,20,13:30,1,1,1,1.0,3.0,13026,SARGAS,M,"43,3947000","5,1839400",13,2019,80.0,1.0,1.0,4.0,2153110,1.0,1,1,1,5.0,,-1.0, -1,1943.0,B01,138Â 297Â 341,1.0,0.0,-1.0,1644168,3.0,7,,0.0,2.0,6.0,B01,138Â 297Â 341,1.0
963321,201900004852,10,20,23:10,5,1,1,2.0,6.0,13077,LA TREMIE (accÃ¨s RN 568 vers MARTIGUES),M,"43,4267547","4,9699927",13,2019,90.0,1.0,1.0,2.0,2153111,1.0,1,3,1,-1.0,,-1.0, -1,1981.0,A01,138Â 297Â 339,1.0,0.0,-1.0,1644169,3.0,7,,0.0,0.0,1.0,A01,138Â 297Â 339,1.0
963322,201900004853,10,21,21:08,3,2,1,1.0,3.0,13209,SCHLOESING (BOULEVARD),M,"43,2726800","5,4008600",13,2019,50.0,1.0,2.0,4.0,2153112,1.0,1,1,1,5.0,,-1.0, -1,2001.0,B01,138Â 297Â 337,1.0,8.0,-1.0,1644170,2.0,7,,0.0,2.0,5.0,B01,138Â 297Â 337,1.0
963322,201900004853,10,21,21:08,3,2,1,1.0,3.0,13209,SCHLOESING (BOULEVARD),M,"43,2726800","5,4008600",13,2019,50.0,1.0,2.0,4.0,2153112,1.0,1,1,1,5.0,,-1.0, -1,2001.0,B01,138Â 297Â 337,1.0,8.0,-1.0,1644171,2.0,32,,0.0,2.0,1.0,A01,138Â 297Â 338,1.0
963322,201900004853,10,21,21:08,3,2,1,1.0,3.0,13209,SCHLOESING (BOULEVARD),M,"43,2726800","5,4008600",13,2019,50.0,1.0,2.0,4.0,2153113,1.0,1,3,1,0.0,,-1.0, -1,1993.0,A01,138Â 297Â 338,2.0,0.0,-1.0,1644170,2.0,7,,0.0,2.0,5.0,B01,138Â 297Â 337,1.0
963322,201900004853,10,21,21:08,3,2,1,1.0,3.0,13209,SCHLOESING (BOULEVARD),M,"43,2726800","5,4008600",13,2019,50.0,1.0,2.0,4.0,2153113,1.0,1,3,1,0.0,,-1.0, -1,1993.0,A01,138Â 297Â 338,2.0,0.0,-1.0,1644171,2.0,32,,0.0,2.0,1.0,A01,138Â 297Â 338,1.0
963323,201900004854,10,20,22:00,5,2,1,2.0,3.0,13215,LYON (RUE DE),M,"43,3329870","5,3642960",13,2019,50.0,1.0,2.0,4.0,2153114,1.0,1,1,1,0.0,,-1.0, -1,1989.0,A01,138Â 297Â 335,1.0,0.0,-1.0,1644172,3.0,0,,0.0,2.0,0.0,A01,138Â 297Â 335,1.0
963323,201900004854,10,20,22:00,5,2,1,2.0,3.0,13215,LYON (RUE DE),M,"43,3329870","5,3642960",13,2019,50.0,1.0,2.0,4.0,2153114,1.0,1,1,1,0.0,,-1.0, -1,1989.0,A01,138Â 297Â 335,1.0,0.0,-1.0,1644173,0.0,37,1.0,0.0,2.0,2.0,B01,138Â 297Â 336,1.0
963323,201900004854,10,20,22:00,5,2,1,2.0,3.0,13215,LYON (RUE DE),M,"43,3329870","5,3642960",13,2019,50.0,1.0,2.0,4.0,2153115,10.0,3,4,1,1.0,,1.0,B,1970.0,B01,138Â 297Â 336,8.0,0.0,-1.0,1644172,3.0,0,,0.0,2.0,0.0,A01,138Â 297Â 335,1.0
963323,201900004854,10,20,22:00,5,2,1,2.0,3.0,13215,LYON (RUE DE),M,"43,3329870","5,3642960",13,2019,50.0,1.0,2.0,4.0,2153115,10.0,3,4,1,1.0,,1.0,B,1970.0,B01,138Â 297Â 336,8.0,0.0,-1.0,1644173,0.0,37,1.0,0.0,2.0,2.0,B01,138Â 297Â 336,1.0
963323,201900004854,10,20,22:00,5,2,1,2.0,3.0,13215,LYON (RUE DE),M,"43,3329870","5,3642960",13,2019,50.0,1.0,2.0,4.0,2153116,1.0,1,4,1,4.0,,-1.0, -1,1994.0,B01,138Â 297Â 336,1.0,0.0,-1.0,1644172,3.0,0,,0.0,2.0,0.0,A01,138Â 297Â 335,1.0
963323,201900004854,10,20,22:00,5,2,1,2.0,3.0,13215,LYON (RUE DE),M,"43,3329870","5,3642960",13,2019,50.0,1.0,2.0,4.0,2153116,1.0,1,4,1,4.0,,-1.0, -1,1994.0,B01,138Â 297Â 336,1.0,0.0,-1.0,1644173,0.0,37,1.0,0.0,2.0,2.0,B01,138Â 297Â 336,1.0
963324,201900004855,10,17,21:00,3,2,1,1.0,6.0,13001,CLUB HIPPIQUE (AV),M,"43,5123920","5,4224700",13,2019,50.0,1.0,1.0,3.0,2153117,1.0,1,2,1,0.0,,-1.0, -1,1952.0,A01,138Â 297Â 334,2.0,8.0,-1.0,1644174,2.0,1,,0.0,0.0,1.0,A01,138Â 297Â 334,5.0
963325,201900004856,10,18,16:30,1,2,3,1.0,3.0,08105,BETHUNE (BOULEVARD DE),M,"49,7549620","4,7198910",8,2019,50.0,1.0,1.0,4.0,2153118,1.0,1,3,1,1.0,,0.0,0,1973.0,B01,138Â 297Â 331,0.0,0.0,-1.0,1644175,0.0,1,,0.0,2.0,1.0,B01,138Â 297Â 331,5.0
963325,201900004856,10,18,16:30,1,2,3,1.0,3.0,08105,BETHUNE (BOULEVARD DE),M,"49,7549620","4,7198910",8,2019,50.0,1.0,1.0,4.0,2153118,1.0,1,3,1,1.0,,0.0,0,1973.0,B01,138Â 297Â 331,0.0,0.0,-1.0,1644176,0.0,7,,0.0,2.0,2.0,A01,138Â 297Â 332,1.0
963325,201900004856,10,18,16:30,1,2,3,1.0,3.0,08105,BETHUNE (BOULEVARD DE),M,"49,7549620","4,7198910",8,2019,50.0,1.0,1.0,4.0,2153119,1.0,1,1,1,1.0,,0.0,0,1977.0,A01,138Â 297Â 332,1.0,8.0,-1.0,1644175,0.0,1,,0.0,2.0,1.0,B01,138Â 297Â 331,5.0
963325,201900004856,10,18,16:30,1,2,3,1.0,3.0,08105,BETHUNE (BOULEVARD DE),M,"49,7549620","4,7198910",8,2019,50.0,1.0,1.0,4.0,2153119,1.0,1,1,1,1.0,,0.0,0,1977.0,A01,138Â 297Â 332,1.0,8.0,-1.0,1644176,0.0,7,,0.0,2.0,2.0,A01,138Â 297Â 332,1.0
963326,201900004857,10,18,08:20,1,1,1,8.0,2.0,05061,RN 94,M,"44,5756800","6,1134800",5,2019,70.0,1.0,1.0,2.0,2153120,1.0,1,4,2,5.0,,0.0,0,1958.0,A01,138Â 297Â 329,1.0,0.0,-1.0,1644177,1.0,7,,0.0,2.0,1.0,A01,138Â 297Â 329,1.0
963326,201900004857,10,18,08:20,1,1,1,8.0,2.0,05061,RN 94,M,"44,5756800","6,1134800",5,2019,70.0,1.0,1.0,2.0,2153120,1.0,1,4,2,5.0,,0.0,0,1958.0,A01,138Â 297Â 329,1.0,0.0,-1.0,1644178,1.0,7,,0.0,2.0,4.0,B01,138Â 297Â 330,0.0
963326,201900004857,10,18,08:20,1,1,1,8.0,2.0,05061,RN 94,M,"44,5756800","6,1134800",5,2019,70.0,1.0,1.0,2.0,2153121,9.0,2,4,2,0.0,,-1.0,0,1989.0,B01,138Â 297Â 330,1.0,0.0,-1.0,1644177,1.0,7,,0.0,2.0,1.0,A01,138Â 297Â 329,1.0
963326,201900004857,10,18,08:20,1,1,1,8.0,2.0,05061,RN 94,M,"44,5756800","6,1134800",5,2019,70.0,1.0,1.0,2.0,2153121,9.0,2,4,2,0.0,,-1.0,0,1989.0,B01,138Â 297Â 330,1.0,0.0,-1.0,1644178,1.0,7,,0.0,2.0,4.0,B01,138Â 297Â 330,0.0
963326,201900004857,10,18,08:20,1,1,1,8.0,2.0,05061,RN 94,M,"44,5756800","6,1134800",5,2019,70.0,1.0,1.0,2.0,2153122,8.0,2,4,2,2.0,,-1.0,0,1989.0,B01,138Â 297Â 330,1.0,0.0,-1.0,1644177,1.0,7,,0.0,2.0,1.0,A01,138Â 297Â 329,1.0
963326,201900004857,10,18,08:20,1,1,1,8.0,2.0,05061,RN 94,M,"44,5756800","6,1134800",5,2019,70.0,1.0,1.0,2.0,2153122,8.0,2,4,2,2.0,,-1.0,0,1989.0,B01,138Â 297Â 330,1.0,0.0,-1.0,1644178,1.0,7,,0.0,2.0,4.0,B01,138Â 297Â 330,0.0
963326,201900004857,10,18,08:20,1,1,1,8.0,2.0,05061,RN 94,M,"44,5756800","6,1134800",5,2019,70.0,1.0,1.0,2.0,2153123,7.0,2,4,2,2.0,,-1.0,0,1985.0,B01,138Â 297Â 330,1.0,0.0,-1.0,1644177,1.0,7,,0.0,2.0,1.0,A01,138Â 297Â 329,1.0