Unnamed: 0_x,num_acc,mois,jour,hrmn,lum,agg,int,atm,col,com,adr,gps,lat,long,dep,annee,vma,situ,surf,catr,Unnamed: 0_y,place,catu,grav,sexe,trajet,secu,locp,actp,an_nais,num_veh_x,id_vehicule_x,secu1,secu2,secu3,Unnamed: 0,senc,catv,occutc,obs,obsm,choc,num_veh_y,id_vehicule_y,motor
963326,201900004857,10,18,08:20,1,1,1,8.0,2.0,05061,RN 94,M,"44,5756800","6,1134800",5,2019,70.0,1.0,1.0,2.0,2153123,7.0,2,4,2,2.0,,-1.0,0,1985.0,B01,138Â 297Â 330,1.0,0.0,-1.0,1644178,1.0,7,,0.0,2.0,4.0,B01,138Â 297Â 330,0.0
963326,201900004857,10,18,08:20,1,1,1,8.0,2.0,05061,RN 94,M,"44,5756800","6,1134800",5,2019,70.0,1.0,1.0,2.0,2153124,1.0,1,4,2,2.0,,0.0,0,1982.0,B01,138Â 297Â 330,1.0,0.0,-1.0,1644177,1.0,7,,0.0,2.0,1.0,A01,138Â 297Â 329,1.0
963326,201900004857,10,18,08:20,1,1,1,8.0,2.0,05061,RN 94,M,"44,5756800","6,1134800",5,2019,70.0,1.0,1.0,2.0,2153124,1.0,1,4,2,2.0,,0.0,0,1982.0,B01,138Â 297Â 330,1.0,0.0,-1.0,1644178,1.0,7,,0.0,2.0,4.0,B01,138Â 297Â 330,0.0
963326,201900004857,10,18,08:20,1,1,1,8.0,2.0,05061,RN 94,M,"44,5756800","6,1134800",5,2019,70.0,1.0,1.0,2.0,2153125,2.0,2,4,2,2.0,,0.0,0,1984.0,B01,138Â 297Â 330,1.0,0.0,-1.0,1644177,1.0,7,,0.0,2.0,1.0,A01,138Â 297Â 329,1.0
963326,201900004857,10,18,08:20,1,1,1,8.0,2.0,05061,RN 94,M,"44,5756800","6,1134800",5,2019,70.0,1.0,1.0,2.0,2153125,2.0,2,4,2,2.0,,0.0,0,1984.0,B01,138Â 297Â 330,1.0,0.0,-1.0,1644178,1.0,7,,0.0,2.0,4.0,B01,138Â 297Â 330,0.0
963326,201900004857,10,18,08:20,1,1,1,8.0,2.0,05061,RN 94,M,"44,5756800","6,1134800",5,2019,70.0,1.0,1.0,2.0,2153126,4.0,2,4,2,2.0,,-1.0,0,1990.0,B01,138Â 297Â 330,1.0,0.0,-1.0,1644177,1.0,7,,0.0,2.0,1.0,A01,138Â 297Â 329,1.0
963326,201900004857,10,18,08:20,1,1,1,8.0,2.0,05061,RN 94,M,"44,5756800","6,1134800",5,2019,70.0,1.0,1.0,2.0,2153126,4.0,2,4,2,2.0,,-1.0,0,1990.0,B01,138Â 297Â 330,1.0,0.0,-1.0,1644178,1.0,7,,0.0,2.0,4.0,B01,138Â 297Â 330,0.0
963327,201900004858,10,20,11:00,1,2,1,2.0,6.0,75120,BD PERIPHERIQUE INTERIEUR  ,M,"48,8653686","2,4123737",75,2019,50.0,1.0,2.0,4.0,2153127,1.0,1,4,2,5.0,,0.0,0,1983.0,A01,138Â 297Â 328,1.0,8.0,-1.0,1644179,1.0,7,,4.0,0.0,3.0,A01,138Â 297Â 328,1.0
963328,201900004859,10,21,11:13,1,2,4,8.0,3.0,75114,RUE D ALESIA,M,"48,8271960","2,3367180",75,2019,30.0,6.0,1.0,4.0,2153128,1.0,1,3,1,5.0,,0.0,0,1946.0,B01,138Â 297Â 326,2.0,6.0,-1.0,1644180,1.0,33,,0.0,2.0,8.0,B01,138Â 297Â 326,1.0
963328,201900004859,10,21,11:13,1,2,4,8.0,3.0,75114,RUE D ALESIA,M,"48,8271960","2,3367180",75,2019,30.0,6.0,1.0,4.0,2153128,1.0,1,3,1,5.0,,0.0,0,1946.0,B01,138Â 297Â 326,2.0,6.0,-1.0,1644181,2.0,7,,0.0,2.0,1.0,A01,138Â 297Â 327,1.0
963328,201900004859,10,21,11:13,1,2,4,8.0,3.0,75114,RUE D ALESIA,M,"48,8271960","2,3367180",75,2019,30.0,6.0,1.0,4.0,2153129,1.0,1,1,2,5.0,,0.0,0,1985.0,A01,138Â 297Â 327,1.0,0.0,-1.0,1644180,1.0,33,,0.0,2.0,8.0,B01,138Â 297Â 326,1.0
963328,201900004859,10,21,11:13,1,2,4,8.0,3.0,75114,RUE D ALESIA,M,"48,8271960","2,3367180",75,2019,30.0,6.0,1.0,4.0,2153129,1.0,1,1,2,5.0,,0.0,0,1985.0,A01,138Â 297Â 327,1.0,0.0,-1.0,1644181,2.0,7,,0.0,2.0,1.0,A01,138Â 297Â 327,1.0
963329,201900004860,10,21,17:20,1,2,4,1.0,6.0,75120,RUE BELGRAND,M,"48,8646097","2,4059653",75,2019,50.0,1.0,1.0,4.0,2153130,1.0,1,1,1,1.0,,0.0,0,1993.0,A01,138Â 297Â 325,2.0,6.0,-1.0,1644182,1.0,43,,0.0,1.0,2.0,A01,138Â 297Â 325,1.0
963329,201900004860,10,21,17:20,1,2,4,1.0,6.0,75120,RUE BELGRAND,M,"48,8646097","2,4059653",75,2019,50.0,1.0,1.0,4.0,2153131,10.0,3,4,1,1.0,,2.0,3,1961.0,A01,138Â 297Â 325,0.0,-1.0,-1.0,1644182,1.0,43,,0.0,1.0,2.0,A01,138Â 297Â 325,1.0
963330,201900004861,10,21,19:20,5,2,1,1.0,3.0,75119,RUE PETIT,M,"48,8854930","2,3859010",75,2019,50.0,1.0,1.0,4.0,2153132,1.0,1,1,1,1.0,,0.0,0,1975.0,A01,138Â 297Â 323,1.0,0.0,-1.0,1644183,1.0,10,,0.0,2.0,1.0,A01,138Â 297Â 323,2.0
963330,201900004861,10,21,19:20,5,2,1,1.0,3.0,75119,RUE PETIT,M,"48,8854930","2,3859010",75,2019,50.0,1.0,1.0,4.0,2153132,1.0,1,1,1,1.0,,0.0,0,1975.0,A01,138Â 297Â 323,1.0,0.0,-1.0,1644184,1.0,50,,0.0,2.0,8.0,B01,138Â 297Â 324,3.0
963330,201900004861,10,21,19:20,5,2,1,1.0,3.0,75119,RUE PETIT,M,"48,8854930","2,3859010",75,2019,50.0,1.0,1.0,4.0,2153133,1.0,1,4,1,5.0,,0.0,0,2004.0,B01,138Â 297Â 324,2.0,8.0,-1.0,1644183,1.0,10,,0.0,2.0,1.0,A01,138Â 297Â 323,2.0
963330,201900004861,10,21,19:20,5,2,1,1.0,3.0,75119,RUE PETIT,M,"48,8854930","2,3859010",75,2019,50.0,1.0,1.0,4.0,2153133,1.0,1,4,1,5.0,,0.0,0,2004.0,B01,138Â 297Â 324,2.0,8.0,-1.0,1644184,1.0,50,,0.0,2.0,8.0,B01,138Â 297Â 324,3.0
963331,201900004862,10,20,23:50,5,2,2,3.0,3.0,75118,RUE STEPHENSON,M,"48,8860350","2,3566240",75,2019,50.0,1.0,2.0,4.0,2153134,2.0,2,4,1,0.0,,0.0,0,1981.0,B01,138Â 297Â 319,2.0,6.0,-1.0,1644185,1.0,2,,0.0,2.0,8.0,B01,138Â 297Â 319,1.0
963331,201900004862,10,20,23:50,5,2,2,3.0,3.0,75118,RUE STEPHENSON,M,"48,8860350","2,3566240",75,2019,50.0,1.0,2.0,4.0,2153134,2.0,2,4,1,0.0,,0.0,0,1981.0,B01,138Â 297Â 319,2.0,6.0,-1.0,1644186,1.0,7,,0.0,2.0,0.0,A01,138Â 297Â 320,1.0
963331,201900004862,10,20,23:50,5,2,2,3.0,3.0,75118,RUE STEPHENSON,M,"48,8860350","2,3566240",75,2019,50.0,1.0,2.0,4.0,2153135,1.0,1,1,1,0.0,,0.0,0,1974.0,B01,138Â 297Â 319,2.0,6.0,-1.0,1644185,1.0,2,,0.0,2.0,8.0,B01,138Â 297Â 319,1.0
963331,201900004862,10,20,23:50,5,2,2,3.0,3.0,75118,RUE STEPHENSON,M,"48,8860350","2,3566240",75,2019,50.0,1.0,2.0,4.0,2153135,1.0,1,1,1,0.0,,0.0,0,1974.0,B01,138Â 297Â 319,2.0,6.0,-1.0,1644186,1.0,7,,0.0,2.0,0.0,A01,138Â 297Â 320,1.0
963331,201900004862,10,20,23:50,5,2,2,3.0,3.0,75118,RUE STEPHENSON,M,"48,8860350","2,3566240",75,2019,50.0,1.0,2.0,4.0,2153136,1.0,1,1,1,0.0,,0.0,0,2000.0,A01,138Â 297Â 320,1.0,0.0,-1.0,1644185,1.0,2,,0.0,2.0,8.0,B01,138Â 297Â 319,1.0
963331,201900004862,10,20,23:50,5,2,2,3.0,3.0,75118,RUE STEPHENSON,M,"48,8860350","2,3566240",75,2019,50.0,1.0,2.0,4.0,2153136,1.0,1,1,1,0.0,,0.0,0,2000.0,A01,138Â 297Â 320,1.0,0.0,-1.0,1644186,1.0,7,,0.0,2.0,0.0,A01,138Â 297Â 320,1.0
963332,201900004863,10,21,09:00,1,2,2,1.0,2.0,75116,AVENUE DE VERSAILLES,M,"48,8453004","2,2715884",75,2019,50.0,1.0,1.0,4.0,2153137,1.0,1,4,1,0.0,,0.0,0,1976.0,B01,138Â 297Â 317,1.0,0.0,-1.0,1644187,2.0,10,,0.0,2.0,4.0,B01,138Â 297Â 317,1.0
963332,201900004863,10,21,09:00,1,2,2,1.0,2.0,75116,AVENUE DE VERSAILLES,M,"48,8453004","2,2715884",75,2019,50.0,1.0,1.0,4.0,2153137,1.0,1,4,1,0.0,,0.0,0,1976.0,B01,138Â 297Â 317,1.0,0.0,-1.0,1644188,2.0,7,,0.0,2.0,3.0,A01,138Â 297Â 318,1.0
963332,201900004863,10,21,09:00,1,2,2,1.0,2.0,75116,AVENUE DE VERSAILLES,M,"48,8453004","2,2715884",75,2019,50.0,1.0,1.0,4.0,2153138,1.0,1,1,1,0.0,,0.0,0,1984.0,A01,138Â 297Â 318,1.0,0.0,-1.0,1644187,2.0,10,,0.0,2.0,4.0,B01,138Â 297Â 317,1.0
963332,201900004863,10,21,09:00,1,2,2,1.0,2.0,75116,AVENUE DE VERSAILLES,M,"48,8453004","2,2715884",75,2019,50.0,1.0,1.0,4.0,2153138,1.0,1,1,1,0.0,,0.0,0,1984.0,A01,138Â 297Â 318,1.0,0.0,-1.0,1644188,2.0,7,,0.0,2.0,3.0,A01,138Â 297Â 318,1.0
963333,201900004864,10,21,08:50,1,2,2,8.0,3.0,75115,RUE DE LA CONVENTION,M,"48,8453443","2,2785540",75,2019,50.0,1.0,2.0,4.0,2153139,1.0,1,1,1,4.0,,0.0,0,1981.0,A01,138Â 297Â 315,1.0,8.0,-1.0,1644189,1.0,14,,0.0,2.0,7.0,A01,138Â 297Â 315,6.0
963333,201900004864,10,21,08:50,1,2,2,8.0,3.0,75115,RUE DE LA CONVENTION,M,"48,8453443","2,2785540",75,2019,50.0,1.0,2.0,4.0,2153139,1.0,1,1,1,4.0,,0.0,0,1981.0,A01,138Â 297Â 315,1.0,8.0,-1.0,1644190,1.0,1,,0.0,2.0,8.0,B01,138Â 297Â 316,5.0
963333,201900004864,10,21,08:50,1,2,2,8.0,3.0,75115,RUE DE LA CONVENTION,M,"48,8453443","2,2785540",75,2019,50.0,1.0,2.0,4.0,2153140,1.0,1,4,2,5.0,,0.0,0,1960.0,B01,138Â 297Â 316,8.0,2.0,-1.0,1644189,1.0,14,,0.0,2.0,7.0,A01,138Â 297Â 315,6.0
963333,201900004864,10,21,08:50,1,2,2,8.0,3.0,75115,RUE DE LA CONVENTION,M,"48,8453443","2,2785540",75,2019,50.0,1.0,2.0,4.0,2153140,1.0,1,4,2,5.0,,0.0,0,1960.0,B01,138Â 297Â 316,8.0,2.0,-1.0,1644190,1.0,1,,0.0,2.0,8.0,B01,138Â 297Â 316,5.0
963334,201900004865,10,21,14:50,1,2,3,1.0,6.0,75114,AVENUE DU GENERAL LECLERC,M,"48,8322169","2,3306626",75,2019,50.0,1.0,1.0,4.0,2153141,1.0,1,4,1,5.0,,0.0,0,1999.0,A01,138Â 297Â 312,2.0,6.0,-1.0,1644191,1.0,2,,0.0,2.0,1.0,A01,138Â 297Â 312,1.0
963334,201900004865,10,21,14:50,1,2,3,1.0,6.0,75114,AVENUE DU GENERAL LECLERC,M,"48,8322169","2,3306626",75,2019,50.0,1.0,1.0,4.0,2153141,1.0,1,4,1,5.0,,0.0,0,1999.0,A01,138Â 297Â 312,2.0,6.0,-1.0,1644192,1.0,10,,0.0,2.0,4.0,B01,138Â 297Â 313,1.0
963334,201900004865,10,21,14:50,1,2,3,1.0,6.0,75114,AVENUE DU GENERAL LECLERC,M,"48,8322169","2,3306626",75,2019,50.0,1.0,1.0,4.0,2153141,1.0,1,4,1,5.0,,0.0,0,1999.0,A01,138Â 297Â 312,2.0,6.0,-1.0,1644193,3.0,7,,0.0,2.0,0.0,Z01,138Â 297Â 314,1.0
963334,201900004865,10,21,14:50,1,2,3,1.0,6.0,75114,AVENUE DU GENERAL LECLERC,M,"48,8322169","2,3306626",75,2019,50.0,1.0,1.0,4.0,2153142,1.0,1,1,1,1.0,,0.0,0,1983.0,B01,138Â 297Â 313,1.0,0.0,-1.0,1644191,1.0,2,,0.0,2.0,1.0,A01,138Â 297Â 312,1.0
963334,201900004865,10,21,14:50,1,2,3,1.0,6.0,75114,AVENUE DU GENERAL LECLERC,M,"48,8322169","2,3306626",75,2019,50.0,1.0,1.0,4.0,2153142,1.0,1,1,1,1.0,,0.0,0,1983.0,B01,138Â 297Â 313,1.0,0.0,-1.0,1644192,1.0,10,,0.0,2.0,4.0,B01,138Â 297Â 313,1.0
963334,201900004865,10,21,14:50,1,2,3,1.0,6.0,75114,AVENUE DU GENERAL LECLERC,M,"48,8322169","2,3306626",75,2019,50.0,1.0,1.0,4.0,2153142,1.0,1,1,1,1.0,,0.0,0,1983.0,B01,138Â 297Â 313,1.0,0.0,-1.0,1644193,3.0,7,,0.0,2.0,0.0,Z01,138Â 297Â 314,1.0
963335,201900004866,10,21,20:30,5,2,7,1.0,3.0,75113,PLACE D ITALIE,M,"48,8311477","2,3561295",75,2019,50.0,1.0,1.0,4.0,2153143,1.0,1,4,1,5.0,,0.0,0,1974.0,A01,138Â 297Â 310,2.0,6.0,-1.0,1644194,2.0,34,,0.0,2.0,1.0,A01,138Â 297Â 310,1.0
963335,201900004866,10,21,20:30,5,2,7,1.0,3.0,75113,PLACE D ITALIE,M,"48,8311477","2,3561295",75,2019,50.0,1.0,1.0,4.0,2153143,1.0,1,4,1,5.0,,0.0,0,1974.0,A01,138Â 297Â 310,2.0,6.0,-1.0,1644195,2.0,7,,0.0,2.0,5.0,B01,138Â 297Â 311,1.0
963335,201900004866,10,21,20:30,5,2,7,1.0,3.0,75113,PLACE D ITALIE,M,"48,8311477","2,3561295",75,2019,50.0,1.0,1.0,4.0,2153144,3.0,2,1,2,5.0,,0.0,0,1979.0,B01,138Â 297Â 311,1.0,0.0,-1.0,1644194,2.0,34,,0.0,2.0,1.0,A01,138Â 297Â 310,1.0
963335,201900004866,10,21,20:30,5,2,7,1.0,3.0,75113,PLACE D ITALIE,M,"48,8311477","2,3561295",75,2019,50.0,1.0,1.0,4.0,2153144,3.0,2,1,2,5.0,,0.0,0,1979.0,B01,138Â 297Â 311,1.0,0.0,-1.0,1644195,2.0,7,,0.0,2.0,5.0,B01,138Â 297Â 311,1.0
963335,201900004866,10,21,20:30,5,2,7,1.0,3.0,75113,PLACE D ITALIE,M,"48,8311477","2,3561295",75,2019,50.0,1.0,1.0,4.0,2153145,1.0,1,1,1,5.0,,0.0,0,1960.0,B01,138Â 297Â 311,1.0,0.0,-1.0,1644194,2.0,34,,0.0,2.0,1.0,A01,138Â 297Â 310,1.0
963335,201900004866,10,21,20:30,5,2,7,1.0,3.0,75113,PLACE D ITALIE,M,"48,8311477","2,3561295",75,2019,50.0,1.0,1.0,4.0,2153145,1.0,1,1,1,5.0,,0.0,0,1960.0,B01,138Â 297Â 311,1.0,0.0,-1.0,1644195,2.0,7,,0.0,2.0,5.0,B01,138Â 297Â 311,1.0
963336,201900004867,10,21,18:43,5,2,3,1.0,6.0,75110,BOULEVARD DE LA CHAPELLE,M,"48,8837290","2,3512540",75,2019,50.0,5.0,1.0,4.0,2153146,1.0,1,1,2,1.0,,0.0,0,1987.0,A01,138Â 297Â 309,2.0,0.0,-1.0,1644196,2.0,1,,0.0,1.0,1.0,A01,138Â 297Â 309,5.0
963336,201900004867,10,21,18:43,5,2,3,1.0,6.0,75110,BOULEVARD DE LA CHAPELLE,M,"48,8837290","2,3512540",75,2019,50.0,5.0,1.0,4.0,2153147,10.0,3,4,1,0.0,,4.0,3,1942.0,A01,138Â 297Â 309,0.0,-1.0,-1.0,1644196,2.0,1,,0.0,1.0,1.0,A01,138Â 297Â 309,5.0
963337,201900004868,10,20,15:05,1,2,3,8.0,6.0,75109,BOULEVARD HAUSSMANN,M,"48,8734220","2,3296930",75,2019,50.0,1.0,2.0,4.0,2153148,10.0,3,4,2,5.0,,2.0,3,1958.0,A01,138Â 297Â 308,0.0,-1.0,-1.0,1644197,1.0,31,,0.0,1.0,1.0,A01,138Â 297Â 308,1.0
963337,201900004868,10,20,15:05,1,2,3,8.0,6.0,75109,BOULEVARD HAUSSMANN,M,"48,8734220","2,3296930",75,2019,50.0,1.0,2.0,4.0,2153149,1.0,1,1,1,0.0,,0.0,0,1995.0,A01,138Â 297Â 308,2.0,6.0,-1.0,1644197,1.0,31,,0.0,1.0,1.0,A01,138Â 297Â 308,1.0
963338,201900004869,10,21,00:15,5,2,2,2.0,6.0,75108,AVENUE GEORGE V,M,"48,8700422","2,3009975",75,2019,50.0,1.0,2.0,4.0,2153150,10.0,3,4,1,0.0,,3.0,3,1990.0,Z01,138Â 297Â 307,0.0,-1.0,-1.0,1644198,1.0,7,,0.0,1.0,1.0,Z01,138Â 297Â 307,1.0
963339,201900004870,10,21,11:15,1,2,1,1.0,3.0,94080,PREVOYANCE (R DE LA),M,"48,8400000","2,4200000",94,2019,50.0,1.0,1.0,4.0,2153151,1.0,1,1,1,4.0,,-1.0,0,1990.0,A01,138Â 297Â 305,8.0,0.0,-1.0,1644199,1.0,10,,0.0,6.0,8.0,A01,138Â 297Â 305,0.0
963339,201900004870,10,21,11:15,1,2,1,1.0,3.0,94080,PREVOYANCE (R DE LA),M,"48,8400000","2,4200000",94,2019,50.0,1.0,1.0,4.0,2153151,1.0,1,1,1,4.0,,-1.0,0,1990.0,A01,138Â 297Â 305,8.0,0.0,-1.0,1644200,1.0,1,,0.0,0.0,1.0,B01,138Â 297Â 306,0.0
963339,201900004870,10,21,11:15,1,2,1,1.0,3.0,94080,PREVOYANCE (R DE LA),M,"48,8400000","2,4200000",94,2019,50.0,1.0,1.0,4.0,2153152,1.0,1,4,1,0.0,,-1.0, -1,1984.0,B01,138Â 297Â 306,8.0,0.0,-1.0,1644199,1.0,10,,0.0,6.0,8.0,A01,138Â 297Â 305,0.0
963339,201900004870,10,21,11:15,1,2,1,1.0,3.0,94080,PREVOYANCE (R DE LA),M,"48,8400000","2,4200000",94,2019,50.0,1.0,1.0,4.0,2153152,1.0,1,4,1,0.0,,-1.0, -1,1984.0,B01,138Â 297Â 306,8.0,0.0,-1.0,1644200,1.0,1,,0.0,0.0,1.0,B01,138Â 297Â 306,0.0
963340,201900004871,10,20,18:05,1,2,1,2.0,6.0,94068,ALSACE LORRAINE (R D),M,"48,8049160","2,4788570",94,2019,50.0,1.0,2.0,4.0,2153153,1.0,1,4,2,5.0,,-1.0, -1,1941.0,A01,138Â 297Â 304,1.0,0.0,-1.0,1644201,1.0,7,,1.0,1.0,2.0,A01,138Â 297Â 304,0.0
963340,201900004871,10,20,18:05,1,2,1,2.0,6.0,94068,ALSACE LORRAINE (R D),M,"48,8049160","2,4788570",94,2019,50.0,1.0,2.0,4.0,2153154,10.0,3,4,1,5.0,,2.0,A,1957.0,A01,138Â 297Â 304,8.0,0.0,-1.0,1644201,1.0,7,,1.0,1.0,2.0,A01,138Â 297Â 304,0.0
963341,201900004872,10,20,16:00,1,2,1,8.0,6.0,94046,GENERAL DE GAULLE (AV DU),M,"48,8082000","2,4249000",94,2019,50.0,1.0,1.0,3.0,2153155,1.0,1,4,1,5.0,,-1.0, -1,2000.0,A01,138Â 297Â 303,1.0,0.0,-1.0,1644202,2.0,7,,1.0,0.0,1.0,A01,138Â 297Â 303,1.0
963341,201900004872,10,20,16:00,1,2,1,8.0,6.0,94046,GENERAL DE GAULLE (AV DU),M,"48,8082000","2,4249000",94,2019,50.0,1.0,1.0,3.0,2153156,2.0,2,4,1,0.0,,-1.0, -1,2000.0,A01,138Â 297Â 303,1.0,0.0,-1.0,1644202,2.0,7,,1.0,0.0,1.0,A01,138Â 297Â 303,1.0
963342,201900004873,10,20,13:20,1,2,2,2.0,3.0,94041,MARCEL LAMANT (R),M,"48,8043000","2,3856400",94,2019,50.0,1.0,2.0,4.0,2153157,2.0,2,4,1,0.0,,0.0,0,1983.0,B01,138Â 297Â 301,1.0,0.0,-1.0,1644203,1.0,7,,0.0,-1.0,1.0,B01,138Â 297Â 301,1.0
963342,201900004873,10,20,13:20,1,2,2,2.0,3.0,94041,MARCEL LAMANT (R),M,"48,8043000","2,3856400",94,2019,50.0,1.0,2.0,4.0,2153157,2.0,2,4,1,0.0,,0.0,0,1983.0,B01,138Â 297Â 301,1.0,0.0,-1.0,1644204,1.0,7,,0.0,2.0,7.0,A01,138Â 297Â 302,2.0
963342,201900004873,10,20,13:20,1,2,2,2.0,3.0,94041,MARCEL LAMANT (R),M,"48,8043000","2,3856400",94,2019,50.0,1.0,2.0,4.0,2153158,3.0,2,1,2,0.0,,0.0,0,1981.0,B01,138Â 297Â 301,1.0,0.0,-1.0,1644203,1.0,7,,0.0,-1.0,1.0,B01,138Â 297Â 301,1.0
963342,201900004873,10,20,13:20,1,2,2,2.0,3.0,94041,MARCEL LAMANT (R),M,"48,8043000","2,3856400",94,2019,50.0,1.0,2.0,4.0,2153158,3.0,2,1,2,0.0,,0.0,0,1981.0,B01,138Â 297Â 301,1.0,0.0,-1.0,1644204,1.0,7,,0.0,2.0,7.0,A01,138Â 297Â 302,2.0
963342,201900004873,10,20,13:20,1,2,2,2.0,3.0,94041,MARCEL LAMANT (R),M,"48,8043000","2,3856400",94,2019,50.0,1.0,2.0,4.0,2153159,4.0,2,1,2,0.0,,0.0,0,1989.0,B01,138Â 297Â 301,1.0,0.0,-1.0,1644203,1.0,7,,0.0,-1.0,1.0,B01,138Â 297Â 301,1.0
963342,201900004873,10,20,13:20,1,2,2,2.0,3.0,94041,MARCEL LAMANT (R),M,"48,8043000","2,3856400",94,2019,50.0,1.0,2.0,4.0,2153159,4.0,2,1,2,0.0,,0.0,0,1989.0,B01,138Â 297Â 301,1.0,0.0,-1.0,1644204,1.0,7,,0.0,2.0,7.0,A01,138Â 297Â 302,2.0
963342,201900004873,10,20,13:20,1,2,2,2.0,3.0,94041,MARCEL LAMANT (R),M,"48,8043000","2,3856400",94,2019,50.0,1.0,2.0,4.0,2153160,1.0,1,1,1,0.0,,-1.0, -1,1984.0,B01,138Â 297Â 301,1.0,0.0,-1.0,1644203,1.0,7,,0.0,-1.0,1.0,B01,138Â 297Â 301,1.0
963342,201900004873,10,20,13:20,1,2,2,2.0,3.0,94041,MARCEL LAMANT (R),M,"48,8043000","2,3856400",94,2019,50.0,1.0,2.0,4.0,2153160,1.0,1,1,1,0.0,,-1.0, -1,1984.0,B01,138Â 297Â 301,1.0,0.0,-1.0,1644204,1.0,7,,0.0,2.0,7.0,A01,138Â 297Â 302,2.0
963342,201900004873,10,20,13:20,1,2,2,2.0,3.0,94041,MARCEL LAMANT (R),M,"48,8043000","2,3856400",94,2019,50.0,1.0,2.0,4.0,2153161,1.0,1,1,1,1.0,,-1.0, -1,1964.0,A01,138Â 297Â 302,1.0,0.0,-1.0,1644203,1.0,7,,0.0,-1.0,1.0,B01,138Â 297Â 301,1.0
963342,201900004873,10,20,13:20,1,2,2,2.0,3.0,94041,MARCEL LAMANT (R),M,"48,8043000","2,3856400",94,2019,50.0,1.0,2.0,4.0,2153161,1.0,1,1,1,1.0,,-1.0, -1,1964.0,A01,138Â 297Â 302,1.0,0.0,-1.0,1644204,1.0,7,,0.0,2.0,7.0,A01,138Â 297Â 302,2.0
963342,201900004873,10,20,13:20,1,2,2,2.0,3.0,94041,MARCEL LAMANT (R),M,"48,8043000","2,3856400",94,2019,50.0,1.0,2.0,4.0,2153162,3.0,2,1,2,0.0,,0.0,0,1965.0,A01,138Â 297Â 302,1.0,0.0,-1.0,1644203,1.0,7,,0.0,-1.0,1.0,B01,138Â 297Â 301,1.0
963342,201900004873,10,20,13:20,1,2,2,2.0,3.0,94041,MARCEL LAMANT (R),M,"48,8043000","2,3856400",94,2019,50.0,1.0,2.0,4.0,2153162,3.0,2,1,2,0.0,,0.0,0,1965.0,A01,138Â 297Â 302,1.0,0.0,-1.0,1644204,1.0,7,,0.0,2.0,7.0,A01,138Â 297Â 302,2.0
963342,201900004873,10,20,13:20,1,2,2,2.0,3.0,94041,MARCEL LAMANT (R),M,"48,8043000","2,3856400",94,2019,50.0,1.0,2.0,4.0,2153163,4.0,2,1,1,0.0,,0.0,0,1970.0,A01,138Â 297Â 302,1.0,0.0,-1.0,1644203,1.0,7,,0.0,-1.0,1.0,B01,138Â 297Â 301,1.0
963342,201900004873,10,20,13:20,1,2,2,2.0,3.0,94041,MARCEL LAMANT (R),M,"48,8043000","2,3856400",94,2019,50.0,1.0,2.0,4.0,2153163,4.0,2,1,1,0.0,,0.0,0,1970.0,A01,138Â 297Â 302,1.0,0.0,-1.0,1644204,1.0,7,,0.0,2.0,7.0,A01,138Â 297Â 302,2.0
963343,201900004874,10,21,17:30,1,2,1,1.0,2.0,94065,VANNE (R DE LA),M,"48,7516900","2,3540400",94,2019,50.0,1.0,1.0,4.0,2153164,1.0,1,1,2,1.0,,-1.0,0,1960.0,A01,138Â 297Â 299,1.0,0.0,-1.0,1644205,1.0,7,,0.0,2.0,1.0,A01,138Â 297Â 299,0.0
963343,201900004874,10,21,17:30,1,2,1,1.0,2.0,94065,VANNE (R DE LA),M,"48,7516900","2,3540400",94,2019,50.0,1.0,1.0,4.0,2153164,1.0,1,1,2,1.0,,-1.0,0,1960.0,A01,138Â 297Â 299,1.0,0.0,-1.0,1644206,1.0,7,,0.0,2.0,4.0,B01,138Â 297Â 300,0.0
963343,201900004874,10,21,17:30,1,2,1,1.0,2.0,94065,VANNE (R DE LA),M,"48,7516900","2,3540400",94,2019,50.0,1.0,1.0,4.0,2153165,1.0,1,4,1,1.0,,-1.0,0,1986.0,B01,138Â 297Â 300,1.0,0.0,-1.0,1644205,1.0,7,,0.0,2.0,1.0,A01,138Â 297Â 299,0.0
963343,201900004874,10,21,17:30,1,2,1,1.0,2.0,94065,VANNE (R DE LA),M,"48,7516900","2,3540400",94,2019,50.0,1.0,1.0,4.0,2153165,1.0,1,4,1,1.0,,-1.0,0,1986.0,B01,138Â 297Â 300,1.0,0.0,-1.0,1644206,1.0,7,,0.0,2.0,4.0,B01,138Â 297Â 300,0.0
963344,201900004875,10,20,13:43,1,2,1,8.0,2.0,94069,CANADIENS (AV DES),M,"48,8254059","2,3923159",94,2019,50.0,1.0,2.0,3.0,2153166,2.0,2,1,2,5.0,,-1.0,0,1993.0,A01,138Â 297Â 297,1.0,0.0,-1.0,1644207,2.0,7,,0.0,2.0,1.0,A01,138Â 297Â 297,1.0
963344,201900004875,10,20,13:43,1,2,1,8.0,2.0,94069,CANADIENS (AV DES),M,"48,8254059","2,3923159",94,2019,50.0,1.0,2.0,3.0,2153166,2.0,2,1,2,5.0,,-1.0,0,1993.0,A01,138Â 297Â 297,1.0,0.0,-1.0,1644208,2.0,30,,0.0,2.0,4.0,B01,138Â 297Â 298,1.0
963344,201900004875,10,20,13:43,1,2,1,8.0,2.0,94069,CANADIENS (AV DES),M,"48,8254059","2,3923159",94,2019,50.0,1.0,2.0,3.0,2153167,4.0,2,1,1,5.0,,-1.0,0,1991.0,A01,138Â 297Â 297,1.0,0.0,-1.0,1644207,2.0,7,,0.0,2.0,1.0,A01,138Â 297Â 297,1.0