Unnamed: 0_x,num_acc,mois,jour,hrmn,lum,agg,int,atm,col,com,adr,gps,lat,long,dep,annee,vma,situ,surf,catr,Unnamed: 0_y,place,catu,grav,sexe,trajet,secu,locp,actp,an_nais,num_veh_x,id_vehicule_x,secu1,secu2,secu3,Unnamed: 0,senc,catv,occutc,obs,obsm,choc,num_veh_y,id_vehicule_y,motor
963344,201900004875,10,20,13:43,1,2,1,8.0,2.0,94069,CANADIENS (AV DES),M,"48,8254059","2,3923159",94,2019,50.0,1.0,2.0,3.0,2153167,4.0,2,1,1,5.0,,-1.0,0,1991.0,A01,138Â 297Â 297,1.0,0.0,-1.0,1644208,2.0,30,,0.0,2.0,4.0,B01,138Â 297Â 298,1.0
963344,201900004875,10,20,13:43,1,2,1,8.0,2.0,94069,CANADIENS (AV DES),M,"48,8254059","2,3923159",94,2019,50.0,1.0,2.0,3.0,2153168,1.0,1,1,1,5.0,,-1.0,0,1987.0,A01,138Â 297Â 297,1.0,0.0,-1.0,1644207,2.0,7,,0.0,2.0,1.0,A01,138Â 297Â 297,1.0
963344,201900004875,10,20,13:43,1,2,1,8.0,2.0,94069,CANADIENS (AV DES),M,"48,8254059","2,3923159",94,2019,50.0,1.0,2.0,3.0,2153168,1.0,1,1,1,5.0,,-1.0,0,1987.0,A01,138Â 297Â 297,1.0,0.0,-1.0,1644208,2.0,30,,0.0,2.0,4.0,B01,138Â 297Â 298,1.0
963344,201900004875,10,20,13:43,1,2,1,8.0,2.0,94069,CANADIENS (AV DES),M,"48,8254059","2,3923159",94,2019,50.0,1.0,2.0,3.0,2153169,1.0,1,4,1,1.0,,-1.0,0,1997.0,B01,138Â 297Â 298,2.0,6.0,-1.0,1644207,2.0,7,,0.0,2.0,1.0,A01,138Â 297Â 297,1.0
963344,201900004875,10,20,13:43,1,2,1,8.0,2.0,94069,CANADIENS (AV DES),M,"48,8254059","2,3923159",94,2019,50.0,1.0,2.0,3.0,2153169,1.0,1,4,1,1.0,,-1.0,0,1997.0,B01,138Â 297Â 298,2.0,6.0,-1.0,1644208,2.0,30,,0.0,2.0,4.0,B01,138Â 297Â 298,1.0
963345,201900004876,10,20,11:30,1,2,1,2.0,1.0,94048,GROSBOIS (AV DE),M,"48,7300000","2,5400000",94,2019,50.0,1.0,2.0,3.0,2153170,1.0,1,4,1,0.0,,-1.0,0,1987.0,B01,138Â 297Â 295,1.0,0.0,-1.0,1644209,2.0,7,,0.0,2.0,0.0,B01,138Â 297Â 295,0.0
963345,201900004876,10,20,11:30,1,2,1,2.0,1.0,94048,GROSBOIS (AV DE),M,"48,7300000","2,5400000",94,2019,50.0,1.0,2.0,3.0,2153170,1.0,1,4,1,0.0,,-1.0,0,1987.0,B01,138Â 297Â 295,1.0,0.0,-1.0,1644210,1.0,7,,0.0,2.0,0.0,A01,138Â 297Â 296,0.0
963345,201900004876,10,20,11:30,1,2,1,2.0,1.0,94048,GROSBOIS (AV DE),M,"48,7300000","2,5400000",94,2019,50.0,1.0,2.0,3.0,2153171,1.0,1,1,1,0.0,,-1.0,0,1997.0,A01,138Â 297Â 296,1.0,0.0,-1.0,1644209,2.0,7,,0.0,2.0,0.0,B01,138Â 297Â 295,0.0
963345,201900004876,10,20,11:30,1,2,1,2.0,1.0,94048,GROSBOIS (AV DE),M,"48,7300000","2,5400000",94,2019,50.0,1.0,2.0,3.0,2153171,1.0,1,1,1,0.0,,-1.0,0,1997.0,A01,138Â 297Â 296,1.0,0.0,-1.0,1644210,1.0,7,,0.0,2.0,0.0,A01,138Â 297Â 296,0.0
963346,201900004877,10,20,05:45,5,2,1,2.0,6.0,93066,"""STALINGRAD (AVENUE), NR 88 A 114 BIS""",M,"48,9471227","2,3726251",93,2019,50.0,1.0,2.0,3.0,2153172,10.0,3,3,1,0.0,,9.0,B,1983.0,A01,138Â 297Â 294,8.0,0.0,-1.0,1644211,1.0,7,,0.0,1.0,1.0,A01,138Â 297Â 294,1.0
963346,201900004877,10,20,05:45,5,2,1,2.0,6.0,93066,"""STALINGRAD (AVENUE), NR 88 A 114 BIS""",M,"48,9471227","2,3726251",93,2019,50.0,1.0,2.0,3.0,2153173,1.0,1,1,1,0.0,,0.0,0,1983.0,A01,138Â 297Â 294,1.0,8.0,-1.0,1644211,1.0,7,,0.0,1.0,1.0,A01,138Â 297Â 294,1.0
963347,201900004878,10,21,06:50,5,2,1,2.0,3.0,93077,FREDY (AVENUE DE),M,"48,8814600","2,5210900",93,2019,50.0,1.0,2.0,4.0,2153174,1.0,1,1,1,1.0,,-1.0, -1,1994.0,A01,138Â 297Â 292,8.0,8.0,-1.0,1644212,1.0,7,,0.0,2.0,2.0,A01,138Â 297Â 292,1.0
963347,201900004878,10,21,06:50,5,2,1,2.0,3.0,93077,FREDY (AVENUE DE),M,"48,8814600","2,5210900",93,2019,50.0,1.0,2.0,4.0,2153174,1.0,1,1,1,1.0,,-1.0, -1,1994.0,A01,138Â 297Â 292,8.0,8.0,-1.0,1644213,1.0,34,,0.0,2.0,6.0,B01,138Â 297Â 293,1.0
963347,201900004878,10,21,06:50,5,2,1,2.0,3.0,93077,FREDY (AVENUE DE),M,"48,8814600","2,5210900",93,2019,50.0,1.0,2.0,4.0,2153175,1.0,1,4,1,0.0,,-1.0, -1,1963.0,B01,138Â 297Â 293,8.0,8.0,-1.0,1644212,1.0,7,,0.0,2.0,2.0,A01,138Â 297Â 292,1.0
963347,201900004878,10,21,06:50,5,2,1,2.0,3.0,93077,FREDY (AVENUE DE),M,"48,8814600","2,5210900",93,2019,50.0,1.0,2.0,4.0,2153175,1.0,1,4,1,0.0,,-1.0, -1,1963.0,B01,138Â 297Â 293,8.0,8.0,-1.0,1644213,1.0,34,,0.0,2.0,6.0,B01,138Â 297Â 293,1.0
963348,201900004879,10,21,07:20,5,2,4,8.0,7.0,93062,GENERAL DE GAULLE (PLACE DU),M,"48,8901200","2,5119200",93,2019,50.0,1.0,2.0,3.0,2153176,10.0,3,4,2,9.0,,4.0,3,1968.0,A01,138Â 297Â 291,8.0,0.0,-1.0,1644214,1.0,7,,0.0,1.0,2.0,A01,138Â 297Â 291,2.0
963348,201900004879,10,21,07:20,5,2,4,8.0,7.0,93062,GENERAL DE GAULLE (PLACE DU),M,"48,8901200","2,5119200",93,2019,50.0,1.0,2.0,3.0,2153177,1.0,1,1,2,9.0,,-1.0, -1,1988.0,A01,138Â 297Â 291,8.0,0.0,-1.0,1644214,1.0,7,,0.0,1.0,2.0,A01,138Â 297Â 291,2.0
963348,201900004879,10,21,07:20,5,2,4,8.0,7.0,93062,GENERAL DE GAULLE (PLACE DU),M,"48,8901200","2,5119200",93,2019,50.0,1.0,2.0,3.0,2153178,2.0,2,1,1,9.0,,-1.0, -1,1986.0,A01,138Â 297Â 291,8.0,0.0,-1.0,1644214,1.0,7,,0.0,1.0,2.0,A01,138Â 297Â 291,2.0
963349,201900004880,10,21,19:10,5,2,9,1.0,3.0,93049,FAIDHERBE (RUE),M,"48,8568660","2,5081980",93,2019,50.0,1.0,1.0,4.0,2153179,1.0,1,1,1,0.0,,-1.0, -1,1969.0,B01,138Â 297Â 289,1.0,0.0,-1.0,1644215,3.0,7,,0.0,2.0,2.0,B01,138Â 297Â 289,0.0
963349,201900004880,10,21,19:10,5,2,9,1.0,3.0,93049,FAIDHERBE (RUE),M,"48,8568660","2,5081980",93,2019,50.0,1.0,1.0,4.0,2153179,1.0,1,1,1,0.0,,-1.0, -1,1969.0,B01,138Â 297Â 289,1.0,0.0,-1.0,1644216,3.0,30,,0.0,2.0,1.0,A01,138Â 297Â 290,0.0
963349,201900004880,10,21,19:10,5,2,9,1.0,3.0,93049,FAIDHERBE (RUE),M,"48,8568660","2,5081980",93,2019,50.0,1.0,1.0,4.0,2153180,1.0,1,4,1,9.0,,-1.0, -1,1996.0,A01,138Â 297Â 290,2.0,8.0,-1.0,1644215,3.0,7,,0.0,2.0,2.0,B01,138Â 297Â 289,0.0
963349,201900004880,10,21,19:10,5,2,9,1.0,3.0,93049,FAIDHERBE (RUE),M,"48,8568660","2,5081980",93,2019,50.0,1.0,1.0,4.0,2153180,1.0,1,4,1,9.0,,-1.0, -1,1996.0,A01,138Â 297Â 290,2.0,8.0,-1.0,1644216,3.0,30,,0.0,2.0,1.0,A01,138Â 297Â 290,0.0
963350,201900004881,10,21,07:54,2,2,1,2.0,6.0,93048,PARIS (RUE DE),M,"48,8570000","2,4304000",93,2019,50.0,1.0,2.0,3.0,2153181,10.0,3,4,1,0.0,,3.0,3,2017.0,A01,138Â 297Â 288,8.0,0.0,-1.0,1644217,3.0,41,,0.0,1.0,1.0,A01,138Â 297Â 288,1.0
963350,201900004881,10,21,07:54,2,2,1,2.0,6.0,93048,PARIS (RUE DE),M,"48,8570000","2,4304000",93,2019,50.0,1.0,2.0,3.0,2153182,1.0,1,4,1,0.0,,-1.0, -1,1986.0,A01,138Â 297Â 288,2.0,6.0,-1.0,1644217,3.0,41,,0.0,1.0,1.0,A01,138Â 297Â 288,1.0
963351,201900004882,10,21,15:10,1,2,2,1.0,3.0,93046,PENTHIEVRE ALLEE,M,"48,9271520","2,5261840",93,2019,50.0,1.0,1.0,4.0,2153183,2.0,2,4,1,0.0,,-1.0, -1,2011.0,B01,138Â 297Â 286,8.0,0.0,-1.0,1644218,1.0,7,,0.0,2.0,8.0,B01,138Â 297Â 286,1.0
963351,201900004882,10,21,15:10,1,2,2,1.0,3.0,93046,PENTHIEVRE ALLEE,M,"48,9271520","2,5261840",93,2019,50.0,1.0,1.0,4.0,2153183,2.0,2,4,1,0.0,,-1.0, -1,2011.0,B01,138Â 297Â 286,8.0,0.0,-1.0,1644219,2.0,7,,0.0,2.0,1.0,A01,138Â 297Â 287,1.0
963351,201900004882,10,21,15:10,1,2,2,1.0,3.0,93046,PENTHIEVRE ALLEE,M,"48,9271520","2,5261840",93,2019,50.0,1.0,1.0,4.0,2153184,1.0,1,1,1,0.0,,-1.0, -1,1966.0,B01,138Â 297Â 286,1.0,0.0,-1.0,1644218,1.0,7,,0.0,2.0,8.0,B01,138Â 297Â 286,1.0
963351,201900004882,10,21,15:10,1,2,2,1.0,3.0,93046,PENTHIEVRE ALLEE,M,"48,9271520","2,5261840",93,2019,50.0,1.0,1.0,4.0,2153184,1.0,1,1,1,0.0,,-1.0, -1,1966.0,B01,138Â 297Â 286,1.0,0.0,-1.0,1644219,2.0,7,,0.0,2.0,1.0,A01,138Â 297Â 287,1.0
963351,201900004882,10,21,15:10,1,2,2,1.0,3.0,93046,PENTHIEVRE ALLEE,M,"48,9271520","2,5261840",93,2019,50.0,1.0,1.0,4.0,2153185,4.0,2,1,2,0.0,,-1.0, -1,2006.0,A01,138Â 297Â 287,1.0,0.0,-1.0,1644218,1.0,7,,0.0,2.0,8.0,B01,138Â 297Â 286,1.0
963351,201900004882,10,21,15:10,1,2,2,1.0,3.0,93046,PENTHIEVRE ALLEE,M,"48,9271520","2,5261840",93,2019,50.0,1.0,1.0,4.0,2153185,4.0,2,1,2,0.0,,-1.0, -1,2006.0,A01,138Â 297Â 287,1.0,0.0,-1.0,1644219,2.0,7,,0.0,2.0,1.0,A01,138Â 297Â 287,1.0
963351,201900004882,10,21,15:10,1,2,2,1.0,3.0,93046,PENTHIEVRE ALLEE,M,"48,9271520","2,5261840",93,2019,50.0,1.0,1.0,4.0,2153186,5.0,2,1,2,0.0,,-1.0, -1,1993.0,A01,138Â 297Â 287,1.0,0.0,-1.0,1644218,1.0,7,,0.0,2.0,8.0,B01,138Â 297Â 286,1.0
963351,201900004882,10,21,15:10,1,2,2,1.0,3.0,93046,PENTHIEVRE ALLEE,M,"48,9271520","2,5261840",93,2019,50.0,1.0,1.0,4.0,2153186,5.0,2,1,2,0.0,,-1.0, -1,1993.0,A01,138Â 297Â 287,1.0,0.0,-1.0,1644219,2.0,7,,0.0,2.0,1.0,A01,138Â 297Â 287,1.0
963351,201900004882,10,21,15:10,1,2,2,1.0,3.0,93046,PENTHIEVRE ALLEE,M,"48,9271520","2,5261840",93,2019,50.0,1.0,1.0,4.0,2153187,2.0,2,1,1,0.0,,-1.0, -1,1956.0,A01,138Â 297Â 287,1.0,0.0,-1.0,1644218,1.0,7,,0.0,2.0,8.0,B01,138Â 297Â 286,1.0
963351,201900004882,10,21,15:10,1,2,2,1.0,3.0,93046,PENTHIEVRE ALLEE,M,"48,9271520","2,5261840",93,2019,50.0,1.0,1.0,4.0,2153187,2.0,2,1,1,0.0,,-1.0, -1,1956.0,A01,138Â 297Â 287,1.0,0.0,-1.0,1644219,2.0,7,,0.0,2.0,1.0,A01,138Â 297Â 287,1.0
963351,201900004882,10,21,15:10,1,2,2,1.0,3.0,93046,PENTHIEVRE ALLEE,M,"48,9271520","2,5261840",93,2019,50.0,1.0,1.0,4.0,2153188,3.0,2,1,2,0.0,,-1.0, -1,1995.0,A01,138Â 297Â 287,1.0,0.0,-1.0,1644218,1.0,7,,0.0,2.0,8.0,B01,138Â 297Â 286,1.0
963351,201900004882,10,21,15:10,1,2,2,1.0,3.0,93046,PENTHIEVRE ALLEE,M,"48,9271520","2,5261840",93,2019,50.0,1.0,1.0,4.0,2153188,3.0,2,1,2,0.0,,-1.0, -1,1995.0,A01,138Â 297Â 287,1.0,0.0,-1.0,1644219,2.0,7,,0.0,2.0,1.0,A01,138Â 297Â 287,1.0
963351,201900004882,10,21,15:10,1,2,2,1.0,3.0,93046,PENTHIEVRE ALLEE,M,"48,9271520","2,5261840",93,2019,50.0,1.0,1.0,4.0,2153189,1.0,1,4,1,0.0,,-1.0, -1,2001.0,A01,138Â 297Â 287,1.0,8.0,-1.0,1644218,1.0,7,,0.0,2.0,8.0,B01,138Â 297Â 286,1.0
963351,201900004882,10,21,15:10,1,2,2,1.0,3.0,93046,PENTHIEVRE ALLEE,M,"48,9271520","2,5261840",93,2019,50.0,1.0,1.0,4.0,2153189,1.0,1,4,1,0.0,,-1.0, -1,2001.0,A01,138Â 297Â 287,1.0,8.0,-1.0,1644219,2.0,7,,0.0,2.0,1.0,A01,138Â 297Â 287,1.0
963352,201900004883,10,20,17:40,1,2,1,2.0,2.0,93006,GALLIENI  AV.,M,"48,8602770","2,4153130",93,2019,50.0,1.0,2.0,7.0,2153190,1.0,1,1,1,0.0,,-1.0, -1,1997.0,A01,138Â 297Â 284,1.0,0.0,-1.0,1644220,3.0,7,,1.0,2.0,4.0,A01,138Â 297Â 284,1.0
963352,201900004883,10,20,17:40,1,2,1,2.0,2.0,93006,GALLIENI  AV.,M,"48,8602770","2,4153130",93,2019,50.0,1.0,2.0,7.0,2153190,1.0,1,1,1,0.0,,-1.0, -1,1997.0,A01,138Â 297Â 284,1.0,0.0,-1.0,1644221,3.0,32,,1.0,2.0,1.0,B01,138Â 297Â 285,1.0
963352,201900004883,10,20,17:40,1,2,1,2.0,2.0,93006,GALLIENI  AV.,M,"48,8602770","2,4153130",93,2019,50.0,1.0,2.0,7.0,2153191,1.0,1,3,1,0.0,,-1.0, -1,1960.0,B01,138Â 297Â 285,2.0,0.0,-1.0,1644220,3.0,7,,1.0,2.0,4.0,A01,138Â 297Â 284,1.0
963352,201900004883,10,20,17:40,1,2,1,2.0,2.0,93006,GALLIENI  AV.,M,"48,8602770","2,4153130",93,2019,50.0,1.0,2.0,7.0,2153191,1.0,1,3,1,0.0,,-1.0, -1,1960.0,B01,138Â 297Â 285,2.0,0.0,-1.0,1644221,3.0,32,,1.0,2.0,1.0,B01,138Â 297Â 285,1.0
963353,201900004884,10,21,07:00,5,2,1,2.0,6.0,93072,MAXIME GORKI (BOULEVARD) DES NÂ°1 AU 87,M,"48,9474700","2,3862400",93,2019,50.0,1.0,2.0,3.0,2153192,10.0,3,4,1,0.0,,3.0,3,1987.0,A01,138Â 297Â 281,8.0,0.0,-1.0,1644222,3.0,10,,0.0,1.0,1.0,A01,138Â 297Â 281,1.0
963353,201900004884,10,21,07:00,5,2,1,2.0,6.0,93072,MAXIME GORKI (BOULEVARD) DES NÂ°1 AU 87,M,"48,9474700","2,3862400",93,2019,50.0,1.0,2.0,3.0,2153193,1.0,1,1,1,1.0,,-1.0, -1,1973.0,A01,138Â 297Â 281,1.0,0.0,-1.0,1644222,3.0,10,,0.0,1.0,1.0,A01,138Â 297Â 281,1.0
963354,201900004885,10,20,02:30,5,2,3,2.0,3.0,93010,BUISSON (AV. SUZANNE),M,"48,9140780","2,4816790",93,2019,30.0,1.0,2.0,4.0,2153194,6.0,2,1,1,0.0,,0.0,0,2017.0,A01,138Â 297Â 280,1.0,0.0,-1.0,1644223,1.0,3,,0.0,2.0,2.0,B01,138Â 297Â 279,0.0
963354,201900004885,10,20,02:30,5,2,3,2.0,3.0,93010,BUISSON (AV. SUZANNE),M,"48,9140780","2,4816790",93,2019,30.0,1.0,2.0,4.0,2153194,6.0,2,1,1,0.0,,0.0,0,2017.0,A01,138Â 297Â 280,1.0,0.0,-1.0,1644224,1.0,3,,0.0,2.0,3.0,A01,138Â 297Â 280,0.0
963354,201900004885,10,20,02:30,5,2,3,2.0,3.0,93010,BUISSON (AV. SUZANNE),M,"48,9140780","2,4816790",93,2019,30.0,1.0,2.0,4.0,2153195,1.0,1,4,2,0.0,,0.0,0,1986.0,A01,138Â 297Â 280,8.0,0.0,-1.0,1644223,1.0,3,,0.0,2.0,2.0,B01,138Â 297Â 279,0.0
963354,201900004885,10,20,02:30,5,2,3,2.0,3.0,93010,BUISSON (AV. SUZANNE),M,"48,9140780","2,4816790",93,2019,30.0,1.0,2.0,4.0,2153195,1.0,1,4,2,0.0,,0.0,0,1986.0,A01,138Â 297Â 280,8.0,0.0,-1.0,1644224,1.0,3,,0.0,2.0,3.0,A01,138Â 297Â 280,0.0
963354,201900004885,10,20,02:30,5,2,3,2.0,3.0,93010,BUISSON (AV. SUZANNE),M,"48,9140780","2,4816790",93,2019,30.0,1.0,2.0,4.0,2153196,2.0,2,1,2,0.0,,0.0,0,2008.0,A01,138Â 297Â 280,1.0,0.0,-1.0,1644223,1.0,3,,0.0,2.0,2.0,B01,138Â 297Â 279,0.0
963354,201900004885,10,20,02:30,5,2,3,2.0,3.0,93010,BUISSON (AV. SUZANNE),M,"48,9140780","2,4816790",93,2019,30.0,1.0,2.0,4.0,2153196,2.0,2,1,2,0.0,,0.0,0,2008.0,A01,138Â 297Â 280,1.0,0.0,-1.0,1644224,1.0,3,,0.0,2.0,3.0,A01,138Â 297Â 280,0.0
963355,201900004886,10,20,13:00,1,2,2,2.0,3.0,92033,PORTE JAUNE,M,"48,8490363","2,2010255",92,2019,50.0,1.0,2.0,3.0,2153197,1.0,1,4,1,5.0,,-1.0,0,1966.0,A01,138Â 297Â 277,2.0,8.0,-1.0,1644225,2.0,31,,0.0,2.0,1.0,A01,138Â 297Â 277,1.0
963355,201900004886,10,20,13:00,1,2,2,2.0,3.0,92033,PORTE JAUNE,M,"48,8490363","2,2010255",92,2019,50.0,1.0,2.0,3.0,2153197,1.0,1,4,1,5.0,,-1.0,0,1966.0,A01,138Â 297Â 277,2.0,8.0,-1.0,1644226,2.0,7,,0.0,2.0,7.0,B01,138Â 297Â 278,1.0
963355,201900004886,10,20,13:00,1,2,2,2.0,3.0,92033,PORTE JAUNE,M,"48,8490363","2,2010255",92,2019,50.0,1.0,2.0,3.0,2153198,1.0,1,1,1,5.0,,-1.0,0,1966.0,B01,138Â 297Â 278,1.0,8.0,-1.0,1644225,2.0,31,,0.0,2.0,1.0,A01,138Â 297Â 277,1.0
963355,201900004886,10,20,13:00,1,2,2,2.0,3.0,92033,PORTE JAUNE,M,"48,8490363","2,2010255",92,2019,50.0,1.0,2.0,3.0,2153198,1.0,1,1,1,5.0,,-1.0,0,1966.0,B01,138Â 297Â 278,1.0,8.0,-1.0,1644226,2.0,7,,0.0,2.0,7.0,B01,138Â 297Â 278,1.0
963355,201900004886,10,20,13:00,1,2,2,2.0,3.0,92033,PORTE JAUNE,M,"48,8490363","2,2010255",92,2019,50.0,1.0,2.0,3.0,2153199,2.0,2,1,1,5.0,,-1.0,0,2006.0,B01,138Â 297Â 278,1.0,0.0,-1.0,1644225,2.0,31,,0.0,2.0,1.0,A01,138Â 297Â 277,1.0
963355,201900004886,10,20,13:00,1,2,2,2.0,3.0,92033,PORTE JAUNE,M,"48,8490363","2,2010255",92,2019,50.0,1.0,2.0,3.0,2153199,2.0,2,1,1,5.0,,-1.0,0,2006.0,B01,138Â 297Â 278,1.0,0.0,-1.0,1644226,2.0,7,,0.0,2.0,7.0,B01,138Â 297Â 278,1.0
963356,201900004887,10,21,19:40,5,2,1,1.0,6.0,92026,MARCEAU,M,"48,9004000","2,2446400",92,2019,30.0,1.0,1.0,4.0,2153200,1.0,1,1,2,0.0,,-1.0,0,1998.0,A01,138Â 297Â 276,1.0,0.0,-1.0,1644227,1.0,7,,0.0,1.0,7.0,A01,138Â 297Â 276,0.0
963356,201900004887,10,21,19:40,5,2,1,1.0,6.0,92026,MARCEAU,M,"48,9004000","2,2446400",92,2019,30.0,1.0,1.0,4.0,2153201,10.0,3,4,1,-1.0,,1.0,3,2010.0,A01,138Â 297Â 276,0.0,-1.0,-1.0,1644227,1.0,7,,0.0,1.0,7.0,A01,138Â 297Â 276,0.0
963357,201900004888,10,17,18:10,1,2,3,1.0,3.0,92007,FOCH (AVENUE DU MARECHAL) NÂ° 1 A 15,M,"48,7868400","2,3022580",92,2019,50.0,1.0,1.0,4.0,2153202,1.0,1,1,1,4.0,,-1.0,0,1984.0,B01,138Â 297Â 274,1.0,0.0,-1.0,1644228,1.0,10,,0.0,2.0,8.0,B01,138Â 297Â 274,1.0
963357,201900004888,10,17,18:10,1,2,3,1.0,3.0,92007,FOCH (AVENUE DU MARECHAL) NÂ° 1 A 15,M,"48,7868400","2,3022580",92,2019,50.0,1.0,1.0,4.0,2153202,1.0,1,1,1,4.0,,-1.0,0,1984.0,B01,138Â 297Â 274,1.0,0.0,-1.0,1644229,1.0,33,,0.0,2.0,1.0,A01,138Â 297Â 275,1.0
963357,201900004888,10,17,18:10,1,2,3,1.0,3.0,92007,FOCH (AVENUE DU MARECHAL) NÂ° 1 A 15,M,"48,7868400","2,3022580",92,2019,50.0,1.0,1.0,4.0,2153203,1.0,1,3,1,0.0,,-1.0,0,1989.0,A01,138Â 297Â 275,2.0,8.0,-1.0,1644228,1.0,10,,0.0,2.0,8.0,B01,138Â 297Â 274,1.0
963357,201900004888,10,17,18:10,1,2,3,1.0,3.0,92007,FOCH (AVENUE DU MARECHAL) NÂ° 1 A 15,M,"48,7868400","2,3022580",92,2019,50.0,1.0,1.0,4.0,2153203,1.0,1,3,1,0.0,,-1.0,0,1989.0,A01,138Â 297Â 275,2.0,8.0,-1.0,1644229,1.0,33,,0.0,2.0,1.0,A01,138Â 297Â 275,1.0
963358,201900004889,10,21,21:00,3,1,1,2.0,6.0,49244,D751,M,"47,3611720"," -0,9945440",49,2019,80.0,1.0,2.0,3.0,2153204,1.0,1,3,1,0.0,,0.0,0,1970.0,A01,138Â 297Â 273,2.0,-1.0,-1.0,1644230,2.0,2,,0.0,0.0,0.0,A01,138Â 297Â 273,1.0
963359,201900004890,10,17,03:00,3,1,1,1.0,1.0,81276,D999,M,"43,9139930","1,6685040",81,2019,80.0,1.0,1.0,3.0,2153205,1.0,1,2,1,5.0,,0.0,0,1967.0,A01,138Â 297Â 269,8.0,-1.0,-1.0,1644231,1.0,7,,0.0,2.0,3.0,A01,138Â 297Â 269,1.0
963359,201900004890,10,17,03:00,3,1,1,1.0,1.0,81276,D999,M,"43,9139930","1,6685040",81,2019,80.0,1.0,1.0,3.0,2153205,1.0,1,2,1,5.0,,0.0,0,1967.0,A01,138Â 297Â 269,8.0,-1.0,-1.0,1644232,2.0,17,,0.0,2.0,3.0,B01,138Â 297Â 270,1.0
963359,201900004890,10,17,03:00,3,1,1,1.0,1.0,81276,D999,M,"43,9139930","1,6685040",81,2019,80.0,1.0,1.0,3.0,2153206,1.0,1,1,1,4.0,,0.0,0,1995.0,B01,138Â 297Â 270,1.0,-1.0,-1.0,1644231,1.0,7,,0.0,2.0,3.0,A01,138Â 297Â 269,1.0
963359,201900004890,10,17,03:00,3,1,1,1.0,1.0,81276,D999,M,"43,9139930","1,6685040",81,2019,80.0,1.0,1.0,3.0,2153206,1.0,1,1,1,4.0,,0.0,0,1995.0,B01,138Â 297Â 270,1.0,-1.0,-1.0,1644232,2.0,17,,0.0,2.0,3.0,B01,138Â 297Â 270,1.0
963360,201900004891,10,22,16:20,1,1,1,8.0,4.0,95487,D301,M,"49,1533940","2,2460870",95,2019,70.0,1.0,2.0,3.0,2153207,1.0,1,1,1,0.0,,0.0,0,1945.0,D01,138Â 297Â 265,1.0,-1.0,-1.0,1644233,2.0,7,,0.0,2.0,4.0,D01,138Â 297Â 265,1.0
963360,201900004891,10,22,16:20,1,1,1,8.0,4.0,95487,D301,M,"49,1533940","2,2460870",95,2019,70.0,1.0,2.0,3.0,2153207,1.0,1,1,1,0.0,,0.0,0,1945.0,D01,138Â 297Â 265,1.0,-1.0,-1.0,1644234,2.0,7,,0.0,2.0,1.0,C01,138Â 297Â 266,1.0
963360,201900004891,10,22,16:20,1,1,1,8.0,4.0,95487,D301,M,"49,1533940","2,2460870",95,2019,70.0,1.0,2.0,3.0,2153207,1.0,1,1,1,0.0,,0.0,0,1945.0,D01,138Â 297Â 265,1.0,-1.0,-1.0,1644235,1.0,7,,0.0,2.0,5.0,B01,138Â 297Â 267,1.0
963360,201900004891,10,22,16:20,1,1,1,8.0,4.0,95487,D301,M,"49,1533940","2,2460870",95,2019,70.0,1.0,2.0,3.0,2153207,1.0,1,1,1,0.0,,0.0,0,1945.0,D01,138Â 297Â 265,1.0,-1.0,-1.0,1644236,1.0,7,,0.0,2.0,1.0,A01,138Â 297Â 268,1.0
963360,201900004891,10,22,16:20,1,1,1,8.0,4.0,95487,D301,M,"49,1533940","2,2460870",95,2019,70.0,1.0,2.0,3.0,2153208,1.0,1,3,1,5.0,,0.0,0,1995.0,C01,138Â 297Â 266,1.0,5.0,-1.0,1644233,2.0,7,,0.0,2.0,4.0,D01,138Â 297Â 265,1.0
963360,201900004891,10,22,16:20,1,1,1,8.0,4.0,95487,D301,M,"49,1533940","2,2460870",95,2019,70.0,1.0,2.0,3.0,2153208,1.0,1,3,1,5.0,,0.0,0,1995.0,C01,138Â 297Â 266,1.0,5.0,-1.0,1644234,2.0,7,,0.0,2.0,1.0,C01,138Â 297Â 266,1.0
963360,201900004891,10,22,16:20,1,1,1,8.0,4.0,95487,D301,M,"49,1533940","2,2460870",95,2019,70.0,1.0,2.0,3.0,2153208,1.0,1,3,1,5.0,,0.0,0,1995.0,C01,138Â 297Â 266,1.0,5.0,-1.0,1644235,1.0,7,,0.0,2.0,5.0,B01,138Â 297Â 267,1.0
963360,201900004891,10,22,16:20,1,1,1,8.0,4.0,95487,D301,M,"49,1533940","2,2460870",95,2019,70.0,1.0,2.0,3.0,2153208,1.0,1,3,1,5.0,,0.0,0,1995.0,C01,138Â 297Â 266,1.0,5.0,-1.0,1644236,1.0,7,,0.0,2.0,1.0,A01,138Â 297Â 268,1.0
963360,201900004891,10,22,16:20,1,1,1,8.0,4.0,95487,D301,M,"49,1533940","2,2460870",95,2019,70.0,1.0,2.0,3.0,2153209,1.0,1,3,2,5.0,,0.0,0,1982.0,B01,138Â 297Â 267,1.0,5.0,-1.0,1644233,2.0,7,,0.0,2.0,4.0,D01,138Â 297Â 265,1.0
963360,201900004891,10,22,16:20,1,1,1,8.0,4.0,95487,D301,M,"49,1533940","2,2460870",95,2019,70.0,1.0,2.0,3.0,2153209,1.0,1,3,2,5.0,,0.0,0,1982.0,B01,138Â 297Â 267,1.0,5.0,-1.0,1644234,2.0,7,,0.0,2.0,1.0,C01,138Â 297Â 266,1.0