Unnamed: 0_x,num_acc,mois,jour,hrmn,lum,agg,int,atm,col,com,adr,gps,lat,long,dep,annee,vma,situ,surf,catr,Unnamed: 0_y,place,catu,grav,sexe,trajet,secu,locp,actp,an_nais,num_veh_x,id_vehicule_x,secu1,secu2,secu3,Unnamed: 0,senc,catv,occutc,obs,obsm,choc,num_veh_y,id_vehicule_y,motor
963360,201900004891,10,22,16:20,1,1,1,8.0,4.0,95487,D301,M,"49,1533940","2,2460870",95,2019,70.0,1.0,2.0,3.0,2153209,1.0,1,3,2,5.0,,0.0,0,1982.0,B01,138Â 297Â 267,1.0,5.0,-1.0,1644235,1.0,7,,0.0,2.0,5.0,B01,138Â 297Â 267,1.0
963360,201900004891,10,22,16:20,1,1,1,8.0,4.0,95487,D301,M,"49,1533940","2,2460870",95,2019,70.0,1.0,2.0,3.0,2153209,1.0,1,3,2,5.0,,0.0,0,1982.0,B01,138Â 297Â 267,1.0,5.0,-1.0,1644236,1.0,7,,0.0,2.0,1.0,A01,138Â 297Â 268,1.0
963360,201900004891,10,22,16:20,1,1,1,8.0,4.0,95487,D301,M,"49,1533940","2,2460870",95,2019,70.0,1.0,2.0,3.0,2153210,1.0,1,2,1,3.0,,0.0,0,1937.0,A01,138Â 297Â 268,1.0,5.0,-1.0,1644233,2.0,7,,0.0,2.0,4.0,D01,138Â 297Â 265,1.0
963360,201900004891,10,22,16:20,1,1,1,8.0,4.0,95487,D301,M,"49,1533940","2,2460870",95,2019,70.0,1.0,2.0,3.0,2153210,1.0,1,2,1,3.0,,0.0,0,1937.0,A01,138Â 297Â 268,1.0,5.0,-1.0,1644234,2.0,7,,0.0,2.0,1.0,C01,138Â 297Â 266,1.0
963360,201900004891,10,22,16:20,1,1,1,8.0,4.0,95487,D301,M,"49,1533940","2,2460870",95,2019,70.0,1.0,2.0,3.0,2153210,1.0,1,2,1,3.0,,0.0,0,1937.0,A01,138Â 297Â 268,1.0,5.0,-1.0,1644235,1.0,7,,0.0,2.0,5.0,B01,138Â 297Â 267,1.0
963360,201900004891,10,22,16:20,1,1,1,8.0,4.0,95487,D301,M,"49,1533940","2,2460870",95,2019,70.0,1.0,2.0,3.0,2153210,1.0,1,2,1,3.0,,0.0,0,1937.0,A01,138Â 297Â 268,1.0,5.0,-1.0,1644236,1.0,7,,0.0,2.0,1.0,A01,138Â 297Â 268,1.0
963361,201900004892,10,21,18:54,3,1,1,1.0,4.0,77128,A4,M,"48,8767910","2,8780180",77,2019,130.0,1.0,1.0,1.0,2153211,1.0,1,1,1,4.0,,0.0,0,1980.0,C01,138Â 297Â 262,1.0,-1.0,-1.0,1644237,1.0,15,,0.0,0.0,7.0,C01,138Â 297Â 262,1.0
963361,201900004892,10,21,18:54,3,1,1,1.0,4.0,77128,A4,M,"48,8767910","2,8780180",77,2019,130.0,1.0,1.0,1.0,2153211,1.0,1,1,1,4.0,,0.0,0,1980.0,C01,138Â 297Â 262,1.0,-1.0,-1.0,1644238,1.0,7,,4.0,0.0,7.0,B01,138Â 297Â 263,1.0
963361,201900004892,10,21,18:54,3,1,1,1.0,4.0,77128,A4,M,"48,8767910","2,8780180",77,2019,130.0,1.0,1.0,1.0,2153211,1.0,1,1,1,4.0,,0.0,0,1980.0,C01,138Â 297Â 262,1.0,-1.0,-1.0,1644239,1.0,7,,0.0,2.0,3.0,A01,138Â 297Â 264,1.0
963361,201900004892,10,21,18:54,3,1,1,1.0,4.0,77128,A4,M,"48,8767910","2,8780180",77,2019,130.0,1.0,1.0,1.0,2153212,1.0,1,4,1,9.0,,0.0,0,1983.0,B01,138Â 297Â 263,1.0,-1.0,-1.0,1644237,1.0,15,,0.0,0.0,7.0,C01,138Â 297Â 262,1.0
963361,201900004892,10,21,18:54,3,1,1,1.0,4.0,77128,A4,M,"48,8767910","2,8780180",77,2019,130.0,1.0,1.0,1.0,2153212,1.0,1,4,1,9.0,,0.0,0,1983.0,B01,138Â 297Â 263,1.0,-1.0,-1.0,1644238,1.0,7,,4.0,0.0,7.0,B01,138Â 297Â 263,1.0
963361,201900004892,10,21,18:54,3,1,1,1.0,4.0,77128,A4,M,"48,8767910","2,8780180",77,2019,130.0,1.0,1.0,1.0,2153212,1.0,1,4,1,9.0,,0.0,0,1983.0,B01,138Â 297Â 263,1.0,-1.0,-1.0,1644239,1.0,7,,0.0,2.0,3.0,A01,138Â 297Â 264,1.0
963361,201900004892,10,21,18:54,3,1,1,1.0,4.0,77128,A4,M,"48,8767910","2,8780180",77,2019,130.0,1.0,1.0,1.0,2153213,1.0,1,1,1,9.0,,0.0,0,1959.0,A01,138Â 297Â 264,1.0,-1.0,-1.0,1644237,1.0,15,,0.0,0.0,7.0,C01,138Â 297Â 262,1.0
963361,201900004892,10,21,18:54,3,1,1,1.0,4.0,77128,A4,M,"48,8767910","2,8780180",77,2019,130.0,1.0,1.0,1.0,2153213,1.0,1,1,1,9.0,,0.0,0,1959.0,A01,138Â 297Â 264,1.0,-1.0,-1.0,1644238,1.0,7,,4.0,0.0,7.0,B01,138Â 297Â 263,1.0
963361,201900004892,10,21,18:54,3,1,1,1.0,4.0,77128,A4,M,"48,8767910","2,8780180",77,2019,130.0,1.0,1.0,1.0,2153213,1.0,1,1,1,9.0,,0.0,0,1959.0,A01,138Â 297Â 264,1.0,-1.0,-1.0,1644239,1.0,7,,0.0,2.0,3.0,A01,138Â 297Â 264,1.0
963362,201900004893,10,20,16:05,1,1,1,1.0,7.0,68253,Chemin agricole,M,"47,7772090","7,5055690",68,2019,30.0,8.0,1.0,4.0,2153214,1.0,1,2,1,5.0,,0.0,0,1955.0,A01,138Â 297Â 261,2.0,-1.0,-1.0,1644240,3.0,1,,0.0,0.0,0.0,A01,138Â 297Â 261,5.0
963363,201900004894,10,21,17:37,2,1,1,2.0,1.0,74179,D1508,M,"45,9871590","6,0150300",74,2019,-1.0,1.0,2.0,3.0,2153215,2.0,2,1,2,5.0,,0.0,0,2007.0,B01,138Â 297Â 259,1.0,-1.0,-1.0,1644241,2.0,7,,0.0,2.0,3.0,B01,138Â 297Â 259,0.0
963363,201900004894,10,21,17:37,2,1,1,2.0,1.0,74179,D1508,M,"45,9871590","6,0150300",74,2019,-1.0,1.0,2.0,3.0,2153215,2.0,2,1,2,5.0,,0.0,0,2007.0,B01,138Â 297Â 259,1.0,-1.0,-1.0,1644242,1.0,7,,0.0,0.0,2.0,A01,138Â 297Â 260,0.0
963363,201900004894,10,21,17:37,2,1,1,2.0,1.0,74179,D1508,M,"45,9871590","6,0150300",74,2019,-1.0,1.0,2.0,3.0,2153216,1.0,1,4,1,5.0,,0.0,0,1971.0,B01,138Â 297Â 259,1.0,-1.0,-1.0,1644241,2.0,7,,0.0,2.0,3.0,B01,138Â 297Â 259,0.0
963363,201900004894,10,21,17:37,2,1,1,2.0,1.0,74179,D1508,M,"45,9871590","6,0150300",74,2019,-1.0,1.0,2.0,3.0,2153216,1.0,1,4,1,5.0,,0.0,0,1971.0,B01,138Â 297Â 259,1.0,-1.0,-1.0,1644242,1.0,7,,0.0,0.0,2.0,A01,138Â 297Â 260,0.0
963363,201900004894,10,21,17:37,2,1,1,2.0,1.0,74179,D1508,M,"45,9871590","6,0150300",74,2019,-1.0,1.0,2.0,3.0,2153217,1.0,1,4,2,0.0,,0.0,0,1997.0,A01,138Â 297Â 260,1.0,-1.0,-1.0,1644241,2.0,7,,0.0,2.0,3.0,B01,138Â 297Â 259,0.0
963363,201900004894,10,21,17:37,2,1,1,2.0,1.0,74179,D1508,M,"45,9871590","6,0150300",74,2019,-1.0,1.0,2.0,3.0,2153217,1.0,1,4,2,0.0,,0.0,0,1997.0,A01,138Â 297Â 260,1.0,-1.0,-1.0,1644242,1.0,7,,0.0,0.0,2.0,A01,138Â 297Â 260,0.0
963364,201900004895,10,22,12:40,1,2,1,3.0,3.0,19028,80 av de saint-thomas,M,"45,3877700","2,4911350",19,2019,50.0,1.0,2.0,3.0,2153218,2.0,2,4,2,5.0,,0.0,0,1994.0,B01,138Â 297Â 257,1.0,-1.0,-1.0,1644243,3.0,7,,0.0,2.0,8.0,B01,138Â 297Â 257,1.0
963364,201900004895,10,22,12:40,1,2,1,3.0,3.0,19028,80 av de saint-thomas,M,"45,3877700","2,4911350",19,2019,50.0,1.0,2.0,3.0,2153218,2.0,2,4,2,5.0,,0.0,0,1994.0,B01,138Â 297Â 257,1.0,-1.0,-1.0,1644244,3.0,15,,0.0,2.0,8.0,A01,138Â 297Â 258,1.0
963364,201900004895,10,22,12:40,1,2,1,3.0,3.0,19028,80 av de saint-thomas,M,"45,3877700","2,4911350",19,2019,50.0,1.0,2.0,3.0,2153219,1.0,1,3,2,5.0,,0.0,0,1968.0,B01,138Â 297Â 257,1.0,-1.0,-1.0,1644243,3.0,7,,0.0,2.0,8.0,B01,138Â 297Â 257,1.0
963364,201900004895,10,22,12:40,1,2,1,3.0,3.0,19028,80 av de saint-thomas,M,"45,3877700","2,4911350",19,2019,50.0,1.0,2.0,3.0,2153219,1.0,1,3,2,5.0,,0.0,0,1968.0,B01,138Â 297Â 257,1.0,-1.0,-1.0,1644244,3.0,15,,0.0,2.0,8.0,A01,138Â 297Â 258,1.0
963364,201900004895,10,22,12:40,1,2,1,3.0,3.0,19028,80 av de saint-thomas,M,"45,3877700","2,4911350",19,2019,50.0,1.0,2.0,3.0,2153220,1.0,1,1,1,4.0,,0.0,0,1972.0,A01,138Â 297Â 258,1.0,-1.0,-1.0,1644243,3.0,7,,0.0,2.0,8.0,B01,138Â 297Â 257,1.0
963364,201900004895,10,22,12:40,1,2,1,3.0,3.0,19028,80 av de saint-thomas,M,"45,3877700","2,4911350",19,2019,50.0,1.0,2.0,3.0,2153220,1.0,1,1,1,4.0,,0.0,0,1972.0,A01,138Â 297Â 258,1.0,-1.0,-1.0,1644244,3.0,15,,0.0,2.0,8.0,A01,138Â 297Â 258,1.0
963365,201900004896,10,22,09:30,3,1,1,1.0,6.0,56097,Lieu dit Toul er Roz,M,"47,7780310"," -3,1176900",56,2019,80.0,8.0,1.0,4.0,2153221,1.0,1,2,2,0.0,,0.0,0,1957.0,A01,138Â 297Â 256,0.0,-1.0,-1.0,1644245,3.0,7,,13.0,0.0,1.0,A01,138Â 297Â 256,1.0
963366,201900004897,10,10,22:45,5,2,1,1.0,6.0,67543,16 Grand Rue Hersbach,M,"48,5007226","7,2523597",67,2019,50.0,4.0,1.0,3.0,2153222,1.0,1,3,1,0.0,,0.0,0,1958.0,A01,138Â 297Â 255,8.0,-1.0,-1.0,1644246,1.0,3,,1.0,0.0,1.0,A01,138Â 297Â 255,1.0
963367,201900004898,10,21,17:30,1,2,6,1.0,3.0,79179,Avenue du MarÃ©chal Leclerc,M,"46,7249870"," -0,5882800",79,2019,50.0,1.0,1.0,3.0,2153223,1.0,1,1,2,5.0,,0.0,0,1984.0,A01,138Â 297Â 253,1.0,-1.0,-1.0,1644247,2.0,7,,0.0,9.0,2.0,A01,138Â 297Â 253,1.0
963367,201900004898,10,21,17:30,1,2,6,1.0,3.0,79179,Avenue du MarÃ©chal Leclerc,M,"46,7249870"," -0,5882800",79,2019,50.0,1.0,1.0,3.0,2153223,1.0,1,1,2,5.0,,0.0,0,1984.0,A01,138Â 297Â 253,1.0,-1.0,-1.0,1644248,2.0,1,,0.0,2.0,8.0,B01,138Â 297Â 254,0.0
963367,201900004898,10,21,17:30,1,2,6,1.0,3.0,79179,Avenue du MarÃ©chal Leclerc,M,"46,7249870"," -0,5882800",79,2019,50.0,1.0,1.0,3.0,2153224,1.0,1,3,1,5.0,,0.0,0,1933.0,B01,138Â 297Â 254,2.0,-1.0,-1.0,1644247,2.0,7,,0.0,9.0,2.0,A01,138Â 297Â 253,1.0
963367,201900004898,10,21,17:30,1,2,6,1.0,3.0,79179,Avenue du MarÃ©chal Leclerc,M,"46,7249870"," -0,5882800",79,2019,50.0,1.0,1.0,3.0,2153224,1.0,1,3,1,5.0,,0.0,0,1933.0,B01,138Â 297Â 254,2.0,-1.0,-1.0,1644248,2.0,1,,0.0,2.0,8.0,B01,138Â 297Â 254,0.0
963368,201900004899,10,21,22:06,3,1,1,1.0,6.0,82161,D958 (vieille rte Montauban),M,"44,0525190","1,4453390",82,2019,80.0,8.0,1.0,3.0,2153225,1.0,1,4,1,5.0,,0.0,0,1992.0,A01,138Â 297Â 252,1.0,-1.0,-1.0,1644249,2.0,10,,6.0,0.0,2.0,A01,138Â 297Â 252,1.0
963369,201900004900,10,22,14:50,1,1,1,2.0,7.0,63047,Route DÃ©partementale 996,M,"45,5936470","2,7205880",63,2019,70.0,8.0,2.0,3.0,2153226,1.0,1,3,2,0.0,,0.0,0,2000.0,A01,138Â 297Â 251,1.0,5.0,-1.0,1644250,1.0,7,,2.0,0.0,7.0,A01,138Â 297Â 251,0.0
963370,201900004901,10,22,13:45,1,1,1,2.0,7.0,63139,D202,M,"45,3725715","3,7631795",63,2019,-1.0,1.0,2.0,3.0,2153227,1.0,1,2,2,9.0,,0.0,0,1962.0,A01,138Â 297Â 250,1.0,-1.0,-1.0,1644251,2.0,7,,2.0,0.0,8.0,A01,138Â 297Â 250,1.0
963371,201900004902,10,17,17:51,2,2,1,2.0,6.0,55181,Rue Raymond Poincare,M,"49,2133990","5,6349400",55,2019,50.0,1.0,2.0,3.0,2153228,10.0,3,4,1,5.0,,2.0,3,2005.0,A01,138Â 297Â 249,0.0,-1.0,-1.0,1644252,2.0,7,,0.0,1.0,3.0,A01,138Â 297Â 249,1.0
963371,201900004902,10,17,17:51,2,2,1,2.0,6.0,55181,Rue Raymond Poincare,M,"49,2133990","5,6349400",55,2019,50.0,1.0,2.0,3.0,2153229,1.0,1,1,2,5.0,,0.0,0,1947.0,A01,138Â 297Â 249,1.0,-1.0,-1.0,1644252,2.0,7,,0.0,1.0,3.0,A01,138Â 297Â 249,1.0
963372,201900004903,10,17,13:00,1,1,3,1.0,1.0,42097,AllÃ©e de la ParapeliÃ¨re,M,"45,4910350","4,3247830",42,2019,70.0,4.0,1.0,3.0,2153230,2.0,2,4,2,5.0,,0.0,0,1941.0,A01,138Â 297Â 247,1.0,-1.0,-1.0,1644253,1.0,7,,8.0,2.0,1.0,A01,138Â 297Â 247,1.0
963372,201900004903,10,17,13:00,1,1,3,1.0,1.0,42097,AllÃ©e de la ParapeliÃ¨re,M,"45,4910350","4,3247830",42,2019,70.0,4.0,1.0,3.0,2153230,2.0,2,4,2,5.0,,0.0,0,1941.0,A01,138Â 297Â 247,1.0,-1.0,-1.0,1644254,2.0,7,,0.0,0.0,6.0,B01,138Â 297Â 248,1.0
963372,201900004903,10,17,13:00,1,1,3,1.0,1.0,42097,AllÃ©e de la ParapeliÃ¨re,M,"45,4910350","4,3247830",42,2019,70.0,4.0,1.0,3.0,2153231,1.0,1,3,1,5.0,,0.0,0,1939.0,A01,138Â 297Â 247,1.0,-1.0,-1.0,1644253,1.0,7,,8.0,2.0,1.0,A01,138Â 297Â 247,1.0
963372,201900004903,10,17,13:00,1,1,3,1.0,1.0,42097,AllÃ©e de la ParapeliÃ¨re,M,"45,4910350","4,3247830",42,2019,70.0,4.0,1.0,3.0,2153231,1.0,1,3,1,5.0,,0.0,0,1939.0,A01,138Â 297Â 247,1.0,-1.0,-1.0,1644254,2.0,7,,0.0,0.0,6.0,B01,138Â 297Â 248,1.0
963372,201900004903,10,17,13:00,1,1,3,1.0,1.0,42097,AllÃ©e de la ParapeliÃ¨re,M,"45,4910350","4,3247830",42,2019,70.0,4.0,1.0,3.0,2153232,1.0,1,4,1,5.0,,0.0,0,1972.0,B01,138Â 297Â 248,1.0,-1.0,-1.0,1644253,1.0,7,,8.0,2.0,1.0,A01,138Â 297Â 247,1.0
963372,201900004903,10,17,13:00,1,1,3,1.0,1.0,42097,AllÃ©e de la ParapeliÃ¨re,M,"45,4910350","4,3247830",42,2019,70.0,4.0,1.0,3.0,2153232,1.0,1,4,1,5.0,,0.0,0,1972.0,B01,138Â 297Â 248,1.0,-1.0,-1.0,1644254,2.0,7,,0.0,0.0,6.0,B01,138Â 297Â 248,1.0
963373,201900004904,10,21,17:55,2,1,6,3.0,7.0,68266,D2,M,"47,8828240","7,4013320",68,2019,80.0,1.0,2.0,3.0,2153233,1.0,1,4,1,9.0,,0.0,0,1966.0,A01,138Â 297Â 244,8.0,-1.0,-1.0,1644255,1.0,33,,0.0,0.0,9.0,A01,138Â 297Â 244,1.0
963374,201900004905,10,11,18:15,2,1,1,7.0,3.0,31345,Voie Trait d'Union,M,"43,3659150","1,4424530",31,2019,70.0,1.0,1.0,4.0,2153234,1.0,1,1,1,4.0,,0.0,0,1970.0,B01,138Â 297Â 242,0.0,-1.0,-1.0,1644256,3.0,21,,0.0,2.0,5.0,B01,138Â 297Â 242,6.0
963374,201900004905,10,11,18:15,2,1,1,7.0,3.0,31345,Voie Trait d'Union,M,"43,3659150","1,4424530",31,2019,70.0,1.0,1.0,4.0,2153234,1.0,1,1,1,4.0,,0.0,0,1970.0,B01,138Â 297Â 242,0.0,-1.0,-1.0,1644257,3.0,33,,0.0,2.0,2.0,A01,138Â 297Â 243,1.0
963374,201900004905,10,11,18:15,2,1,1,7.0,3.0,31345,Voie Trait d'Union,M,"43,3659150","1,4424530",31,2019,70.0,1.0,1.0,4.0,2153235,1.0,1,3,1,5.0,,0.0,0,1986.0,A01,138Â 297Â 243,2.0,-1.0,-1.0,1644256,3.0,21,,0.0,2.0,5.0,B01,138Â 297Â 242,6.0
963374,201900004905,10,11,18:15,2,1,1,7.0,3.0,31345,Voie Trait d'Union,M,"43,3659150","1,4424530",31,2019,70.0,1.0,1.0,4.0,2153235,1.0,1,3,1,5.0,,0.0,0,1986.0,A01,138Â 297Â 243,2.0,-1.0,-1.0,1644257,3.0,33,,0.0,2.0,2.0,A01,138Â 297Â 243,1.0
963375,201900004906,10,19,02:45,3,1,1,3.0,6.0,38384,D119,M,"45,3547080","5,3498400",38,2019,110.0,1.0,2.0,3.0,2153236,10.0,3,3,1,5.0,,6.0,9,1993.0,A01,138Â 297Â 241,0.0,-1.0,-1.0,1644258,3.0,0,,0.0,1.0,0.0,A01,138Â 297Â 241,1.0
963376,201900004907,10,21,19:50,3,1,1,2.0,3.0,38422,Route de Gieres,M,"45,1616700","5,8164600",38,2019,70.0,1.0,2.0,3.0,2153237,1.0,1,1,1,0.0,,0.0,0,1960.0,B01,138Â 297Â 239,1.0,-1.0,-1.0,1644259,1.0,10,,0.0,2.0,1.0,B01,138Â 297Â 239,1.0
963376,201900004907,10,21,19:50,3,1,1,2.0,3.0,38422,Route de Gieres,M,"45,1616700","5,8164600",38,2019,70.0,1.0,2.0,3.0,2153237,1.0,1,1,1,0.0,,0.0,0,1960.0,B01,138Â 297Â 239,1.0,-1.0,-1.0,1644260,2.0,7,,0.0,2.0,7.0,A01,138Â 297Â 240,1.0
963376,201900004907,10,21,19:50,3,1,1,2.0,3.0,38422,Route de Gieres,M,"45,1616700","5,8164600",38,2019,70.0,1.0,2.0,3.0,2153238,1.0,1,2,1,0.0,,0.0,0,1985.0,A01,138Â 297Â 240,0.0,-1.0,-1.0,1644259,1.0,10,,0.0,2.0,1.0,B01,138Â 297Â 239,1.0
963376,201900004907,10,21,19:50,3,1,1,2.0,3.0,38422,Route de Gieres,M,"45,1616700","5,8164600",38,2019,70.0,1.0,2.0,3.0,2153238,1.0,1,2,1,0.0,,0.0,0,1985.0,A01,138Â 297Â 240,0.0,-1.0,-1.0,1644260,2.0,7,,0.0,2.0,7.0,A01,138Â 297Â 240,1.0
963377,201900004908,10,22,00:05,3,1,1,2.0,1.0,26124,Route Nationale 7,M,"44,8643920","4,8585230",26,2019,80.0,1.0,2.0,2.0,2153239,1.0,1,3,1,1.0,,0.0,0,1965.0,B01,138Â 297Â 237,1.0,-1.0,-1.0,1644261,1.0,7,,0.0,2.0,1.0,B01,138Â 297Â 237,1.0
963377,201900004908,10,22,00:05,3,1,1,2.0,1.0,26124,Route Nationale 7,M,"44,8643920","4,8585230",26,2019,80.0,1.0,2.0,2.0,2153239,1.0,1,3,1,1.0,,0.0,0,1965.0,B01,138Â 297Â 237,1.0,-1.0,-1.0,1644262,2.0,7,,0.0,2.0,6.0,A01,138Â 297Â 238,1.0
963377,201900004908,10,22,00:05,3,1,1,2.0,1.0,26124,Route Nationale 7,M,"44,8643920","4,8585230",26,2019,80.0,1.0,2.0,2.0,2153240,9.0,2,4,1,5.0,,0.0,0,2001.0,A01,138Â 297Â 238,1.0,-1.0,-1.0,1644261,1.0,7,,0.0,2.0,1.0,B01,138Â 297Â 237,1.0
963377,201900004908,10,22,00:05,3,1,1,2.0,1.0,26124,Route Nationale 7,M,"44,8643920","4,8585230",26,2019,80.0,1.0,2.0,2.0,2153240,9.0,2,4,1,5.0,,0.0,0,2001.0,A01,138Â 297Â 238,1.0,-1.0,-1.0,1644262,2.0,7,,0.0,2.0,6.0,A01,138Â 297Â 238,1.0
963377,201900004908,10,22,00:05,3,1,1,2.0,1.0,26124,Route Nationale 7,M,"44,8643920","4,8585230",26,2019,80.0,1.0,2.0,2.0,2153241,8.0,2,2,2,5.0,,0.0,0,2001.0,A01,138Â 297Â 238,1.0,-1.0,-1.0,1644261,1.0,7,,0.0,2.0,1.0,B01,138Â 297Â 237,1.0
963377,201900004908,10,22,00:05,3,1,1,2.0,1.0,26124,Route Nationale 7,M,"44,8643920","4,8585230",26,2019,80.0,1.0,2.0,2.0,2153241,8.0,2,2,2,5.0,,0.0,0,2001.0,A01,138Â 297Â 238,1.0,-1.0,-1.0,1644262,2.0,7,,0.0,2.0,6.0,A01,138Â 297Â 238,1.0
963377,201900004908,10,22,00:05,3,1,1,2.0,1.0,26124,Route Nationale 7,M,"44,8643920","4,8585230",26,2019,80.0,1.0,2.0,2.0,2153242,7.0,2,3,1,5.0,,0.0,0,2002.0,A01,138Â 297Â 238,1.0,-1.0,-1.0,1644261,1.0,7,,0.0,2.0,1.0,B01,138Â 297Â 237,1.0
963377,201900004908,10,22,00:05,3,1,1,2.0,1.0,26124,Route Nationale 7,M,"44,8643920","4,8585230",26,2019,80.0,1.0,2.0,2.0,2153242,7.0,2,3,1,5.0,,0.0,0,2002.0,A01,138Â 297Â 238,1.0,-1.0,-1.0,1644262,2.0,7,,0.0,2.0,6.0,A01,138Â 297Â 238,1.0
963377,201900004908,10,22,00:05,3,1,1,2.0,1.0,26124,Route Nationale 7,M,"44,8643920","4,8585230",26,2019,80.0,1.0,2.0,2.0,2153243,2.0,2,4,2,5.0,,0.0,0,2001.0,A01,138Â 297Â 238,1.0,-1.0,-1.0,1644261,1.0,7,,0.0,2.0,1.0,B01,138Â 297Â 237,1.0
963377,201900004908,10,22,00:05,3,1,1,2.0,1.0,26124,Route Nationale 7,M,"44,8643920","4,8585230",26,2019,80.0,1.0,2.0,2.0,2153243,2.0,2,4,2,5.0,,0.0,0,2001.0,A01,138Â 297Â 238,1.0,-1.0,-1.0,1644262,2.0,7,,0.0,2.0,6.0,A01,138Â 297Â 238,1.0
963377,201900004908,10,22,00:05,3,1,1,2.0,1.0,26124,Route Nationale 7,M,"44,8643920","4,8585230",26,2019,80.0,1.0,2.0,2.0,2153244,1.0,1,3,1,5.0,,0.0,0,2001.0,A01,138Â 297Â 238,1.0,-1.0,-1.0,1644261,1.0,7,,0.0,2.0,1.0,B01,138Â 297Â 237,1.0
963377,201900004908,10,22,00:05,3,1,1,2.0,1.0,26124,Route Nationale 7,M,"44,8643920","4,8585230",26,2019,80.0,1.0,2.0,2.0,2153244,1.0,1,3,1,5.0,,0.0,0,2001.0,A01,138Â 297Â 238,1.0,-1.0,-1.0,1644262,2.0,7,,0.0,2.0,6.0,A01,138Â 297Â 238,1.0
963378,201900004909,10,22,15:20,1,1,1,1.0,1.0,72013,varennes - D305,M,"47,6844280","0,2487080",72,2019,80.0,1.0,1.0,3.0,2153245,1.0,1,4,1,1.0,,0.0,0,2000.0,A01,138Â 297Â 235,1.0,-1.0,-1.0,1644263,1.0,7,,0.0,2.0,1.0,A01,138Â 297Â 235,1.0
963378,201900004909,10,22,15:20,1,1,1,1.0,1.0,72013,varennes - D305,M,"47,6844280","0,2487080",72,2019,80.0,1.0,1.0,3.0,2153245,1.0,1,4,1,1.0,,0.0,0,2000.0,A01,138Â 297Â 235,1.0,-1.0,-1.0,1644264,2.0,3,,0.0,2.0,1.0,B01,138Â 297Â 236,1.0
963378,201900004909,10,22,15:20,1,1,1,1.0,1.0,72013,varennes - D305,M,"47,6844280","0,2487080",72,2019,80.0,1.0,1.0,3.0,2153246,1.0,1,3,2,5.0,,0.0,0,1994.0,B01,138Â 297Â 236,1.0,-1.0,-1.0,1644263,1.0,7,,0.0,2.0,1.0,A01,138Â 297Â 235,1.0
963378,201900004909,10,22,15:20,1,1,1,1.0,1.0,72013,varennes - D305,M,"47,6844280","0,2487080",72,2019,80.0,1.0,1.0,3.0,2153246,1.0,1,3,2,5.0,,0.0,0,1994.0,B01,138Â 297Â 236,1.0,-1.0,-1.0,1644264,2.0,3,,0.0,2.0,1.0,B01,138Â 297Â 236,1.0
963379,201900004910,9,21,23:15,3,1,1,1.0,1.0,72195,Route de la Planche du Saule,M,"47,8395740"," -0,0120910",72,2019,-1.0,1.0,2.0,3.0,2153247,1.0,1,4,2,5.0,,0.0,0,1973.0,A01,138Â 297Â 233,8.0,-1.0,-1.0,1644265,2.0,7,,0.0,2.0,9.0,A01,138Â 297Â 233,1.0
963379,201900004910,9,21,23:15,3,1,1,1.0,1.0,72195,Route de la Planche du Saule,M,"47,8395740"," -0,0120910",72,2019,-1.0,1.0,2.0,3.0,2153247,1.0,1,4,2,5.0,,0.0,0,1973.0,A01,138Â 297Â 233,8.0,-1.0,-1.0,1644266,1.0,7,,0.0,2.0,2.0,B01,138Â 297Â 234,1.0
963379,201900004910,9,21,23:15,3,1,1,1.0,1.0,72195,Route de la Planche du Saule,M,"47,8395740"," -0,0120910",72,2019,-1.0,1.0,2.0,3.0,2153248,2.0,2,4,1,5.0,,0.0,0,2001.0,B01,138Â 297Â 234,1.0,-1.0,-1.0,1644265,2.0,7,,0.0,2.0,9.0,A01,138Â 297Â 233,1.0
963379,201900004910,9,21,23:15,3,1,1,1.0,1.0,72195,Route de la Planche du Saule,M,"47,8395740"," -0,0120910",72,2019,-1.0,1.0,2.0,3.0,2153248,2.0,2,4,1,5.0,,0.0,0,2001.0,B01,138Â 297Â 234,1.0,-1.0,-1.0,1644266,1.0,7,,0.0,2.0,2.0,B01,138Â 297Â 234,1.0
963379,201900004910,9,21,23:15,3,1,1,1.0,1.0,72195,Route de la Planche du Saule,M,"47,8395740"," -0,0120910",72,2019,-1.0,1.0,2.0,3.0,2153249,9.0,2,1,1,5.0,,0.0,0,1975.0,B01,138Â 297Â 234,1.0,-1.0,-1.0,1644265,2.0,7,,0.0,2.0,9.0,A01,138Â 297Â 233,1.0
963379,201900004910,9,21,23:15,3,1,1,1.0,1.0,72195,Route de la Planche du Saule,M,"47,8395740"," -0,0120910",72,2019,-1.0,1.0,2.0,3.0,2153249,9.0,2,1,1,5.0,,0.0,0,1975.0,B01,138Â 297Â 234,1.0,-1.0,-1.0,1644266,1.0,7,,0.0,2.0,2.0,B01,138Â 297Â 234,1.0