Unnamed: 0_x,num_acc,mois,jour,hrmn,lum,agg,int,atm,col,com,adr,gps,lat,long,dep,annee,vma,situ,surf,catr,Unnamed: 0_y,place,catu,grav,sexe,trajet,secu,locp,actp,an_nais,num_veh_x,id_vehicule_x,secu1,secu2,secu3,Unnamed: 0,senc,catv,occutc,obs,obsm,choc,num_veh_y,id_vehicule_y,motor
963379,201900004910,9,21,23:15,3,1,1,1.0,1.0,72195,Route de la Planche du Saule,M,"47,8395740"," -0,0120910",72,2019,-1.0,1.0,2.0,3.0,2153250,1.0,1,4,2,5.0,,0.0,0,1978.0,B01,138Â 297Â 234,1.0,-1.0,-1.0,1644265,2.0,7,,0.0,2.0,9.0,A01,138Â 297Â 233,1.0
963379,201900004910,9,21,23:15,3,1,1,1.0,1.0,72195,Route de la Planche du Saule,M,"47,8395740"," -0,0120910",72,2019,-1.0,1.0,2.0,3.0,2153250,1.0,1,4,2,5.0,,0.0,0,1978.0,B01,138Â 297Â 234,1.0,-1.0,-1.0,1644266,1.0,7,,0.0,2.0,2.0,B01,138Â 297Â 234,1.0
963379,201900004910,9,21,23:15,3,1,1,1.0,1.0,72195,Route de la Planche du Saule,M,"47,8395740"," -0,0120910",72,2019,-1.0,1.0,2.0,3.0,2153251,2.0,2,1,2,5.0,,0.0,0,2006.0,B01,138Â 297Â 234,1.0,-1.0,-1.0,1644265,2.0,7,,0.0,2.0,9.0,A01,138Â 297Â 233,1.0
963379,201900004910,9,21,23:15,3,1,1,1.0,1.0,72195,Route de la Planche du Saule,M,"47,8395740"," -0,0120910",72,2019,-1.0,1.0,2.0,3.0,2153251,2.0,2,1,2,5.0,,0.0,0,2006.0,B01,138Â 297Â 234,1.0,-1.0,-1.0,1644266,1.0,7,,0.0,2.0,2.0,B01,138Â 297Â 234,1.0
963380,201900004911,10,22,19:30,5,2,1,2.0,6.0,18008,12 Grande Rue,M,"46,9489270","2,3412760",18,2019,50.0,4.0,2.0,3.0,2153252,1.0,1,3,1,9.0,,0.0,0,2000.0,A01,138Â 297Â 230,1.0,-1.0,-1.0,1644267,3.0,7,,1.0,0.0,3.0,A01,138Â 297Â 230,1.0
963381,201900004912,10,16,16:00,1,2,8,2.0,3.0,08076,Rue de Bourlette,M,"49,6968870","4,7020100",8,2019,50.0,8.0,2.0,3.0,2153253,1.0,1,1,1,4.0,,0.0,0,1972.0,A01,138Â 297Â 228,1.0,-1.0,-1.0,1644268,2.0,20,,0.0,4.0,3.0,A01,138Â 297Â 228,1.0
963381,201900004912,10,16,16:00,1,2,8,2.0,3.0,08076,Rue de Bourlette,M,"49,6968870","4,7020100",8,2019,50.0,8.0,2.0,3.0,2153253,1.0,1,1,1,4.0,,0.0,0,1972.0,A01,138Â 297Â 228,1.0,-1.0,-1.0,1644269,1.0,39,,0.0,2.0,1.0,B01,138Â 297Â 229,3.0
963381,201900004912,10,16,16:00,1,2,8,2.0,3.0,08076,Rue de Bourlette,M,"49,6968870","4,7020100",8,2019,50.0,8.0,2.0,3.0,2153254,8.0,2,4,2,0.0,,0.0,0,1988.0,B01,138Â 297Â 229,0.0,-1.0,-1.0,1644268,2.0,20,,0.0,4.0,3.0,A01,138Â 297Â 228,1.0
963381,201900004912,10,16,16:00,1,2,8,2.0,3.0,08076,Rue de Bourlette,M,"49,6968870","4,7020100",8,2019,50.0,8.0,2.0,3.0,2153254,8.0,2,4,2,0.0,,0.0,0,1988.0,B01,138Â 297Â 229,0.0,-1.0,-1.0,1644269,1.0,39,,0.0,2.0,1.0,B01,138Â 297Â 229,3.0
963381,201900004912,10,16,16:00,1,2,8,2.0,3.0,08076,Rue de Bourlette,M,"49,6968870","4,7020100",8,2019,50.0,8.0,2.0,3.0,2153255,1.0,1,4,1,0.0,,0.0,0,1970.0,B01,138Â 297Â 229,0.0,-1.0,-1.0,1644268,2.0,20,,0.0,4.0,3.0,A01,138Â 297Â 228,1.0
963381,201900004912,10,16,16:00,1,2,8,2.0,3.0,08076,Rue de Bourlette,M,"49,6968870","4,7020100",8,2019,50.0,8.0,2.0,3.0,2153255,1.0,1,4,1,0.0,,0.0,0,1970.0,B01,138Â 297Â 229,0.0,-1.0,-1.0,1644269,1.0,39,,0.0,2.0,1.0,B01,138Â 297Â 229,3.0
963382,201900004913,10,22,20:15,5,2,1,1.0,6.0,69244,Route de Brignais,M,"45,7527200","4,7706120",69,2019,50.0,1.0,1.0,3.0,2153256,1.0,1,4,1,1.0,,0.0,0,1984.0,B01,138Â 297Â 226,1.0,-1.0,-1.0,1644270,3.0,7,,0.0,2.0,1.0,B01,138Â 297Â 226,1.0
963382,201900004913,10,22,20:15,5,2,1,1.0,6.0,69244,Route de Brignais,M,"45,7527200","4,7706120",69,2019,50.0,1.0,1.0,3.0,2153256,1.0,1,4,1,1.0,,0.0,0,1984.0,B01,138Â 297Â 226,1.0,-1.0,-1.0,1644271,3.0,7,,0.0,2.0,2.0,A01,138Â 297Â 227,1.0
963382,201900004913,10,22,20:15,5,2,1,1.0,6.0,69244,Route de Brignais,M,"45,7527200","4,7706120",69,2019,50.0,1.0,1.0,3.0,2153257,1.0,1,4,1,4.0,,0.0,0,1995.0,A01,138Â 297Â 227,1.0,-1.0,-1.0,1644270,3.0,7,,0.0,2.0,1.0,B01,138Â 297Â 226,1.0
963382,201900004913,10,22,20:15,5,2,1,1.0,6.0,69244,Route de Brignais,M,"45,7527200","4,7706120",69,2019,50.0,1.0,1.0,3.0,2153257,1.0,1,4,1,4.0,,0.0,0,1995.0,A01,138Â 297Â 227,1.0,-1.0,-1.0,1644271,3.0,7,,0.0,2.0,2.0,A01,138Â 297Â 227,1.0
963382,201900004913,10,22,20:15,5,2,1,1.0,6.0,69244,Route de Brignais,M,"45,7527200","4,7706120",69,2019,50.0,1.0,1.0,3.0,2153258,2.0,2,4,1,4.0,,0.0,0,1981.0,A01,138Â 297Â 227,1.0,-1.0,-1.0,1644270,3.0,7,,0.0,2.0,1.0,B01,138Â 297Â 226,1.0
963382,201900004913,10,22,20:15,5,2,1,1.0,6.0,69244,Route de Brignais,M,"45,7527200","4,7706120",69,2019,50.0,1.0,1.0,3.0,2153258,2.0,2,4,1,4.0,,0.0,0,1981.0,A01,138Â 297Â 227,1.0,-1.0,-1.0,1644271,3.0,7,,0.0,2.0,2.0,A01,138Â 297Â 227,1.0
963383,201900004914,10,22,19:15,3,1,1,1.0,2.0,67327,RD3 - PR 41+600,M,"48,9872030","8,1000130",67,2019,80.0,1.0,1.0,3.0,2153259,1.0,1,2,1,5.0,,0.0,0,1988.0,B01,138Â 297Â 224,0.0,-1.0,-1.0,1644272,2.0,1,,0.0,2.0,4.0,B01,138Â 297Â 224,5.0
963383,201900004914,10,22,19:15,3,1,1,1.0,2.0,67327,RD3 - PR 41+600,M,"48,9872030","8,1000130",67,2019,80.0,1.0,1.0,3.0,2153259,1.0,1,2,1,5.0,,0.0,0,1988.0,B01,138Â 297Â 224,0.0,-1.0,-1.0,1644273,2.0,37,1.0,0.0,9.0,2.0,A01,138Â 297Â 225,1.0
963383,201900004914,10,22,19:15,3,1,1,1.0,2.0,67327,RD3 - PR 41+600,M,"48,9872030","8,1000130",67,2019,80.0,1.0,1.0,3.0,2153260,1.0,1,1,1,4.0,,0.0,0,1966.0,A01,138Â 297Â 225,1.0,-1.0,-1.0,1644272,2.0,1,,0.0,2.0,4.0,B01,138Â 297Â 224,5.0
963383,201900004914,10,22,19:15,3,1,1,1.0,2.0,67327,RD3 - PR 41+600,M,"48,9872030","8,1000130",67,2019,80.0,1.0,1.0,3.0,2153260,1.0,1,1,1,4.0,,0.0,0,1966.0,A01,138Â 297Â 225,1.0,-1.0,-1.0,1644273,2.0,37,1.0,0.0,9.0,2.0,A01,138Â 297Â 225,1.0
963384,201900004915,10,22,06:30,3,1,1,8.0,6.0,53137,A81,M,"48,0747290"," -0,9460760",53,2019,130.0,8.0,1.0,1.0,2153261,2.0,2,1,1,5.0,,0.0,0,1998.0,A01,138Â 297Â 223,1.0,-1.0,-1.0,1644274,1.0,7,,3.0,0.0,2.0,A01,138Â 297Â 223,1.0
963384,201900004915,10,22,06:30,3,1,1,8.0,6.0,53137,A81,M,"48,0747290"," -0,9460760",53,2019,130.0,8.0,1.0,1.0,2153262,7.0,2,4,2,5.0,,0.0,0,1998.0,A01,138Â 297Â 223,0.0,-1.0,-1.0,1644274,1.0,7,,3.0,0.0,2.0,A01,138Â 297Â 223,1.0
963384,201900004915,10,22,06:30,3,1,1,8.0,6.0,53137,A81,M,"48,0747290"," -0,9460760",53,2019,130.0,8.0,1.0,1.0,2153263,1.0,1,1,1,5.0,,0.0,0,1993.0,A01,138Â 297Â 223,1.0,-1.0,-1.0,1644274,1.0,7,,3.0,0.0,2.0,A01,138Â 297Â 223,1.0
963385,201900004916,10,20,14:25,1,1,1,2.0,6.0,69112,D19,M,"45,8232370","4,6870110",69,2019,110.0,3.0,2.0,1.0,2153264,1.0,1,4,1,9.0,,0.0,0,1971.0,A01,138Â 297Â 222,1.0,-1.0,-1.0,1644275,1.0,7,,4.0,0.0,9.0,A01,138Â 297Â 222,1.0
963385,201900004916,10,20,14:25,1,1,1,2.0,6.0,69112,D19,M,"45,8232370","4,6870110",69,2019,110.0,3.0,2.0,1.0,2153265,2.0,2,4,2,5.0,,0.0,0,1974.0,A01,138Â 297Â 222,1.0,-1.0,-1.0,1644275,1.0,7,,4.0,0.0,9.0,A01,138Â 297Â 222,1.0
963386,201900004917,10,22,10:15,1,1,1,1.0,7.0,74159,D1205,M,"46,0056860","6,6291120",74,2019,80.0,3.0,1.0,3.0,2153266,1.0,1,3,1,0.0,,0.0,0,1979.0,A01,138Â 297Â 221,0.0,-1.0,-1.0,1644276,2.0,7,,0.0,0.0,2.0,A01,138Â 297Â 221,0.0
963387,201900004918,10,21,18:20,2,1,1,2.0,2.0,13001,A8 PK020.300 sens LYON-NICE,M,"43,5117259","5,4490904",13,2019,110.0,1.0,2.0,1.0,2153267,1.0,1,4,2,5.0,,0.0,0,1994.0,B01,138Â 297Â 220,8.0,-1.0,-1.0,1644277,1.0,15,,0.0,2.0,1.0,A01,138Â 297Â 219,0.0
963387,201900004918,10,21,18:20,2,1,1,2.0,2.0,13001,A8 PK020.300 sens LYON-NICE,M,"43,5117259","5,4490904",13,2019,110.0,1.0,2.0,1.0,2153267,1.0,1,4,2,5.0,,0.0,0,1994.0,B01,138Â 297Â 220,8.0,-1.0,-1.0,1644278,1.0,7,,4.0,2.0,6.0,B01,138Â 297Â 220,1.0
963387,201900004918,10,21,18:20,2,1,1,2.0,2.0,13001,A8 PK020.300 sens LYON-NICE,M,"43,5117259","5,4490904",13,2019,110.0,1.0,2.0,1.0,2153268,9.0,2,4,2,5.0,,0.0,0,1997.0,B01,138Â 297Â 220,8.0,-1.0,-1.0,1644277,1.0,15,,0.0,2.0,1.0,A01,138Â 297Â 219,0.0
963387,201900004918,10,21,18:20,2,1,1,2.0,2.0,13001,A8 PK020.300 sens LYON-NICE,M,"43,5117259","5,4490904",13,2019,110.0,1.0,2.0,1.0,2153268,9.0,2,4,2,5.0,,0.0,0,1997.0,B01,138Â 297Â 220,8.0,-1.0,-1.0,1644278,1.0,7,,4.0,2.0,6.0,B01,138Â 297Â 220,1.0
963387,201900004918,10,21,18:20,2,1,1,2.0,2.0,13001,A8 PK020.300 sens LYON-NICE,M,"43,5117259","5,4490904",13,2019,110.0,1.0,2.0,1.0,2153269,2.0,2,4,2,5.0,,0.0,0,1962.0,B01,138Â 297Â 220,8.0,-1.0,-1.0,1644277,1.0,15,,0.0,2.0,1.0,A01,138Â 297Â 219,0.0
963387,201900004918,10,21,18:20,2,1,1,2.0,2.0,13001,A8 PK020.300 sens LYON-NICE,M,"43,5117259","5,4490904",13,2019,110.0,1.0,2.0,1.0,2153269,2.0,2,4,2,5.0,,0.0,0,1962.0,B01,138Â 297Â 220,8.0,-1.0,-1.0,1644278,1.0,7,,4.0,2.0,6.0,B01,138Â 297Â 220,1.0
963388,201900004919,10,17,16:50,1,1,1,1.0,6.0,13038,Allee des Pins,M,"43,7185690","4,7119990",13,2019,80.0,1.0,1.0,3.0,2153270,1.0,1,1,1,1.0,,0.0,0,1995.0,B01,138Â 297Â 217,1.0,-1.0,-1.0,1644279,2.0,7,,0.0,2.0,6.0,B01,138Â 297Â 217,1.0
963388,201900004919,10,17,16:50,1,1,1,1.0,6.0,13038,Allee des Pins,M,"43,7185690","4,7119990",13,2019,80.0,1.0,1.0,3.0,2153270,1.0,1,1,1,1.0,,0.0,0,1995.0,B01,138Â 297Â 217,1.0,-1.0,-1.0,1644280,1.0,7,,0.0,2.0,9.0,A01,138Â 297Â 218,1.0
963388,201900004919,10,17,16:50,1,1,1,1.0,6.0,13038,Allee des Pins,M,"43,7185690","4,7119990",13,2019,80.0,1.0,1.0,3.0,2153271,1.0,1,4,1,0.0,,0.0,0,1998.0,A01,138Â 297Â 218,1.0,-1.0,-1.0,1644279,2.0,7,,0.0,2.0,6.0,B01,138Â 297Â 217,1.0
963388,201900004919,10,17,16:50,1,1,1,1.0,6.0,13038,Allee des Pins,M,"43,7185690","4,7119990",13,2019,80.0,1.0,1.0,3.0,2153271,1.0,1,4,1,0.0,,0.0,0,1998.0,A01,138Â 297Â 218,1.0,-1.0,-1.0,1644280,1.0,7,,0.0,2.0,9.0,A01,138Â 297Â 218,1.0
963389,201900004920,10,15,12:15,1,1,1,3.0,7.0,18285,Route de Saint-florent,M,"47,0053090","2,2294420",18,2019,80.0,1.0,3.0,3.0,2153272,1.0,1,3,2,2.0,,0.0,0,1950.0,A01,138Â 297Â 216,1.0,-1.0,-1.0,1644281,2.0,7,,0.0,0.0,9.0,A01,138Â 297Â 216,0.0
963389,201900004920,10,15,12:15,1,1,1,3.0,7.0,18285,Route de Saint-florent,M,"47,0053090","2,2294420",18,2019,80.0,1.0,3.0,3.0,2153273,7.0,2,1,2,2.0,,0.0,0,2016.0,A01,138Â 297Â 216,1.0,-1.0,-1.0,1644281,2.0,7,,0.0,0.0,9.0,A01,138Â 297Â 216,0.0
963389,201900004920,10,15,12:15,1,1,1,3.0,7.0,18285,Route de Saint-florent,M,"47,0053090","2,2294420",18,2019,80.0,1.0,3.0,3.0,2153274,9.0,2,3,1,2.0,,0.0,0,2017.0,A01,138Â 297Â 216,1.0,-1.0,-1.0,1644281,2.0,7,,0.0,0.0,9.0,A01,138Â 297Â 216,0.0
963390,201900004921,10,20,04:03,3,1,1,3.0,6.0,68323,D21,M,"47,6826580","7,3650640",68,2019,80.0,1.0,2.0,3.0,2153275,2.0,2,4,1,5.0,,0.0,0,1979.0,A01,138Â 297Â 215,8.0,-1.0,-1.0,1644282,1.0,7,,8.0,0.0,9.0,A01,138Â 297Â 215,1.0
963390,201900004921,10,20,04:03,3,1,1,3.0,6.0,68323,D21,M,"47,6826580","7,3650640",68,2019,80.0,1.0,2.0,3.0,2153276,1.0,1,4,2,5.0,,0.0,0,1988.0,A01,138Â 297Â 215,8.0,-1.0,-1.0,1644282,1.0,7,,8.0,0.0,9.0,A01,138Â 297Â 215,1.0
963391,201900004922,10,21,15:30,1,2,3,1.0,7.0,54115,Rue de Nancy,M,"48,7287480","6,1705920",54,2019,50.0,1.0,1.0,3.0,2153277,1.0,1,4,2,9.0,,0.0,0,2004.0,A01,138Â 297Â 214,2.0,-1.0,-1.0,1644283,2.0,2,,1.0,0.0,1.0,A01,138Â 297Â 214,0.0
963391,201900004922,10,21,15:30,1,2,3,1.0,7.0,54115,Rue de Nancy,M,"48,7287480","6,1705920",54,2019,50.0,1.0,1.0,3.0,2153278,2.0,2,4,2,5.0,,0.0,0,2003.0,A01,138Â 297Â 214,2.0,-1.0,-1.0,1644283,2.0,2,,1.0,0.0,1.0,A01,138Â 297Â 214,0.0
963392,201900004923,10,16,10:12,1,1,9,1.0,5.0,01301,1385 Route de MÃ¢con,M,"46,2510810","5,1090556",1,2019,80.0,1.0,1.0,3.0,2153279,1.0,1,4,2,5.0,,0.0,0,1946.0,B01,138Â 297Â 211,1.0,-1.0,-1.0,1644284,2.0,7,,0.0,2.0,4.0,B01,138Â 297Â 211,1.0
963392,201900004923,10,16,10:12,1,1,9,1.0,5.0,01301,1385 Route de MÃ¢con,M,"46,2510810","5,1090556",1,2019,80.0,1.0,1.0,3.0,2153279,1.0,1,4,2,5.0,,0.0,0,1946.0,B01,138Â 297Â 211,1.0,-1.0,-1.0,1644285,1.0,7,,0.0,0.0,3.0,C01,138Â 297Â 212,1.0
963392,201900004923,10,16,10:12,1,1,9,1.0,5.0,01301,1385 Route de MÃ¢con,M,"46,2510810","5,1090556",1,2019,80.0,1.0,1.0,3.0,2153279,1.0,1,4,2,5.0,,0.0,0,1946.0,B01,138Â 297Â 211,1.0,-1.0,-1.0,1644286,2.0,7,,0.0,2.0,1.0,A01,138Â 297Â 213,1.0
963392,201900004923,10,16,10:12,1,1,9,1.0,5.0,01301,1385 Route de MÃ¢con,M,"46,2510810","5,1090556",1,2019,80.0,1.0,1.0,3.0,2153280,1.0,1,4,2,0.0,,0.0,0,1982.0,C01,138Â 297Â 212,1.0,-1.0,-1.0,1644284,2.0,7,,0.0,2.0,4.0,B01,138Â 297Â 211,1.0
963392,201900004923,10,16,10:12,1,1,9,1.0,5.0,01301,1385 Route de MÃ¢con,M,"46,2510810","5,1090556",1,2019,80.0,1.0,1.0,3.0,2153280,1.0,1,4,2,0.0,,0.0,0,1982.0,C01,138Â 297Â 212,1.0,-1.0,-1.0,1644285,1.0,7,,0.0,0.0,3.0,C01,138Â 297Â 212,1.0
963392,201900004923,10,16,10:12,1,1,9,1.0,5.0,01301,1385 Route de MÃ¢con,M,"46,2510810","5,1090556",1,2019,80.0,1.0,1.0,3.0,2153280,1.0,1,4,2,0.0,,0.0,0,1982.0,C01,138Â 297Â 212,1.0,-1.0,-1.0,1644286,2.0,7,,0.0,2.0,1.0,A01,138Â 297Â 213,1.0
963392,201900004923,10,16,10:12,1,1,9,1.0,5.0,01301,1385 Route de MÃ¢con,M,"46,2510810","5,1090556",1,2019,80.0,1.0,1.0,3.0,2153281,1.0,1,1,1,5.0,,0.0,0,1942.0,A01,138Â 297Â 213,1.0,-1.0,-1.0,1644284,2.0,7,,0.0,2.0,4.0,B01,138Â 297Â 211,1.0
963392,201900004923,10,16,10:12,1,1,9,1.0,5.0,01301,1385 Route de MÃ¢con,M,"46,2510810","5,1090556",1,2019,80.0,1.0,1.0,3.0,2153281,1.0,1,1,1,5.0,,0.0,0,1942.0,A01,138Â 297Â 213,1.0,-1.0,-1.0,1644285,1.0,7,,0.0,0.0,3.0,C01,138Â 297Â 212,1.0
963392,201900004923,10,16,10:12,1,1,9,1.0,5.0,01301,1385 Route de MÃ¢con,M,"46,2510810","5,1090556",1,2019,80.0,1.0,1.0,3.0,2153281,1.0,1,1,1,5.0,,0.0,0,1942.0,A01,138Â 297Â 213,1.0,-1.0,-1.0,1644286,2.0,7,,0.0,2.0,1.0,A01,138Â 297Â 213,1.0
963393,201900004924,10,21,19:40,3,1,1,8.0,7.0,81076,Le Girou (Ruisseau),M,"43,5602991","1,8978661",81,2019,80.0,3.0,1.0,4.0,2153282,1.0,1,3,1,1.0,,0.0,0,2003.0,A01,138Â 297Â 210,2.0,6.0,-1.0,1644287,3.0,30,,0.0,0.0,0.0,A01,138Â 297Â 210,1.0
963394,201900004925,10,21,17:45,1,2,3,1.0,3.0,33243,95 Avenue du GÃ©nÃ©ral de Gaulle,M,"44,9040400"," -0,2240700",33,2019,50.0,1.0,1.0,3.0,2153283,1.0,1,4,1,0.0,,0.0,0,2001.0,A01,138Â 297Â 202,2.0,-1.0,-1.0,1644288,1.0,30,,0.0,2.0,1.0,A01,138Â 297Â 202,1.0
963394,201900004925,10,21,17:45,1,2,3,1.0,3.0,33243,95 Avenue du GÃ©nÃ©ral de Gaulle,M,"44,9040400"," -0,2240700",33,2019,50.0,1.0,1.0,3.0,2153283,1.0,1,4,1,0.0,,0.0,0,2001.0,A01,138Â 297Â 202,2.0,-1.0,-1.0,1644289,1.0,7,,0.0,2.0,8.0,B01,138Â 297Â 203,2.0
963394,201900004925,10,21,17:45,1,2,3,1.0,3.0,33243,95 Avenue du GÃ©nÃ©ral de Gaulle,M,"44,9040400"," -0,2240700",33,2019,50.0,1.0,1.0,3.0,2153284,1.0,1,4,2,0.0,,0.0,0,1978.0,B01,138Â 297Â 203,1.0,-1.0,-1.0,1644288,1.0,30,,0.0,2.0,1.0,A01,138Â 297Â 202,1.0
963394,201900004925,10,21,17:45,1,2,3,1.0,3.0,33243,95 Avenue du GÃ©nÃ©ral de Gaulle,M,"44,9040400"," -0,2240700",33,2019,50.0,1.0,1.0,3.0,2153284,1.0,1,4,2,0.0,,0.0,0,1978.0,B01,138Â 297Â 203,1.0,-1.0,-1.0,1644289,1.0,7,,0.0,2.0,8.0,B01,138Â 297Â 203,2.0
963395,201900004926,10,12,14:30,1,1,1,1.0,3.0,44047,La Galonniere,M,"47,2459000"," -1,7289370",44,2019,50.0,1.0,1.0,7.0,2153285,1.0,1,1,2,5.0,,0.0,0,1997.0,A01,138Â 297Â 198,1.0,-1.0,-1.0,1644290,3.0,7,,0.0,9.0,7.0,A01,138Â 297Â 198,1.0
963395,201900004926,10,12,14:30,1,1,1,1.0,3.0,44047,La Galonniere,M,"47,2459000"," -1,7289370",44,2019,50.0,1.0,1.0,7.0,2153285,1.0,1,1,2,5.0,,0.0,0,1997.0,A01,138Â 297Â 198,1.0,-1.0,-1.0,1644291,3.0,1,,0.0,2.0,3.0,B01,138Â 297Â 199,5.0
963395,201900004926,10,12,14:30,1,1,1,1.0,3.0,44047,La Galonniere,M,"47,2459000"," -1,7289370",44,2019,50.0,1.0,1.0,7.0,2153286,1.0,1,3,1,5.0,,0.0,0,1970.0,B01,138Â 297Â 199,2.0,-1.0,-1.0,1644290,3.0,7,,0.0,9.0,7.0,A01,138Â 297Â 198,1.0
963395,201900004926,10,12,14:30,1,1,1,1.0,3.0,44047,La Galonniere,M,"47,2459000"," -1,7289370",44,2019,50.0,1.0,1.0,7.0,2153286,1.0,1,3,1,5.0,,0.0,0,1970.0,B01,138Â 297Â 199,2.0,-1.0,-1.0,1644291,3.0,1,,0.0,2.0,3.0,B01,138Â 297Â 199,5.0
963396,201900004927,10,22,16:50,1,1,2,1.0,3.0,50041,Rue du Bacchus Ste Croix Hague,M,"49,6423510"," -1,7645760",50,2019,80.0,1.0,1.0,3.0,2153287,1.0,1,3,1,5.0,,0.0,0,1970.0,B01,138Â 297Â 196,2.0,6.0,9.0,1644292,0.0,33,,0.0,2.0,6.0,B01,138Â 297Â 196,1.0
963396,201900004927,10,22,16:50,1,1,2,1.0,3.0,50041,Rue du Bacchus Ste Croix Hague,M,"49,6423510"," -1,7645760",50,2019,80.0,1.0,1.0,3.0,2153287,1.0,1,3,1,5.0,,0.0,0,1970.0,B01,138Â 297Â 196,2.0,6.0,9.0,1644293,0.0,7,,0.0,2.0,1.0,A01,138Â 297Â 197,1.0
963396,201900004927,10,22,16:50,1,1,2,1.0,3.0,50041,Rue du Bacchus Ste Croix Hague,M,"49,6423510"," -1,7645760",50,2019,80.0,1.0,1.0,3.0,2153288,2.0,2,3,2,0.0,,0.0,0,1970.0,B01,138Â 297Â 196,2.0,6.0,9.0,1644292,0.0,33,,0.0,2.0,6.0,B01,138Â 297Â 196,1.0
963396,201900004927,10,22,16:50,1,1,2,1.0,3.0,50041,Rue du Bacchus Ste Croix Hague,M,"49,6423510"," -1,7645760",50,2019,80.0,1.0,1.0,3.0,2153288,2.0,2,3,2,0.0,,0.0,0,1970.0,B01,138Â 297Â 196,2.0,6.0,9.0,1644293,0.0,7,,0.0,2.0,1.0,A01,138Â 297Â 197,1.0
963396,201900004927,10,22,16:50,1,1,2,1.0,3.0,50041,Rue du Bacchus Ste Croix Hague,M,"49,6423510"," -1,7645760",50,2019,80.0,1.0,1.0,3.0,2153289,1.0,1,1,1,0.0,,0.0,0,1936.0,A01,138Â 297Â 197,1.0,-1.0,-1.0,1644292,0.0,33,,0.0,2.0,6.0,B01,138Â 297Â 196,1.0
963396,201900004927,10,22,16:50,1,1,2,1.0,3.0,50041,Rue du Bacchus Ste Croix Hague,M,"49,6423510"," -1,7645760",50,2019,80.0,1.0,1.0,3.0,2153289,1.0,1,1,1,0.0,,0.0,0,1936.0,A01,138Â 297Â 197,1.0,-1.0,-1.0,1644293,0.0,7,,0.0,2.0,1.0,A01,138Â 297Â 197,1.0
963397,201900004928,10,22,07:00,3,1,1,1.0,3.0,50149,11 Village la Vallee,M,"49,5545930"," -1,6808480",50,2019,80.0,1.0,1.0,3.0,2153290,1.0,1,1,1,1.0,,0.0,0,1976.0,B01,138Â 297Â 194,1.0,-1.0,-1.0,1644294,1.0,7,,0.0,2.0,8.0,B01,138Â 297Â 194,1.0
963397,201900004928,10,22,07:00,3,1,1,1.0,3.0,50149,11 Village la Vallee,M,"49,5545930"," -1,6808480",50,2019,80.0,1.0,1.0,3.0,2153290,1.0,1,1,1,1.0,,0.0,0,1976.0,B01,138Â 297Â 194,1.0,-1.0,-1.0,1644295,1.0,31,,0.0,2.0,1.0,A01,138Â 297Â 195,1.0
963397,201900004928,10,22,07:00,3,1,1,1.0,3.0,50149,11 Village la Vallee,M,"49,5545930"," -1,6808480",50,2019,80.0,1.0,1.0,3.0,2153291,1.0,1,4,1,1.0,,0.0,0,2003.0,A01,138Â 297Â 195,2.0,6.0,-1.0,1644294,1.0,7,,0.0,2.0,8.0,B01,138Â 297Â 194,1.0
963397,201900004928,10,22,07:00,3,1,1,1.0,3.0,50149,11 Village la Vallee,M,"49,5545930"," -1,6808480",50,2019,80.0,1.0,1.0,3.0,2153291,1.0,1,4,1,1.0,,0.0,0,2003.0,A01,138Â 297Â 195,2.0,6.0,-1.0,1644295,1.0,31,,0.0,2.0,1.0,A01,138Â 297Â 195,1.0
963398,201900004929,10,22,15:30,1,1,2,1.0,3.0,27343,21 Route de Pacy,M,"49,0642440","1,3745820",27,2019,70.0,1.0,1.0,3.0,2153292,1.0,1,4,2,5.0,,0.0,0,1968.0,B01,138Â 297Â 192,0.0,-1.0,-1.0,1644296,2.0,1,,0.0,2.0,1.0,B01,138Â 297Â 192,0.0
963398,201900004929,10,22,15:30,1,1,2,1.0,3.0,27343,21 Route de Pacy,M,"49,0642440","1,3745820",27,2019,70.0,1.0,1.0,3.0,2153292,1.0,1,4,2,5.0,,0.0,0,1968.0,B01,138Â 297Â 192,0.0,-1.0,-1.0,1644297,3.0,7,,0.0,9.0,2.0,A01,138Â 297Â 193,0.0
963398,201900004929,10,22,15:30,1,1,2,1.0,3.0,27343,21 Route de Pacy,M,"49,0642440","1,3745820",27,2019,70.0,1.0,1.0,3.0,2153293,1.0,1,1,1,5.0,,0.0,0,1968.0,A01,138Â 297Â 193,1.0,-1.0,-1.0,1644296,2.0,1,,0.0,2.0,1.0,B01,138Â 297Â 192,0.0
963398,201900004929,10,22,15:30,1,1,2,1.0,3.0,27343,21 Route de Pacy,M,"49,0642440","1,3745820",27,2019,70.0,1.0,1.0,3.0,2153293,1.0,1,1,1,5.0,,0.0,0,1968.0,A01,138Â 297Â 193,1.0,-1.0,-1.0,1644297,3.0,7,,0.0,9.0,2.0,A01,138Â 297Â 193,0.0
963399,201900004930,10,21,15:00,1,1,1,3.0,6.0,13216,A55-Sens Marseille vers Martigues,M,"43,3641957","5,3407860",13,2019,90.0,1.0,2.0,1.0,2153294,1.0,1,4,2,0.0,,-1.0, -1,1998.0,A01,138Â 297Â 191,1.0,8.0,-1.0,1644298,1.0,7,,4.0,0.0,3.0,A01,138Â 297Â 191,1.0