Unnamed: 0_x,num_acc,mois,jour,hrmn,lum,agg,int,atm,col,com,adr,gps,lat,long,dep,annee,vma,situ,surf,catr,Unnamed: 0_y,place,catu,grav,sexe,trajet,secu,locp,actp,an_nais,num_veh_x,id_vehicule_x,secu1,secu2,secu3,Unnamed: 0,senc,catv,occutc,obs,obsm,choc,num_veh_y,id_vehicule_y,motor
963400,201900004931,10,21,13:15,1,1,1,3.0,7.0,13215,A55-Sens Martigues vers Marseille,M,"43,3736000","5,1947800",13,2019,90.0,1.0,2.0,1.0,2153295,1.0,1,4,1,9.0,,-1.0, -1,1994.0,A01,138Â 297Â 190,1.0,0.0,-1.0,1644299,2.0,7,,4.0,0.0,1.0,A01,138Â 297Â 190,1.0
963401,201900004932,10,20,00:00,5,1,1,1.0,4.0,13202,TVPCM-Sens Saint Victor vers Les Ports,M,"43,2947764","5,3635697",13,2019,70.0,1.0,1.0,1.0,2153296,2.0,2,3,2,5.0,,-1.0, -1,1991.0,A01,138Â 297Â 187,1.0,0.0,-1.0,1644300,1.0,20,,0.0,2.0,3.0,A01,138Â 297Â 187,1.0
963401,201900004932,10,20,00:00,5,1,1,1.0,4.0,13202,TVPCM-Sens Saint Victor vers Les Ports,M,"43,2947764","5,3635697",13,2019,70.0,1.0,1.0,1.0,2153296,2.0,2,3,2,5.0,,-1.0, -1,1991.0,A01,138Â 297Â 187,1.0,0.0,-1.0,1644301,1.0,20,,0.0,2.0,5.0,B01,138Â 297Â 188,1.0
963401,201900004932,10,20,00:00,5,1,1,1.0,4.0,13202,TVPCM-Sens Saint Victor vers Les Ports,M,"43,2947764","5,3635697",13,2019,70.0,1.0,1.0,1.0,2153296,2.0,2,3,2,5.0,,-1.0, -1,1991.0,A01,138Â 297Â 187,1.0,0.0,-1.0,1644302,1.0,20,,0.0,2.0,3.0,C01,138Â 297Â 189,1.0
963401,201900004932,10,20,00:00,5,1,1,1.0,4.0,13202,TVPCM-Sens Saint Victor vers Les Ports,M,"43,2947764","5,3635697",13,2019,70.0,1.0,1.0,1.0,2153297,1.0,1,4,1,5.0,,-1.0, -1,1990.0,A01,138Â 297Â 187,1.0,0.0,-1.0,1644300,1.0,20,,0.0,2.0,3.0,A01,138Â 297Â 187,1.0
963401,201900004932,10,20,00:00,5,1,1,1.0,4.0,13202,TVPCM-Sens Saint Victor vers Les Ports,M,"43,2947764","5,3635697",13,2019,70.0,1.0,1.0,1.0,2153297,1.0,1,4,1,5.0,,-1.0, -1,1990.0,A01,138Â 297Â 187,1.0,0.0,-1.0,1644301,1.0,20,,0.0,2.0,5.0,B01,138Â 297Â 188,1.0
963401,201900004932,10,20,00:00,5,1,1,1.0,4.0,13202,TVPCM-Sens Saint Victor vers Les Ports,M,"43,2947764","5,3635697",13,2019,70.0,1.0,1.0,1.0,2153297,1.0,1,4,1,5.0,,-1.0, -1,1990.0,A01,138Â 297Â 187,1.0,0.0,-1.0,1644302,1.0,20,,0.0,2.0,3.0,C01,138Â 297Â 189,1.0
963401,201900004932,10,20,00:00,5,1,1,1.0,4.0,13202,TVPCM-Sens Saint Victor vers Les Ports,M,"43,2947764","5,3635697",13,2019,70.0,1.0,1.0,1.0,2153298,4.0,2,1,1,5.0,,-1.0, -1,2015.0,A01,138Â 297Â 187,3.0,0.0,-1.0,1644300,1.0,20,,0.0,2.0,3.0,A01,138Â 297Â 187,1.0
963401,201900004932,10,20,00:00,5,1,1,1.0,4.0,13202,TVPCM-Sens Saint Victor vers Les Ports,M,"43,2947764","5,3635697",13,2019,70.0,1.0,1.0,1.0,2153298,4.0,2,1,1,5.0,,-1.0, -1,2015.0,A01,138Â 297Â 187,3.0,0.0,-1.0,1644301,1.0,20,,0.0,2.0,5.0,B01,138Â 297Â 188,1.0
963401,201900004932,10,20,00:00,5,1,1,1.0,4.0,13202,TVPCM-Sens Saint Victor vers Les Ports,M,"43,2947764","5,3635697",13,2019,70.0,1.0,1.0,1.0,2153298,4.0,2,1,1,5.0,,-1.0, -1,2015.0,A01,138Â 297Â 187,3.0,0.0,-1.0,1644302,1.0,20,,0.0,2.0,3.0,C01,138Â 297Â 189,1.0
963401,201900004932,10,20,00:00,5,1,1,1.0,4.0,13202,TVPCM-Sens Saint Victor vers Les Ports,M,"43,2947764","5,3635697",13,2019,70.0,1.0,1.0,1.0,2153299,3.0,2,1,1,5.0,,-1.0, -1,1958.0,A01,138Â 297Â 187,1.0,0.0,-1.0,1644300,1.0,20,,0.0,2.0,3.0,A01,138Â 297Â 187,1.0
963401,201900004932,10,20,00:00,5,1,1,1.0,4.0,13202,TVPCM-Sens Saint Victor vers Les Ports,M,"43,2947764","5,3635697",13,2019,70.0,1.0,1.0,1.0,2153299,3.0,2,1,1,5.0,,-1.0, -1,1958.0,A01,138Â 297Â 187,1.0,0.0,-1.0,1644301,1.0,20,,0.0,2.0,5.0,B01,138Â 297Â 188,1.0
963401,201900004932,10,20,00:00,5,1,1,1.0,4.0,13202,TVPCM-Sens Saint Victor vers Les Ports,M,"43,2947764","5,3635697",13,2019,70.0,1.0,1.0,1.0,2153299,3.0,2,1,1,5.0,,-1.0, -1,1958.0,A01,138Â 297Â 187,1.0,0.0,-1.0,1644302,1.0,20,,0.0,2.0,3.0,C01,138Â 297Â 189,1.0
963401,201900004932,10,20,00:00,5,1,1,1.0,4.0,13202,TVPCM-Sens Saint Victor vers Les Ports,M,"43,2947764","5,3635697",13,2019,70.0,1.0,1.0,1.0,2153300,1.0,1,1,1,5.0,,-1.0, -1,1986.0,B01,138Â 297Â 188,1.0,0.0,-1.0,1644300,1.0,20,,0.0,2.0,3.0,A01,138Â 297Â 187,1.0
963401,201900004932,10,20,00:00,5,1,1,1.0,4.0,13202,TVPCM-Sens Saint Victor vers Les Ports,M,"43,2947764","5,3635697",13,2019,70.0,1.0,1.0,1.0,2153300,1.0,1,1,1,5.0,,-1.0, -1,1986.0,B01,138Â 297Â 188,1.0,0.0,-1.0,1644301,1.0,20,,0.0,2.0,5.0,B01,138Â 297Â 188,1.0
963401,201900004932,10,20,00:00,5,1,1,1.0,4.0,13202,TVPCM-Sens Saint Victor vers Les Ports,M,"43,2947764","5,3635697",13,2019,70.0,1.0,1.0,1.0,2153300,1.0,1,1,1,5.0,,-1.0, -1,1986.0,B01,138Â 297Â 188,1.0,0.0,-1.0,1644302,1.0,20,,0.0,2.0,3.0,C01,138Â 297Â 189,1.0
963401,201900004932,10,20,00:00,5,1,1,1.0,4.0,13202,TVPCM-Sens Saint Victor vers Les Ports,M,"43,2947764","5,3635697",13,2019,70.0,1.0,1.0,1.0,2153301,1.0,1,1,1,5.0,,-1.0, -1,1991.0,C01,138Â 297Â 189,1.0,0.0,-1.0,1644300,1.0,20,,0.0,2.0,3.0,A01,138Â 297Â 187,1.0
963401,201900004932,10,20,00:00,5,1,1,1.0,4.0,13202,TVPCM-Sens Saint Victor vers Les Ports,M,"43,2947764","5,3635697",13,2019,70.0,1.0,1.0,1.0,2153301,1.0,1,1,1,5.0,,-1.0, -1,1991.0,C01,138Â 297Â 189,1.0,0.0,-1.0,1644301,1.0,20,,0.0,2.0,5.0,B01,138Â 297Â 188,1.0
963401,201900004932,10,20,00:00,5,1,1,1.0,4.0,13202,TVPCM-Sens Saint Victor vers Les Ports,M,"43,2947764","5,3635697",13,2019,70.0,1.0,1.0,1.0,2153301,1.0,1,1,1,5.0,,-1.0, -1,1991.0,C01,138Â 297Â 189,1.0,0.0,-1.0,1644302,1.0,20,,0.0,2.0,3.0,C01,138Â 297Â 189,1.0
963402,201900004933,10,20,14:20,1,1,1,1.0,6.0,83035,A50,M,"43,1614400","5,7674300",83,2019,130.0,2.0,1.0,1.0,2153302,1.0,1,4,1,5.0,,-1.0, -1,1999.0,A01,138Â 297Â 186,1.0,8.0,-1.0,1644303,1.0,7,,4.0,0.0,1.0,A01,138Â 297Â 186,1.0
963403,201900004934,10,21,11:50,1,1,1,1.0,5.0,33039,ROCADE A 630,M,"44,7936700"," -0,5395500",33,2019,90.0,1.0,1.0,1.0,2153303,1.0,1,1,2,0.0,,-1.0, -1,1996.0,C01,138Â 297Â 183,1.0,0.0,-1.0,1644304,1.0,7,,0.0,2.0,4.0,C01,138Â 297Â 183,1.0
963403,201900004934,10,21,11:50,1,1,1,1.0,5.0,33039,ROCADE A 630,M,"44,7936700"," -0,5395500",33,2019,90.0,1.0,1.0,1.0,2153303,1.0,1,1,2,0.0,,-1.0, -1,1996.0,C01,138Â 297Â 183,1.0,0.0,-1.0,1644305,1.0,7,,0.0,2.0,4.0,B01,138Â 297Â 184,1.0
963403,201900004934,10,21,11:50,1,1,1,1.0,5.0,33039,ROCADE A 630,M,"44,7936700"," -0,5395500",33,2019,90.0,1.0,1.0,1.0,2153303,1.0,1,1,2,0.0,,-1.0, -1,1996.0,C01,138Â 297Â 183,1.0,0.0,-1.0,1644306,1.0,17,,0.0,2.0,1.0,A01,138Â 297Â 185,1.0
963403,201900004934,10,21,11:50,1,1,1,1.0,5.0,33039,ROCADE A 630,M,"44,7936700"," -0,5395500",33,2019,90.0,1.0,1.0,1.0,2153304,2.0,2,4,2,5.0,,-1.0, -1,2002.0,B01,138Â 297Â 184,1.0,8.0,-1.0,1644304,1.0,7,,0.0,2.0,4.0,C01,138Â 297Â 183,1.0
963403,201900004934,10,21,11:50,1,1,1,1.0,5.0,33039,ROCADE A 630,M,"44,7936700"," -0,5395500",33,2019,90.0,1.0,1.0,1.0,2153304,2.0,2,4,2,5.0,,-1.0, -1,2002.0,B01,138Â 297Â 184,1.0,8.0,-1.0,1644305,1.0,7,,0.0,2.0,4.0,B01,138Â 297Â 184,1.0
963403,201900004934,10,21,11:50,1,1,1,1.0,5.0,33039,ROCADE A 630,M,"44,7936700"," -0,5395500",33,2019,90.0,1.0,1.0,1.0,2153304,2.0,2,4,2,5.0,,-1.0, -1,2002.0,B01,138Â 297Â 184,1.0,8.0,-1.0,1644306,1.0,17,,0.0,2.0,1.0,A01,138Â 297Â 185,1.0
963403,201900004934,10,21,11:50,1,1,1,1.0,5.0,33039,ROCADE A 630,M,"44,7936700"," -0,5395500",33,2019,90.0,1.0,1.0,1.0,2153305,1.0,1,4,2,5.0,,-1.0, -1,1965.0,B01,138Â 297Â 184,1.0,8.0,-1.0,1644304,1.0,7,,0.0,2.0,4.0,C01,138Â 297Â 183,1.0
963403,201900004934,10,21,11:50,1,1,1,1.0,5.0,33039,ROCADE A 630,M,"44,7936700"," -0,5395500",33,2019,90.0,1.0,1.0,1.0,2153305,1.0,1,4,2,5.0,,-1.0, -1,1965.0,B01,138Â 297Â 184,1.0,8.0,-1.0,1644305,1.0,7,,0.0,2.0,4.0,B01,138Â 297Â 184,1.0
963403,201900004934,10,21,11:50,1,1,1,1.0,5.0,33039,ROCADE A 630,M,"44,7936700"," -0,5395500",33,2019,90.0,1.0,1.0,1.0,2153305,1.0,1,4,2,5.0,,-1.0, -1,1965.0,B01,138Â 297Â 184,1.0,8.0,-1.0,1644306,1.0,17,,0.0,2.0,1.0,A01,138Â 297Â 185,1.0
963403,201900004934,10,21,11:50,1,1,1,1.0,5.0,33039,ROCADE A 630,M,"44,7936700"," -0,5395500",33,2019,90.0,1.0,1.0,1.0,2153306,1.0,1,1,1,4.0,,-1.0, -1,1961.0,A01,138Â 297Â 185,1.0,8.0,-1.0,1644304,1.0,7,,0.0,2.0,4.0,C01,138Â 297Â 183,1.0
963403,201900004934,10,21,11:50,1,1,1,1.0,5.0,33039,ROCADE A 630,M,"44,7936700"," -0,5395500",33,2019,90.0,1.0,1.0,1.0,2153306,1.0,1,1,1,4.0,,-1.0, -1,1961.0,A01,138Â 297Â 185,1.0,8.0,-1.0,1644305,1.0,7,,0.0,2.0,4.0,B01,138Â 297Â 184,1.0
963403,201900004934,10,21,11:50,1,1,1,1.0,5.0,33039,ROCADE A 630,M,"44,7936700"," -0,5395500",33,2019,90.0,1.0,1.0,1.0,2153306,1.0,1,1,1,4.0,,-1.0, -1,1961.0,A01,138Â 297Â 185,1.0,8.0,-1.0,1644306,1.0,17,,0.0,2.0,1.0,A01,138Â 297Â 185,1.0
963404,201900004935,10,21,10:40,1,1,1,1.0,2.0,33249,RN230 - moto veut se rendre Ã  la station Ã  carburants,M,"44,8722400"," -0,5059000",33,2019,90.0,1.0,1.0,2.0,2153307,1.0,1,4,2,5.0,,-1.0, -1,1994.0,A01,138Â 297Â 181,2.0,6.0,-1.0,1644307,1.0,33,,0.0,2.0,1.0,A01,138Â 297Â 181,1.0
963404,201900004935,10,21,10:40,1,1,1,1.0,2.0,33249,RN230 - moto veut se rendre Ã  la station Ã  carburants,M,"44,8722400"," -0,5059000",33,2019,90.0,1.0,1.0,2.0,2153307,1.0,1,4,2,5.0,,-1.0, -1,1994.0,A01,138Â 297Â 181,2.0,6.0,-1.0,1644308,1.0,17,,0.0,2.0,5.0,B01,138Â 297Â 182,1.0
963404,201900004935,10,21,10:40,1,1,1,1.0,2.0,33249,RN230 - moto veut se rendre Ã  la station Ã  carburants,M,"44,8722400"," -0,5059000",33,2019,90.0,1.0,1.0,2.0,2153308,1.0,1,1,1,4.0,,-1.0, -1,1970.0,B01,138Â 297Â 182,1.0,8.0,-1.0,1644307,1.0,33,,0.0,2.0,1.0,A01,138Â 297Â 181,1.0
963404,201900004935,10,21,10:40,1,1,1,1.0,2.0,33249,RN230 - moto veut se rendre Ã  la station Ã  carburants,M,"44,8722400"," -0,5059000",33,2019,90.0,1.0,1.0,2.0,2153308,1.0,1,1,1,4.0,,-1.0, -1,1970.0,B01,138Â 297Â 182,1.0,8.0,-1.0,1644308,1.0,17,,0.0,2.0,5.0,B01,138Â 297Â 182,1.0
963405,201900004936,10,20,05:40,3,1,1,1.0,5.0,59606,AUTOROUTE A2,M,"50,3396080","3,4969820",59,2019,110.0,1.0,1.0,1.0,2153309,1.0,1,1,1,5.0,,0.0,0,1991.0,C01,138Â 297Â 178,1.0,0.0,-1.0,1644309,1.0,7,,0.0,2.0,1.0,C01,138Â 297Â 178,0.0
963405,201900004936,10,20,05:40,3,1,1,1.0,5.0,59606,AUTOROUTE A2,M,"50,3396080","3,4969820",59,2019,110.0,1.0,1.0,1.0,2153309,1.0,1,1,1,5.0,,0.0,0,1991.0,C01,138Â 297Â 178,1.0,0.0,-1.0,1644310,1.0,7,,0.0,2.0,1.0,B01,138Â 297Â 179,1.0
963405,201900004936,10,20,05:40,3,1,1,1.0,5.0,59606,AUTOROUTE A2,M,"50,3396080","3,4969820",59,2019,110.0,1.0,1.0,1.0,2153309,1.0,1,1,1,5.0,,0.0,0,1991.0,C01,138Â 297Â 178,1.0,0.0,-1.0,1644311,1.0,7,,3.0,2.0,9.0,A01,138Â 297Â 180,1.0
963405,201900004936,10,20,05:40,3,1,1,1.0,5.0,59606,AUTOROUTE A2,M,"50,3396080","3,4969820",59,2019,110.0,1.0,1.0,1.0,2153310,1.0,1,3,2,5.0,,0.0,0,1982.0,B01,138Â 297Â 179,1.0,0.0,-1.0,1644309,1.0,7,,0.0,2.0,1.0,C01,138Â 297Â 178,0.0
963405,201900004936,10,20,05:40,3,1,1,1.0,5.0,59606,AUTOROUTE A2,M,"50,3396080","3,4969820",59,2019,110.0,1.0,1.0,1.0,2153310,1.0,1,3,2,5.0,,0.0,0,1982.0,B01,138Â 297Â 179,1.0,0.0,-1.0,1644310,1.0,7,,0.0,2.0,1.0,B01,138Â 297Â 179,1.0
963405,201900004936,10,20,05:40,3,1,1,1.0,5.0,59606,AUTOROUTE A2,M,"50,3396080","3,4969820",59,2019,110.0,1.0,1.0,1.0,2153310,1.0,1,3,2,5.0,,0.0,0,1982.0,B01,138Â 297Â 179,1.0,0.0,-1.0,1644311,1.0,7,,3.0,2.0,9.0,A01,138Â 297Â 180,1.0
963405,201900004936,10,20,05:40,3,1,1,1.0,5.0,59606,AUTOROUTE A2,M,"50,3396080","3,4969820",59,2019,110.0,1.0,1.0,1.0,2153311,1.0,1,3,1,5.0,,0.0,0,1977.0,A01,138Â 297Â 180,1.0,4.0,-1.0,1644309,1.0,7,,0.0,2.0,1.0,C01,138Â 297Â 178,0.0
963405,201900004936,10,20,05:40,3,1,1,1.0,5.0,59606,AUTOROUTE A2,M,"50,3396080","3,4969820",59,2019,110.0,1.0,1.0,1.0,2153311,1.0,1,3,1,5.0,,0.0,0,1977.0,A01,138Â 297Â 180,1.0,4.0,-1.0,1644310,1.0,7,,0.0,2.0,1.0,B01,138Â 297Â 179,1.0
963405,201900004936,10,20,05:40,3,1,1,1.0,5.0,59606,AUTOROUTE A2,M,"50,3396080","3,4969820",59,2019,110.0,1.0,1.0,1.0,2153311,1.0,1,3,1,5.0,,0.0,0,1977.0,A01,138Â 297Â 180,1.0,4.0,-1.0,1644311,1.0,7,,3.0,2.0,9.0,A01,138Â 297Â 180,1.0
963406,201900004937,10,21,19:30,3,1,1,1.0,4.0,94065,AUTOROUTE A106,M,"48,7490434","2,3570703",94,2019,90.0,1.0,1.0,1.0,2153312,1.0,1,1,1,1.0,,-1.0, -1,1993.0,A01,138Â 297Â 175,1.0,0.0,-1.0,1644312,1.0,7,,0.0,2.0,1.0,A01,138Â 297Â 175,1.0
963406,201900004937,10,21,19:30,3,1,1,1.0,4.0,94065,AUTOROUTE A106,M,"48,7490434","2,3570703",94,2019,90.0,1.0,1.0,1.0,2153312,1.0,1,1,1,1.0,,-1.0, -1,1993.0,A01,138Â 297Â 175,1.0,0.0,-1.0,1644313,1.0,7,,0.0,2.0,4.0,B01,138Â 297Â 176,1.0
963406,201900004937,10,21,19:30,3,1,1,1.0,4.0,94065,AUTOROUTE A106,M,"48,7490434","2,3570703",94,2019,90.0,1.0,1.0,1.0,2153312,1.0,1,1,1,1.0,,-1.0, -1,1993.0,A01,138Â 297Â 175,1.0,0.0,-1.0,1644314,1.0,7,,0.0,2.0,4.0,C01,138Â 297Â 177,1.0
963406,201900004937,10,21,19:30,3,1,1,1.0,4.0,94065,AUTOROUTE A106,M,"48,7490434","2,3570703",94,2019,90.0,1.0,1.0,1.0,2153313,1.0,1,4,1,0.0,,-1.0,0,1970.0,B01,138Â 297Â 176,1.0,0.0,-1.0,1644312,1.0,7,,0.0,2.0,1.0,A01,138Â 297Â 175,1.0
963406,201900004937,10,21,19:30,3,1,1,1.0,4.0,94065,AUTOROUTE A106,M,"48,7490434","2,3570703",94,2019,90.0,1.0,1.0,1.0,2153313,1.0,1,4,1,0.0,,-1.0,0,1970.0,B01,138Â 297Â 176,1.0,0.0,-1.0,1644313,1.0,7,,0.0,2.0,4.0,B01,138Â 297Â 176,1.0
963406,201900004937,10,21,19:30,3,1,1,1.0,4.0,94065,AUTOROUTE A106,M,"48,7490434","2,3570703",94,2019,90.0,1.0,1.0,1.0,2153313,1.0,1,4,1,0.0,,-1.0,0,1970.0,B01,138Â 297Â 176,1.0,0.0,-1.0,1644314,1.0,7,,0.0,2.0,4.0,C01,138Â 297Â 177,1.0
963406,201900004937,10,21,19:30,3,1,1,1.0,4.0,94065,AUTOROUTE A106,M,"48,7490434","2,3570703",94,2019,90.0,1.0,1.0,1.0,2153314,1.0,1,1,2,1.0,,-1.0,0,1993.0,C01,138Â 297Â 177,1.0,0.0,-1.0,1644312,1.0,7,,0.0,2.0,1.0,A01,138Â 297Â 175,1.0
963406,201900004937,10,21,19:30,3,1,1,1.0,4.0,94065,AUTOROUTE A106,M,"48,7490434","2,3570703",94,2019,90.0,1.0,1.0,1.0,2153314,1.0,1,1,2,1.0,,-1.0,0,1993.0,C01,138Â 297Â 177,1.0,0.0,-1.0,1644313,1.0,7,,0.0,2.0,4.0,B01,138Â 297Â 176,1.0
963406,201900004937,10,21,19:30,3,1,1,1.0,4.0,94065,AUTOROUTE A106,M,"48,7490434","2,3570703",94,2019,90.0,1.0,1.0,1.0,2153314,1.0,1,1,2,1.0,,-1.0,0,1993.0,C01,138Â 297Â 177,1.0,0.0,-1.0,1644314,1.0,7,,0.0,2.0,4.0,C01,138Â 297Â 177,1.0
963407,201900004938,6,8,21:30,5,2,1,1.0,6.0,81307,avenue de mazamet,M,"43,5668570","2,3162760",81,2019,50.0,1.0,1.0,3.0,2153315,2.0,2,3,1,5.0,,0.0,0,1997.0,A01,138Â 297Â 174,5.0,-1.0,-1.0,1644315,1.0,7,,15.0,0.0,7.0,A01,138Â 297Â 174,0.0
963407,201900004938,6,8,21:30,5,2,1,1.0,6.0,81307,avenue de mazamet,M,"43,5668570","2,3162760",81,2019,50.0,1.0,1.0,3.0,2153316,1.0,1,3,1,5.0,,0.0,0,1991.0,A01,138Â 297Â 174,5.0,-1.0,-1.0,1644315,1.0,7,,15.0,0.0,7.0,A01,138Â 297Â 174,0.0
963408,201900004939,6,1,20:45,2,1,2,1.0,3.0,81145,Les Fortis,M,"43,8773350","1,7869140",81,2019,80.0,1.0,1.0,3.0,2153317,7.0,2,4,1,5.0,,0.0,0,2008.0,B01,138Â 297Â 172,8.0,-1.0,-1.0,1644316,1.0,7,,0.0,2.0,1.0,B01,138Â 297Â 172,1.0
963408,201900004939,6,1,20:45,2,1,2,1.0,3.0,81145,Les Fortis,M,"43,8773350","1,7869140",81,2019,80.0,1.0,1.0,3.0,2153317,7.0,2,4,1,5.0,,0.0,0,2008.0,B01,138Â 297Â 172,8.0,-1.0,-1.0,1644317,2.0,7,,7.0,2.0,8.0,A01,138Â 297Â 173,1.0
963408,201900004939,6,1,20:45,2,1,2,1.0,3.0,81145,Les Fortis,M,"43,8773350","1,7869140",81,2019,80.0,1.0,1.0,3.0,2153318,2.0,2,4,1,5.0,,0.0,0,1979.0,B01,138Â 297Â 172,8.0,-1.0,-1.0,1644316,1.0,7,,0.0,2.0,1.0,B01,138Â 297Â 172,1.0
963408,201900004939,6,1,20:45,2,1,2,1.0,3.0,81145,Les Fortis,M,"43,8773350","1,7869140",81,2019,80.0,1.0,1.0,3.0,2153318,2.0,2,4,1,5.0,,0.0,0,1979.0,B01,138Â 297Â 172,8.0,-1.0,-1.0,1644317,2.0,7,,7.0,2.0,8.0,A01,138Â 297Â 173,1.0
963408,201900004939,6,1,20:45,2,1,2,1.0,3.0,81145,Les Fortis,M,"43,8773350","1,7869140",81,2019,80.0,1.0,1.0,3.0,2153319,1.0,1,4,1,5.0,,0.0,0,1967.0,B01,138Â 297Â 172,8.0,-1.0,-1.0,1644316,1.0,7,,0.0,2.0,1.0,B01,138Â 297Â 172,1.0
963408,201900004939,6,1,20:45,2,1,2,1.0,3.0,81145,Les Fortis,M,"43,8773350","1,7869140",81,2019,80.0,1.0,1.0,3.0,2153319,1.0,1,4,1,5.0,,0.0,0,1967.0,B01,138Â 297Â 172,8.0,-1.0,-1.0,1644317,2.0,7,,7.0,2.0,8.0,A01,138Â 297Â 173,1.0
963408,201900004939,6,1,20:45,2,1,2,1.0,3.0,81145,Les Fortis,M,"43,8773350","1,7869140",81,2019,80.0,1.0,1.0,3.0,2153320,7.0,2,4,1,5.0,,0.0,0,2015.0,A01,138Â 297Â 173,8.0,-1.0,-1.0,1644316,1.0,7,,0.0,2.0,1.0,B01,138Â 297Â 172,1.0
963408,201900004939,6,1,20:45,2,1,2,1.0,3.0,81145,Les Fortis,M,"43,8773350","1,7869140",81,2019,80.0,1.0,1.0,3.0,2153320,7.0,2,4,1,5.0,,0.0,0,2015.0,A01,138Â 297Â 173,8.0,-1.0,-1.0,1644317,2.0,7,,7.0,2.0,8.0,A01,138Â 297Â 173,1.0
963408,201900004939,6,1,20:45,2,1,2,1.0,3.0,81145,Les Fortis,M,"43,8773350","1,7869140",81,2019,80.0,1.0,1.0,3.0,2153321,9.0,2,3,2,5.0,,0.0,0,1991.0,A01,138Â 297Â 173,8.0,-1.0,-1.0,1644316,1.0,7,,0.0,2.0,1.0,B01,138Â 297Â 172,1.0
963408,201900004939,6,1,20:45,2,1,2,1.0,3.0,81145,Les Fortis,M,"43,8773350","1,7869140",81,2019,80.0,1.0,1.0,3.0,2153321,9.0,2,3,2,5.0,,0.0,0,1991.0,A01,138Â 297Â 173,8.0,-1.0,-1.0,1644317,2.0,7,,7.0,2.0,8.0,A01,138Â 297Â 173,1.0
963408,201900004939,6,1,20:45,2,1,2,1.0,3.0,81145,Les Fortis,M,"43,8773350","1,7869140",81,2019,80.0,1.0,1.0,3.0,2153322,1.0,1,1,1,5.0,,0.0,0,1987.0,A01,138Â 297Â 173,8.0,-1.0,-1.0,1644316,1.0,7,,0.0,2.0,1.0,B01,138Â 297Â 172,1.0
963408,201900004939,6,1,20:45,2,1,2,1.0,3.0,81145,Les Fortis,M,"43,8773350","1,7869140",81,2019,80.0,1.0,1.0,3.0,2153322,1.0,1,1,1,5.0,,0.0,0,1987.0,A01,138Â 297Â 173,8.0,-1.0,-1.0,1644317,2.0,7,,7.0,2.0,8.0,A01,138Â 297Â 173,1.0
963408,201900004939,6,1,20:45,2,1,2,1.0,3.0,81145,Les Fortis,M,"43,8773350","1,7869140",81,2019,80.0,1.0,1.0,3.0,2153323,2.0,2,3,2,5.0,,0.0,0,2019.0,A01,138Â 297Â 173,8.0,-1.0,-1.0,1644316,1.0,7,,0.0,2.0,1.0,B01,138Â 297Â 172,1.0
963408,201900004939,6,1,20:45,2,1,2,1.0,3.0,81145,Les Fortis,M,"43,8773350","1,7869140",81,2019,80.0,1.0,1.0,3.0,2153323,2.0,2,3,2,5.0,,0.0,0,2019.0,A01,138Â 297Â 173,8.0,-1.0,-1.0,1644317,2.0,7,,7.0,2.0,8.0,A01,138Â 297Â 173,1.0
963409,201900004940,6,9,18:40,1,1,1,1.0,6.0,81206,CD 115 P 0+500,M,"44,1149170","1,7268750",81,2019,80.0,3.0,1.0,3.0,2153324,1.0,1,3,1,5.0,,0.0,0,1968.0,B01,138Â 297Â 170,2.0,-1.0,-1.0,1644318,2.0,33,,13.0,0.0,1.0,B01,138Â 297Â 170,1.0
963409,201900004940,6,9,18:40,1,1,1,1.0,6.0,81206,CD 115 P 0+500,M,"44,1149170","1,7268750",81,2019,80.0,3.0,1.0,3.0,2153324,1.0,1,3,1,5.0,,0.0,0,1968.0,B01,138Â 297Â 170,2.0,-1.0,-1.0,1644319,2.0,10,,0.0,0.0,0.0,A01,138Â 297Â 171,1.0
963409,201900004940,6,9,18:40,1,1,1,1.0,6.0,81206,CD 115 P 0+500,M,"44,1149170","1,7268750",81,2019,80.0,3.0,1.0,3.0,2153325,1.0,1,1,1,4.0,,0.0,0,1961.0,A01,138Â 297Â 171,1.0,-1.0,-1.0,1644318,2.0,33,,13.0,0.0,1.0,B01,138Â 297Â 170,1.0
963409,201900004940,6,9,18:40,1,1,1,1.0,6.0,81206,CD 115 P 0+500,M,"44,1149170","1,7268750",81,2019,80.0,3.0,1.0,3.0,2153325,1.0,1,1,1,4.0,,0.0,0,1961.0,A01,138Â 297Â 171,1.0,-1.0,-1.0,1644319,2.0,10,,0.0,0.0,0.0,A01,138Â 297Â 171,1.0
963410,201900004941,5,31,19:10,1,1,9,1.0,1.0,81319,Marlaux,M,"44,0244350","2,0201770",81,2019,80.0,1.0,1.0,3.0,2153326,1.0,1,1,1,4.0,,0.0,0,1978.0,A01,138Â 297Â 168,9.0,-1.0,-1.0,1644320,2.0,21,,0.0,2.0,3.0,A01,138Â 297Â 168,1.0