Unnamed: 0_x,num_acc,mois,jour,hrmn,lum,agg,int,atm,col,com,adr,gps,lat,long,dep,annee,vma,situ,surf,catr,Unnamed: 0_y,place,catu,grav,sexe,trajet,secu,locp,actp,an_nais,num_veh_x,id_vehicule_x,secu1,secu2,secu3,Unnamed: 0,senc,catv,occutc,obs,obsm,choc,num_veh_y,id_vehicule_y,motor
963410,201900004941,5,31,19:10,1,1,9,1.0,1.0,81319,Marlaux,M,"44,0244350","2,0201770",81,2019,80.0,1.0,1.0,3.0,2153326,1.0,1,1,1,4.0,,0.0,0,1978.0,A01,138Â 297Â 168,9.0,-1.0,-1.0,1644321,1.0,33,,13.0,2.0,1.0,B01,138Â 297Â 169,1.0
963410,201900004941,5,31,19:10,1,1,9,1.0,1.0,81319,Marlaux,M,"44,0244350","2,0201770",81,2019,80.0,1.0,1.0,3.0,2153327,1.0,1,2,1,5.0,,0.0,0,1959.0,B01,138Â 297Â 169,2.0,6.0,-1.0,1644320,2.0,21,,0.0,2.0,3.0,A01,138Â 297Â 168,1.0
963410,201900004941,5,31,19:10,1,1,9,1.0,1.0,81319,Marlaux,M,"44,0244350","2,0201770",81,2019,80.0,1.0,1.0,3.0,2153327,1.0,1,2,1,5.0,,0.0,0,1959.0,B01,138Â 297Â 169,2.0,6.0,-1.0,1644321,1.0,33,,13.0,2.0,1.0,B01,138Â 297Â 169,1.0
963411,201900004942,6,2,14:40,1,1,1,1.0,6.0,32378,RD 935 PK 009+200,M,"43,6777940"," -0,1268430",32,2019,80.0,3.0,1.0,3.0,2153328,1.0,1,1,1,9.0,,0.0,0,1949.0,A01,138Â 297Â 167,1.0,-1.0,-1.0,1644322,2.0,7,,15.0,0.0,2.0,A01,138Â 297Â 167,1.0
963411,201900004942,6,2,14:40,1,1,1,1.0,6.0,32378,RD 935 PK 009+200,M,"43,6777940"," -0,1268430",32,2019,80.0,3.0,1.0,3.0,2153329,2.0,2,3,2,9.0,,0.0,0,1944.0,A01,138Â 297Â 167,1.0,-1.0,-1.0,1644322,2.0,7,,15.0,0.0,2.0,A01,138Â 297Â 167,1.0
963412,201900004943,5,31,19:45,1,1,1,1.0,6.0,32369,RD 931,M,"43,7877280"," -0,0024250",32,2019,80.0,3.0,1.0,3.0,2153330,1.0,1,3,1,5.0,,0.0,0,1958.0,A01,138Â 297Â 166,2.0,-1.0,-1.0,1644323,1.0,34,,13.0,0.0,8.0,A01,138Â 297Â 166,1.0
963413,201900004944,6,13,16:25,1,1,9,1.0,3.0,32280,CD 40-PK 1+900,M,"43,3305260","0,5691020",32,2019,80.0,1.0,1.0,3.0,2153331,1.0,1,3,2,5.0,,0.0,0,1940.0,A01,138Â 297Â 164,2.0,-1.0,-1.0,1644324,1.0,1,,0.0,2.0,8.0,A01,138Â 297Â 164,5.0
963413,201900004944,6,13,16:25,1,1,9,1.0,3.0,32280,CD 40-PK 1+900,M,"43,3305260","0,5691020",32,2019,80.0,1.0,1.0,3.0,2153331,1.0,1,3,2,5.0,,0.0,0,1940.0,A01,138Â 297Â 164,2.0,-1.0,-1.0,1644325,2.0,21,,0.0,2.0,8.0,B01,138Â 297Â 165,1.0
963413,201900004944,6,13,16:25,1,1,9,1.0,3.0,32280,CD 40-PK 1+900,M,"43,3305260","0,5691020",32,2019,80.0,1.0,1.0,3.0,2153332,1.0,1,1,1,4.0,,0.0,0,1971.0,B01,138Â 297Â 165,0.0,-1.0,-1.0,1644324,1.0,1,,0.0,2.0,8.0,A01,138Â 297Â 164,5.0
963413,201900004944,6,13,16:25,1,1,9,1.0,3.0,32280,CD 40-PK 1+900,M,"43,3305260","0,5691020",32,2019,80.0,1.0,1.0,3.0,2153332,1.0,1,1,1,4.0,,0.0,0,1971.0,B01,138Â 297Â 165,0.0,-1.0,-1.0,1644325,2.0,21,,0.0,2.0,8.0,B01,138Â 297Â 165,1.0
963414,201900004945,6,14,18:00,1,1,9,2.0,3.0,32208,Route d'Agen,M,"43,9349070","0,6386470",32,2019,80.0,1.0,2.0,2.0,2153333,1.0,1,1,1,4.0,,0.0,0,1960.0,B01,138Â 297Â 162,1.0,-1.0,-1.0,1644326,1.0,17,,0.0,2.0,2.0,B01,138Â 297Â 162,1.0
963414,201900004945,6,14,18:00,1,1,9,2.0,3.0,32208,Route d'Agen,M,"43,9349070","0,6386470",32,2019,80.0,1.0,2.0,2.0,2153333,1.0,1,1,1,4.0,,0.0,0,1960.0,B01,138Â 297Â 162,1.0,-1.0,-1.0,1644327,1.0,2,,0.0,2.0,1.0,A01,138Â 297Â 163,1.0
963414,201900004945,6,14,18:00,1,1,9,2.0,3.0,32208,Route d'Agen,M,"43,9349070","0,6386470",32,2019,80.0,1.0,2.0,2.0,2153334,1.0,1,3,1,2.0,,0.0,0,2003.0,A01,138Â 297Â 163,2.0,6.0,-1.0,1644326,1.0,17,,0.0,2.0,2.0,B01,138Â 297Â 162,1.0
963414,201900004945,6,14,18:00,1,1,9,2.0,3.0,32208,Route d'Agen,M,"43,9349070","0,6386470",32,2019,80.0,1.0,2.0,2.0,2153334,1.0,1,3,1,2.0,,0.0,0,2003.0,A01,138Â 297Â 163,2.0,6.0,-1.0,1644327,1.0,2,,0.0,2.0,1.0,A01,138Â 297Â 163,1.0
963415,201900004946,5,31,11:30,1,1,1,1.0,6.0,32115,RN 124,M,"43,7633530","0,1739480",32,2019,80.0,3.0,1.0,2.0,2153335,1.0,1,3,2,5.0,,0.0,0,1936.0,A01,138Â 297Â 161,1.0,-1.0,-1.0,1644328,1.0,7,,13.0,0.0,2.0,A01,138Â 297Â 161,1.0
963416,201900004947,6,9,22:10,3,1,1,8.0,6.0,32290,cd29,M,"43,9089030","0,1647420",32,2019,80.0,3.0,1.0,3.0,2153336,1.0,1,3,1,5.0,,0.0,0,1958.0,A01,138Â 297Â 160,2.0,6.0,-1.0,1644329,2.0,33,,17.0,0.0,1.0,A01,138Â 297Â 160,1.0
963417,201900004948,6,3,07:40,1,1,2,1.0,3.0,32160,d634 / d257,M,"43,5723800","1,0360330",32,2019,80.0,1.0,1.0,3.0,2153337,1.0,1,3,2,1.0,,0.0,0,1957.0,A01,138Â 297Â 158,1.0,-1.0,-1.0,1644330,1.0,7,,0.0,2.0,7.0,A01,138Â 297Â 158,1.0
963417,201900004948,6,3,07:40,1,1,2,1.0,3.0,32160,d634 / d257,M,"43,5723800","1,0360330",32,2019,80.0,1.0,1.0,3.0,2153337,1.0,1,3,2,1.0,,0.0,0,1957.0,A01,138Â 297Â 158,1.0,-1.0,-1.0,1644331,1.0,7,,0.0,2.0,1.0,B01,138Â 297Â 159,1.0
963417,201900004948,6,3,07:40,1,1,2,1.0,3.0,32160,d634 / d257,M,"43,5723800","1,0360330",32,2019,80.0,1.0,1.0,3.0,2153338,1.0,1,1,1,1.0,,0.0,0,1981.0,B01,138Â 297Â 159,1.0,-1.0,-1.0,1644330,1.0,7,,0.0,2.0,7.0,A01,138Â 297Â 158,1.0
963417,201900004948,6,3,07:40,1,1,2,1.0,3.0,32160,d634 / d257,M,"43,5723800","1,0360330",32,2019,80.0,1.0,1.0,3.0,2153338,1.0,1,1,1,1.0,,0.0,0,1981.0,B01,138Â 297Â 159,1.0,-1.0,-1.0,1644331,1.0,7,,0.0,2.0,1.0,B01,138Â 297Â 159,1.0
963418,201900004949,6,14,18:00,1,1,1,1.0,3.0,11125,RD 205- EMBRES ET CASTELMURE,M,"42,9491910","2,8310680",11,2019,80.0,1.0,1.0,3.0,2153339,1.0,1,4,1,1.0,,0.0,0,1976.0,A01,138Â 297Â 156,1.0,-1.0,-1.0,1644332,1.0,7,,0.0,2.0,3.0,A01,138Â 297Â 156,1.0
963418,201900004949,6,14,18:00,1,1,1,1.0,3.0,11125,RD 205- EMBRES ET CASTELMURE,M,"42,9491910","2,8310680",11,2019,80.0,1.0,1.0,3.0,2153339,1.0,1,4,1,1.0,,0.0,0,1976.0,A01,138Â 297Â 156,1.0,-1.0,-1.0,1644333,2.0,7,,0.0,2.0,3.0,B01,138Â 297Â 157,1.0
963418,201900004949,6,14,18:00,1,1,1,1.0,3.0,11125,RD 205- EMBRES ET CASTELMURE,M,"42,9491910","2,8310680",11,2019,80.0,1.0,1.0,3.0,2153340,1.0,1,4,1,5.0,,0.0,0,1945.0,B01,138Â 297Â 157,1.0,-1.0,-1.0,1644332,1.0,7,,0.0,2.0,3.0,A01,138Â 297Â 156,1.0
963418,201900004949,6,14,18:00,1,1,1,1.0,3.0,11125,RD 205- EMBRES ET CASTELMURE,M,"42,9491910","2,8310680",11,2019,80.0,1.0,1.0,3.0,2153340,1.0,1,4,1,5.0,,0.0,0,1945.0,B01,138Â 297Â 157,1.0,-1.0,-1.0,1644333,2.0,7,,0.0,2.0,3.0,B01,138Â 297Â 157,1.0
963418,201900004949,6,14,18:00,1,1,1,1.0,3.0,11125,RD 205- EMBRES ET CASTELMURE,M,"42,9491910","2,8310680",11,2019,80.0,1.0,1.0,3.0,2153341,2.0,2,3,2,5.0,,0.0,0,1929.0,B01,138Â 297Â 157,1.0,-1.0,-1.0,1644332,1.0,7,,0.0,2.0,3.0,A01,138Â 297Â 156,1.0
963418,201900004949,6,14,18:00,1,1,1,1.0,3.0,11125,RD 205- EMBRES ET CASTELMURE,M,"42,9491910","2,8310680",11,2019,80.0,1.0,1.0,3.0,2153341,2.0,2,3,2,5.0,,0.0,0,1929.0,B01,138Â 297Â 157,1.0,-1.0,-1.0,1644333,2.0,7,,0.0,2.0,3.0,B01,138Â 297Â 157,1.0
963419,201900004950,6,16,17:00,1,2,1,7.0,6.0,11170,Boulevard du Pech Maynaud,M,"43,1110960","3,1018400",11,2019,50.0,8.0,1.0,4.0,2153342,1.0,1,1,1,5.0,,0.0,0,1942.0,A01,138Â 297Â 155,1.0,-1.0,-1.0,1644334,3.0,7,,0.0,1.0,1.0,A01,138Â 297Â 155,1.0
963419,201900004950,6,16,17:00,1,2,1,7.0,6.0,11170,Boulevard du Pech Maynaud,M,"43,1110960","3,1018400",11,2019,50.0,8.0,1.0,4.0,2153343,2.0,2,1,2,5.0,,0.0,0,1941.0,A01,138Â 297Â 155,1.0,-1.0,-1.0,1644334,3.0,7,,0.0,1.0,1.0,A01,138Â 297Â 155,1.0
963419,201900004950,6,16,17:00,1,2,1,7.0,6.0,11170,Boulevard du Pech Maynaud,M,"43,1110960","3,1018400",11,2019,50.0,8.0,1.0,4.0,2153344,10.0,3,3,2,5.0,,3.0,3,1970.0,A01,138Â 297Â 155,0.0,-1.0,-1.0,1644334,3.0,7,,0.0,1.0,1.0,A01,138Â 297Â 155,1.0
963420,201900004951,6,17,16:10,1,1,1,1.0,3.0,11103,RD 118,M,"42,9393030","2,2410400",11,2019,80.0,1.0,1.0,3.0,2153345,1.0,1,1,2,2.0,,0.0,0,1999.0,A01,138Â 297Â 153,1.0,-1.0,-1.0,1644335,2.0,7,,0.0,2.0,8.0,A01,138Â 297Â 153,1.0
963420,201900004951,6,17,16:10,1,1,1,1.0,3.0,11103,RD 118,M,"42,9393030","2,2410400",11,2019,80.0,1.0,1.0,3.0,2153345,1.0,1,1,2,2.0,,0.0,0,1999.0,A01,138Â 297Â 153,1.0,-1.0,-1.0,1644336,2.0,33,,8.0,2.0,7.0,B01,138Â 297Â 154,1.0
963420,201900004951,6,17,16:10,1,1,1,1.0,3.0,11103,RD 118,M,"42,9393030","2,2410400",11,2019,80.0,1.0,1.0,3.0,2153346,1.0,1,4,1,5.0,,0.0,0,1953.0,B01,138Â 297Â 154,2.0,6.0,-1.0,1644335,2.0,7,,0.0,2.0,8.0,A01,138Â 297Â 153,1.0
963420,201900004951,6,17,16:10,1,1,1,1.0,3.0,11103,RD 118,M,"42,9393030","2,2410400",11,2019,80.0,1.0,1.0,3.0,2153346,1.0,1,4,1,5.0,,0.0,0,1953.0,B01,138Â 297Â 154,2.0,6.0,-1.0,1644336,2.0,33,,8.0,2.0,7.0,B01,138Â 297Â 154,1.0
963420,201900004951,6,17,16:10,1,1,1,1.0,3.0,11103,RD 118,M,"42,9393030","2,2410400",11,2019,80.0,1.0,1.0,3.0,2153347,2.0,2,4,2,5.0,,0.0,0,1958.0,B01,138Â 297Â 154,2.0,6.0,-1.0,1644335,2.0,7,,0.0,2.0,8.0,A01,138Â 297Â 153,1.0
963420,201900004951,6,17,16:10,1,1,1,1.0,3.0,11103,RD 118,M,"42,9393030","2,2410400",11,2019,80.0,1.0,1.0,3.0,2153347,2.0,2,4,2,5.0,,0.0,0,1958.0,B01,138Â 297Â 154,2.0,6.0,-1.0,1644336,2.0,33,,8.0,2.0,7.0,B01,138Â 297Â 154,1.0
963421,201900004952,6,12,12:35,1,1,1,1.0,6.0,11015,Route des CorbiÃ¨res,M,"42,9525120","2,3742270",11,2019,80.0,1.0,1.0,3.0,2153348,1.0,1,1,1,5.0,,0.0,0,1962.0,A01,138Â 297Â 151,2.0,6.0,9.0,1644337,1.0,33,,0.0,0.0,4.0,A01,138Â 297Â 151,1.0
963421,201900004952,6,12,12:35,1,1,1,1.0,6.0,11015,Route des CorbiÃ¨res,M,"42,9525120","2,3742270",11,2019,80.0,1.0,1.0,3.0,2153348,1.0,1,1,1,5.0,,0.0,0,1962.0,A01,138Â 297Â 151,2.0,6.0,9.0,1644338,1.0,33,,0.0,0.0,1.0,B01,138Â 297Â 152,1.0
963421,201900004952,6,12,12:35,1,1,1,1.0,6.0,11015,Route des CorbiÃ¨res,M,"42,9525120","2,3742270",11,2019,80.0,1.0,1.0,3.0,2153349,1.0,1,3,1,5.0,,0.0,0,1962.0,B01,138Â 297Â 152,2.0,6.0,9.0,1644337,1.0,33,,0.0,0.0,4.0,A01,138Â 297Â 151,1.0
963421,201900004952,6,12,12:35,1,1,1,1.0,6.0,11015,Route des CorbiÃ¨res,M,"42,9525120","2,3742270",11,2019,80.0,1.0,1.0,3.0,2153349,1.0,1,3,1,5.0,,0.0,0,1962.0,B01,138Â 297Â 152,2.0,6.0,9.0,1644338,1.0,33,,0.0,0.0,1.0,B01,138Â 297Â 152,1.0
963422,201900004953,6,2,17:30,1,1,1,1.0,3.0,11129,Route dÃ©parementale 118,M,"42,9343660","2,2203650",11,2019,80.0,1.0,1.0,3.0,2153350,1.0,1,1,2,2.0,,0.0,0,1999.0,A01,138Â 297Â 149,1.0,-1.0,-1.0,1644339,0.0,7,,0.0,2.0,3.0,A01,138Â 297Â 149,1.0
963422,201900004953,6,2,17:30,1,1,1,1.0,3.0,11129,Route dÃ©parementale 118,M,"42,9343660","2,2203650",11,2019,80.0,1.0,1.0,3.0,2153350,1.0,1,1,2,2.0,,0.0,0,1999.0,A01,138Â 297Â 149,1.0,-1.0,-1.0,1644340,2.0,33,,0.0,2.0,1.0,B01,138Â 297Â 150,1.0
963422,201900004953,6,2,17:30,1,1,1,1.0,3.0,11129,Route dÃ©parementale 118,M,"42,9343660","2,2203650",11,2019,80.0,1.0,1.0,3.0,2153351,1.0,1,3,1,5.0,,0.0,0,1989.0,B01,138Â 297Â 150,2.0,6.0,-1.0,1644339,0.0,7,,0.0,2.0,3.0,A01,138Â 297Â 149,1.0
963422,201900004953,6,2,17:30,1,1,1,1.0,3.0,11129,Route dÃ©parementale 118,M,"42,9343660","2,2203650",11,2019,80.0,1.0,1.0,3.0,2153351,1.0,1,3,1,5.0,,0.0,0,1989.0,B01,138Â 297Â 150,2.0,6.0,-1.0,1644340,2.0,33,,0.0,2.0,1.0,B01,138Â 297Â 150,1.0
963422,201900004953,6,2,17:30,1,1,1,1.0,3.0,11129,Route dÃ©parementale 118,M,"42,9343660","2,2203650",11,2019,80.0,1.0,1.0,3.0,2153352,2.0,2,2,2,5.0,,0.0,0,1974.0,B01,138Â 297Â 150,2.0,6.0,-1.0,1644339,0.0,7,,0.0,2.0,3.0,A01,138Â 297Â 149,1.0
963422,201900004953,6,2,17:30,1,1,1,1.0,3.0,11129,Route dÃ©parementale 118,M,"42,9343660","2,2203650",11,2019,80.0,1.0,1.0,3.0,2153352,2.0,2,2,2,5.0,,0.0,0,1974.0,B01,138Â 297Â 150,2.0,6.0,-1.0,1644340,2.0,33,,0.0,2.0,1.0,B01,138Â 297Â 150,1.0
963423,201900004954,6,19,18:30,1,1,1,1.0,7.0,11239,RD 624,M,"43,2768560","1,8276830",11,2019,80.0,1.0,1.0,3.0,2153353,1.0,1,3,1,5.0,,0.0,0,1955.0,A01,138Â 297Â 148,2.0,6.0,9.0,1644341,1.0,33,,0.0,0.0,8.0,A01,138Â 297Â 148,1.0
963424,201900004955,6,8,18:40,1,1,9,1.0,1.0,11429,D620 - PK 35+100,M,"43,2442270","2,3873010",11,2019,80.0,1.0,1.0,3.0,2153354,1.0,1,3,1,0.0,,0.0,0,1970.0,A01,138Â 297Â 146,1.0,-1.0,-1.0,1644342,1.0,7,,0.0,0.0,1.0,A01,138Â 297Â 146,1.0
963424,201900004955,6,8,18:40,1,1,9,1.0,1.0,11429,D620 - PK 35+100,M,"43,2442270","2,3873010",11,2019,80.0,1.0,1.0,3.0,2153354,1.0,1,3,1,0.0,,0.0,0,1970.0,A01,138Â 297Â 146,1.0,-1.0,-1.0,1644343,2.0,7,,0.0,0.0,1.0,B01,138Â 297Â 147,6.0
963424,201900004955,6,8,18:40,1,1,9,1.0,1.0,11429,D620 - PK 35+100,M,"43,2442270","2,3873010",11,2019,80.0,1.0,1.0,3.0,2153355,1.0,1,3,1,9.0,,0.0,0,1969.0,B01,138Â 297Â 147,1.0,-1.0,-1.0,1644342,1.0,7,,0.0,0.0,1.0,A01,138Â 297Â 146,1.0
963424,201900004955,6,8,18:40,1,1,9,1.0,1.0,11429,D620 - PK 35+100,M,"43,2442270","2,3873010",11,2019,80.0,1.0,1.0,3.0,2153355,1.0,1,3,1,9.0,,0.0,0,1969.0,B01,138Â 297Â 147,1.0,-1.0,-1.0,1644343,2.0,7,,0.0,0.0,1.0,B01,138Â 297Â 147,6.0
963424,201900004955,6,8,18:40,1,1,9,1.0,1.0,11429,D620 - PK 35+100,M,"43,2442270","2,3873010",11,2019,80.0,1.0,1.0,3.0,2153356,2.0,2,3,2,9.0,,0.0,0,1975.0,B01,138Â 297Â 147,1.0,-1.0,-1.0,1644342,1.0,7,,0.0,0.0,1.0,A01,138Â 297Â 146,1.0
963424,201900004955,6,8,18:40,1,1,9,1.0,1.0,11429,D620 - PK 35+100,M,"43,2442270","2,3873010",11,2019,80.0,1.0,1.0,3.0,2153356,2.0,2,3,2,9.0,,0.0,0,1975.0,B01,138Â 297Â 147,1.0,-1.0,-1.0,1644343,2.0,7,,0.0,0.0,1.0,B01,138Â 297Â 147,6.0
963425,201900004956,6,18,19:15,1,2,2,1.0,3.0,71351,27 route de Louhans,M,"46,8729720","5,2746090",71,2019,80.0,1.0,1.0,3.0,2153357,1.0,1,1,1,4.0,,0.0,0,1958.0,B01,138Â 297Â 144,1.0,-1.0,-1.0,1644344,1.0,7,,0.0,2.0,7.0,B01,138Â 297Â 144,1.0
963425,201900004956,6,18,19:15,1,2,2,1.0,3.0,71351,27 route de Louhans,M,"46,8729720","5,2746090",71,2019,80.0,1.0,1.0,3.0,2153357,1.0,1,1,1,4.0,,0.0,0,1958.0,B01,138Â 297Â 144,1.0,-1.0,-1.0,1644345,1.0,2,,0.0,2.0,8.0,A01,138Â 297Â 145,1.0
963425,201900004956,6,18,19:15,1,2,2,1.0,3.0,71351,27 route de Louhans,M,"46,8729720","5,2746090",71,2019,80.0,1.0,1.0,3.0,2153358,2.0,2,4,1,5.0,,0.0,0,1996.0,A01,138Â 297Â 145,2.0,-1.0,-1.0,1644344,1.0,7,,0.0,2.0,7.0,B01,138Â 297Â 144,1.0
963425,201900004956,6,18,19:15,1,2,2,1.0,3.0,71351,27 route de Louhans,M,"46,8729720","5,2746090",71,2019,80.0,1.0,1.0,3.0,2153358,2.0,2,4,1,5.0,,0.0,0,1996.0,A01,138Â 297Â 145,2.0,-1.0,-1.0,1644345,1.0,2,,0.0,2.0,8.0,A01,138Â 297Â 145,1.0
963425,201900004956,6,18,19:15,1,2,2,1.0,3.0,71351,27 route de Louhans,M,"46,8729720","5,2746090",71,2019,80.0,1.0,1.0,3.0,2153359,1.0,1,4,1,5.0,,0.0,0,1994.0,A01,138Â 297Â 145,2.0,-1.0,-1.0,1644344,1.0,7,,0.0,2.0,7.0,B01,138Â 297Â 144,1.0
963425,201900004956,6,18,19:15,1,2,2,1.0,3.0,71351,27 route de Louhans,M,"46,8729720","5,2746090",71,2019,80.0,1.0,1.0,3.0,2153359,1.0,1,4,1,5.0,,0.0,0,1994.0,A01,138Â 297Â 145,2.0,-1.0,-1.0,1644345,1.0,2,,0.0,2.0,8.0,A01,138Â 297Â 145,1.0
963426,201900004957,6,19,13:00,1,1,1,1.0,1.0,71318,ROUTE DE ROMENAY,M,"46,5512160","5,1616620",71,2019,80.0,1.0,1.0,3.0,2153360,1.0,1,1,1,4.0,,0.0,0,1982.0,B01,138Â 297Â 142,1.0,-1.0,-1.0,1644346,1.0,15,,0.0,2.0,3.0,B01,138Â 297Â 142,1.0
963426,201900004957,6,19,13:00,1,1,1,1.0,1.0,71318,ROUTE DE ROMENAY,M,"46,5512160","5,1616620",71,2019,80.0,1.0,1.0,3.0,2153360,1.0,1,1,1,4.0,,0.0,0,1982.0,B01,138Â 297Â 142,1.0,-1.0,-1.0,1644347,2.0,7,,0.0,2.0,3.0,A01,138Â 297Â 143,1.0
963426,201900004957,6,19,13:00,1,1,1,1.0,1.0,71318,ROUTE DE ROMENAY,M,"46,5512160","5,1616620",71,2019,80.0,1.0,1.0,3.0,2153361,1.0,1,4,2,5.0,,0.0,0,1967.0,A01,138Â 297Â 143,1.0,-1.0,-1.0,1644346,1.0,15,,0.0,2.0,3.0,B01,138Â 297Â 142,1.0
963426,201900004957,6,19,13:00,1,1,1,1.0,1.0,71318,ROUTE DE ROMENAY,M,"46,5512160","5,1616620",71,2019,80.0,1.0,1.0,3.0,2153361,1.0,1,4,2,5.0,,0.0,0,1967.0,A01,138Â 297Â 143,1.0,-1.0,-1.0,1644347,2.0,7,,0.0,2.0,3.0,A01,138Â 297Â 143,1.0
963427,201900004958,6,18,14:53,1,1,1,1.0,6.0,71319,Route de Louhans,M,"46,6752150","5,1128980",71,2019,80.0,1.0,1.0,3.0,2153362,1.0,1,2,1,5.0,,0.0,0,1984.0,A01,138Â 297Â 141,1.0,-1.0,-1.0,1644348,2.0,7,,2.0,0.0,1.0,A01,138Â 297Â 141,1.0
963428,201900004959,6,7,16:20,1,2,1,1.0,7.0,71263,1315 Rue du Jura,M,"46,6326700","5,2444490",71,2019,50.0,1.0,1.0,3.0,2153363,1.0,1,3,1,3.0,,0.0,0,1938.0,A01,138Â 297Â 139,2.0,6.0,-1.0,1644349,2.0,2,,12.0,0.0,0.0,A01,138Â 297Â 139,1.0
963429,201900004960,6,13,10:00,1,1,1,1.0,6.0,71334,RD52,M,"46,5688480","4,1570810",71,2019,80.0,3.0,1.0,3.0,2153364,1.0,1,3,1,0.0,,0.0,0,1946.0,A01,138Â 297Â 138,8.0,-1.0,-1.0,1644350,0.0,7,,2.0,0.0,1.0,A01,138Â 297Â 138,1.0
963430,201900004961,6,16,18:00,1,2,2,1.0,3.0,71282,Intersction RD6 et RD680,M,"46,8370920","4,3564220",71,2019,-1.0,1.0,1.0,3.0,2153365,1.0,1,4,1,5.0,,0.0,0,1992.0,B01,138Â 297Â 136,1.0,-1.0,-1.0,1644351,3.0,7,,0.0,0.0,8.0,B01,138Â 297Â 136,1.0
963430,201900004961,6,16,18:00,1,2,2,1.0,3.0,71282,Intersction RD6 et RD680,M,"46,8370920","4,3564220",71,2019,-1.0,1.0,1.0,3.0,2153365,1.0,1,4,1,5.0,,0.0,0,1992.0,B01,138Â 297Â 136,1.0,-1.0,-1.0,1644352,3.0,7,,0.0,2.0,1.0,A01,138Â 297Â 137,1.0
963430,201900004961,6,16,18:00,1,2,2,1.0,3.0,71282,Intersction RD6 et RD680,M,"46,8370920","4,3564220",71,2019,-1.0,1.0,1.0,3.0,2153366,8.0,2,1,1,5.0,,0.0,0,1996.0,B01,138Â 297Â 136,1.0,-1.0,-1.0,1644351,3.0,7,,0.0,0.0,8.0,B01,138Â 297Â 136,1.0
963430,201900004961,6,16,18:00,1,2,2,1.0,3.0,71282,Intersction RD6 et RD680,M,"46,8370920","4,3564220",71,2019,-1.0,1.0,1.0,3.0,2153366,8.0,2,1,1,5.0,,0.0,0,1996.0,B01,138Â 297Â 136,1.0,-1.0,-1.0,1644352,3.0,7,,0.0,2.0,1.0,A01,138Â 297Â 137,1.0
963430,201900004961,6,16,18:00,1,2,2,1.0,3.0,71282,Intersction RD6 et RD680,M,"46,8370920","4,3564220",71,2019,-1.0,1.0,1.0,3.0,2153367,2.0,2,3,2,5.0,,0.0,0,2001.0,B01,138Â 297Â 136,1.0,-1.0,-1.0,1644351,3.0,7,,0.0,0.0,8.0,B01,138Â 297Â 136,1.0
963430,201900004961,6,16,18:00,1,2,2,1.0,3.0,71282,Intersction RD6 et RD680,M,"46,8370920","4,3564220",71,2019,-1.0,1.0,1.0,3.0,2153367,2.0,2,3,2,5.0,,0.0,0,2001.0,B01,138Â 297Â 136,1.0,-1.0,-1.0,1644352,3.0,7,,0.0,2.0,1.0,A01,138Â 297Â 137,1.0
963430,201900004961,6,16,18:00,1,2,2,1.0,3.0,71282,Intersction RD6 et RD680,M,"46,8370920","4,3564220",71,2019,-1.0,1.0,1.0,3.0,2153368,9.0,2,4,1,5.0,,0.0,0,1997.0,B01,138Â 297Â 136,1.0,-1.0,-1.0,1644351,3.0,7,,0.0,0.0,8.0,B01,138Â 297Â 136,1.0
963430,201900004961,6,16,18:00,1,2,2,1.0,3.0,71282,Intersction RD6 et RD680,M,"46,8370920","4,3564220",71,2019,-1.0,1.0,1.0,3.0,2153368,9.0,2,4,1,5.0,,0.0,0,1997.0,B01,138Â 297Â 136,1.0,-1.0,-1.0,1644352,3.0,7,,0.0,2.0,1.0,A01,138Â 297Â 137,1.0
963430,201900004961,6,16,18:00,1,2,2,1.0,3.0,71282,Intersction RD6 et RD680,M,"46,8370920","4,3564220",71,2019,-1.0,1.0,1.0,3.0,2153369,7.0,2,4,1,5.0,,0.0,0,2012.0,B01,138Â 297Â 136,3.0,-1.0,-1.0,1644351,3.0,7,,0.0,0.0,8.0,B01,138Â 297Â 136,1.0
963430,201900004961,6,16,18:00,1,2,2,1.0,3.0,71282,Intersction RD6 et RD680,M,"46,8370920","4,3564220",71,2019,-1.0,1.0,1.0,3.0,2153369,7.0,2,4,1,5.0,,0.0,0,2012.0,B01,138Â 297Â 136,3.0,-1.0,-1.0,1644352,3.0,7,,0.0,2.0,1.0,A01,138Â 297Â 137,1.0
963430,201900004961,6,16,18:00,1,2,2,1.0,3.0,71282,Intersction RD6 et RD680,M,"46,8370920","4,3564220",71,2019,-1.0,1.0,1.0,3.0,2153370,1.0,1,1,2,5.0,,0.0,0,1942.0,A01,138Â 297Â 137,1.0,-1.0,-1.0,1644351,3.0,7,,0.0,0.0,8.0,B01,138Â 297Â 136,1.0
963430,201900004961,6,16,18:00,1,2,2,1.0,3.0,71282,Intersction RD6 et RD680,M,"46,8370920","4,3564220",71,2019,-1.0,1.0,1.0,3.0,2153370,1.0,1,1,2,5.0,,0.0,0,1942.0,A01,138Â 297Â 137,1.0,-1.0,-1.0,1644352,3.0,7,,0.0,2.0,1.0,A01,138Â 297Â 137,1.0
963430,201900004961,6,16,18:00,1,2,2,1.0,3.0,71282,Intersction RD6 et RD680,M,"46,8370920","4,3564220",71,2019,-1.0,1.0,1.0,3.0,2153371,2.0,2,1,2,5.0,,0.0,0,1931.0,A01,138Â 297Â 137,1.0,-1.0,-1.0,1644351,3.0,7,,0.0,0.0,8.0,B01,138Â 297Â 136,1.0