Unnamed: 0_x,num_acc,mois,jour,hrmn,lum,agg,int,atm,col,com,adr,gps,lat,long,dep,annee,vma,situ,surf,catr,Unnamed: 0_y,place,catu,grav,sexe,trajet,secu,locp,actp,an_nais,num_veh_x,id_vehicule_x,secu1,secu2,secu3,Unnamed: 0,senc,catv,occutc,obs,obsm,choc,num_veh_y,id_vehicule_y,motor
963430,201900004961,6,16,18:00,1,2,2,1.0,3.0,71282,Intersction RD6 et RD680,M,"46,8370920","4,3564220",71,2019,-1.0,1.0,1.0,3.0,2153371,2.0,2,1,2,5.0,,0.0,0,1931.0,A01,138Â 297Â 137,1.0,-1.0,-1.0,1644352,3.0,7,,0.0,2.0,1.0,A01,138Â 297Â 137,1.0
963431,201900004962,6,14,15:20,1,2,1,2.0,6.0,71479,Les Bonnardots,M,"46,8278390","4,4012880",71,2019,-1.0,3.0,2.0,3.0,2153372,1.0,1,2,1,5.0,,0.0,0,1942.0,A01,138Â 297Â 135,1.0,-1.0,-1.0,1644353,0.0,7,,6.0,0.0,1.0,A01,138Â 297Â 135,1.0
963432,201900004963,6,12,16:15,1,1,9,1.0,6.0,71310,"RN 70, PK 46",M,"46,7347570","4,4759680",71,2019,110.0,8.0,1.0,2.0,2153373,1.0,1,1,1,4.0,,0.0,0,1958.0,E01,138Â 297Â 130,1.0,-1.0,-1.0,1644354,1.0,15,,0.0,9.0,1.0,E01,138Â 297Â 130,1.0
963432,201900004963,6,12,16:15,1,1,9,1.0,6.0,71310,"RN 70, PK 46",M,"46,7347570","4,4759680",71,2019,110.0,8.0,1.0,2.0,2153373,1.0,1,1,1,4.0,,0.0,0,1958.0,E01,138Â 297Â 130,1.0,-1.0,-1.0,1644355,1.0,15,,0.0,9.0,1.0,D01,138Â 297Â 131,1.0
963432,201900004963,6,12,16:15,1,1,9,1.0,6.0,71310,"RN 70, PK 46",M,"46,7347570","4,4759680",71,2019,110.0,8.0,1.0,2.0,2153373,1.0,1,1,1,4.0,,0.0,0,1958.0,E01,138Â 297Â 130,1.0,-1.0,-1.0,1644356,1.0,7,,0.0,9.0,1.0,C01,138Â 297Â 132,1.0
963432,201900004963,6,12,16:15,1,1,9,1.0,6.0,71310,"RN 70, PK 46",M,"46,7347570","4,4759680",71,2019,110.0,8.0,1.0,2.0,2153373,1.0,1,1,1,4.0,,0.0,0,1958.0,E01,138Â 297Â 130,1.0,-1.0,-1.0,1644357,1.0,7,,0.0,9.0,1.0,B01,138Â 297Â 133,1.0
963432,201900004963,6,12,16:15,1,1,9,1.0,6.0,71310,"RN 70, PK 46",M,"46,7347570","4,4759680",71,2019,110.0,8.0,1.0,2.0,2153373,1.0,1,1,1,4.0,,0.0,0,1958.0,E01,138Â 297Â 130,1.0,-1.0,-1.0,1644358,2.0,15,,4.0,0.0,3.0,A01,138Â 297Â 134,1.0
963432,201900004963,6,12,16:15,1,1,9,1.0,6.0,71310,"RN 70, PK 46",M,"46,7347570","4,4759680",71,2019,110.0,8.0,1.0,2.0,2153374,1.0,1,1,1,4.0,,0.0,0,1968.0,D01,138Â 297Â 131,1.0,-1.0,-1.0,1644354,1.0,15,,0.0,9.0,1.0,E01,138Â 297Â 130,1.0
963432,201900004963,6,12,16:15,1,1,9,1.0,6.0,71310,"RN 70, PK 46",M,"46,7347570","4,4759680",71,2019,110.0,8.0,1.0,2.0,2153374,1.0,1,1,1,4.0,,0.0,0,1968.0,D01,138Â 297Â 131,1.0,-1.0,-1.0,1644355,1.0,15,,0.0,9.0,1.0,D01,138Â 297Â 131,1.0
963432,201900004963,6,12,16:15,1,1,9,1.0,6.0,71310,"RN 70, PK 46",M,"46,7347570","4,4759680",71,2019,110.0,8.0,1.0,2.0,2153374,1.0,1,1,1,4.0,,0.0,0,1968.0,D01,138Â 297Â 131,1.0,-1.0,-1.0,1644356,1.0,7,,0.0,9.0,1.0,C01,138Â 297Â 132,1.0
963432,201900004963,6,12,16:15,1,1,9,1.0,6.0,71310,"RN 70, PK 46",M,"46,7347570","4,4759680",71,2019,110.0,8.0,1.0,2.0,2153374,1.0,1,1,1,4.0,,0.0,0,1968.0,D01,138Â 297Â 131,1.0,-1.0,-1.0,1644357,1.0,7,,0.0,9.0,1.0,B01,138Â 297Â 133,1.0
963432,201900004963,6,12,16:15,1,1,9,1.0,6.0,71310,"RN 70, PK 46",M,"46,7347570","4,4759680",71,2019,110.0,8.0,1.0,2.0,2153374,1.0,1,1,1,4.0,,0.0,0,1968.0,D01,138Â 297Â 131,1.0,-1.0,-1.0,1644358,2.0,15,,4.0,0.0,3.0,A01,138Â 297Â 134,1.0
963432,201900004963,6,12,16:15,1,1,9,1.0,6.0,71310,"RN 70, PK 46",M,"46,7347570","4,4759680",71,2019,110.0,8.0,1.0,2.0,2153375,1.0,1,1,2,5.0,,0.0,0,2000.0,C01,138Â 297Â 132,1.0,-1.0,-1.0,1644354,1.0,15,,0.0,9.0,1.0,E01,138Â 297Â 130,1.0
963432,201900004963,6,12,16:15,1,1,9,1.0,6.0,71310,"RN 70, PK 46",M,"46,7347570","4,4759680",71,2019,110.0,8.0,1.0,2.0,2153375,1.0,1,1,2,5.0,,0.0,0,2000.0,C01,138Â 297Â 132,1.0,-1.0,-1.0,1644355,1.0,15,,0.0,9.0,1.0,D01,138Â 297Â 131,1.0
963432,201900004963,6,12,16:15,1,1,9,1.0,6.0,71310,"RN 70, PK 46",M,"46,7347570","4,4759680",71,2019,110.0,8.0,1.0,2.0,2153375,1.0,1,1,2,5.0,,0.0,0,2000.0,C01,138Â 297Â 132,1.0,-1.0,-1.0,1644356,1.0,7,,0.0,9.0,1.0,C01,138Â 297Â 132,1.0
963432,201900004963,6,12,16:15,1,1,9,1.0,6.0,71310,"RN 70, PK 46",M,"46,7347570","4,4759680",71,2019,110.0,8.0,1.0,2.0,2153375,1.0,1,1,2,5.0,,0.0,0,2000.0,C01,138Â 297Â 132,1.0,-1.0,-1.0,1644357,1.0,7,,0.0,9.0,1.0,B01,138Â 297Â 133,1.0
963432,201900004963,6,12,16:15,1,1,9,1.0,6.0,71310,"RN 70, PK 46",M,"46,7347570","4,4759680",71,2019,110.0,8.0,1.0,2.0,2153375,1.0,1,1,2,5.0,,0.0,0,2000.0,C01,138Â 297Â 132,1.0,-1.0,-1.0,1644358,2.0,15,,4.0,0.0,3.0,A01,138Â 297Â 134,1.0
963432,201900004963,6,12,16:15,1,1,9,1.0,6.0,71310,"RN 70, PK 46",M,"46,7347570","4,4759680",71,2019,110.0,8.0,1.0,2.0,2153376,2.0,2,1,1,5.0,,0.0,0,1975.0,C01,138Â 297Â 132,1.0,-1.0,-1.0,1644354,1.0,15,,0.0,9.0,1.0,E01,138Â 297Â 130,1.0
963432,201900004963,6,12,16:15,1,1,9,1.0,6.0,71310,"RN 70, PK 46",M,"46,7347570","4,4759680",71,2019,110.0,8.0,1.0,2.0,2153376,2.0,2,1,1,5.0,,0.0,0,1975.0,C01,138Â 297Â 132,1.0,-1.0,-1.0,1644355,1.0,15,,0.0,9.0,1.0,D01,138Â 297Â 131,1.0
963432,201900004963,6,12,16:15,1,1,9,1.0,6.0,71310,"RN 70, PK 46",M,"46,7347570","4,4759680",71,2019,110.0,8.0,1.0,2.0,2153376,2.0,2,1,1,5.0,,0.0,0,1975.0,C01,138Â 297Â 132,1.0,-1.0,-1.0,1644356,1.0,7,,0.0,9.0,1.0,C01,138Â 297Â 132,1.0
963432,201900004963,6,12,16:15,1,1,9,1.0,6.0,71310,"RN 70, PK 46",M,"46,7347570","4,4759680",71,2019,110.0,8.0,1.0,2.0,2153376,2.0,2,1,1,5.0,,0.0,0,1975.0,C01,138Â 297Â 132,1.0,-1.0,-1.0,1644357,1.0,7,,0.0,9.0,1.0,B01,138Â 297Â 133,1.0
963432,201900004963,6,12,16:15,1,1,9,1.0,6.0,71310,"RN 70, PK 46",M,"46,7347570","4,4759680",71,2019,110.0,8.0,1.0,2.0,2153376,2.0,2,1,1,5.0,,0.0,0,1975.0,C01,138Â 297Â 132,1.0,-1.0,-1.0,1644358,2.0,15,,4.0,0.0,3.0,A01,138Â 297Â 134,1.0
963432,201900004963,6,12,16:15,1,1,9,1.0,6.0,71310,"RN 70, PK 46",M,"46,7347570","4,4759680",71,2019,110.0,8.0,1.0,2.0,2153377,1.0,1,1,2,5.0,,0.0,0,1975.0,B01,138Â 297Â 133,1.0,-1.0,-1.0,1644354,1.0,15,,0.0,9.0,1.0,E01,138Â 297Â 130,1.0
963432,201900004963,6,12,16:15,1,1,9,1.0,6.0,71310,"RN 70, PK 46",M,"46,7347570","4,4759680",71,2019,110.0,8.0,1.0,2.0,2153377,1.0,1,1,2,5.0,,0.0,0,1975.0,B01,138Â 297Â 133,1.0,-1.0,-1.0,1644355,1.0,15,,0.0,9.0,1.0,D01,138Â 297Â 131,1.0
963432,201900004963,6,12,16:15,1,1,9,1.0,6.0,71310,"RN 70, PK 46",M,"46,7347570","4,4759680",71,2019,110.0,8.0,1.0,2.0,2153377,1.0,1,1,2,5.0,,0.0,0,1975.0,B01,138Â 297Â 133,1.0,-1.0,-1.0,1644356,1.0,7,,0.0,9.0,1.0,C01,138Â 297Â 132,1.0
963432,201900004963,6,12,16:15,1,1,9,1.0,6.0,71310,"RN 70, PK 46",M,"46,7347570","4,4759680",71,2019,110.0,8.0,1.0,2.0,2153377,1.0,1,1,2,5.0,,0.0,0,1975.0,B01,138Â 297Â 133,1.0,-1.0,-1.0,1644357,1.0,7,,0.0,9.0,1.0,B01,138Â 297Â 133,1.0
963432,201900004963,6,12,16:15,1,1,9,1.0,6.0,71310,"RN 70, PK 46",M,"46,7347570","4,4759680",71,2019,110.0,8.0,1.0,2.0,2153377,1.0,1,1,2,5.0,,0.0,0,1975.0,B01,138Â 297Â 133,1.0,-1.0,-1.0,1644358,2.0,15,,4.0,0.0,3.0,A01,138Â 297Â 134,1.0
963432,201900004963,6,12,16:15,1,1,9,1.0,6.0,71310,"RN 70, PK 46",M,"46,7347570","4,4759680",71,2019,110.0,8.0,1.0,2.0,2153378,1.0,1,2,1,4.0,,0.0,0,1964.0,A01,138Â 297Â 134,1.0,-1.0,-1.0,1644354,1.0,15,,0.0,9.0,1.0,E01,138Â 297Â 130,1.0
963432,201900004963,6,12,16:15,1,1,9,1.0,6.0,71310,"RN 70, PK 46",M,"46,7347570","4,4759680",71,2019,110.0,8.0,1.0,2.0,2153378,1.0,1,2,1,4.0,,0.0,0,1964.0,A01,138Â 297Â 134,1.0,-1.0,-1.0,1644355,1.0,15,,0.0,9.0,1.0,D01,138Â 297Â 131,1.0
963432,201900004963,6,12,16:15,1,1,9,1.0,6.0,71310,"RN 70, PK 46",M,"46,7347570","4,4759680",71,2019,110.0,8.0,1.0,2.0,2153378,1.0,1,2,1,4.0,,0.0,0,1964.0,A01,138Â 297Â 134,1.0,-1.0,-1.0,1644356,1.0,7,,0.0,9.0,1.0,C01,138Â 297Â 132,1.0
963432,201900004963,6,12,16:15,1,1,9,1.0,6.0,71310,"RN 70, PK 46",M,"46,7347570","4,4759680",71,2019,110.0,8.0,1.0,2.0,2153378,1.0,1,2,1,4.0,,0.0,0,1964.0,A01,138Â 297Â 134,1.0,-1.0,-1.0,1644357,1.0,7,,0.0,9.0,1.0,B01,138Â 297Â 133,1.0
963432,201900004963,6,12,16:15,1,1,9,1.0,6.0,71310,"RN 70, PK 46",M,"46,7347570","4,4759680",71,2019,110.0,8.0,1.0,2.0,2153378,1.0,1,2,1,4.0,,0.0,0,1964.0,A01,138Â 297Â 134,1.0,-1.0,-1.0,1644358,2.0,15,,4.0,0.0,3.0,A01,138Â 297Â 134,1.0
963433,201900004964,6,15,22:15,5,2,3,1.0,3.0,89348,Avenue Marcelin Berthelot,M,"48,0241987","3,3000814",89,2019,50.0,1.0,1.0,3.0,2153379,1.0,1,4,1,5.0,,0.0,0,1976.0,B01,138Â 297Â 126,1.0,9.0,-1.0,1644359,1.0,7,,0.0,2.0,6.0,B01,138Â 297Â 126,1.0
963433,201900004964,6,15,22:15,5,2,3,1.0,3.0,89348,Avenue Marcelin Berthelot,M,"48,0241987","3,3000814",89,2019,50.0,1.0,1.0,3.0,2153379,1.0,1,4,1,5.0,,0.0,0,1976.0,B01,138Â 297Â 126,1.0,9.0,-1.0,1644360,2.0,7,,0.0,2.0,8.0,A01,138Â 297Â 127,1.0
963433,201900004964,6,15,22:15,5,2,3,1.0,3.0,89348,Avenue Marcelin Berthelot,M,"48,0241987","3,3000814",89,2019,50.0,1.0,1.0,3.0,2153380,2.0,2,4,1,5.0,,0.0,0,1983.0,A01,138Â 297Â 127,1.0,9.0,-1.0,1644359,1.0,7,,0.0,2.0,6.0,B01,138Â 297Â 126,1.0
963433,201900004964,6,15,22:15,5,2,3,1.0,3.0,89348,Avenue Marcelin Berthelot,M,"48,0241987","3,3000814",89,2019,50.0,1.0,1.0,3.0,2153380,2.0,2,4,1,5.0,,0.0,0,1983.0,A01,138Â 297Â 127,1.0,9.0,-1.0,1644360,2.0,7,,0.0,2.0,8.0,A01,138Â 297Â 127,1.0
963433,201900004964,6,15,22:15,5,2,3,1.0,3.0,89348,Avenue Marcelin Berthelot,M,"48,0241987","3,3000814",89,2019,50.0,1.0,1.0,3.0,2153381,1.0,1,4,2,5.0,,0.0,0,1988.0,A01,138Â 297Â 127,1.0,9.0,-1.0,1644359,1.0,7,,0.0,2.0,6.0,B01,138Â 297Â 126,1.0
963433,201900004964,6,15,22:15,5,2,3,1.0,3.0,89348,Avenue Marcelin Berthelot,M,"48,0241987","3,3000814",89,2019,50.0,1.0,1.0,3.0,2153381,1.0,1,4,2,5.0,,0.0,0,1988.0,A01,138Â 297Â 127,1.0,9.0,-1.0,1644360,2.0,7,,0.0,2.0,8.0,A01,138Â 297Â 127,1.0
963433,201900004964,6,15,22:15,5,2,3,1.0,3.0,89348,Avenue Marcelin Berthelot,M,"48,0241987","3,3000814",89,2019,50.0,1.0,1.0,3.0,2153382,3.0,2,3,1,5.0,,0.0,0,2014.0,A01,138Â 297Â 127,1.0,9.0,-1.0,1644359,1.0,7,,0.0,2.0,6.0,B01,138Â 297Â 126,1.0
963433,201900004964,6,15,22:15,5,2,3,1.0,3.0,89348,Avenue Marcelin Berthelot,M,"48,0241987","3,3000814",89,2019,50.0,1.0,1.0,3.0,2153382,3.0,2,3,1,5.0,,0.0,0,2014.0,A01,138Â 297Â 127,1.0,9.0,-1.0,1644360,2.0,7,,0.0,2.0,8.0,A01,138Â 297Â 127,1.0
963434,201900004965,6,8,19:20,1,1,1,7.0,1.0,89467,Route de bonval,M,"48,2697546","3,0629593",89,2019,80.0,1.0,1.0,3.0,2153383,1.0,1,2,1,5.0,,0.0,0,1953.0,A01,138Â 297Â 124,2.0,6.0,-1.0,1644361,3.0,33,,0.0,2.0,1.0,A01,138Â 297Â 124,1.0
963434,201900004965,6,8,19:20,1,1,1,7.0,1.0,89467,Route de bonval,M,"48,2697546","3,0629593",89,2019,80.0,1.0,1.0,3.0,2153383,1.0,1,2,1,5.0,,0.0,0,1953.0,A01,138Â 297Â 124,2.0,6.0,-1.0,1644362,0.0,7,,0.0,2.0,1.0,B01,138Â 297Â 125,1.0
963434,201900004965,6,8,19:20,1,1,1,7.0,1.0,89467,Route de bonval,M,"48,2697546","3,0629593",89,2019,80.0,1.0,1.0,3.0,2153384,1.0,1,1,1,5.0,,0.0,0,1974.0,B01,138Â 297Â 125,1.0,-1.0,-1.0,1644361,3.0,33,,0.0,2.0,1.0,A01,138Â 297Â 124,1.0
963434,201900004965,6,8,19:20,1,1,1,7.0,1.0,89467,Route de bonval,M,"48,2697546","3,0629593",89,2019,80.0,1.0,1.0,3.0,2153384,1.0,1,1,1,5.0,,0.0,0,1974.0,B01,138Â 297Â 125,1.0,-1.0,-1.0,1644362,0.0,7,,0.0,2.0,1.0,B01,138Â 297Â 125,1.0
963435,201900004966,6,2,11:45,1,1,2,1.0,3.0,89367,"Intersection D9, D85",M,"47,6274907","3,2853466",89,2019,80.0,1.0,1.0,3.0,2153385,1.0,1,4,1,5.0,,0.0,0,1976.0,B01,138Â 297Â 122,1.0,-1.0,-1.0,1644363,1.0,7,,0.0,2.0,1.0,B01,138Â 297Â 122,0.0
963435,201900004966,6,2,11:45,1,1,2,1.0,3.0,89367,"Intersection D9, D85",M,"47,6274907","3,2853466",89,2019,80.0,1.0,1.0,3.0,2153385,1.0,1,4,1,5.0,,0.0,0,1976.0,B01,138Â 297Â 122,1.0,-1.0,-1.0,1644364,1.0,7,,0.0,2.0,2.0,A01,138Â 297Â 123,0.0
963435,201900004966,6,2,11:45,1,1,2,1.0,3.0,89367,"Intersection D9, D85",M,"47,6274907","3,2853466",89,2019,80.0,1.0,1.0,3.0,2153386,3.0,2,3,2,5.0,,0.0,0,1980.0,A01,138Â 297Â 123,1.0,-1.0,-1.0,1644363,1.0,7,,0.0,2.0,1.0,B01,138Â 297Â 122,0.0
963435,201900004966,6,2,11:45,1,1,2,1.0,3.0,89367,"Intersection D9, D85",M,"47,6274907","3,2853466",89,2019,80.0,1.0,1.0,3.0,2153386,3.0,2,3,2,5.0,,0.0,0,1980.0,A01,138Â 297Â 123,1.0,-1.0,-1.0,1644364,1.0,7,,0.0,2.0,2.0,A01,138Â 297Â 123,0.0
963435,201900004966,6,2,11:45,1,1,2,1.0,3.0,89367,"Intersection D9, D85",M,"47,6274907","3,2853466",89,2019,80.0,1.0,1.0,3.0,2153387,1.0,1,3,1,5.0,,0.0,0,1979.0,A01,138Â 297Â 123,1.0,-1.0,-1.0,1644363,1.0,7,,0.0,2.0,1.0,B01,138Â 297Â 122,0.0
963435,201900004966,6,2,11:45,1,1,2,1.0,3.0,89367,"Intersection D9, D85",M,"47,6274907","3,2853466",89,2019,80.0,1.0,1.0,3.0,2153387,1.0,1,3,1,5.0,,0.0,0,1979.0,A01,138Â 297Â 123,1.0,-1.0,-1.0,1644364,1.0,7,,0.0,2.0,2.0,A01,138Â 297Â 123,0.0
963435,201900004966,6,2,11:45,1,1,2,1.0,3.0,89367,"Intersection D9, D85",M,"47,6274907","3,2853466",89,2019,80.0,1.0,1.0,3.0,2153388,4.0,2,1,1,5.0,,0.0,0,2018.0,A01,138Â 297Â 123,3.0,-1.0,-1.0,1644363,1.0,7,,0.0,2.0,1.0,B01,138Â 297Â 122,0.0
963435,201900004966,6,2,11:45,1,1,2,1.0,3.0,89367,"Intersection D9, D85",M,"47,6274907","3,2853466",89,2019,80.0,1.0,1.0,3.0,2153388,4.0,2,1,1,5.0,,0.0,0,2018.0,A01,138Â 297Â 123,3.0,-1.0,-1.0,1644364,1.0,7,,0.0,2.0,2.0,A01,138Â 297Â 123,0.0
963435,201900004966,6,2,11:45,1,1,2,1.0,3.0,89367,"Intersection D9, D85",M,"47,6274907","3,2853466",89,2019,80.0,1.0,1.0,3.0,2153389,2.0,2,3,1,5.0,,0.0,0,1948.0,A01,138Â 297Â 123,1.0,-1.0,-1.0,1644363,1.0,7,,0.0,2.0,1.0,B01,138Â 297Â 122,0.0
963435,201900004966,6,2,11:45,1,1,2,1.0,3.0,89367,"Intersection D9, D85",M,"47,6274907","3,2853466",89,2019,80.0,1.0,1.0,3.0,2153389,2.0,2,3,1,5.0,,0.0,0,1948.0,A01,138Â 297Â 123,1.0,-1.0,-1.0,1644364,1.0,7,,0.0,2.0,2.0,A01,138Â 297Â 123,0.0
963436,201900004967,6,2,05:45,2,1,1,1.0,6.0,89073,DÃ©partementale 14,M,"47,7676620","3,0227930",89,2019,80.0,3.0,1.0,3.0,2153390,1.0,1,3,2,5.0,,0.0,0,2000.0,A01,138Â 297Â 121,1.0,-1.0,-1.0,1644365,1.0,7,,2.0,0.0,1.0,A01,138Â 297Â 121,1.0
963437,201900004968,6,8,18:20,1,1,9,1.0,3.0,89062,D8,M,"47,9136220","3,8185150",89,2019,80.0,1.0,1.0,3.0,2153391,1.0,1,1,1,0.0,,0.0,0,1969.0,A01,138Â 297Â 119,8.0,-1.0,-1.0,1644366,2.0,21,,0.0,2.0,6.0,A01,138Â 297Â 119,1.0
963437,201900004968,6,8,18:20,1,1,9,1.0,3.0,89062,D8,M,"47,9136220","3,8185150",89,2019,80.0,1.0,1.0,3.0,2153391,1.0,1,1,1,0.0,,0.0,0,1969.0,A01,138Â 297Â 119,8.0,-1.0,-1.0,1644367,1.0,33,,0.0,2.0,1.0,B01,138Â 297Â 120,1.0
963437,201900004968,6,8,18:20,1,1,9,1.0,3.0,89062,D8,M,"47,9136220","3,8185150",89,2019,80.0,1.0,1.0,3.0,2153392,1.0,1,2,1,0.0,,0.0,0,1978.0,B01,138Â 297Â 120,2.0,6.0,-1.0,1644366,2.0,21,,0.0,2.0,6.0,A01,138Â 297Â 119,1.0
963437,201900004968,6,8,18:20,1,1,9,1.0,3.0,89062,D8,M,"47,9136220","3,8185150",89,2019,80.0,1.0,1.0,3.0,2153392,1.0,1,2,1,0.0,,0.0,0,1978.0,B01,138Â 297Â 120,2.0,6.0,-1.0,1644367,1.0,33,,0.0,2.0,1.0,B01,138Â 297Â 120,1.0
963438,201900004969,6,6,23:15,3,1,1,1.0,1.0,89015,"RD606, PK 116",M,"47,6113963","3,7575926",89,2019,80.0,1.0,1.0,3.0,2153393,1.0,1,3,1,5.0,,0.0,0,1947.0,B01,138Â 297Â 117,1.0,-1.0,-1.0,1644368,1.0,7,,0.0,2.0,1.0,B01,138Â 297Â 117,1.0
963438,201900004969,6,6,23:15,3,1,1,1.0,1.0,89015,"RD606, PK 116",M,"47,6113963","3,7575926",89,2019,80.0,1.0,1.0,3.0,2153393,1.0,1,3,1,5.0,,0.0,0,1947.0,B01,138Â 297Â 117,1.0,-1.0,-1.0,1644369,2.0,7,,0.0,2.0,1.0,A01,138Â 297Â 118,1.0
963438,201900004969,6,6,23:15,3,1,1,1.0,1.0,89015,"RD606, PK 116",M,"47,6113963","3,7575926",89,2019,80.0,1.0,1.0,3.0,2153394,1.0,1,3,1,0.0,,0.0,0,1964.0,A01,138Â 297Â 118,8.0,-1.0,-1.0,1644368,1.0,7,,0.0,2.0,1.0,B01,138Â 297Â 117,1.0
963438,201900004969,6,6,23:15,3,1,1,1.0,1.0,89015,"RD606, PK 116",M,"47,6113963","3,7575926",89,2019,80.0,1.0,1.0,3.0,2153394,1.0,1,3,1,0.0,,0.0,0,1964.0,A01,138Â 297Â 118,8.0,-1.0,-1.0,1644369,2.0,7,,0.0,2.0,1.0,A01,138Â 297Â 118,1.0
963439,201900004970,6,8,16:50,1,1,1,7.0,1.0,63418,D223 - LD Gouttes Mercier,M,"45,7789280","3,4776110",63,2019,80.0,1.0,1.0,3.0,2153395,1.0,1,1,2,5.0,,0.0,0,1980.0,B01,138Â 297Â 115,1.0,-1.0,-1.0,1644370,2.0,7,,0.0,2.0,3.0,B01,138Â 297Â 115,1.0
963439,201900004970,6,8,16:50,1,1,1,7.0,1.0,63418,D223 - LD Gouttes Mercier,M,"45,7789280","3,4776110",63,2019,80.0,1.0,1.0,3.0,2153395,1.0,1,1,2,5.0,,0.0,0,1980.0,B01,138Â 297Â 115,1.0,-1.0,-1.0,1644371,1.0,33,,0.0,2.0,1.0,A01,138Â 297Â 116,1.0
963439,201900004970,6,8,16:50,1,1,1,7.0,1.0,63418,D223 - LD Gouttes Mercier,M,"45,7789280","3,4776110",63,2019,80.0,1.0,1.0,3.0,2153396,1.0,1,3,1,0.0,,0.0,0,1975.0,A01,138Â 297Â 116,2.0,6.0,9.0,1644370,2.0,7,,0.0,2.0,3.0,B01,138Â 297Â 115,1.0
963439,201900004970,6,8,16:50,1,1,1,7.0,1.0,63418,D223 - LD Gouttes Mercier,M,"45,7789280","3,4776110",63,2019,80.0,1.0,1.0,3.0,2153396,1.0,1,3,1,0.0,,0.0,0,1975.0,A01,138Â 297Â 116,2.0,6.0,9.0,1644371,1.0,33,,0.0,2.0,1.0,A01,138Â 297Â 116,1.0
963440,201900004971,6,4,09:35,1,1,2,1.0,3.0,63180,D1093 vc  vc rue du bourg,M,"45,8833020","3,3166460",63,2019,80.0,1.0,1.0,3.0,2153397,1.0,1,1,1,5.0,,0.0,0,1939.0,B01,138Â 297Â 113,1.0,-1.0,-1.0,1644372,3.0,7,,0.0,2.0,7.0,B01,138Â 297Â 113,1.0
963440,201900004971,6,4,09:35,1,1,2,1.0,3.0,63180,D1093 vc  vc rue du bourg,M,"45,8833020","3,3166460",63,2019,80.0,1.0,1.0,3.0,2153397,1.0,1,1,1,5.0,,0.0,0,1939.0,B01,138Â 297Â 113,1.0,-1.0,-1.0,1644373,1.0,33,,0.0,2.0,1.0,A01,138Â 297Â 114,1.0
963440,201900004971,6,4,09:35,1,1,2,1.0,3.0,63180,D1093 vc  vc rue du bourg,M,"45,8833020","3,3166460",63,2019,80.0,1.0,1.0,3.0,2153398,1.0,1,3,1,1.0,,0.0,0,1957.0,A01,138Â 297Â 114,2.0,6.0,-1.0,1644372,3.0,7,,0.0,2.0,7.0,B01,138Â 297Â 113,1.0
963440,201900004971,6,4,09:35,1,1,2,1.0,3.0,63180,D1093 vc  vc rue du bourg,M,"45,8833020","3,3166460",63,2019,80.0,1.0,1.0,3.0,2153398,1.0,1,3,1,1.0,,0.0,0,1957.0,A01,138Â 297Â 114,2.0,6.0,-1.0,1644373,1.0,33,,0.0,2.0,1.0,A01,138Â 297Â 114,1.0
963441,201900004972,6,8,16:30,1,1,1,1.0,7.0,63430,D906,M,"45,8954520","3,5184980",63,2019,80.0,3.0,1.0,3.0,2153399,1.0,1,3,1,5.0,,0.0,0,1999.0,A01,138Â 297Â 112,1.0,-1.0,-1.0,1644374,3.0,7,,0.0,0.0,0.0,A01,138Â 297Â 112,1.0
963441,201900004972,6,8,16:30,1,1,1,1.0,7.0,63430,D906,M,"45,8954520","3,5184980",63,2019,80.0,3.0,1.0,3.0,2153400,7.0,2,1,1,5.0,,0.0,0,2002.0,A01,138Â 297Â 112,1.0,-1.0,-1.0,1644374,3.0,7,,0.0,0.0,0.0,A01,138Â 297Â 112,1.0
963441,201900004972,6,8,16:30,1,1,1,1.0,7.0,63430,D906,M,"45,8954520","3,5184980",63,2019,80.0,3.0,1.0,3.0,2153401,9.0,2,1,1,5.0,,0.0,0,2000.0,A01,138Â 297Â 112,1.0,-1.0,-1.0,1644374,3.0,7,,0.0,0.0,0.0,A01,138Â 297Â 112,1.0
963441,201900004972,6,8,16:30,1,1,1,1.0,7.0,63430,D906,M,"45,8954520","3,5184980",63,2019,80.0,3.0,1.0,3.0,2153402,2.0,2,1,1,5.0,,0.0,0,1999.0,A01,138Â 297Â 112,1.0,-1.0,-1.0,1644374,3.0,7,,0.0,0.0,0.0,A01,138Â 297Â 112,1.0
963441,201900004972,6,8,16:30,1,1,1,1.0,7.0,63430,D906,M,"45,8954520","3,5184980",63,2019,80.0,3.0,1.0,3.0,2153403,8.0,2,1,1,5.0,,0.0,0,1999.0,A01,138Â 297Â 112,0.0,-1.0,-1.0,1644374,3.0,7,,0.0,0.0,0.0,A01,138Â 297Â 112,1.0
963442,201900004973,6,5,17:45,1,2,2,1.0,3.0,63430,carrefour route de sainte marguerite / avenue dU gÃ©nÃ©ral de gaulle,M,"45,8443030","3,5198290",63,2019,50.0,1.0,1.0,3.0,2153404,1.0,1,1,1,5.0,,0.0,0,1958.0,A01,138Â 297Â 110,1.0,-1.0,-1.0,1644375,3.0,7,,0.0,2.0,2.0,A01,138Â 297Â 110,1.0