Unnamed: 0_x,num_acc,mois,jour,hrmn,lum,agg,int,atm,col,com,adr,gps,lat,long,dep,annee,vma,situ,surf,catr,Unnamed: 0_y,place,catu,grav,sexe,trajet,secu,locp,actp,an_nais,num_veh_x,id_vehicule_x,secu1,secu2,secu3,Unnamed: 0,senc,catv,occutc,obs,obsm,choc,num_veh_y,id_vehicule_y,motor
963442,201900004973,6,5,17:45,1,2,2,1.0,3.0,63430,carrefour route de sainte marguerite / avenue dU gÃ©nÃ©ral de gaulle,M,"45,8443030","3,5198290",63,2019,50.0,1.0,1.0,3.0,2153404,1.0,1,1,1,5.0,,0.0,0,1958.0,A01,138Â 297Â 110,1.0,-1.0,-1.0,1644376,2.0,31,,0.0,2.0,7.0,B01,138Â 297Â 111,1.0
963442,201900004973,6,5,17:45,1,2,2,1.0,3.0,63430,carrefour route de sainte marguerite / avenue dU gÃ©nÃ©ral de gaulle,M,"45,8443030","3,5198290",63,2019,50.0,1.0,1.0,3.0,2153405,1.0,1,3,2,1.0,,0.0,0,2002.0,B01,138Â 297Â 111,2.0,-1.0,-1.0,1644375,3.0,7,,0.0,2.0,2.0,A01,138Â 297Â 110,1.0
963442,201900004973,6,5,17:45,1,2,2,1.0,3.0,63430,carrefour route de sainte marguerite / avenue dU gÃ©nÃ©ral de gaulle,M,"45,8443030","3,5198290",63,2019,50.0,1.0,1.0,3.0,2153405,1.0,1,3,2,1.0,,0.0,0,2002.0,B01,138Â 297Â 111,2.0,-1.0,-1.0,1644376,2.0,31,,0.0,2.0,7.0,B01,138Â 297Â 111,1.0
963443,201900004974,6,12,16:50,1,1,1,1.0,6.0,63381,D559,M,"45,8087203","2,9397655",63,2019,80.0,1.0,1.0,3.0,2153406,1.0,1,3,1,3.0,,0.0,0,1968.0,A01,138Â 297Â 109,2.0,6.0,-1.0,1644377,1.0,33,,0.0,0.0,7.0,A01,138Â 297Â 109,1.0
963444,201900004975,6,1,22:20,3,1,1,1.0,7.0,63459,"d63, sens dÃ©croissant, PK1+800",M,"46,0155281","3,3193183",63,2019,80.0,8.0,1.0,3.0,2153407,1.0,1,3,1,0.0,,0.0,0,1989.0,A01,138Â 297Â 108,1.0,-1.0,-1.0,1644378,2.0,7,,0.0,0.0,9.0,A01,138Â 297Â 108,1.0
963445,201900004976,6,3,18:00,1,1,3,1.0,3.0,63437,rd922/guzoux,M,"45,4855300","2,5720300",63,2019,80.0,1.0,1.0,3.0,2153408,2.0,2,1,2,5.0,,0.0,0,1942.0,A01,138Â 297Â 106,1.0,-1.0,-1.0,1644379,2.0,7,,0.0,2.0,8.0,A01,138Â 297Â 106,1.0
963445,201900004976,6,3,18:00,1,1,3,1.0,3.0,63437,rd922/guzoux,M,"45,4855300","2,5720300",63,2019,80.0,1.0,1.0,3.0,2153408,2.0,2,1,2,5.0,,0.0,0,1942.0,A01,138Â 297Â 106,1.0,-1.0,-1.0,1644380,2.0,21,,0.0,2.0,1.0,B01,138Â 297Â 107,1.0
963445,201900004976,6,3,18:00,1,1,3,1.0,3.0,63437,rd922/guzoux,M,"45,4855300","2,5720300",63,2019,80.0,1.0,1.0,3.0,2153409,1.0,1,1,1,5.0,,0.0,0,1940.0,A01,138Â 297Â 106,1.0,-1.0,-1.0,1644379,2.0,7,,0.0,2.0,8.0,A01,138Â 297Â 106,1.0
963445,201900004976,6,3,18:00,1,1,3,1.0,3.0,63437,rd922/guzoux,M,"45,4855300","2,5720300",63,2019,80.0,1.0,1.0,3.0,2153409,1.0,1,1,1,5.0,,0.0,0,1940.0,A01,138Â 297Â 106,1.0,-1.0,-1.0,1644380,2.0,21,,0.0,2.0,1.0,B01,138Â 297Â 107,1.0
963445,201900004976,6,3,18:00,1,1,3,1.0,3.0,63437,rd922/guzoux,M,"45,4855300","2,5720300",63,2019,80.0,1.0,1.0,3.0,2153410,1.0,1,3,1,4.0,,0.0,0,1965.0,B01,138Â 297Â 107,0.0,-1.0,-1.0,1644379,2.0,7,,0.0,2.0,8.0,A01,138Â 297Â 106,1.0
963445,201900004976,6,3,18:00,1,1,3,1.0,3.0,63437,rd922/guzoux,M,"45,4855300","2,5720300",63,2019,80.0,1.0,1.0,3.0,2153410,1.0,1,3,1,4.0,,0.0,0,1965.0,B01,138Â 297Â 107,0.0,-1.0,-1.0,1644380,2.0,21,,0.0,2.0,1.0,B01,138Â 297Â 107,1.0
963446,201900004977,6,9,09:45,1,2,1,3.0,7.0,63161,Le Prat de La Forie,M,"45,5926278","3,7670893",63,2019,50.0,8.0,2.0,4.0,2153411,1.0,1,3,1,5.0,,0.0,0,1995.0,A01,138Â 297Â 105,2.0,6.0,9.0,1644381,3.0,33,,13.0,0.0,0.0,A01,138Â 297Â 105,1.0
963447,201900004978,6,2,18:05,1,1,1,1.0,7.0,63374,Les Ballays,M,"45,5275160","3,8055920",63,2019,80.0,1.0,1.0,3.0,2153412,1.0,1,4,1,5.0,,0.0,0,1959.0,A01,138Â 297Â 104,2.0,6.0,-1.0,1644382,1.0,33,,0.0,0.0,0.0,A01,138Â 297Â 104,1.0
963448,201900004979,6,1,09:00,1,1,1,1.0,7.0,63312,ISSAC - RD 105,M,"45,3761610","3,6549160",63,2019,80.0,3.0,1.0,3.0,2153413,1.0,1,2,1,5.0,,0.0,0,1967.0,A01,138Â 297Â 103,2.0,6.0,-1.0,1644383,2.0,33,,13.0,0.0,1.0,A01,138Â 297Â 103,1.0
963449,201900004980,6,15,15:30,1,1,1,3.0,6.0,63214,Rue du Cendre,M,"45,7045206","3,1984727",63,2019,80.0,3.0,2.0,4.0,2153414,2.0,2,3,2,5.0,,0.0,0,2001.0,A01,138Â 297Â 102,8.0,-1.0,-1.0,1644384,3.0,7,,2.0,0.0,2.0,A01,138Â 297Â 102,1.0
963449,201900004980,6,15,15:30,1,1,1,3.0,6.0,63214,Rue du Cendre,M,"45,7045206","3,1984727",63,2019,80.0,3.0,2.0,4.0,2153415,1.0,1,4,1,5.0,,0.0,0,2000.0,A01,138Â 297Â 102,8.0,-1.0,-1.0,1644384,3.0,7,,2.0,0.0,2.0,A01,138Â 297Â 102,1.0
963450,201900004981,6,2,08:45,1,1,1,1.0,7.0,63034,rd 2089,M,"45,7912100","3,2975840",63,2019,80.0,1.0,1.0,3.0,2153416,1.0,1,3,1,4.0,,0.0,0,1953.0,A01,138Â 297Â 101,1.0,-1.0,-1.0,1644385,2.0,21,,13.0,0.0,8.0,A01,138Â 297Â 101,1.0
963451,201900004982,6,5,04:00,3,2,1,1.0,6.0,61214,11 Avenue du Mont Saint-Michel,M,"48,7607330","0,6146870",61,2019,50.0,1.0,1.0,4.0,2153417,10.0,3,2,2,0.0,,1.0,1,1930.0,A01,138Â 297Â 100,0.0,-1.0,-1.0,1644386,3.0,0,,0.0,1.0,0.0,A01,138Â 297Â 100,0.0
963452,201900004983,6,13,07:00,2,1,1,2.0,7.0,61481,d3,M,"48,6325540","0,3929550",61,2019,80.0,3.0,2.0,3.0,2153418,1.0,1,3,1,1.0,,0.0,0,1995.0,A01,138Â 297Â 099,2.0,6.0,-1.0,1644387,1.0,33,,16.0,0.0,1.0,A01,138Â 297Â 099,1.0
963453,201900004984,6,7,20:30,2,2,1,1.0,6.0,55387,19 Rue Philippe Vayringe,M,"49,3581730","5,6398880",55,2019,50.0,4.0,1.0,3.0,2153419,1.0,1,2,1,5.0,,0.0,0,1991.0,A01,138Â 297Â 098,0.0,-1.0,-1.0,1644388,1.0,7,,6.0,0.0,1.0,A01,138Â 297Â 098,1.0
963454,201900004985,6,7,00:45,3,1,1,1.0,7.0,55502,RD 964,M,"49,4768200","5,2037770",55,2019,80.0,3.0,1.0,3.0,2153420,1.0,1,3,1,0.0,,0.0,0,1998.0,A01,138Â 297Â 097,1.0,-1.0,-1.0,1644389,1.0,7,,16.0,0.0,1.0,A01,138Â 297Â 097,1.0
963454,201900004985,6,7,00:45,3,1,1,1.0,7.0,55502,RD 964,M,"49,4768200","5,2037770",55,2019,80.0,3.0,1.0,3.0,2153421,2.0,2,2,1,0.0,,0.0,0,1997.0,A01,138Â 297Â 097,1.0,-1.0,-1.0,1644389,1.0,7,,16.0,0.0,1.0,A01,138Â 297Â 097,1.0
963454,201900004985,6,7,00:45,3,1,1,1.0,7.0,55502,RD 964,M,"49,4768200","5,2037770",55,2019,80.0,3.0,1.0,3.0,2153422,7.0,2,3,1,0.0,,0.0,0,1988.0,A01,138Â 297Â 097,1.0,-1.0,-1.0,1644389,1.0,7,,16.0,0.0,1.0,A01,138Â 297Â 097,1.0
963455,201900004986,5,13,09:55,2,1,1,1.0,3.0,55562,D05 La forestiÃ¨re,M,"48,6199950","5,2881710",55,2019,80.0,1.0,1.0,3.0,2153423,1.0,1,1,1,4.0,,0.0,0,1970.0,B01,138Â 297Â 094,1.0,-1.0,-1.0,1644390,3.0,37,1.0,0.0,2.0,6.0,B01,138Â 297Â 094,0.0
963455,201900004986,5,13,09:55,2,1,1,1.0,3.0,55562,D05 La forestiÃ¨re,M,"48,6199950","5,2881710",55,2019,80.0,1.0,1.0,3.0,2153423,1.0,1,1,1,4.0,,0.0,0,1970.0,B01,138Â 297Â 094,1.0,-1.0,-1.0,1644391,3.0,7,,0.0,2.0,3.0,A01,138Â 297Â 095,0.0
963455,201900004986,5,13,09:55,2,1,1,1.0,3.0,55562,D05 La forestiÃ¨re,M,"48,6199950","5,2881710",55,2019,80.0,1.0,1.0,3.0,2153424,1.0,1,4,1,9.0,,0.0,0,1951.0,A01,138Â 297Â 095,1.0,-1.0,-1.0,1644390,3.0,37,1.0,0.0,2.0,6.0,B01,138Â 297Â 094,0.0
963455,201900004986,5,13,09:55,2,1,1,1.0,3.0,55562,D05 La forestiÃ¨re,M,"48,6199950","5,2881710",55,2019,80.0,1.0,1.0,3.0,2153424,1.0,1,4,1,9.0,,0.0,0,1951.0,A01,138Â 297Â 095,1.0,-1.0,-1.0,1644391,3.0,7,,0.0,2.0,3.0,A01,138Â 297Â 095,0.0
963456,201900004987,6,11,07:15,1,1,3,1.0,3.0,49018,La Gouleuvre,M,"47,5426490"," -0,1048990",49,2019,80.0,1.0,1.0,4.0,2153425,1.0,1,1,1,1.0,,0.0,0,1986.0,B01,138Â 297Â 092,1.0,-1.0,-1.0,1644392,3.0,7,,0.0,2.0,3.0,B01,138Â 297Â 092,1.0
963456,201900004987,6,11,07:15,1,1,3,1.0,3.0,49018,La Gouleuvre,M,"47,5426490"," -0,1048990",49,2019,80.0,1.0,1.0,4.0,2153425,1.0,1,1,1,1.0,,0.0,0,1986.0,B01,138Â 297Â 092,1.0,-1.0,-1.0,1644393,3.0,7,,0.0,2.0,3.0,A01,138Â 297Â 093,1.0
963456,201900004987,6,11,07:15,1,1,3,1.0,3.0,49018,La Gouleuvre,M,"47,5426490"," -0,1048990",49,2019,80.0,1.0,1.0,4.0,2153426,1.0,1,3,1,4.0,,0.0,0,1957.0,A01,138Â 297Â 093,8.0,-1.0,-1.0,1644392,3.0,7,,0.0,2.0,3.0,B01,138Â 297Â 092,1.0
963456,201900004987,6,11,07:15,1,1,3,1.0,3.0,49018,La Gouleuvre,M,"47,5426490"," -0,1048990",49,2019,80.0,1.0,1.0,4.0,2153426,1.0,1,3,1,4.0,,0.0,0,1957.0,A01,138Â 297Â 093,8.0,-1.0,-1.0,1644393,3.0,7,,0.0,2.0,3.0,A01,138Â 297Â 093,1.0
963457,201900004988,6,11,17:15,1,2,1,2.0,1.0,49150,PLACE DE L EGLISE,M,"47,5922190","0,0492030",49,2019,50.0,1.0,2.0,3.0,2153427,2.0,2,3,2,1.0,,0.0,0,1985.0,B01,138Â 297Â 090,1.0,-1.0,-1.0,1644394,1.0,7,,0.0,2.0,1.0,B01,138Â 297Â 090,1.0
963457,201900004988,6,11,17:15,1,2,1,2.0,1.0,49150,PLACE DE L EGLISE,M,"47,5922190","0,0492030",49,2019,50.0,1.0,2.0,3.0,2153427,2.0,2,3,2,1.0,,0.0,0,1985.0,B01,138Â 297Â 090,1.0,-1.0,-1.0,1644395,2.0,7,,0.0,2.0,1.0,A01,138Â 297Â 091,1.0
963457,201900004988,6,11,17:15,1,2,1,2.0,1.0,49150,PLACE DE L EGLISE,M,"47,5922190","0,0492030",49,2019,50.0,1.0,2.0,3.0,2153428,1.0,1,4,1,1.0,,0.0,0,1986.0,B01,138Â 297Â 090,1.0,-1.0,-1.0,1644394,1.0,7,,0.0,2.0,1.0,B01,138Â 297Â 090,1.0
963457,201900004988,6,11,17:15,1,2,1,2.0,1.0,49150,PLACE DE L EGLISE,M,"47,5922190","0,0492030",49,2019,50.0,1.0,2.0,3.0,2153428,1.0,1,4,1,1.0,,0.0,0,1986.0,B01,138Â 297Â 090,1.0,-1.0,-1.0,1644395,2.0,7,,0.0,2.0,1.0,A01,138Â 297Â 091,1.0
963457,201900004988,6,11,17:15,1,2,1,2.0,1.0,49150,PLACE DE L EGLISE,M,"47,5922190","0,0492030",49,2019,50.0,1.0,2.0,3.0,2153429,2.0,2,3,2,1.0,,0.0,0,1968.0,A01,138Â 297Â 091,1.0,-1.0,-1.0,1644394,1.0,7,,0.0,2.0,1.0,B01,138Â 297Â 090,1.0
963457,201900004988,6,11,17:15,1,2,1,2.0,1.0,49150,PLACE DE L EGLISE,M,"47,5922190","0,0492030",49,2019,50.0,1.0,2.0,3.0,2153429,2.0,2,3,2,1.0,,0.0,0,1968.0,A01,138Â 297Â 091,1.0,-1.0,-1.0,1644395,2.0,7,,0.0,2.0,1.0,A01,138Â 297Â 091,1.0
963457,201900004988,6,11,17:15,1,2,1,2.0,1.0,49150,PLACE DE L EGLISE,M,"47,5922190","0,0492030",49,2019,50.0,1.0,2.0,3.0,2153430,1.0,1,1,1,1.0,,0.0,0,1988.0,A01,138Â 297Â 091,1.0,-1.0,-1.0,1644394,1.0,7,,0.0,2.0,1.0,B01,138Â 297Â 090,1.0
963457,201900004988,6,11,17:15,1,2,1,2.0,1.0,49150,PLACE DE L EGLISE,M,"47,5922190","0,0492030",49,2019,50.0,1.0,2.0,3.0,2153430,1.0,1,1,1,1.0,,0.0,0,1988.0,A01,138Â 297Â 091,1.0,-1.0,-1.0,1644395,2.0,7,,0.0,2.0,1.0,A01,138Â 297Â 091,1.0
963458,201900004989,6,9,16:05,1,1,1,1.0,4.0,49247,Route de SavenniÃ¨res,M,"47,3886790"," -0,7073320",49,2019,80.0,1.0,1.0,3.0,2153431,1.0,1,1,2,5.0,,0.0,0,1974.0,C01,138Â 297Â 087,1.0,-1.0,-1.0,1644396,1.0,7,,0.0,2.0,1.0,C01,138Â 297Â 087,0.0
963458,201900004989,6,9,16:05,1,1,1,1.0,4.0,49247,Route de SavenniÃ¨res,M,"47,3886790"," -0,7073320",49,2019,80.0,1.0,1.0,3.0,2153431,1.0,1,1,2,5.0,,0.0,0,1974.0,C01,138Â 297Â 087,1.0,-1.0,-1.0,1644397,1.0,7,,0.0,2.0,1.0,B01,138Â 297Â 088,0.0
963458,201900004989,6,9,16:05,1,1,1,1.0,4.0,49247,Route de SavenniÃ¨res,M,"47,3886790"," -0,7073320",49,2019,80.0,1.0,1.0,3.0,2153431,1.0,1,1,2,5.0,,0.0,0,1974.0,C01,138Â 297Â 087,1.0,-1.0,-1.0,1644398,2.0,7,,0.0,2.0,1.0,A01,138Â 297Â 089,3.0
963458,201900004989,6,9,16:05,1,1,1,1.0,4.0,49247,Route de SavenniÃ¨res,M,"47,3886790"," -0,7073320",49,2019,80.0,1.0,1.0,3.0,2153432,7.0,2,4,1,5.0,,0.0,0,2009.0,B01,138Â 297Â 088,1.0,-1.0,-1.0,1644396,1.0,7,,0.0,2.0,1.0,C01,138Â 297Â 087,0.0
963458,201900004989,6,9,16:05,1,1,1,1.0,4.0,49247,Route de SavenniÃ¨res,M,"47,3886790"," -0,7073320",49,2019,80.0,1.0,1.0,3.0,2153432,7.0,2,4,1,5.0,,0.0,0,2009.0,B01,138Â 297Â 088,1.0,-1.0,-1.0,1644397,1.0,7,,0.0,2.0,1.0,B01,138Â 297Â 088,0.0
963458,201900004989,6,9,16:05,1,1,1,1.0,4.0,49247,Route de SavenniÃ¨res,M,"47,3886790"," -0,7073320",49,2019,80.0,1.0,1.0,3.0,2153432,7.0,2,4,1,5.0,,0.0,0,2009.0,B01,138Â 297Â 088,1.0,-1.0,-1.0,1644398,2.0,7,,0.0,2.0,1.0,A01,138Â 297Â 089,3.0
963458,201900004989,6,9,16:05,1,1,1,1.0,4.0,49247,Route de SavenniÃ¨res,M,"47,3886790"," -0,7073320",49,2019,80.0,1.0,1.0,3.0,2153433,9.0,2,4,1,5.0,,0.0,0,2018.0,B01,138Â 297Â 088,3.0,-1.0,-1.0,1644396,1.0,7,,0.0,2.0,1.0,C01,138Â 297Â 087,0.0
963458,201900004989,6,9,16:05,1,1,1,1.0,4.0,49247,Route de SavenniÃ¨res,M,"47,3886790"," -0,7073320",49,2019,80.0,1.0,1.0,3.0,2153433,9.0,2,4,1,5.0,,0.0,0,2018.0,B01,138Â 297Â 088,3.0,-1.0,-1.0,1644397,1.0,7,,0.0,2.0,1.0,B01,138Â 297Â 088,0.0
963458,201900004989,6,9,16:05,1,1,1,1.0,4.0,49247,Route de SavenniÃ¨res,M,"47,3886790"," -0,7073320",49,2019,80.0,1.0,1.0,3.0,2153433,9.0,2,4,1,5.0,,0.0,0,2018.0,B01,138Â 297Â 088,3.0,-1.0,-1.0,1644398,2.0,7,,0.0,2.0,1.0,A01,138Â 297Â 089,3.0
963458,201900004989,6,9,16:05,1,1,1,1.0,4.0,49247,Route de SavenniÃ¨res,M,"47,3886790"," -0,7073320",49,2019,80.0,1.0,1.0,3.0,2153434,8.0,2,4,2,5.0,,0.0,0,2007.0,B01,138Â 297Â 088,1.0,-1.0,-1.0,1644396,1.0,7,,0.0,2.0,1.0,C01,138Â 297Â 087,0.0
963458,201900004989,6,9,16:05,1,1,1,1.0,4.0,49247,Route de SavenniÃ¨res,M,"47,3886790"," -0,7073320",49,2019,80.0,1.0,1.0,3.0,2153434,8.0,2,4,2,5.0,,0.0,0,2007.0,B01,138Â 297Â 088,1.0,-1.0,-1.0,1644397,1.0,7,,0.0,2.0,1.0,B01,138Â 297Â 088,0.0
963458,201900004989,6,9,16:05,1,1,1,1.0,4.0,49247,Route de SavenniÃ¨res,M,"47,3886790"," -0,7073320",49,2019,80.0,1.0,1.0,3.0,2153434,8.0,2,4,2,5.0,,0.0,0,2007.0,B01,138Â 297Â 088,1.0,-1.0,-1.0,1644398,2.0,7,,0.0,2.0,1.0,A01,138Â 297Â 089,3.0
963458,201900004989,6,9,16:05,1,1,1,1.0,4.0,49247,Route de SavenniÃ¨res,M,"47,3886790"," -0,7073320",49,2019,80.0,1.0,1.0,3.0,2153435,2.0,2,4,1,5.0,,0.0,0,1979.0,B01,138Â 297Â 088,1.0,-1.0,-1.0,1644396,1.0,7,,0.0,2.0,1.0,C01,138Â 297Â 087,0.0
963458,201900004989,6,9,16:05,1,1,1,1.0,4.0,49247,Route de SavenniÃ¨res,M,"47,3886790"," -0,7073320",49,2019,80.0,1.0,1.0,3.0,2153435,2.0,2,4,1,5.0,,0.0,0,1979.0,B01,138Â 297Â 088,1.0,-1.0,-1.0,1644397,1.0,7,,0.0,2.0,1.0,B01,138Â 297Â 088,0.0
963458,201900004989,6,9,16:05,1,1,1,1.0,4.0,49247,Route de SavenniÃ¨res,M,"47,3886790"," -0,7073320",49,2019,80.0,1.0,1.0,3.0,2153435,2.0,2,4,1,5.0,,0.0,0,1979.0,B01,138Â 297Â 088,1.0,-1.0,-1.0,1644398,2.0,7,,0.0,2.0,1.0,A01,138Â 297Â 089,3.0
963458,201900004989,6,9,16:05,1,1,1,1.0,4.0,49247,Route de SavenniÃ¨res,M,"47,3886790"," -0,7073320",49,2019,80.0,1.0,1.0,3.0,2153436,1.0,1,3,2,5.0,,0.0,0,1977.0,B01,138Â 297Â 088,1.0,-1.0,-1.0,1644396,1.0,7,,0.0,2.0,1.0,C01,138Â 297Â 087,0.0
963458,201900004989,6,9,16:05,1,1,1,1.0,4.0,49247,Route de SavenniÃ¨res,M,"47,3886790"," -0,7073320",49,2019,80.0,1.0,1.0,3.0,2153436,1.0,1,3,2,5.0,,0.0,0,1977.0,B01,138Â 297Â 088,1.0,-1.0,-1.0,1644397,1.0,7,,0.0,2.0,1.0,B01,138Â 297Â 088,0.0
963458,201900004989,6,9,16:05,1,1,1,1.0,4.0,49247,Route de SavenniÃ¨res,M,"47,3886790"," -0,7073320",49,2019,80.0,1.0,1.0,3.0,2153436,1.0,1,3,2,5.0,,0.0,0,1977.0,B01,138Â 297Â 088,1.0,-1.0,-1.0,1644398,2.0,7,,0.0,2.0,1.0,A01,138Â 297Â 089,3.0
963458,201900004989,6,9,16:05,1,1,1,1.0,4.0,49247,Route de SavenniÃ¨res,M,"47,3886790"," -0,7073320",49,2019,80.0,1.0,1.0,3.0,2153437,1.0,1,4,1,5.0,,0.0,0,1962.0,A01,138Â 297Â 089,1.0,-1.0,-1.0,1644396,1.0,7,,0.0,2.0,1.0,C01,138Â 297Â 087,0.0
963458,201900004989,6,9,16:05,1,1,1,1.0,4.0,49247,Route de SavenniÃ¨res,M,"47,3886790"," -0,7073320",49,2019,80.0,1.0,1.0,3.0,2153437,1.0,1,4,1,5.0,,0.0,0,1962.0,A01,138Â 297Â 089,1.0,-1.0,-1.0,1644397,1.0,7,,0.0,2.0,1.0,B01,138Â 297Â 088,0.0
963458,201900004989,6,9,16:05,1,1,1,1.0,4.0,49247,Route de SavenniÃ¨res,M,"47,3886790"," -0,7073320",49,2019,80.0,1.0,1.0,3.0,2153437,1.0,1,4,1,5.0,,0.0,0,1962.0,A01,138Â 297Â 089,1.0,-1.0,-1.0,1644398,2.0,7,,0.0,2.0,1.0,A01,138Â 297Â 089,3.0
963459,201900004990,6,1,20:15,1,1,6,1.0,7.0,49026,D961,M,"47,5033637"," -0,8012531",49,2019,80.0,8.0,1.0,3.0,2153438,1.0,1,4,1,5.0,,0.0,0,1982.0,A01,138Â 297Â 086,1.0,-1.0,-1.0,1644399,0.0,7,,7.0,0.0,1.0,A01,138Â 297Â 086,1.0
963460,201900004991,6,4,17:30,1,1,1,1.0,2.0,49377,La DionniÃ¨re,M,"47,5492510"," -0,4901370",49,2019,80.0,1.0,1.0,3.0,2153439,1.0,1,1,2,1.0,,0.0,0,1982.0,B01,138Â 297Â 084,1.0,-1.0,-1.0,1644400,1.0,7,,0.0,0.0,5.0,B01,138Â 297Â 084,1.0
963460,201900004991,6,4,17:30,1,1,1,1.0,2.0,49377,La DionniÃ¨re,M,"47,5492510"," -0,4901370",49,2019,80.0,1.0,1.0,3.0,2153439,1.0,1,1,2,1.0,,0.0,0,1982.0,B01,138Â 297Â 084,1.0,-1.0,-1.0,1644401,1.0,1,,1.0,0.0,1.0,A01,138Â 297Â 085,1.0
963460,201900004991,6,4,17:30,1,1,1,1.0,2.0,49377,La DionniÃ¨re,M,"47,5492510"," -0,4901370",49,2019,80.0,1.0,1.0,3.0,2153440,1.0,1,3,1,1.0,,0.0,0,1988.0,A01,138Â 297Â 085,0.0,-1.0,-1.0,1644400,1.0,7,,0.0,0.0,5.0,B01,138Â 297Â 084,1.0
963460,201900004991,6,4,17:30,1,1,1,1.0,2.0,49377,La DionniÃ¨re,M,"47,5492510"," -0,4901370",49,2019,80.0,1.0,1.0,3.0,2153440,1.0,1,3,1,1.0,,0.0,0,1988.0,A01,138Â 297Â 085,0.0,-1.0,-1.0,1644401,1.0,1,,1.0,0.0,1.0,A01,138Â 297Â 085,1.0
963461,201900004992,6,10,12:00,1,2,6,1.0,7.0,49050,Rue des Grands Champs (Saint-Saturnin-sur-Loire),M,"47,3931650"," -0,4293390",49,2019,50.0,1.0,1.0,9.0,2153441,1.0,1,3,1,5.0,,0.0,0,1967.0,A01,138Â 297Â 083,2.0,6.0,-1.0,1644402,0.0,33,,0.0,0.0,7.0,A01,138Â 297Â 083,1.0
963462,201900004993,5,29,16:40,1,2,9,1.0,6.0,49223,rue des valentin deormeaux s,M,"47,3974080"," -0,5292990",49,2019,30.0,1.0,1.0,6.0,2153442,1.0,1,1,1,0.0,,0.0,0,1984.0,A01,138Â 297Â 082,1.0,-1.0,-1.0,1644403,0.0,7,,0.0,1.0,1.0,A01,138Â 297Â 082,1.0
963462,201900004993,5,29,16:40,1,2,9,1.0,6.0,49223,rue des valentin deormeaux s,M,"47,3974080"," -0,5292990",49,2019,30.0,1.0,1.0,6.0,2153443,10.0,3,3,2,3.0,,3.0,3,1943.0,A01,138Â 297Â 082,0.0,-1.0,-1.0,1644403,0.0,7,,0.0,1.0,1.0,A01,138Â 297Â 082,1.0
963463,201900004994,6,5,16:22,1,1,2,3.0,3.0,12089,Route d'Agnac,M,"44,5752430","2,2635540",12,2019,80.0,1.0,2.0,3.0,2153444,1.0,1,1,1,0.0,,0.0,0,1944.0,A01,138Â 297Â 080,8.0,-1.0,-1.0,1644404,1.0,7,,0.0,0.0,7.0,A01,138Â 297Â 080,0.0
963463,201900004994,6,5,16:22,1,1,2,3.0,3.0,12089,Route d'Agnac,M,"44,5752430","2,2635540",12,2019,80.0,1.0,2.0,3.0,2153444,1.0,1,1,1,0.0,,0.0,0,1944.0,A01,138Â 297Â 080,8.0,-1.0,-1.0,1644405,2.0,2,,0.0,0.0,0.0,B01,138Â 297Â 081,0.0
963463,201900004994,6,5,16:22,1,1,2,3.0,3.0,12089,Route d'Agnac,M,"44,5752430","2,2635540",12,2019,80.0,1.0,2.0,3.0,2153445,1.0,1,3,1,0.0,,0.0,0,2003.0,B01,138Â 297Â 081,8.0,-1.0,-1.0,1644404,1.0,7,,0.0,0.0,7.0,A01,138Â 297Â 080,0.0
963463,201900004994,6,5,16:22,1,1,2,3.0,3.0,12089,Route d'Agnac,M,"44,5752430","2,2635540",12,2019,80.0,1.0,2.0,3.0,2153445,1.0,1,3,1,0.0,,0.0,0,2003.0,B01,138Â 297Â 081,8.0,-1.0,-1.0,1644405,2.0,2,,0.0,0.0,0.0,B01,138Â 297Â 081,0.0
963464,201900004995,6,5,11:25,1,1,1,1.0,7.0,12243,D 3,M,"43,9955120","2,9478620",12,2019,80.0,1.0,1.0,3.0,2153446,1.0,1,4,1,5.0,,0.0,0,1961.0,A01,138Â 297Â 079,2.0,6.0,9.0,1644406,1.0,33,,16.0,0.0,1.0,A01,138Â 297Â 079,1.0
963464,201900004995,6,5,11:25,1,1,1,1.0,7.0,12243,D 3,M,"43,9955120","2,9478620",12,2019,80.0,1.0,1.0,3.0,2153447,2.0,2,4,2,5.0,,0.0,0,1960.0,A01,138Â 297Â 079,2.0,6.0,9.0,1644406,1.0,33,,16.0,0.0,1.0,A01,138Â 297Â 079,1.0
963465,201900004996,6,17,15:30,1,1,1,1.0,1.0,12120,pk 19 RN 88,M,"44,3639430","2,8774170",12,2019,80.0,1.0,1.0,2.0,2153448,1.0,1,3,1,5.0,,0.0,0,1988.0,A01,138Â 297Â 077,1.0,-1.0,-1.0,1644407,2.0,7,,0.0,2.0,1.0,A01,138Â 297Â 077,1.0
963465,201900004996,6,17,15:30,1,1,1,1.0,1.0,12120,pk 19 RN 88,M,"44,3639430","2,8774170",12,2019,80.0,1.0,1.0,2.0,2153448,1.0,1,3,1,5.0,,0.0,0,1988.0,A01,138Â 297Â 077,1.0,-1.0,-1.0,1644408,1.0,7,,0.0,2.0,1.0,B01,138Â 297Â 078,1.0
963465,201900004996,6,17,15:30,1,1,1,1.0,1.0,12120,pk 19 RN 88,M,"44,3639430","2,8774170",12,2019,80.0,1.0,1.0,2.0,2153449,1.0,1,3,1,5.0,,0.0,0,1989.0,B01,138Â 297Â 078,1.0,-1.0,-1.0,1644407,2.0,7,,0.0,2.0,1.0,A01,138Â 297Â 077,1.0