Unnamed: 0_x,num_acc,mois,jour,hrmn,lum,agg,int,atm,col,com,adr,gps,lat,long,dep,annee,vma,situ,surf,catr,Unnamed: 0_y,place,catu,grav,sexe,trajet,secu,locp,actp,an_nais,num_veh_x,id_vehicule_x,secu1,secu2,secu3,Unnamed: 0,senc,catv,occutc,obs,obsm,choc,num_veh_y,id_vehicule_y,motor
963465,201900004996,6,17,15:30,1,1,1,1.0,1.0,12120,pk 19 RN 88,M,"44,3639430","2,8774170",12,2019,80.0,1.0,1.0,2.0,2153449,1.0,1,3,1,5.0,,0.0,0,1989.0,B01,138Â 297Â 078,1.0,-1.0,-1.0,1644408,1.0,7,,0.0,2.0,1.0,B01,138Â 297Â 078,1.0
963465,201900004996,6,17,15:30,1,1,1,1.0,1.0,12120,pk 19 RN 88,M,"44,3639430","2,8774170",12,2019,80.0,1.0,1.0,2.0,2153450,7.0,2,1,1,5.0,,0.0,0,2016.0,B01,138Â 297Â 078,3.0,-1.0,-1.0,1644407,2.0,7,,0.0,2.0,1.0,A01,138Â 297Â 077,1.0
963465,201900004996,6,17,15:30,1,1,1,1.0,1.0,12120,pk 19 RN 88,M,"44,3639430","2,8774170",12,2019,80.0,1.0,1.0,2.0,2153450,7.0,2,1,1,5.0,,0.0,0,2016.0,B01,138Â 297Â 078,3.0,-1.0,-1.0,1644408,1.0,7,,0.0,2.0,1.0,B01,138Â 297Â 078,1.0
963465,201900004996,6,17,15:30,1,1,1,1.0,1.0,12120,pk 19 RN 88,M,"44,3639430","2,8774170",12,2019,80.0,1.0,1.0,2.0,2153451,2.0,2,3,2,5.0,,0.0,0,1989.0,B01,138Â 297Â 078,1.0,-1.0,-1.0,1644407,2.0,7,,0.0,2.0,1.0,A01,138Â 297Â 077,1.0
963465,201900004996,6,17,15:30,1,1,1,1.0,1.0,12120,pk 19 RN 88,M,"44,3639430","2,8774170",12,2019,80.0,1.0,1.0,2.0,2153451,2.0,2,3,2,5.0,,0.0,0,1989.0,B01,138Â 297Â 078,1.0,-1.0,-1.0,1644408,1.0,7,,0.0,2.0,1.0,B01,138Â 297Â 078,1.0
963466,201900004997,6,1,14:24,1,1,1,1.0,7.0,12094,CD920,M,"44,6554330","2,5548430",12,2019,90.0,3.0,1.0,3.0,2153452,1.0,1,4,1,5.0,,0.0,0,1997.0,A01,138Â 297Â 076,2.0,6.0,-1.0,1644409,1.0,33,,13.0,0.0,1.0,A01,138Â 297Â 076,1.0
963467,201900004998,6,7,13:35,1,1,1,1.0,6.0,42230,RUE DE VICHY,M,"45,8352880","4,0079380",42,2019,50.0,8.0,1.0,3.0,2153453,1.0,1,3,1,0.0,,0.0,0,1980.0,A01,138Â 297Â 075,1.0,-1.0,-1.0,1644410,2.0,7,,6.0,0.0,8.0,A01,138Â 297Â 075,1.0
963468,201900004999,6,4,14:35,1,2,1,1.0,6.0,42323,Avenue IrÃ©nÃ©e Laurent,M,"45,5675380","4,2946910",42,2019,50.0,1.0,1.0,3.0,2153454,10.0,3,4,2,5.0,,3.0,3,1965.0,A01,138Â 297Â 074,0.0,-1.0,-1.0,1644411,2.0,7,,0.0,1.0,1.0,A01,138Â 297Â 074,1.0
963468,201900004999,6,4,14:35,1,2,1,1.0,6.0,42323,Avenue IrÃ©nÃ©e Laurent,M,"45,5675380","4,2946910",42,2019,50.0,1.0,1.0,3.0,2153455,1.0,1,1,2,5.0,,0.0,0,1939.0,A01,138Â 297Â 074,1.0,-1.0,-1.0,1644411,2.0,7,,0.0,1.0,1.0,A01,138Â 297Â 074,1.0
963469,201900005000,6,14,17:40,1,1,1,1.0,6.0,42091,DÃ©partementale D14,M,"45,4175810","4,0488580",42,2019,80.0,3.0,1.0,3.0,2153456,1.0,1,3,1,5.0,,0.0,0,1930.0,A01,138Â 297Â 073,1.0,-1.0,-1.0,1644412,1.0,7,,2.0,0.0,1.0,A01,138Â 297Â 073,1.0
963469,201900005000,6,14,17:40,1,1,1,1.0,6.0,42091,DÃ©partementale D14,M,"45,4175810","4,0488580",42,2019,80.0,3.0,1.0,3.0,2153457,2.0,2,1,2,5.0,,0.0,0,1938.0,A01,138Â 297Â 073,1.0,-1.0,-1.0,1644412,1.0,7,,2.0,0.0,1.0,A01,138Â 297Â 073,1.0
963470,201900005001,6,8,12:30,1,1,3,1.0,3.0,42097,AllÃ©e des Perrotins,M,"45,5112790","4,3019740",42,2019,80.0,1.0,1.0,3.0,2153458,1.0,1,1,1,5.0,,0.0,0,1947.0,A01,138Â 297Â 069,1.0,-1.0,-1.0,1644413,1.0,7,,0.0,2.0,7.0,A01,138Â 297Â 069,1.0
963470,201900005001,6,8,12:30,1,1,3,1.0,3.0,42097,AllÃ©e des Perrotins,M,"45,5112790","4,3019740",42,2019,80.0,1.0,1.0,3.0,2153458,1.0,1,1,1,5.0,,0.0,0,1947.0,A01,138Â 297Â 069,1.0,-1.0,-1.0,1644414,2.0,33,,0.0,2.0,1.0,B01,138Â 297Â 070,1.0
963470,201900005001,6,8,12:30,1,1,3,1.0,3.0,42097,AllÃ©e des Perrotins,M,"45,5112790","4,3019740",42,2019,80.0,1.0,1.0,3.0,2153459,2.0,2,3,2,5.0,,0.0,0,1982.0,B01,138Â 297Â 070,2.0,-1.0,-1.0,1644413,1.0,7,,0.0,2.0,7.0,A01,138Â 297Â 069,1.0
963470,201900005001,6,8,12:30,1,1,3,1.0,3.0,42097,AllÃ©e des Perrotins,M,"45,5112790","4,3019740",42,2019,80.0,1.0,1.0,3.0,2153459,2.0,2,3,2,5.0,,0.0,0,1982.0,B01,138Â 297Â 070,2.0,-1.0,-1.0,1644414,2.0,33,,0.0,2.0,1.0,B01,138Â 297Â 070,1.0
963470,201900005001,6,8,12:30,1,1,3,1.0,3.0,42097,AllÃ©e des Perrotins,M,"45,5112790","4,3019740",42,2019,80.0,1.0,1.0,3.0,2153460,1.0,1,2,1,5.0,,0.0,0,1979.0,B01,138Â 297Â 070,2.0,-1.0,-1.0,1644413,1.0,7,,0.0,2.0,7.0,A01,138Â 297Â 069,1.0
963470,201900005001,6,8,12:30,1,1,3,1.0,3.0,42097,AllÃ©e des Perrotins,M,"45,5112790","4,3019740",42,2019,80.0,1.0,1.0,3.0,2153460,1.0,1,2,1,5.0,,0.0,0,1979.0,B01,138Â 297Â 070,2.0,-1.0,-1.0,1644414,2.0,33,,0.0,2.0,1.0,B01,138Â 297Â 070,1.0
963471,201900005002,6,18,17:45,1,2,1,1.0,6.0,42023,6 Rue de la RÃ©publique,M,"45,2968170","4,5594270",42,2019,50.0,1.0,1.0,3.0,2153461,1.0,1,1,2,0.0,,0.0,0,2001.0,A01,138Â 297Â 068,1.0,-1.0,-1.0,1644415,2.0,7,,0.0,1.0,2.0,A01,138Â 297Â 068,1.0
963471,201900005002,6,18,17:45,1,2,1,1.0,6.0,42023,6 Rue de la RÃ©publique,M,"45,2968170","4,5594270",42,2019,50.0,1.0,1.0,3.0,2153462,10.0,3,3,1,5.0,,2.0,3,2008.0,A01,138Â 297Â 068,0.0,-1.0,-1.0,1644415,2.0,7,,0.0,1.0,2.0,A01,138Â 297Â 068,1.0
963472,201900005003,6,7,19:00,1,1,1,8.0,3.0,42329,D1082,M,"45,3197310","4,5224170",42,2019,80.0,1.0,2.0,3.0,2153463,1.0,1,1,2,5.0,,0.0,0,2000.0,A01,138Â 297Â 066,1.0,-1.0,-1.0,1644416,1.0,7,,0.0,2.0,7.0,A01,138Â 297Â 066,1.0
963472,201900005003,6,7,19:00,1,1,1,8.0,3.0,42329,D1082,M,"45,3197310","4,5224170",42,2019,80.0,1.0,2.0,3.0,2153463,1.0,1,1,2,5.0,,0.0,0,2000.0,A01,138Â 297Â 066,1.0,-1.0,-1.0,1644417,2.0,10,,0.0,2.0,1.0,B01,138Â 297Â 067,1.0
963472,201900005003,6,7,19:00,1,1,1,8.0,3.0,42329,D1082,M,"45,3197310","4,5224170",42,2019,80.0,1.0,2.0,3.0,2153464,2.0,2,4,2,5.0,,0.0,0,2000.0,A01,138Â 297Â 066,1.0,-1.0,-1.0,1644416,1.0,7,,0.0,2.0,7.0,A01,138Â 297Â 066,1.0
963472,201900005003,6,7,19:00,1,1,1,8.0,3.0,42329,D1082,M,"45,3197310","4,5224170",42,2019,80.0,1.0,2.0,3.0,2153464,2.0,2,4,2,5.0,,0.0,0,2000.0,A01,138Â 297Â 066,1.0,-1.0,-1.0,1644417,2.0,10,,0.0,2.0,1.0,B01,138Â 297Â 067,1.0
963472,201900005003,6,7,19:00,1,1,1,8.0,3.0,42329,D1082,M,"45,3197310","4,5224170",42,2019,80.0,1.0,2.0,3.0,2153465,1.0,1,1,1,4.0,,0.0,0,1998.0,B01,138Â 297Â 067,1.0,-1.0,-1.0,1644416,1.0,7,,0.0,2.0,7.0,A01,138Â 297Â 066,1.0
963472,201900005003,6,7,19:00,1,1,1,8.0,3.0,42329,D1082,M,"45,3197310","4,5224170",42,2019,80.0,1.0,2.0,3.0,2153465,1.0,1,1,1,4.0,,0.0,0,1998.0,B01,138Â 297Â 067,1.0,-1.0,-1.0,1644417,2.0,10,,0.0,2.0,1.0,B01,138Â 297Â 067,1.0
963473,201900005004,6,9,03:45,4,2,1,1.0,6.0,46330,82 Avenue du PrÃ© Neuf,M,"44,9494940","1,7033080",46,2019,50.0,3.0,1.0,4.0,2153466,1.0,1,2,1,5.0,,0.0,0,2000.0,A01,138Â 297Â 065,8.0,-1.0,-1.0,1644418,3.0,7,,2.0,0.0,8.0,A01,138Â 297Â 065,1.0
963473,201900005004,6,9,03:45,4,2,1,1.0,6.0,46330,82 Avenue du PrÃ© Neuf,M,"44,9494940","1,7033080",46,2019,50.0,3.0,1.0,4.0,2153467,4.0,2,3,2,5.0,,0.0,0,2002.0,A01,138Â 297Â 065,1.0,-1.0,-1.0,1644418,3.0,7,,2.0,0.0,8.0,A01,138Â 297Â 065,1.0
963473,201900005004,6,9,03:45,4,2,1,1.0,6.0,46330,82 Avenue du PrÃ© Neuf,M,"44,9494940","1,7033080",46,2019,50.0,3.0,1.0,4.0,2153468,2.0,2,3,1,5.0,,0.0,0,2001.0,A01,138Â 297Â 065,1.0,-1.0,-1.0,1644418,3.0,7,,2.0,0.0,8.0,A01,138Â 297Â 065,1.0
963474,201900005005,6,19,17:55,1,2,3,1.0,3.0,46128,Avenue GÃ©nÃ©ral de Gaulle,M,"44,7834620","1,7329470",46,2019,50.0,1.0,1.0,3.0,2153469,1.0,1,3,1,5.0,,0.0,0,1962.0,A01,138Â 297Â 063,8.0,-1.0,-1.0,1644419,1.0,33,,0.0,2.0,7.0,A01,138Â 297Â 063,1.0
963474,201900005005,6,19,17:55,1,2,3,1.0,3.0,46128,Avenue GÃ©nÃ©ral de Gaulle,M,"44,7834620","1,7329470",46,2019,50.0,1.0,1.0,3.0,2153469,1.0,1,3,1,5.0,,0.0,0,1962.0,A01,138Â 297Â 063,8.0,-1.0,-1.0,1644420,1.0,7,,0.0,2.0,3.0,B01,138Â 297Â 064,1.0
963474,201900005005,6,19,17:55,1,2,3,1.0,3.0,46128,Avenue GÃ©nÃ©ral de Gaulle,M,"44,7834620","1,7329470",46,2019,50.0,1.0,1.0,3.0,2153470,1.0,1,1,2,0.0,,0.0,0,1970.0,B01,138Â 297Â 064,8.0,-1.0,-1.0,1644419,1.0,33,,0.0,2.0,7.0,A01,138Â 297Â 063,1.0
963474,201900005005,6,19,17:55,1,2,3,1.0,3.0,46128,Avenue GÃ©nÃ©ral de Gaulle,M,"44,7834620","1,7329470",46,2019,50.0,1.0,1.0,3.0,2153470,1.0,1,1,2,0.0,,0.0,0,1970.0,B01,138Â 297Â 064,8.0,-1.0,-1.0,1644420,1.0,7,,0.0,2.0,3.0,B01,138Â 297Â 064,1.0
963475,201900005006,6,17,12:54,1,1,1,7.0,7.0,46204,Route DÃ©partmentale 807,M,"44,6934430","1,6115400",46,2019,80.0,3.0,1.0,3.0,2153471,1.0,1,2,1,5.0,,0.0,0,1954.0,A01,138Â 297Â 062,2.0,6.0,9.0,1644421,2.0,33,,0.0,0.0,0.0,A01,138Â 297Â 062,1.0
963476,201900005007,6,8,19:00,1,1,1,7.0,7.0,46021,Route dÃ©partementale 19,M,"44,5710330","1,9158700",46,2019,80.0,1.0,1.0,3.0,2153472,1.0,1,3,1,5.0,,0.0,0,1949.0,A01,138Â 297Â 061,8.0,-1.0,-1.0,1644422,1.0,33,,0.0,0.0,2.0,A01,138Â 297Â 061,1.0
963477,201900005008,6,17,16:40,1,1,2,7.0,4.0,47081,Roussous,M,"44,3385640","0,6234540",47,2019,80.0,1.0,1.0,3.0,2153473,1.0,1,1,2,3.0,,0.0,0,1959.0,C01,138Â 297Â 058,8.0,-1.0,-1.0,1644423,1.0,7,,0.0,2.0,3.0,C01,138Â 297Â 058,1.0
963477,201900005008,6,17,16:40,1,1,2,7.0,4.0,47081,Roussous,M,"44,3385640","0,6234540",47,2019,80.0,1.0,1.0,3.0,2153473,1.0,1,1,2,3.0,,0.0,0,1959.0,C01,138Â 297Â 058,8.0,-1.0,-1.0,1644424,2.0,7,,0.0,2.0,2.0,A01,138Â 297Â 059,1.0
963477,201900005008,6,17,16:40,1,1,2,7.0,4.0,47081,Roussous,M,"44,3385640","0,6234540",47,2019,80.0,1.0,1.0,3.0,2153473,1.0,1,1,2,3.0,,0.0,0,1959.0,C01,138Â 297Â 058,8.0,-1.0,-1.0,1644425,2.0,33,,0.0,2.0,1.0,B01,138Â 297Â 060,1.0
963477,201900005008,6,17,16:40,1,1,2,7.0,4.0,47081,Roussous,M,"44,3385640","0,6234540",47,2019,80.0,1.0,1.0,3.0,2153474,1.0,1,1,1,9.0,,0.0,0,1950.0,A01,138Â 297Â 059,8.0,-1.0,-1.0,1644423,1.0,7,,0.0,2.0,3.0,C01,138Â 297Â 058,1.0
963477,201900005008,6,17,16:40,1,1,2,7.0,4.0,47081,Roussous,M,"44,3385640","0,6234540",47,2019,80.0,1.0,1.0,3.0,2153474,1.0,1,1,1,9.0,,0.0,0,1950.0,A01,138Â 297Â 059,8.0,-1.0,-1.0,1644424,2.0,7,,0.0,2.0,2.0,A01,138Â 297Â 059,1.0
963477,201900005008,6,17,16:40,1,1,2,7.0,4.0,47081,Roussous,M,"44,3385640","0,6234540",47,2019,80.0,1.0,1.0,3.0,2153474,1.0,1,1,1,9.0,,0.0,0,1950.0,A01,138Â 297Â 059,8.0,-1.0,-1.0,1644425,2.0,33,,0.0,2.0,1.0,B01,138Â 297Â 060,1.0
963477,201900005008,6,17,16:40,1,1,2,7.0,4.0,47081,Roussous,M,"44,3385640","0,6234540",47,2019,80.0,1.0,1.0,3.0,2153475,1.0,1,2,1,5.0,,0.0,0,1961.0,B01,138Â 297Â 060,2.0,-1.0,-1.0,1644423,1.0,7,,0.0,2.0,3.0,C01,138Â 297Â 058,1.0
963477,201900005008,6,17,16:40,1,1,2,7.0,4.0,47081,Roussous,M,"44,3385640","0,6234540",47,2019,80.0,1.0,1.0,3.0,2153475,1.0,1,2,1,5.0,,0.0,0,1961.0,B01,138Â 297Â 060,2.0,-1.0,-1.0,1644424,2.0,7,,0.0,2.0,2.0,A01,138Â 297Â 059,1.0
963477,201900005008,6,17,16:40,1,1,2,7.0,4.0,47081,Roussous,M,"44,3385640","0,6234540",47,2019,80.0,1.0,1.0,3.0,2153475,1.0,1,2,1,5.0,,0.0,0,1961.0,B01,138Â 297Â 060,2.0,-1.0,-1.0,1644425,2.0,33,,0.0,2.0,1.0,B01,138Â 297Â 060,1.0
963478,201900005009,6,19,22:55,5,2,1,1.0,6.0,47106,Avenue LÃ©on Jouhaux,M,"44,4973370","0,9666380",47,2019,50.0,4.0,1.0,3.0,2153476,2.0,2,1,1,5.0,,0.0,0,2005.0,A01,138Â 297Â 057,1.0,-1.0,-1.0,1644426,0.0,7,,1.0,0.0,1.0,A01,138Â 297Â 057,1.0
963478,201900005009,6,19,22:55,5,2,1,1.0,6.0,47106,Avenue LÃ©on Jouhaux,M,"44,4973370","0,9666380",47,2019,50.0,4.0,1.0,3.0,2153477,1.0,1,3,1,5.0,,0.0,0,1993.0,A01,138Â 297Â 057,8.0,-1.0,-1.0,1644426,0.0,7,,1.0,0.0,1.0,A01,138Â 297Â 057,1.0
963479,201900005010,6,6,13:50,1,1,2,1.0,3.0,47064,Santroulis,M,"44,4095320","0,9218670",47,2019,80.0,1.0,1.0,4.0,2153478,1.0,1,4,1,9.0,,0.0,0,1938.0,A01,138Â 297Â 055,1.0,-1.0,-1.0,1644427,0.0,7,,0.0,2.0,1.0,A01,138Â 297Â 055,1.0
963479,201900005010,6,6,13:50,1,1,2,1.0,3.0,47064,Santroulis,M,"44,4095320","0,9218670",47,2019,80.0,1.0,1.0,4.0,2153478,1.0,1,4,1,9.0,,0.0,0,1938.0,A01,138Â 297Â 055,1.0,-1.0,-1.0,1644428,0.0,13,,0.0,2.0,7.0,B01,138Â 297Â 056,1.0
963479,201900005010,6,6,13:50,1,1,2,1.0,3.0,47064,Santroulis,M,"44,4095320","0,9218670",47,2019,80.0,1.0,1.0,4.0,2153479,1.0,1,4,1,4.0,,0.0,0,1974.0,B01,138Â 297Â 056,1.0,-1.0,-1.0,1644427,0.0,7,,0.0,2.0,1.0,A01,138Â 297Â 055,1.0
963479,201900005010,6,6,13:50,1,1,2,1.0,3.0,47064,Santroulis,M,"44,4095320","0,9218670",47,2019,80.0,1.0,1.0,4.0,2153479,1.0,1,4,1,4.0,,0.0,0,1974.0,B01,138Â 297Â 056,1.0,-1.0,-1.0,1644428,0.0,13,,0.0,2.0,7.0,B01,138Â 297Â 056,1.0
963480,201900005011,6,11,15:50,1,1,1,8.0,6.0,47041,D119,M,"44,2091540","0,3954230",47,2019,50.0,1.0,1.0,3.0,2153480,1.0,1,1,1,5.0,,0.0,0,1926.0,A01,138Â 297Â 054,1.0,-1.0,-1.0,1644429,2.0,7,,0.0,1.0,3.0,A01,138Â 297Â 054,1.0
963480,201900005011,6,11,15:50,1,1,1,8.0,6.0,47041,D119,M,"44,2091540","0,3954230",47,2019,50.0,1.0,1.0,3.0,2153481,10.0,3,3,1,4.0,,0.0,9,1975.0,A01,138Â 297Â 054,4.0,-1.0,-1.0,1644429,2.0,7,,0.0,1.0,3.0,A01,138Â 297Â 054,1.0
963481,201900005012,6,16,17:00,1,1,1,1.0,7.0,47310,lieu dit conte tonneins,M,"44,3897940","0,3481250",47,2019,80.0,1.0,9.0,4.0,2153482,1.0,1,3,1,5.0,,0.0,0,1998.0,A01,138Â 297Â 053,2.0,9.0,-1.0,1644430,3.0,33,,0.0,0.0,0.0,A01,138Â 297Â 053,1.0
963482,201900005013,6,13,18:05,1,2,1,1.0,3.0,47285,Cantet,M,"44,4335250","0,1122850",47,2019,50.0,1.0,1.0,3.0,2153483,1.0,1,3,1,5.0,,0.0,0,1997.0,A01,138Â 297Â 051,2.0,-1.0,-1.0,1644431,2.0,33,,0.0,2.0,1.0,A01,138Â 297Â 051,1.0
963482,201900005013,6,13,18:05,1,2,1,1.0,3.0,47285,Cantet,M,"44,4335250","0,1122850",47,2019,50.0,1.0,1.0,3.0,2153483,1.0,1,3,1,5.0,,0.0,0,1997.0,A01,138Â 297Â 051,2.0,-1.0,-1.0,1644432,1.0,17,,0.0,2.0,8.0,B01,138Â 297Â 052,1.0
963482,201900005013,6,13,18:05,1,2,1,1.0,3.0,47285,Cantet,M,"44,4335250","0,1122850",47,2019,50.0,1.0,1.0,3.0,2153484,1.0,1,1,1,1.0,,0.0,0,1959.0,B01,138Â 297Â 052,1.0,-1.0,-1.0,1644431,2.0,33,,0.0,2.0,1.0,A01,138Â 297Â 051,1.0
963482,201900005013,6,13,18:05,1,2,1,1.0,3.0,47285,Cantet,M,"44,4335250","0,1122850",47,2019,50.0,1.0,1.0,3.0,2153484,1.0,1,1,1,1.0,,0.0,0,1959.0,B01,138Â 297Â 052,1.0,-1.0,-1.0,1644432,1.0,17,,0.0,2.0,8.0,B01,138Â 297Â 052,1.0
963483,201900005014,6,13,14:35,1,1,1,1.0,6.0,47226,CD933,M,"44,6333140","0,3531950",47,2019,70.0,3.0,1.0,3.0,2153485,1.0,1,3,2,5.0,,0.0,0,1947.0,A01,138Â 297Â 049,1.0,-1.0,-1.0,1644433,0.0,7,,8.0,0.0,9.0,A01,138Â 297Â 049,1.0
963483,201900005014,6,13,14:35,1,1,1,1.0,6.0,47226,CD933,M,"44,6333140","0,3531950",47,2019,70.0,3.0,1.0,3.0,2153485,1.0,1,3,2,5.0,,0.0,0,1947.0,A01,138Â 297Â 049,1.0,-1.0,-1.0,1644434,0.0,7,,0.0,9.0,0.0,B01,138Â 297Â 050,0.0
963483,201900005014,6,13,14:35,1,1,1,1.0,6.0,47226,CD933,M,"44,6333140","0,3531950",47,2019,70.0,3.0,1.0,3.0,2153486,1.0,1,1,1,0.0,,0.0,0,1951.0,B01,138Â 297Â 050,1.0,-1.0,-1.0,1644433,0.0,7,,8.0,0.0,9.0,A01,138Â 297Â 049,1.0
963483,201900005014,6,13,14:35,1,1,1,1.0,6.0,47226,CD933,M,"44,6333140","0,3531950",47,2019,70.0,3.0,1.0,3.0,2153486,1.0,1,1,1,0.0,,0.0,0,1951.0,B01,138Â 297Â 050,1.0,-1.0,-1.0,1644434,0.0,7,,0.0,9.0,0.0,B01,138Â 297Â 050,0.0
963484,201900005015,6,6,00:25,3,1,1,1.0,2.0,41235,La PlanchardiÃ¨re,M,"47,9060420","0,8791820",41,2019,80.0,1.0,2.0,3.0,2153487,1.0,1,1,1,4.0,,0.0,0,1994.0,B01,138Â 297Â 047,1.0,-1.0,-1.0,1644435,1.0,17,,0.0,2.0,2.0,B01,138Â 297Â 047,0.0
963484,201900005015,6,6,00:25,3,1,1,1.0,2.0,41235,La PlanchardiÃ¨re,M,"47,9060420","0,8791820",41,2019,80.0,1.0,2.0,3.0,2153487,1.0,1,1,1,4.0,,0.0,0,1994.0,B01,138Â 297Â 047,1.0,-1.0,-1.0,1644436,1.0,30,,3.0,0.0,4.0,A01,138Â 297Â 048,0.0
963484,201900005015,6,6,00:25,3,1,1,1.0,2.0,41235,La PlanchardiÃ¨re,M,"47,9060420","0,8791820",41,2019,80.0,1.0,2.0,3.0,2153488,1.0,1,3,1,1.0,,0.0,0,1998.0,A01,138Â 297Â 048,6.0,-1.0,-1.0,1644435,1.0,17,,0.0,2.0,2.0,B01,138Â 297Â 047,0.0
963484,201900005015,6,6,00:25,3,1,1,1.0,2.0,41235,La PlanchardiÃ¨re,M,"47,9060420","0,8791820",41,2019,80.0,1.0,2.0,3.0,2153488,1.0,1,3,1,1.0,,0.0,0,1998.0,A01,138Â 297Â 048,6.0,-1.0,-1.0,1644436,1.0,30,,3.0,0.0,4.0,A01,138Â 297Â 048,0.0
963485,201900005016,6,1,04:00,3,1,2,1.0,3.0,41237,route de selles sur cher,M,"47,3988920","1,4553080",41,2019,80.0,1.0,1.0,3.0,2153489,1.0,1,3,1,4.0,,0.0,0,1969.0,B01,138Â 297Â 045,1.0,-1.0,-1.0,1644437,2.0,15,,0.0,2.0,3.0,B01,138Â 297Â 045,1.0
963485,201900005016,6,1,04:00,3,1,2,1.0,3.0,41237,route de selles sur cher,M,"47,3988920","1,4553080",41,2019,80.0,1.0,1.0,3.0,2153489,1.0,1,3,1,4.0,,0.0,0,1969.0,B01,138Â 297Â 045,1.0,-1.0,-1.0,1644438,3.0,7,,0.0,2.0,1.0,A01,138Â 297Â 046,1.0
963485,201900005016,6,1,04:00,3,1,2,1.0,3.0,41237,route de selles sur cher,M,"47,3988920","1,4553080",41,2019,80.0,1.0,1.0,3.0,2153490,2.0,2,2,1,5.0,,0.0,0,2002.0,A01,138Â 297Â 046,0.0,-1.0,-1.0,1644437,2.0,15,,0.0,2.0,3.0,B01,138Â 297Â 045,1.0
963485,201900005016,6,1,04:00,3,1,2,1.0,3.0,41237,route de selles sur cher,M,"47,3988920","1,4553080",41,2019,80.0,1.0,1.0,3.0,2153490,2.0,2,2,1,5.0,,0.0,0,2002.0,A01,138Â 297Â 046,0.0,-1.0,-1.0,1644438,3.0,7,,0.0,2.0,1.0,A01,138Â 297Â 046,1.0
963485,201900005016,6,1,04:00,3,1,2,1.0,3.0,41237,route de selles sur cher,M,"47,3988920","1,4553080",41,2019,80.0,1.0,1.0,3.0,2153491,1.0,1,2,1,5.0,,0.0,0,2002.0,A01,138Â 297Â 046,0.0,-1.0,-1.0,1644437,2.0,15,,0.0,2.0,3.0,B01,138Â 297Â 045,1.0
963485,201900005016,6,1,04:00,3,1,2,1.0,3.0,41237,route de selles sur cher,M,"47,3988920","1,4553080",41,2019,80.0,1.0,1.0,3.0,2153491,1.0,1,2,1,5.0,,0.0,0,2002.0,A01,138Â 297Â 046,0.0,-1.0,-1.0,1644438,3.0,7,,0.0,2.0,1.0,A01,138Â 297Â 046,1.0
963486,201900005017,6,3,06:00,3,1,1,1.0,6.0,86293,N10,M,"46,4049990","0,2369630",86,2019,90.0,3.0,1.0,2.0,2153492,1.0,1,3,1,5.0,,0.0,0,1977.0,A01,138Â 297Â 044,1.0,-1.0,-1.0,1644439,1.0,7,,3.0,0.0,8.0,A01,138Â 297Â 044,1.0
963487,201900005018,6,16,01:00,5,2,1,1.0,5.0,34031,D28,M,"43,3602680","3,4341800",34,2019,50.0,1.0,1.0,3.0,2153493,10.0,3,1,1,4.0,,1.0,9,1994.0,A01,138Â 297Â 041,4.0,-1.0,-1.0,1644440,3.0,7,,0.0,0.0,5.0,A01,138Â 297Â 041,1.0
963487,201900005018,6,16,01:00,5,2,1,1.0,5.0,34031,D28,M,"43,3602680","3,4341800",34,2019,50.0,1.0,1.0,3.0,2153493,10.0,3,1,1,4.0,,1.0,9,1994.0,A01,138Â 297Â 041,4.0,-1.0,-1.0,1644441,0.0,7,,0.0,0.0,6.0,B01,138Â 297Â 042,1.0
963487,201900005018,6,16,01:00,5,2,1,1.0,5.0,34031,D28,M,"43,3602680","3,4341800",34,2019,50.0,1.0,1.0,3.0,2153493,10.0,3,1,1,4.0,,1.0,9,1994.0,A01,138Â 297Â 041,4.0,-1.0,-1.0,1644442,0.0,7,,0.0,0.0,2.0,C01,138Â 297Â 043,1.0
963487,201900005018,6,16,01:00,5,2,1,1.0,5.0,34031,D28,M,"43,3602680","3,4341800",34,2019,50.0,1.0,1.0,3.0,2153494,10.0,3,3,1,4.0,,1.0,9,1998.0,A01,138Â 297Â 041,4.0,-1.0,-1.0,1644440,3.0,7,,0.0,0.0,5.0,A01,138Â 297Â 041,1.0
963487,201900005018,6,16,01:00,5,2,1,1.0,5.0,34031,D28,M,"43,3602680","3,4341800",34,2019,50.0,1.0,1.0,3.0,2153494,10.0,3,3,1,4.0,,1.0,9,1998.0,A01,138Â 297Â 041,4.0,-1.0,-1.0,1644441,0.0,7,,0.0,0.0,6.0,B01,138Â 297Â 042,1.0
963487,201900005018,6,16,01:00,5,2,1,1.0,5.0,34031,D28,M,"43,3602680","3,4341800",34,2019,50.0,1.0,1.0,3.0,2153494,10.0,3,3,1,4.0,,1.0,9,1998.0,A01,138Â 297Â 041,4.0,-1.0,-1.0,1644442,0.0,7,,0.0,0.0,2.0,C01,138Â 297Â 043,1.0
963487,201900005018,6,16,01:00,5,2,1,1.0,5.0,34031,D28,M,"43,3602680","3,4341800",34,2019,50.0,1.0,1.0,3.0,2153495,10.0,3,1,1,4.0,,1.0,9,1990.0,A01,138Â 297Â 041,4.0,-1.0,-1.0,1644440,3.0,7,,0.0,0.0,5.0,A01,138Â 297Â 041,1.0
963487,201900005018,6,16,01:00,5,2,1,1.0,5.0,34031,D28,M,"43,3602680","3,4341800",34,2019,50.0,1.0,1.0,3.0,2153495,10.0,3,1,1,4.0,,1.0,9,1990.0,A01,138Â 297Â 041,4.0,-1.0,-1.0,1644441,0.0,7,,0.0,0.0,6.0,B01,138Â 297Â 042,1.0