Unnamed: 0_x,num_acc,mois,jour,hrmn,lum,agg,int,atm,col,com,adr,gps,lat,long,dep,annee,vma,situ,surf,catr,Unnamed: 0_y,place,catu,grav,sexe,trajet,secu,locp,actp,an_nais,num_veh_x,id_vehicule_x,secu1,secu2,secu3,Unnamed: 0,senc,catv,occutc,obs,obsm,choc,num_veh_y,id_vehicule_y,motor
963487,201900005018,6,16,01:00,5,2,1,1.0,5.0,34031,D28,M,"43,3602680","3,4341800",34,2019,50.0,1.0,1.0,3.0,2153495,10.0,3,1,1,4.0,,1.0,9,1990.0,A01,138Â 297Â 041,4.0,-1.0,-1.0,1644442,0.0,7,,0.0,0.0,2.0,C01,138Â 297Â 043,1.0
963487,201900005018,6,16,01:00,5,2,1,1.0,5.0,34031,D28,M,"43,3602680","3,4341800",34,2019,50.0,1.0,1.0,3.0,2153496,10.0,3,1,1,5.0,,1.0,9,2000.0,B01,138Â 297Â 042,0.0,-1.0,-1.0,1644440,3.0,7,,0.0,0.0,5.0,A01,138Â 297Â 041,1.0
963487,201900005018,6,16,01:00,5,2,1,1.0,5.0,34031,D28,M,"43,3602680","3,4341800",34,2019,50.0,1.0,1.0,3.0,2153496,10.0,3,1,1,5.0,,1.0,9,2000.0,B01,138Â 297Â 042,0.0,-1.0,-1.0,1644441,0.0,7,,0.0,0.0,6.0,B01,138Â 297Â 042,1.0
963487,201900005018,6,16,01:00,5,2,1,1.0,5.0,34031,D28,M,"43,3602680","3,4341800",34,2019,50.0,1.0,1.0,3.0,2153496,10.0,3,1,1,5.0,,1.0,9,2000.0,B01,138Â 297Â 042,0.0,-1.0,-1.0,1644442,0.0,7,,0.0,0.0,2.0,C01,138Â 297Â 043,1.0
963487,201900005018,6,16,01:00,5,2,1,1.0,5.0,34031,D28,M,"43,3602680","3,4341800",34,2019,50.0,1.0,1.0,3.0,2153497,1.0,1,1,1,5.0,,0.0,0,1990.0,C01,138Â 297Â 043,1.0,-1.0,-1.0,1644440,3.0,7,,0.0,0.0,5.0,A01,138Â 297Â 041,1.0
963487,201900005018,6,16,01:00,5,2,1,1.0,5.0,34031,D28,M,"43,3602680","3,4341800",34,2019,50.0,1.0,1.0,3.0,2153497,1.0,1,1,1,5.0,,0.0,0,1990.0,C01,138Â 297Â 043,1.0,-1.0,-1.0,1644441,0.0,7,,0.0,0.0,6.0,B01,138Â 297Â 042,1.0
963487,201900005018,6,16,01:00,5,2,1,1.0,5.0,34031,D28,M,"43,3602680","3,4341800",34,2019,50.0,1.0,1.0,3.0,2153497,1.0,1,1,1,5.0,,0.0,0,1990.0,C01,138Â 297Â 043,1.0,-1.0,-1.0,1644442,0.0,7,,0.0,0.0,2.0,C01,138Â 297Â 043,1.0
963488,201900005019,6,4,15:50,1,1,1,1.0,1.0,34313,RD32,M,"43,5768100","3,4829320",34,2019,80.0,1.0,1.0,3.0,2153498,1.0,1,4,1,5.0,,0.0,0,1966.0,B01,138Â 297Â 039,1.0,-1.0,-1.0,1644443,2.0,7,,0.0,0.0,3.0,B01,138Â 297Â 039,1.0
963488,201900005019,6,4,15:50,1,1,1,1.0,1.0,34313,RD32,M,"43,5768100","3,4829320",34,2019,80.0,1.0,1.0,3.0,2153498,1.0,1,4,1,5.0,,0.0,0,1966.0,B01,138Â 297Â 039,1.0,-1.0,-1.0,1644444,1.0,7,,0.0,2.0,3.0,A01,138Â 297Â 040,1.0
963488,201900005019,6,4,15:50,1,1,1,1.0,1.0,34313,RD32,M,"43,5768100","3,4829320",34,2019,80.0,1.0,1.0,3.0,2153499,1.0,1,3,1,1.0,,0.0,0,2001.0,A01,138Â 297Â 040,1.0,-1.0,-1.0,1644443,2.0,7,,0.0,0.0,3.0,B01,138Â 297Â 039,1.0
963488,201900005019,6,4,15:50,1,1,1,1.0,1.0,34313,RD32,M,"43,5768100","3,4829320",34,2019,80.0,1.0,1.0,3.0,2153499,1.0,1,3,1,1.0,,0.0,0,2001.0,A01,138Â 297Â 040,1.0,-1.0,-1.0,1644444,1.0,7,,0.0,2.0,3.0,A01,138Â 297Â 040,1.0
963489,201900005020,5,25,11:00,1,1,1,1.0,6.0,34292,lieu dit Roques,M,"43,6333750","3,3223210",34,2019,80.0,1.0,1.0,3.0,2153500,1.0,1,3,1,4.0,,0.0,0,1979.0,A01,138Â 297Â 038,2.0,-1.0,-1.0,1644445,1.0,1,,0.0,5.0,2.0,A01,138Â 297Â 038,5.0
963490,201900005021,6,15,20:30,1,2,1,1.0,7.0,34064,D142 Ã  200 mÃ¨tres de l'intrsection avec D9,M,"43,8566640","3,3297350",34,2019,80.0,1.0,1.0,3.0,2153501,1.0,1,3,1,0.0,,0.0,0,1981.0,A01,138Â 297Â 037,2.0,7.0,-1.0,1644446,3.0,33,,0.0,0.0,8.0,A01,138Â 297Â 037,1.0
963491,201900005022,6,9,09:30,1,1,1,8.0,1.0,34160,d908,M,"43,5651230","2,9451910",34,2019,80.0,1.0,1.0,3.0,2153502,1.0,1,3,1,5.0,,0.0,0,1951.0,B01,138Â 297Â 035,1.0,-1.0,-1.0,1644447,1.0,7,,0.0,2.0,3.0,B01,138Â 297Â 035,1.0
963491,201900005022,6,9,09:30,1,1,1,8.0,1.0,34160,d908,M,"43,5651230","2,9451910",34,2019,80.0,1.0,1.0,3.0,2153502,1.0,1,3,1,5.0,,0.0,0,1951.0,B01,138Â 297Â 035,1.0,-1.0,-1.0,1644448,2.0,7,,0.0,2.0,3.0,A01,138Â 297Â 036,0.0
963491,201900005022,6,9,09:30,1,1,1,8.0,1.0,34160,d908,M,"43,5651230","2,9451910",34,2019,80.0,1.0,1.0,3.0,2153503,2.0,2,3,2,5.0,,0.0,0,1929.0,B01,138Â 297Â 035,1.0,-1.0,-1.0,1644447,1.0,7,,0.0,2.0,3.0,B01,138Â 297Â 035,1.0
963491,201900005022,6,9,09:30,1,1,1,8.0,1.0,34160,d908,M,"43,5651230","2,9451910",34,2019,80.0,1.0,1.0,3.0,2153503,2.0,2,3,2,5.0,,0.0,0,1929.0,B01,138Â 297Â 035,1.0,-1.0,-1.0,1644448,2.0,7,,0.0,2.0,3.0,A01,138Â 297Â 036,0.0
963491,201900005022,6,9,09:30,1,1,1,8.0,1.0,34160,d908,M,"43,5651230","2,9451910",34,2019,80.0,1.0,1.0,3.0,2153504,1.0,1,4,1,5.0,,0.0,0,1954.0,A01,138Â 297Â 036,1.0,-1.0,-1.0,1644447,1.0,7,,0.0,2.0,3.0,B01,138Â 297Â 035,1.0
963491,201900005022,6,9,09:30,1,1,1,8.0,1.0,34160,d908,M,"43,5651230","2,9451910",34,2019,80.0,1.0,1.0,3.0,2153504,1.0,1,4,1,5.0,,0.0,0,1954.0,A01,138Â 297Â 036,1.0,-1.0,-1.0,1644448,2.0,7,,0.0,2.0,3.0,A01,138Â 297Â 036,0.0
963491,201900005022,6,9,09:30,1,1,1,8.0,1.0,34160,d908,M,"43,5651230","2,9451910",34,2019,80.0,1.0,1.0,3.0,2153505,2.0,2,4,1,5.0,,0.0,0,1951.0,A01,138Â 297Â 036,1.0,-1.0,-1.0,1644447,1.0,7,,0.0,2.0,3.0,B01,138Â 297Â 035,1.0
963491,201900005022,6,9,09:30,1,1,1,8.0,1.0,34160,d908,M,"43,5651230","2,9451910",34,2019,80.0,1.0,1.0,3.0,2153505,2.0,2,4,1,5.0,,0.0,0,1951.0,A01,138Â 297Â 036,1.0,-1.0,-1.0,1644448,2.0,7,,0.0,2.0,3.0,A01,138Â 297Â 036,0.0
963492,201900005023,5,23,09:40,1,2,1,1.0,4.0,68304,51 Grand Rue,M,"47,7563370","7,0493700",68,2019,50.0,1.0,1.0,3.0,2153506,1.0,1,1,1,4.0,,0.0,0,1965.0,C01,138Â 297Â 032,1.0,-1.0,-1.0,1644449,2.0,7,,0.0,0.0,4.0,C01,138Â 297Â 032,1.0
963492,201900005023,5,23,09:40,1,2,1,1.0,4.0,68304,51 Grand Rue,M,"47,7563370","7,0493700",68,2019,50.0,1.0,1.0,3.0,2153506,1.0,1,1,1,4.0,,0.0,0,1965.0,C01,138Â 297Â 032,1.0,-1.0,-1.0,1644450,2.0,10,,0.0,2.0,4.0,B01,138Â 297Â 033,1.0
963492,201900005023,5,23,09:40,1,2,1,1.0,4.0,68304,51 Grand Rue,M,"47,7563370","7,0493700",68,2019,50.0,1.0,1.0,3.0,2153506,1.0,1,1,1,4.0,,0.0,0,1965.0,C01,138Â 297Â 032,1.0,-1.0,-1.0,1644451,2.0,32,,0.0,2.0,1.0,A01,138Â 297Â 034,1.0
963492,201900005023,5,23,09:40,1,2,1,1.0,4.0,68304,51 Grand Rue,M,"47,7563370","7,0493700",68,2019,50.0,1.0,1.0,3.0,2153507,1.0,1,1,1,4.0,,0.0,0,1988.0,B01,138Â 297Â 033,1.0,-1.0,-1.0,1644449,2.0,7,,0.0,0.0,4.0,C01,138Â 297Â 032,1.0
963492,201900005023,5,23,09:40,1,2,1,1.0,4.0,68304,51 Grand Rue,M,"47,7563370","7,0493700",68,2019,50.0,1.0,1.0,3.0,2153507,1.0,1,1,1,4.0,,0.0,0,1988.0,B01,138Â 297Â 033,1.0,-1.0,-1.0,1644450,2.0,10,,0.0,2.0,4.0,B01,138Â 297Â 033,1.0
963492,201900005023,5,23,09:40,1,2,1,1.0,4.0,68304,51 Grand Rue,M,"47,7563370","7,0493700",68,2019,50.0,1.0,1.0,3.0,2153507,1.0,1,1,1,4.0,,0.0,0,1988.0,B01,138Â 297Â 033,1.0,-1.0,-1.0,1644451,2.0,32,,0.0,2.0,1.0,A01,138Â 297Â 034,1.0
963492,201900005023,5,23,09:40,1,2,1,1.0,4.0,68304,51 Grand Rue,M,"47,7563370","7,0493700",68,2019,50.0,1.0,1.0,3.0,2153508,1.0,1,4,1,1.0,,0.0,0,1971.0,A01,138Â 297Â 034,2.0,6.0,-1.0,1644449,2.0,7,,0.0,0.0,4.0,C01,138Â 297Â 032,1.0
963492,201900005023,5,23,09:40,1,2,1,1.0,4.0,68304,51 Grand Rue,M,"47,7563370","7,0493700",68,2019,50.0,1.0,1.0,3.0,2153508,1.0,1,4,1,1.0,,0.0,0,1971.0,A01,138Â 297Â 034,2.0,6.0,-1.0,1644450,2.0,10,,0.0,2.0,4.0,B01,138Â 297Â 033,1.0
963492,201900005023,5,23,09:40,1,2,1,1.0,4.0,68304,51 Grand Rue,M,"47,7563370","7,0493700",68,2019,50.0,1.0,1.0,3.0,2153508,1.0,1,4,1,1.0,,0.0,0,1971.0,A01,138Â 297Â 034,2.0,6.0,-1.0,1644451,2.0,32,,0.0,2.0,1.0,A01,138Â 297Â 034,1.0
963493,201900005024,6,9,08:59,1,1,1,1.0,6.0,68082,RD 2,M,"47,8789100","7,3532970",68,2019,80.0,3.0,1.0,3.0,2153509,1.0,1,4,1,5.0,,0.0,0,1951.0,A01,138Â 297Â 031,1.0,-1.0,-1.0,1644452,1.0,7,,2.0,0.0,8.0,A01,138Â 297Â 031,1.0
963494,201900005025,6,7,07:35,1,1,1,1.0,2.0,68290,Route dÃ©partementale 18 Bis,M,"47,9430650","7,4467240",68,2019,80.0,1.0,1.0,3.0,2153510,1.0,1,1,2,1.0,,0.0,0,1991.0,A01,138Â 297Â 029,8.0,-1.0,-1.0,1644453,2.0,7,,0.0,2.0,2.0,A01,138Â 297Â 029,1.0
963494,201900005025,6,7,07:35,1,1,1,1.0,2.0,68290,Route dÃ©partementale 18 Bis,M,"47,9430650","7,4467240",68,2019,80.0,1.0,1.0,3.0,2153510,1.0,1,1,2,1.0,,0.0,0,1991.0,A01,138Â 297Â 029,8.0,-1.0,-1.0,1644454,2.0,1,,0.0,0.0,4.0,B01,138Â 297Â 030,5.0
963494,201900005025,6,7,07:35,1,1,1,1.0,2.0,68290,Route dÃ©partementale 18 Bis,M,"47,9430650","7,4467240",68,2019,80.0,1.0,1.0,3.0,2153511,1.0,1,3,1,5.0,,0.0,0,1960.0,B01,138Â 297Â 030,2.0,6.0,-1.0,1644453,2.0,7,,0.0,2.0,2.0,A01,138Â 297Â 029,1.0
963494,201900005025,6,7,07:35,1,1,1,1.0,2.0,68290,Route dÃ©partementale 18 Bis,M,"47,9430650","7,4467240",68,2019,80.0,1.0,1.0,3.0,2153511,1.0,1,3,1,5.0,,0.0,0,1960.0,B01,138Â 297Â 030,2.0,6.0,-1.0,1644454,2.0,1,,0.0,0.0,4.0,B01,138Â 297Â 030,5.0
963495,201900005026,6,5,18:05,1,2,1,1.0,3.0,68140,RD 2 - rue de Rustenhart,M,"47,9147370","7,4453800",68,2019,50.0,1.0,1.0,3.0,2153512,1.0,1,1,2,5.0,,0.0,0,1972.0,B01,138Â 297Â 027,1.0,-1.0,-1.0,1644455,1.0,7,,0.0,0.0,2.0,B01,138Â 297Â 027,1.0
963495,201900005026,6,5,18:05,1,2,1,1.0,3.0,68140,RD 2 - rue de Rustenhart,M,"47,9147370","7,4453800",68,2019,50.0,1.0,1.0,3.0,2153512,1.0,1,1,2,5.0,,0.0,0,1972.0,B01,138Â 297Â 027,1.0,-1.0,-1.0,1644456,1.0,1,,0.0,2.0,3.0,A01,138Â 297Â 028,5.0
963495,201900005026,6,5,18:05,1,2,1,1.0,3.0,68140,RD 2 - rue de Rustenhart,M,"47,9147370","7,4453800",68,2019,50.0,1.0,1.0,3.0,2153513,1.0,1,4,1,5.0,,0.0,0,2005.0,A01,138Â 297Â 028,0.0,-1.0,-1.0,1644455,1.0,7,,0.0,0.0,2.0,B01,138Â 297Â 027,1.0
963495,201900005026,6,5,18:05,1,2,1,1.0,3.0,68140,RD 2 - rue de Rustenhart,M,"47,9147370","7,4453800",68,2019,50.0,1.0,1.0,3.0,2153513,1.0,1,4,1,5.0,,0.0,0,2005.0,A01,138Â 297Â 028,0.0,-1.0,-1.0,1644456,1.0,1,,0.0,2.0,3.0,A01,138Â 297Â 028,5.0
963496,201900005027,6,16,22:15,5,2,1,1.0,6.0,68042,rue de michelbach,M,"47,5962710","7,4816440",68,2019,50.0,3.0,1.0,3.0,2153514,1.0,1,4,1,5.0,,0.0,0,1995.0,A01,138Â 297Â 026,8.0,-1.0,-1.0,1644457,2.0,7,,1.0,0.0,9.0,A01,138Â 297Â 026,1.0
963497,201900005028,6,16,19:15,1,1,1,1.0,3.0,68270,rue de la paix,M,"47,7858570","7,2909560",68,2019,70.0,1.0,1.0,4.0,2153515,1.0,1,4,2,5.0,,0.0,0,1969.0,A01,138Â 297Â 024,1.0,-1.0,-1.0,1644458,1.0,7,,0.0,2.0,3.0,A01,138Â 297Â 024,1.0
963497,201900005028,6,16,19:15,1,1,1,1.0,3.0,68270,rue de la paix,M,"47,7858570","7,2909560",68,2019,70.0,1.0,1.0,4.0,2153515,1.0,1,4,2,5.0,,0.0,0,1969.0,A01,138Â 297Â 024,1.0,-1.0,-1.0,1644459,2.0,7,,0.0,2.0,8.0,B01,138Â 297Â 025,1.0
963497,201900005028,6,16,19:15,1,1,1,1.0,3.0,68270,rue de la paix,M,"47,7858570","7,2909560",68,2019,70.0,1.0,1.0,4.0,2153516,1.0,1,3,1,5.0,,0.0,0,1979.0,B01,138Â 297Â 025,1.0,-1.0,-1.0,1644458,1.0,7,,0.0,2.0,3.0,A01,138Â 297Â 024,1.0
963497,201900005028,6,16,19:15,1,1,1,1.0,3.0,68270,rue de la paix,M,"47,7858570","7,2909560",68,2019,70.0,1.0,1.0,4.0,2153516,1.0,1,3,1,5.0,,0.0,0,1979.0,B01,138Â 297Â 025,1.0,-1.0,-1.0,1644459,2.0,7,,0.0,2.0,8.0,B01,138Â 297Â 025,1.0
963497,201900005028,6,16,19:15,1,1,1,1.0,3.0,68270,rue de la paix,M,"47,7858570","7,2909560",68,2019,70.0,1.0,1.0,4.0,2153517,2.0,2,4,2,5.0,,0.0,0,1987.0,B01,138Â 297Â 025,1.0,-1.0,-1.0,1644458,1.0,7,,0.0,2.0,3.0,A01,138Â 297Â 024,1.0
963497,201900005028,6,16,19:15,1,1,1,1.0,3.0,68270,rue de la paix,M,"47,7858570","7,2909560",68,2019,70.0,1.0,1.0,4.0,2153517,2.0,2,4,2,5.0,,0.0,0,1987.0,B01,138Â 297Â 025,1.0,-1.0,-1.0,1644459,2.0,7,,0.0,2.0,8.0,B01,138Â 297Â 025,1.0
963498,201900005029,6,5,16:30,1,1,1,7.0,7.0,68017,D419,M,"47,6276760","7,1691550",68,2019,80.0,1.0,1.0,3.0,2153518,1.0,1,4,1,0.0,,0.0,0,1943.0,A01,138Â 297Â 023,2.0,6.0,-1.0,1644460,2.0,30,,0.0,0.0,7.0,A01,138Â 297Â 023,1.0
963499,201900005030,6,17,18:10,1,2,2,1.0,1.0,68191,14 Rue de l'Ãcole,M,"47,6544270","7,2875390",68,2019,50.0,1.0,1.0,4.0,2153519,1.0,1,1,2,5.0,,0.0,0,1977.0,A01,138Â 297Â 021,1.0,-1.0,-1.0,1644461,3.0,7,,0.0,2.0,3.0,A01,138Â 297Â 021,1.0
963499,201900005030,6,17,18:10,1,2,2,1.0,1.0,68191,14 Rue de l'Ãcole,M,"47,6544270","7,2875390",68,2019,50.0,1.0,1.0,4.0,2153519,1.0,1,1,2,5.0,,0.0,0,1977.0,A01,138Â 297Â 021,1.0,-1.0,-1.0,1644462,3.0,50,,0.0,2.0,7.0,B01,138Â 297Â 022,3.0
963499,201900005030,6,17,18:10,1,2,2,1.0,1.0,68191,14 Rue de l'Ãcole,M,"47,6544270","7,2875390",68,2019,50.0,1.0,1.0,4.0,2153520,1.0,1,4,1,5.0,,0.0,0,2007.0,B01,138Â 297Â 022,0.0,-1.0,-1.0,1644461,3.0,7,,0.0,2.0,3.0,A01,138Â 297Â 021,1.0
963499,201900005030,6,17,18:10,1,2,2,1.0,1.0,68191,14 Rue de l'Ãcole,M,"47,6544270","7,2875390",68,2019,50.0,1.0,1.0,4.0,2153520,1.0,1,4,1,5.0,,0.0,0,2007.0,B01,138Â 297Â 022,0.0,-1.0,-1.0,1644462,3.0,50,,0.0,2.0,7.0,B01,138Â 297Â 022,3.0
963500,201900005031,6,16,14:10,1,1,1,1.0,2.0,68356,route dÃ©partementle 432,M,"47,6502810","7,2644910",68,2019,80.0,1.0,1.0,3.0,2153521,1.0,1,1,1,5.0,,0.0,0,1967.0,B01,138Â 297Â 019,1.0,-1.0,-1.0,1644463,2.0,7,,0.0,0.0,1.0,B01,138Â 297Â 019,1.0
963500,201900005031,6,16,14:10,1,1,1,1.0,2.0,68356,route dÃ©partementle 432,M,"47,6502810","7,2644910",68,2019,80.0,1.0,1.0,3.0,2153521,1.0,1,1,1,5.0,,0.0,0,1967.0,B01,138Â 297Â 019,1.0,-1.0,-1.0,1644464,2.0,7,,0.0,0.0,4.0,A01,138Â 297Â 020,1.0
963500,201900005031,6,16,14:10,1,1,1,1.0,2.0,68356,route dÃ©partementle 432,M,"47,6502810","7,2644910",68,2019,80.0,1.0,1.0,3.0,2153522,1.0,1,4,2,5.0,,0.0,0,1977.0,A01,138Â 297Â 020,1.0,-1.0,-1.0,1644463,2.0,7,,0.0,0.0,1.0,B01,138Â 297Â 019,1.0
963500,201900005031,6,16,14:10,1,1,1,1.0,2.0,68356,route dÃ©partementle 432,M,"47,6502810","7,2644910",68,2019,80.0,1.0,1.0,3.0,2153522,1.0,1,4,2,5.0,,0.0,0,1977.0,A01,138Â 297Â 020,1.0,-1.0,-1.0,1644464,2.0,7,,0.0,0.0,4.0,A01,138Â 297Â 020,1.0
963500,201900005031,6,16,14:10,1,1,1,1.0,2.0,68356,route dÃ©partementle 432,M,"47,6502810","7,2644910",68,2019,80.0,1.0,1.0,3.0,2153523,2.0,2,4,1,5.0,,0.0,0,1980.0,A01,138Â 297Â 020,1.0,-1.0,-1.0,1644463,2.0,7,,0.0,0.0,1.0,B01,138Â 297Â 019,1.0
963500,201900005031,6,16,14:10,1,1,1,1.0,2.0,68356,route dÃ©partementle 432,M,"47,6502810","7,2644910",68,2019,80.0,1.0,1.0,3.0,2153523,2.0,2,4,1,5.0,,0.0,0,1980.0,A01,138Â 297Â 020,1.0,-1.0,-1.0,1644464,2.0,7,,0.0,0.0,4.0,A01,138Â 297Â 020,1.0
963500,201900005031,6,16,14:10,1,1,1,1.0,2.0,68356,route dÃ©partementle 432,M,"47,6502810","7,2644910",68,2019,80.0,1.0,1.0,3.0,2153524,7.0,2,1,1,5.0,,0.0,0,2009.0,A01,138Â 297Â 020,1.0,-1.0,-1.0,1644463,2.0,7,,0.0,0.0,1.0,B01,138Â 297Â 019,1.0
963500,201900005031,6,16,14:10,1,1,1,1.0,2.0,68356,route dÃ©partementle 432,M,"47,6502810","7,2644910",68,2019,80.0,1.0,1.0,3.0,2153524,7.0,2,1,1,5.0,,0.0,0,2009.0,A01,138Â 297Â 020,1.0,-1.0,-1.0,1644464,2.0,7,,0.0,0.0,4.0,A01,138Â 297Â 020,1.0
963501,201900005032,6,16,17:50,1,1,1,1.0,6.0,68338,D11,M,"48,0883040","7,2417990",68,2019,80.0,1.0,1.0,3.0,2153525,2.0,2,4,2,5.0,,0.0,0,1963.0,A01,138Â 297Â 018,2.0,6.0,-1.0,1644465,2.0,33,,3.0,0.0,1.0,A01,138Â 297Â 018,1.0
963501,201900005032,6,16,17:50,1,1,1,1.0,6.0,68338,D11,M,"48,0883040","7,2417990",68,2019,80.0,1.0,1.0,3.0,2153526,1.0,1,1,1,5.0,,0.0,0,1960.0,A01,138Â 297Â 018,2.0,6.0,-1.0,1644465,2.0,33,,3.0,0.0,1.0,A01,138Â 297Â 018,1.0
963502,201900005033,6,5,10:40,1,1,1,1.0,2.0,68338,Route des 3 Ãpis,M,"48,0906130","7,2375190",68,2019,70.0,1.0,1.0,3.0,2153527,1.0,1,4,1,5.0,,0.0,0,1934.0,B01,138Â 297Â 016,2.0,6.0,-1.0,1644466,1.0,1,,0.0,0.0,4.0,B01,138Â 297Â 016,5.0
963502,201900005033,6,5,10:40,1,1,1,1.0,2.0,68338,Route des 3 Ãpis,M,"48,0906130","7,2375190",68,2019,70.0,1.0,1.0,3.0,2153527,1.0,1,4,1,5.0,,0.0,0,1934.0,B01,138Â 297Â 016,2.0,6.0,-1.0,1644467,1.0,7,,0.0,2.0,2.0,A01,138Â 297Â 017,1.0
963502,201900005033,6,5,10:40,1,1,1,1.0,2.0,68338,Route des 3 Ãpis,M,"48,0906130","7,2375190",68,2019,70.0,1.0,1.0,3.0,2153528,1.0,1,1,1,5.0,,0.0,0,1934.0,A01,138Â 297Â 017,8.0,-1.0,-1.0,1644466,1.0,1,,0.0,0.0,4.0,B01,138Â 297Â 016,5.0
963502,201900005033,6,5,10:40,1,1,1,1.0,2.0,68338,Route des 3 Ãpis,M,"48,0906130","7,2375190",68,2019,70.0,1.0,1.0,3.0,2153528,1.0,1,1,1,5.0,,0.0,0,1934.0,A01,138Â 297Â 017,8.0,-1.0,-1.0,1644467,1.0,7,,0.0,2.0,2.0,A01,138Â 297Â 017,1.0
963503,201900005034,6,1,10:30,1,1,3,7.0,3.0,68374,Saint-Gilles,M,"48,0739010","7,2608710",68,2019,80.0,5.0,1.0,4.0,2153529,1.0,1,4,1,5.0,,0.0,0,1954.0,B01,138Â 297Â 014,2.0,-1.0,-1.0,1644468,3.0,1,,0.0,2.0,1.0,B01,138Â 297Â 014,5.0
963503,201900005034,6,1,10:30,1,1,3,7.0,3.0,68374,Saint-Gilles,M,"48,0739010","7,2608710",68,2019,80.0,5.0,1.0,4.0,2153529,1.0,1,4,1,5.0,,0.0,0,1954.0,B01,138Â 297Â 014,2.0,-1.0,-1.0,1644469,3.0,33,,0.0,2.0,1.0,A01,138Â 297Â 015,0.0
963504,201900005035,5,20,14:00,1,2,1,1.0,7.0,68374,24 Route de Colmar,M,"48,0683070","7,3059910",68,2019,-1.0,1.0,1.0,4.0,2153530,10.0,3,3,2,5.0,,1.0,3,1942.0,A01,138Â 297Â 013,0.0,-1.0,-1.0,1644470,1.0,7,,0.0,1.0,5.0,A01,138Â 297Â 013,0.0
963504,201900005035,5,20,14:00,1,2,1,1.0,7.0,68374,24 Route de Colmar,M,"48,0683070","7,3059910",68,2019,-1.0,1.0,1.0,4.0,2153531,1.0,1,1,1,5.0,,0.0,0,1985.0,A01,138Â 297Â 013,8.0,-1.0,-1.0,1644470,1.0,7,,0.0,1.0,5.0,A01,138Â 297Â 013,0.0
963505,201900005036,5,31,09:50,1,2,1,1.0,6.0,22247,16 Rue de l'Ãglise,M,"48,7315130"," -3,2424720",22,2019,50.0,1.0,1.0,3.0,2153532,10.0,3,3,2,5.0,,1.0,3,1945.0,A01,138Â 297Â 012,0.0,-1.0,-1.0,1644471,2.0,1,,0.0,1.0,7.0,A01,138Â 297Â 012,5.0
963505,201900005036,5,31,09:50,1,2,1,1.0,6.0,22247,16 Rue de l'Ãglise,M,"48,7315130"," -3,2424720",22,2019,50.0,1.0,1.0,3.0,2153533,1.0,1,1,1,5.0,,0.0,0,1996.0,A01,138Â 297Â 012,2.0,-1.0,-1.0,1644471,2.0,1,,0.0,1.0,7.0,A01,138Â 297Â 012,5.0
963506,201900005037,6,9,03:00,3,1,1,1.0,7.0,22245,Kernalegan,M,"48,6457590"," -3,3831320",22,2019,80.0,3.0,1.0,3.0,2153534,9.0,2,4,1,5.0,,0.0,0,2002.0,A01,138Â 297Â 011,1.0,-1.0,-1.0,1644472,2.0,7,,6.0,0.0,2.0,A01,138Â 297Â 011,1.0
963506,201900005037,6,9,03:00,3,1,1,1.0,7.0,22245,Kernalegan,M,"48,6457590"," -3,3831320",22,2019,80.0,3.0,1.0,3.0,2153535,1.0,1,1,1,5.0,,0.0,0,1999.0,A01,138Â 297Â 011,1.0,-1.0,-1.0,1644472,2.0,7,,6.0,0.0,2.0,A01,138Â 297Â 011,1.0
963506,201900005037,6,9,03:00,3,1,1,1.0,7.0,22245,Kernalegan,M,"48,6457590"," -3,3831320",22,2019,80.0,3.0,1.0,3.0,2153536,2.0,2,1,1,5.0,,0.0,0,2000.0,A01,138Â 297Â 011,1.0,-1.0,-1.0,1644472,2.0,7,,6.0,0.0,2.0,A01,138Â 297Â 011,1.0
963507,201900005038,6,9,00:05,4,2,1,1.0,7.0,22217,hent ar iliz,M,"48,5111810"," -3,5625300",22,2019,50.0,4.0,1.0,3.0,2153537,1.0,1,3,1,5.0,,0.0,0,2001.0,A01,138Â 297Â 010,2.0,-1.0,-1.0,1644473,2.0,2,,6.0,0.0,1.0,A01,138Â 297Â 010,1.0
963508,201900005039,6,20,13:45,1,1,1,1.0,7.0,22295,Resaudy,M,"48,2261985"," -2,9542091",22,2019,80.0,3.0,9.0,4.0,2153538,1.0,1,4,1,5.0,,0.0,0,2003.0,A01,138Â 297Â 009,2.0,6.0,-1.0,1644474,3.0,2,,0.0,0.0,8.0,A01,138Â 297Â 009,1.0
963509,201900005040,6,16,16:40,1,1,1,1.0,3.0,22079,LE MONTIER,M,"48,3849631"," -2,7514465",22,2019,80.0,1.0,1.0,3.0,2153539,1.0,1,3,1,5.0,,0.0,0,1993.0,A01,138Â 297Â 007,2.0,9.0,-1.0,1644475,1.0,33,,0.0,2.0,8.0,A01,138Â 297Â 007,1.0
963509,201900005040,6,16,16:40,1,1,1,1.0,3.0,22079,LE MONTIER,M,"48,3849631"," -2,7514465",22,2019,80.0,1.0,1.0,3.0,2153539,1.0,1,3,1,5.0,,0.0,0,1993.0,A01,138Â 297Â 007,2.0,9.0,-1.0,1644476,2.0,7,,0.0,2.0,8.0,B01,138Â 297Â 008,1.0