Unnamed: 0_x,num_acc,mois,jour,hrmn,lum,agg,int,atm,col,com,adr,gps,lat,long,dep,annee,vma,situ,surf,catr,Unnamed: 0_y,place,catu,grav,sexe,trajet,secu,locp,actp,an_nais,num_veh_x,id_vehicule_x,secu1,secu2,secu3,Unnamed: 0,senc,catv,occutc,obs,obsm,choc,num_veh_y,id_vehicule_y,motor
963509,201900005040,6,16,16:40,1,1,1,1.0,3.0,22079,LE MONTIER,M,"48,3849631"," -2,7514465",22,2019,80.0,1.0,1.0,3.0,2153540,1.0,1,1,1,5.0,,0.0,0,1979.0,B01,138Â 297Â 008,1.0,-1.0,-1.0,1644475,1.0,33,,0.0,2.0,8.0,A01,138Â 297Â 007,1.0
963509,201900005040,6,16,16:40,1,1,1,1.0,3.0,22079,LE MONTIER,M,"48,3849631"," -2,7514465",22,2019,80.0,1.0,1.0,3.0,2153540,1.0,1,1,1,5.0,,0.0,0,1979.0,B01,138Â 297Â 008,1.0,-1.0,-1.0,1644476,2.0,7,,0.0,2.0,8.0,B01,138Â 297Â 008,1.0
963510,201900005041,5,31,19:35,1,1,1,1.0,7.0,22046,lieu dit la tournÃ©e,M,"48,2554208"," -2,5088267",22,2019,80.0,3.0,1.0,3.0,2153541,8.0,2,4,1,5.0,,0.0,0,2001.0,A01,138Â 297Â 006,0.0,-1.0,-1.0,1644477,3.0,7,,13.0,0.0,2.0,A01,138Â 297Â 006,1.0
963510,201900005041,5,31,19:35,1,1,1,1.0,7.0,22046,lieu dit la tournÃ©e,M,"48,2554208"," -2,5088267",22,2019,80.0,3.0,1.0,3.0,2153542,7.0,2,4,1,5.0,,0.0,0,2001.0,A01,138Â 297Â 006,1.0,-1.0,-1.0,1644477,3.0,7,,13.0,0.0,2.0,A01,138Â 297Â 006,1.0
963510,201900005041,5,31,19:35,1,1,1,1.0,7.0,22046,lieu dit la tournÃ©e,M,"48,2554208"," -2,5088267",22,2019,80.0,3.0,1.0,3.0,2153543,1.0,1,4,2,5.0,,0.0,0,1999.0,A01,138Â 297Â 006,1.0,-1.0,-1.0,1644477,3.0,7,,13.0,0.0,2.0,A01,138Â 297Â 006,1.0
963510,201900005041,5,31,19:35,1,1,1,1.0,7.0,22046,lieu dit la tournÃ©e,M,"48,2554208"," -2,5088267",22,2019,80.0,3.0,1.0,3.0,2153544,2.0,2,4,1,5.0,,0.0,0,1999.0,A01,138Â 297Â 006,1.0,-1.0,-1.0,1644477,3.0,7,,13.0,0.0,2.0,A01,138Â 297Â 006,1.0
963510,201900005041,5,31,19:35,1,1,1,1.0,7.0,22046,lieu dit la tournÃ©e,M,"48,2554208"," -2,5088267",22,2019,80.0,3.0,1.0,3.0,2153545,9.0,2,3,1,5.0,,0.0,0,1999.0,A01,138Â 297Â 006,0.0,-1.0,-1.0,1644477,3.0,7,,13.0,0.0,2.0,A01,138Â 297Â 006,1.0
963511,201900005042,5,25,14:15,1,2,4,1.0,6.0,22046,rue andrÃ© fauchet,M,"48,2896811"," -2,4173818",22,2019,50.0,4.0,1.0,3.0,2153546,1.0,1,3,1,5.0,,0.0,0,2001.0,A01,138Â 297Â 005,2.0,6.0,-1.0,1644478,2.0,2,,6.0,0.0,1.0,A01,138Â 297Â 005,1.0
963512,201900005043,6,4,20:10,1,1,3,1.0,3.0,39405,,M,"47,0142930","5,4946100",39,2019,80.0,1.0,1.0,3.0,2153547,1.0,1,1,2,5.0,,0.0,0,1996.0,A01,138Â 297Â 003,1.0,-1.0,-1.0,1644479,2.0,7,,0.0,2.0,1.0,A01,138Â 297Â 003,1.0
963512,201900005043,6,4,20:10,1,1,3,1.0,3.0,39405,,M,"47,0142930","5,4946100",39,2019,80.0,1.0,1.0,3.0,2153547,1.0,1,1,2,5.0,,0.0,0,1996.0,A01,138Â 297Â 003,1.0,-1.0,-1.0,1644480,1.0,33,,0.0,2.0,7.0,B01,138Â 297Â 004,1.0
963512,201900005043,6,4,20:10,1,1,3,1.0,3.0,39405,,M,"47,0142930","5,4946100",39,2019,80.0,1.0,1.0,3.0,2153548,1.0,1,3,1,1.0,,0.0,0,1988.0,B01,138Â 297Â 004,2.0,6.0,-1.0,1644479,2.0,7,,0.0,2.0,1.0,A01,138Â 297Â 003,1.0
963512,201900005043,6,4,20:10,1,1,3,1.0,3.0,39405,,M,"47,0142930","5,4946100",39,2019,80.0,1.0,1.0,3.0,2153548,1.0,1,3,1,1.0,,0.0,0,1988.0,B01,138Â 297Â 004,2.0,6.0,-1.0,1644480,1.0,33,,0.0,2.0,7.0,B01,138Â 297Â 004,1.0
963513,201900005044,6,18,18:20,1,1,3,1.0,3.0,39176,,M,"47,0076790","5,7736290",39,2019,80.0,5.0,1.0,3.0,2153549,1.0,1,1,1,5.0,,0.0,0,1964.0,B01,138Â 297Â 001,1.0,-1.0,-1.0,1644481,2.0,7,,15.0,2.0,2.0,B01,138Â 297Â 001,1.0
963513,201900005044,6,18,18:20,1,1,3,1.0,3.0,39176,,M,"47,0076790","5,7736290",39,2019,80.0,5.0,1.0,3.0,2153549,1.0,1,1,1,5.0,,0.0,0,1964.0,B01,138Â 297Â 001,1.0,-1.0,-1.0,1644482,2.0,2,,15.0,2.0,6.0,A01,138Â 297Â 002,1.0
963513,201900005044,6,18,18:20,1,1,3,1.0,3.0,39176,,M,"47,0076790","5,7736290",39,2019,80.0,5.0,1.0,3.0,2153550,2.0,2,4,2,5.0,,0.0,0,1968.0,B01,138Â 297Â 001,1.0,-1.0,-1.0,1644481,2.0,7,,15.0,2.0,2.0,B01,138Â 297Â 001,1.0
963513,201900005044,6,18,18:20,1,1,3,1.0,3.0,39176,,M,"47,0076790","5,7736290",39,2019,80.0,5.0,1.0,3.0,2153550,2.0,2,4,2,5.0,,0.0,0,1968.0,B01,138Â 297Â 001,1.0,-1.0,-1.0,1644482,2.0,2,,15.0,2.0,6.0,A01,138Â 297Â 002,1.0
963513,201900005044,6,18,18:20,1,1,3,1.0,3.0,39176,,M,"47,0076790","5,7736290",39,2019,80.0,5.0,1.0,3.0,2153551,1.0,1,2,1,5.0,,0.0,0,1968.0,A01,138Â 297Â 002,2.0,6.0,-1.0,1644481,2.0,7,,15.0,2.0,2.0,B01,138Â 297Â 001,1.0
963513,201900005044,6,18,18:20,1,1,3,1.0,3.0,39176,,M,"47,0076790","5,7736290",39,2019,80.0,5.0,1.0,3.0,2153551,1.0,1,2,1,5.0,,0.0,0,1968.0,A01,138Â 297Â 002,2.0,6.0,-1.0,1644482,2.0,2,,15.0,2.0,6.0,A01,138Â 297Â 002,1.0
963514,201900005045,6,15,16:00,1,1,2,1.0,3.0,39133,,M,"46,8854940","5,8788520",39,2019,80.0,1.0,1.0,3.0,2153552,1.0,1,3,1,5.0,,0.0,0,1997.0,B01,138Â 296Â 999,2.0,-1.0,-1.0,1644483,1.0,33,,0.0,2.0,1.0,B01,138Â 296Â 999,1.0
963514,201900005045,6,15,16:00,1,1,2,1.0,3.0,39133,,M,"46,8854940","5,8788520",39,2019,80.0,1.0,1.0,3.0,2153552,1.0,1,3,1,5.0,,0.0,0,1997.0,B01,138Â 296Â 999,2.0,-1.0,-1.0,1644484,2.0,7,,0.0,2.0,2.0,A01,138Â 297Â 000,1.0
963514,201900005045,6,15,16:00,1,1,2,1.0,3.0,39133,,M,"46,8854940","5,8788520",39,2019,80.0,1.0,1.0,3.0,2153553,1.0,1,1,2,5.0,,0.0,0,2000.0,A01,138Â 297Â 000,1.0,-1.0,-1.0,1644483,1.0,33,,0.0,2.0,1.0,B01,138Â 296Â 999,1.0
963514,201900005045,6,15,16:00,1,1,2,1.0,3.0,39133,,M,"46,8854940","5,8788520",39,2019,80.0,1.0,1.0,3.0,2153553,1.0,1,1,2,5.0,,0.0,0,2000.0,A01,138Â 297Â 000,1.0,-1.0,-1.0,1644484,2.0,7,,0.0,2.0,2.0,A01,138Â 297Â 000,1.0
963515,201900005046,6,2,11:30,1,2,1,1.0,3.0,39306,La Fontaine aux Daims,M,"46,6573040","5,5396870",39,2019,50.0,1.0,1.0,3.0,2153554,1.0,1,1,2,5.0,,0.0,0,2000.0,B01,138Â 296Â 997,1.0,-1.0,-1.0,1644485,2.0,7,,0.0,2.0,2.0,B01,138Â 296Â 997,1.0
963515,201900005046,6,2,11:30,1,2,1,1.0,3.0,39306,La Fontaine aux Daims,M,"46,6573040","5,5396870",39,2019,50.0,1.0,1.0,3.0,2153554,1.0,1,1,2,5.0,,0.0,0,2000.0,B01,138Â 296Â 997,1.0,-1.0,-1.0,1644486,2.0,1,,0.0,2.0,3.0,A01,138Â 296Â 998,5.0
963515,201900005046,6,2,11:30,1,2,1,1.0,3.0,39306,La Fontaine aux Daims,M,"46,6573040","5,5396870",39,2019,50.0,1.0,1.0,3.0,2153555,1.0,1,3,1,5.0,,0.0,0,1953.0,A01,138Â 296Â 998,2.0,-1.0,-1.0,1644485,2.0,7,,0.0,2.0,2.0,B01,138Â 296Â 997,1.0
963515,201900005046,6,2,11:30,1,2,1,1.0,3.0,39306,La Fontaine aux Daims,M,"46,6573040","5,5396870",39,2019,50.0,1.0,1.0,3.0,2153555,1.0,1,3,1,5.0,,0.0,0,1953.0,A01,138Â 296Â 998,2.0,-1.0,-1.0,1644486,2.0,1,,0.0,2.0,3.0,A01,138Â 296Â 998,5.0
963516,201900005047,6,13,20:00,2,2,1,1.0,6.0,25373,11 Rue du Bizot,M,"47,1543140","6,6791680",25,2019,50.0,1.0,1.0,4.0,2153556,1.0,1,1,1,9.0,,0.0,0,1979.0,A01,138Â 296Â 995,1.0,-1.0,-1.0,1644487,3.0,7,,0.0,9.0,3.0,A01,138Â 296Â 995,1.0
963516,201900005047,6,13,20:00,2,2,1,1.0,6.0,25373,11 Rue du Bizot,M,"47,1543140","6,6791680",25,2019,50.0,1.0,1.0,4.0,2153556,1.0,1,1,1,9.0,,0.0,0,1979.0,A01,138Â 296Â 995,1.0,-1.0,-1.0,1644488,3.0,1,,0.0,2.0,1.0,B01,138Â 296Â 996,5.0
963516,201900005047,6,13,20:00,2,2,1,1.0,6.0,25373,11 Rue du Bizot,M,"47,1543140","6,6791680",25,2019,50.0,1.0,1.0,4.0,2153557,1.0,1,3,1,5.0,,0.0,0,1973.0,B01,138Â 296Â 996,2.0,-1.0,-1.0,1644487,3.0,7,,0.0,9.0,3.0,A01,138Â 296Â 995,1.0
963516,201900005047,6,13,20:00,2,2,1,1.0,6.0,25373,11 Rue du Bizot,M,"47,1543140","6,6791680",25,2019,50.0,1.0,1.0,4.0,2153557,1.0,1,3,1,5.0,,0.0,0,1973.0,B01,138Â 296Â 996,2.0,-1.0,-1.0,1644488,3.0,1,,0.0,2.0,1.0,B01,138Â 296Â 996,5.0
963517,201900005048,6,14,18:30,1,2,1,1.0,6.0,25114,44 grande rue,M,"47,3479390","6,8413390",25,2019,50.0,1.0,1.0,4.0,2153558,1.0,1,1,1,4.0,,0.0,0,1953.0,B01,138Â 296Â 993,0.0,-1.0,-1.0,1644489,3.0,21,,0.0,0.0,6.0,B01,138Â 296Â 993,1.0
963517,201900005048,6,14,18:30,1,2,1,1.0,6.0,25114,44 grande rue,M,"47,3479390","6,8413390",25,2019,50.0,1.0,1.0,4.0,2153558,1.0,1,1,1,4.0,,0.0,0,1953.0,B01,138Â 296Â 993,0.0,-1.0,-1.0,1644490,3.0,1,,0.0,2.0,1.0,A01,138Â 296Â 994,5.0
963517,201900005048,6,14,18:30,1,2,1,1.0,6.0,25114,44 grande rue,M,"47,3479390","6,8413390",25,2019,50.0,1.0,1.0,4.0,2153559,1.0,1,3,1,5.0,,0.0,0,1967.0,A01,138Â 296Â 994,0.0,-1.0,-1.0,1644489,3.0,21,,0.0,0.0,6.0,B01,138Â 296Â 993,1.0
963517,201900005048,6,14,18:30,1,2,1,1.0,6.0,25114,44 grande rue,M,"47,3479390","6,8413390",25,2019,50.0,1.0,1.0,4.0,2153559,1.0,1,3,1,5.0,,0.0,0,1967.0,A01,138Â 296Â 994,0.0,-1.0,-1.0,1644490,3.0,1,,0.0,2.0,1.0,A01,138Â 296Â 994,5.0
963518,201900005049,6,13,16:00,1,2,1,1.0,1.0,25429,Rue de BesanÃ§on,M,"47,2869920","6,1397630",25,2019,50.0,1.0,1.0,3.0,2153560,1.0,1,3,1,5.0,,0.0,0,1951.0,A01,138Â 296Â 991,1.0,-1.0,-1.0,1644491,1.0,3,,0.0,2.0,3.0,A01,138Â 296Â 991,1.0
963518,201900005049,6,13,16:00,1,2,1,1.0,1.0,25429,Rue de BesanÃ§on,M,"47,2869920","6,1397630",25,2019,50.0,1.0,1.0,3.0,2153560,1.0,1,3,1,5.0,,0.0,0,1951.0,A01,138Â 296Â 991,1.0,-1.0,-1.0,1644492,2.0,7,,0.0,2.0,3.0,B01,138Â 296Â 992,1.0
963518,201900005049,6,13,16:00,1,2,1,1.0,1.0,25429,Rue de BesanÃ§on,M,"47,2869920","6,1397630",25,2019,50.0,1.0,1.0,3.0,2153561,1.0,1,1,1,4.0,,0.0,0,1978.0,B01,138Â 296Â 992,1.0,-1.0,-1.0,1644491,1.0,3,,0.0,2.0,3.0,A01,138Â 296Â 991,1.0
963518,201900005049,6,13,16:00,1,2,1,1.0,1.0,25429,Rue de BesanÃ§on,M,"47,2869920","6,1397630",25,2019,50.0,1.0,1.0,3.0,2153561,1.0,1,1,1,4.0,,0.0,0,1978.0,B01,138Â 296Â 992,1.0,-1.0,-1.0,1644492,2.0,7,,0.0,2.0,3.0,B01,138Â 296Â 992,1.0
963519,201900005050,5,31,23:45,3,2,1,1.0,2.0,25212,RD 75,M,"47,2671230","5,9867330",25,2019,50.0,1.0,1.0,3.0,2153562,1.0,1,4,1,5.0,,0.0,0,1994.0,B01,138Â 296Â 989,2.0,-1.0,-1.0,1644493,2.0,31,,0.0,2.0,4.0,B01,138Â 296Â 989,0.0
963519,201900005050,5,31,23:45,3,2,1,1.0,2.0,25212,RD 75,M,"47,2671230","5,9867330",25,2019,50.0,1.0,1.0,3.0,2153562,1.0,1,4,1,5.0,,0.0,0,1994.0,B01,138Â 296Â 989,2.0,-1.0,-1.0,1644494,2.0,7,,0.0,2.0,1.0,A01,138Â 296Â 990,0.0
963519,201900005050,5,31,23:45,3,2,1,1.0,2.0,25212,RD 75,M,"47,2671230","5,9867330",25,2019,50.0,1.0,1.0,3.0,2153563,2.0,2,3,2,5.0,,0.0,0,1994.0,B01,138Â 296Â 989,2.0,-1.0,-1.0,1644493,2.0,31,,0.0,2.0,4.0,B01,138Â 296Â 989,0.0
963519,201900005050,5,31,23:45,3,2,1,1.0,2.0,25212,RD 75,M,"47,2671230","5,9867330",25,2019,50.0,1.0,1.0,3.0,2153563,2.0,2,3,2,5.0,,0.0,0,1994.0,B01,138Â 296Â 989,2.0,-1.0,-1.0,1644494,2.0,7,,0.0,2.0,1.0,A01,138Â 296Â 990,0.0
963519,201900005050,5,31,23:45,3,2,1,1.0,2.0,25212,RD 75,M,"47,2671230","5,9867330",25,2019,50.0,1.0,1.0,3.0,2153564,1.0,1,1,2,1.0,,0.0,0,1997.0,A01,138Â 296Â 990,1.0,-1.0,-1.0,1644493,2.0,31,,0.0,2.0,4.0,B01,138Â 296Â 989,0.0
963519,201900005050,5,31,23:45,3,2,1,1.0,2.0,25212,RD 75,M,"47,2671230","5,9867330",25,2019,50.0,1.0,1.0,3.0,2153564,1.0,1,1,2,1.0,,0.0,0,1997.0,A01,138Â 296Â 990,1.0,-1.0,-1.0,1644494,2.0,7,,0.0,2.0,1.0,A01,138Â 296Â 990,0.0
963520,201900005051,6,10,14:40,1,1,3,1.0,3.0,44189,Travers,M,"47,4376140"," -2,1648270",44,2019,80.0,1.0,1.0,3.0,2153565,1.0,1,2,2,5.0,,0.0,0,2006.0,B01,138Â 296Â 987,0.0,-1.0,-1.0,1644495,2.0,1,,0.0,2.0,8.0,B01,138Â 296Â 987,5.0
963520,201900005051,6,10,14:40,1,1,3,1.0,3.0,44189,Travers,M,"47,4376140"," -2,1648270",44,2019,80.0,1.0,1.0,3.0,2153565,1.0,1,2,2,5.0,,0.0,0,2006.0,B01,138Â 296Â 987,0.0,-1.0,-1.0,1644496,2.0,10,,0.0,2.0,2.0,A01,138Â 296Â 988,1.0
963520,201900005051,6,10,14:40,1,1,3,1.0,3.0,44189,Travers,M,"47,4376140"," -2,1648270",44,2019,80.0,1.0,1.0,3.0,2153566,1.0,1,1,1,5.0,,0.0,0,1966.0,A01,138Â 296Â 988,1.0,-1.0,-1.0,1644495,2.0,1,,0.0,2.0,8.0,B01,138Â 296Â 987,5.0
963520,201900005051,6,10,14:40,1,1,3,1.0,3.0,44189,Travers,M,"47,4376140"," -2,1648270",44,2019,80.0,1.0,1.0,3.0,2153566,1.0,1,1,1,5.0,,0.0,0,1966.0,A01,138Â 296Â 988,1.0,-1.0,-1.0,1644496,2.0,10,,0.0,2.0,2.0,A01,138Â 296Â 988,1.0
963521,201900005052,6,9,16:25,1,1,1,3.0,5.0,44161,d773,M,"47,5269720"," -2,0486120",44,2019,80.0,1.0,2.0,3.0,2153567,1.0,1,1,1,5.0,,0.0,0,1973.0,A01,138Â 296Â 983,1.0,-1.0,-1.0,1644497,1.0,7,,0.0,0.0,1.0,A01,138Â 296Â 983,0.0
963521,201900005052,6,9,16:25,1,1,1,3.0,5.0,44161,d773,M,"47,5269720"," -2,0486120",44,2019,80.0,1.0,2.0,3.0,2153567,1.0,1,1,1,5.0,,0.0,0,1973.0,A01,138Â 296Â 983,1.0,-1.0,-1.0,1644498,1.0,7,,0.0,0.0,8.0,B01,138Â 296Â 984,1.0
963521,201900005052,6,9,16:25,1,1,1,3.0,5.0,44161,d773,M,"47,5269720"," -2,0486120",44,2019,80.0,1.0,2.0,3.0,2153567,1.0,1,1,1,5.0,,0.0,0,1973.0,A01,138Â 296Â 983,1.0,-1.0,-1.0,1644499,1.0,7,,0.0,0.0,1.0,C01,138Â 296Â 985,1.0
963521,201900005052,6,9,16:25,1,1,1,3.0,5.0,44161,d773,M,"47,5269720"," -2,0486120",44,2019,80.0,1.0,2.0,3.0,2153567,1.0,1,1,1,5.0,,0.0,0,1973.0,A01,138Â 296Â 983,1.0,-1.0,-1.0,1644500,2.0,7,,0.0,0.0,1.0,D01,138Â 296Â 986,3.0
963521,201900005052,6,9,16:25,1,1,1,3.0,5.0,44161,d773,M,"47,5269720"," -2,0486120",44,2019,80.0,1.0,2.0,3.0,2153568,1.0,1,3,2,9.0,,0.0,0,1937.0,B01,138Â 296Â 984,1.0,-1.0,-1.0,1644497,1.0,7,,0.0,0.0,1.0,A01,138Â 296Â 983,0.0
963521,201900005052,6,9,16:25,1,1,1,3.0,5.0,44161,d773,M,"47,5269720"," -2,0486120",44,2019,80.0,1.0,2.0,3.0,2153568,1.0,1,3,2,9.0,,0.0,0,1937.0,B01,138Â 296Â 984,1.0,-1.0,-1.0,1644498,1.0,7,,0.0,0.0,8.0,B01,138Â 296Â 984,1.0
963521,201900005052,6,9,16:25,1,1,1,3.0,5.0,44161,d773,M,"47,5269720"," -2,0486120",44,2019,80.0,1.0,2.0,3.0,2153568,1.0,1,3,2,9.0,,0.0,0,1937.0,B01,138Â 296Â 984,1.0,-1.0,-1.0,1644499,1.0,7,,0.0,0.0,1.0,C01,138Â 296Â 985,1.0
963521,201900005052,6,9,16:25,1,1,1,3.0,5.0,44161,d773,M,"47,5269720"," -2,0486120",44,2019,80.0,1.0,2.0,3.0,2153568,1.0,1,3,2,9.0,,0.0,0,1937.0,B01,138Â 296Â 984,1.0,-1.0,-1.0,1644500,2.0,7,,0.0,0.0,1.0,D01,138Â 296Â 986,3.0
963521,201900005052,6,9,16:25,1,1,1,3.0,5.0,44161,d773,M,"47,5269720"," -2,0486120",44,2019,80.0,1.0,2.0,3.0,2153569,2.0,2,4,2,9.0,,0.0,0,1934.0,B01,138Â 296Â 984,1.0,-1.0,-1.0,1644497,1.0,7,,0.0,0.0,1.0,A01,138Â 296Â 983,0.0
963521,201900005052,6,9,16:25,1,1,1,3.0,5.0,44161,d773,M,"47,5269720"," -2,0486120",44,2019,80.0,1.0,2.0,3.0,2153569,2.0,2,4,2,9.0,,0.0,0,1934.0,B01,138Â 296Â 984,1.0,-1.0,-1.0,1644498,1.0,7,,0.0,0.0,8.0,B01,138Â 296Â 984,1.0
963521,201900005052,6,9,16:25,1,1,1,3.0,5.0,44161,d773,M,"47,5269720"," -2,0486120",44,2019,80.0,1.0,2.0,3.0,2153569,2.0,2,4,2,9.0,,0.0,0,1934.0,B01,138Â 296Â 984,1.0,-1.0,-1.0,1644499,1.0,7,,0.0,0.0,1.0,C01,138Â 296Â 985,1.0
963521,201900005052,6,9,16:25,1,1,1,3.0,5.0,44161,d773,M,"47,5269720"," -2,0486120",44,2019,80.0,1.0,2.0,3.0,2153569,2.0,2,4,2,9.0,,0.0,0,1934.0,B01,138Â 296Â 984,1.0,-1.0,-1.0,1644500,2.0,7,,0.0,0.0,1.0,D01,138Â 296Â 986,3.0
963521,201900005052,6,9,16:25,1,1,1,3.0,5.0,44161,d773,M,"47,5269720"," -2,0486120",44,2019,80.0,1.0,2.0,3.0,2153570,1.0,1,4,2,5.0,,0.0,0,1977.0,C01,138Â 296Â 985,1.0,-1.0,-1.0,1644497,1.0,7,,0.0,0.0,1.0,A01,138Â 296Â 983,0.0
963521,201900005052,6,9,16:25,1,1,1,3.0,5.0,44161,d773,M,"47,5269720"," -2,0486120",44,2019,80.0,1.0,2.0,3.0,2153570,1.0,1,4,2,5.0,,0.0,0,1977.0,C01,138Â 296Â 985,1.0,-1.0,-1.0,1644498,1.0,7,,0.0,0.0,8.0,B01,138Â 296Â 984,1.0
963521,201900005052,6,9,16:25,1,1,1,3.0,5.0,44161,d773,M,"47,5269720"," -2,0486120",44,2019,80.0,1.0,2.0,3.0,2153570,1.0,1,4,2,5.0,,0.0,0,1977.0,C01,138Â 296Â 985,1.0,-1.0,-1.0,1644499,1.0,7,,0.0,0.0,1.0,C01,138Â 296Â 985,1.0
963521,201900005052,6,9,16:25,1,1,1,3.0,5.0,44161,d773,M,"47,5269720"," -2,0486120",44,2019,80.0,1.0,2.0,3.0,2153570,1.0,1,4,2,5.0,,0.0,0,1977.0,C01,138Â 296Â 985,1.0,-1.0,-1.0,1644500,2.0,7,,0.0,0.0,1.0,D01,138Â 296Â 986,3.0
963521,201900005052,6,9,16:25,1,1,1,3.0,5.0,44161,d773,M,"47,5269720"," -2,0486120",44,2019,80.0,1.0,2.0,3.0,2153571,9.0,2,4,1,5.0,,0.0,0,2005.0,C01,138Â 296Â 985,1.0,-1.0,-1.0,1644497,1.0,7,,0.0,0.0,1.0,A01,138Â 296Â 983,0.0
963521,201900005052,6,9,16:25,1,1,1,3.0,5.0,44161,d773,M,"47,5269720"," -2,0486120",44,2019,80.0,1.0,2.0,3.0,2153571,9.0,2,4,1,5.0,,0.0,0,2005.0,C01,138Â 296Â 985,1.0,-1.0,-1.0,1644498,1.0,7,,0.0,0.0,8.0,B01,138Â 296Â 984,1.0
963521,201900005052,6,9,16:25,1,1,1,3.0,5.0,44161,d773,M,"47,5269720"," -2,0486120",44,2019,80.0,1.0,2.0,3.0,2153571,9.0,2,4,1,5.0,,0.0,0,2005.0,C01,138Â 296Â 985,1.0,-1.0,-1.0,1644499,1.0,7,,0.0,0.0,1.0,C01,138Â 296Â 985,1.0
963521,201900005052,6,9,16:25,1,1,1,3.0,5.0,44161,d773,M,"47,5269720"," -2,0486120",44,2019,80.0,1.0,2.0,3.0,2153571,9.0,2,4,1,5.0,,0.0,0,2005.0,C01,138Â 296Â 985,1.0,-1.0,-1.0,1644500,2.0,7,,0.0,0.0,1.0,D01,138Â 296Â 986,3.0
963521,201900005052,6,9,16:25,1,1,1,3.0,5.0,44161,d773,M,"47,5269720"," -2,0486120",44,2019,80.0,1.0,2.0,3.0,2153572,2.0,2,4,1,5.0,,0.0,0,2008.0,C01,138Â 296Â 985,1.0,-1.0,-1.0,1644497,1.0,7,,0.0,0.0,1.0,A01,138Â 296Â 983,0.0
963521,201900005052,6,9,16:25,1,1,1,3.0,5.0,44161,d773,M,"47,5269720"," -2,0486120",44,2019,80.0,1.0,2.0,3.0,2153572,2.0,2,4,1,5.0,,0.0,0,2008.0,C01,138Â 296Â 985,1.0,-1.0,-1.0,1644498,1.0,7,,0.0,0.0,8.0,B01,138Â 296Â 984,1.0
963521,201900005052,6,9,16:25,1,1,1,3.0,5.0,44161,d773,M,"47,5269720"," -2,0486120",44,2019,80.0,1.0,2.0,3.0,2153572,2.0,2,4,1,5.0,,0.0,0,2008.0,C01,138Â 296Â 985,1.0,-1.0,-1.0,1644499,1.0,7,,0.0,0.0,1.0,C01,138Â 296Â 985,1.0
963521,201900005052,6,9,16:25,1,1,1,3.0,5.0,44161,d773,M,"47,5269720"," -2,0486120",44,2019,80.0,1.0,2.0,3.0,2153572,2.0,2,4,1,5.0,,0.0,0,2008.0,C01,138Â 296Â 985,1.0,-1.0,-1.0,1644500,2.0,7,,0.0,0.0,1.0,D01,138Â 296Â 986,3.0
963521,201900005052,6,9,16:25,1,1,1,3.0,5.0,44161,d773,M,"47,5269720"," -2,0486120",44,2019,80.0,1.0,2.0,3.0,2153573,7.0,2,4,2,5.0,,0.0,0,2010.0,C01,138Â 296Â 985,1.0,-1.0,-1.0,1644497,1.0,7,,0.0,0.0,1.0,A01,138Â 296Â 983,0.0
963521,201900005052,6,9,16:25,1,1,1,3.0,5.0,44161,d773,M,"47,5269720"," -2,0486120",44,2019,80.0,1.0,2.0,3.0,2153573,7.0,2,4,2,5.0,,0.0,0,2010.0,C01,138Â 296Â 985,1.0,-1.0,-1.0,1644498,1.0,7,,0.0,0.0,8.0,B01,138Â 296Â 984,1.0
963521,201900005052,6,9,16:25,1,1,1,3.0,5.0,44161,d773,M,"47,5269720"," -2,0486120",44,2019,80.0,1.0,2.0,3.0,2153573,7.0,2,4,2,5.0,,0.0,0,2010.0,C01,138Â 296Â 985,1.0,-1.0,-1.0,1644499,1.0,7,,0.0,0.0,1.0,C01,138Â 296Â 985,1.0
963521,201900005052,6,9,16:25,1,1,1,3.0,5.0,44161,d773,M,"47,5269720"," -2,0486120",44,2019,80.0,1.0,2.0,3.0,2153573,7.0,2,4,2,5.0,,0.0,0,2010.0,C01,138Â 296Â 985,1.0,-1.0,-1.0,1644500,2.0,7,,0.0,0.0,1.0,D01,138Â 296Â 986,3.0
963521,201900005052,6,9,16:25,1,1,1,3.0,5.0,44161,d773,M,"47,5269720"," -2,0486120",44,2019,80.0,1.0,2.0,3.0,2153574,1.0,1,1,1,5.0,,0.0,0,1967.0,D01,138Â 296Â 986,1.0,-1.0,-1.0,1644497,1.0,7,,0.0,0.0,1.0,A01,138Â 296Â 983,0.0
963521,201900005052,6,9,16:25,1,1,1,3.0,5.0,44161,d773,M,"47,5269720"," -2,0486120",44,2019,80.0,1.0,2.0,3.0,2153574,1.0,1,1,1,5.0,,0.0,0,1967.0,D01,138Â 296Â 986,1.0,-1.0,-1.0,1644498,1.0,7,,0.0,0.0,8.0,B01,138Â 296Â 984,1.0
963521,201900005052,6,9,16:25,1,1,1,3.0,5.0,44161,d773,M,"47,5269720"," -2,0486120",44,2019,80.0,1.0,2.0,3.0,2153574,1.0,1,1,1,5.0,,0.0,0,1967.0,D01,138Â 296Â 986,1.0,-1.0,-1.0,1644499,1.0,7,,0.0,0.0,1.0,C01,138Â 296Â 985,1.0
963521,201900005052,6,9,16:25,1,1,1,3.0,5.0,44161,d773,M,"47,5269720"," -2,0486120",44,2019,80.0,1.0,2.0,3.0,2153574,1.0,1,1,1,5.0,,0.0,0,1967.0,D01,138Â 296Â 986,1.0,-1.0,-1.0,1644500,2.0,7,,0.0,0.0,1.0,D01,138Â 296Â 986,3.0
963522,201900005053,6,1,09:35,1,1,2,1.0,3.0,44098,Rue de Bercehan-Bergon,M,"47,4618148"," -2,2080269",44,2019,70.0,1.0,1.0,4.0,2153575,1.0,1,3,1,5.0,,0.0,0,1968.0,A01,138Â 296Â 981,2.0,-1.0,-1.0,1644501,3.0,1,,0.0,2.0,7.0,A01,138Â 296Â 981,5.0