Unnamed: 0_x,num_acc,mois,jour,hrmn,lum,agg,int,atm,col,com,adr,gps,lat,long,dep,annee,vma,situ,surf,catr,Unnamed: 0_y,place,catu,grav,sexe,trajet,secu,locp,actp,an_nais,num_veh_x,id_vehicule_x,secu1,secu2,secu3,Unnamed: 0,senc,catv,occutc,obs,obsm,choc,num_veh_y,id_vehicule_y,motor
963522,201900005053,6,1,09:35,1,1,2,1.0,3.0,44098,Rue de Bercehan-Bergon,M,"47,4618148"," -2,2080269",44,2019,70.0,1.0,1.0,4.0,2153575,1.0,1,3,1,5.0,,0.0,0,1968.0,A01,138Â 296Â 981,2.0,-1.0,-1.0,1644502,3.0,7,,0.0,2.0,2.0,B01,138Â 296Â 982,0.0
963522,201900005053,6,1,09:35,1,1,2,1.0,3.0,44098,Rue de Bercehan-Bergon,M,"47,4618148"," -2,2080269",44,2019,70.0,1.0,1.0,4.0,2153576,1.0,1,1,2,5.0,,0.0,0,1965.0,B01,138Â 296Â 982,1.0,-1.0,-1.0,1644501,3.0,1,,0.0,2.0,7.0,A01,138Â 296Â 981,5.0
963522,201900005053,6,1,09:35,1,1,2,1.0,3.0,44098,Rue de Bercehan-Bergon,M,"47,4618148"," -2,2080269",44,2019,70.0,1.0,1.0,4.0,2153576,1.0,1,1,2,5.0,,0.0,0,1965.0,B01,138Â 296Â 982,1.0,-1.0,-1.0,1644502,3.0,7,,0.0,2.0,2.0,B01,138Â 296Â 982,0.0
963523,201900005054,3,13,12:15,5,1,1,1.0,6.0,44013,,M,"47,3707624"," -2,0419797",44,2019,70.0,1.0,1.0,3.0,2153577,1.0,1,2,1,5.0,,0.0,0,1951.0,A01,138Â 296Â 980,1.0,-1.0,-1.0,1644503,1.0,7,,13.0,0.0,3.0,A01,138Â 296Â 980,0.0
963524,201900005055,6,2,00:01,3,2,1,1.0,6.0,44151,Rue de la BriÃ¨re,M,"47,3162490"," -2,3015790",44,2019,50.0,3.0,1.0,4.0,2153578,1.0,1,3,1,5.0,,0.0,0,1998.0,A01,138Â 296Â 979,2.0,-1.0,-1.0,1644504,0.0,31,,1.0,0.0,1.0,A01,138Â 296Â 979,1.0
963525,201900005056,5,31,19:20,1,2,1,1.0,3.0,44151,18 Route d'Avrillac,M,"47,3158860"," -2,3449710",44,2019,50.0,1.0,1.0,4.0,2153579,1.0,1,3,2,1.0,,0.0,0,1963.0,B01,138Â 296Â 977,2.0,6.0,9.0,1644505,3.0,31,,6.0,2.0,1.0,B01,138Â 296Â 977,1.0
963525,201900005056,5,31,19:20,1,2,1,1.0,3.0,44151,18 Route d'Avrillac,M,"47,3158860"," -2,3449710",44,2019,50.0,1.0,1.0,4.0,2153579,1.0,1,3,2,1.0,,0.0,0,1963.0,B01,138Â 296Â 977,2.0,6.0,9.0,1644506,3.0,10,,0.0,0.0,8.0,A01,138Â 296Â 978,1.0
963525,201900005056,5,31,19:20,1,2,1,1.0,3.0,44151,18 Route d'Avrillac,M,"47,3158860"," -2,3449710",44,2019,50.0,1.0,1.0,4.0,2153580,1.0,1,1,1,1.0,,0.0,0,1955.0,A01,138Â 296Â 978,1.0,-1.0,-1.0,1644505,3.0,31,,6.0,2.0,1.0,B01,138Â 296Â 977,1.0
963525,201900005056,5,31,19:20,1,2,1,1.0,3.0,44151,18 Route d'Avrillac,M,"47,3158860"," -2,3449710",44,2019,50.0,1.0,1.0,4.0,2153580,1.0,1,1,1,1.0,,0.0,0,1955.0,A01,138Â 296Â 978,1.0,-1.0,-1.0,1644506,3.0,10,,0.0,0.0,8.0,A01,138Â 296Â 978,1.0
963526,201900005057,5,28,06:40,2,1,9,1.0,2.0,44032,RN 249 - PK 11+600,M,"47,1644212"," -1,3690209",44,2019,110.0,2.0,1.0,2.0,2153581,1.0,1,1,1,4.0,,0.0,0,1966.0,B01,138Â 296Â 975,1.0,-1.0,-1.0,1644507,1.0,15,,1.0,2.0,5.0,B01,138Â 296Â 975,0.0
963526,201900005057,5,28,06:40,2,1,9,1.0,2.0,44032,RN 249 - PK 11+600,M,"47,1644212"," -1,3690209",44,2019,110.0,2.0,1.0,2.0,2153581,1.0,1,1,1,4.0,,0.0,0,1966.0,B01,138Â 296Â 975,1.0,-1.0,-1.0,1644508,1.0,7,,0.0,0.0,6.0,A01,138Â 296Â 976,0.0
963526,201900005057,5,28,06:40,2,1,9,1.0,2.0,44032,RN 249 - PK 11+600,M,"47,1644212"," -1,3690209",44,2019,110.0,2.0,1.0,2.0,2153582,1.0,1,4,1,1.0,,0.0,0,1985.0,A01,138Â 296Â 976,0.0,-1.0,-1.0,1644507,1.0,15,,1.0,2.0,5.0,B01,138Â 296Â 975,0.0
963526,201900005057,5,28,06:40,2,1,9,1.0,2.0,44032,RN 249 - PK 11+600,M,"47,1644212"," -1,3690209",44,2019,110.0,2.0,1.0,2.0,2153582,1.0,1,4,1,1.0,,0.0,0,1985.0,A01,138Â 296Â 976,0.0,-1.0,-1.0,1644508,1.0,7,,0.0,0.0,6.0,A01,138Â 296Â 976,0.0
963527,201900005058,6,12,16:30,1,2,9,1.0,6.0,44043,Place des Douves,M,"47,0861640"," -1,2841130",44,2019,30.0,1.0,1.0,6.0,2153583,10.0,3,4,2,0.0,,9.0,4,1936.0,A01,138Â 296Â 974,0.0,-1.0,-1.0,1644509,0.0,7,,0.0,1.0,4.0,A01,138Â 296Â 974,1.0
963527,201900005058,6,12,16:30,1,2,9,1.0,6.0,44043,Place des Douves,M,"47,0861640"," -1,2841130",44,2019,30.0,1.0,1.0,6.0,2153584,1.0,1,1,2,5.0,,0.0,0,1969.0,A01,138Â 296Â 974,0.0,-1.0,-1.0,1644509,0.0,7,,0.0,1.0,4.0,A01,138Â 296Â 974,1.0
963528,201900005059,6,11,19:20,1,1,1,2.0,1.0,44014,D11,M,"47,1009490"," -1,5021690",44,2019,80.0,1.0,2.0,3.0,2153585,1.0,1,1,2,1.0,,0.0,0,1999.0,A01,138Â 296Â 972,1.0,-1.0,-1.0,1644510,1.0,7,,0.0,2.0,3.0,A01,138Â 296Â 972,1.0
963528,201900005059,6,11,19:20,1,1,1,2.0,1.0,44014,D11,M,"47,1009490"," -1,5021690",44,2019,80.0,1.0,2.0,3.0,2153585,1.0,1,1,2,1.0,,0.0,0,1999.0,A01,138Â 296Â 972,1.0,-1.0,-1.0,1644511,2.0,33,,0.0,2.0,1.0,B01,138Â 296Â 973,1.0
963528,201900005059,6,11,19:20,1,1,1,2.0,1.0,44014,D11,M,"47,1009490"," -1,5021690",44,2019,80.0,1.0,2.0,3.0,2153586,1.0,1,3,1,1.0,,0.0,0,1972.0,B01,138Â 296Â 973,2.0,-1.0,-1.0,1644510,1.0,7,,0.0,2.0,3.0,A01,138Â 296Â 972,1.0
963528,201900005059,6,11,19:20,1,1,1,2.0,1.0,44014,D11,M,"47,1009490"," -1,5021690",44,2019,80.0,1.0,2.0,3.0,2153586,1.0,1,3,1,1.0,,0.0,0,1972.0,B01,138Â 296Â 973,2.0,-1.0,-1.0,1644511,2.0,33,,0.0,2.0,1.0,B01,138Â 296Â 973,1.0
963529,201900005060,6,3,17:45,1,1,3,7.0,3.0,44014,RD137,M,"47,1296730"," -1,5040260",44,2019,80.0,1.0,1.0,3.0,2153587,1.0,1,3,1,0.0,,0.0,0,1970.0,B01,138Â 296Â 970,2.0,-1.0,-1.0,1644512,1.0,33,,0.0,2.0,1.0,B01,138Â 296Â 970,0.0
963529,201900005060,6,3,17:45,1,1,3,7.0,3.0,44014,RD137,M,"47,1296730"," -1,5040260",44,2019,80.0,1.0,1.0,3.0,2153587,1.0,1,3,1,0.0,,0.0,0,1970.0,B01,138Â 296Â 970,2.0,-1.0,-1.0,1644513,1.0,7,,0.0,2.0,2.0,A01,138Â 296Â 971,0.0
963529,201900005060,6,3,17:45,1,1,3,7.0,3.0,44014,RD137,M,"47,1296730"," -1,5040260",44,2019,80.0,1.0,1.0,3.0,2153588,1.0,1,1,2,1.0,,0.0,0,1986.0,A01,138Â 296Â 971,1.0,-1.0,-1.0,1644512,1.0,33,,0.0,2.0,1.0,B01,138Â 296Â 970,0.0
963529,201900005060,6,3,17:45,1,1,3,7.0,3.0,44014,RD137,M,"47,1296730"," -1,5040260",44,2019,80.0,1.0,1.0,3.0,2153588,1.0,1,1,2,1.0,,0.0,0,1986.0,A01,138Â 296Â 971,1.0,-1.0,-1.0,1644513,1.0,7,,0.0,2.0,2.0,A01,138Â 296Â 971,0.0
963530,201900005061,6,15,11:00,1,1,1,1.0,2.0,44145,Launay,M,"47,1962920"," -1,8355370",44,2019,80.0,1.0,1.0,3.0,2153589,1.0,1,1,1,5.0,,0.0,0,1964.0,B01,138Â 296Â 968,1.0,-1.0,-1.0,1644514,1.0,7,,0.0,0.0,6.0,B01,138Â 296Â 968,0.0
963530,201900005061,6,15,11:00,1,1,1,1.0,2.0,44145,Launay,M,"47,1962920"," -1,8355370",44,2019,80.0,1.0,1.0,3.0,2153589,1.0,1,1,1,5.0,,0.0,0,1964.0,B01,138Â 296Â 968,1.0,-1.0,-1.0,1644515,1.0,33,,0.0,2.0,2.0,A01,138Â 296Â 969,0.0
963530,201900005061,6,15,11:00,1,1,1,1.0,2.0,44145,Launay,M,"47,1962920"," -1,8355370",44,2019,80.0,1.0,1.0,3.0,2153590,1.0,1,3,1,5.0,,0.0,0,1991.0,A01,138Â 296Â 969,2.0,-1.0,-1.0,1644514,1.0,7,,0.0,0.0,6.0,B01,138Â 296Â 968,0.0
963530,201900005061,6,15,11:00,1,1,1,1.0,2.0,44145,Launay,M,"47,1962920"," -1,8355370",44,2019,80.0,1.0,1.0,3.0,2153590,1.0,1,3,1,5.0,,0.0,0,1991.0,A01,138Â 296Â 969,2.0,-1.0,-1.0,1644515,1.0,33,,0.0,2.0,2.0,A01,138Â 296Â 969,0.0
963531,201900005062,6,8,21:45,2,1,1,1.0,7.0,44164,D61,M,"47,1151930"," -1,8998460",44,2019,80.0,1.0,1.0,3.0,2153591,1.0,1,3,1,5.0,,0.0,0,1960.0,A01,138Â 296Â 967,8.0,-1.0,-1.0,1644516,1.0,7,,13.0,0.0,3.0,A01,138Â 296Â 967,1.0
963532,201900005063,6,2,14:30,1,1,1,1.0,1.0,44023,La Haie,M,"47,3976850"," -1,8684530",44,2019,80.0,1.0,1.0,2.0,2153592,1.0,1,4,1,5.0,,0.0,0,1978.0,A01,138Â 296Â 965,1.0,5.0,-1.0,1644517,1.0,7,,0.0,2.0,1.0,A01,138Â 296Â 965,1.0
963532,201900005063,6,2,14:30,1,1,1,1.0,1.0,44023,La Haie,M,"47,3976850"," -1,8684530",44,2019,80.0,1.0,1.0,2.0,2153592,1.0,1,4,1,5.0,,0.0,0,1978.0,A01,138Â 296Â 965,1.0,5.0,-1.0,1644518,2.0,7,,0.0,2.0,1.0,B01,138Â 296Â 966,1.0
963532,201900005063,6,2,14:30,1,1,1,1.0,1.0,44023,La Haie,M,"47,3976850"," -1,8684530",44,2019,80.0,1.0,1.0,2.0,2153593,2.0,2,3,2,5.0,,0.0,0,1959.0,B01,138Â 296Â 966,1.0,5.0,-1.0,1644517,1.0,7,,0.0,2.0,1.0,A01,138Â 296Â 965,1.0
963532,201900005063,6,2,14:30,1,1,1,1.0,1.0,44023,La Haie,M,"47,3976850"," -1,8684530",44,2019,80.0,1.0,1.0,2.0,2153593,2.0,2,3,2,5.0,,0.0,0,1959.0,B01,138Â 296Â 966,1.0,5.0,-1.0,1644518,2.0,7,,0.0,2.0,1.0,B01,138Â 296Â 966,1.0
963532,201900005063,6,2,14:30,1,1,1,1.0,1.0,44023,La Haie,M,"47,3976850"," -1,8684530",44,2019,80.0,1.0,1.0,2.0,2153594,1.0,1,2,1,5.0,,0.0,0,1955.0,B01,138Â 296Â 966,1.0,5.0,-1.0,1644517,1.0,7,,0.0,2.0,1.0,A01,138Â 296Â 965,1.0
963532,201900005063,6,2,14:30,1,1,1,1.0,1.0,44023,La Haie,M,"47,3976850"," -1,8684530",44,2019,80.0,1.0,1.0,2.0,2153594,1.0,1,2,1,5.0,,0.0,0,1955.0,B01,138Â 296Â 966,1.0,5.0,-1.0,1644518,2.0,7,,0.0,2.0,1.0,B01,138Â 296Â 966,1.0
963533,201900005064,5,30,17:50,1,1,2,1.0,1.0,44048,Les PouriÃ¨res  D21,M,"47,3621820"," -1,3292520",44,2019,80.0,1.0,1.0,3.0,2153595,1.0,1,1,1,5.0,,0.0,0,1954.0,A01,138Â 296Â 963,1.0,-1.0,-1.0,1644519,2.0,7,,0.0,2.0,0.0,A01,138Â 296Â 963,1.0
963533,201900005064,5,30,17:50,1,1,2,1.0,1.0,44048,Les PouriÃ¨res  D21,M,"47,3621820"," -1,3292520",44,2019,80.0,1.0,1.0,3.0,2153595,1.0,1,1,1,5.0,,0.0,0,1954.0,A01,138Â 296Â 963,1.0,-1.0,-1.0,1644520,1.0,33,,0.0,2.0,0.0,B01,138Â 296Â 964,1.0
963533,201900005064,5,30,17:50,1,1,2,1.0,1.0,44048,Les PouriÃ¨res  D21,M,"47,3621820"," -1,3292520",44,2019,80.0,1.0,1.0,3.0,2153596,1.0,1,4,2,5.0,,0.0,0,1995.0,B01,138Â 296Â 964,2.0,9.0,-1.0,1644519,2.0,7,,0.0,2.0,0.0,A01,138Â 296Â 963,1.0
963533,201900005064,5,30,17:50,1,1,2,1.0,1.0,44048,Les PouriÃ¨res  D21,M,"47,3621820"," -1,3292520",44,2019,80.0,1.0,1.0,3.0,2153596,1.0,1,4,2,5.0,,0.0,0,1995.0,B01,138Â 296Â 964,2.0,9.0,-1.0,1644520,1.0,33,,0.0,2.0,0.0,B01,138Â 296Â 964,1.0
963534,201900005065,6,15,18:35,1,1,1,2.0,1.0,35105,Mont de Boeuf,M,"48,1298420"," -1,1204890",35,2019,80.0,1.0,2.0,3.0,2153597,2.0,2,1,2,5.0,,0.0,0,1990.0,A01,138Â 296Â 961,1.0,-1.0,-1.0,1644521,1.0,7,,0.0,2.0,3.0,A01,138Â 296Â 961,1.0
963534,201900005065,6,15,18:35,1,1,1,2.0,1.0,35105,Mont de Boeuf,M,"48,1298420"," -1,1204890",35,2019,80.0,1.0,2.0,3.0,2153597,2.0,2,1,2,5.0,,0.0,0,1990.0,A01,138Â 296Â 961,1.0,-1.0,-1.0,1644522,2.0,7,,13.0,2.0,3.0,B01,138Â 296Â 962,1.0
963534,201900005065,6,15,18:35,1,1,1,2.0,1.0,35105,Mont de Boeuf,M,"48,1298420"," -1,1204890",35,2019,80.0,1.0,2.0,3.0,2153598,9.0,2,1,2,5.0,,0.0,0,2016.0,A01,138Â 296Â 961,1.0,-1.0,-1.0,1644521,1.0,7,,0.0,2.0,3.0,A01,138Â 296Â 961,1.0
963534,201900005065,6,15,18:35,1,1,1,2.0,1.0,35105,Mont de Boeuf,M,"48,1298420"," -1,1204890",35,2019,80.0,1.0,2.0,3.0,2153598,9.0,2,1,2,5.0,,0.0,0,2016.0,A01,138Â 296Â 961,1.0,-1.0,-1.0,1644522,2.0,7,,13.0,2.0,3.0,B01,138Â 296Â 962,1.0
963534,201900005065,6,15,18:35,1,1,1,2.0,1.0,35105,Mont de Boeuf,M,"48,1298420"," -1,1204890",35,2019,80.0,1.0,2.0,3.0,2153599,7.0,2,1,2,5.0,,0.0,0,2014.0,A01,138Â 296Â 961,1.0,-1.0,-1.0,1644521,1.0,7,,0.0,2.0,3.0,A01,138Â 296Â 961,1.0
963534,201900005065,6,15,18:35,1,1,1,2.0,1.0,35105,Mont de Boeuf,M,"48,1298420"," -1,1204890",35,2019,80.0,1.0,2.0,3.0,2153599,7.0,2,1,2,5.0,,0.0,0,2014.0,A01,138Â 296Â 961,1.0,-1.0,-1.0,1644522,2.0,7,,13.0,2.0,3.0,B01,138Â 296Â 962,1.0
963534,201900005065,6,15,18:35,1,1,1,2.0,1.0,35105,Mont de Boeuf,M,"48,1298420"," -1,1204890",35,2019,80.0,1.0,2.0,3.0,2153600,8.0,2,1,2,5.0,,0.0,0,2014.0,A01,138Â 296Â 961,0.0,-1.0,-1.0,1644521,1.0,7,,0.0,2.0,3.0,A01,138Â 296Â 961,1.0
963534,201900005065,6,15,18:35,1,1,1,2.0,1.0,35105,Mont de Boeuf,M,"48,1298420"," -1,1204890",35,2019,80.0,1.0,2.0,3.0,2153600,8.0,2,1,2,5.0,,0.0,0,2014.0,A01,138Â 296Â 961,0.0,-1.0,-1.0,1644522,2.0,7,,13.0,2.0,3.0,B01,138Â 296Â 962,1.0
963534,201900005065,6,15,18:35,1,1,1,2.0,1.0,35105,Mont de Boeuf,M,"48,1298420"," -1,1204890",35,2019,80.0,1.0,2.0,3.0,2153601,1.0,1,1,1,5.0,,0.0,0,1966.0,A01,138Â 296Â 961,1.0,-1.0,-1.0,1644521,1.0,7,,0.0,2.0,3.0,A01,138Â 296Â 961,1.0
963534,201900005065,6,15,18:35,1,1,1,2.0,1.0,35105,Mont de Boeuf,M,"48,1298420"," -1,1204890",35,2019,80.0,1.0,2.0,3.0,2153601,1.0,1,1,1,5.0,,0.0,0,1966.0,A01,138Â 296Â 961,1.0,-1.0,-1.0,1644522,2.0,7,,13.0,2.0,3.0,B01,138Â 296Â 962,1.0
963534,201900005065,6,15,18:35,1,1,1,2.0,1.0,35105,Mont de Boeuf,M,"48,1298420"," -1,1204890",35,2019,80.0,1.0,2.0,3.0,2153602,1.0,1,3,1,5.0,,0.0,0,1949.0,B01,138Â 296Â 962,1.0,-1.0,-1.0,1644521,1.0,7,,0.0,2.0,3.0,A01,138Â 296Â 961,1.0
963534,201900005065,6,15,18:35,1,1,1,2.0,1.0,35105,Mont de Boeuf,M,"48,1298420"," -1,1204890",35,2019,80.0,1.0,2.0,3.0,2153602,1.0,1,3,1,5.0,,0.0,0,1949.0,B01,138Â 296Â 962,1.0,-1.0,-1.0,1644522,2.0,7,,13.0,2.0,3.0,B01,138Â 296Â 962,1.0
963535,201900005066,6,7,12:00,1,1,1,1.0,6.0,35247,La Roche Blanche,M,"48,5776650"," -1,5992440",35,2019,80.0,3.0,1.0,3.0,2153603,1.0,1,2,1,5.0,,0.0,0,1947.0,A01,138Â 296Â 960,1.0,-1.0,-1.0,1644523,1.0,10,,13.0,0.0,3.0,A01,138Â 296Â 960,1.0
963536,201900005067,6,14,12:00,1,1,1,1.0,6.0,35162,La pierrelaye,M,"48,4789912"," -1,1464915",35,2019,50.0,3.0,1.0,3.0,2153604,2.0,2,3,2,5.0,,0.0,0,1934.0,A01,138Â 296Â 959,1.0,-1.0,-1.0,1644524,2.0,7,,6.0,0.0,1.0,A01,138Â 296Â 959,1.0
963536,201900005067,6,14,12:00,1,1,1,1.0,6.0,35162,La pierrelaye,M,"48,4789912"," -1,1464915",35,2019,50.0,3.0,1.0,3.0,2153605,1.0,1,2,1,5.0,,0.0,0,1961.0,A01,138Â 296Â 959,1.0,-1.0,-1.0,1644524,2.0,7,,6.0,0.0,1.0,A01,138Â 296Â 959,1.0
963537,201900005068,6,16,16:00,1,1,3,1.0,3.0,29150,lieu dit le guilly,M,"47,8195564"," -3,6518040",29,2019,70.0,1.0,1.0,3.0,2153606,1.0,1,1,1,5.0,,0.0,0,1941.0,A01,138Â 296Â 957,1.0,-1.0,-1.0,1644525,2.0,7,,0.0,2.0,2.0,A01,138Â 296Â 957,1.0
963537,201900005068,6,16,16:00,1,1,3,1.0,3.0,29150,lieu dit le guilly,M,"47,8195564"," -3,6518040",29,2019,70.0,1.0,1.0,3.0,2153606,1.0,1,1,1,5.0,,0.0,0,1941.0,A01,138Â 296Â 957,1.0,-1.0,-1.0,1644526,1.0,2,,0.0,2.0,7.0,B01,138Â 296Â 958,1.0
963537,201900005068,6,16,16:00,1,1,3,1.0,3.0,29150,lieu dit le guilly,M,"47,8195564"," -3,6518040",29,2019,70.0,1.0,1.0,3.0,2153607,1.0,1,4,1,5.0,,0.0,0,1995.0,B01,138Â 296Â 958,2.0,-1.0,-1.0,1644525,2.0,7,,0.0,2.0,2.0,A01,138Â 296Â 957,1.0
963537,201900005068,6,16,16:00,1,1,3,1.0,3.0,29150,lieu dit le guilly,M,"47,8195564"," -3,6518040",29,2019,70.0,1.0,1.0,3.0,2153607,1.0,1,4,1,5.0,,0.0,0,1995.0,B01,138Â 296Â 958,2.0,-1.0,-1.0,1644526,1.0,2,,0.0,2.0,7.0,B01,138Â 296Â 958,1.0
963538,201900005069,6,18,10:00,2,1,4,1.0,7.0,29062,ty ar prat,M,"48,1589640"," -3,9268930",29,2019,80.0,3.0,1.0,3.0,2153608,1.0,1,2,1,5.0,,0.0,0,1939.0,A01,138Â 296Â 956,2.0,6.0,-1.0,1644527,2.0,33,,16.0,0.0,1.0,A01,138Â 296Â 956,1.0
963539,201900005070,6,18,09:30,1,1,9,2.0,2.0,29029,Ã©changeur de Kerdivoal,M,"48,2553210"," -3,6176026",29,2019,110.0,1.0,2.0,2.0,2153609,1.0,1,4,1,3.0,,0.0,0,1933.0,A01,138Â 296Â 954,1.0,-1.0,-1.0,1644528,2.0,7,,0.0,0.0,4.0,A01,138Â 296Â 954,1.0
963539,201900005070,6,18,09:30,1,1,9,2.0,2.0,29029,Ã©changeur de Kerdivoal,M,"48,2553210"," -3,6176026",29,2019,110.0,1.0,2.0,2.0,2153609,1.0,1,4,1,3.0,,0.0,0,1933.0,A01,138Â 296Â 954,1.0,-1.0,-1.0,1644529,2.0,7,,0.0,2.0,1.0,B01,138Â 296Â 955,1.0
963539,201900005070,6,18,09:30,1,1,9,2.0,2.0,29029,Ã©changeur de Kerdivoal,M,"48,2553210"," -3,6176026",29,2019,110.0,1.0,2.0,2.0,2153610,1.0,1,3,2,4.0,,0.0,0,1990.0,B01,138Â 296Â 955,1.0,-1.0,-1.0,1644528,2.0,7,,0.0,0.0,4.0,A01,138Â 296Â 954,1.0
963539,201900005070,6,18,09:30,1,1,9,2.0,2.0,29029,Ã©changeur de Kerdivoal,M,"48,2553210"," -3,6176026",29,2019,110.0,1.0,2.0,2.0,2153610,1.0,1,3,2,4.0,,0.0,0,1990.0,B01,138Â 296Â 955,1.0,-1.0,-1.0,1644529,2.0,7,,0.0,2.0,1.0,B01,138Â 296Â 955,1.0
963540,201900005071,5,31,12:30,1,1,1,7.0,1.0,29112,La Roche Plate,M,"48,4903148"," -4,7238514",29,2019,80.0,1.0,1.0,4.0,2153611,1.0,1,1,1,4.0,,0.0,0,1967.0,B01,138Â 296Â 952,0.0,-1.0,-1.0,1644530,3.0,21,,0.0,2.0,1.0,B01,138Â 296Â 952,1.0
963540,201900005071,5,31,12:30,1,1,1,7.0,1.0,29112,La Roche Plate,M,"48,4903148"," -4,7238514",29,2019,80.0,1.0,1.0,4.0,2153611,1.0,1,1,1,4.0,,0.0,0,1967.0,B01,138Â 296Â 952,0.0,-1.0,-1.0,1644531,3.0,30,,0.0,2.0,1.0,A01,138Â 296Â 953,1.0
963540,201900005071,5,31,12:30,1,1,1,7.0,1.0,29112,La Roche Plate,M,"48,4903148"," -4,7238514",29,2019,80.0,1.0,1.0,4.0,2153612,1.0,1,4,2,1.0,,0.0,0,2002.0,A01,138Â 296Â 953,2.0,6.0,-1.0,1644530,3.0,21,,0.0,2.0,1.0,B01,138Â 296Â 952,1.0
963540,201900005071,5,31,12:30,1,1,1,7.0,1.0,29112,La Roche Plate,M,"48,4903148"," -4,7238514",29,2019,80.0,1.0,1.0,4.0,2153612,1.0,1,4,2,1.0,,0.0,0,2002.0,A01,138Â 296Â 953,2.0,6.0,-1.0,1644531,3.0,30,,0.0,2.0,1.0,A01,138Â 296Â 953,1.0
963541,201900005072,6,2,07:50,1,1,1,1.0,1.0,29177,Kerveatouz Plouarzel,M,"48,4360985"," -4,6642935",29,2019,80.0,1.0,1.0,3.0,2153613,1.0,1,3,1,5.0,,0.0,0,1963.0,B01,138Â 296Â 950,1.0,-1.0,-1.0,1644532,1.0,7,,0.0,2.0,1.0,B01,138Â 296Â 950,1.0
963541,201900005072,6,2,07:50,1,1,1,1.0,1.0,29177,Kerveatouz Plouarzel,M,"48,4360985"," -4,6642935",29,2019,80.0,1.0,1.0,3.0,2153613,1.0,1,3,1,5.0,,0.0,0,1963.0,B01,138Â 296Â 950,1.0,-1.0,-1.0,1644533,2.0,7,,0.0,2.0,1.0,A01,138Â 296Â 951,1.0
963541,201900005072,6,2,07:50,1,1,1,1.0,1.0,29177,Kerveatouz Plouarzel,M,"48,4360985"," -4,6642935",29,2019,80.0,1.0,1.0,3.0,2153614,2.0,2,3,2,5.0,,0.0,0,1964.0,B01,138Â 296Â 950,1.0,-1.0,-1.0,1644532,1.0,7,,0.0,2.0,1.0,B01,138Â 296Â 950,1.0
963541,201900005072,6,2,07:50,1,1,1,1.0,1.0,29177,Kerveatouz Plouarzel,M,"48,4360985"," -4,6642935",29,2019,80.0,1.0,1.0,3.0,2153614,2.0,2,3,2,5.0,,0.0,0,1964.0,B01,138Â 296Â 950,1.0,-1.0,-1.0,1644533,2.0,7,,0.0,2.0,1.0,A01,138Â 296Â 951,1.0
963541,201900005072,6,2,07:50,1,1,1,1.0,1.0,29177,Kerveatouz Plouarzel,M,"48,4360985"," -4,6642935",29,2019,80.0,1.0,1.0,3.0,2153615,1.0,1,3,1,5.0,,0.0,0,1988.0,A01,138Â 296Â 951,1.0,-1.0,-1.0,1644532,1.0,7,,0.0,2.0,1.0,B01,138Â 296Â 950,1.0
963541,201900005072,6,2,07:50,1,1,1,1.0,1.0,29177,Kerveatouz Plouarzel,M,"48,4360985"," -4,6642935",29,2019,80.0,1.0,1.0,3.0,2153615,1.0,1,3,1,5.0,,0.0,0,1988.0,A01,138Â 296Â 951,1.0,-1.0,-1.0,1644533,2.0,7,,0.0,2.0,1.0,A01,138Â 296Â 951,1.0
963541,201900005072,6,2,07:50,1,1,1,1.0,1.0,29177,Kerveatouz Plouarzel,M,"48,4360985"," -4,6642935",29,2019,80.0,1.0,1.0,3.0,2153616,2.0,2,4,1,5.0,,0.0,0,1993.0,A01,138Â 296Â 951,1.0,-1.0,-1.0,1644532,1.0,7,,0.0,2.0,1.0,B01,138Â 296Â 950,1.0
963541,201900005072,6,2,07:50,1,1,1,1.0,1.0,29177,Kerveatouz Plouarzel,M,"48,4360985"," -4,6642935",29,2019,80.0,1.0,1.0,3.0,2153616,2.0,2,4,1,5.0,,0.0,0,1993.0,A01,138Â 296Â 951,1.0,-1.0,-1.0,1644533,2.0,7,,0.0,2.0,1.0,A01,138Â 296Â 951,1.0
963541,201900005072,6,2,07:50,1,1,1,1.0,1.0,29177,Kerveatouz Plouarzel,M,"48,4360985"," -4,6642935",29,2019,80.0,1.0,1.0,3.0,2153617,4.0,2,3,1,5.0,,0.0,0,1993.0,A01,138Â 296Â 951,1.0,-1.0,-1.0,1644532,1.0,7,,0.0,2.0,1.0,B01,138Â 296Â 950,1.0
963541,201900005072,6,2,07:50,1,1,1,1.0,1.0,29177,Kerveatouz Plouarzel,M,"48,4360985"," -4,6642935",29,2019,80.0,1.0,1.0,3.0,2153617,4.0,2,3,1,5.0,,0.0,0,1993.0,A01,138Â 296Â 951,1.0,-1.0,-1.0,1644533,2.0,7,,0.0,2.0,1.0,A01,138Â 296Â 951,1.0
963542,201900005073,5,28,16:30,1,2,2,1.0,6.0,29076,Rue du ponant,M,"48,4612760"," -4,5725400",29,2019,50.0,1.0,1.0,4.0,2153618,10.0,3,4,2,2.0,,3.0,3,2011.0,A01,138Â 296Â 949,0.0,-1.0,-1.0,1644534,0.0,7,,0.0,1.0,7.0,A01,138Â 296Â 949,1.0
963542,201900005073,5,28,16:30,1,2,2,1.0,6.0,29076,Rue du ponant,M,"48,4612760"," -4,5725400",29,2019,50.0,1.0,1.0,4.0,2153619,1.0,1,1,2,1.0,,0.0,0,1979.0,A01,138Â 296Â 949,1.0,-1.0,-1.0,1644534,0.0,7,,0.0,1.0,7.0,A01,138Â 296Â 949,1.0