Unnamed: 0_x,num_acc,mois,jour,hrmn,lum,agg,int,atm,col,com,adr,gps,lat,long,dep,annee,vma,situ,surf,catr,Unnamed: 0_y,place,catu,grav,sexe,trajet,secu,locp,actp,an_nais,num_veh_x,id_vehicule_x,secu1,secu2,secu3,Unnamed: 0,senc,catv,occutc,obs,obsm,choc,num_veh_y,id_vehicule_y,motor
963543,201900005074,6,10,03:45,3,1,1,1.0,7.0,29011,Route de PloudalmÃ©zeau,M,"48,4398350"," -4,5103840",29,2019,70.0,3.0,1.0,3.0,2153620,1.0,1,3,1,5.0,,0.0,0,1999.0,A01,138Â 296Â 948,1.0,-1.0,-1.0,1644535,1.0,7,,6.0,0.0,2.0,A01,138Â 296Â 948,1.0
963544,201900005075,6,2,16:00,1,2,1,2.0,6.0,29235,Rue Jules Ferry,M,"48,3977520"," -4,4192630",29,2019,50.0,1.0,2.0,4.0,2153621,1.0,1,4,1,5.0,,0.0,0,2013.0,B01,138Â 296Â 946,2.0,-1.0,-1.0,1644536,3.0,60,,0.0,2.0,8.0,B01,138Â 296Â 946,5.0
963544,201900005075,6,2,16:00,1,2,1,2.0,6.0,29235,Rue Jules Ferry,M,"48,3977520"," -4,4192630",29,2019,50.0,1.0,2.0,4.0,2153621,1.0,1,4,1,5.0,,0.0,0,2013.0,B01,138Â 296Â 946,2.0,-1.0,-1.0,1644537,3.0,7,,0.0,2.0,2.0,A01,138Â 296Â 947,0.0
963544,201900005075,6,2,16:00,1,2,1,2.0,6.0,29235,Rue Jules Ferry,M,"48,3977520"," -4,4192630",29,2019,50.0,1.0,2.0,4.0,2153622,1.0,1,1,1,5.0,,0.0,0,1972.0,A01,138Â 296Â 947,1.0,-1.0,-1.0,1644536,3.0,60,,0.0,2.0,8.0,B01,138Â 296Â 946,5.0
963544,201900005075,6,2,16:00,1,2,1,2.0,6.0,29235,Rue Jules Ferry,M,"48,3977520"," -4,4192630",29,2019,50.0,1.0,2.0,4.0,2153622,1.0,1,1,1,5.0,,0.0,0,1972.0,A01,138Â 296Â 947,1.0,-1.0,-1.0,1644537,3.0,7,,0.0,2.0,2.0,A01,138Â 296Â 947,0.0
963545,201900005076,6,11,13:15,1,2,1,2.0,2.0,29216,Rue de Pouldreuzic,M,"47,9799890"," -4,1812470",29,2019,30.0,1.0,2.0,3.0,2153623,2.0,2,1,2,2.0,,0.0,0,1978.0,B01,138Â 296Â 944,1.0,-1.0,-1.0,1644538,1.0,7,,0.0,0.0,4.0,B01,138Â 296Â 944,1.0
963545,201900005076,6,11,13:15,1,2,1,2.0,2.0,29216,Rue de Pouldreuzic,M,"47,9799890"," -4,1812470",29,2019,30.0,1.0,2.0,3.0,2153623,2.0,2,1,2,2.0,,0.0,0,1978.0,B01,138Â 296Â 944,1.0,-1.0,-1.0,1644539,1.0,7,,0.0,2.0,1.0,A01,138Â 296Â 945,1.0
963545,201900005076,6,11,13:15,1,2,1,2.0,2.0,29216,Rue de Pouldreuzic,M,"47,9799890"," -4,1812470",29,2019,30.0,1.0,2.0,3.0,2153624,1.0,1,4,1,2.0,,0.0,0,1975.0,B01,138Â 296Â 944,1.0,-1.0,-1.0,1644538,1.0,7,,0.0,0.0,4.0,B01,138Â 296Â 944,1.0
963545,201900005076,6,11,13:15,1,2,1,2.0,2.0,29216,Rue de Pouldreuzic,M,"47,9799890"," -4,1812470",29,2019,30.0,1.0,2.0,3.0,2153624,1.0,1,4,1,2.0,,0.0,0,1975.0,B01,138Â 296Â 944,1.0,-1.0,-1.0,1644539,1.0,7,,0.0,2.0,1.0,A01,138Â 296Â 945,1.0
963545,201900005076,6,11,13:15,1,2,1,2.0,2.0,29216,Rue de Pouldreuzic,M,"47,9799890"," -4,1812470",29,2019,30.0,1.0,2.0,3.0,2153625,2.0,2,1,2,9.0,,0.0,0,1980.0,A01,138Â 296Â 945,1.0,-1.0,-1.0,1644538,1.0,7,,0.0,0.0,4.0,B01,138Â 296Â 944,1.0
963545,201900005076,6,11,13:15,1,2,1,2.0,2.0,29216,Rue de Pouldreuzic,M,"47,9799890"," -4,1812470",29,2019,30.0,1.0,2.0,3.0,2153625,2.0,2,1,2,9.0,,0.0,0,1980.0,A01,138Â 296Â 945,1.0,-1.0,-1.0,1644539,1.0,7,,0.0,2.0,1.0,A01,138Â 296Â 945,1.0
963545,201900005076,6,11,13:15,1,2,1,2.0,2.0,29216,Rue de Pouldreuzic,M,"47,9799890"," -4,1812470",29,2019,30.0,1.0,2.0,3.0,2153626,1.0,1,1,1,1.0,,0.0,0,1984.0,A01,138Â 296Â 945,1.0,5.0,-1.0,1644538,1.0,7,,0.0,0.0,4.0,B01,138Â 296Â 944,1.0
963545,201900005076,6,11,13:15,1,2,1,2.0,2.0,29216,Rue de Pouldreuzic,M,"47,9799890"," -4,1812470",29,2019,30.0,1.0,2.0,3.0,2153626,1.0,1,1,1,1.0,,0.0,0,1984.0,A01,138Â 296Â 945,1.0,5.0,-1.0,1644539,1.0,7,,0.0,2.0,1.0,A01,138Â 296Â 945,1.0
963546,201900005077,6,11,19:10,1,1,1,3.0,2.0,29216,PENC'HOAD,M,"47,9930360"," -4,1899210",29,2019,80.0,1.0,2.0,3.0,2153627,1.0,1,4,1,5.0,,0.0,0,1990.0,A01,138Â 296Â 942,1.0,-1.0,-1.0,1644540,2.0,7,,0.0,2.0,1.0,A01,138Â 296Â 942,1.0
963546,201900005077,6,11,19:10,1,1,1,3.0,2.0,29216,PENC'HOAD,M,"47,9930360"," -4,1899210",29,2019,80.0,1.0,2.0,3.0,2153627,1.0,1,4,1,5.0,,0.0,0,1990.0,A01,138Â 296Â 942,1.0,-1.0,-1.0,1644541,2.0,7,,0.0,0.0,4.0,B01,138Â 296Â 943,1.0
963546,201900005077,6,11,19:10,1,1,1,3.0,2.0,29216,PENC'HOAD,M,"47,9930360"," -4,1899210",29,2019,80.0,1.0,2.0,3.0,2153628,3.0,2,1,2,5.0,,0.0,0,2018.0,B01,138Â 296Â 943,3.0,-1.0,-1.0,1644540,2.0,7,,0.0,2.0,1.0,A01,138Â 296Â 942,1.0
963546,201900005077,6,11,19:10,1,1,1,3.0,2.0,29216,PENC'HOAD,M,"47,9930360"," -4,1899210",29,2019,80.0,1.0,2.0,3.0,2153628,3.0,2,1,2,5.0,,0.0,0,2018.0,B01,138Â 296Â 943,3.0,-1.0,-1.0,1644541,2.0,7,,0.0,0.0,4.0,B01,138Â 296Â 943,1.0
963546,201900005077,6,11,19:10,1,1,1,3.0,2.0,29216,PENC'HOAD,M,"47,9930360"," -4,1899210",29,2019,80.0,1.0,2.0,3.0,2153629,1.0,1,4,2,5.0,,0.0,0,1989.0,B01,138Â 296Â 943,1.0,-1.0,-1.0,1644540,2.0,7,,0.0,2.0,1.0,A01,138Â 296Â 942,1.0
963546,201900005077,6,11,19:10,1,1,1,3.0,2.0,29216,PENC'HOAD,M,"47,9930360"," -4,1899210",29,2019,80.0,1.0,2.0,3.0,2153629,1.0,1,4,2,5.0,,0.0,0,1989.0,B01,138Â 296Â 943,1.0,-1.0,-1.0,1644541,2.0,7,,0.0,0.0,4.0,B01,138Â 296Â 943,1.0
963546,201900005077,6,11,19:10,1,1,1,3.0,2.0,29216,PENC'HOAD,M,"47,9930360"," -4,1899210",29,2019,80.0,1.0,2.0,3.0,2153630,4.0,2,1,2,5.0,,0.0,0,2013.0,B01,138Â 296Â 943,3.0,-1.0,-1.0,1644540,2.0,7,,0.0,2.0,1.0,A01,138Â 296Â 942,1.0
963546,201900005077,6,11,19:10,1,1,1,3.0,2.0,29216,PENC'HOAD,M,"47,9930360"," -4,1899210",29,2019,80.0,1.0,2.0,3.0,2153630,4.0,2,1,2,5.0,,0.0,0,2013.0,B01,138Â 296Â 943,3.0,-1.0,-1.0,1644541,2.0,7,,0.0,0.0,4.0,B01,138Â 296Â 943,1.0
963547,201900005078,5,31,11:00,1,1,1,1.0,6.0,31208,RD 26,M,"43,0598830","0,8080980",31,2019,80.0,3.0,1.0,3.0,2153631,1.0,1,3,2,9.0,,0.0,0,1951.0,A01,138Â 296Â 941,1.0,-1.0,-1.0,1644542,2.0,7,,13.0,0.0,1.0,A01,138Â 296Â 941,1.0
963548,201900005079,6,3,14:30,1,2,1,1.0,1.0,31424,rue de la Gravette,M,"43,5605790","1,3009180",31,2019,50.0,1.0,1.0,3.0,2153632,1.0,1,1,2,1.0,,0.0,0,1985.0,A01,138Â 296Â 939,1.0,-1.0,-1.0,1644543,1.0,7,,0.0,2.0,3.0,A01,138Â 296Â 939,1.0
963548,201900005079,6,3,14:30,1,2,1,1.0,1.0,31424,rue de la Gravette,M,"43,5605790","1,3009180",31,2019,50.0,1.0,1.0,3.0,2153632,1.0,1,1,2,1.0,,0.0,0,1985.0,A01,138Â 296Â 939,1.0,-1.0,-1.0,1644544,1.0,33,,7.0,2.0,1.0,B01,138Â 296Â 940,1.0
963548,201900005079,6,3,14:30,1,2,1,1.0,1.0,31424,rue de la Gravette,M,"43,5605790","1,3009180",31,2019,50.0,1.0,1.0,3.0,2153633,1.0,1,2,1,5.0,,0.0,0,1998.0,B01,138Â 296Â 940,2.0,-1.0,-1.0,1644543,1.0,7,,0.0,2.0,3.0,A01,138Â 296Â 939,1.0
963548,201900005079,6,3,14:30,1,2,1,1.0,1.0,31424,rue de la Gravette,M,"43,5605790","1,3009180",31,2019,50.0,1.0,1.0,3.0,2153633,1.0,1,2,1,5.0,,0.0,0,1998.0,B01,138Â 296Â 940,2.0,-1.0,-1.0,1644544,1.0,33,,7.0,2.0,1.0,B01,138Â 296Â 940,1.0
963549,201900005080,6,1,11:40,1,2,6,1.0,6.0,31584,Avenue du GÃ©nÃ©ral Leclerc,M,"43,8562470","1,4999340",31,2019,50.0,1.0,1.0,7.0,2153634,1.0,1,1,1,5.0,,0.0,0,1958.0,A01,138Â 296Â 936,1.0,-1.0,-1.0,1644545,3.0,7,,0.0,1.0,2.0,A01,138Â 296Â 936,1.0
963549,201900005080,6,1,11:40,1,2,6,1.0,6.0,31584,Avenue du GÃ©nÃ©ral Leclerc,M,"43,8562470","1,4999340",31,2019,50.0,1.0,1.0,7.0,2153635,10.0,3,3,1,5.0,,2.0,3,1970.0,A01,138Â 296Â 936,0.0,-1.0,-1.0,1644545,3.0,7,,0.0,1.0,2.0,A01,138Â 296Â 936,1.0
963550,201900005081,6,2,15:10,1,1,1,1.0,3.0,38130,D 519,M,"45,3469600","5,2528100",38,2019,80.0,1.0,1.0,3.0,2153636,2.0,2,3,2,5.0,,0.0,0,1997.0,A01,138Â 296Â 932,1.0,-1.0,-1.0,1644546,1.0,7,,0.0,2.0,3.0,A01,138Â 296Â 932,1.0
963550,201900005081,6,2,15:10,1,1,1,1.0,3.0,38130,D 519,M,"45,3469600","5,2528100",38,2019,80.0,1.0,1.0,3.0,2153636,2.0,2,3,2,5.0,,0.0,0,1997.0,A01,138Â 296Â 932,1.0,-1.0,-1.0,1644547,2.0,7,,0.0,2.0,3.0,B01,138Â 296Â 933,1.0
963550,201900005081,6,2,15:10,1,1,1,1.0,3.0,38130,D 519,M,"45,3469600","5,2528100",38,2019,80.0,1.0,1.0,3.0,2153637,1.0,1,1,1,5.0,,0.0,0,1995.0,A01,138Â 296Â 932,1.0,-1.0,-1.0,1644546,1.0,7,,0.0,2.0,3.0,A01,138Â 296Â 932,1.0
963550,201900005081,6,2,15:10,1,1,1,1.0,3.0,38130,D 519,M,"45,3469600","5,2528100",38,2019,80.0,1.0,1.0,3.0,2153637,1.0,1,1,1,5.0,,0.0,0,1995.0,A01,138Â 296Â 932,1.0,-1.0,-1.0,1644547,2.0,7,,0.0,2.0,3.0,B01,138Â 296Â 933,1.0
963550,201900005081,6,2,15:10,1,1,1,1.0,3.0,38130,D 519,M,"45,3469600","5,2528100",38,2019,80.0,1.0,1.0,3.0,2153638,2.0,2,1,2,5.0,,0.0,0,2001.0,B01,138Â 296Â 933,1.0,-1.0,-1.0,1644546,1.0,7,,0.0,2.0,3.0,A01,138Â 296Â 932,1.0
963550,201900005081,6,2,15:10,1,1,1,1.0,3.0,38130,D 519,M,"45,3469600","5,2528100",38,2019,80.0,1.0,1.0,3.0,2153638,2.0,2,1,2,5.0,,0.0,0,2001.0,B01,138Â 296Â 933,1.0,-1.0,-1.0,1644547,2.0,7,,0.0,2.0,3.0,B01,138Â 296Â 933,1.0
963550,201900005081,6,2,15:10,1,1,1,1.0,3.0,38130,D 519,M,"45,3469600","5,2528100",38,2019,80.0,1.0,1.0,3.0,2153639,1.0,1,3,1,5.0,,0.0,0,1998.0,B01,138Â 296Â 933,1.0,-1.0,-1.0,1644546,1.0,7,,0.0,2.0,3.0,A01,138Â 296Â 932,1.0
963550,201900005081,6,2,15:10,1,1,1,1.0,3.0,38130,D 519,M,"45,3469600","5,2528100",38,2019,80.0,1.0,1.0,3.0,2153639,1.0,1,3,1,5.0,,0.0,0,1998.0,B01,138Â 296Â 933,1.0,-1.0,-1.0,1644547,2.0,7,,0.0,2.0,3.0,B01,138Â 296Â 933,1.0
963551,201900005082,6,7,06:10,1,1,1,1.0,1.0,38559,D 22 ,M,"45,1954100","5,4198300",38,2019,80.0,1.0,1.0,3.0,2153640,1.0,1,3,1,0.0,,0.0,0,1955.0,B01,138Â 296Â 930,8.0,-1.0,-1.0,1644548,1.0,7,,0.0,0.0,1.0,B01,138Â 296Â 930,1.0
963551,201900005082,6,7,06:10,1,1,1,1.0,1.0,38559,D 22 ,M,"45,1954100","5,4198300",38,2019,80.0,1.0,1.0,3.0,2153640,1.0,1,3,1,0.0,,0.0,0,1955.0,B01,138Â 296Â 930,8.0,-1.0,-1.0,1644549,2.0,7,,0.0,2.0,1.0,A01,138Â 296Â 931,1.0
963551,201900005082,6,7,06:10,1,1,1,1.0,1.0,38559,D 22 ,M,"45,1954100","5,4198300",38,2019,80.0,1.0,1.0,3.0,2153641,1.0,1,4,1,5.0,,0.0,0,1997.0,A01,138Â 296Â 931,1.0,-1.0,-1.0,1644548,1.0,7,,0.0,0.0,1.0,B01,138Â 296Â 930,1.0
963551,201900005082,6,7,06:10,1,1,1,1.0,1.0,38559,D 22 ,M,"45,1954100","5,4198300",38,2019,80.0,1.0,1.0,3.0,2153641,1.0,1,4,1,5.0,,0.0,0,1997.0,A01,138Â 296Â 931,1.0,-1.0,-1.0,1644549,2.0,7,,0.0,2.0,1.0,A01,138Â 296Â 931,1.0
963552,201900005083,6,1,15:40,1,2,1,7.0,6.0,38058,Le Grand Chemin,M,"45,3464400","5,3035700",38,2019,50.0,1.0,1.0,3.0,2153642,1.0,1,1,1,4.0,,0.0,0,1969.0,A01,138Â 296Â 929,1.0,-1.0,-1.0,1644550,1.0,10,,0.0,1.0,2.0,A01,138Â 296Â 929,5.0
963552,201900005083,6,1,15:40,1,2,1,7.0,6.0,38058,Le Grand Chemin,M,"45,3464400","5,3035700",38,2019,50.0,1.0,1.0,3.0,2153643,10.0,3,2,2,5.0,,1.0,1,1991.0,A01,138Â 296Â 929,0.0,-1.0,-1.0,1644550,1.0,10,,0.0,1.0,2.0,A01,138Â 296Â 929,5.0
963553,201900005084,3,23,12:45,1,2,2,1.0,1.0,38174,ROUTE DE LYON,M,"45,3932700","5,3607900",38,2019,50.0,1.0,1.0,3.0,2153644,1.0,1,4,1,5.0,,0.0,0,1957.0,A01,138Â 296Â 927,1.0,-1.0,-1.0,1644551,1.0,7,,0.0,2.0,1.0,A01,138Â 296Â 927,1.0
963553,201900005084,3,23,12:45,1,2,2,1.0,1.0,38174,ROUTE DE LYON,M,"45,3932700","5,3607900",38,2019,50.0,1.0,1.0,3.0,2153644,1.0,1,4,1,5.0,,0.0,0,1957.0,A01,138Â 296Â 927,1.0,-1.0,-1.0,1644552,2.0,7,,0.0,2.0,1.0,B01,138Â 296Â 928,1.0
963553,201900005084,3,23,12:45,1,2,2,1.0,1.0,38174,ROUTE DE LYON,M,"45,3932700","5,3607900",38,2019,50.0,1.0,1.0,3.0,2153645,1.0,1,1,1,0.0,,0.0,0,1991.0,B01,138Â 296Â 928,1.0,-1.0,-1.0,1644551,1.0,7,,0.0,2.0,1.0,A01,138Â 296Â 927,1.0
963553,201900005084,3,23,12:45,1,2,2,1.0,1.0,38174,ROUTE DE LYON,M,"45,3932700","5,3607900",38,2019,50.0,1.0,1.0,3.0,2153645,1.0,1,1,1,0.0,,0.0,0,1991.0,B01,138Â 296Â 928,1.0,-1.0,-1.0,1644552,2.0,7,,0.0,2.0,1.0,B01,138Â 296Â 928,1.0
963554,201900005085,6,8,05:00,2,1,1,1.0,1.0,38075,D 590,M,"45,4624300","5,9898700",38,2019,70.0,1.0,2.0,3.0,2153646,2.0,2,4,2,0.0,,0.0,0,1991.0,B01,138Â 296Â 925,1.0,-1.0,-1.0,1644553,2.0,7,,0.0,2.0,0.0,B01,138Â 296Â 925,1.0
963554,201900005085,6,8,05:00,2,1,1,1.0,1.0,38075,D 590,M,"45,4624300","5,9898700",38,2019,70.0,1.0,2.0,3.0,2153646,2.0,2,4,2,0.0,,0.0,0,1991.0,B01,138Â 296Â 925,1.0,-1.0,-1.0,1644554,1.0,7,,0.0,2.0,0.0,A01,138Â 296Â 926,1.0
963554,201900005085,6,8,05:00,2,1,1,1.0,1.0,38075,D 590,M,"45,4624300","5,9898700",38,2019,70.0,1.0,2.0,3.0,2153647,1.0,1,1,1,0.0,,0.0,0,1958.0,A01,138Â 296Â 926,8.0,-1.0,-1.0,1644553,2.0,7,,0.0,2.0,0.0,B01,138Â 296Â 925,1.0
963554,201900005085,6,8,05:00,2,1,1,1.0,1.0,38075,D 590,M,"45,4624300","5,9898700",38,2019,70.0,1.0,2.0,3.0,2153647,1.0,1,1,1,0.0,,0.0,0,1958.0,A01,138Â 296Â 926,8.0,-1.0,-1.0,1644554,1.0,7,,0.0,2.0,0.0,A01,138Â 296Â 926,1.0
963555,201900005086,6,12,23:00,5,1,1,1.0,1.0,38435,Route DÃ©partementale 30,M,"45,2825710","5,8484210",38,2019,70.0,1.0,1.0,3.0,2153648,1.0,1,4,2,1.0,,0.0,0,1978.0,B01,138Â 296Â 923,1.0,-1.0,-1.0,1644555,3.0,7,,0.0,2.0,3.0,B01,138Â 296Â 923,1.0
963555,201900005086,6,12,23:00,5,1,1,1.0,1.0,38435,Route DÃ©partementale 30,M,"45,2825710","5,8484210",38,2019,70.0,1.0,1.0,3.0,2153648,1.0,1,4,2,1.0,,0.0,0,1978.0,B01,138Â 296Â 923,1.0,-1.0,-1.0,1644556,3.0,7,,0.0,2.0,3.0,A01,138Â 296Â 924,1.0
963555,201900005086,6,12,23:00,5,1,1,1.0,1.0,38435,Route DÃ©partementale 30,M,"45,2825710","5,8484210",38,2019,70.0,1.0,1.0,3.0,2153649,1.0,1,1,1,5.0,,0.0,0,1994.0,A01,138Â 296Â 924,1.0,-1.0,-1.0,1644555,3.0,7,,0.0,2.0,3.0,B01,138Â 296Â 923,1.0
963555,201900005086,6,12,23:00,5,1,1,1.0,1.0,38435,Route DÃ©partementale 30,M,"45,2825710","5,8484210",38,2019,70.0,1.0,1.0,3.0,2153649,1.0,1,1,1,5.0,,0.0,0,1994.0,A01,138Â 296Â 924,1.0,-1.0,-1.0,1644556,3.0,7,,0.0,2.0,3.0,A01,138Â 296Â 924,1.0
963556,201900005087,3,23,16:15,1,1,1,1.0,6.0,38422,d111,M,"45,1444540","5,8871850",38,2019,80.0,1.0,1.0,3.0,2153650,1.0,1,3,1,5.0,,0.0,0,1996.0,A01,138Â 296Â 922,2.0,-1.0,-1.0,1644557,0.0,33,,3.0,0.0,1.0,A01,138Â 296Â 922,1.0
963557,201900005088,6,18,11:40,1,2,1,1.0,6.0,38229,Avenue de Verdun,M,"45,2048000","5,7641400",38,2019,50.0,4.0,1.0,3.0,2153651,1.0,1,3,1,0.0,,0.0,0,1991.0,A01,138Â 296Â 921,2.0,-1.0,-1.0,1644558,1.0,33,,12.0,0.0,0.0,A01,138Â 296Â 921,1.0
963558,201900005089,4,24,19:55,1,1,9,1.0,5.0,38249,D11,M,"45,2267050","5,8025580",38,2019,50.0,1.0,1.0,3.0,2153652,1.0,1,4,1,0.0,,0.0,0,1951.0,C01,138Â 296Â 918,8.0,-1.0,-1.0,1644559,3.0,7,,0.0,2.0,1.0,C01,138Â 296Â 918,1.0
963558,201900005089,4,24,19:55,1,1,9,1.0,5.0,38249,D11,M,"45,2267050","5,8025580",38,2019,50.0,1.0,1.0,3.0,2153652,1.0,1,4,1,0.0,,0.0,0,1951.0,C01,138Â 296Â 918,8.0,-1.0,-1.0,1644560,3.0,7,,0.0,2.0,1.0,B01,138Â 296Â 919,1.0
963558,201900005089,4,24,19:55,1,1,9,1.0,5.0,38249,D11,M,"45,2267050","5,8025580",38,2019,50.0,1.0,1.0,3.0,2153652,1.0,1,4,1,0.0,,0.0,0,1951.0,C01,138Â 296Â 918,8.0,-1.0,-1.0,1644561,0.0,7,,0.0,2.0,1.0,A01,138Â 296Â 920,1.0
963558,201900005089,4,24,19:55,1,1,9,1.0,5.0,38249,D11,M,"45,2267050","5,8025580",38,2019,50.0,1.0,1.0,3.0,2153653,1.0,1,1,1,0.0,,0.0,0,1986.0,B01,138Â 296Â 919,8.0,-1.0,-1.0,1644559,3.0,7,,0.0,2.0,1.0,C01,138Â 296Â 918,1.0
963558,201900005089,4,24,19:55,1,1,9,1.0,5.0,38249,D11,M,"45,2267050","5,8025580",38,2019,50.0,1.0,1.0,3.0,2153653,1.0,1,1,1,0.0,,0.0,0,1986.0,B01,138Â 296Â 919,8.0,-1.0,-1.0,1644560,3.0,7,,0.0,2.0,1.0,B01,138Â 296Â 919,1.0
963558,201900005089,4,24,19:55,1,1,9,1.0,5.0,38249,D11,M,"45,2267050","5,8025580",38,2019,50.0,1.0,1.0,3.0,2153653,1.0,1,1,1,0.0,,0.0,0,1986.0,B01,138Â 296Â 919,8.0,-1.0,-1.0,1644561,0.0,7,,0.0,2.0,1.0,A01,138Â 296Â 920,1.0
963558,201900005089,4,24,19:55,1,1,9,1.0,5.0,38249,D11,M,"45,2267050","5,8025580",38,2019,50.0,1.0,1.0,3.0,2153654,1.0,1,1,1,0.0,,0.0,0,1983.0,A01,138Â 296Â 920,8.0,-1.0,-1.0,1644559,3.0,7,,0.0,2.0,1.0,C01,138Â 296Â 918,1.0
963558,201900005089,4,24,19:55,1,1,9,1.0,5.0,38249,D11,M,"45,2267050","5,8025580",38,2019,50.0,1.0,1.0,3.0,2153654,1.0,1,1,1,0.0,,0.0,0,1983.0,A01,138Â 296Â 920,8.0,-1.0,-1.0,1644560,3.0,7,,0.0,2.0,1.0,B01,138Â 296Â 919,1.0
963558,201900005089,4,24,19:55,1,1,9,1.0,5.0,38249,D11,M,"45,2267050","5,8025580",38,2019,50.0,1.0,1.0,3.0,2153654,1.0,1,1,1,0.0,,0.0,0,1983.0,A01,138Â 296Â 920,8.0,-1.0,-1.0,1644561,0.0,7,,0.0,2.0,1.0,A01,138Â 296Â 920,1.0
963559,201900005090,6,12,14:15,1,1,3,1.0,3.0,38354,D82 - route de voissant,M,"45,4926900","5,7061890",38,2019,80.0,1.0,1.0,3.0,2153655,1.0,1,3,1,5.0,,0.0,0,1949.0,B01,138Â 296Â 916,2.0,-1.0,-1.0,1644562,2.0,1,,0.0,2.0,2.0,B01,138Â 296Â 916,5.0
963559,201900005090,6,12,14:15,1,1,3,1.0,3.0,38354,D82 - route de voissant,M,"45,4926900","5,7061890",38,2019,80.0,1.0,1.0,3.0,2153655,1.0,1,3,1,5.0,,0.0,0,1949.0,B01,138Â 296Â 916,2.0,-1.0,-1.0,1644563,2.0,7,,0.0,9.0,7.0,A01,138Â 296Â 917,1.0
963559,201900005090,6,12,14:15,1,1,3,1.0,3.0,38354,D82 - route de voissant,M,"45,4926900","5,7061890",38,2019,80.0,1.0,1.0,3.0,2153656,1.0,1,1,2,1.0,,0.0,0,1961.0,A01,138Â 296Â 917,1.0,-1.0,-1.0,1644562,2.0,1,,0.0,2.0,2.0,B01,138Â 296Â 916,5.0
963559,201900005090,6,12,14:15,1,1,3,1.0,3.0,38354,D82 - route de voissant,M,"45,4926900","5,7061890",38,2019,80.0,1.0,1.0,3.0,2153656,1.0,1,1,2,1.0,,0.0,0,1961.0,A01,138Â 296Â 917,1.0,-1.0,-1.0,1644563,2.0,7,,0.0,9.0,7.0,A01,138Â 296Â 917,1.0
963560,201900005091,6,15,19:10,1,1,1,1.0,1.0,38065,7 Route de Grenoble,M,"45,4459010","5,4042870",38,2019,70.0,1.0,1.0,3.0,2153657,1.0,1,1,1,5.0,,0.0,0,1956.0,B01,138Â 296Â 914,1.0,-1.0,-1.0,1644564,1.0,7,,13.0,2.0,3.0,B01,138Â 296Â 914,1.0
963560,201900005091,6,15,19:10,1,1,1,1.0,1.0,38065,7 Route de Grenoble,M,"45,4459010","5,4042870",38,2019,70.0,1.0,1.0,3.0,2153657,1.0,1,1,1,5.0,,0.0,0,1956.0,B01,138Â 296Â 914,1.0,-1.0,-1.0,1644565,2.0,7,,0.0,2.0,3.0,A01,138Â 296Â 915,1.0
963560,201900005091,6,15,19:10,1,1,1,1.0,1.0,38065,7 Route de Grenoble,M,"45,4459010","5,4042870",38,2019,70.0,1.0,1.0,3.0,2153658,1.0,1,4,2,9.0,,0.0,0,1998.0,A01,138Â 296Â 915,1.0,5.0,-1.0,1644564,1.0,7,,13.0,2.0,3.0,B01,138Â 296Â 914,1.0
963560,201900005091,6,15,19:10,1,1,1,1.0,1.0,38065,7 Route de Grenoble,M,"45,4459010","5,4042870",38,2019,70.0,1.0,1.0,3.0,2153658,1.0,1,4,2,9.0,,0.0,0,1998.0,A01,138Â 296Â 915,1.0,5.0,-1.0,1644565,2.0,7,,0.0,2.0,3.0,A01,138Â 296Â 915,1.0
963561,201900005092,6,5,19:00,2,2,1,1.0,6.0,02760,Rue des Deux Drucbert,M,"50,0214940","3,5620020",2,2019,50.0,3.0,1.0,3.0,2153659,1.0,1,3,1,5.0,,0.0,0,1966.0,A01,138Â 296Â 912,2.0,6.0,-1.0,1644566,2.0,2,,5.0,0.0,3.0,A01,138Â 296Â 912,1.0
963562,201900005093,6,7,18:30,1,1,1,1.0,7.0,02420,LE TRONQUOY,M,"49,9113800","3,2959700",2,2019,-1.0,8.0,1.0,5.0,2153660,1.0,1,3,1,5.0,,0.0,0,1981.0,A01,138Â 296Â 911,2.0,-1.0,-1.0,1644567,3.0,33,,0.0,0.0,1.0,A01,138Â 296Â 911,1.0
963563,201900005094,6,3,09:10,1,1,3,8.0,3.0,02057,D932,M,"49,9910050","3,3322450",2,2019,80.0,1.0,1.0,3.0,2153661,1.0,1,1,1,4.0,,0.0,0,1985.0,B01,138Â 296Â 909,1.0,-1.0,-1.0,1644568,1.0,10,,0.0,2.0,2.0,B01,138Â 296Â 909,1.0
963563,201900005094,6,3,09:10,1,1,3,8.0,3.0,02057,D932,M,"49,9910050","3,3322450",2,2019,80.0,1.0,1.0,3.0,2153661,1.0,1,1,1,4.0,,0.0,0,1985.0,B01,138Â 296Â 909,1.0,-1.0,-1.0,1644569,1.0,99,,0.0,2.0,3.0,A01,138Â 296Â 910,1.0
963563,201900005094,6,3,09:10,1,1,3,8.0,3.0,02057,D932,M,"49,9910050","3,3322450",2,2019,80.0,1.0,1.0,3.0,2153662,2.0,2,1,2,5.0,,0.0,0,1947.0,A01,138Â 296Â 910,1.0,9.0,-1.0,1644568,1.0,10,,0.0,2.0,2.0,B01,138Â 296Â 909,1.0
963563,201900005094,6,3,09:10,1,1,3,8.0,3.0,02057,D932,M,"49,9910050","3,3322450",2,2019,80.0,1.0,1.0,3.0,2153662,2.0,2,1,2,5.0,,0.0,0,1947.0,A01,138Â 296Â 910,1.0,9.0,-1.0,1644569,1.0,99,,0.0,2.0,3.0,A01,138Â 296Â 910,1.0