Unnamed: 0_x,num_acc,mois,jour,hrmn,lum,agg,int,atm,col,com,adr,gps,lat,long,dep,annee,vma,situ,surf,catr,Unnamed: 0_y,place,catu,grav,sexe,trajet,secu,locp,actp,an_nais,num_veh_x,id_vehicule_x,secu1,secu2,secu3,Unnamed: 0,senc,catv,occutc,obs,obsm,choc,num_veh_y,id_vehicule_y,motor
963563,201900005094,6,3,09:10,1,1,3,8.0,3.0,02057,D932,M,"49,9910050","3,3322450",2,2019,80.0,1.0,1.0,3.0,2153663,1.0,1,3,1,5.0,,0.0,0,1947.0,A01,138Â 296Â 910,1.0,0.0,-1.0,1644568,1.0,10,,0.0,2.0,2.0,B01,138Â 296Â 909,1.0
963563,201900005094,6,3,09:10,1,1,3,8.0,3.0,02057,D932,M,"49,9910050","3,3322450",2,2019,80.0,1.0,1.0,3.0,2153663,1.0,1,3,1,5.0,,0.0,0,1947.0,A01,138Â 296Â 910,1.0,0.0,-1.0,1644569,1.0,99,,0.0,2.0,3.0,A01,138Â 296Â 910,1.0
963564,201900005095,6,13,19:25,1,1,9,1.0,4.0,02032,Rue de la Guinguette,M,"49,7800820","3,1180220",2,2019,80.0,1.0,1.0,3.0,2153664,2.0,2,1,1,5.0,,0.0,0,1936.0,C01,138Â 296Â 906,1.0,9.0,-1.0,1644570,2.0,7,,0.0,2.0,3.0,C01,138Â 296Â 906,1.0
963564,201900005095,6,13,19:25,1,1,9,1.0,4.0,02032,Rue de la Guinguette,M,"49,7800820","3,1180220",2,2019,80.0,1.0,1.0,3.0,2153664,2.0,2,1,1,5.0,,0.0,0,1936.0,C01,138Â 296Â 906,1.0,9.0,-1.0,1644571,1.0,7,,2.0,2.0,4.0,B01,138Â 296Â 907,1.0
963564,201900005095,6,13,19:25,1,1,9,1.0,4.0,02032,Rue de la Guinguette,M,"49,7800820","3,1180220",2,2019,80.0,1.0,1.0,3.0,2153664,2.0,2,1,1,5.0,,0.0,0,1936.0,C01,138Â 296Â 906,1.0,9.0,-1.0,1644572,1.0,7,,0.0,2.0,2.0,A01,138Â 296Â 908,1.0
963564,201900005095,6,13,19:25,1,1,9,1.0,4.0,02032,Rue de la Guinguette,M,"49,7800820","3,1180220",2,2019,80.0,1.0,1.0,3.0,2153665,1.0,1,1,1,5.0,,0.0,0,1972.0,C01,138Â 296Â 906,1.0,9.0,-1.0,1644570,2.0,7,,0.0,2.0,3.0,C01,138Â 296Â 906,1.0
963564,201900005095,6,13,19:25,1,1,9,1.0,4.0,02032,Rue de la Guinguette,M,"49,7800820","3,1180220",2,2019,80.0,1.0,1.0,3.0,2153665,1.0,1,1,1,5.0,,0.0,0,1972.0,C01,138Â 296Â 906,1.0,9.0,-1.0,1644571,1.0,7,,2.0,2.0,4.0,B01,138Â 296Â 907,1.0
963564,201900005095,6,13,19:25,1,1,9,1.0,4.0,02032,Rue de la Guinguette,M,"49,7800820","3,1180220",2,2019,80.0,1.0,1.0,3.0,2153665,1.0,1,1,1,5.0,,0.0,0,1972.0,C01,138Â 296Â 906,1.0,9.0,-1.0,1644572,1.0,7,,0.0,2.0,2.0,A01,138Â 296Â 908,1.0
963564,201900005095,6,13,19:25,1,1,9,1.0,4.0,02032,Rue de la Guinguette,M,"49,7800820","3,1180220",2,2019,80.0,1.0,1.0,3.0,2153666,1.0,1,4,1,5.0,,0.0,0,1953.0,B01,138Â 296Â 907,1.0,9.0,-1.0,1644570,2.0,7,,0.0,2.0,3.0,C01,138Â 296Â 906,1.0
963564,201900005095,6,13,19:25,1,1,9,1.0,4.0,02032,Rue de la Guinguette,M,"49,7800820","3,1180220",2,2019,80.0,1.0,1.0,3.0,2153666,1.0,1,4,1,5.0,,0.0,0,1953.0,B01,138Â 296Â 907,1.0,9.0,-1.0,1644571,1.0,7,,2.0,2.0,4.0,B01,138Â 296Â 907,1.0
963564,201900005095,6,13,19:25,1,1,9,1.0,4.0,02032,Rue de la Guinguette,M,"49,7800820","3,1180220",2,2019,80.0,1.0,1.0,3.0,2153666,1.0,1,4,1,5.0,,0.0,0,1953.0,B01,138Â 296Â 907,1.0,9.0,-1.0,1644572,1.0,7,,0.0,2.0,2.0,A01,138Â 296Â 908,1.0
963564,201900005095,6,13,19:25,1,1,9,1.0,4.0,02032,Rue de la Guinguette,M,"49,7800820","3,1180220",2,2019,80.0,1.0,1.0,3.0,2153667,1.0,1,4,1,5.0,,0.0,0,1980.0,A01,138Â 296Â 908,1.0,9.0,-1.0,1644570,2.0,7,,0.0,2.0,3.0,C01,138Â 296Â 906,1.0
963564,201900005095,6,13,19:25,1,1,9,1.0,4.0,02032,Rue de la Guinguette,M,"49,7800820","3,1180220",2,2019,80.0,1.0,1.0,3.0,2153667,1.0,1,4,1,5.0,,0.0,0,1980.0,A01,138Â 296Â 908,1.0,9.0,-1.0,1644571,1.0,7,,2.0,2.0,4.0,B01,138Â 296Â 907,1.0
963564,201900005095,6,13,19:25,1,1,9,1.0,4.0,02032,Rue de la Guinguette,M,"49,7800820","3,1180220",2,2019,80.0,1.0,1.0,3.0,2153667,1.0,1,4,1,5.0,,0.0,0,1980.0,A01,138Â 296Â 908,1.0,9.0,-1.0,1644572,1.0,7,,0.0,2.0,2.0,A01,138Â 296Â 908,1.0
963564,201900005095,6,13,19:25,1,1,9,1.0,4.0,02032,Rue de la Guinguette,M,"49,7800820","3,1180220",2,2019,80.0,1.0,1.0,3.0,2153668,2.0,2,3,1,5.0,,0.0,0,1982.0,A01,138Â 296Â 908,1.0,9.0,-1.0,1644570,2.0,7,,0.0,2.0,3.0,C01,138Â 296Â 906,1.0
963564,201900005095,6,13,19:25,1,1,9,1.0,4.0,02032,Rue de la Guinguette,M,"49,7800820","3,1180220",2,2019,80.0,1.0,1.0,3.0,2153668,2.0,2,3,1,5.0,,0.0,0,1982.0,A01,138Â 296Â 908,1.0,9.0,-1.0,1644571,1.0,7,,2.0,2.0,4.0,B01,138Â 296Â 907,1.0
963564,201900005095,6,13,19:25,1,1,9,1.0,4.0,02032,Rue de la Guinguette,M,"49,7800820","3,1180220",2,2019,80.0,1.0,1.0,3.0,2153668,2.0,2,3,1,5.0,,0.0,0,1982.0,A01,138Â 296Â 908,1.0,9.0,-1.0,1644572,1.0,7,,0.0,2.0,2.0,A01,138Â 296Â 908,1.0
963565,201900005096,6,2,12:15,1,1,1,7.0,1.0,02816,lieu dit balanchere,M,"49,1507610","3,5370060",2,2019,80.0,1.0,1.0,3.0,2153669,1.0,1,3,2,5.0,,0.0,0,1991.0,B01,138Â 296Â 904,1.0,9.0,-1.0,1644573,2.0,7,,0.0,2.0,2.0,B01,138Â 296Â 904,1.0
963565,201900005096,6,2,12:15,1,1,1,7.0,1.0,02816,lieu dit balanchere,M,"49,1507610","3,5370060",2,2019,80.0,1.0,1.0,3.0,2153669,1.0,1,3,2,5.0,,0.0,0,1991.0,B01,138Â 296Â 904,1.0,9.0,-1.0,1644574,1.0,7,,0.0,2.0,3.0,A01,138Â 296Â 905,1.0
963565,201900005096,6,2,12:15,1,1,1,7.0,1.0,02816,lieu dit balanchere,M,"49,1507610","3,5370060",2,2019,80.0,1.0,1.0,3.0,2153670,1.0,1,3,2,5.0,,0.0,0,2000.0,A01,138Â 296Â 905,1.0,-1.0,-1.0,1644573,2.0,7,,0.0,2.0,2.0,B01,138Â 296Â 904,1.0
963565,201900005096,6,2,12:15,1,1,1,7.0,1.0,02816,lieu dit balanchere,M,"49,1507610","3,5370060",2,2019,80.0,1.0,1.0,3.0,2153670,1.0,1,3,2,5.0,,0.0,0,2000.0,A01,138Â 296Â 905,1.0,-1.0,-1.0,1644574,1.0,7,,0.0,2.0,3.0,A01,138Â 296Â 905,1.0
963566,201900005097,6,10,05:15,3,1,1,1.0,6.0,84148,1401 Lieu-dit Jas de Gassin,M,"44,0570340","5,2330330",84,2019,70.0,8.0,1.0,3.0,2153671,1.0,1,3,1,5.0,,0.0,0,1998.0,A01,138Â 296Â 903,8.0,-1.0,-1.0,1644575,3.0,7,,2.0,0.0,3.0,A01,138Â 296Â 903,0.0
963567,201900005098,6,1,22:34,5,2,1,1.0,6.0,84072,route de carpentras,M,"44,0586830","5,1114130",84,2019,50.0,1.0,1.0,3.0,2153672,1.0,1,1,1,5.0,,0.0,0,1964.0,A01,138Â 296Â 902,1.0,-1.0,-1.0,1644576,1.0,7,,0.0,1.0,3.0,A01,138Â 296Â 902,0.0
963567,201900005098,6,1,22:34,5,2,1,1.0,6.0,84072,route de carpentras,M,"44,0586830","5,1114130",84,2019,50.0,1.0,1.0,3.0,2153673,10.0,3,2,2,5.0,,1.0,3,1933.0,A01,138Â 296Â 902,0.0,-1.0,-1.0,1644576,1.0,7,,0.0,1.0,3.0,A01,138Â 296Â 902,0.0
963568,201900005099,6,20,09:15,1,1,1,1.0,5.0,84002,La Route,M,"43,7415210","5,5093320",84,2019,80.0,1.0,1.0,3.0,2153674,1.0,1,3,1,5.0,,0.0,0,1924.0,C01,138Â 296Â 899,1.0,-1.0,-1.0,1644577,1.0,7,,0.0,2.0,1.0,C01,138Â 296Â 899,1.0
963568,201900005099,6,20,09:15,1,1,1,1.0,5.0,84002,La Route,M,"43,7415210","5,5093320",84,2019,80.0,1.0,1.0,3.0,2153674,1.0,1,3,1,5.0,,0.0,0,1924.0,C01,138Â 296Â 899,1.0,-1.0,-1.0,1644578,1.0,10,,0.0,2.0,3.0,B01,138Â 296Â 900,1.0
963568,201900005099,6,20,09:15,1,1,1,1.0,5.0,84002,La Route,M,"43,7415210","5,5093320",84,2019,80.0,1.0,1.0,3.0,2153674,1.0,1,3,1,5.0,,0.0,0,1924.0,C01,138Â 296Â 899,1.0,-1.0,-1.0,1644579,2.0,7,,0.0,2.0,1.0,A01,138Â 296Â 901,1.0
963568,201900005099,6,20,09:15,1,1,1,1.0,5.0,84002,La Route,M,"43,7415210","5,5093320",84,2019,80.0,1.0,1.0,3.0,2153675,1.0,1,1,1,4.0,,0.0,0,1968.0,B01,138Â 296Â 900,1.0,-1.0,-1.0,1644577,1.0,7,,0.0,2.0,1.0,C01,138Â 296Â 899,1.0
963568,201900005099,6,20,09:15,1,1,1,1.0,5.0,84002,La Route,M,"43,7415210","5,5093320",84,2019,80.0,1.0,1.0,3.0,2153675,1.0,1,1,1,4.0,,0.0,0,1968.0,B01,138Â 296Â 900,1.0,-1.0,-1.0,1644578,1.0,10,,0.0,2.0,3.0,B01,138Â 296Â 900,1.0
963568,201900005099,6,20,09:15,1,1,1,1.0,5.0,84002,La Route,M,"43,7415210","5,5093320",84,2019,80.0,1.0,1.0,3.0,2153675,1.0,1,1,1,4.0,,0.0,0,1968.0,B01,138Â 296Â 900,1.0,-1.0,-1.0,1644579,2.0,7,,0.0,2.0,1.0,A01,138Â 296Â 901,1.0
963568,201900005099,6,20,09:15,1,1,1,1.0,5.0,84002,La Route,M,"43,7415210","5,5093320",84,2019,80.0,1.0,1.0,3.0,2153676,1.0,1,3,2,5.0,,0.0,0,1943.0,A01,138Â 296Â 901,1.0,-1.0,-1.0,1644577,1.0,7,,0.0,2.0,1.0,C01,138Â 296Â 899,1.0
963568,201900005099,6,20,09:15,1,1,1,1.0,5.0,84002,La Route,M,"43,7415210","5,5093320",84,2019,80.0,1.0,1.0,3.0,2153676,1.0,1,3,2,5.0,,0.0,0,1943.0,A01,138Â 296Â 901,1.0,-1.0,-1.0,1644578,1.0,10,,0.0,2.0,3.0,B01,138Â 296Â 900,1.0
963568,201900005099,6,20,09:15,1,1,1,1.0,5.0,84002,La Route,M,"43,7415210","5,5093320",84,2019,80.0,1.0,1.0,3.0,2153676,1.0,1,3,2,5.0,,0.0,0,1943.0,A01,138Â 296Â 901,1.0,-1.0,-1.0,1644579,2.0,7,,0.0,2.0,1.0,A01,138Â 296Â 901,1.0
963569,201900005100,6,18,15:20,1,1,1,1.0,6.0,84102,DÃ©partementale 2,M,"43,9201030","5,2780430",84,2019,80.0,3.0,1.0,3.0,2153677,1.0,1,2,1,0.0,,0.0,0,1966.0,A01,138Â 296Â 898,0.0,-1.0,-1.0,1644580,1.0,7,,2.0,0.0,7.0,A01,138Â 296Â 898,1.0
963570,201900005101,6,12,13:45,1,2,1,1.0,3.0,03254,3B route de Moulins,M,"46,3134683","3,2871316",3,2019,-1.0,8.0,1.0,6.0,2153678,1.0,1,1,2,0.0,,0.0,0,1992.0,B01,138Â 296Â 896,1.0,-1.0,-1.0,1644581,3.0,7,,0.0,0.0,2.0,B01,138Â 296Â 896,1.0
963570,201900005101,6,12,13:45,1,2,1,1.0,3.0,03254,3B route de Moulins,M,"46,3134683","3,2871316",3,2019,-1.0,8.0,1.0,6.0,2153678,1.0,1,1,2,0.0,,0.0,0,1992.0,B01,138Â 296Â 896,1.0,-1.0,-1.0,1644582,3.0,1,,0.0,0.0,1.0,A01,138Â 296Â 897,5.0
963570,201900005101,6,12,13:45,1,2,1,1.0,3.0,03254,3B route de Moulins,M,"46,3134683","3,2871316",3,2019,-1.0,8.0,1.0,6.0,2153679,1.0,1,4,1,0.0,,0.0,0,2003.0,A01,138Â 296Â 897,0.0,-1.0,-1.0,1644581,3.0,7,,0.0,0.0,2.0,B01,138Â 296Â 896,1.0
963570,201900005101,6,12,13:45,1,2,1,1.0,3.0,03254,3B route de Moulins,M,"46,3134683","3,2871316",3,2019,-1.0,8.0,1.0,6.0,2153679,1.0,1,4,1,0.0,,0.0,0,2003.0,A01,138Â 296Â 897,0.0,-1.0,-1.0,1644582,3.0,1,,0.0,0.0,1.0,A01,138Â 296Â 897,5.0
963571,201900005102,6,8,15:34,1,2,3,1.0,3.0,03107,route de Chouvigny,M,"46,1136826","3,0824129",3,2019,30.0,1.0,1.0,3.0,2153680,1.0,1,1,1,4.0,,0.0,0,1972.0,A01,138Â 296Â 894,0.0,-1.0,-1.0,1644583,1.0,21,,0.0,2.0,6.0,A01,138Â 296Â 894,1.0
963571,201900005102,6,8,15:34,1,2,3,1.0,3.0,03107,route de Chouvigny,M,"46,1136826","3,0824129",3,2019,30.0,1.0,1.0,3.0,2153680,1.0,1,1,1,4.0,,0.0,0,1972.0,A01,138Â 296Â 894,0.0,-1.0,-1.0,1644584,1.0,33,,0.0,2.0,2.0,B01,138Â 296Â 895,1.0
963571,201900005102,6,8,15:34,1,2,3,1.0,3.0,03107,route de Chouvigny,M,"46,1136826","3,0824129",3,2019,30.0,1.0,1.0,3.0,2153681,1.0,1,3,2,5.0,,0.0,0,1977.0,B01,138Â 296Â 895,2.0,5.0,6.0,1644583,1.0,21,,0.0,2.0,6.0,A01,138Â 296Â 894,1.0
963571,201900005102,6,8,15:34,1,2,3,1.0,3.0,03107,route de Chouvigny,M,"46,1136826","3,0824129",3,2019,30.0,1.0,1.0,3.0,2153681,1.0,1,3,2,5.0,,0.0,0,1977.0,B01,138Â 296Â 895,2.0,5.0,6.0,1644584,1.0,33,,0.0,2.0,2.0,B01,138Â 296Â 895,1.0
963572,201900005103,6,6,19:15,1,1,1,1.0,6.0,03001,Sentier AndrÃ© Monnot,M,"46,0898325","3,4534315",3,2019,-1.0,8.0,9.0,9.0,2153682,1.0,1,4,1,5.0,,0.0,0,1997.0,A01,138Â 296Â 892,2.0,-1.0,-1.0,1644585,0.0,33,,14.0,0.0,1.0,A01,138Â 296Â 892,1.0
963573,201900005104,5,25,16:00,1,2,1,1.0,3.0,03052,route des Artisans,M,"46,3333358","2,7027816",3,2019,50.0,6.0,1.0,3.0,2153683,1.0,1,1,2,5.0,,0.0,0,2000.0,A01,138Â 296Â 890,1.0,-1.0,-1.0,1644586,1.0,7,,1.0,0.0,2.0,A01,138Â 296Â 890,1.0
963573,201900005104,5,25,16:00,1,2,1,1.0,3.0,03052,route des Artisans,M,"46,3333358","2,7027816",3,2019,50.0,6.0,1.0,3.0,2153683,1.0,1,1,2,5.0,,0.0,0,2000.0,A01,138Â 296Â 890,1.0,-1.0,-1.0,1644587,1.0,7,,0.0,0.0,6.0,B01,138Â 296Â 891,1.0
963573,201900005104,5,25,16:00,1,2,1,1.0,3.0,03052,route des Artisans,M,"46,3333358","2,7027816",3,2019,50.0,6.0,1.0,3.0,2153684,1.0,1,4,1,5.0,,0.0,0,2000.0,B01,138Â 296Â 891,1.0,-1.0,-1.0,1644586,1.0,7,,1.0,0.0,2.0,A01,138Â 296Â 890,1.0
963573,201900005104,5,25,16:00,1,2,1,1.0,3.0,03052,route des Artisans,M,"46,3333358","2,7027816",3,2019,50.0,6.0,1.0,3.0,2153684,1.0,1,4,1,5.0,,0.0,0,2000.0,B01,138Â 296Â 891,1.0,-1.0,-1.0,1644587,1.0,7,,0.0,0.0,6.0,B01,138Â 296Â 891,1.0
963574,201900005105,6,7,01:00,3,1,1,1.0,7.0,03301,Les Bernards,M,"46,4190290","2,5907060",3,2019,80.0,3.0,1.0,3.0,2153685,1.0,1,3,1,5.0,,0.0,0,1972.0,A01,138Â 296Â 889,8.0,-1.0,-1.0,1644588,1.0,7,,13.0,0.0,1.0,A01,138Â 296Â 889,1.0
963575,201900005106,6,15,14:30,1,1,1,2.0,7.0,03260,les FougÃ¨res,M,"46,4332189","3,0006540",3,2019,80.0,3.0,2.0,3.0,2153686,1.0,1,3,1,0.0,,0.0,0,1990.0,A01,138Â 296Â 888,2.0,6.0,9.0,1644589,1.0,34,,13.0,0.0,0.0,A01,138Â 296Â 888,1.0
963576,201900005107,6,6,11:05,1,1,1,1.0,1.0,03170,,M,"46,5104533","3,0840693",3,2019,80.0,1.0,1.0,3.0,2153687,2.0,2,2,2,5.0,,0.0,0,1960.0,B01,138Â 296Â 886,2.0,-1.0,-1.0,1644590,1.0,33,,0.0,2.0,1.0,B01,138Â 296Â 886,1.0
963576,201900005107,6,6,11:05,1,1,1,1.0,1.0,03170,,M,"46,5104533","3,0840693",3,2019,80.0,1.0,1.0,3.0,2153687,2.0,2,2,2,5.0,,0.0,0,1960.0,B01,138Â 296Â 886,2.0,-1.0,-1.0,1644591,2.0,10,,0.0,2.0,1.0,A01,138Â 296Â 887,1.0
963576,201900005107,6,6,11:05,1,1,1,1.0,1.0,03170,,M,"46,5104533","3,0840693",3,2019,80.0,1.0,1.0,3.0,2153688,1.0,1,3,1,5.0,,0.0,0,1951.0,B01,138Â 296Â 886,2.0,-1.0,-1.0,1644590,1.0,33,,0.0,2.0,1.0,B01,138Â 296Â 886,1.0
963576,201900005107,6,6,11:05,1,1,1,1.0,1.0,03170,,M,"46,5104533","3,0840693",3,2019,80.0,1.0,1.0,3.0,2153688,1.0,1,3,1,5.0,,0.0,0,1951.0,B01,138Â 296Â 886,2.0,-1.0,-1.0,1644591,2.0,10,,0.0,2.0,1.0,A01,138Â 296Â 887,1.0
963576,201900005107,6,6,11:05,1,1,1,1.0,1.0,03170,,M,"46,5104533","3,0840693",3,2019,80.0,1.0,1.0,3.0,2153689,1.0,1,1,1,4.0,,0.0,0,1964.0,A01,138Â 296Â 887,8.0,-1.0,-1.0,1644590,1.0,33,,0.0,2.0,1.0,B01,138Â 296Â 886,1.0
963576,201900005107,6,6,11:05,1,1,1,1.0,1.0,03170,,M,"46,5104533","3,0840693",3,2019,80.0,1.0,1.0,3.0,2153689,1.0,1,1,1,4.0,,0.0,0,1964.0,A01,138Â 296Â 887,8.0,-1.0,-1.0,1644591,2.0,10,,0.0,2.0,1.0,A01,138Â 296Â 887,1.0
963577,201900005108,8,14,06:15,2,1,1,5.0,7.0,60070,Bienville,M,"49,4386450","2,8202320",60,2019,70.0,1.0,2.0,3.0,2153690,1.0,1,2,1,4.0,,0.0,0,1986.0,A01,138Â 296Â 893,1.0,5.0,-1.0,1644592,1.0,7,,2.0,0.0,3.0,A01,138Â 296Â 893,1.0
963577,201900005108,8,14,06:15,2,1,1,5.0,7.0,60070,Bienville,M,"49,4386450","2,8202320",60,2019,70.0,1.0,2.0,3.0,2153691,2.0,2,3,1,4.0,,0.0,0,1997.0,A01,138Â 296Â 893,1.0,-1.0,-1.0,1644592,1.0,7,,2.0,0.0,3.0,A01,138Â 296Â 893,1.0
963578,201900005109,6,5,20:05,1,1,3,2.0,7.0,15175,Rosiers,M,"45,0593960","2,4066870",15,2019,-1.0,1.0,2.0,4.0,2153692,1.0,1,3,1,1.0,,0.0,0,1994.0,A01,138Â 296Â 885,0.0,-1.0,-1.0,1644593,3.0,36,,0.0,0.0,0.0,A01,138Â 296Â 885,0.0
963579,201900005110,6,1,07:05,2,1,1,1.0,6.0,01304,route dÃ©partementale 1075,M,"46,0631310","5,3313760",1,2019,80.0,3.0,1.0,3.0,2153693,2.0,2,3,2,5.0,,0.0,0,1953.0,A01,138Â 296Â 884,1.0,-1.0,-1.0,1644594,1.0,7,,6.0,0.0,2.0,A01,138Â 296Â 884,0.0
963579,201900005110,6,1,07:05,2,1,1,1.0,6.0,01304,route dÃ©partementale 1075,M,"46,0631310","5,3313760",1,2019,80.0,3.0,1.0,3.0,2153694,1.0,1,1,1,5.0,,0.0,0,1947.0,A01,138Â 296Â 884,1.0,-1.0,-1.0,1644594,1.0,7,,6.0,0.0,2.0,A01,138Â 296Â 884,0.0
963580,201900005111,6,13,08:35,1,2,9,1.0,6.0,01079,Route du Col de Richemont,M,"45,9096980","5,6836890",1,2019,50.0,1.0,1.0,3.0,2153695,10.0,3,3,1,2.0,,2.0,3,2009.0,A01,138Â 296Â 883,0.0,-1.0,-1.0,1644595,1.0,7,,0.0,1.0,2.0,A01,138Â 296Â 883,0.0
963580,201900005111,6,13,08:35,1,2,9,1.0,6.0,01079,Route du Col de Richemont,M,"45,9096980","5,6836890",1,2019,50.0,1.0,1.0,3.0,2153696,1.0,1,1,1,1.0,,0.0,0,1980.0,A01,138Â 296Â 883,1.0,-1.0,-1.0,1644595,1.0,7,,0.0,1.0,2.0,A01,138Â 296Â 883,0.0
963581,201900005112,6,14,21:25,3,1,2,1.0,3.0,01179,RD933 PK 33+600,M,"46,2452690","4,8667620",1,2019,80.0,1.0,1.0,3.0,2153697,1.0,1,2,1,4.0,,0.0,0,1994.0,A01,138Â 296Â 881,1.0,-1.0,-1.0,1644596,0.0,7,,0.0,2.0,7.0,A01,138Â 296Â 881,1.0
963581,201900005112,6,14,21:25,3,1,2,1.0,3.0,01179,RD933 PK 33+600,M,"46,2452690","4,8667620",1,2019,80.0,1.0,1.0,3.0,2153697,1.0,1,2,1,4.0,,0.0,0,1994.0,A01,138Â 296Â 881,1.0,-1.0,-1.0,1644597,2.0,7,,0.0,2.0,1.0,B01,138Â 296Â 882,1.0
963581,201900005112,6,14,21:25,3,1,2,1.0,3.0,01179,RD933 PK 33+600,M,"46,2452690","4,8667620",1,2019,80.0,1.0,1.0,3.0,2153698,1.0,1,4,1,5.0,,0.0,0,1979.0,B01,138Â 296Â 882,1.0,-1.0,-1.0,1644596,0.0,7,,0.0,2.0,7.0,A01,138Â 296Â 881,1.0
963581,201900005112,6,14,21:25,3,1,2,1.0,3.0,01179,RD933 PK 33+600,M,"46,2452690","4,8667620",1,2019,80.0,1.0,1.0,3.0,2153698,1.0,1,4,1,5.0,,0.0,0,1979.0,B01,138Â 296Â 882,1.0,-1.0,-1.0,1644597,2.0,7,,0.0,2.0,1.0,B01,138Â 296Â 882,1.0
963582,201900005113,6,16,11:15,1,1,1,1.0,1.0,01196,Route de Chalon,M,"46,3890090","5,1159300",1,2019,-1.0,1.0,1.0,3.0,2153699,1.0,1,1,1,5.0,,0.0,0,1952.0,A01,138Â 296Â 879,1.0,-1.0,-1.0,1644598,1.0,7,,0.0,2.0,2.0,A01,138Â 296Â 879,1.0
963582,201900005113,6,16,11:15,1,1,1,1.0,1.0,01196,Route de Chalon,M,"46,3890090","5,1159300",1,2019,-1.0,1.0,1.0,3.0,2153699,1.0,1,1,1,5.0,,0.0,0,1952.0,A01,138Â 296Â 879,1.0,-1.0,-1.0,1644599,1.0,2,,0.0,2.0,3.0,B01,138Â 296Â 880,1.0
963582,201900005113,6,16,11:15,1,1,1,1.0,1.0,01196,Route de Chalon,M,"46,3890090","5,1159300",1,2019,-1.0,1.0,1.0,3.0,2153700,1.0,1,4,1,5.0,,0.0,0,2002.0,B01,138Â 296Â 880,2.0,6.0,-1.0,1644598,1.0,7,,0.0,2.0,2.0,A01,138Â 296Â 879,1.0
963582,201900005113,6,16,11:15,1,1,1,1.0,1.0,01196,Route de Chalon,M,"46,3890090","5,1159300",1,2019,-1.0,1.0,1.0,3.0,2153700,1.0,1,4,1,5.0,,0.0,0,2002.0,B01,138Â 296Â 880,2.0,6.0,-1.0,1644599,1.0,2,,0.0,2.0,3.0,B01,138Â 296Â 880,1.0
963582,201900005113,6,16,11:15,1,1,1,1.0,1.0,01196,Route de Chalon,M,"46,3890090","5,1159300",1,2019,-1.0,1.0,1.0,3.0,2153701,2.0,2,3,2,5.0,,0.0,0,2003.0,B01,138Â 296Â 880,2.0,6.0,-1.0,1644598,1.0,7,,0.0,2.0,2.0,A01,138Â 296Â 879,1.0
963582,201900005113,6,16,11:15,1,1,1,1.0,1.0,01196,Route de Chalon,M,"46,3890090","5,1159300",1,2019,-1.0,1.0,1.0,3.0,2153701,2.0,2,3,2,5.0,,0.0,0,2003.0,B01,138Â 296Â 880,2.0,6.0,-1.0,1644599,1.0,2,,0.0,2.0,3.0,B01,138Â 296Â 880,1.0
963583,201900005114,6,8,12:45,1,1,1,1.0,3.0,01335,Route de la Dombes,M,"46,1130970","5,0755250",1,2019,80.0,1.0,1.0,3.0,2153702,1.0,1,1,2,4.0,,0.0,0,1997.0,A01,138Â 296Â 877,1.0,-1.0,-1.0,1644600,1.0,7,,0.0,2.0,2.0,A01,138Â 296Â 877,1.0
963583,201900005114,6,8,12:45,1,1,1,1.0,3.0,01335,Route de la Dombes,M,"46,1130970","5,0755250",1,2019,80.0,1.0,1.0,3.0,2153702,1.0,1,1,2,4.0,,0.0,0,1997.0,A01,138Â 296Â 877,1.0,-1.0,-1.0,1644601,1.0,33,,0.0,2.0,1.0,B01,138Â 296Â 878,1.0
963583,201900005114,6,8,12:45,1,1,1,1.0,3.0,01335,Route de la Dombes,M,"46,1130970","5,0755250",1,2019,80.0,1.0,1.0,3.0,2153703,1.0,1,4,1,5.0,,0.0,0,1985.0,B01,138Â 296Â 878,2.0,-1.0,-1.0,1644600,1.0,7,,0.0,2.0,2.0,A01,138Â 296Â 877,1.0
963583,201900005114,6,8,12:45,1,1,1,1.0,3.0,01335,Route de la Dombes,M,"46,1130970","5,0755250",1,2019,80.0,1.0,1.0,3.0,2153703,1.0,1,4,1,5.0,,0.0,0,1985.0,B01,138Â 296Â 878,2.0,-1.0,-1.0,1644601,1.0,33,,0.0,2.0,1.0,B01,138Â 296Â 878,1.0
963584,201900005115,6,11,14:30,1,2,1,2.0,6.0,70147,rue de la maisonnette 7000,M,"47,5618100","6,6585660",70,2019,50.0,1.0,1.0,3.0,2153704,1.0,1,2,2,0.0,,0.0,0,1961.0,A01,138Â 296Â 876,0.0,-1.0,-1.0,1644602,2.0,7,,6.0,0.0,3.0,A01,138Â 296Â 876,1.0
963585,201900005116,6,17,14:10,1,2,1,1.0,7.0,70283,Les Chaseaux,M,"47,8536750","6,7350400",70,2019,80.0,3.0,1.0,4.0,2153705,1.0,1,3,1,1.0,,0.0,0,1968.0,A01,138Â 296Â 875,1.0,-1.0,-1.0,1644603,3.0,7,,2.0,0.0,1.0,A01,138Â 296Â 875,0.0