Unnamed: 0_x,num_acc,mois,jour,hrmn,lum,agg,int,atm,col,com,adr,gps,lat,long,dep,annee,vma,situ,surf,catr,Unnamed: 0_y,place,catu,grav,sexe,trajet,secu,locp,actp,an_nais,num_veh_x,id_vehicule_x,secu1,secu2,secu3,Unnamed: 0,senc,catv,occutc,obs,obsm,choc,num_veh_y,id_vehicule_y,motor
963586,201900005117,6,13,18:20,1,2,1,1.0,3.0,70120,avenue de la gare,M,"47,7031160","6,6966190",70,2019,50.0,1.0,1.0,3.0,2153706,1.0,1,2,1,0.0,,0.0,0,1993.0,A01,138Â 296Â 873,2.0,6.0,-1.0,1644604,3.0,33,,8.0,2.0,1.0,A01,138Â 296Â 873,0.0
963586,201900005117,6,13,18:20,1,2,1,1.0,3.0,70120,avenue de la gare,M,"47,7031160","6,6966190",70,2019,50.0,1.0,1.0,3.0,2153706,1.0,1,2,1,0.0,,0.0,0,1993.0,A01,138Â 296Â 873,2.0,6.0,-1.0,1644605,0.0,10,,0.0,0.0,3.0,B01,138Â 296Â 874,0.0
963586,201900005117,6,13,18:20,1,2,1,1.0,3.0,70120,avenue de la gare,M,"47,7031160","6,6966190",70,2019,50.0,1.0,1.0,3.0,2153707,1.0,1,1,1,1.0,,0.0,0,1956.0,B01,138Â 296Â 874,8.0,-1.0,-1.0,1644604,3.0,33,,8.0,2.0,1.0,A01,138Â 296Â 873,0.0
963586,201900005117,6,13,18:20,1,2,1,1.0,3.0,70120,avenue de la gare,M,"47,7031160","6,6966190",70,2019,50.0,1.0,1.0,3.0,2153707,1.0,1,1,1,1.0,,0.0,0,1956.0,B01,138Â 296Â 874,8.0,-1.0,-1.0,1644605,0.0,10,,0.0,0.0,3.0,B01,138Â 296Â 874,0.0
963587,201900005118,6,5,17:45,1,1,2,1.0,3.0,70339,D486/d131,M,"47,7431960","6,5563010",70,2019,70.0,1.0,1.0,3.0,2153708,1.0,1,1,1,1.0,,0.0,0,1970.0,A01,138Â 296Â 871,1.0,-1.0,-1.0,1644606,1.0,7,,0.0,2.0,1.0,A01,138Â 296Â 871,1.0
963587,201900005118,6,5,17:45,1,1,2,1.0,3.0,70339,D486/d131,M,"47,7431960","6,5563010",70,2019,70.0,1.0,1.0,3.0,2153708,1.0,1,1,1,1.0,,0.0,0,1970.0,A01,138Â 296Â 871,1.0,-1.0,-1.0,1644607,2.0,1,,0.0,0.0,8.0,B01,138Â 296Â 872,0.0
963587,201900005118,6,5,17:45,1,1,2,1.0,3.0,70339,D486/d131,M,"47,7431960","6,5563010",70,2019,70.0,1.0,1.0,3.0,2153709,1.0,1,3,2,5.0,,0.0,0,1956.0,B01,138Â 296Â 872,2.0,-1.0,-1.0,1644606,1.0,7,,0.0,2.0,1.0,A01,138Â 296Â 871,1.0
963587,201900005118,6,5,17:45,1,1,2,1.0,3.0,70339,D486/d131,M,"47,7431960","6,5563010",70,2019,70.0,1.0,1.0,3.0,2153709,1.0,1,3,2,5.0,,0.0,0,1956.0,B01,138Â 296Â 872,2.0,-1.0,-1.0,1644607,2.0,1,,0.0,0.0,8.0,B01,138Â 296Â 872,0.0
963588,201900005119,6,5,15:00,1,2,2,1.0,3.0,70514,carrefour rue SAINTE BARBE rue de la LIBERTE et rue duLAVOIR,M,"47,3410660","5,6339030",70,2019,50.0,1.0,1.0,3.0,2153710,1.0,1,1,1,5.0,,0.0,0,2006.0,A01,138Â 296Â 869,0.0,-1.0,-1.0,1644608,2.0,50,,0.0,2.0,7.0,A01,138Â 296Â 869,3.0
963588,201900005119,6,5,15:00,1,2,2,1.0,3.0,70514,carrefour rue SAINTE BARBE rue de la LIBERTE et rue duLAVOIR,M,"47,3410660","5,6339030",70,2019,50.0,1.0,1.0,3.0,2153710,1.0,1,1,1,5.0,,0.0,0,2006.0,A01,138Â 296Â 869,0.0,-1.0,-1.0,1644609,1.0,7,,0.0,9.0,1.0,B01,138Â 296Â 870,1.0
963588,201900005119,6,5,15:00,1,2,2,1.0,3.0,70514,carrefour rue SAINTE BARBE rue de la LIBERTE et rue duLAVOIR,M,"47,3410660","5,6339030",70,2019,50.0,1.0,1.0,3.0,2153711,2.0,2,4,2,5.0,,0.0,0,2009.0,A01,138Â 296Â 869,0.0,-1.0,-1.0,1644608,2.0,50,,0.0,2.0,7.0,A01,138Â 296Â 869,3.0
963588,201900005119,6,5,15:00,1,2,2,1.0,3.0,70514,carrefour rue SAINTE BARBE rue de la LIBERTE et rue duLAVOIR,M,"47,3410660","5,6339030",70,2019,50.0,1.0,1.0,3.0,2153711,2.0,2,4,2,5.0,,0.0,0,2009.0,A01,138Â 296Â 869,0.0,-1.0,-1.0,1644609,1.0,7,,0.0,9.0,1.0,B01,138Â 296Â 870,1.0
963588,201900005119,6,5,15:00,1,2,2,1.0,3.0,70514,carrefour rue SAINTE BARBE rue de la LIBERTE et rue duLAVOIR,M,"47,3410660","5,6339030",70,2019,50.0,1.0,1.0,3.0,2153712,1.0,1,1,1,5.0,,0.0,0,1956.0,B01,138Â 296Â 870,1.0,-1.0,-1.0,1644608,2.0,50,,0.0,2.0,7.0,A01,138Â 296Â 869,3.0
963588,201900005119,6,5,15:00,1,2,2,1.0,3.0,70514,carrefour rue SAINTE BARBE rue de la LIBERTE et rue duLAVOIR,M,"47,3410660","5,6339030",70,2019,50.0,1.0,1.0,3.0,2153712,1.0,1,1,1,5.0,,0.0,0,1956.0,B01,138Â 296Â 870,1.0,-1.0,-1.0,1644609,1.0,7,,0.0,9.0,1.0,B01,138Â 296Â 870,1.0
963589,201900005120,6,1,23:00,3,1,1,1.0,6.0,70167,Lieu dit le Moulin Rouge,M,"47,7327040","6,0428390",70,2019,80.0,1.0,1.0,3.0,2153713,1.0,1,2,1,0.0,,0.0,0,1998.0,A01,138Â 296Â 868,8.0,-1.0,-1.0,1644610,0.0,2,,6.0,0.0,1.0,A01,138Â 296Â 868,1.0
963589,201900005120,6,1,23:00,3,1,1,1.0,6.0,70167,Lieu dit le Moulin Rouge,M,"47,7327040","6,0428390",70,2019,80.0,1.0,1.0,3.0,2153714,2.0,2,4,1,0.0,,0.0,0,2004.0,A01,138Â 296Â 868,8.0,-1.0,-1.0,1644610,0.0,2,,6.0,0.0,1.0,A01,138Â 296Â 868,1.0
963590,201900005121,6,4,20:00,1,1,1,1.0,6.0,70202,RD417,M,"47,9319205","6,0759561",70,2019,80.0,3.0,1.0,3.0,2153715,1.0,1,3,1,5.0,,0.0,0,1994.0,A01,138Â 296Â 867,2.0,-1.0,-1.0,1644611,1.0,2,,3.0,0.0,6.0,A01,138Â 296Â 867,1.0
963591,201900005122,6,15,11:00,1,1,1,1.0,6.0,26275,D8 PK 13+400,M,"44,2494800","4,8558720",26,2019,80.0,1.0,1.0,3.0,2153716,1.0,1,3,2,5.0,,0.0,0,1957.0,A01,138Â 296Â 866,1.0,-1.0,-1.0,1644612,2.0,7,,2.0,0.0,3.0,A01,138Â 296Â 866,1.0
963592,201900005123,6,2,11:15,1,1,1,1.0,2.0,26357,Route de Nyons,M,"44,2907760","4,9677730",26,2019,80.0,1.0,1.0,3.0,2153717,1.0,1,1,1,5.0,,0.0,0,1989.0,B01,138Â 296Â 864,1.0,-1.0,-1.0,1644613,1.0,7,,0.0,0.0,6.0,B01,138Â 296Â 864,1.0
963592,201900005123,6,2,11:15,1,1,1,1.0,2.0,26357,Route de Nyons,M,"44,2907760","4,9677730",26,2019,80.0,1.0,1.0,3.0,2153717,1.0,1,1,1,5.0,,0.0,0,1989.0,B01,138Â 296Â 864,1.0,-1.0,-1.0,1644614,1.0,33,,0.0,2.0,1.0,A01,138Â 296Â 865,1.0
963592,201900005123,6,2,11:15,1,1,1,1.0,2.0,26357,Route de Nyons,M,"44,2907760","4,9677730",26,2019,80.0,1.0,1.0,3.0,2153718,2.0,2,3,2,5.0,,0.0,0,1950.0,A01,138Â 296Â 865,2.0,6.0,-1.0,1644613,1.0,7,,0.0,0.0,6.0,B01,138Â 296Â 864,1.0
963592,201900005123,6,2,11:15,1,1,1,1.0,2.0,26357,Route de Nyons,M,"44,2907760","4,9677730",26,2019,80.0,1.0,1.0,3.0,2153718,2.0,2,3,2,5.0,,0.0,0,1950.0,A01,138Â 296Â 865,2.0,6.0,-1.0,1644614,1.0,33,,0.0,2.0,1.0,A01,138Â 296Â 865,1.0
963592,201900005123,6,2,11:15,1,1,1,1.0,2.0,26357,Route de Nyons,M,"44,2907760","4,9677730",26,2019,80.0,1.0,1.0,3.0,2153719,1.0,1,1,1,5.0,,0.0,0,1953.0,A01,138Â 296Â 865,2.0,6.0,-1.0,1644613,1.0,7,,0.0,0.0,6.0,B01,138Â 296Â 864,1.0
963592,201900005123,6,2,11:15,1,1,1,1.0,2.0,26357,Route de Nyons,M,"44,2907760","4,9677730",26,2019,80.0,1.0,1.0,3.0,2153719,1.0,1,1,1,5.0,,0.0,0,1953.0,A01,138Â 296Â 865,2.0,6.0,-1.0,1644614,1.0,33,,0.0,2.0,1.0,A01,138Â 296Â 865,1.0
963593,201900005124,5,31,00:10,3,1,1,1.0,2.0,26360,Route de Montelimar,M,"44,4209290","4,8158230",26,2019,80.0,1.0,1.0,3.0,2153720,1.0,1,1,2,1.0,,0.0,0,1988.0,A01,138Â 296Â 862,1.0,-1.0,-1.0,1644615,1.0,7,,0.0,2.0,6.0,A01,138Â 296Â 862,1.0
963593,201900005124,5,31,00:10,3,1,1,1.0,2.0,26360,Route de Montelimar,M,"44,4209290","4,8158230",26,2019,80.0,1.0,1.0,3.0,2153720,1.0,1,1,2,1.0,,0.0,0,1988.0,A01,138Â 296Â 862,1.0,-1.0,-1.0,1644616,1.0,31,,0.0,2.0,3.0,B01,138Â 296Â 863,1.0
963593,201900005124,5,31,00:10,3,1,1,1.0,2.0,26360,Route de Montelimar,M,"44,4209290","4,8158230",26,2019,80.0,1.0,1.0,3.0,2153721,1.0,1,3,1,5.0,,0.0,0,1998.0,B01,138Â 296Â 863,2.0,6.0,-1.0,1644615,1.0,7,,0.0,2.0,6.0,A01,138Â 296Â 862,1.0
963593,201900005124,5,31,00:10,3,1,1,1.0,2.0,26360,Route de Montelimar,M,"44,4209290","4,8158230",26,2019,80.0,1.0,1.0,3.0,2153721,1.0,1,3,1,5.0,,0.0,0,1998.0,B01,138Â 296Â 863,2.0,6.0,-1.0,1644616,1.0,31,,0.0,2.0,3.0,B01,138Â 296Â 863,1.0
963594,201900005125,6,16,19:30,1,1,1,1.0,1.0,26113,Route d'Ausson,M,"44,7402880","5,3815520",26,2019,80.0,1.0,1.0,3.0,2153722,1.0,1,4,1,5.0,,0.0,0,2004.0,A01,138Â 296Â 860,2.0,-1.0,-1.0,1644617,2.0,30,,0.0,2.0,1.0,A01,138Â 296Â 860,1.0
963594,201900005125,6,16,19:30,1,1,1,1.0,1.0,26113,Route d'Ausson,M,"44,7402880","5,3815520",26,2019,80.0,1.0,1.0,3.0,2153722,1.0,1,4,1,5.0,,0.0,0,2004.0,A01,138Â 296Â 860,2.0,-1.0,-1.0,1644618,1.0,33,,0.0,2.0,1.0,B01,138Â 296Â 861,1.0
963594,201900005125,6,16,19:30,1,1,1,1.0,1.0,26113,Route d'Ausson,M,"44,7402880","5,3815520",26,2019,80.0,1.0,1.0,3.0,2153723,1.0,1,4,1,5.0,,0.0,0,1965.0,B01,138Â 296Â 861,9.0,2.0,6.0,1644617,2.0,30,,0.0,2.0,1.0,A01,138Â 296Â 860,1.0
963594,201900005125,6,16,19:30,1,1,1,1.0,1.0,26113,Route d'Ausson,M,"44,7402880","5,3815520",26,2019,80.0,1.0,1.0,3.0,2153723,1.0,1,4,1,5.0,,0.0,0,1965.0,B01,138Â 296Â 861,9.0,2.0,6.0,1644618,1.0,33,,0.0,2.0,1.0,B01,138Â 296Â 861,1.0
963595,201900005126,6,10,18:00,1,1,1,3.0,3.0,26248,RD93,M,"44,7344920","5,2669280",26,2019,80.0,1.0,2.0,3.0,2153724,1.0,1,1,2,0.0,,0.0,0,1994.0,A01,138Â 296Â 858,1.0,-1.0,-1.0,1644619,1.0,7,,7.0,2.0,3.0,A01,138Â 296Â 858,6.0
963595,201900005126,6,10,18:00,1,1,1,3.0,3.0,26248,RD93,M,"44,7344920","5,2669280",26,2019,80.0,1.0,2.0,3.0,2153724,1.0,1,1,2,0.0,,0.0,0,1994.0,A01,138Â 296Â 858,1.0,-1.0,-1.0,1644620,1.0,33,,0.0,2.0,1.0,B01,138Â 296Â 859,6.0
963595,201900005126,6,10,18:00,1,1,1,3.0,3.0,26248,RD93,M,"44,7344920","5,2669280",26,2019,80.0,1.0,2.0,3.0,2153725,1.0,1,3,1,5.0,,0.0,0,1981.0,B01,138Â 296Â 859,2.0,6.0,-1.0,1644619,1.0,7,,7.0,2.0,3.0,A01,138Â 296Â 858,6.0
963595,201900005126,6,10,18:00,1,1,1,3.0,3.0,26248,RD93,M,"44,7344920","5,2669280",26,2019,80.0,1.0,2.0,3.0,2153725,1.0,1,3,1,5.0,,0.0,0,1981.0,B01,138Â 296Â 859,2.0,6.0,-1.0,1644620,1.0,33,,0.0,2.0,1.0,B01,138Â 296Â 859,6.0
963596,201900005127,6,10,23:00,3,1,1,2.0,3.0,26006,Route de Livron,M,"44,7658380","4,9035410",26,2019,80.0,1.0,2.0,3.0,2153726,1.0,1,4,1,1.0,,0.0,0,1990.0,B01,138Â 296Â 856,1.0,5.0,-1.0,1644621,2.0,7,,0.0,2.0,3.0,B01,138Â 296Â 856,1.0
963596,201900005127,6,10,23:00,3,1,1,2.0,3.0,26006,Route de Livron,M,"44,7658380","4,9035410",26,2019,80.0,1.0,2.0,3.0,2153726,1.0,1,4,1,1.0,,0.0,0,1990.0,B01,138Â 296Â 856,1.0,5.0,-1.0,1644622,1.0,7,,13.0,2.0,3.0,A01,138Â 296Â 857,1.0
963596,201900005127,6,10,23:00,3,1,1,2.0,3.0,26006,Route de Livron,M,"44,7658380","4,9035410",26,2019,80.0,1.0,2.0,3.0,2153727,9.0,2,4,1,0.0,,0.0,0,1966.0,A01,138Â 296Â 857,1.0,-1.0,-1.0,1644621,2.0,7,,0.0,2.0,3.0,B01,138Â 296Â 856,1.0
963596,201900005127,6,10,23:00,3,1,1,2.0,3.0,26006,Route de Livron,M,"44,7658380","4,9035410",26,2019,80.0,1.0,2.0,3.0,2153727,9.0,2,4,1,0.0,,0.0,0,1966.0,A01,138Â 296Â 857,1.0,-1.0,-1.0,1644622,1.0,7,,13.0,2.0,3.0,A01,138Â 296Â 857,1.0
963596,201900005127,6,10,23:00,3,1,1,2.0,3.0,26006,Route de Livron,M,"44,7658380","4,9035410",26,2019,80.0,1.0,2.0,3.0,2153728,1.0,2,3,1,0.0,,0.0,0,1995.0,A01,138Â 296Â 857,1.0,5.0,-1.0,1644621,2.0,7,,0.0,2.0,3.0,B01,138Â 296Â 856,1.0
963596,201900005127,6,10,23:00,3,1,1,2.0,3.0,26006,Route de Livron,M,"44,7658380","4,9035410",26,2019,80.0,1.0,2.0,3.0,2153728,1.0,2,3,1,0.0,,0.0,0,1995.0,A01,138Â 296Â 857,1.0,5.0,-1.0,1644622,1.0,7,,13.0,2.0,3.0,A01,138Â 296Â 857,1.0
963596,201900005127,6,10,23:00,3,1,1,2.0,3.0,26006,Route de Livron,M,"44,7658380","4,9035410",26,2019,80.0,1.0,2.0,3.0,2153729,2.0,1,4,1,0.0,,0.0,0,1999.0,A01,138Â 296Â 857,1.0,5.0,-1.0,1644621,2.0,7,,0.0,2.0,3.0,B01,138Â 296Â 856,1.0
963596,201900005127,6,10,23:00,3,1,1,2.0,3.0,26006,Route de Livron,M,"44,7658380","4,9035410",26,2019,80.0,1.0,2.0,3.0,2153729,2.0,1,4,1,0.0,,0.0,0,1999.0,A01,138Â 296Â 857,1.0,5.0,-1.0,1644622,1.0,7,,13.0,2.0,3.0,A01,138Â 296Â 857,1.0
963596,201900005127,6,10,23:00,3,1,1,2.0,3.0,26006,Route de Livron,M,"44,7658380","4,9035410",26,2019,80.0,1.0,2.0,3.0,2153730,7.0,2,1,1,0.0,,0.0,0,1981.0,A01,138Â 296Â 857,1.0,-1.0,-1.0,1644621,2.0,7,,0.0,2.0,3.0,B01,138Â 296Â 856,1.0
963596,201900005127,6,10,23:00,3,1,1,2.0,3.0,26006,Route de Livron,M,"44,7658380","4,9035410",26,2019,80.0,1.0,2.0,3.0,2153730,7.0,2,1,1,0.0,,0.0,0,1981.0,A01,138Â 296Â 857,1.0,-1.0,-1.0,1644622,1.0,7,,13.0,2.0,3.0,A01,138Â 296Â 857,1.0
963597,201900005128,6,17,09:30,1,2,1,1.0,6.0,58059,Grande Rue,M,"47,1771740","3,0166340",58,2019,50.0,1.0,1.0,4.0,2153731,1.0,1,1,1,5.0,,0.0,0,1947.0,A01,138Â 296Â 855,1.0,-1.0,-1.0,1644623,2.0,7,,0.0,1.0,3.0,A01,138Â 296Â 855,1.0
963597,201900005128,6,17,09:30,1,2,1,1.0,6.0,58059,Grande Rue,M,"47,1771740","3,0166340",58,2019,50.0,1.0,1.0,4.0,2153732,10.0,3,3,2,5.0,,2.0,3,1944.0,A01,138Â 296Â 855,0.0,-1.0,-1.0,1644623,2.0,7,,0.0,1.0,3.0,A01,138Â 296Â 855,1.0
963598,201900005129,6,9,18:15,1,1,1,1.0,1.0,58265,Route dÃ©partementale 4,M,"47,3363260","3,0265910",58,2019,80.0,1.0,1.0,3.0,2153733,1.0,1,4,1,5.0,,0.0,0,1951.0,B01,138Â 296Â 853,1.0,5.0,-1.0,1644624,2.0,7,,0.0,2.0,1.0,B01,138Â 296Â 853,1.0
963598,201900005129,6,9,18:15,1,1,1,1.0,1.0,58265,Route dÃ©partementale 4,M,"47,3363260","3,0265910",58,2019,80.0,1.0,1.0,3.0,2153733,1.0,1,4,1,5.0,,0.0,0,1951.0,B01,138Â 296Â 853,1.0,5.0,-1.0,1644625,1.0,33,,0.0,2.0,1.0,A01,138Â 296Â 854,1.0
963598,201900005129,6,9,18:15,1,1,1,1.0,1.0,58265,Route dÃ©partementale 4,M,"47,3363260","3,0265910",58,2019,80.0,1.0,1.0,3.0,2153734,2.0,2,4,2,5.0,,0.0,0,1953.0,B01,138Â 296Â 853,1.0,5.0,-1.0,1644624,2.0,7,,0.0,2.0,1.0,B01,138Â 296Â 853,1.0
963598,201900005129,6,9,18:15,1,1,1,1.0,1.0,58265,Route dÃ©partementale 4,M,"47,3363260","3,0265910",58,2019,80.0,1.0,1.0,3.0,2153734,2.0,2,4,2,5.0,,0.0,0,1953.0,B01,138Â 296Â 853,1.0,5.0,-1.0,1644625,1.0,33,,0.0,2.0,1.0,A01,138Â 296Â 854,1.0
963598,201900005129,6,9,18:15,1,1,1,1.0,1.0,58265,Route dÃ©partementale 4,M,"47,3363260","3,0265910",58,2019,80.0,1.0,1.0,3.0,2153735,7.0,2,1,2,5.0,,0.0,0,1923.0,B01,138Â 296Â 853,1.0,-1.0,-1.0,1644624,2.0,7,,0.0,2.0,1.0,B01,138Â 296Â 853,1.0
963598,201900005129,6,9,18:15,1,1,1,1.0,1.0,58265,Route dÃ©partementale 4,M,"47,3363260","3,0265910",58,2019,80.0,1.0,1.0,3.0,2153735,7.0,2,1,2,5.0,,0.0,0,1923.0,B01,138Â 296Â 853,1.0,-1.0,-1.0,1644625,1.0,33,,0.0,2.0,1.0,A01,138Â 296Â 854,1.0
963598,201900005129,6,9,18:15,1,1,1,1.0,1.0,58265,Route dÃ©partementale 4,M,"47,3363260","3,0265910",58,2019,80.0,1.0,1.0,3.0,2153736,9.0,2,1,2,5.0,,0.0,0,1936.0,B01,138Â 296Â 853,1.0,-1.0,-1.0,1644624,2.0,7,,0.0,2.0,1.0,B01,138Â 296Â 853,1.0
963598,201900005129,6,9,18:15,1,1,1,1.0,1.0,58265,Route dÃ©partementale 4,M,"47,3363260","3,0265910",58,2019,80.0,1.0,1.0,3.0,2153736,9.0,2,1,2,5.0,,0.0,0,1936.0,B01,138Â 296Â 853,1.0,-1.0,-1.0,1644625,1.0,33,,0.0,2.0,1.0,A01,138Â 296Â 854,1.0
963598,201900005129,6,9,18:15,1,1,1,1.0,1.0,58265,Route dÃ©partementale 4,M,"47,3363260","3,0265910",58,2019,80.0,1.0,1.0,3.0,2153737,1.0,1,2,1,5.0,,0.0,0,1965.0,A01,138Â 296Â 854,2.0,6.0,9.0,1644624,2.0,7,,0.0,2.0,1.0,B01,138Â 296Â 853,1.0
963598,201900005129,6,9,18:15,1,1,1,1.0,1.0,58265,Route dÃ©partementale 4,M,"47,3363260","3,0265910",58,2019,80.0,1.0,1.0,3.0,2153737,1.0,1,2,1,5.0,,0.0,0,1965.0,A01,138Â 296Â 854,2.0,6.0,9.0,1644625,1.0,33,,0.0,2.0,1.0,A01,138Â 296Â 854,1.0
963599,201900005130,6,15,12:15,1,1,1,8.0,3.0,58205,RD 301,M,"47,2026270","3,9522340",58,2019,80.0,1.0,1.0,3.0,2153738,1.0,1,4,1,5.0,,0.0,0,1998.0,A01,138Â 296Â 851,2.0,6.0,-1.0,1644626,3.0,2,,0.0,2.0,3.0,A01,138Â 296Â 851,1.0
963599,201900005130,6,15,12:15,1,1,1,8.0,3.0,58205,RD 301,M,"47,2026270","3,9522340",58,2019,80.0,1.0,1.0,3.0,2153738,1.0,1,4,1,5.0,,0.0,0,1998.0,A01,138Â 296Â 851,2.0,6.0,-1.0,1644627,3.0,7,,0.0,2.0,8.0,B01,138Â 296Â 852,1.0
963599,201900005130,6,15,12:15,1,1,1,8.0,3.0,58205,RD 301,M,"47,2026270","3,9522340",58,2019,80.0,1.0,1.0,3.0,2153739,1.0,1,1,1,4.0,,0.0,0,1982.0,B01,138Â 296Â 852,1.0,-1.0,-1.0,1644626,3.0,2,,0.0,2.0,3.0,A01,138Â 296Â 851,1.0
963599,201900005130,6,15,12:15,1,1,1,8.0,3.0,58205,RD 301,M,"47,2026270","3,9522340",58,2019,80.0,1.0,1.0,3.0,2153739,1.0,1,1,1,4.0,,0.0,0,1982.0,B01,138Â 296Â 852,1.0,-1.0,-1.0,1644627,3.0,7,,0.0,2.0,8.0,B01,138Â 296Â 852,1.0
963600,201900005131,8,17,09:20,1,2,1,2.0,2.0,62235,2 Rue Nouvelle,M,"50,6464790","1,6251650",62,2019,50.0,1.0,2.0,3.0,2153740,1.0,1,1,1,0.0,,0.0,0,1961.0,B01,138Â 296Â 848,1.0,-1.0,-1.0,1644628,2.0,7,,0.0,2.0,1.0,B01,138Â 296Â 848,1.0
963600,201900005131,8,17,09:20,1,2,1,2.0,2.0,62235,2 Rue Nouvelle,M,"50,6464790","1,6251650",62,2019,50.0,1.0,2.0,3.0,2153740,1.0,1,1,1,0.0,,0.0,0,1961.0,B01,138Â 296Â 848,1.0,-1.0,-1.0,1644629,2.0,7,,0.0,0.0,4.0,A01,138Â 296Â 849,1.0
963600,201900005131,8,17,09:20,1,2,1,2.0,2.0,62235,2 Rue Nouvelle,M,"50,6464790","1,6251650",62,2019,50.0,1.0,2.0,3.0,2153741,1.0,1,1,1,4.0,,0.0,0,1973.0,A01,138Â 296Â 849,1.0,-1.0,-1.0,1644628,2.0,7,,0.0,2.0,1.0,B01,138Â 296Â 848,1.0
963600,201900005131,8,17,09:20,1,2,1,2.0,2.0,62235,2 Rue Nouvelle,M,"50,6464790","1,6251650",62,2019,50.0,1.0,2.0,3.0,2153741,1.0,1,1,1,4.0,,0.0,0,1973.0,A01,138Â 296Â 849,1.0,-1.0,-1.0,1644629,2.0,7,,0.0,0.0,4.0,A01,138Â 296Â 849,1.0
963600,201900005131,8,17,09:20,1,2,1,2.0,2.0,62235,2 Rue Nouvelle,M,"50,6464790","1,6251650",62,2019,50.0,1.0,2.0,3.0,2153742,2.0,2,4,2,4.0,,0.0,0,1994.0,A01,138Â 296Â 849,1.0,-1.0,-1.0,1644628,2.0,7,,0.0,2.0,1.0,B01,138Â 296Â 848,1.0
963600,201900005131,8,17,09:20,1,2,1,2.0,2.0,62235,2 Rue Nouvelle,M,"50,6464790","1,6251650",62,2019,50.0,1.0,2.0,3.0,2153742,2.0,2,4,2,4.0,,0.0,0,1994.0,A01,138Â 296Â 849,1.0,-1.0,-1.0,1644629,2.0,7,,0.0,0.0,4.0,A01,138Â 296Â 849,1.0
963601,201900005132,8,14,17:20,1,2,1,2.0,6.0,62300,95 Rue Charles Cazin,M,"50,6730438","1,5716372",62,2019,50.0,1.0,2.0,4.0,2153743,2.0,2,1,2,4.0,,0.0,0,1978.0,A01,138Â 296Â 846,1.0,-1.0,-1.0,1644630,3.0,7,,0.0,1.0,2.0,A01,138Â 296Â 846,1.0
963601,201900005132,8,14,17:20,1,2,1,2.0,6.0,62300,95 Rue Charles Cazin,M,"50,6730438","1,5716372",62,2019,50.0,1.0,2.0,4.0,2153743,2.0,2,1,2,4.0,,0.0,0,1978.0,A01,138Â 296Â 846,1.0,-1.0,-1.0,1644631,3.0,99,,0.0,2.0,0.0,B01,138Â 296Â 847,1.0
963601,201900005132,8,14,17:20,1,2,1,2.0,6.0,62300,95 Rue Charles Cazin,M,"50,6730438","1,5716372",62,2019,50.0,1.0,2.0,4.0,2153744,1.0,1,1,1,9.0,,0.0,0,1992.0,A01,138Â 296Â 846,1.0,-1.0,-1.0,1644630,3.0,7,,0.0,1.0,2.0,A01,138Â 296Â 846,1.0
963601,201900005132,8,14,17:20,1,2,1,2.0,6.0,62300,95 Rue Charles Cazin,M,"50,6730438","1,5716372",62,2019,50.0,1.0,2.0,4.0,2153744,1.0,1,1,1,9.0,,0.0,0,1992.0,A01,138Â 296Â 846,1.0,-1.0,-1.0,1644631,3.0,99,,0.0,2.0,0.0,B01,138Â 296Â 847,1.0
963601,201900005132,8,14,17:20,1,2,1,2.0,6.0,62300,95 Rue Charles Cazin,M,"50,6730438","1,5716372",62,2019,50.0,1.0,2.0,4.0,2153745,10.0,3,4,2,5.0,,1.0,3,2011.0,B01,138Â 296Â 847,0.0,-1.0,-1.0,1644630,3.0,7,,0.0,1.0,2.0,A01,138Â 296Â 846,1.0
963601,201900005132,8,14,17:20,1,2,1,2.0,6.0,62300,95 Rue Charles Cazin,M,"50,6730438","1,5716372",62,2019,50.0,1.0,2.0,4.0,2153745,10.0,3,4,2,5.0,,1.0,3,2011.0,B01,138Â 296Â 847,0.0,-1.0,-1.0,1644631,3.0,99,,0.0,2.0,0.0,B01,138Â 296Â 847,1.0
963602,201900005133,8,13,02:00,5,1,1,8.0,6.0,59053,14 Rue des Platanes,M,"50,3010830","3,7960160",59,2019,50.0,4.0,1.0,4.0,2153746,1.0,1,1,1,5.0,,0.0,0,1955.0,A01,138Â 296Â 845,8.0,-1.0,-1.0,1644632,2.0,7,,2.0,0.0,2.0,A01,138Â 296Â 845,1.0
963602,201900005133,8,13,02:00,5,1,1,8.0,6.0,59053,14 Rue des Platanes,M,"50,3010830","3,7960160",59,2019,50.0,4.0,1.0,4.0,2153747,2.0,2,3,2,5.0,,0.0,0,1976.0,A01,138Â 296Â 845,8.0,-1.0,-1.0,1644632,2.0,7,,2.0,0.0,2.0,A01,138Â 296Â 845,1.0
963603,201900005134,7,14,02:35,3,1,1,1.0,7.0,59452,Rue Ãmile Macquart,M,"50,4706970","3,0459670",59,2019,70.0,8.0,1.0,3.0,2153748,1.0,1,2,1,5.0,,0.0,0,1937.0,A01,138Â 296Â 844,0.0,-1.0,-1.0,1644633,2.0,1,,0.0,0.0,0.0,A01,138Â 296Â 844,5.0