Unnamed: 0_x,num_acc,mois,jour,hrmn,lum,agg,int,atm,col,com,adr,gps,lat,long,dep,annee,vma,situ,surf,catr,Unnamed: 0_y,place,catu,grav,sexe,trajet,secu,locp,actp,an_nais,num_veh_x,id_vehicule_x,secu1,secu2,secu3,Unnamed: 0,senc,catv,occutc,obs,obsm,choc,num_veh_y,id_vehicule_y,motor
963604,201900005135,8,16,08:20,1,1,1,1.0,2.0,13071,A51-Sens Aix en Provence vers Marseille,M,"43,4110200","5,3639800",13,2019,110.0,1.0,1.0,1.0,2153749,1.0,1,4,1,1.0,,-1.0,0,1963.0,A01,138Â 296Â 842,1.0,0.0,-1.0,1644634,2.0,7,,0.0,0.0,4.0,A01,138Â 296Â 842,1.0
963604,201900005135,8,16,08:20,1,1,1,1.0,2.0,13071,A51-Sens Aix en Provence vers Marseille,M,"43,4110200","5,3639800",13,2019,110.0,1.0,1.0,1.0,2153749,1.0,1,4,1,1.0,,-1.0,0,1963.0,A01,138Â 296Â 842,1.0,0.0,-1.0,1644635,2.0,10,,1.0,0.0,1.0,B01,138Â 296Â 843,1.0
963604,201900005135,8,16,08:20,1,1,1,1.0,2.0,13071,A51-Sens Aix en Provence vers Marseille,M,"43,4110200","5,3639800",13,2019,110.0,1.0,1.0,1.0,2153750,1.0,1,1,1,4.0,,-1.0,0,1997.0,B01,138Â 296Â 843,1.0,0.0,-1.0,1644634,2.0,7,,0.0,0.0,4.0,A01,138Â 296Â 842,1.0
963604,201900005135,8,16,08:20,1,1,1,1.0,2.0,13071,A51-Sens Aix en Provence vers Marseille,M,"43,4110200","5,3639800",13,2019,110.0,1.0,1.0,1.0,2153750,1.0,1,1,1,4.0,,-1.0,0,1997.0,B01,138Â 296Â 843,1.0,0.0,-1.0,1644635,2.0,10,,1.0,0.0,1.0,B01,138Â 296Â 843,1.0
963605,201900005136,8,17,01:20,3,1,1,1.0,3.0,13033,A55-Sens Martigues vers Marseille,M,"43,3795000","5,2057220",13,2019,110.0,1.0,1.0,1.0,2153751,1.0,1,1,1,5.0,,-1.0,0,1994.0,B01,138Â 296Â 840,1.0,8.0,-1.0,1644636,2.0,7,,0.0,2.0,7.0,B01,138Â 296Â 840,1.0
963605,201900005136,8,17,01:20,3,1,1,1.0,3.0,13033,A55-Sens Martigues vers Marseille,M,"43,3795000","5,2057220",13,2019,110.0,1.0,1.0,1.0,2153751,1.0,1,1,1,5.0,,-1.0,0,1994.0,B01,138Â 296Â 840,1.0,8.0,-1.0,1644637,2.0,7,,3.0,2.0,8.0,A01,138Â 296Â 841,1.0
963605,201900005136,8,17,01:20,3,1,1,1.0,3.0,13033,A55-Sens Martigues vers Marseille,M,"43,3795000","5,2057220",13,2019,110.0,1.0,1.0,1.0,2153752,2.0,2,4,1,5.0,,-1.0,0,1997.0,B01,138Â 296Â 840,1.0,8.0,-1.0,1644636,2.0,7,,0.0,2.0,7.0,B01,138Â 296Â 840,1.0
963605,201900005136,8,17,01:20,3,1,1,1.0,3.0,13033,A55-Sens Martigues vers Marseille,M,"43,3795000","5,2057220",13,2019,110.0,1.0,1.0,1.0,2153752,2.0,2,4,1,5.0,,-1.0,0,1997.0,B01,138Â 296Â 840,1.0,8.0,-1.0,1644637,2.0,7,,3.0,2.0,8.0,A01,138Â 296Â 841,1.0
963605,201900005136,8,17,01:20,3,1,1,1.0,3.0,13033,A55-Sens Martigues vers Marseille,M,"43,3795000","5,2057220",13,2019,110.0,1.0,1.0,1.0,2153753,1.0,1,3,1,5.0,,-1.0,0,1982.0,A01,138Â 296Â 841,8.0,0.0,-1.0,1644636,2.0,7,,0.0,2.0,7.0,B01,138Â 296Â 840,1.0
963605,201900005136,8,17,01:20,3,1,1,1.0,3.0,13033,A55-Sens Martigues vers Marseille,M,"43,3795000","5,2057220",13,2019,110.0,1.0,1.0,1.0,2153753,1.0,1,3,1,5.0,,-1.0,0,1982.0,A01,138Â 296Â 841,8.0,0.0,-1.0,1644637,2.0,7,,3.0,2.0,8.0,A01,138Â 296Â 841,1.0
963605,201900005136,8,17,01:20,3,1,1,1.0,3.0,13033,A55-Sens Martigues vers Marseille,M,"43,3795000","5,2057220",13,2019,110.0,1.0,1.0,1.0,2153754,2.0,2,3,2,5.0,,-1.0,0,2009.0,A01,138Â 296Â 841,1.0,0.0,-1.0,1644636,2.0,7,,0.0,2.0,7.0,B01,138Â 296Â 840,1.0
963605,201900005136,8,17,01:20,3,1,1,1.0,3.0,13033,A55-Sens Martigues vers Marseille,M,"43,3795000","5,2057220",13,2019,110.0,1.0,1.0,1.0,2153754,2.0,2,3,2,5.0,,-1.0,0,2009.0,A01,138Â 296Â 841,1.0,0.0,-1.0,1644637,2.0,7,,3.0,2.0,8.0,A01,138Â 296Â 841,1.0
963606,201900005137,8,15,17:30,1,1,1,1.0,6.0,13071,A7-Sens Marseille vers Lyon,M,"43,4071000","5,3320000",13,2019,50.0,1.0,1.0,1.0,2153755,1.0,1,3,1,5.0,,-1.0,0,1984.0,A01,138Â 296Â 839,2.0,6.0,-1.0,1644638,2.0,34,,3.0,0.0,3.0,A01,138Â 296Â 839,1.0
963607,201900005138,8,10,22:15,3,1,1,1.0,3.0,13088,A55-Sens Marseille vers Martigues,M,"43,3917300","5,2573700",13,2019,110.0,1.0,1.0,1.0,2153756,1.0,1,1,1,5.0,,0.0,0,1973.0,B01,138Â 296Â 837,1.0,8.0,-1.0,1644639,1.0,7,,0.0,2.0,7.0,B01,138Â 296Â 837,1.0
963607,201900005138,8,10,22:15,3,1,1,1.0,3.0,13088,A55-Sens Marseille vers Martigues,M,"43,3917300","5,2573700",13,2019,110.0,1.0,1.0,1.0,2153756,1.0,1,1,1,5.0,,0.0,0,1973.0,B01,138Â 296Â 837,1.0,8.0,-1.0,1644640,1.0,7,,3.0,2.0,8.0,A01,138Â 296Â 838,1.0
963607,201900005138,8,10,22:15,3,1,1,1.0,3.0,13088,A55-Sens Marseille vers Martigues,M,"43,3917300","5,2573700",13,2019,110.0,1.0,1.0,1.0,2153757,1.0,1,4,2,5.0,,-1.0, -1,1985.0,A01,138Â 296Â 838,1.0,8.0,-1.0,1644639,1.0,7,,0.0,2.0,7.0,B01,138Â 296Â 837,1.0
963607,201900005138,8,10,22:15,3,1,1,1.0,3.0,13088,A55-Sens Marseille vers Martigues,M,"43,3917300","5,2573700",13,2019,110.0,1.0,1.0,1.0,2153757,1.0,1,4,2,5.0,,-1.0, -1,1985.0,A01,138Â 296Â 838,1.0,8.0,-1.0,1644640,1.0,7,,3.0,2.0,8.0,A01,138Â 296Â 838,1.0
963608,201900005139,8,11,01:00,3,1,1,1.0,2.0,13005,A50-Sens Aubagne vers Marseille,M,"43,2872500","5,5412500",13,2019,90.0,1.0,1.0,1.0,2153758,2.0,2,4,1,0.0,,0.0,0,1972.0,B01,138Â 296Â 835,1.0,8.0,-1.0,1644641,2.0,7,,4.0,2.0,4.0,B01,138Â 296Â 835,1.0
963608,201900005139,8,11,01:00,3,1,1,1.0,2.0,13005,A50-Sens Aubagne vers Marseille,M,"43,2872500","5,5412500",13,2019,90.0,1.0,1.0,1.0,2153758,2.0,2,4,1,0.0,,0.0,0,1972.0,B01,138Â 296Â 835,1.0,8.0,-1.0,1644642,2.0,7,,0.0,2.0,1.0,A01,138Â 296Â 836,1.0
963608,201900005139,8,11,01:00,3,1,1,1.0,2.0,13005,A50-Sens Aubagne vers Marseille,M,"43,2872500","5,5412500",13,2019,90.0,1.0,1.0,1.0,2153759,4.0,2,4,1,0.0,,0.0,0,2002.0,B01,138Â 296Â 835,1.0,8.0,-1.0,1644641,2.0,7,,4.0,2.0,4.0,B01,138Â 296Â 835,1.0
963608,201900005139,8,11,01:00,3,1,1,1.0,2.0,13005,A50-Sens Aubagne vers Marseille,M,"43,2872500","5,5412500",13,2019,90.0,1.0,1.0,1.0,2153759,4.0,2,4,1,0.0,,0.0,0,2002.0,B01,138Â 296Â 835,1.0,8.0,-1.0,1644642,2.0,7,,0.0,2.0,1.0,A01,138Â 296Â 836,1.0
963608,201900005139,8,11,01:00,3,1,1,1.0,2.0,13005,A50-Sens Aubagne vers Marseille,M,"43,2872500","5,5412500",13,2019,90.0,1.0,1.0,1.0,2153760,5.0,2,4,1,0.0,,0.0,0,1984.0,B01,138Â 296Â 835,1.0,0.0,-1.0,1644641,2.0,7,,4.0,2.0,4.0,B01,138Â 296Â 835,1.0
963608,201900005139,8,11,01:00,3,1,1,1.0,2.0,13005,A50-Sens Aubagne vers Marseille,M,"43,2872500","5,5412500",13,2019,90.0,1.0,1.0,1.0,2153760,5.0,2,4,1,0.0,,0.0,0,1984.0,B01,138Â 296Â 835,1.0,0.0,-1.0,1644642,2.0,7,,0.0,2.0,1.0,A01,138Â 296Â 836,1.0
963608,201900005139,8,11,01:00,3,1,1,1.0,2.0,13005,A50-Sens Aubagne vers Marseille,M,"43,2872500","5,5412500",13,2019,90.0,1.0,1.0,1.0,2153761,3.0,2,4,1,5.0,,0.0,0,1976.0,B01,138Â 296Â 835,1.0,8.0,-1.0,1644641,2.0,7,,4.0,2.0,4.0,B01,138Â 296Â 835,1.0
963608,201900005139,8,11,01:00,3,1,1,1.0,2.0,13005,A50-Sens Aubagne vers Marseille,M,"43,2872500","5,5412500",13,2019,90.0,1.0,1.0,1.0,2153761,3.0,2,4,1,5.0,,0.0,0,1976.0,B01,138Â 296Â 835,1.0,8.0,-1.0,1644642,2.0,7,,0.0,2.0,1.0,A01,138Â 296Â 836,1.0
963608,201900005139,8,11,01:00,3,1,1,1.0,2.0,13005,A50-Sens Aubagne vers Marseille,M,"43,2872500","5,5412500",13,2019,90.0,1.0,1.0,1.0,2153762,1.0,1,4,1,1.0,,0.0,0,1956.0,B01,138Â 296Â 835,1.0,8.0,-1.0,1644641,2.0,7,,4.0,2.0,4.0,B01,138Â 296Â 835,1.0
963608,201900005139,8,11,01:00,3,1,1,1.0,2.0,13005,A50-Sens Aubagne vers Marseille,M,"43,2872500","5,5412500",13,2019,90.0,1.0,1.0,1.0,2153762,1.0,1,4,1,1.0,,0.0,0,1956.0,B01,138Â 296Â 835,1.0,8.0,-1.0,1644642,2.0,7,,0.0,2.0,1.0,A01,138Â 296Â 836,1.0
963608,201900005139,8,11,01:00,3,1,1,1.0,2.0,13005,A50-Sens Aubagne vers Marseille,M,"43,2872500","5,5412500",13,2019,90.0,1.0,1.0,1.0,2153763,1.0,1,4,1,5.0,,0.0,0,1985.0,A01,138Â 296Â 836,1.0,8.0,-1.0,1644641,2.0,7,,4.0,2.0,4.0,B01,138Â 296Â 835,1.0
963608,201900005139,8,11,01:00,3,1,1,1.0,2.0,13005,A50-Sens Aubagne vers Marseille,M,"43,2872500","5,5412500",13,2019,90.0,1.0,1.0,1.0,2153763,1.0,1,4,1,5.0,,0.0,0,1985.0,A01,138Â 296Â 836,1.0,8.0,-1.0,1644642,2.0,7,,0.0,2.0,1.0,A01,138Â 296Â 836,1.0
963609,201900005140,8,13,07:00,2,1,1,1.0,7.0,13071,A55-Sens Martigues vers Marseille,M,"43,3966000","5,2859000",13,2019,90.0,1.0,1.0,1.0,2153764,1.0,1,4,1,9.0,,-1.0,0,2000.0,A01,138Â 296Â 834,1.0,0.0,-1.0,1644643,2.0,7,,0.0,0.0,9.0,A01,138Â 296Â 834,1.0
963610,201900005141,8,12,23:35,3,1,1,1.0,6.0,13085,A50-Sens Aubagne vers Toulon,M,"43,2430351","5,5943076",13,2019,70.0,1.0,1.0,1.0,2153765,1.0,1,4,2,5.0,,-1.0, -1,1961.0,A01,138Â 296Â 833,1.0,8.0,-1.0,1644644,1.0,7,,8.0,0.0,1.0,A01,138Â 296Â 833,1.0
963610,201900005141,8,12,23:35,3,1,1,1.0,6.0,13085,A50-Sens Aubagne vers Toulon,M,"43,2430351","5,5943076",13,2019,70.0,1.0,1.0,1.0,2153766,2.0,2,3,2,5.0,,-1.0, -1,1935.0,A01,138Â 296Â 833,1.0,8.0,-1.0,1644644,1.0,7,,8.0,0.0,1.0,A01,138Â 296Â 833,1.0
963611,201900005142,8,13,18:05,1,1,1,1.0,5.0,83144,A57,M,"43,1334900","5,9847600",83,2019,110.0,1.0,1.0,1.0,2153767,1.0,1,4,1,9.0,,-1.0, -1,1952.0,A01,138Â 296Â 830,1.0,0.0,-1.0,1644645,2.0,7,,0.0,2.0,1.0,A01,138Â 296Â 830,1.0
963611,201900005142,8,13,18:05,1,1,1,1.0,5.0,83144,A57,M,"43,1334900","5,9847600",83,2019,110.0,1.0,1.0,1.0,2153767,1.0,1,4,1,9.0,,-1.0, -1,1952.0,A01,138Â 296Â 830,1.0,0.0,-1.0,1644646,2.0,7,,0.0,2.0,4.0,B01,138Â 296Â 831,1.0
963611,201900005142,8,13,18:05,1,1,1,1.0,5.0,83144,A57,M,"43,1334900","5,9847600",83,2019,110.0,1.0,1.0,1.0,2153767,1.0,1,4,1,9.0,,-1.0, -1,1952.0,A01,138Â 296Â 830,1.0,0.0,-1.0,1644647,2.0,7,,0.0,2.0,1.0,C01,138Â 296Â 832,1.0
963611,201900005142,8,13,18:05,1,1,1,1.0,5.0,83144,A57,M,"43,1334900","5,9847600",83,2019,110.0,1.0,1.0,1.0,2153768,1.0,1,1,1,9.0,,-1.0, -1,1970.0,B01,138Â 296Â 831,1.0,0.0,-1.0,1644645,2.0,7,,0.0,2.0,1.0,A01,138Â 296Â 830,1.0
963611,201900005142,8,13,18:05,1,1,1,1.0,5.0,83144,A57,M,"43,1334900","5,9847600",83,2019,110.0,1.0,1.0,1.0,2153768,1.0,1,1,1,9.0,,-1.0, -1,1970.0,B01,138Â 296Â 831,1.0,0.0,-1.0,1644646,2.0,7,,0.0,2.0,4.0,B01,138Â 296Â 831,1.0
963611,201900005142,8,13,18:05,1,1,1,1.0,5.0,83144,A57,M,"43,1334900","5,9847600",83,2019,110.0,1.0,1.0,1.0,2153768,1.0,1,1,1,9.0,,-1.0, -1,1970.0,B01,138Â 296Â 831,1.0,0.0,-1.0,1644647,2.0,7,,0.0,2.0,1.0,C01,138Â 296Â 832,1.0
963611,201900005142,8,13,18:05,1,1,1,1.0,5.0,83144,A57,M,"43,1334900","5,9847600",83,2019,110.0,1.0,1.0,1.0,2153769,1.0,1,1,2,9.0,,-1.0, -1,2001.0,C01,138Â 296Â 832,1.0,0.0,-1.0,1644645,2.0,7,,0.0,2.0,1.0,A01,138Â 296Â 830,1.0
963611,201900005142,8,13,18:05,1,1,1,1.0,5.0,83144,A57,M,"43,1334900","5,9847600",83,2019,110.0,1.0,1.0,1.0,2153769,1.0,1,1,2,9.0,,-1.0, -1,2001.0,C01,138Â 296Â 832,1.0,0.0,-1.0,1644646,2.0,7,,0.0,2.0,4.0,B01,138Â 296Â 831,1.0
963611,201900005142,8,13,18:05,1,1,1,1.0,5.0,83144,A57,M,"43,1334900","5,9847600",83,2019,110.0,1.0,1.0,1.0,2153769,1.0,1,1,2,9.0,,-1.0, -1,2001.0,C01,138Â 296Â 832,1.0,0.0,-1.0,1644647,2.0,7,,0.0,2.0,1.0,C01,138Â 296Â 832,1.0
963612,201900005143,8,17,07:30,1,1,1,1.0,2.0,01248,A46N   14.305 A 17.210,M,"45,8973074","4,8861193",1,2019,110.0,1.0,1.0,1.0,2153770,1.0,1,1,1,4.0,,0.0,0,1981.0,B01,138Â 296Â 826,1.0,8.0,-1.0,1644648,1.0,15,,0.0,2.0,6.0,B01,138Â 296Â 826,1.0
963612,201900005143,8,17,07:30,1,1,1,1.0,2.0,01248,A46N   14.305 A 17.210,M,"45,8973074","4,8861193",1,2019,110.0,1.0,1.0,1.0,2153770,1.0,1,1,1,4.0,,0.0,0,1981.0,B01,138Â 296Â 826,1.0,8.0,-1.0,1644649,1.0,7,,0.0,2.0,2.0,A01,138Â 296Â 827,1.0
963612,201900005143,8,17,07:30,1,1,1,1.0,2.0,01248,A46N   14.305 A 17.210,M,"45,8973074","4,8861193",1,2019,110.0,1.0,1.0,1.0,2153771,1.0,1,4,2,5.0,,0.0,0,1996.0,A01,138Â 296Â 827,1.0,8.0,-1.0,1644648,1.0,15,,0.0,2.0,6.0,B01,138Â 296Â 826,1.0
963612,201900005143,8,17,07:30,1,1,1,1.0,2.0,01248,A46N   14.305 A 17.210,M,"45,8973074","4,8861193",1,2019,110.0,1.0,1.0,1.0,2153771,1.0,1,4,2,5.0,,0.0,0,1996.0,A01,138Â 296Â 827,1.0,8.0,-1.0,1644649,1.0,7,,0.0,2.0,2.0,A01,138Â 296Â 827,1.0
963613,201900005144,8,16,14:30,1,1,1,1.0,7.0,69204,A450   1.740 A 5.100,M,"45,6743000","4,7817900",69,2019,90.0,1.0,1.0,1.0,2153772,2.0,2,4,2,4.0,,-1.0,0,1993.0,A01,138Â 296Â 825,1.0,0.0,-1.0,1644650,2.0,7,,3.0,0.0,0.0,A01,138Â 296Â 825,1.0
963613,201900005144,8,16,14:30,1,1,1,1.0,7.0,69204,A450   1.740 A 5.100,M,"45,6743000","4,7817900",69,2019,90.0,1.0,1.0,1.0,2153773,1.0,1,1,1,4.0,,-1.0,0,1989.0,A01,138Â 296Â 825,1.0,0.0,-1.0,1644650,2.0,7,,3.0,0.0,0.0,A01,138Â 296Â 825,1.0
963614,201900005145,8,14,15:45,1,1,1,1.0,2.0,69091,A47   1.809 A 5.620,M,"45,5855200","4,7515200",69,2019,90.0,1.0,1.0,1.0,2153774,1.0,1,1,1,4.0,,-1.0,0,1965.0,B01,138Â 296Â 823,1.0,0.0,-1.0,1644651,2.0,17,,0.0,2.0,4.0,B01,138Â 296Â 823,1.0
963614,201900005145,8,14,15:45,1,1,1,1.0,2.0,69091,A47   1.809 A 5.620,M,"45,5855200","4,7515200",69,2019,90.0,1.0,1.0,1.0,2153774,1.0,1,1,1,4.0,,-1.0,0,1965.0,B01,138Â 296Â 823,1.0,0.0,-1.0,1644652,2.0,7,,1.0,0.0,1.0,A01,138Â 296Â 824,1.0
963614,201900005145,8,14,15:45,1,1,1,1.0,2.0,69091,A47   1.809 A 5.620,M,"45,5855200","4,7515200",69,2019,90.0,1.0,1.0,1.0,2153775,1.0,1,4,1,5.0,,-1.0,0,1944.0,A01,138Â 296Â 824,1.0,0.0,-1.0,1644651,2.0,17,,0.0,2.0,4.0,B01,138Â 296Â 823,1.0
963614,201900005145,8,14,15:45,1,1,1,1.0,2.0,69091,A47   1.809 A 5.620,M,"45,5855200","4,7515200",69,2019,90.0,1.0,1.0,1.0,2153775,1.0,1,4,1,5.0,,-1.0,0,1944.0,A01,138Â 296Â 824,1.0,0.0,-1.0,1644652,2.0,7,,1.0,0.0,1.0,A01,138Â 296Â 824,1.0
963614,201900005145,8,14,15:45,1,1,1,1.0,2.0,69091,A47   1.809 A 5.620,M,"45,5855200","4,7515200",69,2019,90.0,1.0,1.0,1.0,2153776,2.0,2,4,2,5.0,,-1.0,0,1944.0,A01,138Â 296Â 824,1.0,0.0,-1.0,1644651,2.0,17,,0.0,2.0,4.0,B01,138Â 296Â 823,1.0
963614,201900005145,8,14,15:45,1,1,1,1.0,2.0,69091,A47   1.809 A 5.620,M,"45,5855200","4,7515200",69,2019,90.0,1.0,1.0,1.0,2153776,2.0,2,4,2,5.0,,-1.0,0,1944.0,A01,138Â 296Â 824,1.0,0.0,-1.0,1644652,2.0,7,,1.0,0.0,1.0,A01,138Â 296Â 824,1.0
963615,201900005146,8,13,16:10,1,1,1,1.0,3.0,42218,A72,M,"45,4663500","4,3786300",42,2019,70.0,1.0,1.0,1.0,2153777,1.0,1,1,1,4.0,,-1.0,0,1967.0,A01,138Â 296Â 819,1.0,0.0,-1.0,1644653,1.0,17,,0.0,2.0,2.0,A01,138Â 296Â 819,1.0
963615,201900005146,8,13,16:10,1,1,1,1.0,3.0,42218,A72,M,"45,4663500","4,3786300",42,2019,70.0,1.0,1.0,1.0,2153777,1.0,1,1,1,4.0,,-1.0,0,1967.0,A01,138Â 296Â 819,1.0,0.0,-1.0,1644654,1.0,7,,0.0,2.0,6.0,B01,138Â 296Â 820,1.0
963615,201900005146,8,13,16:10,1,1,1,1.0,3.0,42218,A72,M,"45,4663500","4,3786300",42,2019,70.0,1.0,1.0,1.0,2153778,2.0,2,1,2,5.0,,-1.0,0,1951.0,B01,138Â 296Â 820,1.0,0.0,-1.0,1644653,1.0,17,,0.0,2.0,2.0,A01,138Â 296Â 819,1.0
963615,201900005146,8,13,16:10,1,1,1,1.0,3.0,42218,A72,M,"45,4663500","4,3786300",42,2019,70.0,1.0,1.0,1.0,2153778,2.0,2,1,2,5.0,,-1.0,0,1951.0,B01,138Â 296Â 820,1.0,0.0,-1.0,1644654,1.0,7,,0.0,2.0,6.0,B01,138Â 296Â 820,1.0
963615,201900005146,8,13,16:10,1,1,1,1.0,3.0,42218,A72,M,"45,4663500","4,3786300",42,2019,70.0,1.0,1.0,1.0,2153779,1.0,1,3,2,5.0,,-1.0,0,1988.0,B01,138Â 296Â 820,1.0,0.0,-1.0,1644653,1.0,17,,0.0,2.0,2.0,A01,138Â 296Â 819,1.0
963615,201900005146,8,13,16:10,1,1,1,1.0,3.0,42218,A72,M,"45,4663500","4,3786300",42,2019,70.0,1.0,1.0,1.0,2153779,1.0,1,3,2,5.0,,-1.0,0,1988.0,B01,138Â 296Â 820,1.0,0.0,-1.0,1644654,1.0,7,,0.0,2.0,6.0,B01,138Â 296Â 820,1.0
963615,201900005146,8,13,16:10,1,1,1,1.0,3.0,42218,A72,M,"45,4663500","4,3786300",42,2019,70.0,1.0,1.0,1.0,2153780,3.0,2,3,2,5.0,,-1.0,0,2019.0,B01,138Â 296Â 820,3.0,0.0,-1.0,1644653,1.0,17,,0.0,2.0,2.0,A01,138Â 296Â 819,1.0
963615,201900005146,8,13,16:10,1,1,1,1.0,3.0,42218,A72,M,"45,4663500","4,3786300",42,2019,70.0,1.0,1.0,1.0,2153780,3.0,2,3,2,5.0,,-1.0,0,2019.0,B01,138Â 296Â 820,3.0,0.0,-1.0,1644654,1.0,7,,0.0,2.0,6.0,B01,138Â 296Â 820,1.0
963616,201900005147,8,7,05:35,2,1,1,1.0,6.0,67152,Route Nationale 83,M,"48,5306000","7,6932100",67,2019,50.0,1.0,2.0,7.0,2153781,1.0,1,4,2,1.0,,0.0,0,1975.0,A01,138Â 296Â 818,1.0,8.0,-1.0,1644655,2.0,7,,4.0,0.0,2.0,A01,138Â 296Â 818,1.0
963617,201900005148,8,12,19:45,1,1,1,3.0,6.0,67218,R.N. 353,M,"48,4999400","7,7352000",67,2019,100.0,1.0,2.0,2.0,2153782,1.0,1,4,1,1.0,,0.0,0,1969.0,A01,138Â 296Â 817,1.0,0.0,-1.0,1644656,1.0,7,,4.0,0.0,1.0,A01,138Â 296Â 817,1.0
963618,201900005149,8,17,23:20,3,1,1,1.0,5.0,33281,ROCADE A 630,M,"44,8411930"," -0,6741560",33,2019,90.0,1.0,1.0,1.0,2153783,1.0,1,1,1,0.0,,-1.0, -1,2000.0,B01,138Â 296Â 814,1.0,8.0,-1.0,1644657,1.0,7,,0.0,2.0,3.0,B01,138Â 296Â 814,1.0
963618,201900005149,8,17,23:20,3,1,1,1.0,5.0,33281,ROCADE A 630,M,"44,8411930"," -0,6741560",33,2019,90.0,1.0,1.0,1.0,2153783,1.0,1,1,1,0.0,,-1.0, -1,2000.0,B01,138Â 296Â 814,1.0,8.0,-1.0,1644658,1.0,7,,0.0,2.0,6.0,C01,138Â 296Â 815,1.0
963618,201900005149,8,17,23:20,3,1,1,1.0,5.0,33281,ROCADE A 630,M,"44,8411930"," -0,6741560",33,2019,90.0,1.0,1.0,1.0,2153783,1.0,1,1,1,0.0,,-1.0, -1,2000.0,B01,138Â 296Â 814,1.0,8.0,-1.0,1644659,1.0,7,,0.0,2.0,1.0,Z01,138Â 296Â 816,1.0
963618,201900005149,8,17,23:20,3,1,1,1.0,5.0,33281,ROCADE A 630,M,"44,8411930"," -0,6741560",33,2019,90.0,1.0,1.0,1.0,2153784,2.0,2,1,2,5.0,,-1.0,0,1970.0,C01,138Â 296Â 815,1.0,8.0,-1.0,1644657,1.0,7,,0.0,2.0,3.0,B01,138Â 296Â 814,1.0
963618,201900005149,8,17,23:20,3,1,1,1.0,5.0,33281,ROCADE A 630,M,"44,8411930"," -0,6741560",33,2019,90.0,1.0,1.0,1.0,2153784,2.0,2,1,2,5.0,,-1.0,0,1970.0,C01,138Â 296Â 815,1.0,8.0,-1.0,1644658,1.0,7,,0.0,2.0,6.0,C01,138Â 296Â 815,1.0
963618,201900005149,8,17,23:20,3,1,1,1.0,5.0,33281,ROCADE A 630,M,"44,8411930"," -0,6741560",33,2019,90.0,1.0,1.0,1.0,2153784,2.0,2,1,2,5.0,,-1.0,0,1970.0,C01,138Â 296Â 815,1.0,8.0,-1.0,1644659,1.0,7,,0.0,2.0,1.0,Z01,138Â 296Â 816,1.0
963618,201900005149,8,17,23:20,3,1,1,1.0,5.0,33281,ROCADE A 630,M,"44,8411930"," -0,6741560",33,2019,90.0,1.0,1.0,1.0,2153785,1.0,1,4,1,5.0,,-1.0, -1,1974.0,C01,138Â 296Â 815,1.0,8.0,-1.0,1644657,1.0,7,,0.0,2.0,3.0,B01,138Â 296Â 814,1.0
963618,201900005149,8,17,23:20,3,1,1,1.0,5.0,33281,ROCADE A 630,M,"44,8411930"," -0,6741560",33,2019,90.0,1.0,1.0,1.0,2153785,1.0,1,4,1,5.0,,-1.0, -1,1974.0,C01,138Â 296Â 815,1.0,8.0,-1.0,1644658,1.0,7,,0.0,2.0,6.0,C01,138Â 296Â 815,1.0
963618,201900005149,8,17,23:20,3,1,1,1.0,5.0,33281,ROCADE A 630,M,"44,8411930"," -0,6741560",33,2019,90.0,1.0,1.0,1.0,2153785,1.0,1,4,1,5.0,,-1.0, -1,1974.0,C01,138Â 296Â 815,1.0,8.0,-1.0,1644659,1.0,7,,0.0,2.0,1.0,Z01,138Â 296Â 816,1.0
963619,201900005150,8,16,10:40,1,1,1,1.0,4.0,33249,ROUTE NATIONALE 230,M,"44,8812200"," -0,5108400",33,2019,70.0,1.0,1.0,2.0,2153786,3.0,2,1,2,5.0,,-1.0, -1,2014.0,C01,138Â 296Â 811,3.0,8.0,-1.0,1644660,1.0,7,,0.0,2.0,4.0,C01,138Â 296Â 811,1.0
963619,201900005150,8,16,10:40,1,1,1,1.0,4.0,33249,ROUTE NATIONALE 230,M,"44,8812200"," -0,5108400",33,2019,70.0,1.0,1.0,2.0,2153786,3.0,2,1,2,5.0,,-1.0, -1,2014.0,C01,138Â 296Â 811,3.0,8.0,-1.0,1644661,1.0,7,,0.0,2.0,4.0,B01,138Â 296Â 812,1.0
963619,201900005150,8,16,10:40,1,1,1,1.0,4.0,33249,ROUTE NATIONALE 230,M,"44,8812200"," -0,5108400",33,2019,70.0,1.0,1.0,2.0,2153786,3.0,2,1,2,5.0,,-1.0, -1,2014.0,C01,138Â 296Â 811,3.0,8.0,-1.0,1644662,1.0,7,,0.0,2.0,1.0,A01,138Â 296Â 813,1.0
963619,201900005150,8,16,10:40,1,1,1,1.0,4.0,33249,ROUTE NATIONALE 230,M,"44,8812200"," -0,5108400",33,2019,70.0,1.0,1.0,2.0,2153787,1.0,1,1,2,5.0,,-1.0, -1,1984.0,C01,138Â 296Â 811,1.0,8.0,-1.0,1644660,1.0,7,,0.0,2.0,4.0,C01,138Â 296Â 811,1.0