Unnamed: 0_x,num_acc,mois,jour,hrmn,lum,agg,int,atm,col,com,adr,gps,lat,long,dep,annee,vma,situ,surf,catr,Unnamed: 0_y,place,catu,grav,sexe,trajet,secu,locp,actp,an_nais,num_veh_x,id_vehicule_x,secu1,secu2,secu3,Unnamed: 0,senc,catv,occutc,obs,obsm,choc,num_veh_y,id_vehicule_y,motor
963619,201900005150,8,16,10:40,1,1,1,1.0,4.0,33249,ROUTE NATIONALE 230,M,"44,8812200"," -0,5108400",33,2019,70.0,1.0,1.0,2.0,2153787,1.0,1,1,2,5.0,,-1.0, -1,1984.0,C01,138Â 296Â 811,1.0,8.0,-1.0,1644661,1.0,7,,0.0,2.0,4.0,B01,138Â 296Â 812,1.0
963619,201900005150,8,16,10:40,1,1,1,1.0,4.0,33249,ROUTE NATIONALE 230,M,"44,8812200"," -0,5108400",33,2019,70.0,1.0,1.0,2.0,2153787,1.0,1,1,2,5.0,,-1.0, -1,1984.0,C01,138Â 296Â 811,1.0,8.0,-1.0,1644662,1.0,7,,0.0,2.0,1.0,A01,138Â 296Â 813,1.0
963619,201900005150,8,16,10:40,1,1,1,1.0,4.0,33249,ROUTE NATIONALE 230,M,"44,8812200"," -0,5108400",33,2019,70.0,1.0,1.0,2.0,2153788,1.0,1,4,2,5.0,,-1.0, -1,1984.0,B01,138Â 296Â 812,1.0,8.0,-1.0,1644660,1.0,7,,0.0,2.0,4.0,C01,138Â 296Â 811,1.0
963619,201900005150,8,16,10:40,1,1,1,1.0,4.0,33249,ROUTE NATIONALE 230,M,"44,8812200"," -0,5108400",33,2019,70.0,1.0,1.0,2.0,2153788,1.0,1,4,2,5.0,,-1.0, -1,1984.0,B01,138Â 296Â 812,1.0,8.0,-1.0,1644661,1.0,7,,0.0,2.0,4.0,B01,138Â 296Â 812,1.0
963619,201900005150,8,16,10:40,1,1,1,1.0,4.0,33249,ROUTE NATIONALE 230,M,"44,8812200"," -0,5108400",33,2019,70.0,1.0,1.0,2.0,2153788,1.0,1,4,2,5.0,,-1.0, -1,1984.0,B01,138Â 296Â 812,1.0,8.0,-1.0,1644662,1.0,7,,0.0,2.0,1.0,A01,138Â 296Â 813,1.0
963619,201900005150,8,16,10:40,1,1,1,1.0,4.0,33249,ROUTE NATIONALE 230,M,"44,8812200"," -0,5108400",33,2019,70.0,1.0,1.0,2.0,2153789,2.0,2,1,2,5.0,,-1.0, -1,2007.0,B01,138Â 296Â 812,1.0,8.0,-1.0,1644660,1.0,7,,0.0,2.0,4.0,C01,138Â 296Â 811,1.0
963619,201900005150,8,16,10:40,1,1,1,1.0,4.0,33249,ROUTE NATIONALE 230,M,"44,8812200"," -0,5108400",33,2019,70.0,1.0,1.0,2.0,2153789,2.0,2,1,2,5.0,,-1.0, -1,2007.0,B01,138Â 296Â 812,1.0,8.0,-1.0,1644661,1.0,7,,0.0,2.0,4.0,B01,138Â 296Â 812,1.0
963619,201900005150,8,16,10:40,1,1,1,1.0,4.0,33249,ROUTE NATIONALE 230,M,"44,8812200"," -0,5108400",33,2019,70.0,1.0,1.0,2.0,2153789,2.0,2,1,2,5.0,,-1.0, -1,2007.0,B01,138Â 296Â 812,1.0,8.0,-1.0,1644662,1.0,7,,0.0,2.0,1.0,A01,138Â 296Â 813,1.0
963619,201900005150,8,16,10:40,1,1,1,1.0,4.0,33249,ROUTE NATIONALE 230,M,"44,8812200"," -0,5108400",33,2019,70.0,1.0,1.0,2.0,2153790,2.0,2,1,2,5.0,,-1.0, -1,1970.0,A01,138Â 296Â 813,1.0,8.0,-1.0,1644660,1.0,7,,0.0,2.0,4.0,C01,138Â 296Â 811,1.0
963619,201900005150,8,16,10:40,1,1,1,1.0,4.0,33249,ROUTE NATIONALE 230,M,"44,8812200"," -0,5108400",33,2019,70.0,1.0,1.0,2.0,2153790,2.0,2,1,2,5.0,,-1.0, -1,1970.0,A01,138Â 296Â 813,1.0,8.0,-1.0,1644661,1.0,7,,0.0,2.0,4.0,B01,138Â 296Â 812,1.0
963619,201900005150,8,16,10:40,1,1,1,1.0,4.0,33249,ROUTE NATIONALE 230,M,"44,8812200"," -0,5108400",33,2019,70.0,1.0,1.0,2.0,2153790,2.0,2,1,2,5.0,,-1.0, -1,1970.0,A01,138Â 296Â 813,1.0,8.0,-1.0,1644662,1.0,7,,0.0,2.0,1.0,A01,138Â 296Â 813,1.0
963619,201900005150,8,16,10:40,1,1,1,1.0,4.0,33249,ROUTE NATIONALE 230,M,"44,8812200"," -0,5108400",33,2019,70.0,1.0,1.0,2.0,2153791,1.0,1,1,1,5.0,,-1.0, -1,1957.0,A01,138Â 296Â 813,1.0,8.0,-1.0,1644660,1.0,7,,0.0,2.0,4.0,C01,138Â 296Â 811,1.0
963619,201900005150,8,16,10:40,1,1,1,1.0,4.0,33249,ROUTE NATIONALE 230,M,"44,8812200"," -0,5108400",33,2019,70.0,1.0,1.0,2.0,2153791,1.0,1,1,1,5.0,,-1.0, -1,1957.0,A01,138Â 296Â 813,1.0,8.0,-1.0,1644661,1.0,7,,0.0,2.0,4.0,B01,138Â 296Â 812,1.0
963619,201900005150,8,16,10:40,1,1,1,1.0,4.0,33249,ROUTE NATIONALE 230,M,"44,8812200"," -0,5108400",33,2019,70.0,1.0,1.0,2.0,2153791,1.0,1,1,1,5.0,,-1.0, -1,1957.0,A01,138Â 296Â 813,1.0,8.0,-1.0,1644662,1.0,7,,0.0,2.0,1.0,A01,138Â 296Â 813,1.0
963620,201900005151,8,14,05:15,3,1,1,1.0,2.0,33318,ROCADE A 630,M,"44,7876550"," -0,6379180",33,2019,90.0,1.0,1.0,1.0,2153792,1.0,1,4,1,1.0,,-1.0, -1,1964.0,B01,138Â 296Â 809,1.0,0.0,-1.0,1644663,1.0,7,,0.0,2.0,4.0,B01,138Â 296Â 809,1.0
963620,201900005151,8,14,05:15,3,1,1,1.0,2.0,33318,ROCADE A 630,M,"44,7876550"," -0,6379180",33,2019,90.0,1.0,1.0,1.0,2153792,1.0,1,4,1,1.0,,-1.0, -1,1964.0,B01,138Â 296Â 809,1.0,0.0,-1.0,1644664,1.0,7,,0.0,2.0,1.0,A01,138Â 296Â 810,1.0
963620,201900005151,8,14,05:15,3,1,1,1.0,2.0,33318,ROCADE A 630,M,"44,7876550"," -0,6379180",33,2019,90.0,1.0,1.0,1.0,2153793,1.0,1,1,1,1.0,,-1.0, -1,1998.0,A01,138Â 296Â 810,1.0,8.0,-1.0,1644663,1.0,7,,0.0,2.0,4.0,B01,138Â 296Â 809,1.0
963620,201900005151,8,14,05:15,3,1,1,1.0,2.0,33318,ROCADE A 630,M,"44,7876550"," -0,6379180",33,2019,90.0,1.0,1.0,1.0,2153793,1.0,1,1,1,1.0,,-1.0, -1,1998.0,A01,138Â 296Â 810,1.0,8.0,-1.0,1644664,1.0,7,,0.0,2.0,1.0,A01,138Â 296Â 810,1.0
963621,201900005152,7,27,16:07,1,1,1,1.0,2.0,59178,AUTOROUTE A21,M,"50,3987300","3,1121470",59,2019,110.0,3.0,1.0,1.0,2153794,1.0,1,3,2,0.0,,-1.0, -1,1954.0,B01,138Â 296Â 807,1.0,0.0,-1.0,1644665,2.0,7,,0.0,2.0,4.0,B01,138Â 296Â 807,1.0
963621,201900005152,7,27,16:07,1,1,1,1.0,2.0,59178,AUTOROUTE A21,M,"50,3987300","3,1121470",59,2019,110.0,3.0,1.0,1.0,2153794,1.0,1,3,2,0.0,,-1.0, -1,1954.0,B01,138Â 296Â 807,1.0,0.0,-1.0,1644666,2.0,7,,0.0,2.0,1.0,A01,138Â 296Â 808,1.0
963621,201900005152,7,27,16:07,1,1,1,1.0,2.0,59178,AUTOROUTE A21,M,"50,3987300","3,1121470",59,2019,110.0,3.0,1.0,1.0,2153795,1.0,1,1,1,0.0,,-1.0, -1,1997.0,A01,138Â 296Â 808,1.0,0.0,-1.0,1644665,2.0,7,,0.0,2.0,4.0,B01,138Â 296Â 807,1.0
963621,201900005152,7,27,16:07,1,1,1,1.0,2.0,59178,AUTOROUTE A21,M,"50,3987300","3,1121470",59,2019,110.0,3.0,1.0,1.0,2153795,1.0,1,1,1,0.0,,-1.0, -1,1997.0,A01,138Â 296Â 808,1.0,0.0,-1.0,1644666,2.0,7,,0.0,2.0,1.0,A01,138Â 296Â 808,1.0
963622,201900005153,7,19,17:45,1,1,1,1.0,2.0,62528,AUTOROUTE A21,M,"50,4507410","2,7993360",62,2019,110.0,1.0,1.0,1.0,2153796,1.0,1,1,1,5.0,,-1.0, -1,1985.0,A01,138Â 296Â 805,1.0,0.0,-1.0,1644667,1.0,7,,0.0,2.0,4.0,A01,138Â 296Â 805,1.0
963622,201900005153,7,19,17:45,1,1,1,1.0,2.0,62528,AUTOROUTE A21,M,"50,4507410","2,7993360",62,2019,110.0,1.0,1.0,1.0,2153796,1.0,1,1,1,5.0,,-1.0, -1,1985.0,A01,138Â 296Â 805,1.0,0.0,-1.0,1644668,1.0,33,,0.0,2.0,1.0,B01,138Â 296Â 806,1.0
963622,201900005153,7,19,17:45,1,1,1,1.0,2.0,62528,AUTOROUTE A21,M,"50,4507410","2,7993360",62,2019,110.0,1.0,1.0,1.0,2153797,1.0,1,4,1,5.0,,-1.0, -1,1985.0,B01,138Â 296Â 806,2.0,0.0,-1.0,1644667,1.0,7,,0.0,2.0,4.0,A01,138Â 296Â 805,1.0
963622,201900005153,7,19,17:45,1,1,1,1.0,2.0,62528,AUTOROUTE A21,M,"50,4507410","2,7993360",62,2019,110.0,1.0,1.0,1.0,2153797,1.0,1,4,1,5.0,,-1.0, -1,1985.0,B01,138Â 296Â 806,2.0,0.0,-1.0,1644668,1.0,33,,0.0,2.0,1.0,B01,138Â 296Â 806,1.0
963623,201900005154,7,17,17:50,1,1,1,1.0,2.0,62274,AUTOROUTE A1,M,"50,4330300","2,9786100",62,2019,130.0,1.0,1.0,1.0,2153798,1.0,1,3,2,0.0,,-1.0, -1,1997.0,A01,138Â 296Â 803,2.0,0.0,-1.0,1644669,1.0,33,,0.0,2.0,1.0,A01,138Â 296Â 803,1.0
963623,201900005154,7,17,17:50,1,1,1,1.0,2.0,62274,AUTOROUTE A1,M,"50,4330300","2,9786100",62,2019,130.0,1.0,1.0,1.0,2153798,1.0,1,3,2,0.0,,-1.0, -1,1997.0,A01,138Â 296Â 803,2.0,0.0,-1.0,1644670,1.0,7,,0.0,2.0,4.0,B01,138Â 296Â 804,1.0
963623,201900005154,7,17,17:50,1,1,1,1.0,2.0,62274,AUTOROUTE A1,M,"50,4330300","2,9786100",62,2019,130.0,1.0,1.0,1.0,2153799,1.0,1,1,1,1.0,,-1.0, -1,1983.0,B01,138Â 296Â 804,1.0,0.0,-1.0,1644669,1.0,33,,0.0,2.0,1.0,A01,138Â 296Â 803,1.0
963623,201900005154,7,17,17:50,1,1,1,1.0,2.0,62274,AUTOROUTE A1,M,"50,4330300","2,9786100",62,2019,130.0,1.0,1.0,1.0,2153799,1.0,1,1,1,1.0,,-1.0, -1,1983.0,B01,138Â 296Â 804,1.0,0.0,-1.0,1644670,1.0,7,,0.0,2.0,4.0,B01,138Â 296Â 804,1.0
963624,201900005155,8,17,16:05,1,1,1,2.0,7.0,91521,RN 104,M,"48,6372000","2,4005000",91,2019,70.0,3.0,2.0,2.0,2153800,2.0,2,4,1,0.0,,0.0,0,1934.0,A01,138Â 296Â 802,1.0,0.0,-1.0,1644671,2.0,3,,4.0,0.0,3.0,A01,138Â 296Â 802,1.0
963624,201900005155,8,17,16:05,1,1,1,2.0,7.0,91521,RN 104,M,"48,6372000","2,4005000",91,2019,70.0,3.0,2.0,2.0,2153801,1.0,1,1,1,0.0,,0.0,0,1958.0,A01,138Â 296Â 802,1.0,4.0,-1.0,1644671,2.0,3,,4.0,0.0,3.0,A01,138Â 296Â 802,1.0
963625,201900005156,8,14,16:45,1,1,1,1.0,2.0,91064,RN 118,M,"48,7481300","2,1933300",91,2019,90.0,1.0,1.0,2.0,2153802,1.0,1,4,1,9.0,,0.0,0,1984.0,B01,138Â 296Â 800,2.0,0.0,-1.0,1644672,1.0,42,,0.0,2.0,1.0,B01,138Â 296Â 800,1.0
963625,201900005156,8,14,16:45,1,1,1,1.0,2.0,91064,RN 118,M,"48,7481300","2,1933300",91,2019,90.0,1.0,1.0,2.0,2153802,1.0,1,4,1,9.0,,0.0,0,1984.0,B01,138Â 296Â 800,2.0,0.0,-1.0,1644673,1.0,7,,0.0,0.0,6.0,A01,138Â 296Â 801,1.0
963625,201900005156,8,14,16:45,1,1,1,1.0,2.0,91064,RN 118,M,"48,7481300","2,1933300",91,2019,90.0,1.0,1.0,2.0,2153803,1.0,1,1,2,5.0,,-1.0, -1,1977.0,A01,138Â 296Â 801,1.0,0.0,-1.0,1644672,1.0,42,,0.0,2.0,1.0,B01,138Â 296Â 800,1.0
963625,201900005156,8,14,16:45,1,1,1,1.0,2.0,91064,RN 118,M,"48,7481300","2,1933300",91,2019,90.0,1.0,1.0,2.0,2153803,1.0,1,1,2,5.0,,-1.0, -1,1977.0,A01,138Â 296Â 801,1.0,0.0,-1.0,1644673,1.0,7,,0.0,0.0,6.0,A01,138Â 296Â 801,1.0
963626,201900005157,8,14,14:44,1,1,1,1.0,3.0,77251,AUTOROUTE A5A,M,"48,6207300","2,5476600",77,2019,110.0,1.0,1.0,1.0,2153804,1.0,1,1,1,0.0,,-1.0,0,1978.0,B01,138Â 296Â 798,1.0,0.0,-1.0,1644674,1.0,7,,0.0,2.0,7.0,B01,138Â 296Â 798,1.0
963626,201900005157,8,14,14:44,1,1,1,1.0,3.0,77251,AUTOROUTE A5A,M,"48,6207300","2,5476600",77,2019,110.0,1.0,1.0,1.0,2153804,1.0,1,1,1,0.0,,-1.0,0,1978.0,B01,138Â 296Â 798,1.0,0.0,-1.0,1644675,1.0,7,,0.0,2.0,1.0,A01,138Â 296Â 799,1.0
963626,201900005157,8,14,14:44,1,1,1,1.0,3.0,77251,AUTOROUTE A5A,M,"48,6207300","2,5476600",77,2019,110.0,1.0,1.0,1.0,2153805,1.0,1,4,1,1.0,,-1.0,0,1978.0,A01,138Â 296Â 799,1.0,8.0,-1.0,1644674,1.0,7,,0.0,2.0,7.0,B01,138Â 296Â 798,1.0
963626,201900005157,8,14,14:44,1,1,1,1.0,3.0,77251,AUTOROUTE A5A,M,"48,6207300","2,5476600",77,2019,110.0,1.0,1.0,1.0,2153805,1.0,1,4,1,1.0,,-1.0,0,1978.0,A01,138Â 296Â 799,1.0,8.0,-1.0,1644675,1.0,7,,0.0,2.0,1.0,A01,138Â 296Â 799,1.0
963627,201900005158,8,14,09:02,1,1,1,1.0,3.0,91136,RD 188 PARIS / A 10 PROVINCE,M,"48,7151900","2,2660900",91,2019,70.0,3.0,1.0,2.0,2153806,1.0,1,1,1,4.0,,0.0,0,1967.0,B01,138Â 296Â 796,1.0,0.0,-1.0,1644676,2.0,15,,0.0,2.0,2.0,B01,138Â 296Â 796,1.0
963627,201900005158,8,14,09:02,1,1,1,1.0,3.0,91136,RD 188 PARIS / A 10 PROVINCE,M,"48,7151900","2,2660900",91,2019,70.0,3.0,1.0,2.0,2153806,1.0,1,1,1,4.0,,0.0,0,1967.0,B01,138Â 296Â 796,1.0,0.0,-1.0,1644677,2.0,7,,4.0,2.0,1.0,A01,138Â 296Â 797,1.0
963627,201900005158,8,14,09:02,1,1,1,1.0,3.0,91136,RD 188 PARIS / A 10 PROVINCE,M,"48,7151900","2,2660900",91,2019,70.0,3.0,1.0,2.0,2153807,1.0,1,4,1,4.0,,0.0,0,1974.0,A01,138Â 296Â 797,1.0,0.0,-1.0,1644676,2.0,15,,0.0,2.0,2.0,B01,138Â 296Â 796,1.0
963627,201900005158,8,14,09:02,1,1,1,1.0,3.0,91136,RD 188 PARIS / A 10 PROVINCE,M,"48,7151900","2,2660900",91,2019,70.0,3.0,1.0,2.0,2153807,1.0,1,4,1,4.0,,0.0,0,1974.0,A01,138Â 296Â 797,1.0,0.0,-1.0,1644677,2.0,7,,4.0,2.0,1.0,A01,138Â 296Â 797,1.0
963628,201900005159,8,17,21:35,3,1,1,3.0,7.0,92036,A86,M,"48,9338287","2,2732498",92,2019,90.0,1.0,2.0,1.0,2153808,1.0,1,4,2,0.0,,-1.0,0,1999.0,A01,138Â 296Â 795,1.0,0.0,-1.0,1644678,2.0,10,,4.0,0.0,1.0,A01,138Â 296Â 795,1.0
963629,201900005160,8,16,21:10,5,1,1,8.0,7.0,78362,A13,M,"48,9759000","1,7232000",78,2019,130.0,1.0,1.0,1.0,2153809,1.0,1,1,1,5.0,,-1.0, -1,1987.0,A01,138Â 296Â 794,8.0,0.0,-1.0,1644679,1.0,7,,4.0,0.0,1.0,A01,138Â 296Â 794,1.0
963629,201900005160,8,16,21:10,5,1,1,8.0,7.0,78362,A13,M,"48,9759000","1,7232000",78,2019,130.0,1.0,1.0,1.0,2153810,2.0,2,4,1,5.0,,-1.0, -1,1981.0,A01,138Â 296Â 794,8.0,0.0,-1.0,1644679,1.0,7,,4.0,0.0,1.0,A01,138Â 296Â 794,1.0
963630,201900005161,8,15,02:15,3,1,1,2.0,6.0,78455,A13,M,"48,8532070","2,0625840",78,2019,110.0,1.0,2.0,1.0,2153811,1.0,1,4,1,1.0,,-1.0, -1,1981.0,A01,138Â 296Â 793,1.0,0.0,-1.0,1644680,1.0,7,,4.0,0.0,3.0,A01,138Â 296Â 793,1.0
963631,201900005162,8,12,18:10,1,1,1,1.0,2.0,78640,A86 INT,M,"48,7807080","2,1780560",78,2019,110.0,1.0,1.0,1.0,2153812,1.0,1,4,1,0.0,,-1.0, -1,1999.0,B01,138Â 296Â 791,1.0,0.0,-1.0,1644681,2.0,7,,0.0,2.0,4.0,B01,138Â 296Â 791,1.0
963631,201900005162,8,12,18:10,1,1,1,1.0,2.0,78640,A86 INT,M,"48,7807080","2,1780560",78,2019,110.0,1.0,1.0,1.0,2153812,1.0,1,4,1,0.0,,-1.0, -1,1999.0,B01,138Â 296Â 791,1.0,0.0,-1.0,1644682,2.0,7,,0.0,2.0,2.0,A01,138Â 296Â 792,2.0
963631,201900005162,8,12,18:10,1,1,1,1.0,2.0,78640,A86 INT,M,"48,7807080","2,1780560",78,2019,110.0,1.0,1.0,1.0,2153813,2.0,2,4,1,0.0,,-1.0, -1,1999.0,B01,138Â 296Â 791,1.0,0.0,-1.0,1644681,2.0,7,,0.0,2.0,4.0,B01,138Â 296Â 791,1.0
963631,201900005162,8,12,18:10,1,1,1,1.0,2.0,78640,A86 INT,M,"48,7807080","2,1780560",78,2019,110.0,1.0,1.0,1.0,2153813,2.0,2,4,1,0.0,,-1.0, -1,1999.0,B01,138Â 296Â 791,1.0,0.0,-1.0,1644682,2.0,7,,0.0,2.0,2.0,A01,138Â 296Â 792,2.0
963631,201900005162,8,12,18:10,1,1,1,1.0,2.0,78640,A86 INT,M,"48,7807080","2,1780560",78,2019,110.0,1.0,1.0,1.0,2153814,4.0,2,4,1,0.0,,-1.0, -1,2005.0,B01,138Â 296Â 791,1.0,0.0,-1.0,1644681,2.0,7,,0.0,2.0,4.0,B01,138Â 296Â 791,1.0
963631,201900005162,8,12,18:10,1,1,1,1.0,2.0,78640,A86 INT,M,"48,7807080","2,1780560",78,2019,110.0,1.0,1.0,1.0,2153814,4.0,2,4,1,0.0,,-1.0, -1,2005.0,B01,138Â 296Â 791,1.0,0.0,-1.0,1644682,2.0,7,,0.0,2.0,2.0,A01,138Â 296Â 792,2.0
963631,201900005162,8,12,18:10,1,1,1,1.0,2.0,78640,A86 INT,M,"48,7807080","2,1780560",78,2019,110.0,1.0,1.0,1.0,2153815,3.0,2,4,2,0.0,,-1.0, -1,2005.0,B01,138Â 296Â 791,1.0,0.0,-1.0,1644681,2.0,7,,0.0,2.0,4.0,B01,138Â 296Â 791,1.0
963631,201900005162,8,12,18:10,1,1,1,1.0,2.0,78640,A86 INT,M,"48,7807080","2,1780560",78,2019,110.0,1.0,1.0,1.0,2153815,3.0,2,4,2,0.0,,-1.0, -1,2005.0,B01,138Â 296Â 791,1.0,0.0,-1.0,1644682,2.0,7,,0.0,2.0,2.0,A01,138Â 296Â 792,2.0
963631,201900005162,8,12,18:10,1,1,1,1.0,2.0,78640,A86 INT,M,"48,7807080","2,1780560",78,2019,110.0,1.0,1.0,1.0,2153816,1.0,1,1,1,0.0,,-1.0, -1,1943.0,A01,138Â 296Â 792,1.0,0.0,-1.0,1644681,2.0,7,,0.0,2.0,4.0,B01,138Â 296Â 791,1.0
963631,201900005162,8,12,18:10,1,1,1,1.0,2.0,78640,A86 INT,M,"48,7807080","2,1780560",78,2019,110.0,1.0,1.0,1.0,2153816,1.0,1,1,1,0.0,,-1.0, -1,1943.0,A01,138Â 296Â 792,1.0,0.0,-1.0,1644682,2.0,7,,0.0,2.0,2.0,A01,138Â 296Â 792,2.0
963632,201900005163,8,17,21:30,3,1,1,3.0,6.0,93053,AUTOROUTE A103,M,"48,8876600","2,4726100",93,2019,70.0,1.0,2.0,1.0,2153817,1.0,1,4,1,9.0,,-1.0, -1,1950.0,A01,138Â 296Â 790,1.0,4.0,-1.0,1644683,1.0,7,,4.0,2.0,6.0,A01,138Â 296Â 790,1.0
963633,201900005164,8,17,21:30,3,1,1,3.0,6.0,95572,RN 184,M,"49,0326000","2,1110000",95,2019,50.0,1.0,2.0,2.0,2153818,2.0,2,4,2,5.0,,-1.0,0,2000.0,A01,138Â 296Â 789,1.0,0.0,-1.0,1644684,1.0,7,,3.0,0.0,3.0,A01,138Â 296Â 789,1.0
963633,201900005164,8,17,21:30,3,1,1,3.0,6.0,95572,RN 184,M,"49,0326000","2,1110000",95,2019,50.0,1.0,2.0,2.0,2153819,1.0,1,1,2,5.0,,-1.0,0,1999.0,A01,138Â 296Â 789,1.0,4.0,-1.0,1644684,1.0,7,,3.0,0.0,3.0,A01,138Â 296Â 789,1.0
963634,201900005165,8,17,17:25,1,1,1,2.0,3.0,93027,AUTOROUTE A86,M,"48,9285100","2,4135500",93,2019,70.0,1.0,2.0,1.0,2153820,1.0,1,1,2,0.0,,-1.0, -1,1991.0,B01,138Â 296Â 787,1.0,0.0,-1.0,1644685,2.0,7,,0.0,2.0,1.0,B01,138Â 296Â 787,1.0
963634,201900005165,8,17,17:25,1,1,1,2.0,3.0,93027,AUTOROUTE A86,M,"48,9285100","2,4135500",93,2019,70.0,1.0,2.0,1.0,2153820,1.0,1,1,2,0.0,,-1.0, -1,1991.0,B01,138Â 296Â 787,1.0,0.0,-1.0,1644686,2.0,7,,0.0,2.0,8.0,A01,138Â 296Â 788,1.0
963634,201900005165,8,17,17:25,1,1,1,2.0,3.0,93027,AUTOROUTE A86,M,"48,9285100","2,4135500",93,2019,70.0,1.0,2.0,1.0,2153821,1.0,1,4,1,0.0,,-1.0, -1,1994.0,A01,138Â 296Â 788,1.0,0.0,-1.0,1644685,2.0,7,,0.0,2.0,1.0,B01,138Â 296Â 787,1.0
963634,201900005165,8,17,17:25,1,1,1,2.0,3.0,93027,AUTOROUTE A86,M,"48,9285100","2,4135500",93,2019,70.0,1.0,2.0,1.0,2153821,1.0,1,4,1,0.0,,-1.0, -1,1994.0,A01,138Â 296Â 788,1.0,0.0,-1.0,1644686,2.0,7,,0.0,2.0,8.0,A01,138Â 296Â 788,1.0
963635,201900005166,8,17,16:35,1,1,1,2.0,4.0,93064,AUTOROUTE A86,M,"48,8791700","2,4763400",93,2019,90.0,1.0,2.0,1.0,2153822,1.0,1,1,1,0.0,,-1.0, -1,1973.0,A01,138Â 296Â 784,1.0,0.0,-1.0,1644687,2.0,7,,0.0,2.0,4.0,A01,138Â 296Â 784,1.0
963635,201900005166,8,17,16:35,1,1,1,2.0,4.0,93064,AUTOROUTE A86,M,"48,8791700","2,4763400",93,2019,90.0,1.0,2.0,1.0,2153822,1.0,1,1,1,0.0,,-1.0, -1,1973.0,A01,138Â 296Â 784,1.0,0.0,-1.0,1644688,2.0,7,,0.0,2.0,1.0,B01,138Â 296Â 785,1.0
963635,201900005166,8,17,16:35,1,1,1,2.0,4.0,93064,AUTOROUTE A86,M,"48,8791700","2,4763400",93,2019,90.0,1.0,2.0,1.0,2153822,1.0,1,1,1,0.0,,-1.0, -1,1973.0,A01,138Â 296Â 784,1.0,0.0,-1.0,1644689,2.0,7,,0.0,2.0,1.0,C01,138Â 296Â 786,1.0
963635,201900005166,8,17,16:35,1,1,1,2.0,4.0,93064,AUTOROUTE A86,M,"48,8791700","2,4763400",93,2019,90.0,1.0,2.0,1.0,2153823,1.0,1,1,1,0.0,,-1.0, -1,1993.0,B01,138Â 296Â 785,1.0,0.0,-1.0,1644687,2.0,7,,0.0,2.0,4.0,A01,138Â 296Â 784,1.0
963635,201900005166,8,17,16:35,1,1,1,2.0,4.0,93064,AUTOROUTE A86,M,"48,8791700","2,4763400",93,2019,90.0,1.0,2.0,1.0,2153823,1.0,1,1,1,0.0,,-1.0, -1,1993.0,B01,138Â 296Â 785,1.0,0.0,-1.0,1644688,2.0,7,,0.0,2.0,1.0,B01,138Â 296Â 785,1.0
963635,201900005166,8,17,16:35,1,1,1,2.0,4.0,93064,AUTOROUTE A86,M,"48,8791700","2,4763400",93,2019,90.0,1.0,2.0,1.0,2153823,1.0,1,1,1,0.0,,-1.0, -1,1993.0,B01,138Â 296Â 785,1.0,0.0,-1.0,1644689,2.0,7,,0.0,2.0,1.0,C01,138Â 296Â 786,1.0
963635,201900005166,8,17,16:35,1,1,1,2.0,4.0,93064,AUTOROUTE A86,M,"48,8791700","2,4763400",93,2019,90.0,1.0,2.0,1.0,2153824,1.0,1,1,2,0.0,,-1.0, -1,1995.0,C01,138Â 296Â 786,1.0,0.0,-1.0,1644687,2.0,7,,0.0,2.0,4.0,A01,138Â 296Â 784,1.0
963635,201900005166,8,17,16:35,1,1,1,2.0,4.0,93064,AUTOROUTE A86,M,"48,8791700","2,4763400",93,2019,90.0,1.0,2.0,1.0,2153824,1.0,1,1,2,0.0,,-1.0, -1,1995.0,C01,138Â 296Â 786,1.0,0.0,-1.0,1644688,2.0,7,,0.0,2.0,1.0,B01,138Â 296Â 785,1.0
963635,201900005166,8,17,16:35,1,1,1,2.0,4.0,93064,AUTOROUTE A86,M,"48,8791700","2,4763400",93,2019,90.0,1.0,2.0,1.0,2153824,1.0,1,1,2,0.0,,-1.0, -1,1995.0,C01,138Â 296Â 786,1.0,0.0,-1.0,1644689,2.0,7,,0.0,2.0,1.0,C01,138Â 296Â 786,1.0
963635,201900005166,8,17,16:35,1,1,1,2.0,4.0,93064,AUTOROUTE A86,M,"48,8791700","2,4763400",93,2019,90.0,1.0,2.0,1.0,2153825,2.0,2,4,2,0.0,,-1.0, -1,1990.0,C01,138Â 296Â 786,1.0,0.0,-1.0,1644687,2.0,7,,0.0,2.0,4.0,A01,138Â 296Â 784,1.0
963635,201900005166,8,17,16:35,1,1,1,2.0,4.0,93064,AUTOROUTE A86,M,"48,8791700","2,4763400",93,2019,90.0,1.0,2.0,1.0,2153825,2.0,2,4,2,0.0,,-1.0, -1,1990.0,C01,138Â 296Â 786,1.0,0.0,-1.0,1644688,2.0,7,,0.0,2.0,1.0,B01,138Â 296Â 785,1.0
963635,201900005166,8,17,16:35,1,1,1,2.0,4.0,93064,AUTOROUTE A86,M,"48,8791700","2,4763400",93,2019,90.0,1.0,2.0,1.0,2153825,2.0,2,4,2,0.0,,-1.0, -1,1990.0,C01,138Â 296Â 786,1.0,0.0,-1.0,1644689,2.0,7,,0.0,2.0,1.0,C01,138Â 296Â 786,1.0
963636,201900005167,8,17,14:30,1,1,1,3.0,6.0,93027,AUTOROUTE A86,M,"48,9278500","2,4095800",93,2019,90.0,1.0,2.0,1.0,2153826,1.0,1,4,1,0.0,,-1.0, -1,1987.0,A01,138Â 296Â 783,1.0,8.0,-1.0,1644690,2.0,10,,4.0,0.0,1.0,A01,138Â 296Â 783,1.0