Unnamed: 0_x,num_acc,mois,jour,hrmn,lum,agg,int,atm,col,com,adr,gps,lat,long,dep,annee,vma,situ,surf,catr,Unnamed: 0_y,place,catu,grav,sexe,trajet,secu,locp,actp,an_nais,num_veh_x,id_vehicule_x,secu1,secu2,secu3,Unnamed: 0,senc,catv,occutc,obs,obsm,choc,num_veh_y,id_vehicule_y,motor
963637,201900005168,8,17,13:30,1,1,1,3.0,6.0,93053,AUTOROUTE A103,M,"48,8878500","2,4724100",93,2019,70.0,1.0,2.0,1.0,2153827,1.0,1,1,2,0.0,,-1.0, -1,1997.0,A01,138Â 296Â 782,1.0,4.0,-1.0,1644691,1.0,7,,4.0,0.0,1.0,A01,138Â 296Â 782,1.0
963637,201900005168,8,17,13:30,1,1,1,3.0,6.0,93053,AUTOROUTE A103,M,"48,8878500","2,4724100",93,2019,70.0,1.0,2.0,1.0,2153828,2.0,2,4,2,0.0,,-1.0, -1,1964.0,A01,138Â 296Â 782,1.0,4.0,-1.0,1644691,1.0,7,,4.0,0.0,1.0,A01,138Â 296Â 782,1.0
963638,201900005169,8,17,11:30,1,1,1,2.0,6.0,93053,AUTOROUTE A86,M,"48,9007600","2,4693000",93,2019,60.0,1.0,2.0,1.0,2153829,1.0,1,4,1,4.0,,-1.0, -1,1994.0,A01,138Â 296Â 781,1.0,0.0,-1.0,1644692,1.0,10,,3.0,0.0,1.0,A01,138Â 296Â 781,1.0
963639,201900005170,8,17,08:40,1,1,1,2.0,6.0,93053,AUTOROUTE A103,M,"48,8880900","2,4724000",93,2019,50.0,1.0,2.0,1.0,2153830,1.0,1,4,2,9.0,,-1.0, -1,1994.0,A01,138Â 296Â 780,1.0,0.0,-1.0,1644693,2.0,7,,4.0,0.0,1.0,A01,138Â 296Â 780,1.0
963640,201900005171,8,17,06:30,2,1,1,2.0,6.0,93005,AUTOROUTE A3,M,"48,9457400","2,4768200",93,2019,110.0,1.0,2.0,1.0,2153831,1.0,1,3,1,0.0,,-1.0, -1,1988.0,A01,138Â 296Â 779,1.0,0.0,-1.0,1644694,1.0,7,,3.0,0.0,0.0,A01,138Â 296Â 779,1.0
963640,201900005171,8,17,06:30,2,1,1,2.0,6.0,93005,AUTOROUTE A3,M,"48,9457400","2,4768200",93,2019,110.0,1.0,2.0,1.0,2153832,2.0,2,4,1,0.0,,-1.0, -1,1985.0,A01,138Â 296Â 779,1.0,0.0,-1.0,1644694,1.0,7,,3.0,0.0,0.0,A01,138Â 296Â 779,1.0
963641,201900005172,8,15,17:30,1,1,1,1.0,6.0,95018,AUTOROUTE A15,M,"48,9576000","2,2742000",95,2019,50.0,1.0,1.0,1.0,2153833,1.0,1,4,1,1.0,,-1.0,0,1992.0,A01,138Â 296Â 778,1.0,8.0,-1.0,1644695,2.0,7,,4.0,0.0,1.0,A01,138Â 296Â 778,1.0
963642,201900005173,8,14,23:45,4,1,1,1.0,6.0,93005,AUTOROUTE A3,M,"48,9616400","2,4664200",93,2019,50.0,1.0,1.0,1.0,2153834,1.0,1,4,2,0.0,,-1.0, -1,1979.0,A01,138Â 296Â 777,1.0,4.0,-1.0,1644696,1.0,7,,3.0,2.0,1.0,A01,138Â 296Â 777,1.0
963643,201900005174,8,14,08:45,1,1,1,1.0,2.0,93053,AUTOROUTE A3,M,"48,8833600","2,4579600",93,2019,90.0,1.0,1.0,1.0,2153835,1.0,1,4,2,0.0,,-1.0, -1,1996.0,B01,138Â 296Â 775,1.0,0.0,-1.0,1644697,2.0,7,,4.0,2.0,4.0,B01,138Â 296Â 775,1.0
963643,201900005174,8,14,08:45,1,1,1,1.0,2.0,93053,AUTOROUTE A3,M,"48,8833600","2,4579600",93,2019,90.0,1.0,1.0,1.0,2153835,1.0,1,4,2,0.0,,-1.0, -1,1996.0,B01,138Â 296Â 775,1.0,0.0,-1.0,1644698,2.0,15,,0.0,2.0,1.0,A01,138Â 296Â 776,1.0
963643,201900005174,8,14,08:45,1,1,1,1.0,2.0,93053,AUTOROUTE A3,M,"48,8833600","2,4579600",93,2019,90.0,1.0,1.0,1.0,2153836,1.0,1,1,1,4.0,,-1.0, -1,1967.0,A01,138Â 296Â 776,1.0,0.0,-1.0,1644697,2.0,7,,4.0,2.0,4.0,B01,138Â 296Â 775,1.0
963643,201900005174,8,14,08:45,1,1,1,1.0,2.0,93053,AUTOROUTE A3,M,"48,8833600","2,4579600",93,2019,90.0,1.0,1.0,1.0,2153836,1.0,1,1,1,4.0,,-1.0, -1,1967.0,A01,138Â 296Â 776,1.0,0.0,-1.0,1644698,2.0,15,,0.0,2.0,1.0,A01,138Â 296Â 776,1.0
963644,201900005175,8,14,09:40,1,1,1,1.0,7.0,95604,AUTOROUTE A1,M,"49,1041000","2,5510800",95,2019,130.0,1.0,1.0,1.0,2153837,1.0,1,4,1,5.0,,-1.0,0,1988.0,A01,138Â 296Â 774,1.0,0.0,-1.0,1644699,1.0,7,,0.0,0.0,9.0,A01,138Â 296Â 774,1.0
963645,201900005176,8,14,05:41,3,1,1,1.0,3.0,95219,AUTOROUTE A115,M,"48,9918200","2,2453100",95,2019,90.0,1.0,2.0,1.0,2153838,1.0,1,4,1,1.0,,-1.0,0,1984.0,A01,138Â 296Â 772,1.0,8.0,-1.0,1644700,1.0,7,,0.0,2.0,8.0,A01,138Â 296Â 772,1.0
963645,201900005176,8,14,05:41,3,1,1,1.0,3.0,95219,AUTOROUTE A115,M,"48,9918200","2,2453100",95,2019,90.0,1.0,2.0,1.0,2153838,1.0,1,4,1,1.0,,-1.0,0,1984.0,A01,138Â 296Â 772,1.0,8.0,-1.0,1644701,1.0,7,,0.0,2.0,1.0,Z01,138Â 296Â 773,1.0
963645,201900005176,8,14,05:41,3,1,1,1.0,3.0,95219,AUTOROUTE A115,M,"48,9918200","2,2453100",95,2019,90.0,1.0,2.0,1.0,2153839,1.0,1,1,1,0.0,,-1.0, -1,1990.0,Z01,138Â 296Â 773,8.0,-1.0,-1.0,1644700,1.0,7,,0.0,2.0,8.0,A01,138Â 296Â 772,1.0
963645,201900005176,8,14,05:41,3,1,1,1.0,3.0,95219,AUTOROUTE A115,M,"48,9918200","2,2453100",95,2019,90.0,1.0,2.0,1.0,2153839,1.0,1,1,1,0.0,,-1.0, -1,1990.0,Z01,138Â 296Â 773,8.0,-1.0,-1.0,1644701,1.0,7,,0.0,2.0,1.0,Z01,138Â 296Â 773,1.0
963646,201900005177,8,13,19:50,1,1,1,1.0,6.0,93066,AUTOROUTE A1,M,"48,9299100","2,3641600",93,2019,90.0,1.0,1.0,1.0,2153840,1.0,1,4,1,0.0,,-1.0, -1,1997.0,A01,138Â 296Â 771,1.0,8.0,-1.0,1644702,1.0,7,,4.0,0.0,1.0,A01,138Â 296Â 771,1.0
963647,201900005178,8,13,15:30,1,1,1,1.0,3.0,93013,AUTOROUTE A1,M,"48,9423700","2,4318400",93,2019,110.0,1.0,1.0,1.0,2153841,1.0,1,1,1,9.0,,-1.0, -1,1986.0,B01,138Â 296Â 769,1.0,0.0,-1.0,1644703,2.0,7,,0.0,2.0,2.0,B01,138Â 296Â 769,1.0
963647,201900005178,8,13,15:30,1,1,1,1.0,3.0,93013,AUTOROUTE A1,M,"48,9423700","2,4318400",93,2019,110.0,1.0,1.0,1.0,2153841,1.0,1,1,1,9.0,,-1.0, -1,1986.0,B01,138Â 296Â 769,1.0,0.0,-1.0,1644704,2.0,10,,4.0,2.0,8.0,A01,138Â 296Â 770,1.0
963647,201900005178,8,13,15:30,1,1,1,1.0,3.0,93013,AUTOROUTE A1,M,"48,9423700","2,4318400",93,2019,110.0,1.0,1.0,1.0,2153842,1.0,1,4,1,9.0,,-1.0, -1,1998.0,A01,138Â 296Â 770,1.0,0.0,-1.0,1644703,2.0,7,,0.0,2.0,2.0,B01,138Â 296Â 769,1.0
963647,201900005178,8,13,15:30,1,1,1,1.0,3.0,93013,AUTOROUTE A1,M,"48,9423700","2,4318400",93,2019,110.0,1.0,1.0,1.0,2153842,1.0,1,4,1,9.0,,-1.0, -1,1998.0,A01,138Â 296Â 770,1.0,0.0,-1.0,1644704,2.0,10,,4.0,2.0,8.0,A01,138Â 296Â 770,1.0
963647,201900005178,8,13,15:30,1,1,1,1.0,3.0,93013,AUTOROUTE A1,M,"48,9423700","2,4318400",93,2019,110.0,1.0,1.0,1.0,2153843,2.0,2,4,1,9.0,,-1.0, -1,1998.0,A01,138Â 296Â 770,1.0,0.0,-1.0,1644703,2.0,7,,0.0,2.0,2.0,B01,138Â 296Â 769,1.0
963647,201900005178,8,13,15:30,1,1,1,1.0,3.0,93013,AUTOROUTE A1,M,"48,9423700","2,4318400",93,2019,110.0,1.0,1.0,1.0,2153843,2.0,2,4,1,9.0,,-1.0, -1,1998.0,A01,138Â 296Â 770,1.0,0.0,-1.0,1644704,2.0,10,,4.0,2.0,8.0,A01,138Â 296Â 770,1.0
963648,201900005179,8,13,10:35,1,1,1,1.0,4.0,60494,AUTOROUTE A1,M,"49,1142000","2,5542300",60,2019,130.0,1.0,1.0,1.0,2153844,1.0,1,1,2,5.0,,-1.0,0,1973.0,C01,138Â 296Â 766,1.0,4.0,-1.0,1644705,1.0,7,,0.0,2.0,4.0,C01,138Â 296Â 766,1.0
963648,201900005179,8,13,10:35,1,1,1,1.0,4.0,60494,AUTOROUTE A1,M,"49,1142000","2,5542300",60,2019,130.0,1.0,1.0,1.0,2153844,1.0,1,1,2,5.0,,-1.0,0,1973.0,C01,138Â 296Â 766,1.0,4.0,-1.0,1644706,1.0,7,,0.0,2.0,4.0,B01,138Â 296Â 767,1.0
963648,201900005179,8,13,10:35,1,1,1,1.0,4.0,60494,AUTOROUTE A1,M,"49,1142000","2,5542300",60,2019,130.0,1.0,1.0,1.0,2153844,1.0,1,1,2,5.0,,-1.0,0,1973.0,C01,138Â 296Â 766,1.0,4.0,-1.0,1644707,1.0,7,,0.0,2.0,1.0,A01,138Â 296Â 768,1.0
963648,201900005179,8,13,10:35,1,1,1,1.0,4.0,60494,AUTOROUTE A1,M,"49,1142000","2,5542300",60,2019,130.0,1.0,1.0,1.0,2153845,2.0,2,4,2,5.0,,-1.0,0,2002.0,C01,138Â 296Â 766,1.0,0.0,-1.0,1644705,1.0,7,,0.0,2.0,4.0,C01,138Â 296Â 766,1.0
963648,201900005179,8,13,10:35,1,1,1,1.0,4.0,60494,AUTOROUTE A1,M,"49,1142000","2,5542300",60,2019,130.0,1.0,1.0,1.0,2153845,2.0,2,4,2,5.0,,-1.0,0,2002.0,C01,138Â 296Â 766,1.0,0.0,-1.0,1644706,1.0,7,,0.0,2.0,4.0,B01,138Â 296Â 767,1.0
963648,201900005179,8,13,10:35,1,1,1,1.0,4.0,60494,AUTOROUTE A1,M,"49,1142000","2,5542300",60,2019,130.0,1.0,1.0,1.0,2153845,2.0,2,4,2,5.0,,-1.0,0,2002.0,C01,138Â 296Â 766,1.0,0.0,-1.0,1644707,1.0,7,,0.0,2.0,1.0,A01,138Â 296Â 768,1.0
963648,201900005179,8,13,10:35,1,1,1,1.0,4.0,60494,AUTOROUTE A1,M,"49,1142000","2,5542300",60,2019,130.0,1.0,1.0,1.0,2153846,1.0,1,1,2,5.0,,-1.0,0,1986.0,B01,138Â 296Â 767,1.0,0.0,-1.0,1644705,1.0,7,,0.0,2.0,4.0,C01,138Â 296Â 766,1.0
963648,201900005179,8,13,10:35,1,1,1,1.0,4.0,60494,AUTOROUTE A1,M,"49,1142000","2,5542300",60,2019,130.0,1.0,1.0,1.0,2153846,1.0,1,1,2,5.0,,-1.0,0,1986.0,B01,138Â 296Â 767,1.0,0.0,-1.0,1644706,1.0,7,,0.0,2.0,4.0,B01,138Â 296Â 767,1.0
963648,201900005179,8,13,10:35,1,1,1,1.0,4.0,60494,AUTOROUTE A1,M,"49,1142000","2,5542300",60,2019,130.0,1.0,1.0,1.0,2153846,1.0,1,1,2,5.0,,-1.0,0,1986.0,B01,138Â 296Â 767,1.0,0.0,-1.0,1644707,1.0,7,,0.0,2.0,1.0,A01,138Â 296Â 768,1.0
963648,201900005179,8,13,10:35,1,1,1,1.0,4.0,60494,AUTOROUTE A1,M,"49,1142000","2,5542300",60,2019,130.0,1.0,1.0,1.0,2153847,3.0,2,4,1,0.0,,-1.0,0,2007.0,A01,138Â 296Â 768,1.0,4.0,-1.0,1644705,1.0,7,,0.0,2.0,4.0,C01,138Â 296Â 766,1.0
963648,201900005179,8,13,10:35,1,1,1,1.0,4.0,60494,AUTOROUTE A1,M,"49,1142000","2,5542300",60,2019,130.0,1.0,1.0,1.0,2153847,3.0,2,4,1,0.0,,-1.0,0,2007.0,A01,138Â 296Â 768,1.0,4.0,-1.0,1644706,1.0,7,,0.0,2.0,4.0,B01,138Â 296Â 767,1.0
963648,201900005179,8,13,10:35,1,1,1,1.0,4.0,60494,AUTOROUTE A1,M,"49,1142000","2,5542300",60,2019,130.0,1.0,1.0,1.0,2153847,3.0,2,4,1,0.0,,-1.0,0,2007.0,A01,138Â 296Â 768,1.0,4.0,-1.0,1644707,1.0,7,,0.0,2.0,1.0,A01,138Â 296Â 768,1.0
963648,201900005179,8,13,10:35,1,1,1,1.0,4.0,60494,AUTOROUTE A1,M,"49,1142000","2,5542300",60,2019,130.0,1.0,1.0,1.0,2153848,1.0,1,1,1,5.0,,-1.0,0,1974.0,A01,138Â 296Â 768,1.0,4.0,-1.0,1644705,1.0,7,,0.0,2.0,4.0,C01,138Â 296Â 766,1.0
963648,201900005179,8,13,10:35,1,1,1,1.0,4.0,60494,AUTOROUTE A1,M,"49,1142000","2,5542300",60,2019,130.0,1.0,1.0,1.0,2153848,1.0,1,1,1,5.0,,-1.0,0,1974.0,A01,138Â 296Â 768,1.0,4.0,-1.0,1644706,1.0,7,,0.0,2.0,4.0,B01,138Â 296Â 767,1.0
963648,201900005179,8,13,10:35,1,1,1,1.0,4.0,60494,AUTOROUTE A1,M,"49,1142000","2,5542300",60,2019,130.0,1.0,1.0,1.0,2153848,1.0,1,1,1,5.0,,-1.0,0,1974.0,A01,138Â 296Â 768,1.0,4.0,-1.0,1644707,1.0,7,,0.0,2.0,1.0,A01,138Â 296Â 768,1.0
963648,201900005179,8,13,10:35,1,1,1,1.0,4.0,60494,AUTOROUTE A1,M,"49,1142000","2,5542300",60,2019,130.0,1.0,1.0,1.0,2153849,2.0,2,4,2,5.0,,-1.0,0,1974.0,A01,138Â 296Â 768,1.0,4.0,-1.0,1644705,1.0,7,,0.0,2.0,4.0,C01,138Â 296Â 766,1.0
963648,201900005179,8,13,10:35,1,1,1,1.0,4.0,60494,AUTOROUTE A1,M,"49,1142000","2,5542300",60,2019,130.0,1.0,1.0,1.0,2153849,2.0,2,4,2,5.0,,-1.0,0,1974.0,A01,138Â 296Â 768,1.0,4.0,-1.0,1644706,1.0,7,,0.0,2.0,4.0,B01,138Â 296Â 767,1.0
963648,201900005179,8,13,10:35,1,1,1,1.0,4.0,60494,AUTOROUTE A1,M,"49,1142000","2,5542300",60,2019,130.0,1.0,1.0,1.0,2153849,2.0,2,4,2,5.0,,-1.0,0,1974.0,A01,138Â 296Â 768,1.0,4.0,-1.0,1644707,1.0,7,,0.0,2.0,1.0,A01,138Â 296Â 768,1.0
963649,201900005180,8,12,17:00,1,1,1,3.0,6.0,93066,AUTOROUTE A1,M,"48,9279800","2,3574900",93,2019,90.0,1.0,2.0,1.0,2153850,1.0,1,4,1,0.0,,-1.0, -1,1990.0,A01,138Â 296Â 765,8.0,0.0,-1.0,1644708,2.0,10,,3.0,0.0,1.0,A01,138Â 296Â 765,1.0
963649,201900005180,8,12,17:00,1,1,1,3.0,6.0,93066,AUTOROUTE A1,M,"48,9279800","2,3574900",93,2019,90.0,1.0,2.0,1.0,2153851,2.0,2,4,1,0.0,,-1.0, -1,1991.0,A01,138Â 296Â 765,8.0,0.0,-1.0,1644708,2.0,10,,3.0,0.0,1.0,A01,138Â 296Â 765,1.0
963650,201900005181,8,17,17:50,1,1,1,2.0,6.0,94052,A86.EXT,M,"48,8358740","2,4941386",94,2019,90.0,1.0,2.0,1.0,2153852,1.0,1,4,1,5.0,,0.0,0,1999.0,A01,138Â 296Â 764,1.0,0.0,-1.0,1644709,2.0,10,,4.0,0.0,2.0,A01,138Â 296Â 764,1.0
963651,201900005182,8,17,15:45,1,1,1,3.0,6.0,77249,RN104,M,"48,7575890","2,6155610",77,2019,90.0,1.0,2.0,2.0,2153853,1.0,1,4,1,5.0,,-1.0,0,1979.0,A01,138Â 296Â 763,1.0,0.0,-1.0,1644710,1.0,7,,3.0,0.0,8.0,A01,138Â 296Â 763,1.0
963651,201900005182,8,17,15:45,1,1,1,3.0,6.0,77249,RN104,M,"48,7575890","2,6155610",77,2019,90.0,1.0,2.0,2.0,2153854,2.0,2,4,1,0.0,,-1.0,0,2006.0,A01,138Â 296Â 763,1.0,0.0,-1.0,1644710,1.0,7,,3.0,0.0,8.0,A01,138Â 296Â 763,1.0
963651,201900005182,8,17,15:45,1,1,1,3.0,6.0,77249,RN104,M,"48,7575890","2,6155610",77,2019,90.0,1.0,2.0,2.0,2153855,2.0,2,4,2,5.0,,-1.0,0,1981.0,A01,138Â 296Â 763,1.0,0.0,-1.0,1644710,1.0,7,,3.0,0.0,8.0,A01,138Â 296Â 763,1.0
963652,201900005183,8,17,12:00,1,1,1,2.0,6.0,77337,RN104,M,"48,8298120","2,6189620",77,2019,50.0,3.0,2.0,2.0,2153856,1.0,1,4,2,5.0,,-1.0,0,1978.0,A01,138Â 296Â 762,1.0,8.0,-1.0,1644711,2.0,7,,3.0,0.0,9.0,A01,138Â 296Â 762,1.0
963653,201900005184,8,17,10:30,1,1,1,2.0,6.0,77514,A104,M,"48,9387200","2,6282900",77,2019,90.0,1.0,2.0,1.0,2153857,1.0,1,4,1,5.0,,-1.0,0,1967.0,A01,138Â 296Â 761,1.0,0.0,-1.0,1644712,2.0,10,,3.0,0.0,8.0,A01,138Â 296Â 761,1.0
963654,201900005185,8,15,10:40,1,1,1,1.0,2.0,94018,A4,M,"48,8176000","2,4164000",94,2019,90.0,1.0,1.0,1.0,2153858,1.0,1,1,1,5.0,,0.0,0,1991.0,B01,138Â 296Â 759,1.0,4.0,-1.0,1644713,1.0,7,,0.0,2.0,4.0,B01,138Â 296Â 759,1.0
963654,201900005185,8,15,10:40,1,1,1,1.0,2.0,94018,A4,M,"48,8176000","2,4164000",94,2019,90.0,1.0,1.0,1.0,2153858,1.0,1,1,1,5.0,,0.0,0,1991.0,B01,138Â 296Â 759,1.0,4.0,-1.0,1644714,1.0,7,,0.0,2.0,1.0,A01,138Â 296Â 760,1.0
963654,201900005185,8,15,10:40,1,1,1,1.0,2.0,94018,A4,M,"48,8176000","2,4164000",94,2019,90.0,1.0,1.0,1.0,2153859,1.0,1,1,1,5.0,,0.0,0,1990.0,A01,138Â 296Â 760,1.0,4.0,-1.0,1644713,1.0,7,,0.0,2.0,4.0,B01,138Â 296Â 759,1.0
963654,201900005185,8,15,10:40,1,1,1,1.0,2.0,94018,A4,M,"48,8176000","2,4164000",94,2019,90.0,1.0,1.0,1.0,2153859,1.0,1,1,1,5.0,,0.0,0,1990.0,A01,138Â 296Â 760,1.0,4.0,-1.0,1644714,1.0,7,,0.0,2.0,1.0,A01,138Â 296Â 760,1.0
963654,201900005185,8,15,10:40,1,1,1,1.0,2.0,94018,A4,M,"48,8176000","2,4164000",94,2019,90.0,1.0,1.0,1.0,2153860,2.0,2,4,1,5.0,,0.0,0,1991.0,A01,138Â 296Â 760,1.0,0.0,-1.0,1644713,1.0,7,,0.0,2.0,4.0,B01,138Â 296Â 759,1.0
963654,201900005185,8,15,10:40,1,1,1,1.0,2.0,94018,A4,M,"48,8176000","2,4164000",94,2019,90.0,1.0,1.0,1.0,2153860,2.0,2,4,1,5.0,,0.0,0,1991.0,A01,138Â 296Â 760,1.0,0.0,-1.0,1644714,1.0,7,,0.0,2.0,1.0,A01,138Â 296Â 760,1.0
963655,201900005186,8,15,07:45,1,1,1,1.0,5.0,77294,A104,M,"48,9599312","2,6206420",77,2019,90.0,1.0,2.0,1.0,2153861,1.0,1,1,1,5.0,,-1.0,0,1993.0,A01,138Â 296Â 756,1.0,4.0,-1.0,1644715,1.0,7,,3.0,2.0,2.0,A01,138Â 296Â 756,1.0
963655,201900005186,8,15,07:45,1,1,1,1.0,5.0,77294,A104,M,"48,9599312","2,6206420",77,2019,90.0,1.0,2.0,1.0,2153861,1.0,1,1,1,5.0,,-1.0,0,1993.0,A01,138Â 296Â 756,1.0,4.0,-1.0,1644716,1.0,7,,0.0,2.0,4.0,B01,138Â 296Â 757,1.0
963655,201900005186,8,15,07:45,1,1,1,1.0,5.0,77294,A104,M,"48,9599312","2,6206420",77,2019,90.0,1.0,2.0,1.0,2153861,1.0,1,1,1,5.0,,-1.0,0,1993.0,A01,138Â 296Â 756,1.0,4.0,-1.0,1644717,1.0,7,,1.0,0.0,1.0,C01,138Â 296Â 758,1.0
963655,201900005186,8,15,07:45,1,1,1,1.0,5.0,77294,A104,M,"48,9599312","2,6206420",77,2019,90.0,1.0,2.0,1.0,2153862,1.0,1,1,1,1.0,,-1.0,0,1989.0,B01,138Â 296Â 757,1.0,4.0,-1.0,1644715,1.0,7,,3.0,2.0,2.0,A01,138Â 296Â 756,1.0
963655,201900005186,8,15,07:45,1,1,1,1.0,5.0,77294,A104,M,"48,9599312","2,6206420",77,2019,90.0,1.0,2.0,1.0,2153862,1.0,1,1,1,1.0,,-1.0,0,1989.0,B01,138Â 296Â 757,1.0,4.0,-1.0,1644716,1.0,7,,0.0,2.0,4.0,B01,138Â 296Â 757,1.0
963655,201900005186,8,15,07:45,1,1,1,1.0,5.0,77294,A104,M,"48,9599312","2,6206420",77,2019,90.0,1.0,2.0,1.0,2153862,1.0,1,1,1,1.0,,-1.0,0,1989.0,B01,138Â 296Â 757,1.0,4.0,-1.0,1644717,1.0,7,,1.0,0.0,1.0,C01,138Â 296Â 758,1.0
963655,201900005186,8,15,07:45,1,1,1,1.0,5.0,77294,A104,M,"48,9599312","2,6206420",77,2019,90.0,1.0,2.0,1.0,2153863,4.0,2,4,1,5.0,,-1.0,0,1991.0,C01,138Â 296Â 758,1.0,0.0,-1.0,1644715,1.0,7,,3.0,2.0,2.0,A01,138Â 296Â 756,1.0
963655,201900005186,8,15,07:45,1,1,1,1.0,5.0,77294,A104,M,"48,9599312","2,6206420",77,2019,90.0,1.0,2.0,1.0,2153863,4.0,2,4,1,5.0,,-1.0,0,1991.0,C01,138Â 296Â 758,1.0,0.0,-1.0,1644716,1.0,7,,0.0,2.0,4.0,B01,138Â 296Â 757,1.0
963655,201900005186,8,15,07:45,1,1,1,1.0,5.0,77294,A104,M,"48,9599312","2,6206420",77,2019,90.0,1.0,2.0,1.0,2153863,4.0,2,4,1,5.0,,-1.0,0,1991.0,C01,138Â 296Â 758,1.0,0.0,-1.0,1644717,1.0,7,,1.0,0.0,1.0,C01,138Â 296Â 758,1.0
963655,201900005186,8,15,07:45,1,1,1,1.0,5.0,77294,A104,M,"48,9599312","2,6206420",77,2019,90.0,1.0,2.0,1.0,2153864,2.0,2,4,1,5.0,,-1.0,0,1999.0,C01,138Â 296Â 758,1.0,0.0,-1.0,1644715,1.0,7,,3.0,2.0,2.0,A01,138Â 296Â 756,1.0
963655,201900005186,8,15,07:45,1,1,1,1.0,5.0,77294,A104,M,"48,9599312","2,6206420",77,2019,90.0,1.0,2.0,1.0,2153864,2.0,2,4,1,5.0,,-1.0,0,1999.0,C01,138Â 296Â 758,1.0,0.0,-1.0,1644716,1.0,7,,0.0,2.0,4.0,B01,138Â 296Â 757,1.0
963655,201900005186,8,15,07:45,1,1,1,1.0,5.0,77294,A104,M,"48,9599312","2,6206420",77,2019,90.0,1.0,2.0,1.0,2153864,2.0,2,4,1,5.0,,-1.0,0,1999.0,C01,138Â 296Â 758,1.0,0.0,-1.0,1644717,1.0,7,,1.0,0.0,1.0,C01,138Â 296Â 758,1.0
963655,201900005186,8,15,07:45,1,1,1,1.0,5.0,77294,A104,M,"48,9599312","2,6206420",77,2019,90.0,1.0,2.0,1.0,2153865,3.0,2,4,1,5.0,,-1.0,0,1994.0,C01,138Â 296Â 758,1.0,0.0,-1.0,1644715,1.0,7,,3.0,2.0,2.0,A01,138Â 296Â 756,1.0
963655,201900005186,8,15,07:45,1,1,1,1.0,5.0,77294,A104,M,"48,9599312","2,6206420",77,2019,90.0,1.0,2.0,1.0,2153865,3.0,2,4,1,5.0,,-1.0,0,1994.0,C01,138Â 296Â 758,1.0,0.0,-1.0,1644716,1.0,7,,0.0,2.0,4.0,B01,138Â 296Â 757,1.0
963655,201900005186,8,15,07:45,1,1,1,1.0,5.0,77294,A104,M,"48,9599312","2,6206420",77,2019,90.0,1.0,2.0,1.0,2153865,3.0,2,4,1,5.0,,-1.0,0,1994.0,C01,138Â 296Â 758,1.0,0.0,-1.0,1644717,1.0,7,,1.0,0.0,1.0,C01,138Â 296Â 758,1.0
963655,201900005186,8,15,07:45,1,1,1,1.0,5.0,77294,A104,M,"48,9599312","2,6206420",77,2019,90.0,1.0,2.0,1.0,2153866,1.0,1,4,1,5.0,,-1.0,0,1996.0,C01,138Â 296Â 758,1.0,0.0,-1.0,1644715,1.0,7,,3.0,2.0,2.0,A01,138Â 296Â 756,1.0
963655,201900005186,8,15,07:45,1,1,1,1.0,5.0,77294,A104,M,"48,9599312","2,6206420",77,2019,90.0,1.0,2.0,1.0,2153866,1.0,1,4,1,5.0,,-1.0,0,1996.0,C01,138Â 296Â 758,1.0,0.0,-1.0,1644716,1.0,7,,0.0,2.0,4.0,B01,138Â 296Â 757,1.0
963655,201900005186,8,15,07:45,1,1,1,1.0,5.0,77294,A104,M,"48,9599312","2,6206420",77,2019,90.0,1.0,2.0,1.0,2153866,1.0,1,4,1,5.0,,-1.0,0,1996.0,C01,138Â 296Â 758,1.0,0.0,-1.0,1644717,1.0,7,,1.0,0.0,1.0,C01,138Â 296Â 758,1.0
963656,201900005187,8,14,15:25,1,1,1,1.0,7.0,94042,A4,M,"48,7639581","2,3420715",94,2019,90.0,1.0,1.0,1.0,2153867,1.0,1,4,1,5.0,,-1.0, -1,1988.0,A01,138Â 296Â 755,2.0,6.0,-1.0,1644718,2.0,33,,0.0,0.0,0.0,A01,138Â 296Â 755,1.0
963657,201900005188,8,13,22:20,3,1,1,2.0,4.0,94069,A4,M,"48,8175100","2,4332400",94,2019,90.0,1.0,2.0,1.0,2153868,1.0,1,1,1,1.0,,0.0,0,1981.0,T01,138Â 296Â 750,1.0,8.0,-1.0,1644719,2.0,7,,0.0,2.0,0.0,T01,138Â 296Â 750,1.0
963657,201900005188,8,13,22:20,3,1,1,2.0,4.0,94069,A4,M,"48,8175100","2,4332400",94,2019,90.0,1.0,2.0,1.0,2153868,1.0,1,1,1,1.0,,0.0,0,1981.0,T01,138Â 296Â 750,1.0,8.0,-1.0,1644720,2.0,7,,0.0,1.0,1.0,D01,138Â 296Â 751,1.0
963657,201900005188,8,13,22:20,3,1,1,2.0,4.0,94069,A4,M,"48,8175100","2,4332400",94,2019,90.0,1.0,2.0,1.0,2153868,1.0,1,1,1,1.0,,0.0,0,1981.0,T01,138Â 296Â 750,1.0,8.0,-1.0,1644721,2.0,30,,0.0,2.0,4.0,B01,138Â 296Â 752,1.0
963657,201900005188,8,13,22:20,3,1,1,2.0,4.0,94069,A4,M,"48,8175100","2,4332400",94,2019,90.0,1.0,2.0,1.0,2153868,1.0,1,1,1,1.0,,0.0,0,1981.0,T01,138Â 296Â 750,1.0,8.0,-1.0,1644722,2.0,7,,0.0,2.0,1.0,A01,138Â 296Â 753,1.0
963657,201900005188,8,13,22:20,3,1,1,2.0,4.0,94069,A4,M,"48,8175100","2,4332400",94,2019,90.0,1.0,2.0,1.0,2153868,1.0,1,1,1,1.0,,0.0,0,1981.0,T01,138Â 296Â 750,1.0,8.0,-1.0,1644723,2.0,7,,0.0,1.0,1.0,C01,138Â 296Â 754,1.0
963657,201900005188,8,13,22:20,3,1,1,2.0,4.0,94069,A4,M,"48,8175100","2,4332400",94,2019,90.0,1.0,2.0,1.0,2153869,1.0,1,1,1,5.0,,0.0,0,1972.0,D01,138Â 296Â 751,1.0,8.0,-1.0,1644719,2.0,7,,0.0,2.0,0.0,T01,138Â 296Â 750,1.0