Unnamed: 0_x,num_acc,mois,jour,hrmn,lum,agg,int,atm,col,com,adr,gps,lat,long,dep,annee,vma,situ,surf,catr,Unnamed: 0_y,place,catu,grav,sexe,trajet,secu,locp,actp,an_nais,num_veh_x,id_vehicule_x,secu1,secu2,secu3,Unnamed: 0,senc,catv,occutc,obs,obsm,choc,num_veh_y,id_vehicule_y,motor
963657,201900005188,8,13,22:20,3,1,1,2.0,4.0,94069,A4,M,"48,8175100","2,4332400",94,2019,90.0,1.0,2.0,1.0,2153869,1.0,1,1,1,5.0,,0.0,0,1972.0,D01,138Â 296Â 751,1.0,8.0,-1.0,1644720,2.0,7,,0.0,1.0,1.0,D01,138Â 296Â 751,1.0
963657,201900005188,8,13,22:20,3,1,1,2.0,4.0,94069,A4,M,"48,8175100","2,4332400",94,2019,90.0,1.0,2.0,1.0,2153869,1.0,1,1,1,5.0,,0.0,0,1972.0,D01,138Â 296Â 751,1.0,8.0,-1.0,1644721,2.0,30,,0.0,2.0,4.0,B01,138Â 296Â 752,1.0
963657,201900005188,8,13,22:20,3,1,1,2.0,4.0,94069,A4,M,"48,8175100","2,4332400",94,2019,90.0,1.0,2.0,1.0,2153869,1.0,1,1,1,5.0,,0.0,0,1972.0,D01,138Â 296Â 751,1.0,8.0,-1.0,1644722,2.0,7,,0.0,2.0,1.0,A01,138Â 296Â 753,1.0
963657,201900005188,8,13,22:20,3,1,1,2.0,4.0,94069,A4,M,"48,8175100","2,4332400",94,2019,90.0,1.0,2.0,1.0,2153869,1.0,1,1,1,5.0,,0.0,0,1972.0,D01,138Â 296Â 751,1.0,8.0,-1.0,1644723,2.0,7,,0.0,1.0,1.0,C01,138Â 296Â 754,1.0
963657,201900005188,8,13,22:20,3,1,1,2.0,4.0,94069,A4,M,"48,8175100","2,4332400",94,2019,90.0,1.0,2.0,1.0,2153870,2.0,2,2,1,0.0,,0.0,0,2000.0,B01,138Â 296Â 752,2.0,8.0,-1.0,1644719,2.0,7,,0.0,2.0,0.0,T01,138Â 296Â 750,1.0
963657,201900005188,8,13,22:20,3,1,1,2.0,4.0,94069,A4,M,"48,8175100","2,4332400",94,2019,90.0,1.0,2.0,1.0,2153870,2.0,2,2,1,0.0,,0.0,0,2000.0,B01,138Â 296Â 752,2.0,8.0,-1.0,1644720,2.0,7,,0.0,1.0,1.0,D01,138Â 296Â 751,1.0
963657,201900005188,8,13,22:20,3,1,1,2.0,4.0,94069,A4,M,"48,8175100","2,4332400",94,2019,90.0,1.0,2.0,1.0,2153870,2.0,2,2,1,0.0,,0.0,0,2000.0,B01,138Â 296Â 752,2.0,8.0,-1.0,1644721,2.0,30,,0.0,2.0,4.0,B01,138Â 296Â 752,1.0
963657,201900005188,8,13,22:20,3,1,1,2.0,4.0,94069,A4,M,"48,8175100","2,4332400",94,2019,90.0,1.0,2.0,1.0,2153870,2.0,2,2,1,0.0,,0.0,0,2000.0,B01,138Â 296Â 752,2.0,8.0,-1.0,1644722,2.0,7,,0.0,2.0,1.0,A01,138Â 296Â 753,1.0
963657,201900005188,8,13,22:20,3,1,1,2.0,4.0,94069,A4,M,"48,8175100","2,4332400",94,2019,90.0,1.0,2.0,1.0,2153870,2.0,2,2,1,0.0,,0.0,0,2000.0,B01,138Â 296Â 752,2.0,8.0,-1.0,1644723,2.0,7,,0.0,1.0,1.0,C01,138Â 296Â 754,1.0
963657,201900005188,8,13,22:20,3,1,1,2.0,4.0,94069,A4,M,"48,8175100","2,4332400",94,2019,90.0,1.0,2.0,1.0,2153871,1.0,1,3,1,5.0,,0.0,0,1999.0,B01,138Â 296Â 752,2.0,8.0,-1.0,1644719,2.0,7,,0.0,2.0,0.0,T01,138Â 296Â 750,1.0
963657,201900005188,8,13,22:20,3,1,1,2.0,4.0,94069,A4,M,"48,8175100","2,4332400",94,2019,90.0,1.0,2.0,1.0,2153871,1.0,1,3,1,5.0,,0.0,0,1999.0,B01,138Â 296Â 752,2.0,8.0,-1.0,1644720,2.0,7,,0.0,1.0,1.0,D01,138Â 296Â 751,1.0
963657,201900005188,8,13,22:20,3,1,1,2.0,4.0,94069,A4,M,"48,8175100","2,4332400",94,2019,90.0,1.0,2.0,1.0,2153871,1.0,1,3,1,5.0,,0.0,0,1999.0,B01,138Â 296Â 752,2.0,8.0,-1.0,1644721,2.0,30,,0.0,2.0,4.0,B01,138Â 296Â 752,1.0
963657,201900005188,8,13,22:20,3,1,1,2.0,4.0,94069,A4,M,"48,8175100","2,4332400",94,2019,90.0,1.0,2.0,1.0,2153871,1.0,1,3,1,5.0,,0.0,0,1999.0,B01,138Â 296Â 752,2.0,8.0,-1.0,1644722,2.0,7,,0.0,2.0,1.0,A01,138Â 296Â 753,1.0
963657,201900005188,8,13,22:20,3,1,1,2.0,4.0,94069,A4,M,"48,8175100","2,4332400",94,2019,90.0,1.0,2.0,1.0,2153871,1.0,1,3,1,5.0,,0.0,0,1999.0,B01,138Â 296Â 752,2.0,8.0,-1.0,1644723,2.0,7,,0.0,1.0,1.0,C01,138Â 296Â 754,1.0
963657,201900005188,8,13,22:20,3,1,1,2.0,4.0,94069,A4,M,"48,8175100","2,4332400",94,2019,90.0,1.0,2.0,1.0,2153872,2.0,2,1,1,5.0,,0.0,0,1985.0,A01,138Â 296Â 753,1.0,8.0,-1.0,1644719,2.0,7,,0.0,2.0,0.0,T01,138Â 296Â 750,1.0
963657,201900005188,8,13,22:20,3,1,1,2.0,4.0,94069,A4,M,"48,8175100","2,4332400",94,2019,90.0,1.0,2.0,1.0,2153872,2.0,2,1,1,5.0,,0.0,0,1985.0,A01,138Â 296Â 753,1.0,8.0,-1.0,1644720,2.0,7,,0.0,1.0,1.0,D01,138Â 296Â 751,1.0
963657,201900005188,8,13,22:20,3,1,1,2.0,4.0,94069,A4,M,"48,8175100","2,4332400",94,2019,90.0,1.0,2.0,1.0,2153872,2.0,2,1,1,5.0,,0.0,0,1985.0,A01,138Â 296Â 753,1.0,8.0,-1.0,1644721,2.0,30,,0.0,2.0,4.0,B01,138Â 296Â 752,1.0
963657,201900005188,8,13,22:20,3,1,1,2.0,4.0,94069,A4,M,"48,8175100","2,4332400",94,2019,90.0,1.0,2.0,1.0,2153872,2.0,2,1,1,5.0,,0.0,0,1985.0,A01,138Â 296Â 753,1.0,8.0,-1.0,1644722,2.0,7,,0.0,2.0,1.0,A01,138Â 296Â 753,1.0
963657,201900005188,8,13,22:20,3,1,1,2.0,4.0,94069,A4,M,"48,8175100","2,4332400",94,2019,90.0,1.0,2.0,1.0,2153872,2.0,2,1,1,5.0,,0.0,0,1985.0,A01,138Â 296Â 753,1.0,8.0,-1.0,1644723,2.0,7,,0.0,1.0,1.0,C01,138Â 296Â 754,1.0
963657,201900005188,8,13,22:20,3,1,1,2.0,4.0,94069,A4,M,"48,8175100","2,4332400",94,2019,90.0,1.0,2.0,1.0,2153873,4.0,2,1,2,5.0,,0.0,0,1999.0,A01,138Â 296Â 753,1.0,8.0,-1.0,1644719,2.0,7,,0.0,2.0,0.0,T01,138Â 296Â 750,1.0
963657,201900005188,8,13,22:20,3,1,1,2.0,4.0,94069,A4,M,"48,8175100","2,4332400",94,2019,90.0,1.0,2.0,1.0,2153873,4.0,2,1,2,5.0,,0.0,0,1999.0,A01,138Â 296Â 753,1.0,8.0,-1.0,1644720,2.0,7,,0.0,1.0,1.0,D01,138Â 296Â 751,1.0
963657,201900005188,8,13,22:20,3,1,1,2.0,4.0,94069,A4,M,"48,8175100","2,4332400",94,2019,90.0,1.0,2.0,1.0,2153873,4.0,2,1,2,5.0,,0.0,0,1999.0,A01,138Â 296Â 753,1.0,8.0,-1.0,1644721,2.0,30,,0.0,2.0,4.0,B01,138Â 296Â 752,1.0
963657,201900005188,8,13,22:20,3,1,1,2.0,4.0,94069,A4,M,"48,8175100","2,4332400",94,2019,90.0,1.0,2.0,1.0,2153873,4.0,2,1,2,5.0,,0.0,0,1999.0,A01,138Â 296Â 753,1.0,8.0,-1.0,1644722,2.0,7,,0.0,2.0,1.0,A01,138Â 296Â 753,1.0
963657,201900005188,8,13,22:20,3,1,1,2.0,4.0,94069,A4,M,"48,8175100","2,4332400",94,2019,90.0,1.0,2.0,1.0,2153873,4.0,2,1,2,5.0,,0.0,0,1999.0,A01,138Â 296Â 753,1.0,8.0,-1.0,1644723,2.0,7,,0.0,1.0,1.0,C01,138Â 296Â 754,1.0
963657,201900005188,8,13,22:20,3,1,1,2.0,4.0,94069,A4,M,"48,8175100","2,4332400",94,2019,90.0,1.0,2.0,1.0,2153874,1.0,1,1,2,5.0,,0.0,0,1991.0,A01,138Â 296Â 753,1.0,8.0,-1.0,1644719,2.0,7,,0.0,2.0,0.0,T01,138Â 296Â 750,1.0
963657,201900005188,8,13,22:20,3,1,1,2.0,4.0,94069,A4,M,"48,8175100","2,4332400",94,2019,90.0,1.0,2.0,1.0,2153874,1.0,1,1,2,5.0,,0.0,0,1991.0,A01,138Â 296Â 753,1.0,8.0,-1.0,1644720,2.0,7,,0.0,1.0,1.0,D01,138Â 296Â 751,1.0
963657,201900005188,8,13,22:20,3,1,1,2.0,4.0,94069,A4,M,"48,8175100","2,4332400",94,2019,90.0,1.0,2.0,1.0,2153874,1.0,1,1,2,5.0,,0.0,0,1991.0,A01,138Â 296Â 753,1.0,8.0,-1.0,1644721,2.0,30,,0.0,2.0,4.0,B01,138Â 296Â 752,1.0
963657,201900005188,8,13,22:20,3,1,1,2.0,4.0,94069,A4,M,"48,8175100","2,4332400",94,2019,90.0,1.0,2.0,1.0,2153874,1.0,1,1,2,5.0,,0.0,0,1991.0,A01,138Â 296Â 753,1.0,8.0,-1.0,1644722,2.0,7,,0.0,2.0,1.0,A01,138Â 296Â 753,1.0
963657,201900005188,8,13,22:20,3,1,1,2.0,4.0,94069,A4,M,"48,8175100","2,4332400",94,2019,90.0,1.0,2.0,1.0,2153874,1.0,1,1,2,5.0,,0.0,0,1991.0,A01,138Â 296Â 753,1.0,8.0,-1.0,1644723,2.0,7,,0.0,1.0,1.0,C01,138Â 296Â 754,1.0
963657,201900005188,8,13,22:20,3,1,1,2.0,4.0,94069,A4,M,"48,8175100","2,4332400",94,2019,90.0,1.0,2.0,1.0,2153875,3.0,2,1,2,5.0,,0.0,0,1997.0,A01,138Â 296Â 753,1.0,8.0,-1.0,1644719,2.0,7,,0.0,2.0,0.0,T01,138Â 296Â 750,1.0
963657,201900005188,8,13,22:20,3,1,1,2.0,4.0,94069,A4,M,"48,8175100","2,4332400",94,2019,90.0,1.0,2.0,1.0,2153875,3.0,2,1,2,5.0,,0.0,0,1997.0,A01,138Â 296Â 753,1.0,8.0,-1.0,1644720,2.0,7,,0.0,1.0,1.0,D01,138Â 296Â 751,1.0
963657,201900005188,8,13,22:20,3,1,1,2.0,4.0,94069,A4,M,"48,8175100","2,4332400",94,2019,90.0,1.0,2.0,1.0,2153875,3.0,2,1,2,5.0,,0.0,0,1997.0,A01,138Â 296Â 753,1.0,8.0,-1.0,1644721,2.0,30,,0.0,2.0,4.0,B01,138Â 296Â 752,1.0
963657,201900005188,8,13,22:20,3,1,1,2.0,4.0,94069,A4,M,"48,8175100","2,4332400",94,2019,90.0,1.0,2.0,1.0,2153875,3.0,2,1,2,5.0,,0.0,0,1997.0,A01,138Â 296Â 753,1.0,8.0,-1.0,1644722,2.0,7,,0.0,2.0,1.0,A01,138Â 296Â 753,1.0
963657,201900005188,8,13,22:20,3,1,1,2.0,4.0,94069,A4,M,"48,8175100","2,4332400",94,2019,90.0,1.0,2.0,1.0,2153875,3.0,2,1,2,5.0,,0.0,0,1997.0,A01,138Â 296Â 753,1.0,8.0,-1.0,1644723,2.0,7,,0.0,1.0,1.0,C01,138Â 296Â 754,1.0
963657,201900005188,8,13,22:20,3,1,1,2.0,4.0,94069,A4,M,"48,8175100","2,4332400",94,2019,90.0,1.0,2.0,1.0,2153876,1.0,1,1,1,4.0,,0.0,0,1952.0,C01,138Â 296Â 754,1.0,8.0,-1.0,1644719,2.0,7,,0.0,2.0,0.0,T01,138Â 296Â 750,1.0
963657,201900005188,8,13,22:20,3,1,1,2.0,4.0,94069,A4,M,"48,8175100","2,4332400",94,2019,90.0,1.0,2.0,1.0,2153876,1.0,1,1,1,4.0,,0.0,0,1952.0,C01,138Â 296Â 754,1.0,8.0,-1.0,1644720,2.0,7,,0.0,1.0,1.0,D01,138Â 296Â 751,1.0
963657,201900005188,8,13,22:20,3,1,1,2.0,4.0,94069,A4,M,"48,8175100","2,4332400",94,2019,90.0,1.0,2.0,1.0,2153876,1.0,1,1,1,4.0,,0.0,0,1952.0,C01,138Â 296Â 754,1.0,8.0,-1.0,1644721,2.0,30,,0.0,2.0,4.0,B01,138Â 296Â 752,1.0
963657,201900005188,8,13,22:20,3,1,1,2.0,4.0,94069,A4,M,"48,8175100","2,4332400",94,2019,90.0,1.0,2.0,1.0,2153876,1.0,1,1,1,4.0,,0.0,0,1952.0,C01,138Â 296Â 754,1.0,8.0,-1.0,1644722,2.0,7,,0.0,2.0,1.0,A01,138Â 296Â 753,1.0
963657,201900005188,8,13,22:20,3,1,1,2.0,4.0,94069,A4,M,"48,8175100","2,4332400",94,2019,90.0,1.0,2.0,1.0,2153876,1.0,1,1,1,4.0,,0.0,0,1952.0,C01,138Â 296Â 754,1.0,8.0,-1.0,1644723,2.0,7,,0.0,1.0,1.0,C01,138Â 296Â 754,1.0
963658,201900005189,8,11,19:30,1,1,1,1.0,4.0,94018,A4,M,"48,8204310","2,4018740",94,2019,90.0,3.0,1.0,1.0,2153877,1.0,1,1,2,5.0,,0.0,0,1997.0,C01,138Â 296Â 747,1.0,0.0,-1.0,1644724,2.0,10,,0.0,2.0,4.0,C01,138Â 296Â 747,1.0
963658,201900005189,8,11,19:30,1,1,1,1.0,4.0,94018,A4,M,"48,8204310","2,4018740",94,2019,90.0,3.0,1.0,1.0,2153877,1.0,1,1,2,5.0,,0.0,0,1997.0,C01,138Â 296Â 747,1.0,0.0,-1.0,1644725,2.0,10,,0.0,2.0,1.0,B01,138Â 296Â 748,1.0
963658,201900005189,8,11,19:30,1,1,1,1.0,4.0,94018,A4,M,"48,8204310","2,4018740",94,2019,90.0,3.0,1.0,1.0,2153877,1.0,1,1,2,5.0,,0.0,0,1997.0,C01,138Â 296Â 747,1.0,0.0,-1.0,1644726,2.0,10,,0.0,2.0,1.0,A01,138Â 296Â 749,1.0
963658,201900005189,8,11,19:30,1,1,1,1.0,4.0,94018,A4,M,"48,8204310","2,4018740",94,2019,90.0,3.0,1.0,1.0,2153878,1.0,1,1,1,5.0,,0.0,0,1975.0,B01,138Â 296Â 748,1.0,0.0,-1.0,1644724,2.0,10,,0.0,2.0,4.0,C01,138Â 296Â 747,1.0
963658,201900005189,8,11,19:30,1,1,1,1.0,4.0,94018,A4,M,"48,8204310","2,4018740",94,2019,90.0,3.0,1.0,1.0,2153878,1.0,1,1,1,5.0,,0.0,0,1975.0,B01,138Â 296Â 748,1.0,0.0,-1.0,1644725,2.0,10,,0.0,2.0,1.0,B01,138Â 296Â 748,1.0
963658,201900005189,8,11,19:30,1,1,1,1.0,4.0,94018,A4,M,"48,8204310","2,4018740",94,2019,90.0,3.0,1.0,1.0,2153878,1.0,1,1,1,5.0,,0.0,0,1975.0,B01,138Â 296Â 748,1.0,0.0,-1.0,1644726,2.0,10,,0.0,2.0,1.0,A01,138Â 296Â 749,1.0
963658,201900005189,8,11,19:30,1,1,1,1.0,4.0,94018,A4,M,"48,8204310","2,4018740",94,2019,90.0,3.0,1.0,1.0,2153879,2.0,2,4,2,5.0,,0.0,0,1969.0,B01,138Â 296Â 748,1.0,0.0,-1.0,1644724,2.0,10,,0.0,2.0,4.0,C01,138Â 296Â 747,1.0
963658,201900005189,8,11,19:30,1,1,1,1.0,4.0,94018,A4,M,"48,8204310","2,4018740",94,2019,90.0,3.0,1.0,1.0,2153879,2.0,2,4,2,5.0,,0.0,0,1969.0,B01,138Â 296Â 748,1.0,0.0,-1.0,1644725,2.0,10,,0.0,2.0,1.0,B01,138Â 296Â 748,1.0
963658,201900005189,8,11,19:30,1,1,1,1.0,4.0,94018,A4,M,"48,8204310","2,4018740",94,2019,90.0,3.0,1.0,1.0,2153879,2.0,2,4,2,5.0,,0.0,0,1969.0,B01,138Â 296Â 748,1.0,0.0,-1.0,1644726,2.0,10,,0.0,2.0,1.0,A01,138Â 296Â 749,1.0
963658,201900005189,8,11,19:30,1,1,1,1.0,4.0,94018,A4,M,"48,8204310","2,4018740",94,2019,90.0,3.0,1.0,1.0,2153880,1.0,1,1,1,5.0,,0.0,0,1976.0,A01,138Â 296Â 749,1.0,0.0,-1.0,1644724,2.0,10,,0.0,2.0,4.0,C01,138Â 296Â 747,1.0
963658,201900005189,8,11,19:30,1,1,1,1.0,4.0,94018,A4,M,"48,8204310","2,4018740",94,2019,90.0,3.0,1.0,1.0,2153880,1.0,1,1,1,5.0,,0.0,0,1976.0,A01,138Â 296Â 749,1.0,0.0,-1.0,1644725,2.0,10,,0.0,2.0,1.0,B01,138Â 296Â 748,1.0
963658,201900005189,8,11,19:30,1,1,1,1.0,4.0,94018,A4,M,"48,8204310","2,4018740",94,2019,90.0,3.0,1.0,1.0,2153880,1.0,1,1,1,5.0,,0.0,0,1976.0,A01,138Â 296Â 749,1.0,0.0,-1.0,1644726,2.0,10,,0.0,2.0,1.0,A01,138Â 296Â 749,1.0
963659,201900005190,7,26,18:08,1,2,2,1.0,3.0,86066,HUGO (BOULEVARD VICTOR),M,"46,8153700","0,5473500",86,2019,50.0,1.0,1.0,4.0,2153881,1.0,1,1,1,5.0,,-1.0,0,1973.0,A01,138Â 296Â 745,1.0,0.0,-1.0,1644727,3.0,3,,0.0,2.0,1.0,A01,138Â 296Â 745,1.0
963659,201900005190,7,26,18:08,1,2,2,1.0,3.0,86066,HUGO (BOULEVARD VICTOR),M,"46,8153700","0,5473500",86,2019,50.0,1.0,1.0,4.0,2153881,1.0,1,1,1,5.0,,-1.0,0,1973.0,A01,138Â 296Â 745,1.0,0.0,-1.0,1644728,3.0,7,,0.0,2.0,8.0,B01,138Â 296Â 746,1.0
963659,201900005190,7,26,18:08,1,2,2,1.0,3.0,86066,HUGO (BOULEVARD VICTOR),M,"46,8153700","0,5473500",86,2019,50.0,1.0,1.0,4.0,2153882,1.0,1,4,1,5.0,,-1.0,0,1992.0,B01,138Â 296Â 746,1.0,0.0,-1.0,1644727,3.0,3,,0.0,2.0,1.0,A01,138Â 296Â 745,1.0
963659,201900005190,7,26,18:08,1,2,2,1.0,3.0,86066,HUGO (BOULEVARD VICTOR),M,"46,8153700","0,5473500",86,2019,50.0,1.0,1.0,4.0,2153882,1.0,1,4,1,5.0,,-1.0,0,1992.0,B01,138Â 296Â 746,1.0,0.0,-1.0,1644728,3.0,7,,0.0,2.0,8.0,B01,138Â 296Â 746,1.0
963660,201900005191,8,11,16:45,1,2,1,1.0,3.0,72181,COURBOULAY PAUL (RUE),M,"48,0030000","0,1914200",72,2019,50.0,1.0,1.0,7.0,2153883,1.0,1,4,1,0.0,,0.0,0,1983.0,B01,138Â 296Â 743,2.0,0.0,-1.0,1644729,2.0,31,,0.0,2.0,7.0,B01,138Â 296Â 743,1.0
963660,201900005191,8,11,16:45,1,2,1,1.0,3.0,72181,COURBOULAY PAUL (RUE),M,"48,0030000","0,1914200",72,2019,50.0,1.0,1.0,7.0,2153883,1.0,1,4,1,0.0,,0.0,0,1983.0,B01,138Â 296Â 743,2.0,0.0,-1.0,1644730,2.0,7,,0.0,2.0,3.0,A01,138Â 296Â 744,1.0
963660,201900005191,8,11,16:45,1,2,1,1.0,3.0,72181,COURBOULAY PAUL (RUE),M,"48,0030000","0,1914200",72,2019,50.0,1.0,1.0,7.0,2153884,1.0,1,1,2,0.0,,0.0,0,2000.0,A01,138Â 296Â 744,1.0,0.0,-1.0,1644729,2.0,31,,0.0,2.0,7.0,B01,138Â 296Â 743,1.0
963660,201900005191,8,11,16:45,1,2,1,1.0,3.0,72181,COURBOULAY PAUL (RUE),M,"48,0030000","0,1914200",72,2019,50.0,1.0,1.0,7.0,2153884,1.0,1,1,2,0.0,,0.0,0,2000.0,A01,138Â 296Â 744,1.0,0.0,-1.0,1644730,2.0,7,,0.0,2.0,3.0,A01,138Â 296Â 744,1.0
963661,201900005192,8,10,22:35,5,2,1,1.0,7.0,63113,BARBIER DAUBREE (AVENUE),M,"45,7868400","3,0892200",63,2019,50.0,3.0,1.0,4.0,2153885,1.0,1,4,1,0.0,,-1.0, -1,1988.0,B01,138Â 296Â 742,2.0,6.0,-1.0,1644731,1.0,33,,14.0,0.0,1.0,B01,138Â 296Â 742,1.0
963662,201900005193,8,9,17:47,1,2,2,1.0,3.0,63113,CARTOUCHERIE (RUE DE LA),M,"45,7780500","3,1157600",63,2019,50.0,3.0,1.0,4.0,2153886,1.0,1,4,1,0.0,,0.0,0,1985.0,B01,138Â 296Â 740,2.0,6.0,-1.0,1644732,1.0,33,,0.0,2.0,1.0,B01,138Â 296Â 740,1.0
963662,201900005193,8,9,17:47,1,2,2,1.0,3.0,63113,CARTOUCHERIE (RUE DE LA),M,"45,7780500","3,1157600",63,2019,50.0,3.0,1.0,4.0,2153886,1.0,1,4,1,0.0,,0.0,0,1985.0,B01,138Â 296Â 740,2.0,6.0,-1.0,1644733,1.0,7,,0.0,2.0,8.0,A01,138Â 296Â 741,1.0
963662,201900005193,8,9,17:47,1,2,2,1.0,3.0,63113,CARTOUCHERIE (RUE DE LA),M,"45,7780500","3,1157600",63,2019,50.0,3.0,1.0,4.0,2153887,1.0,1,1,1,0.0,,0.0,0,1958.0,A01,138Â 296Â 741,1.0,0.0,-1.0,1644732,1.0,33,,0.0,2.0,1.0,B01,138Â 296Â 740,1.0
963662,201900005193,8,9,17:47,1,2,2,1.0,3.0,63113,CARTOUCHERIE (RUE DE LA),M,"45,7780500","3,1157600",63,2019,50.0,3.0,1.0,4.0,2153887,1.0,1,1,1,0.0,,0.0,0,1958.0,A01,138Â 296Â 741,1.0,0.0,-1.0,1644733,1.0,7,,0.0,2.0,8.0,A01,138Â 296Â 741,1.0
963663,201900005194,8,11,06:55,1,2,3,1.0,6.0,45234,R DU 131E REGIMENT D'INFANTERIE - R DES MURLINS),M,"47,9176100","1,8938700",45,2019,50.0,4.0,1.0,4.0,2153888,2.0,2,1,2,5.0,,0.0,0,2001.0,A01,138Â 296Â 739,1.0,5.0,-1.0,1644734,1.0,7,,8.0,0.0,1.0,A01,138Â 296Â 739,1.0
963663,201900005194,8,11,06:55,1,2,3,1.0,6.0,45234,R DU 131E REGIMENT D'INFANTERIE - R DES MURLINS),M,"47,9176100","1,8938700",45,2019,50.0,4.0,1.0,4.0,2153889,1.0,1,4,2,5.0,,0.0,0,1999.0,A01,138Â 296Â 739,1.0,5.0,-1.0,1644734,1.0,7,,8.0,0.0,1.0,A01,138Â 296Â 739,1.0
963664,201900005195,8,11,02:05,5,2,9,1.0,6.0,06088,ANGLAIS (DU NÂ° 114 AU NÂ° 263),M,"43,6851295","7,2359898",6,2019,50.0,1.0,1.0,7.0,2153890,1.0,1,1,1,9.0,,0.0,0,1981.0,A01,138Â 296Â 738,1.0,0.0,-1.0,1644735,2.0,99,,0.0,1.0,1.0,A01,138Â 296Â 738,1.0
963664,201900005195,8,11,02:05,5,2,9,1.0,6.0,06088,ANGLAIS (DU NÂ° 114 AU NÂ° 263),M,"43,6851295","7,2359898",6,2019,50.0,1.0,1.0,7.0,2153891,10.0,3,3,1,0.0,,1.0,3,2002.0,A01,138Â 296Â 738,8.0,0.0,-1.0,1644735,2.0,99,,0.0,1.0,1.0,A01,138Â 296Â 738,1.0
963664,201900005195,8,11,02:05,5,2,9,1.0,6.0,06088,ANGLAIS (DU NÂ° 114 AU NÂ° 263),M,"43,6851295","7,2359898",6,2019,50.0,1.0,1.0,7.0,2153892,10.0,3,3,2,0.0,,1.0,3,2002.0,A01,138Â 296Â 738,8.0,0.0,-1.0,1644735,2.0,99,,0.0,1.0,1.0,A01,138Â 296Â 738,1.0
963665,201900005196,6,19,13:40,1,2,1,1.0,7.0,06069,MARIGARDE (ROUTE DE LA),M,"43,6538803","6,9346141",6,2019,50.0,1.0,1.0,3.0,2153893,1.0,1,4,1,5.0,,0.0,0,1953.0,A01,138Â 296Â 737,1.0,0.0,-1.0,1644736,1.0,7,,8.0,0.0,1.0,A01,138Â 296Â 737,0.0
963666,201900005197,6,19,06:50,2,2,1,1.0,1.0,06069,ZILLER (AVENUE PIERRE),M,"43,6789100","6,9476700",6,2019,50.0,1.0,1.0,3.0,2153894,1.0,1,1,1,4.0,,0.0,0,1958.0,B01,138Â 296Â 735,1.0,0.0,-1.0,1644737,2.0,17,,0.0,2.0,3.0,B01,138Â 296Â 735,1.0
963666,201900005197,6,19,06:50,2,2,1,1.0,1.0,06069,ZILLER (AVENUE PIERRE),M,"43,6789100","6,9476700",6,2019,50.0,1.0,1.0,3.0,2153894,1.0,1,1,1,4.0,,0.0,0,1958.0,B01,138Â 296Â 735,1.0,0.0,-1.0,1644738,1.0,10,,0.0,2.0,3.0,A01,138Â 296Â 736,1.0
963666,201900005197,6,19,06:50,2,2,1,1.0,1.0,06069,ZILLER (AVENUE PIERRE),M,"43,6789100","6,9476700",6,2019,50.0,1.0,1.0,3.0,2153895,1.0,1,3,1,0.0,,0.0,0,1999.0,A01,138Â 296Â 736,1.0,0.0,-1.0,1644737,2.0,17,,0.0,2.0,3.0,B01,138Â 296Â 735,1.0
963666,201900005197,6,19,06:50,2,2,1,1.0,1.0,06069,ZILLER (AVENUE PIERRE),M,"43,6789100","6,9476700",6,2019,50.0,1.0,1.0,3.0,2153895,1.0,1,3,1,0.0,,0.0,0,1999.0,A01,138Â 296Â 736,1.0,0.0,-1.0,1644738,1.0,10,,0.0,2.0,3.0,A01,138Â 296Â 736,1.0
963667,201900005198,8,12,00:10,5,2,2,1.0,6.0,03095,avenue de la LibertÃ©,M,"46,1248055","3,4376552",3,2019,50.0,1.0,1.0,4.0,2153896,1.0,1,2,1,5.0,,0.0, -1,1937.0,A01,138Â 296Â 734,1.0,8.0,-1.0,1644739,0.0,7,,8.0,0.0,2.0,A01,138Â 296Â 734,1.0
963668,201900005199,8,10,10:05,1,1,1,1.0,6.0,83027,A50,M,"43,1787100","5,7696100",83,2019,130.0,1.0,1.0,1.0,2153897,2.0,2,4,1,5.0,,-1.0, -1,1979.0,A01,138Â 296Â 733,1.0,0.0,-1.0,1644740,1.0,7,,4.0,0.0,2.0,A01,138Â 296Â 733,1.0
963668,201900005199,8,10,10:05,1,1,1,1.0,6.0,83027,A50,M,"43,1787100","5,7696100",83,2019,130.0,1.0,1.0,1.0,2153898,1.0,1,1,2,5.0,,-1.0, -1,1991.0,A01,138Â 296Â 733,1.0,0.0,-1.0,1644740,1.0,7,,4.0,0.0,2.0,A01,138Â 296Â 733,1.0
963669,201900005200,8,12,18:45,3,2,1,1.0,6.0,97611,kaweni-Poste ( rue de la ),M," -12,7707700","45,2157100",976,2019,50.0,1.0,1.0,4.0,2153899,10.0,3,4,2,0.0,,6.0,5,2014.0,A01,138Â 296Â 732,8.0,0.0,-1.0,1644741,2.0,31,,0.0,2.0,0.0,A01,138Â 296Â 732,1.0
963670,201900005201,8,11,15:58,1,2,1,1.0,6.0,97407,MASCAREIGNES(BOULEVARD),M," -20,9465400","55,3042100",974,2019,70.0,1.0,1.0,2.0,2153900,1.0,1,3,1,0.0,,-1.0,0,2001.0,A01,138Â 296Â 731,9.0,0.0,-1.0,1644742,3.0,99,,9.0,0.0,1.0,A01,138Â 296Â 731,1.0
963671,201900005202,8,12,13:39,1,1,1,1.0,3.0,97213,ROUTE NATIONALE 5,M,"14,5967700"," -60,9869000",972,2019,70.0,1.0,1.0,2.0,2153901,1.0,1,1,1,5.0,,-1.0,0,1987.0,A01,138Â 296Â 729,1.0,5.0,-1.0,1644743,2.0,7,,0.0,2.0,2.0,A01,138Â 296Â 729,1.0