Unnamed: 0_x,num_acc,mois,jour,hrmn,lum,agg,int,atm,col,com,adr,gps,lat,long,dep,annee,vma,situ,surf,catr,Unnamed: 0_y,place,catu,grav,sexe,trajet,secu,locp,actp,an_nais,num_veh_x,id_vehicule_x,secu1,secu2,secu3,Unnamed: 0,senc,catv,occutc,obs,obsm,choc,num_veh_y,id_vehicule_y,motor
963671,201900005202,8,12,13:39,1,1,1,1.0,3.0,97213,ROUTE NATIONALE 5,M,"14,5967700"," -60,9869000",972,2019,70.0,1.0,1.0,2.0,2153901,1.0,1,1,1,5.0,,-1.0,0,1987.0,A01,138Â 296Â 729,1.0,5.0,-1.0,1644744,2.0,7,,0.0,2.0,3.0,B01,138Â 296Â 730,1.0
963671,201900005202,8,12,13:39,1,1,1,1.0,3.0,97213,ROUTE NATIONALE 5,M,"14,5967700"," -60,9869000",972,2019,70.0,1.0,1.0,2.0,2153902,1.0,1,4,1,0.0,,-1.0,0,1992.0,B01,138Â 296Â 730,1.0,1.0,1.0,1644743,2.0,7,,0.0,2.0,2.0,A01,138Â 296Â 729,1.0
963671,201900005202,8,12,13:39,1,1,1,1.0,3.0,97213,ROUTE NATIONALE 5,M,"14,5967700"," -60,9869000",972,2019,70.0,1.0,1.0,2.0,2153902,1.0,1,4,1,0.0,,-1.0,0,1992.0,B01,138Â 296Â 730,1.0,1.0,1.0,1644744,2.0,7,,0.0,2.0,3.0,B01,138Â 296Â 730,1.0
963672,201900005203,8,12,08:15,1,2,1,2.0,7.0,69389,AUTOROUTE A6                        (XX),M,"45,7727300","4,7897100",69,2019,50.0,1.0,2.0,9.0,2153903,1.0,1,4,2,1.0,,-1.0,0,1997.0,A01,138Â 296Â 728,1.0,0.0,-1.0,1644745,3.0,7,,3.0,0.0,2.0,A01,138Â 296Â 728,1.0
963673,201900005204,8,12,15:42,1,1,1,1.0,1.0,2A004,ILES SANGUINAIRES ROUTE DES,M,"41,9059200","8,6721300",2A,2019,50.0,1.0,1.0,3.0,2153904,1.0,1,4,2,1.0,,-1.0, -1,1997.0,B01,138Â 296Â 726,2.0,6.0,-1.0,1644746,2.0,2,,0.0,2.0,1.0,B01,138Â 296Â 726,1.0
963673,201900005204,8,12,15:42,1,1,1,1.0,1.0,2A004,ILES SANGUINAIRES ROUTE DES,M,"41,9059200","8,6721300",2A,2019,50.0,1.0,1.0,3.0,2153904,1.0,1,4,2,1.0,,-1.0, -1,1997.0,B01,138Â 296Â 726,2.0,6.0,-1.0,1644747,1.0,7,,0.0,2.0,2.0,A01,138Â 296Â 727,1.0
963673,201900005204,8,12,15:42,1,1,1,1.0,1.0,2A004,ILES SANGUINAIRES ROUTE DES,M,"41,9059200","8,6721300",2A,2019,50.0,1.0,1.0,3.0,2153905,1.0,1,1,1,0.0,,-1.0, -1,1992.0,A01,138Â 296Â 727,1.0,8.0,-1.0,1644746,2.0,2,,0.0,2.0,1.0,B01,138Â 296Â 726,1.0
963673,201900005204,8,12,15:42,1,1,1,1.0,1.0,2A004,ILES SANGUINAIRES ROUTE DES,M,"41,9059200","8,6721300",2A,2019,50.0,1.0,1.0,3.0,2153905,1.0,1,1,1,0.0,,-1.0, -1,1992.0,A01,138Â 296Â 727,1.0,8.0,-1.0,1644747,1.0,7,,0.0,2.0,2.0,A01,138Â 296Â 727,1.0
963674,201900005205,8,10,17:19,1,2,1,1.0,6.0,87085,CARNOT (BOULEVARD),M,"45,8327400","1,2596100",87,2019,50.0,1.0,1.0,4.0,2153906,1.0,1,1,1,4.0,,0.0,0,1976.0,B01,138Â 296Â 724,1.0,0.0,-1.0,1644748,1.0,37,2.0,0.0,2.0,2.0,B01,138Â 296Â 724,1.0
963674,201900005205,8,10,17:19,1,2,1,1.0,6.0,87085,CARNOT (BOULEVARD),M,"45,8327400","1,2596100",87,2019,50.0,1.0,1.0,4.0,2153906,1.0,1,1,1,4.0,,0.0,0,1976.0,B01,138Â 296Â 724,1.0,0.0,-1.0,1644749,1.0,7,,0.0,2.0,3.0,A01,138Â 296Â 725,1.0
963674,201900005205,8,10,17:19,1,2,1,1.0,6.0,87085,CARNOT (BOULEVARD),M,"45,8327400","1,2596100",87,2019,50.0,1.0,1.0,4.0,2153907,5.0,2,4,2,5.0,,0.0,0,2007.0,B01,138Â 296Â 724,8.0,0.0,-1.0,1644748,1.0,37,2.0,0.0,2.0,2.0,B01,138Â 296Â 724,1.0
963674,201900005205,8,10,17:19,1,2,1,1.0,6.0,87085,CARNOT (BOULEVARD),M,"45,8327400","1,2596100",87,2019,50.0,1.0,1.0,4.0,2153907,5.0,2,4,2,5.0,,0.0,0,2007.0,B01,138Â 296Â 724,8.0,0.0,-1.0,1644749,1.0,7,,0.0,2.0,3.0,A01,138Â 296Â 725,1.0
963674,201900005205,8,10,17:19,1,2,1,1.0,6.0,87085,CARNOT (BOULEVARD),M,"45,8327400","1,2596100",87,2019,50.0,1.0,1.0,4.0,2153908,1.0,1,1,1,5.0,,0.0,0,1969.0,A01,138Â 296Â 725,1.0,0.0,-1.0,1644748,1.0,37,2.0,0.0,2.0,2.0,B01,138Â 296Â 724,1.0
963674,201900005205,8,10,17:19,1,2,1,1.0,6.0,87085,CARNOT (BOULEVARD),M,"45,8327400","1,2596100",87,2019,50.0,1.0,1.0,4.0,2153908,1.0,1,1,1,5.0,,0.0,0,1969.0,A01,138Â 296Â 725,1.0,0.0,-1.0,1644749,1.0,7,,0.0,2.0,3.0,A01,138Â 296Â 725,1.0
963675,201900005206,8,9,17:05,1,2,3,1.0,5.0,87085,REVOLUTION (AVENUE DE LA),M,"45,8247900","1,2590100",87,2019,50.0,1.0,1.0,4.0,2153909,1.0,1,1,1,5.0,,0.0,0,1995.0,A01,138Â 296Â 721,1.0,0.0,-1.0,1644750,1.0,7,,0.0,2.0,1.0,A01,138Â 296Â 721,1.0
963675,201900005206,8,9,17:05,1,2,3,1.0,5.0,87085,REVOLUTION (AVENUE DE LA),M,"45,8247900","1,2590100",87,2019,50.0,1.0,1.0,4.0,2153909,1.0,1,1,1,5.0,,0.0,0,1995.0,A01,138Â 296Â 721,1.0,0.0,-1.0,1644751,2.0,7,,0.0,2.0,8.0,B01,138Â 296Â 722,1.0
963675,201900005206,8,9,17:05,1,2,3,1.0,5.0,87085,REVOLUTION (AVENUE DE LA),M,"45,8247900","1,2590100",87,2019,50.0,1.0,1.0,4.0,2153909,1.0,1,1,1,5.0,,0.0,0,1995.0,A01,138Â 296Â 721,1.0,0.0,-1.0,1644752,1.0,7,,0.0,2.0,3.0,C01,138Â 296Â 723,1.0
963675,201900005206,8,9,17:05,1,2,3,1.0,5.0,87085,REVOLUTION (AVENUE DE LA),M,"45,8247900","1,2590100",87,2019,50.0,1.0,1.0,4.0,2153910,1.0,1,4,2,1.0,,0.0,0,1970.0,B01,138Â 296Â 722,1.0,0.0,-1.0,1644750,1.0,7,,0.0,2.0,1.0,A01,138Â 296Â 721,1.0
963675,201900005206,8,9,17:05,1,2,3,1.0,5.0,87085,REVOLUTION (AVENUE DE LA),M,"45,8247900","1,2590100",87,2019,50.0,1.0,1.0,4.0,2153910,1.0,1,4,2,1.0,,0.0,0,1970.0,B01,138Â 296Â 722,1.0,0.0,-1.0,1644751,2.0,7,,0.0,2.0,8.0,B01,138Â 296Â 722,1.0
963675,201900005206,8,9,17:05,1,2,3,1.0,5.0,87085,REVOLUTION (AVENUE DE LA),M,"45,8247900","1,2590100",87,2019,50.0,1.0,1.0,4.0,2153910,1.0,1,4,2,1.0,,0.0,0,1970.0,B01,138Â 296Â 722,1.0,0.0,-1.0,1644752,1.0,7,,0.0,2.0,3.0,C01,138Â 296Â 723,1.0
963675,201900005206,8,9,17:05,1,2,3,1.0,5.0,87085,REVOLUTION (AVENUE DE LA),M,"45,8247900","1,2590100",87,2019,50.0,1.0,1.0,4.0,2153911,1.0,1,4,2,1.0,,0.0,0,1975.0,C01,138Â 296Â 723,1.0,0.0,-1.0,1644750,1.0,7,,0.0,2.0,1.0,A01,138Â 296Â 721,1.0
963675,201900005206,8,9,17:05,1,2,3,1.0,5.0,87085,REVOLUTION (AVENUE DE LA),M,"45,8247900","1,2590100",87,2019,50.0,1.0,1.0,4.0,2153911,1.0,1,4,2,1.0,,0.0,0,1975.0,C01,138Â 296Â 723,1.0,0.0,-1.0,1644751,2.0,7,,0.0,2.0,8.0,B01,138Â 296Â 722,1.0
963675,201900005206,8,9,17:05,1,2,3,1.0,5.0,87085,REVOLUTION (AVENUE DE LA),M,"45,8247900","1,2590100",87,2019,50.0,1.0,1.0,4.0,2153911,1.0,1,4,2,1.0,,0.0,0,1975.0,C01,138Â 296Â 723,1.0,0.0,-1.0,1644752,1.0,7,,0.0,2.0,3.0,C01,138Â 296Â 723,1.0
963676,201900005207,8,11,14:57,1,2,1,1.0,6.0,87113,CARNOT (AVENUE SADI),M,"45,8676000","1,3241200",87,2019,50.0,1.0,2.0,3.0,2153912,1.0,1,1,1,5.0,,0.0,0,1975.0,A01,138Â 296Â 720,2.0,6.0,-1.0,1644753,2.0,33,,0.0,0.0,8.0,A01,138Â 296Â 720,1.0
963676,201900005207,8,11,14:57,1,2,1,1.0,6.0,87113,CARNOT (AVENUE SADI),M,"45,8676000","1,3241200",87,2019,50.0,1.0,2.0,3.0,2153913,2.0,2,3,2,5.0,,0.0,0,1976.0,A01,138Â 296Â 720,2.0,6.0,-1.0,1644753,2.0,33,,0.0,0.0,8.0,A01,138Â 296Â 720,1.0
963677,201900005208,8,9,05:30,5,2,2,1.0,6.0,87085,GARIBALDI (AVENUE),M,"45,8344500","1,2609200",87,2019,50.0,1.0,1.0,4.0,2153914,1.0,1,1,2,5.0,,0.0,0,1994.0,A01,138Â 296Â 718,1.0,0.0,-1.0,1644754,1.0,7,,0.0,2.0,3.0,A01,138Â 296Â 718,1.0
963677,201900005208,8,9,05:30,5,2,2,1.0,6.0,87085,GARIBALDI (AVENUE),M,"45,8344500","1,2609200",87,2019,50.0,1.0,1.0,4.0,2153914,1.0,1,1,2,5.0,,0.0,0,1994.0,A01,138Â 296Â 718,1.0,0.0,-1.0,1644755,2.0,80,,0.0,2.0,8.0,B01,138Â 296Â 719,3.0
963677,201900005208,8,9,05:30,5,2,2,1.0,6.0,87085,GARIBALDI (AVENUE),M,"45,8344500","1,2609200",87,2019,50.0,1.0,1.0,4.0,2153915,1.0,1,4,1,1.0,,0.0,0,1980.0,B01,138Â 296Â 719,2.0,0.0,-1.0,1644754,1.0,7,,0.0,2.0,3.0,A01,138Â 296Â 718,1.0
963677,201900005208,8,9,05:30,5,2,2,1.0,6.0,87085,GARIBALDI (AVENUE),M,"45,8344500","1,2609200",87,2019,50.0,1.0,1.0,4.0,2153915,1.0,1,4,1,1.0,,0.0,0,1980.0,B01,138Â 296Â 719,2.0,0.0,-1.0,1644755,2.0,80,,0.0,2.0,8.0,B01,138Â 296Â 719,3.0
963678,201900005209,8,11,16:30,1,2,1,1.0,6.0,80489,R HENRI BARBUSSE,M,"49,8711000","2,3557700",80,2019,50.0,1.0,1.0,4.0,2153916,1.0,1,1,1,0.0,,0.0,0,1973.0,A01,138Â 296Â 713,1.0,0.0,-1.0,1644756,1.0,10,,0.0,1.0,2.0,A01,138Â 296Â 713,1.0
963678,201900005209,8,11,16:30,1,2,1,1.0,6.0,80489,R HENRI BARBUSSE,M,"49,8711000","2,3557700",80,2019,50.0,1.0,1.0,4.0,2153917,10.0,3,4,1,5.0,,2.0,3,1960.0,A01,138Â 296Â 713,8.0,0.0,-1.0,1644756,1.0,10,,0.0,1.0,2.0,A01,138Â 296Â 713,1.0
963679,201900005210,8,9,10:55,1,2,1,2.0,2.0,76540,NEUFCHATEL. ROUTE DE,M,"49,4528500","1,0993600",76,2019,50.0,1.0,2.0,3.0,2153918,1.0,1,1,1,4.0,,-1.0,0,1990.0,B01,138Â 296Â 705,1.0,0.0,-1.0,1644757,0.0,7,,0.0,2.0,4.0,B01,138Â 296Â 705,1.0
963679,201900005210,8,9,10:55,1,2,1,2.0,2.0,76540,NEUFCHATEL. ROUTE DE,M,"49,4528500","1,0993600",76,2019,50.0,1.0,2.0,3.0,2153918,1.0,1,1,1,4.0,,-1.0,0,1990.0,B01,138Â 296Â 705,1.0,0.0,-1.0,1644758,0.0,2,,0.0,2.0,1.0,A01,138Â 296Â 706,1.0
963679,201900005210,8,9,10:55,1,2,1,2.0,2.0,76540,NEUFCHATEL. ROUTE DE,M,"49,4528500","1,0993600",76,2019,50.0,1.0,2.0,3.0,2153919,1.0,1,4,2,1.0,,-1.0,0,1999.0,A01,138Â 296Â 706,2.0,6.0,-1.0,1644757,0.0,7,,0.0,2.0,4.0,B01,138Â 296Â 705,1.0
963679,201900005210,8,9,10:55,1,2,1,2.0,2.0,76540,NEUFCHATEL. ROUTE DE,M,"49,4528500","1,0993600",76,2019,50.0,1.0,2.0,3.0,2153919,1.0,1,4,2,1.0,,-1.0,0,1999.0,A01,138Â 296Â 706,2.0,6.0,-1.0,1644758,0.0,2,,0.0,2.0,1.0,A01,138Â 296Â 706,1.0
963680,201900005211,8,12,21:40,5,2,2,1.0,3.0,69256,ROGER SALENGRO                      (R ),M,"45,7627000","4,9293400",69,2019,50.0,1.0,1.0,4.0,2153920,1.0,1,1,1,1.0,,-1.0,0,1983.0,B01,138Â 296Â 703,1.0,0.0,-1.0,1644759,1.0,7,,0.0,2.0,8.0,B01,138Â 296Â 703,1.0
963680,201900005211,8,12,21:40,5,2,2,1.0,3.0,69256,ROGER SALENGRO                      (R ),M,"45,7627000","4,9293400",69,2019,50.0,1.0,1.0,4.0,2153920,1.0,1,1,1,1.0,,-1.0,0,1983.0,B01,138Â 296Â 703,1.0,0.0,-1.0,1644760,1.0,2,,0.0,2.0,1.0,A01,138Â 296Â 704,1.0
963680,201900005211,8,12,21:40,5,2,2,1.0,3.0,69256,ROGER SALENGRO                      (R ),M,"45,7627000","4,9293400",69,2019,50.0,1.0,1.0,4.0,2153921,1.0,1,4,1,5.0,,-1.0,0,1992.0,A01,138Â 296Â 704,2.0,0.0,-1.0,1644759,1.0,7,,0.0,2.0,8.0,B01,138Â 296Â 703,1.0
963680,201900005211,8,12,21:40,5,2,2,1.0,3.0,69256,ROGER SALENGRO                      (R ),M,"45,7627000","4,9293400",69,2019,50.0,1.0,1.0,4.0,2153921,1.0,1,4,1,5.0,,-1.0,0,1992.0,A01,138Â 296Â 704,2.0,0.0,-1.0,1644760,1.0,2,,0.0,2.0,1.0,A01,138Â 296Â 704,1.0
963681,201900005212,8,9,17:15,1,2,9,1.0,6.0,69091,CHARLES SIMON ( R ),M,"45,5842100","4,7715140",69,2019,50.0,1.0,1.0,4.0,2153922,1.0,1,1,1,1.0,,-1.0,0,1972.0,A01,138Â 296Â 702,1.0,8.0,-1.0,1644761,3.0,10,,0.0,1.0,7.0,A01,138Â 296Â 702,1.0
963681,201900005212,8,9,17:15,1,2,9,1.0,6.0,69091,CHARLES SIMON ( R ),M,"45,5842100","4,7715140",69,2019,50.0,1.0,1.0,4.0,2153923,10.0,3,4,2,3.0,,3.0,3,1947.0,A01,138Â 296Â 702,8.0,0.0,-1.0,1644761,3.0,10,,0.0,1.0,7.0,A01,138Â 296Â 702,1.0
963682,201900005213,8,12,08:45,1,2,1,8.0,6.0,67482,SHAKESPEARE (AVENUE),M,"48,5944650","7,7037710",67,2019,50.0,1.0,1.0,4.0,2153924,10.0,3,4,2,1.0,,4.0,3,1975.0,A01,138Â 296Â 701,8.0,0.0,-1.0,1644762,1.0,7,,0.0,1.0,2.0,A01,138Â 296Â 701,2.0
963682,201900005213,8,12,08:45,1,2,1,8.0,6.0,67482,SHAKESPEARE (AVENUE),M,"48,5944650","7,7037710",67,2019,50.0,1.0,1.0,4.0,2153925,1.0,1,1,2,1.0,,-1.0,0,1971.0,A01,138Â 296Â 701,1.0,8.0,-1.0,1644762,1.0,7,,0.0,1.0,2.0,A01,138Â 296Â 701,2.0
963683,201900005214,8,12,05:20,2,2,3,1.0,3.0,67482,PLAINE DES BOUCHERS (RUE DE LA),M,"48,5691900","7,7391300",67,2019,50.0,1.0,1.0,4.0,2153926,1.0,1,4,2,0.0,,-1.0,0,1984.0,A01,138Â 296Â 699,1.0,8.0,-1.0,1644763,1.0,7,,0.0,2.0,2.0,A01,138Â 296Â 699,1.0
963683,201900005214,8,12,05:20,2,2,3,1.0,3.0,67482,PLAINE DES BOUCHERS (RUE DE LA),M,"48,5691900","7,7391300",67,2019,50.0,1.0,1.0,4.0,2153926,1.0,1,4,2,0.0,,-1.0,0,1984.0,A01,138Â 296Â 699,1.0,8.0,-1.0,1644764,1.0,7,,0.0,2.0,1.0,B01,138Â 296Â 700,1.0
963683,201900005214,8,12,05:20,2,2,3,1.0,3.0,67482,PLAINE DES BOUCHERS (RUE DE LA),M,"48,5691900","7,7391300",67,2019,50.0,1.0,1.0,4.0,2153927,1.0,1,1,1,1.0,,-1.0,0,1962.0,B01,138Â 296Â 700,1.0,8.0,-1.0,1644763,1.0,7,,0.0,2.0,2.0,A01,138Â 296Â 699,1.0
963683,201900005214,8,12,05:20,2,2,3,1.0,3.0,67482,PLAINE DES BOUCHERS (RUE DE LA),M,"48,5691900","7,7391300",67,2019,50.0,1.0,1.0,4.0,2153927,1.0,1,1,1,1.0,,-1.0,0,1962.0,B01,138Â 296Â 700,1.0,8.0,-1.0,1644764,1.0,7,,0.0,2.0,1.0,B01,138Â 296Â 700,1.0
963684,201900005215,8,9,10:00,1,2,1,1.0,6.0,67482,THUMENAU (RUE DE LA),M,"48,5717000","7,7517900",67,2019,50.0,1.0,1.0,4.0,2153928,1.0,1,1,2,0.0,,0.0,0,1969.0,A01,138Â 296Â 698,1.0,8.0,-1.0,1644765,1.0,7,,0.0,1.0,1.0,A01,138Â 296Â 698,1.0
963684,201900005215,8,9,10:00,1,2,1,1.0,6.0,67482,THUMENAU (RUE DE LA),M,"48,5717000","7,7517900",67,2019,50.0,1.0,1.0,4.0,2153929,10.0,3,4,2,0.0,,4.0,4,1965.0,A01,138Â 296Â 698,8.0,0.0,-1.0,1644765,1.0,7,,0.0,1.0,1.0,A01,138Â 296Â 698,1.0
963685,201900005216,8,11,11:20,1,2,1,1.0,3.0,66136,ROTTERDAM (ROND POINT DE),M,"42,6941367","2,8501754",66,2019,50.0,1.0,1.0,4.0,2153930,1.0,1,1,1,5.0,,0.0,0,1931.0,A01,138Â 296Â 696,1.0,8.0,-1.0,1644766,1.0,7,,0.0,2.0,3.0,A01,138Â 296Â 696,1.0
963685,201900005216,8,11,11:20,1,2,1,1.0,3.0,66136,ROTTERDAM (ROND POINT DE),M,"42,6941367","2,8501754",66,2019,50.0,1.0,1.0,4.0,2153930,1.0,1,1,1,5.0,,0.0,0,1931.0,A01,138Â 296Â 696,1.0,8.0,-1.0,1644767,1.0,7,,0.0,2.0,2.0,B01,138Â 296Â 697,1.0
963685,201900005216,8,11,11:20,1,2,1,1.0,3.0,66136,ROTTERDAM (ROND POINT DE),M,"42,6941367","2,8501754",66,2019,50.0,1.0,1.0,4.0,2153931,1.0,1,4,2,5.0,,0.0,0,1957.0,B01,138Â 296Â 697,1.0,8.0,-1.0,1644766,1.0,7,,0.0,2.0,3.0,A01,138Â 296Â 696,1.0
963685,201900005216,8,11,11:20,1,2,1,1.0,3.0,66136,ROTTERDAM (ROND POINT DE),M,"42,6941367","2,8501754",66,2019,50.0,1.0,1.0,4.0,2153931,1.0,1,4,2,5.0,,0.0,0,1957.0,B01,138Â 296Â 697,1.0,8.0,-1.0,1644767,1.0,7,,0.0,2.0,2.0,B01,138Â 296Â 697,1.0
963686,201900005217,8,10,21:50,5,2,2,1.0,3.0,66136,DALBIEZ (AVENUE VICTOR),M,"42,6846800","2,8820600",66,2019,50.0,1.0,1.0,4.0,2153932,1.0,1,3,2,5.0,,0.0,0,1988.0,B01,138Â 296Â 694,1.0,0.0,-1.0,1644768,1.0,7,,0.0,2.0,7.0,B01,138Â 296Â 694,1.0
963686,201900005217,8,10,21:50,5,2,2,1.0,3.0,66136,DALBIEZ (AVENUE VICTOR),M,"42,6846800","2,8820600",66,2019,50.0,1.0,1.0,4.0,2153932,1.0,1,3,2,5.0,,0.0,0,1988.0,B01,138Â 296Â 694,1.0,0.0,-1.0,1644769,1.0,7,,0.0,2.0,1.0,A01,138Â 296Â 695,1.0
963686,201900005217,8,10,21:50,5,2,2,1.0,3.0,66136,DALBIEZ (AVENUE VICTOR),M,"42,6846800","2,8820600",66,2019,50.0,1.0,1.0,4.0,2153933,2.0,2,3,1,5.0,,0.0,0,1990.0,B01,138Â 296Â 694,1.0,8.0,-1.0,1644768,1.0,7,,0.0,2.0,7.0,B01,138Â 296Â 694,1.0
963686,201900005217,8,10,21:50,5,2,2,1.0,3.0,66136,DALBIEZ (AVENUE VICTOR),M,"42,6846800","2,8820600",66,2019,50.0,1.0,1.0,4.0,2153933,2.0,2,3,1,5.0,,0.0,0,1990.0,B01,138Â 296Â 694,1.0,8.0,-1.0,1644769,1.0,7,,0.0,2.0,1.0,A01,138Â 296Â 695,1.0
963686,201900005217,8,10,21:50,5,2,2,1.0,3.0,66136,DALBIEZ (AVENUE VICTOR),M,"42,6846800","2,8820600",66,2019,50.0,1.0,1.0,4.0,2153934,1.0,1,1,1,5.0,,0.0,0,1957.0,A01,138Â 296Â 695,1.0,8.0,-1.0,1644768,1.0,7,,0.0,2.0,7.0,B01,138Â 296Â 694,1.0
963686,201900005217,8,10,21:50,5,2,2,1.0,3.0,66136,DALBIEZ (AVENUE VICTOR),M,"42,6846800","2,8820600",66,2019,50.0,1.0,1.0,4.0,2153934,1.0,1,1,1,5.0,,0.0,0,1957.0,A01,138Â 296Â 695,1.0,8.0,-1.0,1644769,1.0,7,,0.0,2.0,1.0,A01,138Â 296Â 695,1.0
963687,201900005218,8,12,15:06,1,1,9,1.0,4.0,65440,PAU (ROND POINT DE),M,"43,2377050","0,0421147",65,2019,90.0,1.0,1.0,3.0,2153935,1.0,1,1,1,3.0,,0.0,0,1953.0,D01,138Â 296Â 690,1.0,8.0,-1.0,1644770,1.0,7,,0.0,2.0,4.0,D01,138Â 296Â 690,1.0
963687,201900005218,8,12,15:06,1,1,9,1.0,4.0,65440,PAU (ROND POINT DE),M,"43,2377050","0,0421147",65,2019,90.0,1.0,1.0,3.0,2153935,1.0,1,1,1,3.0,,0.0,0,1953.0,D01,138Â 296Â 690,1.0,8.0,-1.0,1644771,1.0,7,,0.0,2.0,4.0,C01,138Â 296Â 691,1.0
963687,201900005218,8,12,15:06,1,1,9,1.0,4.0,65440,PAU (ROND POINT DE),M,"43,2377050","0,0421147",65,2019,90.0,1.0,1.0,3.0,2153935,1.0,1,1,1,3.0,,0.0,0,1953.0,D01,138Â 296Â 690,1.0,8.0,-1.0,1644772,1.0,7,,0.0,2.0,4.0,B01,138Â 296Â 692,4.0
963687,201900005218,8,12,15:06,1,1,9,1.0,4.0,65440,PAU (ROND POINT DE),M,"43,2377050","0,0421147",65,2019,90.0,1.0,1.0,3.0,2153935,1.0,1,1,1,3.0,,0.0,0,1953.0,D01,138Â 296Â 690,1.0,8.0,-1.0,1644773,1.0,7,,0.0,2.0,1.0,A01,138Â 296Â 693,0.0
963687,201900005218,8,12,15:06,1,1,9,1.0,4.0,65440,PAU (ROND POINT DE),M,"43,2377050","0,0421147",65,2019,90.0,1.0,1.0,3.0,2153936,2.0,2,4,2,3.0,,0.0,0,1955.0,D01,138Â 296Â 690,1.0,8.0,-1.0,1644770,1.0,7,,0.0,2.0,4.0,D01,138Â 296Â 690,1.0
963687,201900005218,8,12,15:06,1,1,9,1.0,4.0,65440,PAU (ROND POINT DE),M,"43,2377050","0,0421147",65,2019,90.0,1.0,1.0,3.0,2153936,2.0,2,4,2,3.0,,0.0,0,1955.0,D01,138Â 296Â 690,1.0,8.0,-1.0,1644771,1.0,7,,0.0,2.0,4.0,C01,138Â 296Â 691,1.0
963687,201900005218,8,12,15:06,1,1,9,1.0,4.0,65440,PAU (ROND POINT DE),M,"43,2377050","0,0421147",65,2019,90.0,1.0,1.0,3.0,2153936,2.0,2,4,2,3.0,,0.0,0,1955.0,D01,138Â 296Â 690,1.0,8.0,-1.0,1644772,1.0,7,,0.0,2.0,4.0,B01,138Â 296Â 692,4.0
963687,201900005218,8,12,15:06,1,1,9,1.0,4.0,65440,PAU (ROND POINT DE),M,"43,2377050","0,0421147",65,2019,90.0,1.0,1.0,3.0,2153936,2.0,2,4,2,3.0,,0.0,0,1955.0,D01,138Â 296Â 690,1.0,8.0,-1.0,1644773,1.0,7,,0.0,2.0,1.0,A01,138Â 296Â 693,0.0
963687,201900005218,8,12,15:06,1,1,9,1.0,4.0,65440,PAU (ROND POINT DE),M,"43,2377050","0,0421147",65,2019,90.0,1.0,1.0,3.0,2153937,1.0,1,4,1,5.0,,0.0,0,1959.0,C01,138Â 296Â 691,1.0,8.0,-1.0,1644770,1.0,7,,0.0,2.0,4.0,D01,138Â 296Â 690,1.0
963687,201900005218,8,12,15:06,1,1,9,1.0,4.0,65440,PAU (ROND POINT DE),M,"43,2377050","0,0421147",65,2019,90.0,1.0,1.0,3.0,2153937,1.0,1,4,1,5.0,,0.0,0,1959.0,C01,138Â 296Â 691,1.0,8.0,-1.0,1644771,1.0,7,,0.0,2.0,4.0,C01,138Â 296Â 691,1.0
963687,201900005218,8,12,15:06,1,1,9,1.0,4.0,65440,PAU (ROND POINT DE),M,"43,2377050","0,0421147",65,2019,90.0,1.0,1.0,3.0,2153937,1.0,1,4,1,5.0,,0.0,0,1959.0,C01,138Â 296Â 691,1.0,8.0,-1.0,1644772,1.0,7,,0.0,2.0,4.0,B01,138Â 296Â 692,4.0
963687,201900005218,8,12,15:06,1,1,9,1.0,4.0,65440,PAU (ROND POINT DE),M,"43,2377050","0,0421147",65,2019,90.0,1.0,1.0,3.0,2153937,1.0,1,4,1,5.0,,0.0,0,1959.0,C01,138Â 296Â 691,1.0,8.0,-1.0,1644773,1.0,7,,0.0,2.0,1.0,A01,138Â 296Â 693,0.0
963687,201900005218,8,12,15:06,1,1,9,1.0,4.0,65440,PAU (ROND POINT DE),M,"43,2377050","0,0421147",65,2019,90.0,1.0,1.0,3.0,2153938,2.0,2,4,2,5.0,,0.0,0,1998.0,B01,138Â 296Â 692,1.0,8.0,-1.0,1644770,1.0,7,,0.0,2.0,4.0,D01,138Â 296Â 690,1.0
963687,201900005218,8,12,15:06,1,1,9,1.0,4.0,65440,PAU (ROND POINT DE),M,"43,2377050","0,0421147",65,2019,90.0,1.0,1.0,3.0,2153938,2.0,2,4,2,5.0,,0.0,0,1998.0,B01,138Â 296Â 692,1.0,8.0,-1.0,1644771,1.0,7,,0.0,2.0,4.0,C01,138Â 296Â 691,1.0
963687,201900005218,8,12,15:06,1,1,9,1.0,4.0,65440,PAU (ROND POINT DE),M,"43,2377050","0,0421147",65,2019,90.0,1.0,1.0,3.0,2153938,2.0,2,4,2,5.0,,0.0,0,1998.0,B01,138Â 296Â 692,1.0,8.0,-1.0,1644772,1.0,7,,0.0,2.0,4.0,B01,138Â 296Â 692,4.0
963687,201900005218,8,12,15:06,1,1,9,1.0,4.0,65440,PAU (ROND POINT DE),M,"43,2377050","0,0421147",65,2019,90.0,1.0,1.0,3.0,2153938,2.0,2,4,2,5.0,,0.0,0,1998.0,B01,138Â 296Â 692,1.0,8.0,-1.0,1644773,1.0,7,,0.0,2.0,1.0,A01,138Â 296Â 693,0.0