Unnamed: 0_x,num_acc,mois,jour,hrmn,lum,agg,int,atm,col,com,adr,gps,lat,long,dep,annee,vma,situ,surf,catr,Unnamed: 0_y,place,catu,grav,sexe,trajet,secu,locp,actp,an_nais,num_veh_x,id_vehicule_x,secu1,secu2,secu3,Unnamed: 0,senc,catv,occutc,obs,obsm,choc,num_veh_y,id_vehicule_y,motor
963687,201900005218,8,12,15:06,1,1,9,1.0,4.0,65440,PAU (ROND POINT DE),M,"43,2377050","0,0421147",65,2019,90.0,1.0,1.0,3.0,2153939,1.0,1,4,2,5.0,,0.0,0,1961.0,B01,138Â 296Â 692,1.0,8.0,-1.0,1644770,1.0,7,,0.0,2.0,4.0,D01,138Â 296Â 690,1.0
963687,201900005218,8,12,15:06,1,1,9,1.0,4.0,65440,PAU (ROND POINT DE),M,"43,2377050","0,0421147",65,2019,90.0,1.0,1.0,3.0,2153939,1.0,1,4,2,5.0,,0.0,0,1961.0,B01,138Â 296Â 692,1.0,8.0,-1.0,1644771,1.0,7,,0.0,2.0,4.0,C01,138Â 296Â 691,1.0
963687,201900005218,8,12,15:06,1,1,9,1.0,4.0,65440,PAU (ROND POINT DE),M,"43,2377050","0,0421147",65,2019,90.0,1.0,1.0,3.0,2153939,1.0,1,4,2,5.0,,0.0,0,1961.0,B01,138Â 296Â 692,1.0,8.0,-1.0,1644772,1.0,7,,0.0,2.0,4.0,B01,138Â 296Â 692,4.0
963687,201900005218,8,12,15:06,1,1,9,1.0,4.0,65440,PAU (ROND POINT DE),M,"43,2377050","0,0421147",65,2019,90.0,1.0,1.0,3.0,2153939,1.0,1,4,2,5.0,,0.0,0,1961.0,B01,138Â 296Â 692,1.0,8.0,-1.0,1644773,1.0,7,,0.0,2.0,1.0,A01,138Â 296Â 693,0.0
963687,201900005218,8,12,15:06,1,1,9,1.0,4.0,65440,PAU (ROND POINT DE),M,"43,2377050","0,0421147",65,2019,90.0,1.0,1.0,3.0,2153940,1.0,1,1,1,5.0,,0.0,0,1997.0,A01,138Â 296Â 693,1.0,0.0,-1.0,1644770,1.0,7,,0.0,2.0,4.0,D01,138Â 296Â 690,1.0
963687,201900005218,8,12,15:06,1,1,9,1.0,4.0,65440,PAU (ROND POINT DE),M,"43,2377050","0,0421147",65,2019,90.0,1.0,1.0,3.0,2153940,1.0,1,1,1,5.0,,0.0,0,1997.0,A01,138Â 296Â 693,1.0,0.0,-1.0,1644771,1.0,7,,0.0,2.0,4.0,C01,138Â 296Â 691,1.0
963687,201900005218,8,12,15:06,1,1,9,1.0,4.0,65440,PAU (ROND POINT DE),M,"43,2377050","0,0421147",65,2019,90.0,1.0,1.0,3.0,2153940,1.0,1,1,1,5.0,,0.0,0,1997.0,A01,138Â 296Â 693,1.0,0.0,-1.0,1644772,1.0,7,,0.0,2.0,4.0,B01,138Â 296Â 692,4.0
963687,201900005218,8,12,15:06,1,1,9,1.0,4.0,65440,PAU (ROND POINT DE),M,"43,2377050","0,0421147",65,2019,90.0,1.0,1.0,3.0,2153940,1.0,1,1,1,5.0,,0.0,0,1997.0,A01,138Â 296Â 693,1.0,0.0,-1.0,1644773,1.0,7,,0.0,2.0,1.0,A01,138Â 296Â 693,0.0
963688,201900005219,8,9,12:15,1,2,1,1.0,7.0,64122,PIOCHE (AVENUE-IMPASSE DE),M,"43,4699000"," -1,5606400",64,2019,30.0,1.0,1.0,4.0,2153941,1.0,1,4,1,5.0,,0.0,0,1946.0,A01,138Â 296Â 689,2.0,8.0,-1.0,1644774,1.0,32,,0.0,6.0,8.0,A01,138Â 296Â 689,1.0
963689,201900005220,8,10,13:15,1,2,1,8.0,7.0,64102,FORGUES FERNAND (AVENUE),M,"43,4873399"," -1,4812647",64,2019,50.0,3.0,8.0,3.0,2153942,1.0,1,3,1,0.0,,0.0,0,1969.0,A01,138Â 296Â 688,2.0,6.0,-1.0,1644775,2.0,33,,0.0,0.0,8.0,A01,138Â 296Â 688,1.0
963690,201900005221,8,9,18:15,1,2,1,1.0,6.0,64102,REDUIT (PLACE DU),M,"43,4929500"," -1,4731000",64,2019,50.0,1.0,1.0,4.0,2153943,10.0,3,4,2,5.0,,3.0,3,1960.0,A01,138Â 296Â 687,8.0,0.0,-1.0,1644776,2.0,10,,0.0,1.0,2.0,A01,138Â 296Â 687,1.0
963690,201900005221,8,9,18:15,1,2,1,1.0,6.0,64102,REDUIT (PLACE DU),M,"43,4929500"," -1,4731000",64,2019,50.0,1.0,1.0,4.0,2153944,1.0,1,1,2,4.0,,0.0,0,1967.0,A01,138Â 296Â 687,1.0,0.0,-1.0,1644776,2.0,10,,0.0,1.0,2.0,A01,138Â 296Â 687,1.0
963691,201900005222,8,8,20:00,1,2,2,1.0,3.0,64102,LOUIS DE FOIX (AVENUE),M,"43,5065010"," -1,4672457",64,2019,50.0,3.0,1.0,3.0,2153945,1.0,1,1,2,5.0,,0.0,0,1976.0,B01,138Â 296Â 685,1.0,8.0,-1.0,1644777,1.0,7,,0.0,2.0,8.0,B01,138Â 296Â 685,1.0
963691,201900005222,8,8,20:00,1,2,2,1.0,3.0,64102,LOUIS DE FOIX (AVENUE),M,"43,5065010"," -1,4672457",64,2019,50.0,3.0,1.0,3.0,2153945,1.0,1,1,2,5.0,,0.0,0,1976.0,B01,138Â 296Â 685,1.0,8.0,-1.0,1644778,1.0,2,,0.0,2.0,2.0,A01,138Â 296Â 686,1.0
963691,201900005222,8,8,20:00,1,2,2,1.0,3.0,64102,LOUIS DE FOIX (AVENUE),M,"43,5065010"," -1,4672457",64,2019,50.0,3.0,1.0,3.0,2153946,1.0,1,4,1,5.0,,0.0,0,1970.0,A01,138Â 296Â 686,2.0,6.0,-1.0,1644777,1.0,7,,0.0,2.0,8.0,B01,138Â 296Â 685,1.0
963691,201900005222,8,8,20:00,1,2,2,1.0,3.0,64102,LOUIS DE FOIX (AVENUE),M,"43,5065010"," -1,4672457",64,2019,50.0,3.0,1.0,3.0,2153946,1.0,1,4,1,5.0,,0.0,0,1970.0,A01,138Â 296Â 686,2.0,6.0,-1.0,1644778,1.0,2,,0.0,2.0,2.0,A01,138Â 296Â 686,1.0
963692,201900005223,7,31,12:10,1,2,3,1.0,6.0,59350,TOURNAI RUE DE,M,"50,6333700","3,0749100",59,2019,50.0,1.0,1.0,4.0,2153947,1.0,1,1,1,5.0,,-1.0,0,1990.0,A01,138Â 296Â 684,1.0,0.0,-1.0,1644779,3.0,7,,0.0,1.0,3.0,A01,138Â 296Â 684,1.0
963692,201900005223,7,31,12:10,1,2,3,1.0,6.0,59350,TOURNAI RUE DE,M,"50,6333700","3,0749100",59,2019,50.0,1.0,1.0,4.0,2153948,10.0,3,4,2,5.0,,2.0,3,1961.0,A01,138Â 296Â 684,8.0,0.0,-1.0,1644779,3.0,7,,0.0,1.0,3.0,A01,138Â 296Â 684,1.0
963693,201900005224,8,9,22:45,5,2,2,1.0,3.0,55545,MIRIBEL ( AVENUE ),M,"49,1676400","5,3942800",55,2019,50.0,1.0,1.0,4.0,2153949,1.0,1,4,1,5.0,,0.0, -1,1991.0,B01,138Â 296Â 682,1.0,0.0,-1.0,1644780,1.0,7,,8.0,2.0,8.0,B01,138Â 296Â 682,0.0
963693,201900005224,8,9,22:45,5,2,2,1.0,3.0,55545,MIRIBEL ( AVENUE ),M,"49,1676400","5,3942800",55,2019,50.0,1.0,1.0,4.0,2153949,1.0,1,4,1,5.0,,0.0, -1,1991.0,B01,138Â 296Â 682,1.0,0.0,-1.0,1644781,0.0,7,,0.0,2.0,1.0,A01,138Â 296Â 683,0.0
963693,201900005224,8,9,22:45,5,2,2,1.0,3.0,55545,MIRIBEL ( AVENUE ),M,"49,1676400","5,3942800",55,2019,50.0,1.0,1.0,4.0,2153950,4.0,2,4,1,5.0,,-1.0, -1,2012.0,B01,138Â 296Â 682,1.0,0.0,-1.0,1644780,1.0,7,,8.0,2.0,8.0,B01,138Â 296Â 682,0.0
963693,201900005224,8,9,22:45,5,2,2,1.0,3.0,55545,MIRIBEL ( AVENUE ),M,"49,1676400","5,3942800",55,2019,50.0,1.0,1.0,4.0,2153950,4.0,2,4,1,5.0,,-1.0, -1,2012.0,B01,138Â 296Â 682,1.0,0.0,-1.0,1644781,0.0,7,,0.0,2.0,1.0,A01,138Â 296Â 683,0.0
963693,201900005224,8,9,22:45,5,2,2,1.0,3.0,55545,MIRIBEL ( AVENUE ),M,"49,1676400","5,3942800",55,2019,50.0,1.0,1.0,4.0,2153951,2.0,2,4,2,5.0,,-1.0, -1,1991.0,B01,138Â 296Â 682,1.0,0.0,-1.0,1644780,1.0,7,,8.0,2.0,8.0,B01,138Â 296Â 682,0.0
963693,201900005224,8,9,22:45,5,2,2,1.0,3.0,55545,MIRIBEL ( AVENUE ),M,"49,1676400","5,3942800",55,2019,50.0,1.0,1.0,4.0,2153951,2.0,2,4,2,5.0,,-1.0, -1,1991.0,B01,138Â 296Â 682,1.0,0.0,-1.0,1644781,0.0,7,,0.0,2.0,1.0,A01,138Â 296Â 683,0.0
963693,201900005224,8,9,22:45,5,2,2,1.0,3.0,55545,MIRIBEL ( AVENUE ),M,"49,1676400","5,3942800",55,2019,50.0,1.0,1.0,4.0,2153952,4.0,2,4,1,5.0,,-1.0, -1,2017.0,B01,138Â 296Â 682,1.0,0.0,-1.0,1644780,1.0,7,,8.0,2.0,8.0,B01,138Â 296Â 682,0.0
963693,201900005224,8,9,22:45,5,2,2,1.0,3.0,55545,MIRIBEL ( AVENUE ),M,"49,1676400","5,3942800",55,2019,50.0,1.0,1.0,4.0,2153952,4.0,2,4,1,5.0,,-1.0, -1,2017.0,B01,138Â 296Â 682,1.0,0.0,-1.0,1644781,0.0,7,,0.0,2.0,1.0,A01,138Â 296Â 683,0.0
963693,201900005224,8,9,22:45,5,2,2,1.0,3.0,55545,MIRIBEL ( AVENUE ),M,"49,1676400","5,3942800",55,2019,50.0,1.0,1.0,4.0,2153953,2.0,2,1,1,5.0,,-1.0, -1,1999.0,A01,138Â 296Â 683,1.0,0.0,-1.0,1644780,1.0,7,,8.0,2.0,8.0,B01,138Â 296Â 682,0.0
963693,201900005224,8,9,22:45,5,2,2,1.0,3.0,55545,MIRIBEL ( AVENUE ),M,"49,1676400","5,3942800",55,2019,50.0,1.0,1.0,4.0,2153953,2.0,2,1,1,5.0,,-1.0, -1,1999.0,A01,138Â 296Â 683,1.0,0.0,-1.0,1644781,0.0,7,,0.0,2.0,1.0,A01,138Â 296Â 683,0.0
963693,201900005224,8,9,22:45,5,2,2,1.0,3.0,55545,MIRIBEL ( AVENUE ),M,"49,1676400","5,3942800",55,2019,50.0,1.0,1.0,4.0,2153954,3.0,2,1,1,5.0,,-1.0, -1,1999.0,A01,138Â 296Â 683,1.0,0.0,-1.0,1644780,1.0,7,,8.0,2.0,8.0,B01,138Â 296Â 682,0.0
963693,201900005224,8,9,22:45,5,2,2,1.0,3.0,55545,MIRIBEL ( AVENUE ),M,"49,1676400","5,3942800",55,2019,50.0,1.0,1.0,4.0,2153954,3.0,2,1,1,5.0,,-1.0, -1,1999.0,A01,138Â 296Â 683,1.0,0.0,-1.0,1644781,0.0,7,,0.0,2.0,1.0,A01,138Â 296Â 683,0.0
963693,201900005224,8,9,22:45,5,2,2,1.0,3.0,55545,MIRIBEL ( AVENUE ),M,"49,1676400","5,3942800",55,2019,50.0,1.0,1.0,4.0,2153955,1.0,1,1,2,5.0,,0.0, -1,1995.0,A01,138Â 296Â 683,1.0,0.0,-1.0,1644780,1.0,7,,8.0,2.0,8.0,B01,138Â 296Â 682,0.0
963693,201900005224,8,9,22:45,5,2,2,1.0,3.0,55545,MIRIBEL ( AVENUE ),M,"49,1676400","5,3942800",55,2019,50.0,1.0,1.0,4.0,2153955,1.0,1,1,2,5.0,,0.0, -1,1995.0,A01,138Â 296Â 683,1.0,0.0,-1.0,1644781,0.0,7,,0.0,2.0,1.0,A01,138Â 296Â 683,0.0
963694,201900005225,8,11,20:01,1,2,1,1.0,7.0,51108,RUE DU 8 MAI 1945,M,"48,9782200","4,3556000",51,2019,50.0,1.0,1.0,4.0,2153956,1.0,1,3,2,5.0,,-1.0,0,1960.0,A01,138Â 296Â 681,1.0,8.0,-1.0,1644782,3.0,3,,1.0,0.0,1.0,A01,138Â 296Â 681,1.0
963695,201900005226,8,12,09:00,1,2,1,2.0,2.0,50129,MENDES FRANCE (BOULEVARD),M,"49,6338900"," -1,6225500",50,2019,50.0,1.0,2.0,3.0,2153957,1.0,1,4,2,1.0,,0.0,0,1968.0,B01,138Â 296Â 679,1.0,8.0,-1.0,1644783,0.0,7,,0.0,2.0,4.0,B01,138Â 296Â 679,1.0
963695,201900005226,8,12,09:00,1,2,1,2.0,2.0,50129,MENDES FRANCE (BOULEVARD),M,"49,6338900"," -1,6225500",50,2019,50.0,1.0,2.0,3.0,2153957,1.0,1,4,2,1.0,,0.0,0,1968.0,B01,138Â 296Â 679,1.0,8.0,-1.0,1644784,0.0,7,,0.0,2.0,1.0,A01,138Â 296Â 680,1.0
963695,201900005226,8,12,09:00,1,2,1,2.0,2.0,50129,MENDES FRANCE (BOULEVARD),M,"49,6338900"," -1,6225500",50,2019,50.0,1.0,2.0,3.0,2153958,1.0,1,4,2,1.0,,0.0,0,1982.0,A01,138Â 296Â 680,1.0,8.0,-1.0,1644783,0.0,7,,0.0,2.0,4.0,B01,138Â 296Â 679,1.0
963695,201900005226,8,12,09:00,1,2,1,2.0,2.0,50129,MENDES FRANCE (BOULEVARD),M,"49,6338900"," -1,6225500",50,2019,50.0,1.0,2.0,3.0,2153958,1.0,1,4,2,1.0,,0.0,0,1982.0,A01,138Â 296Â 680,1.0,8.0,-1.0,1644784,0.0,7,,0.0,2.0,1.0,A01,138Â 296Â 680,1.0
963696,201900005227,8,10,09:45,1,2,1,1.0,7.0,49007,CHALOUERE,M,"47,4757100"," -0,5455700",49,2019,30.0,1.0,1.0,4.0,2153959,1.0,1,4,1,0.0,,-1.0, -1,1955.0,A01,138Â 296Â 678,2.0,8.0,-1.0,1644785,3.0,32,,0.0,0.0,0.0,A01,138Â 296Â 678,1.0
963697,201900005228,8,6,20:05,1,2,1,1.0,6.0,40192,DUPOUY (AV JEAN),M,"43,8944500"," -0,4652000",40,2019,50.0,1.0,1.0,4.0,2153960,2.0,2,3,2,5.0,,-1.0, -1,1988.0,A01,138Â 296Â 675,1.0,0.0,-1.0,1644786,3.0,7,,6.0,0.0,1.0,A01,138Â 296Â 675,6.0
963697,201900005228,8,6,20:05,1,2,1,1.0,6.0,40192,DUPOUY (AV JEAN),M,"43,8944500"," -0,4652000",40,2019,50.0,1.0,1.0,4.0,2153961,3.0,2,3,2,5.0,,-1.0, -1,2011.0,A01,138Â 296Â 675,3.0,0.0,-1.0,1644786,3.0,7,,6.0,0.0,1.0,A01,138Â 296Â 675,6.0
963697,201900005228,8,6,20:05,1,2,1,1.0,6.0,40192,DUPOUY (AV JEAN),M,"43,8944500"," -0,4652000",40,2019,50.0,1.0,1.0,4.0,2153962,5.0,2,4,2,5.0,,-1.0, -1,2010.0,A01,138Â 296Â 675,3.0,0.0,-1.0,1644786,3.0,7,,6.0,0.0,1.0,A01,138Â 296Â 675,6.0
963697,201900005228,8,6,20:05,1,2,1,1.0,6.0,40192,DUPOUY (AV JEAN),M,"43,8944500"," -0,4652000",40,2019,50.0,1.0,1.0,4.0,2153963,4.0,2,3,2,5.0,,-1.0, -1,2016.0,A01,138Â 296Â 675,3.0,0.0,-1.0,1644786,3.0,7,,6.0,0.0,1.0,A01,138Â 296Â 675,6.0
963697,201900005228,8,6,20:05,1,2,1,1.0,6.0,40192,DUPOUY (AV JEAN),M,"43,8944500"," -0,4652000",40,2019,50.0,1.0,1.0,4.0,2153964,1.0,1,3,1,5.0,,-1.0, -1,1989.0,A01,138Â 296Â 675,1.0,0.0,-1.0,1644786,3.0,7,,6.0,0.0,1.0,A01,138Â 296Â 675,6.0
963697,201900005228,8,6,20:05,1,2,1,1.0,6.0,40192,DUPOUY (AV JEAN),M,"43,8944500"," -0,4652000",40,2019,50.0,1.0,1.0,4.0,2153965,5.0,2,4,2,5.0,,-1.0, -1,2012.0,A01,138Â 296Â 675,3.0,0.0,-1.0,1644786,3.0,7,,6.0,0.0,1.0,A01,138Â 296Â 675,6.0
963698,201900005229,8,13,02:00,5,2,1,1.0,6.0,37261,PREUILLY (BOULEVARD),M,"47,3940900","0,6737100",37,2019,50.0,1.0,1.0,4.0,2153966,1.0,1,4,1,5.0,,-1.0,0,1999.0,A01,138Â 296Â 674,2.0,8.0,-1.0,1644787,2.0,30,,14.0,0.0,2.0,A01,138Â 296Â 674,1.0
963699,201900005230,8,12,22:15,5,2,2,1.0,3.0,37261,SEBASTOPOL (RUE),M,"47,3886400","0,6846000",37,2019,50.0,1.0,1.0,4.0,2153967,1.0,1,3,1,5.0,,-1.0,0,1996.0,B01,138Â 296Â 672,2.0,0.0,-1.0,1644788,3.0,2,,0.0,2.0,4.0,B01,138Â 296Â 672,1.0
963699,201900005230,8,12,22:15,5,2,2,1.0,3.0,37261,SEBASTOPOL (RUE),M,"47,3886400","0,6846000",37,2019,50.0,1.0,1.0,4.0,2153967,1.0,1,3,1,5.0,,-1.0,0,1996.0,B01,138Â 296Â 672,2.0,0.0,-1.0,1644789,3.0,7,,0.0,2.0,1.0,A01,138Â 296Â 673,0.0
963700,201900005231,8,8,14:45,1,2,6,1.0,7.0,35238,LORIENT (DE),M,"48,1091200"," -1,6977300",35,2019,50.0,1.0,1.0,4.0,2153968,1.0,1,4,1,4.0,,-1.0,0,1992.0,A01,138Â 296Â 671,2.0,6.0,-1.0,1644790,1.0,30,,0.0,0.0,8.0,A01,138Â 296Â 671,1.0
963701,201900005232,8,9,13:55,1,2,1,1.0,2.0,31555,AV LOUIS BAZERQUE,M,"43,5799300","1,3955400",31,2019,50.0,1.0,1.0,4.0,2153969,1.0,1,4,1,9.0,,-1.0,0,1973.0,A01,138Â 296Â 669,1.0,0.0,-1.0,1644791,1.0,7,,0.0,2.0,1.0,A01,138Â 296Â 669,1.0
963701,201900005232,8,9,13:55,1,2,1,1.0,2.0,31555,AV LOUIS BAZERQUE,M,"43,5799300","1,3955400",31,2019,50.0,1.0,1.0,4.0,2153969,1.0,1,4,1,9.0,,-1.0,0,1973.0,A01,138Â 296Â 669,1.0,0.0,-1.0,1644792,1.0,7,,0.0,2.0,4.0,B01,138Â 296Â 670,1.0
963701,201900005232,8,9,13:55,1,2,1,1.0,2.0,31555,AV LOUIS BAZERQUE,M,"43,5799300","1,3955400",31,2019,50.0,1.0,1.0,4.0,2153970,2.0,2,1,1,0.0,,-1.0,0,1991.0,B01,138Â 296Â 670,1.0,0.0,-1.0,1644791,1.0,7,,0.0,2.0,1.0,A01,138Â 296Â 669,1.0
963701,201900005232,8,9,13:55,1,2,1,1.0,2.0,31555,AV LOUIS BAZERQUE,M,"43,5799300","1,3955400",31,2019,50.0,1.0,1.0,4.0,2153970,2.0,2,1,1,0.0,,-1.0,0,1991.0,B01,138Â 296Â 670,1.0,0.0,-1.0,1644792,1.0,7,,0.0,2.0,4.0,B01,138Â 296Â 670,1.0
963701,201900005232,8,9,13:55,1,2,1,1.0,2.0,31555,AV LOUIS BAZERQUE,M,"43,5799300","1,3955400",31,2019,50.0,1.0,1.0,4.0,2153971,1.0,1,1,2,0.0,,-1.0,0,1983.0,B01,138Â 296Â 670,1.0,0.0,-1.0,1644791,1.0,7,,0.0,2.0,1.0,A01,138Â 296Â 669,1.0
963701,201900005232,8,9,13:55,1,2,1,1.0,2.0,31555,AV LOUIS BAZERQUE,M,"43,5799300","1,3955400",31,2019,50.0,1.0,1.0,4.0,2153971,1.0,1,1,2,0.0,,-1.0,0,1983.0,B01,138Â 296Â 670,1.0,0.0,-1.0,1644792,1.0,7,,0.0,2.0,4.0,B01,138Â 296Â 670,1.0
963702,201900005233,8,9,08:45,1,2,1,1.0,3.0,31555,EISENHOWER (AVENUE DU GENERAL),M,"43,5498200","1,4177400",31,2019,50.0,1.0,1.0,3.0,2153972,1.0,1,1,1,4.0,,-1.0,0,1961.0,B01,138Â 296Â 667,1.0,0.0,-1.0,1644793,1.0,10,,0.0,2.0,3.0,B01,138Â 296Â 667,1.0
963702,201900005233,8,9,08:45,1,2,1,1.0,3.0,31555,EISENHOWER (AVENUE DU GENERAL),M,"43,5498200","1,4177400",31,2019,50.0,1.0,1.0,3.0,2153972,1.0,1,1,1,4.0,,-1.0,0,1961.0,B01,138Â 296Â 667,1.0,0.0,-1.0,1644794,1.0,33,,0.0,2.0,2.0,A01,138Â 296Â 668,1.0
963702,201900005233,8,9,08:45,1,2,1,1.0,3.0,31555,EISENHOWER (AVENUE DU GENERAL),M,"43,5498200","1,4177400",31,2019,50.0,1.0,1.0,3.0,2153973,1.0,1,4,2,9.0,,-1.0,0,1996.0,A01,138Â 296Â 668,2.0,0.0,-1.0,1644793,1.0,10,,0.0,2.0,3.0,B01,138Â 296Â 667,1.0
963702,201900005233,8,9,08:45,1,2,1,1.0,3.0,31555,EISENHOWER (AVENUE DU GENERAL),M,"43,5498200","1,4177400",31,2019,50.0,1.0,1.0,3.0,2153973,1.0,1,4,2,9.0,,-1.0,0,1996.0,A01,138Â 296Â 668,2.0,0.0,-1.0,1644794,1.0,33,,0.0,2.0,2.0,A01,138Â 296Â 668,1.0
963703,201900005234,7,13,15:31,1,2,9,1.0,4.0,28220,MARCEAU (RUE),M,"48,4267700","1,4726300",28,2019,50.0,1.0,1.0,4.0,2153974,2.0,2,4,1,0.0,,-1.0, -1,1981.0,C01,138Â 296Â 664,1.0,0.0,-1.0,1644795,1.0,7,,0.0,2.0,4.0,C01,138Â 296Â 664,1.0
963703,201900005234,7,13,15:31,1,2,9,1.0,4.0,28220,MARCEAU (RUE),M,"48,4267700","1,4726300",28,2019,50.0,1.0,1.0,4.0,2153974,2.0,2,4,1,0.0,,-1.0, -1,1981.0,C01,138Â 296Â 664,1.0,0.0,-1.0,1644796,1.0,7,,0.0,2.0,4.0,B01,138Â 296Â 665,1.0
963703,201900005234,7,13,15:31,1,2,9,1.0,4.0,28220,MARCEAU (RUE),M,"48,4267700","1,4726300",28,2019,50.0,1.0,1.0,4.0,2153974,2.0,2,4,1,0.0,,-1.0, -1,1981.0,C01,138Â 296Â 664,1.0,0.0,-1.0,1644797,1.0,7,,0.0,2.0,1.0,A01,138Â 296Â 666,1.0
963703,201900005234,7,13,15:31,1,2,9,1.0,4.0,28220,MARCEAU (RUE),M,"48,4267700","1,4726300",28,2019,50.0,1.0,1.0,4.0,2153975,1.0,1,4,1,0.0,,-1.0, -1,1967.0,C01,138Â 296Â 664,1.0,0.0,-1.0,1644795,1.0,7,,0.0,2.0,4.0,C01,138Â 296Â 664,1.0
963703,201900005234,7,13,15:31,1,2,9,1.0,4.0,28220,MARCEAU (RUE),M,"48,4267700","1,4726300",28,2019,50.0,1.0,1.0,4.0,2153975,1.0,1,4,1,0.0,,-1.0, -1,1967.0,C01,138Â 296Â 664,1.0,0.0,-1.0,1644796,1.0,7,,0.0,2.0,4.0,B01,138Â 296Â 665,1.0
963703,201900005234,7,13,15:31,1,2,9,1.0,4.0,28220,MARCEAU (RUE),M,"48,4267700","1,4726300",28,2019,50.0,1.0,1.0,4.0,2153975,1.0,1,4,1,0.0,,-1.0, -1,1967.0,C01,138Â 296Â 664,1.0,0.0,-1.0,1644797,1.0,7,,0.0,2.0,1.0,A01,138Â 296Â 666,1.0
963703,201900005234,7,13,15:31,1,2,9,1.0,4.0,28220,MARCEAU (RUE),M,"48,4267700","1,4726300",28,2019,50.0,1.0,1.0,4.0,2153976,2.0,2,4,2,0.0,,-1.0, -1,1943.0,B01,138Â 296Â 665,1.0,0.0,-1.0,1644795,1.0,7,,0.0,2.0,4.0,C01,138Â 296Â 664,1.0
963703,201900005234,7,13,15:31,1,2,9,1.0,4.0,28220,MARCEAU (RUE),M,"48,4267700","1,4726300",28,2019,50.0,1.0,1.0,4.0,2153976,2.0,2,4,2,0.0,,-1.0, -1,1943.0,B01,138Â 296Â 665,1.0,0.0,-1.0,1644796,1.0,7,,0.0,2.0,4.0,B01,138Â 296Â 665,1.0
963703,201900005234,7,13,15:31,1,2,9,1.0,4.0,28220,MARCEAU (RUE),M,"48,4267700","1,4726300",28,2019,50.0,1.0,1.0,4.0,2153976,2.0,2,4,2,0.0,,-1.0, -1,1943.0,B01,138Â 296Â 665,1.0,0.0,-1.0,1644797,1.0,7,,0.0,2.0,1.0,A01,138Â 296Â 666,1.0
963703,201900005234,7,13,15:31,1,2,9,1.0,4.0,28220,MARCEAU (RUE),M,"48,4267700","1,4726300",28,2019,50.0,1.0,1.0,4.0,2153977,2.0,1,4,2,0.0,,-1.0, -1,1977.0,B01,138Â 296Â 665,1.0,0.0,-1.0,1644795,1.0,7,,0.0,2.0,4.0,C01,138Â 296Â 664,1.0
963703,201900005234,7,13,15:31,1,2,9,1.0,4.0,28220,MARCEAU (RUE),M,"48,4267700","1,4726300",28,2019,50.0,1.0,1.0,4.0,2153977,2.0,1,4,2,0.0,,-1.0, -1,1977.0,B01,138Â 296Â 665,1.0,0.0,-1.0,1644796,1.0,7,,0.0,2.0,4.0,B01,138Â 296Â 665,1.0
963703,201900005234,7,13,15:31,1,2,9,1.0,4.0,28220,MARCEAU (RUE),M,"48,4267700","1,4726300",28,2019,50.0,1.0,1.0,4.0,2153977,2.0,1,4,2,0.0,,-1.0, -1,1977.0,B01,138Â 296Â 665,1.0,0.0,-1.0,1644797,1.0,7,,0.0,2.0,1.0,A01,138Â 296Â 666,1.0
963703,201900005234,7,13,15:31,1,2,9,1.0,4.0,28220,MARCEAU (RUE),M,"48,4267700","1,4726300",28,2019,50.0,1.0,1.0,4.0,2153978,2.0,2,4,2,0.0,,-1.0, -1,2003.0,A01,138Â 296Â 666,1.0,0.0,-1.0,1644795,1.0,7,,0.0,2.0,4.0,C01,138Â 296Â 664,1.0
963703,201900005234,7,13,15:31,1,2,9,1.0,4.0,28220,MARCEAU (RUE),M,"48,4267700","1,4726300",28,2019,50.0,1.0,1.0,4.0,2153978,2.0,2,4,2,0.0,,-1.0, -1,2003.0,A01,138Â 296Â 666,1.0,0.0,-1.0,1644796,1.0,7,,0.0,2.0,4.0,B01,138Â 296Â 665,1.0
963703,201900005234,7,13,15:31,1,2,9,1.0,4.0,28220,MARCEAU (RUE),M,"48,4267700","1,4726300",28,2019,50.0,1.0,1.0,4.0,2153978,2.0,2,4,2,0.0,,-1.0, -1,2003.0,A01,138Â 296Â 666,1.0,0.0,-1.0,1644797,1.0,7,,0.0,2.0,1.0,A01,138Â 296Â 666,1.0
963703,201900005234,7,13,15:31,1,2,9,1.0,4.0,28220,MARCEAU (RUE),M,"48,4267700","1,4726300",28,2019,50.0,1.0,1.0,4.0,2153979,1.0,1,4,2,0.0,,-1.0, -1,1964.0,A01,138Â 296Â 666,1.0,0.0,-1.0,1644795,1.0,7,,0.0,2.0,4.0,C01,138Â 296Â 664,1.0
963703,201900005234,7,13,15:31,1,2,9,1.0,4.0,28220,MARCEAU (RUE),M,"48,4267700","1,4726300",28,2019,50.0,1.0,1.0,4.0,2153979,1.0,1,4,2,0.0,,-1.0, -1,1964.0,A01,138Â 296Â 666,1.0,0.0,-1.0,1644796,1.0,7,,0.0,2.0,4.0,B01,138Â 296Â 665,1.0
963703,201900005234,7,13,15:31,1,2,9,1.0,4.0,28220,MARCEAU (RUE),M,"48,4267700","1,4726300",28,2019,50.0,1.0,1.0,4.0,2153979,1.0,1,4,2,0.0,,-1.0, -1,1964.0,A01,138Â 296Â 666,1.0,0.0,-1.0,1644797,1.0,7,,0.0,2.0,1.0,A01,138Â 296Â 666,1.0
963704,201900005235,8,9,14:20,1,1,1,6.0,1.0,22187,ROUSSEAU (RUE),M,"48,5411200"," -2,8134700",22,2019,80.0,1.0,1.0,3.0,2153980,2.0,2,3,2,5.0,,0.0,0,1965.0,A01,138Â 296Â 662,8.0,0.0,-1.0,1644798,2.0,3,,0.0,2.0,1.0,A01,138Â 296Â 662,1.0