Unnamed: 0_x,num_acc,mois,jour,hrmn,lum,agg,int,atm,col,com,adr,gps,lat,long,dep,annee,vma,situ,surf,catr,Unnamed: 0_y,place,catu,grav,sexe,trajet,secu,locp,actp,an_nais,num_veh_x,id_vehicule_x,secu1,secu2,secu3,Unnamed: 0,senc,catv,occutc,obs,obsm,choc,num_veh_y,id_vehicule_y,motor
963704,201900005235,8,9,14:20,1,1,1,6.0,1.0,22187,ROUSSEAU (RUE),M,"48,5411200"," -2,8134700",22,2019,80.0,1.0,1.0,3.0,2153980,2.0,2,3,2,5.0,,0.0,0,1965.0,A01,138Â 296Â 662,8.0,0.0,-1.0,1644799,1.0,7,,0.0,2.0,1.0,B01,138Â 296Â 663,1.0
963704,201900005235,8,9,14:20,1,1,1,6.0,1.0,22187,ROUSSEAU (RUE),M,"48,5411200"," -2,8134700",22,2019,80.0,1.0,1.0,3.0,2153981,1.0,1,3,1,0.0,,0.0,0,1988.0,A01,138Â 296Â 662,8.0,0.0,-1.0,1644798,2.0,3,,0.0,2.0,1.0,A01,138Â 296Â 662,1.0
963704,201900005235,8,9,14:20,1,1,1,6.0,1.0,22187,ROUSSEAU (RUE),M,"48,5411200"," -2,8134700",22,2019,80.0,1.0,1.0,3.0,2153981,1.0,1,3,1,0.0,,0.0,0,1988.0,A01,138Â 296Â 662,8.0,0.0,-1.0,1644799,1.0,7,,0.0,2.0,1.0,B01,138Â 296Â 663,1.0
963704,201900005235,8,9,14:20,1,1,1,6.0,1.0,22187,ROUSSEAU (RUE),M,"48,5411200"," -2,8134700",22,2019,80.0,1.0,1.0,3.0,2153982,1.0,1,1,1,0.0,,0.0,0,1966.0,B01,138Â 296Â 663,8.0,0.0,-1.0,1644798,2.0,3,,0.0,2.0,1.0,A01,138Â 296Â 662,1.0
963704,201900005235,8,9,14:20,1,1,1,6.0,1.0,22187,ROUSSEAU (RUE),M,"48,5411200"," -2,8134700",22,2019,80.0,1.0,1.0,3.0,2153982,1.0,1,1,1,0.0,,0.0,0,1966.0,B01,138Â 296Â 663,8.0,0.0,-1.0,1644799,1.0,7,,0.0,2.0,1.0,B01,138Â 296Â 663,1.0
963705,201900005236,8,12,18:57,1,2,3,1.0,3.0,17300,REAUMUR   RUE,M,"46,1572400"," -1,1569100",17,2019,30.0,1.0,1.0,4.0,2153983,1.0,1,1,2,1.0,,0.0,0,1995.0,A01,138Â 296Â 660,1.0,8.0,-1.0,1644800,1.0,7,,0.0,2.0,3.0,A01,138Â 296Â 660,1.0
963705,201900005236,8,12,18:57,1,2,3,1.0,3.0,17300,REAUMUR   RUE,M,"46,1572400"," -1,1569100",17,2019,30.0,1.0,1.0,4.0,2153983,1.0,1,1,2,1.0,,0.0,0,1995.0,A01,138Â 296Â 660,1.0,8.0,-1.0,1644801,2.0,1,,0.0,2.0,7.0,B01,138Â 296Â 661,5.0
963705,201900005236,8,12,18:57,1,2,3,1.0,3.0,17300,REAUMUR   RUE,M,"46,1572400"," -1,1569100",17,2019,30.0,1.0,1.0,4.0,2153984,1.0,1,4,2,5.0,,0.0,0,2000.0,B01,138Â 296Â 661,8.0,0.0,-1.0,1644800,1.0,7,,0.0,2.0,3.0,A01,138Â 296Â 660,1.0
963705,201900005236,8,12,18:57,1,2,3,1.0,3.0,17300,REAUMUR   RUE,M,"46,1572400"," -1,1569100",17,2019,30.0,1.0,1.0,4.0,2153984,1.0,1,4,2,5.0,,0.0,0,2000.0,B01,138Â 296Â 661,8.0,0.0,-1.0,1644801,2.0,1,,0.0,2.0,7.0,B01,138Â 296Â 661,5.0
963706,201900005237,8,12,18:10,1,2,1,1.0,3.0,17300,LECLERC   AVENUE DU GENERAL,M,"46,1599300"," -1,1676100",17,2019,50.0,1.0,1.0,4.0,2153985,1.0,1,4,1,0.0,,0.0,0,2006.0,B01,138Â 296Â 658,2.0,0.0,-1.0,1644802,2.0,1,,0.0,2.0,1.0,B01,138Â 296Â 658,5.0
963706,201900005237,8,12,18:10,1,2,1,1.0,3.0,17300,LECLERC   AVENUE DU GENERAL,M,"46,1599300"," -1,1676100",17,2019,50.0,1.0,1.0,4.0,2153985,1.0,1,4,1,0.0,,0.0,0,2006.0,B01,138Â 296Â 658,2.0,0.0,-1.0,1644803,1.0,7,,0.0,2.0,7.0,A01,138Â 296Â 659,1.0
963706,201900005237,8,12,18:10,1,2,1,1.0,3.0,17300,LECLERC   AVENUE DU GENERAL,M,"46,1599300"," -1,1676100",17,2019,50.0,1.0,1.0,4.0,2153986,1.0,1,1,1,0.0,,0.0,0,1947.0,A01,138Â 296Â 659,1.0,0.0,-1.0,1644802,2.0,1,,0.0,2.0,1.0,B01,138Â 296Â 658,5.0
963706,201900005237,8,12,18:10,1,2,1,1.0,3.0,17300,LECLERC   AVENUE DU GENERAL,M,"46,1599300"," -1,1676100",17,2019,50.0,1.0,1.0,4.0,2153986,1.0,1,1,1,0.0,,0.0,0,1947.0,A01,138Â 296Â 659,1.0,0.0,-1.0,1644803,1.0,7,,0.0,2.0,7.0,A01,138Â 296Â 659,1.0
963707,201900005238,8,9,16:50,1,2,2,1.0,3.0,15014,MONRAISSE (AVENUE DU COMMANDANT),M,"44,9133700","2,4331500",15,2019,50.0,1.0,1.0,2.0,2153987,1.0,1,1,1,0.0,,0.0,0,1968.0,B01,138Â 296Â 656,8.0,0.0,-1.0,1644804,2.0,10,,0.0,2.0,1.0,B01,138Â 296Â 656,1.0
963707,201900005238,8,9,16:50,1,2,2,1.0,3.0,15014,MONRAISSE (AVENUE DU COMMANDANT),M,"44,9133700","2,4331500",15,2019,50.0,1.0,1.0,2.0,2153987,1.0,1,1,1,0.0,,0.0,0,1968.0,B01,138Â 296Â 656,8.0,0.0,-1.0,1644805,1.0,7,,0.0,2.0,3.0,A01,138Â 296Â 657,1.0
963707,201900005238,8,9,16:50,1,2,2,1.0,3.0,15014,MONRAISSE (AVENUE DU COMMANDANT),M,"44,9133700","2,4331500",15,2019,50.0,1.0,1.0,2.0,2153988,1.0,1,1,1,9.0,,0.0,0,1956.0,A01,138Â 296Â 657,1.0,0.0,-1.0,1644804,2.0,10,,0.0,2.0,1.0,B01,138Â 296Â 656,1.0
963707,201900005238,8,9,16:50,1,2,2,1.0,3.0,15014,MONRAISSE (AVENUE DU COMMANDANT),M,"44,9133700","2,4331500",15,2019,50.0,1.0,1.0,2.0,2153988,1.0,1,1,1,9.0,,0.0,0,1956.0,A01,138Â 296Â 657,1.0,0.0,-1.0,1644805,1.0,7,,0.0,2.0,3.0,A01,138Â 296Â 657,1.0
963707,201900005238,8,9,16:50,1,2,2,1.0,3.0,15014,MONRAISSE (AVENUE DU COMMANDANT),M,"44,9133700","2,4331500",15,2019,50.0,1.0,1.0,2.0,2153989,2.0,2,4,2,9.0,,0.0,0,1956.0,A01,138Â 296Â 657,1.0,0.0,-1.0,1644804,2.0,10,,0.0,2.0,1.0,B01,138Â 296Â 656,1.0
963707,201900005238,8,9,16:50,1,2,2,1.0,3.0,15014,MONRAISSE (AVENUE DU COMMANDANT),M,"44,9133700","2,4331500",15,2019,50.0,1.0,1.0,2.0,2153989,2.0,2,4,2,9.0,,0.0,0,1956.0,A01,138Â 296Â 657,1.0,0.0,-1.0,1644805,1.0,7,,0.0,2.0,3.0,A01,138Â 296Â 657,1.0
963708,201900005239,8,12,15:45,1,2,4,1.0,6.0,14079,MICHEL D'ORNANO (AVENUE),M,"49,3409900","0,0331000",14,2019,50.0,1.0,2.0,3.0,2153990,1.0,1,4,1,-1.0,,0.0,0,1998.0,C01,138Â 296Â 654,2.0,6.0,9.0,1644806,2.0,30,,0.0,2.0,1.0,C01,138Â 296Â 654,-1.0
963708,201900005239,8,12,15:45,1,2,4,1.0,6.0,14079,MICHEL D'ORNANO (AVENUE),M,"49,3409900","0,0331000",14,2019,50.0,1.0,2.0,3.0,2153990,1.0,1,4,1,-1.0,,0.0,0,1998.0,C01,138Â 296Â 654,2.0,6.0,9.0,1644807,1.0,7,,0.0,0.0,0.0,B01,138Â 296Â 655,1.0
963708,201900005239,8,12,15:45,1,2,4,1.0,6.0,14079,MICHEL D'ORNANO (AVENUE),M,"49,3409900","0,0331000",14,2019,50.0,1.0,2.0,3.0,2153991,1.0,1,1,1,0.0,,0.0,0,1947.0,B01,138Â 296Â 655,1.0,0.0,-1.0,1644806,2.0,30,,0.0,2.0,1.0,C01,138Â 296Â 654,-1.0
963708,201900005239,8,12,15:45,1,2,4,1.0,6.0,14079,MICHEL D'ORNANO (AVENUE),M,"49,3409900","0,0331000",14,2019,50.0,1.0,2.0,3.0,2153991,1.0,1,1,1,0.0,,0.0,0,1947.0,B01,138Â 296Â 655,1.0,0.0,-1.0,1644807,1.0,7,,0.0,0.0,0.0,B01,138Â 296Â 655,1.0
963709,201900005240,8,8,09:15,1,2,2,1.0,3.0,14118,FALAISE (RUE DE -144),M,"49,1725400"," -0,3545200",14,2019,50.0,1.0,1.0,4.0,2153992,1.0,1,1,1,1.0,,0.0,0,1970.0,B01,138Â 296Â 652,1.0,0.0,-1.0,1644808,3.0,7,,0.0,2.0,2.0,B01,138Â 296Â 652,1.0
963709,201900005240,8,8,09:15,1,2,2,1.0,3.0,14118,FALAISE (RUE DE -144),M,"49,1725400"," -0,3545200",14,2019,50.0,1.0,1.0,4.0,2153992,1.0,1,1,1,1.0,,0.0,0,1970.0,B01,138Â 296Â 652,1.0,0.0,-1.0,1644809,3.0,1,,0.0,2.0,1.0,A01,138Â 296Â 653,5.0
963709,201900005240,8,8,09:15,1,2,2,1.0,3.0,14118,FALAISE (RUE DE -144),M,"49,1725400"," -0,3545200",14,2019,50.0,1.0,1.0,4.0,2153993,1.0,1,4,1,5.0,,0.0,0,1978.0,A01,138Â 296Â 653,8.0,0.0,-1.0,1644808,3.0,7,,0.0,2.0,2.0,B01,138Â 296Â 652,1.0
963709,201900005240,8,8,09:15,1,2,2,1.0,3.0,14118,FALAISE (RUE DE -144),M,"49,1725400"," -0,3545200",14,2019,50.0,1.0,1.0,4.0,2153993,1.0,1,4,1,5.0,,0.0,0,1978.0,A01,138Â 296Â 653,8.0,0.0,-1.0,1644809,3.0,1,,0.0,2.0,1.0,A01,138Â 296Â 653,5.0
963710,201900005241,8,12,18:20,1,2,1,1.0,3.0,13211,AUDIENCE (RUE DE L'),M,"43,2953800","5,4889200",13,2019,50.0,1.0,1.0,7.0,2153994,1.0,1,1,2,5.0,,-1.0, -1,1932.0,B01,138Â 296Â 650,1.0,0.0,-1.0,1644810,1.0,7,,0.0,2.0,2.0,B01,138Â 296Â 650,1.0
963710,201900005241,8,12,18:20,1,2,1,1.0,3.0,13211,AUDIENCE (RUE DE L'),M,"43,2953800","5,4889200",13,2019,50.0,1.0,1.0,7.0,2153994,1.0,1,1,2,5.0,,-1.0, -1,1932.0,B01,138Â 296Â 650,1.0,0.0,-1.0,1644811,2.0,34,,0.0,2.0,1.0,A01,138Â 296Â 651,1.0
963710,201900005241,8,12,18:20,1,2,1,1.0,3.0,13211,AUDIENCE (RUE DE L'),M,"43,2953800","5,4889200",13,2019,50.0,1.0,1.0,7.0,2153995,1.0,1,3,1,1.0,,-1.0, -1,1981.0,A01,138Â 296Â 651,2.0,0.0,-1.0,1644810,1.0,7,,0.0,2.0,2.0,B01,138Â 296Â 650,1.0
963710,201900005241,8,12,18:20,1,2,1,1.0,3.0,13211,AUDIENCE (RUE DE L'),M,"43,2953800","5,4889200",13,2019,50.0,1.0,1.0,7.0,2153995,1.0,1,3,1,1.0,,-1.0, -1,1981.0,A01,138Â 296Â 651,2.0,0.0,-1.0,1644811,2.0,34,,0.0,2.0,1.0,A01,138Â 296Â 651,1.0
963711,201900005242,8,12,16:05,1,2,3,1.0,3.0,13215,SAINT LOUIS (AVENUE DE),M,"43,3440610","5,3594490",13,2019,50.0,1.0,1.0,4.0,2153996,1.0,1,1,1,5.0,,-1.0,0,1983.0,A01,138Â 296Â 648,1.0,0.0,-1.0,1644812,2.0,7,,0.0,2.0,2.0,A01,138Â 296Â 648,0.0
963711,201900005242,8,12,16:05,1,2,3,1.0,3.0,13215,SAINT LOUIS (AVENUE DE),M,"43,3440610","5,3594490",13,2019,50.0,1.0,1.0,4.0,2153996,1.0,1,1,1,5.0,,-1.0,0,1983.0,A01,138Â 296Â 648,1.0,0.0,-1.0,1644813,1.0,1,,0.0,2.0,1.0,B01,138Â 296Â 649,0.0
963711,201900005242,8,12,16:05,1,2,3,1.0,3.0,13215,SAINT LOUIS (AVENUE DE),M,"43,3440610","5,3594490",13,2019,50.0,1.0,1.0,4.0,2153997,1.0,1,3,1,0.0,,-1.0,0,1965.0,B01,138Â 296Â 649,8.0,0.0,-1.0,1644812,2.0,7,,0.0,2.0,2.0,A01,138Â 296Â 648,0.0
963711,201900005242,8,12,16:05,1,2,3,1.0,3.0,13215,SAINT LOUIS (AVENUE DE),M,"43,3440610","5,3594490",13,2019,50.0,1.0,1.0,4.0,2153997,1.0,1,3,1,0.0,,-1.0,0,1965.0,B01,138Â 296Â 649,8.0,0.0,-1.0,1644813,1.0,1,,0.0,2.0,1.0,B01,138Â 296Â 649,0.0
963712,201900005243,8,12,12:15,1,2,1,1.0,3.0,13209,JOSEPH AIGUIER (CHEMIN),M,"43,2523900","5,4101200",13,2019,50.0,1.0,1.0,4.0,2153998,1.0,1,4,1,0.0,,0.0,0,2006.0,A01,138Â 296Â 646,8.0,0.0,-1.0,1644814,2.0,50,,0.0,2.0,8.0,A01,138Â 296Â 646,3.0
963712,201900005243,8,12,12:15,1,2,1,1.0,3.0,13209,JOSEPH AIGUIER (CHEMIN),M,"43,2523900","5,4101200",13,2019,50.0,1.0,1.0,4.0,2153998,1.0,1,4,1,0.0,,0.0,0,2006.0,A01,138Â 296Â 646,8.0,0.0,-1.0,1644815,1.0,7,,0.0,6.0,2.0,B01,138Â 296Â 647,1.0
963712,201900005243,8,12,12:15,1,2,1,1.0,3.0,13209,JOSEPH AIGUIER (CHEMIN),M,"43,2523900","5,4101200",13,2019,50.0,1.0,1.0,4.0,2153999,1.0,1,1,1,4.0,,0.0,0,1982.0,B01,138Â 296Â 647,1.0,0.0,-1.0,1644814,2.0,50,,0.0,2.0,8.0,A01,138Â 296Â 646,3.0
963712,201900005243,8,12,12:15,1,2,1,1.0,3.0,13209,JOSEPH AIGUIER (CHEMIN),M,"43,2523900","5,4101200",13,2019,50.0,1.0,1.0,4.0,2153999,1.0,1,1,1,4.0,,0.0,0,1982.0,B01,138Â 296Â 647,1.0,0.0,-1.0,1644815,1.0,7,,0.0,6.0,2.0,B01,138Â 296Â 647,1.0
963713,201900005244,8,12,11:40,1,2,2,1.0,3.0,13201,JULES GUESDE (PLACE),M,"43,3015070","5,3739550",13,2019,50.0,1.0,1.0,4.0,2154000,1.0,1,3,1,9.0,,0.0,0,1975.0,A01,138Â 296Â 645,8.0,0.0,-1.0,1644816,1.0,7,,0.0,2.0,1.0,B01,138Â 296Â 644,1.0
963713,201900005244,8,12,11:40,1,2,2,1.0,3.0,13201,JULES GUESDE (PLACE),M,"43,3015070","5,3739550",13,2019,50.0,1.0,1.0,4.0,2154000,1.0,1,3,1,9.0,,0.0,0,1975.0,A01,138Â 296Â 645,8.0,0.0,-1.0,1644817,1.0,50,,0.0,2.0,2.0,A01,138Â 296Â 645,3.0
963714,201900005245,8,12,18:30,1,1,3,1.0,3.0,13005,SOLLANS (CHEMIN DES),M,"43,3072800","5,5735100",13,2019,50.0,-1.0,1.0,3.0,2154001,1.0,1,4,2,0.0,,-1.0, -1,1997.0,A01,138Â 296Â 642,1.0,0.0,-1.0,1644818,1.0,7,,0.0,2.0,1.0,A01,138Â 296Â 642,1.0
963714,201900005245,8,12,18:30,1,1,3,1.0,3.0,13005,SOLLANS (CHEMIN DES),M,"43,3072800","5,5735100",13,2019,50.0,-1.0,1.0,3.0,2154001,1.0,1,4,2,0.0,,-1.0, -1,1997.0,A01,138Â 296Â 642,1.0,0.0,-1.0,1644819,1.0,7,,0.0,2.0,2.0,B01,138Â 296Â 643,1.0
963714,201900005245,8,12,18:30,1,1,3,1.0,3.0,13005,SOLLANS (CHEMIN DES),M,"43,3072800","5,5735100",13,2019,50.0,-1.0,1.0,3.0,2154002,1.0,1,4,2,0.0,,-1.0, -1,2001.0,B01,138Â 296Â 643,1.0,0.0,-1.0,1644818,1.0,7,,0.0,2.0,1.0,A01,138Â 296Â 642,1.0
963714,201900005245,8,12,18:30,1,1,3,1.0,3.0,13005,SOLLANS (CHEMIN DES),M,"43,3072800","5,5735100",13,2019,50.0,-1.0,1.0,3.0,2154002,1.0,1,4,2,0.0,,-1.0, -1,2001.0,B01,138Â 296Â 643,1.0,0.0,-1.0,1644819,1.0,7,,0.0,2.0,2.0,B01,138Â 296Â 643,1.0
963715,201900005246,8,11,22:10,5,2,6,1.0,6.0,13005,CAMP DE SARLIER ROUTE DE GEMENOS,M,"43,2979500","5,5908400",13,2019,50.0,1.0,1.0,3.0,2154003,1.0,1,4,1,4.0,,0.0,0,2002.0,A01,138Â 296Â 640,2.0,8.0,-1.0,1644820,1.0,32,,0.0,2.0,0.0,A01,138Â 296Â 640,1.0
963715,201900005246,8,11,22:10,5,2,6,1.0,6.0,13005,CAMP DE SARLIER ROUTE DE GEMENOS,M,"43,2979500","5,5908400",13,2019,50.0,1.0,1.0,3.0,2154003,1.0,1,4,1,4.0,,0.0,0,2002.0,A01,138Â 296Â 640,2.0,8.0,-1.0,1644821,2.0,7,,0.0,0.0,0.0,B01,138Â 296Â 641,1.0
963715,201900005246,8,11,22:10,5,2,6,1.0,6.0,13005,CAMP DE SARLIER ROUTE DE GEMENOS,M,"43,2979500","5,5908400",13,2019,50.0,1.0,1.0,3.0,2154004,1.0,1,1,1,5.0,,0.0,0,1970.0,B01,138Â 296Â 641,1.0,0.0,-1.0,1644820,1.0,32,,0.0,2.0,0.0,A01,138Â 296Â 640,1.0
963715,201900005246,8,11,22:10,5,2,6,1.0,6.0,13005,CAMP DE SARLIER ROUTE DE GEMENOS,M,"43,2979500","5,5908400",13,2019,50.0,1.0,1.0,3.0,2154004,1.0,1,1,1,5.0,,0.0,0,1970.0,B01,138Â 296Â 641,1.0,0.0,-1.0,1644821,2.0,7,,0.0,0.0,0.0,B01,138Â 296Â 641,1.0
963716,201900005247,8,12,16:30,1,2,3,1.0,1.0,07331,ANTRAIGUES ( RUE),M,"44,6791820","4,3673600",7,2019,50.0,1.0,1.0,3.0,2154005,2.0,2,3,2,5.0,,-1.0, -1,1963.0,B01,138Â 296Â 638,2.0,6.0,-1.0,1644822,1.0,33,,0.0,2.0,1.0,B01,138Â 296Â 638,1.0
963716,201900005247,8,12,16:30,1,2,3,1.0,1.0,07331,ANTRAIGUES ( RUE),M,"44,6791820","4,3673600",7,2019,50.0,1.0,1.0,3.0,2154005,2.0,2,3,2,5.0,,-1.0, -1,1963.0,B01,138Â 296Â 638,2.0,6.0,-1.0,1644823,2.0,7,,0.0,2.0,1.0,A01,138Â 296Â 639,1.0
963716,201900005247,8,12,16:30,1,2,3,1.0,1.0,07331,ANTRAIGUES ( RUE),M,"44,6791820","4,3673600",7,2019,50.0,1.0,1.0,3.0,2154006,1.0,1,4,1,5.0,,-1.0, -1,1960.0,B01,138Â 296Â 638,2.0,6.0,-1.0,1644822,1.0,33,,0.0,2.0,1.0,B01,138Â 296Â 638,1.0
963716,201900005247,8,12,16:30,1,2,3,1.0,1.0,07331,ANTRAIGUES ( RUE),M,"44,6791820","4,3673600",7,2019,50.0,1.0,1.0,3.0,2154006,1.0,1,4,1,5.0,,-1.0, -1,1960.0,B01,138Â 296Â 638,2.0,6.0,-1.0,1644823,2.0,7,,0.0,2.0,1.0,A01,138Â 296Â 639,1.0
963716,201900005247,8,12,16:30,1,2,3,1.0,1.0,07331,ANTRAIGUES ( RUE),M,"44,6791820","4,3673600",7,2019,50.0,1.0,1.0,3.0,2154007,2.0,2,1,2,5.0,,-1.0, -1,1945.0,A01,138Â 296Â 639,1.0,0.0,-1.0,1644822,1.0,33,,0.0,2.0,1.0,B01,138Â 296Â 638,1.0
963716,201900005247,8,12,16:30,1,2,3,1.0,1.0,07331,ANTRAIGUES ( RUE),M,"44,6791820","4,3673600",7,2019,50.0,1.0,1.0,3.0,2154007,2.0,2,1,2,5.0,,-1.0, -1,1945.0,A01,138Â 296Â 639,1.0,0.0,-1.0,1644823,2.0,7,,0.0,2.0,1.0,A01,138Â 296Â 639,1.0
963716,201900005247,8,12,16:30,1,2,3,1.0,1.0,07331,ANTRAIGUES ( RUE),M,"44,6791820","4,3673600",7,2019,50.0,1.0,1.0,3.0,2154008,1.0,1,1,1,5.0,,-1.0, -1,1942.0,A01,138Â 296Â 639,1.0,0.0,-1.0,1644822,1.0,33,,0.0,2.0,1.0,B01,138Â 296Â 638,1.0
963716,201900005247,8,12,16:30,1,2,3,1.0,1.0,07331,ANTRAIGUES ( RUE),M,"44,6791820","4,3673600",7,2019,50.0,1.0,1.0,3.0,2154008,1.0,1,1,1,5.0,,-1.0, -1,1942.0,A01,138Â 296Â 639,1.0,0.0,-1.0,1644823,2.0,7,,0.0,2.0,1.0,A01,138Â 296Â 639,1.0
963717,201900005248,8,12,11:59,1,2,4,1.0,3.0,06088,COLOMARS (ROUTE DE),M,"43,7515114","7,2008210",6,2019,50.0,1.0,1.0,7.0,2154009,1.0,1,1,2,0.0,,0.0,0,1992.0,A01,138Â 296Â 636,1.0,0.0,-1.0,1644824,0.0,7,,0.0,2.0,7.0,A01,138Â 296Â 636,1.0
963717,201900005248,8,12,11:59,1,2,4,1.0,3.0,06088,COLOMARS (ROUTE DE),M,"43,7515114","7,2008210",6,2019,50.0,1.0,1.0,7.0,2154009,1.0,1,1,2,0.0,,0.0,0,1992.0,A01,138Â 296Â 636,1.0,0.0,-1.0,1644825,1.0,2,,0.0,2.0,1.0,B01,138Â 296Â 637,1.0
963717,201900005248,8,12,11:59,1,2,4,1.0,3.0,06088,COLOMARS (ROUTE DE),M,"43,7515114","7,2008210",6,2019,50.0,1.0,1.0,7.0,2154010,1.0,1,3,1,0.0,,0.0,0,1987.0,B01,138Â 296Â 637,2.0,6.0,-1.0,1644824,0.0,7,,0.0,2.0,7.0,A01,138Â 296Â 636,1.0
963717,201900005248,8,12,11:59,1,2,4,1.0,3.0,06088,COLOMARS (ROUTE DE),M,"43,7515114","7,2008210",6,2019,50.0,1.0,1.0,7.0,2154010,1.0,1,3,1,0.0,,0.0,0,1987.0,B01,138Â 296Â 637,2.0,6.0,-1.0,1644825,1.0,2,,0.0,2.0,1.0,B01,138Â 296Â 637,1.0
963718,201900005249,8,12,11:45,1,2,1,1.0,6.0,06027,TILLEULS ALLEE DES,M,"43,6611883","7,1531695",6,2019,50.0,1.0,1.0,4.0,2154011,1.0,1,4,1,4.0,,0.0,0,1998.0,A01,138Â 296Â 635,1.0,8.0,-1.0,1644826,3.0,10,,9.0,0.0,1.0,A01,138Â 296Â 635,1.0
963718,201900005249,8,12,11:45,1,2,1,1.0,6.0,06027,TILLEULS ALLEE DES,M,"43,6611883","7,1531695",6,2019,50.0,1.0,1.0,4.0,2154012,2.0,2,4,2,5.0,,0.0,0,2001.0,A01,138Â 296Â 635,1.0,8.0,-1.0,1644826,3.0,10,,9.0,0.0,1.0,A01,138Â 296Â 635,1.0
963719,201900005250,8,12,05:17,5,2,1,1.0,6.0,75113,QUAI D IVRY,M,"48,8253550","2,3882150",75,2019,50.0,5.0,1.0,4.0,2154013,4.0,2,4,1,5.0,,0.0,0,1991.0,Z01,138Â 296Â 634,1.0,0.0,-1.0,1644827,1.0,7,,2.0,0.0,2.0,Z01,138Â 296Â 634,1.0
963719,201900005250,8,12,05:17,5,2,1,1.0,6.0,75113,QUAI D IVRY,M,"48,8253550","2,3882150",75,2019,50.0,5.0,1.0,4.0,2154014,2.0,2,3,1,5.0,,0.0,0,1990.0,Z01,138Â 296Â 634,1.0,0.0,-1.0,1644827,1.0,7,,2.0,0.0,2.0,Z01,138Â 296Â 634,1.0
963720,201900005251,8,11,17:23,1,2,1,1.0,6.0,75110,QUAI DE VALMY,M,"48,8757838","2,3637691",75,2019,30.0,1.0,1.0,4.0,2154015,1.0,1,3,1,9.0,,0.0,0,1997.0,A01,138Â 296Â 633,2.0,6.0,-1.0,1644828,1.0,33,,1.0,0.0,1.0,A01,138Â 296Â 633,1.0
963721,201900005252,8,11,04:50,1,2,2,1.0,6.0,75110,RUE DU FAUBOURG DU TEMPLE,M,"48,8705694","2,3728933",75,2019,30.0,1.0,1.0,4.0,2154016,1.0,1,1,1,4.0,,0.0,0,1972.0,A01,138Â 296Â 632,1.0,0.0,-1.0,1644829,1.0,37,1.0,0.0,1.0,1.0,A01,138Â 296Â 632,2.0
963721,201900005252,8,11,04:50,1,2,2,1.0,6.0,75110,RUE DU FAUBOURG DU TEMPLE,M,"48,8705694","2,3728933",75,2019,30.0,1.0,1.0,4.0,2154017,10.0,3,2,1,0.0,,2.0,3,1985.0,A01,138Â 296Â 632,0.0,0.0,0.0,1644829,1.0,37,1.0,0.0,1.0,1.0,A01,138Â 296Â 632,2.0
963722,201900005253,8,12,19:15,1,2,3,1.0,3.0,75114,BOULEVARD DU MONTPARNASSE,M,"48,8405640","2,3336774",75,2019,50.0,6.0,1.0,4.0,2154018,1.0,1,1,1,1.0,,0.0,0,2000.0,B01,138Â 296Â 630,1.0,0.0,-1.0,1644830,1.0,7,,0.0,2.0,2.0,B01,138Â 296Â 630,1.0
963722,201900005253,8,12,19:15,1,2,3,1.0,3.0,75114,BOULEVARD DU MONTPARNASSE,M,"48,8405640","2,3336774",75,2019,50.0,6.0,1.0,4.0,2154018,1.0,1,1,1,1.0,,0.0,0,2000.0,B01,138Â 296Â 630,1.0,0.0,-1.0,1644831,1.0,33,,0.0,2.0,3.0,A01,138Â 296Â 631,1.0
963722,201900005253,8,12,19:15,1,2,3,1.0,3.0,75114,BOULEVARD DU MONTPARNASSE,M,"48,8405640","2,3336774",75,2019,50.0,6.0,1.0,4.0,2154019,1.0,1,4,1,5.0,,0.0,0,1998.0,A01,138Â 296Â 631,2.0,6.0,-1.0,1644830,1.0,7,,0.0,2.0,2.0,B01,138Â 296Â 630,1.0
963722,201900005253,8,12,19:15,1,2,3,1.0,3.0,75114,BOULEVARD DU MONTPARNASSE,M,"48,8405640","2,3336774",75,2019,50.0,6.0,1.0,4.0,2154019,1.0,1,4,1,5.0,,0.0,0,1998.0,A01,138Â 296Â 631,2.0,6.0,-1.0,1644831,1.0,33,,0.0,2.0,3.0,A01,138Â 296Â 631,1.0
963722,201900005253,8,12,19:15,1,2,3,1.0,3.0,75114,BOULEVARD DU MONTPARNASSE,M,"48,8405640","2,3336774",75,2019,50.0,6.0,1.0,4.0,2154020,2.0,2,1,1,5.0,,0.0,0,1999.0,A01,138Â 296Â 631,2.0,6.0,-1.0,1644830,1.0,7,,0.0,2.0,2.0,B01,138Â 296Â 630,1.0
963722,201900005253,8,12,19:15,1,2,3,1.0,3.0,75114,BOULEVARD DU MONTPARNASSE,M,"48,8405640","2,3336774",75,2019,50.0,6.0,1.0,4.0,2154020,2.0,2,1,1,5.0,,0.0,0,1999.0,A01,138Â 296Â 631,2.0,6.0,-1.0,1644831,1.0,33,,0.0,2.0,3.0,A01,138Â 296Â 631,1.0
963723,201900005254,8,11,23:45,5,2,3,1.0,6.0,75108,AVENUE DES CHAMPS ELYSEES,M,"48,8710876","2,3034865",75,2019,50.0,1.0,1.0,4.0,2154021,1.0,1,1,2,4.0,,0.0,0,1971.0,B01,138Â 296Â 628,1.0,0.0,-1.0,1644832,1.0,7,,0.0,1.0,1.0,B01,138Â 296Â 628,1.0
963723,201900005254,8,11,23:45,5,2,3,1.0,6.0,75108,AVENUE DES CHAMPS ELYSEES,M,"48,8710876","2,3034865",75,2019,50.0,1.0,1.0,4.0,2154021,1.0,1,1,2,4.0,,0.0,0,1971.0,B01,138Â 296Â 628,1.0,0.0,-1.0,1644833,1.0,7,,0.0,2.0,4.0,A01,138Â 296Â 629,0.0