Unnamed: 0_x,num_acc,mois,jour,hrmn,lum,agg,int,atm,col,com,adr,gps,lat,long,dep,annee,vma,situ,surf,catr,Unnamed: 0_y,place,catu,grav,sexe,trajet,secu,locp,actp,an_nais,num_veh_x,id_vehicule_x,secu1,secu2,secu3,Unnamed: 0,senc,catv,occutc,obs,obsm,choc,num_veh_y,id_vehicule_y,motor
963723,201900005254,8,11,23:45,5,2,3,1.0,6.0,75108,AVENUE DES CHAMPS ELYSEES,M,"48,8710876","2,3034865",75,2019,50.0,1.0,1.0,4.0,2154022,1.0,1,1,1,1.0,,0.0,0,1989.0,A01,138Â 296Â 629,1.0,0.0,-1.0,1644832,1.0,7,,0.0,1.0,1.0,B01,138Â 296Â 628,1.0
963723,201900005254,8,11,23:45,5,2,3,1.0,6.0,75108,AVENUE DES CHAMPS ELYSEES,M,"48,8710876","2,3034865",75,2019,50.0,1.0,1.0,4.0,2154022,1.0,1,1,1,1.0,,0.0,0,1989.0,A01,138Â 296Â 629,1.0,0.0,-1.0,1644833,1.0,7,,0.0,2.0,4.0,A01,138Â 296Â 629,0.0
963723,201900005254,8,11,23:45,5,2,3,1.0,6.0,75108,AVENUE DES CHAMPS ELYSEES,M,"48,8710876","2,3034865",75,2019,50.0,1.0,1.0,4.0,2154023,10.0,3,4,1,0.0,,4.0,3,1990.0,A01,138Â 296Â 629,0.0,0.0,0.0,1644832,1.0,7,,0.0,1.0,1.0,B01,138Â 296Â 628,1.0
963723,201900005254,8,11,23:45,5,2,3,1.0,6.0,75108,AVENUE DES CHAMPS ELYSEES,M,"48,8710876","2,3034865",75,2019,50.0,1.0,1.0,4.0,2154023,10.0,3,4,1,0.0,,4.0,3,1990.0,A01,138Â 296Â 629,0.0,0.0,0.0,1644833,1.0,7,,0.0,2.0,4.0,A01,138Â 296Â 629,0.0
963724,201900005255,8,11,20:30,2,2,2,1.0,3.0,75104,QUAI DE L HOTEL DE VILLE,M,"48,8559016","2,3511620",75,2019,50.0,1.0,1.0,4.0,2154024,1.0,1,1,1,5.0,,0.0,0,1960.0,B01,138Â 296Â 626,1.0,0.0,-1.0,1644834,2.0,7,,0.0,2.0,2.0,B01,138Â 296Â 626,0.0
963724,201900005255,8,11,20:30,2,2,2,1.0,3.0,75104,QUAI DE L HOTEL DE VILLE,M,"48,8559016","2,3511620",75,2019,50.0,1.0,1.0,4.0,2154024,1.0,1,1,1,5.0,,0.0,0,1960.0,B01,138Â 296Â 626,1.0,0.0,-1.0,1644835,1.0,50,,0.0,2.0,1.0,A01,138Â 296Â 627,3.0
963724,201900005255,8,11,20:30,2,2,2,1.0,3.0,75104,QUAI DE L HOTEL DE VILLE,M,"48,8559016","2,3511620",75,2019,50.0,1.0,1.0,4.0,2154025,1.0,1,4,2,5.0,,0.0,0,1992.0,A01,138Â 296Â 627,2.0,0.0,-1.0,1644834,2.0,7,,0.0,2.0,2.0,B01,138Â 296Â 626,0.0
963724,201900005255,8,11,20:30,2,2,2,1.0,3.0,75104,QUAI DE L HOTEL DE VILLE,M,"48,8559016","2,3511620",75,2019,50.0,1.0,1.0,4.0,2154025,1.0,1,4,2,5.0,,0.0,0,1992.0,A01,138Â 296Â 627,2.0,0.0,-1.0,1644835,1.0,50,,0.0,2.0,1.0,A01,138Â 296Â 627,3.0
963725,201900005256,8,12,09:45,1,2,1,1.0,1.0,94080,LAGNY (R DE),M,"48,8491500","2,4200000",94,2019,50.0,1.0,1.0,4.0,2154026,2.0,1,4,2,5.0,,-1.0,0,1985.0,B01,138Â 296Â 624,8.0,0.0,-1.0,1644836,2.0,1,,0.0,2.0,1.0,B01,138Â 296Â 624,0.0
963725,201900005256,8,12,09:45,1,2,1,1.0,1.0,94080,LAGNY (R DE),M,"48,8491500","2,4200000",94,2019,50.0,1.0,1.0,4.0,2154026,2.0,1,4,2,5.0,,-1.0,0,1985.0,B01,138Â 296Â 624,8.0,0.0,-1.0,1644837,1.0,10,,0.0,6.0,1.0,A01,138Â 296Â 625,0.0
963725,201900005256,8,12,09:45,1,2,1,1.0,1.0,94080,LAGNY (R DE),M,"48,8491500","2,4200000",94,2019,50.0,1.0,1.0,4.0,2154027,1.0,1,1,1,4.0,,-1.0,0,1982.0,A01,138Â 296Â 625,1.0,8.0,-1.0,1644836,2.0,1,,0.0,2.0,1.0,B01,138Â 296Â 624,0.0
963725,201900005256,8,12,09:45,1,2,1,1.0,1.0,94080,LAGNY (R DE),M,"48,8491500","2,4200000",94,2019,50.0,1.0,1.0,4.0,2154027,1.0,1,1,1,4.0,,-1.0,0,1982.0,A01,138Â 296Â 625,1.0,8.0,-1.0,1644837,1.0,10,,0.0,6.0,1.0,A01,138Â 296Â 625,0.0
963726,201900005257,8,11,00:24,5,2,3,1.0,3.0,94034,DIVISION LECLERC (AV DE LA),M,"48,7590000","2,3246000",94,2019,50.0,3.0,1.0,3.0,2154028,1.0,1,4,1,5.0,,-1.0, -1,1997.0,A01,138Â 296Â 622,1.0,0.0,-1.0,1644838,1.0,7,,0.0,2.0,2.0,A01,138Â 296Â 622,1.0
963726,201900005257,8,11,00:24,5,2,3,1.0,3.0,94034,DIVISION LECLERC (AV DE LA),M,"48,7590000","2,3246000",94,2019,50.0,3.0,1.0,3.0,2154028,1.0,1,4,1,5.0,,-1.0, -1,1997.0,A01,138Â 296Â 622,1.0,0.0,-1.0,1644839,2.0,7,,0.0,2.0,3.0,B01,138Â 296Â 623,1.0
963726,201900005257,8,11,00:24,5,2,3,1.0,3.0,94034,DIVISION LECLERC (AV DE LA),M,"48,7590000","2,3246000",94,2019,50.0,3.0,1.0,3.0,2154029,2.0,2,4,2,5.0,,0.0,0,1991.0,B01,138Â 296Â 623,1.0,8.0,-1.0,1644838,1.0,7,,0.0,2.0,2.0,A01,138Â 296Â 622,1.0
963726,201900005257,8,11,00:24,5,2,3,1.0,3.0,94034,DIVISION LECLERC (AV DE LA),M,"48,7590000","2,3246000",94,2019,50.0,3.0,1.0,3.0,2154029,2.0,2,4,2,5.0,,0.0,0,1991.0,B01,138Â 296Â 623,1.0,8.0,-1.0,1644839,2.0,7,,0.0,2.0,3.0,B01,138Â 296Â 623,1.0
963726,201900005257,8,11,00:24,5,2,3,1.0,3.0,94034,DIVISION LECLERC (AV DE LA),M,"48,7590000","2,3246000",94,2019,50.0,3.0,1.0,3.0,2154030,1.0,1,1,1,5.0,,-1.0, -1,1988.0,B01,138Â 296Â 623,1.0,0.0,-1.0,1644838,1.0,7,,0.0,2.0,2.0,A01,138Â 296Â 622,1.0
963726,201900005257,8,11,00:24,5,2,3,1.0,3.0,94034,DIVISION LECLERC (AV DE LA),M,"48,7590000","2,3246000",94,2019,50.0,3.0,1.0,3.0,2154030,1.0,1,1,1,5.0,,-1.0, -1,1988.0,B01,138Â 296Â 623,1.0,0.0,-1.0,1644839,2.0,7,,0.0,2.0,3.0,B01,138Â 296Â 623,1.0
963726,201900005257,8,11,00:24,5,2,3,1.0,3.0,94034,DIVISION LECLERC (AV DE LA),M,"48,7590000","2,3246000",94,2019,50.0,3.0,1.0,3.0,2154031,2.0,2,4,2,5.0,,-1.0, -1,2017.0,B01,138Â 296Â 623,3.0,0.0,-1.0,1644838,1.0,7,,0.0,2.0,2.0,A01,138Â 296Â 622,1.0
963726,201900005257,8,11,00:24,5,2,3,1.0,3.0,94034,DIVISION LECLERC (AV DE LA),M,"48,7590000","2,3246000",94,2019,50.0,3.0,1.0,3.0,2154031,2.0,2,4,2,5.0,,-1.0, -1,2017.0,B01,138Â 296Â 623,3.0,0.0,-1.0,1644839,2.0,7,,0.0,2.0,3.0,B01,138Â 296Â 623,1.0
963727,201900005258,8,11,23:30,5,2,2,1.0,3.0,94073,STALINGRAD - CAR DES TROIS COMMUNES (BD,M,"48,7722952","2,3999487",94,2019,50.0,1.0,1.0,3.0,2154032,1.0,1,1,2,1.0,,-1.0,0,1989.0,A01,138Â 296Â 620,1.0,0.0,-1.0,1644840,1.0,7,,0.0,2.0,7.0,A01,138Â 296Â 620,1.0
963727,201900005258,8,11,23:30,5,2,2,1.0,3.0,94073,STALINGRAD - CAR DES TROIS COMMUNES (BD,M,"48,7722952","2,3999487",94,2019,50.0,1.0,1.0,3.0,2154032,1.0,1,1,2,1.0,,-1.0,0,1989.0,A01,138Â 296Â 620,1.0,0.0,-1.0,1644841,1.0,7,,0.0,2.0,3.0,B01,138Â 296Â 621,1.0
963727,201900005258,8,11,23:30,5,2,2,1.0,3.0,94073,STALINGRAD - CAR DES TROIS COMMUNES (BD,M,"48,7722952","2,3999487",94,2019,50.0,1.0,1.0,3.0,2154033,1.0,1,4,2,5.0,,-1.0,0,1987.0,B01,138Â 296Â 621,1.0,0.0,-1.0,1644840,1.0,7,,0.0,2.0,7.0,A01,138Â 296Â 620,1.0
963727,201900005258,8,11,23:30,5,2,2,1.0,3.0,94073,STALINGRAD - CAR DES TROIS COMMUNES (BD,M,"48,7722952","2,3999487",94,2019,50.0,1.0,1.0,3.0,2154033,1.0,1,4,2,5.0,,-1.0,0,1987.0,B01,138Â 296Â 621,1.0,0.0,-1.0,1644841,1.0,7,,0.0,2.0,3.0,B01,138Â 296Â 621,1.0
963727,201900005258,8,11,23:30,5,2,2,1.0,3.0,94073,STALINGRAD - CAR DES TROIS COMMUNES (BD,M,"48,7722952","2,3999487",94,2019,50.0,1.0,1.0,3.0,2154034,3.0,2,1,1,5.0,,-1.0,0,2018.0,B01,138Â 296Â 621,3.0,0.0,-1.0,1644840,1.0,7,,0.0,2.0,7.0,A01,138Â 296Â 620,1.0
963727,201900005258,8,11,23:30,5,2,2,1.0,3.0,94073,STALINGRAD - CAR DES TROIS COMMUNES (BD,M,"48,7722952","2,3999487",94,2019,50.0,1.0,1.0,3.0,2154034,3.0,2,1,1,5.0,,-1.0,0,2018.0,B01,138Â 296Â 621,3.0,0.0,-1.0,1644841,1.0,7,,0.0,2.0,3.0,B01,138Â 296Â 621,1.0
963728,201900005259,8,11,13:35,1,2,3,1.0,7.0,93066,CALON,M,"48,9250000","2,3420000",93,2019,50.0,1.0,1.0,3.0,2154035,2.0,2,4,1,5.0,,-1.0, -1,1997.0,A01,138Â 296Â 619,1.0,0.0,-1.0,1644842,3.0,7,,6.0,0.0,1.0,A01,138Â 296Â 619,1.0
963729,201900005260,8,12,00:45,5,2,1,1.0,6.0,93055,JEAN JAURES (AVENUE) (76/128),M,"48,9055970","2,3942630",93,2019,50.0,1.0,1.0,3.0,2154036,10.0,3,3,1,0.0,,2.0,3,1989.0,A01,138Â 296Â 618,8.0,0.0,-1.0,1644843,0.0,7,,0.0,1.0,0.0,A01,138Â 296Â 618,0.0
963730,201900005261,8,12,17:20,1,2,1,8.0,3.0,93050,GENERAL DE GAULLE (AVENUE),M,"48,8585000","2,5343700",93,2019,50.0,1.0,2.0,3.0,2154037,1.0,1,1,1,5.0,,-1.0, -1,1985.0,B01,138Â 296Â 616,1.0,0.0,-1.0,1644844,2.0,7,,0.0,2.0,1.0,B01,138Â 296Â 616,1.0
963730,201900005261,8,12,17:20,1,2,1,8.0,3.0,93050,GENERAL DE GAULLE (AVENUE),M,"48,8585000","2,5343700",93,2019,50.0,1.0,2.0,3.0,2154037,1.0,1,1,1,5.0,,-1.0, -1,1985.0,B01,138Â 296Â 616,1.0,0.0,-1.0,1644845,1.0,7,,0.0,2.0,2.0,A01,138Â 296Â 617,1.0
963730,201900005261,8,12,17:20,1,2,1,8.0,3.0,93050,GENERAL DE GAULLE (AVENUE),M,"48,8585000","2,5343700",93,2019,50.0,1.0,2.0,3.0,2154038,1.0,1,4,2,5.0,,-1.0, -1,1984.0,A01,138Â 296Â 617,1.0,0.0,-1.0,1644844,2.0,7,,0.0,2.0,1.0,B01,138Â 296Â 616,1.0
963730,201900005261,8,12,17:20,1,2,1,8.0,3.0,93050,GENERAL DE GAULLE (AVENUE),M,"48,8585000","2,5343700",93,2019,50.0,1.0,2.0,3.0,2154038,1.0,1,4,2,5.0,,-1.0, -1,1984.0,A01,138Â 296Â 617,1.0,0.0,-1.0,1644845,1.0,7,,0.0,2.0,2.0,A01,138Â 296Â 617,1.0
963731,201900005262,8,12,10:24,1,2,2,1.0,3.0,93048,PARIS (RUE DE),M,"48,8566100","2,4274600",93,2019,50.0,1.0,1.0,3.0,2154039,1.0,1,1,1,0.0,,-1.0, -1,1956.0,A01,138Â 296Â 614,8.0,0.0,-1.0,1644846,0.0,7,,0.0,9.0,8.0,A01,138Â 296Â 614,0.0
963731,201900005262,8,12,10:24,1,2,2,1.0,3.0,93048,PARIS (RUE DE),M,"48,8566100","2,4274600",93,2019,50.0,1.0,1.0,3.0,2154039,1.0,1,1,1,0.0,,-1.0, -1,1956.0,A01,138Â 296Â 614,8.0,0.0,-1.0,1644847,1.0,50,,0.0,2.0,1.0,B01,138Â 296Â 615,3.0
963731,201900005262,8,12,10:24,1,2,2,1.0,3.0,93048,PARIS (RUE DE),M,"48,8566100","2,4274600",93,2019,50.0,1.0,1.0,3.0,2154040,1.0,1,4,1,0.0,,-1.0, -1,1981.0,B01,138Â 296Â 615,8.0,0.0,-1.0,1644846,0.0,7,,0.0,9.0,8.0,A01,138Â 296Â 614,0.0
963731,201900005262,8,12,10:24,1,2,2,1.0,3.0,93048,PARIS (RUE DE),M,"48,8566100","2,4274600",93,2019,50.0,1.0,1.0,3.0,2154040,1.0,1,4,1,0.0,,-1.0, -1,1981.0,B01,138Â 296Â 615,8.0,0.0,-1.0,1644847,1.0,50,,0.0,2.0,1.0,B01,138Â 296Â 615,3.0
963732,201900005263,8,11,11:10,1,2,1,1.0,3.0,93063,PARIS RUE DE,M,"48,8842500","2,4348400",93,2019,50.0,1.0,1.0,9.0,2154041,1.0,1,4,2,5.0,,-1.0, -1,1949.0,Y01,138Â 296Â 612,2.0,0.0,-1.0,1644848,3.0,1,,0.0,2.0,3.0,Y01,138Â 296Â 612,0.0
963732,201900005263,8,11,11:10,1,2,1,1.0,3.0,93063,PARIS RUE DE,M,"48,8842500","2,4348400",93,2019,50.0,1.0,1.0,9.0,2154041,1.0,1,4,2,5.0,,-1.0, -1,1949.0,Y01,138Â 296Â 612,2.0,0.0,-1.0,1644849,3.0,7,,0.0,2.0,2.0,A01,138Â 296Â 613,0.0
963733,201900005264,8,11,10:45,1,2,3,1.0,6.0,93061,DANTON RUE,M,"48,8845000","2,4071000",93,2019,50.0,1.0,1.0,9.0,2154042,10.0,3,3,2,5.0,,3.0,3,1929.0,A01,138Â 296Â 611,8.0,0.0,-1.0,1644850,3.0,10,,0.0,1.0,0.0,A01,138Â 296Â 611,0.0
963734,201900005265,8,12,08:30,1,2,2,1.0,2.0,93007,8 MAI 45 (AVENUE DU 1 AU 182),M,"48,9450860","2,4351390",93,2019,50.0,3.0,1.0,3.0,2154043,1.0,1,4,2,0.0,,-1.0, -1,1986.0,B01,138Â 296Â 609,1.0,0.0,-1.0,1644851,1.0,7,,0.0,0.0,4.0,B01,138Â 296Â 609,0.0
963734,201900005265,8,12,08:30,1,2,2,1.0,2.0,93007,8 MAI 45 (AVENUE DU 1 AU 182),M,"48,9450860","2,4351390",93,2019,50.0,3.0,1.0,3.0,2154043,1.0,1,4,2,0.0,,-1.0, -1,1986.0,B01,138Â 296Â 609,1.0,0.0,-1.0,1644852,1.0,10,,0.0,2.0,1.0,A01,138Â 296Â 610,0.0
963735,201900005266,8,12,13:20,1,2,9,2.0,4.0,93005,RAOUL DUFY (AVENUE),M,"48,9580100","2,5048600",93,2019,50.0,1.0,2.0,3.0,2154044,1.0,1,1,1,4.0,,-1.0, -1,1982.0,C01,138Â 296Â 606,1.0,0.0,-1.0,1644853,0.0,15,,0.0,2.0,4.0,C01,138Â 296Â 606,0.0
963735,201900005266,8,12,13:20,1,2,9,2.0,4.0,93005,RAOUL DUFY (AVENUE),M,"48,9580100","2,5048600",93,2019,50.0,1.0,2.0,3.0,2154044,1.0,1,1,1,4.0,,-1.0, -1,1982.0,C01,138Â 296Â 606,1.0,0.0,-1.0,1644854,3.0,7,,0.0,2.0,4.0,B01,138Â 296Â 607,0.0
963735,201900005266,8,12,13:20,1,2,9,2.0,4.0,93005,RAOUL DUFY (AVENUE),M,"48,9580100","2,5048600",93,2019,50.0,1.0,2.0,3.0,2154044,1.0,1,1,1,4.0,,-1.0, -1,1982.0,C01,138Â 296Â 606,1.0,0.0,-1.0,1644855,3.0,14,,0.0,2.0,1.0,A01,138Â 296Â 608,0.0
963735,201900005266,8,12,13:20,1,2,9,2.0,4.0,93005,RAOUL DUFY (AVENUE),M,"48,9580100","2,5048600",93,2019,50.0,1.0,2.0,3.0,2154045,1.0,1,4,1,0.0,,-1.0, -1,1979.0,B01,138Â 296Â 607,1.0,0.0,-1.0,1644853,0.0,15,,0.0,2.0,4.0,C01,138Â 296Â 606,0.0
963735,201900005266,8,12,13:20,1,2,9,2.0,4.0,93005,RAOUL DUFY (AVENUE),M,"48,9580100","2,5048600",93,2019,50.0,1.0,2.0,3.0,2154045,1.0,1,4,1,0.0,,-1.0, -1,1979.0,B01,138Â 296Â 607,1.0,0.0,-1.0,1644854,3.0,7,,0.0,2.0,4.0,B01,138Â 296Â 607,0.0
963735,201900005266,8,12,13:20,1,2,9,2.0,4.0,93005,RAOUL DUFY (AVENUE),M,"48,9580100","2,5048600",93,2019,50.0,1.0,2.0,3.0,2154045,1.0,1,4,1,0.0,,-1.0, -1,1979.0,B01,138Â 296Â 607,1.0,0.0,-1.0,1644855,3.0,14,,0.0,2.0,1.0,A01,138Â 296Â 608,0.0
963735,201900005266,8,12,13:20,1,2,9,2.0,4.0,93005,RAOUL DUFY (AVENUE),M,"48,9580100","2,5048600",93,2019,50.0,1.0,2.0,3.0,2154046,1.0,1,1,1,4.0,,-1.0, -1,1988.0,A01,138Â 296Â 608,1.0,0.0,-1.0,1644853,0.0,15,,0.0,2.0,4.0,C01,138Â 296Â 606,0.0
963735,201900005266,8,12,13:20,1,2,9,2.0,4.0,93005,RAOUL DUFY (AVENUE),M,"48,9580100","2,5048600",93,2019,50.0,1.0,2.0,3.0,2154046,1.0,1,1,1,4.0,,-1.0, -1,1988.0,A01,138Â 296Â 608,1.0,0.0,-1.0,1644854,3.0,7,,0.0,2.0,4.0,B01,138Â 296Â 607,0.0
963735,201900005266,8,12,13:20,1,2,9,2.0,4.0,93005,RAOUL DUFY (AVENUE),M,"48,9580100","2,5048600",93,2019,50.0,1.0,2.0,3.0,2154046,1.0,1,1,1,4.0,,-1.0, -1,1988.0,A01,138Â 296Â 608,1.0,0.0,-1.0,1644855,3.0,14,,0.0,2.0,1.0,A01,138Â 296Â 608,0.0
963736,201900005267,8,12,13:50,1,2,1,1.0,6.0,93001,VICTOR HUGO (AVE)  => 120,M,"48,9049300","2,3741300",93,2019,30.0,1.0,1.0,3.0,2154047,10.0,3,4,2,9.0,,5.0,9,1991.0,M01,138Â 296Â 605,8.0,0.0,-1.0,1644856,2.0,31,,0.0,1.0,7.0,M01,138Â 296Â 605,1.0
963736,201900005267,8,12,13:50,1,2,1,1.0,6.0,93001,VICTOR HUGO (AVE)  => 120,M,"48,9049300","2,3741300",93,2019,30.0,1.0,1.0,3.0,2154048,1.0,1,1,1,3.0,,0.0,0,1982.0,M01,138Â 296Â 605,2.0,6.0,-1.0,1644856,2.0,31,,0.0,1.0,7.0,M01,138Â 296Â 605,1.0
963737,201900005268,8,12,12:40,1,2,2,1.0,2.0,92036,PRINCIPALE DU PORT (ROUTE) (2>S/SA15),M,"48,9384200","2,2802300",92,2019,50.0,1.0,1.0,4.0,2154049,1.0,1,4,2,9.0,,-1.0,0,2001.0,B01,138Â 296Â 603,1.0,8.0,-1.0,1644857,1.0,7,,0.0,2.0,4.0,B01,138Â 296Â 603,1.0
963737,201900005268,8,12,12:40,1,2,2,1.0,2.0,92036,PRINCIPALE DU PORT (ROUTE) (2>S/SA15),M,"48,9384200","2,2802300",92,2019,50.0,1.0,1.0,4.0,2154049,1.0,1,4,2,9.0,,-1.0,0,2001.0,B01,138Â 296Â 603,1.0,8.0,-1.0,1644858,1.0,17,,0.0,2.0,1.0,A01,138Â 296Â 604,1.0
963737,201900005268,8,12,12:40,1,2,2,1.0,2.0,92036,PRINCIPALE DU PORT (ROUTE) (2>S/SA15),M,"48,9384200","2,2802300",92,2019,50.0,1.0,1.0,4.0,2154050,2.0,2,4,2,4.0,,-1.0,0,1986.0,B01,138Â 296Â 603,1.0,8.0,-1.0,1644857,1.0,7,,0.0,2.0,4.0,B01,138Â 296Â 603,1.0
963737,201900005268,8,12,12:40,1,2,2,1.0,2.0,92036,PRINCIPALE DU PORT (ROUTE) (2>S/SA15),M,"48,9384200","2,2802300",92,2019,50.0,1.0,1.0,4.0,2154050,2.0,2,4,2,4.0,,-1.0,0,1986.0,B01,138Â 296Â 603,1.0,8.0,-1.0,1644858,1.0,17,,0.0,2.0,1.0,A01,138Â 296Â 604,1.0
963737,201900005268,8,12,12:40,1,2,2,1.0,2.0,92036,PRINCIPALE DU PORT (ROUTE) (2>S/SA15),M,"48,9384200","2,2802300",92,2019,50.0,1.0,1.0,4.0,2154051,1.0,1,1,1,4.0,,-1.0,0,1979.0,A01,138Â 296Â 604,1.0,8.0,-1.0,1644857,1.0,7,,0.0,2.0,4.0,B01,138Â 296Â 603,1.0
963737,201900005268,8,12,12:40,1,2,2,1.0,2.0,92036,PRINCIPALE DU PORT (ROUTE) (2>S/SA15),M,"48,9384200","2,2802300",92,2019,50.0,1.0,1.0,4.0,2154051,1.0,1,1,1,4.0,,-1.0,0,1979.0,A01,138Â 296Â 604,1.0,8.0,-1.0,1644858,1.0,17,,0.0,2.0,1.0,A01,138Â 296Â 604,1.0
963738,201900005269,8,12,10:50,1,2,4,1.0,3.0,92036,LAURENT CELY (AVENUE) (1/143),M,"48,9174000","2,3074300",92,2019,50.0,1.0,1.0,3.0,2154052,1.0,1,1,1,4.0,,-1.0,0,1977.0,B01,138Â 296Â 601,1.0,8.0,-1.0,1644859,1.0,7,,0.0,2.0,5.0,B01,138Â 296Â 601,1.0
963738,201900005269,8,12,10:50,1,2,4,1.0,3.0,92036,LAURENT CELY (AVENUE) (1/143),M,"48,9174000","2,3074300",92,2019,50.0,1.0,1.0,3.0,2154052,1.0,1,1,1,4.0,,-1.0,0,1977.0,B01,138Â 296Â 601,1.0,8.0,-1.0,1644860,1.0,2,,0.0,2.0,3.0,A01,138Â 296Â 602,1.0
963738,201900005269,8,12,10:50,1,2,4,1.0,3.0,92036,LAURENT CELY (AVENUE) (1/143),M,"48,9174000","2,3074300",92,2019,50.0,1.0,1.0,3.0,2154053,1.0,1,4,1,0.0,,-1.0,0,1960.0,A01,138Â 296Â 602,2.0,8.0,-1.0,1644859,1.0,7,,0.0,2.0,5.0,B01,138Â 296Â 601,1.0
963738,201900005269,8,12,10:50,1,2,4,1.0,3.0,92036,LAURENT CELY (AVENUE) (1/143),M,"48,9174000","2,3074300",92,2019,50.0,1.0,1.0,3.0,2154053,1.0,1,4,1,0.0,,-1.0,0,1960.0,A01,138Â 296Â 602,2.0,8.0,-1.0,1644860,1.0,2,,0.0,2.0,3.0,A01,138Â 296Â 602,1.0
963739,201900005270,8,11,00:40,3,2,1,1.0,3.0,92025,PAUL BERT (RUE),M,"48,9260181","2,2471762",92,2019,50.0,1.0,1.0,3.0,2154054,1.0,1,4,1,0.0,,-1.0,0,1980.0,B01,138Â 296Â 599,1.0,0.0,-1.0,1644861,3.0,7,,0.0,2.0,1.0,B01,138Â 296Â 599,1.0
963739,201900005270,8,11,00:40,3,2,1,1.0,3.0,92025,PAUL BERT (RUE),M,"48,9260181","2,2471762",92,2019,50.0,1.0,1.0,3.0,2154054,1.0,1,4,1,0.0,,-1.0,0,1980.0,B01,138Â 296Â 599,1.0,0.0,-1.0,1644862,0.0,7,,0.0,2.0,2.0,A01,138Â 296Â 600,1.0
963739,201900005270,8,11,00:40,3,2,1,1.0,3.0,92025,PAUL BERT (RUE),M,"48,9260181","2,2471762",92,2019,50.0,1.0,1.0,3.0,2154055,1.0,1,1,1,0.0,,-1.0,0,1977.0,A01,138Â 296Â 600,1.0,0.0,-1.0,1644861,3.0,7,,0.0,2.0,1.0,B01,138Â 296Â 599,1.0
963739,201900005270,8,11,00:40,3,2,1,1.0,3.0,92025,PAUL BERT (RUE),M,"48,9260181","2,2471762",92,2019,50.0,1.0,1.0,3.0,2154055,1.0,1,1,1,0.0,,-1.0,0,1977.0,A01,138Â 296Â 600,1.0,0.0,-1.0,1644862,0.0,7,,0.0,2.0,2.0,A01,138Â 296Â 600,1.0
963740,201900005271,8,12,17:30,1,2,7,1.0,3.0,92012,JULES GUESDE/NATIONALE (PLACE),M,"48,8269300","2,2421100",92,2019,50.0,1.0,1.0,4.0,2154056,1.0,1,1,2,1.0,,-1.0,0,1975.0,B01,138Â 296Â 597,1.0,0.0,-1.0,1644863,2.0,7,,0.0,2.0,5.0,B01,138Â 296Â 597,1.0
963740,201900005271,8,12,17:30,1,2,7,1.0,3.0,92012,JULES GUESDE/NATIONALE (PLACE),M,"48,8269300","2,2421100",92,2019,50.0,1.0,1.0,4.0,2154056,1.0,1,1,2,1.0,,-1.0,0,1975.0,B01,138Â 296Â 597,1.0,0.0,-1.0,1644864,3.0,1,,0.0,2.0,5.0,A01,138Â 296Â 598,5.0
963740,201900005271,8,12,17:30,1,2,7,1.0,3.0,92012,JULES GUESDE/NATIONALE (PLACE),M,"48,8269300","2,2421100",92,2019,50.0,1.0,1.0,4.0,2154057,1.0,1,4,1,5.0,,-1.0,0,1960.0,A01,138Â 296Â 598,8.0,0.0,-1.0,1644863,2.0,7,,0.0,2.0,5.0,B01,138Â 296Â 597,1.0
963740,201900005271,8,12,17:30,1,2,7,1.0,3.0,92012,JULES GUESDE/NATIONALE (PLACE),M,"48,8269300","2,2421100",92,2019,50.0,1.0,1.0,4.0,2154057,1.0,1,4,1,5.0,,-1.0,0,1960.0,A01,138Â 296Â 598,8.0,0.0,-1.0,1644864,3.0,1,,0.0,2.0,5.0,A01,138Â 296Â 598,5.0
963741,201900005272,7,12,13:15,1,2,1,1.0,6.0,92012,VICTOR HUGO (AVENUE) DEBUT/47 BIS- DEBUT,M,"48,8403000","2,2473800",92,2019,50.0,1.0,1.0,4.0,2154058,1.0,1,1,1,0.0,,-1.0,0,1958.0,A01,138Â 296Â 596,1.0,0.0,-1.0,1644865,1.0,7,,0.0,1.0,1.0,A01,138Â 296Â 596,1.0
963741,201900005272,7,12,13:15,1,2,1,1.0,6.0,92012,VICTOR HUGO (AVENUE) DEBUT/47 BIS- DEBUT,M,"48,8403000","2,2473800",92,2019,50.0,1.0,1.0,4.0,2154059,10.0,3,4,1,0.0,,3.0,3,1999.0,A01,138Â 296Â 596,8.0,0.0,-1.0,1644865,1.0,7,,0.0,1.0,1.0,A01,138Â 296Â 596,1.0
963742,201900005273,7,12,03:10,1,2,1,1.0,6.0,92012,GENERAL LECLERC (AVENUE DU) ,M,"48,8332909","2,2425203",92,2019,50.0,1.0,2.0,3.0,2154060,1.0,1,4,1,0.0,,-1.0,0,1998.0,A01,138Â 296Â 595,1.0,0.0,-1.0,1644866,2.0,7,,6.0,0.0,1.0,A01,138Â 296Â 595,1.0
963743,201900005274,7,11,02:30,5,2,1,1.0,6.0,92012,ILE DE FRANCE (PASSAGE),M,"48,8308400","2,2347400",92,2019,50.0,1.0,1.0,4.0,2154061,1.0,1,4,2,5.0,,-1.0,0,2006.0,A01,138Â 296Â 594,2.0,0.0,-1.0,1644867,1.0,30,,3.0,0.0,1.0,A01,138Â 296Â 594,1.0
963744,201900005275,8,11,14:45,1,2,9,1.0,6.0,97610,Route Nationale 1 - Majicavo-Koropa,M," -12,7450780","45,2207840",976,2019,30.0,1.0,1.0,2.0,2154062,10.0,3,3,1,5.0,,3.0,3,2012.0,A01,138Â 296Â 593,0.0,-1.0,-1.0,1644868,2.0,7,,0.0,1.0,1.0,A01,138Â 296Â 593,1.0