Unnamed: 0_x,num_acc,mois,jour,hrmn,lum,agg,int,atm,col,com,adr,gps,lat,long,dep,annee,vma,situ,surf,catr,Unnamed: 0_y,place,catu,grav,sexe,trajet,secu,locp,actp,an_nais,num_veh_x,id_vehicule_x,secu1,secu2,secu3,Unnamed: 0,senc,catv,occutc,obs,obsm,choc,num_veh_y,id_vehicule_y,motor
963744,201900005275,8,11,14:45,1,2,9,1.0,6.0,97610,Route Nationale 1 - Majicavo-Koropa,M," -12,7450780","45,2207840",976,2019,30.0,1.0,1.0,2.0,2154063,1.0,1,1,1,4.0,,0.0,0,1962.0,A01,138Â 296Â 593,1.0,-1.0,-1.0,1644868,2.0,7,,0.0,1.0,1.0,A01,138Â 296Â 593,1.0
963745,201900005276,8,11,16:30,1,2,1,1.0,7.0,10042,7 Rue de Berluviers,M,"48,1704940","3,6891350",10,2019,50.0,3.0,1.0,9.0,2154064,1.0,1,3,1,5.0,,0.0,0,1955.0,A01,138Â 296Â 592,0.0,-1.0,-1.0,1644869,0.0,36,,0.0,0.0,0.0,A01,138Â 296Â 592,1.0
963745,201900005276,8,11,16:30,1,2,1,1.0,7.0,10042,7 Rue de Berluviers,M,"48,1704940","3,6891350",10,2019,50.0,3.0,1.0,9.0,2154065,2.0,2,4,1,5.0,,0.0,0,2014.0,A01,138Â 296Â 592,0.0,-1.0,-1.0,1644869,0.0,36,,0.0,0.0,0.0,A01,138Â 296Â 592,1.0
963746,201900005277,8,13,15:15,1,2,1,1.0,1.0,06095,Route de Draguignan,M,"43,6389079","6,8677331",6,2019,50.0,1.0,1.0,3.0,2154066,1.0,1,4,1,1.0,,0.0,0,1965.0,A01,138Â 296Â 590,1.0,-1.0,-1.0,1644870,2.0,7,,0.0,2.0,3.0,A01,138Â 296Â 590,1.0
963746,201900005277,8,13,15:15,1,2,1,1.0,1.0,06095,Route de Draguignan,M,"43,6389079","6,8677331",6,2019,50.0,1.0,1.0,3.0,2154066,1.0,1,4,1,1.0,,0.0,0,1965.0,A01,138Â 296Â 590,1.0,-1.0,-1.0,1644871,1.0,7,,0.0,2.0,3.0,B01,138Â 296Â 591,1.0
963746,201900005277,8,13,15:15,1,2,1,1.0,1.0,06095,Route de Draguignan,M,"43,6389079","6,8677331",6,2019,50.0,1.0,1.0,3.0,2154067,1.0,1,3,2,5.0,,0.0,0,1947.0,B01,138Â 296Â 591,1.0,-1.0,-1.0,1644870,2.0,7,,0.0,2.0,3.0,A01,138Â 296Â 590,1.0
963746,201900005277,8,13,15:15,1,2,1,1.0,1.0,06095,Route de Draguignan,M,"43,6389079","6,8677331",6,2019,50.0,1.0,1.0,3.0,2154067,1.0,1,3,2,5.0,,0.0,0,1947.0,B01,138Â 296Â 591,1.0,-1.0,-1.0,1644871,1.0,7,,0.0,2.0,3.0,B01,138Â 296Â 591,1.0
963747,201900005278,8,12,17:10,1,2,3,1.0,3.0,38337,Rue Sadi Carnot / Rue Igor Stravinsky,M,"45,3498800","5,5013600",38,2019,50.0,1.0,1.0,4.0,2154068,1.0,1,1,2,1.0,,0.0,0,1973.0,B01,138Â 296Â 588,1.0,-1.0,-1.0,1644872,3.0,7,,0.0,2.0,3.0,B01,138Â 296Â 588,1.0
963747,201900005278,8,12,17:10,1,2,3,1.0,3.0,38337,Rue Sadi Carnot / Rue Igor Stravinsky,M,"45,3498800","5,5013600",38,2019,50.0,1.0,1.0,4.0,2154068,1.0,1,1,2,1.0,,0.0,0,1973.0,B01,138Â 296Â 588,1.0,-1.0,-1.0,1644873,3.0,32,,0.0,2.0,1.0,A01,138Â 296Â 589,1.0
963747,201900005278,8,12,17:10,1,2,3,1.0,3.0,38337,Rue Sadi Carnot / Rue Igor Stravinsky,M,"45,3498800","5,5013600",38,2019,50.0,1.0,1.0,4.0,2154069,1.0,1,4,2,5.0,,0.0,0,2002.0,A01,138Â 296Â 589,2.0,-1.0,-1.0,1644872,3.0,7,,0.0,2.0,3.0,B01,138Â 296Â 588,1.0
963747,201900005278,8,12,17:10,1,2,3,1.0,3.0,38337,Rue Sadi Carnot / Rue Igor Stravinsky,M,"45,3498800","5,5013600",38,2019,50.0,1.0,1.0,4.0,2154069,1.0,1,4,2,5.0,,0.0,0,2002.0,A01,138Â 296Â 589,2.0,-1.0,-1.0,1644873,3.0,32,,0.0,2.0,1.0,A01,138Â 296Â 589,1.0
963748,201900005279,8,13,11:30,1,1,4,1.0,1.0,42322,Route du Planil,M,"45,4130470","4,5364850",42,2019,80.0,1.0,1.0,3.0,2154070,1.0,1,1,2,4.0,,0.0,0,1999.0,B01,138Â 296Â 586,1.0,-1.0,-1.0,1644874,2.0,7,,0.0,2.0,3.0,B01,138Â 296Â 586,0.0
963748,201900005279,8,13,11:30,1,1,4,1.0,1.0,42322,Route du Planil,M,"45,4130470","4,5364850",42,2019,80.0,1.0,1.0,3.0,2154070,1.0,1,1,2,4.0,,0.0,0,1999.0,B01,138Â 296Â 586,1.0,-1.0,-1.0,1644875,1.0,1,,0.0,2.0,1.0,A01,138Â 296Â 587,0.0
963748,201900005279,8,13,11:30,1,1,4,1.0,1.0,42322,Route du Planil,M,"45,4130470","4,5364850",42,2019,80.0,1.0,1.0,3.0,2154071,1.0,1,3,1,5.0,,0.0,0,1953.0,A01,138Â 296Â 587,2.0,6.0,-1.0,1644874,2.0,7,,0.0,2.0,3.0,B01,138Â 296Â 586,0.0
963748,201900005279,8,13,11:30,1,1,4,1.0,1.0,42322,Route du Planil,M,"45,4130470","4,5364850",42,2019,80.0,1.0,1.0,3.0,2154071,1.0,1,3,1,5.0,,0.0,0,1953.0,A01,138Â 296Â 587,2.0,6.0,-1.0,1644875,1.0,1,,0.0,2.0,1.0,A01,138Â 296Â 587,0.0
963749,201900005280,8,12,14:10,1,2,3,1.0,3.0,23075,"Intersection rue des Sabots, rue du Barreau Vert",M,"46,3067960","1,6639820",23,2019,50.0,1.0,1.0,4.0,2154072,1.0,1,1,1,0.0,,0.0,0,1939.0,A01,138Â 296Â 584,1.0,-1.0,-1.0,1644876,2.0,7,,0.0,2.0,5.0,A01,138Â 296Â 584,1.0
963749,201900005280,8,12,14:10,1,2,3,1.0,3.0,23075,"Intersection rue des Sabots, rue du Barreau Vert",M,"46,3067960","1,6639820",23,2019,50.0,1.0,1.0,4.0,2154072,1.0,1,1,1,0.0,,0.0,0,1939.0,A01,138Â 296Â 584,1.0,-1.0,-1.0,1644877,1.0,2,,0.0,2.0,1.0,B01,138Â 296Â 585,1.0
963749,201900005280,8,12,14:10,1,2,3,1.0,3.0,23075,"Intersection rue des Sabots, rue du Barreau Vert",M,"46,3067960","1,6639820",23,2019,50.0,1.0,1.0,4.0,2154073,1.0,1,3,1,5.0,,0.0,0,2002.0,B01,138Â 296Â 585,2.0,6.0,-1.0,1644876,2.0,7,,0.0,2.0,5.0,A01,138Â 296Â 584,1.0
963749,201900005280,8,12,14:10,1,2,3,1.0,3.0,23075,"Intersection rue des Sabots, rue du Barreau Vert",M,"46,3067960","1,6639820",23,2019,50.0,1.0,1.0,4.0,2154073,1.0,1,3,1,5.0,,0.0,0,2002.0,B01,138Â 296Â 585,2.0,6.0,-1.0,1644877,1.0,2,,0.0,2.0,1.0,B01,138Â 296Â 585,1.0
963750,201900005281,8,13,09:50,1,1,1,8.0,5.0,62437,D126,M,"50,5374200","1,9894920",62,2019,80.0,1.0,1.0,3.0,2154074,2.0,2,1,1,0.0,,0.0,0,1935.0,D01,138Â 296Â 580,1.0,5.0,-1.0,1644878,1.0,7,,0.0,2.0,1.0,D01,138Â 296Â 580,0.0
963750,201900005281,8,13,09:50,1,1,1,8.0,5.0,62437,D126,M,"50,5374200","1,9894920",62,2019,80.0,1.0,1.0,3.0,2154074,2.0,2,1,1,0.0,,0.0,0,1935.0,D01,138Â 296Â 580,1.0,5.0,-1.0,1644879,1.0,7,,0.0,2.0,1.0,C01,138Â 296Â 581,0.0
963750,201900005281,8,13,09:50,1,1,1,8.0,5.0,62437,D126,M,"50,5374200","1,9894920",62,2019,80.0,1.0,1.0,3.0,2154074,2.0,2,1,1,0.0,,0.0,0,1935.0,D01,138Â 296Â 580,1.0,5.0,-1.0,1644880,2.0,17,,0.0,2.0,3.0,B01,138Â 296Â 582,0.0
963750,201900005281,8,13,09:50,1,1,1,8.0,5.0,62437,D126,M,"50,5374200","1,9894920",62,2019,80.0,1.0,1.0,3.0,2154074,2.0,2,1,1,0.0,,0.0,0,1935.0,D01,138Â 296Â 580,1.0,5.0,-1.0,1644881,2.0,7,,0.0,2.0,1.0,A01,138Â 296Â 583,0.0
963750,201900005281,8,13,09:50,1,1,1,8.0,5.0,62437,D126,M,"50,5374200","1,9894920",62,2019,80.0,1.0,1.0,3.0,2154075,1.0,1,3,2,0.0,,0.0,0,1970.0,D01,138Â 296Â 580,1.0,5.0,-1.0,1644878,1.0,7,,0.0,2.0,1.0,D01,138Â 296Â 580,0.0
963750,201900005281,8,13,09:50,1,1,1,8.0,5.0,62437,D126,M,"50,5374200","1,9894920",62,2019,80.0,1.0,1.0,3.0,2154075,1.0,1,3,2,0.0,,0.0,0,1970.0,D01,138Â 296Â 580,1.0,5.0,-1.0,1644879,1.0,7,,0.0,2.0,1.0,C01,138Â 296Â 581,0.0
963750,201900005281,8,13,09:50,1,1,1,8.0,5.0,62437,D126,M,"50,5374200","1,9894920",62,2019,80.0,1.0,1.0,3.0,2154075,1.0,1,3,2,0.0,,0.0,0,1970.0,D01,138Â 296Â 580,1.0,5.0,-1.0,1644880,2.0,17,,0.0,2.0,3.0,B01,138Â 296Â 582,0.0
963750,201900005281,8,13,09:50,1,1,1,8.0,5.0,62437,D126,M,"50,5374200","1,9894920",62,2019,80.0,1.0,1.0,3.0,2154075,1.0,1,3,2,0.0,,0.0,0,1970.0,D01,138Â 296Â 580,1.0,5.0,-1.0,1644881,2.0,7,,0.0,2.0,1.0,A01,138Â 296Â 583,0.0
963750,201900005281,8,13,09:50,1,1,1,8.0,5.0,62437,D126,M,"50,5374200","1,9894920",62,2019,80.0,1.0,1.0,3.0,2154076,2.0,2,1,2,0.0,,0.0,0,1981.0,C01,138Â 296Â 581,1.0,5.0,-1.0,1644878,1.0,7,,0.0,2.0,1.0,D01,138Â 296Â 580,0.0
963750,201900005281,8,13,09:50,1,1,1,8.0,5.0,62437,D126,M,"50,5374200","1,9894920",62,2019,80.0,1.0,1.0,3.0,2154076,2.0,2,1,2,0.0,,0.0,0,1981.0,C01,138Â 296Â 581,1.0,5.0,-1.0,1644879,1.0,7,,0.0,2.0,1.0,C01,138Â 296Â 581,0.0
963750,201900005281,8,13,09:50,1,1,1,8.0,5.0,62437,D126,M,"50,5374200","1,9894920",62,2019,80.0,1.0,1.0,3.0,2154076,2.0,2,1,2,0.0,,0.0,0,1981.0,C01,138Â 296Â 581,1.0,5.0,-1.0,1644880,2.0,17,,0.0,2.0,3.0,B01,138Â 296Â 582,0.0
963750,201900005281,8,13,09:50,1,1,1,8.0,5.0,62437,D126,M,"50,5374200","1,9894920",62,2019,80.0,1.0,1.0,3.0,2154076,2.0,2,1,2,0.0,,0.0,0,1981.0,C01,138Â 296Â 581,1.0,5.0,-1.0,1644881,2.0,7,,0.0,2.0,1.0,A01,138Â 296Â 583,0.0
963750,201900005281,8,13,09:50,1,1,1,8.0,5.0,62437,D126,M,"50,5374200","1,9894920",62,2019,80.0,1.0,1.0,3.0,2154077,7.0,2,1,1,0.0,,0.0,0,2015.0,C01,138Â 296Â 581,1.0,5.0,-1.0,1644878,1.0,7,,0.0,2.0,1.0,D01,138Â 296Â 580,0.0
963750,201900005281,8,13,09:50,1,1,1,8.0,5.0,62437,D126,M,"50,5374200","1,9894920",62,2019,80.0,1.0,1.0,3.0,2154077,7.0,2,1,1,0.0,,0.0,0,2015.0,C01,138Â 296Â 581,1.0,5.0,-1.0,1644879,1.0,7,,0.0,2.0,1.0,C01,138Â 296Â 581,0.0
963750,201900005281,8,13,09:50,1,1,1,8.0,5.0,62437,D126,M,"50,5374200","1,9894920",62,2019,80.0,1.0,1.0,3.0,2154077,7.0,2,1,1,0.0,,0.0,0,2015.0,C01,138Â 296Â 581,1.0,5.0,-1.0,1644880,2.0,17,,0.0,2.0,3.0,B01,138Â 296Â 582,0.0
963750,201900005281,8,13,09:50,1,1,1,8.0,5.0,62437,D126,M,"50,5374200","1,9894920",62,2019,80.0,1.0,1.0,3.0,2154077,7.0,2,1,1,0.0,,0.0,0,2015.0,C01,138Â 296Â 581,1.0,5.0,-1.0,1644881,2.0,7,,0.0,2.0,1.0,A01,138Â 296Â 583,0.0
963750,201900005281,8,13,09:50,1,1,1,8.0,5.0,62437,D126,M,"50,5374200","1,9894920",62,2019,80.0,1.0,1.0,3.0,2154078,1.0,1,1,1,0.0,,0.0,0,1981.0,C01,138Â 296Â 581,1.0,5.0,-1.0,1644878,1.0,7,,0.0,2.0,1.0,D01,138Â 296Â 580,0.0
963750,201900005281,8,13,09:50,1,1,1,8.0,5.0,62437,D126,M,"50,5374200","1,9894920",62,2019,80.0,1.0,1.0,3.0,2154078,1.0,1,1,1,0.0,,0.0,0,1981.0,C01,138Â 296Â 581,1.0,5.0,-1.0,1644879,1.0,7,,0.0,2.0,1.0,C01,138Â 296Â 581,0.0
963750,201900005281,8,13,09:50,1,1,1,8.0,5.0,62437,D126,M,"50,5374200","1,9894920",62,2019,80.0,1.0,1.0,3.0,2154078,1.0,1,1,1,0.0,,0.0,0,1981.0,C01,138Â 296Â 581,1.0,5.0,-1.0,1644880,2.0,17,,0.0,2.0,3.0,B01,138Â 296Â 582,0.0
963750,201900005281,8,13,09:50,1,1,1,8.0,5.0,62437,D126,M,"50,5374200","1,9894920",62,2019,80.0,1.0,1.0,3.0,2154078,1.0,1,1,1,0.0,,0.0,0,1981.0,C01,138Â 296Â 581,1.0,5.0,-1.0,1644881,2.0,7,,0.0,2.0,1.0,A01,138Â 296Â 583,0.0
963750,201900005281,8,13,09:50,1,1,1,8.0,5.0,62437,D126,M,"50,5374200","1,9894920",62,2019,80.0,1.0,1.0,3.0,2154079,9.0,2,1,1,0.0,,0.0,0,2011.0,C01,138Â 296Â 581,1.0,5.0,-1.0,1644878,1.0,7,,0.0,2.0,1.0,D01,138Â 296Â 580,0.0
963750,201900005281,8,13,09:50,1,1,1,8.0,5.0,62437,D126,M,"50,5374200","1,9894920",62,2019,80.0,1.0,1.0,3.0,2154079,9.0,2,1,1,0.0,,0.0,0,2011.0,C01,138Â 296Â 581,1.0,5.0,-1.0,1644879,1.0,7,,0.0,2.0,1.0,C01,138Â 296Â 581,0.0
963750,201900005281,8,13,09:50,1,1,1,8.0,5.0,62437,D126,M,"50,5374200","1,9894920",62,2019,80.0,1.0,1.0,3.0,2154079,9.0,2,1,1,0.0,,0.0,0,2011.0,C01,138Â 296Â 581,1.0,5.0,-1.0,1644880,2.0,17,,0.0,2.0,3.0,B01,138Â 296Â 582,0.0
963750,201900005281,8,13,09:50,1,1,1,8.0,5.0,62437,D126,M,"50,5374200","1,9894920",62,2019,80.0,1.0,1.0,3.0,2154079,9.0,2,1,1,0.0,,0.0,0,2011.0,C01,138Â 296Â 581,1.0,5.0,-1.0,1644881,2.0,7,,0.0,2.0,1.0,A01,138Â 296Â 583,0.0
963750,201900005281,8,13,09:50,1,1,1,8.0,5.0,62437,D126,M,"50,5374200","1,9894920",62,2019,80.0,1.0,1.0,3.0,2154080,1.0,1,1,1,4.0,,0.0,0,1976.0,B01,138Â 296Â 582,1.0,-1.0,-1.0,1644878,1.0,7,,0.0,2.0,1.0,D01,138Â 296Â 580,0.0
963750,201900005281,8,13,09:50,1,1,1,8.0,5.0,62437,D126,M,"50,5374200","1,9894920",62,2019,80.0,1.0,1.0,3.0,2154080,1.0,1,1,1,4.0,,0.0,0,1976.0,B01,138Â 296Â 582,1.0,-1.0,-1.0,1644879,1.0,7,,0.0,2.0,1.0,C01,138Â 296Â 581,0.0
963750,201900005281,8,13,09:50,1,1,1,8.0,5.0,62437,D126,M,"50,5374200","1,9894920",62,2019,80.0,1.0,1.0,3.0,2154080,1.0,1,1,1,4.0,,0.0,0,1976.0,B01,138Â 296Â 582,1.0,-1.0,-1.0,1644880,2.0,17,,0.0,2.0,3.0,B01,138Â 296Â 582,0.0
963750,201900005281,8,13,09:50,1,1,1,8.0,5.0,62437,D126,M,"50,5374200","1,9894920",62,2019,80.0,1.0,1.0,3.0,2154080,1.0,1,1,1,4.0,,0.0,0,1976.0,B01,138Â 296Â 582,1.0,-1.0,-1.0,1644881,2.0,7,,0.0,2.0,1.0,A01,138Â 296Â 583,0.0
963750,201900005281,8,13,09:50,1,1,1,8.0,5.0,62437,D126,M,"50,5374200","1,9894920",62,2019,80.0,1.0,1.0,3.0,2154081,1.0,1,3,1,0.0,,0.0,0,1936.0,A01,138Â 296Â 583,1.0,5.0,-1.0,1644878,1.0,7,,0.0,2.0,1.0,D01,138Â 296Â 580,0.0
963750,201900005281,8,13,09:50,1,1,1,8.0,5.0,62437,D126,M,"50,5374200","1,9894920",62,2019,80.0,1.0,1.0,3.0,2154081,1.0,1,3,1,0.0,,0.0,0,1936.0,A01,138Â 296Â 583,1.0,5.0,-1.0,1644879,1.0,7,,0.0,2.0,1.0,C01,138Â 296Â 581,0.0
963750,201900005281,8,13,09:50,1,1,1,8.0,5.0,62437,D126,M,"50,5374200","1,9894920",62,2019,80.0,1.0,1.0,3.0,2154081,1.0,1,3,1,0.0,,0.0,0,1936.0,A01,138Â 296Â 583,1.0,5.0,-1.0,1644880,2.0,17,,0.0,2.0,3.0,B01,138Â 296Â 582,0.0
963750,201900005281,8,13,09:50,1,1,1,8.0,5.0,62437,D126,M,"50,5374200","1,9894920",62,2019,80.0,1.0,1.0,3.0,2154081,1.0,1,3,1,0.0,,0.0,0,1936.0,A01,138Â 296Â 583,1.0,5.0,-1.0,1644881,2.0,7,,0.0,2.0,1.0,A01,138Â 296Â 583,0.0
963750,201900005281,8,13,09:50,1,1,1,8.0,5.0,62437,D126,M,"50,5374200","1,9894920",62,2019,80.0,1.0,1.0,3.0,2154082,2.0,2,3,2,0.0,,0.0,0,1942.0,A01,138Â 296Â 583,1.0,5.0,-1.0,1644878,1.0,7,,0.0,2.0,1.0,D01,138Â 296Â 580,0.0
963750,201900005281,8,13,09:50,1,1,1,8.0,5.0,62437,D126,M,"50,5374200","1,9894920",62,2019,80.0,1.0,1.0,3.0,2154082,2.0,2,3,2,0.0,,0.0,0,1942.0,A01,138Â 296Â 583,1.0,5.0,-1.0,1644879,1.0,7,,0.0,2.0,1.0,C01,138Â 296Â 581,0.0
963750,201900005281,8,13,09:50,1,1,1,8.0,5.0,62437,D126,M,"50,5374200","1,9894920",62,2019,80.0,1.0,1.0,3.0,2154082,2.0,2,3,2,0.0,,0.0,0,1942.0,A01,138Â 296Â 583,1.0,5.0,-1.0,1644880,2.0,17,,0.0,2.0,3.0,B01,138Â 296Â 582,0.0
963750,201900005281,8,13,09:50,1,1,1,8.0,5.0,62437,D126,M,"50,5374200","1,9894920",62,2019,80.0,1.0,1.0,3.0,2154082,2.0,2,3,2,0.0,,0.0,0,1942.0,A01,138Â 296Â 583,1.0,5.0,-1.0,1644881,2.0,7,,0.0,2.0,1.0,A01,138Â 296Â 583,0.0
963751,201900005282,8,12,21:05,3,1,1,1.0,7.0,74258,Route Departemantale 4,M,"46,0799600","6,6975780",74,2019,80.0,3.0,1.0,3.0,2154083,1.0,1,3,2,5.0,,0.0,0,1988.0,A01,138Â 296Â 579,1.0,-1.0,-1.0,1644882,1.0,7,,13.0,0.0,9.0,A01,138Â 296Â 579,1.0
963752,201900005283,8,11,17:45,1,2,1,1.0,6.0,2B123,Bruscheto,M,"41,9965260","9,4469420",2B,2019,50.0,3.0,1.0,4.0,2154084,1.0,1,1,2,5.0,,0.0,0,1974.0,B01,138Â 296Â 577,0.0,-1.0,-1.0,1644883,0.0,7,,0.0,2.0,4.0,B01,138Â 296Â 577,1.0
963752,201900005283,8,11,17:45,1,2,1,1.0,6.0,2B123,Bruscheto,M,"41,9965260","9,4469420",2B,2019,50.0,3.0,1.0,4.0,2154084,1.0,1,1,2,5.0,,0.0,0,1974.0,B01,138Â 296Â 577,0.0,-1.0,-1.0,1644884,3.0,7,,1.0,0.0,3.0,A01,138Â 296Â 578,1.0
963752,201900005283,8,11,17:45,1,2,1,1.0,6.0,2B123,Bruscheto,M,"41,9965260","9,4469420",2B,2019,50.0,3.0,1.0,4.0,2154085,1.0,1,3,1,5.0,,0.0,0,2000.0,A01,138Â 296Â 578,1.0,-1.0,-1.0,1644883,0.0,7,,0.0,2.0,4.0,B01,138Â 296Â 577,1.0
963752,201900005283,8,11,17:45,1,2,1,1.0,6.0,2B123,Bruscheto,M,"41,9965260","9,4469420",2B,2019,50.0,3.0,1.0,4.0,2154085,1.0,1,3,1,5.0,,0.0,0,2000.0,A01,138Â 296Â 578,1.0,-1.0,-1.0,1644884,3.0,7,,1.0,0.0,3.0,A01,138Â 296Â 578,1.0
963752,201900005283,8,11,17:45,1,2,1,1.0,6.0,2B123,Bruscheto,M,"41,9965260","9,4469420",2B,2019,50.0,3.0,1.0,4.0,2154086,8.0,2,1,1,5.0,,0.0,0,2000.0,A01,138Â 296Â 578,1.0,-1.0,-1.0,1644883,0.0,7,,0.0,2.0,4.0,B01,138Â 296Â 577,1.0
963752,201900005283,8,11,17:45,1,2,1,1.0,6.0,2B123,Bruscheto,M,"41,9965260","9,4469420",2B,2019,50.0,3.0,1.0,4.0,2154086,8.0,2,1,1,5.0,,0.0,0,2000.0,A01,138Â 296Â 578,1.0,-1.0,-1.0,1644884,3.0,7,,1.0,0.0,3.0,A01,138Â 296Â 578,1.0
963752,201900005283,8,11,17:45,1,2,1,1.0,6.0,2B123,Bruscheto,M,"41,9965260","9,4469420",2B,2019,50.0,3.0,1.0,4.0,2154087,2.0,2,1,1,5.0,,0.0,0,2000.0,A01,138Â 296Â 578,1.0,-1.0,-1.0,1644883,0.0,7,,0.0,2.0,4.0,B01,138Â 296Â 577,1.0
963752,201900005283,8,11,17:45,1,2,1,1.0,6.0,2B123,Bruscheto,M,"41,9965260","9,4469420",2B,2019,50.0,3.0,1.0,4.0,2154087,2.0,2,1,1,5.0,,0.0,0,2000.0,A01,138Â 296Â 578,1.0,-1.0,-1.0,1644884,3.0,7,,1.0,0.0,3.0,A01,138Â 296Â 578,1.0
963752,201900005283,8,11,17:45,1,2,1,1.0,6.0,2B123,Bruscheto,M,"41,9965260","9,4469420",2B,2019,50.0,3.0,1.0,4.0,2154088,7.0,2,1,1,5.0,,0.0,0,2000.0,A01,138Â 296Â 578,1.0,-1.0,-1.0,1644883,0.0,7,,0.0,2.0,4.0,B01,138Â 296Â 577,1.0
963752,201900005283,8,11,17:45,1,2,1,1.0,6.0,2B123,Bruscheto,M,"41,9965260","9,4469420",2B,2019,50.0,3.0,1.0,4.0,2154088,7.0,2,1,1,5.0,,0.0,0,2000.0,A01,138Â 296Â 578,1.0,-1.0,-1.0,1644884,3.0,7,,1.0,0.0,3.0,A01,138Â 296Â 578,1.0
963752,201900005283,8,11,17:45,1,2,1,1.0,6.0,2B123,Bruscheto,M,"41,9965260","9,4469420",2B,2019,50.0,3.0,1.0,4.0,2154089,9.0,2,1,1,5.0,,0.0,0,2001.0,A01,138Â 296Â 578,1.0,-1.0,-1.0,1644883,0.0,7,,0.0,2.0,4.0,B01,138Â 296Â 577,1.0
963752,201900005283,8,11,17:45,1,2,1,1.0,6.0,2B123,Bruscheto,M,"41,9965260","9,4469420",2B,2019,50.0,3.0,1.0,4.0,2154089,9.0,2,1,1,5.0,,0.0,0,2001.0,A01,138Â 296Â 578,1.0,-1.0,-1.0,1644884,3.0,7,,1.0,0.0,3.0,A01,138Â 296Â 578,1.0
963753,201900005284,8,13,15:15,1,2,6,1.0,3.0,82013,Avenue du lac,M,"43,8796250","0,9910250",82,2019,50.0,1.0,1.0,3.0,2154090,1.0,1,4,1,5.0,,0.0,0,1944.0,B01,138Â 296Â 575,0.0,-1.0,-1.0,1644885,1.0,1,,0.0,2.0,7.0,B01,138Â 296Â 575,5.0
963753,201900005284,8,13,15:15,1,2,6,1.0,3.0,82013,Avenue du lac,M,"43,8796250","0,9910250",82,2019,50.0,1.0,1.0,3.0,2154090,1.0,1,4,1,5.0,,0.0,0,1944.0,B01,138Â 296Â 575,0.0,-1.0,-1.0,1644886,1.0,7,,0.0,2.0,3.0,A01,138Â 296Â 576,1.0
963753,201900005284,8,13,15:15,1,2,6,1.0,3.0,82013,Avenue du lac,M,"43,8796250","0,9910250",82,2019,50.0,1.0,1.0,3.0,2154091,1.0,1,1,1,1.0,,0.0,0,1963.0,A01,138Â 296Â 576,1.0,-1.0,-1.0,1644885,1.0,1,,0.0,2.0,7.0,B01,138Â 296Â 575,5.0
963753,201900005284,8,13,15:15,1,2,6,1.0,3.0,82013,Avenue du lac,M,"43,8796250","0,9910250",82,2019,50.0,1.0,1.0,3.0,2154091,1.0,1,1,1,1.0,,0.0,0,1963.0,A01,138Â 296Â 576,1.0,-1.0,-1.0,1644886,1.0,7,,0.0,2.0,3.0,A01,138Â 296Â 576,1.0
963754,201900005285,8,13,10:50,1,1,1,1.0,6.0,65050,D 618,M,"42,8388820","0,4117520",65,2019,80.0,1.0,1.0,3.0,2154092,1.0,1,4,1,5.0,,0.0,0,1966.0,A01,138Â 296Â 574,2.0,6.0,9.0,1644887,1.0,33,,0.0,6.0,3.0,A01,138Â 296Â 574,1.0
963754,201900005285,8,13,10:50,1,1,1,1.0,6.0,65050,D 618,M,"42,8388820","0,4117520",65,2019,80.0,1.0,1.0,3.0,2154093,2.0,2,4,2,5.0,,0.0,0,1967.0,A01,138Â 296Â 574,2.0,6.0,9.0,1644887,1.0,33,,0.0,6.0,3.0,A01,138Â 296Â 574,1.0
963755,201900005286,8,12,17:25,1,1,1,1.0,1.0,81182,La PiniÃ©,M,"43,7463241","2,2763682",81,2019,80.0,1.0,1.0,3.0,2154094,1.0,1,3,1,5.0,,0.0,0,1968.0,B01,138Â 296Â 572,1.0,-1.0,-1.0,1644888,2.0,7,,13.0,2.0,3.0,B01,138Â 296Â 572,1.0
963755,201900005286,8,12,17:25,1,1,1,1.0,1.0,81182,La PiniÃ©,M,"43,7463241","2,2763682",81,2019,80.0,1.0,1.0,3.0,2154094,1.0,1,3,1,5.0,,0.0,0,1968.0,B01,138Â 296Â 572,1.0,-1.0,-1.0,1644889,1.0,7,,13.0,2.0,3.0,A01,138Â 296Â 573,1.0
963755,201900005286,8,12,17:25,1,1,1,1.0,1.0,81182,La PiniÃ©,M,"43,7463241","2,2763682",81,2019,80.0,1.0,1.0,3.0,2154095,2.0,2,4,2,5.0,,0.0,0,1968.0,B01,138Â 296Â 572,1.0,-1.0,-1.0,1644888,2.0,7,,13.0,2.0,3.0,B01,138Â 296Â 572,1.0
963755,201900005286,8,12,17:25,1,1,1,1.0,1.0,81182,La PiniÃ©,M,"43,7463241","2,2763682",81,2019,80.0,1.0,1.0,3.0,2154095,2.0,2,4,2,5.0,,0.0,0,1968.0,B01,138Â 296Â 572,1.0,-1.0,-1.0,1644889,1.0,7,,13.0,2.0,3.0,A01,138Â 296Â 573,1.0
963755,201900005286,8,12,17:25,1,1,1,1.0,1.0,81182,La PiniÃ©,M,"43,7463241","2,2763682",81,2019,80.0,1.0,1.0,3.0,2154096,1.0,1,3,2,5.0,,0.0,0,1935.0,A01,138Â 296Â 573,1.0,-1.0,-1.0,1644888,2.0,7,,13.0,2.0,3.0,B01,138Â 296Â 572,1.0