Unnamed: 0_x,num_acc,mois,jour,hrmn,lum,agg,int,atm,col,com,adr,gps,lat,long,dep,annee,vma,situ,surf,catr,Unnamed: 0_y,place,catu,grav,sexe,trajet,secu,locp,actp,an_nais,num_veh_x,id_vehicule_x,secu1,secu2,secu3,Unnamed: 0,senc,catv,occutc,obs,obsm,choc,num_veh_y,id_vehicule_y,motor
963755,201900005286,8,12,17:25,1,1,1,1.0,1.0,81182,La PiniÃ©,M,"43,7463241","2,2763682",81,2019,80.0,1.0,1.0,3.0,2154096,1.0,1,3,2,5.0,,0.0,0,1935.0,A01,138Â 296Â 573,1.0,-1.0,-1.0,1644889,1.0,7,,13.0,2.0,3.0,A01,138Â 296Â 573,1.0
963756,201900005287,8,12,22:40,3,1,1,1.0,7.0,71502,RD5,M,"46,8306270","4,9208260",71,2019,80.0,8.0,1.0,3.0,2154097,1.0,1,3,1,5.0,,0.0,0,1987.0,A01,138Â 296Â 571,1.0,-1.0,-1.0,1644890,3.0,7,,0.0,0.0,0.0,A01,138Â 296Â 571,1.0
963757,201900005288,8,13,17:20,1,2,1,1.0,7.0,71014,Boulevard FrÃ©dÃ©ric Latouche,M,"46,9527920","4,3024420",71,2019,50.0,4.0,1.0,4.0,2154098,1.0,1,4,1,5.0,,0.0,0,1960.0,A01,138Â 296Â 568,2.0,6.0,-1.0,1644891,1.0,2,,12.0,0.0,7.0,A01,138Â 296Â 568,1.0
963758,201900005289,8,11,09:40,1,2,1,1.0,6.0,42017,rue du fÃ©ria,M,"45,3687440","4,5160790",42,2019,50.0,1.0,1.0,3.0,2154099,1.0,1,4,1,5.0,,0.0,0,1955.0,A01,138Â 296Â 567,2.0,-1.0,-1.0,1644892,2.0,1,,12.0,1.0,8.0,A01,138Â 296Â 567,5.0
963758,201900005289,8,11,09:40,1,2,1,1.0,6.0,42017,rue du fÃ©ria,M,"45,3687440","4,5160790",42,2019,50.0,1.0,1.0,3.0,2154100,10.0,3,4,2,5.0,,3.0,3,1945.0,A01,138Â 296Â 567,0.0,-1.0,-1.0,1644892,2.0,1,,12.0,1.0,8.0,A01,138Â 296Â 567,5.0
963759,201900005290,8,12,12:15,1,1,1,1.0,6.0,39323,,M,"47,1657670","5,4965040",39,2019,80.0,3.0,1.0,3.0,2154101,1.0,1,3,2,1.0,,0.0,0,1995.0,A01,138Â 296Â 566,2.0,6.0,-1.0,1644893,2.0,33,,13.0,0.0,2.0,A01,138Â 296Â 566,1.0
963760,201900005291,7,19,15:30,1,2,3,1.0,3.0,35360,Avenue d'Helmstedt,M,"48,1191910"," -1,1876150",35,2019,50.0,1.0,1.0,3.0,2154102,1.0,1,3,2,3.0,,0.0,0,1943.0,A01,138Â 296Â 564,1.0,-1.0,-1.0,1644894,3.0,7,,0.0,2.0,8.0,A01,138Â 296Â 564,1.0
963760,201900005291,7,19,15:30,1,2,3,1.0,3.0,35360,Avenue d'Helmstedt,M,"48,1191910"," -1,1876150",35,2019,50.0,1.0,1.0,3.0,2154102,1.0,1,3,2,3.0,,0.0,0,1943.0,A01,138Â 296Â 564,1.0,-1.0,-1.0,1644895,1.0,17,,0.0,2.0,1.0,B01,138Â 296Â 565,1.0
963760,201900005291,7,19,15:30,1,2,3,1.0,3.0,35360,Avenue d'Helmstedt,M,"48,1191910"," -1,1876150",35,2019,50.0,1.0,1.0,3.0,2154103,1.0,1,1,1,4.0,,0.0,0,1960.0,B01,138Â 296Â 565,1.0,-1.0,-1.0,1644894,3.0,7,,0.0,2.0,8.0,A01,138Â 296Â 564,1.0
963760,201900005291,7,19,15:30,1,2,3,1.0,3.0,35360,Avenue d'Helmstedt,M,"48,1191910"," -1,1876150",35,2019,50.0,1.0,1.0,3.0,2154103,1.0,1,1,1,4.0,,0.0,0,1960.0,B01,138Â 296Â 565,1.0,-1.0,-1.0,1644895,1.0,17,,0.0,2.0,1.0,B01,138Â 296Â 565,1.0
963761,201900005292,8,5,10:15,1,1,4,1.0,3.0,35302,bel-air,M,"48,1871850"," -2,1688620",35,2019,110.0,1.0,1.0,2.0,2154104,1.0,1,1,1,4.0,,0.0,0,1990.0,A01,138Â 296Â 562,1.0,-1.0,-1.0,1644896,2.0,13,,0.0,9.0,2.0,A01,138Â 296Â 562,1.0
963761,201900005292,8,5,10:15,1,1,4,1.0,3.0,35302,bel-air,M,"48,1871850"," -2,1688620",35,2019,110.0,1.0,1.0,2.0,2154104,1.0,1,1,1,4.0,,0.0,0,1990.0,A01,138Â 296Â 562,1.0,-1.0,-1.0,1644897,1.0,1,,0.0,2.0,1.0,B01,138Â 296Â 563,5.0
963761,201900005292,8,5,10:15,1,1,4,1.0,3.0,35302,bel-air,M,"48,1871850"," -2,1688620",35,2019,110.0,1.0,1.0,2.0,2154105,1.0,1,3,1,9.0,,0.0,0,1944.0,B01,138Â 296Â 563,0.0,-1.0,-1.0,1644896,2.0,13,,0.0,9.0,2.0,A01,138Â 296Â 562,1.0
963761,201900005292,8,5,10:15,1,1,4,1.0,3.0,35302,bel-air,M,"48,1871850"," -2,1688620",35,2019,110.0,1.0,1.0,2.0,2154105,1.0,1,3,1,9.0,,0.0,0,1944.0,B01,138Â 296Â 563,0.0,-1.0,-1.0,1644897,1.0,1,,0.0,2.0,1.0,B01,138Â 296Â 563,5.0
963762,201900005293,8,13,16:00,1,1,1,1.0,4.0,38074,PK 31 +300,M,"45,2331490","5,4436100",38,2019,80.0,1.0,1.0,3.0,2154106,1.0,1,1,2,5.0,,0.0,0,2000.0,C01,138Â 296Â 559,0.0,-1.0,-1.0,1644898,1.0,1,,0.0,2.0,4.0,C01,138Â 296Â 559,5.0
963762,201900005293,8,13,16:00,1,1,1,1.0,4.0,38074,PK 31 +300,M,"45,2331490","5,4436100",38,2019,80.0,1.0,1.0,3.0,2154106,1.0,1,1,2,5.0,,0.0,0,2000.0,C01,138Â 296Â 559,0.0,-1.0,-1.0,1644899,1.0,1,,0.0,2.0,4.0,B01,138Â 296Â 560,5.0
963762,201900005293,8,13,16:00,1,1,1,1.0,4.0,38074,PK 31 +300,M,"45,2331490","5,4436100",38,2019,80.0,1.0,1.0,3.0,2154106,1.0,1,1,2,5.0,,0.0,0,2000.0,C01,138Â 296Â 559,0.0,-1.0,-1.0,1644900,1.0,7,,0.0,2.0,2.0,A01,138Â 296Â 561,1.0
963762,201900005293,8,13,16:00,1,1,1,1.0,4.0,38074,PK 31 +300,M,"45,2331490","5,4436100",38,2019,80.0,1.0,1.0,3.0,2154107,1.0,1,4,1,5.0,,0.0,0,2000.0,B01,138Â 296Â 560,0.0,-1.0,-1.0,1644898,1.0,1,,0.0,2.0,4.0,C01,138Â 296Â 559,5.0
963762,201900005293,8,13,16:00,1,1,1,1.0,4.0,38074,PK 31 +300,M,"45,2331490","5,4436100",38,2019,80.0,1.0,1.0,3.0,2154107,1.0,1,4,1,5.0,,0.0,0,2000.0,B01,138Â 296Â 560,0.0,-1.0,-1.0,1644899,1.0,1,,0.0,2.0,4.0,B01,138Â 296Â 560,5.0
963762,201900005293,8,13,16:00,1,1,1,1.0,4.0,38074,PK 31 +300,M,"45,2331490","5,4436100",38,2019,80.0,1.0,1.0,3.0,2154107,1.0,1,4,1,5.0,,0.0,0,2000.0,B01,138Â 296Â 560,0.0,-1.0,-1.0,1644900,1.0,7,,0.0,2.0,2.0,A01,138Â 296Â 561,1.0
963762,201900005293,8,13,16:00,1,1,1,1.0,4.0,38074,PK 31 +300,M,"45,2331490","5,4436100",38,2019,80.0,1.0,1.0,3.0,2154108,1.0,1,1,1,5.0,,0.0,0,1930.0,A01,138Â 296Â 561,1.0,-1.0,-1.0,1644898,1.0,1,,0.0,2.0,4.0,C01,138Â 296Â 559,5.0
963762,201900005293,8,13,16:00,1,1,1,1.0,4.0,38074,PK 31 +300,M,"45,2331490","5,4436100",38,2019,80.0,1.0,1.0,3.0,2154108,1.0,1,1,1,5.0,,0.0,0,1930.0,A01,138Â 296Â 561,1.0,-1.0,-1.0,1644899,1.0,1,,0.0,2.0,4.0,B01,138Â 296Â 560,5.0
963762,201900005293,8,13,16:00,1,1,1,1.0,4.0,38074,PK 31 +300,M,"45,2331490","5,4436100",38,2019,80.0,1.0,1.0,3.0,2154108,1.0,1,1,1,5.0,,0.0,0,1930.0,A01,138Â 296Â 561,1.0,-1.0,-1.0,1644900,1.0,7,,0.0,2.0,2.0,A01,138Â 296Â 561,1.0
963763,201900005294,8,6,20:45,2,1,1,1.0,7.0,01457,Route de Biziat,M,"46,2178000","4,9771410",1,2019,70.0,8.0,1.0,3.0,2154109,1.0,1,3,1,5.0,,0.0,0,2002.0,A01,138Â 296Â 558,2.0,6.0,-1.0,1644901,1.0,2,,0.0,0.0,0.0,A01,138Â 296Â 558,1.0
963764,201900005295,8,12,15:10,1,1,1,1.0,1.0,70038,CD 24,M,"47,5005590","6,1334440",70,2019,80.0,1.0,1.0,3.0,2154110,1.0,1,3,1,1.0,,0.0,0,1973.0,B01,138Â 296Â 556,1.0,-1.0,-1.0,1644902,2.0,7,,0.0,2.0,3.0,B01,138Â 296Â 556,1.0
963764,201900005295,8,12,15:10,1,1,1,1.0,1.0,70038,CD 24,M,"47,5005590","6,1334440",70,2019,80.0,1.0,1.0,3.0,2154110,1.0,1,3,1,1.0,,0.0,0,1973.0,B01,138Â 296Â 556,1.0,-1.0,-1.0,1644903,1.0,7,,0.0,2.0,3.0,A01,138Â 296Â 557,1.0
963764,201900005295,8,12,15:10,1,1,1,1.0,1.0,70038,CD 24,M,"47,5005590","6,1334440",70,2019,80.0,1.0,1.0,3.0,2154111,1.0,1,3,2,1.0,,0.0,0,2000.0,A01,138Â 296Â 557,1.0,-1.0,-1.0,1644902,2.0,7,,0.0,2.0,3.0,B01,138Â 296Â 556,1.0
963764,201900005295,8,12,15:10,1,1,1,1.0,1.0,70038,CD 24,M,"47,5005590","6,1334440",70,2019,80.0,1.0,1.0,3.0,2154111,1.0,1,3,2,1.0,,0.0,0,2000.0,A01,138Â 296Â 557,1.0,-1.0,-1.0,1644903,1.0,7,,0.0,2.0,3.0,A01,138Â 296Â 557,1.0
963765,201900005296,8,13,13:45,1,1,1,1.0,7.0,50064,route dÃ©partentle 15,M,"49,3859298"," -1,4544690",50,2019,80.0,1.0,2.0,3.0,2154112,1.0,1,3,2,1.0,,0.0,0,2000.0,A01,138Â 296Â 555,1.0,-1.0,-1.0,1644904,0.0,7,,13.0,0.0,2.0,A01,138Â 296Â 555,1.0
963766,201900005297,8,12,14:10,1,2,9,1.0,6.0,60471,''mondial pare brise'' - zac du mont renaud,M,"49,5718980","2,9757111",60,2019,50.0,8.0,1.0,6.0,2154113,10.0,3,4,1,3.0,,1.0,9,1961.0,A01,138Â 296Â 554,0.0,-1.0,-1.0,1644905,0.0,7,,0.0,1.0,4.0,A01,138Â 296Â 554,1.0
963766,201900005297,8,12,14:10,1,2,9,1.0,6.0,60471,''mondial pare brise'' - zac du mont renaud,M,"49,5718980","2,9757111",60,2019,50.0,8.0,1.0,6.0,2154114,1.0,1,1,1,5.0,,0.0,0,1966.0,A01,138Â 296Â 554,8.0,-1.0,-1.0,1644905,0.0,7,,0.0,1.0,4.0,A01,138Â 296Â 554,1.0
963767,201900005298,8,4,12:45,1,1,1,1.0,7.0,64108,D 29,M,"43,5116520"," -0,8969080",64,2019,80.0,1.0,1.0,3.0,2154115,2.0,2,4,2,5.0,,0.0,0,1979.0,A01,138Â 296Â 553,2.0,-1.0,-1.0,1644906,1.0,31,,13.0,0.0,3.0,A01,138Â 296Â 553,1.0
963767,201900005298,8,4,12:45,1,1,1,1.0,7.0,64108,D 29,M,"43,5116520"," -0,8969080",64,2019,80.0,1.0,1.0,3.0,2154116,1.0,1,4,1,5.0,,0.0,0,1966.0,A01,138Â 296Â 553,2.0,6.0,-1.0,1644906,1.0,31,,13.0,0.0,3.0,A01,138Â 296Â 553,1.0
963768,201900005299,8,10,05:15,3,2,1,2.0,7.0,64527,D 88,M,"43,3455492"," -1,4709391",64,2019,70.0,3.0,2.0,3.0,2154117,1.0,1,3,2,1.0,,0.0,0,1996.0,A01,138Â 296Â 552,1.0,-1.0,-1.0,1644907,1.0,7,,2.0,0.0,7.0,A01,138Â 296Â 552,0.0
963769,201900005300,8,13,08:51,1,1,1,1.0,5.0,04123,RD 4075 Les Hostes,M,"44,2820600","5,8473160",4,2019,70.0,1.0,1.0,3.0,2154118,7.0,2,1,1,5.0,,0.0,0,2010.0,C01,138Â 296Â 549,1.0,-1.0,-1.0,1644908,2.0,7,,0.0,2.0,7.0,C01,138Â 296Â 549,1.0
963769,201900005300,8,13,08:51,1,1,1,1.0,5.0,04123,RD 4075 Les Hostes,M,"44,2820600","5,8473160",4,2019,70.0,1.0,1.0,3.0,2154118,7.0,2,1,1,5.0,,0.0,0,2010.0,C01,138Â 296Â 549,1.0,-1.0,-1.0,1644909,1.0,21,,0.0,2.0,3.0,B01,138Â 296Â 550,1.0
963769,201900005300,8,13,08:51,1,1,1,1.0,5.0,04123,RD 4075 Les Hostes,M,"44,2820600","5,8473160",4,2019,70.0,1.0,1.0,3.0,2154118,7.0,2,1,1,5.0,,0.0,0,2010.0,C01,138Â 296Â 549,1.0,-1.0,-1.0,1644910,1.0,7,,0.0,0.0,0.0,A01,138Â 296Â 551,1.0
963769,201900005300,8,13,08:51,1,1,1,1.0,5.0,04123,RD 4075 Les Hostes,M,"44,2820600","5,8473160",4,2019,70.0,1.0,1.0,3.0,2154119,1.0,1,3,2,5.0,,0.0,0,1978.0,C01,138Â 296Â 549,1.0,-1.0,-1.0,1644908,2.0,7,,0.0,2.0,7.0,C01,138Â 296Â 549,1.0
963769,201900005300,8,13,08:51,1,1,1,1.0,5.0,04123,RD 4075 Les Hostes,M,"44,2820600","5,8473160",4,2019,70.0,1.0,1.0,3.0,2154119,1.0,1,3,2,5.0,,0.0,0,1978.0,C01,138Â 296Â 549,1.0,-1.0,-1.0,1644909,1.0,21,,0.0,2.0,3.0,B01,138Â 296Â 550,1.0
963769,201900005300,8,13,08:51,1,1,1,1.0,5.0,04123,RD 4075 Les Hostes,M,"44,2820600","5,8473160",4,2019,70.0,1.0,1.0,3.0,2154119,1.0,1,3,2,5.0,,0.0,0,1978.0,C01,138Â 296Â 549,1.0,-1.0,-1.0,1644910,1.0,7,,0.0,0.0,0.0,A01,138Â 296Â 551,1.0
963769,201900005300,8,13,08:51,1,1,1,1.0,5.0,04123,RD 4075 Les Hostes,M,"44,2820600","5,8473160",4,2019,70.0,1.0,1.0,3.0,2154120,9.0,2,1,2,5.0,,0.0,0,2008.0,C01,138Â 296Â 549,1.0,-1.0,-1.0,1644908,2.0,7,,0.0,2.0,7.0,C01,138Â 296Â 549,1.0
963769,201900005300,8,13,08:51,1,1,1,1.0,5.0,04123,RD 4075 Les Hostes,M,"44,2820600","5,8473160",4,2019,70.0,1.0,1.0,3.0,2154120,9.0,2,1,2,5.0,,0.0,0,2008.0,C01,138Â 296Â 549,1.0,-1.0,-1.0,1644909,1.0,21,,0.0,2.0,3.0,B01,138Â 296Â 550,1.0
963769,201900005300,8,13,08:51,1,1,1,1.0,5.0,04123,RD 4075 Les Hostes,M,"44,2820600","5,8473160",4,2019,70.0,1.0,1.0,3.0,2154120,9.0,2,1,2,5.0,,0.0,0,2008.0,C01,138Â 296Â 549,1.0,-1.0,-1.0,1644910,1.0,7,,0.0,0.0,0.0,A01,138Â 296Â 551,1.0
963769,201900005300,8,13,08:51,1,1,1,1.0,5.0,04123,RD 4075 Les Hostes,M,"44,2820600","5,8473160",4,2019,70.0,1.0,1.0,3.0,2154121,2.0,2,1,1,5.0,,0.0,0,1977.0,C01,138Â 296Â 549,1.0,-1.0,-1.0,1644908,2.0,7,,0.0,2.0,7.0,C01,138Â 296Â 549,1.0
963769,201900005300,8,13,08:51,1,1,1,1.0,5.0,04123,RD 4075 Les Hostes,M,"44,2820600","5,8473160",4,2019,70.0,1.0,1.0,3.0,2154121,2.0,2,1,1,5.0,,0.0,0,1977.0,C01,138Â 296Â 549,1.0,-1.0,-1.0,1644909,1.0,21,,0.0,2.0,3.0,B01,138Â 296Â 550,1.0
963769,201900005300,8,13,08:51,1,1,1,1.0,5.0,04123,RD 4075 Les Hostes,M,"44,2820600","5,8473160",4,2019,70.0,1.0,1.0,3.0,2154121,2.0,2,1,1,5.0,,0.0,0,1977.0,C01,138Â 296Â 549,1.0,-1.0,-1.0,1644910,1.0,7,,0.0,0.0,0.0,A01,138Â 296Â 551,1.0
963769,201900005300,8,13,08:51,1,1,1,1.0,5.0,04123,RD 4075 Les Hostes,M,"44,2820600","5,8473160",4,2019,70.0,1.0,1.0,3.0,2154122,1.0,1,1,1,1.0,,0.0,0,1956.0,B01,138Â 296Â 550,0.0,-1.0,-1.0,1644908,2.0,7,,0.0,2.0,7.0,C01,138Â 296Â 549,1.0
963769,201900005300,8,13,08:51,1,1,1,1.0,5.0,04123,RD 4075 Les Hostes,M,"44,2820600","5,8473160",4,2019,70.0,1.0,1.0,3.0,2154122,1.0,1,1,1,1.0,,0.0,0,1956.0,B01,138Â 296Â 550,0.0,-1.0,-1.0,1644909,1.0,21,,0.0,2.0,3.0,B01,138Â 296Â 550,1.0
963769,201900005300,8,13,08:51,1,1,1,1.0,5.0,04123,RD 4075 Les Hostes,M,"44,2820600","5,8473160",4,2019,70.0,1.0,1.0,3.0,2154122,1.0,1,1,1,1.0,,0.0,0,1956.0,B01,138Â 296Â 550,0.0,-1.0,-1.0,1644910,1.0,7,,0.0,0.0,0.0,A01,138Â 296Â 551,1.0
963769,201900005300,8,13,08:51,1,1,1,1.0,5.0,04123,RD 4075 Les Hostes,M,"44,2820600","5,8473160",4,2019,70.0,1.0,1.0,3.0,2154123,1.0,1,1,1,1.0,,0.0,0,1994.0,A01,138Â 296Â 551,1.0,-1.0,-1.0,1644908,2.0,7,,0.0,2.0,7.0,C01,138Â 296Â 549,1.0
963769,201900005300,8,13,08:51,1,1,1,1.0,5.0,04123,RD 4075 Les Hostes,M,"44,2820600","5,8473160",4,2019,70.0,1.0,1.0,3.0,2154123,1.0,1,1,1,1.0,,0.0,0,1994.0,A01,138Â 296Â 551,1.0,-1.0,-1.0,1644909,1.0,21,,0.0,2.0,3.0,B01,138Â 296Â 550,1.0
963769,201900005300,8,13,08:51,1,1,1,1.0,5.0,04123,RD 4075 Les Hostes,M,"44,2820600","5,8473160",4,2019,70.0,1.0,1.0,3.0,2154123,1.0,1,1,1,1.0,,0.0,0,1994.0,A01,138Â 296Â 551,1.0,-1.0,-1.0,1644910,1.0,7,,0.0,0.0,0.0,A01,138Â 296Â 551,1.0
963770,201900005301,8,13,17:30,1,2,1,1.0,6.0,04108,Place de la rÃ©publique,M,"44,0446410","6,0306144",4,2019,50.0,1.0,1.0,6.0,2154124,1.0,1,1,1,5.0,,0.0,0,1981.0,A01,138Â 296Â 548,1.0,-1.0,-1.0,1644911,0.0,7,,0.0,1.0,4.0,A01,138Â 296Â 548,1.0
963770,201900005301,8,13,17:30,1,2,1,1.0,6.0,04108,Place de la rÃ©publique,M,"44,0446410","6,0306144",4,2019,50.0,1.0,1.0,6.0,2154125,10.0,3,4,2,5.0,,3.0,3,1930.0,A01,138Â 296Â 548,0.0,-1.0,-1.0,1644911,0.0,7,,0.0,1.0,4.0,A01,138Â 296Â 548,1.0
963771,201900005302,8,12,13:10,1,1,1,1.0,2.0,60030,Autoroute A.16,M,"49,3454370","2,1077242",60,2019,130.0,1.0,1.0,1.0,2154126,4.0,2,3,2,5.0,,0.0,0,1954.0,B01,138Â 296Â 546,1.0,-1.0,-1.0,1644912,2.0,7,,0.0,0.0,4.0,B01,138Â 296Â 546,1.0
963771,201900005302,8,12,13:10,1,1,1,1.0,2.0,60030,Autoroute A.16,M,"49,3454370","2,1077242",60,2019,130.0,1.0,1.0,1.0,2154126,4.0,2,3,2,5.0,,0.0,0,1954.0,B01,138Â 296Â 546,1.0,-1.0,-1.0,1644913,2.0,7,,0.0,2.0,4.0,A01,138Â 296Â 547,1.0
963771,201900005302,8,12,13:10,1,1,1,1.0,2.0,60030,Autoroute A.16,M,"49,3454370","2,1077242",60,2019,130.0,1.0,1.0,1.0,2154127,1.0,1,4,1,5.0,,0.0,0,1947.0,B01,138Â 296Â 546,1.0,-1.0,-1.0,1644912,2.0,7,,0.0,0.0,4.0,B01,138Â 296Â 546,1.0
963771,201900005302,8,12,13:10,1,1,1,1.0,2.0,60030,Autoroute A.16,M,"49,3454370","2,1077242",60,2019,130.0,1.0,1.0,1.0,2154127,1.0,1,4,1,5.0,,0.0,0,1947.0,B01,138Â 296Â 546,1.0,-1.0,-1.0,1644913,2.0,7,,0.0,2.0,4.0,A01,138Â 296Â 547,1.0
963771,201900005302,8,12,13:10,1,1,1,1.0,2.0,60030,Autoroute A.16,M,"49,3454370","2,1077242",60,2019,130.0,1.0,1.0,1.0,2154128,3.0,2,4,2,5.0,,0.0,0,1976.0,B01,138Â 296Â 546,1.0,-1.0,-1.0,1644912,2.0,7,,0.0,0.0,4.0,B01,138Â 296Â 546,1.0
963771,201900005302,8,12,13:10,1,1,1,1.0,2.0,60030,Autoroute A.16,M,"49,3454370","2,1077242",60,2019,130.0,1.0,1.0,1.0,2154128,3.0,2,4,2,5.0,,0.0,0,1976.0,B01,138Â 296Â 546,1.0,-1.0,-1.0,1644913,2.0,7,,0.0,2.0,4.0,A01,138Â 296Â 547,1.0
963771,201900005302,8,12,13:10,1,1,1,1.0,2.0,60030,Autoroute A.16,M,"49,3454370","2,1077242",60,2019,130.0,1.0,1.0,1.0,2154129,2.0,2,1,1,5.0,,0.0,0,2007.0,B01,138Â 296Â 546,1.0,-1.0,-1.0,1644912,2.0,7,,0.0,0.0,4.0,B01,138Â 296Â 546,1.0
963771,201900005302,8,12,13:10,1,1,1,1.0,2.0,60030,Autoroute A.16,M,"49,3454370","2,1077242",60,2019,130.0,1.0,1.0,1.0,2154129,2.0,2,1,1,5.0,,0.0,0,2007.0,B01,138Â 296Â 546,1.0,-1.0,-1.0,1644913,2.0,7,,0.0,2.0,4.0,A01,138Â 296Â 547,1.0
963771,201900005302,8,12,13:10,1,1,1,1.0,2.0,60030,Autoroute A.16,M,"49,3454370","2,1077242",60,2019,130.0,1.0,1.0,1.0,2154130,1.0,1,1,1,5.0,,0.0,0,1987.0,A01,138Â 296Â 547,1.0,-1.0,-1.0,1644912,2.0,7,,0.0,0.0,4.0,B01,138Â 296Â 546,1.0
963771,201900005302,8,12,13:10,1,1,1,1.0,2.0,60030,Autoroute A.16,M,"49,3454370","2,1077242",60,2019,130.0,1.0,1.0,1.0,2154130,1.0,1,1,1,5.0,,0.0,0,1987.0,A01,138Â 296Â 547,1.0,-1.0,-1.0,1644913,2.0,7,,0.0,2.0,4.0,A01,138Â 296Â 547,1.0
963771,201900005302,8,12,13:10,1,1,1,1.0,2.0,60030,Autoroute A.16,M,"49,3454370","2,1077242",60,2019,130.0,1.0,1.0,1.0,2154131,2.0,2,1,2,5.0,,0.0,0,2013.0,A01,138Â 296Â 547,1.0,9.0,-1.0,1644912,2.0,7,,0.0,0.0,4.0,B01,138Â 296Â 546,1.0
963771,201900005302,8,12,13:10,1,1,1,1.0,2.0,60030,Autoroute A.16,M,"49,3454370","2,1077242",60,2019,130.0,1.0,1.0,1.0,2154131,2.0,2,1,2,5.0,,0.0,0,2013.0,A01,138Â 296Â 547,1.0,9.0,-1.0,1644913,2.0,7,,0.0,2.0,4.0,A01,138Â 296Â 547,1.0
963772,201900005303,8,10,11:23,1,1,1,1.0,6.0,31396,Autoroute A66 - Sens Pamiers-Toulouse - PK 009.800,M,"43,3530349","1,5922827",31,2019,130.0,3.0,1.0,1.0,2154132,1.0,1,1,2,5.0,,0.0,0,1961.0,A01,138Â 296Â 545,1.0,-1.0,-1.0,1644914,2.0,7,,13.0,0.0,1.0,A01,138Â 296Â 545,0.0
963772,201900005303,8,10,11:23,1,1,1,1.0,6.0,31396,Autoroute A66 - Sens Pamiers-Toulouse - PK 009.800,M,"43,3530349","1,5922827",31,2019,130.0,3.0,1.0,1.0,2154133,7.0,2,3,2,5.0,,0.0,0,1958.0,A01,138Â 296Â 545,1.0,-1.0,-1.0,1644914,2.0,7,,13.0,0.0,1.0,A01,138Â 296Â 545,0.0
963772,201900005303,8,10,11:23,1,1,1,1.0,6.0,31396,Autoroute A66 - Sens Pamiers-Toulouse - PK 009.800,M,"43,3530349","1,5922827",31,2019,130.0,3.0,1.0,1.0,2154134,2.0,2,4,1,5.0,,0.0,0,1952.0,A01,138Â 296Â 545,1.0,-1.0,-1.0,1644914,2.0,7,,13.0,0.0,1.0,A01,138Â 296Â 545,0.0
963772,201900005303,8,10,11:23,1,1,1,1.0,6.0,31396,Autoroute A66 - Sens Pamiers-Toulouse - PK 009.800,M,"43,3530349","1,5922827",31,2019,130.0,3.0,1.0,1.0,2154135,9.0,2,1,2,5.0,,0.0,0,1963.0,A01,138Â 296Â 545,1.0,-1.0,-1.0,1644914,2.0,7,,13.0,0.0,1.0,A01,138Â 296Â 545,0.0
963773,201900005304,8,10,12:55,1,1,1,6.0,6.0,62224,A26  sens REIMS - CALAIS,M,"50,5380470","2,5684040",62,2019,130.0,2.0,1.0,1.0,2154136,1.0,1,3,1,0.0,,0.0,0,1929.0,A01,138Â 296Â 544,1.0,5.0,-1.0,1644915,2.0,7,,3.0,0.0,1.0,A01,138Â 296Â 544,0.0
963774,201900005305,8,10,04:00,5,2,1,1.0,2.0,97103,"RN 1, La Jaille, face magasin MIDAS, direction BASSE TERRE",M,"16,2536730"," -61,5747900",971,2019,90.0,1.0,1.0,2.0,2154137,1.0,1,3,1,5.0,,0.0,0,1974.0,B01,138Â 296Â 542,2.0,-1.0,-1.0,1644916,0.0,7,,0.0,2.0,1.0,A01,138Â 296Â 541,1.0
963774,201900005305,8,10,04:00,5,2,1,1.0,2.0,97103,"RN 1, La Jaille, face magasin MIDAS, direction BASSE TERRE",M,"16,2536730"," -61,5747900",971,2019,90.0,1.0,1.0,2.0,2154137,1.0,1,3,1,5.0,,0.0,0,1974.0,B01,138Â 296Â 542,2.0,-1.0,-1.0,1644917,0.0,2,,0.0,0.0,4.0,B01,138Â 296Â 542,1.0
963775,201900005306,8,12,12:00,1,1,1,1.0,2.0,59047,autoroute a26 calais reims PR 142.800,M,"50,0613200","3,1981130",59,2019,130.0,1.0,1.0,1.0,2154138,1.0,1,1,1,1.0,,0.0,0,1991.0,B01,138Â 296Â 539,1.0,-1.0,-1.0,1644918,1.0,10,,0.0,2.0,2.0,B01,138Â 296Â 539,1.0
963775,201900005306,8,12,12:00,1,1,1,1.0,2.0,59047,autoroute a26 calais reims PR 142.800,M,"50,0613200","3,1981130",59,2019,130.0,1.0,1.0,1.0,2154138,1.0,1,1,1,1.0,,0.0,0,1991.0,B01,138Â 296Â 539,1.0,-1.0,-1.0,1644919,1.0,7,,13.0,0.0,6.0,A01,138Â 296Â 540,1.0
963775,201900005306,8,12,12:00,1,1,1,1.0,2.0,59047,autoroute a26 calais reims PR 142.800,M,"50,0613200","3,1981130",59,2019,130.0,1.0,1.0,1.0,2154139,1.0,1,4,1,5.0,,0.0,0,1979.0,A01,138Â 296Â 540,0.0,-1.0,-1.0,1644918,1.0,10,,0.0,2.0,2.0,B01,138Â 296Â 539,1.0
963775,201900005306,8,12,12:00,1,1,1,1.0,2.0,59047,autoroute a26 calais reims PR 142.800,M,"50,0613200","3,1981130",59,2019,130.0,1.0,1.0,1.0,2154139,1.0,1,4,1,5.0,,0.0,0,1979.0,A01,138Â 296Â 540,0.0,-1.0,-1.0,1644919,1.0,7,,13.0,0.0,6.0,A01,138Â 296Â 540,1.0