Unnamed: 0_x,num_acc,mois,jour,hrmn,lum,agg,int,atm,col,com,adr,gps,lat,long,dep,annee,vma,situ,surf,catr,Unnamed: 0_y,place,catu,grav,sexe,trajet,secu,locp,actp,an_nais,num_veh_x,id_vehicule_x,secu1,secu2,secu3,Unnamed: 0,senc,catv,occutc,obs,obsm,choc,num_veh_y,id_vehicule_y,motor
963776,201900005307,8,13,21:20,3,1,1,1.0,6.0,77520,Autoroute A6 - PK 64+600 - Sens PARIS / Province,M,"48,3157170","2,6279710",77,2019,-1.0,1.0,1.0,1.0,2154140,1.0,1,4,1,0.0,,0.0,0,1964.0,A01,138Â 296Â 538,1.0,-1.0,-1.0,1644920,1.0,7,,4.0,0.0,0.0,A01,138Â 296Â 538,0.0
963777,201900005308,8,11,07:00,1,2,1,1.0,6.0,98813,V.U 46 MearÃ©,M," -21,7167300","165,8486100",988,2019,50.0,3.0,9.0,4.0,2154141,1.0,1,4,1,5.0,,0.0,0,1997.0,A01,138Â 296Â 537,0.0,-1.0,-1.0,1644921,3.0,10,,13.0,0.0,7.0,A01,138Â 296Â 537,1.0
963777,201900005308,8,11,07:00,1,2,1,1.0,6.0,98813,V.U 46 MearÃ©,M," -21,7167300","165,8486100",988,2019,50.0,3.0,9.0,4.0,2154142,2.0,2,1,2,5.0,,0.0,0,1999.0,A01,138Â 296Â 537,0.0,-1.0,-1.0,1644921,3.0,10,,13.0,0.0,7.0,A01,138Â 296Â 537,1.0
963777,201900005308,8,11,07:00,1,2,1,1.0,6.0,98813,V.U 46 MearÃ©,M," -21,7167300","165,8486100",988,2019,50.0,3.0,9.0,4.0,2154143,3.0,2,3,1,5.0,,0.0,0,2003.0,A01,138Â 296Â 537,0.0,-1.0,-1.0,1644921,3.0,10,,13.0,0.0,7.0,A01,138Â 296Â 537,1.0
963777,201900005308,8,11,07:00,1,2,1,1.0,6.0,98813,V.U 46 MearÃ©,M," -21,7167300","165,8486100",988,2019,50.0,3.0,9.0,4.0,2154144,4.0,2,1,1,5.0,,0.0,0,2001.0,A01,138Â 296Â 537,0.0,-1.0,-1.0,1644921,3.0,10,,13.0,0.0,7.0,A01,138Â 296Â 537,1.0
963778,201900005309,8,11,19:00,2,2,1,1.0,4.0,97801,"RN7, hope estate",M,"18,0957990"," -63,0351590",978,2019,50.0,1.0,1.0,2.0,2154145,2.0,2,1,2,0.0,,0.0,0,2015.0,C01,138Â 296Â 534,1.0,-1.0,-1.0,1644922,3.0,10,,0.0,2.0,1.0,C01,138Â 296Â 534,1.0
963778,201900005309,8,11,19:00,2,2,1,1.0,4.0,97801,"RN7, hope estate",M,"18,0957990"," -63,0351590",978,2019,50.0,1.0,1.0,2.0,2154145,2.0,2,1,2,0.0,,0.0,0,2015.0,C01,138Â 296Â 534,1.0,-1.0,-1.0,1644923,3.0,7,,1.0,0.0,4.0,B01,138Â 296Â 535,1.0
963778,201900005309,8,11,19:00,2,2,1,1.0,4.0,97801,"RN7, hope estate",M,"18,0957990"," -63,0351590",978,2019,50.0,1.0,1.0,2.0,2154145,2.0,2,1,2,0.0,,0.0,0,2015.0,C01,138Â 296Â 534,1.0,-1.0,-1.0,1644924,3.0,7,,0.0,0.0,4.0,A01,138Â 296Â 536,1.0
963778,201900005309,8,11,19:00,2,2,1,1.0,4.0,97801,"RN7, hope estate",M,"18,0957990"," -63,0351590",978,2019,50.0,1.0,1.0,2.0,2154146,1.0,1,1,1,0.0,,0.0,0,1993.0,C01,138Â 296Â 534,1.0,-1.0,-1.0,1644922,3.0,10,,0.0,2.0,1.0,C01,138Â 296Â 534,1.0
963778,201900005309,8,11,19:00,2,2,1,1.0,4.0,97801,"RN7, hope estate",M,"18,0957990"," -63,0351590",978,2019,50.0,1.0,1.0,2.0,2154146,1.0,1,1,1,0.0,,0.0,0,1993.0,C01,138Â 296Â 534,1.0,-1.0,-1.0,1644923,3.0,7,,1.0,0.0,4.0,B01,138Â 296Â 535,1.0
963778,201900005309,8,11,19:00,2,2,1,1.0,4.0,97801,"RN7, hope estate",M,"18,0957990"," -63,0351590",978,2019,50.0,1.0,1.0,2.0,2154146,1.0,1,1,1,0.0,,0.0,0,1993.0,C01,138Â 296Â 534,1.0,-1.0,-1.0,1644924,3.0,7,,0.0,0.0,4.0,A01,138Â 296Â 536,1.0
963778,201900005309,8,11,19:00,2,2,1,1.0,4.0,97801,"RN7, hope estate",M,"18,0957990"," -63,0351590",978,2019,50.0,1.0,1.0,2.0,2154147,6.0,2,1,2,0.0,,0.0,0,2017.0,C01,138Â 296Â 534,1.0,-1.0,-1.0,1644922,3.0,10,,0.0,2.0,1.0,C01,138Â 296Â 534,1.0
963778,201900005309,8,11,19:00,2,2,1,1.0,4.0,97801,"RN7, hope estate",M,"18,0957990"," -63,0351590",978,2019,50.0,1.0,1.0,2.0,2154147,6.0,2,1,2,0.0,,0.0,0,2017.0,C01,138Â 296Â 534,1.0,-1.0,-1.0,1644923,3.0,7,,1.0,0.0,4.0,B01,138Â 296Â 535,1.0
963778,201900005309,8,11,19:00,2,2,1,1.0,4.0,97801,"RN7, hope estate",M,"18,0957990"," -63,0351590",978,2019,50.0,1.0,1.0,2.0,2154147,6.0,2,1,2,0.0,,0.0,0,2017.0,C01,138Â 296Â 534,1.0,-1.0,-1.0,1644924,3.0,7,,0.0,0.0,4.0,A01,138Â 296Â 536,1.0
963778,201900005309,8,11,19:00,2,2,1,1.0,4.0,97801,"RN7, hope estate",M,"18,0957990"," -63,0351590",978,2019,50.0,1.0,1.0,2.0,2154148,9.0,2,1,2,0.0,,0.0,0,2018.0,B01,138Â 296Â 535,1.0,-1.0,-1.0,1644922,3.0,10,,0.0,2.0,1.0,C01,138Â 296Â 534,1.0
963778,201900005309,8,11,19:00,2,2,1,1.0,4.0,97801,"RN7, hope estate",M,"18,0957990"," -63,0351590",978,2019,50.0,1.0,1.0,2.0,2154148,9.0,2,1,2,0.0,,0.0,0,2018.0,B01,138Â 296Â 535,1.0,-1.0,-1.0,1644923,3.0,7,,1.0,0.0,4.0,B01,138Â 296Â 535,1.0
963778,201900005309,8,11,19:00,2,2,1,1.0,4.0,97801,"RN7, hope estate",M,"18,0957990"," -63,0351590",978,2019,50.0,1.0,1.0,2.0,2154148,9.0,2,1,2,0.0,,0.0,0,2018.0,B01,138Â 296Â 535,1.0,-1.0,-1.0,1644924,3.0,7,,0.0,0.0,4.0,A01,138Â 296Â 536,1.0
963778,201900005309,8,11,19:00,2,2,1,1.0,4.0,97801,"RN7, hope estate",M,"18,0957990"," -63,0351590",978,2019,50.0,1.0,1.0,2.0,2154149,2.0,2,1,2,0.0,,0.0,0,1981.0,B01,138Â 296Â 535,1.0,-1.0,-1.0,1644922,3.0,10,,0.0,2.0,1.0,C01,138Â 296Â 534,1.0
963778,201900005309,8,11,19:00,2,2,1,1.0,4.0,97801,"RN7, hope estate",M,"18,0957990"," -63,0351590",978,2019,50.0,1.0,1.0,2.0,2154149,2.0,2,1,2,0.0,,0.0,0,1981.0,B01,138Â 296Â 535,1.0,-1.0,-1.0,1644923,3.0,7,,1.0,0.0,4.0,B01,138Â 296Â 535,1.0
963778,201900005309,8,11,19:00,2,2,1,1.0,4.0,97801,"RN7, hope estate",M,"18,0957990"," -63,0351590",978,2019,50.0,1.0,1.0,2.0,2154149,2.0,2,1,2,0.0,,0.0,0,1981.0,B01,138Â 296Â 535,1.0,-1.0,-1.0,1644924,3.0,7,,0.0,0.0,4.0,A01,138Â 296Â 536,1.0
963778,201900005309,8,11,19:00,2,2,1,1.0,4.0,97801,"RN7, hope estate",M,"18,0957990"," -63,0351590",978,2019,50.0,1.0,1.0,2.0,2154150,1.0,1,1,1,0.0,,0.0,0,1979.0,B01,138Â 296Â 535,1.0,-1.0,-1.0,1644922,3.0,10,,0.0,2.0,1.0,C01,138Â 296Â 534,1.0
963778,201900005309,8,11,19:00,2,2,1,1.0,4.0,97801,"RN7, hope estate",M,"18,0957990"," -63,0351590",978,2019,50.0,1.0,1.0,2.0,2154150,1.0,1,1,1,0.0,,0.0,0,1979.0,B01,138Â 296Â 535,1.0,-1.0,-1.0,1644923,3.0,7,,1.0,0.0,4.0,B01,138Â 296Â 535,1.0
963778,201900005309,8,11,19:00,2,2,1,1.0,4.0,97801,"RN7, hope estate",M,"18,0957990"," -63,0351590",978,2019,50.0,1.0,1.0,2.0,2154150,1.0,1,1,1,0.0,,0.0,0,1979.0,B01,138Â 296Â 535,1.0,-1.0,-1.0,1644924,3.0,7,,0.0,0.0,4.0,A01,138Â 296Â 536,1.0
963778,201900005309,8,11,19:00,2,2,1,1.0,4.0,97801,"RN7, hope estate",M,"18,0957990"," -63,0351590",978,2019,50.0,1.0,1.0,2.0,2154151,6.0,2,4,2,0.0,,0.0,0,2001.0,B01,138Â 296Â 535,0.0,-1.0,-1.0,1644922,3.0,10,,0.0,2.0,1.0,C01,138Â 296Â 534,1.0
963778,201900005309,8,11,19:00,2,2,1,1.0,4.0,97801,"RN7, hope estate",M,"18,0957990"," -63,0351590",978,2019,50.0,1.0,1.0,2.0,2154151,6.0,2,4,2,0.0,,0.0,0,2001.0,B01,138Â 296Â 535,0.0,-1.0,-1.0,1644923,3.0,7,,1.0,0.0,4.0,B01,138Â 296Â 535,1.0
963778,201900005309,8,11,19:00,2,2,1,1.0,4.0,97801,"RN7, hope estate",M,"18,0957990"," -63,0351590",978,2019,50.0,1.0,1.0,2.0,2154151,6.0,2,4,2,0.0,,0.0,0,2001.0,B01,138Â 296Â 535,0.0,-1.0,-1.0,1644924,3.0,7,,0.0,0.0,4.0,A01,138Â 296Â 536,1.0
963778,201900005309,8,11,19:00,2,2,1,1.0,4.0,97801,"RN7, hope estate",M,"18,0957990"," -63,0351590",978,2019,50.0,1.0,1.0,2.0,2154152,7.0,2,1,1,0.0,,0.0,0,2014.0,B01,138Â 296Â 535,0.0,-1.0,-1.0,1644922,3.0,10,,0.0,2.0,1.0,C01,138Â 296Â 534,1.0
963778,201900005309,8,11,19:00,2,2,1,1.0,4.0,97801,"RN7, hope estate",M,"18,0957990"," -63,0351590",978,2019,50.0,1.0,1.0,2.0,2154152,7.0,2,1,1,0.0,,0.0,0,2014.0,B01,138Â 296Â 535,0.0,-1.0,-1.0,1644923,3.0,7,,1.0,0.0,4.0,B01,138Â 296Â 535,1.0
963778,201900005309,8,11,19:00,2,2,1,1.0,4.0,97801,"RN7, hope estate",M,"18,0957990"," -63,0351590",978,2019,50.0,1.0,1.0,2.0,2154152,7.0,2,1,1,0.0,,0.0,0,2014.0,B01,138Â 296Â 535,0.0,-1.0,-1.0,1644924,3.0,7,,0.0,0.0,4.0,A01,138Â 296Â 536,1.0
963778,201900005309,8,11,19:00,2,2,1,1.0,4.0,97801,"RN7, hope estate",M,"18,0957990"," -63,0351590",978,2019,50.0,1.0,1.0,2.0,2154153,1.0,1,1,1,0.0,,0.0,0,1984.0,A01,138Â 296Â 536,1.0,-1.0,-1.0,1644922,3.0,10,,0.0,2.0,1.0,C01,138Â 296Â 534,1.0
963778,201900005309,8,11,19:00,2,2,1,1.0,4.0,97801,"RN7, hope estate",M,"18,0957990"," -63,0351590",978,2019,50.0,1.0,1.0,2.0,2154153,1.0,1,1,1,0.0,,0.0,0,1984.0,A01,138Â 296Â 536,1.0,-1.0,-1.0,1644923,3.0,7,,1.0,0.0,4.0,B01,138Â 296Â 535,1.0
963778,201900005309,8,11,19:00,2,2,1,1.0,4.0,97801,"RN7, hope estate",M,"18,0957990"," -63,0351590",978,2019,50.0,1.0,1.0,2.0,2154153,1.0,1,1,1,0.0,,0.0,0,1984.0,A01,138Â 296Â 536,1.0,-1.0,-1.0,1644924,3.0,7,,0.0,0.0,4.0,A01,138Â 296Â 536,1.0
963779,201900005310,8,13,07:23,1,1,1,1.0,1.0,21452,CD 905  BIS,M,"47,2830030","5,1040200",21,2019,70.0,1.0,1.0,3.0,2154154,1.0,1,2,2,5.0,,0.0,0,1971.0,A01,138Â 296Â 532,1.0,5.0,-1.0,1644925,1.0,7,,0.0,2.0,1.0,A01,138Â 296Â 532,1.0
963779,201900005310,8,13,07:23,1,1,1,1.0,1.0,21452,CD 905  BIS,M,"47,2830030","5,1040200",21,2019,70.0,1.0,1.0,3.0,2154154,1.0,1,2,2,5.0,,0.0,0,1971.0,A01,138Â 296Â 532,1.0,5.0,-1.0,1644926,2.0,7,,0.0,2.0,1.0,B01,138Â 296Â 533,1.0
963779,201900005310,8,13,07:23,1,1,1,1.0,1.0,21452,CD 905  BIS,M,"47,2830030","5,1040200",21,2019,70.0,1.0,1.0,3.0,2154155,1.0,1,3,2,1.0,,0.0,0,1986.0,B01,138Â 296Â 533,1.0,5.0,-1.0,1644925,1.0,7,,0.0,2.0,1.0,A01,138Â 296Â 532,1.0
963779,201900005310,8,13,07:23,1,1,1,1.0,1.0,21452,CD 905  BIS,M,"47,2830030","5,1040200",21,2019,70.0,1.0,1.0,3.0,2154155,1.0,1,3,2,1.0,,0.0,0,1986.0,B01,138Â 296Â 533,1.0,5.0,-1.0,1644926,2.0,7,,0.0,2.0,1.0,B01,138Â 296Â 533,1.0
963780,201900005311,8,13,21:30,5,2,1,1.0,7.0,45082,4 Avenue Ferdinand Arnodin,M,"47,8685261","2,2228335",45,2019,50.0,1.0,1.0,4.0,2154156,1.0,1,3,1,5.0,,0.0,0,1968.0,A01,138Â 296Â 530,8.0,-1.0,-1.0,1644927,2.0,33,,12.0,0.0,7.0,A01,138Â 296Â 530,1.0
963780,201900005311,8,13,21:30,5,2,1,1.0,7.0,45082,4 Avenue Ferdinand Arnodin,M,"47,8685261","2,2228335",45,2019,50.0,1.0,1.0,4.0,2154157,2.0,2,4,1,5.0,,0.0,0,1978.0,A01,138Â 296Â 530,8.0,-1.0,-1.0,1644927,2.0,33,,12.0,0.0,7.0,A01,138Â 296Â 530,1.0
963781,201900005312,8,12,22:45,3,1,1,2.0,6.0,77238,D407,M,"48,9348400","3,1744000",77,2019,80.0,3.0,2.0,3.0,2154158,4.0,2,4,1,9.0,,0.0,0,2012.0,A01,138Â 296Â 529,8.0,-1.0,-1.0,1644928,2.0,7,,15.0,0.0,7.0,A01,138Â 296Â 529,1.0
963781,201900005312,8,12,22:45,3,1,1,2.0,6.0,77238,D407,M,"48,9348400","3,1744000",77,2019,80.0,3.0,2.0,3.0,2154159,1.0,1,3,1,0.0,,0.0,0,1992.0,A01,138Â 296Â 529,8.0,-1.0,-1.0,1644928,2.0,7,,15.0,0.0,7.0,A01,138Â 296Â 529,1.0
963782,201900005313,8,13,10:30,1,1,1,1.0,3.0,78050,route de chevreuse,M,"48,7796040","1,8472720",78,2019,70.0,1.0,1.0,3.0,2154160,8.0,2,2,1,5.0,,0.0,0,2010.0,A01,138Â 296Â 527,1.0,3.0,-1.0,1644929,1.0,7,,0.0,0.0,1.0,A01,138Â 296Â 527,1.0
963782,201900005313,8,13,10:30,1,1,1,1.0,3.0,78050,route de chevreuse,M,"48,7796040","1,8472720",78,2019,70.0,1.0,1.0,3.0,2154160,8.0,2,2,1,5.0,,0.0,0,2010.0,A01,138Â 296Â 527,1.0,3.0,-1.0,1644930,2.0,14,,0.0,0.0,1.0,B01,138Â 296Â 528,1.0
963782,201900005313,8,13,10:30,1,1,1,1.0,3.0,78050,route de chevreuse,M,"48,7796040","1,8472720",78,2019,70.0,1.0,1.0,3.0,2154161,2.0,2,4,2,5.0,,0.0,0,2006.0,A01,138Â 296Â 527,1.0,-1.0,-1.0,1644929,1.0,7,,0.0,0.0,1.0,A01,138Â 296Â 527,1.0
963782,201900005313,8,13,10:30,1,1,1,1.0,3.0,78050,route de chevreuse,M,"48,7796040","1,8472720",78,2019,70.0,1.0,1.0,3.0,2154161,2.0,2,4,2,5.0,,0.0,0,2006.0,A01,138Â 296Â 527,1.0,-1.0,-1.0,1644930,2.0,14,,0.0,0.0,1.0,B01,138Â 296Â 528,1.0
963782,201900005313,8,13,10:30,1,1,1,1.0,3.0,78050,route de chevreuse,M,"48,7796040","1,8472720",78,2019,70.0,1.0,1.0,3.0,2154162,1.0,1,3,2,5.0,,0.0,0,1977.0,A01,138Â 296Â 527,1.0,-1.0,-1.0,1644929,1.0,7,,0.0,0.0,1.0,A01,138Â 296Â 527,1.0
963782,201900005313,8,13,10:30,1,1,1,1.0,3.0,78050,route de chevreuse,M,"48,7796040","1,8472720",78,2019,70.0,1.0,1.0,3.0,2154162,1.0,1,3,2,5.0,,0.0,0,1977.0,A01,138Â 296Â 527,1.0,-1.0,-1.0,1644930,2.0,14,,0.0,0.0,1.0,B01,138Â 296Â 528,1.0
963782,201900005313,8,13,10:30,1,1,1,1.0,3.0,78050,route de chevreuse,M,"48,7796040","1,8472720",78,2019,70.0,1.0,1.0,3.0,2154163,1.0,1,3,1,4.0,,0.0,0,1983.0,B01,138Â 296Â 528,1.0,-1.0,-1.0,1644929,1.0,7,,0.0,0.0,1.0,A01,138Â 296Â 527,1.0
963782,201900005313,8,13,10:30,1,1,1,1.0,3.0,78050,route de chevreuse,M,"48,7796040","1,8472720",78,2019,70.0,1.0,1.0,3.0,2154163,1.0,1,3,1,4.0,,0.0,0,1983.0,B01,138Â 296Â 528,1.0,-1.0,-1.0,1644930,2.0,14,,0.0,0.0,1.0,B01,138Â 296Â 528,1.0
963783,201900005314,8,12,03:30,3,1,1,1.0,7.0,2B185,Mergano,M,"42,6264370","9,3222490",2B,2019,80.0,3.0,1.0,3.0,2154164,1.0,1,1,1,5.0,,0.0,0,1993.0,A01,138Â 296Â 526,8.0,-1.0,-1.0,1644931,3.0,7,,16.0,0.0,1.0,A01,138Â 296Â 526,1.0
963783,201900005314,8,12,03:30,3,1,1,1.0,7.0,2B185,Mergano,M,"42,6264370","9,3222490",2B,2019,80.0,3.0,1.0,3.0,2154165,9.0,2,4,2,5.0,,0.0,0,1993.0,A01,138Â 296Â 526,8.0,-1.0,-1.0,1644931,3.0,7,,16.0,0.0,1.0,A01,138Â 296Â 526,1.0
963783,201900005314,8,12,03:30,3,1,1,1.0,7.0,2B185,Mergano,M,"42,6264370","9,3222490",2B,2019,80.0,3.0,1.0,3.0,2154166,2.0,2,1,2,5.0,,0.0,0,1992.0,A01,138Â 296Â 526,1.0,-1.0,-1.0,1644931,3.0,7,,16.0,0.0,1.0,A01,138Â 296Â 526,1.0
963783,201900005314,8,12,03:30,3,1,1,1.0,7.0,2B185,Mergano,M,"42,6264370","9,3222490",2B,2019,80.0,3.0,1.0,3.0,2154167,7.0,2,1,1,5.0,,0.0,0,1994.0,A01,138Â 296Â 526,8.0,-1.0,-1.0,1644931,3.0,7,,16.0,0.0,1.0,A01,138Â 296Â 526,1.0
963784,201900005315,8,12,18:48,1,2,1,3.0,1.0,06147,Avenue de la Conca d'Or,M,"43,7837550","7,2734070",6,2019,50.0,1.0,2.0,7.0,2154168,1.0,1,4,1,5.0,,0.0,0,1996.0,B01,138Â 296Â 524,1.0,-1.0,-1.0,1644932,1.0,7,,0.0,2.0,3.0,B01,138Â 296Â 524,1.0
963784,201900005315,8,12,18:48,1,2,1,3.0,1.0,06147,Avenue de la Conca d'Or,M,"43,7837550","7,2734070",6,2019,50.0,1.0,2.0,7.0,2154168,1.0,1,4,1,5.0,,0.0,0,1996.0,B01,138Â 296Â 524,1.0,-1.0,-1.0,1644933,2.0,7,,12.0,2.0,2.0,A01,138Â 296Â 525,1.0
963784,201900005315,8,12,18:48,1,2,1,3.0,1.0,06147,Avenue de la Conca d'Or,M,"43,7837550","7,2734070",6,2019,50.0,1.0,2.0,7.0,2154169,2.0,2,4,2,5.0,,0.0,0,2000.0,A01,138Â 296Â 525,1.0,-1.0,-1.0,1644932,1.0,7,,0.0,2.0,3.0,B01,138Â 296Â 524,1.0
963784,201900005315,8,12,18:48,1,2,1,3.0,1.0,06147,Avenue de la Conca d'Or,M,"43,7837550","7,2734070",6,2019,50.0,1.0,2.0,7.0,2154169,2.0,2,4,2,5.0,,0.0,0,2000.0,A01,138Â 296Â 525,1.0,-1.0,-1.0,1644933,2.0,7,,12.0,2.0,2.0,A01,138Â 296Â 525,1.0
963784,201900005315,8,12,18:48,1,2,1,3.0,1.0,06147,Avenue de la Conca d'Or,M,"43,7837550","7,2734070",6,2019,50.0,1.0,2.0,7.0,2154170,1.0,1,4,2,5.0,,0.0,0,2000.0,A01,138Â 296Â 525,1.0,-1.0,-1.0,1644932,1.0,7,,0.0,2.0,3.0,B01,138Â 296Â 524,1.0
963784,201900005315,8,12,18:48,1,2,1,3.0,1.0,06147,Avenue de la Conca d'Or,M,"43,7837550","7,2734070",6,2019,50.0,1.0,2.0,7.0,2154170,1.0,1,4,2,5.0,,0.0,0,2000.0,A01,138Â 296Â 525,1.0,-1.0,-1.0,1644933,2.0,7,,12.0,2.0,2.0,A01,138Â 296Â 525,1.0
963785,201900005316,8,12,11:30,1,1,1,8.0,3.0,05079,route dÃ©partementale 1091,M,"45,0245980","6,4537110",5,2019,80.0,1.0,1.0,3.0,2154171,1.0,1,4,1,5.0,,0.0,0,1960.0,A01,138Â 296Â 522,2.0,6.0,-1.0,1644934,1.0,33,,0.0,2.0,2.0,A01,138Â 296Â 522,1.0
963785,201900005316,8,12,11:30,1,1,1,8.0,3.0,05079,route dÃ©partementale 1091,M,"45,0245980","6,4537110",5,2019,80.0,1.0,1.0,3.0,2154171,1.0,1,4,1,5.0,,0.0,0,1960.0,A01,138Â 296Â 522,2.0,6.0,-1.0,1644935,1.0,7,,0.0,2.0,7.0,B01,138Â 296Â 523,1.0
963785,201900005316,8,12,11:30,1,1,1,8.0,3.0,05079,route dÃ©partementale 1091,M,"45,0245980","6,4537110",5,2019,80.0,1.0,1.0,3.0,2154172,2.0,2,4,2,5.0,,0.0,0,1961.0,A01,138Â 296Â 522,2.0,6.0,-1.0,1644934,1.0,33,,0.0,2.0,2.0,A01,138Â 296Â 522,1.0
963785,201900005316,8,12,11:30,1,1,1,8.0,3.0,05079,route dÃ©partementale 1091,M,"45,0245980","6,4537110",5,2019,80.0,1.0,1.0,3.0,2154172,2.0,2,4,2,5.0,,0.0,0,1961.0,A01,138Â 296Â 522,2.0,6.0,-1.0,1644935,1.0,7,,0.0,2.0,7.0,B01,138Â 296Â 523,1.0
963785,201900005316,8,12,11:30,1,1,1,8.0,3.0,05079,route dÃ©partementale 1091,M,"45,0245980","6,4537110",5,2019,80.0,1.0,1.0,3.0,2154173,1.0,1,1,1,0.0,,0.0,0,1930.0,B01,138Â 296Â 523,0.0,-1.0,-1.0,1644934,1.0,33,,0.0,2.0,2.0,A01,138Â 296Â 522,1.0
963785,201900005316,8,12,11:30,1,1,1,8.0,3.0,05079,route dÃ©partementale 1091,M,"45,0245980","6,4537110",5,2019,80.0,1.0,1.0,3.0,2154173,1.0,1,1,1,0.0,,0.0,0,1930.0,B01,138Â 296Â 523,0.0,-1.0,-1.0,1644935,1.0,7,,0.0,2.0,7.0,B01,138Â 296Â 523,1.0
963786,201900005317,11,26,17:15,5,2,9,1.0,3.0,92035,GÃ©nÃ©ral de Gaulle  ( avenue du ),M,"48,9103002","2,2548805",92,2019,50.0,1.0,1.0,3.0,2154174,1.0,1,4,1,4.0,,-1.0,0,1976.0,B01,138Â 296Â 520,1.0,0.0,-1.0,1644936,2.0,7,,0.0,2.0,6.0,B01,138Â 296Â 520,1.0
963786,201900005317,11,26,17:15,5,2,9,1.0,3.0,92035,GÃ©nÃ©ral de Gaulle  ( avenue du ),M,"48,9103002","2,2548805",92,2019,50.0,1.0,1.0,3.0,2154174,1.0,1,4,1,4.0,,-1.0,0,1976.0,B01,138Â 296Â 520,1.0,0.0,-1.0,1644937,2.0,7,,0.0,2.0,1.0,A01,138Â 296Â 521,1.0
963786,201900005317,11,26,17:15,5,2,9,1.0,3.0,92035,GÃ©nÃ©ral de Gaulle  ( avenue du ),M,"48,9103002","2,2548805",92,2019,50.0,1.0,1.0,3.0,2154175,1.0,1,1,1,0.0,,-1.0,0,1977.0,A01,138Â 296Â 521,1.0,0.0,-1.0,1644936,2.0,7,,0.0,2.0,6.0,B01,138Â 296Â 520,1.0
963786,201900005317,11,26,17:15,5,2,9,1.0,3.0,92035,GÃ©nÃ©ral de Gaulle  ( avenue du ),M,"48,9103002","2,2548805",92,2019,50.0,1.0,1.0,3.0,2154175,1.0,1,1,1,0.0,,-1.0,0,1977.0,A01,138Â 296Â 521,1.0,0.0,-1.0,1644937,2.0,7,,0.0,2.0,1.0,A01,138Â 296Â 521,1.0
963787,201900005318,11,26,14:15,1,1,1,1.0,1.0,12300,Route Basse de Farrou,M,"44,3589260","2,0521800",12,2019,80.0,1.0,1.0,3.0,2154176,1.0,1,3,1,5.0,,0.0,0,1955.0,A01,138Â 296Â 518,2.0,-1.0,-1.0,1644938,2.0,33,,0.0,2.0,1.0,A01,138Â 296Â 518,1.0
963787,201900005318,11,26,14:15,1,1,1,1.0,1.0,12300,Route Basse de Farrou,M,"44,3589260","2,0521800",12,2019,80.0,1.0,1.0,3.0,2154176,1.0,1,3,1,5.0,,0.0,0,1955.0,A01,138Â 296Â 518,2.0,-1.0,-1.0,1644939,1.0,7,,0.0,2.0,1.0,B01,138Â 296Â 519,1.0
963787,201900005318,11,26,14:15,1,1,1,1.0,1.0,12300,Route Basse de Farrou,M,"44,3589260","2,0521800",12,2019,80.0,1.0,1.0,3.0,2154177,1.0,1,1,2,1.0,,0.0,0,1989.0,B01,138Â 296Â 519,1.0,-1.0,-1.0,1644938,2.0,33,,0.0,2.0,1.0,A01,138Â 296Â 518,1.0
963787,201900005318,11,26,14:15,1,1,1,1.0,1.0,12300,Route Basse de Farrou,M,"44,3589260","2,0521800",12,2019,80.0,1.0,1.0,3.0,2154177,1.0,1,1,2,1.0,,0.0,0,1989.0,B01,138Â 296Â 519,1.0,-1.0,-1.0,1644939,1.0,7,,0.0,2.0,1.0,B01,138Â 296Â 519,1.0
963788,201900005319,11,24,15:45,1,1,9,1.0,3.0,86272,Route Rd 14,M,"46,8273320","0,4721240",86,2019,80.0,1.0,1.0,3.0,2154178,1.0,1,4,2,5.0,,0.0,0,1964.0,A01,138Â 296Â 516,1.0,-1.0,-1.0,1644940,1.0,7,,0.0,0.0,8.0,A01,138Â 296Â 516,1.0
963788,201900005319,11,24,15:45,1,1,9,1.0,3.0,86272,Route Rd 14,M,"46,8273320","0,4721240",86,2019,80.0,1.0,1.0,3.0,2154178,1.0,1,4,2,5.0,,0.0,0,1964.0,A01,138Â 296Â 516,1.0,-1.0,-1.0,1644941,1.0,10,,0.0,2.0,1.0,B01,138Â 296Â 517,1.0
963788,201900005319,11,24,15:45,1,1,9,1.0,3.0,86272,Route Rd 14,M,"46,8273320","0,4721240",86,2019,80.0,1.0,1.0,3.0,2154179,1.0,1,1,2,5.0,,0.0,0,1989.0,B01,138Â 296Â 517,0.0,0.0,0.0,1644940,1.0,7,,0.0,0.0,8.0,A01,138Â 296Â 516,1.0
963788,201900005319,11,24,15:45,1,1,9,1.0,3.0,86272,Route Rd 14,M,"46,8273320","0,4721240",86,2019,80.0,1.0,1.0,3.0,2154179,1.0,1,1,2,5.0,,0.0,0,1989.0,B01,138Â 296Â 517,0.0,0.0,0.0,1644941,1.0,10,,0.0,2.0,1.0,B01,138Â 296Â 517,1.0