Unnamed: 0_x,num_acc,mois,jour,hrmn,lum,agg,int,atm,col,com,adr,gps,lat,long,dep,annee,vma,situ,surf,catr,Unnamed: 0_y,place,catu,grav,sexe,trajet,secu,locp,actp,an_nais,num_veh_x,id_vehicule_x,secu1,secu2,secu3,Unnamed: 0,senc,catv,occutc,obs,obsm,choc,num_veh_y,id_vehicule_y,motor
963788,201900005319,11,24,15:45,1,1,9,1.0,3.0,86272,Route Rd 14,M,"46,8273320","0,4721240",86,2019,80.0,1.0,1.0,3.0,2154180,2.0,2,1,2,5.0,,0.0,0,2008.0,B01,138Â 296Â 517,1.0,-1.0,-1.0,1644940,1.0,7,,0.0,0.0,8.0,A01,138Â 296Â 516,1.0
963788,201900005319,11,24,15:45,1,1,9,1.0,3.0,86272,Route Rd 14,M,"46,8273320","0,4721240",86,2019,80.0,1.0,1.0,3.0,2154180,2.0,2,1,2,5.0,,0.0,0,2008.0,B01,138Â 296Â 517,1.0,-1.0,-1.0,1644941,1.0,10,,0.0,2.0,1.0,B01,138Â 296Â 517,1.0
963789,201900005320,11,26,17:50,3,1,1,2.0,1.0,18272,D359,M,"47,2819410","2,7726810",18,2019,80.0,1.0,2.0,3.0,2154181,1.0,1,2,1,9.0,,0.0,0,1942.0,B01,138Â 296Â 514,1.0,-1.0,-1.0,1644942,1.0,7,,0.0,2.0,1.0,B01,138Â 296Â 514,6.0
963789,201900005320,11,26,17:50,3,1,1,2.0,1.0,18272,D359,M,"47,2819410","2,7726810",18,2019,80.0,1.0,2.0,3.0,2154181,1.0,1,2,1,9.0,,0.0,0,1942.0,B01,138Â 296Â 514,1.0,-1.0,-1.0,1644943,2.0,7,,0.0,2.0,1.0,A01,138Â 296Â 515,6.0
963789,201900005320,11,26,17:50,3,1,1,2.0,1.0,18272,D359,M,"47,2819410","2,7726810",18,2019,80.0,1.0,2.0,3.0,2154182,1.0,1,4,1,1.0,,0.0,0,1978.0,A01,138Â 296Â 515,1.0,-1.0,-1.0,1644942,1.0,7,,0.0,2.0,1.0,B01,138Â 296Â 514,6.0
963789,201900005320,11,26,17:50,3,1,1,2.0,1.0,18272,D359,M,"47,2819410","2,7726810",18,2019,80.0,1.0,2.0,3.0,2154182,1.0,1,4,1,1.0,,0.0,0,1978.0,A01,138Â 296Â 515,1.0,-1.0,-1.0,1644943,2.0,7,,0.0,2.0,1.0,A01,138Â 296Â 515,6.0
963789,201900005320,11,26,17:50,3,1,1,2.0,1.0,18272,D359,M,"47,2819410","2,7726810",18,2019,80.0,1.0,2.0,3.0,2154183,2.0,2,1,1,1.0,,0.0,0,2003.0,A01,138Â 296Â 515,1.0,-1.0,-1.0,1644942,1.0,7,,0.0,2.0,1.0,B01,138Â 296Â 514,6.0
963789,201900005320,11,26,17:50,3,1,1,2.0,1.0,18272,D359,M,"47,2819410","2,7726810",18,2019,80.0,1.0,2.0,3.0,2154183,2.0,2,1,1,1.0,,0.0,0,2003.0,A01,138Â 296Â 515,1.0,-1.0,-1.0,1644943,2.0,7,,0.0,2.0,1.0,A01,138Â 296Â 515,6.0
963790,201900005321,11,24,00:30,3,1,6,8.0,6.0,10067,D610,M,"48,2506470","4,1123730",10,2019,80.0,3.0,1.0,3.0,2154184,1.0,1,3,1,5.0,,0.0,0,1993.0,A01,138Â 296Â 513,1.0,-1.0,-1.0,1644944,1.0,7,,3.0,0.0,1.0,A01,138Â 296Â 513,1.0
963791,201900005322,11,27,20:15,3,1,1,1.0,7.0,42036,751 Vallee de la Dureze,M,"45,5355130","4,5568220",42,2019,50.0,1.0,6.0,4.0,2154185,1.0,1,4,1,3.0,,0.0,0,1951.0,A01,138Â 296Â 512,2.0,-1.0,-1.0,1644945,0.0,35,,0.0,0.0,7.0,A01,138Â 296Â 512,1.0
963792,201900005323,11,26,17:00,5,2,6,2.0,6.0,57038,Rue du Moulin,M,"49,4762770","5,9523760",57,2019,50.0,1.0,2.0,3.0,2154186,1.0,1,1,1,3.0,,0.0,0,1968.0,A01,138Â 296Â 509,1.0,-1.0,-1.0,1644946,3.0,7,,0.0,1.0,1.0,A01,138Â 296Â 509,1.0
963792,201900005323,11,26,17:00,5,2,6,2.0,6.0,57038,Rue du Moulin,M,"49,4762770","5,9523760",57,2019,50.0,1.0,2.0,3.0,2154187,10.0,3,3,2,5.0,,4.0,3,1952.0,A01,138Â 296Â 509,0.0,-1.0,-1.0,1644946,3.0,7,,0.0,1.0,1.0,A01,138Â 296Â 509,1.0
963793,201900005324,11,25,12:00,1,1,1,2.0,7.0,57572,Chemin forestier,M,"49,0059620","6,3765710",57,2019,-1.0,3.0,6.0,5.0,2154188,1.0,1,4,1,5.0,,0.0,0,1943.0,A01,138Â 296Â 508,1.0,-1.0,-1.0,1644947,0.0,7,,0.0,0.0,1.0,A01,138Â 296Â 508,1.0
963793,201900005324,11,25,12:00,1,1,1,2.0,7.0,57572,Chemin forestier,M,"49,0059620","6,3765710",57,2019,-1.0,3.0,6.0,5.0,2154189,9.0,2,1,1,5.0,,0.0,0,1994.0,A01,138Â 296Â 508,1.0,-1.0,-1.0,1644947,0.0,7,,0.0,0.0,1.0,A01,138Â 296Â 508,1.0
963793,201900005324,11,25,12:00,1,1,1,2.0,7.0,57572,Chemin forestier,M,"49,0059620","6,3765710",57,2019,-1.0,3.0,6.0,5.0,2154190,2.0,2,3,1,5.0,,0.0,0,1950.0,A01,138Â 296Â 508,1.0,-1.0,-1.0,1644947,0.0,7,,0.0,0.0,1.0,A01,138Â 296Â 508,1.0
963794,201900005325,11,26,18:00,3,1,1,1.0,1.0,19229,RD 1089,M,"45,1264120","1,4253800",19,2019,80.0,1.0,1.0,3.0,2154191,1.0,1,1,1,0.0,,0.0,0,1926.0,B01,138Â 296Â 506,1.0,-1.0,-1.0,1644948,0.0,7,,0.0,2.0,3.0,B01,138Â 296Â 506,1.0
963794,201900005325,11,26,18:00,3,1,1,1.0,1.0,19229,RD 1089,M,"45,1264120","1,4253800",19,2019,80.0,1.0,1.0,3.0,2154191,1.0,1,1,1,0.0,,0.0,0,1926.0,B01,138Â 296Â 506,1.0,-1.0,-1.0,1644949,0.0,2,,0.0,2.0,1.0,A01,138Â 296Â 507,1.0
963794,201900005325,11,26,18:00,3,1,1,1.0,1.0,19229,RD 1089,M,"45,1264120","1,4253800",19,2019,80.0,1.0,1.0,3.0,2154192,1.0,1,3,1,0.0,,0.0,0,1999.0,A01,138Â 296Â 507,2.0,-1.0,-1.0,1644948,0.0,7,,0.0,2.0,3.0,B01,138Â 296Â 506,1.0
963794,201900005325,11,26,18:00,3,1,1,1.0,1.0,19229,RD 1089,M,"45,1264120","1,4253800",19,2019,80.0,1.0,1.0,3.0,2154192,1.0,1,3,1,0.0,,0.0,0,1999.0,A01,138Â 296Â 507,2.0,-1.0,-1.0,1644949,0.0,2,,0.0,2.0,1.0,A01,138Â 296Â 507,1.0
963795,201900005326,11,25,16:30,1,2,1,1.0,6.0,56181,Rue de Loc-pezran,M,"47,7144510"," -3,3397590",56,2019,50.0,1.0,1.0,4.0,2154193,1.0,1,1,1,4.0,,0.0,0,1982.0,A01,138Â 296Â 505,1.0,-1.0,-1.0,1644950,3.0,7,,0.0,1.0,4.0,A01,138Â 296Â 505,1.0
963795,201900005326,11,25,16:30,1,2,1,1.0,6.0,56181,Rue de Loc-pezran,M,"47,7144510"," -3,3397590",56,2019,50.0,1.0,1.0,4.0,2154194,10.0,3,3,2,5.0,,1.0,9,1942.0,A01,138Â 296Â 505,0.0,-1.0,-1.0,1644950,3.0,7,,0.0,1.0,4.0,A01,138Â 296Â 505,1.0
963796,201900005327,11,26,17:15,5,2,1,1.0,6.0,74173,Route Nationale,M,"45,8632530","6,6247510",74,2019,50.0,1.0,1.0,3.0,2154195,1.0,1,1,1,4.0,,0.0,0,1969.0,A01,138Â 296Â 504,1.0,-1.0,-1.0,1644951,2.0,7,,0.0,1.0,1.0,A01,138Â 296Â 504,1.0
963796,201900005327,11,26,17:15,5,2,1,1.0,6.0,74173,Route Nationale,M,"45,8632530","6,6247510",74,2019,50.0,1.0,1.0,3.0,2154196,10.0,3,3,1,3.0,,4.0,3,1945.0,A01,138Â 296Â 504,0.0,-1.0,-1.0,1644951,2.0,7,,0.0,1.0,1.0,A01,138Â 296Â 504,1.0
963797,201900005328,11,27,17:50,3,2,1,2.0,6.0,79157,18 Rue des Pineaux,M,"46,9957330"," -0,1863440",79,2019,50.0,1.0,2.0,3.0,2154197,10.0,3,3,2,5.0,,1.0,3,1948.0,A01,138Â 296Â 503,0.0,-1.0,-1.0,1644952,1.0,7,,0.0,1.0,2.0,A01,138Â 296Â 503,1.0
963797,201900005328,11,27,17:50,3,2,1,2.0,6.0,79157,18 Rue des Pineaux,M,"46,9957330"," -0,1863440",79,2019,50.0,1.0,2.0,3.0,2154198,1.0,1,1,1,5.0,,0.0,0,1982.0,A01,138Â 296Â 503,1.0,-1.0,-1.0,1644952,1.0,7,,0.0,1.0,2.0,A01,138Â 296Â 503,1.0
963798,201900005329,11,27,18:05,3,1,2,2.0,3.0,82134,Route de Vaissac,M,"44,0586900","1,5354650",82,2019,80.0,1.0,2.0,3.0,2154199,1.0,1,1,2,0.0,,0.0,0,1971.0,A01,138Â 296Â 501,1.0,-1.0,-1.0,1644953,3.0,7,,0.0,2.0,3.0,A01,138Â 296Â 501,1.0
963798,201900005329,11,27,18:05,3,1,2,2.0,3.0,82134,Route de Vaissac,M,"44,0586900","1,5354650",82,2019,80.0,1.0,2.0,3.0,2154199,1.0,1,1,2,0.0,,0.0,0,1971.0,A01,138Â 296Â 501,1.0,-1.0,-1.0,1644954,2.0,2,,0.0,2.0,1.0,B01,138Â 296Â 502,1.0
963798,201900005329,11,27,18:05,3,1,2,2.0,3.0,82134,Route de Vaissac,M,"44,0586900","1,5354650",82,2019,80.0,1.0,2.0,3.0,2154200,1.0,1,3,2,5.0,,0.0,0,2004.0,B01,138Â 296Â 502,2.0,6.0,-1.0,1644953,3.0,7,,0.0,2.0,3.0,A01,138Â 296Â 501,1.0
963798,201900005329,11,27,18:05,3,1,2,2.0,3.0,82134,Route de Vaissac,M,"44,0586900","1,5354650",82,2019,80.0,1.0,2.0,3.0,2154200,1.0,1,3,2,5.0,,0.0,0,2004.0,B01,138Â 296Â 502,2.0,6.0,-1.0,1644954,2.0,2,,0.0,2.0,1.0,B01,138Â 296Â 502,1.0
963799,201900005330,11,27,11:10,1,1,1,1.0,2.0,65257,N21,M,"43,1616100"," -0,0140090",65,2019,80.0,1.0,1.0,2.0,2154201,1.0,1,3,2,5.0,,0.0,0,1980.0,B01,138Â 296Â 499,1.0,-1.0,-1.0,1644955,1.0,7,,11.0,0.0,4.0,B01,138Â 296Â 499,1.0
963799,201900005330,11,27,11:10,1,1,1,1.0,2.0,65257,N21,M,"43,1616100"," -0,0140090",65,2019,80.0,1.0,1.0,2.0,2154201,1.0,1,3,2,5.0,,0.0,0,1980.0,B01,138Â 296Â 499,1.0,-1.0,-1.0,1644956,1.0,7,,11.0,2.0,1.0,A01,138Â 296Â 500,1.0
963799,201900005330,11,27,11:10,1,1,1,1.0,2.0,65257,N21,M,"43,1616100"," -0,0140090",65,2019,80.0,1.0,1.0,2.0,2154202,1.0,1,4,1,5.0,,0.0,0,1962.0,A01,138Â 296Â 500,1.0,-1.0,-1.0,1644955,1.0,7,,11.0,0.0,4.0,B01,138Â 296Â 499,1.0
963799,201900005330,11,27,11:10,1,1,1,1.0,2.0,65257,N21,M,"43,1616100"," -0,0140090",65,2019,80.0,1.0,1.0,2.0,2154202,1.0,1,4,1,5.0,,0.0,0,1962.0,A01,138Â 296Â 500,1.0,-1.0,-1.0,1644956,1.0,7,,11.0,2.0,1.0,A01,138Â 296Â 500,1.0
963800,201900005331,11,27,14:40,1,1,1,8.0,3.0,89485,D606,M,"47,5552830","3,7984360",89,2019,80.0,1.0,2.0,3.0,2154203,1.0,1,4,1,4.0,,0.0,0,1994.0,B01,138Â 296Â 497,1.0,-1.0,-1.0,1644957,2.0,17,,0.0,2.0,8.0,B01,138Â 296Â 497,1.0
963800,201900005331,11,27,14:40,1,1,1,8.0,3.0,89485,D606,M,"47,5552830","3,7984360",89,2019,80.0,1.0,2.0,3.0,2154203,1.0,1,4,1,4.0,,0.0,0,1994.0,B01,138Â 296Â 497,1.0,-1.0,-1.0,1644958,1.0,17,,0.0,2.0,3.0,A01,138Â 296Â 498,1.0
963800,201900005331,11,27,14:40,1,1,1,8.0,3.0,89485,D606,M,"47,5552830","3,7984360",89,2019,80.0,1.0,2.0,3.0,2154204,1.0,1,2,1,4.0,,0.0,0,1976.0,A01,138Â 296Â 498,8.0,-1.0,-1.0,1644957,2.0,17,,0.0,2.0,8.0,B01,138Â 296Â 497,1.0
963800,201900005331,11,27,14:40,1,1,1,8.0,3.0,89485,D606,M,"47,5552830","3,7984360",89,2019,80.0,1.0,2.0,3.0,2154204,1.0,1,2,1,4.0,,0.0,0,1976.0,A01,138Â 296Â 498,8.0,-1.0,-1.0,1644958,1.0,17,,0.0,2.0,3.0,A01,138Â 296Â 498,1.0
963801,201900005332,11,15,15:50,1,2,2,3.0,6.0,61168,32 Rue aux Cordiers,M,"48,5896420"," -0,3590040",61,2019,50.0,1.0,8.0,4.0,2154205,10.0,3,4,2,5.0,,2.0,3,1943.0,A01,138Â 296Â 496,0.0,-1.0,-1.0,1644959,3.0,7,,0.0,1.0,1.0,A01,138Â 296Â 496,1.0
963801,201900005332,11,15,15:50,1,2,2,3.0,6.0,61168,32 Rue aux Cordiers,M,"48,5896420"," -0,3590040",61,2019,50.0,1.0,8.0,4.0,2154206,1.0,1,1,1,5.0,,0.0,0,1996.0,A01,138Â 296Â 496,1.0,-1.0,-1.0,1644959,3.0,7,,0.0,1.0,1.0,A01,138Â 296Â 496,1.0
963802,201900005333,11,26,15:30,1,1,1,1.0,6.0,46267,Rd 2,M,"44,6462930","1,4314810",46,2019,80.0,3.0,1.0,3.0,2154207,1.0,1,3,2,0.0,,0.0,0,1968.0,A01,138Â 296Â 495,8.0,-1.0,-1.0,1644960,1.0,7,,13.0,0.0,1.0,A01,138Â 296Â 495,6.0
963803,201900005334,11,26,21:15,3,1,1,8.0,6.0,86125,Lieu Dit la Blanchardiere,M,"46,7630090","0,6668590",86,2019,80.0,3.0,2.0,3.0,2154208,2.0,2,1,1,5.0,,0.0,0,1970.0,A01,138Â 296Â 494,1.0,-1.0,-1.0,1644961,1.0,7,,13.0,0.0,1.0,A01,138Â 296Â 494,1.0
963803,201900005334,11,26,21:15,3,1,1,8.0,6.0,86125,Lieu Dit la Blanchardiere,M,"46,7630090","0,6668590",86,2019,80.0,3.0,2.0,3.0,2154209,1.0,1,1,2,5.0,,0.0,0,1997.0,A01,138Â 296Â 494,1.0,-1.0,-1.0,1644961,1.0,7,,13.0,0.0,1.0,A01,138Â 296Â 494,1.0
963803,201900005334,11,26,21:15,3,1,1,8.0,6.0,86125,Lieu Dit la Blanchardiere,M,"46,7630090","0,6668590",86,2019,80.0,3.0,2.0,3.0,2154210,9.0,2,3,2,5.0,,0.0,0,1981.0,A01,138Â 296Â 494,1.0,-1.0,-1.0,1644961,1.0,7,,13.0,0.0,1.0,A01,138Â 296Â 494,1.0
963804,201900005335,11,26,17:20,5,2,3,1.0,7.0,68195,1 Rue Chateaubriand,M,"47,7584700","7,2864320",68,2019,45.0,5.0,1.0,3.0,2154211,1.0,1,4,1,1.0,,0.0,0,1982.0,A01,138Â 296Â 493,0.0,-1.0,-1.0,1644962,2.0,1,,0.0,0.0,9.0,A01,138Â 296Â 493,5.0
963805,201900005336,11,26,17:10,2,1,6,1.0,3.0,22251,la ville auvray,M,"48,5617800"," -2,8103180",22,2019,70.0,1.0,1.0,3.0,2154212,1.0,1,4,1,1.0,,0.0,0,2002.0,B01,138Â 296Â 491,0.0,-1.0,-1.0,1644963,2.0,1,,0.0,2.0,7.0,B01,138Â 296Â 491,5.0
963805,201900005336,11,26,17:10,2,1,6,1.0,3.0,22251,la ville auvray,M,"48,5617800"," -2,8103180",22,2019,70.0,1.0,1.0,3.0,2154212,1.0,1,4,1,1.0,,0.0,0,2002.0,B01,138Â 296Â 491,0.0,-1.0,-1.0,1644964,1.0,7,,0.0,2.0,8.0,A01,138Â 296Â 492,1.0
963805,201900005336,11,26,17:10,2,1,6,1.0,3.0,22251,la ville auvray,M,"48,5617800"," -2,8103180",22,2019,70.0,1.0,1.0,3.0,2154213,1.0,1,1,2,5.0,,0.0,0,1954.0,A01,138Â 296Â 492,1.0,-1.0,-1.0,1644963,2.0,1,,0.0,2.0,7.0,B01,138Â 296Â 491,5.0
963805,201900005336,11,26,17:10,2,1,6,1.0,3.0,22251,la ville auvray,M,"48,5617800"," -2,8103180",22,2019,70.0,1.0,1.0,3.0,2154213,1.0,1,1,2,5.0,,0.0,0,1954.0,A01,138Â 296Â 492,1.0,-1.0,-1.0,1644964,1.0,7,,0.0,2.0,8.0,A01,138Â 296Â 492,1.0
963806,201900005337,11,27,08:55,1,1,1,2.0,1.0,14492,D513,M,"49,4097190","0,1802770",14,2019,80.0,1.0,2.0,3.0,2154214,1.0,1,3,1,5.0,,0.0,0,1998.0,A01,138Â 296Â 488,1.0,-1.0,-1.0,1644965,1.0,7,,0.0,2.0,3.0,A01,138Â 296Â 488,1.0
963806,201900005337,11,27,08:55,1,1,1,2.0,1.0,14492,D513,M,"49,4097190","0,1802770",14,2019,80.0,1.0,2.0,3.0,2154214,1.0,1,3,1,5.0,,0.0,0,1998.0,A01,138Â 296Â 488,1.0,-1.0,-1.0,1644966,2.0,7,,0.0,2.0,3.0,B01,138Â 296Â 489,1.0
963806,201900005337,11,27,08:55,1,1,1,2.0,1.0,14492,D513,M,"49,4097190","0,1802770",14,2019,80.0,1.0,2.0,3.0,2154215,2.0,2,4,1,5.0,,0.0,0,1997.0,A01,138Â 296Â 488,1.0,-1.0,-1.0,1644965,1.0,7,,0.0,2.0,3.0,A01,138Â 296Â 488,1.0
963806,201900005337,11,27,08:55,1,1,1,2.0,1.0,14492,D513,M,"49,4097190","0,1802770",14,2019,80.0,1.0,2.0,3.0,2154215,2.0,2,4,1,5.0,,0.0,0,1997.0,A01,138Â 296Â 488,1.0,-1.0,-1.0,1644966,2.0,7,,0.0,2.0,3.0,B01,138Â 296Â 489,1.0
963806,201900005337,11,27,08:55,1,1,1,2.0,1.0,14492,D513,M,"49,4097190","0,1802770",14,2019,80.0,1.0,2.0,3.0,2154216,1.0,1,4,2,0.0,,0.0,0,1969.0,B01,138Â 296Â 489,1.0,-1.0,-1.0,1644965,1.0,7,,0.0,2.0,3.0,A01,138Â 296Â 488,1.0
963806,201900005337,11,27,08:55,1,1,1,2.0,1.0,14492,D513,M,"49,4097190","0,1802770",14,2019,80.0,1.0,2.0,3.0,2154216,1.0,1,4,2,0.0,,0.0,0,1969.0,B01,138Â 296Â 489,1.0,-1.0,-1.0,1644966,2.0,7,,0.0,2.0,3.0,B01,138Â 296Â 489,1.0
963807,201900005338,11,26,16:50,1,2,1,1.0,6.0,14191,Rue du Grand Parc,M,"49,3295640"," -0,4478550",14,2019,50.0,1.0,2.0,4.0,2154217,1.0,1,1,2,9.0,,0.0,0,1937.0,A01,138Â 296Â 486,1.0,-1.0,-1.0,1644967,3.0,7,,0.0,2.0,0.0,A01,138Â 296Â 486,1.0
963807,201900005338,11,26,16:50,1,2,1,1.0,6.0,14191,Rue du Grand Parc,M,"49,3295640"," -0,4478550",14,2019,50.0,1.0,2.0,4.0,2154217,1.0,1,1,2,9.0,,0.0,0,1937.0,A01,138Â 296Â 486,1.0,-1.0,-1.0,1644968,0.0,60,,0.0,0.0,0.0,B01,138Â 296Â 487,5.0
963807,201900005338,11,26,16:50,1,2,1,1.0,6.0,14191,Rue du Grand Parc,M,"49,3295640"," -0,4478550",14,2019,50.0,1.0,2.0,4.0,2154218,1.0,1,3,1,2.0,,0.0,0,2003.0,B01,138Â 296Â 487,2.0,-1.0,-1.0,1644967,3.0,7,,0.0,2.0,0.0,A01,138Â 296Â 486,1.0
963807,201900005338,11,26,16:50,1,2,1,1.0,6.0,14191,Rue du Grand Parc,M,"49,3295640"," -0,4478550",14,2019,50.0,1.0,2.0,4.0,2154218,1.0,1,3,1,2.0,,0.0,0,2003.0,B01,138Â 296Â 487,2.0,-1.0,-1.0,1644968,0.0,60,,0.0,0.0,0.0,B01,138Â 296Â 487,5.0
963808,201900005339,11,11,17:15,3,1,1,2.0,3.0,09004,RN20,M,"42,7721570","1,7093920",9,2019,80.0,1.0,2.0,2.0,2154219,1.0,1,1,1,5.0,,0.0,0,1949.0,A01,138Â 296Â 484,1.0,-1.0,-1.0,1644969,2.0,7,,15.0,2.0,8.0,A01,138Â 296Â 484,1.0
963808,201900005339,11,11,17:15,3,1,1,2.0,3.0,09004,RN20,M,"42,7721570","1,7093920",9,2019,80.0,1.0,2.0,2.0,2154219,1.0,1,1,1,5.0,,0.0,0,1949.0,A01,138Â 296Â 484,1.0,-1.0,-1.0,1644970,1.0,7,,15.0,2.0,8.0,B01,138Â 296Â 485,1.0
963808,201900005339,11,11,17:15,3,1,1,2.0,3.0,09004,RN20,M,"42,7721570","1,7093920",9,2019,80.0,1.0,2.0,2.0,2154220,2.0,2,1,2,5.0,,0.0,0,1963.0,A01,138Â 296Â 484,1.0,-1.0,-1.0,1644969,2.0,7,,15.0,2.0,8.0,A01,138Â 296Â 484,1.0
963808,201900005339,11,11,17:15,3,1,1,2.0,3.0,09004,RN20,M,"42,7721570","1,7093920",9,2019,80.0,1.0,2.0,2.0,2154220,2.0,2,1,2,5.0,,0.0,0,1963.0,A01,138Â 296Â 484,1.0,-1.0,-1.0,1644970,1.0,7,,15.0,2.0,8.0,B01,138Â 296Â 485,1.0
963808,201900005339,11,11,17:15,3,1,1,2.0,3.0,09004,RN20,M,"42,7721570","1,7093920",9,2019,80.0,1.0,2.0,2.0,2154221,1.0,1,4,2,5.0,,0.0,0,1987.0,B01,138Â 296Â 485,1.0,-1.0,-1.0,1644969,2.0,7,,15.0,2.0,8.0,A01,138Â 296Â 484,1.0
963808,201900005339,11,11,17:15,3,1,1,2.0,3.0,09004,RN20,M,"42,7721570","1,7093920",9,2019,80.0,1.0,2.0,2.0,2154221,1.0,1,4,2,5.0,,0.0,0,1987.0,B01,138Â 296Â 485,1.0,-1.0,-1.0,1644970,1.0,7,,15.0,2.0,8.0,B01,138Â 296Â 485,1.0
963808,201900005339,11,11,17:15,3,1,1,2.0,3.0,09004,RN20,M,"42,7721570","1,7093920",9,2019,80.0,1.0,2.0,2.0,2154222,2.0,2,1,1,5.0,,0.0,0,1976.0,B01,138Â 296Â 485,1.0,-1.0,-1.0,1644969,2.0,7,,15.0,2.0,8.0,A01,138Â 296Â 484,1.0
963808,201900005339,11,11,17:15,3,1,1,2.0,3.0,09004,RN20,M,"42,7721570","1,7093920",9,2019,80.0,1.0,2.0,2.0,2154222,2.0,2,1,1,5.0,,0.0,0,1976.0,B01,138Â 296Â 485,1.0,-1.0,-1.0,1644970,1.0,7,,15.0,2.0,8.0,B01,138Â 296Â 485,1.0
963809,201900005340,11,27,11:00,1,2,1,2.0,6.0,60509,22 Rue du Moulin de l'Etang,M,"49,2903220","2,6053680",60,2019,50.0,1.0,2.0,4.0,2154223,1.0,1,4,1,5.0,,0.0,0,2014.0,B01,138Â 296Â 482,0.0,-1.0,-1.0,1644971,3.0,1,,0.0,2.0,0.0,B01,138Â 296Â 482,5.0
963809,201900005340,11,27,11:00,1,2,1,2.0,6.0,60509,22 Rue du Moulin de l'Etang,M,"49,2903220","2,6053680",60,2019,50.0,1.0,2.0,4.0,2154223,1.0,1,4,1,5.0,,0.0,0,2014.0,B01,138Â 296Â 482,0.0,-1.0,-1.0,1644972,3.0,7,,0.0,2.0,8.0,A01,138Â 296Â 483,1.0
963809,201900005340,11,27,11:00,1,2,1,2.0,6.0,60509,22 Rue du Moulin de l'Etang,M,"49,2903220","2,6053680",60,2019,50.0,1.0,2.0,4.0,2154224,1.0,1,1,1,3.0,,0.0,0,1957.0,A01,138Â 296Â 483,1.0,-1.0,-1.0,1644971,3.0,1,,0.0,2.0,0.0,B01,138Â 296Â 482,5.0
963809,201900005340,11,27,11:00,1,2,1,2.0,6.0,60509,22 Rue du Moulin de l'Etang,M,"49,2903220","2,6053680",60,2019,50.0,1.0,2.0,4.0,2154224,1.0,1,1,1,3.0,,0.0,0,1957.0,A01,138Â 296Â 483,1.0,-1.0,-1.0,1644972,3.0,7,,0.0,2.0,8.0,A01,138Â 296Â 483,1.0
963810,201900005341,11,24,17:38,3,1,1,8.0,7.0,10051,Rue du Bois,M,"48,1746640","3,9819100",10,2019,80.0,8.0,2.0,3.0,2154225,1.0,1,3,1,0.0,,0.0,0,2003.0,A01,138Â 296Â 479,2.0,6.0,-1.0,1644973,1.0,32,,0.0,0.0,1.0,A01,138Â 296Â 479,1.0
963811,201900005342,11,26,08:35,1,1,1,1.0,3.0,21445,D26,M,"47,3184110","4,3182120",21,2019,80.0,3.0,1.0,3.0,2154226,1.0,1,4,2,1.0,,0.0,0,1999.0,B01,138Â 296Â 477,1.0,-1.0,-1.0,1644974,1.0,7,,0.0,2.0,3.0,B01,138Â 296Â 477,1.0
963811,201900005342,11,26,08:35,1,1,1,1.0,3.0,21445,D26,M,"47,3184110","4,3182120",21,2019,80.0,3.0,1.0,3.0,2154226,1.0,1,4,2,1.0,,0.0,0,1999.0,B01,138Â 296Â 477,1.0,-1.0,-1.0,1644975,2.0,7,,0.0,2.0,3.0,A01,138Â 296Â 478,1.0
963811,201900005342,11,26,08:35,1,1,1,1.0,3.0,21445,D26,M,"47,3184110","4,3182120",21,2019,80.0,3.0,1.0,3.0,2154227,1.0,1,1,1,1.0,,0.0,0,1988.0,A01,138Â 296Â 478,1.0,-1.0,-1.0,1644974,1.0,7,,0.0,2.0,3.0,B01,138Â 296Â 477,1.0
963811,201900005342,11,26,08:35,1,1,1,1.0,3.0,21445,D26,M,"47,3184110","4,3182120",21,2019,80.0,3.0,1.0,3.0,2154227,1.0,1,1,1,1.0,,0.0,0,1988.0,A01,138Â 296Â 478,1.0,-1.0,-1.0,1644975,2.0,7,,0.0,2.0,3.0,A01,138Â 296Â 478,1.0
963812,201900005343,11,21,18:18,3,1,1,2.0,7.0,08169,D32,M,"49,8185690","4,4125660",8,2019,80.0,8.0,2.0,3.0,2154228,1.0,1,1,2,5.0,,0.0,0,1946.0,A01,138Â 296Â 476,1.0,-1.0,-1.0,1644976,1.0,7,,16.0,0.0,9.0,A01,138Â 296Â 476,1.0
963812,201900005343,11,21,18:18,3,1,1,2.0,7.0,08169,D32,M,"49,8185690","4,4125660",8,2019,80.0,8.0,2.0,3.0,2154229,2.0,2,2,1,5.0,,0.0,0,1940.0,A01,138Â 296Â 476,1.0,-1.0,-1.0,1644976,1.0,7,,16.0,0.0,9.0,A01,138Â 296Â 476,1.0
963813,201900005344,11,27,08:15,1,1,1,1.0,1.0,88151,D266,M,"48,2338410","6,2115820",88,2019,80.0,1.0,2.0,3.0,2154230,1.0,1,3,1,1.0,,0.0,0,1984.0,B01,138Â 296Â 474,8.0,-1.0,-1.0,1644977,1.0,7,,0.0,2.0,3.0,B01,138Â 296Â 474,1.0
963813,201900005344,11,27,08:15,1,1,1,1.0,1.0,88151,D266,M,"48,2338410","6,2115820",88,2019,80.0,1.0,2.0,3.0,2154230,1.0,1,3,1,1.0,,0.0,0,1984.0,B01,138Â 296Â 474,8.0,-1.0,-1.0,1644978,2.0,7,,0.0,2.0,1.0,A01,138Â 296Â 475,1.0