Unnamed: 0_x,num_acc,mois,jour,hrmn,lum,agg,int,atm,col,com,adr,gps,lat,long,dep,annee,vma,situ,surf,catr,Unnamed: 0_y,place,catu,grav,sexe,trajet,secu,locp,actp,an_nais,num_veh_x,id_vehicule_x,secu1,secu2,secu3,Unnamed: 0,senc,catv,occutc,obs,obsm,choc,num_veh_y,id_vehicule_y,motor
963813,201900005344,11,27,08:15,1,1,1,1.0,1.0,88151,D266,M,"48,2338410","6,2115820",88,2019,80.0,1.0,2.0,3.0,2154231,1.0,1,4,1,1.0,,0.0,0,1990.0,A01,138Â 296Â 475,8.0,-1.0,-1.0,1644977,1.0,7,,0.0,2.0,3.0,B01,138Â 296Â 474,1.0
963813,201900005344,11,27,08:15,1,1,1,1.0,1.0,88151,D266,M,"48,2338410","6,2115820",88,2019,80.0,1.0,2.0,3.0,2154231,1.0,1,4,1,1.0,,0.0,0,1990.0,A01,138Â 296Â 475,8.0,-1.0,-1.0,1644978,2.0,7,,0.0,2.0,1.0,A01,138Â 296Â 475,1.0
963814,201900005345,11,26,05:40,3,1,1,2.0,6.0,77279,A5,M,"48,3844260","2,9973650",77,2019,130.0,1.0,2.0,1.0,2154232,2.0,2,4,1,1.0,,0.0,0,1982.0,A01,138Â 296Â 472,1.0,-1.0,-1.0,1644979,2.0,7,,0.0,2.0,1.0,A01,138Â 296Â 472,1.0
963814,201900005345,11,26,05:40,3,1,1,2.0,6.0,77279,A5,M,"48,3844260","2,9973650",77,2019,130.0,1.0,2.0,1.0,2154232,2.0,2,4,1,1.0,,0.0,0,1982.0,A01,138Â 296Â 472,1.0,-1.0,-1.0,1644980,2.0,17,,0.0,0.0,6.0,B01,138Â 296Â 473,1.0
963814,201900005345,11,26,05:40,3,1,1,2.0,6.0,77279,A5,M,"48,3844260","2,9973650",77,2019,130.0,1.0,2.0,1.0,2154233,1.0,1,4,1,1.0,,0.0,0,1996.0,A01,138Â 296Â 472,1.0,-1.0,-1.0,1644979,2.0,7,,0.0,2.0,1.0,A01,138Â 296Â 472,1.0
963814,201900005345,11,26,05:40,3,1,1,2.0,6.0,77279,A5,M,"48,3844260","2,9973650",77,2019,130.0,1.0,2.0,1.0,2154233,1.0,1,4,1,1.0,,0.0,0,1996.0,A01,138Â 296Â 472,1.0,-1.0,-1.0,1644980,2.0,17,,0.0,0.0,6.0,B01,138Â 296Â 473,1.0
963814,201900005345,11,26,05:40,3,1,1,2.0,6.0,77279,A5,M,"48,3844260","2,9973650",77,2019,130.0,1.0,2.0,1.0,2154234,1.0,1,1,1,4.0,,0.0,0,1968.0,B01,138Â 296Â 473,1.0,-1.0,-1.0,1644979,2.0,7,,0.0,2.0,1.0,A01,138Â 296Â 472,1.0
963814,201900005345,11,26,05:40,3,1,1,2.0,6.0,77279,A5,M,"48,3844260","2,9973650",77,2019,130.0,1.0,2.0,1.0,2154234,1.0,1,1,1,4.0,,0.0,0,1968.0,B01,138Â 296Â 473,1.0,-1.0,-1.0,1644980,2.0,17,,0.0,0.0,6.0,B01,138Â 296Â 473,1.0
963815,201900005346,11,27,12:40,1,1,1,3.0,6.0,17354,A10,M,"45,6088440"," -0,5977260",17,2019,110.0,1.0,2.0,1.0,2154235,1.0,1,4,1,5.0,,0.0,0,1966.0,A01,138Â 296Â 469,1.0,-1.0,-1.0,1644981,1.0,7,,3.0,0.0,1.0,A01,138Â 296Â 469,1.0
963815,201900005346,11,27,12:40,1,1,1,3.0,6.0,17354,A10,M,"45,6088440"," -0,5977260",17,2019,110.0,1.0,2.0,1.0,2154236,2.0,2,1,2,5.0,,0.0,0,1969.0,A01,138Â 296Â 469,1.0,-1.0,-1.0,1644981,1.0,7,,3.0,0.0,1.0,A01,138Â 296Â 469,1.0
963816,201900005347,11,26,09:35,1,1,9,1.0,6.0,60138,Aire du PÃ©age de Chamant (Aire de repos),M,"49,2150510","2,6241240",60,2019,30.0,8.0,1.0,1.0,2154237,1.0,1,3,1,4.0,,0.0,0,1980.0,A01,138Â 296Â 468,1.0,-1.0,-1.0,1644982,2.0,17,,14.0,0.0,1.0,A01,138Â 296Â 468,1.0
963817,201900005348,11,26,19:20,3,1,1,1.0,6.0,33229,Route de la Sabliere,M,"44,7055230"," -1,0240590",33,2019,50.0,1.0,2.0,4.0,2154238,10.0,3,3,2,1.0,,1.0,3,1961.0,A01,138Â 296Â 467,0.0,-1.0,-1.0,1644983,3.0,7,,0.0,1.0,1.0,A01,138Â 296Â 467,1.0
963817,201900005348,11,26,19:20,3,1,1,1.0,6.0,33229,Route de la Sabliere,M,"44,7055230"," -1,0240590",33,2019,50.0,1.0,2.0,4.0,2154239,1.0,1,1,1,5.0,,0.0,0,1993.0,A01,138Â 296Â 467,1.0,-1.0,-1.0,1644983,3.0,7,,0.0,1.0,1.0,A01,138Â 296Â 467,1.0
963818,201900005349,11,26,17:20,1,2,1,1.0,1.0,97701,rt82 - grand cul de sac,M,"17,9054080"," -62,8010020",977,2019,50.0,1.0,1.0,2.0,2154240,1.0,1,1,1,1.0,,0.0,0,2000.0,B01,138Â 296Â 465,2.0,-1.0,-1.0,1644984,3.0,2,,0.0,2.0,1.0,B01,138Â 296Â 465,1.0
963818,201900005349,11,26,17:20,1,2,1,1.0,1.0,97701,rt82 - grand cul de sac,M,"17,9054080"," -62,8010020",977,2019,50.0,1.0,1.0,2.0,2154240,1.0,1,1,1,1.0,,0.0,0,2000.0,B01,138Â 296Â 465,2.0,-1.0,-1.0,1644985,3.0,10,,0.0,2.0,3.0,A01,138Â 296Â 466,1.0
963818,201900005349,11,26,17:20,1,2,1,1.0,1.0,97701,rt82 - grand cul de sac,M,"17,9054080"," -62,8010020",977,2019,50.0,1.0,1.0,2.0,2154241,2.0,2,3,2,1.0,,0.0,0,2004.0,B01,138Â 296Â 465,2.0,-1.0,-1.0,1644984,3.0,2,,0.0,2.0,1.0,B01,138Â 296Â 465,1.0
963818,201900005349,11,26,17:20,1,2,1,1.0,1.0,97701,rt82 - grand cul de sac,M,"17,9054080"," -62,8010020",977,2019,50.0,1.0,1.0,2.0,2154241,2.0,2,3,2,1.0,,0.0,0,2004.0,B01,138Â 296Â 465,2.0,-1.0,-1.0,1644985,3.0,10,,0.0,2.0,3.0,A01,138Â 296Â 466,1.0
963818,201900005349,11,26,17:20,1,2,1,1.0,1.0,97701,rt82 - grand cul de sac,M,"17,9054080"," -62,8010020",977,2019,50.0,1.0,1.0,2.0,2154242,1.0,1,1,1,1.0,,0.0,0,1982.0,A01,138Â 296Â 466,1.0,-1.0,-1.0,1644984,3.0,2,,0.0,2.0,1.0,B01,138Â 296Â 465,1.0
963818,201900005349,11,26,17:20,1,2,1,1.0,1.0,97701,rt82 - grand cul de sac,M,"17,9054080"," -62,8010020",977,2019,50.0,1.0,1.0,2.0,2154242,1.0,1,1,1,1.0,,0.0,0,1982.0,A01,138Â 296Â 466,1.0,-1.0,-1.0,1644985,3.0,10,,0.0,2.0,3.0,A01,138Â 296Â 466,1.0
963819,201900005350,9,4,17:00,1,1,1,2.0,6.0,97121,Baille-Argent,M,"16,2606770"," -61,8050260",971,2019,70.0,4.0,2.0,2.0,2154243,1.0,1,3,1,1.0,,0.0,0,1993.0,A01,138Â 296Â 464,1.0,-1.0,-1.0,1644986,2.0,7,,8.0,0.0,1.0,A01,138Â 296Â 464,0.0
963820,201900005351,11,27,09:05,1,1,3,2.0,6.0,33203,D4,M,"45,1947400"," -1,0040400",33,2019,80.0,3.0,2.0,3.0,2154244,1.0,1,2,1,5.0,,0.0,0,1942.0,A01,138Â 296Â 463,8.0,-1.0,-1.0,1644987,2.0,7,,13.0,0.0,1.0,A01,138Â 296Â 463,0.0
963821,201900005352,11,23,21:30,3,1,6,2.0,6.0,95024,D159,M,"49,0988750","1,7966980",95,2019,80.0,8.0,2.0,3.0,2154245,1.0,1,3,1,5.0,,0.0,0,1981.0,A01,138Â 296Â 462,1.0,-1.0,-1.0,1644988,1.0,7,,5.0,0.0,9.0,A01,138Â 296Â 462,0.0
963822,201900005353,11,27,16:13,1,1,9,2.0,6.0,03050,,M,"46,0358004","3,7442662",3,2019,80.0,3.0,2.0,3.0,2154246,1.0,1,2,1,5.0,,0.0,0,1932.0,A01,138Â 296Â 461,1.0,-1.0,-1.0,1644989,2.0,7,,2.0,0.0,2.0,A01,138Â 296Â 461,1.0
963823,201900005354,11,13,17:50,3,1,1,1.0,1.0,38474,Route de Villard de Lans,M,"45,2137930","5,6453430",38,2019,80.0,1.0,1.0,3.0,2154247,9.0,2,4,1,4.0,,0.0,0,1968.0,B01,138Â 296Â 459,1.0,-1.0,-1.0,1644990,2.0,10,,3.0,2.0,3.0,B01,138Â 296Â 459,1.0
963823,201900005354,11,13,17:50,3,1,1,1.0,1.0,38474,Route de Villard de Lans,M,"45,2137930","5,6453430",38,2019,80.0,1.0,1.0,3.0,2154247,9.0,2,4,1,4.0,,0.0,0,1968.0,B01,138Â 296Â 459,1.0,-1.0,-1.0,1644991,1.0,7,,0.0,2.0,1.0,A01,138Â 296Â 460,1.0
963823,201900005354,11,13,17:50,3,1,1,1.0,1.0,38474,Route de Villard de Lans,M,"45,2137930","5,6453430",38,2019,80.0,1.0,1.0,3.0,2154248,2.0,2,4,1,4.0,,0.0,0,1963.0,B01,138Â 296Â 459,1.0,-1.0,-1.0,1644990,2.0,10,,3.0,2.0,3.0,B01,138Â 296Â 459,1.0
963823,201900005354,11,13,17:50,3,1,1,1.0,1.0,38474,Route de Villard de Lans,M,"45,2137930","5,6453430",38,2019,80.0,1.0,1.0,3.0,2154248,2.0,2,4,1,4.0,,0.0,0,1963.0,B01,138Â 296Â 459,1.0,-1.0,-1.0,1644991,1.0,7,,0.0,2.0,1.0,A01,138Â 296Â 460,1.0
963823,201900005354,11,13,17:50,3,1,1,1.0,1.0,38474,Route de Villard de Lans,M,"45,2137930","5,6453430",38,2019,80.0,1.0,1.0,3.0,2154249,1.0,1,4,1,4.0,,0.0,0,1986.0,B01,138Â 296Â 459,1.0,-1.0,-1.0,1644990,2.0,10,,3.0,2.0,3.0,B01,138Â 296Â 459,1.0
963823,201900005354,11,13,17:50,3,1,1,1.0,1.0,38474,Route de Villard de Lans,M,"45,2137930","5,6453430",38,2019,80.0,1.0,1.0,3.0,2154249,1.0,1,4,1,4.0,,0.0,0,1986.0,B01,138Â 296Â 459,1.0,-1.0,-1.0,1644991,1.0,7,,0.0,2.0,1.0,A01,138Â 296Â 460,1.0
963823,201900005354,11,13,17:50,3,1,1,1.0,1.0,38474,Route de Villard de Lans,M,"45,2137930","5,6453430",38,2019,80.0,1.0,1.0,3.0,2154250,1.0,1,3,2,0.0,,0.0,0,1952.0,A01,138Â 296Â 460,1.0,-1.0,-1.0,1644990,2.0,10,,3.0,2.0,3.0,B01,138Â 296Â 459,1.0
963823,201900005354,11,13,17:50,3,1,1,1.0,1.0,38474,Route de Villard de Lans,M,"45,2137930","5,6453430",38,2019,80.0,1.0,1.0,3.0,2154250,1.0,1,3,2,0.0,,0.0,0,1952.0,A01,138Â 296Â 460,1.0,-1.0,-1.0,1644991,1.0,7,,0.0,2.0,1.0,A01,138Â 296Â 460,1.0
963824,201900005355,11,7,14:55,1,2,1,2.0,6.0,07324,10 Place Carnot,M,"45,0646720","4,8353400",7,2019,30.0,1.0,2.0,4.0,2154251,10.0,3,3,2,5.0,,3.0,3,1950.0,A01,138Â 296Â 458,0.0,-1.0,-1.0,1644992,3.0,7,,0.0,1.0,1.0,A01,138Â 296Â 458,6.0
963824,201900005355,11,7,14:55,1,2,1,2.0,6.0,07324,10 Place Carnot,M,"45,0646720","4,8353400",7,2019,30.0,1.0,2.0,4.0,2154252,1.0,1,1,2,0.0,,0.0,0,1974.0,A01,138Â 296Â 458,1.0,-1.0,-1.0,1644992,3.0,7,,0.0,1.0,1.0,A01,138Â 296Â 458,6.0
963825,201900005356,11,26,19:48,5,2,3,1.0,1.0,31248,Route du Plantaurel,M,"43,4580570","1,3961580",31,2019,50.0,1.0,1.0,3.0,2154253,1.0,1,4,1,5.0,,0.0,0,1976.0,A01,138Â 296Â 456,1.0,-1.0,-1.0,1644993,2.0,7,,0.0,2.0,2.0,A01,138Â 296Â 456,1.0
963825,201900005356,11,26,19:48,5,2,3,1.0,1.0,31248,Route du Plantaurel,M,"43,4580570","1,3961580",31,2019,50.0,1.0,1.0,3.0,2154253,1.0,1,4,1,5.0,,0.0,0,1976.0,A01,138Â 296Â 456,1.0,-1.0,-1.0,1644994,1.0,33,,0.0,2.0,1.0,B01,138Â 296Â 457,1.0
963825,201900005356,11,26,19:48,5,2,3,1.0,1.0,31248,Route du Plantaurel,M,"43,4580570","1,3961580",31,2019,50.0,1.0,1.0,3.0,2154254,1.0,1,3,1,1.0,,0.0,0,1963.0,B01,138Â 296Â 457,2.0,6.0,-1.0,1644993,2.0,7,,0.0,2.0,2.0,A01,138Â 296Â 456,1.0
963825,201900005356,11,26,19:48,5,2,3,1.0,1.0,31248,Route du Plantaurel,M,"43,4580570","1,3961580",31,2019,50.0,1.0,1.0,3.0,2154254,1.0,1,3,1,1.0,,0.0,0,1963.0,B01,138Â 296Â 457,2.0,6.0,-1.0,1644994,1.0,33,,0.0,2.0,1.0,B01,138Â 296Â 457,1.0
963826,201900005357,11,27,21:00,4,2,1,1.0,6.0,31433,18 Avenue des Cerisiers,M,"43,5280260","1,3752790",31,2019,50.0,1.0,2.0,4.0,2154255,1.0,1,2,1,1.0,,0.0,0,1981.0,A01,138Â 296Â 455,2.0,6.0,9.0,1644995,3.0,33,,11.0,0.0,3.0,A01,138Â 296Â 455,1.0
963827,201900005358,11,23,18:30,3,1,1,2.0,6.0,86019,Route de Saint Leger,M,"46,7235710","0,4176590",86,2019,80.0,3.0,2.0,9.0,2154256,1.0,1,3,1,5.0,,0.0,0,1978.0,A01,138Â 296Â 454,1.0,-1.0,-1.0,1644996,3.0,7,,13.0,0.0,2.0,A01,138Â 296Â 454,1.0
963827,201900005358,11,23,18:30,3,1,1,2.0,6.0,86019,Route de Saint Leger,M,"46,7235710","0,4176590",86,2019,80.0,3.0,2.0,9.0,2154257,2.0,2,1,1,5.0,,0.0,0,2000.0,A01,138Â 296Â 454,1.0,-1.0,-1.0,1644996,3.0,7,,13.0,0.0,2.0,A01,138Â 296Â 454,1.0
963828,201900005359,11,26,07:50,3,1,1,6.0,5.0,50564,2 Village la Fresnerie,M,"49,2494680"," -1,3106490",50,2019,80.0,1.0,2.0,3.0,2154258,1.0,1,1,1,4.0,,0.0,0,1990.0,A01,138Â 296Â 450,1.0,5.0,-1.0,1644997,2.0,10,,0.0,2.0,3.0,A01,138Â 296Â 450,1.0
963828,201900005359,11,26,07:50,3,1,1,6.0,5.0,50564,2 Village la Fresnerie,M,"49,2494680"," -1,3106490",50,2019,80.0,1.0,2.0,3.0,2154258,1.0,1,1,1,4.0,,0.0,0,1990.0,A01,138Â 296Â 450,1.0,5.0,-1.0,1644998,1.0,7,,0.0,2.0,3.0,B01,138Â 296Â 451,1.0
963828,201900005359,11,26,07:50,3,1,1,6.0,5.0,50564,2 Village la Fresnerie,M,"49,2494680"," -1,3106490",50,2019,80.0,1.0,2.0,3.0,2154258,1.0,1,1,1,4.0,,0.0,0,1990.0,A01,138Â 296Â 450,1.0,5.0,-1.0,1644999,1.0,7,,0.0,2.0,3.0,C01,138Â 296Â 452,1.0
963828,201900005359,11,26,07:50,3,1,1,6.0,5.0,50564,2 Village la Fresnerie,M,"49,2494680"," -1,3106490",50,2019,80.0,1.0,2.0,3.0,2154258,1.0,1,1,1,4.0,,0.0,0,1990.0,A01,138Â 296Â 450,1.0,5.0,-1.0,1645000,1.0,7,,0.0,9.0,1.0,D01,138Â 296Â 453,1.0
963828,201900005359,11,26,07:50,3,1,1,6.0,5.0,50564,2 Village la Fresnerie,M,"49,2494680"," -1,3106490",50,2019,80.0,1.0,2.0,3.0,2154259,1.0,1,1,2,9.0,,0.0,0,1940.0,B01,138Â 296Â 451,1.0,5.0,-1.0,1644997,2.0,10,,0.0,2.0,3.0,A01,138Â 296Â 450,1.0
963828,201900005359,11,26,07:50,3,1,1,6.0,5.0,50564,2 Village la Fresnerie,M,"49,2494680"," -1,3106490",50,2019,80.0,1.0,2.0,3.0,2154259,1.0,1,1,2,9.0,,0.0,0,1940.0,B01,138Â 296Â 451,1.0,5.0,-1.0,1644998,1.0,7,,0.0,2.0,3.0,B01,138Â 296Â 451,1.0
963828,201900005359,11,26,07:50,3,1,1,6.0,5.0,50564,2 Village la Fresnerie,M,"49,2494680"," -1,3106490",50,2019,80.0,1.0,2.0,3.0,2154259,1.0,1,1,2,9.0,,0.0,0,1940.0,B01,138Â 296Â 451,1.0,5.0,-1.0,1644999,1.0,7,,0.0,2.0,3.0,C01,138Â 296Â 452,1.0
963828,201900005359,11,26,07:50,3,1,1,6.0,5.0,50564,2 Village la Fresnerie,M,"49,2494680"," -1,3106490",50,2019,80.0,1.0,2.0,3.0,2154259,1.0,1,1,2,9.0,,0.0,0,1940.0,B01,138Â 296Â 451,1.0,5.0,-1.0,1645000,1.0,7,,0.0,9.0,1.0,D01,138Â 296Â 453,1.0
963828,201900005359,11,26,07:50,3,1,1,6.0,5.0,50564,2 Village la Fresnerie,M,"49,2494680"," -1,3106490",50,2019,80.0,1.0,2.0,3.0,2154260,1.0,1,3,1,1.0,,0.0,0,1990.0,C01,138Â 296Â 452,1.0,5.0,-1.0,1644997,2.0,10,,0.0,2.0,3.0,A01,138Â 296Â 450,1.0
963828,201900005359,11,26,07:50,3,1,1,6.0,5.0,50564,2 Village la Fresnerie,M,"49,2494680"," -1,3106490",50,2019,80.0,1.0,2.0,3.0,2154260,1.0,1,3,1,1.0,,0.0,0,1990.0,C01,138Â 296Â 452,1.0,5.0,-1.0,1644998,1.0,7,,0.0,2.0,3.0,B01,138Â 296Â 451,1.0
963828,201900005359,11,26,07:50,3,1,1,6.0,5.0,50564,2 Village la Fresnerie,M,"49,2494680"," -1,3106490",50,2019,80.0,1.0,2.0,3.0,2154260,1.0,1,3,1,1.0,,0.0,0,1990.0,C01,138Â 296Â 452,1.0,5.0,-1.0,1644999,1.0,7,,0.0,2.0,3.0,C01,138Â 296Â 452,1.0
963828,201900005359,11,26,07:50,3,1,1,6.0,5.0,50564,2 Village la Fresnerie,M,"49,2494680"," -1,3106490",50,2019,80.0,1.0,2.0,3.0,2154260,1.0,1,3,1,1.0,,0.0,0,1990.0,C01,138Â 296Â 452,1.0,5.0,-1.0,1645000,1.0,7,,0.0,9.0,1.0,D01,138Â 296Â 453,1.0
963828,201900005359,11,26,07:50,3,1,1,6.0,5.0,50564,2 Village la Fresnerie,M,"49,2494680"," -1,3106490",50,2019,80.0,1.0,2.0,3.0,2154261,1.0,1,1,1,4.0,,0.0,0,1995.0,D01,138Â 296Â 453,1.0,5.0,-1.0,1644997,2.0,10,,0.0,2.0,3.0,A01,138Â 296Â 450,1.0
963828,201900005359,11,26,07:50,3,1,1,6.0,5.0,50564,2 Village la Fresnerie,M,"49,2494680"," -1,3106490",50,2019,80.0,1.0,2.0,3.0,2154261,1.0,1,1,1,4.0,,0.0,0,1995.0,D01,138Â 296Â 453,1.0,5.0,-1.0,1644998,1.0,7,,0.0,2.0,3.0,B01,138Â 296Â 451,1.0
963828,201900005359,11,26,07:50,3,1,1,6.0,5.0,50564,2 Village la Fresnerie,M,"49,2494680"," -1,3106490",50,2019,80.0,1.0,2.0,3.0,2154261,1.0,1,1,1,4.0,,0.0,0,1995.0,D01,138Â 296Â 453,1.0,5.0,-1.0,1644999,1.0,7,,0.0,2.0,3.0,C01,138Â 296Â 452,1.0
963828,201900005359,11,26,07:50,3,1,1,6.0,5.0,50564,2 Village la Fresnerie,M,"49,2494680"," -1,3106490",50,2019,80.0,1.0,2.0,3.0,2154261,1.0,1,1,1,4.0,,0.0,0,1995.0,D01,138Â 296Â 453,1.0,5.0,-1.0,1645000,1.0,7,,0.0,9.0,1.0,D01,138Â 296Â 453,1.0
963829,201900005360,11,26,09:05,1,2,9,1.0,6.0,76295,44 Route de NeufchÃ¢tel,M,"49,6535440","1,6148310",76,2019,50.0,8.0,1.0,6.0,2154262,10.0,3,3,2,9.0,,0.0,3,1947.0,A01,138Â 296Â 449,0.0,-1.0,-1.0,1645001,3.0,13,,0.0,1.0,7.0,A01,138Â 296Â 449,1.0
963829,201900005360,11,26,09:05,1,2,9,1.0,6.0,76295,44 Route de NeufchÃ¢tel,M,"49,6535440","1,6148310",76,2019,50.0,8.0,1.0,6.0,2154263,1.0,1,1,2,4.0,,0.0,0,1972.0,A01,138Â 296Â 449,1.0,-1.0,-1.0,1645001,3.0,13,,0.0,1.0,7.0,A01,138Â 296Â 449,1.0
963830,201900005361,11,26,21:05,3,1,6,3.0,7.0,60141,Route dÃ©partementale 924A,M,"49,1857485","2,4890563",60,2019,-1.0,8.0,2.0,3.0,2154264,1.0,1,3,2,1.0,,0.0,0,1964.0,A01,138Â 296Â 448,1.0,-1.0,-1.0,1645002,0.0,7,,15.0,0.0,1.0,A01,138Â 296Â 448,1.0
963831,201900005362,11,26,20:30,5,2,1,2.0,2.0,80049,Rue de Paris,M,"49,6219320","2,5502830",80,2019,50.0,1.0,2.0,3.0,2154265,1.0,1,2,1,0.0,,0.0,0,1957.0,B01,138Â 296Â 444,0.0,-1.0,-1.0,1645003,2.0,1,,0.0,0.0,4.0,B01,138Â 296Â 444,5.0
963831,201900005362,11,26,20:30,5,2,1,2.0,2.0,80049,Rue de Paris,M,"49,6219320","2,5502830",80,2019,50.0,1.0,2.0,3.0,2154265,1.0,1,2,1,0.0,,0.0,0,1957.0,B01,138Â 296Â 444,0.0,-1.0,-1.0,1645004,2.0,7,,0.0,9.0,2.0,A01,138Â 296Â 445,1.0
963831,201900005362,11,26,20:30,5,2,1,2.0,2.0,80049,Rue de Paris,M,"49,6219320","2,5502830",80,2019,50.0,1.0,2.0,3.0,2154266,1.0,1,1,1,1.0,,0.0,0,1977.0,A01,138Â 296Â 445,1.0,-1.0,-1.0,1645003,2.0,1,,0.0,0.0,4.0,B01,138Â 296Â 444,5.0
963831,201900005362,11,26,20:30,5,2,1,2.0,2.0,80049,Rue de Paris,M,"49,6219320","2,5502830",80,2019,50.0,1.0,2.0,3.0,2154266,1.0,1,1,1,1.0,,0.0,0,1977.0,A01,138Â 296Â 445,1.0,-1.0,-1.0,1645004,2.0,7,,0.0,9.0,2.0,A01,138Â 296Â 445,1.0
963832,201900005363,11,26,17:15,3,1,1,2.0,6.0,62751,Chemin Vert,M,"50,8779500","1,7482040",62,2019,50.0,1.0,2.0,3.0,2154267,1.0,1,3,2,1.0,,0.0,0,1995.0,A01,138Â 296Â 443,1.0,-1.0,-1.0,1645005,2.0,7,,4.0,0.0,3.0,A01,138Â 296Â 443,1.0
963833,201900005364,11,25,09:40,1,1,1,1.0,2.0,13055,A507 sens Marseille - Aubagne,M,"43,2889420","5,4244490",13,2019,70.0,1.0,1.0,1.0,2154268,1.0,1,1,1,5.0,,-1.0,0,1984.0,B01,138Â 296Â 441,1.0,0.0,-1.0,1645006,1.0,7,,0.0,2.0,1.0,B01,138Â 296Â 441,1.0
963833,201900005364,11,25,09:40,1,1,1,1.0,2.0,13055,A507 sens Marseille - Aubagne,M,"43,2889420","5,4244490",13,2019,70.0,1.0,1.0,1.0,2154268,1.0,1,1,1,5.0,,-1.0,0,1984.0,B01,138Â 296Â 441,1.0,0.0,-1.0,1645007,1.0,7,,0.0,2.0,4.0,A01,138Â 296Â 442,1.0
963833,201900005364,11,25,09:40,1,1,1,1.0,2.0,13055,A507 sens Marseille - Aubagne,M,"43,2889420","5,4244490",13,2019,70.0,1.0,1.0,1.0,2154269,1.0,1,4,2,5.0,,-1.0,0,1958.0,A01,138Â 296Â 442,1.0,0.0,-1.0,1645006,1.0,7,,0.0,2.0,1.0,B01,138Â 296Â 441,1.0
963833,201900005364,11,25,09:40,1,1,1,1.0,2.0,13055,A507 sens Marseille - Aubagne,M,"43,2889420","5,4244490",13,2019,70.0,1.0,1.0,1.0,2154269,1.0,1,4,2,5.0,,-1.0,0,1958.0,A01,138Â 296Â 442,1.0,0.0,-1.0,1645007,1.0,7,,0.0,2.0,4.0,A01,138Â 296Â 442,1.0
963834,201900005365,11,25,16:00,1,1,1,1.0,4.0,69290,RN346   38.960 A 40.883,M,"45,7103500","4,9683500",69,2019,90.0,1.0,1.0,2.0,2154270,1.0,1,1,1,4.0,,-1.0,0,1990.0,A01,138Â 296Â 438,1.0,0.0,-1.0,1645008,2.0,10,,0.0,2.0,3.0,A01,138Â 296Â 438,1.0
963834,201900005365,11,25,16:00,1,1,1,1.0,4.0,69290,RN346   38.960 A 40.883,M,"45,7103500","4,9683500",69,2019,90.0,1.0,1.0,2.0,2154270,1.0,1,1,1,4.0,,-1.0,0,1990.0,A01,138Â 296Â 438,1.0,0.0,-1.0,1645009,2.0,7,,0.0,2.0,6.0,B01,138Â 296Â 439,1.0
963834,201900005365,11,25,16:00,1,1,1,1.0,4.0,69290,RN346   38.960 A 40.883,M,"45,7103500","4,9683500",69,2019,90.0,1.0,1.0,2.0,2154270,1.0,1,1,1,4.0,,-1.0,0,1990.0,A01,138Â 296Â 438,1.0,0.0,-1.0,1645010,2.0,10,,0.0,2.0,6.0,C01,138Â 296Â 440,1.0
963834,201900005365,11,25,16:00,1,1,1,1.0,4.0,69290,RN346   38.960 A 40.883,M,"45,7103500","4,9683500",69,2019,90.0,1.0,1.0,2.0,2154271,1.0,1,4,1,1.0,,-1.0,0,1983.0,B01,138Â 296Â 439,1.0,0.0,-1.0,1645008,2.0,10,,0.0,2.0,3.0,A01,138Â 296Â 438,1.0
963834,201900005365,11,25,16:00,1,1,1,1.0,4.0,69290,RN346   38.960 A 40.883,M,"45,7103500","4,9683500",69,2019,90.0,1.0,1.0,2.0,2154271,1.0,1,4,1,1.0,,-1.0,0,1983.0,B01,138Â 296Â 439,1.0,0.0,-1.0,1645009,2.0,7,,0.0,2.0,6.0,B01,138Â 296Â 439,1.0
963834,201900005365,11,25,16:00,1,1,1,1.0,4.0,69290,RN346   38.960 A 40.883,M,"45,7103500","4,9683500",69,2019,90.0,1.0,1.0,2.0,2154271,1.0,1,4,1,1.0,,-1.0,0,1983.0,B01,138Â 296Â 439,1.0,0.0,-1.0,1645010,2.0,10,,0.0,2.0,6.0,C01,138Â 296Â 440,1.0
963834,201900005365,11,25,16:00,1,1,1,1.0,4.0,69290,RN346   38.960 A 40.883,M,"45,7103500","4,9683500",69,2019,90.0,1.0,1.0,2.0,2154272,1.0,1,1,1,4.0,,-1.0,0,1969.0,C01,138Â 296Â 440,1.0,0.0,-1.0,1645008,2.0,10,,0.0,2.0,3.0,A01,138Â 296Â 438,1.0
963834,201900005365,11,25,16:00,1,1,1,1.0,4.0,69290,RN346   38.960 A 40.883,M,"45,7103500","4,9683500",69,2019,90.0,1.0,1.0,2.0,2154272,1.0,1,1,1,4.0,,-1.0,0,1969.0,C01,138Â 296Â 440,1.0,0.0,-1.0,1645009,2.0,7,,0.0,2.0,6.0,B01,138Â 296Â 439,1.0
963834,201900005365,11,25,16:00,1,1,1,1.0,4.0,69290,RN346   38.960 A 40.883,M,"45,7103500","4,9683500",69,2019,90.0,1.0,1.0,2.0,2154272,1.0,1,1,1,4.0,,-1.0,0,1969.0,C01,138Â 296Â 440,1.0,0.0,-1.0,1645010,2.0,10,,0.0,2.0,6.0,C01,138Â 296Â 440,1.0