Unnamed: 0_x,num_acc,mois,jour,hrmn,lum,agg,int,atm,col,com,adr,gps,lat,long,dep,annee,vma,situ,surf,catr,Unnamed: 0_y,place,catu,grav,sexe,trajet,secu,locp,actp,an_nais,num_veh_x,id_vehicule_x,secu1,secu2,secu3,Unnamed: 0,senc,catv,occutc,obs,obsm,choc,num_veh_y,id_vehicule_y,motor
963835,201900005366,11,26,01:40,3,1,1,1.0,6.0,33080,AUTOROUTE A 62,M,"44,7317200"," -0,5305600",33,2019,130.0,1.0,1.0,1.0,2154273,1.0,1,4,1,4.0,,-1.0,0,2000.0,A01,138Â 296Â 429,1.0,8.0,-1.0,1645011,1.0,17,,6.0,0.0,1.0,A01,138Â 296Â 429,1.0
963836,201900005367,11,26,19:15,3,1,1,1.0,6.0,91534,RN 118,M,"48,7410650","2,1840180",91,2019,110.0,1.0,2.0,2.0,2154274,1.0,1,4,2,0.0,,0.0,0,1958.0,A01,138Â 296Â 428,2.0,6.0,-1.0,1645012,1.0,34,,0.0,2.0,7.0,A01,138Â 296Â 428,1.0
963837,201900005368,11,26,09:31,5,1,1,1.0,4.0,94069,A4,M,"48,8170469","2,4447155",94,2019,90.0,1.0,2.0,1.0,2154275,1.0,1,1,1,0.0,,-1.0,0,1969.0,A01,138Â 296Â 425,1.0,8.0,-1.0,1645013,2.0,99,,0.0,2.0,1.0,A01,138Â 296Â 425,1.0
963837,201900005368,11,26,09:31,5,1,1,1.0,4.0,94069,A4,M,"48,8170469","2,4447155",94,2019,90.0,1.0,2.0,1.0,2154275,1.0,1,1,1,0.0,,-1.0,0,1969.0,A01,138Â 296Â 425,1.0,8.0,-1.0,1645014,2.0,7,,0.0,2.0,4.0,B01,138Â 296Â 426,1.0
963837,201900005368,11,26,09:31,5,1,1,1.0,4.0,94069,A4,M,"48,8170469","2,4447155",94,2019,90.0,1.0,2.0,1.0,2154275,1.0,1,1,1,0.0,,-1.0,0,1969.0,A01,138Â 296Â 425,1.0,8.0,-1.0,1645015,2.0,17,,0.0,2.0,4.0,C01,138Â 296Â 427,1.0
963837,201900005368,11,26,09:31,5,1,1,1.0,4.0,94069,A4,M,"48,8170469","2,4447155",94,2019,90.0,1.0,2.0,1.0,2154276,1.0,1,4,1,0.0,,-1.0,0,1991.0,B01,138Â 296Â 426,1.0,8.0,-1.0,1645013,2.0,99,,0.0,2.0,1.0,A01,138Â 296Â 425,1.0
963837,201900005368,11,26,09:31,5,1,1,1.0,4.0,94069,A4,M,"48,8170469","2,4447155",94,2019,90.0,1.0,2.0,1.0,2154276,1.0,1,4,1,0.0,,-1.0,0,1991.0,B01,138Â 296Â 426,1.0,8.0,-1.0,1645014,2.0,7,,0.0,2.0,4.0,B01,138Â 296Â 426,1.0
963837,201900005368,11,26,09:31,5,1,1,1.0,4.0,94069,A4,M,"48,8170469","2,4447155",94,2019,90.0,1.0,2.0,1.0,2154276,1.0,1,4,1,0.0,,-1.0,0,1991.0,B01,138Â 296Â 426,1.0,8.0,-1.0,1645015,2.0,17,,0.0,2.0,4.0,C01,138Â 296Â 427,1.0
963837,201900005368,11,26,09:31,5,1,1,1.0,4.0,94069,A4,M,"48,8170469","2,4447155",94,2019,90.0,1.0,2.0,1.0,2154277,1.0,1,1,1,0.0,,-1.0,0,1970.0,C01,138Â 296Â 427,1.0,8.0,-1.0,1645013,2.0,99,,0.0,2.0,1.0,A01,138Â 296Â 425,1.0
963837,201900005368,11,26,09:31,5,1,1,1.0,4.0,94069,A4,M,"48,8170469","2,4447155",94,2019,90.0,1.0,2.0,1.0,2154277,1.0,1,1,1,0.0,,-1.0,0,1970.0,C01,138Â 296Â 427,1.0,8.0,-1.0,1645014,2.0,7,,0.0,2.0,4.0,B01,138Â 296Â 426,1.0
963837,201900005368,11,26,09:31,5,1,1,1.0,4.0,94069,A4,M,"48,8170469","2,4447155",94,2019,90.0,1.0,2.0,1.0,2154277,1.0,1,1,1,0.0,,-1.0,0,1970.0,C01,138Â 296Â 427,1.0,8.0,-1.0,1645015,2.0,17,,0.0,2.0,4.0,C01,138Â 296Â 427,1.0
963838,201900005369,11,23,15:55,1,1,1,2.0,7.0,93053,AUTOROUTE A103,M,"48,8879600","2,4725200",93,2019,50.0,1.0,2.0,1.0,2154278,1.0,1,4,1,0.0,,-1.0, -1,1997.0,A01,138Â 296Â 424,2.0,8.0,-1.0,1645016,2.0,33,,0.0,0.0,9.0,A01,138Â 296Â 424,1.0
963838,201900005369,11,23,15:55,1,1,1,2.0,7.0,93053,AUTOROUTE A103,M,"48,8879600","2,4725200",93,2019,50.0,1.0,2.0,1.0,2154279,2.0,2,4,1,0.0,,-1.0, -1,1996.0,A01,138Â 296Â 424,2.0,8.0,-1.0,1645016,2.0,33,,0.0,0.0,9.0,A01,138Â 296Â 424,1.0
963839,201900005370,11,26,11:45,1,1,1,2.0,7.0,77053,RN104,M,"48,7000000","2,5938000",77,2019,110.0,2.0,2.0,2.0,2154280,1.0,1,4,2,1.0,,-1.0,0,1988.0,A01,138Â 296Â 423,1.0,0.0,-1.0,1645017,1.0,7,,3.0,0.0,3.0,A01,138Â 296Â 423,1.0
963840,201900005371,11,26,07:05,3,1,1,8.0,6.0,77121,A4,M,"48,8312000","2,6824000",77,2019,110.0,1.0,2.0,1.0,2154281,2.0,2,1,2,1.0,,-1.0,0,1988.0,A01,138Â 296Â 420,1.0,8.0,-1.0,1645018,1.0,7,,0.0,9.0,1.0,A01,138Â 296Â 420,1.0
963840,201900005371,11,26,07:05,3,1,1,8.0,6.0,77121,A4,M,"48,8312000","2,6824000",77,2019,110.0,1.0,2.0,1.0,2154281,2.0,2,1,2,1.0,,-1.0,0,1988.0,A01,138Â 296Â 420,1.0,8.0,-1.0,1645019,1.0,15,,0.0,0.0,0.0,T01,138Â 296Â 421,1.0
963840,201900005371,11,26,07:05,3,1,1,8.0,6.0,77121,A4,M,"48,8312000","2,6824000",77,2019,110.0,1.0,2.0,1.0,2154281,2.0,2,1,2,1.0,,-1.0,0,1988.0,A01,138Â 296Â 420,1.0,8.0,-1.0,1645020,1.0,33,,4.0,0.0,0.0,B01,138Â 296Â 422,1.0
963840,201900005371,11,26,07:05,3,1,1,8.0,6.0,77121,A4,M,"48,8312000","2,6824000",77,2019,110.0,1.0,2.0,1.0,2154282,1.0,1,1,1,1.0,,-1.0,0,1986.0,A01,138Â 296Â 420,1.0,8.0,-1.0,1645018,1.0,7,,0.0,9.0,1.0,A01,138Â 296Â 420,1.0
963840,201900005371,11,26,07:05,3,1,1,8.0,6.0,77121,A4,M,"48,8312000","2,6824000",77,2019,110.0,1.0,2.0,1.0,2154282,1.0,1,1,1,1.0,,-1.0,0,1986.0,A01,138Â 296Â 420,1.0,8.0,-1.0,1645019,1.0,15,,0.0,0.0,0.0,T01,138Â 296Â 421,1.0
963840,201900005371,11,26,07:05,3,1,1,8.0,6.0,77121,A4,M,"48,8312000","2,6824000",77,2019,110.0,1.0,2.0,1.0,2154282,1.0,1,1,1,1.0,,-1.0,0,1986.0,A01,138Â 296Â 420,1.0,8.0,-1.0,1645020,1.0,33,,4.0,0.0,0.0,B01,138Â 296Â 422,1.0
963840,201900005371,11,26,07:05,3,1,1,8.0,6.0,77121,A4,M,"48,8312000","2,6824000",77,2019,110.0,1.0,2.0,1.0,2154283,1.0,1,1,1,4.0,,-1.0,0,1974.0,T01,138Â 296Â 421,1.0,8.0,-1.0,1645018,1.0,7,,0.0,9.0,1.0,A01,138Â 296Â 420,1.0
963840,201900005371,11,26,07:05,3,1,1,8.0,6.0,77121,A4,M,"48,8312000","2,6824000",77,2019,110.0,1.0,2.0,1.0,2154283,1.0,1,1,1,4.0,,-1.0,0,1974.0,T01,138Â 296Â 421,1.0,8.0,-1.0,1645019,1.0,15,,0.0,0.0,0.0,T01,138Â 296Â 421,1.0
963840,201900005371,11,26,07:05,3,1,1,8.0,6.0,77121,A4,M,"48,8312000","2,6824000",77,2019,110.0,1.0,2.0,1.0,2154283,1.0,1,1,1,4.0,,-1.0,0,1974.0,T01,138Â 296Â 421,1.0,8.0,-1.0,1645020,1.0,33,,4.0,0.0,0.0,B01,138Â 296Â 422,1.0
963840,201900005371,11,26,07:05,3,1,1,8.0,6.0,77121,A4,M,"48,8312000","2,6824000",77,2019,110.0,1.0,2.0,1.0,2154284,1.0,1,3,1,1.0,,-1.0,0,1967.0,B01,138Â 296Â 422,2.0,8.0,-1.0,1645018,1.0,7,,0.0,9.0,1.0,A01,138Â 296Â 420,1.0
963840,201900005371,11,26,07:05,3,1,1,8.0,6.0,77121,A4,M,"48,8312000","2,6824000",77,2019,110.0,1.0,2.0,1.0,2154284,1.0,1,3,1,1.0,,-1.0,0,1967.0,B01,138Â 296Â 422,2.0,8.0,-1.0,1645019,1.0,15,,0.0,0.0,0.0,T01,138Â 296Â 421,1.0
963840,201900005371,11,26,07:05,3,1,1,8.0,6.0,77121,A4,M,"48,8312000","2,6824000",77,2019,110.0,1.0,2.0,1.0,2154284,1.0,1,3,1,1.0,,-1.0,0,1967.0,B01,138Â 296Â 422,2.0,8.0,-1.0,1645020,1.0,33,,4.0,0.0,0.0,B01,138Â 296Â 422,1.0
963841,201900005372,11,24,22:00,3,1,1,8.0,7.0,77258,A4.Y,M,"48,8298400","2,6242800",77,2019,70.0,1.0,1.0,1.0,2154285,1.0,1,4,1,5.0,,-1.0,0,1984.0,A01,138Â 296Â 419,1.0,5.0,-1.0,1645021,1.0,7,,0.0,0.0,9.0,A01,138Â 296Â 419,1.0
963842,201900005373,11,14,06:00,3,1,1,2.0,6.0,77373,RN104,M,"48,7676359","2,6133874",77,2019,110.0,1.0,2.0,2.0,2154286,1.0,1,4,1,4.0,,-1.0,0,1956.0,A01,138Â 296Â 417,1.0,8.0,-1.0,1645022,1.0,17,,3.0,0.0,1.0,A01,138Â 296Â 417,1.0
963842,201900005373,11,14,06:00,3,1,1,2.0,6.0,77373,RN104,M,"48,7676359","2,6133874",77,2019,110.0,1.0,2.0,2.0,2154286,1.0,1,4,1,4.0,,-1.0,0,1956.0,A01,138Â 296Â 417,1.0,8.0,-1.0,1645023,1.0,15,,0.0,9.0,1.0,B01,138Â 296Â 418,1.0
963842,201900005373,11,14,06:00,3,1,1,2.0,6.0,77373,RN104,M,"48,7676359","2,6133874",77,2019,110.0,1.0,2.0,2.0,2154287,1.0,1,1,1,4.0,,-1.0,0,1964.0,B01,138Â 296Â 418,1.0,8.0,-1.0,1645022,1.0,17,,3.0,0.0,1.0,A01,138Â 296Â 417,1.0
963842,201900005373,11,14,06:00,3,1,1,2.0,6.0,77373,RN104,M,"48,7676359","2,6133874",77,2019,110.0,1.0,2.0,2.0,2154287,1.0,1,1,1,4.0,,-1.0,0,1964.0,B01,138Â 296Â 418,1.0,8.0,-1.0,1645023,1.0,15,,0.0,9.0,1.0,B01,138Â 296Â 418,1.0
963843,201900005374,9,24,07:10,2,2,3,1.0,6.0,73008,D991 GRAND PORT (RONDEAU) AVENUE DU,M,"45,7036697","5,8989176",73,2019,50.0,1.0,1.0,3.0,2154288,1.0,1,1,1,1.0,,0.0,0,1968.0,A01,138Â 296Â 416,1.0,0.0,-1.0,1645024,1.0,7,,0.0,1.0,1.0,A01,138Â 296Â 416,1.0
963843,201900005374,9,24,07:10,2,2,3,1.0,6.0,73008,D991 GRAND PORT (RONDEAU) AVENUE DU,M,"45,7036697","5,8989176",73,2019,50.0,1.0,1.0,3.0,2154289,10.0,3,4,1,5.0,,2.0,3,1957.0,A01,138Â 296Â 416,0.0,0.0,-1.0,1645024,1.0,7,,0.0,1.0,1.0,A01,138Â 296Â 416,1.0
963844,201900005375,11,23,18:21,3,1,6,1.0,2.0,63113,BREZET (AVENUE),M,"45,7790300","3,1468200",63,2019,80.0,1.0,1.0,7.0,2154290,1.0,1,1,1,0.0,,0.0,0,1987.0,A01,138Â 296Â 414,1.0,0.0,-1.0,1645025,1.0,7,,0.0,2.0,1.0,A01,138Â 296Â 414,1.0
963844,201900005375,11,23,18:21,3,1,6,1.0,2.0,63113,BREZET (AVENUE),M,"45,7790300","3,1468200",63,2019,80.0,1.0,1.0,7.0,2154290,1.0,1,1,1,0.0,,0.0,0,1987.0,A01,138Â 296Â 414,1.0,0.0,-1.0,1645026,1.0,7,,0.0,2.0,4.0,B01,138Â 296Â 415,1.0
963844,201900005375,11,23,18:21,3,1,6,1.0,2.0,63113,BREZET (AVENUE),M,"45,7790300","3,1468200",63,2019,80.0,1.0,1.0,7.0,2154291,1.0,1,4,1,0.0,,-1.0, -1,1969.0,B01,138Â 296Â 415,1.0,0.0,-1.0,1645025,1.0,7,,0.0,2.0,1.0,A01,138Â 296Â 414,1.0
963844,201900005375,11,23,18:21,3,1,6,1.0,2.0,63113,BREZET (AVENUE),M,"45,7790300","3,1468200",63,2019,80.0,1.0,1.0,7.0,2154291,1.0,1,4,1,0.0,,-1.0, -1,1969.0,B01,138Â 296Â 415,1.0,0.0,-1.0,1645026,1.0,7,,0.0,2.0,4.0,B01,138Â 296Â 415,1.0
963845,201900005376,11,22,18:15,2,2,4,1.0,3.0,63113,BARBIER DAUBREE (AVENUE),M,"45,7891500","3,0974900",63,2019,50.0,1.0,1.0,4.0,2154292,1.0,1,1,1,0.0,,0.0,0,1994.0,A01,138Â 296Â 412,1.0,0.0,-1.0,1645027,2.0,7,,0.0,2.0,3.0,A01,138Â 296Â 412,1.0
963845,201900005376,11,22,18:15,2,2,4,1.0,3.0,63113,BARBIER DAUBREE (AVENUE),M,"45,7891500","3,0974900",63,2019,50.0,1.0,1.0,4.0,2154292,1.0,1,1,1,0.0,,0.0,0,1994.0,A01,138Â 296Â 412,1.0,0.0,-1.0,1645028,1.0,7,,0.0,2.0,3.0,B01,138Â 296Â 413,1.0
963845,201900005376,11,22,18:15,2,2,4,1.0,3.0,63113,BARBIER DAUBREE (AVENUE),M,"45,7891500","3,0974900",63,2019,50.0,1.0,1.0,4.0,2154293,1.0,1,4,1,0.0,,-1.0, -1,1962.0,B01,138Â 296Â 413,1.0,0.0,-1.0,1645027,2.0,7,,0.0,2.0,3.0,A01,138Â 296Â 412,1.0
963845,201900005376,11,22,18:15,2,2,4,1.0,3.0,63113,BARBIER DAUBREE (AVENUE),M,"45,7891500","3,0974900",63,2019,50.0,1.0,1.0,4.0,2154293,1.0,1,4,1,0.0,,-1.0, -1,1962.0,B01,138Â 296Â 413,1.0,0.0,-1.0,1645028,1.0,7,,0.0,2.0,3.0,B01,138Â 296Â 413,1.0
963846,201900005377,10,31,18:00,5,2,1,1.0,6.0,62041,DAMBRINE,M,"50,2932600","2,7562700",62,2019,50.0,1.0,1.0,7.0,2154294,1.0,1,1,1,0.0,,0.0,0,1956.0,A01,138Â 296Â 411,8.0,0.0,-1.0,1645029,1.0,7,,0.0,1.0,1.0,A01,138Â 296Â 411,1.0
963846,201900005377,10,31,18:00,5,2,1,1.0,6.0,62041,DAMBRINE,M,"50,2932600","2,7562700",62,2019,50.0,1.0,1.0,7.0,2154295,10.0,3,1,1,0.0,,4.0,5,1988.0,A01,138Â 296Â 411,8.0,0.0,-1.0,1645029,1.0,7,,0.0,1.0,1.0,A01,138Â 296Â 411,1.0
963846,201900005377,10,31,18:00,5,2,1,1.0,6.0,62041,DAMBRINE,M,"50,2932600","2,7562700",62,2019,50.0,1.0,1.0,7.0,2154296,10.0,3,4,2,0.0,,4.0,5,2004.0,A01,138Â 296Â 411,8.0,0.0,-1.0,1645029,1.0,7,,0.0,1.0,1.0,A01,138Â 296Â 411,1.0
963847,201900005378,11,4,22:15,5,2,2,2.0,1.0,17415,GAUTIER RUE,M,"45,7405310"," -0,6212900",17,2019,50.0,1.0,2.0,4.0,2154297,1.0,1,1,2,3.0,,-1.0,0,1970.0,A01,138Â 296Â 409,1.0,0.0,-1.0,1645030,1.0,7,,0.0,2.0,3.0,A01,138Â 296Â 409,1.0
963847,201900005378,11,4,22:15,5,2,2,2.0,1.0,17415,GAUTIER RUE,M,"45,7405310"," -0,6212900",17,2019,50.0,1.0,2.0,4.0,2154297,1.0,1,1,2,3.0,,-1.0,0,1970.0,A01,138Â 296Â 409,1.0,0.0,-1.0,1645031,2.0,30,,0.0,2.0,8.0,B01,138Â 296Â 410,1.0
963847,201900005378,11,4,22:15,5,2,2,2.0,1.0,17415,GAUTIER RUE,M,"45,7405310"," -0,6212900",17,2019,50.0,1.0,2.0,4.0,2154298,1.0,1,4,1,5.0,,-1.0,0,1970.0,B01,138Â 296Â 410,2.0,4.0,-1.0,1645030,1.0,7,,0.0,2.0,3.0,A01,138Â 296Â 409,1.0
963847,201900005378,11,4,22:15,5,2,2,2.0,1.0,17415,GAUTIER RUE,M,"45,7405310"," -0,6212900",17,2019,50.0,1.0,2.0,4.0,2154298,1.0,1,4,1,5.0,,-1.0,0,1970.0,B01,138Â 296Â 410,2.0,4.0,-1.0,1645031,2.0,30,,0.0,2.0,8.0,B01,138Â 296Â 410,1.0
963848,201900005379,11,24,22:20,5,2,2,1.0,3.0,92023,GEORGES POMPIDOU (PLACE),M,"48,7848800","2,2380600",92,2019,50.0,1.0,1.0,3.0,2154299,1.0,1,4,1,5.0,,-1.0,0,1992.0,B01,138Â 296Â 406,2.0,8.0,-1.0,1645032,2.0,2,,0.0,2.0,7.0,B01,138Â 296Â 406,1.0
963848,201900005379,11,24,22:20,5,2,2,1.0,3.0,92023,GEORGES POMPIDOU (PLACE),M,"48,7848800","2,2380600",92,2019,50.0,1.0,1.0,3.0,2154299,1.0,1,4,1,5.0,,-1.0,0,1992.0,B01,138Â 296Â 406,2.0,8.0,-1.0,1645033,1.0,7,,0.0,2.0,3.0,A01,138Â 296Â 407,1.0
963848,201900005379,11,24,22:20,5,2,2,1.0,3.0,92023,GEORGES POMPIDOU (PLACE),M,"48,7848800","2,2380600",92,2019,50.0,1.0,1.0,3.0,2154300,2.0,2,1,1,5.0,,-1.0,0,1994.0,A01,138Â 296Â 407,1.0,0.0,-1.0,1645032,2.0,2,,0.0,2.0,7.0,B01,138Â 296Â 406,1.0
963848,201900005379,11,24,22:20,5,2,2,1.0,3.0,92023,GEORGES POMPIDOU (PLACE),M,"48,7848800","2,2380600",92,2019,50.0,1.0,1.0,3.0,2154300,2.0,2,1,1,5.0,,-1.0,0,1994.0,A01,138Â 296Â 407,1.0,0.0,-1.0,1645033,1.0,7,,0.0,2.0,3.0,A01,138Â 296Â 407,1.0
963848,201900005379,11,24,22:20,5,2,2,1.0,3.0,92023,GEORGES POMPIDOU (PLACE),M,"48,7848800","2,2380600",92,2019,50.0,1.0,1.0,3.0,2154301,1.0,1,1,1,5.0,,-1.0,0,1994.0,A01,138Â 296Â 407,1.0,0.0,-1.0,1645032,2.0,2,,0.0,2.0,7.0,B01,138Â 296Â 406,1.0
963848,201900005379,11,24,22:20,5,2,2,1.0,3.0,92023,GEORGES POMPIDOU (PLACE),M,"48,7848800","2,2380600",92,2019,50.0,1.0,1.0,3.0,2154301,1.0,1,1,1,5.0,,-1.0,0,1994.0,A01,138Â 296Â 407,1.0,0.0,-1.0,1645033,1.0,7,,0.0,2.0,3.0,A01,138Â 296Â 407,1.0
963849,201900005380,11,24,02:00,4,1,1,1.0,6.0,60494,AUTOROUTE A1,M,"49,1325000","2,5623000",60,2019,90.0,1.0,2.0,1.0,2154302,1.0,1,1,1,5.0,,-1.0,0,2000.0,A01,138Â 296Â 404,1.0,0.0,-1.0,1645034,1.0,7,,3.0,0.0,7.0,A01,138Â 296Â 404,1.0
963849,201900005380,11,24,02:00,4,1,1,1.0,6.0,60494,AUTOROUTE A1,M,"49,1325000","2,5623000",60,2019,90.0,1.0,2.0,1.0,2154303,3.0,2,4,2,5.0,,-1.0,0,2002.0,A01,138Â 296Â 404,1.0,0.0,-1.0,1645034,1.0,7,,3.0,0.0,7.0,A01,138Â 296Â 404,1.0
963849,201900005380,11,24,02:00,4,1,1,1.0,6.0,60494,AUTOROUTE A1,M,"49,1325000","2,5623000",60,2019,90.0,1.0,2.0,1.0,2154304,2.0,2,4,1,0.0,,-1.0,0,1996.0,A01,138Â 296Â 404,1.0,0.0,-1.0,1645034,1.0,7,,3.0,0.0,7.0,A01,138Â 296Â 404,1.0
963850,201900005381,11,23,15:00,1,1,1,1.0,7.0,93078,AUTOROUTE A104,M,"48,9642400","2,5204200",93,2019,90.0,1.0,2.0,1.0,2154305,1.0,1,4,2,0.0,,-1.0, -1,1990.0,A01,138Â 296Â 403,1.0,0.0,-1.0,1645035,2.0,7,,0.0,0.0,9.0,A01,138Â 296Â 403,1.0
963851,201900005382,11,25,12:06,1,2,6,1.0,2.0,98818,RUE ARMAND OHLEN/RUE JEAN JACQUES ROUSSEAU,M," -22,2605300","166,4632200",988,2019,50.0,1.0,1.0,4.0,2154306,1.0,1,1,1,1.0,,0.0,0,1979.0,A01,138Â 296Â 401,1.0,8.0,-1.0,1645036,1.0,7,,0.0,2.0,1.0,A01,138Â 296Â 401,1.0
963851,201900005382,11,25,12:06,1,2,6,1.0,2.0,98818,RUE ARMAND OHLEN/RUE JEAN JACQUES ROUSSEAU,M," -22,2605300","166,4632200",988,2019,50.0,1.0,1.0,4.0,2154306,1.0,1,1,1,1.0,,0.0,0,1979.0,A01,138Â 296Â 401,1.0,8.0,-1.0,1645037,1.0,10,,0.0,2.0,4.0,B01,138Â 296Â 402,1.0
963851,201900005382,11,25,12:06,1,2,6,1.0,2.0,98818,RUE ARMAND OHLEN/RUE JEAN JACQUES ROUSSEAU,M," -22,2605300","166,4632200",988,2019,50.0,1.0,1.0,4.0,2154307,1.0,1,4,1,1.0,,0.0,0,1985.0,B01,138Â 296Â 402,1.0,8.0,-1.0,1645036,1.0,7,,0.0,2.0,1.0,A01,138Â 296Â 401,1.0
963851,201900005382,11,25,12:06,1,2,6,1.0,2.0,98818,RUE ARMAND OHLEN/RUE JEAN JACQUES ROUSSEAU,M," -22,2605300","166,4632200",988,2019,50.0,1.0,1.0,4.0,2154307,1.0,1,4,1,1.0,,0.0,0,1985.0,B01,138Â 296Â 402,1.0,8.0,-1.0,1645037,1.0,10,,0.0,2.0,4.0,B01,138Â 296Â 402,1.0
963852,201900005383,11,25,06:40,1,1,1,1.0,6.0,97611,kaweni-Pendu (Place),M," -12,7593600","45,2291700",976,2019,50.0,1.0,1.0,2.0,2154308,10.0,3,4,1,9.0,,9.0,3,1957.0,A01,138Â 296Â 400,0.0,-1.0,-1.0,1645038,2.0,30,,0.0,1.0,0.0,A01,138Â 296Â 400,1.0
963852,201900005383,11,25,06:40,1,1,1,1.0,6.0,97611,kaweni-Pendu (Place),M," -12,7593600","45,2291700",976,2019,50.0,1.0,1.0,2.0,2154309,1.0,1,4,1,9.0,,-1.0, -1,2004.0,A01,138Â 296Â 400,2.0,8.0,-1.0,1645038,2.0,30,,0.0,1.0,0.0,A01,138Â 296Â 400,1.0
963853,201900005384,11,24,12:30,1,1,9,1.0,7.0,97416,CD 26,M," -21,3036700","55,4299800",974,2019,50.0,8.0,1.0,3.0,2154310,1.0,1,4,1,1.0,,-1.0, -1,1958.0,A01,138Â 296Â 399,2.0,8.0,-1.0,1645039,3.0,30,,0.0,0.0,0.0,A01,138Â 296Â 399,1.0
963854,201900005385,11,24,09:55,1,2,1,1.0,2.0,97411,TOPAZES(ALLEE DES),M," -20,8962600","55,4466000",974,2019,50.0,1.0,1.0,3.0,2154311,1.0,1,1,1,0.0,,-1.0,0,1982.0,B01,138Â 296Â 397,1.0,0.0,-1.0,1645040,2.0,7,,0.0,2.0,4.0,B01,138Â 296Â 397,1.0
963854,201900005385,11,24,09:55,1,2,1,1.0,2.0,97411,TOPAZES(ALLEE DES),M," -20,8962600","55,4466000",974,2019,50.0,1.0,1.0,3.0,2154311,1.0,1,1,1,0.0,,-1.0,0,1982.0,B01,138Â 296Â 397,1.0,0.0,-1.0,1645041,2.0,33,,0.0,2.0,1.0,A01,138Â 296Â 398,1.0
963854,201900005385,11,24,09:55,1,2,1,1.0,2.0,97411,TOPAZES(ALLEE DES),M," -20,8962600","55,4466000",974,2019,50.0,1.0,1.0,3.0,2154312,2.0,2,1,2,0.0,,-1.0, -1,1985.0,B01,138Â 296Â 397,1.0,0.0,-1.0,1645040,2.0,7,,0.0,2.0,4.0,B01,138Â 296Â 397,1.0
963854,201900005385,11,24,09:55,1,2,1,1.0,2.0,97411,TOPAZES(ALLEE DES),M," -20,8962600","55,4466000",974,2019,50.0,1.0,1.0,3.0,2154312,2.0,2,1,2,0.0,,-1.0, -1,1985.0,B01,138Â 296Â 397,1.0,0.0,-1.0,1645041,2.0,33,,0.0,2.0,1.0,A01,138Â 296Â 398,1.0
963854,201900005385,11,24,09:55,1,2,1,1.0,2.0,97411,TOPAZES(ALLEE DES),M," -20,8962600","55,4466000",974,2019,50.0,1.0,1.0,3.0,2154313,1.0,1,4,1,0.0,,-1.0, -1,1953.0,A01,138Â 296Â 398,2.0,6.0,-1.0,1645040,2.0,7,,0.0,2.0,4.0,B01,138Â 296Â 397,1.0
963854,201900005385,11,24,09:55,1,2,1,1.0,2.0,97411,TOPAZES(ALLEE DES),M," -20,8962600","55,4466000",974,2019,50.0,1.0,1.0,3.0,2154313,1.0,1,4,1,0.0,,-1.0, -1,1953.0,A01,138Â 296Â 398,2.0,6.0,-1.0,1645041,2.0,33,,0.0,2.0,1.0,A01,138Â 296Â 398,1.0
963855,201900005386,11,25,16:25,1,2,2,1.0,3.0,69388,CHALLEMEL LACOUR                    (R ),M,"45,7296400","4,8536800",69,2019,50.0,1.0,1.0,4.0,2154314,1.0,1,1,1,9.0,,-1.0,0,1977.0,A01,138Â 296Â 395,1.0,0.0,-1.0,1645042,1.0,7,,0.0,9.0,7.0,A01,138Â 296Â 395,1.0
963855,201900005386,11,25,16:25,1,2,2,1.0,3.0,69388,CHALLEMEL LACOUR                    (R ),M,"45,7296400","4,8536800",69,2019,50.0,1.0,1.0,4.0,2154314,1.0,1,1,1,9.0,,-1.0,0,1977.0,A01,138Â 296Â 395,1.0,0.0,-1.0,1645043,1.0,50,,0.0,2.0,0.0,B01,138Â 296Â 396,3.0
963855,201900005386,11,25,16:25,1,2,2,1.0,3.0,69388,CHALLEMEL LACOUR                    (R ),M,"45,7296400","4,8536800",69,2019,50.0,1.0,1.0,4.0,2154315,1.0,1,4,1,0.0,,-1.0,0,1996.0,B01,138Â 296Â 396,1.0,0.0,-1.0,1645042,1.0,7,,0.0,9.0,7.0,A01,138Â 296Â 395,1.0
963855,201900005386,11,25,16:25,1,2,2,1.0,3.0,69388,CHALLEMEL LACOUR                    (R ),M,"45,7296400","4,8536800",69,2019,50.0,1.0,1.0,4.0,2154315,1.0,1,4,1,0.0,,-1.0,0,1996.0,B01,138Â 296Â 396,1.0,0.0,-1.0,1645043,1.0,50,,0.0,2.0,0.0,B01,138Â 296Â 396,3.0
963856,201900005387,11,25,07:00,2,2,1,1.0,3.0,69259,IRENE JOLIOT CURIE                  (BD),M,"45,7167800","4,8772800",69,2019,50.0,1.0,1.0,3.0,2154316,1.0,1,4,1,1.0,,-1.0, -1,1983.0,B01,138Â 296Â 393,8.0,0.0,-1.0,1645044,3.0,1,,0.0,2.0,8.0,B01,138Â 296Â 393,5.0
963856,201900005387,11,25,07:00,2,2,1,1.0,3.0,69259,IRENE JOLIOT CURIE                  (BD),M,"45,7167800","4,8772800",69,2019,50.0,1.0,1.0,3.0,2154316,1.0,1,4,1,1.0,,-1.0, -1,1983.0,B01,138Â 296Â 393,8.0,0.0,-1.0,1645045,3.0,0,,0.0,2.0,0.0,A01,138Â 296Â 394,0.0