Unnamed: 0_x,num_acc,mois,jour,hrmn,lum,agg,int,atm,col,com,adr,gps,lat,long,dep,annee,vma,situ,surf,catr,Unnamed: 0_y,place,catu,grav,sexe,trajet,secu,locp,actp,an_nais,num_veh_x,id_vehicule_x,secu1,secu2,secu3,Unnamed: 0,senc,catv,occutc,obs,obsm,choc,num_veh_y,id_vehicule_y,motor
963857,201900005388,11,24,03:40,5,2,2,2.0,3.0,69387,TONY GARNIER                        (AV),M,"45,7266000","4,8308900",69,2019,50.0,1.0,1.0,7.0,2154317,1.0,1,1,1,0.0,,-1.0, -1,1974.0,A01,138Â 296Â 391,1.0,0.0,-1.0,1645046,2.0,7,,0.0,2.0,2.0,A01,138Â 296Â 391,1.0
963857,201900005388,11,24,03:40,5,2,2,2.0,3.0,69387,TONY GARNIER                        (AV),M,"45,7266000","4,8308900",69,2019,50.0,1.0,1.0,7.0,2154317,1.0,1,1,1,0.0,,-1.0, -1,1974.0,A01,138Â 296Â 391,1.0,0.0,-1.0,1645047,1.0,7,,0.0,2.0,1.0,B01,138Â 296Â 392,1.0
963857,201900005388,11,24,03:40,5,2,2,2.0,3.0,69387,TONY GARNIER                        (AV),M,"45,7266000","4,8308900",69,2019,50.0,1.0,1.0,7.0,2154318,1.0,1,4,1,0.0,,-1.0, -1,1997.0,B01,138Â 296Â 392,1.0,0.0,-1.0,1645046,2.0,7,,0.0,2.0,2.0,A01,138Â 296Â 391,1.0
963857,201900005388,11,24,03:40,5,2,2,2.0,3.0,69387,TONY GARNIER                        (AV),M,"45,7266000","4,8308900",69,2019,50.0,1.0,1.0,7.0,2154318,1.0,1,4,1,0.0,,-1.0, -1,1997.0,B01,138Â 296Â 392,1.0,0.0,-1.0,1645047,1.0,7,,0.0,2.0,1.0,B01,138Â 296Â 392,1.0
963857,201900005388,11,24,03:40,5,2,2,2.0,3.0,69387,TONY GARNIER                        (AV),M,"45,7266000","4,8308900",69,2019,50.0,1.0,1.0,7.0,2154319,2.0,2,4,1,0.0,,-1.0, -1,1996.0,B01,138Â 296Â 392,1.0,0.0,-1.0,1645046,2.0,7,,0.0,2.0,2.0,A01,138Â 296Â 391,1.0
963857,201900005388,11,24,03:40,5,2,2,2.0,3.0,69387,TONY GARNIER                        (AV),M,"45,7266000","4,8308900",69,2019,50.0,1.0,1.0,7.0,2154319,2.0,2,4,1,0.0,,-1.0, -1,1996.0,B01,138Â 296Â 392,1.0,0.0,-1.0,1645047,1.0,7,,0.0,2.0,1.0,B01,138Â 296Â 392,1.0
963857,201900005388,11,24,03:40,5,2,2,2.0,3.0,69387,TONY GARNIER                        (AV),M,"45,7266000","4,8308900",69,2019,50.0,1.0,1.0,7.0,2154320,3.0,2,4,1,0.0,,-1.0, -1,1994.0,B01,138Â 296Â 392,1.0,0.0,-1.0,1645046,2.0,7,,0.0,2.0,2.0,A01,138Â 296Â 391,1.0
963857,201900005388,11,24,03:40,5,2,2,2.0,3.0,69387,TONY GARNIER                        (AV),M,"45,7266000","4,8308900",69,2019,50.0,1.0,1.0,7.0,2154320,3.0,2,4,1,0.0,,-1.0, -1,1994.0,B01,138Â 296Â 392,1.0,0.0,-1.0,1645047,1.0,7,,0.0,2.0,1.0,B01,138Â 296Â 392,1.0
963858,201900005389,11,25,18:00,5,2,1,1.0,6.0,69286,EUROPE (DE L')                      (AV),M,"45,8150600","4,8962100",69,2019,50.0,1.0,1.0,4.0,2154321,10.0,3,4,2,1.0,,3.0,3,1982.0,A01,138Â 296Â 390,8.0,0.0,-1.0,1645048,1.0,7,,0.0,1.0,1.0,A01,138Â 296Â 390,1.0
963858,201900005389,11,25,18:00,5,2,1,1.0,6.0,69286,EUROPE (DE L')                      (AV),M,"45,8150600","4,8962100",69,2019,50.0,1.0,1.0,4.0,2154322,4.0,2,1,2,5.0,,-1.0,0,2010.0,A01,138Â 296Â 390,1.0,0.0,-1.0,1645048,1.0,7,,0.0,1.0,1.0,A01,138Â 296Â 390,1.0
963858,201900005389,11,25,18:00,5,2,1,1.0,6.0,69286,EUROPE (DE L')                      (AV),M,"45,8150600","4,8962100",69,2019,50.0,1.0,1.0,4.0,2154323,1.0,1,1,2,5.0,,-1.0,0,1977.0,A01,138Â 296Â 390,1.0,0.0,-1.0,1645048,1.0,7,,0.0,1.0,1.0,A01,138Â 296Â 390,1.0
963858,201900005389,11,25,18:00,5,2,1,1.0,6.0,69286,EUROPE (DE L')                      (AV),M,"45,8150600","4,8962100",69,2019,50.0,1.0,1.0,4.0,2154324,3.0,2,1,1,0.0,,-1.0,0,2011.0,A01,138Â 296Â 390,1.0,0.0,-1.0,1645048,1.0,7,,0.0,1.0,1.0,A01,138Â 296Â 390,1.0
963859,201900005390,11,25,14:50,1,2,9,1.0,6.0,69384,HENRI GORJUS                        (R ),M,"45,7794600","4,8235400",69,2019,50.0,1.0,1.0,4.0,2154325,10.0,3,4,1,5.0,,4.0,3,1924.0,A01,138Â 296Â 389,8.0,0.0,-1.0,1645049,2.0,7,,0.0,1.0,1.0,A01,138Â 296Â 389,1.0
963859,201900005390,11,25,14:50,1,2,9,1.0,6.0,69384,HENRI GORJUS                        (R ),M,"45,7794600","4,8235400",69,2019,50.0,1.0,1.0,4.0,2154326,1.0,1,1,2,4.0,,0.0,0,1982.0,A01,138Â 296Â 389,0.0,-1.0,-1.0,1645049,2.0,7,,0.0,1.0,1.0,A01,138Â 296Â 389,1.0
963860,201900005391,11,24,04:20,5,2,1,2.0,2.0,69382,PAUL MONTROCHET                     (R ),M,"45,7399100","4,8178100",69,2019,50.0,1.0,2.0,4.0,2154327,1.0,1,4,1,5.0,,-1.0,0,1995.0,B01,138Â 296Â 387,8.0,0.0,-1.0,1645050,1.0,50,,0.0,2.0,4.0,B01,138Â 296Â 387,3.0
963860,201900005391,11,24,04:20,5,2,1,2.0,2.0,69382,PAUL MONTROCHET                     (R ),M,"45,7399100","4,8178100",69,2019,50.0,1.0,2.0,4.0,2154327,1.0,1,4,1,5.0,,-1.0,0,1995.0,B01,138Â 296Â 387,8.0,0.0,-1.0,1645051,1.0,7,,0.0,9.0,1.0,A01,138Â 296Â 388,1.0
963860,201900005391,11,24,04:20,5,2,1,2.0,2.0,69382,PAUL MONTROCHET                     (R ),M,"45,7399100","4,8178100",69,2019,50.0,1.0,2.0,4.0,2154328,2.0,2,4,2,5.0,,-1.0,0,1995.0,B01,138Â 296Â 387,8.0,0.0,-1.0,1645050,1.0,50,,0.0,2.0,4.0,B01,138Â 296Â 387,3.0
963860,201900005391,11,24,04:20,5,2,1,2.0,2.0,69382,PAUL MONTROCHET                     (R ),M,"45,7399100","4,8178100",69,2019,50.0,1.0,2.0,4.0,2154328,2.0,2,4,2,5.0,,-1.0,0,1995.0,B01,138Â 296Â 387,8.0,0.0,-1.0,1645051,1.0,7,,0.0,9.0,1.0,A01,138Â 296Â 388,1.0
963860,201900005391,11,24,04:20,5,2,1,2.0,2.0,69382,PAUL MONTROCHET                     (R ),M,"45,7399100","4,8178100",69,2019,50.0,1.0,2.0,4.0,2154329,5.0,2,1,1,0.0,,-1.0, -1,1987.0,A01,138Â 296Â 388,1.0,0.0,-1.0,1645050,1.0,50,,0.0,2.0,4.0,B01,138Â 296Â 387,3.0
963860,201900005391,11,24,04:20,5,2,1,2.0,2.0,69382,PAUL MONTROCHET                     (R ),M,"45,7399100","4,8178100",69,2019,50.0,1.0,2.0,4.0,2154329,5.0,2,1,1,0.0,,-1.0, -1,1987.0,A01,138Â 296Â 388,1.0,0.0,-1.0,1645051,1.0,7,,0.0,9.0,1.0,A01,138Â 296Â 388,1.0
963860,201900005391,11,24,04:20,5,2,1,2.0,2.0,69382,PAUL MONTROCHET                     (R ),M,"45,7399100","4,8178100",69,2019,50.0,1.0,2.0,4.0,2154330,1.0,1,1,1,5.0,,-1.0, -1,1981.0,A01,138Â 296Â 388,1.0,0.0,-1.0,1645050,1.0,50,,0.0,2.0,4.0,B01,138Â 296Â 387,3.0
963860,201900005391,11,24,04:20,5,2,1,2.0,2.0,69382,PAUL MONTROCHET                     (R ),M,"45,7399100","4,8178100",69,2019,50.0,1.0,2.0,4.0,2154330,1.0,1,1,1,5.0,,-1.0, -1,1981.0,A01,138Â 296Â 388,1.0,0.0,-1.0,1645051,1.0,7,,0.0,9.0,1.0,A01,138Â 296Â 388,1.0
963860,201900005391,11,24,04:20,5,2,1,2.0,2.0,69382,PAUL MONTROCHET                     (R ),M,"45,7399100","4,8178100",69,2019,50.0,1.0,2.0,4.0,2154331,4.0,2,1,1,0.0,,-1.0, -1,1979.0,A01,138Â 296Â 388,1.0,0.0,-1.0,1645050,1.0,50,,0.0,2.0,4.0,B01,138Â 296Â 387,3.0
963860,201900005391,11,24,04:20,5,2,1,2.0,2.0,69382,PAUL MONTROCHET                     (R ),M,"45,7399100","4,8178100",69,2019,50.0,1.0,2.0,4.0,2154331,4.0,2,1,1,0.0,,-1.0, -1,1979.0,A01,138Â 296Â 388,1.0,0.0,-1.0,1645051,1.0,7,,0.0,9.0,1.0,A01,138Â 296Â 388,1.0
963860,201900005391,11,24,04:20,5,2,1,2.0,2.0,69382,PAUL MONTROCHET                     (R ),M,"45,7399100","4,8178100",69,2019,50.0,1.0,2.0,4.0,2154332,2.0,2,1,1,5.0,,-1.0,0,1980.0,A01,138Â 296Â 388,1.0,0.0,-1.0,1645050,1.0,50,,0.0,2.0,4.0,B01,138Â 296Â 387,3.0
963860,201900005391,11,24,04:20,5,2,1,2.0,2.0,69382,PAUL MONTROCHET                     (R ),M,"45,7399100","4,8178100",69,2019,50.0,1.0,2.0,4.0,2154332,2.0,2,1,1,5.0,,-1.0,0,1980.0,A01,138Â 296Â 388,1.0,0.0,-1.0,1645051,1.0,7,,0.0,9.0,1.0,A01,138Â 296Â 388,1.0
963860,201900005391,11,24,04:20,5,2,1,2.0,2.0,69382,PAUL MONTROCHET                     (R ),M,"45,7399100","4,8178100",69,2019,50.0,1.0,2.0,4.0,2154333,3.0,2,1,1,0.0,,-1.0, -1,1976.0,A01,138Â 296Â 388,1.0,0.0,-1.0,1645050,1.0,50,,0.0,2.0,4.0,B01,138Â 296Â 387,3.0
963860,201900005391,11,24,04:20,5,2,1,2.0,2.0,69382,PAUL MONTROCHET                     (R ),M,"45,7399100","4,8178100",69,2019,50.0,1.0,2.0,4.0,2154333,3.0,2,1,1,0.0,,-1.0, -1,1976.0,A01,138Â 296Â 388,1.0,0.0,-1.0,1645051,1.0,7,,0.0,9.0,1.0,A01,138Â 296Â 388,1.0
963861,201900005392,11,24,20:50,5,1,1,1.0,6.0,97101,RN11,M,"16,2709230"," -61,5140020",971,2019,90.0,1.0,1.0,2.0,2154334,10.0,3,2,1,0.0,,9.0,1,1948.0,A01,138Â 296Â 386,8.0,0.0,-1.0,1645052,1.0,2,,0.0,2.0,4.0,B01,138Â 296Â 385,1.0
963861,201900005392,11,24,20:50,5,1,1,1.0,6.0,97101,RN11,M,"16,2709230"," -61,5140020",971,2019,90.0,1.0,1.0,2.0,2154334,10.0,3,2,1,0.0,,9.0,1,1948.0,A01,138Â 296Â 386,8.0,0.0,-1.0,1645053,1.0,7,,0.0,1.0,5.0,A01,138Â 296Â 386,6.0
963861,201900005392,11,24,20:50,5,1,1,1.0,6.0,97101,RN11,M,"16,2709230"," -61,5140020",971,2019,90.0,1.0,1.0,2.0,2154335,1.0,1,1,1,3.0,,-1.0, -1,1988.0,A01,138Â 296Â 386,1.0,8.0,-1.0,1645052,1.0,2,,0.0,2.0,4.0,B01,138Â 296Â 385,1.0
963861,201900005392,11,24,20:50,5,1,1,1.0,6.0,97101,RN11,M,"16,2709230"," -61,5140020",971,2019,90.0,1.0,1.0,2.0,2154335,1.0,1,1,1,3.0,,-1.0, -1,1988.0,A01,138Â 296Â 386,1.0,8.0,-1.0,1645053,1.0,7,,0.0,1.0,5.0,A01,138Â 296Â 386,6.0
963862,201900005393,11,23,08:50,1,1,1,1.0,4.0,97113,Pont de BLANCHARD,M,"16,2210700"," -61,5210600",971,2019,90.0,1.0,1.0,2.0,2154336,1.0,1,4,2,9.0,,-1.0, -1,1994.0,E01,138Â 296Â 379,1.0,8.0,-1.0,1645054,3.0,7,,0.0,2.0,1.0,E01,138Â 296Â 379,1.0
963862,201900005393,11,23,08:50,1,1,1,1.0,4.0,97113,Pont de BLANCHARD,M,"16,2210700"," -61,5210600",971,2019,90.0,1.0,1.0,2.0,2154336,1.0,1,4,2,9.0,,-1.0, -1,1994.0,E01,138Â 296Â 379,1.0,8.0,-1.0,1645055,3.0,7,,0.0,2.0,1.0,D01,138Â 296Â 380,1.0
963862,201900005393,11,23,08:50,1,1,1,1.0,4.0,97113,Pont de BLANCHARD,M,"16,2210700"," -61,5210600",971,2019,90.0,1.0,1.0,2.0,2154336,1.0,1,4,2,9.0,,-1.0, -1,1994.0,E01,138Â 296Â 379,1.0,8.0,-1.0,1645056,3.0,7,,0.0,2.0,1.0,C01,138Â 296Â 381,1.0
963862,201900005393,11,23,08:50,1,1,1,1.0,4.0,97113,Pont de BLANCHARD,M,"16,2210700"," -61,5210600",971,2019,90.0,1.0,1.0,2.0,2154336,1.0,1,4,2,9.0,,-1.0, -1,1994.0,E01,138Â 296Â 379,1.0,8.0,-1.0,1645057,3.0,99,,0.0,1.0,0.0,B01,138Â 296Â 382,0.0
963862,201900005393,11,23,08:50,1,1,1,1.0,4.0,97113,Pont de BLANCHARD,M,"16,2210700"," -61,5210600",971,2019,90.0,1.0,1.0,2.0,2154336,1.0,1,4,2,9.0,,-1.0, -1,1994.0,E01,138Â 296Â 379,1.0,8.0,-1.0,1645058,3.0,99,,0.0,1.0,0.0,A01,138Â 296Â 383,0.0
963862,201900005393,11,23,08:50,1,1,1,1.0,4.0,97113,Pont de BLANCHARD,M,"16,2210700"," -61,5210600",971,2019,90.0,1.0,1.0,2.0,2154336,1.0,1,4,2,9.0,,-1.0, -1,1994.0,E01,138Â 296Â 379,1.0,8.0,-1.0,1645059,3.0,1,,0.0,2.0,4.0,F01,138Â 296Â 384,5.0
963862,201900005393,11,23,08:50,1,1,1,1.0,4.0,97113,Pont de BLANCHARD,M,"16,2210700"," -61,5210600",971,2019,90.0,1.0,1.0,2.0,2154337,2.0,2,1,2,9.0,,-1.0, -1,1996.0,D01,138Â 296Â 380,1.0,8.0,-1.0,1645054,3.0,7,,0.0,2.0,1.0,E01,138Â 296Â 379,1.0
963862,201900005393,11,23,08:50,1,1,1,1.0,4.0,97113,Pont de BLANCHARD,M,"16,2210700"," -61,5210600",971,2019,90.0,1.0,1.0,2.0,2154337,2.0,2,1,2,9.0,,-1.0, -1,1996.0,D01,138Â 296Â 380,1.0,8.0,-1.0,1645055,3.0,7,,0.0,2.0,1.0,D01,138Â 296Â 380,1.0
963862,201900005393,11,23,08:50,1,1,1,1.0,4.0,97113,Pont de BLANCHARD,M,"16,2210700"," -61,5210600",971,2019,90.0,1.0,1.0,2.0,2154337,2.0,2,1,2,9.0,,-1.0, -1,1996.0,D01,138Â 296Â 380,1.0,8.0,-1.0,1645056,3.0,7,,0.0,2.0,1.0,C01,138Â 296Â 381,1.0
963862,201900005393,11,23,08:50,1,1,1,1.0,4.0,97113,Pont de BLANCHARD,M,"16,2210700"," -61,5210600",971,2019,90.0,1.0,1.0,2.0,2154337,2.0,2,1,2,9.0,,-1.0, -1,1996.0,D01,138Â 296Â 380,1.0,8.0,-1.0,1645057,3.0,99,,0.0,1.0,0.0,B01,138Â 296Â 382,0.0
963862,201900005393,11,23,08:50,1,1,1,1.0,4.0,97113,Pont de BLANCHARD,M,"16,2210700"," -61,5210600",971,2019,90.0,1.0,1.0,2.0,2154337,2.0,2,1,2,9.0,,-1.0, -1,1996.0,D01,138Â 296Â 380,1.0,8.0,-1.0,1645058,3.0,99,,0.0,1.0,0.0,A01,138Â 296Â 383,0.0
963862,201900005393,11,23,08:50,1,1,1,1.0,4.0,97113,Pont de BLANCHARD,M,"16,2210700"," -61,5210600",971,2019,90.0,1.0,1.0,2.0,2154337,2.0,2,1,2,9.0,,-1.0, -1,1996.0,D01,138Â 296Â 380,1.0,8.0,-1.0,1645059,3.0,1,,0.0,2.0,4.0,F01,138Â 296Â 384,5.0
963862,201900005393,11,23,08:50,1,1,1,1.0,4.0,97113,Pont de BLANCHARD,M,"16,2210700"," -61,5210600",971,2019,90.0,1.0,1.0,2.0,2154338,1.0,1,1,1,9.0,,-1.0, -1,1949.0,D01,138Â 296Â 380,1.0,8.0,-1.0,1645054,3.0,7,,0.0,2.0,1.0,E01,138Â 296Â 379,1.0
963862,201900005393,11,23,08:50,1,1,1,1.0,4.0,97113,Pont de BLANCHARD,M,"16,2210700"," -61,5210600",971,2019,90.0,1.0,1.0,2.0,2154338,1.0,1,1,1,9.0,,-1.0, -1,1949.0,D01,138Â 296Â 380,1.0,8.0,-1.0,1645055,3.0,7,,0.0,2.0,1.0,D01,138Â 296Â 380,1.0
963862,201900005393,11,23,08:50,1,1,1,1.0,4.0,97113,Pont de BLANCHARD,M,"16,2210700"," -61,5210600",971,2019,90.0,1.0,1.0,2.0,2154338,1.0,1,1,1,9.0,,-1.0, -1,1949.0,D01,138Â 296Â 380,1.0,8.0,-1.0,1645056,3.0,7,,0.0,2.0,1.0,C01,138Â 296Â 381,1.0
963862,201900005393,11,23,08:50,1,1,1,1.0,4.0,97113,Pont de BLANCHARD,M,"16,2210700"," -61,5210600",971,2019,90.0,1.0,1.0,2.0,2154338,1.0,1,1,1,9.0,,-1.0, -1,1949.0,D01,138Â 296Â 380,1.0,8.0,-1.0,1645057,3.0,99,,0.0,1.0,0.0,B01,138Â 296Â 382,0.0
963862,201900005393,11,23,08:50,1,1,1,1.0,4.0,97113,Pont de BLANCHARD,M,"16,2210700"," -61,5210600",971,2019,90.0,1.0,1.0,2.0,2154338,1.0,1,1,1,9.0,,-1.0, -1,1949.0,D01,138Â 296Â 380,1.0,8.0,-1.0,1645058,3.0,99,,0.0,1.0,0.0,A01,138Â 296Â 383,0.0
963862,201900005393,11,23,08:50,1,1,1,1.0,4.0,97113,Pont de BLANCHARD,M,"16,2210700"," -61,5210600",971,2019,90.0,1.0,1.0,2.0,2154338,1.0,1,1,1,9.0,,-1.0, -1,1949.0,D01,138Â 296Â 380,1.0,8.0,-1.0,1645059,3.0,1,,0.0,2.0,4.0,F01,138Â 296Â 384,5.0
963862,201900005393,11,23,08:50,1,1,1,1.0,4.0,97113,Pont de BLANCHARD,M,"16,2210700"," -61,5210600",971,2019,90.0,1.0,1.0,2.0,2154339,1.0,1,1,1,0.0,,-1.0, -1,1972.0,C01,138Â 296Â 381,1.0,8.0,-1.0,1645054,3.0,7,,0.0,2.0,1.0,E01,138Â 296Â 379,1.0
963862,201900005393,11,23,08:50,1,1,1,1.0,4.0,97113,Pont de BLANCHARD,M,"16,2210700"," -61,5210600",971,2019,90.0,1.0,1.0,2.0,2154339,1.0,1,1,1,0.0,,-1.0, -1,1972.0,C01,138Â 296Â 381,1.0,8.0,-1.0,1645055,3.0,7,,0.0,2.0,1.0,D01,138Â 296Â 380,1.0
963862,201900005393,11,23,08:50,1,1,1,1.0,4.0,97113,Pont de BLANCHARD,M,"16,2210700"," -61,5210600",971,2019,90.0,1.0,1.0,2.0,2154339,1.0,1,1,1,0.0,,-1.0, -1,1972.0,C01,138Â 296Â 381,1.0,8.0,-1.0,1645056,3.0,7,,0.0,2.0,1.0,C01,138Â 296Â 381,1.0
963862,201900005393,11,23,08:50,1,1,1,1.0,4.0,97113,Pont de BLANCHARD,M,"16,2210700"," -61,5210600",971,2019,90.0,1.0,1.0,2.0,2154339,1.0,1,1,1,0.0,,-1.0, -1,1972.0,C01,138Â 296Â 381,1.0,8.0,-1.0,1645057,3.0,99,,0.0,1.0,0.0,B01,138Â 296Â 382,0.0
963862,201900005393,11,23,08:50,1,1,1,1.0,4.0,97113,Pont de BLANCHARD,M,"16,2210700"," -61,5210600",971,2019,90.0,1.0,1.0,2.0,2154339,1.0,1,1,1,0.0,,-1.0, -1,1972.0,C01,138Â 296Â 381,1.0,8.0,-1.0,1645058,3.0,99,,0.0,1.0,0.0,A01,138Â 296Â 383,0.0
963862,201900005393,11,23,08:50,1,1,1,1.0,4.0,97113,Pont de BLANCHARD,M,"16,2210700"," -61,5210600",971,2019,90.0,1.0,1.0,2.0,2154339,1.0,1,1,1,0.0,,-1.0, -1,1972.0,C01,138Â 296Â 381,1.0,8.0,-1.0,1645059,3.0,1,,0.0,2.0,4.0,F01,138Â 296Â 384,5.0
963862,201900005393,11,23,08:50,1,1,1,1.0,4.0,97113,Pont de BLANCHARD,M,"16,2210700"," -61,5210600",971,2019,90.0,1.0,1.0,2.0,2154340,1.0,1,3,1,9.0,,0.0,1,1992.0,F01,138Â 296Â 384,2.0,0.0,-1.0,1645054,3.0,7,,0.0,2.0,1.0,E01,138Â 296Â 379,1.0
963862,201900005393,11,23,08:50,1,1,1,1.0,4.0,97113,Pont de BLANCHARD,M,"16,2210700"," -61,5210600",971,2019,90.0,1.0,1.0,2.0,2154340,1.0,1,3,1,9.0,,0.0,1,1992.0,F01,138Â 296Â 384,2.0,0.0,-1.0,1645055,3.0,7,,0.0,2.0,1.0,D01,138Â 296Â 380,1.0
963862,201900005393,11,23,08:50,1,1,1,1.0,4.0,97113,Pont de BLANCHARD,M,"16,2210700"," -61,5210600",971,2019,90.0,1.0,1.0,2.0,2154340,1.0,1,3,1,9.0,,0.0,1,1992.0,F01,138Â 296Â 384,2.0,0.0,-1.0,1645056,3.0,7,,0.0,2.0,1.0,C01,138Â 296Â 381,1.0
963862,201900005393,11,23,08:50,1,1,1,1.0,4.0,97113,Pont de BLANCHARD,M,"16,2210700"," -61,5210600",971,2019,90.0,1.0,1.0,2.0,2154340,1.0,1,3,1,9.0,,0.0,1,1992.0,F01,138Â 296Â 384,2.0,0.0,-1.0,1645057,3.0,99,,0.0,1.0,0.0,B01,138Â 296Â 382,0.0
963862,201900005393,11,23,08:50,1,1,1,1.0,4.0,97113,Pont de BLANCHARD,M,"16,2210700"," -61,5210600",971,2019,90.0,1.0,1.0,2.0,2154340,1.0,1,3,1,9.0,,0.0,1,1992.0,F01,138Â 296Â 384,2.0,0.0,-1.0,1645058,3.0,99,,0.0,1.0,0.0,A01,138Â 296Â 383,0.0
963862,201900005393,11,23,08:50,1,1,1,1.0,4.0,97113,Pont de BLANCHARD,M,"16,2210700"," -61,5210600",971,2019,90.0,1.0,1.0,2.0,2154340,1.0,1,3,1,9.0,,0.0,1,1992.0,F01,138Â 296Â 384,2.0,0.0,-1.0,1645059,3.0,1,,0.0,2.0,4.0,F01,138Â 296Â 384,5.0
963863,201900005394,11,22,18:10,2,2,2,1.0,3.0,95424,PONTOISE(BOULEVARD DE),M,"48,9908000","2,1820000",95,2019,50.0,1.0,1.0,3.0,2154341,1.0,1,1,1,1.0,,-1.0,0,1994.0,A01,138Â 296Â 377,1.0,4.0,-1.0,1645060,2.0,7,,0.0,2.0,2.0,A01,138Â 296Â 377,0.0
963863,201900005394,11,22,18:10,2,2,2,1.0,3.0,95424,PONTOISE(BOULEVARD DE),M,"48,9908000","2,1820000",95,2019,50.0,1.0,1.0,3.0,2154341,1.0,1,1,1,1.0,,-1.0,0,1994.0,A01,138Â 296Â 377,1.0,4.0,-1.0,1645061,1.0,33,,0.0,2.0,1.0,B01,138Â 296Â 378,0.0
963863,201900005394,11,22,18:10,2,2,2,1.0,3.0,95424,PONTOISE(BOULEVARD DE),M,"48,9908000","2,1820000",95,2019,50.0,1.0,1.0,3.0,2154342,1.0,1,3,1,1.0,,-1.0,0,1993.0,B01,138Â 296Â 378,2.0,6.0,-1.0,1645060,2.0,7,,0.0,2.0,2.0,A01,138Â 296Â 377,0.0
963863,201900005394,11,22,18:10,2,2,2,1.0,3.0,95424,PONTOISE(BOULEVARD DE),M,"48,9908000","2,1820000",95,2019,50.0,1.0,1.0,3.0,2154342,1.0,1,3,1,1.0,,-1.0,0,1993.0,B01,138Â 296Â 378,2.0,6.0,-1.0,1645061,1.0,33,,0.0,2.0,1.0,B01,138Â 296Â 378,0.0
963864,201900005395,11,25,13:50,1,2,1,1.0,3.0,91589,BRIAND (BOULEVARD ARISTIDE),M,"48,6885500","2,3587900",91,2019,50.0,1.0,1.0,4.0,2154343,1.0,1,4,2,5.0,,0.0,0,1979.0,B01,138Â 296Â 374,2.0,0.0,-1.0,1645062,2.0,50,,0.0,2.0,8.0,B01,138Â 296Â 374,3.0
963864,201900005395,11,25,13:50,1,2,1,1.0,3.0,91589,BRIAND (BOULEVARD ARISTIDE),M,"48,6885500","2,3587900",91,2019,50.0,1.0,1.0,4.0,2154343,1.0,1,4,2,5.0,,0.0,0,1979.0,B01,138Â 296Â 374,2.0,0.0,-1.0,1645063,2.0,37,1.0,0.0,2.0,2.0,A01,138Â 296Â 375,0.0
963864,201900005395,11,25,13:50,1,2,1,1.0,3.0,91589,BRIAND (BOULEVARD ARISTIDE),M,"48,6885500","2,3587900",91,2019,50.0,1.0,1.0,4.0,2154344,1.0,1,1,1,4.0,,0.0,0,1984.0,A01,138Â 296Â 375,1.0,8.0,-1.0,1645062,2.0,50,,0.0,2.0,8.0,B01,138Â 296Â 374,3.0
963864,201900005395,11,25,13:50,1,2,1,1.0,3.0,91589,BRIAND (BOULEVARD ARISTIDE),M,"48,6885500","2,3587900",91,2019,50.0,1.0,1.0,4.0,2154344,1.0,1,1,1,4.0,,0.0,0,1984.0,A01,138Â 296Â 375,1.0,8.0,-1.0,1645063,2.0,37,1.0,0.0,2.0,2.0,A01,138Â 296Â 375,0.0
963865,201900005396,11,24,18:55,5,2,1,1.0,2.0,91103,COMMUNE DE PARIS (RUE DE LA),M,"48,5950000","2,3030000",91,2019,50.0,8.0,1.0,6.0,2154345,1.0,1,1,2,5.0,,0.0,0,1992.0,B01,138Â 296Â 372,1.0,0.0,-1.0,1645064,3.0,7,,0.0,2.0,1.0,B01,138Â 296Â 372,1.0
963865,201900005396,11,24,18:55,5,2,1,1.0,2.0,91103,COMMUNE DE PARIS (RUE DE LA),M,"48,5950000","2,3030000",91,2019,50.0,8.0,1.0,6.0,2154345,1.0,1,1,2,5.0,,0.0,0,1992.0,B01,138Â 296Â 372,1.0,0.0,-1.0,1645065,3.0,7,,0.0,1.0,4.0,A01,138Â 296Â 373,1.0
963865,201900005396,11,24,18:55,5,2,1,1.0,2.0,91103,COMMUNE DE PARIS (RUE DE LA),M,"48,5950000","2,3030000",91,2019,50.0,8.0,1.0,6.0,2154346,2.0,2,4,2,5.0,,0.0,0,2014.0,A01,138Â 296Â 373,3.0,8.0,-1.0,1645064,3.0,7,,0.0,2.0,1.0,B01,138Â 296Â 372,1.0