Unnamed: 0_x,num_acc,mois,jour,hrmn,lum,agg,int,atm,col,com,adr,gps,lat,long,dep,annee,vma,situ,surf,catr,Unnamed: 0_y,place,catu,grav,sexe,trajet,secu,locp,actp,an_nais,num_veh_x,id_vehicule_x,secu1,secu2,secu3,Unnamed: 0,senc,catv,occutc,obs,obsm,choc,num_veh_y,id_vehicule_y,motor
963865,201900005396,11,24,18:55,5,2,1,1.0,2.0,91103,COMMUNE DE PARIS (RUE DE LA),M,"48,5950000","2,3030000",91,2019,50.0,8.0,1.0,6.0,2154346,2.0,2,4,2,5.0,,0.0,0,2014.0,A01,138Â 296Â 373,3.0,8.0,-1.0,1645065,3.0,7,,0.0,1.0,4.0,A01,138Â 296Â 373,1.0
963865,201900005396,11,24,18:55,5,2,1,1.0,2.0,91103,COMMUNE DE PARIS (RUE DE LA),M,"48,5950000","2,3030000",91,2019,50.0,8.0,1.0,6.0,2154347,1.0,1,1,2,5.0,,0.0,0,1988.0,A01,138Â 296Â 373,1.0,0.0,-1.0,1645064,3.0,7,,0.0,2.0,1.0,B01,138Â 296Â 372,1.0
963865,201900005396,11,24,18:55,5,2,1,1.0,2.0,91103,COMMUNE DE PARIS (RUE DE LA),M,"48,5950000","2,3030000",91,2019,50.0,8.0,1.0,6.0,2154347,1.0,1,1,2,5.0,,0.0,0,1988.0,A01,138Â 296Â 373,1.0,0.0,-1.0,1645065,3.0,7,,0.0,1.0,4.0,A01,138Â 296Â 373,1.0
963866,201900005397,11,23,06:30,5,2,1,2.0,6.0,87085,FOUGERAS (RUE DE),M,"45,8608900","1,2877300",87,2019,50.0,1.0,2.0,3.0,2154348,1.0,1,4,1,5.0,,0.0,0,1989.0,A01,138Â 296Â 371,1.0,-1.0,-1.0,1645066,2.0,7,,11.0,0.0,1.0,A01,138Â 296Â 371,1.0
963867,201900005398,11,22,20:56,5,2,2,2.0,3.0,87085,RUBEN (AVENUE ERNEST),M,"45,8235400","1,2511500",87,2019,50.0,1.0,2.0,4.0,2154349,1.0,1,1,1,5.0,,-1.0, -1,1999.0,B01,138Â 296Â 369,1.0,0.0,-1.0,1645067,2.0,7,,0.0,2.0,3.0,B01,138Â 296Â 369,1.0
963867,201900005398,11,22,20:56,5,2,2,2.0,3.0,87085,RUBEN (AVENUE ERNEST),M,"45,8235400","1,2511500",87,2019,50.0,1.0,2.0,4.0,2154349,1.0,1,1,1,5.0,,-1.0, -1,1999.0,B01,138Â 296Â 369,1.0,0.0,-1.0,1645068,1.0,7,,0.0,2.0,2.0,A01,138Â 296Â 370,1.0
963867,201900005398,11,22,20:56,5,2,2,2.0,3.0,87085,RUBEN (AVENUE ERNEST),M,"45,8235400","1,2511500",87,2019,50.0,1.0,2.0,4.0,2154350,2.0,2,4,2,5.0,,-1.0, -1,1996.0,A01,138Â 296Â 370,1.0,0.0,-1.0,1645067,2.0,7,,0.0,2.0,3.0,B01,138Â 296Â 369,1.0
963867,201900005398,11,22,20:56,5,2,2,2.0,3.0,87085,RUBEN (AVENUE ERNEST),M,"45,8235400","1,2511500",87,2019,50.0,1.0,2.0,4.0,2154350,2.0,2,4,2,5.0,,-1.0, -1,1996.0,A01,138Â 296Â 370,1.0,0.0,-1.0,1645068,1.0,7,,0.0,2.0,2.0,A01,138Â 296Â 370,1.0
963867,201900005398,11,22,20:56,5,2,2,2.0,3.0,87085,RUBEN (AVENUE ERNEST),M,"45,8235400","1,2511500",87,2019,50.0,1.0,2.0,4.0,2154351,1.0,1,1,1,5.0,,-1.0, -1,1992.0,A01,138Â 296Â 370,1.0,0.0,-1.0,1645067,2.0,7,,0.0,2.0,3.0,B01,138Â 296Â 369,1.0
963867,201900005398,11,22,20:56,5,2,2,2.0,3.0,87085,RUBEN (AVENUE ERNEST),M,"45,8235400","1,2511500",87,2019,50.0,1.0,2.0,4.0,2154351,1.0,1,1,1,5.0,,-1.0, -1,1992.0,A01,138Â 296Â 370,1.0,0.0,-1.0,1645068,1.0,7,,0.0,2.0,2.0,A01,138Â 296Â 370,1.0
963868,201900005399,11,24,19:12,2,2,1,2.0,3.0,87114,CARNOT (AVENUE PRESIDENT-SADI-),M,"45,8283500","1,2941700",87,2019,50.0,1.0,2.0,3.0,2154352,1.0,1,1,1,5.0,,0.0,0,1965.0,A01,138Â 296Â 367,1.0,-1.0,-1.0,1645069,2.0,7,,0.0,2.0,7.0,A01,138Â 296Â 367,1.0
963868,201900005399,11,24,19:12,2,2,1,2.0,3.0,87114,CARNOT (AVENUE PRESIDENT-SADI-),M,"45,8283500","1,2941700",87,2019,50.0,1.0,2.0,3.0,2154352,1.0,1,1,1,5.0,,0.0,0,1965.0,A01,138Â 296Â 367,1.0,-1.0,-1.0,1645070,1.0,2,,0.0,2.0,1.0,B01,138Â 296Â 368,1.0
963868,201900005399,11,24,19:12,2,2,1,2.0,3.0,87114,CARNOT (AVENUE PRESIDENT-SADI-),M,"45,8283500","1,2941700",87,2019,50.0,1.0,2.0,3.0,2154353,1.0,1,4,1,5.0,,0.0,0,2002.0,B01,138Â 296Â 368,2.0,6.0,-1.0,1645069,2.0,7,,0.0,2.0,7.0,A01,138Â 296Â 367,1.0
963868,201900005399,11,24,19:12,2,2,1,2.0,3.0,87114,CARNOT (AVENUE PRESIDENT-SADI-),M,"45,8283500","1,2941700",87,2019,50.0,1.0,2.0,3.0,2154353,1.0,1,4,1,5.0,,0.0,0,2002.0,B01,138Â 296Â 368,2.0,6.0,-1.0,1645070,1.0,2,,0.0,2.0,1.0,B01,138Â 296Â 368,1.0
963869,201900005400,11,22,18:40,2,1,1,1.0,2.0,80131,,M,"49,8528400","2,4018700",80,2019,80.0,1.0,1.0,3.0,2154354,1.0,1,4,1,5.0,,-1.0, -1,1980.0,A01,138Â 296Â 362,2.0,8.0,-1.0,1645071,0.0,33,,0.0,2.0,1.0,A01,138Â 296Â 362,1.0
963869,201900005400,11,22,18:40,2,1,1,1.0,2.0,80131,,M,"49,8528400","2,4018700",80,2019,80.0,1.0,1.0,3.0,2154354,1.0,1,4,1,5.0,,-1.0, -1,1980.0,A01,138Â 296Â 362,2.0,8.0,-1.0,1645072,0.0,7,,0.0,2.0,4.0,B01,138Â 296Â 363,1.0
963869,201900005400,11,22,18:40,2,1,1,1.0,2.0,80131,,M,"49,8528400","2,4018700",80,2019,80.0,1.0,1.0,3.0,2154355,1.0,1,1,1,5.0,,-1.0, -1,1982.0,B01,138Â 296Â 363,1.0,0.0,-1.0,1645071,0.0,33,,0.0,2.0,1.0,A01,138Â 296Â 362,1.0
963869,201900005400,11,22,18:40,2,1,1,1.0,2.0,80131,,M,"49,8528400","2,4018700",80,2019,80.0,1.0,1.0,3.0,2154355,1.0,1,1,1,5.0,,-1.0, -1,1982.0,B01,138Â 296Â 363,1.0,0.0,-1.0,1645072,0.0,7,,0.0,2.0,4.0,B01,138Â 296Â 363,1.0
963870,201900005401,11,23,18:25,5,2,1,1.0,6.0,80021,ALBERT 1ER (MAIL),M,"49,8902900","2,2909300",80,2019,50.0,1.0,1.0,4.0,2154356,1.0,1,1,2,0.0,,0.0,0,2000.0,A01,138Â 296Â 361,1.0,0.0,-1.0,1645073,0.0,7,,0.0,1.0,3.0,A01,138Â 296Â 361,1.0
963870,201900005401,11,23,18:25,5,2,1,1.0,6.0,80021,ALBERT 1ER (MAIL),M,"49,8902900","2,2909300",80,2019,50.0,1.0,1.0,4.0,2154357,10.0,3,4,2,5.0,,2.0,3,1966.0,A01,138Â 296Â 361,8.0,0.0,-1.0,1645073,0.0,7,,0.0,1.0,3.0,A01,138Â 296Â 361,1.0
963871,201900005402,11,23,18:20,5,2,1,1.0,6.0,80489,JEAN BAPTISTE DELAMBRE (RUE),M,"49,8710900","2,3662200",80,2019,50.0,1.0,1.0,4.0,2154358,10.0,3,4,2,5.0,,2.0,3,1986.0,A01,138Â 296Â 360,8.0,0.0,-1.0,1645074,0.0,10,,0.0,1.0,1.0,A01,138Â 296Â 360,1.0
963871,201900005402,11,23,18:20,5,2,1,1.0,6.0,80489,JEAN BAPTISTE DELAMBRE (RUE),M,"49,8710900","2,3662200",80,2019,50.0,1.0,1.0,4.0,2154359,10.0,3,4,2,5.0,,2.0,3,2006.0,A01,138Â 296Â 360,8.0,0.0,-1.0,1645074,0.0,10,,0.0,1.0,1.0,A01,138Â 296Â 360,1.0
963871,201900005402,11,23,18:20,5,2,1,1.0,6.0,80489,JEAN BAPTISTE DELAMBRE (RUE),M,"49,8710900","2,3662200",80,2019,50.0,1.0,1.0,4.0,2154360,1.0,1,1,1,5.0,,-1.0, -1,1946.0,A01,138Â 296Â 360,1.0,0.0,-1.0,1645074,0.0,10,,0.0,1.0,1.0,A01,138Â 296Â 360,1.0
963871,201900005402,11,23,18:20,5,2,1,1.0,6.0,80489,JEAN BAPTISTE DELAMBRE (RUE),M,"49,8710900","2,3662200",80,2019,50.0,1.0,1.0,4.0,2154361,10.0,3,4,2,5.0,,2.0,3,1990.0,A01,138Â 296Â 360,8.0,0.0,-1.0,1645074,0.0,10,,0.0,1.0,1.0,A01,138Â 296Â 360,1.0
963872,201900005403,11,23,13:30,1,2,1,1.0,3.0,80021,HIPPODROME (AVENUE DE L'),M,"49,8972200","2,2708500",80,2019,50.0,1.0,1.0,4.0,2154362,2.0,2,4,2,5.0,,-1.0, -1,1996.0,B01,138Â 296Â 358,1.0,0.0,-1.0,1645075,0.0,7,,0.0,2.0,1.0,B01,138Â 296Â 358,1.0
963872,201900005403,11,23,13:30,1,2,1,1.0,3.0,80021,HIPPODROME (AVENUE DE L'),M,"49,8972200","2,2708500",80,2019,50.0,1.0,1.0,4.0,2154362,2.0,2,4,2,5.0,,-1.0, -1,1996.0,B01,138Â 296Â 358,1.0,0.0,-1.0,1645076,0.0,7,,0.0,2.0,8.0,A01,138Â 296Â 359,1.0
963872,201900005403,11,23,13:30,1,2,1,1.0,3.0,80021,HIPPODROME (AVENUE DE L'),M,"49,8972200","2,2708500",80,2019,50.0,1.0,1.0,4.0,2154363,1.0,1,4,1,5.0,,-1.0, -1,1995.0,B01,138Â 296Â 358,1.0,0.0,-1.0,1645075,0.0,7,,0.0,2.0,1.0,B01,138Â 296Â 358,1.0
963872,201900005403,11,23,13:30,1,2,1,1.0,3.0,80021,HIPPODROME (AVENUE DE L'),M,"49,8972200","2,2708500",80,2019,50.0,1.0,1.0,4.0,2154363,1.0,1,4,1,5.0,,-1.0, -1,1995.0,B01,138Â 296Â 358,1.0,0.0,-1.0,1645076,0.0,7,,0.0,2.0,8.0,A01,138Â 296Â 359,1.0
963872,201900005403,11,23,13:30,1,2,1,1.0,3.0,80021,HIPPODROME (AVENUE DE L'),M,"49,8972200","2,2708500",80,2019,50.0,1.0,1.0,4.0,2154364,1.0,1,1,2,5.0,,-1.0, -1,1974.0,A01,138Â 296Â 359,1.0,0.0,-1.0,1645075,0.0,7,,0.0,2.0,1.0,B01,138Â 296Â 358,1.0
963872,201900005403,11,23,13:30,1,2,1,1.0,3.0,80021,HIPPODROME (AVENUE DE L'),M,"49,8972200","2,2708500",80,2019,50.0,1.0,1.0,4.0,2154364,1.0,1,1,2,5.0,,-1.0, -1,1974.0,A01,138Â 296Â 359,1.0,0.0,-1.0,1645076,0.0,7,,0.0,2.0,8.0,A01,138Â 296Â 359,1.0
963873,201900005404,11,21,09:25,1,2,2,1.0,3.0,80021,VERGEAUX (RUE DES),M,"49,8947500","2,2974000",80,2019,30.0,1.0,1.0,4.0,2154365,1.0,1,1,1,0.0,,-1.0, -1,1975.0,A01,138Â 296Â 356,1.0,0.0,-1.0,1645077,0.0,7,,0.0,2.0,1.0,A01,138Â 296Â 356,1.0
963873,201900005404,11,21,09:25,1,2,2,1.0,3.0,80021,VERGEAUX (RUE DES),M,"49,8947500","2,2974000",80,2019,30.0,1.0,1.0,4.0,2154365,1.0,1,1,1,0.0,,-1.0, -1,1975.0,A01,138Â 296Â 356,1.0,0.0,-1.0,1645078,0.0,7,,0.0,2.0,7.0,B01,138Â 296Â 357,1.0
963873,201900005404,11,21,09:25,1,2,2,1.0,3.0,80021,VERGEAUX (RUE DES),M,"49,8947500","2,2974000",80,2019,30.0,1.0,1.0,4.0,2154366,1.0,1,4,2,0.0,,-1.0, -1,1957.0,B01,138Â 296Â 357,1.0,0.0,-1.0,1645077,0.0,7,,0.0,2.0,1.0,A01,138Â 296Â 356,1.0
963873,201900005404,11,21,09:25,1,2,2,1.0,3.0,80021,VERGEAUX (RUE DES),M,"49,8947500","2,2974000",80,2019,30.0,1.0,1.0,4.0,2154366,1.0,1,4,2,0.0,,-1.0, -1,1957.0,B01,138Â 296Â 357,1.0,0.0,-1.0,1645078,0.0,7,,0.0,2.0,7.0,B01,138Â 296Â 357,1.0
963874,201900005405,11,22,22:25,5,2,1,1.0,2.0,80379,PHILEAS FOGG (AVENUE),M,"49,8653000","2,3789300",80,2019,50.0,1.0,1.0,4.0,2154367,1.0,1,4,2,5.0,,-1.0, -1,2001.0,B01,138Â 296Â 354,1.0,0.0,-1.0,1645079,0.0,7,,0.0,2.0,3.0,B01,138Â 296Â 354,1.0
963874,201900005405,11,22,22:25,5,2,1,1.0,2.0,80379,PHILEAS FOGG (AVENUE),M,"49,8653000","2,3789300",80,2019,50.0,1.0,1.0,4.0,2154367,1.0,1,4,2,5.0,,-1.0, -1,2001.0,B01,138Â 296Â 354,1.0,0.0,-1.0,1645080,0.0,7,,0.0,2.0,0.0,A01,138Â 296Â 355,1.0
963875,201900005406,11,25,13:00,1,2,1,1.0,2.0,77284,BOUVIN (AV.JEAN),M,"48,9521200","2,9114400",77,2019,50.0,1.0,1.0,9.0,2154368,1.0,1,3,1,9.0,,-1.0, -1,1969.0,B01,138Â 296Â 352,8.0,0.0,-1.0,1645081,3.0,30,,0.0,2.0,1.0,B01,138Â 296Â 352,3.0
963875,201900005406,11,25,13:00,1,2,1,1.0,2.0,77284,BOUVIN (AV.JEAN),M,"48,9521200","2,9114400",77,2019,50.0,1.0,1.0,9.0,2154368,1.0,1,3,1,9.0,,-1.0, -1,1969.0,B01,138Â 296Â 352,8.0,0.0,-1.0,1645082,3.0,7,,0.0,9.0,2.0,A01,138Â 296Â 353,1.0
963875,201900005406,11,25,13:00,1,2,1,1.0,2.0,77284,BOUVIN (AV.JEAN),M,"48,9521200","2,9114400",77,2019,50.0,1.0,1.0,9.0,2154369,1.0,1,1,2,1.0,,-1.0, -1,1990.0,A01,138Â 296Â 353,1.0,8.0,-1.0,1645081,3.0,30,,0.0,2.0,1.0,B01,138Â 296Â 352,3.0
963875,201900005406,11,25,13:00,1,2,1,1.0,2.0,77284,BOUVIN (AV.JEAN),M,"48,9521200","2,9114400",77,2019,50.0,1.0,1.0,9.0,2154369,1.0,1,1,2,1.0,,-1.0, -1,1990.0,A01,138Â 296Â 353,1.0,8.0,-1.0,1645082,3.0,7,,0.0,9.0,2.0,A01,138Â 296Â 353,1.0
963876,201900005407,11,21,20:30,5,2,1,1.0,6.0,76540,CLEMENCEAU. COURS,M,"49,4347700","1,0877300",76,2019,50.0,1.0,2.0,3.0,2154370,10.0,3,4,1,5.0,,3.0,3,1952.0,A01,138Â 296Â 351,8.0,0.0,-1.0,1645083,1.0,7,,0.0,1.0,2.0,A01,138Â 296Â 351,1.0
963876,201900005407,11,21,20:30,5,2,1,1.0,6.0,76540,CLEMENCEAU. COURS,M,"49,4347700","1,0877300",76,2019,50.0,1.0,2.0,3.0,2154371,1.0,1,1,1,5.0,,-1.0, -1,1969.0,A01,138Â 296Â 351,1.0,0.0,-1.0,1645083,1.0,7,,0.0,1.0,2.0,A01,138Â 296Â 351,1.0
963877,201900005408,11,22,12:00,1,2,1,1.0,3.0,76231,ALSACE. RUE D',M,"49,2896330","1,0177588",76,2019,50.0,1.0,1.0,4.0,2154372,2.0,2,4,1,0.0,,0.0,0,1991.0,B01,138Â 296Â 349,1.0,0.0,-1.0,1645084,3.0,7,,0.0,2.0,3.0,B01,138Â 296Â 349,1.0
963877,201900005408,11,22,12:00,1,2,1,1.0,3.0,76231,ALSACE. RUE D',M,"49,2896330","1,0177588",76,2019,50.0,1.0,1.0,4.0,2154372,2.0,2,4,1,0.0,,0.0,0,1991.0,B01,138Â 296Â 349,1.0,0.0,-1.0,1645085,3.0,37,1.0,0.0,2.0,2.0,A01,138Â 296Â 350,1.0
963877,201900005408,11,22,12:00,1,2,1,1.0,3.0,76231,ALSACE. RUE D',M,"49,2896330","1,0177588",76,2019,50.0,1.0,1.0,4.0,2154373,1.0,1,4,2,0.0,,0.0,0,1966.0,B01,138Â 296Â 349,1.0,0.0,-1.0,1645084,3.0,7,,0.0,2.0,3.0,B01,138Â 296Â 349,1.0
963877,201900005408,11,22,12:00,1,2,1,1.0,3.0,76231,ALSACE. RUE D',M,"49,2896330","1,0177588",76,2019,50.0,1.0,1.0,4.0,2154373,1.0,1,4,2,0.0,,0.0,0,1966.0,B01,138Â 296Â 349,1.0,0.0,-1.0,1645085,3.0,37,1.0,0.0,2.0,2.0,A01,138Â 296Â 350,1.0
963877,201900005408,11,22,12:00,1,2,1,1.0,3.0,76231,ALSACE. RUE D',M,"49,2896330","1,0177588",76,2019,50.0,1.0,1.0,4.0,2154374,1.0,1,1,2,4.0,,0.0,0,1995.0,A01,138Â 296Â 350,8.0,0.0,-1.0,1645084,3.0,7,,0.0,2.0,3.0,B01,138Â 296Â 349,1.0
963877,201900005408,11,22,12:00,1,2,1,1.0,3.0,76231,ALSACE. RUE D',M,"49,2896330","1,0177588",76,2019,50.0,1.0,1.0,4.0,2154374,1.0,1,1,2,4.0,,0.0,0,1995.0,A01,138Â 296Â 350,8.0,0.0,-1.0,1645085,3.0,37,1.0,0.0,2.0,2.0,A01,138Â 296Â 350,1.0
963878,201900005409,11,17,18:55,5,2,2,1.0,3.0,76351,ARTOIS (DE L'),M,"49,5127900","0,1252800",76,2019,50.0,1.0,1.0,4.0,2154375,1.0,1,4,2,5.0,,-1.0, -1,1997.0,A01,138Â 296Â 348,8.0,0.0,-1.0,1645086,1.0,7,,0.0,2.0,0.0,Z01,138Â 296Â 347,0.0
963878,201900005409,11,17,18:55,5,2,2,1.0,3.0,76351,ARTOIS (DE L'),M,"49,5127900","0,1252800",76,2019,50.0,1.0,1.0,4.0,2154375,1.0,1,4,2,5.0,,-1.0, -1,1997.0,A01,138Â 296Â 348,8.0,0.0,-1.0,1645087,1.0,50,,0.0,2.0,5.0,A01,138Â 296Â 348,3.0
963879,201900005410,11,24,01:30,3,2,1,1.0,6.0,74281,GENEVE (AVE DE) JUSQUE CROISEE ANTHY,M,"46,3549800","6,4466500",74,2019,50.0,1.0,1.0,3.0,2154376,10.0,3,4,1,5.0,,1.0,5,1993.0,A01,138Â 296Â 343,8.0,0.0,-1.0,1645088,2.0,7,,0.0,1.0,0.0,A01,138Â 296Â 343,0.0
963880,201900005411,11,4,10:10,1,2,3,2.0,6.0,74012,GARE (RUE DE LA),M,"46,1970925","6,2355133",74,2019,50.0,6.0,2.0,4.0,2154377,1.0,1,1,1,4.0,,-1.0,0,1996.0,A01,138Â 296Â 342,1.0,0.0,-1.0,1645089,2.0,10,,0.0,1.0,4.0,A01,138Â 296Â 342,1.0
963880,201900005411,11,4,10:10,1,2,3,2.0,6.0,74012,GARE (RUE DE LA),M,"46,1970925","6,2355133",74,2019,50.0,6.0,2.0,4.0,2154378,10.0,3,3,2,5.0,,2.0,3,1954.0,A01,138Â 296Â 342,8.0,0.0,-1.0,1645089,2.0,10,,0.0,1.0,4.0,A01,138Â 296Â 342,1.0
963881,201900005412,11,25,13:10,1,2,1,1.0,6.0,69266,RACINE          (Rue),M,"45,7665000","4,8781000",69,2019,50.0,1.0,1.0,4.0,2154379,10.0,3,4,1,1.0,,3.0,3,2002.0,Y01,138Â 296Â 341,8.0,0.0,-1.0,1645090,0.0,0,,0.0,1.0,2.0,Y01,138Â 296Â 341,0.0
963882,201900005413,11,22,18:35,5,2,1,1.0,6.0,67218,GOUNOD (RUE),M,"48,5258040","7,7207890",67,2019,50.0,1.0,1.0,4.0,2154380,10.0,3,4,2,1.0,,3.0,3,1978.0,A01,138Â 296Â 340,0.0,-1.0,-1.0,1645091,1.0,7,,0.0,1.0,1.0,A01,138Â 296Â 340,1.0
963882,201900005413,11,22,18:35,5,2,1,1.0,6.0,67218,GOUNOD (RUE),M,"48,5258040","7,7207890",67,2019,50.0,1.0,1.0,4.0,2154381,1.0,1,1,1,5.0,,-1.0,0,1931.0,A01,138Â 296Â 340,1.0,8.0,-1.0,1645091,1.0,7,,0.0,1.0,1.0,A01,138Â 296Â 340,1.0
963883,201900005414,11,22,11:25,1,2,1,1.0,6.0,67482,ABBE FRANCOIS XAVIER SCHERER (RUE DE L'),M,"48,5724940","7,7948030",67,2019,30.0,1.0,1.0,4.0,2154382,10.0,3,4,1,0.0,,2.0,5,2007.0,A01,138Â 296Â 339,8.0,8.0,-1.0,1645092,1.0,7,,0.0,1.0,3.0,A01,138Â 296Â 339,1.0
963883,201900005414,11,22,11:25,1,2,1,1.0,6.0,67482,ABBE FRANCOIS XAVIER SCHERER (RUE DE L'),M,"48,5724940","7,7948030",67,2019,30.0,1.0,1.0,4.0,2154383,1.0,1,1,1,5.0,,-1.0,0,1962.0,A01,138Â 296Â 339,1.0,8.0,-1.0,1645092,1.0,7,,0.0,1.0,3.0,A01,138Â 296Â 339,1.0
963884,201900005415,11,25,02:30,5,2,1,1.0,6.0,66136,Napoleon Joseph Sarda-Garriga ( rue de ),M,"42,6922700","2,8800300",66,2019,50.0,1.0,1.0,4.0,2154384,3.0,2,4,2,5.0,,-1.0, -1,2001.0,A01,138Â 296Â 337,1.0,8.0,-1.0,1645093,1.0,7,,0.0,2.0,3.0,A01,138Â 296Â 337,1.0
963884,201900005415,11,25,02:30,5,2,1,1.0,6.0,66136,Napoleon Joseph Sarda-Garriga ( rue de ),M,"42,6922700","2,8800300",66,2019,50.0,1.0,1.0,4.0,2154384,3.0,2,4,2,5.0,,-1.0, -1,2001.0,A01,138Â 296Â 337,1.0,8.0,-1.0,1645094,2.0,7,,0.0,2.0,1.0,B01,138Â 296Â 338,1.0
963884,201900005415,11,25,02:30,5,2,1,1.0,6.0,66136,Napoleon Joseph Sarda-Garriga ( rue de ),M,"42,6922700","2,8800300",66,2019,50.0,1.0,1.0,4.0,2154385,4.0,2,3,1,5.0,,-1.0, -1,2001.0,A01,138Â 296Â 337,1.0,8.0,-1.0,1645093,1.0,7,,0.0,2.0,3.0,A01,138Â 296Â 337,1.0
963884,201900005415,11,25,02:30,5,2,1,1.0,6.0,66136,Napoleon Joseph Sarda-Garriga ( rue de ),M,"42,6922700","2,8800300",66,2019,50.0,1.0,1.0,4.0,2154385,4.0,2,3,1,5.0,,-1.0, -1,2001.0,A01,138Â 296Â 337,1.0,8.0,-1.0,1645094,2.0,7,,0.0,2.0,1.0,B01,138Â 296Â 338,1.0
963884,201900005415,11,25,02:30,5,2,1,1.0,6.0,66136,Napoleon Joseph Sarda-Garriga ( rue de ),M,"42,6922700","2,8800300",66,2019,50.0,1.0,1.0,4.0,2154386,1.0,1,1,1,5.0,,0.0,0,1993.0,A01,138Â 296Â 337,1.0,-1.0,-1.0,1645093,1.0,7,,0.0,2.0,3.0,A01,138Â 296Â 337,1.0
963884,201900005415,11,25,02:30,5,2,1,1.0,6.0,66136,Napoleon Joseph Sarda-Garriga ( rue de ),M,"42,6922700","2,8800300",66,2019,50.0,1.0,1.0,4.0,2154386,1.0,1,1,1,5.0,,0.0,0,1993.0,A01,138Â 296Â 337,1.0,-1.0,-1.0,1645094,2.0,7,,0.0,2.0,1.0,B01,138Â 296Â 338,1.0
963884,201900005415,11,25,02:30,5,2,1,1.0,6.0,66136,Napoleon Joseph Sarda-Garriga ( rue de ),M,"42,6922700","2,8800300",66,2019,50.0,1.0,1.0,4.0,2154387,1.0,1,4,1,5.0,,-1.0, -1,1998.0,B01,138Â 296Â 338,1.0,8.0,-1.0,1645093,1.0,7,,0.0,2.0,3.0,A01,138Â 296Â 337,1.0
963884,201900005415,11,25,02:30,5,2,1,1.0,6.0,66136,Napoleon Joseph Sarda-Garriga ( rue de ),M,"42,6922700","2,8800300",66,2019,50.0,1.0,1.0,4.0,2154387,1.0,1,4,1,5.0,,-1.0, -1,1998.0,B01,138Â 296Â 338,1.0,8.0,-1.0,1645094,2.0,7,,0.0,2.0,1.0,B01,138Â 296Â 338,1.0
963885,201900005416,11,24,18:30,5,2,1,1.0,6.0,66136,VALERY (PAUL),M,"42,6953500","2,9058100",66,2019,50.0,1.0,1.0,4.0,2154388,1.0,1,3,1,9.0,,-1.0, -1,1987.0,B01,138Â 296Â 336,8.0,4.0,-1.0,1645095,1.0,7,,0.0,2.0,3.0,A01,138Â 296Â 335,0.0
963885,201900005416,11,24,18:30,5,2,1,1.0,6.0,66136,VALERY (PAUL),M,"42,6953500","2,9058100",66,2019,50.0,1.0,1.0,4.0,2154388,1.0,1,3,1,9.0,,-1.0, -1,1987.0,B01,138Â 296Â 336,8.0,4.0,-1.0,1645096,2.0,50,,0.0,2.0,3.0,B01,138Â 296Â 336,3.0
963886,201900005417,11,24,12:24,1,2,1,2.0,5.0,64545,RD810,M,"43,3700108"," -1,6828305",64,2019,50.0,1.0,2.0,3.0,2154389,1.0,1,2,1,0.0,,0.0,0,2002.0,A01,138Â 296Â 332,2.0,0.0,-1.0,1645097,2.0,30,,0.0,2.0,1.0,A01,138Â 296Â 332,1.0
963886,201900005417,11,24,12:24,1,2,1,2.0,5.0,64545,RD810,M,"43,3700108"," -1,6828305",64,2019,50.0,1.0,2.0,3.0,2154389,1.0,1,2,1,0.0,,0.0,0,2002.0,A01,138Â 296Â 332,2.0,0.0,-1.0,1645098,2.0,7,,0.0,2.0,6.0,B01,138Â 296Â 333,1.0
963886,201900005417,11,24,12:24,1,2,1,2.0,5.0,64545,RD810,M,"43,3700108"," -1,6828305",64,2019,50.0,1.0,2.0,3.0,2154389,1.0,1,2,1,0.0,,0.0,0,2002.0,A01,138Â 296Â 332,2.0,0.0,-1.0,1645099,1.0,10,,0.0,2.0,3.0,C01,138Â 296Â 334,0.0
963886,201900005417,11,24,12:24,1,2,1,2.0,5.0,64545,RD810,M,"43,3700108"," -1,6828305",64,2019,50.0,1.0,2.0,3.0,2154390,1.0,1,1,1,0.0,,0.0,0,1962.0,B01,138Â 296Â 333,1.0,0.0,-1.0,1645097,2.0,30,,0.0,2.0,1.0,A01,138Â 296Â 332,1.0
963886,201900005417,11,24,12:24,1,2,1,2.0,5.0,64545,RD810,M,"43,3700108"," -1,6828305",64,2019,50.0,1.0,2.0,3.0,2154390,1.0,1,1,1,0.0,,0.0,0,1962.0,B01,138Â 296Â 333,1.0,0.0,-1.0,1645098,2.0,7,,0.0,2.0,6.0,B01,138Â 296Â 333,1.0
963886,201900005417,11,24,12:24,1,2,1,2.0,5.0,64545,RD810,M,"43,3700108"," -1,6828305",64,2019,50.0,1.0,2.0,3.0,2154390,1.0,1,1,1,0.0,,0.0,0,1962.0,B01,138Â 296Â 333,1.0,0.0,-1.0,1645099,1.0,10,,0.0,2.0,3.0,C01,138Â 296Â 334,0.0
963886,201900005417,11,24,12:24,1,2,1,2.0,5.0,64545,RD810,M,"43,3700108"," -1,6828305",64,2019,50.0,1.0,2.0,3.0,2154391,1.0,1,1,1,0.0,,0.0,0,1977.0,C01,138Â 296Â 334,1.0,0.0,-1.0,1645097,2.0,30,,0.0,2.0,1.0,A01,138Â 296Â 332,1.0
963886,201900005417,11,24,12:24,1,2,1,2.0,5.0,64545,RD810,M,"43,3700108"," -1,6828305",64,2019,50.0,1.0,2.0,3.0,2154391,1.0,1,1,1,0.0,,0.0,0,1977.0,C01,138Â 296Â 334,1.0,0.0,-1.0,1645098,2.0,7,,0.0,2.0,6.0,B01,138Â 296Â 333,1.0