Unnamed: 0_x,num_acc,mois,jour,hrmn,lum,agg,int,atm,col,com,adr,gps,lat,long,dep,annee,vma,situ,surf,catr,Unnamed: 0_y,place,catu,grav,sexe,trajet,secu,locp,actp,an_nais,num_veh_x,id_vehicule_x,secu1,secu2,secu3,Unnamed: 0,senc,catv,occutc,obs,obsm,choc,num_veh_y,id_vehicule_y,motor
963886,201900005417,11,24,12:24,1,2,1,2.0,5.0,64545,RD810,M,"43,3700108"," -1,6828305",64,2019,50.0,1.0,2.0,3.0,2154391,1.0,1,1,1,0.0,,0.0,0,1977.0,C01,138Â 296Â 334,1.0,0.0,-1.0,1645099,1.0,10,,0.0,2.0,3.0,C01,138Â 296Â 334,0.0
963887,201900005418,11,25,20:05,5,2,1,1.0,2.0,64445,PAIX,M,"43,3245800"," -0,3791500",64,2019,50.0,1.0,2.0,4.0,2154392,1.0,1,1,2,0.0,,0.0,0,1982.0,A01,138Â 296Â 330,1.0,8.0,-1.0,1645100,1.0,7,,0.0,2.0,1.0,A01,138Â 296Â 330,1.0
963887,201900005418,11,25,20:05,5,2,1,1.0,2.0,64445,PAIX,M,"43,3245800"," -0,3791500",64,2019,50.0,1.0,2.0,4.0,2154392,1.0,1,1,2,0.0,,0.0,0,1982.0,A01,138Â 296Â 330,1.0,8.0,-1.0,1645101,1.0,7,,0.0,2.0,4.0,B01,138Â 296Â 331,1.0
963887,201900005418,11,25,20:05,5,2,1,1.0,2.0,64445,PAIX,M,"43,3245800"," -0,3791500",64,2019,50.0,1.0,2.0,4.0,2154393,1.0,1,4,1,9.0,,0.0,0,1999.0,B01,138Â 296Â 331,1.0,8.0,-1.0,1645100,1.0,7,,0.0,2.0,1.0,A01,138Â 296Â 330,1.0
963887,201900005418,11,25,20:05,5,2,1,1.0,2.0,64445,PAIX,M,"43,3245800"," -0,3791500",64,2019,50.0,1.0,2.0,4.0,2154393,1.0,1,4,1,9.0,,0.0,0,1999.0,B01,138Â 296Â 331,1.0,8.0,-1.0,1645101,1.0,7,,0.0,2.0,4.0,B01,138Â 296Â 331,1.0
963888,201900005419,11,25,10:15,1,2,3,1.0,3.0,64445,18EME REGIMENT D'INFANTERIE DU,M,"43,2969000"," -0,3873700",64,2019,50.0,1.0,1.0,4.0,2154394,2.0,2,4,1,5.0,,-1.0,0,2014.0,B01,138Â 296Â 328,3.0,8.0,-1.0,1645102,2.0,7,,0.0,2.0,3.0,B01,138Â 296Â 328,1.0
963888,201900005419,11,25,10:15,1,2,3,1.0,3.0,64445,18EME REGIMENT D'INFANTERIE DU,M,"43,2969000"," -0,3873700",64,2019,50.0,1.0,1.0,4.0,2154394,2.0,2,4,1,5.0,,-1.0,0,2014.0,B01,138Â 296Â 328,3.0,8.0,-1.0,1645103,1.0,7,,0.0,2.0,1.0,A01,138Â 296Â 329,1.0
963888,201900005419,11,25,10:15,1,2,3,1.0,3.0,64445,18EME REGIMENT D'INFANTERIE DU,M,"43,2969000"," -0,3873700",64,2019,50.0,1.0,1.0,4.0,2154395,1.0,1,4,1,5.0,,-1.0,0,1991.0,B01,138Â 296Â 328,1.0,8.0,-1.0,1645102,2.0,7,,0.0,2.0,3.0,B01,138Â 296Â 328,1.0
963888,201900005419,11,25,10:15,1,2,3,1.0,3.0,64445,18EME REGIMENT D'INFANTERIE DU,M,"43,2969000"," -0,3873700",64,2019,50.0,1.0,1.0,4.0,2154395,1.0,1,4,1,5.0,,-1.0,0,1991.0,B01,138Â 296Â 328,1.0,8.0,-1.0,1645103,1.0,7,,0.0,2.0,1.0,A01,138Â 296Â 329,1.0
963888,201900005419,11,25,10:15,1,2,3,1.0,3.0,64445,18EME REGIMENT D'INFANTERIE DU,M,"43,2969000"," -0,3873700",64,2019,50.0,1.0,1.0,4.0,2154396,2.0,2,1,2,5.0,,-1.0,0,1947.0,A01,138Â 296Â 329,1.0,8.0,-1.0,1645102,2.0,7,,0.0,2.0,3.0,B01,138Â 296Â 328,1.0
963888,201900005419,11,25,10:15,1,2,3,1.0,3.0,64445,18EME REGIMENT D'INFANTERIE DU,M,"43,2969000"," -0,3873700",64,2019,50.0,1.0,1.0,4.0,2154396,2.0,2,1,2,5.0,,-1.0,0,1947.0,A01,138Â 296Â 329,1.0,8.0,-1.0,1645103,1.0,7,,0.0,2.0,1.0,A01,138Â 296Â 329,1.0
963888,201900005419,11,25,10:15,1,2,3,1.0,3.0,64445,18EME REGIMENT D'INFANTERIE DU,M,"43,2969000"," -0,3873700",64,2019,50.0,1.0,1.0,4.0,2154397,1.0,1,1,1,5.0,,-1.0,0,1946.0,A01,138Â 296Â 329,1.0,8.0,-1.0,1645102,2.0,7,,0.0,2.0,3.0,B01,138Â 296Â 328,1.0
963888,201900005419,11,25,10:15,1,2,3,1.0,3.0,64445,18EME REGIMENT D'INFANTERIE DU,M,"43,2969000"," -0,3873700",64,2019,50.0,1.0,1.0,4.0,2154397,1.0,1,1,1,5.0,,-1.0,0,1946.0,A01,138Â 296Â 329,1.0,8.0,-1.0,1645103,1.0,7,,0.0,2.0,1.0,A01,138Â 296Â 329,1.0
963889,201900005420,11,23,14:38,1,1,1,3.0,1.0,63164,Malintrat ( route de ),M,"45,8142100","3,1590300",63,2019,80.0,1.0,2.0,3.0,2154398,1.0,1,4,2,5.0,,-1.0, -1,1983.0,B01,138Â 296Â 326,1.0,8.0,-1.0,1645104,3.0,7,,0.0,2.0,2.0,B01,138Â 296Â 326,1.0
963889,201900005420,11,23,14:38,1,1,1,3.0,1.0,63164,Malintrat ( route de ),M,"45,8142100","3,1590300",63,2019,80.0,1.0,2.0,3.0,2154398,1.0,1,4,2,5.0,,-1.0, -1,1983.0,B01,138Â 296Â 326,1.0,8.0,-1.0,1645105,3.0,7,,0.0,2.0,1.0,A01,138Â 296Â 327,1.0
963889,201900005420,11,23,14:38,1,1,1,3.0,1.0,63164,Malintrat ( route de ),M,"45,8142100","3,1590300",63,2019,80.0,1.0,2.0,3.0,2154399,1.0,1,1,1,0.0,,-1.0, -1,1981.0,A01,138Â 296Â 327,1.0,8.0,-1.0,1645104,3.0,7,,0.0,2.0,2.0,B01,138Â 296Â 326,1.0
963889,201900005420,11,23,14:38,1,1,1,3.0,1.0,63164,Malintrat ( route de ),M,"45,8142100","3,1590300",63,2019,80.0,1.0,2.0,3.0,2154399,1.0,1,1,1,0.0,,-1.0, -1,1981.0,A01,138Â 296Â 327,1.0,8.0,-1.0,1645105,3.0,7,,0.0,2.0,1.0,A01,138Â 296Â 327,1.0
963890,201900005421,11,25,17:15,5,2,1,1.0,1.0,59279,NEUVILLE (ROUTE DE),M,"50,7707400","3,1397800",59,2019,50.0,1.0,1.0,4.0,2154400,1.0,1,4,2,0.0,,0.0,0,1950.0,A01,138Â 296Â 324,1.0,0.0,-1.0,1645106,3.0,7,,0.0,2.0,1.0,A01,138Â 296Â 324,0.0
963890,201900005421,11,25,17:15,5,2,1,1.0,1.0,59279,NEUVILLE (ROUTE DE),M,"50,7707400","3,1397800",59,2019,50.0,1.0,1.0,4.0,2154400,1.0,1,4,2,0.0,,0.0,0,1950.0,A01,138Â 296Â 324,1.0,0.0,-1.0,1645107,3.0,7,,0.0,2.0,1.0,B01,138Â 296Â 325,0.0
963890,201900005421,11,25,17:15,5,2,1,1.0,1.0,59279,NEUVILLE (ROUTE DE),M,"50,7707400","3,1397800",59,2019,50.0,1.0,1.0,4.0,2154401,1.0,1,1,1,0.0,,0.0,0,1952.0,B01,138Â 296Â 325,1.0,0.0,-1.0,1645106,3.0,7,,0.0,2.0,1.0,A01,138Â 296Â 324,0.0
963890,201900005421,11,25,17:15,5,2,1,1.0,1.0,59279,NEUVILLE (ROUTE DE),M,"50,7707400","3,1397800",59,2019,50.0,1.0,1.0,4.0,2154401,1.0,1,1,1,0.0,,0.0,0,1952.0,B01,138Â 296Â 325,1.0,0.0,-1.0,1645107,3.0,7,,0.0,2.0,1.0,B01,138Â 296Â 325,0.0
963891,201900005422,11,4,13:45,1,1,1,1.0,6.0,59360,AVINEE EUGENE AVENUE,M,"50,6041000","3,0332000",59,2019,50.0,1.0,1.0,4.0,2154402,10.0,3,4,2,2.0,,3.0,3,1997.0,A01,138Â 296Â 323,0.0,0.0,0.0,1645108,1.0,10,,0.0,1.0,8.0,A01,138Â 296Â 323,0.0
963891,201900005422,11,4,13:45,1,1,1,1.0,6.0,59360,AVINEE EUGENE AVENUE,M,"50,6041000","3,0332000",59,2019,50.0,1.0,1.0,4.0,2154403,1.0,1,1,1,4.0,,0.0,0,1962.0,A01,138Â 296Â 323,1.0,0.0,-1.0,1645108,1.0,10,,0.0,1.0,8.0,A01,138Â 296Â 323,0.0
963892,201900005423,11,22,20:15,5,2,6,3.0,6.0,56162,QUEVEN (RUE DE),M,"47,7411100"," -3,4261300",56,2019,50.0,1.0,2.0,3.0,2154404,1.0,1,4,1,5.0,,-1.0,0,1937.0,A01,138Â 296Â 322,1.0,8.0,-1.0,1645109,1.0,7,,8.0,0.0,1.0,A01,138Â 296Â 322,1.0
963893,201900005424,11,22,21:20,5,2,2,1.0,3.0,56083,PASTEUR ( AVENUE ),M,"47,8023600"," -3,2843200",56,2019,50.0,1.0,2.0,3.0,2154405,1.0,1,4,2,4.0,,-1.0,0,1976.0,A01,138Â 296Â 320,1.0,8.0,-1.0,1645110,1.0,7,,0.0,2.0,1.0,A01,138Â 296Â 320,1.0
963893,201900005424,11,22,21:20,5,2,2,1.0,3.0,56083,PASTEUR ( AVENUE ),M,"47,8023600"," -3,2843200",56,2019,50.0,1.0,2.0,3.0,2154405,1.0,1,4,2,4.0,,-1.0,0,1976.0,A01,138Â 296Â 320,1.0,8.0,-1.0,1645111,2.0,7,,0.0,2.0,8.0,B01,138Â 296Â 321,1.0
963893,201900005424,11,22,21:20,5,2,2,1.0,3.0,56083,PASTEUR ( AVENUE ),M,"47,8023600"," -3,2843200",56,2019,50.0,1.0,2.0,3.0,2154406,1.0,1,4,2,5.0,,-1.0,0,1990.0,B01,138Â 296Â 321,1.0,8.0,-1.0,1645110,1.0,7,,0.0,2.0,1.0,A01,138Â 296Â 320,1.0
963893,201900005424,11,22,21:20,5,2,2,1.0,3.0,56083,PASTEUR ( AVENUE ),M,"47,8023600"," -3,2843200",56,2019,50.0,1.0,2.0,3.0,2154406,1.0,1,4,2,5.0,,-1.0,0,1990.0,B01,138Â 296Â 321,1.0,8.0,-1.0,1645111,2.0,7,,0.0,2.0,8.0,B01,138Â 296Â 321,1.0
963894,201900005425,11,14,18:20,5,2,6,2.0,6.0,55029,AVENUE ROBERT SCHUMAN,M,"48,7729700","5,1717600",55,2019,50.0,2.0,2.0,2.0,2154407,1.0,1,1,2,5.0,,-1.0, -1,1936.0,A01,138Â 296Â 319,1.0,0.0,-1.0,1645112,0.0,7,,0.0,1.0,1.0,A01,138Â 296Â 319,1.0
963894,201900005425,11,14,18:20,5,2,6,2.0,6.0,55029,AVENUE ROBERT SCHUMAN,M,"48,7729700","5,1717600",55,2019,50.0,2.0,2.0,2.0,2154408,10.0,3,3,1,2.0,,3.0,3,2002.0,A01,138Â 296Â 319,8.0,0.0,-1.0,1645112,0.0,7,,0.0,1.0,1.0,A01,138Â 296Â 319,1.0
963895,201900005426,11,21,07:40,2,2,1,1.0,7.0,54323,ANDRE MALRAUX (AVENUE),M,"49,5214000","5,7602800",54,2019,30.0,1.0,1.0,4.0,2154409,10.0,3,4,2,2.0,,3.0,3,2004.0,A01,138Â 296Â 318,0.0,-1.0,-1.0,1645113,2.0,7,,0.0,1.0,1.0,A01,138Â 296Â 318,1.0
963896,201900005427,11,25,18:13,5,2,9,1.0,3.0,51454,BOULEVARD HENRI VASNIER,M,"49,2476682","4,0443281",51,2019,50.0,1.0,1.0,4.0,2154410,1.0,1,1,1,0.0,,-1.0,0,1945.0,A01,138Â 296Â 316,1.0,0.0,-1.0,1645114,0.0,7,,0.0,2.0,6.0,A01,138Â 296Â 316,1.0
963896,201900005427,11,25,18:13,5,2,9,1.0,3.0,51454,BOULEVARD HENRI VASNIER,M,"49,2476682","4,0443281",51,2019,50.0,1.0,1.0,4.0,2154410,1.0,1,1,1,0.0,,-1.0,0,1945.0,A01,138Â 296Â 316,1.0,0.0,-1.0,1645115,3.0,1,,0.0,2.0,1.0,B01,138Â 296Â 317,5.0
963896,201900005427,11,25,18:13,5,2,9,1.0,3.0,51454,BOULEVARD HENRI VASNIER,M,"49,2476682","4,0443281",51,2019,50.0,1.0,1.0,4.0,2154411,1.0,1,4,1,5.0,,-1.0,0,1999.0,B01,138Â 296Â 317,8.0,8.0,-1.0,1645114,0.0,7,,0.0,2.0,6.0,A01,138Â 296Â 316,1.0
963896,201900005427,11,25,18:13,5,2,9,1.0,3.0,51454,BOULEVARD HENRI VASNIER,M,"49,2476682","4,0443281",51,2019,50.0,1.0,1.0,4.0,2154411,1.0,1,4,1,5.0,,-1.0,0,1999.0,B01,138Â 296Â 317,8.0,8.0,-1.0,1645115,3.0,1,,0.0,2.0,1.0,B01,138Â 296Â 317,5.0
963897,201900005428,11,25,13:45,1,2,1,1.0,1.0,51454,RUE DE TURENNE,M,"49,2188432","4,0279514",51,2019,50.0,1.0,1.0,4.0,2154412,1.0,1,4,1,4.0,,-1.0,0,1972.0,B01,138Â 296Â 314,1.0,8.0,-1.0,1645116,0.0,10,,0.0,2.0,3.0,B01,138Â 296Â 314,1.0
963897,201900005428,11,25,13:45,1,2,1,1.0,1.0,51454,RUE DE TURENNE,M,"49,2188432","4,0279514",51,2019,50.0,1.0,1.0,4.0,2154412,1.0,1,4,1,4.0,,-1.0,0,1972.0,B01,138Â 296Â 314,1.0,8.0,-1.0,1645117,0.0,7,,0.0,2.0,3.0,A01,138Â 296Â 315,1.0
963897,201900005428,11,25,13:45,1,2,1,1.0,1.0,51454,RUE DE TURENNE,M,"49,2188432","4,0279514",51,2019,50.0,1.0,1.0,4.0,2154413,1.0,1,4,2,5.0,,-1.0,0,1940.0,A01,138Â 296Â 315,1.0,8.0,-1.0,1645116,0.0,10,,0.0,2.0,3.0,B01,138Â 296Â 314,1.0
963897,201900005428,11,25,13:45,1,2,1,1.0,1.0,51454,RUE DE TURENNE,M,"49,2188432","4,0279514",51,2019,50.0,1.0,1.0,4.0,2154413,1.0,1,4,2,5.0,,-1.0,0,1940.0,A01,138Â 296Â 315,1.0,8.0,-1.0,1645117,0.0,7,,0.0,2.0,3.0,A01,138Â 296Â 315,1.0
963898,201900005429,11,23,11:49,1,2,1,1.0,7.0,49007,ATLANTIQUE  AVENUE DE L',M,"47,4692500"," -0,6001800",49,2019,60.0,1.0,1.0,3.0,2154414,1.0,1,4,2,1.0,,-1.0, -1,1998.0,A01,138Â 296Â 313,1.0,8.0,-1.0,1645118,1.0,7,,14.0,0.0,9.0,A01,138Â 296Â 313,1.0
963899,201900005430,11,24,10:02,1,2,1,2.0,6.0,49007,ATLANTIQUE  AVENUE DE L',M,"47,4654400"," -0,5705800",49,2019,60.0,1.0,2.0,3.0,2154415,1.0,1,4,1,0.0,,-1.0, -1,1999.0,A01,138Â 296Â 312,1.0,8.0,-1.0,1645119,1.0,7,,5.0,0.0,9.0,A01,138Â 296Â 312,1.0
963900,201900005431,11,24,06:45,3,1,3,2.0,6.0,47032,route de Cazalet,M,"44,2064400","0,6472700",47,2019,50.0,1.0,2.0,4.0,2154416,1.0,1,3,1,5.0,,-1.0,0,1984.0,A01,138Â 296Â 311,1.0,0.0,-1.0,1645120,1.0,7,,7.0,0.0,1.0,A01,138Â 296Â 311,1.0
963901,201900005432,11,25,07:20,2,2,1,1.0,6.0,44109,AVENUE DE PAIMPONT,M,"47,2594600"," -1,5183200",44,2019,10.0,8.0,1.0,6.0,2154417,10.0,3,4,2,0.0,,8.0,3,1962.0,A01,138Â 296Â 310,0.0,-1.0,-1.0,1645121,1.0,7,,0.0,1.0,0.0,A01,138Â 296Â 310,1.0
963902,201900005433,11,25,17:20,5,2,1,1.0,6.0,38151,JAURES (COURS J. 1 A 48-75),M,"45,1502900","5,7062200",38,2019,50.0,1.0,1.0,3.0,2154418,10.0,3,3,1,0.0,,1.0,3,2002.0,Z01,138Â 296Â 309,8.0,8.0,-1.0,1645122,3.0,7,,0.0,1.0,3.0,Z01,138Â 296Â 309,1.0
963903,201900005434,11,25,05:55,5,2,1,1.0,3.0,37122,CHINON (BOULEVARD DE),M,"47,3532000","0,6908800",37,2019,50.0,1.0,1.0,4.0,2154419,1.0,1,4,2,1.0,,0.0,0,2000.0,B01,138Â 296Â 307,1.0,8.0,-1.0,1645123,1.0,7,,0.0,2.0,8.0,B01,138Â 296Â 307,1.0
963903,201900005434,11,25,05:55,5,2,1,1.0,3.0,37122,CHINON (BOULEVARD DE),M,"47,3532000","0,6908800",37,2019,50.0,1.0,1.0,4.0,2154419,1.0,1,4,2,1.0,,0.0,0,2000.0,B01,138Â 296Â 307,1.0,8.0,-1.0,1645124,1.0,7,,1.0,2.0,1.0,A01,138Â 296Â 308,1.0
963903,201900005434,11,25,05:55,5,2,1,1.0,3.0,37122,CHINON (BOULEVARD DE),M,"47,3532000","0,6908800",37,2019,50.0,1.0,1.0,4.0,2154420,1.0,1,1,1,5.0,,0.0,0,1983.0,A01,138Â 296Â 308,1.0,8.0,-1.0,1645123,1.0,7,,0.0,2.0,8.0,B01,138Â 296Â 307,1.0
963903,201900005434,11,25,05:55,5,2,1,1.0,3.0,37122,CHINON (BOULEVARD DE),M,"47,3532000","0,6908800",37,2019,50.0,1.0,1.0,4.0,2154420,1.0,1,1,1,5.0,,0.0,0,1983.0,A01,138Â 296Â 308,1.0,8.0,-1.0,1645124,1.0,7,,1.0,2.0,1.0,A01,138Â 296Â 308,1.0
963904,201900005435,11,21,19:12,5,2,1,1.0,4.0,36044,75 AVENUE DE LA CHATRE,M,"46,8073872","1,7076727",36,2019,50.0,1.0,1.0,4.0,2154421,1.0,1,4,2,9.0,,0.0,0,1969.0,A01,138Â 296Â 304,1.0,-1.0,-1.0,1645125,1.0,7,,0.0,2.0,7.0,A01,138Â 296Â 304,1.0
963904,201900005435,11,21,19:12,5,2,1,1.0,4.0,36044,75 AVENUE DE LA CHATRE,M,"46,8073872","1,7076727",36,2019,50.0,1.0,1.0,4.0,2154421,1.0,1,4,2,9.0,,0.0,0,1969.0,A01,138Â 296Â 304,1.0,-1.0,-1.0,1645126,1.0,7,,0.0,2.0,6.0,B01,138Â 296Â 305,1.0
963904,201900005435,11,21,19:12,5,2,1,1.0,4.0,36044,75 AVENUE DE LA CHATRE,M,"46,8073872","1,7076727",36,2019,50.0,1.0,1.0,4.0,2154421,1.0,1,4,2,9.0,,0.0,0,1969.0,A01,138Â 296Â 304,1.0,-1.0,-1.0,1645127,1.0,7,,0.0,2.0,1.0,C01,138Â 296Â 306,1.0
963904,201900005435,11,21,19:12,5,2,1,1.0,4.0,36044,75 AVENUE DE LA CHATRE,M,"46,8073872","1,7076727",36,2019,50.0,1.0,1.0,4.0,2154422,1.0,1,1,2,9.0,,0.0,0,2003.0,B01,138Â 296Â 305,1.0,-1.0,-1.0,1645125,1.0,7,,0.0,2.0,7.0,A01,138Â 296Â 304,1.0
963904,201900005435,11,21,19:12,5,2,1,1.0,4.0,36044,75 AVENUE DE LA CHATRE,M,"46,8073872","1,7076727",36,2019,50.0,1.0,1.0,4.0,2154422,1.0,1,1,2,9.0,,0.0,0,2003.0,B01,138Â 296Â 305,1.0,-1.0,-1.0,1645126,1.0,7,,0.0,2.0,6.0,B01,138Â 296Â 305,1.0
963904,201900005435,11,21,19:12,5,2,1,1.0,4.0,36044,75 AVENUE DE LA CHATRE,M,"46,8073872","1,7076727",36,2019,50.0,1.0,1.0,4.0,2154422,1.0,1,1,2,9.0,,0.0,0,2003.0,B01,138Â 296Â 305,1.0,-1.0,-1.0,1645127,1.0,7,,0.0,2.0,1.0,C01,138Â 296Â 306,1.0
963904,201900005435,11,21,19:12,5,2,1,1.0,4.0,36044,75 AVENUE DE LA CHATRE,M,"46,8073872","1,7076727",36,2019,50.0,1.0,1.0,4.0,2154423,2.0,2,1,1,4.0,,0.0,0,1997.0,B01,138Â 296Â 305,1.0,-1.0,-1.0,1645125,1.0,7,,0.0,2.0,7.0,A01,138Â 296Â 304,1.0
963904,201900005435,11,21,19:12,5,2,1,1.0,4.0,36044,75 AVENUE DE LA CHATRE,M,"46,8073872","1,7076727",36,2019,50.0,1.0,1.0,4.0,2154423,2.0,2,1,1,4.0,,0.0,0,1997.0,B01,138Â 296Â 305,1.0,-1.0,-1.0,1645126,1.0,7,,0.0,2.0,6.0,B01,138Â 296Â 305,1.0
963904,201900005435,11,21,19:12,5,2,1,1.0,4.0,36044,75 AVENUE DE LA CHATRE,M,"46,8073872","1,7076727",36,2019,50.0,1.0,1.0,4.0,2154423,2.0,2,1,1,4.0,,0.0,0,1997.0,B01,138Â 296Â 305,1.0,-1.0,-1.0,1645127,1.0,7,,0.0,2.0,1.0,C01,138Â 296Â 306,1.0
963904,201900005435,11,21,19:12,5,2,1,1.0,4.0,36044,75 AVENUE DE LA CHATRE,M,"46,8073872","1,7076727",36,2019,50.0,1.0,1.0,4.0,2154424,1.0,1,1,1,9.0,,0.0,0,1991.0,C01,138Â 296Â 306,1.0,-1.0,-1.0,1645125,1.0,7,,0.0,2.0,7.0,A01,138Â 296Â 304,1.0
963904,201900005435,11,21,19:12,5,2,1,1.0,4.0,36044,75 AVENUE DE LA CHATRE,M,"46,8073872","1,7076727",36,2019,50.0,1.0,1.0,4.0,2154424,1.0,1,1,1,9.0,,0.0,0,1991.0,C01,138Â 296Â 306,1.0,-1.0,-1.0,1645126,1.0,7,,0.0,2.0,6.0,B01,138Â 296Â 305,1.0
963904,201900005435,11,21,19:12,5,2,1,1.0,4.0,36044,75 AVENUE DE LA CHATRE,M,"46,8073872","1,7076727",36,2019,50.0,1.0,1.0,4.0,2154424,1.0,1,1,1,9.0,,0.0,0,1991.0,C01,138Â 296Â 306,1.0,-1.0,-1.0,1645127,1.0,7,,0.0,2.0,1.0,C01,138Â 296Â 306,1.0
963905,201900005436,11,25,18:55,3,1,1,1.0,7.0,35278,RD 137,M,"48,1784100"," -1,7190000",35,2019,110.0,1.0,1.0,3.0,2154425,2.0,2,4,1,0.0,,-1.0,0,1989.0,A01,138Â 296Â 303,1.0,0.0,-1.0,1645128,2.0,7,,0.0,0.0,9.0,A01,138Â 296Â 303,1.0
963905,201900005436,11,25,18:55,3,1,1,1.0,7.0,35278,RD 137,M,"48,1784100"," -1,7190000",35,2019,110.0,1.0,1.0,3.0,2154426,1.0,1,4,1,0.0,,-1.0,0,1998.0,A01,138Â 296Â 303,1.0,0.0,-1.0,1645128,2.0,7,,0.0,0.0,9.0,A01,138Â 296Â 303,1.0
963906,201900005437,11,25,18:15,5,2,2,2.0,5.0,35051,CHARMILLES (RUE DES),M,"48,1023100"," -1,6227000",35,2019,50.0,1.0,2.0,4.0,2154427,1.0,1,4,2,1.0,,-1.0, -1,1996.0,C01,138Â 296Â 300,1.0,0.0,-1.0,1645129,3.0,7,,0.0,2.0,2.0,C01,138Â 296Â 300,1.0
963906,201900005437,11,25,18:15,5,2,2,2.0,5.0,35051,CHARMILLES (RUE DES),M,"48,1023100"," -1,6227000",35,2019,50.0,1.0,2.0,4.0,2154427,1.0,1,4,2,1.0,,-1.0, -1,1996.0,C01,138Â 296Â 300,1.0,0.0,-1.0,1645130,3.0,7,,0.0,2.0,1.0,B01,138Â 296Â 301,1.0
963906,201900005437,11,25,18:15,5,2,2,2.0,5.0,35051,CHARMILLES (RUE DES),M,"48,1023100"," -1,6227000",35,2019,50.0,1.0,2.0,4.0,2154427,1.0,1,4,2,1.0,,-1.0, -1,1996.0,C01,138Â 296Â 300,1.0,0.0,-1.0,1645131,0.0,7,,0.0,2.0,3.0,A01,138Â 296Â 302,1.0
963906,201900005437,11,25,18:15,5,2,2,2.0,5.0,35051,CHARMILLES (RUE DES),M,"48,1023100"," -1,6227000",35,2019,50.0,1.0,2.0,4.0,2154428,1.0,1,1,1,1.0,,-1.0, -1,1980.0,B01,138Â 296Â 301,1.0,0.0,-1.0,1645129,3.0,7,,0.0,2.0,2.0,C01,138Â 296Â 300,1.0
963906,201900005437,11,25,18:15,5,2,2,2.0,5.0,35051,CHARMILLES (RUE DES),M,"48,1023100"," -1,6227000",35,2019,50.0,1.0,2.0,4.0,2154428,1.0,1,1,1,1.0,,-1.0, -1,1980.0,B01,138Â 296Â 301,1.0,0.0,-1.0,1645130,3.0,7,,0.0,2.0,1.0,B01,138Â 296Â 301,1.0
963906,201900005437,11,25,18:15,5,2,2,2.0,5.0,35051,CHARMILLES (RUE DES),M,"48,1023100"," -1,6227000",35,2019,50.0,1.0,2.0,4.0,2154428,1.0,1,1,1,1.0,,-1.0, -1,1980.0,B01,138Â 296Â 301,1.0,0.0,-1.0,1645131,0.0,7,,0.0,2.0,3.0,A01,138Â 296Â 302,1.0
963906,201900005437,11,25,18:15,5,2,2,2.0,5.0,35051,CHARMILLES (RUE DES),M,"48,1023100"," -1,6227000",35,2019,50.0,1.0,2.0,4.0,2154429,1.0,1,1,1,1.0,,-1.0,0,1994.0,A01,138Â 296Â 302,1.0,0.0,-1.0,1645129,3.0,7,,0.0,2.0,2.0,C01,138Â 296Â 300,1.0
963906,201900005437,11,25,18:15,5,2,2,2.0,5.0,35051,CHARMILLES (RUE DES),M,"48,1023100"," -1,6227000",35,2019,50.0,1.0,2.0,4.0,2154429,1.0,1,1,1,1.0,,-1.0,0,1994.0,A01,138Â 296Â 302,1.0,0.0,-1.0,1645130,3.0,7,,0.0,2.0,1.0,B01,138Â 296Â 301,1.0
963906,201900005437,11,25,18:15,5,2,2,2.0,5.0,35051,CHARMILLES (RUE DES),M,"48,1023100"," -1,6227000",35,2019,50.0,1.0,2.0,4.0,2154429,1.0,1,1,1,1.0,,-1.0,0,1994.0,A01,138Â 296Â 302,1.0,0.0,-1.0,1645131,0.0,7,,0.0,2.0,3.0,A01,138Â 296Â 302,1.0
963907,201900005438,11,25,09:30,1,1,1,2.0,2.0,35238,RN136,M,"48,0802900"," -1,6782700",35,2019,90.0,1.0,2.0,2.0,2154430,1.0,1,4,2,0.0,,-1.0,0,1979.0,B01,138Â 296Â 298,1.0,0.0,-1.0,1645132,2.0,7,,0.0,2.0,4.0,B01,138Â 296Â 298,1.0
963907,201900005438,11,25,09:30,1,1,1,2.0,2.0,35238,RN136,M,"48,0802900"," -1,6782700",35,2019,90.0,1.0,2.0,2.0,2154430,1.0,1,4,2,0.0,,-1.0,0,1979.0,B01,138Â 296Â 298,1.0,0.0,-1.0,1645133,2.0,13,,0.0,2.0,1.0,A01,138Â 296Â 299,1.0
963907,201900005438,11,25,09:30,1,1,1,2.0,2.0,35238,RN136,M,"48,0802900"," -1,6782700",35,2019,90.0,1.0,2.0,2.0,2154431,1.0,1,4,1,4.0,,-1.0,0,1989.0,A01,138Â 296Â 299,8.0,0.0,-1.0,1645132,2.0,7,,0.0,2.0,4.0,B01,138Â 296Â 298,1.0
963907,201900005438,11,25,09:30,1,1,1,2.0,2.0,35238,RN136,M,"48,0802900"," -1,6782700",35,2019,90.0,1.0,2.0,2.0,2154431,1.0,1,4,1,4.0,,-1.0,0,1989.0,A01,138Â 296Â 299,8.0,0.0,-1.0,1645133,2.0,13,,0.0,2.0,1.0,A01,138Â 296Â 299,1.0
963908,201900005439,11,25,07:45,2,2,1,2.0,6.0,35238,BERNARD (AVENUE DU PROFESSEUR LEON),M,"48,1173500"," -1,6994900",35,2019,50.0,1.0,2.0,6.0,2154432,1.0,1,1,2,2.0,,-1.0, -1,2000.0,A01,138Â 296Â 297,1.0,0.0,-1.0,1645134,3.0,7,,0.0,1.0,2.0,A01,138Â 296Â 297,1.0