Unnamed: 0_x,num_acc,mois,jour,hrmn,lum,agg,int,atm,col,com,adr,gps,lat,long,dep,annee,vma,situ,surf,catr,Unnamed: 0_y,place,catu,grav,sexe,trajet,secu,locp,actp,an_nais,num_veh_x,id_vehicule_x,secu1,secu2,secu3,Unnamed: 0,senc,catv,occutc,obs,obsm,choc,num_veh_y,id_vehicule_y,motor
963908,201900005439,11,25,07:45,2,2,1,2.0,6.0,35238,BERNARD (AVENUE DU PROFESSEUR LEON),M,"48,1173500"," -1,6994900",35,2019,50.0,1.0,2.0,6.0,2154433,10.0,3,4,2,2.0,,1.0,3,2000.0,A01,138Â 296Â 297,0.0,-1.0,-1.0,1645134,3.0,7,,0.0,1.0,2.0,A01,138Â 296Â 297,1.0
963909,201900005440,11,25,19:33,5,2,3,1.0,3.0,34172,MOULINS (AVENUE DES,M,"43,6338900","3,8432000",34,2019,50.0,1.0,1.0,4.0,2154434,4.0,2,1,1,9.0,,0.0,0,1960.0,A01,138Â 296Â 295,1.0,0.0,-1.0,1645135,1.0,7,,0.0,2.0,2.0,A01,138Â 296Â 295,1.0
963909,201900005440,11,25,19:33,5,2,3,1.0,3.0,34172,MOULINS (AVENUE DES,M,"43,6338900","3,8432000",34,2019,50.0,1.0,1.0,4.0,2154434,4.0,2,1,1,9.0,,0.0,0,1960.0,A01,138Â 296Â 295,1.0,0.0,-1.0,1645136,2.0,7,,0.0,2.0,1.0,B01,138Â 296Â 296,1.0
963909,201900005440,11,25,19:33,5,2,3,1.0,3.0,34172,MOULINS (AVENUE DES,M,"43,6338900","3,8432000",34,2019,50.0,1.0,1.0,4.0,2154435,2.0,2,4,2,9.0,,0.0,0,1970.0,A01,138Â 296Â 295,1.0,0.0,-1.0,1645135,1.0,7,,0.0,2.0,2.0,A01,138Â 296Â 295,1.0
963909,201900005440,11,25,19:33,5,2,3,1.0,3.0,34172,MOULINS (AVENUE DES,M,"43,6338900","3,8432000",34,2019,50.0,1.0,1.0,4.0,2154435,2.0,2,4,2,9.0,,0.0,0,1970.0,A01,138Â 296Â 295,1.0,0.0,-1.0,1645136,2.0,7,,0.0,2.0,1.0,B01,138Â 296Â 296,1.0
963909,201900005440,11,25,19:33,5,2,3,1.0,3.0,34172,MOULINS (AVENUE DES,M,"43,6338900","3,8432000",34,2019,50.0,1.0,1.0,4.0,2154436,1.0,1,1,1,9.0,,0.0,0,1960.0,A01,138Â 296Â 295,1.0,0.0,-1.0,1645135,1.0,7,,0.0,2.0,2.0,A01,138Â 296Â 295,1.0
963909,201900005440,11,25,19:33,5,2,3,1.0,3.0,34172,MOULINS (AVENUE DES,M,"43,6338900","3,8432000",34,2019,50.0,1.0,1.0,4.0,2154436,1.0,1,1,1,9.0,,0.0,0,1960.0,A01,138Â 296Â 295,1.0,0.0,-1.0,1645136,2.0,7,,0.0,2.0,1.0,B01,138Â 296Â 296,1.0
963909,201900005440,11,25,19:33,5,2,3,1.0,3.0,34172,MOULINS (AVENUE DES,M,"43,6338900","3,8432000",34,2019,50.0,1.0,1.0,4.0,2154437,1.0,1,1,1,9.0,,0.0,0,1997.0,B01,138Â 296Â 296,1.0,0.0,-1.0,1645135,1.0,7,,0.0,2.0,2.0,A01,138Â 296Â 295,1.0
963909,201900005440,11,25,19:33,5,2,3,1.0,3.0,34172,MOULINS (AVENUE DES,M,"43,6338900","3,8432000",34,2019,50.0,1.0,1.0,4.0,2154437,1.0,1,1,1,9.0,,0.0,0,1997.0,B01,138Â 296Â 296,1.0,0.0,-1.0,1645136,2.0,7,,0.0,2.0,1.0,B01,138Â 296Â 296,1.0
963910,201900005441,11,18,10:50,1,2,2,1.0,6.0,33063,AVE DU GENERAL LECLERC CAUD,M,"44,8536000"," -0,6104700",33,2019,50.0,1.0,1.0,4.0,2154438,10.0,3,3,1,0.0,,4.0,3,1941.0,A01,138Â 296Â 294,8.0,0.0,-1.0,1645137,1.0,7,,0.0,1.0,3.0,A01,138Â 296Â 294,1.0
963910,201900005441,11,18,10:50,1,2,2,1.0,6.0,33063,AVE DU GENERAL LECLERC CAUD,M,"44,8536000"," -0,6104700",33,2019,50.0,1.0,1.0,4.0,2154439,1.0,1,1,1,0.0,,-1.0, -1,1937.0,A01,138Â 296Â 294,8.0,0.0,-1.0,1645137,1.0,7,,0.0,1.0,3.0,A01,138Â 296Â 294,1.0
963911,201900005442,11,24,18:20,5,2,2,1.0,3.0,31555,BD DEODAT DE SEVERAC,M,"43,5894200","1,4219000",31,2019,50.0,1.0,1.0,4.0,2154440,1.0,1,1,1,9.0,,-1.0, -1,1980.0,A01,138Â 296Â 292,1.0,8.0,-1.0,1645138,1.0,10,,0.0,2.0,1.0,A01,138Â 296Â 292,1.0
963911,201900005442,11,24,18:20,5,2,2,1.0,3.0,31555,BD DEODAT DE SEVERAC,M,"43,5894200","1,4219000",31,2019,50.0,1.0,1.0,4.0,2154440,1.0,1,1,1,9.0,,-1.0, -1,1980.0,A01,138Â 296Â 292,1.0,8.0,-1.0,1645139,1.0,7,,0.0,2.0,1.0,B01,138Â 296Â 293,1.0
963911,201900005442,11,24,18:20,5,2,2,1.0,3.0,31555,BD DEODAT DE SEVERAC,M,"43,5894200","1,4219000",31,2019,50.0,1.0,1.0,4.0,2154441,1.0,1,4,2,9.0,,-1.0, -1,1951.0,B01,138Â 296Â 293,1.0,8.0,-1.0,1645138,1.0,10,,0.0,2.0,1.0,A01,138Â 296Â 292,1.0
963911,201900005442,11,24,18:20,5,2,2,1.0,3.0,31555,BD DEODAT DE SEVERAC,M,"43,5894200","1,4219000",31,2019,50.0,1.0,1.0,4.0,2154441,1.0,1,4,2,9.0,,-1.0, -1,1951.0,B01,138Â 296Â 293,1.0,8.0,-1.0,1645139,1.0,7,,0.0,2.0,1.0,B01,138Â 296Â 293,1.0
963912,201900005443,11,23,21:30,5,2,1,2.0,3.0,31555,RTE DE NARBONNE,M,"43,5693200","1,4563000",31,2019,50.0,1.0,2.0,3.0,2154442,1.0,1,4,1,0.0,,-1.0, -1,1998.0,A01,138Â 296Â 290,1.0,0.0,-1.0,1645140,1.0,7,,0.0,2.0,8.0,A01,138Â 296Â 290,1.0
963912,201900005443,11,23,21:30,5,2,1,2.0,3.0,31555,RTE DE NARBONNE,M,"43,5693200","1,4563000",31,2019,50.0,1.0,2.0,3.0,2154442,1.0,1,4,1,0.0,,-1.0, -1,1998.0,A01,138Â 296Â 290,1.0,0.0,-1.0,1645141,1.0,7,,0.0,2.0,1.0,B01,138Â 296Â 291,1.0
963912,201900005443,11,23,21:30,5,2,1,2.0,3.0,31555,RTE DE NARBONNE,M,"43,5693200","1,4563000",31,2019,50.0,1.0,2.0,3.0,2154443,1.0,1,1,1,9.0,,-1.0, -1,2000.0,B01,138Â 296Â 291,1.0,0.0,-1.0,1645140,1.0,7,,0.0,2.0,8.0,A01,138Â 296Â 290,1.0
963912,201900005443,11,23,21:30,5,2,1,2.0,3.0,31555,RTE DE NARBONNE,M,"43,5693200","1,4563000",31,2019,50.0,1.0,2.0,3.0,2154443,1.0,1,1,1,9.0,,-1.0, -1,2000.0,B01,138Â 296Â 291,1.0,0.0,-1.0,1645141,1.0,7,,0.0,2.0,1.0,B01,138Â 296Â 291,1.0
963913,201900005444,11,23,00:30,5,2,1,1.0,2.0,31555,AV JULES JULIEN,M,"43,5755300","1,4511900",31,2019,50.0,1.0,1.0,4.0,2154444,1.0,1,1,2,5.0,,-1.0, -1,1984.0,B01,138Â 296Â 288,1.0,8.0,-1.0,1645142,1.0,7,,0.0,2.0,6.0,B01,138Â 296Â 288,1.0
963913,201900005444,11,23,00:30,5,2,1,1.0,2.0,31555,AV JULES JULIEN,M,"43,5755300","1,4511900",31,2019,50.0,1.0,1.0,4.0,2154444,1.0,1,1,2,5.0,,-1.0, -1,1984.0,B01,138Â 296Â 288,1.0,8.0,-1.0,1645143,1.0,7,,0.0,2.0,2.0,A01,138Â 296Â 289,1.0
963913,201900005444,11,23,00:30,5,2,1,1.0,2.0,31555,AV JULES JULIEN,M,"43,5755300","1,4511900",31,2019,50.0,1.0,1.0,4.0,2154445,2.0,2,4,1,4.0,,-1.0, -1,1989.0,B01,138Â 296Â 288,1.0,0.0,-1.0,1645142,1.0,7,,0.0,2.0,6.0,B01,138Â 296Â 288,1.0
963913,201900005444,11,23,00:30,5,2,1,1.0,2.0,31555,AV JULES JULIEN,M,"43,5755300","1,4511900",31,2019,50.0,1.0,1.0,4.0,2154445,2.0,2,4,1,4.0,,-1.0, -1,1989.0,B01,138Â 296Â 288,1.0,0.0,-1.0,1645143,1.0,7,,0.0,2.0,2.0,A01,138Â 296Â 289,1.0
963914,201900005445,11,22,23:35,5,1,1,1.0,4.0,31555,VA007331 A620,M,"43,5883500","1,4003900",31,2019,90.0,1.0,1.0,1.0,2154446,1.0,1,1,1,0.0,,-1.0,0,1995.0,A01,138Â 296Â 285,1.0,0.0,-1.0,1645144,1.0,7,,0.0,2.0,9.0,A01,138Â 296Â 285,1.0
963914,201900005445,11,22,23:35,5,1,1,1.0,4.0,31555,VA007331 A620,M,"43,5883500","1,4003900",31,2019,90.0,1.0,1.0,1.0,2154446,1.0,1,1,1,0.0,,-1.0,0,1995.0,A01,138Â 296Â 285,1.0,0.0,-1.0,1645145,1.0,7,,0.0,2.0,6.0,B01,138Â 296Â 286,1.0
963914,201900005445,11,22,23:35,5,1,1,1.0,4.0,31555,VA007331 A620,M,"43,5883500","1,4003900",31,2019,90.0,1.0,1.0,1.0,2154446,1.0,1,1,1,0.0,,-1.0,0,1995.0,A01,138Â 296Â 285,1.0,0.0,-1.0,1645146,1.0,7,,0.0,2.0,7.0,C01,138Â 296Â 287,1.0
963914,201900005445,11,22,23:35,5,1,1,1.0,4.0,31555,VA007331 A620,M,"43,5883500","1,4003900",31,2019,90.0,1.0,1.0,1.0,2154447,2.0,2,1,2,9.0,,-1.0,0,1986.0,B01,138Â 296Â 286,1.0,0.0,-1.0,1645144,1.0,7,,0.0,2.0,9.0,A01,138Â 296Â 285,1.0
963914,201900005445,11,22,23:35,5,1,1,1.0,4.0,31555,VA007331 A620,M,"43,5883500","1,4003900",31,2019,90.0,1.0,1.0,1.0,2154447,2.0,2,1,2,9.0,,-1.0,0,1986.0,B01,138Â 296Â 286,1.0,0.0,-1.0,1645145,1.0,7,,0.0,2.0,6.0,B01,138Â 296Â 286,1.0
963914,201900005445,11,22,23:35,5,1,1,1.0,4.0,31555,VA007331 A620,M,"43,5883500","1,4003900",31,2019,90.0,1.0,1.0,1.0,2154447,2.0,2,1,2,9.0,,-1.0,0,1986.0,B01,138Â 296Â 286,1.0,0.0,-1.0,1645146,1.0,7,,0.0,2.0,7.0,C01,138Â 296Â 287,1.0
963914,201900005445,11,22,23:35,5,1,1,1.0,4.0,31555,VA007331 A620,M,"43,5883500","1,4003900",31,2019,90.0,1.0,1.0,1.0,2154448,1.0,1,1,1,0.0,,-1.0,0,1979.0,B01,138Â 296Â 286,1.0,0.0,-1.0,1645144,1.0,7,,0.0,2.0,9.0,A01,138Â 296Â 285,1.0
963914,201900005445,11,22,23:35,5,1,1,1.0,4.0,31555,VA007331 A620,M,"43,5883500","1,4003900",31,2019,90.0,1.0,1.0,1.0,2154448,1.0,1,1,1,0.0,,-1.0,0,1979.0,B01,138Â 296Â 286,1.0,0.0,-1.0,1645145,1.0,7,,0.0,2.0,6.0,B01,138Â 296Â 286,1.0
963914,201900005445,11,22,23:35,5,1,1,1.0,4.0,31555,VA007331 A620,M,"43,5883500","1,4003900",31,2019,90.0,1.0,1.0,1.0,2154448,1.0,1,1,1,0.0,,-1.0,0,1979.0,B01,138Â 296Â 286,1.0,0.0,-1.0,1645146,1.0,7,,0.0,2.0,7.0,C01,138Â 296Â 287,1.0
963914,201900005445,11,22,23:35,5,1,1,1.0,4.0,31555,VA007331 A620,M,"43,5883500","1,4003900",31,2019,90.0,1.0,1.0,1.0,2154449,3.0,2,4,2,9.0,,-1.0,0,2013.0,B01,138Â 296Â 286,1.0,0.0,-1.0,1645144,1.0,7,,0.0,2.0,9.0,A01,138Â 296Â 285,1.0
963914,201900005445,11,22,23:35,5,1,1,1.0,4.0,31555,VA007331 A620,M,"43,5883500","1,4003900",31,2019,90.0,1.0,1.0,1.0,2154449,3.0,2,4,2,9.0,,-1.0,0,2013.0,B01,138Â 296Â 286,1.0,0.0,-1.0,1645145,1.0,7,,0.0,2.0,6.0,B01,138Â 296Â 286,1.0
963914,201900005445,11,22,23:35,5,1,1,1.0,4.0,31555,VA007331 A620,M,"43,5883500","1,4003900",31,2019,90.0,1.0,1.0,1.0,2154449,3.0,2,4,2,9.0,,-1.0,0,2013.0,B01,138Â 296Â 286,1.0,0.0,-1.0,1645146,1.0,7,,0.0,2.0,7.0,C01,138Â 296Â 287,1.0
963914,201900005445,11,22,23:35,5,1,1,1.0,4.0,31555,VA007331 A620,M,"43,5883500","1,4003900",31,2019,90.0,1.0,1.0,1.0,2154450,4.0,2,4,1,0.0,,-1.0,0,2019.0,B01,138Â 296Â 286,3.0,8.0,-1.0,1645144,1.0,7,,0.0,2.0,9.0,A01,138Â 296Â 285,1.0
963914,201900005445,11,22,23:35,5,1,1,1.0,4.0,31555,VA007331 A620,M,"43,5883500","1,4003900",31,2019,90.0,1.0,1.0,1.0,2154450,4.0,2,4,1,0.0,,-1.0,0,2019.0,B01,138Â 296Â 286,3.0,8.0,-1.0,1645145,1.0,7,,0.0,2.0,6.0,B01,138Â 296Â 286,1.0
963914,201900005445,11,22,23:35,5,1,1,1.0,4.0,31555,VA007331 A620,M,"43,5883500","1,4003900",31,2019,90.0,1.0,1.0,1.0,2154450,4.0,2,4,1,0.0,,-1.0,0,2019.0,B01,138Â 296Â 286,3.0,8.0,-1.0,1645146,1.0,7,,0.0,2.0,7.0,C01,138Â 296Â 287,1.0
963914,201900005445,11,22,23:35,5,1,1,1.0,4.0,31555,VA007331 A620,M,"43,5883500","1,4003900",31,2019,90.0,1.0,1.0,1.0,2154451,1.0,1,1,1,0.0,,-1.0,0,1994.0,C01,138Â 296Â 287,1.0,0.0,-1.0,1645144,1.0,7,,0.0,2.0,9.0,A01,138Â 296Â 285,1.0
963914,201900005445,11,22,23:35,5,1,1,1.0,4.0,31555,VA007331 A620,M,"43,5883500","1,4003900",31,2019,90.0,1.0,1.0,1.0,2154451,1.0,1,1,1,0.0,,-1.0,0,1994.0,C01,138Â 296Â 287,1.0,0.0,-1.0,1645145,1.0,7,,0.0,2.0,6.0,B01,138Â 296Â 286,1.0
963914,201900005445,11,22,23:35,5,1,1,1.0,4.0,31555,VA007331 A620,M,"43,5883500","1,4003900",31,2019,90.0,1.0,1.0,1.0,2154451,1.0,1,1,1,0.0,,-1.0,0,1994.0,C01,138Â 296Â 287,1.0,0.0,-1.0,1645146,1.0,7,,0.0,2.0,7.0,C01,138Â 296Â 287,1.0
963915,201900005446,11,22,18:00,4,1,1,1.0,4.0,31555,LATECOERE (AV PIERRE G) DU 1AU 61,M,"43,5571000","1,4873600",31,2019,50.0,1.0,1.0,3.0,2154452,1.0,1,1,1,5.0,,-1.0,0,1995.0,D01,138Â 296Â 281,1.0,8.0,-1.0,1645147,3.0,7,,0.0,2.0,4.0,D01,138Â 296Â 281,1.0
963915,201900005446,11,22,18:00,4,1,1,1.0,4.0,31555,LATECOERE (AV PIERRE G) DU 1AU 61,M,"43,5571000","1,4873600",31,2019,50.0,1.0,1.0,3.0,2154452,1.0,1,1,1,5.0,,-1.0,0,1995.0,D01,138Â 296Â 281,1.0,8.0,-1.0,1645148,3.0,7,,0.0,2.0,4.0,C01,138Â 296Â 282,1.0
963915,201900005446,11,22,18:00,4,1,1,1.0,4.0,31555,LATECOERE (AV PIERRE G) DU 1AU 61,M,"43,5571000","1,4873600",31,2019,50.0,1.0,1.0,3.0,2154452,1.0,1,1,1,5.0,,-1.0,0,1995.0,D01,138Â 296Â 281,1.0,8.0,-1.0,1645149,0.0,7,,0.0,2.0,4.0,B01,138Â 296Â 283,1.0
963915,201900005446,11,22,18:00,4,1,1,1.0,4.0,31555,LATECOERE (AV PIERRE G) DU 1AU 61,M,"43,5571000","1,4873600",31,2019,50.0,1.0,1.0,3.0,2154452,1.0,1,1,1,5.0,,-1.0,0,1995.0,D01,138Â 296Â 281,1.0,8.0,-1.0,1645150,3.0,7,,0.0,2.0,1.0,A01,138Â 296Â 284,1.0
963915,201900005446,11,22,18:00,4,1,1,1.0,4.0,31555,LATECOERE (AV PIERRE G) DU 1AU 61,M,"43,5571000","1,4873600",31,2019,50.0,1.0,1.0,3.0,2154453,1.0,1,1,2,5.0,,-1.0,0,1985.0,C01,138Â 296Â 282,1.0,8.0,-1.0,1645147,3.0,7,,0.0,2.0,4.0,D01,138Â 296Â 281,1.0
963915,201900005446,11,22,18:00,4,1,1,1.0,4.0,31555,LATECOERE (AV PIERRE G) DU 1AU 61,M,"43,5571000","1,4873600",31,2019,50.0,1.0,1.0,3.0,2154453,1.0,1,1,2,5.0,,-1.0,0,1985.0,C01,138Â 296Â 282,1.0,8.0,-1.0,1645148,3.0,7,,0.0,2.0,4.0,C01,138Â 296Â 282,1.0
963915,201900005446,11,22,18:00,4,1,1,1.0,4.0,31555,LATECOERE (AV PIERRE G) DU 1AU 61,M,"43,5571000","1,4873600",31,2019,50.0,1.0,1.0,3.0,2154453,1.0,1,1,2,5.0,,-1.0,0,1985.0,C01,138Â 296Â 282,1.0,8.0,-1.0,1645149,0.0,7,,0.0,2.0,4.0,B01,138Â 296Â 283,1.0
963915,201900005446,11,22,18:00,4,1,1,1.0,4.0,31555,LATECOERE (AV PIERRE G) DU 1AU 61,M,"43,5571000","1,4873600",31,2019,50.0,1.0,1.0,3.0,2154453,1.0,1,1,2,5.0,,-1.0,0,1985.0,C01,138Â 296Â 282,1.0,8.0,-1.0,1645150,3.0,7,,0.0,2.0,1.0,A01,138Â 296Â 284,1.0
963915,201900005446,11,22,18:00,4,1,1,1.0,4.0,31555,LATECOERE (AV PIERRE G) DU 1AU 61,M,"43,5571000","1,4873600",31,2019,50.0,1.0,1.0,3.0,2154454,1.0,1,1,1,5.0,,-1.0,0,1942.0,B01,138Â 296Â 283,1.0,8.0,-1.0,1645147,3.0,7,,0.0,2.0,4.0,D01,138Â 296Â 281,1.0
963915,201900005446,11,22,18:00,4,1,1,1.0,4.0,31555,LATECOERE (AV PIERRE G) DU 1AU 61,M,"43,5571000","1,4873600",31,2019,50.0,1.0,1.0,3.0,2154454,1.0,1,1,1,5.0,,-1.0,0,1942.0,B01,138Â 296Â 283,1.0,8.0,-1.0,1645148,3.0,7,,0.0,2.0,4.0,C01,138Â 296Â 282,1.0
963915,201900005446,11,22,18:00,4,1,1,1.0,4.0,31555,LATECOERE (AV PIERRE G) DU 1AU 61,M,"43,5571000","1,4873600",31,2019,50.0,1.0,1.0,3.0,2154454,1.0,1,1,1,5.0,,-1.0,0,1942.0,B01,138Â 296Â 283,1.0,8.0,-1.0,1645149,0.0,7,,0.0,2.0,4.0,B01,138Â 296Â 283,1.0
963915,201900005446,11,22,18:00,4,1,1,1.0,4.0,31555,LATECOERE (AV PIERRE G) DU 1AU 61,M,"43,5571000","1,4873600",31,2019,50.0,1.0,1.0,3.0,2154454,1.0,1,1,1,5.0,,-1.0,0,1942.0,B01,138Â 296Â 283,1.0,8.0,-1.0,1645150,3.0,7,,0.0,2.0,1.0,A01,138Â 296Â 284,1.0
963915,201900005446,11,22,18:00,4,1,1,1.0,4.0,31555,LATECOERE (AV PIERRE G) DU 1AU 61,M,"43,5571000","1,4873600",31,2019,50.0,1.0,1.0,3.0,2154455,1.0,1,4,2,9.0,,-1.0,0,1986.0,A01,138Â 296Â 284,1.0,8.0,-1.0,1645147,3.0,7,,0.0,2.0,4.0,D01,138Â 296Â 281,1.0
963915,201900005446,11,22,18:00,4,1,1,1.0,4.0,31555,LATECOERE (AV PIERRE G) DU 1AU 61,M,"43,5571000","1,4873600",31,2019,50.0,1.0,1.0,3.0,2154455,1.0,1,4,2,9.0,,-1.0,0,1986.0,A01,138Â 296Â 284,1.0,8.0,-1.0,1645148,3.0,7,,0.0,2.0,4.0,C01,138Â 296Â 282,1.0
963915,201900005446,11,22,18:00,4,1,1,1.0,4.0,31555,LATECOERE (AV PIERRE G) DU 1AU 61,M,"43,5571000","1,4873600",31,2019,50.0,1.0,1.0,3.0,2154455,1.0,1,4,2,9.0,,-1.0,0,1986.0,A01,138Â 296Â 284,1.0,8.0,-1.0,1645149,0.0,7,,0.0,2.0,4.0,B01,138Â 296Â 283,1.0
963915,201900005446,11,22,18:00,4,1,1,1.0,4.0,31555,LATECOERE (AV PIERRE G) DU 1AU 61,M,"43,5571000","1,4873600",31,2019,50.0,1.0,1.0,3.0,2154455,1.0,1,4,2,9.0,,-1.0,0,1986.0,A01,138Â 296Â 284,1.0,8.0,-1.0,1645150,3.0,7,,0.0,2.0,1.0,A01,138Â 296Â 284,1.0
963916,201900005447,11,7,08:08,1,1,1,8.0,1.0,24140,CHATEAU DE PILE (ROUTE DU),M,"44,8482000","0,5580000",24,2019,80.0,1.0,2.0,4.0,2154456,1.0,1,3,1,1.0,,-1.0,0,1969.0,B01,138Â 296Â 277,1.0,0.0,-1.0,1645151,2.0,7,,0.0,2.0,3.0,B01,138Â 296Â 277,1.0
963916,201900005447,11,7,08:08,1,1,1,8.0,1.0,24140,CHATEAU DE PILE (ROUTE DU),M,"44,8482000","0,5580000",24,2019,80.0,1.0,2.0,4.0,2154456,1.0,1,3,1,1.0,,-1.0,0,1969.0,B01,138Â 296Â 277,1.0,0.0,-1.0,1645152,1.0,7,,0.0,2.0,3.0,A01,138Â 296Â 278,1.0
963916,201900005447,11,7,08:08,1,1,1,8.0,1.0,24140,CHATEAU DE PILE (ROUTE DU),M,"44,8482000","0,5580000",24,2019,80.0,1.0,2.0,4.0,2154457,1.0,1,1,1,2.0,,-1.0,0,2000.0,A01,138Â 296Â 278,1.0,0.0,-1.0,1645151,2.0,7,,0.0,2.0,3.0,B01,138Â 296Â 277,1.0
963916,201900005447,11,7,08:08,1,1,1,8.0,1.0,24140,CHATEAU DE PILE (ROUTE DU),M,"44,8482000","0,5580000",24,2019,80.0,1.0,2.0,4.0,2154457,1.0,1,1,1,2.0,,-1.0,0,2000.0,A01,138Â 296Â 278,1.0,0.0,-1.0,1645152,1.0,7,,0.0,2.0,3.0,A01,138Â 296Â 278,1.0
963917,201900005448,11,23,03:30,3,1,1,1.0,6.0,22360,RN12,M,"48,4877470"," -2,7194070",22,2019,110.0,1.0,2.0,2.0,2154458,1.0,1,1,1,4.0,,0.0,0,1948.0,A01,138Â 296Â 273,1.0,8.0,-1.0,1645153,2.0,7,,0.0,1.0,7.0,A01,138Â 296Â 273,1.0
963917,201900005448,11,23,03:30,3,1,1,1.0,6.0,22360,RN12,M,"48,4877470"," -2,7194070",22,2019,110.0,1.0,2.0,2.0,2154458,1.0,1,1,1,4.0,,0.0,0,1948.0,A01,138Â 296Â 273,1.0,8.0,-1.0,1645154,2.0,7,,0.0,1.0,2.0,B01,138Â 296Â 274,1.0
963917,201900005448,11,23,03:30,3,1,1,1.0,6.0,22360,RN12,M,"48,4877470"," -2,7194070",22,2019,110.0,1.0,2.0,2.0,2154459,10.0,3,2,1,0.0,,1.0,9,1978.0,A01,138Â 296Â 273,8.0,0.0,-1.0,1645153,2.0,7,,0.0,1.0,7.0,A01,138Â 296Â 273,1.0
963917,201900005448,11,23,03:30,3,1,1,1.0,6.0,22360,RN12,M,"48,4877470"," -2,7194070",22,2019,110.0,1.0,2.0,2.0,2154459,10.0,3,2,1,0.0,,1.0,9,1978.0,A01,138Â 296Â 273,8.0,0.0,-1.0,1645154,2.0,7,,0.0,1.0,2.0,B01,138Â 296Â 274,1.0
963917,201900005448,11,23,03:30,3,1,1,1.0,6.0,22360,RN12,M,"48,4877470"," -2,7194070",22,2019,110.0,1.0,2.0,2.0,2154460,1.0,1,1,1,4.0,,0.0,0,1981.0,B01,138Â 296Â 274,1.0,8.0,-1.0,1645153,2.0,7,,0.0,1.0,7.0,A01,138Â 296Â 273,1.0
963917,201900005448,11,23,03:30,3,1,1,1.0,6.0,22360,RN12,M,"48,4877470"," -2,7194070",22,2019,110.0,1.0,2.0,2.0,2154460,1.0,1,1,1,4.0,,0.0,0,1981.0,B01,138Â 296Â 274,1.0,8.0,-1.0,1645154,2.0,7,,0.0,1.0,2.0,B01,138Â 296Â 274,1.0
963918,201900005449,11,22,01:15,5,2,1,2.0,6.0,21231,REPUBLIQUE (DE LA) (PLACE),M,"47,3268500","5,0455200",21,2019,50.0,1.0,1.0,4.0,2154461,1.0,1,1,1,0.0,,-1.0, -1,1969.0,A01,138Â 296Â 272,1.0,0.0,-1.0,1645155,3.0,7,,0.0,1.0,1.0,A01,138Â 296Â 272,1.0
963918,201900005449,11,22,01:15,5,2,1,2.0,6.0,21231,REPUBLIQUE (DE LA) (PLACE),M,"47,3268500","5,0455200",21,2019,50.0,1.0,1.0,4.0,2154462,10.0,3,4,2,5.0,,2.0,3,1999.0,A01,138Â 296Â 272,8.0,8.0,-1.0,1645155,3.0,7,,0.0,1.0,1.0,A01,138Â 296Â 272,1.0
963919,201900005450,11,23,16:20,1,2,1,1.0,2.0,19031,TURGOT (AVENUE),M,"45,1649300","1,5310500",19,2019,50.0,1.0,1.0,4.0,2154463,1.0,1,1,2,9.0,,-1.0, -1,1983.0,B01,138Â 296Â 270,1.0,0.0,-1.0,1645156,1.0,7,,0.0,2.0,4.0,B01,138Â 296Â 270,1.0
963919,201900005450,11,23,16:20,1,2,1,1.0,2.0,19031,TURGOT (AVENUE),M,"45,1649300","1,5310500",19,2019,50.0,1.0,1.0,4.0,2154463,1.0,1,1,2,9.0,,-1.0, -1,1983.0,B01,138Â 296Â 270,1.0,0.0,-1.0,1645157,1.0,7,,0.0,2.0,1.0,A01,138Â 296Â 271,1.0
963919,201900005450,11,23,16:20,1,2,1,1.0,2.0,19031,TURGOT (AVENUE),M,"45,1649300","1,5310500",19,2019,50.0,1.0,1.0,4.0,2154464,2.0,2,4,2,9.0,,-1.0, -1,1988.0,A01,138Â 296Â 271,1.0,0.0,-1.0,1645156,1.0,7,,0.0,2.0,4.0,B01,138Â 296Â 270,1.0
963919,201900005450,11,23,16:20,1,2,1,1.0,2.0,19031,TURGOT (AVENUE),M,"45,1649300","1,5310500",19,2019,50.0,1.0,1.0,4.0,2154464,2.0,2,4,2,9.0,,-1.0, -1,1988.0,A01,138Â 296Â 271,1.0,0.0,-1.0,1645157,1.0,7,,0.0,2.0,1.0,A01,138Â 296Â 271,1.0
963919,201900005450,11,23,16:20,1,2,1,1.0,2.0,19031,TURGOT (AVENUE),M,"45,1649300","1,5310500",19,2019,50.0,1.0,1.0,4.0,2154465,1.0,1,1,1,9.0,,-1.0, -1,1984.0,A01,138Â 296Â 271,1.0,0.0,-1.0,1645156,1.0,7,,0.0,2.0,4.0,B01,138Â 296Â 270,1.0
963919,201900005450,11,23,16:20,1,2,1,1.0,2.0,19031,TURGOT (AVENUE),M,"45,1649300","1,5310500",19,2019,50.0,1.0,1.0,4.0,2154465,1.0,1,1,1,9.0,,-1.0, -1,1984.0,A01,138Â 296Â 271,1.0,0.0,-1.0,1645157,1.0,7,,0.0,2.0,1.0,A01,138Â 296Â 271,1.0
963920,201900005451,11,25,12:30,1,2,2,2.0,3.0,17300,CORSAIRES   AVENUE DES (1-125),M,"46,1717100"," -1,1645300",17,2019,50.0,1.0,2.0,4.0,2154466,1.0,1,4,1,2.0,,-1.0, -1,2003.0,B01,138Â 296Â 268,2.0,6.0,-1.0,1645158,1.0,31,,0.0,2.0,1.0,B01,138Â 296Â 268,1.0