Unnamed: 0_x,num_acc,mois,jour,hrmn,lum,agg,int,atm,col,com,adr,gps,lat,long,dep,annee,vma,situ,surf,catr,Unnamed: 0_y,place,catu,grav,sexe,trajet,secu,locp,actp,an_nais,num_veh_x,id_vehicule_x,secu1,secu2,secu3,Unnamed: 0,senc,catv,occutc,obs,obsm,choc,num_veh_y,id_vehicule_y,motor
963920,201900005451,11,25,12:30,1,2,2,2.0,3.0,17300,CORSAIRES   AVENUE DES (1-125),M,"46,1717100"," -1,1645300",17,2019,50.0,1.0,2.0,4.0,2154466,1.0,1,4,1,2.0,,-1.0, -1,2003.0,B01,138Â 296Â 268,2.0,6.0,-1.0,1645159,1.0,7,,0.0,2.0,2.0,A01,138Â 296Â 269,1.0
963920,201900005451,11,25,12:30,1,2,2,2.0,3.0,17300,CORSAIRES   AVENUE DES (1-125),M,"46,1717100"," -1,1645300",17,2019,50.0,1.0,2.0,4.0,2154467,1.0,1,1,2,5.0,,-1.0, -1,1941.0,A01,138Â 296Â 269,1.0,0.0,-1.0,1645158,1.0,31,,0.0,2.0,1.0,B01,138Â 296Â 268,1.0
963920,201900005451,11,25,12:30,1,2,2,2.0,3.0,17300,CORSAIRES   AVENUE DES (1-125),M,"46,1717100"," -1,1645300",17,2019,50.0,1.0,2.0,4.0,2154467,1.0,1,1,2,5.0,,-1.0, -1,1941.0,A01,138Â 296Â 269,1.0,0.0,-1.0,1645159,1.0,7,,0.0,2.0,2.0,A01,138Â 296Â 269,1.0
963921,201900005452,11,24,19:15,3,1,1,1.0,3.0,14487,R.D 579,M,"49,1761758","0,2260090",14,2019,80.0,1.0,1.0,3.0,2154468,1.0,1,4,2,5.0,,0.0,0,1995.0,A01,138Â 296Â 266,1.0,0.0,-1.0,1645160,2.0,7,,0.0,2.0,3.0,A01,138Â 296Â 266,1.0
963921,201900005452,11,24,19:15,3,1,1,1.0,3.0,14487,R.D 579,M,"49,1761758","0,2260090",14,2019,80.0,1.0,1.0,3.0,2154468,1.0,1,4,2,5.0,,0.0,0,1995.0,A01,138Â 296Â 266,1.0,0.0,-1.0,1645161,1.0,7,,0.0,2.0,8.0,B01,138Â 296Â 267,1.0
963921,201900005452,11,24,19:15,3,1,1,1.0,3.0,14487,R.D 579,M,"49,1761758","0,2260090",14,2019,80.0,1.0,1.0,3.0,2154469,3.0,2,4,1,5.0,,0.0,0,1984.0,B01,138Â 296Â 267,1.0,0.0,-1.0,1645160,2.0,7,,0.0,2.0,3.0,A01,138Â 296Â 266,1.0
963921,201900005452,11,24,19:15,3,1,1,1.0,3.0,14487,R.D 579,M,"49,1761758","0,2260090",14,2019,80.0,1.0,1.0,3.0,2154469,3.0,2,4,1,5.0,,0.0,0,1984.0,B01,138Â 296Â 267,1.0,0.0,-1.0,1645161,1.0,7,,0.0,2.0,8.0,B01,138Â 296Â 267,1.0
963921,201900005452,11,24,19:15,3,1,1,1.0,3.0,14487,R.D 579,M,"49,1761758","0,2260090",14,2019,80.0,1.0,1.0,3.0,2154470,4.0,2,4,2,5.0,,0.0,0,2019.0,B01,138Â 296Â 267,3.0,0.0,-1.0,1645160,2.0,7,,0.0,2.0,3.0,A01,138Â 296Â 266,1.0
963921,201900005452,11,24,19:15,3,1,1,1.0,3.0,14487,R.D 579,M,"49,1761758","0,2260090",14,2019,80.0,1.0,1.0,3.0,2154470,4.0,2,4,2,5.0,,0.0,0,2019.0,B01,138Â 296Â 267,3.0,0.0,-1.0,1645161,1.0,7,,0.0,2.0,8.0,B01,138Â 296Â 267,1.0
963921,201900005452,11,24,19:15,3,1,1,1.0,3.0,14487,R.D 579,M,"49,1761758","0,2260090",14,2019,80.0,1.0,1.0,3.0,2154471,1.0,1,4,1,5.0,,0.0,0,1980.0,B01,138Â 296Â 267,1.0,0.0,-1.0,1645160,2.0,7,,0.0,2.0,3.0,A01,138Â 296Â 266,1.0
963921,201900005452,11,24,19:15,3,1,1,1.0,3.0,14487,R.D 579,M,"49,1761758","0,2260090",14,2019,80.0,1.0,1.0,3.0,2154471,1.0,1,4,1,5.0,,0.0,0,1980.0,B01,138Â 296Â 267,1.0,0.0,-1.0,1645161,1.0,7,,0.0,2.0,8.0,B01,138Â 296Â 267,1.0
963921,201900005452,11,24,19:15,3,1,1,1.0,3.0,14487,R.D 579,M,"49,1761758","0,2260090",14,2019,80.0,1.0,1.0,3.0,2154472,2.0,2,4,2,5.0,,0.0,0,1984.0,B01,138Â 296Â 267,1.0,0.0,-1.0,1645160,2.0,7,,0.0,2.0,3.0,A01,138Â 296Â 266,1.0
963921,201900005452,11,24,19:15,3,1,1,1.0,3.0,14487,R.D 579,M,"49,1761758","0,2260090",14,2019,80.0,1.0,1.0,3.0,2154472,2.0,2,4,2,5.0,,0.0,0,1984.0,B01,138Â 296Â 267,1.0,0.0,-1.0,1645161,1.0,7,,0.0,2.0,8.0,B01,138Â 296Â 267,1.0
963922,201900005453,11,24,14:26,1,2,1,1.0,1.0,14366,HERBET FOURNET (BOULEVARD),M,"49,1568000","0,2275800",14,2019,50.0,1.0,1.0,3.0,2154473,1.0,1,4,1,0.0,,-1.0,0,1948.0,A01,138Â 296Â 264,8.0,0.0,-1.0,1645162,2.0,7,,0.0,2.0,3.0,A01,138Â 296Â 264,1.0
963922,201900005453,11,24,14:26,1,2,1,1.0,1.0,14366,HERBET FOURNET (BOULEVARD),M,"49,1568000","0,2275800",14,2019,50.0,1.0,1.0,3.0,2154473,1.0,1,4,1,0.0,,-1.0,0,1948.0,A01,138Â 296Â 264,8.0,0.0,-1.0,1645163,1.0,7,,0.0,2.0,3.0,B01,138Â 296Â 265,1.0
963922,201900005453,11,24,14:26,1,2,1,1.0,1.0,14366,HERBET FOURNET (BOULEVARD),M,"49,1568000","0,2275800",14,2019,50.0,1.0,1.0,3.0,2154474,2.0,2,4,2,9.0,,-1.0,0,1937.0,B01,138Â 296Â 265,8.0,0.0,-1.0,1645162,2.0,7,,0.0,2.0,3.0,A01,138Â 296Â 264,1.0
963922,201900005453,11,24,14:26,1,2,1,1.0,1.0,14366,HERBET FOURNET (BOULEVARD),M,"49,1568000","0,2275800",14,2019,50.0,1.0,1.0,3.0,2154474,2.0,2,4,2,9.0,,-1.0,0,1937.0,B01,138Â 296Â 265,8.0,0.0,-1.0,1645163,1.0,7,,0.0,2.0,3.0,B01,138Â 296Â 265,1.0
963922,201900005453,11,24,14:26,1,2,1,1.0,1.0,14366,HERBET FOURNET (BOULEVARD),M,"49,1568000","0,2275800",14,2019,50.0,1.0,1.0,3.0,2154475,1.0,1,4,1,9.0,,-1.0,0,1948.0,B01,138Â 296Â 265,8.0,0.0,-1.0,1645162,2.0,7,,0.0,2.0,3.0,A01,138Â 296Â 264,1.0
963922,201900005453,11,24,14:26,1,2,1,1.0,1.0,14366,HERBET FOURNET (BOULEVARD),M,"49,1568000","0,2275800",14,2019,50.0,1.0,1.0,3.0,2154475,1.0,1,4,1,9.0,,-1.0,0,1948.0,B01,138Â 296Â 265,8.0,0.0,-1.0,1645163,1.0,7,,0.0,2.0,3.0,B01,138Â 296Â 265,1.0
963923,201900005454,11,25,23:00,5,2,1,1.0,6.0,14118,CHARLEMAGNE (AVENUE),M,"49,1772100"," -0,4025200",14,2019,50.0,1.0,1.0,4.0,2154476,1.0,1,4,1,5.0,,0.0,0,1993.0,A01,138Â 296Â 263,1.0,0.0,-1.0,1645164,2.0,7,,1.0,0.0,1.0,A01,138Â 296Â 263,1.0
963924,201900005455,11,25,13:30,1,2,1,1.0,3.0,13056,TEMPLE,M,"43,3986000","5,0523000",13,2019,50.0,1.0,1.0,4.0,2154477,1.0,1,4,1,5.0,,0.0,0,1988.0,A01,138Â 296Â 261,2.0,0.0,-1.0,1645165,3.0,30,,0.0,2.0,1.0,A01,138Â 296Â 261,1.0
963924,201900005455,11,25,13:30,1,2,1,1.0,3.0,13056,TEMPLE,M,"43,3986000","5,0523000",13,2019,50.0,1.0,1.0,4.0,2154477,1.0,1,4,1,5.0,,0.0,0,1988.0,A01,138Â 296Â 261,2.0,0.0,-1.0,1645166,3.0,34,,0.0,2.0,7.0,B01,138Â 296Â 262,1.0
963924,201900005455,11,25,13:30,1,2,1,1.0,3.0,13056,TEMPLE,M,"43,3986000","5,0523000",13,2019,50.0,1.0,1.0,4.0,2154478,1.0,1,1,1,1.0,,0.0,0,1966.0,B01,138Â 296Â 262,2.0,0.0,-1.0,1645165,3.0,30,,0.0,2.0,1.0,A01,138Â 296Â 261,1.0
963924,201900005455,11,25,13:30,1,2,1,1.0,3.0,13056,TEMPLE,M,"43,3986000","5,0523000",13,2019,50.0,1.0,1.0,4.0,2154478,1.0,1,1,1,1.0,,0.0,0,1966.0,B01,138Â 296Â 262,2.0,0.0,-1.0,1645166,3.0,34,,0.0,2.0,7.0,B01,138Â 296Â 262,1.0
963925,201900005456,11,25,22:30,5,2,2,1.0,6.0,13205,HORACE BERTIN (RUE),M,"43,2959900","5,3934800",13,2019,50.0,1.0,1.0,4.0,2154479,1.0,1,1,1,5.0,,-1.0, -1,2000.0,A01,138Â 296Â 259,1.0,0.0,-1.0,1645167,1.0,7,,0.0,2.0,1.0,A01,138Â 296Â 259,1.0
963925,201900005456,11,25,22:30,5,2,2,1.0,6.0,13205,HORACE BERTIN (RUE),M,"43,2959900","5,3934800",13,2019,50.0,1.0,1.0,4.0,2154479,1.0,1,1,1,5.0,,-1.0, -1,2000.0,A01,138Â 296Â 259,1.0,0.0,-1.0,1645168,2.0,7,,0.0,2.0,2.0,B01,138Â 296Â 260,0.0
963925,201900005456,11,25,22:30,5,2,2,1.0,6.0,13205,HORACE BERTIN (RUE),M,"43,2959900","5,3934800",13,2019,50.0,1.0,1.0,4.0,2154480,1.0,1,4,1,5.0,,-1.0, -1,1972.0,B01,138Â 296Â 260,1.0,0.0,-1.0,1645167,1.0,7,,0.0,2.0,1.0,A01,138Â 296Â 259,1.0
963925,201900005456,11,25,22:30,5,2,2,1.0,6.0,13205,HORACE BERTIN (RUE),M,"43,2959900","5,3934800",13,2019,50.0,1.0,1.0,4.0,2154480,1.0,1,4,1,5.0,,-1.0, -1,1972.0,B01,138Â 296Â 260,1.0,0.0,-1.0,1645168,2.0,7,,0.0,2.0,2.0,B01,138Â 296Â 260,0.0
963926,201900005457,11,25,17:45,5,2,1,1.0,6.0,13210,PAUL CLAUDEL (BOULEVARD),M,"43,2681200","5,4186600",13,2019,50.0,1.0,1.0,4.0,2154481,10.0,3,3,1,3.0,,4.0,3,1951.0,A01,138Â 296Â 258,0.0,-1.0,-1.0,1645169,1.0,7,,0.0,1.0,1.0,A01,138Â 296Â 258,1.0
963926,201900005457,11,25,17:45,5,2,1,1.0,6.0,13210,PAUL CLAUDEL (BOULEVARD),M,"43,2681200","5,4186600",13,2019,50.0,1.0,1.0,4.0,2154482,1.0,1,1,1,5.0,,-1.0, -1,1962.0,A01,138Â 296Â 258,1.0,8.0,-1.0,1645169,1.0,7,,0.0,1.0,1.0,A01,138Â 296Â 258,1.0
963927,201900005458,11,25,21:05,3,1,1,1.0,1.0,13004,RTE N113 MARSEILLE A BORBEAUX,M,"43,6744481","4,6189956",13,2019,90.0,1.0,1.0,2.0,2154483,1.0,1,4,2,5.0,,-1.0, -1,1991.0,B01,138Â 296Â 256,1.0,5.0,-1.0,1645170,1.0,7,,0.0,2.0,1.0,B01,138Â 296Â 256,1.0
963927,201900005458,11,25,21:05,3,1,1,1.0,1.0,13004,RTE N113 MARSEILLE A BORBEAUX,M,"43,6744481","4,6189956",13,2019,90.0,1.0,1.0,2.0,2154483,1.0,1,4,2,5.0,,-1.0, -1,1991.0,B01,138Â 296Â 256,1.0,5.0,-1.0,1645171,2.0,7,,0.0,2.0,1.0,A01,138Â 296Â 257,1.0
963927,201900005458,11,25,21:05,3,1,1,1.0,1.0,13004,RTE N113 MARSEILLE A BORBEAUX,M,"43,6744481","4,6189956",13,2019,90.0,1.0,1.0,2.0,2154484,1.0,1,4,2,5.0,,-1.0, -1,1940.0,A01,138Â 296Â 257,1.0,5.0,-1.0,1645170,1.0,7,,0.0,2.0,1.0,B01,138Â 296Â 256,1.0
963927,201900005458,11,25,21:05,3,1,1,1.0,1.0,13004,RTE N113 MARSEILLE A BORBEAUX,M,"43,6744481","4,6189956",13,2019,90.0,1.0,1.0,2.0,2154484,1.0,1,4,2,5.0,,-1.0, -1,1940.0,A01,138Â 296Â 257,1.0,5.0,-1.0,1645171,2.0,7,,0.0,2.0,1.0,A01,138Â 296Â 257,1.0
963928,201900005459,11,21,17:28,1,1,1,1.0,6.0,11262,RD 6009 NARBONNE - BEZIERS,M,"43,1806200","3,0363700",11,2019,80.0,1.0,1.0,3.0,2154485,1.0,1,1,1,0.0,,-1.0, -1,1960.0,A01,138Â 296Â 254,1.0,8.0,-1.0,1645172,1.0,7,,0.0,2.0,3.0,A01,138Â 296Â 254,1.0
963928,201900005459,11,21,17:28,1,1,1,1.0,6.0,11262,RD 6009 NARBONNE - BEZIERS,M,"43,1806200","3,0363700",11,2019,80.0,1.0,1.0,3.0,2154485,1.0,1,1,1,0.0,,-1.0, -1,1960.0,A01,138Â 296Â 254,1.0,8.0,-1.0,1645173,1.0,7,,0.0,2.0,3.0,B01,138Â 296Â 255,1.0
963928,201900005459,11,21,17:28,1,1,1,1.0,6.0,11262,RD 6009 NARBONNE - BEZIERS,M,"43,1806200","3,0363700",11,2019,80.0,1.0,1.0,3.0,2154486,1.0,1,4,2,9.0,,-1.0, -1,1946.0,B01,138Â 296Â 255,1.0,8.0,-1.0,1645172,1.0,7,,0.0,2.0,3.0,A01,138Â 296Â 254,1.0
963928,201900005459,11,21,17:28,1,1,1,1.0,6.0,11262,RD 6009 NARBONNE - BEZIERS,M,"43,1806200","3,0363700",11,2019,80.0,1.0,1.0,3.0,2154486,1.0,1,4,2,9.0,,-1.0, -1,1946.0,B01,138Â 296Â 255,1.0,8.0,-1.0,1645173,1.0,7,,0.0,2.0,3.0,B01,138Â 296Â 255,1.0
963929,201900005460,11,25,13:50,1,2,9,1.0,3.0,06029,MIDI (BOULEVARD DU),M,"43,5472400","6,9780700",6,2019,50.0,1.0,1.0,4.0,2154487,1.0,1,4,1,0.0,,-1.0, -1,1966.0,A01,138Â 296Â 252,0.0,-1.0,-1.0,1645174,0.0,7,,0.0,2.0,0.0,A01,138Â 296Â 252,-1.0
963929,201900005460,11,25,13:50,1,2,9,1.0,3.0,06029,MIDI (BOULEVARD DU),M,"43,5472400","6,9780700",6,2019,50.0,1.0,1.0,4.0,2154487,1.0,1,4,1,0.0,,-1.0, -1,1966.0,A01,138Â 296Â 252,0.0,-1.0,-1.0,1645175,0.0,7,,0.0,2.0,0.0,B01,138Â 296Â 253,-1.0
963930,201900005461,11,25,19:30,5,2,6,1.0,3.0,06027,VERDUN AVENUE DE,M,"43,6668500","7,1417010",6,2019,50.0,1.0,1.0,7.0,2154488,1.0,1,1,1,0.0,,-1.0, -1,1979.0,B01,138Â 296Â 250,1.0,0.0,-1.0,1645176,2.0,7,,0.0,2.0,1.0,B01,138Â 296Â 250,1.0
963930,201900005461,11,25,19:30,5,2,6,1.0,3.0,06027,VERDUN AVENUE DE,M,"43,6668500","7,1417010",6,2019,50.0,1.0,1.0,7.0,2154488,1.0,1,1,1,0.0,,-1.0, -1,1979.0,B01,138Â 296Â 250,1.0,0.0,-1.0,1645177,2.0,7,,0.0,2.0,8.0,A01,138Â 296Â 251,2.0
963930,201900005461,11,25,19:30,5,2,6,1.0,3.0,06027,VERDUN AVENUE DE,M,"43,6668500","7,1417010",6,2019,50.0,1.0,1.0,7.0,2154489,1.0,1,4,1,5.0,,0.0,0,1934.0,A01,138Â 296Â 251,1.0,0.0,-1.0,1645176,2.0,7,,0.0,2.0,1.0,B01,138Â 296Â 250,1.0
963930,201900005461,11,25,19:30,5,2,6,1.0,3.0,06027,VERDUN AVENUE DE,M,"43,6668500","7,1417010",6,2019,50.0,1.0,1.0,7.0,2154489,1.0,1,4,1,5.0,,0.0,0,1934.0,A01,138Â 296Â 251,1.0,0.0,-1.0,1645177,2.0,7,,0.0,2.0,8.0,A01,138Â 296Â 251,2.0
963931,201900005462,11,24,11:30,1,2,3,3.0,6.0,06123,MOSCHETTI RUE,M,"43,6660860","7,1867700",6,2019,50.0,1.0,2.0,4.0,2154490,1.0,1,1,1,3.0,,0.0,0,1976.0,A01,138Â 296Â 249,1.0,8.0,-1.0,1645178,3.0,7,,0.0,1.0,0.0,A01,138Â 296Â 249,1.0
963931,201900005462,11,24,11:30,1,2,3,3.0,6.0,06123,MOSCHETTI RUE,M,"43,6660860","7,1867700",6,2019,50.0,1.0,2.0,4.0,2154491,10.0,3,4,2,3.0,,5.0,3,1961.0,A01,138Â 296Â 249,8.0,0.0,-1.0,1645178,3.0,7,,0.0,1.0,0.0,A01,138Â 296Â 249,1.0
963932,201900005463,11,22,09:00,1,2,2,1.0,3.0,03310,rue Jean JaurÃ¨s,M,"46,1365800","3,4226900",3,2019,50.0,1.0,1.0,4.0,2154492,1.0,1,1,1,5.0,,0.0,0,1945.0,A01,138Â 296Â 247,1.0,8.0,-1.0,1645179,0.0,7,,0.0,2.0,2.0,A01,138Â 296Â 247,1.0
963932,201900005463,11,22,09:00,1,2,2,1.0,3.0,03310,rue Jean JaurÃ¨s,M,"46,1365800","3,4226900",3,2019,50.0,1.0,1.0,4.0,2154492,1.0,1,1,1,5.0,,0.0,0,1945.0,A01,138Â 296Â 247,1.0,8.0,-1.0,1645180,0.0,2,,0.0,2.0,1.0,B01,138Â 296Â 248,1.0
963932,201900005463,11,22,09:00,1,2,2,1.0,3.0,03310,rue Jean JaurÃ¨s,M,"46,1365800","3,4226900",3,2019,50.0,1.0,1.0,4.0,2154493,1.0,1,4,1,2.0,,0.0,0,2004.0,B01,138Â 296Â 248,2.0,8.0,-1.0,1645179,0.0,7,,0.0,2.0,2.0,A01,138Â 296Â 247,1.0
963932,201900005463,11,22,09:00,1,2,2,1.0,3.0,03310,rue Jean JaurÃ¨s,M,"46,1365800","3,4226900",3,2019,50.0,1.0,1.0,4.0,2154493,1.0,1,4,1,2.0,,0.0,0,2004.0,B01,138Â 296Â 248,2.0,8.0,-1.0,1645180,0.0,2,,0.0,2.0,1.0,B01,138Â 296Â 248,1.0
963933,201900005464,11,19,14:00,1,1,1,1.0,4.0,02165,D 1032,M,"49,6444200","3,3931000",2,2019,80.0,1.0,1.0,3.0,2154494,1.0,1,1,1,4.0,,-1.0, -1,1968.0,A01,138Â 296Â 244,1.0,4.0,-1.0,1645181,1.0,21,,0.0,2.0,6.0,A01,138Â 296Â 244,1.0
963933,201900005464,11,19,14:00,1,1,1,1.0,4.0,02165,D 1032,M,"49,6444200","3,3931000",2,2019,80.0,1.0,1.0,3.0,2154494,1.0,1,1,1,4.0,,-1.0, -1,1968.0,A01,138Â 296Â 244,1.0,4.0,-1.0,1645182,1.0,7,,0.0,2.0,9.0,B01,138Â 296Â 245,1.0
963933,201900005464,11,19,14:00,1,1,1,1.0,4.0,02165,D 1032,M,"49,6444200","3,3931000",2,2019,80.0,1.0,1.0,3.0,2154494,1.0,1,1,1,4.0,,-1.0, -1,1968.0,A01,138Â 296Â 244,1.0,4.0,-1.0,1645183,1.0,15,,0.0,2.0,1.0,C01,138Â 296Â 246,1.0
963933,201900005464,11,19,14:00,1,1,1,1.0,4.0,02165,D 1032,M,"49,6444200","3,3931000",2,2019,80.0,1.0,1.0,3.0,2154495,2.0,2,4,1,4.0,,-1.0, -1,1967.0,B01,138Â 296Â 245,1.0,8.0,-1.0,1645181,1.0,21,,0.0,2.0,6.0,A01,138Â 296Â 244,1.0
963933,201900005464,11,19,14:00,1,1,1,1.0,4.0,02165,D 1032,M,"49,6444200","3,3931000",2,2019,80.0,1.0,1.0,3.0,2154495,2.0,2,4,1,4.0,,-1.0, -1,1967.0,B01,138Â 296Â 245,1.0,8.0,-1.0,1645182,1.0,7,,0.0,2.0,9.0,B01,138Â 296Â 245,1.0
963933,201900005464,11,19,14:00,1,1,1,1.0,4.0,02165,D 1032,M,"49,6444200","3,3931000",2,2019,80.0,1.0,1.0,3.0,2154495,2.0,2,4,1,4.0,,-1.0, -1,1967.0,B01,138Â 296Â 245,1.0,8.0,-1.0,1645183,1.0,15,,0.0,2.0,1.0,C01,138Â 296Â 246,1.0
963933,201900005464,11,19,14:00,1,1,1,1.0,4.0,02165,D 1032,M,"49,6444200","3,3931000",2,2019,80.0,1.0,1.0,3.0,2154496,1.0,1,3,1,4.0,,-1.0, -1,1983.0,B01,138Â 296Â 245,1.0,8.0,-1.0,1645181,1.0,21,,0.0,2.0,6.0,A01,138Â 296Â 244,1.0
963933,201900005464,11,19,14:00,1,1,1,1.0,4.0,02165,D 1032,M,"49,6444200","3,3931000",2,2019,80.0,1.0,1.0,3.0,2154496,1.0,1,3,1,4.0,,-1.0, -1,1983.0,B01,138Â 296Â 245,1.0,8.0,-1.0,1645182,1.0,7,,0.0,2.0,9.0,B01,138Â 296Â 245,1.0
963933,201900005464,11,19,14:00,1,1,1,1.0,4.0,02165,D 1032,M,"49,6444200","3,3931000",2,2019,80.0,1.0,1.0,3.0,2154496,1.0,1,3,1,4.0,,-1.0, -1,1983.0,B01,138Â 296Â 245,1.0,8.0,-1.0,1645183,1.0,15,,0.0,2.0,1.0,C01,138Â 296Â 246,1.0
963933,201900005464,11,19,14:00,1,1,1,1.0,4.0,02165,D 1032,M,"49,6444200","3,3931000",2,2019,80.0,1.0,1.0,3.0,2154497,1.0,1,1,1,4.0,,-1.0, -1,2000.0,C01,138Â 296Â 246,1.0,0.0,-1.0,1645181,1.0,21,,0.0,2.0,6.0,A01,138Â 296Â 244,1.0
963933,201900005464,11,19,14:00,1,1,1,1.0,4.0,02165,D 1032,M,"49,6444200","3,3931000",2,2019,80.0,1.0,1.0,3.0,2154497,1.0,1,1,1,4.0,,-1.0, -1,2000.0,C01,138Â 296Â 246,1.0,0.0,-1.0,1645182,1.0,7,,0.0,2.0,9.0,B01,138Â 296Â 245,1.0
963933,201900005464,11,19,14:00,1,1,1,1.0,4.0,02165,D 1032,M,"49,6444200","3,3931000",2,2019,80.0,1.0,1.0,3.0,2154497,1.0,1,1,1,4.0,,-1.0, -1,2000.0,C01,138Â 296Â 246,1.0,0.0,-1.0,1645183,1.0,15,,0.0,2.0,1.0,C01,138Â 296Â 246,1.0
963934,201900005465,11,25,10:50,1,2,1,1.0,6.0,75116,BD PERIPHERIQUE EXTERIEUR,M,"48,8721120","2,2738190",75,2019,70.0,1.0,1.0,4.0,2154498,1.0,1,4,2,4.0,,0.0,0,1990.0,A01,138Â 296Â 243,1.0,0.0,-1.0,1645184,2.0,7,,0.0,2.0,4.0,Z01,138Â 296Â 242,0.0
963934,201900005465,11,25,10:50,1,2,1,1.0,6.0,75116,BD PERIPHERIQUE EXTERIEUR,M,"48,8721120","2,2738190",75,2019,70.0,1.0,1.0,4.0,2154498,1.0,1,4,2,4.0,,0.0,0,1990.0,A01,138Â 296Â 243,1.0,0.0,-1.0,1645185,2.0,7,,0.0,2.0,1.0,A01,138Â 296Â 243,1.0
963935,201900005466,11,25,06:50,1,2,4,1.0,3.0,75115,BOULEVARD PERIPHERIQUE INTERIEUR SUD,M,"48,8357894","2,2704249",75,2019,50.0,1.0,1.0,4.0,2154499,1.0,1,4,1,1.0,,0.0,0,1973.0,A01,138Â 296Â 240,2.0,6.0,-1.0,1645186,1.0,32,,0.0,2.0,5.0,A01,138Â 296Â 240,1.0
963935,201900005466,11,25,06:50,1,2,4,1.0,3.0,75115,BOULEVARD PERIPHERIQUE INTERIEUR SUD,M,"48,8357894","2,2704249",75,2019,50.0,1.0,1.0,4.0,2154499,1.0,1,4,1,1.0,,0.0,0,1973.0,A01,138Â 296Â 240,2.0,6.0,-1.0,1645187,1.0,7,,0.0,2.0,3.0,B01,138Â 296Â 241,1.0
963935,201900005466,11,25,06:50,1,2,4,1.0,3.0,75115,BOULEVARD PERIPHERIQUE INTERIEUR SUD,M,"48,8357894","2,2704249",75,2019,50.0,1.0,1.0,4.0,2154500,1.0,1,1,1,5.0,,0.0,0,1973.0,B01,138Â 296Â 241,1.0,0.0,-1.0,1645186,1.0,32,,0.0,2.0,5.0,A01,138Â 296Â 240,1.0
963935,201900005466,11,25,06:50,1,2,4,1.0,3.0,75115,BOULEVARD PERIPHERIQUE INTERIEUR SUD,M,"48,8357894","2,2704249",75,2019,50.0,1.0,1.0,4.0,2154500,1.0,1,1,1,5.0,,0.0,0,1973.0,B01,138Â 296Â 241,1.0,0.0,-1.0,1645187,1.0,7,,0.0,2.0,3.0,B01,138Â 296Â 241,1.0
963936,201900005467,11,22,17:20,5,2,1,1.0,3.0,75119,BD PERIPHERIQUE EXTERIEUR,M,"48,9001010","2,3914790",75,2019,70.0,1.0,1.0,4.0,2154501,1.0,1,1,1,1.0,,0.0,0,1967.0,B01,138Â 296Â 238,1.0,0.0,-1.0,1645188,2.0,7,,0.0,2.0,7.0,B01,138Â 296Â 238,1.0
963936,201900005467,11,22,17:20,5,2,1,1.0,3.0,75119,BD PERIPHERIQUE EXTERIEUR,M,"48,9001010","2,3914790",75,2019,70.0,1.0,1.0,4.0,2154501,1.0,1,1,1,1.0,,0.0,0,1967.0,B01,138Â 296Â 238,1.0,0.0,-1.0,1645189,2.0,33,,0.0,2.0,8.0,A01,138Â 296Â 239,1.0
963936,201900005467,11,22,17:20,5,2,1,1.0,3.0,75119,BD PERIPHERIQUE EXTERIEUR,M,"48,9001010","2,3914790",75,2019,70.0,1.0,1.0,4.0,2154502,1.0,1,4,1,1.0,,0.0,0,1989.0,A01,138Â 296Â 239,2.0,6.0,-1.0,1645188,2.0,7,,0.0,2.0,7.0,B01,138Â 296Â 238,1.0
963936,201900005467,11,22,17:20,5,2,1,1.0,3.0,75119,BD PERIPHERIQUE EXTERIEUR,M,"48,9001010","2,3914790",75,2019,70.0,1.0,1.0,4.0,2154502,1.0,1,4,1,1.0,,0.0,0,1989.0,A01,138Â 296Â 239,2.0,6.0,-1.0,1645189,2.0,33,,0.0,2.0,8.0,A01,138Â 296Â 239,1.0
963937,201900005468,11,25,17:03,5,2,4,2.0,3.0,75114,AVENUE DU MAINE,M,"48,8323433","2,3250329",75,2019,50.0,6.0,2.0,4.0,2154503,3.0,2,1,2,9.0,,0.0,0,2013.0,A01,138Â 296Â 236,3.0,0.0,-1.0,1645190,1.0,7,,0.0,2.0,2.0,A01,138Â 296Â 236,1.0
963937,201900005468,11,25,17:03,5,2,4,2.0,3.0,75114,AVENUE DU MAINE,M,"48,8323433","2,3250329",75,2019,50.0,6.0,2.0,4.0,2154503,3.0,2,1,2,9.0,,0.0,0,2013.0,A01,138Â 296Â 236,3.0,0.0,-1.0,1645191,1.0,33,,0.0,2.0,8.0,B01,138Â 296Â 237,1.0
963937,201900005468,11,25,17:03,5,2,4,2.0,3.0,75114,AVENUE DU MAINE,M,"48,8323433","2,3250329",75,2019,50.0,6.0,2.0,4.0,2154504,4.0,2,1,2,9.0,,0.0,0,2017.0,A01,138Â 296Â 236,3.0,0.0,-1.0,1645190,1.0,7,,0.0,2.0,2.0,A01,138Â 296Â 236,1.0
963937,201900005468,11,25,17:03,5,2,4,2.0,3.0,75114,AVENUE DU MAINE,M,"48,8323433","2,3250329",75,2019,50.0,6.0,2.0,4.0,2154504,4.0,2,1,2,9.0,,0.0,0,2017.0,A01,138Â 296Â 236,3.0,0.0,-1.0,1645191,1.0,33,,0.0,2.0,8.0,B01,138Â 296Â 237,1.0
963937,201900005468,11,25,17:03,5,2,4,2.0,3.0,75114,AVENUE DU MAINE,M,"48,8323433","2,3250329",75,2019,50.0,6.0,2.0,4.0,2154505,1.0,1,1,1,9.0,,0.0,0,1977.0,A01,138Â 296Â 236,1.0,0.0,-1.0,1645190,1.0,7,,0.0,2.0,2.0,A01,138Â 296Â 236,1.0