Unnamed: 0_x,num_acc,mois,jour,hrmn,lum,agg,int,atm,col,com,adr,gps,lat,long,dep,annee,vma,situ,surf,catr,Unnamed: 0_y,place,catu,grav,sexe,trajet,secu,locp,actp,an_nais,num_veh_x,id_vehicule_x,secu1,secu2,secu3,Unnamed: 0,senc,catv,occutc,obs,obsm,choc,num_veh_y,id_vehicule_y,motor
963937,201900005468,11,25,17:03,5,2,4,2.0,3.0,75114,AVENUE DU MAINE,M,"48,8323433","2,3250329",75,2019,50.0,6.0,2.0,4.0,2154505,1.0,1,1,1,9.0,,0.0,0,1977.0,A01,138Â 296Â 236,1.0,0.0,-1.0,1645191,1.0,33,,0.0,2.0,8.0,B01,138Â 296Â 237,1.0
963937,201900005468,11,25,17:03,5,2,4,2.0,3.0,75114,AVENUE DU MAINE,M,"48,8323433","2,3250329",75,2019,50.0,6.0,2.0,4.0,2154506,2.0,2,1,2,9.0,,0.0,0,1985.0,A01,138Â 296Â 236,1.0,0.0,-1.0,1645190,1.0,7,,0.0,2.0,2.0,A01,138Â 296Â 236,1.0
963937,201900005468,11,25,17:03,5,2,4,2.0,3.0,75114,AVENUE DU MAINE,M,"48,8323433","2,3250329",75,2019,50.0,6.0,2.0,4.0,2154506,2.0,2,1,2,9.0,,0.0,0,1985.0,A01,138Â 296Â 236,1.0,0.0,-1.0,1645191,1.0,33,,0.0,2.0,8.0,B01,138Â 296Â 237,1.0
963937,201900005468,11,25,17:03,5,2,4,2.0,3.0,75114,AVENUE DU MAINE,M,"48,8323433","2,3250329",75,2019,50.0,6.0,2.0,4.0,2154507,1.0,1,4,1,4.0,,0.0,0,1975.0,B01,138Â 296Â 237,2.0,6.0,-1.0,1645190,1.0,7,,0.0,2.0,2.0,A01,138Â 296Â 236,1.0
963937,201900005468,11,25,17:03,5,2,4,2.0,3.0,75114,AVENUE DU MAINE,M,"48,8323433","2,3250329",75,2019,50.0,6.0,2.0,4.0,2154507,1.0,1,4,1,4.0,,0.0,0,1975.0,B01,138Â 296Â 237,2.0,6.0,-1.0,1645191,1.0,33,,0.0,2.0,8.0,B01,138Â 296Â 237,1.0
963938,201900005469,11,23,04:57,5,2,2,2.0,3.0,75113,AVENUE DES GOBELINS,M,"48,8367880","2,3518490",75,2019,50.0,1.0,2.0,4.0,2154508,6.0,2,1,2,4.0,,0.0,0,2003.0,B01,138Â 296Â 234,1.0,0.0,-1.0,1645192,1.0,10,,0.0,2.0,7.0,B01,138Â 296Â 234,1.0
963938,201900005469,11,23,04:57,5,2,2,2.0,3.0,75113,AVENUE DES GOBELINS,M,"48,8367880","2,3518490",75,2019,50.0,1.0,2.0,4.0,2154508,6.0,2,1,2,4.0,,0.0,0,2003.0,B01,138Â 296Â 234,1.0,0.0,-1.0,1645193,1.0,10,,0.0,2.0,1.0,A01,138Â 296Â 235,1.0
963938,201900005469,11,23,04:57,5,2,2,2.0,3.0,75113,AVENUE DES GOBELINS,M,"48,8367880","2,3518490",75,2019,50.0,1.0,2.0,4.0,2154509,2.0,2,1,1,4.0,,0.0,0,1992.0,B01,138Â 296Â 234,1.0,0.0,-1.0,1645192,1.0,10,,0.0,2.0,7.0,B01,138Â 296Â 234,1.0
963938,201900005469,11,23,04:57,5,2,2,2.0,3.0,75113,AVENUE DES GOBELINS,M,"48,8367880","2,3518490",75,2019,50.0,1.0,2.0,4.0,2154509,2.0,2,1,1,4.0,,0.0,0,1992.0,B01,138Â 296Â 234,1.0,0.0,-1.0,1645193,1.0,10,,0.0,2.0,1.0,A01,138Â 296Â 235,1.0
963938,201900005469,11,23,04:57,5,2,2,2.0,3.0,75113,AVENUE DES GOBELINS,M,"48,8367880","2,3518490",75,2019,50.0,1.0,2.0,4.0,2154510,4.0,2,4,1,4.0,,0.0,0,1992.0,B01,138Â 296Â 234,1.0,0.0,-1.0,1645192,1.0,10,,0.0,2.0,7.0,B01,138Â 296Â 234,1.0
963938,201900005469,11,23,04:57,5,2,2,2.0,3.0,75113,AVENUE DES GOBELINS,M,"48,8367880","2,3518490",75,2019,50.0,1.0,2.0,4.0,2154510,4.0,2,4,1,4.0,,0.0,0,1992.0,B01,138Â 296Â 234,1.0,0.0,-1.0,1645193,1.0,10,,0.0,2.0,1.0,A01,138Â 296Â 235,1.0
963938,201900005469,11,23,04:57,5,2,2,2.0,3.0,75113,AVENUE DES GOBELINS,M,"48,8367880","2,3518490",75,2019,50.0,1.0,2.0,4.0,2154511,3.0,2,4,2,9.0,,0.0,0,2000.0,B01,138Â 296Â 234,1.0,0.0,-1.0,1645192,1.0,10,,0.0,2.0,7.0,B01,138Â 296Â 234,1.0
963938,201900005469,11,23,04:57,5,2,2,2.0,3.0,75113,AVENUE DES GOBELINS,M,"48,8367880","2,3518490",75,2019,50.0,1.0,2.0,4.0,2154511,3.0,2,4,2,9.0,,0.0,0,2000.0,B01,138Â 296Â 234,1.0,0.0,-1.0,1645193,1.0,10,,0.0,2.0,1.0,A01,138Â 296Â 235,1.0
963938,201900005469,11,23,04:57,5,2,2,2.0,3.0,75113,AVENUE DES GOBELINS,M,"48,8367880","2,3518490",75,2019,50.0,1.0,2.0,4.0,2154512,1.0,1,1,1,4.0,,0.0,0,1998.0,B01,138Â 296Â 234,1.0,0.0,-1.0,1645192,1.0,10,,0.0,2.0,7.0,B01,138Â 296Â 234,1.0
963938,201900005469,11,23,04:57,5,2,2,2.0,3.0,75113,AVENUE DES GOBELINS,M,"48,8367880","2,3518490",75,2019,50.0,1.0,2.0,4.0,2154512,1.0,1,1,1,4.0,,0.0,0,1998.0,B01,138Â 296Â 234,1.0,0.0,-1.0,1645193,1.0,10,,0.0,2.0,1.0,A01,138Â 296Â 235,1.0
963938,201900005469,11,23,04:57,5,2,2,2.0,3.0,75113,AVENUE DES GOBELINS,M,"48,8367880","2,3518490",75,2019,50.0,1.0,2.0,4.0,2154513,5.0,2,3,2,4.0,,0.0,0,1981.0,B01,138Â 296Â 234,1.0,0.0,-1.0,1645192,1.0,10,,0.0,2.0,7.0,B01,138Â 296Â 234,1.0
963938,201900005469,11,23,04:57,5,2,2,2.0,3.0,75113,AVENUE DES GOBELINS,M,"48,8367880","2,3518490",75,2019,50.0,1.0,2.0,4.0,2154513,5.0,2,3,2,4.0,,0.0,0,1981.0,B01,138Â 296Â 234,1.0,0.0,-1.0,1645193,1.0,10,,0.0,2.0,1.0,A01,138Â 296Â 235,1.0
963938,201900005469,11,23,04:57,5,2,2,2.0,3.0,75113,AVENUE DES GOBELINS,M,"48,8367880","2,3518490",75,2019,50.0,1.0,2.0,4.0,2154514,1.0,1,1,1,5.0,,0.0,0,1995.0,A01,138Â 296Â 235,1.0,0.0,-1.0,1645192,1.0,10,,0.0,2.0,7.0,B01,138Â 296Â 234,1.0
963938,201900005469,11,23,04:57,5,2,2,2.0,3.0,75113,AVENUE DES GOBELINS,M,"48,8367880","2,3518490",75,2019,50.0,1.0,2.0,4.0,2154514,1.0,1,1,1,5.0,,0.0,0,1995.0,A01,138Â 296Â 235,1.0,0.0,-1.0,1645193,1.0,10,,0.0,2.0,1.0,A01,138Â 296Â 235,1.0
963939,201900005470,11,25,17:45,5,2,2,2.0,6.0,75120,RUE DES PYRENEES,M,"48,8527060","2,4061090",75,2019,30.0,1.0,2.0,4.0,2154515,10.0,3,4,1,0.0,,4.0,3,2011.0,A01,138Â 296Â 233,0.0,-1.0,-1.0,1645194,1.0,30,,0.0,1.0,3.0,A01,138Â 296Â 233,1.0
963939,201900005470,11,25,17:45,5,2,2,2.0,6.0,75120,RUE DES PYRENEES,M,"48,8527060","2,4061090",75,2019,30.0,1.0,2.0,4.0,2154516,1.0,1,1,1,0.0,,0.0,0,2003.0,A01,138Â 296Â 233,2.0,6.0,-1.0,1645194,1.0,30,,0.0,1.0,3.0,A01,138Â 296Â 233,1.0
963940,201900005471,11,25,20:00,5,2,1,1.0,3.0,75119,RUE DE L OURCQ,M,"48,8930387","2,3776844",75,2019,50.0,6.0,1.0,4.0,2154517,1.0,1,1,2,9.0,,0.0,0,1998.0,A01,138Â 296Â 231,1.0,0.0,-1.0,1645195,1.0,7,,0.0,2.0,2.0,A01,138Â 296Â 231,1.0
963940,201900005471,11,25,20:00,5,2,1,1.0,3.0,75119,RUE DE L OURCQ,M,"48,8930387","2,3776844",75,2019,50.0,6.0,1.0,4.0,2154517,1.0,1,1,2,9.0,,0.0,0,1998.0,A01,138Â 296Â 231,1.0,0.0,-1.0,1645196,1.0,1,,0.0,2.0,1.0,B01,138Â 296Â 232,5.0
963940,201900005471,11,25,20:00,5,2,1,1.0,3.0,75119,RUE DE L OURCQ,M,"48,8930387","2,3776844",75,2019,50.0,6.0,1.0,4.0,2154518,1.0,1,4,1,9.0,,0.0,0,1988.0,B01,138Â 296Â 232,8.0,2.0,-1.0,1645195,1.0,7,,0.0,2.0,2.0,A01,138Â 296Â 231,1.0
963940,201900005471,11,25,20:00,5,2,1,1.0,3.0,75119,RUE DE L OURCQ,M,"48,8930387","2,3776844",75,2019,50.0,6.0,1.0,4.0,2154518,1.0,1,4,1,9.0,,0.0,0,1988.0,B01,138Â 296Â 232,8.0,2.0,-1.0,1645196,1.0,1,,0.0,2.0,1.0,B01,138Â 296Â 232,5.0
963941,201900005472,11,25,16:50,2,2,1,2.0,2.0,75118,RUE DES POISSONNIERS,M,"48,8967895","2,3527694",75,2019,50.0,1.0,2.0,4.0,2154519,1.0,1,4,1,5.0,,0.0,0,1986.0,B01,138Â 296Â 229,2.0,8.0,-1.0,1645197,1.0,50,,0.0,2.0,1.0,B01,138Â 296Â 229,3.0
963941,201900005472,11,25,16:50,2,2,1,2.0,2.0,75118,RUE DES POISSONNIERS,M,"48,8967895","2,3527694",75,2019,50.0,1.0,2.0,4.0,2154519,1.0,1,4,1,5.0,,0.0,0,1986.0,B01,138Â 296Â 229,2.0,8.0,-1.0,1645198,1.0,7,,0.0,2.0,5.0,A01,138Â 296Â 230,1.0
963941,201900005472,11,25,16:50,2,2,1,2.0,2.0,75118,RUE DES POISSONNIERS,M,"48,8967895","2,3527694",75,2019,50.0,1.0,2.0,4.0,2154520,1.0,1,1,1,4.0,,0.0,0,1955.0,A01,138Â 296Â 230,1.0,0.0,-1.0,1645197,1.0,50,,0.0,2.0,1.0,B01,138Â 296Â 229,3.0
963941,201900005472,11,25,16:50,2,2,1,2.0,2.0,75118,RUE DES POISSONNIERS,M,"48,8967895","2,3527694",75,2019,50.0,1.0,2.0,4.0,2154520,1.0,1,1,1,4.0,,0.0,0,1955.0,A01,138Â 296Â 230,1.0,0.0,-1.0,1645198,1.0,7,,0.0,2.0,5.0,A01,138Â 296Â 230,1.0
963942,201900005473,11,25,00:10,5,2,7,7.0,6.0,75116,BOULEVARD MURAT,M,"48,8395048","2,2565317",75,2019,50.0,1.0,1.0,4.0,2154521,2.0,2,4,1,5.0,,0.0,0,1991.0,A01,138Â 296Â 228,1.0,0.0,-1.0,1645199,1.0,7,,14.0,0.0,1.0,A01,138Â 296Â 228,1.0
963942,201900005473,11,25,00:10,5,2,7,7.0,6.0,75116,BOULEVARD MURAT,M,"48,8395048","2,2565317",75,2019,50.0,1.0,1.0,4.0,2154522,1.0,1,1,2,5.0,,0.0,0,1991.0,A01,138Â 296Â 228,1.0,0.0,-1.0,1645199,1.0,7,,14.0,0.0,1.0,A01,138Â 296Â 228,1.0
963943,201900005474,11,25,14:35,1,2,4,1.0,6.0,75115,AVENUE EMILE ZOLA,M,"48,8469173","2,2930999",75,2019,50.0,1.0,1.0,4.0,2154523,1.0,1,1,1,5.0,,0.0,0,1931.0,A01,138Â 296Â 226,1.0,0.0,-1.0,1645200,2.0,7,,0.0,2.0,6.0,A01,138Â 296Â 226,1.0
963943,201900005474,11,25,14:35,1,2,4,1.0,6.0,75115,AVENUE EMILE ZOLA,M,"48,8469173","2,2930999",75,2019,50.0,1.0,1.0,4.0,2154523,1.0,1,1,1,5.0,,0.0,0,1931.0,A01,138Â 296Â 226,1.0,0.0,-1.0,1645201,2.0,7,,0.0,2.0,7.0,B01,138Â 296Â 227,1.0
963943,201900005474,11,25,14:35,1,2,4,1.0,6.0,75115,AVENUE EMILE ZOLA,M,"48,8469173","2,2930999",75,2019,50.0,1.0,1.0,4.0,2154524,10.0,3,4,2,5.0,,2.0,A,1933.0,B01,138Â 296Â 227,0.0,-1.0,-1.0,1645200,2.0,7,,0.0,2.0,6.0,A01,138Â 296Â 226,1.0
963943,201900005474,11,25,14:35,1,2,4,1.0,6.0,75115,AVENUE EMILE ZOLA,M,"48,8469173","2,2930999",75,2019,50.0,1.0,1.0,4.0,2154524,10.0,3,4,2,5.0,,2.0,A,1933.0,B01,138Â 296Â 227,0.0,-1.0,-1.0,1645201,2.0,7,,0.0,2.0,7.0,B01,138Â 296Â 227,1.0
963943,201900005474,11,25,14:35,1,2,4,1.0,6.0,75115,AVENUE EMILE ZOLA,M,"48,8469173","2,2930999",75,2019,50.0,1.0,1.0,4.0,2154525,1.0,1,1,1,5.0,,0.0,0,1988.0,B01,138Â 296Â 227,1.0,0.0,-1.0,1645200,2.0,7,,0.0,2.0,6.0,A01,138Â 296Â 226,1.0
963943,201900005474,11,25,14:35,1,2,4,1.0,6.0,75115,AVENUE EMILE ZOLA,M,"48,8469173","2,2930999",75,2019,50.0,1.0,1.0,4.0,2154525,1.0,1,1,1,5.0,,0.0,0,1988.0,B01,138Â 296Â 227,1.0,0.0,-1.0,1645201,2.0,7,,0.0,2.0,7.0,B01,138Â 296Â 227,1.0
963944,201900005475,11,25,08:50,1,2,1,1.0,2.0,75104,BOULEVARD BOURDON,M,"48,8500899","2,3669124",75,2019,50.0,1.0,1.0,4.0,2154526,1.0,1,1,1,4.0,,0.0,0,1980.0,B01,138Â 296Â 224,1.0,0.0,-1.0,1645202,2.0,13,,0.0,2.0,0.0,B01,138Â 296Â 224,1.0
963944,201900005475,11,25,08:50,1,2,1,1.0,2.0,75104,BOULEVARD BOURDON,M,"48,8500899","2,3669124",75,2019,50.0,1.0,1.0,4.0,2154526,1.0,1,1,1,4.0,,0.0,0,1980.0,B01,138Â 296Â 224,1.0,0.0,-1.0,1645203,2.0,30,,0.0,2.0,0.0,A01,138Â 296Â 225,1.0
963944,201900005475,11,25,08:50,1,2,1,1.0,2.0,75104,BOULEVARD BOURDON,M,"48,8500899","2,3669124",75,2019,50.0,1.0,1.0,4.0,2154527,1.0,1,4,2,0.0,,0.0,0,1985.0,A01,138Â 296Â 225,2.0,6.0,-1.0,1645202,2.0,13,,0.0,2.0,0.0,B01,138Â 296Â 224,1.0
963944,201900005475,11,25,08:50,1,2,1,1.0,2.0,75104,BOULEVARD BOURDON,M,"48,8500899","2,3669124",75,2019,50.0,1.0,1.0,4.0,2154527,1.0,1,4,2,0.0,,0.0,0,1985.0,A01,138Â 296Â 225,2.0,6.0,-1.0,1645203,2.0,30,,0.0,2.0,0.0,A01,138Â 296Â 225,1.0
963945,201900005476,11,25,13:30,1,2,3,1.0,6.0,75101,RUE CROIX DES PETITS CHAMPS,M,"48,8622158","2,3391853",75,2019,30.0,1.0,1.0,4.0,2154528,1.0,1,1,1,1.0,,0.0,0,1963.0,A01,138Â 296Â 223,1.0,0.0,-1.0,1645204,1.0,7,,0.0,1.0,1.0,A01,138Â 296Â 223,1.0
963945,201900005476,11,25,13:30,1,2,3,1.0,6.0,75101,RUE CROIX DES PETITS CHAMPS,M,"48,8622158","2,3391853",75,2019,30.0,1.0,1.0,4.0,2154529,10.0,3,4,2,5.0,,3.0,3,1961.0,A01,138Â 296Â 223,0.0,-1.0,-1.0,1645204,1.0,7,,0.0,1.0,1.0,A01,138Â 296Â 223,1.0
963945,201900005476,11,25,13:30,1,2,3,1.0,6.0,75101,RUE CROIX DES PETITS CHAMPS,M,"48,8622158","2,3391853",75,2019,30.0,1.0,1.0,4.0,2154530,10.0,3,4,2,5.0,,3.0,3,1970.0,A01,138Â 296Â 223,0.0,-1.0,-1.0,1645204,1.0,7,,0.0,1.0,1.0,A01,138Â 296Â 223,1.0
963946,201900005477,11,24,03:40,5,2,2,5.0,3.0,94041,PAUL VAILLANT COUTURIER (BD),M,"48,8181020","2,3979860",94,2019,50.0,1.0,2.0,3.0,2154531,1.0,1,4,1,5.0,,-1.0, -1,2001.0,B01,138Â 296Â 221,1.0,0.0,-1.0,1645205,2.0,7,,0.0,2.0,3.0,B01,138Â 296Â 221,1.0
963946,201900005477,11,24,03:40,5,2,2,5.0,3.0,94041,PAUL VAILLANT COUTURIER (BD),M,"48,8181020","2,3979860",94,2019,50.0,1.0,2.0,3.0,2154531,1.0,1,4,1,5.0,,-1.0, -1,2001.0,B01,138Â 296Â 221,1.0,0.0,-1.0,1645206,1.0,7,,0.0,2.0,1.0,A01,138Â 296Â 222,1.0
963946,201900005477,11,24,03:40,5,2,2,5.0,3.0,94041,PAUL VAILLANT COUTURIER (BD),M,"48,8181020","2,3979860",94,2019,50.0,1.0,2.0,3.0,2154532,3.0,2,4,2,0.0,,-1.0, -1,1995.0,A01,138Â 296Â 222,1.0,0.0,-1.0,1645205,2.0,7,,0.0,2.0,3.0,B01,138Â 296Â 221,1.0
963946,201900005477,11,24,03:40,5,2,2,5.0,3.0,94041,PAUL VAILLANT COUTURIER (BD),M,"48,8181020","2,3979860",94,2019,50.0,1.0,2.0,3.0,2154532,3.0,2,4,2,0.0,,-1.0, -1,1995.0,A01,138Â 296Â 222,1.0,0.0,-1.0,1645206,1.0,7,,0.0,2.0,1.0,A01,138Â 296Â 222,1.0
963946,201900005477,11,24,03:40,5,2,2,5.0,3.0,94041,PAUL VAILLANT COUTURIER (BD),M,"48,8181020","2,3979860",94,2019,50.0,1.0,2.0,3.0,2154533,1.0,1,4,1,5.0,,-1.0, -1,1989.0,A01,138Â 296Â 222,1.0,0.0,-1.0,1645205,2.0,7,,0.0,2.0,3.0,B01,138Â 296Â 221,1.0
963946,201900005477,11,24,03:40,5,2,2,5.0,3.0,94041,PAUL VAILLANT COUTURIER (BD),M,"48,8181020","2,3979860",94,2019,50.0,1.0,2.0,3.0,2154533,1.0,1,4,1,5.0,,-1.0, -1,1989.0,A01,138Â 296Â 222,1.0,0.0,-1.0,1645206,1.0,7,,0.0,2.0,1.0,A01,138Â 296Â 222,1.0
963946,201900005477,11,24,03:40,5,2,2,5.0,3.0,94041,PAUL VAILLANT COUTURIER (BD),M,"48,8181020","2,3979860",94,2019,50.0,1.0,2.0,3.0,2154534,2.0,2,4,1,5.0,,-1.0, -1,1995.0,A01,138Â 296Â 222,1.0,0.0,-1.0,1645205,2.0,7,,0.0,2.0,3.0,B01,138Â 296Â 221,1.0
963946,201900005477,11,24,03:40,5,2,2,5.0,3.0,94041,PAUL VAILLANT COUTURIER (BD),M,"48,8181020","2,3979860",94,2019,50.0,1.0,2.0,3.0,2154534,2.0,2,4,1,5.0,,-1.0, -1,1995.0,A01,138Â 296Â 222,1.0,0.0,-1.0,1645206,1.0,7,,0.0,2.0,1.0,A01,138Â 296Â 222,1.0
963947,201900005478,11,25,00:40,5,2,1,1.0,2.0,94017,JEAN JAURES (R),M,"48,8157920","2,5038080",94,2019,50.0,1.0,1.0,3.0,2154535,1.0,1,4,1,5.0,,-1.0, -1,1972.0,B01,138Â 296Â 217,2.0,0.0,-1.0,1645207,2.0,33,,0.0,2.0,4.0,B01,138Â 296Â 217,1.0
963947,201900005478,11,25,00:40,5,2,1,1.0,2.0,94017,JEAN JAURES (R),M,"48,8157920","2,5038080",94,2019,50.0,1.0,1.0,3.0,2154535,1.0,1,4,1,5.0,,-1.0, -1,1972.0,B01,138Â 296Â 217,2.0,0.0,-1.0,1645208,2.0,7,,0.0,2.0,1.0,A01,138Â 296Â 218,1.0
963947,201900005478,11,25,00:40,5,2,1,1.0,2.0,94017,JEAN JAURES (R),M,"48,8157920","2,5038080",94,2019,50.0,1.0,1.0,3.0,2154536,1.0,1,1,2,5.0,,-1.0, -1,1982.0,A01,138Â 296Â 218,1.0,0.0,-1.0,1645207,2.0,33,,0.0,2.0,4.0,B01,138Â 296Â 217,1.0
963947,201900005478,11,25,00:40,5,2,1,1.0,2.0,94017,JEAN JAURES (R),M,"48,8157920","2,5038080",94,2019,50.0,1.0,1.0,3.0,2154536,1.0,1,1,2,5.0,,-1.0, -1,1982.0,A01,138Â 296Â 218,1.0,0.0,-1.0,1645208,2.0,7,,0.0,2.0,1.0,A01,138Â 296Â 218,1.0
963948,201900005479,11,23,11:57,1,2,3,2.0,6.0,93045,PARIS RUE DE,M,"48,8785455","2,4246553",93,2019,50.0,1.0,2.0,3.0,2154537,1.0,1,1,2,0.0,,-1.0, -1,1957.0,A01,138Â 296Â 216,1.0,0.0,-1.0,1645209,1.0,7,,0.0,1.0,3.0,A01,138Â 296Â 216,1.0
963948,201900005479,11,23,11:57,1,2,3,2.0,6.0,93045,PARIS RUE DE,M,"48,8785455","2,4246553",93,2019,50.0,1.0,2.0,3.0,2154538,10.0,3,4,1,0.0,,3.0,3,1939.0,A01,138Â 296Â 216,0.0,0.0,-1.0,1645209,1.0,7,,0.0,1.0,3.0,A01,138Â 296Â 216,1.0
963949,201900005480,11,25,19:40,5,1,2,2.0,3.0,93057,BRIAND ( AV. ARISTIDE) 238 A 308,M,"48,9104540","2,5115740",93,2019,50.0,1.0,2.0,3.0,2154539,3.0,2,3,1,0.0,,-1.0, -1,2013.0,A01,138Â 296Â 214,2.0,0.0,-1.0,1645210,1.0,31,,0.0,2.0,1.0,A01,138Â 296Â 214,1.0
963949,201900005480,11,25,19:40,5,1,2,2.0,3.0,93057,BRIAND ( AV. ARISTIDE) 238 A 308,M,"48,9104540","2,5115740",93,2019,50.0,1.0,2.0,3.0,2154539,3.0,2,3,1,0.0,,-1.0, -1,2013.0,A01,138Â 296Â 214,2.0,0.0,-1.0,1645211,2.0,7,,0.0,2.0,7.0,B01,138Â 296Â 215,1.0
963949,201900005480,11,25,19:40,5,1,2,2.0,3.0,93057,BRIAND ( AV. ARISTIDE) 238 A 308,M,"48,9104540","2,5115740",93,2019,50.0,1.0,2.0,3.0,2154540,1.0,1,3,1,0.0,,-1.0, -1,1989.0,A01,138Â 296Â 214,2.0,-1.0,-1.0,1645210,1.0,31,,0.0,2.0,1.0,A01,138Â 296Â 214,1.0
963949,201900005480,11,25,19:40,5,1,2,2.0,3.0,93057,BRIAND ( AV. ARISTIDE) 238 A 308,M,"48,9104540","2,5115740",93,2019,50.0,1.0,2.0,3.0,2154540,1.0,1,3,1,0.0,,-1.0, -1,1989.0,A01,138Â 296Â 214,2.0,-1.0,-1.0,1645211,2.0,7,,0.0,2.0,7.0,B01,138Â 296Â 215,1.0
963949,201900005480,11,25,19:40,5,1,2,2.0,3.0,93057,BRIAND ( AV. ARISTIDE) 238 A 308,M,"48,9104540","2,5115740",93,2019,50.0,1.0,2.0,3.0,2154541,1.0,1,1,2,0.0,,-1.0, -1,1988.0,B01,138Â 296Â 215,1.0,0.0,-1.0,1645210,1.0,31,,0.0,2.0,1.0,A01,138Â 296Â 214,1.0
963949,201900005480,11,25,19:40,5,1,2,2.0,3.0,93057,BRIAND ( AV. ARISTIDE) 238 A 308,M,"48,9104540","2,5115740",93,2019,50.0,1.0,2.0,3.0,2154541,1.0,1,1,2,0.0,,-1.0, -1,1988.0,B01,138Â 296Â 215,1.0,0.0,-1.0,1645211,2.0,7,,0.0,2.0,7.0,B01,138Â 296Â 215,1.0
963950,201900005481,11,24,19:50,5,2,1,1.0,3.0,93010,AULNAY (ROUTE) DE 1 A 45 COTE IMPAIRE,M,"48,9081240","2,4802030",93,2019,50.0,1.0,1.0,4.0,2154542,1.0,1,1,1,1.0,,-1.0, -1,1992.0,A01,138Â 296Â 212,1.0,0.0,-1.0,1645212,3.0,7,,0.0,0.0,3.0,A01,138Â 296Â 212,1.0
963950,201900005481,11,24,19:50,5,2,1,1.0,3.0,93010,AULNAY (ROUTE) DE 1 A 45 COTE IMPAIRE,M,"48,9081240","2,4802030",93,2019,50.0,1.0,1.0,4.0,2154542,1.0,1,1,1,1.0,,-1.0, -1,1992.0,A01,138Â 296Â 212,1.0,0.0,-1.0,1645213,3.0,7,,0.0,0.0,3.0,B01,138Â 296Â 213,1.0
963950,201900005481,11,24,19:50,5,2,1,1.0,3.0,93010,AULNAY (ROUTE) DE 1 A 45 COTE IMPAIRE,M,"48,9081240","2,4802030",93,2019,50.0,1.0,1.0,4.0,2154543,1.0,1,4,1,1.0,,-1.0, -1,2000.0,B01,138Â 296Â 213,1.0,0.0,-1.0,1645212,3.0,7,,0.0,0.0,3.0,A01,138Â 296Â 212,1.0
963950,201900005481,11,24,19:50,5,2,1,1.0,3.0,93010,AULNAY (ROUTE) DE 1 A 45 COTE IMPAIRE,M,"48,9081240","2,4802030",93,2019,50.0,1.0,1.0,4.0,2154543,1.0,1,4,1,1.0,,-1.0, -1,2000.0,B01,138Â 296Â 213,1.0,0.0,-1.0,1645213,3.0,7,,0.0,0.0,3.0,B01,138Â 296Â 213,1.0
963951,201900005482,11,24,10:30,1,2,1,1.0,2.0,92072,Rond Point des BruyÃ¨res,M,"48,8116305","2,2114634",92,2019,50.0,1.0,1.0,3.0,2154544,1.0,1,1,1,5.0,,-1.0,0,1991.0,A01,138Â 296Â 210,8.0,0.0,-1.0,1645214,3.0,7,,0.0,2.0,1.0,A01,138Â 296Â 210,1.0
963951,201900005482,11,24,10:30,1,2,1,1.0,2.0,92072,Rond Point des BruyÃ¨res,M,"48,8116305","2,2114634",92,2019,50.0,1.0,1.0,3.0,2154544,1.0,1,1,1,5.0,,-1.0,0,1991.0,A01,138Â 296Â 210,8.0,0.0,-1.0,1645215,3.0,1,,0.0,2.0,4.0,B01,138Â 296Â 211,5.0
963951,201900005482,11,24,10:30,1,2,1,1.0,2.0,92072,Rond Point des BruyÃ¨res,M,"48,8116305","2,2114634",92,2019,50.0,1.0,1.0,3.0,2154545,1.0,1,4,1,5.0,,-1.0,0,1959.0,B01,138Â 296Â 211,2.0,0.0,-1.0,1645214,3.0,7,,0.0,2.0,1.0,A01,138Â 296Â 210,1.0
963951,201900005482,11,24,10:30,1,2,1,1.0,2.0,92072,Rond Point des BruyÃ¨res,M,"48,8116305","2,2114634",92,2019,50.0,1.0,1.0,3.0,2154545,1.0,1,4,1,5.0,,-1.0,0,1959.0,B01,138Â 296Â 211,2.0,0.0,-1.0,1645215,3.0,1,,0.0,2.0,4.0,B01,138Â 296Â 211,5.0
963952,201900005483,11,25,08:45,1,2,2,1.0,3.0,92076,BOULEVARD DE LA REPUBLIQUE,M,"48,8370576","2,1492253",92,2019,50.0,1.0,1.0,3.0,2154546,2.0,2,4,1,9.0,,-1.0,0,2008.0,B01,138Â 296Â 208,2.0,6.0,-1.0,1645216,2.0,30,,0.0,2.0,1.0,B01,138Â 296Â 208,1.0
963952,201900005483,11,25,08:45,1,2,2,1.0,3.0,92076,BOULEVARD DE LA REPUBLIQUE,M,"48,8370576","2,1492253",92,2019,50.0,1.0,1.0,3.0,2154546,2.0,2,4,1,9.0,,-1.0,0,2008.0,B01,138Â 296Â 208,2.0,6.0,-1.0,1645217,1.0,7,,0.0,2.0,5.0,A01,138Â 296Â 209,1.0
963952,201900005483,11,25,08:45,1,2,2,1.0,3.0,92076,BOULEVARD DE LA REPUBLIQUE,M,"48,8370576","2,1492253",92,2019,50.0,1.0,1.0,3.0,2154547,1.0,1,4,2,9.0,,-1.0,0,2003.0,B01,138Â 296Â 208,2.0,6.0,-1.0,1645216,2.0,30,,0.0,2.0,1.0,B01,138Â 296Â 208,1.0