Unnamed: 0_x,num_acc,mois,jour,hrmn,lum,agg,int,atm,col,com,adr,gps,lat,long,dep,annee,vma,situ,surf,catr,Unnamed: 0_y,place,catu,grav,sexe,trajet,secu,locp,actp,an_nais,num_veh_x,id_vehicule_x,secu1,secu2,secu3,Unnamed: 0,senc,catv,occutc,obs,obsm,choc,num_veh_y,id_vehicule_y,motor
963952,201900005483,11,25,08:45,1,2,2,1.0,3.0,92076,BOULEVARD DE LA REPUBLIQUE,M,"48,8370576","2,1492253",92,2019,50.0,1.0,1.0,3.0,2154547,1.0,1,4,2,9.0,,-1.0,0,2003.0,B01,138Â 296Â 208,2.0,6.0,-1.0,1645217,1.0,7,,0.0,2.0,5.0,A01,138Â 296Â 209,1.0
963952,201900005483,11,25,08:45,1,2,2,1.0,3.0,92076,BOULEVARD DE LA REPUBLIQUE,M,"48,8370576","2,1492253",92,2019,50.0,1.0,1.0,3.0,2154548,1.0,1,1,1,9.0,,-1.0,0,1942.0,A01,138Â 296Â 209,1.0,0.0,-1.0,1645216,2.0,30,,0.0,2.0,1.0,B01,138Â 296Â 208,1.0
963952,201900005483,11,25,08:45,1,2,2,1.0,3.0,92076,BOULEVARD DE LA REPUBLIQUE,M,"48,8370576","2,1492253",92,2019,50.0,1.0,1.0,3.0,2154548,1.0,1,1,1,9.0,,-1.0,0,1942.0,A01,138Â 296Â 209,1.0,0.0,-1.0,1645217,1.0,7,,0.0,2.0,5.0,A01,138Â 296Â 209,1.0
963953,201900005484,11,25,09:15,1,2,1,1.0,6.0,92048,CAPUCINS (RUE DES) NÂ° 1 A 31,M,"48,8147900","2,2284400",92,2019,50.0,1.0,1.0,4.0,2154549,1.0,1,1,1,1.0,,-1.0, -1,1986.0,A01,138Â 296Â 207,1.0,5.0,-1.0,1645218,1.0,7,,0.0,1.0,7.0,A01,138Â 296Â 207,1.0
963953,201900005484,11,25,09:15,1,2,1,1.0,6.0,92048,CAPUCINS (RUE DES) NÂ° 1 A 31,M,"48,8147900","2,2284400",92,2019,50.0,1.0,1.0,4.0,2154550,10.0,3,4,1,4.0,,0.0,0,1959.0,A01,138Â 296Â 207,8.0,4.0,-1.0,1645218,1.0,7,,0.0,1.0,7.0,A01,138Â 296Â 207,1.0
963954,201900005485,11,23,00:15,5,2,2,2.0,6.0,92036,BASSIN NÂ°6 (ROUTE DU),M,"48,9447104","2,2952093",92,2019,50.0,1.0,2.0,4.0,2154551,2.0,2,4,2,0.0,,-1.0,0,1955.0,A01,138Â 296Â 206,1.0,8.0,-1.0,1645219,1.0,7,,11.0,0.0,1.0,A01,138Â 296Â 206,1.0
963954,201900005485,11,23,00:15,5,2,2,2.0,6.0,92036,BASSIN NÂ°6 (ROUTE DU),M,"48,9447104","2,2952093",92,2019,50.0,1.0,2.0,4.0,2154552,1.0,1,1,1,0.0,,-1.0,0,1954.0,A01,138Â 296Â 206,1.0,8.0,-1.0,1645219,1.0,7,,11.0,0.0,1.0,A01,138Â 296Â 206,1.0
963955,201900005486,11,22,20:20,5,2,2,1.0,3.0,92036,ARGENTEUIL (AVENUE D'),M,"48,9356400","2,2609200",92,2019,50.0,1.0,1.0,3.0,2154553,1.0,1,1,2,9.0,,-1.0,0,2001.0,A01,138Â 296Â 204,1.0,8.0,-1.0,1645220,1.0,7,,0.0,2.0,2.0,A01,138Â 296Â 204,1.0
963955,201900005486,11,22,20:20,5,2,2,1.0,3.0,92036,ARGENTEUIL (AVENUE D'),M,"48,9356400","2,2609200",92,2019,50.0,1.0,1.0,3.0,2154553,1.0,1,1,2,9.0,,-1.0,0,2001.0,A01,138Â 296Â 204,1.0,8.0,-1.0,1645221,1.0,7,,0.0,2.0,3.0,B01,138Â 296Â 205,1.0
963955,201900005486,11,22,20:20,5,2,2,1.0,3.0,92036,ARGENTEUIL (AVENUE D'),M,"48,9356400","2,2609200",92,2019,50.0,1.0,1.0,3.0,2154554,2.0,2,4,1,0.0,,-1.0,0,1979.0,B01,138Â 296Â 205,1.0,8.0,-1.0,1645220,1.0,7,,0.0,2.0,2.0,A01,138Â 296Â 204,1.0
963955,201900005486,11,22,20:20,5,2,2,1.0,3.0,92036,ARGENTEUIL (AVENUE D'),M,"48,9356400","2,2609200",92,2019,50.0,1.0,1.0,3.0,2154554,2.0,2,4,1,0.0,,-1.0,0,1979.0,B01,138Â 296Â 205,1.0,8.0,-1.0,1645221,1.0,7,,0.0,2.0,3.0,B01,138Â 296Â 205,1.0
963955,201900005486,11,22,20:20,5,2,2,1.0,3.0,92036,ARGENTEUIL (AVENUE D'),M,"48,9356400","2,2609200",92,2019,50.0,1.0,1.0,3.0,2154555,1.0,1,1,1,0.0,,-1.0,0,1979.0,B01,138Â 296Â 205,1.0,8.0,-1.0,1645220,1.0,7,,0.0,2.0,2.0,A01,138Â 296Â 204,1.0
963955,201900005486,11,22,20:20,5,2,2,1.0,3.0,92036,ARGENTEUIL (AVENUE D'),M,"48,9356400","2,2609200",92,2019,50.0,1.0,1.0,3.0,2154555,1.0,1,1,1,0.0,,-1.0,0,1979.0,B01,138Â 296Â 205,1.0,8.0,-1.0,1645221,1.0,7,,0.0,2.0,3.0,B01,138Â 296Â 205,1.0
963956,201900005487,11,25,12:10,1,2,1,1.0,6.0,92012,ANDRE MORIZET (AVENUE) 1/47 - 2/52,M,"48,8352487","2,2408535",92,2019,50.0,1.0,1.0,3.0,2154556,10.0,3,4,2,0.0,,2.0,3,1998.0,A01,138Â 296Â 203,8.0,0.0,-1.0,1645222,2.0,33,,0.0,1.0,1.0,A01,138Â 296Â 203,1.0
963956,201900005487,11,25,12:10,1,2,1,1.0,6.0,92012,ANDRE MORIZET (AVENUE) 1/47 - 2/52,M,"48,8352487","2,2408535",92,2019,50.0,1.0,1.0,3.0,2154557,1.0,1,1,1,0.0,,-1.0,0,1978.0,A01,138Â 296Â 203,2.0,0.0,-1.0,1645222,2.0,33,,0.0,1.0,1.0,A01,138Â 296Â 203,1.0
963957,201900005488,11,25,17:25,5,2,3,2.0,6.0,92007,LATERAL (CHEMIN),M,"48,7977090","2,2968800",92,2019,50.0,1.0,2.0,4.0,2154558,1.0,1,1,1,1.0,,-1.0,0,1962.0,A01,138Â 296Â 202,1.0,0.0,-1.0,1645223,1.0,7,,0.0,1.0,1.0,A01,138Â 296Â 202,1.0
963957,201900005488,11,25,17:25,5,2,3,2.0,6.0,92007,LATERAL (CHEMIN),M,"48,7977090","2,2968800",92,2019,50.0,1.0,2.0,4.0,2154559,10.0,3,4,1,1.0,,4.0,3,1968.0,A01,138Â 296Â 202,8.0,0.0,-1.0,1645223,1.0,7,,0.0,1.0,1.0,A01,138Â 296Â 202,1.0
963958,201900005489,11,24,00:20,5,2,1,1.0,6.0,92002,DIVISION LECLERC (53 A 217 - 58 A 186),M,"48,7449514","2,3033022",92,2019,50.0,1.0,2.0,3.0,2154560,1.0,1,3,1,0.0,,-1.0, -1,1984.0,A01,138Â 296Â 201,1.0,0.0,-1.0,1645224,1.0,7,,2.0,0.0,7.0,A01,138Â 296Â 201,1.0
963959,201900005490,11,25,16:35,2,1,1,1.0,1.0,83072,,M,"43,4773560","6,3219450",83,2019,80.0,1.0,1.0,3.0,2154561,1.0,1,4,2,1.0,,0.0,0,1985.0,A01,138Â 296Â 199,8.0,-1.0,-1.0,1645225,1.0,7,,0.0,2.0,3.0,A01,138Â 296Â 199,1.0
963959,201900005490,11,25,16:35,2,1,1,1.0,1.0,83072,,M,"43,4773560","6,3219450",83,2019,80.0,1.0,1.0,3.0,2154561,1.0,1,4,2,1.0,,0.0,0,1985.0,A01,138Â 296Â 199,8.0,-1.0,-1.0,1645226,2.0,7,,0.0,2.0,3.0,B01,138Â 296Â 200,1.0
963959,201900005490,11,25,16:35,2,1,1,1.0,1.0,83072,,M,"43,4773560","6,3219450",83,2019,80.0,1.0,1.0,3.0,2154562,2.0,2,4,1,5.0,,0.0,0,2005.0,B01,138Â 296Â 200,8.0,-1.0,-1.0,1645225,1.0,7,,0.0,2.0,3.0,A01,138Â 296Â 199,1.0
963959,201900005490,11,25,16:35,2,1,1,1.0,1.0,83072,,M,"43,4773560","6,3219450",83,2019,80.0,1.0,1.0,3.0,2154562,2.0,2,4,1,5.0,,0.0,0,2005.0,B01,138Â 296Â 200,8.0,-1.0,-1.0,1645226,2.0,7,,0.0,2.0,3.0,B01,138Â 296Â 200,1.0
963959,201900005490,11,25,16:35,2,1,1,1.0,1.0,83072,,M,"43,4773560","6,3219450",83,2019,80.0,1.0,1.0,3.0,2154563,9.0,2,4,1,5.0,,0.0,0,2010.0,B01,138Â 296Â 200,8.0,-1.0,-1.0,1645225,1.0,7,,0.0,2.0,3.0,A01,138Â 296Â 199,1.0
963959,201900005490,11,25,16:35,2,1,1,1.0,1.0,83072,,M,"43,4773560","6,3219450",83,2019,80.0,1.0,1.0,3.0,2154563,9.0,2,4,1,5.0,,0.0,0,2010.0,B01,138Â 296Â 200,8.0,-1.0,-1.0,1645226,2.0,7,,0.0,2.0,3.0,B01,138Â 296Â 200,1.0
963959,201900005490,11,25,16:35,2,1,1,1.0,1.0,83072,,M,"43,4773560","6,3219450",83,2019,80.0,1.0,1.0,3.0,2154564,1.0,1,4,2,5.0,,0.0,0,1974.0,B01,138Â 296Â 200,8.0,-1.0,-1.0,1645225,1.0,7,,0.0,2.0,3.0,A01,138Â 296Â 199,1.0
963959,201900005490,11,25,16:35,2,1,1,1.0,1.0,83072,,M,"43,4773560","6,3219450",83,2019,80.0,1.0,1.0,3.0,2154564,1.0,1,4,2,5.0,,0.0,0,1974.0,B01,138Â 296Â 200,8.0,-1.0,-1.0,1645226,2.0,7,,0.0,2.0,3.0,B01,138Â 296Â 200,1.0
963960,201900005491,10,5,02:15,3,2,1,1.0,6.0,38425,Rue de Narvick,M,"45,4100300","4,7728900",38,2019,50.0,3.0,1.0,4.0,2154565,1.0,1,3,1,0.0,,0.0,0,1997.0,A01,138Â 296Â 198,8.0,-1.0,-1.0,1645227,3.0,7,,8.0,0.0,1.0,A01,138Â 296Â 198,1.0
963960,201900005491,10,5,02:15,3,2,1,1.0,6.0,38425,Rue de Narvick,M,"45,4100300","4,7728900",38,2019,50.0,3.0,1.0,4.0,2154566,7.0,2,4,1,0.0,,0.0,0,1996.0,A01,138Â 296Â 198,1.0,-1.0,-1.0,1645227,3.0,7,,8.0,0.0,1.0,A01,138Â 296Â 198,1.0
963960,201900005491,10,5,02:15,3,2,1,1.0,6.0,38425,Rue de Narvick,M,"45,4100300","4,7728900",38,2019,50.0,3.0,1.0,4.0,2154567,2.0,2,3,1,0.0,,0.0,0,1998.0,A01,138Â 296Â 198,1.0,-1.0,-1.0,1645227,3.0,7,,8.0,0.0,1.0,A01,138Â 296Â 198,1.0
963961,201900005492,11,24,20:00,4,2,6,9.0,3.0,31467,41 Rue de Fenouillet,M,"43,6878390","1,4060070",31,2019,50.0,1.0,1.0,3.0,2154568,1.0,1,1,1,5.0,,0.0,0,1945.0,A01,138Â 296Â 196,1.0,-1.0,-1.0,1645228,3.0,7,,0.0,2.0,3.0,A01,138Â 296Â 196,1.0
963961,201900005492,11,24,20:00,4,2,6,9.0,3.0,31467,41 Rue de Fenouillet,M,"43,6878390","1,4060070",31,2019,50.0,1.0,1.0,3.0,2154568,1.0,1,1,1,5.0,,0.0,0,1945.0,A01,138Â 296Â 196,1.0,-1.0,-1.0,1645229,3.0,2,,0.0,2.0,8.0,B01,138Â 296Â 197,1.0
963961,201900005492,11,24,20:00,4,2,6,9.0,3.0,31467,41 Rue de Fenouillet,M,"43,6878390","1,4060070",31,2019,50.0,1.0,1.0,3.0,2154569,1.0,1,4,1,5.0,,0.0,0,1998.0,B01,138Â 296Â 197,2.0,6.0,-1.0,1645228,3.0,7,,0.0,2.0,3.0,A01,138Â 296Â 196,1.0
963961,201900005492,11,24,20:00,4,2,6,9.0,3.0,31467,41 Rue de Fenouillet,M,"43,6878390","1,4060070",31,2019,50.0,1.0,1.0,3.0,2154569,1.0,1,4,1,5.0,,0.0,0,1998.0,B01,138Â 296Â 197,2.0,6.0,-1.0,1645229,3.0,2,,0.0,2.0,8.0,B01,138Â 296Â 197,1.0
963962,201900005493,11,26,07:45,2,1,1,8.0,7.0,60395,D927,M,"49,2554090","2,1238140",60,2019,80.0,8.0,2.0,3.0,2154570,1.0,1,4,2,1.0,,0.0,0,1978.0,A01,138Â 296Â 195,1.0,-1.0,-1.0,1645230,2.0,7,,0.0,0.0,0.0,A01,138Â 296Â 195,1.0
963963,201900005494,11,25,08:00,1,1,1,5.0,1.0,54514,RD618,M,"49,5083470","5,6398040",54,2019,80.0,1.0,1.0,3.0,2154571,1.0,1,4,1,5.0,,0.0,0,1949.0,B01,138Â 296Â 193,1.0,-1.0,-1.0,1645231,2.0,7,,0.0,2.0,3.0,B01,138Â 296Â 193,1.0
963963,201900005494,11,25,08:00,1,1,1,5.0,1.0,54514,RD618,M,"49,5083470","5,6398040",54,2019,80.0,1.0,1.0,3.0,2154571,1.0,1,4,1,5.0,,0.0,0,1949.0,B01,138Â 296Â 193,1.0,-1.0,-1.0,1645232,1.0,7,,0.0,2.0,3.0,A01,138Â 296Â 194,1.0
963963,201900005494,11,25,08:00,1,1,1,5.0,1.0,54514,RD618,M,"49,5083470","5,6398040",54,2019,80.0,1.0,1.0,3.0,2154572,1.0,1,3,1,2.0,,0.0,0,2001.0,A01,138Â 296Â 194,1.0,-1.0,-1.0,1645231,2.0,7,,0.0,2.0,3.0,B01,138Â 296Â 193,1.0
963963,201900005494,11,25,08:00,1,1,1,5.0,1.0,54514,RD618,M,"49,5083470","5,6398040",54,2019,80.0,1.0,1.0,3.0,2154572,1.0,1,3,1,2.0,,0.0,0,2001.0,A01,138Â 296Â 194,1.0,-1.0,-1.0,1645232,1.0,7,,0.0,2.0,3.0,A01,138Â 296Â 194,1.0
963964,201900005495,11,22,22:10,3,1,1,3.0,7.0,22193,Plestan,M,"48,4228030"," -2,4522130",22,2019,110.0,1.0,2.0,2.0,2154573,1.0,1,4,2,9.0,,0.0,0,1989.0,A01,138Â 296Â 192,2.0,6.0,-1.0,1645233,1.0,33,,0.0,6.0,1.0,A01,138Â 296Â 192,1.0
963965,201900005496,11,26,07:50,2,2,1,1.0,6.0,60176,Rue Marie Rotsen,M,"49,2270920","2,8882730",60,2019,50.0,1.0,2.0,4.0,2154574,10.0,3,4,2,2.0,,3.0,3,2003.0,A01,138Â 296Â 190,0.0,-1.0,-1.0,1645234,0.0,7,,0.0,1.0,1.0,A01,138Â 296Â 190,1.0
963965,201900005496,11,26,07:50,2,2,1,1.0,6.0,60176,Rue Marie Rotsen,M,"49,2270920","2,8882730",60,2019,50.0,1.0,2.0,4.0,2154575,1.0,1,1,2,1.0,,0.0,0,1996.0,A01,138Â 296Â 190,1.0,-1.0,-1.0,1645234,0.0,7,,0.0,1.0,1.0,A01,138Â 296Â 190,1.0
963966,201900005497,11,26,07:20,5,2,1,2.0,2.0,60448,23 Rue Louis Faussard,M,"49,1178230","3,0644040",60,2019,50.0,1.0,2.0,3.0,2154576,1.0,1,4,1,1.0,,0.0,0,1982.0,B01,138Â 296Â 188,8.0,-1.0,-1.0,1645235,0.0,7,,0.0,2.0,4.0,B01,138Â 296Â 188,1.0
963966,201900005497,11,26,07:20,5,2,1,2.0,2.0,60448,23 Rue Louis Faussard,M,"49,1178230","3,0644040",60,2019,50.0,1.0,2.0,3.0,2154576,1.0,1,4,1,1.0,,0.0,0,1982.0,B01,138Â 296Â 188,8.0,-1.0,-1.0,1645236,0.0,7,,0.0,2.0,1.0,A01,138Â 296Â 189,1.0
963966,201900005497,11,26,07:20,5,2,1,2.0,2.0,60448,23 Rue Louis Faussard,M,"49,1178230","3,0644040",60,2019,50.0,1.0,2.0,3.0,2154577,1.0,1,4,1,1.0,,0.0,0,2001.0,A01,138Â 296Â 189,8.0,-1.0,-1.0,1645235,0.0,7,,0.0,2.0,4.0,B01,138Â 296Â 188,1.0
963966,201900005497,11,26,07:20,5,2,1,2.0,2.0,60448,23 Rue Louis Faussard,M,"49,1178230","3,0644040",60,2019,50.0,1.0,2.0,3.0,2154577,1.0,1,4,1,1.0,,0.0,0,2001.0,A01,138Â 296Â 189,8.0,-1.0,-1.0,1645236,0.0,7,,0.0,2.0,1.0,A01,138Â 296Â 189,1.0
963967,201900005498,11,25,18:05,5,2,1,2.0,5.0,60176,Route de Compiegne,M,"49,2402870","2,8819559",60,2019,80.0,5.0,2.0,3.0,2154578,1.0,1,1,1,0.0,,0.0,0,1971.0,A01,138Â 296Â 184,8.0,-1.0,-1.0,1645237,0.0,7,,0.0,2.0,7.0,A01,138Â 296Â 184,1.0
963967,201900005498,11,25,18:05,5,2,1,2.0,5.0,60176,Route de Compiegne,M,"49,2402870","2,8819559",60,2019,80.0,5.0,2.0,3.0,2154578,1.0,1,1,1,0.0,,0.0,0,1971.0,A01,138Â 296Â 184,8.0,-1.0,-1.0,1645238,0.0,7,,0.0,2.0,7.0,B01,138Â 296Â 185,1.0
963967,201900005498,11,25,18:05,5,2,1,2.0,5.0,60176,Route de Compiegne,M,"49,2402870","2,8819559",60,2019,80.0,5.0,2.0,3.0,2154578,1.0,1,1,1,0.0,,0.0,0,1971.0,A01,138Â 296Â 184,8.0,-1.0,-1.0,1645239,0.0,7,,0.0,2.0,7.0,C01,138Â 296Â 186,1.0
963967,201900005498,11,25,18:05,5,2,1,2.0,5.0,60176,Route de Compiegne,M,"49,2402870","2,8819559",60,2019,80.0,5.0,2.0,3.0,2154578,1.0,1,1,1,0.0,,0.0,0,1971.0,A01,138Â 296Â 184,8.0,-1.0,-1.0,1645240,0.0,33,,0.0,2.0,1.0,D01,138Â 296Â 187,1.0
963967,201900005498,11,25,18:05,5,2,1,2.0,5.0,60176,Route de Compiegne,M,"49,2402870","2,8819559",60,2019,80.0,5.0,2.0,3.0,2154579,1.0,1,1,1,0.0,,0.0,0,1993.0,B01,138Â 296Â 185,8.0,-1.0,-1.0,1645237,0.0,7,,0.0,2.0,7.0,A01,138Â 296Â 184,1.0
963967,201900005498,11,25,18:05,5,2,1,2.0,5.0,60176,Route de Compiegne,M,"49,2402870","2,8819559",60,2019,80.0,5.0,2.0,3.0,2154579,1.0,1,1,1,0.0,,0.0,0,1993.0,B01,138Â 296Â 185,8.0,-1.0,-1.0,1645238,0.0,7,,0.0,2.0,7.0,B01,138Â 296Â 185,1.0
963967,201900005498,11,25,18:05,5,2,1,2.0,5.0,60176,Route de Compiegne,M,"49,2402870","2,8819559",60,2019,80.0,5.0,2.0,3.0,2154579,1.0,1,1,1,0.0,,0.0,0,1993.0,B01,138Â 296Â 185,8.0,-1.0,-1.0,1645239,0.0,7,,0.0,2.0,7.0,C01,138Â 296Â 186,1.0
963967,201900005498,11,25,18:05,5,2,1,2.0,5.0,60176,Route de Compiegne,M,"49,2402870","2,8819559",60,2019,80.0,5.0,2.0,3.0,2154579,1.0,1,1,1,0.0,,0.0,0,1993.0,B01,138Â 296Â 185,8.0,-1.0,-1.0,1645240,0.0,33,,0.0,2.0,1.0,D01,138Â 296Â 187,1.0
963967,201900005498,11,25,18:05,5,2,1,2.0,5.0,60176,Route de Compiegne,M,"49,2402870","2,8819559",60,2019,80.0,5.0,2.0,3.0,2154580,1.0,1,1,1,0.0,,0.0,0,1969.0,C01,138Â 296Â 186,8.0,-1.0,-1.0,1645237,0.0,7,,0.0,2.0,7.0,A01,138Â 296Â 184,1.0
963967,201900005498,11,25,18:05,5,2,1,2.0,5.0,60176,Route de Compiegne,M,"49,2402870","2,8819559",60,2019,80.0,5.0,2.0,3.0,2154580,1.0,1,1,1,0.0,,0.0,0,1969.0,C01,138Â 296Â 186,8.0,-1.0,-1.0,1645238,0.0,7,,0.0,2.0,7.0,B01,138Â 296Â 185,1.0
963967,201900005498,11,25,18:05,5,2,1,2.0,5.0,60176,Route de Compiegne,M,"49,2402870","2,8819559",60,2019,80.0,5.0,2.0,3.0,2154580,1.0,1,1,1,0.0,,0.0,0,1969.0,C01,138Â 296Â 186,8.0,-1.0,-1.0,1645239,0.0,7,,0.0,2.0,7.0,C01,138Â 296Â 186,1.0
963967,201900005498,11,25,18:05,5,2,1,2.0,5.0,60176,Route de Compiegne,M,"49,2402870","2,8819559",60,2019,80.0,5.0,2.0,3.0,2154580,1.0,1,1,1,0.0,,0.0,0,1969.0,C01,138Â 296Â 186,8.0,-1.0,-1.0,1645240,0.0,33,,0.0,2.0,1.0,D01,138Â 296Â 187,1.0
963967,201900005498,11,25,18:05,5,2,1,2.0,5.0,60176,Route de Compiegne,M,"49,2402870","2,8819559",60,2019,80.0,5.0,2.0,3.0,2154581,1.0,1,4,1,0.0,,0.0,0,1986.0,D01,138Â 296Â 187,8.0,-1.0,-1.0,1645237,0.0,7,,0.0,2.0,7.0,A01,138Â 296Â 184,1.0
963967,201900005498,11,25,18:05,5,2,1,2.0,5.0,60176,Route de Compiegne,M,"49,2402870","2,8819559",60,2019,80.0,5.0,2.0,3.0,2154581,1.0,1,4,1,0.0,,0.0,0,1986.0,D01,138Â 296Â 187,8.0,-1.0,-1.0,1645238,0.0,7,,0.0,2.0,7.0,B01,138Â 296Â 185,1.0
963967,201900005498,11,25,18:05,5,2,1,2.0,5.0,60176,Route de Compiegne,M,"49,2402870","2,8819559",60,2019,80.0,5.0,2.0,3.0,2154581,1.0,1,4,1,0.0,,0.0,0,1986.0,D01,138Â 296Â 187,8.0,-1.0,-1.0,1645239,0.0,7,,0.0,2.0,7.0,C01,138Â 296Â 186,1.0
963967,201900005498,11,25,18:05,5,2,1,2.0,5.0,60176,Route de Compiegne,M,"49,2402870","2,8819559",60,2019,80.0,5.0,2.0,3.0,2154581,1.0,1,4,1,0.0,,0.0,0,1986.0,D01,138Â 296Â 187,8.0,-1.0,-1.0,1645240,0.0,33,,0.0,2.0,1.0,D01,138Â 296Â 187,1.0
963968,201900005499,7,26,21:05,2,1,1,1.0,7.0,30086,Route de Saint-chaptes,M,"44,0013010","4,2903810",30,2019,80.0,3.0,1.0,3.0,2154582,1.0,1,3,2,5.0,,0.0,0,1949.0,A01,138Â 296Â 183,1.0,-1.0,-1.0,1645241,1.0,7,,13.0,0.0,3.0,A01,138Â 296Â 183,1.0
963969,201900005500,2,6,08:05,1,1,1,1.0,2.0,80131,RD 934,M,"49,8423900","2,4284600",80,2019,110.0,1.0,1.0,3.0,2154583,1.0,1,1,1,0.0,,-1.0, -1,1997.0,B01,138Â 296Â 181,1.0,0.0,-1.0,1645242,0.0,7,,0.0,2.0,4.0,B01,138Â 296Â 181,1.0
963969,201900005500,2,6,08:05,1,1,1,1.0,2.0,80131,RD 934,M,"49,8423900","2,4284600",80,2019,110.0,1.0,1.0,3.0,2154583,1.0,1,1,1,0.0,,-1.0, -1,1997.0,B01,138Â 296Â 181,1.0,0.0,-1.0,1645243,0.0,7,,0.0,2.0,1.0,A01,138Â 296Â 182,1.0
963969,201900005500,2,6,08:05,1,1,1,1.0,2.0,80131,RD 934,M,"49,8423900","2,4284600",80,2019,110.0,1.0,1.0,3.0,2154584,1.0,1,4,1,0.0,,-1.0, -1,1972.0,A01,138Â 296Â 182,1.0,0.0,-1.0,1645242,0.0,7,,0.0,2.0,4.0,B01,138Â 296Â 181,1.0
963969,201900005500,2,6,08:05,1,1,1,1.0,2.0,80131,RD 934,M,"49,8423900","2,4284600",80,2019,110.0,1.0,1.0,3.0,2154584,1.0,1,4,1,0.0,,-1.0, -1,1972.0,A01,138Â 296Â 182,1.0,0.0,-1.0,1645243,0.0,7,,0.0,2.0,1.0,A01,138Â 296Â 182,1.0
963970,201900005501,12,21,10:35,1,2,6,1.0,3.0,97209,MARNE (BOULEVARD DE LA),M,"14,6047000"," -61,0845000",972,2019,50.0,1.0,1.0,2.0,2154585,1.0,1,1,2,5.0,,-1.0, -1,1954.0,A01,138Â 296Â 177,1.0,0.0,-1.0,1645244,2.0,7,,0.0,2.0,8.0,A01,138Â 296Â 177,2.0
963970,201900005501,12,21,10:35,1,2,6,1.0,3.0,97209,MARNE (BOULEVARD DE LA),M,"14,6047000"," -61,0845000",972,2019,50.0,1.0,1.0,2.0,2154585,1.0,1,1,2,5.0,,-1.0, -1,1954.0,A01,138Â 296Â 177,1.0,0.0,-1.0,1645245,2.0,31,,0.0,2.0,2.0,B01,138Â 296Â 178,1.0
963970,201900005501,12,21,10:35,1,2,6,1.0,3.0,97209,MARNE (BOULEVARD DE LA),M,"14,6047000"," -61,0845000",972,2019,50.0,1.0,1.0,2.0,2154586,1.0,1,4,1,5.0,,-1.0, -1,1993.0,B01,138Â 296Â 178,2.0,0.0,-1.0,1645244,2.0,7,,0.0,2.0,8.0,A01,138Â 296Â 177,2.0
963970,201900005501,12,21,10:35,1,2,6,1.0,3.0,97209,MARNE (BOULEVARD DE LA),M,"14,6047000"," -61,0845000",972,2019,50.0,1.0,1.0,2.0,2154586,1.0,1,4,1,5.0,,-1.0, -1,1993.0,B01,138Â 296Â 178,2.0,0.0,-1.0,1645245,2.0,31,,0.0,2.0,2.0,B01,138Â 296Â 178,1.0
963971,201900005502,11,8,11:50,1,2,1,1.0,3.0,77307,ROME ( RUE DE ),M,"48,8591040","2,7584440",77,2019,50.0,1.0,1.0,4.0,2154587,1.0,1,4,1,5.0,,-1.0, -1,1989.0,B01,138Â 296Â 175,2.0,8.0,-1.0,1645246,3.0,31,,0.0,2.0,1.0,B01,138Â 296Â 175,1.0
963971,201900005502,11,8,11:50,1,2,1,1.0,3.0,77307,ROME ( RUE DE ),M,"48,8591040","2,7584440",77,2019,50.0,1.0,1.0,4.0,2154587,1.0,1,4,1,5.0,,-1.0, -1,1989.0,B01,138Â 296Â 175,2.0,8.0,-1.0,1645247,3.0,7,,0.0,2.0,5.0,A01,138Â 296Â 176,1.0
963971,201900005502,11,8,11:50,1,2,1,1.0,3.0,77307,ROME ( RUE DE ),M,"48,8591040","2,7584440",77,2019,50.0,1.0,1.0,4.0,2154588,1.0,1,1,1,5.0,,-1.0, -1,2000.0,A01,138Â 296Â 176,1.0,8.0,-1.0,1645246,3.0,31,,0.0,2.0,1.0,B01,138Â 296Â 175,1.0
963971,201900005502,11,8,11:50,1,2,1,1.0,3.0,77307,ROME ( RUE DE ),M,"48,8591040","2,7584440",77,2019,50.0,1.0,1.0,4.0,2154588,1.0,1,1,1,5.0,,-1.0, -1,2000.0,A01,138Â 296Â 176,1.0,8.0,-1.0,1645247,3.0,7,,0.0,2.0,5.0,A01,138Â 296Â 176,1.0
963972,201900005503,12,22,15:40,1,2,2,1.0,3.0,37261,CALAIS (RUE DE),M,"47,4215898","0,6860226",37,2019,50.0,1.0,2.0,4.0,2154589,1.0,1,1,2,5.0,,-1.0,0,1981.0,B01,138Â 296Â 173,1.0,0.0,-1.0,1645248,3.0,10,,0.0,2.0,3.0,B01,138Â 296Â 173,0.0
963972,201900005503,12,22,15:40,1,2,2,1.0,3.0,37261,CALAIS (RUE DE),M,"47,4215898","0,6860226",37,2019,50.0,1.0,2.0,4.0,2154589,1.0,1,1,2,5.0,,-1.0,0,1981.0,B01,138Â 296Â 173,1.0,0.0,-1.0,1645249,3.0,10,,0.0,2.0,2.0,A01,138Â 296Â 174,1.0
963972,201900005503,12,22,15:40,1,2,2,1.0,3.0,37261,CALAIS (RUE DE),M,"47,4215898","0,6860226",37,2019,50.0,1.0,2.0,4.0,2154590,2.0,2,4,2,5.0,,-1.0,0,2001.0,B01,138Â 296Â 173,1.0,0.0,-1.0,1645248,3.0,10,,0.0,2.0,3.0,B01,138Â 296Â 173,0.0
963972,201900005503,12,22,15:40,1,2,2,1.0,3.0,37261,CALAIS (RUE DE),M,"47,4215898","0,6860226",37,2019,50.0,1.0,2.0,4.0,2154590,2.0,2,4,2,5.0,,-1.0,0,2001.0,B01,138Â 296Â 173,1.0,0.0,-1.0,1645249,3.0,10,,0.0,2.0,2.0,A01,138Â 296Â 174,1.0