Unnamed: 0_x,num_acc,mois,jour,hrmn,lum,agg,int,atm,col,com,adr,gps,lat,long,dep,annee,vma,situ,surf,catr,Unnamed: 0_y,place,catu,grav,sexe,trajet,secu,locp,actp,an_nais,num_veh_x,id_vehicule_x,secu1,secu2,secu3,Unnamed: 0,senc,catv,occutc,obs,obsm,choc,num_veh_y,id_vehicule_y,motor
963972,201900005503,12,22,15:40,1,2,2,1.0,3.0,37261,CALAIS (RUE DE),M,"47,4215898","0,6860226",37,2019,50.0,1.0,2.0,4.0,2154591,1.0,1,1,1,5.0,,-1.0,0,1997.0,A01,138Â 296Â 174,1.0,0.0,-1.0,1645248,3.0,10,,0.0,2.0,3.0,B01,138Â 296Â 173,0.0
963972,201900005503,12,22,15:40,1,2,2,1.0,3.0,37261,CALAIS (RUE DE),M,"47,4215898","0,6860226",37,2019,50.0,1.0,2.0,4.0,2154591,1.0,1,1,1,5.0,,-1.0,0,1997.0,A01,138Â 296Â 174,1.0,0.0,-1.0,1645249,3.0,10,,0.0,2.0,2.0,A01,138Â 296Â 174,1.0
963972,201900005503,12,22,15:40,1,2,2,1.0,3.0,37261,CALAIS (RUE DE),M,"47,4215898","0,6860226",37,2019,50.0,1.0,2.0,4.0,2154592,2.0,2,4,2,5.0,,-1.0,0,1992.0,A01,138Â 296Â 174,1.0,0.0,-1.0,1645248,3.0,10,,0.0,2.0,3.0,B01,138Â 296Â 173,0.0
963972,201900005503,12,22,15:40,1,2,2,1.0,3.0,37261,CALAIS (RUE DE),M,"47,4215898","0,6860226",37,2019,50.0,1.0,2.0,4.0,2154592,2.0,2,4,2,5.0,,-1.0,0,1992.0,A01,138Â 296Â 174,1.0,0.0,-1.0,1645249,3.0,10,,0.0,2.0,2.0,A01,138Â 296Â 174,1.0
963973,201900005504,5,21,09:40,1,2,3,1.0,3.0,2A004,Parking GÃ©ant,M,"41,9499180","8,7749640",2A,2019,30.0,1.0,1.0,6.0,2154593,1.0,1,4,2,-1.0,,-1.0, -1,1988.0,B01,138Â 296Â 171,-1.0,-1.0,-1.0,1645250,3.0,30,,0.0,2.0,2.0,B01,138Â 296Â 171,1.0
963973,201900005504,5,21,09:40,1,2,3,1.0,3.0,2A004,Parking GÃ©ant,M,"41,9499180","8,7749640",2A,2019,30.0,1.0,1.0,6.0,2154593,1.0,1,4,2,-1.0,,-1.0, -1,1988.0,B01,138Â 296Â 171,-1.0,-1.0,-1.0,1645251,3.0,7,,0.0,2.0,2.0,A01,138Â 296Â 172,1.0
963973,201900005504,5,21,09:40,1,2,3,1.0,3.0,2A004,Parking GÃ©ant,M,"41,9499180","8,7749640",2A,2019,30.0,1.0,1.0,6.0,2154594,1.0,1,1,1,-1.0,,-1.0,0,1976.0,A01,138Â 296Â 172,-1.0,-1.0,-1.0,1645250,3.0,30,,0.0,2.0,2.0,B01,138Â 296Â 171,1.0
963973,201900005504,5,21,09:40,1,2,3,1.0,3.0,2A004,Parking GÃ©ant,M,"41,9499180","8,7749640",2A,2019,30.0,1.0,1.0,6.0,2154594,1.0,1,1,1,-1.0,,-1.0,0,1976.0,A01,138Â 296Â 172,-1.0,-1.0,-1.0,1645251,3.0,7,,0.0,2.0,2.0,A01,138Â 296Â 172,1.0
963974,201900005505,8,10,18:15,1,1,1,1.0,3.0,13056,ESTANDADOUS ALLEE DES,M,"43,4175800","5,0584600",13,2019,50.0,1.0,1.0,4.0,2154595,1.0,1,1,2,5.0,,-1.0, -1,1963.0,B01,138Â 296Â 168,1.0,0.0,-1.0,1645252,3.0,7,,0.0,2.0,8.0,B01,138Â 296Â 168,1.0
963974,201900005505,8,10,18:15,1,1,1,1.0,3.0,13056,ESTANDADOUS ALLEE DES,M,"43,4175800","5,0584600",13,2019,50.0,1.0,1.0,4.0,2154595,1.0,1,1,2,5.0,,-1.0, -1,1963.0,B01,138Â 296Â 168,1.0,0.0,-1.0,1645253,3.0,33,,0.0,2.0,1.0,A01,138Â 296Â 169,1.0
963974,201900005505,8,10,18:15,1,1,1,1.0,3.0,13056,ESTANDADOUS ALLEE DES,M,"43,4175800","5,0584600",13,2019,50.0,1.0,1.0,4.0,2154596,1.0,1,4,1,5.0,,-1.0, -1,1986.0,A01,138Â 296Â 169,2.0,0.0,-1.0,1645252,3.0,7,,0.0,2.0,8.0,B01,138Â 296Â 168,1.0
963974,201900005505,8,10,18:15,1,1,1,1.0,3.0,13056,ESTANDADOUS ALLEE DES,M,"43,4175800","5,0584600",13,2019,50.0,1.0,1.0,4.0,2154596,1.0,1,4,1,5.0,,-1.0, -1,1986.0,A01,138Â 296Â 169,2.0,0.0,-1.0,1645253,3.0,33,,0.0,2.0,1.0,A01,138Â 296Â 169,1.0
963975,201900005506,11,9,19:30,5,2,2,1.0,3.0,92036,CROIX DE VIGNES (RUE),M,"48,9286590","2,2995180",92,2019,50.0,1.0,1.0,3.0,2154597,1.0,1,1,2,0.0,,-1.0,0,1987.0,B01,138Â 296Â 166,1.0,8.0,-1.0,1645254,1.0,7,,0.0,2.0,3.0,B01,138Â 296Â 166,1.0
963975,201900005506,11,9,19:30,5,2,2,1.0,3.0,92036,CROIX DE VIGNES (RUE),M,"48,9286590","2,2995180",92,2019,50.0,1.0,1.0,3.0,2154597,1.0,1,1,2,0.0,,-1.0,0,1987.0,B01,138Â 296Â 166,1.0,8.0,-1.0,1645255,1.0,1,,0.0,2.0,0.0,A01,138Â 296Â 167,5.0
963975,201900005506,11,9,19:30,5,2,2,1.0,3.0,92036,CROIX DE VIGNES (RUE),M,"48,9286590","2,2995180",92,2019,50.0,1.0,1.0,3.0,2154598,1.0,1,4,1,0.0,,-1.0,0,1997.0,A01,138Â 296Â 167,2.0,0.0,-1.0,1645254,1.0,7,,0.0,2.0,3.0,B01,138Â 296Â 166,1.0
963975,201900005506,11,9,19:30,5,2,2,1.0,3.0,92036,CROIX DE VIGNES (RUE),M,"48,9286590","2,2995180",92,2019,50.0,1.0,1.0,3.0,2154598,1.0,1,4,1,0.0,,-1.0,0,1997.0,A01,138Â 296Â 167,2.0,0.0,-1.0,1645255,1.0,1,,0.0,2.0,0.0,A01,138Â 296Â 167,5.0
963976,201900005507,10,19,23:55,3,2,6,2.0,1.0,49180,Route de Saumur,M,"47,3704550"," -0,0987050",49,2019,50.0,1.0,2.0,3.0,2154599,1.0,1,1,1,5.0,,0.0,0,2002.0,A01,138Â 296Â 164,2.0,6.0,-1.0,1645256,0.0,2,,0.0,2.0,1.0,A01,138Â 296Â 164,1.0
963976,201900005507,10,19,23:55,3,2,6,2.0,1.0,49180,Route de Saumur,M,"47,3704550"," -0,0987050",49,2019,50.0,1.0,2.0,3.0,2154599,1.0,1,1,1,5.0,,0.0,0,2002.0,A01,138Â 296Â 164,2.0,6.0,-1.0,1645257,0.0,7,,0.0,2.0,3.0,B01,138Â 296Â 165,1.0
963976,201900005507,10,19,23:55,3,2,6,2.0,1.0,49180,Route de Saumur,M,"47,3704550"," -0,0987050",49,2019,50.0,1.0,2.0,3.0,2154600,2.0,2,4,1,5.0,,0.0,0,2003.0,A01,138Â 296Â 164,2.0,6.0,-1.0,1645256,0.0,2,,0.0,2.0,1.0,A01,138Â 296Â 164,1.0
963976,201900005507,10,19,23:55,3,2,6,2.0,1.0,49180,Route de Saumur,M,"47,3704550"," -0,0987050",49,2019,50.0,1.0,2.0,3.0,2154600,2.0,2,4,1,5.0,,0.0,0,2003.0,A01,138Â 296Â 164,2.0,6.0,-1.0,1645257,0.0,7,,0.0,2.0,3.0,B01,138Â 296Â 165,1.0
963976,201900005507,10,19,23:55,3,2,6,2.0,1.0,49180,Route de Saumur,M,"47,3704550"," -0,0987050",49,2019,50.0,1.0,2.0,3.0,2154601,1.0,1,1,1,5.0,,0.0,0,1997.0,B01,138Â 296Â 165,1.0,-1.0,-1.0,1645256,0.0,2,,0.0,2.0,1.0,A01,138Â 296Â 164,1.0
963976,201900005507,10,19,23:55,3,2,6,2.0,1.0,49180,Route de Saumur,M,"47,3704550"," -0,0987050",49,2019,50.0,1.0,2.0,3.0,2154601,1.0,1,1,1,5.0,,0.0,0,1997.0,B01,138Â 296Â 165,1.0,-1.0,-1.0,1645257,0.0,7,,0.0,2.0,3.0,B01,138Â 296Â 165,1.0
963977,201900005508,12,31,14:15,1,2,1,1.0,3.0,54323,RAYMOND POINCARE (AVENUE),M,"49,5251800","5,7737330",54,2019,50.0,1.0,1.0,4.0,2154602,1.0,1,1,1,5.0,,0.0,0,1954.0,A01,138Â 296Â 162,1.0,0.0,-1.0,1645258,2.0,3,,0.0,2.0,2.0,A01,138Â 296Â 162,1.0
963977,201900005508,12,31,14:15,1,2,1,1.0,3.0,54323,RAYMOND POINCARE (AVENUE),M,"49,5251800","5,7737330",54,2019,50.0,1.0,1.0,4.0,2154602,1.0,1,1,1,5.0,,0.0,0,1954.0,A01,138Â 296Â 162,1.0,0.0,-1.0,1645259,2.0,1,,0.0,2.0,6.0,B01,138Â 296Â 163,5.0
963977,201900005508,12,31,14:15,1,2,1,1.0,3.0,54323,RAYMOND POINCARE (AVENUE),M,"49,5251800","5,7737330",54,2019,50.0,1.0,1.0,4.0,2154603,1.0,1,4,1,5.0,,-1.0, -1,1959.0,B01,138Â 296Â 163,2.0,0.0,-1.0,1645258,2.0,3,,0.0,2.0,2.0,A01,138Â 296Â 162,1.0
963977,201900005508,12,31,14:15,1,2,1,1.0,3.0,54323,RAYMOND POINCARE (AVENUE),M,"49,5251800","5,7737330",54,2019,50.0,1.0,1.0,4.0,2154603,1.0,1,4,1,5.0,,-1.0, -1,1959.0,B01,138Â 296Â 163,2.0,0.0,-1.0,1645259,2.0,1,,0.0,2.0,6.0,B01,138Â 296Â 163,5.0
963978,201900005509,12,25,13:30,1,1,1,1.0,7.0,59311,57 Rue du Cheminet,M,"50,0688850","3,4648350",59,2019,50.0,6.0,6.0,4.0,2154604,1.0,1,3,1,5.0,,0.0,0,1973.0,A01,138Â 296Â 161,2.0,-1.0,-1.0,1645260,3.0,2,,0.0,0.0,0.0,A01,138Â 296Â 161,1.0
963979,201900005510,12,23,17:20,3,1,1,1.0,6.0,58218,D2 - PR 0+5,M,"47,1811010","3,3155510",58,2019,80.0,3.0,1.0,3.0,2154605,2.0,2,4,1,5.0,,0.0,0,1956.0,A01,138Â 296Â 160,1.0,-1.0,-1.0,1645261,1.0,7,,13.0,0.0,1.0,A01,138Â 296Â 160,1.0
963979,201900005510,12,23,17:20,3,1,1,1.0,6.0,58218,D2 - PR 0+5,M,"47,1811010","3,3155510",58,2019,80.0,3.0,1.0,3.0,2154606,1.0,1,4,2,5.0,,0.0,0,1950.0,A01,138Â 296Â 160,1.0,-1.0,-1.0,1645261,1.0,7,,13.0,0.0,1.0,A01,138Â 296Â 160,1.0
963980,201900005511,12,13,00:50,3,1,1,2.0,3.0,54265,Autoroute 33,M,"48,6294900","6,1800400",54,2019,110.0,1.0,2.0,1.0,2154607,1.0,1,4,2,0.0,,-1.0, -1,2000.0,A01,138Â 296Â 158,1.0,0.0,-1.0,1645262,2.0,7,,3.0,2.0,2.0,A01,138Â 296Â 158,1.0
963980,201900005511,12,13,00:50,3,1,1,2.0,3.0,54265,Autoroute 33,M,"48,6294900","6,1800400",54,2019,110.0,1.0,2.0,1.0,2154607,1.0,1,4,2,0.0,,-1.0, -1,2000.0,A01,138Â 296Â 158,1.0,0.0,-1.0,1645263,2.0,14,,0.0,2.0,3.0,B01,138Â 296Â 159,1.0
963980,201900005511,12,13,00:50,3,1,1,2.0,3.0,54265,Autoroute 33,M,"48,6294900","6,1800400",54,2019,110.0,1.0,2.0,1.0,2154608,1.0,1,1,1,1.0,,-1.0, -1,1976.0,B01,138Â 296Â 159,1.0,8.0,-1.0,1645262,2.0,7,,3.0,2.0,2.0,A01,138Â 296Â 158,1.0
963980,201900005511,12,13,00:50,3,1,1,2.0,3.0,54265,Autoroute 33,M,"48,6294900","6,1800400",54,2019,110.0,1.0,2.0,1.0,2154608,1.0,1,1,1,1.0,,-1.0, -1,1976.0,B01,138Â 296Â 159,1.0,8.0,-1.0,1645263,2.0,14,,0.0,2.0,3.0,B01,138Â 296Â 159,1.0
963981,201900005512,9,3,16:45,1,2,1,1.0,6.0,42207,FONSALA BOULEVARD,M,"45,4729300","4,5298300",42,2019,50.0,1.0,1.0,4.0,2154609,1.0,1,1,2,5.0,,-1.0,0,1957.0,B01,138Â 296Â 156,1.0,8.0,-1.0,1645264,2.0,7,,0.0,2.0,1.0,B01,138Â 296Â 156,1.0
963981,201900005512,9,3,16:45,1,2,1,1.0,6.0,42207,FONSALA BOULEVARD,M,"45,4729300","4,5298300",42,2019,50.0,1.0,1.0,4.0,2154609,1.0,1,1,2,5.0,,-1.0,0,1957.0,B01,138Â 296Â 156,1.0,8.0,-1.0,1645265,1.0,7,,0.0,1.0,1.0,A01,138Â 296Â 157,1.0
963981,201900005512,9,3,16:45,1,2,1,1.0,6.0,42207,FONSALA BOULEVARD,M,"45,4729300","4,5298300",42,2019,50.0,1.0,1.0,4.0,2154610,10.0,3,4,1,2.0,,2.0,3,2008.0,A01,138Â 296Â 157,8.0,0.0,-1.0,1645264,2.0,7,,0.0,2.0,1.0,B01,138Â 296Â 156,1.0
963981,201900005512,9,3,16:45,1,2,1,1.0,6.0,42207,FONSALA BOULEVARD,M,"45,4729300","4,5298300",42,2019,50.0,1.0,1.0,4.0,2154610,10.0,3,4,1,2.0,,2.0,3,2008.0,A01,138Â 296Â 157,8.0,0.0,-1.0,1645265,1.0,7,,0.0,1.0,1.0,A01,138Â 296Â 157,1.0
963981,201900005512,9,3,16:45,1,2,1,1.0,6.0,42207,FONSALA BOULEVARD,M,"45,4729300","4,5298300",42,2019,50.0,1.0,1.0,4.0,2154611,1.0,1,1,2,0.0,,-1.0,0,1988.0,A01,138Â 296Â 157,1.0,8.0,-1.0,1645264,2.0,7,,0.0,2.0,1.0,B01,138Â 296Â 156,1.0
963981,201900005512,9,3,16:45,1,2,1,1.0,6.0,42207,FONSALA BOULEVARD,M,"45,4729300","4,5298300",42,2019,50.0,1.0,1.0,4.0,2154611,1.0,1,1,2,0.0,,-1.0,0,1988.0,A01,138Â 296Â 157,1.0,8.0,-1.0,1645265,1.0,7,,0.0,1.0,1.0,A01,138Â 296Â 157,1.0
963982,201900005513,12,25,23:20,3,1,1,1.0,6.0,97413,N1,M," -21,1926650","55,2961690",974,2019,110.0,3.0,1.0,2.0,2154612,1.0,1,4,1,5.0,,0.0,0,2000.0,A01,138Â 296Â 155,1.0,-1.0,-1.0,1645266,1.0,7,,3.0,0.0,9.0,A01,138Â 296Â 155,1.0
963982,201900005513,12,25,23:20,3,1,1,1.0,6.0,97413,N1,M," -21,1926650","55,2961690",974,2019,110.0,3.0,1.0,2.0,2154613,2.0,2,4,2,5.0,,0.0,0,1998.0,A01,138Â 296Â 155,1.0,-1.0,-1.0,1645266,1.0,7,,3.0,0.0,9.0,A01,138Â 296Â 155,1.0
963982,201900005513,12,25,23:20,3,1,1,1.0,6.0,97413,N1,M," -21,1926650","55,2961690",974,2019,110.0,3.0,1.0,2.0,2154614,7.0,2,3,1,5.0,,0.0,0,2016.0,A01,138Â 296Â 155,8.0,-1.0,-1.0,1645266,1.0,7,,3.0,0.0,9.0,A01,138Â 296Â 155,1.0
963982,201900005513,12,25,23:20,3,1,1,1.0,6.0,97413,N1,M," -21,1926650","55,2961690",974,2019,110.0,3.0,1.0,2.0,2154615,9.0,2,4,2,5.0,,0.0,0,2012.0,A01,138Â 296Â 155,1.0,-1.0,-1.0,1645266,1.0,7,,3.0,0.0,9.0,A01,138Â 296Â 155,1.0
963983,201900005514,12,23,07:20,3,1,1,1.0,1.0,28164,N154,M,"48,2376760","1,7836580",28,2019,80.0,1.0,1.0,2.0,2154616,2.0,2,4,2,5.0,,0.0,0,1954.0,B01,138Â 296Â 153,1.0,-1.0,-1.0,1645267,1.0,7,,0.0,2.0,3.0,B01,138Â 296Â 153,1.0
963983,201900005514,12,23,07:20,3,1,1,1.0,1.0,28164,N154,M,"48,2376760","1,7836580",28,2019,80.0,1.0,1.0,2.0,2154616,2.0,2,4,2,5.0,,0.0,0,1954.0,B01,138Â 296Â 153,1.0,-1.0,-1.0,1645268,2.0,7,,0.0,2.0,3.0,A01,138Â 296Â 154,1.0
963983,201900005514,12,23,07:20,3,1,1,1.0,1.0,28164,N154,M,"48,2376760","1,7836580",28,2019,80.0,1.0,1.0,2.0,2154617,1.0,1,4,1,5.0,,0.0,0,1950.0,B01,138Â 296Â 153,1.0,-1.0,-1.0,1645267,1.0,7,,0.0,2.0,3.0,B01,138Â 296Â 153,1.0
963983,201900005514,12,23,07:20,3,1,1,1.0,1.0,28164,N154,M,"48,2376760","1,7836580",28,2019,80.0,1.0,1.0,2.0,2154617,1.0,1,4,1,5.0,,0.0,0,1950.0,B01,138Â 296Â 153,1.0,-1.0,-1.0,1645268,2.0,7,,0.0,2.0,3.0,A01,138Â 296Â 154,1.0
963983,201900005514,12,23,07:20,3,1,1,1.0,1.0,28164,N154,M,"48,2376760","1,7836580",28,2019,80.0,1.0,1.0,2.0,2154618,1.0,1,3,1,1.0,,0.0,0,1999.0,A01,138Â 296Â 154,1.0,-1.0,-1.0,1645267,1.0,7,,0.0,2.0,3.0,B01,138Â 296Â 153,1.0
963983,201900005514,12,23,07:20,3,1,1,1.0,1.0,28164,N154,M,"48,2376760","1,7836580",28,2019,80.0,1.0,1.0,2.0,2154618,1.0,1,3,1,1.0,,0.0,0,1999.0,A01,138Â 296Â 154,1.0,-1.0,-1.0,1645268,2.0,7,,0.0,2.0,3.0,A01,138Â 296Â 154,1.0
963984,201900005515,3,5,17:00,1,1,2,1.0,3.0,17086,RN 141,M,"45,7455340"," -0,5733400",17,2019,80.0,1.0,1.0,2.0,2154619,1.0,1,1,1,1.0,,0.0,0,1971.0,A01,138Â 296Â 151,1.0,-1.0,-1.0,1645269,1.0,10,,0.0,2.0,1.0,A01,138Â 296Â 151,1.0
963984,201900005515,3,5,17:00,1,1,2,1.0,3.0,17086,RN 141,M,"45,7455340"," -0,5733400",17,2019,80.0,1.0,1.0,2.0,2154619,1.0,1,1,1,1.0,,0.0,0,1971.0,A01,138Â 296Â 151,1.0,-1.0,-1.0,1645270,2.0,7,,0.0,2.0,3.0,B01,138Â 296Â 152,1.0
963984,201900005515,3,5,17:00,1,1,2,1.0,3.0,17086,RN 141,M,"45,7455340"," -0,5733400",17,2019,80.0,1.0,1.0,2.0,2154620,1.0,1,4,2,0.0,,0.0,0,1943.0,B01,138Â 296Â 152,1.0,-1.0,-1.0,1645269,1.0,10,,0.0,2.0,1.0,A01,138Â 296Â 151,1.0
963984,201900005515,3,5,17:00,1,1,2,1.0,3.0,17086,RN 141,M,"45,7455340"," -0,5733400",17,2019,80.0,1.0,1.0,2.0,2154620,1.0,1,4,2,0.0,,0.0,0,1943.0,B01,138Â 296Â 152,1.0,-1.0,-1.0,1645270,2.0,7,,0.0,2.0,3.0,B01,138Â 296Â 152,1.0
963985,201900005516,1,9,08:35,5,2,3,1.0,6.0,92044,ANA.FRANCE(RUE) 141+ ET 126 +,M,"48,8980242","2,2796604",92,2019,50.0,1.0,1.0,3.0,2154621,1.0,1,1,2,1.0,,-1.0,0,1978.0,A01,138Â 296Â 150,1.0,0.0,-1.0,1645271,2.0,7,,0.0,1.0,1.0,A01,138Â 296Â 150,0.0
963985,201900005516,1,9,08:35,5,2,3,1.0,6.0,92044,ANA.FRANCE(RUE) 141+ ET 126 +,M,"48,8980242","2,2796604",92,2019,50.0,1.0,1.0,3.0,2154622,10.0,3,3,1,9.0,,4.0,5,1986.0,A01,138Â 296Â 150,8.0,0.0,-1.0,1645271,2.0,7,,0.0,1.0,1.0,A01,138Â 296Â 150,0.0
963986,201900005517,12,11,15:30,1,2,6,7.0,6.0,78267,RUE PIERRE ANDRE,M,"48,9910950","1,8087820",78,2019,50.0,1.0,1.0,3.0,2154623,10.0,3,3,1,5.0,,1.0,3,1952.0,A01,138Â 296Â 149,0.0,-1.0,-1.0,1645272,2.0,7,,0.0,1.0,1.0,A01,138Â 296Â 149,1.0
963986,201900005517,12,11,15:30,1,2,6,7.0,6.0,78267,RUE PIERRE ANDRE,M,"48,9910950","1,8087820",78,2019,50.0,1.0,1.0,3.0,2154624,1.0,1,1,1,5.0,,0.0,0,1984.0,A01,138Â 296Â 149,8.0,8.0,-1.0,1645272,2.0,7,,0.0,1.0,1.0,A01,138Â 296Â 149,1.0
963987,201900005518,12,31,20:40,5,2,5,1.0,3.0,13001,SAPORTA GASTON DE (RUE),M,"43,5326670","5,4463990",13,2019,50.0,1.0,1.0,4.0,2154625,1.0,1,4,1,5.0,,-1.0,0,2000.0,M01,138Â 296Â 147,2.0,0.0,-1.0,1645273,1.0,31,,0.0,2.0,1.0,M01,138Â 296Â 147,1.0
963987,201900005518,12,31,20:40,5,2,5,1.0,3.0,13001,SAPORTA GASTON DE (RUE),M,"43,5326670","5,4463990",13,2019,50.0,1.0,1.0,4.0,2154625,1.0,1,4,1,5.0,,-1.0,0,2000.0,M01,138Â 296Â 147,2.0,0.0,-1.0,1645274,1.0,7,,0.0,2.0,7.0,A01,138Â 296Â 148,2.0
963987,201900005518,12,31,20:40,5,2,5,1.0,3.0,13001,SAPORTA GASTON DE (RUE),M,"43,5326670","5,4463990",13,2019,50.0,1.0,1.0,4.0,2154626,2.0,2,4,2,5.0,,-1.0,0,2003.0,M01,138Â 296Â 147,2.0,0.0,-1.0,1645273,1.0,31,,0.0,2.0,1.0,M01,138Â 296Â 147,1.0
963987,201900005518,12,31,20:40,5,2,5,1.0,3.0,13001,SAPORTA GASTON DE (RUE),M,"43,5326670","5,4463990",13,2019,50.0,1.0,1.0,4.0,2154626,2.0,2,4,2,5.0,,-1.0,0,2003.0,M01,138Â 296Â 147,2.0,0.0,-1.0,1645274,1.0,7,,0.0,2.0,7.0,A01,138Â 296Â 148,2.0
963987,201900005518,12,31,20:40,5,2,5,1.0,3.0,13001,SAPORTA GASTON DE (RUE),M,"43,5326670","5,4463990",13,2019,50.0,1.0,1.0,4.0,2154627,1.0,1,1,1,4.0,,-1.0, -1,1971.0,A01,138Â 296Â 148,1.0,0.0,-1.0,1645273,1.0,31,,0.0,2.0,1.0,M01,138Â 296Â 147,1.0
963987,201900005518,12,31,20:40,5,2,5,1.0,3.0,13001,SAPORTA GASTON DE (RUE),M,"43,5326670","5,4463990",13,2019,50.0,1.0,1.0,4.0,2154627,1.0,1,1,1,4.0,,-1.0, -1,1971.0,A01,138Â 296Â 148,1.0,0.0,-1.0,1645274,1.0,7,,0.0,2.0,7.0,A01,138Â 296Â 148,2.0
963988,201900005519,8,8,07:05,1,2,1,1.0,3.0,75117,BOULEVARD DE COURCELLES,M,"48,8798500","2,3063940",75,2019,50.0,1.0,1.0,4.0,2154628,1.0,1,1,1,1.0,,0.0,0,1979.0,A01,138Â 296Â 145,1.0,0.0,-1.0,1645275,1.0,7,,0.0,2.0,1.0,A01,138Â 296Â 145,1.0
963988,201900005519,8,8,07:05,1,2,1,1.0,3.0,75117,BOULEVARD DE COURCELLES,M,"48,8798500","2,3063940",75,2019,50.0,1.0,1.0,4.0,2154628,1.0,1,1,1,1.0,,0.0,0,1979.0,A01,138Â 296Â 145,1.0,0.0,-1.0,1645276,1.0,7,,0.0,2.0,2.0,B01,138Â 296Â 146,1.0
963988,201900005519,8,8,07:05,1,2,1,1.0,3.0,75117,BOULEVARD DE COURCELLES,M,"48,8798500","2,3063940",75,2019,50.0,1.0,1.0,4.0,2154629,1.0,1,1,1,4.0,,0.0,0,1956.0,B01,138Â 296Â 146,1.0,0.0,-1.0,1645275,1.0,7,,0.0,2.0,1.0,A01,138Â 296Â 145,1.0
963988,201900005519,8,8,07:05,1,2,1,1.0,3.0,75117,BOULEVARD DE COURCELLES,M,"48,8798500","2,3063940",75,2019,50.0,1.0,1.0,4.0,2154629,1.0,1,1,1,4.0,,0.0,0,1956.0,B01,138Â 296Â 146,1.0,0.0,-1.0,1645276,1.0,7,,0.0,2.0,2.0,B01,138Â 296Â 146,1.0
963988,201900005519,8,8,07:05,1,2,1,1.0,3.0,75117,BOULEVARD DE COURCELLES,M,"48,8798500","2,3063940",75,2019,50.0,1.0,1.0,4.0,2154630,2.0,2,4,1,4.0,,0.0,0,1989.0,B01,138Â 296Â 146,1.0,0.0,-1.0,1645275,1.0,7,,0.0,2.0,1.0,A01,138Â 296Â 145,1.0
963988,201900005519,8,8,07:05,1,2,1,1.0,3.0,75117,BOULEVARD DE COURCELLES,M,"48,8798500","2,3063940",75,2019,50.0,1.0,1.0,4.0,2154630,2.0,2,4,1,4.0,,0.0,0,1989.0,B01,138Â 296Â 146,1.0,0.0,-1.0,1645276,1.0,7,,0.0,2.0,2.0,B01,138Â 296Â 146,1.0
963989,201900005520,8,17,20:30,2,2,3,3.0,3.0,75110,RUE DU FAUBOURG SAINT MARTIN,M,"48,8804013","2,3643155",75,2019,50.0,1.0,2.0,4.0,2154631,1.0,1,4,2,9.0,,0.0,0,1977.0,A01,138Â 296Â 143,2.0,6.0,-1.0,1645277,1.0,31,,0.0,2.0,1.0,A01,138Â 296Â 143,1.0
963989,201900005520,8,17,20:30,2,2,3,3.0,3.0,75110,RUE DU FAUBOURG SAINT MARTIN,M,"48,8804013","2,3643155",75,2019,50.0,1.0,2.0,4.0,2154631,1.0,1,4,2,9.0,,0.0,0,1977.0,A01,138Â 296Â 143,2.0,6.0,-1.0,1645278,2.0,1,,0.0,2.0,7.0,B01,138Â 296Â 144,5.0
963989,201900005520,8,17,20:30,2,2,3,3.0,3.0,75110,RUE DU FAUBOURG SAINT MARTIN,M,"48,8804013","2,3643155",75,2019,50.0,1.0,2.0,4.0,2154632,1.0,1,1,1,4.0,,0.0,0,1999.0,B01,138Â 296Â 144,2.0,0.0,-1.0,1645277,1.0,31,,0.0,2.0,1.0,A01,138Â 296Â 143,1.0
963989,201900005520,8,17,20:30,2,2,3,3.0,3.0,75110,RUE DU FAUBOURG SAINT MARTIN,M,"48,8804013","2,3643155",75,2019,50.0,1.0,2.0,4.0,2154632,1.0,1,1,1,4.0,,0.0,0,1999.0,B01,138Â 296Â 144,2.0,0.0,-1.0,1645278,2.0,1,,0.0,2.0,7.0,B01,138Â 296Â 144,5.0
963990,201900005521,11,5,14:10,1,1,3,1.0,3.0,95580,D16,M,"49,0850740","2,5517040",95,2019,50.0,1.0,1.0,3.0,2154633,1.0,1,3,2,4.0,,0.0,0,1969.0,A01,138Â 296Â 141,1.0,-1.0,-1.0,1645279,1.0,7,,0.0,2.0,1.0,A01,138Â 296Â 141,0.0
963990,201900005521,11,5,14:10,1,1,3,1.0,3.0,95580,D16,M,"49,0850740","2,5517040",95,2019,50.0,1.0,1.0,3.0,2154633,1.0,1,3,2,4.0,,0.0,0,1969.0,A01,138Â 296Â 141,1.0,-1.0,-1.0,1645280,3.0,7,,0.0,2.0,1.0,B01,138Â 296Â 142,0.0
963990,201900005521,11,5,14:10,1,1,3,1.0,3.0,95580,D16,M,"49,0850740","2,5517040",95,2019,50.0,1.0,1.0,3.0,2154634,1.0,1,1,2,4.0,,0.0,0,1965.0,B01,138Â 296Â 142,1.0,-1.0,-1.0,1645279,1.0,7,,0.0,2.0,1.0,A01,138Â 296Â 141,0.0
963990,201900005521,11,5,14:10,1,1,3,1.0,3.0,95580,D16,M,"49,0850740","2,5517040",95,2019,50.0,1.0,1.0,3.0,2154634,1.0,1,1,2,4.0,,0.0,0,1965.0,B01,138Â 296Â 142,1.0,-1.0,-1.0,1645280,3.0,7,,0.0,2.0,1.0,B01,138Â 296Â 142,0.0