Unnamed: 0_x,num_acc,mois,jour,hrmn,lum,agg,int,atm,col,com,adr,gps,lat,long,dep,annee,vma,situ,surf,catr,Unnamed: 0_y,place,catu,grav,sexe,trajet,secu,locp,actp,an_nais,num_veh_x,id_vehicule_x,secu1,secu2,secu3,Unnamed: 0,senc,catv,occutc,obs,obsm,choc,num_veh_y,id_vehicule_y,motor
963991,201900005522,11,30,03:30,5,2,1,1.0,6.0,38544,RHONE(BOULEVARD DU),M,"45,5362000","4,8700000",38,2019,50.0,1.0,1.0,3.0,2154635,2.0,2,4,1,9.0,,-1.0, -1,1985.0,A01,138Â 296Â 139,8.0,0.0,-1.0,1645281,3.0,10,,7.0,0.0,1.0,A01,138Â 296Â 139,1.0
963991,201900005522,11,30,03:30,5,2,1,1.0,6.0,38544,RHONE(BOULEVARD DU),M,"45,5362000","4,8700000",38,2019,50.0,1.0,1.0,3.0,2154636,1.0,1,4,1,9.0,,-1.0, -1,1985.0,A01,138Â 296Â 139,8.0,0.0,-1.0,1645281,3.0,10,,7.0,0.0,1.0,A01,138Â 296Â 139,1.0
963992,201900005523,11,23,20:15,3,1,1,8.0,4.0,36202,ANCIENNE ROUTE DE TOURS,M,"46,8324672","1,6102963",36,2019,110.0,1.0,2.0,3.0,2154637,1.0,1,4,1,9.0,,-1.0,0,1981.0,A01,138Â 296Â 135,1.0,8.0,-1.0,1645282,1.0,7,,0.0,2.0,9.0,A01,138Â 296Â 135,1.0
963992,201900005523,11,23,20:15,3,1,1,8.0,4.0,36202,ANCIENNE ROUTE DE TOURS,M,"46,8324672","1,6102963",36,2019,110.0,1.0,2.0,3.0,2154637,1.0,1,4,1,9.0,,-1.0,0,1981.0,A01,138Â 296Â 135,1.0,8.0,-1.0,1645283,1.0,7,,0.0,2.0,9.0,B01,138Â 296Â 136,1.0
963992,201900005523,11,23,20:15,3,1,1,8.0,4.0,36202,ANCIENNE ROUTE DE TOURS,M,"46,8324672","1,6102963",36,2019,110.0,1.0,2.0,3.0,2154637,1.0,1,4,1,9.0,,-1.0,0,1981.0,A01,138Â 296Â 135,1.0,8.0,-1.0,1645284,1.0,7,,0.0,2.0,9.0,C01,138Â 296Â 137,1.0
963992,201900005523,11,23,20:15,3,1,1,8.0,4.0,36202,ANCIENNE ROUTE DE TOURS,M,"46,8324672","1,6102963",36,2019,110.0,1.0,2.0,3.0,2154637,1.0,1,4,1,9.0,,-1.0,0,1981.0,A01,138Â 296Â 135,1.0,8.0,-1.0,1645285,1.0,7,,0.0,2.0,1.0,D01,138Â 296Â 138,1.0
963992,201900005523,11,23,20:15,3,1,1,8.0,4.0,36202,ANCIENNE ROUTE DE TOURS,M,"46,8324672","1,6102963",36,2019,110.0,1.0,2.0,3.0,2154638,4.0,2,4,1,9.0,,-1.0,0,1973.0,A01,138Â 296Â 135,1.0,8.0,-1.0,1645282,1.0,7,,0.0,2.0,9.0,A01,138Â 296Â 135,1.0
963992,201900005523,11,23,20:15,3,1,1,8.0,4.0,36202,ANCIENNE ROUTE DE TOURS,M,"46,8324672","1,6102963",36,2019,110.0,1.0,2.0,3.0,2154638,4.0,2,4,1,9.0,,-1.0,0,1973.0,A01,138Â 296Â 135,1.0,8.0,-1.0,1645283,1.0,7,,0.0,2.0,9.0,B01,138Â 296Â 136,1.0
963992,201900005523,11,23,20:15,3,1,1,8.0,4.0,36202,ANCIENNE ROUTE DE TOURS,M,"46,8324672","1,6102963",36,2019,110.0,1.0,2.0,3.0,2154638,4.0,2,4,1,9.0,,-1.0,0,1973.0,A01,138Â 296Â 135,1.0,8.0,-1.0,1645284,1.0,7,,0.0,2.0,9.0,C01,138Â 296Â 137,1.0
963992,201900005523,11,23,20:15,3,1,1,8.0,4.0,36202,ANCIENNE ROUTE DE TOURS,M,"46,8324672","1,6102963",36,2019,110.0,1.0,2.0,3.0,2154638,4.0,2,4,1,9.0,,-1.0,0,1973.0,A01,138Â 296Â 135,1.0,8.0,-1.0,1645285,1.0,7,,0.0,2.0,1.0,D01,138Â 296Â 138,1.0
963992,201900005523,11,23,20:15,3,1,1,8.0,4.0,36202,ANCIENNE ROUTE DE TOURS,M,"46,8324672","1,6102963",36,2019,110.0,1.0,2.0,3.0,2154639,2.0,2,4,1,9.0,,-1.0,0,1991.0,A01,138Â 296Â 135,1.0,8.0,-1.0,1645282,1.0,7,,0.0,2.0,9.0,A01,138Â 296Â 135,1.0
963992,201900005523,11,23,20:15,3,1,1,8.0,4.0,36202,ANCIENNE ROUTE DE TOURS,M,"46,8324672","1,6102963",36,2019,110.0,1.0,2.0,3.0,2154639,2.0,2,4,1,9.0,,-1.0,0,1991.0,A01,138Â 296Â 135,1.0,8.0,-1.0,1645283,1.0,7,,0.0,2.0,9.0,B01,138Â 296Â 136,1.0
963992,201900005523,11,23,20:15,3,1,1,8.0,4.0,36202,ANCIENNE ROUTE DE TOURS,M,"46,8324672","1,6102963",36,2019,110.0,1.0,2.0,3.0,2154639,2.0,2,4,1,9.0,,-1.0,0,1991.0,A01,138Â 296Â 135,1.0,8.0,-1.0,1645284,1.0,7,,0.0,2.0,9.0,C01,138Â 296Â 137,1.0
963992,201900005523,11,23,20:15,3,1,1,8.0,4.0,36202,ANCIENNE ROUTE DE TOURS,M,"46,8324672","1,6102963",36,2019,110.0,1.0,2.0,3.0,2154639,2.0,2,4,1,9.0,,-1.0,0,1991.0,A01,138Â 296Â 135,1.0,8.0,-1.0,1645285,1.0,7,,0.0,2.0,1.0,D01,138Â 296Â 138,1.0
963992,201900005523,11,23,20:15,3,1,1,8.0,4.0,36202,ANCIENNE ROUTE DE TOURS,M,"46,8324672","1,6102963",36,2019,110.0,1.0,2.0,3.0,2154640,2.0,2,4,1,9.0,,-1.0,0,1987.0,B01,138Â 296Â 136,1.0,8.0,-1.0,1645282,1.0,7,,0.0,2.0,9.0,A01,138Â 296Â 135,1.0
963992,201900005523,11,23,20:15,3,1,1,8.0,4.0,36202,ANCIENNE ROUTE DE TOURS,M,"46,8324672","1,6102963",36,2019,110.0,1.0,2.0,3.0,2154640,2.0,2,4,1,9.0,,-1.0,0,1987.0,B01,138Â 296Â 136,1.0,8.0,-1.0,1645283,1.0,7,,0.0,2.0,9.0,B01,138Â 296Â 136,1.0
963992,201900005523,11,23,20:15,3,1,1,8.0,4.0,36202,ANCIENNE ROUTE DE TOURS,M,"46,8324672","1,6102963",36,2019,110.0,1.0,2.0,3.0,2154640,2.0,2,4,1,9.0,,-1.0,0,1987.0,B01,138Â 296Â 136,1.0,8.0,-1.0,1645284,1.0,7,,0.0,2.0,9.0,C01,138Â 296Â 137,1.0
963992,201900005523,11,23,20:15,3,1,1,8.0,4.0,36202,ANCIENNE ROUTE DE TOURS,M,"46,8324672","1,6102963",36,2019,110.0,1.0,2.0,3.0,2154640,2.0,2,4,1,9.0,,-1.0,0,1987.0,B01,138Â 296Â 136,1.0,8.0,-1.0,1645285,1.0,7,,0.0,2.0,1.0,D01,138Â 296Â 138,1.0
963992,201900005523,11,23,20:15,3,1,1,8.0,4.0,36202,ANCIENNE ROUTE DE TOURS,M,"46,8324672","1,6102963",36,2019,110.0,1.0,2.0,3.0,2154641,1.0,1,4,1,9.0,,0.0,0,1993.0,B01,138Â 296Â 136,1.0,8.0,-1.0,1645282,1.0,7,,0.0,2.0,9.0,A01,138Â 296Â 135,1.0
963992,201900005523,11,23,20:15,3,1,1,8.0,4.0,36202,ANCIENNE ROUTE DE TOURS,M,"46,8324672","1,6102963",36,2019,110.0,1.0,2.0,3.0,2154641,1.0,1,4,1,9.0,,0.0,0,1993.0,B01,138Â 296Â 136,1.0,8.0,-1.0,1645283,1.0,7,,0.0,2.0,9.0,B01,138Â 296Â 136,1.0
963992,201900005523,11,23,20:15,3,1,1,8.0,4.0,36202,ANCIENNE ROUTE DE TOURS,M,"46,8324672","1,6102963",36,2019,110.0,1.0,2.0,3.0,2154641,1.0,1,4,1,9.0,,0.0,0,1993.0,B01,138Â 296Â 136,1.0,8.0,-1.0,1645284,1.0,7,,0.0,2.0,9.0,C01,138Â 296Â 137,1.0
963992,201900005523,11,23,20:15,3,1,1,8.0,4.0,36202,ANCIENNE ROUTE DE TOURS,M,"46,8324672","1,6102963",36,2019,110.0,1.0,2.0,3.0,2154641,1.0,1,4,1,9.0,,0.0,0,1993.0,B01,138Â 296Â 136,1.0,8.0,-1.0,1645285,1.0,7,,0.0,2.0,1.0,D01,138Â 296Â 138,1.0
963992,201900005523,11,23,20:15,3,1,1,8.0,4.0,36202,ANCIENNE ROUTE DE TOURS,M,"46,8324672","1,6102963",36,2019,110.0,1.0,2.0,3.0,2154642,1.0,1,4,1,5.0,,-1.0,0,1974.0,C01,138Â 296Â 137,1.0,0.0,-1.0,1645282,1.0,7,,0.0,2.0,9.0,A01,138Â 296Â 135,1.0
963992,201900005523,11,23,20:15,3,1,1,8.0,4.0,36202,ANCIENNE ROUTE DE TOURS,M,"46,8324672","1,6102963",36,2019,110.0,1.0,2.0,3.0,2154642,1.0,1,4,1,5.0,,-1.0,0,1974.0,C01,138Â 296Â 137,1.0,0.0,-1.0,1645283,1.0,7,,0.0,2.0,9.0,B01,138Â 296Â 136,1.0
963992,201900005523,11,23,20:15,3,1,1,8.0,4.0,36202,ANCIENNE ROUTE DE TOURS,M,"46,8324672","1,6102963",36,2019,110.0,1.0,2.0,3.0,2154642,1.0,1,4,1,5.0,,-1.0,0,1974.0,C01,138Â 296Â 137,1.0,0.0,-1.0,1645284,1.0,7,,0.0,2.0,9.0,C01,138Â 296Â 137,1.0
963992,201900005523,11,23,20:15,3,1,1,8.0,4.0,36202,ANCIENNE ROUTE DE TOURS,M,"46,8324672","1,6102963",36,2019,110.0,1.0,2.0,3.0,2154642,1.0,1,4,1,5.0,,-1.0,0,1974.0,C01,138Â 296Â 137,1.0,0.0,-1.0,1645285,1.0,7,,0.0,2.0,1.0,D01,138Â 296Â 138,1.0
963992,201900005523,11,23,20:15,3,1,1,8.0,4.0,36202,ANCIENNE ROUTE DE TOURS,M,"46,8324672","1,6102963",36,2019,110.0,1.0,2.0,3.0,2154643,1.0,1,4,2,5.0,,-1.0,0,1958.0,D01,138Â 296Â 138,1.0,0.0,-1.0,1645282,1.0,7,,0.0,2.0,9.0,A01,138Â 296Â 135,1.0
963992,201900005523,11,23,20:15,3,1,1,8.0,4.0,36202,ANCIENNE ROUTE DE TOURS,M,"46,8324672","1,6102963",36,2019,110.0,1.0,2.0,3.0,2154643,1.0,1,4,2,5.0,,-1.0,0,1958.0,D01,138Â 296Â 138,1.0,0.0,-1.0,1645283,1.0,7,,0.0,2.0,9.0,B01,138Â 296Â 136,1.0
963992,201900005523,11,23,20:15,3,1,1,8.0,4.0,36202,ANCIENNE ROUTE DE TOURS,M,"46,8324672","1,6102963",36,2019,110.0,1.0,2.0,3.0,2154643,1.0,1,4,2,5.0,,-1.0,0,1958.0,D01,138Â 296Â 138,1.0,0.0,-1.0,1645284,1.0,7,,0.0,2.0,9.0,C01,138Â 296Â 137,1.0
963992,201900005523,11,23,20:15,3,1,1,8.0,4.0,36202,ANCIENNE ROUTE DE TOURS,M,"46,8324672","1,6102963",36,2019,110.0,1.0,2.0,3.0,2154643,1.0,1,4,2,5.0,,-1.0,0,1958.0,D01,138Â 296Â 138,1.0,0.0,-1.0,1645285,1.0,7,,0.0,2.0,1.0,D01,138Â 296Â 138,1.0
963993,201900005524,10,11,09:45,1,2,1,1.0,6.0,36044,RUE DIEUDONNE COSTES,M,"46,8188900","1,7177200",36,2019,50.0,4.0,1.0,4.0,2154644,10.0,3,3,2,5.0,,6.0,B,1946.0,A01,138Â 296Â 134,0.0,-1.0,-1.0,1645286,3.0,3,,2.0,1.0,9.0,A01,138Â 296Â 134,1.0
963993,201900005524,10,11,09:45,1,2,1,1.0,6.0,36044,RUE DIEUDONNE COSTES,M,"46,8188900","1,7177200",36,2019,50.0,4.0,1.0,4.0,2154645,1.0,1,1,1,5.0,,-1.0,0,1966.0,A01,138Â 296Â 134,1.0,8.0,-1.0,1645286,3.0,3,,2.0,1.0,9.0,A01,138Â 296Â 134,1.0
963994,201900005525,12,9,10:35,1,2,7,1.0,6.0,22251,Rue de Remelet,M,"48,5696521"," -2,8178322",22,2019,30.0,1.0,2.0,6.0,2154646,1.0,1,1,2,0.0,,0.0,0,1987.0,A01,138Â 296Â 133,1.0,-1.0,-1.0,1645287,3.0,7,,0.0,1.0,4.0,A01,138Â 296Â 133,1.0
963994,201900005525,12,9,10:35,1,2,7,1.0,6.0,22251,Rue de Remelet,M,"48,5696521"," -2,8178322",22,2019,30.0,1.0,2.0,6.0,2154647,10.0,3,4,2,9.0,,9.0,B,1962.0,A01,138Â 296Â 133,0.0,-1.0,-1.0,1645287,3.0,7,,0.0,1.0,4.0,A01,138Â 296Â 133,1.0
963995,201900005526,12,20,22:00,3,1,1,1.0,7.0,37096,D140,M,"47,3451920","0,9478900",37,2019,80.0,8.0,1.0,3.0,2154648,1.0,1,3,1,1.0,,0.0,0,1991.0,A01,138Â 296Â 132,8.0,-1.0,-1.0,1645288,1.0,7,,13.0,0.0,0.0,A01,138Â 296Â 132,1.0
963996,201900005527,12,23,10:45,1,2,3,1.0,2.0,50129,NORMANDIE (AVENUE DE),M,"49,6269200"," -1,6345100",50,2019,30.0,1.0,2.0,4.0,2154649,1.0,1,1,1,4.0,,0.0,0,1992.0,A01,138Â 296Â 128,1.0,0.0,-1.0,1645289,0.0,7,,0.0,2.0,1.0,A01,138Â 296Â 128,1.0
963996,201900005527,12,23,10:45,1,2,3,1.0,2.0,50129,NORMANDIE (AVENUE DE),M,"49,6269200"," -1,6345100",50,2019,30.0,1.0,2.0,4.0,2154649,1.0,1,1,1,4.0,,0.0,0,1992.0,A01,138Â 296Â 128,1.0,0.0,-1.0,1645290,0.0,7,,0.0,2.0,4.0,B01,138Â 296Â 129,1.0
963996,201900005527,12,23,10:45,1,2,3,1.0,2.0,50129,NORMANDIE (AVENUE DE),M,"49,6269200"," -1,6345100",50,2019,30.0,1.0,2.0,4.0,2154650,2.0,2,1,1,0.0,,0.0,0,1992.0,B01,138Â 296Â 129,1.0,0.0,-1.0,1645289,0.0,7,,0.0,2.0,1.0,A01,138Â 296Â 128,1.0
963996,201900005527,12,23,10:45,1,2,3,1.0,2.0,50129,NORMANDIE (AVENUE DE),M,"49,6269200"," -1,6345100",50,2019,30.0,1.0,2.0,4.0,2154650,2.0,2,1,1,0.0,,0.0,0,1992.0,B01,138Â 296Â 129,1.0,0.0,-1.0,1645290,0.0,7,,0.0,2.0,4.0,B01,138Â 296Â 129,1.0
963996,201900005527,12,23,10:45,1,2,3,1.0,2.0,50129,NORMANDIE (AVENUE DE),M,"49,6269200"," -1,6345100",50,2019,30.0,1.0,2.0,4.0,2154651,3.0,2,3,1,2.0,,0.0,0,1989.0,B01,138Â 296Â 129,1.0,0.0,-1.0,1645289,0.0,7,,0.0,2.0,1.0,A01,138Â 296Â 128,1.0
963996,201900005527,12,23,10:45,1,2,3,1.0,2.0,50129,NORMANDIE (AVENUE DE),M,"49,6269200"," -1,6345100",50,2019,30.0,1.0,2.0,4.0,2154651,3.0,2,3,1,2.0,,0.0,0,1989.0,B01,138Â 296Â 129,1.0,0.0,-1.0,1645290,0.0,7,,0.0,2.0,4.0,B01,138Â 296Â 129,1.0
963996,201900005527,12,23,10:45,1,2,3,1.0,2.0,50129,NORMANDIE (AVENUE DE),M,"49,6269200"," -1,6345100",50,2019,30.0,1.0,2.0,4.0,2154652,1.0,1,1,2,5.0,,0.0,0,1999.0,B01,138Â 296Â 129,1.0,0.0,-1.0,1645289,0.0,7,,0.0,2.0,1.0,A01,138Â 296Â 128,1.0
963996,201900005527,12,23,10:45,1,2,3,1.0,2.0,50129,NORMANDIE (AVENUE DE),M,"49,6269200"," -1,6345100",50,2019,30.0,1.0,2.0,4.0,2154652,1.0,1,1,2,5.0,,0.0,0,1999.0,B01,138Â 296Â 129,1.0,0.0,-1.0,1645290,0.0,7,,0.0,2.0,4.0,B01,138Â 296Â 129,1.0
963996,201900005527,12,23,10:45,1,2,3,1.0,2.0,50129,NORMANDIE (AVENUE DE),M,"49,6269200"," -1,6345100",50,2019,30.0,1.0,2.0,4.0,2154653,10.0,3,1,1,3.0,,3.0,3,1962.0,B01,138Â 296Â 129,0.0,-1.0,-1.0,1645289,0.0,7,,0.0,2.0,1.0,A01,138Â 296Â 128,1.0
963996,201900005527,12,23,10:45,1,2,3,1.0,2.0,50129,NORMANDIE (AVENUE DE),M,"49,6269200"," -1,6345100",50,2019,30.0,1.0,2.0,4.0,2154653,10.0,3,1,1,3.0,,3.0,3,1962.0,B01,138Â 296Â 129,0.0,-1.0,-1.0,1645290,0.0,7,,0.0,2.0,4.0,B01,138Â 296Â 129,1.0
963997,201900005528,5,4,07:00,1,1,1,1.0,4.0,97125,D118,M,"16,2514390"," -61,2099950",971,2019,-1.0,1.0,1.0,3.0,2154654,1.0,1,4,1,5.0,,0.0,0,1968.0,C01,138Â 296Â 122,2.0,-1.0,-1.0,1645291,1.0,1,,0.0,2.0,4.0,C01,138Â 296Â 122,5.0
963997,201900005528,5,4,07:00,1,1,1,1.0,4.0,97125,D118,M,"16,2514390"," -61,2099950",971,2019,-1.0,1.0,1.0,3.0,2154654,1.0,1,4,1,5.0,,0.0,0,1968.0,C01,138Â 296Â 122,2.0,-1.0,-1.0,1645292,1.0,1,,0.0,2.0,4.0,B01,138Â 296Â 123,5.0
963997,201900005528,5,4,07:00,1,1,1,1.0,4.0,97125,D118,M,"16,2514390"," -61,2099950",971,2019,-1.0,1.0,1.0,3.0,2154654,1.0,1,4,1,5.0,,0.0,0,1968.0,C01,138Â 296Â 122,2.0,-1.0,-1.0,1645293,1.0,7,,0.0,2.0,1.0,A01,138Â 296Â 124,1.0
963997,201900005528,5,4,07:00,1,1,1,1.0,4.0,97125,D118,M,"16,2514390"," -61,2099950",971,2019,-1.0,1.0,1.0,3.0,2154655,1.0,1,3,1,5.0,,0.0,0,1962.0,B01,138Â 296Â 123,2.0,-1.0,-1.0,1645291,1.0,1,,0.0,2.0,4.0,C01,138Â 296Â 122,5.0
963997,201900005528,5,4,07:00,1,1,1,1.0,4.0,97125,D118,M,"16,2514390"," -61,2099950",971,2019,-1.0,1.0,1.0,3.0,2154655,1.0,1,3,1,5.0,,0.0,0,1962.0,B01,138Â 296Â 123,2.0,-1.0,-1.0,1645292,1.0,1,,0.0,2.0,4.0,B01,138Â 296Â 123,5.0
963997,201900005528,5,4,07:00,1,1,1,1.0,4.0,97125,D118,M,"16,2514390"," -61,2099950",971,2019,-1.0,1.0,1.0,3.0,2154655,1.0,1,3,1,5.0,,0.0,0,1962.0,B01,138Â 296Â 123,2.0,-1.0,-1.0,1645293,1.0,7,,0.0,2.0,1.0,A01,138Â 296Â 124,1.0
963997,201900005528,5,4,07:00,1,1,1,1.0,4.0,97125,D118,M,"16,2514390"," -61,2099950",971,2019,-1.0,1.0,1.0,3.0,2154656,1.0,1,1,1,5.0,,0.0,0,1994.0,A01,138Â 296Â 124,1.0,-1.0,-1.0,1645291,1.0,1,,0.0,2.0,4.0,C01,138Â 296Â 122,5.0
963997,201900005528,5,4,07:00,1,1,1,1.0,4.0,97125,D118,M,"16,2514390"," -61,2099950",971,2019,-1.0,1.0,1.0,3.0,2154656,1.0,1,1,1,5.0,,0.0,0,1994.0,A01,138Â 296Â 124,1.0,-1.0,-1.0,1645292,1.0,1,,0.0,2.0,4.0,B01,138Â 296Â 123,5.0
963997,201900005528,5,4,07:00,1,1,1,1.0,4.0,97125,D118,M,"16,2514390"," -61,2099950",971,2019,-1.0,1.0,1.0,3.0,2154656,1.0,1,1,1,5.0,,0.0,0,1994.0,A01,138Â 296Â 124,1.0,-1.0,-1.0,1645293,1.0,7,,0.0,2.0,1.0,A01,138Â 296Â 124,1.0
963998,201900005529,12,20,08:02,3,2,4,2.0,6.0,19101,21 Avenue de Coulaud,M,"45,2483497","1,7702606",19,2019,-1.0,1.0,2.0,3.0,2154657,10.0,3,3,1,0.0,,3.0,3,1978.0,A01,138Â 296Â 119,0.0,-1.0,-1.0,1645294,1.0,7,,0.0,1.0,1.0,A01,138Â 296Â 119,1.0
963998,201900005529,12,20,08:02,3,2,4,2.0,6.0,19101,21 Avenue de Coulaud,M,"45,2483497","1,7702606",19,2019,-1.0,1.0,2.0,3.0,2154658,1.0,1,1,1,5.0,,0.0,0,1943.0,A01,138Â 296Â 119,1.0,-1.0,-1.0,1645294,1.0,7,,0.0,1.0,1.0,A01,138Â 296Â 119,1.0
963999,201900005530,10,4,16:30,1,2,2,1.0,6.0,42071,ETINES (BOULEVARD DES),M,"46,0249170","4,0903480",42,2019,50.0,1.0,1.0,4.0,2154659,10.0,3,3,1,2.0,,4.0,3,2008.0,A01,138Â 296Â 118,8.0,0.0,-1.0,1645295,3.0,37,1.0,0.0,1.0,1.0,A01,138Â 296Â 118,1.0
963999,201900005530,10,4,16:30,1,2,2,1.0,6.0,42071,ETINES (BOULEVARD DES),M,"46,0249170","4,0903480",42,2019,50.0,1.0,1.0,4.0,2154660,1.0,1,1,1,4.0,,-1.0, -1,1997.0,A01,138Â 296Â 118,1.0,8.0,-1.0,1645295,3.0,37,1.0,0.0,1.0,1.0,A01,138Â 296Â 118,1.0
964000,201900005531,7,30,07:00,2,2,1,1.0,6.0,73065,Rue Rabelais,M,"45,5703720","5,9039595",73,2019,30.0,1.0,1.0,4.0,2154661,1.0,1,4,1,0.0,,-1.0, -1,1968.0,A01,138Â 296Â 117,-1.0,-1.0,-1.0,1645296,1.0,30,,14.0,0.0,2.0,A01,138Â 296Â 117,1.0
964001,201900005532,4,28,10:50,1,2,1,2.0,3.0,69266,LEON BLUM      (Rue),M,"45,7642800","4,9178100",69,2019,50.0,1.0,2.0,4.0,2154662,1.0,1,1,2,0.0,,0.0,0,1993.0,A01,138Â 296Â 115,1.0,0.0,-1.0,1645297,3.0,3,,0.0,2.0,6.0,A01,138Â 296Â 115,1.0
964001,201900005532,4,28,10:50,1,2,1,2.0,3.0,69266,LEON BLUM      (Rue),M,"45,7642800","4,9178100",69,2019,50.0,1.0,2.0,4.0,2154662,1.0,1,1,2,0.0,,0.0,0,1993.0,A01,138Â 296Â 115,1.0,0.0,-1.0,1645298,1.0,3,,0.0,2.0,3.0,B01,138Â 296Â 116,1.0
964001,201900005532,4,28,10:50,1,2,1,2.0,3.0,69266,LEON BLUM      (Rue),M,"45,7642800","4,9178100",69,2019,50.0,1.0,2.0,4.0,2154663,4.0,2,4,2,0.0,,0.0,0,2013.0,A01,138Â 296Â 115,1.0,8.0,-1.0,1645297,3.0,3,,0.0,2.0,6.0,A01,138Â 296Â 115,1.0
964001,201900005532,4,28,10:50,1,2,1,2.0,3.0,69266,LEON BLUM      (Rue),M,"45,7642800","4,9178100",69,2019,50.0,1.0,2.0,4.0,2154663,4.0,2,4,2,0.0,,0.0,0,2013.0,A01,138Â 296Â 115,1.0,8.0,-1.0,1645298,1.0,3,,0.0,2.0,3.0,B01,138Â 296Â 116,1.0
964001,201900005532,4,28,10:50,1,2,1,2.0,3.0,69266,LEON BLUM      (Rue),M,"45,7642800","4,9178100",69,2019,50.0,1.0,2.0,4.0,2154664,1.0,1,1,1,0.0,,0.0,0,1993.0,B01,138Â 296Â 116,1.0,0.0,-1.0,1645297,3.0,3,,0.0,2.0,6.0,A01,138Â 296Â 115,1.0
964001,201900005532,4,28,10:50,1,2,1,2.0,3.0,69266,LEON BLUM      (Rue),M,"45,7642800","4,9178100",69,2019,50.0,1.0,2.0,4.0,2154664,1.0,1,1,1,0.0,,0.0,0,1993.0,B01,138Â 296Â 116,1.0,0.0,-1.0,1645298,1.0,3,,0.0,2.0,3.0,B01,138Â 296Â 116,1.0
964002,201900005533,7,19,12:50,1,2,6,1.0,6.0,73065,D991 RP Forum,M,"45,5920170","5,9188031",73,2019,50.0,1.0,1.0,3.0,2154665,1.0,1,3,1,0.0,,0.0,0,1952.0,A01,138Â 296Â 114,-1.0,-1.0,-1.0,1645299,1.0,7,,9.0,0.0,9.0,A01,138Â 296Â 114,1.0
964003,201900005534,6,17,10:42,1,2,1,2.0,6.0,06029,SOURCE (BOULEVARD DE LA),M,"43,5462570","7,0462980",6,2019,50.0,1.0,1.0,4.0,2154666,1.0,1,2,1,5.0,,0.0,0,1943.0,B01,138Â 296Â 112,2.0,8.0,-1.0,1645300,1.0,1,,0.0,9.0,1.0,B01,138Â 296Â 112,6.0
964003,201900005534,6,17,10:42,1,2,1,2.0,6.0,06029,SOURCE (BOULEVARD DE LA),M,"43,5462570","7,0462980",6,2019,50.0,1.0,1.0,4.0,2154666,1.0,1,2,1,5.0,,0.0,0,1943.0,B01,138Â 296Â 112,2.0,8.0,-1.0,1645301,1.0,31,,0.0,9.0,0.0,A01,138Â 296Â 113,1.0
964003,201900005534,6,17,10:42,1,2,1,2.0,6.0,06029,SOURCE (BOULEVARD DE LA),M,"43,5462570","7,0462980",6,2019,50.0,1.0,1.0,4.0,2154667,1.0,1,1,1,5.0,,0.0,0,1948.0,A01,138Â 296Â 113,2.0,8.0,-1.0,1645300,1.0,1,,0.0,9.0,1.0,B01,138Â 296Â 112,6.0
964003,201900005534,6,17,10:42,1,2,1,2.0,6.0,06029,SOURCE (BOULEVARD DE LA),M,"43,5462570","7,0462980",6,2019,50.0,1.0,1.0,4.0,2154667,1.0,1,1,1,5.0,,0.0,0,1948.0,A01,138Â 296Â 113,2.0,8.0,-1.0,1645301,1.0,31,,0.0,9.0,0.0,A01,138Â 296Â 113,1.0
964004,201900005535,12,20,09:30,1,2,1,3.0,6.0,84007,LAVARIN (Chemin du ),M,"43,9272720","4,8045560",84,2019,50.0,1.0,1.0,4.0,2154668,1.0,1,1,1,0.0,,-1.0, -1,1997.0,A01,138Â 296Â 111,1.0,0.0,-1.0,1645302,3.0,7,,0.0,1.0,1.0,A01,138Â 296Â 111,1.0
964004,201900005535,12,20,09:30,1,2,1,3.0,6.0,84007,LAVARIN (Chemin du ),M,"43,9272720","4,8045560",84,2019,50.0,1.0,1.0,4.0,2154669,10.0,3,3,1,9.0,,3.0,3,1944.0,A01,138Â 296Â 111,0.0,-1.0,-1.0,1645302,3.0,7,,0.0,1.0,1.0,A01,138Â 296Â 111,1.0
964005,201900005536,12,17,18:30,5,2,1,2.0,6.0,62758,SAINT OMER ( Route de ),M,"50,7257800","1,6340500",62,2019,50.0,1.0,2.0,4.0,2154670,10.0,3,3,2,5.0,,4.0,3,1932.0,A01,138Â 296Â 110,0.0,-1.0,-1.0,1645303,1.0,7,,0.0,1.0,1.0,A01,138Â 296Â 110,1.0
964005,201900005536,12,17,18:30,5,2,1,2.0,6.0,62758,SAINT OMER ( Route de ),M,"50,7257800","1,6340500",62,2019,50.0,1.0,2.0,4.0,2154671,1.0,1,1,1,5.0,,-1.0,0,1936.0,A01,138Â 296Â 110,8.0,0.0,-1.0,1645303,1.0,7,,0.0,1.0,1.0,A01,138Â 296Â 110,1.0
964006,201900005537,11,6,08:35,1,2,1,1.0,6.0,06030,ROOSEVELT (AVENUE FRANKLIN)CANNET,M,"43,5747530","6,9990140",6,2019,50.0,1.0,1.0,4.0,2154672,10.0,3,2,1,0.0,,4.0,3,1945.0,A01,138Â 296Â 109,0.0,-1.0,-1.0,1645304,1.0,7,,0.0,1.0,1.0,A01,138Â 296Â 109,1.0
964006,201900005537,11,6,08:35,1,2,1,1.0,6.0,06030,ROOSEVELT (AVENUE FRANKLIN)CANNET,M,"43,5747530","6,9990140",6,2019,50.0,1.0,1.0,4.0,2154673,1.0,1,1,2,1.0,,-1.0,0,1995.0,A01,138Â 296Â 109,1.0,0.0,-1.0,1645304,1.0,7,,0.0,1.0,1.0,A01,138Â 296Â 109,1.0