Unnamed: 0_x,num_acc,mois,jour,hrmn,lum,agg,int,atm,col,com,adr,gps,lat,long,dep,annee,vma,situ,surf,catr,Unnamed: 0_y,place,catu,grav,sexe,trajet,secu,locp,actp,an_nais,num_veh_x,id_vehicule_x,secu1,secu2,secu3,Unnamed: 0,senc,catv,occutc,obs,obsm,choc,num_veh_y,id_vehicule_y,motor
964007,201900005538,1,18,07:00,2,2,3,1.0,6.0,92044,GABRIEL PERI(RUE) 1A23 ET 2A36,M,"48,8889303","2,2905572",92,2019,50.0,1.0,1.0,4.0,2154674,10.0,3,4,1,1.0,,3.0,3,1962.0,A01,138Â 296Â 108,8.0,0.0,-1.0,1645305,2.0,7,,0.0,1.0,3.0,A01,138Â 296Â 108,1.0
964007,201900005538,1,18,07:00,2,2,3,1.0,6.0,92044,GABRIEL PERI(RUE) 1A23 ET 2A36,M,"48,8889303","2,2905572",92,2019,50.0,1.0,1.0,4.0,2154675,1.0,1,1,1,1.0,,-1.0,0,1995.0,A01,138Â 296Â 108,1.0,0.0,-1.0,1645305,2.0,7,,0.0,1.0,3.0,A01,138Â 296Â 108,1.0
964008,201900005539,10,6,12:00,1,1,1,2.0,1.0,17263,RD 137,M,"45,4186360"," -0,5644440",17,2019,80.0,1.0,1.0,3.0,2154676,1.0,1,3,1,0.0,,0.0,0,1966.0,B01,138Â 296Â 105,1.0,-1.0,-1.0,1645306,2.0,7,,0.0,2.0,3.0,B01,138Â 296Â 105,1.0
964008,201900005539,10,6,12:00,1,1,1,2.0,1.0,17263,RD 137,M,"45,4186360"," -0,5644440",17,2019,80.0,1.0,1.0,3.0,2154676,1.0,1,3,1,0.0,,0.0,0,1966.0,B01,138Â 296Â 105,1.0,-1.0,-1.0,1645307,1.0,7,,0.0,2.0,3.0,A01,138Â 296Â 106,1.0
964008,201900005539,10,6,12:00,1,1,1,2.0,1.0,17263,RD 137,M,"45,4186360"," -0,5644440",17,2019,80.0,1.0,1.0,3.0,2154677,1.0,1,4,1,9.0,,0.0,0,1968.0,A01,138Â 296Â 106,1.0,-1.0,-1.0,1645306,2.0,7,,0.0,2.0,3.0,B01,138Â 296Â 105,1.0
964008,201900005539,10,6,12:00,1,1,1,2.0,1.0,17263,RD 137,M,"45,4186360"," -0,5644440",17,2019,80.0,1.0,1.0,3.0,2154677,1.0,1,4,1,9.0,,0.0,0,1968.0,A01,138Â 296Â 106,1.0,-1.0,-1.0,1645307,1.0,7,,0.0,2.0,3.0,A01,138Â 296Â 106,1.0
964009,201900005540,12,24,13:30,1,2,1,1.0,6.0,08363,Avenue Danton,M,"49,9388850","4,6392880",8,2019,50.0,8.0,1.0,4.0,2154678,1.0,1,3,1,0.0,,0.0,0,2002.0,A01,138Â 296Â 104,8.0,-1.0,-1.0,1645308,1.0,33,,1.0,0.0,1.0,A01,138Â 296Â 104,1.0
964010,201900005541,12,21,17:15,1,2,1,1.0,3.0,98733,PK 23.500 - Route Territoriale 1,M," -17,6899310"," -149,5483490",987,2019,60.0,1.0,1.0,2.0,2154679,1.0,1,1,1,0.0,,0.0,0,1985.0,B01,138Â 296Â 100,1.0,-1.0,-1.0,1645309,2.0,7,,0.0,0.0,6.0,B01,138Â 296Â 100,1.0
964010,201900005541,12,21,17:15,1,2,1,1.0,3.0,98733,PK 23.500 - Route Territoriale 1,M," -17,6899310"," -149,5483490",987,2019,60.0,1.0,1.0,2.0,2154679,1.0,1,1,1,0.0,,0.0,0,1985.0,B01,138Â 296Â 100,1.0,-1.0,-1.0,1645310,1.0,32,,0.0,2.0,1.0,A01,138Â 296Â 101,1.0
964010,201900005541,12,21,17:15,1,2,1,1.0,3.0,98733,PK 23.500 - Route Territoriale 1,M," -17,6899310"," -149,5483490",987,2019,60.0,1.0,1.0,2.0,2154680,1.0,1,3,1,5.0,,0.0,0,1966.0,A01,138Â 296Â 101,2.0,-1.0,-1.0,1645309,2.0,7,,0.0,0.0,6.0,B01,138Â 296Â 100,1.0
964010,201900005541,12,21,17:15,1,2,1,1.0,3.0,98733,PK 23.500 - Route Territoriale 1,M," -17,6899310"," -149,5483490",987,2019,60.0,1.0,1.0,2.0,2154680,1.0,1,3,1,5.0,,0.0,0,1966.0,A01,138Â 296Â 101,2.0,-1.0,-1.0,1645310,1.0,32,,0.0,2.0,1.0,A01,138Â 296Â 101,1.0
964011,201900005542,7,14,10:30,1,1,1,1.0,2.0,73191,D921,M,"45,5992209","5,7663530",73,2019,80.0,1.0,1.0,3.0,2154681,1.0,1,1,2,0.0,,0.0,0,1957.0,A01,138Â 296Â 098,-1.0,-1.0,-1.0,1645311,1.0,7,,0.0,2.0,2.0,A01,138Â 296Â 098,1.0
964011,201900005542,7,14,10:30,1,1,1,1.0,2.0,73191,D921,M,"45,5992209","5,7663530",73,2019,80.0,1.0,1.0,3.0,2154681,1.0,1,1,2,0.0,,0.0,0,1957.0,A01,138Â 296Â 098,-1.0,-1.0,-1.0,1645312,1.0,1,,0.0,2.0,4.0,B01,138Â 296Â 099,5.0
964011,201900005542,7,14,10:30,1,1,1,1.0,2.0,73191,D921,M,"45,5992209","5,7663530",73,2019,80.0,1.0,1.0,3.0,2154682,1.0,1,3,1,5.0,,0.0,0,1939.0,B01,138Â 296Â 099,-1.0,-1.0,-1.0,1645311,1.0,7,,0.0,2.0,2.0,A01,138Â 296Â 098,1.0
964011,201900005542,7,14,10:30,1,1,1,1.0,2.0,73191,D921,M,"45,5992209","5,7663530",73,2019,80.0,1.0,1.0,3.0,2154682,1.0,1,3,1,5.0,,0.0,0,1939.0,B01,138Â 296Â 099,-1.0,-1.0,-1.0,1645312,1.0,1,,0.0,2.0,4.0,B01,138Â 296Â 099,5.0
964012,201900005543,12,29,01:20,3,1,1,5.0,1.0,33392,100 Lacoste,M,"44,5877280"," -0,2773940",33,2019,80.0,1.0,1.0,3.0,2154683,1.0,1,3,1,5.0,,0.0,0,2001.0,B01,138Â 296Â 096,2.0,6.0,-1.0,1645313,2.0,2,,0.0,2.0,1.0,B01,138Â 296Â 096,1.0
964012,201900005543,12,29,01:20,3,1,1,5.0,1.0,33392,100 Lacoste,M,"44,5877280"," -0,2773940",33,2019,80.0,1.0,1.0,3.0,2154683,1.0,1,3,1,5.0,,0.0,0,2001.0,B01,138Â 296Â 096,2.0,6.0,-1.0,1645314,1.0,7,,0.0,2.0,2.0,A01,138Â 296Â 097,1.0
964012,201900005543,12,29,01:20,3,1,1,5.0,1.0,33392,100 Lacoste,M,"44,5877280"," -0,2773940",33,2019,80.0,1.0,1.0,3.0,2154684,1.0,1,1,1,0.0,,0.0,0,1992.0,A01,138Â 296Â 097,1.0,-1.0,-1.0,1645313,2.0,2,,0.0,2.0,1.0,B01,138Â 296Â 096,1.0
964012,201900005543,12,29,01:20,3,1,1,5.0,1.0,33392,100 Lacoste,M,"44,5877280"," -0,2773940",33,2019,80.0,1.0,1.0,3.0,2154684,1.0,1,1,1,0.0,,0.0,0,1992.0,A01,138Â 296Â 097,1.0,-1.0,-1.0,1645314,1.0,7,,0.0,2.0,2.0,A01,138Â 296Â 097,1.0
964013,201900005544,12,22,17:48,5,2,1,3.0,6.0,01165,Grande Rue,M,"46,0700000","4,8104990",1,2019,50.0,1.0,2.0,3.0,2154685,1.0,1,1,2,5.0,,0.0,0,1993.0,A01,138Â 296Â 095,1.0,-1.0,-1.0,1645315,1.0,7,,0.0,1.0,2.0,A01,138Â 296Â 095,1.0
964013,201900005544,12,22,17:48,5,2,1,3.0,6.0,01165,Grande Rue,M,"46,0700000","4,8104990",1,2019,50.0,1.0,2.0,3.0,2154686,10.0,3,4,2,5.0,,1.0,1,1994.0,A01,138Â 296Â 095,0.0,-1.0,-1.0,1645315,1.0,7,,0.0,1.0,2.0,A01,138Â 296Â 095,1.0
964013,201900005544,12,22,17:48,5,2,1,3.0,6.0,01165,Grande Rue,M,"46,0700000","4,8104990",1,2019,50.0,1.0,2.0,3.0,2154687,10.0,3,3,2,5.0,,1.0,1,1967.0,A01,138Â 296Â 095,0.0,-1.0,-1.0,1645315,1.0,7,,0.0,1.0,2.0,A01,138Â 296Â 095,1.0
964013,201900005544,12,22,17:48,5,2,1,3.0,6.0,01165,Grande Rue,M,"46,0700000","4,8104990",1,2019,50.0,1.0,2.0,3.0,2154688,2.0,2,1,2,5.0,,0.0,0,1986.0,A01,138Â 296Â 095,1.0,-1.0,-1.0,1645315,1.0,7,,0.0,1.0,2.0,A01,138Â 296Â 095,1.0
964013,201900005544,12,22,17:48,5,2,1,3.0,6.0,01165,Grande Rue,M,"46,0700000","4,8104990",1,2019,50.0,1.0,2.0,3.0,2154689,10.0,3,4,1,5.0,,1.0,1,1995.0,A01,138Â 296Â 095,0.0,-1.0,-1.0,1645315,1.0,7,,0.0,1.0,2.0,A01,138Â 296Â 095,1.0
964014,201900005545,7,2,15:45,1,2,1,1.0,6.0,73065,av des bernardines,M,"45,5667400","5,9147640",73,2019,50.0,1.0,1.0,4.0,2154690,1.0,1,1,1,0.0,,0.0,0,1954.0,A01,138Â 296Â 094,-1.0,-1.0,-1.0,1645316,2.0,7,,0.0,1.0,2.0,A01,138Â 296Â 094,1.0
964014,201900005545,7,2,15:45,1,2,1,1.0,6.0,73065,av des bernardines,M,"45,5667400","5,9147640",73,2019,50.0,1.0,1.0,4.0,2154691,10.0,3,4,1,0.0,,3.0,3,1963.0,A01,138Â 296Â 094,-1.0,-1.0,-1.0,1645316,2.0,7,,0.0,1.0,2.0,A01,138Â 296Â 094,1.0
964015,201900005546,9,1,06:25,3,1,1,2.0,4.0,37266,a10,M,"47,3172730","0,6888790",37,2019,130.0,1.0,2.0,1.0,2154692,1.0,1,1,1,5.0,,0.0,0,1970.0,D01,138Â 296Â 090,1.0,-1.0,-1.0,1645317,1.0,7,,0.0,9.0,1.0,D01,138Â 296Â 090,1.0
964015,201900005546,9,1,06:25,3,1,1,2.0,4.0,37266,a10,M,"47,3172730","0,6888790",37,2019,130.0,1.0,2.0,1.0,2154692,1.0,1,1,1,5.0,,0.0,0,1970.0,D01,138Â 296Â 090,1.0,-1.0,-1.0,1645318,1.0,7,,0.0,9.0,1.0,C01,138Â 296Â 091,1.0
964015,201900005546,9,1,06:25,3,1,1,2.0,4.0,37266,a10,M,"47,3172730","0,6888790",37,2019,130.0,1.0,2.0,1.0,2154692,1.0,1,1,1,5.0,,0.0,0,1970.0,D01,138Â 296Â 090,1.0,-1.0,-1.0,1645319,1.0,7,,3.0,2.0,1.0,B01,138Â 296Â 092,1.0
964015,201900005546,9,1,06:25,3,1,1,2.0,4.0,37266,a10,M,"47,3172730","0,6888790",37,2019,130.0,1.0,2.0,1.0,2154692,1.0,1,1,1,5.0,,0.0,0,1970.0,D01,138Â 296Â 090,1.0,-1.0,-1.0,1645320,2.0,7,,3.0,0.0,0.0,A01,138Â 296Â 093,1.0
964015,201900005546,9,1,06:25,3,1,1,2.0,4.0,37266,a10,M,"47,3172730","0,6888790",37,2019,130.0,1.0,2.0,1.0,2154693,1.0,1,1,2,5.0,,0.0,0,1975.0,C01,138Â 296Â 091,1.0,-1.0,-1.0,1645317,1.0,7,,0.0,9.0,1.0,D01,138Â 296Â 090,1.0
964015,201900005546,9,1,06:25,3,1,1,2.0,4.0,37266,a10,M,"47,3172730","0,6888790",37,2019,130.0,1.0,2.0,1.0,2154693,1.0,1,1,2,5.0,,0.0,0,1975.0,C01,138Â 296Â 091,1.0,-1.0,-1.0,1645318,1.0,7,,0.0,9.0,1.0,C01,138Â 296Â 091,1.0
964015,201900005546,9,1,06:25,3,1,1,2.0,4.0,37266,a10,M,"47,3172730","0,6888790",37,2019,130.0,1.0,2.0,1.0,2154693,1.0,1,1,2,5.0,,0.0,0,1975.0,C01,138Â 296Â 091,1.0,-1.0,-1.0,1645319,1.0,7,,3.0,2.0,1.0,B01,138Â 296Â 092,1.0
964015,201900005546,9,1,06:25,3,1,1,2.0,4.0,37266,a10,M,"47,3172730","0,6888790",37,2019,130.0,1.0,2.0,1.0,2154693,1.0,1,1,2,5.0,,0.0,0,1975.0,C01,138Â 296Â 091,1.0,-1.0,-1.0,1645320,2.0,7,,3.0,0.0,0.0,A01,138Â 296Â 093,1.0
964015,201900005546,9,1,06:25,3,1,1,2.0,4.0,37266,a10,M,"47,3172730","0,6888790",37,2019,130.0,1.0,2.0,1.0,2154694,1.0,1,4,1,4.0,,0.0,0,1971.0,B01,138Â 296Â 092,1.0,-1.0,-1.0,1645317,1.0,7,,0.0,9.0,1.0,D01,138Â 296Â 090,1.0
964015,201900005546,9,1,06:25,3,1,1,2.0,4.0,37266,a10,M,"47,3172730","0,6888790",37,2019,130.0,1.0,2.0,1.0,2154694,1.0,1,4,1,4.0,,0.0,0,1971.0,B01,138Â 296Â 092,1.0,-1.0,-1.0,1645318,1.0,7,,0.0,9.0,1.0,C01,138Â 296Â 091,1.0
964015,201900005546,9,1,06:25,3,1,1,2.0,4.0,37266,a10,M,"47,3172730","0,6888790",37,2019,130.0,1.0,2.0,1.0,2154694,1.0,1,4,1,4.0,,0.0,0,1971.0,B01,138Â 296Â 092,1.0,-1.0,-1.0,1645319,1.0,7,,3.0,2.0,1.0,B01,138Â 296Â 092,1.0
964015,201900005546,9,1,06:25,3,1,1,2.0,4.0,37266,a10,M,"47,3172730","0,6888790",37,2019,130.0,1.0,2.0,1.0,2154694,1.0,1,4,1,4.0,,0.0,0,1971.0,B01,138Â 296Â 092,1.0,-1.0,-1.0,1645320,2.0,7,,3.0,0.0,0.0,A01,138Â 296Â 093,1.0
964015,201900005546,9,1,06:25,3,1,1,2.0,4.0,37266,a10,M,"47,3172730","0,6888790",37,2019,130.0,1.0,2.0,1.0,2154695,9.0,2,1,1,4.0,,0.0,0,1982.0,B01,138Â 296Â 092,1.0,-1.0,-1.0,1645317,1.0,7,,0.0,9.0,1.0,D01,138Â 296Â 090,1.0
964015,201900005546,9,1,06:25,3,1,1,2.0,4.0,37266,a10,M,"47,3172730","0,6888790",37,2019,130.0,1.0,2.0,1.0,2154695,9.0,2,1,1,4.0,,0.0,0,1982.0,B01,138Â 296Â 092,1.0,-1.0,-1.0,1645318,1.0,7,,0.0,9.0,1.0,C01,138Â 296Â 091,1.0
964015,201900005546,9,1,06:25,3,1,1,2.0,4.0,37266,a10,M,"47,3172730","0,6888790",37,2019,130.0,1.0,2.0,1.0,2154695,9.0,2,1,1,4.0,,0.0,0,1982.0,B01,138Â 296Â 092,1.0,-1.0,-1.0,1645319,1.0,7,,3.0,2.0,1.0,B01,138Â 296Â 092,1.0
964015,201900005546,9,1,06:25,3,1,1,2.0,4.0,37266,a10,M,"47,3172730","0,6888790",37,2019,130.0,1.0,2.0,1.0,2154695,9.0,2,1,1,4.0,,0.0,0,1982.0,B01,138Â 296Â 092,1.0,-1.0,-1.0,1645320,2.0,7,,3.0,0.0,0.0,A01,138Â 296Â 093,1.0
964015,201900005546,9,1,06:25,3,1,1,2.0,4.0,37266,a10,M,"47,3172730","0,6888790",37,2019,130.0,1.0,2.0,1.0,2154696,2.0,2,1,1,4.0,,0.0,0,1967.0,B01,138Â 296Â 092,1.0,-1.0,-1.0,1645317,1.0,7,,0.0,9.0,1.0,D01,138Â 296Â 090,1.0
964015,201900005546,9,1,06:25,3,1,1,2.0,4.0,37266,a10,M,"47,3172730","0,6888790",37,2019,130.0,1.0,2.0,1.0,2154696,2.0,2,1,1,4.0,,0.0,0,1967.0,B01,138Â 296Â 092,1.0,-1.0,-1.0,1645318,1.0,7,,0.0,9.0,1.0,C01,138Â 296Â 091,1.0
964015,201900005546,9,1,06:25,3,1,1,2.0,4.0,37266,a10,M,"47,3172730","0,6888790",37,2019,130.0,1.0,2.0,1.0,2154696,2.0,2,1,1,4.0,,0.0,0,1967.0,B01,138Â 296Â 092,1.0,-1.0,-1.0,1645319,1.0,7,,3.0,2.0,1.0,B01,138Â 296Â 092,1.0
964015,201900005546,9,1,06:25,3,1,1,2.0,4.0,37266,a10,M,"47,3172730","0,6888790",37,2019,130.0,1.0,2.0,1.0,2154696,2.0,2,1,1,4.0,,0.0,0,1967.0,B01,138Â 296Â 092,1.0,-1.0,-1.0,1645320,2.0,7,,3.0,0.0,0.0,A01,138Â 296Â 093,1.0
964015,201900005546,9,1,06:25,3,1,1,2.0,4.0,37266,a10,M,"47,3172730","0,6888790",37,2019,130.0,1.0,2.0,1.0,2154697,8.0,2,4,1,4.0,,0.0,0,1973.0,B01,138Â 296Â 092,1.0,-1.0,-1.0,1645317,1.0,7,,0.0,9.0,1.0,D01,138Â 296Â 090,1.0
964015,201900005546,9,1,06:25,3,1,1,2.0,4.0,37266,a10,M,"47,3172730","0,6888790",37,2019,130.0,1.0,2.0,1.0,2154697,8.0,2,4,1,4.0,,0.0,0,1973.0,B01,138Â 296Â 092,1.0,-1.0,-1.0,1645318,1.0,7,,0.0,9.0,1.0,C01,138Â 296Â 091,1.0
964015,201900005546,9,1,06:25,3,1,1,2.0,4.0,37266,a10,M,"47,3172730","0,6888790",37,2019,130.0,1.0,2.0,1.0,2154697,8.0,2,4,1,4.0,,0.0,0,1973.0,B01,138Â 296Â 092,1.0,-1.0,-1.0,1645319,1.0,7,,3.0,2.0,1.0,B01,138Â 296Â 092,1.0
964015,201900005546,9,1,06:25,3,1,1,2.0,4.0,37266,a10,M,"47,3172730","0,6888790",37,2019,130.0,1.0,2.0,1.0,2154697,8.0,2,4,1,4.0,,0.0,0,1973.0,B01,138Â 296Â 092,1.0,-1.0,-1.0,1645320,2.0,7,,3.0,0.0,0.0,A01,138Â 296Â 093,1.0
964015,201900005546,9,1,06:25,3,1,1,2.0,4.0,37266,a10,M,"47,3172730","0,6888790",37,2019,130.0,1.0,2.0,1.0,2154698,7.0,2,4,1,4.0,,0.0,0,1961.0,B01,138Â 296Â 092,1.0,-1.0,-1.0,1645317,1.0,7,,0.0,9.0,1.0,D01,138Â 296Â 090,1.0
964015,201900005546,9,1,06:25,3,1,1,2.0,4.0,37266,a10,M,"47,3172730","0,6888790",37,2019,130.0,1.0,2.0,1.0,2154698,7.0,2,4,1,4.0,,0.0,0,1961.0,B01,138Â 296Â 092,1.0,-1.0,-1.0,1645318,1.0,7,,0.0,9.0,1.0,C01,138Â 296Â 091,1.0
964015,201900005546,9,1,06:25,3,1,1,2.0,4.0,37266,a10,M,"47,3172730","0,6888790",37,2019,130.0,1.0,2.0,1.0,2154698,7.0,2,4,1,4.0,,0.0,0,1961.0,B01,138Â 296Â 092,1.0,-1.0,-1.0,1645319,1.0,7,,3.0,2.0,1.0,B01,138Â 296Â 092,1.0
964015,201900005546,9,1,06:25,3,1,1,2.0,4.0,37266,a10,M,"47,3172730","0,6888790",37,2019,130.0,1.0,2.0,1.0,2154698,7.0,2,4,1,4.0,,0.0,0,1961.0,B01,138Â 296Â 092,1.0,-1.0,-1.0,1645320,2.0,7,,3.0,0.0,0.0,A01,138Â 296Â 093,1.0
964015,201900005546,9,1,06:25,3,1,1,2.0,4.0,37266,a10,M,"47,3172730","0,6888790",37,2019,130.0,1.0,2.0,1.0,2154699,1.0,1,1,2,5.0,,0.0,0,1965.0,A01,138Â 296Â 093,1.0,-1.0,-1.0,1645317,1.0,7,,0.0,9.0,1.0,D01,138Â 296Â 090,1.0
964015,201900005546,9,1,06:25,3,1,1,2.0,4.0,37266,a10,M,"47,3172730","0,6888790",37,2019,130.0,1.0,2.0,1.0,2154699,1.0,1,1,2,5.0,,0.0,0,1965.0,A01,138Â 296Â 093,1.0,-1.0,-1.0,1645318,1.0,7,,0.0,9.0,1.0,C01,138Â 296Â 091,1.0
964015,201900005546,9,1,06:25,3,1,1,2.0,4.0,37266,a10,M,"47,3172730","0,6888790",37,2019,130.0,1.0,2.0,1.0,2154699,1.0,1,1,2,5.0,,0.0,0,1965.0,A01,138Â 296Â 093,1.0,-1.0,-1.0,1645319,1.0,7,,3.0,2.0,1.0,B01,138Â 296Â 092,1.0
964015,201900005546,9,1,06:25,3,1,1,2.0,4.0,37266,a10,M,"47,3172730","0,6888790",37,2019,130.0,1.0,2.0,1.0,2154699,1.0,1,1,2,5.0,,0.0,0,1965.0,A01,138Â 296Â 093,1.0,-1.0,-1.0,1645320,2.0,7,,3.0,0.0,0.0,A01,138Â 296Â 093,1.0
964016,201900005547,12,6,18:20,5,2,1,2.0,7.0,51250,RUE HILDEVERT LEFEVRE,M,"49,3115874","3,6796396",51,2019,50.0,1.0,2.0,4.0,2154700,1.0,1,1,1,0.0,,0.0,0,1957.0,A01,138Â 296Â 089,1.0,-1.0,-1.0,1645321,2.0,7,,0.0,1.0,2.0,A01,138Â 296Â 089,1.0
964016,201900005547,12,6,18:20,5,2,1,2.0,7.0,51250,RUE HILDEVERT LEFEVRE,M,"49,3115874","3,6796396",51,2019,50.0,1.0,2.0,4.0,2154701,10.0,3,4,2,3.0,,4.0,3,1985.0,A01,138Â 296Â 089,0.0,-1.0,-1.0,1645321,2.0,7,,0.0,1.0,2.0,A01,138Â 296Â 089,1.0
964017,201900005548,12,12,17:45,3,2,2,3.0,5.0,86137,16 Avenue de Ouagadougou,M,"47,0188140","0,0913670",86,2019,50.0,1.0,2.0,4.0,2154702,1.0,1,3,1,1.0,,0.0,0,1998.0,B01,138Â 296Â 086,2.0,-1.0,-1.0,1645322,3.0,2,,1.0,2.0,8.0,B01,138Â 296Â 086,1.0
964017,201900005548,12,12,17:45,3,2,2,3.0,5.0,86137,16 Avenue de Ouagadougou,M,"47,0188140","0,0913670",86,2019,50.0,1.0,2.0,4.0,2154702,1.0,1,3,1,1.0,,0.0,0,1998.0,B01,138Â 296Â 086,2.0,-1.0,-1.0,1645323,3.0,7,,0.0,2.0,3.0,A01,138Â 296Â 087,1.0
964017,201900005548,12,12,17:45,3,2,2,3.0,5.0,86137,16 Avenue de Ouagadougou,M,"47,0188140","0,0913670",86,2019,50.0,1.0,2.0,4.0,2154702,1.0,1,3,1,1.0,,0.0,0,1998.0,B01,138Â 296Â 086,2.0,-1.0,-1.0,1645324,0.0,7,,0.0,2.0,2.0,C01,138Â 296Â 088,1.0
964017,201900005548,12,12,17:45,3,2,2,3.0,5.0,86137,16 Avenue de Ouagadougou,M,"47,0188140","0,0913670",86,2019,50.0,1.0,2.0,4.0,2154703,1.0,1,1,1,1.0,,0.0,0,1971.0,A01,138Â 296Â 087,1.0,-1.0,-1.0,1645322,3.0,2,,1.0,2.0,8.0,B01,138Â 296Â 086,1.0
964017,201900005548,12,12,17:45,3,2,2,3.0,5.0,86137,16 Avenue de Ouagadougou,M,"47,0188140","0,0913670",86,2019,50.0,1.0,2.0,4.0,2154703,1.0,1,1,1,1.0,,0.0,0,1971.0,A01,138Â 296Â 087,1.0,-1.0,-1.0,1645323,3.0,7,,0.0,2.0,3.0,A01,138Â 296Â 087,1.0
964017,201900005548,12,12,17:45,3,2,2,3.0,5.0,86137,16 Avenue de Ouagadougou,M,"47,0188140","0,0913670",86,2019,50.0,1.0,2.0,4.0,2154703,1.0,1,1,1,1.0,,0.0,0,1971.0,A01,138Â 296Â 087,1.0,-1.0,-1.0,1645324,0.0,7,,0.0,2.0,2.0,C01,138Â 296Â 088,1.0
964017,201900005548,12,12,17:45,3,2,2,3.0,5.0,86137,16 Avenue de Ouagadougou,M,"47,0188140","0,0913670",86,2019,50.0,1.0,2.0,4.0,2154704,1.0,1,1,1,4.0,,0.0,0,1967.0,C01,138Â 296Â 088,1.0,-1.0,-1.0,1645322,3.0,2,,1.0,2.0,8.0,B01,138Â 296Â 086,1.0
964017,201900005548,12,12,17:45,3,2,2,3.0,5.0,86137,16 Avenue de Ouagadougou,M,"47,0188140","0,0913670",86,2019,50.0,1.0,2.0,4.0,2154704,1.0,1,1,1,4.0,,0.0,0,1967.0,C01,138Â 296Â 088,1.0,-1.0,-1.0,1645323,3.0,7,,0.0,2.0,3.0,A01,138Â 296Â 087,1.0
964017,201900005548,12,12,17:45,3,2,2,3.0,5.0,86137,16 Avenue de Ouagadougou,M,"47,0188140","0,0913670",86,2019,50.0,1.0,2.0,4.0,2154704,1.0,1,1,1,4.0,,0.0,0,1967.0,C01,138Â 296Â 088,1.0,-1.0,-1.0,1645324,0.0,7,,0.0,2.0,2.0,C01,138Â 296Â 088,1.0
964018,201900005549,12,29,17:05,2,1,1,1.0,7.0,60080,D115,M,"49,2812592","1,9294976",60,2019,80.0,3.0,1.0,3.0,2154705,9.0,2,4,2,5.0,,0.0,0,2001.0,A01,138Â 296Â 085,1.0,-1.0,-1.0,1645325,0.0,7,,0.0,0.0,9.0,A01,138Â 296Â 085,1.0
964018,201900005549,12,29,17:05,2,1,1,1.0,7.0,60080,D115,M,"49,2812592","1,9294976",60,2019,80.0,3.0,1.0,3.0,2154706,1.0,1,3,1,5.0,,0.0,0,1999.0,A01,138Â 296Â 085,1.0,-1.0,-1.0,1645325,0.0,7,,0.0,0.0,9.0,A01,138Â 296Â 085,1.0
964019,201900005550,12,21,00:23,3,1,1,1.0,7.0,77484,A4,M,"48,9080545","2,9439421",77,2019,130.0,3.0,1.0,1.0,2154707,1.0,1,1,1,5.0,,0.0,0,1997.0,A01,138Â 296Â 084,1.0,-1.0,-1.0,1645326,1.0,7,,16.0,0.0,8.0,A01,138Â 296Â 084,1.0
964019,201900005550,12,21,00:23,3,1,1,1.0,7.0,77484,A4,M,"48,9080545","2,9439421",77,2019,130.0,3.0,1.0,1.0,2154708,9.0,2,1,1,5.0,,0.0,0,1993.0,A01,138Â 296Â 084,1.0,-1.0,-1.0,1645326,1.0,7,,16.0,0.0,8.0,A01,138Â 296Â 084,1.0
964019,201900005550,12,21,00:23,3,1,1,1.0,7.0,77484,A4,M,"48,9080545","2,9439421",77,2019,130.0,3.0,1.0,1.0,2154709,7.0,2,4,2,5.0,,0.0,0,1995.0,A01,138Â 296Â 084,1.0,-1.0,-1.0,1645326,1.0,7,,16.0,0.0,8.0,A01,138Â 296Â 084,1.0
964019,201900005550,12,21,00:23,3,1,1,1.0,7.0,77484,A4,M,"48,9080545","2,9439421",77,2019,130.0,3.0,1.0,1.0,2154710,2.0,2,1,1,5.0,,0.0,0,1996.0,A01,138Â 296Â 084,1.0,-1.0,-1.0,1645326,1.0,7,,16.0,0.0,8.0,A01,138Â 296Â 084,1.0
964020,201900005551,5,22,17:40,1,2,1,1.0,6.0,35363,,M,"48,0103090"," -1,7008870",35,2019,50.0,1.0,1.0,4.0,2154711,10.0,3,4,2,5.0,,3.0,3,2006.0,A01,138Â 296Â 083,-1.0,-1.0,-1.0,1645327,3.0,7,,0.0,1.0,2.0,A01,138Â 296Â 083,1.0
964020,201900005551,5,22,17:40,1,2,1,1.0,6.0,35363,,M,"48,0103090"," -1,7008870",35,2019,50.0,1.0,1.0,4.0,2154712,1.0,1,1,2,1.0,,0.0,0,1976.0,A01,138Â 296Â 083,-1.0,-1.0,-1.0,1645327,3.0,7,,0.0,1.0,2.0,A01,138Â 296Â 083,1.0
964021,201900005552,11,30,18:00,3,2,1,1.0,6.0,55029,VEEL ( RUE DE ),M,"48,7665500","5,1505700",55,2019,50.0,4.0,1.0,4.0,2154713,1.0,1,3,1,5.0,,-1.0, -1,1993.0,A01,138Â 296Â 082,2.0,0.0,-1.0,1645328,2.0,2,,9.0,0.0,1.0,A01,138Â 296Â 082,1.0
964022,201900005553,12,23,04:55,3,1,1,1.0,7.0,10339,D442,M,"48,4013570","3,7701920",10,2019,80.0,8.0,1.0,3.0,2154714,1.0,1,4,2,1.0,,0.0,0,1987.0,A01,138Â 296Â 081,1.0,-1.0,-1.0,1645329,2.0,7,,16.0,0.0,2.0,A01,138Â 296Â 081,0.0
964023,201900005554,12,29,14:15,1,2,1,1.0,6.0,38553,87 Avenue des Pins,M,"45,6032500","5,1467470",38,2019,50.0,1.0,1.0,4.0,2154715,1.0,1,4,1,0.0,,0.0,0,1997.0,A01,138Â 296Â 080,2.0,-1.0,-1.0,1645330,1.0,33,,8.0,0.0,1.0,A01,138Â 296Â 080,1.0