Unnamed: 0_x,num_acc,mois,jour,hrmn,lum,agg,int,atm,col,com,adr,gps,lat,long,dep,annee,vma,situ,surf,catr,Unnamed: 0_y,place,catu,grav,sexe,trajet,secu,locp,actp,an_nais,num_veh_x,id_vehicule_x,secu1,secu2,secu3,Unnamed: 0,senc,catv,occutc,obs,obsm,choc,num_veh_y,id_vehicule_y,motor
964024,201900005555,10,9,05:20,4,2,2,1.0,3.0,84007,PIERRE SEMARD (avenue),M,"43,9339900","4,8316200",84,2019,50.0,1.0,1.0,4.0,2154716,3.0,2,1,2,5.0,,-1.0,0,1999.0,A01,138Â 296Â 078,1.0,0.0,-1.0,1645331,3.0,7,,0.0,2.0,1.0,A01,138Â 296Â 078,1.0
964024,201900005555,10,9,05:20,4,2,2,1.0,3.0,84007,PIERRE SEMARD (avenue),M,"43,9339900","4,8316200",84,2019,50.0,1.0,1.0,4.0,2154716,3.0,2,1,2,5.0,,-1.0,0,1999.0,A01,138Â 296Â 078,1.0,0.0,-1.0,1645332,3.0,7,,0.0,2.0,3.0,B01,138Â 296Â 079,1.0
964024,201900005555,10,9,05:20,4,2,2,1.0,3.0,84007,PIERRE SEMARD (avenue),M,"43,9339900","4,8316200",84,2019,50.0,1.0,1.0,4.0,2154717,2.0,2,1,2,0.0,,-1.0,0,1993.0,A01,138Â 296Â 078,1.0,0.0,-1.0,1645331,3.0,7,,0.0,2.0,1.0,A01,138Â 296Â 078,1.0
964024,201900005555,10,9,05:20,4,2,2,1.0,3.0,84007,PIERRE SEMARD (avenue),M,"43,9339900","4,8316200",84,2019,50.0,1.0,1.0,4.0,2154717,2.0,2,1,2,0.0,,-1.0,0,1993.0,A01,138Â 296Â 078,1.0,0.0,-1.0,1645332,3.0,7,,0.0,2.0,3.0,B01,138Â 296Â 079,1.0
964024,201900005555,10,9,05:20,4,2,2,1.0,3.0,84007,PIERRE SEMARD (avenue),M,"43,9339900","4,8316200",84,2019,50.0,1.0,1.0,4.0,2154718,1.0,1,4,1,5.0,,-1.0, -1,1975.0,A01,138Â 296Â 078,1.0,0.0,-1.0,1645331,3.0,7,,0.0,2.0,1.0,A01,138Â 296Â 078,1.0
964024,201900005555,10,9,05:20,4,2,2,1.0,3.0,84007,PIERRE SEMARD (avenue),M,"43,9339900","4,8316200",84,2019,50.0,1.0,1.0,4.0,2154718,1.0,1,4,1,5.0,,-1.0, -1,1975.0,A01,138Â 296Â 078,1.0,0.0,-1.0,1645332,3.0,7,,0.0,2.0,3.0,B01,138Â 296Â 079,1.0
964024,201900005555,10,9,05:20,4,2,2,1.0,3.0,84007,PIERRE SEMARD (avenue),M,"43,9339900","4,8316200",84,2019,50.0,1.0,1.0,4.0,2154719,1.0,1,3,1,1.0,,-1.0,0,1994.0,B01,138Â 296Â 079,1.0,0.0,-1.0,1645331,3.0,7,,0.0,2.0,1.0,A01,138Â 296Â 078,1.0
964024,201900005555,10,9,05:20,4,2,2,1.0,3.0,84007,PIERRE SEMARD (avenue),M,"43,9339900","4,8316200",84,2019,50.0,1.0,1.0,4.0,2154719,1.0,1,3,1,1.0,,-1.0,0,1994.0,B01,138Â 296Â 079,1.0,0.0,-1.0,1645332,3.0,7,,0.0,2.0,3.0,B01,138Â 296Â 079,1.0
964025,201900005556,7,25,09:10,1,2,2,1.0,3.0,75117,BOULEVARD BERTHIER,M,"48,8901166","2,3038083",75,2019,50.0,1.0,1.0,4.0,2154720,1.0,1,4,1,9.0,,0.0,0,1980.0,B01,138Â 296Â 076,2.0,0.0,-1.0,1645333,1.0,50,,0.0,2.0,1.0,B01,138Â 296Â 076,3.0
964025,201900005556,7,25,09:10,1,2,2,1.0,3.0,75117,BOULEVARD BERTHIER,M,"48,8901166","2,3038083",75,2019,50.0,1.0,1.0,4.0,2154720,1.0,1,4,1,9.0,,0.0,0,1980.0,B01,138Â 296Â 076,2.0,0.0,-1.0,1645334,1.0,10,,0.0,2.0,7.0,A01,138Â 296Â 077,1.0
964025,201900005556,7,25,09:10,1,2,2,1.0,3.0,75117,BOULEVARD BERTHIER,M,"48,8901166","2,3038083",75,2019,50.0,1.0,1.0,4.0,2154721,1.0,1,1,1,4.0,,0.0,0,1998.0,A01,138Â 296Â 077,1.0,0.0,-1.0,1645333,1.0,50,,0.0,2.0,1.0,B01,138Â 296Â 076,3.0
964025,201900005556,7,25,09:10,1,2,2,1.0,3.0,75117,BOULEVARD BERTHIER,M,"48,8901166","2,3038083",75,2019,50.0,1.0,1.0,4.0,2154721,1.0,1,1,1,4.0,,0.0,0,1998.0,A01,138Â 296Â 077,1.0,0.0,-1.0,1645334,1.0,10,,0.0,2.0,7.0,A01,138Â 296Â 077,1.0
964026,201900005557,10,17,17:30,2,1,1,3.0,6.0,25519,CD 437,M,"47,2960400","6,8034120",25,2019,80.0,8.0,2.0,3.0,2154722,1.0,1,2,1,3.0,,0.0,0,1952.0,A01,138Â 296Â 075,0.0,-1.0,-1.0,1645335,2.0,7,,2.0,0.0,1.0,A01,138Â 296Â 075,1.0
964027,201900005558,12,31,09:20,1,1,1,5.0,1.0,49328,VIEUX VIVY (ROUTE DU),M,"47,3052600"," -0,0728600",49,2019,70.0,1.0,2.0,4.0,2154723,4.0,2,4,1,5.0,,-1.0,0,2014.0,B01,138Â 296Â 072,3.0,0.0,-1.0,1645336,2.0,7,,0.0,2.0,1.0,B01,138Â 296Â 072,1.0
964027,201900005558,12,31,09:20,1,1,1,5.0,1.0,49328,VIEUX VIVY (ROUTE DU),M,"47,3052600"," -0,0728600",49,2019,70.0,1.0,2.0,4.0,2154723,4.0,2,4,1,5.0,,-1.0,0,2014.0,B01,138Â 296Â 072,3.0,0.0,-1.0,1645337,1.0,7,,0.0,2.0,1.0,A01,138Â 296Â 073,1.0
964027,201900005558,12,31,09:20,1,1,1,5.0,1.0,49328,VIEUX VIVY (ROUTE DU),M,"47,3052600"," -0,0728600",49,2019,70.0,1.0,2.0,4.0,2154724,1.0,1,4,2,5.0,,-1.0,0,1985.0,B01,138Â 296Â 072,1.0,0.0,-1.0,1645336,2.0,7,,0.0,2.0,1.0,B01,138Â 296Â 072,1.0
964027,201900005558,12,31,09:20,1,1,1,5.0,1.0,49328,VIEUX VIVY (ROUTE DU),M,"47,3052600"," -0,0728600",49,2019,70.0,1.0,2.0,4.0,2154724,1.0,1,4,2,5.0,,-1.0,0,1985.0,B01,138Â 296Â 072,1.0,0.0,-1.0,1645337,1.0,7,,0.0,2.0,1.0,A01,138Â 296Â 073,1.0
964027,201900005558,12,31,09:20,1,1,1,5.0,1.0,49328,VIEUX VIVY (ROUTE DU),M,"47,3052600"," -0,0728600",49,2019,70.0,1.0,2.0,4.0,2154725,2.0,2,4,1,5.0,,-1.0,0,1981.0,B01,138Â 296Â 072,1.0,0.0,-1.0,1645336,2.0,7,,0.0,2.0,1.0,B01,138Â 296Â 072,1.0
964027,201900005558,12,31,09:20,1,1,1,5.0,1.0,49328,VIEUX VIVY (ROUTE DU),M,"47,3052600"," -0,0728600",49,2019,70.0,1.0,2.0,4.0,2154725,2.0,2,4,1,5.0,,-1.0,0,1981.0,B01,138Â 296Â 072,1.0,0.0,-1.0,1645337,1.0,7,,0.0,2.0,1.0,A01,138Â 296Â 073,1.0
964027,201900005558,12,31,09:20,1,1,1,5.0,1.0,49328,VIEUX VIVY (ROUTE DU),M,"47,3052600"," -0,0728600",49,2019,70.0,1.0,2.0,4.0,2154726,1.0,1,3,1,5.0,,-1.0, -1,1999.0,A01,138Â 296Â 073,1.0,0.0,-1.0,1645336,2.0,7,,0.0,2.0,1.0,B01,138Â 296Â 072,1.0
964027,201900005558,12,31,09:20,1,1,1,5.0,1.0,49328,VIEUX VIVY (ROUTE DU),M,"47,3052600"," -0,0728600",49,2019,70.0,1.0,2.0,4.0,2154726,1.0,1,3,1,5.0,,-1.0, -1,1999.0,A01,138Â 296Â 073,1.0,0.0,-1.0,1645337,1.0,7,,0.0,2.0,1.0,A01,138Â 296Â 073,1.0
964028,201900005559,12,16,17:10,2,2,3,1.0,7.0,35236,Boulevard Bonne Nouvelle,M,"47,6503640"," -2,0815600",35,2019,50.0,8.0,3.0,3.0,2154727,1.0,1,2,2,5.0,,0.0,0,1935.0,A01,138Â 296Â 069,8.0,-1.0,-1.0,1645338,2.0,7,,16.0,0.0,1.0,A01,138Â 296Â 069,1.0
964029,201900005560,12,27,18:18,3,1,1,1.0,7.0,39063,,M,"46,5915670","5,8390090",39,2019,80.0,8.0,1.0,3.0,2154728,2.0,2,1,1,5.0,,0.0,0,1966.0,A01,138Â 296Â 068,1.0,-1.0,-1.0,1645339,2.0,7,,0.0,0.0,1.0,A01,138Â 296Â 068,1.0
964029,201900005560,12,27,18:18,3,1,1,1.0,7.0,39063,,M,"46,5915670","5,8390090",39,2019,80.0,8.0,1.0,3.0,2154729,1.0,1,1,1,5.0,,0.0,0,1998.0,A01,138Â 296Â 068,1.0,-1.0,-1.0,1645339,2.0,7,,0.0,0.0,1.0,A01,138Â 296Â 068,1.0
964029,201900005560,12,27,18:18,3,1,1,1.0,7.0,39063,,M,"46,5915670","5,8390090",39,2019,80.0,8.0,1.0,3.0,2154730,8.0,2,4,2,5.0,,0.0,0,1998.0,A01,138Â 296Â 068,1.0,-1.0,-1.0,1645339,2.0,7,,0.0,0.0,1.0,A01,138Â 296Â 068,1.0
964029,201900005560,12,27,18:18,3,1,1,1.0,7.0,39063,,M,"46,5915670","5,8390090",39,2019,80.0,8.0,1.0,3.0,2154731,9.0,2,4,2,5.0,,0.0,0,1968.0,A01,138Â 296Â 068,1.0,-1.0,-1.0,1645339,2.0,7,,0.0,0.0,1.0,A01,138Â 296Â 068,1.0
964030,201900005561,12,22,18:30,3,1,2,2.0,3.0,44157,L'Ardillais,M,"46,9421350"," -1,7309840",44,2019,80.0,1.0,2.0,3.0,2154732,1.0,1,4,1,5.0,,0.0,0,1972.0,A01,138Â 296Â 066,1.0,5.0,-1.0,1645340,1.0,7,,0.0,2.0,1.0,A01,138Â 296Â 066,1.0
964030,201900005561,12,22,18:30,3,1,2,2.0,3.0,44157,L'Ardillais,M,"46,9421350"," -1,7309840",44,2019,80.0,1.0,2.0,3.0,2154732,1.0,1,4,1,5.0,,0.0,0,1972.0,A01,138Â 296Â 066,1.0,5.0,-1.0,1645341,1.0,7,,7.0,2.0,8.0,B01,138Â 296Â 067,1.0
964030,201900005561,12,22,18:30,3,1,2,2.0,3.0,44157,L'Ardillais,M,"46,9421350"," -1,7309840",44,2019,80.0,1.0,2.0,3.0,2154733,2.0,2,4,2,5.0,,0.0,0,1975.0,A01,138Â 296Â 066,1.0,5.0,-1.0,1645340,1.0,7,,0.0,2.0,1.0,A01,138Â 296Â 066,1.0
964030,201900005561,12,22,18:30,3,1,2,2.0,3.0,44157,L'Ardillais,M,"46,9421350"," -1,7309840",44,2019,80.0,1.0,2.0,3.0,2154733,2.0,2,4,2,5.0,,0.0,0,1975.0,A01,138Â 296Â 066,1.0,5.0,-1.0,1645341,1.0,7,,7.0,2.0,8.0,B01,138Â 296Â 067,1.0
964030,201900005561,12,22,18:30,3,1,2,2.0,3.0,44157,L'Ardillais,M,"46,9421350"," -1,7309840",44,2019,80.0,1.0,2.0,3.0,2154734,2.0,2,4,2,5.0,,0.0,0,2000.0,B01,138Â 296Â 067,1.0,5.0,-1.0,1645340,1.0,7,,0.0,2.0,1.0,A01,138Â 296Â 066,1.0
964030,201900005561,12,22,18:30,3,1,2,2.0,3.0,44157,L'Ardillais,M,"46,9421350"," -1,7309840",44,2019,80.0,1.0,2.0,3.0,2154734,2.0,2,4,2,5.0,,0.0,0,2000.0,B01,138Â 296Â 067,1.0,5.0,-1.0,1645341,1.0,7,,7.0,2.0,8.0,B01,138Â 296Â 067,1.0
964030,201900005561,12,22,18:30,3,1,2,2.0,3.0,44157,L'Ardillais,M,"46,9421350"," -1,7309840",44,2019,80.0,1.0,2.0,3.0,2154735,9.0,2,4,2,5.0,,0.0,0,2000.0,B01,138Â 296Â 067,1.0,-1.0,-1.0,1645340,1.0,7,,0.0,2.0,1.0,A01,138Â 296Â 066,1.0
964030,201900005561,12,22,18:30,3,1,2,2.0,3.0,44157,L'Ardillais,M,"46,9421350"," -1,7309840",44,2019,80.0,1.0,2.0,3.0,2154735,9.0,2,4,2,5.0,,0.0,0,2000.0,B01,138Â 296Â 067,1.0,-1.0,-1.0,1645341,1.0,7,,7.0,2.0,8.0,B01,138Â 296Â 067,1.0
964030,201900005561,12,22,18:30,3,1,2,2.0,3.0,44157,L'Ardillais,M,"46,9421350"," -1,7309840",44,2019,80.0,1.0,2.0,3.0,2154736,1.0,1,3,1,5.0,,0.0,0,1999.0,B01,138Â 296Â 067,1.0,5.0,-1.0,1645340,1.0,7,,0.0,2.0,1.0,A01,138Â 296Â 066,1.0
964030,201900005561,12,22,18:30,3,1,2,2.0,3.0,44157,L'Ardillais,M,"46,9421350"," -1,7309840",44,2019,80.0,1.0,2.0,3.0,2154736,1.0,1,3,1,5.0,,0.0,0,1999.0,B01,138Â 296Â 067,1.0,5.0,-1.0,1645341,1.0,7,,7.0,2.0,8.0,B01,138Â 296Â 067,1.0
964031,201900005562,12,23,17:15,2,1,1,1.0,3.0,34213,RD613,M,"43,4743750","3,6890120",34,2019,80.0,1.0,1.0,3.0,2154737,1.0,1,1,1,0.0,,0.0,0,1947.0,B01,138Â 296Â 064,1.0,5.0,-1.0,1645342,0.0,7,,0.0,0.0,2.0,B01,138Â 296Â 064,1.0
964031,201900005562,12,23,17:15,2,1,1,1.0,3.0,34213,RD613,M,"43,4743750","3,6890120",34,2019,80.0,1.0,1.0,3.0,2154737,1.0,1,1,1,0.0,,0.0,0,1947.0,B01,138Â 296Â 064,1.0,5.0,-1.0,1645343,0.0,7,,0.0,0.0,3.0,A01,138Â 296Â 065,0.0
964031,201900005562,12,23,17:15,2,1,1,1.0,3.0,34213,RD613,M,"43,4743750","3,6890120",34,2019,80.0,1.0,1.0,3.0,2154738,2.0,2,4,2,0.0,,0.0,0,1949.0,B01,138Â 296Â 064,1.0,-1.0,-1.0,1645342,0.0,7,,0.0,0.0,2.0,B01,138Â 296Â 064,1.0
964031,201900005562,12,23,17:15,2,1,1,1.0,3.0,34213,RD613,M,"43,4743750","3,6890120",34,2019,80.0,1.0,1.0,3.0,2154738,2.0,2,4,2,0.0,,0.0,0,1949.0,B01,138Â 296Â 064,1.0,-1.0,-1.0,1645343,0.0,7,,0.0,0.0,3.0,A01,138Â 296Â 065,0.0
964031,201900005562,12,23,17:15,2,1,1,1.0,3.0,34213,RD613,M,"43,4743750","3,6890120",34,2019,80.0,1.0,1.0,3.0,2154739,3.0,2,1,1,5.0,,0.0,0,2009.0,A01,138Â 296Â 065,1.0,-1.0,-1.0,1645342,0.0,7,,0.0,0.0,2.0,B01,138Â 296Â 064,1.0
964031,201900005562,12,23,17:15,2,1,1,1.0,3.0,34213,RD613,M,"43,4743750","3,6890120",34,2019,80.0,1.0,1.0,3.0,2154739,3.0,2,1,1,5.0,,0.0,0,2009.0,A01,138Â 296Â 065,1.0,-1.0,-1.0,1645343,0.0,7,,0.0,0.0,3.0,A01,138Â 296Â 065,0.0
964031,201900005562,12,23,17:15,2,1,1,1.0,3.0,34213,RD613,M,"43,4743750","3,6890120",34,2019,80.0,1.0,1.0,3.0,2154740,4.0,2,1,2,5.0,,0.0,0,2011.0,A01,138Â 296Â 065,1.0,-1.0,-1.0,1645342,0.0,7,,0.0,0.0,2.0,B01,138Â 296Â 064,1.0
964031,201900005562,12,23,17:15,2,1,1,1.0,3.0,34213,RD613,M,"43,4743750","3,6890120",34,2019,80.0,1.0,1.0,3.0,2154740,4.0,2,1,2,5.0,,0.0,0,2011.0,A01,138Â 296Â 065,1.0,-1.0,-1.0,1645343,0.0,7,,0.0,0.0,3.0,A01,138Â 296Â 065,0.0
964031,201900005562,12,23,17:15,2,1,1,1.0,3.0,34213,RD613,M,"43,4743750","3,6890120",34,2019,80.0,1.0,1.0,3.0,2154741,1.0,1,1,1,5.0,,0.0,0,1965.0,A01,138Â 296Â 065,1.0,5.0,-1.0,1645342,0.0,7,,0.0,0.0,2.0,B01,138Â 296Â 064,1.0
964031,201900005562,12,23,17:15,2,1,1,1.0,3.0,34213,RD613,M,"43,4743750","3,6890120",34,2019,80.0,1.0,1.0,3.0,2154741,1.0,1,1,1,5.0,,0.0,0,1965.0,A01,138Â 296Â 065,1.0,5.0,-1.0,1645343,0.0,7,,0.0,0.0,3.0,A01,138Â 296Â 065,0.0
964031,201900005562,12,23,17:15,2,1,1,1.0,3.0,34213,RD613,M,"43,4743750","3,6890120",34,2019,80.0,1.0,1.0,3.0,2154742,2.0,2,4,2,5.0,,0.0,0,1989.0,A01,138Â 296Â 065,1.0,5.0,-1.0,1645342,0.0,7,,0.0,0.0,2.0,B01,138Â 296Â 064,1.0
964031,201900005562,12,23,17:15,2,1,1,1.0,3.0,34213,RD613,M,"43,4743750","3,6890120",34,2019,80.0,1.0,1.0,3.0,2154742,2.0,2,4,2,5.0,,0.0,0,1989.0,A01,138Â 296Â 065,1.0,5.0,-1.0,1645343,0.0,7,,0.0,0.0,3.0,A01,138Â 296Â 065,0.0
964032,201900005563,12,22,16:50,2,1,1,1.0,1.0,13035,Chemin du Col de Melet,M,"43,6914360","5,0179220",13,2019,50.0,1.0,1.0,4.0,2154743,1.0,1,3,1,5.0,,0.0,0,1995.0,B01,138Â 296Â 062,2.0,-1.0,-1.0,1645344,0.0,33,,0.0,2.0,1.0,B01,138Â 296Â 062,1.0
964032,201900005563,12,22,16:50,2,1,1,1.0,1.0,13035,Chemin du Col de Melet,M,"43,6914360","5,0179220",13,2019,50.0,1.0,1.0,4.0,2154743,1.0,1,3,1,5.0,,0.0,0,1995.0,B01,138Â 296Â 062,2.0,-1.0,-1.0,1645345,3.0,10,,0.0,2.0,3.0,A01,138Â 296Â 063,1.0
964032,201900005563,12,22,16:50,2,1,1,1.0,1.0,13035,Chemin du Col de Melet,M,"43,6914360","5,0179220",13,2019,50.0,1.0,1.0,4.0,2154744,1.0,1,1,1,5.0,,0.0,0,1979.0,A01,138Â 296Â 063,1.0,-1.0,-1.0,1645344,0.0,33,,0.0,2.0,1.0,B01,138Â 296Â 062,1.0
964032,201900005563,12,22,16:50,2,1,1,1.0,1.0,13035,Chemin du Col de Melet,M,"43,6914360","5,0179220",13,2019,50.0,1.0,1.0,4.0,2154744,1.0,1,1,1,5.0,,0.0,0,1979.0,A01,138Â 296Â 063,1.0,-1.0,-1.0,1645345,3.0,10,,0.0,2.0,3.0,A01,138Â 296Â 063,1.0
964033,201900005564,12,20,18:15,3,1,1,9.0,1.0,26332,A7,M,"45,2083090","4,8716490",26,2019,130.0,1.0,2.0,1.0,2154745,1.0,1,2,1,5.0,,0.0,0,1967.0,B01,138Â 296Â 060,1.0,-1.0,-1.0,1645346,2.0,7,,0.0,2.0,1.0,B01,138Â 296Â 060,1.0
964033,201900005564,12,20,18:15,3,1,1,9.0,1.0,26332,A7,M,"45,2083090","4,8716490",26,2019,130.0,1.0,2.0,1.0,2154745,1.0,1,2,1,5.0,,0.0,0,1967.0,B01,138Â 296Â 060,1.0,-1.0,-1.0,1645347,2.0,7,,0.0,2.0,1.0,A01,138Â 296Â 061,1.0
964033,201900005564,12,20,18:15,3,1,1,9.0,1.0,26332,A7,M,"45,2083090","4,8716490",26,2019,130.0,1.0,2.0,1.0,2154746,2.0,2,4,2,5.0,,0.0,0,1986.0,A01,138Â 296Â 061,1.0,-1.0,-1.0,1645346,2.0,7,,0.0,2.0,1.0,B01,138Â 296Â 060,1.0
964033,201900005564,12,20,18:15,3,1,1,9.0,1.0,26332,A7,M,"45,2083090","4,8716490",26,2019,130.0,1.0,2.0,1.0,2154746,2.0,2,4,2,5.0,,0.0,0,1986.0,A01,138Â 296Â 061,1.0,-1.0,-1.0,1645347,2.0,7,,0.0,2.0,1.0,A01,138Â 296Â 061,1.0
964033,201900005564,12,20,18:15,3,1,1,9.0,1.0,26332,A7,M,"45,2083090","4,8716490",26,2019,130.0,1.0,2.0,1.0,2154747,1.0,1,3,1,5.0,,0.0,0,1971.0,A01,138Â 296Â 061,1.0,-1.0,-1.0,1645346,2.0,7,,0.0,2.0,1.0,B01,138Â 296Â 060,1.0
964033,201900005564,12,20,18:15,3,1,1,9.0,1.0,26332,A7,M,"45,2083090","4,8716490",26,2019,130.0,1.0,2.0,1.0,2154747,1.0,1,3,1,5.0,,0.0,0,1971.0,A01,138Â 296Â 061,1.0,-1.0,-1.0,1645347,2.0,7,,0.0,2.0,1.0,A01,138Â 296Â 061,1.0
964034,201900005565,12,28,22:45,5,2,2,1.0,2.0,59063,75 Rue Victor Watremez,M,"50,1410560","3,3814910",59,2019,50.0,1.0,1.0,3.0,2154748,9.0,2,1,1,5.0,,0.0,0,1994.0,B01,138Â 296Â 058,8.0,-1.0,-1.0,1645348,1.0,7,,0.0,2.0,2.0,B01,138Â 296Â 058,1.0
964034,201900005565,12,28,22:45,5,2,2,1.0,2.0,59063,75 Rue Victor Watremez,M,"50,1410560","3,3814910",59,2019,50.0,1.0,1.0,3.0,2154748,9.0,2,1,1,5.0,,0.0,0,1994.0,B01,138Â 296Â 058,8.0,-1.0,-1.0,1645349,2.0,7,,1.0,2.0,3.0,A01,138Â 296Â 059,1.0
964034,201900005565,12,28,22:45,5,2,2,1.0,2.0,59063,75 Rue Victor Watremez,M,"50,1410560","3,3814910",59,2019,50.0,1.0,1.0,3.0,2154749,1.0,1,1,1,5.0,,0.0,0,1964.0,B01,138Â 296Â 058,8.0,-1.0,-1.0,1645348,1.0,7,,0.0,2.0,2.0,B01,138Â 296Â 058,1.0
964034,201900005565,12,28,22:45,5,2,2,1.0,2.0,59063,75 Rue Victor Watremez,M,"50,1410560","3,3814910",59,2019,50.0,1.0,1.0,3.0,2154749,1.0,1,1,1,5.0,,0.0,0,1964.0,B01,138Â 296Â 058,8.0,-1.0,-1.0,1645349,2.0,7,,1.0,2.0,3.0,A01,138Â 296Â 059,1.0
964034,201900005565,12,28,22:45,5,2,2,1.0,2.0,59063,75 Rue Victor Watremez,M,"50,1410560","3,3814910",59,2019,50.0,1.0,1.0,3.0,2154750,2.0,2,1,2,5.0,,0.0,0,1966.0,B01,138Â 296Â 058,8.0,-1.0,-1.0,1645348,1.0,7,,0.0,2.0,2.0,B01,138Â 296Â 058,1.0
964034,201900005565,12,28,22:45,5,2,2,1.0,2.0,59063,75 Rue Victor Watremez,M,"50,1410560","3,3814910",59,2019,50.0,1.0,1.0,3.0,2154750,2.0,2,1,2,5.0,,0.0,0,1966.0,B01,138Â 296Â 058,8.0,-1.0,-1.0,1645349,2.0,7,,1.0,2.0,3.0,A01,138Â 296Â 059,1.0
964034,201900005565,12,28,22:45,5,2,2,1.0,2.0,59063,75 Rue Victor Watremez,M,"50,1410560","3,3814910",59,2019,50.0,1.0,1.0,3.0,2154751,9.0,2,4,1,5.0,,0.0,0,2004.0,A01,138Â 296Â 059,8.0,-1.0,-1.0,1645348,1.0,7,,0.0,2.0,2.0,B01,138Â 296Â 058,1.0
964034,201900005565,12,28,22:45,5,2,2,1.0,2.0,59063,75 Rue Victor Watremez,M,"50,1410560","3,3814910",59,2019,50.0,1.0,1.0,3.0,2154751,9.0,2,4,1,5.0,,0.0,0,2004.0,A01,138Â 296Â 059,8.0,-1.0,-1.0,1645349,2.0,7,,1.0,2.0,3.0,A01,138Â 296Â 059,1.0
964034,201900005565,12,28,22:45,5,2,2,1.0,2.0,59063,75 Rue Victor Watremez,M,"50,1410560","3,3814910",59,2019,50.0,1.0,1.0,3.0,2154752,2.0,2,3,1,5.0,,0.0,0,1992.0,A01,138Â 296Â 059,8.0,-1.0,-1.0,1645348,1.0,7,,0.0,2.0,2.0,B01,138Â 296Â 058,1.0
964034,201900005565,12,28,22:45,5,2,2,1.0,2.0,59063,75 Rue Victor Watremez,M,"50,1410560","3,3814910",59,2019,50.0,1.0,1.0,3.0,2154752,2.0,2,3,1,5.0,,0.0,0,1992.0,A01,138Â 296Â 059,8.0,-1.0,-1.0,1645349,2.0,7,,1.0,2.0,3.0,A01,138Â 296Â 059,1.0
964034,201900005565,12,28,22:45,5,2,2,1.0,2.0,59063,75 Rue Victor Watremez,M,"50,1410560","3,3814910",59,2019,50.0,1.0,1.0,3.0,2154753,1.0,1,1,2,5.0,,0.0,0,2001.0,A01,138Â 296Â 059,8.0,-1.0,-1.0,1645348,1.0,7,,0.0,2.0,2.0,B01,138Â 296Â 058,1.0
964034,201900005565,12,28,22:45,5,2,2,1.0,2.0,59063,75 Rue Victor Watremez,M,"50,1410560","3,3814910",59,2019,50.0,1.0,1.0,3.0,2154753,1.0,1,1,2,5.0,,0.0,0,2001.0,A01,138Â 296Â 059,8.0,-1.0,-1.0,1645349,2.0,7,,1.0,2.0,3.0,A01,138Â 296Â 059,1.0
964035,201900005566,11,16,18:00,3,1,1,1.0,3.0,30011,ARAMON RUE D',M,"43,9493000","4,7881000",30,2019,70.0,1.0,1.0,3.0,2154754,1.0,1,1,1,5.0,,-1.0, -1,1951.0,A01,138Â 296Â 056,1.0,0.0,-1.0,1645350,3.0,7,,0.0,2.0,3.0,A01,138Â 296Â 056,1.0
964035,201900005566,11,16,18:00,3,1,1,1.0,3.0,30011,ARAMON RUE D',M,"43,9493000","4,7881000",30,2019,70.0,1.0,1.0,3.0,2154754,1.0,1,1,1,5.0,,-1.0, -1,1951.0,A01,138Â 296Â 056,1.0,0.0,-1.0,1645351,3.0,31,,0.0,2.0,1.0,B01,138Â 296Â 057,1.0
964035,201900005566,11,16,18:00,3,1,1,1.0,3.0,30011,ARAMON RUE D',M,"43,9493000","4,7881000",30,2019,70.0,1.0,1.0,3.0,2154755,1.0,1,3,1,5.0,,-1.0, -1,2002.0,B01,138Â 296Â 057,2.0,0.0,-1.0,1645350,3.0,7,,0.0,2.0,3.0,A01,138Â 296Â 056,1.0
964035,201900005566,11,16,18:00,3,1,1,1.0,3.0,30011,ARAMON RUE D',M,"43,9493000","4,7881000",30,2019,70.0,1.0,1.0,3.0,2154755,1.0,1,3,1,5.0,,-1.0, -1,2002.0,B01,138Â 296Â 057,2.0,0.0,-1.0,1645351,3.0,31,,0.0,2.0,1.0,B01,138Â 296Â 057,1.0
964036,201900005567,9,27,23:00,5,2,3,1.0,6.0,02691,BLUM (BD LEON),M,"49,8409289","3,2913145",2,2019,50.0,1.0,1.0,4.0,2154756,10.0,3,3,2,0.0,,2.0,3,1958.0,A01,138Â 296Â 055,8.0,8.0,-1.0,1645352,2.0,7,,0.0,1.0,3.0,A01,138Â 296Â 055,1.0
964036,201900005567,9,27,23:00,5,2,3,1.0,6.0,02691,BLUM (BD LEON),M,"49,8409289","3,2913145",2,2019,50.0,1.0,1.0,4.0,2154757,1.0,1,1,2,5.0,,0.0,0,1970.0,A01,138Â 296Â 055,1.0,8.0,-1.0,1645352,2.0,7,,0.0,1.0,3.0,A01,138Â 296Â 055,1.0
964036,201900005567,9,27,23:00,5,2,3,1.0,6.0,02691,BLUM (BD LEON),M,"49,8409289","3,2913145",2,2019,50.0,1.0,1.0,4.0,2154758,10.0,3,1,2,5.0,,2.0,3,1976.0,A01,138Â 296Â 055,0.0,-1.0,-1.0,1645352,2.0,7,,0.0,1.0,3.0,A01,138Â 296Â 055,1.0
964036,201900005567,9,27,23:00,5,2,3,1.0,6.0,02691,BLUM (BD LEON),M,"49,8409289","3,2913145",2,2019,50.0,1.0,1.0,4.0,2154759,10.0,3,4,2,5.0,,2.0,3,2003.0,A01,138Â 296Â 055,0.0,-1.0,-1.0,1645352,2.0,7,,0.0,1.0,3.0,A01,138Â 296Â 055,1.0