Unnamed: 0_x,num_acc,mois,jour,hrmn,lum,agg,int,atm,col,com,adr,gps,lat,long,dep,annee,vma,situ,surf,catr,Unnamed: 0_y,place,catu,grav,sexe,trajet,secu,locp,actp,an_nais,num_veh_x,id_vehicule_x,secu1,secu2,secu3,Unnamed: 0,senc,catv,occutc,obs,obsm,choc,num_veh_y,id_vehicule_y,motor
964037,201900005568,5,6,15:15,1,2,1,1.0,6.0,92040,PDT ROOSEVELT (QUAI DU),M,"48,8311485","2,2619810",92,2019,50.0,1.0,1.0,3.0,2154760,10.0,3,2,2,5.0,,5.0,3,1951.0,A01,138Â 296Â 054,8.0,0.0,-1.0,1645353,1.0,17,,0.0,1.0,4.0,A01,138Â 296Â 054,0.0
964037,201900005568,5,6,15:15,1,2,1,1.0,6.0,92040,PDT ROOSEVELT (QUAI DU),M,"48,8311485","2,2619810",92,2019,50.0,1.0,1.0,3.0,2154761,1.0,1,1,1,4.0,,-1.0,0,1983.0,A01,138Â 296Â 054,1.0,8.0,-1.0,1645353,1.0,17,,0.0,1.0,4.0,A01,138Â 296Â 054,0.0
964038,201900005569,9,27,14:20,1,2,3,2.0,7.0,68333,Rue de la VallÃ©e,M,"47,6190060","7,2982120",68,2019,-1.0,1.0,2.0,3.0,2154762,1.0,1,3,1,5.0,,0.0,0,1960.0,A01,138Â 296Â 053,2.0,6.0,-1.0,1645354,2.0,2,,0.0,0.0,7.0,A01,138Â 296Â 053,1.0
964039,201900005570,10,2,18:20,2,2,1,1.0,6.0,62194,LATERALE ( RUE ),M,"50,4879040","2,4894550",62,2019,50.0,1.0,1.0,4.0,2154763,1.0,1,4,1,0.0,,-1.0, -1,1961.0,A01,138Â 296Â 052,2.0,6.0,-1.0,1645355,3.0,30,,0.0,2.0,7.0,A01,138Â 296Â 052,1.0
964040,201900005571,12,19,08:35,2,2,1,1.0,6.0,44109,COTY   ( BD PRESIDENT RENE),M,"47,2086360"," -1,5863240",44,2019,30.0,1.0,1.0,4.0,2154764,10.0,3,3,2,5.0,,3.0,3,1990.0,A01,138Â 296Â 051,0.0,-1.0,-1.0,1645356,1.0,7,,0.0,1.0,1.0,A01,138Â 296Â 051,1.0
964040,201900005571,12,19,08:35,2,2,1,1.0,6.0,44109,COTY   ( BD PRESIDENT RENE),M,"47,2086360"," -1,5863240",44,2019,30.0,1.0,1.0,4.0,2154765,1.0,1,1,2,1.0,,-1.0, -1,1994.0,A01,138Â 296Â 051,1.0,0.0,-1.0,1645356,1.0,7,,0.0,1.0,1.0,A01,138Â 296Â 051,1.0
964041,201900005572,11,22,17:00,1,2,6,1.0,6.0,22278,MAZIER (ANTOINE),M,"48,5140700"," -2,7424000",22,2019,30.0,1.0,1.0,4.0,2154766,1.0,1,4,2,9.0,,-1.0, -1,1990.0,A01,138Â 296Â 050,8.0,0.0,-1.0,1645357,3.0,7,,0.0,2.0,0.0,Z01,138Â 296Â 049,0.0
964041,201900005572,11,22,17:00,1,2,6,1.0,6.0,22278,MAZIER (ANTOINE),M,"48,5140700"," -2,7424000",22,2019,30.0,1.0,1.0,4.0,2154766,1.0,1,4,2,9.0,,-1.0, -1,1990.0,A01,138Â 296Â 050,8.0,0.0,-1.0,1645358,3.0,1,,0.0,2.0,1.0,A01,138Â 296Â 050,5.0
964042,201900005573,1,22,19:00,5,2,1,1.0,6.0,93005,MARC CHAGALL (BOULEVARD),M,"48,9533000","2,5027800",93,2019,50.0,1.0,1.0,3.0,2154767,10.0,3,3,1,9.0,,4.0,3,1975.0,A01,138Â 296Â 048,8.0,0.0,-1.0,1645359,3.0,7,,0.0,1.0,1.0,A01,138Â 296Â 048,1.0
964042,201900005573,1,22,19:00,5,2,1,1.0,6.0,93005,MARC CHAGALL (BOULEVARD),M,"48,9533000","2,5027800",93,2019,50.0,1.0,1.0,3.0,2154768,1.0,1,1,1,0.0,,-1.0, -1,1984.0,A01,138Â 296Â 048,1.0,0.0,-1.0,1645359,3.0,7,,0.0,1.0,1.0,A01,138Â 296Â 048,1.0
964042,201900005573,1,22,19:00,5,2,1,1.0,6.0,93005,MARC CHAGALL (BOULEVARD),M,"48,9533000","2,5027800",93,2019,50.0,1.0,1.0,3.0,2154769,10.0,3,3,1,0.0,,4.0,3,1992.0,A01,138Â 296Â 048,8.0,0.0,-1.0,1645359,3.0,7,,0.0,1.0,1.0,A01,138Â 296Â 048,1.0
964043,201900005574,12,12,20:45,5,2,2,1.0,1.0,92009,EUROPE (AVENUE),M,"48,9068300","2,2614000",92,2019,50.0,1.0,1.0,3.0,2154770,1.0,1,1,2,1.0,,-1.0,0,1982.0,A01,138Â 296Â 046,1.0,8.0,-1.0,1645360,3.0,10,,0.0,2.0,2.0,A01,138Â 296Â 046,1.0
964043,201900005574,12,12,20:45,5,2,2,1.0,1.0,92009,EUROPE (AVENUE),M,"48,9068300","2,2614000",92,2019,50.0,1.0,1.0,3.0,2154770,1.0,1,1,2,1.0,,-1.0,0,1982.0,A01,138Â 296Â 046,1.0,8.0,-1.0,1645361,3.0,30,,0.0,2.0,1.0,B01,138Â 296Â 047,1.0
964043,201900005574,12,12,20:45,5,2,2,1.0,1.0,92009,EUROPE (AVENUE),M,"48,9068300","2,2614000",92,2019,50.0,1.0,1.0,3.0,2154771,1.0,1,4,1,4.0,,-1.0,0,1999.0,B01,138Â 296Â 047,2.0,8.0,-1.0,1645360,3.0,10,,0.0,2.0,2.0,A01,138Â 296Â 046,1.0
964043,201900005574,12,12,20:45,5,2,2,1.0,1.0,92009,EUROPE (AVENUE),M,"48,9068300","2,2614000",92,2019,50.0,1.0,1.0,3.0,2154771,1.0,1,4,1,4.0,,-1.0,0,1999.0,B01,138Â 296Â 047,2.0,8.0,-1.0,1645361,3.0,30,,0.0,2.0,1.0,B01,138Â 296Â 047,1.0
964044,201900005575,12,23,15:30,1,2,6,1.0,7.0,35299,Rue de Bellevue,M,"48,6364540"," -1,9058640",35,2019,50.0,1.0,1.0,3.0,2154772,1.0,1,4,1,4.0,,0.0,0,1968.0,A01,138Â 296Â 045,2.0,-1.0,-1.0,1645362,2.0,33,,0.0,0.0,8.0,A01,138Â 296Â 045,1.0
964045,201900005576,12,21,05:30,3,1,1,2.0,7.0,43010,D535,M,"45,0044920","3,9499700",43,2019,80.0,8.0,2.0,3.0,2154773,1.0,1,3,1,5.0,,0.0,0,2000.0,A01,138Â 296Â 044,1.0,-1.0,-1.0,1645363,2.0,7,,13.0,0.0,0.0,A01,138Â 296Â 044,1.0
964045,201900005576,12,21,05:30,3,1,1,2.0,7.0,43010,D535,M,"45,0044920","3,9499700",43,2019,80.0,8.0,2.0,3.0,2154774,7.0,2,1,1,5.0,,0.0,0,1993.0,A01,138Â 296Â 044,1.0,-1.0,-1.0,1645363,2.0,7,,13.0,0.0,0.0,A01,138Â 296Â 044,1.0
964045,201900005576,12,21,05:30,3,1,1,2.0,7.0,43010,D535,M,"45,0044920","3,9499700",43,2019,80.0,8.0,2.0,3.0,2154775,9.0,2,1,1,5.0,,0.0,0,1997.0,A01,138Â 296Â 044,1.0,-1.0,-1.0,1645363,2.0,7,,13.0,0.0,0.0,A01,138Â 296Â 044,1.0
964045,201900005576,12,21,05:30,3,1,1,2.0,7.0,43010,D535,M,"45,0044920","3,9499700",43,2019,80.0,8.0,2.0,3.0,2154776,2.0,2,1,1,5.0,,0.0,0,1999.0,A01,138Â 296Â 044,1.0,-1.0,-1.0,1645363,2.0,7,,13.0,0.0,0.0,A01,138Â 296Â 044,1.0
964046,201900005577,12,23,00:00,3,1,1,2.0,7.0,88011,26 Rue du Paquis,M,"48,1204490","6,5332980",88,2019,110.0,3.0,2.0,2.0,2154777,8.0,2,3,1,0.0,,0.0,0,1998.0,A01,138Â 296Â 043,0.0,-1.0,-1.0,1645364,0.0,7,,2.0,0.0,0.0,A01,138Â 296Â 043,0.0
964046,201900005577,12,23,00:00,3,1,1,2.0,7.0,88011,26 Rue du Paquis,M,"48,1204490","6,5332980",88,2019,110.0,3.0,2.0,2.0,2154778,7.0,2,4,1,0.0,,0.0,0,1999.0,A01,138Â 296Â 043,1.0,-1.0,-1.0,1645364,0.0,7,,2.0,0.0,0.0,A01,138Â 296Â 043,0.0
964046,201900005577,12,23,00:00,3,1,1,2.0,7.0,88011,26 Rue du Paquis,M,"48,1204490","6,5332980",88,2019,110.0,3.0,2.0,2.0,2154779,1.0,1,4,1,0.0,,0.0,0,2000.0,A01,138Â 296Â 043,1.0,-1.0,-1.0,1645364,0.0,7,,2.0,0.0,0.0,A01,138Â 296Â 043,0.0
964046,201900005577,12,23,00:00,3,1,1,2.0,7.0,88011,26 Rue du Paquis,M,"48,1204490","6,5332980",88,2019,110.0,3.0,2.0,2.0,2154780,8.0,2,4,1,0.0,,0.0,0,1999.0,A01,138Â 296Â 043,1.0,-1.0,-1.0,1645364,0.0,7,,2.0,0.0,0.0,A01,138Â 296Â 043,0.0
964046,201900005577,12,23,00:00,3,1,1,2.0,7.0,88011,26 Rue du Paquis,M,"48,1204490","6,5332980",88,2019,110.0,3.0,2.0,2.0,2154781,2.0,2,4,1,0.0,,0.0,0,2000.0,A01,138Â 296Â 043,1.0,-1.0,-1.0,1645364,0.0,7,,2.0,0.0,0.0,A01,138Â 296Â 043,0.0
964046,201900005577,12,23,00:00,3,1,1,2.0,7.0,88011,26 Rue du Paquis,M,"48,1204490","6,5332980",88,2019,110.0,3.0,2.0,2.0,2154782,9.0,2,4,1,0.0,,0.0,0,2002.0,A01,138Â 296Â 043,1.0,-1.0,-1.0,1645364,0.0,7,,2.0,0.0,0.0,A01,138Â 296Â 043,0.0
964047,201900005578,8,23,08:45,1,2,1,-1.0,-1.0,13216,chemin du littoral,M,"43,3482880","5,3431690",13,2019,-1.0,-1.0,-1.0,7.0,2154783,1.0,1,2,1,-1.0,,-1.0, -1,1994.0,A01,138Â 296Â 042,-1.0,-1.0,-1.0,1645365,-1.0,33,,-1.0,-1.0,-1.0,A01,138Â 296Â 042,-1.0
964048,201900005579,9,21,11:55,1,2,1,1.0,7.0,78498,LEFEBVRE AV FERNAND,M,"48,9268300","2,0470500",78,2019,50.0,1.0,1.0,4.0,2154784,2.0,2,4,2,5.0,,-1.0, -1,1968.0,A01,138Â 296Â 041,8.0,0.0,-1.0,1645366,0.0,37,4.0,0.0,2.0,0.0,A01,138Â 296Â 041,1.0
964048,201900005579,9,21,11:55,1,2,1,1.0,7.0,78498,LEFEBVRE AV FERNAND,M,"48,9268300","2,0470500",78,2019,50.0,1.0,1.0,4.0,2154785,2.0,2,3,2,5.0,,-1.0, -1,1957.0,A01,138Â 296Â 041,8.0,0.0,-1.0,1645366,0.0,37,4.0,0.0,2.0,0.0,A01,138Â 296Â 041,1.0
964048,201900005579,9,21,11:55,1,2,1,1.0,7.0,78498,LEFEBVRE AV FERNAND,M,"48,9268300","2,0470500",78,2019,50.0,1.0,1.0,4.0,2154786,1.0,1,1,2,4.0,,-1.0, -1,1993.0,A01,138Â 296Â 041,8.0,0.0,-1.0,1645366,0.0,37,4.0,0.0,2.0,0.0,A01,138Â 296Â 041,1.0
964048,201900005579,9,21,11:55,1,2,1,1.0,7.0,78498,LEFEBVRE AV FERNAND,M,"48,9268300","2,0470500",78,2019,50.0,1.0,1.0,4.0,2154787,2.0,2,4,2,0.0,,-1.0, -1,1974.0,A01,138Â 296Â 041,1.0,0.0,-1.0,1645366,0.0,37,4.0,0.0,2.0,0.0,A01,138Â 296Â 041,1.0
964049,201900005580,9,17,20:00,2,2,2,1.0,3.0,78158,KLEBER (RUE),M,"48,8198000","2,1348500",78,2019,-1.0,1.0,1.0,4.0,2154788,1.0,1,3,1,5.0,,-1.0, -1,1974.0,C01,138Â 296Â 039,2.0,-1.0,-1.0,1645367,0.0,31,,0.0,2.0,1.0,C01,138Â 296Â 039,1.0
964049,201900005580,9,17,20:00,2,2,2,1.0,3.0,78158,KLEBER (RUE),M,"48,8198000","2,1348500",78,2019,-1.0,1.0,1.0,4.0,2154788,1.0,1,3,1,5.0,,-1.0, -1,1974.0,C01,138Â 296Â 039,2.0,-1.0,-1.0,1645368,-1.0,7,,0.0,2.0,3.0,D01,138Â 296Â 040,1.0
964049,201900005580,9,17,20:00,2,2,2,1.0,3.0,78158,KLEBER (RUE),M,"48,8198000","2,1348500",78,2019,-1.0,1.0,1.0,4.0,2154789,1.0,1,1,1,5.0,,-1.0,0,1980.0,D01,138Â 296Â 040,1.0,-1.0,-1.0,1645367,0.0,31,,0.0,2.0,1.0,C01,138Â 296Â 039,1.0
964049,201900005580,9,17,20:00,2,2,2,1.0,3.0,78158,KLEBER (RUE),M,"48,8198000","2,1348500",78,2019,-1.0,1.0,1.0,4.0,2154789,1.0,1,1,1,5.0,,-1.0,0,1980.0,D01,138Â 296Â 040,1.0,-1.0,-1.0,1645368,-1.0,7,,0.0,2.0,3.0,D01,138Â 296Â 040,1.0
964050,201900005581,3,14,06:40,5,2,1,1.0,5.0,61213,rue Paris-Brest,M,"48,4754850"," -0,1432350",61,2019,50.0,1.0,2.0,2.0,2154790,1.0,1,1,1,4.0,,-1.0, -1,1973.0,A01,138Â 296Â 036,-1.0,-1.0,-1.0,1645369,1.0,10,,0.0,2.0,8.0,A01,138Â 296Â 036,0.0
964050,201900005581,3,14,06:40,5,2,1,1.0,5.0,61213,rue Paris-Brest,M,"48,4754850"," -0,1432350",61,2019,50.0,1.0,2.0,2.0,2154790,1.0,1,1,1,4.0,,-1.0, -1,1973.0,A01,138Â 296Â 036,-1.0,-1.0,-1.0,1645370,1.0,7,,0.0,2.0,7.0,B01,138Â 296Â 037,0.0
964050,201900005581,3,14,06:40,5,2,1,1.0,5.0,61213,rue Paris-Brest,M,"48,4754850"," -0,1432350",61,2019,50.0,1.0,2.0,2.0,2154790,1.0,1,1,1,4.0,,-1.0, -1,1973.0,A01,138Â 296Â 036,-1.0,-1.0,-1.0,1645371,2.0,7,,0.0,2.0,1.0,C01,138Â 296Â 038,0.0
964050,201900005581,3,14,06:40,5,2,1,1.0,5.0,61213,rue Paris-Brest,M,"48,4754850"," -0,1432350",61,2019,50.0,1.0,2.0,2.0,2154791,1.0,1,4,1,1.0,,-1.0, -1,1995.0,B01,138Â 296Â 037,-1.0,-1.0,-1.0,1645369,1.0,10,,0.0,2.0,8.0,A01,138Â 296Â 036,0.0
964050,201900005581,3,14,06:40,5,2,1,1.0,5.0,61213,rue Paris-Brest,M,"48,4754850"," -0,1432350",61,2019,50.0,1.0,2.0,2.0,2154791,1.0,1,4,1,1.0,,-1.0, -1,1995.0,B01,138Â 296Â 037,-1.0,-1.0,-1.0,1645370,1.0,7,,0.0,2.0,7.0,B01,138Â 296Â 037,0.0
964050,201900005581,3,14,06:40,5,2,1,1.0,5.0,61213,rue Paris-Brest,M,"48,4754850"," -0,1432350",61,2019,50.0,1.0,2.0,2.0,2154791,1.0,1,4,1,1.0,,-1.0, -1,1995.0,B01,138Â 296Â 037,-1.0,-1.0,-1.0,1645371,2.0,7,,0.0,2.0,1.0,C01,138Â 296Â 038,0.0
964050,201900005581,3,14,06:40,5,2,1,1.0,5.0,61213,rue Paris-Brest,M,"48,4754850"," -0,1432350",61,2019,50.0,1.0,2.0,2.0,2154792,1.0,1,1,1,9.0,,-1.0, -1,1991.0,C01,138Â 296Â 038,-1.0,-1.0,-1.0,1645369,1.0,10,,0.0,2.0,8.0,A01,138Â 296Â 036,0.0
964050,201900005581,3,14,06:40,5,2,1,1.0,5.0,61213,rue Paris-Brest,M,"48,4754850"," -0,1432350",61,2019,50.0,1.0,2.0,2.0,2154792,1.0,1,1,1,9.0,,-1.0, -1,1991.0,C01,138Â 296Â 038,-1.0,-1.0,-1.0,1645370,1.0,7,,0.0,2.0,7.0,B01,138Â 296Â 037,0.0
964050,201900005581,3,14,06:40,5,2,1,1.0,5.0,61213,rue Paris-Brest,M,"48,4754850"," -0,1432350",61,2019,50.0,1.0,2.0,2.0,2154792,1.0,1,1,1,9.0,,-1.0, -1,1991.0,C01,138Â 296Â 038,-1.0,-1.0,-1.0,1645371,2.0,7,,0.0,2.0,1.0,C01,138Â 296Â 038,0.0
964051,201900005582,5,29,09:05,1,1,1,1.0,4.0,68066,BIRG (RUE DE LA),M,"48,1068500","7,3910500",68,2019,80.0,1.0,1.0,3.0,2154793,1.0,1,4,1,1.0,,-1.0,0,1986.0,D01,138Â 296Â 032,2.0,8.0,-1.0,1645372,2.0,31,,0.0,2.0,1.0,D01,138Â 296Â 032,1.0
964051,201900005582,5,29,09:05,1,1,1,1.0,4.0,68066,BIRG (RUE DE LA),M,"48,1068500","7,3910500",68,2019,80.0,1.0,1.0,3.0,2154793,1.0,1,4,1,1.0,,-1.0,0,1986.0,D01,138Â 296Â 032,2.0,8.0,-1.0,1645373,2.0,7,,0.0,2.0,1.0,C01,138Â 296Â 033,1.0
964051,201900005582,5,29,09:05,1,1,1,1.0,4.0,68066,BIRG (RUE DE LA),M,"48,1068500","7,3910500",68,2019,80.0,1.0,1.0,3.0,2154793,1.0,1,4,1,1.0,,-1.0,0,1986.0,D01,138Â 296Â 032,2.0,8.0,-1.0,1645374,2.0,7,,0.0,2.0,1.0,B01,138Â 296Â 034,1.0
964051,201900005582,5,29,09:05,1,1,1,1.0,4.0,68066,BIRG (RUE DE LA),M,"48,1068500","7,3910500",68,2019,80.0,1.0,1.0,3.0,2154793,1.0,1,4,1,1.0,,-1.0,0,1986.0,D01,138Â 296Â 032,2.0,8.0,-1.0,1645375,2.0,7,,0.0,2.0,4.0,A01,138Â 296Â 035,1.0
964051,201900005582,5,29,09:05,1,1,1,1.0,4.0,68066,BIRG (RUE DE LA),M,"48,1068500","7,3910500",68,2019,80.0,1.0,1.0,3.0,2154794,1.0,1,1,1,1.0,,-1.0,0,1970.0,C01,138Â 296Â 033,1.0,0.0,-1.0,1645372,2.0,31,,0.0,2.0,1.0,D01,138Â 296Â 032,1.0
964051,201900005582,5,29,09:05,1,1,1,1.0,4.0,68066,BIRG (RUE DE LA),M,"48,1068500","7,3910500",68,2019,80.0,1.0,1.0,3.0,2154794,1.0,1,1,1,1.0,,-1.0,0,1970.0,C01,138Â 296Â 033,1.0,0.0,-1.0,1645373,2.0,7,,0.0,2.0,1.0,C01,138Â 296Â 033,1.0
964051,201900005582,5,29,09:05,1,1,1,1.0,4.0,68066,BIRG (RUE DE LA),M,"48,1068500","7,3910500",68,2019,80.0,1.0,1.0,3.0,2154794,1.0,1,1,1,1.0,,-1.0,0,1970.0,C01,138Â 296Â 033,1.0,0.0,-1.0,1645374,2.0,7,,0.0,2.0,1.0,B01,138Â 296Â 034,1.0
964051,201900005582,5,29,09:05,1,1,1,1.0,4.0,68066,BIRG (RUE DE LA),M,"48,1068500","7,3910500",68,2019,80.0,1.0,1.0,3.0,2154794,1.0,1,1,1,1.0,,-1.0,0,1970.0,C01,138Â 296Â 033,1.0,0.0,-1.0,1645375,2.0,7,,0.0,2.0,4.0,A01,138Â 296Â 035,1.0
964051,201900005582,5,29,09:05,1,1,1,1.0,4.0,68066,BIRG (RUE DE LA),M,"48,1068500","7,3910500",68,2019,80.0,1.0,1.0,3.0,2154795,1.0,1,1,2,1.0,,-1.0,0,1996.0,B01,138Â 296Â 034,1.0,0.0,-1.0,1645372,2.0,31,,0.0,2.0,1.0,D01,138Â 296Â 032,1.0
964051,201900005582,5,29,09:05,1,1,1,1.0,4.0,68066,BIRG (RUE DE LA),M,"48,1068500","7,3910500",68,2019,80.0,1.0,1.0,3.0,2154795,1.0,1,1,2,1.0,,-1.0,0,1996.0,B01,138Â 296Â 034,1.0,0.0,-1.0,1645373,2.0,7,,0.0,2.0,1.0,C01,138Â 296Â 033,1.0
964051,201900005582,5,29,09:05,1,1,1,1.0,4.0,68066,BIRG (RUE DE LA),M,"48,1068500","7,3910500",68,2019,80.0,1.0,1.0,3.0,2154795,1.0,1,1,2,1.0,,-1.0,0,1996.0,B01,138Â 296Â 034,1.0,0.0,-1.0,1645374,2.0,7,,0.0,2.0,1.0,B01,138Â 296Â 034,1.0
964051,201900005582,5,29,09:05,1,1,1,1.0,4.0,68066,BIRG (RUE DE LA),M,"48,1068500","7,3910500",68,2019,80.0,1.0,1.0,3.0,2154795,1.0,1,1,2,1.0,,-1.0,0,1996.0,B01,138Â 296Â 034,1.0,0.0,-1.0,1645375,2.0,7,,0.0,2.0,4.0,A01,138Â 296Â 035,1.0
964051,201900005582,5,29,09:05,1,1,1,1.0,4.0,68066,BIRG (RUE DE LA),M,"48,1068500","7,3910500",68,2019,80.0,1.0,1.0,3.0,2154796,1.0,1,1,2,1.0,,-1.0,0,1976.0,A01,138Â 296Â 035,1.0,8.0,-1.0,1645372,2.0,31,,0.0,2.0,1.0,D01,138Â 296Â 032,1.0
964051,201900005582,5,29,09:05,1,1,1,1.0,4.0,68066,BIRG (RUE DE LA),M,"48,1068500","7,3910500",68,2019,80.0,1.0,1.0,3.0,2154796,1.0,1,1,2,1.0,,-1.0,0,1976.0,A01,138Â 296Â 035,1.0,8.0,-1.0,1645373,2.0,7,,0.0,2.0,1.0,C01,138Â 296Â 033,1.0
964051,201900005582,5,29,09:05,1,1,1,1.0,4.0,68066,BIRG (RUE DE LA),M,"48,1068500","7,3910500",68,2019,80.0,1.0,1.0,3.0,2154796,1.0,1,1,2,1.0,,-1.0,0,1976.0,A01,138Â 296Â 035,1.0,8.0,-1.0,1645374,2.0,7,,0.0,2.0,1.0,B01,138Â 296Â 034,1.0
964051,201900005582,5,29,09:05,1,1,1,1.0,4.0,68066,BIRG (RUE DE LA),M,"48,1068500","7,3910500",68,2019,80.0,1.0,1.0,3.0,2154796,1.0,1,1,2,1.0,,-1.0,0,1976.0,A01,138Â 296Â 035,1.0,8.0,-1.0,1645375,2.0,7,,0.0,2.0,4.0,A01,138Â 296Â 035,1.0
964052,201900005583,9,1,13:00,1,2,1,1.0,6.0,02691,BLUM (BD LEON),M,"49,8411561","3,2922332",2,2019,50.0,1.0,1.0,4.0,2154797,1.0,1,1,1,5.0,,-1.0, -1,1929.0,A01,138Â 296Â 031,1.0,8.0,-1.0,1645376,2.0,7,,0.0,1.0,3.0,A01,138Â 296Â 031,1.0
964052,201900005583,9,1,13:00,1,2,1,1.0,6.0,02691,BLUM (BD LEON),M,"49,8411561","3,2922332",2,2019,50.0,1.0,1.0,4.0,2154798,10.0,3,3,2,5.0,,1.0,3,1977.0,A01,138Â 296Â 031,0.0,-1.0,-1.0,1645376,2.0,7,,0.0,1.0,3.0,A01,138Â 296Â 031,1.0
964053,201900005584,12,16,08:50,1,2,6,1.0,6.0,95127,CONSTELLATION (AVENUE DE LA),M,"49,0510100","2,0319000",95,2019,50.0,1.0,1.0,4.0,2154799,1.0,1,1,1,1.0,,-1.0, -1,1960.0,A01,138Â 296Â 030,1.0,0.0,-1.0,1645377,3.0,7,,0.0,1.0,2.0,A01,138Â 296Â 030,0.0
964053,201900005584,12,16,08:50,1,2,6,1.0,6.0,95127,CONSTELLATION (AVENUE DE LA),M,"49,0510100","2,0319000",95,2019,50.0,1.0,1.0,4.0,2154800,10.0,3,4,2,1.0,,3.0,3,1964.0,A01,138Â 296Â 030,0.0,-1.0,-1.0,1645377,3.0,7,,0.0,1.0,2.0,A01,138Â 296Â 030,0.0
964054,201900005585,12,10,15:40,1,2,1,1.0,6.0,80001,ROUVROY (de),M,"50,1088200","1,8060600",80,2019,30.0,4.0,1.0,7.0,2154801,10.0,3,3,2,5.0,,5.0,0,1957.0,A01,138Â 296Â 029,8.0,8.0,-1.0,1645378,2.0,20,,0.0,1.0,2.0,A01,138Â 296Â 029,0.0
964055,201900005586,12,22,18:00,5,2,1,1.0,6.0,94080,FRANCE (R DE),M,"48,8481949","2,4500000",94,2019,50.0,1.0,1.0,4.0,2154802,10.0,3,4,1,0.0,,2.0,3,1999.0,Z01,138Â 296Â 028,8.0,8.0,-1.0,1645379,2.0,0,,0.0,1.0,5.0,Z01,138Â 296Â 028,0.0
964056,201900005587,12,22,15:40,1,2,1,1.0,6.0,31517,Avenue Marcel Vidal,M,"43,3286680","1,3289310",31,2019,50.0,3.0,2.0,3.0,2154803,7.0,2,1,1,5.0,,0.0,0,1997.0,A01,138Â 296Â 026,0.0,-1.0,-1.0,1645380,2.0,7,,2.0,0.0,0.0,A01,138Â 296Â 026,0.0
964056,201900005587,12,22,15:40,1,2,1,1.0,6.0,31517,Avenue Marcel Vidal,M,"43,3286680","1,3289310",31,2019,50.0,3.0,2.0,3.0,2154804,8.0,2,1,1,5.0,,0.0,0,1992.0,A01,138Â 296Â 026,0.0,-1.0,-1.0,1645380,2.0,7,,2.0,0.0,0.0,A01,138Â 296Â 026,0.0
964056,201900005587,12,22,15:40,1,2,1,1.0,6.0,31517,Avenue Marcel Vidal,M,"43,3286680","1,3289310",31,2019,50.0,3.0,2.0,3.0,2154805,2.0,2,4,1,5.0,,0.0,0,1991.0,A01,138Â 296Â 026,1.0,-1.0,-1.0,1645380,2.0,7,,2.0,0.0,0.0,A01,138Â 296Â 026,0.0
964056,201900005587,12,22,15:40,1,2,1,1.0,6.0,31517,Avenue Marcel Vidal,M,"43,3286680","1,3289310",31,2019,50.0,3.0,2.0,3.0,2154806,1.0,1,4,1,5.0,,0.0,0,1995.0,A01,138Â 296Â 026,1.0,-1.0,-1.0,1645380,2.0,7,,2.0,0.0,0.0,A01,138Â 296Â 026,0.0
964056,201900005587,12,22,15:40,1,2,1,1.0,6.0,31517,Avenue Marcel Vidal,M,"43,3286680","1,3289310",31,2019,50.0,3.0,2.0,3.0,2154807,9.0,2,4,1,5.0,,0.0,0,1987.0,A01,138Â 296Â 026,0.0,-1.0,-1.0,1645380,2.0,7,,2.0,0.0,0.0,A01,138Â 296Â 026,0.0
964057,201900005588,12,9,11:30,1,2,1,1.0,6.0,21038,RD 20B - PR 0+500 - 2 rue des Glacis,M,"47,1947720","5,3941480",21,2019,50.0,4.0,1.0,3.0,2154808,1.0,1,1,1,9.0,,0.0,0,1942.0,A01,138Â 296Â 025,1.0,-1.0,-1.0,1645381,2.0,7,,0.0,1.0,1.0,A01,138Â 296Â 025,1.0
964057,201900005588,12,9,11:30,1,2,1,1.0,6.0,21038,RD 20B - PR 0+500 - 2 rue des Glacis,M,"47,1947720","5,3941480",21,2019,50.0,4.0,1.0,3.0,2154809,10.0,3,3,1,5.0,,5.0,9,1948.0,A01,138Â 296Â 025,0.0,-1.0,-1.0,1645381,2.0,7,,0.0,1.0,1.0,A01,138Â 296Â 025,1.0
964058,201900005589,12,10,07:25,3,2,6,1.0,2.0,60141,Route Toudouze (Chemin),M,"49,1872131","2,4687646",60,2019,80.0,1.0,2.0,4.0,2154810,1.0,1,4,1,2.0,,0.0,0,2001.0,B01,138Â 296Â 023,1.0,-1.0,-1.0,1645382,0.0,7,,0.0,0.0,4.0,B01,138Â 296Â 023,1.0
964058,201900005589,12,10,07:25,3,2,6,1.0,2.0,60141,Route Toudouze (Chemin),M,"49,1872131","2,4687646",60,2019,80.0,1.0,2.0,4.0,2154810,1.0,1,4,1,2.0,,0.0,0,2001.0,B01,138Â 296Â 023,1.0,-1.0,-1.0,1645383,0.0,7,,0.0,2.0,1.0,A01,138Â 296Â 024,0.0
964059,201900005590,7,25,09:40,1,2,2,1.0,3.0,75118,,M,"48,9004050","2,3702080",75,2019,50.0,1.0,1.0,4.0,2154811,1.0,1,1,1,4.0,,0.0,0,1980.0,B01,138Â 296Â 021,-1.0,-1.0,-1.0,1645384,1.0,7,,0.0,2.0,8.0,B01,138Â 296Â 021,1.0
964059,201900005590,7,25,09:40,1,2,2,1.0,3.0,75118,,M,"48,9004050","2,3702080",75,2019,50.0,1.0,1.0,4.0,2154811,1.0,1,1,1,4.0,,0.0,0,1980.0,B01,138Â 296Â 021,-1.0,-1.0,-1.0,1645385,1.0,33,,0.0,2.0,2.0,A01,138Â 296Â 022,1.0