Unnamed: 0_x,num_acc,mois,jour,hrmn,lum,agg,int,atm,col,com,adr,gps,lat,long,dep,annee,vma,situ,surf,catr,Unnamed: 0_y,place,catu,grav,sexe,trajet,secu,locp,actp,an_nais,num_veh_x,id_vehicule_x,secu1,secu2,secu3,Unnamed: 0,senc,catv,occutc,obs,obsm,choc,num_veh_y,id_vehicule_y,motor
964059,201900005590,7,25,09:40,1,2,2,1.0,3.0,75118,,M,"48,9004050","2,3702080",75,2019,50.0,1.0,1.0,4.0,2154812,1.0,1,4,2,1.0,,0.0,0,1984.0,A01,138Â 296Â 022,-1.0,-1.0,-1.0,1645384,1.0,7,,0.0,2.0,8.0,B01,138Â 296Â 021,1.0
964059,201900005590,7,25,09:40,1,2,2,1.0,3.0,75118,,M,"48,9004050","2,3702080",75,2019,50.0,1.0,1.0,4.0,2154812,1.0,1,4,2,1.0,,0.0,0,1984.0,A01,138Â 296Â 022,-1.0,-1.0,-1.0,1645385,1.0,33,,0.0,2.0,2.0,A01,138Â 296Â 022,1.0
964060,201900005591,7,12,15:25,1,2,1,1.0,6.0,42218,GARIBALDI (PLACE),M,"45,4488900","4,4055900",42,2019,50.0,1.0,1.0,4.0,2154813,1.0,1,1,2,4.0,,-1.0, -1,1972.0,A01,138Â 296Â 020,1.0,8.0,-1.0,1645386,2.0,37,1.0,0.0,1.0,7.0,A01,138Â 296Â 020,1.0
964060,201900005591,7,12,15:25,1,2,1,1.0,6.0,42218,GARIBALDI (PLACE),M,"45,4488900","4,4055900",42,2019,50.0,1.0,1.0,4.0,2154814,10.0,3,2,2,0.0,,2.0,8,1944.0,A01,138Â 296Â 020,0.0,-1.0,-1.0,1645386,2.0,37,1.0,0.0,1.0,7.0,A01,138Â 296Â 020,1.0
964061,201900005592,4,18,15:10,1,2,2,1.0,6.0,92044,ANA. FRANCE(RUE)1A75 ET 2A72,M,"48,8888987","2,2879362",92,2019,50.0,1.0,1.0,3.0,2154815,10.0,3,4,2,0.0,,4.0,3,1994.0,A01,138Â 296Â 019,0.0,0.0,0.0,1645387,1.0,32,,0.0,1.0,1.0,A01,138Â 296Â 019,0.0
964061,201900005592,4,18,15:10,1,2,2,1.0,6.0,92044,ANA. FRANCE(RUE)1A75 ET 2A72,M,"48,8888987","2,2879362",92,2019,50.0,1.0,1.0,3.0,2154816,1.0,1,1,1,0.0,,-1.0,0,1985.0,A01,138Â 296Â 019,2.0,0.0,-1.0,1645387,1.0,32,,0.0,1.0,1.0,A01,138Â 296Â 019,0.0
964062,201900005593,12,27,19:01,5,2,2,1.0,6.0,63113,MOULIN (BD JEAN),M,"45,7770800","3,1177600",63,2019,50.0,1.0,1.0,4.0,2154817,1.0,1,1,1,5.0,,0.0,0,1956.0,A01,138Â 296Â 018,1.0,0.0,-1.0,1645388,2.0,7,,0.0,1.0,1.0,A01,138Â 296Â 018,1.0
964062,201900005593,12,27,19:01,5,2,2,1.0,6.0,63113,MOULIN (BD JEAN),M,"45,7770800","3,1177600",63,2019,50.0,1.0,1.0,4.0,2154818,10.0,3,4,2,5.0,,3.0,3,1990.0,A01,138Â 296Â 018,0.0,-1.0,-1.0,1645388,2.0,7,,0.0,1.0,1.0,A01,138Â 296Â 018,1.0
964063,201900005594,12,24,11:15,1,1,2,2.0,3.0,33272,Lieu Dit Jeanneau,M,"45,0682300"," -0,3699530",33,2019,80.0,1.0,2.0,3.0,2154819,1.0,1,1,1,5.0,,0.0,0,1969.0,B01,138Â 296Â 016,1.0,-1.0,-1.0,1645389,1.0,7,,0.0,2.0,7.0,B01,138Â 296Â 016,1.0
964063,201900005594,12,24,11:15,1,1,2,2.0,3.0,33272,Lieu Dit Jeanneau,M,"45,0682300"," -0,3699530",33,2019,80.0,1.0,2.0,3.0,2154819,1.0,1,1,1,5.0,,0.0,0,1969.0,B01,138Â 296Â 016,1.0,-1.0,-1.0,1645390,2.0,7,,0.0,2.0,1.0,A01,138Â 296Â 017,1.0
964063,201900005594,12,24,11:15,1,1,2,2.0,3.0,33272,Lieu Dit Jeanneau,M,"45,0682300"," -0,3699530",33,2019,80.0,1.0,2.0,3.0,2154820,1.0,1,3,2,3.0,,0.0,0,1980.0,A01,138Â 296Â 017,1.0,-1.0,-1.0,1645389,1.0,7,,0.0,2.0,7.0,B01,138Â 296Â 016,1.0
964063,201900005594,12,24,11:15,1,1,2,2.0,3.0,33272,Lieu Dit Jeanneau,M,"45,0682300"," -0,3699530",33,2019,80.0,1.0,2.0,3.0,2154820,1.0,1,3,2,3.0,,0.0,0,1980.0,A01,138Â 296Â 017,1.0,-1.0,-1.0,1645390,2.0,7,,0.0,2.0,1.0,A01,138Â 296Â 017,1.0
964063,201900005594,12,24,11:15,1,1,2,2.0,3.0,33272,Lieu Dit Jeanneau,M,"45,0682300"," -0,3699530",33,2019,80.0,1.0,2.0,3.0,2154821,7.0,2,4,2,3.0,,0.0,0,2010.0,A01,138Â 296Â 017,1.0,-1.0,-1.0,1645389,1.0,7,,0.0,2.0,7.0,B01,138Â 296Â 016,1.0
964063,201900005594,12,24,11:15,1,1,2,2.0,3.0,33272,Lieu Dit Jeanneau,M,"45,0682300"," -0,3699530",33,2019,80.0,1.0,2.0,3.0,2154821,7.0,2,4,2,3.0,,0.0,0,2010.0,A01,138Â 296Â 017,1.0,-1.0,-1.0,1645390,2.0,7,,0.0,2.0,1.0,A01,138Â 296Â 017,1.0
964064,201900005595,12,28,07:20,2,1,1,9.0,3.0,73032,N90,M,"45,6280990","6,4445760",73,2019,110.0,1.0,7.0,2.0,2154822,1.0,1,4,1,5.0,,0.0,0,1964.0,B01,138Â 296Â 014,1.0,-1.0,-1.0,1645391,2.0,7,,0.0,2.0,8.0,B01,138Â 296Â 014,1.0
964064,201900005595,12,28,07:20,2,1,1,9.0,3.0,73032,N90,M,"45,6280990","6,4445760",73,2019,110.0,1.0,7.0,2.0,2154822,1.0,1,4,1,5.0,,0.0,0,1964.0,B01,138Â 296Â 014,1.0,-1.0,-1.0,1645392,2.0,7,,0.0,2.0,7.0,A01,138Â 296Â 015,1.0
964064,201900005595,12,28,07:20,2,1,1,9.0,3.0,73032,N90,M,"45,6280990","6,4445760",73,2019,110.0,1.0,7.0,2.0,2154823,2.0,2,4,2,5.0,,0.0,0,1971.0,B01,138Â 296Â 014,1.0,-1.0,-1.0,1645391,2.0,7,,0.0,2.0,8.0,B01,138Â 296Â 014,1.0
964064,201900005595,12,28,07:20,2,1,1,9.0,3.0,73032,N90,M,"45,6280990","6,4445760",73,2019,110.0,1.0,7.0,2.0,2154823,2.0,2,4,2,5.0,,0.0,0,1971.0,B01,138Â 296Â 014,1.0,-1.0,-1.0,1645392,2.0,7,,0.0,2.0,7.0,A01,138Â 296Â 015,1.0
964064,201900005595,12,28,07:20,2,1,1,9.0,3.0,73032,N90,M,"45,6280990","6,4445760",73,2019,110.0,1.0,7.0,2.0,2154824,1.0,1,1,1,5.0,,0.0,0,1956.0,A01,138Â 296Â 015,1.0,-1.0,-1.0,1645391,2.0,7,,0.0,2.0,8.0,B01,138Â 296Â 014,1.0
964064,201900005595,12,28,07:20,2,1,1,9.0,3.0,73032,N90,M,"45,6280990","6,4445760",73,2019,110.0,1.0,7.0,2.0,2154824,1.0,1,1,1,5.0,,0.0,0,1956.0,A01,138Â 296Â 015,1.0,-1.0,-1.0,1645392,2.0,7,,0.0,2.0,7.0,A01,138Â 296Â 015,1.0
964065,201900005596,12,25,12:45,1,1,2,1.0,3.0,24312,Route des Cerfs,M,"45,1104310","0,7746870",24,2019,-1.0,-1.0,-1.0,3.0,2154825,2.0,2,4,1,5.0,,0.0,0,1999.0,B01,138Â 296Â 012,1.0,-1.0,-1.0,1645393,3.0,7,,0.0,2.0,1.0,B01,138Â 296Â 012,1.0
964065,201900005596,12,25,12:45,1,1,2,1.0,3.0,24312,Route des Cerfs,M,"45,1104310","0,7746870",24,2019,-1.0,-1.0,-1.0,3.0,2154825,2.0,2,4,1,5.0,,0.0,0,1999.0,B01,138Â 296Â 012,1.0,-1.0,-1.0,1645394,3.0,7,,0.0,2.0,5.0,A01,138Â 296Â 013,1.0
964065,201900005596,12,25,12:45,1,1,2,1.0,3.0,24312,Route des Cerfs,M,"45,1104310","0,7746870",24,2019,-1.0,-1.0,-1.0,3.0,2154826,1.0,1,4,2,5.0,,0.0,0,1999.0,B01,138Â 296Â 012,1.0,-1.0,-1.0,1645393,3.0,7,,0.0,2.0,1.0,B01,138Â 296Â 012,1.0
964065,201900005596,12,25,12:45,1,1,2,1.0,3.0,24312,Route des Cerfs,M,"45,1104310","0,7746870",24,2019,-1.0,-1.0,-1.0,3.0,2154826,1.0,1,4,2,5.0,,0.0,0,1999.0,B01,138Â 296Â 012,1.0,-1.0,-1.0,1645394,3.0,7,,0.0,2.0,5.0,A01,138Â 296Â 013,1.0
964065,201900005596,12,25,12:45,1,1,2,1.0,3.0,24312,Route des Cerfs,M,"45,1104310","0,7746870",24,2019,-1.0,-1.0,-1.0,3.0,2154827,1.0,1,1,1,5.0,,0.0,0,1977.0,A01,138Â 296Â 013,8.0,-1.0,-1.0,1645393,3.0,7,,0.0,2.0,1.0,B01,138Â 296Â 012,1.0
964065,201900005596,12,25,12:45,1,1,2,1.0,3.0,24312,Route des Cerfs,M,"45,1104310","0,7746870",24,2019,-1.0,-1.0,-1.0,3.0,2154827,1.0,1,1,1,5.0,,0.0,0,1977.0,A01,138Â 296Â 013,8.0,-1.0,-1.0,1645394,3.0,7,,0.0,2.0,5.0,A01,138Â 296Â 013,1.0
964066,201900005597,1,13,22:50,4,1,1,2.0,2.0,45312,D2007,M,"47,9150010","2,7357670",45,2019,80.0,1.0,2.0,3.0,2154828,1.0,1,3,1,5.0,,0.0,0,1996.0,B01,138Â 296Â 010,2.0,6.0,-1.0,1645395,1.0,2,,0.0,2.0,4.0,B01,138Â 296Â 010,1.0
964066,201900005597,1,13,22:50,4,1,1,2.0,2.0,45312,D2007,M,"47,9150010","2,7357670",45,2019,80.0,1.0,2.0,3.0,2154828,1.0,1,3,1,5.0,,0.0,0,1996.0,B01,138Â 296Â 010,2.0,6.0,-1.0,1645396,1.0,7,,0.0,2.0,1.0,A01,138Â 296Â 011,6.0
964066,201900005597,1,13,22:50,4,1,1,2.0,2.0,45312,D2007,M,"47,9150010","2,7357670",45,2019,80.0,1.0,2.0,3.0,2154829,1.0,1,1,1,5.0,,0.0,0,1983.0,A01,138Â 296Â 011,8.0,-1.0,-1.0,1645395,1.0,2,,0.0,2.0,4.0,B01,138Â 296Â 010,1.0
964066,201900005597,1,13,22:50,4,1,1,2.0,2.0,45312,D2007,M,"47,9150010","2,7357670",45,2019,80.0,1.0,2.0,3.0,2154829,1.0,1,1,1,5.0,,0.0,0,1983.0,A01,138Â 296Â 011,8.0,-1.0,-1.0,1645396,1.0,7,,0.0,2.0,1.0,A01,138Â 296Â 011,6.0
964067,201900005598,8,25,01:45,3,1,1,1.0,7.0,65369,,M,"43,2714300","0,1646370",65,2019,-1.0,3.0,1.0,3.0,2154830,1.0,1,4,2,5.0,,0.0,0,1995.0,A01,138Â 296Â 009,-1.0,-1.0,-1.0,1645397,-1.0,7,,13.0,0.0,2.0,A01,138Â 296Â 009,-1.0
964068,201900005599,11,15,11:40,1,1,1,4.0,6.0,42301,D5,M,"45,5106030","4,0481880",42,2019,-1.0,3.0,5.0,3.0,2154831,2.0,2,4,2,0.0,,0.0,0,2000.0,A01,138Â 296Â 008,1.0,-1.0,-1.0,1645398,1.0,7,,13.0,0.0,7.0,A01,138Â 296Â 008,1.0
964068,201900005599,11,15,11:40,1,1,1,4.0,6.0,42301,D5,M,"45,5106030","4,0481880",42,2019,-1.0,3.0,5.0,3.0,2154832,1.0,1,4,2,0.0,,0.0,0,1969.0,A01,138Â 296Â 008,1.0,-1.0,-1.0,1645398,1.0,7,,13.0,0.0,7.0,A01,138Â 296Â 008,1.0
964069,201900005600,7,25,11:15,1,2,1,1.0,6.0,69266,RICHELIEU     (Rue),M,"45,7605300","4,8776000",69,2019,50.0,1.0,1.0,4.0,2154833,1.0,1,4,1,0.0,,-1.0,0,1956.0,A01,138Â 296Â 007,2.0,0.0,-1.0,1645399,1.0,33,,0.0,2.0,8.0,A01,138Â 296Â 007,1.0
964070,201900005601,12,22,18:55,5,1,1,8.0,1.0,37208,A10,M,"47,3581020","0,7094760",37,2019,90.0,1.0,2.0,1.0,2154834,3.0,2,1,1,5.0,,0.0,0,2014.0,B01,138Â 296Â 003,3.0,-1.0,-1.0,1645400,1.0,7,,0.0,2.0,1.0,B01,138Â 296Â 003,1.0
964070,201900005601,12,22,18:55,5,1,1,8.0,1.0,37208,A10,M,"47,3581020","0,7094760",37,2019,90.0,1.0,2.0,1.0,2154834,3.0,2,1,1,5.0,,0.0,0,2014.0,B01,138Â 296Â 003,3.0,-1.0,-1.0,1645401,2.0,7,,0.0,2.0,1.0,A01,138Â 296Â 004,1.0
964070,201900005601,12,22,18:55,5,1,1,8.0,1.0,37208,A10,M,"47,3581020","0,7094760",37,2019,90.0,1.0,2.0,1.0,2154835,1.0,1,4,1,5.0,,0.0,0,1985.0,B01,138Â 296Â 003,1.0,-1.0,-1.0,1645400,1.0,7,,0.0,2.0,1.0,B01,138Â 296Â 003,1.0
964070,201900005601,12,22,18:55,5,1,1,8.0,1.0,37208,A10,M,"47,3581020","0,7094760",37,2019,90.0,1.0,2.0,1.0,2154835,1.0,1,4,1,5.0,,0.0,0,1985.0,B01,138Â 296Â 003,1.0,-1.0,-1.0,1645401,2.0,7,,0.0,2.0,1.0,A01,138Â 296Â 004,1.0
964070,201900005601,12,22,18:55,5,1,1,8.0,1.0,37208,A10,M,"47,3581020","0,7094760",37,2019,90.0,1.0,2.0,1.0,2154836,4.0,2,1,1,5.0,,0.0,0,2014.0,B01,138Â 296Â 003,3.0,-1.0,-1.0,1645400,1.0,7,,0.0,2.0,1.0,B01,138Â 296Â 003,1.0
964070,201900005601,12,22,18:55,5,1,1,8.0,1.0,37208,A10,M,"47,3581020","0,7094760",37,2019,90.0,1.0,2.0,1.0,2154836,4.0,2,1,1,5.0,,0.0,0,2014.0,B01,138Â 296Â 003,3.0,-1.0,-1.0,1645401,2.0,7,,0.0,2.0,1.0,A01,138Â 296Â 004,1.0
964070,201900005601,12,22,18:55,5,1,1,8.0,1.0,37208,A10,M,"47,3581020","0,7094760",37,2019,90.0,1.0,2.0,1.0,2154837,2.0,2,1,1,5.0,,0.0,0,1983.0,B01,138Â 296Â 003,1.0,-1.0,-1.0,1645400,1.0,7,,0.0,2.0,1.0,B01,138Â 296Â 003,1.0
964070,201900005601,12,22,18:55,5,1,1,8.0,1.0,37208,A10,M,"47,3581020","0,7094760",37,2019,90.0,1.0,2.0,1.0,2154837,2.0,2,1,1,5.0,,0.0,0,1983.0,B01,138Â 296Â 003,1.0,-1.0,-1.0,1645401,2.0,7,,0.0,2.0,1.0,A01,138Â 296Â 004,1.0
964070,201900005601,12,22,18:55,5,1,1,8.0,1.0,37208,A10,M,"47,3581020","0,7094760",37,2019,90.0,1.0,2.0,1.0,2154838,1.0,1,2,2,3.0,,0.0,0,1934.0,A01,138Â 296Â 004,1.0,-1.0,-1.0,1645400,1.0,7,,0.0,2.0,1.0,B01,138Â 296Â 003,1.0
964070,201900005601,12,22,18:55,5,1,1,8.0,1.0,37208,A10,M,"47,3581020","0,7094760",37,2019,90.0,1.0,2.0,1.0,2154838,1.0,1,2,2,3.0,,0.0,0,1934.0,A01,138Â 296Â 004,1.0,-1.0,-1.0,1645401,2.0,7,,0.0,2.0,1.0,A01,138Â 296Â 004,1.0
964071,201900005602,12,20,22:40,3,1,1,2.0,6.0,14719,D131,M,"49,0242290"," -0,3101930",14,2019,80.0,3.0,2.0,3.0,2154839,1.0,1,1,1,5.0,,0.0,0,1994.0,A01,138Â 296Â 002,1.0,-1.0,-1.0,1645402,1.0,7,,13.0,0.0,1.0,A01,138Â 296Â 002,1.0
964071,201900005602,12,20,22:40,3,1,1,2.0,6.0,14719,D131,M,"49,0242290"," -0,3101930",14,2019,80.0,3.0,2.0,3.0,2154840,2.0,2,3,2,5.0,,0.0,0,1996.0,A01,138Â 296Â 002,1.0,-1.0,-1.0,1645402,1.0,7,,13.0,0.0,1.0,A01,138Â 296Â 002,1.0
964072,201900005603,11,7,07:55,1,1,1,3.0,4.0,59383,AUTOROUTE A2,M,"50,3379715","3,5410214",59,2019,110.0,1.0,2.0,1.0,2154841,1.0,1,1,2,0.0,,-1.0,0,1972.0,G01,138Â 295Â 995,1.0,0.0,-1.0,1645403,1.0,7,,0.0,2.0,4.0,G01,138Â 295Â 995,1.0
964072,201900005603,11,7,07:55,1,1,1,3.0,4.0,59383,AUTOROUTE A2,M,"50,3379715","3,5410214",59,2019,110.0,1.0,2.0,1.0,2154841,1.0,1,1,2,0.0,,-1.0,0,1972.0,G01,138Â 295Â 995,1.0,0.0,-1.0,1645404,1.0,15,,0.0,2.0,4.0,F01,138Â 295Â 996,1.0
964072,201900005603,11,7,07:55,1,1,1,3.0,4.0,59383,AUTOROUTE A2,M,"50,3379715","3,5410214",59,2019,110.0,1.0,2.0,1.0,2154841,1.0,1,1,2,0.0,,-1.0,0,1972.0,G01,138Â 295Â 995,1.0,0.0,-1.0,1645405,1.0,7,,0.0,2.0,4.0,E01,138Â 295Â 997,1.0
964072,201900005603,11,7,07:55,1,1,1,3.0,4.0,59383,AUTOROUTE A2,M,"50,3379715","3,5410214",59,2019,110.0,1.0,2.0,1.0,2154841,1.0,1,1,2,0.0,,-1.0,0,1972.0,G01,138Â 295Â 995,1.0,0.0,-1.0,1645406,1.0,7,,0.0,2.0,4.0,D01,138Â 295Â 998,0.0
964072,201900005603,11,7,07:55,1,1,1,3.0,4.0,59383,AUTOROUTE A2,M,"50,3379715","3,5410214",59,2019,110.0,1.0,2.0,1.0,2154841,1.0,1,1,2,0.0,,-1.0,0,1972.0,G01,138Â 295Â 995,1.0,0.0,-1.0,1645407,1.0,10,,0.0,2.0,4.0,C01,138Â 295Â 999,1.0
964072,201900005603,11,7,07:55,1,1,1,3.0,4.0,59383,AUTOROUTE A2,M,"50,3379715","3,5410214",59,2019,110.0,1.0,2.0,1.0,2154841,1.0,1,1,2,0.0,,-1.0,0,1972.0,G01,138Â 295Â 995,1.0,0.0,-1.0,1645408,1.0,7,,0.0,2.0,4.0,B01,138Â 296Â 000,1.0
964072,201900005603,11,7,07:55,1,1,1,3.0,4.0,59383,AUTOROUTE A2,M,"50,3379715","3,5410214",59,2019,110.0,1.0,2.0,1.0,2154841,1.0,1,1,2,0.0,,-1.0,0,1972.0,G01,138Â 295Â 995,1.0,0.0,-1.0,1645409,1.0,10,,0.0,2.0,4.0,A01,138Â 296Â 001,1.0
964072,201900005603,11,7,07:55,1,1,1,3.0,4.0,59383,AUTOROUTE A2,M,"50,3379715","3,5410214",59,2019,110.0,1.0,2.0,1.0,2154842,1.0,1,1,1,4.0,,-1.0, -1,1959.0,F01,138Â 295Â 996,1.0,0.0,-1.0,1645403,1.0,7,,0.0,2.0,4.0,G01,138Â 295Â 995,1.0
964072,201900005603,11,7,07:55,1,1,1,3.0,4.0,59383,AUTOROUTE A2,M,"50,3379715","3,5410214",59,2019,110.0,1.0,2.0,1.0,2154842,1.0,1,1,1,4.0,,-1.0, -1,1959.0,F01,138Â 295Â 996,1.0,0.0,-1.0,1645404,1.0,15,,0.0,2.0,4.0,F01,138Â 295Â 996,1.0
964072,201900005603,11,7,07:55,1,1,1,3.0,4.0,59383,AUTOROUTE A2,M,"50,3379715","3,5410214",59,2019,110.0,1.0,2.0,1.0,2154842,1.0,1,1,1,4.0,,-1.0, -1,1959.0,F01,138Â 295Â 996,1.0,0.0,-1.0,1645405,1.0,7,,0.0,2.0,4.0,E01,138Â 295Â 997,1.0
964072,201900005603,11,7,07:55,1,1,1,3.0,4.0,59383,AUTOROUTE A2,M,"50,3379715","3,5410214",59,2019,110.0,1.0,2.0,1.0,2154842,1.0,1,1,1,4.0,,-1.0, -1,1959.0,F01,138Â 295Â 996,1.0,0.0,-1.0,1645406,1.0,7,,0.0,2.0,4.0,D01,138Â 295Â 998,0.0
964072,201900005603,11,7,07:55,1,1,1,3.0,4.0,59383,AUTOROUTE A2,M,"50,3379715","3,5410214",59,2019,110.0,1.0,2.0,1.0,2154842,1.0,1,1,1,4.0,,-1.0, -1,1959.0,F01,138Â 295Â 996,1.0,0.0,-1.0,1645407,1.0,10,,0.0,2.0,4.0,C01,138Â 295Â 999,1.0
964072,201900005603,11,7,07:55,1,1,1,3.0,4.0,59383,AUTOROUTE A2,M,"50,3379715","3,5410214",59,2019,110.0,1.0,2.0,1.0,2154842,1.0,1,1,1,4.0,,-1.0, -1,1959.0,F01,138Â 295Â 996,1.0,0.0,-1.0,1645408,1.0,7,,0.0,2.0,4.0,B01,138Â 296Â 000,1.0
964072,201900005603,11,7,07:55,1,1,1,3.0,4.0,59383,AUTOROUTE A2,M,"50,3379715","3,5410214",59,2019,110.0,1.0,2.0,1.0,2154842,1.0,1,1,1,4.0,,-1.0, -1,1959.0,F01,138Â 295Â 996,1.0,0.0,-1.0,1645409,1.0,10,,0.0,2.0,4.0,A01,138Â 296Â 001,1.0
964072,201900005603,11,7,07:55,1,1,1,3.0,4.0,59383,AUTOROUTE A2,M,"50,3379715","3,5410214",59,2019,110.0,1.0,2.0,1.0,2154843,1.0,1,1,1,0.0,,-1.0, -1,2000.0,E01,138Â 295Â 997,1.0,0.0,-1.0,1645403,1.0,7,,0.0,2.0,4.0,G01,138Â 295Â 995,1.0
964072,201900005603,11,7,07:55,1,1,1,3.0,4.0,59383,AUTOROUTE A2,M,"50,3379715","3,5410214",59,2019,110.0,1.0,2.0,1.0,2154843,1.0,1,1,1,0.0,,-1.0, -1,2000.0,E01,138Â 295Â 997,1.0,0.0,-1.0,1645404,1.0,15,,0.0,2.0,4.0,F01,138Â 295Â 996,1.0
964072,201900005603,11,7,07:55,1,1,1,3.0,4.0,59383,AUTOROUTE A2,M,"50,3379715","3,5410214",59,2019,110.0,1.0,2.0,1.0,2154843,1.0,1,1,1,0.0,,-1.0, -1,2000.0,E01,138Â 295Â 997,1.0,0.0,-1.0,1645405,1.0,7,,0.0,2.0,4.0,E01,138Â 295Â 997,1.0
964072,201900005603,11,7,07:55,1,1,1,3.0,4.0,59383,AUTOROUTE A2,M,"50,3379715","3,5410214",59,2019,110.0,1.0,2.0,1.0,2154843,1.0,1,1,1,0.0,,-1.0, -1,2000.0,E01,138Â 295Â 997,1.0,0.0,-1.0,1645406,1.0,7,,0.0,2.0,4.0,D01,138Â 295Â 998,0.0
964072,201900005603,11,7,07:55,1,1,1,3.0,4.0,59383,AUTOROUTE A2,M,"50,3379715","3,5410214",59,2019,110.0,1.0,2.0,1.0,2154843,1.0,1,1,1,0.0,,-1.0, -1,2000.0,E01,138Â 295Â 997,1.0,0.0,-1.0,1645407,1.0,10,,0.0,2.0,4.0,C01,138Â 295Â 999,1.0
964072,201900005603,11,7,07:55,1,1,1,3.0,4.0,59383,AUTOROUTE A2,M,"50,3379715","3,5410214",59,2019,110.0,1.0,2.0,1.0,2154843,1.0,1,1,1,0.0,,-1.0, -1,2000.0,E01,138Â 295Â 997,1.0,0.0,-1.0,1645408,1.0,7,,0.0,2.0,4.0,B01,138Â 296Â 000,1.0
964072,201900005603,11,7,07:55,1,1,1,3.0,4.0,59383,AUTOROUTE A2,M,"50,3379715","3,5410214",59,2019,110.0,1.0,2.0,1.0,2154843,1.0,1,1,1,0.0,,-1.0, -1,2000.0,E01,138Â 295Â 997,1.0,0.0,-1.0,1645409,1.0,10,,0.0,2.0,4.0,A01,138Â 296Â 001,1.0
964072,201900005603,11,7,07:55,1,1,1,3.0,4.0,59383,AUTOROUTE A2,M,"50,3379715","3,5410214",59,2019,110.0,1.0,2.0,1.0,2154844,1.0,1,1,1,1.0,,-1.0, -1,1988.0,D01,138Â 295Â 998,1.0,0.0,-1.0,1645403,1.0,7,,0.0,2.0,4.0,G01,138Â 295Â 995,1.0
964072,201900005603,11,7,07:55,1,1,1,3.0,4.0,59383,AUTOROUTE A2,M,"50,3379715","3,5410214",59,2019,110.0,1.0,2.0,1.0,2154844,1.0,1,1,1,1.0,,-1.0, -1,1988.0,D01,138Â 295Â 998,1.0,0.0,-1.0,1645404,1.0,15,,0.0,2.0,4.0,F01,138Â 295Â 996,1.0
964072,201900005603,11,7,07:55,1,1,1,3.0,4.0,59383,AUTOROUTE A2,M,"50,3379715","3,5410214",59,2019,110.0,1.0,2.0,1.0,2154844,1.0,1,1,1,1.0,,-1.0, -1,1988.0,D01,138Â 295Â 998,1.0,0.0,-1.0,1645405,1.0,7,,0.0,2.0,4.0,E01,138Â 295Â 997,1.0
964072,201900005603,11,7,07:55,1,1,1,3.0,4.0,59383,AUTOROUTE A2,M,"50,3379715","3,5410214",59,2019,110.0,1.0,2.0,1.0,2154844,1.0,1,1,1,1.0,,-1.0, -1,1988.0,D01,138Â 295Â 998,1.0,0.0,-1.0,1645406,1.0,7,,0.0,2.0,4.0,D01,138Â 295Â 998,0.0
964072,201900005603,11,7,07:55,1,1,1,3.0,4.0,59383,AUTOROUTE A2,M,"50,3379715","3,5410214",59,2019,110.0,1.0,2.0,1.0,2154844,1.0,1,1,1,1.0,,-1.0, -1,1988.0,D01,138Â 295Â 998,1.0,0.0,-1.0,1645407,1.0,10,,0.0,2.0,4.0,C01,138Â 295Â 999,1.0
964072,201900005603,11,7,07:55,1,1,1,3.0,4.0,59383,AUTOROUTE A2,M,"50,3379715","3,5410214",59,2019,110.0,1.0,2.0,1.0,2154844,1.0,1,1,1,1.0,,-1.0, -1,1988.0,D01,138Â 295Â 998,1.0,0.0,-1.0,1645408,1.0,7,,0.0,2.0,4.0,B01,138Â 296Â 000,1.0
964072,201900005603,11,7,07:55,1,1,1,3.0,4.0,59383,AUTOROUTE A2,M,"50,3379715","3,5410214",59,2019,110.0,1.0,2.0,1.0,2154844,1.0,1,1,1,1.0,,-1.0, -1,1988.0,D01,138Â 295Â 998,1.0,0.0,-1.0,1645409,1.0,10,,0.0,2.0,4.0,A01,138Â 296Â 001,1.0
964072,201900005603,11,7,07:55,1,1,1,3.0,4.0,59383,AUTOROUTE A2,M,"50,3379715","3,5410214",59,2019,110.0,1.0,2.0,1.0,2154845,1.0,1,1,1,0.0,,-1.0, -1,1980.0,C01,138Â 295Â 999,1.0,0.0,-1.0,1645403,1.0,7,,0.0,2.0,4.0,G01,138Â 295Â 995,1.0
964072,201900005603,11,7,07:55,1,1,1,3.0,4.0,59383,AUTOROUTE A2,M,"50,3379715","3,5410214",59,2019,110.0,1.0,2.0,1.0,2154845,1.0,1,1,1,0.0,,-1.0, -1,1980.0,C01,138Â 295Â 999,1.0,0.0,-1.0,1645404,1.0,15,,0.0,2.0,4.0,F01,138Â 295Â 996,1.0
964072,201900005603,11,7,07:55,1,1,1,3.0,4.0,59383,AUTOROUTE A2,M,"50,3379715","3,5410214",59,2019,110.0,1.0,2.0,1.0,2154845,1.0,1,1,1,0.0,,-1.0, -1,1980.0,C01,138Â 295Â 999,1.0,0.0,-1.0,1645405,1.0,7,,0.0,2.0,4.0,E01,138Â 295Â 997,1.0
964072,201900005603,11,7,07:55,1,1,1,3.0,4.0,59383,AUTOROUTE A2,M,"50,3379715","3,5410214",59,2019,110.0,1.0,2.0,1.0,2154845,1.0,1,1,1,0.0,,-1.0, -1,1980.0,C01,138Â 295Â 999,1.0,0.0,-1.0,1645406,1.0,7,,0.0,2.0,4.0,D01,138Â 295Â 998,0.0
964072,201900005603,11,7,07:55,1,1,1,3.0,4.0,59383,AUTOROUTE A2,M,"50,3379715","3,5410214",59,2019,110.0,1.0,2.0,1.0,2154845,1.0,1,1,1,0.0,,-1.0, -1,1980.0,C01,138Â 295Â 999,1.0,0.0,-1.0,1645407,1.0,10,,0.0,2.0,4.0,C01,138Â 295Â 999,1.0