Unnamed: 0_x,num_acc,mois,jour,hrmn,lum,agg,int,atm,col,com,adr,gps,lat,long,dep,annee,vma,situ,surf,catr,Unnamed: 0_y,place,catu,grav,sexe,trajet,secu,locp,actp,an_nais,num_veh_x,id_vehicule_x,secu1,secu2,secu3,Unnamed: 0,senc,catv,occutc,obs,obsm,choc,num_veh_y,id_vehicule_y,motor
964072,201900005603,11,7,07:55,1,1,1,3.0,4.0,59383,AUTOROUTE A2,M,"50,3379715","3,5410214",59,2019,110.0,1.0,2.0,1.0,2154845,1.0,1,1,1,0.0,,-1.0, -1,1980.0,C01,138Â 295Â 999,1.0,0.0,-1.0,1645408,1.0,7,,0.0,2.0,4.0,B01,138Â 296Â 000,1.0
964072,201900005603,11,7,07:55,1,1,1,3.0,4.0,59383,AUTOROUTE A2,M,"50,3379715","3,5410214",59,2019,110.0,1.0,2.0,1.0,2154845,1.0,1,1,1,0.0,,-1.0, -1,1980.0,C01,138Â 295Â 999,1.0,0.0,-1.0,1645409,1.0,10,,0.0,2.0,4.0,A01,138Â 296Â 001,1.0
964072,201900005603,11,7,07:55,1,1,1,3.0,4.0,59383,AUTOROUTE A2,M,"50,3379715","3,5410214",59,2019,110.0,1.0,2.0,1.0,2154846,1.0,1,3,2,0.0,,-1.0, -1,1954.0,B01,138Â 296Â 000,1.0,0.0,-1.0,1645403,1.0,7,,0.0,2.0,4.0,G01,138Â 295Â 995,1.0
964072,201900005603,11,7,07:55,1,1,1,3.0,4.0,59383,AUTOROUTE A2,M,"50,3379715","3,5410214",59,2019,110.0,1.0,2.0,1.0,2154846,1.0,1,3,2,0.0,,-1.0, -1,1954.0,B01,138Â 296Â 000,1.0,0.0,-1.0,1645404,1.0,15,,0.0,2.0,4.0,F01,138Â 295Â 996,1.0
964072,201900005603,11,7,07:55,1,1,1,3.0,4.0,59383,AUTOROUTE A2,M,"50,3379715","3,5410214",59,2019,110.0,1.0,2.0,1.0,2154846,1.0,1,3,2,0.0,,-1.0, -1,1954.0,B01,138Â 296Â 000,1.0,0.0,-1.0,1645405,1.0,7,,0.0,2.0,4.0,E01,138Â 295Â 997,1.0
964072,201900005603,11,7,07:55,1,1,1,3.0,4.0,59383,AUTOROUTE A2,M,"50,3379715","3,5410214",59,2019,110.0,1.0,2.0,1.0,2154846,1.0,1,3,2,0.0,,-1.0, -1,1954.0,B01,138Â 296Â 000,1.0,0.0,-1.0,1645406,1.0,7,,0.0,2.0,4.0,D01,138Â 295Â 998,0.0
964072,201900005603,11,7,07:55,1,1,1,3.0,4.0,59383,AUTOROUTE A2,M,"50,3379715","3,5410214",59,2019,110.0,1.0,2.0,1.0,2154846,1.0,1,3,2,0.0,,-1.0, -1,1954.0,B01,138Â 296Â 000,1.0,0.0,-1.0,1645407,1.0,10,,0.0,2.0,4.0,C01,138Â 295Â 999,1.0
964072,201900005603,11,7,07:55,1,1,1,3.0,4.0,59383,AUTOROUTE A2,M,"50,3379715","3,5410214",59,2019,110.0,1.0,2.0,1.0,2154846,1.0,1,3,2,0.0,,-1.0, -1,1954.0,B01,138Â 296Â 000,1.0,0.0,-1.0,1645408,1.0,7,,0.0,2.0,4.0,B01,138Â 296Â 000,1.0
964072,201900005603,11,7,07:55,1,1,1,3.0,4.0,59383,AUTOROUTE A2,M,"50,3379715","3,5410214",59,2019,110.0,1.0,2.0,1.0,2154846,1.0,1,3,2,0.0,,-1.0, -1,1954.0,B01,138Â 296Â 000,1.0,0.0,-1.0,1645409,1.0,10,,0.0,2.0,4.0,A01,138Â 296Â 001,1.0
964072,201900005603,11,7,07:55,1,1,1,3.0,4.0,59383,AUTOROUTE A2,M,"50,3379715","3,5410214",59,2019,110.0,1.0,2.0,1.0,2154847,1.0,1,1,1,4.0,,-1.0, -1,1987.0,A01,138Â 296Â 001,1.0,0.0,-1.0,1645403,1.0,7,,0.0,2.0,4.0,G01,138Â 295Â 995,1.0
964072,201900005603,11,7,07:55,1,1,1,3.0,4.0,59383,AUTOROUTE A2,M,"50,3379715","3,5410214",59,2019,110.0,1.0,2.0,1.0,2154847,1.0,1,1,1,4.0,,-1.0, -1,1987.0,A01,138Â 296Â 001,1.0,0.0,-1.0,1645404,1.0,15,,0.0,2.0,4.0,F01,138Â 295Â 996,1.0
964072,201900005603,11,7,07:55,1,1,1,3.0,4.0,59383,AUTOROUTE A2,M,"50,3379715","3,5410214",59,2019,110.0,1.0,2.0,1.0,2154847,1.0,1,1,1,4.0,,-1.0, -1,1987.0,A01,138Â 296Â 001,1.0,0.0,-1.0,1645405,1.0,7,,0.0,2.0,4.0,E01,138Â 295Â 997,1.0
964072,201900005603,11,7,07:55,1,1,1,3.0,4.0,59383,AUTOROUTE A2,M,"50,3379715","3,5410214",59,2019,110.0,1.0,2.0,1.0,2154847,1.0,1,1,1,4.0,,-1.0, -1,1987.0,A01,138Â 296Â 001,1.0,0.0,-1.0,1645406,1.0,7,,0.0,2.0,4.0,D01,138Â 295Â 998,0.0
964072,201900005603,11,7,07:55,1,1,1,3.0,4.0,59383,AUTOROUTE A2,M,"50,3379715","3,5410214",59,2019,110.0,1.0,2.0,1.0,2154847,1.0,1,1,1,4.0,,-1.0, -1,1987.0,A01,138Â 296Â 001,1.0,0.0,-1.0,1645407,1.0,10,,0.0,2.0,4.0,C01,138Â 295Â 999,1.0
964072,201900005603,11,7,07:55,1,1,1,3.0,4.0,59383,AUTOROUTE A2,M,"50,3379715","3,5410214",59,2019,110.0,1.0,2.0,1.0,2154847,1.0,1,1,1,4.0,,-1.0, -1,1987.0,A01,138Â 296Â 001,1.0,0.0,-1.0,1645408,1.0,7,,0.0,2.0,4.0,B01,138Â 296Â 000,1.0
964072,201900005603,11,7,07:55,1,1,1,3.0,4.0,59383,AUTOROUTE A2,M,"50,3379715","3,5410214",59,2019,110.0,1.0,2.0,1.0,2154847,1.0,1,1,1,4.0,,-1.0, -1,1987.0,A01,138Â 296Â 001,1.0,0.0,-1.0,1645409,1.0,10,,0.0,2.0,4.0,A01,138Â 296Â 001,1.0
964073,201900005604,9,14,07:35,2,2,6,1.0,5.0,59431,HOUCKE (AVENUE JULES),M,"50,6847500","2,8421500",59,2019,50.0,1.0,1.0,4.0,2154848,5.0,2,1,1,5.0,,-1.0,0,1991.0,A01,138Â 295Â 992,8.0,0.0,-1.0,1645410,2.0,7,,11.0,2.0,1.0,A01,138Â 295Â 992,1.0
964073,201900005604,9,14,07:35,2,2,6,1.0,5.0,59431,HOUCKE (AVENUE JULES),M,"50,6847500","2,8421500",59,2019,50.0,1.0,1.0,4.0,2154848,5.0,2,1,1,5.0,,-1.0,0,1991.0,A01,138Â 295Â 992,8.0,0.0,-1.0,1645411,1.0,7,,0.0,2.0,7.0,B01,138Â 295Â 993,1.0
964073,201900005604,9,14,07:35,2,2,6,1.0,5.0,59431,HOUCKE (AVENUE JULES),M,"50,6847500","2,8421500",59,2019,50.0,1.0,1.0,4.0,2154848,5.0,2,1,1,5.0,,-1.0,0,1991.0,A01,138Â 295Â 992,8.0,0.0,-1.0,1645412,1.0,7,,0.0,2.0,7.0,C01,138Â 295Â 994,1.0
964073,201900005604,9,14,07:35,2,2,6,1.0,5.0,59431,HOUCKE (AVENUE JULES),M,"50,6847500","2,8421500",59,2019,50.0,1.0,1.0,4.0,2154849,1.0,1,1,1,5.0,,-1.0,0,1998.0,A01,138Â 295Â 992,8.0,0.0,-1.0,1645410,2.0,7,,11.0,2.0,1.0,A01,138Â 295Â 992,1.0
964073,201900005604,9,14,07:35,2,2,6,1.0,5.0,59431,HOUCKE (AVENUE JULES),M,"50,6847500","2,8421500",59,2019,50.0,1.0,1.0,4.0,2154849,1.0,1,1,1,5.0,,-1.0,0,1998.0,A01,138Â 295Â 992,8.0,0.0,-1.0,1645411,1.0,7,,0.0,2.0,7.0,B01,138Â 295Â 993,1.0
964073,201900005604,9,14,07:35,2,2,6,1.0,5.0,59431,HOUCKE (AVENUE JULES),M,"50,6847500","2,8421500",59,2019,50.0,1.0,1.0,4.0,2154849,1.0,1,1,1,5.0,,-1.0,0,1998.0,A01,138Â 295Â 992,8.0,0.0,-1.0,1645412,1.0,7,,0.0,2.0,7.0,C01,138Â 295Â 994,1.0
964073,201900005604,9,14,07:35,2,2,6,1.0,5.0,59431,HOUCKE (AVENUE JULES),M,"50,6847500","2,8421500",59,2019,50.0,1.0,1.0,4.0,2154850,2.0,2,3,1,5.0,,-1.0,0,1987.0,A01,138Â 295Â 992,8.0,0.0,-1.0,1645410,2.0,7,,11.0,2.0,1.0,A01,138Â 295Â 992,1.0
964073,201900005604,9,14,07:35,2,2,6,1.0,5.0,59431,HOUCKE (AVENUE JULES),M,"50,6847500","2,8421500",59,2019,50.0,1.0,1.0,4.0,2154850,2.0,2,3,1,5.0,,-1.0,0,1987.0,A01,138Â 295Â 992,8.0,0.0,-1.0,1645411,1.0,7,,0.0,2.0,7.0,B01,138Â 295Â 993,1.0
964073,201900005604,9,14,07:35,2,2,6,1.0,5.0,59431,HOUCKE (AVENUE JULES),M,"50,6847500","2,8421500",59,2019,50.0,1.0,1.0,4.0,2154850,2.0,2,3,1,5.0,,-1.0,0,1987.0,A01,138Â 295Â 992,8.0,0.0,-1.0,1645412,1.0,7,,0.0,2.0,7.0,C01,138Â 295Â 994,1.0
964073,201900005604,9,14,07:35,2,2,6,1.0,5.0,59431,HOUCKE (AVENUE JULES),M,"50,6847500","2,8421500",59,2019,50.0,1.0,1.0,4.0,2154851,3.0,2,4,1,5.0,,-1.0,0,1993.0,A01,138Â 295Â 992,8.0,0.0,-1.0,1645410,2.0,7,,11.0,2.0,1.0,A01,138Â 295Â 992,1.0
964073,201900005604,9,14,07:35,2,2,6,1.0,5.0,59431,HOUCKE (AVENUE JULES),M,"50,6847500","2,8421500",59,2019,50.0,1.0,1.0,4.0,2154851,3.0,2,4,1,5.0,,-1.0,0,1993.0,A01,138Â 295Â 992,8.0,0.0,-1.0,1645411,1.0,7,,0.0,2.0,7.0,B01,138Â 295Â 993,1.0
964073,201900005604,9,14,07:35,2,2,6,1.0,5.0,59431,HOUCKE (AVENUE JULES),M,"50,6847500","2,8421500",59,2019,50.0,1.0,1.0,4.0,2154851,3.0,2,4,1,5.0,,-1.0,0,1993.0,A01,138Â 295Â 992,8.0,0.0,-1.0,1645412,1.0,7,,0.0,2.0,7.0,C01,138Â 295Â 994,1.0
964073,201900005604,9,14,07:35,2,2,6,1.0,5.0,59431,HOUCKE (AVENUE JULES),M,"50,6847500","2,8421500",59,2019,50.0,1.0,1.0,4.0,2154852,4.0,2,1,1,5.0,,0.0,0,1998.0,A01,138Â 295Â 992,8.0,0.0,-1.0,1645410,2.0,7,,11.0,2.0,1.0,A01,138Â 295Â 992,1.0
964073,201900005604,9,14,07:35,2,2,6,1.0,5.0,59431,HOUCKE (AVENUE JULES),M,"50,6847500","2,8421500",59,2019,50.0,1.0,1.0,4.0,2154852,4.0,2,1,1,5.0,,0.0,0,1998.0,A01,138Â 295Â 992,8.0,0.0,-1.0,1645411,1.0,7,,0.0,2.0,7.0,B01,138Â 295Â 993,1.0
964073,201900005604,9,14,07:35,2,2,6,1.0,5.0,59431,HOUCKE (AVENUE JULES),M,"50,6847500","2,8421500",59,2019,50.0,1.0,1.0,4.0,2154852,4.0,2,1,1,5.0,,0.0,0,1998.0,A01,138Â 295Â 992,8.0,0.0,-1.0,1645412,1.0,7,,0.0,2.0,7.0,C01,138Â 295Â 994,1.0
964073,201900005604,9,14,07:35,2,2,6,1.0,5.0,59431,HOUCKE (AVENUE JULES),M,"50,6847500","2,8421500",59,2019,50.0,1.0,1.0,4.0,2154853,1.0,1,4,1,5.0,,-1.0,0,1951.0,B01,138Â 295Â 993,8.0,0.0,-1.0,1645410,2.0,7,,11.0,2.0,1.0,A01,138Â 295Â 992,1.0
964073,201900005604,9,14,07:35,2,2,6,1.0,5.0,59431,HOUCKE (AVENUE JULES),M,"50,6847500","2,8421500",59,2019,50.0,1.0,1.0,4.0,2154853,1.0,1,4,1,5.0,,-1.0,0,1951.0,B01,138Â 295Â 993,8.0,0.0,-1.0,1645411,1.0,7,,0.0,2.0,7.0,B01,138Â 295Â 993,1.0
964073,201900005604,9,14,07:35,2,2,6,1.0,5.0,59431,HOUCKE (AVENUE JULES),M,"50,6847500","2,8421500",59,2019,50.0,1.0,1.0,4.0,2154853,1.0,1,4,1,5.0,,-1.0,0,1951.0,B01,138Â 295Â 993,8.0,0.0,-1.0,1645412,1.0,7,,0.0,2.0,7.0,C01,138Â 295Â 994,1.0
964073,201900005604,9,14,07:35,2,2,6,1.0,5.0,59431,HOUCKE (AVENUE JULES),M,"50,6847500","2,8421500",59,2019,50.0,1.0,1.0,4.0,2154854,1.0,1,4,1,5.0,,-1.0,0,1981.0,C01,138Â 295Â 994,8.0,0.0,-1.0,1645410,2.0,7,,11.0,2.0,1.0,A01,138Â 295Â 992,1.0
964073,201900005604,9,14,07:35,2,2,6,1.0,5.0,59431,HOUCKE (AVENUE JULES),M,"50,6847500","2,8421500",59,2019,50.0,1.0,1.0,4.0,2154854,1.0,1,4,1,5.0,,-1.0,0,1981.0,C01,138Â 295Â 994,8.0,0.0,-1.0,1645411,1.0,7,,0.0,2.0,7.0,B01,138Â 295Â 993,1.0
964073,201900005604,9,14,07:35,2,2,6,1.0,5.0,59431,HOUCKE (AVENUE JULES),M,"50,6847500","2,8421500",59,2019,50.0,1.0,1.0,4.0,2154854,1.0,1,4,1,5.0,,-1.0,0,1981.0,C01,138Â 295Â 994,8.0,0.0,-1.0,1645412,1.0,7,,0.0,2.0,7.0,C01,138Â 295Â 994,1.0
964074,201900005605,9,12,09:10,1,1,1,1.0,1.0,59431,CIGOGNES (RUE DES),M,"50,6960160","2,8400330",59,2019,50.0,1.0,1.0,4.0,2154855,1.0,1,1,1,5.0,,-1.0,0,1995.0,B01,138Â 295Â 990,1.0,0.0,-1.0,1645413,3.0,7,,0.0,2.0,2.0,B01,138Â 295Â 990,1.0
964074,201900005605,9,12,09:10,1,1,1,1.0,1.0,59431,CIGOGNES (RUE DES),M,"50,6960160","2,8400330",59,2019,50.0,1.0,1.0,4.0,2154855,1.0,1,1,1,5.0,,-1.0,0,1995.0,B01,138Â 295Â 990,1.0,0.0,-1.0,1645414,3.0,7,,0.0,2.0,3.0,A01,138Â 295Â 991,1.0
964074,201900005605,9,12,09:10,1,1,1,1.0,1.0,59431,CIGOGNES (RUE DES),M,"50,6960160","2,8400330",59,2019,50.0,1.0,1.0,4.0,2154856,1.0,1,4,1,5.0,,-1.0,0,1979.0,A01,138Â 295Â 991,1.0,0.0,-1.0,1645413,3.0,7,,0.0,2.0,2.0,B01,138Â 295Â 990,1.0
964074,201900005605,9,12,09:10,1,1,1,1.0,1.0,59431,CIGOGNES (RUE DES),M,"50,6960160","2,8400330",59,2019,50.0,1.0,1.0,4.0,2154856,1.0,1,4,1,5.0,,-1.0,0,1979.0,A01,138Â 295Â 991,1.0,0.0,-1.0,1645414,3.0,7,,0.0,2.0,3.0,A01,138Â 295Â 991,1.0
964075,201900005606,9,6,17:30,1,1,1,1.0,2.0,59609,AUTOROUTE A1,M,"50,5700000","3,0800000",59,2019,90.0,1.0,1.0,1.0,2154857,1.0,1,3,1,0.0,,-1.0, -1,1974.0,B01,138Â 295Â 988,2.0,6.0,-1.0,1645415,2.0,31,,0.0,2.0,4.0,B01,138Â 295Â 988,1.0
964075,201900005606,9,6,17:30,1,1,1,1.0,2.0,59609,AUTOROUTE A1,M,"50,5700000","3,0800000",59,2019,90.0,1.0,1.0,1.0,2154857,1.0,1,3,1,0.0,,-1.0, -1,1974.0,B01,138Â 295Â 988,2.0,6.0,-1.0,1645416,2.0,7,,0.0,2.0,1.0,A01,138Â 295Â 989,1.0
964075,201900005606,9,6,17:30,1,1,1,1.0,2.0,59609,AUTOROUTE A1,M,"50,5700000","3,0800000",59,2019,90.0,1.0,1.0,1.0,2154858,1.0,1,1,2,0.0,,-1.0, -1,1984.0,A01,138Â 295Â 989,1.0,0.0,-1.0,1645415,2.0,31,,0.0,2.0,4.0,B01,138Â 295Â 988,1.0
964075,201900005606,9,6,17:30,1,1,1,1.0,2.0,59609,AUTOROUTE A1,M,"50,5700000","3,0800000",59,2019,90.0,1.0,1.0,1.0,2154858,1.0,1,1,2,0.0,,-1.0, -1,1984.0,A01,138Â 295Â 989,1.0,0.0,-1.0,1645416,2.0,7,,0.0,2.0,1.0,A01,138Â 295Â 989,1.0
964076,201900005607,12,17,08:10,2,2,4,1.0,3.0,92044,VILLIERS(RUE DE)  88A140,M,"48,8962700","2,2734100",92,2019,50.0,1.0,1.0,4.0,2154859,1.0,1,4,2,0.0,,-1.0,0,1970.0,B01,138Â 295Â 986,1.0,0.0,-1.0,1645417,1.0,7,,0.0,2.0,7.0,B01,138Â 295Â 986,1.0
964076,201900005607,12,17,08:10,2,2,4,1.0,3.0,92044,VILLIERS(RUE DE)  88A140,M,"48,8962700","2,2734100",92,2019,50.0,1.0,1.0,4.0,2154859,1.0,1,4,2,0.0,,-1.0,0,1970.0,B01,138Â 295Â 986,1.0,0.0,-1.0,1645418,1.0,33,,0.0,2.0,8.0,A01,138Â 295Â 987,1.0
964076,201900005607,12,17,08:10,2,2,4,1.0,3.0,92044,VILLIERS(RUE DE)  88A140,M,"48,8962700","2,2734100",92,2019,50.0,1.0,1.0,4.0,2154860,1.0,1,4,1,0.0,,-1.0,0,1981.0,A01,138Â 295Â 987,2.0,6.0,-1.0,1645417,1.0,7,,0.0,2.0,7.0,B01,138Â 295Â 986,1.0
964076,201900005607,12,17,08:10,2,2,4,1.0,3.0,92044,VILLIERS(RUE DE)  88A140,M,"48,8962700","2,2734100",92,2019,50.0,1.0,1.0,4.0,2154860,1.0,1,4,1,0.0,,-1.0,0,1981.0,A01,138Â 295Â 987,2.0,6.0,-1.0,1645418,1.0,33,,0.0,2.0,8.0,A01,138Â 295Â 987,1.0
964077,201900005608,11,9,09:05,1,2,4,1.0,3.0,92002,ARISTIDE BRIAND (AVENUE),M,"48,7585308","2,3070103",92,2019,50.0,1.0,1.0,3.0,2154861,1.0,1,4,1,1.0,,-1.0,0,1998.0,B01,138Â 295Â 984,2.0,8.0,-1.0,1645419,2.0,33,,0.0,2.0,3.0,B01,138Â 295Â 984,1.0
964077,201900005608,11,9,09:05,1,2,4,1.0,3.0,92002,ARISTIDE BRIAND (AVENUE),M,"48,7585308","2,3070103",92,2019,50.0,1.0,1.0,3.0,2154861,1.0,1,4,1,1.0,,-1.0,0,1998.0,B01,138Â 295Â 984,2.0,8.0,-1.0,1645420,1.0,7,,0.0,2.0,3.0,A01,138Â 295Â 985,1.0
964077,201900005608,11,9,09:05,1,2,4,1.0,3.0,92002,ARISTIDE BRIAND (AVENUE),M,"48,7585308","2,3070103",92,2019,50.0,1.0,1.0,3.0,2154862,1.0,1,1,1,5.0,,-1.0,0,1970.0,A01,138Â 295Â 985,1.0,0.0,-1.0,1645419,2.0,33,,0.0,2.0,3.0,B01,138Â 295Â 984,1.0
964077,201900005608,11,9,09:05,1,2,4,1.0,3.0,92002,ARISTIDE BRIAND (AVENUE),M,"48,7585308","2,3070103",92,2019,50.0,1.0,1.0,3.0,2154862,1.0,1,1,1,5.0,,-1.0,0,1970.0,A01,138Â 295Â 985,1.0,0.0,-1.0,1645420,1.0,7,,0.0,2.0,3.0,A01,138Â 295Â 985,1.0
964078,201900005609,11,9,14:25,1,1,1,1.0,3.0,92002,AUTOROUTE A10,M,"48,7371471","2,3162289",92,2019,90.0,1.0,1.0,1.0,2154863,1.0,1,4,1,0.0,,-1.0,0,1989.0,B01,138Â 295Â 982,1.0,0.0,-1.0,1645421,1.0,7,,0.0,2.0,8.0,B01,138Â 295Â 982,1.0
964078,201900005609,11,9,14:25,1,1,1,1.0,3.0,92002,AUTOROUTE A10,M,"48,7371471","2,3162289",92,2019,90.0,1.0,1.0,1.0,2154863,1.0,1,4,1,0.0,,-1.0,0,1989.0,B01,138Â 295Â 982,1.0,0.0,-1.0,1645422,1.0,14,,0.0,2.0,2.0,A01,138Â 295Â 983,1.0
964078,201900005609,11,9,14:25,1,1,1,1.0,3.0,92002,AUTOROUTE A10,M,"48,7371471","2,3162289",92,2019,90.0,1.0,1.0,1.0,2154864,1.0,1,1,1,4.0,,-1.0,0,1981.0,A01,138Â 295Â 983,1.0,4.0,-1.0,1645421,1.0,7,,0.0,2.0,8.0,B01,138Â 295Â 982,1.0
964078,201900005609,11,9,14:25,1,1,1,1.0,3.0,92002,AUTOROUTE A10,M,"48,7371471","2,3162289",92,2019,90.0,1.0,1.0,1.0,2154864,1.0,1,1,1,4.0,,-1.0,0,1981.0,A01,138Â 295Â 983,1.0,4.0,-1.0,1645422,1.0,14,,0.0,2.0,2.0,A01,138Â 295Â 983,1.0
964079,201900005610,12,10,08:50,1,2,9,1.0,6.0,92050,JOFFRE MARECHAL AVENUE DU,M,"48,8852968","2,1955329",92,2019,50.0,1.0,1.0,3.0,2154865,10.0,3,4,2,0.0,,9.0,9,1983.0,A01,138Â 295Â 981,0.0,0.0,0.0,1645423,1.0,7,,0.0,1.0,7.0,A01,138Â 295Â 981,1.0
964079,201900005610,12,10,08:50,1,2,9,1.0,6.0,92050,JOFFRE MARECHAL AVENUE DU,M,"48,8852968","2,1955329",92,2019,50.0,1.0,1.0,3.0,2154866,2.0,2,1,2,0.0,,0.0,0,1991.0,A01,138Â 295Â 981,1.0,0.0,-1.0,1645423,1.0,7,,0.0,1.0,7.0,A01,138Â 295Â 981,1.0
964079,201900005610,12,10,08:50,1,2,9,1.0,6.0,92050,JOFFRE MARECHAL AVENUE DU,M,"48,8852968","2,1955329",92,2019,50.0,1.0,1.0,3.0,2154867,1.0,1,1,1,9.0,,0.0,0,1949.0,A01,138Â 295Â 981,1.0,0.0,-1.0,1645423,1.0,7,,0.0,1.0,7.0,A01,138Â 295Â 981,1.0
964080,201900005611,12,15,00:10,5,2,1,2.0,6.0,92035,Murgers ( rue des ),M,"48,9035600","2,2336900",92,2019,50.0,1.0,2.0,4.0,2154868,4.0,2,1,2,5.0,,-1.0,0,2013.0,A01,138Â 295Â 980,1.0,0.0,-1.0,1645424,3.0,7,,1.0,0.0,1.0,A01,138Â 295Â 980,1.0
964080,201900005611,12,15,00:10,5,2,1,2.0,6.0,92035,Murgers ( rue des ),M,"48,9035600","2,2336900",92,2019,50.0,1.0,2.0,4.0,2154869,3.0,2,1,1,5.0,,-1.0,0,2016.0,A01,138Â 295Â 980,1.0,0.0,-1.0,1645424,3.0,7,,1.0,0.0,1.0,A01,138Â 295Â 980,1.0
964080,201900005611,12,15,00:10,5,2,1,2.0,6.0,92035,Murgers ( rue des ),M,"48,9035600","2,2336900",92,2019,50.0,1.0,2.0,4.0,2154870,2.0,2,1,2,5.0,,-1.0,0,1981.0,A01,138Â 295Â 980,1.0,0.0,-1.0,1645424,3.0,7,,1.0,0.0,1.0,A01,138Â 295Â 980,1.0
964080,201900005611,12,15,00:10,5,2,1,2.0,6.0,92035,Murgers ( rue des ),M,"48,9035600","2,2336900",92,2019,50.0,1.0,2.0,4.0,2154871,1.0,1,4,1,5.0,,-1.0,0,1979.0,A01,138Â 295Â 980,1.0,0.0,-1.0,1645424,3.0,7,,1.0,0.0,1.0,A01,138Â 295Â 980,1.0
964081,201900005612,11,14,11:00,1,2,2,8.0,6.0,92002,LEON BLUM (AVENUE),M,"48,7584421","2,3001653",92,2019,30.0,1.0,2.0,4.0,2154872,10.0,3,4,2,5.0,,3.0,3,1932.0,A01,138Â 295Â 979,8.0,0.0,-1.0,1645425,1.0,10,,0.0,1.0,3.0,A01,138Â 295Â 979,1.0
964081,201900005612,11,14,11:00,1,2,2,8.0,6.0,92002,LEON BLUM (AVENUE),M,"48,7584421","2,3001653",92,2019,30.0,1.0,2.0,4.0,2154873,1.0,1,1,1,5.0,,0.0,0,1994.0,A01,138Â 295Â 979,1.0,8.0,-1.0,1645425,1.0,10,,0.0,1.0,3.0,A01,138Â 295Â 979,1.0
964082,201900005613,11,11,16:05,1,1,1,8.0,4.0,92002,AUTOROUTE A10,M,"48,7338750","2,3132352",92,2019,90.0,1.0,2.0,1.0,2154874,1.0,1,4,2,0.0,,-1.0,0,1994.0,A01,138Â 295Â 975,1.0,0.0,-1.0,1645426,1.0,7,,0.0,2.0,1.0,A01,138Â 295Â 975,1.0
964082,201900005613,11,11,16:05,1,1,1,8.0,4.0,92002,AUTOROUTE A10,M,"48,7338750","2,3132352",92,2019,90.0,1.0,2.0,1.0,2154874,1.0,1,4,2,0.0,,-1.0,0,1994.0,A01,138Â 295Â 975,1.0,0.0,-1.0,1645427,1.0,7,,0.0,2.0,1.0,B01,138Â 295Â 976,1.0
964082,201900005613,11,11,16:05,1,1,1,8.0,4.0,92002,AUTOROUTE A10,M,"48,7338750","2,3132352",92,2019,90.0,1.0,2.0,1.0,2154874,1.0,1,4,2,0.0,,-1.0,0,1994.0,A01,138Â 295Â 975,1.0,0.0,-1.0,1645428,1.0,7,,0.0,2.0,1.0,C01,138Â 295Â 977,1.0
964082,201900005613,11,11,16:05,1,1,1,8.0,4.0,92002,AUTOROUTE A10,M,"48,7338750","2,3132352",92,2019,90.0,1.0,2.0,1.0,2154874,1.0,1,4,2,0.0,,-1.0,0,1994.0,A01,138Â 295Â 975,1.0,0.0,-1.0,1645429,1.0,7,,0.0,2.0,4.0,D01,138Â 295Â 978,1.0
964082,201900005613,11,11,16:05,1,1,1,8.0,4.0,92002,AUTOROUTE A10,M,"48,7338750","2,3132352",92,2019,90.0,1.0,2.0,1.0,2154875,2.0,2,1,1,0.0,,-1.0,0,1991.0,A01,138Â 295Â 975,1.0,0.0,-1.0,1645426,1.0,7,,0.0,2.0,1.0,A01,138Â 295Â 975,1.0
964082,201900005613,11,11,16:05,1,1,1,8.0,4.0,92002,AUTOROUTE A10,M,"48,7338750","2,3132352",92,2019,90.0,1.0,2.0,1.0,2154875,2.0,2,1,1,0.0,,-1.0,0,1991.0,A01,138Â 295Â 975,1.0,0.0,-1.0,1645427,1.0,7,,0.0,2.0,1.0,B01,138Â 295Â 976,1.0
964082,201900005613,11,11,16:05,1,1,1,8.0,4.0,92002,AUTOROUTE A10,M,"48,7338750","2,3132352",92,2019,90.0,1.0,2.0,1.0,2154875,2.0,2,1,1,0.0,,-1.0,0,1991.0,A01,138Â 295Â 975,1.0,0.0,-1.0,1645428,1.0,7,,0.0,2.0,1.0,C01,138Â 295Â 977,1.0
964082,201900005613,11,11,16:05,1,1,1,8.0,4.0,92002,AUTOROUTE A10,M,"48,7338750","2,3132352",92,2019,90.0,1.0,2.0,1.0,2154875,2.0,2,1,1,0.0,,-1.0,0,1991.0,A01,138Â 295Â 975,1.0,0.0,-1.0,1645429,1.0,7,,0.0,2.0,4.0,D01,138Â 295Â 978,1.0
964082,201900005613,11,11,16:05,1,1,1,8.0,4.0,92002,AUTOROUTE A10,M,"48,7338750","2,3132352",92,2019,90.0,1.0,2.0,1.0,2154876,1.0,1,1,1,0.0,,-1.0,0,1967.0,B01,138Â 295Â 976,1.0,0.0,-1.0,1645426,1.0,7,,0.0,2.0,1.0,A01,138Â 295Â 975,1.0
964082,201900005613,11,11,16:05,1,1,1,8.0,4.0,92002,AUTOROUTE A10,M,"48,7338750","2,3132352",92,2019,90.0,1.0,2.0,1.0,2154876,1.0,1,1,1,0.0,,-1.0,0,1967.0,B01,138Â 295Â 976,1.0,0.0,-1.0,1645427,1.0,7,,0.0,2.0,1.0,B01,138Â 295Â 976,1.0
964082,201900005613,11,11,16:05,1,1,1,8.0,4.0,92002,AUTOROUTE A10,M,"48,7338750","2,3132352",92,2019,90.0,1.0,2.0,1.0,2154876,1.0,1,1,1,0.0,,-1.0,0,1967.0,B01,138Â 295Â 976,1.0,0.0,-1.0,1645428,1.0,7,,0.0,2.0,1.0,C01,138Â 295Â 977,1.0