Unnamed: 0_x,num_acc,mois,jour,hrmn,lum,agg,int,atm,col,com,adr,gps,lat,long,dep,annee,vma,situ,surf,catr,Unnamed: 0_y,place,catu,grav,sexe,trajet,secu,locp,actp,an_nais,num_veh_x,id_vehicule_x,secu1,secu2,secu3,Unnamed: 0,senc,catv,occutc,obs,obsm,choc,num_veh_y,id_vehicule_y,motor
964082,201900005613,11,11,16:05,1,1,1,8.0,4.0,92002,AUTOROUTE A10,M,"48,7338750","2,3132352",92,2019,90.0,1.0,2.0,1.0,2154876,1.0,1,1,1,0.0,,-1.0,0,1967.0,B01,138Â 295Â 976,1.0,0.0,-1.0,1645429,1.0,7,,0.0,2.0,4.0,D01,138Â 295Â 978,1.0
964082,201900005613,11,11,16:05,1,1,1,8.0,4.0,92002,AUTOROUTE A10,M,"48,7338750","2,3132352",92,2019,90.0,1.0,2.0,1.0,2154877,1.0,1,4,2,0.0,,-1.0,0,1998.0,C01,138Â 295Â 977,1.0,0.0,-1.0,1645426,1.0,7,,0.0,2.0,1.0,A01,138Â 295Â 975,1.0
964082,201900005613,11,11,16:05,1,1,1,8.0,4.0,92002,AUTOROUTE A10,M,"48,7338750","2,3132352",92,2019,90.0,1.0,2.0,1.0,2154877,1.0,1,4,2,0.0,,-1.0,0,1998.0,C01,138Â 295Â 977,1.0,0.0,-1.0,1645427,1.0,7,,0.0,2.0,1.0,B01,138Â 295Â 976,1.0
964082,201900005613,11,11,16:05,1,1,1,8.0,4.0,92002,AUTOROUTE A10,M,"48,7338750","2,3132352",92,2019,90.0,1.0,2.0,1.0,2154877,1.0,1,4,2,0.0,,-1.0,0,1998.0,C01,138Â 295Â 977,1.0,0.0,-1.0,1645428,1.0,7,,0.0,2.0,1.0,C01,138Â 295Â 977,1.0
964082,201900005613,11,11,16:05,1,1,1,8.0,4.0,92002,AUTOROUTE A10,M,"48,7338750","2,3132352",92,2019,90.0,1.0,2.0,1.0,2154877,1.0,1,4,2,0.0,,-1.0,0,1998.0,C01,138Â 295Â 977,1.0,0.0,-1.0,1645429,1.0,7,,0.0,2.0,4.0,D01,138Â 295Â 978,1.0
964082,201900005613,11,11,16:05,1,1,1,8.0,4.0,92002,AUTOROUTE A10,M,"48,7338750","2,3132352",92,2019,90.0,1.0,2.0,1.0,2154878,1.0,1,1,2,0.0,,-1.0,0,1969.0,D01,138Â 295Â 978,1.0,0.0,-1.0,1645426,1.0,7,,0.0,2.0,1.0,A01,138Â 295Â 975,1.0
964082,201900005613,11,11,16:05,1,1,1,8.0,4.0,92002,AUTOROUTE A10,M,"48,7338750","2,3132352",92,2019,90.0,1.0,2.0,1.0,2154878,1.0,1,1,2,0.0,,-1.0,0,1969.0,D01,138Â 295Â 978,1.0,0.0,-1.0,1645427,1.0,7,,0.0,2.0,1.0,B01,138Â 295Â 976,1.0
964082,201900005613,11,11,16:05,1,1,1,8.0,4.0,92002,AUTOROUTE A10,M,"48,7338750","2,3132352",92,2019,90.0,1.0,2.0,1.0,2154878,1.0,1,1,2,0.0,,-1.0,0,1969.0,D01,138Â 295Â 978,1.0,0.0,-1.0,1645428,1.0,7,,0.0,2.0,1.0,C01,138Â 295Â 977,1.0
964082,201900005613,11,11,16:05,1,1,1,8.0,4.0,92002,AUTOROUTE A10,M,"48,7338750","2,3132352",92,2019,90.0,1.0,2.0,1.0,2154878,1.0,1,1,2,0.0,,-1.0,0,1969.0,D01,138Â 295Â 978,1.0,0.0,-1.0,1645429,1.0,7,,0.0,2.0,4.0,D01,138Â 295Â 978,1.0
964083,201900005614,12,29,18:09,5,2,1,1.0,5.0,27278,53 Rue Marie Curie,M,"48,9131070","1,4359450",27,2019,50.0,1.0,1.0,4.0,2154879,1.0,1,1,1,5.0,,0.0,0,1952.0,A01,138Â 295Â 972,1.0,-1.0,-1.0,1645430,3.0,7,,0.0,2.0,3.0,A01,138Â 295Â 972,1.0
964083,201900005614,12,29,18:09,5,2,1,1.0,5.0,27278,53 Rue Marie Curie,M,"48,9131070","1,4359450",27,2019,50.0,1.0,1.0,4.0,2154879,1.0,1,1,1,5.0,,0.0,0,1952.0,A01,138Â 295Â 972,1.0,-1.0,-1.0,1645431,1.0,33,,0.0,2.0,3.0,B01,138Â 295Â 973,1.0
964083,201900005614,12,29,18:09,5,2,1,1.0,5.0,27278,53 Rue Marie Curie,M,"48,9131070","1,4359450",27,2019,50.0,1.0,1.0,4.0,2154879,1.0,1,1,1,5.0,,0.0,0,1952.0,A01,138Â 295Â 972,1.0,-1.0,-1.0,1645432,1.0,33,,12.0,0.0,2.0,C01,138Â 295Â 974,1.0
964083,201900005614,12,29,18:09,5,2,1,1.0,5.0,27278,53 Rue Marie Curie,M,"48,9131070","1,4359450",27,2019,50.0,1.0,1.0,4.0,2154880,1.0,1,1,2,5.0,,0.0,0,1998.0,B01,138Â 295Â 973,2.0,6.0,-1.0,1645430,3.0,7,,0.0,2.0,3.0,A01,138Â 295Â 972,1.0
964083,201900005614,12,29,18:09,5,2,1,1.0,5.0,27278,53 Rue Marie Curie,M,"48,9131070","1,4359450",27,2019,50.0,1.0,1.0,4.0,2154880,1.0,1,1,2,5.0,,0.0,0,1998.0,B01,138Â 295Â 973,2.0,6.0,-1.0,1645431,1.0,33,,0.0,2.0,3.0,B01,138Â 295Â 973,1.0
964083,201900005614,12,29,18:09,5,2,1,1.0,5.0,27278,53 Rue Marie Curie,M,"48,9131070","1,4359450",27,2019,50.0,1.0,1.0,4.0,2154880,1.0,1,1,2,5.0,,0.0,0,1998.0,B01,138Â 295Â 973,2.0,6.0,-1.0,1645432,1.0,33,,12.0,0.0,2.0,C01,138Â 295Â 974,1.0
964083,201900005614,12,29,18:09,5,2,1,1.0,5.0,27278,53 Rue Marie Curie,M,"48,9131070","1,4359450",27,2019,50.0,1.0,1.0,4.0,2154881,2.0,2,3,2,5.0,,0.0,0,2003.0,C01,138Â 295Â 974,6.0,2.0,-1.0,1645430,3.0,7,,0.0,2.0,3.0,A01,138Â 295Â 972,1.0
964083,201900005614,12,29,18:09,5,2,1,1.0,5.0,27278,53 Rue Marie Curie,M,"48,9131070","1,4359450",27,2019,50.0,1.0,1.0,4.0,2154881,2.0,2,3,2,5.0,,0.0,0,2003.0,C01,138Â 295Â 974,6.0,2.0,-1.0,1645431,1.0,33,,0.0,2.0,3.0,B01,138Â 295Â 973,1.0
964083,201900005614,12,29,18:09,5,2,1,1.0,5.0,27278,53 Rue Marie Curie,M,"48,9131070","1,4359450",27,2019,50.0,1.0,1.0,4.0,2154881,2.0,2,3,2,5.0,,0.0,0,2003.0,C01,138Â 295Â 974,6.0,2.0,-1.0,1645432,1.0,33,,12.0,0.0,2.0,C01,138Â 295Â 974,1.0
964083,201900005614,12,29,18:09,5,2,1,1.0,5.0,27278,53 Rue Marie Curie,M,"48,9131070","1,4359450",27,2019,50.0,1.0,1.0,4.0,2154882,1.0,1,3,1,5.0,,0.0,0,2000.0,C01,138Â 295Â 974,2.0,6.0,-1.0,1645430,3.0,7,,0.0,2.0,3.0,A01,138Â 295Â 972,1.0
964083,201900005614,12,29,18:09,5,2,1,1.0,5.0,27278,53 Rue Marie Curie,M,"48,9131070","1,4359450",27,2019,50.0,1.0,1.0,4.0,2154882,1.0,1,3,1,5.0,,0.0,0,2000.0,C01,138Â 295Â 974,2.0,6.0,-1.0,1645431,1.0,33,,0.0,2.0,3.0,B01,138Â 295Â 973,1.0
964083,201900005614,12,29,18:09,5,2,1,1.0,5.0,27278,53 Rue Marie Curie,M,"48,9131070","1,4359450",27,2019,50.0,1.0,1.0,4.0,2154882,1.0,1,3,1,5.0,,0.0,0,2000.0,C01,138Â 295Â 974,2.0,6.0,-1.0,1645432,1.0,33,,12.0,0.0,2.0,C01,138Â 295Â 974,1.0
964084,201900005615,12,9,15:20,1,2,3,2.0,6.0,33243,1 Rue AbbÃ© Lewden,M,"44,9139620"," -0,2303910",33,2019,-1.0,1.0,1.0,3.0,2154883,10.0,3,4,2,2.0,,4.0,3,2004.0,B01,138Â 295Â 970,0.0,-1.0,-1.0,1645433,2.0,7,,0.0,2.0,1.0,B01,138Â 295Â 970,1.0
964084,201900005615,12,9,15:20,1,2,3,2.0,6.0,33243,1 Rue AbbÃ© Lewden,M,"44,9139620"," -0,2303910",33,2019,-1.0,1.0,1.0,3.0,2154883,10.0,3,4,2,2.0,,4.0,3,2004.0,B01,138Â 295Â 970,0.0,-1.0,-1.0,1645434,2.0,7,,0.0,1.0,4.0,A01,138Â 295Â 971,1.0
964084,201900005615,12,9,15:20,1,2,3,2.0,6.0,33243,1 Rue AbbÃ© Lewden,M,"44,9139620"," -0,2303910",33,2019,-1.0,1.0,1.0,3.0,2154884,10.0,3,4,2,2.0,,4.0,3,2004.0,B01,138Â 295Â 970,0.0,-1.0,-1.0,1645433,2.0,7,,0.0,2.0,1.0,B01,138Â 295Â 970,1.0
964084,201900005615,12,9,15:20,1,2,3,2.0,6.0,33243,1 Rue AbbÃ© Lewden,M,"44,9139620"," -0,2303910",33,2019,-1.0,1.0,1.0,3.0,2154884,10.0,3,4,2,2.0,,4.0,3,2004.0,B01,138Â 295Â 970,0.0,-1.0,-1.0,1645434,2.0,7,,0.0,1.0,4.0,A01,138Â 295Â 971,1.0
964084,201900005615,12,9,15:20,1,2,3,2.0,6.0,33243,1 Rue AbbÃ© Lewden,M,"44,9139620"," -0,2303910",33,2019,-1.0,1.0,1.0,3.0,2154885,1.0,1,1,1,0.0,,0.0,0,1955.0,B01,138Â 295Â 970,1.0,-1.0,-1.0,1645433,2.0,7,,0.0,2.0,1.0,B01,138Â 295Â 970,1.0
964084,201900005615,12,9,15:20,1,2,3,2.0,6.0,33243,1 Rue AbbÃ© Lewden,M,"44,9139620"," -0,2303910",33,2019,-1.0,1.0,1.0,3.0,2154885,1.0,1,1,1,0.0,,0.0,0,1955.0,B01,138Â 295Â 970,1.0,-1.0,-1.0,1645434,2.0,7,,0.0,1.0,4.0,A01,138Â 295Â 971,1.0
964084,201900005615,12,9,15:20,1,2,3,2.0,6.0,33243,1 Rue AbbÃ© Lewden,M,"44,9139620"," -0,2303910",33,2019,-1.0,1.0,1.0,3.0,2154886,1.0,1,4,1,1.0,,0.0,0,1996.0,A01,138Â 295Â 971,1.0,-1.0,-1.0,1645433,2.0,7,,0.0,2.0,1.0,B01,138Â 295Â 970,1.0
964084,201900005615,12,9,15:20,1,2,3,2.0,6.0,33243,1 Rue AbbÃ© Lewden,M,"44,9139620"," -0,2303910",33,2019,-1.0,1.0,1.0,3.0,2154886,1.0,1,4,1,1.0,,0.0,0,1996.0,A01,138Â 295Â 971,1.0,-1.0,-1.0,1645434,2.0,7,,0.0,1.0,4.0,A01,138Â 295Â 971,1.0
964085,201900005616,12,22,19:50,5,2,1,2.0,1.0,64445,RESISTANCE,M,"43,3033400"," -0,3756500",64,2019,50.0,1.0,2.0,4.0,2154887,1.0,1,1,2,9.0,,-1.0,0,1964.0,B01,138Â 295Â 967,1.0,0.0,-1.0,1645435,1.0,7,,0.0,2.0,5.0,B01,138Â 295Â 967,1.0
964085,201900005616,12,22,19:50,5,2,1,2.0,1.0,64445,RESISTANCE,M,"43,3033400"," -0,3756500",64,2019,50.0,1.0,2.0,4.0,2154887,1.0,1,1,2,9.0,,-1.0,0,1964.0,B01,138Â 295Â 967,1.0,0.0,-1.0,1645436,1.0,30,,0.0,2.0,2.0,A01,138Â 295Â 968,1.0
964085,201900005616,12,22,19:50,5,2,1,2.0,1.0,64445,RESISTANCE,M,"43,3033400"," -0,3756500",64,2019,50.0,1.0,2.0,4.0,2154888,1.0,1,4,2,4.0,,-1.0,0,1999.0,A01,138Â 295Â 968,2.0,8.0,-1.0,1645435,1.0,7,,0.0,2.0,5.0,B01,138Â 295Â 967,1.0
964085,201900005616,12,22,19:50,5,2,1,2.0,1.0,64445,RESISTANCE,M,"43,3033400"," -0,3756500",64,2019,50.0,1.0,2.0,4.0,2154888,1.0,1,4,2,4.0,,-1.0,0,1999.0,A01,138Â 295Â 968,2.0,8.0,-1.0,1645436,1.0,30,,0.0,2.0,2.0,A01,138Â 295Â 968,1.0
964086,201900005617,12,19,02:15,5,2,1,1.0,6.0,59350,DUNKERQUE AVENUE DE,M,"50,6339019","3,0308302",59,2019,50.0,4.0,2.0,7.0,2154889,10.0,3,4,1,5.0,,5.0,1,2001.0,A01,138Â 295Â 966,0.0,-1.0,-1.0,1645437,3.0,7,,0.0,1.0,0.0,A01,138Â 295Â 966,1.0
964087,201900005618,11,22,14:10,1,2,1,1.0,5.0,92004,DOCTEUR DERVAUX  ( QUAI DU ),M,"48,9128540","2,3042030",92,2019,50.0,1.0,1.0,3.0,2154890,1.0,1,1,1,5.0,,-1.0,0,1949.0,C01,138Â 295Â 963,1.0,0.0,-1.0,1645438,3.0,7,,0.0,2.0,8.0,C01,138Â 295Â 963,0.0
964087,201900005618,11,22,14:10,1,2,1,1.0,5.0,92004,DOCTEUR DERVAUX  ( QUAI DU ),M,"48,9128540","2,3042030",92,2019,50.0,1.0,1.0,3.0,2154890,1.0,1,1,1,5.0,,-1.0,0,1949.0,C01,138Â 295Â 963,1.0,0.0,-1.0,1645439,3.0,7,,0.0,2.0,7.0,B01,138Â 295Â 964,0.0
964087,201900005618,11,22,14:10,1,2,1,1.0,5.0,92004,DOCTEUR DERVAUX  ( QUAI DU ),M,"48,9128540","2,3042030",92,2019,50.0,1.0,1.0,3.0,2154890,1.0,1,1,1,5.0,,-1.0,0,1949.0,C01,138Â 295Â 963,1.0,0.0,-1.0,1645440,3.0,7,,0.0,2.0,7.0,A01,138Â 295Â 965,0.0
964087,201900005618,11,22,14:10,1,2,1,1.0,5.0,92004,DOCTEUR DERVAUX  ( QUAI DU ),M,"48,9128540","2,3042030",92,2019,50.0,1.0,1.0,3.0,2154891,2.0,2,4,2,5.0,,-1.0,0,1985.0,B01,138Â 295Â 964,1.0,0.0,-1.0,1645438,3.0,7,,0.0,2.0,8.0,C01,138Â 295Â 963,0.0
964087,201900005618,11,22,14:10,1,2,1,1.0,5.0,92004,DOCTEUR DERVAUX  ( QUAI DU ),M,"48,9128540","2,3042030",92,2019,50.0,1.0,1.0,3.0,2154891,2.0,2,4,2,5.0,,-1.0,0,1985.0,B01,138Â 295Â 964,1.0,0.0,-1.0,1645439,3.0,7,,0.0,2.0,7.0,B01,138Â 295Â 964,0.0
964087,201900005618,11,22,14:10,1,2,1,1.0,5.0,92004,DOCTEUR DERVAUX  ( QUAI DU ),M,"48,9128540","2,3042030",92,2019,50.0,1.0,1.0,3.0,2154891,2.0,2,4,2,5.0,,-1.0,0,1985.0,B01,138Â 295Â 964,1.0,0.0,-1.0,1645440,3.0,7,,0.0,2.0,7.0,A01,138Â 295Â 965,0.0
964087,201900005618,11,22,14:10,1,2,1,1.0,5.0,92004,DOCTEUR DERVAUX  ( QUAI DU ),M,"48,9128540","2,3042030",92,2019,50.0,1.0,1.0,3.0,2154892,1.0,1,1,2,5.0,,-1.0,0,1962.0,B01,138Â 295Â 964,1.0,0.0,-1.0,1645438,3.0,7,,0.0,2.0,8.0,C01,138Â 295Â 963,0.0
964087,201900005618,11,22,14:10,1,2,1,1.0,5.0,92004,DOCTEUR DERVAUX  ( QUAI DU ),M,"48,9128540","2,3042030",92,2019,50.0,1.0,1.0,3.0,2154892,1.0,1,1,2,5.0,,-1.0,0,1962.0,B01,138Â 295Â 964,1.0,0.0,-1.0,1645439,3.0,7,,0.0,2.0,7.0,B01,138Â 295Â 964,0.0
964087,201900005618,11,22,14:10,1,2,1,1.0,5.0,92004,DOCTEUR DERVAUX  ( QUAI DU ),M,"48,9128540","2,3042030",92,2019,50.0,1.0,1.0,3.0,2154892,1.0,1,1,2,5.0,,-1.0,0,1962.0,B01,138Â 295Â 964,1.0,0.0,-1.0,1645440,3.0,7,,0.0,2.0,7.0,A01,138Â 295Â 965,0.0
964087,201900005618,11,22,14:10,1,2,1,1.0,5.0,92004,DOCTEUR DERVAUX  ( QUAI DU ),M,"48,9128540","2,3042030",92,2019,50.0,1.0,1.0,3.0,2154893,1.0,1,1,1,9.0,,-1.0,0,1979.0,A01,138Â 295Â 965,1.0,0.0,-1.0,1645438,3.0,7,,0.0,2.0,8.0,C01,138Â 295Â 963,0.0
964087,201900005618,11,22,14:10,1,2,1,1.0,5.0,92004,DOCTEUR DERVAUX  ( QUAI DU ),M,"48,9128540","2,3042030",92,2019,50.0,1.0,1.0,3.0,2154893,1.0,1,1,1,9.0,,-1.0,0,1979.0,A01,138Â 295Â 965,1.0,0.0,-1.0,1645439,3.0,7,,0.0,2.0,7.0,B01,138Â 295Â 964,0.0
964087,201900005618,11,22,14:10,1,2,1,1.0,5.0,92004,DOCTEUR DERVAUX  ( QUAI DU ),M,"48,9128540","2,3042030",92,2019,50.0,1.0,1.0,3.0,2154893,1.0,1,1,1,9.0,,-1.0,0,1979.0,A01,138Â 295Â 965,1.0,0.0,-1.0,1645440,3.0,7,,0.0,2.0,7.0,A01,138Â 295Â 965,0.0
964088,201900005619,12,30,16:35,1,2,9,1.0,6.0,83115,Avenue du 8 Mai 1945,M,"43,3106680","6,6333020",83,2019,50.0,1.0,1.0,4.0,2154894,10.0,3,3,2,5.0,,3.0,3,1942.0,A01,138Â 295Â 962,0.0,-1.0,-1.0,1645441,1.0,7,,0.0,1.0,2.0,A01,138Â 295Â 962,0.0
964088,201900005619,12,30,16:35,1,2,9,1.0,6.0,83115,Avenue du 8 Mai 1945,M,"43,3106680","6,6333020",83,2019,50.0,1.0,1.0,4.0,2154895,1.0,1,1,2,5.0,,0.0,0,1944.0,A01,138Â 295Â 962,1.0,-1.0,-1.0,1645441,1.0,7,,0.0,1.0,2.0,A01,138Â 295Â 962,0.0
964089,201900005620,11,13,17:35,5,2,3,1.0,3.0,73222,EGLANTIERS (RUE DES),M,"45,5745000","5,9619400",73,2019,50.0,1.0,1.0,4.0,2154896,1.0,1,3,1,2.0,,0.0,0,2004.0,B01,138Â 295Â 958,2.0,0.0,-1.0,1645442,3.0,30,,0.0,2.0,1.0,B01,138Â 295Â 958,1.0
964089,201900005620,11,13,17:35,5,2,3,1.0,3.0,73222,EGLANTIERS (RUE DES),M,"45,5745000","5,9619400",73,2019,50.0,1.0,1.0,4.0,2154896,1.0,1,3,1,2.0,,0.0,0,2004.0,B01,138Â 295Â 958,2.0,0.0,-1.0,1645443,1.0,7,,0.0,2.0,3.0,A01,138Â 295Â 959,1.0
964089,201900005620,11,13,17:35,5,2,3,1.0,3.0,73222,EGLANTIERS (RUE DES),M,"45,5745000","5,9619400",73,2019,50.0,1.0,1.0,4.0,2154897,1.0,1,1,1,0.0,,0.0,0,1981.0,A01,138Â 295Â 959,1.0,0.0,-1.0,1645442,3.0,30,,0.0,2.0,1.0,B01,138Â 295Â 958,1.0
964089,201900005620,11,13,17:35,5,2,3,1.0,3.0,73222,EGLANTIERS (RUE DES),M,"45,5745000","5,9619400",73,2019,50.0,1.0,1.0,4.0,2154897,1.0,1,1,1,0.0,,0.0,0,1981.0,A01,138Â 295Â 959,1.0,0.0,-1.0,1645443,1.0,7,,0.0,2.0,3.0,A01,138Â 295Â 959,1.0
964090,201900005621,10,27,18:30,3,2,1,1.0,6.0,92004,VOLTAIRE ( BD ),M,"48,9162840","2,2899980",92,2019,50.0,1.0,1.0,3.0,2154898,1.0,1,1,1,0.0,,-1.0,0,1994.0,A01,138Â 295Â 957,2.0,0.0,-1.0,1645444,0.0,32,,1.0,1.0,1.0,A01,138Â 295Â 957,0.0
964090,201900005621,10,27,18:30,3,2,1,1.0,6.0,92004,VOLTAIRE ( BD ),M,"48,9162840","2,2899980",92,2019,50.0,1.0,1.0,3.0,2154899,10.0,3,4,1,0.0,,4.0,3,1936.0,A01,138Â 295Â 957,8.0,0.0,-1.0,1645444,0.0,32,,1.0,1.0,1.0,A01,138Â 295Â 957,0.0
964091,201900005622,11,25,17:05,2,2,1,1.0,6.0,02691,GUISE (RUE DE),M,"49,8406856","3,3124584",2,2019,50.0,1.0,1.0,4.0,2154900,10.0,3,4,2,3.0,,3.0,3,1962.0,A01,138Â 295Â 954,0.0,-1.0,-1.0,1645445,2.0,7,,0.0,1.0,7.0,A01,138Â 295Â 954,1.0
964091,201900005622,11,25,17:05,2,2,1,1.0,6.0,02691,GUISE (RUE DE),M,"49,8406856","3,3124584",2,2019,50.0,1.0,1.0,4.0,2154901,1.0,1,1,1,5.0,,0.0,0,1943.0,A01,138Â 295Â 954,1.0,8.0,-1.0,1645445,2.0,7,,0.0,1.0,7.0,A01,138Â 295Â 954,1.0
964092,201900005623,12,22,19:00,4,2,2,2.0,3.0,93031,CLAUDE DEBUSSY,M,"48,9472390","2,3428460",93,2019,50.0,3.0,2.0,3.0,2154902,2.0,2,4,2,0.0,,-1.0, -1,1992.0,A01,138Â 295Â 952,1.0,0.0,-1.0,1645446,3.0,7,,0.0,2.0,7.0,A01,138Â 295Â 952,1.0
964092,201900005623,12,22,19:00,4,2,2,2.0,3.0,93031,CLAUDE DEBUSSY,M,"48,9472390","2,3428460",93,2019,50.0,3.0,2.0,3.0,2154902,2.0,2,4,2,0.0,,-1.0, -1,1992.0,A01,138Â 295Â 952,1.0,0.0,-1.0,1645447,3.0,7,,0.0,2.0,1.0,B01,138Â 295Â 953,1.0
964092,201900005623,12,22,19:00,4,2,2,2.0,3.0,93031,CLAUDE DEBUSSY,M,"48,9472390","2,3428460",93,2019,50.0,3.0,2.0,3.0,2154903,1.0,1,1,1,0.0,,-1.0, -1,1990.0,A01,138Â 295Â 952,1.0,0.0,-1.0,1645446,3.0,7,,0.0,2.0,7.0,A01,138Â 295Â 952,1.0
964092,201900005623,12,22,19:00,4,2,2,2.0,3.0,93031,CLAUDE DEBUSSY,M,"48,9472390","2,3428460",93,2019,50.0,3.0,2.0,3.0,2154903,1.0,1,1,1,0.0,,-1.0, -1,1990.0,A01,138Â 295Â 952,1.0,0.0,-1.0,1645447,3.0,7,,0.0,2.0,1.0,B01,138Â 295Â 953,1.0
964092,201900005623,12,22,19:00,4,2,2,2.0,3.0,93031,CLAUDE DEBUSSY,M,"48,9472390","2,3428460",93,2019,50.0,3.0,2.0,3.0,2154904,1.0,1,1,1,0.0,,-1.0, -1,1995.0,B01,138Â 295Â 953,1.0,0.0,-1.0,1645446,3.0,7,,0.0,2.0,7.0,A01,138Â 295Â 952,1.0
964092,201900005623,12,22,19:00,4,2,2,2.0,3.0,93031,CLAUDE DEBUSSY,M,"48,9472390","2,3428460",93,2019,50.0,3.0,2.0,3.0,2154904,1.0,1,1,1,0.0,,-1.0, -1,1995.0,B01,138Â 295Â 953,1.0,0.0,-1.0,1645447,3.0,7,,0.0,2.0,1.0,B01,138Â 295Â 953,1.0
964093,201900005624,11,12,08:07,1,2,1,1.0,6.0,49007,BLANCHOIN BOULEVARD,M,"47,4484600"," -0,5388200",49,2019,60.0,1.0,1.0,4.0,2154905,1.0,1,4,1,0.0,,-1.0, -1,1965.0,A01,138Â 295Â 951,1.0,8.0,-1.0,1645448,1.0,7,,0.0,1.0,2.0,A01,138Â 295Â 951,1.0
964093,201900005624,11,12,08:07,1,2,1,1.0,6.0,49007,BLANCHOIN BOULEVARD,M,"47,4484600"," -0,5388200",49,2019,60.0,1.0,1.0,4.0,2154906,10.0,3,4,2,0.0,,2.0,3,2001.0,A01,138Â 295Â 951,8.0,0.0,-1.0,1645448,1.0,7,,0.0,1.0,2.0,A01,138Â 295Â 951,1.0
964094,201900005625,8,2,17:50,1,2,1,1.0,3.0,75115,RUE HENRY FARMAN,M,"48,8332290","2,2702400",75,2019,50.0,1.0,1.0,4.0,2154907,1.0,1,4,1,1.0,,0.0,0,1989.0,A01,138Â 295Â 949,2.0,6.0,-1.0,1645449,1.0,31,,0.0,2.0,1.0,A01,138Â 295Â 949,1.0
964094,201900005625,8,2,17:50,1,2,1,1.0,3.0,75115,RUE HENRY FARMAN,M,"48,8332290","2,2702400",75,2019,50.0,1.0,1.0,4.0,2154907,1.0,1,4,1,1.0,,0.0,0,1989.0,A01,138Â 295Â 949,2.0,6.0,-1.0,1645450,2.0,7,,0.0,2.0,3.0,B01,138Â 295Â 950,1.0
964094,201900005625,8,2,17:50,1,2,1,1.0,3.0,75115,RUE HENRY FARMAN,M,"48,8332290","2,2702400",75,2019,50.0,1.0,1.0,4.0,2154908,1.0,1,1,1,0.0,,0.0,0,1970.0,B01,138Â 295Â 950,1.0,0.0,-1.0,1645449,1.0,31,,0.0,2.0,1.0,A01,138Â 295Â 949,1.0
964094,201900005625,8,2,17:50,1,2,1,1.0,3.0,75115,RUE HENRY FARMAN,M,"48,8332290","2,2702400",75,2019,50.0,1.0,1.0,4.0,2154908,1.0,1,1,1,0.0,,0.0,0,1970.0,B01,138Â 295Â 950,1.0,0.0,-1.0,1645450,2.0,7,,0.0,2.0,3.0,B01,138Â 295Â 950,1.0
964095,201900005626,11,5,14:48,1,2,1,1.0,6.0,94080,CLEMENT VIENOT (R),M,"48,8469200","2,4515000",94,2019,50.0,1.0,1.0,4.0,2154909,1.0,1,1,1,0.0,,-1.0,0,1963.0,A01,138Â 295Â 948,1.0,8.0,-1.0,1645451,2.0,7,,0.0,1.0,6.0,A01,138Â 295Â 948,1.0
964095,201900005626,11,5,14:48,1,2,1,1.0,6.0,94080,CLEMENT VIENOT (R),M,"48,8469200","2,4515000",94,2019,50.0,1.0,1.0,4.0,2154910,10.0,3,3,2,9.0,,4.0,3,1935.0,A01,138Â 295Â 948,8.0,0.0,-1.0,1645451,2.0,7,,0.0,1.0,6.0,A01,138Â 295Â 948,1.0
964096,201900005627,12,20,07:50,5,2,3,2.0,6.0,94068,HAVRE (R DU),M,"48,7950000","2,5070000",94,2019,50.0,1.0,2.0,3.0,2154911,1.0,1,1,1,1.0,,-1.0,0,1992.0,A01,138Â 295Â 947,1.0,0.0,-1.0,1645452,3.0,7,,0.0,1.0,1.0,A01,138Â 295Â 947,1.0
964096,201900005627,12,20,07:50,5,2,3,2.0,6.0,94068,HAVRE (R DU),M,"48,7950000","2,5070000",94,2019,50.0,1.0,2.0,3.0,2154912,10.0,3,4,2,1.0,,3.0,3,1972.0,A01,138Â 295Â 947,8.0,0.0,-1.0,1645452,3.0,7,,0.0,1.0,1.0,A01,138Â 295Â 947,1.0
964097,201900005628,11,14,10:00,1,2,1,1.0,1.0,49193,14 Rue Pasteur,M,"47,1382330"," -0,8901880",49,2019,50.0,4.0,1.0,4.0,2154913,10.0,3,4,2,5.0,,5.0,2,1940.0,B01,138Â 295Â 945,0.0,-1.0,-1.0,1645453,0.0,0,,0.0,0.0,0.0,B01,138Â 295Â 945,0.0
964097,201900005628,11,14,10:00,1,2,1,1.0,1.0,49193,14 Rue Pasteur,M,"47,1382330"," -0,8901880",49,2019,50.0,4.0,1.0,4.0,2154913,10.0,3,4,2,5.0,,5.0,2,1940.0,B01,138Â 295Â 945,0.0,-1.0,-1.0,1645454,3.0,7,,0.0,1.0,1.0,A01,138Â 295Â 946,0.0
964097,201900005628,11,14,10:00,1,2,1,1.0,1.0,49193,14 Rue Pasteur,M,"47,1382330"," -0,8901880",49,2019,50.0,4.0,1.0,4.0,2154914,1.0,1,1,2,5.0,,0.0,0,1948.0,A01,138Â 295Â 946,1.0,-1.0,-1.0,1645453,0.0,0,,0.0,0.0,0.0,B01,138Â 295Â 945,0.0
964097,201900005628,11,14,10:00,1,2,1,1.0,1.0,49193,14 Rue Pasteur,M,"47,1382330"," -0,8901880",49,2019,50.0,4.0,1.0,4.0,2154914,1.0,1,1,2,5.0,,0.0,0,1948.0,A01,138Â 295Â 946,1.0,-1.0,-1.0,1645454,3.0,7,,0.0,1.0,1.0,A01,138Â 295Â 946,0.0