Unnamed: 0_x,num_acc,mois,jour,hrmn,lum,agg,int,atm,col,com,adr,gps,lat,long,dep,annee,vma,situ,surf,catr,Unnamed: 0_y,place,catu,grav,sexe,trajet,secu,locp,actp,an_nais,num_veh_x,id_vehicule_x,secu1,secu2,secu3,Unnamed: 0,senc,catv,occutc,obs,obsm,choc,num_veh_y,id_vehicule_y,motor
964098,201900005629,11,7,23:10,5,1,1,1.0,2.0,59646,ROUTE DEPARTEMENTALE 656,M,"50,6888690","3,1389580",59,2019,90.0,1.0,1.0,7.0,2154915,1.0,1,1,1,0.0,,-1.0, -1,1977.0,A01,138Â 295Â 943,1.0,0.0,-1.0,1645455,1.0,7,,0.0,2.0,1.0,A01,138Â 295Â 943,1.0
964098,201900005629,11,7,23:10,5,1,1,1.0,2.0,59646,ROUTE DEPARTEMENTALE 656,M,"50,6888690","3,1389580",59,2019,90.0,1.0,1.0,7.0,2154915,1.0,1,1,1,0.0,,-1.0, -1,1977.0,A01,138Â 295Â 943,1.0,0.0,-1.0,1645456,2.0,10,,0.0,2.0,4.0,B01,138Â 295Â 944,1.0
964098,201900005629,11,7,23:10,5,1,1,1.0,2.0,59646,ROUTE DEPARTEMENTALE 656,M,"50,6888690","3,1389580",59,2019,90.0,1.0,1.0,7.0,2154916,1.0,1,3,1,0.0,,-1.0, -1,1993.0,B01,138Â 295Â 944,1.0,0.0,-1.0,1645455,1.0,7,,0.0,2.0,1.0,A01,138Â 295Â 943,1.0
964098,201900005629,11,7,23:10,5,1,1,1.0,2.0,59646,ROUTE DEPARTEMENTALE 656,M,"50,6888690","3,1389580",59,2019,90.0,1.0,1.0,7.0,2154916,1.0,1,3,1,0.0,,-1.0, -1,1993.0,B01,138Â 295Â 944,1.0,0.0,-1.0,1645456,2.0,10,,0.0,2.0,4.0,B01,138Â 295Â 944,1.0
964099,201900005630,11,7,07:05,3,1,1,3.0,7.0,59196,AUTOROUTE A25,M,"50,6378700","2,9404400",59,2019,110.0,1.0,2.0,1.0,2154917,1.0,1,3,1,0.0,,-1.0,0,1987.0,A01,138Â 295Â 942,2.0,6.0,-1.0,1645457,1.0,31,,0.0,0.0,9.0,A01,138Â 295Â 942,1.0
964100,201900005631,11,12,14:22,1,1,1,1.0,2.0,94034,AUTOROUTE A86,M,"48,7617998","2,3157978",94,2019,90.0,1.0,2.0,1.0,2154918,1.0,1,4,1,1.0,,-1.0,0,1983.0,B01,138Â 295Â 940,1.0,0.0,-1.0,1645458,2.0,10,,0.0,2.0,4.0,B01,138Â 295Â 940,1.0
964100,201900005631,11,12,14:22,1,1,1,1.0,2.0,94034,AUTOROUTE A86,M,"48,7617998","2,3157978",94,2019,90.0,1.0,2.0,1.0,2154918,1.0,1,4,1,1.0,,-1.0,0,1983.0,B01,138Â 295Â 940,1.0,0.0,-1.0,1645459,2.0,13,,0.0,2.0,1.0,A01,138Â 295Â 941,1.0
964100,201900005631,11,12,14:22,1,1,1,1.0,2.0,94034,AUTOROUTE A86,M,"48,7617998","2,3157978",94,2019,90.0,1.0,2.0,1.0,2154919,1.0,1,1,1,4.0,,-1.0,0,1974.0,A01,138Â 295Â 941,1.0,0.0,-1.0,1645458,2.0,10,,0.0,2.0,4.0,B01,138Â 295Â 940,1.0
964100,201900005631,11,12,14:22,1,1,1,1.0,2.0,94034,AUTOROUTE A86,M,"48,7617998","2,3157978",94,2019,90.0,1.0,2.0,1.0,2154919,1.0,1,1,1,4.0,,-1.0,0,1974.0,A01,138Â 295Â 941,1.0,0.0,-1.0,1645459,2.0,13,,0.0,2.0,1.0,A01,138Â 295Â 941,1.0
964101,201900005632,11,11,03:50,5,1,1,1.0,1.0,94021,AUTOROUTE A6B,M,"48,8086970","2,3481211",94,2019,50.0,1.0,1.0,1.0,2154920,1.0,1,3,1,0.0,,-1.0, -1,1970.0,B01,138Â 295Â 938,2.0,6.0,-1.0,1645460,3.0,32,,0.0,2.0,1.0,B01,138Â 295Â 938,1.0
964101,201900005632,11,11,03:50,5,1,1,1.0,1.0,94021,AUTOROUTE A6B,M,"48,8086970","2,3481211",94,2019,50.0,1.0,1.0,1.0,2154920,1.0,1,3,1,0.0,,-1.0, -1,1970.0,B01,138Â 295Â 938,2.0,6.0,-1.0,1645461,3.0,7,,0.0,2.0,2.0,A01,138Â 295Â 939,1.0
964101,201900005632,11,11,03:50,5,1,1,1.0,1.0,94021,AUTOROUTE A6B,M,"48,8086970","2,3481211",94,2019,50.0,1.0,1.0,1.0,2154921,1.0,1,1,1,1.0,,-1.0,0,1985.0,A01,138Â 295Â 939,1.0,0.0,-1.0,1645460,3.0,32,,0.0,2.0,1.0,B01,138Â 295Â 938,1.0
964101,201900005632,11,11,03:50,5,1,1,1.0,1.0,94021,AUTOROUTE A6B,M,"48,8086970","2,3481211",94,2019,50.0,1.0,1.0,1.0,2154921,1.0,1,1,1,1.0,,-1.0,0,1985.0,A01,138Â 295Â 939,1.0,0.0,-1.0,1645461,3.0,7,,0.0,2.0,2.0,A01,138Â 295Â 939,1.0
964102,201900005633,9,15,20:50,3,1,1,1.0,2.0,94017,A4,M,"48,8266000","2,5183700",94,2019,110.0,1.0,1.0,1.0,2154922,1.0,1,1,1,5.0,,-1.0,0,1972.0,A01,138Â 295Â 936,1.0,4.0,-1.0,1645462,2.0,7,,0.0,0.0,4.0,A01,138Â 295Â 936,1.0
964102,201900005633,9,15,20:50,3,1,1,1.0,2.0,94017,A4,M,"48,8266000","2,5183700",94,2019,110.0,1.0,1.0,1.0,2154922,1.0,1,1,1,5.0,,-1.0,0,1972.0,A01,138Â 295Â 936,1.0,4.0,-1.0,1645463,2.0,7,,0.0,2.0,1.0,B01,138Â 295Â 937,1.0
964102,201900005633,9,15,20:50,3,1,1,1.0,2.0,94017,A4,M,"48,8266000","2,5183700",94,2019,110.0,1.0,1.0,1.0,2154923,2.0,2,4,2,5.0,,-1.0,0,1990.0,A01,138Â 295Â 936,1.0,0.0,-1.0,1645462,2.0,7,,0.0,0.0,4.0,A01,138Â 295Â 936,1.0
964102,201900005633,9,15,20:50,3,1,1,1.0,2.0,94017,A4,M,"48,8266000","2,5183700",94,2019,110.0,1.0,1.0,1.0,2154923,2.0,2,4,2,5.0,,-1.0,0,1990.0,A01,138Â 295Â 936,1.0,0.0,-1.0,1645463,2.0,7,,0.0,2.0,1.0,B01,138Â 295Â 937,1.0
964102,201900005633,9,15,20:50,3,1,1,1.0,2.0,94017,A4,M,"48,8266000","2,5183700",94,2019,110.0,1.0,1.0,1.0,2154924,4.0,2,1,2,5.0,,-1.0,0,1994.0,A01,138Â 295Â 936,1.0,0.0,-1.0,1645462,2.0,7,,0.0,0.0,4.0,A01,138Â 295Â 936,1.0
964102,201900005633,9,15,20:50,3,1,1,1.0,2.0,94017,A4,M,"48,8266000","2,5183700",94,2019,110.0,1.0,1.0,1.0,2154924,4.0,2,1,2,5.0,,-1.0,0,1994.0,A01,138Â 295Â 936,1.0,0.0,-1.0,1645463,2.0,7,,0.0,2.0,1.0,B01,138Â 295Â 937,1.0
964102,201900005633,9,15,20:50,3,1,1,1.0,2.0,94017,A4,M,"48,8266000","2,5183700",94,2019,110.0,1.0,1.0,1.0,2154925,1.0,1,1,1,5.0,,-1.0,0,1993.0,B01,138Â 295Â 937,1.0,4.0,-1.0,1645462,2.0,7,,0.0,0.0,4.0,A01,138Â 295Â 936,1.0
964102,201900005633,9,15,20:50,3,1,1,1.0,2.0,94017,A4,M,"48,8266000","2,5183700",94,2019,110.0,1.0,1.0,1.0,2154925,1.0,1,1,1,5.0,,-1.0,0,1993.0,B01,138Â 295Â 937,1.0,4.0,-1.0,1645463,2.0,7,,0.0,2.0,1.0,B01,138Â 295Â 937,1.0
964103,201900005634,12,20,16:25,1,1,1,1.0,6.0,60665,EUROPE (AVENUE DE L'),M,"49,4095093","2,7783760",60,2019,50.0,1.0,1.0,4.0,2154926,10.0,3,4,1,3.0,,1.0,3,2018.0,A01,138Â 295Â 935,0.0,-1.0,-1.0,1645464,1.0,7,,0.0,1.0,1.0,A01,138Â 295Â 935,1.0
964103,201900005634,12,20,16:25,1,1,1,1.0,6.0,60665,EUROPE (AVENUE DE L'),M,"49,4095093","2,7783760",60,2019,50.0,1.0,1.0,4.0,2154927,1.0,1,1,1,3.0,,-1.0,0,1988.0,A01,138Â 295Â 935,1.0,0.0,-1.0,1645464,1.0,7,,0.0,1.0,1.0,A01,138Â 295Â 935,1.0
964103,201900005634,12,20,16:25,1,1,1,1.0,6.0,60665,EUROPE (AVENUE DE L'),M,"49,4095093","2,7783760",60,2019,50.0,1.0,1.0,4.0,2154928,10.0,3,4,2,3.0,,1.0,3,1977.0,A01,138Â 295Â 935,0.0,-1.0,-1.0,1645464,1.0,7,,0.0,1.0,1.0,A01,138Â 295Â 935,1.0
964104,201900005635,11,27,16:50,1,2,1,1.0,6.0,30028,FRANCOISMITTERAND,M,"44,1727092","4,6201141",30,2019,50.0,1.0,1.0,2.0,2154929,10.0,3,4,2,5.0,,9.0,B,2002.0,A01,138Â 295Â 934,0.0,-1.0,-1.0,1645465,1.0,7,,0.0,1.0,2.0,A01,138Â 295Â 934,1.0
964104,201900005635,11,27,16:50,1,2,1,1.0,6.0,30028,FRANCOISMITTERAND,M,"44,1727092","4,6201141",30,2019,50.0,1.0,1.0,2.0,2154930,1.0,1,1,2,1.0,,0.0,0,1991.0,A01,138Â 295Â 934,1.0,8.0,-1.0,1645465,1.0,7,,0.0,1.0,2.0,A01,138Â 295Â 934,1.0
964105,201900005636,11,19,18:00,2,2,1,1.0,6.0,09122,ESPAGNE (ROUTE D'),M,"42,9516100","1,6244100",9,2019,50.0,4.0,1.0,9.0,2154931,1.0,1,3,2,9.0,,-1.0,0,1957.0,A01,138Â 295Â 931,1.0,8.0,-1.0,1645466,1.0,7,,1.0,0.0,1.0,A01,138Â 295Â 931,1.0
964106,201900005637,10,11,16:00,1,2,1,1.0,6.0,44205,2 Rue du SacrÃ©-coeur,M,"47,4420330"," -1,4310110",44,2019,50.0,1.0,1.0,3.0,2154932,1.0,1,1,1,5.0,,0.0,0,1982.0,A01,138Â 295Â 930,1.0,-1.0,-1.0,1645467,1.0,7,,0.0,1.0,1.0,A01,138Â 295Â 930,1.0
964106,201900005637,10,11,16:00,1,2,1,1.0,6.0,44205,2 Rue du SacrÃ©-coeur,M,"47,4420330"," -1,4310110",44,2019,50.0,1.0,1.0,3.0,2154933,10.0,3,3,2,5.0,,3.0,3,1951.0,A01,138Â 295Â 930,0.0,-1.0,-1.0,1645467,1.0,7,,0.0,1.0,1.0,A01,138Â 295Â 930,1.0
964107,201900005638,12,23,13:45,1,2,1,1.0,7.0,59009,TOURNAI BOULEVARD DE,M,"50,6138800","3,1325900",59,2019,50.0,1.0,1.0,7.0,2154934,1.0,1,2,1,0.0,,-1.0, -1,1942.0,A01,138Â 295Â 927,8.0,0.0,-1.0,1645468,3.0,7,,0.0,0.0,0.0,A01,138Â 295Â 927,1.0
964108,201900005639,12,28,23:34,5,2,2,1.0,7.0,69381,ROGER VIOLI                         (R ),M,"45,7705300","4,8372600",69,2019,50.0,1.0,1.0,4.0,2154935,1.0,1,4,1,5.0,,-1.0, -1,2002.0,A01,138Â 295Â 926,2.0,6.0,-1.0,1645469,1.0,30,,0.0,0.0,8.0,A01,138Â 295Â 926,1.0
964108,201900005639,12,28,23:34,5,2,2,1.0,7.0,69381,ROGER VIOLI                         (R ),M,"45,7705300","4,8372600",69,2019,50.0,1.0,1.0,4.0,2154936,5.0,2,1,1,5.0,,-1.0, -1,2003.0,A01,138Â 295Â 926,2.0,6.0,-1.0,1645469,1.0,30,,0.0,0.0,8.0,A01,138Â 295Â 926,1.0
964109,201900005640,12,18,17:15,3,2,1,1.0,3.0,95585,BULLIER (RUE THEODORE),M,"48,9911800","2,3724600",95,2019,50.0,1.0,1.0,3.0,2154937,1.0,1,1,1,1.0,,-1.0, -1,1980.0,A01,138Â 295Â 924,1.0,0.0,-1.0,1645470,1.0,7,,0.0,2.0,3.0,A01,138Â 295Â 924,1.0
964109,201900005640,12,18,17:15,3,2,1,1.0,3.0,95585,BULLIER (RUE THEODORE),M,"48,9911800","2,3724600",95,2019,50.0,1.0,1.0,3.0,2154937,1.0,1,1,1,1.0,,-1.0, -1,1980.0,A01,138Â 295Â 924,1.0,0.0,-1.0,1645471,2.0,33,,0.0,2.0,1.0,B01,138Â 295Â 925,0.0
964109,201900005640,12,18,17:15,3,2,1,1.0,3.0,95585,BULLIER (RUE THEODORE),M,"48,9911800","2,3724600",95,2019,50.0,1.0,1.0,3.0,2154938,1.0,1,4,1,1.0,,-1.0, -1,1987.0,B01,138Â 295Â 925,2.0,0.0,-1.0,1645470,1.0,7,,0.0,2.0,3.0,A01,138Â 295Â 924,1.0
964109,201900005640,12,18,17:15,3,2,1,1.0,3.0,95585,BULLIER (RUE THEODORE),M,"48,9911800","2,3724600",95,2019,50.0,1.0,1.0,3.0,2154938,1.0,1,4,1,1.0,,-1.0, -1,1987.0,B01,138Â 295Â 925,2.0,0.0,-1.0,1645471,2.0,33,,0.0,2.0,1.0,B01,138Â 295Â 925,0.0
964110,201900005641,11,19,18:18,5,2,3,1.0,6.0,73008,MARLIOZ AVENUE DE,M,"45,6829163","5,9120407",73,2019,30.0,1.0,1.0,4.0,2154939,10.0,3,4,2,5.0,,3.0,3,1967.0,A01,138Â 295Â 920,0.0,0.0,-1.0,1645472,2.0,7,,0.0,1.0,2.0,A01,138Â 295Â 920,0.0
964110,201900005641,11,19,18:18,5,2,3,1.0,6.0,73008,MARLIOZ AVENUE DE,M,"45,6829163","5,9120407",73,2019,30.0,1.0,1.0,4.0,2154940,1.0,1,1,1,1.0,,0.0,0,1968.0,A01,138Â 295Â 920,1.0,0.0,-1.0,1645472,2.0,7,,0.0,1.0,2.0,A01,138Â 295Â 920,0.0
964111,201900005642,11,29,15:00,1,2,2,1.0,7.0,59648,CLEMENCEAU RUE,M,"50,5990300","3,0529100",59,2019,50.0,1.0,1.0,7.0,2154941,10.0,3,4,2,0.0,,1.0,3,2001.0,A01,138Â 295Â 919,0.0,-1.0,-1.0,1645473,3.0,7,,0.0,1.0,8.0,A01,138Â 295Â 919,0.0
964111,201900005642,11,29,15:00,1,2,2,1.0,7.0,59648,CLEMENCEAU RUE,M,"50,5990300","3,0529100",59,2019,50.0,1.0,1.0,7.0,2154942,1.0,1,1,1,0.0,,0.0,0,1954.0,A01,138Â 295Â 919,8.0,0.0,-1.0,1645473,3.0,7,,0.0,1.0,8.0,A01,138Â 295Â 919,0.0
964112,201900005643,12,13,18:10,5,2,9,1.0,6.0,51649,RUE DOMYNE DE VERZET,M,"48,7253749","4,5873229",51,2019,50.0,6.0,1.0,4.0,2154943,10.0,3,3,1,5.0,,3.0,3,1944.0,A01,138Â 295Â 917,8.0,-1.0,-1.0,1645474,3.0,7,,0.0,1.0,2.0,A01,138Â 295Â 917,1.0
964112,201900005643,12,13,18:10,5,2,9,1.0,6.0,51649,RUE DOMYNE DE VERZET,M,"48,7253749","4,5873229",51,2019,50.0,6.0,1.0,4.0,2154944,1.0,1,1,1,5.0,,0.0,0,1977.0,A01,138Â 295Â 917,8.0,-1.0,-1.0,1645474,3.0,7,,0.0,1.0,2.0,A01,138Â 295Â 917,1.0
964113,201900005644,8,22,07:25,1,2,1,1.0,3.0,42186,EDOUARD VAILLANT RUE,M,"45,5239500","4,6061700",42,2019,50.0,1.0,1.0,4.0,2154945,1.0,1,3,1,1.0,,-1.0, -1,1983.0,B01,138Â 295Â 913,2.0,6.0,-1.0,1645475,2.0,33,,0.0,2.0,0.0,B01,138Â 295Â 913,1.0
964113,201900005644,8,22,07:25,1,2,1,1.0,3.0,42186,EDOUARD VAILLANT RUE,M,"45,5239500","4,6061700",42,2019,50.0,1.0,1.0,4.0,2154945,1.0,1,3,1,1.0,,-1.0, -1,1983.0,B01,138Â 295Â 913,2.0,6.0,-1.0,1645476,1.0,7,,0.0,2.0,3.0,A01,138Â 295Â 914,1.0
964113,201900005644,8,22,07:25,1,2,1,1.0,3.0,42186,EDOUARD VAILLANT RUE,M,"45,5239500","4,6061700",42,2019,50.0,1.0,1.0,4.0,2154946,1.0,1,1,2,5.0,,-1.0, -1,1980.0,A01,138Â 295Â 914,1.0,0.0,-1.0,1645475,2.0,33,,0.0,2.0,0.0,B01,138Â 295Â 913,1.0
964113,201900005644,8,22,07:25,1,2,1,1.0,3.0,42186,EDOUARD VAILLANT RUE,M,"45,5239500","4,6061700",42,2019,50.0,1.0,1.0,4.0,2154946,1.0,1,1,2,5.0,,-1.0, -1,1980.0,A01,138Â 295Â 914,1.0,0.0,-1.0,1645476,1.0,7,,0.0,2.0,3.0,A01,138Â 295Â 914,1.0
964114,201900005645,2,6,10:54,1,1,1,1.0,3.0,73100,lieu dit les combes D916A,M,"45,5489977","5,6748414",73,2019,80.0,1.0,1.0,3.0,2154947,1.0,1,4,2,5.0,,0.0,0,1976.0,B01,138Â 295Â 911,-1.0,-1.0,-1.0,1645477,1.0,7,,5.0,2.0,8.0,B01,138Â 295Â 911,1.0
964114,201900005645,2,6,10:54,1,1,1,1.0,3.0,73100,lieu dit les combes D916A,M,"45,5489977","5,6748414",73,2019,80.0,1.0,1.0,3.0,2154947,1.0,1,4,2,5.0,,0.0,0,1976.0,B01,138Â 295Â 911,-1.0,-1.0,-1.0,1645478,2.0,7,,0.0,2.0,3.0,A01,138Â 295Â 912,1.0
964114,201900005645,2,6,10:54,1,1,1,1.0,3.0,73100,lieu dit les combes D916A,M,"45,5489977","5,6748414",73,2019,80.0,1.0,1.0,3.0,2154948,1.0,1,4,1,5.0,,0.0,0,1937.0,A01,138Â 295Â 912,-1.0,-1.0,-1.0,1645477,1.0,7,,5.0,2.0,8.0,B01,138Â 295Â 911,1.0
964114,201900005645,2,6,10:54,1,1,1,1.0,3.0,73100,lieu dit les combes D916A,M,"45,5489977","5,6748414",73,2019,80.0,1.0,1.0,3.0,2154948,1.0,1,4,1,5.0,,0.0,0,1937.0,A01,138Â 295Â 912,-1.0,-1.0,-1.0,1645478,2.0,7,,0.0,2.0,3.0,A01,138Â 295Â 912,1.0
964114,201900005645,2,6,10:54,1,1,1,1.0,3.0,73100,lieu dit les combes D916A,M,"45,5489977","5,6748414",73,2019,80.0,1.0,1.0,3.0,2154949,2.0,2,1,2,5.0,,0.0,0,1939.0,A01,138Â 295Â 912,-1.0,-1.0,-1.0,1645477,1.0,7,,5.0,2.0,8.0,B01,138Â 295Â 911,1.0
964114,201900005645,2,6,10:54,1,1,1,1.0,3.0,73100,lieu dit les combes D916A,M,"45,5489977","5,6748414",73,2019,80.0,1.0,1.0,3.0,2154949,2.0,2,1,2,5.0,,0.0,0,1939.0,A01,138Â 295Â 912,-1.0,-1.0,-1.0,1645478,2.0,7,,0.0,2.0,3.0,A01,138Â 295Â 912,1.0
964115,201900005646,7,3,23:10,2,2,2,1.0,3.0,29019,KERELIE,M,"48,4105405"," -4,4957205",29,2019,50.0,1.0,1.0,4.0,2154950,1.0,1,3,1,5.0,,0.0,0,1983.0,A01,138Â 295Â 909,8.0,-1.0,-1.0,1645479,1.0,7,,9.0,2.0,1.0,A01,138Â 295Â 909,1.0
964115,201900005646,7,3,23:10,2,2,2,1.0,3.0,29019,KERELIE,M,"48,4105405"," -4,4957205",29,2019,50.0,1.0,1.0,4.0,2154950,1.0,1,3,1,5.0,,0.0,0,1983.0,A01,138Â 295Â 909,8.0,-1.0,-1.0,1645480,3.0,7,,0.0,2.0,2.0,C01,138Â 295Â 910,-1.0
964115,201900005646,7,3,23:10,2,2,2,1.0,3.0,29019,KERELIE,M,"48,4105405"," -4,4957205",29,2019,50.0,1.0,1.0,4.0,2154951,1.0,1,4,1,5.0,,0.0,0,1991.0,C01,138Â 295Â 910,1.0,8.0,-1.0,1645479,1.0,7,,9.0,2.0,1.0,A01,138Â 295Â 909,1.0
964115,201900005646,7,3,23:10,2,2,2,1.0,3.0,29019,KERELIE,M,"48,4105405"," -4,4957205",29,2019,50.0,1.0,1.0,4.0,2154951,1.0,1,4,1,5.0,,0.0,0,1991.0,C01,138Â 295Â 910,1.0,8.0,-1.0,1645480,3.0,7,,0.0,2.0,2.0,C01,138Â 295Â 910,-1.0
964116,201900005647,12,28,02:10,5,2,2,1.0,1.0,33075,AVE DU MEDOC / bretelle A630 Ã©changeur 7,M,"44,8801900"," -0,6275500",33,2019,50.0,8.0,1.0,1.0,2154952,4.0,2,1,1,5.0,,0.0, -1,1992.0,B01,138Â 295Â 907,1.0,0.0,-1.0,1645481,1.0,7,,0.0,2.0,1.0,B01,138Â 295Â 907,1.0
964116,201900005647,12,28,02:10,5,2,2,1.0,1.0,33075,AVE DU MEDOC / bretelle A630 Ã©changeur 7,M,"44,8801900"," -0,6275500",33,2019,50.0,8.0,1.0,1.0,2154952,4.0,2,1,1,5.0,,0.0, -1,1992.0,B01,138Â 295Â 907,1.0,0.0,-1.0,1645482,1.0,7,,0.0,2.0,1.0,A01,138Â 295Â 908,1.0
964116,201900005647,12,28,02:10,5,2,2,1.0,1.0,33075,AVE DU MEDOC / bretelle A630 Ã©changeur 7,M,"44,8801900"," -0,6275500",33,2019,50.0,8.0,1.0,1.0,2154953,1.0,2,4,1,5.0,,-1.0, -1,1994.0,B01,138Â 295Â 907,1.0,0.0,-1.0,1645481,1.0,7,,0.0,2.0,1.0,B01,138Â 295Â 907,1.0
964116,201900005647,12,28,02:10,5,2,2,1.0,1.0,33075,AVE DU MEDOC / bretelle A630 Ã©changeur 7,M,"44,8801900"," -0,6275500",33,2019,50.0,8.0,1.0,1.0,2154953,1.0,2,4,1,5.0,,-1.0, -1,1994.0,B01,138Â 295Â 907,1.0,0.0,-1.0,1645482,1.0,7,,0.0,2.0,1.0,A01,138Â 295Â 908,1.0
964116,201900005647,12,28,02:10,5,2,2,1.0,1.0,33075,AVE DU MEDOC / bretelle A630 Ã©changeur 7,M,"44,8801900"," -0,6275500",33,2019,50.0,8.0,1.0,1.0,2154954,3.0,2,1,1,5.0,,0.0, -1,2001.0,B01,138Â 295Â 907,1.0,0.0,-1.0,1645481,1.0,7,,0.0,2.0,1.0,B01,138Â 295Â 907,1.0
964116,201900005647,12,28,02:10,5,2,2,1.0,1.0,33075,AVE DU MEDOC / bretelle A630 Ã©changeur 7,M,"44,8801900"," -0,6275500",33,2019,50.0,8.0,1.0,1.0,2154954,3.0,2,1,1,5.0,,0.0, -1,2001.0,B01,138Â 295Â 907,1.0,0.0,-1.0,1645482,1.0,7,,0.0,2.0,1.0,A01,138Â 295Â 908,1.0
964116,201900005647,12,28,02:10,5,2,2,1.0,1.0,33075,AVE DU MEDOC / bretelle A630 Ã©changeur 7,M,"44,8801900"," -0,6275500",33,2019,50.0,8.0,1.0,1.0,2154955,1.0,1,1,1,5.0,,-1.0, -1,1999.0,B01,138Â 295Â 907,1.0,0.0,0.0,1645481,1.0,7,,0.0,2.0,1.0,B01,138Â 295Â 907,1.0
964116,201900005647,12,28,02:10,5,2,2,1.0,1.0,33075,AVE DU MEDOC / bretelle A630 Ã©changeur 7,M,"44,8801900"," -0,6275500",33,2019,50.0,8.0,1.0,1.0,2154955,1.0,1,1,1,5.0,,-1.0, -1,1999.0,B01,138Â 295Â 907,1.0,0.0,0.0,1645482,1.0,7,,0.0,2.0,1.0,A01,138Â 295Â 908,1.0
964116,201900005647,12,28,02:10,5,2,2,1.0,1.0,33075,AVE DU MEDOC / bretelle A630 Ã©changeur 7,M,"44,8801900"," -0,6275500",33,2019,50.0,8.0,1.0,1.0,2154956,1.0,1,4,1,5.0,,-1.0, -1,2000.0,A01,138Â 295Â 908,1.0,0.0,-1.0,1645481,1.0,7,,0.0,2.0,1.0,B01,138Â 295Â 907,1.0
964116,201900005647,12,28,02:10,5,2,2,1.0,1.0,33075,AVE DU MEDOC / bretelle A630 Ã©changeur 7,M,"44,8801900"," -0,6275500",33,2019,50.0,8.0,1.0,1.0,2154956,1.0,1,4,1,5.0,,-1.0, -1,2000.0,A01,138Â 295Â 908,1.0,0.0,-1.0,1645482,1.0,7,,0.0,2.0,1.0,A01,138Â 295Â 908,1.0
964117,201900005648,11,17,23:30,5,2,5,1.0,3.0,33039,AVE MAL DE LATTRE DE TASSIGNY,M,"44,8027400"," -0,5459300",33,2019,50.0,1.0,1.0,4.0,2154957,1.0,1,3,1,0.0,,-1.0, -1,1995.0,A01,138Â 295Â 905,2.0,0.0,-1.0,1645483,0.0,33,,0.0,2.0,7.0,A01,138Â 295Â 905,1.0
964117,201900005648,11,17,23:30,5,2,5,1.0,3.0,33039,AVE MAL DE LATTRE DE TASSIGNY,M,"44,8027400"," -0,5459300",33,2019,50.0,1.0,1.0,4.0,2154957,1.0,1,3,1,0.0,,-1.0, -1,1995.0,A01,138Â 295Â 905,2.0,0.0,-1.0,1645484,0.0,7,,0.0,2.0,0.0,Z01,138Â 295Â 906,0.0
964118,201900005649,10,29,09:00,1,1,1,1.0,6.0,34300,A75,M,"43,3824950","3,3074080",34,2019,130.0,1.0,1.0,1.0,2154958,1.0,1,1,2,5.0,,0.0,0,1937.0,A01,138Â 295Â 903,8.0,-1.0,-1.0,1645485,1.0,7,,0.0,0.0,0.0,A01,138Â 295Â 903,1.0
964118,201900005649,10,29,09:00,1,1,1,1.0,6.0,34300,A75,M,"43,3824950","3,3074080",34,2019,130.0,1.0,1.0,1.0,2154958,1.0,1,1,2,5.0,,0.0,0,1937.0,A01,138Â 295Â 903,8.0,-1.0,-1.0,1645486,1.0,7,,3.0,0.0,8.0,B01,138Â 295Â 904,1.0
964118,201900005649,10,29,09:00,1,1,1,1.0,6.0,34300,A75,M,"43,3824950","3,3074080",34,2019,130.0,1.0,1.0,1.0,2154959,1.0,1,3,1,5.0,,0.0,0,2001.0,B01,138Â 295Â 904,8.0,-1.0,-1.0,1645485,1.0,7,,0.0,0.0,0.0,A01,138Â 295Â 903,1.0
964118,201900005649,10,29,09:00,1,1,1,1.0,6.0,34300,A75,M,"43,3824950","3,3074080",34,2019,130.0,1.0,1.0,1.0,2154959,1.0,1,3,1,5.0,,0.0,0,2001.0,B01,138Â 295Â 904,8.0,-1.0,-1.0,1645486,1.0,7,,3.0,0.0,8.0,B01,138Â 295Â 904,1.0
964119,201900005650,12,21,09:50,1,1,1,1.0,2.0,40117,Route d'Aire,M,"43,7748700"," -0,4036410",40,2019,80.0,1.0,2.0,3.0,2154960,1.0,1,1,2,0.0,,0.0,0,1985.0,B01,138Â 295Â 901,1.0,-1.0,-1.0,1645487,1.0,7,,0.0,2.0,1.0,B01,138Â 295Â 901,1.0
964119,201900005650,12,21,09:50,1,1,1,1.0,2.0,40117,Route d'Aire,M,"43,7748700"," -0,4036410",40,2019,80.0,1.0,2.0,3.0,2154960,1.0,1,1,2,0.0,,0.0,0,1985.0,B01,138Â 295Â 901,1.0,-1.0,-1.0,1645488,1.0,7,,0.0,2.0,4.0,A01,138Â 295Â 902,1.0
964119,201900005650,12,21,09:50,1,1,1,1.0,2.0,40117,Route d'Aire,M,"43,7748700"," -0,4036410",40,2019,80.0,1.0,2.0,3.0,2154961,4.0,2,1,1,0.0,,0.0,0,2014.0,B01,138Â 295Â 901,1.0,3.0,-1.0,1645487,1.0,7,,0.0,2.0,1.0,B01,138Â 295Â 901,1.0
964119,201900005650,12,21,09:50,1,1,1,1.0,2.0,40117,Route d'Aire,M,"43,7748700"," -0,4036410",40,2019,80.0,1.0,2.0,3.0,2154961,4.0,2,1,1,0.0,,0.0,0,2014.0,B01,138Â 295Â 901,1.0,3.0,-1.0,1645488,1.0,7,,0.0,2.0,4.0,A01,138Â 295Â 902,1.0