Unnamed: 0_x,num_acc,mois,jour,hrmn,lum,agg,int,atm,col,com,adr,gps,lat,long,dep,annee,vma,situ,surf,catr,Unnamed: 0_y,place,catu,grav,sexe,trajet,secu,locp,actp,an_nais,num_veh_x,id_vehicule_x,secu1,secu2,secu3,Unnamed: 0,senc,catv,occutc,obs,obsm,choc,num_veh_y,id_vehicule_y,motor
964119,201900005650,12,21,09:50,1,1,1,1.0,2.0,40117,Route d'Aire,M,"43,7748700"," -0,4036410",40,2019,80.0,1.0,2.0,3.0,2154962,3.0,2,1,2,0.0,,0.0,0,2018.0,B01,138Â 295Â 901,1.0,3.0,-1.0,1645487,1.0,7,,0.0,2.0,1.0,B01,138Â 295Â 901,1.0
964119,201900005650,12,21,09:50,1,1,1,1.0,2.0,40117,Route d'Aire,M,"43,7748700"," -0,4036410",40,2019,80.0,1.0,2.0,3.0,2154962,3.0,2,1,2,0.0,,0.0,0,2018.0,B01,138Â 295Â 901,1.0,3.0,-1.0,1645488,1.0,7,,0.0,2.0,4.0,A01,138Â 295Â 902,1.0
964119,201900005650,12,21,09:50,1,1,1,1.0,2.0,40117,Route d'Aire,M,"43,7748700"," -0,4036410",40,2019,80.0,1.0,2.0,3.0,2154963,2.0,2,1,1,0.0,,0.0,0,1988.0,A01,138Â 295Â 902,1.0,-1.0,-1.0,1645487,1.0,7,,0.0,2.0,1.0,B01,138Â 295Â 901,1.0
964119,201900005650,12,21,09:50,1,1,1,1.0,2.0,40117,Route d'Aire,M,"43,7748700"," -0,4036410",40,2019,80.0,1.0,2.0,3.0,2154963,2.0,2,1,1,0.0,,0.0,0,1988.0,A01,138Â 295Â 902,1.0,-1.0,-1.0,1645488,1.0,7,,0.0,2.0,4.0,A01,138Â 295Â 902,1.0
964119,201900005650,12,21,09:50,1,1,1,1.0,2.0,40117,Route d'Aire,M,"43,7748700"," -0,4036410",40,2019,80.0,1.0,2.0,3.0,2154964,4.0,2,3,1,0.0,,0.0,0,2010.0,A01,138Â 295Â 902,1.0,-1.0,-1.0,1645487,1.0,7,,0.0,2.0,1.0,B01,138Â 295Â 901,1.0
964119,201900005650,12,21,09:50,1,1,1,1.0,2.0,40117,Route d'Aire,M,"43,7748700"," -0,4036410",40,2019,80.0,1.0,2.0,3.0,2154964,4.0,2,3,1,0.0,,0.0,0,2010.0,A01,138Â 295Â 902,1.0,-1.0,-1.0,1645488,1.0,7,,0.0,2.0,4.0,A01,138Â 295Â 902,1.0
964119,201900005650,12,21,09:50,1,1,1,1.0,2.0,40117,Route d'Aire,M,"43,7748700"," -0,4036410",40,2019,80.0,1.0,2.0,3.0,2154965,1.0,1,1,2,0.0,,0.0,0,1988.0,A01,138Â 295Â 902,1.0,-1.0,-1.0,1645487,1.0,7,,0.0,2.0,1.0,B01,138Â 295Â 901,1.0
964119,201900005650,12,21,09:50,1,1,1,1.0,2.0,40117,Route d'Aire,M,"43,7748700"," -0,4036410",40,2019,80.0,1.0,2.0,3.0,2154965,1.0,1,1,2,0.0,,0.0,0,1988.0,A01,138Â 295Â 902,1.0,-1.0,-1.0,1645488,1.0,7,,0.0,2.0,4.0,A01,138Â 295Â 902,1.0
964120,201900005651,12,21,21:15,3,1,1,3.0,6.0,68317,D417,M,"48,0671590","7,0698860",68,2019,80.0,8.0,2.0,3.0,2154966,1.0,1,4,1,5.0,,0.0,0,2001.0,A01,138Â 295Â 900,1.0,-1.0,-1.0,1645489,1.0,7,,12.0,0.0,2.0,A01,138Â 295Â 900,1.0
964121,201900005652,12,7,17:35,3,2,4,8.0,1.0,60282,Rue de Boran,M,"49,1840132","2,4091008",60,2019,50.0,1.0,1.0,3.0,2154967,1.0,1,3,1,5.0,,0.0,0,1999.0,B01,138Â 295Â 898,2.0,6.0,9.0,1645490,0.0,33,,0.0,2.0,1.0,B01,138Â 295Â 898,1.0
964121,201900005652,12,7,17:35,3,2,4,8.0,1.0,60282,Rue de Boran,M,"49,1840132","2,4091008",60,2019,50.0,1.0,1.0,3.0,2154967,1.0,1,3,1,5.0,,0.0,0,1999.0,B01,138Â 295Â 898,2.0,6.0,9.0,1645491,0.0,7,,0.0,2.0,1.0,A01,138Â 295Â 899,1.0
964121,201900005652,12,7,17:35,3,2,4,8.0,1.0,60282,Rue de Boran,M,"49,1840132","2,4091008",60,2019,50.0,1.0,1.0,3.0,2154968,2.0,2,1,2,5.0,,0.0,0,1969.0,A01,138Â 295Â 899,1.0,-1.0,-1.0,1645490,0.0,33,,0.0,2.0,1.0,B01,138Â 295Â 898,1.0
964121,201900005652,12,7,17:35,3,2,4,8.0,1.0,60282,Rue de Boran,M,"49,1840132","2,4091008",60,2019,50.0,1.0,1.0,3.0,2154968,2.0,2,1,2,5.0,,0.0,0,1969.0,A01,138Â 295Â 899,1.0,-1.0,-1.0,1645491,0.0,7,,0.0,2.0,1.0,A01,138Â 295Â 899,1.0
964121,201900005652,12,7,17:35,3,2,4,8.0,1.0,60282,Rue de Boran,M,"49,1840132","2,4091008",60,2019,50.0,1.0,1.0,3.0,2154969,1.0,1,1,1,5.0,,0.0,0,1962.0,A01,138Â 295Â 899,1.0,-1.0,-1.0,1645490,0.0,33,,0.0,2.0,1.0,B01,138Â 295Â 898,1.0
964121,201900005652,12,7,17:35,3,2,4,8.0,1.0,60282,Rue de Boran,M,"49,1840132","2,4091008",60,2019,50.0,1.0,1.0,3.0,2154969,1.0,1,1,1,5.0,,0.0,0,1962.0,A01,138Â 295Â 899,1.0,-1.0,-1.0,1645491,0.0,7,,0.0,2.0,1.0,A01,138Â 295Â 899,1.0
964122,201900005653,7,22,17:10,1,2,1,1.0,6.0,59350,VAUBAN BOULEVARD NÂ°2-18-1-39,M,"50,6353000","3,0495000",59,2019,50.0,1.0,1.0,7.0,2154970,1.0,1,1,2,2.0,,0.0,0,1992.0,A01,138Â 295Â 897,1.0,0.0,-1.0,1645492,1.0,7,,0.0,1.0,2.0,A01,138Â 295Â 897,0.0
964122,201900005653,7,22,17:10,1,2,1,1.0,6.0,59350,VAUBAN BOULEVARD NÂ°2-18-1-39,M,"50,6353000","3,0495000",59,2019,50.0,1.0,1.0,7.0,2154971,10.0,3,4,2,1.0,,3.0,4,1984.0,A01,138Â 295Â 897,8.0,0.0,-1.0,1645492,1.0,7,,0.0,1.0,2.0,A01,138Â 295Â 897,0.0
964123,201900005654,7,21,00:00,5,2,2,1.0,5.0,59350,FAUBOURG D'ARRAS RUE,M,"50,6126170","3,0619270",59,2019,50.0,1.0,1.0,7.0,2154972,1.0,1,4,1,9.0,,-1.0,0,1990.0,A01,138Â 295Â 894,1.0,0.0,-1.0,1645493,3.0,7,,14.0,2.0,1.0,A01,138Â 295Â 894,1.0
964123,201900005654,7,21,00:00,5,2,2,1.0,5.0,59350,FAUBOURG D'ARRAS RUE,M,"50,6126170","3,0619270",59,2019,50.0,1.0,1.0,7.0,2154972,1.0,1,4,1,9.0,,-1.0,0,1990.0,A01,138Â 295Â 894,1.0,0.0,-1.0,1645494,3.0,7,,0.0,2.0,2.0,C01,138Â 295Â 895,1.0
964123,201900005654,7,21,00:00,5,2,2,1.0,5.0,59350,FAUBOURG D'ARRAS RUE,M,"50,6126170","3,0619270",59,2019,50.0,1.0,1.0,7.0,2154972,1.0,1,4,1,9.0,,-1.0,0,1990.0,A01,138Â 295Â 894,1.0,0.0,-1.0,1645495,3.0,7,,0.0,2.0,6.0,B01,138Â 295Â 896,1.0
964123,201900005654,7,21,00:00,5,2,2,1.0,5.0,59350,FAUBOURG D'ARRAS RUE,M,"50,6126170","3,0619270",59,2019,50.0,1.0,1.0,7.0,2154973,1.0,1,1,1,9.0,,-1.0,0,1996.0,C01,138Â 295Â 895,1.0,0.0,-1.0,1645493,3.0,7,,14.0,2.0,1.0,A01,138Â 295Â 894,1.0
964123,201900005654,7,21,00:00,5,2,2,1.0,5.0,59350,FAUBOURG D'ARRAS RUE,M,"50,6126170","3,0619270",59,2019,50.0,1.0,1.0,7.0,2154973,1.0,1,1,1,9.0,,-1.0,0,1996.0,C01,138Â 295Â 895,1.0,0.0,-1.0,1645494,3.0,7,,0.0,2.0,2.0,C01,138Â 295Â 895,1.0
964123,201900005654,7,21,00:00,5,2,2,1.0,5.0,59350,FAUBOURG D'ARRAS RUE,M,"50,6126170","3,0619270",59,2019,50.0,1.0,1.0,7.0,2154973,1.0,1,1,1,9.0,,-1.0,0,1996.0,C01,138Â 295Â 895,1.0,0.0,-1.0,1645495,3.0,7,,0.0,2.0,6.0,B01,138Â 295Â 896,1.0
964123,201900005654,7,21,00:00,5,2,2,1.0,5.0,59350,FAUBOURG D'ARRAS RUE,M,"50,6126170","3,0619270",59,2019,50.0,1.0,1.0,7.0,2154974,1.0,1,4,1,9.0,,-1.0,0,1980.0,B01,138Â 295Â 896,1.0,0.0,-1.0,1645493,3.0,7,,14.0,2.0,1.0,A01,138Â 295Â 894,1.0
964123,201900005654,7,21,00:00,5,2,2,1.0,5.0,59350,FAUBOURG D'ARRAS RUE,M,"50,6126170","3,0619270",59,2019,50.0,1.0,1.0,7.0,2154974,1.0,1,4,1,9.0,,-1.0,0,1980.0,B01,138Â 295Â 896,1.0,0.0,-1.0,1645494,3.0,7,,0.0,2.0,2.0,C01,138Â 295Â 895,1.0
964123,201900005654,7,21,00:00,5,2,2,1.0,5.0,59350,FAUBOURG D'ARRAS RUE,M,"50,6126170","3,0619270",59,2019,50.0,1.0,1.0,7.0,2154974,1.0,1,4,1,9.0,,-1.0,0,1980.0,B01,138Â 295Â 896,1.0,0.0,-1.0,1645495,3.0,7,,0.0,2.0,6.0,B01,138Â 295Â 896,1.0
964124,201900005655,7,19,13:15,1,2,1,1.0,2.0,59648,VERDUN RUE DE,M,"50,5782300","3,0329600",59,2019,50.0,1.0,1.0,7.0,2154975,1.0,1,1,1,0.0,,-1.0,0,2000.0,A01,138Â 295Â 892,8.0,0.0,-1.0,1645496,1.0,7,,0.0,2.0,1.0,A01,138Â 295Â 892,0.0
964124,201900005655,7,19,13:15,1,2,1,1.0,2.0,59648,VERDUN RUE DE,M,"50,5782300","3,0329600",59,2019,50.0,1.0,1.0,7.0,2154975,1.0,1,1,1,0.0,,-1.0,0,2000.0,A01,138Â 295Â 892,8.0,0.0,-1.0,1645497,1.0,7,,0.0,2.0,4.0,B01,138Â 295Â 893,1.0
964124,201900005655,7,19,13:15,1,2,1,1.0,2.0,59648,VERDUN RUE DE,M,"50,5782300","3,0329600",59,2019,50.0,1.0,1.0,7.0,2154976,1.0,1,4,1,0.0,,-1.0, -1,1968.0,B01,138Â 295Â 893,1.0,0.0,-1.0,1645496,1.0,7,,0.0,2.0,1.0,A01,138Â 295Â 892,0.0
964124,201900005655,7,19,13:15,1,2,1,1.0,2.0,59648,VERDUN RUE DE,M,"50,5782300","3,0329600",59,2019,50.0,1.0,1.0,7.0,2154976,1.0,1,4,1,0.0,,-1.0, -1,1968.0,B01,138Â 295Â 893,1.0,0.0,-1.0,1645497,1.0,7,,0.0,2.0,4.0,B01,138Â 295Â 893,1.0
964125,201900005656,7,19,05:50,1,2,4,1.0,1.0,59360,PARE AMBROISE RUE,M,"50,6075100","3,0215300",59,2019,50.0,1.0,1.0,4.0,2154977,1.0,1,4,1,1.0,,-1.0,0,1954.0,B01,138Â 295Â 890,1.0,0.0,-1.0,1645498,3.0,7,,0.0,2.0,1.0,B01,138Â 295Â 890,1.0
964125,201900005656,7,19,05:50,1,2,4,1.0,1.0,59360,PARE AMBROISE RUE,M,"50,6075100","3,0215300",59,2019,50.0,1.0,1.0,4.0,2154977,1.0,1,4,1,1.0,,-1.0,0,1954.0,B01,138Â 295Â 890,1.0,0.0,-1.0,1645499,0.0,7,,0.0,2.0,3.0,A01,138Â 295Â 891,1.0
964125,201900005656,7,19,05:50,1,2,4,1.0,1.0,59360,PARE AMBROISE RUE,M,"50,6075100","3,0215300",59,2019,50.0,1.0,1.0,4.0,2154978,1.0,1,1,1,1.0,,-1.0,0,1994.0,A01,138Â 295Â 891,1.0,0.0,-1.0,1645498,3.0,7,,0.0,2.0,1.0,B01,138Â 295Â 890,1.0
964125,201900005656,7,19,05:50,1,2,4,1.0,1.0,59360,PARE AMBROISE RUE,M,"50,6075100","3,0215300",59,2019,50.0,1.0,1.0,4.0,2154978,1.0,1,1,1,1.0,,-1.0,0,1994.0,A01,138Â 295Â 891,1.0,0.0,-1.0,1645499,0.0,7,,0.0,2.0,3.0,A01,138Â 295Â 891,1.0
964126,201900005657,7,9,09:15,1,1,4,1.0,6.0,59350,"Osacr lambret, Avenue",M,"50,6152335","3,0358046",59,2019,50.0,1.0,1.0,4.0,2154979,1.0,1,1,1,5.0,,-1.0,0,1990.0,A01,138Â 295Â 889,1.0,0.0,-1.0,1645500,0.0,7,,16.0,1.0,1.0,A01,138Â 295Â 889,0.0
964126,201900005657,7,9,09:15,1,1,4,1.0,6.0,59350,"Osacr lambret, Avenue",M,"50,6152335","3,0358046",59,2019,50.0,1.0,1.0,4.0,2154980,2.0,2,1,2,5.0,,-1.0,0,1975.0,A01,138Â 295Â 889,1.0,0.0,-1.0,1645500,0.0,7,,16.0,1.0,1.0,A01,138Â 295Â 889,0.0
964126,201900005657,7,9,09:15,1,1,4,1.0,6.0,59350,"Osacr lambret, Avenue",M,"50,6152335","3,0358046",59,2019,50.0,1.0,1.0,4.0,2154981,10.0,3,4,2,0.0,,5.0,3,1989.0,A01,138Â 295Â 889,0.0,0.0,0.0,1645500,0.0,7,,16.0,1.0,1.0,A01,138Â 295Â 889,0.0
964127,201900005658,7,4,14:55,1,2,1,1.0,2.0,59009,FAIDHERBE RUE,M,"50,6436639","3,1268432",59,2019,30.0,1.0,1.0,4.0,2154982,1.0,1,1,1,5.0,,-1.0,0,1968.0,B01,138Â 295Â 887,1.0,8.0,-1.0,1645501,1.0,7,,0.0,2.0,1.0,B01,138Â 295Â 887,1.0
964127,201900005658,7,4,14:55,1,2,1,1.0,2.0,59009,FAIDHERBE RUE,M,"50,6436639","3,1268432",59,2019,30.0,1.0,1.0,4.0,2154982,1.0,1,1,1,5.0,,-1.0,0,1968.0,B01,138Â 295Â 887,1.0,8.0,-1.0,1645502,1.0,7,,0.0,0.0,4.0,A01,138Â 295Â 888,1.0
964127,201900005658,7,4,14:55,1,2,1,1.0,2.0,59009,FAIDHERBE RUE,M,"50,6436639","3,1268432",59,2019,30.0,1.0,1.0,4.0,2154983,1.0,1,4,2,9.0,,-1.0,0,1998.0,A01,138Â 295Â 888,1.0,0.0,-1.0,1645501,1.0,7,,0.0,2.0,1.0,B01,138Â 295Â 887,1.0
964127,201900005658,7,4,14:55,1,2,1,1.0,2.0,59009,FAIDHERBE RUE,M,"50,6436639","3,1268432",59,2019,30.0,1.0,1.0,4.0,2154983,1.0,1,4,2,9.0,,-1.0,0,1998.0,A01,138Â 295Â 888,1.0,0.0,-1.0,1645502,1.0,7,,0.0,0.0,4.0,A01,138Â 295Â 888,1.0
964127,201900005658,7,4,14:55,1,2,1,1.0,2.0,59009,FAIDHERBE RUE,M,"50,6436639","3,1268432",59,2019,30.0,1.0,1.0,4.0,2154984,1.0,2,4,1,9.0,,-1.0,0,1970.0,A01,138Â 295Â 888,1.0,0.0,-1.0,1645501,1.0,7,,0.0,2.0,1.0,B01,138Â 295Â 887,1.0
964127,201900005658,7,4,14:55,1,2,1,1.0,2.0,59009,FAIDHERBE RUE,M,"50,6436639","3,1268432",59,2019,30.0,1.0,1.0,4.0,2154984,1.0,2,4,1,9.0,,-1.0,0,1970.0,A01,138Â 295Â 888,1.0,0.0,-1.0,1645502,1.0,7,,0.0,0.0,4.0,A01,138Â 295Â 888,1.0
964128,201900005659,7,2,01:20,5,2,2,1.0,6.0,59350,CORMONTAIGNE  METRO,M,"50,6261600","3,0402800",59,2019,65.0,1.0,1.0,9.0,2154985,1.0,1,1,1,5.0,,0.0,0,1992.0,A01,138Â 295Â 886,1.0,0.0,-1.0,1645503,1.0,7,,8.0,0.0,2.0,A01,138Â 295Â 886,1.0
964128,201900005659,7,2,01:20,5,2,2,1.0,6.0,59350,CORMONTAIGNE  METRO,M,"50,6261600","3,0402800",59,2019,65.0,1.0,1.0,9.0,2154986,10.0,3,3,1,5.0,,5.0,9,1954.0,A01,138Â 295Â 886,8.0,0.0,-1.0,1645503,1.0,7,,8.0,0.0,2.0,A01,138Â 295Â 886,1.0
964129,201900005660,2,24,02:10,5,2,1,1.0,6.0,16154,22 impasse d'OrlÃ©ans,M,"45,6676870","0,1702980",16,2019,50.0,1.0,1.0,4.0,2154987,10.0,3,3,1,5.0,,1.0,9,1995.0,A01,138Â 295Â 885,-1.0,-1.0,-1.0,1645504,2.0,0,,0.0,1.0,1.0,A01,138Â 295Â 885,1.0
964129,201900005660,2,24,02:10,5,2,1,1.0,6.0,16154,22 impasse d'OrlÃ©ans,M,"45,6676870","0,1702980",16,2019,50.0,1.0,1.0,4.0,2154988,1.0,1,1,1,5.0,,-1.0, -1,1997.0,A01,138Â 295Â 885,-1.0,-1.0,-1.0,1645504,2.0,0,,0.0,1.0,1.0,A01,138Â 295Â 885,1.0
964130,201900005661,8,6,17:50,1,2,1,3.0,1.0,78126,GRANDE RUE (RUE),M,"48,8500510","2,1296300",78,2019,-1.0,1.0,1.0,4.0,2154989,1.0,1,1,1,-1.0,,-1.0, -1,1989.0,C01,138Â 295Â 883,0.0,-1.0,-1.0,1645505,0.0,7,,0.0,2.0,1.0,C01,138Â 295Â 883,-1.0
964130,201900005661,8,6,17:50,1,2,1,3.0,1.0,78126,GRANDE RUE (RUE),M,"48,8500510","2,1296300",78,2019,-1.0,1.0,1.0,4.0,2154989,1.0,1,1,1,-1.0,,-1.0, -1,1989.0,C01,138Â 295Â 883,0.0,-1.0,-1.0,1645506,0.0,7,,0.0,2.0,1.0,D01,138Â 295Â 884,-1.0
964130,201900005661,8,6,17:50,1,2,1,3.0,1.0,78126,GRANDE RUE (RUE),M,"48,8500510","2,1296300",78,2019,-1.0,1.0,1.0,4.0,2154990,1.0,1,4,2,3.0,,-1.0, -1,1966.0,D01,138Â 295Â 884,0.0,-1.0,-1.0,1645505,0.0,7,,0.0,2.0,1.0,C01,138Â 295Â 883,-1.0
964130,201900005661,8,6,17:50,1,2,1,3.0,1.0,78126,GRANDE RUE (RUE),M,"48,8500510","2,1296300",78,2019,-1.0,1.0,1.0,4.0,2154990,1.0,1,4,2,3.0,,-1.0, -1,1966.0,D01,138Â 295Â 884,0.0,-1.0,-1.0,1645506,0.0,7,,0.0,2.0,1.0,D01,138Â 295Â 884,-1.0
964131,201900005662,8,1,11:45,1,1,1,1.0,3.0,78269,D 150,M,"48,6174100","1,8163100",78,2019,80.0,1.0,1.0,3.0,2154991,1.0,1,1,1,1.0,,-1.0, -1,1993.0,A01,138Â 295Â 881,1.0,8.0,-1.0,1645507,1.0,7,,0.0,2.0,2.0,A01,138Â 295Â 881,1.0
964131,201900005662,8,1,11:45,1,1,1,1.0,3.0,78269,D 150,M,"48,6174100","1,8163100",78,2019,80.0,1.0,1.0,3.0,2154991,1.0,1,1,1,1.0,,-1.0, -1,1993.0,A01,138Â 295Â 881,1.0,8.0,-1.0,1645508,1.0,1,,0.0,2.0,3.0,B01,138Â 295Â 882,0.0
964131,201900005662,8,1,11:45,1,1,1,1.0,3.0,78269,D 150,M,"48,6174100","1,8163100",78,2019,80.0,1.0,1.0,3.0,2154992,1.0,1,4,1,5.0,,-1.0, -1,1959.0,B01,138Â 295Â 882,2.0,8.0,-1.0,1645507,1.0,7,,0.0,2.0,2.0,A01,138Â 295Â 881,1.0
964131,201900005662,8,1,11:45,1,1,1,1.0,3.0,78269,D 150,M,"48,6174100","1,8163100",78,2019,80.0,1.0,1.0,3.0,2154992,1.0,1,4,1,5.0,,-1.0, -1,1959.0,B01,138Â 295Â 882,2.0,8.0,-1.0,1645508,1.0,1,,0.0,2.0,3.0,B01,138Â 295Â 882,0.0
964132,201900005663,11,28,16:10,1,2,1,1.0,6.0,91377,DE GAULLE (AVENUE DU GENERAL),M,"48,7312630","2,2718278",91,2019,30.0,1.0,1.0,7.0,2154993,1.0,1,1,1,0.0,,0.0,0,1972.0,A01,138Â 295Â 880,8.0,0.0,-1.0,1645509,3.0,7,,0.0,1.0,7.0,A01,138Â 295Â 880,0.0
964132,201900005663,11,28,16:10,1,2,1,1.0,6.0,91377,DE GAULLE (AVENUE DU GENERAL),M,"48,7312630","2,2718278",91,2019,30.0,1.0,1.0,7.0,2154994,10.0,3,4,1,0.0,,3.0,3,1968.0,A01,138Â 295Â 880,8.0,0.0,-1.0,1645509,3.0,7,,0.0,1.0,7.0,A01,138Â 295Â 880,0.0
964133,201900005664,11,27,17:15,1,2,1,2.0,3.0,87085,GIFFARD (RUE HENRI),M,"45,8700900","1,2694800",87,2019,30.0,1.0,2.0,4.0,2154995,1.0,1,4,2,5.0,,-1.0, -1,1955.0,B01,138Â 295Â 878,1.0,0.0,-1.0,1645510,1.0,7,,0.0,2.0,3.0,B01,138Â 295Â 878,1.0
964133,201900005664,11,27,17:15,1,2,1,2.0,3.0,87085,GIFFARD (RUE HENRI),M,"45,8700900","1,2694800",87,2019,30.0,1.0,2.0,4.0,2154995,1.0,1,4,2,5.0,,-1.0, -1,1955.0,B01,138Â 295Â 878,1.0,0.0,-1.0,1645511,1.0,7,,0.0,2.0,2.0,A01,138Â 295Â 879,1.0
964133,201900005664,11,27,17:15,1,2,1,2.0,3.0,87085,GIFFARD (RUE HENRI),M,"45,8700900","1,2694800",87,2019,30.0,1.0,2.0,4.0,2154996,1.0,1,1,1,5.0,,-1.0, -1,1997.0,A01,138Â 295Â 879,1.0,8.0,-1.0,1645510,1.0,7,,0.0,2.0,3.0,B01,138Â 295Â 878,1.0
964133,201900005664,11,27,17:15,1,2,1,2.0,3.0,87085,GIFFARD (RUE HENRI),M,"45,8700900","1,2694800",87,2019,30.0,1.0,2.0,4.0,2154996,1.0,1,1,1,5.0,,-1.0, -1,1997.0,A01,138Â 295Â 879,1.0,8.0,-1.0,1645511,1.0,7,,0.0,2.0,2.0,A01,138Â 295Â 879,1.0
964134,201900005665,11,27,13:33,1,1,1,2.0,6.0,87085,CHASSAGNE (RUE JEAN),M,"45,8125800","1,2431200",87,2019,30.0,1.0,2.0,4.0,2154997,1.0,1,4,2,4.0,,-1.0, -1,1997.0,A01,138Â 295Â 877,1.0,8.0,-1.0,1645512,2.0,7,,13.0,0.0,2.0,A01,138Â 295Â 877,1.0
964135,201900005666,11,28,08:50,1,1,1,2.0,1.0,71309,TOULON (ROUTE DE),M,"46,7828500","4,3907900",71,2019,80.0,1.0,2.0,3.0,2154998,1.0,1,4,2,1.0,,0.0,0,1977.0,A01,138Â 295Â 874,1.0,8.0,-1.0,1645513,3.0,7,,0.0,2.0,0.0,A01,138Â 295Â 874,1.0
964135,201900005666,11,28,08:50,1,1,1,2.0,1.0,71309,TOULON (ROUTE DE),M,"46,7828500","4,3907900",71,2019,80.0,1.0,2.0,3.0,2154998,1.0,1,4,2,1.0,,0.0,0,1977.0,A01,138Â 295Â 874,1.0,8.0,-1.0,1645514,3.0,7,,0.0,2.0,3.0,B01,138Â 295Â 875,1.0
964135,201900005666,11,28,08:50,1,1,1,2.0,1.0,71309,TOULON (ROUTE DE),M,"46,7828500","4,3907900",71,2019,80.0,1.0,2.0,3.0,2154999,1.0,1,1,2,5.0,,-1.0, -1,1977.0,B01,138Â 295Â 875,1.0,8.0,-1.0,1645513,3.0,7,,0.0,2.0,0.0,A01,138Â 295Â 874,1.0
964135,201900005666,11,28,08:50,1,1,1,2.0,1.0,71309,TOULON (ROUTE DE),M,"46,7828500","4,3907900",71,2019,80.0,1.0,2.0,3.0,2154999,1.0,1,1,2,5.0,,-1.0, -1,1977.0,B01,138Â 295Â 875,1.0,8.0,-1.0,1645514,3.0,7,,0.0,2.0,3.0,B01,138Â 295Â 875,1.0
964136,201900005667,6,3,15:10,1,2,6,8.0,3.0,69266,ALBERT THOMAS    (Place),M,"45,7597439","4,8761111",69,2019,50.0,1.0,1.0,4.0,2155000,1.0,1,1,1,0.0,,-1.0, -1,1965.0,A01,138Â 295Â 872,1.0,0.0,-1.0,1645515,3.0,7,,0.0,2.0,6.0,A01,138Â 295Â 872,0.0
964136,201900005667,6,3,15:10,1,2,6,8.0,3.0,69266,ALBERT THOMAS    (Place),M,"45,7597439","4,8761111",69,2019,50.0,1.0,1.0,4.0,2155000,1.0,1,1,1,0.0,,-1.0, -1,1965.0,A01,138Â 295Â 872,1.0,0.0,-1.0,1645516,3.0,1,,0.0,2.0,1.0,B01,138Â 295Â 873,0.0
964136,201900005667,6,3,15:10,1,2,6,8.0,3.0,69266,ALBERT THOMAS    (Place),M,"45,7597439","4,8761111",69,2019,50.0,1.0,1.0,4.0,2155001,1.0,1,4,1,0.0,,-1.0,0,1956.0,B01,138Â 295Â 873,8.0,0.0,-1.0,1645515,3.0,7,,0.0,2.0,6.0,A01,138Â 295Â 872,0.0
964136,201900005667,6,3,15:10,1,2,6,8.0,3.0,69266,ALBERT THOMAS    (Place),M,"45,7597439","4,8761111",69,2019,50.0,1.0,1.0,4.0,2155001,1.0,1,4,1,0.0,,-1.0,0,1956.0,B01,138Â 295Â 873,8.0,0.0,-1.0,1645516,3.0,1,,0.0,2.0,1.0,B01,138Â 295Â 873,0.0
964137,201900005668,11,28,09:32,1,2,1,2.0,2.0,63032,MONTANT (RUE DU),M,"45,7538100","3,0993600",63,2019,50.0,1.0,2.0,4.0,2155002,1.0,1,1,1,0.0,,-1.0, -1,1990.0,B01,138Â 295Â 870,1.0,0.0,-1.0,1645517,1.0,7,,0.0,2.0,4.0,B01,138Â 295Â 870,1.0
964137,201900005668,11,28,09:32,1,2,1,2.0,2.0,63032,MONTANT (RUE DU),M,"45,7538100","3,0993600",63,2019,50.0,1.0,2.0,4.0,2155002,1.0,1,1,1,0.0,,-1.0, -1,1990.0,B01,138Â 295Â 870,1.0,0.0,-1.0,1645518,1.0,1,,0.0,2.0,1.0,A01,138Â 295Â 871,5.0
964137,201900005668,11,28,09:32,1,2,1,2.0,2.0,63032,MONTANT (RUE DU),M,"45,7538100","3,0993600",63,2019,50.0,1.0,2.0,4.0,2155003,1.0,1,4,1,0.0,,0.0,0,1998.0,A01,138Â 295Â 871,2.0,6.0,-1.0,1645517,1.0,7,,0.0,2.0,4.0,B01,138Â 295Â 870,1.0
964137,201900005668,11,28,09:32,1,2,1,2.0,2.0,63032,MONTANT (RUE DU),M,"45,7538100","3,0993600",63,2019,50.0,1.0,2.0,4.0,2155003,1.0,1,4,1,0.0,,0.0,0,1998.0,A01,138Â 295Â 871,2.0,6.0,-1.0,1645518,1.0,1,,0.0,2.0,1.0,A01,138Â 295Â 871,5.0
964138,201900005669,11,28,07:35,1,1,2,2.0,6.0,63113,CANROBERT (RUE),M,"45,7892600","3,0627900",63,2019,-1.0,1.0,1.0,7.0,2155004,1.0,1,1,1,0.0,,-1.0, -1,1990.0,A01,138Â 295Â 869,1.0,0.0,-1.0,1645519,1.0,7,,0.0,1.0,3.0,A01,138Â 295Â 869,1.0
964138,201900005669,11,28,07:35,1,1,2,2.0,6.0,63113,CANROBERT (RUE),M,"45,7892600","3,0627900",63,2019,-1.0,1.0,1.0,7.0,2155005,10.0,3,4,2,0.0,,3.0,3,1969.0,A01,138Â 295Â 869,8.0,0.0,-1.0,1645519,1.0,7,,0.0,1.0,3.0,A01,138Â 295Â 869,1.0
964139,201900005670,11,19,08:00,2,1,1,9.0,3.0,62321,RD 160E,M,"50,4360400","3,0467900",62,2019,80.0,1.0,7.0,3.0,2155006,1.0,1,2,1,1.0,,-1.0,0,1961.0,B01,138Â 295Â 867,2.0,6.0,-1.0,1645520,0.0,2,,0.0,2.0,1.0,B01,138Â 295Â 867,1.0
964139,201900005670,11,19,08:00,2,1,1,9.0,3.0,62321,RD 160E,M,"50,4360400","3,0467900",62,2019,80.0,1.0,7.0,3.0,2155006,1.0,1,2,1,1.0,,-1.0,0,1961.0,B01,138Â 295Â 867,2.0,6.0,-1.0,1645521,0.0,7,,3.0,2.0,5.0,A01,138Â 295Â 868,1.0