Unnamed: 0_x,num_acc,mois,jour,hrmn,lum,agg,int,atm,col,com,adr,gps,lat,long,dep,annee,vma,situ,surf,catr,Unnamed: 0_y,place,catu,grav,sexe,trajet,secu,locp,actp,an_nais,num_veh_x,id_vehicule_x,secu1,secu2,secu3,Unnamed: 0,senc,catv,occutc,obs,obsm,choc,num_veh_y,id_vehicule_y,motor
964139,201900005670,11,19,08:00,2,1,1,9.0,3.0,62321,RD 160E,M,"50,4360400","3,0467900",62,2019,80.0,1.0,7.0,3.0,2155007,2.0,2,4,1,1.0,,-1.0, -1,1996.0,A01,138Â 295Â 868,1.0,5.0,-1.0,1645520,0.0,2,,0.0,2.0,1.0,B01,138Â 295Â 867,1.0
964139,201900005670,11,19,08:00,2,1,1,9.0,3.0,62321,RD 160E,M,"50,4360400","3,0467900",62,2019,80.0,1.0,7.0,3.0,2155007,2.0,2,4,1,1.0,,-1.0, -1,1996.0,A01,138Â 295Â 868,1.0,5.0,-1.0,1645521,0.0,7,,3.0,2.0,5.0,A01,138Â 295Â 868,1.0
964139,201900005670,11,19,08:00,2,1,1,9.0,3.0,62321,RD 160E,M,"50,4360400","3,0467900",62,2019,80.0,1.0,7.0,3.0,2155008,1.0,1,1,1,1.0,,-1.0, -1,1997.0,A01,138Â 295Â 868,1.0,8.0,-1.0,1645520,0.0,2,,0.0,2.0,1.0,B01,138Â 295Â 867,1.0
964139,201900005670,11,19,08:00,2,1,1,9.0,3.0,62321,RD 160E,M,"50,4360400","3,0467900",62,2019,80.0,1.0,7.0,3.0,2155008,1.0,1,1,1,1.0,,-1.0, -1,1997.0,A01,138Â 295Â 868,1.0,8.0,-1.0,1645521,0.0,7,,3.0,2.0,5.0,A01,138Â 295Â 868,1.0
964140,201900005671,11,27,07:55,5,2,1,3.0,6.0,44162,BOULEVARD DU MASSACRE,M,"47,2359200"," -1,5874000",44,2019,50.0,1.0,2.0,4.0,2155009,1.0,1,1,1,0.0,,0.0,0,1952.0,A01,138Â 295Â 866,1.0,0.0,-1.0,1645522,1.0,7,,0.0,1.0,3.0,A01,138Â 295Â 866,1.0
964140,201900005671,11,27,07:55,5,2,1,3.0,6.0,44162,BOULEVARD DU MASSACRE,M,"47,2359200"," -1,5874000",44,2019,50.0,1.0,2.0,4.0,2155010,10.0,3,2,1,5.0,,2.0,3,1934.0,A01,138Â 295Â 866,8.0,0.0,-1.0,1645522,1.0,7,,0.0,1.0,3.0,A01,138Â 295Â 866,1.0
964141,201900005672,7,9,17:37,1,2,1,1.0,1.0,29019,KERVERN AUGUSTE,M,"48,4029500"," -4,4887000",29,2019,50.0,1.0,1.0,4.0,2155011,1.0,1,1,1,9.0,,-1.0, -1,1992.0,A01,138Â 295Â 864,8.0,0.0,-1.0,1645523,1.0,7,,0.0,2.0,3.0,A01,138Â 295Â 864,1.0
964141,201900005672,7,9,17:37,1,2,1,1.0,1.0,29019,KERVERN AUGUSTE,M,"48,4029500"," -4,4887000",29,2019,50.0,1.0,1.0,4.0,2155011,1.0,1,1,1,9.0,,-1.0, -1,1992.0,A01,138Â 295Â 864,8.0,0.0,-1.0,1645524,2.0,33,,0.0,2.0,3.0,B01,138Â 295Â 865,1.0
964141,201900005672,7,9,17:37,1,2,1,1.0,1.0,29019,KERVERN AUGUSTE,M,"48,4029500"," -4,4887000",29,2019,50.0,1.0,1.0,4.0,2155012,1.0,1,4,1,4.0,,-1.0,0,1970.0,B01,138Â 295Â 865,2.0,0.0,-1.0,1645523,1.0,7,,0.0,2.0,3.0,A01,138Â 295Â 864,1.0
964141,201900005672,7,9,17:37,1,2,1,1.0,1.0,29019,KERVERN AUGUSTE,M,"48,4029500"," -4,4887000",29,2019,50.0,1.0,1.0,4.0,2155012,1.0,1,4,1,4.0,,-1.0,0,1970.0,B01,138Â 295Â 865,2.0,0.0,-1.0,1645524,2.0,33,,0.0,2.0,3.0,B01,138Â 295Â 865,1.0
964142,201900005673,8,31,14:15,1,2,1,1.0,5.0,18205,RD 2076,M,"47,1209000","2,3712600",18,2019,70.0,1.0,1.0,3.0,2155013,1.0,1,3,2,0.0,,-1.0, -1,1993.0,A01,138Â 295Â 861,1.0,0.0,-1.0,1645525,2.0,7,,0.0,2.0,0.0,A01,138Â 295Â 861,1.0
964142,201900005673,8,31,14:15,1,2,1,1.0,5.0,18205,RD 2076,M,"47,1209000","2,3712600",18,2019,70.0,1.0,1.0,3.0,2155013,1.0,1,3,2,0.0,,-1.0, -1,1993.0,A01,138Â 295Â 861,1.0,0.0,-1.0,1645526,1.0,7,,0.0,2.0,8.0,B01,138Â 295Â 862,1.0
964142,201900005673,8,31,14:15,1,2,1,1.0,5.0,18205,RD 2076,M,"47,1209000","2,3712600",18,2019,70.0,1.0,1.0,3.0,2155013,1.0,1,3,2,0.0,,-1.0, -1,1993.0,A01,138Â 295Â 861,1.0,0.0,-1.0,1645527,1.0,7,,0.0,2.0,1.0,C01,138Â 295Â 863,1.0
964142,201900005673,8,31,14:15,1,2,1,1.0,5.0,18205,RD 2076,M,"47,1209000","2,3712600",18,2019,70.0,1.0,1.0,3.0,2155014,1.0,1,1,1,5.0,,-1.0, -1,1960.0,B01,138Â 295Â 862,1.0,0.0,-1.0,1645525,2.0,7,,0.0,2.0,0.0,A01,138Â 295Â 861,1.0
964142,201900005673,8,31,14:15,1,2,1,1.0,5.0,18205,RD 2076,M,"47,1209000","2,3712600",18,2019,70.0,1.0,1.0,3.0,2155014,1.0,1,1,1,5.0,,-1.0, -1,1960.0,B01,138Â 295Â 862,1.0,0.0,-1.0,1645526,1.0,7,,0.0,2.0,8.0,B01,138Â 295Â 862,1.0
964142,201900005673,8,31,14:15,1,2,1,1.0,5.0,18205,RD 2076,M,"47,1209000","2,3712600",18,2019,70.0,1.0,1.0,3.0,2155014,1.0,1,1,1,5.0,,-1.0, -1,1960.0,B01,138Â 295Â 862,1.0,0.0,-1.0,1645527,1.0,7,,0.0,2.0,1.0,C01,138Â 295Â 863,1.0
964142,201900005673,8,31,14:15,1,2,1,1.0,5.0,18205,RD 2076,M,"47,1209000","2,3712600",18,2019,70.0,1.0,1.0,3.0,2155015,4.0,2,4,1,5.0,,-1.0, -1,2008.0,C01,138Â 295Â 863,1.0,0.0,-1.0,1645525,2.0,7,,0.0,2.0,0.0,A01,138Â 295Â 861,1.0
964142,201900005673,8,31,14:15,1,2,1,1.0,5.0,18205,RD 2076,M,"47,1209000","2,3712600",18,2019,70.0,1.0,1.0,3.0,2155015,4.0,2,4,1,5.0,,-1.0, -1,2008.0,C01,138Â 295Â 863,1.0,0.0,-1.0,1645526,1.0,7,,0.0,2.0,8.0,B01,138Â 295Â 862,1.0
964142,201900005673,8,31,14:15,1,2,1,1.0,5.0,18205,RD 2076,M,"47,1209000","2,3712600",18,2019,70.0,1.0,1.0,3.0,2155015,4.0,2,4,1,5.0,,-1.0, -1,2008.0,C01,138Â 295Â 863,1.0,0.0,-1.0,1645527,1.0,7,,0.0,2.0,1.0,C01,138Â 295Â 863,1.0
964142,201900005673,8,31,14:15,1,2,1,1.0,5.0,18205,RD 2076,M,"47,1209000","2,3712600",18,2019,70.0,1.0,1.0,3.0,2155016,3.0,2,4,1,5.0,,-1.0, -1,2012.0,C01,138Â 295Â 863,1.0,0.0,-1.0,1645525,2.0,7,,0.0,2.0,0.0,A01,138Â 295Â 861,1.0
964142,201900005673,8,31,14:15,1,2,1,1.0,5.0,18205,RD 2076,M,"47,1209000","2,3712600",18,2019,70.0,1.0,1.0,3.0,2155016,3.0,2,4,1,5.0,,-1.0, -1,2012.0,C01,138Â 295Â 863,1.0,0.0,-1.0,1645526,1.0,7,,0.0,2.0,8.0,B01,138Â 295Â 862,1.0
964142,201900005673,8,31,14:15,1,2,1,1.0,5.0,18205,RD 2076,M,"47,1209000","2,3712600",18,2019,70.0,1.0,1.0,3.0,2155016,3.0,2,4,1,5.0,,-1.0, -1,2012.0,C01,138Â 295Â 863,1.0,0.0,-1.0,1645527,1.0,7,,0.0,2.0,1.0,C01,138Â 295Â 863,1.0
964142,201900005673,8,31,14:15,1,2,1,1.0,5.0,18205,RD 2076,M,"47,1209000","2,3712600",18,2019,70.0,1.0,1.0,3.0,2155017,1.0,1,4,1,5.0,,-1.0, -1,1969.0,C01,138Â 295Â 863,1.0,0.0,-1.0,1645525,2.0,7,,0.0,2.0,0.0,A01,138Â 295Â 861,1.0
964142,201900005673,8,31,14:15,1,2,1,1.0,5.0,18205,RD 2076,M,"47,1209000","2,3712600",18,2019,70.0,1.0,1.0,3.0,2155017,1.0,1,4,1,5.0,,-1.0, -1,1969.0,C01,138Â 295Â 863,1.0,0.0,-1.0,1645526,1.0,7,,0.0,2.0,8.0,B01,138Â 295Â 862,1.0
964142,201900005673,8,31,14:15,1,2,1,1.0,5.0,18205,RD 2076,M,"47,1209000","2,3712600",18,2019,70.0,1.0,1.0,3.0,2155017,1.0,1,4,1,5.0,,-1.0, -1,1969.0,C01,138Â 295Â 863,1.0,0.0,-1.0,1645527,1.0,7,,0.0,2.0,1.0,C01,138Â 295Â 863,1.0
964142,201900005673,8,31,14:15,1,2,1,1.0,5.0,18205,RD 2076,M,"47,1209000","2,3712600",18,2019,70.0,1.0,1.0,3.0,2155018,5.0,2,4,2,5.0,,-1.0, -1,2012.0,C01,138Â 295Â 863,1.0,0.0,-1.0,1645525,2.0,7,,0.0,2.0,0.0,A01,138Â 295Â 861,1.0
964142,201900005673,8,31,14:15,1,2,1,1.0,5.0,18205,RD 2076,M,"47,1209000","2,3712600",18,2019,70.0,1.0,1.0,3.0,2155018,5.0,2,4,2,5.0,,-1.0, -1,2012.0,C01,138Â 295Â 863,1.0,0.0,-1.0,1645526,1.0,7,,0.0,2.0,8.0,B01,138Â 295Â 862,1.0
964142,201900005673,8,31,14:15,1,2,1,1.0,5.0,18205,RD 2076,M,"47,1209000","2,3712600",18,2019,70.0,1.0,1.0,3.0,2155018,5.0,2,4,2,5.0,,-1.0, -1,2012.0,C01,138Â 295Â 863,1.0,0.0,-1.0,1645527,1.0,7,,0.0,2.0,1.0,C01,138Â 295Â 863,1.0
964142,201900005673,8,31,14:15,1,2,1,1.0,5.0,18205,RD 2076,M,"47,1209000","2,3712600",18,2019,70.0,1.0,1.0,3.0,2155019,2.0,2,4,2,5.0,,-1.0, -1,1978.0,C01,138Â 295Â 863,1.0,0.0,-1.0,1645525,2.0,7,,0.0,2.0,0.0,A01,138Â 295Â 861,1.0
964142,201900005673,8,31,14:15,1,2,1,1.0,5.0,18205,RD 2076,M,"47,1209000","2,3712600",18,2019,70.0,1.0,1.0,3.0,2155019,2.0,2,4,2,5.0,,-1.0, -1,1978.0,C01,138Â 295Â 863,1.0,0.0,-1.0,1645526,1.0,7,,0.0,2.0,8.0,B01,138Â 295Â 862,1.0
964142,201900005673,8,31,14:15,1,2,1,1.0,5.0,18205,RD 2076,M,"47,1209000","2,3712600",18,2019,70.0,1.0,1.0,3.0,2155019,2.0,2,4,2,5.0,,-1.0, -1,1978.0,C01,138Â 295Â 863,1.0,0.0,-1.0,1645527,1.0,7,,0.0,2.0,1.0,C01,138Â 295Â 863,1.0
964143,201900005674,11,28,10:06,1,2,2,1.0,3.0,17300,LORIENT   RUE DE,M,"46,1647700"," -1,1904800",17,2019,50.0,1.0,1.0,4.0,2155020,1.0,1,4,2,5.0,,-1.0, -1,1937.0,B01,138Â 295Â 859,1.0,0.0,-1.0,1645528,1.0,7,,0.0,2.0,1.0,B01,138Â 295Â 859,1.0
964143,201900005674,11,28,10:06,1,2,2,1.0,3.0,17300,LORIENT   RUE DE,M,"46,1647700"," -1,1904800",17,2019,50.0,1.0,1.0,4.0,2155020,1.0,1,4,2,5.0,,-1.0, -1,1937.0,B01,138Â 295Â 859,1.0,0.0,-1.0,1645529,1.0,7,,0.0,2.0,5.0,A01,138Â 295Â 860,1.0
964143,201900005674,11,28,10:06,1,2,2,1.0,3.0,17300,LORIENT   RUE DE,M,"46,1647700"," -1,1904800",17,2019,50.0,1.0,1.0,4.0,2155021,1.0,1,4,2,1.0,,-1.0, -1,1952.0,A01,138Â 295Â 860,1.0,0.0,-1.0,1645528,1.0,7,,0.0,2.0,1.0,B01,138Â 295Â 859,1.0
964143,201900005674,11,28,10:06,1,2,2,1.0,3.0,17300,LORIENT   RUE DE,M,"46,1647700"," -1,1904800",17,2019,50.0,1.0,1.0,4.0,2155021,1.0,1,4,2,1.0,,-1.0, -1,1952.0,A01,138Â 295Â 860,1.0,0.0,-1.0,1645529,1.0,7,,0.0,2.0,5.0,A01,138Â 295Â 860,1.0
964144,201900005675,8,26,17:00,1,2,2,1.0,3.0,17300,GUITON   AVENUE JEAN (9-165 et 4),M,"46,1597500"," -1,1657300",17,2019,50.0,1.0,1.0,4.0,2155022,1.0,1,4,1,1.0,,-1.0, -1,1978.0,B01,138Â 295Â 857,8.0,0.0,-1.0,1645530,2.0,1,,0.0,2.0,1.0,B01,138Â 295Â 857,5.0
964144,201900005675,8,26,17:00,1,2,2,1.0,3.0,17300,GUITON   AVENUE JEAN (9-165 et 4),M,"46,1597500"," -1,1657300",17,2019,50.0,1.0,1.0,4.0,2155022,1.0,1,4,1,1.0,,-1.0, -1,1978.0,B01,138Â 295Â 857,8.0,0.0,-1.0,1645531,1.0,3,,0.0,1.0,2.0,A01,138Â 295Â 858,1.0
964144,201900005675,8,26,17:00,1,2,2,1.0,3.0,17300,GUITON   AVENUE JEAN (9-165 et 4),M,"46,1597500"," -1,1657300",17,2019,50.0,1.0,1.0,4.0,2155023,1.0,1,1,1,5.0,,-1.0, -1,1971.0,A01,138Â 295Â 858,1.0,0.0,-1.0,1645530,2.0,1,,0.0,2.0,1.0,B01,138Â 295Â 857,5.0
964144,201900005675,8,26,17:00,1,2,2,1.0,3.0,17300,GUITON   AVENUE JEAN (9-165 et 4),M,"46,1597500"," -1,1657300",17,2019,50.0,1.0,1.0,4.0,2155023,1.0,1,1,1,5.0,,-1.0, -1,1971.0,A01,138Â 295Â 858,1.0,0.0,-1.0,1645531,1.0,3,,0.0,1.0,2.0,A01,138Â 295Â 858,1.0
964145,201900005676,7,7,17:45,1,2,1,1.0,7.0,56121,LECLERC ( BD GENERAL ),M,"47,7486400"," -3,3653800",56,2019,50.0,1.0,1.0,4.0,2155024,1.0,1,4,2,0.0,,0.0,0,1977.0,A01,138Â 295Â 856,8.0,0.0,-1.0,1645532,1.0,1,,0.0,0.0,0.0,A01,138Â 295Â 856,5.0
964146,201900005677,7,7,12:23,1,2,3,1.0,5.0,54578,AIGUILLETTES  (BD 5A A 17A),M,"48,6714800","6,1563200",54,2019,50.0,1.0,1.0,4.0,2155025,1.0,1,1,1,-1.0,,-1.0, -1,1986.0,A01,138Â 295Â 853,8.0,-1.0,-1.0,1645533,1.0,7,,0.0,2.0,1.0,A01,138Â 295Â 853,1.0
964146,201900005677,7,7,12:23,1,2,3,1.0,5.0,54578,AIGUILLETTES  (BD 5A A 17A),M,"48,6714800","6,1563200",54,2019,50.0,1.0,1.0,4.0,2155025,1.0,1,1,1,-1.0,,-1.0, -1,1986.0,A01,138Â 295Â 853,8.0,-1.0,-1.0,1645534,1.0,7,,0.0,2.0,4.0,B01,138Â 295Â 854,1.0
964146,201900005677,7,7,12:23,1,2,3,1.0,5.0,54578,AIGUILLETTES  (BD 5A A 17A),M,"48,6714800","6,1563200",54,2019,50.0,1.0,1.0,4.0,2155025,1.0,1,1,1,-1.0,,-1.0, -1,1986.0,A01,138Â 295Â 853,8.0,-1.0,-1.0,1645535,1.0,7,,0.0,2.0,4.0,C01,138Â 295Â 855,1.0
964146,201900005677,7,7,12:23,1,2,3,1.0,5.0,54578,AIGUILLETTES  (BD 5A A 17A),M,"48,6714800","6,1563200",54,2019,50.0,1.0,1.0,4.0,2155026,1.0,1,4,2,9.0,,-1.0,0,1979.0,B01,138Â 295Â 854,1.0,0.0,-1.0,1645533,1.0,7,,0.0,2.0,1.0,A01,138Â 295Â 853,1.0
964146,201900005677,7,7,12:23,1,2,3,1.0,5.0,54578,AIGUILLETTES  (BD 5A A 17A),M,"48,6714800","6,1563200",54,2019,50.0,1.0,1.0,4.0,2155026,1.0,1,4,2,9.0,,-1.0,0,1979.0,B01,138Â 295Â 854,1.0,0.0,-1.0,1645534,1.0,7,,0.0,2.0,4.0,B01,138Â 295Â 854,1.0
964146,201900005677,7,7,12:23,1,2,3,1.0,5.0,54578,AIGUILLETTES  (BD 5A A 17A),M,"48,6714800","6,1563200",54,2019,50.0,1.0,1.0,4.0,2155026,1.0,1,4,2,9.0,,-1.0,0,1979.0,B01,138Â 295Â 854,1.0,0.0,-1.0,1645535,1.0,7,,0.0,2.0,4.0,C01,138Â 295Â 855,1.0
964146,201900005677,7,7,12:23,1,2,3,1.0,5.0,54578,AIGUILLETTES  (BD 5A A 17A),M,"48,6714800","6,1563200",54,2019,50.0,1.0,1.0,4.0,2155027,2.0,2,3,2,-1.0,,-1.0, -1,1972.0,C01,138Â 295Â 855,1.0,-1.0,-1.0,1645533,1.0,7,,0.0,2.0,1.0,A01,138Â 295Â 853,1.0
964146,201900005677,7,7,12:23,1,2,3,1.0,5.0,54578,AIGUILLETTES  (BD 5A A 17A),M,"48,6714800","6,1563200",54,2019,50.0,1.0,1.0,4.0,2155027,2.0,2,3,2,-1.0,,-1.0, -1,1972.0,C01,138Â 295Â 855,1.0,-1.0,-1.0,1645534,1.0,7,,0.0,2.0,4.0,B01,138Â 295Â 854,1.0
964146,201900005677,7,7,12:23,1,2,3,1.0,5.0,54578,AIGUILLETTES  (BD 5A A 17A),M,"48,6714800","6,1563200",54,2019,50.0,1.0,1.0,4.0,2155027,2.0,2,3,2,-1.0,,-1.0, -1,1972.0,C01,138Â 295Â 855,1.0,-1.0,-1.0,1645535,1.0,7,,0.0,2.0,4.0,C01,138Â 295Â 855,1.0
964146,201900005677,7,7,12:23,1,2,3,1.0,5.0,54578,AIGUILLETTES  (BD 5A A 17A),M,"48,6714800","6,1563200",54,2019,50.0,1.0,1.0,4.0,2155028,3.0,2,3,2,-1.0,,-1.0, -1,1966.0,C01,138Â 295Â 855,1.0,-1.0,-1.0,1645533,1.0,7,,0.0,2.0,1.0,A01,138Â 295Â 853,1.0
964146,201900005677,7,7,12:23,1,2,3,1.0,5.0,54578,AIGUILLETTES  (BD 5A A 17A),M,"48,6714800","6,1563200",54,2019,50.0,1.0,1.0,4.0,2155028,3.0,2,3,2,-1.0,,-1.0, -1,1966.0,C01,138Â 295Â 855,1.0,-1.0,-1.0,1645534,1.0,7,,0.0,2.0,4.0,B01,138Â 295Â 854,1.0
964146,201900005677,7,7,12:23,1,2,3,1.0,5.0,54578,AIGUILLETTES  (BD 5A A 17A),M,"48,6714800","6,1563200",54,2019,50.0,1.0,1.0,4.0,2155028,3.0,2,3,2,-1.0,,-1.0, -1,1966.0,C01,138Â 295Â 855,1.0,-1.0,-1.0,1645535,1.0,7,,0.0,2.0,4.0,C01,138Â 295Â 855,1.0
964146,201900005677,7,7,12:23,1,2,3,1.0,5.0,54578,AIGUILLETTES  (BD 5A A 17A),M,"48,6714800","6,1563200",54,2019,50.0,1.0,1.0,4.0,2155029,4.0,2,3,2,-1.0,,-1.0, -1,1964.0,C01,138Â 295Â 855,1.0,-1.0,-1.0,1645533,1.0,7,,0.0,2.0,1.0,A01,138Â 295Â 853,1.0
964146,201900005677,7,7,12:23,1,2,3,1.0,5.0,54578,AIGUILLETTES  (BD 5A A 17A),M,"48,6714800","6,1563200",54,2019,50.0,1.0,1.0,4.0,2155029,4.0,2,3,2,-1.0,,-1.0, -1,1964.0,C01,138Â 295Â 855,1.0,-1.0,-1.0,1645534,1.0,7,,0.0,2.0,4.0,B01,138Â 295Â 854,1.0
964146,201900005677,7,7,12:23,1,2,3,1.0,5.0,54578,AIGUILLETTES  (BD 5A A 17A),M,"48,6714800","6,1563200",54,2019,50.0,1.0,1.0,4.0,2155029,4.0,2,3,2,-1.0,,-1.0, -1,1964.0,C01,138Â 295Â 855,1.0,-1.0,-1.0,1645535,1.0,7,,0.0,2.0,4.0,C01,138Â 295Â 855,1.0
964146,201900005677,7,7,12:23,1,2,3,1.0,5.0,54578,AIGUILLETTES  (BD 5A A 17A),M,"48,6714800","6,1563200",54,2019,50.0,1.0,1.0,4.0,2155030,1.0,1,1,1,9.0,,-1.0,0,1989.0,C01,138Â 295Â 855,1.0,0.0,-1.0,1645533,1.0,7,,0.0,2.0,1.0,A01,138Â 295Â 853,1.0
964146,201900005677,7,7,12:23,1,2,3,1.0,5.0,54578,AIGUILLETTES  (BD 5A A 17A),M,"48,6714800","6,1563200",54,2019,50.0,1.0,1.0,4.0,2155030,1.0,1,1,1,9.0,,-1.0,0,1989.0,C01,138Â 295Â 855,1.0,0.0,-1.0,1645534,1.0,7,,0.0,2.0,4.0,B01,138Â 295Â 854,1.0
964146,201900005677,7,7,12:23,1,2,3,1.0,5.0,54578,AIGUILLETTES  (BD 5A A 17A),M,"48,6714800","6,1563200",54,2019,50.0,1.0,1.0,4.0,2155030,1.0,1,1,1,9.0,,-1.0,0,1989.0,C01,138Â 295Â 855,1.0,0.0,-1.0,1645535,1.0,7,,0.0,2.0,4.0,C01,138Â 295Â 855,1.0
964147,201900005678,7,3,13:53,1,2,3,1.0,3.0,54395,LOBAU (BOULEVARD),M,"48,6794100","6,1989900",54,2019,50.0,1.0,1.0,4.0,2155031,1.0,1,4,2,9.0,,-1.0,0,1979.0,A01,138Â 295Â 851,1.0,0.0,-1.0,1645536,1.0,7,,0.0,2.0,3.0,A01,138Â 295Â 851,1.0
964147,201900005678,7,3,13:53,1,2,3,1.0,3.0,54395,LOBAU (BOULEVARD),M,"48,6794100","6,1989900",54,2019,50.0,1.0,1.0,4.0,2155031,1.0,1,4,2,9.0,,-1.0,0,1979.0,A01,138Â 295Â 851,1.0,0.0,-1.0,1645537,1.0,7,,0.0,2.0,2.0,B01,138Â 295Â 852,1.0
964147,201900005678,7,3,13:53,1,2,3,1.0,3.0,54395,LOBAU (BOULEVARD),M,"48,6794100","6,1989900",54,2019,50.0,1.0,1.0,4.0,2155032,1.0,1,1,1,9.0,,-1.0,0,1971.0,B01,138Â 295Â 852,1.0,0.0,-1.0,1645536,1.0,7,,0.0,2.0,3.0,A01,138Â 295Â 851,1.0
964147,201900005678,7,3,13:53,1,2,3,1.0,3.0,54395,LOBAU (BOULEVARD),M,"48,6794100","6,1989900",54,2019,50.0,1.0,1.0,4.0,2155032,1.0,1,1,1,9.0,,-1.0,0,1971.0,B01,138Â 295Â 852,1.0,0.0,-1.0,1645537,1.0,7,,0.0,2.0,2.0,B01,138Â 295Â 852,1.0
964148,201900005679,7,2,06:00,1,2,2,1.0,3.0,54578,CHAMPELLE (BD DE),M,"48,6555900","6,1083300",54,2019,50.0,1.0,1.0,4.0,2155033,1.0,1,1,1,0.0,,-1.0,0,1988.0,B01,138Â 295Â 849,1.0,0.0,-1.0,1645538,1.0,7,,0.0,2.0,2.0,B01,138Â 295Â 849,1.0
964148,201900005679,7,2,06:00,1,2,2,1.0,3.0,54578,CHAMPELLE (BD DE),M,"48,6555900","6,1083300",54,2019,50.0,1.0,1.0,4.0,2155033,1.0,1,1,1,0.0,,-1.0,0,1988.0,B01,138Â 295Â 849,1.0,0.0,-1.0,1645539,1.0,30,,0.0,2.0,1.0,A01,138Â 295Â 850,1.0
964148,201900005679,7,2,06:00,1,2,2,1.0,3.0,54578,CHAMPELLE (BD DE),M,"48,6555900","6,1083300",54,2019,50.0,1.0,1.0,4.0,2155034,1.0,1,4,1,9.0,,-1.0,0,2002.0,A01,138Â 295Â 850,2.0,0.0,-1.0,1645538,1.0,7,,0.0,2.0,2.0,B01,138Â 295Â 849,1.0
964148,201900005679,7,2,06:00,1,2,2,1.0,3.0,54578,CHAMPELLE (BD DE),M,"48,6555900","6,1083300",54,2019,50.0,1.0,1.0,4.0,2155034,1.0,1,4,1,9.0,,-1.0,0,2002.0,A01,138Â 295Â 850,2.0,0.0,-1.0,1645539,1.0,30,,0.0,2.0,1.0,A01,138Â 295Â 850,1.0
964149,201900005680,6,21,12:25,1,2,3,1.0,2.0,54395,BOUFFLERS (AV. DE 74,M,"48,6892100","6,1615700",54,2019,50.0,1.0,1.0,4.0,2155035,1.0,1,1,2,0.0,,-1.0,0,1967.0,B01,138Â 295Â 847,1.0,0.0,-1.0,1645540,1.0,7,,0.0,2.0,0.0,B01,138Â 295Â 847,1.0
964149,201900005680,6,21,12:25,1,2,3,1.0,2.0,54395,BOUFFLERS (AV. DE 74,M,"48,6892100","6,1615700",54,2019,50.0,1.0,1.0,4.0,2155035,1.0,1,1,2,0.0,,-1.0,0,1967.0,B01,138Â 295Â 847,1.0,0.0,-1.0,1645541,1.0,33,,0.0,2.0,0.0,A01,138Â 295Â 848,1.0
964149,201900005680,6,21,12:25,1,2,3,1.0,2.0,54395,BOUFFLERS (AV. DE 74,M,"48,6892100","6,1615700",54,2019,50.0,1.0,1.0,4.0,2155036,1.0,1,4,1,0.0,,-1.0,0,1997.0,A01,138Â 295Â 848,2.0,0.0,-1.0,1645540,1.0,7,,0.0,2.0,0.0,B01,138Â 295Â 847,1.0
964149,201900005680,6,21,12:25,1,2,3,1.0,2.0,54395,BOUFFLERS (AV. DE 74,M,"48,6892100","6,1615700",54,2019,50.0,1.0,1.0,4.0,2155036,1.0,1,4,1,0.0,,-1.0,0,1997.0,A01,138Â 295Â 848,2.0,0.0,-1.0,1645541,1.0,33,,0.0,2.0,0.0,A01,138Â 295Â 848,1.0
964150,201900005681,6,26,08:20,1,2,1,1.0,5.0,54184,RD 83,M,"48,7193300","6,2402400",54,2019,50.0,1.0,1.0,4.0,2155037,1.0,1,1,1,0.0,,-1.0,0,1975.0,D01,138Â 295Â 843,1.0,0.0,-1.0,1645542,1.0,7,,0.0,2.0,0.0,D01,138Â 295Â 843,1.0
964150,201900005681,6,26,08:20,1,2,1,1.0,5.0,54184,RD 83,M,"48,7193300","6,2402400",54,2019,50.0,1.0,1.0,4.0,2155037,1.0,1,1,1,0.0,,-1.0,0,1975.0,D01,138Â 295Â 843,1.0,0.0,-1.0,1645543,1.0,7,,0.0,2.0,0.0,C01,138Â 295Â 844,0.0
964150,201900005681,6,26,08:20,1,2,1,1.0,5.0,54184,RD 83,M,"48,7193300","6,2402400",54,2019,50.0,1.0,1.0,4.0,2155037,1.0,1,1,1,0.0,,-1.0,0,1975.0,D01,138Â 295Â 843,1.0,0.0,-1.0,1645544,1.0,10,,0.0,2.0,0.0,B01,138Â 295Â 845,1.0
964150,201900005681,6,26,08:20,1,2,1,1.0,5.0,54184,RD 83,M,"48,7193300","6,2402400",54,2019,50.0,1.0,1.0,4.0,2155037,1.0,1,1,1,0.0,,-1.0,0,1975.0,D01,138Â 295Â 843,1.0,0.0,-1.0,1645545,1.0,7,,0.0,2.0,0.0,A01,138Â 295Â 846,1.0
964150,201900005681,6,26,08:20,1,2,1,1.0,5.0,54184,RD 83,M,"48,7193300","6,2402400",54,2019,50.0,1.0,1.0,4.0,2155038,1.0,1,1,1,0.0,,-1.0,0,1941.0,C01,138Â 295Â 844,1.0,0.0,-1.0,1645542,1.0,7,,0.0,2.0,0.0,D01,138Â 295Â 843,1.0
964150,201900005681,6,26,08:20,1,2,1,1.0,5.0,54184,RD 83,M,"48,7193300","6,2402400",54,2019,50.0,1.0,1.0,4.0,2155038,1.0,1,1,1,0.0,,-1.0,0,1941.0,C01,138Â 295Â 844,1.0,0.0,-1.0,1645543,1.0,7,,0.0,2.0,0.0,C01,138Â 295Â 844,0.0
964150,201900005681,6,26,08:20,1,2,1,1.0,5.0,54184,RD 83,M,"48,7193300","6,2402400",54,2019,50.0,1.0,1.0,4.0,2155038,1.0,1,1,1,0.0,,-1.0,0,1941.0,C01,138Â 295Â 844,1.0,0.0,-1.0,1645544,1.0,10,,0.0,2.0,0.0,B01,138Â 295Â 845,1.0