Unnamed: 0_x,num_acc,mois,jour,hrmn,lum,agg,int,atm,col,com,adr,gps,lat,long,dep,annee,vma,situ,surf,catr,Unnamed: 0_y,place,catu,grav,sexe,trajet,secu,locp,actp,an_nais,num_veh_x,id_vehicule_x,secu1,secu2,secu3,Unnamed: 0,senc,catv,occutc,obs,obsm,choc,num_veh_y,id_vehicule_y,motor
964150,201900005681,6,26,08:20,1,2,1,1.0,5.0,54184,RD 83,M,"48,7193300","6,2402400",54,2019,50.0,1.0,1.0,4.0,2155038,1.0,1,1,1,0.0,,-1.0,0,1941.0,C01,138Â 295Â 844,1.0,0.0,-1.0,1645545,1.0,7,,0.0,2.0,0.0,A01,138Â 295Â 846,1.0
964150,201900005681,6,26,08:20,1,2,1,1.0,5.0,54184,RD 83,M,"48,7193300","6,2402400",54,2019,50.0,1.0,1.0,4.0,2155039,1.0,1,1,1,0.0,,-1.0,0,1985.0,B01,138Â 295Â 845,1.0,0.0,-1.0,1645542,1.0,7,,0.0,2.0,0.0,D01,138Â 295Â 843,1.0
964150,201900005681,6,26,08:20,1,2,1,1.0,5.0,54184,RD 83,M,"48,7193300","6,2402400",54,2019,50.0,1.0,1.0,4.0,2155039,1.0,1,1,1,0.0,,-1.0,0,1985.0,B01,138Â 295Â 845,1.0,0.0,-1.0,1645543,1.0,7,,0.0,2.0,0.0,C01,138Â 295Â 844,0.0
964150,201900005681,6,26,08:20,1,2,1,1.0,5.0,54184,RD 83,M,"48,7193300","6,2402400",54,2019,50.0,1.0,1.0,4.0,2155039,1.0,1,1,1,0.0,,-1.0,0,1985.0,B01,138Â 295Â 845,1.0,0.0,-1.0,1645544,1.0,10,,0.0,2.0,0.0,B01,138Â 295Â 845,1.0
964150,201900005681,6,26,08:20,1,2,1,1.0,5.0,54184,RD 83,M,"48,7193300","6,2402400",54,2019,50.0,1.0,1.0,4.0,2155039,1.0,1,1,1,0.0,,-1.0,0,1985.0,B01,138Â 295Â 845,1.0,0.0,-1.0,1645545,1.0,7,,0.0,2.0,0.0,A01,138Â 295Â 846,1.0
964150,201900005681,6,26,08:20,1,2,1,1.0,5.0,54184,RD 83,M,"48,7193300","6,2402400",54,2019,50.0,1.0,1.0,4.0,2155040,1.0,1,4,2,0.0,,-1.0,0,1992.0,A01,138Â 295Â 846,1.0,0.0,-1.0,1645542,1.0,7,,0.0,2.0,0.0,D01,138Â 295Â 843,1.0
964150,201900005681,6,26,08:20,1,2,1,1.0,5.0,54184,RD 83,M,"48,7193300","6,2402400",54,2019,50.0,1.0,1.0,4.0,2155040,1.0,1,4,2,0.0,,-1.0,0,1992.0,A01,138Â 295Â 846,1.0,0.0,-1.0,1645543,1.0,7,,0.0,2.0,0.0,C01,138Â 295Â 844,0.0
964150,201900005681,6,26,08:20,1,2,1,1.0,5.0,54184,RD 83,M,"48,7193300","6,2402400",54,2019,50.0,1.0,1.0,4.0,2155040,1.0,1,4,2,0.0,,-1.0,0,1992.0,A01,138Â 295Â 846,1.0,0.0,-1.0,1645544,1.0,10,,0.0,2.0,0.0,B01,138Â 295Â 845,1.0
964150,201900005681,6,26,08:20,1,2,1,1.0,5.0,54184,RD 83,M,"48,7193300","6,2402400",54,2019,50.0,1.0,1.0,4.0,2155040,1.0,1,4,2,0.0,,-1.0,0,1992.0,A01,138Â 295Â 846,1.0,0.0,-1.0,1645545,1.0,7,,0.0,2.0,0.0,A01,138Â 295Â 846,1.0
964151,201900005682,6,24,17:50,1,2,1,1.0,5.0,54395,STRASBOURG (AVENUE DE),M,"48,6818400","6,1924900",54,2019,50.0,1.0,1.0,4.0,2155041,1.0,1,1,1,0.0,,-1.0,0,1991.0,C01,138Â 295Â 840,1.0,0.0,-1.0,1645546,0.0,7,,0.0,2.0,4.0,C01,138Â 295Â 840,1.0
964151,201900005682,6,24,17:50,1,2,1,1.0,5.0,54395,STRASBOURG (AVENUE DE),M,"48,6818400","6,1924900",54,2019,50.0,1.0,1.0,4.0,2155041,1.0,1,1,1,0.0,,-1.0,0,1991.0,C01,138Â 295Â 840,1.0,0.0,-1.0,1645547,0.0,33,,0.0,2.0,4.0,B01,138Â 295Â 841,0.0
964151,201900005682,6,24,17:50,1,2,1,1.0,5.0,54395,STRASBOURG (AVENUE DE),M,"48,6818400","6,1924900",54,2019,50.0,1.0,1.0,4.0,2155041,1.0,1,1,1,0.0,,-1.0,0,1991.0,C01,138Â 295Â 840,1.0,0.0,-1.0,1645548,0.0,7,,0.0,2.0,1.0,A01,138Â 295Â 842,1.0
964151,201900005682,6,24,17:50,1,2,1,1.0,5.0,54395,STRASBOURG (AVENUE DE),M,"48,6818400","6,1924900",54,2019,50.0,1.0,1.0,4.0,2155042,1.0,1,4,1,0.0,,-1.0,0,1987.0,B01,138Â 295Â 841,2.0,6.0,-1.0,1645546,0.0,7,,0.0,2.0,4.0,C01,138Â 295Â 840,1.0
964151,201900005682,6,24,17:50,1,2,1,1.0,5.0,54395,STRASBOURG (AVENUE DE),M,"48,6818400","6,1924900",54,2019,50.0,1.0,1.0,4.0,2155042,1.0,1,4,1,0.0,,-1.0,0,1987.0,B01,138Â 295Â 841,2.0,6.0,-1.0,1645547,0.0,33,,0.0,2.0,4.0,B01,138Â 295Â 841,0.0
964151,201900005682,6,24,17:50,1,2,1,1.0,5.0,54395,STRASBOURG (AVENUE DE),M,"48,6818400","6,1924900",54,2019,50.0,1.0,1.0,4.0,2155042,1.0,1,4,1,0.0,,-1.0,0,1987.0,B01,138Â 295Â 841,2.0,6.0,-1.0,1645548,0.0,7,,0.0,2.0,1.0,A01,138Â 295Â 842,1.0
964151,201900005682,6,24,17:50,1,2,1,1.0,5.0,54395,STRASBOURG (AVENUE DE),M,"48,6818400","6,1924900",54,2019,50.0,1.0,1.0,4.0,2155043,1.0,1,1,2,0.0,,-1.0,0,1992.0,A01,138Â 295Â 842,1.0,0.0,-1.0,1645546,0.0,7,,0.0,2.0,4.0,C01,138Â 295Â 840,1.0
964151,201900005682,6,24,17:50,1,2,1,1.0,5.0,54395,STRASBOURG (AVENUE DE),M,"48,6818400","6,1924900",54,2019,50.0,1.0,1.0,4.0,2155043,1.0,1,1,2,0.0,,-1.0,0,1992.0,A01,138Â 295Â 842,1.0,0.0,-1.0,1645547,0.0,33,,0.0,2.0,4.0,B01,138Â 295Â 841,0.0
964151,201900005682,6,24,17:50,1,2,1,1.0,5.0,54395,STRASBOURG (AVENUE DE),M,"48,6818400","6,1924900",54,2019,50.0,1.0,1.0,4.0,2155043,1.0,1,1,2,0.0,,-1.0,0,1992.0,A01,138Â 295Â 842,1.0,0.0,-1.0,1645548,0.0,7,,0.0,2.0,1.0,A01,138Â 295Â 842,1.0
964152,201900005683,6,26,10:55,1,1,6,1.0,2.0,54184,RD83,M,"48,7107500","6,2430300",54,2019,50.0,1.0,1.0,3.0,2155044,1.0,1,4,1,0.0,,-1.0,0,2001.0,A01,138Â 295Â 838,2.0,0.0,-1.0,1645549,2.0,32,,0.0,2.0,1.0,A01,138Â 295Â 838,1.0
964152,201900005683,6,26,10:55,1,1,6,1.0,2.0,54184,RD83,M,"48,7107500","6,2430300",54,2019,50.0,1.0,1.0,3.0,2155044,1.0,1,4,1,0.0,,-1.0,0,2001.0,A01,138Â 295Â 838,2.0,0.0,-1.0,1645550,2.0,7,,0.0,2.0,6.0,B01,138Â 295Â 839,1.0
964152,201900005683,6,26,10:55,1,1,6,1.0,2.0,54184,RD83,M,"48,7107500","6,2430300",54,2019,50.0,1.0,1.0,3.0,2155045,1.0,1,1,1,0.0,,-1.0,0,1986.0,B01,138Â 295Â 839,1.0,0.0,-1.0,1645549,2.0,32,,0.0,2.0,1.0,A01,138Â 295Â 838,1.0
964152,201900005683,6,26,10:55,1,1,6,1.0,2.0,54184,RD83,M,"48,7107500","6,2430300",54,2019,50.0,1.0,1.0,3.0,2155045,1.0,1,1,1,0.0,,-1.0,0,1986.0,B01,138Â 295Â 839,1.0,0.0,-1.0,1645550,2.0,7,,0.0,2.0,6.0,B01,138Â 295Â 839,1.0
964153,201900005684,7,2,17:20,1,2,1,1.0,7.0,54274,BIZET (RUE GEORGES),M,"48,6735290","6,2057060",54,2019,30.0,1.0,1.0,4.0,2155046,10.0,3,4,1,9.0,,9.0,3,2002.0,A01,138Â 295Â 837,8.0,0.0,-1.0,1645551,1.0,7,,0.0,1.0,5.0,A01,138Â 295Â 837,1.0
964153,201900005684,7,2,17:20,1,2,1,1.0,7.0,54274,BIZET (RUE GEORGES),M,"48,6735290","6,2057060",54,2019,30.0,1.0,1.0,4.0,2155047,1.0,1,1,1,9.0,,-1.0,0,1954.0,A01,138Â 295Â 837,1.0,0.0,-1.0,1645551,1.0,7,,0.0,1.0,5.0,A01,138Â 295Â 837,1.0
964154,201900005685,6,7,16:25,1,2,3,1.0,3.0,54395,ARC ( RUE JEANNE D'N,M,"48,6851000","6,1723200",54,2019,30.0,1.0,1.0,4.0,2155048,1.0,1,4,2,0.0,,-1.0,0,1974.0,A01,138Â 295Â 835,8.0,0.0,-1.0,1645552,0.0,1,,0.0,2.0,1.0,A01,138Â 295Â 835,5.0
964154,201900005685,6,7,16:25,1,2,3,1.0,3.0,54395,ARC ( RUE JEANNE D'N,M,"48,6851000","6,1723200",54,2019,30.0,1.0,1.0,4.0,2155048,1.0,1,4,2,0.0,,-1.0,0,1974.0,A01,138Â 295Â 835,8.0,0.0,-1.0,1645553,0.0,7,,0.0,2.0,0.0,B01,138Â 295Â 836,1.0
964154,201900005685,6,7,16:25,1,2,3,1.0,3.0,54395,ARC ( RUE JEANNE D'N,M,"48,6851000","6,1723200",54,2019,30.0,1.0,1.0,4.0,2155049,1.0,1,1,2,9.0,,-1.0,0,1998.0,B01,138Â 295Â 836,1.0,0.0,-1.0,1645552,0.0,1,,0.0,2.0,1.0,A01,138Â 295Â 835,5.0
964154,201900005685,6,7,16:25,1,2,3,1.0,3.0,54395,ARC ( RUE JEANNE D'N,M,"48,6851000","6,1723200",54,2019,30.0,1.0,1.0,4.0,2155049,1.0,1,1,2,9.0,,-1.0,0,1998.0,B01,138Â 295Â 836,1.0,0.0,-1.0,1645553,0.0,7,,0.0,2.0,0.0,B01,138Â 295Â 836,1.0
964155,201900005686,6,22,19:20,1,2,1,1.0,3.0,54304,RESISTANCE (AV. DE LA -IMPAIR-),M,"48,6946500","6,1284100",54,2019,50.0,1.0,1.0,4.0,2155050,1.0,1,1,1,9.0,,-1.0,0,1977.0,A01,138Â 295Â 833,1.0,0.0,-1.0,1645554,1.0,7,,0.0,9.0,2.0,A01,138Â 295Â 833,1.0
964155,201900005686,6,22,19:20,1,2,1,1.0,3.0,54304,RESISTANCE (AV. DE LA -IMPAIR-),M,"48,6946500","6,1284100",54,2019,50.0,1.0,1.0,4.0,2155050,1.0,1,1,1,9.0,,-1.0,0,1977.0,A01,138Â 295Â 833,1.0,0.0,-1.0,1645555,1.0,33,,0.0,2.0,1.0,B01,138Â 295Â 834,1.0
964155,201900005686,6,22,19:20,1,2,1,1.0,3.0,54304,RESISTANCE (AV. DE LA -IMPAIR-),M,"48,6946500","6,1284100",54,2019,50.0,1.0,1.0,4.0,2155051,2.0,2,1,2,0.0,,-1.0,0,1956.0,A01,138Â 295Â 833,1.0,0.0,-1.0,1645554,1.0,7,,0.0,9.0,2.0,A01,138Â 295Â 833,1.0
964155,201900005686,6,22,19:20,1,2,1,1.0,3.0,54304,RESISTANCE (AV. DE LA -IMPAIR-),M,"48,6946500","6,1284100",54,2019,50.0,1.0,1.0,4.0,2155051,2.0,2,1,2,0.0,,-1.0,0,1956.0,A01,138Â 295Â 833,1.0,0.0,-1.0,1645555,1.0,33,,0.0,2.0,1.0,B01,138Â 295Â 834,1.0
964155,201900005686,6,22,19:20,1,2,1,1.0,3.0,54304,RESISTANCE (AV. DE LA -IMPAIR-),M,"48,6946500","6,1284100",54,2019,50.0,1.0,1.0,4.0,2155052,1.0,1,4,1,9.0,,-1.0,0,1996.0,B01,138Â 295Â 834,2.0,6.0,-1.0,1645554,1.0,7,,0.0,9.0,2.0,A01,138Â 295Â 833,1.0
964155,201900005686,6,22,19:20,1,2,1,1.0,3.0,54304,RESISTANCE (AV. DE LA -IMPAIR-),M,"48,6946500","6,1284100",54,2019,50.0,1.0,1.0,4.0,2155052,1.0,1,4,1,9.0,,-1.0,0,1996.0,B01,138Â 295Â 834,2.0,6.0,-1.0,1645555,1.0,33,,0.0,2.0,1.0,B01,138Â 295Â 834,1.0
964156,201900005687,6,18,07:30,1,2,2,1.0,7.0,54395,SENN (RUE DU RECTEUR),M,"48,6835100","6,1878000",54,2019,50.0,1.0,1.0,4.0,2155053,1.0,1,1,1,9.0,,-1.0,0,1996.0,A01,138Â 295Â 832,1.0,0.0,-1.0,1645556,1.0,7,,0.0,1.0,2.0,A01,138Â 295Â 832,1.0
964156,201900005687,6,18,07:30,1,2,2,1.0,7.0,54395,SENN (RUE DU RECTEUR),M,"48,6835100","6,1878000",54,2019,50.0,1.0,1.0,4.0,2155054,10.0,3,4,2,0.0,,3.0,3,1945.0,A01,138Â 295Â 832,8.0,0.0,-1.0,1645556,1.0,7,,0.0,1.0,2.0,A01,138Â 295Â 832,1.0
964157,201900005688,6,26,11:31,1,2,2,1.0,7.0,54395,FAUBOURG DES TROIS MAISONS (RUE DU),M,"48,7027700","6,1751900",54,2019,50.0,1.0,1.0,4.0,2155055,10.0,3,4,2,9.0,,4.0,3,1952.0,A01,138Â 295Â 831,8.0,0.0,-1.0,1645557,1.0,7,,0.0,1.0,3.0,A01,138Â 295Â 831,1.0
964157,201900005688,6,26,11:31,1,2,2,1.0,7.0,54395,FAUBOURG DES TROIS MAISONS (RUE DU),M,"48,7027700","6,1751900",54,2019,50.0,1.0,1.0,4.0,2155056,1.0,1,1,1,9.0,,-1.0,0,1972.0,A01,138Â 295Â 831,1.0,0.0,-1.0,1645557,1.0,7,,0.0,1.0,3.0,A01,138Â 295Â 831,1.0
964158,201900005689,6,4,07:43,1,2,6,1.0,2.0,54184,BRIGACHTAL (AVENUE DE),M,"48,7082400","6,2435800",54,2019,50.0,1.0,1.0,4.0,2155057,1.0,1,4,1,0.0,,-1.0,0,2002.0,A01,138Â 295Â 829,2.0,-1.0,-1.0,1645558,1.0,32,,0.0,2.0,0.0,A01,138Â 295Â 829,1.0
964158,201900005689,6,4,07:43,1,2,6,1.0,2.0,54184,BRIGACHTAL (AVENUE DE),M,"48,7082400","6,2435800",54,2019,50.0,1.0,1.0,4.0,2155057,1.0,1,4,1,0.0,,-1.0,0,2002.0,A01,138Â 295Â 829,2.0,-1.0,-1.0,1645559,1.0,15,,0.0,2.0,0.0,B01,138Â 295Â 830,1.0
964158,201900005689,6,4,07:43,1,2,6,1.0,2.0,54184,BRIGACHTAL (AVENUE DE),M,"48,7082400","6,2435800",54,2019,50.0,1.0,1.0,4.0,2155058,1.0,1,1,1,0.0,,-1.0,0,1960.0,B01,138Â 295Â 830,1.0,-1.0,-1.0,1645558,1.0,32,,0.0,2.0,0.0,A01,138Â 295Â 829,1.0
964158,201900005689,6,4,07:43,1,2,6,1.0,2.0,54184,BRIGACHTAL (AVENUE DE),M,"48,7082400","6,2435800",54,2019,50.0,1.0,1.0,4.0,2155058,1.0,1,1,1,0.0,,-1.0,0,1960.0,B01,138Â 295Â 830,1.0,-1.0,-1.0,1645559,1.0,15,,0.0,2.0,0.0,B01,138Â 295Â 830,1.0
964159,201900005690,7,7,13:20,1,2,1,1.0,6.0,52448,ETATS UNIS (AVENUE DES) PAIR,M,"48,6359300","4,9671400",52,2019,50.0,1.0,1.0,3.0,2155059,1.0,1,3,1,0.0,,-1.0, -1,2004.0,A01,138Â 295Â 828,2.0,0.0,-1.0,1645560,3.0,30,,1.0,0.0,1.0,A01,138Â 295Â 828,1.0
964160,201900005691,7,5,18:08,1,2,2,1.0,3.0,52121,ROSTAND (RUE EDMOND),M,"48,0992000","5,1491600",52,2019,50.0,1.0,1.0,4.0,2155060,1.0,1,1,2,5.0,,-1.0, -1,1987.0,A01,138Â 295Â 826,1.0,0.0,-1.0,1645561,1.0,7,,0.0,2.0,7.0,A01,138Â 295Â 826,1.0
964160,201900005691,7,5,18:08,1,2,2,1.0,3.0,52121,ROSTAND (RUE EDMOND),M,"48,0992000","5,1491600",52,2019,50.0,1.0,1.0,4.0,2155060,1.0,1,1,2,5.0,,-1.0, -1,1987.0,A01,138Â 295Â 826,1.0,0.0,-1.0,1645562,2.0,7,,0.0,2.0,1.0,B01,138Â 295Â 827,1.0
964160,201900005691,7,5,18:08,1,2,2,1.0,3.0,52121,ROSTAND (RUE EDMOND),M,"48,0992000","5,1491600",52,2019,50.0,1.0,1.0,4.0,2155061,1.0,1,4,1,5.0,,-1.0, -1,1976.0,B01,138Â 295Â 827,1.0,0.0,-1.0,1645561,1.0,7,,0.0,2.0,7.0,A01,138Â 295Â 826,1.0
964160,201900005691,7,5,18:08,1,2,2,1.0,3.0,52121,ROSTAND (RUE EDMOND),M,"48,0992000","5,1491600",52,2019,50.0,1.0,1.0,4.0,2155061,1.0,1,4,1,5.0,,-1.0, -1,1976.0,B01,138Â 295Â 827,1.0,0.0,-1.0,1645562,2.0,7,,0.0,2.0,1.0,B01,138Â 295Â 827,1.0
964160,201900005691,7,5,18:08,1,2,2,1.0,3.0,52121,ROSTAND (RUE EDMOND),M,"48,0992000","5,1491600",52,2019,50.0,1.0,1.0,4.0,2155062,2.0,2,4,2,5.0,,-1.0, -1,1967.0,B01,138Â 295Â 827,1.0,0.0,-1.0,1645561,1.0,7,,0.0,2.0,7.0,A01,138Â 295Â 826,1.0
964160,201900005691,7,5,18:08,1,2,2,1.0,3.0,52121,ROSTAND (RUE EDMOND),M,"48,0992000","5,1491600",52,2019,50.0,1.0,1.0,4.0,2155062,2.0,2,4,2,5.0,,-1.0, -1,1967.0,B01,138Â 295Â 827,1.0,0.0,-1.0,1645562,2.0,7,,0.0,2.0,1.0,B01,138Â 295Â 827,1.0
964161,201900005692,7,6,17:45,1,2,1,1.0,1.0,49328,ROCADE N 347,M,"47,2595400"," -0,0973900",49,2019,80.0,1.0,1.0,3.0,2155063,1.0,1,3,1,5.0,,-1.0,0,1972.0,B01,138Â 295Â 824,2.0,6.0,-1.0,1645563,1.0,33,,0.0,2.0,3.0,B01,138Â 295Â 824,1.0
964161,201900005692,7,6,17:45,1,2,1,1.0,1.0,49328,ROCADE N 347,M,"47,2595400"," -0,0973900",49,2019,80.0,1.0,1.0,3.0,2155063,1.0,1,3,1,5.0,,-1.0,0,1972.0,B01,138Â 295Â 824,2.0,6.0,-1.0,1645564,2.0,7,,0.0,2.0,3.0,A01,138Â 295Â 825,1.0
964161,201900005692,7,6,17:45,1,2,1,1.0,1.0,49328,ROCADE N 347,M,"47,2595400"," -0,0973900",49,2019,80.0,1.0,1.0,3.0,2155064,2.0,2,4,2,0.0,,-1.0,0,2003.0,A01,138Â 295Â 825,1.0,0.0,-1.0,1645563,1.0,33,,0.0,2.0,3.0,B01,138Â 295Â 824,1.0
964161,201900005692,7,6,17:45,1,2,1,1.0,1.0,49328,ROCADE N 347,M,"47,2595400"," -0,0973900",49,2019,80.0,1.0,1.0,3.0,2155064,2.0,2,4,2,0.0,,-1.0,0,2003.0,A01,138Â 295Â 825,1.0,0.0,-1.0,1645564,2.0,7,,0.0,2.0,3.0,A01,138Â 295Â 825,1.0
964161,201900005692,7,6,17:45,1,2,1,1.0,1.0,49328,ROCADE N 347,M,"47,2595400"," -0,0973900",49,2019,80.0,1.0,1.0,3.0,2155065,1.0,1,4,1,5.0,,-1.0,0,2000.0,A01,138Â 295Â 825,1.0,0.0,-1.0,1645563,1.0,33,,0.0,2.0,3.0,B01,138Â 295Â 824,1.0
964161,201900005692,7,6,17:45,1,2,1,1.0,1.0,49328,ROCADE N 347,M,"47,2595400"," -0,0973900",49,2019,80.0,1.0,1.0,3.0,2155065,1.0,1,4,1,5.0,,-1.0,0,2000.0,A01,138Â 295Â 825,1.0,0.0,-1.0,1645564,2.0,7,,0.0,2.0,3.0,A01,138Â 295Â 825,1.0
964162,201900005693,7,5,06:45,4,2,1,1.0,3.0,49353,JEAN JAURES RUE,M,"47,4428300"," -0,4959000",49,2019,50.0,1.0,1.0,4.0,2155066,5.0,2,4,2,0.0,,-1.0,0,1998.0,A01,138Â 295Â 822,1.0,0.0,-1.0,1645565,1.0,7,,0.0,2.0,1.0,A01,138Â 295Â 822,1.0
964162,201900005693,7,5,06:45,4,2,1,1.0,3.0,49353,JEAN JAURES RUE,M,"47,4428300"," -0,4959000",49,2019,50.0,1.0,1.0,4.0,2155066,5.0,2,4,2,0.0,,-1.0,0,1998.0,A01,138Â 295Â 822,1.0,0.0,-1.0,1645566,1.0,7,,0.0,2.0,2.0,B01,138Â 295Â 823,1.0
964162,201900005693,7,5,06:45,4,2,1,1.0,3.0,49353,JEAN JAURES RUE,M,"47,4428300"," -0,4959000",49,2019,50.0,1.0,1.0,4.0,2155067,2.0,2,1,2,0.0,,-1.0,0,1999.0,A01,138Â 295Â 822,1.0,0.0,-1.0,1645565,1.0,7,,0.0,2.0,1.0,A01,138Â 295Â 822,1.0
964162,201900005693,7,5,06:45,4,2,1,1.0,3.0,49353,JEAN JAURES RUE,M,"47,4428300"," -0,4959000",49,2019,50.0,1.0,1.0,4.0,2155067,2.0,2,1,2,0.0,,-1.0,0,1999.0,A01,138Â 295Â 822,1.0,0.0,-1.0,1645566,1.0,7,,0.0,2.0,2.0,B01,138Â 295Â 823,1.0
964162,201900005693,7,5,06:45,4,2,1,1.0,3.0,49353,JEAN JAURES RUE,M,"47,4428300"," -0,4959000",49,2019,50.0,1.0,1.0,4.0,2155068,1.0,1,1,1,0.0,,-1.0,0,1995.0,A01,138Â 295Â 822,1.0,8.0,-1.0,1645565,1.0,7,,0.0,2.0,1.0,A01,138Â 295Â 822,1.0
964162,201900005693,7,5,06:45,4,2,1,1.0,3.0,49353,JEAN JAURES RUE,M,"47,4428300"," -0,4959000",49,2019,50.0,1.0,1.0,4.0,2155068,1.0,1,1,1,0.0,,-1.0,0,1995.0,A01,138Â 295Â 822,1.0,8.0,-1.0,1645566,1.0,7,,0.0,2.0,2.0,B01,138Â 295Â 823,1.0
964162,201900005693,7,5,06:45,4,2,1,1.0,3.0,49353,JEAN JAURES RUE,M,"47,4428300"," -0,4959000",49,2019,50.0,1.0,1.0,4.0,2155069,1.0,1,4,1,0.0,,-1.0,0,1995.0,B01,138Â 295Â 823,1.0,0.0,-1.0,1645565,1.0,7,,0.0,2.0,1.0,A01,138Â 295Â 822,1.0
964162,201900005693,7,5,06:45,4,2,1,1.0,3.0,49353,JEAN JAURES RUE,M,"47,4428300"," -0,4959000",49,2019,50.0,1.0,1.0,4.0,2155069,1.0,1,4,1,0.0,,-1.0,0,1995.0,B01,138Â 295Â 823,1.0,0.0,-1.0,1645566,1.0,7,,0.0,2.0,2.0,B01,138Â 295Â 823,1.0
964163,201900005694,7,7,23:15,5,2,1,1.0,6.0,49007,POISSONNERIE,M,"47,4729300"," -0,5559700",49,2019,50.0,1.0,1.0,4.0,2155070,1.0,1,1,1,0.0,,-1.0,0,1993.0,A01,138Â 295Â 820,8.0,0.0,-1.0,1645567,1.0,7,,0.0,0.0,8.0,A01,138Â 295Â 820,1.0
964163,201900005694,7,7,23:15,5,2,1,1.0,6.0,49007,POISSONNERIE,M,"47,4729300"," -0,5559700",49,2019,50.0,1.0,1.0,4.0,2155070,1.0,1,1,1,0.0,,-1.0,0,1993.0,A01,138Â 295Â 820,8.0,0.0,-1.0,1645568,1.0,1,,1.0,0.0,1.0,B01,138Â 295Â 821,5.0
964163,201900005694,7,7,23:15,5,2,1,1.0,6.0,49007,POISSONNERIE,M,"47,4729300"," -0,5559700",49,2019,50.0,1.0,1.0,4.0,2155071,1.0,1,4,1,0.0,,-1.0,0,1979.0,B01,138Â 295Â 821,8.0,0.0,-1.0,1645567,1.0,7,,0.0,0.0,8.0,A01,138Â 295Â 820,1.0
964163,201900005694,7,7,23:15,5,2,1,1.0,6.0,49007,POISSONNERIE,M,"47,4729300"," -0,5559700",49,2019,50.0,1.0,1.0,4.0,2155071,1.0,1,4,1,0.0,,-1.0,0,1979.0,B01,138Â 295Â 821,8.0,0.0,-1.0,1645568,1.0,1,,1.0,0.0,1.0,B01,138Â 295Â 821,5.0
964164,201900005695,7,6,20:50,2,2,1,1.0,7.0,49015,MENDES FRANCE AVENUE PIERRE,M,"47,5025000"," -0,5857500",49,2019,50.0,1.0,1.0,4.0,2155072,1.0,1,4,1,0.0,,-1.0,0,1986.0,A01,138Â 295Â 819,8.0,0.0,-1.0,1645569,1.0,1,,0.0,0.0,0.0,A01,138Â 295Â 819,5.0
964165,201900005696,7,5,20:13,1,2,1,7.0,6.0,47201,GAMBETTA (RUE),M,"44,1993500","0,5998400",47,2019,50.0,1.0,1.0,4.0,2155073,1.0,1,3,1,5.0,,-1.0, -1,1934.0,A01,138Â 295Â 818,1.0,0.0,-1.0,1645570,1.0,7,,1.0,0.0,2.0,A01,138Â 295Â 818,1.0
964166,201900005697,7,8,13:10,1,2,1,1.0,3.0,45147,RUE DES FOSSES,M,"47,9253620","1,9225670",45,2019,50.0,1.0,1.0,4.0,2155074,1.0,1,4,2,1.0,,0.0,0,1973.0,B01,138Â 295Â 816,1.0,0.0,-1.0,1645571,2.0,7,,0.0,2.0,5.0,B01,138Â 295Â 816,0.0
964166,201900005697,7,8,13:10,1,2,1,1.0,3.0,45147,RUE DES FOSSES,M,"47,9253620","1,9225670",45,2019,50.0,1.0,1.0,4.0,2155074,1.0,1,4,2,1.0,,0.0,0,1973.0,B01,138Â 295Â 816,1.0,0.0,-1.0,1645572,2.0,1,,0.0,0.0,0.0,A01,138Â 295Â 817,0.0
964167,201900005698,7,6,20:30,1,2,1,1.0,7.0,45068,RUE DU GUE AUX BICHES,M,"48,0213930","2,7246810",45,2019,50.0,1.0,1.0,4.0,2155075,1.0,1,4,1,0.0,,0.0,0,1991.0,A01,138Â 295Â 815,8.0,0.0,-1.0,1645573,0.0,1,,0.0,0.0,0.0,A01,138Â 295Â 815,5.0
964168,201900005699,7,6,18:30,1,2,1,1.0,1.0,44184,rue henri gautier,M,"47,2789990"," -2,2048340",44,2019,50.0,1.0,1.0,4.0,2155076,2.0,2,4,2,5.0,,-1.0,0,2002.0,B01,138Â 295Â 813,2.0,0.0,-1.0,1645574,3.0,2,,0.0,2.0,3.0,B01,138Â 295Â 813,1.0
964168,201900005699,7,6,18:30,1,2,1,1.0,1.0,44184,rue henri gautier,M,"47,2789990"," -2,2048340",44,2019,50.0,1.0,1.0,4.0,2155076,2.0,2,4,2,5.0,,-1.0,0,2002.0,B01,138Â 295Â 813,2.0,0.0,-1.0,1645575,3.0,7,,0.0,2.0,6.0,A01,138Â 295Â 814,1.0
964168,201900005699,7,6,18:30,1,2,1,1.0,1.0,44184,rue henri gautier,M,"47,2789990"," -2,2048340",44,2019,50.0,1.0,1.0,4.0,2155077,1.0,1,4,1,5.0,,-1.0,0,2001.0,B01,138Â 295Â 813,2.0,6.0,-1.0,1645574,3.0,2,,0.0,2.0,3.0,B01,138Â 295Â 813,1.0
964168,201900005699,7,6,18:30,1,2,1,1.0,1.0,44184,rue henri gautier,M,"47,2789990"," -2,2048340",44,2019,50.0,1.0,1.0,4.0,2155077,1.0,1,4,1,5.0,,-1.0,0,2001.0,B01,138Â 295Â 813,2.0,6.0,-1.0,1645575,3.0,7,,0.0,2.0,6.0,A01,138Â 295Â 814,1.0
964168,201900005699,7,6,18:30,1,2,1,1.0,1.0,44184,rue henri gautier,M,"47,2789990"," -2,2048340",44,2019,50.0,1.0,1.0,4.0,2155078,1.0,1,1,1,3.0,,-1.0,0,1967.0,A01,138Â 295Â 814,1.0,0.0,-1.0,1645574,3.0,2,,0.0,2.0,3.0,B01,138Â 295Â 813,1.0