Unnamed: 0_x,num_acc,mois,jour,hrmn,lum,agg,int,atm,col,com,adr,gps,lat,long,dep,annee,vma,situ,surf,catr,Unnamed: 0_y,place,catu,grav,sexe,trajet,secu,locp,actp,an_nais,num_veh_x,id_vehicule_x,secu1,secu2,secu3,Unnamed: 0,senc,catv,occutc,obs,obsm,choc,num_veh_y,id_vehicule_y,motor
964168,201900005699,7,6,18:30,1,2,1,1.0,1.0,44184,rue henri gautier,M,"47,2789990"," -2,2048340",44,2019,50.0,1.0,1.0,4.0,2155078,1.0,1,1,1,3.0,,-1.0,0,1967.0,A01,138Â 295Â 814,1.0,0.0,-1.0,1645575,3.0,7,,0.0,2.0,6.0,A01,138Â 295Â 814,1.0
964169,201900005700,7,5,21:30,1,2,3,1.0,3.0,44184,RUE RENÃ GUILLOUZO / PLACE DU COMMERCE ,M,"47,2812000"," -2,2140600",44,2019,30.0,1.0,1.0,4.0,2155079,1.0,1,4,1,5.0,,0.0,0,1999.0,A01,138Â 295Â 811,1.0,8.0,-1.0,1645576,1.0,7,,8.0,2.0,1.0,A01,138Â 295Â 811,1.0
964169,201900005700,7,5,21:30,1,2,3,1.0,3.0,44184,RUE RENÃ GUILLOUZO / PLACE DU COMMERCE ,M,"47,2812000"," -2,2140600",44,2019,30.0,1.0,1.0,4.0,2155079,1.0,1,4,1,5.0,,0.0,0,1999.0,A01,138Â 295Â 811,1.0,8.0,-1.0,1645577,1.0,7,,1.0,2.0,1.0,B01,138Â 295Â 812,1.0
964169,201900005700,7,5,21:30,1,2,3,1.0,3.0,44184,RUE RENÃ GUILLOUZO / PLACE DU COMMERCE ,M,"47,2812000"," -2,2140600",44,2019,30.0,1.0,1.0,4.0,2155080,1.0,1,4,1,5.0,,0.0,0,1998.0,B01,138Â 295Â 812,1.0,0.0,-1.0,1645576,1.0,7,,8.0,2.0,1.0,A01,138Â 295Â 811,1.0
964169,201900005700,7,5,21:30,1,2,3,1.0,3.0,44184,RUE RENÃ GUILLOUZO / PLACE DU COMMERCE ,M,"47,2812000"," -2,2140600",44,2019,30.0,1.0,1.0,4.0,2155080,1.0,1,4,1,5.0,,0.0,0,1998.0,B01,138Â 295Â 812,1.0,0.0,-1.0,1645577,1.0,7,,1.0,2.0,1.0,B01,138Â 295Â 812,1.0
964170,201900005701,7,6,13:50,1,1,1,1.0,2.0,41295,,M,"47,5842800","1,3648100",41,2019,70.0,3.0,1.0,3.0,2155081,1.0,1,3,1,1.0,,0.0, -1,1973.0,A01,138Â 295Â 810,2.0,6.0,-1.0,1645578,1.0,99,,0.0,2.0,1.0,Y01,138Â 295Â 809,6.0
964170,201900005701,7,6,13:50,1,1,1,1.0,2.0,41295,,M,"47,5842800","1,3648100",41,2019,70.0,3.0,1.0,3.0,2155081,1.0,1,3,1,1.0,,0.0, -1,1973.0,A01,138Â 295Â 810,2.0,6.0,-1.0,1645579,1.0,33,,0.0,2.0,1.0,A01,138Â 295Â 810,1.0
964171,201900005702,7,2,09:15,1,2,1,1.0,3.0,39300,BERCAILLE (RUE),M,"46,6920260","5,5588080",39,2019,50.0,1.0,1.0,4.0,2155082,1.0,1,1,1,1.0,,-1.0,0,1952.0,B01,138Â 295Â 807,1.0,8.0,-1.0,1645580,3.0,37,1.0,0.0,2.0,3.0,B01,138Â 295Â 807,1.0
964171,201900005702,7,2,09:15,1,2,1,1.0,3.0,39300,BERCAILLE (RUE),M,"46,6920260","5,5588080",39,2019,50.0,1.0,1.0,4.0,2155082,1.0,1,1,1,1.0,,-1.0,0,1952.0,B01,138Â 295Â 807,1.0,8.0,-1.0,1645581,3.0,31,,0.0,2.0,1.0,A01,138Â 295Â 808,1.0
964171,201900005702,7,2,09:15,1,2,1,1.0,3.0,39300,BERCAILLE (RUE),M,"46,6920260","5,5588080",39,2019,50.0,1.0,1.0,4.0,2155083,1.0,1,3,1,5.0,,-1.0,0,1952.0,A01,138Â 295Â 808,2.0,8.0,-1.0,1645580,3.0,37,1.0,0.0,2.0,3.0,B01,138Â 295Â 807,1.0
964171,201900005702,7,2,09:15,1,2,1,1.0,3.0,39300,BERCAILLE (RUE),M,"46,6920260","5,5588080",39,2019,50.0,1.0,1.0,4.0,2155083,1.0,1,3,1,5.0,,-1.0,0,1952.0,A01,138Â 295Â 808,2.0,8.0,-1.0,1645581,3.0,31,,0.0,2.0,1.0,A01,138Â 295Â 808,1.0
964172,201900005703,7,8,07:15,1,2,2,1.0,6.0,38421,GRIMAU (RUE J.),M,"45,1858550","5,7612710",38,2019,30.0,1.0,1.0,4.0,2155084,1.0,1,1,1,0.0,,0.0,0,1971.0,A01,138Â 295Â 806,1.0,0.0,-1.0,1645582,3.0,10,,0.0,1.0,7.0,A01,138Â 295Â 806,1.0
964172,201900005703,7,8,07:15,1,2,2,1.0,6.0,38421,GRIMAU (RUE J.),M,"45,1858550","5,7612710",38,2019,30.0,1.0,1.0,4.0,2155085,10.0,3,3,2,0.0,,4.0,3,1943.0,A01,138Â 295Â 806,8.0,0.0,-1.0,1645582,3.0,10,,0.0,1.0,7.0,A01,138Â 295Â 806,1.0
964173,201900005704,7,8,15:55,1,2,9,1.0,2.0,37261,PROUDHON (AVENUE),M,"47,3947333","0,6704678",37,2019,50.0,1.0,1.0,4.0,2155086,2.0,2,4,2,0.0,,-1.0,0,1950.0,B01,138Â 295Â 804,1.0,0.0,-1.0,1645583,3.0,7,,0.0,2.0,4.0,B01,138Â 295Â 804,1.0
964173,201900005704,7,8,15:55,1,2,9,1.0,2.0,37261,PROUDHON (AVENUE),M,"47,3947333","0,6704678",37,2019,50.0,1.0,1.0,4.0,2155086,2.0,2,4,2,0.0,,-1.0,0,1950.0,B01,138Â 295Â 804,1.0,0.0,-1.0,1645584,3.0,7,,0.0,2.0,1.0,A01,138Â 295Â 805,1.0
964173,201900005704,7,8,15:55,1,2,9,1.0,2.0,37261,PROUDHON (AVENUE),M,"47,3947333","0,6704678",37,2019,50.0,1.0,1.0,4.0,2155087,1.0,1,1,1,5.0,,-1.0,0,1951.0,B01,138Â 295Â 804,1.0,0.0,-1.0,1645583,3.0,7,,0.0,2.0,4.0,B01,138Â 295Â 804,1.0
964173,201900005704,7,8,15:55,1,2,9,1.0,2.0,37261,PROUDHON (AVENUE),M,"47,3947333","0,6704678",37,2019,50.0,1.0,1.0,4.0,2155087,1.0,1,1,1,5.0,,-1.0,0,1951.0,B01,138Â 295Â 804,1.0,0.0,-1.0,1645584,3.0,7,,0.0,2.0,1.0,A01,138Â 295Â 805,1.0
964173,201900005704,7,8,15:55,1,2,9,1.0,2.0,37261,PROUDHON (AVENUE),M,"47,3947333","0,6704678",37,2019,50.0,1.0,1.0,4.0,2155088,1.0,1,1,1,1.0,,-1.0,0,1971.0,A01,138Â 295Â 805,1.0,0.0,-1.0,1645583,3.0,7,,0.0,2.0,4.0,B01,138Â 295Â 804,1.0
964173,201900005704,7,8,15:55,1,2,9,1.0,2.0,37261,PROUDHON (AVENUE),M,"47,3947333","0,6704678",37,2019,50.0,1.0,1.0,4.0,2155088,1.0,1,1,1,1.0,,-1.0,0,1971.0,A01,138Â 295Â 805,1.0,0.0,-1.0,1645584,3.0,7,,0.0,2.0,1.0,A01,138Â 295Â 805,1.0
964174,201900005705,7,8,14:03,1,2,1,1.0,3.0,37261,BUFFON (RUE),M,"47,3933953","0,6906165",37,2019,50.0,1.0,1.0,4.0,2155089,2.0,2,1,2,1.0,,-1.0,0,2000.0,A01,138Â 295Â 802,1.0,0.0,-1.0,1645585,2.0,7,,0.0,2.0,2.0,A01,138Â 295Â 802,1.0
964174,201900005705,7,8,14:03,1,2,1,1.0,3.0,37261,BUFFON (RUE),M,"47,3933953","0,6906165",37,2019,50.0,1.0,1.0,4.0,2155089,2.0,2,1,2,1.0,,-1.0,0,2000.0,A01,138Â 295Â 802,1.0,0.0,-1.0,1645586,2.0,1,,0.0,2.0,1.0,B01,138Â 295Â 803,5.0
964174,201900005705,7,8,14:03,1,2,1,1.0,3.0,37261,BUFFON (RUE),M,"47,3933953","0,6906165",37,2019,50.0,1.0,1.0,4.0,2155090,1.0,1,1,1,1.0,,-1.0,0,1965.0,A01,138Â 295Â 802,1.0,0.0,-1.0,1645585,2.0,7,,0.0,2.0,2.0,A01,138Â 295Â 802,1.0
964174,201900005705,7,8,14:03,1,2,1,1.0,3.0,37261,BUFFON (RUE),M,"47,3933953","0,6906165",37,2019,50.0,1.0,1.0,4.0,2155090,1.0,1,1,1,1.0,,-1.0,0,1965.0,A01,138Â 295Â 802,1.0,0.0,-1.0,1645586,2.0,1,,0.0,2.0,1.0,B01,138Â 295Â 803,5.0
964174,201900005705,7,8,14:03,1,2,1,1.0,3.0,37261,BUFFON (RUE),M,"47,3933953","0,6906165",37,2019,50.0,1.0,1.0,4.0,2155091,1.0,1,4,2,1.0,,-1.0,0,1985.0,B01,138Â 295Â 803,8.0,0.0,-1.0,1645585,2.0,7,,0.0,2.0,2.0,A01,138Â 295Â 802,1.0
964174,201900005705,7,8,14:03,1,2,1,1.0,3.0,37261,BUFFON (RUE),M,"47,3933953","0,6906165",37,2019,50.0,1.0,1.0,4.0,2155091,1.0,1,4,2,1.0,,-1.0,0,1985.0,B01,138Â 295Â 803,8.0,0.0,-1.0,1645586,2.0,1,,0.0,2.0,1.0,B01,138Â 295Â 803,5.0
964175,201900005706,7,8,06:50,1,2,6,1.0,2.0,37233,DUCLOS (AVENUE JACQUES),M,"47,3801100","0,7269400",37,2019,50.0,1.0,1.0,4.0,2155092,1.0,1,4,1,1.0,,-1.0,0,1990.0,B01,138Â 295Â 800,1.0,8.0,-1.0,1645587,1.0,7,,0.0,2.0,4.0,B01,138Â 295Â 800,1.0
964175,201900005706,7,8,06:50,1,2,6,1.0,2.0,37233,DUCLOS (AVENUE JACQUES),M,"47,3801100","0,7269400",37,2019,50.0,1.0,1.0,4.0,2155092,1.0,1,4,1,1.0,,-1.0,0,1990.0,B01,138Â 295Â 800,1.0,8.0,-1.0,1645588,1.0,7,,0.0,2.0,1.0,A01,138Â 295Â 801,1.0
964175,201900005706,7,8,06:50,1,2,6,1.0,2.0,37233,DUCLOS (AVENUE JACQUES),M,"47,3801100","0,7269400",37,2019,50.0,1.0,1.0,4.0,2155093,1.0,1,1,1,1.0,,-1.0,0,1997.0,A01,138Â 295Â 801,1.0,8.0,-1.0,1645587,1.0,7,,0.0,2.0,4.0,B01,138Â 295Â 800,1.0
964175,201900005706,7,8,06:50,1,2,6,1.0,2.0,37233,DUCLOS (AVENUE JACQUES),M,"47,3801100","0,7269400",37,2019,50.0,1.0,1.0,4.0,2155093,1.0,1,1,1,1.0,,-1.0,0,1997.0,A01,138Â 295Â 801,1.0,8.0,-1.0,1645588,1.0,7,,0.0,2.0,1.0,A01,138Â 295Â 801,1.0
964176,201900005707,7,5,13:25,1,2,1,1.0,3.0,36044,191 AVENUE DE VERDUN,M,"46,7997277","1,6976508",36,2019,50.0,1.0,1.0,4.0,2155094,1.0,1,1,1,4.0,,0.0,0,1950.0,B01,138Â 295Â 798,1.0,8.0,-1.0,1645589,2.0,7,,0.0,2.0,3.0,B01,138Â 295Â 798,1.0
964176,201900005707,7,5,13:25,1,2,1,1.0,3.0,36044,191 AVENUE DE VERDUN,M,"46,7997277","1,6976508",36,2019,50.0,1.0,1.0,4.0,2155094,1.0,1,1,1,4.0,,0.0,0,1950.0,B01,138Â 295Â 798,1.0,8.0,-1.0,1645590,2.0,31,,0.0,2.0,7.0,A01,138Â 295Â 799,1.0
964176,201900005707,7,5,13:25,1,2,1,1.0,3.0,36044,191 AVENUE DE VERDUN,M,"46,7997277","1,6976508",36,2019,50.0,1.0,1.0,4.0,2155095,1.0,1,3,1,9.0,,0.0,0,2001.0,A01,138Â 295Â 799,2.0,8.0,-1.0,1645589,2.0,7,,0.0,2.0,3.0,B01,138Â 295Â 798,1.0
964176,201900005707,7,5,13:25,1,2,1,1.0,3.0,36044,191 AVENUE DE VERDUN,M,"46,7997277","1,6976508",36,2019,50.0,1.0,1.0,4.0,2155095,1.0,1,3,1,9.0,,0.0,0,2001.0,A01,138Â 295Â 799,2.0,8.0,-1.0,1645590,2.0,31,,0.0,2.0,7.0,A01,138Â 295Â 799,1.0
964177,201900005708,7,5,06:10,2,2,1,1.0,6.0,36044,57 RUE DE NOTZ,M,"46,8027432","1,6881492",36,2019,50.0,1.0,1.0,4.0,2155096,1.0,1,3,1,9.0,,0.0,0,1972.0,A01,138Â 295Â 797,1.0,8.0,-1.0,1645591,2.0,3,,1.0,0.0,3.0,A01,138Â 295Â 797,1.0
964178,201900005709,7,8,08:55,1,2,1,1.0,6.0,35238,YSER (BD DE L'),M,"48,0919900"," -1,6730600",35,2019,50.0,1.0,1.0,4.0,2155097,10.0,3,4,2,1.0,,3.0,3,1995.0,A01,138Â 295Â 796,8.0,0.0,-1.0,1645592,1.0,7,,0.0,1.0,3.0,A01,138Â 295Â 796,1.0
964178,201900005709,7,8,08:55,1,2,1,1.0,6.0,35238,YSER (BD DE L'),M,"48,0919900"," -1,6730600",35,2019,50.0,1.0,1.0,4.0,2155098,1.0,1,1,1,1.0,,-1.0,0,1972.0,A01,138Â 295Â 796,1.0,0.0,-1.0,1645592,1.0,7,,0.0,1.0,3.0,A01,138Â 295Â 796,1.0
964179,201900005710,7,7,18:20,1,2,2,1.0,3.0,35238,SAINT-HELIER,M,"48,1069100"," -1,6707500",35,2019,30.0,1.0,1.0,4.0,2155099,1.0,1,1,1,9.0,,-1.0,0,1977.0,A01,138Â 295Â 794,8.0,0.0,-1.0,1645593,3.0,7,,0.0,2.0,7.0,A01,138Â 295Â 794,1.0
964179,201900005710,7,7,18:20,1,2,2,1.0,3.0,35238,SAINT-HELIER,M,"48,1069100"," -1,6707500",35,2019,30.0,1.0,1.0,4.0,2155099,1.0,1,1,1,9.0,,-1.0,0,1977.0,A01,138Â 295Â 794,8.0,0.0,-1.0,1645594,1.0,1,,0.0,2.0,7.0,B01,138Â 295Â 795,5.0
964179,201900005710,7,7,18:20,1,2,2,1.0,3.0,35238,SAINT-HELIER,M,"48,1069100"," -1,6707500",35,2019,30.0,1.0,1.0,4.0,2155100,1.0,1,4,2,5.0,,-1.0,0,1957.0,B01,138Â 295Â 795,2.0,0.0,-1.0,1645593,3.0,7,,0.0,2.0,7.0,A01,138Â 295Â 794,1.0
964179,201900005710,7,7,18:20,1,2,2,1.0,3.0,35238,SAINT-HELIER,M,"48,1069100"," -1,6707500",35,2019,30.0,1.0,1.0,4.0,2155100,1.0,1,4,2,5.0,,-1.0,0,1957.0,B01,138Â 295Â 795,2.0,0.0,-1.0,1645594,1.0,1,,0.0,2.0,7.0,B01,138Â 295Â 795,5.0
964180,201900005711,7,7,17:10,1,2,4,1.0,6.0,35238,PERRIN (JEAN),M,"48,0966400"," -1,7109800",35,2019,30.0,1.0,1.0,4.0,2155101,1.0,1,4,2,5.0,,-1.0,0,1985.0,A01,138Â 295Â 793,8.0,0.0,-1.0,1645595,3.0,7,,2.0,0.0,2.0,A01,138Â 295Â 793,1.0
964180,201900005711,7,7,17:10,1,2,4,1.0,6.0,35238,PERRIN (JEAN),M,"48,0966400"," -1,7109800",35,2019,30.0,1.0,1.0,4.0,2155102,5.0,2,4,1,0.0,,-1.0,0,2015.0,A01,138Â 295Â 793,8.0,0.0,-1.0,1645595,3.0,7,,2.0,0.0,2.0,A01,138Â 295Â 793,1.0
964180,201900005711,7,7,17:10,1,2,4,1.0,6.0,35238,PERRIN (JEAN),M,"48,0966400"," -1,7109800",35,2019,30.0,1.0,1.0,4.0,2155103,2.0,2,1,2,5.0,,-1.0,0,1988.0,A01,138Â 295Â 793,8.0,0.0,-1.0,1645595,3.0,7,,2.0,0.0,2.0,A01,138Â 295Â 793,1.0
964180,201900005711,7,7,17:10,1,2,4,1.0,6.0,35238,PERRIN (JEAN),M,"48,0966400"," -1,7109800",35,2019,30.0,1.0,1.0,4.0,2155104,3.0,2,4,2,5.0,,-1.0,0,2007.0,A01,138Â 295Â 793,8.0,0.0,-1.0,1645595,3.0,7,,2.0,0.0,2.0,A01,138Â 295Â 793,1.0
964180,201900005711,7,7,17:10,1,2,4,1.0,6.0,35238,PERRIN (JEAN),M,"48,0966400"," -1,7109800",35,2019,30.0,1.0,1.0,4.0,2155105,4.0,2,4,2,5.0,,-1.0,0,2018.0,A01,138Â 295Â 793,8.0,0.0,-1.0,1645595,3.0,7,,2.0,0.0,2.0,A01,138Â 295Â 793,1.0
964180,201900005711,7,7,17:10,1,2,4,1.0,6.0,35238,PERRIN (JEAN),M,"48,0966400"," -1,7109800",35,2019,30.0,1.0,1.0,4.0,2155106,5.0,2,4,1,5.0,,-1.0,0,2017.0,A01,138Â 295Â 793,8.0,0.0,-1.0,1645595,3.0,7,,2.0,0.0,2.0,A01,138Â 295Â 793,1.0
964181,201900005712,7,8,13:59,1,2,3,1.0,1.0,34172,REINE HELENE D'ITALIE (AVENUE DE LA),M,"43,6234300","3,8919900",34,2019,50.0,1.0,1.0,4.0,2155107,1.0,1,1,2,0.0,,0.0,0,1980.0,B01,138Â 295Â 791,1.0,0.0,-1.0,1645596,1.0,7,,0.0,6.0,1.0,B01,138Â 295Â 791,0.0
964181,201900005712,7,8,13:59,1,2,3,1.0,1.0,34172,REINE HELENE D'ITALIE (AVENUE DE LA),M,"43,6234300","3,8919900",34,2019,50.0,1.0,1.0,4.0,2155107,1.0,1,1,2,0.0,,0.0,0,1980.0,B01,138Â 295Â 791,1.0,0.0,-1.0,1645597,2.0,1,,0.0,2.0,1.0,A01,138Â 295Â 792,5.0
964181,201900005712,7,8,13:59,1,2,3,1.0,1.0,34172,REINE HELENE D'ITALIE (AVENUE DE LA),M,"43,6234300","3,8919900",34,2019,50.0,1.0,1.0,4.0,2155108,1.0,1,4,1,0.0,,0.0,0,1942.0,A01,138Â 295Â 792,8.0,0.0,-1.0,1645596,1.0,7,,0.0,6.0,1.0,B01,138Â 295Â 791,0.0
964181,201900005712,7,8,13:59,1,2,3,1.0,1.0,34172,REINE HELENE D'ITALIE (AVENUE DE LA),M,"43,6234300","3,8919900",34,2019,50.0,1.0,1.0,4.0,2155108,1.0,1,4,1,0.0,,0.0,0,1942.0,A01,138Â 295Â 792,8.0,0.0,-1.0,1645597,2.0,1,,0.0,2.0,1.0,A01,138Â 295Â 792,5.0
964182,201900005713,6,12,19:30,1,2,3,1.0,2.0,33039,RUE ALEXIS LABRO,M,"44,7923800"," -0,5611800",33,2019,50.0,1.0,1.0,4.0,2155109,1.0,1,1,1,0.0,,0.0,0,1990.0,B01,138Â 295Â 789,8.0,0.0,-1.0,1645598,1.0,7,,0.0,0.0,4.0,B01,138Â 295Â 789,1.0
964182,201900005713,6,12,19:30,1,2,3,1.0,2.0,33039,RUE ALEXIS LABRO,M,"44,7923800"," -0,5611800",33,2019,50.0,1.0,1.0,4.0,2155109,1.0,1,1,1,0.0,,0.0,0,1990.0,B01,138Â 295Â 789,8.0,0.0,-1.0,1645599,1.0,7,,0.0,2.0,1.0,A01,138Â 295Â 790,1.0
964182,201900005713,6,12,19:30,1,2,3,1.0,2.0,33039,RUE ALEXIS LABRO,M,"44,7923800"," -0,5611800",33,2019,50.0,1.0,1.0,4.0,2155110,2.0,2,4,2,0.0,,0.0,0,1990.0,B01,138Â 295Â 789,8.0,0.0,-1.0,1645598,1.0,7,,0.0,0.0,4.0,B01,138Â 295Â 789,1.0
964182,201900005713,6,12,19:30,1,2,3,1.0,2.0,33039,RUE ALEXIS LABRO,M,"44,7923800"," -0,5611800",33,2019,50.0,1.0,1.0,4.0,2155110,2.0,2,4,2,0.0,,0.0,0,1990.0,B01,138Â 295Â 789,8.0,0.0,-1.0,1645599,1.0,7,,0.0,2.0,1.0,A01,138Â 295Â 790,1.0
964182,201900005713,6,12,19:30,1,2,3,1.0,2.0,33039,RUE ALEXIS LABRO,M,"44,7923800"," -0,5611800",33,2019,50.0,1.0,1.0,4.0,2155111,1.0,1,1,1,0.0,,0.0,0,1962.0,A01,138Â 295Â 790,8.0,0.0,-1.0,1645598,1.0,7,,0.0,0.0,4.0,B01,138Â 295Â 789,1.0
964182,201900005713,6,12,19:30,1,2,3,1.0,2.0,33039,RUE ALEXIS LABRO,M,"44,7923800"," -0,5611800",33,2019,50.0,1.0,1.0,4.0,2155111,1.0,1,1,1,0.0,,0.0,0,1962.0,A01,138Â 295Â 790,8.0,0.0,-1.0,1645599,1.0,7,,0.0,2.0,1.0,A01,138Â 295Â 790,1.0
964183,201900005714,6,15,22:35,5,2,3,1.0,3.0,33063,GAUTIER (BD ANTOINE),M,"44,8333500"," -0,5987500",33,2019,50.0,1.0,1.0,4.0,2155112,1.0,1,1,1,0.0,,-1.0, -1,1967.0,A01,138Â 295Â 787,1.0,8.0,-1.0,1645600,1.0,7,,0.0,2.0,2.0,A01,138Â 295Â 787,1.0
964183,201900005714,6,15,22:35,5,2,3,1.0,3.0,33063,GAUTIER (BD ANTOINE),M,"44,8333500"," -0,5987500",33,2019,50.0,1.0,1.0,4.0,2155112,1.0,1,1,1,0.0,,-1.0, -1,1967.0,A01,138Â 295Â 787,1.0,8.0,-1.0,1645601,1.0,7,,0.0,2.0,1.0,B01,138Â 295Â 788,1.0
964183,201900005714,6,15,22:35,5,2,3,1.0,3.0,33063,GAUTIER (BD ANTOINE),M,"44,8333500"," -0,5987500",33,2019,50.0,1.0,1.0,4.0,2155113,1.0,1,3,2,0.0,,-1.0, -1,1964.0,B01,138Â 295Â 788,1.0,8.0,-1.0,1645600,1.0,7,,0.0,2.0,2.0,A01,138Â 295Â 787,1.0
964183,201900005714,6,15,22:35,5,2,3,1.0,3.0,33063,GAUTIER (BD ANTOINE),M,"44,8333500"," -0,5987500",33,2019,50.0,1.0,1.0,4.0,2155113,1.0,1,3,2,0.0,,-1.0, -1,1964.0,B01,138Â 295Â 788,1.0,8.0,-1.0,1645601,1.0,7,,0.0,2.0,1.0,B01,138Â 295Â 788,1.0
964184,201900005715,6,28,16:35,1,2,1,1.0,6.0,33063,RUE CAPDEVILLE - autobus articulÃ© percute cycliste en le doublant,M,"44,8438000"," -0,5871600",33,2019,30.0,1.0,1.0,4.0,2155114,1.0,1,4,1,0.0,,-1.0, -1,1956.0,B01,138Â 295Â 785,8.0,0.0,-1.0,1645602,2.0,1,,0.0,0.0,3.0,B01,138Â 295Â 785,5.0
964184,201900005715,6,28,16:35,1,2,1,1.0,6.0,33063,RUE CAPDEVILLE - autobus articulÃ© percute cycliste en le doublant,M,"44,8438000"," -0,5871600",33,2019,30.0,1.0,1.0,4.0,2155114,1.0,1,4,1,0.0,,-1.0, -1,1956.0,B01,138Â 295Â 785,8.0,0.0,-1.0,1645603,2.0,37,1.0,0.0,2.0,5.0,A01,138Â 295Â 786,1.0
964184,201900005715,6,28,16:35,1,2,1,1.0,6.0,33063,RUE CAPDEVILLE - autobus articulÃ© percute cycliste en le doublant,M,"44,8438000"," -0,5871600",33,2019,30.0,1.0,1.0,4.0,2155115,1.0,1,1,1,4.0,,-1.0, -1,1972.0,A01,138Â 295Â 786,8.0,0.0,-1.0,1645602,2.0,1,,0.0,0.0,3.0,B01,138Â 295Â 785,5.0
964184,201900005715,6,28,16:35,1,2,1,1.0,6.0,33063,RUE CAPDEVILLE - autobus articulÃ© percute cycliste en le doublant,M,"44,8438000"," -0,5871600",33,2019,30.0,1.0,1.0,4.0,2155115,1.0,1,1,1,4.0,,-1.0, -1,1972.0,A01,138Â 295Â 786,8.0,0.0,-1.0,1645603,2.0,37,1.0,0.0,2.0,5.0,A01,138Â 295Â 786,1.0
964185,201900005716,7,7,19:15,1,2,1,1.0,6.0,33119,RUE EDOUARD VAILLANT,M,"44,8564000"," -0,5340600",33,2019,50.0,1.0,1.0,4.0,2155116,10.0,3,4,1,5.0,,2.0,3,2017.0,A01,138Â 295Â 784,8.0,0.0,-1.0,1645604,0.0,7,,0.0,1.0,1.0,A01,138Â 295Â 784,1.0
964185,201900005716,7,7,19:15,1,2,1,1.0,6.0,33119,RUE EDOUARD VAILLANT,M,"44,8564000"," -0,5340600",33,2019,50.0,1.0,1.0,4.0,2155117,1.0,1,1,1,0.0,,0.0,0,1987.0,A01,138Â 295Â 784,8.0,0.0,-1.0,1645604,0.0,7,,0.0,1.0,1.0,A01,138Â 295Â 784,1.0
964186,201900005717,7,7,02:40,5,2,3,1.0,3.0,31555,BD DE L EMBOUCHURE,M,"43,6114300","1,4199600",31,2019,50.0,1.0,1.0,4.0,2155118,1.0,1,4,1,5.0,,-1.0,0,1982.0,A01,138Â 295Â 780,2.0,8.0,-1.0,1645605,2.0,33,,0.0,2.0,1.0,A01,138Â 295Â 780,1.0
964186,201900005717,7,7,02:40,5,2,3,1.0,3.0,31555,BD DE L EMBOUCHURE,M,"43,6114300","1,4199600",31,2019,50.0,1.0,1.0,4.0,2155118,1.0,1,4,1,5.0,,-1.0,0,1982.0,A01,138Â 295Â 780,2.0,8.0,-1.0,1645606,2.0,7,,0.0,2.0,5.0,B01,138Â 295Â 781,1.0
964186,201900005717,7,7,02:40,5,2,3,1.0,3.0,31555,BD DE L EMBOUCHURE,M,"43,6114300","1,4199600",31,2019,50.0,1.0,1.0,4.0,2155119,1.0,1,1,1,5.0,,-1.0,0,1989.0,B01,138Â 295Â 781,1.0,8.0,-1.0,1645605,2.0,33,,0.0,2.0,1.0,A01,138Â 295Â 780,1.0
964186,201900005717,7,7,02:40,5,2,3,1.0,3.0,31555,BD DE L EMBOUCHURE,M,"43,6114300","1,4199600",31,2019,50.0,1.0,1.0,4.0,2155119,1.0,1,1,1,5.0,,-1.0,0,1989.0,B01,138Â 295Â 781,1.0,8.0,-1.0,1645606,2.0,7,,0.0,2.0,5.0,B01,138Â 295Â 781,1.0
964187,201900005718,7,5,17:00,1,2,1,1.0,6.0,31555,AV CAMILLE PUJOL,M,"43,6017400","1,4584400",31,2019,50.0,1.0,1.0,3.0,2155120,1.0,1,4,1,1.0,,-1.0,0,1961.0,B01,138Â 295Â 778,2.0,8.0,-1.0,1645607,2.0,31,,0.0,2.0,8.0,B01,138Â 295Â 778,1.0
964187,201900005718,7,5,17:00,1,2,1,1.0,6.0,31555,AV CAMILLE PUJOL,M,"43,6017400","1,4584400",31,2019,50.0,1.0,1.0,3.0,2155120,1.0,1,4,1,1.0,,-1.0,0,1961.0,B01,138Â 295Â 778,2.0,8.0,-1.0,1645608,1.0,15,,0.0,2.0,8.0,A01,138Â 295Â 779,1.0
964187,201900005718,7,5,17:00,1,2,1,1.0,6.0,31555,AV CAMILLE PUJOL,M,"43,6017400","1,4584400",31,2019,50.0,1.0,1.0,3.0,2155121,1.0,1,1,1,4.0,,-1.0,0,1983.0,A01,138Â 295Â 779,1.0,8.0,-1.0,1645607,2.0,31,,0.0,2.0,8.0,B01,138Â 295Â 778,1.0
964187,201900005718,7,5,17:00,1,2,1,1.0,6.0,31555,AV CAMILLE PUJOL,M,"43,6017400","1,4584400",31,2019,50.0,1.0,1.0,3.0,2155121,1.0,1,1,1,4.0,,-1.0,0,1983.0,A01,138Â 295Â 779,1.0,8.0,-1.0,1645608,1.0,15,,0.0,2.0,8.0,A01,138Â 295Â 779,1.0
964188,201900005719,5,13,17:35,1,2,1,1.0,1.0,29019,CHEVILLOTTE JEAN CHARLES,M,"48,3879000"," -4,4486400",29,2019,50.0,1.0,1.0,4.0,2155122,1.0,1,4,1,4.0,,-1.0, -1,1982.0,B01,138Â 295Â 776,1.0,0.0,-1.0,1645609,1.0,7,,0.0,2.0,3.0,B01,138Â 295Â 776,1.0
964188,201900005719,5,13,17:35,1,2,1,1.0,1.0,29019,CHEVILLOTTE JEAN CHARLES,M,"48,3879000"," -4,4486400",29,2019,50.0,1.0,1.0,4.0,2155122,1.0,1,4,1,4.0,,-1.0, -1,1982.0,B01,138Â 295Â 776,1.0,0.0,-1.0,1645610,2.0,7,,0.0,2.0,3.0,A01,138Â 295Â 777,0.0