Unnamed: 0_x,num_acc,mois,jour,hrmn,lum,agg,int,atm,col,com,adr,gps,lat,long,dep,annee,vma,situ,surf,catr,Unnamed: 0_y,place,catu,grav,sexe,trajet,secu,locp,actp,an_nais,num_veh_x,id_vehicule_x,secu1,secu2,secu3,Unnamed: 0,senc,catv,occutc,obs,obsm,choc,num_veh_y,id_vehicule_y,motor
964188,201900005719,5,13,17:35,1,2,1,1.0,1.0,29019,CHEVILLOTTE JEAN CHARLES,M,"48,3879000"," -4,4486400",29,2019,50.0,1.0,1.0,4.0,2155123,1.0,1,4,1,4.0,,-1.0,0,1996.0,A01,138Â 295Â 777,1.0,8.0,-1.0,1645609,1.0,7,,0.0,2.0,3.0,B01,138Â 295Â 776,1.0
964188,201900005719,5,13,17:35,1,2,1,1.0,1.0,29019,CHEVILLOTTE JEAN CHARLES,M,"48,3879000"," -4,4486400",29,2019,50.0,1.0,1.0,4.0,2155123,1.0,1,4,1,4.0,,-1.0,0,1996.0,A01,138Â 295Â 777,1.0,8.0,-1.0,1645610,2.0,7,,0.0,2.0,3.0,A01,138Â 295Â 777,0.0
964189,201900005720,7,5,21:15,1,2,1,1.0,1.0,29019,LE DANTEC FELIX (DE 39 ET 52 A FIN),M,"48,4159400"," -4,4718600",29,2019,50.0,1.0,1.0,4.0,2155124,1.0,1,4,1,4.0,,-1.0,0,1996.0,B01,138Â 295Â 774,2.0,6.0,-1.0,1645611,2.0,2,,0.0,2.0,1.0,B01,138Â 295Â 774,1.0
964189,201900005720,7,5,21:15,1,2,1,1.0,1.0,29019,LE DANTEC FELIX (DE 39 ET 52 A FIN),M,"48,4159400"," -4,4718600",29,2019,50.0,1.0,1.0,4.0,2155124,1.0,1,4,1,4.0,,-1.0,0,1996.0,B01,138Â 295Â 774,2.0,6.0,-1.0,1645612,2.0,7,,0.0,2.0,2.0,A01,138Â 295Â 775,1.0
964189,201900005720,7,5,21:15,1,2,1,1.0,1.0,29019,LE DANTEC FELIX (DE 39 ET 52 A FIN),M,"48,4159400"," -4,4718600",29,2019,50.0,1.0,1.0,4.0,2155125,1.0,1,1,1,5.0,,-1.0,0,1989.0,A01,138Â 295Â 775,1.0,0.0,-1.0,1645611,2.0,2,,0.0,2.0,1.0,B01,138Â 295Â 774,1.0
964189,201900005720,7,5,21:15,1,2,1,1.0,1.0,29019,LE DANTEC FELIX (DE 39 ET 52 A FIN),M,"48,4159400"," -4,4718600",29,2019,50.0,1.0,1.0,4.0,2155125,1.0,1,1,1,5.0,,-1.0,0,1989.0,A01,138Â 295Â 775,1.0,0.0,-1.0,1645612,2.0,7,,0.0,2.0,2.0,A01,138Â 295Â 775,1.0
964190,201900005721,7,8,11:03,1,2,1,1.0,6.0,26281,CARDONEL (RUE LOUIS LE),M,"45,0538060","5,0421770",26,2019,30.0,1.0,1.0,4.0,2155126,1.0,1,1,1,0.0,,0.0,0,1952.0,A01,138Â 295Â 773,1.0,-1.0,-1.0,1645613,3.0,7,,0.0,1.0,1.0,A01,138Â 295Â 773,1.0
964190,201900005721,7,8,11:03,1,2,1,1.0,6.0,26281,CARDONEL (RUE LOUIS LE),M,"45,0538060","5,0421770",26,2019,30.0,1.0,1.0,4.0,2155127,10.0,3,4,2,0.0,,3.0,3,1992.0,A01,138Â 295Â 773,8.0,8.0,8.0,1645613,3.0,7,,0.0,1.0,1.0,A01,138Â 295Â 773,1.0
964191,201900005722,7,5,15:30,1,2,1,1.0,6.0,22106,VERNE (RUE JULES),M,"48,4965990"," -2,7294530",22,2019,50.0,1.0,1.0,4.0,2155128,10.0,3,3,2,0.0,,3.0,3,1945.0,A01,138Â 295Â 772,8.0,0.0,-1.0,1645614,3.0,30,,0.0,1.0,1.0,A01,138Â 295Â 772,1.0
964191,201900005722,7,5,15:30,1,2,1,1.0,6.0,22106,VERNE (RUE JULES),M,"48,4965990"," -2,7294530",22,2019,50.0,1.0,1.0,4.0,2155129,1.0,1,1,1,0.0,,-1.0, -1,2004.0,A01,138Â 295Â 772,2.0,8.0,-1.0,1645614,3.0,30,,0.0,1.0,1.0,A01,138Â 295Â 772,1.0
964192,201900005723,7,8,07:45,1,1,1,1.0,2.0,16358,293 route e St Jean d'Angely,M,"45,6837880","0,1128200",16,2019,70.0,1.0,1.0,3.0,2155130,1.0,1,4,1,1.0,,-1.0, -1,2003.0,C01,138Â 295Â 770,2.0,6.0,-1.0,1645615,2.0,2,,0.0,2.0,1.0,C01,138Â 295Â 770,1.0
964192,201900005723,7,8,07:45,1,1,1,1.0,2.0,16358,293 route e St Jean d'Angely,M,"45,6837880","0,1128200",16,2019,70.0,1.0,1.0,3.0,2155130,1.0,1,4,1,1.0,,-1.0, -1,2003.0,C01,138Â 295Â 770,2.0,6.0,-1.0,1645616,2.0,7,,0.0,2.0,4.0,D01,138Â 295Â 771,1.0
964192,201900005723,7,8,07:45,1,1,1,1.0,2.0,16358,293 route e St Jean d'Angely,M,"45,6837880","0,1128200",16,2019,70.0,1.0,1.0,3.0,2155131,1.0,1,1,1,5.0,,-1.0, -1,1959.0,D01,138Â 295Â 771,1.0,-1.0,-1.0,1645615,2.0,2,,0.0,2.0,1.0,C01,138Â 295Â 770,1.0
964192,201900005723,7,8,07:45,1,1,1,1.0,2.0,16358,293 route e St Jean d'Angely,M,"45,6837880","0,1128200",16,2019,70.0,1.0,1.0,3.0,2155131,1.0,1,1,1,5.0,,-1.0, -1,1959.0,D01,138Â 295Â 771,1.0,-1.0,-1.0,1645616,2.0,7,,0.0,2.0,4.0,D01,138Â 295Â 771,1.0
964193,201900005724,7,8,17:35,1,1,1,7.0,2.0,14118,RN 814,M,"49,1958600"," -0,3957700",14,2019,90.0,1.0,1.0,2.0,2155132,1.0,1,4,1,5.0,,0.0,0,1995.0,A01,138Â 295Â 768,2.0,6.0,-1.0,1645617,2.0,33,,0.0,2.0,7.0,A01,138Â 295Â 768,1.0
964193,201900005724,7,8,17:35,1,1,1,7.0,2.0,14118,RN 814,M,"49,1958600"," -0,3957700",14,2019,90.0,1.0,1.0,2.0,2155132,1.0,1,4,1,5.0,,0.0,0,1995.0,A01,138Â 295Â 768,2.0,6.0,-1.0,1645618,2.0,10,,0.0,2.0,8.0,B01,138Â 295Â 769,1.0
964193,201900005724,7,8,17:35,1,1,1,7.0,2.0,14118,RN 814,M,"49,1958600"," -0,3957700",14,2019,90.0,1.0,1.0,2.0,2155133,1.0,1,1,1,0.0,,0.0,0,1965.0,B01,138Â 295Â 769,1.0,0.0,-1.0,1645617,2.0,33,,0.0,2.0,7.0,A01,138Â 295Â 768,1.0
964193,201900005724,7,8,17:35,1,1,1,7.0,2.0,14118,RN 814,M,"49,1958600"," -0,3957700",14,2019,90.0,1.0,1.0,2.0,2155133,1.0,1,1,1,0.0,,0.0,0,1965.0,B01,138Â 295Â 769,1.0,0.0,-1.0,1645618,2.0,10,,0.0,2.0,8.0,B01,138Â 295Â 769,1.0
964194,201900005725,7,9,00:00,3,2,1,1.0,7.0,13117,ROUTE NATIONALE 113 - LA GARE,M,"43,4403700","5,2494200",13,2019,50.0,1.0,1.0,3.0,2155134,2.0,2,4,2,0.0,,-1.0,0,2004.0,A01,138Â 295Â 767,2.0,6.0,-1.0,1645619,3.0,32,,12.0,0.0,0.0,A01,138Â 295Â 767,0.0
964194,201900005725,7,9,00:00,3,2,1,1.0,7.0,13117,ROUTE NATIONALE 113 - LA GARE,M,"43,4403700","5,2494200",13,2019,50.0,1.0,1.0,3.0,2155135,1.0,1,4,1,0.0,,-1.0, -1,2002.0,A01,138Â 295Â 767,2.0,6.0,-1.0,1645619,3.0,32,,12.0,0.0,0.0,A01,138Â 295Â 767,0.0
964195,201900005726,7,7,02:05,5,2,1,1.0,6.0,13056,TOURET DE VALLIER,M,"43,4268400","5,0568800",13,2019,50.0,1.0,1.0,4.0,2155136,3.0,2,4,1,5.0,,-1.0, -1,2001.0,A01,138Â 295Â 766,1.0,0.0,-1.0,1645620,0.0,7,,8.0,0.0,2.0,A01,138Â 295Â 766,1.0
964195,201900005726,7,7,02:05,5,2,1,1.0,6.0,13056,TOURET DE VALLIER,M,"43,4268400","5,0568800",13,2019,50.0,1.0,1.0,4.0,2155137,1.0,1,4,1,5.0,,-1.0, -1,2000.0,A01,138Â 295Â 766,1.0,0.0,-1.0,1645620,0.0,7,,8.0,0.0,2.0,A01,138Â 295Â 766,1.0
964195,201900005726,7,7,02:05,5,2,1,1.0,6.0,13056,TOURET DE VALLIER,M,"43,4268400","5,0568800",13,2019,50.0,1.0,1.0,4.0,2155138,2.0,2,4,1,0.0,,-1.0, -1,2000.0,A01,138Â 295Â 766,1.0,0.0,-1.0,1645620,0.0,7,,8.0,0.0,2.0,A01,138Â 295Â 766,1.0
964196,201900005727,7,8,20:00,2,2,3,1.0,6.0,13070,VOLTAIRE (BOULEVARD),M,"43,2813300","5,5160800",13,2019,50.0,1.0,1.0,4.0,2155139,1.0,1,1,1,0.0,,-1.0,0,1961.0,A01,138Â 295Â 765,1.0,0.0,-1.0,1645621,3.0,7,,0.0,1.0,1.0,A01,138Â 295Â 765,0.0
964196,201900005727,7,8,20:00,2,2,3,1.0,6.0,13070,VOLTAIRE (BOULEVARD),M,"43,2813300","5,5160800",13,2019,50.0,1.0,1.0,4.0,2155140,10.0,3,3,2,0.0,,3.0,3,2004.0,A01,138Â 295Â 765,8.0,0.0,-1.0,1645621,3.0,7,,0.0,1.0,1.0,A01,138Â 295Â 765,0.0
964196,201900005727,7,8,20:00,2,2,3,1.0,6.0,13070,VOLTAIRE (BOULEVARD),M,"43,2813300","5,5160800",13,2019,50.0,1.0,1.0,4.0,2155141,2.0,2,1,2,0.0,,-1.0,0,1964.0,A01,138Â 295Â 765,1.0,0.0,-1.0,1645621,3.0,7,,0.0,1.0,1.0,A01,138Â 295Â 765,0.0
964197,201900005728,7,7,14:00,1,2,1,1.0,2.0,12089,AOUT (PLACE DU 10 ),M,"44,5584000","2,2546700",12,2019,50.0,1.0,1.0,6.0,2155142,1.0,1,1,1,5.0,,-1.0,0,1973.0,B01,138Â 295Â 763,1.0,0.0,-1.0,1645622,3.0,7,,0.0,2.0,4.0,B01,138Â 295Â 763,1.0
964197,201900005728,7,7,14:00,1,2,1,1.0,2.0,12089,AOUT (PLACE DU 10 ),M,"44,5584000","2,2546700",12,2019,50.0,1.0,1.0,6.0,2155142,1.0,1,1,1,5.0,,-1.0,0,1973.0,B01,138Â 295Â 763,1.0,0.0,-1.0,1645623,3.0,1,,0.0,2.0,1.0,A01,138Â 295Â 764,5.0
964197,201900005728,7,7,14:00,1,2,1,1.0,2.0,12089,AOUT (PLACE DU 10 ),M,"44,5584000","2,2546700",12,2019,50.0,1.0,1.0,6.0,2155143,1.0,1,3,1,5.0,,0.0,0,2005.0,A01,138Â 295Â 764,2.0,-1.0,-1.0,1645622,3.0,7,,0.0,2.0,4.0,B01,138Â 295Â 763,1.0
964197,201900005728,7,7,14:00,1,2,1,1.0,2.0,12089,AOUT (PLACE DU 10 ),M,"44,5584000","2,2546700",12,2019,50.0,1.0,1.0,6.0,2155143,1.0,1,3,1,5.0,,0.0,0,2005.0,A01,138Â 295Â 764,2.0,-1.0,-1.0,1645623,3.0,1,,0.0,2.0,1.0,A01,138Â 295Â 764,5.0
964198,201900005729,7,6,03:36,5,2,1,1.0,6.0,11262,MER (AVENUE DE LA),M,"43,1806200","3,0363700",11,2019,50.0,1.0,1.0,4.0,2155144,1.0,1,2,1,5.0,,-1.0, -1,1979.0,A01,138Â 295Â 762,2.0,8.0,-1.0,1645624,1.0,33,,0.0,6.0,1.0,A01,138Â 295Â 762,1.0
964199,201900005730,7,6,16:30,1,2,1,1.0,6.0,11262,FABRE (RUE GUSTAVE),M,"43,1849500","3,0031500",11,2019,50.0,1.0,1.0,4.0,2155145,1.0,1,1,1,9.0,,0.0,0,1991.0,A01,138Â 295Â 761,1.0,8.0,-1.0,1645625,1.0,7,,0.0,1.0,0.0,A01,138Â 295Â 761,1.0
964199,201900005730,7,6,16:30,1,2,1,1.0,6.0,11262,FABRE (RUE GUSTAVE),M,"43,1849500","3,0031500",11,2019,50.0,1.0,1.0,4.0,2155146,10.0,3,4,2,9.0,,9.0,B,1965.0,A01,138Â 295Â 761,8.0,0.0,-1.0,1645625,1.0,7,,0.0,1.0,0.0,A01,138Â 295Â 761,1.0
964200,201900005731,7,5,08:30,1,2,1,1.0,6.0,08105,ARCHES (AVENUE),M,"49,7641700","4,7194000",8,2019,50.0,1.0,1.0,4.0,2155147,1.0,1,1,1,4.0,,0.0,0,1980.0,A01,138Â 295Â 758,1.0,8.0,-1.0,1645626,0.0,10,,0.0,1.0,1.0,A01,138Â 295Â 758,1.0
964200,201900005731,7,5,08:30,1,2,1,1.0,6.0,08105,ARCHES (AVENUE),M,"49,7641700","4,7194000",8,2019,50.0,1.0,1.0,4.0,2155148,10.0,3,3,2,0.0,,3.0,3,1962.0,A01,138Â 295Â 758,8.0,0.0,-1.0,1645626,0.0,10,,0.0,1.0,1.0,A01,138Â 295Â 758,1.0
964201,201900005732,7,8,14:50,1,2,1,1.0,2.0,06088,CASSIN (BD RENE),M,"43,6678350","7,2094040",6,2019,50.0,1.0,1.0,4.0,2155149,1.0,1,4,1,0.0,,0.0,0,1964.0,B01,138Â 295Â 756,2.0,6.0,-1.0,1645627,1.0,33,,0.0,6.0,1.0,B01,138Â 295Â 756,6.0
964201,201900005732,7,8,14:50,1,2,1,1.0,2.0,06088,CASSIN (BD RENE),M,"43,6678350","7,2094040",6,2019,50.0,1.0,1.0,4.0,2155149,1.0,1,4,1,0.0,,0.0,0,1964.0,B01,138Â 295Â 756,2.0,6.0,-1.0,1645628,1.0,1,,0.0,2.0,0.0,A01,138Â 295Â 757,6.0
964201,201900005732,7,8,14:50,1,2,1,1.0,2.0,06088,CASSIN (BD RENE),M,"43,6678350","7,2094040",6,2019,50.0,1.0,1.0,4.0,2155150,1.0,1,1,1,5.0,,0.0,0,1957.0,A01,138Â 295Â 757,2.0,8.0,-1.0,1645627,1.0,33,,0.0,6.0,1.0,B01,138Â 295Â 756,6.0
964201,201900005732,7,8,14:50,1,2,1,1.0,2.0,06088,CASSIN (BD RENE),M,"43,6678350","7,2094040",6,2019,50.0,1.0,1.0,4.0,2155150,1.0,1,1,1,5.0,,0.0,0,1957.0,A01,138Â 295Â 757,2.0,8.0,-1.0,1645628,1.0,1,,0.0,2.0,0.0,A01,138Â 295Â 757,6.0
964202,201900005733,5,3,20:00,1,2,1,1.0,2.0,06088,TURIN (RTE DE),M,"43,7204500","7,2877200",6,2019,50.0,1.0,1.0,4.0,2155151,1.0,1,1,1,4.0,,0.0,0,1975.0,A01,138Â 295Â 754,1.0,0.0,-1.0,1645629,3.0,7,,0.0,2.0,4.0,A01,138Â 295Â 754,0.0
964202,201900005733,5,3,20:00,1,2,1,1.0,2.0,06088,TURIN (RTE DE),M,"43,7204500","7,2877200",6,2019,50.0,1.0,1.0,4.0,2155151,1.0,1,1,1,4.0,,0.0,0,1975.0,A01,138Â 295Â 754,1.0,0.0,-1.0,1645630,3.0,7,,0.0,2.0,1.0,B01,138Â 295Â 755,0.0
964202,201900005733,5,3,20:00,1,2,1,1.0,2.0,06088,TURIN (RTE DE),M,"43,7204500","7,2877200",6,2019,50.0,1.0,1.0,4.0,2155152,1.0,1,4,1,5.0,,0.0,0,1976.0,B01,138Â 295Â 755,1.0,0.0,-1.0,1645629,3.0,7,,0.0,2.0,4.0,A01,138Â 295Â 754,0.0
964202,201900005733,5,3,20:00,1,2,1,1.0,2.0,06088,TURIN (RTE DE),M,"43,7204500","7,2877200",6,2019,50.0,1.0,1.0,4.0,2155152,1.0,1,4,1,5.0,,0.0,0,1976.0,B01,138Â 295Â 755,1.0,0.0,-1.0,1645630,3.0,7,,0.0,2.0,1.0,B01,138Â 295Â 755,0.0
964203,201900005734,4,23,19:07,2,2,2,1.0,3.0,06088,GRENOBLE (ROUTE DE),M,"43,6707700","7,2097600",6,2019,50.0,1.0,1.0,4.0,2155153,1.0,1,1,1,0.0,,0.0,0,1994.0,A01,138Â 295Â 752,1.0,0.0,-1.0,1645631,3.0,7,,0.0,2.0,2.0,A01,138Â 295Â 752,0.0
964203,201900005734,4,23,19:07,2,2,2,1.0,3.0,06088,GRENOBLE (ROUTE DE),M,"43,6707700","7,2097600",6,2019,50.0,1.0,1.0,4.0,2155153,1.0,1,1,1,0.0,,0.0,0,1994.0,A01,138Â 295Â 752,1.0,0.0,-1.0,1645632,3.0,31,,0.0,2.0,1.0,B01,138Â 295Â 753,0.0
964203,201900005734,4,23,19:07,2,2,2,1.0,3.0,06088,GRENOBLE (ROUTE DE),M,"43,6707700","7,2097600",6,2019,50.0,1.0,1.0,4.0,2155154,1.0,1,4,1,4.0,,0.0,0,1979.0,B01,138Â 295Â 753,2.0,0.0,-1.0,1645631,3.0,7,,0.0,2.0,2.0,A01,138Â 295Â 752,0.0
964203,201900005734,4,23,19:07,2,2,2,1.0,3.0,06088,GRENOBLE (ROUTE DE),M,"43,6707700","7,2097600",6,2019,50.0,1.0,1.0,4.0,2155154,1.0,1,4,1,4.0,,0.0,0,1979.0,B01,138Â 295Â 753,2.0,0.0,-1.0,1645632,3.0,31,,0.0,2.0,1.0,B01,138Â 295Â 753,0.0
964204,201900005735,7,7,18:25,1,2,1,1.0,2.0,03185,avenue de la RÃ©publique,M,"46,3472927","2,5960145",3,2019,50.0,1.0,1.0,3.0,2155155,1.0,1,3,2,5.0,,-1.0,0,2005.0,B01,138Â 295Â 750,2.0,8.0,-1.0,1645633,1.0,2,,0.0,2.0,1.0,B01,138Â 295Â 750,1.0
964204,201900005735,7,7,18:25,1,2,1,1.0,2.0,03185,avenue de la RÃ©publique,M,"46,3472927","2,5960145",3,2019,50.0,1.0,1.0,3.0,2155155,1.0,1,3,2,5.0,,-1.0,0,2005.0,B01,138Â 295Â 750,2.0,8.0,-1.0,1645634,1.0,7,,0.0,2.0,4.0,A01,138Â 295Â 751,1.0
964204,201900005735,7,7,18:25,1,2,1,1.0,2.0,03185,avenue de la RÃ©publique,M,"46,3472927","2,5960145",3,2019,50.0,1.0,1.0,3.0,2155156,2.0,2,4,2,5.0,,-1.0,0,2006.0,B01,138Â 295Â 750,2.0,8.0,-1.0,1645633,1.0,2,,0.0,2.0,1.0,B01,138Â 295Â 750,1.0
964204,201900005735,7,7,18:25,1,2,1,1.0,2.0,03185,avenue de la RÃ©publique,M,"46,3472927","2,5960145",3,2019,50.0,1.0,1.0,3.0,2155156,2.0,2,4,2,5.0,,-1.0,0,2006.0,B01,138Â 295Â 750,2.0,8.0,-1.0,1645634,1.0,7,,0.0,2.0,4.0,A01,138Â 295Â 751,1.0
964204,201900005735,7,7,18:25,1,2,1,1.0,2.0,03185,avenue de la RÃ©publique,M,"46,3472927","2,5960145",3,2019,50.0,1.0,1.0,3.0,2155157,1.0,1,1,1,5.0,,-1.0,0,1985.0,A01,138Â 295Â 751,8.0,0.0,-1.0,1645633,1.0,2,,0.0,2.0,1.0,B01,138Â 295Â 750,1.0
964204,201900005735,7,7,18:25,1,2,1,1.0,2.0,03185,avenue de la RÃ©publique,M,"46,3472927","2,5960145",3,2019,50.0,1.0,1.0,3.0,2155157,1.0,1,1,1,5.0,,-1.0,0,1985.0,A01,138Â 295Â 751,8.0,0.0,-1.0,1645634,1.0,7,,0.0,2.0,4.0,A01,138Â 295Â 751,1.0
964204,201900005735,7,7,18:25,1,2,1,1.0,2.0,03185,avenue de la RÃ©publique,M,"46,3472927","2,5960145",3,2019,50.0,1.0,1.0,3.0,2155158,2.0,2,1,1,5.0,,-1.0,0,1975.0,A01,138Â 295Â 751,8.0,0.0,-1.0,1645633,1.0,2,,0.0,2.0,1.0,B01,138Â 295Â 750,1.0
964204,201900005735,7,7,18:25,1,2,1,1.0,2.0,03185,avenue de la RÃ©publique,M,"46,3472927","2,5960145",3,2019,50.0,1.0,1.0,3.0,2155158,2.0,2,1,1,5.0,,-1.0,0,1975.0,A01,138Â 295Â 751,8.0,0.0,-1.0,1645634,1.0,7,,0.0,2.0,4.0,A01,138Â 295Â 751,1.0
964205,201900005736,7,7,20:00,2,2,1,1.0,6.0,75112,COURS DE VINCENNES,M,"48,8471150","2,4066760",75,2019,20.0,1.0,1.0,4.0,2155159,1.0,1,1,1,4.0,,0.0,0,1991.0,A01,138Â 295Â 749,1.0,0.0,-1.0,1645635,1.0,7,,0.0,1.0,4.0,A01,138Â 295Â 749,1.0
964205,201900005736,7,7,20:00,2,2,1,1.0,6.0,75112,COURS DE VINCENNES,M,"48,8471150","2,4066760",75,2019,20.0,1.0,1.0,4.0,2155160,10.0,3,4,2,9.0,,8.0,3,1979.0,A01,138Â 295Â 749,8.0,0.0,-1.0,1645635,1.0,7,,0.0,1.0,4.0,A01,138Â 295Â 749,1.0
964206,201900005737,7,7,14:15,1,2,3,1.0,3.0,75116,AVENUE DE NEW YORK,M,"48,8633450","2,2963290",75,2019,50.0,1.0,1.0,4.0,2155161,1.0,1,4,1,9.0,,0.0,0,1976.0,B01,138Â 295Â 747,2.0,6.0,-1.0,1645636,1.0,31,,0.0,2.0,1.0,B01,138Â 295Â 747,1.0
964206,201900005737,7,7,14:15,1,2,3,1.0,3.0,75116,AVENUE DE NEW YORK,M,"48,8633450","2,2963290",75,2019,50.0,1.0,1.0,4.0,2155161,1.0,1,4,1,9.0,,0.0,0,1976.0,B01,138Â 295Â 747,2.0,6.0,-1.0,1645637,2.0,7,,0.0,2.0,2.0,A01,138Â 295Â 748,1.0
964206,201900005737,7,7,14:15,1,2,3,1.0,3.0,75116,AVENUE DE NEW YORK,M,"48,8633450","2,2963290",75,2019,50.0,1.0,1.0,4.0,2155162,1.0,1,1,1,4.0,,0.0,0,1991.0,A01,138Â 295Â 748,1.0,0.0,-1.0,1645636,1.0,31,,0.0,2.0,1.0,B01,138Â 295Â 747,1.0
964206,201900005737,7,7,14:15,1,2,3,1.0,3.0,75116,AVENUE DE NEW YORK,M,"48,8633450","2,2963290",75,2019,50.0,1.0,1.0,4.0,2155162,1.0,1,1,1,4.0,,0.0,0,1991.0,A01,138Â 295Â 748,1.0,0.0,-1.0,1645637,2.0,7,,0.0,2.0,2.0,A01,138Â 295Â 748,1.0
964206,201900005737,7,7,14:15,1,2,3,1.0,3.0,75116,AVENUE DE NEW YORK,M,"48,8633450","2,2963290",75,2019,50.0,1.0,1.0,4.0,2155163,4.0,2,1,2,4.0,,0.0,0,1993.0,A01,138Â 295Â 748,1.0,0.0,-1.0,1645636,1.0,31,,0.0,2.0,1.0,B01,138Â 295Â 747,1.0
964206,201900005737,7,7,14:15,1,2,3,1.0,3.0,75116,AVENUE DE NEW YORK,M,"48,8633450","2,2963290",75,2019,50.0,1.0,1.0,4.0,2155163,4.0,2,1,2,4.0,,0.0,0,1993.0,A01,138Â 295Â 748,1.0,0.0,-1.0,1645637,2.0,7,,0.0,2.0,2.0,A01,138Â 295Â 748,1.0
964206,201900005737,7,7,14:15,1,2,3,1.0,3.0,75116,AVENUE DE NEW YORK,M,"48,8633450","2,2963290",75,2019,50.0,1.0,1.0,4.0,2155164,2.0,2,1,1,4.0,,0.0,0,1987.0,A01,138Â 295Â 748,1.0,0.0,-1.0,1645636,1.0,31,,0.0,2.0,1.0,B01,138Â 295Â 747,1.0
964206,201900005737,7,7,14:15,1,2,3,1.0,3.0,75116,AVENUE DE NEW YORK,M,"48,8633450","2,2963290",75,2019,50.0,1.0,1.0,4.0,2155164,2.0,2,1,1,4.0,,0.0,0,1987.0,A01,138Â 295Â 748,1.0,0.0,-1.0,1645637,2.0,7,,0.0,2.0,2.0,A01,138Â 295Â 748,1.0
964206,201900005737,7,7,14:15,1,2,3,1.0,3.0,75116,AVENUE DE NEW YORK,M,"48,8633450","2,2963290",75,2019,50.0,1.0,1.0,4.0,2155165,3.0,2,1,1,9.0,,0.0,0,1985.0,A01,138Â 295Â 748,1.0,0.0,-1.0,1645636,1.0,31,,0.0,2.0,1.0,B01,138Â 295Â 747,1.0
964206,201900005737,7,7,14:15,1,2,3,1.0,3.0,75116,AVENUE DE NEW YORK,M,"48,8633450","2,2963290",75,2019,50.0,1.0,1.0,4.0,2155165,3.0,2,1,1,9.0,,0.0,0,1985.0,A01,138Â 295Â 748,1.0,0.0,-1.0,1645637,2.0,7,,0.0,2.0,2.0,A01,138Â 295Â 748,1.0
964207,201900005738,7,6,21:05,5,2,1,1.0,3.0,75118,BOULEVARD DE ROCHECHOUART,M,"48,8834450","2,3463250",75,2019,50.0,1.0,1.0,4.0,2155166,1.0,1,3,1,9.0,,0.0,0,1997.0,B01,138Â 295Â 745,2.0,6.0,-1.0,1645638,1.0,2,,0.0,2.0,7.0,B01,138Â 295Â 745,1.0
964207,201900005738,7,6,21:05,5,2,1,1.0,3.0,75118,BOULEVARD DE ROCHECHOUART,M,"48,8834450","2,3463250",75,2019,50.0,1.0,1.0,4.0,2155166,1.0,1,3,1,9.0,,0.0,0,1997.0,B01,138Â 295Â 745,2.0,6.0,-1.0,1645639,1.0,7,,0.0,2.0,1.0,A01,138Â 295Â 746,1.0
964207,201900005738,7,6,21:05,5,2,1,1.0,3.0,75118,BOULEVARD DE ROCHECHOUART,M,"48,8834450","2,3463250",75,2019,50.0,1.0,1.0,4.0,2155167,1.0,1,1,2,5.0,,0.0,0,1978.0,A01,138Â 295Â 746,1.0,0.0,-1.0,1645638,1.0,2,,0.0,2.0,7.0,B01,138Â 295Â 745,1.0
964207,201900005738,7,6,21:05,5,2,1,1.0,3.0,75118,BOULEVARD DE ROCHECHOUART,M,"48,8834450","2,3463250",75,2019,50.0,1.0,1.0,4.0,2155167,1.0,1,1,2,5.0,,0.0,0,1978.0,A01,138Â 295Â 746,1.0,0.0,-1.0,1645639,1.0,7,,0.0,2.0,1.0,A01,138Â 295Â 746,1.0
964208,201900005739,7,8,13:00,1,2,6,1.0,6.0,75120,AVENUE DE LA PORTE DE VINCENNES,M,"48,8467850","2,4151910",75,2019,50.0,1.0,1.0,4.0,2155168,1.0,1,4,2,5.0,,0.0,0,1994.0,A01,138Â 295Â 743,1.0,0.0,-1.0,1645640,2.0,7,,0.0,2.0,6.0,A01,138Â 295Â 743,1.0
964208,201900005739,7,8,13:00,1,2,6,1.0,6.0,75120,AVENUE DE LA PORTE DE VINCENNES,M,"48,8467850","2,4151910",75,2019,50.0,1.0,1.0,4.0,2155168,1.0,1,4,2,5.0,,0.0,0,1994.0,A01,138Â 295Â 743,1.0,0.0,-1.0,1645641,3.0,15,,0.0,2.0,1.0,Z01,138Â 295Â 744,1.0
964208,201900005739,7,8,13:00,1,2,6,1.0,6.0,75120,AVENUE DE LA PORTE DE VINCENNES,M,"48,8467850","2,4151910",75,2019,50.0,1.0,1.0,4.0,2155169,2.0,2,4,1,9.0,,0.0,0,2019.0,A01,138Â 295Â 743,3.0,0.0,-1.0,1645640,2.0,7,,0.0,2.0,6.0,A01,138Â 295Â 743,1.0
964208,201900005739,7,8,13:00,1,2,6,1.0,6.0,75120,AVENUE DE LA PORTE DE VINCENNES,M,"48,8467850","2,4151910",75,2019,50.0,1.0,1.0,4.0,2155169,2.0,2,4,1,9.0,,0.0,0,2019.0,A01,138Â 295Â 743,3.0,0.0,-1.0,1645641,3.0,15,,0.0,2.0,1.0,Z01,138Â 295Â 744,1.0
964209,201900005740,7,8,16:40,1,2,7,1.0,6.0,75119,PLACE DE LA PORTE DE PANTIN,M,"48,8894910","2,3957870",75,2019,50.0,1.0,1.0,4.0,2155170,10.0,3,4,2,9.0,,2.0,3,1981.0,Z01,138Â 295Â 742,8.0,0.0,-1.0,1645642,1.0,30,,0.0,1.0,3.0,Z01,138Â 295Â 742,0.0
964210,201900005741,7,8,22:20,5,2,2,1.0,3.0,75117,AVENUE DE WAGRAM,M,"48,8797160","2,2993500",75,2019,50.0,1.0,1.0,4.0,2155171,1.0,1,4,1,1.0,,0.0,0,1990.0,B01,138Â 295Â 740,2.0,6.0,-1.0,1645643,2.0,2,,0.0,2.0,2.0,B01,138Â 295Â 740,1.0