Unnamed: 0_x,num_acc,mois,jour,hrmn,lum,agg,int,atm,col,com,adr,gps,lat,long,dep,annee,vma,situ,surf,catr,Unnamed: 0_y,place,catu,grav,sexe,trajet,secu,locp,actp,an_nais,num_veh_x,id_vehicule_x,secu1,secu2,secu3,Unnamed: 0,senc,catv,occutc,obs,obsm,choc,num_veh_y,id_vehicule_y,motor
964210,201900005741,7,8,22:20,5,2,2,1.0,3.0,75117,AVENUE DE WAGRAM,M,"48,8797160","2,2993500",75,2019,50.0,1.0,1.0,4.0,2155171,1.0,1,4,1,1.0,,0.0,0,1990.0,B01,138Â 295Â 740,2.0,6.0,-1.0,1645644,2.0,10,,0.0,2.0,3.0,A01,138Â 295Â 741,1.0
964210,201900005741,7,8,22:20,5,2,2,1.0,3.0,75117,AVENUE DE WAGRAM,M,"48,8797160","2,2993500",75,2019,50.0,1.0,1.0,4.0,2155172,1.0,1,1,1,4.0,,0.0,0,1978.0,A01,138Â 295Â 741,1.0,0.0,-1.0,1645643,2.0,2,,0.0,2.0,2.0,B01,138Â 295Â 740,1.0
964210,201900005741,7,8,22:20,5,2,2,1.0,3.0,75117,AVENUE DE WAGRAM,M,"48,8797160","2,2993500",75,2019,50.0,1.0,1.0,4.0,2155172,1.0,1,1,1,4.0,,0.0,0,1978.0,A01,138Â 295Â 741,1.0,0.0,-1.0,1645644,2.0,10,,0.0,2.0,3.0,A01,138Â 295Â 741,1.0
964211,201900005742,7,8,19:20,1,2,2,1.0,6.0,75116,BOULEVARD EXELMANS,M,"48,8415090","2,2638560",75,2019,50.0,5.0,1.0,4.0,2155173,1.0,1,1,1,4.0,,0.0,0,1974.0,A01,138Â 295Â 738,1.0,0.0,-1.0,1645645,1.0,7,,0.0,2.0,3.0,A01,138Â 295Â 738,1.0
964211,201900005742,7,8,19:20,1,2,2,1.0,6.0,75116,BOULEVARD EXELMANS,M,"48,8415090","2,2638560",75,2019,50.0,5.0,1.0,4.0,2155173,1.0,1,1,1,4.0,,0.0,0,1974.0,A01,138Â 295Â 738,1.0,0.0,-1.0,1645646,1.0,50,,0.0,2.0,8.0,B01,138Â 295Â 739,3.0
964211,201900005742,7,8,19:20,1,2,2,1.0,6.0,75116,BOULEVARD EXELMANS,M,"48,8415090","2,2638560",75,2019,50.0,5.0,1.0,4.0,2155174,1.0,1,4,2,1.0,,0.0,0,1993.0,B01,138Â 295Â 739,0.0,0.0,-1.0,1645645,1.0,7,,0.0,2.0,3.0,A01,138Â 295Â 738,1.0
964211,201900005742,7,8,19:20,1,2,2,1.0,6.0,75116,BOULEVARD EXELMANS,M,"48,8415090","2,2638560",75,2019,50.0,5.0,1.0,4.0,2155174,1.0,1,4,2,1.0,,0.0,0,1993.0,B01,138Â 295Â 739,0.0,0.0,-1.0,1645646,1.0,50,,0.0,2.0,8.0,B01,138Â 295Â 739,3.0
964212,201900005743,7,7,21:10,2,2,7,1.0,1.0,75108,AVENUE MARCEAU,M,"48,8660690","2,2996880",75,2019,50.0,1.0,1.0,4.0,2155175,1.0,1,1,1,5.0,,0.0,0,1994.0,A01,138Â 295Â 736,1.0,0.0,-1.0,1645647,1.0,7,,0.0,2.0,1.0,A01,138Â 295Â 736,1.0
964212,201900005743,7,7,21:10,2,2,7,1.0,1.0,75108,AVENUE MARCEAU,M,"48,8660690","2,2996880",75,2019,50.0,1.0,1.0,4.0,2155175,1.0,1,1,1,5.0,,0.0,0,1994.0,A01,138Â 295Â 736,1.0,0.0,-1.0,1645648,2.0,7,,0.0,2.0,1.0,B01,138Â 295Â 737,0.0
964212,201900005743,7,7,21:10,2,2,7,1.0,1.0,75108,AVENUE MARCEAU,M,"48,8660690","2,2996880",75,2019,50.0,1.0,1.0,4.0,2155176,4.0,2,4,1,5.0,,0.0,0,1992.0,B01,138Â 295Â 737,1.0,0.0,-1.0,1645647,1.0,7,,0.0,2.0,1.0,A01,138Â 295Â 736,1.0
964212,201900005743,7,7,21:10,2,2,7,1.0,1.0,75108,AVENUE MARCEAU,M,"48,8660690","2,2996880",75,2019,50.0,1.0,1.0,4.0,2155176,4.0,2,4,1,5.0,,0.0,0,1992.0,B01,138Â 295Â 737,1.0,0.0,-1.0,1645648,2.0,7,,0.0,2.0,1.0,B01,138Â 295Â 737,0.0
964212,201900005743,7,7,21:10,2,2,7,1.0,1.0,75108,AVENUE MARCEAU,M,"48,8660690","2,2996880",75,2019,50.0,1.0,1.0,4.0,2155177,3.0,2,4,2,5.0,,0.0,0,1992.0,B01,138Â 295Â 737,1.0,0.0,-1.0,1645647,1.0,7,,0.0,2.0,1.0,A01,138Â 295Â 736,1.0
964212,201900005743,7,7,21:10,2,2,7,1.0,1.0,75108,AVENUE MARCEAU,M,"48,8660690","2,2996880",75,2019,50.0,1.0,1.0,4.0,2155177,3.0,2,4,2,5.0,,0.0,0,1992.0,B01,138Â 295Â 737,1.0,0.0,-1.0,1645648,2.0,7,,0.0,2.0,1.0,B01,138Â 295Â 737,0.0
964212,201900005743,7,7,21:10,2,2,7,1.0,1.0,75108,AVENUE MARCEAU,M,"48,8660690","2,2996880",75,2019,50.0,1.0,1.0,4.0,2155178,1.0,1,4,1,5.0,,0.0,0,1967.0,B01,138Â 295Â 737,1.0,0.0,-1.0,1645647,1.0,7,,0.0,2.0,1.0,A01,138Â 295Â 736,1.0
964212,201900005743,7,7,21:10,2,2,7,1.0,1.0,75108,AVENUE MARCEAU,M,"48,8660690","2,2996880",75,2019,50.0,1.0,1.0,4.0,2155178,1.0,1,4,1,5.0,,0.0,0,1967.0,B01,138Â 295Â 737,1.0,0.0,-1.0,1645648,2.0,7,,0.0,2.0,1.0,B01,138Â 295Â 737,0.0
964212,201900005743,7,7,21:10,2,2,7,1.0,1.0,75108,AVENUE MARCEAU,M,"48,8660690","2,2996880",75,2019,50.0,1.0,1.0,4.0,2155179,2.0,2,4,1,5.0,,0.0,0,1971.0,B01,138Â 295Â 737,1.0,0.0,-1.0,1645647,1.0,7,,0.0,2.0,1.0,A01,138Â 295Â 736,1.0
964212,201900005743,7,7,21:10,2,2,7,1.0,1.0,75108,AVENUE MARCEAU,M,"48,8660690","2,2996880",75,2019,50.0,1.0,1.0,4.0,2155179,2.0,2,4,1,5.0,,0.0,0,1971.0,B01,138Â 295Â 737,1.0,0.0,-1.0,1645648,2.0,7,,0.0,2.0,1.0,B01,138Â 295Â 737,0.0
964213,201900005744,7,8,17:10,1,2,2,1.0,6.0,75113,RUE DE LA GLACIERE,M,"48,8264470","2,3417990",75,2019,50.0,1.0,1.0,4.0,2155180,10.0,3,4,2,9.0,,4.0,3,1965.0,A01,138Â 295Â 735,8.0,0.0,-1.0,1645649,2.0,7,,0.0,1.0,6.0,A01,138Â 295Â 735,2.0
964213,201900005744,7,8,17:10,1,2,2,1.0,6.0,75113,RUE DE LA GLACIERE,M,"48,8264470","2,3417990",75,2019,50.0,1.0,1.0,4.0,2155181,1.0,1,1,1,4.0,,0.0,0,1988.0,A01,138Â 295Â 735,1.0,0.0,-1.0,1645649,2.0,7,,0.0,1.0,6.0,A01,138Â 295Â 735,2.0
964214,201900005745,7,8,17:00,1,2,3,1.0,3.0,75112,AVENUE DAUMESNIL,M,"48,8384420","2,3987050",75,2019,50.0,1.0,1.0,4.0,2155182,2.0,1,4,1,1.0,,0.0,0,1959.0,B01,138Â 295Â 733,2.0,6.0,-1.0,1645650,1.0,33,,0.0,2.0,8.0,B01,138Â 295Â 733,1.0
964214,201900005745,7,8,17:00,1,2,3,1.0,3.0,75112,AVENUE DAUMESNIL,M,"48,8384420","2,3987050",75,2019,50.0,1.0,1.0,4.0,2155182,2.0,1,4,1,1.0,,0.0,0,1959.0,B01,138Â 295Â 733,2.0,6.0,-1.0,1645651,1.0,7,,0.0,2.0,8.0,A01,138Â 295Â 734,1.0
964214,201900005745,7,8,17:00,1,2,3,1.0,3.0,75112,AVENUE DAUMESNIL,M,"48,8384420","2,3987050",75,2019,50.0,1.0,1.0,4.0,2155183,1.0,1,1,1,1.0,,0.0,0,1985.0,A01,138Â 295Â 734,1.0,0.0,-1.0,1645650,1.0,33,,0.0,2.0,8.0,B01,138Â 295Â 733,1.0
964214,201900005745,7,8,17:00,1,2,3,1.0,3.0,75112,AVENUE DAUMESNIL,M,"48,8384420","2,3987050",75,2019,50.0,1.0,1.0,4.0,2155183,1.0,1,1,1,1.0,,0.0,0,1985.0,A01,138Â 295Â 734,1.0,0.0,-1.0,1645651,1.0,7,,0.0,2.0,8.0,A01,138Â 295Â 734,1.0
964215,201900005746,7,8,09:40,1,2,1,1.0,2.0,75110,RUE DE METZ,M,"48,8708420","2,3539360",75,2019,30.0,1.0,1.0,4.0,2155184,1.0,1,1,2,1.0,,0.0,0,1984.0,B01,138Â 295Â 731,2.0,0.0,-1.0,1645652,1.0,1,,0.0,2.0,6.0,B01,138Â 295Â 731,5.0
964215,201900005746,7,8,09:40,1,2,1,1.0,2.0,75110,RUE DE METZ,M,"48,8708420","2,3539360",75,2019,30.0,1.0,1.0,4.0,2155184,1.0,1,1,2,1.0,,0.0,0,1984.0,B01,138Â 295Â 731,2.0,0.0,-1.0,1645653,1.0,2,,0.0,2.0,2.0,A01,138Â 295Â 732,1.0
964215,201900005746,7,8,09:40,1,2,1,1.0,2.0,75110,RUE DE METZ,M,"48,8708420","2,3539360",75,2019,30.0,1.0,1.0,4.0,2155185,1.0,1,4,1,1.0,,0.0,0,1986.0,A01,138Â 295Â 732,2.0,6.0,-1.0,1645652,1.0,1,,0.0,2.0,6.0,B01,138Â 295Â 731,5.0
964215,201900005746,7,8,09:40,1,2,1,1.0,2.0,75110,RUE DE METZ,M,"48,8708420","2,3539360",75,2019,30.0,1.0,1.0,4.0,2155185,1.0,1,4,1,1.0,,0.0,0,1986.0,A01,138Â 295Â 732,2.0,6.0,-1.0,1645653,1.0,2,,0.0,2.0,2.0,A01,138Â 295Â 732,1.0
964216,201900005747,7,8,20:15,1,2,7,1.0,5.0,75108,AVENUE DES CHAMPS ELYSEES,M,"48,8677560","2,3139680",75,2019,50.0,1.0,1.0,4.0,2155186,1.0,1,4,1,9.0,,0.0,0,1970.0,C01,138Â 295Â 728,2.0,0.0,-1.0,1645654,1.0,1,,0.0,2.0,3.0,C01,138Â 295Â 728,5.0
964216,201900005747,7,8,20:15,1,2,7,1.0,5.0,75108,AVENUE DES CHAMPS ELYSEES,M,"48,8677560","2,3139680",75,2019,50.0,1.0,1.0,4.0,2155186,1.0,1,4,1,9.0,,0.0,0,1970.0,C01,138Â 295Â 728,2.0,0.0,-1.0,1645655,1.0,33,,0.0,2.0,8.0,B01,138Â 295Â 729,1.0
964216,201900005747,7,8,20:15,1,2,7,1.0,5.0,75108,AVENUE DES CHAMPS ELYSEES,M,"48,8677560","2,3139680",75,2019,50.0,1.0,1.0,4.0,2155186,1.0,1,4,1,9.0,,0.0,0,1970.0,C01,138Â 295Â 728,2.0,0.0,-1.0,1645656,1.0,7,,0.0,2.0,2.0,A01,138Â 295Â 730,3.0
964216,201900005747,7,8,20:15,1,2,7,1.0,5.0,75108,AVENUE DES CHAMPS ELYSEES,M,"48,8677560","2,3139680",75,2019,50.0,1.0,1.0,4.0,2155187,1.0,1,4,1,9.0,,0.0,0,1990.0,B01,138Â 295Â 729,2.0,6.0,-1.0,1645654,1.0,1,,0.0,2.0,3.0,C01,138Â 295Â 728,5.0
964216,201900005747,7,8,20:15,1,2,7,1.0,5.0,75108,AVENUE DES CHAMPS ELYSEES,M,"48,8677560","2,3139680",75,2019,50.0,1.0,1.0,4.0,2155187,1.0,1,4,1,9.0,,0.0,0,1990.0,B01,138Â 295Â 729,2.0,6.0,-1.0,1645655,1.0,33,,0.0,2.0,8.0,B01,138Â 295Â 729,1.0
964216,201900005747,7,8,20:15,1,2,7,1.0,5.0,75108,AVENUE DES CHAMPS ELYSEES,M,"48,8677560","2,3139680",75,2019,50.0,1.0,1.0,4.0,2155187,1.0,1,4,1,9.0,,0.0,0,1990.0,B01,138Â 295Â 729,2.0,6.0,-1.0,1645656,1.0,7,,0.0,2.0,2.0,A01,138Â 295Â 730,3.0
964216,201900005747,7,8,20:15,1,2,7,1.0,5.0,75108,AVENUE DES CHAMPS ELYSEES,M,"48,8677560","2,3139680",75,2019,50.0,1.0,1.0,4.0,2155188,1.0,1,1,1,9.0,,0.0,0,1969.0,A01,138Â 295Â 730,1.0,0.0,-1.0,1645654,1.0,1,,0.0,2.0,3.0,C01,138Â 295Â 728,5.0
964216,201900005747,7,8,20:15,1,2,7,1.0,5.0,75108,AVENUE DES CHAMPS ELYSEES,M,"48,8677560","2,3139680",75,2019,50.0,1.0,1.0,4.0,2155188,1.0,1,1,1,9.0,,0.0,0,1969.0,A01,138Â 295Â 730,1.0,0.0,-1.0,1645655,1.0,33,,0.0,2.0,8.0,B01,138Â 295Â 729,1.0
964216,201900005747,7,8,20:15,1,2,7,1.0,5.0,75108,AVENUE DES CHAMPS ELYSEES,M,"48,8677560","2,3139680",75,2019,50.0,1.0,1.0,4.0,2155188,1.0,1,1,1,9.0,,0.0,0,1969.0,A01,138Â 295Â 730,1.0,0.0,-1.0,1645656,1.0,7,,0.0,2.0,2.0,A01,138Â 295Â 730,3.0
964217,201900005748,7,8,10:50,1,2,2,1.0,3.0,75117,PLACE CHARLES FILLION,M,"48,8886330","2,3156610",75,2019,50.0,1.0,1.0,4.0,2155189,1.0,1,1,1,9.0,,0.0,0,1961.0,A01,138Â 295Â 726,1.0,0.0,-1.0,1645657,1.0,7,,0.0,2.0,3.0,A01,138Â 295Â 726,1.0
964217,201900005748,7,8,10:50,1,2,2,1.0,3.0,75117,PLACE CHARLES FILLION,M,"48,8886330","2,3156610",75,2019,50.0,1.0,1.0,4.0,2155189,1.0,1,1,1,9.0,,0.0,0,1961.0,A01,138Â 295Â 726,1.0,0.0,-1.0,1645658,2.0,50,,0.0,2.0,1.0,B01,138Â 295Â 727,3.0
964217,201900005748,7,8,10:50,1,2,2,1.0,3.0,75117,PLACE CHARLES FILLION,M,"48,8886330","2,3156610",75,2019,50.0,1.0,1.0,4.0,2155190,1.0,1,4,1,5.0,,0.0,0,1980.0,B01,138Â 295Â 727,1.0,0.0,-1.0,1645657,1.0,7,,0.0,2.0,3.0,A01,138Â 295Â 726,1.0
964217,201900005748,7,8,10:50,1,2,2,1.0,3.0,75117,PLACE CHARLES FILLION,M,"48,8886330","2,3156610",75,2019,50.0,1.0,1.0,4.0,2155190,1.0,1,4,1,5.0,,0.0,0,1980.0,B01,138Â 295Â 727,1.0,0.0,-1.0,1645658,2.0,50,,0.0,2.0,1.0,B01,138Â 295Â 727,3.0
964218,201900005749,7,6,11:30,1,2,7,1.0,6.0,75117,PLACE GENERAL CATROUX,M,"48,8827620","2,3090880",75,2019,50.0,1.0,1.0,4.0,2155191,10.0,3,4,1,5.0,,4.0,3,1961.0,A01,138Â 295Â 725,8.0,0.0,-1.0,1645659,2.0,7,,0.0,1.0,2.0,A01,138Â 295Â 725,1.0
964218,201900005749,7,6,11:30,1,2,7,1.0,6.0,75117,PLACE GENERAL CATROUX,M,"48,8827620","2,3090880",75,2019,50.0,1.0,1.0,4.0,2155192,1.0,1,1,1,9.0,,0.0,0,1949.0,A01,138Â 295Â 725,1.0,0.0,-1.0,1645659,2.0,7,,0.0,1.0,2.0,A01,138Â 295Â 725,1.0
964219,201900005750,7,7,02:00,5,2,2,1.0,3.0,75101,QUAI FRANCOIS MITTERRAND,M,"48,8601810","2,3332110",75,2019,50.0,1.0,1.0,4.0,2155193,1.0,1,4,1,5.0,,0.0,0,1995.0,A01,138Â 295Â 723,2.0,0.0,-1.0,1645660,1.0,1,,0.0,2.0,2.0,A01,138Â 295Â 723,5.0
964219,201900005750,7,7,02:00,5,2,2,1.0,3.0,75101,QUAI FRANCOIS MITTERRAND,M,"48,8601810","2,3332110",75,2019,50.0,1.0,1.0,4.0,2155193,1.0,1,4,1,5.0,,0.0,0,1995.0,A01,138Â 295Â 723,2.0,0.0,-1.0,1645661,2.0,7,,0.0,2.0,1.0,B01,138Â 295Â 724,2.0
964219,201900005750,7,7,02:00,5,2,2,1.0,3.0,75101,QUAI FRANCOIS MITTERRAND,M,"48,8601810","2,3332110",75,2019,50.0,1.0,1.0,4.0,2155194,1.0,1,1,1,1.0,,0.0,0,1956.0,B01,138Â 295Â 724,1.0,0.0,-1.0,1645660,1.0,1,,0.0,2.0,2.0,A01,138Â 295Â 723,5.0
964219,201900005750,7,7,02:00,5,2,2,1.0,3.0,75101,QUAI FRANCOIS MITTERRAND,M,"48,8601810","2,3332110",75,2019,50.0,1.0,1.0,4.0,2155194,1.0,1,1,1,1.0,,0.0,0,1956.0,B01,138Â 295Â 724,1.0,0.0,-1.0,1645661,2.0,7,,0.0,2.0,1.0,B01,138Â 295Â 724,2.0
964220,201900005751,7,8,13:45,1,2,7,1.0,3.0,75101,PLACE VENDOME,M,"48,8678610","2,3298500",75,2019,50.0,1.0,1.0,4.0,2155195,1.0,1,4,2,5.0,,0.0,0,1974.0,B01,138Â 295Â 721,2.0,6.0,-1.0,1645662,1.0,32,,0.0,2.0,1.0,B01,138Â 295Â 721,1.0
964220,201900005751,7,8,13:45,1,2,7,1.0,3.0,75101,PLACE VENDOME,M,"48,8678610","2,3298500",75,2019,50.0,1.0,1.0,4.0,2155195,1.0,1,4,2,5.0,,0.0,0,1974.0,B01,138Â 295Â 721,2.0,6.0,-1.0,1645663,2.0,7,,0.0,2.0,2.0,A01,138Â 295Â 722,1.0
964220,201900005751,7,8,13:45,1,2,7,1.0,3.0,75101,PLACE VENDOME,M,"48,8678610","2,3298500",75,2019,50.0,1.0,1.0,4.0,2155196,1.0,1,1,1,5.0,,0.0,0,1994.0,A01,138Â 295Â 722,1.0,0.0,-1.0,1645662,1.0,32,,0.0,2.0,1.0,B01,138Â 295Â 721,1.0
964220,201900005751,7,8,13:45,1,2,7,1.0,3.0,75101,PLACE VENDOME,M,"48,8678610","2,3298500",75,2019,50.0,1.0,1.0,4.0,2155196,1.0,1,1,1,5.0,,0.0,0,1994.0,A01,138Â 295Â 722,1.0,0.0,-1.0,1645663,2.0,7,,0.0,2.0,2.0,A01,138Â 295Â 722,1.0
964221,201900005752,7,7,03:50,5,2,1,1.0,6.0,75101,QUAI DU LOUVRE,M,"48,8589220","2,3402620",75,2019,50.0,1.0,1.0,4.0,2155197,1.0,1,4,1,9.0,,0.0,0,1996.0,A01,138Â 295Â 720,1.0,0.0,-1.0,1645664,2.0,7,,15.0,0.0,3.0,A01,138Â 295Â 720,1.0
964222,201900005753,7,8,20:45,1,2,1,1.0,3.0,94003,PAUL VAILLANT COUTURIER (AV),M,"48,7986800","2,3457600",94,2019,50.0,1.0,1.0,3.0,2155198,1.0,1,1,1,5.0,,-1.0, -1,1988.0,A01,138Â 295Â 718,1.0,0.0,-1.0,1645665,1.0,7,,0.0,2.0,2.0,A01,138Â 295Â 718,0.0
964222,201900005753,7,8,20:45,1,2,1,1.0,3.0,94003,PAUL VAILLANT COUTURIER (AV),M,"48,7986800","2,3457600",94,2019,50.0,1.0,1.0,3.0,2155198,1.0,1,1,1,5.0,,-1.0, -1,1988.0,A01,138Â 295Â 718,1.0,0.0,-1.0,1645666,1.0,33,,0.0,2.0,3.0,B01,138Â 295Â 719,0.0
964222,201900005753,7,8,20:45,1,2,1,1.0,3.0,94003,PAUL VAILLANT COUTURIER (AV),M,"48,7986800","2,3457600",94,2019,50.0,1.0,1.0,3.0,2155199,1.0,1,3,1,0.0,,-1.0, -1,1979.0,B01,138Â 295Â 719,2.0,6.0,-1.0,1645665,1.0,7,,0.0,2.0,2.0,A01,138Â 295Â 718,0.0
964222,201900005753,7,8,20:45,1,2,1,1.0,3.0,94003,PAUL VAILLANT COUTURIER (AV),M,"48,7986800","2,3457600",94,2019,50.0,1.0,1.0,3.0,2155199,1.0,1,3,1,0.0,,-1.0, -1,1979.0,B01,138Â 295Â 719,2.0,6.0,-1.0,1645666,1.0,33,,0.0,2.0,3.0,B01,138Â 295Â 719,0.0
964223,201900005754,7,7,15:30,1,2,6,1.0,3.0,94033,OLYMPIADES (AV DES),M,"48,8540700","2,4884700",94,2019,50.0,1.0,1.0,4.0,2155200,1.0,1,1,2,5.0,,-1.0, -1,1964.0,B01,138Â 295Â 716,1.0,0.0,-1.0,1645667,0.0,7,,0.0,2.0,1.0,B01,138Â 295Â 716,1.0
964223,201900005754,7,7,15:30,1,2,6,1.0,3.0,94033,OLYMPIADES (AV DES),M,"48,8540700","2,4884700",94,2019,50.0,1.0,1.0,4.0,2155200,1.0,1,1,2,5.0,,-1.0, -1,1964.0,B01,138Â 295Â 716,1.0,0.0,-1.0,1645668,0.0,50,,0.0,2.0,1.0,A01,138Â 295Â 717,3.0
964223,201900005754,7,7,15:30,1,2,6,1.0,3.0,94033,OLYMPIADES (AV DES),M,"48,8540700","2,4884700",94,2019,50.0,1.0,1.0,4.0,2155201,1.0,1,4,2,5.0,,-1.0, -1,1954.0,A01,138Â 295Â 717,2.0,0.0,-1.0,1645667,0.0,7,,0.0,2.0,1.0,B01,138Â 295Â 716,1.0
964223,201900005754,7,7,15:30,1,2,6,1.0,3.0,94033,OLYMPIADES (AV DES),M,"48,8540700","2,4884700",94,2019,50.0,1.0,1.0,4.0,2155201,1.0,1,4,2,5.0,,-1.0, -1,1954.0,A01,138Â 295Â 717,2.0,0.0,-1.0,1645668,0.0,50,,0.0,2.0,1.0,A01,138Â 295Â 717,3.0
964224,201900005755,7,7,02:15,5,2,1,1.0,6.0,94054,BAS MARIN (R DU),M,"48,7480000","2,3897000",94,2019,50.0,1.0,1.0,3.0,2155202,1.0,1,4,1,5.0,,-1.0, -1,1977.0,A01,138Â 295Â 715,8.0,0.0,-1.0,1645669,1.0,10,,1.0,0.0,1.0,A01,138Â 295Â 715,0.0
964225,201900005756,7,8,17:25,1,1,1,1.0,2.0,93073,CHAPIT RE ( RUE DU),M,"49,0027640","2,5369100",93,2019,70.0,1.0,1.0,9.0,2155203,1.0,1,4,1,1.0,,-1.0, -1,1984.0,B01,138Â 295Â 713,1.0,0.0,-1.0,1645670,1.0,7,,0.0,2.0,1.0,B01,138Â 295Â 713,1.0
964225,201900005756,7,8,17:25,1,1,1,1.0,2.0,93073,CHAPIT RE ( RUE DU),M,"49,0027640","2,5369100",93,2019,70.0,1.0,1.0,9.0,2155203,1.0,1,4,1,1.0,,-1.0, -1,1984.0,B01,138Â 295Â 713,1.0,0.0,-1.0,1645671,1.0,7,,3.0,2.0,6.0,A01,138Â 295Â 714,1.0
964225,201900005756,7,8,17:25,1,1,1,1.0,2.0,93073,CHAPIT RE ( RUE DU),M,"49,0027640","2,5369100",93,2019,70.0,1.0,1.0,9.0,2155204,1.0,1,4,2,4.0,,-1.0, -1,1964.0,A01,138Â 295Â 714,1.0,0.0,-1.0,1645670,1.0,7,,0.0,2.0,1.0,B01,138Â 295Â 713,1.0
964225,201900005756,7,8,17:25,1,1,1,1.0,2.0,93073,CHAPIT RE ( RUE DU),M,"49,0027640","2,5369100",93,2019,70.0,1.0,1.0,9.0,2155204,1.0,1,4,2,4.0,,-1.0, -1,1964.0,A01,138Â 295Â 714,1.0,0.0,-1.0,1645671,1.0,7,,3.0,2.0,6.0,A01,138Â 295Â 714,1.0
964225,201900005756,7,8,17:25,1,1,1,1.0,2.0,93073,CHAPIT RE ( RUE DU),M,"49,0027640","2,5369100",93,2019,70.0,1.0,1.0,9.0,2155205,2.0,2,4,2,4.0,,-1.0, -1,1984.0,A01,138Â 295Â 714,1.0,0.0,-1.0,1645670,1.0,7,,0.0,2.0,1.0,B01,138Â 295Â 713,1.0
964225,201900005756,7,8,17:25,1,1,1,1.0,2.0,93073,CHAPIT RE ( RUE DU),M,"49,0027640","2,5369100",93,2019,70.0,1.0,1.0,9.0,2155205,2.0,2,4,2,4.0,,-1.0, -1,1984.0,A01,138Â 295Â 714,1.0,0.0,-1.0,1645671,1.0,7,,3.0,2.0,6.0,A01,138Â 295Â 714,1.0
964226,201900005757,7,8,18:00,1,2,3,1.0,3.0,93072,STALINGRAD (AVENUE DE) COTE DES NÂ°51 AU,M,"48,9579400","2,3969000",93,2019,50.0,1.0,1.0,3.0,2155206,1.0,1,4,1,0.0,,-1.0, -1,1993.0,LB01,138Â 295Â 711,2.0,6.0,-1.0,1645672,1.0,33,,0.0,2.0,2.0,LB01,138Â 295Â 711,0.0
964226,201900005757,7,8,18:00,1,2,3,1.0,3.0,93072,STALINGRAD (AVENUE DE) COTE DES NÂ°51 AU,M,"48,9579400","2,3969000",93,2019,50.0,1.0,1.0,3.0,2155206,1.0,1,4,1,0.0,,-1.0, -1,1993.0,LB01,138Â 295Â 711,2.0,6.0,-1.0,1645673,1.0,7,,0.0,2.0,8.0,A01,138Â 295Â 712,0.0
964226,201900005757,7,8,18:00,1,2,3,1.0,3.0,93072,STALINGRAD (AVENUE DE) COTE DES NÂ°51 AU,M,"48,9579400","2,3969000",93,2019,50.0,1.0,1.0,3.0,2155207,1.0,1,4,1,0.0,,-1.0, -1,1954.0,A01,138Â 295Â 712,1.0,8.0,-1.0,1645672,1.0,33,,0.0,2.0,2.0,LB01,138Â 295Â 711,0.0
964226,201900005757,7,8,18:00,1,2,3,1.0,3.0,93072,STALINGRAD (AVENUE DE) COTE DES NÂ°51 AU,M,"48,9579400","2,3969000",93,2019,50.0,1.0,1.0,3.0,2155207,1.0,1,4,1,0.0,,-1.0, -1,1954.0,A01,138Â 295Â 712,1.0,8.0,-1.0,1645673,1.0,7,,0.0,2.0,8.0,A01,138Â 295Â 712,0.0
964227,201900005758,7,8,00:05,5,2,1,1.0,7.0,93070,ALBERT-DHALENNE (RUE),M,"48,9116000","2,3367000",93,2019,50.0,1.0,1.0,3.0,2155208,1.0,1,4,1,5.0,,-1.0, -1,1995.0,A01,138Â 295Â 710,2.0,6.0,-1.0,1645674,2.0,33,,0.0,0.0,0.0,A01,138Â 295Â 710,1.0
964228,201900005759,7,8,12:25,1,2,3,1.0,1.0,93066,VAILLANT COUTURIER PAUL (AV) NR 2 A 110,M,"48,9314900","2,3643000",93,2019,50.0,1.0,1.0,3.0,2155209,1.0,1,1,2,9.0,,-1.0, -1,1979.0,A01,138Â 295Â 708,1.0,0.0,-1.0,1645675,2.0,7,,0.0,2.0,1.0,A01,138Â 295Â 708,1.0
964228,201900005759,7,8,12:25,1,2,3,1.0,1.0,93066,VAILLANT COUTURIER PAUL (AV) NR 2 A 110,M,"48,9314900","2,3643000",93,2019,50.0,1.0,1.0,3.0,2155209,1.0,1,1,2,9.0,,-1.0, -1,1979.0,A01,138Â 295Â 708,1.0,0.0,-1.0,1645676,1.0,32,,0.0,2.0,1.0,B01,138Â 295Â 709,1.0
964228,201900005759,7,8,12:25,1,2,3,1.0,1.0,93066,VAILLANT COUTURIER PAUL (AV) NR 2 A 110,M,"48,9314900","2,3643000",93,2019,50.0,1.0,1.0,3.0,2155210,1.0,1,4,1,0.0,,-1.0, -1,1988.0,B01,138Â 295Â 709,2.0,0.0,-1.0,1645675,2.0,7,,0.0,2.0,1.0,A01,138Â 295Â 708,1.0
964228,201900005759,7,8,12:25,1,2,3,1.0,1.0,93066,VAILLANT COUTURIER PAUL (AV) NR 2 A 110,M,"48,9314900","2,3643000",93,2019,50.0,1.0,1.0,3.0,2155210,1.0,1,4,1,0.0,,-1.0, -1,1988.0,B01,138Â 295Â 709,2.0,0.0,-1.0,1645676,1.0,32,,0.0,2.0,1.0,B01,138Â 295Â 709,1.0
964229,201900005760,7,8,08:30,1,2,1,1.0,6.0,93039,CHATELIER (QUAI DU ),M,"48,9197400","2,3289000",93,2019,50.0,1.0,1.0,3.0,2155211,10.0,3,4,2,0.0,,3.0,3,1975.0,A01,138Â 295Â 707,8.0,0.0,-1.0,1645677,1.0,34,,0.0,1.0,2.0,A01,138Â 295Â 707,1.0