Unnamed: 0_x,num_acc,mois,jour,hrmn,lum,agg,int,atm,col,com,adr,gps,lat,long,dep,annee,vma,situ,surf,catr,Unnamed: 0_y,place,catu,grav,sexe,trajet,secu,locp,actp,an_nais,num_veh_x,id_vehicule_x,secu1,secu2,secu3,Unnamed: 0,senc,catv,occutc,obs,obsm,choc,num_veh_y,id_vehicule_y,motor
964229,201900005760,7,8,08:30,1,2,1,1.0,6.0,93039,CHATELIER (QUAI DU ),M,"48,9197400","2,3289000",93,2019,50.0,1.0,1.0,3.0,2155212,1.0,1,1,1,1.0,,0.0,0,1958.0,A01,138Â 295Â 707,2.0,0.0,-1.0,1645677,1.0,34,,0.0,1.0,2.0,A01,138Â 295Â 707,1.0
964230,201900005761,6,25,18:50,1,2,1,1.0,2.0,93055,JEAN LOLIVE (AVENUE)(1/55 2/60),M,"48,8911400","2,4004600",93,2019,50.0,1.0,1.0,3.0,2155213,1.0,1,4,1,0.0,,-1.0, -1,1973.0,A01,138Â 295Â 705,2.0,0.0,-1.0,1645678,2.0,43,,0.0,2.0,1.0,A01,138Â 295Â 705,1.0
964230,201900005761,6,25,18:50,1,2,1,1.0,2.0,93055,JEAN LOLIVE (AVENUE)(1/55 2/60),M,"48,8911400","2,4004600",93,2019,50.0,1.0,1.0,3.0,2155213,1.0,1,4,1,0.0,,-1.0, -1,1973.0,A01,138Â 295Â 705,2.0,0.0,-1.0,1645679,2.0,33,,0.0,2.0,4.0,B01,138Â 295Â 706,1.0
964230,201900005761,6,25,18:50,1,2,1,1.0,2.0,93055,JEAN LOLIVE (AVENUE)(1/55 2/60),M,"48,8911400","2,4004600",93,2019,50.0,1.0,1.0,3.0,2155214,1.0,1,4,2,0.0,,-1.0, -1,1960.0,B01,138Â 295Â 706,2.0,0.0,-1.0,1645678,2.0,43,,0.0,2.0,1.0,A01,138Â 295Â 705,1.0
964230,201900005761,6,25,18:50,1,2,1,1.0,2.0,93055,JEAN LOLIVE (AVENUE)(1/55 2/60),M,"48,8911400","2,4004600",93,2019,50.0,1.0,1.0,3.0,2155214,1.0,1,4,2,0.0,,-1.0, -1,1960.0,B01,138Â 295Â 706,2.0,0.0,-1.0,1645679,2.0,33,,0.0,2.0,4.0,B01,138Â 295Â 706,1.0
964231,201900005762,7,8,10:45,1,2,1,1.0,6.0,93051,GEORGES MELIES,M,"48,8394600","2,5397600",93,2019,50.0,3.0,1.0,3.0,2155215,10.0,3,4,1,0.0,,5.0,1,1943.0,A01,138Â 295Â 704,0.0,0.0,-1.0,1645680,1.0,3,,0.0,1.0,1.0,A01,138Â 295Â 704,1.0
964231,201900005762,7,8,10:45,1,2,1,1.0,6.0,93051,GEORGES MELIES,M,"48,8394600","2,5397600",93,2019,50.0,3.0,1.0,3.0,2155216,1.0,1,1,1,4.0,,-1.0, -1,1961.0,A01,138Â 295Â 704,1.0,0.0,-1.0,1645680,1.0,3,,0.0,1.0,1.0,A01,138Â 295Â 704,1.0
964232,201900005763,7,7,22:20,5,2,1,1.0,6.0,93048,HENRI BARBUSSE (BOULEVARD),M,"48,8639100","2,4443300",93,2019,50.0,1.0,1.0,3.0,2155217,2.0,2,4,1,0.0,,-1.0, -1,1995.0,A01,138Â 295Â 703,1.0,0.0,-1.0,1645681,1.0,7,,15.0,0.0,2.0,A01,138Â 295Â 703,1.0
964232,201900005763,7,7,22:20,5,2,1,1.0,6.0,93048,HENRI BARBUSSE (BOULEVARD),M,"48,8639100","2,4443300",93,2019,50.0,1.0,1.0,3.0,2155218,3.0,2,4,1,5.0,,-1.0, -1,1995.0,A01,138Â 295Â 703,1.0,0.0,-1.0,1645681,1.0,7,,15.0,0.0,2.0,A01,138Â 295Â 703,1.0
964232,201900005763,7,7,22:20,5,2,1,1.0,6.0,93048,HENRI BARBUSSE (BOULEVARD),M,"48,8639100","2,4443300",93,2019,50.0,1.0,1.0,3.0,2155219,1.0,1,1,2,5.0,,-1.0, -1,1995.0,A01,138Â 295Â 703,1.0,0.0,-1.0,1645681,1.0,7,,15.0,0.0,2.0,A01,138Â 295Â 703,1.0
964233,201900005764,7,8,17:55,1,2,1,1.0,6.0,93046,ROSNY ALLEE DE,M,"48,9020400","2,5115300",93,2019,50.0,1.0,1.0,4.0,2155220,10.0,3,4,1,0.0,,3.0,3,2004.0,A01,138Â 295Â 702,0.0,0.0,-1.0,1645682,0.0,7,,0.0,1.0,3.0,A01,138Â 295Â 702,0.0
964233,201900005764,7,8,17:55,1,2,1,1.0,6.0,93046,ROSNY ALLEE DE,M,"48,9020400","2,5115300",93,2019,50.0,1.0,1.0,4.0,2155221,1.0,1,1,2,0.0,,-1.0, -1,1964.0,A01,138Â 295Â 702,1.0,0.0,-1.0,1645682,0.0,7,,0.0,1.0,3.0,A01,138Â 295Â 702,0.0
964234,201900005765,7,8,14:20,1,2,1,1.0,6.0,93031,LYAUTEY,M,"48,9652658","2,2986916",93,2019,30.0,4.0,1.0,4.0,2155222,1.0,1,4,1,5.0,,-1.0, -1,2004.0,A01,138Â 295Â 701,2.0,0.0,-1.0,1645683,1.0,34,,0.0,2.0,1.0,A01,138Â 295Â 701,1.0
964235,201900005766,7,8,13:30,1,2,1,1.0,6.0,93010,LEBAS (AV. JEAN),M,"48,9129470","2,4813570",93,2019,30.0,4.0,1.0,4.0,2155223,10.0,3,4,1,0.0,,5.0,B,1939.0,A01,138Â 295Â 700,8.0,8.0,-1.0,1645684,0.0,7,,0.0,1.0,0.0,A01,138Â 295Â 700,0.0
964236,201900005767,7,8,12:15,1,2,2,1.0,3.0,92073,LOUCHEUR (BOULEVARD LOUIS),M,"48,8595674","2,2136019",92,2019,50.0,1.0,1.0,3.0,2155224,1.0,1,4,2,0.0,,-1.0, -1,1956.0,B01,138Â 295Â 698,1.0,0.0,-1.0,1645685,0.0,10,,0.0,2.0,2.0,B01,138Â 295Â 698,1.0
964236,201900005767,7,8,12:15,1,2,2,1.0,3.0,92073,LOUCHEUR (BOULEVARD LOUIS),M,"48,8595674","2,2136019",92,2019,50.0,1.0,1.0,3.0,2155224,1.0,1,4,2,0.0,,-1.0, -1,1956.0,B01,138Â 295Â 698,1.0,0.0,-1.0,1645686,1.0,10,,0.0,2.0,3.0,A01,138Â 295Â 699,1.0
964236,201900005767,7,8,12:15,1,2,2,1.0,3.0,92073,LOUCHEUR (BOULEVARD LOUIS),M,"48,8595674","2,2136019",92,2019,50.0,1.0,1.0,3.0,2155225,1.0,1,4,1,0.0,,-1.0,0,1961.0,A01,138Â 295Â 699,1.0,0.0,-1.0,1645685,0.0,10,,0.0,2.0,2.0,B01,138Â 295Â 698,1.0
964236,201900005767,7,8,12:15,1,2,2,1.0,3.0,92073,LOUCHEUR (BOULEVARD LOUIS),M,"48,8595674","2,2136019",92,2019,50.0,1.0,1.0,3.0,2155225,1.0,1,4,1,0.0,,-1.0,0,1961.0,A01,138Â 295Â 699,1.0,0.0,-1.0,1645686,1.0,10,,0.0,2.0,3.0,A01,138Â 295Â 699,1.0
964236,201900005767,7,8,12:15,1,2,2,1.0,3.0,92073,LOUCHEUR (BOULEVARD LOUIS),M,"48,8595674","2,2136019",92,2019,50.0,1.0,1.0,3.0,2155226,2.0,2,4,2,0.0,,-1.0,0,1930.0,A01,138Â 295Â 699,1.0,0.0,-1.0,1645685,0.0,10,,0.0,2.0,2.0,B01,138Â 295Â 698,1.0
964236,201900005767,7,8,12:15,1,2,2,1.0,3.0,92073,LOUCHEUR (BOULEVARD LOUIS),M,"48,8595674","2,2136019",92,2019,50.0,1.0,1.0,3.0,2155226,2.0,2,4,2,0.0,,-1.0,0,1930.0,A01,138Â 295Â 699,1.0,0.0,-1.0,1645686,1.0,10,,0.0,2.0,3.0,A01,138Â 295Â 699,1.0
964237,201900005768,7,5,16:00,1,2,1,1.0,3.0,92025,STALINGRAD (AV DE),M,"48,9291288","2,2684558",92,2019,50.0,1.0,1.0,3.0,2155227,1.0,1,1,1,0.0,,-1.0,0,1978.0,A01,138Â 295Â 696,1.0,0.0,-1.0,1645687,3.0,7,,0.0,2.0,2.0,A01,138Â 295Â 696,0.0
964237,201900005768,7,5,16:00,1,2,1,1.0,3.0,92025,STALINGRAD (AV DE),M,"48,9291288","2,2684558",92,2019,50.0,1.0,1.0,3.0,2155227,1.0,1,1,1,0.0,,-1.0,0,1978.0,A01,138Â 295Â 696,1.0,0.0,-1.0,1645688,3.0,33,,0.0,2.0,3.0,B01,138Â 295Â 697,1.0
964237,201900005768,7,5,16:00,1,2,1,1.0,3.0,92025,STALINGRAD (AV DE),M,"48,9291288","2,2684558",92,2019,50.0,1.0,1.0,3.0,2155228,1.0,1,4,1,0.0,,-1.0,0,1979.0,B01,138Â 295Â 697,2.0,0.0,-1.0,1645687,3.0,7,,0.0,2.0,2.0,A01,138Â 295Â 696,0.0
964237,201900005768,7,5,16:00,1,2,1,1.0,3.0,92025,STALINGRAD (AV DE),M,"48,9291288","2,2684558",92,2019,50.0,1.0,1.0,3.0,2155228,1.0,1,4,1,0.0,,-1.0,0,1979.0,B01,138Â 295Â 697,2.0,0.0,-1.0,1645688,3.0,33,,0.0,2.0,3.0,B01,138Â 295Â 697,1.0
964238,201900005769,7,7,04:30,3,1,1,1.0,7.0,47246,route de saint hilaire,M,"44,2236410","0,5167880",47,2019,80.0,1.0,1.0,3.0,2155229,1.0,1,3,1,5.0,,0.0,0,1983.0,A01,138Â 295Â 695,0.0,-1.0,-1.0,1645689,1.0,7,,9.0,0.0,9.0,A01,138Â 295Â 695,1.0
964238,201900005769,7,7,04:30,3,1,1,1.0,7.0,47246,route de saint hilaire,M,"44,2236410","0,5167880",47,2019,80.0,1.0,1.0,3.0,2155230,2.0,2,3,2,5.0,,0.0,0,1988.0,A01,138Â 295Â 695,1.0,-1.0,-1.0,1645689,1.0,7,,9.0,0.0,9.0,A01,138Â 295Â 695,1.0
964239,201900005770,7,9,10:45,1,2,1,3.0,3.0,83136,Boulevard du 17 AoÃ»t 1944,M,"43,4541280","6,2989800",83,2019,50.0,1.0,2.0,3.0,2155231,1.0,1,2,1,5.0,,0.0,0,1988.0,B01,138Â 295Â 693,2.0,-1.0,-1.0,1645690,2.0,1,,0.0,2.0,1.0,B01,138Â 295Â 693,5.0
964239,201900005770,7,9,10:45,1,2,1,3.0,3.0,83136,Boulevard du 17 AoÃ»t 1944,M,"43,4541280","6,2989800",83,2019,50.0,1.0,2.0,3.0,2155231,1.0,1,2,1,5.0,,0.0,0,1988.0,B01,138Â 295Â 693,2.0,-1.0,-1.0,1645691,1.0,7,,0.0,9.0,7.0,A01,138Â 295Â 694,1.0
964239,201900005770,7,9,10:45,1,2,1,3.0,3.0,83136,Boulevard du 17 AoÃ»t 1944,M,"43,4541280","6,2989800",83,2019,50.0,1.0,2.0,3.0,2155232,1.0,1,1,2,3.0,,0.0,0,1933.0,A01,138Â 295Â 694,1.0,-1.0,-1.0,1645690,2.0,1,,0.0,2.0,1.0,B01,138Â 295Â 693,5.0
964239,201900005770,7,9,10:45,1,2,1,3.0,3.0,83136,Boulevard du 17 AoÃ»t 1944,M,"43,4541280","6,2989800",83,2019,50.0,1.0,2.0,3.0,2155232,1.0,1,1,2,3.0,,0.0,0,1933.0,A01,138Â 295Â 694,1.0,-1.0,-1.0,1645691,1.0,7,,0.0,9.0,7.0,A01,138Â 295Â 694,1.0
964240,201900005771,7,7,15:20,1,2,3,1.0,3.0,40133,Avenue de l'OcÃ©an,M,"43,5927270"," -1,4325930",40,2019,50.0,1.0,1.0,3.0,2155233,1.0,1,1,2,5.0,,0.0,0,1944.0,A01,138Â 295Â 691,1.0,-1.0,-1.0,1645692,3.0,7,,0.0,2.0,1.0,A01,138Â 295Â 691,1.0
964240,201900005771,7,7,15:20,1,2,3,1.0,3.0,40133,Avenue de l'OcÃ©an,M,"43,5927270"," -1,4325930",40,2019,50.0,1.0,1.0,3.0,2155233,1.0,1,1,2,5.0,,0.0,0,1944.0,A01,138Â 295Â 691,1.0,-1.0,-1.0,1645693,3.0,31,,0.0,0.0,8.0,B01,138Â 295Â 692,1.0
964240,201900005771,7,7,15:20,1,2,3,1.0,3.0,40133,Avenue de l'OcÃ©an,M,"43,5927270"," -1,4325930",40,2019,50.0,1.0,1.0,3.0,2155234,1.0,1,3,1,5.0,,0.0,0,1951.0,B01,138Â 295Â 692,2.0,-1.0,-1.0,1645692,3.0,7,,0.0,2.0,1.0,A01,138Â 295Â 691,1.0
964240,201900005771,7,7,15:20,1,2,3,1.0,3.0,40133,Avenue de l'OcÃ©an,M,"43,5927270"," -1,4325930",40,2019,50.0,1.0,1.0,3.0,2155234,1.0,1,3,1,5.0,,0.0,0,1951.0,B01,138Â 295Â 692,2.0,-1.0,-1.0,1645693,3.0,31,,0.0,0.0,8.0,B01,138Â 295Â 692,1.0
964241,201900005772,7,9,14:40,1,2,9,1.0,1.0,06161,2507 (RD 6007),M,"43,6272700","7,1326820",6,2019,50.0,5.0,1.0,3.0,2155235,1.0,1,1,1,1.0,,0.0,0,1986.0,A01,138Â 295Â 689,1.0,-1.0,-1.0,1645694,1.0,7,,0.0,2.0,1.0,A01,138Â 295Â 689,1.0
964241,201900005772,7,9,14:40,1,2,9,1.0,1.0,06161,2507 (RD 6007),M,"43,6272700","7,1326820",6,2019,50.0,5.0,1.0,3.0,2155235,1.0,1,1,1,1.0,,0.0,0,1986.0,A01,138Â 295Â 689,1.0,-1.0,-1.0,1645695,2.0,32,,0.0,2.0,1.0,B01,138Â 295Â 690,1.0
964241,201900005772,7,9,14:40,1,2,9,1.0,1.0,06161,2507 (RD 6007),M,"43,6272700","7,1326820",6,2019,50.0,5.0,1.0,3.0,2155236,1.0,1,3,1,1.0,,0.0,0,1981.0,B01,138Â 295Â 690,2.0,-1.0,-1.0,1645694,1.0,7,,0.0,2.0,1.0,A01,138Â 295Â 689,1.0
964241,201900005772,7,9,14:40,1,2,9,1.0,1.0,06161,2507 (RD 6007),M,"43,6272700","7,1326820",6,2019,50.0,5.0,1.0,3.0,2155236,1.0,1,3,1,1.0,,0.0,0,1981.0,B01,138Â 295Â 690,2.0,-1.0,-1.0,1645695,2.0,32,,0.0,2.0,1.0,B01,138Â 295Â 690,1.0
964242,201900005773,7,8,17:10,1,1,1,1.0,7.0,22070,PR 89 +350,M,"48,5491445"," -3,1509841",22,2019,110.0,8.0,1.0,2.0,2155237,2.0,2,4,2,5.0,,0.0,0,2001.0,A01,138Â 295Â 688,1.0,-1.0,-1.0,1645696,1.0,7,,3.0,0.0,9.0,A01,138Â 295Â 688,1.0
964242,201900005773,7,8,17:10,1,1,1,1.0,7.0,22070,PR 89 +350,M,"48,5491445"," -3,1509841",22,2019,110.0,8.0,1.0,2.0,2155238,1.0,1,4,2,5.0,,0.0,0,2001.0,A01,138Â 295Â 688,1.0,-1.0,-1.0,1645696,1.0,7,,3.0,0.0,9.0,A01,138Â 295Â 688,1.0
964243,201900005774,7,8,15:05,1,2,3,1.0,2.0,38383,Chemin du BouillÃ¢t,M,"45,3859570","5,6329110",38,2019,50.0,1.0,1.0,3.0,2155239,1.0,1,1,2,0.0,,0.0,0,1970.0,B01,138Â 295Â 686,1.0,-1.0,-1.0,1645697,1.0,7,,0.0,0.0,6.0,B01,138Â 295Â 686,1.0
964243,201900005774,7,8,15:05,1,2,3,1.0,2.0,38383,Chemin du BouillÃ¢t,M,"45,3859570","5,6329110",38,2019,50.0,1.0,1.0,3.0,2155239,1.0,1,1,2,0.0,,0.0,0,1970.0,B01,138Â 295Â 686,1.0,-1.0,-1.0,1645698,1.0,2,,0.0,2.0,1.0,A01,138Â 295Â 687,1.0
964243,201900005774,7,8,15:05,1,2,3,1.0,2.0,38383,Chemin du BouillÃ¢t,M,"45,3859570","5,6329110",38,2019,50.0,1.0,1.0,3.0,2155240,1.0,1,3,1,0.0,,0.0,0,2003.0,A01,138Â 295Â 687,2.0,6.0,-1.0,1645697,1.0,7,,0.0,0.0,6.0,B01,138Â 295Â 686,1.0
964243,201900005774,7,8,15:05,1,2,3,1.0,2.0,38383,Chemin du BouillÃ¢t,M,"45,3859570","5,6329110",38,2019,50.0,1.0,1.0,3.0,2155240,1.0,1,3,1,0.0,,0.0,0,2003.0,A01,138Â 295Â 687,2.0,6.0,-1.0,1645698,1.0,2,,0.0,2.0,1.0,A01,138Â 295Â 687,1.0
964244,201900005775,7,8,15:00,1,1,1,1.0,7.0,57089,Route DÃ©partementale 35 P.R. 019+800,M,"49,0543880","7,4879090",57,2019,80.0,1.0,1.0,3.0,2155241,1.0,1,4,1,4.0,,0.0,0,1987.0,A01,138Â 295Â 685,2.0,6.0,-1.0,1645699,1.0,33,,3.0,0.0,0.0,A01,138Â 295Â 685,1.0
964244,201900005775,7,8,15:00,1,1,1,1.0,7.0,57089,Route DÃ©partementale 35 P.R. 019+800,M,"49,0543880","7,4879090",57,2019,80.0,1.0,1.0,3.0,2155242,2.0,2,3,1,1.0,,0.0,0,1995.0,A01,138Â 295Â 685,2.0,-1.0,-1.0,1645699,1.0,33,,3.0,0.0,0.0,A01,138Â 295Â 685,1.0
964245,201900005776,6,18,18:40,1,1,1,1.0,3.0,19072,D170,M,"45,2268750","1,5231100",19,2019,80.0,1.0,1.0,3.0,2155243,1.0,1,3,2,5.0,,0.0,0,1990.0,B01,138Â 295Â 683,2.0,-1.0,-1.0,1645700,0.0,33,,0.0,2.0,1.0,B01,138Â 295Â 683,1.0
964245,201900005776,6,18,18:40,1,1,1,1.0,3.0,19072,D170,M,"45,2268750","1,5231100",19,2019,80.0,1.0,1.0,3.0,2155243,1.0,1,3,2,5.0,,0.0,0,1990.0,B01,138Â 295Â 683,2.0,-1.0,-1.0,1645701,0.0,7,,0.0,2.0,6.0,A01,138Â 295Â 684,1.0
964245,201900005776,6,18,18:40,1,1,1,1.0,3.0,19072,D170,M,"45,2268750","1,5231100",19,2019,80.0,1.0,1.0,3.0,2155244,1.0,1,1,1,4.0,,0.0,0,1971.0,A01,138Â 295Â 684,1.0,-1.0,-1.0,1645700,0.0,33,,0.0,2.0,1.0,B01,138Â 295Â 683,1.0
964245,201900005776,6,18,18:40,1,1,1,1.0,3.0,19072,D170,M,"45,2268750","1,5231100",19,2019,80.0,1.0,1.0,3.0,2155244,1.0,1,1,1,4.0,,0.0,0,1971.0,A01,138Â 295Â 684,1.0,-1.0,-1.0,1645701,0.0,7,,0.0,2.0,6.0,A01,138Â 295Â 684,1.0
964246,201900005777,7,6,23:30,3,1,1,1.0,7.0,56169,Landredeau,M,"47,6805850"," -3,2476800",56,2019,80.0,3.0,1.0,4.0,2155245,1.0,1,4,2,5.0,,0.0,0,1988.0,A01,138Â 295Â 682,8.0,-1.0,-1.0,1645702,3.0,10,,13.0,0.0,2.0,A01,138Â 295Â 682,1.0
964247,201900005778,7,7,17:00,1,2,6,1.0,3.0,56193,Kerostin route de Port Louis,M,"47,7216230"," -3,3331300",56,2019,50.0,1.0,1.0,3.0,2155246,1.0,1,3,1,5.0,,0.0,0,1996.0,B01,138Â 295Â 681,2.0,-1.0,-1.0,1645703,2.0,7,,0.0,9.0,2.0,A01,138Â 295Â 680,0.0
964247,201900005778,7,7,17:00,1,2,6,1.0,3.0,56193,Kerostin route de Port Louis,M,"47,7216230"," -3,3331300",56,2019,50.0,1.0,1.0,3.0,2155246,1.0,1,3,1,5.0,,0.0,0,1996.0,B01,138Â 295Â 681,2.0,-1.0,-1.0,1645704,2.0,1,,0.0,9.0,3.0,B01,138Â 295Â 681,5.0
964248,201900005779,7,9,11:15,1,1,1,1.0,6.0,56168,D768 Avenue de l'OcÃ©an,M,"47,5967490"," -3,1220350",56,2019,50.0,1.0,1.0,3.0,2155247,10.0,3,4,1,5.0,,1.0,6,1968.0,A01,138Â 295Â 679,0.0,-1.0,-1.0,1645705,1.0,7,,0.0,1.0,2.0,A01,138Â 295Â 679,1.0
964248,201900005779,7,9,11:15,1,1,1,1.0,6.0,56168,D768 Avenue de l'OcÃ©an,M,"47,5967490"," -3,1220350",56,2019,50.0,1.0,1.0,3.0,2155248,1.0,1,1,2,5.0,,0.0,0,1938.0,A01,138Â 295Â 679,1.0,-1.0,-1.0,1645705,1.0,7,,0.0,1.0,2.0,A01,138Â 295Â 679,1.0
964249,201900005780,7,9,17:00,1,1,1,1.0,1.0,79079,,M,"46,9613670"," -0,8805820",79,2019,80.0,1.0,1.0,3.0,2155249,1.0,1,3,1,0.0,,0.0,0,1992.0,A01,138Â 295Â 677,8.0,-1.0,-1.0,1645706,1.0,7,,0.0,2.0,3.0,A01,138Â 295Â 677,1.0
964249,201900005780,7,9,17:00,1,1,1,1.0,1.0,79079,,M,"46,9613670"," -0,8805820",79,2019,80.0,1.0,1.0,3.0,2155249,1.0,1,3,1,0.0,,0.0,0,1992.0,A01,138Â 295Â 677,8.0,-1.0,-1.0,1645707,2.0,7,,0.0,2.0,3.0,B01,138Â 295Â 678,1.0
964249,201900005780,7,9,17:00,1,1,1,1.0,1.0,79079,,M,"46,9613670"," -0,8805820",79,2019,80.0,1.0,1.0,3.0,2155250,9.0,2,1,1,3.0,,0.0,0,2015.0,B01,138Â 295Â 678,1.0,-1.0,-1.0,1645706,1.0,7,,0.0,2.0,3.0,A01,138Â 295Â 677,1.0
964249,201900005780,7,9,17:00,1,1,1,1.0,1.0,79079,,M,"46,9613670"," -0,8805820",79,2019,80.0,1.0,1.0,3.0,2155250,9.0,2,1,1,3.0,,0.0,0,2015.0,B01,138Â 295Â 678,1.0,-1.0,-1.0,1645707,2.0,7,,0.0,2.0,3.0,B01,138Â 295Â 678,1.0
964249,201900005780,7,9,17:00,1,1,1,1.0,1.0,79079,,M,"46,9613670"," -0,8805820",79,2019,80.0,1.0,1.0,3.0,2155251,1.0,1,3,2,3.0,,0.0,0,1959.0,B01,138Â 295Â 678,1.0,-1.0,-1.0,1645706,1.0,7,,0.0,2.0,3.0,A01,138Â 295Â 677,1.0
964249,201900005780,7,9,17:00,1,1,1,1.0,1.0,79079,,M,"46,9613670"," -0,8805820",79,2019,80.0,1.0,1.0,3.0,2155251,1.0,1,3,2,3.0,,0.0,0,1959.0,B01,138Â 295Â 678,1.0,-1.0,-1.0,1645707,2.0,7,,0.0,2.0,3.0,B01,138Â 295Â 678,1.0
964249,201900005780,7,9,17:00,1,1,1,1.0,1.0,79079,,M,"46,9613670"," -0,8805820",79,2019,80.0,1.0,1.0,3.0,2155252,2.0,2,3,2,3.0,,0.0,0,1988.0,B01,138Â 295Â 678,1.0,-1.0,-1.0,1645706,1.0,7,,0.0,2.0,3.0,A01,138Â 295Â 677,1.0
964249,201900005780,7,9,17:00,1,1,1,1.0,1.0,79079,,M,"46,9613670"," -0,8805820",79,2019,80.0,1.0,1.0,3.0,2155252,2.0,2,3,2,3.0,,0.0,0,1988.0,B01,138Â 295Â 678,1.0,-1.0,-1.0,1645707,2.0,7,,0.0,2.0,3.0,B01,138Â 295Â 678,1.0
964250,201900005781,7,9,13:15,1,2,3,1.0,6.0,2B150,RT 30,M,"42,5753720","8,8334810",2B,2019,50.0,1.0,1.0,2.0,2155253,1.0,1,3,1,5.0,,0.0,0,1948.0,A01,138Â 295Â 675,2.0,-1.0,-1.0,1645708,1.0,32,,0.0,0.0,0.0,A01,138Â 295Â 675,1.0
964250,201900005781,7,9,13:15,1,2,3,1.0,6.0,2B150,RT 30,M,"42,5753720","8,8334810",2B,2019,50.0,1.0,1.0,2.0,2155253,1.0,1,3,1,5.0,,0.0,0,1948.0,A01,138Â 295Â 675,2.0,-1.0,-1.0,1645709,2.0,14,,0.0,0.0,0.0,B01,138Â 295Â 676,1.0
964250,201900005781,7,9,13:15,1,2,3,1.0,6.0,2B150,RT 30,M,"42,5753720","8,8334810",2B,2019,50.0,1.0,1.0,2.0,2155254,1.0,1,1,1,4.0,,0.0,0,1971.0,B01,138Â 295Â 676,8.0,-1.0,-1.0,1645708,1.0,32,,0.0,0.0,0.0,A01,138Â 295Â 675,1.0
964250,201900005781,7,9,13:15,1,2,3,1.0,6.0,2B150,RT 30,M,"42,5753720","8,8334810",2B,2019,50.0,1.0,1.0,2.0,2155254,1.0,1,1,1,4.0,,0.0,0,1971.0,B01,138Â 295Â 676,8.0,-1.0,-1.0,1645709,2.0,14,,0.0,0.0,0.0,B01,138Â 295Â 676,1.0
964251,201900005782,7,9,14:35,1,1,1,1.0,1.0,2B166, -,M,"42,5110360","9,4417000",2B,2019,80.0,1.0,1.0,3.0,2155255,1.0,1,4,2,0.0,,0.0,0,1940.0,B01,138Â 295Â 673,8.0,-1.0,-1.0,1645710,3.0,7,,0.0,2.0,3.0,B01,138Â 295Â 673,1.0
964251,201900005782,7,9,14:35,1,1,1,1.0,1.0,2B166, -,M,"42,5110360","9,4417000",2B,2019,80.0,1.0,1.0,3.0,2155255,1.0,1,4,2,0.0,,0.0,0,1940.0,B01,138Â 295Â 673,8.0,-1.0,-1.0,1645711,1.0,7,,0.0,2.0,3.0,A01,138Â 295Â 674,0.0
964251,201900005782,7,9,14:35,1,1,1,1.0,1.0,2B166, -,M,"42,5110360","9,4417000",2B,2019,80.0,1.0,1.0,3.0,2155256,1.0,1,4,2,0.0,,0.0,0,1982.0,A01,138Â 295Â 674,8.0,-1.0,-1.0,1645710,3.0,7,,0.0,2.0,3.0,B01,138Â 295Â 673,1.0
964251,201900005782,7,9,14:35,1,1,1,1.0,1.0,2B166, -,M,"42,5110360","9,4417000",2B,2019,80.0,1.0,1.0,3.0,2155256,1.0,1,4,2,0.0,,0.0,0,1982.0,A01,138Â 295Â 674,8.0,-1.0,-1.0,1645711,1.0,7,,0.0,2.0,3.0,A01,138Â 295Â 674,0.0
964252,201900005783,7,9,06:45,1,2,1,1.0,6.0,65360,RD97,M,"43,1040500"," -0,1126863",65,2019,50.0,3.0,1.0,3.0,2155257,1.0,1,3,2,1.0,,0.0,0,1996.0,A01,138Â 295Â 672,1.0,-1.0,-1.0,1645712,2.0,7,,10.0,0.0,8.0,A01,138Â 295Â 672,1.0
964253,201900005784,7,9,15:35,1,1,1,1.0,1.0,11426,"d 620, PK 29 + 600",M,"43,2856200","2,4397310",11,2019,80.0,1.0,1.0,3.0,2155258,1.0,1,3,2,1.0,,0.0,0,1997.0,B01,138Â 295Â 670,1.0,-1.0,-1.0,1645713,1.0,7,,0.0,2.0,1.0,B01,138Â 295Â 670,1.0
964253,201900005784,7,9,15:35,1,1,1,1.0,1.0,11426,"d 620, PK 29 + 600",M,"43,2856200","2,4397310",11,2019,80.0,1.0,1.0,3.0,2155258,1.0,1,3,2,1.0,,0.0,0,1997.0,B01,138Â 295Â 670,1.0,-1.0,-1.0,1645714,2.0,7,,0.0,2.0,1.0,A01,138Â 295Â 671,1.0
964253,201900005784,7,9,15:35,1,1,1,1.0,1.0,11426,"d 620, PK 29 + 600",M,"43,2856200","2,4397310",11,2019,80.0,1.0,1.0,3.0,2155259,1.0,1,3,1,0.0,,0.0,0,1977.0,A01,138Â 295Â 671,1.0,-1.0,-1.0,1645713,1.0,7,,0.0,2.0,1.0,B01,138Â 295Â 670,1.0
964253,201900005784,7,9,15:35,1,1,1,1.0,1.0,11426,"d 620, PK 29 + 600",M,"43,2856200","2,4397310",11,2019,80.0,1.0,1.0,3.0,2155259,1.0,1,3,1,0.0,,0.0,0,1977.0,A01,138Â 295Â 671,1.0,-1.0,-1.0,1645714,2.0,7,,0.0,2.0,1.0,A01,138Â 295Â 671,1.0
964254,201900005785,7,4,18:05,1,2,1,1.0,6.0,63003,10 Avenue Georges Clemenceau,M,"45,5511290","3,7394860",63,2019,50.0,1.0,1.0,9.0,2155260,10.0,3,3,1,5.0,,5.0,9,1969.0,A01,138Â 295Â 669,0.0,-1.0,-1.0,1645715,1.0,7,,0.0,1.0,2.0,A01,138Â 295Â 669,6.0
964254,201900005785,7,4,18:05,1,2,1,1.0,6.0,63003,10 Avenue Georges Clemenceau,M,"45,5511290","3,7394860",63,2019,50.0,1.0,1.0,9.0,2155261,1.0,1,1,2,0.0,,0.0,0,1943.0,A01,138Â 295Â 669,1.0,-1.0,-1.0,1645715,1.0,7,,0.0,1.0,2.0,A01,138Â 295Â 669,6.0