Unnamed: 0_x,num_acc,mois,jour,hrmn,lum,agg,int,atm,col,com,adr,gps,lat,long,dep,annee,vma,situ,surf,catr,Unnamed: 0_y,place,catu,grav,sexe,trajet,secu,locp,actp,an_nais,num_veh_x,id_vehicule_x,secu1,secu2,secu3,Unnamed: 0,senc,catv,occutc,obs,obsm,choc,num_veh_y,id_vehicule_y,motor
964255,201900005786,7,6,19:00,1,1,1,1.0,6.0,61369,Le Four Ã  Chaux,M,"48,6758800"," -0,6414360",61,2019,80.0,3.0,1.0,9.0,2155262,1.0,1,3,1,5.0,,0.0,0,1981.0,A01,138Â 295Â 668,8.0,-1.0,-1.0,1645716,3.0,33,,13.0,0.0,1.0,A01,138Â 295Â 668,1.0
964256,201900005787,7,8,18:25,1,1,1,1.0,6.0,12171,Route DÃ©patementale 901,M,"44,4965250","2,4377910",12,2019,80.0,8.0,1.0,3.0,2155263,1.0,1,3,1,5.0,,0.0,0,1992.0,A01,138Â 295Â 667,1.0,-1.0,-1.0,1645717,2.0,7,,13.0,0.0,2.0,A01,138Â 295Â 667,1.0
964257,201900005788,7,8,17:10,1,1,2,1.0,3.0,47011,RD 656 et C 201,M,"44,3640350","0,9743520",47,2019,80.0,1.0,1.0,3.0,2155264,2.0,2,4,2,5.0,,0.0,0,1966.0,B01,138Â 295Â 665,1.0,-1.0,-1.0,1645718,3.0,7,,0.0,2.0,1.0,B01,138Â 295Â 665,1.0
964257,201900005788,7,8,17:10,1,1,2,1.0,3.0,47011,RD 656 et C 201,M,"44,3640350","0,9743520",47,2019,80.0,1.0,1.0,3.0,2155264,2.0,2,4,2,5.0,,0.0,0,1966.0,B01,138Â 295Â 665,1.0,-1.0,-1.0,1645719,3.0,7,,0.0,2.0,2.0,A01,138Â 295Â 666,1.0
964257,201900005788,7,8,17:10,1,1,2,1.0,3.0,47011,RD 656 et C 201,M,"44,3640350","0,9743520",47,2019,80.0,1.0,1.0,3.0,2155265,1.0,1,4,2,5.0,,0.0,0,1974.0,B01,138Â 295Â 665,1.0,-1.0,-1.0,1645718,3.0,7,,0.0,2.0,1.0,B01,138Â 295Â 665,1.0
964257,201900005788,7,8,17:10,1,1,2,1.0,3.0,47011,RD 656 et C 201,M,"44,3640350","0,9743520",47,2019,80.0,1.0,1.0,3.0,2155265,1.0,1,4,2,5.0,,0.0,0,1974.0,B01,138Â 295Â 665,1.0,-1.0,-1.0,1645719,3.0,7,,0.0,2.0,2.0,A01,138Â 295Â 666,1.0
964257,201900005788,7,8,17:10,1,1,2,1.0,3.0,47011,RD 656 et C 201,M,"44,3640350","0,9743520",47,2019,80.0,1.0,1.0,3.0,2155266,1.0,1,3,1,5.0,,0.0,0,1987.0,A01,138Â 295Â 666,1.0,-1.0,-1.0,1645718,3.0,7,,0.0,2.0,1.0,B01,138Â 295Â 665,1.0
964257,201900005788,7,8,17:10,1,1,2,1.0,3.0,47011,RD 656 et C 201,M,"44,3640350","0,9743520",47,2019,80.0,1.0,1.0,3.0,2155266,1.0,1,3,1,5.0,,0.0,0,1987.0,A01,138Â 295Â 666,1.0,-1.0,-1.0,1645719,3.0,7,,0.0,2.0,2.0,A01,138Â 295Â 666,1.0
964258,201900005789,6,30,18:40,1,1,2,1.0,3.0,86002,RD 18,M,"46,7584750","0,1605270",86,2019,80.0,1.0,1.0,3.0,2155267,9.0,2,3,1,5.0,,0.0,0,2015.0,B01,138Â 295Â 663,3.0,-1.0,-1.0,1645720,1.0,7,,0.0,2.0,5.0,B01,138Â 295Â 663,1.0
964258,201900005789,6,30,18:40,1,1,2,1.0,3.0,86002,RD 18,M,"46,7584750","0,1605270",86,2019,80.0,1.0,1.0,3.0,2155267,9.0,2,3,1,5.0,,0.0,0,2015.0,B01,138Â 295Â 663,3.0,-1.0,-1.0,1645721,2.0,7,,0.0,2.0,1.0,A01,138Â 295Â 664,1.0
964258,201900005789,6,30,18:40,1,1,2,1.0,3.0,86002,RD 18,M,"46,7584750","0,1605270",86,2019,80.0,1.0,1.0,3.0,2155268,7.0,2,1,2,5.0,,0.0,0,2013.0,B01,138Â 295Â 663,3.0,-1.0,-1.0,1645720,1.0,7,,0.0,2.0,5.0,B01,138Â 295Â 663,1.0
964258,201900005789,6,30,18:40,1,1,2,1.0,3.0,86002,RD 18,M,"46,7584750","0,1605270",86,2019,80.0,1.0,1.0,3.0,2155268,7.0,2,1,2,5.0,,0.0,0,2013.0,B01,138Â 295Â 663,3.0,-1.0,-1.0,1645721,2.0,7,,0.0,2.0,1.0,A01,138Â 295Â 664,1.0
964258,201900005789,6,30,18:40,1,1,2,1.0,3.0,86002,RD 18,M,"46,7584750","0,1605270",86,2019,80.0,1.0,1.0,3.0,2155269,2.0,2,3,1,5.0,,0.0,0,1977.0,B01,138Â 295Â 663,1.0,-1.0,-1.0,1645720,1.0,7,,0.0,2.0,5.0,B01,138Â 295Â 663,1.0
964258,201900005789,6,30,18:40,1,1,2,1.0,3.0,86002,RD 18,M,"46,7584750","0,1605270",86,2019,80.0,1.0,1.0,3.0,2155269,2.0,2,3,1,5.0,,0.0,0,1977.0,B01,138Â 295Â 663,1.0,-1.0,-1.0,1645721,2.0,7,,0.0,2.0,1.0,A01,138Â 295Â 664,1.0
964258,201900005789,6,30,18:40,1,1,2,1.0,3.0,86002,RD 18,M,"46,7584750","0,1605270",86,2019,80.0,1.0,1.0,3.0,2155270,1.0,1,1,2,5.0,,0.0,0,1976.0,B01,138Â 295Â 663,1.0,-1.0,-1.0,1645720,1.0,7,,0.0,2.0,5.0,B01,138Â 295Â 663,1.0
964258,201900005789,6,30,18:40,1,1,2,1.0,3.0,86002,RD 18,M,"46,7584750","0,1605270",86,2019,80.0,1.0,1.0,3.0,2155270,1.0,1,1,2,5.0,,0.0,0,1976.0,B01,138Â 295Â 663,1.0,-1.0,-1.0,1645721,2.0,7,,0.0,2.0,1.0,A01,138Â 295Â 664,1.0
964258,201900005789,6,30,18:40,1,1,2,1.0,3.0,86002,RD 18,M,"46,7584750","0,1605270",86,2019,80.0,1.0,1.0,3.0,2155271,1.0,1,3,2,5.0,,0.0,0,1960.0,A01,138Â 295Â 664,1.0,-1.0,-1.0,1645720,1.0,7,,0.0,2.0,5.0,B01,138Â 295Â 663,1.0
964258,201900005789,6,30,18:40,1,1,2,1.0,3.0,86002,RD 18,M,"46,7584750","0,1605270",86,2019,80.0,1.0,1.0,3.0,2155271,1.0,1,3,2,5.0,,0.0,0,1960.0,A01,138Â 295Â 664,1.0,-1.0,-1.0,1645721,2.0,7,,0.0,2.0,1.0,A01,138Â 295Â 664,1.0
964259,201900005790,7,8,15:45,1,2,4,1.0,3.0,68094,Rue de hesingue,M,"47,5518730","7,4491510",68,2019,50.0,1.0,1.0,3.0,2155272,1.0,1,3,1,5.0,,0.0,0,1996.0,B01,138Â 295Â 661,2.0,-1.0,-1.0,1645722,2.0,1,,0.0,2.0,6.0,B01,138Â 295Â 661,5.0
964259,201900005790,7,8,15:45,1,2,4,1.0,3.0,68094,Rue de hesingue,M,"47,5518730","7,4491510",68,2019,50.0,1.0,1.0,3.0,2155272,1.0,1,3,1,5.0,,0.0,0,1996.0,B01,138Â 295Â 661,2.0,-1.0,-1.0,1645723,2.0,15,,0.0,2.0,7.0,A01,138Â 295Â 662,1.0
964259,201900005790,7,8,15:45,1,2,4,1.0,3.0,68094,Rue de hesingue,M,"47,5518730","7,4491510",68,2019,50.0,1.0,1.0,3.0,2155273,1.0,1,1,1,1.0,,0.0,0,1966.0,A01,138Â 295Â 662,1.0,-1.0,-1.0,1645722,2.0,1,,0.0,2.0,6.0,B01,138Â 295Â 661,5.0
964259,201900005790,7,8,15:45,1,2,4,1.0,3.0,68094,Rue de hesingue,M,"47,5518730","7,4491510",68,2019,50.0,1.0,1.0,3.0,2155273,1.0,1,1,1,1.0,,0.0,0,1966.0,A01,138Â 295Â 662,1.0,-1.0,-1.0,1645723,2.0,15,,0.0,2.0,7.0,A01,138Â 295Â 662,1.0
964260,201900005791,7,8,13:30,1,2,1,1.0,3.0,68004,11 Route de Thann,M,"47,6311360","7,2364330",68,2019,50.0,1.0,1.0,3.0,2155274,1.0,1,3,1,5.0,,0.0,0,2004.0,B01,138Â 295Â 660,2.0,-1.0,-1.0,1645724,2.0,2,,0.0,2.0,3.0,A01,138Â 295Â 659,1.0
964260,201900005791,7,8,13:30,1,2,1,1.0,3.0,68004,11 Route de Thann,M,"47,6311360","7,2364330",68,2019,50.0,1.0,1.0,3.0,2155274,1.0,1,3,1,5.0,,0.0,0,2004.0,B01,138Â 295Â 660,2.0,-1.0,-1.0,1645725,2.0,2,,0.0,2.0,2.0,B01,138Â 295Â 660,1.0
964261,201900005792,7,8,17:20,1,1,2,1.0,3.0,44129,Route des Moulins de la GrÃ©e,M,"47,4628330"," -2,1053030",44,2019,-1.0,1.0,1.0,3.0,2155275,2.0,2,3,2,5.0,,0.0,0,1932.0,A01,138Â 295Â 657,1.0,5.0,-1.0,1645726,3.0,7,,0.0,0.0,2.0,A01,138Â 295Â 657,1.0
964261,201900005792,7,8,17:20,1,1,2,1.0,3.0,44129,Route des Moulins de la GrÃ©e,M,"47,4628330"," -2,1053030",44,2019,-1.0,1.0,1.0,3.0,2155275,2.0,2,3,2,5.0,,0.0,0,1932.0,A01,138Â 295Â 657,1.0,5.0,-1.0,1645727,1.0,7,,8.0,2.0,1.0,B01,138Â 295Â 658,1.0
964261,201900005792,7,8,17:20,1,1,2,1.0,3.0,44129,Route des Moulins de la GrÃ©e,M,"47,4628330"," -2,1053030",44,2019,-1.0,1.0,1.0,3.0,2155276,1.0,1,4,1,5.0,,0.0,0,1934.0,A01,138Â 295Â 657,1.0,5.0,-1.0,1645726,3.0,7,,0.0,0.0,2.0,A01,138Â 295Â 657,1.0
964261,201900005792,7,8,17:20,1,1,2,1.0,3.0,44129,Route des Moulins de la GrÃ©e,M,"47,4628330"," -2,1053030",44,2019,-1.0,1.0,1.0,3.0,2155276,1.0,1,4,1,5.0,,0.0,0,1934.0,A01,138Â 295Â 657,1.0,5.0,-1.0,1645727,1.0,7,,8.0,2.0,1.0,B01,138Â 295Â 658,1.0
964261,201900005792,7,8,17:20,1,1,2,1.0,3.0,44129,Route des Moulins de la GrÃ©e,M,"47,4628330"," -2,1053030",44,2019,-1.0,1.0,1.0,3.0,2155277,1.0,1,4,1,5.0,,0.0,0,1952.0,B01,138Â 295Â 658,1.0,5.0,-1.0,1645726,3.0,7,,0.0,0.0,2.0,A01,138Â 295Â 657,1.0
964261,201900005792,7,8,17:20,1,1,2,1.0,3.0,44129,Route des Moulins de la GrÃ©e,M,"47,4628330"," -2,1053030",44,2019,-1.0,1.0,1.0,3.0,2155277,1.0,1,4,1,5.0,,0.0,0,1952.0,B01,138Â 295Â 658,1.0,5.0,-1.0,1645727,1.0,7,,8.0,2.0,1.0,B01,138Â 295Â 658,1.0
964262,201900005793,7,8,04:15,3,1,1,1.0,7.0,44182,Rue de la MouraudiÃ¨re du Sud,M,"47,1580320"," -2,1488090",44,2019,80.0,3.0,1.0,4.0,2155278,1.0,1,2,1,9.0,,0.0,0,1972.0,A01,138Â 295Â 656,8.0,-1.0,-1.0,1645728,0.0,7,,13.0,0.0,8.0,A01,138Â 295Â 656,0.0
964263,201900005794,7,5,14:30,1,1,1,1.0,1.0,35097,la boisseliÃ¨re,M,"48,0103380"," -1,2378270",35,2019,80.0,1.0,1.0,3.0,2155279,1.0,1,3,1,0.0,,0.0,0,1981.0,B01,138Â 295Â 654,1.0,-1.0,-1.0,1645729,2.0,7,,0.0,2.0,3.0,B01,138Â 295Â 654,1.0
964263,201900005794,7,5,14:30,1,1,1,1.0,1.0,35097,la boisseliÃ¨re,M,"48,0103380"," -1,2378270",35,2019,80.0,1.0,1.0,3.0,2155279,1.0,1,3,1,0.0,,0.0,0,1981.0,B01,138Â 295Â 654,1.0,-1.0,-1.0,1645730,1.0,7,,0.0,2.0,3.0,A01,138Â 295Â 655,1.0
964263,201900005794,7,5,14:30,1,1,1,1.0,1.0,35097,la boisseliÃ¨re,M,"48,0103380"," -1,2378270",35,2019,80.0,1.0,1.0,3.0,2155280,1.0,1,1,1,5.0,,0.0,0,1985.0,A01,138Â 295Â 655,1.0,-1.0,-1.0,1645729,2.0,7,,0.0,2.0,3.0,B01,138Â 295Â 654,1.0
964263,201900005794,7,5,14:30,1,1,1,1.0,1.0,35097,la boisseliÃ¨re,M,"48,0103380"," -1,2378270",35,2019,80.0,1.0,1.0,3.0,2155280,1.0,1,1,1,5.0,,0.0,0,1985.0,A01,138Â 295Â 655,1.0,-1.0,-1.0,1645730,1.0,7,,0.0,2.0,3.0,A01,138Â 295Â 655,1.0
964264,201900005795,7,7,16:20,1,2,3,7.0,3.0,35361,Rond-Point du Centre,M,"48,6028625"," -1,7748411",35,2019,50.0,1.0,1.0,3.0,2155281,1.0,1,4,1,5.0,,0.0,0,1989.0,B01,138Â 295Â 652,2.0,-1.0,-1.0,1645731,2.0,1,,0.0,2.0,1.0,B01,138Â 295Â 652,5.0
964264,201900005795,7,7,16:20,1,2,3,7.0,3.0,35361,Rond-Point du Centre,M,"48,6028625"," -1,7748411",35,2019,50.0,1.0,1.0,3.0,2155281,1.0,1,4,1,5.0,,0.0,0,1989.0,B01,138Â 295Â 652,2.0,-1.0,-1.0,1645732,1.0,7,,0.0,2.0,3.0,A01,138Â 295Â 653,1.0
964264,201900005795,7,7,16:20,1,2,3,7.0,3.0,35361,Rond-Point du Centre,M,"48,6028625"," -1,7748411",35,2019,50.0,1.0,1.0,3.0,2155282,1.0,1,1,1,5.0,,0.0,0,1973.0,A01,138Â 295Â 653,1.0,-1.0,-1.0,1645731,2.0,1,,0.0,2.0,1.0,B01,138Â 295Â 652,5.0
964264,201900005795,7,7,16:20,1,2,3,7.0,3.0,35361,Rond-Point du Centre,M,"48,6028625"," -1,7748411",35,2019,50.0,1.0,1.0,3.0,2155282,1.0,1,1,1,5.0,,0.0,0,1973.0,A01,138Â 295Â 653,1.0,-1.0,-1.0,1645732,1.0,7,,0.0,2.0,3.0,A01,138Â 295Â 653,1.0
964265,201900005796,7,9,09:45,1,2,1,7.0,6.0,29293,24 Route de Pont Aven,M,"47,8548507"," -3,8498588",29,2019,30.0,1.0,1.0,3.0,2155283,10.0,3,3,2,5.0,,3.0,3,1931.0,A01,138Â 295Â 651,0.0,-1.0,-1.0,1645733,1.0,7,,0.0,1.0,3.0,A01,138Â 295Â 651,1.0
964265,201900005796,7,9,09:45,1,2,1,7.0,6.0,29293,24 Route de Pont Aven,M,"47,8548507"," -3,8498588",29,2019,30.0,1.0,1.0,3.0,2155284,1.0,1,1,1,0.0,,0.0,0,1984.0,A01,138Â 295Â 651,8.0,-1.0,-1.0,1645733,1.0,7,,0.0,1.0,3.0,A01,138Â 295Â 651,1.0
964266,201900005797,7,7,15:05,1,1,2,1.0,3.0,29190,D789,M,"48,3583020"," -4,7077280",29,2019,80.0,1.0,1.0,3.0,2155285,1.0,1,1,1,5.0,,0.0,0,1987.0,A01,138Â 295Â 649,1.0,-1.0,-1.0,1645734,1.0,7,,0.0,2.0,3.0,A01,138Â 295Â 649,1.0
964266,201900005797,7,7,15:05,1,1,2,1.0,3.0,29190,D789,M,"48,3583020"," -4,7077280",29,2019,80.0,1.0,1.0,3.0,2155285,1.0,1,1,1,5.0,,0.0,0,1987.0,A01,138Â 295Â 649,1.0,-1.0,-1.0,1645735,1.0,33,,0.0,2.0,1.0,B01,138Â 295Â 650,1.0
964266,201900005797,7,7,15:05,1,1,2,1.0,3.0,29190,D789,M,"48,3583020"," -4,7077280",29,2019,80.0,1.0,1.0,3.0,2155286,2.0,2,3,2,5.0,,0.0,0,1958.0,B01,138Â 295Â 650,2.0,6.0,9.0,1645734,1.0,7,,0.0,2.0,3.0,A01,138Â 295Â 649,1.0
964266,201900005797,7,7,15:05,1,1,2,1.0,3.0,29190,D789,M,"48,3583020"," -4,7077280",29,2019,80.0,1.0,1.0,3.0,2155286,2.0,2,3,2,5.0,,0.0,0,1958.0,B01,138Â 295Â 650,2.0,6.0,9.0,1645735,1.0,33,,0.0,2.0,1.0,B01,138Â 295Â 650,1.0
964266,201900005797,7,7,15:05,1,1,2,1.0,3.0,29190,D789,M,"48,3583020"," -4,7077280",29,2019,80.0,1.0,1.0,3.0,2155287,1.0,1,4,1,5.0,,0.0,0,1955.0,B01,138Â 295Â 650,2.0,6.0,9.0,1645734,1.0,7,,0.0,2.0,3.0,A01,138Â 295Â 649,1.0
964266,201900005797,7,7,15:05,1,1,2,1.0,3.0,29190,D789,M,"48,3583020"," -4,7077280",29,2019,80.0,1.0,1.0,3.0,2155287,1.0,1,4,1,5.0,,0.0,0,1955.0,B01,138Â 295Â 650,2.0,6.0,9.0,1645735,1.0,33,,0.0,2.0,1.0,B01,138Â 295Â 650,1.0
964267,201900005798,7,8,13:15,1,1,1,1.0,7.0,70221,D127,M,"47,6421500","6,6964410",70,2019,80.0,1.0,9.0,3.0,2155288,1.0,1,4,1,1.0,,0.0,0,2002.0,A01,138Â 295Â 648,2.0,-1.0,-1.0,1645736,0.0,2,,0.0,0.0,7.0,A01,138Â 295Â 648,1.0
964268,201900005799,7,8,06:20,2,2,1,1.0,2.0,72051,168 Rue Nationale,M,"47,8249740","0,0732940",72,2019,50.0,1.0,1.0,3.0,2155289,1.0,1,1,1,4.0,,0.0,0,1965.0,B01,138Â 295Â 646,1.0,-1.0,-1.0,1645737,1.0,10,,0.0,0.0,6.0,B01,138Â 295Â 646,1.0
964268,201900005799,7,8,06:20,2,2,1,1.0,2.0,72051,168 Rue Nationale,M,"47,8249740","0,0732940",72,2019,50.0,1.0,1.0,3.0,2155289,1.0,1,1,1,4.0,,0.0,0,1965.0,B01,138Â 295Â 646,1.0,-1.0,-1.0,1645738,1.0,7,,1.0,0.0,2.0,A01,138Â 295Â 647,0.0
964268,201900005799,7,8,06:20,2,2,1,1.0,2.0,72051,168 Rue Nationale,M,"47,8249740","0,0732940",72,2019,50.0,1.0,1.0,3.0,2155290,3.0,2,1,1,4.0,,0.0,0,1977.0,B01,138Â 295Â 646,9.0,4.0,6.0,1645737,1.0,10,,0.0,0.0,6.0,B01,138Â 295Â 646,1.0
964268,201900005799,7,8,06:20,2,2,1,1.0,2.0,72051,168 Rue Nationale,M,"47,8249740","0,0732940",72,2019,50.0,1.0,1.0,3.0,2155290,3.0,2,1,1,4.0,,0.0,0,1977.0,B01,138Â 295Â 646,9.0,4.0,6.0,1645738,1.0,7,,1.0,0.0,2.0,A01,138Â 295Â 647,0.0
964268,201900005799,7,8,06:20,2,2,1,1.0,2.0,72051,168 Rue Nationale,M,"47,8249740","0,0732940",72,2019,50.0,1.0,1.0,3.0,2155291,4.0,2,3,1,4.0,,0.0,0,1959.0,B01,138Â 295Â 646,9.0,4.0,6.0,1645737,1.0,10,,0.0,0.0,6.0,B01,138Â 295Â 646,1.0
964268,201900005799,7,8,06:20,2,2,1,1.0,2.0,72051,168 Rue Nationale,M,"47,8249740","0,0732940",72,2019,50.0,1.0,1.0,3.0,2155291,4.0,2,3,1,4.0,,0.0,0,1959.0,B01,138Â 295Â 646,9.0,4.0,6.0,1645738,1.0,7,,1.0,0.0,2.0,A01,138Â 295Â 647,0.0
964268,201900005799,7,8,06:20,2,2,1,1.0,2.0,72051,168 Rue Nationale,M,"47,8249740","0,0732940",72,2019,50.0,1.0,1.0,3.0,2155292,1.0,1,1,1,9.0,,0.0,0,1981.0,A01,138Â 295Â 647,1.0,-1.0,-1.0,1645737,1.0,10,,0.0,0.0,6.0,B01,138Â 295Â 646,1.0
964268,201900005799,7,8,06:20,2,2,1,1.0,2.0,72051,168 Rue Nationale,M,"47,8249740","0,0732940",72,2019,50.0,1.0,1.0,3.0,2155292,1.0,1,1,1,9.0,,0.0,0,1981.0,A01,138Â 295Â 647,1.0,-1.0,-1.0,1645738,1.0,7,,1.0,0.0,2.0,A01,138Â 295Â 647,0.0
964269,201900005800,7,9,09:15,1,2,1,1.0,4.0,06079,26 Avenue Henri Clews,M,"43,5252250","6,9438110",6,2019,-1.0,1.0,1.0,3.0,2155293,1.0,1,1,1,0.0,,0.0,0,1963.0,A01,138Â 295Â 643,1.0,-1.0,-1.0,1645739,3.0,7,,0.0,2.0,1.0,A01,138Â 295Â 643,0.0
964269,201900005800,7,9,09:15,1,2,1,1.0,4.0,06079,26 Avenue Henri Clews,M,"43,5252250","6,9438110",6,2019,-1.0,1.0,1.0,3.0,2155293,1.0,1,1,1,0.0,,0.0,0,1963.0,A01,138Â 295Â 643,1.0,-1.0,-1.0,1645740,3.0,7,,0.0,2.0,4.0,B01,138Â 295Â 644,0.0
964269,201900005800,7,9,09:15,1,2,1,1.0,4.0,06079,26 Avenue Henri Clews,M,"43,5252250","6,9438110",6,2019,-1.0,1.0,1.0,3.0,2155293,1.0,1,1,1,0.0,,0.0,0,1963.0,A01,138Â 295Â 643,1.0,-1.0,-1.0,1645741,3.0,7,,0.0,0.0,4.0,C01,138Â 295Â 645,0.0
964269,201900005800,7,9,09:15,1,2,1,1.0,4.0,06079,26 Avenue Henri Clews,M,"43,5252250","6,9438110",6,2019,-1.0,1.0,1.0,3.0,2155294,1.0,1,1,1,0.0,,0.0,0,1978.0,B01,138Â 295Â 644,1.0,-1.0,-1.0,1645739,3.0,7,,0.0,2.0,1.0,A01,138Â 295Â 643,0.0
964269,201900005800,7,9,09:15,1,2,1,1.0,4.0,06079,26 Avenue Henri Clews,M,"43,5252250","6,9438110",6,2019,-1.0,1.0,1.0,3.0,2155294,1.0,1,1,1,0.0,,0.0,0,1978.0,B01,138Â 295Â 644,1.0,-1.0,-1.0,1645740,3.0,7,,0.0,2.0,4.0,B01,138Â 295Â 644,0.0
964269,201900005800,7,9,09:15,1,2,1,1.0,4.0,06079,26 Avenue Henri Clews,M,"43,5252250","6,9438110",6,2019,-1.0,1.0,1.0,3.0,2155294,1.0,1,1,1,0.0,,0.0,0,1978.0,B01,138Â 295Â 644,1.0,-1.0,-1.0,1645741,3.0,7,,0.0,0.0,4.0,C01,138Â 295Â 645,0.0
964269,201900005800,7,9,09:15,1,2,1,1.0,4.0,06079,26 Avenue Henri Clews,M,"43,5252250","6,9438110",6,2019,-1.0,1.0,1.0,3.0,2155295,1.0,1,4,1,0.0,,0.0,0,1977.0,C01,138Â 295Â 645,1.0,-1.0,-1.0,1645739,3.0,7,,0.0,2.0,1.0,A01,138Â 295Â 643,0.0
964269,201900005800,7,9,09:15,1,2,1,1.0,4.0,06079,26 Avenue Henri Clews,M,"43,5252250","6,9438110",6,2019,-1.0,1.0,1.0,3.0,2155295,1.0,1,4,1,0.0,,0.0,0,1977.0,C01,138Â 295Â 645,1.0,-1.0,-1.0,1645740,3.0,7,,0.0,2.0,4.0,B01,138Â 295Â 644,0.0
964269,201900005800,7,9,09:15,1,2,1,1.0,4.0,06079,26 Avenue Henri Clews,M,"43,5252250","6,9438110",6,2019,-1.0,1.0,1.0,3.0,2155295,1.0,1,4,1,0.0,,0.0,0,1977.0,C01,138Â 295Â 645,1.0,-1.0,-1.0,1645741,3.0,7,,0.0,0.0,4.0,C01,138Â 295Â 645,0.0
964270,201900005801,7,6,18:15,1,2,1,1.0,1.0,83145,route de brue auriac,M,"43,5957350","5,9590036",83,2019,50.0,1.0,1.0,3.0,2155296,2.0,2,1,1,5.0,,0.0,0,1956.0,B01,138Â 295Â 641,1.0,-1.0,-1.0,1645742,2.0,7,,0.0,2.0,3.0,B01,138Â 295Â 641,0.0
964270,201900005801,7,6,18:15,1,2,1,1.0,1.0,83145,route de brue auriac,M,"43,5957350","5,9590036",83,2019,50.0,1.0,1.0,3.0,2155296,2.0,2,1,1,5.0,,0.0,0,1956.0,B01,138Â 295Â 641,1.0,-1.0,-1.0,1645743,1.0,7,,0.0,2.0,8.0,A01,138Â 295Â 642,0.0
964270,201900005801,7,6,18:15,1,2,1,1.0,1.0,83145,route de brue auriac,M,"43,5957350","5,9590036",83,2019,50.0,1.0,1.0,3.0,2155297,1.0,1,1,2,5.0,,0.0,0,1961.0,B01,138Â 295Â 641,1.0,-1.0,-1.0,1645742,2.0,7,,0.0,2.0,3.0,B01,138Â 295Â 641,0.0
964270,201900005801,7,6,18:15,1,2,1,1.0,1.0,83145,route de brue auriac,M,"43,5957350","5,9590036",83,2019,50.0,1.0,1.0,3.0,2155297,1.0,1,1,2,5.0,,0.0,0,1961.0,B01,138Â 295Â 641,1.0,-1.0,-1.0,1645743,1.0,7,,0.0,2.0,8.0,A01,138Â 295Â 642,0.0
964270,201900005801,7,6,18:15,1,2,1,1.0,1.0,83145,route de brue auriac,M,"43,5957350","5,9590036",83,2019,50.0,1.0,1.0,3.0,2155298,9.0,2,4,2,5.0,,0.0,0,1967.0,B01,138Â 295Â 641,1.0,-1.0,-1.0,1645742,2.0,7,,0.0,2.0,3.0,B01,138Â 295Â 641,0.0
964270,201900005801,7,6,18:15,1,2,1,1.0,1.0,83145,route de brue auriac,M,"43,5957350","5,9590036",83,2019,50.0,1.0,1.0,3.0,2155298,9.0,2,4,2,5.0,,0.0,0,1967.0,B01,138Â 295Â 641,1.0,-1.0,-1.0,1645743,1.0,7,,0.0,2.0,8.0,A01,138Â 295Â 642,0.0
964270,201900005801,7,6,18:15,1,2,1,1.0,1.0,83145,route de brue auriac,M,"43,5957350","5,9590036",83,2019,50.0,1.0,1.0,3.0,2155299,1.0,1,4,1,5.0,,0.0,0,1944.0,A01,138Â 295Â 642,1.0,-1.0,-1.0,1645742,2.0,7,,0.0,2.0,3.0,B01,138Â 295Â 641,0.0
964270,201900005801,7,6,18:15,1,2,1,1.0,1.0,83145,route de brue auriac,M,"43,5957350","5,9590036",83,2019,50.0,1.0,1.0,3.0,2155299,1.0,1,4,1,5.0,,0.0,0,1944.0,A01,138Â 295Â 642,1.0,-1.0,-1.0,1645743,1.0,7,,0.0,2.0,8.0,A01,138Â 295Â 642,0.0
964271,201900005802,6,17,17:30,1,1,1,1.0,6.0,83051,Route de Lorgues ,M,"43,4809300","6,2657200",83,2019,80.0,3.0,1.0,3.0,2155300,1.0,1,3,2,0.0,,0.0,0,1994.0,A01,138Â 295Â 639,8.0,-1.0,-1.0,1645744,1.0,7,,8.0,0.0,0.0,A01,138Â 295Â 639,0.0
964272,201900005803,7,7,18:15,1,2,1,1.0,7.0,43224,Route de la BÃ¢tie,M,"45,2376660","4,2435230",43,2019,50.0,3.0,1.0,4.0,2155301,1.0,1,3,1,5.0,,0.0,0,2000.0,A01,138Â 295Â 638,8.0,-1.0,-1.0,1645745,3.0,2,,6.0,0.0,1.0,A01,138Â 295Â 638,0.0
964273,201900005804,7,6,19:10,1,1,1,1.0,3.0,43012,Avenue de Firminy,M,"45,3794160","4,2210570",43,2019,80.0,1.0,1.0,3.0,2155302,1.0,1,4,1,0.0,,0.0,0,1986.0,B01,138Â 295Â 636,1.0,-1.0,-1.0,1645746,1.0,7,,0.0,2.0,2.0,B01,138Â 295Â 636,0.0
964273,201900005804,7,6,19:10,1,1,1,1.0,3.0,43012,Avenue de Firminy,M,"45,3794160","4,2210570",43,2019,80.0,1.0,1.0,3.0,2155302,1.0,1,4,1,0.0,,0.0,0,1986.0,B01,138Â 295Â 636,1.0,-1.0,-1.0,1645747,1.0,7,,0.0,0.0,8.0,A01,138Â 295Â 637,0.0
964273,201900005804,7,6,19:10,1,1,1,1.0,3.0,43012,Avenue de Firminy,M,"45,3794160","4,2210570",43,2019,80.0,1.0,1.0,3.0,2155303,2.0,2,1,2,0.0,,0.0,0,1990.0,B01,138Â 295Â 636,1.0,-1.0,-1.0,1645746,1.0,7,,0.0,2.0,2.0,B01,138Â 295Â 636,0.0