Unnamed: 0_x,num_acc,mois,jour,hrmn,lum,agg,int,atm,col,com,adr,gps,lat,long,dep,annee,vma,situ,surf,catr,Unnamed: 0_y,place,catu,grav,sexe,trajet,secu,locp,actp,an_nais,num_veh_x,id_vehicule_x,secu1,secu2,secu3,Unnamed: 0,senc,catv,occutc,obs,obsm,choc,num_veh_y,id_vehicule_y,motor
964273,201900005804,7,6,19:10,1,1,1,1.0,3.0,43012,Avenue de Firminy,M,"45,3794160","4,2210570",43,2019,80.0,1.0,1.0,3.0,2155303,2.0,2,1,2,0.0,,0.0,0,1990.0,B01,138Â 295Â 636,1.0,-1.0,-1.0,1645747,1.0,7,,0.0,0.0,8.0,A01,138Â 295Â 637,0.0
964273,201900005804,7,6,19:10,1,1,1,1.0,3.0,43012,Avenue de Firminy,M,"45,3794160","4,2210570",43,2019,80.0,1.0,1.0,3.0,2155304,7.0,2,1,2,5.0,,0.0,0,1988.0,B01,138Â 295Â 636,1.0,-1.0,-1.0,1645746,1.0,7,,0.0,2.0,2.0,B01,138Â 295Â 636,0.0
964273,201900005804,7,6,19:10,1,1,1,1.0,3.0,43012,Avenue de Firminy,M,"45,3794160","4,2210570",43,2019,80.0,1.0,1.0,3.0,2155304,7.0,2,1,2,5.0,,0.0,0,1988.0,B01,138Â 295Â 636,1.0,-1.0,-1.0,1645747,1.0,7,,0.0,0.0,8.0,A01,138Â 295Â 637,0.0
964273,201900005804,7,6,19:10,1,1,1,1.0,3.0,43012,Avenue de Firminy,M,"45,3794160","4,2210570",43,2019,80.0,1.0,1.0,3.0,2155305,2.0,2,4,2,5.0,,0.0,0,1989.0,A01,138Â 295Â 637,1.0,-1.0,-1.0,1645746,1.0,7,,0.0,2.0,2.0,B01,138Â 295Â 636,0.0
964273,201900005804,7,6,19:10,1,1,1,1.0,3.0,43012,Avenue de Firminy,M,"45,3794160","4,2210570",43,2019,80.0,1.0,1.0,3.0,2155305,2.0,2,4,2,5.0,,0.0,0,1989.0,A01,138Â 295Â 637,1.0,-1.0,-1.0,1645747,1.0,7,,0.0,0.0,8.0,A01,138Â 295Â 637,0.0
964273,201900005804,7,6,19:10,1,1,1,1.0,3.0,43012,Avenue de Firminy,M,"45,3794160","4,2210570",43,2019,80.0,1.0,1.0,3.0,2155306,4.0,2,4,2,5.0,,0.0,0,2013.0,A01,138Â 295Â 637,1.0,-1.0,-1.0,1645746,1.0,7,,0.0,2.0,2.0,B01,138Â 295Â 636,0.0
964273,201900005804,7,6,19:10,1,1,1,1.0,3.0,43012,Avenue de Firminy,M,"45,3794160","4,2210570",43,2019,80.0,1.0,1.0,3.0,2155306,4.0,2,4,2,5.0,,0.0,0,2013.0,A01,138Â 295Â 637,1.0,-1.0,-1.0,1645747,1.0,7,,0.0,0.0,8.0,A01,138Â 295Â 637,0.0
964273,201900005804,7,6,19:10,1,1,1,1.0,3.0,43012,Avenue de Firminy,M,"45,3794160","4,2210570",43,2019,80.0,1.0,1.0,3.0,2155307,1.0,1,4,1,5.0,,0.0,0,1988.0,A01,138Â 295Â 637,1.0,-1.0,-1.0,1645746,1.0,7,,0.0,2.0,2.0,B01,138Â 295Â 636,0.0
964273,201900005804,7,6,19:10,1,1,1,1.0,3.0,43012,Avenue de Firminy,M,"45,3794160","4,2210570",43,2019,80.0,1.0,1.0,3.0,2155307,1.0,1,4,1,5.0,,0.0,0,1988.0,A01,138Â 295Â 637,1.0,-1.0,-1.0,1645747,1.0,7,,0.0,0.0,8.0,A01,138Â 295Â 637,0.0
964274,201900005805,7,9,16:10,1,1,9,1.0,6.0,07314,bary,M,"44,8850660","4,5871350",7,2019,-1.0,3.0,1.0,4.0,2155308,1.0,1,3,1,1.0,,0.0,0,1990.0,A01,138Â 295Â 634,0.0,-1.0,-1.0,1645748,3.0,7,,2.0,0.0,3.0,A01,138Â 295Â 634,1.0
964275,201900005806,7,7,06:15,2,1,1,1.0,7.0,24340,ROUTE DES NEBOUTS,M,"44,8421000","0,4359900",24,2019,80.0,1.0,1.0,4.0,2155309,1.0,1,3,1,5.0,,0.0,0,1991.0,A01,138Â 295Â 633,1.0,-1.0,-1.0,1645749,3.0,7,,13.0,0.0,2.0,A01,138Â 295Â 633,1.0
964276,201900005807,7,9,17:40,1,1,1,1.0,7.0,04172,RD 952,M,"43,8290193","6,1386786",4,2019,80.0,3.0,1.0,3.0,2155310,1.0,1,4,1,3.0,,0.0,0,1975.0,A01,138Â 295Â 632,2.0,6.0,-1.0,1645750,2.0,2,,13.0,0.0,1.0,A01,138Â 295Â 632,1.0
964277,201900005808,7,9,10:30,1,1,1,3.0,1.0,04008,RN 202,M,"43,9529380","6,6848760",4,2019,80.0,1.0,8.0,2.0,2155311,1.0,1,1,1,5.0,,0.0,0,1938.0,B01,138Â 295Â 630,1.0,-1.0,-1.0,1645751,2.0,7,,0.0,2.0,1.0,B01,138Â 295Â 630,1.0
964277,201900005808,7,9,10:30,1,1,1,3.0,1.0,04008,RN 202,M,"43,9529380","6,6848760",4,2019,80.0,1.0,8.0,2.0,2155311,1.0,1,1,1,5.0,,0.0,0,1938.0,B01,138Â 295Â 630,1.0,-1.0,-1.0,1645752,1.0,33,,0.0,2.0,1.0,A01,138Â 295Â 631,1.0
964277,201900005808,7,9,10:30,1,1,1,3.0,1.0,04008,RN 202,M,"43,9529380","6,6848760",4,2019,80.0,1.0,8.0,2.0,2155312,1.0,1,2,1,5.0,,0.0,0,1962.0,A01,138Â 295Â 631,2.0,6.0,9.0,1645751,2.0,7,,0.0,2.0,1.0,B01,138Â 295Â 630,1.0
964277,201900005808,7,9,10:30,1,1,1,3.0,1.0,04008,RN 202,M,"43,9529380","6,6848760",4,2019,80.0,1.0,8.0,2.0,2155312,1.0,1,2,1,5.0,,0.0,0,1962.0,A01,138Â 295Â 631,2.0,6.0,9.0,1645752,1.0,33,,0.0,2.0,1.0,A01,138Â 295Â 631,1.0
964278,201900005809,6,30,08:32,1,2,1,1.0,1.0,27425,lieu dit FEUGUEROLLES,M,"49,1437080","0,7456130",27,2019,70.0,1.0,1.0,3.0,2155313,1.0,1,3,1,5.0,,0.0,0,1939.0,B01,138Â 295Â 628,1.0,-1.0,-1.0,1645753,0.0,7,,0.0,0.0,1.0,B01,138Â 295Â 628,1.0
964278,201900005809,6,30,08:32,1,2,1,1.0,1.0,27425,lieu dit FEUGUEROLLES,M,"49,1437080","0,7456130",27,2019,70.0,1.0,1.0,3.0,2155313,1.0,1,3,1,5.0,,0.0,0,1939.0,B01,138Â 295Â 628,1.0,-1.0,-1.0,1645754,0.0,7,,0.0,0.0,1.0,A01,138Â 295Â 629,1.0
964278,201900005809,6,30,08:32,1,2,1,1.0,1.0,27425,lieu dit FEUGUEROLLES,M,"49,1437080","0,7456130",27,2019,70.0,1.0,1.0,3.0,2155314,1.0,1,3,2,5.0,,0.0,0,1954.0,A01,138Â 295Â 629,1.0,-1.0,-1.0,1645753,0.0,7,,0.0,0.0,1.0,B01,138Â 295Â 628,1.0
964278,201900005809,6,30,08:32,1,2,1,1.0,1.0,27425,lieu dit FEUGUEROLLES,M,"49,1437080","0,7456130",27,2019,70.0,1.0,1.0,3.0,2155314,1.0,1,3,2,5.0,,0.0,0,1954.0,A01,138Â 295Â 629,1.0,-1.0,-1.0,1645754,0.0,7,,0.0,0.0,1.0,A01,138Â 295Â 629,1.0
964279,201900005810,7,9,02:30,3,1,1,1.0,7.0,87151,Mas de Roche,M,"45,7172970","1,3198860",87,2019,80.0,1.0,1.0,3.0,2155315,1.0,1,2,1,9.0,,0.0,0,2001.0,A01,138Â 295Â 627,0.0,-1.0,-1.0,1645755,2.0,21,,13.0,0.0,3.0,A01,138Â 295Â 627,1.0
964279,201900005810,7,9,02:30,3,1,1,1.0,7.0,87151,Mas de Roche,M,"45,7172970","1,3198860",87,2019,80.0,1.0,1.0,3.0,2155316,2.0,2,3,2,9.0,,0.0,0,2002.0,A01,138Â 295Â 627,0.0,-1.0,-1.0,1645755,2.0,21,,13.0,0.0,3.0,A01,138Â 295Â 627,1.0
964279,201900005810,7,9,02:30,3,1,1,1.0,7.0,87151,Mas de Roche,M,"45,7172970","1,3198860",87,2019,80.0,1.0,1.0,3.0,2155317,2.0,2,3,1,9.0,,0.0,0,2003.0,A01,138Â 295Â 627,0.0,-1.0,-1.0,1645755,2.0,21,,13.0,0.0,3.0,A01,138Â 295Â 627,1.0
964280,201900005811,7,8,10:30,1,1,1,1.0,6.0,30336,Rd 986L,M,"43,8525830","4,6267050",30,2019,80.0,1.0,1.0,3.0,2155318,10.0,3,3,1,0.0,,6.0,2,1967.0,A01,138Â 295Â 626,0.0,-1.0,-1.0,1645756,2.0,14,,0.0,1.0,2.0,A01,138Â 295Â 626,1.0
964280,201900005811,7,8,10:30,1,1,1,1.0,6.0,30336,Rd 986L,M,"43,8525830","4,6267050",30,2019,80.0,1.0,1.0,3.0,2155319,1.0,1,1,1,4.0,,0.0,0,1966.0,A01,138Â 295Â 626,8.0,-1.0,-1.0,1645756,2.0,14,,0.0,1.0,2.0,A01,138Â 295Â 626,1.0
964281,201900005812,7,8,10:50,1,1,1,1.0,1.0,30147,AVENUE DE LA GARE,M,"44,0126630","4,0500580",30,2019,80.0,1.0,1.0,3.0,2155320,1.0,1,4,1,4.0,,0.0,0,1960.0,B01,138Â 295Â 624,1.0,-1.0,-1.0,1645757,2.0,7,,0.0,2.0,1.0,B01,138Â 295Â 624,1.0
964281,201900005812,7,8,10:50,1,1,1,1.0,1.0,30147,AVENUE DE LA GARE,M,"44,0126630","4,0500580",30,2019,80.0,1.0,1.0,3.0,2155320,1.0,1,4,1,4.0,,0.0,0,1960.0,B01,138Â 295Â 624,1.0,-1.0,-1.0,1645758,1.0,7,,0.0,2.0,1.0,A01,138Â 295Â 625,1.0
964281,201900005812,7,8,10:50,1,1,1,1.0,1.0,30147,AVENUE DE LA GARE,M,"44,0126630","4,0500580",30,2019,80.0,1.0,1.0,3.0,2155321,1.0,1,3,2,0.0,,0.0,0,1977.0,A01,138Â 295Â 625,1.0,-1.0,-1.0,1645757,2.0,7,,0.0,2.0,1.0,B01,138Â 295Â 624,1.0
964281,201900005812,7,8,10:50,1,1,1,1.0,1.0,30147,AVENUE DE LA GARE,M,"44,0126630","4,0500580",30,2019,80.0,1.0,1.0,3.0,2155321,1.0,1,3,2,0.0,,0.0,0,1977.0,A01,138Â 295Â 625,1.0,-1.0,-1.0,1645758,1.0,7,,0.0,2.0,1.0,A01,138Â 295Â 625,1.0
964282,201900005813,7,9,19:00,1,1,1,1.0,2.0,13059,a51,M,"43,6114140","5,4975850",13,2019,130.0,6.0,1.0,1.0,2155322,1.0,1,4,1,5.0,,0.0,0,1988.0,B01,138Â 295Â 622,1.0,-1.0,-1.0,1645759,1.0,10,,0.0,0.0,4.0,B01,138Â 295Â 622,1.0
964282,201900005813,7,9,19:00,1,1,1,1.0,2.0,13059,a51,M,"43,6114140","5,4975850",13,2019,130.0,6.0,1.0,1.0,2155322,1.0,1,4,1,5.0,,0.0,0,1988.0,B01,138Â 295Â 622,1.0,-1.0,-1.0,1645760,1.0,7,,0.0,2.0,1.0,A01,138Â 295Â 623,1.0
964282,201900005813,7,9,19:00,1,1,1,1.0,2.0,13059,a51,M,"43,6114140","5,4975850",13,2019,130.0,6.0,1.0,1.0,2155323,2.0,2,4,2,5.0,,0.0,0,1995.0,B01,138Â 295Â 622,1.0,-1.0,-1.0,1645759,1.0,10,,0.0,0.0,4.0,B01,138Â 295Â 622,1.0
964282,201900005813,7,9,19:00,1,1,1,1.0,2.0,13059,a51,M,"43,6114140","5,4975850",13,2019,130.0,6.0,1.0,1.0,2155323,2.0,2,4,2,5.0,,0.0,0,1995.0,B01,138Â 295Â 622,1.0,-1.0,-1.0,1645760,1.0,7,,0.0,2.0,1.0,A01,138Â 295Â 623,1.0
964282,201900005813,7,9,19:00,1,1,1,1.0,2.0,13059,a51,M,"43,6114140","5,4975850",13,2019,130.0,6.0,1.0,1.0,2155324,9.0,2,4,2,5.0,,0.0,0,2007.0,A01,138Â 295Â 623,1.0,-1.0,-1.0,1645759,1.0,10,,0.0,0.0,4.0,B01,138Â 295Â 622,1.0
964282,201900005813,7,9,19:00,1,1,1,1.0,2.0,13059,a51,M,"43,6114140","5,4975850",13,2019,130.0,6.0,1.0,1.0,2155324,9.0,2,4,2,5.0,,0.0,0,2007.0,A01,138Â 295Â 623,1.0,-1.0,-1.0,1645760,1.0,7,,0.0,2.0,1.0,A01,138Â 295Â 623,1.0
964282,201900005813,7,9,19:00,1,1,1,1.0,2.0,13059,a51,M,"43,6114140","5,4975850",13,2019,130.0,6.0,1.0,1.0,2155325,1.0,1,1,1,5.0,,0.0,0,1972.0,A01,138Â 295Â 623,1.0,-1.0,-1.0,1645759,1.0,10,,0.0,0.0,4.0,B01,138Â 295Â 622,1.0
964282,201900005813,7,9,19:00,1,1,1,1.0,2.0,13059,a51,M,"43,6114140","5,4975850",13,2019,130.0,6.0,1.0,1.0,2155325,1.0,1,1,1,5.0,,0.0,0,1972.0,A01,138Â 295Â 623,1.0,-1.0,-1.0,1645760,1.0,7,,0.0,2.0,1.0,A01,138Â 295Â 623,1.0
964282,201900005813,7,9,19:00,1,1,1,1.0,2.0,13059,a51,M,"43,6114140","5,4975850",13,2019,130.0,6.0,1.0,1.0,2155326,7.0,2,4,1,5.0,,0.0,0,2006.0,A01,138Â 295Â 623,1.0,-1.0,-1.0,1645759,1.0,10,,0.0,0.0,4.0,B01,138Â 295Â 622,1.0
964282,201900005813,7,9,19:00,1,1,1,1.0,2.0,13059,a51,M,"43,6114140","5,4975850",13,2019,130.0,6.0,1.0,1.0,2155326,7.0,2,4,1,5.0,,0.0,0,2006.0,A01,138Â 295Â 623,1.0,-1.0,-1.0,1645760,1.0,7,,0.0,2.0,1.0,A01,138Â 295Â 623,1.0
964282,201900005813,7,9,19:00,1,1,1,1.0,2.0,13059,a51,M,"43,6114140","5,4975850",13,2019,130.0,6.0,1.0,1.0,2155327,2.0,2,4,2,5.0,,0.0,0,2002.0,A01,138Â 295Â 623,1.0,-1.0,-1.0,1645759,1.0,10,,0.0,0.0,4.0,B01,138Â 295Â 622,1.0
964282,201900005813,7,9,19:00,1,1,1,1.0,2.0,13059,a51,M,"43,6114140","5,4975850",13,2019,130.0,6.0,1.0,1.0,2155327,2.0,2,4,2,5.0,,0.0,0,2002.0,A01,138Â 295Â 623,1.0,-1.0,-1.0,1645760,1.0,7,,0.0,2.0,1.0,A01,138Â 295Â 623,1.0
964282,201900005813,7,9,19:00,1,1,1,1.0,2.0,13059,a51,M,"43,6114140","5,4975850",13,2019,130.0,6.0,1.0,1.0,2155328,8.0,2,4,2,5.0,,0.0,0,2004.0,A01,138Â 295Â 623,1.0,-1.0,-1.0,1645759,1.0,10,,0.0,0.0,4.0,B01,138Â 295Â 622,1.0
964282,201900005813,7,9,19:00,1,1,1,1.0,2.0,13059,a51,M,"43,6114140","5,4975850",13,2019,130.0,6.0,1.0,1.0,2155328,8.0,2,4,2,5.0,,0.0,0,2004.0,A01,138Â 295Â 623,1.0,-1.0,-1.0,1645760,1.0,7,,0.0,2.0,1.0,A01,138Â 295Â 623,1.0
964283,201900005814,6,14,13:55,1,2,2,1.0,2.0,74268,181 Avenue d'Aix-Les-Bains (Seynod),M,"45,8826450","6,0970840",74,2019,50.0,1.0,1.0,3.0,2155329,1.0,1,3,1,5.0,,0.0,0,1968.0,A01,138Â 295Â 620,2.0,6.0,-1.0,1645761,1.0,31,,0.0,2.0,1.0,A01,138Â 295Â 620,1.0
964283,201900005814,6,14,13:55,1,2,2,1.0,2.0,74268,181 Avenue d'Aix-Les-Bains (Seynod),M,"45,8826450","6,0970840",74,2019,50.0,1.0,1.0,3.0,2155329,1.0,1,3,1,5.0,,0.0,0,1968.0,A01,138Â 295Â 620,2.0,6.0,-1.0,1645762,1.0,7,,0.0,0.0,4.0,B01,138Â 295Â 621,1.0
964283,201900005814,6,14,13:55,1,2,2,1.0,2.0,74268,181 Avenue d'Aix-Les-Bains (Seynod),M,"45,8826450","6,0970840",74,2019,50.0,1.0,1.0,3.0,2155330,1.0,1,1,1,0.0,,0.0,0,1998.0,B01,138Â 295Â 621,8.0,-1.0,-1.0,1645761,1.0,31,,0.0,2.0,1.0,A01,138Â 295Â 620,1.0
964283,201900005814,6,14,13:55,1,2,2,1.0,2.0,74268,181 Avenue d'Aix-Les-Bains (Seynod),M,"45,8826450","6,0970840",74,2019,50.0,1.0,1.0,3.0,2155330,1.0,1,1,1,0.0,,0.0,0,1998.0,B01,138Â 295Â 621,8.0,-1.0,-1.0,1645762,1.0,7,,0.0,0.0,4.0,B01,138Â 295Â 621,1.0
964284,201900005815,7,5,19:45,5,2,1,1.0,1.0,97128,Poirier,M,"16,2444750"," -61,3698680",971,2019,50.0,1.0,1.0,3.0,2155331,1.0,1,3,1,1.0,,0.0,0,1989.0,B01,138Â 295Â 618,0.0,-1.0,-1.0,1645763,3.0,2,,0.0,2.0,1.0,B01,138Â 295Â 618,1.0
964284,201900005815,7,5,19:45,5,2,1,1.0,1.0,97128,Poirier,M,"16,2444750"," -61,3698680",971,2019,50.0,1.0,1.0,3.0,2155331,1.0,1,3,1,1.0,,0.0,0,1989.0,B01,138Â 295Â 618,0.0,-1.0,-1.0,1645764,3.0,7,,0.0,2.0,2.0,A01,138Â 295Â 619,0.0
964284,201900005815,7,5,19:45,5,2,1,1.0,1.0,97128,Poirier,M,"16,2444750"," -61,3698680",971,2019,50.0,1.0,1.0,3.0,2155332,1.0,1,1,2,5.0,,0.0,0,2000.0,A01,138Â 295Â 619,1.0,-1.0,-1.0,1645763,3.0,2,,0.0,2.0,1.0,B01,138Â 295Â 618,1.0
964284,201900005815,7,5,19:45,5,2,1,1.0,1.0,97128,Poirier,M,"16,2444750"," -61,3698680",971,2019,50.0,1.0,1.0,3.0,2155332,1.0,1,1,2,5.0,,0.0,0,2000.0,A01,138Â 295Â 619,1.0,-1.0,-1.0,1645764,3.0,7,,0.0,2.0,2.0,A01,138Â 295Â 619,0.0
964285,201900005816,7,8,17:30,1,1,1,1.0,7.0,97701,route de Lurin,M,"17,8950010"," -62,8396460",977,2019,40.0,3.0,1.0,4.0,2155333,1.0,1,4,1,5.0,,0.0,0,2000.0,A01,138Â 295Â 617,2.0,-1.0,-1.0,1645765,3.0,35,,13.0,0.0,8.0,A01,138Â 295Â 617,1.0
964285,201900005816,7,8,17:30,1,1,1,1.0,7.0,97701,route de Lurin,M,"17,8950010"," -62,8396460",977,2019,40.0,3.0,1.0,4.0,2155334,2.0,2,4,1,5.0,,0.0,0,2002.0,A01,138Â 295Â 617,2.0,-1.0,-1.0,1645765,3.0,35,,13.0,0.0,8.0,A01,138Â 295Â 617,1.0
964286,201900005817,7,8,21:15,5,2,1,1.0,5.0,97701,ST JEAN AEROPORT,M,"17,9034780"," -62,8440140",977,2019,30.0,1.0,1.0,3.0,2155335,1.0,1,1,1,5.0,,0.0,0,2003.0,C01,138Â 295Â 614,2.0,-1.0,-1.0,1645766,0.0,2,,0.0,0.0,0.0,C01,138Â 295Â 614,1.0
964286,201900005817,7,8,21:15,5,2,1,1.0,5.0,97701,ST JEAN AEROPORT,M,"17,9034780"," -62,8440140",977,2019,30.0,1.0,1.0,3.0,2155335,1.0,1,1,1,5.0,,0.0,0,2003.0,C01,138Â 295Â 614,2.0,-1.0,-1.0,1645767,3.0,2,,0.0,2.0,1.0,B01,138Â 295Â 615,1.0
964286,201900005817,7,8,21:15,5,2,1,1.0,5.0,97701,ST JEAN AEROPORT,M,"17,9034780"," -62,8440140",977,2019,30.0,1.0,1.0,3.0,2155335,1.0,1,1,1,5.0,,0.0,0,2003.0,C01,138Â 295Â 614,2.0,-1.0,-1.0,1645768,3.0,2,,0.0,2.0,1.0,A01,138Â 295Â 616,1.0
964286,201900005817,7,8,21:15,5,2,1,1.0,5.0,97701,ST JEAN AEROPORT,M,"17,9034780"," -62,8440140",977,2019,30.0,1.0,1.0,3.0,2155336,1.0,1,3,1,5.0,,0.0,0,2003.0,B01,138Â 295Â 615,2.0,-1.0,-1.0,1645766,0.0,2,,0.0,0.0,0.0,C01,138Â 295Â 614,1.0
964286,201900005817,7,8,21:15,5,2,1,1.0,5.0,97701,ST JEAN AEROPORT,M,"17,9034780"," -62,8440140",977,2019,30.0,1.0,1.0,3.0,2155336,1.0,1,3,1,5.0,,0.0,0,2003.0,B01,138Â 295Â 615,2.0,-1.0,-1.0,1645767,3.0,2,,0.0,2.0,1.0,B01,138Â 295Â 615,1.0
964286,201900005817,7,8,21:15,5,2,1,1.0,5.0,97701,ST JEAN AEROPORT,M,"17,9034780"," -62,8440140",977,2019,30.0,1.0,1.0,3.0,2155336,1.0,1,3,1,5.0,,0.0,0,2003.0,B01,138Â 295Â 615,2.0,-1.0,-1.0,1645768,3.0,2,,0.0,2.0,1.0,A01,138Â 295Â 616,1.0
964286,201900005817,7,8,21:15,5,2,1,1.0,5.0,97701,ST JEAN AEROPORT,M,"17,9034780"," -62,8440140",977,2019,30.0,1.0,1.0,3.0,2155337,1.0,1,3,1,5.0,,0.0,0,2003.0,A01,138Â 295Â 616,2.0,-1.0,-1.0,1645766,0.0,2,,0.0,0.0,0.0,C01,138Â 295Â 614,1.0
964286,201900005817,7,8,21:15,5,2,1,1.0,5.0,97701,ST JEAN AEROPORT,M,"17,9034780"," -62,8440140",977,2019,30.0,1.0,1.0,3.0,2155337,1.0,1,3,1,5.0,,0.0,0,2003.0,A01,138Â 295Â 616,2.0,-1.0,-1.0,1645767,3.0,2,,0.0,2.0,1.0,B01,138Â 295Â 615,1.0
964286,201900005817,7,8,21:15,5,2,1,1.0,5.0,97701,ST JEAN AEROPORT,M,"17,9034780"," -62,8440140",977,2019,30.0,1.0,1.0,3.0,2155337,1.0,1,3,1,5.0,,0.0,0,2003.0,A01,138Â 295Â 616,2.0,-1.0,-1.0,1645768,3.0,2,,0.0,2.0,1.0,A01,138Â 295Â 616,1.0
964287,201900005818,7,5,09:30,1,1,1,1.0,3.0,77317,RD 227 PK 5+770,M,"48,5905700","2,8929700",77,2019,80.0,1.0,1.0,3.0,2155338,1.0,1,1,1,0.0,,0.0,0,1958.0,A01,138Â 295Â 612,1.0,-1.0,-1.0,1645769,1.0,7,,0.0,9.0,5.0,A01,138Â 295Â 612,0.0
964287,201900005818,7,5,09:30,1,1,1,1.0,3.0,77317,RD 227 PK 5+770,M,"48,5905700","2,8929700",77,2019,80.0,1.0,1.0,3.0,2155338,1.0,1,1,1,0.0,,0.0,0,1958.0,A01,138Â 295Â 612,1.0,-1.0,-1.0,1645770,1.0,1,,0.0,2.0,4.0,B01,138Â 295Â 613,5.0
964287,201900005818,7,5,09:30,1,1,1,1.0,3.0,77317,RD 227 PK 5+770,M,"48,5905700","2,8929700",77,2019,80.0,1.0,1.0,3.0,2155339,1.0,1,4,1,5.0,,0.0,0,1956.0,B01,138Â 295Â 613,2.0,-1.0,-1.0,1645769,1.0,7,,0.0,9.0,5.0,A01,138Â 295Â 612,0.0
964287,201900005818,7,5,09:30,1,1,1,1.0,3.0,77317,RD 227 PK 5+770,M,"48,5905700","2,8929700",77,2019,80.0,1.0,1.0,3.0,2155339,1.0,1,4,1,5.0,,0.0,0,1956.0,B01,138Â 295Â 613,2.0,-1.0,-1.0,1645770,1.0,1,,0.0,2.0,4.0,B01,138Â 295Â 613,5.0
964288,201900005819,7,9,12:45,1,1,1,3.0,7.0,06082,"RD26, PR 5+000",M,"43,9421828","7,1229594",6,2019,80.0,8.0,6.0,3.0,2155340,1.0,1,3,1,5.0,,0.0,0,1954.0,A01,138Â 295Â 611,2.0,6.0,9.0,1645771,2.0,33,,4.0,0.0,2.0,A01,138Â 295Â 611,1.0
964289,201900005820,5,30,18:05,1,2,3,1.0,2.0,67378,49 Rue du GÃ©nÃ©ral Leclerc,M,"48,4682130","7,7229330",67,2019,30.0,1.0,1.0,7.0,2155341,1.0,1,3,1,4.0,,0.0,0,1970.0,A01,138Â 295Â 609,2.0,6.0,-1.0,1645772,2.0,33,,0.0,0.0,4.0,A01,138Â 295Â 609,1.0
964289,201900005820,5,30,18:05,1,2,3,1.0,2.0,67378,49 Rue du GÃ©nÃ©ral Leclerc,M,"48,4682130","7,7229330",67,2019,30.0,1.0,1.0,7.0,2155341,1.0,1,3,1,4.0,,0.0,0,1970.0,A01,138Â 295Â 609,2.0,6.0,-1.0,1645773,2.0,7,,0.0,2.0,1.0,B01,138Â 295Â 610,1.0
964289,201900005820,5,30,18:05,1,2,3,1.0,2.0,67378,49 Rue du GÃ©nÃ©ral Leclerc,M,"48,4682130","7,7229330",67,2019,30.0,1.0,1.0,7.0,2155342,1.0,1,1,1,0.0,,0.0,0,1965.0,B01,138Â 295Â 610,1.0,-1.0,-1.0,1645772,2.0,33,,0.0,0.0,4.0,A01,138Â 295Â 609,1.0
964289,201900005820,5,30,18:05,1,2,3,1.0,2.0,67378,49 Rue du GÃ©nÃ©ral Leclerc,M,"48,4682130","7,7229330",67,2019,30.0,1.0,1.0,7.0,2155342,1.0,1,1,1,0.0,,0.0,0,1965.0,B01,138Â 295Â 610,1.0,-1.0,-1.0,1645773,2.0,7,,0.0,2.0,1.0,B01,138Â 295Â 610,1.0
964290,201900005821,7,9,10:15,1,2,1,1.0,6.0,38135,MontÃ©e du Fayard,M,"45,7757290","5,3812220",38,2019,50.0,3.0,1.0,4.0,2155343,1.0,1,3,1,5.0,,0.0,0,1958.0,A01,138Â 295Â 608,2.0,-1.0,-1.0,1645774,3.0,1,,6.0,0.0,1.0,A01,138Â 295Â 608,5.0
964291,201900005822,1,23,11:00,1,2,1,1.0,2.0,38111,Rue de la RÃ©publique,M,"45,1205260","5,6747340",38,2019,50.0,1.0,1.0,4.0,2155344,1.0,1,4,2,1.0,,0.0,0,1982.0,B01,138Â 295Â 606,8.0,-1.0,-1.0,1645775,1.0,7,,0.0,2.0,4.0,B01,138Â 295Â 606,1.0
964291,201900005822,1,23,11:00,1,2,1,1.0,2.0,38111,Rue de la RÃ©publique,M,"45,1205260","5,6747340",38,2019,50.0,1.0,1.0,4.0,2155344,1.0,1,4,2,1.0,,0.0,0,1982.0,B01,138Â 295Â 606,8.0,-1.0,-1.0,1645776,1.0,7,,0.0,2.0,1.0,A01,138Â 295Â 607,1.0
964291,201900005822,1,23,11:00,1,2,1,1.0,2.0,38111,Rue de la RÃ©publique,M,"45,1205260","5,6747340",38,2019,50.0,1.0,1.0,4.0,2155345,1.0,1,1,1,0.0,,0.0,0,1995.0,A01,138Â 295Â 607,8.0,-1.0,-1.0,1645775,1.0,7,,0.0,2.0,4.0,B01,138Â 295Â 606,1.0
964291,201900005822,1,23,11:00,1,2,1,1.0,2.0,38111,Rue de la RÃ©publique,M,"45,1205260","5,6747340",38,2019,50.0,1.0,1.0,4.0,2155345,1.0,1,1,1,0.0,,0.0,0,1995.0,A01,138Â 295Â 607,8.0,-1.0,-1.0,1645776,1.0,7,,0.0,2.0,1.0,A01,138Â 295Â 607,1.0
964292,201900005823,7,9,14:00,1,1,1,1.0,1.0,31004,chemin des landes,M,"43,4469701","1,5995340",31,2019,-1.0,1.0,1.0,4.0,2155346,1.0,1,4,1,4.0,,0.0,0,1993.0,A01,138Â 295Â 604,1.0,-1.0,-1.0,1645777,3.0,10,,0.0,2.0,1.0,A01,138Â 295Â 604,1.0
964292,201900005823,7,9,14:00,1,1,1,1.0,1.0,31004,chemin des landes,M,"43,4469701","1,5995340",31,2019,-1.0,1.0,1.0,4.0,2155346,1.0,1,4,1,4.0,,0.0,0,1993.0,A01,138Â 295Â 604,1.0,-1.0,-1.0,1645778,3.0,7,,0.0,2.0,1.0,B01,138Â 295Â 605,1.0