Unnamed: 0_x,num_acc,mois,jour,hrmn,lum,agg,int,atm,col,com,adr,gps,lat,long,dep,annee,vma,situ,surf,catr,Unnamed: 0_y,place,catu,grav,sexe,trajet,secu,locp,actp,an_nais,num_veh_x,id_vehicule_x,secu1,secu2,secu3,Unnamed: 0,senc,catv,occutc,obs,obsm,choc,num_veh_y,id_vehicule_y,motor
964292,201900005823,7,9,14:00,1,1,1,1.0,1.0,31004,chemin des landes,M,"43,4469701","1,5995340",31,2019,-1.0,1.0,1.0,4.0,2155347,9.0,2,3,2,5.0,,0.0,0,2008.0,B01,138Â 295Â 605,1.0,-1.0,-1.0,1645777,3.0,10,,0.0,2.0,1.0,A01,138Â 295Â 604,1.0
964292,201900005823,7,9,14:00,1,1,1,1.0,1.0,31004,chemin des landes,M,"43,4469701","1,5995340",31,2019,-1.0,1.0,1.0,4.0,2155347,9.0,2,3,2,5.0,,0.0,0,2008.0,B01,138Â 295Â 605,1.0,-1.0,-1.0,1645778,3.0,7,,0.0,2.0,1.0,B01,138Â 295Â 605,1.0
964292,201900005823,7,9,14:00,1,1,1,1.0,1.0,31004,chemin des landes,M,"43,4469701","1,5995340",31,2019,-1.0,1.0,1.0,4.0,2155348,1.0,1,4,2,5.0,,0.0,0,1979.0,B01,138Â 295Â 605,1.0,-1.0,-1.0,1645777,3.0,10,,0.0,2.0,1.0,A01,138Â 295Â 604,1.0
964292,201900005823,7,9,14:00,1,1,1,1.0,1.0,31004,chemin des landes,M,"43,4469701","1,5995340",31,2019,-1.0,1.0,1.0,4.0,2155348,1.0,1,4,2,5.0,,0.0,0,1979.0,B01,138Â 295Â 605,1.0,-1.0,-1.0,1645778,3.0,7,,0.0,2.0,1.0,B01,138Â 295Â 605,1.0
964293,201900005824,7,9,07:15,1,1,1,1.0,2.0,85226,107 Route du Pissot,M,"46,7402000"," -1,9533800",85,2019,80.0,1.0,1.0,3.0,2155349,1.0,1,2,1,5.0,,0.0,0,1952.0,B01,138Â 295Â 602,2.0,-1.0,-1.0,1645779,1.0,1,,0.0,0.0,4.0,B01,138Â 295Â 602,5.0
964293,201900005824,7,9,07:15,1,1,1,1.0,2.0,85226,107 Route du Pissot,M,"46,7402000"," -1,9533800",85,2019,80.0,1.0,1.0,3.0,2155349,1.0,1,2,1,5.0,,0.0,0,1952.0,B01,138Â 295Â 602,2.0,-1.0,-1.0,1645780,1.0,7,,0.0,2.0,2.0,A01,138Â 295Â 603,1.0
964293,201900005824,7,9,07:15,1,1,1,1.0,2.0,85226,107 Route du Pissot,M,"46,7402000"," -1,9533800",85,2019,80.0,1.0,1.0,3.0,2155350,1.0,1,1,1,1.0,,0.0,0,1982.0,A01,138Â 295Â 603,1.0,-1.0,-1.0,1645779,1.0,1,,0.0,0.0,4.0,B01,138Â 295Â 602,5.0
964293,201900005824,7,9,07:15,1,1,1,1.0,2.0,85226,107 Route du Pissot,M,"46,7402000"," -1,9533800",85,2019,80.0,1.0,1.0,3.0,2155350,1.0,1,1,1,1.0,,0.0,0,1982.0,A01,138Â 295Â 603,1.0,-1.0,-1.0,1645780,1.0,7,,0.0,2.0,2.0,A01,138Â 295Â 603,1.0
964294,201900005825,7,9,05:25,2,1,1,1.0,1.0,61382,Le Bonnet,M,"48,4552280"," -0,0272940",61,2019,80.0,1.0,1.0,2.0,2155351,1.0,1,1,1,4.0,,0.0,0,1993.0,A01,138Â 295Â 600,1.0,-1.0,-1.0,1645781,1.0,10,,0.0,2.0,3.0,A01,138Â 295Â 600,1.0
964294,201900005825,7,9,05:25,2,1,1,1.0,1.0,61382,Le Bonnet,M,"48,4552280"," -0,0272940",61,2019,80.0,1.0,1.0,2.0,2155351,1.0,1,1,1,4.0,,0.0,0,1993.0,A01,138Â 295Â 600,1.0,-1.0,-1.0,1645782,2.0,10,,0.0,2.0,3.0,B01,138Â 295Â 601,1.0
964294,201900005825,7,9,05:25,2,1,1,1.0,1.0,61382,Le Bonnet,M,"48,4552280"," -0,0272940",61,2019,80.0,1.0,1.0,2.0,2155352,1.0,1,3,1,4.0,,0.0,0,1963.0,B01,138Â 295Â 601,1.0,-1.0,-1.0,1645781,1.0,10,,0.0,2.0,3.0,A01,138Â 295Â 600,1.0
964294,201900005825,7,9,05:25,2,1,1,1.0,1.0,61382,Le Bonnet,M,"48,4552280"," -0,0272940",61,2019,80.0,1.0,1.0,2.0,2155352,1.0,1,3,1,4.0,,0.0,0,1963.0,B01,138Â 295Â 601,1.0,-1.0,-1.0,1645782,2.0,10,,0.0,2.0,3.0,B01,138Â 295Â 601,1.0
964295,201900005826,7,9,10:20,1,2,2,1.0,3.0,14047,Boulevard du 6 Juin,M,"49,2755700"," -0,7160660",14,2019,50.0,1.0,1.0,4.0,2155353,1.0,1,4,1,5.0,,0.0,0,1945.0,B01,138Â 295Â 598,1.0,-1.0,-1.0,1645783,3.0,7,,0.0,0.0,3.0,B01,138Â 295Â 598,1.0
964295,201900005826,7,9,10:20,1,2,2,1.0,3.0,14047,Boulevard du 6 Juin,M,"49,2755700"," -0,7160660",14,2019,50.0,1.0,1.0,4.0,2155353,1.0,1,4,1,5.0,,0.0,0,1945.0,B01,138Â 295Â 598,1.0,-1.0,-1.0,1645784,3.0,7,,0.0,0.0,1.0,A01,138Â 295Â 599,1.0
964295,201900005826,7,9,10:20,1,2,2,1.0,3.0,14047,Boulevard du 6 Juin,M,"49,2755700"," -0,7160660",14,2019,50.0,1.0,1.0,4.0,2155354,1.0,1,1,1,4.0,,0.0,0,1997.0,A01,138Â 295Â 599,1.0,-1.0,-1.0,1645783,3.0,7,,0.0,0.0,3.0,B01,138Â 295Â 598,1.0
964295,201900005826,7,9,10:20,1,2,2,1.0,3.0,14047,Boulevard du 6 Juin,M,"49,2755700"," -0,7160660",14,2019,50.0,1.0,1.0,4.0,2155354,1.0,1,1,1,4.0,,0.0,0,1997.0,A01,138Â 295Â 599,1.0,-1.0,-1.0,1645784,3.0,7,,0.0,0.0,1.0,A01,138Â 295Â 599,1.0
964296,201900005827,7,9,13:00,1,1,2,1.0,3.0,80185,Vaucourt,M,"49,7143750","2,8381060",80,2019,80.0,1.0,1.0,3.0,2155355,1.0,1,3,1,5.0,,0.0,0,1932.0,A01,138Â 295Â 596,1.0,-1.0,-1.0,1645785,1.0,7,,0.0,2.0,3.0,A01,138Â 295Â 596,1.0
964296,201900005827,7,9,13:00,1,1,2,1.0,3.0,80185,Vaucourt,M,"49,7143750","2,8381060",80,2019,80.0,1.0,1.0,3.0,2155355,1.0,1,3,1,5.0,,0.0,0,1932.0,A01,138Â 295Â 596,1.0,-1.0,-1.0,1645786,2.0,7,,0.0,0.0,1.0,B01,138Â 295Â 597,1.0
964296,201900005827,7,9,13:00,1,1,2,1.0,3.0,80185,Vaucourt,M,"49,7143750","2,8381060",80,2019,80.0,1.0,1.0,3.0,2155356,1.0,1,1,1,5.0,,0.0,0,1974.0,B01,138Â 295Â 597,1.0,-1.0,-1.0,1645785,1.0,7,,0.0,2.0,3.0,A01,138Â 295Â 596,1.0
964296,201900005827,7,9,13:00,1,1,2,1.0,3.0,80185,Vaucourt,M,"49,7143750","2,8381060",80,2019,80.0,1.0,1.0,3.0,2155356,1.0,1,1,1,5.0,,0.0,0,1974.0,B01,138Â 295Â 597,1.0,-1.0,-1.0,1645786,2.0,7,,0.0,0.0,1.0,B01,138Â 295Â 597,1.0
964297,201900005828,7,9,07:55,1,2,2,1.0,3.0,80685,Rue d'Amiens,M,"49,6986150","2,7880560",80,2019,50.0,1.0,1.0,4.0,2155357,1.0,1,4,1,1.0,,0.0,0,1964.0,B01,138Â 295Â 594,2.0,6.0,-1.0,1645787,1.0,33,,0.0,2.0,1.0,B01,138Â 295Â 594,1.0
964297,201900005828,7,9,07:55,1,2,2,1.0,3.0,80685,Rue d'Amiens,M,"49,6986150","2,7880560",80,2019,50.0,1.0,1.0,4.0,2155357,1.0,1,4,1,1.0,,0.0,0,1964.0,B01,138Â 295Â 594,2.0,6.0,-1.0,1645788,2.0,7,,0.0,2.0,5.0,A01,138Â 295Â 595,1.0
964297,201900005828,7,9,07:55,1,2,2,1.0,3.0,80685,Rue d'Amiens,M,"49,6986150","2,7880560",80,2019,50.0,1.0,1.0,4.0,2155358,1.0,1,1,1,5.0,,0.0,0,1989.0,A01,138Â 295Â 595,1.0,-1.0,-1.0,1645787,1.0,33,,0.0,2.0,1.0,B01,138Â 295Â 594,1.0
964297,201900005828,7,9,07:55,1,2,2,1.0,3.0,80685,Rue d'Amiens,M,"49,6986150","2,7880560",80,2019,50.0,1.0,1.0,4.0,2155358,1.0,1,1,1,5.0,,0.0,0,1989.0,A01,138Â 295Â 595,1.0,-1.0,-1.0,1645788,2.0,7,,0.0,2.0,5.0,A01,138Â 295Â 595,1.0
964298,201900005829,7,8,15:15,1,1,1,1.0,2.0,33162,ROCADE A 630,M,"44,8640500"," -0,6543900",33,2019,90.0,1.0,1.0,1.0,2155359,1.0,1,1,1,4.0,,-1.0, -1,1980.0,B01,138Â 295Â 592,1.0,8.0,-1.0,1645789,2.0,10,,0.0,2.0,4.0,B01,138Â 295Â 592,1.0
964298,201900005829,7,8,15:15,1,1,1,1.0,2.0,33162,ROCADE A 630,M,"44,8640500"," -0,6543900",33,2019,90.0,1.0,1.0,1.0,2155359,1.0,1,1,1,4.0,,-1.0, -1,1980.0,B01,138Â 295Â 592,1.0,8.0,-1.0,1645790,2.0,7,,0.0,2.0,1.0,A01,138Â 295Â 593,1.0
964298,201900005829,7,8,15:15,1,1,1,1.0,2.0,33162,ROCADE A 630,M,"44,8640500"," -0,6543900",33,2019,90.0,1.0,1.0,1.0,2155360,1.0,1,4,2,9.0,,-1.0, -1,1995.0,A01,138Â 295Â 593,1.0,8.0,-1.0,1645789,2.0,10,,0.0,2.0,4.0,B01,138Â 295Â 592,1.0
964298,201900005829,7,8,15:15,1,1,1,1.0,2.0,33162,ROCADE A 630,M,"44,8640500"," -0,6543900",33,2019,90.0,1.0,1.0,1.0,2155360,1.0,1,4,2,9.0,,-1.0, -1,1995.0,A01,138Â 295Â 593,1.0,8.0,-1.0,1645790,2.0,7,,0.0,2.0,1.0,A01,138Â 295Â 593,1.0
964299,201900005830,6,28,15:00,1,1,1,1.0,3.0,59009,ROUTE NATIONALE 227,M,"50,6198600","3,1351600",59,2019,90.0,1.0,1.0,2.0,2155361,1.0,1,4,1,5.0,,-1.0,0,1991.0,A01,138Â 295Â 590,2.0,0.0,-1.0,1645791,2.0,33,,0.0,2.0,8.0,A01,138Â 295Â 590,1.0
964299,201900005830,6,28,15:00,1,1,1,1.0,3.0,59009,ROUTE NATIONALE 227,M,"50,6198600","3,1351600",59,2019,90.0,1.0,1.0,2.0,2155361,1.0,1,4,1,5.0,,-1.0,0,1991.0,A01,138Â 295Â 590,2.0,0.0,-1.0,1645792,2.0,7,,0.0,2.0,7.0,B01,138Â 295Â 591,1.0
964299,201900005830,6,28,15:00,1,1,1,1.0,3.0,59009,ROUTE NATIONALE 227,M,"50,6198600","3,1351600",59,2019,90.0,1.0,1.0,2.0,2155362,1.0,1,1,1,1.0,,-1.0,0,1979.0,B01,138Â 295Â 591,1.0,0.0,-1.0,1645791,2.0,33,,0.0,2.0,8.0,A01,138Â 295Â 590,1.0
964299,201900005830,6,28,15:00,1,1,1,1.0,3.0,59009,ROUTE NATIONALE 227,M,"50,6198600","3,1351600",59,2019,90.0,1.0,1.0,2.0,2155362,1.0,1,1,1,1.0,,-1.0,0,1979.0,B01,138Â 295Â 591,1.0,0.0,-1.0,1645792,2.0,7,,0.0,2.0,7.0,B01,138Â 295Â 591,1.0
964300,201900005831,7,8,19:10,1,1,1,1.0,7.0,91521,AUTOROUTE A6,M,"48,6384900","2,3961400",91,2019,70.0,3.0,1.0,1.0,2155363,1.0,1,4,2,0.0,,0.0,0,1991.0,A01,138Â 295Â 589,2.0,6.0,-1.0,1645793,1.0,33,,0.0,0.0,8.0,A01,138Â 295Â 589,1.0
964301,201900005832,7,8,16:30,1,1,1,1.0,3.0,91161,AUTOROUTE A6,M,"48,7093700","2,3069700",91,2019,110.0,3.0,1.0,1.0,2155364,1.0,1,1,1,0.0,,0.0,0,1975.0,B01,138Â 295Â 587,1.0,4.0,-1.0,1645794,1.0,7,,0.0,2.0,8.0,B01,138Â 295Â 587,1.0
964301,201900005832,7,8,16:30,1,1,1,1.0,3.0,91161,AUTOROUTE A6,M,"48,7093700","2,3069700",91,2019,110.0,3.0,1.0,1.0,2155364,1.0,1,1,1,0.0,,0.0,0,1975.0,B01,138Â 295Â 587,1.0,4.0,-1.0,1645795,1.0,33,,0.0,2.0,7.0,A01,138Â 295Â 588,1.0
964301,201900005832,7,8,16:30,1,1,1,1.0,3.0,91161,AUTOROUTE A6,M,"48,7093700","2,3069700",91,2019,110.0,3.0,1.0,1.0,2155365,1.0,1,4,1,0.0,,0.0,0,1983.0,A01,138Â 295Â 588,2.0,6.0,-1.0,1645794,1.0,7,,0.0,2.0,8.0,B01,138Â 295Â 587,1.0
964301,201900005832,7,8,16:30,1,1,1,1.0,3.0,91161,AUTOROUTE A6,M,"48,7093700","2,3069700",91,2019,110.0,3.0,1.0,1.0,2155365,1.0,1,4,1,0.0,,0.0,0,1983.0,A01,138Â 295Â 588,2.0,6.0,-1.0,1645795,1.0,33,,0.0,2.0,7.0,A01,138Â 295Â 588,1.0
964302,201900005833,7,8,08:30,1,1,1,1.0,3.0,92072,N118,M,"48,8270147","2,2242259",92,2019,30.0,1.0,1.0,2.0,2155366,1.0,1,1,1,0.0,,-1.0,0,1966.0,A01,138Â 295Â 585,1.0,0.0,-1.0,1645796,1.0,7,,0.0,2.0,3.0,A01,138Â 295Â 585,1.0
964302,201900005833,7,8,08:30,1,1,1,1.0,3.0,92072,N118,M,"48,8270147","2,2242259",92,2019,30.0,1.0,1.0,2.0,2155366,1.0,1,1,1,0.0,,-1.0,0,1966.0,A01,138Â 295Â 585,1.0,0.0,-1.0,1645797,1.0,33,,0.0,2.0,7.0,B01,138Â 295Â 586,1.0
964302,201900005833,7,8,08:30,1,1,1,1.0,3.0,92072,N118,M,"48,8270147","2,2242259",92,2019,30.0,1.0,1.0,2.0,2155367,1.0,1,3,1,9.0,,-1.0,0,1986.0,B01,138Â 295Â 586,2.0,6.0,-1.0,1645796,1.0,7,,0.0,2.0,3.0,A01,138Â 295Â 585,1.0
964302,201900005833,7,8,08:30,1,1,1,1.0,3.0,92072,N118,M,"48,8270147","2,2242259",92,2019,30.0,1.0,1.0,2.0,2155367,1.0,1,3,1,9.0,,-1.0,0,1986.0,B01,138Â 295Â 586,2.0,6.0,-1.0,1645797,1.0,33,,0.0,2.0,7.0,B01,138Â 295Â 586,1.0
964303,201900005834,7,7,19:40,1,1,1,1.0,6.0,95154,AUTOROUTE A1,M,"49,0432800","2,5440200",95,2019,70.0,1.0,1.0,1.0,2155368,1.0,1,4,2,1.0,,-1.0,0,1993.0,A01,138Â 295Â 584,1.0,0.0,-1.0,1645798,2.0,7,,4.0,0.0,1.0,A01,138Â 295Â 584,1.0
964304,201900005835,7,7,01:50,3,1,1,1.0,2.0,95678,RN 184,M,"49,0751300","2,2440300",95,2019,110.0,1.0,1.0,2.0,2155369,1.0,1,4,1,5.0,,-1.0,0,1999.0,A01,138Â 295Â 582,1.0,8.0,-1.0,1645799,2.0,7,,0.0,2.0,1.0,A01,138Â 295Â 582,1.0
964304,201900005835,7,7,01:50,3,1,1,1.0,2.0,95678,RN 184,M,"49,0751300","2,2440300",95,2019,110.0,1.0,1.0,2.0,2155369,1.0,1,4,1,5.0,,-1.0,0,1999.0,A01,138Â 295Â 582,1.0,8.0,-1.0,1645800,2.0,7,,0.0,2.0,6.0,B01,138Â 295Â 583,1.0
964304,201900005835,7,7,01:50,3,1,1,1.0,2.0,95678,RN 184,M,"49,0751300","2,2440300",95,2019,110.0,1.0,1.0,2.0,2155370,1.0,1,1,1,5.0,,-1.0,0,1993.0,B01,138Â 295Â 583,1.0,0.0,-1.0,1645799,2.0,7,,0.0,2.0,1.0,A01,138Â 295Â 582,1.0
964304,201900005835,7,7,01:50,3,1,1,1.0,2.0,95678,RN 184,M,"49,0751300","2,2440300",95,2019,110.0,1.0,1.0,2.0,2155370,1.0,1,1,1,5.0,,-1.0,0,1993.0,B01,138Â 295Â 583,1.0,0.0,-1.0,1645800,2.0,7,,0.0,2.0,6.0,B01,138Â 295Â 583,1.0
964305,201900005836,7,6,23:45,3,1,1,1.0,6.0,93005,AUTOROUTE A3,M,"48,9394300","2,4795700",93,2019,110.0,1.0,1.0,1.0,2155371,2.0,2,4,1,9.0,,-1.0, -1,1999.0,A01,138Â 295Â 581,1.0,0.0,-1.0,1645801,1.0,7,,4.0,0.0,0.0,A01,138Â 295Â 581,1.0
964305,201900005836,7,6,23:45,3,1,1,1.0,6.0,93005,AUTOROUTE A3,M,"48,9394300","2,4795700",93,2019,110.0,1.0,1.0,1.0,2155372,3.0,2,4,1,0.0,,-1.0, -1,2001.0,A01,138Â 295Â 581,1.0,0.0,-1.0,1645801,1.0,7,,4.0,0.0,0.0,A01,138Â 295Â 581,1.0
964305,201900005836,7,6,23:45,3,1,1,1.0,6.0,93005,AUTOROUTE A3,M,"48,9394300","2,4795700",93,2019,110.0,1.0,1.0,1.0,2155373,1.0,1,4,1,9.0,,-1.0, -1,1999.0,A01,138Â 295Â 581,1.0,0.0,-1.0,1645801,1.0,7,,4.0,0.0,0.0,A01,138Â 295Â 581,1.0
964306,201900005837,7,8,16:30,1,1,1,1.0,2.0,94022,A86 EXT,M,"48,7768400","2,4182900",94,2019,90.0,1.0,1.0,1.0,2155374,1.0,1,4,1,0.0,,-1.0,0,1997.0,B01,138Â 295Â 579,2.0,0.0,-1.0,1645802,2.0,31,,0.0,2.0,1.0,B01,138Â 295Â 579,1.0
964306,201900005837,7,8,16:30,1,1,1,1.0,2.0,94022,A86 EXT,M,"48,7768400","2,4182900",94,2019,90.0,1.0,1.0,1.0,2155374,1.0,1,4,1,0.0,,-1.0,0,1997.0,B01,138Â 295Â 579,2.0,0.0,-1.0,1645803,2.0,10,,0.0,2.0,6.0,A01,138Â 295Â 580,1.0
964306,201900005837,7,8,16:30,1,1,1,1.0,2.0,94022,A86 EXT,M,"48,7768400","2,4182900",94,2019,90.0,1.0,1.0,1.0,2155375,1.0,1,1,1,4.0,,-1.0,0,1979.0,A01,138Â 295Â 580,1.0,0.0,-1.0,1645802,2.0,31,,0.0,2.0,1.0,B01,138Â 295Â 579,1.0
964306,201900005837,7,8,16:30,1,1,1,1.0,2.0,94022,A86 EXT,M,"48,7768400","2,4182900",94,2019,90.0,1.0,1.0,1.0,2155375,1.0,1,1,1,4.0,,-1.0,0,1979.0,A01,138Â 295Â 580,1.0,0.0,-1.0,1645803,2.0,10,,0.0,2.0,6.0,A01,138Â 295Â 580,1.0
964307,201900005838,7,8,13:25,1,1,1,1.0,2.0,77449,A4,M,"48,8336200","2,7963800",77,2019,130.0,3.0,1.0,1.0,2155376,1.0,1,1,1,4.0,,-1.0,0,1988.0,A01,138Â 295Â 577,1.0,0.0,-1.0,1645804,1.0,10,,0.0,2.0,2.0,A01,138Â 295Â 577,1.0
964307,201900005838,7,8,13:25,1,1,1,1.0,2.0,77449,A4,M,"48,8336200","2,7963800",77,2019,130.0,3.0,1.0,1.0,2155376,1.0,1,1,1,4.0,,-1.0,0,1988.0,A01,138Â 295Â 577,1.0,0.0,-1.0,1645805,1.0,15,,0.0,2.0,3.0,B01,138Â 295Â 578,1.0
964307,201900005838,7,8,13:25,1,1,1,1.0,2.0,77449,A4,M,"48,8336200","2,7963800",77,2019,130.0,3.0,1.0,1.0,2155377,2.0,2,4,1,4.0,,-1.0,0,1991.0,A01,138Â 295Â 577,1.0,0.0,-1.0,1645804,1.0,10,,0.0,2.0,2.0,A01,138Â 295Â 577,1.0
964307,201900005838,7,8,13:25,1,1,1,1.0,2.0,77449,A4,M,"48,8336200","2,7963800",77,2019,130.0,3.0,1.0,1.0,2155377,2.0,2,4,1,4.0,,-1.0,0,1991.0,A01,138Â 295Â 577,1.0,0.0,-1.0,1645805,1.0,15,,0.0,2.0,3.0,B01,138Â 295Â 578,1.0
964307,201900005838,7,8,13:25,1,1,1,1.0,2.0,77449,A4,M,"48,8336200","2,7963800",77,2019,130.0,3.0,1.0,1.0,2155378,1.0,1,1,1,4.0,,-1.0,0,1991.0,B01,138Â 295Â 578,1.0,0.0,-1.0,1645804,1.0,10,,0.0,2.0,2.0,A01,138Â 295Â 577,1.0
964307,201900005838,7,8,13:25,1,1,1,1.0,2.0,77449,A4,M,"48,8336200","2,7963800",77,2019,130.0,3.0,1.0,1.0,2155378,1.0,1,1,1,4.0,,-1.0,0,1991.0,B01,138Â 295Â 578,1.0,0.0,-1.0,1645805,1.0,15,,0.0,2.0,3.0,B01,138Â 295Â 578,1.0
964308,201900005839,7,7,23:35,5,1,1,1.0,6.0,94018,A4,M,"48,8217800","2,3987000",94,2019,90.0,1.0,1.0,1.0,2155379,1.0,1,1,1,5.0,,-1.0,0,1986.0,A01,138Â 295Â 576,1.0,0.0,-1.0,1645806,1.0,7,,0.0,1.0,3.0,A01,138Â 295Â 576,1.0
964308,201900005839,7,7,23:35,5,1,1,1.0,6.0,94018,A4,M,"48,8217800","2,3987000",94,2019,90.0,1.0,1.0,1.0,2155380,10.0,3,2,1,0.0,,9.0,3,1993.0,A01,138Â 295Â 576,8.0,0.0,-1.0,1645806,1.0,7,,0.0,1.0,3.0,A01,138Â 295Â 576,1.0
964309,201900005840,7,7,07:30,1,1,1,1.0,6.0,94073,A86 EXT,M,"48,7667000","2,3833000",94,2019,90.0,1.0,1.0,1.0,2155381,2.0,2,4,2,5.0,,-1.0,0,1998.0,A01,138Â 295Â 575,1.0,8.0,-1.0,1645807,2.0,7,,6.0,0.0,2.0,A01,138Â 295Â 575,1.0
964309,201900005840,7,7,07:30,1,1,1,1.0,6.0,94073,A86 EXT,M,"48,7667000","2,3833000",94,2019,90.0,1.0,1.0,1.0,2155382,1.0,1,4,2,5.0,,-1.0,0,1997.0,A01,138Â 295Â 575,1.0,8.0,-1.0,1645807,2.0,7,,6.0,0.0,2.0,A01,138Â 295Â 575,1.0
964310,201900005841,7,7,05:00,2,1,1,1.0,4.0,94015,A4,M,"48,8293441","2,5283662",94,2019,110.0,1.0,1.0,1.0,2155383,1.0,1,4,1,5.0,,-1.0,0,1981.0,A01,138Â 295Â 570,2.0,8.0,-1.0,1645808,1.0,33,,0.0,2.0,1.0,A01,138Â 295Â 570,1.0
964310,201900005841,7,7,05:00,2,1,1,1.0,4.0,94015,A4,M,"48,8293441","2,5283662",94,2019,110.0,1.0,1.0,1.0,2155383,1.0,1,4,1,5.0,,-1.0,0,1981.0,A01,138Â 295Â 570,2.0,8.0,-1.0,1645809,1.0,7,,0.0,2.0,4.0,B01,138Â 295Â 571,1.0
964310,201900005841,7,7,05:00,2,1,1,1.0,4.0,94015,A4,M,"48,8293441","2,5283662",94,2019,110.0,1.0,1.0,1.0,2155383,1.0,1,4,1,5.0,,-1.0,0,1981.0,A01,138Â 295Â 570,2.0,8.0,-1.0,1645810,1.0,7,,0.0,2.0,1.0,C01,138Â 295Â 572,1.0
964310,201900005841,7,7,05:00,2,1,1,1.0,4.0,94015,A4,M,"48,8293441","2,5283662",94,2019,110.0,1.0,1.0,1.0,2155384,1.0,1,1,2,5.0,,-1.0,0,1993.0,B01,138Â 295Â 571,1.0,0.0,-1.0,1645808,1.0,33,,0.0,2.0,1.0,A01,138Â 295Â 570,1.0
964310,201900005841,7,7,05:00,2,1,1,1.0,4.0,94015,A4,M,"48,8293441","2,5283662",94,2019,110.0,1.0,1.0,1.0,2155384,1.0,1,1,2,5.0,,-1.0,0,1993.0,B01,138Â 295Â 571,1.0,0.0,-1.0,1645809,1.0,7,,0.0,2.0,4.0,B01,138Â 295Â 571,1.0
964310,201900005841,7,7,05:00,2,1,1,1.0,4.0,94015,A4,M,"48,8293441","2,5283662",94,2019,110.0,1.0,1.0,1.0,2155384,1.0,1,1,2,5.0,,-1.0,0,1993.0,B01,138Â 295Â 571,1.0,0.0,-1.0,1645810,1.0,7,,0.0,2.0,1.0,C01,138Â 295Â 572,1.0
964310,201900005841,7,7,05:00,2,1,1,1.0,4.0,94015,A4,M,"48,8293441","2,5283662",94,2019,110.0,1.0,1.0,1.0,2155385,1.0,1,4,1,1.0,,-1.0,0,1987.0,C01,138Â 295Â 572,1.0,0.0,-1.0,1645808,1.0,33,,0.0,2.0,1.0,A01,138Â 295Â 570,1.0
964310,201900005841,7,7,05:00,2,1,1,1.0,4.0,94015,A4,M,"48,8293441","2,5283662",94,2019,110.0,1.0,1.0,1.0,2155385,1.0,1,4,1,1.0,,-1.0,0,1987.0,C01,138Â 295Â 572,1.0,0.0,-1.0,1645809,1.0,7,,0.0,2.0,4.0,B01,138Â 295Â 571,1.0
964310,201900005841,7,7,05:00,2,1,1,1.0,4.0,94015,A4,M,"48,8293441","2,5283662",94,2019,110.0,1.0,1.0,1.0,2155385,1.0,1,4,1,1.0,,-1.0,0,1987.0,C01,138Â 295Â 572,1.0,0.0,-1.0,1645810,1.0,7,,0.0,2.0,1.0,C01,138Â 295Â 572,1.0
964311,201900005842,7,6,16:45,1,1,1,1.0,3.0,94046,A86 EXT,M,"48,8000000","2,4330000",94,2019,90.0,1.0,1.0,1.0,2155386,1.0,1,4,1,1.0,,-1.0,0,1978.0,A01,138Â 295Â 568,2.0,0.0,-1.0,1645811,2.0,34,,0.0,2.0,2.0,A01,138Â 295Â 568,1.0
964311,201900005842,7,6,16:45,1,1,1,1.0,3.0,94046,A86 EXT,M,"48,8000000","2,4330000",94,2019,90.0,1.0,1.0,1.0,2155386,1.0,1,4,1,1.0,,-1.0,0,1978.0,A01,138Â 295Â 568,2.0,0.0,-1.0,1645812,2.0,7,,0.0,2.0,3.0,B01,138Â 295Â 569,1.0
964311,201900005842,7,6,16:45,1,1,1,1.0,3.0,94046,A86 EXT,M,"48,8000000","2,4330000",94,2019,90.0,1.0,1.0,1.0,2155387,1.0,1,1,1,5.0,,-1.0,0,1946.0,B01,138Â 295Â 569,1.0,8.0,-1.0,1645811,2.0,34,,0.0,2.0,2.0,A01,138Â 295Â 568,1.0
964311,201900005842,7,6,16:45,1,1,1,1.0,3.0,94046,A86 EXT,M,"48,8000000","2,4330000",94,2019,90.0,1.0,1.0,1.0,2155387,1.0,1,1,1,5.0,,-1.0,0,1946.0,B01,138Â 295Â 569,1.0,8.0,-1.0,1645812,2.0,7,,0.0,2.0,3.0,B01,138Â 295Â 569,1.0
964312,201900005843,7,7,19:20,1,2,2,1.0,3.0,91434,AVENIR (AVENUE DE L'),M,"48,6566400","2,3539000",91,2019,50.0,1.0,1.0,4.0,2155388,2.0,2,4,1,0.0,,0.0,0,2003.0,A01,138Â 295Â 566,1.0,0.0,-1.0,1645813,3.0,7,,0.0,2.0,2.0,A01,138Â 295Â 566,1.0
964312,201900005843,7,7,19:20,1,2,2,1.0,3.0,91434,AVENIR (AVENUE DE L'),M,"48,6566400","2,3539000",91,2019,50.0,1.0,1.0,4.0,2155388,2.0,2,4,1,0.0,,0.0,0,2003.0,A01,138Â 295Â 566,1.0,0.0,-1.0,1645814,1.0,7,,0.0,2.0,3.0,B01,138Â 295Â 567,1.0
964312,201900005843,7,7,19:20,1,2,2,1.0,3.0,91434,AVENIR (AVENUE DE L'),M,"48,6566400","2,3539000",91,2019,50.0,1.0,1.0,4.0,2155389,1.0,1,4,2,0.0,,0.0,0,1981.0,A01,138Â 295Â 566,1.0,0.0,-1.0,1645813,3.0,7,,0.0,2.0,2.0,A01,138Â 295Â 566,1.0
964312,201900005843,7,7,19:20,1,2,2,1.0,3.0,91434,AVENIR (AVENUE DE L'),M,"48,6566400","2,3539000",91,2019,50.0,1.0,1.0,4.0,2155389,1.0,1,4,2,0.0,,0.0,0,1981.0,A01,138Â 295Â 566,1.0,0.0,-1.0,1645814,1.0,7,,0.0,2.0,3.0,B01,138Â 295Â 567,1.0