Unnamed: 0_x,num_acc,mois,jour,hrmn,lum,agg,int,atm,col,com,adr,gps,lat,long,dep,annee,vma,situ,surf,catr,Unnamed: 0_y,place,catu,grav,sexe,trajet,secu,locp,actp,an_nais,num_veh_x,id_vehicule_x,secu1,secu2,secu3,Unnamed: 0,senc,catv,occutc,obs,obsm,choc,num_veh_y,id_vehicule_y,motor
964312,201900005843,7,7,19:20,1,2,2,1.0,3.0,91434,AVENIR (AVENUE DE L'),M,"48,6566400","2,3539000",91,2019,50.0,1.0,1.0,4.0,2155390,1.0,1,1,2,0.0,,0.0,0,1951.0,B01,138Â 295Â 567,1.0,0.0,-1.0,1645813,3.0,7,,0.0,2.0,2.0,A01,138Â 295Â 566,1.0
964312,201900005843,7,7,19:20,1,2,2,1.0,3.0,91434,AVENIR (AVENUE DE L'),M,"48,6566400","2,3539000",91,2019,50.0,1.0,1.0,4.0,2155390,1.0,1,1,2,0.0,,0.0,0,1951.0,B01,138Â 295Â 567,1.0,0.0,-1.0,1645814,1.0,7,,0.0,2.0,3.0,B01,138Â 295Â 567,1.0
964313,201900005844,7,6,21:05,2,2,2,1.0,3.0,13204,MARÃCHAL JUIN (BOULEVARD),M,"43,3093700","5,4030100",13,2019,50.0,1.0,1.0,4.0,2155391,1.0,1,1,1,0.0,,-1.0, -1,1963.0,A01,138Â 295Â 564,1.0,8.0,-1.0,1645815,2.0,7,,0.0,2.0,6.0,A01,138Â 295Â 564,1.0
964313,201900005844,7,6,21:05,2,2,2,1.0,3.0,13204,MARÃCHAL JUIN (BOULEVARD),M,"43,3093700","5,4030100",13,2019,50.0,1.0,1.0,4.0,2155391,1.0,1,1,1,0.0,,-1.0, -1,1963.0,A01,138Â 295Â 564,1.0,8.0,-1.0,1645816,1.0,32,,0.0,2.0,2.0,B01,138Â 295Â 565,1.0
964313,201900005844,7,6,21:05,2,2,2,1.0,3.0,13204,MARÃCHAL JUIN (BOULEVARD),M,"43,3093700","5,4030100",13,2019,50.0,1.0,1.0,4.0,2155392,1.0,1,4,1,0.0,,-1.0, -1,1989.0,B01,138Â 295Â 565,2.0,8.0,-1.0,1645815,2.0,7,,0.0,2.0,6.0,A01,138Â 295Â 564,1.0
964313,201900005844,7,6,21:05,2,2,2,1.0,3.0,13204,MARÃCHAL JUIN (BOULEVARD),M,"43,3093700","5,4030100",13,2019,50.0,1.0,1.0,4.0,2155392,1.0,1,4,1,0.0,,-1.0, -1,1989.0,B01,138Â 295Â 565,2.0,8.0,-1.0,1645816,1.0,32,,0.0,2.0,2.0,B01,138Â 295Â 565,1.0
964314,201900005845,7,6,02:10,5,2,1,1.0,2.0,13204,SAKAKINI (BOULEVARD),M,"43,2995100","5,4007700",13,2019,50.0,1.0,1.0,4.0,2155393,1.0,1,1,1,0.0,,-1.0, -1,1965.0,A01,138Â 295Â 562,1.0,8.0,-1.0,1645817,1.0,7,,0.0,2.0,1.0,A01,138Â 295Â 562,1.0
964314,201900005845,7,6,02:10,5,2,1,1.0,2.0,13204,SAKAKINI (BOULEVARD),M,"43,2995100","5,4007700",13,2019,50.0,1.0,1.0,4.0,2155393,1.0,1,1,1,0.0,,-1.0, -1,1965.0,A01,138Â 295Â 562,1.0,8.0,-1.0,1645818,1.0,7,,0.0,2.0,4.0,B01,138Â 295Â 563,1.0
964314,201900005845,7,6,02:10,5,2,1,1.0,2.0,13204,SAKAKINI (BOULEVARD),M,"43,2995100","5,4007700",13,2019,50.0,1.0,1.0,4.0,2155394,1.0,1,4,2,0.0,,-1.0, -1,1994.0,B01,138Â 295Â 563,1.0,8.0,-1.0,1645817,1.0,7,,0.0,2.0,1.0,A01,138Â 295Â 562,1.0
964314,201900005845,7,6,02:10,5,2,1,1.0,2.0,13204,SAKAKINI (BOULEVARD),M,"43,2995100","5,4007700",13,2019,50.0,1.0,1.0,4.0,2155394,1.0,1,4,2,0.0,,-1.0, -1,1994.0,B01,138Â 295Â 563,1.0,8.0,-1.0,1645818,1.0,7,,0.0,2.0,4.0,B01,138Â 295Â 563,1.0
964314,201900005845,7,6,02:10,5,2,1,1.0,2.0,13204,SAKAKINI (BOULEVARD),M,"43,2995100","5,4007700",13,2019,50.0,1.0,1.0,4.0,2155395,2.0,2,4,2,0.0,,-1.0,0,1996.0,B01,138Â 295Â 563,1.0,8.0,-1.0,1645817,1.0,7,,0.0,2.0,1.0,A01,138Â 295Â 562,1.0
964314,201900005845,7,6,02:10,5,2,1,1.0,2.0,13204,SAKAKINI (BOULEVARD),M,"43,2995100","5,4007700",13,2019,50.0,1.0,1.0,4.0,2155395,2.0,2,4,2,0.0,,-1.0,0,1996.0,B01,138Â 295Â 563,1.0,8.0,-1.0,1645818,1.0,7,,0.0,2.0,4.0,B01,138Â 295Â 563,1.0
964315,201900005846,6,19,12:45,1,1,1,1.0,6.0,13047,RN 569,M,"43,5329330","4,9592160",13,2019,80.0,1.0,1.0,2.0,2155396,1.0,1,4,2,0.0,,-1.0,0,1980.0,B01,138Â 295Â 561,1.0,8.0,-1.0,1645819,2.0,99,,0.0,2.0,0.0,A01,138Â 295Â 560,0.0
964315,201900005846,6,19,12:45,1,1,1,1.0,6.0,13047,RN 569,M,"43,5329330","4,9592160",13,2019,80.0,1.0,1.0,2.0,2155396,1.0,1,4,2,0.0,,-1.0,0,1980.0,B01,138Â 295Â 561,1.0,8.0,-1.0,1645820,1.0,7,,0.0,2.0,8.0,B01,138Â 295Â 561,1.0
964315,201900005846,6,19,12:45,1,1,1,1.0,6.0,13047,RN 569,M,"43,5329330","4,9592160",13,2019,80.0,1.0,1.0,2.0,2155397,2.0,2,1,2,0.0,,-1.0,0,1975.0,B01,138Â 295Â 561,1.0,8.0,-1.0,1645819,2.0,99,,0.0,2.0,0.0,A01,138Â 295Â 560,0.0
964315,201900005846,6,19,12:45,1,1,1,1.0,6.0,13047,RN 569,M,"43,5329330","4,9592160",13,2019,80.0,1.0,1.0,2.0,2155397,2.0,2,1,2,0.0,,-1.0,0,1975.0,B01,138Â 295Â 561,1.0,8.0,-1.0,1645820,1.0,7,,0.0,2.0,8.0,B01,138Â 295Â 561,1.0
964316,201900005847,7,7,12:15,1,2,2,1.0,5.0,94075,MARECHAL DE LATTRE DE TASSIGNY (AV),M,"48,7275300","2,5311000",94,2019,50.0,1.0,1.0,2.0,2155398,1.0,1,1,1,4.0,,-1.0, -1,1993.0,B01,138Â 295Â 557,1.0,0.0,-1.0,1645821,3.0,7,,0.0,2.0,1.0,B01,138Â 295Â 557,1.0
964316,201900005847,7,7,12:15,1,2,2,1.0,5.0,94075,MARECHAL DE LATTRE DE TASSIGNY (AV),M,"48,7275300","2,5311000",94,2019,50.0,1.0,1.0,2.0,2155398,1.0,1,1,1,4.0,,-1.0, -1,1993.0,B01,138Â 295Â 557,1.0,0.0,-1.0,1645822,3.0,7,,0.0,2.0,6.0,C01,138Â 295Â 558,1.0
964316,201900005847,7,7,12:15,1,2,2,1.0,5.0,94075,MARECHAL DE LATTRE DE TASSIGNY (AV),M,"48,7275300","2,5311000",94,2019,50.0,1.0,1.0,2.0,2155398,1.0,1,1,1,4.0,,-1.0, -1,1993.0,B01,138Â 295Â 557,1.0,0.0,-1.0,1645823,2.0,7,,0.0,2.0,1.0,A01,138Â 295Â 559,1.0
964316,201900005847,7,7,12:15,1,2,2,1.0,5.0,94075,MARECHAL DE LATTRE DE TASSIGNY (AV),M,"48,7275300","2,5311000",94,2019,50.0,1.0,1.0,2.0,2155399,1.0,1,1,2,5.0,,-1.0, -1,1962.0,C01,138Â 295Â 558,1.0,0.0,-1.0,1645821,3.0,7,,0.0,2.0,1.0,B01,138Â 295Â 557,1.0
964316,201900005847,7,7,12:15,1,2,2,1.0,5.0,94075,MARECHAL DE LATTRE DE TASSIGNY (AV),M,"48,7275300","2,5311000",94,2019,50.0,1.0,1.0,2.0,2155399,1.0,1,1,2,5.0,,-1.0, -1,1962.0,C01,138Â 295Â 558,1.0,0.0,-1.0,1645822,3.0,7,,0.0,2.0,6.0,C01,138Â 295Â 558,1.0
964316,201900005847,7,7,12:15,1,2,2,1.0,5.0,94075,MARECHAL DE LATTRE DE TASSIGNY (AV),M,"48,7275300","2,5311000",94,2019,50.0,1.0,1.0,2.0,2155399,1.0,1,1,2,5.0,,-1.0, -1,1962.0,C01,138Â 295Â 558,1.0,0.0,-1.0,1645823,2.0,7,,0.0,2.0,1.0,A01,138Â 295Â 559,1.0
964316,201900005847,7,7,12:15,1,2,2,1.0,5.0,94075,MARECHAL DE LATTRE DE TASSIGNY (AV),M,"48,7275300","2,5311000",94,2019,50.0,1.0,1.0,2.0,2155400,1.0,1,4,2,5.0,,-1.0, -1,1972.0,A01,138Â 295Â 559,1.0,0.0,-1.0,1645821,3.0,7,,0.0,2.0,1.0,B01,138Â 295Â 557,1.0
964316,201900005847,7,7,12:15,1,2,2,1.0,5.0,94075,MARECHAL DE LATTRE DE TASSIGNY (AV),M,"48,7275300","2,5311000",94,2019,50.0,1.0,1.0,2.0,2155400,1.0,1,4,2,5.0,,-1.0, -1,1972.0,A01,138Â 295Â 559,1.0,0.0,-1.0,1645822,3.0,7,,0.0,2.0,6.0,C01,138Â 295Â 558,1.0
964316,201900005847,7,7,12:15,1,2,2,1.0,5.0,94075,MARECHAL DE LATTRE DE TASSIGNY (AV),M,"48,7275300","2,5311000",94,2019,50.0,1.0,1.0,2.0,2155400,1.0,1,4,2,5.0,,-1.0, -1,1972.0,A01,138Â 295Â 559,1.0,0.0,-1.0,1645823,2.0,7,,0.0,2.0,1.0,A01,138Â 295Â 559,1.0
964317,201900005848,7,7,04:40,2,2,7,1.0,6.0,97611,mamoudzou centre-MarchÃ© ( place du ),M," -12,7787500","45,2306300",976,2019,50.0,1.0,1.0,4.0,2155401,10.0,3,4,1,9.0,,8.0,3,1995.0,A01,138Â 295Â 556,8.0,0.0,-1.0,1645824,1.0,99,,14.0,1.0,3.0,A01,138Â 295Â 556,6.0
964318,201900005849,7,7,05:25,5,2,1,1.0,3.0,97416,HUBERT DE LISLE(BOULEVARD),M," -21,3433925","55,4675012",974,2019,50.0,1.0,1.0,4.0,2155402,1.0,1,4,1,0.0,,-1.0, -1,1987.0,B01,138Â 295Â 554,1.0,0.0,-1.0,1645825,1.0,7,,0.0,2.0,1.0,B01,138Â 295Â 554,1.0
964318,201900005849,7,7,05:25,5,2,1,1.0,3.0,97416,HUBERT DE LISLE(BOULEVARD),M," -21,3433925","55,4675012",974,2019,50.0,1.0,1.0,4.0,2155402,1.0,1,4,1,0.0,,-1.0, -1,1987.0,B01,138Â 295Â 554,1.0,0.0,-1.0,1645826,1.0,7,,0.0,2.0,3.0,A01,138Â 295Â 555,1.0
964318,201900005849,7,7,05:25,5,2,1,1.0,3.0,97416,HUBERT DE LISLE(BOULEVARD),M," -21,3433925","55,4675012",974,2019,50.0,1.0,1.0,4.0,2155403,1.0,1,4,1,0.0,,-1.0, -1,1997.0,A01,138Â 295Â 555,1.0,0.0,-1.0,1645825,1.0,7,,0.0,2.0,1.0,B01,138Â 295Â 554,1.0
964318,201900005849,7,7,05:25,5,2,1,1.0,3.0,97416,HUBERT DE LISLE(BOULEVARD),M," -21,3433925","55,4675012",974,2019,50.0,1.0,1.0,4.0,2155403,1.0,1,4,1,0.0,,-1.0, -1,1997.0,A01,138Â 295Â 555,1.0,0.0,-1.0,1645826,1.0,7,,0.0,2.0,3.0,A01,138Â 295Â 555,1.0
964319,201900005850,7,6,09:05,1,2,1,1.0,3.0,97416,LEBLOND 2 (RUE MARIUS ET ARY),M," -21,3354700","55,4664000",974,2019,50.0,2.0,1.0,4.0,2155404,1.0,1,4,1,5.0,,-1.0, -1,1983.0,B01,138Â 295Â 552,8.0,0.0,-1.0,1645827,2.0,33,,0.0,2.0,1.0,B01,138Â 295Â 552,1.0
964319,201900005850,7,6,09:05,1,2,1,1.0,3.0,97416,LEBLOND 2 (RUE MARIUS ET ARY),M," -21,3354700","55,4664000",974,2019,50.0,2.0,1.0,4.0,2155404,1.0,1,4,1,5.0,,-1.0, -1,1983.0,B01,138Â 295Â 552,8.0,0.0,-1.0,1645828,2.0,7,,0.0,6.0,8.0,A01,138Â 295Â 553,1.0
964319,201900005850,7,6,09:05,1,2,1,1.0,3.0,97416,LEBLOND 2 (RUE MARIUS ET ARY),M," -21,3354700","55,4664000",974,2019,50.0,2.0,1.0,4.0,2155405,1.0,1,4,2,3.0,,-1.0, -1,1990.0,A01,138Â 295Â 553,1.0,0.0,-1.0,1645827,2.0,33,,0.0,2.0,1.0,B01,138Â 295Â 552,1.0
964319,201900005850,7,6,09:05,1,2,1,1.0,3.0,97416,LEBLOND 2 (RUE MARIUS ET ARY),M," -21,3354700","55,4664000",974,2019,50.0,2.0,1.0,4.0,2155405,1.0,1,4,2,3.0,,-1.0, -1,1990.0,A01,138Â 295Â 553,1.0,0.0,-1.0,1645828,2.0,7,,0.0,6.0,8.0,A01,138Â 295Â 553,1.0
964320,201900005851,7,7,15:30,1,2,2,1.0,3.0,69387,YVES FARGES                         (BD),M,"45,7434100","4,8342100",69,2019,50.0,1.0,1.0,4.0,2155406,2.0,2,4,2,0.0,,-1.0, -1,1988.0,B01,138Â 295Â 550,2.0,6.0,-1.0,1645829,1.0,33,,0.0,2.0,1.0,B01,138Â 295Â 550,1.0
964320,201900005851,7,7,15:30,1,2,2,1.0,3.0,69387,YVES FARGES                         (BD),M,"45,7434100","4,8342100",69,2019,50.0,1.0,1.0,4.0,2155406,2.0,2,4,2,0.0,,-1.0, -1,1988.0,B01,138Â 295Â 550,2.0,6.0,-1.0,1645830,2.0,10,,0.0,2.0,5.0,A01,138Â 295Â 551,1.0
964320,201900005851,7,7,15:30,1,2,2,1.0,3.0,69387,YVES FARGES                         (BD),M,"45,7434100","4,8342100",69,2019,50.0,1.0,1.0,4.0,2155407,1.0,1,3,1,0.0,,-1.0, -1,1987.0,B01,138Â 295Â 550,2.0,6.0,-1.0,1645829,1.0,33,,0.0,2.0,1.0,B01,138Â 295Â 550,1.0
964320,201900005851,7,7,15:30,1,2,2,1.0,3.0,69387,YVES FARGES                         (BD),M,"45,7434100","4,8342100",69,2019,50.0,1.0,1.0,4.0,2155407,1.0,1,3,1,0.0,,-1.0, -1,1987.0,B01,138Â 295Â 550,2.0,6.0,-1.0,1645830,2.0,10,,0.0,2.0,5.0,A01,138Â 295Â 551,1.0
964320,201900005851,7,7,15:30,1,2,2,1.0,3.0,69387,YVES FARGES                         (BD),M,"45,7434100","4,8342100",69,2019,50.0,1.0,1.0,4.0,2155408,1.0,1,1,1,0.0,,-1.0, -1,1992.0,A01,138Â 295Â 551,1.0,0.0,-1.0,1645829,1.0,33,,0.0,2.0,1.0,B01,138Â 295Â 550,1.0
964320,201900005851,7,7,15:30,1,2,2,1.0,3.0,69387,YVES FARGES                         (BD),M,"45,7434100","4,8342100",69,2019,50.0,1.0,1.0,4.0,2155408,1.0,1,1,1,0.0,,-1.0, -1,1992.0,A01,138Â 295Â 551,1.0,0.0,-1.0,1645830,2.0,10,,0.0,2.0,5.0,A01,138Â 295Â 551,1.0
964321,201900005852,7,7,12:20,1,2,9,1.0,7.0,69199,LOUIS GIRARDET                      (R ),M,"45,7054986","4,8554508",69,2019,50.0,1.0,1.0,9.0,2155409,10.0,3,4,1,3.0,,3.0,3,2008.0,A01,138Â 295Â 549,8.0,0.0,-1.0,1645831,1.0,7,,0.0,1.0,3.0,A01,138Â 295Â 549,0.0
964321,201900005852,7,7,12:20,1,2,9,1.0,7.0,69199,LOUIS GIRARDET                      (R ),M,"45,7054986","4,8554508",69,2019,50.0,1.0,1.0,9.0,2155410,1.0,1,1,1,0.0,,0.0,0,1975.0,A01,138Â 295Â 549,1.0,0.0,-1.0,1645831,1.0,7,,0.0,1.0,3.0,A01,138Â 295Â 549,0.0
964322,201900005853,7,4,03:55,5,1,9,9.0,2.0,97213,AUTOROUTE A1,M,"14,6184800"," -61,0226200",972,2019,90.0,1.0,2.0,1.0,2155411,1.0,1,4,1,1.0,,-1.0,0,1990.0,A01,138Â 295Â 547,8.0,0.0,-1.0,1645832,1.0,7,,0.0,2.0,1.0,A01,138Â 295Â 547,1.0
964322,201900005853,7,4,03:55,5,1,9,9.0,2.0,97213,AUTOROUTE A1,M,"14,6184800"," -61,0226200",972,2019,90.0,1.0,2.0,1.0,2155411,1.0,1,4,1,1.0,,-1.0,0,1990.0,A01,138Â 295Â 547,8.0,0.0,-1.0,1645833,1.0,32,,0.0,2.0,4.0,B01,138Â 295Â 548,1.0
964322,201900005853,7,4,03:55,5,1,9,9.0,2.0,97213,AUTOROUTE A1,M,"14,6184800"," -61,0226200",972,2019,90.0,1.0,2.0,1.0,2155412,2.0,2,4,1,0.0,,-1.0,0,2000.0,B01,138Â 295Â 548,8.0,0.0,-1.0,1645832,1.0,7,,0.0,2.0,1.0,A01,138Â 295Â 547,1.0
964322,201900005853,7,4,03:55,5,1,9,9.0,2.0,97213,AUTOROUTE A1,M,"14,6184800"," -61,0226200",972,2019,90.0,1.0,2.0,1.0,2155412,2.0,2,4,1,0.0,,-1.0,0,2000.0,B01,138Â 295Â 548,8.0,0.0,-1.0,1645833,1.0,32,,0.0,2.0,4.0,B01,138Â 295Â 548,1.0
964322,201900005853,7,4,03:55,5,1,9,9.0,2.0,97213,AUTOROUTE A1,M,"14,6184800"," -61,0226200",972,2019,90.0,1.0,2.0,1.0,2155413,1.0,1,4,1,0.0,,-1.0,0,2000.0,B01,138Â 295Â 548,8.0,0.0,-1.0,1645832,1.0,7,,0.0,2.0,1.0,A01,138Â 295Â 547,1.0
964322,201900005853,7,4,03:55,5,1,9,9.0,2.0,97213,AUTOROUTE A1,M,"14,6184800"," -61,0226200",972,2019,90.0,1.0,2.0,1.0,2155413,1.0,1,4,1,0.0,,-1.0,0,2000.0,B01,138Â 295Â 548,8.0,0.0,-1.0,1645833,1.0,32,,0.0,2.0,4.0,B01,138Â 295Â 548,1.0
964323,201900005854,7,7,09:50,1,2,1,1.0,2.0,97209,MARNE (BOULEVARD DE LA),M,"14,6049900"," -61,0858000",972,2019,50.0,1.0,1.0,2.0,2155414,1.0,1,4,1,9.0,,-1.0,0,1966.0,B01,138Â 295Â 545,1.0,0.0,-1.0,1645834,1.0,7,,0.0,2.0,4.0,B01,138Â 295Â 545,1.0
964323,201900005854,7,7,09:50,1,2,1,1.0,2.0,97209,MARNE (BOULEVARD DE LA),M,"14,6049900"," -61,0858000",972,2019,50.0,1.0,1.0,2.0,2155414,1.0,1,4,1,9.0,,-1.0,0,1966.0,B01,138Â 295Â 545,1.0,0.0,-1.0,1645835,1.0,7,,0.0,2.0,1.0,A01,138Â 295Â 546,1.0
964323,201900005854,7,7,09:50,1,2,1,1.0,2.0,97209,MARNE (BOULEVARD DE LA),M,"14,6049900"," -61,0858000",972,2019,50.0,1.0,1.0,2.0,2155415,1.0,1,1,1,9.0,,-1.0,0,1961.0,A01,138Â 295Â 546,1.0,0.0,-1.0,1645834,1.0,7,,0.0,2.0,4.0,B01,138Â 295Â 545,1.0
964323,201900005854,7,7,09:50,1,2,1,1.0,2.0,97209,MARNE (BOULEVARD DE LA),M,"14,6049900"," -61,0858000",972,2019,50.0,1.0,1.0,2.0,2155415,1.0,1,1,1,9.0,,-1.0,0,1961.0,A01,138Â 295Â 546,1.0,0.0,-1.0,1645835,1.0,7,,0.0,2.0,1.0,A01,138Â 295Â 546,1.0
964324,201900005855,7,6,12:40,1,2,2,1.0,7.0,69381,ST SEBASTIEN                        (MO),M,"45,7727000","4,8348000",69,2019,50.0,1.0,1.0,7.0,2155416,10.0,3,4,2,0.0,,2.0,3,1982.0,A01,138Â 295Â 544,8.0,0.0,-1.0,1645836,3.0,7,,0.0,1.0,2.0,A01,138Â 295Â 544,0.0
964324,201900005855,7,6,12:40,1,2,2,1.0,7.0,69381,ST SEBASTIEN                        (MO),M,"45,7727000","4,8348000",69,2019,50.0,1.0,1.0,7.0,2155417,1.0,1,1,1,4.0,,0.0,0,1991.0,A01,138Â 295Â 544,1.0,0.0,-1.0,1645836,3.0,7,,0.0,1.0,2.0,A01,138Â 295Â 544,0.0
964325,201900005856,7,6,18:00,1,2,2,1.0,3.0,69382,FERRANDIERE (DE LA)                 (R ),M,"45,7620602","4,8341171",69,2019,50.0,1.0,1.0,4.0,2155418,1.0,1,1,2,5.0,,0.0,0,1987.0,B01,138Â 295Â 542,8.0,0.0,-1.0,1645837,1.0,50,,0.0,1.0,1.0,B01,138Â 295Â 542,3.0
964325,201900005856,7,6,18:00,1,2,2,1.0,3.0,69382,FERRANDIERE (DE LA)                 (R ),M,"45,7620602","4,8341171",69,2019,50.0,1.0,1.0,4.0,2155418,1.0,1,1,2,5.0,,0.0,0,1987.0,B01,138Â 295Â 542,8.0,0.0,-1.0,1645838,2.0,50,,0.0,1.0,1.0,A01,138Â 295Â 543,3.0
964325,201900005856,7,6,18:00,1,2,2,1.0,3.0,69382,FERRANDIERE (DE LA)                 (R ),M,"45,7620602","4,8341171",69,2019,50.0,1.0,1.0,4.0,2155419,1.0,1,4,2,1.0,,0.0,0,1997.0,A01,138Â 295Â 543,8.0,0.0,-1.0,1645837,1.0,50,,0.0,1.0,1.0,B01,138Â 295Â 542,3.0
964325,201900005856,7,6,18:00,1,2,2,1.0,3.0,69382,FERRANDIERE (DE LA)                 (R ),M,"45,7620602","4,8341171",69,2019,50.0,1.0,1.0,4.0,2155419,1.0,1,4,2,1.0,,0.0,0,1997.0,A01,138Â 295Â 543,8.0,0.0,-1.0,1645838,2.0,50,,0.0,1.0,1.0,A01,138Â 295Â 543,3.0
964326,201900005857,7,7,16:38,1,2,1,1.0,3.0,95268,AV DE STALINGRAD,M,"48,9590600","2,4076200",95,2019,50.0,1.0,1.0,3.0,2155420,2.0,2,4,1,5.0,,-1.0,0,1995.0,B01,138Â 295Â 540,1.0,0.0,-1.0,1645839,1.0,7,,0.0,2.0,6.0,B01,138Â 295Â 540,1.0
964326,201900005857,7,7,16:38,1,2,1,1.0,3.0,95268,AV DE STALINGRAD,M,"48,9590600","2,4076200",95,2019,50.0,1.0,1.0,3.0,2155420,2.0,2,4,1,5.0,,-1.0,0,1995.0,B01,138Â 295Â 540,1.0,0.0,-1.0,1645840,1.0,7,,0.0,2.0,3.0,A01,138Â 295Â 541,1.0
964326,201900005857,7,7,16:38,1,2,1,1.0,3.0,95268,AV DE STALINGRAD,M,"48,9590600","2,4076200",95,2019,50.0,1.0,1.0,3.0,2155421,1.0,1,4,2,5.0,,-1.0,0,1996.0,B01,138Â 295Â 540,1.0,0.0,-1.0,1645839,1.0,7,,0.0,2.0,6.0,B01,138Â 295Â 540,1.0
964326,201900005857,7,7,16:38,1,2,1,1.0,3.0,95268,AV DE STALINGRAD,M,"48,9590600","2,4076200",95,2019,50.0,1.0,1.0,3.0,2155421,1.0,1,4,2,5.0,,-1.0,0,1996.0,B01,138Â 295Â 540,1.0,0.0,-1.0,1645840,1.0,7,,0.0,2.0,3.0,A01,138Â 295Â 541,1.0
964326,201900005857,7,7,16:38,1,2,1,1.0,3.0,95268,AV DE STALINGRAD,M,"48,9590600","2,4076200",95,2019,50.0,1.0,1.0,3.0,2155422,2.0,2,4,2,5.0,,-1.0,0,1993.0,A01,138Â 295Â 541,1.0,0.0,-1.0,1645839,1.0,7,,0.0,2.0,6.0,B01,138Â 295Â 540,1.0
964326,201900005857,7,7,16:38,1,2,1,1.0,3.0,95268,AV DE STALINGRAD,M,"48,9590600","2,4076200",95,2019,50.0,1.0,1.0,3.0,2155422,2.0,2,4,2,5.0,,-1.0,0,1993.0,A01,138Â 295Â 541,1.0,0.0,-1.0,1645840,1.0,7,,0.0,2.0,3.0,A01,138Â 295Â 541,1.0
964326,201900005857,7,7,16:38,1,2,1,1.0,3.0,95268,AV DE STALINGRAD,M,"48,9590600","2,4076200",95,2019,50.0,1.0,1.0,3.0,2155423,1.0,1,4,2,5.0,,-1.0,0,1996.0,A01,138Â 295Â 541,1.0,0.0,-1.0,1645839,1.0,7,,0.0,2.0,6.0,B01,138Â 295Â 540,1.0
964326,201900005857,7,7,16:38,1,2,1,1.0,3.0,95268,AV DE STALINGRAD,M,"48,9590600","2,4076200",95,2019,50.0,1.0,1.0,3.0,2155423,1.0,1,4,2,5.0,,-1.0,0,1996.0,A01,138Â 295Â 541,1.0,0.0,-1.0,1645840,1.0,7,,0.0,2.0,3.0,A01,138Â 295Â 541,1.0
964327,201900005858,7,7,06:50,1,1,1,1.0,1.0,95306,11Ã¨me AVENUE,M,"49,0094215","2,1575227",95,2019,50.0,1.0,1.0,3.0,2155424,1.0,1,4,2,5.0,,-1.0,0,1994.0,A01,138Â 295Â 538,1.0,8.0,-1.0,1645841,1.0,7,,0.0,2.0,1.0,A01,138Â 295Â 538,1.0
964327,201900005858,7,7,06:50,1,1,1,1.0,1.0,95306,11Ã¨me AVENUE,M,"49,0094215","2,1575227",95,2019,50.0,1.0,1.0,3.0,2155424,1.0,1,4,2,5.0,,-1.0,0,1994.0,A01,138Â 295Â 538,1.0,8.0,-1.0,1645842,2.0,7,,0.0,2.0,1.0,B01,138Â 295Â 539,1.0
964327,201900005858,7,7,06:50,1,1,1,1.0,1.0,95306,11Ã¨me AVENUE,M,"49,0094215","2,1575227",95,2019,50.0,1.0,1.0,3.0,2155425,1.0,1,1,1,5.0,,-1.0,0,1982.0,B01,138Â 295Â 539,1.0,8.0,-1.0,1645841,1.0,7,,0.0,2.0,1.0,A01,138Â 295Â 538,1.0
964327,201900005858,7,7,06:50,1,1,1,1.0,1.0,95306,11Ã¨me AVENUE,M,"49,0094215","2,1575227",95,2019,50.0,1.0,1.0,3.0,2155425,1.0,1,1,1,5.0,,-1.0,0,1982.0,B01,138Â 295Â 539,1.0,8.0,-1.0,1645842,2.0,7,,0.0,2.0,1.0,B01,138Â 295Â 539,1.0
964328,201900005859,7,7,16:20,1,2,6,1.0,3.0,91589,ARMEE LECLERC (AVENUE DE L'),M,"48,6904500","2,3392900",91,2019,50.0,3.0,1.0,4.0,2155426,1.0,1,4,1,5.0,,0.0,0,1990.0,A01,138Â 295Â 536,8.0,0.0,-1.0,1645843,3.0,1,,0.0,2.0,1.0,A01,138Â 295Â 536,0.0
964328,201900005859,7,7,16:20,1,2,6,1.0,3.0,91589,ARMEE LECLERC (AVENUE DE L'),M,"48,6904500","2,3392900",91,2019,50.0,3.0,1.0,4.0,2155426,1.0,1,4,1,5.0,,0.0,0,1990.0,A01,138Â 295Â 536,8.0,0.0,-1.0,1645844,3.0,7,,0.0,6.0,1.0,B01,138Â 295Â 537,0.0
964328,201900005859,7,7,16:20,1,2,6,1.0,3.0,91589,ARMEE LECLERC (AVENUE DE L'),M,"48,6904500","2,3392900",91,2019,50.0,3.0,1.0,4.0,2155427,1.0,1,1,1,5.0,,0.0,0,1996.0,B01,138Â 295Â 537,1.0,8.0,-1.0,1645843,3.0,1,,0.0,2.0,1.0,A01,138Â 295Â 536,0.0
964328,201900005859,7,7,16:20,1,2,6,1.0,3.0,91589,ARMEE LECLERC (AVENUE DE L'),M,"48,6904500","2,3392900",91,2019,50.0,3.0,1.0,4.0,2155427,1.0,1,1,1,5.0,,0.0,0,1996.0,B01,138Â 295Â 537,1.0,8.0,-1.0,1645844,3.0,7,,0.0,6.0,1.0,B01,138Â 295Â 537,0.0
964329,201900005860,7,7,11:15,1,2,1,1.0,2.0,91589,BRIAND (BOULEVARD ARISTIDE),M,"48,6800000","2,3480000",91,2019,50.0,3.0,1.0,4.0,2155428,1.0,1,1,2,0.0,,0.0,0,1996.0,A01,138Â 295Â 534,1.0,8.0,-1.0,1645845,0.0,7,,0.0,2.0,1.0,A01,138Â 295Â 534,1.0