Unnamed: 0_x,num_acc,mois,jour,hrmn,lum,agg,int,atm,col,com,adr,gps,lat,long,dep,annee,vma,situ,surf,catr,Unnamed: 0_y,place,catu,grav,sexe,trajet,secu,locp,actp,an_nais,num_veh_x,id_vehicule_x,secu1,secu2,secu3,Unnamed: 0,senc,catv,occutc,obs,obsm,choc,num_veh_y,id_vehicule_y,motor
964329,201900005860,7,7,11:15,1,2,1,1.0,2.0,91589,BRIAND (BOULEVARD ARISTIDE),M,"48,6800000","2,3480000",91,2019,50.0,3.0,1.0,4.0,2155428,1.0,1,1,2,0.0,,0.0,0,1996.0,A01,138Â 295Â 534,1.0,8.0,-1.0,1645846,0.0,7,,0.0,0.0,4.0,B01,138Â 295Â 535,1.0
964329,201900005860,7,7,11:15,1,2,1,1.0,2.0,91589,BRIAND (BOULEVARD ARISTIDE),M,"48,6800000","2,3480000",91,2019,50.0,3.0,1.0,4.0,2155429,1.0,1,4,1,9.0,,0.0,0,1947.0,B01,138Â 295Â 535,1.0,8.0,-1.0,1645845,0.0,7,,0.0,2.0,1.0,A01,138Â 295Â 534,1.0
964329,201900005860,7,7,11:15,1,2,1,1.0,2.0,91589,BRIAND (BOULEVARD ARISTIDE),M,"48,6800000","2,3480000",91,2019,50.0,3.0,1.0,4.0,2155429,1.0,1,4,1,9.0,,0.0,0,1947.0,B01,138Â 295Â 535,1.0,8.0,-1.0,1645846,0.0,7,,0.0,0.0,4.0,B01,138Â 295Â 535,1.0
964329,201900005860,7,7,11:15,1,2,1,1.0,2.0,91589,BRIAND (BOULEVARD ARISTIDE),M,"48,6800000","2,3480000",91,2019,50.0,3.0,1.0,4.0,2155430,2.0,2,4,1,9.0,,0.0,0,1958.0,B01,138Â 295Â 535,1.0,0.0,-1.0,1645845,0.0,7,,0.0,2.0,1.0,A01,138Â 295Â 534,1.0
964329,201900005860,7,7,11:15,1,2,1,1.0,2.0,91589,BRIAND (BOULEVARD ARISTIDE),M,"48,6800000","2,3480000",91,2019,50.0,3.0,1.0,4.0,2155430,2.0,2,4,1,9.0,,0.0,0,1958.0,B01,138Â 295Â 535,1.0,0.0,-1.0,1645846,0.0,7,,0.0,0.0,4.0,B01,138Â 295Â 535,1.0
964330,201900005861,7,7,21:55,5,2,2,1.0,3.0,83061,RUE MARÃCHAL GALLIENI,M,"43,4253855","6,7624658",83,2019,50.0,1.0,1.0,3.0,2155431,1.0,1,4,1,5.0,,-1.0,0,1992.0,A01,138Â 295Â 532,2.0,0.0,-1.0,1645847,1.0,30,,0.0,2.0,7.0,A01,138Â 295Â 532,0.0
964330,201900005861,7,7,21:55,5,2,2,1.0,3.0,83061,RUE MARÃCHAL GALLIENI,M,"43,4253855","6,7624658",83,2019,50.0,1.0,1.0,3.0,2155431,1.0,1,4,1,5.0,,-1.0,0,1992.0,A01,138Â 295Â 532,2.0,0.0,-1.0,1645848,2.0,33,,0.0,2.0,1.0,B01,138Â 295Â 533,1.0
964330,201900005861,7,7,21:55,5,2,2,1.0,3.0,83061,RUE MARÃCHAL GALLIENI,M,"43,4253855","6,7624658",83,2019,50.0,1.0,1.0,3.0,2155432,1.0,1,3,1,5.0,,-1.0,0,1984.0,B01,138Â 295Â 533,2.0,0.0,-1.0,1645847,1.0,30,,0.0,2.0,7.0,A01,138Â 295Â 532,0.0
964330,201900005861,7,7,21:55,5,2,2,1.0,3.0,83061,RUE MARÃCHAL GALLIENI,M,"43,4253855","6,7624658",83,2019,50.0,1.0,1.0,3.0,2155432,1.0,1,3,1,5.0,,-1.0,0,1984.0,B01,138Â 295Â 533,2.0,0.0,-1.0,1645848,2.0,33,,0.0,2.0,1.0,B01,138Â 295Â 533,1.0
964331,201900005862,7,6,17:10,1,2,1,1.0,3.0,83061,RUE ROGER LOUIS,M,"43,4253700","6,7457400",83,2019,30.0,1.0,1.0,4.0,2155433,1.0,1,1,1,5.0,,-1.0, -1,1973.0,B01,138Â 295Â 530,1.0,0.0,-1.0,1645849,2.0,7,,0.0,2.0,3.0,B01,138Â 295Â 530,1.0
964331,201900005862,7,6,17:10,1,2,1,1.0,3.0,83061,RUE ROGER LOUIS,M,"43,4253700","6,7457400",83,2019,30.0,1.0,1.0,4.0,2155433,1.0,1,1,1,5.0,,-1.0, -1,1973.0,B01,138Â 295Â 530,1.0,0.0,-1.0,1645850,2.0,34,,0.0,2.0,1.0,A01,138Â 295Â 531,1.0
964331,201900005862,7,6,17:10,1,2,1,1.0,3.0,83061,RUE ROGER LOUIS,M,"43,4253700","6,7457400",83,2019,30.0,1.0,1.0,4.0,2155434,1.0,1,3,1,5.0,,-1.0, -1,1967.0,A01,138Â 295Â 531,2.0,8.0,-1.0,1645849,2.0,7,,0.0,2.0,3.0,B01,138Â 295Â 530,1.0
964331,201900005862,7,6,17:10,1,2,1,1.0,3.0,83061,RUE ROGER LOUIS,M,"43,4253700","6,7457400",83,2019,30.0,1.0,1.0,4.0,2155434,1.0,1,3,1,5.0,,-1.0, -1,1967.0,A01,138Â 295Â 531,2.0,8.0,-1.0,1645850,2.0,34,,0.0,2.0,1.0,A01,138Â 295Â 531,1.0
964332,201900005863,7,4,19:54,1,2,1,7.0,6.0,80001,PASSAGE DES JACOBINS,M,"50,1051100","1,8341000",80,2019,50.0,1.0,1.0,4.0,2155435,10.0,3,3,2,1.0,,2.0,3,1962.0,B01,138Â 295Â 529,0.0,-1.0,-1.0,1645851,3.0,7,,0.0,1.0,2.0,B01,138Â 295Â 529,1.0
964332,201900005863,7,4,19:54,1,2,1,7.0,6.0,80001,PASSAGE DES JACOBINS,M,"50,1051100","1,8341000",80,2019,50.0,1.0,1.0,4.0,2155436,1.0,1,1,1,4.0,,0.0,0,2000.0,B01,138Â 295Â 529,1.0,0.0,0.0,1645851,3.0,7,,0.0,1.0,2.0,B01,138Â 295Â 529,1.0
964333,201900005864,7,7,15:50,1,1,1,1.0,6.0,77372,D934,M,"48,8781700","2,6677300",77,2019,70.0,1.0,1.0,3.0,2155437,1.0,1,4,2,0.0,,-1.0,0,1992.0,A01,138Â 295Â 528,1.0,0.0,-1.0,1645852,2.0,10,,13.0,0.0,0.0,A01,138Â 295Â 528,1.0
964334,201900005865,7,7,20:30,1,2,1,2.0,6.0,69282,REPUBLIQUE (DE)   RD 517            (R ),M,"45,7601000","5,0312500",69,2019,50.0,1.0,2.0,3.0,2155438,1.0,1,4,2,5.0,,0.0,0,1998.0,A01,138Â 295Â 525,1.0,0.0,-1.0,1645853,2.0,7,,8.0,0.0,1.0,A01,138Â 295Â 525,1.0
964334,201900005865,7,7,20:30,1,2,1,2.0,6.0,69282,REPUBLIQUE (DE)   RD 517            (R ),M,"45,7601000","5,0312500",69,2019,50.0,1.0,2.0,3.0,2155439,3.0,2,1,2,5.0,,0.0,0,2000.0,A01,138Â 295Â 525,1.0,0.0,-1.0,1645853,2.0,7,,8.0,0.0,1.0,A01,138Â 295Â 525,1.0
964334,201900005865,7,7,20:30,1,2,1,2.0,6.0,69282,REPUBLIQUE (DE)   RD 517            (R ),M,"45,7601000","5,0312500",69,2019,50.0,1.0,2.0,3.0,2155440,2.0,2,1,2,5.0,,0.0,0,2000.0,A01,138Â 295Â 525,1.0,0.0,-1.0,1645853,2.0,7,,8.0,0.0,1.0,A01,138Â 295Â 525,1.0
964335,201900005866,7,7,14:05,1,2,1,1.0,7.0,69266,LEON BLUM      (Rue),M,"45,7600909","4,8989545",69,2019,50.0,1.0,1.0,4.0,2155441,10.0,3,4,2,0.0,,1.0,3,1973.0,A01,138Â 295Â 524,8.0,0.0,-1.0,1645854,1.0,30,,0.0,1.0,3.0,A01,138Â 295Â 524,1.0
964335,201900005866,7,7,14:05,1,2,1,1.0,7.0,69266,LEON BLUM      (Rue),M,"45,7600909","4,8989545",69,2019,50.0,1.0,1.0,4.0,2155442,1.0,1,4,1,5.0,,0.0,0,1967.0,A01,138Â 295Â 524,2.0,6.0,-1.0,1645854,1.0,30,,0.0,1.0,3.0,A01,138Â 295Â 524,1.0
964336,201900005867,7,7,18:40,1,2,1,1.0,6.0,69091,MARCEL CACHIN ( R ),M,"45,5953439","4,7657254",69,2019,50.0,1.0,1.0,4.0,2155443,1.0,1,2,1,5.0,,0.0,0,1996.0,A01,138Â 295Â 523,1.0,0.0,-1.0,1645855,2.0,7,,0.0,2.0,8.0,A01,138Â 295Â 523,1.0
964337,201900005868,7,7,02:12,5,2,1,1.0,7.0,64132,COMMANDANT RENE MOUCHOTTE DU,M,"43,3029480"," -0,3205380",64,2019,50.0,5.0,1.0,4.0,2155444,2.0,2,2,2,5.0,,0.0,0,1995.0,A01,138Â 295Â 522,2.0,0.0,-1.0,1645856,1.0,33,,7.0,0.0,0.0,A01,138Â 295Â 522,1.0
964337,201900005868,7,7,02:12,5,2,1,1.0,7.0,64132,COMMANDANT RENE MOUCHOTTE DU,M,"43,3029480"," -0,3205380",64,2019,50.0,5.0,1.0,4.0,2155445,1.0,1,2,1,5.0,,0.0,0,1995.0,A01,138Â 295Â 522,2.0,6.0,-1.0,1645856,1.0,33,,7.0,0.0,0.0,A01,138Â 295Â 522,1.0
964338,201900005869,7,6,12:30,1,2,3,1.0,3.0,62555,LILLERS (CHEMIN DE ),M,"50,4979100","2,5264300",62,2019,50.0,1.0,1.0,4.0,2155446,1.0,1,1,1,5.0,,-1.0, -1,1970.0,B01,138Â 295Â 520,1.0,0.0,-1.0,1645857,3.0,7,,0.0,2.0,1.0,B01,138Â 295Â 520,0.0
964338,201900005869,7,6,12:30,1,2,3,1.0,3.0,62555,LILLERS (CHEMIN DE ),M,"50,4979100","2,5264300",62,2019,50.0,1.0,1.0,4.0,2155446,1.0,1,1,1,5.0,,-1.0, -1,1970.0,B01,138Â 295Â 520,1.0,0.0,-1.0,1645858,3.0,33,,0.0,2.0,1.0,A01,138Â 295Â 521,0.0
964338,201900005869,7,6,12:30,1,2,3,1.0,3.0,62555,LILLERS (CHEMIN DE ),M,"50,4979100","2,5264300",62,2019,50.0,1.0,1.0,4.0,2155447,1.0,1,4,1,5.0,,-1.0, -1,1970.0,A01,138Â 295Â 521,2.0,6.0,-1.0,1645857,3.0,7,,0.0,2.0,1.0,B01,138Â 295Â 520,0.0
964338,201900005869,7,6,12:30,1,2,3,1.0,3.0,62555,LILLERS (CHEMIN DE ),M,"50,4979100","2,5264300",62,2019,50.0,1.0,1.0,4.0,2155447,1.0,1,4,1,5.0,,-1.0, -1,1970.0,A01,138Â 295Â 521,2.0,6.0,-1.0,1645858,3.0,33,,0.0,2.0,1.0,A01,138Â 295Â 521,0.0
964338,201900005869,7,6,12:30,1,2,3,1.0,3.0,62555,LILLERS (CHEMIN DE ),M,"50,4979100","2,5264300",62,2019,50.0,1.0,1.0,4.0,2155448,2.0,2,4,1,5.0,,-1.0, -1,1996.0,A01,138Â 295Â 521,2.0,6.0,-1.0,1645857,3.0,7,,0.0,2.0,1.0,B01,138Â 295Â 520,0.0
964338,201900005869,7,6,12:30,1,2,3,1.0,3.0,62555,LILLERS (CHEMIN DE ),M,"50,4979100","2,5264300",62,2019,50.0,1.0,1.0,4.0,2155448,2.0,2,4,1,5.0,,-1.0, -1,1996.0,A01,138Â 295Â 521,2.0,6.0,-1.0,1645858,3.0,33,,0.0,2.0,1.0,A01,138Â 295Â 521,0.0
964339,201900005870,9,14,16:00,1,1,1,1.0,7.0,18216,Route dÃ©parementle 925,M,"46,7656350","2,1125770",18,2019,80.0,1.0,1.0,3.0,2155449,1.0,1,3,1,5.0,,0.0,0,1968.0,A01,138Â 295Â 519,0.0,-1.0,-1.0,1645859,1.0,1,,0.0,0.0,0.0,A01,138Â 295Â 519,5.0
964340,201900005871,9,18,20:45,3,1,1,1.0,6.0,10404,D67,M,"48,0406310","4,5687590",10,2019,80.0,1.0,1.0,3.0,2155450,10.0,3,3,1,0.0,,1.0,9,1982.0,A01,138Â 295Â 518,0.0,-1.0,-1.0,1645860,0.0,7,,0.0,1.0,3.0,A01,138Â 295Â 518,1.0
964340,201900005871,9,18,20:45,3,1,1,1.0,6.0,10404,D67,M,"48,0406310","4,5687590",10,2019,80.0,1.0,1.0,3.0,2155451,1.0,1,1,1,1.0,,0.0,0,1978.0,A01,138Â 295Â 518,1.0,-1.0,-1.0,1645860,0.0,7,,0.0,1.0,3.0,A01,138Â 295Â 518,1.0
964341,201900005872,8,8,16:35,1,1,1,1.0,1.0,07023,L'Extrade ,M,"44,5043380","4,3863020",7,2019,80.0,1.0,1.0,3.0,2155452,1.0,1,2,1,5.0,,0.0,0,1979.0,A01,138Â 295Â 516,1.0,-1.0,-1.0,1645861,2.0,7,,0.0,2.0,1.0,A01,138Â 295Â 516,0.0
964341,201900005872,8,8,16:35,1,1,1,1.0,1.0,07023,L'Extrade ,M,"44,5043380","4,3863020",7,2019,80.0,1.0,1.0,3.0,2155452,1.0,1,2,1,5.0,,0.0,0,1979.0,A01,138Â 295Â 516,1.0,-1.0,-1.0,1645862,1.0,7,,0.0,2.0,1.0,B01,138Â 295Â 517,0.0
964341,201900005872,8,8,16:35,1,1,1,1.0,1.0,07023,L'Extrade ,M,"44,5043380","4,3863020",7,2019,80.0,1.0,1.0,3.0,2155453,1.0,1,3,2,5.0,,0.0,0,1952.0,B01,138Â 295Â 517,1.0,-1.0,-1.0,1645861,2.0,7,,0.0,2.0,1.0,A01,138Â 295Â 516,0.0
964341,201900005872,8,8,16:35,1,1,1,1.0,1.0,07023,L'Extrade ,M,"44,5043380","4,3863020",7,2019,80.0,1.0,1.0,3.0,2155453,1.0,1,3,2,5.0,,0.0,0,1952.0,B01,138Â 295Â 517,1.0,-1.0,-1.0,1645862,1.0,7,,0.0,2.0,1.0,B01,138Â 295Â 517,0.0
964342,201900005873,9,15,18:30,1,1,1,1.0,6.0,04107,RD 17,M,"43,9004544","6,2904189",4,2019,50.0,8.0,9.0,3.0,2155454,1.0,1,1,1,5.0,,0.0,0,1996.0,A01,138Â 295Â 515,8.0,-1.0,-1.0,1645863,3.0,7,,0.0,0.0,0.0,A01,138Â 295Â 515,1.0
964342,201900005873,9,15,18:30,1,1,1,1.0,6.0,04107,RD 17,M,"43,9004544","6,2904189",4,2019,50.0,8.0,9.0,3.0,2155455,5.0,2,3,1,5.0,,0.0,0,1988.0,A01,138Â 295Â 515,0.0,-1.0,-1.0,1645863,3.0,7,,0.0,0.0,0.0,A01,138Â 295Â 515,1.0
964343,201900005874,9,18,19:40,2,1,1,1.0,1.0,27067,D13,M,"49,3126260","1,6691540",27,2019,80.0,1.0,1.0,3.0,2155456,1.0,1,2,1,5.0,,0.0,0,1988.0,B01,138Â 295Â 513,2.0,-1.0,-1.0,1645864,2.0,31,,0.0,2.0,1.0,B01,138Â 295Â 513,1.0
964343,201900005874,9,18,19:40,2,1,1,1.0,1.0,27067,D13,M,"49,3126260","1,6691540",27,2019,80.0,1.0,1.0,3.0,2155456,1.0,1,2,1,5.0,,0.0,0,1988.0,B01,138Â 295Â 513,2.0,-1.0,-1.0,1645865,1.0,10,,0.0,2.0,3.0,A01,138Â 295Â 514,1.0
964343,201900005874,9,18,19:40,2,1,1,1.0,1.0,27067,D13,M,"49,3126260","1,6691540",27,2019,80.0,1.0,1.0,3.0,2155457,1.0,1,4,1,1.0,,0.0,0,1978.0,A01,138Â 295Â 514,1.0,-1.0,-1.0,1645864,2.0,31,,0.0,2.0,1.0,B01,138Â 295Â 513,1.0
964343,201900005874,9,18,19:40,2,1,1,1.0,1.0,27067,D13,M,"49,3126260","1,6691540",27,2019,80.0,1.0,1.0,3.0,2155457,1.0,1,4,1,1.0,,0.0,0,1978.0,A01,138Â 295Â 514,1.0,-1.0,-1.0,1645865,1.0,10,,0.0,2.0,3.0,A01,138Â 295Â 514,1.0
964344,201900005875,9,19,17:15,1,1,1,7.0,7.0,30046,D 8,M,"43,9739120","4,1878190",30,2019,80.0,1.0,1.0,3.0,2155458,1.0,1,2,2,0.0,,0.0,0,2000.0,A01,138Â 295Â 512,1.0,-1.0,-1.0,1645866,0.0,7,,17.0,9.0,1.0,A01,138Â 295Â 512,1.0
964345,201900005876,9,16,16:50,1,2,1,1.0,6.0,88465,258 Rue de Lorraine (Thaon-les-Vosges),M,"48,2649440","6,4053510",88,2019,50.0,1.0,1.0,3.0,2155459,10.0,3,3,1,0.0,,2.0,3,1962.0,A01,138Â 295Â 511,0.0,-1.0,-1.0,1645867,1.0,7,,0.0,1.0,2.0,A01,138Â 295Â 511,6.0
964345,201900005876,9,16,16:50,1,2,1,1.0,6.0,88465,258 Rue de Lorraine (Thaon-les-Vosges),M,"48,2649440","6,4053510",88,2019,50.0,1.0,1.0,3.0,2155460,1.0,1,1,1,0.0,,0.0,0,1962.0,A01,138Â 295Â 511,1.0,-1.0,-1.0,1645867,1.0,7,,0.0,1.0,2.0,A01,138Â 295Â 511,6.0
964346,201900005877,9,19,17:15,1,1,1,1.0,7.0,80793,PK 138+600,M,"49,9923290","2,1791610",80,2019,130.0,1.0,1.0,1.0,2155461,7.0,2,3,1,5.0,,0.0,0,1997.0,A01,138Â 295Â 510,8.0,-1.0,-1.0,1645868,2.0,7,,7.0,0.0,0.0,A01,138Â 295Â 510,1.0
964346,201900005877,9,19,17:15,1,1,1,1.0,7.0,80793,PK 138+600,M,"49,9923290","2,1791610",80,2019,130.0,1.0,1.0,1.0,2155462,1.0,1,3,1,5.0,,0.0,0,1998.0,A01,138Â 295Â 510,8.0,-1.0,-1.0,1645868,2.0,7,,7.0,0.0,0.0,A01,138Â 295Â 510,1.0
964346,201900005877,9,19,17:15,1,1,1,1.0,7.0,80793,PK 138+600,M,"49,9923290","2,1791610",80,2019,130.0,1.0,1.0,1.0,2155463,2.0,2,4,1,5.0,,0.0,0,2002.0,A01,138Â 295Â 510,8.0,-1.0,-1.0,1645868,2.0,7,,7.0,0.0,0.0,A01,138Â 295Â 510,1.0
964347,201900005878,9,19,15:03,1,1,1,6.0,2.0,45028,A10 PK 120+400,M,"47,8005350","1,6146080",45,2019,130.0,1.0,1.0,1.0,2155464,1.0,1,1,1,4.0,,0.0,0,1967.0,B01,138Â 295Â 506,1.0,-1.0,-1.0,1645869,2.0,17,,0.0,0.0,6.0,B01,138Â 295Â 506,1.0
964347,201900005878,9,19,15:03,1,1,1,6.0,2.0,45028,A10 PK 120+400,M,"47,8005350","1,6146080",45,2019,130.0,1.0,1.0,1.0,2155464,1.0,1,1,1,4.0,,0.0,0,1967.0,B01,138Â 295Â 506,1.0,-1.0,-1.0,1645870,2.0,10,,0.0,2.0,2.0,A01,138Â 295Â 507,1.0
964347,201900005878,9,19,15:03,1,1,1,6.0,2.0,45028,A10 PK 120+400,M,"47,8005350","1,6146080",45,2019,130.0,1.0,1.0,1.0,2155465,1.0,1,1,1,4.0,,0.0,0,1996.0,A01,138Â 295Â 507,1.0,-1.0,-1.0,1645869,2.0,17,,0.0,0.0,6.0,B01,138Â 295Â 506,1.0
964347,201900005878,9,19,15:03,1,1,1,6.0,2.0,45028,A10 PK 120+400,M,"47,8005350","1,6146080",45,2019,130.0,1.0,1.0,1.0,2155465,1.0,1,1,1,4.0,,0.0,0,1996.0,A01,138Â 295Â 507,1.0,-1.0,-1.0,1645870,2.0,10,,0.0,2.0,2.0,A01,138Â 295Â 507,1.0
964347,201900005878,9,19,15:03,1,1,1,6.0,2.0,45028,A10 PK 120+400,M,"47,8005350","1,6146080",45,2019,130.0,1.0,1.0,1.0,2155466,2.0,2,4,1,4.0,,0.0,0,1995.0,A01,138Â 295Â 507,1.0,-1.0,-1.0,1645869,2.0,17,,0.0,0.0,6.0,B01,138Â 295Â 506,1.0
964347,201900005878,9,19,15:03,1,1,1,6.0,2.0,45028,A10 PK 120+400,M,"47,8005350","1,6146080",45,2019,130.0,1.0,1.0,1.0,2155466,2.0,2,4,1,4.0,,0.0,0,1995.0,A01,138Â 295Â 507,1.0,-1.0,-1.0,1645870,2.0,10,,0.0,2.0,2.0,A01,138Â 295Â 507,1.0
964348,201900005879,9,19,05:36,3,1,1,1.0,2.0,45154,A10 - PK 87+700 sens 1,M,"48,0032810","1,8493980",45,2019,130.0,2.0,1.0,1.0,2155467,1.0,1,3,1,5.0,,0.0,0,1952.0,A01,138Â 295Â 504,1.0,-1.0,-1.0,1645871,1.0,7,,1.0,0.0,1.0,A01,138Â 295Â 504,1.0
964348,201900005879,9,19,05:36,3,1,1,1.0,2.0,45154,A10 - PK 87+700 sens 1,M,"48,0032810","1,8493980",45,2019,130.0,2.0,1.0,1.0,2155467,1.0,1,3,1,5.0,,0.0,0,1952.0,A01,138Â 295Â 504,1.0,-1.0,-1.0,1645872,1.0,17,,0.0,0.0,4.0,B01,138Â 295Â 505,1.0
964348,201900005879,9,19,05:36,3,1,1,1.0,2.0,45154,A10 - PK 87+700 sens 1,M,"48,0032810","1,8493980",45,2019,130.0,2.0,1.0,1.0,2155468,1.0,1,1,1,4.0,,0.0,0,1984.0,B01,138Â 295Â 505,0.0,-1.0,-1.0,1645871,1.0,7,,1.0,0.0,1.0,A01,138Â 295Â 504,1.0
964348,201900005879,9,19,05:36,3,1,1,1.0,2.0,45154,A10 - PK 87+700 sens 1,M,"48,0032810","1,8493980",45,2019,130.0,2.0,1.0,1.0,2155468,1.0,1,1,1,4.0,,0.0,0,1984.0,B01,138Â 295Â 505,0.0,-1.0,-1.0,1645872,1.0,17,,0.0,0.0,4.0,B01,138Â 295Â 505,1.0
964349,201900005880,9,18,22:25,3,1,3,1.0,7.0,97415,Voie CanniÃ¨re,M," -21,0676520","55,2294610",974,2019,90.0,1.0,1.0,3.0,2155469,1.0,1,3,1,5.0,,0.0,0,1969.0,A01,138Â 295Â 503,2.0,6.0,-1.0,1645873,0.0,32,,0.0,0.0,0.0,A01,138Â 295Â 503,1.0
964350,201900005881,9,18,21:45,5,2,6,1.0,7.0,97418,rond point de gillot,M," -20,8966550","55,5111670",974,2019,90.0,3.0,1.0,2.0,2155470,1.0,1,2,1,5.0,,0.0,0,1971.0,A01,138Â 295Â 502,2.0,-1.0,-1.0,1645874,2.0,33,,12.0,0.0,1.0,A01,138Â 295Â 502,1.0
964351,201900005882,9,17,19:30,3,1,1,1.0,5.0,97224,Nationale 4,M,"14,6740380"," -61,0174040",972,2019,90.0,1.0,1.0,2.0,2155471,1.0,1,3,1,0.0,,0.0,0,1988.0,A01,138Â 295Â 499,8.0,-1.0,-1.0,1645875,1.0,2,,0.0,2.0,1.0,A01,138Â 295Â 499,1.0
964351,201900005882,9,17,19:30,3,1,1,1.0,5.0,97224,Nationale 4,M,"14,6740380"," -61,0174040",972,2019,90.0,1.0,1.0,2.0,2155471,1.0,1,3,1,0.0,,0.0,0,1988.0,A01,138Â 295Â 499,8.0,-1.0,-1.0,1645876,2.0,7,,0.0,2.0,8.0,B01,138Â 295Â 500,1.0
964351,201900005882,9,17,19:30,3,1,1,1.0,5.0,97224,Nationale 4,M,"14,6740380"," -61,0174040",972,2019,90.0,1.0,1.0,2.0,2155471,1.0,1,3,1,0.0,,0.0,0,1988.0,A01,138Â 295Â 499,8.0,-1.0,-1.0,1645877,2.0,7,,0.0,2.0,3.0,C01,138Â 295Â 501,1.0
964351,201900005882,9,17,19:30,3,1,1,1.0,5.0,97224,Nationale 4,M,"14,6740380"," -61,0174040",972,2019,90.0,1.0,1.0,2.0,2155472,1.0,1,1,2,4.0,,0.0,0,1993.0,B01,138Â 295Â 500,8.0,-1.0,-1.0,1645875,1.0,2,,0.0,2.0,1.0,A01,138Â 295Â 499,1.0
964351,201900005882,9,17,19:30,3,1,1,1.0,5.0,97224,Nationale 4,M,"14,6740380"," -61,0174040",972,2019,90.0,1.0,1.0,2.0,2155472,1.0,1,1,2,4.0,,0.0,0,1993.0,B01,138Â 295Â 500,8.0,-1.0,-1.0,1645876,2.0,7,,0.0,2.0,8.0,B01,138Â 295Â 500,1.0
964351,201900005882,9,17,19:30,3,1,1,1.0,5.0,97224,Nationale 4,M,"14,6740380"," -61,0174040",972,2019,90.0,1.0,1.0,2.0,2155472,1.0,1,1,2,4.0,,0.0,0,1993.0,B01,138Â 295Â 500,8.0,-1.0,-1.0,1645877,2.0,7,,0.0,2.0,3.0,C01,138Â 295Â 501,1.0
964351,201900005882,9,17,19:30,3,1,1,1.0,5.0,97224,Nationale 4,M,"14,6740380"," -61,0174040",972,2019,90.0,1.0,1.0,2.0,2155473,1.0,1,1,1,1.0,,0.0,0,1976.0,C01,138Â 295Â 501,8.0,-1.0,-1.0,1645875,1.0,2,,0.0,2.0,1.0,A01,138Â 295Â 499,1.0
964351,201900005882,9,17,19:30,3,1,1,1.0,5.0,97224,Nationale 4,M,"14,6740380"," -61,0174040",972,2019,90.0,1.0,1.0,2.0,2155473,1.0,1,1,1,1.0,,0.0,0,1976.0,C01,138Â 295Â 501,8.0,-1.0,-1.0,1645876,2.0,7,,0.0,2.0,8.0,B01,138Â 295Â 500,1.0
964351,201900005882,9,17,19:30,3,1,1,1.0,5.0,97224,Nationale 4,M,"14,6740380"," -61,0174040",972,2019,90.0,1.0,1.0,2.0,2155473,1.0,1,1,1,1.0,,0.0,0,1976.0,C01,138Â 295Â 501,8.0,-1.0,-1.0,1645877,2.0,7,,0.0,2.0,3.0,C01,138Â 295Â 501,1.0
964352,201900005883,7,22,04:00,3,1,1,1.0,6.0,13087,Route DÃ©partementale 6,M,"43,4710580","5,5888900",13,2019,80.0,3.0,1.0,3.0,2155474,10.0,3,2,1,9.0,,6.0,1,1973.0,A01,138Â 295Â 498,0.0,-1.0,-1.0,1645878,1.0,0,,0.0,1.0,0.0,A01,138Â 295Â 498,0.0
964353,201900005884,9,16,12:00,1,2,1,1.0,3.0,33234,RD113E1 chemin du port de l'homme,M,"44,7856810"," -0,5024250",33,2019,30.0,1.0,1.0,3.0,2155475,1.0,1,1,1,1.0,,0.0,0,1965.0,A01,138Â 295Â 496,1.0,-1.0,-1.0,1645879,2.0,7,,0.0,2.0,7.0,A01,138Â 295Â 496,1.0
964353,201900005884,9,16,12:00,1,2,1,1.0,3.0,33234,RD113E1 chemin du port de l'homme,M,"44,7856810"," -0,5024250",33,2019,30.0,1.0,1.0,3.0,2155475,1.0,1,1,1,1.0,,0.0,0,1965.0,A01,138Â 295Â 496,1.0,-1.0,-1.0,1645880,1.0,33,,0.0,2.0,1.0,B01,138Â 295Â 497,1.0
964353,201900005884,9,16,12:00,1,2,1,1.0,3.0,33234,RD113E1 chemin du port de l'homme,M,"44,7856810"," -0,5024250",33,2019,30.0,1.0,1.0,3.0,2155476,1.0,1,3,1,5.0,,0.0,0,1956.0,B01,138Â 295Â 497,2.0,6.0,9.0,1645879,2.0,7,,0.0,2.0,7.0,A01,138Â 295Â 496,1.0
964353,201900005884,9,16,12:00,1,2,1,1.0,3.0,33234,RD113E1 chemin du port de l'homme,M,"44,7856810"," -0,5024250",33,2019,30.0,1.0,1.0,3.0,2155476,1.0,1,3,1,5.0,,0.0,0,1956.0,B01,138Â 295Â 497,2.0,6.0,9.0,1645880,1.0,33,,0.0,2.0,1.0,B01,138Â 295Â 497,1.0
964354,201900005885,9,8,16:45,1,1,1,1.0,2.0,91041,RN 20,M,"48,5620190","2,2476530",91,2019,90.0,1.0,1.0,2.0,2155477,1.0,1,4,1,5.0,,0.0,0,1971.0,B01,138Â 295Â 494,2.0,6.0,-1.0,1645881,1.0,33,,0.0,2.0,1.0,B01,138Â 295Â 494,0.0
964354,201900005885,9,8,16:45,1,1,1,1.0,2.0,91041,RN 20,M,"48,5620190","2,2476530",91,2019,90.0,1.0,1.0,2.0,2155477,1.0,1,4,1,5.0,,0.0,0,1971.0,B01,138Â 295Â 494,2.0,6.0,-1.0,1645882,0.0,7,,0.0,0.0,4.0,A01,138Â 295Â 495,0.0