Unnamed: 0_x,num_acc,mois,jour,hrmn,lum,agg,int,atm,col,com,adr,gps,lat,long,dep,annee,vma,situ,surf,catr,Unnamed: 0_y,place,catu,grav,sexe,trajet,secu,locp,actp,an_nais,num_veh_x,id_vehicule_x,secu1,secu2,secu3,Unnamed: 0,senc,catv,occutc,obs,obsm,choc,num_veh_y,id_vehicule_y,motor
964354,201900005885,9,8,16:45,1,1,1,1.0,2.0,91041,RN 20,M,"48,5620190","2,2476530",91,2019,90.0,1.0,1.0,2.0,2155478,1.0,1,1,2,5.0,,0.0,0,1934.0,A01,138Â 295Â 495,1.0,-1.0,-1.0,1645881,1.0,33,,0.0,2.0,1.0,B01,138Â 295Â 494,0.0
964354,201900005885,9,8,16:45,1,1,1,1.0,2.0,91041,RN 20,M,"48,5620190","2,2476530",91,2019,90.0,1.0,1.0,2.0,2155478,1.0,1,1,2,5.0,,0.0,0,1934.0,A01,138Â 295Â 495,1.0,-1.0,-1.0,1645882,0.0,7,,0.0,0.0,4.0,A01,138Â 295Â 495,0.0
964355,201900005886,9,19,10:00,1,2,1,8.0,6.0,66017,Rue Annibal,M,"42,7903640","3,0340670",66,2019,40.0,1.0,2.0,4.0,2155479,10.0,3,2,2,5.0,,3.0,3,1928.0,A01,138Â 295Â 493,0.0,-1.0,-1.0,1645883,3.0,7,,0.0,1.0,3.0,A01,138Â 295Â 493,1.0
964355,201900005886,9,19,10:00,1,2,1,8.0,6.0,66017,Rue Annibal,M,"42,7903640","3,0340670",66,2019,40.0,1.0,2.0,4.0,2155480,1.0,1,1,2,3.0,,0.0,0,1945.0,A01,138Â 295Â 493,1.0,-1.0,-1.0,1645883,3.0,7,,0.0,1.0,3.0,A01,138Â 295Â 493,1.0
964356,201900005887,9,19,00:00,3,1,1,1.0,6.0,83104,RD3,M,"43,6519390","5,7576230",83,2019,80.0,3.0,1.0,3.0,2155481,1.0,1,2,1,5.0,,0.0,0,2001.0,A01,138Â 295Â 492,1.0,-1.0,-1.0,1645884,1.0,7,,2.0,0.0,8.0,A01,138Â 295Â 492,1.0
964357,201900005888,9,17,20:38,3,1,1,1.0,5.0,39009,,M,"46,8470020","5,9163890",39,2019,80.0,1.0,1.0,3.0,2155482,1.0,1,1,2,1.0,,-1.0, -1,1980.0,C01,138Â 295Â 489,8.0,-1.0,-1.0,1645885,2.0,7,,0.0,2.0,3.0,C01,138Â 295Â 489,1.0
964357,201900005888,9,17,20:38,3,1,1,1.0,5.0,39009,,M,"46,8470020","5,9163890",39,2019,80.0,1.0,1.0,3.0,2155482,1.0,1,1,2,1.0,,-1.0, -1,1980.0,C01,138Â 295Â 489,8.0,-1.0,-1.0,1645886,2.0,7,,0.0,2.0,2.0,B01,138Â 295Â 490,1.0
964357,201900005888,9,17,20:38,3,1,1,1.0,5.0,39009,,M,"46,8470020","5,9163890",39,2019,80.0,1.0,1.0,3.0,2155482,1.0,1,1,2,1.0,,-1.0, -1,1980.0,C01,138Â 295Â 489,8.0,-1.0,-1.0,1645887,1.0,21,,0.0,2.0,4.0,A01,138Â 295Â 491,1.0
964357,201900005888,9,17,20:38,3,1,1,1.0,5.0,39009,,M,"46,8470020","5,9163890",39,2019,80.0,1.0,1.0,3.0,2155483,1.0,1,4,2,5.0,,0.0,0,1938.0,B01,138Â 295Â 490,8.0,-1.0,-1.0,1645885,2.0,7,,0.0,2.0,3.0,C01,138Â 295Â 489,1.0
964357,201900005888,9,17,20:38,3,1,1,1.0,5.0,39009,,M,"46,8470020","5,9163890",39,2019,80.0,1.0,1.0,3.0,2155483,1.0,1,4,2,5.0,,0.0,0,1938.0,B01,138Â 295Â 490,8.0,-1.0,-1.0,1645886,2.0,7,,0.0,2.0,2.0,B01,138Â 295Â 490,1.0
964357,201900005888,9,17,20:38,3,1,1,1.0,5.0,39009,,M,"46,8470020","5,9163890",39,2019,80.0,1.0,1.0,3.0,2155483,1.0,1,4,2,5.0,,0.0,0,1938.0,B01,138Â 295Â 490,8.0,-1.0,-1.0,1645887,1.0,21,,0.0,2.0,4.0,A01,138Â 295Â 491,1.0
964357,201900005888,9,17,20:38,3,1,1,1.0,5.0,39009,,M,"46,8470020","5,9163890",39,2019,80.0,1.0,1.0,3.0,2155484,1.0,1,1,1,0.0,,0.0,0,1983.0,A01,138Â 295Â 491,8.0,-1.0,-1.0,1645885,2.0,7,,0.0,2.0,3.0,C01,138Â 295Â 489,1.0
964357,201900005888,9,17,20:38,3,1,1,1.0,5.0,39009,,M,"46,8470020","5,9163890",39,2019,80.0,1.0,1.0,3.0,2155484,1.0,1,1,1,0.0,,0.0,0,1983.0,A01,138Â 295Â 491,8.0,-1.0,-1.0,1645886,2.0,7,,0.0,2.0,2.0,B01,138Â 295Â 490,1.0
964357,201900005888,9,17,20:38,3,1,1,1.0,5.0,39009,,M,"46,8470020","5,9163890",39,2019,80.0,1.0,1.0,3.0,2155484,1.0,1,1,1,0.0,,0.0,0,1983.0,A01,138Â 295Â 491,8.0,-1.0,-1.0,1645887,1.0,21,,0.0,2.0,4.0,A01,138Â 295Â 491,1.0
964358,201900005889,9,17,11:30,1,1,1,2.0,1.0,67023,D139,M,"48,7750946","7,7263728",67,2019,80.0,1.0,2.0,3.0,2155485,2.0,2,3,2,3.0,,0.0,0,1956.0,B01,138Â 295Â 487,1.0,-1.0,-1.0,1645888,3.0,7,,0.0,2.0,1.0,B01,138Â 295Â 487,1.0
964358,201900005889,9,17,11:30,1,1,1,2.0,1.0,67023,D139,M,"48,7750946","7,7263728",67,2019,80.0,1.0,2.0,3.0,2155485,2.0,2,3,2,3.0,,0.0,0,1956.0,B01,138Â 295Â 487,1.0,-1.0,-1.0,1645889,3.0,7,,0.0,2.0,1.0,A01,138Â 295Â 488,1.0
964358,201900005889,9,17,11:30,1,1,1,2.0,1.0,67023,D139,M,"48,7750946","7,7263728",67,2019,80.0,1.0,2.0,3.0,2155486,1.0,1,3,1,3.0,,0.0,0,1977.0,B01,138Â 295Â 487,1.0,-1.0,-1.0,1645888,3.0,7,,0.0,2.0,1.0,B01,138Â 295Â 487,1.0
964358,201900005889,9,17,11:30,1,1,1,2.0,1.0,67023,D139,M,"48,7750946","7,7263728",67,2019,80.0,1.0,2.0,3.0,2155486,1.0,1,3,1,3.0,,0.0,0,1977.0,B01,138Â 295Â 487,1.0,-1.0,-1.0,1645889,3.0,7,,0.0,2.0,1.0,A01,138Â 295Â 488,1.0
964358,201900005889,9,17,11:30,1,1,1,2.0,1.0,67023,D139,M,"48,7750946","7,7263728",67,2019,80.0,1.0,2.0,3.0,2155487,1.0,1,3,1,5.0,,0.0,0,1983.0,A01,138Â 295Â 488,8.0,-1.0,-1.0,1645888,3.0,7,,0.0,2.0,1.0,B01,138Â 295Â 487,1.0
964358,201900005889,9,17,11:30,1,1,1,2.0,1.0,67023,D139,M,"48,7750946","7,7263728",67,2019,80.0,1.0,2.0,3.0,2155487,1.0,1,3,1,5.0,,0.0,0,1983.0,A01,138Â 295Â 488,8.0,-1.0,-1.0,1645889,3.0,7,,0.0,2.0,1.0,A01,138Â 295Â 488,1.0
964359,201900005890,9,18,21:10,3,1,1,1.0,7.0,88090,Route d'Evaux,M,"48,3566200","6,2952960",88,2019,80.0,3.0,1.0,3.0,2155488,1.0,1,2,1,5.0,,0.0,0,1984.0,A01,138Â 295Â 486,1.0,-1.0,-1.0,1645890,2.0,7,,0.0,0.0,9.0,A01,138Â 295Â 486,1.0
964360,201900005891,9,13,15:15,1,1,9,7.0,1.0,26064,RD 143 - Les Faucons,M,"44,9125198","5,0551802",26,2019,80.0,1.0,1.0,3.0,2155489,2.0,2,1,2,5.0,,0.0,0,1963.0,B01,138Â 295Â 484,2.0,6.0,9.0,1645891,1.0,33,,0.0,2.0,1.0,B01,138Â 295Â 484,1.0
964360,201900005891,9,13,15:15,1,1,9,7.0,1.0,26064,RD 143 - Les Faucons,M,"44,9125198","5,0551802",26,2019,80.0,1.0,1.0,3.0,2155489,2.0,2,1,2,5.0,,0.0,0,1963.0,B01,138Â 295Â 484,2.0,6.0,9.0,1645892,2.0,10,,0.0,0.0,3.0,A01,138Â 295Â 485,1.0
964360,201900005891,9,13,15:15,1,1,9,7.0,1.0,26064,RD 143 - Les Faucons,M,"44,9125198","5,0551802",26,2019,80.0,1.0,1.0,3.0,2155490,1.0,1,3,1,5.0,,0.0,0,1967.0,B01,138Â 295Â 484,2.0,9.0,6.0,1645891,1.0,33,,0.0,2.0,1.0,B01,138Â 295Â 484,1.0
964360,201900005891,9,13,15:15,1,1,9,7.0,1.0,26064,RD 143 - Les Faucons,M,"44,9125198","5,0551802",26,2019,80.0,1.0,1.0,3.0,2155490,1.0,1,3,1,5.0,,0.0,0,1967.0,B01,138Â 295Â 484,2.0,9.0,6.0,1645892,2.0,10,,0.0,0.0,3.0,A01,138Â 295Â 485,1.0
964360,201900005891,9,13,15:15,1,1,9,7.0,1.0,26064,RD 143 - Les Faucons,M,"44,9125198","5,0551802",26,2019,80.0,1.0,1.0,3.0,2155491,1.0,1,1,1,5.0,,0.0,0,1967.0,A01,138Â 295Â 485,8.0,-1.0,-1.0,1645891,1.0,33,,0.0,2.0,1.0,B01,138Â 295Â 484,1.0
964360,201900005891,9,13,15:15,1,1,9,7.0,1.0,26064,RD 143 - Les Faucons,M,"44,9125198","5,0551802",26,2019,80.0,1.0,1.0,3.0,2155491,1.0,1,1,1,5.0,,0.0,0,1967.0,A01,138Â 295Â 485,8.0,-1.0,-1.0,1645892,2.0,10,,0.0,0.0,3.0,A01,138Â 295Â 485,1.0
964361,201900005892,7,19,10:20,1,1,1,1.0,4.0,26197,D538,M,"44,9286660","5,0228460",26,2019,50.0,1.0,1.0,3.0,2155492,1.0,1,1,2,5.0,,0.0,0,1986.0,C01,138Â 295Â 481,8.0,-1.0,-1.0,1645893,0.0,7,,0.0,2.0,1.0,C01,138Â 295Â 481,1.0
964361,201900005892,7,19,10:20,1,1,1,1.0,4.0,26197,D538,M,"44,9286660","5,0228460",26,2019,50.0,1.0,1.0,3.0,2155492,1.0,1,1,2,5.0,,0.0,0,1986.0,C01,138Â 295Â 481,8.0,-1.0,-1.0,1645894,0.0,7,,0.0,2.0,4.0,B01,138Â 295Â 482,1.0
964361,201900005892,7,19,10:20,1,1,1,1.0,4.0,26197,D538,M,"44,9286660","5,0228460",26,2019,50.0,1.0,1.0,3.0,2155492,1.0,1,1,2,5.0,,0.0,0,1986.0,C01,138Â 295Â 481,8.0,-1.0,-1.0,1645895,0.0,7,,0.0,2.0,4.0,A01,138Â 295Â 483,0.0
964361,201900005892,7,19,10:20,1,1,1,1.0,4.0,26197,D538,M,"44,9286660","5,0228460",26,2019,50.0,1.0,1.0,3.0,2155493,1.0,1,4,2,5.0,,0.0,0,1953.0,B01,138Â 295Â 482,8.0,-1.0,-1.0,1645893,0.0,7,,0.0,2.0,1.0,C01,138Â 295Â 481,1.0
964361,201900005892,7,19,10:20,1,1,1,1.0,4.0,26197,D538,M,"44,9286660","5,0228460",26,2019,50.0,1.0,1.0,3.0,2155493,1.0,1,4,2,5.0,,0.0,0,1953.0,B01,138Â 295Â 482,8.0,-1.0,-1.0,1645894,0.0,7,,0.0,2.0,4.0,B01,138Â 295Â 482,1.0
964361,201900005892,7,19,10:20,1,1,1,1.0,4.0,26197,D538,M,"44,9286660","5,0228460",26,2019,50.0,1.0,1.0,3.0,2155493,1.0,1,4,2,5.0,,0.0,0,1953.0,B01,138Â 295Â 482,8.0,-1.0,-1.0,1645895,0.0,7,,0.0,2.0,4.0,A01,138Â 295Â 483,0.0
964361,201900005892,7,19,10:20,1,1,1,1.0,4.0,26197,D538,M,"44,9286660","5,0228460",26,2019,50.0,1.0,1.0,3.0,2155494,1.0,1,1,1,5.0,,0.0,0,1941.0,A01,138Â 295Â 483,8.0,-1.0,-1.0,1645893,0.0,7,,0.0,2.0,1.0,C01,138Â 295Â 481,1.0
964361,201900005892,7,19,10:20,1,1,1,1.0,4.0,26197,D538,M,"44,9286660","5,0228460",26,2019,50.0,1.0,1.0,3.0,2155494,1.0,1,1,1,5.0,,0.0,0,1941.0,A01,138Â 295Â 483,8.0,-1.0,-1.0,1645894,0.0,7,,0.0,2.0,4.0,B01,138Â 295Â 482,1.0
964361,201900005892,7,19,10:20,1,1,1,1.0,4.0,26197,D538,M,"44,9286660","5,0228460",26,2019,50.0,1.0,1.0,3.0,2155494,1.0,1,1,1,5.0,,0.0,0,1941.0,A01,138Â 295Â 483,8.0,-1.0,-1.0,1645895,0.0,7,,0.0,2.0,4.0,A01,138Â 295Â 483,0.0
964362,201900005893,9,19,08:50,1,1,3,1.0,7.0,17121,D 735 Pk18+650,M,"46,1979400"," -1,4147940",17,2019,80.0,1.0,1.0,3.0,2155495,1.0,1,2,1,1.0,,0.0,0,1976.0,A01,138Â 295Â 480,2.0,6.0,-1.0,1645896,1.0,33,,0.0,0.0,1.0,A01,138Â 295Â 480,1.0
964363,201900005894,9,19,15:45,1,1,3,1.0,3.0,60317,D12,M,"49,3323610","2,3090870",60,2019,80.0,1.0,1.0,3.0,2155496,1.0,1,2,1,5.0,,0.0,0,1955.0,A01,138Â 295Â 478,2.0,-1.0,-1.0,1645897,1.0,1,,0.0,2.0,7.0,A01,138Â 295Â 478,5.0
964363,201900005894,9,19,15:45,1,1,3,1.0,3.0,60317,D12,M,"49,3323610","2,3090870",60,2019,80.0,1.0,1.0,3.0,2155496,1.0,1,2,1,5.0,,0.0,0,1955.0,A01,138Â 295Â 478,2.0,-1.0,-1.0,1645898,2.0,7,,0.0,9.0,3.0,B01,138Â 295Â 479,1.0
964363,201900005894,9,19,15:45,1,1,3,1.0,3.0,60317,D12,M,"49,3323610","2,3090870",60,2019,80.0,1.0,1.0,3.0,2155497,1.0,1,1,1,5.0,,0.0,0,1986.0,B01,138Â 295Â 479,8.0,-1.0,-1.0,1645897,1.0,1,,0.0,2.0,7.0,A01,138Â 295Â 478,5.0
964363,201900005894,9,19,15:45,1,1,3,1.0,3.0,60317,D12,M,"49,3323610","2,3090870",60,2019,80.0,1.0,1.0,3.0,2155497,1.0,1,1,1,5.0,,0.0,0,1986.0,B01,138Â 295Â 479,8.0,-1.0,-1.0,1645898,2.0,7,,0.0,9.0,3.0,B01,138Â 295Â 479,1.0
964363,201900005894,9,19,15:45,1,1,3,1.0,3.0,60317,D12,M,"49,3323610","2,3090870",60,2019,80.0,1.0,1.0,3.0,2155498,2.0,2,1,2,5.0,,0.0,0,1990.0,B01,138Â 295Â 479,8.0,-1.0,-1.0,1645897,1.0,1,,0.0,2.0,7.0,A01,138Â 295Â 478,5.0
964363,201900005894,9,19,15:45,1,1,3,1.0,3.0,60317,D12,M,"49,3323610","2,3090870",60,2019,80.0,1.0,1.0,3.0,2155498,2.0,2,1,2,5.0,,0.0,0,1990.0,B01,138Â 295Â 479,8.0,-1.0,-1.0,1645898,2.0,7,,0.0,9.0,3.0,B01,138Â 295Â 479,1.0
964364,201900005895,9,15,12:00,1,1,1,1.0,5.0,13055,A507 sens Aubagne- Marseille,M,"43,3300000","5,4000000",13,2019,70.0,1.0,1.0,1.0,2155499,1.0,1,1,2,5.0,,-1.0,0,1991.0,E01,138Â 295Â 473,1.0,0.0,-1.0,1645899,2.0,7,,0.0,2.0,4.0,E01,138Â 295Â 473,1.0
964364,201900005895,9,15,12:00,1,1,1,1.0,5.0,13055,A507 sens Aubagne- Marseille,M,"43,3300000","5,4000000",13,2019,70.0,1.0,1.0,1.0,2155499,1.0,1,1,2,5.0,,-1.0,0,1991.0,E01,138Â 295Â 473,1.0,0.0,-1.0,1645900,2.0,7,,0.0,2.0,4.0,D01,138Â 295Â 474,1.0
964364,201900005895,9,15,12:00,1,1,1,1.0,5.0,13055,A507 sens Aubagne- Marseille,M,"43,3300000","5,4000000",13,2019,70.0,1.0,1.0,1.0,2155499,1.0,1,1,2,5.0,,-1.0,0,1991.0,E01,138Â 295Â 473,1.0,0.0,-1.0,1645901,2.0,7,,0.0,2.0,4.0,C01,138Â 295Â 475,1.0
964364,201900005895,9,15,12:00,1,1,1,1.0,5.0,13055,A507 sens Aubagne- Marseille,M,"43,3300000","5,4000000",13,2019,70.0,1.0,1.0,1.0,2155499,1.0,1,1,2,5.0,,-1.0,0,1991.0,E01,138Â 295Â 473,1.0,0.0,-1.0,1645902,2.0,7,,0.0,2.0,4.0,B01,138Â 295Â 476,1.0
964364,201900005895,9,15,12:00,1,1,1,1.0,5.0,13055,A507 sens Aubagne- Marseille,M,"43,3300000","5,4000000",13,2019,70.0,1.0,1.0,1.0,2155499,1.0,1,1,2,5.0,,-1.0,0,1991.0,E01,138Â 295Â 473,1.0,0.0,-1.0,1645903,2.0,7,,0.0,2.0,1.0,A01,138Â 295Â 477,1.0
964364,201900005895,9,15,12:00,1,1,1,1.0,5.0,13055,A507 sens Aubagne- Marseille,M,"43,3300000","5,4000000",13,2019,70.0,1.0,1.0,1.0,2155500,1.0,1,1,1,0.0,,0.0,0,1968.0,D01,138Â 295Â 474,1.0,0.0,-1.0,1645899,2.0,7,,0.0,2.0,4.0,E01,138Â 295Â 473,1.0
964364,201900005895,9,15,12:00,1,1,1,1.0,5.0,13055,A507 sens Aubagne- Marseille,M,"43,3300000","5,4000000",13,2019,70.0,1.0,1.0,1.0,2155500,1.0,1,1,1,0.0,,0.0,0,1968.0,D01,138Â 295Â 474,1.0,0.0,-1.0,1645900,2.0,7,,0.0,2.0,4.0,D01,138Â 295Â 474,1.0
964364,201900005895,9,15,12:00,1,1,1,1.0,5.0,13055,A507 sens Aubagne- Marseille,M,"43,3300000","5,4000000",13,2019,70.0,1.0,1.0,1.0,2155500,1.0,1,1,1,0.0,,0.0,0,1968.0,D01,138Â 295Â 474,1.0,0.0,-1.0,1645901,2.0,7,,0.0,2.0,4.0,C01,138Â 295Â 475,1.0
964364,201900005895,9,15,12:00,1,1,1,1.0,5.0,13055,A507 sens Aubagne- Marseille,M,"43,3300000","5,4000000",13,2019,70.0,1.0,1.0,1.0,2155500,1.0,1,1,1,0.0,,0.0,0,1968.0,D01,138Â 295Â 474,1.0,0.0,-1.0,1645902,2.0,7,,0.0,2.0,4.0,B01,138Â 295Â 476,1.0
964364,201900005895,9,15,12:00,1,1,1,1.0,5.0,13055,A507 sens Aubagne- Marseille,M,"43,3300000","5,4000000",13,2019,70.0,1.0,1.0,1.0,2155500,1.0,1,1,1,0.0,,0.0,0,1968.0,D01,138Â 295Â 474,1.0,0.0,-1.0,1645903,2.0,7,,0.0,2.0,1.0,A01,138Â 295Â 477,1.0
964364,201900005895,9,15,12:00,1,1,1,1.0,5.0,13055,A507 sens Aubagne- Marseille,M,"43,3300000","5,4000000",13,2019,70.0,1.0,1.0,1.0,2155501,1.0,1,4,1,5.0,,0.0,0,1994.0,C01,138Â 295Â 475,1.0,0.0,-1.0,1645899,2.0,7,,0.0,2.0,4.0,E01,138Â 295Â 473,1.0
964364,201900005895,9,15,12:00,1,1,1,1.0,5.0,13055,A507 sens Aubagne- Marseille,M,"43,3300000","5,4000000",13,2019,70.0,1.0,1.0,1.0,2155501,1.0,1,4,1,5.0,,0.0,0,1994.0,C01,138Â 295Â 475,1.0,0.0,-1.0,1645900,2.0,7,,0.0,2.0,4.0,D01,138Â 295Â 474,1.0
964364,201900005895,9,15,12:00,1,1,1,1.0,5.0,13055,A507 sens Aubagne- Marseille,M,"43,3300000","5,4000000",13,2019,70.0,1.0,1.0,1.0,2155501,1.0,1,4,1,5.0,,0.0,0,1994.0,C01,138Â 295Â 475,1.0,0.0,-1.0,1645901,2.0,7,,0.0,2.0,4.0,C01,138Â 295Â 475,1.0
964364,201900005895,9,15,12:00,1,1,1,1.0,5.0,13055,A507 sens Aubagne- Marseille,M,"43,3300000","5,4000000",13,2019,70.0,1.0,1.0,1.0,2155501,1.0,1,4,1,5.0,,0.0,0,1994.0,C01,138Â 295Â 475,1.0,0.0,-1.0,1645902,2.0,7,,0.0,2.0,4.0,B01,138Â 295Â 476,1.0
964364,201900005895,9,15,12:00,1,1,1,1.0,5.0,13055,A507 sens Aubagne- Marseille,M,"43,3300000","5,4000000",13,2019,70.0,1.0,1.0,1.0,2155501,1.0,1,4,1,5.0,,0.0,0,1994.0,C01,138Â 295Â 475,1.0,0.0,-1.0,1645903,2.0,7,,0.0,2.0,1.0,A01,138Â 295Â 477,1.0
964364,201900005895,9,15,12:00,1,1,1,1.0,5.0,13055,A507 sens Aubagne- Marseille,M,"43,3300000","5,4000000",13,2019,70.0,1.0,1.0,1.0,2155502,2.0,2,4,2,5.0,,-1.0,0,1999.0,B01,138Â 295Â 476,1.0,0.0,-1.0,1645899,2.0,7,,0.0,2.0,4.0,E01,138Â 295Â 473,1.0
964364,201900005895,9,15,12:00,1,1,1,1.0,5.0,13055,A507 sens Aubagne- Marseille,M,"43,3300000","5,4000000",13,2019,70.0,1.0,1.0,1.0,2155502,2.0,2,4,2,5.0,,-1.0,0,1999.0,B01,138Â 295Â 476,1.0,0.0,-1.0,1645900,2.0,7,,0.0,2.0,4.0,D01,138Â 295Â 474,1.0
964364,201900005895,9,15,12:00,1,1,1,1.0,5.0,13055,A507 sens Aubagne- Marseille,M,"43,3300000","5,4000000",13,2019,70.0,1.0,1.0,1.0,2155502,2.0,2,4,2,5.0,,-1.0,0,1999.0,B01,138Â 295Â 476,1.0,0.0,-1.0,1645901,2.0,7,,0.0,2.0,4.0,C01,138Â 295Â 475,1.0
964364,201900005895,9,15,12:00,1,1,1,1.0,5.0,13055,A507 sens Aubagne- Marseille,M,"43,3300000","5,4000000",13,2019,70.0,1.0,1.0,1.0,2155502,2.0,2,4,2,5.0,,-1.0,0,1999.0,B01,138Â 295Â 476,1.0,0.0,-1.0,1645902,2.0,7,,0.0,2.0,4.0,B01,138Â 295Â 476,1.0
964364,201900005895,9,15,12:00,1,1,1,1.0,5.0,13055,A507 sens Aubagne- Marseille,M,"43,3300000","5,4000000",13,2019,70.0,1.0,1.0,1.0,2155502,2.0,2,4,2,5.0,,-1.0,0,1999.0,B01,138Â 295Â 476,1.0,0.0,-1.0,1645903,2.0,7,,0.0,2.0,1.0,A01,138Â 295Â 477,1.0
964364,201900005895,9,15,12:00,1,1,1,1.0,5.0,13055,A507 sens Aubagne- Marseille,M,"43,3300000","5,4000000",13,2019,70.0,1.0,1.0,1.0,2155503,2.0,2,4,2,0.0,,-1.0,0,1992.0,B01,138Â 295Â 476,1.0,0.0,-1.0,1645899,2.0,7,,0.0,2.0,4.0,E01,138Â 295Â 473,1.0
964364,201900005895,9,15,12:00,1,1,1,1.0,5.0,13055,A507 sens Aubagne- Marseille,M,"43,3300000","5,4000000",13,2019,70.0,1.0,1.0,1.0,2155503,2.0,2,4,2,0.0,,-1.0,0,1992.0,B01,138Â 295Â 476,1.0,0.0,-1.0,1645900,2.0,7,,0.0,2.0,4.0,D01,138Â 295Â 474,1.0
964364,201900005895,9,15,12:00,1,1,1,1.0,5.0,13055,A507 sens Aubagne- Marseille,M,"43,3300000","5,4000000",13,2019,70.0,1.0,1.0,1.0,2155503,2.0,2,4,2,0.0,,-1.0,0,1992.0,B01,138Â 295Â 476,1.0,0.0,-1.0,1645901,2.0,7,,0.0,2.0,4.0,C01,138Â 295Â 475,1.0
964364,201900005895,9,15,12:00,1,1,1,1.0,5.0,13055,A507 sens Aubagne- Marseille,M,"43,3300000","5,4000000",13,2019,70.0,1.0,1.0,1.0,2155503,2.0,2,4,2,0.0,,-1.0,0,1992.0,B01,138Â 295Â 476,1.0,0.0,-1.0,1645902,2.0,7,,0.0,2.0,4.0,B01,138Â 295Â 476,1.0
964364,201900005895,9,15,12:00,1,1,1,1.0,5.0,13055,A507 sens Aubagne- Marseille,M,"43,3300000","5,4000000",13,2019,70.0,1.0,1.0,1.0,2155503,2.0,2,4,2,0.0,,-1.0,0,1992.0,B01,138Â 295Â 476,1.0,0.0,-1.0,1645903,2.0,7,,0.0,2.0,1.0,A01,138Â 295Â 477,1.0
964364,201900005895,9,15,12:00,1,1,1,1.0,5.0,13055,A507 sens Aubagne- Marseille,M,"43,3300000","5,4000000",13,2019,70.0,1.0,1.0,1.0,2155504,1.0,1,4,2,5.0,,-1.0,0,1995.0,B01,138Â 295Â 476,1.0,0.0,-1.0,1645899,2.0,7,,0.0,2.0,4.0,E01,138Â 295Â 473,1.0
964364,201900005895,9,15,12:00,1,1,1,1.0,5.0,13055,A507 sens Aubagne- Marseille,M,"43,3300000","5,4000000",13,2019,70.0,1.0,1.0,1.0,2155504,1.0,1,4,2,5.0,,-1.0,0,1995.0,B01,138Â 295Â 476,1.0,0.0,-1.0,1645900,2.0,7,,0.0,2.0,4.0,D01,138Â 295Â 474,1.0
964364,201900005895,9,15,12:00,1,1,1,1.0,5.0,13055,A507 sens Aubagne- Marseille,M,"43,3300000","5,4000000",13,2019,70.0,1.0,1.0,1.0,2155504,1.0,1,4,2,5.0,,-1.0,0,1995.0,B01,138Â 295Â 476,1.0,0.0,-1.0,1645901,2.0,7,,0.0,2.0,4.0,C01,138Â 295Â 475,1.0
964364,201900005895,9,15,12:00,1,1,1,1.0,5.0,13055,A507 sens Aubagne- Marseille,M,"43,3300000","5,4000000",13,2019,70.0,1.0,1.0,1.0,2155504,1.0,1,4,2,5.0,,-1.0,0,1995.0,B01,138Â 295Â 476,1.0,0.0,-1.0,1645902,2.0,7,,0.0,2.0,4.0,B01,138Â 295Â 476,1.0
964364,201900005895,9,15,12:00,1,1,1,1.0,5.0,13055,A507 sens Aubagne- Marseille,M,"43,3300000","5,4000000",13,2019,70.0,1.0,1.0,1.0,2155504,1.0,1,4,2,5.0,,-1.0,0,1995.0,B01,138Â 295Â 476,1.0,0.0,-1.0,1645903,2.0,7,,0.0,2.0,1.0,A01,138Â 295Â 477,1.0
964364,201900005895,9,15,12:00,1,1,1,1.0,5.0,13055,A507 sens Aubagne- Marseille,M,"43,3300000","5,4000000",13,2019,70.0,1.0,1.0,1.0,2155505,1.0,1,1,1,9.0,,0.0,0,1996.0,A01,138Â 295Â 477,1.0,0.0,-1.0,1645899,2.0,7,,0.0,2.0,4.0,E01,138Â 295Â 473,1.0
964364,201900005895,9,15,12:00,1,1,1,1.0,5.0,13055,A507 sens Aubagne- Marseille,M,"43,3300000","5,4000000",13,2019,70.0,1.0,1.0,1.0,2155505,1.0,1,1,1,9.0,,0.0,0,1996.0,A01,138Â 295Â 477,1.0,0.0,-1.0,1645900,2.0,7,,0.0,2.0,4.0,D01,138Â 295Â 474,1.0
964364,201900005895,9,15,12:00,1,1,1,1.0,5.0,13055,A507 sens Aubagne- Marseille,M,"43,3300000","5,4000000",13,2019,70.0,1.0,1.0,1.0,2155505,1.0,1,1,1,9.0,,0.0,0,1996.0,A01,138Â 295Â 477,1.0,0.0,-1.0,1645901,2.0,7,,0.0,2.0,4.0,C01,138Â 295Â 475,1.0
964364,201900005895,9,15,12:00,1,1,1,1.0,5.0,13055,A507 sens Aubagne- Marseille,M,"43,3300000","5,4000000",13,2019,70.0,1.0,1.0,1.0,2155505,1.0,1,1,1,9.0,,0.0,0,1996.0,A01,138Â 295Â 477,1.0,0.0,-1.0,1645902,2.0,7,,0.0,2.0,4.0,B01,138Â 295Â 476,1.0