Unnamed: 0_x,num_acc,mois,jour,hrmn,lum,agg,int,atm,col,com,adr,gps,lat,long,dep,annee,vma,situ,surf,catr,Unnamed: 0_y,place,catu,grav,sexe,trajet,secu,locp,actp,an_nais,num_veh_x,id_vehicule_x,secu1,secu2,secu3,Unnamed: 0,senc,catv,occutc,obs,obsm,choc,num_veh_y,id_vehicule_y,motor
964364,201900005895,9,15,12:00,1,1,1,1.0,5.0,13055,A507 sens Aubagne- Marseille,M,"43,3300000","5,4000000",13,2019,70.0,1.0,1.0,1.0,2155505,1.0,1,1,1,9.0,,0.0,0,1996.0,A01,138Â 295Â 477,1.0,0.0,-1.0,1645903,2.0,7,,0.0,2.0,1.0,A01,138Â 295Â 477,1.0
964365,201900005896,9,18,10:10,1,1,1,1.0,6.0,13215,A7-Sens Lyon vers Marseille,M,"43,3600400","5,3619400",13,2019,90.0,1.0,1.0,1.0,2155506,2.0,2,3,1,5.0,,-1.0, -1,1996.0,A01,138Â 295Â 472,1.0,8.0,-1.0,1645904,1.0,7,,3.0,0.0,1.0,A01,138Â 295Â 472,1.0
964365,201900005896,9,18,10:10,1,1,1,1.0,6.0,13215,A7-Sens Lyon vers Marseille,M,"43,3600400","5,3619400",13,2019,90.0,1.0,1.0,1.0,2155507,1.0,1,3,1,5.0,,-1.0, -1,1995.0,A01,138Â 295Â 472,1.0,8.0,-1.0,1645904,1.0,7,,3.0,0.0,1.0,A01,138Â 295Â 472,1.0
964366,201900005897,9,18,21:45,3,1,1,1.0,6.0,33397,AUTOROUTE A 10,M,"44,9023400"," -0,4934200",33,2019,110.0,1.0,1.0,1.0,2155508,1.0,1,1,1,4.0,,-1.0, -1,1965.0,A01,138Â 295Â 470,1.0,8.0,-1.0,1645905,2.0,17,,0.0,0.0,0.0,A01,138Â 295Â 470,1.0
964366,201900005897,9,18,21:45,3,1,1,1.0,6.0,33397,AUTOROUTE A 10,M,"44,9023400"," -0,4934200",33,2019,110.0,1.0,1.0,1.0,2155508,1.0,1,1,1,4.0,,-1.0, -1,1965.0,A01,138Â 295Â 470,1.0,8.0,-1.0,1645906,2.0,7,,0.0,9.0,0.0,B01,138Â 295Â 471,1.0
964366,201900005897,9,18,21:45,3,1,1,1.0,6.0,33397,AUTOROUTE A 10,M,"44,9023400"," -0,4934200",33,2019,110.0,1.0,1.0,1.0,2155509,4.0,2,4,2,0.0,,-1.0, -1,2007.0,B01,138Â 295Â 471,1.0,8.0,-1.0,1645905,2.0,17,,0.0,0.0,0.0,A01,138Â 295Â 470,1.0
964366,201900005897,9,18,21:45,3,1,1,1.0,6.0,33397,AUTOROUTE A 10,M,"44,9023400"," -0,4934200",33,2019,110.0,1.0,1.0,1.0,2155509,4.0,2,4,2,0.0,,-1.0, -1,2007.0,B01,138Â 295Â 471,1.0,8.0,-1.0,1645906,2.0,7,,0.0,9.0,0.0,B01,138Â 295Â 471,1.0
964366,201900005897,9,18,21:45,3,1,1,1.0,6.0,33397,AUTOROUTE A 10,M,"44,9023400"," -0,4934200",33,2019,110.0,1.0,1.0,1.0,2155510,1.0,1,4,2,0.0,,-1.0, -1,1980.0,B01,138Â 295Â 471,1.0,8.0,-1.0,1645905,2.0,17,,0.0,0.0,0.0,A01,138Â 295Â 470,1.0
964366,201900005897,9,18,21:45,3,1,1,1.0,6.0,33397,AUTOROUTE A 10,M,"44,9023400"," -0,4934200",33,2019,110.0,1.0,1.0,1.0,2155510,1.0,1,4,2,0.0,,-1.0, -1,1980.0,B01,138Â 295Â 471,1.0,8.0,-1.0,1645906,2.0,7,,0.0,9.0,0.0,B01,138Â 295Â 471,1.0
964366,201900005897,9,18,21:45,3,1,1,1.0,6.0,33397,AUTOROUTE A 10,M,"44,9023400"," -0,4934200",33,2019,110.0,1.0,1.0,1.0,2155511,2.0,2,4,1,0.0,,-1.0, -1,2005.0,B01,138Â 295Â 471,1.0,8.0,-1.0,1645905,2.0,17,,0.0,0.0,0.0,A01,138Â 295Â 470,1.0
964366,201900005897,9,18,21:45,3,1,1,1.0,6.0,33397,AUTOROUTE A 10,M,"44,9023400"," -0,4934200",33,2019,110.0,1.0,1.0,1.0,2155511,2.0,2,4,1,0.0,,-1.0, -1,2005.0,B01,138Â 295Â 471,1.0,8.0,-1.0,1645906,2.0,7,,0.0,9.0,0.0,B01,138Â 295Â 471,1.0
964367,201900005898,9,18,20:55,5,1,1,1.0,6.0,33397,AUTOROUTE A 10,M,"44,8980600"," -0,4952300",33,2019,110.0,1.0,1.0,1.0,2155512,1.0,1,4,1,0.0,,-1.0, -1,1968.0,A01,138Â 295Â 469,1.0,8.0,-1.0,1645907,2.0,7,,0.0,6.0,1.0,A01,138Â 295Â 469,1.0
964367,201900005898,9,18,20:55,5,1,1,1.0,6.0,33397,AUTOROUTE A 10,M,"44,8980600"," -0,4952300",33,2019,110.0,1.0,1.0,1.0,2155513,2.0,2,4,1,0.0,,0.0,0,1967.0,A01,138Â 295Â 469,1.0,8.0,-1.0,1645907,2.0,7,,0.0,6.0,1.0,A01,138Â 295Â 469,1.0
964368,201900005899,9,18,09:35,1,1,1,1.0,4.0,33065,ROUTE NATIONALE 230,M,"44,8135500"," -0,5225200",33,2019,50.0,1.0,1.0,2.0,2155514,1.0,1,1,2,0.0,,-1.0,0,1968.0,C01,138Â 295Â 466,1.0,8.0,-1.0,1645908,2.0,7,,0.0,2.0,4.0,C01,138Â 295Â 466,1.0
964368,201900005899,9,18,09:35,1,1,1,1.0,4.0,33065,ROUTE NATIONALE 230,M,"44,8135500"," -0,5225200",33,2019,50.0,1.0,1.0,2.0,2155514,1.0,1,1,2,0.0,,-1.0,0,1968.0,C01,138Â 295Â 466,1.0,8.0,-1.0,1645909,2.0,7,,0.0,2.0,6.0,B01,138Â 295Â 467,1.0
964368,201900005899,9,18,09:35,1,1,1,1.0,4.0,33065,ROUTE NATIONALE 230,M,"44,8135500"," -0,5225200",33,2019,50.0,1.0,1.0,2.0,2155514,1.0,1,1,2,0.0,,-1.0,0,1968.0,C01,138Â 295Â 466,1.0,8.0,-1.0,1645910,2.0,7,,0.0,2.0,2.0,A01,138Â 295Â 468,1.0
964368,201900005899,9,18,09:35,1,1,1,1.0,4.0,33065,ROUTE NATIONALE 230,M,"44,8135500"," -0,5225200",33,2019,50.0,1.0,1.0,2.0,2155515,1.0,1,4,2,0.0,,-1.0,0,1989.0,B01,138Â 295Â 467,1.0,8.0,-1.0,1645908,2.0,7,,0.0,2.0,4.0,C01,138Â 295Â 466,1.0
964368,201900005899,9,18,09:35,1,1,1,1.0,4.0,33065,ROUTE NATIONALE 230,M,"44,8135500"," -0,5225200",33,2019,50.0,1.0,1.0,2.0,2155515,1.0,1,4,2,0.0,,-1.0,0,1989.0,B01,138Â 295Â 467,1.0,8.0,-1.0,1645909,2.0,7,,0.0,2.0,6.0,B01,138Â 295Â 467,1.0
964368,201900005899,9,18,09:35,1,1,1,1.0,4.0,33065,ROUTE NATIONALE 230,M,"44,8135500"," -0,5225200",33,2019,50.0,1.0,1.0,2.0,2155515,1.0,1,4,2,0.0,,-1.0,0,1989.0,B01,138Â 295Â 467,1.0,8.0,-1.0,1645910,2.0,7,,0.0,2.0,2.0,A01,138Â 295Â 468,1.0
964368,201900005899,9,18,09:35,1,1,1,1.0,4.0,33065,ROUTE NATIONALE 230,M,"44,8135500"," -0,5225200",33,2019,50.0,1.0,1.0,2.0,2155516,2.0,2,1,1,0.0,,-1.0,0,2017.0,B01,138Â 295Â 467,1.0,8.0,-1.0,1645908,2.0,7,,0.0,2.0,4.0,C01,138Â 295Â 466,1.0
964368,201900005899,9,18,09:35,1,1,1,1.0,4.0,33065,ROUTE NATIONALE 230,M,"44,8135500"," -0,5225200",33,2019,50.0,1.0,1.0,2.0,2155516,2.0,2,1,1,0.0,,-1.0,0,2017.0,B01,138Â 295Â 467,1.0,8.0,-1.0,1645909,2.0,7,,0.0,2.0,6.0,B01,138Â 295Â 467,1.0
964368,201900005899,9,18,09:35,1,1,1,1.0,4.0,33065,ROUTE NATIONALE 230,M,"44,8135500"," -0,5225200",33,2019,50.0,1.0,1.0,2.0,2155516,2.0,2,1,1,0.0,,-1.0,0,2017.0,B01,138Â 295Â 467,1.0,8.0,-1.0,1645910,2.0,7,,0.0,2.0,2.0,A01,138Â 295Â 468,1.0
964368,201900005899,9,18,09:35,1,1,1,1.0,4.0,33065,ROUTE NATIONALE 230,M,"44,8135500"," -0,5225200",33,2019,50.0,1.0,1.0,2.0,2155517,1.0,1,4,2,0.0,,-1.0, -1,1974.0,A01,138Â 295Â 468,1.0,8.0,-1.0,1645908,2.0,7,,0.0,2.0,4.0,C01,138Â 295Â 466,1.0
964368,201900005899,9,18,09:35,1,1,1,1.0,4.0,33065,ROUTE NATIONALE 230,M,"44,8135500"," -0,5225200",33,2019,50.0,1.0,1.0,2.0,2155517,1.0,1,4,2,0.0,,-1.0, -1,1974.0,A01,138Â 295Â 468,1.0,8.0,-1.0,1645909,2.0,7,,0.0,2.0,6.0,B01,138Â 295Â 467,1.0
964368,201900005899,9,18,09:35,1,1,1,1.0,4.0,33065,ROUTE NATIONALE 230,M,"44,8135500"," -0,5225200",33,2019,50.0,1.0,1.0,2.0,2155517,1.0,1,4,2,0.0,,-1.0, -1,1974.0,A01,138Â 295Â 468,1.0,8.0,-1.0,1645910,2.0,7,,0.0,2.0,2.0,A01,138Â 295Â 468,1.0
964369,201900005900,9,18,09:00,1,1,1,1.0,4.0,33039,A630 - voie sortie Ã©changeur 20,M,"44,7985700"," -0,5370100",33,2019,90.0,1.0,1.0,1.0,2155518,1.0,1,1,1,4.0,,-1.0, -1,1980.0,C01,138Â 295Â 463,1.0,8.0,-1.0,1645911,2.0,10,,0.0,2.0,4.0,C01,138Â 295Â 463,1.0
964369,201900005900,9,18,09:00,1,1,1,1.0,4.0,33039,A630 - voie sortie Ã©changeur 20,M,"44,7985700"," -0,5370100",33,2019,90.0,1.0,1.0,1.0,2155518,1.0,1,1,1,4.0,,-1.0, -1,1980.0,C01,138Â 295Â 463,1.0,8.0,-1.0,1645912,2.0,10,,0.0,2.0,4.0,B01,138Â 295Â 464,1.0
964369,201900005900,9,18,09:00,1,1,1,1.0,4.0,33039,A630 - voie sortie Ã©changeur 20,M,"44,7985700"," -0,5370100",33,2019,90.0,1.0,1.0,1.0,2155518,1.0,1,1,1,4.0,,-1.0, -1,1980.0,C01,138Â 295Â 463,1.0,8.0,-1.0,1645913,2.0,7,,0.0,2.0,1.0,A01,138Â 295Â 465,1.0
964369,201900005900,9,18,09:00,1,1,1,1.0,4.0,33039,A630 - voie sortie Ã©changeur 20,M,"44,7985700"," -0,5370100",33,2019,90.0,1.0,1.0,1.0,2155519,1.0,1,1,1,5.0,,-1.0, -1,1974.0,B01,138Â 295Â 464,1.0,8.0,-1.0,1645911,2.0,10,,0.0,2.0,4.0,C01,138Â 295Â 463,1.0
964369,201900005900,9,18,09:00,1,1,1,1.0,4.0,33039,A630 - voie sortie Ã©changeur 20,M,"44,7985700"," -0,5370100",33,2019,90.0,1.0,1.0,1.0,2155519,1.0,1,1,1,5.0,,-1.0, -1,1974.0,B01,138Â 295Â 464,1.0,8.0,-1.0,1645912,2.0,10,,0.0,2.0,4.0,B01,138Â 295Â 464,1.0
964369,201900005900,9,18,09:00,1,1,1,1.0,4.0,33039,A630 - voie sortie Ã©changeur 20,M,"44,7985700"," -0,5370100",33,2019,90.0,1.0,1.0,1.0,2155519,1.0,1,1,1,5.0,,-1.0, -1,1974.0,B01,138Â 295Â 464,1.0,8.0,-1.0,1645913,2.0,7,,0.0,2.0,1.0,A01,138Â 295Â 465,1.0
964369,201900005900,9,18,09:00,1,1,1,1.0,4.0,33039,A630 - voie sortie Ã©changeur 20,M,"44,7985700"," -0,5370100",33,2019,90.0,1.0,1.0,1.0,2155520,1.0,1,4,2,1.0,,-1.0, -1,1989.0,A01,138Â 295Â 465,1.0,8.0,-1.0,1645911,2.0,10,,0.0,2.0,4.0,C01,138Â 295Â 463,1.0
964369,201900005900,9,18,09:00,1,1,1,1.0,4.0,33039,A630 - voie sortie Ã©changeur 20,M,"44,7985700"," -0,5370100",33,2019,90.0,1.0,1.0,1.0,2155520,1.0,1,4,2,1.0,,-1.0, -1,1989.0,A01,138Â 295Â 465,1.0,8.0,-1.0,1645912,2.0,10,,0.0,2.0,4.0,B01,138Â 295Â 464,1.0
964369,201900005900,9,18,09:00,1,1,1,1.0,4.0,33039,A630 - voie sortie Ã©changeur 20,M,"44,7985700"," -0,5370100",33,2019,90.0,1.0,1.0,1.0,2155520,1.0,1,4,2,1.0,,-1.0, -1,1989.0,A01,138Â 295Â 465,1.0,8.0,-1.0,1645913,2.0,7,,0.0,2.0,1.0,A01,138Â 295Â 465,1.0
964370,201900005901,9,18,07:15,2,1,1,1.0,3.0,33162,ROCADE A 630,M,"44,8604600"," -0,6595800",33,2019,90.0,1.0,1.0,1.0,2155521,1.0,1,1,1,1.0,,-1.0, -1,1999.0,A01,138Â 295Â 461,1.0,8.0,-1.0,1645914,1.0,7,,0.0,2.0,5.0,A01,138Â 295Â 461,1.0
964370,201900005901,9,18,07:15,2,1,1,1.0,3.0,33162,ROCADE A 630,M,"44,8604600"," -0,6595800",33,2019,90.0,1.0,1.0,1.0,2155521,1.0,1,1,1,1.0,,-1.0, -1,1999.0,A01,138Â 295Â 461,1.0,8.0,-1.0,1645915,1.0,31,,0.0,2.0,6.0,B01,138Â 295Â 462,1.0
964370,201900005901,9,18,07:15,2,1,1,1.0,3.0,33162,ROCADE A 630,M,"44,8604600"," -0,6595800",33,2019,90.0,1.0,1.0,1.0,2155522,1.0,1,4,1,1.0,,-1.0, -1,1980.0,B01,138Â 295Â 462,2.0,6.0,-1.0,1645914,1.0,7,,0.0,2.0,5.0,A01,138Â 295Â 461,1.0
964370,201900005901,9,18,07:15,2,1,1,1.0,3.0,33162,ROCADE A 630,M,"44,8604600"," -0,6595800",33,2019,90.0,1.0,1.0,1.0,2155522,1.0,1,4,1,1.0,,-1.0, -1,1980.0,B01,138Â 295Â 462,2.0,6.0,-1.0,1645915,1.0,31,,0.0,2.0,6.0,B01,138Â 295Â 462,1.0
964371,201900005902,9,15,12:05,1,1,1,1.0,4.0,59202,AUTOROUTE A25,M,"50,6772343","2,8579742",59,2019,110.0,3.0,1.0,1.0,2155523,1.0,1,1,1,0.0,,-1.0, -1,1993.0,C01,138Â 295Â 458,1.0,0.0,-1.0,1645916,1.0,7,,0.0,2.0,4.0,C01,138Â 295Â 458,0.0
964371,201900005902,9,15,12:05,1,1,1,1.0,4.0,59202,AUTOROUTE A25,M,"50,6772343","2,8579742",59,2019,110.0,3.0,1.0,1.0,2155523,1.0,1,1,1,0.0,,-1.0, -1,1993.0,C01,138Â 295Â 458,1.0,0.0,-1.0,1645917,1.0,7,,0.0,2.0,4.0,B01,138Â 295Â 459,0.0
964371,201900005902,9,15,12:05,1,1,1,1.0,4.0,59202,AUTOROUTE A25,M,"50,6772343","2,8579742",59,2019,110.0,3.0,1.0,1.0,2155523,1.0,1,1,1,0.0,,-1.0, -1,1993.0,C01,138Â 295Â 458,1.0,0.0,-1.0,1645918,1.0,7,,0.0,2.0,1.0,A01,138Â 295Â 460,0.0
964371,201900005902,9,15,12:05,1,1,1,1.0,4.0,59202,AUTOROUTE A25,M,"50,6772343","2,8579742",59,2019,110.0,3.0,1.0,1.0,2155524,1.0,1,1,1,0.0,,-1.0, -1,1966.0,B01,138Â 295Â 459,1.0,0.0,-1.0,1645916,1.0,7,,0.0,2.0,4.0,C01,138Â 295Â 458,0.0
964371,201900005902,9,15,12:05,1,1,1,1.0,4.0,59202,AUTOROUTE A25,M,"50,6772343","2,8579742",59,2019,110.0,3.0,1.0,1.0,2155524,1.0,1,1,1,0.0,,-1.0, -1,1966.0,B01,138Â 295Â 459,1.0,0.0,-1.0,1645917,1.0,7,,0.0,2.0,4.0,B01,138Â 295Â 459,0.0
964371,201900005902,9,15,12:05,1,1,1,1.0,4.0,59202,AUTOROUTE A25,M,"50,6772343","2,8579742",59,2019,110.0,3.0,1.0,1.0,2155524,1.0,1,1,1,0.0,,-1.0, -1,1966.0,B01,138Â 295Â 459,1.0,0.0,-1.0,1645918,1.0,7,,0.0,2.0,1.0,A01,138Â 295Â 460,0.0
964371,201900005902,9,15,12:05,1,1,1,1.0,4.0,59202,AUTOROUTE A25,M,"50,6772343","2,8579742",59,2019,110.0,3.0,1.0,1.0,2155525,1.0,1,4,1,0.0,,-1.0, -1,1987.0,A01,138Â 295Â 460,1.0,0.0,-1.0,1645916,1.0,7,,0.0,2.0,4.0,C01,138Â 295Â 458,0.0
964371,201900005902,9,15,12:05,1,1,1,1.0,4.0,59202,AUTOROUTE A25,M,"50,6772343","2,8579742",59,2019,110.0,3.0,1.0,1.0,2155525,1.0,1,4,1,0.0,,-1.0, -1,1987.0,A01,138Â 295Â 460,1.0,0.0,-1.0,1645917,1.0,7,,0.0,2.0,4.0,B01,138Â 295Â 459,0.0
964371,201900005902,9,15,12:05,1,1,1,1.0,4.0,59202,AUTOROUTE A25,M,"50,6772343","2,8579742",59,2019,110.0,3.0,1.0,1.0,2155525,1.0,1,4,1,0.0,,-1.0, -1,1987.0,A01,138Â 295Â 460,1.0,0.0,-1.0,1645918,1.0,7,,0.0,2.0,1.0,A01,138Â 295Â 460,0.0
964372,201900005903,9,2,16:35,1,1,1,1.0,5.0,59159,AUTOROUTE A16,M,"50,9700000","2,2200000",59,2019,110.0,3.0,1.0,1.0,2155526,1.0,1,1,2,0.0,,-1.0, -1,1966.0,C01,138Â 295Â 455,1.0,0.0,-1.0,1645919,2.0,7,,0.0,2.0,0.0,C01,138Â 295Â 455,0.0
964372,201900005903,9,2,16:35,1,1,1,1.0,5.0,59159,AUTOROUTE A16,M,"50,9700000","2,2200000",59,2019,110.0,3.0,1.0,1.0,2155526,1.0,1,1,2,0.0,,-1.0, -1,1966.0,C01,138Â 295Â 455,1.0,0.0,-1.0,1645920,2.0,7,,0.0,2.0,0.0,B01,138Â 295Â 456,0.0
964372,201900005903,9,2,16:35,1,1,1,1.0,5.0,59159,AUTOROUTE A16,M,"50,9700000","2,2200000",59,2019,110.0,3.0,1.0,1.0,2155526,1.0,1,1,2,0.0,,-1.0, -1,1966.0,C01,138Â 295Â 455,1.0,0.0,-1.0,1645921,2.0,7,,0.0,2.0,0.0,A01,138Â 295Â 457,0.0
964372,201900005903,9,2,16:35,1,1,1,1.0,5.0,59159,AUTOROUTE A16,M,"50,9700000","2,2200000",59,2019,110.0,3.0,1.0,1.0,2155527,1.0,1,3,2,0.0,,-1.0, -1,1972.0,B01,138Â 295Â 456,1.0,0.0,-1.0,1645919,2.0,7,,0.0,2.0,0.0,C01,138Â 295Â 455,0.0
964372,201900005903,9,2,16:35,1,1,1,1.0,5.0,59159,AUTOROUTE A16,M,"50,9700000","2,2200000",59,2019,110.0,3.0,1.0,1.0,2155527,1.0,1,3,2,0.0,,-1.0, -1,1972.0,B01,138Â 295Â 456,1.0,0.0,-1.0,1645920,2.0,7,,0.0,2.0,0.0,B01,138Â 295Â 456,0.0
964372,201900005903,9,2,16:35,1,1,1,1.0,5.0,59159,AUTOROUTE A16,M,"50,9700000","2,2200000",59,2019,110.0,3.0,1.0,1.0,2155527,1.0,1,3,2,0.0,,-1.0, -1,1972.0,B01,138Â 295Â 456,1.0,0.0,-1.0,1645921,2.0,7,,0.0,2.0,0.0,A01,138Â 295Â 457,0.0
964372,201900005903,9,2,16:35,1,1,1,1.0,5.0,59159,AUTOROUTE A16,M,"50,9700000","2,2200000",59,2019,110.0,3.0,1.0,1.0,2155528,1.0,1,1,1,0.0,,-1.0, -1,1978.0,A01,138Â 295Â 457,1.0,0.0,-1.0,1645919,2.0,7,,0.0,2.0,0.0,C01,138Â 295Â 455,0.0
964372,201900005903,9,2,16:35,1,1,1,1.0,5.0,59159,AUTOROUTE A16,M,"50,9700000","2,2200000",59,2019,110.0,3.0,1.0,1.0,2155528,1.0,1,1,1,0.0,,-1.0, -1,1978.0,A01,138Â 295Â 457,1.0,0.0,-1.0,1645920,2.0,7,,0.0,2.0,0.0,B01,138Â 295Â 456,0.0
964372,201900005903,9,2,16:35,1,1,1,1.0,5.0,59159,AUTOROUTE A16,M,"50,9700000","2,2200000",59,2019,110.0,3.0,1.0,1.0,2155528,1.0,1,1,1,0.0,,-1.0, -1,1978.0,A01,138Â 295Â 457,1.0,0.0,-1.0,1645921,2.0,7,,0.0,2.0,0.0,A01,138Â 295Â 457,0.0
964373,201900005904,9,18,18:45,1,1,1,1.0,2.0,91161,AUTOROUTE A126,M,"48,7111000","2,2969600",91,2019,70.0,1.0,1.0,1.0,2155529,1.0,1,4,1,1.0,,0.0,0,1977.0,B01,138Â 295Â 453,1.0,0.0,-1.0,1645922,1.0,7,,0.0,2.0,4.0,B01,138Â 295Â 453,1.0
964373,201900005904,9,18,18:45,1,1,1,1.0,2.0,91161,AUTOROUTE A126,M,"48,7111000","2,2969600",91,2019,70.0,1.0,1.0,1.0,2155529,1.0,1,4,1,1.0,,0.0,0,1977.0,B01,138Â 295Â 453,1.0,0.0,-1.0,1645923,1.0,7,,0.0,2.0,1.0,A01,138Â 295Â 454,1.0
964373,201900005904,9,18,18:45,1,1,1,1.0,2.0,91161,AUTOROUTE A126,M,"48,7111000","2,2969600",91,2019,70.0,1.0,1.0,1.0,2155530,1.0,1,4,1,1.0,,0.0,0,1987.0,A01,138Â 295Â 454,1.0,0.0,-1.0,1645922,1.0,7,,0.0,2.0,4.0,B01,138Â 295Â 453,1.0
964373,201900005904,9,18,18:45,1,1,1,1.0,2.0,91161,AUTOROUTE A126,M,"48,7111000","2,2969600",91,2019,70.0,1.0,1.0,1.0,2155530,1.0,1,4,1,1.0,,0.0,0,1987.0,A01,138Â 295Â 454,1.0,0.0,-1.0,1645923,1.0,7,,0.0,2.0,1.0,A01,138Â 295Â 454,1.0
964374,201900005905,9,18,17:36,1,1,1,1.0,2.0,94034,AUTOROUTE A6A,M,"48,7505401","2,3290020",94,2019,110.0,1.0,1.0,1.0,2155531,1.0,1,4,1,0.0,,-1.0,0,1972.0,A01,138Â 295Â 451,2.0,0.0,-1.0,1645924,2.0,33,,0.0,2.0,1.0,A01,138Â 295Â 451,1.0
964374,201900005905,9,18,17:36,1,1,1,1.0,2.0,94034,AUTOROUTE A6A,M,"48,7505401","2,3290020",94,2019,110.0,1.0,1.0,1.0,2155531,1.0,1,4,1,0.0,,-1.0,0,1972.0,A01,138Â 295Â 451,2.0,0.0,-1.0,1645925,2.0,7,,0.0,2.0,4.0,B01,138Â 295Â 452,1.0
964374,201900005905,9,18,17:36,1,1,1,1.0,2.0,94034,AUTOROUTE A6A,M,"48,7505401","2,3290020",94,2019,110.0,1.0,1.0,1.0,2155532,1.0,1,1,1,0.0,,-1.0,0,1975.0,B01,138Â 295Â 452,1.0,0.0,-1.0,1645924,2.0,33,,0.0,2.0,1.0,A01,138Â 295Â 451,1.0
964374,201900005905,9,18,17:36,1,1,1,1.0,2.0,94034,AUTOROUTE A6A,M,"48,7505401","2,3290020",94,2019,110.0,1.0,1.0,1.0,2155532,1.0,1,1,1,0.0,,-1.0,0,1975.0,B01,138Â 295Â 452,1.0,0.0,-1.0,1645925,2.0,7,,0.0,2.0,4.0,B01,138Â 295Â 452,1.0
964375,201900005906,9,18,06:15,3,1,1,1.0,4.0,94065,AUTOROUTE A106,M,"48,7514000","2,3546000",94,2019,50.0,1.0,1.0,1.0,2155533,1.0,1,4,1,4.0,,-1.0, -1,1988.0,A01,138Â 295Â 448,1.0,0.0,-1.0,1645926,2.0,7,,0.0,2.0,1.0,A01,138Â 295Â 448,1.0
964375,201900005906,9,18,06:15,3,1,1,1.0,4.0,94065,AUTOROUTE A106,M,"48,7514000","2,3546000",94,2019,50.0,1.0,1.0,1.0,2155533,1.0,1,4,1,4.0,,-1.0, -1,1988.0,A01,138Â 295Â 448,1.0,0.0,-1.0,1645927,2.0,7,,0.0,2.0,1.0,B01,138Â 295Â 449,1.0
964375,201900005906,9,18,06:15,3,1,1,1.0,4.0,94065,AUTOROUTE A106,M,"48,7514000","2,3546000",94,2019,50.0,1.0,1.0,1.0,2155533,1.0,1,4,1,4.0,,-1.0, -1,1988.0,A01,138Â 295Â 448,1.0,0.0,-1.0,1645928,2.0,7,,0.0,2.0,4.0,C01,138Â 295Â 450,1.0
964375,201900005906,9,18,06:15,3,1,1,1.0,4.0,94065,AUTOROUTE A106,M,"48,7514000","2,3546000",94,2019,50.0,1.0,1.0,1.0,2155534,1.0,1,4,1,0.0,,-1.0, -1,1990.0,B01,138Â 295Â 449,1.0,0.0,-1.0,1645926,2.0,7,,0.0,2.0,1.0,A01,138Â 295Â 448,1.0
964375,201900005906,9,18,06:15,3,1,1,1.0,4.0,94065,AUTOROUTE A106,M,"48,7514000","2,3546000",94,2019,50.0,1.0,1.0,1.0,2155534,1.0,1,4,1,0.0,,-1.0, -1,1990.0,B01,138Â 295Â 449,1.0,0.0,-1.0,1645927,2.0,7,,0.0,2.0,1.0,B01,138Â 295Â 449,1.0
964375,201900005906,9,18,06:15,3,1,1,1.0,4.0,94065,AUTOROUTE A106,M,"48,7514000","2,3546000",94,2019,50.0,1.0,1.0,1.0,2155534,1.0,1,4,1,0.0,,-1.0, -1,1990.0,B01,138Â 295Â 449,1.0,0.0,-1.0,1645928,2.0,7,,0.0,2.0,4.0,C01,138Â 295Â 450,1.0
964375,201900005906,9,18,06:15,3,1,1,1.0,4.0,94065,AUTOROUTE A106,M,"48,7514000","2,3546000",94,2019,50.0,1.0,1.0,1.0,2155535,1.0,1,1,1,4.0,,-1.0, -1,1985.0,C01,138Â 295Â 450,1.0,0.0,-1.0,1645926,2.0,7,,0.0,2.0,1.0,A01,138Â 295Â 448,1.0
964375,201900005906,9,18,06:15,3,1,1,1.0,4.0,94065,AUTOROUTE A106,M,"48,7514000","2,3546000",94,2019,50.0,1.0,1.0,1.0,2155535,1.0,1,1,1,4.0,,-1.0, -1,1985.0,C01,138Â 295Â 450,1.0,0.0,-1.0,1645927,2.0,7,,0.0,2.0,1.0,B01,138Â 295Â 449,1.0
964375,201900005906,9,18,06:15,3,1,1,1.0,4.0,94065,AUTOROUTE A106,M,"48,7514000","2,3546000",94,2019,50.0,1.0,1.0,1.0,2155535,1.0,1,1,1,4.0,,-1.0, -1,1985.0,C01,138Â 295Â 450,1.0,0.0,-1.0,1645928,2.0,7,,0.0,2.0,4.0,C01,138Â 295Â 450,1.0
964376,201900005907,9,17,12:25,1,1,1,1.0,6.0,91136,AUTOROUTE A10,M,"48,7131770","2,2815120",91,2019,70.0,1.0,1.0,1.0,2155536,1.0,1,4,1,0.0,,0.0,0,1977.0,A01,138Â 295Â 447,2.0,6.0,-1.0,1645929,1.0,43,,0.0,0.0,0.0,A01,138Â 295Â 447,1.0
964377,201900005908,9,16,23:00,5,1,1,1.0,6.0,91174,RN 104,M,"48,6243800","2,4689200",91,2019,30.0,1.0,1.0,2.0,2155537,1.0,1,4,1,4.0,,0.0,0,1976.0,A01,138Â 295Â 446,8.0,0.0,-1.0,1645930,1.0,10,,3.0,0.0,3.0,A01,138Â 295Â 446,1.0
964377,201900005908,9,16,23:00,5,1,1,1.0,6.0,91174,RN 104,M,"48,6243800","2,4689200",91,2019,30.0,1.0,1.0,2.0,2155538,2.0,2,4,1,4.0,,0.0,0,1971.0,A01,138Â 295Â 446,8.0,0.0,-1.0,1645930,1.0,10,,3.0,0.0,3.0,A01,138Â 295Â 446,1.0
964377,201900005908,9,16,23:00,5,1,1,1.0,6.0,91174,RN 104,M,"48,6243800","2,4689200",91,2019,30.0,1.0,1.0,2.0,2155539,4.0,2,4,1,4.0,,0.0,0,1974.0,A01,138Â 295Â 446,8.0,0.0,-1.0,1645930,1.0,10,,3.0,0.0,3.0,A01,138Â 295Â 446,1.0