Unnamed: 0_x,num_acc,mois,jour,hrmn,lum,agg,int,atm,col,com,adr,gps,lat,long,dep,annee,vma,situ,surf,catr,Unnamed: 0_y,place,catu,grav,sexe,trajet,secu,locp,actp,an_nais,num_veh_x,id_vehicule_x,secu1,secu2,secu3,Unnamed: 0,senc,catv,occutc,obs,obsm,choc,num_veh_y,id_vehicule_y,motor
964377,201900005908,9,16,23:00,5,1,1,1.0,6.0,91174,RN 104,M,"48,6243800","2,4689200",91,2019,30.0,1.0,1.0,2.0,2155540,3.0,2,4,1,4.0,,0.0,0,1983.0,A01,138Â 295Â 446,8.0,0.0,-1.0,1645930,1.0,10,,3.0,0.0,3.0,A01,138Â 295Â 446,1.0
964378,201900005909,9,18,10:05,1,1,1,1.0,3.0,78646,RN12,M,"48,7898400","2,1222100",78,2019,110.0,1.0,1.0,2.0,2155541,1.0,1,1,1,4.0,,-1.0, -1,1990.0,B01,138Â 295Â 444,1.0,0.0,-1.0,1645931,2.0,17,,0.0,2.0,3.0,B01,138Â 295Â 444,1.0
964378,201900005909,9,18,10:05,1,1,1,1.0,3.0,78646,RN12,M,"48,7898400","2,1222100",78,2019,110.0,1.0,1.0,2.0,2155541,1.0,1,1,1,4.0,,-1.0, -1,1990.0,B01,138Â 295Â 444,1.0,0.0,-1.0,1645932,2.0,10,,0.0,2.0,1.0,A01,138Â 295Â 445,1.0
964378,201900005909,9,18,10:05,1,1,1,1.0,3.0,78646,RN12,M,"48,7898400","2,1222100",78,2019,110.0,1.0,1.0,2.0,2155542,1.0,1,4,1,4.0,,-1.0, -1,1963.0,A01,138Â 295Â 445,1.0,0.0,-1.0,1645931,2.0,17,,0.0,2.0,3.0,B01,138Â 295Â 444,1.0
964378,201900005909,9,18,10:05,1,1,1,1.0,3.0,78646,RN12,M,"48,7898400","2,1222100",78,2019,110.0,1.0,1.0,2.0,2155542,1.0,1,4,1,4.0,,-1.0, -1,1963.0,A01,138Â 295Â 445,1.0,0.0,-1.0,1645932,2.0,10,,0.0,2.0,1.0,A01,138Â 295Â 445,1.0
964379,201900005910,9,17,18:40,3,1,1,1.0,6.0,78423,RN12,M,"48,7954340","2,0461680",78,2019,110.0,1.0,1.0,2.0,2155543,1.0,1,3,1,0.0,,-1.0, -1,1975.0,A01,138Â 295Â 442,2.0,6.0,-1.0,1645933,1.0,33,,0.0,2.0,4.0,A01,138Â 295Â 442,1.0
964379,201900005910,9,17,18:40,3,1,1,1.0,6.0,78423,RN12,M,"48,7954340","2,0461680",78,2019,110.0,1.0,1.0,2.0,2155543,1.0,1,3,1,0.0,,-1.0, -1,1975.0,A01,138Â 295Â 442,2.0,6.0,-1.0,1645934,1.0,7,,0.0,2.0,0.0,Z01,138Â 295Â 443,0.0
964380,201900005911,9,17,19:50,1,1,1,1.0,6.0,95241,RN 104,M,"49,0477700","2,4630400",95,2019,110.0,1.0,1.0,2.0,2155544,1.0,1,4,1,5.0,,-1.0,0,1953.0,A01,138Â 295Â 441,1.0,0.0,-1.0,1645935,2.0,7,,4.0,0.0,1.0,A01,138Â 295Â 441,1.0
964380,201900005911,9,17,19:50,1,1,1,1.0,6.0,95241,RN 104,M,"49,0477700","2,4630400",95,2019,110.0,1.0,1.0,2.0,2155545,3.0,2,4,1,5.0,,-1.0,0,1975.0,A01,138Â 295Â 441,1.0,0.0,-1.0,1645935,2.0,7,,4.0,0.0,1.0,A01,138Â 295Â 441,1.0
964380,201900005911,9,17,19:50,1,1,1,1.0,6.0,95241,RN 104,M,"49,0477700","2,4630400",95,2019,110.0,1.0,1.0,2.0,2155546,2.0,2,4,1,5.0,,-1.0,0,1967.0,A01,138Â 295Â 441,1.0,0.0,-1.0,1645935,2.0,7,,4.0,0.0,1.0,A01,138Â 295Â 441,1.0
964381,201900005912,9,17,09:45,1,1,1,1.0,3.0,93027,AUTOROUTE A1,M,"48,9340600","2,3875000",93,2019,90.0,1.0,1.0,1.0,2155547,1.0,1,1,1,0.0,,-1.0, -1,1978.0,A01,138Â 295Â 439,1.0,0.0,-1.0,1645936,2.0,7,,0.0,2.0,3.0,A01,138Â 295Â 439,1.0
964381,201900005912,9,17,09:45,1,1,1,1.0,3.0,93027,AUTOROUTE A1,M,"48,9340600","2,3875000",93,2019,90.0,1.0,1.0,1.0,2155547,1.0,1,1,1,0.0,,-1.0, -1,1978.0,A01,138Â 295Â 439,1.0,0.0,-1.0,1645937,2.0,33,,0.0,2.0,2.0,B01,138Â 295Â 440,1.0
964381,201900005912,9,17,09:45,1,1,1,1.0,3.0,93027,AUTOROUTE A1,M,"48,9340600","2,3875000",93,2019,90.0,1.0,1.0,1.0,2155548,2.0,1,4,1,0.0,,-1.0, -1,1990.0,B01,138Â 295Â 440,2.0,0.0,-1.0,1645936,2.0,7,,0.0,2.0,3.0,A01,138Â 295Â 439,1.0
964381,201900005912,9,17,09:45,1,1,1,1.0,3.0,93027,AUTOROUTE A1,M,"48,9340600","2,3875000",93,2019,90.0,1.0,1.0,1.0,2155548,2.0,1,4,1,0.0,,-1.0, -1,1990.0,B01,138Â 295Â 440,2.0,0.0,-1.0,1645937,2.0,33,,0.0,2.0,2.0,B01,138Â 295Â 440,1.0
964382,201900005913,9,18,05:50,3,1,1,1.0,6.0,77121,A4,M,"48,8319432","2,6733455",77,2019,110.0,1.0,1.0,1.0,2155549,1.0,1,4,1,1.0,,-1.0, -1,1998.0,A01,138Â 295Â 438,1.0,0.0,-1.0,1645938,2.0,7,,3.0,0.0,3.0,A01,138Â 295Â 438,1.0
964383,201900005914,9,16,20:00,1,1,1,1.0,1.0,77468,A104,M,"48,8612380","2,6673560",77,2019,90.0,1.0,1.0,1.0,2155550,1.0,1,4,1,0.0,,-1.0,0,1973.0,A01,138Â 295Â 436,8.0,0.0,-1.0,1645939,2.0,10,,4.0,0.0,1.0,A01,138Â 295Â 436,1.0
964383,201900005914,9,16,20:00,1,1,1,1.0,1.0,77468,A104,M,"48,8612380","2,6673560",77,2019,90.0,1.0,1.0,1.0,2155550,1.0,1,4,1,0.0,,-1.0,0,1973.0,A01,138Â 295Â 436,8.0,0.0,-1.0,1645940,2.0,10,,0.0,9.0,0.0,B01,138Â 295Â 437,0.0
964383,201900005914,9,16,20:00,1,1,1,1.0,1.0,77468,A104,M,"48,8612380","2,6673560",77,2019,90.0,1.0,1.0,1.0,2155551,1.0,1,1,1,0.0,,-1.0,0,1994.0,B01,138Â 295Â 437,1.0,0.0,-1.0,1645939,2.0,10,,4.0,0.0,1.0,A01,138Â 295Â 436,1.0
964383,201900005914,9,16,20:00,1,1,1,1.0,1.0,77468,A104,M,"48,8612380","2,6673560",77,2019,90.0,1.0,1.0,1.0,2155551,1.0,1,1,1,0.0,,-1.0,0,1994.0,B01,138Â 295Â 437,1.0,0.0,-1.0,1645940,2.0,10,,0.0,9.0,0.0,B01,138Â 295Â 437,0.0
964384,201900005915,6,19,10:10,5,2,1,1.0,6.0,97409,Rue Roger Payet,M," -20,8927000","55,4898190",974,2019,50.0,1.0,1.0,2.0,2155552,1.0,1,4,1,5.0,,0.0,0,1990.0,A01,138Â 295Â 435,2.0,8.0,-1.0,1645941,1.0,31,,0.0,0.0,0.0,A01,138Â 295Â 435,1.0
964385,201900005916,6,19,17:50,1,2,1,1.0,7.0,91432,GENERAL  LECLERC (RUE DU),M,"48,7072200","2,3308800",91,2019,50.0,2.0,1.0,3.0,2155553,1.0,1,4,1,4.0,,0.0,0,1998.0,A01,138Â 295Â 434,1.0,0.0,-1.0,1645942,1.0,7,,1.0,0.0,2.0,A01,138Â 295Â 434,1.0
964386,201900005917,6,18,19:50,1,2,9,1.0,3.0,91345,PRESIDENT FRANCOIS MITTERAND,M,"48,6971900","2,2951000",91,2019,50.0,1.0,1.0,4.0,2155554,1.0,1,4,1,0.0,,-1.0, -1,1986.0,B01,138Â 295Â 432,1.0,0.0,-1.0,1645943,1.0,7,,0.0,2.0,0.0,B01,138Â 295Â 432,1.0
964386,201900005917,6,18,19:50,1,2,9,1.0,3.0,91345,PRESIDENT FRANCOIS MITTERAND,M,"48,6971900","2,2951000",91,2019,50.0,1.0,1.0,4.0,2155554,1.0,1,4,1,0.0,,-1.0, -1,1986.0,B01,138Â 295Â 432,1.0,0.0,-1.0,1645944,1.0,7,,0.0,2.0,1.0,A01,138Â 295Â 433,1.0
964386,201900005917,6,18,19:50,1,2,9,1.0,3.0,91345,PRESIDENT FRANCOIS MITTERAND,M,"48,6971900","2,2951000",91,2019,50.0,1.0,1.0,4.0,2155555,1.0,1,1,1,0.0,,0.0,0,1900.0,A01,138Â 295Â 433,8.0,8.0,-1.0,1645943,1.0,7,,0.0,2.0,0.0,B01,138Â 295Â 432,1.0
964386,201900005917,6,18,19:50,1,2,9,1.0,3.0,91345,PRESIDENT FRANCOIS MITTERAND,M,"48,6971900","2,2951000",91,2019,50.0,1.0,1.0,4.0,2155555,1.0,1,1,1,0.0,,0.0,0,1900.0,A01,138Â 295Â 433,8.0,8.0,-1.0,1645944,1.0,7,,0.0,2.0,1.0,A01,138Â 295Â 433,1.0
964387,201900005918,6,6,13:05,1,2,1,1.0,2.0,76231,RN 840 (RUE DU NEUBOURG),M,"49,2796800","1,0073400",76,2019,50.0,1.0,1.0,3.0,2155556,1.0,1,1,1,5.0,,-1.0,0,1999.0,B01,138Â 295Â 430,1.0,0.0,-1.0,1645945,0.0,7,,0.0,2.0,4.0,B01,138Â 295Â 430,1.0
964387,201900005918,6,6,13:05,1,2,1,1.0,2.0,76231,RN 840 (RUE DU NEUBOURG),M,"49,2796800","1,0073400",76,2019,50.0,1.0,1.0,3.0,2155556,1.0,1,1,1,5.0,,-1.0,0,1999.0,B01,138Â 295Â 430,1.0,0.0,-1.0,1645946,0.0,7,,0.0,2.0,1.0,A01,138Â 295Â 431,1.0
964387,201900005918,6,6,13:05,1,2,1,1.0,2.0,76231,RN 840 (RUE DU NEUBOURG),M,"49,2796800","1,0073400",76,2019,50.0,1.0,1.0,3.0,2155557,1.0,1,4,1,5.0,,-1.0,0,1981.0,A01,138Â 295Â 431,1.0,0.0,-1.0,1645945,0.0,7,,0.0,2.0,4.0,B01,138Â 295Â 430,1.0
964387,201900005918,6,6,13:05,1,2,1,1.0,2.0,76231,RN 840 (RUE DU NEUBOURG),M,"49,2796800","1,0073400",76,2019,50.0,1.0,1.0,3.0,2155557,1.0,1,4,1,5.0,,-1.0,0,1981.0,A01,138Â 295Â 431,1.0,0.0,-1.0,1645946,0.0,7,,0.0,2.0,1.0,A01,138Â 295Â 431,1.0
964388,201900005919,9,16,13:25,1,2,1,1.0,6.0,45284,AV DENIS PAPIN,M,"47,9123860","1,9471900",45,2019,50.0,1.0,1.0,4.0,2155558,1.0,1,1,1,2.0,,0.0,0,2000.0,A01,138Â 295Â 427,1.0,0.0,-1.0,1645947,1.0,7,,0.0,1.0,2.0,A01,138Â 295Â 427,1.0
964388,201900005919,9,16,13:25,1,2,1,1.0,6.0,45284,AV DENIS PAPIN,M,"47,9123860","1,9471900",45,2019,50.0,1.0,1.0,4.0,2155559,10.0,3,4,1,9.0,,2.0,3,2002.0,A01,138Â 295Â 427,8.0,0.0,-1.0,1645947,1.0,7,,0.0,1.0,2.0,A01,138Â 295Â 427,1.0
964389,201900005920,9,16,09:25,1,2,1,1.0,2.0,45284,AV DE VERDUN - Giratoire DIOR,M,"47,9241081","1,9920721",45,2019,50.0,1.0,1.0,4.0,2155560,1.0,1,4,2,1.0,,-1.0, -1,1996.0,A01,138Â 295Â 425,1.0,0.0,-1.0,1645948,3.0,7,,0.0,2.0,1.0,A01,138Â 295Â 425,1.0
964389,201900005920,9,16,09:25,1,2,1,1.0,2.0,45284,AV DE VERDUN - Giratoire DIOR,M,"47,9241081","1,9920721",45,2019,50.0,1.0,1.0,4.0,2155560,1.0,1,4,2,1.0,,-1.0, -1,1996.0,A01,138Â 295Â 425,1.0,0.0,-1.0,1645949,3.0,7,,0.0,2.0,4.0,B01,138Â 295Â 426,1.0
964389,201900005920,9,16,09:25,1,2,1,1.0,2.0,45284,AV DE VERDUN - Giratoire DIOR,M,"47,9241081","1,9920721",45,2019,50.0,1.0,1.0,4.0,2155561,1.0,1,1,1,1.0,,0.0,0,1980.0,B01,138Â 295Â 426,1.0,0.0,-1.0,1645948,3.0,7,,0.0,2.0,1.0,A01,138Â 295Â 425,1.0
964389,201900005920,9,16,09:25,1,2,1,1.0,2.0,45284,AV DE VERDUN - Giratoire DIOR,M,"47,9241081","1,9920721",45,2019,50.0,1.0,1.0,4.0,2155561,1.0,1,1,1,1.0,,0.0,0,1980.0,B01,138Â 295Â 426,1.0,0.0,-1.0,1645949,3.0,7,,0.0,2.0,4.0,B01,138Â 295Â 426,1.0
964390,201900005921,6,19,18:45,2,2,1,1.0,6.0,37261,CURIE (RUE PIERRE ET MARIE),M,"47,4286345","0,6851494",37,2019,50.0,1.0,1.0,4.0,2155562,1.0,1,4,1,5.0,,-1.0,0,1939.0,A01,138Â 295Â 424,1.0,8.0,-1.0,1645950,1.0,7,,4.0,0.0,2.0,A01,138Â 295Â 424,1.0
964390,201900005921,6,19,18:45,2,2,1,1.0,6.0,37261,CURIE (RUE PIERRE ET MARIE),M,"47,4286345","0,6851494",37,2019,50.0,1.0,1.0,4.0,2155563,3.0,2,4,2,0.0,,-1.0, -1,1941.0,A01,138Â 295Â 424,1.0,0.0,-1.0,1645950,1.0,7,,4.0,0.0,2.0,A01,138Â 295Â 424,1.0
964391,201900005922,9,16,16:00,1,2,1,1.0,3.0,34172,BRET (ROND-POINT PAUL-LOUIS),M,"43,5765700","3,8732000",34,2019,50.0,1.0,1.0,4.0,2155564,1.0,1,1,1,0.0,,0.0,0,1980.0,B01,138Â 295Â 420,1.0,8.0,-1.0,1645951,0.0,7,,0.0,2.0,6.0,B01,138Â 295Â 420,1.0
964391,201900005922,9,16,16:00,1,2,1,1.0,3.0,34172,BRET (ROND-POINT PAUL-LOUIS),M,"43,5765700","3,8732000",34,2019,50.0,1.0,1.0,4.0,2155564,1.0,1,1,1,0.0,,0.0,0,1980.0,B01,138Â 295Â 420,1.0,8.0,-1.0,1645952,0.0,33,,0.0,2.0,0.0,A01,138Â 295Â 421,1.0
964391,201900005922,9,16,16:00,1,2,1,1.0,3.0,34172,BRET (ROND-POINT PAUL-LOUIS),M,"43,5765700","3,8732000",34,2019,50.0,1.0,1.0,4.0,2155565,1.0,1,3,1,0.0,,0.0,0,1959.0,A01,138Â 295Â 421,2.0,8.0,-1.0,1645951,0.0,7,,0.0,2.0,6.0,B01,138Â 295Â 420,1.0
964391,201900005922,9,16,16:00,1,2,1,1.0,3.0,34172,BRET (ROND-POINT PAUL-LOUIS),M,"43,5765700","3,8732000",34,2019,50.0,1.0,1.0,4.0,2155565,1.0,1,3,1,0.0,,0.0,0,1959.0,A01,138Â 295Â 421,2.0,8.0,-1.0,1645952,0.0,33,,0.0,2.0,0.0,A01,138Â 295Â 421,1.0
964392,201900005923,9,17,16:55,1,2,1,1.0,6.0,29232,TERRE NOIRE RUE DE LA,M,"47,9978500"," -4,1261200",29,2019,30.0,2.0,1.0,4.0,2155566,10.0,3,4,1,2.0,,3.0,5,2016.0,A01,138Â 295Â 419,8.0,0.0,-1.0,1645953,0.0,7,,0.0,1.0,2.0,A01,138Â 295Â 419,0.0
964392,201900005923,9,17,16:55,1,2,1,1.0,6.0,29232,TERRE NOIRE RUE DE LA,M,"47,9978500"," -4,1261200",29,2019,30.0,2.0,1.0,4.0,2155567,1.0,1,1,1,0.0,,-1.0,0,1960.0,A01,138Â 295Â 419,8.0,0.0,-1.0,1645953,0.0,7,,0.0,1.0,2.0,A01,138Â 295Â 419,0.0
964393,201900005924,9,17,06:27,2,2,3,1.0,3.0,13206,TOULON (AVENUE DE),M,"43,2850300","5,3896900",13,2019,50.0,1.0,1.0,4.0,2155568,1.0,1,1,1,4.0,,-1.0, -1,1968.0,A01,138Â 295Â 417,1.0,0.0,-1.0,1645954,1.0,37,1.0,0.0,2.0,2.0,A01,138Â 295Â 417,1.0
964393,201900005924,9,17,06:27,2,2,3,1.0,3.0,13206,TOULON (AVENUE DE),M,"43,2850300","5,3896900",13,2019,50.0,1.0,1.0,4.0,2155568,1.0,1,1,1,4.0,,-1.0, -1,1968.0,A01,138Â 295Â 417,1.0,0.0,-1.0,1645955,1.0,1,,0.0,2.0,1.0,B01,138Â 295Â 418,5.0
964393,201900005924,9,17,06:27,2,2,3,1.0,3.0,13206,TOULON (AVENUE DE),M,"43,2850300","5,3896900",13,2019,50.0,1.0,1.0,4.0,2155569,1.0,1,3,1,1.0,,-1.0, -1,1975.0,B01,138Â 295Â 418,8.0,0.0,-1.0,1645954,1.0,37,1.0,0.0,2.0,2.0,A01,138Â 295Â 417,1.0
964393,201900005924,9,17,06:27,2,2,3,1.0,3.0,13206,TOULON (AVENUE DE),M,"43,2850300","5,3896900",13,2019,50.0,1.0,1.0,4.0,2155569,1.0,1,3,1,1.0,,-1.0, -1,1975.0,B01,138Â 295Â 418,8.0,0.0,-1.0,1645955,1.0,1,,0.0,2.0,1.0,B01,138Â 295Â 418,5.0
964394,201900005925,9,16,13:25,1,2,1,1.0,6.0,13201,FLAMMARION (BOULEVARD)     1 A 65,M,"43,3042200","5,3885200",13,2019,50.0,1.0,1.0,4.0,2155570,10.0,3,4,1,5.0,,2.0,3,1929.0,A01,138Â 295Â 416,8.0,0.0,-1.0,1645956,1.0,32,,0.0,1.0,1.0,A01,138Â 295Â 416,0.0
964394,201900005925,9,16,13:25,1,2,1,1.0,6.0,13201,FLAMMARION (BOULEVARD)     1 A 65,M,"43,3042200","5,3885200",13,2019,50.0,1.0,1.0,4.0,2155571,1.0,1,1,1,0.0,,-1.0, -1,1900.0,A01,138Â 295Â 416,2.0,0.0,-1.0,1645956,1.0,32,,0.0,1.0,1.0,A01,138Â 295Â 416,0.0
964395,201900005926,9,12,13:15,1,2,6,1.0,3.0,13047,AFPA,M,"43,4907100","4,9861300",13,2019,50.0,1.0,1.0,4.0,2155572,1.0,1,1,1,4.0,,-1.0, -1,1999.0,A01,138Â 295Â 414,1.0,8.0,-1.0,1645957,3.0,7,,0.0,2.0,1.0,A01,138Â 295Â 414,1.0
964395,201900005926,9,12,13:15,1,2,6,1.0,3.0,13047,AFPA,M,"43,4907100","4,9861300",13,2019,50.0,1.0,1.0,4.0,2155572,1.0,1,1,1,4.0,,-1.0, -1,1999.0,A01,138Â 295Â 414,1.0,8.0,-1.0,1645958,3.0,7,,0.0,2.0,7.0,B01,138Â 295Â 415,1.0
964395,201900005926,9,12,13:15,1,2,6,1.0,3.0,13047,AFPA,M,"43,4907100","4,9861300",13,2019,50.0,1.0,1.0,4.0,2155573,2.0,2,4,2,0.0,,-1.0, -1,1950.0,B01,138Â 295Â 415,1.0,8.0,-1.0,1645957,3.0,7,,0.0,2.0,1.0,A01,138Â 295Â 414,1.0
964395,201900005926,9,12,13:15,1,2,6,1.0,3.0,13047,AFPA,M,"43,4907100","4,9861300",13,2019,50.0,1.0,1.0,4.0,2155573,2.0,2,4,2,0.0,,-1.0, -1,1950.0,B01,138Â 295Â 415,1.0,8.0,-1.0,1645958,3.0,7,,0.0,2.0,7.0,B01,138Â 295Â 415,1.0
964395,201900005926,9,12,13:15,1,2,6,1.0,3.0,13047,AFPA,M,"43,4907100","4,9861300",13,2019,50.0,1.0,1.0,4.0,2155574,1.0,1,1,2,0.0,,-1.0, -1,1958.0,B01,138Â 295Â 415,1.0,8.0,-1.0,1645957,3.0,7,,0.0,2.0,1.0,A01,138Â 295Â 414,1.0
964395,201900005926,9,12,13:15,1,2,6,1.0,3.0,13047,AFPA,M,"43,4907100","4,9861300",13,2019,50.0,1.0,1.0,4.0,2155574,1.0,1,1,2,0.0,,-1.0, -1,1958.0,B01,138Â 295Â 415,1.0,8.0,-1.0,1645958,3.0,7,,0.0,2.0,7.0,B01,138Â 295Â 415,1.0
964396,201900005927,9,16,14:57,1,2,2,1.0,3.0,98735,POMARE (BVD),M,"17,3238000","149,3437000",987,2019,50.0,1.0,1.0,4.0,2155575,1.0,1,3,1,0.0,,-1.0, -1,1992.0,B01,138Â 295Â 412,1.0,0.0,-1.0,1645959,1.0,7,,0.0,2.0,7.0,B01,138Â 295Â 412,1.0
964396,201900005927,9,16,14:57,1,2,2,1.0,3.0,98735,POMARE (BVD),M,"17,3238000","149,3437000",987,2019,50.0,1.0,1.0,4.0,2155575,1.0,1,3,1,0.0,,-1.0, -1,1992.0,B01,138Â 295Â 412,1.0,0.0,-1.0,1645960,3.0,10,,0.0,2.0,5.0,A01,138Â 295Â 413,0.0
964396,201900005927,9,16,14:57,1,2,2,1.0,3.0,98735,POMARE (BVD),M,"17,3238000","149,3437000",987,2019,50.0,1.0,1.0,4.0,2155576,1.0,1,1,1,9.0,,-1.0, -1,1952.0,A01,138Â 295Â 413,1.0,8.0,-1.0,1645959,1.0,7,,0.0,2.0,7.0,B01,138Â 295Â 412,1.0
964396,201900005927,9,16,14:57,1,2,2,1.0,3.0,98735,POMARE (BVD),M,"17,3238000","149,3437000",987,2019,50.0,1.0,1.0,4.0,2155576,1.0,1,1,1,9.0,,-1.0, -1,1952.0,A01,138Â 295Â 413,1.0,8.0,-1.0,1645960,3.0,10,,0.0,2.0,5.0,A01,138Â 295Â 413,0.0
964397,201900005928,9,17,07:10,1,2,1,1.0,2.0,97416,RN2 (1),M," -21,3325100","55,4805400",974,2019,50.0,1.0,1.0,2.0,2155577,1.0,1,4,1,1.0,,-1.0, -1,1975.0,A01,138Â 295Â 410,1.0,-1.0,-1.0,1645961,3.0,10,,0.0,2.0,1.0,A01,138Â 295Â 410,1.0
964397,201900005928,9,17,07:10,1,2,1,1.0,2.0,97416,RN2 (1),M," -21,3325100","55,4805400",974,2019,50.0,1.0,1.0,2.0,2155577,1.0,1,4,1,1.0,,-1.0, -1,1975.0,A01,138Â 295Â 410,1.0,-1.0,-1.0,1645962,3.0,7,,0.0,2.0,4.0,B01,138Â 295Â 411,1.0
964397,201900005928,9,17,07:10,1,2,1,1.0,2.0,97416,RN2 (1),M," -21,3325100","55,4805400",974,2019,50.0,1.0,1.0,2.0,2155578,1.0,1,1,1,1.0,,-1.0, -1,1983.0,B01,138Â 295Â 411,1.0,8.0,-1.0,1645961,3.0,10,,0.0,2.0,1.0,A01,138Â 295Â 410,1.0
964397,201900005928,9,17,07:10,1,2,1,1.0,2.0,97416,RN2 (1),M," -21,3325100","55,4805400",974,2019,50.0,1.0,1.0,2.0,2155578,1.0,1,1,1,1.0,,-1.0, -1,1983.0,B01,138Â 295Â 411,1.0,8.0,-1.0,1645962,3.0,7,,0.0,2.0,4.0,B01,138Â 295Â 411,1.0
964397,201900005928,9,17,07:10,1,2,1,1.0,2.0,97416,RN2 (1),M," -21,3325100","55,4805400",974,2019,50.0,1.0,1.0,2.0,2155579,2.0,2,4,1,2.0,,-1.0, -1,2006.0,B01,138Â 295Â 411,1.0,8.0,-1.0,1645961,3.0,10,,0.0,2.0,1.0,A01,138Â 295Â 410,1.0
964397,201900005928,9,17,07:10,1,2,1,1.0,2.0,97416,RN2 (1),M," -21,3325100","55,4805400",974,2019,50.0,1.0,1.0,2.0,2155579,2.0,2,4,1,2.0,,-1.0, -1,2006.0,B01,138Â 295Â 411,1.0,8.0,-1.0,1645962,3.0,7,,0.0,2.0,4.0,B01,138Â 295Â 411,1.0
964398,201900005929,9,17,17:15,1,2,3,1.0,3.0,69383,AUBIGNY (D')                        (R ),M,"45,7613000","4,8673800",69,2019,50.0,1.0,1.0,4.0,2155580,1.0,1,4,1,0.0,,-1.0,0,1976.0,B01,138Â 295Â 406,8.0,0.0,-1.0,1645963,2.0,1,,0.0,2.0,1.0,B01,138Â 295Â 406,0.0
964398,201900005929,9,17,17:15,1,2,3,1.0,3.0,69383,AUBIGNY (D')                        (R ),M,"45,7613000","4,8673800",69,2019,50.0,1.0,1.0,4.0,2155580,1.0,1,4,1,0.0,,-1.0,0,1976.0,B01,138Â 295Â 406,8.0,0.0,-1.0,1645964,1.0,7,,0.0,2.0,3.0,A01,138Â 295Â 407,0.0
964398,201900005929,9,17,17:15,1,2,3,1.0,3.0,69383,AUBIGNY (D')                        (R ),M,"45,7613000","4,8673800",69,2019,50.0,1.0,1.0,4.0,2155581,1.0,1,1,1,0.0,,-1.0,0,2000.0,A01,138Â 295Â 407,8.0,0.0,-1.0,1645963,2.0,1,,0.0,2.0,1.0,B01,138Â 295Â 406,0.0
964398,201900005929,9,17,17:15,1,2,3,1.0,3.0,69383,AUBIGNY (D')                        (R ),M,"45,7613000","4,8673800",69,2019,50.0,1.0,1.0,4.0,2155581,1.0,1,1,1,0.0,,-1.0,0,2000.0,A01,138Â 295Â 407,8.0,0.0,-1.0,1645964,1.0,7,,0.0,2.0,3.0,A01,138Â 295Â 407,0.0
964399,201900005930,9,17,16:10,1,2,1,1.0,6.0,69199,CARNOT                              (R ),M,"45,7081500","4,8569800",69,2019,30.0,1.0,1.0,4.0,2155582,1.0,1,1,1,0.0,,-1.0, -1,1986.0,A01,138Â 295Â 405,1.0,0.0,-1.0,1645965,1.0,7,,0.0,1.0,1.0,A01,138Â 295Â 405,0.0
964399,201900005930,9,17,16:10,1,2,1,1.0,6.0,69199,CARNOT                              (R ),M,"45,7081500","4,8569800",69,2019,30.0,1.0,1.0,4.0,2155583,10.0,3,4,1,2.0,,2.0,3,2012.0,A01,138Â 295Â 405,8.0,0.0,-1.0,1645965,1.0,7,,0.0,1.0,1.0,A01,138Â 295Â 405,0.0
964400,201900005931,9,17,06:05,5,2,2,1.0,6.0,69387,JEAN JAURES                         (AV),M,"45,7360900","4,8364600",69,2019,50.0,1.0,1.0,7.0,2155584,1.0,1,3,1,0.0,,-1.0, -1,1900.0,A01,138Â 295Â 404,2.0,0.0,-1.0,1645966,1.0,34,,1.0,0.0,7.0,A01,138Â 295Â 404,1.0
964400,201900005931,9,17,06:05,5,2,2,1.0,6.0,69387,JEAN JAURES                         (AV),M,"45,7360900","4,8364600",69,2019,50.0,1.0,1.0,7.0,2155585,2.0,2,3,1,0.0,,-1.0,0,1981.0,A01,138Â 295Â 404,2.0,0.0,-1.0,1645966,1.0,34,,1.0,0.0,7.0,A01,138Â 295Â 404,1.0
964401,201900005932,9,17,17:40,1,2,1,1.0,2.0,69385,ANTIQUAILLE (DE L')                 (R ),M,"45,7582500","4,8211000",69,2019,50.0,1.0,1.0,4.0,2155586,1.0,1,4,1,4.0,,-1.0, -1,1989.0,A01,138Â 295Â 402,2.0,0.0,-1.0,1645967,2.0,1,,0.0,2.0,1.0,A01,138Â 295Â 402,5.0
964401,201900005932,9,17,17:40,1,2,1,1.0,2.0,69385,ANTIQUAILLE (DE L')                 (R ),M,"45,7582500","4,8211000",69,2019,50.0,1.0,1.0,4.0,2155586,1.0,1,4,1,4.0,,-1.0, -1,1989.0,A01,138Â 295Â 402,2.0,0.0,-1.0,1645968,2.0,7,,0.0,2.0,4.0,B01,138Â 295Â 403,1.0
964401,201900005932,9,17,17:40,1,2,1,1.0,2.0,69385,ANTIQUAILLE (DE L')                 (R ),M,"45,7582500","4,8211000",69,2019,50.0,1.0,1.0,4.0,2155587,1.0,1,1,1,5.0,,-1.0,0,1965.0,B01,138Â 295Â 403,1.0,0.0,-1.0,1645967,2.0,1,,0.0,2.0,1.0,A01,138Â 295Â 402,5.0
964401,201900005932,9,17,17:40,1,2,1,1.0,2.0,69385,ANTIQUAILLE (DE L')                 (R ),M,"45,7582500","4,8211000",69,2019,50.0,1.0,1.0,4.0,2155587,1.0,1,1,1,5.0,,-1.0,0,1965.0,B01,138Â 295Â 403,1.0,0.0,-1.0,1645968,2.0,7,,0.0,2.0,4.0,B01,138Â 295Â 403,1.0