Unnamed: 0_x,num_acc,mois,jour,hrmn,lum,agg,int,atm,col,com,adr,gps,lat,long,dep,annee,vma,situ,surf,catr,Unnamed: 0_y,place,catu,grav,sexe,trajet,secu,locp,actp,an_nais,num_veh_x,id_vehicule_x,secu1,secu2,secu3,Unnamed: 0,senc,catv,occutc,obs,obsm,choc,num_veh_y,id_vehicule_y,motor
964402,201900005933,9,11,05:12,5,2,6,1.0,6.0,95280,112 AV GEORGES BRASSENS,M,"49,0433000","2,4612400",95,2019,50.0,4.0,1.0,4.0,2155588,1.0,1,4,1,5.0,,-1.0,0,1999.0,A01,138Â 295Â 401,0.0,0.0,-1.0,1645969,1.0,7,,6.0,0.0,1.0,A01,138Â 295Â 401,1.0
964402,201900005933,9,11,05:12,5,2,6,1.0,6.0,95280,112 AV GEORGES BRASSENS,M,"49,0433000","2,4612400",95,2019,50.0,4.0,1.0,4.0,2155589,2.0,2,3,1,5.0,,-1.0,0,1999.0,A01,138Â 295Â 401,0.0,0.0,-1.0,1645969,1.0,7,,6.0,0.0,1.0,A01,138Â 295Â 401,1.0
964402,201900005933,9,11,05:12,5,2,6,1.0,6.0,95280,112 AV GEORGES BRASSENS,M,"49,0433000","2,4612400",95,2019,50.0,4.0,1.0,4.0,2155590,4.0,2,2,2,5.0,,-1.0,0,1995.0,A01,138Â 295Â 401,0.0,0.0,-1.0,1645969,1.0,7,,6.0,0.0,1.0,A01,138Â 295Â 401,1.0
964403,201900005934,9,17,18:30,1,2,1,7.0,6.0,91326,PAUL MARAIS (RUE),M,"48,6899090","2,3769180",91,2019,30.0,1.0,1.0,4.0,2155591,1.0,1,1,2,1.0,,0.0,0,1993.0,A01,138Â 295Â 400,1.0,0.0,-1.0,1645970,1.0,10,,0.0,1.0,1.0,A01,138Â 295Â 400,1.0
964403,201900005934,9,17,18:30,1,2,1,7.0,6.0,91326,PAUL MARAIS (RUE),M,"48,6899090","2,3769180",91,2019,30.0,1.0,1.0,4.0,2155592,10.0,3,4,1,5.0,,3.0,3,1940.0,A01,138Â 295Â 400,8.0,0.0,-1.0,1645970,1.0,10,,0.0,1.0,1.0,A01,138Â 295Â 400,1.0
964404,201900005935,9,17,08:20,1,2,2,1.0,3.0,91657,HENRI DUVERNOIS (RUE),M,"48,6960400","2,4360700",91,2019,50.0,1.0,1.0,4.0,2155593,1.0,1,4,1,0.0,,0.0,0,1964.0,B01,138Â 295Â 398,1.0,0.0,-1.0,1645971,1.0,7,,0.0,2.0,3.0,B01,138Â 295Â 398,1.0
964404,201900005935,9,17,08:20,1,2,2,1.0,3.0,91657,HENRI DUVERNOIS (RUE),M,"48,6960400","2,4360700",91,2019,50.0,1.0,1.0,4.0,2155593,1.0,1,4,1,0.0,,0.0,0,1964.0,B01,138Â 295Â 398,1.0,0.0,-1.0,1645972,1.0,7,,0.0,2.0,2.0,A01,138Â 295Â 399,1.0
964404,201900005935,9,17,08:20,1,2,2,1.0,3.0,91657,HENRI DUVERNOIS (RUE),M,"48,6960400","2,4360700",91,2019,50.0,1.0,1.0,4.0,2155594,1.0,1,4,1,0.0,,0.0,0,1958.0,A01,138Â 295Â 399,1.0,0.0,-1.0,1645971,1.0,7,,0.0,2.0,3.0,B01,138Â 295Â 398,1.0
964404,201900005935,9,17,08:20,1,2,2,1.0,3.0,91657,HENRI DUVERNOIS (RUE),M,"48,6960400","2,4360700",91,2019,50.0,1.0,1.0,4.0,2155594,1.0,1,4,1,0.0,,0.0,0,1958.0,A01,138Â 295Â 399,1.0,0.0,-1.0,1645972,1.0,7,,0.0,2.0,2.0,A01,138Â 295Â 399,1.0
964405,201900005936,9,17,11:00,1,2,9,1.0,3.0,91174,BRIAND(ALLEE ARISTIDE),M,"48,6115700","2,4771900",91,2019,50.0,1.0,1.0,4.0,2155595,1.0,1,1,1,4.0,,-1.0, -1,2004.0,B01,138Â 295Â 396,1.0,0.0,-1.0,1645973,3.0,20,,0.0,2.0,7.0,B01,138Â 295Â 396,1.0
964405,201900005936,9,17,11:00,1,2,9,1.0,3.0,91174,BRIAND(ALLEE ARISTIDE),M,"48,6115700","2,4771900",91,2019,50.0,1.0,1.0,4.0,2155595,1.0,1,1,1,4.0,,-1.0, -1,2004.0,B01,138Â 295Â 396,1.0,0.0,-1.0,1645974,3.0,60,,0.0,2.0,8.0,A01,138Â 295Â 397,6.0
964405,201900005936,9,17,11:00,1,2,9,1.0,3.0,91174,BRIAND(ALLEE ARISTIDE),M,"48,6115700","2,4771900",91,2019,50.0,1.0,1.0,4.0,2155596,1.0,1,4,2,5.0,,-1.0, -1,1929.0,A01,138Â 295Â 397,2.0,0.0,-1.0,1645973,3.0,20,,0.0,2.0,7.0,B01,138Â 295Â 396,1.0
964405,201900005936,9,17,11:00,1,2,9,1.0,3.0,91174,BRIAND(ALLEE ARISTIDE),M,"48,6115700","2,4771900",91,2019,50.0,1.0,1.0,4.0,2155596,1.0,1,4,2,5.0,,-1.0, -1,1929.0,A01,138Â 295Â 397,2.0,0.0,-1.0,1645974,3.0,60,,0.0,2.0,8.0,A01,138Â 295Â 397,6.0
964406,201900005937,9,17,05:54,5,2,2,1.0,2.0,87085,BEAUBLANC (BOULEVARD DE),M,"45,8479700","1,2453300",87,2019,50.0,1.0,1.0,4.0,2155597,1.0,1,4,2,1.0,,0.0,0,1966.0,B01,138Â 295Â 394,1.0,0.0,-1.0,1645975,2.0,7,,0.0,2.0,4.0,B01,138Â 295Â 394,1.0
964406,201900005937,9,17,05:54,5,2,2,1.0,2.0,87085,BEAUBLANC (BOULEVARD DE),M,"45,8479700","1,2453300",87,2019,50.0,1.0,1.0,4.0,2155597,1.0,1,4,2,1.0,,0.0,0,1966.0,B01,138Â 295Â 394,1.0,0.0,-1.0,1645976,2.0,7,,0.0,2.0,1.0,A01,138Â 295Â 395,1.0
964406,201900005937,9,17,05:54,5,2,2,1.0,2.0,87085,BEAUBLANC (BOULEVARD DE),M,"45,8479700","1,2453300",87,2019,50.0,1.0,1.0,4.0,2155598,1.0,1,1,1,1.0,,0.0,0,1992.0,A01,138Â 295Â 395,1.0,0.0,-1.0,1645975,2.0,7,,0.0,2.0,4.0,B01,138Â 295Â 394,1.0
964406,201900005937,9,17,05:54,5,2,2,1.0,2.0,87085,BEAUBLANC (BOULEVARD DE),M,"45,8479700","1,2453300",87,2019,50.0,1.0,1.0,4.0,2155598,1.0,1,1,1,1.0,,0.0,0,1992.0,A01,138Â 295Â 395,1.0,0.0,-1.0,1645976,2.0,7,,0.0,2.0,1.0,A01,138Â 295Â 395,1.0
964407,201900005938,9,13,12:00,1,2,1,1.0,6.0,83062,GANCE (AVENUE ABEL),M,"43,1158600","5,9859200",83,2019,50.0,1.0,1.0,3.0,2155599,1.0,1,4,1,0.0,,0.0,0,1968.0,A01,138Â 295Â 392,2.0,8.0,-1.0,1645977,1.0,34,,0.0,2.0,0.0,A01,138Â 295Â 392,1.0
964407,201900005938,9,13,12:00,1,2,1,1.0,6.0,83062,GANCE (AVENUE ABEL),M,"43,1158600","5,9859200",83,2019,50.0,1.0,1.0,3.0,2155599,1.0,1,4,1,0.0,,0.0,0,1968.0,A01,138Â 295Â 392,2.0,8.0,-1.0,1645978,1.0,7,,0.0,0.0,0.0,B01,138Â 295Â 393,1.0
964407,201900005938,9,13,12:00,1,2,1,1.0,6.0,83062,GANCE (AVENUE ABEL),M,"43,1158600","5,9859200",83,2019,50.0,1.0,1.0,3.0,2155600,1.0,1,1,2,1.0,,-1.0,0,1974.0,B01,138Â 295Â 393,1.0,0.0,-1.0,1645977,1.0,34,,0.0,2.0,0.0,A01,138Â 295Â 392,1.0
964407,201900005938,9,13,12:00,1,2,1,1.0,6.0,83062,GANCE (AVENUE ABEL),M,"43,1158600","5,9859200",83,2019,50.0,1.0,1.0,3.0,2155600,1.0,1,1,2,1.0,,-1.0,0,1974.0,B01,138Â 295Â 393,1.0,0.0,-1.0,1645978,1.0,7,,0.0,0.0,0.0,B01,138Â 295Â 393,1.0
964408,201900005939,9,12,21:09,5,2,2,1.0,1.0,78621,NATIONALE 10 (ROUTE),M,"48,7737600","1,9938900",78,2019,50.0,1.0,1.0,2.0,2155601,1.0,1,3,1,5.0,,0.0,0,1981.0,B01,138Â 295Â 384,8.0,0.0,-1.0,1645979,0.0,60,,0.0,2.0,7.0,B01,138Â 295Â 384,0.0
964408,201900005939,9,12,21:09,5,2,2,1.0,1.0,78621,NATIONALE 10 (ROUTE),M,"48,7737600","1,9938900",78,2019,50.0,1.0,1.0,2.0,2155601,1.0,1,3,1,5.0,,0.0,0,1981.0,B01,138Â 295Â 384,8.0,0.0,-1.0,1645980,2.0,7,,0.0,1.0,1.0,A01,138Â 295Â 385,0.0
964409,201900005940,9,17,07:50,1,2,1,1.0,3.0,77118,8 MAI 1945 (RUE DU),M,"48,9486000","2,6792100",77,2019,30.0,1.0,1.0,4.0,2155602,1.0,1,4,1,2.0,,-1.0,0,2008.0,B01,138Â 295Â 382,8.0,0.0,-1.0,1645981,3.0,1,,0.0,2.0,4.0,B01,138Â 295Â 382,0.0
964409,201900005940,9,17,07:50,1,2,1,1.0,3.0,77118,8 MAI 1945 (RUE DU),M,"48,9486000","2,6792100",77,2019,30.0,1.0,1.0,4.0,2155602,1.0,1,4,1,2.0,,-1.0,0,2008.0,B01,138Â 295Â 382,8.0,0.0,-1.0,1645982,3.0,7,,0.0,2.0,3.0,A01,138Â 295Â 383,1.0
964409,201900005940,9,17,07:50,1,2,1,1.0,3.0,77118,8 MAI 1945 (RUE DU),M,"48,9486000","2,6792100",77,2019,30.0,1.0,1.0,4.0,2155603,1.0,1,1,1,0.0,,-1.0, -1,1983.0,A01,138Â 295Â 383,1.0,0.0,-1.0,1645981,3.0,1,,0.0,2.0,4.0,B01,138Â 295Â 382,0.0
964409,201900005940,9,17,07:50,1,2,1,1.0,3.0,77118,8 MAI 1945 (RUE DU),M,"48,9486000","2,6792100",77,2019,30.0,1.0,1.0,4.0,2155603,1.0,1,1,1,0.0,,-1.0, -1,1983.0,A01,138Â 295Â 383,1.0,0.0,-1.0,1645982,3.0,7,,0.0,2.0,3.0,A01,138Â 295Â 383,1.0
964410,201900005941,9,15,18:58,1,2,6,7.0,3.0,77445,D151 X AV DU CLOCHER,M,"48,5846400","2,5817300",77,2019,50.0,3.0,1.0,3.0,2155604,10.0,3,4,1,5.0,,2.0,3,1997.0,B01,138Â 295Â 380,8.0,0.0,-1.0,1645983,1.0,50,,0.0,2.0,7.0,B01,138Â 295Â 380,3.0
964410,201900005941,9,15,18:58,1,2,6,7.0,3.0,77445,D151 X AV DU CLOCHER,M,"48,5846400","2,5817300",77,2019,50.0,3.0,1.0,3.0,2155604,10.0,3,4,1,5.0,,2.0,3,1997.0,B01,138Â 295Â 380,8.0,0.0,-1.0,1645984,1.0,7,,0.0,1.0,1.0,A01,138Â 295Â 381,1.0
964410,201900005941,9,15,18:58,1,2,6,7.0,3.0,77445,D151 X AV DU CLOCHER,M,"48,5846400","2,5817300",77,2019,50.0,3.0,1.0,3.0,2155605,1.0,1,1,2,5.0,,-1.0,0,1952.0,A01,138Â 295Â 381,1.0,0.0,-1.0,1645983,1.0,50,,0.0,2.0,7.0,B01,138Â 295Â 380,3.0
964410,201900005941,9,15,18:58,1,2,6,7.0,3.0,77445,D151 X AV DU CLOCHER,M,"48,5846400","2,5817300",77,2019,50.0,3.0,1.0,3.0,2155605,1.0,1,1,2,5.0,,-1.0,0,1952.0,A01,138Â 295Â 381,1.0,0.0,-1.0,1645984,1.0,7,,0.0,1.0,1.0,A01,138Â 295Â 381,1.0
964411,201900005942,9,16,10:45,1,2,1,7.0,6.0,77131,D222-GAMBETTA (COUR),M,"48,8149500","3,0855000",77,2019,30.0,1.0,1.0,3.0,2155606,10.0,3,3,2,1.0,,3.0,3,1986.0,A01,138Â 295Â 379,8.0,0.0,-1.0,1645985,2.0,7,,0.0,1.0,2.0,A01,138Â 295Â 379,1.0
964411,201900005942,9,16,10:45,1,2,1,7.0,6.0,77131,D222-GAMBETTA (COUR),M,"48,8149500","3,0855000",77,2019,30.0,1.0,1.0,3.0,2155607,1.0,1,1,1,4.0,,-1.0, -1,1958.0,A01,138Â 295Â 379,1.0,0.0,-1.0,1645985,2.0,7,,0.0,1.0,2.0,A01,138Â 295Â 379,1.0
964412,201900005943,9,14,18:30,1,2,1,1.0,3.0,76165,FAURE. RUE FELIX,M,"49,2879300","1,0281900",76,2019,50.0,1.0,1.0,4.0,2155608,1.0,1,1,1,0.0,,-1.0, -1,1995.0,A01,138Â 295Â 375,1.0,0.0,-1.0,1645986,3.0,7,,9.0,2.0,1.0,A01,138Â 295Â 375,1.0
964412,201900005943,9,14,18:30,1,2,1,1.0,3.0,76165,FAURE. RUE FELIX,M,"49,2879300","1,0281900",76,2019,50.0,1.0,1.0,4.0,2155608,1.0,1,1,1,0.0,,-1.0, -1,1995.0,A01,138Â 295Â 375,1.0,0.0,-1.0,1645987,3.0,7,,0.0,2.0,8.0,B01,138Â 295Â 376,1.0
964412,201900005943,9,14,18:30,1,2,1,1.0,3.0,76165,FAURE. RUE FELIX,M,"49,2879300","1,0281900",76,2019,50.0,1.0,1.0,4.0,2155609,2.0,2,4,2,0.0,,-1.0, -1,1955.0,B01,138Â 295Â 376,1.0,0.0,-1.0,1645986,3.0,7,,9.0,2.0,1.0,A01,138Â 295Â 375,1.0
964412,201900005943,9,14,18:30,1,2,1,1.0,3.0,76165,FAURE. RUE FELIX,M,"49,2879300","1,0281900",76,2019,50.0,1.0,1.0,4.0,2155609,2.0,2,4,2,0.0,,-1.0, -1,1955.0,B01,138Â 295Â 376,1.0,0.0,-1.0,1645987,3.0,7,,0.0,2.0,8.0,B01,138Â 295Â 376,1.0
964412,201900005943,9,14,18:30,1,2,1,1.0,3.0,76165,FAURE. RUE FELIX,M,"49,2879300","1,0281900",76,2019,50.0,1.0,1.0,4.0,2155610,1.0,1,4,1,0.0,,-1.0, -1,1949.0,B01,138Â 295Â 376,1.0,0.0,-1.0,1645986,3.0,7,,9.0,2.0,1.0,A01,138Â 295Â 375,1.0
964412,201900005943,9,14,18:30,1,2,1,1.0,3.0,76165,FAURE. RUE FELIX,M,"49,2879300","1,0281900",76,2019,50.0,1.0,1.0,4.0,2155610,1.0,1,4,1,0.0,,-1.0, -1,1949.0,B01,138Â 295Â 376,1.0,0.0,-1.0,1645987,3.0,7,,0.0,2.0,8.0,B01,138Â 295Â 376,1.0
964413,201900005944,9,13,17:51,1,2,1,1.0,3.0,72181,CORDELET LOUIS ( AV),M,"48,0121100","0,1885500",72,2019,50.0,1.0,1.0,4.0,2155611,1.0,1,4,2,0.0,,0.0,0,1984.0,A01,138Â 295Â 373,8.0,0.0,-1.0,1645988,2.0,50,,0.0,2.0,1.0,A01,138Â 295Â 373,3.0
964413,201900005944,9,13,17:51,1,2,1,1.0,3.0,72181,CORDELET LOUIS ( AV),M,"48,0121100","0,1885500",72,2019,50.0,1.0,1.0,4.0,2155611,1.0,1,4,2,0.0,,0.0,0,1984.0,A01,138Â 295Â 373,8.0,0.0,-1.0,1645989,2.0,7,,0.0,2.0,2.0,B01,138Â 295Â 374,1.0
964413,201900005944,9,13,17:51,1,2,1,1.0,3.0,72181,CORDELET LOUIS ( AV),M,"48,0121100","0,1885500",72,2019,50.0,1.0,1.0,4.0,2155612,1.0,1,1,1,0.0,,0.0,0,1963.0,B01,138Â 295Â 374,1.0,0.0,-1.0,1645988,2.0,50,,0.0,2.0,1.0,A01,138Â 295Â 373,3.0
964413,201900005944,9,13,17:51,1,2,1,1.0,3.0,72181,CORDELET LOUIS ( AV),M,"48,0121100","0,1885500",72,2019,50.0,1.0,1.0,4.0,2155612,1.0,1,1,1,0.0,,0.0,0,1963.0,B01,138Â 295Â 374,1.0,0.0,-1.0,1645989,2.0,7,,0.0,2.0,2.0,B01,138Â 295Â 374,1.0
964414,201900005945,9,16,10:30,1,2,3,1.0,3.0,71270,EUROPE (RUE DE L'),M,"46,3004300","4,8242600",71,2019,30.0,1.0,1.0,4.0,2155613,1.0,1,1,1,9.0,,0.0,0,1951.0,B01,138Â 295Â 371,1.0,8.0,-1.0,1645990,1.0,7,,0.0,6.0,1.0,B01,138Â 295Â 371,1.0
964414,201900005945,9,16,10:30,1,2,3,1.0,3.0,71270,EUROPE (RUE DE L'),M,"46,3004300","4,8242600",71,2019,30.0,1.0,1.0,4.0,2155613,1.0,1,1,1,9.0,,0.0,0,1951.0,B01,138Â 295Â 371,1.0,8.0,-1.0,1645991,3.0,1,,0.0,2.0,1.0,A01,138Â 295Â 372,5.0
964414,201900005945,9,16,10:30,1,2,3,1.0,3.0,71270,EUROPE (RUE DE L'),M,"46,3004300","4,8242600",71,2019,30.0,1.0,1.0,4.0,2155614,1.0,1,4,1,0.0,,0.0,0,2000.0,A01,138Â 295Â 372,8.0,0.0,-1.0,1645990,1.0,7,,0.0,6.0,1.0,B01,138Â 295Â 371,1.0
964414,201900005945,9,16,10:30,1,2,3,1.0,3.0,71270,EUROPE (RUE DE L'),M,"46,3004300","4,8242600",71,2019,30.0,1.0,1.0,4.0,2155614,1.0,1,4,1,0.0,,0.0,0,2000.0,A01,138Â 295Â 372,8.0,0.0,-1.0,1645991,3.0,1,,0.0,2.0,1.0,A01,138Â 295Â 372,5.0
964415,201900005946,9,16,19:45,2,2,1,1.0,3.0,71270,Rue de FlacÃ©,M,"46,3109500","4,8339700",71,2019,50.0,2.0,1.0,4.0,2155615,1.0,1,3,1,5.0,,0.0,0,1999.0,B01,138Â 295Â 369,2.0,8.0,-1.0,1645992,3.0,2,,0.0,2.0,1.0,B01,138Â 295Â 369,1.0
964415,201900005946,9,16,19:45,2,2,1,1.0,3.0,71270,Rue de FlacÃ©,M,"46,3109500","4,8339700",71,2019,50.0,2.0,1.0,4.0,2155615,1.0,1,3,1,5.0,,0.0,0,1999.0,B01,138Â 295Â 369,2.0,8.0,-1.0,1645993,3.0,7,,0.0,2.0,2.0,A01,138Â 295Â 370,1.0
964415,201900005946,9,16,19:45,2,2,1,1.0,3.0,71270,Rue de FlacÃ©,M,"46,3109500","4,8339700",71,2019,50.0,2.0,1.0,4.0,2155616,1.0,1,1,2,5.0,,0.0,0,1979.0,A01,138Â 295Â 370,1.0,8.0,-1.0,1645992,3.0,2,,0.0,2.0,1.0,B01,138Â 295Â 369,1.0
964415,201900005946,9,16,19:45,2,2,1,1.0,3.0,71270,Rue de FlacÃ©,M,"46,3109500","4,8339700",71,2019,50.0,2.0,1.0,4.0,2155616,1.0,1,1,2,5.0,,0.0,0,1979.0,A01,138Â 295Â 370,1.0,8.0,-1.0,1645993,3.0,7,,0.0,2.0,2.0,A01,138Â 295Â 370,1.0
964416,201900005947,9,16,11:30,1,2,3,1.0,3.0,69290,PORTE DES ALPES (DE LA) - BD URBAIN (BD),M,"45,7188900","4,9308500",69,2019,50.0,1.0,1.0,4.0,2155617,1.0,1,4,1,3.0,,-1.0, -1,1950.0,B01,138Â 295Â 367,8.0,0.0,-1.0,1645994,3.0,7,,0.0,2.0,3.0,B01,138Â 295Â 367,1.0
964416,201900005947,9,16,11:30,1,2,3,1.0,3.0,69290,PORTE DES ALPES (DE LA) - BD URBAIN (BD),M,"45,7188900","4,9308500",69,2019,50.0,1.0,1.0,4.0,2155617,1.0,1,4,1,3.0,,-1.0, -1,1950.0,B01,138Â 295Â 367,8.0,0.0,-1.0,1645995,3.0,7,,0.0,2.0,2.0,A01,138Â 295Â 368,1.0
964416,201900005947,9,16,11:30,1,2,3,1.0,3.0,69290,PORTE DES ALPES (DE LA) - BD URBAIN (BD),M,"45,7188900","4,9308500",69,2019,50.0,1.0,1.0,4.0,2155618,2.0,2,4,1,3.0,,-1.0, -1,1965.0,B01,138Â 295Â 367,8.0,0.0,-1.0,1645994,3.0,7,,0.0,2.0,3.0,B01,138Â 295Â 367,1.0
964416,201900005947,9,16,11:30,1,2,3,1.0,3.0,69290,PORTE DES ALPES (DE LA) - BD URBAIN (BD),M,"45,7188900","4,9308500",69,2019,50.0,1.0,1.0,4.0,2155618,2.0,2,4,1,3.0,,-1.0, -1,1965.0,B01,138Â 295Â 367,8.0,0.0,-1.0,1645995,3.0,7,,0.0,2.0,2.0,A01,138Â 295Â 368,1.0
964416,201900005947,9,16,11:30,1,2,3,1.0,3.0,69290,PORTE DES ALPES (DE LA) - BD URBAIN (BD),M,"45,7188900","4,9308500",69,2019,50.0,1.0,1.0,4.0,2155619,1.0,1,1,2,4.0,,-1.0, -1,1973.0,A01,138Â 295Â 368,1.0,0.0,-1.0,1645994,3.0,7,,0.0,2.0,3.0,B01,138Â 295Â 367,1.0
964416,201900005947,9,16,11:30,1,2,3,1.0,3.0,69290,PORTE DES ALPES (DE LA) - BD URBAIN (BD),M,"45,7188900","4,9308500",69,2019,50.0,1.0,1.0,4.0,2155619,1.0,1,1,2,4.0,,-1.0, -1,1973.0,A01,138Â 295Â 368,1.0,0.0,-1.0,1645995,3.0,7,,0.0,2.0,2.0,A01,138Â 295Â 368,1.0
964417,201900005948,9,17,13:45,1,2,9,1.0,3.0,68066,INGERSHEIM (ROUTE D'),M,"48,0845500","7,3423900",68,2019,50.0,1.0,1.0,4.0,2155620,1.0,1,1,1,0.0,,-1.0,0,1969.0,A01,138Â 295Â 365,1.0,0.0,-1.0,1645996,2.0,7,,0.0,2.0,7.0,A01,138Â 295Â 365,1.0
964417,201900005948,9,17,13:45,1,2,9,1.0,3.0,68066,INGERSHEIM (ROUTE D'),M,"48,0845500","7,3423900",68,2019,50.0,1.0,1.0,4.0,2155620,1.0,1,1,1,0.0,,-1.0,0,1969.0,A01,138Â 295Â 365,1.0,0.0,-1.0,1645997,1.0,2,,0.0,2.0,1.0,B01,138Â 295Â 366,3.0
964417,201900005948,9,17,13:45,1,2,9,1.0,3.0,68066,INGERSHEIM (ROUTE D'),M,"48,0845500","7,3423900",68,2019,50.0,1.0,1.0,4.0,2155621,1.0,1,3,2,9.0,,-1.0,0,1959.0,B01,138Â 295Â 366,2.0,0.0,-1.0,1645996,2.0,7,,0.0,2.0,7.0,A01,138Â 295Â 365,1.0
964417,201900005948,9,17,13:45,1,2,9,1.0,3.0,68066,INGERSHEIM (ROUTE D'),M,"48,0845500","7,3423900",68,2019,50.0,1.0,1.0,4.0,2155621,1.0,1,3,2,9.0,,-1.0,0,1959.0,B01,138Â 295Â 366,2.0,0.0,-1.0,1645997,1.0,2,,0.0,2.0,1.0,B01,138Â 295Â 366,3.0
964418,201900005949,9,16,16:55,1,2,1,1.0,2.0,68066,INGERSHEIM (ROUTE D'),M,"48,0851500","7,3392200",68,2019,50.0,1.0,1.0,4.0,2155622,1.0,1,1,1,0.0,,-1.0,0,1956.0,B01,138Â 295Â 363,1.0,0.0,-1.0,1645998,2.0,7,,0.0,2.0,4.0,B01,138Â 295Â 363,1.0
964418,201900005949,9,16,16:55,1,2,1,1.0,2.0,68066,INGERSHEIM (ROUTE D'),M,"48,0851500","7,3392200",68,2019,50.0,1.0,1.0,4.0,2155622,1.0,1,1,1,0.0,,-1.0,0,1956.0,B01,138Â 295Â 363,1.0,0.0,-1.0,1645999,1.0,2,,0.0,2.0,1.0,A01,138Â 295Â 364,1.0
964418,201900005949,9,16,16:55,1,2,1,1.0,2.0,68066,INGERSHEIM (ROUTE D'),M,"48,0851500","7,3392200",68,2019,50.0,1.0,1.0,4.0,2155623,2.0,2,4,1,5.0,,-1.0,0,2003.0,A01,138Â 295Â 364,2.0,0.0,-1.0,1645998,2.0,7,,0.0,2.0,4.0,B01,138Â 295Â 363,1.0
964418,201900005949,9,16,16:55,1,2,1,1.0,2.0,68066,INGERSHEIM (ROUTE D'),M,"48,0851500","7,3392200",68,2019,50.0,1.0,1.0,4.0,2155623,2.0,2,4,1,5.0,,-1.0,0,2003.0,A01,138Â 295Â 364,2.0,0.0,-1.0,1645999,1.0,2,,0.0,2.0,1.0,A01,138Â 295Â 364,1.0
964418,201900005949,9,16,16:55,1,2,1,1.0,2.0,68066,INGERSHEIM (ROUTE D'),M,"48,0851500","7,3392200",68,2019,50.0,1.0,1.0,4.0,2155624,1.0,1,4,1,5.0,,-1.0,0,2001.0,A01,138Â 295Â 364,2.0,0.0,-1.0,1645998,2.0,7,,0.0,2.0,4.0,B01,138Â 295Â 363,1.0
964418,201900005949,9,16,16:55,1,2,1,1.0,2.0,68066,INGERSHEIM (ROUTE D'),M,"48,0851500","7,3392200",68,2019,50.0,1.0,1.0,4.0,2155624,1.0,1,4,1,5.0,,-1.0,0,2001.0,A01,138Â 295Â 364,2.0,0.0,-1.0,1645999,1.0,2,,0.0,2.0,1.0,A01,138Â 295Â 364,1.0
964419,201900005950,9,16,22:00,5,2,3,1.0,3.0,67482,LANGUEDOC (RUE DU),M,"48,5459140","7,7569180",67,2019,50.0,1.0,1.0,4.0,2155625,1.0,1,1,1,0.0,,-1.0,0,1943.0,A01,138Â 295Â 361,8.0,0.0,-1.0,1646000,1.0,1,,0.0,2.0,0.0,A01,138Â 295Â 361,5.0
964419,201900005950,9,16,22:00,5,2,3,1.0,3.0,67482,LANGUEDOC (RUE DU),M,"48,5459140","7,7569180",67,2019,50.0,1.0,1.0,4.0,2155625,1.0,1,1,1,0.0,,-1.0,0,1943.0,A01,138Â 295Â 361,8.0,0.0,-1.0,1646001,2.0,1,,0.0,2.0,0.0,B01,138Â 295Â 362,2.0
964419,201900005950,9,16,22:00,5,2,3,1.0,3.0,67482,LANGUEDOC (RUE DU),M,"48,5459140","7,7569180",67,2019,50.0,1.0,1.0,4.0,2155626,1.0,1,4,1,0.0,,-1.0,0,1968.0,B01,138Â 295Â 362,8.0,0.0,-1.0,1646000,1.0,1,,0.0,2.0,0.0,A01,138Â 295Â 361,5.0
964419,201900005950,9,16,22:00,5,2,3,1.0,3.0,67482,LANGUEDOC (RUE DU),M,"48,5459140","7,7569180",67,2019,50.0,1.0,1.0,4.0,2155626,1.0,1,4,1,0.0,,-1.0,0,1968.0,B01,138Â 295Â 362,8.0,0.0,-1.0,1646001,2.0,1,,0.0,2.0,0.0,B01,138Â 295Â 362,2.0
964420,201900005951,9,16,12:20,1,2,1,1.0,6.0,67482,ANVERS (BOULEVARD D ),M,"48,5830960","7,7765010",67,2019,50.0,1.0,1.0,4.0,2155627,1.0,1,1,1,0.0,,-1.0,0,1976.0,A01,138Â 295Â 360,1.0,8.0,-1.0,1646002,1.0,7,,0.0,1.0,1.0,A01,138Â 295Â 360,1.0
964420,201900005951,9,16,12:20,1,2,1,1.0,6.0,67482,ANVERS (BOULEVARD D ),M,"48,5830960","7,7765010",67,2019,50.0,1.0,1.0,4.0,2155628,10.0,3,2,1,0.0,,3.0,3,1923.0,A01,138Â 295Â 360,8.0,0.0,-1.0,1646002,1.0,7,,0.0,1.0,1.0,A01,138Â 295Â 360,1.0
964421,201900005952,9,15,21:50,5,2,1,1.0,1.0,67482,ROMAINS (ROUTE DES),M,"48,5784600","7,7086100",67,2019,30.0,1.0,1.0,4.0,2155629,1.0,1,4,1,5.0,,-1.0,0,1976.0,B01,138Â 295Â 358,1.0,8.0,-1.0,1646003,2.0,7,,0.0,2.0,8.0,B01,138Â 295Â 358,1.0
964421,201900005952,9,15,21:50,5,2,1,1.0,1.0,67482,ROMAINS (ROUTE DES),M,"48,5784600","7,7086100",67,2019,30.0,1.0,1.0,4.0,2155629,1.0,1,4,1,5.0,,-1.0,0,1976.0,B01,138Â 295Â 358,1.0,8.0,-1.0,1646004,1.0,1,,0.0,2.0,8.0,A01,138Â 295Â 359,5.0
964421,201900005952,9,15,21:50,5,2,1,1.0,1.0,67482,ROMAINS (ROUTE DES),M,"48,5784600","7,7086100",67,2019,30.0,1.0,1.0,4.0,2155630,1.0,1,4,1,0.0,,-1.0,0,1972.0,A01,138Â 295Â 359,8.0,0.0,-1.0,1646003,2.0,7,,0.0,2.0,8.0,B01,138Â 295Â 358,1.0