Unnamed: 0_x,num_acc,mois,jour,hrmn,lum,agg,int,atm,col,com,adr,gps,lat,long,dep,annee,vma,situ,surf,catr,Unnamed: 0_y,place,catu,grav,sexe,trajet,secu,locp,actp,an_nais,num_veh_x,id_vehicule_x,secu1,secu2,secu3,Unnamed: 0,senc,catv,occutc,obs,obsm,choc,num_veh_y,id_vehicule_y,motor
964421,201900005952,9,15,21:50,5,2,1,1.0,1.0,67482,ROMAINS (ROUTE DES),M,"48,5784600","7,7086100",67,2019,30.0,1.0,1.0,4.0,2155630,1.0,1,4,1,0.0,,-1.0,0,1972.0,A01,138Â 295Â 359,8.0,0.0,-1.0,1646004,1.0,1,,0.0,2.0,8.0,A01,138Â 295Â 359,5.0
964422,201900005953,9,15,16:30,1,2,3,1.0,3.0,67482,ALBERT CALMETTE (RUE),M,"48,5898720","7,7093980",67,2019,50.0,1.0,1.0,4.0,2155631,1.0,1,4,1,0.0,,-1.0,0,1983.0,B01,138Â 295Â 356,2.0,8.0,-1.0,1646005,2.0,2,,0.0,2.0,3.0,B01,138Â 295Â 356,1.0
964422,201900005953,9,15,16:30,1,2,3,1.0,3.0,67482,ALBERT CALMETTE (RUE),M,"48,5898720","7,7093980",67,2019,50.0,1.0,1.0,4.0,2155631,1.0,1,4,1,0.0,,-1.0,0,1983.0,B01,138Â 295Â 356,2.0,8.0,-1.0,1646006,1.0,7,,0.0,2.0,0.0,A01,138Â 295Â 357,1.0
964422,201900005953,9,15,16:30,1,2,3,1.0,3.0,67482,ALBERT CALMETTE (RUE),M,"48,5898720","7,7093980",67,2019,50.0,1.0,1.0,4.0,2155632,1.0,1,1,1,0.0,,-1.0,0,1951.0,A01,138Â 295Â 357,1.0,8.0,-1.0,1646005,2.0,2,,0.0,2.0,3.0,B01,138Â 295Â 356,1.0
964422,201900005953,9,15,16:30,1,2,3,1.0,3.0,67482,ALBERT CALMETTE (RUE),M,"48,5898720","7,7093980",67,2019,50.0,1.0,1.0,4.0,2155632,1.0,1,1,1,0.0,,-1.0,0,1951.0,A01,138Â 295Â 357,1.0,8.0,-1.0,1646006,1.0,7,,0.0,2.0,0.0,A01,138Â 295Â 357,1.0
964423,201900005954,9,14,14:00,1,1,6,1.0,3.0,67204,TROIS MAIRES (RUE DES),M,"48,6386780","7,7809400",67,2019,70.0,1.0,1.0,4.0,2155633,1.0,1,4,2,0.0,,-1.0,0,1997.0,B01,138Â 295Â 354,8.0,0.0,-1.0,1646007,2.0,1,,0.0,2.0,1.0,B01,138Â 295Â 354,5.0
964423,201900005954,9,14,14:00,1,1,6,1.0,3.0,67204,TROIS MAIRES (RUE DES),M,"48,6386780","7,7809400",67,2019,70.0,1.0,1.0,4.0,2155633,1.0,1,4,2,0.0,,-1.0,0,1997.0,B01,138Â 295Â 354,8.0,0.0,-1.0,1646008,1.0,7,,0.0,2.0,3.0,A01,138Â 295Â 355,1.0
964423,201900005954,9,14,14:00,1,1,6,1.0,3.0,67204,TROIS MAIRES (RUE DES),M,"48,6386780","7,7809400",67,2019,70.0,1.0,1.0,4.0,2155634,1.0,1,1,2,0.0,,-1.0,0,1961.0,A01,138Â 295Â 355,1.0,8.0,-1.0,1646007,2.0,1,,0.0,2.0,1.0,B01,138Â 295Â 354,5.0
964423,201900005954,9,14,14:00,1,1,6,1.0,3.0,67204,TROIS MAIRES (RUE DES),M,"48,6386780","7,7809400",67,2019,70.0,1.0,1.0,4.0,2155634,1.0,1,1,2,0.0,,-1.0,0,1961.0,A01,138Â 295Â 355,1.0,8.0,-1.0,1646008,1.0,7,,0.0,2.0,3.0,A01,138Â 295Â 355,1.0
964424,201900005955,9,17,15:20,1,2,1,1.0,6.0,66136,2 AllÃ©e du souvenir,M,"42,6891900","2,8932400",66,2019,50.0,1.0,1.0,4.0,2155635,1.0,1,1,1,9.0,,-1.0,0,1977.0,A01,138Â 295Â 353,1.0,8.0,-1.0,1646009,1.0,7,,0.0,1.0,1.0,A01,138Â 295Â 353,1.0
964424,201900005955,9,17,15:20,1,2,1,1.0,6.0,66136,2 AllÃ©e du souvenir,M,"42,6891900","2,8932400",66,2019,50.0,1.0,1.0,4.0,2155636,10.0,3,4,2,0.0,,3.0,3,1930.0,A01,138Â 295Â 353,0.0,0.0,0.0,1646009,1.0,7,,0.0,1.0,1.0,A01,138Â 295Â 353,1.0
964425,201900005956,9,16,18:15,1,2,1,1.0,6.0,66136,VC,M,"42,6907200","2,8911700",66,2019,50.0,1.0,1.0,4.0,2155637,1.0,1,1,1,0.0,,0.0,0,1974.0,A01,138Â 295Â 352,1.0,8.0,-1.0,1646010,2.0,7,,0.0,1.0,1.0,A01,138Â 295Â 352,1.0
964425,201900005956,9,16,18:15,1,2,1,1.0,6.0,66136,VC,M,"42,6907200","2,8911700",66,2019,50.0,1.0,1.0,4.0,2155638,10.0,3,3,1,5.0,,2.0,3,1951.0,A01,138Â 295Â 352,8.0,0.0,-1.0,1646010,2.0,7,,0.0,1.0,1.0,A01,138Â 295Â 352,1.0
964426,201900005957,9,17,17:55,1,2,1,1.0,1.0,66136,FRANCE LIBRE (BOULEVARD DE LA),M,"42,7012600","2,8863700",66,2019,50.0,1.0,1.0,4.0,2155639,1.0,1,4,2,5.0,,-1.0, -1,1996.0,B01,138Â 295Â 350,1.0,8.0,-1.0,1646011,2.0,7,,0.0,2.0,2.0,B01,138Â 295Â 350,1.0
964426,201900005957,9,17,17:55,1,2,1,1.0,1.0,66136,FRANCE LIBRE (BOULEVARD DE LA),M,"42,7012600","2,8863700",66,2019,50.0,1.0,1.0,4.0,2155639,1.0,1,4,2,5.0,,-1.0, -1,1996.0,B01,138Â 295Â 350,1.0,8.0,-1.0,1646012,1.0,7,,0.0,2.0,1.0,A01,138Â 295Â 351,1.0
964426,201900005957,9,17,17:55,1,2,1,1.0,1.0,66136,FRANCE LIBRE (BOULEVARD DE LA),M,"42,7012600","2,8863700",66,2019,50.0,1.0,1.0,4.0,2155640,1.0,1,3,1,9.0,,-1.0, -1,1973.0,A01,138Â 295Â 351,1.0,8.0,-1.0,1646011,2.0,7,,0.0,2.0,2.0,B01,138Â 295Â 350,1.0
964426,201900005957,9,17,17:55,1,2,1,1.0,1.0,66136,FRANCE LIBRE (BOULEVARD DE LA),M,"42,7012600","2,8863700",66,2019,50.0,1.0,1.0,4.0,2155640,1.0,1,3,1,9.0,,-1.0, -1,1973.0,A01,138Â 295Â 351,1.0,8.0,-1.0,1646012,1.0,7,,0.0,2.0,1.0,A01,138Â 295Â 351,1.0
964427,201900005958,9,17,20:49,5,2,3,1.0,3.0,65286,FOCH (AVENUE MARECHAL),M,"43,0896884"," -0,0461690",65,2019,50.0,3.0,1.0,4.0,2155641,1.0,1,4,2,5.0,,0.0,0,2002.0,B01,138Â 295Â 348,2.0,6.0,-1.0,1646013,1.0,30,,0.0,2.0,1.0,B01,138Â 295Â 348,1.0
964427,201900005958,9,17,20:49,5,2,3,1.0,3.0,65286,FOCH (AVENUE MARECHAL),M,"43,0896884"," -0,0461690",65,2019,50.0,3.0,1.0,4.0,2155641,1.0,1,4,2,5.0,,0.0,0,2002.0,B01,138Â 295Â 348,2.0,6.0,-1.0,1646014,2.0,7,,0.0,2.0,1.0,A01,138Â 295Â 349,1.0
964427,201900005958,9,17,20:49,5,2,3,1.0,3.0,65286,FOCH (AVENUE MARECHAL),M,"43,0896884"," -0,0461690",65,2019,50.0,3.0,1.0,4.0,2155642,2.0,2,4,2,5.0,,0.0,0,2003.0,B01,138Â 295Â 348,2.0,6.0,-1.0,1646013,1.0,30,,0.0,2.0,1.0,B01,138Â 295Â 348,1.0
964427,201900005958,9,17,20:49,5,2,3,1.0,3.0,65286,FOCH (AVENUE MARECHAL),M,"43,0896884"," -0,0461690",65,2019,50.0,3.0,1.0,4.0,2155642,2.0,2,4,2,5.0,,0.0,0,2003.0,B01,138Â 295Â 348,2.0,6.0,-1.0,1646014,2.0,7,,0.0,2.0,1.0,A01,138Â 295Â 349,1.0
964427,201900005958,9,17,20:49,5,2,3,1.0,3.0,65286,FOCH (AVENUE MARECHAL),M,"43,0896884"," -0,0461690",65,2019,50.0,3.0,1.0,4.0,2155643,1.0,1,1,1,5.0,,0.0,0,1985.0,A01,138Â 295Â 349,1.0,0.0,-1.0,1646013,1.0,30,,0.0,2.0,1.0,B01,138Â 295Â 348,1.0
964427,201900005958,9,17,20:49,5,2,3,1.0,3.0,65286,FOCH (AVENUE MARECHAL),M,"43,0896884"," -0,0461690",65,2019,50.0,3.0,1.0,4.0,2155643,1.0,1,1,1,5.0,,0.0,0,1985.0,A01,138Â 295Â 349,1.0,0.0,-1.0,1646014,2.0,7,,0.0,2.0,1.0,A01,138Â 295Â 349,1.0
964428,201900005959,9,17,14:05,1,2,3,1.0,3.0,64445,ALLEES DE MORLAAS DES,M,"43,3038000"," -0,3509000",64,2019,50.0,1.0,1.0,4.0,2155644,1.0,1,4,1,0.0,,0.0,0,1923.0,B01,138Â 295Â 346,8.0,0.0,-1.0,1646015,1.0,1,,0.0,2.0,1.0,B01,138Â 295Â 346,5.0
964428,201900005959,9,17,14:05,1,2,3,1.0,3.0,64445,ALLEES DE MORLAAS DES,M,"43,3038000"," -0,3509000",64,2019,50.0,1.0,1.0,4.0,2155644,1.0,1,4,1,0.0,,0.0,0,1923.0,B01,138Â 295Â 346,8.0,0.0,-1.0,1646016,2.0,7,,0.0,2.0,6.0,A01,138Â 295Â 347,1.0
964428,201900005959,9,17,14:05,1,2,3,1.0,3.0,64445,ALLEES DE MORLAAS DES,M,"43,3038000"," -0,3509000",64,2019,50.0,1.0,1.0,4.0,2155645,1.0,1,1,1,0.0,,0.0,0,1946.0,A01,138Â 295Â 347,1.0,0.0,-1.0,1646015,1.0,1,,0.0,2.0,1.0,B01,138Â 295Â 346,5.0
964428,201900005959,9,17,14:05,1,2,3,1.0,3.0,64445,ALLEES DE MORLAAS DES,M,"43,3038000"," -0,3509000",64,2019,50.0,1.0,1.0,4.0,2155645,1.0,1,1,1,0.0,,0.0,0,1946.0,A01,138Â 295Â 347,1.0,0.0,-1.0,1646016,2.0,7,,0.0,2.0,6.0,A01,138Â 295Â 347,1.0
964429,201900005960,9,17,07:55,1,2,1,1.0,4.0,64445,OLOF PALME,M,"43,3388900"," -0,3785900",64,2019,70.0,1.0,1.0,3.0,2155646,1.0,1,4,2,9.0,,0.0,0,1999.0,A01,138Â 295Â 343,1.0,8.0,-1.0,1646017,1.0,7,,0.0,2.0,1.0,A01,138Â 295Â 343,1.0
964429,201900005960,9,17,07:55,1,2,1,1.0,4.0,64445,OLOF PALME,M,"43,3388900"," -0,3785900",64,2019,70.0,1.0,1.0,3.0,2155646,1.0,1,4,2,9.0,,0.0,0,1999.0,A01,138Â 295Â 343,1.0,8.0,-1.0,1646018,1.0,7,,0.0,2.0,1.0,B01,138Â 295Â 344,1.0
964429,201900005960,9,17,07:55,1,2,1,1.0,4.0,64445,OLOF PALME,M,"43,3388900"," -0,3785900",64,2019,70.0,1.0,1.0,3.0,2155646,1.0,1,4,2,9.0,,0.0,0,1999.0,A01,138Â 295Â 343,1.0,8.0,-1.0,1646019,1.0,7,,0.0,2.0,1.0,C01,138Â 295Â 345,1.0
964429,201900005960,9,17,07:55,1,2,1,1.0,4.0,64445,OLOF PALME,M,"43,3388900"," -0,3785900",64,2019,70.0,1.0,1.0,3.0,2155647,1.0,1,4,2,0.0,,0.0,0,1991.0,B01,138Â 295Â 344,1.0,0.0,-1.0,1646017,1.0,7,,0.0,2.0,1.0,A01,138Â 295Â 343,1.0
964429,201900005960,9,17,07:55,1,2,1,1.0,4.0,64445,OLOF PALME,M,"43,3388900"," -0,3785900",64,2019,70.0,1.0,1.0,3.0,2155647,1.0,1,4,2,0.0,,0.0,0,1991.0,B01,138Â 295Â 344,1.0,0.0,-1.0,1646018,1.0,7,,0.0,2.0,1.0,B01,138Â 295Â 344,1.0
964429,201900005960,9,17,07:55,1,2,1,1.0,4.0,64445,OLOF PALME,M,"43,3388900"," -0,3785900",64,2019,70.0,1.0,1.0,3.0,2155647,1.0,1,4,2,0.0,,0.0,0,1991.0,B01,138Â 295Â 344,1.0,0.0,-1.0,1646019,1.0,7,,0.0,2.0,1.0,C01,138Â 295Â 345,1.0
964429,201900005960,9,17,07:55,1,2,1,1.0,4.0,64445,OLOF PALME,M,"43,3388900"," -0,3785900",64,2019,70.0,1.0,1.0,3.0,2155648,1.0,1,1,2,9.0,,0.0,0,1959.0,C01,138Â 295Â 345,1.0,0.0,-1.0,1646017,1.0,7,,0.0,2.0,1.0,A01,138Â 295Â 343,1.0
964429,201900005960,9,17,07:55,1,2,1,1.0,4.0,64445,OLOF PALME,M,"43,3388900"," -0,3785900",64,2019,70.0,1.0,1.0,3.0,2155648,1.0,1,1,2,9.0,,0.0,0,1959.0,C01,138Â 295Â 345,1.0,0.0,-1.0,1646018,1.0,7,,0.0,2.0,1.0,B01,138Â 295Â 344,1.0
964429,201900005960,9,17,07:55,1,2,1,1.0,4.0,64445,OLOF PALME,M,"43,3388900"," -0,3785900",64,2019,70.0,1.0,1.0,3.0,2155648,1.0,1,1,2,9.0,,0.0,0,1959.0,C01,138Â 295Â 345,1.0,0.0,-1.0,1646019,1.0,7,,0.0,2.0,1.0,C01,138Â 295Â 345,1.0
964430,201900005961,9,16,19:45,1,2,1,1.0,3.0,64335,ANDRE MARIE AMPERE,M,"43,3152900"," -0,4299600",64,2019,50.0,3.0,1.0,4.0,2155649,1.0,1,4,1,5.0,,0.0,0,1994.0,B01,138Â 295Â 341,2.0,4.0,-1.0,1646020,2.0,33,,0.0,2.0,1.0,B01,138Â 295Â 341,1.0
964430,201900005961,9,16,19:45,1,2,1,1.0,3.0,64335,ANDRE MARIE AMPERE,M,"43,3152900"," -0,4299600",64,2019,50.0,3.0,1.0,4.0,2155649,1.0,1,4,1,5.0,,0.0,0,1994.0,B01,138Â 295Â 341,2.0,4.0,-1.0,1646021,2.0,10,,0.0,2.0,8.0,Z01,138Â 295Â 342,1.0
964431,201900005962,8,28,09:40,1,2,6,1.0,6.0,62194,CD 70,M,"50,4839200","2,4748500",62,2019,50.0,1.0,1.0,3.0,2155650,10.0,3,4,2,3.0,,3.0,3,1956.0,A01,138Â 295Â 340,8.0,0.0,-1.0,1646022,3.0,3,,0.0,1.0,2.0,A01,138Â 295Â 340,1.0
964431,201900005962,8,28,09:40,1,2,6,1.0,6.0,62194,CD 70,M,"50,4839200","2,4748500",62,2019,50.0,1.0,1.0,3.0,2155651,1.0,1,1,1,5.0,,0.0,0,1969.0,A01,138Â 295Â 340,1.0,8.0,-1.0,1646022,3.0,3,,0.0,1.0,2.0,A01,138Â 295Â 340,1.0
964432,201900005963,9,16,12:00,1,1,2,1.0,5.0,62894,C.D. 96e,M,"50,7464490","1,6201830",62,2019,70.0,1.0,1.0,3.0,2155652,1.0,1,3,1,0.0,,0.0,0,1951.0,C01,138Â 295Â 337,1.0,8.0,-1.0,1646023,3.0,7,,0.0,2.0,1.0,C01,138Â 295Â 337,1.0
964432,201900005963,9,16,12:00,1,1,2,1.0,5.0,62894,C.D. 96e,M,"50,7464490","1,6201830",62,2019,70.0,1.0,1.0,3.0,2155652,1.0,1,3,1,0.0,,0.0,0,1951.0,C01,138Â 295Â 337,1.0,8.0,-1.0,1646024,3.0,7,,14.0,2.0,1.0,B01,138Â 295Â 338,1.0
964432,201900005963,9,16,12:00,1,1,2,1.0,5.0,62894,C.D. 96e,M,"50,7464490","1,6201830",62,2019,70.0,1.0,1.0,3.0,2155652,1.0,1,3,1,0.0,,0.0,0,1951.0,C01,138Â 295Â 337,1.0,8.0,-1.0,1646025,3.0,7,,0.0,2.0,4.0,A01,138Â 295Â 339,1.0
964432,201900005963,9,16,12:00,1,1,2,1.0,5.0,62894,C.D. 96e,M,"50,7464490","1,6201830",62,2019,70.0,1.0,1.0,3.0,2155653,1.0,1,3,1,0.0,,0.0,0,1994.0,B01,138Â 295Â 338,1.0,8.0,-1.0,1646023,3.0,7,,0.0,2.0,1.0,C01,138Â 295Â 337,1.0
964432,201900005963,9,16,12:00,1,1,2,1.0,5.0,62894,C.D. 96e,M,"50,7464490","1,6201830",62,2019,70.0,1.0,1.0,3.0,2155653,1.0,1,3,1,0.0,,0.0,0,1994.0,B01,138Â 295Â 338,1.0,8.0,-1.0,1646024,3.0,7,,14.0,2.0,1.0,B01,138Â 295Â 338,1.0
964432,201900005963,9,16,12:00,1,1,2,1.0,5.0,62894,C.D. 96e,M,"50,7464490","1,6201830",62,2019,70.0,1.0,1.0,3.0,2155653,1.0,1,3,1,0.0,,0.0,0,1994.0,B01,138Â 295Â 338,1.0,8.0,-1.0,1646025,3.0,7,,0.0,2.0,4.0,A01,138Â 295Â 339,1.0
964432,201900005963,9,16,12:00,1,1,2,1.0,5.0,62894,C.D. 96e,M,"50,7464490","1,6201830",62,2019,70.0,1.0,1.0,3.0,2155654,1.0,1,3,2,0.0,,0.0,0,1951.0,A01,138Â 295Â 339,1.0,8.0,-1.0,1646023,3.0,7,,0.0,2.0,1.0,C01,138Â 295Â 337,1.0
964432,201900005963,9,16,12:00,1,1,2,1.0,5.0,62894,C.D. 96e,M,"50,7464490","1,6201830",62,2019,70.0,1.0,1.0,3.0,2155654,1.0,1,3,2,0.0,,0.0,0,1951.0,A01,138Â 295Â 339,1.0,8.0,-1.0,1646024,3.0,7,,14.0,2.0,1.0,B01,138Â 295Â 338,1.0
964432,201900005963,9,16,12:00,1,1,2,1.0,5.0,62894,C.D. 96e,M,"50,7464490","1,6201830",62,2019,70.0,1.0,1.0,3.0,2155654,1.0,1,3,2,0.0,,0.0,0,1951.0,A01,138Â 295Â 339,1.0,8.0,-1.0,1646025,3.0,7,,0.0,2.0,4.0,A01,138Â 295Â 339,1.0
964433,201900005964,9,8,20:05,2,2,1,1.0,4.0,59009,GUESDE JULES RUE,M,"50,6370100","3,1177700",59,2019,50.0,1.0,1.0,4.0,2155655,3.0,2,4,2,9.0,,-1.0,0,1978.0,C01,138Â 295Â 330,1.0,0.0,-1.0,1646026,2.0,7,,0.0,2.0,4.0,C01,138Â 295Â 330,0.0
964433,201900005964,9,8,20:05,2,2,1,1.0,4.0,59009,GUESDE JULES RUE,M,"50,6370100","3,1177700",59,2019,50.0,1.0,1.0,4.0,2155655,3.0,2,4,2,9.0,,-1.0,0,1978.0,C01,138Â 295Â 330,1.0,0.0,-1.0,1646027,2.0,7,,0.0,2.0,4.0,B01,138Â 295Â 331,0.0
964433,201900005964,9,8,20:05,2,2,1,1.0,4.0,59009,GUESDE JULES RUE,M,"50,6370100","3,1177700",59,2019,50.0,1.0,1.0,4.0,2155655,3.0,2,4,2,9.0,,-1.0,0,1978.0,C01,138Â 295Â 330,1.0,0.0,-1.0,1646028,2.0,7,,0.0,2.0,1.0,A01,138Â 295Â 332,0.0
964433,201900005964,9,8,20:05,2,2,1,1.0,4.0,59009,GUESDE JULES RUE,M,"50,6370100","3,1177700",59,2019,50.0,1.0,1.0,4.0,2155656,1.0,1,1,1,4.0,,-1.0,0,1985.0,C01,138Â 295Â 330,1.0,0.0,-1.0,1646026,2.0,7,,0.0,2.0,4.0,C01,138Â 295Â 330,0.0
964433,201900005964,9,8,20:05,2,2,1,1.0,4.0,59009,GUESDE JULES RUE,M,"50,6370100","3,1177700",59,2019,50.0,1.0,1.0,4.0,2155656,1.0,1,1,1,4.0,,-1.0,0,1985.0,C01,138Â 295Â 330,1.0,0.0,-1.0,1646027,2.0,7,,0.0,2.0,4.0,B01,138Â 295Â 331,0.0
964433,201900005964,9,8,20:05,2,2,1,1.0,4.0,59009,GUESDE JULES RUE,M,"50,6370100","3,1177700",59,2019,50.0,1.0,1.0,4.0,2155656,1.0,1,1,1,4.0,,-1.0,0,1985.0,C01,138Â 295Â 330,1.0,0.0,-1.0,1646028,2.0,7,,0.0,2.0,1.0,A01,138Â 295Â 332,0.0
964433,201900005964,9,8,20:05,2,2,1,1.0,4.0,59009,GUESDE JULES RUE,M,"50,6370100","3,1177700",59,2019,50.0,1.0,1.0,4.0,2155657,1.0,1,4,1,5.0,,-1.0,0,1978.0,B01,138Â 295Â 331,1.0,0.0,-1.0,1646026,2.0,7,,0.0,2.0,4.0,C01,138Â 295Â 330,0.0
964433,201900005964,9,8,20:05,2,2,1,1.0,4.0,59009,GUESDE JULES RUE,M,"50,6370100","3,1177700",59,2019,50.0,1.0,1.0,4.0,2155657,1.0,1,4,1,5.0,,-1.0,0,1978.0,B01,138Â 295Â 331,1.0,0.0,-1.0,1646027,2.0,7,,0.0,2.0,4.0,B01,138Â 295Â 331,0.0
964433,201900005964,9,8,20:05,2,2,1,1.0,4.0,59009,GUESDE JULES RUE,M,"50,6370100","3,1177700",59,2019,50.0,1.0,1.0,4.0,2155657,1.0,1,4,1,5.0,,-1.0,0,1978.0,B01,138Â 295Â 331,1.0,0.0,-1.0,1646028,2.0,7,,0.0,2.0,1.0,A01,138Â 295Â 332,0.0
964433,201900005964,9,8,20:05,2,2,1,1.0,4.0,59009,GUESDE JULES RUE,M,"50,6370100","3,1177700",59,2019,50.0,1.0,1.0,4.0,2155658,1.0,1,1,1,5.0,,-1.0,0,1971.0,A01,138Â 295Â 332,1.0,0.0,-1.0,1646026,2.0,7,,0.0,2.0,4.0,C01,138Â 295Â 330,0.0
964433,201900005964,9,8,20:05,2,2,1,1.0,4.0,59009,GUESDE JULES RUE,M,"50,6370100","3,1177700",59,2019,50.0,1.0,1.0,4.0,2155658,1.0,1,1,1,5.0,,-1.0,0,1971.0,A01,138Â 295Â 332,1.0,0.0,-1.0,1646027,2.0,7,,0.0,2.0,4.0,B01,138Â 295Â 331,0.0
964433,201900005964,9,8,20:05,2,2,1,1.0,4.0,59009,GUESDE JULES RUE,M,"50,6370100","3,1177700",59,2019,50.0,1.0,1.0,4.0,2155658,1.0,1,1,1,5.0,,-1.0,0,1971.0,A01,138Â 295Â 332,1.0,0.0,-1.0,1646028,2.0,7,,0.0,2.0,1.0,A01,138Â 295Â 332,0.0
964434,201900005965,9,14,22:00,5,2,2,1.0,3.0,58194,FONTAINE D'ARGENT (PLACE),M,"46,9921000","3,1491000",58,2019,50.0,1.0,1.0,4.0,2155659,1.0,1,1,1,5.0,,-1.0, -1,2000.0,A01,138Â 295Â 328,1.0,8.0,-1.0,1646029,1.0,7,,0.0,2.0,1.0,A01,138Â 295Â 328,1.0
964434,201900005965,9,14,22:00,5,2,2,1.0,3.0,58194,FONTAINE D'ARGENT (PLACE),M,"46,9921000","3,1491000",58,2019,50.0,1.0,1.0,4.0,2155659,1.0,1,1,1,5.0,,-1.0, -1,2000.0,A01,138Â 295Â 328,1.0,8.0,-1.0,1646030,1.0,2,,0.0,2.0,7.0,B01,138Â 295Â 329,1.0
964434,201900005965,9,14,22:00,5,2,2,1.0,3.0,58194,FONTAINE D'ARGENT (PLACE),M,"46,9921000","3,1491000",58,2019,50.0,1.0,1.0,4.0,2155660,1.0,1,4,1,5.0,,-1.0, -1,1995.0,B01,138Â 295Â 329,2.0,0.0,-1.0,1646029,1.0,7,,0.0,2.0,1.0,A01,138Â 295Â 328,1.0
964434,201900005965,9,14,22:00,5,2,2,1.0,3.0,58194,FONTAINE D'ARGENT (PLACE),M,"46,9921000","3,1491000",58,2019,50.0,1.0,1.0,4.0,2155660,1.0,1,4,1,5.0,,-1.0, -1,1995.0,B01,138Â 295Â 329,2.0,0.0,-1.0,1646030,1.0,2,,0.0,2.0,7.0,B01,138Â 295Â 329,1.0
964435,201900005966,9,17,13:50,1,2,6,1.0,3.0,56162,GIRATOIRE DE SOYE,M,"47,7409809"," -3,4063671",56,2019,50.0,1.0,1.0,3.0,2155661,1.0,1,4,2,1.0,,0.0,0,1974.0,A01,138Â 295Â 326,1.0,8.0,-1.0,1646031,1.0,7,,0.0,2.0,2.0,A01,138Â 295Â 326,1.0
964435,201900005966,9,17,13:50,1,2,6,1.0,3.0,56162,GIRATOIRE DE SOYE,M,"47,7409809"," -3,4063671",56,2019,50.0,1.0,1.0,3.0,2155661,1.0,1,4,2,1.0,,0.0,0,1974.0,A01,138Â 295Â 326,1.0,8.0,-1.0,1646032,2.0,7,,0.0,2.0,1.0,B01,138Â 295Â 327,1.0
964435,201900005966,9,17,13:50,1,2,6,1.0,3.0,56162,GIRATOIRE DE SOYE,M,"47,7409809"," -3,4063671",56,2019,50.0,1.0,1.0,3.0,2155662,1.0,1,4,1,4.0,,0.0,0,1978.0,B01,138Â 295Â 327,1.0,8.0,-1.0,1646031,1.0,7,,0.0,2.0,2.0,A01,138Â 295Â 326,1.0
964435,201900005966,9,17,13:50,1,2,6,1.0,3.0,56162,GIRATOIRE DE SOYE,M,"47,7409809"," -3,4063671",56,2019,50.0,1.0,1.0,3.0,2155662,1.0,1,4,1,4.0,,0.0,0,1978.0,B01,138Â 295Â 327,1.0,8.0,-1.0,1646032,2.0,7,,0.0,2.0,1.0,B01,138Â 295Â 327,1.0
964436,201900005967,9,16,18:45,1,1,1,1.0,2.0,56098,RN 165 PR 96+505,M,"47,7779300"," -3,3563500",56,2019,90.0,1.0,1.0,2.0,2155663,1.0,1,4,1,4.0,,0.0,0,1991.0,B01,138Â 295Â 324,1.0,8.0,-1.0,1646033,2.0,10,,0.0,2.0,4.0,B01,138Â 295Â 324,1.0
964436,201900005967,9,16,18:45,1,1,1,1.0,2.0,56098,RN 165 PR 96+505,M,"47,7779300"," -3,3563500",56,2019,90.0,1.0,1.0,2.0,2155663,1.0,1,4,1,4.0,,0.0,0,1991.0,B01,138Â 295Â 324,1.0,8.0,-1.0,1646034,2.0,14,,0.0,2.0,1.0,A01,138Â 295Â 325,1.0
964436,201900005967,9,16,18:45,1,1,1,1.0,2.0,56098,RN 165 PR 96+505,M,"47,7779300"," -3,3563500",56,2019,90.0,1.0,1.0,2.0,2155664,2.0,2,4,1,4.0,,0.0,0,1974.0,B01,138Â 295Â 324,1.0,8.0,-1.0,1646033,2.0,10,,0.0,2.0,4.0,B01,138Â 295Â 324,1.0
964436,201900005967,9,16,18:45,1,1,1,1.0,2.0,56098,RN 165 PR 96+505,M,"47,7779300"," -3,3563500",56,2019,90.0,1.0,1.0,2.0,2155664,2.0,2,4,1,4.0,,0.0,0,1974.0,B01,138Â 295Â 324,1.0,8.0,-1.0,1646034,2.0,14,,0.0,2.0,1.0,A01,138Â 295Â 325,1.0
964436,201900005967,9,16,18:45,1,1,1,1.0,2.0,56098,RN 165 PR 96+505,M,"47,7779300"," -3,3563500",56,2019,90.0,1.0,1.0,2.0,2155665,1.0,1,1,1,4.0,,0.0,0,1989.0,A01,138Â 295Â 325,1.0,8.0,-1.0,1646033,2.0,10,,0.0,2.0,4.0,B01,138Â 295Â 324,1.0
964436,201900005967,9,16,18:45,1,1,1,1.0,2.0,56098,RN 165 PR 96+505,M,"47,7779300"," -3,3563500",56,2019,90.0,1.0,1.0,2.0,2155665,1.0,1,1,1,4.0,,0.0,0,1989.0,A01,138Â 295Â 325,1.0,8.0,-1.0,1646034,2.0,14,,0.0,2.0,1.0,A01,138Â 295Â 325,1.0
964437,201900005968,9,16,12:20,1,2,3,1.0,2.0,56121,BELGIQUE (RUE  DE ),M,"47,7597300"," -3,3814600",56,2019,50.0,1.0,1.0,4.0,2155666,1.0,1,4,2,5.0,,0.0,0,1999.0,A01,138Â 295Â 322,1.0,8.0,-1.0,1646035,1.0,7,,0.0,2.0,1.0,A01,138Â 295Â 322,1.0
964437,201900005968,9,16,12:20,1,2,3,1.0,2.0,56121,BELGIQUE (RUE  DE ),M,"47,7597300"," -3,3814600",56,2019,50.0,1.0,1.0,4.0,2155666,1.0,1,4,2,5.0,,0.0,0,1999.0,A01,138Â 295Â 322,1.0,8.0,-1.0,1646036,1.0,7,,0.0,2.0,4.0,B01,138Â 295Â 323,1.0