Unnamed: 0_x,num_acc,mois,jour,hrmn,lum,agg,int,atm,col,com,adr,gps,lat,long,dep,annee,vma,situ,surf,catr,Unnamed: 0_y,place,catu,grav,sexe,trajet,secu,locp,actp,an_nais,num_veh_x,id_vehicule_x,secu1,secu2,secu3,Unnamed: 0,senc,catv,occutc,obs,obsm,choc,num_veh_y,id_vehicule_y,motor
964437,201900005968,9,16,12:20,1,2,3,1.0,2.0,56121,BELGIQUE (RUE  DE ),M,"47,7597300"," -3,3814600",56,2019,50.0,1.0,1.0,4.0,2155667,1.0,1,4,1,0.0,,0.0,0,1968.0,B01,138Â 295Â 323,1.0,8.0,-1.0,1646035,1.0,7,,0.0,2.0,1.0,A01,138Â 295Â 322,1.0
964437,201900005968,9,16,12:20,1,2,3,1.0,2.0,56121,BELGIQUE (RUE  DE ),M,"47,7597300"," -3,3814600",56,2019,50.0,1.0,1.0,4.0,2155667,1.0,1,4,1,0.0,,0.0,0,1968.0,B01,138Â 295Â 323,1.0,8.0,-1.0,1646036,1.0,7,,0.0,2.0,4.0,B01,138Â 295Â 323,1.0
964438,201900005969,9,16,10:00,1,2,1,1.0,6.0,56121,Parking du CHBS,M,"47,7513900"," -3,3571200",56,2019,30.0,1.0,1.0,6.0,2155668,1.0,1,4,1,5.0,,0.0,0,1956.0,A01,138Â 295Â 321,1.0,8.0,-1.0,1646037,1.0,7,,1.0,0.0,1.0,A01,138Â 295Â 321,1.0
964439,201900005970,9,16,09:15,1,2,3,1.0,6.0,56121,RODIN (RUE AUGUSTE),M,"47,7532700"," -3,3721100",56,2019,50.0,1.0,1.0,4.0,2155669,10.0,3,3,2,5.0,,3.0,3,1937.0,A01,138Â 295Â 320,8.0,0.0,-1.0,1646038,2.0,7,,0.0,1.0,3.0,A01,138Â 295Â 320,1.0
964439,201900005970,9,16,09:15,1,2,3,1.0,6.0,56121,RODIN (RUE AUGUSTE),M,"47,7532700"," -3,3721100",56,2019,50.0,1.0,1.0,4.0,2155670,1.0,1,1,1,4.0,,0.0,0,1981.0,A01,138Â 295Â 320,1.0,8.0,-1.0,1646038,2.0,7,,0.0,1.0,3.0,A01,138Â 295Â 320,1.0
964440,201900005971,9,16,07:35,1,2,3,1.0,3.0,56121,Rue du Colonel Muller,M,"47,7623500"," -3,3906900",56,2019,50.0,1.0,1.0,4.0,2155671,1.0,1,4,1,4.0,,0.0,0,1992.0,A01,138Â 295Â 318,2.0,8.0,-1.0,1646039,1.0,30,,0.0,2.0,3.0,A01,138Â 295Â 318,1.0
964440,201900005971,9,16,07:35,1,2,3,1.0,3.0,56121,Rue du Colonel Muller,M,"47,7623500"," -3,3906900",56,2019,50.0,1.0,1.0,4.0,2155671,1.0,1,4,1,4.0,,0.0,0,1992.0,A01,138Â 295Â 318,2.0,8.0,-1.0,1646040,1.0,7,,0.0,2.0,7.0,B01,138Â 295Â 319,1.0
964440,201900005971,9,16,07:35,1,2,3,1.0,3.0,56121,Rue du Colonel Muller,M,"47,7623500"," -3,3906900",56,2019,50.0,1.0,1.0,4.0,2155672,1.0,1,1,2,1.0,,0.0,0,1981.0,B01,138Â 295Â 319,1.0,8.0,-1.0,1646039,1.0,30,,0.0,2.0,3.0,A01,138Â 295Â 318,1.0
964440,201900005971,9,16,07:35,1,2,3,1.0,3.0,56121,Rue du Colonel Muller,M,"47,7623500"," -3,3906900",56,2019,50.0,1.0,1.0,4.0,2155672,1.0,1,1,2,1.0,,0.0,0,1981.0,B01,138Â 295Â 319,1.0,8.0,-1.0,1646040,1.0,7,,0.0,2.0,7.0,B01,138Â 295Â 319,1.0
964441,201900005972,9,15,12:05,1,1,1,1.0,7.0,56083,VILLENEUVE ST-CARADEC (LIEU-DIT),M,"47,8216200"," -3,2883800",56,2019,50.0,1.0,9.0,4.0,2155673,2.0,2,4,2,0.0,,0.0,0,1996.0,A01,138Â 295Â 317,2.0,8.0,-1.0,1646041,1.0,33,,16.0,0.0,0.0,A01,138Â 295Â 317,1.0
964441,201900005972,9,15,12:05,1,1,1,1.0,7.0,56083,VILLENEUVE ST-CARADEC (LIEU-DIT),M,"47,8216200"," -3,2883800",56,2019,50.0,1.0,9.0,4.0,2155674,1.0,1,1,1,0.0,,0.0,0,1995.0,A01,138Â 295Â 317,2.0,8.0,-1.0,1646041,1.0,33,,16.0,0.0,0.0,A01,138Â 295Â 317,1.0
964442,201900005973,9,17,18:25,1,2,9,1.0,7.0,54395,PINCHARD (AVENUE - OMBELLES),M,"48,7035260","6,1565200",54,2019,50.0,1.0,1.0,4.0,2155675,1.0,1,4,1,0.0,,-1.0, -1,1974.0,A01,138Â 295Â 316,1.0,0.0,-1.0,1646042,1.0,7,,0.0,1.0,0.0,A01,138Â 295Â 316,1.0
964442,201900005973,9,17,18:25,1,2,9,1.0,7.0,54395,PINCHARD (AVENUE - OMBELLES),M,"48,7035260","6,1565200",54,2019,50.0,1.0,1.0,4.0,2155676,10.0,3,4,2,-1.0,,9.0,B,1969.0,A01,138Â 295Â 316,0.0,-1.0,-1.0,1646042,1.0,7,,0.0,1.0,0.0,A01,138Â 295Â 316,1.0
964443,201900005974,3,7,13:00,1,2,4,1.0,7.0,54395,LECLERC (AV. DU GENE,M,"48,6818800","6,1833900",54,2019,50.0,1.0,1.0,4.0,2155677,1.0,1,1,2,0.0,,-1.0,0,1957.0,A01,138Â 295Â 313,1.0,0.0,-1.0,1646043,1.0,7,,0.0,1.0,1.0,A01,138Â 295Â 313,0.0
964443,201900005974,3,7,13:00,1,2,4,1.0,7.0,54395,LECLERC (AV. DU GENE,M,"48,6818800","6,1833900",54,2019,50.0,1.0,1.0,4.0,2155678,10.0,3,4,1,0.0,,0.0,0,2000.0,A01,138Â 295Â 313,8.0,0.0,-1.0,1646043,1.0,7,,0.0,1.0,1.0,A01,138Â 295Â 313,0.0
964444,201900005975,3,5,09:36,1,2,1,2.0,3.0,54184,MOENCH (RUE CHRISTIAN),M,"48,7002900","6,2255100",54,2019,50.0,1.0,2.0,4.0,2155679,1.0,1,1,2,0.0,,-1.0,0,1974.0,B01,138Â 295Â 311,1.0,0.0,-1.0,1646044,1.0,7,,0.0,2.0,1.0,B01,138Â 295Â 311,0.0
964444,201900005975,3,5,09:36,1,2,1,2.0,3.0,54184,MOENCH (RUE CHRISTIAN),M,"48,7002900","6,2255100",54,2019,50.0,1.0,2.0,4.0,2155679,1.0,1,1,2,0.0,,-1.0,0,1974.0,B01,138Â 295Â 311,1.0,0.0,-1.0,1646045,1.0,7,,0.0,2.0,2.0,A01,138Â 295Â 312,0.0
964444,201900005975,3,5,09:36,1,2,1,2.0,3.0,54184,MOENCH (RUE CHRISTIAN),M,"48,7002900","6,2255100",54,2019,50.0,1.0,2.0,4.0,2155680,1.0,1,4,2,0.0,,-1.0,0,1960.0,A01,138Â 295Â 312,1.0,0.0,-1.0,1646044,1.0,7,,0.0,2.0,1.0,B01,138Â 295Â 311,0.0
964444,201900005975,3,5,09:36,1,2,1,2.0,3.0,54184,MOENCH (RUE CHRISTIAN),M,"48,7002900","6,2255100",54,2019,50.0,1.0,2.0,4.0,2155680,1.0,1,4,2,0.0,,-1.0,0,1960.0,A01,138Â 295Â 312,1.0,0.0,-1.0,1646045,1.0,7,,0.0,2.0,2.0,A01,138Â 295Â 312,0.0
964445,201900005976,3,6,15:00,1,2,1,2.0,1.0,54395,BOFFRAND (AVENUE),M,"48,6815600","6,1721010",54,2019,30.0,1.0,2.0,4.0,2155681,1.0,1,1,1,0.0,,-1.0,0,1969.0,A01,138Â 295Â 309,1.0,0.0,-1.0,1646046,1.0,7,,0.0,2.0,3.0,A01,138Â 295Â 309,0.0
964445,201900005976,3,6,15:00,1,2,1,2.0,1.0,54395,BOFFRAND (AVENUE),M,"48,6815600","6,1721010",54,2019,30.0,1.0,2.0,4.0,2155681,1.0,1,1,1,0.0,,-1.0,0,1969.0,A01,138Â 295Â 309,1.0,0.0,-1.0,1646047,1.0,1,,0.0,2.0,1.0,Y01,138Â 295Â 310,5.0
964445,201900005976,3,6,15:00,1,2,1,2.0,1.0,54395,BOFFRAND (AVENUE),M,"48,6815600","6,1721010",54,2019,30.0,1.0,2.0,4.0,2155682,1.0,1,4,1,0.0,,-1.0,0,1991.0,Y01,138Â 295Â 310,2.0,0.0,-1.0,1646046,1.0,7,,0.0,2.0,3.0,A01,138Â 295Â 309,0.0
964445,201900005976,3,6,15:00,1,2,1,2.0,1.0,54395,BOFFRAND (AVENUE),M,"48,6815600","6,1721010",54,2019,30.0,1.0,2.0,4.0,2155682,1.0,1,4,1,0.0,,-1.0,0,1991.0,Y01,138Â 295Â 310,2.0,0.0,-1.0,1646047,1.0,1,,0.0,2.0,1.0,Y01,138Â 295Â 310,5.0
964446,201900005977,3,5,07:44,1,2,5,1.0,4.0,54526,ONZE NOVEMBRE (RUE DU),M,"48,6815500","6,2159500",54,2019,50.0,1.0,1.0,4.0,2155683,1.0,1,4,1,1.0,,-1.0,0,1991.0,C01,138Â 295Â 306,1.0,0.0,-1.0,1646048,1.0,7,,0.0,2.0,1.0,C01,138Â 295Â 306,1.0
964446,201900005977,3,5,07:44,1,2,5,1.0,4.0,54526,ONZE NOVEMBRE (RUE DU),M,"48,6815500","6,2159500",54,2019,50.0,1.0,1.0,4.0,2155683,1.0,1,4,1,1.0,,-1.0,0,1991.0,C01,138Â 295Â 306,1.0,0.0,-1.0,1646049,1.0,7,,0.0,2.0,1.0,B01,138Â 295Â 307,1.0
964446,201900005977,3,5,07:44,1,2,5,1.0,4.0,54526,ONZE NOVEMBRE (RUE DU),M,"48,6815500","6,2159500",54,2019,50.0,1.0,1.0,4.0,2155683,1.0,1,4,1,1.0,,-1.0,0,1991.0,C01,138Â 295Â 306,1.0,0.0,-1.0,1646050,1.0,7,,0.0,2.0,1.0,A01,138Â 295Â 308,0.0
964446,201900005977,3,5,07:44,1,2,5,1.0,4.0,54526,ONZE NOVEMBRE (RUE DU),M,"48,6815500","6,2159500",54,2019,50.0,1.0,1.0,4.0,2155684,1.0,1,1,1,0.0,,-1.0,0,1991.0,B01,138Â 295Â 307,1.0,0.0,-1.0,1646048,1.0,7,,0.0,2.0,1.0,C01,138Â 295Â 306,1.0
964446,201900005977,3,5,07:44,1,2,5,1.0,4.0,54526,ONZE NOVEMBRE (RUE DU),M,"48,6815500","6,2159500",54,2019,50.0,1.0,1.0,4.0,2155684,1.0,1,1,1,0.0,,-1.0,0,1991.0,B01,138Â 295Â 307,1.0,0.0,-1.0,1646049,1.0,7,,0.0,2.0,1.0,B01,138Â 295Â 307,1.0
964446,201900005977,3,5,07:44,1,2,5,1.0,4.0,54526,ONZE NOVEMBRE (RUE DU),M,"48,6815500","6,2159500",54,2019,50.0,1.0,1.0,4.0,2155684,1.0,1,1,1,0.0,,-1.0,0,1991.0,B01,138Â 295Â 307,1.0,0.0,-1.0,1646050,1.0,7,,0.0,2.0,1.0,A01,138Â 295Â 308,0.0
964446,201900005977,3,5,07:44,1,2,5,1.0,4.0,54526,ONZE NOVEMBRE (RUE DU),M,"48,6815500","6,2159500",54,2019,50.0,1.0,1.0,4.0,2155685,1.0,1,1,2,0.0,,-1.0,0,1962.0,A01,138Â 295Â 308,1.0,0.0,-1.0,1646048,1.0,7,,0.0,2.0,1.0,C01,138Â 295Â 306,1.0
964446,201900005977,3,5,07:44,1,2,5,1.0,4.0,54526,ONZE NOVEMBRE (RUE DU),M,"48,6815500","6,2159500",54,2019,50.0,1.0,1.0,4.0,2155685,1.0,1,1,2,0.0,,-1.0,0,1962.0,A01,138Â 295Â 308,1.0,0.0,-1.0,1646049,1.0,7,,0.0,2.0,1.0,B01,138Â 295Â 307,1.0
964446,201900005977,3,5,07:44,1,2,5,1.0,4.0,54526,ONZE NOVEMBRE (RUE DU),M,"48,6815500","6,2159500",54,2019,50.0,1.0,1.0,4.0,2155685,1.0,1,1,2,0.0,,-1.0,0,1962.0,A01,138Â 295Â 308,1.0,0.0,-1.0,1646050,1.0,7,,0.0,2.0,1.0,A01,138Â 295Â 308,0.0
964447,201900005978,9,17,18:00,1,2,1,7.0,2.0,51454,AVENUE PAUL MARCHANDEAU,M,"49,2438800","4,0270900",51,2019,50.0,1.0,1.0,4.0,2155686,1.0,1,1,1,0.0,,-1.0,0,1951.0,A01,138Â 295Â 302,1.0,0.0,-1.0,1646051,0.0,7,,0.0,2.0,1.0,A01,138Â 295Â 302,1.0
964447,201900005978,9,17,18:00,1,2,1,7.0,2.0,51454,AVENUE PAUL MARCHANDEAU,M,"49,2438800","4,0270900",51,2019,50.0,1.0,1.0,4.0,2155686,1.0,1,1,1,0.0,,-1.0,0,1951.0,A01,138Â 295Â 302,1.0,0.0,-1.0,1646052,0.0,7,,0.0,2.0,4.0,B01,138Â 295Â 303,1.0
964447,201900005978,9,17,18:00,1,2,1,7.0,2.0,51454,AVENUE PAUL MARCHANDEAU,M,"49,2438800","4,0270900",51,2019,50.0,1.0,1.0,4.0,2155687,1.0,1,1,1,0.0,,-1.0,0,1981.0,B01,138Â 295Â 303,1.0,0.0,-1.0,1646051,0.0,7,,0.0,2.0,1.0,A01,138Â 295Â 302,1.0
964447,201900005978,9,17,18:00,1,2,1,7.0,2.0,51454,AVENUE PAUL MARCHANDEAU,M,"49,2438800","4,0270900",51,2019,50.0,1.0,1.0,4.0,2155687,1.0,1,1,1,0.0,,-1.0,0,1981.0,B01,138Â 295Â 303,1.0,0.0,-1.0,1646052,0.0,7,,0.0,2.0,4.0,B01,138Â 295Â 303,1.0
964447,201900005978,9,17,18:00,1,2,1,7.0,2.0,51454,AVENUE PAUL MARCHANDEAU,M,"49,2438800","4,0270900",51,2019,50.0,1.0,1.0,4.0,2155688,2.0,2,4,1,0.0,,-1.0,0,1985.0,B01,138Â 295Â 303,1.0,0.0,-1.0,1646051,0.0,7,,0.0,2.0,1.0,A01,138Â 295Â 302,1.0
964447,201900005978,9,17,18:00,1,2,1,7.0,2.0,51454,AVENUE PAUL MARCHANDEAU,M,"49,2438800","4,0270900",51,2019,50.0,1.0,1.0,4.0,2155688,2.0,2,4,1,0.0,,-1.0,0,1985.0,B01,138Â 295Â 303,1.0,0.0,-1.0,1646052,0.0,7,,0.0,2.0,4.0,B01,138Â 295Â 303,1.0
964448,201900005979,9,16,23:20,5,2,1,1.0,7.0,51172,AVENUE DU LANGUEDOC,M,"49,2186857","4,0413137",51,2019,50.0,1.0,1.0,4.0,2155689,2.0,2,1,2,5.0,,-1.0,0,1996.0,B01,138Â 295Â 301,2.0,6.0,-1.0,1646053,2.0,33,,0.0,0.0,7.0,B01,138Â 295Â 301,1.0
964448,201900005979,9,16,23:20,5,2,1,1.0,7.0,51172,AVENUE DU LANGUEDOC,M,"49,2186857","4,0413137",51,2019,50.0,1.0,1.0,4.0,2155690,1.0,1,3,1,5.0,,-1.0,0,1997.0,B01,138Â 295Â 301,2.0,6.0,-1.0,1646053,2.0,33,,0.0,0.0,7.0,B01,138Â 295Â 301,1.0
964449,201900005980,9,16,20:25,5,2,2,1.0,3.0,51454,RUE GERBERT,M,"49,2509911","4,0407788",51,2019,50.0,1.0,1.0,4.0,2155691,1.0,1,1,1,1.0,,-1.0,0,1998.0,B01,138Â 295Â 299,1.0,8.0,-1.0,1646054,1.0,7,,0.0,2.0,3.0,B01,138Â 295Â 299,1.0
964449,201900005980,9,16,20:25,5,2,2,1.0,3.0,51454,RUE GERBERT,M,"49,2509911","4,0407788",51,2019,50.0,1.0,1.0,4.0,2155691,1.0,1,1,1,1.0,,-1.0,0,1998.0,B01,138Â 295Â 299,1.0,8.0,-1.0,1646055,1.0,33,,0.0,2.0,2.0,A01,138Â 295Â 300,1.0
964449,201900005980,9,16,20:25,5,2,2,1.0,3.0,51454,RUE GERBERT,M,"49,2509911","4,0407788",51,2019,50.0,1.0,1.0,4.0,2155692,1.0,1,3,1,5.0,,-1.0,0,1961.0,A01,138Â 295Â 300,2.0,8.0,-1.0,1646054,1.0,7,,0.0,2.0,3.0,B01,138Â 295Â 299,1.0
964449,201900005980,9,16,20:25,5,2,2,1.0,3.0,51454,RUE GERBERT,M,"49,2509911","4,0407788",51,2019,50.0,1.0,1.0,4.0,2155692,1.0,1,3,1,5.0,,-1.0,0,1961.0,A01,138Â 295Â 300,2.0,8.0,-1.0,1646055,1.0,33,,0.0,2.0,2.0,A01,138Â 295Â 300,1.0
964450,201900005981,9,16,10:19,1,2,1,1.0,7.0,49007,FULTON,M,"47,4637200"," -0,5566900",49,2019,30.0,1.0,1.0,4.0,2155693,1.0,1,4,1,0.0,,-1.0, -1,1991.0,A01,138Â 295Â 298,8.0,0.0,-1.0,1646056,1.0,1,,0.0,0.0,1.0,A01,138Â 295Â 298,5.0
964451,201900005982,9,16,08:36,1,2,1,1.0,6.0,49267,FLANDRE,M,"47,4801400"," -0,4962000",49,2019,60.0,1.0,1.0,4.0,2155694,1.0,1,1,1,0.0,,-1.0, -1,1978.0,A01,138Â 295Â 297,1.0,8.0,-1.0,1646057,1.0,7,,0.0,1.0,0.0,A01,138Â 295Â 297,1.0
964451,201900005982,9,16,08:36,1,2,1,1.0,6.0,49267,FLANDRE,M,"47,4801400"," -0,4962000",49,2019,60.0,1.0,1.0,4.0,2155695,10.0,3,4,2,0.0,,0.0,0,2012.0,A01,138Â 295Â 297,8.0,0.0,-1.0,1646057,1.0,7,,0.0,1.0,0.0,A01,138Â 295Â 297,1.0
964452,201900005983,9,15,14:22,1,2,1,1.0,2.0,49007,BON PASTEUR BOULEVARD,M,"47,4701200"," -0,5689500",49,2019,60.0,1.0,1.0,4.0,2155696,1.0,1,4,2,5.0,,-1.0,0,1990.0,B01,138Â 295Â 295,8.0,0.0,-1.0,1646058,1.0,1,,0.0,2.0,4.0,B01,138Â 295Â 295,5.0
964452,201900005983,9,15,14:22,1,2,1,1.0,2.0,49007,BON PASTEUR BOULEVARD,M,"47,4701200"," -0,5689500",49,2019,60.0,1.0,1.0,4.0,2155696,1.0,1,4,2,5.0,,-1.0,0,1990.0,B01,138Â 295Â 295,8.0,0.0,-1.0,1646059,1.0,7,,0.0,2.0,0.0,A01,138Â 295Â 296,1.0
964452,201900005983,9,15,14:22,1,2,1,1.0,2.0,49007,BON PASTEUR BOULEVARD,M,"47,4701200"," -0,5689500",49,2019,60.0,1.0,1.0,4.0,2155697,1.0,1,1,1,5.0,,-1.0, -1,1933.0,A01,138Â 295Â 296,1.0,8.0,-1.0,1646058,1.0,1,,0.0,2.0,4.0,B01,138Â 295Â 295,5.0
964452,201900005983,9,15,14:22,1,2,1,1.0,2.0,49007,BON PASTEUR BOULEVARD,M,"47,4701200"," -0,5689500",49,2019,60.0,1.0,1.0,4.0,2155697,1.0,1,1,1,5.0,,-1.0, -1,1933.0,A01,138Â 295Â 296,1.0,8.0,-1.0,1646059,1.0,7,,0.0,2.0,0.0,A01,138Â 295Â 296,1.0
964453,201900005984,9,14,08:47,1,2,1,1.0,3.0,49007,LIZE,M,"47,4900800"," -0,5661200",49,2019,60.0,1.0,1.0,4.0,2155698,1.0,1,1,1,0.0,,-1.0, -1,1959.0,A01,138Â 295Â 293,1.0,8.0,-1.0,1646060,1.0,7,,0.0,2.0,0.0,A01,138Â 295Â 293,1.0
964453,201900005984,9,14,08:47,1,2,1,1.0,3.0,49007,LIZE,M,"47,4900800"," -0,5661200",49,2019,60.0,1.0,1.0,4.0,2155698,1.0,1,1,1,0.0,,-1.0, -1,1959.0,A01,138Â 295Â 293,1.0,8.0,-1.0,1646061,1.0,33,,0.0,2.0,8.0,B01,138Â 295Â 294,1.0
964453,201900005984,9,14,08:47,1,2,1,1.0,3.0,49007,LIZE,M,"47,4900800"," -0,5661200",49,2019,60.0,1.0,1.0,4.0,2155699,1.0,1,4,2,5.0,,-1.0, -1,1975.0,B01,138Â 295Â 294,2.0,0.0,-1.0,1646060,1.0,7,,0.0,2.0,0.0,A01,138Â 295Â 293,1.0
964453,201900005984,9,14,08:47,1,2,1,1.0,3.0,49007,LIZE,M,"47,4900800"," -0,5661200",49,2019,60.0,1.0,1.0,4.0,2155699,1.0,1,4,2,5.0,,-1.0, -1,1975.0,B01,138Â 295Â 294,2.0,0.0,-1.0,1646061,1.0,33,,0.0,2.0,8.0,B01,138Â 295Â 294,1.0
964454,201900005985,9,13,14:14,1,2,1,1.0,1.0,49007,LORRAINE PLACE,M,"47,4704700"," -0,5477000",49,2019,60.0,1.0,1.0,4.0,2155700,8.0,2,3,2,0.0,,-1.0,0,1959.0,B01,138Â 295Â 291,8.0,0.0,-1.0,1646062,1.0,14,,0.0,2.0,3.0,B01,138Â 295Â 291,1.0
964454,201900005985,9,13,14:14,1,2,1,1.0,1.0,49007,LORRAINE PLACE,M,"47,4704700"," -0,5477000",49,2019,60.0,1.0,1.0,4.0,2155700,8.0,2,3,2,0.0,,-1.0,0,1959.0,B01,138Â 295Â 291,8.0,0.0,-1.0,1646063,1.0,7,,0.0,2.0,1.0,A01,138Â 295Â 292,1.0
964454,201900005985,9,13,14:14,1,2,1,1.0,1.0,49007,LORRAINE PLACE,M,"47,4704700"," -0,5477000",49,2019,60.0,1.0,1.0,4.0,2155701,1.0,1,1,1,4.0,,-1.0,0,1976.0,B01,138Â 295Â 291,1.0,8.0,-1.0,1646062,1.0,14,,0.0,2.0,3.0,B01,138Â 295Â 291,1.0
964454,201900005985,9,13,14:14,1,2,1,1.0,1.0,49007,LORRAINE PLACE,M,"47,4704700"," -0,5477000",49,2019,60.0,1.0,1.0,4.0,2155701,1.0,1,1,1,4.0,,-1.0,0,1976.0,B01,138Â 295Â 291,1.0,8.0,-1.0,1646063,1.0,7,,0.0,2.0,1.0,A01,138Â 295Â 292,1.0
964454,201900005985,9,13,14:14,1,2,1,1.0,1.0,49007,LORRAINE PLACE,M,"47,4704700"," -0,5477000",49,2019,60.0,1.0,1.0,4.0,2155702,1.0,1,1,2,0.0,,-1.0, -1,1942.0,A01,138Â 295Â 292,1.0,8.0,-1.0,1646062,1.0,14,,0.0,2.0,3.0,B01,138Â 295Â 291,1.0
964454,201900005985,9,13,14:14,1,2,1,1.0,1.0,49007,LORRAINE PLACE,M,"47,4704700"," -0,5477000",49,2019,60.0,1.0,1.0,4.0,2155702,1.0,1,1,2,0.0,,-1.0, -1,1942.0,A01,138Â 295Â 292,1.0,8.0,-1.0,1646063,1.0,7,,0.0,2.0,1.0,A01,138Â 295Â 292,1.0
964455,201900005986,9,6,10:45,1,2,2,1.0,3.0,44132,AVENUES POULIGOU / PETIT CANON ,M,"47,2490000"," -2,3080000",44,2019,50.0,1.0,1.0,4.0,2155703,1.0,1,1,1,3.0,,0.0,0,1928.0,A01,138Â 295Â 286,1.0,0.0,-1.0,1646064,0.0,7,,0.0,2.0,2.0,A01,138Â 295Â 286,0.0
964455,201900005986,9,6,10:45,1,2,2,1.0,3.0,44132,AVENUES POULIGOU / PETIT CANON ,M,"47,2490000"," -2,3080000",44,2019,50.0,1.0,1.0,4.0,2155703,1.0,1,1,1,3.0,,0.0,0,1928.0,A01,138Â 295Â 286,1.0,0.0,-1.0,1646065,3.0,1,,0.0,2.0,1.0,B01,138Â 295Â 287,5.0
964455,201900005986,9,6,10:45,1,2,2,1.0,3.0,44132,AVENUES POULIGOU / PETIT CANON ,M,"47,2490000"," -2,3080000",44,2019,50.0,1.0,1.0,4.0,2155704,2.0,1,4,2,5.0,,0.0,0,1963.0,B01,138Â 295Â 287,2.0,0.0,-1.0,1646064,0.0,7,,0.0,2.0,2.0,A01,138Â 295Â 286,0.0
964455,201900005986,9,6,10:45,1,2,2,1.0,3.0,44132,AVENUES POULIGOU / PETIT CANON ,M,"47,2490000"," -2,3080000",44,2019,50.0,1.0,1.0,4.0,2155704,2.0,1,4,2,5.0,,0.0,0,1963.0,B01,138Â 295Â 287,2.0,0.0,-1.0,1646065,3.0,1,,0.0,2.0,1.0,B01,138Â 295Â 287,5.0
964456,201900005987,9,17,08:24,1,2,1,1.0,6.0,37261,ALOUETTE (AVENUE),M,"47,3653124","0,7033628",37,2019,50.0,1.0,1.0,4.0,2155705,1.0,1,3,1,1.0,,-1.0,0,1996.0,A01,138Â 295Â 285,2.0,6.0,-1.0,1646066,3.0,33,,4.0,0.0,1.0,A01,138Â 295Â 285,1.0
964457,201900005988,9,17,11:25,1,2,1,1.0,2.0,35238,SAINT-HELIER,M,"48,1071763"," -1,6712523",35,2019,50.0,1.0,1.0,4.0,2155706,1.0,1,1,2,0.0,,-1.0, -1,1972.0,B01,138Â 295Â 283,1.0,0.0,-1.0,1646067,2.0,7,,0.0,2.0,4.0,B01,138Â 295Â 283,1.0
964457,201900005988,9,17,11:25,1,2,1,1.0,2.0,35238,SAINT-HELIER,M,"48,1071763"," -1,6712523",35,2019,50.0,1.0,1.0,4.0,2155706,1.0,1,1,2,0.0,,-1.0, -1,1972.0,B01,138Â 295Â 283,1.0,0.0,-1.0,1646068,2.0,33,,0.0,2.0,1.0,A01,138Â 295Â 284,1.0
964457,201900005988,9,17,11:25,1,2,1,1.0,2.0,35238,SAINT-HELIER,M,"48,1071763"," -1,6712523",35,2019,50.0,1.0,1.0,4.0,2155707,1.0,1,4,1,5.0,,-1.0,0,1956.0,A01,138Â 295Â 284,2.0,6.0,-1.0,1646067,2.0,7,,0.0,2.0,4.0,B01,138Â 295Â 283,1.0
964457,201900005988,9,17,11:25,1,2,1,1.0,2.0,35238,SAINT-HELIER,M,"48,1071763"," -1,6712523",35,2019,50.0,1.0,1.0,4.0,2155707,1.0,1,4,1,5.0,,-1.0,0,1956.0,A01,138Â 295Â 284,2.0,6.0,-1.0,1646068,2.0,33,,0.0,2.0,1.0,A01,138Â 295Â 284,1.0
964458,201900005989,9,16,15:00,1,2,2,7.0,3.0,33063,Q. de Bacalan / ProximitÃ© R. Lucien Faure,M,"44,8601690"," -0,5541700",33,2019,50.0,6.0,1.0,4.0,2155708,1.0,1,4,1,0.0,,-1.0, -1,1998.0,A01,138Â 295Â 281,8.0,0.0,-1.0,1646069,0.0,1,,0.0,-1.0,8.0,A01,138Â 295Â 281,5.0
964458,201900005989,9,16,15:00,1,2,2,7.0,3.0,33063,Q. de Bacalan / ProximitÃ© R. Lucien Faure,M,"44,8601690"," -0,5541700",33,2019,50.0,6.0,1.0,4.0,2155708,1.0,1,4,1,0.0,,-1.0, -1,1998.0,A01,138Â 295Â 281,8.0,0.0,-1.0,1646070,0.0,40,,0.0,2.0,1.0,B01,138Â 295Â 282,3.0
964458,201900005989,9,16,15:00,1,2,2,7.0,3.0,33063,Q. de Bacalan / ProximitÃ© R. Lucien Faure,M,"44,8601690"," -0,5541700",33,2019,50.0,6.0,1.0,4.0,2155709,1.0,1,1,1,4.0,,-1.0, -1,1981.0,B01,138Â 295Â 282,8.0,0.0,-1.0,1646069,0.0,1,,0.0,-1.0,8.0,A01,138Â 295Â 281,5.0
964458,201900005989,9,16,15:00,1,2,2,7.0,3.0,33063,Q. de Bacalan / ProximitÃ© R. Lucien Faure,M,"44,8601690"," -0,5541700",33,2019,50.0,6.0,1.0,4.0,2155709,1.0,1,1,1,4.0,,-1.0, -1,1981.0,B01,138Â 295Â 282,8.0,0.0,-1.0,1646070,0.0,40,,0.0,2.0,1.0,B01,138Â 295Â 282,3.0
964459,201900005990,9,17,17:30,1,1,1,1.0,3.0,33529,EUROPE (RUE DE L'),M,"44,6175100"," -1,1237300",33,2019,50.0,1.0,1.0,6.0,2155710,1.0,1,4,1,0.0,,-1.0, -1,1983.0,B01,138Â 295Â 279,2.0,0.0,-1.0,1646071,3.0,33,,0.0,2.0,1.0,B01,138Â 295Â 279,1.0
964459,201900005990,9,17,17:30,1,1,1,1.0,3.0,33529,EUROPE (RUE DE L'),M,"44,6175100"," -1,1237300",33,2019,50.0,1.0,1.0,6.0,2155710,1.0,1,4,1,0.0,,-1.0, -1,1983.0,B01,138Â 295Â 279,2.0,0.0,-1.0,1646072,3.0,7,,0.0,2.0,3.0,A01,138Â 295Â 280,3.0