Unnamed: 0_x,num_acc,mois,jour,hrmn,lum,agg,int,atm,col,com,adr,gps,lat,long,dep,annee,vma,situ,surf,catr,Unnamed: 0_y,place,catu,grav,sexe,trajet,secu,locp,actp,an_nais,num_veh_x,id_vehicule_x,secu1,secu2,secu3,Unnamed: 0,senc,catv,occutc,obs,obsm,choc,num_veh_y,id_vehicule_y,motor
964459,201900005990,9,17,17:30,1,1,1,1.0,3.0,33529,EUROPE (RUE DE L'),M,"44,6175100"," -1,1237300",33,2019,50.0,1.0,1.0,6.0,2155711,1.0,1,1,1,5.0,,-1.0, -1,1954.0,A01,138Â 295Â 280,1.0,0.0,-1.0,1646071,3.0,33,,0.0,2.0,1.0,B01,138Â 295Â 279,1.0
964459,201900005990,9,17,17:30,1,1,1,1.0,3.0,33529,EUROPE (RUE DE L'),M,"44,6175100"," -1,1237300",33,2019,50.0,1.0,1.0,6.0,2155711,1.0,1,1,1,5.0,,-1.0, -1,1954.0,A01,138Â 295Â 280,1.0,0.0,-1.0,1646072,3.0,7,,0.0,2.0,3.0,A01,138Â 295Â 280,3.0
964460,201900005991,9,16,18:15,1,2,1,1.0,3.0,31069,GRENADE (ROUTE DE),M,"43,6343100","1,3912200",31,2019,50.0,1.0,1.0,3.0,2155712,1.0,1,1,2,1.0,,-1.0,0,1968.0,A01,138Â 295Â 277,1.0,0.0,-1.0,1646073,1.0,7,,0.0,2.0,3.0,A01,138Â 295Â 277,1.0
964460,201900005991,9,16,18:15,1,2,1,1.0,3.0,31069,GRENADE (ROUTE DE),M,"43,6343100","1,3912200",31,2019,50.0,1.0,1.0,3.0,2155712,1.0,1,1,2,1.0,,-1.0,0,1968.0,A01,138Â 295Â 277,1.0,0.0,-1.0,1646074,1.0,1,,0.0,2.0,7.0,B01,138Â 295Â 278,5.0
964460,201900005991,9,16,18:15,1,2,1,1.0,3.0,31069,GRENADE (ROUTE DE),M,"43,6343100","1,3912200",31,2019,50.0,1.0,1.0,3.0,2155713,1.0,1,4,1,1.0,,-1.0,0,1994.0,B01,138Â 295Â 278,2.0,0.0,-1.0,1646073,1.0,7,,0.0,2.0,3.0,A01,138Â 295Â 277,1.0
964460,201900005991,9,16,18:15,1,2,1,1.0,3.0,31069,GRENADE (ROUTE DE),M,"43,6343100","1,3912200",31,2019,50.0,1.0,1.0,3.0,2155713,1.0,1,4,1,1.0,,-1.0,0,1994.0,B01,138Â 295Â 278,2.0,0.0,-1.0,1646074,1.0,1,,0.0,2.0,7.0,B01,138Â 295Â 278,5.0
964461,201900005992,9,16,21:40,5,2,1,1.0,3.0,31555,ALL CHARLES DE FITTE,M,"43,5961300","1,4320400",31,2019,50.0,1.0,1.0,4.0,2155714,1.0,1,4,2,9.0,,-1.0,0,1959.0,A01,138Â 295Â 276,8.0,0.0,-1.0,1646075,0.0,7,,0.0,2.0,0.0,Z01,138Â 295Â 275,1.0
964461,201900005992,9,16,21:40,5,2,1,1.0,3.0,31555,ALL CHARLES DE FITTE,M,"43,5961300","1,4320400",31,2019,50.0,1.0,1.0,4.0,2155714,1.0,1,4,2,9.0,,-1.0,0,1959.0,A01,138Â 295Â 276,8.0,0.0,-1.0,1646076,0.0,1,,0.0,2.0,1.0,A01,138Â 295Â 276,5.0
964462,201900005993,9,16,16:45,1,2,1,1.0,6.0,31555,SAINT EXUPERY (AV ANTOINE DE ) DU 2AU 23,M,"43,5851500","1,4669500",31,2019,50.0,1.0,1.0,3.0,2155715,1.0,1,1,1,9.0,,-1.0,0,1990.0,A01,138Â 295Â 274,1.0,8.0,-1.0,1646077,1.0,7,,0.0,1.0,1.0,A01,138Â 295Â 274,1.0
964462,201900005993,9,16,16:45,1,2,1,1.0,6.0,31555,SAINT EXUPERY (AV ANTOINE DE ) DU 2AU 23,M,"43,5851500","1,4669500",31,2019,50.0,1.0,1.0,3.0,2155716,10.0,3,4,1,9.0,,2.0,5,2005.0,A01,138Â 295Â 274,8.0,0.0,-1.0,1646077,1.0,7,,0.0,1.0,1.0,A01,138Â 295Â 274,1.0
964463,201900005994,9,16,12:00,1,2,1,1.0,4.0,30189,RANQUETTE (RUE),M,"43,4921000","4,2118900",30,2019,30.0,1.0,1.0,4.0,2155717,1.0,1,1,1,0.0,,-1.0, -1,1956.0,C01,138Â 295Â 271,1.0,0.0,-1.0,1646078,1.0,7,,0.0,2.0,4.0,C01,138Â 295Â 271,1.0
964463,201900005994,9,16,12:00,1,2,1,1.0,4.0,30189,RANQUETTE (RUE),M,"43,4921000","4,2118900",30,2019,30.0,1.0,1.0,4.0,2155717,1.0,1,1,1,0.0,,-1.0, -1,1956.0,C01,138Â 295Â 271,1.0,0.0,-1.0,1646079,1.0,7,,8.0,2.0,4.0,B01,138Â 295Â 272,1.0
964463,201900005994,9,16,12:00,1,2,1,1.0,4.0,30189,RANQUETTE (RUE),M,"43,4921000","4,2118900",30,2019,30.0,1.0,1.0,4.0,2155717,1.0,1,1,1,0.0,,-1.0, -1,1956.0,C01,138Â 295Â 271,1.0,0.0,-1.0,1646080,1.0,7,,0.0,2.0,1.0,A01,138Â 295Â 273,1.0
964463,201900005994,9,16,12:00,1,2,1,1.0,4.0,30189,RANQUETTE (RUE),M,"43,4921000","4,2118900",30,2019,30.0,1.0,1.0,4.0,2155718,1.0,1,4,1,0.0,,-1.0, -1,1995.0,B01,138Â 295Â 272,8.0,0.0,-1.0,1646078,1.0,7,,0.0,2.0,4.0,C01,138Â 295Â 271,1.0
964463,201900005994,9,16,12:00,1,2,1,1.0,4.0,30189,RANQUETTE (RUE),M,"43,4921000","4,2118900",30,2019,30.0,1.0,1.0,4.0,2155718,1.0,1,4,1,0.0,,-1.0, -1,1995.0,B01,138Â 295Â 272,8.0,0.0,-1.0,1646079,1.0,7,,8.0,2.0,4.0,B01,138Â 295Â 272,1.0
964463,201900005994,9,16,12:00,1,2,1,1.0,4.0,30189,RANQUETTE (RUE),M,"43,4921000","4,2118900",30,2019,30.0,1.0,1.0,4.0,2155718,1.0,1,4,1,0.0,,-1.0, -1,1995.0,B01,138Â 295Â 272,8.0,0.0,-1.0,1646080,1.0,7,,0.0,2.0,1.0,A01,138Â 295Â 273,1.0
964463,201900005994,9,16,12:00,1,2,1,1.0,4.0,30189,RANQUETTE (RUE),M,"43,4921000","4,2118900",30,2019,30.0,1.0,1.0,4.0,2155719,1.0,1,1,1,0.0,,-1.0, -1,2000.0,A01,138Â 295Â 273,1.0,0.0,-1.0,1646078,1.0,7,,0.0,2.0,4.0,C01,138Â 295Â 271,1.0
964463,201900005994,9,16,12:00,1,2,1,1.0,4.0,30189,RANQUETTE (RUE),M,"43,4921000","4,2118900",30,2019,30.0,1.0,1.0,4.0,2155719,1.0,1,1,1,0.0,,-1.0, -1,2000.0,A01,138Â 295Â 273,1.0,0.0,-1.0,1646079,1.0,7,,8.0,2.0,4.0,B01,138Â 295Â 272,1.0
964463,201900005994,9,16,12:00,1,2,1,1.0,4.0,30189,RANQUETTE (RUE),M,"43,4921000","4,2118900",30,2019,30.0,1.0,1.0,4.0,2155719,1.0,1,1,1,0.0,,-1.0, -1,2000.0,A01,138Â 295Â 273,1.0,0.0,-1.0,1646080,1.0,7,,0.0,2.0,1.0,A01,138Â 295Â 273,1.0
964464,201900005995,9,17,12:30,1,1,1,1.0,1.0,28229,D939,M,"48,4654100","1,4230600",28,2019,80.0,1.0,1.0,3.0,2155720,1.0,1,3,1,9.0,,-1.0, -1,2001.0,A01,138Â 295Â 267,1.0,8.0,-1.0,1646081,3.0,7,,0.0,2.0,3.0,A01,138Â 295Â 267,1.0
964464,201900005995,9,17,12:30,1,1,1,1.0,1.0,28229,D939,M,"48,4654100","1,4230600",28,2019,80.0,1.0,1.0,3.0,2155720,1.0,1,3,1,9.0,,-1.0, -1,2001.0,A01,138Â 295Â 267,1.0,8.0,-1.0,1646082,3.0,7,,0.0,2.0,3.0,B01,138Â 295Â 268,1.0
964464,201900005995,9,17,12:30,1,1,1,1.0,1.0,28229,D939,M,"48,4654100","1,4230600",28,2019,80.0,1.0,1.0,3.0,2155721,1.0,1,4,2,1.0,,-1.0, -1,1982.0,B01,138Â 295Â 268,1.0,0.0,-1.0,1646081,3.0,7,,0.0,2.0,3.0,A01,138Â 295Â 267,1.0
964464,201900005995,9,17,12:30,1,1,1,1.0,1.0,28229,D939,M,"48,4654100","1,4230600",28,2019,80.0,1.0,1.0,3.0,2155721,1.0,1,4,2,1.0,,-1.0, -1,1982.0,B01,138Â 295Â 268,1.0,0.0,-1.0,1646082,3.0,7,,0.0,2.0,3.0,B01,138Â 295Â 268,1.0
964465,201900005996,9,16,11:30,1,2,2,1.0,3.0,17306,REGAZZONI (AVENUE CHARLES),M,"45,6346400"," -1,0354600",17,2019,50.0,1.0,1.0,4.0,2155722,1.0,1,4,1,1.0,,-1.0,0,2001.0,A01,138Â 295Â 265,2.0,6.0,-1.0,1646083,3.0,30,,0.0,2.0,4.0,A01,138Â 295Â 265,1.0
964465,201900005996,9,16,11:30,1,2,2,1.0,3.0,17306,REGAZZONI (AVENUE CHARLES),M,"45,6346400"," -1,0354600",17,2019,50.0,1.0,1.0,4.0,2155722,1.0,1,4,1,1.0,,-1.0,0,2001.0,A01,138Â 295Â 265,2.0,6.0,-1.0,1646084,3.0,7,,0.0,2.0,3.0,B01,138Â 295Â 266,1.0
964465,201900005996,9,16,11:30,1,2,2,1.0,3.0,17306,REGAZZONI (AVENUE CHARLES),M,"45,6346400"," -1,0354600",17,2019,50.0,1.0,1.0,4.0,2155723,1.0,1,1,2,5.0,,-1.0,0,1943.0,B01,138Â 295Â 266,1.0,0.0,-1.0,1646083,3.0,30,,0.0,2.0,4.0,A01,138Â 295Â 265,1.0
964465,201900005996,9,16,11:30,1,2,2,1.0,3.0,17306,REGAZZONI (AVENUE CHARLES),M,"45,6346400"," -1,0354600",17,2019,50.0,1.0,1.0,4.0,2155723,1.0,1,1,2,5.0,,-1.0,0,1943.0,B01,138Â 295Â 266,1.0,0.0,-1.0,1646084,3.0,7,,0.0,2.0,3.0,B01,138Â 295Â 266,1.0
964466,201900005997,9,16,12:00,1,2,1,1.0,6.0,14366,SAINTE ANNE (BOULEVARD),M,"49,1438723","0,2212983",14,2019,30.0,1.0,1.0,6.0,2155724,1.0,1,1,1,4.0,,0.0,0,1966.0,A01,138Â 295Â 264,1.0,8.0,-1.0,1646085,3.0,10,,0.0,1.0,4.0,A01,138Â 295Â 264,1.0
964466,201900005997,9,16,12:00,1,2,1,1.0,6.0,14366,SAINTE ANNE (BOULEVARD),M,"49,1438723","0,2212983",14,2019,30.0,1.0,1.0,6.0,2155725,10.0,3,3,2,5.0,,7.0,4,1948.0,A01,138Â 295Â 264,8.0,0.0,-1.0,1646085,3.0,10,,0.0,1.0,4.0,A01,138Â 295Â 264,1.0
964467,201900005998,9,17,11:21,1,2,1,1.0,7.0,14333,JEAN DE VIENNE (COURS),M,"49,4128600","0,2529400",14,2019,50.0,1.0,1.0,9.0,2155726,1.0,1,3,2,5.0,,0.0,0,1970.0,A01,138Â 295Â 263,2.0,8.0,-1.0,1646086,1.0,30,,2.0,2.0,1.0,A01,138Â 295Â 263,1.0
964468,201900005999,9,17,17:10,1,2,2,1.0,3.0,13206,TROIS FRERES (RUE DES),M,"43,2923000","5,3834500",13,2019,50.0,1.0,1.0,4.0,2155727,1.0,1,4,1,0.0,,-1.0,0,1967.0,A01,138Â 295Â 261,8.0,8.0,-1.0,1646087,1.0,30,,0.0,2.0,1.0,A01,138Â 295Â 261,1.0
964468,201900005999,9,17,17:10,1,2,2,1.0,3.0,13206,TROIS FRERES (RUE DES),M,"43,2923000","5,3834500",13,2019,50.0,1.0,1.0,4.0,2155727,1.0,1,4,1,0.0,,-1.0,0,1967.0,A01,138Â 295Â 261,8.0,8.0,-1.0,1646088,2.0,7,,0.0,6.0,2.0,B01,138Â 295Â 262,1.0
964468,201900005999,9,17,17:10,1,2,2,1.0,3.0,13206,TROIS FRERES (RUE DES),M,"43,2923000","5,3834500",13,2019,50.0,1.0,1.0,4.0,2155728,1.0,1,1,1,0.0,,-1.0, -1,1980.0,B01,138Â 295Â 262,1.0,8.0,-1.0,1646087,1.0,30,,0.0,2.0,1.0,A01,138Â 295Â 261,1.0
964468,201900005999,9,17,17:10,1,2,2,1.0,3.0,13206,TROIS FRERES (RUE DES),M,"43,2923000","5,3834500",13,2019,50.0,1.0,1.0,4.0,2155728,1.0,1,1,1,0.0,,-1.0, -1,1980.0,B01,138Â 295Â 262,1.0,8.0,-1.0,1646088,2.0,7,,0.0,6.0,2.0,B01,138Â 295Â 262,1.0
964469,201900006000,9,17,08:10,1,2,1,1.0,4.0,13208,PRADO (AVENUE DU),M,"43,2754050","5,3896310",13,2019,50.0,1.0,1.0,4.0,2155729,1.0,1,1,2,5.0,,-1.0,0,1984.0,A01,138Â 295Â 256,1.0,0.0,-1.0,1646089,1.0,7,,0.0,2.0,1.0,A01,138Â 295Â 256,0.0
964469,201900006000,9,17,08:10,1,2,1,1.0,4.0,13208,PRADO (AVENUE DU),M,"43,2754050","5,3896310",13,2019,50.0,1.0,1.0,4.0,2155729,1.0,1,1,2,5.0,,-1.0,0,1984.0,A01,138Â 295Â 256,1.0,0.0,-1.0,1646090,1.0,7,,0.0,2.0,4.0,B01,138Â 295Â 257,0.0
964469,201900006000,9,17,08:10,1,2,1,1.0,4.0,13208,PRADO (AVENUE DU),M,"43,2754050","5,3896310",13,2019,50.0,1.0,1.0,4.0,2155729,1.0,1,1,2,5.0,,-1.0,0,1984.0,A01,138Â 295Â 256,1.0,0.0,-1.0,1646091,1.0,7,,0.0,2.0,4.0,C01,138Â 295Â 258,0.0
964469,201900006000,9,17,08:10,1,2,1,1.0,4.0,13208,PRADO (AVENUE DU),M,"43,2754050","5,3896310",13,2019,50.0,1.0,1.0,4.0,2155729,1.0,1,1,2,5.0,,-1.0,0,1984.0,A01,138Â 295Â 256,1.0,0.0,-1.0,1646092,1.0,7,,0.0,2.0,4.0,D01,138Â 295Â 259,0.0
964469,201900006000,9,17,08:10,1,2,1,1.0,4.0,13208,PRADO (AVENUE DU),M,"43,2754050","5,3896310",13,2019,50.0,1.0,1.0,4.0,2155729,1.0,1,1,2,5.0,,-1.0,0,1984.0,A01,138Â 295Â 256,1.0,0.0,-1.0,1646093,1.0,7,,0.0,2.0,4.0,E01,138Â 295Â 260,0.0
964469,201900006000,9,17,08:10,1,2,1,1.0,4.0,13208,PRADO (AVENUE DU),M,"43,2754050","5,3896310",13,2019,50.0,1.0,1.0,4.0,2155730,1.0,1,4,2,1.0,,-1.0,0,1965.0,B01,138Â 295Â 257,1.0,0.0,-1.0,1646089,1.0,7,,0.0,2.0,1.0,A01,138Â 295Â 256,0.0
964469,201900006000,9,17,08:10,1,2,1,1.0,4.0,13208,PRADO (AVENUE DU),M,"43,2754050","5,3896310",13,2019,50.0,1.0,1.0,4.0,2155730,1.0,1,4,2,1.0,,-1.0,0,1965.0,B01,138Â 295Â 257,1.0,0.0,-1.0,1646090,1.0,7,,0.0,2.0,4.0,B01,138Â 295Â 257,0.0
964469,201900006000,9,17,08:10,1,2,1,1.0,4.0,13208,PRADO (AVENUE DU),M,"43,2754050","5,3896310",13,2019,50.0,1.0,1.0,4.0,2155730,1.0,1,4,2,1.0,,-1.0,0,1965.0,B01,138Â 295Â 257,1.0,0.0,-1.0,1646091,1.0,7,,0.0,2.0,4.0,C01,138Â 295Â 258,0.0
964469,201900006000,9,17,08:10,1,2,1,1.0,4.0,13208,PRADO (AVENUE DU),M,"43,2754050","5,3896310",13,2019,50.0,1.0,1.0,4.0,2155730,1.0,1,4,2,1.0,,-1.0,0,1965.0,B01,138Â 295Â 257,1.0,0.0,-1.0,1646092,1.0,7,,0.0,2.0,4.0,D01,138Â 295Â 259,0.0
964469,201900006000,9,17,08:10,1,2,1,1.0,4.0,13208,PRADO (AVENUE DU),M,"43,2754050","5,3896310",13,2019,50.0,1.0,1.0,4.0,2155730,1.0,1,4,2,1.0,,-1.0,0,1965.0,B01,138Â 295Â 257,1.0,0.0,-1.0,1646093,1.0,7,,0.0,2.0,4.0,E01,138Â 295Â 260,0.0
964469,201900006000,9,17,08:10,1,2,1,1.0,4.0,13208,PRADO (AVENUE DU),M,"43,2754050","5,3896310",13,2019,50.0,1.0,1.0,4.0,2155731,1.0,1,1,2,5.0,,-1.0,0,1972.0,C01,138Â 295Â 258,1.0,0.0,-1.0,1646089,1.0,7,,0.0,2.0,1.0,A01,138Â 295Â 256,0.0
964469,201900006000,9,17,08:10,1,2,1,1.0,4.0,13208,PRADO (AVENUE DU),M,"43,2754050","5,3896310",13,2019,50.0,1.0,1.0,4.0,2155731,1.0,1,1,2,5.0,,-1.0,0,1972.0,C01,138Â 295Â 258,1.0,0.0,-1.0,1646090,1.0,7,,0.0,2.0,4.0,B01,138Â 295Â 257,0.0
964469,201900006000,9,17,08:10,1,2,1,1.0,4.0,13208,PRADO (AVENUE DU),M,"43,2754050","5,3896310",13,2019,50.0,1.0,1.0,4.0,2155731,1.0,1,1,2,5.0,,-1.0,0,1972.0,C01,138Â 295Â 258,1.0,0.0,-1.0,1646091,1.0,7,,0.0,2.0,4.0,C01,138Â 295Â 258,0.0
964469,201900006000,9,17,08:10,1,2,1,1.0,4.0,13208,PRADO (AVENUE DU),M,"43,2754050","5,3896310",13,2019,50.0,1.0,1.0,4.0,2155731,1.0,1,1,2,5.0,,-1.0,0,1972.0,C01,138Â 295Â 258,1.0,0.0,-1.0,1646092,1.0,7,,0.0,2.0,4.0,D01,138Â 295Â 259,0.0
964469,201900006000,9,17,08:10,1,2,1,1.0,4.0,13208,PRADO (AVENUE DU),M,"43,2754050","5,3896310",13,2019,50.0,1.0,1.0,4.0,2155731,1.0,1,1,2,5.0,,-1.0,0,1972.0,C01,138Â 295Â 258,1.0,0.0,-1.0,1646093,1.0,7,,0.0,2.0,4.0,E01,138Â 295Â 260,0.0
964469,201900006000,9,17,08:10,1,2,1,1.0,4.0,13208,PRADO (AVENUE DU),M,"43,2754050","5,3896310",13,2019,50.0,1.0,1.0,4.0,2155732,1.0,1,1,1,5.0,,-1.0,0,1959.0,D01,138Â 295Â 259,1.0,0.0,-1.0,1646089,1.0,7,,0.0,2.0,1.0,A01,138Â 295Â 256,0.0
964469,201900006000,9,17,08:10,1,2,1,1.0,4.0,13208,PRADO (AVENUE DU),M,"43,2754050","5,3896310",13,2019,50.0,1.0,1.0,4.0,2155732,1.0,1,1,1,5.0,,-1.0,0,1959.0,D01,138Â 295Â 259,1.0,0.0,-1.0,1646090,1.0,7,,0.0,2.0,4.0,B01,138Â 295Â 257,0.0
964469,201900006000,9,17,08:10,1,2,1,1.0,4.0,13208,PRADO (AVENUE DU),M,"43,2754050","5,3896310",13,2019,50.0,1.0,1.0,4.0,2155732,1.0,1,1,1,5.0,,-1.0,0,1959.0,D01,138Â 295Â 259,1.0,0.0,-1.0,1646091,1.0,7,,0.0,2.0,4.0,C01,138Â 295Â 258,0.0
964469,201900006000,9,17,08:10,1,2,1,1.0,4.0,13208,PRADO (AVENUE DU),M,"43,2754050","5,3896310",13,2019,50.0,1.0,1.0,4.0,2155732,1.0,1,1,1,5.0,,-1.0,0,1959.0,D01,138Â 295Â 259,1.0,0.0,-1.0,1646092,1.0,7,,0.0,2.0,4.0,D01,138Â 295Â 259,0.0
964469,201900006000,9,17,08:10,1,2,1,1.0,4.0,13208,PRADO (AVENUE DU),M,"43,2754050","5,3896310",13,2019,50.0,1.0,1.0,4.0,2155732,1.0,1,1,1,5.0,,-1.0,0,1959.0,D01,138Â 295Â 259,1.0,0.0,-1.0,1646093,1.0,7,,0.0,2.0,4.0,E01,138Â 295Â 260,0.0
964469,201900006000,9,17,08:10,1,2,1,1.0,4.0,13208,PRADO (AVENUE DU),M,"43,2754050","5,3896310",13,2019,50.0,1.0,1.0,4.0,2155733,1.0,1,1,1,5.0,,-1.0,0,1962.0,E01,138Â 295Â 260,1.0,0.0,-1.0,1646089,1.0,7,,0.0,2.0,1.0,A01,138Â 295Â 256,0.0
964469,201900006000,9,17,08:10,1,2,1,1.0,4.0,13208,PRADO (AVENUE DU),M,"43,2754050","5,3896310",13,2019,50.0,1.0,1.0,4.0,2155733,1.0,1,1,1,5.0,,-1.0,0,1962.0,E01,138Â 295Â 260,1.0,0.0,-1.0,1646090,1.0,7,,0.0,2.0,4.0,B01,138Â 295Â 257,0.0
964469,201900006000,9,17,08:10,1,2,1,1.0,4.0,13208,PRADO (AVENUE DU),M,"43,2754050","5,3896310",13,2019,50.0,1.0,1.0,4.0,2155733,1.0,1,1,1,5.0,,-1.0,0,1962.0,E01,138Â 295Â 260,1.0,0.0,-1.0,1646091,1.0,7,,0.0,2.0,4.0,C01,138Â 295Â 258,0.0
964469,201900006000,9,17,08:10,1,2,1,1.0,4.0,13208,PRADO (AVENUE DU),M,"43,2754050","5,3896310",13,2019,50.0,1.0,1.0,4.0,2155733,1.0,1,1,1,5.0,,-1.0,0,1962.0,E01,138Â 295Â 260,1.0,0.0,-1.0,1646092,1.0,7,,0.0,2.0,4.0,D01,138Â 295Â 259,0.0
964469,201900006000,9,17,08:10,1,2,1,1.0,4.0,13208,PRADO (AVENUE DU),M,"43,2754050","5,3896310",13,2019,50.0,1.0,1.0,4.0,2155733,1.0,1,1,1,5.0,,-1.0,0,1962.0,E01,138Â 295Â 260,1.0,0.0,-1.0,1646093,1.0,7,,0.0,2.0,4.0,E01,138Â 295Â 260,0.0
964470,201900006001,9,17,08:00,1,2,1,1.0,3.0,13208,ANDRE ZENATTI (AVENUE),M,"43,2458500","5,3905500",13,2019,50.0,2.0,1.0,4.0,2155734,1.0,1,4,1,2.0,,-1.0,0,2003.0,B01,138Â 295Â 254,2.0,6.0,-1.0,1646094,2.0,2,,0.0,2.0,1.0,B01,138Â 295Â 254,1.0
964470,201900006001,9,17,08:00,1,2,1,1.0,3.0,13208,ANDRE ZENATTI (AVENUE),M,"43,2458500","5,3905500",13,2019,50.0,2.0,1.0,4.0,2155734,1.0,1,4,1,2.0,,-1.0,0,2003.0,B01,138Â 295Â 254,2.0,6.0,-1.0,1646095,2.0,7,,0.0,2.0,8.0,A01,138Â 295Â 255,1.0
964470,201900006001,9,17,08:00,1,2,1,1.0,3.0,13208,ANDRE ZENATTI (AVENUE),M,"43,2458500","5,3905500",13,2019,50.0,2.0,1.0,4.0,2155735,1.0,1,4,2,5.0,,-1.0,0,1978.0,A01,138Â 295Â 255,1.0,0.0,-1.0,1646094,2.0,2,,0.0,2.0,1.0,B01,138Â 295Â 254,1.0
964470,201900006001,9,17,08:00,1,2,1,1.0,3.0,13208,ANDRE ZENATTI (AVENUE),M,"43,2458500","5,3905500",13,2019,50.0,2.0,1.0,4.0,2155735,1.0,1,4,2,5.0,,-1.0,0,1978.0,A01,138Â 295Â 255,1.0,0.0,-1.0,1646095,2.0,7,,0.0,2.0,8.0,A01,138Â 295Â 255,1.0
964471,201900006002,9,17,07:50,1,2,3,1.0,3.0,13209,AVIATEUR LE BRIX (RUE),M,"43,2598092","5,4022777",13,2019,50.0,1.0,1.0,4.0,2155736,1.0,1,1,1,1.0,,-1.0,0,1971.0,A01,138Â 295Â 252,1.0,0.0,-1.0,1646096,0.0,7,,0.0,2.0,3.0,A01,138Â 295Â 252,1.0
964471,201900006002,9,17,07:50,1,2,3,1.0,3.0,13209,AVIATEUR LE BRIX (RUE),M,"43,2598092","5,4022777",13,2019,50.0,1.0,1.0,4.0,2155736,1.0,1,1,1,1.0,,-1.0,0,1971.0,A01,138Â 295Â 252,1.0,0.0,-1.0,1646097,3.0,34,,0.0,2.0,1.0,B01,138Â 295Â 253,1.0
964471,201900006002,9,17,07:50,1,2,3,1.0,3.0,13209,AVIATEUR LE BRIX (RUE),M,"43,2598092","5,4022777",13,2019,50.0,1.0,1.0,4.0,2155737,1.0,1,4,1,1.0,,-1.0,0,1975.0,B01,138Â 295Â 253,2.0,6.0,-1.0,1646096,0.0,7,,0.0,2.0,3.0,A01,138Â 295Â 252,1.0
964471,201900006002,9,17,07:50,1,2,3,1.0,3.0,13209,AVIATEUR LE BRIX (RUE),M,"43,2598092","5,4022777",13,2019,50.0,1.0,1.0,4.0,2155737,1.0,1,4,1,1.0,,-1.0,0,1975.0,B01,138Â 295Â 253,2.0,6.0,-1.0,1646097,3.0,34,,0.0,2.0,1.0,B01,138Â 295Â 253,1.0
964472,201900006003,9,17,07:00,2,2,1,1.0,3.0,13005,RN 96 (ROUTE NATIONALE ),M,"43,3062400","5,5737000",13,2019,50.0,1.0,1.0,4.0,2155738,1.0,1,4,1,0.0,,-1.0, -1,1998.0,B01,138Â 295Â 250,8.0,0.0,-1.0,1646098,1.0,33,,0.0,2.0,1.0,B01,138Â 295Â 250,1.0
964472,201900006003,9,17,07:00,2,2,1,1.0,3.0,13005,RN 96 (ROUTE NATIONALE ),M,"43,3062400","5,5737000",13,2019,50.0,1.0,1.0,4.0,2155738,1.0,1,4,1,0.0,,-1.0, -1,1998.0,B01,138Â 295Â 250,8.0,0.0,-1.0,1646099,1.0,7,,0.0,2.0,3.0,A01,138Â 295Â 251,1.0
964472,201900006003,9,17,07:00,2,2,1,1.0,3.0,13005,RN 96 (ROUTE NATIONALE ),M,"43,3062400","5,5737000",13,2019,50.0,1.0,1.0,4.0,2155739,1.0,1,4,2,5.0,,-1.0, -1,1940.0,A01,138Â 295Â 251,8.0,0.0,-1.0,1646098,1.0,33,,0.0,2.0,1.0,B01,138Â 295Â 250,1.0
964472,201900006003,9,17,07:00,2,2,1,1.0,3.0,13005,RN 96 (ROUTE NATIONALE ),M,"43,3062400","5,5737000",13,2019,50.0,1.0,1.0,4.0,2155739,1.0,1,4,2,5.0,,-1.0, -1,1940.0,A01,138Â 295Â 251,8.0,0.0,-1.0,1646099,1.0,7,,0.0,2.0,3.0,A01,138Â 295Â 251,1.0
964472,201900006003,9,17,07:00,2,2,1,1.0,3.0,13005,RN 96 (ROUTE NATIONALE ),M,"43,3062400","5,5737000",13,2019,50.0,1.0,1.0,4.0,2155740,2.0,2,1,1,5.0,,-1.0, -1,1938.0,A01,138Â 295Â 251,8.0,0.0,-1.0,1646098,1.0,33,,0.0,2.0,1.0,B01,138Â 295Â 250,1.0
964472,201900006003,9,17,07:00,2,2,1,1.0,3.0,13005,RN 96 (ROUTE NATIONALE ),M,"43,3062400","5,5737000",13,2019,50.0,1.0,1.0,4.0,2155740,2.0,2,1,1,5.0,,-1.0, -1,1938.0,A01,138Â 295Â 251,8.0,0.0,-1.0,1646099,1.0,7,,0.0,2.0,3.0,A01,138Â 295Â 251,1.0
964473,201900006004,9,16,12:10,1,1,3,1.0,3.0,13005,RD 43 C,M,"43,3015200","5,5915300",13,2019,70.0,1.0,1.0,3.0,2155741,1.0,1,3,1,1.0,,-1.0, -1,1969.0,B01,138Â 295Â 248,2.0,0.0,-1.0,1646100,1.0,32,,0.0,2.0,1.0,B01,138Â 295Â 248,1.0
964473,201900006004,9,16,12:10,1,1,3,1.0,3.0,13005,RD 43 C,M,"43,3015200","5,5915300",13,2019,70.0,1.0,1.0,3.0,2155741,1.0,1,3,1,1.0,,-1.0, -1,1969.0,B01,138Â 295Â 248,2.0,0.0,-1.0,1646101,2.0,10,,0.0,2.0,3.0,A01,138Â 295Â 249,1.0
964473,201900006004,9,16,12:10,1,1,3,1.0,3.0,13005,RD 43 C,M,"43,3015200","5,5915300",13,2019,70.0,1.0,1.0,3.0,2155742,1.0,1,1,1,5.0,,-1.0, -1,1976.0,A01,138Â 295Â 249,1.0,8.0,-1.0,1646100,1.0,32,,0.0,2.0,1.0,B01,138Â 295Â 248,1.0
964473,201900006004,9,16,12:10,1,1,3,1.0,3.0,13005,RD 43 C,M,"43,3015200","5,5915300",13,2019,70.0,1.0,1.0,3.0,2155742,1.0,1,1,1,5.0,,-1.0, -1,1976.0,A01,138Â 295Â 249,1.0,8.0,-1.0,1646101,2.0,10,,0.0,2.0,3.0,A01,138Â 295Â 249,1.0