Unnamed: 0_x,num_acc,mois,jour,hrmn,lum,agg,int,atm,col,com,adr,gps,lat,long,dep,annee,vma,situ,surf,catr,Unnamed: 0_y,place,catu,grav,sexe,trajet,secu,locp,actp,an_nais,num_veh_x,id_vehicule_x,secu1,secu2,secu3,Unnamed: 0,senc,catv,occutc,obs,obsm,choc,num_veh_y,id_vehicule_y,motor
964474,201900006005,9,16,15:10,1,2,1,7.0,2.0,10387,EDMOND MICHELET (RUE),M,"48,2842172","4,0601481",10,2019,50.0,1.0,1.0,4.0,2155743,1.0,1,4,1,0.0,,-1.0, -1,1995.0,A01,138Â 295Â 246,2.0,6.0,-1.0,1646102,2.0,30,,0.0,2.0,1.0,A01,138Â 295Â 246,1.0
964474,201900006005,9,16,15:10,1,2,1,7.0,2.0,10387,EDMOND MICHELET (RUE),M,"48,2842172","4,0601481",10,2019,50.0,1.0,1.0,4.0,2155743,1.0,1,4,1,0.0,,-1.0, -1,1995.0,A01,138Â 295Â 246,2.0,6.0,-1.0,1646103,2.0,7,,0.0,2.0,4.0,B01,138Â 295Â 247,1.0
964474,201900006005,9,16,15:10,1,2,1,7.0,2.0,10387,EDMOND MICHELET (RUE),M,"48,2842172","4,0601481",10,2019,50.0,1.0,1.0,4.0,2155744,1.0,1,1,2,9.0,,-1.0, -1,1942.0,B01,138Â 295Â 247,1.0,8.0,-1.0,1646102,2.0,30,,0.0,2.0,1.0,A01,138Â 295Â 246,1.0
964474,201900006005,9,16,15:10,1,2,1,7.0,2.0,10387,EDMOND MICHELET (RUE),M,"48,2842172","4,0601481",10,2019,50.0,1.0,1.0,4.0,2155744,1.0,1,1,2,9.0,,-1.0, -1,1942.0,B01,138Â 295Â 247,1.0,8.0,-1.0,1646103,2.0,7,,0.0,2.0,4.0,B01,138Â 295Â 247,1.0
964475,201900006006,9,16,13:31,1,2,1,1.0,1.0,10362,MALADIERE (RUE DE LA),M,"48,2931200","4,0254000",10,2019,50.0,1.0,1.0,4.0,2155745,1.0,1,1,2,5.0,,-1.0, -1,1977.0,B01,138Â 295Â 244,1.0,8.0,-1.0,1646104,3.0,7,,0.0,2.0,1.0,B01,138Â 295Â 244,1.0
964475,201900006006,9,16,13:31,1,2,1,1.0,1.0,10362,MALADIERE (RUE DE LA),M,"48,2931200","4,0254000",10,2019,50.0,1.0,1.0,4.0,2155745,1.0,1,1,2,5.0,,-1.0, -1,1977.0,B01,138Â 295Â 244,1.0,8.0,-1.0,1646105,3.0,30,,0.0,2.0,8.0,A01,138Â 295Â 245,1.0
964475,201900006006,9,16,13:31,1,2,1,1.0,1.0,10362,MALADIERE (RUE DE LA),M,"48,2931200","4,0254000",10,2019,50.0,1.0,1.0,4.0,2155746,1.0,1,4,1,0.0,,-1.0, -1,1993.0,A01,138Â 295Â 245,2.0,8.0,-1.0,1646104,3.0,7,,0.0,2.0,1.0,B01,138Â 295Â 244,1.0
964475,201900006006,9,16,13:31,1,2,1,1.0,1.0,10362,MALADIERE (RUE DE LA),M,"48,2931200","4,0254000",10,2019,50.0,1.0,1.0,4.0,2155746,1.0,1,4,1,0.0,,-1.0, -1,1993.0,A01,138Â 295Â 245,2.0,8.0,-1.0,1646105,3.0,30,,0.0,2.0,8.0,A01,138Â 295Â 245,1.0
964476,201900006007,9,17,13:55,1,2,2,1.0,3.0,06088,BAQUIS (AV.),M,"43,7002950","7,2622590",6,2019,50.0,4.0,1.0,4.0,2155747,1.0,1,1,1,5.0,,0.0,0,1965.0,A01,138Â 295Â 242,1.0,0.0,-1.0,1646106,1.0,7,,0.0,2.0,3.0,A01,138Â 295Â 242,1.0
964476,201900006007,9,17,13:55,1,2,2,1.0,3.0,06088,BAQUIS (AV.),M,"43,7002950","7,2622590",6,2019,50.0,4.0,1.0,4.0,2155747,1.0,1,1,1,5.0,,0.0,0,1965.0,A01,138Â 295Â 242,1.0,0.0,-1.0,1646107,1.0,7,,12.0,1.0,3.0,B01,138Â 295Â 243,1.0
964476,201900006007,9,17,13:55,1,2,2,1.0,3.0,06088,BAQUIS (AV.),M,"43,7002950","7,2622590",6,2019,50.0,4.0,1.0,4.0,2155748,10.0,3,4,2,5.0,,5.0,3,1964.0,B01,138Â 295Â 243,8.0,0.0,-1.0,1646106,1.0,7,,0.0,2.0,3.0,A01,138Â 295Â 242,1.0
964476,201900006007,9,17,13:55,1,2,2,1.0,3.0,06088,BAQUIS (AV.),M,"43,7002950","7,2622590",6,2019,50.0,4.0,1.0,4.0,2155748,10.0,3,4,2,5.0,,5.0,3,1964.0,B01,138Â 295Â 243,8.0,0.0,-1.0,1646107,1.0,7,,12.0,1.0,3.0,B01,138Â 295Â 243,1.0
964476,201900006007,9,17,13:55,1,2,2,1.0,3.0,06088,BAQUIS (AV.),M,"43,7002950","7,2622590",6,2019,50.0,4.0,1.0,4.0,2155749,1.0,1,1,2,4.0,,0.0,0,1993.0,B01,138Â 295Â 243,1.0,0.0,-1.0,1646106,1.0,7,,0.0,2.0,3.0,A01,138Â 295Â 242,1.0
964476,201900006007,9,17,13:55,1,2,2,1.0,3.0,06088,BAQUIS (AV.),M,"43,7002950","7,2622590",6,2019,50.0,4.0,1.0,4.0,2155749,1.0,1,1,2,4.0,,0.0,0,1993.0,B01,138Â 295Â 243,1.0,0.0,-1.0,1646107,1.0,7,,12.0,1.0,3.0,B01,138Â 295Â 243,1.0
964477,201900006008,9,17,13:00,1,2,3,1.0,3.0,06088,QUAI DES ETATS UNIS,M,"43,6949250","7,2769280",6,2019,50.0,1.0,1.0,4.0,2155750,1.0,1,4,1,9.0,,0.0,0,1956.0,A01,138Â 295Â 240,2.0,6.0,-1.0,1646108,1.0,34,,0.0,2.0,2.0,A01,138Â 295Â 240,1.0
964477,201900006008,9,17,13:00,1,2,3,1.0,3.0,06088,QUAI DES ETATS UNIS,M,"43,6949250","7,2769280",6,2019,50.0,1.0,1.0,4.0,2155750,1.0,1,4,1,9.0,,0.0,0,1956.0,A01,138Â 295Â 240,2.0,6.0,-1.0,1646109,1.0,7,,0.0,2.0,3.0,B01,138Â 295Â 241,1.0
964477,201900006008,9,17,13:00,1,2,3,1.0,3.0,06088,QUAI DES ETATS UNIS,M,"43,6949250","7,2769280",6,2019,50.0,1.0,1.0,4.0,2155751,1.0,1,1,1,5.0,,0.0,0,1967.0,B01,138Â 295Â 241,1.0,8.0,-1.0,1646108,1.0,34,,0.0,2.0,2.0,A01,138Â 295Â 240,1.0
964477,201900006008,9,17,13:00,1,2,3,1.0,3.0,06088,QUAI DES ETATS UNIS,M,"43,6949250","7,2769280",6,2019,50.0,1.0,1.0,4.0,2155751,1.0,1,1,1,5.0,,0.0,0,1967.0,B01,138Â 295Â 241,1.0,8.0,-1.0,1646109,1.0,7,,0.0,2.0,3.0,B01,138Â 295Â 241,1.0
964478,201900006009,9,16,10:15,1,2,1,1.0,2.0,06083,VERDUN (AVENUE DE),M,"43,7750410","7,4956960",6,2019,50.0,1.0,1.0,3.0,2155752,1.0,1,4,1,1.0,,0.0,0,1988.0,A01,138Â 295Â 238,2.0,6.0,-1.0,1646110,2.0,30,,0.0,2.0,4.0,A01,138Â 295Â 238,1.0
964478,201900006009,9,16,10:15,1,2,1,1.0,2.0,06083,VERDUN (AVENUE DE),M,"43,7750410","7,4956960",6,2019,50.0,1.0,1.0,3.0,2155752,1.0,1,4,1,1.0,,0.0,0,1988.0,A01,138Â 295Â 238,2.0,6.0,-1.0,1646111,2.0,33,,0.0,2.0,1.0,Z01,138Â 295Â 239,0.0
964479,201900006010,9,17,17:20,1,2,9,1.0,3.0,06069,PAGNOL (BOULEVARD MARCEL),M,"43,6438890","6,9473960",6,2019,50.0,1.0,1.0,4.0,2155753,1.0,1,1,2,1.0,,0.0,0,1977.0,A01,138Â 295Â 236,1.0,0.0,-1.0,1646112,3.0,7,,0.0,2.0,2.0,A01,138Â 295Â 236,2.0
964479,201900006010,9,17,17:20,1,2,9,1.0,3.0,06069,PAGNOL (BOULEVARD MARCEL),M,"43,6438890","6,9473960",6,2019,50.0,1.0,1.0,4.0,2155753,1.0,1,1,2,1.0,,0.0,0,1977.0,A01,138Â 295Â 236,1.0,0.0,-1.0,1646113,3.0,1,,0.0,2.0,8.0,B01,138Â 295Â 237,6.0
964479,201900006010,9,17,17:20,1,2,9,1.0,3.0,06069,PAGNOL (BOULEVARD MARCEL),M,"43,6438890","6,9473960",6,2019,50.0,1.0,1.0,4.0,2155754,2.0,1,4,1,5.0,,0.0,0,2003.0,B01,138Â 295Â 237,8.0,0.0,-1.0,1646112,3.0,7,,0.0,2.0,2.0,A01,138Â 295Â 236,2.0
964479,201900006010,9,17,17:20,1,2,9,1.0,3.0,06069,PAGNOL (BOULEVARD MARCEL),M,"43,6438890","6,9473960",6,2019,50.0,1.0,1.0,4.0,2155754,2.0,1,4,1,5.0,,0.0,0,2003.0,B01,138Â 295Â 237,8.0,0.0,-1.0,1646113,3.0,1,,0.0,2.0,8.0,B01,138Â 295Â 237,6.0
964480,201900006011,9,17,17:20,1,1,1,1.0,6.0,06069,PEGOMAS (ROUTE DE),M,"43,6218100","6,9251900",6,2019,70.0,1.0,1.0,3.0,2155755,1.0,1,3,1,9.0,,0.0,0,2000.0,A01,138Â 295Â 235,2.0,6.0,-1.0,1646114,3.0,33,,0.0,0.0,1.0,A01,138Â 295Â 235,0.0
964481,201900006012,9,17,14:00,1,2,9,1.0,7.0,06069,PROVENCE (AVENUE DE),M,"43,6543760","6,9223000",6,2019,50.0,1.0,1.0,4.0,2155756,1.0,1,4,2,5.0,,-1.0, -1,1957.0,A01,138Â 295Â 234,2.0,6.0,-1.0,1646115,3.0,33,,0.0,0.0,3.0,A01,138Â 295Â 234,0.0
964482,201900006013,9,16,18:25,1,2,9,1.0,3.0,06123,SAUVAIGO PIERRE AVENUE,M,"43,6627330","7,1833850",6,2019,50.0,1.0,1.0,7.0,2155757,1.0,1,3,1,1.0,,0.0,0,1979.0,B01,138Â 295Â 230,2.0,6.0,-1.0,1646116,3.0,33,,8.0,2.0,1.0,B01,138Â 295Â 230,1.0
964482,201900006013,9,16,18:25,1,2,9,1.0,3.0,06123,SAUVAIGO PIERRE AVENUE,M,"43,6627330","7,1833850",6,2019,50.0,1.0,1.0,7.0,2155757,1.0,1,3,1,1.0,,0.0,0,1979.0,B01,138Â 295Â 230,2.0,6.0,-1.0,1646117,3.0,30,,0.0,2.0,8.0,A01,138Â 295Â 231,1.0
964482,201900006013,9,16,18:25,1,2,9,1.0,3.0,06123,SAUVAIGO PIERRE AVENUE,M,"43,6627330","7,1833850",6,2019,50.0,1.0,1.0,7.0,2155758,1.0,1,4,1,5.0,,0.0,0,1992.0,A01,138Â 295Â 231,2.0,6.0,-1.0,1646116,3.0,33,,8.0,2.0,1.0,B01,138Â 295Â 230,1.0
964482,201900006013,9,16,18:25,1,2,9,1.0,3.0,06123,SAUVAIGO PIERRE AVENUE,M,"43,6627330","7,1833850",6,2019,50.0,1.0,1.0,7.0,2155758,1.0,1,4,1,5.0,,0.0,0,1992.0,A01,138Â 295Â 231,2.0,6.0,-1.0,1646117,3.0,30,,0.0,2.0,8.0,A01,138Â 295Â 231,1.0
964483,201900006014,9,16,19:30,2,1,1,1.0,7.0,05061,RD944,M,"44,6106100","6,1263800",5,2019,80.0,1.0,9.0,3.0,2155759,1.0,1,3,1,5.0,,0.0,0,1959.0,A01,138Â 295Â 229,2.0,0.0,-1.0,1646118,2.0,1,,0.0,0.0,1.0,A01,138Â 295Â 229,5.0
964484,201900006015,9,16,08:00,1,2,3,1.0,3.0,05061,MARECHAL FOCH ( AVENUE DU ),M,"44,5630200","6,0862800",5,2019,50.0,1.0,1.0,2.0,2155760,1.0,1,1,2,4.0,,0.0,0,1966.0,A01,138Â 295Â 227,1.0,0.0,-1.0,1646119,1.0,7,,0.0,2.0,3.0,A01,138Â 295Â 227,1.0
964484,201900006015,9,16,08:00,1,2,3,1.0,3.0,05061,MARECHAL FOCH ( AVENUE DU ),M,"44,5630200","6,0862800",5,2019,50.0,1.0,1.0,2.0,2155760,1.0,1,1,2,4.0,,0.0,0,1966.0,A01,138Â 295Â 227,1.0,0.0,-1.0,1646120,2.0,1,,0.0,2.0,8.0,B01,138Â 295Â 228,5.0
964484,201900006015,9,16,08:00,1,2,3,1.0,3.0,05061,MARECHAL FOCH ( AVENUE DU ),M,"44,5630200","6,0862800",5,2019,50.0,1.0,1.0,2.0,2155761,1.0,1,3,1,1.0,,-1.0,0,1958.0,B01,138Â 295Â 228,2.0,0.0,-1.0,1646119,1.0,7,,0.0,2.0,3.0,A01,138Â 295Â 227,1.0
964484,201900006015,9,16,08:00,1,2,3,1.0,3.0,05061,MARECHAL FOCH ( AVENUE DU ),M,"44,5630200","6,0862800",5,2019,50.0,1.0,1.0,2.0,2155761,1.0,1,3,1,1.0,,-1.0,0,1958.0,B01,138Â 295Â 228,2.0,0.0,-1.0,1646120,2.0,1,,0.0,2.0,8.0,B01,138Â 295Â 228,5.0
964485,201900006016,9,17,14:00,1,2,1,1.0,3.0,03101,rue ClÃ©ment Ader,M,"46,3499933","2,5799882",3,2019,50.0,1.0,1.0,4.0,2155762,1.0,1,3,1,0.0,,0.0,0,1978.0,B01,138Â 295Â 225,2.0,0.0,-1.0,1646121,1.0,33,,0.0,2.0,1.0,B01,138Â 295Â 225,1.0
964485,201900006016,9,17,14:00,1,2,1,1.0,3.0,03101,rue ClÃ©ment Ader,M,"46,3499933","2,5799882",3,2019,50.0,1.0,1.0,4.0,2155762,1.0,1,3,1,0.0,,0.0,0,1978.0,B01,138Â 295Â 225,2.0,0.0,-1.0,1646122,3.0,7,,0.0,2.0,3.0,A01,138Â 295Â 226,1.0
964485,201900006016,9,17,14:00,1,2,1,1.0,3.0,03101,rue ClÃ©ment Ader,M,"46,3499933","2,5799882",3,2019,50.0,1.0,1.0,4.0,2155763,1.0,1,4,2,0.0,,0.0,0,1989.0,A01,138Â 295Â 226,1.0,0.0,-1.0,1646121,1.0,33,,0.0,2.0,1.0,B01,138Â 295Â 225,1.0
964485,201900006016,9,17,14:00,1,2,1,1.0,3.0,03101,rue ClÃ©ment Ader,M,"46,3499933","2,5799882",3,2019,50.0,1.0,1.0,4.0,2155763,1.0,1,4,2,0.0,,0.0,0,1989.0,A01,138Â 295Â 226,1.0,0.0,-1.0,1646122,3.0,7,,0.0,2.0,3.0,A01,138Â 295Â 226,1.0
964486,201900006017,9,16,16:30,1,2,1,1.0,6.0,03098,rue de Stalingrad,M,"46,3598482","2,6180381",3,2019,50.0,1.0,1.0,3.0,2155764,10.0,3,3,1,1.0,,3.0,3,1998.0,A01,138Â 295Â 224,0.0,-1.0,-1.0,1646123,1.0,7,,0.0,1.0,2.0,A01,138Â 295Â 224,1.0
964486,201900006017,9,16,16:30,1,2,1,1.0,6.0,03098,rue de Stalingrad,M,"46,3598482","2,6180381",3,2019,50.0,1.0,1.0,3.0,2155765,1.0,1,1,2,5.0,,0.0,0,1997.0,A01,138Â 295Â 224,1.0,0.0,-1.0,1646123,1.0,7,,0.0,1.0,2.0,A01,138Â 295Â 224,1.0
964487,201900006018,9,16,17:45,1,1,1,1.0,3.0,01283,Route d'Echallon,M,"46,2326500","5,7021400",1,2019,80.0,1.0,1.0,3.0,2155766,1.0,1,1,1,1.0,,0.0,0,1962.0,B01,138Â 295Â 222,1.0,0.0,-1.0,1646124,2.0,7,,0.0,2.0,8.0,B01,138Â 295Â 222,1.0
964487,201900006018,9,16,17:45,1,1,1,1.0,3.0,01283,Route d'Echallon,M,"46,2326500","5,7021400",1,2019,80.0,1.0,1.0,3.0,2155766,1.0,1,1,1,1.0,,0.0,0,1962.0,B01,138Â 295Â 222,1.0,0.0,-1.0,1646125,1.0,7,,10.0,2.0,3.0,A01,138Â 295Â 223,1.0
964487,201900006018,9,16,17:45,1,1,1,1.0,3.0,01283,Route d'Echallon,M,"46,2326500","5,7021400",1,2019,80.0,1.0,1.0,3.0,2155767,1.0,1,3,1,1.0,,0.0,0,1963.0,A01,138Â 295Â 223,1.0,0.0,-1.0,1646124,2.0,7,,0.0,2.0,8.0,B01,138Â 295Â 222,1.0
964487,201900006018,9,16,17:45,1,1,1,1.0,3.0,01283,Route d'Echallon,M,"46,2326500","5,7021400",1,2019,80.0,1.0,1.0,3.0,2155767,1.0,1,3,1,1.0,,0.0,0,1963.0,A01,138Â 295Â 223,1.0,0.0,-1.0,1646125,1.0,7,,10.0,2.0,3.0,A01,138Â 295Â 223,1.0
964488,201900006019,9,15,03:10,3,1,1,1.0,6.0,93053,AUTOROUTE A86,M,"48,9008100","2,4693200",93,2019,60.0,1.0,1.0,1.0,2155768,2.0,2,4,2,0.0,,-1.0, -1,1974.0,A01,138Â 295Â 221,1.0,0.0,-1.0,1646126,1.0,7,,4.0,0.0,1.0,A01,138Â 295Â 221,1.0
964488,201900006019,9,15,03:10,3,1,1,1.0,6.0,93053,AUTOROUTE A86,M,"48,9008100","2,4693200",93,2019,60.0,1.0,1.0,1.0,2155769,1.0,1,4,2,0.0,,-1.0, -1,1981.0,A01,138Â 295Â 221,1.0,8.0,-1.0,1646126,1.0,7,,4.0,0.0,1.0,A01,138Â 295Â 221,1.0
964489,201900006020,9,16,15:20,1,2,1,1.0,2.0,75118,BD PERIPHERIQUE EXTERIEUR,M,"48,9009437","2,3398626",75,2019,70.0,1.0,1.0,4.0,2155770,1.0,1,1,1,4.0,,0.0,0,1960.0,B01,138Â 295Â 219,1.0,0.0,-1.0,1646127,2.0,10,,0.0,2.0,6.0,B01,138Â 295Â 219,1.0
964489,201900006020,9,16,15:20,1,2,1,1.0,2.0,75118,BD PERIPHERIQUE EXTERIEUR,M,"48,9009437","2,3398626",75,2019,70.0,1.0,1.0,4.0,2155770,1.0,1,1,1,4.0,,0.0,0,1960.0,B01,138Â 295Â 219,1.0,0.0,-1.0,1646128,2.0,33,,0.0,2.0,2.0,A01,138Â 295Â 220,1.0
964489,201900006020,9,16,15:20,1,2,1,1.0,2.0,75118,BD PERIPHERIQUE EXTERIEUR,M,"48,9009437","2,3398626",75,2019,70.0,1.0,1.0,4.0,2155771,1.0,1,4,1,4.0,,0.0,0,1974.0,A01,138Â 295Â 220,2.0,6.0,-1.0,1646127,2.0,10,,0.0,2.0,6.0,B01,138Â 295Â 219,1.0
964489,201900006020,9,16,15:20,1,2,1,1.0,2.0,75118,BD PERIPHERIQUE EXTERIEUR,M,"48,9009437","2,3398626",75,2019,70.0,1.0,1.0,4.0,2155771,1.0,1,4,1,4.0,,0.0,0,1974.0,A01,138Â 295Â 220,2.0,6.0,-1.0,1646128,2.0,33,,0.0,2.0,2.0,A01,138Â 295Â 220,1.0
964490,201900006021,9,17,19:00,1,2,1,1.0,3.0,75106,BOULEVARD SAINT GERMAIN,M,"48,8520937","2,3393228",75,2019,50.0,6.0,1.0,4.0,2155772,1.0,1,1,1,4.0,,0.0,0,1995.0,A01,138Â 295Â 217,1.0,-1.0,-1.0,1646129,2.0,7,,0.0,2.0,7.0,A01,138Â 295Â 217,2.0
964490,201900006021,9,17,19:00,1,2,1,1.0,3.0,75106,BOULEVARD SAINT GERMAIN,M,"48,8520937","2,3393228",75,2019,50.0,6.0,1.0,4.0,2155772,1.0,1,1,1,4.0,,0.0,0,1995.0,A01,138Â 295Â 217,1.0,-1.0,-1.0,1646130,2.0,1,,0.0,2.0,0.0,B01,138Â 295Â 218,5.0
964490,201900006021,9,17,19:00,1,2,1,1.0,3.0,75106,BOULEVARD SAINT GERMAIN,M,"48,8520937","2,3393228",75,2019,50.0,6.0,1.0,4.0,2155773,1.0,1,4,2,5.0,,0.0,0,1996.0,B01,138Â 295Â 218,8.0,0.0,-1.0,1646129,2.0,7,,0.0,2.0,7.0,A01,138Â 295Â 217,2.0
964490,201900006021,9,17,19:00,1,2,1,1.0,3.0,75106,BOULEVARD SAINT GERMAIN,M,"48,8520937","2,3393228",75,2019,50.0,6.0,1.0,4.0,2155773,1.0,1,4,2,5.0,,0.0,0,1996.0,B01,138Â 295Â 218,8.0,0.0,-1.0,1646130,2.0,1,,0.0,2.0,0.0,B01,138Â 295Â 218,5.0
964491,201900006022,9,17,08:15,1,2,5,1.0,3.0,75119,RUE DAVID D ANGERS,M,"48,8813270","2,3966890",75,2019,50.0,1.0,1.0,4.0,2155774,1.0,1,1,1,1.0,,0.0,0,1987.0,A01,138Â 295Â 215,1.0,0.0,-1.0,1646131,2.0,10,,0.0,2.0,1.0,A01,138Â 295Â 215,1.0
964491,201900006022,9,17,08:15,1,2,5,1.0,3.0,75119,RUE DAVID D ANGERS,M,"48,8813270","2,3966890",75,2019,50.0,1.0,1.0,4.0,2155774,1.0,1,1,1,1.0,,0.0,0,1987.0,A01,138Â 295Â 215,1.0,0.0,-1.0,1646132,1.0,1,,0.0,2.0,7.0,B01,138Â 295Â 216,5.0
964491,201900006022,9,17,08:15,1,2,5,1.0,3.0,75119,RUE DAVID D ANGERS,M,"48,8813270","2,3966890",75,2019,50.0,1.0,1.0,4.0,2155775,1.0,1,4,1,2.0,,0.0,0,2006.0,B01,138Â 295Â 216,8.0,0.0,-1.0,1646131,2.0,10,,0.0,2.0,1.0,A01,138Â 295Â 215,1.0
964491,201900006022,9,17,08:15,1,2,5,1.0,3.0,75119,RUE DAVID D ANGERS,M,"48,8813270","2,3966890",75,2019,50.0,1.0,1.0,4.0,2155775,1.0,1,4,1,2.0,,0.0,0,2006.0,B01,138Â 295Â 216,8.0,0.0,-1.0,1646132,1.0,1,,0.0,2.0,7.0,B01,138Â 295Â 216,5.0
964492,201900006023,9,17,14:30,1,2,1,1.0,3.0,75117,BOULEVARD DE COURCELLES,M,"48,8800911","2,3075033",75,2019,50.0,1.0,1.0,4.0,2155776,1.0,1,1,1,0.0,,0.0,0,1958.0,B01,138Â 295Â 213,1.0,-1.0,-1.0,1646133,1.0,7,,0.0,2.0,6.0,B01,138Â 295Â 213,2.0
964492,201900006023,9,17,14:30,1,2,1,1.0,3.0,75117,BOULEVARD DE COURCELLES,M,"48,8800911","2,3075033",75,2019,50.0,1.0,1.0,4.0,2155776,1.0,1,1,1,0.0,,0.0,0,1958.0,B01,138Â 295Â 213,1.0,-1.0,-1.0,1646134,1.0,43,,0.0,2.0,1.0,A01,138Â 295Â 214,1.0
964492,201900006023,9,17,14:30,1,2,1,1.0,3.0,75117,BOULEVARD DE COURCELLES,M,"48,8800911","2,3075033",75,2019,50.0,1.0,1.0,4.0,2155777,1.0,1,4,1,0.0,,0.0,0,1943.0,A01,138Â 295Â 214,2.0,6.0,-1.0,1646133,1.0,7,,0.0,2.0,6.0,B01,138Â 295Â 213,2.0
964492,201900006023,9,17,14:30,1,2,1,1.0,3.0,75117,BOULEVARD DE COURCELLES,M,"48,8800911","2,3075033",75,2019,50.0,1.0,1.0,4.0,2155777,1.0,1,4,1,0.0,,0.0,0,1943.0,A01,138Â 295Â 214,2.0,6.0,-1.0,1646134,1.0,43,,0.0,2.0,1.0,A01,138Â 295Â 214,1.0
964493,201900006024,9,17,17:30,1,2,4,1.0,6.0,75116,ROUTE DU CHAMP D ENTRAINEMENT,M,"48,8744542","2,2450430",75,2019,50.0,1.0,1.0,4.0,2155778,1.0,1,4,2,5.0,,0.0,0,1973.0,A01,138Â 295Â 212,1.0,0.0,-1.0,1646135,1.0,10,,0.0,2.0,0.0,Z01,138Â 295Â 211,0.0
964493,201900006024,9,17,17:30,1,2,4,1.0,6.0,75116,ROUTE DU CHAMP D ENTRAINEMENT,M,"48,8744542","2,2450430",75,2019,50.0,1.0,1.0,4.0,2155778,1.0,1,4,2,5.0,,0.0,0,1973.0,A01,138Â 295Â 212,1.0,0.0,-1.0,1646136,1.0,7,,0.0,2.0,4.0,A01,138Â 295Â 212,1.0
964493,201900006024,9,17,17:30,1,2,4,1.0,6.0,75116,ROUTE DU CHAMP D ENTRAINEMENT,M,"48,8744542","2,2450430",75,2019,50.0,1.0,1.0,4.0,2155779,3.0,2,1,2,5.0,,0.0,0,1999.0,A01,138Â 295Â 212,1.0,-1.0,-1.0,1646135,1.0,10,,0.0,2.0,0.0,Z01,138Â 295Â 211,0.0
964493,201900006024,9,17,17:30,1,2,4,1.0,6.0,75116,ROUTE DU CHAMP D ENTRAINEMENT,M,"48,8744542","2,2450430",75,2019,50.0,1.0,1.0,4.0,2155779,3.0,2,1,2,5.0,,0.0,0,1999.0,A01,138Â 295Â 212,1.0,-1.0,-1.0,1646136,1.0,7,,0.0,2.0,4.0,A01,138Â 295Â 212,1.0
964493,201900006024,9,17,17:30,1,2,4,1.0,6.0,75116,ROUTE DU CHAMP D ENTRAINEMENT,M,"48,8744542","2,2450430",75,2019,50.0,1.0,1.0,4.0,2155780,2.0,2,1,1,0.0,,0.0,0,1971.0,A01,138Â 295Â 212,1.0,-1.0,-1.0,1646135,1.0,10,,0.0,2.0,0.0,Z01,138Â 295Â 211,0.0
964493,201900006024,9,17,17:30,1,2,4,1.0,6.0,75116,ROUTE DU CHAMP D ENTRAINEMENT,M,"48,8744542","2,2450430",75,2019,50.0,1.0,1.0,4.0,2155780,2.0,2,1,1,0.0,,0.0,0,1971.0,A01,138Â 295Â 212,1.0,-1.0,-1.0,1646136,1.0,7,,0.0,2.0,4.0,A01,138Â 295Â 212,1.0
964494,201900006025,9,16,08:35,1,2,1,1.0,3.0,75115,RUE DU LAOS,M,"48,8491750","2,3012870",75,2019,50.0,1.0,1.0,4.0,2155781,1.0,1,4,2,1.0,,0.0,0,1975.0,B01,138Â 295Â 209,8.0,2.0,-1.0,1646137,1.0,1,,0.0,2.0,1.0,B01,138Â 295Â 209,5.0
964494,201900006025,9,16,08:35,1,2,1,1.0,3.0,75115,RUE DU LAOS,M,"48,8491750","2,3012870",75,2019,50.0,1.0,1.0,4.0,2155781,1.0,1,4,2,1.0,,0.0,0,1975.0,B01,138Â 295Â 209,8.0,2.0,-1.0,1646138,1.0,10,,0.0,2.0,8.0,A01,138Â 295Â 210,1.0
964494,201900006025,9,16,08:35,1,2,1,1.0,3.0,75115,RUE DU LAOS,M,"48,8491750","2,3012870",75,2019,50.0,1.0,1.0,4.0,2155782,1.0,1,1,1,4.0,,0.0,0,1971.0,A01,138Â 295Â 210,1.0,0.0,-1.0,1646137,1.0,1,,0.0,2.0,1.0,B01,138Â 295Â 209,5.0
964494,201900006025,9,16,08:35,1,2,1,1.0,3.0,75115,RUE DU LAOS,M,"48,8491750","2,3012870",75,2019,50.0,1.0,1.0,4.0,2155782,1.0,1,1,1,4.0,,0.0,0,1971.0,A01,138Â 295Â 210,1.0,0.0,-1.0,1646138,1.0,10,,0.0,2.0,8.0,A01,138Â 295Â 210,1.0
964495,201900006026,9,17,19:45,2,2,1,1.0,1.0,75114,RUE VERCINGETORIX,M,"48,8312642","2,3090114",75,2019,50.0,5.0,1.0,4.0,2155783,1.0,1,4,1,5.0,,0.0,0,1985.0,A01,138Â 295Â 207,8.0,-1.0,-1.0,1646139,2.0,50,,0.0,2.0,1.0,A01,138Â 295Â 207,3.0
964495,201900006026,9,17,19:45,2,2,1,1.0,1.0,75114,RUE VERCINGETORIX,M,"48,8312642","2,3090114",75,2019,50.0,5.0,1.0,4.0,2155783,1.0,1,4,1,5.0,,0.0,0,1985.0,A01,138Â 295Â 207,8.0,-1.0,-1.0,1646140,1.0,1,,0.0,2.0,1.0,B01,138Â 295Â 208,5.0
964495,201900006026,9,17,19:45,2,2,1,1.0,1.0,75114,RUE VERCINGETORIX,M,"48,8312642","2,3090114",75,2019,50.0,5.0,1.0,4.0,2155784,1.0,1,4,1,1.0,,0.0,0,1977.0,B01,138Â 295Â 208,8.0,-1.0,-1.0,1646139,2.0,50,,0.0,2.0,1.0,A01,138Â 295Â 207,3.0
964495,201900006026,9,17,19:45,2,2,1,1.0,1.0,75114,RUE VERCINGETORIX,M,"48,8312642","2,3090114",75,2019,50.0,5.0,1.0,4.0,2155784,1.0,1,4,1,1.0,,0.0,0,1977.0,B01,138Â 295Â 208,8.0,-1.0,-1.0,1646140,1.0,1,,0.0,2.0,1.0,B01,138Â 295Â 208,5.0