Unnamed: 0_x,num_acc,mois,jour,hrmn,lum,agg,int,atm,col,com,adr,gps,lat,long,dep,annee,vma,situ,surf,catr,Unnamed: 0_y,place,catu,grav,sexe,trajet,secu,locp,actp,an_nais,num_veh_x,id_vehicule_x,secu1,secu2,secu3,Unnamed: 0,senc,catv,occutc,obs,obsm,choc,num_veh_y,id_vehicule_y,motor
964496,201900006027,9,17,06:33,2,2,4,1.0,6.0,75113,AVENUE DE LA PORTE D ITALIE,M,"48,8176606","2,3598960",75,2019,50.0,1.0,1.0,4.0,2155785,1.0,1,4,1,1.0,,0.0,0,1992.0,A01,138Â 295Â 206,2.0,6.0,-1.0,1646141,2.0,32,,7.0,0.0,1.0,A01,138Â 295Â 206,1.0
964497,201900006028,9,17,16:35,1,2,1,1.0,7.0,75112,BOULEVARD DIDEROT,M,"48,8479050","2,3915380",75,2019,30.0,5.0,1.0,4.0,2155786,1.0,1,3,1,5.0,,0.0,0,1949.0,A01,138Â 295Â 205,8.0,-1.0,-1.0,1646142,3.0,1,,0.0,0.0,2.0,A01,138Â 295Â 205,5.0
964498,201900006029,9,17,10:00,1,2,4,1.0,6.0,75111,AVENUE DE LA REPUBLIQUE,M,"48,8667540","2,3667600",75,2019,50.0,1.0,1.0,4.0,2155787,10.0,3,4,2,9.0,,4.0,3,1947.0,A01,138Â 295Â 204,8.0,0.0,-1.0,1646143,2.0,30,,0.0,1.0,1.0,A01,138Â 295Â 204,1.0
964498,201900006029,9,17,10:00,1,2,4,1.0,6.0,75111,AVENUE DE LA REPUBLIQUE,M,"48,8667540","2,3667600",75,2019,50.0,1.0,1.0,4.0,2155788,1.0,1,1,1,5.0,,0.0,0,2001.0,A01,138Â 295Â 204,2.0,6.0,-1.0,1646143,2.0,30,,0.0,1.0,1.0,A01,138Â 295Â 204,1.0
964499,201900006030,9,17,06:31,2,2,1,1.0,3.0,75108,RUE LA BOETIE,M,"48,8718810","2,3084110",75,2019,50.0,1.0,1.0,4.0,2155789,1.0,1,1,1,4.0,,0.0,0,1969.0,A01,138Â 295Â 202,1.0,0.0,-1.0,1646144,1.0,7,,0.0,2.0,3.0,A01,138Â 295Â 202,1.0
964499,201900006030,9,17,06:31,2,2,1,1.0,3.0,75108,RUE LA BOETIE,M,"48,8718810","2,3084110",75,2019,50.0,1.0,1.0,4.0,2155789,1.0,1,1,1,4.0,,0.0,0,1969.0,A01,138Â 295Â 202,1.0,0.0,-1.0,1646145,1.0,1,,0.0,2.0,1.0,B01,138Â 295Â 203,5.0
964499,201900006030,9,17,06:31,2,2,1,1.0,3.0,75108,RUE LA BOETIE,M,"48,8718810","2,3084110",75,2019,50.0,1.0,1.0,4.0,2155790,1.0,1,4,1,0.0,,0.0,0,1983.0,B01,138Â 295Â 203,8.0,0.0,-1.0,1646144,1.0,7,,0.0,2.0,3.0,A01,138Â 295Â 202,1.0
964499,201900006030,9,17,06:31,2,2,1,1.0,3.0,75108,RUE LA BOETIE,M,"48,8718810","2,3084110",75,2019,50.0,1.0,1.0,4.0,2155790,1.0,1,4,1,0.0,,0.0,0,1983.0,B01,138Â 295Â 203,8.0,0.0,-1.0,1646145,1.0,1,,0.0,2.0,1.0,B01,138Â 295Â 203,5.0
964500,201900006031,9,17,11:25,1,2,3,8.0,6.0,75107,RUE DE BABYLONE,M,"48,8517369","2,3267355",75,2019,50.0,1.0,1.0,4.0,2155791,10.0,3,4,2,0.0,,3.0,3,1947.0,A01,138Â 295Â 201,0.0,-1.0,-1.0,1646146,1.0,10,,0.0,1.0,7.0,A01,138Â 295Â 201,1.0
964500,201900006031,9,17,11:25,1,2,3,8.0,6.0,75107,RUE DE BABYLONE,M,"48,8517369","2,3267355",75,2019,50.0,1.0,1.0,4.0,2155792,1.0,1,1,1,4.0,,0.0,0,1978.0,A01,138Â 295Â 201,1.0,0.0,-1.0,1646146,1.0,10,,0.0,1.0,7.0,A01,138Â 295Â 201,1.0
964501,201900006032,9,17,13:50,1,2,7,7.0,3.0,75102,PLACE DE L OPERA,M,"48,8702554","2,3324552",75,2019,50.0,1.0,1.0,4.0,2155793,1.0,1,4,1,9.0,,0.0,0,1989.0,B01,138Â 295Â 199,2.0,6.0,-1.0,1646147,3.0,33,,0.0,2.0,1.0,B01,138Â 295Â 199,1.0
964501,201900006032,9,17,13:50,1,2,7,7.0,3.0,75102,PLACE DE L OPERA,M,"48,8702554","2,3324552",75,2019,50.0,1.0,1.0,4.0,2155793,1.0,1,4,1,9.0,,0.0,0,1989.0,B01,138Â 295Â 199,2.0,6.0,-1.0,1646148,1.0,7,,0.0,2.0,2.0,A01,138Â 295Â 200,1.0
964501,201900006032,9,17,13:50,1,2,7,7.0,3.0,75102,PLACE DE L OPERA,M,"48,8702554","2,3324552",75,2019,50.0,1.0,1.0,4.0,2155794,1.0,1,1,2,9.0,,0.0,0,1989.0,A01,138Â 295Â 200,1.0,-1.0,-1.0,1646147,3.0,33,,0.0,2.0,1.0,B01,138Â 295Â 199,1.0
964501,201900006032,9,17,13:50,1,2,7,7.0,3.0,75102,PLACE DE L OPERA,M,"48,8702554","2,3324552",75,2019,50.0,1.0,1.0,4.0,2155794,1.0,1,1,2,9.0,,0.0,0,1989.0,A01,138Â 295Â 200,1.0,-1.0,-1.0,1646148,1.0,7,,0.0,2.0,2.0,A01,138Â 295Â 200,1.0
964502,201900006033,9,14,13:00,1,2,5,1.0,2.0,94068,GAMBETTA (AV),M,"48,8015500","2,4871900",94,2019,50.0,1.0,1.0,4.0,2155795,1.0,1,4,1,9.0,,-1.0, -1,1986.0,B01,138Â 295Â 195,2.0,0.0,-1.0,1646149,2.0,34,,0.0,2.0,4.0,B01,138Â 295Â 195,1.0
964502,201900006033,9,14,13:00,1,2,5,1.0,2.0,94068,GAMBETTA (AV),M,"48,8015500","2,4871900",94,2019,50.0,1.0,1.0,4.0,2155795,1.0,1,4,1,9.0,,-1.0, -1,1986.0,B01,138Â 295Â 195,2.0,0.0,-1.0,1646150,2.0,7,,0.0,2.0,1.0,A01,138Â 295Â 196,1.0
964502,201900006033,9,14,13:00,1,2,5,1.0,2.0,94068,GAMBETTA (AV),M,"48,8015500","2,4871900",94,2019,50.0,1.0,1.0,4.0,2155796,1.0,1,1,2,0.0,,-1.0, -1,1993.0,A01,138Â 295Â 196,1.0,0.0,-1.0,1646149,2.0,34,,0.0,2.0,4.0,B01,138Â 295Â 195,1.0
964502,201900006033,9,14,13:00,1,2,5,1.0,2.0,94068,GAMBETTA (AV),M,"48,8015500","2,4871900",94,2019,50.0,1.0,1.0,4.0,2155796,1.0,1,1,2,0.0,,-1.0, -1,1993.0,A01,138Â 295Â 196,1.0,0.0,-1.0,1646150,2.0,7,,0.0,2.0,1.0,A01,138Â 295Â 196,1.0
964503,201900006034,9,17,13:00,1,2,9,1.0,2.0,94015,PASTEUR (BD),M,"48,8363000","2,5267500",94,2019,50.0,1.0,1.0,3.0,2155797,2.0,2,1,2,0.0,,-1.0,0,1953.0,A01,138Â 295Â 193,1.0,0.0,-1.0,1646151,1.0,7,,0.0,2.0,1.0,A01,138Â 295Â 193,1.0
964503,201900006034,9,17,13:00,1,2,9,1.0,2.0,94015,PASTEUR (BD),M,"48,8363000","2,5267500",94,2019,50.0,1.0,1.0,3.0,2155797,2.0,2,1,2,0.0,,-1.0,0,1953.0,A01,138Â 295Â 193,1.0,0.0,-1.0,1646152,1.0,32,,0.0,2.0,4.0,B01,138Â 295Â 194,0.0
964503,201900006034,9,17,13:00,1,2,9,1.0,2.0,94015,PASTEUR (BD),M,"48,8363000","2,5267500",94,2019,50.0,1.0,1.0,3.0,2155798,1.0,1,1,2,9.0,,-1.0,0,1983.0,A01,138Â 295Â 193,1.0,8.0,-1.0,1646151,1.0,7,,0.0,2.0,1.0,A01,138Â 295Â 193,1.0
964503,201900006034,9,17,13:00,1,2,9,1.0,2.0,94015,PASTEUR (BD),M,"48,8363000","2,5267500",94,2019,50.0,1.0,1.0,3.0,2155798,1.0,1,1,2,9.0,,-1.0,0,1983.0,A01,138Â 295Â 193,1.0,8.0,-1.0,1646152,1.0,32,,0.0,2.0,4.0,B01,138Â 295Â 194,0.0
964503,201900006034,9,17,13:00,1,2,9,1.0,2.0,94015,PASTEUR (BD),M,"48,8363000","2,5267500",94,2019,50.0,1.0,1.0,3.0,2155799,1.0,1,4,1,9.0,,-1.0,0,1966.0,B01,138Â 295Â 194,2.0,6.0,-1.0,1646151,1.0,7,,0.0,2.0,1.0,A01,138Â 295Â 193,1.0
964503,201900006034,9,17,13:00,1,2,9,1.0,2.0,94015,PASTEUR (BD),M,"48,8363000","2,5267500",94,2019,50.0,1.0,1.0,3.0,2155799,1.0,1,4,1,9.0,,-1.0,0,1966.0,B01,138Â 295Â 194,2.0,6.0,-1.0,1646152,1.0,32,,0.0,2.0,4.0,B01,138Â 295Â 194,0.0
964504,201900006035,9,17,20:35,5,2,3,1.0,3.0,94022,STALINGRAD (BD DE),M,"48,7706920","2,4013750",94,2019,50.0,1.0,1.0,3.0,2155800,1.0,1,1,1,5.0,,-1.0, -1,1987.0,B01,138Â 295Â 189,1.0,0.0,-1.0,1646153,1.0,7,,0.0,2.0,1.0,B01,138Â 295Â 189,1.0
964504,201900006035,9,17,20:35,5,2,3,1.0,3.0,94022,STALINGRAD (BD DE),M,"48,7706920","2,4013750",94,2019,50.0,1.0,1.0,3.0,2155800,1.0,1,1,1,5.0,,-1.0, -1,1987.0,B01,138Â 295Â 189,1.0,0.0,-1.0,1646154,3.0,7,,0.0,2.0,7.0,A01,138Â 295Â 190,1.0
964504,201900006035,9,17,20:35,5,2,3,1.0,3.0,94022,STALINGRAD (BD DE),M,"48,7706920","2,4013750",94,2019,50.0,1.0,1.0,3.0,2155801,3.0,2,1,2,5.0,,-1.0, -1,2017.0,A01,138Â 295Â 190,3.0,0.0,-1.0,1646153,1.0,7,,0.0,2.0,1.0,B01,138Â 295Â 189,1.0
964504,201900006035,9,17,20:35,5,2,3,1.0,3.0,94022,STALINGRAD (BD DE),M,"48,7706920","2,4013750",94,2019,50.0,1.0,1.0,3.0,2155801,3.0,2,1,2,5.0,,-1.0, -1,2017.0,A01,138Â 295Â 190,3.0,0.0,-1.0,1646154,3.0,7,,0.0,2.0,7.0,A01,138Â 295Â 190,1.0
964504,201900006035,9,17,20:35,5,2,3,1.0,3.0,94022,STALINGRAD (BD DE),M,"48,7706920","2,4013750",94,2019,50.0,1.0,1.0,3.0,2155802,1.0,1,4,2,5.0,,-1.0, -1,1989.0,A01,138Â 295Â 190,1.0,0.0,-1.0,1646153,1.0,7,,0.0,2.0,1.0,B01,138Â 295Â 189,1.0
964504,201900006035,9,17,20:35,5,2,3,1.0,3.0,94022,STALINGRAD (BD DE),M,"48,7706920","2,4013750",94,2019,50.0,1.0,1.0,3.0,2155802,1.0,1,4,2,5.0,,-1.0, -1,1989.0,A01,138Â 295Â 190,1.0,0.0,-1.0,1646154,3.0,7,,0.0,2.0,7.0,A01,138Â 295Â 190,1.0
964505,201900006036,9,17,09:25,1,1,9,1.0,5.0,93073,CHAPIT RE ( RUE DU),M,"49,0029890","2,5368690",93,2019,70.0,1.0,1.0,9.0,2155803,1.0,1,4,2,0.0,,-1.0, -1,1970.0,A01,138Â 295Â 186,1.0,0.0,-1.0,1646155,3.0,7,,0.0,2.0,6.0,A01,138Â 295Â 186,1.0
964505,201900006036,9,17,09:25,1,1,9,1.0,5.0,93073,CHAPIT RE ( RUE DU),M,"49,0029890","2,5368690",93,2019,70.0,1.0,1.0,9.0,2155803,1.0,1,4,2,0.0,,-1.0, -1,1970.0,A01,138Â 295Â 186,1.0,0.0,-1.0,1646156,3.0,7,,0.0,2.0,2.0,B01,138Â 295Â 187,1.0
964505,201900006036,9,17,09:25,1,1,9,1.0,5.0,93073,CHAPIT RE ( RUE DU),M,"49,0029890","2,5368690",93,2019,70.0,1.0,1.0,9.0,2155803,1.0,1,4,2,0.0,,-1.0, -1,1970.0,A01,138Â 295Â 186,1.0,0.0,-1.0,1646157,3.0,7,,0.0,2.0,0.0,T01,138Â 295Â 188,1.0
964505,201900006036,9,17,09:25,1,1,9,1.0,5.0,93073,CHAPIT RE ( RUE DU),M,"49,0029890","2,5368690",93,2019,70.0,1.0,1.0,9.0,2155804,1.0,1,1,2,0.0,,-1.0, -1,1989.0,B01,138Â 295Â 187,1.0,0.0,-1.0,1646155,3.0,7,,0.0,2.0,6.0,A01,138Â 295Â 186,1.0
964505,201900006036,9,17,09:25,1,1,9,1.0,5.0,93073,CHAPIT RE ( RUE DU),M,"49,0029890","2,5368690",93,2019,70.0,1.0,1.0,9.0,2155804,1.0,1,1,2,0.0,,-1.0, -1,1989.0,B01,138Â 295Â 187,1.0,0.0,-1.0,1646156,3.0,7,,0.0,2.0,2.0,B01,138Â 295Â 187,1.0
964505,201900006036,9,17,09:25,1,1,9,1.0,5.0,93073,CHAPIT RE ( RUE DU),M,"49,0029890","2,5368690",93,2019,70.0,1.0,1.0,9.0,2155804,1.0,1,1,2,0.0,,-1.0, -1,1989.0,B01,138Â 295Â 187,1.0,0.0,-1.0,1646157,3.0,7,,0.0,2.0,0.0,T01,138Â 295Â 188,1.0
964505,201900006036,9,17,09:25,1,1,9,1.0,5.0,93073,CHAPIT RE ( RUE DU),M,"49,0029890","2,5368690",93,2019,70.0,1.0,1.0,9.0,2155805,1.0,1,1,2,0.0,,-1.0, -1,1985.0,T01,138Â 295Â 188,1.0,0.0,-1.0,1646155,3.0,7,,0.0,2.0,6.0,A01,138Â 295Â 186,1.0
964505,201900006036,9,17,09:25,1,1,9,1.0,5.0,93073,CHAPIT RE ( RUE DU),M,"49,0029890","2,5368690",93,2019,70.0,1.0,1.0,9.0,2155805,1.0,1,1,2,0.0,,-1.0, -1,1985.0,T01,138Â 295Â 188,1.0,0.0,-1.0,1646156,3.0,7,,0.0,2.0,2.0,B01,138Â 295Â 187,1.0
964505,201900006036,9,17,09:25,1,1,9,1.0,5.0,93073,CHAPIT RE ( RUE DU),M,"49,0029890","2,5368690",93,2019,70.0,1.0,1.0,9.0,2155805,1.0,1,1,2,0.0,,-1.0, -1,1985.0,T01,138Â 295Â 188,1.0,0.0,-1.0,1646157,3.0,7,,0.0,2.0,0.0,T01,138Â 295Â 188,1.0
964506,201900006037,9,17,20:00,2,2,1,1.0,6.0,93064,BOIS DE NEUILLY (RUE DU),M,"48,8729000","2,5008000",93,2019,30.0,3.0,1.0,4.0,2155806,10.0,3,4,1,0.0,,3.0,1,2012.0,A01,138Â 295Â 185,8.0,0.0,-1.0,1646158,1.0,7,,0.0,1.0,2.0,A01,138Â 295Â 185,1.0
964506,201900006037,9,17,20:00,2,2,1,1.0,6.0,93064,BOIS DE NEUILLY (RUE DU),M,"48,8729000","2,5008000",93,2019,30.0,3.0,1.0,4.0,2155807,1.0,1,1,1,0.0,,-1.0, -1,1987.0,A01,138Â 295Â 185,1.0,0.0,-1.0,1646158,1.0,7,,0.0,1.0,2.0,A01,138Â 295Â 185,1.0
964506,201900006037,9,17,20:00,2,2,1,1.0,6.0,93064,BOIS DE NEUILLY (RUE DU),M,"48,8729000","2,5008000",93,2019,30.0,3.0,1.0,4.0,2155808,2.0,2,1,2,0.0,,-1.0, -1,1987.0,A01,138Â 295Â 185,1.0,0.0,-1.0,1646158,1.0,7,,0.0,1.0,2.0,A01,138Â 295Â 185,1.0
964507,201900006038,9,17,16:55,1,2,2,1.0,6.0,93064,BLUM (RUE LEON),M,"48,8857500","2,4764200",93,2019,30.0,1.0,1.0,3.0,2155809,10.0,3,3,2,0.0,,2.0,3,1932.0,A01,138Â 295Â 184,9.0,0.0,-1.0,1646159,3.0,7,,0.0,1.0,1.0,A01,138Â 295Â 184,1.0
964507,201900006038,9,17,16:55,1,2,2,1.0,6.0,93064,BLUM (RUE LEON),M,"48,8857500","2,4764200",93,2019,30.0,1.0,1.0,3.0,2155810,1.0,1,1,1,0.0,,0.0,0,1986.0,A01,138Â 295Â 184,1.0,0.0,-1.0,1646159,3.0,7,,0.0,1.0,1.0,A01,138Â 295Â 184,1.0
964508,201900006039,9,17,18:40,1,2,3,1.0,1.0,93051,PAVE NEUF (AVENUE),M,"48,8363000","2,5627700",93,2019,50.0,3.0,1.0,3.0,2155811,1.0,1,1,2,0.0,,-1.0, -1,1950.0,A01,138Â 295Â 182,8.0,0.0,-1.0,1646160,3.0,10,,0.0,2.0,2.0,A01,138Â 295Â 182,1.0
964508,201900006039,9,17,18:40,1,2,3,1.0,1.0,93051,PAVE NEUF (AVENUE),M,"48,8363000","2,5627700",93,2019,50.0,3.0,1.0,3.0,2155811,1.0,1,1,2,0.0,,-1.0, -1,1950.0,A01,138Â 295Â 182,8.0,0.0,-1.0,1646161,0.0,33,,0.0,2.0,7.0,C01,138Â 295Â 183,1.0
964508,201900006039,9,17,18:40,1,2,3,1.0,1.0,93051,PAVE NEUF (AVENUE),M,"48,8363000","2,5627700",93,2019,50.0,3.0,1.0,3.0,2155812,1.0,1,4,1,0.0,,-1.0, -1,1983.0,C01,138Â 295Â 183,2.0,0.0,-1.0,1646160,3.0,10,,0.0,2.0,2.0,A01,138Â 295Â 182,1.0
964508,201900006039,9,17,18:40,1,2,3,1.0,1.0,93051,PAVE NEUF (AVENUE),M,"48,8363000","2,5627700",93,2019,50.0,3.0,1.0,3.0,2155812,1.0,1,4,1,0.0,,-1.0, -1,1983.0,C01,138Â 295Â 183,2.0,0.0,-1.0,1646161,0.0,33,,0.0,2.0,7.0,C01,138Â 295Â 183,1.0
964509,201900006040,9,17,18:35,1,2,3,1.0,3.0,93050,JEAN STEPHAN (RUE),M,"48,8665800","2,5546400",93,2019,50.0,1.0,1.0,4.0,2155813,1.0,1,4,2,0.0,,-1.0, -1,1998.0,B01,138Â 295Â 180,2.0,0.0,-1.0,1646162,3.0,32,,0.0,2.0,1.0,B01,138Â 295Â 180,1.0
964509,201900006040,9,17,18:35,1,2,3,1.0,3.0,93050,JEAN STEPHAN (RUE),M,"48,8665800","2,5546400",93,2019,50.0,1.0,1.0,4.0,2155813,1.0,1,4,2,0.0,,-1.0, -1,1998.0,B01,138Â 295Â 180,2.0,0.0,-1.0,1646163,3.0,7,,0.0,2.0,5.0,A01,138Â 295Â 181,1.0
964509,201900006040,9,17,18:35,1,2,3,1.0,3.0,93050,JEAN STEPHAN (RUE),M,"48,8665800","2,5546400",93,2019,50.0,1.0,1.0,4.0,2155814,1.0,1,1,1,5.0,,-1.0, -1,1979.0,A01,138Â 295Â 181,8.0,0.0,-1.0,1646162,3.0,32,,0.0,2.0,1.0,B01,138Â 295Â 180,1.0
964509,201900006040,9,17,18:35,1,2,3,1.0,3.0,93050,JEAN STEPHAN (RUE),M,"48,8665800","2,5546400",93,2019,50.0,1.0,1.0,4.0,2155814,1.0,1,1,1,5.0,,-1.0, -1,1979.0,A01,138Â 295Â 181,8.0,0.0,-1.0,1646163,3.0,7,,0.0,2.0,5.0,A01,138Â 295Â 181,1.0
964510,201900006041,9,16,21:20,5,2,1,1.0,3.0,93045,DECROS EUGENE BOULEVARD,M,"48,8815800","2,4144000",93,2019,50.0,1.0,1.0,3.0,2155815,1.0,1,1,1,5.0,,-1.0, -1,1946.0,A01,138Â 295Â 178,1.0,0.0,-1.0,1646164,1.0,7,,0.0,2.0,3.0,A01,138Â 295Â 178,1.0
964510,201900006041,9,16,21:20,5,2,1,1.0,3.0,93045,DECROS EUGENE BOULEVARD,M,"48,8815800","2,4144000",93,2019,50.0,1.0,1.0,3.0,2155815,1.0,1,1,1,5.0,,-1.0, -1,1946.0,A01,138Â 295Â 178,1.0,0.0,-1.0,1646165,1.0,2,,0.0,2.0,2.0,B01,138Â 295Â 179,1.0
964510,201900006041,9,16,21:20,5,2,1,1.0,3.0,93045,DECROS EUGENE BOULEVARD,M,"48,8815800","2,4144000",93,2019,50.0,1.0,1.0,3.0,2155816,1.0,1,4,1,4.0,,-1.0, -1,1987.0,B01,138Â 295Â 179,2.0,0.0,-1.0,1646164,1.0,7,,0.0,2.0,3.0,A01,138Â 295Â 178,1.0
964510,201900006041,9,16,21:20,5,2,1,1.0,3.0,93045,DECROS EUGENE BOULEVARD,M,"48,8815800","2,4144000",93,2019,50.0,1.0,1.0,3.0,2155816,1.0,1,4,1,4.0,,-1.0, -1,1987.0,B01,138Â 295Â 179,2.0,0.0,-1.0,1646165,1.0,2,,0.0,2.0,2.0,B01,138Â 295Â 179,1.0
964511,201900006042,9,16,08:00,1,2,1,1.0,6.0,93006,GAL DE GAULLE AV. DU,M,"48,8647000","2,4171000",93,2019,50.0,1.0,1.0,7.0,2155817,1.0,1,1,1,1.0,,0.0,0,1978.0,A01,138Â 295Â 177,1.0,0.0,-1.0,1646166,2.0,7,,0.0,1.0,2.0,A01,138Â 295Â 177,1.0
964511,201900006042,9,16,08:00,1,2,1,1.0,6.0,93006,GAL DE GAULLE AV. DU,M,"48,8647000","2,4171000",93,2019,50.0,1.0,1.0,7.0,2155818,10.0,3,4,1,0.0,,4.0,3,2001.0,A01,138Â 295Â 177,8.0,0.0,-1.0,1646166,2.0,7,,0.0,1.0,2.0,A01,138Â 295Â 177,1.0
964512,201900006043,9,17,18:40,1,2,1,1.0,6.0,93031,GENERAL JULIEN (DU),M,"48,9543000","2,3119700",93,2019,50.0,1.0,1.0,4.0,2155819,10.0,3,4,1,5.0,,2.0,3,2004.0,A01,138Â 295Â 176,8.0,0.0,-1.0,1646167,2.0,7,,0.0,1.0,0.0,A01,138Â 295Â 176,1.0
964512,201900006043,9,17,18:40,1,2,1,1.0,6.0,93031,GENERAL JULIEN (DU),M,"48,9543000","2,3119700",93,2019,50.0,1.0,1.0,4.0,2155820,1.0,1,1,1,9.0,,-1.0, -1,1988.0,A01,138Â 295Â 176,1.0,0.0,-1.0,1646167,2.0,7,,0.0,1.0,0.0,A01,138Â 295Â 176,1.0
964513,201900006044,9,17,04:45,5,2,9,1.0,3.0,93027,CONVENTION (RUE DE LA),M,"48,9272200","2,3932700",93,2019,50.0,3.0,1.0,3.0,2155821,1.0,1,4,1,1.0,,-1.0, -1,1972.0,A01,138Â 295Â 175,1.0,5.0,-1.0,1646168,2.0,10,,0.0,2.0,1.0,B01,138Â 295Â 174,1.0
964513,201900006044,9,17,04:45,5,2,9,1.0,3.0,93027,CONVENTION (RUE DE LA),M,"48,9272200","2,3932700",93,2019,50.0,3.0,1.0,3.0,2155821,1.0,1,4,1,1.0,,-1.0, -1,1972.0,A01,138Â 295Â 175,1.0,5.0,-1.0,1646169,2.0,10,,0.0,2.0,6.0,A01,138Â 295Â 175,1.0
964514,201900006045,9,17,08:00,1,2,1,1.0,3.0,93001,VALMY (RUE DE),M,"48,9221690","2,3802490",93,2019,50.0,1.0,1.0,4.0,2155822,1.0,1,1,1,1.0,,-1.0, -1,1972.0,B01,138Â 295Â 172,1.0,0.0,-1.0,1646170,1.0,10,,0.0,2.0,6.0,B01,138Â 295Â 172,1.0
964514,201900006045,9,17,08:00,1,2,1,1.0,3.0,93001,VALMY (RUE DE),M,"48,9221690","2,3802490",93,2019,50.0,1.0,1.0,4.0,2155822,1.0,1,1,1,1.0,,-1.0, -1,1972.0,B01,138Â 295Â 172,1.0,0.0,-1.0,1646171,1.0,34,,0.0,2.0,1.0,A01,138Â 295Â 173,1.0
964514,201900006045,9,17,08:00,1,2,1,1.0,3.0,93001,VALMY (RUE DE),M,"48,9221690","2,3802490",93,2019,50.0,1.0,1.0,4.0,2155823,1.0,1,4,1,1.0,,-1.0, -1,1991.0,A01,138Â 295Â 173,2.0,0.0,-1.0,1646170,1.0,10,,0.0,2.0,6.0,B01,138Â 295Â 172,1.0
964514,201900006045,9,17,08:00,1,2,1,1.0,3.0,93001,VALMY (RUE DE),M,"48,9221690","2,3802490",93,2019,50.0,1.0,1.0,4.0,2155823,1.0,1,4,1,1.0,,-1.0, -1,1991.0,A01,138Â 295Â 173,2.0,0.0,-1.0,1646171,1.0,34,,0.0,2.0,1.0,A01,138Â 295Â 173,1.0
964515,201900006046,9,17,19:15,1,2,3,1.0,3.0,92073,TUILERIE (RUE DE LA),M,"48,8624303","2,2148931",92,2019,30.0,1.0,1.0,4.0,2155824,1.0,1,4,2,1.0,,-1.0,0,1970.0,B01,138Â 295Â 170,2.0,8.0,-1.0,1646172,1.0,80,,0.0,2.0,1.0,B01,138Â 295Â 170,3.0
964515,201900006046,9,17,19:15,1,2,3,1.0,3.0,92073,TUILERIE (RUE DE LA),M,"48,8624303","2,2148931",92,2019,30.0,1.0,1.0,4.0,2155824,1.0,1,4,2,1.0,,-1.0,0,1970.0,B01,138Â 295Â 170,2.0,8.0,-1.0,1646173,3.0,7,,0.0,2.0,3.0,A01,138Â 295Â 171,1.0
964515,201900006046,9,17,19:15,1,2,3,1.0,3.0,92073,TUILERIE (RUE DE LA),M,"48,8624303","2,2148931",92,2019,30.0,1.0,1.0,4.0,2155825,1.0,1,1,2,1.0,,-1.0,0,1983.0,A01,138Â 295Â 171,1.0,8.0,-1.0,1646172,1.0,80,,0.0,2.0,1.0,B01,138Â 295Â 170,3.0
964515,201900006046,9,17,19:15,1,2,3,1.0,3.0,92073,TUILERIE (RUE DE LA),M,"48,8624303","2,2148931",92,2019,30.0,1.0,1.0,4.0,2155825,1.0,1,1,2,1.0,,-1.0,0,1983.0,A01,138Â 295Â 171,1.0,8.0,-1.0,1646173,3.0,7,,0.0,2.0,3.0,A01,138Â 295Â 171,1.0
964516,201900006047,9,16,12:35,1,2,1,1.0,7.0,92072,GRANDE RUE,M,"48,8220702","2,2063202",92,2019,50.0,1.0,1.0,3.0,2155826,1.0,1,4,1,1.0,,-1.0,0,1990.0,A01,138Â 295Â 169,2.0,6.0,-1.0,1646174,3.0,31,,0.0,0.0,0.0,A01,138Â 295Â 169,1.0
964517,201900006048,9,17,18:30,1,2,3,1.0,1.0,92040,PROFESSEUR CALMETTE (AVENUE DU),M,"48,8147600","2,2719400",92,2019,50.0,1.0,1.0,4.0,2155827,1.0,1,4,1,1.0,,-1.0,0,1982.0,A01,138Â 295Â 167,2.0,0.0,-1.0,1646175,2.0,1,,0.0,2.0,1.0,A01,138Â 295Â 167,5.0
964517,201900006048,9,17,18:30,1,2,3,1.0,1.0,92040,PROFESSEUR CALMETTE (AVENUE DU),M,"48,8147600","2,2719400",92,2019,50.0,1.0,1.0,4.0,2155827,1.0,1,4,1,1.0,,-1.0,0,1982.0,A01,138Â 295Â 167,2.0,0.0,-1.0,1646176,2.0,7,,0.0,2.0,1.0,B01,138Â 295Â 168,1.0
964517,201900006048,9,17,18:30,1,2,3,1.0,1.0,92040,PROFESSEUR CALMETTE (AVENUE DU),M,"48,8147600","2,2719400",92,2019,50.0,1.0,1.0,4.0,2155828,1.0,1,1,2,1.0,,-1.0,0,1967.0,B01,138Â 295Â 168,1.0,0.0,-1.0,1646175,2.0,1,,0.0,2.0,1.0,A01,138Â 295Â 167,5.0
964517,201900006048,9,17,18:30,1,2,3,1.0,1.0,92040,PROFESSEUR CALMETTE (AVENUE DU),M,"48,8147600","2,2719400",92,2019,50.0,1.0,1.0,4.0,2155828,1.0,1,1,2,1.0,,-1.0,0,1967.0,B01,138Â 295Â 168,1.0,0.0,-1.0,1646176,2.0,7,,0.0,2.0,1.0,B01,138Â 295Â 168,1.0
964518,201900006049,9,17,20:15,1,2,1,2.0,3.0,92026,VERDUN (BOULEVARD DE),M,"48,8991320","2,2619780",92,2019,50.0,3.0,1.0,3.0,2155829,1.0,1,4,1,5.0,,0.0,0,1974.0,B01,138Â 295Â 165,2.0,-1.0,-1.0,1646177,1.0,31,,0.0,2.0,1.0,B01,138Â 295Â 165,1.0