Unnamed: 0_x,num_acc,mois,jour,hrmn,lum,agg,int,atm,col,com,adr,gps,lat,long,dep,annee,vma,situ,surf,catr,Unnamed: 0_y,place,catu,grav,sexe,trajet,secu,locp,actp,an_nais,num_veh_x,id_vehicule_x,secu1,secu2,secu3,Unnamed: 0,senc,catv,occutc,obs,obsm,choc,num_veh_y,id_vehicule_y,motor
964518,201900006049,9,17,20:15,1,2,1,2.0,3.0,92026,VERDUN (BOULEVARD DE),M,"48,8991320","2,2619780",92,2019,50.0,3.0,1.0,3.0,2155829,1.0,1,4,1,5.0,,0.0,0,1974.0,B01,138Â 295Â 165,2.0,-1.0,-1.0,1646178,1.0,7,,0.0,2.0,8.0,A01,138Â 295Â 166,1.0
964518,201900006049,9,17,20:15,1,2,1,2.0,3.0,92026,VERDUN (BOULEVARD DE),M,"48,8991320","2,2619780",92,2019,50.0,3.0,1.0,3.0,2155830,2.0,2,1,1,5.0,,-1.0,0,1998.0,A01,138Â 295Â 166,1.0,0.0,-1.0,1646177,1.0,31,,0.0,2.0,1.0,B01,138Â 295Â 165,1.0
964518,201900006049,9,17,20:15,1,2,1,2.0,3.0,92026,VERDUN (BOULEVARD DE),M,"48,8991320","2,2619780",92,2019,50.0,3.0,1.0,3.0,2155830,2.0,2,1,1,5.0,,-1.0,0,1998.0,A01,138Â 295Â 166,1.0,0.0,-1.0,1646178,1.0,7,,0.0,2.0,8.0,A01,138Â 295Â 166,1.0
964518,201900006049,9,17,20:15,1,2,1,2.0,3.0,92026,VERDUN (BOULEVARD DE),M,"48,8991320","2,2619780",92,2019,50.0,3.0,1.0,3.0,2155831,1.0,1,1,1,5.0,,-1.0, -1,1999.0,A01,138Â 295Â 166,1.0,0.0,-1.0,1646177,1.0,31,,0.0,2.0,1.0,B01,138Â 295Â 165,1.0
964518,201900006049,9,17,20:15,1,2,1,2.0,3.0,92026,VERDUN (BOULEVARD DE),M,"48,8991320","2,2619780",92,2019,50.0,3.0,1.0,3.0,2155831,1.0,1,1,1,5.0,,-1.0, -1,1999.0,A01,138Â 295Â 166,1.0,0.0,-1.0,1646178,1.0,7,,0.0,2.0,8.0,A01,138Â 295Â 166,1.0
964519,201900006050,9,16,08:45,1,2,1,8.0,6.0,92023,BRETAGNE (RUE DE),M,"48,7832300","2,2432400",92,2019,30.0,1.0,1.0,4.0,2155832,1.0,1,1,2,9.0,,-1.0, -1,1984.0,A01,138Â 295Â 162,1.0,0.0,-1.0,1646179,1.0,7,,0.0,1.0,2.0,A01,138Â 295Â 162,1.0
964519,201900006050,9,16,08:45,1,2,1,8.0,6.0,92023,BRETAGNE (RUE DE),M,"48,7832300","2,2432400",92,2019,30.0,1.0,1.0,4.0,2155833,2.0,2,1,1,4.0,,0.0,0,1974.0,A01,138Â 295Â 162,1.0,0.0,-1.0,1646179,1.0,7,,0.0,1.0,2.0,A01,138Â 295Â 162,1.0
964519,201900006050,9,16,08:45,1,2,1,8.0,6.0,92023,BRETAGNE (RUE DE),M,"48,7832300","2,2432400",92,2019,30.0,1.0,1.0,4.0,2155834,10.0,3,3,1,2.0,,5.0,3,2014.0,A01,138Â 295Â 162,0.0,0.0,-1.0,1646179,1.0,7,,0.0,1.0,2.0,A01,138Â 295Â 162,1.0
964520,201900006051,2,6,16:30,1,2,1,1.0,3.0,31555,AV DE L URSS,M,"43,5823200","1,4487170",31,2019,50.0,1.0,1.0,4.0,2155835,1.0,1,4,1,5.0,,-1.0,0,1984.0,B01,138Â 295Â 160,2.0,8.0,-1.0,1646180,1.0,43,,0.0,2.0,1.0,B01,138Â 295Â 160,1.0
964520,201900006051,2,6,16:30,1,2,1,1.0,3.0,31555,AV DE L URSS,M,"43,5823200","1,4487170",31,2019,50.0,1.0,1.0,4.0,2155835,1.0,1,4,1,5.0,,-1.0,0,1984.0,B01,138Â 295Â 160,2.0,8.0,-1.0,1646181,1.0,7,,0.0,2.0,3.0,A01,138Â 295Â 161,1.0
964520,201900006051,2,6,16:30,1,2,1,1.0,3.0,31555,AV DE L URSS,M,"43,5823200","1,4487170",31,2019,50.0,1.0,1.0,4.0,2155836,1.0,1,1,1,9.0,,-1.0,0,1993.0,A01,138Â 295Â 161,1.0,7.0,-1.0,1646180,1.0,43,,0.0,2.0,1.0,B01,138Â 295Â 160,1.0
964520,201900006051,2,6,16:30,1,2,1,1.0,3.0,31555,AV DE L URSS,M,"43,5823200","1,4487170",31,2019,50.0,1.0,1.0,4.0,2155836,1.0,1,1,1,9.0,,-1.0,0,1993.0,A01,138Â 295Â 161,1.0,7.0,-1.0,1646181,1.0,7,,0.0,2.0,3.0,A01,138Â 295Â 161,1.0
964521,201900006052,2,7,07:30,3,2,1,1.0,6.0,31149,AUCH (RUE D'),M,"43,6085870","1,3401120",31,2019,50.0,1.0,1.0,4.0,2155837,10.0,3,4,2,5.0,,3.0,3,1944.0,A01,138Â 295Â 159,8.0,0.0,-1.0,1646182,1.0,7,,0.0,1.0,0.0,A01,138Â 295Â 159,1.0
964521,201900006052,2,7,07:30,3,2,1,1.0,6.0,31149,AUCH (RUE D'),M,"43,6085870","1,3401120",31,2019,50.0,1.0,1.0,4.0,2155838,1.0,1,1,1,5.0,,-1.0,0,1955.0,A01,138Â 295Â 159,1.0,8.0,-1.0,1646182,1.0,7,,0.0,1.0,0.0,A01,138Â 295Â 159,1.0
964522,201900006053,2,8,20:05,5,2,1,1.0,6.0,30189,KENNEDY (AVENUE),M,"43,8263000","4,3385000",30,2019,70.0,1.0,1.0,4.0,2155839,10.0,3,4,1,0.0,,4.0,3,1978.0,A01,138Â 295Â 158,0.0,0.0,0.0,1646183,3.0,7,,0.0,1.0,2.0,A01,138Â 295Â 158,1.0
964522,201900006053,2,8,20:05,5,2,1,1.0,6.0,30189,KENNEDY (AVENUE),M,"43,8263000","4,3385000",30,2019,70.0,1.0,1.0,4.0,2155840,1.0,1,1,2,5.0,,-1.0,0,1978.0,A01,138Â 295Â 158,1.0,0.0,-1.0,1646183,3.0,7,,0.0,1.0,2.0,A01,138Â 295Â 158,1.0
964523,201900006054,2,10,17:20,1,1,3,1.0,1.0,29232,KEREQUELLOU CHEMIN DE,M,"47,9663500"," -4,0611000",29,2019,70.0,1.0,2.0,3.0,2155841,1.0,1,1,1,5.0,,-1.0,0,1989.0,A01,138Â 295Â 154,1.0,0.0,-1.0,1646184,2.0,7,,0.0,2.0,1.0,A01,138Â 295Â 154,1.0
964523,201900006054,2,10,17:20,1,1,3,1.0,1.0,29232,KEREQUELLOU CHEMIN DE,M,"47,9663500"," -4,0611000",29,2019,70.0,1.0,2.0,3.0,2155841,1.0,1,1,1,5.0,,-1.0,0,1989.0,A01,138Â 295Â 154,1.0,0.0,-1.0,1646185,1.0,7,,0.0,2.0,8.0,B01,138Â 295Â 155,1.0
964523,201900006054,2,10,17:20,1,1,3,1.0,1.0,29232,KEREQUELLOU CHEMIN DE,M,"47,9663500"," -4,0611000",29,2019,70.0,1.0,2.0,3.0,2155842,1.0,1,4,1,5.0,,-1.0,0,1932.0,B01,138Â 295Â 155,1.0,0.0,-1.0,1646184,2.0,7,,0.0,2.0,1.0,A01,138Â 295Â 154,1.0
964523,201900006054,2,10,17:20,1,1,3,1.0,1.0,29232,KEREQUELLOU CHEMIN DE,M,"47,9663500"," -4,0611000",29,2019,70.0,1.0,2.0,3.0,2155842,1.0,1,4,1,5.0,,-1.0,0,1932.0,B01,138Â 295Â 155,1.0,0.0,-1.0,1646185,1.0,7,,0.0,2.0,8.0,B01,138Â 295Â 155,1.0
964524,201900006055,2,9,20:15,3,1,1,3.0,7.0,29232,RN 165,M,"47,9809000"," -4,0132900",29,2019,110.0,1.0,2.0,2.0,2155843,1.0,1,4,1,1.0,,0.0,0,1979.0,A01,138Â 295Â 153,1.0,0.0,-1.0,1646186,1.0,7,,0.0,0.0,9.0,A01,138Â 295Â 153,1.0
964525,201900006056,2,7,18:45,5,2,9,2.0,1.0,29232,GIRONDINS AVENUE DES,M,"47,9893294"," -4,1311968",29,2019,50.0,1.0,2.0,4.0,2155844,1.0,1,3,1,0.0,,0.0,0,1971.0,B01,138Â 295Â 152,1.0,0.0,-1.0,1646187,0.0,7,,0.0,2.0,1.0,A01,138Â 295Â 151,1.0
964525,201900006056,2,7,18:45,5,2,9,2.0,1.0,29232,GIRONDINS AVENUE DES,M,"47,9893294"," -4,1311968",29,2019,50.0,1.0,2.0,4.0,2155844,1.0,1,3,1,0.0,,0.0,0,1971.0,B01,138Â 295Â 152,1.0,0.0,-1.0,1646188,3.0,7,,0.0,2.0,1.0,B01,138Â 295Â 152,1.0
964526,201900006057,2,7,12:10,1,2,2,1.0,2.0,29019,GUESDE JULES,M,"48,3945000"," -4,4716100",29,2019,50.0,1.0,1.0,4.0,2155845,1.0,1,1,1,5.0,,0.0,0,1996.0,A01,138Â 295Â 149,1.0,0.0,-1.0,1646189,1.0,7,,0.0,2.0,4.0,A01,138Â 295Â 149,1.0
964526,201900006057,2,7,12:10,1,2,2,1.0,2.0,29019,GUESDE JULES,M,"48,3945000"," -4,4716100",29,2019,50.0,1.0,1.0,4.0,2155845,1.0,1,1,1,5.0,,0.0,0,1996.0,A01,138Â 295Â 149,1.0,0.0,-1.0,1646190,1.0,2,,0.0,2.0,7.0,B01,138Â 295Â 150,1.0
964526,201900006057,2,7,12:10,1,2,2,1.0,2.0,29019,GUESDE JULES,M,"48,3945000"," -4,4716100",29,2019,50.0,1.0,1.0,4.0,2155846,1.0,1,4,1,0.0,,0.0,0,1995.0,B01,138Â 295Â 150,2.0,6.0,-1.0,1646189,1.0,7,,0.0,2.0,4.0,A01,138Â 295Â 149,1.0
964526,201900006057,2,7,12:10,1,2,2,1.0,2.0,29019,GUESDE JULES,M,"48,3945000"," -4,4716100",29,2019,50.0,1.0,1.0,4.0,2155846,1.0,1,4,1,0.0,,0.0,0,1995.0,B01,138Â 295Â 150,2.0,6.0,-1.0,1646190,1.0,2,,0.0,2.0,7.0,B01,138Â 295Â 150,1.0
964527,201900006058,2,7,07:50,2,2,1,2.0,6.0,29019,KERGOAT,M,"48,4003200"," -4,5047600",29,2019,50.0,2.0,2.0,4.0,2155847,1.0,1,1,1,9.0,,0.0,0,1998.0,A01,138Â 295Â 148,1.0,0.0,-1.0,1646191,1.0,7,,0.0,1.0,1.0,A01,138Â 295Â 148,1.0
964527,201900006058,2,7,07:50,2,2,1,2.0,6.0,29019,KERGOAT,M,"48,4003200"," -4,5047600",29,2019,50.0,2.0,2.0,4.0,2155848,10.0,3,4,1,2.0,,3.0,3,2000.0,A01,138Â 295Â 148,0.0,8.0,-1.0,1646191,1.0,7,,0.0,1.0,1.0,A01,138Â 295Â 148,1.0
964528,201900006059,2,6,15:55,1,2,9,1.0,3.0,28085,PROUST( avenue MARCEL),M,"48,4506900","1,5183300",28,2019,30.0,1.0,1.0,4.0,2155849,1.0,1,1,1,0.0,,-1.0, -1,1975.0,B01,138Â 295Â 146,1.0,0.0,-1.0,1646192,1.0,10,,0.0,2.0,2.0,B01,138Â 295Â 146,1.0
964528,201900006059,2,6,15:55,1,2,9,1.0,3.0,28085,PROUST( avenue MARCEL),M,"48,4506900","1,5183300",28,2019,30.0,1.0,1.0,4.0,2155849,1.0,1,1,1,0.0,,-1.0, -1,1975.0,B01,138Â 295Â 146,1.0,0.0,-1.0,1646193,1.0,7,,0.0,2.0,3.0,A01,138Â 295Â 147,1.0
964528,201900006059,2,6,15:55,1,2,9,1.0,3.0,28085,PROUST( avenue MARCEL),M,"48,4506900","1,5183300",28,2019,30.0,1.0,1.0,4.0,2155850,1.0,1,4,1,0.0,,-1.0,0,1994.0,A01,138Â 295Â 147,1.0,0.0,-1.0,1646192,1.0,10,,0.0,2.0,2.0,B01,138Â 295Â 146,1.0
964528,201900006059,2,6,15:55,1,2,9,1.0,3.0,28085,PROUST( avenue MARCEL),M,"48,4506900","1,5183300",28,2019,30.0,1.0,1.0,4.0,2155850,1.0,1,4,1,0.0,,-1.0,0,1994.0,A01,138Â 295Â 147,1.0,0.0,-1.0,1646193,1.0,7,,0.0,2.0,3.0,A01,138Â 295Â 147,1.0
964529,201900006060,2,9,23:00,5,2,1,3.0,3.0,27681,ROUEN (AVENUE DE),M,"49,0964400","1,4817700",27,2019,50.0,1.0,2.0,4.0,2155851,1.0,1,4,1,5.0,,-1.0,0,1996.0,A01,138Â 295Â 144,1.0,0.0,-1.0,1646194,1.0,3,,16.0,0.0,8.0,A01,138Â 295Â 144,1.0
964529,201900006060,2,9,23:00,5,2,1,3.0,3.0,27681,ROUEN (AVENUE DE),M,"49,0964400","1,4817700",27,2019,50.0,1.0,2.0,4.0,2155851,1.0,1,4,1,5.0,,-1.0,0,1996.0,A01,138Â 295Â 144,1.0,0.0,-1.0,1646195,1.0,2,,0.0,2.0,1.0,B01,138Â 295Â 145,1.0
964529,201900006060,2,9,23:00,5,2,1,3.0,3.0,27681,ROUEN (AVENUE DE),M,"49,0964400","1,4817700",27,2019,50.0,1.0,2.0,4.0,2155852,1.0,1,4,1,1.0,,-1.0,0,2002.0,B01,138Â 295Â 145,2.0,0.0,-1.0,1646194,1.0,3,,16.0,0.0,8.0,A01,138Â 295Â 144,1.0
964529,201900006060,2,9,23:00,5,2,1,3.0,3.0,27681,ROUEN (AVENUE DE),M,"49,0964400","1,4817700",27,2019,50.0,1.0,2.0,4.0,2155852,1.0,1,4,1,1.0,,-1.0,0,2002.0,B01,138Â 295Â 145,2.0,0.0,-1.0,1646195,1.0,2,,0.0,2.0,1.0,B01,138Â 295Â 145,1.0
964530,201900006061,2,7,10:00,1,2,2,1.0,3.0,27375,SALENGRO (RUE ROGER),M,"49,2228200","1,1644800",27,2019,50.0,1.0,2.0,4.0,2155853,1.0,1,4,2,9.0,,0.0, -1,1954.0,A01,138Â 295Â 142,1.0,0.0,-1.0,1646196,3.0,7,,0.0,2.0,1.0,A01,138Â 295Â 142,1.0
964530,201900006061,2,7,10:00,1,2,2,1.0,3.0,27375,SALENGRO (RUE ROGER),M,"49,2228200","1,1644800",27,2019,50.0,1.0,2.0,4.0,2155853,1.0,1,4,2,9.0,,0.0, -1,1954.0,A01,138Â 295Â 142,1.0,0.0,-1.0,1646197,3.0,7,,0.0,2.0,5.0,B01,138Â 295Â 143,1.0
964530,201900006061,2,7,10:00,1,2,2,1.0,3.0,27375,SALENGRO (RUE ROGER),M,"49,2228200","1,1644800",27,2019,50.0,1.0,2.0,4.0,2155854,3.0,2,4,2,3.0,,0.0, -1,2018.0,B01,138Â 295Â 143,1.0,8.0,-1.0,1646196,3.0,7,,0.0,2.0,1.0,A01,138Â 295Â 142,1.0
964530,201900006061,2,7,10:00,1,2,2,1.0,3.0,27375,SALENGRO (RUE ROGER),M,"49,2228200","1,1644800",27,2019,50.0,1.0,2.0,4.0,2155854,3.0,2,4,2,3.0,,0.0, -1,2018.0,B01,138Â 295Â 143,1.0,8.0,-1.0,1646197,3.0,7,,0.0,2.0,5.0,B01,138Â 295Â 143,1.0
964530,201900006061,2,7,10:00,1,2,2,1.0,3.0,27375,SALENGRO (RUE ROGER),M,"49,2228200","1,1644800",27,2019,50.0,1.0,2.0,4.0,2155855,2.0,2,4,2,3.0,,0.0, -1,1989.0,B01,138Â 295Â 143,1.0,0.0,-1.0,1646196,3.0,7,,0.0,2.0,1.0,A01,138Â 295Â 142,1.0
964530,201900006061,2,7,10:00,1,2,2,1.0,3.0,27375,SALENGRO (RUE ROGER),M,"49,2228200","1,1644800",27,2019,50.0,1.0,2.0,4.0,2155855,2.0,2,4,2,3.0,,0.0, -1,1989.0,B01,138Â 295Â 143,1.0,0.0,-1.0,1646197,3.0,7,,0.0,2.0,5.0,B01,138Â 295Â 143,1.0
964530,201900006061,2,7,10:00,1,2,2,1.0,3.0,27375,SALENGRO (RUE ROGER),M,"49,2228200","1,1644800",27,2019,50.0,1.0,2.0,4.0,2155856,1.0,1,1,1,3.0,,0.0, -1,1987.0,B01,138Â 295Â 143,1.0,0.0,-1.0,1646196,3.0,7,,0.0,2.0,1.0,A01,138Â 295Â 142,1.0
964530,201900006061,2,7,10:00,1,2,2,1.0,3.0,27375,SALENGRO (RUE ROGER),M,"49,2228200","1,1644800",27,2019,50.0,1.0,2.0,4.0,2155856,1.0,1,1,1,3.0,,0.0, -1,1987.0,B01,138Â 295Â 143,1.0,0.0,-1.0,1646197,3.0,7,,0.0,2.0,5.0,B01,138Â 295Â 143,1.0
964531,201900006062,2,8,19:40,3,1,1,1.0,4.0,26058,RD2007,M,"44,9701200","4,8852400",26,2019,50.0,1.0,1.0,3.0,2155857,1.0,1,1,2,0.0,,0.0,0,1969.0,A01,138Â 295Â 139,1.0,0.0,-1.0,1646198,1.0,7,,0.0,2.0,0.0,A01,138Â 295Â 139,1.0
964531,201900006062,2,8,19:40,3,1,1,1.0,4.0,26058,RD2007,M,"44,9701200","4,8852400",26,2019,50.0,1.0,1.0,3.0,2155857,1.0,1,1,2,0.0,,0.0,0,1969.0,A01,138Â 295Â 139,1.0,0.0,-1.0,1646199,1.0,7,,0.0,2.0,3.0,C01,138Â 295Â 140,1.0
964531,201900006062,2,8,19:40,3,1,1,1.0,4.0,26058,RD2007,M,"44,9701200","4,8852400",26,2019,50.0,1.0,1.0,3.0,2155857,1.0,1,1,2,0.0,,0.0,0,1969.0,A01,138Â 295Â 139,1.0,0.0,-1.0,1646200,1.0,7,,0.0,2.0,9.0,B01,138Â 295Â 141,1.0
964531,201900006062,2,8,19:40,3,1,1,1.0,4.0,26058,RD2007,M,"44,9701200","4,8852400",26,2019,50.0,1.0,1.0,3.0,2155858,2.0,2,4,1,0.0,,0.0,0,2000.0,C01,138Â 295Â 140,1.0,0.0,-1.0,1646198,1.0,7,,0.0,2.0,0.0,A01,138Â 295Â 139,1.0
964531,201900006062,2,8,19:40,3,1,1,1.0,4.0,26058,RD2007,M,"44,9701200","4,8852400",26,2019,50.0,1.0,1.0,3.0,2155858,2.0,2,4,1,0.0,,0.0,0,2000.0,C01,138Â 295Â 140,1.0,0.0,-1.0,1646199,1.0,7,,0.0,2.0,3.0,C01,138Â 295Â 140,1.0
964531,201900006062,2,8,19:40,3,1,1,1.0,4.0,26058,RD2007,M,"44,9701200","4,8852400",26,2019,50.0,1.0,1.0,3.0,2155858,2.0,2,4,1,0.0,,0.0,0,2000.0,C01,138Â 295Â 140,1.0,0.0,-1.0,1646200,1.0,7,,0.0,2.0,9.0,B01,138Â 295Â 141,1.0
964531,201900006062,2,8,19:40,3,1,1,1.0,4.0,26058,RD2007,M,"44,9701200","4,8852400",26,2019,50.0,1.0,1.0,3.0,2155859,2.0,2,4,1,0.0,,0.0,0,2000.0,C01,138Â 295Â 140,1.0,0.0,-1.0,1646198,1.0,7,,0.0,2.0,0.0,A01,138Â 295Â 139,1.0
964531,201900006062,2,8,19:40,3,1,1,1.0,4.0,26058,RD2007,M,"44,9701200","4,8852400",26,2019,50.0,1.0,1.0,3.0,2155859,2.0,2,4,1,0.0,,0.0,0,2000.0,C01,138Â 295Â 140,1.0,0.0,-1.0,1646199,1.0,7,,0.0,2.0,3.0,C01,138Â 295Â 140,1.0
964531,201900006062,2,8,19:40,3,1,1,1.0,4.0,26058,RD2007,M,"44,9701200","4,8852400",26,2019,50.0,1.0,1.0,3.0,2155859,2.0,2,4,1,0.0,,0.0,0,2000.0,C01,138Â 295Â 140,1.0,0.0,-1.0,1646200,1.0,7,,0.0,2.0,9.0,B01,138Â 295Â 141,1.0
964531,201900006062,2,8,19:40,3,1,1,1.0,4.0,26058,RD2007,M,"44,9701200","4,8852400",26,2019,50.0,1.0,1.0,3.0,2155860,1.0,1,4,2,0.0,,0.0,0,1999.0,C01,138Â 295Â 140,1.0,0.0,-1.0,1646198,1.0,7,,0.0,2.0,0.0,A01,138Â 295Â 139,1.0
964531,201900006062,2,8,19:40,3,1,1,1.0,4.0,26058,RD2007,M,"44,9701200","4,8852400",26,2019,50.0,1.0,1.0,3.0,2155860,1.0,1,4,2,0.0,,0.0,0,1999.0,C01,138Â 295Â 140,1.0,0.0,-1.0,1646199,1.0,7,,0.0,2.0,3.0,C01,138Â 295Â 140,1.0
964531,201900006062,2,8,19:40,3,1,1,1.0,4.0,26058,RD2007,M,"44,9701200","4,8852400",26,2019,50.0,1.0,1.0,3.0,2155860,1.0,1,4,2,0.0,,0.0,0,1999.0,C01,138Â 295Â 140,1.0,0.0,-1.0,1646200,1.0,7,,0.0,2.0,9.0,B01,138Â 295Â 141,1.0
964531,201900006062,2,8,19:40,3,1,1,1.0,4.0,26058,RD2007,M,"44,9701200","4,8852400",26,2019,50.0,1.0,1.0,3.0,2155861,1.0,1,4,2,0.0,,0.0,0,1985.0,B01,138Â 295Â 141,1.0,0.0,-1.0,1646198,1.0,7,,0.0,2.0,0.0,A01,138Â 295Â 139,1.0
964531,201900006062,2,8,19:40,3,1,1,1.0,4.0,26058,RD2007,M,"44,9701200","4,8852400",26,2019,50.0,1.0,1.0,3.0,2155861,1.0,1,4,2,0.0,,0.0,0,1985.0,B01,138Â 295Â 141,1.0,0.0,-1.0,1646199,1.0,7,,0.0,2.0,3.0,C01,138Â 295Â 140,1.0
964531,201900006062,2,8,19:40,3,1,1,1.0,4.0,26058,RD2007,M,"44,9701200","4,8852400",26,2019,50.0,1.0,1.0,3.0,2155861,1.0,1,4,2,0.0,,0.0,0,1985.0,B01,138Â 295Â 141,1.0,0.0,-1.0,1646200,1.0,7,,0.0,2.0,9.0,B01,138Â 295Â 141,1.0
964532,201900006063,2,11,13:15,1,2,1,4.0,3.0,25462,BOULEVARD PASTEUR (DE 0 A 54),M,"46,9044100","6,3473700",25,2019,50.0,1.0,5.0,4.0,2155862,1.0,1,1,1,5.0,,0.0,0,1971.0,A01,138Â 295Â 137,1.0,4.0,-1.0,1646201,3.0,7,,0.0,0.0,5.0,A01,138Â 295Â 137,1.0
964532,201900006063,2,11,13:15,1,2,1,4.0,3.0,25462,BOULEVARD PASTEUR (DE 0 A 54),M,"46,9044100","6,3473700",25,2019,50.0,1.0,5.0,4.0,2155862,1.0,1,1,1,5.0,,0.0,0,1971.0,A01,138Â 295Â 137,1.0,4.0,-1.0,1646202,3.0,30,,0.0,0.0,1.0,B01,138Â 295Â 138,1.0
964532,201900006063,2,11,13:15,1,2,1,4.0,3.0,25462,BOULEVARD PASTEUR (DE 0 A 54),M,"46,9044100","6,3473700",25,2019,50.0,1.0,5.0,4.0,2155863,1.0,1,4,1,4.0,,0.0,0,1985.0,B01,138Â 295Â 138,2.0,4.0,-1.0,1646201,3.0,7,,0.0,0.0,5.0,A01,138Â 295Â 137,1.0
964532,201900006063,2,11,13:15,1,2,1,4.0,3.0,25462,BOULEVARD PASTEUR (DE 0 A 54),M,"46,9044100","6,3473700",25,2019,50.0,1.0,5.0,4.0,2155863,1.0,1,4,1,4.0,,0.0,0,1985.0,B01,138Â 295Â 138,2.0,4.0,-1.0,1646202,3.0,30,,0.0,0.0,1.0,B01,138Â 295Â 138,1.0
964533,201900006064,2,9,13:05,1,1,1,1.0,2.0,25204,Jules GrÃ©vy,M,"46,9243500","6,3382300",25,2019,50.0,1.0,1.0,4.0,2155864,1.0,1,1,1,0.0,,0.0,0,1992.0,A01,138Â 295Â 135,8.0,0.0,-1.0,1646203,3.0,7,,0.0,2.0,1.0,A01,138Â 295Â 135,1.0
964533,201900006064,2,9,13:05,1,1,1,1.0,2.0,25204,Jules GrÃ©vy,M,"46,9243500","6,3382300",25,2019,50.0,1.0,1.0,4.0,2155864,1.0,1,1,1,0.0,,0.0,0,1992.0,A01,138Â 295Â 135,8.0,0.0,-1.0,1646204,3.0,7,,0.0,0.0,4.0,B01,138Â 295Â 136,0.0
964533,201900006064,2,9,13:05,1,1,1,1.0,2.0,25204,Jules GrÃ©vy,M,"46,9243500","6,3382300",25,2019,50.0,1.0,1.0,4.0,2155865,2.0,2,4,2,0.0,,0.0,0,1971.0,B01,138Â 295Â 136,1.0,0.0,-1.0,1646203,3.0,7,,0.0,2.0,1.0,A01,138Â 295Â 135,1.0
964533,201900006064,2,9,13:05,1,1,1,1.0,2.0,25204,Jules GrÃ©vy,M,"46,9243500","6,3382300",25,2019,50.0,1.0,1.0,4.0,2155865,2.0,2,4,2,0.0,,0.0,0,1971.0,B01,138Â 295Â 136,1.0,0.0,-1.0,1646204,3.0,7,,0.0,0.0,4.0,B01,138Â 295Â 136,0.0
964533,201900006064,2,9,13:05,1,1,1,1.0,2.0,25204,Jules GrÃ©vy,M,"46,9243500","6,3382300",25,2019,50.0,1.0,1.0,4.0,2155866,1.0,1,1,1,0.0,,0.0,0,1967.0,B01,138Â 295Â 136,1.0,0.0,-1.0,1646203,3.0,7,,0.0,2.0,1.0,A01,138Â 295Â 135,1.0
964533,201900006064,2,9,13:05,1,1,1,1.0,2.0,25204,Jules GrÃ©vy,M,"46,9243500","6,3382300",25,2019,50.0,1.0,1.0,4.0,2155866,1.0,1,1,1,0.0,,0.0,0,1967.0,B01,138Â 295Â 136,1.0,0.0,-1.0,1646204,3.0,7,,0.0,0.0,4.0,B01,138Â 295Â 136,0.0
964534,201900006065,2,10,17:25,1,2,1,2.0,1.0,25056,DOLE RUE DE (sup 200),M,"47,2263700","5,9778500",25,2019,50.0,1.0,2.0,3.0,2155867,1.0,1,4,1,0.0,,0.0,0,1983.0,B01,138Â 295Â 133,1.0,-1.0,-1.0,1646205,1.0,7,,0.0,2.0,1.0,B01,138Â 295Â 133,1.0
964534,201900006065,2,10,17:25,1,2,1,2.0,1.0,25056,DOLE RUE DE (sup 200),M,"47,2263700","5,9778500",25,2019,50.0,1.0,2.0,3.0,2155867,1.0,1,4,1,0.0,,0.0,0,1983.0,B01,138Â 295Â 133,1.0,-1.0,-1.0,1646206,2.0,7,,0.0,2.0,2.0,A01,138Â 295Â 134,1.0
964534,201900006065,2,10,17:25,1,2,1,2.0,1.0,25056,DOLE RUE DE (sup 200),M,"47,2263700","5,9778500",25,2019,50.0,1.0,2.0,3.0,2155868,1.0,1,4,1,0.0,,0.0,0,1998.0,A01,138Â 295Â 134,1.0,-1.0,-1.0,1646205,1.0,7,,0.0,2.0,1.0,B01,138Â 295Â 133,1.0
964534,201900006065,2,10,17:25,1,2,1,2.0,1.0,25056,DOLE RUE DE (sup 200),M,"47,2263700","5,9778500",25,2019,50.0,1.0,2.0,3.0,2155868,1.0,1,4,1,0.0,,0.0,0,1998.0,A01,138Â 295Â 134,1.0,-1.0,-1.0,1646206,2.0,7,,0.0,2.0,2.0,A01,138Â 295Â 134,1.0
964535,201900006066,2,9,19:50,5,2,1,1.0,3.0,25056,APOLLINAIRE RUE GUILLAUME,M,"47,2153400","5,9442500",25,2019,30.0,1.0,1.0,6.0,2155869,1.0,1,4,1,5.0,,0.0,0,1999.0,A01,138Â 295Â 131,2.0,0.0,-1.0,1646207,3.0,32,,0.0,2.0,8.0,A01,138Â 295Â 131,1.0
964535,201900006066,2,9,19:50,5,2,1,1.0,3.0,25056,APOLLINAIRE RUE GUILLAUME,M,"47,2153400","5,9442500",25,2019,30.0,1.0,1.0,6.0,2155869,1.0,1,4,1,5.0,,0.0,0,1999.0,A01,138Â 295Â 131,2.0,0.0,-1.0,1646208,3.0,7,,0.0,2.0,3.0,B01,138Â 295Â 132,1.0
964535,201900006066,2,9,19:50,5,2,1,1.0,3.0,25056,APOLLINAIRE RUE GUILLAUME,M,"47,2153400","5,9442500",25,2019,30.0,1.0,1.0,6.0,2155870,2.0,2,4,1,5.0,,0.0,0,2004.0,A01,138Â 295Â 131,8.0,0.0,-1.0,1646207,3.0,32,,0.0,2.0,8.0,A01,138Â 295Â 131,1.0
964535,201900006066,2,9,19:50,5,2,1,1.0,3.0,25056,APOLLINAIRE RUE GUILLAUME,M,"47,2153400","5,9442500",25,2019,30.0,1.0,1.0,6.0,2155870,2.0,2,4,1,5.0,,0.0,0,2004.0,A01,138Â 295Â 131,8.0,0.0,-1.0,1646208,3.0,7,,0.0,2.0,3.0,B01,138Â 295Â 132,1.0