Unnamed: 0_x,num_acc,mois,jour,hrmn,lum,agg,int,atm,col,com,adr,gps,lat,long,dep,annee,vma,situ,surf,catr,Unnamed: 0_y,place,catu,grav,sexe,trajet,secu,locp,actp,an_nais,num_veh_x,id_vehicule_x,secu1,secu2,secu3,Unnamed: 0,senc,catv,occutc,obs,obsm,choc,num_veh_y,id_vehicule_y,motor
964535,201900006066,2,9,19:50,5,2,1,1.0,3.0,25056,APOLLINAIRE RUE GUILLAUME,M,"47,2153400","5,9442500",25,2019,30.0,1.0,1.0,6.0,2155871,2.0,2,1,1,5.0,,0.0,0,1997.0,B01,138Â 295Â 132,1.0,0.0,-1.0,1646207,3.0,32,,0.0,2.0,8.0,A01,138Â 295Â 131,1.0
964535,201900006066,2,9,19:50,5,2,1,1.0,3.0,25056,APOLLINAIRE RUE GUILLAUME,M,"47,2153400","5,9442500",25,2019,30.0,1.0,1.0,6.0,2155871,2.0,2,1,1,5.0,,0.0,0,1997.0,B01,138Â 295Â 132,1.0,0.0,-1.0,1646208,3.0,7,,0.0,2.0,3.0,B01,138Â 295Â 132,1.0
964535,201900006066,2,9,19:50,5,2,1,1.0,3.0,25056,APOLLINAIRE RUE GUILLAUME,M,"47,2153400","5,9442500",25,2019,30.0,1.0,1.0,6.0,2155872,1.0,1,1,1,0.0,,0.0,0,1987.0,B01,138Â 295Â 132,1.0,0.0,-1.0,1646207,3.0,32,,0.0,2.0,8.0,A01,138Â 295Â 131,1.0
964535,201900006066,2,9,19:50,5,2,1,1.0,3.0,25056,APOLLINAIRE RUE GUILLAUME,M,"47,2153400","5,9442500",25,2019,30.0,1.0,1.0,6.0,2155872,1.0,1,1,1,0.0,,0.0,0,1987.0,B01,138Â 295Â 132,1.0,0.0,-1.0,1646208,3.0,7,,0.0,2.0,3.0,B01,138Â 295Â 132,1.0
964536,201900006067,2,3,18:30,1,2,1,1.0,3.0,24138,AVENUE DU GENERAL GAULLE,M,"45,1851700","0,6996800",24,2019,50.0,1.0,1.0,3.0,2155873,1.0,1,1,2,5.0,,-1.0, -1,1974.0,A01,138Â 295Â 129,1.0,8.0,-1.0,1646209,1.0,7,,0.0,2.0,6.0,A01,138Â 295Â 129,1.0
964536,201900006067,2,3,18:30,1,2,1,1.0,3.0,24138,AVENUE DU GENERAL GAULLE,M,"45,1851700","0,6996800",24,2019,50.0,1.0,1.0,3.0,2155873,1.0,1,1,2,5.0,,-1.0, -1,1974.0,A01,138Â 295Â 129,1.0,8.0,-1.0,1646210,1.0,33,,0.0,2.0,1.0,B01,138Â 295Â 130,1.0
964536,201900006067,2,3,18:30,1,2,1,1.0,3.0,24138,AVENUE DU GENERAL GAULLE,M,"45,1851700","0,6996800",24,2019,50.0,1.0,1.0,3.0,2155874,1.0,1,3,1,5.0,,-1.0, -1,1988.0,B01,138Â 295Â 130,2.0,0.0,-1.0,1646209,1.0,7,,0.0,2.0,6.0,A01,138Â 295Â 129,1.0
964536,201900006067,2,3,18:30,1,2,1,1.0,3.0,24138,AVENUE DU GENERAL GAULLE,M,"45,1851700","0,6996800",24,2019,50.0,1.0,1.0,3.0,2155874,1.0,1,3,1,5.0,,-1.0, -1,1988.0,B01,138Â 295Â 130,2.0,0.0,-1.0,1646210,1.0,33,,0.0,2.0,1.0,B01,138Â 295Â 130,1.0
964537,201900006068,2,7,20:45,5,2,2,8.0,1.0,24037,RUE DU DOCTEUR ROUX,M,"44,8616600","0,4966300",24,2019,50.0,1.0,1.0,3.0,2155875,1.0,1,3,1,9.0,,-1.0, -1,1984.0,B01,138Â 295Â 127,8.0,0.0,-1.0,1646211,1.0,1,,0.0,2.0,1.0,B01,138Â 295Â 127,5.0
964537,201900006068,2,7,20:45,5,2,2,8.0,1.0,24037,RUE DU DOCTEUR ROUX,M,"44,8616600","0,4966300",24,2019,50.0,1.0,1.0,3.0,2155875,1.0,1,3,1,9.0,,-1.0, -1,1984.0,B01,138Â 295Â 127,8.0,0.0,-1.0,1646212,3.0,7,,0.0,2.0,3.0,A01,138Â 295Â 128,1.0
964537,201900006068,2,7,20:45,5,2,2,8.0,1.0,24037,RUE DU DOCTEUR ROUX,M,"44,8616600","0,4966300",24,2019,50.0,1.0,1.0,3.0,2155876,1.0,1,1,2,1.0,,-1.0, -1,1971.0,A01,138Â 295Â 128,1.0,0.0,-1.0,1646211,1.0,1,,0.0,2.0,1.0,B01,138Â 295Â 127,5.0
964537,201900006068,2,7,20:45,5,2,2,8.0,1.0,24037,RUE DU DOCTEUR ROUX,M,"44,8616600","0,4966300",24,2019,50.0,1.0,1.0,3.0,2155876,1.0,1,1,2,1.0,,-1.0, -1,1971.0,A01,138Â 295Â 128,1.0,0.0,-1.0,1646212,3.0,7,,0.0,2.0,3.0,A01,138Â 295Â 128,1.0
964538,201900006069,2,8,12:37,1,2,1,1.0,1.0,22278,PARIS (DE),M,"48,5056762"," -2,7445189",22,2019,50.0,8.0,1.0,6.0,2155877,1.0,1,4,2,1.0,,0.0,0,1977.0,B01,138Â 295Â 124,1.0,0.0,-1.0,1646213,3.0,3,,0.0,2.0,2.0,B01,138Â 295Â 124,1.0
964538,201900006069,2,8,12:37,1,2,1,1.0,1.0,22278,PARIS (DE),M,"48,5056762"," -2,7445189",22,2019,50.0,8.0,1.0,6.0,2155877,1.0,1,4,2,1.0,,0.0,0,1977.0,B01,138Â 295Â 124,1.0,0.0,-1.0,1646214,3.0,10,,0.0,2.0,4.0,A01,138Â 295Â 125,1.0
964538,201900006069,2,8,12:37,1,2,1,1.0,1.0,22278,PARIS (DE),M,"48,5056762"," -2,7445189",22,2019,50.0,8.0,1.0,6.0,2155878,1.0,1,1,1,4.0,,0.0,0,1988.0,A01,138Â 295Â 125,1.0,0.0,-1.0,1646213,3.0,3,,0.0,2.0,2.0,B01,138Â 295Â 124,1.0
964538,201900006069,2,8,12:37,1,2,1,1.0,1.0,22278,PARIS (DE),M,"48,5056762"," -2,7445189",22,2019,50.0,8.0,1.0,6.0,2155878,1.0,1,1,1,4.0,,0.0,0,1988.0,A01,138Â 295Â 125,1.0,0.0,-1.0,1646214,3.0,10,,0.0,2.0,4.0,A01,138Â 295Â 125,1.0
964539,201900006070,2,6,20:00,3,1,1,1.0,7.0,22187,VIADUC (RUE DU),M,"48,5272800"," -2,7700100",22,2019,70.0,1.0,1.0,3.0,2155879,1.0,1,3,2,9.0,,0.0,0,1992.0,A01,138Â 295Â 123,1.0,8.0,-1.0,1646215,3.0,3,,8.0,0.0,1.0,A01,138Â 295Â 123,1.0
964540,201900006071,2,11,09:15,1,2,2,2.0,2.0,19031,MIRABEAU (BOULEVARD) COTE NORD,M,"45,1642148","1,5215153",19,2019,50.0,1.0,2.0,4.0,2155880,1.0,1,4,2,9.0,,-1.0, -1,1954.0,B01,138Â 295Â 121,1.0,0.0,-1.0,1646216,2.0,7,,0.0,2.0,4.0,B01,138Â 295Â 121,1.0
964540,201900006071,2,11,09:15,1,2,2,2.0,2.0,19031,MIRABEAU (BOULEVARD) COTE NORD,M,"45,1642148","1,5215153",19,2019,50.0,1.0,2.0,4.0,2155880,1.0,1,4,2,9.0,,-1.0, -1,1954.0,B01,138Â 295Â 121,1.0,0.0,-1.0,1646217,2.0,7,,0.0,2.0,1.0,A01,138Â 295Â 122,1.0
964540,201900006071,2,11,09:15,1,2,2,2.0,2.0,19031,MIRABEAU (BOULEVARD) COTE NORD,M,"45,1642148","1,5215153",19,2019,50.0,1.0,2.0,4.0,2155881,2.0,2,4,2,0.0,,-1.0, -1,1982.0,B01,138Â 295Â 121,1.0,0.0,-1.0,1646216,2.0,7,,0.0,2.0,4.0,B01,138Â 295Â 121,1.0
964540,201900006071,2,11,09:15,1,2,2,2.0,2.0,19031,MIRABEAU (BOULEVARD) COTE NORD,M,"45,1642148","1,5215153",19,2019,50.0,1.0,2.0,4.0,2155881,2.0,2,4,2,0.0,,-1.0, -1,1982.0,B01,138Â 295Â 121,1.0,0.0,-1.0,1646217,2.0,7,,0.0,2.0,1.0,A01,138Â 295Â 122,1.0
964540,201900006071,2,11,09:15,1,2,2,2.0,2.0,19031,MIRABEAU (BOULEVARD) COTE NORD,M,"45,1642148","1,5215153",19,2019,50.0,1.0,2.0,4.0,2155882,1.0,1,1,1,1.0,,-1.0, -1,1988.0,A01,138Â 295Â 122,1.0,0.0,-1.0,1646216,2.0,7,,0.0,2.0,4.0,B01,138Â 295Â 121,1.0
964540,201900006071,2,11,09:15,1,2,2,2.0,2.0,19031,MIRABEAU (BOULEVARD) COTE NORD,M,"45,1642148","1,5215153",19,2019,50.0,1.0,2.0,4.0,2155882,1.0,1,1,1,1.0,,-1.0, -1,1988.0,A01,138Â 295Â 122,1.0,0.0,-1.0,1646217,2.0,7,,0.0,2.0,1.0,A01,138Â 295Â 122,1.0
964541,201900006072,2,9,04:40,5,2,3,1.0,6.0,17300,LACROIX   RUE MARIUS,M,"46,1763040"," -1,1384720",17,2019,50.0,1.0,2.0,4.0,2155883,1.0,1,4,2,9.0,,0.0, -1,1970.0,A01,138Â 295Â 118,8.0,0.0,-1.0,1646218,1.0,7,,6.0,0.0,1.0,A01,138Â 295Â 118,1.0
964542,201900006073,2,8,17:35,1,2,1,1.0,7.0,17300,SAINT-ELOI   RUE BASSE DE,M,"46,1646550"," -1,1359040",17,2019,50.0,1.0,1.0,4.0,2155884,1.0,1,4,1,5.0,,-1.0, -1,2005.0,A01,138Â 295Â 117,2.0,0.0,-1.0,1646219,1.0,1,,0.0,0.0,1.0,A01,138Â 295Â 117,5.0
964543,201900006074,2,8,08:30,1,1,3,1.0,5.0,17274,Route de Belle Croix,M,"46,1672000"," -1,0922900",17,2019,50.0,1.0,1.0,3.0,2155885,1.0,1,1,2,9.0,,-1.0, -1,1953.0,A01,138Â 295Â 114,1.0,8.0,-1.0,1646220,1.0,7,,0.0,2.0,1.0,A01,138Â 295Â 114,1.0
964543,201900006074,2,8,08:30,1,1,3,1.0,5.0,17274,Route de Belle Croix,M,"46,1672000"," -1,0922900",17,2019,50.0,1.0,1.0,3.0,2155885,1.0,1,1,2,9.0,,-1.0, -1,1953.0,A01,138Â 295Â 114,1.0,8.0,-1.0,1646221,2.0,33,,0.0,2.0,1.0,B01,138Â 295Â 115,1.0
964543,201900006074,2,8,08:30,1,1,3,1.0,5.0,17274,Route de Belle Croix,M,"46,1672000"," -1,0922900",17,2019,50.0,1.0,1.0,3.0,2155885,1.0,1,1,2,9.0,,-1.0, -1,1953.0,A01,138Â 295Â 114,1.0,8.0,-1.0,1646222,1.0,7,,0.0,2.0,1.0,C01,138Â 295Â 116,1.0
964543,201900006074,2,8,08:30,1,1,3,1.0,5.0,17274,Route de Belle Croix,M,"46,1672000"," -1,0922900",17,2019,50.0,1.0,1.0,3.0,2155886,1.0,1,3,1,1.0,,-1.0, -1,1952.0,B01,138Â 295Â 115,2.0,8.0,-1.0,1646220,1.0,7,,0.0,2.0,1.0,A01,138Â 295Â 114,1.0
964543,201900006074,2,8,08:30,1,1,3,1.0,5.0,17274,Route de Belle Croix,M,"46,1672000"," -1,0922900",17,2019,50.0,1.0,1.0,3.0,2155886,1.0,1,3,1,1.0,,-1.0, -1,1952.0,B01,138Â 295Â 115,2.0,8.0,-1.0,1646221,2.0,33,,0.0,2.0,1.0,B01,138Â 295Â 115,1.0
964543,201900006074,2,8,08:30,1,1,3,1.0,5.0,17274,Route de Belle Croix,M,"46,1672000"," -1,0922900",17,2019,50.0,1.0,1.0,3.0,2155886,1.0,1,3,1,1.0,,-1.0, -1,1952.0,B01,138Â 295Â 115,2.0,8.0,-1.0,1646222,1.0,7,,0.0,2.0,1.0,C01,138Â 295Â 116,1.0
964543,201900006074,2,8,08:30,1,1,3,1.0,5.0,17274,Route de Belle Croix,M,"46,1672000"," -1,0922900",17,2019,50.0,1.0,1.0,3.0,2155887,1.0,1,1,2,9.0,,-1.0, -1,1970.0,C01,138Â 295Â 116,1.0,0.0,-1.0,1646220,1.0,7,,0.0,2.0,1.0,A01,138Â 295Â 114,1.0
964543,201900006074,2,8,08:30,1,1,3,1.0,5.0,17274,Route de Belle Croix,M,"46,1672000"," -1,0922900",17,2019,50.0,1.0,1.0,3.0,2155887,1.0,1,1,2,9.0,,-1.0, -1,1970.0,C01,138Â 295Â 116,1.0,0.0,-1.0,1646221,2.0,33,,0.0,2.0,1.0,B01,138Â 295Â 115,1.0
964543,201900006074,2,8,08:30,1,1,3,1.0,5.0,17274,Route de Belle Croix,M,"46,1672000"," -1,0922900",17,2019,50.0,1.0,1.0,3.0,2155887,1.0,1,1,2,9.0,,-1.0, -1,1970.0,C01,138Â 295Â 116,1.0,0.0,-1.0,1646222,1.0,7,,0.0,2.0,1.0,C01,138Â 295Â 116,1.0
964544,201900006075,2,7,20:00,3,1,1,1.0,6.0,17028,Route de Varaize,M,"46,1406300"," -1,0969700",17,2019,80.0,1.0,1.0,4.0,2155888,2.0,2,3,1,5.0,,-1.0, -1,1973.0,A01,138Â 295Â 113,1.0,8.0,-1.0,1646223,1.0,7,,6.0,0.0,9.0,A01,138Â 295Â 113,1.0
964544,201900006075,2,7,20:00,3,1,1,1.0,6.0,17028,Route de Varaize,M,"46,1406300"," -1,0969700",17,2019,80.0,1.0,1.0,4.0,2155889,1.0,1,4,1,5.0,,-1.0, -1,1971.0,A01,138Â 295Â 113,1.0,8.0,-1.0,1646223,1.0,7,,6.0,0.0,9.0,A01,138Â 295Â 113,1.0
964545,201900006076,2,7,14:40,1,2,1,1.0,6.0,17028,GRASSET   AVENUE EDMOND,M,"46,1326720"," -1,1114210",17,2019,30.0,1.0,1.0,4.0,2155890,1.0,1,1,1,4.0,,-1.0, -1,1959.0,A01,138Â 295Â 111,1.0,0.0,-1.0,1646224,2.0,10,,0.0,1.0,3.0,A01,138Â 295Â 111,1.0
964545,201900006076,2,7,14:40,1,2,1,1.0,6.0,17028,GRASSET   AVENUE EDMOND,M,"46,1326720"," -1,1114210",17,2019,30.0,1.0,1.0,4.0,2155891,10.0,3,3,2,0.0,,3.0,3,1941.0,A01,138Â 295Â 111,0.0,0.0,-1.0,1646224,2.0,10,,0.0,1.0,3.0,A01,138Â 295Â 111,1.0
964546,201900006077,2,8,18:10,1,2,1,1.0,6.0,17299,RUE DU COMMANDANT L'HERMINIER,M,"45,9479300"," -0,9709800",17,2019,50.0,1.0,2.0,4.0,2155892,1.0,1,1,1,5.0,,-1.0, -1,1951.0,A01,138Â 295Â 110,1.0,8.0,-1.0,1646225,2.0,7,,0.0,1.0,1.0,A01,138Â 295Â 110,1.0
964546,201900006077,2,8,18:10,1,2,1,1.0,6.0,17299,RUE DU COMMANDANT L'HERMINIER,M,"45,9479300"," -0,9709800",17,2019,50.0,1.0,2.0,4.0,2155893,10.0,3,3,2,5.0,,1.0,3,1953.0,A01,138Â 295Â 110,8.0,0.0,-1.0,1646225,2.0,7,,0.0,1.0,1.0,A01,138Â 295Â 110,1.0
964546,201900006077,2,8,18:10,1,2,1,1.0,6.0,17299,RUE DU COMMANDANT L'HERMINIER,M,"45,9479300"," -0,9709800",17,2019,50.0,1.0,2.0,4.0,2155894,10.0,3,4,2,5.0,,1.0,3,1952.0,A01,138Â 295Â 110,8.0,0.0,-1.0,1646225,2.0,7,,0.0,1.0,1.0,A01,138Â 295Â 110,1.0
964547,201900006078,2,8,11:20,1,2,1,1.0,2.0,16154,route de Paris,M,"45,6706100","0,1731300",16,2019,50.0,1.0,1.0,4.0,2155895,1.0,1,1,1,5.0,,-1.0,0,1959.0,B01,138Â 295Â 104,1.0,0.0,-1.0,1646226,1.0,7,,0.0,2.0,1.0,B01,138Â 295Â 104,1.0
964547,201900006078,2,8,11:20,1,2,1,1.0,2.0,16154,route de Paris,M,"45,6706100","0,1731300",16,2019,50.0,1.0,1.0,4.0,2155895,1.0,1,1,1,5.0,,-1.0,0,1959.0,B01,138Â 295Â 104,1.0,0.0,-1.0,1646227,1.0,7,,0.0,1.0,1.0,A01,138Â 295Â 105,1.0
964547,201900006078,2,8,11:20,1,2,1,1.0,2.0,16154,route de Paris,M,"45,6706100","0,1731300",16,2019,50.0,1.0,1.0,4.0,2155896,1.0,1,1,1,0.0,,0.0,0,1969.0,A01,138Â 295Â 105,1.0,0.0,-1.0,1646226,1.0,7,,0.0,2.0,1.0,B01,138Â 295Â 104,1.0
964547,201900006078,2,8,11:20,1,2,1,1.0,2.0,16154,route de Paris,M,"45,6706100","0,1731300",16,2019,50.0,1.0,1.0,4.0,2155896,1.0,1,1,1,0.0,,0.0,0,1969.0,A01,138Â 295Â 105,1.0,0.0,-1.0,1646227,1.0,7,,0.0,1.0,1.0,A01,138Â 295Â 105,1.0
964547,201900006078,2,8,11:20,1,2,1,1.0,2.0,16154,route de Paris,M,"45,6706100","0,1731300",16,2019,50.0,1.0,1.0,4.0,2155897,10.0,3,3,2,5.0,,2.0,3,1954.0,A01,138Â 295Â 105,0.0,0.0,-1.0,1646226,1.0,7,,0.0,2.0,1.0,B01,138Â 295Â 104,1.0
964547,201900006078,2,8,11:20,1,2,1,1.0,2.0,16154,route de Paris,M,"45,6706100","0,1731300",16,2019,50.0,1.0,1.0,4.0,2155897,10.0,3,3,2,5.0,,2.0,3,1954.0,A01,138Â 295Â 105,0.0,0.0,-1.0,1646227,1.0,7,,0.0,1.0,1.0,A01,138Â 295Â 105,1.0
964548,201900006079,2,7,11:21,1,2,1,7.0,6.0,14338,ALLIES (AVENUE DES),M,"49,3014916"," -0,0785795",14,2019,30.0,1.0,1.0,3.0,2155898,10.0,3,4,1,5.0,,2.0,3,1943.0,A01,138Â 295Â 099,8.0,0.0,-1.0,1646228,2.0,7,,0.0,1.0,1.0,A01,138Â 295Â 099,1.0
964548,201900006079,2,7,11:21,1,2,1,7.0,6.0,14338,ALLIES (AVENUE DES),M,"49,3014916"," -0,0785795",14,2019,30.0,1.0,1.0,3.0,2155899,1.0,1,1,2,5.0,,-1.0, -1,1968.0,A01,138Â 295Â 099,1.0,8.0,-1.0,1646228,2.0,7,,0.0,1.0,1.0,A01,138Â 295Â 099,1.0
964549,201900006080,2,9,20:05,5,2,3,2.0,1.0,14341,RABIN (BOULEVARD YTHAK),M,"49,1493690"," -0,3520428",14,2019,50.0,1.0,2.0,4.0,2155900,1.0,1,1,1,3.0,,0.0,0,1967.0,C01,138Â 295Â 096,1.0,-1.0,-1.0,1646229,2.0,10,,0.0,2.0,1.0,C01,138Â 295Â 096,1.0
964549,201900006080,2,9,20:05,5,2,3,2.0,1.0,14341,RABIN (BOULEVARD YTHAK),M,"49,1493690"," -0,3520428",14,2019,50.0,1.0,2.0,4.0,2155900,1.0,1,1,1,3.0,,0.0,0,1967.0,C01,138Â 295Â 096,1.0,-1.0,-1.0,1646230,1.0,7,,0.0,2.0,1.0,E01,138Â 295Â 097,1.0
964549,201900006080,2,9,20:05,5,2,3,2.0,1.0,14341,RABIN (BOULEVARD YTHAK),M,"49,1493690"," -0,3520428",14,2019,50.0,1.0,2.0,4.0,2155901,1.0,1,4,2,5.0,,0.0,0,1968.0,E01,138Â 295Â 097,1.0,-1.0,-1.0,1646229,2.0,10,,0.0,2.0,1.0,C01,138Â 295Â 096,1.0
964549,201900006080,2,9,20:05,5,2,3,2.0,1.0,14341,RABIN (BOULEVARD YTHAK),M,"49,1493690"," -0,3520428",14,2019,50.0,1.0,2.0,4.0,2155901,1.0,1,4,2,5.0,,0.0,0,1968.0,E01,138Â 295Â 097,1.0,-1.0,-1.0,1646230,1.0,7,,0.0,2.0,1.0,E01,138Â 295Â 097,1.0
964550,201900006081,2,9,20:40,5,2,2,2.0,2.0,14118,JUIN (BOULEVARD MARECHAL),M,"49,2097750"," -0,3709220",14,2019,50.0,1.0,2.0,3.0,2155902,2.0,2,4,1,5.0,,0.0,0,1992.0,D01,138Â 295Â 094,1.0,-1.0,-1.0,1646231,1.0,7,,0.0,0.0,4.0,D01,138Â 295Â 094,1.0
964550,201900006081,2,9,20:40,5,2,2,2.0,2.0,14118,JUIN (BOULEVARD MARECHAL),M,"49,2097750"," -0,3709220",14,2019,50.0,1.0,2.0,3.0,2155902,2.0,2,4,1,5.0,,0.0,0,1992.0,D01,138Â 295Â 094,1.0,-1.0,-1.0,1646232,1.0,7,,0.0,2.0,1.0,C01,138Â 295Â 095,1.0
964550,201900006081,2,9,20:40,5,2,2,2.0,2.0,14118,JUIN (BOULEVARD MARECHAL),M,"49,2097750"," -0,3709220",14,2019,50.0,1.0,2.0,3.0,2155903,1.0,1,4,2,5.0,,0.0,0,1993.0,D01,138Â 295Â 094,1.0,-1.0,-1.0,1646231,1.0,7,,0.0,0.0,4.0,D01,138Â 295Â 094,1.0
964550,201900006081,2,9,20:40,5,2,2,2.0,2.0,14118,JUIN (BOULEVARD MARECHAL),M,"49,2097750"," -0,3709220",14,2019,50.0,1.0,2.0,3.0,2155903,1.0,1,4,2,5.0,,0.0,0,1993.0,D01,138Â 295Â 094,1.0,-1.0,-1.0,1646232,1.0,7,,0.0,2.0,1.0,C01,138Â 295Â 095,1.0
964550,201900006081,2,9,20:40,5,2,2,2.0,2.0,14118,JUIN (BOULEVARD MARECHAL),M,"49,2097750"," -0,3709220",14,2019,50.0,1.0,2.0,3.0,2155904,1.0,1,1,1,3.0,,0.0,0,1971.0,C01,138Â 295Â 095,0.0,-1.0,-1.0,1646231,1.0,7,,0.0,0.0,4.0,D01,138Â 295Â 094,1.0
964550,201900006081,2,9,20:40,5,2,2,2.0,2.0,14118,JUIN (BOULEVARD MARECHAL),M,"49,2097750"," -0,3709220",14,2019,50.0,1.0,2.0,3.0,2155904,1.0,1,1,1,3.0,,0.0,0,1971.0,C01,138Â 295Â 095,0.0,-1.0,-1.0,1646232,1.0,7,,0.0,2.0,1.0,C01,138Â 295Â 095,1.0
964551,201900006082,2,8,18:10,1,2,1,2.0,3.0,14327,TSUKUBA (AVENUE DE),M,"49,2140000"," -0,3520000",14,2019,50.0,1.0,2.0,4.0,2155905,1.0,1,1,2,0.0,,-1.0,0,1973.0,A01,138Â 295Â 092,1.0,0.0,-1.0,1646233,3.0,7,,0.0,2.0,8.0,A01,138Â 295Â 092,1.0
964551,201900006082,2,8,18:10,1,2,1,2.0,3.0,14327,TSUKUBA (AVENUE DE),M,"49,2140000"," -0,3520000",14,2019,50.0,1.0,2.0,4.0,2155905,1.0,1,1,2,0.0,,-1.0,0,1973.0,A01,138Â 295Â 092,1.0,0.0,-1.0,1646234,3.0,7,,0.0,2.0,7.0,B01,138Â 295Â 093,1.0
964551,201900006082,2,8,18:10,1,2,1,2.0,3.0,14327,TSUKUBA (AVENUE DE),M,"49,2140000"," -0,3520000",14,2019,50.0,1.0,2.0,4.0,2155906,1.0,1,4,2,5.0,,-1.0,0,1973.0,B01,138Â 295Â 093,1.0,0.0,-1.0,1646233,3.0,7,,0.0,2.0,8.0,A01,138Â 295Â 092,1.0
964551,201900006082,2,8,18:10,1,2,1,2.0,3.0,14327,TSUKUBA (AVENUE DE),M,"49,2140000"," -0,3520000",14,2019,50.0,1.0,2.0,4.0,2155906,1.0,1,4,2,5.0,,-1.0,0,1973.0,B01,138Â 295Â 093,1.0,0.0,-1.0,1646234,3.0,7,,0.0,2.0,7.0,B01,138Â 295Â 093,1.0
964552,201900006083,2,8,08:45,1,2,1,1.0,6.0,14327,BERLIN (AVENUE DE),M,"49,2017000"," -0,3371000",14,2019,50.0,1.0,1.0,4.0,2155907,1.0,1,1,2,5.0,,-1.0,0,1955.0,A01,138Â 295Â 089,1.0,0.0,-1.0,1646235,1.0,7,,0.0,1.0,1.0,A01,138Â 295Â 089,1.0
964552,201900006083,2,8,08:45,1,2,1,1.0,6.0,14327,BERLIN (AVENUE DE),M,"49,2017000"," -0,3371000",14,2019,50.0,1.0,1.0,4.0,2155908,10.0,3,4,2,5.0,,3.0,3,2008.0,A01,138Â 295Â 089,8.0,0.0,-1.0,1646235,1.0,7,,0.0,1.0,1.0,A01,138Â 295Â 089,1.0
964553,201900006084,2,7,09:45,1,2,1,1.0,6.0,14118,CLEMENCEAU (AVENUE GEORGES),M,"49,1898700"," -0,3448100",14,2019,50.0,1.0,1.0,4.0,2155909,10.0,3,4,2,5.0,,1.0,3,1945.0,A01,138Â 295Â 088,8.0,0.0,-1.0,1646236,3.0,30,,0.0,1.0,1.0,A01,138Â 295Â 088,1.0
964553,201900006084,2,7,09:45,1,2,1,1.0,6.0,14118,CLEMENCEAU (AVENUE GEORGES),M,"49,1898700"," -0,3448100",14,2019,50.0,1.0,1.0,4.0,2155910,1.0,1,1,1,5.0,,-1.0,0,1957.0,A01,138Â 295Â 088,2.0,0.0,-1.0,1646236,3.0,30,,0.0,1.0,1.0,A01,138Â 295Â 088,1.0
964554,201900006085,2,8,20:10,5,2,1,1.0,3.0,13103,AVENUE DU 22 AOUT 1944,M,"43,6344700","5,0781400",13,2019,50.0,1.0,1.0,4.0,2155911,2.0,2,3,1,0.0,,-1.0, -1,2005.0,B01,138Â 295Â 086,2.0,8.0,-1.0,1646237,3.0,33,,0.0,2.0,1.0,B01,138Â 295Â 086,1.0
964554,201900006085,2,8,20:10,5,2,1,1.0,3.0,13103,AVENUE DU 22 AOUT 1944,M,"43,6344700","5,0781400",13,2019,50.0,1.0,1.0,4.0,2155911,2.0,2,3,1,0.0,,-1.0, -1,2005.0,B01,138Â 295Â 086,2.0,8.0,-1.0,1646238,3.0,7,,0.0,2.0,2.0,A01,138Â 295Â 087,1.0
964554,201900006085,2,8,20:10,5,2,1,1.0,3.0,13103,AVENUE DU 22 AOUT 1944,M,"43,6344700","5,0781400",13,2019,50.0,1.0,1.0,4.0,2155912,1.0,1,3,1,0.0,,0.0,0,1985.0,B01,138Â 295Â 086,2.0,8.0,-1.0,1646237,3.0,33,,0.0,2.0,1.0,B01,138Â 295Â 086,1.0
964554,201900006085,2,8,20:10,5,2,1,1.0,3.0,13103,AVENUE DU 22 AOUT 1944,M,"43,6344700","5,0781400",13,2019,50.0,1.0,1.0,4.0,2155912,1.0,1,3,1,0.0,,0.0,0,1985.0,B01,138Â 295Â 086,2.0,8.0,-1.0,1646238,3.0,7,,0.0,2.0,2.0,A01,138Â 295Â 087,1.0
964554,201900006085,2,8,20:10,5,2,1,1.0,3.0,13103,AVENUE DU 22 AOUT 1944,M,"43,6344700","5,0781400",13,2019,50.0,1.0,1.0,4.0,2155913,2.0,2,4,2,0.0,,-1.0, -1,2000.0,A01,138Â 295Â 087,1.0,8.0,-1.0,1646237,3.0,33,,0.0,2.0,1.0,B01,138Â 295Â 086,1.0
964554,201900006085,2,8,20:10,5,2,1,1.0,3.0,13103,AVENUE DU 22 AOUT 1944,M,"43,6344700","5,0781400",13,2019,50.0,1.0,1.0,4.0,2155913,2.0,2,4,2,0.0,,-1.0, -1,2000.0,A01,138Â 295Â 087,1.0,8.0,-1.0,1646238,3.0,7,,0.0,2.0,2.0,A01,138Â 295Â 087,1.0
964554,201900006085,2,8,20:10,5,2,1,1.0,3.0,13103,AVENUE DU 22 AOUT 1944,M,"43,6344700","5,0781400",13,2019,50.0,1.0,1.0,4.0,2155914,3.0,2,1,1,0.0,,-1.0, -1,1998.0,A01,138Â 295Â 087,1.0,0.0,-1.0,1646237,3.0,33,,0.0,2.0,1.0,B01,138Â 295Â 086,1.0
964554,201900006085,2,8,20:10,5,2,1,1.0,3.0,13103,AVENUE DU 22 AOUT 1944,M,"43,6344700","5,0781400",13,2019,50.0,1.0,1.0,4.0,2155914,3.0,2,1,1,0.0,,-1.0, -1,1998.0,A01,138Â 295Â 087,1.0,0.0,-1.0,1646238,3.0,7,,0.0,2.0,2.0,A01,138Â 295Â 087,1.0
964554,201900006085,2,8,20:10,5,2,1,1.0,3.0,13103,AVENUE DU 22 AOUT 1944,M,"43,6344700","5,0781400",13,2019,50.0,1.0,1.0,4.0,2155915,1.0,1,1,1,0.0,,0.0,0,1998.0,A01,138Â 295Â 087,1.0,8.0,-1.0,1646237,3.0,33,,0.0,2.0,1.0,B01,138Â 295Â 086,1.0