Unnamed: 0_x,num_acc,mois,jour,hrmn,lum,agg,int,atm,col,com,adr,gps,lat,long,dep,annee,vma,situ,surf,catr,Unnamed: 0_y,place,catu,grav,sexe,trajet,secu,locp,actp,an_nais,num_veh_x,id_vehicule_x,secu1,secu2,secu3,Unnamed: 0,senc,catv,occutc,obs,obsm,choc,num_veh_y,id_vehicule_y,motor
964554,201900006085,2,8,20:10,5,2,1,1.0,3.0,13103,AVENUE DU 22 AOUT 1944,M,"43,6344700","5,0781400",13,2019,50.0,1.0,1.0,4.0,2155915,1.0,1,1,1,0.0,,0.0,0,1998.0,A01,138Â 295Â 087,1.0,8.0,-1.0,1646238,3.0,7,,0.0,2.0,2.0,A01,138Â 295Â 087,1.0
964555,201900006086,2,7,11:05,1,2,1,1.0,2.0,13056,ALSACE LORRAINE QUAI,M,"43,4037900","5,0537800",13,2019,50.0,1.0,1.0,3.0,2155916,1.0,1,1,1,5.0,,-1.0, -1,1980.0,B01,138Â 295Â 084,1.0,0.0,-1.0,1646239,0.0,7,,0.0,1.0,4.0,B01,138Â 295Â 084,1.0
964555,201900006086,2,7,11:05,1,2,1,1.0,2.0,13056,ALSACE LORRAINE QUAI,M,"43,4037900","5,0537800",13,2019,50.0,1.0,1.0,3.0,2155916,1.0,1,1,1,5.0,,-1.0, -1,1980.0,B01,138Â 295Â 084,1.0,0.0,-1.0,1646240,0.0,7,,0.0,2.0,1.0,A01,138Â 295Â 085,1.0
964555,201900006086,2,7,11:05,1,2,1,1.0,2.0,13056,ALSACE LORRAINE QUAI,M,"43,4037900","5,0537800",13,2019,50.0,1.0,1.0,3.0,2155917,10.0,3,3,2,5.0,,3.0,3,1933.0,A01,138Â 295Â 085,8.0,0.0,-1.0,1646239,0.0,7,,0.0,1.0,4.0,B01,138Â 295Â 084,1.0
964555,201900006086,2,7,11:05,1,2,1,1.0,2.0,13056,ALSACE LORRAINE QUAI,M,"43,4037900","5,0537800",13,2019,50.0,1.0,1.0,3.0,2155917,10.0,3,3,2,5.0,,3.0,3,1933.0,A01,138Â 295Â 085,8.0,0.0,-1.0,1646240,0.0,7,,0.0,2.0,1.0,A01,138Â 295Â 085,1.0
964555,201900006086,2,7,11:05,1,2,1,1.0,2.0,13056,ALSACE LORRAINE QUAI,M,"43,4037900","5,0537800",13,2019,50.0,1.0,1.0,3.0,2155918,10.0,3,4,2,5.0,,3.0,3,1928.0,A01,138Â 295Â 085,8.0,0.0,-1.0,1646239,0.0,7,,0.0,1.0,4.0,B01,138Â 295Â 084,1.0
964555,201900006086,2,7,11:05,1,2,1,1.0,2.0,13056,ALSACE LORRAINE QUAI,M,"43,4037900","5,0537800",13,2019,50.0,1.0,1.0,3.0,2155918,10.0,3,4,2,5.0,,3.0,3,1928.0,A01,138Â 295Â 085,8.0,0.0,-1.0,1646240,0.0,7,,0.0,2.0,1.0,A01,138Â 295Â 085,1.0
964555,201900006086,2,7,11:05,1,2,1,1.0,2.0,13056,ALSACE LORRAINE QUAI,M,"43,4037900","5,0537800",13,2019,50.0,1.0,1.0,3.0,2155919,1.0,1,1,2,5.0,,0.0,0,1980.0,A01,138Â 295Â 085,1.0,0.0,-1.0,1646239,0.0,7,,0.0,1.0,4.0,B01,138Â 295Â 084,1.0
964555,201900006086,2,7,11:05,1,2,1,1.0,2.0,13056,ALSACE LORRAINE QUAI,M,"43,4037900","5,0537800",13,2019,50.0,1.0,1.0,3.0,2155919,1.0,1,1,2,5.0,,0.0,0,1980.0,A01,138Â 295Â 085,1.0,0.0,-1.0,1646240,0.0,7,,0.0,2.0,1.0,A01,138Â 295Â 085,1.0
964556,201900006087,2,11,23:10,3,2,1,1.0,6.0,13210,RABATAU (BOULEVARD),M,"43,2788000","5,3992700",13,2019,50.0,1.0,1.0,4.0,2155920,1.0,1,4,1,0.0,,0.0,0,1998.0,A01,138Â 295Â 083,1.0,0.0,-1.0,1646241,0.0,10,,8.0,0.0,1.0,A01,138Â 295Â 083,1.0
964556,201900006087,2,11,23:10,3,2,1,1.0,6.0,13210,RABATAU (BOULEVARD),M,"43,2788000","5,3992700",13,2019,50.0,1.0,1.0,4.0,2155921,2.0,2,4,2,0.0,,-1.0, -1,1997.0,A01,138Â 295Â 083,1.0,0.0,-1.0,1646241,0.0,10,,8.0,0.0,1.0,A01,138Â 295Â 083,1.0
964557,201900006088,2,11,14:30,1,2,9,1.0,3.0,13208,LOUIS BONNEFON (PLACE),M,"43,2544710","5,3822050",13,2019,50.0,1.0,1.0,4.0,2155922,1.0,1,1,2,5.0,,0.0,0,1948.0,A01,138Â 295Â 079,1.0,0.0,-1.0,1646242,0.0,7,,0.0,2.0,1.0,A01,138Â 295Â 079,0.0
964557,201900006088,2,11,14:30,1,2,9,1.0,3.0,13208,LOUIS BONNEFON (PLACE),M,"43,2544710","5,3822050",13,2019,50.0,1.0,1.0,4.0,2155922,1.0,1,1,2,5.0,,0.0,0,1948.0,A01,138Â 295Â 079,1.0,0.0,-1.0,1646243,0.0,34,,0.0,2.0,7.0,B01,138Â 295Â 080,0.0
964557,201900006088,2,11,14:30,1,2,9,1.0,3.0,13208,LOUIS BONNEFON (PLACE),M,"43,2544710","5,3822050",13,2019,50.0,1.0,1.0,4.0,2155923,1.0,1,4,1,1.0,,-1.0, -1,1964.0,B01,138Â 295Â 080,2.0,0.0,-1.0,1646242,0.0,7,,0.0,2.0,1.0,A01,138Â 295Â 079,0.0
964557,201900006088,2,11,14:30,1,2,9,1.0,3.0,13208,LOUIS BONNEFON (PLACE),M,"43,2544710","5,3822050",13,2019,50.0,1.0,1.0,4.0,2155923,1.0,1,4,1,1.0,,-1.0, -1,1964.0,B01,138Â 295Â 080,2.0,0.0,-1.0,1646243,0.0,34,,0.0,2.0,7.0,B01,138Â 295Â 080,0.0
964558,201900006089,2,11,12:10,1,2,1,1.0,3.0,13206,LIEUTAUD (COURS),M,"43,2923000","5,3827400",13,2019,50.0,1.0,1.0,4.0,2155924,1.0,1,4,1,1.0,,-1.0, -1,1989.0,B01,138Â 295Â 077,2.0,6.0,-1.0,1646244,2.0,32,,0.0,2.0,8.0,B01,138Â 295Â 077,1.0
964558,201900006089,2,11,12:10,1,2,1,1.0,3.0,13206,LIEUTAUD (COURS),M,"43,2923000","5,3827400",13,2019,50.0,1.0,1.0,4.0,2155924,1.0,1,4,1,1.0,,-1.0, -1,1989.0,B01,138Â 295Â 077,2.0,6.0,-1.0,1646245,2.0,7,,0.0,2.0,7.0,A01,138Â 295Â 078,1.0
964558,201900006089,2,11,12:10,1,2,1,1.0,3.0,13206,LIEUTAUD (COURS),M,"43,2923000","5,3827400",13,2019,50.0,1.0,1.0,4.0,2155925,1.0,1,1,1,5.0,,-1.0, -1,1962.0,A01,138Â 295Â 078,1.0,8.0,-1.0,1646244,2.0,32,,0.0,2.0,8.0,B01,138Â 295Â 077,1.0
964558,201900006089,2,11,12:10,1,2,1,1.0,3.0,13206,LIEUTAUD (COURS),M,"43,2923000","5,3827400",13,2019,50.0,1.0,1.0,4.0,2155925,1.0,1,1,1,5.0,,-1.0, -1,1962.0,A01,138Â 295Â 078,1.0,8.0,-1.0,1646245,2.0,7,,0.0,2.0,7.0,A01,138Â 295Â 078,1.0
964559,201900006090,2,10,12:00,1,2,3,1.0,3.0,13211,PARETTE (PLACE DE LA),M,"43,2908800","5,4264000",13,2019,50.0,1.0,1.0,4.0,2155926,1.0,1,4,1,0.0,,-1.0, -1,1975.0,B01,138Â 295Â 075,1.0,0.0,-1.0,1646246,2.0,7,,0.0,2.0,2.0,B01,138Â 295Â 075,0.0
964559,201900006090,2,10,12:00,1,2,3,1.0,3.0,13211,PARETTE (PLACE DE LA),M,"43,2908800","5,4264000",13,2019,50.0,1.0,1.0,4.0,2155926,1.0,1,4,1,0.0,,-1.0, -1,1975.0,B01,138Â 295Â 075,1.0,0.0,-1.0,1646247,1.0,7,,0.0,2.0,3.0,A01,138Â 295Â 076,0.0
964559,201900006090,2,10,12:00,1,2,3,1.0,3.0,13211,PARETTE (PLACE DE LA),M,"43,2908800","5,4264000",13,2019,50.0,1.0,1.0,4.0,2155927,1.0,1,1,1,5.0,,-1.0, -1,1963.0,A01,138Â 295Â 076,1.0,0.0,-1.0,1646246,2.0,7,,0.0,2.0,2.0,B01,138Â 295Â 075,0.0
964559,201900006090,2,10,12:00,1,2,3,1.0,3.0,13211,PARETTE (PLACE DE LA),M,"43,2908800","5,4264000",13,2019,50.0,1.0,1.0,4.0,2155927,1.0,1,1,1,5.0,,-1.0, -1,1963.0,A01,138Â 295Â 076,1.0,0.0,-1.0,1646247,1.0,7,,0.0,2.0,3.0,A01,138Â 295Â 076,0.0
964560,201900006091,2,9,22:00,5,2,2,1.0,3.0,13206,MARENGO (RUE),M,"43,2870000","5,3850000",13,2019,50.0,1.0,1.0,4.0,2155928,1.0,1,3,1,5.0,,-1.0, -1,1977.0,B01,138Â 295Â 073,2.0,8.0,-1.0,1646248,2.0,30,,0.0,2.0,1.0,B01,138Â 295Â 073,1.0
964560,201900006091,2,9,22:00,5,2,2,1.0,3.0,13206,MARENGO (RUE),M,"43,2870000","5,3850000",13,2019,50.0,1.0,1.0,4.0,2155928,1.0,1,3,1,5.0,,-1.0, -1,1977.0,B01,138Â 295Â 073,2.0,8.0,-1.0,1646249,1.0,3,,0.0,2.0,5.0,A01,138Â 295Â 074,1.0
964560,201900006091,2,9,22:00,5,2,2,1.0,3.0,13206,MARENGO (RUE),M,"43,2870000","5,3850000",13,2019,50.0,1.0,1.0,4.0,2155929,1.0,1,1,1,0.0,,-1.0, -1,1985.0,A01,138Â 295Â 074,1.0,8.0,-1.0,1646248,2.0,30,,0.0,2.0,1.0,B01,138Â 295Â 073,1.0
964560,201900006091,2,9,22:00,5,2,2,1.0,3.0,13206,MARENGO (RUE),M,"43,2870000","5,3850000",13,2019,50.0,1.0,1.0,4.0,2155929,1.0,1,1,1,0.0,,-1.0, -1,1985.0,A01,138Â 295Â 074,1.0,8.0,-1.0,1646249,1.0,3,,0.0,2.0,5.0,A01,138Â 295Â 074,1.0
964561,201900006092,2,9,20:12,5,2,1,1.0,5.0,13212,SAINT JULIEN (AVENUE DE ),M,"43,3061950","5,4197400",13,2019,50.0,1.0,1.0,4.0,2155930,1.0,1,4,2,9.0,,-1.0, -1,1986.0,B01,138Â 295Â 070,1.0,5.0,-1.0,1646250,1.0,7,,0.0,2.0,3.0,B01,138Â 295Â 070,1.0
964561,201900006092,2,9,20:12,5,2,1,1.0,5.0,13212,SAINT JULIEN (AVENUE DE ),M,"43,3061950","5,4197400",13,2019,50.0,1.0,1.0,4.0,2155930,1.0,1,4,2,9.0,,-1.0, -1,1986.0,B01,138Â 295Â 070,1.0,5.0,-1.0,1646251,1.0,7,,0.0,2.0,0.0,Z01,138Â 295Â 071,0.0
964561,201900006092,2,9,20:12,5,2,1,1.0,5.0,13212,SAINT JULIEN (AVENUE DE ),M,"43,3061950","5,4197400",13,2019,50.0,1.0,1.0,4.0,2155930,1.0,1,4,2,9.0,,-1.0, -1,1986.0,B01,138Â 295Â 070,1.0,5.0,-1.0,1646252,1.0,7,,0.0,2.0,2.0,A01,138Â 295Â 072,0.0
964561,201900006092,2,9,20:12,5,2,1,1.0,5.0,13212,SAINT JULIEN (AVENUE DE ),M,"43,3061950","5,4197400",13,2019,50.0,1.0,1.0,4.0,2155931,2.0,2,1,1,5.0,,-1.0, -1,1993.0,B01,138Â 295Â 070,1.0,5.0,-1.0,1646250,1.0,7,,0.0,2.0,3.0,B01,138Â 295Â 070,1.0
964561,201900006092,2,9,20:12,5,2,1,1.0,5.0,13212,SAINT JULIEN (AVENUE DE ),M,"43,3061950","5,4197400",13,2019,50.0,1.0,1.0,4.0,2155931,2.0,2,1,1,5.0,,-1.0, -1,1993.0,B01,138Â 295Â 070,1.0,5.0,-1.0,1646251,1.0,7,,0.0,2.0,0.0,Z01,138Â 295Â 071,0.0
964561,201900006092,2,9,20:12,5,2,1,1.0,5.0,13212,SAINT JULIEN (AVENUE DE ),M,"43,3061950","5,4197400",13,2019,50.0,1.0,1.0,4.0,2155931,2.0,2,1,1,5.0,,-1.0, -1,1993.0,B01,138Â 295Â 070,1.0,5.0,-1.0,1646252,1.0,7,,0.0,2.0,2.0,A01,138Â 295Â 072,0.0
964561,201900006092,2,9,20:12,5,2,1,1.0,5.0,13212,SAINT JULIEN (AVENUE DE ),M,"43,3061950","5,4197400",13,2019,50.0,1.0,1.0,4.0,2155932,2.0,2,4,2,5.0,,-1.0, -1,1987.0,B01,138Â 295Â 070,1.0,5.0,-1.0,1646250,1.0,7,,0.0,2.0,3.0,B01,138Â 295Â 070,1.0
964561,201900006092,2,9,20:12,5,2,1,1.0,5.0,13212,SAINT JULIEN (AVENUE DE ),M,"43,3061950","5,4197400",13,2019,50.0,1.0,1.0,4.0,2155932,2.0,2,4,2,5.0,,-1.0, -1,1987.0,B01,138Â 295Â 070,1.0,5.0,-1.0,1646251,1.0,7,,0.0,2.0,0.0,Z01,138Â 295Â 071,0.0
964561,201900006092,2,9,20:12,5,2,1,1.0,5.0,13212,SAINT JULIEN (AVENUE DE ),M,"43,3061950","5,4197400",13,2019,50.0,1.0,1.0,4.0,2155932,2.0,2,4,2,5.0,,-1.0, -1,1987.0,B01,138Â 295Â 070,1.0,5.0,-1.0,1646252,1.0,7,,0.0,2.0,2.0,A01,138Â 295Â 072,0.0
964561,201900006092,2,9,20:12,5,2,1,1.0,5.0,13212,SAINT JULIEN (AVENUE DE ),M,"43,3061950","5,4197400",13,2019,50.0,1.0,1.0,4.0,2155933,1.0,1,1,1,5.0,,0.0,0,1976.0,A01,138Â 295Â 072,1.0,8.0,-1.0,1646250,1.0,7,,0.0,2.0,3.0,B01,138Â 295Â 070,1.0
964561,201900006092,2,9,20:12,5,2,1,1.0,5.0,13212,SAINT JULIEN (AVENUE DE ),M,"43,3061950","5,4197400",13,2019,50.0,1.0,1.0,4.0,2155933,1.0,1,1,1,5.0,,0.0,0,1976.0,A01,138Â 295Â 072,1.0,8.0,-1.0,1646251,1.0,7,,0.0,2.0,0.0,Z01,138Â 295Â 071,0.0
964561,201900006092,2,9,20:12,5,2,1,1.0,5.0,13212,SAINT JULIEN (AVENUE DE ),M,"43,3061950","5,4197400",13,2019,50.0,1.0,1.0,4.0,2155933,1.0,1,1,1,5.0,,0.0,0,1976.0,A01,138Â 295Â 072,1.0,8.0,-1.0,1646252,1.0,7,,0.0,2.0,2.0,A01,138Â 295Â 072,0.0
964561,201900006092,2,9,20:12,5,2,1,1.0,5.0,13212,SAINT JULIEN (AVENUE DE ),M,"43,3061950","5,4197400",13,2019,50.0,1.0,1.0,4.0,2155934,2.0,2,4,2,5.0,,-1.0, -1,2005.0,A01,138Â 295Â 072,1.0,5.0,-1.0,1646250,1.0,7,,0.0,2.0,3.0,B01,138Â 295Â 070,1.0
964561,201900006092,2,9,20:12,5,2,1,1.0,5.0,13212,SAINT JULIEN (AVENUE DE ),M,"43,3061950","5,4197400",13,2019,50.0,1.0,1.0,4.0,2155934,2.0,2,4,2,5.0,,-1.0, -1,2005.0,A01,138Â 295Â 072,1.0,5.0,-1.0,1646251,1.0,7,,0.0,2.0,0.0,Z01,138Â 295Â 071,0.0
964561,201900006092,2,9,20:12,5,2,1,1.0,5.0,13212,SAINT JULIEN (AVENUE DE ),M,"43,3061950","5,4197400",13,2019,50.0,1.0,1.0,4.0,2155934,2.0,2,4,2,5.0,,-1.0, -1,2005.0,A01,138Â 295Â 072,1.0,5.0,-1.0,1646252,1.0,7,,0.0,2.0,2.0,A01,138Â 295Â 072,0.0
964562,201900006093,2,9,21:10,5,2,1,1.0,2.0,13206,LIEUTAUD (COURS),M,"43,2882000","5,3846400",13,2019,50.0,1.0,1.0,4.0,2155935,1.0,1,1,1,0.0,,0.0,0,1972.0,A01,138Â 295Â 068,8.0,8.0,-1.0,1646253,2.0,3,,0.0,2.0,1.0,A01,138Â 295Â 068,1.0
964562,201900006093,2,9,21:10,5,2,1,1.0,2.0,13206,LIEUTAUD (COURS),M,"43,2882000","5,3846400",13,2019,50.0,1.0,1.0,4.0,2155935,1.0,1,1,1,0.0,,0.0,0,1972.0,A01,138Â 295Â 068,8.0,8.0,-1.0,1646254,2.0,3,,0.0,2.0,4.0,B01,138Â 295Â 069,1.0
964562,201900006093,2,9,21:10,5,2,1,1.0,2.0,13206,LIEUTAUD (COURS),M,"43,2882000","5,3846400",13,2019,50.0,1.0,1.0,4.0,2155936,1.0,1,4,1,4.0,,0.0,0,1999.0,B01,138Â 295Â 069,1.0,0.0,0.0,1646253,2.0,3,,0.0,2.0,1.0,A01,138Â 295Â 068,1.0
964562,201900006093,2,9,21:10,5,2,1,1.0,2.0,13206,LIEUTAUD (COURS),M,"43,2882000","5,3846400",13,2019,50.0,1.0,1.0,4.0,2155936,1.0,1,4,1,4.0,,0.0,0,1999.0,B01,138Â 295Â 069,1.0,0.0,0.0,1646254,2.0,3,,0.0,2.0,4.0,B01,138Â 295Â 069,1.0
964563,201900006094,2,9,14:40,1,2,1,1.0,6.0,13204,ALBE (RUE),M,"43,3118760","5,4051520",13,2019,50.0,1.0,1.0,4.0,2155937,1.0,1,1,1,5.0,,-1.0, -1,1981.0,A01,138Â 295Â 066,8.0,8.0,-1.0,1646255,2.0,10,,0.0,2.0,0.0,A01,138Â 295Â 066,1.0
964563,201900006094,2,9,14:40,1,2,1,1.0,6.0,13204,ALBE (RUE),M,"43,3118760","5,4051520",13,2019,50.0,1.0,1.0,4.0,2155937,1.0,1,1,1,5.0,,-1.0, -1,1981.0,A01,138Â 295Â 066,8.0,8.0,-1.0,1646256,1.0,1,,0.0,2.0,0.0,B01,138Â 295Â 067,5.0
964563,201900006094,2,9,14:40,1,2,1,1.0,6.0,13204,ALBE (RUE),M,"43,3118760","5,4051520",13,2019,50.0,1.0,1.0,4.0,2155938,1.0,1,3,1,5.0,,-1.0, -1,1967.0,B01,138Â 295Â 067,2.0,6.0,-1.0,1646255,2.0,10,,0.0,2.0,0.0,A01,138Â 295Â 066,1.0
964563,201900006094,2,9,14:40,1,2,1,1.0,6.0,13204,ALBE (RUE),M,"43,3118760","5,4051520",13,2019,50.0,1.0,1.0,4.0,2155938,1.0,1,3,1,5.0,,-1.0, -1,1967.0,B01,138Â 295Â 067,2.0,6.0,-1.0,1646256,1.0,1,,0.0,2.0,0.0,B01,138Â 295Â 067,5.0
964564,201900006095,2,9,12:00,1,2,1,1.0,2.0,13207,Corniche John FitzgÃ©rald Kennedy,M,"43,2788800","5,3540600",13,2019,50.0,1.0,1.0,4.0,2155939,1.0,1,1,1,5.0,,-1.0, -1,1939.0,B01,138Â 295Â 064,1.0,0.0,-1.0,1646257,2.0,7,,0.0,2.0,4.0,B01,138Â 295Â 064,0.0
964564,201900006095,2,9,12:00,1,2,1,1.0,2.0,13207,Corniche John FitzgÃ©rald Kennedy,M,"43,2788800","5,3540600",13,2019,50.0,1.0,1.0,4.0,2155939,1.0,1,1,1,5.0,,-1.0, -1,1939.0,B01,138Â 295Â 064,1.0,0.0,-1.0,1646258,2.0,33,,0.0,2.0,4.0,A01,138Â 295Â 065,1.0
964564,201900006095,2,9,12:00,1,2,1,1.0,2.0,13207,Corniche John FitzgÃ©rald Kennedy,M,"43,2788800","5,3540600",13,2019,50.0,1.0,1.0,4.0,2155940,1.0,1,4,1,1.0,,-1.0, -1,1981.0,A01,138Â 295Â 065,2.0,6.0,-1.0,1646257,2.0,7,,0.0,2.0,4.0,B01,138Â 295Â 064,0.0
964564,201900006095,2,9,12:00,1,2,1,1.0,2.0,13207,Corniche John FitzgÃ©rald Kennedy,M,"43,2788800","5,3540600",13,2019,50.0,1.0,1.0,4.0,2155940,1.0,1,4,1,1.0,,-1.0, -1,1981.0,A01,138Â 295Â 065,2.0,6.0,-1.0,1646258,2.0,33,,0.0,2.0,4.0,A01,138Â 295Â 065,1.0
964565,201900006096,2,8,22:30,5,2,1,1.0,2.0,13204,ALEX. FLEMING (BOULEVARD),M,"43,3165710","5,3971080",13,2019,50.0,1.0,1.0,4.0,2155941,1.0,1,4,2,5.0,,0.0,0,1998.0,A01,138Â 295Â 062,1.0,0.0,-1.0,1646259,2.0,10,,0.0,2.0,2.0,A01,138Â 295Â 062,1.0
964565,201900006096,2,8,22:30,5,2,1,1.0,2.0,13204,ALEX. FLEMING (BOULEVARD),M,"43,3165710","5,3971080",13,2019,50.0,1.0,1.0,4.0,2155941,1.0,1,4,2,5.0,,0.0,0,1998.0,A01,138Â 295Â 062,1.0,0.0,-1.0,1646260,2.0,10,,0.0,2.0,6.0,B01,138Â 295Â 063,1.0
964565,201900006096,2,8,22:30,5,2,1,1.0,2.0,13204,ALEX. FLEMING (BOULEVARD),M,"43,3165710","5,3971080",13,2019,50.0,1.0,1.0,4.0,2155942,1.0,1,4,1,5.0,,-1.0, -1,1973.0,B01,138Â 295Â 063,1.0,0.0,-1.0,1646259,2.0,10,,0.0,2.0,2.0,A01,138Â 295Â 062,1.0
964565,201900006096,2,8,22:30,5,2,1,1.0,2.0,13204,ALEX. FLEMING (BOULEVARD),M,"43,3165710","5,3971080",13,2019,50.0,1.0,1.0,4.0,2155942,1.0,1,4,1,5.0,,-1.0, -1,1973.0,B01,138Â 295Â 063,1.0,0.0,-1.0,1646260,2.0,10,,0.0,2.0,6.0,B01,138Â 295Â 063,1.0
964566,201900006097,2,8,19:00,5,2,1,1.0,3.0,13208,MENDES FRANCE (AVENUE),M,"43,2551760","5,3763370",13,2019,50.0,1.0,1.0,4.0,2155943,1.0,1,1,2,5.0,,-1.0, -1,1992.0,B01,138Â 295Â 060,1.0,0.0,-1.0,1646261,2.0,10,,0.0,2.0,2.0,B01,138Â 295Â 060,0.0
964566,201900006097,2,8,19:00,5,2,1,1.0,3.0,13208,MENDES FRANCE (AVENUE),M,"43,2551760","5,3763370",13,2019,50.0,1.0,1.0,4.0,2155943,1.0,1,1,2,5.0,,-1.0, -1,1992.0,B01,138Â 295Â 060,1.0,0.0,-1.0,1646262,2.0,32,,0.0,2.0,1.0,A01,138Â 295Â 061,0.0
964566,201900006097,2,8,19:00,5,2,1,1.0,3.0,13208,MENDES FRANCE (AVENUE),M,"43,2551760","5,3763370",13,2019,50.0,1.0,1.0,4.0,2155944,1.0,1,4,1,0.0,,0.0,0,1985.0,A01,138Â 295Â 061,2.0,0.0,-1.0,1646261,2.0,10,,0.0,2.0,2.0,B01,138Â 295Â 060,0.0
964566,201900006097,2,8,19:00,5,2,1,1.0,3.0,13208,MENDES FRANCE (AVENUE),M,"43,2551760","5,3763370",13,2019,50.0,1.0,1.0,4.0,2155944,1.0,1,4,1,0.0,,0.0,0,1985.0,A01,138Â 295Â 061,2.0,0.0,-1.0,1646262,2.0,32,,0.0,2.0,1.0,A01,138Â 295Â 061,0.0
964567,201900006098,2,8,15:00,1,2,1,1.0,6.0,13208,MAZARGUES (AVENUE DE),M,"43,2599700","5,3939500",13,2019,50.0,1.0,1.0,4.0,2155945,10.0,3,4,2,5.0,,3.0,0,1999.0,A01,138Â 295Â 059,8.0,0.0,-1.0,1646263,1.0,7,,0.0,1.0,1.0,A01,138Â 295Â 059,1.0
964567,201900006098,2,8,15:00,1,2,1,1.0,6.0,13208,MAZARGUES (AVENUE DE),M,"43,2599700","5,3939500",13,2019,50.0,1.0,1.0,4.0,2155946,1.0,1,1,1,0.0,,-1.0, -1,1950.0,A01,138Â 295Â 059,1.0,0.0,-1.0,1646263,1.0,7,,0.0,1.0,1.0,A01,138Â 295Â 059,1.0
964568,201900006099,2,8,12:30,1,2,1,1.0,2.0,13202,BASSINS DE RADOUB (BOULEVARD DES),M,"43,3252300","5,3597600",13,2019,50.0,1.0,1.0,4.0,2155947,1.0,1,4,1,1.0,,-1.0, -1,1970.0,A01,138Â 295Â 057,2.0,0.0,-1.0,1646264,2.0,31,,0.0,2.0,1.0,A01,138Â 295Â 057,1.0
964568,201900006099,2,8,12:30,1,2,1,1.0,2.0,13202,BASSINS DE RADOUB (BOULEVARD DES),M,"43,3252300","5,3597600",13,2019,50.0,1.0,1.0,4.0,2155947,1.0,1,4,1,1.0,,-1.0, -1,1970.0,A01,138Â 295Â 057,2.0,0.0,-1.0,1646265,2.0,7,,0.0,2.0,4.0,B01,138Â 295Â 058,1.0
964568,201900006099,2,8,12:30,1,2,1,1.0,2.0,13202,BASSINS DE RADOUB (BOULEVARD DES),M,"43,3252300","5,3597600",13,2019,50.0,1.0,1.0,4.0,2155948,1.0,1,1,1,5.0,,0.0,0,1984.0,B01,138Â 295Â 058,8.0,0.0,-1.0,1646264,2.0,31,,0.0,2.0,1.0,A01,138Â 295Â 057,1.0
964568,201900006099,2,8,12:30,1,2,1,1.0,2.0,13202,BASSINS DE RADOUB (BOULEVARD DES),M,"43,3252300","5,3597600",13,2019,50.0,1.0,1.0,4.0,2155948,1.0,1,1,1,5.0,,0.0,0,1984.0,B01,138Â 295Â 058,8.0,0.0,-1.0,1646265,2.0,7,,0.0,2.0,4.0,B01,138Â 295Â 058,1.0
964569,201900006100,2,8,13:30,1,2,1,1.0,7.0,13212,SAINT PIERRE (RUE),M,"43,2916570","5,4066220",13,2019,50.0,1.0,1.0,4.0,2155949,1.0,1,3,1,0.0,,0.0,0,1974.0,B01,138Â 295Â 056,2.0,0.0,-1.0,1646266,1.0,32,,1.0,0.0,1.0,B01,138Â 295Â 056,1.0
964570,201900006101,2,8,14:00,1,2,1,1.0,6.0,13206,ESTRANGIN (PLACE),M,"43,2902440","5,3776150",13,2019,50.0,1.0,1.0,4.0,2155950,10.0,3,4,1,2.0,,2.0,3,2003.0,A01,138Â 295Â 055,8.0,0.0,-1.0,1646267,1.0,10,,0.0,1.0,3.0,A01,138Â 295Â 055,1.0
964570,201900006101,2,8,14:00,1,2,1,1.0,6.0,13206,ESTRANGIN (PLACE),M,"43,2902440","5,3776150",13,2019,50.0,1.0,1.0,4.0,2155951,1.0,1,1,1,1.0,,0.0,0,1958.0,A01,138Â 295Â 055,1.0,0.0,-1.0,1646267,1.0,10,,0.0,1.0,3.0,A01,138Â 295Â 055,1.0
964571,201900006102,2,8,07:50,2,2,1,1.0,3.0,13209,REGNY (TRAVERSE),M,"43,2637660","5,4192760",13,2019,30.0,2.0,1.0,4.0,2155952,2.0,2,4,1,2.0,,-1.0, -1,2003.0,B01,138Â 295Â 053,2.0,6.0,-1.0,1646268,1.0,30,,0.0,2.0,7.0,B01,138Â 295Â 053,1.0
964571,201900006102,2,8,07:50,2,2,1,1.0,3.0,13209,REGNY (TRAVERSE),M,"43,2637660","5,4192760",13,2019,30.0,2.0,1.0,4.0,2155952,2.0,2,4,1,2.0,,-1.0, -1,2003.0,B01,138Â 295Â 053,2.0,6.0,-1.0,1646269,1.0,99,,0.0,2.0,8.0,A01,138Â 295Â 054,0.0
964571,201900006102,2,8,07:50,2,2,1,1.0,3.0,13209,REGNY (TRAVERSE),M,"43,2637660","5,4192760",13,2019,30.0,2.0,1.0,4.0,2155953,1.0,1,4,1,2.0,,0.0,0,2003.0,B01,138Â 295Â 053,2.0,6.0,-1.0,1646268,1.0,30,,0.0,2.0,7.0,B01,138Â 295Â 053,1.0
964571,201900006102,2,8,07:50,2,2,1,1.0,3.0,13209,REGNY (TRAVERSE),M,"43,2637660","5,4192760",13,2019,30.0,2.0,1.0,4.0,2155953,1.0,1,4,1,2.0,,0.0,0,2003.0,B01,138Â 295Â 053,2.0,6.0,-1.0,1646269,1.0,99,,0.0,2.0,8.0,A01,138Â 295Â 054,0.0
964572,201900006103,2,8,02:00,5,2,1,1.0,2.0,13207,Corniche John FitzgÃ©rald Kennedy,M,"43,2689800","5,3688800",13,2019,50.0,1.0,1.0,4.0,2155954,2.0,2,4,2,5.0,,0.0,0,1999.0,B01,138Â 295Â 051,1.0,0.0,-1.0,1646270,2.0,7,,0.0,2.0,4.0,B01,138Â 295Â 051,1.0