Unnamed: 0_x,num_acc,mois,jour,hrmn,lum,agg,int,atm,col,com,adr,gps,lat,long,dep,annee,vma,situ,surf,catr,Unnamed: 0_y,place,catu,grav,sexe,trajet,secu,locp,actp,an_nais,num_veh_x,id_vehicule_x,secu1,secu2,secu3,Unnamed: 0,senc,catv,occutc,obs,obsm,choc,num_veh_y,id_vehicule_y,motor
964572,201900006103,2,8,02:00,5,2,1,1.0,2.0,13207,Corniche John FitzgÃ©rald Kennedy,M,"43,2689800","5,3688800",13,2019,50.0,1.0,1.0,4.0,2155954,2.0,2,4,2,5.0,,0.0,0,1999.0,B01,138Â 295Â 051,1.0,0.0,-1.0,1646271,2.0,7,,1.0,2.0,1.0,Z01,138Â 295Â 052,1.0
964572,201900006103,2,8,02:00,5,2,1,1.0,2.0,13207,Corniche John FitzgÃ©rald Kennedy,M,"43,2689800","5,3688800",13,2019,50.0,1.0,1.0,4.0,2155955,1.0,1,4,2,5.0,,0.0,0,1999.0,B01,138Â 295Â 051,1.0,0.0,-1.0,1646270,2.0,7,,0.0,2.0,4.0,B01,138Â 295Â 051,1.0
964572,201900006103,2,8,02:00,5,2,1,1.0,2.0,13207,Corniche John FitzgÃ©rald Kennedy,M,"43,2689800","5,3688800",13,2019,50.0,1.0,1.0,4.0,2155955,1.0,1,4,2,5.0,,0.0,0,1999.0,B01,138Â 295Â 051,1.0,0.0,-1.0,1646271,2.0,7,,1.0,2.0,1.0,Z01,138Â 295Â 052,1.0
964573,201900006104,2,7,19:15,5,2,1,1.0,2.0,13201,LÃON GAMBETTA (ALLEE),M,"43,2990970","5,3827730",13,2019,50.0,1.0,1.0,4.0,2155956,1.0,1,1,1,0.0,,0.0,0,1990.0,A01,138Â 295Â 049,1.0,0.0,-1.0,1646272,2.0,7,,0.0,2.0,1.0,A01,138Â 295Â 049,0.0
964573,201900006104,2,7,19:15,5,2,1,1.0,2.0,13201,LÃON GAMBETTA (ALLEE),M,"43,2990970","5,3827730",13,2019,50.0,1.0,1.0,4.0,2155956,1.0,1,1,1,0.0,,0.0,0,1990.0,A01,138Â 295Â 049,1.0,0.0,-1.0,1646273,2.0,7,,0.0,0.0,4.0,B01,138Â 295Â 050,0.0
964573,201900006104,2,7,19:15,5,2,1,1.0,2.0,13201,LÃON GAMBETTA (ALLEE),M,"43,2990970","5,3827730",13,2019,50.0,1.0,1.0,4.0,2155957,1.0,1,4,2,5.0,,-1.0, -1,1992.0,B01,138Â 295Â 050,1.0,0.0,-1.0,1646272,2.0,7,,0.0,2.0,1.0,A01,138Â 295Â 049,0.0
964573,201900006104,2,7,19:15,5,2,1,1.0,2.0,13201,LÃON GAMBETTA (ALLEE),M,"43,2990970","5,3827730",13,2019,50.0,1.0,1.0,4.0,2155957,1.0,1,4,2,5.0,,-1.0, -1,1992.0,B01,138Â 295Â 050,1.0,0.0,-1.0,1646273,2.0,7,,0.0,0.0,4.0,B01,138Â 295Â 050,0.0
964574,201900006105,2,7,17:30,1,2,1,1.0,6.0,13201,BELSUNCE (COURS),M,"43,2981800","5,3771300",13,2019,30.0,1.0,1.0,9.0,2155958,10.0,3,4,1,0.0,,1.0,3,1986.0,A01,138Â 295Â 048,0.0,0.0,0.0,1646274,1.0,40,,0.0,1.0,1.0,A01,138Â 295Â 048,3.0
964574,201900006105,2,7,17:30,1,2,1,1.0,6.0,13201,BELSUNCE (COURS),M,"43,2981800","5,3771300",13,2019,30.0,1.0,1.0,9.0,2155959,1.0,1,1,1,4.0,,-1.0, -1,1990.0,A01,138Â 295Â 048,8.0,0.0,-1.0,1646274,1.0,40,,0.0,1.0,1.0,A01,138Â 295Â 048,3.0
964575,201900006106,2,7,15:50,1,2,1,1.0,3.0,13214,Min (avenue du),M,"43,3400470","5,3795090",13,2019,50.0,1.0,1.0,4.0,2155960,1.0,1,4,1,5.0,,0.0,0,1975.0,A01,138Â 295Â 046,1.0,0.0,0.0,1646275,0.0,7,,0.0,2.0,7.0,A01,138Â 295Â 046,1.0
964575,201900006106,2,7,15:50,1,2,1,1.0,3.0,13214,Min (avenue du),M,"43,3400470","5,3795090",13,2019,50.0,1.0,1.0,4.0,2155960,1.0,1,4,1,5.0,,0.0,0,1975.0,A01,138Â 295Â 046,1.0,0.0,0.0,1646276,0.0,7,,0.0,1.0,1.0,Z01,138Â 295Â 047,1.0
964576,201900006107,2,7,13:50,1,2,2,1.0,6.0,13205,SAKAKINI (BOULEVARD),M,"43,2936980","5,4016840",13,2019,50.0,1.0,1.0,4.0,2155961,1.0,1,1,1,0.0,,0.0,0,1961.0,A01,138Â 295Â 045,1.0,0.0,-1.0,1646277,0.0,10,,0.0,1.0,1.0,A01,138Â 295Â 045,1.0
964576,201900006107,2,7,13:50,1,2,2,1.0,6.0,13205,SAKAKINI (BOULEVARD),M,"43,2936980","5,4016840",13,2019,50.0,1.0,1.0,4.0,2155962,10.0,3,4,2,0.0,,4.0,3,1966.0,A01,138Â 295Â 045,0.0,0.0,0.0,1646277,0.0,10,,0.0,1.0,1.0,A01,138Â 295Â 045,1.0
964577,201900006108,2,7,04:50,5,2,2,1.0,6.0,13208,RABATAU (BOULEVARD),M,"43,2754299","5,3958951",13,2019,50.0,1.0,1.0,4.0,2155963,1.0,1,4,2,5.0,,0.0,0,1997.0,B01,138Â 295Â 044,1.0,0.0,-1.0,1646278,1.0,7,,0.0,2.0,1.0,A01,138Â 295Â 043,1.0
964577,201900006108,2,7,04:50,5,2,2,1.0,6.0,13208,RABATAU (BOULEVARD),M,"43,2754299","5,3958951",13,2019,50.0,1.0,1.0,4.0,2155963,1.0,1,4,2,5.0,,0.0,0,1997.0,B01,138Â 295Â 044,1.0,0.0,-1.0,1646279,1.0,7,,1.0,2.0,9.0,B01,138Â 295Â 044,1.0
964578,201900006109,2,5,19:40,5,2,1,1.0,3.0,13202,TOURETTE (QUAI DE LA),M,"43,2986300","5,3632000",13,2019,50.0,1.0,2.0,4.0,2155964,1.0,1,1,1,0.0,,-1.0, -1,1981.0,A01,138Â 295Â 041,1.0,5.0,-1.0,1646280,1.0,7,,0.0,2.0,3.0,A01,138Â 295Â 041,1.0
964578,201900006109,2,5,19:40,5,2,1,1.0,3.0,13202,TOURETTE (QUAI DE LA),M,"43,2986300","5,3632000",13,2019,50.0,1.0,2.0,4.0,2155964,1.0,1,1,1,0.0,,-1.0, -1,1981.0,A01,138Â 295Â 041,1.0,5.0,-1.0,1646281,1.0,14,,0.0,2.0,1.0,B01,138Â 295Â 042,1.0
964578,201900006109,2,5,19:40,5,2,1,1.0,3.0,13202,TOURETTE (QUAI DE LA),M,"43,2986300","5,3632000",13,2019,50.0,1.0,2.0,4.0,2155965,1.0,1,4,1,0.0,,-1.0, -1,1953.0,B01,138Â 295Â 042,1.0,5.0,-1.0,1646280,1.0,7,,0.0,2.0,3.0,A01,138Â 295Â 041,1.0
964578,201900006109,2,5,19:40,5,2,1,1.0,3.0,13202,TOURETTE (QUAI DE LA),M,"43,2986300","5,3632000",13,2019,50.0,1.0,2.0,4.0,2155965,1.0,1,4,1,0.0,,-1.0, -1,1953.0,B01,138Â 295Â 042,1.0,5.0,-1.0,1646281,1.0,14,,0.0,2.0,1.0,B01,138Â 295Â 042,1.0
964579,201900006110,2,3,12:10,1,2,1,1.0,3.0,13028,FONTSAINTE (AVENUE DE),M,"43,1899300","5,6361900",13,2019,50.0,1.0,1.0,3.0,2155966,2.0,2,3,2,5.0,,-1.0, -1,1991.0,A01,138Â 295Â 039,2.0,8.0,-1.0,1646282,2.0,33,,0.0,2.0,2.0,A01,138Â 295Â 039,1.0
964579,201900006110,2,3,12:10,1,2,1,1.0,3.0,13028,FONTSAINTE (AVENUE DE),M,"43,1899300","5,6361900",13,2019,50.0,1.0,1.0,3.0,2155966,2.0,2,3,2,5.0,,-1.0, -1,1991.0,A01,138Â 295Â 039,2.0,8.0,-1.0,1646283,2.0,7,,0.0,2.0,8.0,B01,138Â 295Â 040,1.0
964579,201900006110,2,3,12:10,1,2,1,1.0,3.0,13028,FONTSAINTE (AVENUE DE),M,"43,1899300","5,6361900",13,2019,50.0,1.0,1.0,3.0,2155967,1.0,1,3,1,5.0,,-1.0,0,1991.0,A01,138Â 295Â 039,2.0,8.0,-1.0,1646282,2.0,33,,0.0,2.0,2.0,A01,138Â 295Â 039,1.0
964579,201900006110,2,3,12:10,1,2,1,1.0,3.0,13028,FONTSAINTE (AVENUE DE),M,"43,1899300","5,6361900",13,2019,50.0,1.0,1.0,3.0,2155967,1.0,1,3,1,5.0,,-1.0,0,1991.0,A01,138Â 295Â 039,2.0,8.0,-1.0,1646283,2.0,7,,0.0,2.0,8.0,B01,138Â 295Â 040,1.0
964579,201900006110,2,3,12:10,1,2,1,1.0,3.0,13028,FONTSAINTE (AVENUE DE),M,"43,1899300","5,6361900",13,2019,50.0,1.0,1.0,3.0,2155968,1.0,1,1,1,5.0,,-1.0, -1,1950.0,B01,138Â 295Â 040,1.0,8.0,-1.0,1646282,2.0,33,,0.0,2.0,2.0,A01,138Â 295Â 039,1.0
964579,201900006110,2,3,12:10,1,2,1,1.0,3.0,13028,FONTSAINTE (AVENUE DE),M,"43,1899300","5,6361900",13,2019,50.0,1.0,1.0,3.0,2155968,1.0,1,1,1,5.0,,-1.0, -1,1950.0,B01,138Â 295Â 040,1.0,8.0,-1.0,1646283,2.0,7,,0.0,2.0,8.0,B01,138Â 295Â 040,1.0
964579,201900006110,2,3,12:10,1,2,1,1.0,3.0,13028,FONTSAINTE (AVENUE DE),M,"43,1899300","5,6361900",13,2019,50.0,1.0,1.0,3.0,2155969,2.0,2,1,2,5.0,,-1.0, -1,1944.0,B01,138Â 295Â 040,1.0,8.0,-1.0,1646282,2.0,33,,0.0,2.0,2.0,A01,138Â 295Â 039,1.0
964579,201900006110,2,3,12:10,1,2,1,1.0,3.0,13028,FONTSAINTE (AVENUE DE),M,"43,1899300","5,6361900",13,2019,50.0,1.0,1.0,3.0,2155969,2.0,2,1,2,5.0,,-1.0, -1,1944.0,B01,138Â 295Â 040,1.0,8.0,-1.0,1646283,2.0,7,,0.0,2.0,8.0,B01,138Â 295Â 040,1.0
964580,201900006111,2,9,17:30,2,2,1,1.0,1.0,13001,RD 96,M,"43,4916030","5,5245600",13,2019,50.0,1.0,1.0,3.0,2155970,1.0,1,4,1,0.0,,-1.0,0,1972.0,B01,138Â 295Â 037,1.0,0.0,-1.0,1646284,2.0,7,,0.0,2.0,0.0,B01,138Â 295Â 037,1.0
964580,201900006111,2,9,17:30,2,2,1,1.0,1.0,13001,RD 96,M,"43,4916030","5,5245600",13,2019,50.0,1.0,1.0,3.0,2155970,1.0,1,4,1,0.0,,-1.0,0,1972.0,B01,138Â 295Â 037,1.0,0.0,-1.0,1646285,1.0,32,,0.0,2.0,1.0,A01,138Â 295Â 038,1.0
964580,201900006111,2,9,17:30,2,2,1,1.0,1.0,13001,RD 96,M,"43,4916030","5,5245600",13,2019,50.0,1.0,1.0,3.0,2155971,1.0,1,2,1,0.0,,-1.0,0,1990.0,A01,138Â 295Â 038,0.0,0.0,-1.0,1646284,2.0,7,,0.0,2.0,0.0,B01,138Â 295Â 037,1.0
964580,201900006111,2,9,17:30,2,2,1,1.0,1.0,13001,RD 96,M,"43,4916030","5,5245600",13,2019,50.0,1.0,1.0,3.0,2155971,1.0,1,2,1,0.0,,-1.0,0,1990.0,A01,138Â 295Â 038,0.0,0.0,-1.0,1646285,1.0,32,,0.0,2.0,1.0,A01,138Â 295Â 038,1.0
964580,201900006111,2,9,17:30,2,2,1,1.0,1.0,13001,RD 96,M,"43,4916030","5,5245600",13,2019,50.0,1.0,1.0,3.0,2155972,2.0,2,3,1,0.0,,-1.0,0,1996.0,A01,138Â 295Â 038,0.0,0.0,-1.0,1646284,2.0,7,,0.0,2.0,0.0,B01,138Â 295Â 037,1.0
964580,201900006111,2,9,17:30,2,2,1,1.0,1.0,13001,RD 96,M,"43,4916030","5,5245600",13,2019,50.0,1.0,1.0,3.0,2155972,2.0,2,3,1,0.0,,-1.0,0,1996.0,A01,138Â 295Â 038,0.0,0.0,-1.0,1646285,1.0,32,,0.0,2.0,1.0,A01,138Â 295Â 038,1.0
964581,201900006112,2,7,07:40,1,1,1,1.0,5.0,13001,RD 7,M,"43,5629910","5,4077780",13,2019,90.0,1.0,1.0,3.0,2155973,1.0,1,1,1,1.0,,-1.0, -1,1964.0,C01,138Â 295Â 034,1.0,5.0,-1.0,1646286,2.0,7,,0.0,2.0,1.0,C01,138Â 295Â 034,1.0
964581,201900006112,2,7,07:40,1,1,1,1.0,5.0,13001,RD 7,M,"43,5629910","5,4077780",13,2019,90.0,1.0,1.0,3.0,2155973,1.0,1,1,1,1.0,,-1.0, -1,1964.0,C01,138Â 295Â 034,1.0,5.0,-1.0,1646287,1.0,7,,0.0,2.0,1.0,B01,138Â 295Â 035,1.0
964581,201900006112,2,7,07:40,1,1,1,1.0,5.0,13001,RD 7,M,"43,5629910","5,4077780",13,2019,90.0,1.0,1.0,3.0,2155973,1.0,1,1,1,1.0,,-1.0, -1,1964.0,C01,138Â 295Â 034,1.0,5.0,-1.0,1646288,2.0,7,,0.0,2.0,3.0,A01,138Â 295Â 036,1.0
964581,201900006112,2,7,07:40,1,1,1,1.0,5.0,13001,RD 7,M,"43,5629910","5,4077780",13,2019,90.0,1.0,1.0,3.0,2155974,1.0,1,4,1,1.0,,0.0,0,1990.0,B01,138Â 295Â 035,1.0,5.0,-1.0,1646286,2.0,7,,0.0,2.0,1.0,C01,138Â 295Â 034,1.0
964581,201900006112,2,7,07:40,1,1,1,1.0,5.0,13001,RD 7,M,"43,5629910","5,4077780",13,2019,90.0,1.0,1.0,3.0,2155974,1.0,1,4,1,1.0,,0.0,0,1990.0,B01,138Â 295Â 035,1.0,5.0,-1.0,1646287,1.0,7,,0.0,2.0,1.0,B01,138Â 295Â 035,1.0
964581,201900006112,2,7,07:40,1,1,1,1.0,5.0,13001,RD 7,M,"43,5629910","5,4077780",13,2019,90.0,1.0,1.0,3.0,2155974,1.0,1,4,1,1.0,,0.0,0,1990.0,B01,138Â 295Â 035,1.0,5.0,-1.0,1646288,2.0,7,,0.0,2.0,3.0,A01,138Â 295Â 036,1.0
964582,201900006113,2,7,17:50,1,2,1,1.0,6.0,11262,CUXAC (ROUTE DE),M,"43,1867820","2,9988950",11,2019,50.0,1.0,1.0,4.0,2155975,1.0,1,3,1,0.0,,0.0,0,1982.0,A01,138Â 295Â 033,1.0,8.0,-1.0,1646289,1.0,7,,0.0,0.0,7.0,A01,138Â 295Â 033,1.0
964583,201900006114,2,7,10:55,1,2,3,1.0,3.0,11069,STRASBOURG,M,"43,2148200","2,3560700",11,2019,50.0,1.0,1.0,4.0,2155976,1.0,1,3,1,5.0,,0.0,0,1979.0,A01,138Â 295Â 031,1.0,0.0,-1.0,1646290,1.0,7,,0.0,2.0,3.0,A01,138Â 295Â 031,1.0
964583,201900006114,2,7,10:55,1,2,3,1.0,3.0,11069,STRASBOURG,M,"43,2148200","2,3560700",11,2019,50.0,1.0,1.0,4.0,2155976,1.0,1,3,1,5.0,,0.0,0,1979.0,A01,138Â 295Â 031,1.0,0.0,-1.0,1646291,2.0,7,,0.0,2.0,3.0,B01,138Â 295Â 032,1.0
964583,201900006114,2,7,10:55,1,2,3,1.0,3.0,11069,STRASBOURG,M,"43,2148200","2,3560700",11,2019,50.0,1.0,1.0,4.0,2155977,1.0,1,1,2,5.0,,0.0,0,1954.0,B01,138Â 295Â 032,1.0,0.0,-1.0,1646290,1.0,7,,0.0,2.0,3.0,A01,138Â 295Â 031,1.0
964583,201900006114,2,7,10:55,1,2,3,1.0,3.0,11069,STRASBOURG,M,"43,2148200","2,3560700",11,2019,50.0,1.0,1.0,4.0,2155977,1.0,1,1,2,5.0,,0.0,0,1954.0,B01,138Â 295Â 032,1.0,0.0,-1.0,1646291,2.0,7,,0.0,2.0,3.0,B01,138Â 295Â 032,1.0
964584,201900006115,2,6,13:50,1,1,1,1.0,4.0,11069,RD 6161 - Rocade Ouest,M,"43,2241000","2,3276000",11,2019,80.0,1.0,1.0,3.0,2155978,1.0,1,1,1,3.0,,0.0,0,1981.0,A01,138Â 295Â 028,1.0,0.0,-1.0,1646292,2.0,7,,0.0,2.0,1.0,A01,138Â 295Â 028,1.0
964584,201900006115,2,6,13:50,1,1,1,1.0,4.0,11069,RD 6161 - Rocade Ouest,M,"43,2241000","2,3276000",11,2019,80.0,1.0,1.0,3.0,2155978,1.0,1,1,1,3.0,,0.0,0,1981.0,A01,138Â 295Â 028,1.0,0.0,-1.0,1646293,2.0,7,,0.0,2.0,4.0,B01,138Â 295Â 029,1.0
964584,201900006115,2,6,13:50,1,1,1,1.0,4.0,11069,RD 6161 - Rocade Ouest,M,"43,2241000","2,3276000",11,2019,80.0,1.0,1.0,3.0,2155978,1.0,1,1,1,3.0,,0.0,0,1981.0,A01,138Â 295Â 028,1.0,0.0,-1.0,1646294,2.0,7,,0.0,2.0,4.0,C01,138Â 295Â 030,1.0
964584,201900006115,2,6,13:50,1,1,1,1.0,4.0,11069,RD 6161 - Rocade Ouest,M,"43,2241000","2,3276000",11,2019,80.0,1.0,1.0,3.0,2155979,2.0,2,1,1,3.0,,0.0,0,1989.0,A01,138Â 295Â 028,1.0,0.0,-1.0,1646292,2.0,7,,0.0,2.0,1.0,A01,138Â 295Â 028,1.0
964584,201900006115,2,6,13:50,1,1,1,1.0,4.0,11069,RD 6161 - Rocade Ouest,M,"43,2241000","2,3276000",11,2019,80.0,1.0,1.0,3.0,2155979,2.0,2,1,1,3.0,,0.0,0,1989.0,A01,138Â 295Â 028,1.0,0.0,-1.0,1646293,2.0,7,,0.0,2.0,4.0,B01,138Â 295Â 029,1.0
964584,201900006115,2,6,13:50,1,1,1,1.0,4.0,11069,RD 6161 - Rocade Ouest,M,"43,2241000","2,3276000",11,2019,80.0,1.0,1.0,3.0,2155979,2.0,2,1,1,3.0,,0.0,0,1989.0,A01,138Â 295Â 028,1.0,0.0,-1.0,1646294,2.0,7,,0.0,2.0,4.0,C01,138Â 295Â 030,1.0
964584,201900006115,2,6,13:50,1,1,1,1.0,4.0,11069,RD 6161 - Rocade Ouest,M,"43,2241000","2,3276000",11,2019,80.0,1.0,1.0,3.0,2155980,1.0,1,4,1,1.0,,0.0,0,1985.0,B01,138Â 295Â 029,1.0,0.0,-1.0,1646292,2.0,7,,0.0,2.0,1.0,A01,138Â 295Â 028,1.0
964584,201900006115,2,6,13:50,1,1,1,1.0,4.0,11069,RD 6161 - Rocade Ouest,M,"43,2241000","2,3276000",11,2019,80.0,1.0,1.0,3.0,2155980,1.0,1,4,1,1.0,,0.0,0,1985.0,B01,138Â 295Â 029,1.0,0.0,-1.0,1646293,2.0,7,,0.0,2.0,4.0,B01,138Â 295Â 029,1.0
964584,201900006115,2,6,13:50,1,1,1,1.0,4.0,11069,RD 6161 - Rocade Ouest,M,"43,2241000","2,3276000",11,2019,80.0,1.0,1.0,3.0,2155980,1.0,1,4,1,1.0,,0.0,0,1985.0,B01,138Â 295Â 029,1.0,0.0,-1.0,1646294,2.0,7,,0.0,2.0,4.0,C01,138Â 295Â 030,1.0
964584,201900006115,2,6,13:50,1,1,1,1.0,4.0,11069,RD 6161 - Rocade Ouest,M,"43,2241000","2,3276000",11,2019,80.0,1.0,1.0,3.0,2155981,2.0,2,1,2,3.0,,0.0,0,1956.0,C01,138Â 295Â 030,1.0,0.0,-1.0,1646292,2.0,7,,0.0,2.0,1.0,A01,138Â 295Â 028,1.0
964584,201900006115,2,6,13:50,1,1,1,1.0,4.0,11069,RD 6161 - Rocade Ouest,M,"43,2241000","2,3276000",11,2019,80.0,1.0,1.0,3.0,2155981,2.0,2,1,2,3.0,,0.0,0,1956.0,C01,138Â 295Â 030,1.0,0.0,-1.0,1646293,2.0,7,,0.0,2.0,4.0,B01,138Â 295Â 029,1.0
964584,201900006115,2,6,13:50,1,1,1,1.0,4.0,11069,RD 6161 - Rocade Ouest,M,"43,2241000","2,3276000",11,2019,80.0,1.0,1.0,3.0,2155981,2.0,2,1,2,3.0,,0.0,0,1956.0,C01,138Â 295Â 030,1.0,0.0,-1.0,1646294,2.0,7,,0.0,2.0,4.0,C01,138Â 295Â 030,1.0
964584,201900006115,2,6,13:50,1,1,1,1.0,4.0,11069,RD 6161 - Rocade Ouest,M,"43,2241000","2,3276000",11,2019,80.0,1.0,1.0,3.0,2155982,1.0,1,1,1,3.0,,0.0,0,1947.0,C01,138Â 295Â 030,1.0,0.0,-1.0,1646292,2.0,7,,0.0,2.0,1.0,A01,138Â 295Â 028,1.0
964584,201900006115,2,6,13:50,1,1,1,1.0,4.0,11069,RD 6161 - Rocade Ouest,M,"43,2241000","2,3276000",11,2019,80.0,1.0,1.0,3.0,2155982,1.0,1,1,1,3.0,,0.0,0,1947.0,C01,138Â 295Â 030,1.0,0.0,-1.0,1646293,2.0,7,,0.0,2.0,4.0,B01,138Â 295Â 029,1.0
964584,201900006115,2,6,13:50,1,1,1,1.0,4.0,11069,RD 6161 - Rocade Ouest,M,"43,2241000","2,3276000",11,2019,80.0,1.0,1.0,3.0,2155982,1.0,1,1,1,3.0,,0.0,0,1947.0,C01,138Â 295Â 030,1.0,0.0,-1.0,1646294,2.0,7,,0.0,2.0,4.0,C01,138Â 295Â 030,1.0
964585,201900006116,1,15,16:50,1,2,1,1.0,6.0,08105,MONTHERME,M,"49,7910230","4,7144520",8,2019,50.0,1.0,1.0,4.0,2155983,10.0,3,4,2,2.0,,1.0,3,2007.0,A01,138Â 295Â 024,8.0,0.0,-1.0,1646295,1.0,7,,0.0,1.0,2.0,A01,138Â 295Â 024,1.0
964585,201900006116,1,15,16:50,1,2,1,1.0,6.0,08105,MONTHERME,M,"49,7910230","4,7144520",8,2019,50.0,1.0,1.0,4.0,2155984,1.0,1,1,2,2.0,,-1.0, -1,1987.0,A01,138Â 295Â 024,1.0,8.0,-1.0,1646295,1.0,7,,0.0,1.0,2.0,A01,138Â 295Â 024,1.0
964586,201900006117,2,6,12:20,1,2,1,1.0,7.0,07186,CHOMERAC (AVENUE DE )  DU 33 AU 41,M,"44,7321800","4,5979980",7,2019,50.0,1.0,1.0,4.0,2155985,10.0,3,4,1,0.0,,3.0,3,2001.0,A01,138Â 295Â 023,8.0,0.0,-1.0,1646296,2.0,7,,0.0,1.0,1.0,A01,138Â 295Â 023,1.0
964586,201900006117,2,6,12:20,1,2,1,1.0,7.0,07186,CHOMERAC (AVENUE DE )  DU 33 AU 41,M,"44,7321800","4,5979980",7,2019,50.0,1.0,1.0,4.0,2155986,1.0,1,1,1,5.0,,0.0,0,1951.0,A01,138Â 295Â 023,1.0,0.0,-1.0,1646296,2.0,7,,0.0,1.0,1.0,A01,138Â 295Â 023,1.0
964587,201900006118,2,7,15:30,1,2,1,1.0,6.0,06088,ARMEE DU RHIN (PLACE),M,"43,7074460","7,2837900",6,2019,50.0,1.0,1.0,4.0,2155987,10.0,3,3,1,9.0,,5.0,B,1976.0,A01,138Â 295Â 022,8.0,0.0,-1.0,1646297,0.0,40,,0.0,1.0,2.0,A01,138Â 295Â 022,0.0
964587,201900006118,2,7,15:30,1,2,1,1.0,6.0,06088,ARMEE DU RHIN (PLACE),M,"43,7074460","7,2837900",6,2019,50.0,1.0,1.0,4.0,2155988,1.0,1,1,1,4.0,,0.0,0,1973.0,A01,138Â 295Â 022,8.0,0.0,-1.0,1646297,0.0,40,,0.0,1.0,2.0,A01,138Â 295Â 022,0.0
964588,201900006119,2,7,13:00,1,2,9,1.0,6.0,06088,BISCARRA (RUE),M,"43,7025600","7,2682800",6,2019,50.0,1.0,1.0,4.0,2155989,10.0,3,4,2,0.0,,5.0,0,1961.0,A01,138Â 295Â 021,8.0,0.0,-1.0,1646298,2.0,7,,9.0,1.0,0.0,A01,138Â 295Â 021,0.0
964588,201900006119,2,7,13:00,1,2,9,1.0,6.0,06088,BISCARRA (RUE),M,"43,7025600","7,2682800",6,2019,50.0,1.0,1.0,4.0,2155990,10.0,3,4,1,0.0,,5.0,0,1961.0,A01,138Â 295Â 021,8.0,0.0,-1.0,1646298,2.0,7,,9.0,1.0,0.0,A01,138Â 295Â 021,0.0
964588,201900006119,2,7,13:00,1,2,9,1.0,6.0,06088,BISCARRA (RUE),M,"43,7025600","7,2682800",6,2019,50.0,1.0,1.0,4.0,2155991,10.0,3,4,2,0.0,,5.0,0,1956.0,A01,138Â 295Â 021,8.0,0.0,-1.0,1646298,2.0,7,,9.0,1.0,0.0,A01,138Â 295Â 021,0.0
964588,201900006119,2,7,13:00,1,2,9,1.0,6.0,06088,BISCARRA (RUE),M,"43,7025600","7,2682800",6,2019,50.0,1.0,1.0,4.0,2155992,10.0,3,1,2,5.0,,5.0,0,1972.0,A01,138Â 295Â 021,8.0,0.0,-1.0,1646298,2.0,7,,9.0,1.0,0.0,A01,138Â 295Â 021,0.0
964588,201900006119,2,7,13:00,1,2,9,1.0,6.0,06088,BISCARRA (RUE),M,"43,7025600","7,2682800",6,2019,50.0,1.0,1.0,4.0,2155993,10.0,3,4,2,0.0,,5.0,0,1978.0,A01,138Â 295Â 021,8.0,0.0,-1.0,1646298,2.0,7,,9.0,1.0,0.0,A01,138Â 295Â 021,0.0
964588,201900006119,2,7,13:00,1,2,9,1.0,6.0,06088,BISCARRA (RUE),M,"43,7025600","7,2682800",6,2019,50.0,1.0,1.0,4.0,2155994,10.0,3,4,1,0.0,,5.0,0,1960.0,A01,138Â 295Â 021,8.0,0.0,-1.0,1646298,2.0,7,,9.0,1.0,0.0,A01,138Â 295Â 021,0.0
964588,201900006119,2,7,13:00,1,2,9,1.0,6.0,06088,BISCARRA (RUE),M,"43,7025600","7,2682800",6,2019,50.0,1.0,1.0,4.0,2155995,10.0,3,4,1,5.0,,5.0,0,1942.0,A01,138Â 295Â 021,8.0,0.0,-1.0,1646298,2.0,7,,9.0,1.0,0.0,A01,138Â 295Â 021,0.0
964588,201900006119,2,7,13:00,1,2,9,1.0,6.0,06088,BISCARRA (RUE),M,"43,7025600","7,2682800",6,2019,50.0,1.0,1.0,4.0,2155996,1.0,1,1,2,5.0,,0.0,0,1958.0,A01,138Â 295Â 021,8.0,0.0,-1.0,1646298,2.0,7,,9.0,1.0,0.0,A01,138Â 295Â 021,0.0
964589,201900006120,2,8,18:15,5,2,9,1.0,2.0,06027,PROMENADE DE L HIPPODROME,M,"43,6438900","7,1446100",6,2019,50.0,1.0,1.0,7.0,2155997,1.0,1,1,1,1.0,,0.0,0,1967.0,B01,138Â 295Â 019,1.0,0.0,-1.0,1646299,3.0,7,,0.0,2.0,4.0,B01,138Â 295Â 019,1.0
964589,201900006120,2,8,18:15,5,2,9,1.0,2.0,06027,PROMENADE DE L HIPPODROME,M,"43,6438900","7,1446100",6,2019,50.0,1.0,1.0,7.0,2155997,1.0,1,1,1,1.0,,0.0,0,1967.0,B01,138Â 295Â 019,1.0,0.0,-1.0,1646300,3.0,33,,0.0,2.0,1.0,A01,138Â 295Â 020,1.0
964589,201900006120,2,8,18:15,5,2,9,1.0,2.0,06027,PROMENADE DE L HIPPODROME,M,"43,6438900","7,1446100",6,2019,50.0,1.0,1.0,7.0,2155998,1.0,1,4,1,0.0,,0.0,0,1995.0,A01,138Â 295Â 020,8.0,0.0,-1.0,1646299,3.0,7,,0.0,2.0,4.0,B01,138Â 295Â 019,1.0
964589,201900006120,2,8,18:15,5,2,9,1.0,2.0,06027,PROMENADE DE L HIPPODROME,M,"43,6438900","7,1446100",6,2019,50.0,1.0,1.0,7.0,2155998,1.0,1,4,1,0.0,,0.0,0,1995.0,A01,138Â 295Â 020,8.0,0.0,-1.0,1646300,3.0,33,,0.0,2.0,1.0,A01,138Â 295Â 020,1.0
964589,201900006120,2,8,18:15,5,2,9,1.0,2.0,06027,PROMENADE DE L HIPPODROME,M,"43,6438900","7,1446100",6,2019,50.0,1.0,1.0,7.0,2155999,2.0,2,1,2,9.0,,0.0,0,1978.0,A01,138Â 295Â 020,2.0,6.0,-1.0,1646299,3.0,7,,0.0,2.0,4.0,B01,138Â 295Â 019,1.0