Unnamed: 0_x,num_acc,mois,jour,hrmn,lum,agg,int,atm,col,com,adr,gps,lat,long,dep,annee,vma,situ,surf,catr,Unnamed: 0_y,place,catu,grav,sexe,trajet,secu,locp,actp,an_nais,num_veh_x,id_vehicule_x,secu1,secu2,secu3,Unnamed: 0,senc,catv,occutc,obs,obsm,choc,num_veh_y,id_vehicule_y,motor
964589,201900006120,2,8,18:15,5,2,9,1.0,2.0,06027,PROMENADE DE L HIPPODROME,M,"43,6438900","7,1446100",6,2019,50.0,1.0,1.0,7.0,2155999,2.0,2,1,2,9.0,,0.0,0,1978.0,A01,138Â 295Â 020,2.0,6.0,-1.0,1646300,3.0,33,,0.0,2.0,1.0,A01,138Â 295Â 020,1.0
964590,201900006121,2,8,13:00,1,2,4,1.0,2.0,06123,LIBERATION AVENUE DE LA,M,"43,6695300","7,1893700",6,2019,50.0,1.0,1.0,7.0,2156000,1.0,1,4,1,5.0,,0.0,0,1992.0,B01,138Â 295Â 017,1.0,0.0,-1.0,1646301,1.0,7,,0.0,2.0,4.0,B01,138Â 295Â 017,1.0
964590,201900006121,2,8,13:00,1,2,4,1.0,2.0,06123,LIBERATION AVENUE DE LA,M,"43,6695300","7,1893700",6,2019,50.0,1.0,1.0,7.0,2156000,1.0,1,4,1,5.0,,0.0,0,1992.0,B01,138Â 295Â 017,1.0,0.0,-1.0,1646302,1.0,7,,0.0,2.0,1.0,A01,138Â 295Â 018,1.0
964590,201900006121,2,8,13:00,1,2,4,1.0,2.0,06123,LIBERATION AVENUE DE LA,M,"43,6695300","7,1893700",6,2019,50.0,1.0,1.0,7.0,2156001,1.0,1,1,2,5.0,,0.0,0,1945.0,A01,138Â 295Â 018,1.0,5.0,-1.0,1646301,1.0,7,,0.0,2.0,4.0,B01,138Â 295Â 017,1.0
964590,201900006121,2,8,13:00,1,2,4,1.0,2.0,06123,LIBERATION AVENUE DE LA,M,"43,6695300","7,1893700",6,2019,50.0,1.0,1.0,7.0,2156001,1.0,1,1,2,5.0,,0.0,0,1945.0,A01,138Â 295Â 018,1.0,5.0,-1.0,1646302,1.0,7,,0.0,2.0,1.0,A01,138Â 295Â 018,1.0
964591,201900006122,2,8,17:43,2,1,1,1.0,7.0,05061,RAMBAUD ( ROUTE DE ),M,"44,5575000","6,1185000",5,2019,70.0,1.0,2.0,3.0,2156002,2.0,2,4,2,5.0,,0.0,0,1997.0,A01,138Â 295Â 016,1.0,0.0,-1.0,1646303,1.0,7,,2.0,0.0,9.0,A01,138Â 295Â 016,1.0
964591,201900006122,2,8,17:43,2,1,1,1.0,7.0,05061,RAMBAUD ( ROUTE DE ),M,"44,5575000","6,1185000",5,2019,70.0,1.0,2.0,3.0,2156003,1.0,1,1,2,5.0,,0.0,0,1999.0,A01,138Â 295Â 016,1.0,0.0,-1.0,1646303,1.0,7,,2.0,0.0,9.0,A01,138Â 295Â 016,1.0
964591,201900006122,2,8,17:43,2,1,1,1.0,7.0,05061,RAMBAUD ( ROUTE DE ),M,"44,5575000","6,1185000",5,2019,70.0,1.0,2.0,3.0,2156004,3.0,2,1,1,5.0,,0.0,0,2000.0,A01,138Â 295Â 016,1.0,0.0,-1.0,1646303,1.0,7,,2.0,0.0,9.0,A01,138Â 295Â 016,1.0
964591,201900006122,2,8,17:43,2,1,1,1.0,7.0,05061,RAMBAUD ( ROUTE DE ),M,"44,5575000","6,1185000",5,2019,70.0,1.0,2.0,3.0,2156005,5.0,2,4,1,5.0,,0.0,0,2000.0,A01,138Â 295Â 016,1.0,0.0,-1.0,1646303,1.0,7,,2.0,0.0,9.0,A01,138Â 295Â 016,1.0
964591,201900006122,2,8,17:43,2,1,1,1.0,7.0,05061,RAMBAUD ( ROUTE DE ),M,"44,5575000","6,1185000",5,2019,70.0,1.0,2.0,3.0,2156006,4.0,2,1,1,5.0,,0.0,0,1996.0,A01,138Â 295Â 016,1.0,0.0,-1.0,1646303,1.0,7,,2.0,0.0,9.0,A01,138Â 295Â 016,1.0
964592,201900006123,2,6,15:50,1,2,1,1.0,4.0,05061,JEAN JAURES ( AVENUE ),M,"44,5527500","6,0720900",5,2019,50.0,1.0,1.0,2.0,2156007,1.0,1,1,1,4.0,,0.0,0,1975.0,A01,138Â 295Â 013,1.0,0.0,-1.0,1646304,2.0,7,,0.0,2.0,1.0,A01,138Â 295Â 013,1.0
964592,201900006123,2,6,15:50,1,2,1,1.0,4.0,05061,JEAN JAURES ( AVENUE ),M,"44,5527500","6,0720900",5,2019,50.0,1.0,1.0,2.0,2156007,1.0,1,1,1,4.0,,0.0,0,1975.0,A01,138Â 295Â 013,1.0,0.0,-1.0,1646305,2.0,7,,0.0,2.0,4.0,C01,138Â 295Â 014,1.0
964592,201900006123,2,6,15:50,1,2,1,1.0,4.0,05061,JEAN JAURES ( AVENUE ),M,"44,5527500","6,0720900",5,2019,50.0,1.0,1.0,2.0,2156007,1.0,1,1,1,4.0,,0.0,0,1975.0,A01,138Â 295Â 013,1.0,0.0,-1.0,1646306,2.0,7,,0.0,2.0,4.0,B01,138Â 295Â 015,1.0
964592,201900006123,2,6,15:50,1,2,1,1.0,4.0,05061,JEAN JAURES ( AVENUE ),M,"44,5527500","6,0720900",5,2019,50.0,1.0,1.0,2.0,2156008,1.0,1,4,2,9.0,,0.0,0,1972.0,C01,138Â 295Â 014,1.0,0.0,-1.0,1646304,2.0,7,,0.0,2.0,1.0,A01,138Â 295Â 013,1.0
964592,201900006123,2,6,15:50,1,2,1,1.0,4.0,05061,JEAN JAURES ( AVENUE ),M,"44,5527500","6,0720900",5,2019,50.0,1.0,1.0,2.0,2156008,1.0,1,4,2,9.0,,0.0,0,1972.0,C01,138Â 295Â 014,1.0,0.0,-1.0,1646305,2.0,7,,0.0,2.0,4.0,C01,138Â 295Â 014,1.0
964592,201900006123,2,6,15:50,1,2,1,1.0,4.0,05061,JEAN JAURES ( AVENUE ),M,"44,5527500","6,0720900",5,2019,50.0,1.0,1.0,2.0,2156008,1.0,1,4,2,9.0,,0.0,0,1972.0,C01,138Â 295Â 014,1.0,0.0,-1.0,1646306,2.0,7,,0.0,2.0,4.0,B01,138Â 295Â 015,1.0
964592,201900006123,2,6,15:50,1,2,1,1.0,4.0,05061,JEAN JAURES ( AVENUE ),M,"44,5527500","6,0720900",5,2019,50.0,1.0,1.0,2.0,2156009,2.0,2,4,1,5.0,,0.0,0,1966.0,B01,138Â 295Â 015,1.0,0.0,-1.0,1646304,2.0,7,,0.0,2.0,1.0,A01,138Â 295Â 013,1.0
964592,201900006123,2,6,15:50,1,2,1,1.0,4.0,05061,JEAN JAURES ( AVENUE ),M,"44,5527500","6,0720900",5,2019,50.0,1.0,1.0,2.0,2156009,2.0,2,4,1,5.0,,0.0,0,1966.0,B01,138Â 295Â 015,1.0,0.0,-1.0,1646305,2.0,7,,0.0,2.0,4.0,C01,138Â 295Â 014,1.0
964592,201900006123,2,6,15:50,1,2,1,1.0,4.0,05061,JEAN JAURES ( AVENUE ),M,"44,5527500","6,0720900",5,2019,50.0,1.0,1.0,2.0,2156009,2.0,2,4,1,5.0,,0.0,0,1966.0,B01,138Â 295Â 015,1.0,0.0,-1.0,1646306,2.0,7,,0.0,2.0,4.0,B01,138Â 295Â 015,1.0
964592,201900006123,2,6,15:50,1,2,1,1.0,4.0,05061,JEAN JAURES ( AVENUE ),M,"44,5527500","6,0720900",5,2019,50.0,1.0,1.0,2.0,2156010,1.0,1,1,1,5.0,,0.0,0,2001.0,B01,138Â 295Â 015,1.0,0.0,-1.0,1646304,2.0,7,,0.0,2.0,1.0,A01,138Â 295Â 013,1.0
964592,201900006123,2,6,15:50,1,2,1,1.0,4.0,05061,JEAN JAURES ( AVENUE ),M,"44,5527500","6,0720900",5,2019,50.0,1.0,1.0,2.0,2156010,1.0,1,1,1,5.0,,0.0,0,2001.0,B01,138Â 295Â 015,1.0,0.0,-1.0,1646305,2.0,7,,0.0,2.0,4.0,C01,138Â 295Â 014,1.0
964592,201900006123,2,6,15:50,1,2,1,1.0,4.0,05061,JEAN JAURES ( AVENUE ),M,"44,5527500","6,0720900",5,2019,50.0,1.0,1.0,2.0,2156010,1.0,1,1,1,5.0,,0.0,0,2001.0,B01,138Â 295Â 015,1.0,0.0,-1.0,1646306,2.0,7,,0.0,2.0,4.0,B01,138Â 295Â 015,1.0
964593,201900006124,2,5,18:10,2,2,3,1.0,1.0,05061,RN 94,M,"44,5774800","6,1209600",5,2019,70.0,1.0,1.0,2.0,2156011,1.0,1,1,2,5.0,,0.0,0,1950.0,A01,138Â 295Â 011,1.0,0.0,-1.0,1646307,1.0,7,,0.0,2.0,1.0,A01,138Â 295Â 011,1.0
964593,201900006124,2,5,18:10,2,2,3,1.0,1.0,05061,RN 94,M,"44,5774800","6,1209600",5,2019,70.0,1.0,1.0,2.0,2156011,1.0,1,1,2,5.0,,0.0,0,1950.0,A01,138Â 295Â 011,1.0,0.0,-1.0,1646308,2.0,33,,0.0,2.0,1.0,B01,138Â 295Â 012,1.0
964593,201900006124,2,5,18:10,2,2,3,1.0,1.0,05061,RN 94,M,"44,5774800","6,1209600",5,2019,70.0,1.0,1.0,2.0,2156012,1.0,1,3,1,5.0,,0.0,0,1968.0,B01,138Â 295Â 012,2.0,0.0,-1.0,1646307,1.0,7,,0.0,2.0,1.0,A01,138Â 295Â 011,1.0
964593,201900006124,2,5,18:10,2,2,3,1.0,1.0,05061,RN 94,M,"44,5774800","6,1209600",5,2019,70.0,1.0,1.0,2.0,2156012,1.0,1,3,1,5.0,,0.0,0,1968.0,B01,138Â 295Â 012,2.0,0.0,-1.0,1646308,2.0,33,,0.0,2.0,1.0,B01,138Â 295Â 012,1.0
964594,201900006125,2,11,08:50,1,2,1,8.0,5.0,75117,BOULEVARD PERIPHERIQUE,M,"48,8858090","2,2883020",75,2019,70.0,1.0,1.0,4.0,2156013,1.0,1,1,2,1.0,,0.0,0,1993.0,D01,138Â 295Â 006,1.0,0.0,-1.0,1646309,1.0,7,,0.0,2.0,7.0,D01,138Â 295Â 006,1.0
964594,201900006125,2,11,08:50,1,2,1,8.0,5.0,75117,BOULEVARD PERIPHERIQUE,M,"48,8858090","2,2883020",75,2019,70.0,1.0,1.0,4.0,2156013,1.0,1,1,2,1.0,,0.0,0,1993.0,D01,138Â 295Â 006,1.0,0.0,-1.0,1646310,1.0,7,,0.0,2.0,6.0,C01,138Â 295Â 007,1.0
964594,201900006125,2,11,08:50,1,2,1,8.0,5.0,75117,BOULEVARD PERIPHERIQUE,M,"48,8858090","2,2883020",75,2019,70.0,1.0,1.0,4.0,2156013,1.0,1,1,2,1.0,,0.0,0,1993.0,D01,138Â 295Â 006,1.0,0.0,-1.0,1646311,1.0,33,,0.0,2.0,8.0,B01,138Â 295Â 008,1.0
964594,201900006125,2,11,08:50,1,2,1,8.0,5.0,75117,BOULEVARD PERIPHERIQUE,M,"48,8858090","2,2883020",75,2019,70.0,1.0,1.0,4.0,2156013,1.0,1,1,2,1.0,,0.0,0,1993.0,D01,138Â 295Â 006,1.0,0.0,-1.0,1646312,1.0,31,,0.0,2.0,1.0,A01,138Â 295Â 009,1.0
964594,201900006125,2,11,08:50,1,2,1,8.0,5.0,75117,BOULEVARD PERIPHERIQUE,M,"48,8858090","2,2883020",75,2019,70.0,1.0,1.0,4.0,2156014,1.0,1,1,2,1.0,,0.0,0,1976.0,C01,138Â 295Â 007,1.0,0.0,-1.0,1646309,1.0,7,,0.0,2.0,7.0,D01,138Â 295Â 006,1.0
964594,201900006125,2,11,08:50,1,2,1,8.0,5.0,75117,BOULEVARD PERIPHERIQUE,M,"48,8858090","2,2883020",75,2019,70.0,1.0,1.0,4.0,2156014,1.0,1,1,2,1.0,,0.0,0,1976.0,C01,138Â 295Â 007,1.0,0.0,-1.0,1646310,1.0,7,,0.0,2.0,6.0,C01,138Â 295Â 007,1.0
964594,201900006125,2,11,08:50,1,2,1,8.0,5.0,75117,BOULEVARD PERIPHERIQUE,M,"48,8858090","2,2883020",75,2019,70.0,1.0,1.0,4.0,2156014,1.0,1,1,2,1.0,,0.0,0,1976.0,C01,138Â 295Â 007,1.0,0.0,-1.0,1646311,1.0,33,,0.0,2.0,8.0,B01,138Â 295Â 008,1.0
964594,201900006125,2,11,08:50,1,2,1,8.0,5.0,75117,BOULEVARD PERIPHERIQUE,M,"48,8858090","2,2883020",75,2019,70.0,1.0,1.0,4.0,2156014,1.0,1,1,2,1.0,,0.0,0,1976.0,C01,138Â 295Â 007,1.0,0.0,-1.0,1646312,1.0,31,,0.0,2.0,1.0,A01,138Â 295Â 009,1.0
964594,201900006125,2,11,08:50,1,2,1,8.0,5.0,75117,BOULEVARD PERIPHERIQUE,M,"48,8858090","2,2883020",75,2019,70.0,1.0,1.0,4.0,2156015,1.0,1,1,1,2.0,,0.0,0,1996.0,B01,138Â 295Â 008,2.0,6.0,-1.0,1646309,1.0,7,,0.0,2.0,7.0,D01,138Â 295Â 006,1.0
964594,201900006125,2,11,08:50,1,2,1,8.0,5.0,75117,BOULEVARD PERIPHERIQUE,M,"48,8858090","2,2883020",75,2019,70.0,1.0,1.0,4.0,2156015,1.0,1,1,1,2.0,,0.0,0,1996.0,B01,138Â 295Â 008,2.0,6.0,-1.0,1646310,1.0,7,,0.0,2.0,6.0,C01,138Â 295Â 007,1.0
964594,201900006125,2,11,08:50,1,2,1,8.0,5.0,75117,BOULEVARD PERIPHERIQUE,M,"48,8858090","2,2883020",75,2019,70.0,1.0,1.0,4.0,2156015,1.0,1,1,1,2.0,,0.0,0,1996.0,B01,138Â 295Â 008,2.0,6.0,-1.0,1646311,1.0,33,,0.0,2.0,8.0,B01,138Â 295Â 008,1.0
964594,201900006125,2,11,08:50,1,2,1,8.0,5.0,75117,BOULEVARD PERIPHERIQUE,M,"48,8858090","2,2883020",75,2019,70.0,1.0,1.0,4.0,2156015,1.0,1,1,1,2.0,,0.0,0,1996.0,B01,138Â 295Â 008,2.0,6.0,-1.0,1646312,1.0,31,,0.0,2.0,1.0,A01,138Â 295Â 009,1.0
964594,201900006125,2,11,08:50,1,2,1,8.0,5.0,75117,BOULEVARD PERIPHERIQUE,M,"48,8858090","2,2883020",75,2019,70.0,1.0,1.0,4.0,2156016,1.0,1,4,1,0.0,,0.0,0,1972.0,A01,138Â 295Â 009,2.0,6.0,-1.0,1646309,1.0,7,,0.0,2.0,7.0,D01,138Â 295Â 006,1.0
964594,201900006125,2,11,08:50,1,2,1,8.0,5.0,75117,BOULEVARD PERIPHERIQUE,M,"48,8858090","2,2883020",75,2019,70.0,1.0,1.0,4.0,2156016,1.0,1,4,1,0.0,,0.0,0,1972.0,A01,138Â 295Â 009,2.0,6.0,-1.0,1646310,1.0,7,,0.0,2.0,6.0,C01,138Â 295Â 007,1.0
964594,201900006125,2,11,08:50,1,2,1,8.0,5.0,75117,BOULEVARD PERIPHERIQUE,M,"48,8858090","2,2883020",75,2019,70.0,1.0,1.0,4.0,2156016,1.0,1,4,1,0.0,,0.0,0,1972.0,A01,138Â 295Â 009,2.0,6.0,-1.0,1646311,1.0,33,,0.0,2.0,8.0,B01,138Â 295Â 008,1.0
964594,201900006125,2,11,08:50,1,2,1,8.0,5.0,75117,BOULEVARD PERIPHERIQUE,M,"48,8858090","2,2883020",75,2019,70.0,1.0,1.0,4.0,2156016,1.0,1,4,1,0.0,,0.0,0,1972.0,A01,138Â 295Â 009,2.0,6.0,-1.0,1646312,1.0,31,,0.0,2.0,1.0,A01,138Â 295Â 009,1.0
964595,201900006126,2,10,00:35,5,2,1,2.0,2.0,75120,PORTE DE BAGNOLET,M,"48,8733170","2,4120540",75,2019,70.0,1.0,2.0,4.0,2156017,2.0,2,4,2,5.0,,0.0,0,1972.0,A01,138Â 295Â 004,1.0,0.0,-1.0,1646313,2.0,7,,0.0,2.0,3.0,A01,138Â 295Â 004,1.0
964595,201900006126,2,10,00:35,5,2,1,2.0,2.0,75120,PORTE DE BAGNOLET,M,"48,8733170","2,4120540",75,2019,70.0,1.0,2.0,4.0,2156017,2.0,2,4,2,5.0,,0.0,0,1972.0,A01,138Â 295Â 004,1.0,0.0,-1.0,1646314,2.0,7,,0.0,2.0,5.0,B01,138Â 295Â 005,1.0
964595,201900006126,2,10,00:35,5,2,1,2.0,2.0,75120,PORTE DE BAGNOLET,M,"48,8733170","2,4120540",75,2019,70.0,1.0,2.0,4.0,2156018,1.0,1,1,1,5.0,,0.0,0,1981.0,A01,138Â 295Â 004,1.0,0.0,-1.0,1646313,2.0,7,,0.0,2.0,3.0,A01,138Â 295Â 004,1.0
964595,201900006126,2,10,00:35,5,2,1,2.0,2.0,75120,PORTE DE BAGNOLET,M,"48,8733170","2,4120540",75,2019,70.0,1.0,2.0,4.0,2156018,1.0,1,1,1,5.0,,0.0,0,1981.0,A01,138Â 295Â 004,1.0,0.0,-1.0,1646314,2.0,7,,0.0,2.0,5.0,B01,138Â 295Â 005,1.0
964595,201900006126,2,10,00:35,5,2,1,2.0,2.0,75120,PORTE DE BAGNOLET,M,"48,8733170","2,4120540",75,2019,70.0,1.0,2.0,4.0,2156019,1.0,1,1,1,5.0,,0.0,0,1988.0,B01,138Â 295Â 005,1.0,0.0,-1.0,1646313,2.0,7,,0.0,2.0,3.0,A01,138Â 295Â 004,1.0
964595,201900006126,2,10,00:35,5,2,1,2.0,2.0,75120,PORTE DE BAGNOLET,M,"48,8733170","2,4120540",75,2019,70.0,1.0,2.0,4.0,2156019,1.0,1,1,1,5.0,,0.0,0,1988.0,B01,138Â 295Â 005,1.0,0.0,-1.0,1646314,2.0,7,,0.0,2.0,5.0,B01,138Â 295Â 005,1.0
964596,201900006127,2,10,00:01,5,2,1,3.0,6.0,75119,PORTE DE LA VILLETTE,M,"48,9004680","2,3875160",75,2019,70.0,1.0,2.0,4.0,2156020,2.0,2,4,1,5.0,,0.0,0,1982.0,B01,138Â 295Â 002,1.0,0.0,-1.0,1646315,1.0,7,,0.0,2.0,1.0,Z01,138Â 295Â 001,1.0
964596,201900006127,2,10,00:01,5,2,1,3.0,6.0,75119,PORTE DE LA VILLETTE,M,"48,9004680","2,3875160",75,2019,70.0,1.0,2.0,4.0,2156020,2.0,2,4,1,5.0,,0.0,0,1982.0,B01,138Â 295Â 002,1.0,0.0,-1.0,1646316,1.0,7,,0.0,2.0,4.0,B01,138Â 295Â 002,1.0
964596,201900006127,2,10,00:01,5,2,1,3.0,6.0,75119,PORTE DE LA VILLETTE,M,"48,9004680","2,3875160",75,2019,70.0,1.0,2.0,4.0,2156020,2.0,2,4,1,5.0,,0.0,0,1982.0,B01,138Â 295Â 002,1.0,0.0,-1.0,1646317,1.0,7,,0.0,2.0,4.0,A01,138Â 295Â 003,1.0
964596,201900006127,2,10,00:01,5,2,1,3.0,6.0,75119,PORTE DE LA VILLETTE,M,"48,9004680","2,3875160",75,2019,70.0,1.0,2.0,4.0,2156021,1.0,1,1,1,5.0,,0.0,0,1984.0,B01,138Â 295Â 002,1.0,0.0,-1.0,1646315,1.0,7,,0.0,2.0,1.0,Z01,138Â 295Â 001,1.0
964596,201900006127,2,10,00:01,5,2,1,3.0,6.0,75119,PORTE DE LA VILLETTE,M,"48,9004680","2,3875160",75,2019,70.0,1.0,2.0,4.0,2156021,1.0,1,1,1,5.0,,0.0,0,1984.0,B01,138Â 295Â 002,1.0,0.0,-1.0,1646316,1.0,7,,0.0,2.0,4.0,B01,138Â 295Â 002,1.0
964596,201900006127,2,10,00:01,5,2,1,3.0,6.0,75119,PORTE DE LA VILLETTE,M,"48,9004680","2,3875160",75,2019,70.0,1.0,2.0,4.0,2156021,1.0,1,1,1,5.0,,0.0,0,1984.0,B01,138Â 295Â 002,1.0,0.0,-1.0,1646317,1.0,7,,0.0,2.0,4.0,A01,138Â 295Â 003,1.0
964596,201900006127,2,10,00:01,5,2,1,3.0,6.0,75119,PORTE DE LA VILLETTE,M,"48,9004680","2,3875160",75,2019,70.0,1.0,2.0,4.0,2156022,1.0,1,1,2,5.0,,0.0,0,1981.0,A01,138Â 295Â 003,1.0,0.0,-1.0,1646315,1.0,7,,0.0,2.0,1.0,Z01,138Â 295Â 001,1.0
964596,201900006127,2,10,00:01,5,2,1,3.0,6.0,75119,PORTE DE LA VILLETTE,M,"48,9004680","2,3875160",75,2019,70.0,1.0,2.0,4.0,2156022,1.0,1,1,2,5.0,,0.0,0,1981.0,A01,138Â 295Â 003,1.0,0.0,-1.0,1646316,1.0,7,,0.0,2.0,4.0,B01,138Â 295Â 002,1.0
964596,201900006127,2,10,00:01,5,2,1,3.0,6.0,75119,PORTE DE LA VILLETTE,M,"48,9004680","2,3875160",75,2019,70.0,1.0,2.0,4.0,2156022,1.0,1,1,2,5.0,,0.0,0,1981.0,A01,138Â 295Â 003,1.0,0.0,-1.0,1646317,1.0,7,,0.0,2.0,4.0,A01,138Â 295Â 003,1.0
964597,201900006128,2,8,23:29,5,2,4,2.0,4.0,75119,BOULEVARD PERIPHERIQUE,M,"48,9002230","2,3765950",75,2019,70.0,1.0,2.0,4.0,2156023,1.0,1,1,2,1.0,,0.0,0,1991.0,A01,138Â 294Â 998,1.0,0.0,-1.0,1646318,1.0,7,,0.0,2.0,1.0,A01,138Â 294Â 998,1.0
964597,201900006128,2,8,23:29,5,2,4,2.0,4.0,75119,BOULEVARD PERIPHERIQUE,M,"48,9002230","2,3765950",75,2019,70.0,1.0,2.0,4.0,2156023,1.0,1,1,2,1.0,,0.0,0,1991.0,A01,138Â 294Â 998,1.0,0.0,-1.0,1646319,1.0,7,,0.0,2.0,1.0,B01,138Â 294Â 999,1.0
964597,201900006128,2,8,23:29,5,2,4,2.0,4.0,75119,BOULEVARD PERIPHERIQUE,M,"48,9002230","2,3765950",75,2019,70.0,1.0,2.0,4.0,2156023,1.0,1,1,2,1.0,,0.0,0,1991.0,A01,138Â 294Â 998,1.0,0.0,-1.0,1646320,1.0,7,,0.0,2.0,4.0,C01,138Â 295Â 000,1.0
964597,201900006128,2,8,23:29,5,2,4,2.0,4.0,75119,BOULEVARD PERIPHERIQUE,M,"48,9002230","2,3765950",75,2019,70.0,1.0,2.0,4.0,2156024,1.0,1,1,2,1.0,,0.0,0,1979.0,B01,138Â 294Â 999,1.0,0.0,-1.0,1646318,1.0,7,,0.0,2.0,1.0,A01,138Â 294Â 998,1.0
964597,201900006128,2,8,23:29,5,2,4,2.0,4.0,75119,BOULEVARD PERIPHERIQUE,M,"48,9002230","2,3765950",75,2019,70.0,1.0,2.0,4.0,2156024,1.0,1,1,2,1.0,,0.0,0,1979.0,B01,138Â 294Â 999,1.0,0.0,-1.0,1646319,1.0,7,,0.0,2.0,1.0,B01,138Â 294Â 999,1.0
964597,201900006128,2,8,23:29,5,2,4,2.0,4.0,75119,BOULEVARD PERIPHERIQUE,M,"48,9002230","2,3765950",75,2019,70.0,1.0,2.0,4.0,2156024,1.0,1,1,2,1.0,,0.0,0,1979.0,B01,138Â 294Â 999,1.0,0.0,-1.0,1646320,1.0,7,,0.0,2.0,4.0,C01,138Â 295Â 000,1.0
964597,201900006128,2,8,23:29,5,2,4,2.0,4.0,75119,BOULEVARD PERIPHERIQUE,M,"48,9002230","2,3765950",75,2019,70.0,1.0,2.0,4.0,2156025,4.0,2,4,2,5.0,,0.0,0,1992.0,C01,138Â 295Â 000,1.0,0.0,-1.0,1646318,1.0,7,,0.0,2.0,1.0,A01,138Â 294Â 998,1.0
964597,201900006128,2,8,23:29,5,2,4,2.0,4.0,75119,BOULEVARD PERIPHERIQUE,M,"48,9002230","2,3765950",75,2019,70.0,1.0,2.0,4.0,2156025,4.0,2,4,2,5.0,,0.0,0,1992.0,C01,138Â 295Â 000,1.0,0.0,-1.0,1646319,1.0,7,,0.0,2.0,1.0,B01,138Â 294Â 999,1.0
964597,201900006128,2,8,23:29,5,2,4,2.0,4.0,75119,BOULEVARD PERIPHERIQUE,M,"48,9002230","2,3765950",75,2019,70.0,1.0,2.0,4.0,2156025,4.0,2,4,2,5.0,,0.0,0,1992.0,C01,138Â 295Â 000,1.0,0.0,-1.0,1646320,1.0,7,,0.0,2.0,4.0,C01,138Â 295Â 000,1.0
964597,201900006128,2,8,23:29,5,2,4,2.0,4.0,75119,BOULEVARD PERIPHERIQUE,M,"48,9002230","2,3765950",75,2019,70.0,1.0,2.0,4.0,2156026,2.0,2,4,2,5.0,,0.0,0,1965.0,C01,138Â 295Â 000,1.0,0.0,-1.0,1646318,1.0,7,,0.0,2.0,1.0,A01,138Â 294Â 998,1.0
964597,201900006128,2,8,23:29,5,2,4,2.0,4.0,75119,BOULEVARD PERIPHERIQUE,M,"48,9002230","2,3765950",75,2019,70.0,1.0,2.0,4.0,2156026,2.0,2,4,2,5.0,,0.0,0,1965.0,C01,138Â 295Â 000,1.0,0.0,-1.0,1646319,1.0,7,,0.0,2.0,1.0,B01,138Â 294Â 999,1.0
964597,201900006128,2,8,23:29,5,2,4,2.0,4.0,75119,BOULEVARD PERIPHERIQUE,M,"48,9002230","2,3765950",75,2019,70.0,1.0,2.0,4.0,2156026,2.0,2,4,2,5.0,,0.0,0,1965.0,C01,138Â 295Â 000,1.0,0.0,-1.0,1646320,1.0,7,,0.0,2.0,4.0,C01,138Â 295Â 000,1.0
964597,201900006128,2,8,23:29,5,2,4,2.0,4.0,75119,BOULEVARD PERIPHERIQUE,M,"48,9002230","2,3765950",75,2019,70.0,1.0,2.0,4.0,2156027,1.0,1,1,1,5.0,,0.0,0,1990.0,C01,138Â 295Â 000,1.0,0.0,-1.0,1646318,1.0,7,,0.0,2.0,1.0,A01,138Â 294Â 998,1.0
964597,201900006128,2,8,23:29,5,2,4,2.0,4.0,75119,BOULEVARD PERIPHERIQUE,M,"48,9002230","2,3765950",75,2019,70.0,1.0,2.0,4.0,2156027,1.0,1,1,1,5.0,,0.0,0,1990.0,C01,138Â 295Â 000,1.0,0.0,-1.0,1646319,1.0,7,,0.0,2.0,1.0,B01,138Â 294Â 999,1.0
964597,201900006128,2,8,23:29,5,2,4,2.0,4.0,75119,BOULEVARD PERIPHERIQUE,M,"48,9002230","2,3765950",75,2019,70.0,1.0,2.0,4.0,2156027,1.0,1,1,1,5.0,,0.0,0,1990.0,C01,138Â 295Â 000,1.0,0.0,-1.0,1646320,1.0,7,,0.0,2.0,4.0,C01,138Â 295Â 000,1.0
964598,201900006129,2,8,19:20,5,2,1,1.0,2.0,75119,BOULEVARD PERIPHERIQUE,M,"48,8908990","2,3958090",75,2019,70.0,1.0,1.0,4.0,2156028,1.0,1,4,1,1.0,,0.0,0,1973.0,B01,138Â 294Â 996,1.0,0.0,-1.0,1646321,1.0,7,,0.0,2.0,4.0,B01,138Â 294Â 996,1.0
964598,201900006129,2,8,19:20,5,2,1,1.0,2.0,75119,BOULEVARD PERIPHERIQUE,M,"48,8908990","2,3958090",75,2019,70.0,1.0,1.0,4.0,2156028,1.0,1,4,1,1.0,,0.0,0,1973.0,B01,138Â 294Â 996,1.0,0.0,-1.0,1646322,1.0,7,,0.0,2.0,1.0,A01,138Â 294Â 997,1.0
964598,201900006129,2,8,19:20,5,2,1,1.0,2.0,75119,BOULEVARD PERIPHERIQUE,M,"48,8908990","2,3958090",75,2019,70.0,1.0,1.0,4.0,2156029,1.0,1,1,1,1.0,,0.0,0,1962.0,A01,138Â 294Â 997,1.0,0.0,-1.0,1646321,1.0,7,,0.0,2.0,4.0,B01,138Â 294Â 996,1.0
964598,201900006129,2,8,19:20,5,2,1,1.0,2.0,75119,BOULEVARD PERIPHERIQUE,M,"48,8908990","2,3958090",75,2019,70.0,1.0,1.0,4.0,2156029,1.0,1,1,1,1.0,,0.0,0,1962.0,A01,138Â 294Â 997,1.0,0.0,-1.0,1646322,1.0,7,,0.0,2.0,1.0,A01,138Â 294Â 997,1.0