Unnamed: 0_x,num_acc,mois,jour,hrmn,lum,agg,int,atm,col,com,adr,gps,lat,long,dep,annee,vma,situ,surf,catr,Unnamed: 0_y,place,catu,grav,sexe,trajet,secu,locp,actp,an_nais,num_veh_x,id_vehicule_x,secu1,secu2,secu3,Unnamed: 0,senc,catv,occutc,obs,obsm,choc,num_veh_y,id_vehicule_y,motor
964599,201900006130,2,8,14:00,1,2,1,8.0,4.0,75119,BOULEVARD PERIPHERIQUE,M,"48,9004790","2,3752800",75,2019,70.0,1.0,1.0,4.0,2156030,1.0,1,1,2,1.0,,0.0,0,1992.0,C01,138Â 294Â 993,1.0,0.0,-1.0,1646323,2.0,7,,0.0,2.0,4.0,C01,138Â 294Â 993,1.0
964599,201900006130,2,8,14:00,1,2,1,8.0,4.0,75119,BOULEVARD PERIPHERIQUE,M,"48,9004790","2,3752800",75,2019,70.0,1.0,1.0,4.0,2156030,1.0,1,1,2,1.0,,0.0,0,1992.0,C01,138Â 294Â 993,1.0,0.0,-1.0,1646324,2.0,7,,0.0,2.0,4.0,B01,138Â 294Â 994,1.0
964599,201900006130,2,8,14:00,1,2,1,8.0,4.0,75119,BOULEVARD PERIPHERIQUE,M,"48,9004790","2,3752800",75,2019,70.0,1.0,1.0,4.0,2156030,1.0,1,1,2,1.0,,0.0,0,1992.0,C01,138Â 294Â 993,1.0,0.0,-1.0,1646325,2.0,7,,0.0,2.0,1.0,A01,138Â 294Â 995,1.0
964599,201900006130,2,8,14:00,1,2,1,8.0,4.0,75119,BOULEVARD PERIPHERIQUE,M,"48,9004790","2,3752800",75,2019,70.0,1.0,1.0,4.0,2156031,1.0,1,4,2,5.0,,0.0,0,1960.0,B01,138Â 294Â 994,1.0,0.0,-1.0,1646323,2.0,7,,0.0,2.0,4.0,C01,138Â 294Â 993,1.0
964599,201900006130,2,8,14:00,1,2,1,8.0,4.0,75119,BOULEVARD PERIPHERIQUE,M,"48,9004790","2,3752800",75,2019,70.0,1.0,1.0,4.0,2156031,1.0,1,4,2,5.0,,0.0,0,1960.0,B01,138Â 294Â 994,1.0,0.0,-1.0,1646324,2.0,7,,0.0,2.0,4.0,B01,138Â 294Â 994,1.0
964599,201900006130,2,8,14:00,1,2,1,8.0,4.0,75119,BOULEVARD PERIPHERIQUE,M,"48,9004790","2,3752800",75,2019,70.0,1.0,1.0,4.0,2156031,1.0,1,4,2,5.0,,0.0,0,1960.0,B01,138Â 294Â 994,1.0,0.0,-1.0,1646325,2.0,7,,0.0,2.0,1.0,A01,138Â 294Â 995,1.0
964599,201900006130,2,8,14:00,1,2,1,8.0,4.0,75119,BOULEVARD PERIPHERIQUE,M,"48,9004790","2,3752800",75,2019,70.0,1.0,1.0,4.0,2156032,1.0,1,1,1,5.0,,0.0,0,1991.0,A01,138Â 294Â 995,1.0,0.0,-1.0,1646323,2.0,7,,0.0,2.0,4.0,C01,138Â 294Â 993,1.0
964599,201900006130,2,8,14:00,1,2,1,8.0,4.0,75119,BOULEVARD PERIPHERIQUE,M,"48,9004790","2,3752800",75,2019,70.0,1.0,1.0,4.0,2156032,1.0,1,1,1,5.0,,0.0,0,1991.0,A01,138Â 294Â 995,1.0,0.0,-1.0,1646324,2.0,7,,0.0,2.0,4.0,B01,138Â 294Â 994,1.0
964599,201900006130,2,8,14:00,1,2,1,8.0,4.0,75119,BOULEVARD PERIPHERIQUE,M,"48,9004790","2,3752800",75,2019,70.0,1.0,1.0,4.0,2156032,1.0,1,1,1,5.0,,0.0,0,1991.0,A01,138Â 294Â 995,1.0,0.0,-1.0,1646325,2.0,7,,0.0,2.0,1.0,A01,138Â 294Â 995,1.0
964600,201900006131,2,7,11:00,1,2,1,1.0,3.0,75120,BOULEVARD PERIPHERIQUE,M,"48,8534840","2,4143080",75,2019,70.0,1.0,1.0,4.0,2156033,1.0,1,1,1,4.0,,0.0,0,1974.0,A01,138Â 294Â 991,1.0,0.0,-1.0,1646326,2.0,17,,0.0,2.0,2.0,A01,138Â 294Â 991,1.0
964600,201900006131,2,7,11:00,1,2,1,1.0,3.0,75120,BOULEVARD PERIPHERIQUE,M,"48,8534840","2,4143080",75,2019,70.0,1.0,1.0,4.0,2156033,1.0,1,1,1,4.0,,0.0,0,1974.0,A01,138Â 294Â 991,1.0,0.0,-1.0,1646327,2.0,7,,0.0,2.0,8.0,B01,138Â 294Â 992,1.0
964600,201900006131,2,7,11:00,1,2,1,1.0,3.0,75120,BOULEVARD PERIPHERIQUE,M,"48,8534840","2,4143080",75,2019,70.0,1.0,1.0,4.0,2156034,1.0,1,4,2,5.0,,0.0,0,1964.0,B01,138Â 294Â 992,1.0,0.0,-1.0,1646326,2.0,17,,0.0,2.0,2.0,A01,138Â 294Â 991,1.0
964600,201900006131,2,7,11:00,1,2,1,1.0,3.0,75120,BOULEVARD PERIPHERIQUE,M,"48,8534840","2,4143080",75,2019,70.0,1.0,1.0,4.0,2156034,1.0,1,4,2,5.0,,0.0,0,1964.0,B01,138Â 294Â 992,1.0,0.0,-1.0,1646327,2.0,7,,0.0,2.0,8.0,B01,138Â 294Â 992,1.0
964601,201900006132,2,7,09:45,1,2,1,1.0,7.0,75115,BOULEVARD PERIPHERIQUE,M,"48,8273430","2,2931980",75,2019,70.0,1.0,2.0,4.0,2156035,1.0,1,4,1,1.0,,0.0,0,1940.0,A01,138Â 294Â 990,2.0,6.0,-1.0,1646328,1.0,31,,0.0,0.0,8.0,A01,138Â 294Â 990,1.0
964602,201900006133,2,6,08:30,1,2,4,8.0,2.0,75116,PORTE DE SAINT CLOUD,M,"48,8363450","2,2567270",75,2019,70.0,1.0,1.0,4.0,2156036,1.0,1,4,1,1.0,,0.0,0,1994.0,A01,138Â 294Â 988,2.0,6.0,-1.0,1646329,1.0,33,,0.0,2.0,3.0,A01,138Â 294Â 988,1.0
964602,201900006133,2,6,08:30,1,2,4,8.0,2.0,75116,PORTE DE SAINT CLOUD,M,"48,8363450","2,2567270",75,2019,70.0,1.0,1.0,4.0,2156036,1.0,1,4,1,1.0,,0.0,0,1994.0,A01,138Â 294Â 988,2.0,6.0,-1.0,1646330,1.0,10,,0.0,2.0,5.0,B01,138Â 294Â 989,1.0
964602,201900006133,2,6,08:30,1,2,4,8.0,2.0,75116,PORTE DE SAINT CLOUD,M,"48,8363450","2,2567270",75,2019,70.0,1.0,1.0,4.0,2156037,1.0,1,1,1,4.0,,0.0,0,1967.0,B01,138Â 294Â 989,1.0,0.0,-1.0,1646329,1.0,33,,0.0,2.0,3.0,A01,138Â 294Â 988,1.0
964602,201900006133,2,6,08:30,1,2,4,8.0,2.0,75116,PORTE DE SAINT CLOUD,M,"48,8363450","2,2567270",75,2019,70.0,1.0,1.0,4.0,2156037,1.0,1,1,1,4.0,,0.0,0,1967.0,B01,138Â 294Â 989,1.0,0.0,-1.0,1646330,1.0,10,,0.0,2.0,5.0,B01,138Â 294Â 989,1.0
964603,201900006134,2,5,07:45,2,2,1,1.0,2.0,75120,PORTE DE MONTREUIL,M,"48,8527130","2,4144640",75,2019,70.0,1.0,1.0,4.0,2156038,1.0,1,4,1,1.0,,0.0,0,1990.0,A01,138Â 294Â 986,2.0,6.0,-1.0,1646331,1.0,32,,0.0,2.0,1.0,A01,138Â 294Â 986,1.0
964603,201900006134,2,5,07:45,2,2,1,1.0,2.0,75120,PORTE DE MONTREUIL,M,"48,8527130","2,4144640",75,2019,70.0,1.0,1.0,4.0,2156038,1.0,1,4,1,1.0,,0.0,0,1990.0,A01,138Â 294Â 986,2.0,6.0,-1.0,1646332,1.0,7,,0.0,2.0,5.0,B01,138Â 294Â 987,1.0
964603,201900006134,2,5,07:45,2,2,1,1.0,2.0,75120,PORTE DE MONTREUIL,M,"48,8527130","2,4144640",75,2019,70.0,1.0,1.0,4.0,2156039,1.0,1,1,2,5.0,,0.0,0,1967.0,B01,138Â 294Â 987,1.0,0.0,-1.0,1646331,1.0,32,,0.0,2.0,1.0,A01,138Â 294Â 986,1.0
964603,201900006134,2,5,07:45,2,2,1,1.0,2.0,75120,PORTE DE MONTREUIL,M,"48,8527130","2,4144640",75,2019,70.0,1.0,1.0,4.0,2156039,1.0,1,1,2,5.0,,0.0,0,1967.0,B01,138Â 294Â 987,1.0,0.0,-1.0,1646332,1.0,7,,0.0,2.0,5.0,B01,138Â 294Â 987,1.0
964604,201900006135,2,11,09:15,1,2,1,1.0,2.0,75115,BOULEVARD PERIPHERIQUE,M,"48,8275960","2,2918880",75,2019,70.0,1.0,1.0,4.0,2156040,1.0,1,3,1,0.0,,0.0,0,1980.0,A01,138Â 294Â 984,2.0,6.0,-1.0,1646333,1.0,31,,0.0,2.0,1.0,A01,138Â 294Â 984,1.0
964604,201900006135,2,11,09:15,1,2,1,1.0,2.0,75115,BOULEVARD PERIPHERIQUE,M,"48,8275960","2,2918880",75,2019,70.0,1.0,1.0,4.0,2156040,1.0,1,3,1,0.0,,0.0,0,1980.0,A01,138Â 294Â 984,2.0,6.0,-1.0,1646334,2.0,7,,0.0,2.0,4.0,B01,138Â 294Â 985,1.0
964604,201900006135,2,11,09:15,1,2,1,1.0,2.0,75115,BOULEVARD PERIPHERIQUE,M,"48,8275960","2,2918880",75,2019,70.0,1.0,1.0,4.0,2156041,1.0,1,1,1,1.0,,0.0,0,1982.0,B01,138Â 294Â 985,8.0,0.0,-1.0,1646333,1.0,31,,0.0,2.0,1.0,A01,138Â 294Â 984,1.0
964604,201900006135,2,11,09:15,1,2,1,1.0,2.0,75115,BOULEVARD PERIPHERIQUE,M,"48,8275960","2,2918880",75,2019,70.0,1.0,1.0,4.0,2156041,1.0,1,1,1,1.0,,0.0,0,1982.0,B01,138Â 294Â 985,8.0,0.0,-1.0,1646334,2.0,7,,0.0,2.0,4.0,B01,138Â 294Â 985,1.0
964605,201900006136,2,10,06:26,5,2,7,2.0,1.0,75109,PLACE D ESTIENNE D ORVES,M,"48,8765350","2,3309540",75,2019,50.0,1.0,2.0,4.0,2156042,1.0,1,4,1,5.0,,0.0,0,1997.0,A01,138Â 294Â 982,2.0,0.0,-1.0,1646335,2.0,1,,0.0,2.0,1.0,A01,138Â 294Â 982,5.0
964605,201900006136,2,10,06:26,5,2,7,2.0,1.0,75109,PLACE D ESTIENNE D ORVES,M,"48,8765350","2,3309540",75,2019,50.0,1.0,2.0,4.0,2156042,1.0,1,4,1,5.0,,0.0,0,1997.0,A01,138Â 294Â 982,2.0,0.0,-1.0,1646336,1.0,7,,0.0,2.0,2.0,B01,138Â 294Â 983,1.0
964605,201900006136,2,10,06:26,5,2,7,2.0,1.0,75109,PLACE D ESTIENNE D ORVES,M,"48,8765350","2,3309540",75,2019,50.0,1.0,2.0,4.0,2156043,2.0,2,1,1,4.0,,0.0,0,1991.0,B01,138Â 294Â 983,1.0,0.0,-1.0,1646335,2.0,1,,0.0,2.0,1.0,A01,138Â 294Â 982,5.0
964605,201900006136,2,10,06:26,5,2,7,2.0,1.0,75109,PLACE D ESTIENNE D ORVES,M,"48,8765350","2,3309540",75,2019,50.0,1.0,2.0,4.0,2156043,2.0,2,1,1,4.0,,0.0,0,1991.0,B01,138Â 294Â 983,1.0,0.0,-1.0,1646336,1.0,7,,0.0,2.0,2.0,B01,138Â 294Â 983,1.0
964605,201900006136,2,10,06:26,5,2,7,2.0,1.0,75109,PLACE D ESTIENNE D ORVES,M,"48,8765350","2,3309540",75,2019,50.0,1.0,2.0,4.0,2156044,1.0,1,1,1,4.0,,0.0,0,1989.0,B01,138Â 294Â 983,1.0,0.0,-1.0,1646335,2.0,1,,0.0,2.0,1.0,A01,138Â 294Â 982,5.0
964605,201900006136,2,10,06:26,5,2,7,2.0,1.0,75109,PLACE D ESTIENNE D ORVES,M,"48,8765350","2,3309540",75,2019,50.0,1.0,2.0,4.0,2156044,1.0,1,1,1,4.0,,0.0,0,1989.0,B01,138Â 294Â 983,1.0,0.0,-1.0,1646336,1.0,7,,0.0,2.0,2.0,B01,138Â 294Â 983,1.0
964606,201900006137,2,9,22:14,5,2,2,1.0,3.0,75116,BOULEVARD SUCHET,M,"48,8530320","2,2619810",75,2019,50.0,1.0,2.0,4.0,2156045,1.0,1,1,2,0.0,,0.0,0,1998.0,A01,138Â 294Â 980,1.0,0.0,-1.0,1646337,2.0,7,,0.0,2.0,3.0,A01,138Â 294Â 980,1.0
964606,201900006137,2,9,22:14,5,2,2,1.0,3.0,75116,BOULEVARD SUCHET,M,"48,8530320","2,2619810",75,2019,50.0,1.0,2.0,4.0,2156045,1.0,1,1,2,0.0,,0.0,0,1998.0,A01,138Â 294Â 980,1.0,0.0,-1.0,1646338,1.0,34,,0.0,2.0,8.0,B01,138Â 294Â 981,1.0
964606,201900006137,2,9,22:14,5,2,2,1.0,3.0,75116,BOULEVARD SUCHET,M,"48,8530320","2,2619810",75,2019,50.0,1.0,2.0,4.0,2156046,1.0,1,3,1,5.0,,0.0,0,2000.0,B01,138Â 294Â 981,2.0,6.0,-1.0,1646337,2.0,7,,0.0,2.0,3.0,A01,138Â 294Â 980,1.0
964606,201900006137,2,9,22:14,5,2,2,1.0,3.0,75116,BOULEVARD SUCHET,M,"48,8530320","2,2619810",75,2019,50.0,1.0,2.0,4.0,2156046,1.0,1,3,1,5.0,,0.0,0,2000.0,B01,138Â 294Â 981,2.0,6.0,-1.0,1646338,1.0,34,,0.0,2.0,8.0,B01,138Â 294Â 981,1.0
964607,201900006138,2,7,12:26,1,2,7,1.0,3.0,75108,PLACE DE LA CONCORDE,M,"48,8666650","2,3220210",75,2019,50.0,1.0,1.0,4.0,2156047,1.0,1,4,1,1.0,,0.0,0,1953.0,B01,138Â 294Â 978,2.0,6.0,-1.0,1646339,1.0,32,,0.0,2.0,2.0,B01,138Â 294Â 978,1.0
964607,201900006138,2,7,12:26,1,2,7,1.0,3.0,75108,PLACE DE LA CONCORDE,M,"48,8666650","2,3220210",75,2019,50.0,1.0,1.0,4.0,2156047,1.0,1,4,1,1.0,,0.0,0,1953.0,B01,138Â 294Â 978,2.0,6.0,-1.0,1646340,1.0,7,,0.0,2.0,1.0,A01,138Â 294Â 979,2.0
964607,201900006138,2,7,12:26,1,2,7,1.0,3.0,75108,PLACE DE LA CONCORDE,M,"48,8666650","2,3220210",75,2019,50.0,1.0,1.0,4.0,2156048,1.0,1,1,1,4.0,,0.0,0,1968.0,A01,138Â 294Â 979,1.0,0.0,-1.0,1646339,1.0,32,,0.0,2.0,2.0,B01,138Â 294Â 978,1.0
964607,201900006138,2,7,12:26,1,2,7,1.0,3.0,75108,PLACE DE LA CONCORDE,M,"48,8666650","2,3220210",75,2019,50.0,1.0,1.0,4.0,2156048,1.0,1,1,1,4.0,,0.0,0,1968.0,A01,138Â 294Â 979,1.0,0.0,-1.0,1646340,1.0,7,,0.0,2.0,1.0,A01,138Â 294Â 979,2.0
964607,201900006138,2,7,12:26,1,2,7,1.0,3.0,75108,PLACE DE LA CONCORDE,M,"48,8666650","2,3220210",75,2019,50.0,1.0,1.0,4.0,2156049,3.0,2,1,1,5.0,,0.0,0,1974.0,A01,138Â 294Â 979,1.0,0.0,-1.0,1646339,1.0,32,,0.0,2.0,2.0,B01,138Â 294Â 978,1.0
964607,201900006138,2,7,12:26,1,2,7,1.0,3.0,75108,PLACE DE LA CONCORDE,M,"48,8666650","2,3220210",75,2019,50.0,1.0,1.0,4.0,2156049,3.0,2,1,1,5.0,,0.0,0,1974.0,A01,138Â 294Â 979,1.0,0.0,-1.0,1646340,1.0,7,,0.0,2.0,1.0,A01,138Â 294Â 979,2.0
964607,201900006138,2,7,12:26,1,2,7,1.0,3.0,75108,PLACE DE LA CONCORDE,M,"48,8666650","2,3220210",75,2019,50.0,1.0,1.0,4.0,2156050,4.0,2,1,1,4.0,,0.0,0,1970.0,A01,138Â 294Â 979,1.0,0.0,-1.0,1646339,1.0,32,,0.0,2.0,2.0,B01,138Â 294Â 978,1.0
964607,201900006138,2,7,12:26,1,2,7,1.0,3.0,75108,PLACE DE LA CONCORDE,M,"48,8666650","2,3220210",75,2019,50.0,1.0,1.0,4.0,2156050,4.0,2,1,1,4.0,,0.0,0,1970.0,A01,138Â 294Â 979,1.0,0.0,-1.0,1646340,1.0,7,,0.0,2.0,1.0,A01,138Â 294Â 979,2.0
964608,201900006139,2,6,13:20,1,2,1,1.0,3.0,75113,AVENUE D ITALIE,M,"48,8209280","2,3589150",75,2019,50.0,1.0,1.0,4.0,2156051,1.0,1,1,1,2.0,,0.0,0,1991.0,A01,138Â 294Â 976,1.0,0.0,-1.0,1646341,2.0,7,,0.0,2.0,3.0,A01,138Â 294Â 976,1.0
964608,201900006139,2,6,13:20,1,2,1,1.0,3.0,75113,AVENUE D ITALIE,M,"48,8209280","2,3589150",75,2019,50.0,1.0,1.0,4.0,2156051,1.0,1,1,1,2.0,,0.0,0,1991.0,A01,138Â 294Â 976,1.0,0.0,-1.0,1646342,2.0,33,,0.0,2.0,1.0,B01,138Â 294Â 977,1.0
964608,201900006139,2,6,13:20,1,2,1,1.0,3.0,75113,AVENUE D ITALIE,M,"48,8209280","2,3589150",75,2019,50.0,1.0,1.0,4.0,2156052,1.0,1,4,1,0.0,,0.0,0,1965.0,B01,138Â 294Â 977,2.0,6.0,-1.0,1646341,2.0,7,,0.0,2.0,3.0,A01,138Â 294Â 976,1.0
964608,201900006139,2,6,13:20,1,2,1,1.0,3.0,75113,AVENUE D ITALIE,M,"48,8209280","2,3589150",75,2019,50.0,1.0,1.0,4.0,2156052,1.0,1,4,1,0.0,,0.0,0,1965.0,B01,138Â 294Â 977,2.0,6.0,-1.0,1646342,2.0,33,,0.0,2.0,1.0,B01,138Â 294Â 977,1.0
964609,201900006140,2,12,07:50,1,2,2,1.0,3.0,75106,RUE DE SEINE,M,"48,8514720","2,3370570",75,2019,50.0,1.0,1.0,4.0,2156053,2.0,2,1,2,5.0,,0.0,0,1960.0,A01,138Â 294Â 974,1.0,0.0,-1.0,1646343,1.0,7,,0.0,2.0,1.0,A01,138Â 294Â 974,2.0
964609,201900006140,2,12,07:50,1,2,2,1.0,3.0,75106,RUE DE SEINE,M,"48,8514720","2,3370570",75,2019,50.0,1.0,1.0,4.0,2156053,2.0,2,1,2,5.0,,0.0,0,1960.0,A01,138Â 294Â 974,1.0,0.0,-1.0,1646344,1.0,7,,0.0,2.0,2.0,B01,138Â 294Â 975,1.0
964609,201900006140,2,12,07:50,1,2,2,1.0,3.0,75106,RUE DE SEINE,M,"48,8514720","2,3370570",75,2019,50.0,1.0,1.0,4.0,2156054,1.0,1,1,1,5.0,,0.0,0,1959.0,A01,138Â 294Â 974,1.0,0.0,-1.0,1646343,1.0,7,,0.0,2.0,1.0,A01,138Â 294Â 974,2.0
964609,201900006140,2,12,07:50,1,2,2,1.0,3.0,75106,RUE DE SEINE,M,"48,8514720","2,3370570",75,2019,50.0,1.0,1.0,4.0,2156054,1.0,1,1,1,5.0,,0.0,0,1959.0,A01,138Â 294Â 974,1.0,0.0,-1.0,1646344,1.0,7,,0.0,2.0,2.0,B01,138Â 294Â 975,1.0
964609,201900006140,2,12,07:50,1,2,2,1.0,3.0,75106,RUE DE SEINE,M,"48,8514720","2,3370570",75,2019,50.0,1.0,1.0,4.0,2156055,1.0,1,4,1,4.0,,0.0,0,1968.0,B01,138Â 294Â 975,1.0,0.0,-1.0,1646343,1.0,7,,0.0,2.0,1.0,A01,138Â 294Â 974,2.0
964609,201900006140,2,12,07:50,1,2,2,1.0,3.0,75106,RUE DE SEINE,M,"48,8514720","2,3370570",75,2019,50.0,1.0,1.0,4.0,2156055,1.0,1,4,1,4.0,,0.0,0,1968.0,B01,138Â 294Â 975,1.0,0.0,-1.0,1646344,1.0,7,,0.0,2.0,2.0,B01,138Â 294Â 975,1.0
964610,201900006141,2,10,15:55,1,2,1,2.0,2.0,75106,RUE SAINT PLACIDE,M,"48,8480720","2,3259980",75,2019,30.0,1.0,2.0,4.0,2156056,2.0,2,4,2,5.0,,0.0,0,1955.0,B01,138Â 294Â 972,2.0,6.0,-1.0,1646345,1.0,43,,0.0,2.0,3.0,B01,138Â 294Â 972,1.0
964610,201900006141,2,10,15:55,1,2,1,2.0,2.0,75106,RUE SAINT PLACIDE,M,"48,8480720","2,3259980",75,2019,30.0,1.0,2.0,4.0,2156056,2.0,2,4,2,5.0,,0.0,0,1955.0,B01,138Â 294Â 972,2.0,6.0,-1.0,1646346,1.0,10,,0.0,2.0,5.0,A01,138Â 294Â 973,1.0
964610,201900006141,2,10,15:55,1,2,1,2.0,2.0,75106,RUE SAINT PLACIDE,M,"48,8480720","2,3259980",75,2019,30.0,1.0,2.0,4.0,2156057,1.0,1,4,1,5.0,,0.0,0,1953.0,B01,138Â 294Â 972,2.0,6.0,-1.0,1646345,1.0,43,,0.0,2.0,3.0,B01,138Â 294Â 972,1.0
964610,201900006141,2,10,15:55,1,2,1,2.0,2.0,75106,RUE SAINT PLACIDE,M,"48,8480720","2,3259980",75,2019,30.0,1.0,2.0,4.0,2156057,1.0,1,4,1,5.0,,0.0,0,1953.0,B01,138Â 294Â 972,2.0,6.0,-1.0,1646346,1.0,10,,0.0,2.0,5.0,A01,138Â 294Â 973,1.0
964610,201900006141,2,10,15:55,1,2,1,2.0,2.0,75106,RUE SAINT PLACIDE,M,"48,8480720","2,3259980",75,2019,30.0,1.0,2.0,4.0,2156058,1.0,1,1,1,4.0,,0.0,0,1993.0,A01,138Â 294Â 973,1.0,0.0,-1.0,1646345,1.0,43,,0.0,2.0,3.0,B01,138Â 294Â 972,1.0
964610,201900006141,2,10,15:55,1,2,1,2.0,2.0,75106,RUE SAINT PLACIDE,M,"48,8480720","2,3259980",75,2019,30.0,1.0,2.0,4.0,2156058,1.0,1,1,1,4.0,,0.0,0,1993.0,A01,138Â 294Â 973,1.0,0.0,-1.0,1646346,1.0,10,,0.0,2.0,5.0,A01,138Â 294Â 973,1.0
964611,201900006142,2,10,04:20,5,2,1,2.0,6.0,75105,BOULEVARD DE L HOPITAL,M,"48,8412960","2,3627860",75,2019,50.0,1.0,2.0,4.0,2156059,10.0,3,3,2,9.0,,1.0,1,1983.0,A01,138Â 294Â 971,8.0,0.0,-1.0,1646347,2.0,7,,0.0,1.0,1.0,A01,138Â 294Â 971,1.0
964611,201900006142,2,10,04:20,5,2,1,2.0,6.0,75105,BOULEVARD DE L HOPITAL,M,"48,8412960","2,3627860",75,2019,50.0,1.0,2.0,4.0,2156060,1.0,1,1,2,9.0,,0.0,0,1993.0,A01,138Â 294Â 971,1.0,0.0,-1.0,1646347,2.0,7,,0.0,1.0,1.0,A01,138Â 294Â 971,1.0
964612,201900006143,2,8,22:35,5,2,2,2.0,6.0,75105,QUAI SAINT BERNARD,M,"48,8494050","2,3567840",75,2019,50.0,1.0,2.0,4.0,2156061,10.0,3,4,1,5.0,,2.0,A,1992.0,Z01,138Â 294Â 970,8.0,0.0,-1.0,1646348,1.0,10,,0.0,1.0,2.0,Z01,138Â 294Â 970,0.0
964613,201900006144,2,11,22:50,5,2,3,1.0,3.0,75120,AVENUE DE LA PORTE DE BAGNOLET,M,"48,8647820","2,4101150",75,2019,50.0,1.0,1.0,4.0,2156062,1.0,1,4,1,9.0,,0.0,0,1989.0,B01,138Â 294Â 968,2.0,0.0,-1.0,1646349,2.0,32,,0.0,2.0,0.0,B01,138Â 294Â 968,1.0
964613,201900006144,2,11,22:50,5,2,3,1.0,3.0,75120,AVENUE DE LA PORTE DE BAGNOLET,M,"48,8647820","2,4101150",75,2019,50.0,1.0,1.0,4.0,2156062,1.0,1,4,1,9.0,,0.0,0,1989.0,B01,138Â 294Â 968,2.0,0.0,-1.0,1646350,2.0,7,,0.0,2.0,7.0,A01,138Â 294Â 969,1.0
964613,201900006144,2,11,22:50,5,2,3,1.0,3.0,75120,AVENUE DE LA PORTE DE BAGNOLET,M,"48,8647820","2,4101150",75,2019,50.0,1.0,1.0,4.0,2156063,1.0,1,1,2,0.0,,0.0,0,1981.0,A01,138Â 294Â 969,1.0,0.0,-1.0,1646349,2.0,32,,0.0,2.0,0.0,B01,138Â 294Â 968,1.0
964613,201900006144,2,11,22:50,5,2,3,1.0,3.0,75120,AVENUE DE LA PORTE DE BAGNOLET,M,"48,8647820","2,4101150",75,2019,50.0,1.0,1.0,4.0,2156063,1.0,1,1,2,0.0,,0.0,0,1981.0,A01,138Â 294Â 969,1.0,0.0,-1.0,1646350,2.0,7,,0.0,2.0,7.0,A01,138Â 294Â 969,1.0
964614,201900006145,2,11,17:00,1,2,3,1.0,6.0,75120,RUE JOUYE ROUVE,M,"48,8733990","2,3825980",75,2019,50.0,1.0,1.0,4.0,2156064,10.0,3,4,1,0.0,,3.0,3,1990.0,A01,138Â 294Â 967,8.0,0.0,-1.0,1646351,1.0,7,,0.0,1.0,2.0,A01,138Â 294Â 967,1.0
964614,201900006145,2,11,17:00,1,2,3,1.0,6.0,75120,RUE JOUYE ROUVE,M,"48,8733990","2,3825980",75,2019,50.0,1.0,1.0,4.0,2156065,1.0,1,1,2,0.0,,0.0,0,1958.0,A01,138Â 294Â 967,8.0,0.0,-1.0,1646351,1.0,7,,0.0,1.0,2.0,A01,138Â 294Â 967,1.0
964615,201900006146,2,11,09:42,1,2,3,1.0,1.0,75120,RUE LOUIS LUMIERE,M,"48,8625850","2,4109080",75,2019,30.0,1.0,1.0,4.0,2156066,1.0,1,1,2,0.0,,0.0,0,1995.0,A01,138Â 294Â 965,1.0,0.0,-1.0,1646352,1.0,7,,0.0,2.0,1.0,A01,138Â 294Â 965,1.0
964615,201900006146,2,11,09:42,1,2,3,1.0,1.0,75120,RUE LOUIS LUMIERE,M,"48,8625850","2,4109080",75,2019,30.0,1.0,1.0,4.0,2156066,1.0,1,1,2,0.0,,0.0,0,1995.0,A01,138Â 294Â 965,1.0,0.0,-1.0,1646353,1.0,1,,0.0,2.0,1.0,B01,138Â 294Â 966,5.0
964615,201900006146,2,11,09:42,1,2,3,1.0,1.0,75120,RUE LOUIS LUMIERE,M,"48,8625850","2,4109080",75,2019,30.0,1.0,1.0,4.0,2156067,1.0,1,4,1,4.0,,0.0,0,1985.0,B01,138Â 294Â 966,2.0,6.0,-1.0,1646352,1.0,7,,0.0,2.0,1.0,A01,138Â 294Â 965,1.0
964615,201900006146,2,11,09:42,1,2,3,1.0,1.0,75120,RUE LOUIS LUMIERE,M,"48,8625850","2,4109080",75,2019,30.0,1.0,1.0,4.0,2156067,1.0,1,4,1,4.0,,0.0,0,1985.0,B01,138Â 294Â 966,2.0,6.0,-1.0,1646353,1.0,1,,0.0,2.0,1.0,B01,138Â 294Â 966,5.0
964616,201900006147,2,8,17:20,1,2,7,1.0,3.0,75112,AVENUE DE LA PORTE DE VINCENNES,M,"48,8464520","2,4149920",75,2019,50.0,1.0,1.0,4.0,2156068,1.0,1,1,2,5.0,,0.0,0,1997.0,A01,138Â 294Â 963,1.0,0.0,-1.0,1646354,1.0,7,,0.0,2.0,3.0,A01,138Â 294Â 963,1.0
964616,201900006147,2,8,17:20,1,2,7,1.0,3.0,75112,AVENUE DE LA PORTE DE VINCENNES,M,"48,8464520","2,4149920",75,2019,50.0,1.0,1.0,4.0,2156068,1.0,1,1,2,5.0,,0.0,0,1997.0,A01,138Â 294Â 963,1.0,0.0,-1.0,1646355,1.0,2,,0.0,2.0,6.0,B01,138Â 294Â 964,1.0
964616,201900006147,2,8,17:20,1,2,7,1.0,3.0,75112,AVENUE DE LA PORTE DE VINCENNES,M,"48,8464520","2,4149920",75,2019,50.0,1.0,1.0,4.0,2156069,1.0,1,4,1,9.0,,0.0,0,1998.0,B01,138Â 294Â 964,2.0,6.0,-1.0,1646354,1.0,7,,0.0,2.0,3.0,A01,138Â 294Â 963,1.0
964616,201900006147,2,8,17:20,1,2,7,1.0,3.0,75112,AVENUE DE LA PORTE DE VINCENNES,M,"48,8464520","2,4149920",75,2019,50.0,1.0,1.0,4.0,2156069,1.0,1,4,1,9.0,,0.0,0,1998.0,B01,138Â 294Â 964,2.0,6.0,-1.0,1646355,1.0,2,,0.0,2.0,6.0,B01,138Â 294Â 964,1.0