Unnamed: 0_x,num_acc,mois,jour,hrmn,lum,agg,int,atm,col,com,adr,gps,lat,long,dep,annee,vma,situ,surf,catr,Unnamed: 0_y,place,catu,grav,sexe,trajet,secu,locp,actp,an_nais,num_veh_x,id_vehicule_x,secu1,secu2,secu3,Unnamed: 0,senc,catv,occutc,obs,obsm,choc,num_veh_y,id_vehicule_y,motor
964617,201900006148,2,10,00:36,5,2,7,2.0,6.0,75119,PLACE DE LA BATAILLE DE STALINGRAD,M,"48,8840550","2,3688460",75,2019,40.0,1.0,2.0,4.0,2156070,10.0,3,4,1,5.0,,4.0,3,1974.0,A01,138Â 294Â 962,8.0,0.0,-1.0,1646356,3.0,7,,0.0,1.0,3.0,A01,138Â 294Â 962,1.0
964617,201900006148,2,10,00:36,5,2,7,2.0,6.0,75119,PLACE DE LA BATAILLE DE STALINGRAD,M,"48,8840550","2,3688460",75,2019,40.0,1.0,2.0,4.0,2156071,1.0,1,1,1,5.0,,0.0,0,1973.0,A01,138Â 294Â 962,1.0,0.0,-1.0,1646356,3.0,7,,0.0,1.0,3.0,A01,138Â 294Â 962,1.0
964618,201900006149,2,9,01:45,5,2,4,2.0,6.0,75119,RUE D AUBERVILLIERS,M,"48,8945050","2,3705520",75,2019,50.0,1.0,2.0,4.0,2156072,10.0,3,4,1,5.0,,4.0,3,1987.0,Z01,138Â 294Â 961,8.0,0.0,-1.0,1646357,1.0,7,,0.0,1.0,1.0,Z01,138Â 294Â 961,1.0
964619,201900006150,2,8,22:05,5,2,7,3.0,6.0,75119,PLACE DU COLONEL FABIEN,M,"48,8780370","2,3706910",75,2019,50.0,1.0,2.0,4.0,2156073,1.0,1,4,1,1.0,,0.0,0,1960.0,A01,138Â 294Â 960,2.0,6.0,-1.0,1646358,1.0,7,,0.0,2.0,1.0,Z01,138Â 294Â 959,0.0
964619,201900006150,2,8,22:05,5,2,7,3.0,6.0,75119,PLACE DU COLONEL FABIEN,M,"48,8780370","2,3706910",75,2019,50.0,1.0,2.0,4.0,2156073,1.0,1,4,1,1.0,,0.0,0,1960.0,A01,138Â 294Â 960,2.0,6.0,-1.0,1646359,1.0,32,,0.0,2.0,4.0,A01,138Â 294Â 960,1.0
964620,201900006151,2,7,10:45,1,2,1,1.0,3.0,75119,BOULEVARD MACDONALD,M,"48,8988500","2,3773060",75,2019,50.0,1.0,1.0,4.0,2156074,1.0,1,1,1,4.0,,0.0,0,1986.0,A01,138Â 294Â 957,1.0,0.0,-1.0,1646360,1.0,10,,0.0,2.0,2.0,A01,138Â 294Â 957,1.0
964620,201900006151,2,7,10:45,1,2,1,1.0,3.0,75119,BOULEVARD MACDONALD,M,"48,8988500","2,3773060",75,2019,50.0,1.0,1.0,4.0,2156074,1.0,1,1,1,4.0,,0.0,0,1986.0,A01,138Â 294Â 957,1.0,0.0,-1.0,1646361,1.0,32,,0.0,2.0,3.0,B01,138Â 294Â 958,1.0
964620,201900006151,2,7,10:45,1,2,1,1.0,3.0,75119,BOULEVARD MACDONALD,M,"48,8988500","2,3773060",75,2019,50.0,1.0,1.0,4.0,2156075,1.0,1,3,1,1.0,,0.0,0,1966.0,B01,138Â 294Â 958,2.0,6.0,-1.0,1646360,1.0,10,,0.0,2.0,2.0,A01,138Â 294Â 957,1.0
964620,201900006151,2,7,10:45,1,2,1,1.0,3.0,75119,BOULEVARD MACDONALD,M,"48,8988500","2,3773060",75,2019,50.0,1.0,1.0,4.0,2156075,1.0,1,3,1,1.0,,0.0,0,1966.0,B01,138Â 294Â 958,2.0,6.0,-1.0,1646361,1.0,32,,0.0,2.0,3.0,B01,138Â 294Â 958,1.0
964621,201900006152,2,11,08:45,1,2,1,1.0,6.0,75118,BOULEVARD DE ROCHECHOUART,M,"48,8824090","2,3417700",75,2019,30.0,4.0,1.0,4.0,2156076,1.0,1,4,1,4.0,,0.0,0,1974.0,A01,138Â 294Â 956,8.0,0.0,-1.0,1646362,1.0,99,,12.0,0.0,2.0,A01,138Â 294Â 956,1.0
964622,201900006153,2,8,23:00,5,2,5,2.0,6.0,75118,AVENUE DE LA PORTE DE SAINT OUEN,M,"48,8977310","2,3290270",75,2019,50.0,1.0,2.0,4.0,2156077,2.0,2,4,2,5.0,,0.0,0,1984.0,A01,138Â 294Â 955,1.0,0.0,-1.0,1646363,2.0,7,,0.0,2.0,1.0,Z01,138Â 294Â 954,1.0
964622,201900006153,2,8,23:00,5,2,5,2.0,6.0,75118,AVENUE DE LA PORTE DE SAINT OUEN,M,"48,8977310","2,3290270",75,2019,50.0,1.0,2.0,4.0,2156077,2.0,2,4,2,5.0,,0.0,0,1984.0,A01,138Â 294Â 955,1.0,0.0,-1.0,1646364,2.0,7,,0.0,2.0,5.0,A01,138Â 294Â 955,1.0
964622,201900006153,2,8,23:00,5,2,5,2.0,6.0,75118,AVENUE DE LA PORTE DE SAINT OUEN,M,"48,8977310","2,3290270",75,2019,50.0,1.0,2.0,4.0,2156078,1.0,1,1,2,9.0,,0.0,0,1990.0,A01,138Â 294Â 955,1.0,0.0,-1.0,1646363,2.0,7,,0.0,2.0,1.0,Z01,138Â 294Â 954,1.0
964622,201900006153,2,8,23:00,5,2,5,2.0,6.0,75118,AVENUE DE LA PORTE DE SAINT OUEN,M,"48,8977310","2,3290270",75,2019,50.0,1.0,2.0,4.0,2156078,1.0,1,1,2,9.0,,0.0,0,1990.0,A01,138Â 294Â 955,1.0,0.0,-1.0,1646364,2.0,7,,0.0,2.0,5.0,A01,138Â 294Â 955,1.0
964623,201900006154,2,11,11:20,1,2,2,1.0,6.0,75117,AVENUE DES TERNES,M,"48,8786500","2,2942140",75,2019,50.0,1.0,1.0,4.0,2156079,10.0,3,4,1,9.0,,4.0,3,1997.0,A01,138Â 294Â 952,8.0,0.0,-1.0,1646365,2.0,34,,0.0,1.0,2.0,A01,138Â 294Â 952,1.0
964623,201900006154,2,11,11:20,1,2,2,1.0,6.0,75117,AVENUE DES TERNES,M,"48,8786500","2,2942140",75,2019,50.0,1.0,1.0,4.0,2156080,1.0,1,1,1,1.0,,0.0,0,1975.0,A01,138Â 294Â 952,2.0,8.0,-1.0,1646365,2.0,34,,0.0,1.0,2.0,A01,138Â 294Â 952,1.0
964624,201900006155,2,9,13:20,1,2,7,1.0,3.0,75117,PLACE DU MARECHAL JUIN,M,"48,8850250","2,2966250",75,2019,30.0,1.0,1.0,4.0,2156081,1.0,1,1,2,5.0,,0.0,0,1972.0,A01,138Â 294Â 950,1.0,0.0,-1.0,1646366,1.0,7,,0.0,2.0,1.0,A01,138Â 294Â 950,1.0
964624,201900006155,2,9,13:20,1,2,7,1.0,3.0,75117,PLACE DU MARECHAL JUIN,M,"48,8850250","2,2966250",75,2019,30.0,1.0,1.0,4.0,2156081,1.0,1,1,2,5.0,,0.0,0,1972.0,A01,138Â 294Â 950,1.0,0.0,-1.0,1646367,3.0,60,,0.0,2.0,0.0,B01,138Â 294Â 951,5.0
964624,201900006155,2,9,13:20,1,2,7,1.0,3.0,75117,PLACE DU MARECHAL JUIN,M,"48,8850250","2,2966250",75,2019,30.0,1.0,1.0,4.0,2156082,1.0,1,4,1,5.0,,0.0,0,2006.0,B01,138Â 294Â 951,8.0,0.0,-1.0,1646366,1.0,7,,0.0,2.0,1.0,A01,138Â 294Â 950,1.0
964624,201900006155,2,9,13:20,1,2,7,1.0,3.0,75117,PLACE DU MARECHAL JUIN,M,"48,8850250","2,2966250",75,2019,30.0,1.0,1.0,4.0,2156082,1.0,1,4,1,5.0,,0.0,0,2006.0,B01,138Â 294Â 951,8.0,0.0,-1.0,1646367,3.0,60,,0.0,2.0,0.0,B01,138Â 294Â 951,5.0
964625,201900006156,2,7,11:50,1,2,5,1.0,3.0,75117,AVENUE DE LA PORTE D ASNIERES,M,"48,8922750","2,3010170",75,2019,50.0,1.0,1.0,4.0,2156083,1.0,1,4,1,1.0,,0.0,0,1964.0,B01,138Â 294Â 948,2.0,6.0,-1.0,1646368,1.0,43,,0.0,2.0,8.0,B01,138Â 294Â 948,1.0
964625,201900006156,2,7,11:50,1,2,5,1.0,3.0,75117,AVENUE DE LA PORTE D ASNIERES,M,"48,8922750","2,3010170",75,2019,50.0,1.0,1.0,4.0,2156083,1.0,1,4,1,1.0,,0.0,0,1964.0,B01,138Â 294Â 948,2.0,6.0,-1.0,1646369,1.0,7,,0.0,2.0,2.0,A01,138Â 294Â 949,1.0
964625,201900006156,2,7,11:50,1,2,5,1.0,3.0,75117,AVENUE DE LA PORTE D ASNIERES,M,"48,8922750","2,3010170",75,2019,50.0,1.0,1.0,4.0,2156084,1.0,1,1,2,0.0,,0.0,0,1961.0,A01,138Â 294Â 949,1.0,0.0,-1.0,1646368,1.0,43,,0.0,2.0,8.0,B01,138Â 294Â 948,1.0
964625,201900006156,2,7,11:50,1,2,5,1.0,3.0,75117,AVENUE DE LA PORTE D ASNIERES,M,"48,8922750","2,3010170",75,2019,50.0,1.0,1.0,4.0,2156084,1.0,1,1,2,0.0,,0.0,0,1961.0,A01,138Â 294Â 949,1.0,0.0,-1.0,1646369,1.0,7,,0.0,2.0,2.0,A01,138Â 294Â 949,1.0
964626,201900006157,2,12,19:30,5,2,7,1.0,6.0,75116,AVENUE VICTOR HUGO,M,"48,8729750","2,2931280",75,2019,50.0,1.0,1.0,4.0,2156085,10.0,3,4,1,4.0,,2.0,3,1961.0,A01,138Â 294Â 947,8.0,0.0,-1.0,1646370,1.0,43,,0.0,1.0,1.0,A01,138Â 294Â 947,1.0
964626,201900006157,2,12,19:30,5,2,7,1.0,6.0,75116,AVENUE VICTOR HUGO,M,"48,8729750","2,2931280",75,2019,50.0,1.0,1.0,4.0,2156086,1.0,1,1,1,4.0,,0.0,0,1986.0,A01,138Â 294Â 947,2.0,6.0,-1.0,1646370,1.0,43,,0.0,1.0,1.0,A01,138Â 294Â 947,1.0
964627,201900006158,2,9,18:30,2,2,7,1.0,3.0,75116,ROUTE DE SURESNES,M,"48,8685010","2,2653320",75,2019,50.0,1.0,1.0,4.0,2156087,1.0,1,4,2,5.0,,0.0,0,1956.0,B01,138Â 294Â 945,2.0,0.0,-1.0,1646371,2.0,1,,0.0,2.0,1.0,B01,138Â 294Â 945,5.0
964627,201900006158,2,9,18:30,2,2,7,1.0,3.0,75116,ROUTE DE SURESNES,M,"48,8685010","2,2653320",75,2019,50.0,1.0,1.0,4.0,2156087,1.0,1,4,2,5.0,,0.0,0,1956.0,B01,138Â 294Â 945,2.0,0.0,-1.0,1646372,2.0,10,,0.0,2.0,2.0,A01,138Â 294Â 946,1.0
964627,201900006158,2,9,18:30,2,2,7,1.0,3.0,75116,ROUTE DE SURESNES,M,"48,8685010","2,2653320",75,2019,50.0,1.0,1.0,4.0,2156088,1.0,1,1,1,5.0,,0.0,0,1976.0,A01,138Â 294Â 946,1.0,0.0,-1.0,1646371,2.0,1,,0.0,2.0,1.0,B01,138Â 294Â 945,5.0
964627,201900006158,2,9,18:30,2,2,7,1.0,3.0,75116,ROUTE DE SURESNES,M,"48,8685010","2,2653320",75,2019,50.0,1.0,1.0,4.0,2156088,1.0,1,1,1,5.0,,0.0,0,1976.0,A01,138Â 294Â 946,1.0,0.0,-1.0,1646372,2.0,10,,0.0,2.0,2.0,A01,138Â 294Â 946,1.0
964628,201900006159,2,8,11:35,1,2,1,1.0,2.0,75116,AVENUE DE NEW YORK,M,"48,8636850","2,2977740",75,2019,50.0,1.0,1.0,4.0,2156089,1.0,1,1,1,4.0,,0.0,0,1994.0,B01,138Â 294Â 943,1.0,0.0,-1.0,1646373,1.0,10,,0.0,2.0,5.0,B01,138Â 294Â 943,1.0
964628,201900006159,2,8,11:35,1,2,1,1.0,2.0,75116,AVENUE DE NEW YORK,M,"48,8636850","2,2977740",75,2019,50.0,1.0,1.0,4.0,2156089,1.0,1,1,1,4.0,,0.0,0,1994.0,B01,138Â 294Â 943,1.0,0.0,-1.0,1646374,1.0,1,,0.0,2.0,3.0,A01,138Â 294Â 944,5.0
964628,201900006159,2,8,11:35,1,2,1,1.0,2.0,75116,AVENUE DE NEW YORK,M,"48,8636850","2,2977740",75,2019,50.0,1.0,1.0,4.0,2156090,1.0,1,4,1,5.0,,0.0,0,1948.0,A01,138Â 294Â 944,2.0,0.0,-1.0,1646373,1.0,10,,0.0,2.0,5.0,B01,138Â 294Â 943,1.0
964628,201900006159,2,8,11:35,1,2,1,1.0,2.0,75116,AVENUE DE NEW YORK,M,"48,8636850","2,2977740",75,2019,50.0,1.0,1.0,4.0,2156090,1.0,1,4,1,5.0,,0.0,0,1948.0,A01,138Â 294Â 944,2.0,0.0,-1.0,1646374,1.0,1,,0.0,2.0,3.0,A01,138Â 294Â 944,5.0
964629,201900006160,2,8,12:10,1,2,5,8.0,6.0,75116,RUE SINGER,M,"48,8561790","2,2778650",75,2019,50.0,1.0,1.0,4.0,2156091,10.0,3,4,2,0.0,,3.0,3,1920.0,A01,138Â 294Â 942,8.0,0.0,-1.0,1646375,1.0,7,,0.0,1.0,7.0,A01,138Â 294Â 942,1.0
964629,201900006160,2,8,12:10,1,2,5,8.0,6.0,75116,RUE SINGER,M,"48,8561790","2,2778650",75,2019,50.0,1.0,1.0,4.0,2156092,1.0,1,1,2,0.0,,0.0,0,1964.0,A01,138Â 294Â 942,1.0,0.0,-1.0,1646375,1.0,7,,0.0,1.0,7.0,A01,138Â 294Â 942,1.0
964630,201900006161,2,12,11:00,1,2,1,1.0,3.0,75115,BOULEVARD DE VAUGIRARD,M,"48,8408240","2,3163810",75,2019,50.0,1.0,1.0,4.0,2156093,1.0,1,1,1,4.0,,0.0,0,1990.0,A01,138Â 294Â 940,1.0,0.0,-1.0,1646376,2.0,10,,0.0,2.0,3.0,A01,138Â 294Â 940,1.0
964630,201900006161,2,12,11:00,1,2,1,1.0,3.0,75115,BOULEVARD DE VAUGIRARD,M,"48,8408240","2,3163810",75,2019,50.0,1.0,1.0,4.0,2156093,1.0,1,1,1,4.0,,0.0,0,1990.0,A01,138Â 294Â 940,1.0,0.0,-1.0,1646377,2.0,1,,0.0,2.0,1.0,B01,138Â 294Â 941,5.0
964630,201900006161,2,12,11:00,1,2,1,1.0,3.0,75115,BOULEVARD DE VAUGIRARD,M,"48,8408240","2,3163810",75,2019,50.0,1.0,1.0,4.0,2156094,1.0,1,4,2,5.0,,0.0,0,1995.0,B01,138Â 294Â 941,2.0,0.0,-1.0,1646376,2.0,10,,0.0,2.0,3.0,A01,138Â 294Â 940,1.0
964630,201900006161,2,12,11:00,1,2,1,1.0,3.0,75115,BOULEVARD DE VAUGIRARD,M,"48,8408240","2,3163810",75,2019,50.0,1.0,1.0,4.0,2156094,1.0,1,4,2,5.0,,0.0,0,1995.0,B01,138Â 294Â 941,2.0,0.0,-1.0,1646377,2.0,1,,0.0,2.0,1.0,B01,138Â 294Â 941,5.0
964631,201900006162,2,10,12:45,1,2,2,8.0,5.0,75115,RUE DE LOURMEL,M,"48,8481020","2,2901760",75,2019,50.0,1.0,2.0,4.0,2156095,1.0,1,1,2,5.0,,0.0,0,1956.0,C01,138Â 294Â 937,1.0,0.0,-1.0,1646378,1.0,7,,0.0,2.0,6.0,C01,138Â 294Â 937,1.0
964631,201900006162,2,10,12:45,1,2,2,8.0,5.0,75115,RUE DE LOURMEL,M,"48,8481020","2,2901760",75,2019,50.0,1.0,2.0,4.0,2156095,1.0,1,1,2,5.0,,0.0,0,1956.0,C01,138Â 294Â 937,1.0,0.0,-1.0,1646379,1.0,31,,0.0,2.0,3.0,B01,138Â 294Â 938,1.0
964631,201900006162,2,10,12:45,1,2,2,8.0,5.0,75115,RUE DE LOURMEL,M,"48,8481020","2,2901760",75,2019,50.0,1.0,2.0,4.0,2156095,1.0,1,1,2,5.0,,0.0,0,1956.0,C01,138Â 294Â 937,1.0,0.0,-1.0,1646380,1.0,7,,0.0,2.0,6.0,A01,138Â 294Â 939,1.0
964631,201900006162,2,10,12:45,1,2,2,8.0,5.0,75115,RUE DE LOURMEL,M,"48,8481020","2,2901760",75,2019,50.0,1.0,2.0,4.0,2156096,1.0,1,4,1,5.0,,0.0,0,1984.0,B01,138Â 294Â 938,2.0,6.0,-1.0,1646378,1.0,7,,0.0,2.0,6.0,C01,138Â 294Â 937,1.0
964631,201900006162,2,10,12:45,1,2,2,8.0,5.0,75115,RUE DE LOURMEL,M,"48,8481020","2,2901760",75,2019,50.0,1.0,2.0,4.0,2156096,1.0,1,4,1,5.0,,0.0,0,1984.0,B01,138Â 294Â 938,2.0,6.0,-1.0,1646379,1.0,31,,0.0,2.0,3.0,B01,138Â 294Â 938,1.0
964631,201900006162,2,10,12:45,1,2,2,8.0,5.0,75115,RUE DE LOURMEL,M,"48,8481020","2,2901760",75,2019,50.0,1.0,2.0,4.0,2156096,1.0,1,4,1,5.0,,0.0,0,1984.0,B01,138Â 294Â 938,2.0,6.0,-1.0,1646380,1.0,7,,0.0,2.0,6.0,A01,138Â 294Â 939,1.0
964631,201900006162,2,10,12:45,1,2,2,8.0,5.0,75115,RUE DE LOURMEL,M,"48,8481020","2,2901760",75,2019,50.0,1.0,2.0,4.0,2156097,3.0,2,1,1,5.0,,0.0,0,2007.0,A01,138Â 294Â 939,1.0,0.0,-1.0,1646378,1.0,7,,0.0,2.0,6.0,C01,138Â 294Â 937,1.0
964631,201900006162,2,10,12:45,1,2,2,8.0,5.0,75115,RUE DE LOURMEL,M,"48,8481020","2,2901760",75,2019,50.0,1.0,2.0,4.0,2156097,3.0,2,1,1,5.0,,0.0,0,2007.0,A01,138Â 294Â 939,1.0,0.0,-1.0,1646379,1.0,31,,0.0,2.0,3.0,B01,138Â 294Â 938,1.0
964631,201900006162,2,10,12:45,1,2,2,8.0,5.0,75115,RUE DE LOURMEL,M,"48,8481020","2,2901760",75,2019,50.0,1.0,2.0,4.0,2156097,3.0,2,1,1,5.0,,0.0,0,2007.0,A01,138Â 294Â 939,1.0,0.0,-1.0,1646380,1.0,7,,0.0,2.0,6.0,A01,138Â 294Â 939,1.0
964631,201900006162,2,10,12:45,1,2,2,8.0,5.0,75115,RUE DE LOURMEL,M,"48,8481020","2,2901760",75,2019,50.0,1.0,2.0,4.0,2156098,1.0,1,1,1,5.0,,0.0,0,1968.0,A01,138Â 294Â 939,1.0,0.0,-1.0,1646378,1.0,7,,0.0,2.0,6.0,C01,138Â 294Â 937,1.0
964631,201900006162,2,10,12:45,1,2,2,8.0,5.0,75115,RUE DE LOURMEL,M,"48,8481020","2,2901760",75,2019,50.0,1.0,2.0,4.0,2156098,1.0,1,1,1,5.0,,0.0,0,1968.0,A01,138Â 294Â 939,1.0,0.0,-1.0,1646379,1.0,31,,0.0,2.0,3.0,B01,138Â 294Â 938,1.0
964631,201900006162,2,10,12:45,1,2,2,8.0,5.0,75115,RUE DE LOURMEL,M,"48,8481020","2,2901760",75,2019,50.0,1.0,2.0,4.0,2156098,1.0,1,1,1,5.0,,0.0,0,1968.0,A01,138Â 294Â 939,1.0,0.0,-1.0,1646380,1.0,7,,0.0,2.0,6.0,A01,138Â 294Â 939,1.0
964632,201900006163,2,7,21:15,5,2,2,8.0,6.0,75115,AVENUE FELIX FAURE,M,"48,8420820","2,2903770",75,2019,50.0,1.0,2.0,4.0,2156099,1.0,1,4,1,4.0,,0.0,0,2000.0,A01,138Â 294Â 935,2.0,6.0,-1.0,1646381,1.0,30,,0.0,2.0,1.0,A01,138Â 294Â 935,1.0
964632,201900006163,2,7,21:15,5,2,2,8.0,6.0,75115,AVENUE FELIX FAURE,M,"48,8420820","2,2903770",75,2019,50.0,1.0,2.0,4.0,2156099,1.0,1,4,1,4.0,,0.0,0,2000.0,A01,138Â 294Â 935,2.0,6.0,-1.0,1646382,1.0,2,,0.0,2.0,0.0,Z01,138Â 294Â 936,0.0
964633,201900006164,2,7,10:00,1,2,4,1.0,6.0,75115,RUE DE LA FEDERATION,M,"48,8527990","2,2983400",75,2019,30.0,1.0,1.0,4.0,2156100,10.0,3,4,1,1.0,,3.0,3,1986.0,A01,138Â 294Â 934,8.0,0.0,-1.0,1646383,1.0,10,,0.0,1.0,1.0,A01,138Â 294Â 934,1.0
964633,201900006164,2,7,10:00,1,2,4,1.0,6.0,75115,RUE DE LA FEDERATION,M,"48,8527990","2,2983400",75,2019,30.0,1.0,1.0,4.0,2156101,1.0,1,1,1,1.0,,0.0,0,1970.0,A01,138Â 294Â 934,1.0,0.0,-1.0,1646383,1.0,10,,0.0,1.0,1.0,A01,138Â 294Â 934,1.0
964634,201900006165,2,6,12:15,1,2,3,1.0,6.0,75115,RUE DE LOURMEL,M,"48,8428270","2,2861850",75,2019,50.0,1.0,1.0,4.0,2156102,2.0,1,4,2,5.0,,0.0,0,1954.0,A01,138Â 294Â 932,2.0,0.0,-1.0,1646384,1.0,1,,0.0,2.0,2.0,A01,138Â 294Â 932,5.0
964634,201900006165,2,6,12:15,1,2,3,1.0,6.0,75115,RUE DE LOURMEL,M,"48,8428270","2,2861850",75,2019,50.0,1.0,1.0,4.0,2156102,2.0,1,4,2,5.0,,0.0,0,1954.0,A01,138Â 294Â 932,2.0,0.0,-1.0,1646385,2.0,30,,0.0,2.0,2.0,Z01,138Â 294Â 933,0.0
964635,201900006166,2,12,19:30,5,2,1,1.0,6.0,75114,BOULEVARD JOURDAN,M,"48,8195120","2,3430980",75,2019,50.0,5.0,1.0,4.0,2156103,1.0,1,4,1,1.0,,0.0,0,1960.0,A01,138Â 294Â 931,2.0,0.0,-1.0,1646386,2.0,1,,0.0,1.0,1.0,A01,138Â 294Â 931,5.0
964635,201900006166,2,12,19:30,5,2,1,1.0,6.0,75114,BOULEVARD JOURDAN,M,"48,8195120","2,3430980",75,2019,50.0,5.0,1.0,4.0,2156104,10.0,3,4,1,1.0,,2.0,3,1952.0,A01,138Â 294Â 931,8.0,0.0,-1.0,1646386,2.0,1,,0.0,1.0,1.0,A01,138Â 294Â 931,5.0
964636,201900006167,2,10,10:40,1,2,2,2.0,6.0,75114,RUE DU FAUBOURG SAINT JACQUES,M,"48,8333270","2,3361660",75,2019,50.0,1.0,2.0,4.0,2156105,10.0,3,4,2,5.0,,4.0,3,1936.0,A01,138Â 294Â 930,8.0,0.0,-1.0,1646387,1.0,10,,0.0,1.0,2.0,A01,138Â 294Â 930,1.0
964636,201900006167,2,10,10:40,1,2,2,2.0,6.0,75114,RUE DU FAUBOURG SAINT JACQUES,M,"48,8333270","2,3361660",75,2019,50.0,1.0,2.0,4.0,2156106,1.0,1,1,1,4.0,,0.0,0,2000.0,A01,138Â 294Â 930,1.0,0.0,-1.0,1646387,1.0,10,,0.0,1.0,2.0,A01,138Â 294Â 930,1.0
964637,201900006168,2,7,12:25,1,2,2,1.0,5.0,75114,AVENUE DU GENERAL LECLERC,M,"48,8300670","2,3288170",75,2019,50.0,1.0,1.0,4.0,2156107,1.0,1,1,2,1.0,,0.0,0,1976.0,C01,138Â 294Â 927,0.0,0.0,-1.0,1646388,2.0,50,,0.0,2.0,1.0,C01,138Â 294Â 927,3.0
964637,201900006168,2,7,12:25,1,2,2,1.0,5.0,75114,AVENUE DU GENERAL LECLERC,M,"48,8300670","2,3288170",75,2019,50.0,1.0,1.0,4.0,2156107,1.0,1,1,2,1.0,,0.0,0,1976.0,C01,138Â 294Â 927,0.0,0.0,-1.0,1646389,1.0,33,,1.0,2.0,1.0,B01,138Â 294Â 928,1.0
964637,201900006168,2,7,12:25,1,2,2,1.0,5.0,75114,AVENUE DU GENERAL LECLERC,M,"48,8300670","2,3288170",75,2019,50.0,1.0,1.0,4.0,2156107,1.0,1,1,2,1.0,,0.0,0,1976.0,C01,138Â 294Â 927,0.0,0.0,-1.0,1646390,1.0,10,,0.0,2.0,3.0,A01,138Â 294Â 929,3.0
964637,201900006168,2,7,12:25,1,2,2,1.0,5.0,75114,AVENUE DU GENERAL LECLERC,M,"48,8300670","2,3288170",75,2019,50.0,1.0,1.0,4.0,2156108,1.0,1,4,2,0.0,,0.0,0,1997.0,B01,138Â 294Â 928,2.0,6.0,-1.0,1646388,2.0,50,,0.0,2.0,1.0,C01,138Â 294Â 927,3.0
964637,201900006168,2,7,12:25,1,2,2,1.0,5.0,75114,AVENUE DU GENERAL LECLERC,M,"48,8300670","2,3288170",75,2019,50.0,1.0,1.0,4.0,2156108,1.0,1,4,2,0.0,,0.0,0,1997.0,B01,138Â 294Â 928,2.0,6.0,-1.0,1646389,1.0,33,,1.0,2.0,1.0,B01,138Â 294Â 928,1.0
964637,201900006168,2,7,12:25,1,2,2,1.0,5.0,75114,AVENUE DU GENERAL LECLERC,M,"48,8300670","2,3288170",75,2019,50.0,1.0,1.0,4.0,2156108,1.0,1,4,2,0.0,,0.0,0,1997.0,B01,138Â 294Â 928,2.0,6.0,-1.0,1646390,1.0,10,,0.0,2.0,3.0,A01,138Â 294Â 929,3.0
964637,201900006168,2,7,12:25,1,2,2,1.0,5.0,75114,AVENUE DU GENERAL LECLERC,M,"48,8300670","2,3288170",75,2019,50.0,1.0,1.0,4.0,2156109,1.0,1,1,1,4.0,,0.0,0,1996.0,A01,138Â 294Â 929,1.0,0.0,-1.0,1646388,2.0,50,,0.0,2.0,1.0,C01,138Â 294Â 927,3.0
964637,201900006168,2,7,12:25,1,2,2,1.0,5.0,75114,AVENUE DU GENERAL LECLERC,M,"48,8300670","2,3288170",75,2019,50.0,1.0,1.0,4.0,2156109,1.0,1,1,1,4.0,,0.0,0,1996.0,A01,138Â 294Â 929,1.0,0.0,-1.0,1646389,1.0,33,,1.0,2.0,1.0,B01,138Â 294Â 928,1.0
964637,201900006168,2,7,12:25,1,2,2,1.0,5.0,75114,AVENUE DU GENERAL LECLERC,M,"48,8300670","2,3288170",75,2019,50.0,1.0,1.0,4.0,2156109,1.0,1,1,1,4.0,,0.0,0,1996.0,A01,138Â 294Â 929,1.0,0.0,-1.0,1646390,1.0,10,,0.0,2.0,3.0,A01,138Â 294Â 929,3.0
964638,201900006169,2,7,11:30,1,2,4,1.0,7.0,75114,BOULEVARD RASPAIL,M,"48,8369180","2,3314910",75,2019,50.0,1.0,2.0,4.0,2156110,1.0,1,4,1,5.0,,0.0,0,1987.0,A01,138Â 294Â 926,2.0,6.0,-1.0,1646391,2.0,32,,0.0,0.0,0.0,A01,138Â 294Â 926,1.0
964639,201900006170,2,12,19:50,5,2,1,1.0,6.0,75114,RUE DE COULMIERS,M,"48,8252830","2,3219620",75,2019,50.0,1.0,1.0,4.0,2156111,1.0,1,4,1,4.0,,0.0,0,1982.0,A01,138Â 294Â 925,2.0,6.0,-1.0,1646392,1.0,30,,15.0,0.0,1.0,A01,138Â 294Â 925,1.0
964640,201900006171,2,12,11:55,1,2,3,1.0,6.0,75113,AVENUE DE FRANCE,M,"48,8269450","2,3803010",75,2019,50.0,1.0,1.0,4.0,2156112,2.0,2,1,2,5.0,,0.0,0,1969.0,A01,138Â 294Â 923,1.0,0.0,-1.0,1646393,1.0,7,,0.0,2.0,0.0,A01,138Â 294Â 923,1.0
964640,201900006171,2,12,11:55,1,2,3,1.0,6.0,75113,AVENUE DE FRANCE,M,"48,8269450","2,3803010",75,2019,50.0,1.0,1.0,4.0,2156112,2.0,2,1,2,5.0,,0.0,0,1969.0,A01,138Â 294Â 923,1.0,0.0,-1.0,1646394,1.0,1,,12.0,2.0,7.0,B01,138Â 294Â 924,5.0
964640,201900006171,2,12,11:55,1,2,3,1.0,6.0,75113,AVENUE DE FRANCE,M,"48,8269450","2,3803010",75,2019,50.0,1.0,1.0,4.0,2156113,1.0,1,1,1,5.0,,0.0,0,1972.0,A01,138Â 294Â 923,1.0,0.0,-1.0,1646393,1.0,7,,0.0,2.0,0.0,A01,138Â 294Â 923,1.0
964640,201900006171,2,12,11:55,1,2,3,1.0,6.0,75113,AVENUE DE FRANCE,M,"48,8269450","2,3803010",75,2019,50.0,1.0,1.0,4.0,2156113,1.0,1,1,1,5.0,,0.0,0,1972.0,A01,138Â 294Â 923,1.0,0.0,-1.0,1646394,1.0,1,,12.0,2.0,7.0,B01,138Â 294Â 924,5.0