Unnamed: 0_x,num_acc,mois,jour,hrmn,lum,agg,int,atm,col,com,adr,gps,lat,long,dep,annee,vma,situ,surf,catr,Unnamed: 0_y,place,catu,grav,sexe,trajet,secu,locp,actp,an_nais,num_veh_x,id_vehicule_x,secu1,secu2,secu3,Unnamed: 0,senc,catv,occutc,obs,obsm,choc,num_veh_y,id_vehicule_y,motor
964640,201900006171,2,12,11:55,1,2,3,1.0,6.0,75113,AVENUE DE FRANCE,M,"48,8269450","2,3803010",75,2019,50.0,1.0,1.0,4.0,2156114,1.0,1,4,2,5.0,,0.0,0,1974.0,B01,138Â 294Â 924,2.0,0.0,-1.0,1646393,1.0,7,,0.0,2.0,0.0,A01,138Â 294Â 923,1.0
964640,201900006171,2,12,11:55,1,2,3,1.0,6.0,75113,AVENUE DE FRANCE,M,"48,8269450","2,3803010",75,2019,50.0,1.0,1.0,4.0,2156114,1.0,1,4,2,5.0,,0.0,0,1974.0,B01,138Â 294Â 924,2.0,0.0,-1.0,1646394,1.0,1,,12.0,2.0,7.0,B01,138Â 294Â 924,5.0
964641,201900006172,2,11,19:00,5,2,3,1.0,3.0,75113,QUAI FRANCOIS MAURIAC,M,"48,8329760","2,3787690",75,2019,50.0,1.0,1.0,4.0,2156115,1.0,1,1,2,5.0,,0.0,0,1995.0,A01,138Â 294Â 921,1.0,0.0,-1.0,1646395,1.0,7,,0.0,2.0,3.0,A01,138Â 294Â 921,1.0
964641,201900006172,2,11,19:00,5,2,3,1.0,3.0,75113,QUAI FRANCOIS MAURIAC,M,"48,8329760","2,3787690",75,2019,50.0,1.0,1.0,4.0,2156115,1.0,1,1,2,5.0,,0.0,0,1995.0,A01,138Â 294Â 921,1.0,0.0,-1.0,1646396,2.0,1,,0.0,2.0,8.0,B01,138Â 294Â 922,5.0
964641,201900006172,2,11,19:00,5,2,3,1.0,3.0,75113,QUAI FRANCOIS MAURIAC,M,"48,8329760","2,3787690",75,2019,50.0,1.0,1.0,4.0,2156116,1.0,1,4,1,1.0,,0.0,0,1989.0,B01,138Â 294Â 922,2.0,0.0,-1.0,1646395,1.0,7,,0.0,2.0,3.0,A01,138Â 294Â 921,1.0
964641,201900006172,2,11,19:00,5,2,3,1.0,3.0,75113,QUAI FRANCOIS MAURIAC,M,"48,8329760","2,3787690",75,2019,50.0,1.0,1.0,4.0,2156116,1.0,1,4,1,1.0,,0.0,0,1989.0,B01,138Â 294Â 922,2.0,0.0,-1.0,1646396,2.0,1,,0.0,2.0,8.0,B01,138Â 294Â 922,5.0
964642,201900006173,2,11,08:59,1,2,5,1.0,6.0,75113,RUE BOUSSINGAULT,M,"48,8252110","2,3432360",75,2019,50.0,1.0,1.0,4.0,2156117,1.0,1,1,1,1.0,,0.0,0,1971.0,A01,138Â 294Â 920,1.0,0.0,-1.0,1646397,1.0,10,,0.0,1.0,1.0,A01,138Â 294Â 920,1.0
964642,201900006173,2,11,08:59,1,2,5,1.0,6.0,75113,RUE BOUSSINGAULT,M,"48,8252110","2,3432360",75,2019,50.0,1.0,1.0,4.0,2156118,10.0,3,4,2,0.0,,4.0,3,1952.0,A01,138Â 294Â 920,8.0,0.0,-1.0,1646397,1.0,10,,0.0,1.0,1.0,A01,138Â 294Â 920,1.0
964643,201900006174,2,10,00:30,4,2,7,2.0,3.0,75105,PLACE VALHUBERT,M,"48,8437120","2,3645710",75,2019,50.0,6.0,2.0,4.0,2156119,1.0,1,1,1,4.0,,0.0,0,1992.0,B01,138Â 294Â 918,8.0,0.0,-1.0,1646398,2.0,37,1.0,0.0,2.0,3.0,B01,138Â 294Â 918,2.0
964643,201900006174,2,10,00:30,4,2,7,2.0,3.0,75105,PLACE VALHUBERT,M,"48,8437120","2,3645710",75,2019,50.0,6.0,2.0,4.0,2156119,1.0,1,1,1,4.0,,0.0,0,1992.0,B01,138Â 294Â 918,8.0,0.0,-1.0,1646399,2.0,30,,0.0,2.0,1.0,A01,138Â 294Â 919,1.0
964643,201900006174,2,10,00:30,4,2,7,2.0,3.0,75105,PLACE VALHUBERT,M,"48,8437120","2,3645710",75,2019,50.0,6.0,2.0,4.0,2156120,1.0,1,4,1,0.0,,0.0,0,1982.0,A01,138Â 294Â 919,2.0,6.0,-1.0,1646398,2.0,37,1.0,0.0,2.0,3.0,B01,138Â 294Â 918,2.0
964643,201900006174,2,10,00:30,4,2,7,2.0,3.0,75105,PLACE VALHUBERT,M,"48,8437120","2,3645710",75,2019,50.0,6.0,2.0,4.0,2156120,1.0,1,4,1,0.0,,0.0,0,1982.0,A01,138Â 294Â 919,2.0,6.0,-1.0,1646399,2.0,30,,0.0,2.0,1.0,A01,138Â 294Â 919,1.0
964644,201900006175,2,9,12:20,1,2,2,1.0,6.0,75113,BOULEVARD VINCENT AURIOL,M,"48,8327280","2,3621790",75,2019,50.0,1.0,1.0,4.0,2156121,1.0,1,4,1,5.0,,0.0,0,1972.0,A01,138Â 294Â 917,2.0,6.0,-1.0,1646400,2.0,30,,1.0,0.0,8.0,A01,138Â 294Â 917,1.0
964645,201900006176,2,9,02:25,5,2,1,1.0,7.0,75113,QUAI D AUSTERLITZ,M,"48,8400210","2,3705010",75,2019,50.0,1.0,2.0,4.0,2156122,1.0,1,4,1,0.0,,0.0,0,1988.0,A01,138Â 294Â 916,2.0,6.0,-1.0,1646401,2.0,32,,0.0,0.0,0.0,A01,138Â 294Â 916,1.0
964646,201900006177,2,8,08:40,1,2,1,1.0,3.0,75113,QUAI D AUSTERLITZ,M,"48,8431400","2,3662210",75,2019,50.0,5.0,2.0,4.0,2156123,1.0,1,1,1,4.0,,0.0,0,1975.0,A01,138Â 294Â 914,1.0,0.0,-1.0,1646402,2.0,7,,0.0,2.0,2.0,A01,138Â 294Â 914,1.0
964646,201900006177,2,8,08:40,1,2,1,1.0,3.0,75113,QUAI D AUSTERLITZ,M,"48,8431400","2,3662210",75,2019,50.0,5.0,2.0,4.0,2156123,1.0,1,1,1,4.0,,0.0,0,1975.0,A01,138Â 294Â 914,1.0,0.0,-1.0,1646403,1.0,1,,0.0,2.0,7.0,B01,138Â 294Â 915,5.0
964646,201900006177,2,8,08:40,1,2,1,1.0,3.0,75113,QUAI D AUSTERLITZ,M,"48,8431400","2,3662210",75,2019,50.0,5.0,2.0,4.0,2156124,1.0,1,4,1,1.0,,0.0,0,1985.0,B01,138Â 294Â 915,2.0,0.0,-1.0,1646402,2.0,7,,0.0,2.0,2.0,A01,138Â 294Â 914,1.0
964646,201900006177,2,8,08:40,1,2,1,1.0,3.0,75113,QUAI D AUSTERLITZ,M,"48,8431400","2,3662210",75,2019,50.0,5.0,2.0,4.0,2156124,1.0,1,4,1,1.0,,0.0,0,1985.0,B01,138Â 294Â 915,2.0,0.0,-1.0,1646403,1.0,1,,0.0,2.0,7.0,B01,138Â 294Â 915,5.0
964647,201900006178,2,7,07:50,1,2,2,1.0,7.0,75113,RUE DE LA POTERNE DES PEUPLIERS,M,"48,8175870","2,3533760",75,2019,50.0,1.0,1.0,4.0,2156125,1.0,1,4,1,1.0,,0.0,0,1963.0,A01,138Â 294Â 913,2.0,6.0,-1.0,1646404,2.0,32,,0.0,0.0,0.0,A01,138Â 294Â 913,1.0
964648,201900006179,2,12,15:55,1,2,4,1.0,2.0,75120,RUE GASNIER GUY,M,"48,8650200","2,3941170",75,2019,30.0,1.0,1.0,4.0,2156126,1.0,1,4,1,0.0,,0.0,0,1997.0,A01,138Â 294Â 911,1.0,0.0,-1.0,1646405,1.0,7,,0.0,2.0,1.0,A01,138Â 294Â 911,1.0
964648,201900006179,2,12,15:55,1,2,4,1.0,2.0,75120,RUE GASNIER GUY,M,"48,8650200","2,3941170",75,2019,30.0,1.0,1.0,4.0,2156126,1.0,1,4,1,0.0,,0.0,0,1997.0,A01,138Â 294Â 911,1.0,0.0,-1.0,1646406,1.0,7,,0.0,2.0,4.0,B01,138Â 294Â 912,1.0
964648,201900006179,2,12,15:55,1,2,4,1.0,2.0,75120,RUE GASNIER GUY,M,"48,8650200","2,3941170",75,2019,30.0,1.0,1.0,4.0,2156127,4.0,2,4,1,4.0,,0.0,0,1989.0,B01,138Â 294Â 912,1.0,0.0,-1.0,1646405,1.0,7,,0.0,2.0,1.0,A01,138Â 294Â 911,1.0
964648,201900006179,2,12,15:55,1,2,4,1.0,2.0,75120,RUE GASNIER GUY,M,"48,8650200","2,3941170",75,2019,30.0,1.0,1.0,4.0,2156127,4.0,2,4,1,4.0,,0.0,0,1989.0,B01,138Â 294Â 912,1.0,0.0,-1.0,1646406,1.0,7,,0.0,2.0,4.0,B01,138Â 294Â 912,1.0
964648,201900006179,2,12,15:55,1,2,4,1.0,2.0,75120,RUE GASNIER GUY,M,"48,8650200","2,3941170",75,2019,30.0,1.0,1.0,4.0,2156128,1.0,1,4,1,4.0,,0.0,0,1993.0,B01,138Â 294Â 912,1.0,0.0,-1.0,1646405,1.0,7,,0.0,2.0,1.0,A01,138Â 294Â 911,1.0
964648,201900006179,2,12,15:55,1,2,4,1.0,2.0,75120,RUE GASNIER GUY,M,"48,8650200","2,3941170",75,2019,30.0,1.0,1.0,4.0,2156128,1.0,1,4,1,4.0,,0.0,0,1993.0,B01,138Â 294Â 912,1.0,0.0,-1.0,1646406,1.0,7,,0.0,2.0,4.0,B01,138Â 294Â 912,1.0
964648,201900006179,2,12,15:55,1,2,4,1.0,2.0,75120,RUE GASNIER GUY,M,"48,8650200","2,3941170",75,2019,30.0,1.0,1.0,4.0,2156129,2.0,2,4,1,4.0,,0.0,0,1981.0,B01,138Â 294Â 912,1.0,0.0,-1.0,1646405,1.0,7,,0.0,2.0,1.0,A01,138Â 294Â 911,1.0
964648,201900006179,2,12,15:55,1,2,4,1.0,2.0,75120,RUE GASNIER GUY,M,"48,8650200","2,3941170",75,2019,30.0,1.0,1.0,4.0,2156129,2.0,2,4,1,4.0,,0.0,0,1981.0,B01,138Â 294Â 912,1.0,0.0,-1.0,1646406,1.0,7,,0.0,2.0,4.0,B01,138Â 294Â 912,1.0
964648,201900006179,2,12,15:55,1,2,4,1.0,2.0,75120,RUE GASNIER GUY,M,"48,8650200","2,3941170",75,2019,30.0,1.0,1.0,4.0,2156130,3.0,2,4,1,4.0,,0.0,0,1985.0,B01,138Â 294Â 912,1.0,0.0,-1.0,1646405,1.0,7,,0.0,2.0,1.0,A01,138Â 294Â 911,1.0
964648,201900006179,2,12,15:55,1,2,4,1.0,2.0,75120,RUE GASNIER GUY,M,"48,8650200","2,3941170",75,2019,30.0,1.0,1.0,4.0,2156130,3.0,2,4,1,4.0,,0.0,0,1985.0,B01,138Â 294Â 912,1.0,0.0,-1.0,1646406,1.0,7,,0.0,2.0,4.0,B01,138Â 294Â 912,1.0
964649,201900006180,2,11,18:15,5,2,2,1.0,3.0,75112,BOULEVARD PONIATOWSKI,M,"48,8317040","2,3979010",75,2019,50.0,1.0,1.0,4.0,2156131,1.0,1,4,1,1.0,,0.0,0,1961.0,B01,138Â 294Â 909,2.0,8.0,-1.0,1646407,2.0,33,,0.0,2.0,1.0,B01,138Â 294Â 909,1.0
964649,201900006180,2,11,18:15,5,2,2,1.0,3.0,75112,BOULEVARD PONIATOWSKI,M,"48,8317040","2,3979010",75,2019,50.0,1.0,1.0,4.0,2156131,1.0,1,4,1,1.0,,0.0,0,1961.0,B01,138Â 294Â 909,2.0,8.0,-1.0,1646408,1.0,7,,0.0,2.0,2.0,A01,138Â 294Â 910,1.0
964649,201900006180,2,11,18:15,5,2,2,1.0,3.0,75112,BOULEVARD PONIATOWSKI,M,"48,8317040","2,3979010",75,2019,50.0,1.0,1.0,4.0,2156132,1.0,1,1,2,1.0,,0.0,0,1974.0,A01,138Â 294Â 910,1.0,0.0,-1.0,1646407,2.0,33,,0.0,2.0,1.0,B01,138Â 294Â 909,1.0
964649,201900006180,2,11,18:15,5,2,2,1.0,3.0,75112,BOULEVARD PONIATOWSKI,M,"48,8317040","2,3979010",75,2019,50.0,1.0,1.0,4.0,2156132,1.0,1,1,2,1.0,,0.0,0,1974.0,A01,138Â 294Â 910,1.0,0.0,-1.0,1646408,1.0,7,,0.0,2.0,2.0,A01,138Â 294Â 910,1.0
964650,201900006181,2,11,17:25,2,2,1,1.0,4.0,75112,BOULEVARD DIDEROT,M,"48,8466080","2,3803650",75,2019,50.0,1.0,1.0,4.0,2156133,1.0,1,1,1,4.0,,0.0,0,1960.0,A01,138Â 294Â 906,1.0,8.0,-1.0,1646409,1.0,10,,0.0,2.0,1.0,A01,138Â 294Â 906,1.0
964650,201900006181,2,11,17:25,2,2,1,1.0,4.0,75112,BOULEVARD DIDEROT,M,"48,8466080","2,3803650",75,2019,50.0,1.0,1.0,4.0,2156133,1.0,1,1,1,4.0,,0.0,0,1960.0,A01,138Â 294Â 906,1.0,8.0,-1.0,1646410,1.0,7,,0.0,2.0,4.0,B01,138Â 294Â 907,1.0
964650,201900006181,2,11,17:25,2,2,1,1.0,4.0,75112,BOULEVARD DIDEROT,M,"48,8466080","2,3803650",75,2019,50.0,1.0,1.0,4.0,2156133,1.0,1,1,1,4.0,,0.0,0,1960.0,A01,138Â 294Â 906,1.0,8.0,-1.0,1646411,1.0,7,,0.0,2.0,4.0,C01,138Â 294Â 908,1.0
964650,201900006181,2,11,17:25,2,2,1,1.0,4.0,75112,BOULEVARD DIDEROT,M,"48,8466080","2,3803650",75,2019,50.0,1.0,1.0,4.0,2156134,1.0,1,4,1,5.0,,0.0,0,1979.0,B01,138Â 294Â 907,1.0,8.0,-1.0,1646409,1.0,10,,0.0,2.0,1.0,A01,138Â 294Â 906,1.0
964650,201900006181,2,11,17:25,2,2,1,1.0,4.0,75112,BOULEVARD DIDEROT,M,"48,8466080","2,3803650",75,2019,50.0,1.0,1.0,4.0,2156134,1.0,1,4,1,5.0,,0.0,0,1979.0,B01,138Â 294Â 907,1.0,8.0,-1.0,1646410,1.0,7,,0.0,2.0,4.0,B01,138Â 294Â 907,1.0
964650,201900006181,2,11,17:25,2,2,1,1.0,4.0,75112,BOULEVARD DIDEROT,M,"48,8466080","2,3803650",75,2019,50.0,1.0,1.0,4.0,2156134,1.0,1,4,1,5.0,,0.0,0,1979.0,B01,138Â 294Â 907,1.0,8.0,-1.0,1646411,1.0,7,,0.0,2.0,4.0,C01,138Â 294Â 908,1.0
964650,201900006181,2,11,17:25,2,2,1,1.0,4.0,75112,BOULEVARD DIDEROT,M,"48,8466080","2,3803650",75,2019,50.0,1.0,1.0,4.0,2156135,1.0,1,1,1,5.0,,0.0,0,1964.0,C01,138Â 294Â 908,1.0,8.0,-1.0,1646409,1.0,10,,0.0,2.0,1.0,A01,138Â 294Â 906,1.0
964650,201900006181,2,11,17:25,2,2,1,1.0,4.0,75112,BOULEVARD DIDEROT,M,"48,8466080","2,3803650",75,2019,50.0,1.0,1.0,4.0,2156135,1.0,1,1,1,5.0,,0.0,0,1964.0,C01,138Â 294Â 908,1.0,8.0,-1.0,1646410,1.0,7,,0.0,2.0,4.0,B01,138Â 294Â 907,1.0
964650,201900006181,2,11,17:25,2,2,1,1.0,4.0,75112,BOULEVARD DIDEROT,M,"48,8466080","2,3803650",75,2019,50.0,1.0,1.0,4.0,2156135,1.0,1,1,1,5.0,,0.0,0,1964.0,C01,138Â 294Â 908,1.0,8.0,-1.0,1646411,1.0,7,,0.0,2.0,4.0,C01,138Â 294Â 908,1.0
964651,201900006182,2,10,19:20,5,2,7,2.0,7.0,75112,AVENUE DE SAINT MANDE,M,"48,8449970","2,4019300",75,2019,50.0,1.0,2.0,4.0,2156136,1.0,1,4,1,1.0,,0.0,0,1991.0,A01,138Â 294Â 905,2.0,6.0,-1.0,1646412,2.0,32,,0.0,0.0,1.0,A01,138Â 294Â 905,1.0
964652,201900006183,2,9,14:20,1,2,2,1.0,6.0,75112,AVENUE DAUMESNIL,M,"48,8411100","2,3890350",75,2019,50.0,1.0,1.0,4.0,2156137,1.0,1,4,1,1.0,,0.0,0,1973.0,A01,138Â 294Â 904,2.0,6.0,-1.0,1646413,1.0,7,,0.0,2.0,0.0,Z01,138Â 294Â 903,1.0
964652,201900006183,2,9,14:20,1,2,2,1.0,6.0,75112,AVENUE DAUMESNIL,M,"48,8411100","2,3890350",75,2019,50.0,1.0,1.0,4.0,2156137,1.0,1,4,1,1.0,,0.0,0,1973.0,A01,138Â 294Â 904,2.0,6.0,-1.0,1646414,1.0,33,,0.0,2.0,7.0,A01,138Â 294Â 904,1.0
964653,201900006184,2,8,17:20,2,2,1,1.0,2.0,75112,QUAI DE BERCY,M,"48,8323000","2,3838510",75,2019,50.0,1.0,1.0,4.0,2156138,1.0,1,1,1,9.0,,0.0,0,1991.0,A01,138Â 294Â 901,1.0,0.0,-1.0,1646415,1.0,7,,0.0,2.0,1.0,A01,138Â 294Â 901,1.0
964653,201900006184,2,8,17:20,2,2,1,1.0,2.0,75112,QUAI DE BERCY,M,"48,8323000","2,3838510",75,2019,50.0,1.0,1.0,4.0,2156138,1.0,1,1,1,9.0,,0.0,0,1991.0,A01,138Â 294Â 901,1.0,0.0,-1.0,1646416,1.0,7,,0.0,2.0,4.0,B01,138Â 294Â 902,1.0
964653,201900006184,2,8,17:20,2,2,1,1.0,2.0,75112,QUAI DE BERCY,M,"48,8323000","2,3838510",75,2019,50.0,1.0,1.0,4.0,2156139,4.0,2,1,2,1.0,,0.0,0,1994.0,B01,138Â 294Â 902,1.0,0.0,-1.0,1646415,1.0,7,,0.0,2.0,1.0,A01,138Â 294Â 901,1.0
964653,201900006184,2,8,17:20,2,2,1,1.0,2.0,75112,QUAI DE BERCY,M,"48,8323000","2,3838510",75,2019,50.0,1.0,1.0,4.0,2156139,4.0,2,1,2,1.0,,0.0,0,1994.0,B01,138Â 294Â 902,1.0,0.0,-1.0,1646416,1.0,7,,0.0,2.0,4.0,B01,138Â 294Â 902,1.0
964653,201900006184,2,8,17:20,2,2,1,1.0,2.0,75112,QUAI DE BERCY,M,"48,8323000","2,3838510",75,2019,50.0,1.0,1.0,4.0,2156140,3.0,2,1,1,1.0,,0.0,0,1980.0,B01,138Â 294Â 902,1.0,0.0,-1.0,1646415,1.0,7,,0.0,2.0,1.0,A01,138Â 294Â 901,1.0
964653,201900006184,2,8,17:20,2,2,1,1.0,2.0,75112,QUAI DE BERCY,M,"48,8323000","2,3838510",75,2019,50.0,1.0,1.0,4.0,2156140,3.0,2,1,1,1.0,,0.0,0,1980.0,B01,138Â 294Â 902,1.0,0.0,-1.0,1646416,1.0,7,,0.0,2.0,4.0,B01,138Â 294Â 902,1.0
964653,201900006184,2,8,17:20,2,2,1,1.0,2.0,75112,QUAI DE BERCY,M,"48,8323000","2,3838510",75,2019,50.0,1.0,1.0,4.0,2156141,1.0,1,4,1,4.0,,0.0,0,1966.0,B01,138Â 294Â 902,1.0,0.0,-1.0,1646415,1.0,7,,0.0,2.0,1.0,A01,138Â 294Â 901,1.0
964653,201900006184,2,8,17:20,2,2,1,1.0,2.0,75112,QUAI DE BERCY,M,"48,8323000","2,3838510",75,2019,50.0,1.0,1.0,4.0,2156141,1.0,1,4,1,4.0,,0.0,0,1966.0,B01,138Â 294Â 902,1.0,0.0,-1.0,1646416,1.0,7,,0.0,2.0,4.0,B01,138Â 294Â 902,1.0
964654,201900006185,2,8,22:02,5,2,2,3.0,6.0,75111,BOULEVARD DE BELLEVILLE,M,"48,8707410","2,3781690",75,2019,30.0,1.0,2.0,4.0,2156142,1.0,1,4,1,1.0,,0.0,0,1995.0,A01,138Â 294Â 899,2.0,0.0,-1.0,1646417,3.0,1,,0.0,2.0,8.0,A01,138Â 294Â 899,5.0
964654,201900006185,2,8,22:02,5,2,2,3.0,6.0,75111,BOULEVARD DE BELLEVILLE,M,"48,8707410","2,3781690",75,2019,30.0,1.0,2.0,4.0,2156142,1.0,1,4,1,1.0,,0.0,0,1995.0,A01,138Â 294Â 899,2.0,0.0,-1.0,1646418,1.0,7,,0.0,2.0,1.0,Z01,138Â 294Â 900,2.0
964655,201900006186,2,7,12:20,1,2,2,1.0,6.0,75111,RUE DE CHARONNE,M,"48,8551210","2,3871440",75,2019,50.0,1.0,1.0,4.0,2156143,10.0,3,4,2,5.0,,4.0,3,1930.0,A01,138Â 294Â 898,8.0,0.0,-1.0,1646419,1.0,10,,0.0,1.0,2.0,A01,138Â 294Â 898,1.0
964655,201900006186,2,7,12:20,1,2,2,1.0,6.0,75111,RUE DE CHARONNE,M,"48,8551210","2,3871440",75,2019,50.0,1.0,1.0,4.0,2156144,2.0,2,1,1,4.0,,0.0,0,1958.0,A01,138Â 294Â 898,1.0,0.0,-1.0,1646419,1.0,10,,0.0,1.0,2.0,A01,138Â 294Â 898,1.0
964655,201900006186,2,7,12:20,1,2,2,1.0,6.0,75111,RUE DE CHARONNE,M,"48,8551210","2,3871440",75,2019,50.0,1.0,1.0,4.0,2156145,1.0,1,1,1,4.0,,0.0,0,1972.0,A01,138Â 294Â 898,1.0,0.0,-1.0,1646419,1.0,10,,0.0,1.0,2.0,A01,138Â 294Â 898,1.0
964656,201900006187,2,11,10:45,1,2,2,1.0,7.0,75110,BOULEVARD DE MAGENTA,M,"48,8737680","2,3583210",75,2019,50.0,1.0,2.0,4.0,2156146,1.0,1,4,1,4.0,,0.0,0,1978.0,A01,138Â 294Â 897,2.0,6.0,-1.0,1646420,2.0,31,,0.0,0.0,8.0,A01,138Â 294Â 897,1.0
964657,201900006188,2,8,07:40,2,2,3,1.0,6.0,75110,RUE LA FAYETTE,M,"48,8797260","2,3586700",75,2019,50.0,1.0,2.0,4.0,2156147,10.0,3,4,1,1.0,,2.0,3,1968.0,A01,138Â 294Â 896,8.0,0.0,-1.0,1646421,1.0,7,,0.0,1.0,6.0,A01,138Â 294Â 896,1.0
964657,201900006188,2,8,07:40,2,2,3,1.0,6.0,75110,RUE LA FAYETTE,M,"48,8797260","2,3586700",75,2019,50.0,1.0,2.0,4.0,2156148,1.0,1,1,1,4.0,,0.0,0,1982.0,A01,138Â 294Â 896,1.0,0.0,-1.0,1646421,1.0,7,,0.0,1.0,6.0,A01,138Â 294Â 896,1.0
964658,201900006189,2,12,18:45,5,2,7,1.0,6.0,75109,PLACE BLANCHE,M,"48,8836320","2,3326270",75,2019,50.0,1.0,1.0,4.0,2156149,1.0,1,1,1,1.0,,0.0,0,1991.0,A01,138Â 294Â 895,2.0,6.0,-1.0,1646422,1.0,32,,0.0,1.0,2.0,A01,138Â 294Â 895,1.0
964658,201900006189,2,12,18:45,5,2,7,1.0,6.0,75109,PLACE BLANCHE,M,"48,8836320","2,3326270",75,2019,50.0,1.0,1.0,4.0,2156150,2.0,2,1,1,0.0,,0.0,0,2000.0,A01,138Â 294Â 895,2.0,6.0,-1.0,1646422,1.0,32,,0.0,1.0,2.0,A01,138Â 294Â 895,1.0
964658,201900006189,2,12,18:45,5,2,7,1.0,6.0,75109,PLACE BLANCHE,M,"48,8836320","2,3326270",75,2019,50.0,1.0,1.0,4.0,2156151,10.0,3,4,2,5.0,,4.0,3,1942.0,A01,138Â 294Â 895,8.0,0.0,-1.0,1646422,1.0,32,,0.0,1.0,2.0,A01,138Â 294Â 895,1.0
964659,201900006190,2,12,13:52,1,2,4,1.0,3.0,75109,RUE LA FAYETTE,M,"48,8765630","2,3465520",75,2019,50.0,1.0,1.0,4.0,2156152,1.0,1,4,1,4.0,,0.0,0,1997.0,A01,138Â 294Â 893,2.0,6.0,-1.0,1646423,1.0,1,,0.0,2.0,7.0,A01,138Â 294Â 893,5.0
964659,201900006190,2,12,13:52,1,2,4,1.0,3.0,75109,RUE LA FAYETTE,M,"48,8765630","2,3465520",75,2019,50.0,1.0,1.0,4.0,2156152,1.0,1,4,1,4.0,,0.0,0,1997.0,A01,138Â 294Â 893,2.0,6.0,-1.0,1646424,1.0,30,,0.0,2.0,3.0,B01,138Â 294Â 894,3.0
964659,201900006190,2,12,13:52,1,2,4,1.0,3.0,75109,RUE LA FAYETTE,M,"48,8765630","2,3465520",75,2019,50.0,1.0,1.0,4.0,2156153,1.0,1,1,1,5.0,,0.0,0,1983.0,B01,138Â 294Â 894,2.0,6.0,-1.0,1646423,1.0,1,,0.0,2.0,7.0,A01,138Â 294Â 893,5.0
964659,201900006190,2,12,13:52,1,2,4,1.0,3.0,75109,RUE LA FAYETTE,M,"48,8765630","2,3465520",75,2019,50.0,1.0,1.0,4.0,2156153,1.0,1,1,1,5.0,,0.0,0,1983.0,B01,138Â 294Â 894,2.0,6.0,-1.0,1646424,1.0,30,,0.0,2.0,3.0,B01,138Â 294Â 894,3.0
964660,201900006191,2,11,12:20,1,2,1,1.0,2.0,75109,BOULEVARD DE CLICHY,M,"48,8841300","2,3289810",75,2019,50.0,1.0,1.0,4.0,2156154,1.0,1,4,1,0.0,,0.0,0,1997.0,A01,138Â 294Â 891,2.0,0.0,-1.0,1646425,2.0,30,,0.0,2.0,1.0,A01,138Â 294Â 891,1.0
964660,201900006191,2,11,12:20,1,2,1,1.0,2.0,75109,BOULEVARD DE CLICHY,M,"48,8841300","2,3289810",75,2019,50.0,1.0,1.0,4.0,2156154,1.0,1,4,1,0.0,,0.0,0,1997.0,A01,138Â 294Â 891,2.0,0.0,-1.0,1646426,2.0,7,,0.0,2.0,4.0,B01,138Â 294Â 892,1.0
964660,201900006191,2,11,12:20,1,2,1,1.0,2.0,75109,BOULEVARD DE CLICHY,M,"48,8841300","2,3289810",75,2019,50.0,1.0,1.0,4.0,2156155,2.0,2,1,2,0.0,,0.0,0,1967.0,B01,138Â 294Â 892,1.0,0.0,-1.0,1646425,2.0,30,,0.0,2.0,1.0,A01,138Â 294Â 891,1.0
964660,201900006191,2,11,12:20,1,2,1,1.0,2.0,75109,BOULEVARD DE CLICHY,M,"48,8841300","2,3289810",75,2019,50.0,1.0,1.0,4.0,2156155,2.0,2,1,2,0.0,,0.0,0,1967.0,B01,138Â 294Â 892,1.0,0.0,-1.0,1646426,2.0,7,,0.0,2.0,4.0,B01,138Â 294Â 892,1.0
964660,201900006191,2,11,12:20,1,2,1,1.0,2.0,75109,BOULEVARD DE CLICHY,M,"48,8841300","2,3289810",75,2019,50.0,1.0,1.0,4.0,2156156,1.0,1,1,1,0.0,,0.0,0,1991.0,B01,138Â 294Â 892,1.0,0.0,-1.0,1646425,2.0,30,,0.0,2.0,1.0,A01,138Â 294Â 891,1.0
964660,201900006191,2,11,12:20,1,2,1,1.0,2.0,75109,BOULEVARD DE CLICHY,M,"48,8841300","2,3289810",75,2019,50.0,1.0,1.0,4.0,2156156,1.0,1,1,1,0.0,,0.0,0,1991.0,B01,138Â 294Â 892,1.0,0.0,-1.0,1646426,2.0,7,,0.0,2.0,4.0,B01,138Â 294Â 892,1.0
964661,201900006192,2,11,09:40,1,2,2,8.0,3.0,75109,BOULEVARD HAUSSMANN,M,"48,8726050","2,3358080",75,2019,50.0,1.0,1.0,4.0,2156157,1.0,1,4,1,1.0,,0.0,0,1984.0,A01,138Â 294Â 889,2.0,0.0,-1.0,1646427,1.0,1,,0.0,2.0,7.0,A01,138Â 294Â 889,5.0
964661,201900006192,2,11,09:40,1,2,2,8.0,3.0,75109,BOULEVARD HAUSSMANN,M,"48,8726050","2,3358080",75,2019,50.0,1.0,1.0,4.0,2156157,1.0,1,4,1,1.0,,0.0,0,1984.0,A01,138Â 294Â 889,2.0,0.0,-1.0,1646428,1.0,33,,0.0,2.0,8.0,B01,138Â 294Â 890,1.0
964661,201900006192,2,11,09:40,1,2,2,8.0,3.0,75109,BOULEVARD HAUSSMANN,M,"48,8726050","2,3358080",75,2019,50.0,1.0,1.0,4.0,2156158,1.0,1,4,1,1.0,,0.0,0,1964.0,B01,138Â 294Â 890,2.0,6.0,-1.0,1646427,1.0,1,,0.0,2.0,7.0,A01,138Â 294Â 889,5.0
964661,201900006192,2,11,09:40,1,2,2,8.0,3.0,75109,BOULEVARD HAUSSMANN,M,"48,8726050","2,3358080",75,2019,50.0,1.0,1.0,4.0,2156158,1.0,1,4,1,1.0,,0.0,0,1964.0,B01,138Â 294Â 890,2.0,6.0,-1.0,1646428,1.0,33,,0.0,2.0,8.0,B01,138Â 294Â 890,1.0