Unnamed: 0_x,num_acc,mois,jour,hrmn,lum,agg,int,atm,col,com,adr,gps,lat,long,dep,annee,vma,situ,surf,catr,Unnamed: 0_y,place,catu,grav,sexe,trajet,secu,locp,actp,an_nais,num_veh_x,id_vehicule_x,secu1,secu2,secu3,Unnamed: 0,senc,catv,occutc,obs,obsm,choc,num_veh_y,id_vehicule_y,motor
964662,201900006193,2,6,13:23,1,2,2,1.0,6.0,75109,RUE SAINT LAZARE,M,"48,8761620","2,3311120",75,2019,50.0,6.0,1.0,4.0,2156159,1.0,1,4,1,4.0,,0.0,0,1994.0,A01,138Â 294Â 888,1.0,0.0,-1.0,1646429,1.0,37,1.0,0.0,1.0,1.0,A01,138Â 294Â 888,1.0
964662,201900006193,2,6,13:23,1,2,2,1.0,6.0,75109,RUE SAINT LAZARE,M,"48,8761620","2,3311120",75,2019,50.0,6.0,1.0,4.0,2156160,10.0,3,4,1,9.0,,4.0,3,1989.0,A01,138Â 294Â 888,8.0,0.0,-1.0,1646429,1.0,37,1.0,0.0,1.0,1.0,A01,138Â 294Â 888,1.0
964663,201900006194,2,9,15:23,1,2,3,1.0,3.0,75108,RUE FRANCOIS 1ER,M,"48,8680200","2,3047070",75,2019,50.0,1.0,1.0,4.0,2156161,2.0,2,1,2,0.0,,0.0,0,1999.0,A01,138Â 294Â 886,1.0,0.0,-1.0,1646430,1.0,7,,0.0,2.0,3.0,A01,138Â 294Â 886,1.0
964663,201900006194,2,9,15:23,1,2,3,1.0,3.0,75108,RUE FRANCOIS 1ER,M,"48,8680200","2,3047070",75,2019,50.0,1.0,1.0,4.0,2156161,2.0,2,1,2,0.0,,0.0,0,1999.0,A01,138Â 294Â 886,1.0,0.0,-1.0,1646431,1.0,32,,0.0,2.0,1.0,B01,138Â 294Â 887,1.0
964663,201900006194,2,9,15:23,1,2,3,1.0,3.0,75108,RUE FRANCOIS 1ER,M,"48,8680200","2,3047070",75,2019,50.0,1.0,1.0,4.0,2156162,1.0,1,1,1,3.0,,0.0,0,1998.0,A01,138Â 294Â 886,1.0,0.0,-1.0,1646430,1.0,7,,0.0,2.0,3.0,A01,138Â 294Â 886,1.0
964663,201900006194,2,9,15:23,1,2,3,1.0,3.0,75108,RUE FRANCOIS 1ER,M,"48,8680200","2,3047070",75,2019,50.0,1.0,1.0,4.0,2156162,1.0,1,1,1,3.0,,0.0,0,1998.0,A01,138Â 294Â 886,1.0,0.0,-1.0,1646431,1.0,32,,0.0,2.0,1.0,B01,138Â 294Â 887,1.0
964663,201900006194,2,9,15:23,1,2,3,1.0,3.0,75108,RUE FRANCOIS 1ER,M,"48,8680200","2,3047070",75,2019,50.0,1.0,1.0,4.0,2156163,1.0,1,4,1,1.0,,0.0,0,1989.0,B01,138Â 294Â 887,2.0,6.0,-1.0,1646430,1.0,7,,0.0,2.0,3.0,A01,138Â 294Â 886,1.0
964663,201900006194,2,9,15:23,1,2,3,1.0,3.0,75108,RUE FRANCOIS 1ER,M,"48,8680200","2,3047070",75,2019,50.0,1.0,1.0,4.0,2156163,1.0,1,4,1,1.0,,0.0,0,1989.0,B01,138Â 294Â 887,2.0,6.0,-1.0,1646431,1.0,32,,0.0,2.0,1.0,B01,138Â 294Â 887,1.0
964664,201900006195,2,8,21:35,5,2,1,2.0,3.0,75108,RUE DU COLISEE,M,"48,8712360","2,3096440",75,2019,50.0,1.0,2.0,4.0,2156164,1.0,1,4,1,9.0,,0.0,0,1963.0,B01,138Â 294Â 884,2.0,0.0,-1.0,1646432,1.0,1,,0.0,2.0,0.0,B01,138Â 294Â 884,5.0
964664,201900006195,2,8,21:35,5,2,1,2.0,3.0,75108,RUE DU COLISEE,M,"48,8712360","2,3096440",75,2019,50.0,1.0,2.0,4.0,2156164,1.0,1,4,1,9.0,,0.0,0,1963.0,B01,138Â 294Â 884,2.0,0.0,-1.0,1646433,1.0,7,,0.0,2.0,0.0,A01,138Â 294Â 885,1.0
964664,201900006195,2,8,21:35,5,2,1,2.0,3.0,75108,RUE DU COLISEE,M,"48,8712360","2,3096440",75,2019,50.0,1.0,2.0,4.0,2156165,1.0,1,1,2,9.0,,0.0,0,1977.0,A01,138Â 294Â 885,1.0,0.0,-1.0,1646432,1.0,1,,0.0,2.0,0.0,B01,138Â 294Â 884,5.0
964664,201900006195,2,8,21:35,5,2,1,2.0,3.0,75108,RUE DU COLISEE,M,"48,8712360","2,3096440",75,2019,50.0,1.0,2.0,4.0,2156165,1.0,1,1,2,9.0,,0.0,0,1977.0,A01,138Â 294Â 885,1.0,0.0,-1.0,1646433,1.0,7,,0.0,2.0,0.0,A01,138Â 294Â 885,1.0
964664,201900006195,2,8,21:35,5,2,1,2.0,3.0,75108,RUE DU COLISEE,M,"48,8712360","2,3096440",75,2019,50.0,1.0,2.0,4.0,2156166,2.0,2,1,2,9.0,,0.0,0,1963.0,A01,138Â 294Â 885,1.0,0.0,-1.0,1646432,1.0,1,,0.0,2.0,0.0,B01,138Â 294Â 884,5.0
964664,201900006195,2,8,21:35,5,2,1,2.0,3.0,75108,RUE DU COLISEE,M,"48,8712360","2,3096440",75,2019,50.0,1.0,2.0,4.0,2156166,2.0,2,1,2,9.0,,0.0,0,1963.0,A01,138Â 294Â 885,1.0,0.0,-1.0,1646433,1.0,7,,0.0,2.0,0.0,A01,138Â 294Â 885,1.0
964665,201900006196,2,9,20:30,5,2,2,1.0,4.0,75107,RUE DE VARENNE,M,"48,8534040","2,3261950",75,2019,50.0,1.0,1.0,4.0,2156167,1.0,1,4,1,0.0,,0.0,0,1969.0,A01,138Â 294Â 880,1.0,0.0,-1.0,1646434,1.0,7,,0.0,2.0,1.0,A01,138Â 294Â 880,1.0
964665,201900006196,2,9,20:30,5,2,2,1.0,4.0,75107,RUE DE VARENNE,M,"48,8534040","2,3261950",75,2019,50.0,1.0,1.0,4.0,2156167,1.0,1,4,1,0.0,,0.0,0,1969.0,A01,138Â 294Â 880,1.0,0.0,-1.0,1646435,1.0,7,,0.0,2.0,4.0,B01,138Â 294Â 881,1.0
964665,201900006196,2,9,20:30,5,2,2,1.0,4.0,75107,RUE DE VARENNE,M,"48,8534040","2,3261950",75,2019,50.0,1.0,1.0,4.0,2156167,1.0,1,4,1,0.0,,0.0,0,1969.0,A01,138Â 294Â 880,1.0,0.0,-1.0,1646436,3.0,2,,0.0,2.0,4.0,C01,138Â 294Â 882,1.0
964665,201900006196,2,9,20:30,5,2,2,1.0,4.0,75107,RUE DE VARENNE,M,"48,8534040","2,3261950",75,2019,50.0,1.0,1.0,4.0,2156168,1.0,1,4,1,0.0,,0.0,0,1958.0,B01,138Â 294Â 881,1.0,0.0,-1.0,1646434,1.0,7,,0.0,2.0,1.0,A01,138Â 294Â 880,1.0
964665,201900006196,2,9,20:30,5,2,2,1.0,4.0,75107,RUE DE VARENNE,M,"48,8534040","2,3261950",75,2019,50.0,1.0,1.0,4.0,2156168,1.0,1,4,1,0.0,,0.0,0,1958.0,B01,138Â 294Â 881,1.0,0.0,-1.0,1646435,1.0,7,,0.0,2.0,4.0,B01,138Â 294Â 881,1.0
964665,201900006196,2,9,20:30,5,2,2,1.0,4.0,75107,RUE DE VARENNE,M,"48,8534040","2,3261950",75,2019,50.0,1.0,1.0,4.0,2156168,1.0,1,4,1,0.0,,0.0,0,1958.0,B01,138Â 294Â 881,1.0,0.0,-1.0,1646436,3.0,2,,0.0,2.0,4.0,C01,138Â 294Â 882,1.0
964665,201900006196,2,9,20:30,5,2,2,1.0,4.0,75107,RUE DE VARENNE,M,"48,8534040","2,3261950",75,2019,50.0,1.0,1.0,4.0,2156169,1.0,1,1,1,0.0,,0.0,0,1995.0,C01,138Â 294Â 882,2.0,6.0,-1.0,1646434,1.0,7,,0.0,2.0,1.0,A01,138Â 294Â 880,1.0
964665,201900006196,2,9,20:30,5,2,2,1.0,4.0,75107,RUE DE VARENNE,M,"48,8534040","2,3261950",75,2019,50.0,1.0,1.0,4.0,2156169,1.0,1,1,1,0.0,,0.0,0,1995.0,C01,138Â 294Â 882,2.0,6.0,-1.0,1646435,1.0,7,,0.0,2.0,4.0,B01,138Â 294Â 881,1.0
964665,201900006196,2,9,20:30,5,2,2,1.0,4.0,75107,RUE DE VARENNE,M,"48,8534040","2,3261950",75,2019,50.0,1.0,1.0,4.0,2156169,1.0,1,1,1,0.0,,0.0,0,1995.0,C01,138Â 294Â 882,2.0,6.0,-1.0,1646436,3.0,2,,0.0,2.0,4.0,C01,138Â 294Â 882,1.0
964666,201900006197,2,8,02:00,5,2,2,1.0,6.0,75107,BOULEVARD SAINT GERMAIN,M,"48,8560510","2,3258610",75,2019,50.0,1.0,1.0,4.0,2156170,1.0,1,4,1,5.0,,0.0,0,1969.0,A01,138Â 294Â 879,2.0,6.0,-1.0,1646437,1.0,31,,14.0,0.0,1.0,A01,138Â 294Â 879,1.0
964667,201900006198,2,7,19:20,5,2,1,2.0,7.0,75107,QUAI D ORSAY,M,"48,8624910","2,3059590",75,2019,50.0,1.0,2.0,4.0,2156171,1.0,1,4,1,0.0,,0.0,0,1975.0,A01,138Â 294Â 878,2.0,6.0,-1.0,1646438,2.0,33,,0.0,0.0,2.0,A01,138Â 294Â 878,1.0
964668,201900006199,2,9,19:57,5,2,1,1.0,6.0,75104,RUE DU CLOITRE NOTRE DAME,M,"48,8534690","2,3495920",75,2019,30.0,1.0,1.0,4.0,2156172,1.0,1,1,1,5.0,,0.0,0,1999.0,A01,138Â 294Â 877,8.0,0.0,-1.0,1646439,2.0,1,,0.0,1.0,1.0,A01,138Â 294Â 877,5.0
964668,201900006199,2,9,19:57,5,2,1,1.0,6.0,75104,RUE DU CLOITRE NOTRE DAME,M,"48,8534690","2,3495920",75,2019,30.0,1.0,1.0,4.0,2156173,10.0,3,4,2,5.0,,3.0,3,2010.0,A01,138Â 294Â 877,8.0,0.0,-1.0,1646439,2.0,1,,0.0,1.0,1.0,A01,138Â 294Â 877,5.0
964669,201900006200,2,8,16:55,1,2,1,1.0,6.0,75104,RUE DE RIVOLI,M,"48,8558660","2,3583400",75,2019,50.0,1.0,1.0,4.0,2156174,1.0,1,4,1,0.0,,0.0,0,1950.0,A01,138Â 294Â 876,2.0,6.0,-1.0,1646440,1.0,33,,14.0,0.0,2.0,A01,138Â 294Â 876,1.0
964670,201900006201,2,2,03:45,5,2,2,3.0,6.0,75101,RUE DE RIVOLI,M,"48,8598890","2,3439890",75,2019,50.0,1.0,2.0,4.0,2156175,2.0,2,1,1,5.0,,0.0,0,1989.0,A01,138Â 294Â 875,1.0,0.0,-1.0,1646441,2.0,7,,11.0,0.0,1.0,A01,138Â 294Â 875,1.0
964670,201900006201,2,2,03:45,5,2,2,3.0,6.0,75101,RUE DE RIVOLI,M,"48,8598890","2,3439890",75,2019,50.0,1.0,2.0,4.0,2156176,1.0,1,4,1,0.0,,0.0,0,1990.0,A01,138Â 294Â 875,1.0,0.0,-1.0,1646441,2.0,7,,11.0,0.0,1.0,A01,138Â 294Â 875,1.0
964671,201900006202,2,7,12:15,1,2,2,1.0,6.0,75101,RUE DE ROHAN,M,"48,8627230","2,3352520",75,2019,50.0,1.0,1.0,4.0,2156177,10.0,3,4,1,0.0,,4.0,3,2004.0,A01,138Â 294Â 874,8.0,0.0,-1.0,1646442,1.0,10,,0.0,1.0,3.0,A01,138Â 294Â 874,1.0
964671,201900006202,2,7,12:15,1,2,2,1.0,6.0,75101,RUE DE ROHAN,M,"48,8627230","2,3352520",75,2019,50.0,1.0,1.0,4.0,2156178,1.0,1,1,1,4.0,,0.0,0,1954.0,A01,138Â 294Â 874,1.0,0.0,-1.0,1646442,1.0,10,,0.0,1.0,3.0,A01,138Â 294Â 874,1.0
964672,201900006203,2,12,08:40,1,2,1,1.0,1.0,94077,PAUL DOUMER (AV),M,"48,7378575","2,4237312",94,2019,50.0,1.0,1.0,4.0,2156179,10.0,3,4,1,4.0,,1.0,3,1971.0,A01,138Â 294Â 872,8.0,4.0,-1.0,1646443,2.0,3,,1.0,1.0,3.0,A01,138Â 294Â 872,1.0
964672,201900006203,2,12,08:40,1,2,1,1.0,1.0,94077,PAUL DOUMER (AV),M,"48,7378575","2,4237312",94,2019,50.0,1.0,1.0,4.0,2156179,10.0,3,4,1,4.0,,1.0,3,1971.0,A01,138Â 294Â 872,8.0,4.0,-1.0,1646444,2.0,15,,15.0,0.0,6.0,B01,138Â 294Â 873,1.0
964672,201900006203,2,12,08:40,1,2,1,1.0,1.0,94077,PAUL DOUMER (AV),M,"48,7378575","2,4237312",94,2019,50.0,1.0,1.0,4.0,2156180,1.0,1,1,1,1.0,,-1.0, -1,1972.0,A01,138Â 294Â 872,8.0,0.0,-1.0,1646443,2.0,3,,1.0,1.0,3.0,A01,138Â 294Â 872,1.0
964672,201900006203,2,12,08:40,1,2,1,1.0,1.0,94077,PAUL DOUMER (AV),M,"48,7378575","2,4237312",94,2019,50.0,1.0,1.0,4.0,2156180,1.0,1,1,1,1.0,,-1.0, -1,1972.0,A01,138Â 294Â 872,8.0,0.0,-1.0,1646444,2.0,15,,15.0,0.0,6.0,B01,138Â 294Â 873,1.0
964673,201900006204,2,11,19:30,5,2,3,1.0,3.0,94068,BAC (AV DU),M,"48,7938200","2,5134300",94,2019,50.0,1.0,1.0,3.0,2156181,1.0,1,4,1,9.0,,-1.0,0,1988.0,B01,138Â 294Â 870,2.0,6.0,-1.0,1646445,2.0,33,,0.0,2.0,1.0,B01,138Â 294Â 870,0.0
964673,201900006204,2,11,19:30,5,2,3,1.0,3.0,94068,BAC (AV DU),M,"48,7938200","2,5134300",94,2019,50.0,1.0,1.0,3.0,2156181,1.0,1,4,1,9.0,,-1.0,0,1988.0,B01,138Â 294Â 870,2.0,6.0,-1.0,1646446,1.0,7,,0.0,2.0,2.0,A01,138Â 294Â 871,0.0
964673,201900006204,2,11,19:30,5,2,3,1.0,3.0,94068,BAC (AV DU),M,"48,7938200","2,5134300",94,2019,50.0,1.0,1.0,3.0,2156182,4.0,2,1,2,9.0,,-1.0,0,2012.0,A01,138Â 294Â 871,1.0,0.0,-1.0,1646445,2.0,33,,0.0,2.0,1.0,B01,138Â 294Â 870,0.0
964673,201900006204,2,11,19:30,5,2,3,1.0,3.0,94068,BAC (AV DU),M,"48,7938200","2,5134300",94,2019,50.0,1.0,1.0,3.0,2156182,4.0,2,1,2,9.0,,-1.0,0,2012.0,A01,138Â 294Â 871,1.0,0.0,-1.0,1646446,1.0,7,,0.0,2.0,2.0,A01,138Â 294Â 871,0.0
964673,201900006204,2,11,19:30,5,2,3,1.0,3.0,94068,BAC (AV DU),M,"48,7938200","2,5134300",94,2019,50.0,1.0,1.0,3.0,2156183,2.0,2,1,2,9.0,,-1.0,0,2009.0,A01,138Â 294Â 871,1.0,0.0,-1.0,1646445,2.0,33,,0.0,2.0,1.0,B01,138Â 294Â 870,0.0
964673,201900006204,2,11,19:30,5,2,3,1.0,3.0,94068,BAC (AV DU),M,"48,7938200","2,5134300",94,2019,50.0,1.0,1.0,3.0,2156183,2.0,2,1,2,9.0,,-1.0,0,2009.0,A01,138Â 294Â 871,1.0,0.0,-1.0,1646446,1.0,7,,0.0,2.0,2.0,A01,138Â 294Â 871,0.0
964673,201900006204,2,11,19:30,5,2,3,1.0,3.0,94068,BAC (AV DU),M,"48,7938200","2,5134300",94,2019,50.0,1.0,1.0,3.0,2156184,1.0,1,1,2,9.0,,-1.0,0,1976.0,A01,138Â 294Â 871,1.0,0.0,-1.0,1646445,2.0,33,,0.0,2.0,1.0,B01,138Â 294Â 870,0.0
964673,201900006204,2,11,19:30,5,2,3,1.0,3.0,94068,BAC (AV DU),M,"48,7938200","2,5134300",94,2019,50.0,1.0,1.0,3.0,2156184,1.0,1,1,2,9.0,,-1.0,0,1976.0,A01,138Â 294Â 871,1.0,0.0,-1.0,1646446,1.0,7,,0.0,2.0,2.0,A01,138Â 294Â 871,0.0
964674,201900006205,2,12,12:45,1,2,1,1.0,6.0,94043,EUGENE THOMAS (AV),M,"48,8097687","2,3604437",94,2019,50.0,3.0,1.0,3.0,2156185,1.0,1,4,1,0.0,,-1.0, -1,2002.0,A01,138Â 294Â 869,8.0,0.0,-1.0,1646447,2.0,1,,1.0,0.0,3.0,A01,138Â 294Â 869,6.0
964675,201900006206,2,12,12:10,1,2,1,1.0,6.0,94073,ROMAIN GARY (RUE),M,"48,7649400","2,3804800",94,2019,50.0,1.0,1.0,4.0,2156186,10.0,3,4,1,5.0,,5.0,6,1963.0,A01,138Â 294Â 868,8.0,0.0,-1.0,1646448,1.0,32,,0.0,1.0,1.0,A01,138Â 294Â 868,1.0
964675,201900006206,2,12,12:10,1,2,1,1.0,6.0,94073,ROMAIN GARY (RUE),M,"48,7649400","2,3804800",94,2019,50.0,1.0,1.0,4.0,2156187,1.0,1,1,1,1.0,,0.0,0,1985.0,A01,138Â 294Â 868,2.0,8.0,-1.0,1646448,1.0,32,,0.0,1.0,1.0,A01,138Â 294Â 868,1.0
964676,201900006207,2,8,16:15,1,2,1,1.0,6.0,94073,EDGAR QUINET (R),M,"48,7677000","2,3972400",94,2019,50.0,1.0,1.0,4.0,2156188,10.0,3,3,1,2.0,,2.0,3,2015.0,A01,138Â 294Â 867,8.0,0.0,-1.0,1646449,1.0,7,,0.0,1.0,1.0,A01,138Â 294Â 867,1.0
964676,201900006207,2,8,16:15,1,2,1,1.0,6.0,94073,EDGAR QUINET (R),M,"48,7677000","2,3972400",94,2019,50.0,1.0,1.0,4.0,2156189,1.0,1,1,1,1.0,,-1.0, -1,1974.0,A01,138Â 294Â 867,1.0,0.0,-1.0,1646449,1.0,7,,0.0,1.0,1.0,A01,138Â 294Â 867,1.0
964677,201900006208,2,12,16:40,1,2,2,1.0,1.0,94033,MARECHAL JOFFRE (AV DU),M,"48,8532200","2,4857500",94,2019,50.0,1.0,1.0,4.0,2156190,1.0,1,1,1,3.0,,-1.0, -1,1974.0,A01,138Â 294Â 865,1.0,0.0,-1.0,1646450,1.0,7,,0.0,2.0,2.0,A01,138Â 294Â 865,1.0
964677,201900006208,2,12,16:40,1,2,2,1.0,1.0,94033,MARECHAL JOFFRE (AV DU),M,"48,8532200","2,4857500",94,2019,50.0,1.0,1.0,4.0,2156190,1.0,1,1,1,3.0,,-1.0, -1,1974.0,A01,138Â 294Â 865,1.0,0.0,-1.0,1646451,1.0,34,,0.0,2.0,7.0,B01,138Â 294Â 866,1.0
964677,201900006208,2,12,16:40,1,2,2,1.0,1.0,94033,MARECHAL JOFFRE (AV DU),M,"48,8532200","2,4857500",94,2019,50.0,1.0,1.0,4.0,2156191,1.0,1,4,1,1.0,,-1.0, -1,1964.0,B01,138Â 294Â 866,2.0,6.0,-1.0,1646450,1.0,7,,0.0,2.0,2.0,A01,138Â 294Â 865,1.0
964677,201900006208,2,12,16:40,1,2,2,1.0,1.0,94033,MARECHAL JOFFRE (AV DU),M,"48,8532200","2,4857500",94,2019,50.0,1.0,1.0,4.0,2156191,1.0,1,4,1,1.0,,-1.0, -1,1964.0,B01,138Â 294Â 866,2.0,6.0,-1.0,1646451,1.0,34,,0.0,2.0,7.0,B01,138Â 294Â 866,1.0
964678,201900006209,2,7,19:45,5,2,3,2.0,1.0,94033,VERDUN (BD DE),M,"48,8540300","2,4693400",94,2019,50.0,1.0,2.0,3.0,2156192,1.0,1,4,1,5.0,,-1.0, -1,1966.0,B01,138Â 294Â 863,2.0,0.0,-1.0,1646452,1.0,2,,0.0,2.0,1.0,B01,138Â 294Â 863,1.0
964678,201900006209,2,7,19:45,5,2,3,2.0,1.0,94033,VERDUN (BD DE),M,"48,8540300","2,4693400",94,2019,50.0,1.0,2.0,3.0,2156192,1.0,1,4,1,5.0,,-1.0, -1,1966.0,B01,138Â 294Â 863,2.0,0.0,-1.0,1646453,2.0,7,,0.0,2.0,2.0,A01,138Â 294Â 864,1.0
964678,201900006209,2,7,19:45,5,2,3,2.0,1.0,94033,VERDUN (BD DE),M,"48,8540300","2,4693400",94,2019,50.0,1.0,2.0,3.0,2156193,1.0,1,1,1,5.0,,-1.0, -1,1956.0,A01,138Â 294Â 864,1.0,0.0,-1.0,1646452,1.0,2,,0.0,2.0,1.0,B01,138Â 294Â 863,1.0
964678,201900006209,2,7,19:45,5,2,3,2.0,1.0,94033,VERDUN (BD DE),M,"48,8540300","2,4693400",94,2019,50.0,1.0,2.0,3.0,2156193,1.0,1,1,1,5.0,,-1.0, -1,1956.0,A01,138Â 294Â 864,1.0,0.0,-1.0,1646453,2.0,7,,0.0,2.0,2.0,A01,138Â 294Â 864,1.0
964679,201900006210,2,10,10:30,1,2,1,2.0,3.0,94028,PIERNE.(RUE GABRIEL),M,"48,7864800","2,4474400",94,2019,50.0,1.0,2.0,4.0,2156194,1.0,1,4,1,1.0,,-1.0,0,1992.0,A01,138Â 294Â 861,8.0,0.0,-1.0,1646454,3.0,50,,0.0,2.0,1.0,A01,138Â 294Â 861,3.0
964679,201900006210,2,10,10:30,1,2,1,2.0,3.0,94028,PIERNE.(RUE GABRIEL),M,"48,7864800","2,4474400",94,2019,50.0,1.0,2.0,4.0,2156194,1.0,1,4,1,1.0,,-1.0,0,1992.0,A01,138Â 294Â 861,8.0,0.0,-1.0,1646455,1.0,7,,0.0,2.0,5.0,B01,138Â 294Â 862,1.0
964679,201900006210,2,10,10:30,1,2,1,2.0,3.0,94028,PIERNE.(RUE GABRIEL),M,"48,7864800","2,4474400",94,2019,50.0,1.0,2.0,4.0,2156195,3.0,2,1,1,0.0,,-1.0,0,2014.0,B01,138Â 294Â 862,1.0,0.0,-1.0,1646454,3.0,50,,0.0,2.0,1.0,A01,138Â 294Â 861,3.0
964679,201900006210,2,10,10:30,1,2,1,2.0,3.0,94028,PIERNE.(RUE GABRIEL),M,"48,7864800","2,4474400",94,2019,50.0,1.0,2.0,4.0,2156195,3.0,2,1,1,0.0,,-1.0,0,2014.0,B01,138Â 294Â 862,1.0,0.0,-1.0,1646455,1.0,7,,0.0,2.0,5.0,B01,138Â 294Â 862,1.0
964679,201900006210,2,10,10:30,1,2,1,2.0,3.0,94028,PIERNE.(RUE GABRIEL),M,"48,7864800","2,4474400",94,2019,50.0,1.0,2.0,4.0,2156196,1.0,1,1,1,5.0,,-1.0,0,1974.0,B01,138Â 294Â 862,1.0,0.0,-1.0,1646454,3.0,50,,0.0,2.0,1.0,A01,138Â 294Â 861,3.0
964679,201900006210,2,10,10:30,1,2,1,2.0,3.0,94028,PIERNE.(RUE GABRIEL),M,"48,7864800","2,4474400",94,2019,50.0,1.0,2.0,4.0,2156196,1.0,1,1,1,5.0,,-1.0,0,1974.0,B01,138Â 294Â 862,1.0,0.0,-1.0,1646455,1.0,7,,0.0,2.0,5.0,B01,138Â 294Â 862,1.0
964679,201900006210,2,10,10:30,1,2,1,2.0,3.0,94028,PIERNE.(RUE GABRIEL),M,"48,7864800","2,4474400",94,2019,50.0,1.0,2.0,4.0,2156197,2.0,2,1,2,5.0,,-1.0,0,1977.0,B01,138Â 294Â 862,1.0,8.0,-1.0,1646454,3.0,50,,0.0,2.0,1.0,A01,138Â 294Â 861,3.0
964679,201900006210,2,10,10:30,1,2,1,2.0,3.0,94028,PIERNE.(RUE GABRIEL),M,"48,7864800","2,4474400",94,2019,50.0,1.0,2.0,4.0,2156197,2.0,2,1,2,5.0,,-1.0,0,1977.0,B01,138Â 294Â 862,1.0,8.0,-1.0,1646455,1.0,7,,0.0,2.0,5.0,B01,138Â 294Â 862,1.0
964679,201900006210,2,10,10:30,1,2,1,2.0,3.0,94028,PIERNE.(RUE GABRIEL),M,"48,7864800","2,4474400",94,2019,50.0,1.0,2.0,4.0,2156198,4.0,2,1,2,0.0,,-1.0,0,2011.0,B01,138Â 294Â 862,1.0,0.0,-1.0,1646454,3.0,50,,0.0,2.0,1.0,A01,138Â 294Â 861,3.0
964679,201900006210,2,10,10:30,1,2,1,2.0,3.0,94028,PIERNE.(RUE GABRIEL),M,"48,7864800","2,4474400",94,2019,50.0,1.0,2.0,4.0,2156198,4.0,2,1,2,0.0,,-1.0,0,2011.0,B01,138Â 294Â 862,1.0,0.0,-1.0,1646455,1.0,7,,0.0,2.0,5.0,B01,138Â 294Â 862,1.0
964680,201900006211,2,8,16:14,1,2,9,1.0,6.0,94079,JEAN MONNET (BD),M,"48,8255600","2,5280700",94,2019,30.0,1.0,1.0,4.0,2156199,1.0,1,3,1,0.0,,-1.0,0,1938.0,A01,138Â 294Â 860,1.0,5.0,-1.0,1646456,3.0,7,,2.0,0.0,3.0,A01,138Â 294Â 860,1.0
964681,201900006212,2,7,22:50,5,2,1,2.0,3.0,94060,GENERAL DE GAULLE (R DU),M,"48,7809000","2,5733200",94,2019,50.0,1.0,2.0,3.0,2156200,2.0,2,1,1,0.0,,-1.0, -1,1998.0,A01,138Â 294Â 858,1.0,0.0,-1.0,1646457,1.0,10,,0.0,0.0,8.0,A01,138Â 294Â 858,1.0
964681,201900006212,2,7,22:50,5,2,1,2.0,3.0,94060,GENERAL DE GAULLE (R DU),M,"48,7809000","2,5733200",94,2019,50.0,1.0,2.0,3.0,2156200,2.0,2,1,1,0.0,,-1.0, -1,1998.0,A01,138Â 294Â 858,1.0,0.0,-1.0,1646458,1.0,33,,0.0,0.0,0.0,B01,138Â 294Â 859,1.0
964681,201900006212,2,7,22:50,5,2,1,2.0,3.0,94060,GENERAL DE GAULLE (R DU),M,"48,7809000","2,5733200",94,2019,50.0,1.0,2.0,3.0,2156201,1.0,1,1,1,0.0,,-1.0, -1,1993.0,A01,138Â 294Â 858,1.0,0.0,-1.0,1646457,1.0,10,,0.0,0.0,8.0,A01,138Â 294Â 858,1.0
964681,201900006212,2,7,22:50,5,2,1,2.0,3.0,94060,GENERAL DE GAULLE (R DU),M,"48,7809000","2,5733200",94,2019,50.0,1.0,2.0,3.0,2156201,1.0,1,1,1,0.0,,-1.0, -1,1993.0,A01,138Â 294Â 858,1.0,0.0,-1.0,1646458,1.0,33,,0.0,0.0,0.0,B01,138Â 294Â 859,1.0
964681,201900006212,2,7,22:50,5,2,1,2.0,3.0,94060,GENERAL DE GAULLE (R DU),M,"48,7809000","2,5733200",94,2019,50.0,1.0,2.0,3.0,2156202,1.0,1,4,1,1.0,,-1.0, -1,1995.0,B01,138Â 294Â 859,2.0,0.0,-1.0,1646457,1.0,10,,0.0,0.0,8.0,A01,138Â 294Â 858,1.0
964681,201900006212,2,7,22:50,5,2,1,2.0,3.0,94060,GENERAL DE GAULLE (R DU),M,"48,7809000","2,5733200",94,2019,50.0,1.0,2.0,3.0,2156202,1.0,1,4,1,1.0,,-1.0, -1,1995.0,B01,138Â 294Â 859,2.0,0.0,-1.0,1646458,1.0,33,,0.0,0.0,0.0,B01,138Â 294Â 859,1.0
964682,201900006213,2,7,17:15,1,2,1,1.0,6.0,94019,BOILEAU (AV),M,"48,8033500","2,5500600",94,2019,30.0,1.0,1.0,4.0,2156203,1.0,1,1,1,1.0,,-1.0,0,1990.0,A01,138Â 294Â 857,1.0,0.0,-1.0,1646459,0.0,7,,0.0,1.0,3.0,A01,138Â 294Â 857,0.0
964682,201900006213,2,7,17:15,1,2,1,1.0,6.0,94019,BOILEAU (AV),M,"48,8033500","2,5500600",94,2019,30.0,1.0,1.0,4.0,2156204,10.0,3,4,1,2.0,,2.0,3,2001.0,A01,138Â 294Â 857,8.0,0.0,-1.0,1646459,0.0,7,,0.0,1.0,3.0,A01,138Â 294Â 857,0.0
964683,201900006214,2,7,13:20,1,2,1,1.0,2.0,94019,PINCE VENT (AV DE),M,"48,7954500","2,5572600",94,2019,50.0,1.0,1.0,3.0,2156205,2.0,2,1,1,4.0,,0.0,0,1999.0,A01,138Â 294Â 855,1.0,8.0,-1.0,1646460,2.0,13,,0.0,2.0,2.0,A01,138Â 294Â 855,0.0