Unnamed: 0_x,num_acc,mois,jour,hrmn,lum,agg,int,atm,col,com,adr,gps,lat,long,dep,annee,vma,situ,surf,catr,Unnamed: 0_y,place,catu,grav,sexe,trajet,secu,locp,actp,an_nais,num_veh_x,id_vehicule_x,secu1,secu2,secu3,Unnamed: 0,senc,catv,occutc,obs,obsm,choc,num_veh_y,id_vehicule_y,motor
964683,201900006214,2,7,13:20,1,2,1,1.0,2.0,94019,PINCE VENT (AV DE),M,"48,7954500","2,5572600",94,2019,50.0,1.0,1.0,3.0,2156205,2.0,2,1,1,4.0,,0.0,0,1999.0,A01,138Â 294Â 855,1.0,8.0,-1.0,1646461,2.0,7,,0.0,2.0,6.0,B01,138Â 294Â 856,0.0
964683,201900006214,2,7,13:20,1,2,1,1.0,2.0,94019,PINCE VENT (AV DE),M,"48,7954500","2,5572600",94,2019,50.0,1.0,1.0,3.0,2156206,1.0,1,1,1,4.0,,0.0,0,1996.0,A01,138Â 294Â 855,1.0,0.0,-1.0,1646460,2.0,13,,0.0,2.0,2.0,A01,138Â 294Â 855,0.0
964683,201900006214,2,7,13:20,1,2,1,1.0,2.0,94019,PINCE VENT (AV DE),M,"48,7954500","2,5572600",94,2019,50.0,1.0,1.0,3.0,2156206,1.0,1,1,1,4.0,,0.0,0,1996.0,A01,138Â 294Â 855,1.0,0.0,-1.0,1646461,2.0,7,,0.0,2.0,6.0,B01,138Â 294Â 856,0.0
964683,201900006214,2,7,13:20,1,2,1,1.0,2.0,94019,PINCE VENT (AV DE),M,"48,7954500","2,5572600",94,2019,50.0,1.0,1.0,3.0,2156207,1.0,1,1,1,0.0,,0.0,0,1985.0,B01,138Â 294Â 856,1.0,8.0,-1.0,1646460,2.0,13,,0.0,2.0,2.0,A01,138Â 294Â 855,0.0
964683,201900006214,2,7,13:20,1,2,1,1.0,2.0,94019,PINCE VENT (AV DE),M,"48,7954500","2,5572600",94,2019,50.0,1.0,1.0,3.0,2156207,1.0,1,1,1,0.0,,0.0,0,1985.0,B01,138Â 294Â 856,1.0,8.0,-1.0,1646461,2.0,7,,0.0,2.0,6.0,B01,138Â 294Â 856,0.0
964683,201900006214,2,7,13:20,1,2,1,1.0,2.0,94019,PINCE VENT (AV DE),M,"48,7954500","2,5572600",94,2019,50.0,1.0,1.0,3.0,2156208,2.0,2,4,2,0.0,,0.0,0,1987.0,B01,138Â 294Â 856,1.0,8.0,-1.0,1646460,2.0,13,,0.0,2.0,2.0,A01,138Â 294Â 855,0.0
964683,201900006214,2,7,13:20,1,2,1,1.0,2.0,94019,PINCE VENT (AV DE),M,"48,7954500","2,5572600",94,2019,50.0,1.0,1.0,3.0,2156208,2.0,2,4,2,0.0,,0.0,0,1987.0,B01,138Â 294Â 856,1.0,8.0,-1.0,1646461,2.0,7,,0.0,2.0,6.0,B01,138Â 294Â 856,0.0
964684,201900006215,2,8,00:10,5,2,1,1.0,6.0,93078,GARE (AVENUE DE LA),M,"48,9456639","2,5647497",93,2019,50.0,1.0,1.0,4.0,2156209,10.0,3,4,2,9.0,,1.0,3,2015.0,A01,138Â 294Â 854,8.0,0.0,-1.0,1646462,1.0,7,,0.0,1.0,1.0,A01,138Â 294Â 854,1.0
964684,201900006215,2,8,00:10,5,2,1,1.0,6.0,93078,GARE (AVENUE DE LA),M,"48,9456639","2,5647497",93,2019,50.0,1.0,1.0,4.0,2156210,1.0,1,1,1,5.0,,-1.0,0,1990.0,A01,138Â 294Â 854,1.0,0.0,-1.0,1646462,1.0,7,,0.0,1.0,1.0,A01,138Â 294Â 854,1.0
964685,201900006216,2,10,20:00,5,2,2,1.0,5.0,93072,PARMENTIER (RUE) COTE NÂ° PAIRS,M,"48,9683700","2,3742100",93,2019,30.0,1.0,2.0,4.0,2156211,1.0,1,4,1,5.0,,-1.0, -1,1965.0,A01,138Â 294Â 851,1.0,0.0,-1.0,1646463,2.0,7,,1.0,2.0,1.0,A01,138Â 294Â 851,0.0
964685,201900006216,2,10,20:00,5,2,2,1.0,5.0,93072,PARMENTIER (RUE) COTE NÂ° PAIRS,M,"48,9683700","2,3742100",93,2019,30.0,1.0,2.0,4.0,2156211,1.0,1,4,1,5.0,,-1.0, -1,1965.0,A01,138Â 294Â 851,1.0,0.0,-1.0,1646464,1.0,7,,0.0,2.0,1.0,B01,138Â 294Â 852,0.0
964685,201900006216,2,10,20:00,5,2,2,1.0,5.0,93072,PARMENTIER (RUE) COTE NÂ° PAIRS,M,"48,9683700","2,3742100",93,2019,30.0,1.0,2.0,4.0,2156211,1.0,1,4,1,5.0,,-1.0, -1,1965.0,A01,138Â 294Â 851,1.0,0.0,-1.0,1646465,3.0,7,,0.0,2.0,4.0,C01,138Â 294Â 853,0.0
964685,201900006216,2,10,20:00,5,2,2,1.0,5.0,93072,PARMENTIER (RUE) COTE NÂ° PAIRS,M,"48,9683700","2,3742100",93,2019,30.0,1.0,2.0,4.0,2156212,1.0,1,1,2,1.0,,-1.0, -1,1965.0,B01,138Â 294Â 852,1.0,0.0,-1.0,1646463,2.0,7,,1.0,2.0,1.0,A01,138Â 294Â 851,0.0
964685,201900006216,2,10,20:00,5,2,2,1.0,5.0,93072,PARMENTIER (RUE) COTE NÂ° PAIRS,M,"48,9683700","2,3742100",93,2019,30.0,1.0,2.0,4.0,2156212,1.0,1,1,2,1.0,,-1.0, -1,1965.0,B01,138Â 294Â 852,1.0,0.0,-1.0,1646464,1.0,7,,0.0,2.0,1.0,B01,138Â 294Â 852,0.0
964685,201900006216,2,10,20:00,5,2,2,1.0,5.0,93072,PARMENTIER (RUE) COTE NÂ° PAIRS,M,"48,9683700","2,3742100",93,2019,30.0,1.0,2.0,4.0,2156212,1.0,1,1,2,1.0,,-1.0, -1,1965.0,B01,138Â 294Â 852,1.0,0.0,-1.0,1646465,3.0,7,,0.0,2.0,4.0,C01,138Â 294Â 853,0.0
964685,201900006216,2,10,20:00,5,2,2,1.0,5.0,93072,PARMENTIER (RUE) COTE NÂ° PAIRS,M,"48,9683700","2,3742100",93,2019,30.0,1.0,2.0,4.0,2156213,1.0,1,1,1,5.0,,-1.0, -1,1965.0,C01,138Â 294Â 853,1.0,0.0,-1.0,1646463,2.0,7,,1.0,2.0,1.0,A01,138Â 294Â 851,0.0
964685,201900006216,2,10,20:00,5,2,2,1.0,5.0,93072,PARMENTIER (RUE) COTE NÂ° PAIRS,M,"48,9683700","2,3742100",93,2019,30.0,1.0,2.0,4.0,2156213,1.0,1,1,1,5.0,,-1.0, -1,1965.0,C01,138Â 294Â 853,1.0,0.0,-1.0,1646464,1.0,7,,0.0,2.0,1.0,B01,138Â 294Â 852,0.0
964685,201900006216,2,10,20:00,5,2,2,1.0,5.0,93072,PARMENTIER (RUE) COTE NÂ° PAIRS,M,"48,9683700","2,3742100",93,2019,30.0,1.0,2.0,4.0,2156213,1.0,1,1,1,5.0,,-1.0, -1,1965.0,C01,138Â 294Â 853,1.0,0.0,-1.0,1646465,3.0,7,,0.0,2.0,4.0,C01,138Â 294Â 853,0.0
964686,201900006217,2,7,09:05,1,2,1,1.0,3.0,93066,METALLURGIE (AVENUE),M,"48,9090700","2,3647900",93,2019,30.0,1.0,1.0,4.0,2156214,1.0,1,1,1,1.0,,-1.0, -1,1962.0,A01,138Â 294Â 849,1.0,0.0,-1.0,1646466,1.0,3,,0.0,2.0,7.0,A01,138Â 294Â 849,0.0
964686,201900006217,2,7,09:05,1,2,1,1.0,3.0,93066,METALLURGIE (AVENUE),M,"48,9090700","2,3647900",93,2019,30.0,1.0,1.0,4.0,2156214,1.0,1,1,1,1.0,,-1.0, -1,1962.0,A01,138Â 294Â 849,1.0,0.0,-1.0,1646467,1.0,33,,0.0,2.0,1.0,B01,138Â 294Â 850,0.0
964686,201900006217,2,7,09:05,1,2,1,1.0,3.0,93066,METALLURGIE (AVENUE),M,"48,9090700","2,3647900",93,2019,30.0,1.0,1.0,4.0,2156215,1.0,1,4,1,1.0,,-1.0, -1,1986.0,B01,138Â 294Â 850,2.0,8.0,-1.0,1646466,1.0,3,,0.0,2.0,7.0,A01,138Â 294Â 849,0.0
964686,201900006217,2,7,09:05,1,2,1,1.0,3.0,93066,METALLURGIE (AVENUE),M,"48,9090700","2,3647900",93,2019,30.0,1.0,1.0,4.0,2156215,1.0,1,4,1,1.0,,-1.0, -1,1986.0,B01,138Â 294Â 850,2.0,8.0,-1.0,1646467,1.0,33,,0.0,2.0,1.0,B01,138Â 294Â 850,0.0
964687,201900006218,1,25,03:45,5,2,1,2.0,2.0,93031,REPUBLIQUE (AVENUE),M,"48,9515000","2,3221700",93,2019,50.0,3.0,2.0,3.0,2156216,1.0,1,4,1,1.0,,-1.0,0,1994.0,A01,138Â 294Â 847,8.0,5.0,-1.0,1646468,2.0,7,,0.0,2.0,1.0,A01,138Â 294Â 847,0.0
964687,201900006218,1,25,03:45,5,2,1,2.0,2.0,93031,REPUBLIQUE (AVENUE),M,"48,9515000","2,3221700",93,2019,50.0,3.0,2.0,3.0,2156216,1.0,1,4,1,1.0,,-1.0,0,1994.0,A01,138Â 294Â 847,8.0,5.0,-1.0,1646469,2.0,7,,0.0,0.0,4.0,B01,138Â 294Â 848,0.0
964687,201900006218,1,25,03:45,5,2,1,2.0,2.0,93031,REPUBLIQUE (AVENUE),M,"48,9515000","2,3221700",93,2019,50.0,3.0,2.0,3.0,2156217,4.0,2,4,1,0.0,,-1.0, -1,2001.0,B01,138Â 294Â 848,8.0,0.0,-1.0,1646468,2.0,7,,0.0,2.0,1.0,A01,138Â 294Â 847,0.0
964687,201900006218,1,25,03:45,5,2,1,2.0,2.0,93031,REPUBLIQUE (AVENUE),M,"48,9515000","2,3221700",93,2019,50.0,3.0,2.0,3.0,2156217,4.0,2,4,1,0.0,,-1.0, -1,2001.0,B01,138Â 294Â 848,8.0,0.0,-1.0,1646469,2.0,7,,0.0,0.0,4.0,B01,138Â 294Â 848,0.0
964687,201900006218,1,25,03:45,5,2,1,2.0,2.0,93031,REPUBLIQUE (AVENUE),M,"48,9515000","2,3221700",93,2019,50.0,3.0,2.0,3.0,2156218,3.0,2,4,1,0.0,,-1.0, -1,2001.0,B01,138Â 294Â 848,1.0,0.0,-1.0,1646468,2.0,7,,0.0,2.0,1.0,A01,138Â 294Â 847,0.0
964687,201900006218,1,25,03:45,5,2,1,2.0,2.0,93031,REPUBLIQUE (AVENUE),M,"48,9515000","2,3221700",93,2019,50.0,3.0,2.0,3.0,2156218,3.0,2,4,1,0.0,,-1.0, -1,2001.0,B01,138Â 294Â 848,1.0,0.0,-1.0,1646469,2.0,7,,0.0,0.0,4.0,B01,138Â 294Â 848,0.0
964688,201900006219,2,11,22:50,5,2,9,1.0,6.0,93064,ALSACE-LORRAINE (BOULEVARD),M,"48,8849000","2,4817300",93,2019,50.0,1.0,1.0,3.0,2156219,2.0,2,4,2,5.0,,-1.0, -1,1986.0,B01,138Â 294Â 846,2.0,0.0,-1.0,1646470,1.0,32,,0.0,2.0,3.0,B01,138Â 294Â 846,1.0
964688,201900006219,2,11,22:50,5,2,9,1.0,6.0,93064,ALSACE-LORRAINE (BOULEVARD),M,"48,8849000","2,4817300",93,2019,50.0,1.0,1.0,3.0,2156220,1.0,1,4,1,5.0,,-1.0,0,1975.0,B01,138Â 294Â 846,2.0,0.0,-1.0,1646470,1.0,32,,0.0,2.0,3.0,B01,138Â 294Â 846,1.0
964689,201900006220,2,7,08:30,1,2,2,8.0,6.0,93064,GARDEBLED (RUE RICHARD),M,"48,8751200","2,4839800",93,2019,30.0,1.0,2.0,4.0,2156221,1.0,1,1,1,1.0,,-1.0, -1,1971.0,A01,138Â 294Â 845,1.0,0.0,-1.0,1646471,1.0,7,,0.0,1.0,0.0,A01,138Â 294Â 845,0.0
964689,201900006220,2,7,08:30,1,2,2,8.0,6.0,93064,GARDEBLED (RUE RICHARD),M,"48,8751200","2,4839800",93,2019,30.0,1.0,2.0,4.0,2156222,10.0,3,4,1,5.0,,3.0,3,1965.0,A01,138Â 294Â 845,8.0,0.0,-1.0,1646471,1.0,7,,0.0,1.0,0.0,A01,138Â 294Â 845,0.0
964690,201900006221,2,7,10:43,1,2,4,1.0,3.0,93050,PAUL ET CAMILLE THOMOUX (RUE) COTE PAIR,M,"48,8738900","2,5296700",93,2019,50.0,1.0,1.0,3.0,2156223,1.0,1,4,1,1.0,,-1.0, -1,1996.0,B01,138Â 294Â 843,1.0,8.0,-1.0,1646472,2.0,7,,12.0,2.0,1.0,B01,138Â 294Â 843,1.0
964690,201900006221,2,7,10:43,1,2,4,1.0,3.0,93050,PAUL ET CAMILLE THOMOUX (RUE) COTE PAIR,M,"48,8738900","2,5296700",93,2019,50.0,1.0,1.0,3.0,2156223,1.0,1,4,1,1.0,,-1.0, -1,1996.0,B01,138Â 294Â 843,1.0,8.0,-1.0,1646473,1.0,3,,12.0,2.0,2.0,A01,138Â 294Â 844,1.0
964690,201900006221,2,7,10:43,1,2,4,1.0,3.0,93050,PAUL ET CAMILLE THOMOUX (RUE) COTE PAIR,M,"48,8738900","2,5296700",93,2019,50.0,1.0,1.0,3.0,2156224,1.0,1,1,2,5.0,,-1.0, -1,1951.0,A01,138Â 294Â 844,1.0,8.0,-1.0,1646472,2.0,7,,12.0,2.0,1.0,B01,138Â 294Â 843,1.0
964690,201900006221,2,7,10:43,1,2,4,1.0,3.0,93050,PAUL ET CAMILLE THOMOUX (RUE) COTE PAIR,M,"48,8738900","2,5296700",93,2019,50.0,1.0,1.0,3.0,2156224,1.0,1,1,2,5.0,,-1.0, -1,1951.0,A01,138Â 294Â 844,1.0,8.0,-1.0,1646473,1.0,3,,12.0,2.0,2.0,A01,138Â 294Â 844,1.0
964691,201900006222,2,12,12:30,1,2,1,1.0,6.0,93053,BAUDIN (RUE),M,"48,9003000","2,4361000",93,2019,30.0,1.0,1.0,4.0,2156225,10.0,3,3,2,2.0,,2.0,3,2008.0,A01,138Â 294Â 842,0.0,-1.0,-1.0,1646474,1.0,7,,0.0,1.0,7.0,A01,138Â 294Â 842,0.0
964691,201900006222,2,12,12:30,1,2,1,1.0,6.0,93053,BAUDIN (RUE),M,"48,9003000","2,4361000",93,2019,30.0,1.0,1.0,4.0,2156226,1.0,1,1,1,4.0,,0.0,0,1974.0,A01,138Â 294Â 842,1.0,0.0,-1.0,1646474,1.0,7,,0.0,1.0,7.0,A01,138Â 294Â 842,0.0
964692,201900006223,2,10,11:45,1,2,1,3.0,2.0,93053,PARIS (RUE DE),M,"48,8990900","2,4490000",93,2019,50.0,1.0,3.0,3.0,2156227,1.0,1,1,1,9.0,,-1.0, -1,1936.0,B01,138Â 294Â 840,1.0,0.0,-1.0,1646475,1.0,3,,1.0,0.0,2.0,B01,138Â 294Â 840,1.0
964692,201900006223,2,10,11:45,1,2,1,3.0,2.0,93053,PARIS (RUE DE),M,"48,8990900","2,4490000",93,2019,50.0,1.0,3.0,3.0,2156227,1.0,1,1,1,9.0,,-1.0, -1,1936.0,B01,138Â 294Â 840,1.0,0.0,-1.0,1646476,1.0,3,,1.0,0.0,6.0,A01,138Â 294Â 841,1.0
964692,201900006223,2,10,11:45,1,2,1,3.0,2.0,93053,PARIS (RUE DE),M,"48,8990900","2,4490000",93,2019,50.0,1.0,3.0,3.0,2156228,2.0,2,1,2,9.0,,-1.0, -1,1933.0,B01,138Â 294Â 840,1.0,0.0,-1.0,1646475,1.0,3,,1.0,0.0,2.0,B01,138Â 294Â 840,1.0
964692,201900006223,2,10,11:45,1,2,1,3.0,2.0,93053,PARIS (RUE DE),M,"48,8990900","2,4490000",93,2019,50.0,1.0,3.0,3.0,2156228,2.0,2,1,2,9.0,,-1.0, -1,1933.0,B01,138Â 294Â 840,1.0,0.0,-1.0,1646476,1.0,3,,1.0,0.0,6.0,A01,138Â 294Â 841,1.0
964692,201900006223,2,10,11:45,1,2,1,3.0,2.0,93053,PARIS (RUE DE),M,"48,8990900","2,4490000",93,2019,50.0,1.0,3.0,3.0,2156229,2.0,2,1,2,0.0,,-1.0, -1,1994.0,A01,138Â 294Â 841,1.0,0.0,-1.0,1646475,1.0,3,,1.0,0.0,2.0,B01,138Â 294Â 840,1.0
964692,201900006223,2,10,11:45,1,2,1,3.0,2.0,93053,PARIS (RUE DE),M,"48,8990900","2,4490000",93,2019,50.0,1.0,3.0,3.0,2156229,2.0,2,1,2,0.0,,-1.0, -1,1994.0,A01,138Â 294Â 841,1.0,0.0,-1.0,1646476,1.0,3,,1.0,0.0,6.0,A01,138Â 294Â 841,1.0
964692,201900006223,2,10,11:45,1,2,1,3.0,2.0,93053,PARIS (RUE DE),M,"48,8990900","2,4490000",93,2019,50.0,1.0,3.0,3.0,2156230,1.0,1,4,1,9.0,,-1.0, -1,1986.0,A01,138Â 294Â 841,1.0,0.0,-1.0,1646475,1.0,3,,1.0,0.0,2.0,B01,138Â 294Â 840,1.0
964692,201900006223,2,10,11:45,1,2,1,3.0,2.0,93053,PARIS (RUE DE),M,"48,8990900","2,4490000",93,2019,50.0,1.0,3.0,3.0,2156230,1.0,1,4,1,9.0,,-1.0, -1,1986.0,A01,138Â 294Â 841,1.0,0.0,-1.0,1646476,1.0,3,,1.0,0.0,6.0,A01,138Â 294Â 841,1.0
964693,201900006224,2,8,06:45,5,2,3,2.0,3.0,93053,CARNOT (RUE) NÂ° 51 A 97 BIS - 52 A 94,M,"48,8922400","2,4604500",93,2019,50.0,1.0,2.0,4.0,2156231,1.0,1,1,1,4.0,,-1.0, -1,1970.0,A01,138Â 294Â 838,1.0,0.0,-1.0,1646477,2.0,14,,12.0,1.0,2.0,A01,138Â 294Â 838,1.0
964693,201900006224,2,8,06:45,5,2,3,2.0,3.0,93053,CARNOT (RUE) NÂ° 51 A 97 BIS - 52 A 94,M,"48,8922400","2,4604500",93,2019,50.0,1.0,2.0,4.0,2156231,1.0,1,1,1,4.0,,-1.0, -1,1970.0,A01,138Â 294Â 838,1.0,0.0,-1.0,1646478,1.0,10,,1.0,1.0,7.0,B01,138Â 294Â 839,1.0
964693,201900006224,2,8,06:45,5,2,3,2.0,3.0,93053,CARNOT (RUE) NÂ° 51 A 97 BIS - 52 A 94,M,"48,8922400","2,4604500",93,2019,50.0,1.0,2.0,4.0,2156232,1.0,1,4,1,4.0,,-1.0, -1,1993.0,B01,138Â 294Â 839,1.0,0.0,-1.0,1646477,2.0,14,,12.0,1.0,2.0,A01,138Â 294Â 838,1.0
964693,201900006224,2,8,06:45,5,2,3,2.0,3.0,93053,CARNOT (RUE) NÂ° 51 A 97 BIS - 52 A 94,M,"48,8922400","2,4604500",93,2019,50.0,1.0,2.0,4.0,2156232,1.0,1,4,1,4.0,,-1.0, -1,1993.0,B01,138Â 294Â 839,1.0,0.0,-1.0,1646478,1.0,10,,1.0,1.0,7.0,B01,138Â 294Â 839,1.0
964693,201900006224,2,8,06:45,5,2,3,2.0,3.0,93053,CARNOT (RUE) NÂ° 51 A 97 BIS - 52 A 94,M,"48,8922400","2,4604500",93,2019,50.0,1.0,2.0,4.0,2156233,2.0,2,4,1,4.0,,-1.0, -1,1997.0,B01,138Â 294Â 839,1.0,0.0,-1.0,1646477,2.0,14,,12.0,1.0,2.0,A01,138Â 294Â 838,1.0
964693,201900006224,2,8,06:45,5,2,3,2.0,3.0,93053,CARNOT (RUE) NÂ° 51 A 97 BIS - 52 A 94,M,"48,8922400","2,4604500",93,2019,50.0,1.0,2.0,4.0,2156233,2.0,2,4,1,4.0,,-1.0, -1,1997.0,B01,138Â 294Â 839,1.0,0.0,-1.0,1646478,1.0,10,,1.0,1.0,7.0,B01,138Â 294Â 839,1.0
964693,201900006224,2,8,06:45,5,2,3,2.0,3.0,93053,CARNOT (RUE) NÂ° 51 A 97 BIS - 52 A 94,M,"48,8922400","2,4604500",93,2019,50.0,1.0,2.0,4.0,2156234,9.0,2,4,1,4.0,,-1.0, -1,1994.0,B01,138Â 294Â 839,1.0,0.0,-1.0,1646477,2.0,14,,12.0,1.0,2.0,A01,138Â 294Â 838,1.0
964693,201900006224,2,8,06:45,5,2,3,2.0,3.0,93053,CARNOT (RUE) NÂ° 51 A 97 BIS - 52 A 94,M,"48,8922400","2,4604500",93,2019,50.0,1.0,2.0,4.0,2156234,9.0,2,4,1,4.0,,-1.0, -1,1994.0,B01,138Â 294Â 839,1.0,0.0,-1.0,1646478,1.0,10,,1.0,1.0,7.0,B01,138Â 294Â 839,1.0
964694,201900006225,2,8,07:30,5,2,9,1.0,6.0,93051,PAVE NEUF (AVENUE),M,"48,8405311","2,5565101",93,2019,10.0,1.0,1.0,3.0,2156235,10.0,3,4,1,0.0,,9.0,1,1962.0,A01,138Â 294Â 836,0.0,0.0,-1.0,1646479,3.0,7,,0.0,1.0,3.0,A01,138Â 294Â 836,0.0
964694,201900006225,2,8,07:30,5,2,9,1.0,6.0,93051,PAVE NEUF (AVENUE),M,"48,8405311","2,5565101",93,2019,10.0,1.0,1.0,3.0,2156236,1.0,1,1,1,1.0,,-1.0, -1,1987.0,A01,138Â 294Â 836,1.0,0.0,-1.0,1646479,3.0,7,,0.0,1.0,3.0,A01,138Â 294Â 836,0.0
964695,201900006226,2,8,15:30,1,2,1,8.0,6.0,93050,ARTOIS (RUE),M,"48,8600000","2,5300000",93,2019,50.0,1.0,1.0,4.0,2156237,1.0,1,1,2,5.0,,0.0,0,1984.0,A01,138Â 294Â 835,1.0,0.0,-1.0,1646480,1.0,10,,0.0,1.0,3.0,A01,138Â 294Â 835,0.0
964695,201900006226,2,8,15:30,1,2,1,8.0,6.0,93050,ARTOIS (RUE),M,"48,8600000","2,5300000",93,2019,50.0,1.0,1.0,4.0,2156238,10.0,3,4,1,5.0,,3.0,3,1995.0,A01,138Â 294Â 835,8.0,0.0,-1.0,1646480,1.0,10,,0.0,1.0,3.0,A01,138Â 294Â 835,0.0
964696,201900006227,2,8,18:06,2,2,9,1.0,6.0,93048,GABRIEL PERI (AVENUE),M,"48,8578000","2,4385900",93,2019,50.0,1.0,1.0,3.0,2156239,10.0,3,4,1,0.0,,3.0,3,2004.0,A01,138Â 294Â 834,0.0,0.0,0.0,1646481,1.0,10,,0.0,1.0,2.0,A01,138Â 294Â 834,1.0
964696,201900006227,2,8,18:06,2,2,9,1.0,6.0,93048,GABRIEL PERI (AVENUE),M,"48,8578000","2,4385900",93,2019,50.0,1.0,1.0,3.0,2156240,1.0,1,1,1,1.0,,-1.0, -1,1962.0,A01,138Â 294Â 834,1.0,0.0,-1.0,1646481,1.0,10,,0.0,1.0,2.0,A01,138Â 294Â 834,1.0
964697,201900006228,2,11,22:30,5,2,1,1.0,3.0,93045,PASTEUR AV.,M,"48,8761000","2,4159740",93,2019,50.0,3.0,1.0,7.0,2156241,1.0,1,4,1,9.0,,-1.0, -1,1981.0,B01,138Â 294Â 830,2.0,6.0,-1.0,1646482,1.0,32,,0.0,2.0,1.0,B01,138Â 294Â 830,0.0
964697,201900006228,2,11,22:30,5,2,1,1.0,3.0,93045,PASTEUR AV.,M,"48,8761000","2,4159740",93,2019,50.0,3.0,1.0,7.0,2156241,1.0,1,4,1,9.0,,-1.0, -1,1981.0,B01,138Â 294Â 830,2.0,6.0,-1.0,1646483,1.0,10,,0.0,2.0,1.0,A01,138Â 294Â 831,1.0
964697,201900006228,2,11,22:30,5,2,1,1.0,3.0,93045,PASTEUR AV.,M,"48,8761000","2,4159740",93,2019,50.0,3.0,1.0,7.0,2156242,1.0,1,1,1,0.0,,-1.0, -1,1981.0,A01,138Â 294Â 831,1.0,0.0,-1.0,1646482,1.0,32,,0.0,2.0,1.0,B01,138Â 294Â 830,0.0
964697,201900006228,2,11,22:30,5,2,1,1.0,3.0,93045,PASTEUR AV.,M,"48,8761000","2,4159740",93,2019,50.0,3.0,1.0,7.0,2156242,1.0,1,1,1,0.0,,-1.0, -1,1981.0,A01,138Â 294Â 831,1.0,0.0,-1.0,1646483,1.0,10,,0.0,2.0,1.0,A01,138Â 294Â 831,1.0
964698,201900006229,2,8,17:03,1,2,1,1.0,6.0,93032,ARISTIDE BRIAND (RUE),M,"48,8816400","2,5344600",93,2019,50.0,1.0,1.0,3.0,2156243,10.0,3,1,1,9.0,,9.0,B,1969.0,A01,138Â 294Â 829,8.0,0.0,-1.0,1646484,1.0,7,,0.0,1.0,3.0,A01,138Â 294Â 829,0.0
964698,201900006229,2,8,17:03,1,2,1,1.0,6.0,93032,ARISTIDE BRIAND (RUE),M,"48,8816400","2,5344600",93,2019,50.0,1.0,1.0,3.0,2156244,1.0,1,1,1,0.0,,-1.0, -1,1954.0,A01,138Â 294Â 829,1.0,0.0,-1.0,1646484,1.0,7,,0.0,1.0,3.0,A01,138Â 294Â 829,0.0
964698,201900006229,2,8,17:03,1,2,1,1.0,6.0,93032,ARISTIDE BRIAND (RUE),M,"48,8816400","2,5344600",93,2019,50.0,1.0,1.0,3.0,2156245,10.0,3,4,1,5.0,,3.0,3,2014.0,A01,138Â 294Â 829,8.0,0.0,-1.0,1646484,1.0,7,,0.0,1.0,3.0,A01,138Â 294Â 829,0.0
964699,201900006230,2,11,12:00,1,2,1,8.0,6.0,93079,SAINT LEU (ROUTE),M,"48,9559200","2,3325200",93,2019,50.0,1.0,2.0,3.0,2156246,1.0,1,4,1,0.0,,-1.0, -1,1997.0,A01,138Â 294Â 827,2.0,0.0,-1.0,1646485,1.0,33,,0.0,0.0,0.0,A01,138Â 294Â 827,0.0
964699,201900006230,2,11,12:00,1,2,1,8.0,6.0,93079,SAINT LEU (ROUTE),M,"48,9559200","2,3325200",93,2019,50.0,1.0,2.0,3.0,2156246,1.0,1,4,1,0.0,,-1.0, -1,1997.0,A01,138Â 294Â 827,2.0,0.0,-1.0,1646486,1.0,7,,0.0,0.0,2.0,B01,138Â 294Â 828,0.0
964699,201900006230,2,11,12:00,1,2,1,8.0,6.0,93079,SAINT LEU (ROUTE),M,"48,9559200","2,3325200",93,2019,50.0,1.0,2.0,3.0,2156247,1.0,1,1,1,0.0,,-1.0, -1,1991.0,B01,138Â 294Â 828,1.0,0.0,-1.0,1646485,1.0,33,,0.0,0.0,0.0,A01,138Â 294Â 827,0.0
964699,201900006230,2,11,12:00,1,2,1,8.0,6.0,93079,SAINT LEU (ROUTE),M,"48,9559200","2,3325200",93,2019,50.0,1.0,2.0,3.0,2156247,1.0,1,1,1,0.0,,-1.0, -1,1991.0,B01,138Â 294Â 828,1.0,0.0,-1.0,1646486,1.0,7,,0.0,0.0,2.0,B01,138Â 294Â 828,0.0
964700,201900006231,2,9,14:30,1,2,1,1.0,5.0,93070,VICTOR-HUGO (BD),M,"48,9097100","2,3301700",93,2019,50.0,1.0,1.0,3.0,2156248,1.0,1,1,1,4.0,,-1.0, -1,1994.0,C01,138Â 294Â 825,1.0,0.0,-1.0,1646487,1.0,7,,0.0,2.0,1.0,A01,138Â 294Â 824,1.0
964700,201900006231,2,9,14:30,1,2,1,1.0,5.0,93070,VICTOR-HUGO (BD),M,"48,9097100","2,3301700",93,2019,50.0,1.0,1.0,3.0,2156248,1.0,1,1,1,4.0,,-1.0, -1,1994.0,C01,138Â 294Â 825,1.0,0.0,-1.0,1646488,1.0,7,,0.0,2.0,1.0,C01,138Â 294Â 825,1.0
964700,201900006231,2,9,14:30,1,2,1,1.0,5.0,93070,VICTOR-HUGO (BD),M,"48,9097100","2,3301700",93,2019,50.0,1.0,1.0,3.0,2156248,1.0,1,1,1,4.0,,-1.0, -1,1994.0,C01,138Â 294Â 825,1.0,0.0,-1.0,1646489,2.0,7,,0.0,2.0,1.0,B01,138Â 294Â 826,1.0
964700,201900006231,2,9,14:30,1,2,1,1.0,5.0,93070,VICTOR-HUGO (BD),M,"48,9097100","2,3301700",93,2019,50.0,1.0,1.0,3.0,2156249,3.0,2,4,2,0.0,,-1.0, -1,1966.0,B01,138Â 294Â 826,1.0,0.0,-1.0,1646487,1.0,7,,0.0,2.0,1.0,A01,138Â 294Â 824,1.0
964700,201900006231,2,9,14:30,1,2,1,1.0,5.0,93070,VICTOR-HUGO (BD),M,"48,9097100","2,3301700",93,2019,50.0,1.0,1.0,3.0,2156249,3.0,2,4,2,0.0,,-1.0, -1,1966.0,B01,138Â 294Â 826,1.0,0.0,-1.0,1646488,1.0,7,,0.0,2.0,1.0,C01,138Â 294Â 825,1.0