Unnamed: 0_x,num_acc,mois,jour,hrmn,lum,agg,int,atm,col,com,adr,gps,lat,long,dep,annee,vma,situ,surf,catr,Unnamed: 0_y,place,catu,grav,sexe,trajet,secu,locp,actp,an_nais,num_veh_x,id_vehicule_x,secu1,secu2,secu3,Unnamed: 0,senc,catv,occutc,obs,obsm,choc,num_veh_y,id_vehicule_y,motor
964700,201900006231,2,9,14:30,1,2,1,1.0,5.0,93070,VICTOR-HUGO (BD),M,"48,9097100","2,3301700",93,2019,50.0,1.0,1.0,3.0,2156249,3.0,2,4,2,0.0,,-1.0, -1,1966.0,B01,138Â 294Â 826,1.0,0.0,-1.0,1646489,2.0,7,,0.0,2.0,1.0,B01,138Â 294Â 826,1.0
964700,201900006231,2,9,14:30,1,2,1,1.0,5.0,93070,VICTOR-HUGO (BD),M,"48,9097100","2,3301700",93,2019,50.0,1.0,1.0,3.0,2156250,2.0,2,4,2,0.0,,-1.0, -1,1982.0,B01,138Â 294Â 826,1.0,0.0,-1.0,1646487,1.0,7,,0.0,2.0,1.0,A01,138Â 294Â 824,1.0
964700,201900006231,2,9,14:30,1,2,1,1.0,5.0,93070,VICTOR-HUGO (BD),M,"48,9097100","2,3301700",93,2019,50.0,1.0,1.0,3.0,2156250,2.0,2,4,2,0.0,,-1.0, -1,1982.0,B01,138Â 294Â 826,1.0,0.0,-1.0,1646488,1.0,7,,0.0,2.0,1.0,C01,138Â 294Â 825,1.0
964700,201900006231,2,9,14:30,1,2,1,1.0,5.0,93070,VICTOR-HUGO (BD),M,"48,9097100","2,3301700",93,2019,50.0,1.0,1.0,3.0,2156250,2.0,2,4,2,0.0,,-1.0, -1,1982.0,B01,138Â 294Â 826,1.0,0.0,-1.0,1646489,2.0,7,,0.0,2.0,1.0,B01,138Â 294Â 826,1.0
964700,201900006231,2,9,14:30,1,2,1,1.0,5.0,93070,VICTOR-HUGO (BD),M,"48,9097100","2,3301700",93,2019,50.0,1.0,1.0,3.0,2156251,4.0,2,4,1,0.0,,-1.0, -1,1967.0,B01,138Â 294Â 826,1.0,0.0,-1.0,1646487,1.0,7,,0.0,2.0,1.0,A01,138Â 294Â 824,1.0
964700,201900006231,2,9,14:30,1,2,1,1.0,5.0,93070,VICTOR-HUGO (BD),M,"48,9097100","2,3301700",93,2019,50.0,1.0,1.0,3.0,2156251,4.0,2,4,1,0.0,,-1.0, -1,1967.0,B01,138Â 294Â 826,1.0,0.0,-1.0,1646488,1.0,7,,0.0,2.0,1.0,C01,138Â 294Â 825,1.0
964700,201900006231,2,9,14:30,1,2,1,1.0,5.0,93070,VICTOR-HUGO (BD),M,"48,9097100","2,3301700",93,2019,50.0,1.0,1.0,3.0,2156251,4.0,2,4,1,0.0,,-1.0, -1,1967.0,B01,138Â 294Â 826,1.0,0.0,-1.0,1646489,2.0,7,,0.0,2.0,1.0,B01,138Â 294Â 826,1.0
964700,201900006231,2,9,14:30,1,2,1,1.0,5.0,93070,VICTOR-HUGO (BD),M,"48,9097100","2,3301700",93,2019,50.0,1.0,1.0,3.0,2156252,1.0,1,1,1,5.0,,-1.0, -1,1983.0,B01,138Â 294Â 826,1.0,0.0,-1.0,1646487,1.0,7,,0.0,2.0,1.0,A01,138Â 294Â 824,1.0
964700,201900006231,2,9,14:30,1,2,1,1.0,5.0,93070,VICTOR-HUGO (BD),M,"48,9097100","2,3301700",93,2019,50.0,1.0,1.0,3.0,2156252,1.0,1,1,1,5.0,,-1.0, -1,1983.0,B01,138Â 294Â 826,1.0,0.0,-1.0,1646488,1.0,7,,0.0,2.0,1.0,C01,138Â 294Â 825,1.0
964700,201900006231,2,9,14:30,1,2,1,1.0,5.0,93070,VICTOR-HUGO (BD),M,"48,9097100","2,3301700",93,2019,50.0,1.0,1.0,3.0,2156252,1.0,1,1,1,5.0,,-1.0, -1,1983.0,B01,138Â 294Â 826,1.0,0.0,-1.0,1646489,2.0,7,,0.0,2.0,1.0,B01,138Â 294Â 826,1.0
964701,201900006232,3,21,12:15,1,2,3,1.0,3.0,57463,FORT DE QUEULEU,M,"49,1020700","6,2097500",57,2019,50.0,1.0,1.0,4.0,2156253,1.0,1,1,1,4.0,,-1.0, -1,1973.0,B01,138Â 294Â 822,1.0,0.0,-1.0,1646490,3.0,37,1.0,0.0,2.0,3.0,B01,138Â 294Â 822,0.0
964701,201900006232,3,21,12:15,1,2,3,1.0,3.0,57463,FORT DE QUEULEU,M,"49,1020700","6,2097500",57,2019,50.0,1.0,1.0,4.0,2156253,1.0,1,1,1,4.0,,-1.0, -1,1973.0,B01,138Â 294Â 822,1.0,0.0,-1.0,1646491,3.0,30,,0.0,2.0,3.0,A01,138Â 294Â 823,0.0
964701,201900006232,3,21,12:15,1,2,3,1.0,3.0,57463,FORT DE QUEULEU,M,"49,1020700","6,2097500",57,2019,50.0,1.0,1.0,4.0,2156254,1.0,1,3,1,9.0,,-1.0, -1,1961.0,A01,138Â 294Â 823,2.0,8.0,-1.0,1646490,3.0,37,1.0,0.0,2.0,3.0,B01,138Â 294Â 822,0.0
964701,201900006232,3,21,12:15,1,2,3,1.0,3.0,57463,FORT DE QUEULEU,M,"49,1020700","6,2097500",57,2019,50.0,1.0,1.0,4.0,2156254,1.0,1,3,1,9.0,,-1.0, -1,1961.0,A01,138Â 294Â 823,2.0,8.0,-1.0,1646491,3.0,30,,0.0,2.0,3.0,A01,138Â 294Â 823,0.0
964702,201900006233,1,21,18:28,3,1,9,1.0,7.0,57227,CD32,M,"49,1952400","6,9406600",57,2019,70.0,1.0,1.0,3.0,2156255,1.0,1,2,1,0.0,,-1.0,0,1939.0,A01,138Â 294Â 821,8.0,0.0,-1.0,1646492,1.0,7,,0.0,0.0,1.0,A01,138Â 294Â 821,1.0
964703,201900006234,3,22,16:10,1,2,1,1.0,3.0,56260,FABRE (RUE GAL BARON),M,"47,6544000"," -2,7205000",56,2019,50.0,1.0,1.0,4.0,2156256,1.0,1,4,1,3.0,,0.0,0,1973.0,B01,138Â 294Â 819,1.0,8.0,-1.0,1646493,2.0,7,,0.0,2.0,5.0,B01,138Â 294Â 819,0.0
964703,201900006234,3,22,16:10,1,2,1,1.0,3.0,56260,FABRE (RUE GAL BARON),M,"47,6544000"," -2,7205000",56,2019,50.0,1.0,1.0,4.0,2156256,1.0,1,4,1,3.0,,0.0,0,1973.0,B01,138Â 294Â 819,1.0,8.0,-1.0,1646494,3.0,7,,0.0,2.0,3.0,A01,138Â 294Â 820,0.0
964703,201900006234,3,22,16:10,1,2,1,1.0,3.0,56260,FABRE (RUE GAL BARON),M,"47,6544000"," -2,7205000",56,2019,50.0,1.0,1.0,4.0,2156257,1.0,1,1,1,3.0,,0.0,0,1953.0,A01,138Â 294Â 820,1.0,8.0,-1.0,1646493,2.0,7,,0.0,2.0,5.0,B01,138Â 294Â 819,0.0
964703,201900006234,3,22,16:10,1,2,1,1.0,3.0,56260,FABRE (RUE GAL BARON),M,"47,6544000"," -2,7205000",56,2019,50.0,1.0,1.0,4.0,2156257,1.0,1,1,1,3.0,,0.0,0,1953.0,A01,138Â 294Â 820,1.0,8.0,-1.0,1646494,3.0,7,,0.0,2.0,3.0,A01,138Â 294Â 820,0.0
964704,201900006235,3,22,08:45,1,2,6,1.0,3.0,56260,ILES (GIRATOIRE DES),M,"47,6532100"," -2,7835300",56,2019,50.0,1.0,1.0,3.0,2156258,1.0,1,3,1,2.0,,-1.0, -1,2004.0,A01,138Â 294Â 817,2.0,0.0,-1.0,1646495,2.0,2,,0.0,2.0,1.0,A01,138Â 294Â 817,1.0
964704,201900006235,3,22,08:45,1,2,6,1.0,3.0,56260,ILES (GIRATOIRE DES),M,"47,6532100"," -2,7835300",56,2019,50.0,1.0,1.0,3.0,2156258,1.0,1,3,1,2.0,,-1.0, -1,2004.0,A01,138Â 294Â 817,2.0,0.0,-1.0,1646496,1.0,7,,0.0,2.0,3.0,B01,138Â 294Â 818,1.0
964704,201900006235,3,22,08:45,1,2,6,1.0,3.0,56260,ILES (GIRATOIRE DES),M,"47,6532100"," -2,7835300",56,2019,50.0,1.0,1.0,3.0,2156259,1.0,1,1,2,1.0,,-1.0, -1,1973.0,B01,138Â 294Â 818,1.0,0.0,-1.0,1646495,2.0,2,,0.0,2.0,1.0,A01,138Â 294Â 817,1.0
964704,201900006235,3,22,08:45,1,2,6,1.0,3.0,56260,ILES (GIRATOIRE DES),M,"47,6532100"," -2,7835300",56,2019,50.0,1.0,1.0,3.0,2156259,1.0,1,1,2,1.0,,-1.0, -1,1973.0,B01,138Â 294Â 818,1.0,0.0,-1.0,1646496,1.0,7,,0.0,2.0,3.0,B01,138Â 294Â 818,1.0
964705,201900006236,3,20,09:10,1,2,2,1.0,3.0,56121,KERMELO ( ET IMP. DE ),M,"47,7363500"," -3,3855100",56,2019,30.0,1.0,1.0,4.0,2156260,1.0,1,4,1,5.0,,0.0,0,2005.0,B01,138Â 294Â 815,2.0,0.0,-1.0,1646497,2.0,1,,0.0,2.0,1.0,B01,138Â 294Â 815,5.0
964705,201900006236,3,20,09:10,1,2,2,1.0,3.0,56121,KERMELO ( ET IMP. DE ),M,"47,7363500"," -3,3855100",56,2019,30.0,1.0,1.0,4.0,2156260,1.0,1,4,1,5.0,,0.0,0,2005.0,B01,138Â 294Â 815,2.0,0.0,-1.0,1646498,1.0,7,,0.0,2.0,2.0,A01,138Â 294Â 816,1.0
964705,201900006236,3,20,09:10,1,2,2,1.0,3.0,56121,KERMELO ( ET IMP. DE ),M,"47,7363500"," -3,3855100",56,2019,30.0,1.0,1.0,4.0,2156261,1.0,1,1,1,5.0,,0.0,0,1953.0,A01,138Â 294Â 816,1.0,8.0,-1.0,1646497,2.0,1,,0.0,2.0,1.0,B01,138Â 294Â 815,5.0
964705,201900006236,3,20,09:10,1,2,2,1.0,3.0,56121,KERMELO ( ET IMP. DE ),M,"47,7363500"," -3,3855100",56,2019,30.0,1.0,1.0,4.0,2156261,1.0,1,1,1,5.0,,0.0,0,1953.0,A01,138Â 294Â 816,1.0,8.0,-1.0,1646498,1.0,7,,0.0,2.0,2.0,A01,138Â 294Â 816,1.0
964706,201900006237,3,21,18:25,2,2,1,1.0,6.0,54395,BROT (Rue Marcel),M,"48,6812090","6,2037920",54,2019,50.0,1.0,1.0,4.0,2156262,1.0,1,1,1,0.0,,-1.0,0,1985.0,A01,138Â 294Â 813,1.0,0.0,-1.0,1646499,1.0,7,,0.0,2.0,0.0,A01,138Â 294Â 813,1.0
964706,201900006237,3,21,18:25,2,2,1,1.0,6.0,54395,BROT (Rue Marcel),M,"48,6812090","6,2037920",54,2019,50.0,1.0,1.0,4.0,2156262,1.0,1,1,1,0.0,,-1.0,0,1985.0,A01,138Â 294Â 813,1.0,0.0,-1.0,1646500,1.0,33,,0.0,2.0,0.0,B01,138Â 294Â 814,1.0
964706,201900006237,3,21,18:25,2,2,1,1.0,6.0,54395,BROT (Rue Marcel),M,"48,6812090","6,2037920",54,2019,50.0,1.0,1.0,4.0,2156263,1.0,1,4,2,0.0,,-1.0,0,1991.0,B01,138Â 294Â 814,2.0,0.0,-1.0,1646499,1.0,7,,0.0,2.0,0.0,A01,138Â 294Â 813,1.0
964706,201900006237,3,21,18:25,2,2,1,1.0,6.0,54395,BROT (Rue Marcel),M,"48,6812090","6,2037920",54,2019,50.0,1.0,1.0,4.0,2156263,1.0,1,4,2,0.0,,-1.0,0,1991.0,B01,138Â 294Â 814,2.0,0.0,-1.0,1646500,1.0,33,,0.0,2.0,0.0,B01,138Â 294Â 814,1.0
964707,201900006238,3,21,19:40,2,2,1,1.0,6.0,54357,av Raymond Pinchard,M,"48,7049810","6,1576590",54,2019,50.0,1.0,1.0,4.0,2156264,1.0,1,4,1,0.0,,-1.0,0,1981.0,B01,138Â 294Â 811,1.0,0.0,-1.0,1646501,1.0,7,,0.0,2.0,0.0,B01,138Â 294Â 811,1.0
964707,201900006238,3,21,19:40,2,2,1,1.0,6.0,54357,av Raymond Pinchard,M,"48,7049810","6,1576590",54,2019,50.0,1.0,1.0,4.0,2156264,1.0,1,4,1,0.0,,-1.0,0,1981.0,B01,138Â 294Â 811,1.0,0.0,-1.0,1646502,1.0,7,,0.0,2.0,0.0,A01,138Â 294Â 812,1.0
964708,201900006239,3,21,06:20,2,2,1,1.0,7.0,54395,LECLERC (AV. DU GENE,M,"48,6692640","6,1694610",54,2019,50.0,1.0,1.0,4.0,2156265,10.0,3,3,1,0.0,,1.0,3,1994.0,A01,138Â 294Â 810,8.0,0.0,-1.0,1646503,1.0,7,,0.0,1.0,0.0,A01,138Â 294Â 810,1.0
964708,201900006239,3,21,06:20,2,2,1,1.0,7.0,54395,LECLERC (AV. DU GENE,M,"48,6692640","6,1694610",54,2019,50.0,1.0,1.0,4.0,2156266,1.0,1,1,1,0.0,,-1.0,0,1958.0,A01,138Â 294Â 810,1.0,0.0,-1.0,1646503,1.0,7,,0.0,1.0,0.0,A01,138Â 294Â 810,1.0
964709,201900006240,3,20,18:32,2,2,1,1.0,7.0,54357,RABODEAU (RUE DU),M,"48,7013450","6,1313510",54,2019,30.0,1.0,1.0,4.0,2156267,10.0,3,4,2,5.0,,9.0,6,1981.0,Z01,138Â 294Â 809,8.0,0.0,-1.0,1646504,1.0,7,,0.0,1.0,0.0,Z01,138Â 294Â 809,1.0
964710,201900006241,3,19,16:44,1,2,1,1.0,6.0,54395,LAMOUR (RUE JEAN),M,"48,7005730","6,1735510",54,2019,50.0,1.0,1.0,4.0,2156268,1.0,1,1,1,0.0,,-1.0,0,1943.0,B01,138Â 294Â 807,1.0,0.0,-1.0,1646505,1.0,7,,0.0,2.0,0.0,B01,138Â 294Â 807,1.0
964710,201900006241,3,19,16:44,1,2,1,1.0,6.0,54395,LAMOUR (RUE JEAN),M,"48,7005730","6,1735510",54,2019,50.0,1.0,1.0,4.0,2156268,1.0,1,1,1,0.0,,-1.0,0,1943.0,B01,138Â 294Â 807,1.0,0.0,-1.0,1646506,1.0,1,,0.0,2.0,0.0,A01,138Â 294Â 808,5.0
964710,201900006241,3,19,16:44,1,2,1,1.0,6.0,54395,LAMOUR (RUE JEAN),M,"48,7005730","6,1735510",54,2019,50.0,1.0,1.0,4.0,2156269,1.0,1,3,1,0.0,,-1.0,0,1992.0,A01,138Â 294Â 808,8.0,0.0,-1.0,1646505,1.0,7,,0.0,2.0,0.0,B01,138Â 294Â 807,1.0
964710,201900006241,3,19,16:44,1,2,1,1.0,6.0,54395,LAMOUR (RUE JEAN),M,"48,7005730","6,1735510",54,2019,50.0,1.0,1.0,4.0,2156269,1.0,1,3,1,0.0,,-1.0,0,1992.0,A01,138Â 294Â 808,8.0,0.0,-1.0,1646506,1.0,1,,0.0,2.0,0.0,A01,138Â 294Â 808,5.0
964711,201900006242,3,23,11:15,1,2,1,1.0,7.0,54329,RUE D' ALSACE,M,"48,5906500","6,5008100",54,2019,50.0,1.0,1.0,4.0,2156270,10.0,3,2,1,5.0,,1.0,5,2017.0,A01,138Â 294Â 806,8.0,0.0,-1.0,1646507,1.0,10,,0.0,1.0,0.0,A01,138Â 294Â 806,1.0
964711,201900006242,3,23,11:15,1,2,1,1.0,7.0,54329,RUE D' ALSACE,M,"48,5906500","6,5008100",54,2019,50.0,1.0,1.0,4.0,2156271,1.0,1,1,1,9.0,,0.0,0,1970.0,A01,138Â 294Â 806,1.0,8.0,-1.0,1646507,1.0,10,,0.0,1.0,0.0,A01,138Â 294Â 806,1.0
964712,201900006243,3,22,20:45,3,2,1,1.0,7.0,53130,BRETAGNE ( AVENUE DE ),M,"48,0686460"," -0,8013830",53,2019,70.0,1.0,1.0,3.0,2156272,1.0,1,3,1,5.0,,-1.0, -1,1986.0,A01,138Â 294Â 805,2.0,8.0,-1.0,1646508,2.0,33,,0.0,2.0,0.0,A01,138Â 294Â 805,1.0
964713,201900006244,3,21,19:55,5,2,2,1.0,5.0,51454,AVENUE DU GENERAL EISENHOWER,M,"49,2401800","4,0098900",51,2019,50.0,1.0,1.0,4.0,2156273,1.0,1,1,1,5.0,,-1.0,0,1979.0,B01,138Â 294Â 802,1.0,0.0,-1.0,1646509,2.0,7,,0.0,2.0,7.0,B01,138Â 294Â 802,1.0
964713,201900006244,3,21,19:55,5,2,2,1.0,5.0,51454,AVENUE DU GENERAL EISENHOWER,M,"49,2401800","4,0098900",51,2019,50.0,1.0,1.0,4.0,2156273,1.0,1,1,1,5.0,,-1.0,0,1979.0,B01,138Â 294Â 802,1.0,0.0,-1.0,1646510,2.0,7,,0.0,2.0,1.0,A01,138Â 294Â 803,1.0
964713,201900006244,3,21,19:55,5,2,2,1.0,5.0,51454,AVENUE DU GENERAL EISENHOWER,M,"49,2401800","4,0098900",51,2019,50.0,1.0,1.0,4.0,2156273,1.0,1,1,1,5.0,,-1.0,0,1979.0,B01,138Â 294Â 802,1.0,0.0,-1.0,1646511,2.0,7,,0.0,2.0,2.0,C01,138Â 294Â 804,1.0
964713,201900006244,3,21,19:55,5,2,2,1.0,5.0,51454,AVENUE DU GENERAL EISENHOWER,M,"49,2401800","4,0098900",51,2019,50.0,1.0,1.0,4.0,2156274,2.0,2,4,2,5.0,,-1.0,0,1948.0,B01,138Â 294Â 802,1.0,0.0,-1.0,1646509,2.0,7,,0.0,2.0,7.0,B01,138Â 294Â 802,1.0
964713,201900006244,3,21,19:55,5,2,2,1.0,5.0,51454,AVENUE DU GENERAL EISENHOWER,M,"49,2401800","4,0098900",51,2019,50.0,1.0,1.0,4.0,2156274,2.0,2,4,2,5.0,,-1.0,0,1948.0,B01,138Â 294Â 802,1.0,0.0,-1.0,1646510,2.0,7,,0.0,2.0,1.0,A01,138Â 294Â 803,1.0
964713,201900006244,3,21,19:55,5,2,2,1.0,5.0,51454,AVENUE DU GENERAL EISENHOWER,M,"49,2401800","4,0098900",51,2019,50.0,1.0,1.0,4.0,2156274,2.0,2,4,2,5.0,,-1.0,0,1948.0,B01,138Â 294Â 802,1.0,0.0,-1.0,1646511,2.0,7,,0.0,2.0,2.0,C01,138Â 294Â 804,1.0
964713,201900006244,3,21,19:55,5,2,2,1.0,5.0,51454,AVENUE DU GENERAL EISENHOWER,M,"49,2401800","4,0098900",51,2019,50.0,1.0,1.0,4.0,2156275,3.0,2,4,2,5.0,,-1.0,0,1973.0,B01,138Â 294Â 802,1.0,0.0,-1.0,1646509,2.0,7,,0.0,2.0,7.0,B01,138Â 294Â 802,1.0
964713,201900006244,3,21,19:55,5,2,2,1.0,5.0,51454,AVENUE DU GENERAL EISENHOWER,M,"49,2401800","4,0098900",51,2019,50.0,1.0,1.0,4.0,2156275,3.0,2,4,2,5.0,,-1.0,0,1973.0,B01,138Â 294Â 802,1.0,0.0,-1.0,1646510,2.0,7,,0.0,2.0,1.0,A01,138Â 294Â 803,1.0
964713,201900006244,3,21,19:55,5,2,2,1.0,5.0,51454,AVENUE DU GENERAL EISENHOWER,M,"49,2401800","4,0098900",51,2019,50.0,1.0,1.0,4.0,2156275,3.0,2,4,2,5.0,,-1.0,0,1973.0,B01,138Â 294Â 802,1.0,0.0,-1.0,1646511,2.0,7,,0.0,2.0,2.0,C01,138Â 294Â 804,1.0
964713,201900006244,3,21,19:55,5,2,2,1.0,5.0,51454,AVENUE DU GENERAL EISENHOWER,M,"49,2401800","4,0098900",51,2019,50.0,1.0,1.0,4.0,2156276,4.0,2,1,2,5.0,,-1.0,0,2019.0,B01,138Â 294Â 802,3.0,8.0,-1.0,1646509,2.0,7,,0.0,2.0,7.0,B01,138Â 294Â 802,1.0
964713,201900006244,3,21,19:55,5,2,2,1.0,5.0,51454,AVENUE DU GENERAL EISENHOWER,M,"49,2401800","4,0098900",51,2019,50.0,1.0,1.0,4.0,2156276,4.0,2,1,2,5.0,,-1.0,0,2019.0,B01,138Â 294Â 802,3.0,8.0,-1.0,1646510,2.0,7,,0.0,2.0,1.0,A01,138Â 294Â 803,1.0
964713,201900006244,3,21,19:55,5,2,2,1.0,5.0,51454,AVENUE DU GENERAL EISENHOWER,M,"49,2401800","4,0098900",51,2019,50.0,1.0,1.0,4.0,2156276,4.0,2,1,2,5.0,,-1.0,0,2019.0,B01,138Â 294Â 802,3.0,8.0,-1.0,1646511,2.0,7,,0.0,2.0,2.0,C01,138Â 294Â 804,1.0
964713,201900006244,3,21,19:55,5,2,2,1.0,5.0,51454,AVENUE DU GENERAL EISENHOWER,M,"49,2401800","4,0098900",51,2019,50.0,1.0,1.0,4.0,2156277,1.0,1,1,1,5.0,,-1.0,0,1997.0,A01,138Â 294Â 803,1.0,0.0,-1.0,1646509,2.0,7,,0.0,2.0,7.0,B01,138Â 294Â 802,1.0
964713,201900006244,3,21,19:55,5,2,2,1.0,5.0,51454,AVENUE DU GENERAL EISENHOWER,M,"49,2401800","4,0098900",51,2019,50.0,1.0,1.0,4.0,2156277,1.0,1,1,1,5.0,,-1.0,0,1997.0,A01,138Â 294Â 803,1.0,0.0,-1.0,1646510,2.0,7,,0.0,2.0,1.0,A01,138Â 294Â 803,1.0
964713,201900006244,3,21,19:55,5,2,2,1.0,5.0,51454,AVENUE DU GENERAL EISENHOWER,M,"49,2401800","4,0098900",51,2019,50.0,1.0,1.0,4.0,2156277,1.0,1,1,1,5.0,,-1.0,0,1997.0,A01,138Â 294Â 803,1.0,0.0,-1.0,1646511,2.0,7,,0.0,2.0,2.0,C01,138Â 294Â 804,1.0
964713,201900006244,3,21,19:55,5,2,2,1.0,5.0,51454,AVENUE DU GENERAL EISENHOWER,M,"49,2401800","4,0098900",51,2019,50.0,1.0,1.0,4.0,2156278,1.0,1,1,1,9.0,,-1.0,0,1992.0,C01,138Â 294Â 804,1.0,0.0,-1.0,1646509,2.0,7,,0.0,2.0,7.0,B01,138Â 294Â 802,1.0
964713,201900006244,3,21,19:55,5,2,2,1.0,5.0,51454,AVENUE DU GENERAL EISENHOWER,M,"49,2401800","4,0098900",51,2019,50.0,1.0,1.0,4.0,2156278,1.0,1,1,1,9.0,,-1.0,0,1992.0,C01,138Â 294Â 804,1.0,0.0,-1.0,1646510,2.0,7,,0.0,2.0,1.0,A01,138Â 294Â 803,1.0
964713,201900006244,3,21,19:55,5,2,2,1.0,5.0,51454,AVENUE DU GENERAL EISENHOWER,M,"49,2401800","4,0098900",51,2019,50.0,1.0,1.0,4.0,2156278,1.0,1,1,1,9.0,,-1.0,0,1992.0,C01,138Â 294Â 804,1.0,0.0,-1.0,1646511,2.0,7,,0.0,2.0,2.0,C01,138Â 294Â 804,1.0
964714,201900006245,3,20,17:35,1,2,1,1.0,4.0,51454,AVENUE BREBANT,M,"49,2539800","4,0177200",51,2019,50.0,1.0,1.0,4.0,2156279,1.0,1,1,1,9.0,,-1.0,0,1955.0,A01,138Â 294Â 799,1.0,8.0,-1.0,1646512,1.0,7,,0.0,2.0,1.0,A01,138Â 294Â 799,1.0
964714,201900006245,3,20,17:35,1,2,1,1.0,4.0,51454,AVENUE BREBANT,M,"49,2539800","4,0177200",51,2019,50.0,1.0,1.0,4.0,2156279,1.0,1,1,1,9.0,,-1.0,0,1955.0,A01,138Â 294Â 799,1.0,8.0,-1.0,1646513,0.0,7,,0.0,2.0,4.0,C01,138Â 294Â 800,1.0
964714,201900006245,3,20,17:35,1,2,1,1.0,4.0,51454,AVENUE BREBANT,M,"49,2539800","4,0177200",51,2019,50.0,1.0,1.0,4.0,2156279,1.0,1,1,1,9.0,,-1.0,0,1955.0,A01,138Â 294Â 799,1.0,8.0,-1.0,1646514,1.0,7,,0.0,2.0,4.0,B01,138Â 294Â 801,1.0
964714,201900006245,3,20,17:35,1,2,1,1.0,4.0,51454,AVENUE BREBANT,M,"49,2539800","4,0177200",51,2019,50.0,1.0,1.0,4.0,2156280,1.0,1,4,2,0.0,,-1.0,0,1974.0,C01,138Â 294Â 800,1.0,8.0,-1.0,1646512,1.0,7,,0.0,2.0,1.0,A01,138Â 294Â 799,1.0
964714,201900006245,3,20,17:35,1,2,1,1.0,4.0,51454,AVENUE BREBANT,M,"49,2539800","4,0177200",51,2019,50.0,1.0,1.0,4.0,2156280,1.0,1,4,2,0.0,,-1.0,0,1974.0,C01,138Â 294Â 800,1.0,8.0,-1.0,1646513,0.0,7,,0.0,2.0,4.0,C01,138Â 294Â 800,1.0
964714,201900006245,3,20,17:35,1,2,1,1.0,4.0,51454,AVENUE BREBANT,M,"49,2539800","4,0177200",51,2019,50.0,1.0,1.0,4.0,2156280,1.0,1,4,2,0.0,,-1.0,0,1974.0,C01,138Â 294Â 800,1.0,8.0,-1.0,1646514,1.0,7,,0.0,2.0,4.0,B01,138Â 294Â 801,1.0
964714,201900006245,3,20,17:35,1,2,1,1.0,4.0,51454,AVENUE BREBANT,M,"49,2539800","4,0177200",51,2019,50.0,1.0,1.0,4.0,2156281,1.0,1,1,2,5.0,,-1.0,0,1997.0,B01,138Â 294Â 801,1.0,0.0,-1.0,1646512,1.0,7,,0.0,2.0,1.0,A01,138Â 294Â 799,1.0
964714,201900006245,3,20,17:35,1,2,1,1.0,4.0,51454,AVENUE BREBANT,M,"49,2539800","4,0177200",51,2019,50.0,1.0,1.0,4.0,2156281,1.0,1,1,2,5.0,,-1.0,0,1997.0,B01,138Â 294Â 801,1.0,0.0,-1.0,1646513,0.0,7,,0.0,2.0,4.0,C01,138Â 294Â 800,1.0
964714,201900006245,3,20,17:35,1,2,1,1.0,4.0,51454,AVENUE BREBANT,M,"49,2539800","4,0177200",51,2019,50.0,1.0,1.0,4.0,2156281,1.0,1,1,2,5.0,,-1.0,0,1997.0,B01,138Â 294Â 801,1.0,0.0,-1.0,1646514,1.0,7,,0.0,2.0,4.0,B01,138Â 294Â 801,1.0
964715,201900006246,3,20,11:40,1,2,7,1.0,3.0,51108,RUE DE LA ROCHEFOUCAULD LIANCOURT,M,"48,9582900","4,3588500",51,2019,50.0,2.0,1.0,4.0,2156282,2.0,2,4,2,0.0,,-1.0,0,1943.0,B01,138Â 294Â 797,1.0,0.0,-1.0,1646515,2.0,7,,0.0,2.0,3.0,B01,138Â 294Â 797,1.0
964715,201900006246,3,20,11:40,1,2,7,1.0,3.0,51108,RUE DE LA ROCHEFOUCAULD LIANCOURT,M,"48,9582900","4,3588500",51,2019,50.0,2.0,1.0,4.0,2156282,2.0,2,4,2,0.0,,-1.0,0,1943.0,B01,138Â 294Â 797,1.0,0.0,-1.0,1646516,2.0,7,,0.0,2.0,2.0,A01,138Â 294Â 798,6.0
964715,201900006246,3,20,11:40,1,2,7,1.0,3.0,51108,RUE DE LA ROCHEFOUCAULD LIANCOURT,M,"48,9582900","4,3588500",51,2019,50.0,2.0,1.0,4.0,2156283,1.0,1,1,1,0.0,,-1.0,0,1966.0,B01,138Â 294Â 797,1.0,8.0,-1.0,1646515,2.0,7,,0.0,2.0,3.0,B01,138Â 294Â 797,1.0
964715,201900006246,3,20,11:40,1,2,7,1.0,3.0,51108,RUE DE LA ROCHEFOUCAULD LIANCOURT,M,"48,9582900","4,3588500",51,2019,50.0,2.0,1.0,4.0,2156283,1.0,1,1,1,0.0,,-1.0,0,1966.0,B01,138Â 294Â 797,1.0,8.0,-1.0,1646516,2.0,7,,0.0,2.0,2.0,A01,138Â 294Â 798,6.0
964715,201900006246,3,20,11:40,1,2,7,1.0,3.0,51108,RUE DE LA ROCHEFOUCAULD LIANCOURT,M,"48,9582900","4,3588500",51,2019,50.0,2.0,1.0,4.0,2156284,1.0,1,1,1,5.0,,-1.0,0,2001.0,A01,138Â 294Â 798,8.0,0.0,-1.0,1646515,2.0,7,,0.0,2.0,3.0,B01,138Â 294Â 797,1.0
964715,201900006246,3,20,11:40,1,2,7,1.0,3.0,51108,RUE DE LA ROCHEFOUCAULD LIANCOURT,M,"48,9582900","4,3588500",51,2019,50.0,2.0,1.0,4.0,2156284,1.0,1,1,1,5.0,,-1.0,0,2001.0,A01,138Â 294Â 798,8.0,0.0,-1.0,1646516,2.0,7,,0.0,2.0,2.0,A01,138Â 294Â 798,6.0