Unnamed: 0_x,num_acc,mois,jour,hrmn,lum,agg,int,atm,col,com,adr,gps,lat,long,dep,annee,vma,situ,surf,catr,Unnamed: 0_y,place,catu,grav,sexe,trajet,secu,locp,actp,an_nais,num_veh_x,id_vehicule_x,secu1,secu2,secu3,Unnamed: 0,senc,catv,occutc,obs,obsm,choc,num_veh_y,id_vehicule_y,motor
964716,201900006247,3,19,20:27,5,2,2,1.0,3.0,50218,VENDEENS (AV DES),M,"48,8355740"," -1,5799300",50,2019,50.0,1.0,1.0,4.0,2156285,1.0,1,1,1,4.0,,0.0,0,1961.0,A01,138Â 294Â 795,1.0,8.0,-1.0,1646517,1.0,7,,0.0,2.0,1.0,A01,138Â 294Â 795,1.0
964716,201900006247,3,19,20:27,5,2,2,1.0,3.0,50218,VENDEENS (AV DES),M,"48,8355740"," -1,5799300",50,2019,50.0,1.0,1.0,4.0,2156285,1.0,1,1,1,4.0,,0.0,0,1961.0,A01,138Â 294Â 795,1.0,8.0,-1.0,1646518,1.0,7,,0.0,2.0,8.0,B01,138Â 294Â 796,1.0
964716,201900006247,3,19,20:27,5,2,2,1.0,3.0,50218,VENDEENS (AV DES),M,"48,8355740"," -1,5799300",50,2019,50.0,1.0,1.0,4.0,2156286,4.0,2,4,2,5.0,,0.0,0,1971.0,B01,138Â 294Â 796,1.0,8.0,-1.0,1646517,1.0,7,,0.0,2.0,1.0,A01,138Â 294Â 795,1.0
964716,201900006247,3,19,20:27,5,2,2,1.0,3.0,50218,VENDEENS (AV DES),M,"48,8355740"," -1,5799300",50,2019,50.0,1.0,1.0,4.0,2156286,4.0,2,4,2,5.0,,0.0,0,1971.0,B01,138Â 294Â 796,1.0,8.0,-1.0,1646518,1.0,7,,0.0,2.0,8.0,B01,138Â 294Â 796,1.0
964716,201900006247,3,19,20:27,5,2,2,1.0,3.0,50218,VENDEENS (AV DES),M,"48,8355740"," -1,5799300",50,2019,50.0,1.0,1.0,4.0,2156287,1.0,1,4,2,5.0,,0.0,0,1957.0,B01,138Â 294Â 796,1.0,8.0,-1.0,1646517,1.0,7,,0.0,2.0,1.0,A01,138Â 294Â 795,1.0
964716,201900006247,3,19,20:27,5,2,2,1.0,3.0,50218,VENDEENS (AV DES),M,"48,8355740"," -1,5799300",50,2019,50.0,1.0,1.0,4.0,2156287,1.0,1,4,2,5.0,,0.0,0,1957.0,B01,138Â 294Â 796,1.0,8.0,-1.0,1646518,1.0,7,,0.0,2.0,8.0,B01,138Â 294Â 796,1.0
964716,201900006247,3,19,20:27,5,2,2,1.0,3.0,50218,VENDEENS (AV DES),M,"48,8355740"," -1,5799300",50,2019,50.0,1.0,1.0,4.0,2156288,6.0,2,4,1,5.0,,0.0,0,1969.0,B01,138Â 294Â 796,1.0,8.0,-1.0,1646517,1.0,7,,0.0,2.0,1.0,A01,138Â 294Â 795,1.0
964716,201900006247,3,19,20:27,5,2,2,1.0,3.0,50218,VENDEENS (AV DES),M,"48,8355740"," -1,5799300",50,2019,50.0,1.0,1.0,4.0,2156288,6.0,2,4,1,5.0,,0.0,0,1969.0,B01,138Â 294Â 796,1.0,8.0,-1.0,1646518,1.0,7,,0.0,2.0,8.0,B01,138Â 294Â 796,1.0
964717,201900006248,3,19,09:00,1,2,1,1.0,1.0,50602,MARITIME (BOULEVARD),M,"49,6476900"," -1,5922100",50,2019,50.0,1.0,1.0,4.0,2156289,1.0,1,4,1,5.0,,-1.0,0,1997.0,A01,138Â 294Â 793,2.0,0.0,-1.0,1646519,0.0,2,,0.0,2.0,1.0,A01,138Â 294Â 793,1.0
964717,201900006248,3,19,09:00,1,2,1,1.0,1.0,50602,MARITIME (BOULEVARD),M,"49,6476900"," -1,5922100",50,2019,50.0,1.0,1.0,4.0,2156289,1.0,1,4,1,5.0,,-1.0,0,1997.0,A01,138Â 294Â 793,2.0,0.0,-1.0,1646520,0.0,7,,0.0,2.0,3.0,B01,138Â 294Â 794,1.0
964717,201900006248,3,19,09:00,1,2,1,1.0,1.0,50602,MARITIME (BOULEVARD),M,"49,6476900"," -1,5922100",50,2019,50.0,1.0,1.0,4.0,2156290,1.0,1,1,2,1.0,,-1.0,0,1990.0,B01,138Â 294Â 794,1.0,0.0,-1.0,1646519,0.0,2,,0.0,2.0,1.0,A01,138Â 294Â 793,1.0
964717,201900006248,3,19,09:00,1,2,1,1.0,1.0,50602,MARITIME (BOULEVARD),M,"49,6476900"," -1,5922100",50,2019,50.0,1.0,1.0,4.0,2156290,1.0,1,1,2,1.0,,-1.0,0,1990.0,B01,138Â 294Â 794,1.0,0.0,-1.0,1646520,0.0,7,,0.0,2.0,3.0,B01,138Â 294Â 794,1.0
964718,201900006249,3,19,07:50,1,2,1,1.0,6.0,50129,VOSGES (RUE DES),M,"49,6290500"," -1,6205200",50,2019,50.0,1.0,2.0,4.0,2156291,1.0,1,4,1,2.0,,-1.0,0,2001.0,A01,138Â 294Â 792,1.0,8.0,-1.0,1646521,0.0,7,,1.0,0.0,1.0,A01,138Â 294Â 792,1.0
964719,201900006250,3,20,14:05,1,2,1,1.0,6.0,49328,AULNES (RUE DES),M,"47,2618100"," -0,0690300",49,2019,50.0,1.0,1.0,4.0,2156292,10.0,3,4,1,5.0,,1.0,5,2007.0,A01,138Â 294Â 791,8.0,0.0,-1.0,1646522,2.0,7,,0.0,1.0,7.0,A01,138Â 294Â 791,1.0
964719,201900006250,3,20,14:05,1,2,1,1.0,6.0,49328,AULNES (RUE DES),M,"47,2618100"," -0,0690300",49,2019,50.0,1.0,1.0,4.0,2156293,1.0,1,1,1,9.0,,-1.0,0,1980.0,A01,138Â 294Â 791,1.0,0.0,-1.0,1646522,2.0,7,,0.0,1.0,7.0,A01,138Â 294Â 791,1.0
964720,201900006251,3,19,19:40,1,2,1,1.0,1.0,49328,JOLY LETERME (BOULEVARD),M,"47,2660200"," -0,0771800",49,2019,50.0,1.0,1.0,4.0,2156294,1.0,1,4,2,5.0,,-1.0,0,1979.0,A01,138Â 294Â 789,1.0,0.0,-1.0,1646523,1.0,7,,0.0,2.0,3.0,A01,138Â 294Â 789,1.0
964720,201900006251,3,19,19:40,1,2,1,1.0,1.0,49328,JOLY LETERME (BOULEVARD),M,"47,2660200"," -0,0771800",49,2019,50.0,1.0,1.0,4.0,2156294,1.0,1,4,2,5.0,,-1.0,0,1979.0,A01,138Â 294Â 789,1.0,0.0,-1.0,1646524,1.0,7,,0.0,2.0,3.0,B01,138Â 294Â 790,0.0
964720,201900006251,3,19,19:40,1,2,1,1.0,1.0,49328,JOLY LETERME (BOULEVARD),M,"47,2660200"," -0,0771800",49,2019,50.0,1.0,1.0,4.0,2156295,1.0,1,4,2,5.0,,-1.0,0,1991.0,B01,138Â 294Â 790,1.0,0.0,-1.0,1646523,1.0,7,,0.0,2.0,3.0,A01,138Â 294Â 789,1.0
964720,201900006251,3,19,19:40,1,2,1,1.0,1.0,49328,JOLY LETERME (BOULEVARD),M,"47,2660200"," -0,0771800",49,2019,50.0,1.0,1.0,4.0,2156295,1.0,1,4,2,5.0,,-1.0,0,1991.0,B01,138Â 294Â 790,1.0,0.0,-1.0,1646524,1.0,7,,0.0,2.0,3.0,B01,138Â 294Â 790,0.0
964720,201900006251,3,19,19:40,1,2,1,1.0,1.0,49328,JOLY LETERME (BOULEVARD),M,"47,2660200"," -0,0771800",49,2019,50.0,1.0,1.0,4.0,2156296,2.0,2,1,2,0.0,,-1.0,0,1983.0,B01,138Â 294Â 790,1.0,0.0,-1.0,1646523,1.0,7,,0.0,2.0,3.0,A01,138Â 294Â 789,1.0
964720,201900006251,3,19,19:40,1,2,1,1.0,1.0,49328,JOLY LETERME (BOULEVARD),M,"47,2660200"," -0,0771800",49,2019,50.0,1.0,1.0,4.0,2156296,2.0,2,1,2,0.0,,-1.0,0,1983.0,B01,138Â 294Â 790,1.0,0.0,-1.0,1646524,1.0,7,,0.0,2.0,3.0,B01,138Â 294Â 790,0.0
964721,201900006252,3,20,19:15,1,2,6,1.0,6.0,49099,TREILLE (BOULEVARD DE LA ),M,"47,0593100"," -0,9042300",49,2019,70.0,1.0,1.0,7.0,2156297,2.0,2,3,1,5.0,,-1.0,0,1996.0,A01,138Â 294Â 788,1.0,8.0,-1.0,1646525,2.0,7,,2.0,0.0,1.0,A01,138Â 294Â 788,1.0
964721,201900006252,3,20,19:15,1,2,6,1.0,6.0,49099,TREILLE (BOULEVARD DE LA ),M,"47,0593100"," -0,9042300",49,2019,70.0,1.0,1.0,7.0,2156298,1.0,1,4,1,5.0,,-1.0,0,1998.0,A01,138Â 294Â 788,1.0,8.0,-1.0,1646525,2.0,7,,2.0,0.0,1.0,A01,138Â 294Â 788,1.0
964722,201900006253,3,19,15:30,1,2,6,1.0,7.0,49099,CAILLERE (RUE DE LA),M,"47,0578000"," -0,8828700",49,2019,50.0,1.0,1.0,7.0,2156299,1.0,1,4,1,5.0,,-1.0,0,1998.0,A01,138Â 294Â 787,2.0,8.0,-1.0,1646526,3.0,33,,0.0,0.0,7.0,A01,138Â 294Â 787,1.0
964723,201900006254,3,21,16:15,1,2,1,1.0,6.0,49007,BIRGE BOULEVARD,M,"47,4717400"," -0,5190300",49,2019,50.0,1.0,1.0,4.0,2156300,10.0,3,4,2,1.0,,3.0,3,1982.0,A01,138Â 294Â 786,8.0,0.0,-1.0,1646527,1.0,7,,0.0,1.0,3.0,A01,138Â 294Â 786,1.0
964723,201900006254,3,21,16:15,1,2,1,1.0,6.0,49007,BIRGE BOULEVARD,M,"47,4717400"," -0,5190300",49,2019,50.0,1.0,1.0,4.0,2156301,1.0,1,1,2,5.0,,-1.0,0,1989.0,A01,138Â 294Â 786,1.0,0.0,-1.0,1646527,1.0,7,,0.0,1.0,3.0,A01,138Â 294Â 786,1.0
964724,201900006255,3,21,07:55,1,2,1,1.0,7.0,49007,CHATEAU D'ORGEMONT RUE ET SQU,M,"47,4505300"," -0,5446000",49,2019,50.0,1.0,1.0,4.0,2156302,1.0,1,4,1,1.0,,-1.0,0,1959.0,A01,138Â 294Â 785,2.0,0.0,-1.0,1646528,1.0,1,,0.0,0.0,0.0,A01,138Â 294Â 785,5.0
964725,201900006256,3,19,08:25,1,2,1,1.0,2.0,49246,LOUET PONT,M,"47,4374000"," -0,5099100",49,2019,90.0,1.0,1.0,1.0,2156303,1.0,1,1,2,1.0,,-1.0, -1,1970.0,A01,138Â 294Â 783,1.0,8.0,-1.0,1646529,3.0,7,,0.0,2.0,1.0,A01,138Â 294Â 783,1.0
964725,201900006256,3,19,08:25,1,2,1,1.0,2.0,49246,LOUET PONT,M,"47,4374000"," -0,5099100",49,2019,90.0,1.0,1.0,1.0,2156303,1.0,1,1,2,1.0,,-1.0, -1,1970.0,A01,138Â 294Â 783,1.0,8.0,-1.0,1646530,3.0,7,,0.0,2.0,4.0,B01,138Â 294Â 784,1.0
964725,201900006256,3,19,08:25,1,2,1,1.0,2.0,49246,LOUET PONT,M,"47,4374000"," -0,5099100",49,2019,90.0,1.0,1.0,1.0,2156304,1.0,1,4,2,1.0,,-1.0, -1,1978.0,B01,138Â 294Â 784,1.0,8.0,-1.0,1646529,3.0,7,,0.0,2.0,1.0,A01,138Â 294Â 783,1.0
964725,201900006256,3,19,08:25,1,2,1,1.0,2.0,49246,LOUET PONT,M,"47,4374000"," -0,5099100",49,2019,90.0,1.0,1.0,1.0,2156304,1.0,1,4,2,1.0,,-1.0, -1,1978.0,B01,138Â 294Â 784,1.0,8.0,-1.0,1646530,3.0,7,,0.0,2.0,4.0,B01,138Â 294Â 784,1.0
964725,201900006256,3,19,08:25,1,2,1,1.0,2.0,49246,LOUET PONT,M,"47,4374000"," -0,5099100",49,2019,90.0,1.0,1.0,1.0,2156305,2.0,2,4,2,2.0,,-1.0,0,2003.0,B01,138Â 294Â 784,1.0,8.0,-1.0,1646529,3.0,7,,0.0,2.0,1.0,A01,138Â 294Â 783,1.0
964725,201900006256,3,19,08:25,1,2,1,1.0,2.0,49246,LOUET PONT,M,"47,4374000"," -0,5099100",49,2019,90.0,1.0,1.0,1.0,2156305,2.0,2,4,2,2.0,,-1.0,0,2003.0,B01,138Â 294Â 784,1.0,8.0,-1.0,1646530,3.0,7,,0.0,2.0,4.0,B01,138Â 294Â 784,1.0
964726,201900006257,3,22,18:38,1,2,3,1.0,3.0,47001,CALABET (QUAI DU DOCTEUR),M,"44,2086000","0,6166000",47,2019,50.0,1.0,1.0,4.0,2156306,1.0,1,1,1,5.0,,-1.0,0,1941.0,A01,138Â 294Â 781,1.0,0.0,-1.0,1646531,2.0,7,,0.0,2.0,3.0,A01,138Â 294Â 781,1.0
964726,201900006257,3,22,18:38,1,2,3,1.0,3.0,47001,CALABET (QUAI DU DOCTEUR),M,"44,2086000","0,6166000",47,2019,50.0,1.0,1.0,4.0,2156306,1.0,1,1,1,5.0,,-1.0,0,1941.0,A01,138Â 294Â 781,1.0,0.0,-1.0,1646532,2.0,30,,0.0,2.0,3.0,B01,138Â 294Â 782,1.0
964726,201900006257,3,22,18:38,1,2,3,1.0,3.0,47001,CALABET (QUAI DU DOCTEUR),M,"44,2086000","0,6166000",47,2019,50.0,1.0,1.0,4.0,2156307,1.0,1,4,1,5.0,,-1.0,0,2002.0,B01,138Â 294Â 782,2.0,0.0,-1.0,1646531,2.0,7,,0.0,2.0,3.0,A01,138Â 294Â 781,1.0
964726,201900006257,3,22,18:38,1,2,3,1.0,3.0,47001,CALABET (QUAI DU DOCTEUR),M,"44,2086000","0,6166000",47,2019,50.0,1.0,1.0,4.0,2156307,1.0,1,4,1,5.0,,-1.0,0,2002.0,B01,138Â 294Â 782,2.0,0.0,-1.0,1646532,2.0,30,,0.0,2.0,3.0,B01,138Â 294Â 782,1.0
964727,201900006258,3,22,10:50,1,2,1,1.0,6.0,47001,HUGO (COURS VICTOR),M,"44,2022600","0,6214700",47,2019,50.0,1.0,1.0,4.0,2156308,1.0,1,1,2,5.0,,0.0,0,1965.0,A01,138Â 294Â 780,1.0,0.0,-1.0,1646533,1.0,7,,0.0,1.0,1.0,A01,138Â 294Â 780,1.0
964727,201900006258,3,22,10:50,1,2,1,1.0,6.0,47001,HUGO (COURS VICTOR),M,"44,2022600","0,6214700",47,2019,50.0,1.0,1.0,4.0,2156309,10.0,3,3,2,5.0,,3.0,3,1944.0,A01,138Â 294Â 780,8.0,0.0,-1.0,1646533,1.0,7,,0.0,1.0,1.0,A01,138Â 294Â 780,1.0
964728,201900006259,3,22,20:10,5,2,1,1.0,4.0,45232,AV DE SOLOGNE,M,"47,8667500","1,9128500",45,2019,70.0,1.0,1.0,4.0,2156310,1.0,1,1,1,0.0,,0.0,0,1954.0,B01,138Â 294Â 777,1.0,0.0,-1.0,1646534,2.0,7,,0.0,2.0,4.0,B01,138Â 294Â 777,1.0
964728,201900006259,3,22,20:10,5,2,1,1.0,4.0,45232,AV DE SOLOGNE,M,"47,8667500","1,9128500",45,2019,70.0,1.0,1.0,4.0,2156310,1.0,1,1,1,0.0,,0.0,0,1954.0,B01,138Â 294Â 777,1.0,0.0,-1.0,1646535,3.0,7,,0.0,2.0,4.0,C01,138Â 294Â 778,1.0
964728,201900006259,3,22,20:10,5,2,1,1.0,4.0,45232,AV DE SOLOGNE,M,"47,8667500","1,9128500",45,2019,70.0,1.0,1.0,4.0,2156310,1.0,1,1,1,0.0,,0.0,0,1954.0,B01,138Â 294Â 777,1.0,0.0,-1.0,1646536,2.0,7,,0.0,2.0,1.0,A01,138Â 294Â 779,1.0
964728,201900006259,3,22,20:10,5,2,1,1.0,4.0,45232,AV DE SOLOGNE,M,"47,8667500","1,9128500",45,2019,70.0,1.0,1.0,4.0,2156311,2.0,2,1,2,0.0,,0.0,0,1972.0,C01,138Â 294Â 778,1.0,0.0,-1.0,1646534,2.0,7,,0.0,2.0,4.0,B01,138Â 294Â 777,1.0
964728,201900006259,3,22,20:10,5,2,1,1.0,4.0,45232,AV DE SOLOGNE,M,"47,8667500","1,9128500",45,2019,70.0,1.0,1.0,4.0,2156311,2.0,2,1,2,0.0,,0.0,0,1972.0,C01,138Â 294Â 778,1.0,0.0,-1.0,1646535,3.0,7,,0.0,2.0,4.0,C01,138Â 294Â 778,1.0
964728,201900006259,3,22,20:10,5,2,1,1.0,4.0,45232,AV DE SOLOGNE,M,"47,8667500","1,9128500",45,2019,70.0,1.0,1.0,4.0,2156311,2.0,2,1,2,0.0,,0.0,0,1972.0,C01,138Â 294Â 778,1.0,0.0,-1.0,1646536,2.0,7,,0.0,2.0,1.0,A01,138Â 294Â 779,1.0
964728,201900006259,3,22,20:10,5,2,1,1.0,4.0,45232,AV DE SOLOGNE,M,"47,8667500","1,9128500",45,2019,70.0,1.0,1.0,4.0,2156312,1.0,1,4,2,0.0,,0.0,0,1971.0,C01,138Â 294Â 778,1.0,0.0,-1.0,1646534,2.0,7,,0.0,2.0,4.0,B01,138Â 294Â 777,1.0
964728,201900006259,3,22,20:10,5,2,1,1.0,4.0,45232,AV DE SOLOGNE,M,"47,8667500","1,9128500",45,2019,70.0,1.0,1.0,4.0,2156312,1.0,1,4,2,0.0,,0.0,0,1971.0,C01,138Â 294Â 778,1.0,0.0,-1.0,1646535,3.0,7,,0.0,2.0,4.0,C01,138Â 294Â 778,1.0
964728,201900006259,3,22,20:10,5,2,1,1.0,4.0,45232,AV DE SOLOGNE,M,"47,8667500","1,9128500",45,2019,70.0,1.0,1.0,4.0,2156312,1.0,1,4,2,0.0,,0.0,0,1971.0,C01,138Â 294Â 778,1.0,0.0,-1.0,1646536,2.0,7,,0.0,2.0,1.0,A01,138Â 294Â 779,1.0
964728,201900006259,3,22,20:10,5,2,1,1.0,4.0,45232,AV DE SOLOGNE,M,"47,8667500","1,9128500",45,2019,70.0,1.0,1.0,4.0,2156313,1.0,1,1,1,5.0,,0.0,0,1971.0,A01,138Â 294Â 779,1.0,0.0,-1.0,1646534,2.0,7,,0.0,2.0,4.0,B01,138Â 294Â 777,1.0
964728,201900006259,3,22,20:10,5,2,1,1.0,4.0,45232,AV DE SOLOGNE,M,"47,8667500","1,9128500",45,2019,70.0,1.0,1.0,4.0,2156313,1.0,1,1,1,5.0,,0.0,0,1971.0,A01,138Â 294Â 779,1.0,0.0,-1.0,1646535,3.0,7,,0.0,2.0,4.0,C01,138Â 294Â 778,1.0
964728,201900006259,3,22,20:10,5,2,1,1.0,4.0,45232,AV DE SOLOGNE,M,"47,8667500","1,9128500",45,2019,70.0,1.0,1.0,4.0,2156313,1.0,1,1,1,5.0,,0.0,0,1971.0,A01,138Â 294Â 779,1.0,0.0,-1.0,1646536,2.0,7,,0.0,2.0,1.0,A01,138Â 294Â 779,1.0
964729,201900006260,3,23,01:03,5,2,9,1.0,3.0,45234,FG BANNIER - R DE JOIE,M,"47,9210900","1,8980100",45,2019,50.0,1.0,1.0,4.0,2156314,1.0,1,1,1,5.0,,0.0,0,1994.0,A01,138Â 294Â 775,1.0,0.0,-1.0,1646537,1.0,7,,9.0,0.0,1.0,A01,138Â 294Â 775,1.0
964729,201900006260,3,23,01:03,5,2,9,1.0,3.0,45234,FG BANNIER - R DE JOIE,M,"47,9210900","1,8980100",45,2019,50.0,1.0,1.0,4.0,2156314,1.0,1,1,1,5.0,,0.0,0,1994.0,A01,138Â 294Â 775,1.0,0.0,-1.0,1646538,3.0,7,,0.0,2.0,8.0,B01,138Â 294Â 776,1.0
964729,201900006260,3,23,01:03,5,2,9,1.0,3.0,45234,FG BANNIER - R DE JOIE,M,"47,9210900","1,8980100",45,2019,50.0,1.0,1.0,4.0,2156315,2.0,2,4,1,5.0,,0.0,0,1993.0,A01,138Â 294Â 775,1.0,0.0,-1.0,1646537,1.0,7,,9.0,0.0,1.0,A01,138Â 294Â 775,1.0
964729,201900006260,3,23,01:03,5,2,9,1.0,3.0,45234,FG BANNIER - R DE JOIE,M,"47,9210900","1,8980100",45,2019,50.0,1.0,1.0,4.0,2156315,2.0,2,4,1,5.0,,0.0,0,1993.0,A01,138Â 294Â 775,1.0,0.0,-1.0,1646538,3.0,7,,0.0,2.0,8.0,B01,138Â 294Â 776,1.0
964729,201900006260,3,23,01:03,5,2,9,1.0,3.0,45234,FG BANNIER - R DE JOIE,M,"47,9210900","1,8980100",45,2019,50.0,1.0,1.0,4.0,2156316,1.0,1,1,1,5.0,,0.0,0,1976.0,B01,138Â 294Â 776,1.0,0.0,-1.0,1646537,1.0,7,,9.0,0.0,1.0,A01,138Â 294Â 775,1.0
964729,201900006260,3,23,01:03,5,2,9,1.0,3.0,45234,FG BANNIER - R DE JOIE,M,"47,9210900","1,8980100",45,2019,50.0,1.0,1.0,4.0,2156316,1.0,1,1,1,5.0,,0.0,0,1976.0,B01,138Â 294Â 776,1.0,0.0,-1.0,1646538,3.0,7,,0.0,2.0,8.0,B01,138Â 294Â 776,1.0
964730,201900006261,3,22,08:25,1,1,1,5.0,3.0,45235,ROUTE D'ORMES,M,"47,9395000","1,7930500",45,2019,80.0,1.0,1.0,3.0,2156317,1.0,1,3,2,1.0,,0.0,0,1950.0,B01,138Â 294Â 773,2.0,6.0,-1.0,1646539,1.0,2,,0.0,2.0,3.0,B01,138Â 294Â 773,1.0
964730,201900006261,3,22,08:25,1,1,1,5.0,3.0,45235,ROUTE D'ORMES,M,"47,9395000","1,7930500",45,2019,80.0,1.0,1.0,3.0,2156317,1.0,1,3,2,1.0,,0.0,0,1950.0,B01,138Â 294Â 773,2.0,6.0,-1.0,1646540,1.0,15,,0.0,2.0,2.0,A01,138Â 294Â 774,1.0
964730,201900006261,3,22,08:25,1,1,1,5.0,3.0,45235,ROUTE D'ORMES,M,"47,9395000","1,7930500",45,2019,80.0,1.0,1.0,3.0,2156318,1.0,1,1,1,4.0,,0.0,0,1961.0,A01,138Â 294Â 774,1.0,4.0,-1.0,1646539,1.0,2,,0.0,2.0,3.0,B01,138Â 294Â 773,1.0
964730,201900006261,3,22,08:25,1,1,1,5.0,3.0,45235,ROUTE D'ORMES,M,"47,9395000","1,7930500",45,2019,80.0,1.0,1.0,3.0,2156318,1.0,1,1,1,4.0,,0.0,0,1961.0,A01,138Â 294Â 774,1.0,4.0,-1.0,1646540,1.0,15,,0.0,2.0,2.0,A01,138Â 294Â 774,1.0
964731,201900006262,3,21,16:50,1,2,1,1.0,3.0,45285,RUE DES DIX ARPENTS,M,"47,9077500","1,8720500",45,2019,50.0,1.0,1.0,4.0,2156319,1.0,1,4,1,5.0,,-1.0, -1,1984.0,B01,138Â 294Â 771,8.0,0.0,-1.0,1646541,1.0,1,,0.0,2.0,8.0,B01,138Â 294Â 771,5.0
964731,201900006262,3,21,16:50,1,2,1,1.0,3.0,45285,RUE DES DIX ARPENTS,M,"47,9077500","1,8720500",45,2019,50.0,1.0,1.0,4.0,2156319,1.0,1,4,1,5.0,,-1.0, -1,1984.0,B01,138Â 294Â 771,8.0,0.0,-1.0,1646542,2.0,7,,0.0,2.0,2.0,A01,138Â 294Â 772,1.0
964731,201900006262,3,21,16:50,1,2,1,1.0,3.0,45285,RUE DES DIX ARPENTS,M,"47,9077500","1,8720500",45,2019,50.0,1.0,1.0,4.0,2156320,1.0,1,1,2,5.0,,0.0,0,1999.0,A01,138Â 294Â 772,1.0,8.0,-1.0,1646541,1.0,1,,0.0,2.0,8.0,B01,138Â 294Â 771,5.0
964731,201900006262,3,21,16:50,1,2,1,1.0,3.0,45285,RUE DES DIX ARPENTS,M,"47,9077500","1,8720500",45,2019,50.0,1.0,1.0,4.0,2156320,1.0,1,1,2,5.0,,0.0,0,1999.0,A01,138Â 294Â 772,1.0,8.0,-1.0,1646542,2.0,7,,0.0,2.0,2.0,A01,138Â 294Â 772,1.0
964732,201900006263,3,21,10:30,1,2,2,1.0,3.0,45232,RUE DE GUYENNE - RUE DU ROUSSILLON,M,"47,8413220","1,9167920",45,2019,50.0,1.0,1.0,4.0,2156321,1.0,1,1,2,5.0,,0.0,0,1989.0,A01,138Â 294Â 769,1.0,4.0,-1.0,1646543,2.0,7,,0.0,0.0,1.0,A01,138Â 294Â 769,1.0
964732,201900006263,3,21,10:30,1,2,2,1.0,3.0,45232,RUE DE GUYENNE - RUE DU ROUSSILLON,M,"47,8413220","1,9167920",45,2019,50.0,1.0,1.0,4.0,2156321,1.0,1,1,2,5.0,,0.0,0,1989.0,A01,138Â 294Â 769,1.0,4.0,-1.0,1646544,1.0,7,,0.0,0.0,8.0,B01,138Â 294Â 770,1.0
964732,201900006263,3,21,10:30,1,2,2,1.0,3.0,45232,RUE DE GUYENNE - RUE DU ROUSSILLON,M,"47,8413220","1,9167920",45,2019,50.0,1.0,1.0,4.0,2156322,1.0,1,4,2,5.0,,0.0,0,1982.0,B01,138Â 294Â 770,1.0,4.0,-1.0,1646543,2.0,7,,0.0,0.0,1.0,A01,138Â 294Â 769,1.0
964732,201900006263,3,21,10:30,1,2,2,1.0,3.0,45232,RUE DE GUYENNE - RUE DU ROUSSILLON,M,"47,8413220","1,9167920",45,2019,50.0,1.0,1.0,4.0,2156322,1.0,1,4,2,5.0,,0.0,0,1982.0,B01,138Â 294Â 770,1.0,4.0,-1.0,1646544,1.0,7,,0.0,0.0,8.0,B01,138Â 294Â 770,1.0
964733,201900006264,3,20,16:35,1,2,1,1.0,6.0,45232,RUE DE LA BEGERESSE,M,"47,8486000","1,9126800",45,2019,50.0,1.0,1.0,4.0,2156323,2.0,2,4,1,9.0,,0.0,0,1966.0,A01,138Â 294Â 768,9.0,0.0,-1.0,1646545,2.0,43,,1.0,0.0,1.0,A01,138Â 294Â 768,1.0
964733,201900006264,3,20,16:35,1,2,1,1.0,6.0,45232,RUE DE LA BEGERESSE,M,"47,8486000","1,9126800",45,2019,50.0,1.0,1.0,4.0,2156324,1.0,1,1,1,9.0,,0.0,0,1962.0,A01,138Â 294Â 768,9.0,0.0,-1.0,1646545,2.0,43,,1.0,0.0,1.0,A01,138Â 294Â 768,1.0
964734,201900006265,3,20,16:35,1,2,6,1.0,3.0,45234,AV DE CONCYR - ALLEE DES SAPINS,M,"47,8239850","1,9323390",45,2019,50.0,1.0,1.0,4.0,2156325,1.0,1,1,1,1.0,,0.0,0,1998.0,A01,138Â 294Â 766,1.0,0.0,-1.0,1646546,0.0,7,,0.0,2.0,1.0,A01,138Â 294Â 766,1.0
964734,201900006265,3,20,16:35,1,2,6,1.0,3.0,45234,AV DE CONCYR - ALLEE DES SAPINS,M,"47,8239850","1,9323390",45,2019,50.0,1.0,1.0,4.0,2156325,1.0,1,1,1,1.0,,0.0,0,1998.0,A01,138Â 294Â 766,1.0,0.0,-1.0,1646547,3.0,30,,0.0,2.0,7.0,B01,138Â 294Â 767,1.0
964734,201900006265,3,20,16:35,1,2,6,1.0,3.0,45234,AV DE CONCYR - ALLEE DES SAPINS,M,"47,8239850","1,9323390",45,2019,50.0,1.0,1.0,4.0,2156326,1.0,1,4,1,1.0,,0.0,0,1956.0,B01,138Â 294Â 767,2.0,0.0,-1.0,1646546,0.0,7,,0.0,2.0,1.0,A01,138Â 294Â 766,1.0
964734,201900006265,3,20,16:35,1,2,6,1.0,3.0,45234,AV DE CONCYR - ALLEE DES SAPINS,M,"47,8239850","1,9323390",45,2019,50.0,1.0,1.0,4.0,2156326,1.0,1,4,1,1.0,,0.0,0,1956.0,B01,138Â 294Â 767,2.0,0.0,-1.0,1646547,3.0,30,,0.0,2.0,7.0,B01,138Â 294Â 767,1.0
964735,201900006266,3,15,10:20,1,2,1,1.0,6.0,45284,BD DE LA SALLE,M,"47,9236850","1,9957160",45,2019,50.0,1.0,1.0,4.0,2156327,4.0,2,4,2,0.0,,0.0,0,2000.0,A01,138Â 294Â 765,1.0,0.0,-1.0,1646548,3.0,7,,8.0,0.0,9.0,A01,138Â 294Â 765,0.0
964735,201900006266,3,15,10:20,1,2,1,1.0,6.0,45284,BD DE LA SALLE,M,"47,9236850","1,9957160",45,2019,50.0,1.0,1.0,4.0,2156328,1.0,1,1,1,0.0,,0.0,0,1999.0,A01,138Â 294Â 765,1.0,0.0,-1.0,1646548,3.0,7,,8.0,0.0,9.0,A01,138Â 294Â 765,0.0