Unnamed: 0_x,num_acc,mois,jour,hrmn,lum,agg,int,atm,col,com,adr,gps,lat,long,dep,annee,vma,situ,surf,catr,Unnamed: 0_y,place,catu,grav,sexe,trajet,secu,locp,actp,an_nais,num_veh_x,id_vehicule_x,secu1,secu2,secu3,Unnamed: 0,senc,catv,occutc,obs,obsm,choc,num_veh_y,id_vehicule_y,motor
964735,201900006266,3,15,10:20,1,2,1,1.0,6.0,45284,BD DE LA SALLE,M,"47,9236850","1,9957160",45,2019,50.0,1.0,1.0,4.0,2156329,2.0,2,4,2,0.0,,0.0,0,1999.0,A01,138Â 294Â 765,1.0,0.0,-1.0,1646548,3.0,7,,8.0,0.0,9.0,A01,138Â 294Â 765,0.0
964736,201900006267,3,23,10:30,1,2,1,1.0,3.0,45068,D2007,M,"48,0155500","2,7400400",45,2019,70.0,1.0,1.0,3.0,2156330,1.0,1,1,2,0.0,,0.0,0,1962.0,A01,138Â 294Â 763,8.0,0.0,-1.0,1646549,1.0,7,,0.0,2.0,3.0,A01,138Â 294Â 763,1.0
964736,201900006267,3,23,10:30,1,2,1,1.0,3.0,45068,D2007,M,"48,0155500","2,7400400",45,2019,70.0,1.0,1.0,3.0,2156330,1.0,1,1,2,0.0,,0.0,0,1962.0,A01,138Â 294Â 763,8.0,0.0,-1.0,1646550,2.0,7,,0.0,2.0,6.0,B01,138Â 294Â 764,1.0
964736,201900006267,3,23,10:30,1,2,1,1.0,3.0,45068,D2007,M,"48,0155500","2,7400400",45,2019,70.0,1.0,1.0,3.0,2156331,2.0,2,4,2,5.0,,0.0,0,1963.0,B01,138Â 294Â 764,8.0,0.0,-1.0,1646549,1.0,7,,0.0,2.0,3.0,A01,138Â 294Â 763,1.0
964736,201900006267,3,23,10:30,1,2,1,1.0,3.0,45068,D2007,M,"48,0155500","2,7400400",45,2019,70.0,1.0,1.0,3.0,2156331,2.0,2,4,2,5.0,,0.0,0,1963.0,B01,138Â 294Â 764,8.0,0.0,-1.0,1646550,2.0,7,,0.0,2.0,6.0,B01,138Â 294Â 764,1.0
964736,201900006267,3,23,10:30,1,2,1,1.0,3.0,45068,D2007,M,"48,0155500","2,7400400",45,2019,70.0,1.0,1.0,3.0,2156332,1.0,1,4,1,5.0,,0.0,0,1973.0,B01,138Â 294Â 764,8.0,0.0,-1.0,1646549,1.0,7,,0.0,2.0,3.0,A01,138Â 294Â 763,1.0
964736,201900006267,3,23,10:30,1,2,1,1.0,3.0,45068,D2007,M,"48,0155500","2,7400400",45,2019,70.0,1.0,1.0,3.0,2156332,1.0,1,4,1,5.0,,0.0,0,1973.0,B01,138Â 294Â 764,8.0,0.0,-1.0,1646550,2.0,7,,0.0,2.0,6.0,B01,138Â 294Â 764,1.0
964737,201900006268,3,21,12:30,1,2,1,1.0,6.0,44184,MICHEL ANGE (RUE),M,"47,2641300"," -2,2673400",44,2019,50.0,2.0,1.0,4.0,2156333,1.0,1,1,1,0.0,,0.0,0,1999.0,A01,138Â 294Â 762,1.0,8.0,-1.0,1646551,2.0,7,,0.0,1.0,3.0,A01,138Â 294Â 762,1.0
964737,201900006268,3,21,12:30,1,2,1,1.0,6.0,44184,MICHEL ANGE (RUE),M,"47,2641300"," -2,2673400",44,2019,50.0,2.0,1.0,4.0,2156334,10.0,3,4,1,0.0,,1.0,4,2002.0,A01,138Â 294Â 762,8.0,0.0,-1.0,1646551,2.0,7,,0.0,1.0,3.0,A01,138Â 294Â 762,1.0
964738,201900006269,3,24,03:48,5,2,1,1.0,3.0,44109,RUE PAUL BELLAMY,M,"47,2230000"," -1,5571000",44,2019,50.0,1.0,1.0,4.0,2156335,4.0,2,1,1,9.0,,0.0,0,1992.0,B01,138Â 294Â 759,1.0,0.0,-1.0,1646552,0.0,7,,0.0,2.0,1.0,B01,138Â 294Â 759,0.0
964738,201900006269,3,24,03:48,5,2,1,1.0,3.0,44109,RUE PAUL BELLAMY,M,"47,2230000"," -1,5571000",44,2019,50.0,1.0,1.0,4.0,2156335,4.0,2,1,1,9.0,,0.0,0,1992.0,B01,138Â 294Â 759,1.0,0.0,-1.0,1646553,0.0,7,,0.0,2.0,0.0,A01,138Â 294Â 760,0.0
964738,201900006269,3,24,03:48,5,2,1,1.0,3.0,44109,RUE PAUL BELLAMY,M,"47,2230000"," -1,5571000",44,2019,50.0,1.0,1.0,4.0,2156336,3.0,2,1,1,9.0,,0.0,0,1998.0,B01,138Â 294Â 759,1.0,0.0,-1.0,1646552,0.0,7,,0.0,2.0,1.0,B01,138Â 294Â 759,0.0
964738,201900006269,3,24,03:48,5,2,1,1.0,3.0,44109,RUE PAUL BELLAMY,M,"47,2230000"," -1,5571000",44,2019,50.0,1.0,1.0,4.0,2156336,3.0,2,1,1,9.0,,0.0,0,1998.0,B01,138Â 294Â 759,1.0,0.0,-1.0,1646553,0.0,7,,0.0,2.0,0.0,A01,138Â 294Â 760,0.0
964738,201900006269,3,24,03:48,5,2,1,1.0,3.0,44109,RUE PAUL BELLAMY,M,"47,2230000"," -1,5571000",44,2019,50.0,1.0,1.0,4.0,2156337,1.0,1,4,1,9.0,,0.0,0,1977.0,B01,138Â 294Â 759,1.0,0.0,-1.0,1646552,0.0,7,,0.0,2.0,1.0,B01,138Â 294Â 759,0.0
964738,201900006269,3,24,03:48,5,2,1,1.0,3.0,44109,RUE PAUL BELLAMY,M,"47,2230000"," -1,5571000",44,2019,50.0,1.0,1.0,4.0,2156337,1.0,1,4,1,9.0,,0.0,0,1977.0,B01,138Â 294Â 759,1.0,0.0,-1.0,1646553,0.0,7,,0.0,2.0,0.0,A01,138Â 294Â 760,0.0
964738,201900006269,3,24,03:48,5,2,1,1.0,3.0,44109,RUE PAUL BELLAMY,M,"47,2230000"," -1,5571000",44,2019,50.0,1.0,1.0,4.0,2156338,1.0,1,1,1,9.0,,0.0,0,1991.0,A01,138Â 294Â 760,1.0,0.0,-1.0,1646552,0.0,7,,0.0,2.0,1.0,B01,138Â 294Â 759,0.0
964738,201900006269,3,24,03:48,5,2,1,1.0,3.0,44109,RUE PAUL BELLAMY,M,"47,2230000"," -1,5571000",44,2019,50.0,1.0,1.0,4.0,2156338,1.0,1,1,1,9.0,,0.0,0,1991.0,A01,138Â 294Â 760,1.0,0.0,-1.0,1646553,0.0,7,,0.0,2.0,0.0,A01,138Â 294Â 760,0.0
964739,201900006270,3,22,17:00,1,2,3,1.0,3.0,44162,BD DU MASSACRE/ AV. COURTELINE,M,"47,2362000"," -1,5872000",44,2019,50.0,1.0,1.0,7.0,2156339,1.0,1,1,1,0.0,,0.0,0,1961.0,B01,138Â 294Â 757,1.0,0.0,-1.0,1646554,0.0,7,,0.0,0.0,0.0,B01,138Â 294Â 757,0.0
964739,201900006270,3,22,17:00,1,2,3,1.0,3.0,44162,BD DU MASSACRE/ AV. COURTELINE,M,"47,2362000"," -1,5872000",44,2019,50.0,1.0,1.0,7.0,2156339,1.0,1,1,1,0.0,,0.0,0,1961.0,B01,138Â 294Â 757,1.0,0.0,-1.0,1646555,0.0,34,,0.0,2.0,0.0,A01,138Â 294Â 758,0.0
964739,201900006270,3,22,17:00,1,2,3,1.0,3.0,44162,BD DU MASSACRE/ AV. COURTELINE,M,"47,2362000"," -1,5872000",44,2019,50.0,1.0,1.0,7.0,2156340,1.0,1,4,1,0.0,,0.0,0,1996.0,A01,138Â 294Â 758,2.0,0.0,-1.0,1646554,0.0,7,,0.0,0.0,0.0,B01,138Â 294Â 757,0.0
964739,201900006270,3,22,17:00,1,2,3,1.0,3.0,44162,BD DU MASSACRE/ AV. COURTELINE,M,"47,2362000"," -1,5872000",44,2019,50.0,1.0,1.0,7.0,2156340,1.0,1,4,1,0.0,,0.0,0,1996.0,A01,138Â 294Â 758,2.0,0.0,-1.0,1646555,0.0,34,,0.0,2.0,0.0,A01,138Â 294Â 758,0.0
964740,201900006271,3,19,15:40,1,2,1,1.0,6.0,44109,COTE SAINT SEBASTIEN,M,"47,2003700"," -1,5343100",44,2019,50.0,1.0,1.0,7.0,2156341,1.0,1,4,1,4.0,,-1.0,0,1961.0,A01,138Â 294Â 754,1.0,0.0,-1.0,1646556,0.0,15,,6.0,0.0,1.0,A01,138Â 294Â 754,0.0
964741,201900006272,3,23,12:40,1,2,2,1.0,3.0,44132,AVENUES DE LA PLAGE / PORSON,M,"47,2627260"," -2,3422790",44,2019,50.0,1.0,1.0,4.0,2156342,1.0,1,4,1,5.0,,0.0,0,2001.0,B01,138Â 294Â 752,2.0,6.0,-1.0,1646557,1.0,31,,0.0,2.0,1.0,B01,138Â 294Â 752,1.0
964741,201900006272,3,23,12:40,1,2,2,1.0,3.0,44132,AVENUES DE LA PLAGE / PORSON,M,"47,2627260"," -2,3422790",44,2019,50.0,1.0,1.0,4.0,2156342,1.0,1,4,1,5.0,,0.0,0,2001.0,B01,138Â 294Â 752,2.0,6.0,-1.0,1646558,2.0,7,,0.0,2.0,5.0,A01,138Â 294Â 753,1.0
964741,201900006272,3,23,12:40,1,2,2,1.0,3.0,44132,AVENUES DE LA PLAGE / PORSON,M,"47,2627260"," -2,3422790",44,2019,50.0,1.0,1.0,4.0,2156343,2.0,2,1,2,3.0,,0.0,0,1944.0,A01,138Â 294Â 753,1.0,8.0,-1.0,1646557,1.0,31,,0.0,2.0,1.0,B01,138Â 294Â 752,1.0
964741,201900006272,3,23,12:40,1,2,2,1.0,3.0,44132,AVENUES DE LA PLAGE / PORSON,M,"47,2627260"," -2,3422790",44,2019,50.0,1.0,1.0,4.0,2156343,2.0,2,1,2,3.0,,0.0,0,1944.0,A01,138Â 294Â 753,1.0,8.0,-1.0,1646558,2.0,7,,0.0,2.0,5.0,A01,138Â 294Â 753,1.0
964741,201900006272,3,23,12:40,1,2,2,1.0,3.0,44132,AVENUES DE LA PLAGE / PORSON,M,"47,2627260"," -2,3422790",44,2019,50.0,1.0,1.0,4.0,2156344,1.0,1,1,1,3.0,,0.0,0,1942.0,A01,138Â 294Â 753,1.0,8.0,-1.0,1646557,1.0,31,,0.0,2.0,1.0,B01,138Â 294Â 752,1.0
964741,201900006272,3,23,12:40,1,2,2,1.0,3.0,44132,AVENUES DE LA PLAGE / PORSON,M,"47,2627260"," -2,3422790",44,2019,50.0,1.0,1.0,4.0,2156344,1.0,1,1,1,3.0,,0.0,0,1942.0,A01,138Â 294Â 753,1.0,8.0,-1.0,1646558,2.0,7,,0.0,2.0,5.0,A01,138Â 294Â 753,1.0
964742,201900006273,3,23,16:54,1,2,1,1.0,6.0,42186,FERRY RUE JULES,M,"45,5274400","4,6126200",42,2019,50.0,1.0,1.0,4.0,2156345,10.0,3,4,1,5.0,,1.0,3,2004.0,A01,138Â 294Â 750,8.0,0.0,-1.0,1646559,1.0,7,,0.0,1.0,3.0,A01,138Â 294Â 750,0.0
964743,201900006274,3,20,11:45,1,2,1,1.0,6.0,42218,PYAT FELIX,M,"45,4351700","4,3814100",42,2019,50.0,1.0,1.0,4.0,2156346,1.0,1,1,1,5.0,,0.0,0,1996.0,A01,138Â 294Â 749,1.0,0.0,-1.0,1646560,1.0,7,,0.0,1.0,1.0,A01,138Â 294Â 749,1.0
964743,201900006274,3,20,11:45,1,2,1,1.0,6.0,42218,PYAT FELIX,M,"45,4351700","4,3814100",42,2019,50.0,1.0,1.0,4.0,2156347,10.0,3,3,1,5.0,,2.0,3,2015.0,A01,138Â 294Â 749,8.0,0.0,-1.0,1646560,1.0,7,,0.0,1.0,1.0,A01,138Â 294Â 749,1.0
964744,201900006275,3,19,20:03,5,2,2,1.0,2.0,42218,BERGSON A PARTIR NÃ¸ 18-51,M,"45,4539800","4,3830000",42,2019,50.0,1.0,1.0,4.0,2156348,1.0,1,1,2,0.0,,0.0,0,1953.0,A01,138Â 294Â 747,1.0,8.0,-1.0,1646561,2.0,7,,0.0,2.0,1.0,A01,138Â 294Â 747,1.0
964744,201900006275,3,19,20:03,5,2,2,1.0,2.0,42218,BERGSON A PARTIR NÃ¸ 18-51,M,"45,4539800","4,3830000",42,2019,50.0,1.0,1.0,4.0,2156348,1.0,1,1,2,0.0,,0.0,0,1953.0,A01,138Â 294Â 747,1.0,8.0,-1.0,1646562,2.0,7,,0.0,2.0,4.0,B01,138Â 294Â 748,1.0
964744,201900006275,3,19,20:03,5,2,2,1.0,2.0,42218,BERGSON A PARTIR NÃ¸ 18-51,M,"45,4539800","4,3830000",42,2019,50.0,1.0,1.0,4.0,2156349,3.0,2,4,2,0.0,,0.0,0,2002.0,B01,138Â 294Â 748,1.0,8.0,-1.0,1646561,2.0,7,,0.0,2.0,1.0,A01,138Â 294Â 747,1.0
964744,201900006275,3,19,20:03,5,2,2,1.0,2.0,42218,BERGSON A PARTIR NÃ¸ 18-51,M,"45,4539800","4,3830000",42,2019,50.0,1.0,1.0,4.0,2156349,3.0,2,4,2,0.0,,0.0,0,2002.0,B01,138Â 294Â 748,1.0,8.0,-1.0,1646562,2.0,7,,0.0,2.0,4.0,B01,138Â 294Â 748,1.0
964744,201900006275,3,19,20:03,5,2,2,1.0,2.0,42218,BERGSON A PARTIR NÃ¸ 18-51,M,"45,4539800","4,3830000",42,2019,50.0,1.0,1.0,4.0,2156350,1.0,1,1,1,0.0,,0.0,0,1967.0,B01,138Â 294Â 748,1.0,8.0,-1.0,1646561,2.0,7,,0.0,2.0,1.0,A01,138Â 294Â 747,1.0
964744,201900006275,3,19,20:03,5,2,2,1.0,2.0,42218,BERGSON A PARTIR NÃ¸ 18-51,M,"45,4539800","4,3830000",42,2019,50.0,1.0,1.0,4.0,2156350,1.0,1,1,1,0.0,,0.0,0,1967.0,B01,138Â 294Â 748,1.0,8.0,-1.0,1646562,2.0,7,,0.0,2.0,4.0,B01,138Â 294Â 748,1.0
964745,201900006276,3,22,07:52,1,2,3,1.0,6.0,42071,LIBERATION (AVENUE DE LA),M,"46,0212300","4,0889800",42,2019,50.0,1.0,1.0,4.0,2156351,1.0,1,1,1,1.0,,0.0,0,1969.0,A01,138Â 294Â 746,1.0,8.0,-1.0,1646563,1.0,7,,0.0,1.0,2.0,A01,138Â 294Â 746,1.0
964745,201900006276,3,22,07:52,1,2,3,1.0,6.0,42071,LIBERATION (AVENUE DE LA),M,"46,0212300","4,0889800",42,2019,50.0,1.0,1.0,4.0,2156352,10.0,3,3,1,2.0,,3.0,3,2003.0,A01,138Â 294Â 746,8.0,0.0,-1.0,1646563,1.0,7,,0.0,1.0,2.0,A01,138Â 294Â 746,1.0
964746,201900006277,3,22,06:00,2,2,3,1.0,1.0,42187,WILSON (RUE DU PRESIDENT ),M,"46,0609700","4,0911900",42,2019,50.0,1.0,1.0,4.0,2156353,1.0,1,1,1,1.0,,0.0,0,1985.0,B01,138Â 294Â 744,1.0,0.0,-1.0,1646564,3.0,7,,0.0,2.0,2.0,B01,138Â 294Â 744,1.0
964746,201900006277,3,22,06:00,2,2,3,1.0,1.0,42187,WILSON (RUE DU PRESIDENT ),M,"46,0609700","4,0911900",42,2019,50.0,1.0,1.0,4.0,2156353,1.0,1,1,1,1.0,,0.0,0,1985.0,B01,138Â 294Â 744,1.0,0.0,-1.0,1646565,3.0,7,,0.0,2.0,1.0,A01,138Â 294Â 745,1.0
964746,201900006277,3,22,06:00,2,2,3,1.0,1.0,42187,WILSON (RUE DU PRESIDENT ),M,"46,0609700","4,0911900",42,2019,50.0,1.0,1.0,4.0,2156354,1.0,1,4,1,1.0,,0.0,0,1984.0,A01,138Â 294Â 745,1.0,0.0,-1.0,1646564,3.0,7,,0.0,2.0,2.0,B01,138Â 294Â 744,1.0
964746,201900006277,3,22,06:00,2,2,3,1.0,1.0,42187,WILSON (RUE DU PRESIDENT ),M,"46,0609700","4,0911900",42,2019,50.0,1.0,1.0,4.0,2156354,1.0,1,4,1,1.0,,0.0,0,1984.0,A01,138Â 294Â 745,1.0,0.0,-1.0,1646565,3.0,7,,0.0,2.0,1.0,A01,138Â 294Â 745,1.0
964747,201900006278,3,23,21:45,5,1,1,1.0,3.0,42183,BERAUDIERE (RUE DE LA),M,"45,4095400","4,3750800",42,2019,30.0,1.0,1.0,6.0,2156355,1.0,1,4,1,5.0,,0.0,0,1999.0,B01,138Â 294Â 742,1.0,0.0,-1.0,1646566,3.0,7,,0.0,2.0,8.0,B01,138Â 294Â 742,1.0
964747,201900006278,3,23,21:45,5,1,1,1.0,3.0,42183,BERAUDIERE (RUE DE LA),M,"45,4095400","4,3750800",42,2019,30.0,1.0,1.0,6.0,2156355,1.0,1,4,1,5.0,,0.0,0,1999.0,B01,138Â 294Â 742,1.0,0.0,-1.0,1646567,3.0,7,,0.0,2.0,1.0,A01,138Â 294Â 743,1.0
964747,201900006278,3,23,21:45,5,1,1,1.0,3.0,42183,BERAUDIERE (RUE DE LA),M,"45,4095400","4,3750800",42,2019,30.0,1.0,1.0,6.0,2156356,1.0,1,1,1,5.0,,0.0,0,1990.0,A01,138Â 294Â 743,1.0,0.0,-1.0,1646566,3.0,7,,0.0,2.0,8.0,B01,138Â 294Â 742,1.0
964747,201900006278,3,23,21:45,5,1,1,1.0,3.0,42183,BERAUDIERE (RUE DE LA),M,"45,4095400","4,3750800",42,2019,30.0,1.0,1.0,6.0,2156356,1.0,1,1,1,5.0,,0.0,0,1990.0,A01,138Â 294Â 743,1.0,0.0,-1.0,1646567,3.0,7,,0.0,2.0,1.0,A01,138Â 294Â 743,1.0
964748,201900006279,3,22,16:40,1,2,3,1.0,6.0,38544,ETIENNE REY(QUAI),M,"45,5377700","4,8725500",38,2019,50.0,1.0,1.0,4.0,2156357,10.0,3,4,2,5.0,,4.0,3,1976.0,A01,138Â 294Â 739,8.0,0.0,-1.0,1646568,1.0,10,,0.0,1.0,1.0,A01,138Â 294Â 739,1.0
964748,201900006279,3,22,16:40,1,2,3,1.0,6.0,38544,ETIENNE REY(QUAI),M,"45,5377700","4,8725500",38,2019,50.0,1.0,1.0,4.0,2156358,1.0,1,1,2,4.0,,-1.0, -1,1996.0,A01,138Â 294Â 739,1.0,8.0,-1.0,1646568,1.0,10,,0.0,1.0,1.0,A01,138Â 294Â 739,1.0
964748,201900006279,3,22,16:40,1,2,3,1.0,6.0,38544,ETIENNE REY(QUAI),M,"45,5377700","4,8725500",38,2019,50.0,1.0,1.0,4.0,2156359,2.0,2,1,1,4.0,,-1.0, -1,1989.0,A01,138Â 294Â 739,1.0,8.0,-1.0,1646568,1.0,10,,0.0,1.0,1.0,A01,138Â 294Â 739,1.0
964749,201900006280,3,22,17:10,1,2,1,1.0,6.0,38185,BISTESI (RUE),M,"45,1851000","5,7317300",38,2019,50.0,1.0,1.0,4.0,2156360,2.0,2,4,2,0.0,,-1.0, -1,1939.0,A01,138Â 294Â 738,1.0,0.0,-1.0,1646569,3.0,7,,5.0,0.0,1.0,A01,138Â 294Â 738,1.0
964749,201900006280,3,22,17:10,1,2,1,1.0,6.0,38185,BISTESI (RUE),M,"45,1851000","5,7317300",38,2019,50.0,1.0,1.0,4.0,2156361,1.0,1,4,1,0.0,,-1.0, -1,1937.0,A01,138Â 294Â 738,1.0,0.0,-1.0,1646569,3.0,7,,5.0,0.0,1.0,A01,138Â 294Â 738,1.0
964750,201900006281,3,23,23:50,5,2,1,1.0,6.0,38185,MARECHAL JOFFRE (BOULEVARD),M,"45,1824800","5,7287500",38,2019,50.0,1.0,1.0,3.0,2156362,1.0,1,1,1,5.0,,0.0,0,1997.0,A01,138Â 294Â 737,1.0,0.0,-1.0,1646570,2.0,7,,0.0,1.0,1.0,A01,138Â 294Â 737,1.0
964750,201900006281,3,23,23:50,5,2,1,1.0,6.0,38185,MARECHAL JOFFRE (BOULEVARD),M,"45,1824800","5,7287500",38,2019,50.0,1.0,1.0,3.0,2156363,10.0,3,3,2,5.0,,2.0,3,1988.0,A01,138Â 294Â 737,8.0,0.0,-1.0,1646570,2.0,7,,0.0,1.0,1.0,A01,138Â 294Â 737,1.0
964751,201900006282,3,24,12:20,1,2,1,1.0,3.0,38053,ALSACE LORRAINE,M,"45,5856850","5,2674120",38,2019,50.0,1.0,1.0,3.0,2156364,1.0,1,1,1,5.0,,-1.0, -1,1999.0,A01,138Â 294Â 735,1.0,0.0,-1.0,1646571,1.0,7,,0.0,2.0,8.0,A01,138Â 294Â 735,1.0
964751,201900006282,3,24,12:20,1,2,1,1.0,3.0,38053,ALSACE LORRAINE,M,"45,5856850","5,2674120",38,2019,50.0,1.0,1.0,3.0,2156364,1.0,1,1,1,5.0,,-1.0, -1,1999.0,A01,138Â 294Â 735,1.0,0.0,-1.0,1646572,1.0,33,,0.0,2.0,2.0,B01,138Â 294Â 736,1.0
964751,201900006282,3,24,12:20,1,2,1,1.0,3.0,38053,ALSACE LORRAINE,M,"45,5856850","5,2674120",38,2019,50.0,1.0,1.0,3.0,2156365,1.0,1,4,1,5.0,,-1.0, -1,1965.0,B01,138Â 294Â 736,2.0,6.0,-1.0,1646571,1.0,7,,0.0,2.0,8.0,A01,138Â 294Â 735,1.0
964751,201900006282,3,24,12:20,1,2,1,1.0,3.0,38053,ALSACE LORRAINE,M,"45,5856850","5,2674120",38,2019,50.0,1.0,1.0,3.0,2156365,1.0,1,4,1,5.0,,-1.0, -1,1965.0,B01,138Â 294Â 736,2.0,6.0,-1.0,1646572,1.0,33,,0.0,2.0,2.0,B01,138Â 294Â 736,1.0
964751,201900006282,3,24,12:20,1,2,1,1.0,3.0,38053,ALSACE LORRAINE,M,"45,5856850","5,2674120",38,2019,50.0,1.0,1.0,3.0,2156366,2.0,2,4,2,5.0,,-1.0, -1,1967.0,B01,138Â 294Â 736,2.0,6.0,-1.0,1646571,1.0,7,,0.0,2.0,8.0,A01,138Â 294Â 735,1.0
964751,201900006282,3,24,12:20,1,2,1,1.0,3.0,38053,ALSACE LORRAINE,M,"45,5856850","5,2674120",38,2019,50.0,1.0,1.0,3.0,2156366,2.0,2,4,2,5.0,,-1.0, -1,1967.0,B01,138Â 294Â 736,2.0,6.0,-1.0,1646572,1.0,33,,0.0,2.0,2.0,B01,138Â 294Â 736,1.0
964752,201900006283,3,23,10:59,1,2,1,1.0,6.0,37214,DE GAULLE (BD CHARLES),M,"47,4110400","0,6765200",37,2019,50.0,1.0,1.0,4.0,2156367,1.0,1,3,1,1.0,,-1.0,0,1991.0,B01,138Â 294Â 734,2.0,6.0,-1.0,1646573,2.0,33,,0.0,2.0,6.0,B01,138Â 294Â 734,1.0
964753,201900006284,3,23,10:30,1,2,1,1.0,7.0,37261,HEURTELOUP (BOULEVARD),M,"47,3908200","0,6939300",37,2019,50.0,1.0,1.0,4.0,2156368,2.0,2,4,2,5.0,,-1.0,0,1970.0,A01,138Â 294Â 733,2.0,8.0,-1.0,1646574,1.0,33,,0.0,0.0,7.0,A01,138Â 294Â 733,1.0
964753,201900006284,3,23,10:30,1,2,1,1.0,7.0,37261,HEURTELOUP (BOULEVARD),M,"47,3908200","0,6939300",37,2019,50.0,1.0,1.0,4.0,2156369,1.0,1,1,1,5.0,,-1.0, -1,1967.0,A01,138Â 294Â 733,2.0,8.0,-1.0,1646574,1.0,33,,0.0,0.0,7.0,A01,138Â 294Â 733,1.0
964754,201900006285,3,22,18:30,1,2,1,1.0,7.0,37233,ANGUILLE (RUE ANDRE),M,"47,3893946","0,7280551",37,2019,50.0,1.0,1.0,4.0,2156370,1.0,1,4,2,5.0,,-1.0,0,1979.0,A01,138Â 294Â 732,8.0,0.0,-1.0,1646575,1.0,1,,0.0,0.0,0.0,A01,138Â 294Â 732,0.0
964755,201900006286,3,22,16:37,1,2,1,1.0,6.0,37261,SUEDE (RUE DE),M,"47,4346510","0,6902189",37,2019,50.0,1.0,1.0,4.0,2156371,10.0,3,4,1,5.0,,3.0,3,1948.0,A01,138Â 294Â 731,8.0,0.0,-1.0,1646576,2.0,7,,0.0,1.0,1.0,A01,138Â 294Â 731,1.0
964755,201900006286,3,22,16:37,1,2,1,1.0,6.0,37261,SUEDE (RUE DE),M,"47,4346510","0,6902189",37,2019,50.0,1.0,1.0,4.0,2156372,1.0,1,1,1,0.0,,-1.0,0,1986.0,A01,138Â 294Â 731,1.0,8.0,-1.0,1646576,2.0,7,,0.0,1.0,1.0,A01,138Â 294Â 731,1.0
964756,201900006287,3,22,17:25,1,2,1,1.0,7.0,37214,EPINETTES (RUE DES),M,"47,4176527","0,6695768",37,2019,50.0,1.0,1.0,4.0,2156373,1.0,1,4,1,5.0,,-1.0,0,1985.0,A01,138Â 294Â 730,8.0,0.0,-1.0,1646577,1.0,1,,0.0,0.0,0.0,A01,138Â 294Â 730,5.0
964757,201900006288,3,22,08:15,1,2,1,1.0,6.0,37261,COLBERT (RUE),M,"47,3956001","0,6878789",37,2019,30.0,1.0,1.0,4.0,2156374,1.0,1,3,2,9.0,,-1.0,0,1998.0,A01,138Â 294Â 729,2.0,6.0,-1.0,1646578,3.0,33,,6.0,0.0,1.0,A01,138Â 294Â 729,1.0
964758,201900006289,3,22,07:35,2,2,2,1.0,3.0,37261,EIFFEL (AVENUE GUSTAVE),M,"47,4356617","0,6984666",37,2019,50.0,1.0,1.0,4.0,2156375,1.0,1,1,2,1.0,,-1.0,0,1968.0,A01,138Â 294Â 727,1.0,8.0,-1.0,1646579,1.0,7,,0.0,2.0,2.0,A01,138Â 294Â 727,1.0
964758,201900006289,3,22,07:35,2,2,2,1.0,3.0,37261,EIFFEL (AVENUE GUSTAVE),M,"47,4356617","0,6984666",37,2019,50.0,1.0,1.0,4.0,2156375,1.0,1,1,2,1.0,,-1.0,0,1968.0,A01,138Â 294Â 727,1.0,8.0,-1.0,1646580,2.0,1,,0.0,2.0,1.0,B01,138Â 294Â 728,5.0
964758,201900006289,3,22,07:35,2,2,2,1.0,3.0,37261,EIFFEL (AVENUE GUSTAVE),M,"47,4356617","0,6984666",37,2019,50.0,1.0,1.0,4.0,2156376,1.0,1,4,1,1.0,,-1.0,0,1964.0,B01,138Â 294Â 728,8.0,0.0,-1.0,1646579,1.0,7,,0.0,2.0,2.0,A01,138Â 294Â 727,1.0
964758,201900006289,3,22,07:35,2,2,2,1.0,3.0,37261,EIFFEL (AVENUE GUSTAVE),M,"47,4356617","0,6984666",37,2019,50.0,1.0,1.0,4.0,2156376,1.0,1,4,1,1.0,,-1.0,0,1964.0,B01,138Â 294Â 728,8.0,0.0,-1.0,1646580,2.0,1,,0.0,2.0,1.0,B01,138Â 294Â 728,5.0
964759,201900006290,3,21,07:55,1,2,3,1.0,3.0,37122,DOUZILLIERE (RUE DE LA),M,"47,3403891","0,6541688",37,2019,30.0,1.0,1.0,4.0,2156377,1.0,1,4,1,2.0,,-1.0,0,2006.0,B01,138Â 294Â 725,8.0,0.0,-1.0,1646581,1.0,1,,0.0,2.0,1.0,B01,138Â 294Â 725,5.0
964759,201900006290,3,21,07:55,1,2,3,1.0,3.0,37122,DOUZILLIERE (RUE DE LA),M,"47,3403891","0,6541688",37,2019,30.0,1.0,1.0,4.0,2156377,1.0,1,4,1,2.0,,-1.0,0,2006.0,B01,138Â 294Â 725,8.0,0.0,-1.0,1646582,3.0,7,,0.0,2.0,3.0,A01,138Â 294Â 726,1.0
964759,201900006290,3,21,07:55,1,2,3,1.0,3.0,37122,DOUZILLIERE (RUE DE LA),M,"47,3403891","0,6541688",37,2019,30.0,1.0,1.0,4.0,2156378,1.0,1,1,1,5.0,,-1.0,0,1960.0,A01,138Â 294Â 726,1.0,8.0,-1.0,1646581,1.0,1,,0.0,2.0,1.0,B01,138Â 294Â 725,5.0
964759,201900006290,3,21,07:55,1,2,3,1.0,3.0,37122,DOUZILLIERE (RUE DE LA),M,"47,3403891","0,6541688",37,2019,30.0,1.0,1.0,4.0,2156378,1.0,1,1,1,5.0,,-1.0,0,1960.0,A01,138Â 294Â 726,1.0,8.0,-1.0,1646582,3.0,7,,0.0,2.0,3.0,A01,138Â 294Â 726,1.0