Unnamed: 0_x,num_acc,mois,jour,hrmn,lum,agg,int,atm,col,com,adr,gps,lat,long,dep,annee,vma,situ,surf,catr,Unnamed: 0_y,place,catu,grav,sexe,trajet,secu,locp,actp,an_nais,num_veh_x,id_vehicule_x,secu1,secu2,secu3,Unnamed: 0,senc,catv,occutc,obs,obsm,choc,num_veh_y,id_vehicule_y,motor
964760,201900006291,3,20,19:40,5,2,1,1.0,6.0,37261,GUYNEMER (RUE GEORGES),M,"47,3806690","0,7044300",37,2019,50.0,1.0,1.0,4.0,2156379,1.0,1,4,2,5.0,,-1.0,0,1962.0,A01,138Â 294Â 724,1.0,8.0,-1.0,1646583,3.0,7,,6.0,2.0,1.0,A01,138Â 294Â 724,1.0
964761,201900006292,3,20,13:05,1,2,1,1.0,6.0,37261,BREL (RUE JACQUES),M,"47,4332100","0,6983400",37,2019,50.0,2.0,1.0,4.0,2156380,1.0,1,4,1,2.0,,-1.0,0,1997.0,A01,138Â 294Â 723,1.0,8.0,-1.0,1646584,2.0,7,,2.0,0.0,1.0,A01,138Â 294Â 723,1.0
964762,201900006293,3,22,18:40,1,2,1,1.0,3.0,36202,138 ROUTE DE CHATEAUROUX,M,"46,8148600","1,6632200",36,2019,50.0,1.0,1.0,4.0,2156381,1.0,1,3,1,9.0,,0.0,0,1997.0,B01,138Â 294Â 721,2.0,8.0,-1.0,1646585,2.0,33,,0.0,2.0,1.0,B01,138Â 294Â 721,1.0
964762,201900006293,3,22,18:40,1,2,1,1.0,3.0,36202,138 ROUTE DE CHATEAUROUX,M,"46,8148600","1,6632200",36,2019,50.0,1.0,1.0,4.0,2156381,1.0,1,3,1,9.0,,0.0,0,1997.0,B01,138Â 294Â 721,2.0,8.0,-1.0,1646586,2.0,7,,0.0,2.0,3.0,A01,138Â 294Â 722,1.0
964762,201900006293,3,22,18:40,1,2,1,1.0,3.0,36202,138 ROUTE DE CHATEAUROUX,M,"46,8148600","1,6632200",36,2019,50.0,1.0,1.0,4.0,2156382,1.0,1,1,2,9.0,,0.0,0,1985.0,A01,138Â 294Â 722,1.0,8.0,-1.0,1646585,2.0,33,,0.0,2.0,1.0,B01,138Â 294Â 721,1.0
964762,201900006293,3,22,18:40,1,2,1,1.0,3.0,36202,138 ROUTE DE CHATEAUROUX,M,"46,8148600","1,6632200",36,2019,50.0,1.0,1.0,4.0,2156382,1.0,1,1,2,9.0,,0.0,0,1985.0,A01,138Â 294Â 722,1.0,8.0,-1.0,1646586,2.0,7,,0.0,2.0,3.0,A01,138Â 294Â 722,1.0
964763,201900006294,3,24,05:55,3,1,1,1.0,7.0,35238,ROCADE 12-13,M,"48,1243400"," -1,7169200",35,2019,90.0,1.0,1.0,2.0,2156383,1.0,1,4,1,5.0,,-1.0,0,1998.0,A01,138Â 294Â 720,1.0,0.0,-1.0,1646587,1.0,7,,16.0,0.0,2.0,A01,138Â 294Â 720,1.0
964764,201900006295,3,23,11:45,1,2,3,1.0,3.0,35281,MARIN (RUE JEAN),M,"48,0827700"," -1,7126600",35,2019,50.0,1.0,1.0,4.0,2156384,1.0,1,1,1,5.0,,-1.0,0,1994.0,B01,138Â 294Â 718,2.0,0.0,-1.0,1646588,3.0,33,,0.0,2.0,6.0,B01,138Â 294Â 718,1.0
964764,201900006295,3,23,11:45,1,2,3,1.0,3.0,35281,MARIN (RUE JEAN),M,"48,0827700"," -1,7126600",35,2019,50.0,1.0,1.0,4.0,2156384,1.0,1,1,1,5.0,,-1.0,0,1994.0,B01,138Â 294Â 718,2.0,0.0,-1.0,1646589,3.0,7,,0.0,2.0,1.0,A01,138Â 294Â 719,1.0
964764,201900006295,3,23,11:45,1,2,3,1.0,3.0,35281,MARIN (RUE JEAN),M,"48,0827700"," -1,7126600",35,2019,50.0,1.0,1.0,4.0,2156385,2.0,2,4,2,5.0,,-1.0,0,1995.0,B01,138Â 294Â 718,2.0,0.0,-1.0,1646588,3.0,33,,0.0,2.0,6.0,B01,138Â 294Â 718,1.0
964764,201900006295,3,23,11:45,1,2,3,1.0,3.0,35281,MARIN (RUE JEAN),M,"48,0827700"," -1,7126600",35,2019,50.0,1.0,1.0,4.0,2156385,2.0,2,4,2,5.0,,-1.0,0,1995.0,B01,138Â 294Â 718,2.0,0.0,-1.0,1646589,3.0,7,,0.0,2.0,1.0,A01,138Â 294Â 719,1.0
964764,201900006295,3,23,11:45,1,2,3,1.0,3.0,35281,MARIN (RUE JEAN),M,"48,0827700"," -1,7126600",35,2019,50.0,1.0,1.0,4.0,2156386,1.0,1,1,1,5.0,,-1.0,0,1979.0,A01,138Â 294Â 719,1.0,0.0,-1.0,1646588,3.0,33,,0.0,2.0,6.0,B01,138Â 294Â 718,1.0
964764,201900006295,3,23,11:45,1,2,3,1.0,3.0,35281,MARIN (RUE JEAN),M,"48,0827700"," -1,7126600",35,2019,50.0,1.0,1.0,4.0,2156386,1.0,1,1,1,5.0,,-1.0,0,1979.0,A01,138Â 294Â 719,1.0,0.0,-1.0,1646589,3.0,7,,0.0,2.0,1.0,A01,138Â 294Â 719,1.0
964765,201900006296,3,23,06:15,2,2,2,5.0,3.0,35238,CHATEAUBRIAND (QUAI),M,"48,1102200"," -1,6742300",35,2019,50.0,1.0,1.0,4.0,2156387,4.0,2,3,2,5.0,,-1.0,0,2000.0,B01,138Â 294Â 716,1.0,0.0,-1.0,1646590,1.0,7,,0.0,2.0,7.0,B01,138Â 294Â 716,1.0
964765,201900006296,3,23,06:15,2,2,2,5.0,3.0,35238,CHATEAUBRIAND (QUAI),M,"48,1102200"," -1,6742300",35,2019,50.0,1.0,1.0,4.0,2156387,4.0,2,3,2,5.0,,-1.0,0,2000.0,B01,138Â 294Â 716,1.0,0.0,-1.0,1646591,2.0,7,,0.0,2.0,1.0,A01,138Â 294Â 717,1.0
964765,201900006296,3,23,06:15,2,2,2,5.0,3.0,35238,CHATEAUBRIAND (QUAI),M,"48,1102200"," -1,6742300",35,2019,50.0,1.0,1.0,4.0,2156388,5.0,2,4,2,5.0,,-1.0,0,2000.0,B01,138Â 294Â 716,1.0,0.0,-1.0,1646590,1.0,7,,0.0,2.0,7.0,B01,138Â 294Â 716,1.0
964765,201900006296,3,23,06:15,2,2,2,5.0,3.0,35238,CHATEAUBRIAND (QUAI),M,"48,1102200"," -1,6742300",35,2019,50.0,1.0,1.0,4.0,2156388,5.0,2,4,2,5.0,,-1.0,0,2000.0,B01,138Â 294Â 716,1.0,0.0,-1.0,1646591,2.0,7,,0.0,2.0,1.0,A01,138Â 294Â 717,1.0
964765,201900006296,3,23,06:15,2,2,2,5.0,3.0,35238,CHATEAUBRIAND (QUAI),M,"48,1102200"," -1,6742300",35,2019,50.0,1.0,1.0,4.0,2156389,1.0,1,1,2,5.0,,-1.0,0,2000.0,B01,138Â 294Â 716,1.0,0.0,-1.0,1646590,1.0,7,,0.0,2.0,7.0,B01,138Â 294Â 716,1.0
964765,201900006296,3,23,06:15,2,2,2,5.0,3.0,35238,CHATEAUBRIAND (QUAI),M,"48,1102200"," -1,6742300",35,2019,50.0,1.0,1.0,4.0,2156389,1.0,1,1,2,5.0,,-1.0,0,2000.0,B01,138Â 294Â 716,1.0,0.0,-1.0,1646591,2.0,7,,0.0,2.0,1.0,A01,138Â 294Â 717,1.0
964765,201900006296,3,23,06:15,2,2,2,5.0,3.0,35238,CHATEAUBRIAND (QUAI),M,"48,1102200"," -1,6742300",35,2019,50.0,1.0,1.0,4.0,2156390,3.0,2,4,1,5.0,,-1.0,0,2000.0,B01,138Â 294Â 716,1.0,0.0,-1.0,1646590,1.0,7,,0.0,2.0,7.0,B01,138Â 294Â 716,1.0
964765,201900006296,3,23,06:15,2,2,2,5.0,3.0,35238,CHATEAUBRIAND (QUAI),M,"48,1102200"," -1,6742300",35,2019,50.0,1.0,1.0,4.0,2156390,3.0,2,4,1,5.0,,-1.0,0,2000.0,B01,138Â 294Â 716,1.0,0.0,-1.0,1646591,2.0,7,,0.0,2.0,1.0,A01,138Â 294Â 717,1.0
964765,201900006296,3,23,06:15,2,2,2,5.0,3.0,35238,CHATEAUBRIAND (QUAI),M,"48,1102200"," -1,6742300",35,2019,50.0,1.0,1.0,4.0,2156391,2.0,2,4,1,5.0,,-1.0,0,2001.0,B01,138Â 294Â 716,1.0,0.0,-1.0,1646590,1.0,7,,0.0,2.0,7.0,B01,138Â 294Â 716,1.0
964765,201900006296,3,23,06:15,2,2,2,5.0,3.0,35238,CHATEAUBRIAND (QUAI),M,"48,1102200"," -1,6742300",35,2019,50.0,1.0,1.0,4.0,2156391,2.0,2,4,1,5.0,,-1.0,0,2001.0,B01,138Â 294Â 716,1.0,0.0,-1.0,1646591,2.0,7,,0.0,2.0,1.0,A01,138Â 294Â 717,1.0
964765,201900006296,3,23,06:15,2,2,2,5.0,3.0,35238,CHATEAUBRIAND (QUAI),M,"48,1102200"," -1,6742300",35,2019,50.0,1.0,1.0,4.0,2156392,1.0,1,1,1,5.0,,-1.0,0,1990.0,A01,138Â 294Â 717,1.0,0.0,-1.0,1646590,1.0,7,,0.0,2.0,7.0,B01,138Â 294Â 716,1.0
964765,201900006296,3,23,06:15,2,2,2,5.0,3.0,35238,CHATEAUBRIAND (QUAI),M,"48,1102200"," -1,6742300",35,2019,50.0,1.0,1.0,4.0,2156392,1.0,1,1,1,5.0,,-1.0,0,1990.0,A01,138Â 294Â 717,1.0,0.0,-1.0,1646591,2.0,7,,0.0,2.0,1.0,A01,138Â 294Â 717,1.0
964765,201900006296,3,23,06:15,2,2,2,5.0,3.0,35238,CHATEAUBRIAND (QUAI),M,"48,1102200"," -1,6742300",35,2019,50.0,1.0,1.0,4.0,2156393,2.0,2,1,2,5.0,,-1.0,0,1996.0,A01,138Â 294Â 717,1.0,0.0,-1.0,1646590,1.0,7,,0.0,2.0,7.0,B01,138Â 294Â 716,1.0
964765,201900006296,3,23,06:15,2,2,2,5.0,3.0,35238,CHATEAUBRIAND (QUAI),M,"48,1102200"," -1,6742300",35,2019,50.0,1.0,1.0,4.0,2156393,2.0,2,1,2,5.0,,-1.0,0,1996.0,A01,138Â 294Â 717,1.0,0.0,-1.0,1646591,2.0,7,,0.0,2.0,1.0,A01,138Â 294Â 717,1.0
964766,201900006297,3,21,06:25,5,2,6,1.0,3.0,35051,RENNES (RUE DE),M,"48,1139700"," -1,6340000",35,2019,50.0,1.0,1.0,4.0,2156394,1.0,1,4,1,1.0,,-1.0,0,1971.0,B01,138Â 294Â 714,8.0,0.0,-1.0,1646592,3.0,1,,0.0,2.0,4.0,B01,138Â 294Â 714,5.0
964766,201900006297,3,21,06:25,5,2,6,1.0,3.0,35051,RENNES (RUE DE),M,"48,1139700"," -1,6340000",35,2019,50.0,1.0,1.0,4.0,2156394,1.0,1,4,1,1.0,,-1.0,0,1971.0,B01,138Â 294Â 714,8.0,0.0,-1.0,1646593,3.0,7,,0.0,6.0,8.0,A01,138Â 294Â 715,1.0
964766,201900006297,3,21,06:25,5,2,6,1.0,3.0,35051,RENNES (RUE DE),M,"48,1139700"," -1,6340000",35,2019,50.0,1.0,1.0,4.0,2156395,1.0,1,1,1,4.0,,-1.0,0,1990.0,A01,138Â 294Â 715,1.0,8.0,-1.0,1646592,3.0,1,,0.0,2.0,4.0,B01,138Â 294Â 714,5.0
964766,201900006297,3,21,06:25,5,2,6,1.0,3.0,35051,RENNES (RUE DE),M,"48,1139700"," -1,6340000",35,2019,50.0,1.0,1.0,4.0,2156395,1.0,1,1,1,4.0,,-1.0,0,1990.0,A01,138Â 294Â 715,1.0,8.0,-1.0,1646593,3.0,7,,0.0,6.0,8.0,A01,138Â 294Â 715,1.0
964767,201900006298,3,20,08:05,1,1,1,1.0,2.0,35278,RD 137,M,"48,1835000"," -1,7201400",35,2019,110.0,1.0,1.0,3.0,2156396,1.0,1,4,2,5.0,,-1.0,0,1946.0,B01,138Â 294Â 712,1.0,0.0,-1.0,1646594,1.0,7,,0.0,2.0,4.0,B01,138Â 294Â 712,1.0
964767,201900006298,3,20,08:05,1,1,1,1.0,2.0,35278,RD 137,M,"48,1835000"," -1,7201400",35,2019,110.0,1.0,1.0,3.0,2156396,1.0,1,4,2,5.0,,-1.0,0,1946.0,B01,138Â 294Â 712,1.0,0.0,-1.0,1646595,1.0,10,,0.0,2.0,1.0,A01,138Â 294Â 713,1.0
964767,201900006298,3,20,08:05,1,1,1,1.0,2.0,35278,RD 137,M,"48,1835000"," -1,7201400",35,2019,110.0,1.0,1.0,3.0,2156397,1.0,1,4,1,1.0,,-1.0,0,1990.0,A01,138Â 294Â 713,1.0,4.0,-1.0,1646594,1.0,7,,0.0,2.0,4.0,B01,138Â 294Â 712,1.0
964767,201900006298,3,20,08:05,1,1,1,1.0,2.0,35278,RD 137,M,"48,1835000"," -1,7201400",35,2019,110.0,1.0,1.0,3.0,2156397,1.0,1,4,1,1.0,,-1.0,0,1990.0,A01,138Â 294Â 713,1.0,4.0,-1.0,1646595,1.0,10,,0.0,2.0,1.0,A01,138Â 294Â 713,1.0
964768,201900006299,3,16,02:50,5,2,3,1.0,3.0,34301,JARLIN MONSEIGNEUR (RUE),M,"43,4075400","3,6685900",34,2019,50.0,1.0,1.0,3.0,2156398,1.0,1,1,2,5.0,,0.0,0,1960.0,A01,138Â 294Â 710,1.0,0.0,-1.0,1646596,2.0,7,,0.0,2.0,1.0,A01,138Â 294Â 710,1.0
964768,201900006299,3,16,02:50,5,2,3,1.0,3.0,34301,JARLIN MONSEIGNEUR (RUE),M,"43,4075400","3,6685900",34,2019,50.0,1.0,1.0,3.0,2156398,1.0,1,1,2,5.0,,0.0,0,1960.0,A01,138Â 294Â 710,1.0,0.0,-1.0,1646597,3.0,7,,0.0,2.0,1.0,B01,138Â 294Â 711,1.0
964768,201900006299,3,16,02:50,5,2,3,1.0,3.0,34301,JARLIN MONSEIGNEUR (RUE),M,"43,4075400","3,6685900",34,2019,50.0,1.0,1.0,3.0,2156399,2.0,2,4,2,5.0,,0.0,0,1993.0,B01,138Â 294Â 711,1.0,0.0,-1.0,1646596,2.0,7,,0.0,2.0,1.0,A01,138Â 294Â 710,1.0
964768,201900006299,3,16,02:50,5,2,3,1.0,3.0,34301,JARLIN MONSEIGNEUR (RUE),M,"43,4075400","3,6685900",34,2019,50.0,1.0,1.0,3.0,2156399,2.0,2,4,2,5.0,,0.0,0,1993.0,B01,138Â 294Â 711,1.0,0.0,-1.0,1646597,3.0,7,,0.0,2.0,1.0,B01,138Â 294Â 711,1.0
964768,201900006299,3,16,02:50,5,2,3,1.0,3.0,34301,JARLIN MONSEIGNEUR (RUE),M,"43,4075400","3,6685900",34,2019,50.0,1.0,1.0,3.0,2156400,1.0,1,4,1,9.0,,0.0,0,1991.0,B01,138Â 294Â 711,1.0,0.0,-1.0,1646596,2.0,7,,0.0,2.0,1.0,A01,138Â 294Â 710,1.0
964768,201900006299,3,16,02:50,5,2,3,1.0,3.0,34301,JARLIN MONSEIGNEUR (RUE),M,"43,4075400","3,6685900",34,2019,50.0,1.0,1.0,3.0,2156400,1.0,1,4,1,9.0,,0.0,0,1991.0,B01,138Â 294Â 711,1.0,0.0,-1.0,1646597,3.0,7,,0.0,2.0,1.0,B01,138Â 294Â 711,1.0
964769,201900006300,3,18,09:10,1,1,1,1.0,5.0,34301,RD2 Route de Balaruc,M,"43,4146040","3,7005500",34,2019,70.0,1.0,1.0,3.0,2156401,1.0,1,1,1,0.0,,0.0,0,1986.0,B01,138Â 294Â 707,1.0,0.0,-1.0,1646598,2.0,7,,0.0,2.0,3.0,B01,138Â 294Â 707,1.0
964769,201900006300,3,18,09:10,1,1,1,1.0,5.0,34301,RD2 Route de Balaruc,M,"43,4146040","3,7005500",34,2019,70.0,1.0,1.0,3.0,2156401,1.0,1,1,1,0.0,,0.0,0,1986.0,B01,138Â 294Â 707,1.0,0.0,-1.0,1646599,2.0,17,,1.0,2.0,4.0,C01,138Â 294Â 708,1.0
964769,201900006300,3,18,09:10,1,1,1,1.0,5.0,34301,RD2 Route de Balaruc,M,"43,4146040","3,7005500",34,2019,70.0,1.0,1.0,3.0,2156401,1.0,1,1,1,0.0,,0.0,0,1986.0,B01,138Â 294Â 707,1.0,0.0,-1.0,1646600,2.0,7,,0.0,2.0,0.0,A01,138Â 294Â 709,1.0
964769,201900006300,3,18,09:10,1,1,1,1.0,5.0,34301,RD2 Route de Balaruc,M,"43,4146040","3,7005500",34,2019,70.0,1.0,1.0,3.0,2156402,1.0,1,1,1,9.0,,0.0,0,1965.0,C01,138Â 294Â 708,1.0,0.0,-1.0,1646598,2.0,7,,0.0,2.0,3.0,B01,138Â 294Â 707,1.0
964769,201900006300,3,18,09:10,1,1,1,1.0,5.0,34301,RD2 Route de Balaruc,M,"43,4146040","3,7005500",34,2019,70.0,1.0,1.0,3.0,2156402,1.0,1,1,1,9.0,,0.0,0,1965.0,C01,138Â 294Â 708,1.0,0.0,-1.0,1646599,2.0,17,,1.0,2.0,4.0,C01,138Â 294Â 708,1.0
964769,201900006300,3,18,09:10,1,1,1,1.0,5.0,34301,RD2 Route de Balaruc,M,"43,4146040","3,7005500",34,2019,70.0,1.0,1.0,3.0,2156402,1.0,1,1,1,9.0,,0.0,0,1965.0,C01,138Â 294Â 708,1.0,0.0,-1.0,1646600,2.0,7,,0.0,2.0,0.0,A01,138Â 294Â 709,1.0
964769,201900006300,3,18,09:10,1,1,1,1.0,5.0,34301,RD2 Route de Balaruc,M,"43,4146040","3,7005500",34,2019,70.0,1.0,1.0,3.0,2156403,1.0,1,4,2,0.0,,0.0,0,1999.0,A01,138Â 294Â 709,1.0,0.0,-1.0,1646598,2.0,7,,0.0,2.0,3.0,B01,138Â 294Â 707,1.0
964769,201900006300,3,18,09:10,1,1,1,1.0,5.0,34301,RD2 Route de Balaruc,M,"43,4146040","3,7005500",34,2019,70.0,1.0,1.0,3.0,2156403,1.0,1,4,2,0.0,,0.0,0,1999.0,A01,138Â 294Â 709,1.0,0.0,-1.0,1646599,2.0,17,,1.0,2.0,4.0,C01,138Â 294Â 708,1.0
964769,201900006300,3,18,09:10,1,1,1,1.0,5.0,34301,RD2 Route de Balaruc,M,"43,4146040","3,7005500",34,2019,70.0,1.0,1.0,3.0,2156403,1.0,1,4,2,0.0,,0.0,0,1999.0,A01,138Â 294Â 709,1.0,0.0,-1.0,1646600,2.0,7,,0.0,2.0,0.0,A01,138Â 294Â 709,1.0
964770,201900006301,3,16,15:45,1,2,1,1.0,6.0,34301,HERRIOT EDOUARD (PLACE),M,"43,3950800","3,6777490",34,2019,50.0,1.0,1.0,6.0,2156404,10.0,3,2,1,5.0,,1.0,9,1939.0,A01,138Â 294Â 706,8.0,0.0,-1.0,1646601,3.0,7,,0.0,1.0,3.0,A01,138Â 294Â 706,1.0
964770,201900006301,3,16,15:45,1,2,1,1.0,6.0,34301,HERRIOT EDOUARD (PLACE),M,"43,3950800","3,6777490",34,2019,50.0,1.0,1.0,6.0,2156405,1.0,1,1,2,5.0,,0.0,0,1975.0,A01,138Â 294Â 706,8.0,0.0,-1.0,1646601,3.0,7,,0.0,1.0,3.0,A01,138Â 294Â 706,1.0
964771,201900006302,3,24,17:00,1,2,1,1.0,7.0,34172,DIACON (AVENUE EMILE),M,"43,6283800","3,8596800",34,2019,50.0,1.0,1.0,4.0,2156406,10.0,3,4,1,5.0,,2.0,5,2008.0,A01,138Â 294Â 705,8.0,0.0,-1.0,1646602,2.0,7,,0.0,1.0,1.0,A01,138Â 294Â 705,1.0
964771,201900006302,3,24,17:00,1,2,1,1.0,7.0,34172,DIACON (AVENUE EMILE),M,"43,6283800","3,8596800",34,2019,50.0,1.0,1.0,4.0,2156407,1.0,1,1,1,5.0,,0.0,0,1997.0,A01,138Â 294Â 705,1.0,8.0,-1.0,1646602,2.0,7,,0.0,1.0,1.0,A01,138Â 294Â 705,1.0
964772,201900006303,3,22,13:10,1,2,2,1.0,3.0,34172,CENTRAYRARGUES (RUE DE),M,"43,5948200","3,8907700",34,2019,50.0,1.0,1.0,4.0,2156408,1.0,1,4,2,0.0,,0.0,0,1995.0,B01,138Â 294Â 703,1.0,8.0,-1.0,1646603,1.0,7,,0.0,2.0,1.0,B01,138Â 294Â 703,1.0
964772,201900006303,3,22,13:10,1,2,2,1.0,3.0,34172,CENTRAYRARGUES (RUE DE),M,"43,5948200","3,8907700",34,2019,50.0,1.0,1.0,4.0,2156408,1.0,1,4,2,0.0,,0.0,0,1995.0,B01,138Â 294Â 703,1.0,8.0,-1.0,1646604,1.0,7,,0.0,2.0,1.0,A01,138Â 294Â 704,1.0
964772,201900006303,3,22,13:10,1,2,2,1.0,3.0,34172,CENTRAYRARGUES (RUE DE),M,"43,5948200","3,8907700",34,2019,50.0,1.0,1.0,4.0,2156409,1.0,1,4,1,1.0,,0.0,0,1990.0,A01,138Â 294Â 704,1.0,8.0,-1.0,1646603,1.0,7,,0.0,2.0,1.0,B01,138Â 294Â 703,1.0
964772,201900006303,3,22,13:10,1,2,2,1.0,3.0,34172,CENTRAYRARGUES (RUE DE),M,"43,5948200","3,8907700",34,2019,50.0,1.0,1.0,4.0,2156409,1.0,1,4,1,1.0,,0.0,0,1990.0,A01,138Â 294Â 704,1.0,8.0,-1.0,1646604,1.0,7,,0.0,2.0,1.0,A01,138Â 294Â 704,1.0
964773,201900006304,3,22,06:05,3,2,1,1.0,7.0,34129,PALAVAS D986 (ROUTE DE),M,"43,5608700","3,8938100",34,2019,90.0,1.0,1.0,3.0,2156410,10.0,3,2,2,0.0,,1.0,B,1993.0,A01,138Â 294Â 701,0.0,0.0,-1.0,1646605,2.0,7,,0.0,1.0,1.0,A01,138Â 294Â 701,1.0
964773,201900006304,3,22,06:05,3,2,1,1.0,7.0,34129,PALAVAS D986 (ROUTE DE),M,"43,5608700","3,8938100",34,2019,90.0,1.0,1.0,3.0,2156411,1.0,1,1,1,1.0,,0.0,0,1971.0,A01,138Â 294Â 701,1.0,0.0,-1.0,1646605,2.0,7,,0.0,1.0,1.0,A01,138Â 294Â 701,1.0
964773,201900006304,3,22,06:05,3,2,1,1.0,7.0,34129,PALAVAS D986 (ROUTE DE),M,"43,5608700","3,8938100",34,2019,90.0,1.0,1.0,3.0,2156412,10.0,3,2,1,0.0,,1.0,3,2001.0,A01,138Â 294Â 701,8.0,0.0,-1.0,1646605,2.0,7,,0.0,1.0,1.0,A01,138Â 294Â 701,1.0
964774,201900006305,3,21,08:25,1,2,1,1.0,7.0,34172,INDUSTRIE (RUE DE L'),M,"43,5862600","3,8828300",34,2019,50.0,1.0,1.0,4.0,2156413,10.0,3,4,1,0.0,,5.0,2,1958.0,A01,138Â 294Â 700,8.0,0.0,-1.0,1646606,1.0,31,,0.0,1.0,1.0,A01,138Â 294Â 700,1.0
964774,201900006305,3,21,08:25,1,2,1,1.0,7.0,34172,INDUSTRIE (RUE DE L'),M,"43,5862600","3,8828300",34,2019,50.0,1.0,1.0,4.0,2156414,1.0,1,1,1,1.0,,0.0,0,1981.0,A01,138Â 294Â 700,2.0,0.0,-1.0,1646606,1.0,31,,0.0,1.0,1.0,A01,138Â 294Â 700,1.0
964775,201900006306,3,19,17:20,1,2,1,1.0,3.0,34172,MAURIN (AVENUE DE,M,"43,5830200","3,8720700",34,2019,50.0,1.0,1.0,4.0,2156415,1.0,1,3,1,9.0,,0.0,0,1990.0,B01,138Â 294Â 698,2.0,8.0,-1.0,1646607,1.0,33,,0.0,2.0,7.0,B01,138Â 294Â 698,1.0
964775,201900006306,3,19,17:20,1,2,1,1.0,3.0,34172,MAURIN (AVENUE DE,M,"43,5830200","3,8720700",34,2019,50.0,1.0,1.0,4.0,2156415,1.0,1,3,1,9.0,,0.0,0,1990.0,B01,138Â 294Â 698,2.0,8.0,-1.0,1646608,1.0,7,,0.0,2.0,2.0,A01,138Â 294Â 699,2.0
964775,201900006306,3,19,17:20,1,2,1,1.0,3.0,34172,MAURIN (AVENUE DE,M,"43,5830200","3,8720700",34,2019,50.0,1.0,1.0,4.0,2156416,1.0,1,1,2,0.0,,0.0,0,1946.0,A01,138Â 294Â 699,1.0,8.0,-1.0,1646607,1.0,33,,0.0,2.0,7.0,B01,138Â 294Â 698,1.0
964775,201900006306,3,19,17:20,1,2,1,1.0,3.0,34172,MAURIN (AVENUE DE,M,"43,5830200","3,8720700",34,2019,50.0,1.0,1.0,4.0,2156416,1.0,1,1,2,0.0,,0.0,0,1946.0,A01,138Â 294Â 699,1.0,8.0,-1.0,1646608,1.0,7,,0.0,2.0,2.0,A01,138Â 294Â 699,2.0
964776,201900006307,3,12,06:25,1,2,3,1.0,6.0,33162,RUE DES TULIPES,M,"44,8687400"," -0,6331000",33,2019,50.0,1.0,1.0,4.0,2156417,1.0,1,4,2,5.0,,-1.0, -1,1992.0,A01,138Â 294Â 697,8.0,0.0,-1.0,1646609,2.0,7,,1.0,0.0,1.0,A01,138Â 294Â 697,1.0
964777,201900006308,3,18,13:05,1,2,3,1.0,3.0,33119,AVE H. DUBEDOUT / R.Pauline Kergomard,M,"44,8474600"," -0,5077700",33,2019,50.0,1.0,2.0,4.0,2156418,1.0,1,3,1,1.0,,-1.0, -1,2002.0,A01,138Â 294Â 695,2.0,6.0,-1.0,1646610,1.0,2,,0.0,2.0,1.0,A01,138Â 294Â 695,1.0
964777,201900006308,3,18,13:05,1,2,3,1.0,3.0,33119,AVE H. DUBEDOUT / R.Pauline Kergomard,M,"44,8474600"," -0,5077700",33,2019,50.0,1.0,2.0,4.0,2156418,1.0,1,3,1,1.0,,-1.0, -1,2002.0,A01,138Â 294Â 695,2.0,6.0,-1.0,1646611,1.0,7,,0.0,0.0,6.0,B01,138Â 294Â 696,1.0
964777,201900006308,3,18,13:05,1,2,3,1.0,3.0,33119,AVE H. DUBEDOUT / R.Pauline Kergomard,M,"44,8474600"," -0,5077700",33,2019,50.0,1.0,2.0,4.0,2156419,1.0,1,1,2,0.0,,-1.0, -1,1996.0,B01,138Â 294Â 696,8.0,0.0,-1.0,1646610,1.0,2,,0.0,2.0,1.0,A01,138Â 294Â 695,1.0
964777,201900006308,3,18,13:05,1,2,3,1.0,3.0,33119,AVE H. DUBEDOUT / R.Pauline Kergomard,M,"44,8474600"," -0,5077700",33,2019,50.0,1.0,2.0,4.0,2156419,1.0,1,1,2,0.0,,-1.0, -1,1996.0,B01,138Â 294Â 696,8.0,0.0,-1.0,1646611,1.0,7,,0.0,0.0,6.0,B01,138Â 294Â 696,1.0
964778,201900006309,3,22,19:35,5,2,1,1.0,2.0,33529,DE GAULLE (AVE CHARLES) 87 ET +,M,"44,6372600"," -1,1272300",33,2019,50.0,1.0,1.0,3.0,2156420,1.0,1,4,1,0.0,,-1.0, -1,1983.0,B01,138Â 294Â 693,2.0,0.0,-1.0,1646612,2.0,2,,0.0,2.0,2.0,B01,138Â 294Â 693,1.0
964778,201900006309,3,22,19:35,5,2,1,1.0,2.0,33529,DE GAULLE (AVE CHARLES) 87 ET +,M,"44,6372600"," -1,1272300",33,2019,50.0,1.0,1.0,3.0,2156420,1.0,1,4,1,0.0,,-1.0, -1,1983.0,B01,138Â 294Â 693,2.0,0.0,-1.0,1646613,2.0,7,,0.0,2.0,3.0,A01,138Â 294Â 694,1.0
964778,201900006309,3,22,19:35,5,2,1,1.0,2.0,33529,DE GAULLE (AVE CHARLES) 87 ET +,M,"44,6372600"," -1,1272300",33,2019,50.0,1.0,1.0,3.0,2156421,1.0,1,1,2,1.0,,-1.0, -1,1961.0,A01,138Â 294Â 694,1.0,0.0,-1.0,1646612,2.0,2,,0.0,2.0,2.0,B01,138Â 294Â 693,1.0
964778,201900006309,3,22,19:35,5,2,1,1.0,2.0,33529,DE GAULLE (AVE CHARLES) 87 ET +,M,"44,6372600"," -1,1272300",33,2019,50.0,1.0,1.0,3.0,2156421,1.0,1,1,2,1.0,,-1.0, -1,1961.0,A01,138Â 294Â 694,1.0,0.0,-1.0,1646613,2.0,7,,0.0,2.0,3.0,A01,138Â 294Â 694,1.0