Unnamed: 0_x,num_acc,mois,jour,hrmn,lum,agg,int,atm,col,com,adr,gps,lat,long,dep,annee,vma,situ,surf,catr,Unnamed: 0_y,place,catu,grav,sexe,trajet,secu,locp,actp,an_nais,num_veh_x,id_vehicule_x,secu1,secu2,secu3,Unnamed: 0,senc,catv,occutc,obs,obsm,choc,num_veh_y,id_vehicule_y,motor
964779,201900006310,3,24,17:50,1,1,1,1.0,3.0,32013,ROCADE (RN 124 OUEST),M,"43,6602470","0,6372950",32,2019,80.0,1.0,1.0,2.0,2156422,3.0,2,4,1,5.0,,-1.0,0,2006.0,B01,138Â 294Â 691,1.0,0.0,-1.0,1646614,1.0,7,,0.0,2.0,1.0,B01,138Â 294Â 691,1.0
964779,201900006310,3,24,17:50,1,1,1,1.0,3.0,32013,ROCADE (RN 124 OUEST),M,"43,6602470","0,6372950",32,2019,80.0,1.0,1.0,2.0,2156422,3.0,2,4,1,5.0,,-1.0,0,2006.0,B01,138Â 294Â 691,1.0,0.0,-1.0,1646615,1.0,7,,0.0,2.0,8.0,A01,138Â 294Â 692,1.0
964779,201900006310,3,24,17:50,1,1,1,1.0,3.0,32013,ROCADE (RN 124 OUEST),M,"43,6602470","0,6372950",32,2019,80.0,1.0,1.0,2.0,2156423,1.0,1,1,1,5.0,,-1.0,0,1979.0,B01,138Â 294Â 691,1.0,0.0,-1.0,1646614,1.0,7,,0.0,2.0,1.0,B01,138Â 294Â 691,1.0
964779,201900006310,3,24,17:50,1,1,1,1.0,3.0,32013,ROCADE (RN 124 OUEST),M,"43,6602470","0,6372950",32,2019,80.0,1.0,1.0,2.0,2156423,1.0,1,1,1,5.0,,-1.0,0,1979.0,B01,138Â 294Â 691,1.0,0.0,-1.0,1646615,1.0,7,,0.0,2.0,8.0,A01,138Â 294Â 692,1.0
964779,201900006310,3,24,17:50,1,1,1,1.0,3.0,32013,ROCADE (RN 124 OUEST),M,"43,6602470","0,6372950",32,2019,80.0,1.0,1.0,2.0,2156424,2.0,2,4,2,5.0,,-1.0,0,2003.0,B01,138Â 294Â 691,1.0,0.0,-1.0,1646614,1.0,7,,0.0,2.0,1.0,B01,138Â 294Â 691,1.0
964779,201900006310,3,24,17:50,1,1,1,1.0,3.0,32013,ROCADE (RN 124 OUEST),M,"43,6602470","0,6372950",32,2019,80.0,1.0,1.0,2.0,2156424,2.0,2,4,2,5.0,,-1.0,0,2003.0,B01,138Â 294Â 691,1.0,0.0,-1.0,1646615,1.0,7,,0.0,2.0,8.0,A01,138Â 294Â 692,1.0
964779,201900006310,3,24,17:50,1,1,1,1.0,3.0,32013,ROCADE (RN 124 OUEST),M,"43,6602470","0,6372950",32,2019,80.0,1.0,1.0,2.0,2156425,3.0,2,4,2,5.0,,-1.0,0,1953.0,A01,138Â 294Â 692,1.0,0.0,-1.0,1646614,1.0,7,,0.0,2.0,1.0,B01,138Â 294Â 691,1.0
964779,201900006310,3,24,17:50,1,1,1,1.0,3.0,32013,ROCADE (RN 124 OUEST),M,"43,6602470","0,6372950",32,2019,80.0,1.0,1.0,2.0,2156425,3.0,2,4,2,5.0,,-1.0,0,1953.0,A01,138Â 294Â 692,1.0,0.0,-1.0,1646615,1.0,7,,0.0,2.0,8.0,A01,138Â 294Â 692,1.0
964779,201900006310,3,24,17:50,1,1,1,1.0,3.0,32013,ROCADE (RN 124 OUEST),M,"43,6602470","0,6372950",32,2019,80.0,1.0,1.0,2.0,2156426,4.0,2,4,2,5.0,,-1.0,0,1954.0,A01,138Â 294Â 692,1.0,0.0,-1.0,1646614,1.0,7,,0.0,2.0,1.0,B01,138Â 294Â 691,1.0
964779,201900006310,3,24,17:50,1,1,1,1.0,3.0,32013,ROCADE (RN 124 OUEST),M,"43,6602470","0,6372950",32,2019,80.0,1.0,1.0,2.0,2156426,4.0,2,4,2,5.0,,-1.0,0,1954.0,A01,138Â 294Â 692,1.0,0.0,-1.0,1646615,1.0,7,,0.0,2.0,8.0,A01,138Â 294Â 692,1.0
964779,201900006310,3,24,17:50,1,1,1,1.0,3.0,32013,ROCADE (RN 124 OUEST),M,"43,6602470","0,6372950",32,2019,80.0,1.0,1.0,2.0,2156427,1.0,1,4,2,5.0,,-1.0,0,1947.0,A01,138Â 294Â 692,1.0,0.0,-1.0,1646614,1.0,7,,0.0,2.0,1.0,B01,138Â 294Â 691,1.0
964779,201900006310,3,24,17:50,1,1,1,1.0,3.0,32013,ROCADE (RN 124 OUEST),M,"43,6602470","0,6372950",32,2019,80.0,1.0,1.0,2.0,2156427,1.0,1,4,2,5.0,,-1.0,0,1947.0,A01,138Â 294Â 692,1.0,0.0,-1.0,1646615,1.0,7,,0.0,2.0,8.0,A01,138Â 294Â 692,1.0
964779,201900006310,3,24,17:50,1,1,1,1.0,3.0,32013,ROCADE (RN 124 OUEST),M,"43,6602470","0,6372950",32,2019,80.0,1.0,1.0,2.0,2156428,2.0,2,4,2,5.0,,-1.0,0,1959.0,A01,138Â 294Â 692,1.0,0.0,-1.0,1646614,1.0,7,,0.0,2.0,1.0,B01,138Â 294Â 691,1.0
964779,201900006310,3,24,17:50,1,1,1,1.0,3.0,32013,ROCADE (RN 124 OUEST),M,"43,6602470","0,6372950",32,2019,80.0,1.0,1.0,2.0,2156428,2.0,2,4,2,5.0,,-1.0,0,1959.0,A01,138Â 294Â 692,1.0,0.0,-1.0,1646615,1.0,7,,0.0,2.0,8.0,A01,138Â 294Â 692,1.0
964780,201900006311,3,19,12:15,1,2,1,8.0,7.0,32013,GAMBETTA (RUE),M,"43,6478700","0,5854500",32,2019,50.0,1.0,2.0,4.0,2156429,1.0,1,3,1,4.0,,-1.0,0,1969.0,A01,138Â 294Â 690,2.0,6.0,-1.0,1646616,2.0,31,,0.0,0.0,7.0,A01,138Â 294Â 690,1.0
964781,201900006312,3,25,09:15,1,1,1,1.0,3.0,31555,VA007495 A62,M,"43,6502000","1,4319000",31,2019,90.0,1.0,1.0,1.0,2156430,1.0,1,1,1,4.0,,-1.0,0,1998.0,A01,138Â 294Â 688,1.0,0.0,-1.0,1646617,0.0,15,,0.0,2.0,2.0,A01,138Â 294Â 688,1.0
964781,201900006312,3,25,09:15,1,1,1,1.0,3.0,31555,VA007495 A62,M,"43,6502000","1,4319000",31,2019,90.0,1.0,1.0,1.0,2156430,1.0,1,1,1,4.0,,-1.0,0,1998.0,A01,138Â 294Â 688,1.0,0.0,-1.0,1646618,0.0,7,,0.0,2.0,9.0,B01,138Â 294Â 689,1.0
964781,201900006312,3,25,09:15,1,1,1,1.0,3.0,31555,VA007495 A62,M,"43,6502000","1,4319000",31,2019,90.0,1.0,1.0,1.0,2156431,1.0,1,4,1,1.0,,-1.0,0,1982.0,B01,138Â 294Â 689,1.0,0.0,-1.0,1646617,0.0,15,,0.0,2.0,2.0,A01,138Â 294Â 688,1.0
964781,201900006312,3,25,09:15,1,1,1,1.0,3.0,31555,VA007495 A62,M,"43,6502000","1,4319000",31,2019,90.0,1.0,1.0,1.0,2156431,1.0,1,4,1,1.0,,-1.0,0,1982.0,B01,138Â 294Â 689,1.0,0.0,-1.0,1646618,0.0,7,,0.0,2.0,9.0,B01,138Â 294Â 689,1.0
964782,201900006313,3,22,08:00,1,2,3,1.0,3.0,31555,BD DELTOUR,M,"43,5971000","1,4730300",31,2019,50.0,1.0,1.0,4.0,2156432,1.0,1,4,1,9.0,,-1.0,0,2000.0,B01,138Â 294Â 686,2.0,0.0,-1.0,1646619,0.0,2,,0.0,2.0,1.0,B01,138Â 294Â 686,1.0
964782,201900006313,3,22,08:00,1,2,3,1.0,3.0,31555,BD DELTOUR,M,"43,5971000","1,4730300",31,2019,50.0,1.0,1.0,4.0,2156432,1.0,1,4,1,9.0,,-1.0,0,2000.0,B01,138Â 294Â 686,2.0,0.0,-1.0,1646620,0.0,7,,0.0,2.0,8.0,A01,138Â 294Â 687,1.0
964782,201900006313,3,22,08:00,1,2,3,1.0,3.0,31555,BD DELTOUR,M,"43,5971000","1,4730300",31,2019,50.0,1.0,1.0,4.0,2156433,1.0,1,1,2,1.0,,-1.0,0,1960.0,A01,138Â 294Â 687,1.0,0.0,-1.0,1646619,0.0,2,,0.0,2.0,1.0,B01,138Â 294Â 686,1.0
964782,201900006313,3,22,08:00,1,2,3,1.0,3.0,31555,BD DELTOUR,M,"43,5971000","1,4730300",31,2019,50.0,1.0,1.0,4.0,2156433,1.0,1,1,2,1.0,,-1.0,0,1960.0,A01,138Â 294Â 687,1.0,0.0,-1.0,1646620,0.0,7,,0.0,2.0,8.0,A01,138Â 294Â 687,1.0
964783,201900006314,3,24,16:45,1,2,1,1.0,3.0,31555,CARNOT (BD LAZARE) DU 1AU 81,M,"43,6046900","1,4494800",31,2019,50.0,1.0,1.0,4.0,2156434,1.0,1,4,1,4.0,,-1.0,0,1998.0,A01,138Â 294Â 684,2.0,7.0,-1.0,1646621,2.0,2,,0.0,2.0,1.0,A01,138Â 294Â 684,1.0
964783,201900006314,3,24,16:45,1,2,1,1.0,3.0,31555,CARNOT (BD LAZARE) DU 1AU 81,M,"43,6046900","1,4494800",31,2019,50.0,1.0,1.0,4.0,2156434,1.0,1,4,1,4.0,,-1.0,0,1998.0,A01,138Â 294Â 684,2.0,7.0,-1.0,1646622,3.0,7,,0.0,2.0,3.0,B01,138Â 294Â 685,1.0
964783,201900006314,3,24,16:45,1,2,1,1.0,3.0,31555,CARNOT (BD LAZARE) DU 1AU 81,M,"43,6046900","1,4494800",31,2019,50.0,1.0,1.0,4.0,2156435,1.0,1,1,1,9.0,,-1.0,0,1985.0,B01,138Â 294Â 685,1.0,8.0,-1.0,1646621,2.0,2,,0.0,2.0,1.0,A01,138Â 294Â 684,1.0
964783,201900006314,3,24,16:45,1,2,1,1.0,3.0,31555,CARNOT (BD LAZARE) DU 1AU 81,M,"43,6046900","1,4494800",31,2019,50.0,1.0,1.0,4.0,2156435,1.0,1,1,1,9.0,,-1.0,0,1985.0,B01,138Â 294Â 685,1.0,8.0,-1.0,1646622,3.0,7,,0.0,2.0,3.0,B01,138Â 294Â 685,1.0
964784,201900006315,3,21,17:00,1,2,1,1.0,3.0,31149,EL PEY (CHEMIN D'),M,"43,6017500","1,3147100",31,2019,50.0,1.0,1.0,4.0,2156436,1.0,1,3,2,9.0,,-1.0,0,1977.0,A01,138Â 294Â 682,2.0,0.0,-1.0,1646623,0.0,43,,0.0,2.0,2.0,A01,138Â 294Â 682,1.0
964784,201900006315,3,21,17:00,1,2,1,1.0,3.0,31149,EL PEY (CHEMIN D'),M,"43,6017500","1,3147100",31,2019,50.0,1.0,1.0,4.0,2156436,1.0,1,3,2,9.0,,-1.0,0,1977.0,A01,138Â 294Â 682,2.0,0.0,-1.0,1646624,0.0,10,,0.0,2.0,3.0,B01,138Â 294Â 683,1.0
964784,201900006315,3,21,17:00,1,2,1,1.0,3.0,31149,EL PEY (CHEMIN D'),M,"43,6017500","1,3147100",31,2019,50.0,1.0,1.0,4.0,2156437,1.0,1,1,1,4.0,,-1.0,0,1986.0,B01,138Â 294Â 683,1.0,0.0,-1.0,1646623,0.0,43,,0.0,2.0,2.0,A01,138Â 294Â 682,1.0
964784,201900006315,3,21,17:00,1,2,1,1.0,3.0,31149,EL PEY (CHEMIN D'),M,"43,6017500","1,3147100",31,2019,50.0,1.0,1.0,4.0,2156437,1.0,1,1,1,4.0,,-1.0,0,1986.0,B01,138Â 294Â 683,1.0,0.0,-1.0,1646624,0.0,10,,0.0,2.0,3.0,B01,138Â 294Â 683,1.0
964785,201900006316,3,21,11:45,1,2,1,1.0,6.0,31555,BD DE STRASBOURG,M,"43,6101700","1,4439300",31,2019,50.0,1.0,1.0,4.0,2156438,10.0,3,4,1,9.0,,2.0,3,1933.0,A01,138Â 294Â 681,8.0,0.0,-1.0,1646625,0.0,32,,0.0,1.0,1.0,A01,138Â 294Â 681,1.0
964785,201900006316,3,21,11:45,1,2,1,1.0,6.0,31555,BD DE STRASBOURG,M,"43,6101700","1,4439300",31,2019,50.0,1.0,1.0,4.0,2156439,1.0,1,1,1,5.0,,0.0,0,1993.0,A01,138Â 294Â 681,2.0,0.0,-1.0,1646625,0.0,32,,0.0,1.0,1.0,A01,138Â 294Â 681,1.0
964786,201900006317,3,21,12:07,1,2,1,1.0,6.0,31555,ALL DE BELLEFONTAINE,M,"43,5658100","1,3992900",31,2019,50.0,1.0,1.0,4.0,2156440,10.0,3,4,1,5.0,,9.0,3,1933.0,Z01,138Â 294Â 680,8.0,0.0,-1.0,1646626,0.0,7,,0.0,1.0,0.0,Z01,138Â 294Â 680,1.0
964787,201900006318,3,21,08:55,1,2,1,1.0,3.0,31555,RTE DE BAYONNE,M,"43,6090100","1,3800700",31,2019,50.0,1.0,1.0,4.0,2156441,1.0,1,4,1,1.0,,-1.0,0,1978.0,B01,138Â 294Â 678,2.0,0.0,-1.0,1646627,3.0,1,,0.0,2.0,8.0,B01,138Â 294Â 678,5.0
964787,201900006318,3,21,08:55,1,2,1,1.0,3.0,31555,RTE DE BAYONNE,M,"43,6090100","1,3800700",31,2019,50.0,1.0,1.0,4.0,2156441,1.0,1,4,1,1.0,,-1.0,0,1978.0,B01,138Â 294Â 678,2.0,0.0,-1.0,1646628,3.0,7,,0.0,2.0,7.0,A01,138Â 294Â 679,1.0
964787,201900006318,3,21,08:55,1,2,1,1.0,3.0,31555,RTE DE BAYONNE,M,"43,6090100","1,3800700",31,2019,50.0,1.0,1.0,4.0,2156442,1.0,1,1,1,9.0,,-1.0,0,1998.0,A01,138Â 294Â 679,1.0,8.0,-1.0,1646627,3.0,1,,0.0,2.0,8.0,B01,138Â 294Â 678,5.0
964787,201900006318,3,21,08:55,1,2,1,1.0,3.0,31555,RTE DE BAYONNE,M,"43,6090100","1,3800700",31,2019,50.0,1.0,1.0,4.0,2156442,1.0,1,1,1,9.0,,-1.0,0,1998.0,A01,138Â 294Â 679,1.0,8.0,-1.0,1646628,3.0,7,,0.0,2.0,7.0,A01,138Â 294Â 679,1.0
964788,201900006319,3,21,09:20,1,2,1,1.0,3.0,31557,AURIOL (BD VINCENT),M,"43,5878500","1,3553400",31,2019,50.0,1.0,1.0,4.0,2156443,1.0,1,1,1,9.0,,-1.0,0,1973.0,B01,138Â 294Â 676,1.0,8.0,-1.0,1646629,3.0,7,,0.0,2.0,1.0,B01,138Â 294Â 676,1.0
964788,201900006319,3,21,09:20,1,2,1,1.0,3.0,31557,AURIOL (BD VINCENT),M,"43,5878500","1,3553400",31,2019,50.0,1.0,1.0,4.0,2156443,1.0,1,1,1,9.0,,-1.0,0,1973.0,B01,138Â 294Â 676,1.0,8.0,-1.0,1646630,3.0,32,,0.0,2.0,7.0,A01,138Â 294Â 677,1.0
964788,201900006319,3,21,09:20,1,2,1,1.0,3.0,31557,AURIOL (BD VINCENT),M,"43,5878500","1,3553400",31,2019,50.0,1.0,1.0,4.0,2156444,1.0,1,3,1,9.0,,-1.0,0,1992.0,A01,138Â 294Â 677,2.0,8.0,-1.0,1646629,3.0,7,,0.0,2.0,1.0,B01,138Â 294Â 676,1.0
964788,201900006319,3,21,09:20,1,2,1,1.0,3.0,31557,AURIOL (BD VINCENT),M,"43,5878500","1,3553400",31,2019,50.0,1.0,1.0,4.0,2156444,1.0,1,3,1,9.0,,-1.0,0,1992.0,A01,138Â 294Â 677,2.0,8.0,-1.0,1646630,3.0,32,,0.0,2.0,7.0,A01,138Â 294Â 677,1.0
964789,201900006320,3,20,17:00,1,2,6,1.0,3.0,31555,ROND POINT LEON LAJAUNIE,M,"43,5565100","1,4061700",31,2019,50.0,1.0,1.0,3.0,2156445,1.0,1,4,2,1.0,,-1.0,0,1966.0,A01,138Â 294Â 674,1.0,8.0,-1.0,1646631,1.0,7,,0.0,2.0,3.0,A01,138Â 294Â 674,1.0
964789,201900006320,3,20,17:00,1,2,6,1.0,3.0,31555,ROND POINT LEON LAJAUNIE,M,"43,5565100","1,4061700",31,2019,50.0,1.0,1.0,3.0,2156445,1.0,1,4,2,1.0,,-1.0,0,1966.0,A01,138Â 294Â 674,1.0,8.0,-1.0,1646632,1.0,10,,0.0,2.0,0.0,Z01,138Â 294Â 675,1.0
964789,201900006320,3,20,17:00,1,2,6,1.0,3.0,31555,ROND POINT LEON LAJAUNIE,M,"43,5565100","1,4061700",31,2019,50.0,1.0,1.0,3.0,2156446,1.0,1,1,1,0.0,,-1.0,0,1993.0,Z01,138Â 294Â 675,8.0,0.0,-1.0,1646631,1.0,7,,0.0,2.0,3.0,A01,138Â 294Â 674,1.0
964789,201900006320,3,20,17:00,1,2,6,1.0,3.0,31555,ROND POINT LEON LAJAUNIE,M,"43,5565100","1,4061700",31,2019,50.0,1.0,1.0,3.0,2156446,1.0,1,1,1,0.0,,-1.0,0,1993.0,Z01,138Â 294Â 675,8.0,0.0,-1.0,1646632,1.0,10,,0.0,2.0,0.0,Z01,138Â 294Â 675,1.0
964790,201900006321,3,20,13:00,1,2,1,1.0,3.0,31555,RUE PAULIN TALABOT,M,"43,5643000","1,3878200",31,2019,50.0,1.0,1.0,4.0,2156447,1.0,1,4,1,0.0,,-1.0,0,1988.0,B01,138Â 294Â 672,2.0,0.0,-1.0,1646633,0.0,33,,0.0,2.0,1.0,B01,138Â 294Â 672,1.0
964790,201900006321,3,20,13:00,1,2,1,1.0,3.0,31555,RUE PAULIN TALABOT,M,"43,5643000","1,3878200",31,2019,50.0,1.0,1.0,4.0,2156447,1.0,1,4,1,0.0,,-1.0,0,1988.0,B01,138Â 294Â 672,2.0,0.0,-1.0,1646634,0.0,7,,0.0,2.0,2.0,A01,138Â 294Â 673,1.0
964790,201900006321,3,20,13:00,1,2,1,1.0,3.0,31555,RUE PAULIN TALABOT,M,"43,5643000","1,3878200",31,2019,50.0,1.0,1.0,4.0,2156448,1.0,1,1,2,0.0,,-1.0,0,1995.0,A01,138Â 294Â 673,1.0,0.0,-1.0,1646633,0.0,33,,0.0,2.0,1.0,B01,138Â 294Â 672,1.0
964790,201900006321,3,20,13:00,1,2,1,1.0,3.0,31555,RUE PAULIN TALABOT,M,"43,5643000","1,3878200",31,2019,50.0,1.0,1.0,4.0,2156448,1.0,1,1,2,0.0,,-1.0,0,1995.0,A01,138Â 294Â 673,1.0,0.0,-1.0,1646634,0.0,7,,0.0,2.0,2.0,A01,138Â 294Â 673,1.0
964791,201900006322,3,20,09:02,1,2,3,1.0,3.0,31069,GASCOGNE (RUE DE),M,"43,6274900","1,3885100",31,2019,30.0,1.0,1.0,4.0,2156449,3.0,2,4,1,5.0,,-1.0,0,2017.0,A01,138Â 294Â 670,3.0,8.0,-1.0,1646635,2.0,7,,0.0,2.0,1.0,A01,138Â 294Â 670,1.0
964791,201900006322,3,20,09:02,1,2,3,1.0,3.0,31069,GASCOGNE (RUE DE),M,"43,6274900","1,3885100",31,2019,30.0,1.0,1.0,4.0,2156449,3.0,2,4,1,5.0,,-1.0,0,2017.0,A01,138Â 294Â 670,3.0,8.0,-1.0,1646636,1.0,7,,0.0,2.0,2.0,B01,138Â 294Â 671,1.0
964791,201900006322,3,20,09:02,1,2,3,1.0,3.0,31069,GASCOGNE (RUE DE),M,"43,6274900","1,3885100",31,2019,30.0,1.0,1.0,4.0,2156450,1.0,1,1,2,5.0,,-1.0,0,1982.0,A01,138Â 294Â 670,1.0,8.0,-1.0,1646635,2.0,7,,0.0,2.0,1.0,A01,138Â 294Â 670,1.0
964791,201900006322,3,20,09:02,1,2,3,1.0,3.0,31069,GASCOGNE (RUE DE),M,"43,6274900","1,3885100",31,2019,30.0,1.0,1.0,4.0,2156450,1.0,1,1,2,5.0,,-1.0,0,1982.0,A01,138Â 294Â 670,1.0,8.0,-1.0,1646636,1.0,7,,0.0,2.0,2.0,B01,138Â 294Â 671,1.0
964791,201900006322,3,20,09:02,1,2,3,1.0,3.0,31069,GASCOGNE (RUE DE),M,"43,6274900","1,3885100",31,2019,30.0,1.0,1.0,4.0,2156451,1.0,1,1,2,9.0,,-1.0,0,1974.0,B01,138Â 294Â 671,1.0,8.0,-1.0,1646635,2.0,7,,0.0,2.0,1.0,A01,138Â 294Â 670,1.0
964791,201900006322,3,20,09:02,1,2,3,1.0,3.0,31069,GASCOGNE (RUE DE),M,"43,6274900","1,3885100",31,2019,30.0,1.0,1.0,4.0,2156451,1.0,1,1,2,9.0,,-1.0,0,1974.0,B01,138Â 294Â 671,1.0,8.0,-1.0,1646636,1.0,7,,0.0,2.0,2.0,B01,138Â 294Â 671,1.0
964792,201900006323,3,23,05:10,5,2,1,1.0,6.0,30189,FOUR A CHAUX (ROND POINT),M,"43,8138500","4,3347400",30,2019,50.0,1.0,1.0,4.0,2156452,10.0,3,3,1,5.0,,2.0,3,1977.0,A01,138Â 294Â 669,8.0,0.0,-1.0,1646637,3.0,14,,0.0,1.0,8.0,A01,138Â 294Â 669,1.0
964792,201900006323,3,23,05:10,5,2,1,1.0,6.0,30189,FOUR A CHAUX (ROND POINT),M,"43,8138500","4,3347400",30,2019,50.0,1.0,1.0,4.0,2156453,1.0,1,1,1,4.0,,0.0,0,1984.0,A01,138Â 294Â 669,1.0,4.0,-1.0,1646637,3.0,14,,0.0,1.0,8.0,A01,138Â 294Â 669,1.0
964793,201900006324,3,19,18:30,2,2,1,1.0,3.0,30007,SILHOL (MONTEE),M,"44,1255000","4,0916000",30,2019,50.0,1.0,1.0,3.0,2156454,1.0,1,1,1,5.0,,-1.0,0,1973.0,A01,138Â 294Â 665,1.0,5.0,-1.0,1646638,2.0,7,,0.0,6.0,3.0,A01,138Â 294Â 665,1.0
964793,201900006324,3,19,18:30,2,2,1,1.0,3.0,30007,SILHOL (MONTEE),M,"44,1255000","4,0916000",30,2019,50.0,1.0,1.0,3.0,2156454,1.0,1,1,1,5.0,,-1.0,0,1973.0,A01,138Â 294Â 665,1.0,5.0,-1.0,1646639,3.0,1,,0.0,2.0,4.0,B01,138Â 294Â 666,5.0
964793,201900006324,3,19,18:30,2,2,1,1.0,3.0,30007,SILHOL (MONTEE),M,"44,1255000","4,0916000",30,2019,50.0,1.0,1.0,3.0,2156455,1.0,1,4,1,1.0,,-1.0,0,1974.0,B01,138Â 294Â 666,2.0,4.0,-1.0,1646638,2.0,7,,0.0,6.0,3.0,A01,138Â 294Â 665,1.0
964793,201900006324,3,19,18:30,2,2,1,1.0,3.0,30007,SILHOL (MONTEE),M,"44,1255000","4,0916000",30,2019,50.0,1.0,1.0,3.0,2156455,1.0,1,4,1,1.0,,-1.0,0,1974.0,B01,138Â 294Â 666,2.0,4.0,-1.0,1646639,3.0,1,,0.0,2.0,4.0,B01,138Â 294Â 666,5.0
964794,201900006325,3,25,09:00,1,2,3,1.0,3.0,29232,CAPRICORNE RUE DU,M,"47,9873300"," -4,0624600",29,2019,50.0,1.0,1.0,4.0,2156456,1.0,1,1,1,5.0,,0.0,0,1971.0,A01,138Â 294Â 663,1.0,0.0,-1.0,1646640,2.0,7,,0.0,2.0,1.0,A01,138Â 294Â 663,1.0
964794,201900006325,3,25,09:00,1,2,3,1.0,3.0,29232,CAPRICORNE RUE DU,M,"47,9873300"," -4,0624600",29,2019,50.0,1.0,1.0,4.0,2156456,1.0,1,1,1,5.0,,0.0,0,1971.0,A01,138Â 294Â 663,1.0,0.0,-1.0,1646641,2.0,37,2.0,0.0,2.0,2.0,B01,138Â 294Â 664,1.0
964794,201900006325,3,25,09:00,1,2,3,1.0,3.0,29232,CAPRICORNE RUE DU,M,"47,9873300"," -4,0624600",29,2019,50.0,1.0,1.0,4.0,2156457,1.0,1,1,1,4.0,,-1.0,0,1969.0,B01,138Â 294Â 664,1.0,0.0,-1.0,1646640,2.0,7,,0.0,2.0,1.0,A01,138Â 294Â 663,1.0
964794,201900006325,3,25,09:00,1,2,3,1.0,3.0,29232,CAPRICORNE RUE DU,M,"47,9873300"," -4,0624600",29,2019,50.0,1.0,1.0,4.0,2156457,1.0,1,1,1,4.0,,-1.0,0,1969.0,B01,138Â 294Â 664,1.0,0.0,-1.0,1646641,2.0,37,2.0,0.0,2.0,2.0,B01,138Â 294Â 664,1.0
964794,201900006325,3,25,09:00,1,2,3,1.0,3.0,29232,CAPRICORNE RUE DU,M,"47,9873300"," -4,0624600",29,2019,50.0,1.0,1.0,4.0,2156458,9.0,2,4,2,1.0,,0.0,0,1989.0,B01,138Â 294Â 664,1.0,0.0,-1.0,1646640,2.0,7,,0.0,2.0,1.0,A01,138Â 294Â 663,1.0
964794,201900006325,3,25,09:00,1,2,3,1.0,3.0,29232,CAPRICORNE RUE DU,M,"47,9873300"," -4,0624600",29,2019,50.0,1.0,1.0,4.0,2156458,9.0,2,4,2,1.0,,0.0,0,1989.0,B01,138Â 294Â 664,1.0,0.0,-1.0,1646641,2.0,37,2.0,0.0,2.0,2.0,B01,138Â 294Â 664,1.0
964795,201900006326,3,22,09:25,1,2,1,1.0,3.0,29232,ERGUE ARMEL  ROND POINT D',M,"47,9833400"," -4,0754400",29,2019,50.0,1.0,1.0,4.0,2156459,1.0,1,4,1,5.0,,0.0,0,1954.0,B01,138Â 294Â 661,2.0,0.0,-1.0,1646642,1.0,1,,0.0,2.0,4.0,B01,138Â 294Â 661,6.0
964795,201900006326,3,22,09:25,1,2,1,1.0,3.0,29232,ERGUE ARMEL  ROND POINT D',M,"47,9833400"," -4,0754400",29,2019,50.0,1.0,1.0,4.0,2156459,1.0,1,4,1,5.0,,0.0,0,1954.0,B01,138Â 294Â 661,2.0,0.0,-1.0,1646643,1.0,7,,0.0,2.0,3.0,A01,138Â 294Â 662,1.0
964795,201900006326,3,22,09:25,1,2,1,1.0,3.0,29232,ERGUE ARMEL  ROND POINT D',M,"47,9833400"," -4,0754400",29,2019,50.0,1.0,1.0,4.0,2156460,1.0,1,1,2,2.0,,0.0,0,2000.0,A01,138Â 294Â 662,1.0,0.0,-1.0,1646642,1.0,1,,0.0,2.0,4.0,B01,138Â 294Â 661,6.0
964795,201900006326,3,22,09:25,1,2,1,1.0,3.0,29232,ERGUE ARMEL  ROND POINT D',M,"47,9833400"," -4,0754400",29,2019,50.0,1.0,1.0,4.0,2156460,1.0,1,1,2,2.0,,0.0,0,2000.0,A01,138Â 294Â 662,1.0,0.0,-1.0,1646643,1.0,7,,0.0,2.0,3.0,A01,138Â 294Â 662,1.0
964796,201900006327,3,19,19:17,1,1,1,1.0,3.0,29051,ROUTE d'ELLIANT,M,"47,9931934"," -4,0358502",29,2019,80.0,1.0,1.0,3.0,2156461,1.0,1,4,2,9.0,,0.0,0,1994.0,A01,138Â 294Â 659,1.0,8.0,-1.0,1646644,2.0,7,,0.0,2.0,2.0,A01,138Â 294Â 659,1.0
964796,201900006327,3,19,19:17,1,1,1,1.0,3.0,29051,ROUTE d'ELLIANT,M,"47,9931934"," -4,0358502",29,2019,80.0,1.0,1.0,3.0,2156461,1.0,1,4,2,9.0,,0.0,0,1994.0,A01,138Â 294Â 659,1.0,8.0,-1.0,1646645,1.0,7,,0.0,2.0,7.0,B01,138Â 294Â 660,1.0
964796,201900006327,3,19,19:17,1,1,1,1.0,3.0,29051,ROUTE d'ELLIANT,M,"47,9931934"," -4,0358502",29,2019,80.0,1.0,1.0,3.0,2156462,1.0,1,1,1,0.0,,0.0,0,1979.0,B01,138Â 294Â 660,1.0,0.0,-1.0,1646644,2.0,7,,0.0,2.0,2.0,A01,138Â 294Â 659,1.0
964796,201900006327,3,19,19:17,1,1,1,1.0,3.0,29051,ROUTE d'ELLIANT,M,"47,9931934"," -4,0358502",29,2019,80.0,1.0,1.0,3.0,2156462,1.0,1,1,1,0.0,,0.0,0,1979.0,B01,138Â 294Â 660,1.0,0.0,-1.0,1646645,1.0,7,,0.0,2.0,7.0,B01,138Â 294Â 660,1.0
964797,201900006328,3,25,17:20,1,2,6,1.0,2.0,29019,GAMBETTA (NÂ°3 DORTOIR SNCF ET 66 A 90),M,"48,3898000"," -4,4736000",29,2019,50.0,1.0,1.0,4.0,2156463,1.0,1,4,1,4.0,,0.0,0,1979.0,A01,138Â 294Â 657,1.0,0.0,-1.0,1646646,2.0,7,,0.0,2.0,2.0,A01,138Â 294Â 657,1.0