Unnamed: 0_x,num_acc,mois,jour,hrmn,lum,agg,int,atm,col,com,adr,gps,lat,long,dep,annee,vma,situ,surf,catr,Unnamed: 0_y,place,catu,grav,sexe,trajet,secu,locp,actp,an_nais,num_veh_x,id_vehicule_x,secu1,secu2,secu3,Unnamed: 0,senc,catv,occutc,obs,obsm,choc,num_veh_y,id_vehicule_y,motor
964797,201900006328,3,25,17:20,1,2,6,1.0,2.0,29019,GAMBETTA (NÂ°3 DORTOIR SNCF ET 66 A 90),M,"48,3898000"," -4,4736000",29,2019,50.0,1.0,1.0,4.0,2156463,1.0,1,4,1,4.0,,0.0,0,1979.0,A01,138Â 294Â 657,1.0,0.0,-1.0,1646647,1.0,7,,0.0,2.0,6.0,B01,138Â 294Â 658,1.0
964797,201900006328,3,25,17:20,1,2,6,1.0,2.0,29019,GAMBETTA (NÂ°3 DORTOIR SNCF ET 66 A 90),M,"48,3898000"," -4,4736000",29,2019,50.0,1.0,1.0,4.0,2156464,1.0,1,4,1,5.0,,0.0,0,2000.0,B01,138Â 294Â 658,1.0,0.0,-1.0,1646646,2.0,7,,0.0,2.0,2.0,A01,138Â 294Â 657,1.0
964797,201900006328,3,25,17:20,1,2,6,1.0,2.0,29019,GAMBETTA (NÂ°3 DORTOIR SNCF ET 66 A 90),M,"48,3898000"," -4,4736000",29,2019,50.0,1.0,1.0,4.0,2156464,1.0,1,4,1,5.0,,0.0,0,2000.0,B01,138Â 294Â 658,1.0,0.0,-1.0,1646647,1.0,7,,0.0,2.0,6.0,B01,138Â 294Â 658,1.0
964798,201900006329,3,24,05:54,5,2,1,1.0,6.0,29019,Rampe d'accÃ¨s au port,M,"48,3829200"," -4,4877200",29,2019,50.0,1.0,1.0,4.0,2156465,10.0,3,3,2,5.0,,3.0,3,1999.0,A01,138Â 294Â 656,8.0,0.0,-1.0,1646648,3.0,7,,0.0,2.0,1.0,A01,138Â 294Â 656,1.0
964798,201900006329,3,24,05:54,5,2,1,1.0,6.0,29019,Rampe d'accÃ¨s au port,M,"48,3829200"," -4,4877200",29,2019,50.0,1.0,1.0,4.0,2156466,1.0,1,1,1,5.0,,0.0,0,1979.0,A01,138Â 294Â 656,8.0,0.0,-1.0,1646648,3.0,7,,0.0,2.0,1.0,A01,138Â 294Â 656,1.0
964799,201900006330,3,21,20:30,2,2,2,1.0,3.0,29019,DONNART MATHIEU (DE 42 ET 61 A FIN),M,"48,3997500"," -4,4861600",29,2019,50.0,1.0,1.0,4.0,2156467,1.0,1,4,1,0.0,,0.0,0,1978.0,B01,138Â 294Â 654,1.0,0.0,-1.0,1646649,3.0,7,,0.0,2.0,3.0,B01,138Â 294Â 654,0.0
964799,201900006330,3,21,20:30,2,2,2,1.0,3.0,29019,DONNART MATHIEU (DE 42 ET 61 A FIN),M,"48,3997500"," -4,4861600",29,2019,50.0,1.0,1.0,4.0,2156467,1.0,1,4,1,0.0,,0.0,0,1978.0,B01,138Â 294Â 654,1.0,0.0,-1.0,1646650,3.0,7,,0.0,2.0,1.0,A01,138Â 294Â 655,1.0
964799,201900006330,3,21,20:30,2,2,2,1.0,3.0,29019,DONNART MATHIEU (DE 42 ET 61 A FIN),M,"48,3997500"," -4,4861600",29,2019,50.0,1.0,1.0,4.0,2156468,1.0,1,1,1,9.0,,0.0,0,2001.0,A01,138Â 294Â 655,1.0,0.0,-1.0,1646649,3.0,7,,0.0,2.0,3.0,B01,138Â 294Â 654,0.0
964799,201900006330,3,21,20:30,2,2,2,1.0,3.0,29019,DONNART MATHIEU (DE 42 ET 61 A FIN),M,"48,3997500"," -4,4861600",29,2019,50.0,1.0,1.0,4.0,2156468,1.0,1,1,1,9.0,,0.0,0,2001.0,A01,138Â 294Â 655,1.0,0.0,-1.0,1646650,3.0,7,,0.0,2.0,1.0,A01,138Â 294Â 655,1.0
964800,201900006331,3,21,11:00,1,2,1,1.0,6.0,29019,PERE RICARD,M,"48,3853300"," -4,5331800",29,2019,50.0,1.0,1.0,4.0,2156469,10.0,3,4,2,0.0,,2.0,3,1949.0,A01,138Â 294Â 653,8.0,0.0,-1.0,1646651,0.0,7,,0.0,1.0,4.0,A01,138Â 294Â 653,0.0
964800,201900006331,3,21,11:00,1,2,1,1.0,6.0,29019,PERE RICARD,M,"48,3853300"," -4,5331800",29,2019,50.0,1.0,1.0,4.0,2156470,1.0,1,1,2,0.0,,0.0,0,1974.0,A01,138Â 294Â 653,1.0,0.0,-1.0,1646651,0.0,7,,0.0,1.0,4.0,A01,138Â 294Â 653,0.0
964801,201900006332,3,18,13:26,1,2,1,2.0,2.0,29019,LE GORGEU (NÂ°29 (TOTAL)-UBO(ALBERT 1ER ),M,"48,4084900"," -4,5120400",29,2019,50.0,1.0,2.0,4.0,2156471,1.0,1,4,1,0.0,,0.0,0,2000.0,A01,138Â 294Â 651,2.0,6.0,-1.0,1646652,0.0,33,,0.0,2.0,1.0,A01,138Â 294Â 651,1.0
964801,201900006332,3,18,13:26,1,2,1,2.0,2.0,29019,LE GORGEU (NÂ°29 (TOTAL)-UBO(ALBERT 1ER ),M,"48,4084900"," -4,5120400",29,2019,50.0,1.0,2.0,4.0,2156471,1.0,1,4,1,0.0,,0.0,0,2000.0,A01,138Â 294Â 651,2.0,6.0,-1.0,1646653,0.0,7,,0.0,2.0,4.0,B01,138Â 294Â 652,1.0
964801,201900006332,3,18,13:26,1,2,1,2.0,2.0,29019,LE GORGEU (NÂ°29 (TOTAL)-UBO(ALBERT 1ER ),M,"48,4084900"," -4,5120400",29,2019,50.0,1.0,2.0,4.0,2156472,1.0,1,1,2,0.0,,0.0,0,1973.0,B01,138Â 294Â 652,1.0,0.0,-1.0,1646652,0.0,33,,0.0,2.0,1.0,A01,138Â 294Â 651,1.0
964801,201900006332,3,18,13:26,1,2,1,2.0,2.0,29019,LE GORGEU (NÂ°29 (TOTAL)-UBO(ALBERT 1ER ),M,"48,4084900"," -4,5120400",29,2019,50.0,1.0,2.0,4.0,2156472,1.0,1,1,2,0.0,,0.0,0,1973.0,B01,138Â 294Â 652,1.0,0.0,-1.0,1646653,0.0,7,,0.0,2.0,4.0,B01,138Â 294Â 652,1.0
964802,201900006333,3,23,14:30,1,2,3,1.0,3.0,27681,LE TELLIER (RUE PIERRE),M,"49,0929000","1,4633000",27,2019,50.0,1.0,1.0,4.0,2156473,1.0,1,1,1,5.0,,-1.0,0,1998.0,A01,138Â 294Â 647,1.0,0.0,-1.0,1646654,1.0,7,,0.0,2.0,1.0,A01,138Â 294Â 647,1.0
964802,201900006333,3,23,14:30,1,2,3,1.0,3.0,27681,LE TELLIER (RUE PIERRE),M,"49,0929000","1,4633000",27,2019,50.0,1.0,1.0,4.0,2156473,1.0,1,1,1,5.0,,-1.0,0,1998.0,A01,138Â 294Â 647,1.0,0.0,-1.0,1646655,2.0,7,,0.0,2.0,6.0,B01,138Â 294Â 648,1.0
964802,201900006333,3,23,14:30,1,2,3,1.0,3.0,27681,LE TELLIER (RUE PIERRE),M,"49,0929000","1,4633000",27,2019,50.0,1.0,1.0,4.0,2156474,1.0,1,4,2,5.0,,-1.0,0,1947.0,B01,138Â 294Â 648,1.0,0.0,-1.0,1646654,1.0,7,,0.0,2.0,1.0,A01,138Â 294Â 647,1.0
964802,201900006333,3,23,14:30,1,2,3,1.0,3.0,27681,LE TELLIER (RUE PIERRE),M,"49,0929000","1,4633000",27,2019,50.0,1.0,1.0,4.0,2156474,1.0,1,4,2,5.0,,-1.0,0,1947.0,B01,138Â 294Â 648,1.0,0.0,-1.0,1646655,2.0,7,,0.0,2.0,6.0,B01,138Â 294Â 648,1.0
964803,201900006334,3,23,00:05,3,2,1,1.0,6.0,27681,ROUTE DEPARTEMENTALE 313 Route de Magny,M,"49,0981000","1,4969000",27,2019,50.0,1.0,1.0,3.0,2156475,1.0,1,4,1,0.0,,-1.0,0,1966.0,A01,138Â 294Â 646,1.0,0.0,-1.0,1646656,2.0,7,,15.0,0.0,1.0,A01,138Â 294Â 646,1.0
964804,201900006335,3,21,08:45,1,2,1,1.0,4.0,27229,NORMANDIE (BOULEVARD DE),M,"49,0185700","1,1418800",27,2019,50.0,1.0,1.0,4.0,2156476,1.0,1,4,2,0.0,,-1.0,0,1963.0,B01,138Â 294Â 643,1.0,0.0,-1.0,1646657,0.0,7,,0.0,2.0,4.0,B01,138Â 294Â 643,1.0
964804,201900006335,3,21,08:45,1,2,1,1.0,4.0,27229,NORMANDIE (BOULEVARD DE),M,"49,0185700","1,1418800",27,2019,50.0,1.0,1.0,4.0,2156476,1.0,1,4,2,0.0,,-1.0,0,1963.0,B01,138Â 294Â 643,1.0,0.0,-1.0,1646658,0.0,7,,0.0,0.0,4.0,C01,138Â 294Â 644,1.0
964804,201900006335,3,21,08:45,1,2,1,1.0,4.0,27229,NORMANDIE (BOULEVARD DE),M,"49,0185700","1,1418800",27,2019,50.0,1.0,1.0,4.0,2156476,1.0,1,4,2,0.0,,-1.0,0,1963.0,B01,138Â 294Â 643,1.0,0.0,-1.0,1646659,0.0,7,,0.0,2.0,1.0,A01,138Â 294Â 645,1.0
964804,201900006335,3,21,08:45,1,2,1,1.0,4.0,27229,NORMANDIE (BOULEVARD DE),M,"49,0185700","1,1418800",27,2019,50.0,1.0,1.0,4.0,2156477,1.0,1,1,1,0.0,,-1.0,0,1977.0,C01,138Â 294Â 644,1.0,8.0,-1.0,1646657,0.0,7,,0.0,2.0,4.0,B01,138Â 294Â 643,1.0
964804,201900006335,3,21,08:45,1,2,1,1.0,4.0,27229,NORMANDIE (BOULEVARD DE),M,"49,0185700","1,1418800",27,2019,50.0,1.0,1.0,4.0,2156477,1.0,1,1,1,0.0,,-1.0,0,1977.0,C01,138Â 294Â 644,1.0,8.0,-1.0,1646658,0.0,7,,0.0,0.0,4.0,C01,138Â 294Â 644,1.0
964804,201900006335,3,21,08:45,1,2,1,1.0,4.0,27229,NORMANDIE (BOULEVARD DE),M,"49,0185700","1,1418800",27,2019,50.0,1.0,1.0,4.0,2156477,1.0,1,1,1,0.0,,-1.0,0,1977.0,C01,138Â 294Â 644,1.0,8.0,-1.0,1646659,0.0,7,,0.0,2.0,1.0,A01,138Â 294Â 645,1.0
964804,201900006335,3,21,08:45,1,2,1,1.0,4.0,27229,NORMANDIE (BOULEVARD DE),M,"49,0185700","1,1418800",27,2019,50.0,1.0,1.0,4.0,2156478,1.0,1,1,1,0.0,,-1.0,0,1987.0,A01,138Â 294Â 645,1.0,8.0,-1.0,1646657,0.0,7,,0.0,2.0,4.0,B01,138Â 294Â 643,1.0
964804,201900006335,3,21,08:45,1,2,1,1.0,4.0,27229,NORMANDIE (BOULEVARD DE),M,"49,0185700","1,1418800",27,2019,50.0,1.0,1.0,4.0,2156478,1.0,1,1,1,0.0,,-1.0,0,1987.0,A01,138Â 294Â 645,1.0,8.0,-1.0,1646658,0.0,7,,0.0,0.0,4.0,C01,138Â 294Â 644,1.0
964804,201900006335,3,21,08:45,1,2,1,1.0,4.0,27229,NORMANDIE (BOULEVARD DE),M,"49,0185700","1,1418800",27,2019,50.0,1.0,1.0,4.0,2156478,1.0,1,1,1,0.0,,-1.0,0,1987.0,A01,138Â 294Â 645,1.0,8.0,-1.0,1646659,0.0,7,,0.0,2.0,1.0,A01,138Â 294Â 645,1.0
964805,201900006336,3,20,10:45,1,2,9,1.0,2.0,27229,SEMARD (RUE PIERRE),M,"49,0166200","1,1608930",27,2019,50.0,1.0,1.0,4.0,2156479,1.0,1,1,1,0.0,,-1.0,0,1984.0,A01,138Â 294Â 641,1.0,8.0,-1.0,1646660,0.0,7,,0.0,2.0,1.0,A01,138Â 294Â 641,1.0
964805,201900006336,3,20,10:45,1,2,9,1.0,2.0,27229,SEMARD (RUE PIERRE),M,"49,0166200","1,1608930",27,2019,50.0,1.0,1.0,4.0,2156479,1.0,1,1,1,0.0,,-1.0,0,1984.0,A01,138Â 294Â 641,1.0,8.0,-1.0,1646661,3.0,7,,0.0,0.0,4.0,B01,138Â 294Â 642,1.0
964805,201900006336,3,20,10:45,1,2,9,1.0,2.0,27229,SEMARD (RUE PIERRE),M,"49,0166200","1,1608930",27,2019,50.0,1.0,1.0,4.0,2156480,1.0,1,4,2,0.0,,-1.0,0,1988.0,B01,138Â 294Â 642,1.0,0.0,-1.0,1646660,0.0,7,,0.0,2.0,1.0,A01,138Â 294Â 641,1.0
964805,201900006336,3,20,10:45,1,2,9,1.0,2.0,27229,SEMARD (RUE PIERRE),M,"49,0166200","1,1608930",27,2019,50.0,1.0,1.0,4.0,2156480,1.0,1,4,2,0.0,,-1.0,0,1988.0,B01,138Â 294Â 642,1.0,0.0,-1.0,1646661,3.0,7,,0.0,0.0,4.0,B01,138Â 294Â 642,1.0
964806,201900006337,3,23,18:50,5,2,3,1.0,1.0,25056,CHURCHILL BD WINSTON,M,"47,2503000","6,0049300",25,2019,50.0,1.0,1.0,4.0,2156481,1.0,1,3,1,0.0,,0.0,0,2001.0,B01,138Â 294Â 639,0.0,-1.0,-1.0,1646662,2.0,1,,0.0,2.0,1.0,B01,138Â 294Â 639,5.0
964806,201900006337,3,23,18:50,5,2,3,1.0,1.0,25056,CHURCHILL BD WINSTON,M,"47,2503000","6,0049300",25,2019,50.0,1.0,1.0,4.0,2156481,1.0,1,3,1,0.0,,0.0,0,2001.0,B01,138Â 294Â 639,0.0,-1.0,-1.0,1646663,3.0,7,,0.0,2.0,1.0,A01,138Â 294Â 640,1.0
964806,201900006337,3,23,18:50,5,2,3,1.0,1.0,25056,CHURCHILL BD WINSTON,M,"47,2503000","6,0049300",25,2019,50.0,1.0,1.0,4.0,2156482,1.0,1,1,2,-1.0,,-1.0,0,2000.0,A01,138Â 294Â 640,1.0,0.0,-1.0,1646662,2.0,1,,0.0,2.0,1.0,B01,138Â 294Â 639,5.0
964806,201900006337,3,23,18:50,5,2,3,1.0,1.0,25056,CHURCHILL BD WINSTON,M,"47,2503000","6,0049300",25,2019,50.0,1.0,1.0,4.0,2156482,1.0,1,1,2,-1.0,,-1.0,0,2000.0,A01,138Â 294Â 640,1.0,0.0,-1.0,1646663,3.0,7,,0.0,2.0,1.0,A01,138Â 294Â 640,1.0
964807,201900006338,3,22,23:50,3,2,1,5.0,2.0,22215,MERLET (RUE DE),M,"48,4900098"," -2,8118166",22,2019,80.0,1.0,1.0,3.0,2156483,1.0,1,1,1,0.0,,0.0,0,1990.0,A01,138Â 294Â 637,8.0,0.0,-1.0,1646664,1.0,7,,0.0,2.0,1.0,A01,138Â 294Â 637,1.0
964807,201900006338,3,22,23:50,3,2,1,5.0,2.0,22215,MERLET (RUE DE),M,"48,4900098"," -2,8118166",22,2019,80.0,1.0,1.0,3.0,2156483,1.0,1,1,1,0.0,,0.0,0,1990.0,A01,138Â 294Â 637,8.0,0.0,-1.0,1646665,1.0,1,,0.0,2.0,4.0,B01,138Â 294Â 638,5.0
964807,201900006338,3,22,23:50,3,2,1,5.0,2.0,22215,MERLET (RUE DE),M,"48,4900098"," -2,8118166",22,2019,80.0,1.0,1.0,3.0,2156484,1.0,1,3,1,5.0,,0.0,0,2002.0,B01,138Â 294Â 638,8.0,0.0,-1.0,1646664,1.0,7,,0.0,2.0,1.0,A01,138Â 294Â 637,1.0
964807,201900006338,3,22,23:50,3,2,1,5.0,2.0,22215,MERLET (RUE DE),M,"48,4900098"," -2,8118166",22,2019,80.0,1.0,1.0,3.0,2156484,1.0,1,3,1,5.0,,0.0,0,2002.0,B01,138Â 294Â 638,8.0,0.0,-1.0,1646665,1.0,1,,0.0,2.0,4.0,B01,138Â 294Â 638,5.0
964808,201900006339,3,22,19:45,2,2,1,1.0,7.0,22106,BREST (RUE DE),M,"48,4987900"," -2,7250200",22,2019,50.0,1.0,1.0,3.0,2156485,1.0,1,3,1,9.0,,0.0,0,1998.0,A01,138Â 294Â 636,2.0,8.0,-1.0,1646666,2.0,33,,0.0,0.0,0.0,A01,138Â 294Â 636,1.0
964809,201900006340,3,21,14:35,1,2,1,1.0,7.0,22187,RUE DU GENERAL DE GAULLE,M,"48,5411202"," -2,7711672",22,2019,50.0,1.0,1.0,4.0,2156486,1.0,1,4,2,4.0,,0.0,0,1986.0,A01,138Â 294Â 635,1.0,8.0,-1.0,1646667,3.0,7,,11.0,0.0,3.0,A01,138Â 294Â 635,1.0
964810,201900006341,3,23,20:40,3,1,1,1.0,7.0,21231,CORCELLES (DE) (ROUTE),M,"47,3049400","4,9796600",21,2019,80.0,1.0,1.0,3.0,2156487,1.0,1,3,1,5.0,,-1.0, -1,1997.0,A01,138Â 294Â 633,1.0,0.0,-1.0,1646668,1.0,7,,0.0,2.0,9.0,A01,138Â 294Â 633,1.0
964810,201900006341,3,23,20:40,3,1,1,1.0,7.0,21231,CORCELLES (DE) (ROUTE),M,"47,3049400","4,9796600",21,2019,80.0,1.0,1.0,3.0,2156488,2.0,2,4,1,5.0,,-1.0, -1,1997.0,A01,138Â 294Â 633,1.0,0.0,-1.0,1646668,1.0,7,,0.0,2.0,9.0,A01,138Â 294Â 633,1.0
964811,201900006342,3,23,12:30,1,1,3,1.0,2.0,19031,RIANT PORTAIL DU MIDI (AVENUE DU),M,"45,1856400","1,5390000",19,2019,50.0,1.0,1.0,4.0,2156489,3.0,2,4,2,5.0,,-1.0, -1,2011.0,B01,138Â 294Â 631,1.0,0.0,-1.0,1646669,2.0,7,,0.0,2.0,4.0,B01,138Â 294Â 631,1.0
964811,201900006342,3,23,12:30,1,1,3,1.0,2.0,19031,RIANT PORTAIL DU MIDI (AVENUE DU),M,"45,1856400","1,5390000",19,2019,50.0,1.0,1.0,4.0,2156489,3.0,2,4,2,5.0,,-1.0, -1,2011.0,B01,138Â 294Â 631,1.0,0.0,-1.0,1646670,2.0,7,,0.0,2.0,1.0,A01,138Â 294Â 632,1.0
964811,201900006342,3,23,12:30,1,1,3,1.0,2.0,19031,RIANT PORTAIL DU MIDI (AVENUE DU),M,"45,1856400","1,5390000",19,2019,50.0,1.0,1.0,4.0,2156490,1.0,1,1,2,5.0,,-1.0, -1,1981.0,B01,138Â 294Â 631,1.0,0.0,-1.0,1646669,2.0,7,,0.0,2.0,4.0,B01,138Â 294Â 631,1.0
964811,201900006342,3,23,12:30,1,1,3,1.0,2.0,19031,RIANT PORTAIL DU MIDI (AVENUE DU),M,"45,1856400","1,5390000",19,2019,50.0,1.0,1.0,4.0,2156490,1.0,1,1,2,5.0,,-1.0, -1,1981.0,B01,138Â 294Â 631,1.0,0.0,-1.0,1646670,2.0,7,,0.0,2.0,1.0,A01,138Â 294Â 632,1.0
964811,201900006342,3,23,12:30,1,1,3,1.0,2.0,19031,RIANT PORTAIL DU MIDI (AVENUE DU),M,"45,1856400","1,5390000",19,2019,50.0,1.0,1.0,4.0,2156491,4.0,2,4,2,5.0,,-1.0, -1,2014.0,B01,138Â 294Â 631,1.0,0.0,-1.0,1646669,2.0,7,,0.0,2.0,4.0,B01,138Â 294Â 631,1.0
964811,201900006342,3,23,12:30,1,1,3,1.0,2.0,19031,RIANT PORTAIL DU MIDI (AVENUE DU),M,"45,1856400","1,5390000",19,2019,50.0,1.0,1.0,4.0,2156491,4.0,2,4,2,5.0,,-1.0, -1,2014.0,B01,138Â 294Â 631,1.0,0.0,-1.0,1646670,2.0,7,,0.0,2.0,1.0,A01,138Â 294Â 632,1.0
964811,201900006342,3,23,12:30,1,1,3,1.0,2.0,19031,RIANT PORTAIL DU MIDI (AVENUE DU),M,"45,1856400","1,5390000",19,2019,50.0,1.0,1.0,4.0,2156492,1.0,1,1,1,1.0,,-1.0, -1,1978.0,A01,138Â 294Â 632,1.0,0.0,-1.0,1646669,2.0,7,,0.0,2.0,4.0,B01,138Â 294Â 631,1.0
964811,201900006342,3,23,12:30,1,1,3,1.0,2.0,19031,RIANT PORTAIL DU MIDI (AVENUE DU),M,"45,1856400","1,5390000",19,2019,50.0,1.0,1.0,4.0,2156492,1.0,1,1,1,1.0,,-1.0, -1,1978.0,A01,138Â 294Â 632,1.0,0.0,-1.0,1646670,2.0,7,,0.0,2.0,1.0,A01,138Â 294Â 632,1.0
964812,201900006343,3,22,16:30,1,2,3,1.0,6.0,18205,PASTEUR (AVENUE),M,"47,1032100","2,3735700",18,2019,30.0,2.0,1.0,7.0,2156493,10.0,3,4,1,2.0,,3.0,3,2016.0,A01,138Â 294Â 630,8.0,0.0,-1.0,1646671,1.0,10,,0.0,1.0,0.0,A01,138Â 294Â 630,1.0
964813,201900006344,3,25,19:09,1,2,2,1.0,3.0,17300,MARILLAC   AVENUE,M,"46,1407100"," -1,1626700",17,2019,50.0,1.0,1.0,4.0,2156494,1.0,1,4,1,1.0,,-1.0, -1,1997.0,B01,138Â 294Â 625,2.0,8.0,-1.0,1646672,2.0,2,,0.0,2.0,3.0,B01,138Â 294Â 625,1.0
964813,201900006344,3,25,19:09,1,2,2,1.0,3.0,17300,MARILLAC   AVENUE,M,"46,1407100"," -1,1626700",17,2019,50.0,1.0,1.0,4.0,2156494,1.0,1,4,1,1.0,,-1.0, -1,1997.0,B01,138Â 294Â 625,2.0,8.0,-1.0,1646673,1.0,7,,0.0,2.0,1.0,A01,138Â 294Â 626,1.0
964813,201900006344,3,25,19:09,1,2,2,1.0,3.0,17300,MARILLAC   AVENUE,M,"46,1407100"," -1,1626700",17,2019,50.0,1.0,1.0,4.0,2156495,1.0,1,1,1,1.0,,-1.0, -1,1987.0,A01,138Â 294Â 626,1.0,8.0,-1.0,1646672,2.0,2,,0.0,2.0,3.0,B01,138Â 294Â 625,1.0
964813,201900006344,3,25,19:09,1,2,2,1.0,3.0,17300,MARILLAC   AVENUE,M,"46,1407100"," -1,1626700",17,2019,50.0,1.0,1.0,4.0,2156495,1.0,1,1,1,1.0,,-1.0, -1,1987.0,A01,138Â 294Â 626,1.0,8.0,-1.0,1646673,1.0,7,,0.0,2.0,1.0,A01,138Â 294Â 626,1.0
964814,201900006345,3,24,10:10,1,1,1,1.0,7.0,17449,GAULLE AVENUE DU GENERAL,M,"45,9474140"," -0,9080230",17,2019,50.0,1.0,1.0,4.0,2156496,1.0,1,4,2,5.0,,-1.0, -1,1991.0,A01,138Â 294Â 624,2.0,8.0,-1.0,1646674,1.0,30,,0.0,0.0,7.0,A01,138Â 294Â 624,1.0
964815,201900006346,3,25,15:00,1,1,1,1.0,6.0,14366,,M,"49,1560533","0,2352729",14,2019,80.0,1.0,1.0,3.0,2156497,1.0,1,3,2,5.0,,-1.0,0,1951.0,A01,138Â 294Â 615,1.0,0.0,-1.0,1646675,2.0,7,,2.0,0.0,3.0,A01,138Â 294Â 615,1.0
964816,201900006347,3,25,21:55,3,1,1,1.0,6.0,14243,COTE DE GRACE (CHEMIN DE LA),M,"49,4203168","0,2248499",14,2019,80.0,1.0,1.0,3.0,2156498,1.0,1,4,2,5.0,,0.0,0,1998.0,A01,138Â 294Â 614,1.0,0.0,-1.0,1646676,2.0,7,,6.0,0.0,1.0,A01,138Â 294Â 614,1.0
964816,201900006347,3,25,21:55,3,1,1,1.0,6.0,14243,COTE DE GRACE (CHEMIN DE LA),M,"49,4203168","0,2248499",14,2019,80.0,1.0,1.0,3.0,2156499,2.0,2,4,1,5.0,,0.0,0,1997.0,A01,138Â 294Â 614,1.0,0.0,-1.0,1646676,2.0,7,,6.0,0.0,1.0,A01,138Â 294Â 614,1.0
964817,201900006348,3,22,16:30,1,1,1,1.0,4.0,14181,ECHANGEUR NÂ° 14 ( CORMELLES LE ROYAL ),M,"49,1518800"," -0,3168400",14,2019,90.0,1.0,1.0,2.0,2156500,1.0,1,4,1,-1.0,,0.0,0,1969.0,G01,138Â 294Â 608,1.0,-1.0,-1.0,1646677,2.0,7,,0.0,2.0,1.0,G01,138Â 294Â 608,-1.0
964817,201900006348,3,22,16:30,1,1,1,1.0,4.0,14181,ECHANGEUR NÂ° 14 ( CORMELLES LE ROYAL ),M,"49,1518800"," -0,3168400",14,2019,90.0,1.0,1.0,2.0,2156500,1.0,1,4,1,-1.0,,0.0,0,1969.0,G01,138Â 294Â 608,1.0,-1.0,-1.0,1646678,2.0,7,,0.0,2.0,9.0,H01,138Â 294Â 609,1.0
964817,201900006348,3,22,16:30,1,1,1,1.0,4.0,14181,ECHANGEUR NÂ° 14 ( CORMELLES LE ROYAL ),M,"49,1518800"," -0,3168400",14,2019,90.0,1.0,1.0,2.0,2156500,1.0,1,4,1,-1.0,,0.0,0,1969.0,G01,138Â 294Â 608,1.0,-1.0,-1.0,1646679,2.0,7,,0.0,2.0,9.0,I01,138Â 294Â 610,1.0
964817,201900006348,3,22,16:30,1,1,1,1.0,4.0,14181,ECHANGEUR NÂ° 14 ( CORMELLES LE ROYAL ),M,"49,1518800"," -0,3168400",14,2019,90.0,1.0,1.0,2.0,2156500,1.0,1,4,1,-1.0,,0.0,0,1969.0,G01,138Â 294Â 608,1.0,-1.0,-1.0,1646680,2.0,7,,0.0,2.0,9.0,J01,138Â 294Â 611,1.0
964817,201900006348,3,22,16:30,1,1,1,1.0,4.0,14181,ECHANGEUR NÂ° 14 ( CORMELLES LE ROYAL ),M,"49,1518800"," -0,3168400",14,2019,90.0,1.0,1.0,2.0,2156500,1.0,1,4,1,-1.0,,0.0,0,1969.0,G01,138Â 294Â 608,1.0,-1.0,-1.0,1646681,2.0,10,,0.0,2.0,9.0,K01,138Â 294Â 612,-1.0
964817,201900006348,3,22,16:30,1,1,1,1.0,4.0,14181,ECHANGEUR NÂ° 14 ( CORMELLES LE ROYAL ),M,"49,1518800"," -0,3168400",14,2019,90.0,1.0,1.0,2.0,2156500,1.0,1,4,1,-1.0,,0.0,0,1969.0,G01,138Â 294Â 608,1.0,-1.0,-1.0,1646682,2.0,7,,0.0,2.0,4.0,L01,138Â 294Â 613,-1.0
964817,201900006348,3,22,16:30,1,1,1,1.0,4.0,14181,ECHANGEUR NÂ° 14 ( CORMELLES LE ROYAL ),M,"49,1518800"," -0,3168400",14,2019,90.0,1.0,1.0,2.0,2156501,1.0,1,1,1,-1.0,,0.0,0,1961.0,H01,138Â 294Â 609,1.0,-1.0,-1.0,1646677,2.0,7,,0.0,2.0,1.0,G01,138Â 294Â 608,-1.0
964817,201900006348,3,22,16:30,1,1,1,1.0,4.0,14181,ECHANGEUR NÂ° 14 ( CORMELLES LE ROYAL ),M,"49,1518800"," -0,3168400",14,2019,90.0,1.0,1.0,2.0,2156501,1.0,1,1,1,-1.0,,0.0,0,1961.0,H01,138Â 294Â 609,1.0,-1.0,-1.0,1646678,2.0,7,,0.0,2.0,9.0,H01,138Â 294Â 609,1.0
964817,201900006348,3,22,16:30,1,1,1,1.0,4.0,14181,ECHANGEUR NÂ° 14 ( CORMELLES LE ROYAL ),M,"49,1518800"," -0,3168400",14,2019,90.0,1.0,1.0,2.0,2156501,1.0,1,1,1,-1.0,,0.0,0,1961.0,H01,138Â 294Â 609,1.0,-1.0,-1.0,1646679,2.0,7,,0.0,2.0,9.0,I01,138Â 294Â 610,1.0
964817,201900006348,3,22,16:30,1,1,1,1.0,4.0,14181,ECHANGEUR NÂ° 14 ( CORMELLES LE ROYAL ),M,"49,1518800"," -0,3168400",14,2019,90.0,1.0,1.0,2.0,2156501,1.0,1,1,1,-1.0,,0.0,0,1961.0,H01,138Â 294Â 609,1.0,-1.0,-1.0,1646680,2.0,7,,0.0,2.0,9.0,J01,138Â 294Â 611,1.0
964817,201900006348,3,22,16:30,1,1,1,1.0,4.0,14181,ECHANGEUR NÂ° 14 ( CORMELLES LE ROYAL ),M,"49,1518800"," -0,3168400",14,2019,90.0,1.0,1.0,2.0,2156501,1.0,1,1,1,-1.0,,0.0,0,1961.0,H01,138Â 294Â 609,1.0,-1.0,-1.0,1646681,2.0,10,,0.0,2.0,9.0,K01,138Â 294Â 612,-1.0