Unnamed: 0_x,num_acc,mois,jour,hrmn,lum,agg,int,atm,col,com,adr,gps,lat,long,dep,annee,vma,situ,surf,catr,Unnamed: 0_y,place,catu,grav,sexe,trajet,secu,locp,actp,an_nais,num_veh_x,id_vehicule_x,secu1,secu2,secu3,Unnamed: 0,senc,catv,occutc,obs,obsm,choc,num_veh_y,id_vehicule_y,motor
964817,201900006348,3,22,16:30,1,1,1,1.0,4.0,14181,ECHANGEUR NÂ° 14 ( CORMELLES LE ROYAL ),M,"49,1518800"," -0,3168400",14,2019,90.0,1.0,1.0,2.0,2156501,1.0,1,1,1,-1.0,,0.0,0,1961.0,H01,138Â 294Â 609,1.0,-1.0,-1.0,1646682,2.0,7,,0.0,2.0,4.0,L01,138Â 294Â 613,-1.0
964817,201900006348,3,22,16:30,1,1,1,1.0,4.0,14181,ECHANGEUR NÂ° 14 ( CORMELLES LE ROYAL ),M,"49,1518800"," -0,3168400",14,2019,90.0,1.0,1.0,2.0,2156502,1.0,1,1,1,-1.0,,0.0,0,1989.0,I01,138Â 294Â 610,1.0,-1.0,-1.0,1646677,2.0,7,,0.0,2.0,1.0,G01,138Â 294Â 608,-1.0
964817,201900006348,3,22,16:30,1,1,1,1.0,4.0,14181,ECHANGEUR NÂ° 14 ( CORMELLES LE ROYAL ),M,"49,1518800"," -0,3168400",14,2019,90.0,1.0,1.0,2.0,2156502,1.0,1,1,1,-1.0,,0.0,0,1989.0,I01,138Â 294Â 610,1.0,-1.0,-1.0,1646678,2.0,7,,0.0,2.0,9.0,H01,138Â 294Â 609,1.0
964817,201900006348,3,22,16:30,1,1,1,1.0,4.0,14181,ECHANGEUR NÂ° 14 ( CORMELLES LE ROYAL ),M,"49,1518800"," -0,3168400",14,2019,90.0,1.0,1.0,2.0,2156502,1.0,1,1,1,-1.0,,0.0,0,1989.0,I01,138Â 294Â 610,1.0,-1.0,-1.0,1646679,2.0,7,,0.0,2.0,9.0,I01,138Â 294Â 610,1.0
964817,201900006348,3,22,16:30,1,1,1,1.0,4.0,14181,ECHANGEUR NÂ° 14 ( CORMELLES LE ROYAL ),M,"49,1518800"," -0,3168400",14,2019,90.0,1.0,1.0,2.0,2156502,1.0,1,1,1,-1.0,,0.0,0,1989.0,I01,138Â 294Â 610,1.0,-1.0,-1.0,1646680,2.0,7,,0.0,2.0,9.0,J01,138Â 294Â 611,1.0
964817,201900006348,3,22,16:30,1,1,1,1.0,4.0,14181,ECHANGEUR NÂ° 14 ( CORMELLES LE ROYAL ),M,"49,1518800"," -0,3168400",14,2019,90.0,1.0,1.0,2.0,2156502,1.0,1,1,1,-1.0,,0.0,0,1989.0,I01,138Â 294Â 610,1.0,-1.0,-1.0,1646681,2.0,10,,0.0,2.0,9.0,K01,138Â 294Â 612,-1.0
964817,201900006348,3,22,16:30,1,1,1,1.0,4.0,14181,ECHANGEUR NÂ° 14 ( CORMELLES LE ROYAL ),M,"49,1518800"," -0,3168400",14,2019,90.0,1.0,1.0,2.0,2156502,1.0,1,1,1,-1.0,,0.0,0,1989.0,I01,138Â 294Â 610,1.0,-1.0,-1.0,1646682,2.0,7,,0.0,2.0,4.0,L01,138Â 294Â 613,-1.0
964817,201900006348,3,22,16:30,1,1,1,1.0,4.0,14181,ECHANGEUR NÂ° 14 ( CORMELLES LE ROYAL ),M,"49,1518800"," -0,3168400",14,2019,90.0,1.0,1.0,2.0,2156503,1.0,1,1,1,-1.0,,0.0,0,1992.0,J01,138Â 294Â 611,1.0,-1.0,-1.0,1646677,2.0,7,,0.0,2.0,1.0,G01,138Â 294Â 608,-1.0
964817,201900006348,3,22,16:30,1,1,1,1.0,4.0,14181,ECHANGEUR NÂ° 14 ( CORMELLES LE ROYAL ),M,"49,1518800"," -0,3168400",14,2019,90.0,1.0,1.0,2.0,2156503,1.0,1,1,1,-1.0,,0.0,0,1992.0,J01,138Â 294Â 611,1.0,-1.0,-1.0,1646678,2.0,7,,0.0,2.0,9.0,H01,138Â 294Â 609,1.0
964817,201900006348,3,22,16:30,1,1,1,1.0,4.0,14181,ECHANGEUR NÂ° 14 ( CORMELLES LE ROYAL ),M,"49,1518800"," -0,3168400",14,2019,90.0,1.0,1.0,2.0,2156503,1.0,1,1,1,-1.0,,0.0,0,1992.0,J01,138Â 294Â 611,1.0,-1.0,-1.0,1646679,2.0,7,,0.0,2.0,9.0,I01,138Â 294Â 610,1.0
964817,201900006348,3,22,16:30,1,1,1,1.0,4.0,14181,ECHANGEUR NÂ° 14 ( CORMELLES LE ROYAL ),M,"49,1518800"," -0,3168400",14,2019,90.0,1.0,1.0,2.0,2156503,1.0,1,1,1,-1.0,,0.0,0,1992.0,J01,138Â 294Â 611,1.0,-1.0,-1.0,1646680,2.0,7,,0.0,2.0,9.0,J01,138Â 294Â 611,1.0
964817,201900006348,3,22,16:30,1,1,1,1.0,4.0,14181,ECHANGEUR NÂ° 14 ( CORMELLES LE ROYAL ),M,"49,1518800"," -0,3168400",14,2019,90.0,1.0,1.0,2.0,2156503,1.0,1,1,1,-1.0,,0.0,0,1992.0,J01,138Â 294Â 611,1.0,-1.0,-1.0,1646681,2.0,10,,0.0,2.0,9.0,K01,138Â 294Â 612,-1.0
964817,201900006348,3,22,16:30,1,1,1,1.0,4.0,14181,ECHANGEUR NÂ° 14 ( CORMELLES LE ROYAL ),M,"49,1518800"," -0,3168400",14,2019,90.0,1.0,1.0,2.0,2156503,1.0,1,1,1,-1.0,,0.0,0,1992.0,J01,138Â 294Â 611,1.0,-1.0,-1.0,1646682,2.0,7,,0.0,2.0,4.0,L01,138Â 294Â 613,-1.0
964817,201900006348,3,22,16:30,1,1,1,1.0,4.0,14181,ECHANGEUR NÂ° 14 ( CORMELLES LE ROYAL ),M,"49,1518800"," -0,3168400",14,2019,90.0,1.0,1.0,2.0,2156504,1.0,1,1,1,-1.0,,0.0,0,1995.0,K01,138Â 294Â 612,1.0,-1.0,-1.0,1646677,2.0,7,,0.0,2.0,1.0,G01,138Â 294Â 608,-1.0
964817,201900006348,3,22,16:30,1,1,1,1.0,4.0,14181,ECHANGEUR NÂ° 14 ( CORMELLES LE ROYAL ),M,"49,1518800"," -0,3168400",14,2019,90.0,1.0,1.0,2.0,2156504,1.0,1,1,1,-1.0,,0.0,0,1995.0,K01,138Â 294Â 612,1.0,-1.0,-1.0,1646678,2.0,7,,0.0,2.0,9.0,H01,138Â 294Â 609,1.0
964817,201900006348,3,22,16:30,1,1,1,1.0,4.0,14181,ECHANGEUR NÂ° 14 ( CORMELLES LE ROYAL ),M,"49,1518800"," -0,3168400",14,2019,90.0,1.0,1.0,2.0,2156504,1.0,1,1,1,-1.0,,0.0,0,1995.0,K01,138Â 294Â 612,1.0,-1.0,-1.0,1646679,2.0,7,,0.0,2.0,9.0,I01,138Â 294Â 610,1.0
964817,201900006348,3,22,16:30,1,1,1,1.0,4.0,14181,ECHANGEUR NÂ° 14 ( CORMELLES LE ROYAL ),M,"49,1518800"," -0,3168400",14,2019,90.0,1.0,1.0,2.0,2156504,1.0,1,1,1,-1.0,,0.0,0,1995.0,K01,138Â 294Â 612,1.0,-1.0,-1.0,1646680,2.0,7,,0.0,2.0,9.0,J01,138Â 294Â 611,1.0
964817,201900006348,3,22,16:30,1,1,1,1.0,4.0,14181,ECHANGEUR NÂ° 14 ( CORMELLES LE ROYAL ),M,"49,1518800"," -0,3168400",14,2019,90.0,1.0,1.0,2.0,2156504,1.0,1,1,1,-1.0,,0.0,0,1995.0,K01,138Â 294Â 612,1.0,-1.0,-1.0,1646681,2.0,10,,0.0,2.0,9.0,K01,138Â 294Â 612,-1.0
964817,201900006348,3,22,16:30,1,1,1,1.0,4.0,14181,ECHANGEUR NÂ° 14 ( CORMELLES LE ROYAL ),M,"49,1518800"," -0,3168400",14,2019,90.0,1.0,1.0,2.0,2156504,1.0,1,1,1,-1.0,,0.0,0,1995.0,K01,138Â 294Â 612,1.0,-1.0,-1.0,1646682,2.0,7,,0.0,2.0,4.0,L01,138Â 294Â 613,-1.0
964817,201900006348,3,22,16:30,1,1,1,1.0,4.0,14181,ECHANGEUR NÂ° 14 ( CORMELLES LE ROYAL ),M,"49,1518800"," -0,3168400",14,2019,90.0,1.0,1.0,2.0,2156505,1.0,1,1,1,-1.0,,0.0,0,1992.0,L01,138Â 294Â 613,1.0,-1.0,-1.0,1646677,2.0,7,,0.0,2.0,1.0,G01,138Â 294Â 608,-1.0
964817,201900006348,3,22,16:30,1,1,1,1.0,4.0,14181,ECHANGEUR NÂ° 14 ( CORMELLES LE ROYAL ),M,"49,1518800"," -0,3168400",14,2019,90.0,1.0,1.0,2.0,2156505,1.0,1,1,1,-1.0,,0.0,0,1992.0,L01,138Â 294Â 613,1.0,-1.0,-1.0,1646678,2.0,7,,0.0,2.0,9.0,H01,138Â 294Â 609,1.0
964817,201900006348,3,22,16:30,1,1,1,1.0,4.0,14181,ECHANGEUR NÂ° 14 ( CORMELLES LE ROYAL ),M,"49,1518800"," -0,3168400",14,2019,90.0,1.0,1.0,2.0,2156505,1.0,1,1,1,-1.0,,0.0,0,1992.0,L01,138Â 294Â 613,1.0,-1.0,-1.0,1646679,2.0,7,,0.0,2.0,9.0,I01,138Â 294Â 610,1.0
964817,201900006348,3,22,16:30,1,1,1,1.0,4.0,14181,ECHANGEUR NÂ° 14 ( CORMELLES LE ROYAL ),M,"49,1518800"," -0,3168400",14,2019,90.0,1.0,1.0,2.0,2156505,1.0,1,1,1,-1.0,,0.0,0,1992.0,L01,138Â 294Â 613,1.0,-1.0,-1.0,1646680,2.0,7,,0.0,2.0,9.0,J01,138Â 294Â 611,1.0
964817,201900006348,3,22,16:30,1,1,1,1.0,4.0,14181,ECHANGEUR NÂ° 14 ( CORMELLES LE ROYAL ),M,"49,1518800"," -0,3168400",14,2019,90.0,1.0,1.0,2.0,2156505,1.0,1,1,1,-1.0,,0.0,0,1992.0,L01,138Â 294Â 613,1.0,-1.0,-1.0,1646681,2.0,10,,0.0,2.0,9.0,K01,138Â 294Â 612,-1.0
964817,201900006348,3,22,16:30,1,1,1,1.0,4.0,14181,ECHANGEUR NÂ° 14 ( CORMELLES LE ROYAL ),M,"49,1518800"," -0,3168400",14,2019,90.0,1.0,1.0,2.0,2156505,1.0,1,1,1,-1.0,,0.0,0,1992.0,L01,138Â 294Â 613,1.0,-1.0,-1.0,1646682,2.0,7,,0.0,2.0,4.0,L01,138Â 294Â 613,-1.0
964818,201900006349,3,22,13:00,1,2,1,1.0,3.0,14327,PASTEUR (RUE LOUIS ),M,"49,2092100"," -0,3417900",14,2019,50.0,1.0,1.0,4.0,2156506,1.0,1,4,1,5.0,,0.0,0,1986.0,A01,138Â 294Â 606,2.0,0.0,-1.0,1646683,3.0,34,,0.0,2.0,0.0,A01,138Â 294Â 606,1.0
964818,201900006349,3,22,13:00,1,2,1,1.0,3.0,14327,PASTEUR (RUE LOUIS ),M,"49,2092100"," -0,3417900",14,2019,50.0,1.0,1.0,4.0,2156506,1.0,1,4,1,5.0,,0.0,0,1986.0,A01,138Â 294Â 606,2.0,0.0,-1.0,1646684,3.0,7,,0.0,2.0,4.0,B01,138Â 294Â 607,1.0
964818,201900006349,3,22,13:00,1,2,1,1.0,3.0,14327,PASTEUR (RUE LOUIS ),M,"49,2092100"," -0,3417900",14,2019,50.0,1.0,1.0,4.0,2156507,1.0,1,1,1,1.0,,0.0,0,1994.0,B01,138Â 294Â 607,1.0,0.0,-1.0,1646683,3.0,34,,0.0,2.0,0.0,A01,138Â 294Â 606,1.0
964818,201900006349,3,22,13:00,1,2,1,1.0,3.0,14327,PASTEUR (RUE LOUIS ),M,"49,2092100"," -0,3417900",14,2019,50.0,1.0,1.0,4.0,2156507,1.0,1,1,1,1.0,,0.0,0,1994.0,B01,138Â 294Â 607,1.0,0.0,-1.0,1646684,3.0,7,,0.0,2.0,4.0,B01,138Â 294Â 607,1.0
964819,201900006350,3,22,12:30,1,2,9,8.0,6.0,14118,MOUNTBATTEN (AVENUE DE L'AMIRAL),M,"49,1999600"," -0,3932000",14,2019,50.0,1.0,1.0,4.0,2156508,10.0,3,4,2,5.0,,4.0,3,1998.0,A01,138Â 294Â 605,8.0,0.0,-1.0,1646685,3.0,7,,0.0,1.0,0.0,A01,138Â 294Â 605,1.0
964819,201900006350,3,22,12:30,1,2,9,8.0,6.0,14118,MOUNTBATTEN (AVENUE DE L'AMIRAL),M,"49,1999600"," -0,3932000",14,2019,50.0,1.0,1.0,4.0,2156509,1.0,1,1,1,1.0,,0.0,0,1998.0,A01,138Â 294Â 605,1.0,0.0,-1.0,1646685,3.0,7,,0.0,1.0,0.0,A01,138Â 294Â 605,1.0
964820,201900006351,3,22,10:20,1,2,1,1.0,3.0,14301,ANGLAIS (RUE DES),M,"49,1690000"," -0,2830000",14,2019,-1.0,1.0,1.0,4.0,2156510,2.0,2,4,1,-1.0,,-1.0, -1,1967.0,C01,138Â 294Â 603,0.0,-1.0,-1.0,1646686,3.0,7,,0.0,2.0,1.0,C01,138Â 294Â 603,1.0
964820,201900006351,3,22,10:20,1,2,1,1.0,3.0,14301,ANGLAIS (RUE DES),M,"49,1690000"," -0,2830000",14,2019,-1.0,1.0,1.0,4.0,2156510,2.0,2,4,1,-1.0,,-1.0, -1,1967.0,C01,138Â 294Â 603,0.0,-1.0,-1.0,1646687,3.0,7,,0.0,2.0,4.0,D01,138Â 294Â 604,-1.0
964820,201900006351,3,22,10:20,1,2,1,1.0,3.0,14301,ANGLAIS (RUE DES),M,"49,1690000"," -0,2830000",14,2019,-1.0,1.0,1.0,4.0,2156511,1.0,1,1,1,0.0,,0.0,0,1945.0,C01,138Â 294Â 603,0.0,-1.0,-1.0,1646686,3.0,7,,0.0,2.0,1.0,C01,138Â 294Â 603,1.0
964820,201900006351,3,22,10:20,1,2,1,1.0,3.0,14301,ANGLAIS (RUE DES),M,"49,1690000"," -0,2830000",14,2019,-1.0,1.0,1.0,4.0,2156511,1.0,1,1,1,0.0,,0.0,0,1945.0,C01,138Â 294Â 603,0.0,-1.0,-1.0,1646687,3.0,7,,0.0,2.0,4.0,D01,138Â 294Â 604,-1.0
964820,201900006351,3,22,10:20,1,2,1,1.0,3.0,14301,ANGLAIS (RUE DES),M,"49,1690000"," -0,2830000",14,2019,-1.0,1.0,1.0,4.0,2156512,1.0,1,1,1,0.0,,0.0,0,1937.0,D01,138Â 294Â 604,0.0,-1.0,-1.0,1646686,3.0,7,,0.0,2.0,1.0,C01,138Â 294Â 603,1.0
964820,201900006351,3,22,10:20,1,2,1,1.0,3.0,14301,ANGLAIS (RUE DES),M,"49,1690000"," -0,2830000",14,2019,-1.0,1.0,1.0,4.0,2156512,1.0,1,1,1,0.0,,0.0,0,1937.0,D01,138Â 294Â 604,0.0,-1.0,-1.0,1646687,3.0,7,,0.0,2.0,4.0,D01,138Â 294Â 604,-1.0
964821,201900006352,3,20,19:28,5,2,9,1.0,3.0,14437,RD NÂ° 613,M,"49,1655600"," -0,3016400",14,2019,90.0,1.0,1.0,3.0,2156513,1.0,1,1,1,1.0,,-1.0, -1,1971.0,B01,138Â 294Â 601,1.0,0.0,-1.0,1646688,1.0,7,,0.0,2.0,6.0,B01,138Â 294Â 601,1.0
964821,201900006352,3,20,19:28,5,2,9,1.0,3.0,14437,RD NÂ° 613,M,"49,1655600"," -0,3016400",14,2019,90.0,1.0,1.0,3.0,2156513,1.0,1,1,1,1.0,,-1.0, -1,1971.0,B01,138Â 294Â 601,1.0,0.0,-1.0,1646689,1.0,33,,0.0,2.0,2.0,A01,138Â 294Â 602,1.0
964821,201900006352,3,20,19:28,5,2,9,1.0,3.0,14437,RD NÂ° 613,M,"49,1655600"," -0,3016400",14,2019,90.0,1.0,1.0,3.0,2156514,1.0,1,4,1,1.0,,-1.0, -1,1972.0,A01,138Â 294Â 602,2.0,0.0,-1.0,1646688,1.0,7,,0.0,2.0,6.0,B01,138Â 294Â 601,1.0
964821,201900006352,3,20,19:28,5,2,9,1.0,3.0,14437,RD NÂ° 613,M,"49,1655600"," -0,3016400",14,2019,90.0,1.0,1.0,3.0,2156514,1.0,1,4,1,1.0,,-1.0, -1,1972.0,A01,138Â 294Â 602,2.0,0.0,-1.0,1646689,1.0,33,,0.0,2.0,2.0,A01,138Â 294Â 602,1.0
964821,201900006352,3,20,19:28,5,2,9,1.0,3.0,14437,RD NÂ° 613,M,"49,1655600"," -0,3016400",14,2019,90.0,1.0,1.0,3.0,2156515,2.0,2,4,2,1.0,,0.0,0,1972.0,A01,138Â 294Â 602,2.0,0.0,-1.0,1646688,1.0,7,,0.0,2.0,6.0,B01,138Â 294Â 601,1.0
964821,201900006352,3,20,19:28,5,2,9,1.0,3.0,14437,RD NÂ° 613,M,"49,1655600"," -0,3016400",14,2019,90.0,1.0,1.0,3.0,2156515,2.0,2,4,2,1.0,,0.0,0,1972.0,A01,138Â 294Â 602,2.0,0.0,-1.0,1646689,1.0,33,,0.0,2.0,2.0,A01,138Â 294Â 602,1.0
964822,201900006353,3,19,21:38,3,1,1,1.0,7.0,13039,,M,"43,4288150","4,8503200",13,2019,50.0,1.0,1.0,4.0,2156516,1.0,1,2,1,5.0,,-1.0,0,1995.0,A01,138Â 294Â 600,1.0,0.0,-1.0,1646690,1.0,7,,4.0,0.0,1.0,A01,138Â 294Â 600,1.0
964823,201900006354,3,25,17:05,1,2,1,1.0,3.0,13208,MICHELET (BOULEVARD),M,"43,2719100","5,3915600",13,2019,50.0,1.0,1.0,4.0,2156517,1.0,1,3,1,5.0,,-1.0,0,1956.0,B01,138Â 294Â 598,2.0,8.0,-1.0,1646691,2.0,33,,0.0,2.0,1.0,B01,138Â 294Â 598,1.0
964823,201900006354,3,25,17:05,1,2,1,1.0,3.0,13208,MICHELET (BOULEVARD),M,"43,2719100","5,3915600",13,2019,50.0,1.0,1.0,4.0,2156517,1.0,1,3,1,5.0,,-1.0,0,1956.0,B01,138Â 294Â 598,2.0,8.0,-1.0,1646692,2.0,37,1.0,0.0,2.0,3.0,A01,138Â 294Â 599,1.0
964823,201900006354,3,25,17:05,1,2,1,1.0,3.0,13208,MICHELET (BOULEVARD),M,"43,2719100","5,3915600",13,2019,50.0,1.0,1.0,4.0,2156518,1.0,1,1,1,4.0,,-1.0,0,1965.0,A01,138Â 294Â 599,1.0,8.0,-1.0,1646691,2.0,33,,0.0,2.0,1.0,B01,138Â 294Â 598,1.0
964823,201900006354,3,25,17:05,1,2,1,1.0,3.0,13208,MICHELET (BOULEVARD),M,"43,2719100","5,3915600",13,2019,50.0,1.0,1.0,4.0,2156518,1.0,1,1,1,4.0,,-1.0,0,1965.0,A01,138Â 294Â 599,1.0,8.0,-1.0,1646692,2.0,37,1.0,0.0,2.0,3.0,A01,138Â 294Â 599,1.0
964824,201900006355,3,25,15:45,1,2,2,1.0,3.0,13206,GOUFFE (COURS),M,"43,2861400","5,3873100",13,2019,50.0,1.0,1.0,4.0,2156519,1.0,1,1,2,5.0,,-1.0, -1,1988.0,A01,138Â 294Â 596,1.0,0.0,-1.0,1646693,0.0,7,,0.0,2.0,2.0,A01,138Â 294Â 596,1.0
964824,201900006355,3,25,15:45,1,2,2,1.0,3.0,13206,GOUFFE (COURS),M,"43,2861400","5,3873100",13,2019,50.0,1.0,1.0,4.0,2156519,1.0,1,1,2,5.0,,-1.0, -1,1988.0,A01,138Â 294Â 596,1.0,0.0,-1.0,1646694,0.0,33,,0.0,2.0,1.0,B01,138Â 294Â 597,1.0
964824,201900006355,3,25,15:45,1,2,2,1.0,3.0,13206,GOUFFE (COURS),M,"43,2861400","5,3873100",13,2019,50.0,1.0,1.0,4.0,2156520,1.0,1,4,1,1.0,,-1.0, -1,1985.0,B01,138Â 294Â 597,2.0,0.0,-1.0,1646693,0.0,7,,0.0,2.0,2.0,A01,138Â 294Â 596,1.0
964824,201900006355,3,25,15:45,1,2,2,1.0,3.0,13206,GOUFFE (COURS),M,"43,2861400","5,3873100",13,2019,50.0,1.0,1.0,4.0,2156520,1.0,1,4,1,1.0,,-1.0, -1,1985.0,B01,138Â 294Â 597,2.0,0.0,-1.0,1646694,0.0,33,,0.0,2.0,1.0,B01,138Â 294Â 597,1.0
964825,201900006356,3,25,14:30,1,2,3,1.0,3.0,13206,FRIEDLAND (RUE),M,"43,2858910","5,3899930",13,2019,50.0,1.0,1.0,4.0,2156521,1.0,1,4,1,4.0,,-1.0,0,1967.0,A01,138Â 294Â 595,2.0,8.0,-1.0,1646695,3.0,7,,0.0,2.0,1.0,Z01,138Â 294Â 594,1.0
964825,201900006356,3,25,14:30,1,2,3,1.0,3.0,13206,FRIEDLAND (RUE),M,"43,2858910","5,3899930",13,2019,50.0,1.0,1.0,4.0,2156521,1.0,1,4,1,4.0,,-1.0,0,1967.0,A01,138Â 294Â 595,2.0,8.0,-1.0,1646696,3.0,33,,0.0,2.0,2.0,A01,138Â 294Â 595,1.0
964826,201900006357,3,25,13:30,1,2,1,1.0,6.0,13204,FRANCOISE DUPARC (BOULEVARD),M,"43,3046110","5,4009280",13,2019,50.0,1.0,1.0,4.0,2156522,10.0,3,4,1,5.0,,4.0,3,1930.0,Z01,138Â 294Â 593,8.0,0.0,-1.0,1646697,0.0,7,,0.0,1.0,1.0,Z01,138Â 294Â 593,1.0
964827,201900006358,3,25,12:45,1,2,1,1.0,3.0,13206,ARMENY (RUE D'),M,"43,2911400","5,3805900",13,2019,50.0,1.0,1.0,4.0,2156523,1.0,1,4,2,0.0,,-1.0,0,1979.0,A01,138Â 294Â 591,2.0,6.0,-1.0,1646698,1.0,30,,0.0,2.0,8.0,A01,138Â 294Â 591,1.0
964827,201900006358,3,25,12:45,1,2,1,1.0,3.0,13206,ARMENY (RUE D'),M,"43,2911400","5,3805900",13,2019,50.0,1.0,1.0,4.0,2156523,1.0,1,4,2,0.0,,-1.0,0,1979.0,A01,138Â 294Â 591,2.0,6.0,-1.0,1646699,1.0,7,,0.0,2.0,0.0,B01,138Â 294Â 592,1.0
964827,201900006358,3,25,12:45,1,2,1,1.0,3.0,13206,ARMENY (RUE D'),M,"43,2911400","5,3805900",13,2019,50.0,1.0,1.0,4.0,2156524,1.0,1,1,1,0.0,,-1.0,0,1998.0,B01,138Â 294Â 592,1.0,0.0,-1.0,1646698,1.0,30,,0.0,2.0,8.0,A01,138Â 294Â 591,1.0
964827,201900006358,3,25,12:45,1,2,1,1.0,3.0,13206,ARMENY (RUE D'),M,"43,2911400","5,3805900",13,2019,50.0,1.0,1.0,4.0,2156524,1.0,1,1,1,0.0,,-1.0,0,1998.0,B01,138Â 294Â 592,1.0,0.0,-1.0,1646699,1.0,7,,0.0,2.0,0.0,B01,138Â 294Â 592,1.0
964828,201900006359,3,24,21:30,5,2,1,1.0,1.0,13213,ESCADRILLE NORMANDIE NIEMEN,M,"43,3395300","5,4099800",13,2019,50.0,1.0,1.0,4.0,2156525,2.0,2,1,1,5.0,,-1.0, -1,1995.0,A01,138Â 294Â 589,1.0,0.0,-1.0,1646700,1.0,3,,0.0,2.0,1.0,A01,138Â 294Â 589,1.0
964828,201900006359,3,24,21:30,5,2,1,1.0,1.0,13213,ESCADRILLE NORMANDIE NIEMEN,M,"43,3395300","5,4099800",13,2019,50.0,1.0,1.0,4.0,2156525,2.0,2,1,1,5.0,,-1.0, -1,1995.0,A01,138Â 294Â 589,1.0,0.0,-1.0,1646701,2.0,34,,0.0,2.0,1.0,B01,138Â 294Â 590,1.0
964828,201900006359,3,24,21:30,5,2,1,1.0,1.0,13213,ESCADRILLE NORMANDIE NIEMEN,M,"43,3395300","5,4099800",13,2019,50.0,1.0,1.0,4.0,2156526,1.0,1,1,2,5.0,,-1.0, -1,1986.0,A01,138Â 294Â 589,1.0,0.0,-1.0,1646700,1.0,3,,0.0,2.0,1.0,A01,138Â 294Â 589,1.0
964828,201900006359,3,24,21:30,5,2,1,1.0,1.0,13213,ESCADRILLE NORMANDIE NIEMEN,M,"43,3395300","5,4099800",13,2019,50.0,1.0,1.0,4.0,2156526,1.0,1,1,2,5.0,,-1.0, -1,1986.0,A01,138Â 294Â 589,1.0,0.0,-1.0,1646701,2.0,34,,0.0,2.0,1.0,B01,138Â 294Â 590,1.0
964828,201900006359,3,24,21:30,5,2,1,1.0,1.0,13213,ESCADRILLE NORMANDIE NIEMEN,M,"43,3395300","5,4099800",13,2019,50.0,1.0,1.0,4.0,2156527,1.0,1,4,1,1.0,,-1.0, -1,1985.0,B01,138Â 294Â 590,2.0,0.0,-1.0,1646700,1.0,3,,0.0,2.0,1.0,A01,138Â 294Â 589,1.0
964828,201900006359,3,24,21:30,5,2,1,1.0,1.0,13213,ESCADRILLE NORMANDIE NIEMEN,M,"43,3395300","5,4099800",13,2019,50.0,1.0,1.0,4.0,2156527,1.0,1,4,1,1.0,,-1.0, -1,1985.0,B01,138Â 294Â 590,2.0,0.0,-1.0,1646701,2.0,34,,0.0,2.0,1.0,B01,138Â 294Â 590,1.0
964829,201900006360,3,24,13:45,1,2,6,1.0,3.0,13211,VALENTINE (ROUTE DE LA),M,"43,2900850","5,4763380",13,2019,50.0,1.0,1.0,4.0,2156528,1.0,1,4,1,1.0,,-1.0, -1,1983.0,B01,138Â 294Â 587,2.0,0.0,-1.0,1646702,3.0,2,,0.0,2.0,6.0,B01,138Â 294Â 587,0.0
964829,201900006360,3,24,13:45,1,2,6,1.0,3.0,13211,VALENTINE (ROUTE DE LA),M,"43,2900850","5,4763380",13,2019,50.0,1.0,1.0,4.0,2156528,1.0,1,4,1,1.0,,-1.0, -1,1983.0,B01,138Â 294Â 587,2.0,0.0,-1.0,1646703,3.0,7,,0.0,2.0,2.0,A01,138Â 294Â 588,0.0
964829,201900006360,3,24,13:45,1,2,6,1.0,3.0,13211,VALENTINE (ROUTE DE LA),M,"43,2900850","5,4763380",13,2019,50.0,1.0,1.0,4.0,2156529,1.0,1,1,1,5.0,,-1.0, -1,1976.0,A01,138Â 294Â 588,1.0,0.0,-1.0,1646702,3.0,2,,0.0,2.0,6.0,B01,138Â 294Â 587,0.0
964829,201900006360,3,24,13:45,1,2,6,1.0,3.0,13211,VALENTINE (ROUTE DE LA),M,"43,2900850","5,4763380",13,2019,50.0,1.0,1.0,4.0,2156529,1.0,1,1,1,5.0,,-1.0, -1,1976.0,A01,138Â 294Â 588,1.0,0.0,-1.0,1646703,3.0,7,,0.0,2.0,2.0,A01,138Â 294Â 588,0.0
964830,201900006361,3,24,11:30,1,2,1,1.0,3.0,13210,ROMAIN ROLLAND (BOULEVARD),M,"43,2754910","5,4166760",13,2019,50.0,1.0,1.0,4.0,2156530,1.0,1,1,2,5.0,,-1.0,0,1993.0,A01,138Â 294Â 585,1.0,0.0,-1.0,1646704,1.0,10,,0.0,2.0,2.0,A01,138Â 294Â 585,0.0
964830,201900006361,3,24,11:30,1,2,1,1.0,3.0,13210,ROMAIN ROLLAND (BOULEVARD),M,"43,2754910","5,4166760",13,2019,50.0,1.0,1.0,4.0,2156530,1.0,1,1,2,5.0,,-1.0,0,1993.0,A01,138Â 294Â 585,1.0,0.0,-1.0,1646705,3.0,31,,0.0,2.0,1.0,B01,138Â 294Â 586,0.0
964830,201900006361,3,24,11:30,1,2,1,1.0,3.0,13210,ROMAIN ROLLAND (BOULEVARD),M,"43,2754910","5,4166760",13,2019,50.0,1.0,1.0,4.0,2156531,1.0,1,4,1,5.0,,-1.0, -1,1967.0,B01,138Â 294Â 586,2.0,0.0,-1.0,1646704,1.0,10,,0.0,2.0,2.0,A01,138Â 294Â 585,0.0
964830,201900006361,3,24,11:30,1,2,1,1.0,3.0,13210,ROMAIN ROLLAND (BOULEVARD),M,"43,2754910","5,4166760",13,2019,50.0,1.0,1.0,4.0,2156531,1.0,1,4,1,5.0,,-1.0, -1,1967.0,B01,138Â 294Â 586,2.0,0.0,-1.0,1646705,3.0,31,,0.0,2.0,1.0,B01,138Â 294Â 586,0.0
964831,201900006362,3,23,22:45,5,2,1,1.0,2.0,13201,HEROS (RUE DES),M,"43,3019000","5,3836700",13,2019,50.0,1.0,1.0,4.0,2156532,1.0,1,4,1,5.0,,-1.0, -1,1993.0,B01,138Â 294Â 583,2.0,0.0,-1.0,1646706,1.0,33,,0.0,2.0,1.0,B01,138Â 294Â 583,1.0