Unnamed: 0_x,num_acc,mois,jour,hrmn,lum,agg,int,atm,col,com,adr,gps,lat,long,dep,annee,vma,situ,surf,catr,Unnamed: 0_y,place,catu,grav,sexe,trajet,secu,locp,actp,an_nais,num_veh_x,id_vehicule_x,secu1,secu2,secu3,Unnamed: 0,senc,catv,occutc,obs,obsm,choc,num_veh_y,id_vehicule_y,motor
964831,201900006362,3,23,22:45,5,2,1,1.0,2.0,13201,HEROS (RUE DES),M,"43,3019000","5,3836700",13,2019,50.0,1.0,1.0,4.0,2156532,1.0,1,4,1,5.0,,-1.0, -1,1993.0,B01,138Â 294Â 583,2.0,0.0,-1.0,1646707,2.0,7,,0.0,2.0,5.0,A01,138Â 294Â 584,1.0
964831,201900006362,3,23,22:45,5,2,1,1.0,2.0,13201,HEROS (RUE DES),M,"43,3019000","5,3836700",13,2019,50.0,1.0,1.0,4.0,2156533,1.0,1,1,1,5.0,,-1.0, -1,1990.0,A01,138Â 294Â 584,1.0,0.0,-1.0,1646706,1.0,33,,0.0,2.0,1.0,B01,138Â 294Â 583,1.0
964831,201900006362,3,23,22:45,5,2,1,1.0,2.0,13201,HEROS (RUE DES),M,"43,3019000","5,3836700",13,2019,50.0,1.0,1.0,4.0,2156533,1.0,1,1,1,5.0,,-1.0, -1,1990.0,A01,138Â 294Â 584,1.0,0.0,-1.0,1646707,2.0,7,,0.0,2.0,5.0,A01,138Â 294Â 584,1.0
964832,201900006363,3,23,17:45,1,2,1,1.0,6.0,13211,BARASSE,M,"43,2847600","5,4839720",13,2019,50.0,1.0,1.0,4.0,2156534,1.0,1,1,1,5.0,,-1.0, -1,1988.0,A01,138Â 294Â 582,1.0,0.0,-1.0,1646708,2.0,7,,0.0,1.0,6.0,A01,138Â 294Â 582,1.0
964832,201900006363,3,23,17:45,1,2,1,1.0,6.0,13211,BARASSE,M,"43,2847600","5,4839720",13,2019,50.0,1.0,1.0,4.0,2156535,10.0,3,4,1,5.0,,1.0,3,1954.0,A01,138Â 294Â 582,8.0,0.0,-1.0,1646708,2.0,7,,0.0,1.0,6.0,A01,138Â 294Â 582,1.0
964833,201900006364,3,23,16:15,1,1,1,1.0,6.0,13209,COL DE LA GINESTE D559,M,"43,2353600","5,5109610",13,2019,50.0,1.0,1.0,4.0,2156536,1.0,2,4,1,5.0,,-1.0,0,2004.0,A01,138Â 294Â 581,2.0,0.0,-1.0,1646709,0.0,31,,4.0,0.0,8.0,A01,138Â 294Â 581,1.0
964833,201900006364,3,23,16:15,1,1,1,1.0,6.0,13209,COL DE LA GINESTE D559,M,"43,2353600","5,5109610",13,2019,50.0,1.0,1.0,4.0,2156537,1.0,1,4,1,5.0,,-1.0,0,1971.0,A01,138Â 294Â 581,2.0,8.0,-1.0,1646709,0.0,31,,4.0,0.0,8.0,A01,138Â 294Â 581,1.0
964834,201900006365,3,23,05:00,2,2,9,1.0,5.0,13211,BARASSE,M,"43,2862540","5,4763560",13,2019,30.0,1.0,1.0,4.0,2156538,4.0,2,4,1,0.0,,-1.0,0,1996.0,A01,138Â 294Â 580,1.0,0.0,-1.0,1646710,1.0,7,,1.0,0.0,9.0,B01,138Â 294Â 578,1.0
964834,201900006365,3,23,05:00,2,2,9,1.0,5.0,13211,BARASSE,M,"43,2862540","5,4763560",13,2019,30.0,1.0,1.0,4.0,2156538,4.0,2,4,1,0.0,,-1.0,0,1996.0,A01,138Â 294Â 580,1.0,0.0,-1.0,1646711,1.0,7,,1.0,0.0,4.0,C01,138Â 294Â 579,1.0
964834,201900006365,3,23,05:00,2,2,9,1.0,5.0,13211,BARASSE,M,"43,2862540","5,4763560",13,2019,30.0,1.0,1.0,4.0,2156538,4.0,2,4,1,0.0,,-1.0,0,1996.0,A01,138Â 294Â 580,1.0,0.0,-1.0,1646712,2.0,7,,1.0,0.0,2.0,A01,138Â 294Â 580,1.0
964834,201900006365,3,23,05:00,2,2,9,1.0,5.0,13211,BARASSE,M,"43,2862540","5,4763560",13,2019,30.0,1.0,1.0,4.0,2156539,1.0,1,1,1,5.0,,-1.0,0,1994.0,A01,138Â 294Â 580,8.0,0.0,-1.0,1646710,1.0,7,,1.0,0.0,9.0,B01,138Â 294Â 578,1.0
964834,201900006365,3,23,05:00,2,2,9,1.0,5.0,13211,BARASSE,M,"43,2862540","5,4763560",13,2019,30.0,1.0,1.0,4.0,2156539,1.0,1,1,1,5.0,,-1.0,0,1994.0,A01,138Â 294Â 580,8.0,0.0,-1.0,1646711,1.0,7,,1.0,0.0,4.0,C01,138Â 294Â 579,1.0
964834,201900006365,3,23,05:00,2,2,9,1.0,5.0,13211,BARASSE,M,"43,2862540","5,4763560",13,2019,30.0,1.0,1.0,4.0,2156539,1.0,1,1,1,5.0,,-1.0,0,1994.0,A01,138Â 294Â 580,8.0,0.0,-1.0,1646712,2.0,7,,1.0,0.0,2.0,A01,138Â 294Â 580,1.0
964834,201900006365,3,23,05:00,2,2,9,1.0,5.0,13211,BARASSE,M,"43,2862540","5,4763560",13,2019,30.0,1.0,1.0,4.0,2156540,2.0,2,4,1,0.0,,-1.0,0,1994.0,A01,138Â 294Â 580,1.0,0.0,-1.0,1646710,1.0,7,,1.0,0.0,9.0,B01,138Â 294Â 578,1.0
964834,201900006365,3,23,05:00,2,2,9,1.0,5.0,13211,BARASSE,M,"43,2862540","5,4763560",13,2019,30.0,1.0,1.0,4.0,2156540,2.0,2,4,1,0.0,,-1.0,0,1994.0,A01,138Â 294Â 580,1.0,0.0,-1.0,1646711,1.0,7,,1.0,0.0,4.0,C01,138Â 294Â 579,1.0
964834,201900006365,3,23,05:00,2,2,9,1.0,5.0,13211,BARASSE,M,"43,2862540","5,4763560",13,2019,30.0,1.0,1.0,4.0,2156540,2.0,2,4,1,0.0,,-1.0,0,1994.0,A01,138Â 294Â 580,1.0,0.0,-1.0,1646712,2.0,7,,1.0,0.0,2.0,A01,138Â 294Â 580,1.0
964835,201900006366,3,23,03:00,5,2,1,1.0,7.0,13206,PIERRE PUGET (COURS),M,"43,2905900","5,3779500",13,2019,50.0,1.0,1.0,4.0,2156541,2.0,2,4,2,5.0,,-1.0, -1,1990.0,A01,138Â 294Â 577,2.0,8.0,-1.0,1646713,1.0,30,,12.0,0.0,1.0,A01,138Â 294Â 577,1.0
964835,201900006366,3,23,03:00,5,2,1,1.0,7.0,13206,PIERRE PUGET (COURS),M,"43,2905900","5,3779500",13,2019,50.0,1.0,1.0,4.0,2156542,1.0,1,4,1,5.0,,-1.0,0,1992.0,A01,138Â 294Â 577,2.0,8.0,-1.0,1646713,1.0,30,,12.0,0.0,1.0,A01,138Â 294Â 577,1.0
964836,201900006367,3,22,16:40,1,2,9,1.0,3.0,13203,BD FERDINAND DE LESSEPS,M,"43,3199130","5,3704120",13,2019,50.0,1.0,1.0,4.0,2156543,1.0,1,4,2,1.0,,-1.0,0,1977.0,B01,138Â 294Â 575,1.0,0.0,-1.0,1646714,3.0,7,,0.0,2.0,2.0,B01,138Â 294Â 575,1.0
964836,201900006367,3,22,16:40,1,2,9,1.0,3.0,13203,BD FERDINAND DE LESSEPS,M,"43,3199130","5,3704120",13,2019,50.0,1.0,1.0,4.0,2156543,1.0,1,4,2,1.0,,-1.0,0,1977.0,B01,138Â 294Â 575,1.0,0.0,-1.0,1646715,3.0,7,,8.0,2.0,3.0,A01,138Â 294Â 576,1.0
964837,201900006368,3,22,18:30,2,2,1,1.0,6.0,13216,ANDRÃ ROUSSIN (AVENUE),M,"43,3626000","5,3406100",13,2019,50.0,1.0,1.0,3.0,2156544,10.0,3,3,1,0.0,,2.0,3,2004.0,A01,138Â 294Â 574,0.0,0.0,0.0,1646716,2.0,7,,0.0,1.0,1.0,A01,138Â 294Â 574,1.0
964837,201900006368,3,22,18:30,2,2,1,1.0,6.0,13216,ANDRÃ ROUSSIN (AVENUE),M,"43,3626000","5,3406100",13,2019,50.0,1.0,1.0,3.0,2156545,1.0,1,1,1,9.0,,-1.0,0,1980.0,A01,138Â 294Â 574,1.0,0.0,-1.0,1646716,2.0,7,,0.0,1.0,1.0,A01,138Â 294Â 574,1.0
964838,201900006369,3,22,15:00,1,2,1,1.0,3.0,13211,SAINT MARCEL (BOULEVARD DE ),M,"43,2887800","5,4602500",13,2019,50.0,1.0,1.0,4.0,2156546,1.0,1,1,1,5.0,,-1.0,0,1992.0,B01,138Â 294Â 572,1.0,0.0,-1.0,1646717,1.0,7,,0.0,2.0,7.0,B01,138Â 294Â 572,1.0
964838,201900006369,3,22,15:00,1,2,1,1.0,3.0,13211,SAINT MARCEL (BOULEVARD DE ),M,"43,2887800","5,4602500",13,2019,50.0,1.0,1.0,4.0,2156546,1.0,1,1,1,5.0,,-1.0,0,1992.0,B01,138Â 294Â 572,1.0,0.0,-1.0,1646718,1.0,32,,0.0,2.0,8.0,A01,138Â 294Â 573,1.0
964838,201900006369,3,22,15:00,1,2,1,1.0,3.0,13211,SAINT MARCEL (BOULEVARD DE ),M,"43,2887800","5,4602500",13,2019,50.0,1.0,1.0,4.0,2156547,1.0,1,4,1,5.0,,-1.0,0,1991.0,A01,138Â 294Â 573,2.0,8.0,-1.0,1646717,1.0,7,,0.0,2.0,7.0,B01,138Â 294Â 572,1.0
964838,201900006369,3,22,15:00,1,2,1,1.0,3.0,13211,SAINT MARCEL (BOULEVARD DE ),M,"43,2887800","5,4602500",13,2019,50.0,1.0,1.0,4.0,2156547,1.0,1,4,1,5.0,,-1.0,0,1991.0,A01,138Â 294Â 573,2.0,8.0,-1.0,1646718,1.0,32,,0.0,2.0,8.0,A01,138Â 294Â 573,1.0
964839,201900006370,3,22,11:25,1,2,2,1.0,3.0,13201,ESPERANDIEU (RUE),M,"43,3041600","5,3926100",13,2019,50.0,1.0,1.0,4.0,2156548,1.0,1,4,1,1.0,,-1.0, -1,1980.0,B01,138Â 294Â 570,2.0,6.0,-1.0,1646719,1.0,33,,0.0,2.0,7.0,B01,138Â 294Â 570,1.0
964839,201900006370,3,22,11:25,1,2,2,1.0,3.0,13201,ESPERANDIEU (RUE),M,"43,3041600","5,3926100",13,2019,50.0,1.0,1.0,4.0,2156548,1.0,1,4,1,1.0,,-1.0, -1,1980.0,B01,138Â 294Â 570,2.0,6.0,-1.0,1646720,1.0,7,,0.0,1.0,6.0,A01,138Â 294Â 571,1.0
964839,201900006370,3,22,11:25,1,2,2,1.0,3.0,13201,ESPERANDIEU (RUE),M,"43,3041600","5,3926100",13,2019,50.0,1.0,1.0,4.0,2156549,1.0,1,1,2,9.0,,-1.0, -1,1986.0,A01,138Â 294Â 571,1.0,0.0,-1.0,1646719,1.0,33,,0.0,2.0,7.0,B01,138Â 294Â 570,1.0
964839,201900006370,3,22,11:25,1,2,2,1.0,3.0,13201,ESPERANDIEU (RUE),M,"43,3041600","5,3926100",13,2019,50.0,1.0,1.0,4.0,2156549,1.0,1,1,2,9.0,,-1.0, -1,1986.0,A01,138Â 294Â 571,1.0,0.0,-1.0,1646720,1.0,7,,0.0,1.0,6.0,A01,138Â 294Â 571,1.0
964840,201900006371,3,22,12:30,1,2,1,1.0,6.0,13210,SCHLOESING (BOULEVARD),M,"43,2736610","5,4006000",13,2019,50.0,1.0,1.0,4.0,2156550,1.0,1,1,1,4.0,,-1.0,0,1969.0,A01,138Â 294Â 569,1.0,0.0,-1.0,1646721,2.0,10,,0.0,1.0,2.0,A01,138Â 294Â 569,0.0
964840,201900006371,3,22,12:30,1,2,1,1.0,6.0,13210,SCHLOESING (BOULEVARD),M,"43,2736610","5,4006000",13,2019,50.0,1.0,1.0,4.0,2156551,10.0,3,4,2,1.0,,1.0,3,1996.0,A01,138Â 294Â 569,8.0,0.0,-1.0,1646721,2.0,10,,0.0,1.0,2.0,A01,138Â 294Â 569,0.0
964841,201900006372,3,22,11:15,1,2,2,1.0,6.0,13212,ROSIERE (AVENUE DE LA),M,"43,3075600","5,4353000",13,2019,50.0,1.0,1.0,4.0,2156552,10.0,3,3,2,5.0,,3.0,3,1933.0,A01,138Â 294Â 568,8.0,0.0,-1.0,1646722,2.0,7,,0.0,1.0,0.0,A01,138Â 294Â 568,1.0
964841,201900006372,3,22,11:15,1,2,2,1.0,6.0,13212,ROSIERE (AVENUE DE LA),M,"43,3075600","5,4353000",13,2019,50.0,1.0,1.0,4.0,2156553,1.0,1,1,2,5.0,,-1.0,0,1939.0,A01,138Â 294Â 568,1.0,8.0,-1.0,1646722,2.0,7,,0.0,1.0,0.0,A01,138Â 294Â 568,1.0
964842,201900006373,3,22,00:42,5,2,1,1.0,6.0,13201,CANEBIERE    81 A FIN,M,"43,2989430","5,3848620",13,2019,50.0,1.0,1.0,4.0,2156554,1.0,1,1,1,5.0,,-1.0, -1,1996.0,B01,138Â 294Â 565,1.0,0.0,-1.0,1646723,1.0,7,,0.0,2.0,4.0,B01,138Â 294Â 565,1.0
964842,201900006373,3,22,00:42,5,2,1,1.0,6.0,13201,CANEBIERE    81 A FIN,M,"43,2989430","5,3848620",13,2019,50.0,1.0,1.0,4.0,2156554,1.0,1,1,1,5.0,,-1.0, -1,1996.0,B01,138Â 294Â 565,1.0,0.0,-1.0,1646724,1.0,14,,0.0,0.0,0.0,C01,138Â 294Â 566,1.0
964842,201900006373,3,22,00:42,5,2,1,1.0,6.0,13201,CANEBIERE    81 A FIN,M,"43,2989430","5,3848620",13,2019,50.0,1.0,1.0,4.0,2156554,1.0,1,1,1,5.0,,-1.0, -1,1996.0,B01,138Â 294Â 565,1.0,0.0,-1.0,1646725,1.0,31,,0.0,2.0,1.0,A01,138Â 294Â 567,1.0
964842,201900006373,3,22,00:42,5,2,1,1.0,6.0,13201,CANEBIERE    81 A FIN,M,"43,2989430","5,3848620",13,2019,50.0,1.0,1.0,4.0,2156555,1.0,1,1,1,4.0,,-1.0, -1,1993.0,C01,138Â 294Â 566,1.0,0.0,-1.0,1646723,1.0,7,,0.0,2.0,4.0,B01,138Â 294Â 565,1.0
964842,201900006373,3,22,00:42,5,2,1,1.0,6.0,13201,CANEBIERE    81 A FIN,M,"43,2989430","5,3848620",13,2019,50.0,1.0,1.0,4.0,2156555,1.0,1,1,1,4.0,,-1.0, -1,1993.0,C01,138Â 294Â 566,1.0,0.0,-1.0,1646724,1.0,14,,0.0,0.0,0.0,C01,138Â 294Â 566,1.0
964842,201900006373,3,22,00:42,5,2,1,1.0,6.0,13201,CANEBIERE    81 A FIN,M,"43,2989430","5,3848620",13,2019,50.0,1.0,1.0,4.0,2156555,1.0,1,1,1,4.0,,-1.0, -1,1993.0,C01,138Â 294Â 566,1.0,0.0,-1.0,1646725,1.0,31,,0.0,2.0,1.0,A01,138Â 294Â 567,1.0
964842,201900006373,3,22,00:42,5,2,1,1.0,6.0,13201,CANEBIERE    81 A FIN,M,"43,2989430","5,3848620",13,2019,50.0,1.0,1.0,4.0,2156556,1.0,1,4,1,5.0,,-1.0,0,1986.0,A01,138Â 294Â 567,2.0,6.0,-1.0,1646723,1.0,7,,0.0,2.0,4.0,B01,138Â 294Â 565,1.0
964842,201900006373,3,22,00:42,5,2,1,1.0,6.0,13201,CANEBIERE    81 A FIN,M,"43,2989430","5,3848620",13,2019,50.0,1.0,1.0,4.0,2156556,1.0,1,4,1,5.0,,-1.0,0,1986.0,A01,138Â 294Â 567,2.0,6.0,-1.0,1646724,1.0,14,,0.0,0.0,0.0,C01,138Â 294Â 566,1.0
964842,201900006373,3,22,00:42,5,2,1,1.0,6.0,13201,CANEBIERE    81 A FIN,M,"43,2989430","5,3848620",13,2019,50.0,1.0,1.0,4.0,2156556,1.0,1,4,1,5.0,,-1.0,0,1986.0,A01,138Â 294Â 567,2.0,6.0,-1.0,1646725,1.0,31,,0.0,2.0,1.0,A01,138Â 294Â 567,1.0
964843,201900006374,3,21,23:27,5,2,1,1.0,5.0,13207,CORDERIE (BOULEVARD DE LA),M,"43,2902500","5,3684400",13,2019,50.0,1.0,1.0,4.0,2156557,1.0,1,4,1,0.0,,-1.0, -1,1975.0,B01,138Â 294Â 562,8.0,0.0,-1.0,1646726,1.0,99,,0.0,2.0,4.0,B01,138Â 294Â 562,0.0
964843,201900006374,3,21,23:27,5,2,1,1.0,5.0,13207,CORDERIE (BOULEVARD DE LA),M,"43,2902500","5,3684400",13,2019,50.0,1.0,1.0,4.0,2156557,1.0,1,4,1,0.0,,-1.0, -1,1975.0,B01,138Â 294Â 562,8.0,0.0,-1.0,1646727,2.0,34,,0.0,2.0,1.0,C01,138Â 294Â 563,1.0
964843,201900006374,3,21,23:27,5,2,1,1.0,5.0,13207,CORDERIE (BOULEVARD DE LA),M,"43,2902500","5,3684400",13,2019,50.0,1.0,1.0,4.0,2156557,1.0,1,4,1,0.0,,-1.0, -1,1975.0,B01,138Â 294Â 562,8.0,0.0,-1.0,1646728,1.0,34,,8.0,2.0,1.0,A01,138Â 294Â 564,1.0
964843,201900006374,3,21,23:27,5,2,1,1.0,5.0,13207,CORDERIE (BOULEVARD DE LA),M,"43,2902500","5,3684400",13,2019,50.0,1.0,1.0,4.0,2156558,1.0,1,4,1,0.0,,-1.0, -1,1991.0,C01,138Â 294Â 563,2.0,6.0,-1.0,1646726,1.0,99,,0.0,2.0,4.0,B01,138Â 294Â 562,0.0
964843,201900006374,3,21,23:27,5,2,1,1.0,5.0,13207,CORDERIE (BOULEVARD DE LA),M,"43,2902500","5,3684400",13,2019,50.0,1.0,1.0,4.0,2156558,1.0,1,4,1,0.0,,-1.0, -1,1991.0,C01,138Â 294Â 563,2.0,6.0,-1.0,1646727,2.0,34,,0.0,2.0,1.0,C01,138Â 294Â 563,1.0
964843,201900006374,3,21,23:27,5,2,1,1.0,5.0,13207,CORDERIE (BOULEVARD DE LA),M,"43,2902500","5,3684400",13,2019,50.0,1.0,1.0,4.0,2156558,1.0,1,4,1,0.0,,-1.0, -1,1991.0,C01,138Â 294Â 563,2.0,6.0,-1.0,1646728,1.0,34,,8.0,2.0,1.0,A01,138Â 294Â 564,1.0
964843,201900006374,3,21,23:27,5,2,1,1.0,5.0,13207,CORDERIE (BOULEVARD DE LA),M,"43,2902500","5,3684400",13,2019,50.0,1.0,1.0,4.0,2156559,1.0,1,3,1,0.0,,-1.0, -1,1989.0,A01,138Â 294Â 564,2.0,6.0,-1.0,1646726,1.0,99,,0.0,2.0,4.0,B01,138Â 294Â 562,0.0
964843,201900006374,3,21,23:27,5,2,1,1.0,5.0,13207,CORDERIE (BOULEVARD DE LA),M,"43,2902500","5,3684400",13,2019,50.0,1.0,1.0,4.0,2156559,1.0,1,3,1,0.0,,-1.0, -1,1989.0,A01,138Â 294Â 564,2.0,6.0,-1.0,1646727,2.0,34,,0.0,2.0,1.0,C01,138Â 294Â 563,1.0
964843,201900006374,3,21,23:27,5,2,1,1.0,5.0,13207,CORDERIE (BOULEVARD DE LA),M,"43,2902500","5,3684400",13,2019,50.0,1.0,1.0,4.0,2156559,1.0,1,3,1,0.0,,-1.0, -1,1989.0,A01,138Â 294Â 564,2.0,6.0,-1.0,1646728,1.0,34,,8.0,2.0,1.0,A01,138Â 294Â 564,1.0
964844,201900006375,3,22,00:10,5,2,3,1.0,2.0,13209,AVIATEUR LE BRIX (RUE),M,"43,2596300","5,4017900",13,2019,50.0,1.0,1.0,4.0,2156560,1.0,1,1,1,5.0,,-1.0,0,1946.0,A01,138Â 294Â 560,1.0,0.0,-1.0,1646729,1.0,7,,1.0,0.0,1.0,A01,138Â 294Â 560,1.0
964844,201900006375,3,22,00:10,5,2,3,1.0,2.0,13209,AVIATEUR LE BRIX (RUE),M,"43,2596300","5,4017900",13,2019,50.0,1.0,1.0,4.0,2156560,1.0,1,1,1,5.0,,-1.0,0,1946.0,A01,138Â 294Â 560,1.0,0.0,-1.0,1646730,1.0,7,,0.0,2.0,4.0,B01,138Â 294Â 561,1.0
964844,201900006375,3,22,00:10,5,2,3,1.0,2.0,13209,AVIATEUR LE BRIX (RUE),M,"43,2596300","5,4017900",13,2019,50.0,1.0,1.0,4.0,2156561,1.0,1,4,1,0.0,,-1.0, -1,1968.0,B01,138Â 294Â 561,1.0,0.0,-1.0,1646729,1.0,7,,1.0,0.0,1.0,A01,138Â 294Â 560,1.0
964844,201900006375,3,22,00:10,5,2,3,1.0,2.0,13209,AVIATEUR LE BRIX (RUE),M,"43,2596300","5,4017900",13,2019,50.0,1.0,1.0,4.0,2156561,1.0,1,4,1,0.0,,-1.0, -1,1968.0,B01,138Â 294Â 561,1.0,0.0,-1.0,1646730,1.0,7,,0.0,2.0,4.0,B01,138Â 294Â 561,1.0
964845,201900006376,3,19,05:00,4,2,9,1.0,3.0,13210,FLORIAN ( ROND POINT),M,"43,2851910","5,4260380",13,2019,50.0,1.0,1.0,4.0,2156562,1.0,1,4,1,1.0,,-1.0, -1,1991.0,A01,138Â 294Â 558,2.0,6.0,-1.0,1646731,1.0,32,,0.0,2.0,1.0,A01,138Â 294Â 558,1.0
964845,201900006376,3,19,05:00,4,2,9,1.0,3.0,13210,FLORIAN ( ROND POINT),M,"43,2851910","5,4260380",13,2019,50.0,1.0,1.0,4.0,2156562,1.0,1,4,1,1.0,,-1.0, -1,1991.0,A01,138Â 294Â 558,2.0,6.0,-1.0,1646732,1.0,10,,0.0,2.0,8.0,B01,138Â 294Â 559,1.0
964845,201900006376,3,19,05:00,4,2,9,1.0,3.0,13210,FLORIAN ( ROND POINT),M,"43,2851910","5,4260380",13,2019,50.0,1.0,1.0,4.0,2156563,1.0,1,1,1,1.0,,-1.0, -1,1964.0,B01,138Â 294Â 559,1.0,0.0,-1.0,1646731,1.0,32,,0.0,2.0,1.0,A01,138Â 294Â 558,1.0
964845,201900006376,3,19,05:00,4,2,9,1.0,3.0,13210,FLORIAN ( ROND POINT),M,"43,2851910","5,4260380",13,2019,50.0,1.0,1.0,4.0,2156563,1.0,1,1,1,1.0,,-1.0, -1,1964.0,B01,138Â 294Â 559,1.0,0.0,-1.0,1646732,1.0,10,,0.0,2.0,8.0,B01,138Â 294Â 559,1.0
964846,201900006377,3,21,18:00,2,2,1,1.0,1.0,13208,PRADO (AVENUE DU),M,"43,2241400","5,3903000",13,2019,50.0,1.0,1.0,4.0,2156564,10.0,3,3,1,0.0,,4.0,3,1949.0,Y01,138Â 294Â 556,8.0,0.0,-1.0,1646733,1.0,0,,0.0,2.0,7.0,Y01,138Â 294Â 556,0.0
964846,201900006377,3,21,18:00,2,2,1,1.0,1.0,13208,PRADO (AVENUE DU),M,"43,2241400","5,3903000",13,2019,50.0,1.0,1.0,4.0,2156564,10.0,3,3,1,0.0,,4.0,3,1949.0,Y01,138Â 294Â 556,8.0,0.0,-1.0,1646734,1.0,33,,0.0,1.0,1.0,A01,138Â 294Â 557,1.0
964846,201900006377,3,21,18:00,2,2,1,1.0,1.0,13208,PRADO (AVENUE DU),M,"43,2241400","5,3903000",13,2019,50.0,1.0,1.0,4.0,2156565,1.0,1,3,1,5.0,,-1.0, -1,1995.0,A01,138Â 294Â 557,2.0,6.0,-1.0,1646733,1.0,0,,0.0,2.0,7.0,Y01,138Â 294Â 556,0.0
964846,201900006377,3,21,18:00,2,2,1,1.0,1.0,13208,PRADO (AVENUE DU),M,"43,2241400","5,3903000",13,2019,50.0,1.0,1.0,4.0,2156565,1.0,1,3,1,5.0,,-1.0, -1,1995.0,A01,138Â 294Â 557,2.0,6.0,-1.0,1646734,1.0,33,,0.0,1.0,1.0,A01,138Â 294Â 557,1.0
964847,201900006378,3,21,17:45,1,2,1,1.0,6.0,13075,PAUL SIRVENT (AVE),M,"43,3400000","5,4600000",13,2019,50.0,1.0,1.0,4.0,2156566,1.0,1,4,1,5.0,,-1.0, -1,1977.0,A01,138Â 294Â 555,1.0,0.0,-1.0,1646735,0.0,7,,8.0,0.0,2.0,A01,138Â 294Â 555,1.0
964847,201900006378,3,21,17:45,1,2,1,1.0,6.0,13075,PAUL SIRVENT (AVE),M,"43,3400000","5,4600000",13,2019,50.0,1.0,1.0,4.0,2156567,2.0,2,1,2,5.0,,-1.0, -1,1976.0,A01,138Â 294Â 555,1.0,0.0,-1.0,1646735,0.0,7,,8.0,0.0,2.0,A01,138Â 294Â 555,1.0
964848,201900006379,3,21,12:58,1,2,3,1.0,3.0,13207,CHARLES LIVON (BOULEVARD),M,"43,2922400","5,3632400",13,2019,50.0,1.0,1.0,4.0,2156568,2.0,2,4,2,4.0,,-1.0, -1,1996.0,A01,138Â 294Â 553,1.0,0.0,-1.0,1646736,2.0,3,,0.0,2.0,1.0,A01,138Â 294Â 553,1.0
964848,201900006379,3,21,12:58,1,2,3,1.0,3.0,13207,CHARLES LIVON (BOULEVARD),M,"43,2922400","5,3632400",13,2019,50.0,1.0,1.0,4.0,2156568,2.0,2,4,2,4.0,,-1.0, -1,1996.0,A01,138Â 294Â 553,1.0,0.0,-1.0,1646737,3.0,3,,0.0,2.0,7.0,B01,138Â 294Â 554,1.0
964848,201900006379,3,21,12:58,1,2,3,1.0,3.0,13207,CHARLES LIVON (BOULEVARD),M,"43,2922400","5,3632400",13,2019,50.0,1.0,1.0,4.0,2156569,1.0,1,4,2,4.0,,-1.0, -1,1999.0,A01,138Â 294Â 553,1.0,0.0,-1.0,1646736,2.0,3,,0.0,2.0,1.0,A01,138Â 294Â 553,1.0
964848,201900006379,3,21,12:58,1,2,3,1.0,3.0,13207,CHARLES LIVON (BOULEVARD),M,"43,2922400","5,3632400",13,2019,50.0,1.0,1.0,4.0,2156569,1.0,1,4,2,4.0,,-1.0, -1,1999.0,A01,138Â 294Â 553,1.0,0.0,-1.0,1646737,3.0,3,,0.0,2.0,7.0,B01,138Â 294Â 554,1.0
964848,201900006379,3,21,12:58,1,2,3,1.0,3.0,13207,CHARLES LIVON (BOULEVARD),M,"43,2922400","5,3632400",13,2019,50.0,1.0,1.0,4.0,2156570,1.0,1,4,1,0.0,,-1.0, -1,1994.0,B01,138Â 294Â 554,1.0,0.0,-1.0,1646736,2.0,3,,0.0,2.0,1.0,A01,138Â 294Â 553,1.0
964848,201900006379,3,21,12:58,1,2,3,1.0,3.0,13207,CHARLES LIVON (BOULEVARD),M,"43,2922400","5,3632400",13,2019,50.0,1.0,1.0,4.0,2156570,1.0,1,4,1,0.0,,-1.0, -1,1994.0,B01,138Â 294Â 554,1.0,0.0,-1.0,1646737,3.0,3,,0.0,2.0,7.0,B01,138Â 294Â 554,1.0
964849,201900006380,3,21,11:50,1,2,3,1.0,3.0,13210,JEAN EUGENE CABASSUD (BOULEVARD),M,"43,2853200","5,4128200",13,2019,50.0,1.0,1.0,4.0,2156571,1.0,1,4,1,1.0,,-1.0, -1,1965.0,B01,138Â 294Â 551,2.0,6.0,-1.0,1646738,2.0,32,,1.0,2.0,1.0,B01,138Â 294Â 551,1.0
964849,201900006380,3,21,11:50,1,2,3,1.0,3.0,13210,JEAN EUGENE CABASSUD (BOULEVARD),M,"43,2853200","5,4128200",13,2019,50.0,1.0,1.0,4.0,2156571,1.0,1,4,1,1.0,,-1.0, -1,1965.0,B01,138Â 294Â 551,2.0,6.0,-1.0,1646739,0.0,30,,0.0,2.0,4.0,A01,138Â 294Â 552,1.0
964849,201900006380,3,21,11:50,1,2,3,1.0,3.0,13210,JEAN EUGENE CABASSUD (BOULEVARD),M,"43,2853200","5,4128200",13,2019,50.0,1.0,1.0,4.0,2156572,1.0,1,3,1,0.0,,-1.0,0,2003.0,A01,138Â 294Â 552,2.0,0.0,-1.0,1646738,2.0,32,,1.0,2.0,1.0,B01,138Â 294Â 551,1.0
964849,201900006380,3,21,11:50,1,2,3,1.0,3.0,13210,JEAN EUGENE CABASSUD (BOULEVARD),M,"43,2853200","5,4128200",13,2019,50.0,1.0,1.0,4.0,2156572,1.0,1,3,1,0.0,,-1.0,0,2003.0,A01,138Â 294Â 552,2.0,0.0,-1.0,1646739,0.0,30,,0.0,2.0,4.0,A01,138Â 294Â 552,1.0