Unnamed: 0_x,num_acc,mois,jour,hrmn,lum,agg,int,atm,col,com,adr,gps,lat,long,dep,annee,vma,situ,surf,catr,Unnamed: 0_y,place,catu,grav,sexe,trajet,secu,locp,actp,an_nais,num_veh_x,id_vehicule_x,secu1,secu2,secu3,Unnamed: 0,senc,catv,occutc,obs,obsm,choc,num_veh_y,id_vehicule_y,motor
964850,201900006381,3,21,08:20,1,2,1,1.0,2.0,13207,Corniche John FitzgÃ©rald Kennedy,M,"43,2844700","5,3497900",13,2019,50.0,1.0,1.0,4.0,2156573,2.0,1,4,1,0.0,,-1.0,0,1995.0,A01,138Â 294Â 549,1.0,0.0,-1.0,1646740,2.0,3,,0.0,2.0,1.0,A01,138Â 294Â 549,1.0
964850,201900006381,3,21,08:20,1,2,1,1.0,2.0,13207,Corniche John FitzgÃ©rald Kennedy,M,"43,2844700","5,3497900",13,2019,50.0,1.0,1.0,4.0,2156573,2.0,1,4,1,0.0,,-1.0,0,1995.0,A01,138Â 294Â 549,1.0,0.0,-1.0,1646741,2.0,7,,0.0,2.0,4.0,B01,138Â 294Â 550,1.0
964851,201900006382,3,21,07:45,2,1,1,1.0,1.0,13002,ALLAUCH A PICHAURIS (CHEMIN),M,"43,3696700","5,5112100",13,2019,70.0,1.0,8.0,3.0,2156574,1.0,1,4,2,1.0,,-1.0, -1,1978.0,A01,138Â 294Â 547,1.0,0.0,-1.0,1646742,1.0,3,,0.0,2.0,1.0,A01,138Â 294Â 547,1.0
964851,201900006382,3,21,07:45,2,1,1,1.0,1.0,13002,ALLAUCH A PICHAURIS (CHEMIN),M,"43,3696700","5,5112100",13,2019,70.0,1.0,8.0,3.0,2156574,1.0,1,4,2,1.0,,-1.0, -1,1978.0,A01,138Â 294Â 547,1.0,0.0,-1.0,1646743,2.0,7,,0.0,2.0,1.0,B01,138Â 294Â 548,3.0
964851,201900006382,3,21,07:45,2,1,1,1.0,1.0,13002,ALLAUCH A PICHAURIS (CHEMIN),M,"43,3696700","5,5112100",13,2019,70.0,1.0,8.0,3.0,2156575,2.0,2,1,2,2.0,,-1.0, -1,2015.0,A01,138Â 294Â 547,1.0,0.0,-1.0,1646742,1.0,3,,0.0,2.0,1.0,A01,138Â 294Â 547,1.0
964851,201900006382,3,21,07:45,2,1,1,1.0,1.0,13002,ALLAUCH A PICHAURIS (CHEMIN),M,"43,3696700","5,5112100",13,2019,70.0,1.0,8.0,3.0,2156575,2.0,2,1,2,2.0,,-1.0, -1,2015.0,A01,138Â 294Â 547,1.0,0.0,-1.0,1646743,2.0,7,,0.0,2.0,1.0,B01,138Â 294Â 548,3.0
964851,201900006382,3,21,07:45,2,1,1,1.0,1.0,13002,ALLAUCH A PICHAURIS (CHEMIN),M,"43,3696700","5,5112100",13,2019,70.0,1.0,8.0,3.0,2156576,1.0,1,4,1,1.0,,-1.0, -1,1983.0,B01,138Â 294Â 548,1.0,0.0,-1.0,1646742,1.0,3,,0.0,2.0,1.0,A01,138Â 294Â 547,1.0
964851,201900006382,3,21,07:45,2,1,1,1.0,1.0,13002,ALLAUCH A PICHAURIS (CHEMIN),M,"43,3696700","5,5112100",13,2019,70.0,1.0,8.0,3.0,2156576,1.0,1,4,1,1.0,,-1.0, -1,1983.0,B01,138Â 294Â 548,1.0,0.0,-1.0,1646743,2.0,7,,0.0,2.0,1.0,B01,138Â 294Â 548,3.0
964852,201900006383,3,21,00:10,5,2,6,1.0,6.0,13208,HENRI FRENAY (ROND-POINT),M,"43,2543400","5,3760000",13,2019,50.0,1.0,1.0,4.0,2156577,1.0,1,4,1,4.0,,-1.0, -1,1979.0,B01,138Â 294Â 545,2.0,6.0,-1.0,1646744,3.0,2,,0.0,2.0,1.0,B01,138Â 294Â 545,1.0
964852,201900006383,3,21,00:10,5,2,6,1.0,6.0,13208,HENRI FRENAY (ROND-POINT),M,"43,2543400","5,3760000",13,2019,50.0,1.0,1.0,4.0,2156577,1.0,1,4,1,4.0,,-1.0, -1,1979.0,B01,138Â 294Â 545,2.0,6.0,-1.0,1646745,2.0,7,,0.0,2.0,3.0,A01,138Â 294Â 546,1.0
964852,201900006383,3,21,00:10,5,2,6,1.0,6.0,13208,HENRI FRENAY (ROND-POINT),M,"43,2543400","5,3760000",13,2019,50.0,1.0,1.0,4.0,2156578,1.0,1,1,2,5.0,,-1.0, -1,1991.0,A01,138Â 294Â 546,1.0,0.0,-1.0,1646744,3.0,2,,0.0,2.0,1.0,B01,138Â 294Â 545,1.0
964852,201900006383,3,21,00:10,5,2,6,1.0,6.0,13208,HENRI FRENAY (ROND-POINT),M,"43,2543400","5,3760000",13,2019,50.0,1.0,1.0,4.0,2156578,1.0,1,1,2,5.0,,-1.0, -1,1991.0,A01,138Â 294Â 546,1.0,0.0,-1.0,1646745,2.0,7,,0.0,2.0,3.0,A01,138Â 294Â 546,1.0
964853,201900006384,3,20,18:45,5,2,1,1.0,3.0,13212,SAINT JULIEN (AVENUE DE ),M,"43,3065400","5,4208800",13,2019,50.0,1.0,1.0,4.0,2156579,1.0,1,4,1,4.0,,-1.0, -1,1929.0,B01,138Â 294Â 543,2.0,6.0,-1.0,1646746,2.0,32,,0.0,2.0,1.0,B01,138Â 294Â 543,1.0
964853,201900006384,3,20,18:45,5,2,1,1.0,3.0,13212,SAINT JULIEN (AVENUE DE ),M,"43,3065400","5,4208800",13,2019,50.0,1.0,1.0,4.0,2156579,1.0,1,4,1,4.0,,-1.0, -1,1929.0,B01,138Â 294Â 543,2.0,6.0,-1.0,1646747,2.0,7,,0.0,2.0,3.0,A01,138Â 294Â 544,1.0
964853,201900006384,3,20,18:45,5,2,1,1.0,3.0,13212,SAINT JULIEN (AVENUE DE ),M,"43,3065400","5,4208800",13,2019,50.0,1.0,1.0,4.0,2156580,1.0,1,1,2,3.0,,-1.0, -1,1986.0,A01,138Â 294Â 544,1.0,8.0,-1.0,1646746,2.0,32,,0.0,2.0,1.0,B01,138Â 294Â 543,1.0
964853,201900006384,3,20,18:45,5,2,1,1.0,3.0,13212,SAINT JULIEN (AVENUE DE ),M,"43,3065400","5,4208800",13,2019,50.0,1.0,1.0,4.0,2156580,1.0,1,1,2,3.0,,-1.0, -1,1986.0,A01,138Â 294Â 544,1.0,8.0,-1.0,1646747,2.0,7,,0.0,2.0,3.0,A01,138Â 294Â 544,1.0
964854,201900006385,3,10,19:45,5,2,9,1.0,6.0,13214,PLOMBIERES (BOULEVARD DES),M,"43,3148000","5,3880700",13,2019,50.0,1.0,1.0,4.0,2156581,1.0,1,1,2,0.0,,-1.0, -1,1957.0,A01,138Â 294Â 542,1.0,0.0,-1.0,1646748,3.0,10,,0.0,1.0,1.0,A01,138Â 294Â 542,1.0
964854,201900006385,3,10,19:45,5,2,9,1.0,6.0,13214,PLOMBIERES (BOULEVARD DES),M,"43,3148000","5,3880700",13,2019,50.0,1.0,1.0,4.0,2156582,10.0,3,4,1,0.0,,3.0,3,1974.0,A01,138Â 294Â 542,8.0,0.0,-1.0,1646748,3.0,10,,0.0,1.0,1.0,A01,138Â 294Â 542,1.0
964855,201900006386,3,20,12:45,1,2,1,1.0,6.0,13208,SCHLOESING (BOULEVARD),M,"43,2716300","5,4016500",13,2019,50.0,1.0,1.0,4.0,2156583,2.0,2,3,1,5.0,,-1.0,0,2001.0,Z01,138Â 294Â 541,2.0,8.0,-1.0,1646749,0.0,32,,0.0,0.0,0.0,Z01,138Â 294Â 541,1.0
964856,201900006387,3,20,10:20,1,2,1,1.0,2.0,13210,SCHLOESING (BOULEVARD),M,"43,2700000","5,3900000",13,2019,50.0,1.0,1.0,4.0,2156584,1.0,1,4,2,5.0,,-1.0, -1,1975.0,B01,138Â 294Â 539,1.0,8.0,-1.0,1646750,2.0,7,,0.0,2.0,4.0,B01,138Â 294Â 539,1.0
964856,201900006387,3,20,10:20,1,2,1,1.0,2.0,13210,SCHLOESING (BOULEVARD),M,"43,2700000","5,3900000",13,2019,50.0,1.0,1.0,4.0,2156584,1.0,1,4,2,5.0,,-1.0, -1,1975.0,B01,138Â 294Â 539,1.0,8.0,-1.0,1646751,2.0,7,,0.0,2.0,1.0,A01,138Â 294Â 540,1.0
964856,201900006387,3,20,10:20,1,2,1,1.0,2.0,13210,SCHLOESING (BOULEVARD),M,"43,2700000","5,3900000",13,2019,50.0,1.0,1.0,4.0,2156585,1.0,1,1,1,5.0,,-1.0, -1,1943.0,A01,138Â 294Â 540,1.0,8.0,-1.0,1646750,2.0,7,,0.0,2.0,4.0,B01,138Â 294Â 539,1.0
964856,201900006387,3,20,10:20,1,2,1,1.0,2.0,13210,SCHLOESING (BOULEVARD),M,"43,2700000","5,3900000",13,2019,50.0,1.0,1.0,4.0,2156585,1.0,1,1,1,5.0,,-1.0, -1,1943.0,A01,138Â 294Â 540,1.0,8.0,-1.0,1646751,2.0,7,,0.0,2.0,1.0,A01,138Â 294Â 540,1.0
964857,201900006388,3,20,08:45,1,2,3,1.0,6.0,13075,FREDERIC MISTRAL (AVE),M,"43,3508160","5,4713740",13,2019,50.0,1.0,1.0,4.0,2156586,10.0,3,3,1,5.0,,3.0,3,1900.0,A01,138Â 294Â 538,8.0,0.0,-1.0,1646752,2.0,7,,0.0,1.0,0.0,A01,138Â 294Â 538,0.0
964857,201900006388,3,20,08:45,1,2,3,1.0,6.0,13075,FREDERIC MISTRAL (AVE),M,"43,3508160","5,4713740",13,2019,50.0,1.0,1.0,4.0,2156587,1.0,1,1,2,0.0,,-1.0,0,1900.0,A01,138Â 294Â 538,8.0,0.0,-1.0,1646752,2.0,7,,0.0,1.0,0.0,A01,138Â 294Â 538,0.0
964858,201900006389,3,19,10:35,1,2,1,1.0,2.0,13211,SAINT MARCEL (BOULEVARD DE ),M,"43,2885020","5,4623940",13,2019,50.0,1.0,1.0,4.0,2156588,1.0,1,4,1,5.0,,-1.0,0,1955.0,A01,138Â 294Â 536,1.0,0.0,-1.0,1646753,2.0,7,,0.0,2.0,4.0,A01,138Â 294Â 536,0.0
964858,201900006389,3,19,10:35,1,2,1,1.0,2.0,13211,SAINT MARCEL (BOULEVARD DE ),M,"43,2885020","5,4623940",13,2019,50.0,1.0,1.0,4.0,2156588,1.0,1,4,1,5.0,,-1.0,0,1955.0,A01,138Â 294Â 536,1.0,0.0,-1.0,1646754,2.0,7,,0.0,2.0,0.0,Z01,138Â 294Â 537,0.0
964859,201900006390,3,19,05:35,5,2,1,1.0,3.0,13209,MICHELET (BOULEVARD),M,"43,2615010","5,3976110",13,2019,50.0,1.0,1.0,4.0,2156589,1.0,1,3,1,5.0,,-1.0,0,1986.0,A01,138Â 294Â 534,1.0,8.0,-1.0,1646755,2.0,7,,0.0,2.0,1.0,A01,138Â 294Â 534,1.0
964859,201900006390,3,19,05:35,5,2,1,1.0,3.0,13209,MICHELET (BOULEVARD),M,"43,2615010","5,3976110",13,2019,50.0,1.0,1.0,4.0,2156589,1.0,1,3,1,5.0,,-1.0,0,1986.0,A01,138Â 294Â 534,1.0,8.0,-1.0,1646756,3.0,7,,0.0,2.0,8.0,B01,138Â 294Â 535,1.0
964859,201900006390,3,19,05:35,5,2,1,1.0,3.0,13209,MICHELET (BOULEVARD),M,"43,2615010","5,3976110",13,2019,50.0,1.0,1.0,4.0,2156590,2.0,2,4,1,5.0,,-1.0, -1,1988.0,A01,138Â 294Â 534,1.0,8.0,-1.0,1646755,2.0,7,,0.0,2.0,1.0,A01,138Â 294Â 534,1.0
964859,201900006390,3,19,05:35,5,2,1,1.0,3.0,13209,MICHELET (BOULEVARD),M,"43,2615010","5,3976110",13,2019,50.0,1.0,1.0,4.0,2156590,2.0,2,4,1,5.0,,-1.0, -1,1988.0,A01,138Â 294Â 534,1.0,8.0,-1.0,1646756,3.0,7,,0.0,2.0,8.0,B01,138Â 294Â 535,1.0
964859,201900006390,3,19,05:35,5,2,1,1.0,3.0,13209,MICHELET (BOULEVARD),M,"43,2615010","5,3976110",13,2019,50.0,1.0,1.0,4.0,2156591,1.0,1,3,1,1.0,,-1.0, -1,1967.0,B01,138Â 294Â 535,1.0,8.0,-1.0,1646755,2.0,7,,0.0,2.0,1.0,A01,138Â 294Â 534,1.0
964859,201900006390,3,19,05:35,5,2,1,1.0,3.0,13209,MICHELET (BOULEVARD),M,"43,2615010","5,3976110",13,2019,50.0,1.0,1.0,4.0,2156591,1.0,1,3,1,1.0,,-1.0, -1,1967.0,B01,138Â 294Â 535,1.0,8.0,-1.0,1646756,3.0,7,,0.0,2.0,8.0,B01,138Â 294Â 535,1.0
964860,201900006391,3,19,08:00,1,2,2,1.0,1.0,13201,FLAMMARION (BOULEVARD)     1 A 65,M,"43,3048300","5,3905200",13,2019,50.0,1.0,1.0,4.0,2156592,1.0,1,1,2,0.0,,-1.0,0,1995.0,A01,138Â 294Â 532,1.0,0.0,-1.0,1646757,1.0,7,,0.0,2.0,1.0,A01,138Â 294Â 532,1.0
964860,201900006391,3,19,08:00,1,2,2,1.0,1.0,13201,FLAMMARION (BOULEVARD)     1 A 65,M,"43,3048300","5,3905200",13,2019,50.0,1.0,1.0,4.0,2156592,1.0,1,1,2,0.0,,-1.0,0,1995.0,A01,138Â 294Â 532,1.0,0.0,-1.0,1646758,2.0,32,,0.0,2.0,1.0,B01,138Â 294Â 533,0.0
964860,201900006391,3,19,08:00,1,2,2,1.0,1.0,13201,FLAMMARION (BOULEVARD)     1 A 65,M,"43,3048300","5,3905200",13,2019,50.0,1.0,1.0,4.0,2156593,1.0,1,4,1,0.0,,-1.0,0,1960.0,B01,138Â 294Â 533,2.0,0.0,-1.0,1646757,1.0,7,,0.0,2.0,1.0,A01,138Â 294Â 532,1.0
964860,201900006391,3,19,08:00,1,2,2,1.0,1.0,13201,FLAMMARION (BOULEVARD)     1 A 65,M,"43,3048300","5,3905200",13,2019,50.0,1.0,1.0,4.0,2156593,1.0,1,4,1,0.0,,-1.0,0,1960.0,B01,138Â 294Â 533,2.0,0.0,-1.0,1646758,2.0,32,,0.0,2.0,1.0,B01,138Â 294Â 533,0.0
964861,201900006392,3,18,18:20,1,2,9,1.0,5.0,13212,FERNANDEL (AVENUE),M,"43,3122990","5,4522650",13,2019,30.0,1.0,1.0,4.0,2156594,1.0,1,1,1,1.0,,-1.0,0,1981.0,A01,138Â 294Â 529,1.0,0.0,-1.0,1646759,1.0,7,,0.0,2.0,3.0,A01,138Â 294Â 529,1.0
964861,201900006392,3,18,18:20,1,2,9,1.0,5.0,13212,FERNANDEL (AVENUE),M,"43,3122990","5,4522650",13,2019,30.0,1.0,1.0,4.0,2156594,1.0,1,1,1,1.0,,-1.0,0,1981.0,A01,138Â 294Â 529,1.0,0.0,-1.0,1646760,2.0,7,,0.0,2.0,3.0,C01,138Â 294Â 530,1.0
964861,201900006392,3,18,18:20,1,2,9,1.0,5.0,13212,FERNANDEL (AVENUE),M,"43,3122990","5,4522650",13,2019,30.0,1.0,1.0,4.0,2156594,1.0,1,1,1,1.0,,-1.0,0,1981.0,A01,138Â 294Â 529,1.0,0.0,-1.0,1646761,1.0,2,,0.0,2.0,7.0,B01,138Â 294Â 531,1.0
964861,201900006392,3,18,18:20,1,2,9,1.0,5.0,13212,FERNANDEL (AVENUE),M,"43,3122990","5,4522650",13,2019,30.0,1.0,1.0,4.0,2156595,1.0,1,1,1,1.0,,-1.0,0,1979.0,C01,138Â 294Â 530,1.0,0.0,-1.0,1646759,1.0,7,,0.0,2.0,3.0,A01,138Â 294Â 529,1.0
964861,201900006392,3,18,18:20,1,2,9,1.0,5.0,13212,FERNANDEL (AVENUE),M,"43,3122990","5,4522650",13,2019,30.0,1.0,1.0,4.0,2156595,1.0,1,1,1,1.0,,-1.0,0,1979.0,C01,138Â 294Â 530,1.0,0.0,-1.0,1646760,2.0,7,,0.0,2.0,3.0,C01,138Â 294Â 530,1.0
964861,201900006392,3,18,18:20,1,2,9,1.0,5.0,13212,FERNANDEL (AVENUE),M,"43,3122990","5,4522650",13,2019,30.0,1.0,1.0,4.0,2156595,1.0,1,1,1,1.0,,-1.0,0,1979.0,C01,138Â 294Â 530,1.0,0.0,-1.0,1646761,1.0,2,,0.0,2.0,7.0,B01,138Â 294Â 531,1.0
964861,201900006392,3,18,18:20,1,2,9,1.0,5.0,13212,FERNANDEL (AVENUE),M,"43,3122990","5,4522650",13,2019,30.0,1.0,1.0,4.0,2156596,1.0,1,4,1,9.0,,-1.0,0,2000.0,B01,138Â 294Â 531,2.0,0.0,-1.0,1646759,1.0,7,,0.0,2.0,3.0,A01,138Â 294Â 529,1.0
964861,201900006392,3,18,18:20,1,2,9,1.0,5.0,13212,FERNANDEL (AVENUE),M,"43,3122990","5,4522650",13,2019,30.0,1.0,1.0,4.0,2156596,1.0,1,4,1,9.0,,-1.0,0,2000.0,B01,138Â 294Â 531,2.0,0.0,-1.0,1646760,2.0,7,,0.0,2.0,3.0,C01,138Â 294Â 530,1.0
964861,201900006392,3,18,18:20,1,2,9,1.0,5.0,13212,FERNANDEL (AVENUE),M,"43,3122990","5,4522650",13,2019,30.0,1.0,1.0,4.0,2156596,1.0,1,4,1,9.0,,-1.0,0,2000.0,B01,138Â 294Â 531,2.0,0.0,-1.0,1646761,1.0,2,,0.0,2.0,7.0,B01,138Â 294Â 531,1.0
964862,201900006393,3,25,09:00,1,2,2,1.0,3.0,13063,VOLTAIRES RUE,M,"43,5836200","4,9993900",13,2019,50.0,1.0,1.0,7.0,2156597,1.0,1,1,1,4.0,,-1.0, -1,1959.0,B01,138Â 294Â 527,1.0,0.0,-1.0,1646762,3.0,20,,0.0,2.0,3.0,B01,138Â 294Â 527,1.0
964862,201900006393,3,25,09:00,1,2,2,1.0,3.0,13063,VOLTAIRES RUE,M,"43,5836200","4,9993900",13,2019,50.0,1.0,1.0,7.0,2156597,1.0,1,1,1,4.0,,-1.0, -1,1959.0,B01,138Â 294Â 527,1.0,0.0,-1.0,1646763,3.0,99,,0.0,2.0,2.0,A01,138Â 294Â 528,1.0
964862,201900006393,3,25,09:00,1,2,2,1.0,3.0,13063,VOLTAIRES RUE,M,"43,5836200","4,9993900",13,2019,50.0,1.0,1.0,7.0,2156598,1.0,1,4,1,0.0,,-1.0, -1,1970.0,A01,138Â 294Â 528,1.0,0.0,-1.0,1646762,3.0,20,,0.0,2.0,3.0,B01,138Â 294Â 527,1.0
964862,201900006393,3,25,09:00,1,2,2,1.0,3.0,13063,VOLTAIRES RUE,M,"43,5836200","4,9993900",13,2019,50.0,1.0,1.0,7.0,2156598,1.0,1,4,1,0.0,,-1.0, -1,1970.0,A01,138Â 294Â 528,1.0,0.0,-1.0,1646763,3.0,99,,0.0,2.0,2.0,A01,138Â 294Â 528,1.0
964863,201900006394,3,21,11:11,1,2,9,1.0,3.0,13063,DANIEL PAUL AVENUE,M,"43,5856100","5,0100300",13,2019,50.0,1.0,1.0,4.0,2156599,1.0,1,4,1,9.0,,-1.0, -1,1999.0,B01,138Â 294Â 525,2.0,8.0,-1.0,1646764,3.0,31,,0.0,2.0,8.0,B01,138Â 294Â 525,1.0
964863,201900006394,3,21,11:11,1,2,9,1.0,3.0,13063,DANIEL PAUL AVENUE,M,"43,5856100","5,0100300",13,2019,50.0,1.0,1.0,4.0,2156599,1.0,1,4,1,9.0,,-1.0, -1,1999.0,B01,138Â 294Â 525,2.0,8.0,-1.0,1646765,3.0,7,,0.0,6.0,3.0,A01,138Â 294Â 526,1.0
964863,201900006394,3,21,11:11,1,2,9,1.0,3.0,13063,DANIEL PAUL AVENUE,M,"43,5856100","5,0100300",13,2019,50.0,1.0,1.0,4.0,2156600,2.0,2,3,2,9.0,,-1.0, -1,1999.0,B01,138Â 294Â 525,2.0,6.0,-1.0,1646764,3.0,31,,0.0,2.0,8.0,B01,138Â 294Â 525,1.0
964863,201900006394,3,21,11:11,1,2,9,1.0,3.0,13063,DANIEL PAUL AVENUE,M,"43,5856100","5,0100300",13,2019,50.0,1.0,1.0,4.0,2156600,2.0,2,3,2,9.0,,-1.0, -1,1999.0,B01,138Â 294Â 525,2.0,6.0,-1.0,1646765,3.0,7,,0.0,6.0,3.0,A01,138Â 294Â 526,1.0
964863,201900006394,3,21,11:11,1,2,9,1.0,3.0,13063,DANIEL PAUL AVENUE,M,"43,5856100","5,0100300",13,2019,50.0,1.0,1.0,4.0,2156601,1.0,1,1,1,9.0,,-1.0, -1,1998.0,A01,138Â 294Â 526,1.0,0.0,-1.0,1646764,3.0,31,,0.0,2.0,8.0,B01,138Â 294Â 525,1.0
964863,201900006394,3,21,11:11,1,2,9,1.0,3.0,13063,DANIEL PAUL AVENUE,M,"43,5856100","5,0100300",13,2019,50.0,1.0,1.0,4.0,2156601,1.0,1,1,1,9.0,,-1.0, -1,1998.0,A01,138Â 294Â 526,1.0,0.0,-1.0,1646765,3.0,7,,0.0,6.0,3.0,A01,138Â 294Â 526,1.0
964864,201900006395,3,19,18:10,1,2,1,1.0,6.0,13028,RIPERT (AVENUE EMILE),M,"43,1911100","5,6177000",13,2019,50.0,1.0,1.0,4.0,2156602,10.0,3,3,2,0.0,,3.0,3,1965.0,A01,138Â 294Â 524,8.0,0.0,-1.0,1646766,1.0,7,,0.0,1.0,3.0,A01,138Â 294Â 524,1.0
964864,201900006395,3,19,18:10,1,2,1,1.0,6.0,13028,RIPERT (AVENUE EMILE),M,"43,1911100","5,6177000",13,2019,50.0,1.0,1.0,4.0,2156603,1.0,1,1,2,5.0,,-1.0, -1,1950.0,A01,138Â 294Â 524,1.0,8.0,-1.0,1646766,1.0,7,,0.0,1.0,3.0,A01,138Â 294Â 524,1.0
964865,201900006396,3,20,18:10,1,2,1,1.0,6.0,13005,RN 8,M,"43,2868766","5,5850856",13,2019,50.0,1.0,1.0,2.0,2156604,1.0,1,4,1,0.0,,-1.0, -1,1979.0,B01,138Â 294Â 522,2.0,6.0,-1.0,1646767,1.0,32,,0.0,2.0,7.0,B01,138Â 294Â 522,1.0
964865,201900006396,3,20,18:10,1,2,1,1.0,6.0,13005,RN 8,M,"43,2868766","5,5850856",13,2019,50.0,1.0,1.0,2.0,2156604,1.0,1,4,1,0.0,,-1.0, -1,1979.0,B01,138Â 294Â 522,2.0,6.0,-1.0,1646768,1.0,7,,0.0,2.0,3.0,A01,138Â 294Â 523,1.0
964865,201900006396,3,20,18:10,1,2,1,1.0,6.0,13005,RN 8,M,"43,2868766","5,5850856",13,2019,50.0,1.0,1.0,2.0,2156605,1.0,1,1,2,0.0,,-1.0, -1,1944.0,A01,138Â 294Â 523,1.0,0.0,-1.0,1646767,1.0,32,,0.0,2.0,7.0,B01,138Â 294Â 522,1.0
964865,201900006396,3,20,18:10,1,2,1,1.0,6.0,13005,RN 8,M,"43,2868766","5,5850856",13,2019,50.0,1.0,1.0,2.0,2156605,1.0,1,1,2,0.0,,-1.0, -1,1944.0,A01,138Â 294Â 523,1.0,0.0,-1.0,1646768,1.0,7,,0.0,2.0,3.0,A01,138Â 294Â 523,1.0
964866,201900006397,3,23,19:05,2,2,1,1.0,6.0,13001,SOLARI PHILIPPE (AV),M,"43,5381500","5,4439400",13,2019,30.0,1.0,1.0,4.0,2156606,1.0,1,4,1,5.0,,-1.0, -1,2003.0,A01,138Â 294Â 521,8.0,0.0,-1.0,1646769,2.0,30,,0.0,0.0,0.0,A01,138Â 294Â 521,0.0
964866,201900006397,3,23,19:05,2,2,1,1.0,6.0,13001,SOLARI PHILIPPE (AV),M,"43,5381500","5,4439400",13,2019,30.0,1.0,1.0,4.0,2156607,2.0,2,3,1,5.0,,-1.0, -1,2003.0,A01,138Â 294Â 521,8.0,0.0,-1.0,1646769,2.0,30,,0.0,0.0,0.0,A01,138Â 294Â 521,0.0
964866,201900006397,3,23,19:05,2,2,1,1.0,6.0,13001,SOLARI PHILIPPE (AV),M,"43,5381500","5,4439400",13,2019,30.0,1.0,1.0,4.0,2156608,2.0,2,4,1,5.0,,-1.0, -1,2002.0,A01,138Â 294Â 521,8.0,0.0,-1.0,1646769,2.0,30,,0.0,0.0,0.0,A01,138Â 294Â 521,0.0
964867,201900006398,3,22,12:25,1,1,6,1.0,6.0,11262,RD 6009 NARBONNE - PERPIGNAN,M,"43,1448900","2,9753500",11,2019,80.0,1.0,1.0,2.0,2156609,1.0,1,4,1,4.0,,0.0,0,1953.0,A01,138Â 294Â 518,1.0,0.0,-1.0,1646770,1.0,15,,9.0,0.0,0.0,A01,138Â 294Â 518,1.0
964868,201900006399,3,24,19:10,2,2,2,1.0,1.0,10081,HELENE BOUCHER (RUE),M,"48,3080000","4,0401000",10,2019,50.0,1.0,1.0,4.0,2156610,1.0,1,4,2,5.0,,-1.0, -1,2008.0,B01,138Â 294Â 515,8.0,0.0,-1.0,1646771,3.0,1,,0.0,2.0,1.0,B01,138Â 294Â 515,5.0
964868,201900006399,3,24,19:10,2,2,2,1.0,1.0,10081,HELENE BOUCHER (RUE),M,"48,3080000","4,0401000",10,2019,50.0,1.0,1.0,4.0,2156610,1.0,1,4,2,5.0,,-1.0, -1,2008.0,B01,138Â 294Â 515,8.0,0.0,-1.0,1646772,3.0,7,,0.0,1.0,1.0,A01,138Â 294Â 516,1.0
964868,201900006399,3,24,19:10,2,2,2,1.0,1.0,10081,HELENE BOUCHER (RUE),M,"48,3080000","4,0401000",10,2019,50.0,1.0,1.0,4.0,2156611,2.0,2,4,1,5.0,,-1.0, -1,2011.0,B01,138Â 294Â 515,8.0,0.0,-1.0,1646771,3.0,1,,0.0,2.0,1.0,B01,138Â 294Â 515,5.0
964868,201900006399,3,24,19:10,2,2,2,1.0,1.0,10081,HELENE BOUCHER (RUE),M,"48,3080000","4,0401000",10,2019,50.0,1.0,1.0,4.0,2156611,2.0,2,4,1,5.0,,-1.0, -1,2011.0,B01,138Â 294Â 515,8.0,0.0,-1.0,1646772,3.0,7,,0.0,1.0,1.0,A01,138Â 294Â 516,1.0
964868,201900006399,3,24,19:10,2,2,2,1.0,1.0,10081,HELENE BOUCHER (RUE),M,"48,3080000","4,0401000",10,2019,50.0,1.0,1.0,4.0,2156612,1.0,1,1,1,5.0,,-1.0, -1,1963.0,A01,138Â 294Â 516,8.0,0.0,-1.0,1646771,3.0,1,,0.0,2.0,1.0,B01,138Â 294Â 515,5.0
964868,201900006399,3,24,19:10,2,2,2,1.0,1.0,10081,HELENE BOUCHER (RUE),M,"48,3080000","4,0401000",10,2019,50.0,1.0,1.0,4.0,2156612,1.0,1,1,1,5.0,,-1.0, -1,1963.0,A01,138Â 294Â 516,8.0,0.0,-1.0,1646772,3.0,7,,0.0,1.0,1.0,A01,138Â 294Â 516,1.0
964869,201900006400,3,22,22:50,5,2,1,1.0,4.0,10387,CHOMEDEY DE MAISONNEUVE (AVE),M,"48,3048200","4,0721100",10,2019,50.0,1.0,1.0,7.0,2156613,1.0,1,4,1,0.0,,-1.0, -1,2001.0,B01,138Â 294Â 512,2.0,0.0,-1.0,1646773,1.0,2,,0.0,2.0,4.0,B01,138Â 294Â 512,0.0
964869,201900006400,3,22,22:50,5,2,1,1.0,4.0,10387,CHOMEDEY DE MAISONNEUVE (AVE),M,"48,3048200","4,0721100",10,2019,50.0,1.0,1.0,7.0,2156613,1.0,1,4,1,0.0,,-1.0, -1,2001.0,B01,138Â 294Â 512,2.0,0.0,-1.0,1646774,1.0,7,,0.0,2.0,4.0,C01,138Â 294Â 513,0.0
964869,201900006400,3,22,22:50,5,2,1,1.0,4.0,10387,CHOMEDEY DE MAISONNEUVE (AVE),M,"48,3048200","4,0721100",10,2019,50.0,1.0,1.0,7.0,2156613,1.0,1,4,1,0.0,,-1.0, -1,2001.0,B01,138Â 294Â 512,2.0,0.0,-1.0,1646775,1.0,7,,0.0,2.0,1.0,A01,138Â 294Â 514,0.0
964869,201900006400,3,22,22:50,5,2,1,1.0,4.0,10387,CHOMEDEY DE MAISONNEUVE (AVE),M,"48,3048200","4,0721100",10,2019,50.0,1.0,1.0,7.0,2156614,1.0,1,1,1,0.0,,-1.0, -1,1983.0,C01,138Â 294Â 513,1.0,0.0,-1.0,1646773,1.0,2,,0.0,2.0,4.0,B01,138Â 294Â 512,0.0