Unnamed: 0_x,num_acc,mois,jour,hrmn,lum,agg,int,atm,col,com,adr,gps,lat,long,dep,annee,vma,situ,surf,catr,Unnamed: 0_y,place,catu,grav,sexe,trajet,secu,locp,actp,an_nais,num_veh_x,id_vehicule_x,secu1,secu2,secu3,Unnamed: 0,senc,catv,occutc,obs,obsm,choc,num_veh_y,id_vehicule_y,motor
964869,201900006400,3,22,22:50,5,2,1,1.0,4.0,10387,CHOMEDEY DE MAISONNEUVE (AVE),M,"48,3048200","4,0721100",10,2019,50.0,1.0,1.0,7.0,2156614,1.0,1,1,1,0.0,,-1.0, -1,1983.0,C01,138Â 294Â 513,1.0,0.0,-1.0,1646774,1.0,7,,0.0,2.0,4.0,C01,138Â 294Â 513,0.0
964869,201900006400,3,22,22:50,5,2,1,1.0,4.0,10387,CHOMEDEY DE MAISONNEUVE (AVE),M,"48,3048200","4,0721100",10,2019,50.0,1.0,1.0,7.0,2156614,1.0,1,1,1,0.0,,-1.0, -1,1983.0,C01,138Â 294Â 513,1.0,0.0,-1.0,1646775,1.0,7,,0.0,2.0,1.0,A01,138Â 294Â 514,0.0
964869,201900006400,3,22,22:50,5,2,1,1.0,4.0,10387,CHOMEDEY DE MAISONNEUVE (AVE),M,"48,3048200","4,0721100",10,2019,50.0,1.0,1.0,7.0,2156615,2.0,2,1,1,5.0,,-1.0,0,1997.0,A01,138Â 294Â 514,1.0,0.0,-1.0,1646773,1.0,2,,0.0,2.0,4.0,B01,138Â 294Â 512,0.0
964869,201900006400,3,22,22:50,5,2,1,1.0,4.0,10387,CHOMEDEY DE MAISONNEUVE (AVE),M,"48,3048200","4,0721100",10,2019,50.0,1.0,1.0,7.0,2156615,2.0,2,1,1,5.0,,-1.0,0,1997.0,A01,138Â 294Â 514,1.0,0.0,-1.0,1646774,1.0,7,,0.0,2.0,4.0,C01,138Â 294Â 513,0.0
964869,201900006400,3,22,22:50,5,2,1,1.0,4.0,10387,CHOMEDEY DE MAISONNEUVE (AVE),M,"48,3048200","4,0721100",10,2019,50.0,1.0,1.0,7.0,2156615,2.0,2,1,1,5.0,,-1.0,0,1997.0,A01,138Â 294Â 514,1.0,0.0,-1.0,1646775,1.0,7,,0.0,2.0,1.0,A01,138Â 294Â 514,0.0
964869,201900006400,3,22,22:50,5,2,1,1.0,4.0,10387,CHOMEDEY DE MAISONNEUVE (AVE),M,"48,3048200","4,0721100",10,2019,50.0,1.0,1.0,7.0,2156616,1.0,1,1,1,5.0,,-1.0,0,1996.0,A01,138Â 294Â 514,1.0,0.0,-1.0,1646773,1.0,2,,0.0,2.0,4.0,B01,138Â 294Â 512,0.0
964869,201900006400,3,22,22:50,5,2,1,1.0,4.0,10387,CHOMEDEY DE MAISONNEUVE (AVE),M,"48,3048200","4,0721100",10,2019,50.0,1.0,1.0,7.0,2156616,1.0,1,1,1,5.0,,-1.0,0,1996.0,A01,138Â 294Â 514,1.0,0.0,-1.0,1646774,1.0,7,,0.0,2.0,4.0,C01,138Â 294Â 513,0.0
964869,201900006400,3,22,22:50,5,2,1,1.0,4.0,10387,CHOMEDEY DE MAISONNEUVE (AVE),M,"48,3048200","4,0721100",10,2019,50.0,1.0,1.0,7.0,2156616,1.0,1,1,1,5.0,,-1.0,0,1996.0,A01,138Â 294Â 514,1.0,0.0,-1.0,1646775,1.0,7,,0.0,2.0,1.0,A01,138Â 294Â 514,0.0
964870,201900006401,3,22,17:53,1,2,6,1.0,3.0,10081,JEAN MOULIN (RUE),M,"48,3049800","4,0267100",10,2019,50.0,1.0,1.0,4.0,2156617,1.0,1,1,2,0.0,,-1.0,0,1982.0,A01,138Â 294Â 510,1.0,8.0,-1.0,1646776,3.0,7,,0.0,1.0,1.0,A01,138Â 294Â 510,1.0
964870,201900006401,3,22,17:53,1,2,6,1.0,3.0,10081,JEAN MOULIN (RUE),M,"48,3049800","4,0267100",10,2019,50.0,1.0,1.0,4.0,2156617,1.0,1,1,2,0.0,,-1.0,0,1982.0,A01,138Â 294Â 510,1.0,8.0,-1.0,1646777,3.0,99,,0.0,2.0,1.0,B01,138Â 294Â 511,3.0
964870,201900006401,3,22,17:53,1,2,6,1.0,3.0,10081,JEAN MOULIN (RUE),M,"48,3049800","4,0267100",10,2019,50.0,1.0,1.0,4.0,2156618,1.0,1,4,1,0.0,,0.0,0,1974.0,B01,138Â 294Â 511,8.0,0.0,-1.0,1646776,3.0,7,,0.0,1.0,1.0,A01,138Â 294Â 510,1.0
964870,201900006401,3,22,17:53,1,2,6,1.0,3.0,10081,JEAN MOULIN (RUE),M,"48,3049800","4,0267100",10,2019,50.0,1.0,1.0,4.0,2156618,1.0,1,4,1,0.0,,0.0,0,1974.0,B01,138Â 294Â 511,8.0,0.0,-1.0,1646777,3.0,99,,0.0,2.0,1.0,B01,138Â 294Â 511,3.0
964871,201900006402,3,22,17:14,1,2,1,1.0,6.0,10081,ROCADE OUEST (RD 610),M,"48,3049800","4,0267100",10,2019,110.0,2.0,1.0,3.0,2156619,2.0,2,4,2,0.0,,-1.0,0,2011.0,A01,138Â 294Â 509,1.0,8.0,-1.0,1646778,1.0,7,,0.0,0.0,1.0,A01,138Â 294Â 509,1.0
964871,201900006402,3,22,17:14,1,2,1,1.0,6.0,10081,ROCADE OUEST (RD 610),M,"48,3049800","4,0267100",10,2019,110.0,2.0,1.0,3.0,2156620,1.0,1,1,2,0.0,,-1.0,0,1985.0,A01,138Â 294Â 509,1.0,8.0,-1.0,1646778,1.0,7,,0.0,0.0,1.0,A01,138Â 294Â 509,1.0
964872,201900006403,3,22,10:40,1,2,1,1.0,1.0,10357,HENRI BARBUSSE (RUE),M,"48,3014000","4,1055000",10,2019,50.0,1.0,1.0,4.0,2156621,1.0,1,4,1,0.0,,-1.0,0,1935.0,A01,138Â 294Â 507,1.0,5.0,-1.0,1646779,1.0,7,,0.0,2.0,3.0,A01,138Â 294Â 507,1.0
964872,201900006403,3,22,10:40,1,2,1,1.0,1.0,10357,HENRI BARBUSSE (RUE),M,"48,3014000","4,1055000",10,2019,50.0,1.0,1.0,4.0,2156621,1.0,1,4,1,0.0,,-1.0,0,1935.0,A01,138Â 294Â 507,1.0,5.0,-1.0,1646780,2.0,7,,0.0,2.0,3.0,B01,138Â 294Â 508,1.0
964872,201900006403,3,22,10:40,1,2,1,1.0,1.0,10357,HENRI BARBUSSE (RUE),M,"48,3014000","4,1055000",10,2019,50.0,1.0,1.0,4.0,2156622,1.0,1,1,1,3.0,,-1.0,0,1944.0,B01,138Â 294Â 508,1.0,5.0,-1.0,1646779,1.0,7,,0.0,2.0,3.0,A01,138Â 294Â 507,1.0
964872,201900006403,3,22,10:40,1,2,1,1.0,1.0,10357,HENRI BARBUSSE (RUE),M,"48,3014000","4,1055000",10,2019,50.0,1.0,1.0,4.0,2156622,1.0,1,1,1,3.0,,-1.0,0,1944.0,B01,138Â 294Â 508,1.0,5.0,-1.0,1646780,2.0,7,,0.0,2.0,3.0,B01,138Â 294Â 508,1.0
964873,201900006404,3,21,10:04,1,2,1,1.0,6.0,10387,MARIE DE CHAMPAGNE (RUE),M,"48,3047000","4,0609000",10,2019,50.0,1.0,1.0,4.0,2156623,2.0,2,1,2,9.0,,-1.0,0,1988.0,A01,138Â 294Â 506,8.0,0.0,-1.0,1646781,2.0,7,,0.0,1.0,1.0,A01,138Â 294Â 506,1.0
964873,201900006404,3,21,10:04,1,2,1,1.0,6.0,10387,MARIE DE CHAMPAGNE (RUE),M,"48,3047000","4,0609000",10,2019,50.0,1.0,1.0,4.0,2156624,10.0,3,4,1,9.0,,3.0,3,1946.0,A01,138Â 294Â 506,8.0,0.0,-1.0,1646781,2.0,7,,0.0,1.0,1.0,A01,138Â 294Â 506,1.0
964873,201900006404,3,21,10:04,1,2,1,1.0,6.0,10387,MARIE DE CHAMPAGNE (RUE),M,"48,3047000","4,0609000",10,2019,50.0,1.0,1.0,4.0,2156625,1.0,1,1,1,9.0,,-1.0,0,1964.0,A01,138Â 294Â 506,8.0,0.0,-1.0,1646781,2.0,7,,0.0,1.0,1.0,A01,138Â 294Â 506,1.0
964874,201900006405,3,21,17:55,1,1,9,7.0,5.0,10081,ROCADE EST (RD 610),M,"48,3297000","4,0467100",10,2019,110.0,1.0,1.0,3.0,2156626,2.0,1,1,1,4.0,,-1.0, -1,1991.0,D01,138Â 294Â 502,1.0,0.0,-1.0,1646782,3.0,7,,0.0,2.0,4.0,D01,138Â 294Â 502,1.0
964874,201900006405,3,21,17:55,1,1,9,7.0,5.0,10081,ROCADE EST (RD 610),M,"48,3297000","4,0467100",10,2019,110.0,1.0,1.0,3.0,2156626,2.0,1,1,1,4.0,,-1.0, -1,1991.0,D01,138Â 294Â 502,1.0,0.0,-1.0,1646783,3.0,7,,0.0,2.0,4.0,B01,138Â 294Â 503,1.0
964874,201900006405,3,21,17:55,1,1,9,7.0,5.0,10081,ROCADE EST (RD 610),M,"48,3297000","4,0467100",10,2019,110.0,1.0,1.0,3.0,2156626,2.0,1,1,1,4.0,,-1.0, -1,1991.0,D01,138Â 294Â 502,1.0,0.0,-1.0,1646784,3.0,7,,0.0,2.0,1.0,C01,138Â 294Â 504,1.0
964874,201900006405,3,21,17:55,1,1,9,7.0,5.0,10081,ROCADE EST (RD 610),M,"48,3297000","4,0467100",10,2019,110.0,1.0,1.0,3.0,2156626,2.0,1,1,1,4.0,,-1.0, -1,1991.0,D01,138Â 294Â 502,1.0,0.0,-1.0,1646785,3.0,10,,0.0,2.0,1.0,A01,138Â 294Â 505,1.0
964874,201900006405,3,21,17:55,1,1,9,7.0,5.0,10081,ROCADE EST (RD 610),M,"48,3297000","4,0467100",10,2019,110.0,1.0,1.0,3.0,2156627,1.0,1,1,1,1.0,,-1.0, -1,1987.0,B01,138Â 294Â 503,1.0,0.0,-1.0,1646782,3.0,7,,0.0,2.0,4.0,D01,138Â 294Â 502,1.0
964874,201900006405,3,21,17:55,1,1,9,7.0,5.0,10081,ROCADE EST (RD 610),M,"48,3297000","4,0467100",10,2019,110.0,1.0,1.0,3.0,2156627,1.0,1,1,1,1.0,,-1.0, -1,1987.0,B01,138Â 294Â 503,1.0,0.0,-1.0,1646783,3.0,7,,0.0,2.0,4.0,B01,138Â 294Â 503,1.0
964874,201900006405,3,21,17:55,1,1,9,7.0,5.0,10081,ROCADE EST (RD 610),M,"48,3297000","4,0467100",10,2019,110.0,1.0,1.0,3.0,2156627,1.0,1,1,1,1.0,,-1.0, -1,1987.0,B01,138Â 294Â 503,1.0,0.0,-1.0,1646784,3.0,7,,0.0,2.0,1.0,C01,138Â 294Â 504,1.0
964874,201900006405,3,21,17:55,1,1,9,7.0,5.0,10081,ROCADE EST (RD 610),M,"48,3297000","4,0467100",10,2019,110.0,1.0,1.0,3.0,2156627,1.0,1,1,1,1.0,,-1.0, -1,1987.0,B01,138Â 294Â 503,1.0,0.0,-1.0,1646785,3.0,10,,0.0,2.0,1.0,A01,138Â 294Â 505,1.0
964874,201900006405,3,21,17:55,1,1,9,7.0,5.0,10081,ROCADE EST (RD 610),M,"48,3297000","4,0467100",10,2019,110.0,1.0,1.0,3.0,2156628,4.0,2,1,1,0.0,,-1.0, -1,1999.0,C01,138Â 294Â 504,1.0,0.0,-1.0,1646782,3.0,7,,0.0,2.0,4.0,D01,138Â 294Â 502,1.0
964874,201900006405,3,21,17:55,1,1,9,7.0,5.0,10081,ROCADE EST (RD 610),M,"48,3297000","4,0467100",10,2019,110.0,1.0,1.0,3.0,2156628,4.0,2,1,1,0.0,,-1.0, -1,1999.0,C01,138Â 294Â 504,1.0,0.0,-1.0,1646783,3.0,7,,0.0,2.0,4.0,B01,138Â 294Â 503,1.0
964874,201900006405,3,21,17:55,1,1,9,7.0,5.0,10081,ROCADE EST (RD 610),M,"48,3297000","4,0467100",10,2019,110.0,1.0,1.0,3.0,2156628,4.0,2,1,1,0.0,,-1.0, -1,1999.0,C01,138Â 294Â 504,1.0,0.0,-1.0,1646784,3.0,7,,0.0,2.0,1.0,C01,138Â 294Â 504,1.0
964874,201900006405,3,21,17:55,1,1,9,7.0,5.0,10081,ROCADE EST (RD 610),M,"48,3297000","4,0467100",10,2019,110.0,1.0,1.0,3.0,2156628,4.0,2,1,1,0.0,,-1.0, -1,1999.0,C01,138Â 294Â 504,1.0,0.0,-1.0,1646785,3.0,10,,0.0,2.0,1.0,A01,138Â 294Â 505,1.0
964874,201900006405,3,21,17:55,1,1,9,7.0,5.0,10081,ROCADE EST (RD 610),M,"48,3297000","4,0467100",10,2019,110.0,1.0,1.0,3.0,2156629,4.0,2,1,2,0.0,,-1.0, -1,2000.0,C01,138Â 294Â 504,1.0,0.0,-1.0,1646782,3.0,7,,0.0,2.0,4.0,D01,138Â 294Â 502,1.0
964874,201900006405,3,21,17:55,1,1,9,7.0,5.0,10081,ROCADE EST (RD 610),M,"48,3297000","4,0467100",10,2019,110.0,1.0,1.0,3.0,2156629,4.0,2,1,2,0.0,,-1.0, -1,2000.0,C01,138Â 294Â 504,1.0,0.0,-1.0,1646783,3.0,7,,0.0,2.0,4.0,B01,138Â 294Â 503,1.0
964874,201900006405,3,21,17:55,1,1,9,7.0,5.0,10081,ROCADE EST (RD 610),M,"48,3297000","4,0467100",10,2019,110.0,1.0,1.0,3.0,2156629,4.0,2,1,2,0.0,,-1.0, -1,2000.0,C01,138Â 294Â 504,1.0,0.0,-1.0,1646784,3.0,7,,0.0,2.0,1.0,C01,138Â 294Â 504,1.0
964874,201900006405,3,21,17:55,1,1,9,7.0,5.0,10081,ROCADE EST (RD 610),M,"48,3297000","4,0467100",10,2019,110.0,1.0,1.0,3.0,2156629,4.0,2,1,2,0.0,,-1.0, -1,2000.0,C01,138Â 294Â 504,1.0,0.0,-1.0,1646785,3.0,10,,0.0,2.0,1.0,A01,138Â 294Â 505,1.0
964874,201900006405,3,21,17:55,1,1,9,7.0,5.0,10081,ROCADE EST (RD 610),M,"48,3297000","4,0467100",10,2019,110.0,1.0,1.0,3.0,2156630,1.0,1,4,2,0.0,,-1.0, -1,1999.0,C01,138Â 294Â 504,1.0,0.0,-1.0,1646782,3.0,7,,0.0,2.0,4.0,D01,138Â 294Â 502,1.0
964874,201900006405,3,21,17:55,1,1,9,7.0,5.0,10081,ROCADE EST (RD 610),M,"48,3297000","4,0467100",10,2019,110.0,1.0,1.0,3.0,2156630,1.0,1,4,2,0.0,,-1.0, -1,1999.0,C01,138Â 294Â 504,1.0,0.0,-1.0,1646783,3.0,7,,0.0,2.0,4.0,B01,138Â 294Â 503,1.0
964874,201900006405,3,21,17:55,1,1,9,7.0,5.0,10081,ROCADE EST (RD 610),M,"48,3297000","4,0467100",10,2019,110.0,1.0,1.0,3.0,2156630,1.0,1,4,2,0.0,,-1.0, -1,1999.0,C01,138Â 294Â 504,1.0,0.0,-1.0,1646784,3.0,7,,0.0,2.0,1.0,C01,138Â 294Â 504,1.0
964874,201900006405,3,21,17:55,1,1,9,7.0,5.0,10081,ROCADE EST (RD 610),M,"48,3297000","4,0467100",10,2019,110.0,1.0,1.0,3.0,2156630,1.0,1,4,2,0.0,,-1.0, -1,1999.0,C01,138Â 294Â 504,1.0,0.0,-1.0,1646785,3.0,10,,0.0,2.0,1.0,A01,138Â 294Â 505,1.0
964874,201900006405,3,21,17:55,1,1,9,7.0,5.0,10081,ROCADE EST (RD 610),M,"48,3297000","4,0467100",10,2019,110.0,1.0,1.0,3.0,2156631,2.0,2,1,1,0.0,,-1.0, -1,1997.0,C01,138Â 294Â 504,1.0,0.0,-1.0,1646782,3.0,7,,0.0,2.0,4.0,D01,138Â 294Â 502,1.0
964874,201900006405,3,21,17:55,1,1,9,7.0,5.0,10081,ROCADE EST (RD 610),M,"48,3297000","4,0467100",10,2019,110.0,1.0,1.0,3.0,2156631,2.0,2,1,1,0.0,,-1.0, -1,1997.0,C01,138Â 294Â 504,1.0,0.0,-1.0,1646783,3.0,7,,0.0,2.0,4.0,B01,138Â 294Â 503,1.0
964874,201900006405,3,21,17:55,1,1,9,7.0,5.0,10081,ROCADE EST (RD 610),M,"48,3297000","4,0467100",10,2019,110.0,1.0,1.0,3.0,2156631,2.0,2,1,1,0.0,,-1.0, -1,1997.0,C01,138Â 294Â 504,1.0,0.0,-1.0,1646784,3.0,7,,0.0,2.0,1.0,C01,138Â 294Â 504,1.0
964874,201900006405,3,21,17:55,1,1,9,7.0,5.0,10081,ROCADE EST (RD 610),M,"48,3297000","4,0467100",10,2019,110.0,1.0,1.0,3.0,2156631,2.0,2,1,1,0.0,,-1.0, -1,1997.0,C01,138Â 294Â 504,1.0,0.0,-1.0,1646785,3.0,10,,0.0,2.0,1.0,A01,138Â 294Â 505,1.0
964874,201900006405,3,21,17:55,1,1,9,7.0,5.0,10081,ROCADE EST (RD 610),M,"48,3297000","4,0467100",10,2019,110.0,1.0,1.0,3.0,2156632,1.0,1,1,1,4.0,,-1.0, -1,1980.0,A01,138Â 294Â 505,1.0,0.0,-1.0,1646782,3.0,7,,0.0,2.0,4.0,D01,138Â 294Â 502,1.0
964874,201900006405,3,21,17:55,1,1,9,7.0,5.0,10081,ROCADE EST (RD 610),M,"48,3297000","4,0467100",10,2019,110.0,1.0,1.0,3.0,2156632,1.0,1,1,1,4.0,,-1.0, -1,1980.0,A01,138Â 294Â 505,1.0,0.0,-1.0,1646783,3.0,7,,0.0,2.0,4.0,B01,138Â 294Â 503,1.0
964874,201900006405,3,21,17:55,1,1,9,7.0,5.0,10081,ROCADE EST (RD 610),M,"48,3297000","4,0467100",10,2019,110.0,1.0,1.0,3.0,2156632,1.0,1,1,1,4.0,,-1.0, -1,1980.0,A01,138Â 294Â 505,1.0,0.0,-1.0,1646784,3.0,7,,0.0,2.0,1.0,C01,138Â 294Â 504,1.0
964874,201900006405,3,21,17:55,1,1,9,7.0,5.0,10081,ROCADE EST (RD 610),M,"48,3297000","4,0467100",10,2019,110.0,1.0,1.0,3.0,2156632,1.0,1,1,1,4.0,,-1.0, -1,1980.0,A01,138Â 294Â 505,1.0,0.0,-1.0,1646785,3.0,10,,0.0,2.0,1.0,A01,138Â 294Â 505,1.0
964875,201900006406,3,20,17:30,1,2,9,1.0,6.0,07008,D2 ( ROUTE DEPARTEMENTALE ),M,"44,7053900","4,6502800",7,2019,70.0,1.0,1.0,3.0,2156633,1.0,1,3,1,1.0,,-1.0,0,1987.0,A01,138Â 294Â 499,2.0,6.0,-1.0,1646786,2.0,31,,6.0,0.0,7.0,A01,138Â 294Â 499,1.0
964876,201900006407,3,24,10:20,1,2,2,1.0,3.0,07281,DIMBERTON (RUE COLETTE),M,"44,9407800","4,8412700",7,2019,50.0,1.0,1.0,4.0,2156634,1.0,1,4,1,0.0,,-1.0,0,1950.0,B01,138Â 294Â 497,2.0,0.0,-1.0,1646787,3.0,1,,0.0,2.0,3.0,B01,138Â 294Â 497,5.0
964876,201900006407,3,24,10:20,1,2,2,1.0,3.0,07281,DIMBERTON (RUE COLETTE),M,"44,9407800","4,8412700",7,2019,50.0,1.0,1.0,4.0,2156634,1.0,1,4,1,0.0,,-1.0,0,1950.0,B01,138Â 294Â 497,2.0,0.0,-1.0,1646788,3.0,7,,0.0,6.0,7.0,A01,138Â 294Â 498,1.0
964876,201900006407,3,24,10:20,1,2,2,1.0,3.0,07281,DIMBERTON (RUE COLETTE),M,"44,9407800","4,8412700",7,2019,50.0,1.0,1.0,4.0,2156635,1.0,1,4,1,0.0,,-1.0, -1,1963.0,A01,138Â 294Â 498,1.0,0.0,-1.0,1646787,3.0,1,,0.0,2.0,3.0,B01,138Â 294Â 497,5.0
964876,201900006407,3,24,10:20,1,2,2,1.0,3.0,07281,DIMBERTON (RUE COLETTE),M,"44,9407800","4,8412700",7,2019,50.0,1.0,1.0,4.0,2156635,1.0,1,4,1,0.0,,-1.0, -1,1963.0,A01,138Â 294Â 498,1.0,0.0,-1.0,1646788,3.0,7,,0.0,6.0,7.0,A01,138Â 294Â 498,1.0
964877,201900006408,2,27,09:00,1,2,1,1.0,6.0,07019,DELATTRE DE TASSIGNY(AVENUE),M,"44,6070600","4,3869140",7,2019,50.0,1.0,1.0,4.0,2156636,1.0,1,1,1,5.0,,0.0,0,1932.0,A01,138Â 294Â 496,1.0,0.0,-1.0,1646789,3.0,7,,0.0,1.0,2.0,A01,138Â 294Â 496,6.0
964877,201900006408,2,27,09:00,1,2,1,1.0,6.0,07019,DELATTRE DE TASSIGNY(AVENUE),M,"44,6070600","4,3869140",7,2019,50.0,1.0,1.0,4.0,2156637,10.0,3,4,1,5.0,,3.0,3,1988.0,A01,138Â 294Â 496,8.0,0.0,-1.0,1646789,3.0,7,,0.0,1.0,2.0,A01,138Â 294Â 496,6.0
964878,201900006409,3,21,12:05,1,2,1,1.0,6.0,07019,ROQUA(AVE DE),M,"44,6245400","4,3892400",7,2019,50.0,1.0,1.0,4.0,2156638,1.0,1,1,1,9.0,,0.0,0,2002.0,A01,138Â 294Â 495,2.0,6.0,-1.0,1646790,2.0,30,,0.0,1.0,2.0,A01,138Â 294Â 495,1.0
964878,201900006409,3,21,12:05,1,2,1,1.0,6.0,07019,ROQUA(AVE DE),M,"44,6245400","4,3892400",7,2019,50.0,1.0,1.0,4.0,2156639,10.0,3,3,1,9.0,,1.0,3,2003.0,A01,138Â 294Â 495,8.0,0.0,-1.0,1646790,2.0,30,,0.0,1.0,2.0,A01,138Â 294Â 495,1.0
964879,201900006410,3,22,19:00,3,1,1,1.0,1.0,06088,SAINT-ANTOINE (CH.),M,"43,6986160","7,2237280",6,2019,50.0,1.0,1.0,4.0,2156640,1.0,1,3,1,5.0,,-1.0, -1,1986.0,B01,138Â 294Â 493,2.0,8.0,-1.0,1646791,2.0,32,,0.0,2.0,1.0,B01,138Â 294Â 493,1.0
964879,201900006410,3,22,19:00,3,1,1,1.0,1.0,06088,SAINT-ANTOINE (CH.),M,"43,6986160","7,2237280",6,2019,50.0,1.0,1.0,4.0,2156640,1.0,1,3,1,5.0,,-1.0, -1,1986.0,B01,138Â 294Â 493,2.0,8.0,-1.0,1646792,1.0,34,,0.0,2.0,1.0,A01,138Â 294Â 494,1.0
964879,201900006410,3,22,19:00,3,1,1,1.0,1.0,06088,SAINT-ANTOINE (CH.),M,"43,6986160","7,2237280",6,2019,50.0,1.0,1.0,4.0,2156641,1.0,1,1,1,5.0,,-1.0, -1,1968.0,A01,138Â 294Â 494,2.0,8.0,-1.0,1646791,2.0,32,,0.0,2.0,1.0,B01,138Â 294Â 493,1.0
964879,201900006410,3,22,19:00,3,1,1,1.0,1.0,06088,SAINT-ANTOINE (CH.),M,"43,6986160","7,2237280",6,2019,50.0,1.0,1.0,4.0,2156641,1.0,1,1,1,5.0,,-1.0, -1,1968.0,A01,138Â 294Â 494,2.0,8.0,-1.0,1646792,1.0,34,,0.0,2.0,1.0,A01,138Â 294Â 494,1.0
964880,201900006411,3,22,18:25,2,2,1,1.0,3.0,06088,MADELEINE (BD DE LA),M,"43,6921000","7,2450000",6,2019,50.0,1.0,1.0,4.0,2156642,2.0,2,1,2,5.0,,-1.0, -1,1991.0,B01,138Â 294Â 491,2.0,6.0,-1.0,1646793,1.0,31,,0.0,2.0,3.0,B01,138Â 294Â 491,1.0
964880,201900006411,3,22,18:25,2,2,1,1.0,3.0,06088,MADELEINE (BD DE LA),M,"43,6921000","7,2450000",6,2019,50.0,1.0,1.0,4.0,2156642,2.0,2,1,2,5.0,,-1.0, -1,1991.0,B01,138Â 294Â 491,2.0,6.0,-1.0,1646794,1.0,7,,0.0,2.0,3.0,A01,138Â 294Â 492,1.0
964880,201900006411,3,22,18:25,2,2,1,1.0,3.0,06088,MADELEINE (BD DE LA),M,"43,6921000","7,2450000",6,2019,50.0,1.0,1.0,4.0,2156643,1.0,1,4,1,5.0,,-1.0, -1,1987.0,B01,138Â 294Â 491,2.0,6.0,-1.0,1646793,1.0,31,,0.0,2.0,3.0,B01,138Â 294Â 491,1.0
964880,201900006411,3,22,18:25,2,2,1,1.0,3.0,06088,MADELEINE (BD DE LA),M,"43,6921000","7,2450000",6,2019,50.0,1.0,1.0,4.0,2156643,1.0,1,4,1,5.0,,-1.0, -1,1987.0,B01,138Â 294Â 491,2.0,6.0,-1.0,1646794,1.0,7,,0.0,2.0,3.0,A01,138Â 294Â 492,1.0
964880,201900006411,3,22,18:25,2,2,1,1.0,3.0,06088,MADELEINE (BD DE LA),M,"43,6921000","7,2450000",6,2019,50.0,1.0,1.0,4.0,2156644,1.0,1,1,2,5.0,,-1.0, -1,1983.0,A01,138Â 294Â 492,1.0,0.0,-1.0,1646793,1.0,31,,0.0,2.0,3.0,B01,138Â 294Â 491,1.0
964880,201900006411,3,22,18:25,2,2,1,1.0,3.0,06088,MADELEINE (BD DE LA),M,"43,6921000","7,2450000",6,2019,50.0,1.0,1.0,4.0,2156644,1.0,1,1,2,5.0,,-1.0, -1,1983.0,A01,138Â 294Â 492,1.0,0.0,-1.0,1646794,1.0,7,,0.0,2.0,3.0,A01,138Â 294Â 492,1.0
964881,201900006412,3,22,16:50,1,2,1,1.0,6.0,06088,THAON-DE-REVEL (R.),M,"43,7075285","7,2853279",6,2019,50.0,2.0,1.0,4.0,2156645,10.0,3,4,2,0.0,,9.0,9,2005.0,A01,138Â 294Â 490,8.0,0.0,-1.0,1646795,1.0,7,,0.0,2.0,6.0,A01,138Â 294Â 490,6.0
964881,201900006412,3,22,16:50,1,2,1,1.0,6.0,06088,THAON-DE-REVEL (R.),M,"43,7075285","7,2853279",6,2019,50.0,2.0,1.0,4.0,2156646,1.0,1,1,1,9.0,,0.0,0,1985.0,A01,138Â 294Â 490,1.0,0.0,-1.0,1646795,1.0,7,,0.0,2.0,6.0,A01,138Â 294Â 490,6.0
964882,201900006413,3,21,18:45,2,2,2,1.0,2.0,06088,MADELEINE (BD DE LA),M,"43,7020710","7,2364520",6,2019,50.0,1.0,1.0,4.0,2156647,1.0,1,1,1,9.0,,0.0,0,1984.0,B01,138Â 294Â 488,1.0,0.0,-1.0,1646796,2.0,20,,0.0,2.0,4.0,B01,138Â 294Â 488,1.0
964882,201900006413,3,21,18:45,2,2,2,1.0,2.0,06088,MADELEINE (BD DE LA),M,"43,7020710","7,2364520",6,2019,50.0,1.0,1.0,4.0,2156647,1.0,1,1,1,9.0,,0.0,0,1984.0,B01,138Â 294Â 488,1.0,0.0,-1.0,1646797,2.0,30,,0.0,2.0,1.0,A01,138Â 294Â 489,0.0
964882,201900006413,3,21,18:45,2,2,2,1.0,2.0,06088,MADELEINE (BD DE LA),M,"43,7020710","7,2364520",6,2019,50.0,1.0,1.0,4.0,2156648,1.0,1,4,1,0.0,,0.0,0,1991.0,A01,138Â 294Â 489,2.0,6.0,0.0,1646796,2.0,20,,0.0,2.0,4.0,B01,138Â 294Â 488,1.0
964882,201900006413,3,21,18:45,2,2,2,1.0,2.0,06088,MADELEINE (BD DE LA),M,"43,7020710","7,2364520",6,2019,50.0,1.0,1.0,4.0,2156648,1.0,1,4,1,0.0,,0.0,0,1991.0,A01,138Â 294Â 489,2.0,6.0,0.0,1646797,2.0,30,,0.0,2.0,1.0,A01,138Â 294Â 489,0.0
964883,201900006414,3,20,09:45,1,2,2,1.0,3.0,06088,EIFFEL (AV. GUSTAVE),M,"43,7085600","7,1924700",6,2019,50.0,1.0,1.0,4.0,2156649,1.0,1,1,1,4.0,,0.0,0,1982.0,B01,138Â 294Â 486,1.0,0.0,-1.0,1646798,1.0,15,,0.0,2.0,3.0,B01,138Â 294Â 486,1.0
964883,201900006414,3,20,09:45,1,2,2,1.0,3.0,06088,EIFFEL (AV. GUSTAVE),M,"43,7085600","7,1924700",6,2019,50.0,1.0,1.0,4.0,2156649,1.0,1,1,1,4.0,,0.0,0,1982.0,B01,138Â 294Â 486,1.0,0.0,-1.0,1646799,0.0,10,,0.0,2.0,1.0,A01,138Â 294Â 487,1.0