Unnamed: 0_x,num_acc,mois,jour,hrmn,lum,agg,int,atm,col,com,adr,gps,lat,long,dep,annee,vma,situ,surf,catr,Unnamed: 0_y,place,catu,grav,sexe,trajet,secu,locp,actp,an_nais,num_veh_x,id_vehicule_x,secu1,secu2,secu3,Unnamed: 0,senc,catv,occutc,obs,obsm,choc,num_veh_y,id_vehicule_y,motor
964883,201900006414,3,20,09:45,1,2,2,1.0,3.0,06088,EIFFEL (AV. GUSTAVE),M,"43,7085600","7,1924700",6,2019,50.0,1.0,1.0,4.0,2156650,1.0,1,4,2,4.0,,0.0,0,1994.0,A01,138Â 294Â 487,8.0,0.0,-1.0,1646798,1.0,15,,0.0,2.0,3.0,B01,138Â 294Â 486,1.0
964883,201900006414,3,20,09:45,1,2,2,1.0,3.0,06088,EIFFEL (AV. GUSTAVE),M,"43,7085600","7,1924700",6,2019,50.0,1.0,1.0,4.0,2156650,1.0,1,4,2,4.0,,0.0,0,1994.0,A01,138Â 294Â 487,8.0,0.0,-1.0,1646799,0.0,10,,0.0,2.0,1.0,A01,138Â 294Â 487,1.0
964884,201900006415,4,21,08:55,1,2,1,1.0,3.0,85191,RUE DU DOCTEUR BOUTELIER,M,"46,6843500"," -1,4399500",85,2019,50.0,1.0,1.0,4.0,2156651,1.0,1,3,2,5.0,,0.0,0,1958.0,B01,138Â 294Â 483,2.0,4.0,-1.0,1646800,3.0,1,,0.0,2.0,8.0,B01,138Â 294Â 483,5.0
964884,201900006415,4,21,08:55,1,2,1,1.0,3.0,85191,RUE DU DOCTEUR BOUTELIER,M,"46,6843500"," -1,4399500",85,2019,50.0,1.0,1.0,4.0,2156651,1.0,1,3,2,5.0,,0.0,0,1958.0,B01,138Â 294Â 483,2.0,4.0,-1.0,1646801,2.0,10,,0.0,2.0,1.0,A01,138Â 294Â 484,1.0
964884,201900006415,4,21,08:55,1,2,1,1.0,3.0,85191,RUE DU DOCTEUR BOUTELIER,M,"46,6843500"," -1,4399500",85,2019,50.0,1.0,1.0,4.0,2156652,1.0,1,1,1,5.0,,0.0,0,1999.0,A01,138Â 294Â 484,1.0,0.0,-1.0,1646800,3.0,1,,0.0,2.0,8.0,B01,138Â 294Â 483,5.0
964884,201900006415,4,21,08:55,1,2,1,1.0,3.0,85191,RUE DU DOCTEUR BOUTELIER,M,"46,6843500"," -1,4399500",85,2019,50.0,1.0,1.0,4.0,2156652,1.0,1,1,1,5.0,,0.0,0,1999.0,A01,138Â 294Â 484,1.0,0.0,-1.0,1646801,2.0,10,,0.0,2.0,1.0,A01,138Â 294Â 484,1.0
964885,201900006416,4,20,02:20,5,2,1,1.0,3.0,84007,MARSEILLE (Route)-MONTFAVET,M,"43,9240700","4,8521600",84,2019,70.0,1.0,1.0,4.0,2156653,2.0,2,1,2,5.0,,0.0,0,1999.0,B01,138Â 294Â 479,1.0,0.0,-1.0,1646802,1.0,7,,0.0,2.0,7.0,B01,138Â 294Â 479,1.0
964885,201900006416,4,20,02:20,5,2,1,1.0,3.0,84007,MARSEILLE (Route)-MONTFAVET,M,"43,9240700","4,8521600",84,2019,70.0,1.0,1.0,4.0,2156653,2.0,2,1,2,5.0,,0.0,0,1999.0,B01,138Â 294Â 479,1.0,0.0,-1.0,1646803,1.0,7,,0.0,2.0,1.0,A01,138Â 294Â 480,0.0
964885,201900006416,4,20,02:20,5,2,1,1.0,3.0,84007,MARSEILLE (Route)-MONTFAVET,M,"43,9240700","4,8521600",84,2019,70.0,1.0,1.0,4.0,2156654,1.0,1,1,1,0.0,,0.0,0,1996.0,B01,138Â 294Â 479,1.0,0.0,-1.0,1646802,1.0,7,,0.0,2.0,7.0,B01,138Â 294Â 479,1.0
964885,201900006416,4,20,02:20,5,2,1,1.0,3.0,84007,MARSEILLE (Route)-MONTFAVET,M,"43,9240700","4,8521600",84,2019,70.0,1.0,1.0,4.0,2156654,1.0,1,1,1,0.0,,0.0,0,1996.0,B01,138Â 294Â 479,1.0,0.0,-1.0,1646803,1.0,7,,0.0,2.0,1.0,A01,138Â 294Â 480,0.0
964885,201900006416,4,20,02:20,5,2,1,1.0,3.0,84007,MARSEILLE (Route)-MONTFAVET,M,"43,9240700","4,8521600",84,2019,70.0,1.0,1.0,4.0,2156655,1.0,1,2,1,5.0,,0.0,0,1987.0,A01,138Â 294Â 480,8.0,0.0,-1.0,1646802,1.0,7,,0.0,2.0,7.0,B01,138Â 294Â 479,1.0
964885,201900006416,4,20,02:20,5,2,1,1.0,3.0,84007,MARSEILLE (Route)-MONTFAVET,M,"43,9240700","4,8521600",84,2019,70.0,1.0,1.0,4.0,2156655,1.0,1,2,1,5.0,,0.0,0,1987.0,A01,138Â 294Â 480,8.0,0.0,-1.0,1646803,1.0,7,,0.0,2.0,1.0,A01,138Â 294Â 480,0.0
964885,201900006416,4,20,02:20,5,2,1,1.0,3.0,84007,MARSEILLE (Route)-MONTFAVET,M,"43,9240700","4,8521600",84,2019,70.0,1.0,1.0,4.0,2156656,2.0,2,3,1,0.0,,-1.0, -1,1979.0,A01,138Â 294Â 480,1.0,0.0,-1.0,1646802,1.0,7,,0.0,2.0,7.0,B01,138Â 294Â 479,1.0
964885,201900006416,4,20,02:20,5,2,1,1.0,3.0,84007,MARSEILLE (Route)-MONTFAVET,M,"43,9240700","4,8521600",84,2019,70.0,1.0,1.0,4.0,2156656,2.0,2,3,1,0.0,,-1.0, -1,1979.0,A01,138Â 294Â 480,1.0,0.0,-1.0,1646803,1.0,7,,0.0,2.0,1.0,A01,138Â 294Â 480,0.0
964886,201900006417,4,20,11:00,1,1,1,1.0,3.0,30011,NATIONALE 100  (ROUTE),M,"43,9498360","4,7684280",30,2019,90.0,1.0,1.0,2.0,2156657,1.0,1,4,1,5.0,,-1.0, -1,1996.0,B01,138Â 294Â 478,1.0,8.0,-1.0,1646804,1.0,7,,0.0,2.0,0.0,A01,138Â 294Â 477,1.0
964886,201900006417,4,20,11:00,1,1,1,1.0,3.0,30011,NATIONALE 100  (ROUTE),M,"43,9498360","4,7684280",30,2019,90.0,1.0,1.0,2.0,2156657,1.0,1,4,1,5.0,,-1.0, -1,1996.0,B01,138Â 294Â 478,1.0,8.0,-1.0,1646805,1.0,7,,0.0,2.0,1.0,B01,138Â 294Â 478,1.0
964886,201900006417,4,20,11:00,1,1,1,1.0,3.0,30011,NATIONALE 100  (ROUTE),M,"43,9498360","4,7684280",30,2019,90.0,1.0,1.0,2.0,2156658,7.0,2,4,2,5.0,,-1.0, -1,1992.0,B01,138Â 294Â 478,1.0,0.0,-1.0,1646804,1.0,7,,0.0,2.0,0.0,A01,138Â 294Â 477,1.0
964886,201900006417,4,20,11:00,1,1,1,1.0,3.0,30011,NATIONALE 100  (ROUTE),M,"43,9498360","4,7684280",30,2019,90.0,1.0,1.0,2.0,2156658,7.0,2,4,2,5.0,,-1.0, -1,1992.0,B01,138Â 294Â 478,1.0,0.0,-1.0,1646805,1.0,7,,0.0,2.0,1.0,B01,138Â 294Â 478,1.0
964886,201900006417,4,20,11:00,1,1,1,1.0,3.0,30011,NATIONALE 100  (ROUTE),M,"43,9498360","4,7684280",30,2019,90.0,1.0,1.0,2.0,2156659,3.0,2,3,1,0.0,,-1.0, -1,2011.0,B01,138Â 294Â 478,1.0,0.0,-1.0,1646804,1.0,7,,0.0,2.0,0.0,A01,138Â 294Â 477,1.0
964886,201900006417,4,20,11:00,1,1,1,1.0,3.0,30011,NATIONALE 100  (ROUTE),M,"43,9498360","4,7684280",30,2019,90.0,1.0,1.0,2.0,2156659,3.0,2,3,1,0.0,,-1.0, -1,2011.0,B01,138Â 294Â 478,1.0,0.0,-1.0,1646805,1.0,7,,0.0,2.0,1.0,B01,138Â 294Â 478,1.0
964886,201900006417,4,20,11:00,1,1,1,1.0,3.0,30011,NATIONALE 100  (ROUTE),M,"43,9498360","4,7684280",30,2019,90.0,1.0,1.0,2.0,2156660,2.0,2,3,1,0.0,,-1.0, -1,2003.0,B01,138Â 294Â 478,1.0,0.0,-1.0,1646804,1.0,7,,0.0,2.0,0.0,A01,138Â 294Â 477,1.0
964886,201900006417,4,20,11:00,1,1,1,1.0,3.0,30011,NATIONALE 100  (ROUTE),M,"43,9498360","4,7684280",30,2019,90.0,1.0,1.0,2.0,2156660,2.0,2,3,1,0.0,,-1.0, -1,2003.0,B01,138Â 294Â 478,1.0,0.0,-1.0,1646805,1.0,7,,0.0,2.0,1.0,B01,138Â 294Â 478,1.0
964887,201900006418,4,26,22:20,3,1,1,1.0,7.0,83090,GORGES (ROUTE DES),M,"43,1516607","5,8471043",83,2019,70.0,1.0,1.0,3.0,2156661,1.0,1,4,2,5.0,,-1.0,0,1968.0,A01,138Â 294Â 474,8.0,0.0,-1.0,1646806,1.0,7,,4.0,0.0,1.0,A01,138Â 294Â 474,1.0
964888,201900006419,4,26,14:00,1,2,1,1.0,1.0,83137,BRIAND (AVE ARISTIDE),M,"43,1226800","5,8951800",83,2019,50.0,1.0,1.0,4.0,2156662,1.0,1,3,1,1.0,,-1.0,0,1981.0,B01,138Â 294Â 472,2.0,0.0,-1.0,1646807,1.0,32,,0.0,2.0,1.0,B01,138Â 294Â 472,1.0
964888,201900006419,4,26,14:00,1,2,1,1.0,1.0,83137,BRIAND (AVE ARISTIDE),M,"43,1226800","5,8951800",83,2019,50.0,1.0,1.0,4.0,2156662,1.0,1,3,1,1.0,,-1.0,0,1981.0,B01,138Â 294Â 472,2.0,0.0,-1.0,1646808,1.0,7,,0.0,2.0,3.0,A01,138Â 294Â 473,1.0
964888,201900006419,4,26,14:00,1,2,1,1.0,1.0,83137,BRIAND (AVE ARISTIDE),M,"43,1226800","5,8951800",83,2019,50.0,1.0,1.0,4.0,2156663,1.0,1,1,2,5.0,,-1.0,0,1958.0,A01,138Â 294Â 473,1.0,0.0,-1.0,1646807,1.0,32,,0.0,2.0,1.0,B01,138Â 294Â 472,1.0
964888,201900006419,4,26,14:00,1,2,1,1.0,1.0,83137,BRIAND (AVE ARISTIDE),M,"43,1226800","5,8951800",83,2019,50.0,1.0,1.0,4.0,2156663,1.0,1,1,2,5.0,,-1.0,0,1958.0,A01,138Â 294Â 473,1.0,0.0,-1.0,1646808,1.0,7,,0.0,2.0,3.0,A01,138Â 294Â 473,1.0
964889,201900006420,4,22,22:20,5,2,3,6.0,1.0,83137,15EME CORPS (AVE DU),M,"43,1285300","5,9142700",83,2019,50.0,1.0,1.0,4.0,2156664,1.0,1,4,1,9.0,,-1.0,0,1981.0,B01,138Â 294Â 470,2.0,6.0,-1.0,1646809,1.0,30,,0.0,2.0,1.0,B01,138Â 294Â 470,1.0
964889,201900006420,4,22,22:20,5,2,3,6.0,1.0,83137,15EME CORPS (AVE DU),M,"43,1285300","5,9142700",83,2019,50.0,1.0,1.0,4.0,2156664,1.0,1,4,1,9.0,,-1.0,0,1981.0,B01,138Â 294Â 470,2.0,6.0,-1.0,1646810,2.0,7,,0.0,2.0,1.0,A01,138Â 294Â 471,1.0
964889,201900006420,4,22,22:20,5,2,3,6.0,1.0,83137,15EME CORPS (AVE DU),M,"43,1285300","5,9142700",83,2019,50.0,1.0,1.0,4.0,2156665,1.0,1,1,1,0.0,,-1.0,0,1984.0,A01,138Â 294Â 471,1.0,0.0,-1.0,1646809,1.0,30,,0.0,2.0,1.0,B01,138Â 294Â 470,1.0
964889,201900006420,4,22,22:20,5,2,3,6.0,1.0,83137,15EME CORPS (AVE DU),M,"43,1285300","5,9142700",83,2019,50.0,1.0,1.0,4.0,2156665,1.0,1,1,1,0.0,,-1.0,0,1984.0,A01,138Â 294Â 471,1.0,0.0,-1.0,1646810,2.0,7,,0.0,2.0,1.0,A01,138Â 294Â 471,1.0
964890,201900006421,4,22,15:00,1,2,9,6.0,6.0,83137,STRASBOURG (BD DE ),M,"43,1253100","5,9308000",83,2019,50.0,1.0,1.0,7.0,2156666,1.0,1,1,1,5.0,,-1.0,0,1989.0,A01,138Â 294Â 469,1.0,8.0,-1.0,1646811,3.0,7,,0.0,1.0,1.0,A01,138Â 294Â 469,1.0
964890,201900006421,4,22,15:00,1,2,9,6.0,6.0,83137,STRASBOURG (BD DE ),M,"43,1253100","5,9308000",83,2019,50.0,1.0,1.0,7.0,2156667,10.0,3,3,1,0.0,,4.0,3,1972.0,A01,138Â 294Â 469,8.0,0.0,-1.0,1646811,3.0,7,,0.0,1.0,1.0,A01,138Â 294Â 469,1.0
964891,201900006422,4,21,20:50,3,2,1,1.0,3.0,83137,MOULINS (AVE DES),M,"43,1458800","5,9122800",83,2019,50.0,1.0,1.0,4.0,2156668,1.0,1,1,1,0.0,,-1.0,0,1995.0,A01,138Â 294Â 467,1.0,0.0,-1.0,1646812,1.0,7,,14.0,0.0,3.0,A01,138Â 294Â 467,0.0
964891,201900006422,4,21,20:50,3,2,1,1.0,3.0,83137,MOULINS (AVE DES),M,"43,1458800","5,9122800",83,2019,50.0,1.0,1.0,4.0,2156668,1.0,1,1,1,0.0,,-1.0,0,1995.0,A01,138Â 294Â 467,1.0,0.0,-1.0,1646813,2.0,2,,15.0,0.0,1.0,B01,138Â 294Â 468,0.0
964891,201900006422,4,21,20:50,3,2,1,1.0,3.0,83137,MOULINS (AVE DES),M,"43,1458800","5,9122800",83,2019,50.0,1.0,1.0,4.0,2156669,1.0,1,3,2,0.0,,-1.0,0,1987.0,B01,138Â 294Â 468,2.0,0.0,-1.0,1646812,1.0,7,,14.0,0.0,3.0,A01,138Â 294Â 467,0.0
964891,201900006422,4,21,20:50,3,2,1,1.0,3.0,83137,MOULINS (AVE DES),M,"43,1458800","5,9122800",83,2019,50.0,1.0,1.0,4.0,2156669,1.0,1,3,2,0.0,,-1.0,0,1987.0,B01,138Â 294Â 468,2.0,0.0,-1.0,1646813,2.0,2,,15.0,0.0,1.0,B01,138Â 294Â 468,0.0
964892,201900006423,4,19,20:40,2,2,7,1.0,3.0,83137,FOCH (AVE DU MARECHAL),M,"43,1262100","5,9254800",83,2019,50.0,1.0,1.0,4.0,2156670,1.0,1,3,1,0.0,,-1.0, -1,1980.0,B01,138Â 294Â 465,2.0,6.0,-1.0,1646814,2.0,33,,0.0,2.0,1.0,B01,138Â 294Â 465,1.0
964892,201900006423,4,19,20:40,2,2,7,1.0,3.0,83137,FOCH (AVE DU MARECHAL),M,"43,1262100","5,9254800",83,2019,50.0,1.0,1.0,4.0,2156670,1.0,1,3,1,0.0,,-1.0, -1,1980.0,B01,138Â 294Â 465,2.0,6.0,-1.0,1646815,1.0,10,,0.0,2.0,2.0,A01,138Â 294Â 466,1.0
964892,201900006423,4,19,20:40,2,2,7,1.0,3.0,83137,FOCH (AVE DU MARECHAL),M,"43,1262100","5,9254800",83,2019,50.0,1.0,1.0,4.0,2156671,2.0,2,1,1,0.0,,-1.0, -1,1992.0,A01,138Â 294Â 466,1.0,0.0,-1.0,1646814,2.0,33,,0.0,2.0,1.0,B01,138Â 294Â 465,1.0
964892,201900006423,4,19,20:40,2,2,7,1.0,3.0,83137,FOCH (AVE DU MARECHAL),M,"43,1262100","5,9254800",83,2019,50.0,1.0,1.0,4.0,2156671,2.0,2,1,1,0.0,,-1.0, -1,1992.0,A01,138Â 294Â 466,1.0,0.0,-1.0,1646815,1.0,10,,0.0,2.0,2.0,A01,138Â 294Â 466,1.0
964892,201900006423,4,19,20:40,2,2,7,1.0,3.0,83137,FOCH (AVE DU MARECHAL),M,"43,1262100","5,9254800",83,2019,50.0,1.0,1.0,4.0,2156672,1.0,1,1,1,0.0,,-1.0, -1,1994.0,A01,138Â 294Â 466,1.0,0.0,-1.0,1646814,2.0,33,,0.0,2.0,1.0,B01,138Â 294Â 465,1.0
964892,201900006423,4,19,20:40,2,2,7,1.0,3.0,83137,FOCH (AVE DU MARECHAL),M,"43,1262100","5,9254800",83,2019,50.0,1.0,1.0,4.0,2156672,1.0,1,1,1,0.0,,-1.0, -1,1994.0,A01,138Â 294Â 466,1.0,0.0,-1.0,1646815,1.0,10,,0.0,2.0,2.0,A01,138Â 294Â 466,1.0
964893,201900006424,4,23,09:00,1,2,3,2.0,6.0,83126,ANCIENS COMBATANTS D'INDOCHINE (AV DES),M,"43,1050900","5,8562400",83,2019,50.0,2.0,2.0,3.0,2156673,10.0,3,4,1,0.0,,3.0,3,2013.0,A01,138Â 294Â 464,8.0,0.0,-1.0,1646816,2.0,7,,0.0,1.0,4.0,A01,138Â 294Â 464,1.0
964893,201900006424,4,23,09:00,1,2,3,2.0,6.0,83126,ANCIENS COMBATANTS D'INDOCHINE (AV DES),M,"43,1050900","5,8562400",83,2019,50.0,2.0,2.0,3.0,2156674,10.0,3,3,2,0.0,,3.0,3,1979.0,A01,138Â 294Â 464,8.0,0.0,-1.0,1646816,2.0,7,,0.0,1.0,4.0,A01,138Â 294Â 464,1.0
964893,201900006424,4,23,09:00,1,2,3,2.0,6.0,83126,ANCIENS COMBATANTS D'INDOCHINE (AV DES),M,"43,1050900","5,8562400",83,2019,50.0,2.0,2.0,3.0,2156675,10.0,3,3,1,0.0,,3.0,3,2013.0,A01,138Â 294Â 464,8.0,0.0,-1.0,1646816,2.0,7,,0.0,1.0,4.0,A01,138Â 294Â 464,1.0
964893,201900006424,4,23,09:00,1,2,3,2.0,6.0,83126,ANCIENS COMBATANTS D'INDOCHINE (AV DES),M,"43,1050900","5,8562400",83,2019,50.0,2.0,2.0,3.0,2156676,1.0,1,1,2,2.0,,0.0,0,1982.0,A01,138Â 294Â 464,8.0,0.0,-1.0,1646816,2.0,7,,0.0,1.0,4.0,A01,138Â 294Â 464,1.0
964893,201900006424,4,23,09:00,1,2,3,2.0,6.0,83126,ANCIENS COMBATANTS D'INDOCHINE (AV DES),M,"43,1050900","5,8562400",83,2019,50.0,2.0,2.0,3.0,2156677,10.0,3,3,1,0.0,,3.0,3,2013.0,A01,138Â 294Â 464,8.0,0.0,-1.0,1646816,2.0,7,,0.0,1.0,4.0,A01,138Â 294Â 464,1.0
964894,201900006425,4,21,12:00,1,1,1,1.0,2.0,83123,LANCON (CHEMIN),M,"43,1602600","5,7906200",83,2019,50.0,1.0,1.0,3.0,2156678,1.0,1,3,1,5.0,,-1.0, -1,1998.0,B01,138Â 294Â 462,8.0,0.0,-1.0,1646817,2.0,31,,0.0,2.0,1.0,B01,138Â 294Â 462,1.0
964894,201900006425,4,21,12:00,1,1,1,1.0,2.0,83123,LANCON (CHEMIN),M,"43,1602600","5,7906200",83,2019,50.0,1.0,1.0,3.0,2156678,1.0,1,3,1,5.0,,-1.0, -1,1998.0,B01,138Â 294Â 462,8.0,0.0,-1.0,1646818,1.0,7,,2.0,2.0,4.0,A01,138Â 294Â 463,1.0
964894,201900006425,4,21,12:00,1,1,1,1.0,2.0,83123,LANCON (CHEMIN),M,"43,1602600","5,7906200",83,2019,50.0,1.0,1.0,3.0,2156679,1.0,1,1,1,5.0,,-1.0,0,1993.0,A01,138Â 294Â 463,1.0,0.0,-1.0,1646817,2.0,31,,0.0,2.0,1.0,B01,138Â 294Â 462,1.0
964894,201900006425,4,21,12:00,1,1,1,1.0,2.0,83123,LANCON (CHEMIN),M,"43,1602600","5,7906200",83,2019,50.0,1.0,1.0,3.0,2156679,1.0,1,1,1,5.0,,-1.0,0,1993.0,A01,138Â 294Â 463,1.0,0.0,-1.0,1646818,1.0,7,,2.0,2.0,4.0,A01,138Â 294Â 463,1.0
964895,201900006426,4,28,06:15,2,1,1,1.0,6.0,83034,RUE DES 3 PINS,M,"43,1035731","6,0551691",83,2019,70.0,1.0,1.0,3.0,2156680,4.0,2,1,2,5.0,,-1.0,0,1997.0,A01,138Â 294Â 459,8.0,0.0,-1.0,1646819,1.0,7,,6.0,0.0,1.0,A01,138Â 294Â 459,1.0
964895,201900006426,4,28,06:15,2,1,1,1.0,6.0,83034,RUE DES 3 PINS,M,"43,1035731","6,0551691",83,2019,70.0,1.0,1.0,3.0,2156681,2.0,2,3,2,5.0,,-1.0,0,1998.0,A01,138Â 294Â 459,8.0,0.0,-1.0,1646819,1.0,7,,6.0,0.0,1.0,A01,138Â 294Â 459,1.0
964895,201900006426,4,28,06:15,2,1,1,1.0,6.0,83034,RUE DES 3 PINS,M,"43,1035731","6,0551691",83,2019,70.0,1.0,1.0,3.0,2156682,1.0,1,1,1,5.0,,-1.0,0,1998.0,A01,138Â 294Â 459,1.0,8.0,-1.0,1646819,1.0,7,,6.0,0.0,1.0,A01,138Â 294Â 459,1.0
964896,201900006427,4,22,13:30,1,2,1,1.0,6.0,83050,DE GAULLE(AVENUE CHARLES),M,"43,5240500","6,4725300",83,2019,50.0,1.0,1.0,4.0,2156683,1.0,1,1,1,5.0,,-1.0, -1,1966.0,B01,138Â 294Â 456,1.0,8.0,-1.0,1646820,2.0,7,,0.0,2.0,5.0,B01,138Â 294Â 456,1.0
964896,201900006427,4,22,13:30,1,2,1,1.0,6.0,83050,DE GAULLE(AVENUE CHARLES),M,"43,5240500","6,4725300",83,2019,50.0,1.0,1.0,4.0,2156683,1.0,1,1,1,5.0,,-1.0, -1,1966.0,B01,138Â 294Â 456,1.0,8.0,-1.0,1646821,2.0,1,,0.0,2.0,8.0,C01,138Â 294Â 457,0.0
964896,201900006427,4,22,13:30,1,2,1,1.0,6.0,83050,DE GAULLE(AVENUE CHARLES),M,"43,5240500","6,4725300",83,2019,50.0,1.0,1.0,4.0,2156683,1.0,1,1,1,5.0,,-1.0, -1,1966.0,B01,138Â 294Â 456,1.0,8.0,-1.0,1646822,2.0,7,,0.0,2.0,7.0,A01,138Â 294Â 458,1.0
964896,201900006427,4,22,13:30,1,2,1,1.0,6.0,83050,DE GAULLE(AVENUE CHARLES),M,"43,5240500","6,4725300",83,2019,50.0,1.0,1.0,4.0,2156684,1.0,1,4,2,5.0,,-1.0,0,1972.0,C01,138Â 294Â 457,8.0,0.0,-1.0,1646820,2.0,7,,0.0,2.0,5.0,B01,138Â 294Â 456,1.0
964896,201900006427,4,22,13:30,1,2,1,1.0,6.0,83050,DE GAULLE(AVENUE CHARLES),M,"43,5240500","6,4725300",83,2019,50.0,1.0,1.0,4.0,2156684,1.0,1,4,2,5.0,,-1.0,0,1972.0,C01,138Â 294Â 457,8.0,0.0,-1.0,1646821,2.0,1,,0.0,2.0,8.0,C01,138Â 294Â 457,0.0
964896,201900006427,4,22,13:30,1,2,1,1.0,6.0,83050,DE GAULLE(AVENUE CHARLES),M,"43,5240500","6,4725300",83,2019,50.0,1.0,1.0,4.0,2156684,1.0,1,4,2,5.0,,-1.0,0,1972.0,C01,138Â 294Â 457,8.0,0.0,-1.0,1646822,2.0,7,,0.0,2.0,7.0,A01,138Â 294Â 458,1.0
964896,201900006427,4,22,13:30,1,2,1,1.0,6.0,83050,DE GAULLE(AVENUE CHARLES),M,"43,5240500","6,4725300",83,2019,50.0,1.0,1.0,4.0,2156685,1.0,1,1,1,5.0,,-1.0,0,1996.0,A01,138Â 294Â 458,1.0,8.0,-1.0,1646820,2.0,7,,0.0,2.0,5.0,B01,138Â 294Â 456,1.0
964896,201900006427,4,22,13:30,1,2,1,1.0,6.0,83050,DE GAULLE(AVENUE CHARLES),M,"43,5240500","6,4725300",83,2019,50.0,1.0,1.0,4.0,2156685,1.0,1,1,1,5.0,,-1.0,0,1996.0,A01,138Â 294Â 458,1.0,8.0,-1.0,1646821,2.0,1,,0.0,2.0,8.0,C01,138Â 294Â 457,0.0
964896,201900006427,4,22,13:30,1,2,1,1.0,6.0,83050,DE GAULLE(AVENUE CHARLES),M,"43,5240500","6,4725300",83,2019,50.0,1.0,1.0,4.0,2156685,1.0,1,1,1,5.0,,-1.0,0,1996.0,A01,138Â 294Â 458,1.0,8.0,-1.0,1646822,2.0,7,,0.0,2.0,7.0,A01,138Â 294Â 458,1.0
964897,201900006428,4,25,12:30,1,2,9,1.0,3.0,82121,EUROPE (AVENUE DE L'),M,"43,9970200","1,3351600",82,2019,30.0,1.0,1.0,4.0,2156686,1.0,1,4,1,-1.0,,-1.0,0,1986.0,D01,138Â 294Â 453,2.0,-1.0,-1.0,1646823,2.0,33,,0.0,2.0,1.0,D01,138Â 294Â 453,-1.0
964897,201900006428,4,25,12:30,1,2,9,1.0,3.0,82121,EUROPE (AVENUE DE L'),M,"43,9970200","1,3351600",82,2019,30.0,1.0,1.0,4.0,2156686,1.0,1,4,1,-1.0,,-1.0,0,1986.0,D01,138Â 294Â 453,2.0,-1.0,-1.0,1646824,1.0,7,,0.0,2.0,8.0,C01,138Â 294Â 454,-1.0
964897,201900006428,4,25,12:30,1,2,9,1.0,3.0,82121,EUROPE (AVENUE DE L'),M,"43,9970200","1,3351600",82,2019,30.0,1.0,1.0,4.0,2156687,1.0,1,1,2,-1.0,,0.0,0,1976.0,C01,138Â 294Â 454,0.0,-1.0,-1.0,1646823,2.0,33,,0.0,2.0,1.0,D01,138Â 294Â 453,-1.0
964897,201900006428,4,25,12:30,1,2,9,1.0,3.0,82121,EUROPE (AVENUE DE L'),M,"43,9970200","1,3351600",82,2019,30.0,1.0,1.0,4.0,2156687,1.0,1,1,2,-1.0,,0.0,0,1976.0,C01,138Â 294Â 454,0.0,-1.0,-1.0,1646824,1.0,7,,0.0,2.0,8.0,C01,138Â 294Â 454,-1.0
964898,201900006429,4,17,11:30,1,1,1,6.0,7.0,81163,RD 118,M,"43,4607700","2,3477200",81,2019,80.0,1.0,1.0,3.0,2156688,2.0,2,2,2,5.0,,0.0,0,1955.0,A01,138Â 294Â 445,1.0,8.0,-1.0,1646825,1.0,7,,0.0,0.0,1.0,A01,138Â 294Â 445,1.0
964898,201900006429,4,17,11:30,1,1,1,6.0,7.0,81163,RD 118,M,"43,4607700","2,3477200",81,2019,80.0,1.0,1.0,3.0,2156689,1.0,1,3,1,5.0,,0.0,0,1959.0,A01,138Â 294Â 445,1.0,8.0,-1.0,1646825,1.0,7,,0.0,0.0,1.0,A01,138Â 294Â 445,1.0
964899,201900006430,4,19,21:35,5,2,6,1.0,7.0,81065,LYAUTEY (BD.MARECHAL),M,"43,6078100","2,2568600",81,2019,50.0,1.0,1.0,3.0,2156690,10.0,3,3,1,0.0,,3.0,3,1993.0,A01,138Â 294Â 440,8.0,0.0,-1.0,1646826,1.0,7,,0.0,1.0,3.0,A01,138Â 294Â 440,1.0
964899,201900006430,4,19,21:35,5,2,6,1.0,7.0,81065,LYAUTEY (BD.MARECHAL),M,"43,6078100","2,2568600",81,2019,50.0,1.0,1.0,3.0,2156691,1.0,1,1,1,5.0,,0.0,0,1985.0,A01,138Â 294Â 440,1.0,8.0,-1.0,1646826,1.0,7,,0.0,1.0,3.0,A01,138Â 294Â 440,1.0
964900,201900006431,4,19,01:50,5,2,1,1.0,1.0,81060,RODEZ  (AVENUE DE),M,"44,0561890","2,1712334",81,2019,50.0,1.0,1.0,3.0,2156692,3.0,2,1,1,5.0,,0.0,0,2001.0,B01,138Â 294Â 437,1.0,0.0,-1.0,1646827,1.0,7,,0.0,2.0,2.0,B01,138Â 294Â 437,1.0
964900,201900006431,4,19,01:50,5,2,1,1.0,1.0,81060,RODEZ  (AVENUE DE),M,"44,0561890","2,1712334",81,2019,50.0,1.0,1.0,3.0,2156692,3.0,2,1,1,5.0,,0.0,0,2001.0,B01,138Â 294Â 437,1.0,0.0,-1.0,1646828,2.0,7,,0.0,2.0,3.0,A01,138Â 294Â 438,1.0
964900,201900006431,4,19,01:50,5,2,1,1.0,1.0,81060,RODEZ  (AVENUE DE),M,"44,0561890","2,1712334",81,2019,50.0,1.0,1.0,3.0,2156693,1.0,1,1,1,5.0,,0.0,0,1961.0,B01,138Â 294Â 437,1.0,0.0,-1.0,1646827,1.0,7,,0.0,2.0,2.0,B01,138Â 294Â 437,1.0