Unnamed: 0_x,num_acc,mois,jour,hrmn,lum,agg,int,atm,col,com,adr,gps,lat,long,dep,annee,vma,situ,surf,catr,Unnamed: 0_y,place,catu,grav,sexe,trajet,secu,locp,actp,an_nais,num_veh_x,id_vehicule_x,secu1,secu2,secu3,Unnamed: 0,senc,catv,occutc,obs,obsm,choc,num_veh_y,id_vehicule_y,motor
964900,201900006431,4,19,01:50,5,2,1,1.0,1.0,81060,RODEZ  (AVENUE DE),M,"44,0561890","2,1712334",81,2019,50.0,1.0,1.0,3.0,2156693,1.0,1,1,1,5.0,,0.0,0,1961.0,B01,138Â 294Â 437,1.0,0.0,-1.0,1646828,2.0,7,,0.0,2.0,3.0,A01,138Â 294Â 438,1.0
964900,201900006431,4,19,01:50,5,2,1,1.0,1.0,81060,RODEZ  (AVENUE DE),M,"44,0561890","2,1712334",81,2019,50.0,1.0,1.0,3.0,2156694,2.0,2,4,2,5.0,,0.0,0,1962.0,B01,138Â 294Â 437,1.0,0.0,-1.0,1646827,1.0,7,,0.0,2.0,2.0,B01,138Â 294Â 437,1.0
964900,201900006431,4,19,01:50,5,2,1,1.0,1.0,81060,RODEZ  (AVENUE DE),M,"44,0561890","2,1712334",81,2019,50.0,1.0,1.0,3.0,2156694,2.0,2,4,2,5.0,,0.0,0,1962.0,B01,138Â 294Â 437,1.0,0.0,-1.0,1646828,2.0,7,,0.0,2.0,3.0,A01,138Â 294Â 438,1.0
964900,201900006431,4,19,01:50,5,2,1,1.0,1.0,81060,RODEZ  (AVENUE DE),M,"44,0561890","2,1712334",81,2019,50.0,1.0,1.0,3.0,2156695,1.0,1,1,1,5.0,,0.0,0,1989.0,A01,138Â 294Â 438,1.0,0.0,-1.0,1646827,1.0,7,,0.0,2.0,2.0,B01,138Â 294Â 437,1.0
964900,201900006431,4,19,01:50,5,2,1,1.0,1.0,81060,RODEZ  (AVENUE DE),M,"44,0561890","2,1712334",81,2019,50.0,1.0,1.0,3.0,2156695,1.0,1,1,1,5.0,,0.0,0,1989.0,A01,138Â 294Â 438,1.0,0.0,-1.0,1646828,2.0,7,,0.0,2.0,3.0,A01,138Â 294Â 438,1.0
964900,201900006431,4,19,01:50,5,2,1,1.0,1.0,81060,RODEZ  (AVENUE DE),M,"44,0561890","2,1712334",81,2019,50.0,1.0,1.0,3.0,2156696,2.0,2,1,2,5.0,,0.0,0,1989.0,A01,138Â 294Â 438,1.0,0.0,-1.0,1646827,1.0,7,,0.0,2.0,2.0,B01,138Â 294Â 437,1.0
964900,201900006431,4,19,01:50,5,2,1,1.0,1.0,81060,RODEZ  (AVENUE DE),M,"44,0561890","2,1712334",81,2019,50.0,1.0,1.0,3.0,2156696,2.0,2,1,2,5.0,,0.0,0,1989.0,A01,138Â 294Â 438,1.0,0.0,-1.0,1646828,2.0,7,,0.0,2.0,3.0,A01,138Â 294Â 438,1.0
964901,201900006432,4,24,00:40,3,2,1,1.0,7.0,81257,MONTPLAISIR ( ROUTE DE ),M,"43,9376000","2,2059000",81,2019,70.0,1.0,1.0,4.0,2156697,1.0,1,4,1,0.0,,0.0,0,2001.0,A01,138Â 294Â 436,2.0,6.0,-1.0,1646829,1.0,32,,0.0,0.0,0.0,A01,138Â 294Â 436,1.0
964902,201900006433,4,25,00:00,5,2,1,1.0,6.0,80021,"21, MAIL ALBERT 1ER",M,"49,8889900","2,2967100",80,2019,50.0,1.0,1.0,4.0,2156698,1.0,1,4,1,0.0,,0.0,0,1965.0,A01,138Â 294Â 435,1.0,0.0,-1.0,1646830,0.0,7,,8.0,0.0,9.0,A01,138Â 294Â 435,1.0
964903,201900006434,4,24,12:10,1,2,1,1.0,6.0,80021,"5, R D'ABBEVILLE",M,"49,9059200","2,2709700",80,2019,50.0,1.0,1.0,4.0,2156699,10.0,3,4,1,0.0,,1.0,3,1970.0,A01,138Â 294Â 434,8.0,0.0,-1.0,1646831,0.0,37,1.0,0.0,1.0,1.0,A01,138Â 294Â 434,1.0
964903,201900006434,4,24,12:10,1,2,1,1.0,6.0,80021,"5, R D'ABBEVILLE",M,"49,9059200","2,2709700",80,2019,50.0,1.0,1.0,4.0,2156700,1.0,1,1,1,0.0,,0.0,0,1967.0,A01,138Â 294Â 434,1.0,0.0,-1.0,1646831,0.0,37,1.0,0.0,1.0,1.0,A01,138Â 294Â 434,1.0
964904,201900006435,4,19,20:40,2,2,1,1.0,2.0,80021,"5, R DEJEAN",M,"49,8917700","2,3127900",80,2019,50.0,1.0,1.0,4.0,2156701,1.0,1,4,2,0.0,,0.0,0,1991.0,B01,138Â 294Â 432,1.0,0.0,-1.0,1646832,0.0,7,,0.0,2.0,2.0,B01,138Â 294Â 432,1.0
964904,201900006435,4,19,20:40,2,2,1,1.0,2.0,80021,"5, R DEJEAN",M,"49,8917700","2,3127900",80,2019,50.0,1.0,1.0,4.0,2156701,1.0,1,4,2,0.0,,0.0,0,1991.0,B01,138Â 294Â 432,1.0,0.0,-1.0,1646833,0.0,31,,0.0,2.0,7.0,A01,138Â 294Â 433,1.0
964904,201900006435,4,19,20:40,2,2,1,1.0,2.0,80021,"5, R DEJEAN",M,"49,8917700","2,3127900",80,2019,50.0,1.0,1.0,4.0,2156702,1.0,1,4,1,0.0,,0.0,0,1989.0,A01,138Â 294Â 433,2.0,0.0,-1.0,1646832,0.0,7,,0.0,2.0,2.0,B01,138Â 294Â 432,1.0
964904,201900006435,4,19,20:40,2,2,1,1.0,2.0,80021,"5, R DEJEAN",M,"49,8917700","2,3127900",80,2019,50.0,1.0,1.0,4.0,2156702,1.0,1,4,1,0.0,,0.0,0,1989.0,A01,138Â 294Â 433,2.0,0.0,-1.0,1646833,0.0,31,,0.0,2.0,7.0,A01,138Â 294Â 433,1.0
964905,201900006436,4,20,09:55,1,2,1,1.0,2.0,80021,BD D'ALSACE LORRAINE ,M,"49,8924400","2,3074400",80,2019,50.0,1.0,1.0,4.0,2156703,1.0,1,4,1,0.0,,0.0,0,1987.0,B01,138Â 294Â 430,2.0,0.0,-1.0,1646834,0.0,33,,0.0,2.0,0.0,B01,138Â 294Â 430,1.0
964905,201900006436,4,20,09:55,1,2,1,1.0,2.0,80021,BD D'ALSACE LORRAINE ,M,"49,8924400","2,3074400",80,2019,50.0,1.0,1.0,4.0,2156703,1.0,1,4,1,0.0,,0.0,0,1987.0,B01,138Â 294Â 430,2.0,0.0,-1.0,1646835,0.0,7,,0.0,2.0,2.0,A01,138Â 294Â 431,1.0
964905,201900006436,4,20,09:55,1,2,1,1.0,2.0,80021,BD D'ALSACE LORRAINE ,M,"49,8924400","2,3074400",80,2019,50.0,1.0,1.0,4.0,2156704,1.0,1,1,2,0.0,,0.0,0,1989.0,A01,138Â 294Â 431,1.0,0.0,-1.0,1646834,0.0,33,,0.0,2.0,0.0,B01,138Â 294Â 430,1.0
964905,201900006436,4,20,09:55,1,2,1,1.0,2.0,80021,BD D'ALSACE LORRAINE ,M,"49,8924400","2,3074400",80,2019,50.0,1.0,1.0,4.0,2156704,1.0,1,1,2,0.0,,0.0,0,1989.0,A01,138Â 294Â 431,1.0,0.0,-1.0,1646835,0.0,7,,0.0,2.0,2.0,A01,138Â 294Â 431,1.0
964906,201900006437,4,18,13:05,1,2,3,1.0,3.0,80489,R DU GENERAL DE GAULLE ,M,"49,8669000","2,3513800",80,2019,50.0,1.0,1.0,4.0,2156705,1.0,1,4,2,0.0,,0.0,0,1976.0,B01,138Â 294Â 428,1.0,0.0,-1.0,1646836,0.0,7,,0.0,2.0,1.0,B01,138Â 294Â 428,1.0
964906,201900006437,4,18,13:05,1,2,3,1.0,3.0,80489,R DU GENERAL DE GAULLE ,M,"49,8669000","2,3513800",80,2019,50.0,1.0,1.0,4.0,2156705,1.0,1,4,2,0.0,,0.0,0,1976.0,B01,138Â 294Â 428,1.0,0.0,-1.0,1646837,0.0,7,,0.0,2.0,7.0,A01,138Â 294Â 429,1.0
964906,201900006437,4,18,13:05,1,2,3,1.0,3.0,80489,R DU GENERAL DE GAULLE ,M,"49,8669000","2,3513800",80,2019,50.0,1.0,1.0,4.0,2156706,1.0,1,4,2,0.0,,0.0,0,1957.0,A01,138Â 294Â 429,1.0,0.0,-1.0,1646836,0.0,7,,0.0,2.0,1.0,B01,138Â 294Â 428,1.0
964906,201900006437,4,18,13:05,1,2,3,1.0,3.0,80489,R DU GENERAL DE GAULLE ,M,"49,8669000","2,3513800",80,2019,50.0,1.0,1.0,4.0,2156706,1.0,1,4,2,0.0,,0.0,0,1957.0,A01,138Â 294Â 429,1.0,0.0,-1.0,1646837,0.0,7,,0.0,2.0,7.0,A01,138Â 294Â 429,1.0
964907,201900006438,4,17,20:05,1,2,1,1.0,3.0,80021,"40, R JULES BARNI",M,"49,8891900","2,3105300",80,2019,50.0,1.0,1.0,4.0,2156707,1.0,1,1,1,0.0,,0.0,0,1987.0,A01,138Â 294Â 426,1.0,0.0,-1.0,1646838,0.0,7,,0.0,2.0,3.0,A01,138Â 294Â 426,1.0
964907,201900006438,4,17,20:05,1,2,1,1.0,3.0,80021,"40, R JULES BARNI",M,"49,8891900","2,3105300",80,2019,50.0,1.0,1.0,4.0,2156707,1.0,1,1,1,0.0,,0.0,0,1987.0,A01,138Â 294Â 426,1.0,0.0,-1.0,1646839,0.0,1,,0.0,2.0,0.0,B01,138Â 294Â 427,5.0
964907,201900006438,4,17,20:05,1,2,1,1.0,3.0,80021,"40, R JULES BARNI",M,"49,8891900","2,3105300",80,2019,50.0,1.0,1.0,4.0,2156708,1.0,1,4,1,0.0,,0.0,0,1994.0,B01,138Â 294Â 427,2.0,0.0,-1.0,1646838,0.0,7,,0.0,2.0,3.0,A01,138Â 294Â 426,1.0
964907,201900006438,4,17,20:05,1,2,1,1.0,3.0,80021,"40, R JULES BARNI",M,"49,8891900","2,3105300",80,2019,50.0,1.0,1.0,4.0,2156708,1.0,1,4,1,0.0,,0.0,0,1994.0,B01,138Â 294Â 427,2.0,0.0,-1.0,1646839,0.0,1,,0.0,2.0,0.0,B01,138Â 294Â 427,5.0
964908,201900006439,4,1,18:50,1,2,1,1.0,6.0,78126,JONCHERE (AVENUE DE LA),M,"48,8588300","2,1458000",78,2019,50.0,1.0,1.0,3.0,2156709,1.0,1,4,1,0.0,,0.0,0,1989.0,A01,138Â 294Â 421,8.0,0.0,-1.0,1646840,2.0,50,,0.0,2.0,0.0,A01,138Â 294Â 421,3.0
964908,201900006439,4,1,18:50,1,2,1,1.0,6.0,78126,JONCHERE (AVENUE DE LA),M,"48,8588300","2,1458000",78,2019,50.0,1.0,1.0,3.0,2156709,1.0,1,4,1,0.0,,0.0,0,1989.0,A01,138Â 294Â 421,8.0,0.0,-1.0,1646841,0.0,7,,0.0,2.0,1.0,B01,138Â 294Â 422,1.0
964908,201900006439,4,1,18:50,1,2,1,1.0,6.0,78126,JONCHERE (AVENUE DE LA),M,"48,8588300","2,1458000",78,2019,50.0,1.0,1.0,3.0,2156710,1.0,1,1,2,0.0,,-1.0,0,1989.0,B01,138Â 294Â 422,8.0,0.0,-1.0,1646840,2.0,50,,0.0,2.0,0.0,A01,138Â 294Â 421,3.0
964908,201900006439,4,1,18:50,1,2,1,1.0,6.0,78126,JONCHERE (AVENUE DE LA),M,"48,8588300","2,1458000",78,2019,50.0,1.0,1.0,3.0,2156710,1.0,1,1,2,0.0,,-1.0,0,1989.0,B01,138Â 294Â 422,8.0,0.0,-1.0,1646841,0.0,7,,0.0,2.0,1.0,B01,138Â 294Â 422,1.0
964909,201900006440,4,21,17:45,1,2,1,1.0,2.0,78646,PARIS (AVENUE DE),M,"48,8020000","2,1312000",78,2019,50.0,1.0,1.0,3.0,2156711,1.0,1,1,2,3.0,,-1.0,0,1967.0,B01,138Â 294Â 419,1.0,0.0,-1.0,1646842,1.0,7,,0.0,2.0,5.0,B01,138Â 294Â 419,1.0
964909,201900006440,4,21,17:45,1,2,1,1.0,2.0,78646,PARIS (AVENUE DE),M,"48,8020000","2,1312000",78,2019,50.0,1.0,1.0,3.0,2156711,1.0,1,1,2,3.0,,-1.0,0,1967.0,B01,138Â 294Â 419,1.0,0.0,-1.0,1646843,1.0,7,,0.0,2.0,3.0,A01,138Â 294Â 420,1.0
964909,201900006440,4,21,17:45,1,2,1,1.0,2.0,78646,PARIS (AVENUE DE),M,"48,8020000","2,1312000",78,2019,50.0,1.0,1.0,3.0,2156712,2.0,2,4,2,5.0,,-1.0,0,1972.0,B01,138Â 294Â 419,1.0,0.0,-1.0,1646842,1.0,7,,0.0,2.0,5.0,B01,138Â 294Â 419,1.0
964909,201900006440,4,21,17:45,1,2,1,1.0,2.0,78646,PARIS (AVENUE DE),M,"48,8020000","2,1312000",78,2019,50.0,1.0,1.0,3.0,2156712,2.0,2,4,2,5.0,,-1.0,0,1972.0,B01,138Â 294Â 419,1.0,0.0,-1.0,1646843,1.0,7,,0.0,2.0,3.0,A01,138Â 294Â 420,1.0
964909,201900006440,4,21,17:45,1,2,1,1.0,2.0,78646,PARIS (AVENUE DE),M,"48,8020000","2,1312000",78,2019,50.0,1.0,1.0,3.0,2156713,1.0,1,1,1,5.0,,-1.0,0,1996.0,A01,138Â 294Â 420,1.0,0.0,-1.0,1646842,1.0,7,,0.0,2.0,5.0,B01,138Â 294Â 419,1.0
964909,201900006440,4,21,17:45,1,2,1,1.0,2.0,78646,PARIS (AVENUE DE),M,"48,8020000","2,1312000",78,2019,50.0,1.0,1.0,3.0,2156713,1.0,1,1,1,5.0,,-1.0,0,1996.0,A01,138Â 294Â 420,1.0,0.0,-1.0,1646843,1.0,7,,0.0,2.0,3.0,A01,138Â 294Â 420,1.0
964909,201900006440,4,21,17:45,1,2,1,1.0,2.0,78646,PARIS (AVENUE DE),M,"48,8020000","2,1312000",78,2019,50.0,1.0,1.0,3.0,2156714,3.0,2,1,1,5.0,,-1.0,0,1985.0,A01,138Â 294Â 420,1.0,0.0,-1.0,1646842,1.0,7,,0.0,2.0,5.0,B01,138Â 294Â 419,1.0
964909,201900006440,4,21,17:45,1,2,1,1.0,2.0,78646,PARIS (AVENUE DE),M,"48,8020000","2,1312000",78,2019,50.0,1.0,1.0,3.0,2156714,3.0,2,1,1,5.0,,-1.0,0,1985.0,A01,138Â 294Â 420,1.0,0.0,-1.0,1646843,1.0,7,,0.0,2.0,3.0,A01,138Â 294Â 420,1.0
964909,201900006440,4,21,17:45,1,2,1,1.0,2.0,78646,PARIS (AVENUE DE),M,"48,8020000","2,1312000",78,2019,50.0,1.0,1.0,3.0,2156715,4.0,2,1,1,5.0,,-1.0,0,1989.0,A01,138Â 294Â 420,1.0,0.0,-1.0,1646842,1.0,7,,0.0,2.0,5.0,B01,138Â 294Â 419,1.0
964909,201900006440,4,21,17:45,1,2,1,1.0,2.0,78646,PARIS (AVENUE DE),M,"48,8020000","2,1312000",78,2019,50.0,1.0,1.0,3.0,2156715,4.0,2,1,1,5.0,,-1.0,0,1989.0,A01,138Â 294Â 420,1.0,0.0,-1.0,1646843,1.0,7,,0.0,2.0,3.0,A01,138Â 294Â 420,1.0
964909,201900006440,4,21,17:45,1,2,1,1.0,2.0,78646,PARIS (AVENUE DE),M,"48,8020000","2,1312000",78,2019,50.0,1.0,1.0,3.0,2156716,2.0,2,4,2,5.0,,-1.0,0,1998.0,A01,138Â 294Â 420,1.0,0.0,-1.0,1646842,1.0,7,,0.0,2.0,5.0,B01,138Â 294Â 419,1.0
964909,201900006440,4,21,17:45,1,2,1,1.0,2.0,78646,PARIS (AVENUE DE),M,"48,8020000","2,1312000",78,2019,50.0,1.0,1.0,3.0,2156716,2.0,2,4,2,5.0,,-1.0,0,1998.0,A01,138Â 294Â 420,1.0,0.0,-1.0,1646843,1.0,7,,0.0,2.0,3.0,A01,138Â 294Â 420,1.0
964910,201900006441,4,18,18:55,1,1,1,1.0,3.0,78646,DIVISION LECLERC (RUE DE LA),M,"48,8011100","2,0802400",78,2019,90.0,1.0,1.0,3.0,2156717,1.0,1,4,1,1.0,,-1.0,0,1969.0,B01,138Â 294Â 417,1.0,0.0,-1.0,1646844,2.0,7,,0.0,2.0,8.0,B01,138Â 294Â 417,1.0
964910,201900006441,4,18,18:55,1,1,1,1.0,3.0,78646,DIVISION LECLERC (RUE DE LA),M,"48,8011100","2,0802400",78,2019,90.0,1.0,1.0,3.0,2156717,1.0,1,4,1,1.0,,-1.0,0,1969.0,B01,138Â 294Â 417,1.0,0.0,-1.0,1646845,2.0,10,,0.0,2.0,1.0,A01,138Â 294Â 418,1.0
964910,201900006441,4,18,18:55,1,1,1,1.0,3.0,78646,DIVISION LECLERC (RUE DE LA),M,"48,8011100","2,0802400",78,2019,90.0,1.0,1.0,3.0,2156718,5.0,2,4,1,4.0,,-1.0,0,1988.0,A01,138Â 294Â 418,8.0,0.0,-1.0,1646844,2.0,7,,0.0,2.0,8.0,B01,138Â 294Â 417,1.0
964910,201900006441,4,18,18:55,1,1,1,1.0,3.0,78646,DIVISION LECLERC (RUE DE LA),M,"48,8011100","2,0802400",78,2019,90.0,1.0,1.0,3.0,2156718,5.0,2,4,1,4.0,,-1.0,0,1988.0,A01,138Â 294Â 418,8.0,0.0,-1.0,1646845,2.0,10,,0.0,2.0,1.0,A01,138Â 294Â 418,1.0
964910,201900006441,4,18,18:55,1,1,1,1.0,3.0,78646,DIVISION LECLERC (RUE DE LA),M,"48,8011100","2,0802400",78,2019,90.0,1.0,1.0,3.0,2156719,4.0,2,4,2,4.0,,-1.0,0,1991.0,A01,138Â 294Â 418,8.0,0.0,-1.0,1646844,2.0,7,,0.0,2.0,8.0,B01,138Â 294Â 417,1.0
964910,201900006441,4,18,18:55,1,1,1,1.0,3.0,78646,DIVISION LECLERC (RUE DE LA),M,"48,8011100","2,0802400",78,2019,90.0,1.0,1.0,3.0,2156719,4.0,2,4,2,4.0,,-1.0,0,1991.0,A01,138Â 294Â 418,8.0,0.0,-1.0,1646845,2.0,10,,0.0,2.0,1.0,A01,138Â 294Â 418,1.0
964910,201900006441,4,18,18:55,1,1,1,1.0,3.0,78646,DIVISION LECLERC (RUE DE LA),M,"48,8011100","2,0802400",78,2019,90.0,1.0,1.0,3.0,2156720,1.0,1,4,1,0.0,,-1.0,0,1985.0,A01,138Â 294Â 418,1.0,0.0,-1.0,1646844,2.0,7,,0.0,2.0,8.0,B01,138Â 294Â 417,1.0
964910,201900006441,4,18,18:55,1,1,1,1.0,3.0,78646,DIVISION LECLERC (RUE DE LA),M,"48,8011100","2,0802400",78,2019,90.0,1.0,1.0,3.0,2156720,1.0,1,4,1,0.0,,-1.0,0,1985.0,A01,138Â 294Â 418,1.0,0.0,-1.0,1646845,2.0,10,,0.0,2.0,1.0,A01,138Â 294Â 418,1.0
964910,201900006441,4,18,18:55,1,1,1,1.0,3.0,78646,DIVISION LECLERC (RUE DE LA),M,"48,8011100","2,0802400",78,2019,90.0,1.0,1.0,3.0,2156721,2.0,2,4,1,4.0,,-1.0,0,1971.0,A01,138Â 294Â 418,1.0,0.0,-1.0,1646844,2.0,7,,0.0,2.0,8.0,B01,138Â 294Â 417,1.0
964910,201900006441,4,18,18:55,1,1,1,1.0,3.0,78646,DIVISION LECLERC (RUE DE LA),M,"48,8011100","2,0802400",78,2019,90.0,1.0,1.0,3.0,2156721,2.0,2,4,1,4.0,,-1.0,0,1971.0,A01,138Â 294Â 418,1.0,0.0,-1.0,1646845,2.0,10,,0.0,2.0,1.0,A01,138Â 294Â 418,1.0
964911,201900006442,4,21,17:45,1,1,1,7.0,3.0,78551,ROUTE NATIONALE 13,M,"48,8887200","2,0857100",78,2019,70.0,1.0,1.0,2.0,2156722,1.0,1,4,1,5.0,,-1.0,0,1976.0,B01,138Â 294Â 415,2.0,6.0,-1.0,1646846,2.0,33,,0.0,2.0,8.0,B01,138Â 294Â 415,1.0
964911,201900006442,4,21,17:45,1,1,1,7.0,3.0,78551,ROUTE NATIONALE 13,M,"48,8887200","2,0857100",78,2019,70.0,1.0,1.0,2.0,2156722,1.0,1,4,1,5.0,,-1.0,0,1976.0,B01,138Â 294Â 415,2.0,6.0,-1.0,1646847,2.0,7,,0.0,2.0,7.0,A01,138Â 294Â 416,0.0
964911,201900006442,4,21,17:45,1,1,1,7.0,3.0,78551,ROUTE NATIONALE 13,M,"48,8887200","2,0857100",78,2019,70.0,1.0,1.0,2.0,2156723,2.0,2,3,2,5.0,,-1.0,0,1979.0,B01,138Â 294Â 415,2.0,6.0,-1.0,1646846,2.0,33,,0.0,2.0,8.0,B01,138Â 294Â 415,1.0
964911,201900006442,4,21,17:45,1,1,1,7.0,3.0,78551,ROUTE NATIONALE 13,M,"48,8887200","2,0857100",78,2019,70.0,1.0,1.0,2.0,2156723,2.0,2,3,2,5.0,,-1.0,0,1979.0,B01,138Â 294Â 415,2.0,6.0,-1.0,1646847,2.0,7,,0.0,2.0,7.0,A01,138Â 294Â 416,0.0
964912,201900006443,4,18,23:10,3,1,1,1.0,1.0,78674,PARIS  CD 12 E (COTE DE),M,"48,8213700","2,0255100",78,2019,80.0,1.0,1.0,3.0,2156724,1.0,1,4,1,9.0,,-1.0,0,1980.0,B01,138Â 294Â 410,1.0,0.0,-1.0,1646848,2.0,7,,0.0,2.0,1.0,B01,138Â 294Â 410,1.0
964912,201900006443,4,18,23:10,3,1,1,1.0,1.0,78674,PARIS  CD 12 E (COTE DE),M,"48,8213700","2,0255100",78,2019,80.0,1.0,1.0,3.0,2156724,1.0,1,4,1,9.0,,-1.0,0,1980.0,B01,138Â 294Â 410,1.0,0.0,-1.0,1646849,1.0,7,,0.0,2.0,1.0,A01,138Â 294Â 411,1.0
964912,201900006443,4,18,23:10,3,1,1,1.0,1.0,78674,PARIS  CD 12 E (COTE DE),M,"48,8213700","2,0255100",78,2019,80.0,1.0,1.0,3.0,2156725,1.0,1,3,1,9.0,,-1.0,0,1969.0,A01,138Â 294Â 411,1.0,0.0,-1.0,1646848,2.0,7,,0.0,2.0,1.0,B01,138Â 294Â 410,1.0
964912,201900006443,4,18,23:10,3,1,1,1.0,1.0,78674,PARIS  CD 12 E (COTE DE),M,"48,8213700","2,0255100",78,2019,80.0,1.0,1.0,3.0,2156725,1.0,1,3,1,9.0,,-1.0,0,1969.0,A01,138Â 294Â 411,1.0,0.0,-1.0,1646849,1.0,7,,0.0,2.0,1.0,A01,138Â 294Â 411,1.0
964913,201900006444,4,20,17:15,1,2,6,1.0,2.0,78643,RD154,M,"48,9661300","1,9910300",78,2019,70.0,1.0,1.0,3.0,2156726,1.0,1,1,1,0.0,,-1.0,0,1980.0,B01,138Â 294Â 404,8.0,0.0,-1.0,1646850,2.0,7,,0.0,2.0,4.0,B01,138Â 294Â 404,1.0
964913,201900006444,4,20,17:15,1,2,6,1.0,2.0,78643,RD154,M,"48,9661300","1,9910300",78,2019,70.0,1.0,1.0,3.0,2156726,1.0,1,1,1,0.0,,-1.0,0,1980.0,B01,138Â 294Â 404,8.0,0.0,-1.0,1646851,2.0,7,,0.0,2.0,1.0,A01,138Â 294Â 405,1.0
964913,201900006444,4,20,17:15,1,2,6,1.0,2.0,78643,RD154,M,"48,9661300","1,9910300",78,2019,70.0,1.0,1.0,3.0,2156727,1.0,1,4,2,9.0,,-1.0,0,1953.0,A01,138Â 294Â 405,1.0,0.0,-1.0,1646850,2.0,7,,0.0,2.0,4.0,B01,138Â 294Â 404,1.0
964913,201900006444,4,20,17:15,1,2,6,1.0,2.0,78643,RD154,M,"48,9661300","1,9910300",78,2019,70.0,1.0,1.0,3.0,2156727,1.0,1,4,2,9.0,,-1.0,0,1953.0,A01,138Â 294Â 405,1.0,0.0,-1.0,1646851,2.0,7,,0.0,2.0,1.0,A01,138Â 294Â 405,1.0
964914,201900006445,4,22,17:00,1,1,1,1.0,3.0,77514,D84C-JEAN MONNET (AVENUE),M,"48,9385800","2,6212500",77,2019,50.0,1.0,1.0,3.0,2156728,2.0,2,3,2,5.0,,-1.0,0,1972.0,B01,138Â 294Â 400,2.0,6.0,-1.0,1646852,1.0,31,,0.0,2.0,8.0,B01,138Â 294Â 400,1.0
964914,201900006445,4,22,17:00,1,1,1,1.0,3.0,77514,D84C-JEAN MONNET (AVENUE),M,"48,9385800","2,6212500",77,2019,50.0,1.0,1.0,3.0,2156728,2.0,2,3,2,5.0,,-1.0,0,1972.0,B01,138Â 294Â 400,2.0,6.0,-1.0,1646853,1.0,7,,0.0,2.0,1.0,A01,138Â 294Â 401,1.0
964914,201900006445,4,22,17:00,1,1,1,1.0,3.0,77514,D84C-JEAN MONNET (AVENUE),M,"48,9385800","2,6212500",77,2019,50.0,1.0,1.0,3.0,2156729,1.0,1,3,1,5.0,,-1.0,0,1968.0,B01,138Â 294Â 400,2.0,6.0,-1.0,1646852,1.0,31,,0.0,2.0,8.0,B01,138Â 294Â 400,1.0
964914,201900006445,4,22,17:00,1,1,1,1.0,3.0,77514,D84C-JEAN MONNET (AVENUE),M,"48,9385800","2,6212500",77,2019,50.0,1.0,1.0,3.0,2156729,1.0,1,3,1,5.0,,-1.0,0,1968.0,B01,138Â 294Â 400,2.0,6.0,-1.0,1646853,1.0,7,,0.0,2.0,1.0,A01,138Â 294Â 401,1.0
964914,201900006445,4,22,17:00,1,1,1,1.0,3.0,77514,D84C-JEAN MONNET (AVENUE),M,"48,9385800","2,6212500",77,2019,50.0,1.0,1.0,3.0,2156730,1.0,1,1,1,9.0,,-1.0,0,1982.0,A01,138Â 294Â 401,1.0,0.0,-1.0,1646852,1.0,31,,0.0,2.0,8.0,B01,138Â 294Â 400,1.0
964914,201900006445,4,22,17:00,1,1,1,1.0,3.0,77514,D84C-JEAN MONNET (AVENUE),M,"48,9385800","2,6212500",77,2019,50.0,1.0,1.0,3.0,2156730,1.0,1,1,1,9.0,,-1.0,0,1982.0,A01,138Â 294Â 401,1.0,0.0,-1.0,1646853,1.0,7,,0.0,2.0,1.0,A01,138Â 294Â 401,1.0
964915,201900006446,4,11,17:35,1,2,8,1.0,3.0,77431,D607 - GARE (PLACE DE LA),M,"48,2669400","2,6872800",77,2019,50.0,1.0,1.0,3.0,2156731,1.0,1,1,1,1.0,,-1.0,0,1996.0,B01,138Â 294Â 392,1.0,8.0,-1.0,1646854,2.0,7,,0.0,2.0,2.0,B01,138Â 294Â 392,1.0
964915,201900006446,4,11,17:35,1,2,8,1.0,3.0,77431,D607 - GARE (PLACE DE LA),M,"48,2669400","2,6872800",77,2019,50.0,1.0,1.0,3.0,2156731,1.0,1,1,1,1.0,,-1.0,0,1996.0,B01,138Â 294Â 392,1.0,8.0,-1.0,1646855,1.0,30,,0.0,2.0,1.0,A01,138Â 294Â 393,1.0
964915,201900006446,4,11,17:35,1,2,8,1.0,3.0,77431,D607 - GARE (PLACE DE LA),M,"48,2669400","2,6872800",77,2019,50.0,1.0,1.0,3.0,2156732,1.0,1,3,1,5.0,,-1.0,0,1991.0,A01,138Â 294Â 393,2.0,8.0,-1.0,1646854,2.0,7,,0.0,2.0,2.0,B01,138Â 294Â 392,1.0
964915,201900006446,4,11,17:35,1,2,8,1.0,3.0,77431,D607 - GARE (PLACE DE LA),M,"48,2669400","2,6872800",77,2019,50.0,1.0,1.0,3.0,2156732,1.0,1,3,1,5.0,,-1.0,0,1991.0,A01,138Â 294Â 393,2.0,8.0,-1.0,1646855,1.0,30,,0.0,2.0,1.0,A01,138Â 294Â 393,1.0
964916,201900006447,4,22,10:30,1,1,3,1.0,3.0,77210,D606 X D28A,M,"48,3612900","2,8885700",77,2019,80.0,1.0,1.0,3.0,2156733,1.0,1,1,1,5.0,,-1.0,0,1941.0,A01,138Â 294Â 390,1.0,0.0,-1.0,1646856,1.0,7,,0.0,2.0,1.0,A01,138Â 294Â 390,1.0
964916,201900006447,4,22,10:30,1,1,3,1.0,3.0,77210,D606 X D28A,M,"48,3612900","2,8885700",77,2019,80.0,1.0,1.0,3.0,2156733,1.0,1,1,1,5.0,,-1.0,0,1941.0,A01,138Â 294Â 390,1.0,0.0,-1.0,1646857,2.0,7,,0.0,2.0,8.0,B01,138Â 294Â 391,1.0