Unnamed: 0_x,num_acc,mois,jour,hrmn,lum,agg,int,atm,col,com,adr,gps,lat,long,dep,annee,vma,situ,surf,catr,Unnamed: 0_y,place,catu,grav,sexe,trajet,secu,locp,actp,an_nais,num_veh_x,id_vehicule_x,secu1,secu2,secu3,Unnamed: 0,senc,catv,occutc,obs,obsm,choc,num_veh_y,id_vehicule_y,motor
964916,201900006447,4,22,10:30,1,1,3,1.0,3.0,77210,D606 X D28A,M,"48,3612900","2,8885700",77,2019,80.0,1.0,1.0,3.0,2156734,1.0,1,4,2,0.0,,-1.0,0,1998.0,B01,138Â 294Â 391,1.0,0.0,-1.0,1646856,1.0,7,,0.0,2.0,1.0,A01,138Â 294Â 390,1.0
964916,201900006447,4,22,10:30,1,1,3,1.0,3.0,77210,D606 X D28A,M,"48,3612900","2,8885700",77,2019,80.0,1.0,1.0,3.0,2156734,1.0,1,4,2,0.0,,-1.0,0,1998.0,B01,138Â 294Â 391,1.0,0.0,-1.0,1646857,2.0,7,,0.0,2.0,8.0,B01,138Â 294Â 391,1.0
964917,201900006448,4,22,13:30,1,2,3,1.0,3.0,77445,REGALLES (AVENUE DES),M,"48,6028000","2,5554000",77,2019,30.0,1.0,1.0,4.0,2156735,1.0,1,1,1,5.0,,-1.0,0,1998.0,A01,138Â 294Â 388,8.0,0.0,-1.0,1646858,1.0,7,,0.0,2.0,2.0,A01,138Â 294Â 388,1.0
964917,201900006448,4,22,13:30,1,2,3,1.0,3.0,77445,REGALLES (AVENUE DES),M,"48,6028000","2,5554000",77,2019,30.0,1.0,1.0,4.0,2156735,1.0,1,1,1,5.0,,-1.0,0,1998.0,A01,138Â 294Â 388,8.0,0.0,-1.0,1646859,1.0,7,,0.0,2.0,3.0,B01,138Â 294Â 389,0.0
964917,201900006448,4,22,13:30,1,2,3,1.0,3.0,77445,REGALLES (AVENUE DES),M,"48,6028000","2,5554000",77,2019,30.0,1.0,1.0,4.0,2156736,1.0,1,1,1,5.0,,-1.0, -1,1986.0,B01,138Â 294Â 389,1.0,0.0,-1.0,1646858,1.0,7,,0.0,2.0,2.0,A01,138Â 294Â 388,1.0
964917,201900006448,4,22,13:30,1,2,3,1.0,3.0,77445,REGALLES (AVENUE DES),M,"48,6028000","2,5554000",77,2019,30.0,1.0,1.0,4.0,2156736,1.0,1,1,1,5.0,,-1.0, -1,1986.0,B01,138Â 294Â 389,1.0,0.0,-1.0,1646859,1.0,7,,0.0,2.0,3.0,B01,138Â 294Â 389,0.0
964917,201900006448,4,22,13:30,1,2,3,1.0,3.0,77445,REGALLES (AVENUE DES),M,"48,6028000","2,5554000",77,2019,30.0,1.0,1.0,4.0,2156737,2.0,2,4,2,5.0,,-1.0,0,1988.0,B01,138Â 294Â 389,1.0,0.0,-1.0,1646858,1.0,7,,0.0,2.0,2.0,A01,138Â 294Â 388,1.0
964917,201900006448,4,22,13:30,1,2,3,1.0,3.0,77445,REGALLES (AVENUE DES),M,"48,6028000","2,5554000",77,2019,30.0,1.0,1.0,4.0,2156737,2.0,2,4,2,5.0,,-1.0,0,1988.0,B01,138Â 294Â 389,1.0,0.0,-1.0,1646859,1.0,7,,0.0,2.0,3.0,B01,138Â 294Â 389,0.0
964918,201900006449,4,26,16:15,1,1,2,1.0,1.0,77085,RD231,M,"48,8586000","2,7513000",77,2019,70.0,1.0,1.0,3.0,2156738,1.0,1,4,2,0.0,,-1.0,0,1937.0,B01,138Â 294Â 385,1.0,0.0,-1.0,1646860,1.0,10,,0.0,2.0,2.0,B01,138Â 294Â 385,1.0
964918,201900006449,4,26,16:15,1,1,2,1.0,1.0,77085,RD231,M,"48,8586000","2,7513000",77,2019,70.0,1.0,1.0,3.0,2156738,1.0,1,4,2,0.0,,-1.0,0,1937.0,B01,138Â 294Â 385,1.0,0.0,-1.0,1646861,2.0,10,,0.0,2.0,1.0,A01,138Â 294Â 386,1.0
964918,201900006449,4,26,16:15,1,1,2,1.0,1.0,77085,RD231,M,"48,8586000","2,7513000",77,2019,70.0,1.0,1.0,3.0,2156739,1.0,1,4,1,0.0,,-1.0,0,1976.0,A01,138Â 294Â 386,1.0,0.0,-1.0,1646860,1.0,10,,0.0,2.0,2.0,B01,138Â 294Â 385,1.0
964918,201900006449,4,26,16:15,1,1,2,1.0,1.0,77085,RD231,M,"48,8586000","2,7513000",77,2019,70.0,1.0,1.0,3.0,2156739,1.0,1,4,1,0.0,,-1.0,0,1976.0,A01,138Â 294Â 386,1.0,0.0,-1.0,1646861,2.0,10,,0.0,2.0,1.0,A01,138Â 294Â 386,1.0
964919,201900006450,4,26,17:00,1,2,1,1.0,2.0,77243,D934 - GEORGES CLEMENCEAU  (AVENUE),M,"48,8775160","2,7250800",77,2019,50.0,1.0,1.0,3.0,2156740,1.0,1,4,1,0.0,,-1.0,0,1981.0,B01,138Â 294Â 383,1.0,0.0,-1.0,1646862,1.0,7,,0.0,2.0,5.0,B01,138Â 294Â 383,1.0
964919,201900006450,4,26,17:00,1,2,1,1.0,2.0,77243,D934 - GEORGES CLEMENCEAU  (AVENUE),M,"48,8775160","2,7250800",77,2019,50.0,1.0,1.0,3.0,2156740,1.0,1,4,1,0.0,,-1.0,0,1981.0,B01,138Â 294Â 383,1.0,0.0,-1.0,1646863,1.0,7,,0.0,2.0,1.0,A01,138Â 294Â 384,1.0
964919,201900006450,4,26,17:00,1,2,1,1.0,2.0,77243,D934 - GEORGES CLEMENCEAU  (AVENUE),M,"48,8775160","2,7250800",77,2019,50.0,1.0,1.0,3.0,2156741,1.0,1,1,1,0.0,,-1.0,0,1992.0,A01,138Â 294Â 384,1.0,0.0,-1.0,1646862,1.0,7,,0.0,2.0,5.0,B01,138Â 294Â 383,1.0
964919,201900006450,4,26,17:00,1,2,1,1.0,2.0,77243,D934 - GEORGES CLEMENCEAU  (AVENUE),M,"48,8775160","2,7250800",77,2019,50.0,1.0,1.0,3.0,2156741,1.0,1,1,1,0.0,,-1.0,0,1992.0,A01,138Â 294Â 384,1.0,0.0,-1.0,1646863,1.0,7,,0.0,2.0,1.0,A01,138Â 294Â 384,1.0
964920,201900006451,4,26,09:30,1,2,2,1.0,3.0,77438,PAUL HENRI SPAAK  (RUE   ),M,"48,8658180","2,6733050",77,2019,30.0,1.0,1.0,4.0,2156742,1.0,1,4,2,1.0,,-1.0,0,1994.0,B01,138Â 294Â 381,1.0,0.0,-1.0,1646864,3.0,7,,0.0,2.0,3.0,B01,138Â 294Â 381,1.0
964920,201900006451,4,26,09:30,1,2,2,1.0,3.0,77438,PAUL HENRI SPAAK  (RUE   ),M,"48,8658180","2,6733050",77,2019,30.0,1.0,1.0,4.0,2156742,1.0,1,4,2,1.0,,-1.0,0,1994.0,B01,138Â 294Â 381,1.0,0.0,-1.0,1646865,3.0,20,,0.0,2.0,2.0,A01,138Â 294Â 382,0.0
964920,201900006451,4,26,09:30,1,2,2,1.0,3.0,77438,PAUL HENRI SPAAK  (RUE   ),M,"48,8658180","2,6733050",77,2019,30.0,1.0,1.0,4.0,2156743,1.0,1,1,1,0.0,,-1.0,0,1963.0,A01,138Â 294Â 382,1.0,0.0,-1.0,1646864,3.0,7,,0.0,2.0,3.0,B01,138Â 294Â 381,1.0
964920,201900006451,4,26,09:30,1,2,2,1.0,3.0,77438,PAUL HENRI SPAAK  (RUE   ),M,"48,8658180","2,6733050",77,2019,30.0,1.0,1.0,4.0,2156743,1.0,1,1,1,0.0,,-1.0,0,1963.0,A01,138Â 294Â 382,1.0,0.0,-1.0,1646865,3.0,20,,0.0,2.0,2.0,A01,138Â 294Â 382,0.0
964921,201900006452,4,20,18:45,1,2,1,7.0,6.0,77058,GENERAL DE GAULLE  (AVENUE DU),M,"48,8389242","2,7187361",77,2019,30.0,2.0,1.0,4.0,2156744,1.0,1,1,1,5.0,,-1.0,0,1971.0,A01,138Â 294Â 380,1.0,0.0,-1.0,1646866,3.0,7,,0.0,1.0,2.0,A01,138Â 294Â 380,0.0
964921,201900006452,4,20,18:45,1,2,1,7.0,6.0,77058,GENERAL DE GAULLE  (AVENUE DU),M,"48,8389242","2,7187361",77,2019,30.0,2.0,1.0,4.0,2156745,10.0,3,4,1,0.0,,0.0,3,1999.0,A01,138Â 294Â 380,8.0,0.0,-1.0,1646866,3.0,7,,0.0,1.0,2.0,A01,138Â 294Â 380,0.0
964922,201900006453,4,19,08:50,1,2,3,1.0,3.0,77243,GOUVERNES  (CHEMIN DE),M,"48,8731300","2,7003100",77,2019,50.0,1.0,1.0,4.0,2156746,1.0,1,1,2,1.0,,-1.0,0,1962.0,A01,138Â 294Â 378,1.0,0.0,-1.0,1646867,2.0,10,,0.0,2.0,5.0,A01,138Â 294Â 378,1.0
964922,201900006453,4,19,08:50,1,2,3,1.0,3.0,77243,GOUVERNES  (CHEMIN DE),M,"48,8731300","2,7003100",77,2019,50.0,1.0,1.0,4.0,2156746,1.0,1,1,2,1.0,,-1.0,0,1962.0,A01,138Â 294Â 378,1.0,0.0,-1.0,1646868,1.0,33,,0.0,2.0,1.0,B01,138Â 294Â 379,1.0
964922,201900006453,4,19,08:50,1,2,3,1.0,3.0,77243,GOUVERNES  (CHEMIN DE),M,"48,8731300","2,7003100",77,2019,50.0,1.0,1.0,4.0,2156747,1.0,1,4,1,9.0,,-1.0,0,1979.0,B01,138Â 294Â 379,2.0,0.0,-1.0,1646867,2.0,10,,0.0,2.0,5.0,A01,138Â 294Â 378,1.0
964922,201900006453,4,19,08:50,1,2,3,1.0,3.0,77243,GOUVERNES  (CHEMIN DE),M,"48,8731300","2,7003100",77,2019,50.0,1.0,1.0,4.0,2156747,1.0,1,4,1,9.0,,-1.0,0,1979.0,B01,138Â 294Â 379,2.0,0.0,-1.0,1646868,1.0,33,,0.0,2.0,1.0,B01,138Â 294Â 379,1.0
964923,201900006454,4,17,18:00,1,2,9,1.0,6.0,77058,EUROPE (AVENUE DE L' ),M,"48,8313700","2,7124600",77,2019,50.0,1.0,1.0,4.0,2156748,1.0,1,1,1,1.0,,-1.0,0,1988.0,A01,138Â 294Â 375,1.0,0.0,-1.0,1646869,3.0,7,,0.0,2.0,2.0,A01,138Â 294Â 375,1.0
964923,201900006454,4,17,18:00,1,2,9,1.0,6.0,77058,EUROPE (AVENUE DE L' ),M,"48,8313700","2,7124600",77,2019,50.0,1.0,1.0,4.0,2156748,1.0,1,1,1,1.0,,-1.0,0,1988.0,A01,138Â 294Â 375,1.0,0.0,-1.0,1646870,3.0,15,,0.0,2.0,3.0,C01,138Â 294Â 376,1.0
964923,201900006454,4,17,18:00,1,2,9,1.0,6.0,77058,EUROPE (AVENUE DE L' ),M,"48,8313700","2,7124600",77,2019,50.0,1.0,1.0,4.0,2156748,1.0,1,1,1,1.0,,-1.0,0,1988.0,A01,138Â 294Â 375,1.0,0.0,-1.0,1646871,3.0,7,,0.0,2.0,1.0,B01,138Â 294Â 377,1.0
964923,201900006454,4,17,18:00,1,2,9,1.0,6.0,77058,EUROPE (AVENUE DE L' ),M,"48,8313700","2,7124600",77,2019,50.0,1.0,1.0,4.0,2156749,1.0,1,1,1,4.0,,-1.0,0,1963.0,C01,138Â 294Â 376,1.0,0.0,-1.0,1646869,3.0,7,,0.0,2.0,2.0,A01,138Â 294Â 375,1.0
964923,201900006454,4,17,18:00,1,2,9,1.0,6.0,77058,EUROPE (AVENUE DE L' ),M,"48,8313700","2,7124600",77,2019,50.0,1.0,1.0,4.0,2156749,1.0,1,1,1,4.0,,-1.0,0,1963.0,C01,138Â 294Â 376,1.0,0.0,-1.0,1646870,3.0,15,,0.0,2.0,3.0,C01,138Â 294Â 376,1.0
964923,201900006454,4,17,18:00,1,2,9,1.0,6.0,77058,EUROPE (AVENUE DE L' ),M,"48,8313700","2,7124600",77,2019,50.0,1.0,1.0,4.0,2156749,1.0,1,1,1,4.0,,-1.0,0,1963.0,C01,138Â 294Â 376,1.0,0.0,-1.0,1646871,3.0,7,,0.0,2.0,1.0,B01,138Â 294Â 377,1.0
964923,201900006454,4,17,18:00,1,2,9,1.0,6.0,77058,EUROPE (AVENUE DE L' ),M,"48,8313700","2,7124600",77,2019,50.0,1.0,1.0,4.0,2156750,1.0,1,4,2,0.0,,-1.0,0,1983.0,B01,138Â 294Â 377,1.0,0.0,-1.0,1646869,3.0,7,,0.0,2.0,2.0,A01,138Â 294Â 375,1.0
964923,201900006454,4,17,18:00,1,2,9,1.0,6.0,77058,EUROPE (AVENUE DE L' ),M,"48,8313700","2,7124600",77,2019,50.0,1.0,1.0,4.0,2156750,1.0,1,4,2,0.0,,-1.0,0,1983.0,B01,138Â 294Â 377,1.0,0.0,-1.0,1646870,3.0,15,,0.0,2.0,3.0,C01,138Â 294Â 376,1.0
964923,201900006454,4,17,18:00,1,2,9,1.0,6.0,77058,EUROPE (AVENUE DE L' ),M,"48,8313700","2,7124600",77,2019,50.0,1.0,1.0,4.0,2156750,1.0,1,4,2,0.0,,-1.0,0,1983.0,B01,138Â 294Â 377,1.0,0.0,-1.0,1646871,3.0,7,,0.0,2.0,1.0,B01,138Â 294Â 377,1.0
964924,201900006455,4,16,22:10,3,1,1,2.0,7.0,77042,GRIETS (RUE DES),M,"48,8237000","3,1289400",77,2019,50.0,1.0,2.0,4.0,2156751,3.0,2,4,1,5.0,,-1.0,0,2000.0,A01,138Â 294Â 374,8.0,0.0,-1.0,1646872,2.0,7,,13.0,0.0,1.0,A01,138Â 294Â 374,1.0
964924,201900006455,4,16,22:10,3,1,1,2.0,7.0,77042,GRIETS (RUE DES),M,"48,8237000","3,1289400",77,2019,50.0,1.0,2.0,4.0,2156752,2.0,2,1,1,5.0,,-1.0,0,2002.0,A01,138Â 294Â 374,8.0,0.0,-1.0,1646872,2.0,7,,13.0,0.0,1.0,A01,138Â 294Â 374,1.0
964924,201900006455,4,16,22:10,3,1,1,2.0,7.0,77042,GRIETS (RUE DES),M,"48,8237000","3,1289400",77,2019,50.0,1.0,2.0,4.0,2156753,1.0,1,4,1,5.0,,-1.0,0,2001.0,A01,138Â 294Â 374,8.0,0.0,-1.0,1646872,2.0,7,,13.0,0.0,1.0,A01,138Â 294Â 374,1.0
964925,201900006456,4,27,19:10,1,1,1,2.0,3.0,77517,CD34,M,"48,9126600","2,6484300",77,2019,70.0,1.0,2.0,3.0,2156754,1.0,1,2,1,5.0,,-1.0,0,1988.0,B01,138Â 294Â 372,2.0,6.0,-1.0,1646873,1.0,33,,0.0,2.0,1.0,B01,138Â 294Â 372,1.0
964925,201900006456,4,27,19:10,1,1,1,2.0,3.0,77517,CD34,M,"48,9126600","2,6484300",77,2019,70.0,1.0,2.0,3.0,2156754,1.0,1,2,1,5.0,,-1.0,0,1988.0,B01,138Â 294Â 372,2.0,6.0,-1.0,1646874,1.0,10,,0.0,2.0,3.0,A01,138Â 294Â 373,0.0
964925,201900006456,4,27,19:10,1,1,1,2.0,3.0,77517,CD34,M,"48,9126600","2,6484300",77,2019,70.0,1.0,2.0,3.0,2156755,1.0,1,1,1,5.0,,-1.0,0,1942.0,A01,138Â 294Â 373,1.0,0.0,-1.0,1646873,1.0,33,,0.0,2.0,1.0,B01,138Â 294Â 372,1.0
964925,201900006456,4,27,19:10,1,1,1,2.0,3.0,77517,CD34,M,"48,9126600","2,6484300",77,2019,70.0,1.0,2.0,3.0,2156755,1.0,1,1,1,5.0,,-1.0,0,1942.0,A01,138Â 294Â 373,1.0,0.0,-1.0,1646874,1.0,10,,0.0,2.0,3.0,A01,138Â 294Â 373,0.0
964926,201900006457,4,26,16:05,1,2,1,1.0,6.0,76474,RD 927 (ROUTE DE DIEPPE),M,"49,4938800","1,0486100",76,2019,50.0,1.0,1.0,3.0,2156756,1.0,1,1,1,0.0,,0.0,0,1999.0,A01,138Â 294Â 367,2.0,6.0,-1.0,1646875,2.0,30,,0.0,1.0,1.0,A01,138Â 294Â 367,1.0
964926,201900006457,4,26,16:05,1,2,1,1.0,6.0,76474,RD 927 (ROUTE DE DIEPPE),M,"49,4938800","1,0486100",76,2019,50.0,1.0,1.0,3.0,2156757,10.0,3,3,2,2.0,,3.0,3,2004.0,A01,138Â 294Â 367,0.0,0.0,-1.0,1646875,2.0,30,,0.0,1.0,1.0,A01,138Â 294Â 367,1.0
964927,201900006458,4,26,06:25,2,2,1,1.0,1.0,76484,DAMBOURNEY. BOULEVARD ALEXANDRE,M,"49,3499900","1,1090000",76,2019,50.0,1.0,1.0,4.0,2156758,1.0,1,4,1,0.0,,0.0,0,1956.0,B01,138Â 294Â 365,1.0,0.0,-1.0,1646876,3.0,7,,0.0,6.0,1.0,B01,138Â 294Â 365,1.0
964927,201900006458,4,26,06:25,2,2,1,1.0,1.0,76484,DAMBOURNEY. BOULEVARD ALEXANDRE,M,"49,3499900","1,1090000",76,2019,50.0,1.0,1.0,4.0,2156758,1.0,1,4,1,0.0,,0.0,0,1956.0,B01,138Â 294Â 365,1.0,0.0,-1.0,1646877,3.0,10,,0.0,2.0,1.0,Z01,138Â 294Â 366,0.0
964927,201900006458,4,26,06:25,2,2,1,1.0,1.0,76484,DAMBOURNEY. BOULEVARD ALEXANDRE,M,"49,3499900","1,1090000",76,2019,50.0,1.0,1.0,4.0,2156759,2.0,2,4,1,0.0,,0.0,0,1990.0,B01,138Â 294Â 365,1.0,0.0,-1.0,1646876,3.0,7,,0.0,6.0,1.0,B01,138Â 294Â 365,1.0
964927,201900006458,4,26,06:25,2,2,1,1.0,1.0,76484,DAMBOURNEY. BOULEVARD ALEXANDRE,M,"49,3499900","1,1090000",76,2019,50.0,1.0,1.0,4.0,2156759,2.0,2,4,1,0.0,,0.0,0,1990.0,B01,138Â 294Â 365,1.0,0.0,-1.0,1646877,3.0,10,,0.0,2.0,1.0,Z01,138Â 294Â 366,0.0
964928,201900006459,4,23,18:00,1,2,1,1.0,4.0,76212,RN 31 (ROUTE DE GOURNAY),M,"49,4368500","1,1422600",76,2019,70.0,1.0,1.0,2.0,2156760,1.0,1,1,1,5.0,,0.0,0,1998.0,A01,138Â 294Â 362,1.0,8.0,-1.0,1646878,2.0,7,,0.0,2.0,6.0,A01,138Â 294Â 362,1.0
964928,201900006459,4,23,18:00,1,2,1,1.0,4.0,76212,RN 31 (ROUTE DE GOURNAY),M,"49,4368500","1,1422600",76,2019,70.0,1.0,1.0,2.0,2156760,1.0,1,1,1,5.0,,0.0,0,1998.0,A01,138Â 294Â 362,1.0,8.0,-1.0,1646879,2.0,7,,0.0,2.0,4.0,C01,138Â 294Â 363,3.0
964928,201900006459,4,23,18:00,1,2,1,1.0,4.0,76212,RN 31 (ROUTE DE GOURNAY),M,"49,4368500","1,1422600",76,2019,70.0,1.0,1.0,2.0,2156760,1.0,1,1,1,5.0,,0.0,0,1998.0,A01,138Â 294Â 362,1.0,8.0,-1.0,1646880,2.0,7,,0.0,2.0,3.0,B01,138Â 294Â 364,1.0
964928,201900006459,4,23,18:00,1,2,1,1.0,4.0,76212,RN 31 (ROUTE DE GOURNAY),M,"49,4368500","1,1422600",76,2019,70.0,1.0,1.0,2.0,2156761,1.0,1,4,1,1.0,,0.0,0,1970.0,C01,138Â 294Â 363,1.0,8.0,-1.0,1646878,2.0,7,,0.0,2.0,6.0,A01,138Â 294Â 362,1.0
964928,201900006459,4,23,18:00,1,2,1,1.0,4.0,76212,RN 31 (ROUTE DE GOURNAY),M,"49,4368500","1,1422600",76,2019,70.0,1.0,1.0,2.0,2156761,1.0,1,4,1,1.0,,0.0,0,1970.0,C01,138Â 294Â 363,1.0,8.0,-1.0,1646879,2.0,7,,0.0,2.0,4.0,C01,138Â 294Â 363,3.0
964928,201900006459,4,23,18:00,1,2,1,1.0,4.0,76212,RN 31 (ROUTE DE GOURNAY),M,"49,4368500","1,1422600",76,2019,70.0,1.0,1.0,2.0,2156761,1.0,1,4,1,1.0,,0.0,0,1970.0,C01,138Â 294Â 363,1.0,8.0,-1.0,1646880,2.0,7,,0.0,2.0,3.0,B01,138Â 294Â 364,1.0
964928,201900006459,4,23,18:00,1,2,1,1.0,4.0,76212,RN 31 (ROUTE DE GOURNAY),M,"49,4368500","1,1422600",76,2019,70.0,1.0,1.0,2.0,2156762,1.0,1,4,2,1.0,,0.0,0,1973.0,B01,138Â 294Â 364,1.0,0.0,-1.0,1646878,2.0,7,,0.0,2.0,6.0,A01,138Â 294Â 362,1.0
964928,201900006459,4,23,18:00,1,2,1,1.0,4.0,76212,RN 31 (ROUTE DE GOURNAY),M,"49,4368500","1,1422600",76,2019,70.0,1.0,1.0,2.0,2156762,1.0,1,4,2,1.0,,0.0,0,1973.0,B01,138Â 294Â 364,1.0,0.0,-1.0,1646879,2.0,7,,0.0,2.0,4.0,C01,138Â 294Â 363,3.0
964928,201900006459,4,23,18:00,1,2,1,1.0,4.0,76212,RN 31 (ROUTE DE GOURNAY),M,"49,4368500","1,1422600",76,2019,70.0,1.0,1.0,2.0,2156762,1.0,1,4,2,1.0,,0.0,0,1973.0,B01,138Â 294Â 364,1.0,0.0,-1.0,1646880,2.0,7,,0.0,2.0,3.0,B01,138Â 294Â 364,1.0
964929,201900006460,4,22,19:45,1,1,6,1.0,2.0,76540,MADAGASCAR. RUE DE,M,"49,4376181","1,0671033",76,2019,70.0,1.0,1.0,2.0,2156763,1.0,1,1,1,5.0,,0.0,0,1962.0,B01,138Â 294Â 360,1.0,0.0,-1.0,1646881,1.0,7,,0.0,2.0,5.0,B01,138Â 294Â 360,1.0
964929,201900006460,4,22,19:45,1,1,6,1.0,2.0,76540,MADAGASCAR. RUE DE,M,"49,4376181","1,0671033",76,2019,70.0,1.0,1.0,2.0,2156763,1.0,1,1,1,5.0,,0.0,0,1962.0,B01,138Â 294Â 360,1.0,0.0,-1.0,1646882,1.0,7,,0.0,2.0,3.0,A01,138Â 294Â 361,1.0
964929,201900006460,4,22,19:45,1,1,6,1.0,2.0,76540,MADAGASCAR. RUE DE,M,"49,4376181","1,0671033",76,2019,70.0,1.0,1.0,2.0,2156764,2.0,2,4,2,5.0,,0.0,0,1958.0,B01,138Â 294Â 360,1.0,0.0,-1.0,1646881,1.0,7,,0.0,2.0,5.0,B01,138Â 294Â 360,1.0
964929,201900006460,4,22,19:45,1,1,6,1.0,2.0,76540,MADAGASCAR. RUE DE,M,"49,4376181","1,0671033",76,2019,70.0,1.0,1.0,2.0,2156764,2.0,2,4,2,5.0,,0.0,0,1958.0,B01,138Â 294Â 360,1.0,0.0,-1.0,1646882,1.0,7,,0.0,2.0,3.0,A01,138Â 294Â 361,1.0
964929,201900006460,4,22,19:45,1,1,6,1.0,2.0,76540,MADAGASCAR. RUE DE,M,"49,4376181","1,0671033",76,2019,70.0,1.0,1.0,2.0,2156765,1.0,1,1,2,5.0,,0.0,0,1985.0,A01,138Â 294Â 361,1.0,0.0,-1.0,1646881,1.0,7,,0.0,2.0,5.0,B01,138Â 294Â 360,1.0
964929,201900006460,4,22,19:45,1,1,6,1.0,2.0,76540,MADAGASCAR. RUE DE,M,"49,4376181","1,0671033",76,2019,70.0,1.0,1.0,2.0,2156765,1.0,1,1,2,5.0,,0.0,0,1985.0,A01,138Â 294Â 361,1.0,0.0,-1.0,1646882,1.0,7,,0.0,2.0,3.0,A01,138Â 294Â 361,1.0
964929,201900006460,4,22,19:45,1,1,6,1.0,2.0,76540,MADAGASCAR. RUE DE,M,"49,4376181","1,0671033",76,2019,70.0,1.0,1.0,2.0,2156766,2.0,2,1,1,5.0,,0.0,0,1994.0,A01,138Â 294Â 361,1.0,0.0,-1.0,1646881,1.0,7,,0.0,2.0,5.0,B01,138Â 294Â 360,1.0
964929,201900006460,4,22,19:45,1,1,6,1.0,2.0,76540,MADAGASCAR. RUE DE,M,"49,4376181","1,0671033",76,2019,70.0,1.0,1.0,2.0,2156766,2.0,2,1,1,5.0,,0.0,0,1994.0,A01,138Â 294Â 361,1.0,0.0,-1.0,1646882,1.0,7,,0.0,2.0,3.0,A01,138Â 294Â 361,1.0
964930,201900006461,3,24,19:15,3,1,1,1.0,2.0,76484,CD 18E,M,"49,3467100","1,0773900",76,2019,90.0,1.0,1.0,3.0,2156767,1.0,1,1,1,0.0,,0.0,0,1964.0,B01,138Â 294Â 358,1.0,0.0,-1.0,1646883,1.0,7,,0.0,2.0,4.0,B01,138Â 294Â 358,1.0
964930,201900006461,3,24,19:15,3,1,1,1.0,2.0,76484,CD 18E,M,"49,3467100","1,0773900",76,2019,90.0,1.0,1.0,3.0,2156767,1.0,1,1,1,0.0,,0.0,0,1964.0,B01,138Â 294Â 358,1.0,0.0,-1.0,1646884,1.0,7,,0.0,2.0,1.0,A01,138Â 294Â 359,1.0
964930,201900006461,3,24,19:15,3,1,1,1.0,2.0,76484,CD 18E,M,"49,3467100","1,0773900",76,2019,90.0,1.0,1.0,3.0,2156768,3.0,2,4,1,0.0,,0.0,0,1988.0,B01,138Â 294Â 358,1.0,0.0,-1.0,1646883,1.0,7,,0.0,2.0,4.0,B01,138Â 294Â 358,1.0
964930,201900006461,3,24,19:15,3,1,1,1.0,2.0,76484,CD 18E,M,"49,3467100","1,0773900",76,2019,90.0,1.0,1.0,3.0,2156768,3.0,2,4,1,0.0,,0.0,0,1988.0,B01,138Â 294Â 358,1.0,0.0,-1.0,1646884,1.0,7,,0.0,2.0,1.0,A01,138Â 294Â 359,1.0
964930,201900006461,3,24,19:15,3,1,1,1.0,2.0,76484,CD 18E,M,"49,3467100","1,0773900",76,2019,90.0,1.0,1.0,3.0,2156769,2.0,2,4,2,0.0,,0.0,0,1952.0,B01,138Â 294Â 358,1.0,0.0,-1.0,1646883,1.0,7,,0.0,2.0,4.0,B01,138Â 294Â 358,1.0
964930,201900006461,3,24,19:15,3,1,1,1.0,2.0,76484,CD 18E,M,"49,3467100","1,0773900",76,2019,90.0,1.0,1.0,3.0,2156769,2.0,2,4,2,0.0,,0.0,0,1952.0,B01,138Â 294Â 358,1.0,0.0,-1.0,1646884,1.0,7,,0.0,2.0,1.0,A01,138Â 294Â 359,1.0
964930,201900006461,3,24,19:15,3,1,1,1.0,2.0,76484,CD 18E,M,"49,3467100","1,0773900",76,2019,90.0,1.0,1.0,3.0,2156770,1.0,1,1,1,0.0,,0.0,0,1991.0,A01,138Â 294Â 359,1.0,0.0,-1.0,1646883,1.0,7,,0.0,2.0,4.0,B01,138Â 294Â 358,1.0
964930,201900006461,3,24,19:15,3,1,1,1.0,2.0,76484,CD 18E,M,"49,3467100","1,0773900",76,2019,90.0,1.0,1.0,3.0,2156770,1.0,1,1,1,0.0,,0.0,0,1991.0,A01,138Â 294Â 359,1.0,0.0,-1.0,1646884,1.0,7,,0.0,2.0,1.0,A01,138Â 294Â 359,1.0
964931,201900006462,4,17,10:50,1,2,2,1.0,3.0,76540,ROUTE DU HAVRE,M,"49,4506000","1,0588000",76,2019,50.0,1.0,1.0,3.0,2156771,1.0,1,3,1,5.0,,-1.0,0,1961.0,A01,138Â 294Â 354,2.0,6.0,-1.0,1646885,1.0,33,,0.0,2.0,7.0,A01,138Â 294Â 354,1.0
964931,201900006462,4,17,10:50,1,2,2,1.0,3.0,76540,ROUTE DU HAVRE,M,"49,4506000","1,0588000",76,2019,50.0,1.0,1.0,3.0,2156771,1.0,1,3,1,5.0,,-1.0,0,1961.0,A01,138Â 294Â 354,2.0,6.0,-1.0,1646886,1.0,7,,0.0,2.0,6.0,B01,138Â 294Â 355,1.0
964931,201900006462,4,17,10:50,1,2,2,1.0,3.0,76540,ROUTE DU HAVRE,M,"49,4506000","1,0588000",76,2019,50.0,1.0,1.0,3.0,2156772,1.0,1,1,1,5.0,,-1.0,0,1950.0,B01,138Â 294Â 355,1.0,0.0,-1.0,1646885,1.0,33,,0.0,2.0,7.0,A01,138Â 294Â 354,1.0
964931,201900006462,4,17,10:50,1,2,2,1.0,3.0,76540,ROUTE DU HAVRE,M,"49,4506000","1,0588000",76,2019,50.0,1.0,1.0,3.0,2156772,1.0,1,1,1,5.0,,-1.0,0,1950.0,B01,138Â 294Â 355,1.0,0.0,-1.0,1646886,1.0,7,,0.0,2.0,6.0,B01,138Â 294Â 355,1.0