Unnamed: 0_x,num_acc,mois,jour,hrmn,lum,agg,int,atm,col,com,adr,gps,lat,long,dep,annee,vma,situ,surf,catr,Unnamed: 0_y,place,catu,grav,sexe,trajet,secu,locp,actp,an_nais,num_veh_x,id_vehicule_x,secu1,secu2,secu3,Unnamed: 0,senc,catv,occutc,obs,obsm,choc,num_veh_y,id_vehicule_y,motor
964932,201900006463,4,25,15:35,1,2,1,1.0,2.0,76351,GRAVILLE (BD DE),M,"49,4947300","0,1474100",76,2019,50.0,1.0,2.0,4.0,2156773,2.0,2,4,2,0.0,,0.0,0,1992.0,B01,138Â 294Â 350,1.0,0.0,-1.0,1646887,1.0,7,,0.0,2.0,4.0,B01,138Â 294Â 350,1.0
964932,201900006463,4,25,15:35,1,2,1,1.0,2.0,76351,GRAVILLE (BD DE),M,"49,4947300","0,1474100",76,2019,50.0,1.0,2.0,4.0,2156773,2.0,2,4,2,0.0,,0.0,0,1992.0,B01,138Â 294Â 350,1.0,0.0,-1.0,1646888,1.0,7,,0.0,2.0,1.0,A01,138Â 294Â 351,1.0
964932,201900006463,4,25,15:35,1,2,1,1.0,2.0,76351,GRAVILLE (BD DE),M,"49,4947300","0,1474100",76,2019,50.0,1.0,2.0,4.0,2156774,1.0,1,4,2,0.0,,0.0,0,1990.0,B01,138Â 294Â 350,1.0,0.0,-1.0,1646887,1.0,7,,0.0,2.0,4.0,B01,138Â 294Â 350,1.0
964932,201900006463,4,25,15:35,1,2,1,1.0,2.0,76351,GRAVILLE (BD DE),M,"49,4947300","0,1474100",76,2019,50.0,1.0,2.0,4.0,2156774,1.0,1,4,2,0.0,,0.0,0,1990.0,B01,138Â 294Â 350,1.0,0.0,-1.0,1646888,1.0,7,,0.0,2.0,1.0,A01,138Â 294Â 351,1.0
964932,201900006463,4,25,15:35,1,2,1,1.0,2.0,76351,GRAVILLE (BD DE),M,"49,4947300","0,1474100",76,2019,50.0,1.0,2.0,4.0,2156775,1.0,1,4,1,0.0,,0.0,0,1990.0,A01,138Â 294Â 351,1.0,0.0,-1.0,1646887,1.0,7,,0.0,2.0,4.0,B01,138Â 294Â 350,1.0
964932,201900006463,4,25,15:35,1,2,1,1.0,2.0,76351,GRAVILLE (BD DE),M,"49,4947300","0,1474100",76,2019,50.0,1.0,2.0,4.0,2156775,1.0,1,4,1,0.0,,0.0,0,1990.0,A01,138Â 294Â 351,1.0,0.0,-1.0,1646888,1.0,7,,0.0,2.0,1.0,A01,138Â 294Â 351,1.0
964933,201900006464,4,24,18:30,1,1,6,1.0,3.0,76351,SEIZIEME PORT (AVENUE DU),M,"49,4829400","0,1656000",76,2019,50.0,1.0,2.0,4.0,2156776,1.0,1,1,1,1.0,,-1.0,0,1976.0,A01,138Â 294Â 348,1.0,8.0,-1.0,1646889,3.0,7,,0.0,2.0,3.0,A01,138Â 294Â 348,1.0
964933,201900006464,4,24,18:30,1,1,6,1.0,3.0,76351,SEIZIEME PORT (AVENUE DU),M,"49,4829400","0,1656000",76,2019,50.0,1.0,2.0,4.0,2156776,1.0,1,1,1,1.0,,-1.0,0,1976.0,A01,138Â 294Â 348,1.0,8.0,-1.0,1646890,3.0,30,,0.0,2.0,2.0,B01,138Â 294Â 349,1.0
964933,201900006464,4,24,18:30,1,1,6,1.0,3.0,76351,SEIZIEME PORT (AVENUE DU),M,"49,4829400","0,1656000",76,2019,50.0,1.0,2.0,4.0,2156777,1.0,1,4,1,5.0,,-1.0,0,1962.0,B01,138Â 294Â 349,2.0,8.0,-1.0,1646889,3.0,7,,0.0,2.0,3.0,A01,138Â 294Â 348,1.0
964933,201900006464,4,24,18:30,1,1,6,1.0,3.0,76351,SEIZIEME PORT (AVENUE DU),M,"49,4829400","0,1656000",76,2019,50.0,1.0,2.0,4.0,2156777,1.0,1,4,1,5.0,,-1.0,0,1962.0,B01,138Â 294Â 349,2.0,8.0,-1.0,1646890,3.0,30,,0.0,2.0,2.0,B01,138Â 294Â 349,1.0
964934,201900006465,4,23,17:50,1,2,1,1.0,3.0,76351,LENINGRAD (BD DE),M,"49,4987268","0,1587484",76,2019,50.0,1.0,1.0,3.0,2156778,1.0,1,4,2,0.0,,-1.0,0,1987.0,B01,138Â 294Â 346,1.0,0.0,-1.0,1646891,2.0,7,,0.0,2.0,3.0,B01,138Â 294Â 346,1.0
964934,201900006465,4,23,17:50,1,2,1,1.0,3.0,76351,LENINGRAD (BD DE),M,"49,4987268","0,1587484",76,2019,50.0,1.0,1.0,3.0,2156778,1.0,1,4,2,0.0,,-1.0,0,1987.0,B01,138Â 294Â 346,1.0,0.0,-1.0,1646892,2.0,7,,0.0,2.0,2.0,A01,138Â 294Â 347,1.0
964934,201900006465,4,23,17:50,1,2,1,1.0,3.0,76351,LENINGRAD (BD DE),M,"49,4987268","0,1587484",76,2019,50.0,1.0,1.0,3.0,2156779,1.0,1,4,1,0.0,,-1.0,0,1973.0,A01,138Â 294Â 347,1.0,0.0,-1.0,1646891,2.0,7,,0.0,2.0,3.0,B01,138Â 294Â 346,1.0
964934,201900006465,4,23,17:50,1,2,1,1.0,3.0,76351,LENINGRAD (BD DE),M,"49,4987268","0,1587484",76,2019,50.0,1.0,1.0,3.0,2156779,1.0,1,4,1,0.0,,-1.0,0,1973.0,A01,138Â 294Â 347,1.0,0.0,-1.0,1646892,2.0,7,,0.0,2.0,2.0,A01,138Â 294Â 347,1.0
964935,201900006466,4,20,02:00,5,2,2,1.0,2.0,76351,PERE FLAVIGNY,M,"49,5119900","0,1291400",76,2019,50.0,1.0,1.0,4.0,2156780,1.0,1,4,2,5.0,,0.0,0,1991.0,B01,138Â 294Â 345,1.0,8.0,-1.0,1646893,2.0,7,,0.0,2.0,1.0,Z01,138Â 294Â 344,0.0
964935,201900006466,4,20,02:00,5,2,2,1.0,2.0,76351,PERE FLAVIGNY,M,"49,5119900","0,1291400",76,2019,50.0,1.0,1.0,4.0,2156780,1.0,1,4,2,5.0,,0.0,0,1991.0,B01,138Â 294Â 345,1.0,8.0,-1.0,1646894,2.0,7,,0.0,2.0,4.0,B01,138Â 294Â 345,1.0
964936,201900006467,4,20,20:15,2,2,1,1.0,3.0,76351,ARISTIDE BRIAND,M,"49,5004800","0,1386800",76,2019,50.0,1.0,1.0,4.0,2156781,1.0,1,1,2,0.0,,-1.0,0,1994.0,A01,138Â 294Â 342,1.0,8.0,-1.0,1646895,1.0,7,,0.0,2.0,2.0,A01,138Â 294Â 342,1.0
964936,201900006467,4,20,20:15,2,2,1,1.0,3.0,76351,ARISTIDE BRIAND,M,"49,5004800","0,1386800",76,2019,50.0,1.0,1.0,4.0,2156781,1.0,1,1,2,0.0,,-1.0,0,1994.0,A01,138Â 294Â 342,1.0,8.0,-1.0,1646896,2.0,33,,0.0,2.0,1.0,B01,138Â 294Â 343,0.0
964936,201900006467,4,20,20:15,2,2,1,1.0,3.0,76351,ARISTIDE BRIAND,M,"49,5004800","0,1386800",76,2019,50.0,1.0,1.0,4.0,2156782,1.0,1,3,1,0.0,,-1.0,0,1998.0,B01,138Â 294Â 343,2.0,8.0,-1.0,1646895,1.0,7,,0.0,2.0,2.0,A01,138Â 294Â 342,1.0
964936,201900006467,4,20,20:15,2,2,1,1.0,3.0,76351,ARISTIDE BRIAND,M,"49,5004800","0,1386800",76,2019,50.0,1.0,1.0,4.0,2156782,1.0,1,3,1,0.0,,-1.0,0,1998.0,B01,138Â 294Â 343,2.0,8.0,-1.0,1646896,2.0,33,,0.0,2.0,1.0,B01,138Â 294Â 343,0.0
964937,201900006468,4,20,13:45,1,2,1,1.0,3.0,76305,JACQUES DUCLOS,M,"49,5069700","0,2281100",76,2019,30.0,1.0,1.0,4.0,2156783,1.0,1,1,2,0.0,,-1.0,0,1997.0,B01,138Â 294Â 340,1.0,0.0,-1.0,1646897,1.0,7,,0.0,2.0,3.0,B01,138Â 294Â 340,1.0
964937,201900006468,4,20,13:45,1,2,1,1.0,3.0,76305,JACQUES DUCLOS,M,"49,5069700","0,2281100",76,2019,30.0,1.0,1.0,4.0,2156783,1.0,1,1,2,0.0,,-1.0,0,1997.0,B01,138Â 294Â 340,1.0,0.0,-1.0,1646898,1.0,1,,0.0,2.0,1.0,A01,138Â 294Â 341,5.0
964937,201900006468,4,20,13:45,1,2,1,1.0,3.0,76305,JACQUES DUCLOS,M,"49,5069700","0,2281100",76,2019,30.0,1.0,1.0,4.0,2156784,1.0,1,4,2,5.0,,-1.0, -1,2008.0,A01,138Â 294Â 341,8.0,0.0,-1.0,1646897,1.0,7,,0.0,2.0,3.0,B01,138Â 294Â 340,1.0
964937,201900006468,4,20,13:45,1,2,1,1.0,3.0,76305,JACQUES DUCLOS,M,"49,5069700","0,2281100",76,2019,30.0,1.0,1.0,4.0,2156784,1.0,1,4,2,5.0,,-1.0, -1,2008.0,A01,138Â 294Â 341,8.0,0.0,-1.0,1646898,1.0,1,,0.0,2.0,1.0,A01,138Â 294Â 341,5.0
964938,201900006469,4,19,04:50,3,1,1,1.0,6.0,76341,RD 6015,M,"49,5135300","0,1997800",76,2019,70.0,1.0,1.0,3.0,2156785,1.0,1,1,1,1.0,,0.0,0,1981.0,B01,138Â 294Â 338,1.0,8.0,-1.0,1646899,2.0,7,,0.0,2.0,1.0,B01,138Â 294Â 338,1.0
964938,201900006469,4,19,04:50,3,1,1,1.0,6.0,76341,RD 6015,M,"49,5135300","0,1997800",76,2019,70.0,1.0,1.0,3.0,2156785,1.0,1,1,1,1.0,,0.0,0,1981.0,B01,138Â 294Â 338,1.0,8.0,-1.0,1646900,2.0,7,,4.0,0.0,3.0,A01,138Â 294Â 339,1.0
964938,201900006469,4,19,04:50,3,1,1,1.0,6.0,76341,RD 6015,M,"49,5135300","0,1997800",76,2019,70.0,1.0,1.0,3.0,2156786,1.0,1,4,2,1.0,,0.0,0,1980.0,A01,138Â 294Â 339,1.0,8.0,-1.0,1646899,2.0,7,,0.0,2.0,1.0,B01,138Â 294Â 338,1.0
964938,201900006469,4,19,04:50,3,1,1,1.0,6.0,76341,RD 6015,M,"49,5135300","0,1997800",76,2019,70.0,1.0,1.0,3.0,2156786,1.0,1,4,2,1.0,,0.0,0,1980.0,A01,138Â 294Â 339,1.0,8.0,-1.0,1646900,2.0,7,,4.0,0.0,3.0,A01,138Â 294Â 339,1.0
964939,201900006470,4,23,15:05,1,2,1,1.0,6.0,76217,SAINT-JEAN,M,"49,9264300","1,0796200",76,2019,50.0,1.0,1.0,4.0,2156787,1.0,1,1,1,5.0,,0.0,0,1989.0,A01,138Â 294Â 336,1.0,8.0,-1.0,1646901,3.0,7,,0.0,1.0,8.0,A01,138Â 294Â 336,0.0
964939,201900006470,4,23,15:05,1,2,1,1.0,6.0,76217,SAINT-JEAN,M,"49,9264300","1,0796200",76,2019,50.0,1.0,1.0,4.0,2156788,10.0,3,4,2,0.0,,3.0,3,1956.0,A01,138Â 294Â 336,8.0,0.0,-1.0,1646901,3.0,7,,0.0,1.0,8.0,A01,138Â 294Â 336,0.0
964940,201900006471,4,19,18:45,1,2,1,1.0,3.0,76545,BOURBON (COURS),M,"49,9148900","1,0939500",76,2019,30.0,1.0,1.0,9.0,2156789,1.0,1,4,1,3.0,,-1.0, -1,1977.0,A01,138Â 294Â 335,8.0,0.0,-1.0,1646902,3.0,7,,0.0,2.0,0.0,B01,138Â 294Â 334,0.0
964940,201900006471,4,19,18:45,1,2,1,1.0,3.0,76545,BOURBON (COURS),M,"49,9148900","1,0939500",76,2019,30.0,1.0,1.0,9.0,2156789,1.0,1,4,1,3.0,,-1.0, -1,1977.0,A01,138Â 294Â 335,8.0,0.0,-1.0,1646903,0.0,1,,0.0,2.0,8.0,A01,138Â 294Â 335,0.0
964941,201900006472,4,19,23:15,3,1,1,1.0,3.0,74166,DRANSE (AVENUE DE LA),M,"46,3643790","6,5159220",74,2019,80.0,1.0,1.0,3.0,2156790,1.0,1,2,1,0.0,,0.0, -1,1997.0,A01,138Â 294Â 332,8.0,0.0,-1.0,1646904,2.0,7,,0.0,2.0,7.0,A01,138Â 294Â 332,1.0
964941,201900006472,4,19,23:15,3,1,1,1.0,3.0,74166,DRANSE (AVENUE DE LA),M,"46,3643790","6,5159220",74,2019,80.0,1.0,1.0,3.0,2156790,1.0,1,2,1,0.0,,0.0, -1,1997.0,A01,138Â 294Â 332,8.0,0.0,-1.0,1646905,1.0,7,,0.0,2.0,1.0,B01,138Â 294Â 333,1.0
964941,201900006472,4,19,23:15,3,1,1,1.0,3.0,74166,DRANSE (AVENUE DE LA),M,"46,3643790","6,5159220",74,2019,80.0,1.0,1.0,3.0,2156791,3.0,2,1,1,5.0,,0.0, -1,2006.0,B01,138Â 294Â 333,1.0,0.0,-1.0,1646904,2.0,7,,0.0,2.0,7.0,A01,138Â 294Â 332,1.0
964941,201900006472,4,19,23:15,3,1,1,1.0,3.0,74166,DRANSE (AVENUE DE LA),M,"46,3643790","6,5159220",74,2019,80.0,1.0,1.0,3.0,2156791,3.0,2,1,1,5.0,,0.0, -1,2006.0,B01,138Â 294Â 333,1.0,0.0,-1.0,1646905,1.0,7,,0.0,2.0,1.0,B01,138Â 294Â 333,1.0
964941,201900006472,4,19,23:15,3,1,1,1.0,3.0,74166,DRANSE (AVENUE DE LA),M,"46,3643790","6,5159220",74,2019,80.0,1.0,1.0,3.0,2156792,4.0,2,4,1,5.0,,0.0, -1,2004.0,B01,138Â 294Â 333,1.0,0.0,-1.0,1646904,2.0,7,,0.0,2.0,7.0,A01,138Â 294Â 332,1.0
964941,201900006472,4,19,23:15,3,1,1,1.0,3.0,74166,DRANSE (AVENUE DE LA),M,"46,3643790","6,5159220",74,2019,80.0,1.0,1.0,3.0,2156792,4.0,2,4,1,5.0,,0.0, -1,2004.0,B01,138Â 294Â 333,1.0,0.0,-1.0,1646905,1.0,7,,0.0,2.0,1.0,B01,138Â 294Â 333,1.0
964941,201900006472,4,19,23:15,3,1,1,1.0,3.0,74166,DRANSE (AVENUE DE LA),M,"46,3643790","6,5159220",74,2019,80.0,1.0,1.0,3.0,2156793,2.0,2,4,2,5.0,,0.0, -1,1971.0,B01,138Â 294Â 333,1.0,0.0,-1.0,1646904,2.0,7,,0.0,2.0,7.0,A01,138Â 294Â 332,1.0
964941,201900006472,4,19,23:15,3,1,1,1.0,3.0,74166,DRANSE (AVENUE DE LA),M,"46,3643790","6,5159220",74,2019,80.0,1.0,1.0,3.0,2156793,2.0,2,4,2,5.0,,0.0, -1,1971.0,B01,138Â 294Â 333,1.0,0.0,-1.0,1646905,1.0,7,,0.0,2.0,1.0,B01,138Â 294Â 333,1.0
964941,201900006472,4,19,23:15,3,1,1,1.0,3.0,74166,DRANSE (AVENUE DE LA),M,"46,3643790","6,5159220",74,2019,80.0,1.0,1.0,3.0,2156794,1.0,1,1,1,5.0,,-1.0, -1,1973.0,B01,138Â 294Â 333,1.0,0.0,-1.0,1646904,2.0,7,,0.0,2.0,7.0,A01,138Â 294Â 332,1.0
964941,201900006472,4,19,23:15,3,1,1,1.0,3.0,74166,DRANSE (AVENUE DE LA),M,"46,3643790","6,5159220",74,2019,80.0,1.0,1.0,3.0,2156794,1.0,1,1,1,5.0,,-1.0, -1,1973.0,B01,138Â 294Â 333,1.0,0.0,-1.0,1646905,1.0,7,,0.0,2.0,1.0,B01,138Â 294Â 333,1.0
964942,201900006473,4,28,18:40,1,2,1,2.0,2.0,74118,LIBERATION (ROUTE DE LA),M,"46,1805700","6,2298400",74,2019,50.0,1.0,2.0,3.0,2156795,2.0,2,1,1,5.0,,0.0,0,2000.0,B01,138Â 294Â 330,1.0,0.0,-1.0,1646906,2.0,7,,0.0,0.0,4.0,B01,138Â 294Â 330,1.0
964942,201900006473,4,28,18:40,1,2,1,2.0,2.0,74118,LIBERATION (ROUTE DE LA),M,"46,1805700","6,2298400",74,2019,50.0,1.0,2.0,3.0,2156795,2.0,2,1,1,5.0,,0.0,0,2000.0,B01,138Â 294Â 330,1.0,0.0,-1.0,1646907,2.0,7,,0.0,2.0,1.0,A01,138Â 294Â 331,1.0
964942,201900006473,4,28,18:40,1,2,1,2.0,2.0,74118,LIBERATION (ROUTE DE LA),M,"46,1805700","6,2298400",74,2019,50.0,1.0,2.0,3.0,2156796,1.0,1,4,2,5.0,,0.0,0,1983.0,B01,138Â 294Â 330,1.0,0.0,-1.0,1646906,2.0,7,,0.0,0.0,4.0,B01,138Â 294Â 330,1.0
964942,201900006473,4,28,18:40,1,2,1,2.0,2.0,74118,LIBERATION (ROUTE DE LA),M,"46,1805700","6,2298400",74,2019,50.0,1.0,2.0,3.0,2156796,1.0,1,4,2,5.0,,0.0,0,1983.0,B01,138Â 294Â 330,1.0,0.0,-1.0,1646907,2.0,7,,0.0,2.0,1.0,A01,138Â 294Â 331,1.0
964942,201900006473,4,28,18:40,1,2,1,2.0,2.0,74118,LIBERATION (ROUTE DE LA),M,"46,1805700","6,2298400",74,2019,50.0,1.0,2.0,3.0,2156797,1.0,1,1,1,5.0,,0.0,0,1974.0,A01,138Â 294Â 331,1.0,0.0,-1.0,1646906,2.0,7,,0.0,0.0,4.0,B01,138Â 294Â 330,1.0
964942,201900006473,4,28,18:40,1,2,1,2.0,2.0,74118,LIBERATION (ROUTE DE LA),M,"46,1805700","6,2298400",74,2019,50.0,1.0,2.0,3.0,2156797,1.0,1,1,1,5.0,,0.0,0,1974.0,A01,138Â 294Â 331,1.0,0.0,-1.0,1646907,2.0,7,,0.0,2.0,1.0,A01,138Â 294Â 331,1.0
964943,201900006474,4,26,15:15,1,2,1,2.0,6.0,74012,BASTIN (RUE ALFRED),M,"46,1916417","6,2381013",74,2019,30.0,1.0,2.0,4.0,2156798,10.0,3,4,2,5.0,,2.0,3,2003.0,A01,138Â 294Â 329,8.0,0.0,-1.0,1646908,3.0,31,,0.0,1.0,1.0,A01,138Â 294Â 329,0.0
964944,201900006475,4,25,22:50,5,2,1,3.0,6.0,74012,PASTEUR (AVENUE),M,"46,1931000","6,2369800",74,2019,50.0,1.0,2.0,4.0,2156799,1.0,1,4,1,0.0,,-1.0, -1,2003.0,A01,138Â 294Â 328,2.0,0.0,-1.0,1646909,3.0,30,,0.0,0.0,3.0,A01,138Â 294Â 328,1.0
964945,201900006476,4,18,09:50,1,2,3,1.0,3.0,74012,GELINE (RUE DE LA),M,"46,1925400","6,2452800",74,2019,50.0,1.0,1.0,3.0,2156800,1.0,1,4,1,5.0,,-1.0, -1,1997.0,A01,138Â 294Â 327,2.0,8.0,-1.0,1646910,1.0,7,,0.0,2.0,2.0,Z01,138Â 294Â 326,0.0
964945,201900006476,4,18,09:50,1,2,3,1.0,3.0,74012,GELINE (RUE DE LA),M,"46,1925400","6,2452800",74,2019,50.0,1.0,1.0,3.0,2156800,1.0,1,4,1,5.0,,-1.0, -1,1997.0,A01,138Â 294Â 327,2.0,8.0,-1.0,1646911,1.0,32,,0.0,2.0,1.0,A01,138Â 294Â 327,1.0
964946,201900006477,4,18,09:45,1,2,3,1.0,3.0,74012,VERDUN (AVENUE DE),M,"46,1850000","6,2420000",74,2019,50.0,1.0,1.0,4.0,2156801,1.0,1,1,1,4.0,,0.0,0,1990.0,B01,138Â 294Â 324,1.0,0.0,-1.0,1646912,1.0,7,,0.0,2.0,3.0,B01,138Â 294Â 324,0.0
964946,201900006477,4,18,09:45,1,2,3,1.0,3.0,74012,VERDUN (AVENUE DE),M,"46,1850000","6,2420000",74,2019,50.0,1.0,1.0,4.0,2156801,1.0,1,1,1,4.0,,0.0,0,1990.0,B01,138Â 294Â 324,1.0,0.0,-1.0,1646913,1.0,33,,0.0,2.0,0.0,A01,138Â 294Â 325,0.0
964946,201900006477,4,18,09:45,1,2,3,1.0,3.0,74012,VERDUN (AVENUE DE),M,"46,1850000","6,2420000",74,2019,50.0,1.0,1.0,4.0,2156802,1.0,1,4,1,5.0,,0.0,0,1998.0,A01,138Â 294Â 325,2.0,6.0,-1.0,1646912,1.0,7,,0.0,2.0,3.0,B01,138Â 294Â 324,0.0
964946,201900006477,4,18,09:45,1,2,3,1.0,3.0,74012,VERDUN (AVENUE DE),M,"46,1850000","6,2420000",74,2019,50.0,1.0,1.0,4.0,2156802,1.0,1,4,1,5.0,,0.0,0,1998.0,A01,138Â 294Â 325,2.0,6.0,-1.0,1646913,1.0,33,,0.0,2.0,0.0,A01,138Â 294Â 325,0.0
964947,201900006478,4,14,07:40,1,2,1,1.0,3.0,74010,CRAN (AVENUE DE),M,"45,9061512","6,1154469",74,2019,50.0,1.0,1.0,4.0,2156803,1.0,1,1,1,5.0,,0.0,0,1944.0,B01,138Â 294Â 322,1.0,0.0,-1.0,1646914,2.0,7,,0.0,2.0,3.0,B01,138Â 294Â 322,1.0
964947,201900006478,4,14,07:40,1,2,1,1.0,3.0,74010,CRAN (AVENUE DE),M,"45,9061512","6,1154469",74,2019,50.0,1.0,1.0,4.0,2156803,1.0,1,1,1,5.0,,0.0,0,1944.0,B01,138Â 294Â 322,1.0,0.0,-1.0,1646915,2.0,33,,0.0,2.0,1.0,A01,138Â 294Â 323,1.0
964947,201900006478,4,14,07:40,1,2,1,1.0,3.0,74010,CRAN (AVENUE DE),M,"45,9061512","6,1154469",74,2019,50.0,1.0,1.0,4.0,2156804,1.0,1,3,1,1.0,,0.0,0,1963.0,A01,138Â 294Â 323,2.0,6.0,-1.0,1646914,2.0,7,,0.0,2.0,3.0,B01,138Â 294Â 322,1.0
964947,201900006478,4,14,07:40,1,2,1,1.0,3.0,74010,CRAN (AVENUE DE),M,"45,9061512","6,1154469",74,2019,50.0,1.0,1.0,4.0,2156804,1.0,1,3,1,1.0,,0.0,0,1963.0,A01,138Â 294Â 323,2.0,6.0,-1.0,1646915,2.0,33,,0.0,2.0,1.0,A01,138Â 294Â 323,1.0
964948,201900006479,3,18,13:55,1,2,2,1.0,3.0,73065,ONZE NOVEMBRE ( QUAI DU),M,"45,5676242","5,9378124",73,2019,50.0,1.0,1.0,4.0,2156805,1.0,1,1,1,1.0,,0.0,0,1996.0,A01,138Â 294Â 320,1.0,0.0,-1.0,1646916,1.0,7,,0.0,2.0,2.0,A01,138Â 294Â 320,1.0
964948,201900006479,3,18,13:55,1,2,2,1.0,3.0,73065,ONZE NOVEMBRE ( QUAI DU),M,"45,5676242","5,9378124",73,2019,50.0,1.0,1.0,4.0,2156805,1.0,1,1,1,1.0,,0.0,0,1996.0,A01,138Â 294Â 320,1.0,0.0,-1.0,1646917,2.0,31,,0.0,2.0,1.0,B01,138Â 294Â 321,1.0
964948,201900006479,3,18,13:55,1,2,2,1.0,3.0,73065,ONZE NOVEMBRE ( QUAI DU),M,"45,5676242","5,9378124",73,2019,50.0,1.0,1.0,4.0,2156806,1.0,1,4,2,9.0,,0.0,0,1977.0,B01,138Â 294Â 321,2.0,6.0,-1.0,1646916,1.0,7,,0.0,2.0,2.0,A01,138Â 294Â 320,1.0
964948,201900006479,3,18,13:55,1,2,2,1.0,3.0,73065,ONZE NOVEMBRE ( QUAI DU),M,"45,5676242","5,9378124",73,2019,50.0,1.0,1.0,4.0,2156806,1.0,1,4,2,9.0,,0.0,0,1977.0,B01,138Â 294Â 321,2.0,6.0,-1.0,1646917,2.0,31,,0.0,2.0,1.0,B01,138Â 294Â 321,1.0
964949,201900006480,4,11,20:50,5,2,3,1.0,3.0,73065,D10 LANDIERS (AVENUE DES),M,"45,5925679","5,9022025",73,2019,70.0,1.0,1.0,3.0,2156807,1.0,1,1,1,5.0,,0.0,0,1943.0,A01,138Â 294Â 318,1.0,0.0,-1.0,1646918,2.0,3,,0.0,2.0,2.0,A01,138Â 294Â 318,1.0
964949,201900006480,4,11,20:50,5,2,3,1.0,3.0,73065,D10 LANDIERS (AVENUE DES),M,"45,5925679","5,9022025",73,2019,70.0,1.0,1.0,3.0,2156807,1.0,1,1,1,5.0,,0.0,0,1943.0,A01,138Â 294Â 318,1.0,0.0,-1.0,1646919,1.0,7,,0.0,2.0,1.0,B01,138Â 294Â 319,1.0
964949,201900006480,4,11,20:50,5,2,3,1.0,3.0,73065,D10 LANDIERS (AVENUE DES),M,"45,5925679","5,9022025",73,2019,70.0,1.0,1.0,3.0,2156808,1.0,1,4,2,5.0,,0.0,0,1994.0,B01,138Â 294Â 319,1.0,0.0,-1.0,1646918,2.0,3,,0.0,2.0,2.0,A01,138Â 294Â 318,1.0
964949,201900006480,4,11,20:50,5,2,3,1.0,3.0,73065,D10 LANDIERS (AVENUE DES),M,"45,5925679","5,9022025",73,2019,70.0,1.0,1.0,3.0,2156808,1.0,1,4,2,5.0,,0.0,0,1994.0,B01,138Â 294Â 319,1.0,0.0,-1.0,1646919,1.0,7,,0.0,2.0,1.0,B01,138Â 294Â 319,1.0
964950,201900006481,2,21,15:30,1,1,1,1.0,3.0,73031,VRU N201,M,"45,5722644","5,9358491",73,2019,90.0,1.0,1.0,2.0,2156809,1.0,1,4,1,4.0,,0.0,0,1972.0,A01,138Â 294Â 316,1.0,0.0,-1.0,1646920,1.0,13,,0.0,2.0,7.0,A01,138Â 294Â 316,1.0
964950,201900006481,2,21,15:30,1,1,1,1.0,3.0,73031,VRU N201,M,"45,5722644","5,9358491",73,2019,90.0,1.0,1.0,2.0,2156809,1.0,1,4,1,4.0,,0.0,0,1972.0,A01,138Â 294Â 316,1.0,0.0,-1.0,1646921,1.0,7,,0.0,2.0,8.0,B01,138Â 294Â 317,1.0
964950,201900006481,2,21,15:30,1,1,1,1.0,3.0,73031,VRU N201,M,"45,5722644","5,9358491",73,2019,90.0,1.0,1.0,2.0,2156810,4.0,2,4,2,0.0,,0.0,0,1977.0,B01,138Â 294Â 317,1.0,0.0,-1.0,1646920,1.0,13,,0.0,2.0,7.0,A01,138Â 294Â 316,1.0
964950,201900006481,2,21,15:30,1,1,1,1.0,3.0,73031,VRU N201,M,"45,5722644","5,9358491",73,2019,90.0,1.0,1.0,2.0,2156810,4.0,2,4,2,0.0,,0.0,0,1977.0,B01,138Â 294Â 317,1.0,0.0,-1.0,1646921,1.0,7,,0.0,2.0,8.0,B01,138Â 294Â 317,1.0
964950,201900006481,2,21,15:30,1,1,1,1.0,3.0,73031,VRU N201,M,"45,5722644","5,9358491",73,2019,90.0,1.0,1.0,2.0,2156811,2.0,2,4,1,0.0,,0.0,0,1936.0,B01,138Â 294Â 317,1.0,0.0,-1.0,1646920,1.0,13,,0.0,2.0,7.0,A01,138Â 294Â 316,1.0
964950,201900006481,2,21,15:30,1,1,1,1.0,3.0,73031,VRU N201,M,"45,5722644","5,9358491",73,2019,90.0,1.0,1.0,2.0,2156811,2.0,2,4,1,0.0,,0.0,0,1936.0,B01,138Â 294Â 317,1.0,0.0,-1.0,1646921,1.0,7,,0.0,2.0,8.0,B01,138Â 294Â 317,1.0
964950,201900006481,2,21,15:30,1,1,1,1.0,3.0,73031,VRU N201,M,"45,5722644","5,9358491",73,2019,90.0,1.0,1.0,2.0,2156812,1.0,1,1,2,9.0,,0.0,0,1972.0,B01,138Â 294Â 317,1.0,0.0,-1.0,1646920,1.0,13,,0.0,2.0,7.0,A01,138Â 294Â 316,1.0
964950,201900006481,2,21,15:30,1,1,1,1.0,3.0,73031,VRU N201,M,"45,5722644","5,9358491",73,2019,90.0,1.0,1.0,2.0,2156812,1.0,1,1,2,9.0,,0.0,0,1972.0,B01,138Â 294Â 317,1.0,0.0,-1.0,1646921,1.0,7,,0.0,2.0,8.0,B01,138Â 294Â 317,1.0
964951,201900006482,4,20,18:30,1,2,1,1.0,3.0,73065,VERNIER (RUE DU DR),M,"45,5761547","5,9210132",73,2019,50.0,1.0,1.0,4.0,2156813,1.0,1,1,1,0.0,,0.0,0,1986.0,A01,138Â 294Â 313,1.0,0.0,-1.0,1646922,1.0,7,,0.0,2.0,8.0,A01,138Â 294Â 313,1.0