Unnamed: 0_x,num_acc,mois,jour,hrmn,lum,agg,int,atm,col,com,adr,gps,lat,long,dep,annee,vma,situ,surf,catr,Unnamed: 0_y,place,catu,grav,sexe,trajet,secu,locp,actp,an_nais,num_veh_x,id_vehicule_x,secu1,secu2,secu3,Unnamed: 0,senc,catv,occutc,obs,obsm,choc,num_veh_y,id_vehicule_y,motor
964951,201900006482,4,20,18:30,1,2,1,1.0,3.0,73065,VERNIER (RUE DU DR),M,"45,5761547","5,9210132",73,2019,50.0,1.0,1.0,4.0,2156813,1.0,1,1,1,0.0,,0.0,0,1986.0,A01,138Â 294Â 313,1.0,0.0,-1.0,1646923,2.0,33,,0.0,2.0,1.0,B01,138Â 294Â 314,1.0
964951,201900006482,4,20,18:30,1,2,1,1.0,3.0,73065,VERNIER (RUE DU DR),M,"45,5761547","5,9210132",73,2019,50.0,1.0,1.0,4.0,2156814,1.0,1,3,1,0.0,,0.0,0,1984.0,B01,138Â 294Â 314,2.0,6.0,-1.0,1646922,1.0,7,,0.0,2.0,8.0,A01,138Â 294Â 313,1.0
964951,201900006482,4,20,18:30,1,2,1,1.0,3.0,73065,VERNIER (RUE DU DR),M,"45,5761547","5,9210132",73,2019,50.0,1.0,1.0,4.0,2156814,1.0,1,3,1,0.0,,0.0,0,1984.0,B01,138Â 294Â 314,2.0,6.0,-1.0,1646923,2.0,33,,0.0,2.0,1.0,B01,138Â 294Â 314,1.0
964952,201900006483,4,16,16:47,1,2,2,1.0,3.0,73011,CHASSEURS ALPINS (AV.)C. VILLE VERS AV.J   D1212A,M,"45,6688160","6,3906503",73,2019,50.0,1.0,1.0,3.0,2156815,1.0,1,1,1,0.0,,0.0,0,1976.0,B01,138Â 294Â 311,8.0,0.0,-1.0,1646924,1.0,7,,0.0,2.0,7.0,B01,138Â 294Â 311,1.0
964952,201900006483,4,16,16:47,1,2,2,1.0,3.0,73011,CHASSEURS ALPINS (AV.)C. VILLE VERS AV.J   D1212A,M,"45,6688160","6,3906503",73,2019,50.0,1.0,1.0,3.0,2156815,1.0,1,1,1,0.0,,0.0,0,1976.0,B01,138Â 294Â 311,8.0,0.0,-1.0,1646925,2.0,80,,0.0,2.0,1.0,A01,138Â 294Â 312,3.0
964952,201900006483,4,16,16:47,1,2,2,1.0,3.0,73011,CHASSEURS ALPINS (AV.)C. VILLE VERS AV.J   D1212A,M,"45,6688160","6,3906503",73,2019,50.0,1.0,1.0,3.0,2156816,1.0,1,3,1,1.0,,0.0,0,2001.0,A01,138Â 294Â 312,8.0,0.0,-1.0,1646924,1.0,7,,0.0,2.0,7.0,B01,138Â 294Â 311,1.0
964952,201900006483,4,16,16:47,1,2,2,1.0,3.0,73011,CHASSEURS ALPINS (AV.)C. VILLE VERS AV.J   D1212A,M,"45,6688160","6,3906503",73,2019,50.0,1.0,1.0,3.0,2156816,1.0,1,3,1,1.0,,0.0,0,2001.0,A01,138Â 294Â 312,8.0,0.0,-1.0,1646925,2.0,80,,0.0,2.0,1.0,A01,138Â 294Â 312,3.0
964953,201900006484,4,26,17:10,1,2,1,1.0,2.0,72181,BOLLEE (AV) NÂ° IMP 1 A 63,M,"47,9958100","0,2066300",72,2019,50.0,1.0,1.0,4.0,2156817,1.0,1,4,1,5.0,,0.0,0,1952.0,A01,138Â 294Â 309,2.0,0.0,-1.0,1646926,1.0,30,,0.0,2.0,1.0,A01,138Â 294Â 309,1.0
964953,201900006484,4,26,17:10,1,2,1,1.0,2.0,72181,BOLLEE (AV) NÂ° IMP 1 A 63,M,"47,9958100","0,2066300",72,2019,50.0,1.0,1.0,4.0,2156817,1.0,1,4,1,5.0,,0.0,0,1952.0,A01,138Â 294Â 309,2.0,0.0,-1.0,1646927,1.0,7,,0.0,2.0,4.0,B01,138Â 294Â 310,1.0
964953,201900006484,4,26,17:10,1,2,1,1.0,2.0,72181,BOLLEE (AV) NÂ° IMP 1 A 63,M,"47,9958100","0,2066300",72,2019,50.0,1.0,1.0,4.0,2156818,1.0,1,1,2,5.0,,0.0,0,1928.0,B01,138Â 294Â 310,1.0,0.0,-1.0,1646926,1.0,30,,0.0,2.0,1.0,A01,138Â 294Â 309,1.0
964953,201900006484,4,26,17:10,1,2,1,1.0,2.0,72181,BOLLEE (AV) NÂ° IMP 1 A 63,M,"47,9958100","0,2066300",72,2019,50.0,1.0,1.0,4.0,2156818,1.0,1,1,2,5.0,,0.0,0,1928.0,B01,138Â 294Â 310,1.0,0.0,-1.0,1646927,1.0,7,,0.0,2.0,4.0,B01,138Â 294Â 310,1.0
964954,201900006485,4,24,12:22,1,2,3,3.0,3.0,72003,ANJOU (BD D'),M,"47,9657300","0,1616700",72,2019,30.0,1.0,2.0,4.0,2156819,1.0,1,4,1,0.0,,0.0,0,1998.0,B01,138Â 294Â 305,2.0,0.0,-1.0,1646928,3.0,2,,0.0,2.0,1.0,B01,138Â 294Â 305,1.0
964954,201900006485,4,24,12:22,1,2,3,3.0,3.0,72003,ANJOU (BD D'),M,"47,9657300","0,1616700",72,2019,30.0,1.0,2.0,4.0,2156819,1.0,1,4,1,0.0,,0.0,0,1998.0,B01,138Â 294Â 305,2.0,0.0,-1.0,1646929,3.0,7,,0.0,2.0,3.0,A01,138Â 294Â 306,1.0
964954,201900006485,4,24,12:22,1,2,3,3.0,3.0,72003,ANJOU (BD D'),M,"47,9657300","0,1616700",72,2019,30.0,1.0,2.0,4.0,2156820,1.0,1,1,2,1.0,,0.0,0,1976.0,A01,138Â 294Â 306,1.0,0.0,-1.0,1646928,3.0,2,,0.0,2.0,1.0,B01,138Â 294Â 305,1.0
964954,201900006485,4,24,12:22,1,2,3,3.0,3.0,72003,ANJOU (BD D'),M,"47,9657300","0,1616700",72,2019,30.0,1.0,2.0,4.0,2156820,1.0,1,1,2,1.0,,0.0,0,1976.0,A01,138Â 294Â 306,1.0,0.0,-1.0,1646929,3.0,7,,0.0,2.0,3.0,A01,138Â 294Â 306,1.0
964955,201900006486,4,23,17:00,1,1,1,1.0,3.0,72181,PATTON GENERAL RTE BAUGE A CHEMIN RONDE,M,"47,9999600","0,1727800",72,2019,90.0,1.0,1.0,4.0,2156821,1.0,1,4,2,0.0,,0.0,0,1988.0,B01,138Â 294Â 303,1.0,0.0,-1.0,1646930,3.0,7,,0.0,2.0,8.0,B01,138Â 294Â 303,1.0
964955,201900006486,4,23,17:00,1,1,1,1.0,3.0,72181,PATTON GENERAL RTE BAUGE A CHEMIN RONDE,M,"47,9999600","0,1727800",72,2019,90.0,1.0,1.0,4.0,2156821,1.0,1,4,2,0.0,,0.0,0,1988.0,B01,138Â 294Â 303,1.0,0.0,-1.0,1646931,3.0,15,,0.0,2.0,3.0,A01,138Â 294Â 304,1.0
964955,201900006486,4,23,17:00,1,1,1,1.0,3.0,72181,PATTON GENERAL RTE BAUGE A CHEMIN RONDE,M,"47,9999600","0,1727800",72,2019,90.0,1.0,1.0,4.0,2156822,3.0,2,4,2,0.0,,0.0,0,2016.0,B01,138Â 294Â 303,3.0,0.0,-1.0,1646930,3.0,7,,0.0,2.0,8.0,B01,138Â 294Â 303,1.0
964955,201900006486,4,23,17:00,1,1,1,1.0,3.0,72181,PATTON GENERAL RTE BAUGE A CHEMIN RONDE,M,"47,9999600","0,1727800",72,2019,90.0,1.0,1.0,4.0,2156822,3.0,2,4,2,0.0,,0.0,0,2016.0,B01,138Â 294Â 303,3.0,0.0,-1.0,1646931,3.0,15,,0.0,2.0,3.0,A01,138Â 294Â 304,1.0
964955,201900006486,4,23,17:00,1,1,1,1.0,3.0,72181,PATTON GENERAL RTE BAUGE A CHEMIN RONDE,M,"47,9999600","0,1727800",72,2019,90.0,1.0,1.0,4.0,2156823,1.0,1,1,1,4.0,,0.0,0,1970.0,A01,138Â 294Â 304,1.0,0.0,-1.0,1646930,3.0,7,,0.0,2.0,8.0,B01,138Â 294Â 303,1.0
964955,201900006486,4,23,17:00,1,1,1,1.0,3.0,72181,PATTON GENERAL RTE BAUGE A CHEMIN RONDE,M,"47,9999600","0,1727800",72,2019,90.0,1.0,1.0,4.0,2156823,1.0,1,1,1,4.0,,0.0,0,1970.0,A01,138Â 294Â 304,1.0,0.0,-1.0,1646931,3.0,15,,0.0,2.0,3.0,A01,138Â 294Â 304,1.0
964956,201900006487,4,23,08:50,1,2,3,1.0,3.0,72181,CHURCHILL WINSTON (BD) NÂ° PAIRS DE 2 A 8,M,"47,9867200","0,2109900",72,2019,50.0,1.0,1.0,4.0,2156824,1.0,1,4,1,0.0,,0.0,0,1972.0,B01,138Â 294Â 301,2.0,0.0,-1.0,1646932,2.0,2,,0.0,2.0,1.0,B01,138Â 294Â 301,1.0
964956,201900006487,4,23,08:50,1,2,3,1.0,3.0,72181,CHURCHILL WINSTON (BD) NÂ° PAIRS DE 2 A 8,M,"47,9867200","0,2109900",72,2019,50.0,1.0,1.0,4.0,2156824,1.0,1,4,1,0.0,,0.0,0,1972.0,B01,138Â 294Â 301,2.0,0.0,-1.0,1646933,2.0,7,,0.0,2.0,7.0,A01,138Â 294Â 302,1.0
964956,201900006487,4,23,08:50,1,2,3,1.0,3.0,72181,CHURCHILL WINSTON (BD) NÂ° PAIRS DE 2 A 8,M,"47,9867200","0,2109900",72,2019,50.0,1.0,1.0,4.0,2156825,1.0,1,1,2,0.0,,0.0,0,1972.0,A01,138Â 294Â 302,1.0,0.0,-1.0,1646932,2.0,2,,0.0,2.0,1.0,B01,138Â 294Â 301,1.0
964956,201900006487,4,23,08:50,1,2,3,1.0,3.0,72181,CHURCHILL WINSTON (BD) NÂ° PAIRS DE 2 A 8,M,"47,9867200","0,2109900",72,2019,50.0,1.0,1.0,4.0,2156825,1.0,1,1,2,0.0,,0.0,0,1972.0,A01,138Â 294Â 302,1.0,0.0,-1.0,1646933,2.0,7,,0.0,2.0,7.0,A01,138Â 294Â 302,1.0
964957,201900006488,4,20,00:10,3,2,9,1.0,1.0,72181,Enceinte circuit des 24h00 du Mans,M,"47,9477900","0,2102900",72,2019,30.0,1.0,1.0,5.0,2156826,2.0,2,1,1,4.0,,0.0,0,1971.0,B01,138Â 294Â 299,2.0,6.0,-1.0,1646934,3.0,33,,0.0,2.0,3.0,B01,138Â 294Â 299,1.0
964957,201900006488,4,20,00:10,3,2,9,1.0,1.0,72181,Enceinte circuit des 24h00 du Mans,M,"47,9477900","0,2102900",72,2019,30.0,1.0,1.0,5.0,2156826,2.0,2,1,1,4.0,,0.0,0,1971.0,B01,138Â 294Â 299,2.0,6.0,-1.0,1646935,3.0,33,,0.0,2.0,1.0,A01,138Â 294Â 300,1.0
964957,201900006488,4,20,00:10,3,2,9,1.0,1.0,72181,Enceinte circuit des 24h00 du Mans,M,"47,9477900","0,2102900",72,2019,30.0,1.0,1.0,5.0,2156827,1.0,1,4,1,4.0,,0.0,0,1972.0,B01,138Â 294Â 299,2.0,6.0,-1.0,1646934,3.0,33,,0.0,2.0,3.0,B01,138Â 294Â 299,1.0
964957,201900006488,4,20,00:10,3,2,9,1.0,1.0,72181,Enceinte circuit des 24h00 du Mans,M,"47,9477900","0,2102900",72,2019,30.0,1.0,1.0,5.0,2156827,1.0,1,4,1,4.0,,0.0,0,1972.0,B01,138Â 294Â 299,2.0,6.0,-1.0,1646935,3.0,33,,0.0,2.0,1.0,A01,138Â 294Â 300,1.0
964957,201900006488,4,20,00:10,3,2,9,1.0,1.0,72181,Enceinte circuit des 24h00 du Mans,M,"47,9477900","0,2102900",72,2019,30.0,1.0,1.0,5.0,2156828,2.0,2,1,2,5.0,,0.0,0,1958.0,A01,138Â 294Â 300,2.0,6.0,-1.0,1646934,3.0,33,,0.0,2.0,3.0,B01,138Â 294Â 299,1.0
964957,201900006488,4,20,00:10,3,2,9,1.0,1.0,72181,Enceinte circuit des 24h00 du Mans,M,"47,9477900","0,2102900",72,2019,30.0,1.0,1.0,5.0,2156828,2.0,2,1,2,5.0,,0.0,0,1958.0,A01,138Â 294Â 300,2.0,6.0,-1.0,1646935,3.0,33,,0.0,2.0,1.0,A01,138Â 294Â 300,1.0
964957,201900006488,4,20,00:10,3,2,9,1.0,1.0,72181,Enceinte circuit des 24h00 du Mans,M,"47,9477900","0,2102900",72,2019,30.0,1.0,1.0,5.0,2156829,1.0,1,4,1,5.0,,0.0,0,1957.0,A01,138Â 294Â 300,2.0,6.0,-1.0,1646934,3.0,33,,0.0,2.0,3.0,B01,138Â 294Â 299,1.0
964957,201900006488,4,20,00:10,3,2,9,1.0,1.0,72181,Enceinte circuit des 24h00 du Mans,M,"47,9477900","0,2102900",72,2019,30.0,1.0,1.0,5.0,2156829,1.0,1,4,1,5.0,,0.0,0,1957.0,A01,138Â 294Â 300,2.0,6.0,-1.0,1646935,3.0,33,,0.0,2.0,1.0,A01,138Â 294Â 300,1.0
964958,201900006489,4,19,14:30,1,2,1,1.0,2.0,72181,BOLLEE (AV) NÂ° IMP 65 A 199,M,"48,0017600","0,2086900",72,2019,50.0,1.0,1.0,4.0,2156830,1.0,1,1,2,0.0,,0.0,0,1999.0,B01,138Â 294Â 297,1.0,8.0,-1.0,1646936,1.0,7,,0.0,2.0,3.0,B01,138Â 294Â 297,1.0
964958,201900006489,4,19,14:30,1,2,1,1.0,2.0,72181,BOLLEE (AV) NÂ° IMP 65 A 199,M,"48,0017600","0,2086900",72,2019,50.0,1.0,1.0,4.0,2156830,1.0,1,1,2,0.0,,0.0,0,1999.0,B01,138Â 294Â 297,1.0,8.0,-1.0,1646937,1.0,33,,0.0,2.0,1.0,A01,138Â 294Â 298,1.0
964958,201900006489,4,19,14:30,1,2,1,1.0,2.0,72181,BOLLEE (AV) NÂ° IMP 65 A 199,M,"48,0017600","0,2086900",72,2019,50.0,1.0,1.0,4.0,2156831,1.0,1,4,1,0.0,,0.0,0,1992.0,A01,138Â 294Â 298,2.0,8.0,-1.0,1646936,1.0,7,,0.0,2.0,3.0,B01,138Â 294Â 297,1.0
964958,201900006489,4,19,14:30,1,2,1,1.0,2.0,72181,BOLLEE (AV) NÂ° IMP 65 A 199,M,"48,0017600","0,2086900",72,2019,50.0,1.0,1.0,4.0,2156831,1.0,1,4,1,0.0,,0.0,0,1992.0,A01,138Â 294Â 298,2.0,8.0,-1.0,1646937,1.0,33,,0.0,2.0,1.0,A01,138Â 294Â 298,1.0
964959,201900006490,4,18,13:45,1,2,3,1.0,2.0,72181,DUBIGNON (RUE),M,"48,0065800","0,2067300",72,2019,50.0,1.0,1.0,4.0,2156832,1.0,1,4,1,5.0,,0.0,0,1990.0,A01,138Â 294Â 295,8.0,0.0,-1.0,1646938,2.0,1,,0.0,2.0,1.0,A01,138Â 294Â 295,5.0
964959,201900006490,4,18,13:45,1,2,3,1.0,2.0,72181,DUBIGNON (RUE),M,"48,0065800","0,2067300",72,2019,50.0,1.0,1.0,4.0,2156832,1.0,1,4,1,5.0,,0.0,0,1990.0,A01,138Â 294Â 295,8.0,0.0,-1.0,1646939,2.0,7,,0.0,2.0,5.0,B01,138Â 294Â 296,1.0
964959,201900006490,4,18,13:45,1,2,3,1.0,2.0,72181,DUBIGNON (RUE),M,"48,0065800","0,2067300",72,2019,50.0,1.0,1.0,4.0,2156833,1.0,1,1,1,4.0,,0.0,0,1967.0,B01,138Â 294Â 296,1.0,0.0,-1.0,1646938,2.0,1,,0.0,2.0,1.0,A01,138Â 294Â 295,5.0
964959,201900006490,4,18,13:45,1,2,3,1.0,2.0,72181,DUBIGNON (RUE),M,"48,0065800","0,2067300",72,2019,50.0,1.0,1.0,4.0,2156833,1.0,1,1,1,4.0,,0.0,0,1967.0,B01,138Â 294Â 296,1.0,0.0,-1.0,1646939,2.0,7,,0.0,2.0,5.0,B01,138Â 294Â 296,1.0
964960,201900006491,4,17,08:00,1,1,3,1.0,6.0,72003,SAINT GEORGES (RTE DE),M,"47,9748900","0,1286400",72,2019,80.0,1.0,1.0,3.0,2156834,1.0,1,1,1,1.0,,0.0,0,1991.0,B01,138Â 294Â 292,1.0,0.0,-1.0,1646940,1.0,7,,0.0,2.0,1.0,B01,138Â 294Â 292,1.0
964960,201900006491,4,17,08:00,1,1,3,1.0,6.0,72003,SAINT GEORGES (RTE DE),M,"47,9748900","0,1286400",72,2019,80.0,1.0,1.0,3.0,2156834,1.0,1,1,1,1.0,,0.0,0,1991.0,B01,138Â 294Â 292,1.0,0.0,-1.0,1646941,2.0,7,,0.0,2.0,7.0,A01,138Â 294Â 293,1.0
964960,201900006491,4,17,08:00,1,1,3,1.0,6.0,72003,SAINT GEORGES (RTE DE),M,"47,9748900","0,1286400",72,2019,80.0,1.0,1.0,3.0,2156834,1.0,1,1,1,1.0,,0.0,0,1991.0,B01,138Â 294Â 292,1.0,0.0,-1.0,1646942,3.0,7,,0.0,2.0,3.0,C01,138Â 294Â 294,1.0
964960,201900006491,4,17,08:00,1,1,3,1.0,6.0,72003,SAINT GEORGES (RTE DE),M,"47,9748900","0,1286400",72,2019,80.0,1.0,1.0,3.0,2156835,1.0,1,4,1,4.0,,0.0,0,1965.0,A01,138Â 294Â 293,1.0,0.0,-1.0,1646940,1.0,7,,0.0,2.0,1.0,B01,138Â 294Â 292,1.0
964960,201900006491,4,17,08:00,1,1,3,1.0,6.0,72003,SAINT GEORGES (RTE DE),M,"47,9748900","0,1286400",72,2019,80.0,1.0,1.0,3.0,2156835,1.0,1,4,1,4.0,,0.0,0,1965.0,A01,138Â 294Â 293,1.0,0.0,-1.0,1646941,2.0,7,,0.0,2.0,7.0,A01,138Â 294Â 293,1.0
964960,201900006491,4,17,08:00,1,1,3,1.0,6.0,72003,SAINT GEORGES (RTE DE),M,"47,9748900","0,1286400",72,2019,80.0,1.0,1.0,3.0,2156835,1.0,1,4,1,4.0,,0.0,0,1965.0,A01,138Â 294Â 293,1.0,0.0,-1.0,1646942,3.0,7,,0.0,2.0,3.0,C01,138Â 294Â 294,1.0
964960,201900006491,4,17,08:00,1,1,3,1.0,6.0,72003,SAINT GEORGES (RTE DE),M,"47,9748900","0,1286400",72,2019,80.0,1.0,1.0,3.0,2156836,1.0,1,1,1,0.0,,0.0,0,1960.0,C01,138Â 294Â 294,1.0,0.0,-1.0,1646940,1.0,7,,0.0,2.0,1.0,B01,138Â 294Â 292,1.0
964960,201900006491,4,17,08:00,1,1,3,1.0,6.0,72003,SAINT GEORGES (RTE DE),M,"47,9748900","0,1286400",72,2019,80.0,1.0,1.0,3.0,2156836,1.0,1,1,1,0.0,,0.0,0,1960.0,C01,138Â 294Â 294,1.0,0.0,-1.0,1646941,2.0,7,,0.0,2.0,7.0,A01,138Â 294Â 293,1.0
964960,201900006491,4,17,08:00,1,1,3,1.0,6.0,72003,SAINT GEORGES (RTE DE),M,"47,9748900","0,1286400",72,2019,80.0,1.0,1.0,3.0,2156836,1.0,1,1,1,0.0,,0.0,0,1960.0,C01,138Â 294Â 294,1.0,0.0,-1.0,1646942,3.0,7,,0.0,2.0,3.0,C01,138Â 294Â 294,1.0
964961,201900006492,4,27,12:30,1,2,1,1.0,6.0,71040,MONTCHANIN (ROUTE DE ),M,"46,7072000","4,4261000",71,2019,50.0,1.0,1.0,3.0,2156837,1.0,1,4,1,5.0,,0.0,0,1999.0,A01,138Â 294Â 291,1.0,0.0,-1.0,1646943,1.0,7,,2.0,0.0,2.0,A01,138Â 294Â 291,1.0
964962,201900006493,4,24,19:50,1,2,2,1.0,6.0,71306,GAITE (RUE DE LA),M,"46,6929820","4,3524530",71,2019,50.0,1.0,1.0,4.0,2156838,1.0,1,4,2,5.0,,0.0,0,1956.0,A01,138Â 294Â 290,1.0,0.0,-1.0,1646944,1.0,7,,6.0,0.0,1.0,A01,138Â 294Â 290,1.0
964963,201900006494,4,21,15:25,1,2,2,1.0,3.0,71153,ALBERT 1ER (RUE),M,"46,7915600","4,4297100",71,2019,50.0,1.0,1.0,4.0,2156839,1.0,1,4,1,5.0,,-1.0, -1,1972.0,B01,138Â 294Â 288,1.0,0.0,-1.0,1646945,3.0,7,,0.0,2.0,3.0,B01,138Â 294Â 288,1.0
964963,201900006494,4,21,15:25,1,2,2,1.0,3.0,71153,ALBERT 1ER (RUE),M,"46,7915600","4,4297100",71,2019,50.0,1.0,1.0,4.0,2156839,1.0,1,4,1,5.0,,-1.0, -1,1972.0,B01,138Â 294Â 288,1.0,0.0,-1.0,1646946,3.0,7,,0.0,2.0,1.0,A01,138Â 294Â 289,1.0
964963,201900006494,4,21,15:25,1,2,2,1.0,3.0,71153,ALBERT 1ER (RUE),M,"46,7915600","4,4297100",71,2019,50.0,1.0,1.0,4.0,2156840,1.0,1,1,1,5.0,,-1.0, -1,1971.0,A01,138Â 294Â 289,1.0,8.0,-1.0,1646945,3.0,7,,0.0,2.0,3.0,B01,138Â 294Â 288,1.0
964963,201900006494,4,21,15:25,1,2,2,1.0,3.0,71153,ALBERT 1ER (RUE),M,"46,7915600","4,4297100",71,2019,50.0,1.0,1.0,4.0,2156840,1.0,1,1,1,5.0,,-1.0, -1,1971.0,A01,138Â 294Â 289,1.0,8.0,-1.0,1646946,3.0,7,,0.0,2.0,1.0,A01,138Â 294Â 289,1.0
964964,201900006495,4,24,17:50,1,2,1,1.0,6.0,71076,LYON (RUE DE ),M,"46,7802400","4,8534300",71,2019,50.0,1.0,1.0,4.0,2156841,10.0,3,3,2,5.0,,2.0,3,1955.0,A01,138Â 294Â 287,8.0,0.0,-1.0,1646947,3.0,7,,0.0,1.0,0.0,A01,138Â 294Â 287,1.0
964964,201900006495,4,24,17:50,1,2,1,1.0,6.0,71076,LYON (RUE DE ),M,"46,7802400","4,8534300",71,2019,50.0,1.0,1.0,4.0,2156842,1.0,1,1,2,0.0,,0.0,0,1959.0,A01,138Â 294Â 287,1.0,8.0,-1.0,1646947,3.0,7,,0.0,1.0,0.0,A01,138Â 294Â 287,1.0
964965,201900006496,4,18,11:05,1,2,1,1.0,2.0,71475,ROUTE NATIONALE 6,M,"46,7738200","4,8450900",71,2019,50.0,1.0,1.0,3.0,2156843,1.0,1,1,2,9.0,,0.0,0,1946.0,B01,138Â 294Â 285,1.0,8.0,-1.0,1646948,1.0,7,,0.0,2.0,4.0,B01,138Â 294Â 285,1.0
964965,201900006496,4,18,11:05,1,2,1,1.0,2.0,71475,ROUTE NATIONALE 6,M,"46,7738200","4,8450900",71,2019,50.0,1.0,1.0,3.0,2156843,1.0,1,1,2,9.0,,0.0,0,1946.0,B01,138Â 294Â 285,1.0,8.0,-1.0,1646949,1.0,33,,0.0,2.0,1.0,A01,138Â 294Â 286,1.0
964965,201900006496,4,18,11:05,1,2,1,1.0,2.0,71475,ROUTE NATIONALE 6,M,"46,7738200","4,8450900",71,2019,50.0,1.0,1.0,3.0,2156844,1.0,1,3,1,0.0,,0.0,0,1978.0,A01,138Â 294Â 286,2.0,8.0,-1.0,1646948,1.0,7,,0.0,2.0,4.0,B01,138Â 294Â 285,1.0
964965,201900006496,4,18,11:05,1,2,1,1.0,2.0,71475,ROUTE NATIONALE 6,M,"46,7738200","4,8450900",71,2019,50.0,1.0,1.0,3.0,2156844,1.0,1,3,1,0.0,,0.0,0,1978.0,A01,138Â 294Â 286,2.0,8.0,-1.0,1646949,1.0,33,,0.0,2.0,1.0,A01,138Â 294Â 286,1.0
964966,201900006497,4,17,17:25,1,1,2,1.0,3.0,70513,RIVES DU LAC (AVENUE DES),M,"47,6297400","6,1215800",70,2019,50.0,1.0,1.0,4.0,2156845,1.0,1,3,1,5.0,,-1.0, -1,2002.0,B01,138Â 294Â 283,2.0,6.0,-1.0,1646950,2.0,2,,0.0,2.0,1.0,B01,138Â 294Â 283,1.0
964966,201900006497,4,17,17:25,1,1,2,1.0,3.0,70513,RIVES DU LAC (AVENUE DES),M,"47,6297400","6,1215800",70,2019,50.0,1.0,1.0,4.0,2156845,1.0,1,3,1,5.0,,-1.0, -1,2002.0,B01,138Â 294Â 283,2.0,6.0,-1.0,1646951,2.0,7,,0.0,2.0,8.0,A01,138Â 294Â 284,1.0
964966,201900006497,4,17,17:25,1,1,2,1.0,3.0,70513,RIVES DU LAC (AVENUE DES),M,"47,6297400","6,1215800",70,2019,50.0,1.0,1.0,4.0,2156846,1.0,1,1,2,5.0,,-1.0, -1,1985.0,A01,138Â 294Â 284,1.0,0.0,-1.0,1646950,2.0,2,,0.0,2.0,1.0,B01,138Â 294Â 283,1.0
964966,201900006497,4,17,17:25,1,1,2,1.0,3.0,70513,RIVES DU LAC (AVENUE DES),M,"47,6297400","6,1215800",70,2019,50.0,1.0,1.0,4.0,2156846,1.0,1,1,2,5.0,,-1.0, -1,1985.0,A01,138Â 294Â 284,1.0,0.0,-1.0,1646951,2.0,7,,0.0,2.0,8.0,A01,138Â 294Â 284,1.0
964967,201900006498,4,5,17:05,1,1,1,1.0,1.0,70550,R.D.10 E,M,"47,6381600","6,1566500",70,2019,80.0,1.0,1.0,3.0,2156847,1.0,1,3,1,5.0,,-1.0, -1,1978.0,A01,138Â 294Â 281,1.0,8.0,-1.0,1646952,1.0,7,,0.0,2.0,1.0,A01,138Â 294Â 281,1.0
964967,201900006498,4,5,17:05,1,1,1,1.0,1.0,70550,R.D.10 E,M,"47,6381600","6,1566500",70,2019,80.0,1.0,1.0,3.0,2156847,1.0,1,3,1,5.0,,-1.0, -1,1978.0,A01,138Â 294Â 281,1.0,8.0,-1.0,1646953,2.0,7,,0.0,2.0,1.0,B01,138Â 294Â 282,1.0
964967,201900006498,4,5,17:05,1,1,1,1.0,1.0,70550,R.D.10 E,M,"47,6381600","6,1566500",70,2019,80.0,1.0,1.0,3.0,2156848,3.0,2,4,2,5.0,,-1.0, -1,2008.0,A01,138Â 294Â 281,1.0,0.0,-1.0,1646952,1.0,7,,0.0,2.0,1.0,A01,138Â 294Â 281,1.0
964967,201900006498,4,5,17:05,1,1,1,1.0,1.0,70550,R.D.10 E,M,"47,6381600","6,1566500",70,2019,80.0,1.0,1.0,3.0,2156848,3.0,2,4,2,5.0,,-1.0, -1,2008.0,A01,138Â 294Â 281,1.0,0.0,-1.0,1646953,2.0,7,,0.0,2.0,1.0,B01,138Â 294Â 282,1.0
964967,201900006498,4,5,17:05,1,1,1,1.0,1.0,70550,R.D.10 E,M,"47,6381600","6,1566500",70,2019,80.0,1.0,1.0,3.0,2156849,1.0,1,4,2,3.0,,-1.0, -1,1961.0,B01,138Â 294Â 282,1.0,8.0,-1.0,1646952,1.0,7,,0.0,2.0,1.0,A01,138Â 294Â 281,1.0
964967,201900006498,4,5,17:05,1,1,1,1.0,1.0,70550,R.D.10 E,M,"47,6381600","6,1566500",70,2019,80.0,1.0,1.0,3.0,2156849,1.0,1,4,2,3.0,,-1.0, -1,1961.0,B01,138Â 294Â 282,1.0,8.0,-1.0,1646953,2.0,7,,0.0,2.0,1.0,B01,138Â 294Â 282,1.0
964967,201900006498,4,5,17:05,1,1,1,1.0,1.0,70550,R.D.10 E,M,"47,6381600","6,1566500",70,2019,80.0,1.0,1.0,3.0,2156850,2.0,2,4,2,3.0,,-1.0, -1,1993.0,B01,138Â 294Â 282,1.0,0.0,-1.0,1646952,1.0,7,,0.0,2.0,1.0,A01,138Â 294Â 281,1.0
964967,201900006498,4,5,17:05,1,1,1,1.0,1.0,70550,R.D.10 E,M,"47,6381600","6,1566500",70,2019,80.0,1.0,1.0,3.0,2156850,2.0,2,4,2,3.0,,-1.0, -1,1993.0,B01,138Â 294Â 282,1.0,0.0,-1.0,1646953,2.0,7,,0.0,2.0,1.0,B01,138Â 294Â 282,1.0
964968,201900006499,4,22,16:15,1,2,1,1.0,1.0,69256,SALVADOR ALLENDE                    (AV),M,"45,7892500","4,9240000",69,2019,50.0,1.0,1.0,4.0,2156851,5.0,2,4,1,0.0,,0.0,0,2002.0,B01,138Â 294Â 279,8.0,0.0,-1.0,1646954,1.0,30,,0.0,2.0,3.0,B01,138Â 294Â 279,1.0