Unnamed: 0_x,num_acc,mois,jour,hrmn,lum,agg,int,atm,col,com,adr,gps,lat,long,dep,annee,vma,situ,surf,catr,Unnamed: 0_y,place,catu,grav,sexe,trajet,secu,locp,actp,an_nais,num_veh_x,id_vehicule_x,secu1,secu2,secu3,Unnamed: 0,senc,catv,occutc,obs,obsm,choc,num_veh_y,id_vehicule_y,motor
964968,201900006499,4,22,16:15,1,2,1,1.0,1.0,69256,SALVADOR ALLENDE                    (AV),M,"45,7892500","4,9240000",69,2019,50.0,1.0,1.0,4.0,2156851,5.0,2,4,1,0.0,,0.0,0,2002.0,B01,138Â 294Â 279,8.0,0.0,-1.0,1646955,1.0,7,,0.0,2.0,3.0,A01,138Â 294Â 280,1.0
964968,201900006499,4,22,16:15,1,2,1,1.0,1.0,69256,SALVADOR ALLENDE                    (AV),M,"45,7892500","4,9240000",69,2019,50.0,1.0,1.0,4.0,2156852,1.0,1,1,2,9.0,,-1.0, -1,1991.0,A01,138Â 294Â 280,1.0,0.0,-1.0,1646954,1.0,30,,0.0,2.0,3.0,B01,138Â 294Â 279,1.0
964968,201900006499,4,22,16:15,1,2,1,1.0,1.0,69256,SALVADOR ALLENDE                    (AV),M,"45,7892500","4,9240000",69,2019,50.0,1.0,1.0,4.0,2156852,1.0,1,1,2,9.0,,-1.0, -1,1991.0,A01,138Â 294Â 280,1.0,0.0,-1.0,1646955,1.0,7,,0.0,2.0,3.0,A01,138Â 294Â 280,1.0
964969,201900006500,4,21,08:05,1,2,7,1.0,6.0,69290,DOCTEUR GALLAVARDIN (DU)            (R ),M,"45,6908700","4,9370500",69,2019,50.0,1.0,1.0,7.0,2156853,10.0,3,4,1,3.0,,1.0,3,1931.0,A01,138Â 294Â 278,0.0,0.0,0.0,1646956,1.0,7,,0.0,1.0,5.0,A01,138Â 294Â 278,1.0
964969,201900006500,4,21,08:05,1,2,7,1.0,6.0,69290,DOCTEUR GALLAVARDIN (DU)            (R ),M,"45,6908700","4,9370500",69,2019,50.0,1.0,1.0,7.0,2156854,1.0,1,1,1,0.0,,0.0,0,1983.0,A01,138Â 294Â 278,1.0,0.0,-1.0,1646956,1.0,7,,0.0,1.0,5.0,A01,138Â 294Â 278,1.0
964970,201900006501,4,16,09:10,1,2,3,2.0,3.0,69266,4 AOUT 1789    (Rue du),M,"45,7646200","4,8904600",69,2019,50.0,1.0,2.0,4.0,2156855,1.0,1,4,2,1.0,,0.0,0,1972.0,B01,138Â 294Â 276,8.0,4.0,-1.0,1646957,2.0,1,,0.0,2.0,7.0,B01,138Â 294Â 276,5.0
964970,201900006501,4,16,09:10,1,2,3,2.0,3.0,69266,4 AOUT 1789    (Rue du),M,"45,7646200","4,8904600",69,2019,50.0,1.0,2.0,4.0,2156855,1.0,1,4,2,1.0,,0.0,0,1972.0,B01,138Â 294Â 276,8.0,4.0,-1.0,1646958,1.0,7,,0.0,2.0,3.0,A01,138Â 294Â 277,0.0
964970,201900006501,4,16,09:10,1,2,3,2.0,3.0,69266,4 AOUT 1789    (Rue du),M,"45,7646200","4,8904600",69,2019,50.0,1.0,2.0,4.0,2156856,1.0,1,1,2,1.0,,0.0,0,1990.0,A01,138Â 294Â 277,8.0,8.0,-1.0,1646957,2.0,1,,0.0,2.0,7.0,B01,138Â 294Â 276,5.0
964970,201900006501,4,16,09:10,1,2,3,2.0,3.0,69266,4 AOUT 1789    (Rue du),M,"45,7646200","4,8904600",69,2019,50.0,1.0,2.0,4.0,2156856,1.0,1,1,2,1.0,,0.0,0,1990.0,A01,138Â 294Â 277,8.0,8.0,-1.0,1646958,1.0,7,,0.0,2.0,3.0,A01,138Â 294Â 277,0.0
964971,201900006502,4,19,07:20,1,2,3,1.0,6.0,69282,GARE (DE LA)                          (R,M,"45,7710000","5,0000000",69,2019,50.0,1.0,1.0,4.0,2156857,10.0,3,3,1,0.0,,3.0,3,1982.0,A01,138Â 294Â 274,0.0,0.0,0.0,1646959,1.0,7,,0.0,1.0,1.0,A01,138Â 294Â 274,0.0
964971,201900006502,4,19,07:20,1,2,3,1.0,6.0,69282,GARE (DE LA)                          (R,M,"45,7710000","5,0000000",69,2019,50.0,1.0,1.0,4.0,2156858,1.0,1,1,1,1.0,,0.0,0,1983.0,A01,138Â 294Â 274,8.0,0.0,-1.0,1646959,1.0,7,,0.0,1.0,1.0,A01,138Â 294Â 274,0.0
964972,201900006503,4,18,14:50,1,2,1,1.0,3.0,69266,CANAL    (Rue du),M,"45,7694000","4,9063000",69,2019,50.0,1.0,1.0,4.0,2156859,1.0,1,1,1,4.0,,0.0,0,1991.0,A01,138Â 294Â 272,1.0,0.0,-1.0,1646960,3.0,10,,0.0,2.0,8.0,A01,138Â 294Â 272,1.0
964972,201900006503,4,18,14:50,1,2,1,1.0,3.0,69266,CANAL    (Rue du),M,"45,7694000","4,9063000",69,2019,50.0,1.0,1.0,4.0,2156859,1.0,1,1,1,4.0,,0.0,0,1991.0,A01,138Â 294Â 272,1.0,0.0,-1.0,1646961,1.0,33,,0.0,2.0,1.0,B01,138Â 294Â 273,1.0
964972,201900006503,4,18,14:50,1,2,1,1.0,3.0,69266,CANAL    (Rue du),M,"45,7694000","4,9063000",69,2019,50.0,1.0,1.0,4.0,2156860,1.0,1,4,1,9.0,,0.0,0,1984.0,B01,138Â 294Â 273,2.0,0.0,-1.0,1646960,3.0,10,,0.0,2.0,8.0,A01,138Â 294Â 272,1.0
964972,201900006503,4,18,14:50,1,2,1,1.0,3.0,69266,CANAL    (Rue du),M,"45,7694000","4,9063000",69,2019,50.0,1.0,1.0,4.0,2156860,1.0,1,4,1,9.0,,0.0,0,1984.0,B01,138Â 294Â 273,2.0,0.0,-1.0,1646961,1.0,33,,0.0,2.0,1.0,B01,138Â 294Â 273,1.0
964973,201900006504,4,18,21:20,5,2,6,1.0,3.0,69013,BERTHELOT (rue),M,"45,9993000","4,7329800",69,2019,50.0,1.0,1.0,4.0,2156861,1.0,1,4,1,0.0,,-1.0, -1,1998.0,B01,138Â 294Â 270,2.0,6.0,-1.0,1646962,3.0,2,,0.0,2.0,8.0,B01,138Â 294Â 270,1.0
964973,201900006504,4,18,21:20,5,2,6,1.0,3.0,69013,BERTHELOT (rue),M,"45,9993000","4,7329800",69,2019,50.0,1.0,1.0,4.0,2156861,1.0,1,4,1,0.0,,-1.0, -1,1998.0,B01,138Â 294Â 270,2.0,6.0,-1.0,1646963,3.0,7,,0.0,2.0,0.0,A01,138Â 294Â 271,1.0
964973,201900006504,4,18,21:20,5,2,6,1.0,3.0,69013,BERTHELOT (rue),M,"45,9993000","4,7329800",69,2019,50.0,1.0,1.0,4.0,2156862,1.0,1,1,2,0.0,,0.0,0,1984.0,A01,138Â 294Â 271,1.0,0.0,-1.0,1646962,3.0,2,,0.0,2.0,8.0,B01,138Â 294Â 270,1.0
964973,201900006504,4,18,21:20,5,2,6,1.0,3.0,69013,BERTHELOT (rue),M,"45,9993000","4,7329800",69,2019,50.0,1.0,1.0,4.0,2156862,1.0,1,1,2,0.0,,0.0,0,1984.0,A01,138Â 294Â 271,1.0,0.0,-1.0,1646963,3.0,7,,0.0,2.0,0.0,A01,138Â 294Â 271,1.0
964974,201900006505,4,26,15:40,1,2,3,1.0,3.0,69091,DOCTEUR ROUX (DU) ( R ),M,"45,5974268","4,7664352",69,2019,50.0,1.0,1.0,3.0,2156863,2.0,2,4,2,2.0,,0.0,0,2012.0,A01,138Â 294Â 268,1.0,8.0,-1.0,1646964,1.0,7,,0.0,2.0,3.0,A01,138Â 294Â 268,1.0
964974,201900006505,4,26,15:40,1,2,3,1.0,3.0,69091,DOCTEUR ROUX (DU) ( R ),M,"45,5974268","4,7664352",69,2019,50.0,1.0,1.0,3.0,2156863,2.0,2,4,2,2.0,,0.0,0,2012.0,A01,138Â 294Â 268,1.0,8.0,-1.0,1646965,1.0,10,,0.0,2.0,7.0,B01,138Â 294Â 269,1.0
964974,201900006505,4,26,15:40,1,2,3,1.0,3.0,69091,DOCTEUR ROUX (DU) ( R ),M,"45,5974268","4,7664352",69,2019,50.0,1.0,1.0,3.0,2156864,1.0,1,1,2,2.0,,0.0,0,1955.0,A01,138Â 294Â 268,1.0,8.0,-1.0,1646964,1.0,7,,0.0,2.0,3.0,A01,138Â 294Â 268,1.0
964974,201900006505,4,26,15:40,1,2,3,1.0,3.0,69091,DOCTEUR ROUX (DU) ( R ),M,"45,5974268","4,7664352",69,2019,50.0,1.0,1.0,3.0,2156864,1.0,1,1,2,2.0,,0.0,0,1955.0,A01,138Â 294Â 268,1.0,8.0,-1.0,1646965,1.0,10,,0.0,2.0,7.0,B01,138Â 294Â 269,1.0
964974,201900006505,4,26,15:40,1,2,3,1.0,3.0,69091,DOCTEUR ROUX (DU) ( R ),M,"45,5974268","4,7664352",69,2019,50.0,1.0,1.0,3.0,2156865,1.0,1,1,1,4.0,,0.0,0,1999.0,B01,138Â 294Â 269,1.0,8.0,-1.0,1646964,1.0,7,,0.0,2.0,3.0,A01,138Â 294Â 268,1.0
964974,201900006505,4,26,15:40,1,2,3,1.0,3.0,69091,DOCTEUR ROUX (DU) ( R ),M,"45,5974268","4,7664352",69,2019,50.0,1.0,1.0,3.0,2156865,1.0,1,1,1,4.0,,0.0,0,1999.0,B01,138Â 294Â 269,1.0,8.0,-1.0,1646965,1.0,10,,0.0,2.0,7.0,B01,138Â 294Â 269,1.0
964975,201900006506,4,24,12:00,1,2,1,2.0,3.0,69091,JULIAN GRIMAU ( R ),M,"45,5956100","4,7676300",69,2019,30.0,1.0,2.0,4.0,2156866,1.0,1,4,1,5.0,,0.0,0,2009.0,B01,138Â 294Â 266,2.0,0.0,-1.0,1646966,3.0,1,,0.0,2.0,8.0,B01,138Â 294Â 266,5.0
964975,201900006506,4,24,12:00,1,2,1,2.0,3.0,69091,JULIAN GRIMAU ( R ),M,"45,5956100","4,7676300",69,2019,30.0,1.0,2.0,4.0,2156866,1.0,1,4,1,5.0,,0.0,0,2009.0,B01,138Â 294Â 266,2.0,0.0,-1.0,1646967,2.0,7,,0.0,6.0,2.0,A01,138Â 294Â 267,1.0
964975,201900006506,4,24,12:00,1,2,1,2.0,3.0,69091,JULIAN GRIMAU ( R ),M,"45,5956100","4,7676300",69,2019,30.0,1.0,2.0,4.0,2156867,1.0,1,1,1,9.0,,0.0,0,1980.0,A01,138Â 294Â 267,8.0,0.0,-1.0,1646966,3.0,1,,0.0,2.0,8.0,B01,138Â 294Â 266,5.0
964975,201900006506,4,24,12:00,1,2,1,2.0,3.0,69091,JULIAN GRIMAU ( R ),M,"45,5956100","4,7676300",69,2019,30.0,1.0,2.0,4.0,2156867,1.0,1,1,1,9.0,,0.0,0,1980.0,A01,138Â 294Â 267,8.0,0.0,-1.0,1646967,2.0,7,,0.0,6.0,2.0,A01,138Â 294Â 267,1.0
964976,201900006507,4,27,16:10,1,2,2,8.0,3.0,68224,MEYER (RUE ROBERT),M,"47,7716300","7,3140500",68,2019,50.0,1.0,2.0,3.0,2156868,2.0,2,4,2,0.0,,-1.0,0,1981.0,B01,138Â 294Â 262,1.0,0.0,-1.0,1646968,2.0,7,,9.0,2.0,7.0,B01,138Â 294Â 262,1.0
964976,201900006507,4,27,16:10,1,2,2,8.0,3.0,68224,MEYER (RUE ROBERT),M,"47,7716300","7,3140500",68,2019,50.0,1.0,2.0,3.0,2156868,2.0,2,4,2,0.0,,-1.0,0,1981.0,B01,138Â 294Â 262,1.0,0.0,-1.0,1646969,2.0,7,,0.0,2.0,1.0,A01,138Â 294Â 263,1.0
964976,201900006507,4,27,16:10,1,2,2,8.0,3.0,68224,MEYER (RUE ROBERT),M,"47,7716300","7,3140500",68,2019,50.0,1.0,2.0,3.0,2156869,1.0,1,3,1,5.0,,-1.0,0,1988.0,B01,138Â 294Â 262,1.0,8.0,-1.0,1646968,2.0,7,,9.0,2.0,7.0,B01,138Â 294Â 262,1.0
964976,201900006507,4,27,16:10,1,2,2,8.0,3.0,68224,MEYER (RUE ROBERT),M,"47,7716300","7,3140500",68,2019,50.0,1.0,2.0,3.0,2156869,1.0,1,3,1,5.0,,-1.0,0,1988.0,B01,138Â 294Â 262,1.0,8.0,-1.0,1646969,2.0,7,,0.0,2.0,1.0,A01,138Â 294Â 263,1.0
964976,201900006507,4,27,16:10,1,2,2,8.0,3.0,68224,MEYER (RUE ROBERT),M,"47,7716300","7,3140500",68,2019,50.0,1.0,2.0,3.0,2156870,4.0,2,3,1,5.0,,-1.0,0,1999.0,A01,138Â 294Â 263,1.0,0.0,-1.0,1646968,2.0,7,,9.0,2.0,7.0,B01,138Â 294Â 262,1.0
964976,201900006507,4,27,16:10,1,2,2,8.0,3.0,68224,MEYER (RUE ROBERT),M,"47,7716300","7,3140500",68,2019,50.0,1.0,2.0,3.0,2156870,4.0,2,3,1,5.0,,-1.0,0,1999.0,A01,138Â 294Â 263,1.0,0.0,-1.0,1646969,2.0,7,,0.0,2.0,1.0,A01,138Â 294Â 263,1.0
964976,201900006507,4,27,16:10,1,2,2,8.0,3.0,68224,MEYER (RUE ROBERT),M,"47,7716300","7,3140500",68,2019,50.0,1.0,2.0,3.0,2156871,1.0,1,4,1,5.0,,-1.0,0,1988.0,A01,138Â 294Â 263,1.0,8.0,-1.0,1646968,2.0,7,,9.0,2.0,7.0,B01,138Â 294Â 262,1.0
964976,201900006507,4,27,16:10,1,2,2,8.0,3.0,68224,MEYER (RUE ROBERT),M,"47,7716300","7,3140500",68,2019,50.0,1.0,2.0,3.0,2156871,1.0,1,4,1,5.0,,-1.0,0,1988.0,A01,138Â 294Â 263,1.0,8.0,-1.0,1646969,2.0,7,,0.0,2.0,1.0,A01,138Â 294Â 263,1.0
964976,201900006507,4,27,16:10,1,2,2,8.0,3.0,68224,MEYER (RUE ROBERT),M,"47,7716300","7,3140500",68,2019,50.0,1.0,2.0,3.0,2156872,2.0,2,4,2,5.0,,-1.0,0,2000.0,A01,138Â 294Â 263,1.0,8.0,-1.0,1646968,2.0,7,,9.0,2.0,7.0,B01,138Â 294Â 262,1.0
964976,201900006507,4,27,16:10,1,2,2,8.0,3.0,68224,MEYER (RUE ROBERT),M,"47,7716300","7,3140500",68,2019,50.0,1.0,2.0,3.0,2156872,2.0,2,4,2,5.0,,-1.0,0,2000.0,A01,138Â 294Â 263,1.0,8.0,-1.0,1646969,2.0,7,,0.0,2.0,1.0,A01,138Â 294Â 263,1.0
964977,201900006508,4,21,08:25,1,2,2,1.0,3.0,68066,POUDRIERE (RUE DE LA),M,"48,0854490","7,3308560",68,2019,50.0,1.0,1.0,4.0,2156873,1.0,1,1,1,0.0,,-1.0,0,1957.0,B01,138Â 294Â 254,1.0,0.0,-1.0,1646970,3.0,7,,0.0,0.0,1.0,B01,138Â 294Â 254,1.0
964977,201900006508,4,21,08:25,1,2,2,1.0,3.0,68066,POUDRIERE (RUE DE LA),M,"48,0854490","7,3308560",68,2019,50.0,1.0,1.0,4.0,2156873,1.0,1,1,1,0.0,,-1.0,0,1957.0,B01,138Â 294Â 254,1.0,0.0,-1.0,1646971,1.0,7,,0.0,2.0,6.0,A01,138Â 294Â 255,1.0
964977,201900006508,4,21,08:25,1,2,2,1.0,3.0,68066,POUDRIERE (RUE DE LA),M,"48,0854490","7,3308560",68,2019,50.0,1.0,1.0,4.0,2156874,1.0,1,3,1,0.0,,-1.0,0,1977.0,A01,138Â 294Â 255,1.0,0.0,-1.0,1646970,3.0,7,,0.0,0.0,1.0,B01,138Â 294Â 254,1.0
964977,201900006508,4,21,08:25,1,2,2,1.0,3.0,68066,POUDRIERE (RUE DE LA),M,"48,0854490","7,3308560",68,2019,50.0,1.0,1.0,4.0,2156874,1.0,1,3,1,0.0,,-1.0,0,1977.0,A01,138Â 294Â 255,1.0,0.0,-1.0,1646971,1.0,7,,0.0,2.0,6.0,A01,138Â 294Â 255,1.0
964978,201900006509,4,26,13:10,1,2,1,2.0,6.0,67218,RHIN (ROUTE DU),M,"48,5309000","7,7332500",67,2019,30.0,2.0,2.0,4.0,2156875,2.0,2,1,2,0.0,,-1.0,0,2000.0,A01,138Â 294Â 253,1.0,8.0,-1.0,1646972,1.0,7,,15.0,0.0,9.0,A01,138Â 294Â 253,1.0
964978,201900006509,4,26,13:10,1,2,1,2.0,6.0,67218,RHIN (ROUTE DU),M,"48,5309000","7,7332500",67,2019,30.0,2.0,2.0,4.0,2156876,3.0,2,1,2,9.0,,-1.0,0,1999.0,A01,138Â 294Â 253,1.0,8.0,-1.0,1646972,1.0,7,,15.0,0.0,9.0,A01,138Â 294Â 253,1.0
964978,201900006509,4,26,13:10,1,2,1,2.0,6.0,67218,RHIN (ROUTE DU),M,"48,5309000","7,7332500",67,2019,30.0,2.0,2.0,4.0,2156877,1.0,1,4,2,0.0,,-1.0,0,2000.0,A01,138Â 294Â 253,1.0,8.0,-1.0,1646972,1.0,7,,15.0,0.0,9.0,A01,138Â 294Â 253,1.0
964978,201900006509,4,26,13:10,1,2,1,2.0,6.0,67218,RHIN (ROUTE DU),M,"48,5309000","7,7332500",67,2019,30.0,2.0,2.0,4.0,2156878,4.0,2,4,1,0.0,,-1.0,0,2000.0,A01,138Â 294Â 253,1.0,8.0,-1.0,1646972,1.0,7,,15.0,0.0,9.0,A01,138Â 294Â 253,1.0
964979,201900006510,4,26,11:25,1,2,1,2.0,6.0,67482,GENERAL KOENIG (QUAI DU),M,"48,5751610","7,7547640",67,2019,50.0,2.0,2.0,4.0,2156879,10.0,3,3,1,5.0,,4.0,3,1951.0,A01,138Â 294Â 252,8.0,0.0,-1.0,1646973,1.0,7,,0.0,1.0,1.0,A01,138Â 294Â 252,0.0
964979,201900006510,4,26,11:25,1,2,1,2.0,6.0,67482,GENERAL KOENIG (QUAI DU),M,"48,5751610","7,7547640",67,2019,50.0,2.0,2.0,4.0,2156880,10.0,3,3,2,5.0,,4.0,3,1955.0,A01,138Â 294Â 252,8.0,0.0,-1.0,1646973,1.0,7,,0.0,1.0,1.0,A01,138Â 294Â 252,0.0
964979,201900006510,4,26,11:25,1,2,1,2.0,6.0,67482,GENERAL KOENIG (QUAI DU),M,"48,5751610","7,7547640",67,2019,50.0,2.0,2.0,4.0,2156881,1.0,1,1,1,0.0,,-1.0,0,1998.0,A01,138Â 294Â 252,1.0,8.0,-1.0,1646973,1.0,7,,0.0,1.0,1.0,A01,138Â 294Â 252,0.0
964980,201900006511,4,26,09:00,1,2,1,2.0,2.0,67218,INDUSTRIE (RUE DE L ),M,"48,5300100","7,7313600",67,2019,50.0,1.0,2.0,4.0,2156882,1.0,1,1,1,4.0,,-1.0,0,1974.0,B01,138Â 294Â 250,1.0,8.0,-1.0,1646974,1.0,7,,0.0,2.0,3.0,B01,138Â 294Â 250,1.0
964980,201900006511,4,26,09:00,1,2,1,2.0,2.0,67218,INDUSTRIE (RUE DE L ),M,"48,5300100","7,7313600",67,2019,50.0,1.0,2.0,4.0,2156882,1.0,1,1,1,4.0,,-1.0,0,1974.0,B01,138Â 294Â 250,1.0,8.0,-1.0,1646975,1.0,31,,0.0,2.0,7.0,A01,138Â 294Â 251,1.0
964980,201900006511,4,26,09:00,1,2,1,2.0,2.0,67218,INDUSTRIE (RUE DE L ),M,"48,5300100","7,7313600",67,2019,50.0,1.0,2.0,4.0,2156883,1.0,1,4,1,1.0,,-1.0,0,1994.0,A01,138Â 294Â 251,2.0,8.0,-1.0,1646974,1.0,7,,0.0,2.0,3.0,B01,138Â 294Â 250,1.0
964980,201900006511,4,26,09:00,1,2,1,2.0,2.0,67218,INDUSTRIE (RUE DE L ),M,"48,5300100","7,7313600",67,2019,50.0,1.0,2.0,4.0,2156883,1.0,1,4,1,1.0,,-1.0,0,1994.0,A01,138Â 294Â 251,2.0,8.0,-1.0,1646975,1.0,31,,0.0,2.0,7.0,A01,138Â 294Â 251,1.0
964981,201900006512,4,24,12:30,1,2,3,1.0,3.0,67482,PROVENCE (RUE DE),M,"48,5457800","7,7582100",67,2019,50.0,1.0,1.0,4.0,2156884,1.0,1,1,2,0.0,,-1.0,0,1958.0,A01,138Â 294Â 248,1.0,8.0,-1.0,1646976,1.0,7,,0.0,2.0,1.0,A01,138Â 294Â 248,1.0
964981,201900006512,4,24,12:30,1,2,3,1.0,3.0,67482,PROVENCE (RUE DE),M,"48,5457800","7,7582100",67,2019,50.0,1.0,1.0,4.0,2156884,1.0,1,1,2,0.0,,-1.0,0,1958.0,A01,138Â 294Â 248,1.0,8.0,-1.0,1646977,2.0,1,,0.0,0.0,0.0,B01,138Â 294Â 249,5.0
964981,201900006512,4,24,12:30,1,2,3,1.0,3.0,67482,PROVENCE (RUE DE),M,"48,5457800","7,7582100",67,2019,50.0,1.0,1.0,4.0,2156885,1.0,1,4,1,0.0,,-1.0,0,1989.0,B01,138Â 294Â 249,8.0,0.0,-1.0,1646976,1.0,7,,0.0,2.0,1.0,A01,138Â 294Â 248,1.0
964981,201900006512,4,24,12:30,1,2,3,1.0,3.0,67482,PROVENCE (RUE DE),M,"48,5457800","7,7582100",67,2019,50.0,1.0,1.0,4.0,2156885,1.0,1,4,1,0.0,,-1.0,0,1989.0,B01,138Â 294Â 249,8.0,0.0,-1.0,1646977,2.0,1,,0.0,0.0,0.0,B01,138Â 294Â 249,5.0
964982,201900006513,4,24,09:00,1,2,1,1.0,3.0,67482,RHIN TORTU (RUE DU),M,"48,5424600","7,7585100",67,2019,50.0,1.0,1.0,4.0,2156886,1.0,1,3,1,0.0,,-1.0,0,1950.0,B01,138Â 294Â 246,8.0,0.0,-1.0,1646978,2.0,1,,0.0,2.0,3.0,B01,138Â 294Â 246,5.0
964982,201900006513,4,24,09:00,1,2,1,1.0,3.0,67482,RHIN TORTU (RUE DU),M,"48,5424600","7,7585100",67,2019,50.0,1.0,1.0,4.0,2156886,1.0,1,3,1,0.0,,-1.0,0,1950.0,B01,138Â 294Â 246,8.0,0.0,-1.0,1646979,1.0,7,,0.0,2.0,1.0,A01,138Â 294Â 247,1.0
964982,201900006513,4,24,09:00,1,2,1,1.0,3.0,67482,RHIN TORTU (RUE DU),M,"48,5424600","7,7585100",67,2019,50.0,1.0,1.0,4.0,2156887,1.0,1,1,2,1.0,,-1.0,0,1961.0,A01,138Â 294Â 247,1.0,8.0,-1.0,1646978,2.0,1,,0.0,2.0,3.0,B01,138Â 294Â 246,5.0
964982,201900006513,4,24,09:00,1,2,1,1.0,3.0,67482,RHIN TORTU (RUE DU),M,"48,5424600","7,7585100",67,2019,50.0,1.0,1.0,4.0,2156887,1.0,1,1,2,1.0,,-1.0,0,1961.0,A01,138Â 294Â 247,1.0,8.0,-1.0,1646979,1.0,7,,0.0,2.0,1.0,A01,138Â 294Â 247,1.0
964983,201900006514,4,23,18:45,1,2,1,1.0,3.0,67482,FEDERATION (ROUTE DE LA),M,"48,5628900","7,7439900",67,2019,50.0,1.0,2.0,4.0,2156888,2.0,2,4,2,0.0,,-1.0,0,1997.0,B01,138Â 294Â 244,1.0,8.0,-1.0,1646980,1.0,7,,0.0,2.0,6.0,B01,138Â 294Â 244,1.0
964983,201900006514,4,23,18:45,1,2,1,1.0,3.0,67482,FEDERATION (ROUTE DE LA),M,"48,5628900","7,7439900",67,2019,50.0,1.0,2.0,4.0,2156888,2.0,2,4,2,0.0,,-1.0,0,1997.0,B01,138Â 294Â 244,1.0,8.0,-1.0,1646981,1.0,7,,0.0,2.0,2.0,A01,138Â 294Â 245,1.0
964983,201900006514,4,23,18:45,1,2,1,1.0,3.0,67482,FEDERATION (ROUTE DE LA),M,"48,5628900","7,7439900",67,2019,50.0,1.0,2.0,4.0,2156889,1.0,1,4,1,0.0,,-1.0,0,1998.0,B01,138Â 294Â 244,1.0,8.0,-1.0,1646980,1.0,7,,0.0,2.0,6.0,B01,138Â 294Â 244,1.0
964983,201900006514,4,23,18:45,1,2,1,1.0,3.0,67482,FEDERATION (ROUTE DE LA),M,"48,5628900","7,7439900",67,2019,50.0,1.0,2.0,4.0,2156889,1.0,1,4,1,0.0,,-1.0,0,1998.0,B01,138Â 294Â 244,1.0,8.0,-1.0,1646981,1.0,7,,0.0,2.0,2.0,A01,138Â 294Â 245,1.0
964983,201900006514,4,23,18:45,1,2,1,1.0,3.0,67482,FEDERATION (ROUTE DE LA),M,"48,5628900","7,7439900",67,2019,50.0,1.0,2.0,4.0,2156890,1.0,1,1,1,0.0,,-1.0,0,1999.0,A01,138Â 294Â 245,1.0,8.0,-1.0,1646980,1.0,7,,0.0,2.0,6.0,B01,138Â 294Â 244,1.0
964983,201900006514,4,23,18:45,1,2,1,1.0,3.0,67482,FEDERATION (ROUTE DE LA),M,"48,5628900","7,7439900",67,2019,50.0,1.0,2.0,4.0,2156890,1.0,1,1,1,0.0,,-1.0,0,1999.0,A01,138Â 294Â 245,1.0,8.0,-1.0,1646981,1.0,7,,0.0,2.0,2.0,A01,138Â 294Â 245,1.0
964984,201900006515,4,20,18:30,1,2,1,1.0,6.0,67365,ETTORE BUGATTI (RUE),M,"48,5483190","7,7006510",67,2019,50.0,1.0,1.0,4.0,2156891,10.0,3,4,2,0.0,,4.0,5,1968.0,A01,138Â 294Â 243,8.0,0.0,-1.0,1646982,1.0,7,,0.0,2.0,0.0,A01,138Â 294Â 243,1.0
964984,201900006515,4,20,18:30,1,2,1,1.0,6.0,67365,ETTORE BUGATTI (RUE),M,"48,5483190","7,7006510",67,2019,50.0,1.0,1.0,4.0,2156892,1.0,1,1,2,5.0,,-1.0,0,1990.0,A01,138Â 294Â 243,1.0,8.0,-1.0,1646982,1.0,7,,0.0,2.0,0.0,A01,138Â 294Â 243,1.0
964985,201900006516,4,18,21:40,5,2,9,1.0,1.0,67482,JEAN GIRAUDOUX (RUE),M,"48,5892200","7,7025600",67,2019,50.0,1.0,1.0,4.0,2156893,1.0,1,4,1,0.0,,-1.0,0,1998.0,A01,138Â 294Â 241,2.0,8.0,-1.0,1646983,1.0,2,,0.0,2.0,1.0,A01,138Â 294Â 241,1.0
964985,201900006516,4,18,21:40,5,2,9,1.0,1.0,67482,JEAN GIRAUDOUX (RUE),M,"48,5892200","7,7025600",67,2019,50.0,1.0,1.0,4.0,2156893,1.0,1,4,1,0.0,,-1.0,0,1998.0,A01,138Â 294Â 241,2.0,8.0,-1.0,1646984,2.0,10,,0.0,2.0,1.0,B01,138Â 294Â 242,1.0
964985,201900006516,4,18,21:40,5,2,9,1.0,1.0,67482,JEAN GIRAUDOUX (RUE),M,"48,5892200","7,7025600",67,2019,50.0,1.0,1.0,4.0,2156894,1.0,1,1,1,4.0,,-1.0,0,1979.0,B01,138Â 294Â 242,1.0,8.0,-1.0,1646983,1.0,2,,0.0,2.0,1.0,A01,138Â 294Â 241,1.0
964985,201900006516,4,18,21:40,5,2,9,1.0,1.0,67482,JEAN GIRAUDOUX (RUE),M,"48,5892200","7,7025600",67,2019,50.0,1.0,1.0,4.0,2156894,1.0,1,1,1,4.0,,-1.0,0,1979.0,B01,138Â 294Â 242,1.0,8.0,-1.0,1646984,2.0,10,,0.0,2.0,1.0,B01,138Â 294Â 242,1.0
964986,201900006517,4,18,10:48,1,2,1,1.0,4.0,67180,REMPART (RUE DU),M,"48,8129000","7,7844000",67,2019,50.0,1.0,1.0,4.0,2156895,2.0,2,1,2,0.0,,0.0,0,1978.0,A01,138Â 294Â 238,8.0,0.0,0.0,1646985,3.0,7,,1.0,0.0,1.0,A01,138Â 294Â 238,1.0
964986,201900006517,4,18,10:48,1,2,1,1.0,4.0,67180,REMPART (RUE DU),M,"48,8129000","7,7844000",67,2019,50.0,1.0,1.0,4.0,2156895,2.0,2,1,2,0.0,,0.0,0,1978.0,A01,138Â 294Â 238,8.0,0.0,0.0,1646986,3.0,7,,1.0,1.0,4.0,B01,138Â 294Â 239,1.0