Unnamed: 0_x,num_acc,mois,jour,hrmn,lum,agg,int,atm,col,com,adr,gps,lat,long,dep,annee,vma,situ,surf,catr,Unnamed: 0_y,place,catu,grav,sexe,trajet,secu,locp,actp,an_nais,num_veh_x,id_vehicule_x,secu1,secu2,secu3,Unnamed: 0,senc,catv,occutc,obs,obsm,choc,num_veh_y,id_vehicule_y,motor
964986,201900006517,4,18,10:48,1,2,1,1.0,4.0,67180,REMPART (RUE DU),M,"48,8129000","7,7844000",67,2019,50.0,1.0,1.0,4.0,2156895,2.0,2,1,2,0.0,,0.0,0,1978.0,A01,138Â 294Â 238,8.0,0.0,0.0,1646987,3.0,7,,1.0,0.0,4.0,C01,138Â 294Â 240,1.0
964986,201900006517,4,18,10:48,1,2,1,1.0,4.0,67180,REMPART (RUE DU),M,"48,8129000","7,7844000",67,2019,50.0,1.0,1.0,4.0,2156896,1.0,1,1,1,0.0,,-1.0,0,1976.0,A01,138Â 294Â 238,8.0,0.0,0.0,1646985,3.0,7,,1.0,0.0,1.0,A01,138Â 294Â 238,1.0
964986,201900006517,4,18,10:48,1,2,1,1.0,4.0,67180,REMPART (RUE DU),M,"48,8129000","7,7844000",67,2019,50.0,1.0,1.0,4.0,2156896,1.0,1,1,1,0.0,,-1.0,0,1976.0,A01,138Â 294Â 238,8.0,0.0,0.0,1646986,3.0,7,,1.0,1.0,4.0,B01,138Â 294Â 239,1.0
964986,201900006517,4,18,10:48,1,2,1,1.0,4.0,67180,REMPART (RUE DU),M,"48,8129000","7,7844000",67,2019,50.0,1.0,1.0,4.0,2156896,1.0,1,1,1,0.0,,-1.0,0,1976.0,A01,138Â 294Â 238,8.0,0.0,0.0,1646987,3.0,7,,1.0,0.0,4.0,C01,138Â 294Â 240,1.0
964986,201900006517,4,18,10:48,1,2,1,1.0,4.0,67180,REMPART (RUE DU),M,"48,8129000","7,7844000",67,2019,50.0,1.0,1.0,4.0,2156897,10.0,3,1,2,-1.0,,2.0,9,1989.0,B01,138Â 294Â 239,0.0,0.0,0.0,1646985,3.0,7,,1.0,0.0,1.0,A01,138Â 294Â 238,1.0
964986,201900006517,4,18,10:48,1,2,1,1.0,4.0,67180,REMPART (RUE DU),M,"48,8129000","7,7844000",67,2019,50.0,1.0,1.0,4.0,2156897,10.0,3,1,2,-1.0,,2.0,9,1989.0,B01,138Â 294Â 239,0.0,0.0,0.0,1646986,3.0,7,,1.0,1.0,4.0,B01,138Â 294Â 239,1.0
964986,201900006517,4,18,10:48,1,2,1,1.0,4.0,67180,REMPART (RUE DU),M,"48,8129000","7,7844000",67,2019,50.0,1.0,1.0,4.0,2156897,10.0,3,1,2,-1.0,,2.0,9,1989.0,B01,138Â 294Â 239,0.0,0.0,0.0,1646987,3.0,7,,1.0,0.0,4.0,C01,138Â 294Â 240,1.0
964986,201900006517,4,18,10:48,1,2,1,1.0,4.0,67180,REMPART (RUE DU),M,"48,8129000","7,7844000",67,2019,50.0,1.0,1.0,4.0,2156898,10.0,3,4,2,5.0,,6.0,9,1972.0,C01,138Â 294Â 240,8.0,0.0,0.0,1646985,3.0,7,,1.0,0.0,1.0,A01,138Â 294Â 238,1.0
964986,201900006517,4,18,10:48,1,2,1,1.0,4.0,67180,REMPART (RUE DU),M,"48,8129000","7,7844000",67,2019,50.0,1.0,1.0,4.0,2156898,10.0,3,4,2,5.0,,6.0,9,1972.0,C01,138Â 294Â 240,8.0,0.0,0.0,1646986,3.0,7,,1.0,1.0,4.0,B01,138Â 294Â 239,1.0
964986,201900006517,4,18,10:48,1,2,1,1.0,4.0,67180,REMPART (RUE DU),M,"48,8129000","7,7844000",67,2019,50.0,1.0,1.0,4.0,2156898,10.0,3,4,2,5.0,,6.0,9,1972.0,C01,138Â 294Â 240,8.0,0.0,0.0,1646987,3.0,7,,1.0,0.0,4.0,C01,138Â 294Â 240,1.0
964986,201900006517,4,18,10:48,1,2,1,1.0,4.0,67180,REMPART (RUE DU),M,"48,8129000","7,7844000",67,2019,50.0,1.0,1.0,4.0,2156899,3.0,2,1,2,5.0,,0.0,0,2015.0,C01,138Â 294Â 240,3.0,9.0,-1.0,1646985,3.0,7,,1.0,0.0,1.0,A01,138Â 294Â 238,1.0
964986,201900006517,4,18,10:48,1,2,1,1.0,4.0,67180,REMPART (RUE DU),M,"48,8129000","7,7844000",67,2019,50.0,1.0,1.0,4.0,2156899,3.0,2,1,2,5.0,,0.0,0,2015.0,C01,138Â 294Â 240,3.0,9.0,-1.0,1646986,3.0,7,,1.0,1.0,4.0,B01,138Â 294Â 239,1.0
964986,201900006517,4,18,10:48,1,2,1,1.0,4.0,67180,REMPART (RUE DU),M,"48,8129000","7,7844000",67,2019,50.0,1.0,1.0,4.0,2156899,3.0,2,1,2,5.0,,0.0,0,2015.0,C01,138Â 294Â 240,3.0,9.0,-1.0,1646987,3.0,7,,1.0,0.0,4.0,C01,138Â 294Â 240,1.0
964987,201900006518,4,22,13:00,1,2,2,1.0,3.0,66136,DIAZ (NARCISSE VIRGILE),M,"42,7175400","2,8893400",66,2019,50.0,1.0,1.0,4.0,2156900,1.0,1,4,2,5.0,,0.0,0,2001.0,A01,138Â 294Â 236,1.0,8.0,-1.0,1646988,1.0,7,,0.0,2.0,1.0,A01,138Â 294Â 236,1.0
964987,201900006518,4,22,13:00,1,2,2,1.0,3.0,66136,DIAZ (NARCISSE VIRGILE),M,"42,7175400","2,8893400",66,2019,50.0,1.0,1.0,4.0,2156900,1.0,1,4,2,5.0,,0.0,0,2001.0,A01,138Â 294Â 236,1.0,8.0,-1.0,1646989,1.0,7,,0.0,2.0,8.0,B01,138Â 294Â 237,1.0
964987,201900006518,4,22,13:00,1,2,2,1.0,3.0,66136,DIAZ (NARCISSE VIRGILE),M,"42,7175400","2,8893400",66,2019,50.0,1.0,1.0,4.0,2156901,1.0,1,4,2,5.0,,0.0,0,1977.0,B01,138Â 294Â 237,1.0,8.0,-1.0,1646988,1.0,7,,0.0,2.0,1.0,A01,138Â 294Â 236,1.0
964987,201900006518,4,22,13:00,1,2,2,1.0,3.0,66136,DIAZ (NARCISSE VIRGILE),M,"42,7175400","2,8893400",66,2019,50.0,1.0,1.0,4.0,2156901,1.0,1,4,2,5.0,,0.0,0,1977.0,B01,138Â 294Â 237,1.0,8.0,-1.0,1646989,1.0,7,,0.0,2.0,8.0,B01,138Â 294Â 237,1.0
964988,201900006519,4,27,22:10,5,2,1,1.0,1.0,65440,FORGES (AVENUE DES),M,"43,2411100","0,0813300",65,2019,50.0,1.0,1.0,4.0,2156902,1.0,1,4,1,9.0,,0.0,0,1993.0,B01,138Â 294Â 234,1.0,8.0,-1.0,1646990,0.0,7,,0.0,2.0,3.0,B01,138Â 294Â 234,1.0
964988,201900006519,4,27,22:10,5,2,1,1.0,1.0,65440,FORGES (AVENUE DES),M,"43,2411100","0,0813300",65,2019,50.0,1.0,1.0,4.0,2156902,1.0,1,4,1,9.0,,0.0,0,1993.0,B01,138Â 294Â 234,1.0,8.0,-1.0,1646991,0.0,10,,0.0,2.0,3.0,A01,138Â 294Â 235,1.0
964988,201900006519,4,27,22:10,5,2,1,1.0,1.0,65440,FORGES (AVENUE DES),M,"43,2411100","0,0813300",65,2019,50.0,1.0,1.0,4.0,2156903,1.0,1,1,1,5.0,,0.0,0,1980.0,A01,138Â 294Â 235,1.0,8.0,-1.0,1646990,0.0,7,,0.0,2.0,3.0,B01,138Â 294Â 234,1.0
964988,201900006519,4,27,22:10,5,2,1,1.0,1.0,65440,FORGES (AVENUE DES),M,"43,2411100","0,0813300",65,2019,50.0,1.0,1.0,4.0,2156903,1.0,1,1,1,5.0,,0.0,0,1980.0,A01,138Â 294Â 235,1.0,8.0,-1.0,1646991,0.0,10,,0.0,2.0,3.0,A01,138Â 294Â 235,1.0
964989,201900006520,4,26,14:51,1,1,1,2.0,1.0,65251,PIC (RUE DU ),M,"43,1986680","0,0779180",65,2019,80.0,3.0,2.0,3.0,2156904,1.0,1,4,1,3.0,,0.0, -1,1962.0,B01,138Â 294Â 232,1.0,0.0,-1.0,1646992,1.0,7,,0.0,2.0,3.0,B01,138Â 294Â 232,1.0
964989,201900006520,4,26,14:51,1,1,1,2.0,1.0,65251,PIC (RUE DU ),M,"43,1986680","0,0779180",65,2019,80.0,3.0,2.0,3.0,2156904,1.0,1,4,1,3.0,,0.0, -1,1962.0,B01,138Â 294Â 232,1.0,0.0,-1.0,1646993,2.0,21,,0.0,2.0,3.0,A01,138Â 294Â 233,1.0
964989,201900006520,4,26,14:51,1,1,1,2.0,1.0,65251,PIC (RUE DU ),M,"43,1986680","0,0779180",65,2019,80.0,3.0,2.0,3.0,2156905,2.0,2,4,1,3.0,,-1.0,0,1946.0,B01,138Â 294Â 232,1.0,0.0,-1.0,1646992,1.0,7,,0.0,2.0,3.0,B01,138Â 294Â 232,1.0
964989,201900006520,4,26,14:51,1,1,1,2.0,1.0,65251,PIC (RUE DU ),M,"43,1986680","0,0779180",65,2019,80.0,3.0,2.0,3.0,2156905,2.0,2,4,1,3.0,,-1.0,0,1946.0,B01,138Â 294Â 232,1.0,0.0,-1.0,1646993,2.0,21,,0.0,2.0,3.0,A01,138Â 294Â 233,1.0
964989,201900006520,4,26,14:51,1,1,1,2.0,1.0,65251,PIC (RUE DU ),M,"43,1986680","0,0779180",65,2019,80.0,3.0,2.0,3.0,2156906,1.0,1,1,1,1.0,,0.0, -1,1960.0,A01,138Â 294Â 233,1.0,0.0,-1.0,1646992,1.0,7,,0.0,2.0,3.0,B01,138Â 294Â 232,1.0
964989,201900006520,4,26,14:51,1,1,1,2.0,1.0,65251,PIC (RUE DU ),M,"43,1986680","0,0779180",65,2019,80.0,3.0,2.0,3.0,2156906,1.0,1,1,1,1.0,,0.0, -1,1960.0,A01,138Â 294Â 233,1.0,0.0,-1.0,1646993,2.0,21,,0.0,2.0,3.0,A01,138Â 294Â 233,1.0
964990,201900006521,4,26,15:41,1,2,2,1.0,3.0,64260,17 AVENUE DES MAGNOLIAS ,M,"43,3711300"," -1,7758600",64,2019,30.0,1.0,1.0,4.0,2156907,4.0,2,4,1,5.0,,0.0,0,1992.0,A01,138Â 294Â 230,1.0,0.0,-1.0,1646994,3.0,7,,0.0,2.0,1.0,A01,138Â 294Â 230,1.0
964990,201900006521,4,26,15:41,1,2,2,1.0,3.0,64260,17 AVENUE DES MAGNOLIAS ,M,"43,3711300"," -1,7758600",64,2019,30.0,1.0,1.0,4.0,2156907,4.0,2,4,1,5.0,,0.0,0,1992.0,A01,138Â 294Â 230,1.0,0.0,-1.0,1646995,0.0,7,,0.0,2.0,7.0,B01,138Â 294Â 231,1.0
964990,201900006521,4,26,15:41,1,2,2,1.0,3.0,64260,17 AVENUE DES MAGNOLIAS ,M,"43,3711300"," -1,7758600",64,2019,30.0,1.0,1.0,4.0,2156908,1.0,1,1,1,5.0,,0.0,0,1990.0,A01,138Â 294Â 230,1.0,0.0,-1.0,1646994,3.0,7,,0.0,2.0,1.0,A01,138Â 294Â 230,1.0
964990,201900006521,4,26,15:41,1,2,2,1.0,3.0,64260,17 AVENUE DES MAGNOLIAS ,M,"43,3711300"," -1,7758600",64,2019,30.0,1.0,1.0,4.0,2156908,1.0,1,1,1,5.0,,0.0,0,1990.0,A01,138Â 294Â 230,1.0,0.0,-1.0,1646995,0.0,7,,0.0,2.0,7.0,B01,138Â 294Â 231,1.0
964990,201900006521,4,26,15:41,1,2,2,1.0,3.0,64260,17 AVENUE DES MAGNOLIAS ,M,"43,3711300"," -1,7758600",64,2019,30.0,1.0,1.0,4.0,2156909,1.0,1,3,1,5.0,,0.0,0,1971.0,B01,138Â 294Â 231,1.0,0.0,-1.0,1646994,3.0,7,,0.0,2.0,1.0,A01,138Â 294Â 230,1.0
964990,201900006521,4,26,15:41,1,2,2,1.0,3.0,64260,17 AVENUE DES MAGNOLIAS ,M,"43,3711300"," -1,7758600",64,2019,30.0,1.0,1.0,4.0,2156909,1.0,1,3,1,5.0,,0.0,0,1971.0,B01,138Â 294Â 231,1.0,0.0,-1.0,1646995,0.0,7,,0.0,2.0,7.0,B01,138Â 294Â 231,1.0
964991,201900006522,4,21,00:35,5,1,1,1.0,1.0,64545,ROUTE DE SOCOA,M,"43,3855700"," -1,6930800",64,2019,50.0,1.0,1.0,4.0,2156910,1.0,1,1,1,0.0,,0.0,0,1955.0,A01,138Â 294Â 228,1.0,0.0,-1.0,1646996,2.0,7,,0.0,2.0,1.0,A01,138Â 294Â 228,1.0
964991,201900006522,4,21,00:35,5,1,1,1.0,1.0,64545,ROUTE DE SOCOA,M,"43,3855700"," -1,6930800",64,2019,50.0,1.0,1.0,4.0,2156910,1.0,1,1,1,0.0,,0.0,0,1955.0,A01,138Â 294Â 228,1.0,0.0,-1.0,1646997,1.0,2,,0.0,2.0,1.0,B01,138Â 294Â 229,1.0
964991,201900006522,4,21,00:35,5,1,1,1.0,1.0,64545,ROUTE DE SOCOA,M,"43,3855700"," -1,6930800",64,2019,50.0,1.0,1.0,4.0,2156911,1.0,1,4,2,0.0,,0.0,0,2003.0,B01,138Â 294Â 229,2.0,0.0,-1.0,1646996,2.0,7,,0.0,2.0,1.0,A01,138Â 294Â 228,1.0
964991,201900006522,4,21,00:35,5,1,1,1.0,1.0,64545,ROUTE DE SOCOA,M,"43,3855700"," -1,6930800",64,2019,50.0,1.0,1.0,4.0,2156911,1.0,1,4,2,0.0,,0.0,0,2003.0,B01,138Â 294Â 229,2.0,0.0,-1.0,1646997,1.0,2,,0.0,2.0,1.0,B01,138Â 294Â 229,1.0
964992,201900006523,4,18,19:05,1,2,1,1.0,6.0,64260,LEKUEDER (RUE),M,"43,3482000"," -1,7724300",64,2019,50.0,1.0,1.0,4.0,2156912,1.0,1,4,1,0.0,,0.0,0,2001.0,A01,138Â 294Â 227,1.0,0.0,-1.0,1646998,2.0,3,,1.0,0.0,1.0,A01,138Â 294Â 227,0.0
964993,201900006524,4,24,10:00,1,2,9,1.0,3.0,64445,FRANCOIS MITTERAND,M,"43,3304047"," -0,3555918",64,2019,50.0,1.0,1.0,3.0,2156913,1.0,1,1,1,4.0,,0.0,0,1981.0,A01,138Â 294Â 225,1.0,8.0,-1.0,1646999,2.0,7,,0.0,2.0,6.0,A01,138Â 294Â 225,1.0
964993,201900006524,4,24,10:00,1,2,9,1.0,3.0,64445,FRANCOIS MITTERAND,M,"43,3304047"," -0,3555918",64,2019,50.0,1.0,1.0,3.0,2156913,1.0,1,1,1,4.0,,0.0,0,1981.0,A01,138Â 294Â 225,1.0,8.0,-1.0,1647000,1.0,1,,0.0,2.0,1.0,B01,138Â 294Â 226,5.0
964993,201900006524,4,24,10:00,1,2,9,1.0,3.0,64445,FRANCOIS MITTERAND,M,"43,3304047"," -0,3555918",64,2019,50.0,1.0,1.0,3.0,2156914,1.0,1,4,1,1.0,,0.0,0,1995.0,B01,138Â 294Â 226,8.0,0.0,-1.0,1646999,2.0,7,,0.0,2.0,6.0,A01,138Â 294Â 225,1.0
964993,201900006524,4,24,10:00,1,2,9,1.0,3.0,64445,FRANCOIS MITTERAND,M,"43,3304047"," -0,3555918",64,2019,50.0,1.0,1.0,3.0,2156914,1.0,1,4,1,1.0,,0.0,0,1995.0,B01,138Â 294Â 226,8.0,0.0,-1.0,1647000,1.0,1,,0.0,2.0,1.0,B01,138Â 294Â 226,5.0
964994,201900006525,4,23,18:55,1,2,6,2.0,3.0,64445,LEON BERARD,M,"43,3165100"," -0,3748100",64,2019,50.0,1.0,2.0,4.0,2156915,1.0,1,4,2,2.0,,0.0,0,2002.0,B01,138Â 294Â 223,2.0,8.0,-1.0,1647001,2.0,2,,0.0,2.0,8.0,B01,138Â 294Â 223,1.0
964994,201900006525,4,23,18:55,1,2,6,2.0,3.0,64445,LEON BERARD,M,"43,3165100"," -0,3748100",64,2019,50.0,1.0,2.0,4.0,2156915,1.0,1,4,2,2.0,,0.0,0,2002.0,B01,138Â 294Â 223,2.0,8.0,-1.0,1647002,2.0,7,,0.0,2.0,3.0,A01,138Â 294Â 224,1.0
964994,201900006525,4,23,18:55,1,2,6,2.0,3.0,64445,LEON BERARD,M,"43,3165100"," -0,3748100",64,2019,50.0,1.0,2.0,4.0,2156916,1.0,1,1,1,5.0,,0.0,0,1941.0,A01,138Â 294Â 224,1.0,8.0,-1.0,1647001,2.0,2,,0.0,2.0,8.0,B01,138Â 294Â 223,1.0
964994,201900006525,4,23,18:55,1,2,6,2.0,3.0,64445,LEON BERARD,M,"43,3165100"," -0,3748100",64,2019,50.0,1.0,2.0,4.0,2156916,1.0,1,1,1,5.0,,0.0,0,1941.0,A01,138Â 294Â 224,1.0,8.0,-1.0,1647002,2.0,7,,0.0,2.0,3.0,A01,138Â 294Â 224,1.0
964995,201900006526,4,23,16:00,1,2,1,1.0,6.0,64445,GAMBETTA,M,"43,2970300"," -0,3664100",64,2019,50.0,1.0,1.0,4.0,2156917,10.0,3,4,1,9.0,,3.0,3,1944.0,A01,138Â 294Â 222,8.0,0.0,-1.0,1647003,1.0,7,,0.0,1.0,7.0,A01,138Â 294Â 222,1.0
964995,201900006526,4,23,16:00,1,2,1,1.0,6.0,64445,GAMBETTA,M,"43,2970300"," -0,3664100",64,2019,50.0,1.0,1.0,4.0,2156918,1.0,1,1,2,9.0,,0.0,0,1990.0,A01,138Â 294Â 222,1.0,8.0,-1.0,1647003,1.0,7,,0.0,1.0,7.0,A01,138Â 294Â 222,1.0
964996,201900006527,4,19,23:40,5,2,2,1.0,1.0,64129,ROUTE DE BAYONNE ,M,"43,3022000"," -0,3963000",64,2019,50.0,1.0,1.0,4.0,2156919,1.0,1,4,2,0.0,,0.0,0,1997.0,B01,138Â 294Â 220,1.0,0.0,-1.0,1647004,2.0,10,,0.0,2.0,1.0,B01,138Â 294Â 220,1.0
964996,201900006527,4,19,23:40,5,2,2,1.0,1.0,64129,ROUTE DE BAYONNE ,M,"43,3022000"," -0,3963000",64,2019,50.0,1.0,1.0,4.0,2156919,1.0,1,4,2,0.0,,0.0,0,1997.0,B01,138Â 294Â 220,1.0,0.0,-1.0,1647005,1.0,7,,6.0,2.0,3.0,A01,138Â 294Â 221,1.0
964996,201900006527,4,19,23:40,5,2,2,1.0,1.0,64129,ROUTE DE BAYONNE ,M,"43,3022000"," -0,3963000",64,2019,50.0,1.0,1.0,4.0,2156920,4.0,2,3,1,5.0,,0.0,0,1995.0,A01,138Â 294Â 221,1.0,0.0,-1.0,1647004,2.0,10,,0.0,2.0,1.0,B01,138Â 294Â 220,1.0
964996,201900006527,4,19,23:40,5,2,2,1.0,1.0,64129,ROUTE DE BAYONNE ,M,"43,3022000"," -0,3963000",64,2019,50.0,1.0,1.0,4.0,2156920,4.0,2,3,1,5.0,,0.0,0,1995.0,A01,138Â 294Â 221,1.0,0.0,-1.0,1647005,1.0,7,,6.0,2.0,3.0,A01,138Â 294Â 221,1.0
964996,201900006527,4,19,23:40,5,2,2,1.0,1.0,64129,ROUTE DE BAYONNE ,M,"43,3022000"," -0,3963000",64,2019,50.0,1.0,1.0,4.0,2156921,1.0,1,3,2,5.0,,0.0,0,1991.0,A01,138Â 294Â 221,8.0,0.0,-1.0,1647004,2.0,10,,0.0,2.0,1.0,B01,138Â 294Â 220,1.0
964996,201900006527,4,19,23:40,5,2,2,1.0,1.0,64129,ROUTE DE BAYONNE ,M,"43,3022000"," -0,3963000",64,2019,50.0,1.0,1.0,4.0,2156921,1.0,1,3,2,5.0,,0.0,0,1991.0,A01,138Â 294Â 221,8.0,0.0,-1.0,1647005,1.0,7,,6.0,2.0,3.0,A01,138Â 294Â 221,1.0
964996,201900006527,4,19,23:40,5,2,2,1.0,1.0,64129,ROUTE DE BAYONNE ,M,"43,3022000"," -0,3963000",64,2019,50.0,1.0,1.0,4.0,2156922,2.0,2,2,1,5.0,,0.0,0,1990.0,A01,138Â 294Â 221,8.0,0.0,-1.0,1647004,2.0,10,,0.0,2.0,1.0,B01,138Â 294Â 220,1.0
964996,201900006527,4,19,23:40,5,2,2,1.0,1.0,64129,ROUTE DE BAYONNE ,M,"43,3022000"," -0,3963000",64,2019,50.0,1.0,1.0,4.0,2156922,2.0,2,2,1,5.0,,0.0,0,1990.0,A01,138Â 294Â 221,8.0,0.0,-1.0,1647005,1.0,7,,6.0,2.0,3.0,A01,138Â 294Â 221,1.0
964997,201900006528,4,19,13:30,1,1,9,1.0,3.0,64335,CHEMIN SALIE,M,"43,3443248"," -0,4293362",64,2019,70.0,1.0,1.0,3.0,2156923,1.0,1,4,1,5.0,,-1.0,0,1955.0,B01,138Â 294Â 218,1.0,0.0,-1.0,1647006,1.0,7,,0.0,2.0,8.0,B01,138Â 294Â 218,1.0
964997,201900006528,4,19,13:30,1,1,9,1.0,3.0,64335,CHEMIN SALIE,M,"43,3443248"," -0,4293362",64,2019,70.0,1.0,1.0,3.0,2156923,1.0,1,4,1,5.0,,-1.0,0,1955.0,B01,138Â 294Â 218,1.0,0.0,-1.0,1647007,2.0,7,,0.0,2.0,8.0,A01,138Â 294Â 219,1.0
964997,201900006528,4,19,13:30,1,1,9,1.0,3.0,64335,CHEMIN SALIE,M,"43,3443248"," -0,4293362",64,2019,70.0,1.0,1.0,3.0,2156924,1.0,1,4,1,4.0,,-1.0,0,1945.0,A01,138Â 294Â 219,1.0,8.0,-1.0,1647006,1.0,7,,0.0,2.0,8.0,B01,138Â 294Â 218,1.0
964997,201900006528,4,19,13:30,1,1,9,1.0,3.0,64335,CHEMIN SALIE,M,"43,3443248"," -0,4293362",64,2019,70.0,1.0,1.0,3.0,2156924,1.0,1,4,1,4.0,,-1.0,0,1945.0,A01,138Â 294Â 219,1.0,8.0,-1.0,1647007,2.0,7,,0.0,2.0,8.0,A01,138Â 294Â 219,1.0
964998,201900006529,4,21,15:55,1,2,1,2.0,3.0,64122,MADRID (RUE DE),M,"43,4697040"," -1,5693831",64,2019,50.0,1.0,2.0,4.0,2156925,1.0,1,1,1,5.0,,-1.0,0,1985.0,A01,138Â 294Â 216,1.0,8.0,-1.0,1647008,1.0,7,,0.0,2.0,8.0,A01,138Â 294Â 216,1.0
964998,201900006529,4,21,15:55,1,2,1,2.0,3.0,64122,MADRID (RUE DE),M,"43,4697040"," -1,5693831",64,2019,50.0,1.0,2.0,4.0,2156925,1.0,1,1,1,5.0,,-1.0,0,1985.0,A01,138Â 294Â 216,1.0,8.0,-1.0,1647009,1.0,2,,0.0,2.0,1.0,B01,138Â 294Â 217,1.0
964998,201900006529,4,21,15:55,1,2,1,2.0,3.0,64122,MADRID (RUE DE),M,"43,4697040"," -1,5693831",64,2019,50.0,1.0,2.0,4.0,2156926,1.0,1,4,2,5.0,,-1.0,0,2000.0,B01,138Â 294Â 217,2.0,8.0,-1.0,1647008,1.0,7,,0.0,2.0,8.0,A01,138Â 294Â 216,1.0
964998,201900006529,4,21,15:55,1,2,1,2.0,3.0,64122,MADRID (RUE DE),M,"43,4697040"," -1,5693831",64,2019,50.0,1.0,2.0,4.0,2156926,1.0,1,4,2,5.0,,-1.0,0,2000.0,B01,138Â 294Â 217,2.0,8.0,-1.0,1647009,1.0,2,,0.0,2.0,1.0,B01,138Â 294Â 217,1.0
964999,201900006530,4,16,14:49,1,2,1,1.0,2.0,64125,BAYONNE (AVENUE DE),M,"43,4472800"," -1,5754100",64,2019,50.0,1.0,1.0,3.0,2156927,1.0,1,4,2,5.0,,0.0,0,2003.0,B01,138Â 294Â 214,2.0,6.0,-1.0,1647010,2.0,2,,0.0,2.0,1.0,B01,138Â 294Â 214,0.0
964999,201900006530,4,16,14:49,1,2,1,1.0,2.0,64125,BAYONNE (AVENUE DE),M,"43,4472800"," -1,5754100",64,2019,50.0,1.0,1.0,3.0,2156927,1.0,1,4,2,5.0,,0.0,0,2003.0,B01,138Â 294Â 214,2.0,6.0,-1.0,1647011,2.0,7,,0.0,2.0,5.0,A01,138Â 294Â 215,1.0
964999,201900006530,4,16,14:49,1,2,1,1.0,2.0,64125,BAYONNE (AVENUE DE),M,"43,4472800"," -1,5754100",64,2019,50.0,1.0,1.0,3.0,2156928,2.0,2,1,2,5.0,,0.0,0,2003.0,B01,138Â 294Â 214,2.0,6.0,-1.0,1647010,2.0,2,,0.0,2.0,1.0,B01,138Â 294Â 214,0.0
964999,201900006530,4,16,14:49,1,2,1,1.0,2.0,64125,BAYONNE (AVENUE DE),M,"43,4472800"," -1,5754100",64,2019,50.0,1.0,1.0,3.0,2156928,2.0,2,1,2,5.0,,0.0,0,2003.0,B01,138Â 294Â 214,2.0,6.0,-1.0,1647011,2.0,7,,0.0,2.0,5.0,A01,138Â 294Â 215,1.0
964999,201900006530,4,16,14:49,1,2,1,1.0,2.0,64125,BAYONNE (AVENUE DE),M,"43,4472800"," -1,5754100",64,2019,50.0,1.0,1.0,3.0,2156929,1.0,1,1,2,3.0,,0.0,0,1971.0,A01,138Â 294Â 215,1.0,5.0,-1.0,1647010,2.0,2,,0.0,2.0,1.0,B01,138Â 294Â 214,0.0
964999,201900006530,4,16,14:49,1,2,1,1.0,2.0,64125,BAYONNE (AVENUE DE),M,"43,4472800"," -1,5754100",64,2019,50.0,1.0,1.0,3.0,2156929,1.0,1,1,2,3.0,,0.0,0,1971.0,A01,138Â 294Â 215,1.0,5.0,-1.0,1647011,2.0,7,,0.0,2.0,5.0,A01,138Â 294Â 215,1.0
965000,201900006531,4,24,16:50,1,2,1,1.0,6.0,64024,72 RUE DE HARDOY,M,"43,4928400"," -1,5038500",64,2019,50.0,1.0,1.0,4.0,2156930,1.0,1,3,2,3.0,,0.0,0,1972.0,A01,138Â 294Â 213,2.0,6.0,-1.0,1647012,2.0,30,,0.0,0.0,7.0,A01,138Â 294Â 213,1.0
965001,201900006532,4,24,13:25,1,2,1,8.0,6.0,64024,MAIGNON (ROUTE DE),M,"43,4783700"," -1,5047300",64,2019,50.0,1.0,1.0,4.0,2156931,1.0,1,1,1,4.0,,0.0,0,1966.0,A01,138Â 294Â 212,1.0,0.0,-1.0,1647013,1.0,7,,0.0,1.0,1.0,A01,138Â 294Â 212,1.0
965001,201900006532,4,24,13:25,1,2,1,8.0,6.0,64024,MAIGNON (ROUTE DE),M,"43,4783700"," -1,5047300",64,2019,50.0,1.0,1.0,4.0,2156932,10.0,3,3,1,1.0,,3.0,3,1984.0,A01,138Â 294Â 212,8.0,0.0,-1.0,1647013,1.0,7,,0.0,1.0,1.0,A01,138Â 294Â 212,1.0
965002,201900006533,4,22,19:20,1,2,1,1.0,7.0,64024,BAYONNE (AVENUE DE),M,"43,4827476"," -1,5048341",64,2019,50.0,1.0,1.0,3.0,2156933,1.0,1,3,1,5.0,,0.0,0,1983.0,A01,138Â 294Â 211,2.0,6.0,-1.0,1647014,2.0,31,,14.0,0.0,1.0,A01,138Â 294Â 211,1.0
965003,201900006534,4,19,13:25,1,2,1,1.0,7.0,64024,AVENUE DE BAYONNE ,M,"43,4812005"," -1,5116040",64,2019,50.0,1.0,1.0,3.0,2156934,2.0,2,4,2,5.0,,0.0,0,1962.0,A01,138Â 294Â 210,2.0,6.0,-1.0,1647015,1.0,33,,12.0,0.0,1.0,A01,138Â 294Â 210,1.0
965003,201900006534,4,19,13:25,1,2,1,1.0,7.0,64024,AVENUE DE BAYONNE ,M,"43,4812005"," -1,5116040",64,2019,50.0,1.0,1.0,3.0,2156935,1.0,1,3,1,5.0,,-1.0,0,1948.0,A01,138Â 294Â 210,2.0,6.0,-1.0,1647015,1.0,33,,12.0,0.0,1.0,A01,138Â 294Â 210,1.0
965004,201900006535,4,19,10:35,1,1,9,1.0,3.0,64335,HIPPODROME DE L',M,"43,3467813"," -0,4293031",64,2019,50.0,1.0,1.0,4.0,2156936,1.0,1,1,2,5.0,,0.0,0,1946.0,B01,138Â 294Â 208,1.0,0.0,-1.0,1647016,3.0,7,,0.0,2.0,4.0,B01,138Â 294Â 208,1.0
965004,201900006535,4,19,10:35,1,1,9,1.0,3.0,64335,HIPPODROME DE L',M,"43,3467813"," -0,4293031",64,2019,50.0,1.0,1.0,4.0,2156936,1.0,1,1,2,5.0,,0.0,0,1946.0,B01,138Â 294Â 208,1.0,0.0,-1.0,1647017,0.0,32,,0.0,2.0,1.0,A01,138Â 294Â 209,1.0