Unnamed: 0_x,num_acc,mois,jour,hrmn,lum,agg,int,atm,col,com,adr,gps,lat,long,dep,annee,vma,situ,surf,catr,Unnamed: 0_y,place,catu,grav,sexe,trajet,secu,locp,actp,an_nais,num_veh_x,id_vehicule_x,secu1,secu2,secu3,Unnamed: 0,senc,catv,occutc,obs,obsm,choc,num_veh_y,id_vehicule_y,motor
965004,201900006535,4,19,10:35,1,1,9,1.0,3.0,64335,HIPPODROME DE L',M,"43,3467813"," -0,4293031",64,2019,50.0,1.0,1.0,4.0,2156937,1.0,1,4,1,5.0,,0.0,0,1965.0,A01,138Â 294Â 209,2.0,6.0,-1.0,1647016,3.0,7,,0.0,2.0,4.0,B01,138Â 294Â 208,1.0
965004,201900006535,4,19,10:35,1,1,9,1.0,3.0,64335,HIPPODROME DE L',M,"43,3467813"," -0,4293031",64,2019,50.0,1.0,1.0,4.0,2156937,1.0,1,4,1,5.0,,0.0,0,1965.0,A01,138Â 294Â 209,2.0,6.0,-1.0,1647017,0.0,32,,0.0,2.0,1.0,A01,138Â 294Â 209,1.0
965005,201900006536,4,23,11:10,1,2,1,1.0,6.0,62737,LAFONTAINE (RUE),M,"50,4477200","2,6847800",62,2019,50.0,1.0,1.0,4.0,2156938,10.0,3,4,1,2.0,,3.0,3,2006.0,A01,138Â 294Â 207,8.0,0.0,-1.0,1647018,1.0,7,,0.0,1.0,2.0,A01,138Â 294Â 207,0.0
965005,201900006536,4,23,11:10,1,2,1,1.0,6.0,62737,LAFONTAINE (RUE),M,"50,4477200","2,6847800",62,2019,50.0,1.0,1.0,4.0,2156939,1.0,1,1,2,0.0,,0.0,0,2000.0,A01,138Â 294Â 207,8.0,0.0,-1.0,1647018,1.0,7,,0.0,1.0,2.0,A01,138Â 294Â 207,0.0
965006,201900006537,4,26,10:30,1,2,2,1.0,3.0,62193,ALBERT 1ER (PLACE),M,"50,9474200","1,8527800",62,2019,30.0,1.0,1.0,4.0,2156940,1.0,1,1,1,5.0,,0.0,0,1951.0,B01,138Â 294Â 203,1.0,0.0,-1.0,1647019,1.0,7,,0.0,2.0,5.0,B01,138Â 294Â 203,1.0
965006,201900006537,4,26,10:30,1,2,2,1.0,3.0,62193,ALBERT 1ER (PLACE),M,"50,9474200","1,8527800",62,2019,30.0,1.0,1.0,4.0,2156940,1.0,1,1,1,5.0,,0.0,0,1951.0,B01,138Â 294Â 203,1.0,0.0,-1.0,1647020,2.0,50,,0.0,2.0,1.0,A01,138Â 294Â 204,3.0
965006,201900006537,4,26,10:30,1,2,2,1.0,3.0,62193,ALBERT 1ER (PLACE),M,"50,9474200","1,8527800",62,2019,30.0,1.0,1.0,4.0,2156941,1.0,1,3,1,3.0,,0.0,0,1992.0,A01,138Â 294Â 204,2.0,0.0,-1.0,1647019,1.0,7,,0.0,2.0,5.0,B01,138Â 294Â 203,1.0
965006,201900006537,4,26,10:30,1,2,2,1.0,3.0,62193,ALBERT 1ER (PLACE),M,"50,9474200","1,8527800",62,2019,30.0,1.0,1.0,4.0,2156941,1.0,1,3,1,3.0,,0.0,0,1992.0,A01,138Â 294Â 204,2.0,0.0,-1.0,1647020,2.0,50,,0.0,2.0,1.0,A01,138Â 294Â 204,3.0
965007,201900006538,4,18,07:35,1,2,2,1.0,3.0,62160,VOLTAIRE (Bld),M,"50,7154180","1,6089930",62,2019,50.0,1.0,1.0,3.0,2156942,1.0,1,4,2,1.0,,-1.0, -1,1981.0,A01,138Â 294Â 201,1.0,8.0,-1.0,1647021,2.0,7,,0.0,2.0,3.0,A01,138Â 294Â 201,1.0
965007,201900006538,4,18,07:35,1,2,2,1.0,3.0,62160,VOLTAIRE (Bld),M,"50,7154180","1,6089930",62,2019,50.0,1.0,1.0,3.0,2156942,1.0,1,4,2,1.0,,-1.0, -1,1981.0,A01,138Â 294Â 201,1.0,8.0,-1.0,1647022,1.0,7,,0.0,2.0,8.0,B01,138Â 294Â 202,1.0
965007,201900006538,4,18,07:35,1,2,2,1.0,3.0,62160,VOLTAIRE (Bld),M,"50,7154180","1,6089930",62,2019,50.0,1.0,1.0,3.0,2156943,1.0,1,4,1,1.0,,-1.0, -1,1987.0,B01,138Â 294Â 202,1.0,8.0,-1.0,1647021,2.0,7,,0.0,2.0,3.0,A01,138Â 294Â 201,1.0
965007,201900006538,4,18,07:35,1,2,2,1.0,3.0,62160,VOLTAIRE (Bld),M,"50,7154180","1,6089930",62,2019,50.0,1.0,1.0,3.0,2156943,1.0,1,4,1,1.0,,-1.0, -1,1987.0,B01,138Â 294Â 202,1.0,8.0,-1.0,1647022,1.0,7,,0.0,2.0,8.0,B01,138Â 294Â 202,1.0
965008,201900006539,4,20,11:30,1,2,1,1.0,1.0,62373,SOURCE ( RUE  DE LA ),M,"50,5293200","2,7521000",62,2019,40.0,1.0,1.0,3.0,2156944,1.0,1,1,1,3.0,,-1.0,0,1978.0,B01,138Â 294Â 199,1.0,0.0,-1.0,1647023,1.0,7,,0.0,2.0,1.0,B01,138Â 294Â 199,1.0
965008,201900006539,4,20,11:30,1,2,1,1.0,1.0,62373,SOURCE ( RUE  DE LA ),M,"50,5293200","2,7521000",62,2019,40.0,1.0,1.0,3.0,2156944,1.0,1,1,1,3.0,,-1.0,0,1978.0,B01,138Â 294Â 199,1.0,0.0,-1.0,1647024,2.0,33,,0.0,2.0,1.0,A01,138Â 294Â 200,1.0
965008,201900006539,4,20,11:30,1,2,1,1.0,1.0,62373,SOURCE ( RUE  DE LA ),M,"50,5293200","2,7521000",62,2019,40.0,1.0,1.0,3.0,2156945,1.0,1,2,1,0.0,,-1.0,0,1978.0,A01,138Â 294Â 200,2.0,6.0,-1.0,1647023,1.0,7,,0.0,2.0,1.0,B01,138Â 294Â 199,1.0
965008,201900006539,4,20,11:30,1,2,1,1.0,1.0,62373,SOURCE ( RUE  DE LA ),M,"50,5293200","2,7521000",62,2019,40.0,1.0,1.0,3.0,2156945,1.0,1,2,1,0.0,,-1.0,0,1978.0,A01,138Â 294Â 200,2.0,6.0,-1.0,1647024,2.0,33,,0.0,2.0,1.0,A01,138Â 294Â 200,1.0
965009,201900006540,4,22,16:10,1,2,1,1.0,7.0,61001,REPUBLIQUE (BOULEVARD DE LA),M,"48,4286190","0,0942400",61,2019,50.0,1.0,1.0,3.0,2156946,1.0,1,3,2,5.0,,0.0,0,1995.0,A01,138Â 294Â 198,2.0,6.0,-1.0,1647025,1.0,31,,0.0,0.0,0.0,A01,138Â 294Â 198,1.0
965010,201900006541,4,20,21:30,3,1,1,1.0,1.0,60414,RD 200 - ROND POINT PATHE,M,"49,2600190","2,4535131",60,2019,80.0,1.0,1.0,3.0,2156947,1.0,1,4,2,0.0,,-1.0, -1,1995.0,A01,138Â 294Â 196,1.0,0.0,-1.0,1647026,2.0,7,,0.0,2.0,0.0,A01,138Â 294Â 196,1.0
965010,201900006541,4,20,21:30,3,1,1,1.0,1.0,60414,RD 200 - ROND POINT PATHE,M,"49,2600190","2,4535131",60,2019,80.0,1.0,1.0,3.0,2156947,1.0,1,4,2,0.0,,-1.0, -1,1995.0,A01,138Â 294Â 196,1.0,0.0,-1.0,1647027,1.0,33,,0.0,2.0,0.0,B01,138Â 294Â 197,1.0
965010,201900006541,4,20,21:30,3,1,1,1.0,1.0,60414,RD 200 - ROND POINT PATHE,M,"49,2600190","2,4535131",60,2019,80.0,1.0,1.0,3.0,2156948,4.0,2,4,1,5.0,,-1.0,0,1995.0,A01,138Â 294Â 196,1.0,0.0,-1.0,1647026,2.0,7,,0.0,2.0,0.0,A01,138Â 294Â 196,1.0
965010,201900006541,4,20,21:30,3,1,1,1.0,1.0,60414,RD 200 - ROND POINT PATHE,M,"49,2600190","2,4535131",60,2019,80.0,1.0,1.0,3.0,2156948,4.0,2,4,1,5.0,,-1.0,0,1995.0,A01,138Â 294Â 196,1.0,0.0,-1.0,1647027,1.0,33,,0.0,2.0,0.0,B01,138Â 294Â 197,1.0
965010,201900006541,4,20,21:30,3,1,1,1.0,1.0,60414,RD 200 - ROND POINT PATHE,M,"49,2600190","2,4535131",60,2019,80.0,1.0,1.0,3.0,2156949,2.0,2,4,1,0.0,,-1.0,0,1991.0,A01,138Â 294Â 196,1.0,0.0,-1.0,1647026,2.0,7,,0.0,2.0,0.0,A01,138Â 294Â 196,1.0
965010,201900006541,4,20,21:30,3,1,1,1.0,1.0,60414,RD 200 - ROND POINT PATHE,M,"49,2600190","2,4535131",60,2019,80.0,1.0,1.0,3.0,2156949,2.0,2,4,1,0.0,,-1.0,0,1991.0,A01,138Â 294Â 196,1.0,0.0,-1.0,1647027,1.0,33,,0.0,2.0,0.0,B01,138Â 294Â 197,1.0
965010,201900006541,4,20,21:30,3,1,1,1.0,1.0,60414,RD 200 - ROND POINT PATHE,M,"49,2600190","2,4535131",60,2019,80.0,1.0,1.0,3.0,2156950,1.0,1,2,1,0.0,,-1.0, -1,2000.0,B01,138Â 294Â 197,2.0,0.0,-1.0,1647026,2.0,7,,0.0,2.0,0.0,A01,138Â 294Â 196,1.0
965010,201900006541,4,20,21:30,3,1,1,1.0,1.0,60414,RD 200 - ROND POINT PATHE,M,"49,2600190","2,4535131",60,2019,80.0,1.0,1.0,3.0,2156950,1.0,1,2,1,0.0,,-1.0, -1,2000.0,B01,138Â 294Â 197,2.0,0.0,-1.0,1647027,1.0,33,,0.0,2.0,0.0,B01,138Â 294Â 197,1.0
965011,201900006542,4,20,01:00,5,1,1,1.0,6.0,59656,LINSELLES (RUE DE),M,"50,7528200","3,0529400",59,2019,50.0,1.0,1.0,7.0,2156951,1.0,1,3,1,0.0,,-1.0,0,1984.0,A01,138Â 294Â 193,1.0,0.0,-1.0,1647028,3.0,10,,9.0,0.0,1.0,A01,138Â 294Â 193,1.0
965012,201900006543,4,12,09:45,1,2,1,1.0,6.0,59526,ROUTE DE CONDE,M,"50,4529047","3,4563978",59,2019,40.0,1.0,1.0,3.0,2156952,1.0,1,2,1,5.0,,-1.0, -1,1967.0,A01,138Â 294Â 192,1.0,0.0,-1.0,1647029,2.0,7,,9.0,0.0,1.0,A01,138Â 294Â 192,1.0
965013,201900006544,4,25,08:31,1,2,2,1.0,6.0,59512,BRAME (AVENUE JULES),M,"50,6891000","3,2015000",59,2019,50.0,1.0,1.0,4.0,2156953,10.0,3,3,2,5.0,,1.0,3,1951.0,A01,138Â 294Â 191,8.0,0.0,-1.0,1647030,3.0,7,,0.0,1.0,2.0,A01,138Â 294Â 191,1.0
965013,201900006544,4,25,08:31,1,2,2,1.0,6.0,59512,BRAME (AVENUE JULES),M,"50,6891000","3,2015000",59,2019,50.0,1.0,1.0,4.0,2156954,1.0,1,1,2,0.0,,-1.0,0,1984.0,A01,138Â 294Â 191,1.0,0.0,-1.0,1647030,3.0,7,,0.0,1.0,2.0,A01,138Â 294Â 191,1.0
965014,201900006545,4,28,02:35,5,2,4,2.0,1.0,59410,ALSACE RUE D,M,"50,6430000","3,1174000",59,2019,50.0,1.0,2.0,4.0,2156955,2.0,2,1,1,0.0,,-1.0,0,1998.0,A01,138Â 294Â 189,8.0,0.0,-1.0,1647031,1.0,7,,0.0,2.0,2.0,A01,138Â 294Â 189,1.0
965014,201900006545,4,28,02:35,5,2,4,2.0,1.0,59410,ALSACE RUE D,M,"50,6430000","3,1174000",59,2019,50.0,1.0,2.0,4.0,2156955,2.0,2,1,1,0.0,,-1.0,0,1998.0,A01,138Â 294Â 189,8.0,0.0,-1.0,1647032,2.0,7,,0.0,2.0,2.0,B01,138Â 294Â 190,1.0
965014,201900006545,4,28,02:35,5,2,4,2.0,1.0,59410,ALSACE RUE D,M,"50,6430000","3,1174000",59,2019,50.0,1.0,2.0,4.0,2156956,1.0,1,1,1,0.0,,-1.0,0,1998.0,A01,138Â 294Â 189,8.0,0.0,-1.0,1647031,1.0,7,,0.0,2.0,2.0,A01,138Â 294Â 189,1.0
965014,201900006545,4,28,02:35,5,2,4,2.0,1.0,59410,ALSACE RUE D,M,"50,6430000","3,1174000",59,2019,50.0,1.0,2.0,4.0,2156956,1.0,1,1,1,0.0,,-1.0,0,1998.0,A01,138Â 294Â 189,8.0,0.0,-1.0,1647032,2.0,7,,0.0,2.0,2.0,B01,138Â 294Â 190,1.0
965014,201900006545,4,28,02:35,5,2,4,2.0,1.0,59410,ALSACE RUE D,M,"50,6430000","3,1174000",59,2019,50.0,1.0,2.0,4.0,2156957,4.0,2,1,1,0.0,,-1.0,0,1993.0,A01,138Â 294Â 189,8.0,0.0,-1.0,1647031,1.0,7,,0.0,2.0,2.0,A01,138Â 294Â 189,1.0
965014,201900006545,4,28,02:35,5,2,4,2.0,1.0,59410,ALSACE RUE D,M,"50,6430000","3,1174000",59,2019,50.0,1.0,2.0,4.0,2156957,4.0,2,1,1,0.0,,-1.0,0,1993.0,A01,138Â 294Â 189,8.0,0.0,-1.0,1647032,2.0,7,,0.0,2.0,2.0,B01,138Â 294Â 190,1.0
965014,201900006545,4,28,02:35,5,2,4,2.0,1.0,59410,ALSACE RUE D,M,"50,6430000","3,1174000",59,2019,50.0,1.0,2.0,4.0,2156958,1.0,1,4,1,4.0,,-1.0,0,1981.0,B01,138Â 294Â 190,1.0,0.0,-1.0,1647031,1.0,7,,0.0,2.0,2.0,A01,138Â 294Â 189,1.0
965014,201900006545,4,28,02:35,5,2,4,2.0,1.0,59410,ALSACE RUE D,M,"50,6430000","3,1174000",59,2019,50.0,1.0,2.0,4.0,2156958,1.0,1,4,1,4.0,,-1.0,0,1981.0,B01,138Â 294Â 190,1.0,0.0,-1.0,1647032,2.0,7,,0.0,2.0,2.0,B01,138Â 294Â 190,1.0
965014,201900006545,4,28,02:35,5,2,4,2.0,1.0,59410,ALSACE RUE D,M,"50,6430000","3,1174000",59,2019,50.0,1.0,2.0,4.0,2156959,2.0,2,4,1,4.0,,-1.0,0,1970.0,B01,138Â 294Â 190,1.0,0.0,-1.0,1647031,1.0,7,,0.0,2.0,2.0,A01,138Â 294Â 189,1.0
965014,201900006545,4,28,02:35,5,2,4,2.0,1.0,59410,ALSACE RUE D,M,"50,6430000","3,1174000",59,2019,50.0,1.0,2.0,4.0,2156959,2.0,2,4,1,4.0,,-1.0,0,1970.0,B01,138Â 294Â 190,1.0,0.0,-1.0,1647032,2.0,7,,0.0,2.0,2.0,B01,138Â 294Â 190,1.0
965015,201900006546,4,27,17:55,1,2,1,6.0,6.0,59560,BOUVRY ROGER RUE,M,"50,5493500","3,0290600",59,2019,50.0,1.0,1.0,7.0,2156960,10.0,3,3,2,0.0,,2.0,3,1947.0,A01,138Â 294Â 188,8.0,0.0,-1.0,1647033,1.0,37,1.0,0.0,1.0,1.0,A01,138Â 294Â 188,1.0
965015,201900006546,4,27,17:55,1,2,1,6.0,6.0,59560,BOUVRY ROGER RUE,M,"50,5493500","3,0290600",59,2019,50.0,1.0,1.0,7.0,2156961,1.0,1,1,2,4.0,,-1.0,0,1991.0,A01,138Â 294Â 188,8.0,0.0,-1.0,1647033,1.0,37,1.0,0.0,1.0,1.0,A01,138Â 294Â 188,1.0
965016,201900006547,4,27,00:15,5,2,1,1.0,6.0,59386,YPRES RUE D,M,"50,6703100","3,0524000",59,2019,50.0,1.0,1.0,7.0,2156962,2.0,2,4,1,5.0,,-1.0,0,1998.0,A01,138Â 294Â 185,1.0,5.0,-1.0,1647034,2.0,7,,1.0,0.0,2.0,A01,138Â 294Â 185,1.0
965016,201900006547,4,27,00:15,5,2,1,1.0,6.0,59386,YPRES RUE D,M,"50,6703100","3,0524000",59,2019,50.0,1.0,1.0,7.0,2156963,1.0,1,1,1,5.0,,-1.0,0,1998.0,A01,138Â 294Â 185,1.0,5.0,-1.0,1647034,2.0,7,,1.0,0.0,2.0,A01,138Â 294Â 185,1.0
965017,201900006548,4,24,12:25,1,2,1,1.0,7.0,59009,PONT DE BOIS  METRO,M,"50,6256000","3,1242000",59,2019,50.0,1.0,1.0,7.0,2156964,9.0,2,4,2,2.0,,-1.0,0,2007.0,A01,138Â 294Â 183,8.0,0.0,-1.0,1647035,0.0,37,12.0,0.0,4.0,0.0,A01,138Â 294Â 183,1.0
965017,201900006548,4,24,12:25,1,2,1,1.0,7.0,59009,PONT DE BOIS  METRO,M,"50,6256000","3,1242000",59,2019,50.0,1.0,1.0,7.0,2156965,7.0,2,4,2,2.0,,-1.0,0,2006.0,A01,138Â 294Â 183,8.0,0.0,-1.0,1647035,0.0,37,12.0,0.0,4.0,0.0,A01,138Â 294Â 183,1.0
965017,201900006548,4,24,12:25,1,2,1,1.0,7.0,59009,PONT DE BOIS  METRO,M,"50,6256000","3,1242000",59,2019,50.0,1.0,1.0,7.0,2156966,8.0,2,4,1,2.0,,-1.0,0,2005.0,A01,138Â 294Â 183,8.0,0.0,-1.0,1647035,0.0,37,12.0,0.0,4.0,0.0,A01,138Â 294Â 183,1.0
965017,201900006548,4,24,12:25,1,2,1,1.0,7.0,59009,PONT DE BOIS  METRO,M,"50,6256000","3,1242000",59,2019,50.0,1.0,1.0,7.0,2156967,6.0,2,4,2,2.0,,-1.0,0,2007.0,A01,138Â 294Â 183,8.0,0.0,-1.0,1647035,0.0,37,12.0,0.0,4.0,0.0,A01,138Â 294Â 183,1.0
965017,201900006548,4,24,12:25,1,2,1,1.0,7.0,59009,PONT DE BOIS  METRO,M,"50,6256000","3,1242000",59,2019,50.0,1.0,1.0,7.0,2156968,8.0,2,4,1,2.0,,-1.0,0,2007.0,A01,138Â 294Â 183,8.0,0.0,-1.0,1647035,0.0,37,12.0,0.0,4.0,0.0,A01,138Â 294Â 183,1.0
965017,201900006548,4,24,12:25,1,2,1,1.0,7.0,59009,PONT DE BOIS  METRO,M,"50,6256000","3,1242000",59,2019,50.0,1.0,1.0,7.0,2156969,2.0,2,4,1,2.0,,-1.0,0,2007.0,A01,138Â 294Â 183,8.0,0.0,-1.0,1647035,0.0,37,12.0,0.0,4.0,0.0,A01,138Â 294Â 183,1.0
965017,201900006548,4,24,12:25,1,2,1,1.0,7.0,59009,PONT DE BOIS  METRO,M,"50,6256000","3,1242000",59,2019,50.0,1.0,1.0,7.0,2156970,8.0,2,4,1,2.0,,-1.0,0,2007.0,A01,138Â 294Â 183,8.0,0.0,-1.0,1647035,0.0,37,12.0,0.0,4.0,0.0,A01,138Â 294Â 183,1.0
965017,201900006548,4,24,12:25,1,2,1,1.0,7.0,59009,PONT DE BOIS  METRO,M,"50,6256000","3,1242000",59,2019,50.0,1.0,1.0,7.0,2156971,7.0,2,4,2,2.0,,-1.0,0,2005.0,A01,138Â 294Â 183,8.0,0.0,-1.0,1647035,0.0,37,12.0,0.0,4.0,0.0,A01,138Â 294Â 183,1.0
965017,201900006548,4,24,12:25,1,2,1,1.0,7.0,59009,PONT DE BOIS  METRO,M,"50,6256000","3,1242000",59,2019,50.0,1.0,1.0,7.0,2156972,7.0,2,4,1,2.0,,-1.0,0,2004.0,A01,138Â 294Â 183,8.0,0.0,-1.0,1647035,0.0,37,12.0,0.0,4.0,0.0,A01,138Â 294Â 183,1.0
965017,201900006548,4,24,12:25,1,2,1,1.0,7.0,59009,PONT DE BOIS  METRO,M,"50,6256000","3,1242000",59,2019,50.0,1.0,1.0,7.0,2156973,6.0,2,4,1,2.0,,-1.0,0,2007.0,A01,138Â 294Â 183,8.0,0.0,-1.0,1647035,0.0,37,12.0,0.0,4.0,0.0,A01,138Â 294Â 183,1.0
965017,201900006548,4,24,12:25,1,2,1,1.0,7.0,59009,PONT DE BOIS  METRO,M,"50,6256000","3,1242000",59,2019,50.0,1.0,1.0,7.0,2156974,6.0,2,4,1,2.0,,-1.0,0,2007.0,A01,138Â 294Â 183,8.0,0.0,-1.0,1647035,0.0,37,12.0,0.0,4.0,0.0,A01,138Â 294Â 183,1.0
965017,201900006548,4,24,12:25,1,2,1,1.0,7.0,59009,PONT DE BOIS  METRO,M,"50,6256000","3,1242000",59,2019,50.0,1.0,1.0,7.0,2156975,1.0,1,1,1,4.0,,-1.0,0,1980.0,A01,138Â 294Â 183,8.0,0.0,-1.0,1647035,0.0,37,12.0,0.0,4.0,0.0,A01,138Â 294Â 183,1.0
965018,201900006549,4,19,20:35,1,2,1,1.0,3.0,59368,DOUMER PAUL RUE,M,"50,6502100","3,0723400",59,2019,50.0,1.0,1.0,4.0,2156976,1.0,1,1,1,5.0,,-1.0,0,2000.0,A01,138Â 294Â 178,8.0,0.0,-1.0,1647036,3.0,7,,0.0,2.0,2.0,A01,138Â 294Â 178,0.0
965018,201900006549,4,19,20:35,1,2,1,1.0,3.0,59368,DOUMER PAUL RUE,M,"50,6502100","3,0723400",59,2019,50.0,1.0,1.0,4.0,2156976,1.0,1,1,1,5.0,,-1.0,0,2000.0,A01,138Â 294Â 178,8.0,0.0,-1.0,1647037,3.0,0,,0.0,2.0,2.0,B01,138Â 294Â 179,0.0
965018,201900006549,4,19,20:35,1,2,1,1.0,3.0,59368,DOUMER PAUL RUE,M,"50,6502100","3,0723400",59,2019,50.0,1.0,1.0,4.0,2156977,2.0,2,1,1,5.0,,-1.0,0,1999.0,A01,138Â 294Â 178,8.0,0.0,-1.0,1647036,3.0,7,,0.0,2.0,2.0,A01,138Â 294Â 178,0.0
965018,201900006549,4,19,20:35,1,2,1,1.0,3.0,59368,DOUMER PAUL RUE,M,"50,6502100","3,0723400",59,2019,50.0,1.0,1.0,4.0,2156977,2.0,2,1,1,5.0,,-1.0,0,1999.0,A01,138Â 294Â 178,8.0,0.0,-1.0,1647037,3.0,0,,0.0,2.0,2.0,B01,138Â 294Â 179,0.0
965018,201900006549,4,19,20:35,1,2,1,1.0,3.0,59368,DOUMER PAUL RUE,M,"50,6502100","3,0723400",59,2019,50.0,1.0,1.0,4.0,2156978,4.0,2,1,1,5.0,,-1.0,0,2000.0,A01,138Â 294Â 178,8.0,0.0,-1.0,1647036,3.0,7,,0.0,2.0,2.0,A01,138Â 294Â 178,0.0
965018,201900006549,4,19,20:35,1,2,1,1.0,3.0,59368,DOUMER PAUL RUE,M,"50,6502100","3,0723400",59,2019,50.0,1.0,1.0,4.0,2156978,4.0,2,1,1,5.0,,-1.0,0,2000.0,A01,138Â 294Â 178,8.0,0.0,-1.0,1647037,3.0,0,,0.0,2.0,2.0,B01,138Â 294Â 179,0.0
965018,201900006549,4,19,20:35,1,2,1,1.0,3.0,59368,DOUMER PAUL RUE,M,"50,6502100","3,0723400",59,2019,50.0,1.0,1.0,4.0,2156979,4.0,2,1,1,0.0,,-1.0,0,1972.0,B01,138Â 294Â 179,1.0,0.0,-1.0,1647036,3.0,7,,0.0,2.0,2.0,A01,138Â 294Â 178,0.0
965018,201900006549,4,19,20:35,1,2,1,1.0,3.0,59368,DOUMER PAUL RUE,M,"50,6502100","3,0723400",59,2019,50.0,1.0,1.0,4.0,2156979,4.0,2,1,1,0.0,,-1.0,0,1972.0,B01,138Â 294Â 179,1.0,0.0,-1.0,1647037,3.0,0,,0.0,2.0,2.0,B01,138Â 294Â 179,0.0
965018,201900006549,4,19,20:35,1,2,1,1.0,3.0,59368,DOUMER PAUL RUE,M,"50,6502100","3,0723400",59,2019,50.0,1.0,1.0,4.0,2156980,5.0,2,1,1,0.0,,-1.0,0,1970.0,B01,138Â 294Â 179,1.0,0.0,-1.0,1647036,3.0,7,,0.0,2.0,2.0,A01,138Â 294Â 178,0.0
965018,201900006549,4,19,20:35,1,2,1,1.0,3.0,59368,DOUMER PAUL RUE,M,"50,6502100","3,0723400",59,2019,50.0,1.0,1.0,4.0,2156980,5.0,2,1,1,0.0,,-1.0,0,1970.0,B01,138Â 294Â 179,1.0,0.0,-1.0,1647037,3.0,0,,0.0,2.0,2.0,B01,138Â 294Â 179,0.0
965018,201900006549,4,19,20:35,1,2,1,1.0,3.0,59368,DOUMER PAUL RUE,M,"50,6502100","3,0723400",59,2019,50.0,1.0,1.0,4.0,2156981,3.0,2,4,1,1.0,,-1.0,0,2000.0,B01,138Â 294Â 179,1.0,0.0,-1.0,1647036,3.0,7,,0.0,2.0,2.0,A01,138Â 294Â 178,0.0
965018,201900006549,4,19,20:35,1,2,1,1.0,3.0,59368,DOUMER PAUL RUE,M,"50,6502100","3,0723400",59,2019,50.0,1.0,1.0,4.0,2156981,3.0,2,4,1,1.0,,-1.0,0,2000.0,B01,138Â 294Â 179,1.0,0.0,-1.0,1647037,3.0,0,,0.0,2.0,2.0,B01,138Â 294Â 179,0.0
965018,201900006549,4,19,20:35,1,2,1,1.0,3.0,59368,DOUMER PAUL RUE,M,"50,6502100","3,0723400",59,2019,50.0,1.0,1.0,4.0,2156982,1.0,1,1,1,1.0,,-1.0,0,1987.0,B01,138Â 294Â 179,1.0,0.0,-1.0,1647036,3.0,7,,0.0,2.0,2.0,A01,138Â 294Â 178,0.0
965018,201900006549,4,19,20:35,1,2,1,1.0,3.0,59368,DOUMER PAUL RUE,M,"50,6502100","3,0723400",59,2019,50.0,1.0,1.0,4.0,2156982,1.0,1,1,1,1.0,,-1.0,0,1987.0,B01,138Â 294Â 179,1.0,0.0,-1.0,1647037,3.0,0,,0.0,2.0,2.0,B01,138Â 294Â 179,0.0
965018,201900006549,4,19,20:35,1,2,1,1.0,3.0,59368,DOUMER PAUL RUE,M,"50,6502100","3,0723400",59,2019,50.0,1.0,1.0,4.0,2156983,7.0,2,4,1,0.0,,-1.0,0,1977.0,B01,138Â 294Â 179,1.0,0.0,-1.0,1647036,3.0,7,,0.0,2.0,2.0,A01,138Â 294Â 178,0.0
965018,201900006549,4,19,20:35,1,2,1,1.0,3.0,59368,DOUMER PAUL RUE,M,"50,6502100","3,0723400",59,2019,50.0,1.0,1.0,4.0,2156983,7.0,2,4,1,0.0,,-1.0,0,1977.0,B01,138Â 294Â 179,1.0,0.0,-1.0,1647037,3.0,0,,0.0,2.0,2.0,B01,138Â 294Â 179,0.0
965018,201900006549,4,19,20:35,1,2,1,1.0,3.0,59368,DOUMER PAUL RUE,M,"50,6502100","3,0723400",59,2019,50.0,1.0,1.0,4.0,2156984,9.0,2,1,1,4.0,,-1.0,0,1976.0,B01,138Â 294Â 179,1.0,0.0,-1.0,1647036,3.0,7,,0.0,2.0,2.0,A01,138Â 294Â 178,0.0
965018,201900006549,4,19,20:35,1,2,1,1.0,3.0,59368,DOUMER PAUL RUE,M,"50,6502100","3,0723400",59,2019,50.0,1.0,1.0,4.0,2156984,9.0,2,1,1,4.0,,-1.0,0,1976.0,B01,138Â 294Â 179,1.0,0.0,-1.0,1647037,3.0,0,,0.0,2.0,2.0,B01,138Â 294Â 179,0.0
965019,201900006550,4,19,01:30,5,2,5,1.0,3.0,59328,HIPPODROME AV DE L NÂ°237 AU389,M,"50,6471500","3,0262700",59,2019,50.0,1.0,1.0,4.0,2156985,1.0,1,1,1,0.0,,-1.0,0,1985.0,B01,138Â 294Â 176,1.0,0.0,-1.0,1647038,1.0,7,,0.0,2.0,6.0,B01,138Â 294Â 176,1.0
965019,201900006550,4,19,01:30,5,2,5,1.0,3.0,59328,HIPPODROME AV DE L NÂ°237 AU389,M,"50,6471500","3,0262700",59,2019,50.0,1.0,1.0,4.0,2156985,1.0,1,1,1,0.0,,-1.0,0,1985.0,B01,138Â 294Â 176,1.0,0.0,-1.0,1647039,1.0,7,,0.0,2.0,1.0,A01,138Â 294Â 177,1.0
965019,201900006550,4,19,01:30,5,2,5,1.0,3.0,59328,HIPPODROME AV DE L NÂ°237 AU389,M,"50,6471500","3,0262700",59,2019,50.0,1.0,1.0,4.0,2156986,1.0,1,4,1,0.0,,-1.0,0,1988.0,A01,138Â 294Â 177,8.0,5.0,-1.0,1647038,1.0,7,,0.0,2.0,6.0,B01,138Â 294Â 176,1.0
965019,201900006550,4,19,01:30,5,2,5,1.0,3.0,59328,HIPPODROME AV DE L NÂ°237 AU389,M,"50,6471500","3,0262700",59,2019,50.0,1.0,1.0,4.0,2156986,1.0,1,4,1,0.0,,-1.0,0,1988.0,A01,138Â 294Â 177,8.0,5.0,-1.0,1647039,1.0,7,,0.0,2.0,1.0,A01,138Â 294Â 177,1.0