Unnamed: 0_x,num_acc,mois,jour,hrmn,lum,agg,int,atm,col,com,adr,gps,lat,long,dep,annee,vma,situ,surf,catr,Unnamed: 0_y,place,catu,grav,sexe,trajet,secu,locp,actp,an_nais,num_veh_x,id_vehicule_x,secu1,secu2,secu3,Unnamed: 0,senc,catv,occutc,obs,obsm,choc,num_veh_y,id_vehicule_y,motor
965020,201900006551,4,18,22:00,5,2,3,1.0,3.0,59360,GUESDE JULES RUE,M,"50,6142400","3,0175200",59,2019,50.0,1.0,1.0,4.0,2156987,1.0,1,1,1,0.0,,-1.0,0,1995.0,A01,138Â 294Â 174,1.0,0.0,-1.0,1647040,1.0,7,,0.0,2.0,3.0,A01,138Â 294Â 174,1.0
965020,201900006551,4,18,22:00,5,2,3,1.0,3.0,59360,GUESDE JULES RUE,M,"50,6142400","3,0175200",59,2019,50.0,1.0,1.0,4.0,2156987,1.0,1,1,1,0.0,,-1.0,0,1995.0,A01,138Â 294Â 174,1.0,0.0,-1.0,1647041,2.0,32,,0.0,2.0,1.0,B01,138Â 294Â 175,1.0
965020,201900006551,4,18,22:00,5,2,3,1.0,3.0,59360,GUESDE JULES RUE,M,"50,6142400","3,0175200",59,2019,50.0,1.0,1.0,4.0,2156988,1.0,1,4,1,0.0,,-1.0,0,1985.0,B01,138Â 294Â 175,2.0,0.0,-1.0,1647040,1.0,7,,0.0,2.0,3.0,A01,138Â 294Â 174,1.0
965020,201900006551,4,18,22:00,5,2,3,1.0,3.0,59360,GUESDE JULES RUE,M,"50,6142400","3,0175200",59,2019,50.0,1.0,1.0,4.0,2156988,1.0,1,4,1,0.0,,-1.0,0,1985.0,B01,138Â 294Â 175,2.0,0.0,-1.0,1647041,2.0,32,,0.0,2.0,1.0,B01,138Â 294Â 175,1.0
965021,201900006552,4,18,13:50,1,2,9,1.0,6.0,59350,PEUPLE BELGE AVENUE DU,M,"50,6442500","3,0613000",59,2019,50.0,1.0,1.0,4.0,2156989,1.0,1,1,1,5.0,,-1.0,0,1954.0,A01,138Â 294Â 173,8.0,0.0,-1.0,1647042,2.0,7,,0.0,0.0,5.0,A01,138Â 294Â 173,1.0
965021,201900006552,4,18,13:50,1,2,9,1.0,6.0,59350,PEUPLE BELGE AVENUE DU,M,"50,6442500","3,0613000",59,2019,50.0,1.0,1.0,4.0,2156990,10.0,3,4,1,5.0,,3.0,3,1942.0,A01,138Â 294Â 173,8.0,0.0,-1.0,1647042,2.0,7,,0.0,0.0,5.0,A01,138Â 294Â 173,1.0
965022,201900006553,3,26,15:50,1,2,1,1.0,2.0,59155,FURNES - ROUTE,M,"51,0312400","2,3916200",59,2019,50.0,1.0,1.0,3.0,2156991,1.0,1,3,1,5.0,,-1.0,0,2002.0,A01,138Â 294Â 171,2.0,0.0,-1.0,1647043,1.0,2,,0.0,2.0,1.0,A01,138Â 294Â 171,0.0
965022,201900006553,3,26,15:50,1,2,1,1.0,2.0,59155,FURNES - ROUTE,M,"51,0312400","2,3916200",59,2019,50.0,1.0,1.0,3.0,2156991,1.0,1,3,1,5.0,,-1.0,0,2002.0,A01,138Â 294Â 171,2.0,0.0,-1.0,1647044,1.0,7,,0.0,0.0,4.0,B01,138Â 294Â 172,0.0
965022,201900006553,3,26,15:50,1,2,1,1.0,2.0,59155,FURNES - ROUTE,M,"51,0312400","2,3916200",59,2019,50.0,1.0,1.0,3.0,2156992,1.0,1,1,1,1.0,,-1.0,0,1973.0,B01,138Â 294Â 172,1.0,0.0,-1.0,1647043,1.0,2,,0.0,2.0,1.0,A01,138Â 294Â 171,0.0
965022,201900006553,3,26,15:50,1,2,1,1.0,2.0,59155,FURNES - ROUTE,M,"51,0312400","2,3916200",59,2019,50.0,1.0,1.0,3.0,2156992,1.0,1,1,1,1.0,,-1.0,0,1973.0,B01,138Â 294Â 172,1.0,0.0,-1.0,1647044,1.0,7,,0.0,0.0,4.0,B01,138Â 294Â 172,0.0
965023,201900006554,4,25,20:15,1,2,1,1.0,3.0,59654,HUGO (RUE VICTOR),M,"50,3878300","3,1189900",59,2019,50.0,1.0,1.0,3.0,2156993,1.0,1,1,2,1.0,,-1.0,0,1963.0,A01,138Â 294Â 168,1.0,8.0,-1.0,1647045,1.0,3,,0.0,2.0,1.0,A01,138Â 294Â 168,1.0
965023,201900006554,4,25,20:15,1,2,1,1.0,3.0,59654,HUGO (RUE VICTOR),M,"50,3878300","3,1189900",59,2019,50.0,1.0,1.0,3.0,2156993,1.0,1,1,2,1.0,,-1.0,0,1963.0,A01,138Â 294Â 168,1.0,8.0,-1.0,1647046,1.0,1,,0.0,2.0,8.0,B01,138Â 294Â 169,0.0
965023,201900006554,4,25,20:15,1,2,1,1.0,3.0,59654,HUGO (RUE VICTOR),M,"50,3878300","3,1189900",59,2019,50.0,1.0,1.0,3.0,2156994,1.0,1,3,2,5.0,,-1.0,0,1963.0,B01,138Â 294Â 169,8.0,0.0,-1.0,1647045,1.0,3,,0.0,2.0,1.0,A01,138Â 294Â 168,1.0
965023,201900006554,4,25,20:15,1,2,1,1.0,3.0,59654,HUGO (RUE VICTOR),M,"50,3878300","3,1189900",59,2019,50.0,1.0,1.0,3.0,2156994,1.0,1,3,2,5.0,,-1.0,0,1963.0,B01,138Â 294Â 169,8.0,0.0,-1.0,1647046,1.0,1,,0.0,2.0,8.0,B01,138Â 294Â 169,0.0
965024,201900006555,4,19,13:10,1,2,3,7.0,6.0,59165,JAURES (RUE JEAN),M,"50,3803600","3,0531200",59,2019,50.0,1.0,1.0,4.0,2156995,1.0,1,4,1,1.0,,-1.0,0,1970.0,B01,138Â 294Â 166,2.0,8.0,-1.0,1647047,2.0,31,,0.0,0.0,0.0,B01,138Â 294Â 166,1.0
965024,201900006555,4,19,13:10,1,2,3,7.0,6.0,59165,JAURES (RUE JEAN),M,"50,3803600","3,0531200",59,2019,50.0,1.0,1.0,4.0,2156995,1.0,1,4,1,1.0,,-1.0,0,1970.0,B01,138Â 294Â 166,2.0,8.0,-1.0,1647048,2.0,7,,0.0,0.0,0.0,A01,138Â 294Â 167,1.0
965024,201900006555,4,19,13:10,1,2,3,7.0,6.0,59165,JAURES (RUE JEAN),M,"50,3803600","3,0531200",59,2019,50.0,1.0,1.0,4.0,2156996,1.0,1,1,1,5.0,,-1.0,0,1958.0,A01,138Â 294Â 167,1.0,8.0,-1.0,1647047,2.0,31,,0.0,0.0,0.0,B01,138Â 294Â 166,1.0
965024,201900006555,4,19,13:10,1,2,3,7.0,6.0,59165,JAURES (RUE JEAN),M,"50,3803600","3,0531200",59,2019,50.0,1.0,1.0,4.0,2156996,1.0,1,1,1,5.0,,-1.0,0,1958.0,A01,138Â 294Â 167,1.0,8.0,-1.0,1647048,2.0,7,,0.0,0.0,0.0,A01,138Â 294Â 167,1.0
965025,201900006556,4,18,16:30,1,2,1,1.0,6.0,59178,TOURNAI (ROUTE DE),M,"50,4021426","3,1201807",59,2019,50.0,2.0,1.0,3.0,2156997,1.0,1,4,1,5.0,,-1.0,0,2008.0,B01,138Â 294Â 164,8.0,0.0,-1.0,1647049,2.0,1,,0.0,2.0,8.0,B01,138Â 294Â 164,5.0
965025,201900006556,4,18,16:30,1,2,1,1.0,6.0,59178,TOURNAI (ROUTE DE),M,"50,4021426","3,1201807",59,2019,50.0,2.0,1.0,3.0,2156997,1.0,1,4,1,5.0,,-1.0,0,2008.0,B01,138Â 294Â 164,8.0,0.0,-1.0,1647050,2.0,7,,0.0,2.0,2.0,A01,138Â 294Â 165,1.0
965025,201900006556,4,18,16:30,1,2,1,1.0,6.0,59178,TOURNAI (ROUTE DE),M,"50,4021426","3,1201807",59,2019,50.0,2.0,1.0,3.0,2156998,1.0,1,1,1,1.0,,-1.0,0,1990.0,A01,138Â 294Â 165,1.0,0.0,-1.0,1647049,2.0,1,,0.0,2.0,8.0,B01,138Â 294Â 164,5.0
965025,201900006556,4,18,16:30,1,2,1,1.0,6.0,59178,TOURNAI (ROUTE DE),M,"50,4021426","3,1201807",59,2019,50.0,2.0,1.0,3.0,2156998,1.0,1,1,1,1.0,,-1.0,0,1990.0,A01,138Â 294Â 165,1.0,0.0,-1.0,1647050,2.0,7,,0.0,2.0,2.0,A01,138Â 294Â 165,1.0
965026,201900006557,4,25,15:50,1,2,9,1.0,3.0,58194,PETIT MOUESSE,M,"46,9891100","3,1713500",58,2019,50.0,1.0,1.0,4.0,2156999,1.0,1,4,1,5.0,,-1.0, -1,2002.0,B01,138Â 294Â 161,2.0,0.0,-1.0,1647051,3.0,2,,0.0,2.0,1.0,B01,138Â 294Â 161,1.0
965026,201900006557,4,25,15:50,1,2,9,1.0,3.0,58194,PETIT MOUESSE,M,"46,9891100","3,1713500",58,2019,50.0,1.0,1.0,4.0,2156999,1.0,1,4,1,5.0,,-1.0, -1,2002.0,B01,138Â 294Â 161,2.0,0.0,-1.0,1647052,3.0,7,,0.0,2.0,3.0,A01,138Â 294Â 162,1.0
965026,201900006557,4,25,15:50,1,2,9,1.0,3.0,58194,PETIT MOUESSE,M,"46,9891100","3,1713500",58,2019,50.0,1.0,1.0,4.0,2157000,1.0,1,1,2,3.0,,-1.0, -1,1939.0,A01,138Â 294Â 162,1.0,0.0,-1.0,1647051,3.0,2,,0.0,2.0,1.0,B01,138Â 294Â 161,1.0
965026,201900006557,4,25,15:50,1,2,9,1.0,3.0,58194,PETIT MOUESSE,M,"46,9891100","3,1713500",58,2019,50.0,1.0,1.0,4.0,2157000,1.0,1,1,2,3.0,,-1.0, -1,1939.0,A01,138Â 294Â 162,1.0,0.0,-1.0,1647052,3.0,7,,0.0,2.0,3.0,A01,138Â 294Â 162,1.0
965027,201900006558,4,23,15:15,1,2,1,1.0,6.0,58194,MANTOUE (QUAI),M,"46,9857200","3,1589900",58,2019,30.0,1.0,1.0,4.0,2157001,1.0,1,1,2,3.0,,-1.0, -1,1985.0,A01,138Â 294Â 159,1.0,0.0,-1.0,1647053,3.0,7,,0.0,1.0,1.0,A01,138Â 294Â 159,1.0
965027,201900006558,4,23,15:15,1,2,1,1.0,6.0,58194,MANTOUE (QUAI),M,"46,9857200","3,1589900",58,2019,30.0,1.0,1.0,4.0,2157002,10.0,3,4,1,0.0,,1.0,5,2004.0,A01,138Â 294Â 159,0.0,0.0,-1.0,1647053,3.0,7,,0.0,1.0,1.0,A01,138Â 294Â 159,1.0
965028,201900006559,4,23,16:30,1,2,3,1.0,3.0,58194,COLBERT,M,"46,9961900","3,1572300",58,2019,50.0,1.0,1.0,4.0,2157003,1.0,1,1,1,3.0,,-1.0, -1,1986.0,A01,138Â 294Â 157,1.0,4.0,-1.0,1647054,3.0,7,,0.0,2.0,2.0,A01,138Â 294Â 157,1.0
965028,201900006559,4,23,16:30,1,2,3,1.0,3.0,58194,COLBERT,M,"46,9961900","3,1572300",58,2019,50.0,1.0,1.0,4.0,2157003,1.0,1,1,1,3.0,,-1.0, -1,1986.0,A01,138Â 294Â 157,1.0,4.0,-1.0,1647055,3.0,7,,0.0,2.0,3.0,B01,138Â 294Â 158,1.0
965028,201900006559,4,23,16:30,1,2,3,1.0,3.0,58194,COLBERT,M,"46,9961900","3,1572300",58,2019,50.0,1.0,1.0,4.0,2157004,1.0,1,4,1,5.0,,-1.0, -1,1937.0,B01,138Â 294Â 158,1.0,0.0,-1.0,1647054,3.0,7,,0.0,2.0,2.0,A01,138Â 294Â 157,1.0
965028,201900006559,4,23,16:30,1,2,3,1.0,3.0,58194,COLBERT,M,"46,9961900","3,1572300",58,2019,50.0,1.0,1.0,4.0,2157004,1.0,1,4,1,5.0,,-1.0, -1,1937.0,B01,138Â 294Â 158,1.0,0.0,-1.0,1647055,3.0,7,,0.0,2.0,3.0,B01,138Â 294Â 158,1.0
965029,201900006560,4,16,12:50,1,2,6,2.0,6.0,58194,FRANCIS GARNIER,M,"46,9958700","3,1780400",58,2019,50.0,1.0,2.0,4.0,2157005,1.0,1,4,1,1.0,,-1.0, -1,1994.0,B01,138Â 294Â 155,8.0,0.0,-1.0,1647056,3.0,1,,0.0,2.0,0.0,B01,138Â 294Â 155,5.0
965029,201900006560,4,16,12:50,1,2,6,2.0,6.0,58194,FRANCIS GARNIER,M,"46,9958700","3,1780400",58,2019,50.0,1.0,2.0,4.0,2157005,1.0,1,4,1,1.0,,-1.0, -1,1994.0,B01,138Â 294Â 155,8.0,0.0,-1.0,1647057,3.0,7,,0.0,2.0,7.0,A01,138Â 294Â 156,1.0
965029,201900006560,4,16,12:50,1,2,6,2.0,6.0,58194,FRANCIS GARNIER,M,"46,9958700","3,1780400",58,2019,50.0,1.0,2.0,4.0,2157006,1.0,1,1,1,1.0,,-1.0, -1,1996.0,A01,138Â 294Â 156,1.0,0.0,-1.0,1647056,3.0,1,,0.0,2.0,0.0,B01,138Â 294Â 155,5.0
965029,201900006560,4,16,12:50,1,2,6,2.0,6.0,58194,FRANCIS GARNIER,M,"46,9958700","3,1780400",58,2019,50.0,1.0,2.0,4.0,2157006,1.0,1,1,1,1.0,,-1.0, -1,1996.0,A01,138Â 294Â 156,1.0,0.0,-1.0,1647057,3.0,7,,0.0,2.0,7.0,A01,138Â 294Â 156,1.0
965030,201900006561,4,20,13:00,1,1,9,1.0,1.0,57487,RD 157 Bis,M,"49,0998022","6,1161777",57,2019,70.0,1.0,1.0,3.0,2157007,1.0,1,2,1,5.0,,-1.0, -1,1931.0,B01,138Â 294Â 153,1.0,0.0,-1.0,1647058,3.0,7,,0.0,2.0,1.0,B01,138Â 294Â 153,1.0
965030,201900006561,4,20,13:00,1,1,9,1.0,1.0,57487,RD 157 Bis,M,"49,0998022","6,1161777",57,2019,70.0,1.0,1.0,3.0,2157007,1.0,1,2,1,5.0,,-1.0, -1,1931.0,B01,138Â 294Â 153,1.0,0.0,-1.0,1647059,3.0,7,,0.0,2.0,1.0,A01,138Â 294Â 154,1.0
965030,201900006561,4,20,13:00,1,1,9,1.0,1.0,57487,RD 157 Bis,M,"49,0998022","6,1161777",57,2019,70.0,1.0,1.0,3.0,2157008,1.0,1,1,2,9.0,,-1.0, -1,1971.0,A01,138Â 294Â 154,1.0,0.0,-1.0,1647058,3.0,7,,0.0,2.0,1.0,B01,138Â 294Â 153,1.0
965030,201900006561,4,20,13:00,1,1,9,1.0,1.0,57487,RD 157 Bis,M,"49,0998022","6,1161777",57,2019,70.0,1.0,1.0,3.0,2157008,1.0,1,1,2,9.0,,-1.0, -1,1971.0,A01,138Â 294Â 154,1.0,0.0,-1.0,1647059,3.0,7,,0.0,2.0,1.0,A01,138Â 294Â 154,1.0
965031,201900006562,4,20,04:35,5,2,1,1.0,6.0,56260,CHURCHILL(RUE WINSTON),M,"47,6395000","2,7687200",56,2019,50.0,1.0,1.0,4.0,2157009,10.0,3,4,1,5.0,,1.0,3,1988.0,Z01,138Â 294Â 152,8.0,0.0,-1.0,1647060,1.0,7,,0.0,1.0,0.0,Z01,138Â 294Â 152,0.0
965032,201900006563,4,26,08:20,1,2,2,1.0,7.0,56121,NORMANDIE ( BD ET IMP DE ),M,"47,7595700"," -3,3672700",56,2019,50.0,1.0,1.0,4.0,2157010,1.0,1,4,1,4.0,,0.0,0,1972.0,A01,138Â 294Â 149,2.0,8.0,-1.0,1647061,1.0,31,,0.0,0.0,8.0,A01,138Â 294Â 149,1.0
965033,201900006564,4,25,17:13,1,2,6,1.0,2.0,56098,BILLOUX ( AV. FRANCOIS ),M,"47,7630200"," -3,3490100",56,2019,30.0,1.0,1.0,4.0,2157011,1.0,1,1,2,0.0,,0.0,0,1978.0,B01,138Â 294Â 147,1.0,8.0,-1.0,1647062,2.0,7,,0.0,2.0,4.0,B01,138Â 294Â 147,1.0
965033,201900006564,4,25,17:13,1,2,6,1.0,2.0,56098,BILLOUX ( AV. FRANCOIS ),M,"47,7630200"," -3,3490100",56,2019,30.0,1.0,1.0,4.0,2157011,1.0,1,1,2,0.0,,0.0,0,1978.0,B01,138Â 294Â 147,1.0,8.0,-1.0,1647063,2.0,30,,0.0,2.0,1.0,A01,138Â 294Â 148,1.0
965033,201900006564,4,25,17:13,1,2,6,1.0,2.0,56098,BILLOUX ( AV. FRANCOIS ),M,"47,7630200"," -3,3490100",56,2019,30.0,1.0,1.0,4.0,2157012,2.0,2,4,1,5.0,,0.0,0,2003.0,A01,138Â 294Â 148,2.0,8.0,-1.0,1647062,2.0,7,,0.0,2.0,4.0,B01,138Â 294Â 147,1.0
965033,201900006564,4,25,17:13,1,2,6,1.0,2.0,56098,BILLOUX ( AV. FRANCOIS ),M,"47,7630200"," -3,3490100",56,2019,30.0,1.0,1.0,4.0,2157012,2.0,2,4,1,5.0,,0.0,0,2003.0,A01,138Â 294Â 148,2.0,8.0,-1.0,1647063,2.0,30,,0.0,2.0,1.0,A01,138Â 294Â 148,1.0
965033,201900006564,4,25,17:13,1,2,6,1.0,2.0,56098,BILLOUX ( AV. FRANCOIS ),M,"47,7630200"," -3,3490100",56,2019,30.0,1.0,1.0,4.0,2157013,1.0,1,4,1,5.0,,0.0,0,2003.0,A01,138Â 294Â 148,2.0,8.0,-1.0,1647062,2.0,7,,0.0,2.0,4.0,B01,138Â 294Â 147,1.0
965033,201900006564,4,25,17:13,1,2,6,1.0,2.0,56098,BILLOUX ( AV. FRANCOIS ),M,"47,7630200"," -3,3490100",56,2019,30.0,1.0,1.0,4.0,2157013,1.0,1,4,1,5.0,,0.0,0,2003.0,A01,138Â 294Â 148,2.0,8.0,-1.0,1647063,2.0,30,,0.0,2.0,1.0,A01,138Â 294Â 148,1.0
965034,201900006565,4,25,16:01,1,2,6,1.0,3.0,56121,BIR-HAKEIM ( RD-PT ),M,"47,7393600"," -3,3802500",56,2019,50.0,1.0,1.0,4.0,2157014,2.0,2,4,1,5.0,,0.0,0,2016.0,B01,138Â 294Â 145,2.0,8.0,-1.0,1647064,3.0,1,,0.0,2.0,3.0,B01,138Â 294Â 145,5.0
965034,201900006565,4,25,16:01,1,2,6,1.0,3.0,56121,BIR-HAKEIM ( RD-PT ),M,"47,7393600"," -3,3802500",56,2019,50.0,1.0,1.0,4.0,2157014,2.0,2,4,1,5.0,,0.0,0,2016.0,B01,138Â 294Â 145,2.0,8.0,-1.0,1647065,1.0,7,,0.0,2.0,7.0,A01,138Â 294Â 146,1.0
965034,201900006565,4,25,16:01,1,2,6,1.0,3.0,56121,BIR-HAKEIM ( RD-PT ),M,"47,7393600"," -3,3802500",56,2019,50.0,1.0,1.0,4.0,2157015,1.0,1,1,2,5.0,,0.0,0,1983.0,B01,138Â 294Â 145,2.0,8.0,-1.0,1647064,3.0,1,,0.0,2.0,3.0,B01,138Â 294Â 145,5.0
965034,201900006565,4,25,16:01,1,2,6,1.0,3.0,56121,BIR-HAKEIM ( RD-PT ),M,"47,7393600"," -3,3802500",56,2019,50.0,1.0,1.0,4.0,2157015,1.0,1,1,2,5.0,,0.0,0,1983.0,B01,138Â 294Â 145,2.0,8.0,-1.0,1647065,1.0,7,,0.0,2.0,7.0,A01,138Â 294Â 146,1.0
965034,201900006565,4,25,16:01,1,2,6,1.0,3.0,56121,BIR-HAKEIM ( RD-PT ),M,"47,7393600"," -3,3802500",56,2019,50.0,1.0,1.0,4.0,2157016,1.0,1,1,2,5.0,,0.0,0,1935.0,A01,138Â 294Â 146,1.0,8.0,-1.0,1647064,3.0,1,,0.0,2.0,3.0,B01,138Â 294Â 145,5.0
965034,201900006565,4,25,16:01,1,2,6,1.0,3.0,56121,BIR-HAKEIM ( RD-PT ),M,"47,7393600"," -3,3802500",56,2019,50.0,1.0,1.0,4.0,2157016,1.0,1,1,2,5.0,,0.0,0,1935.0,A01,138Â 294Â 146,1.0,8.0,-1.0,1647065,1.0,7,,0.0,2.0,7.0,A01,138Â 294Â 146,1.0
965035,201900006566,4,24,11:50,1,2,1,1.0,6.0,56121,FERRY ( PL. JULES ),M,"47,7465300"," -3,3649100",56,2019,30.0,1.0,1.0,6.0,2157017,1.0,1,4,1,5.0,,0.0,0,1956.0,A01,138Â 294Â 144,1.0,8.0,-1.0,1647066,3.0,7,,1.0,0.0,1.0,A01,138Â 294Â 144,1.0
965036,201900006567,4,22,23:35,3,1,1,1.0,6.0,56098,RN 165,M,"47,7764700"," -3,3621000",56,2019,90.0,1.0,1.0,2.0,2157018,1.0,1,4,1,5.0,,0.0,0,1983.0,A01,138Â 294Â 143,1.0,8.0,-1.0,1647067,2.0,7,,4.0,0.0,9.0,A01,138Â 294Â 143,1.0
965037,201900006568,4,20,03:00,4,1,1,1.0,2.0,56098,RN 165,M,"47,7771800"," -3,3595700",56,2019,90.0,1.0,1.0,2.0,2157019,1.0,1,4,1,5.0,,0.0,0,1981.0,A01,138Â 294Â 141,1.0,8.0,-1.0,1647068,2.0,7,,0.0,2.0,3.0,A01,138Â 294Â 141,1.0
965037,201900006568,4,20,03:00,4,1,1,1.0,2.0,56098,RN 165,M,"47,7771800"," -3,3595700",56,2019,90.0,1.0,1.0,2.0,2157019,1.0,1,4,1,5.0,,0.0,0,1981.0,A01,138Â 294Â 141,1.0,8.0,-1.0,1647069,2.0,7,,0.0,2.0,5.0,B01,138Â 294Â 142,1.0
965037,201900006568,4,20,03:00,4,1,1,1.0,2.0,56098,RN 165,M,"47,7771800"," -3,3595700",56,2019,90.0,1.0,1.0,2.0,2157020,1.0,1,1,2,5.0,,0.0,0,1969.0,B01,138Â 294Â 142,1.0,8.0,-1.0,1647068,2.0,7,,0.0,2.0,3.0,A01,138Â 294Â 141,1.0
965037,201900006568,4,20,03:00,4,1,1,1.0,2.0,56098,RN 165,M,"47,7771800"," -3,3595700",56,2019,90.0,1.0,1.0,2.0,2157020,1.0,1,1,2,5.0,,0.0,0,1969.0,B01,138Â 294Â 142,1.0,8.0,-1.0,1647069,2.0,7,,0.0,2.0,5.0,B01,138Â 294Â 142,1.0
965038,201900006569,10,21,17:40,1,1,1,8.0,3.0,91689,AUTOROUTE A6,M,"48,7296600","2,3144400",91,2019,110.0,1.0,1.0,1.0,2157021,1.0,1,1,1,0.0,,0.0,0,1981.0,A01,138Â 294Â 139,1.0,0.0,-1.0,1647070,1.0,7,,0.0,2.0,2.0,A01,138Â 294Â 139,1.0
965038,201900006569,10,21,17:40,1,1,1,8.0,3.0,91689,AUTOROUTE A6,M,"48,7296600","2,3144400",91,2019,110.0,1.0,1.0,1.0,2157021,1.0,1,1,1,0.0,,0.0,0,1981.0,A01,138Â 294Â 139,1.0,0.0,-1.0,1647071,1.0,43,,0.0,2.0,3.0,B01,138Â 294Â 140,1.0
965038,201900006569,10,21,17:40,1,1,1,8.0,3.0,91689,AUTOROUTE A6,M,"48,7296600","2,3144400",91,2019,110.0,1.0,1.0,1.0,2157022,1.0,1,4,1,1.0,,-1.0,0,1983.0,B01,138Â 294Â 140,2.0,6.0,-1.0,1647070,1.0,7,,0.0,2.0,2.0,A01,138Â 294Â 139,1.0
965038,201900006569,10,21,17:40,1,1,1,8.0,3.0,91689,AUTOROUTE A6,M,"48,7296600","2,3144400",91,2019,110.0,1.0,1.0,1.0,2157022,1.0,1,4,1,1.0,,-1.0,0,1983.0,B01,138Â 294Â 140,2.0,6.0,-1.0,1647071,1.0,43,,0.0,2.0,3.0,B01,138Â 294Â 140,1.0
965039,201900006570,10,21,18:15,1,1,1,1.0,5.0,94034,AUTOROUTE A6B,M,"48,7547000","2,3321000",94,2019,110.0,1.0,1.0,1.0,2157023,1.0,1,1,2,0.0,,-1.0, -1,1966.0,A01,138Â 294Â 136,1.0,0.0,-1.0,1647072,1.0,7,,0.0,2.0,7.0,A01,138Â 294Â 136,1.0
965039,201900006570,10,21,18:15,1,1,1,1.0,5.0,94034,AUTOROUTE A6B,M,"48,7547000","2,3321000",94,2019,110.0,1.0,1.0,1.0,2157023,1.0,1,1,2,0.0,,-1.0, -1,1966.0,A01,138Â 294Â 136,1.0,0.0,-1.0,1647073,1.0,33,,0.0,2.0,4.0,B01,138Â 294Â 137,1.0
965039,201900006570,10,21,18:15,1,1,1,1.0,5.0,94034,AUTOROUTE A6B,M,"48,7547000","2,3321000",94,2019,110.0,1.0,1.0,1.0,2157023,1.0,1,1,2,0.0,,-1.0, -1,1966.0,A01,138Â 294Â 136,1.0,0.0,-1.0,1647074,1.0,7,,0.0,2.0,5.0,C01,138Â 294Â 138,1.0
965039,201900006570,10,21,18:15,1,1,1,1.0,5.0,94034,AUTOROUTE A6B,M,"48,7547000","2,3321000",94,2019,110.0,1.0,1.0,1.0,2157024,1.0,1,4,1,0.0,,-1.0, -1,1985.0,B01,138Â 294Â 137,2.0,0.0,-1.0,1647072,1.0,7,,0.0,2.0,7.0,A01,138Â 294Â 136,1.0
965039,201900006570,10,21,18:15,1,1,1,1.0,5.0,94034,AUTOROUTE A6B,M,"48,7547000","2,3321000",94,2019,110.0,1.0,1.0,1.0,2157024,1.0,1,4,1,0.0,,-1.0, -1,1985.0,B01,138Â 294Â 137,2.0,0.0,-1.0,1647073,1.0,33,,0.0,2.0,4.0,B01,138Â 294Â 137,1.0
965039,201900006570,10,21,18:15,1,1,1,1.0,5.0,94034,AUTOROUTE A6B,M,"48,7547000","2,3321000",94,2019,110.0,1.0,1.0,1.0,2157024,1.0,1,4,1,0.0,,-1.0, -1,1985.0,B01,138Â 294Â 137,2.0,0.0,-1.0,1647074,1.0,7,,0.0,2.0,5.0,C01,138Â 294Â 138,1.0
965039,201900006570,10,21,18:15,1,1,1,1.0,5.0,94034,AUTOROUTE A6B,M,"48,7547000","2,3321000",94,2019,110.0,1.0,1.0,1.0,2157025,1.0,1,1,1,0.0,,-1.0, -1,1964.0,C01,138Â 294Â 138,1.0,0.0,-1.0,1647072,1.0,7,,0.0,2.0,7.0,A01,138Â 294Â 136,1.0
965039,201900006570,10,21,18:15,1,1,1,1.0,5.0,94034,AUTOROUTE A6B,M,"48,7547000","2,3321000",94,2019,110.0,1.0,1.0,1.0,2157025,1.0,1,1,1,0.0,,-1.0, -1,1964.0,C01,138Â 294Â 138,1.0,0.0,-1.0,1647073,1.0,33,,0.0,2.0,4.0,B01,138Â 294Â 137,1.0
965039,201900006570,10,21,18:15,1,1,1,1.0,5.0,94034,AUTOROUTE A6B,M,"48,7547000","2,3321000",94,2019,110.0,1.0,1.0,1.0,2157025,1.0,1,1,1,0.0,,-1.0, -1,1964.0,C01,138Â 294Â 138,1.0,0.0,-1.0,1647074,1.0,7,,0.0,2.0,5.0,C01,138Â 294Â 138,1.0
965040,201900006571,10,21,13:00,1,1,1,1.0,4.0,94076,AUTOROUTE A6B,M,"48,7906500","2,3446000",94,2019,90.0,1.0,2.0,1.0,2157026,1.0,1,1,1,4.0,,-1.0, -1,1986.0,A01,138Â 294Â 133,1.0,0.0,-1.0,1647075,2.0,7,,0.0,2.0,1.0,A01,138Â 294Â 133,1.0
965040,201900006571,10,21,13:00,1,1,1,1.0,4.0,94076,AUTOROUTE A6B,M,"48,7906500","2,3446000",94,2019,90.0,1.0,2.0,1.0,2157026,1.0,1,1,1,4.0,,-1.0, -1,1986.0,A01,138Â 294Â 133,1.0,0.0,-1.0,1647076,2.0,10,,0.0,2.0,4.0,B01,138Â 294Â 134,1.0
965040,201900006571,10,21,13:00,1,1,1,1.0,4.0,94076,AUTOROUTE A6B,M,"48,7906500","2,3446000",94,2019,90.0,1.0,2.0,1.0,2157026,1.0,1,1,1,4.0,,-1.0, -1,1986.0,A01,138Â 294Â 133,1.0,0.0,-1.0,1647077,2.0,7,,0.0,2.0,4.0,C01,138Â 294Â 135,1.0
965040,201900006571,10,21,13:00,1,1,1,1.0,4.0,94076,AUTOROUTE A6B,M,"48,7906500","2,3446000",94,2019,90.0,1.0,2.0,1.0,2157027,4.0,2,4,1,0.0,,-1.0, -1,1949.0,A01,138Â 294Â 133,1.0,0.0,-1.0,1647075,2.0,7,,0.0,2.0,1.0,A01,138Â 294Â 133,1.0