Unnamed: 0_x,num_acc,mois,jour,hrmn,lum,agg,int,atm,col,com,adr,gps,lat,long,dep,annee,vma,situ,surf,catr,Unnamed: 0_y,place,catu,grav,sexe,trajet,secu,locp,actp,an_nais,num_veh_x,id_vehicule_x,secu1,secu2,secu3,Unnamed: 0,senc,catv,occutc,obs,obsm,choc,num_veh_y,id_vehicule_y,motor
965040,201900006571,10,21,13:00,1,1,1,1.0,4.0,94076,AUTOROUTE A6B,M,"48,7906500","2,3446000",94,2019,90.0,1.0,2.0,1.0,2157027,4.0,2,4,1,0.0,,-1.0, -1,1949.0,A01,138Â 294Â 133,1.0,0.0,-1.0,1647076,2.0,10,,0.0,2.0,4.0,B01,138Â 294Â 134,1.0
965040,201900006571,10,21,13:00,1,1,1,1.0,4.0,94076,AUTOROUTE A6B,M,"48,7906500","2,3446000",94,2019,90.0,1.0,2.0,1.0,2157027,4.0,2,4,1,0.0,,-1.0, -1,1949.0,A01,138Â 294Â 133,1.0,0.0,-1.0,1647077,2.0,7,,0.0,2.0,4.0,C01,138Â 294Â 135,1.0
965040,201900006571,10,21,13:00,1,1,1,1.0,4.0,94076,AUTOROUTE A6B,M,"48,7906500","2,3446000",94,2019,90.0,1.0,2.0,1.0,2157028,1.0,1,1,1,4.0,,-1.0, -1,1972.0,B01,138Â 294Â 134,1.0,0.0,-1.0,1647075,2.0,7,,0.0,2.0,1.0,A01,138Â 294Â 133,1.0
965040,201900006571,10,21,13:00,1,1,1,1.0,4.0,94076,AUTOROUTE A6B,M,"48,7906500","2,3446000",94,2019,90.0,1.0,2.0,1.0,2157028,1.0,1,1,1,4.0,,-1.0, -1,1972.0,B01,138Â 294Â 134,1.0,0.0,-1.0,1647076,2.0,10,,0.0,2.0,4.0,B01,138Â 294Â 134,1.0
965040,201900006571,10,21,13:00,1,1,1,1.0,4.0,94076,AUTOROUTE A6B,M,"48,7906500","2,3446000",94,2019,90.0,1.0,2.0,1.0,2157028,1.0,1,1,1,4.0,,-1.0, -1,1972.0,B01,138Â 294Â 134,1.0,0.0,-1.0,1647077,2.0,7,,0.0,2.0,4.0,C01,138Â 294Â 135,1.0
965040,201900006571,10,21,13:00,1,1,1,1.0,4.0,94076,AUTOROUTE A6B,M,"48,7906500","2,3446000",94,2019,90.0,1.0,2.0,1.0,2157029,1.0,1,1,2,4.0,,-1.0, -1,1975.0,C01,138Â 294Â 135,1.0,0.0,-1.0,1647075,2.0,7,,0.0,2.0,1.0,A01,138Â 294Â 133,1.0
965040,201900006571,10,21,13:00,1,1,1,1.0,4.0,94076,AUTOROUTE A6B,M,"48,7906500","2,3446000",94,2019,90.0,1.0,2.0,1.0,2157029,1.0,1,1,2,4.0,,-1.0, -1,1975.0,C01,138Â 294Â 135,1.0,0.0,-1.0,1647076,2.0,10,,0.0,2.0,4.0,B01,138Â 294Â 134,1.0
965040,201900006571,10,21,13:00,1,1,1,1.0,4.0,94076,AUTOROUTE A6B,M,"48,7906500","2,3446000",94,2019,90.0,1.0,2.0,1.0,2157029,1.0,1,1,2,4.0,,-1.0, -1,1975.0,C01,138Â 294Â 135,1.0,0.0,-1.0,1647077,2.0,7,,0.0,2.0,4.0,C01,138Â 294Â 135,1.0
965041,201900006572,10,21,10:33,1,1,1,2.0,2.0,94065,AUTOROUTE A106,M,"48,7607000","2,3401900",94,2019,110.0,1.0,2.0,1.0,2157030,1.0,1,1,1,1.0,,-1.0, -1,1997.0,A01,138Â 294Â 131,1.0,8.0,-1.0,1647078,2.0,10,,0.0,2.0,1.0,A01,138Â 294Â 131,1.0
965041,201900006572,10,21,10:33,1,1,1,2.0,2.0,94065,AUTOROUTE A106,M,"48,7607000","2,3401900",94,2019,110.0,1.0,2.0,1.0,2157030,1.0,1,1,1,1.0,,-1.0, -1,1997.0,A01,138Â 294Â 131,1.0,8.0,-1.0,1647079,2.0,7,,0.0,2.0,4.0,B01,138Â 294Â 132,1.0
965041,201900006572,10,21,10:33,1,1,1,2.0,2.0,94065,AUTOROUTE A106,M,"48,7607000","2,3401900",94,2019,110.0,1.0,2.0,1.0,2157031,4.0,2,4,2,5.0,,-1.0,0,2015.0,B01,138Â 294Â 132,1.0,8.0,-1.0,1647078,2.0,10,,0.0,2.0,1.0,A01,138Â 294Â 131,1.0
965041,201900006572,10,21,10:33,1,1,1,2.0,2.0,94065,AUTOROUTE A106,M,"48,7607000","2,3401900",94,2019,110.0,1.0,2.0,1.0,2157031,4.0,2,4,2,5.0,,-1.0,0,2015.0,B01,138Â 294Â 132,1.0,8.0,-1.0,1647079,2.0,7,,0.0,2.0,4.0,B01,138Â 294Â 132,1.0
965041,201900006572,10,21,10:33,1,1,1,2.0,2.0,94065,AUTOROUTE A106,M,"48,7607000","2,3401900",94,2019,110.0,1.0,2.0,1.0,2157032,1.0,1,1,1,5.0,,-1.0, -1,1984.0,B01,138Â 294Â 132,1.0,8.0,-1.0,1647078,2.0,10,,0.0,2.0,1.0,A01,138Â 294Â 131,1.0
965041,201900006572,10,21,10:33,1,1,1,2.0,2.0,94065,AUTOROUTE A106,M,"48,7607000","2,3401900",94,2019,110.0,1.0,2.0,1.0,2157032,1.0,1,1,1,5.0,,-1.0, -1,1984.0,B01,138Â 294Â 132,1.0,8.0,-1.0,1647079,2.0,7,,0.0,2.0,4.0,B01,138Â 294Â 132,1.0
965042,201900006573,10,21,08:38,1,1,1,2.0,7.0,91477,AUTOROUTE A126,M,"48,7174900","2,2623300",91,2019,90.0,1.0,2.0,1.0,2157033,1.0,1,4,2,1.0,,0.0,0,1988.0,A01,138Â 294Â 130,2.0,8.0,-1.0,1647080,1.0,34,,0.0,0.0,0.0,A01,138Â 294Â 130,1.0
965043,201900006574,10,21,09:20,1,1,1,8.0,6.0,91286,AUTOROUTE A6,M,"48,6543230","2,3802120",91,2019,70.0,1.0,2.0,1.0,2157034,1.0,1,4,1,2.0,,0.0,0,1997.0,A01,138Â 294Â 129,2.0,0.0,-1.0,1647081,2.0,31,,0.0,2.0,1.0,A01,138Â 294Â 129,1.0
965044,201900006575,10,21,05:50,3,1,1,2.0,6.0,91661,RD 188 CHEVREUSE,M,"48,6965790","2,2095360",91,2019,70.0,1.0,2.0,3.0,2157035,1.0,1,4,1,1.0,,0.0,0,1987.0,A01,138Â 294Â 128,1.0,0.0,-1.0,1647082,2.0,7,,5.0,0.0,7.0,A01,138Â 294Â 128,1.0
965045,201900006576,10,20,18:40,3,1,1,2.0,2.0,91661,AUTOROUTE A10,M,"48,6877100","2,2175100",91,2019,110.0,1.0,2.0,1.0,2157036,1.0,1,1,1,0.0,,0.0,0,1977.0,B01,138Â 294Â 126,1.0,8.0,-1.0,1647083,2.0,7,,0.0,2.0,4.0,B01,138Â 294Â 126,1.0
965045,201900006576,10,20,18:40,3,1,1,2.0,2.0,91661,AUTOROUTE A10,M,"48,6877100","2,2175100",91,2019,110.0,1.0,2.0,1.0,2157036,1.0,1,1,1,0.0,,0.0,0,1977.0,B01,138Â 294Â 126,1.0,8.0,-1.0,1647084,2.0,7,,0.0,2.0,1.0,A01,138Â 294Â 127,1.0
965045,201900006576,10,20,18:40,3,1,1,2.0,2.0,91661,AUTOROUTE A10,M,"48,6877100","2,2175100",91,2019,110.0,1.0,2.0,1.0,2157037,3.0,2,4,2,0.0,,0.0,0,2003.0,B01,138Â 294Â 126,1.0,0.0,-1.0,1647083,2.0,7,,0.0,2.0,4.0,B01,138Â 294Â 126,1.0
965045,201900006576,10,20,18:40,3,1,1,2.0,2.0,91661,AUTOROUTE A10,M,"48,6877100","2,2175100",91,2019,110.0,1.0,2.0,1.0,2157037,3.0,2,4,2,0.0,,0.0,0,2003.0,B01,138Â 294Â 126,1.0,0.0,-1.0,1647084,2.0,7,,0.0,2.0,1.0,A01,138Â 294Â 127,1.0
965045,201900006576,10,20,18:40,3,1,1,2.0,2.0,91661,AUTOROUTE A10,M,"48,6877100","2,2175100",91,2019,110.0,1.0,2.0,1.0,2157038,2.0,2,4,2,0.0,,0.0,0,2000.0,A01,138Â 294Â 127,1.0,8.0,-1.0,1647083,2.0,7,,0.0,2.0,4.0,B01,138Â 294Â 126,1.0
965045,201900006576,10,20,18:40,3,1,1,2.0,2.0,91661,AUTOROUTE A10,M,"48,6877100","2,2175100",91,2019,110.0,1.0,2.0,1.0,2157038,2.0,2,4,2,0.0,,0.0,0,2000.0,A01,138Â 294Â 127,1.0,8.0,-1.0,1647084,2.0,7,,0.0,2.0,1.0,A01,138Â 294Â 127,1.0
965045,201900006576,10,20,18:40,3,1,1,2.0,2.0,91661,AUTOROUTE A10,M,"48,6877100","2,2175100",91,2019,110.0,1.0,2.0,1.0,2157039,1.0,1,1,1,0.0,,0.0,0,1999.0,A01,138Â 294Â 127,1.0,8.0,-1.0,1647083,2.0,7,,0.0,2.0,4.0,B01,138Â 294Â 126,1.0
965045,201900006576,10,20,18:40,3,1,1,2.0,2.0,91661,AUTOROUTE A10,M,"48,6877100","2,2175100",91,2019,110.0,1.0,2.0,1.0,2157039,1.0,1,1,1,0.0,,0.0,0,1999.0,A01,138Â 294Â 127,1.0,8.0,-1.0,1647084,2.0,7,,0.0,2.0,1.0,A01,138Â 294Â 127,1.0
965046,201900006577,10,21,08:50,1,1,1,2.0,7.0,78551,SE A14,M,"48,9058980","2,0607810",78,2019,90.0,1.0,2.0,1.0,2157040,1.0,1,4,1,1.0,,-1.0, -1,1964.0,A01,138Â 294Â 125,1.0,0.0,-1.0,1647085,2.0,7,,0.0,0.0,1.0,A01,138Â 294Â 125,1.0
965047,201900006578,10,21,08:10,2,1,1,2.0,6.0,92025,A86,M,"48,9331380","2,2515170",92,2019,90.0,1.0,2.0,1.0,2157041,1.0,1,4,1,1.0,,-1.0,0,1964.0,A01,138Â 294Â 123,2.0,8.0,-1.0,1647086,1.0,33,,0.0,0.0,8.0,A01,138Â 294Â 123,1.0
965048,201900006579,10,21,03:56,5,1,1,2.0,6.0,92036,A86,M,"48,9357587","2,2627865",92,2019,90.0,1.0,2.0,1.0,2157042,2.0,2,4,2,0.0,,-1.0,0,2018.0,A01,138Â 294Â 122,1.0,0.0,-1.0,1647087,2.0,10,,4.0,0.0,0.0,A01,138Â 294Â 122,0.0
965048,201900006579,10,21,03:56,5,1,1,2.0,6.0,92036,A86,M,"48,9357587","2,2627865",92,2019,90.0,1.0,2.0,1.0,2157043,1.0,1,4,1,0.0,,-1.0,0,1985.0,A01,138Â 294Â 122,1.0,0.0,-1.0,1647087,2.0,10,,4.0,0.0,0.0,A01,138Â 294Â 122,0.0
965049,201900006580,10,20,14:00,1,1,1,1.0,2.0,78043,A12 W,M,"48,8413810","2,1017790",78,2019,70.0,1.0,2.0,1.0,2157044,1.0,1,1,1,1.0,,-1.0, -1,1964.0,B01,138Â 294Â 120,1.0,0.0,-1.0,1647088,2.0,7,,0.0,2.0,1.0,B01,138Â 294Â 120,1.0
965049,201900006580,10,20,14:00,1,1,1,1.0,2.0,78043,A12 W,M,"48,8413810","2,1017790",78,2019,70.0,1.0,2.0,1.0,2157044,1.0,1,1,1,1.0,,-1.0, -1,1964.0,B01,138Â 294Â 120,1.0,0.0,-1.0,1647089,2.0,7,,3.0,0.0,1.0,A01,138Â 294Â 121,1.0
965049,201900006580,10,20,14:00,1,1,1,1.0,2.0,78043,A12 W,M,"48,8413810","2,1017790",78,2019,70.0,1.0,2.0,1.0,2157045,1.0,1,4,2,1.0,,-1.0, -1,1992.0,A01,138Â 294Â 121,1.0,0.0,-1.0,1647088,2.0,7,,0.0,2.0,1.0,B01,138Â 294Â 120,1.0
965049,201900006580,10,20,14:00,1,1,1,1.0,2.0,78043,A12 W,M,"48,8413810","2,1017790",78,2019,70.0,1.0,2.0,1.0,2157045,1.0,1,4,2,1.0,,-1.0, -1,1992.0,A01,138Â 294Â 121,1.0,0.0,-1.0,1647089,2.0,7,,3.0,0.0,1.0,A01,138Â 294Â 121,1.0
965050,201900006581,10,21,11:00,1,1,1,1.0,5.0,93053,AUTOROUTE A3,M,"48,8975100","2,4698000",93,2019,70.0,1.0,1.0,1.0,2157046,1.0,1,4,1,0.0,,-1.0, -1,1983.0,D01,138Â 294Â 116,2.0,0.0,-1.0,1647090,1.0,33,,0.0,2.0,1.0,D01,138Â 294Â 116,1.0
965050,201900006581,10,21,11:00,1,1,1,1.0,5.0,93053,AUTOROUTE A3,M,"48,8975100","2,4698000",93,2019,70.0,1.0,1.0,1.0,2157046,1.0,1,4,1,0.0,,-1.0, -1,1983.0,D01,138Â 294Â 116,2.0,0.0,-1.0,1647091,1.0,10,,0.0,2.0,4.0,C01,138Â 294Â 117,1.0
965050,201900006581,10,21,11:00,1,1,1,1.0,5.0,93053,AUTOROUTE A3,M,"48,8975100","2,4698000",93,2019,70.0,1.0,1.0,1.0,2157046,1.0,1,4,1,0.0,,-1.0, -1,1983.0,D01,138Â 294Â 116,2.0,0.0,-1.0,1647092,1.0,7,,0.0,2.0,8.0,B01,138Â 294Â 118,1.0
965050,201900006581,10,21,11:00,1,1,1,1.0,5.0,93053,AUTOROUTE A3,M,"48,8975100","2,4698000",93,2019,70.0,1.0,1.0,1.0,2157046,1.0,1,4,1,0.0,,-1.0, -1,1983.0,D01,138Â 294Â 116,2.0,0.0,-1.0,1647093,1.0,17,,0.0,2.0,2.0,A01,138Â 294Â 119,1.0
965050,201900006581,10,21,11:00,1,1,1,1.0,5.0,93053,AUTOROUTE A3,M,"48,8975100","2,4698000",93,2019,70.0,1.0,1.0,1.0,2157047,1.0,1,1,1,0.0,,-1.0, -1,1994.0,C01,138Â 294Â 117,1.0,0.0,-1.0,1647090,1.0,33,,0.0,2.0,1.0,D01,138Â 294Â 116,1.0
965050,201900006581,10,21,11:00,1,1,1,1.0,5.0,93053,AUTOROUTE A3,M,"48,8975100","2,4698000",93,2019,70.0,1.0,1.0,1.0,2157047,1.0,1,1,1,0.0,,-1.0, -1,1994.0,C01,138Â 294Â 117,1.0,0.0,-1.0,1647091,1.0,10,,0.0,2.0,4.0,C01,138Â 294Â 117,1.0
965050,201900006581,10,21,11:00,1,1,1,1.0,5.0,93053,AUTOROUTE A3,M,"48,8975100","2,4698000",93,2019,70.0,1.0,1.0,1.0,2157047,1.0,1,1,1,0.0,,-1.0, -1,1994.0,C01,138Â 294Â 117,1.0,0.0,-1.0,1647092,1.0,7,,0.0,2.0,8.0,B01,138Â 294Â 118,1.0
965050,201900006581,10,21,11:00,1,1,1,1.0,5.0,93053,AUTOROUTE A3,M,"48,8975100","2,4698000",93,2019,70.0,1.0,1.0,1.0,2157047,1.0,1,1,1,0.0,,-1.0, -1,1994.0,C01,138Â 294Â 117,1.0,0.0,-1.0,1647093,1.0,17,,0.0,2.0,2.0,A01,138Â 294Â 119,1.0
965050,201900006581,10,21,11:00,1,1,1,1.0,5.0,93053,AUTOROUTE A3,M,"48,8975100","2,4698000",93,2019,70.0,1.0,1.0,1.0,2157048,1.0,1,1,1,0.0,,-1.0, -1,1960.0,B01,138Â 294Â 118,1.0,0.0,-1.0,1647090,1.0,33,,0.0,2.0,1.0,D01,138Â 294Â 116,1.0
965050,201900006581,10,21,11:00,1,1,1,1.0,5.0,93053,AUTOROUTE A3,M,"48,8975100","2,4698000",93,2019,70.0,1.0,1.0,1.0,2157048,1.0,1,1,1,0.0,,-1.0, -1,1960.0,B01,138Â 294Â 118,1.0,0.0,-1.0,1647091,1.0,10,,0.0,2.0,4.0,C01,138Â 294Â 117,1.0
965050,201900006581,10,21,11:00,1,1,1,1.0,5.0,93053,AUTOROUTE A3,M,"48,8975100","2,4698000",93,2019,70.0,1.0,1.0,1.0,2157048,1.0,1,1,1,0.0,,-1.0, -1,1960.0,B01,138Â 294Â 118,1.0,0.0,-1.0,1647092,1.0,7,,0.0,2.0,8.0,B01,138Â 294Â 118,1.0
965050,201900006581,10,21,11:00,1,1,1,1.0,5.0,93053,AUTOROUTE A3,M,"48,8975100","2,4698000",93,2019,70.0,1.0,1.0,1.0,2157048,1.0,1,1,1,0.0,,-1.0, -1,1960.0,B01,138Â 294Â 118,1.0,0.0,-1.0,1647093,1.0,17,,0.0,2.0,2.0,A01,138Â 294Â 119,1.0
965050,201900006581,10,21,11:00,1,1,1,1.0,5.0,93053,AUTOROUTE A3,M,"48,8975100","2,4698000",93,2019,70.0,1.0,1.0,1.0,2157049,1.0,1,1,1,4.0,,-1.0, -1,1998.0,A01,138Â 294Â 119,1.0,0.0,-1.0,1647090,1.0,33,,0.0,2.0,1.0,D01,138Â 294Â 116,1.0
965050,201900006581,10,21,11:00,1,1,1,1.0,5.0,93053,AUTOROUTE A3,M,"48,8975100","2,4698000",93,2019,70.0,1.0,1.0,1.0,2157049,1.0,1,1,1,4.0,,-1.0, -1,1998.0,A01,138Â 294Â 119,1.0,0.0,-1.0,1647091,1.0,10,,0.0,2.0,4.0,C01,138Â 294Â 117,1.0
965050,201900006581,10,21,11:00,1,1,1,1.0,5.0,93053,AUTOROUTE A3,M,"48,8975100","2,4698000",93,2019,70.0,1.0,1.0,1.0,2157049,1.0,1,1,1,4.0,,-1.0, -1,1998.0,A01,138Â 294Â 119,1.0,0.0,-1.0,1647092,1.0,7,,0.0,2.0,8.0,B01,138Â 294Â 118,1.0
965050,201900006581,10,21,11:00,1,1,1,1.0,5.0,93053,AUTOROUTE A3,M,"48,8975100","2,4698000",93,2019,70.0,1.0,1.0,1.0,2157049,1.0,1,1,1,4.0,,-1.0, -1,1998.0,A01,138Â 294Â 119,1.0,0.0,-1.0,1647093,1.0,17,,0.0,2.0,2.0,A01,138Â 294Â 119,1.0
965051,201900006582,10,19,19:30,3,1,1,8.0,4.0,93013,AUTOROUTE A1,M,"48,9402400","2,4227700",93,2019,110.0,1.0,1.0,1.0,2157050,1.0,1,1,1,1.0,,-1.0, -1,1980.0,D01,138Â 294Â 112,1.0,0.0,-1.0,1647094,2.0,7,,0.0,2.0,4.0,D01,138Â 294Â 112,1.0
965051,201900006582,10,19,19:30,3,1,1,8.0,4.0,93013,AUTOROUTE A1,M,"48,9402400","2,4227700",93,2019,110.0,1.0,1.0,1.0,2157050,1.0,1,1,1,1.0,,-1.0, -1,1980.0,D01,138Â 294Â 112,1.0,0.0,-1.0,1647095,2.0,7,,0.0,2.0,4.0,C01,138Â 294Â 113,1.0
965051,201900006582,10,19,19:30,3,1,1,8.0,4.0,93013,AUTOROUTE A1,M,"48,9402400","2,4227700",93,2019,110.0,1.0,1.0,1.0,2157050,1.0,1,1,1,1.0,,-1.0, -1,1980.0,D01,138Â 294Â 112,1.0,0.0,-1.0,1647096,2.0,7,,0.0,2.0,4.0,B01,138Â 294Â 114,1.0
965051,201900006582,10,19,19:30,3,1,1,8.0,4.0,93013,AUTOROUTE A1,M,"48,9402400","2,4227700",93,2019,110.0,1.0,1.0,1.0,2157050,1.0,1,1,1,1.0,,-1.0, -1,1980.0,D01,138Â 294Â 112,1.0,0.0,-1.0,1647097,2.0,7,,0.0,2.0,1.0,A01,138Â 294Â 115,1.0
965051,201900006582,10,19,19:30,3,1,1,8.0,4.0,93013,AUTOROUTE A1,M,"48,9402400","2,4227700",93,2019,110.0,1.0,1.0,1.0,2157051,1.0,1,1,1,9.0,,-1.0, -1,1980.0,C01,138Â 294Â 113,1.0,0.0,-1.0,1647094,2.0,7,,0.0,2.0,4.0,D01,138Â 294Â 112,1.0
965051,201900006582,10,19,19:30,3,1,1,8.0,4.0,93013,AUTOROUTE A1,M,"48,9402400","2,4227700",93,2019,110.0,1.0,1.0,1.0,2157051,1.0,1,1,1,9.0,,-1.0, -1,1980.0,C01,138Â 294Â 113,1.0,0.0,-1.0,1647095,2.0,7,,0.0,2.0,4.0,C01,138Â 294Â 113,1.0
965051,201900006582,10,19,19:30,3,1,1,8.0,4.0,93013,AUTOROUTE A1,M,"48,9402400","2,4227700",93,2019,110.0,1.0,1.0,1.0,2157051,1.0,1,1,1,9.0,,-1.0, -1,1980.0,C01,138Â 294Â 113,1.0,0.0,-1.0,1647096,2.0,7,,0.0,2.0,4.0,B01,138Â 294Â 114,1.0
965051,201900006582,10,19,19:30,3,1,1,8.0,4.0,93013,AUTOROUTE A1,M,"48,9402400","2,4227700",93,2019,110.0,1.0,1.0,1.0,2157051,1.0,1,1,1,9.0,,-1.0, -1,1980.0,C01,138Â 294Â 113,1.0,0.0,-1.0,1647097,2.0,7,,0.0,2.0,1.0,A01,138Â 294Â 115,1.0
965051,201900006582,10,19,19:30,3,1,1,8.0,4.0,93013,AUTOROUTE A1,M,"48,9402400","2,4227700",93,2019,110.0,1.0,1.0,1.0,2157052,2.0,2,4,2,0.0,,-1.0, -1,1988.0,C01,138Â 294Â 113,1.0,0.0,-1.0,1647094,2.0,7,,0.0,2.0,4.0,D01,138Â 294Â 112,1.0
965051,201900006582,10,19,19:30,3,1,1,8.0,4.0,93013,AUTOROUTE A1,M,"48,9402400","2,4227700",93,2019,110.0,1.0,1.0,1.0,2157052,2.0,2,4,2,0.0,,-1.0, -1,1988.0,C01,138Â 294Â 113,1.0,0.0,-1.0,1647095,2.0,7,,0.0,2.0,4.0,C01,138Â 294Â 113,1.0
965051,201900006582,10,19,19:30,3,1,1,8.0,4.0,93013,AUTOROUTE A1,M,"48,9402400","2,4227700",93,2019,110.0,1.0,1.0,1.0,2157052,2.0,2,4,2,0.0,,-1.0, -1,1988.0,C01,138Â 294Â 113,1.0,0.0,-1.0,1647096,2.0,7,,0.0,2.0,4.0,B01,138Â 294Â 114,1.0
965051,201900006582,10,19,19:30,3,1,1,8.0,4.0,93013,AUTOROUTE A1,M,"48,9402400","2,4227700",93,2019,110.0,1.0,1.0,1.0,2157052,2.0,2,4,2,0.0,,-1.0, -1,1988.0,C01,138Â 294Â 113,1.0,0.0,-1.0,1647097,2.0,7,,0.0,2.0,1.0,A01,138Â 294Â 115,1.0
965051,201900006582,10,19,19:30,3,1,1,8.0,4.0,93013,AUTOROUTE A1,M,"48,9402400","2,4227700",93,2019,110.0,1.0,1.0,1.0,2157053,1.0,1,1,1,1.0,,-1.0, -1,1992.0,B01,138Â 294Â 114,1.0,0.0,-1.0,1647094,2.0,7,,0.0,2.0,4.0,D01,138Â 294Â 112,1.0
965051,201900006582,10,19,19:30,3,1,1,8.0,4.0,93013,AUTOROUTE A1,M,"48,9402400","2,4227700",93,2019,110.0,1.0,1.0,1.0,2157053,1.0,1,1,1,1.0,,-1.0, -1,1992.0,B01,138Â 294Â 114,1.0,0.0,-1.0,1647095,2.0,7,,0.0,2.0,4.0,C01,138Â 294Â 113,1.0
965051,201900006582,10,19,19:30,3,1,1,8.0,4.0,93013,AUTOROUTE A1,M,"48,9402400","2,4227700",93,2019,110.0,1.0,1.0,1.0,2157053,1.0,1,1,1,1.0,,-1.0, -1,1992.0,B01,138Â 294Â 114,1.0,0.0,-1.0,1647096,2.0,7,,0.0,2.0,4.0,B01,138Â 294Â 114,1.0
965051,201900006582,10,19,19:30,3,1,1,8.0,4.0,93013,AUTOROUTE A1,M,"48,9402400","2,4227700",93,2019,110.0,1.0,1.0,1.0,2157053,1.0,1,1,1,1.0,,-1.0, -1,1992.0,B01,138Â 294Â 114,1.0,0.0,-1.0,1647097,2.0,7,,0.0,2.0,1.0,A01,138Â 294Â 115,1.0
965051,201900006582,10,19,19:30,3,1,1,8.0,4.0,93013,AUTOROUTE A1,M,"48,9402400","2,4227700",93,2019,110.0,1.0,1.0,1.0,2157054,1.0,1,1,1,1.0,,-1.0, -1,1977.0,A01,138Â 294Â 115,1.0,0.0,-1.0,1647094,2.0,7,,0.0,2.0,4.0,D01,138Â 294Â 112,1.0
965051,201900006582,10,19,19:30,3,1,1,8.0,4.0,93013,AUTOROUTE A1,M,"48,9402400","2,4227700",93,2019,110.0,1.0,1.0,1.0,2157054,1.0,1,1,1,1.0,,-1.0, -1,1977.0,A01,138Â 294Â 115,1.0,0.0,-1.0,1647095,2.0,7,,0.0,2.0,4.0,C01,138Â 294Â 113,1.0
965051,201900006582,10,19,19:30,3,1,1,8.0,4.0,93013,AUTOROUTE A1,M,"48,9402400","2,4227700",93,2019,110.0,1.0,1.0,1.0,2157054,1.0,1,1,1,1.0,,-1.0, -1,1977.0,A01,138Â 294Â 115,1.0,0.0,-1.0,1647096,2.0,7,,0.0,2.0,4.0,B01,138Â 294Â 114,1.0
965051,201900006582,10,19,19:30,3,1,1,8.0,4.0,93013,AUTOROUTE A1,M,"48,9402400","2,4227700",93,2019,110.0,1.0,1.0,1.0,2157054,1.0,1,1,1,1.0,,-1.0, -1,1977.0,A01,138Â 294Â 115,1.0,0.0,-1.0,1647097,2.0,7,,0.0,2.0,1.0,A01,138Â 294Â 115,1.0
965052,201900006583,10,19,13:00,1,1,1,2.0,6.0,93027,AUTOROUTE A86,M,"48,9286000","2,4146600",93,2019,70.0,1.0,2.0,1.0,2157055,1.0,1,4,1,0.0,,-1.0, -1,1999.0,A01,138Â 294Â 111,1.0,0.0,-1.0,1647098,2.0,7,,4.0,0.0,1.0,A01,138Â 294Â 111,1.0
965053,201900006584,10,20,01:20,3,1,1,2.0,6.0,95582,AUTOROUTE A115,M,"48,9833300","2,2409100",95,2019,70.0,1.0,2.0,1.0,2157056,2.0,2,4,2,5.0,,-1.0,0,1998.0,A01,138Â 294Â 110,2.0,0.0,-1.0,1647099,2.0,33,,3.0,2.0,7.0,A01,138Â 294Â 110,1.0
965053,201900006584,10,20,01:20,3,1,1,2.0,6.0,95582,AUTOROUTE A115,M,"48,9833300","2,2409100",95,2019,70.0,1.0,2.0,1.0,2157057,1.0,1,4,1,5.0,,-1.0,0,1995.0,A01,138Â 294Â 110,2.0,4.0,-1.0,1647099,2.0,33,,3.0,2.0,7.0,A01,138Â 294Â 110,1.0
965054,201900006585,10,20,00:10,3,1,1,2.0,6.0,93078,AUTOROUTE A104,M,"48,9607000","2,5245500",93,2019,90.0,1.0,2.0,1.0,2157058,1.0,1,4,2,0.0,,-1.0, -1,1997.0,A01,138Â 294Â 109,1.0,8.0,-1.0,1647100,2.0,7,,4.0,0.0,1.0,A01,138Â 294Â 109,1.0
965055,201900006586,10,20,00:40,3,1,1,2.0,6.0,93027,BDL,M,"48,9269300","2,4034400",93,2019,50.0,1.0,2.0,1.0,2157059,1.0,1,4,2,1.0,,-1.0, -1,1990.0,A01,138Â 294Â 108,1.0,8.0,-1.0,1647101,1.0,7,,3.0,0.0,1.0,A01,138Â 294Â 108,1.0
965056,201900006587,10,19,16:30,1,1,1,1.0,5.0,95678,RN 184,M,"49,0729800","2,2287000",95,2019,110.0,1.0,1.0,2.0,2157060,1.0,1,1,1,5.0,,-1.0, -1,1982.0,C01,138Â 294Â 105,1.0,4.0,-1.0,1647102,2.0,7,,0.0,6.0,3.0,C01,138Â 294Â 105,1.0
965056,201900006587,10,19,16:30,1,1,1,1.0,5.0,95678,RN 184,M,"49,0729800","2,2287000",95,2019,110.0,1.0,1.0,2.0,2157060,1.0,1,1,1,5.0,,-1.0, -1,1982.0,C01,138Â 294Â 105,1.0,4.0,-1.0,1647103,2.0,7,,0.0,2.0,4.0,B01,138Â 294Â 106,1.0
965056,201900006587,10,19,16:30,1,1,1,1.0,5.0,95678,RN 184,M,"49,0729800","2,2287000",95,2019,110.0,1.0,1.0,2.0,2157060,1.0,1,1,1,5.0,,-1.0, -1,1982.0,C01,138Â 294Â 105,1.0,4.0,-1.0,1647104,2.0,33,,1.0,0.0,1.0,A01,138Â 294Â 107,1.0
965056,201900006587,10,19,16:30,1,1,1,1.0,5.0,95678,RN 184,M,"49,0729800","2,2287000",95,2019,110.0,1.0,1.0,2.0,2157061,4.0,2,1,2,5.0,,-1.0, -1,1959.0,B01,138Â 294Â 106,8.0,0.0,-1.0,1647102,2.0,7,,0.0,6.0,3.0,C01,138Â 294Â 105,1.0
965056,201900006587,10,19,16:30,1,1,1,1.0,5.0,95678,RN 184,M,"49,0729800","2,2287000",95,2019,110.0,1.0,1.0,2.0,2157061,4.0,2,1,2,5.0,,-1.0, -1,1959.0,B01,138Â 294Â 106,8.0,0.0,-1.0,1647103,2.0,7,,0.0,2.0,4.0,B01,138Â 294Â 106,1.0