Unnamed: 0_x,num_acc,mois,jour,hrmn,lum,agg,int,atm,col,com,adr,gps,lat,long,dep,annee,vma,situ,surf,catr,Unnamed: 0_y,place,catu,grav,sexe,trajet,secu,locp,actp,an_nais,num_veh_x,id_vehicule_x,secu1,secu2,secu3,Unnamed: 0,senc,catv,occutc,obs,obsm,choc,num_veh_y,id_vehicule_y,motor
965056,201900006587,10,19,16:30,1,1,1,1.0,5.0,95678,RN 184,M,"49,0729800","2,2287000",95,2019,110.0,1.0,1.0,2.0,2157061,4.0,2,1,2,5.0,,-1.0, -1,1959.0,B01,138Â 294Â 106,8.0,0.0,-1.0,1647104,2.0,33,,1.0,0.0,1.0,A01,138Â 294Â 107,1.0
965056,201900006587,10,19,16:30,1,1,1,1.0,5.0,95678,RN 184,M,"49,0729800","2,2287000",95,2019,110.0,1.0,1.0,2.0,2157062,2.0,2,1,2,5.0,,-1.0, -1,1977.0,B01,138Â 294Â 106,8.0,0.0,-1.0,1647102,2.0,7,,0.0,6.0,3.0,C01,138Â 294Â 105,1.0
965056,201900006587,10,19,16:30,1,1,1,1.0,5.0,95678,RN 184,M,"49,0729800","2,2287000",95,2019,110.0,1.0,1.0,2.0,2157062,2.0,2,1,2,5.0,,-1.0, -1,1977.0,B01,138Â 294Â 106,8.0,0.0,-1.0,1647103,2.0,7,,0.0,2.0,4.0,B01,138Â 294Â 106,1.0
965056,201900006587,10,19,16:30,1,1,1,1.0,5.0,95678,RN 184,M,"49,0729800","2,2287000",95,2019,110.0,1.0,1.0,2.0,2157062,2.0,2,1,2,5.0,,-1.0, -1,1977.0,B01,138Â 294Â 106,8.0,0.0,-1.0,1647104,2.0,33,,1.0,0.0,1.0,A01,138Â 294Â 107,1.0
965056,201900006587,10,19,16:30,1,1,1,1.0,5.0,95678,RN 184,M,"49,0729800","2,2287000",95,2019,110.0,1.0,1.0,2.0,2157063,1.0,1,1,2,5.0,,-1.0, -1,1983.0,B01,138Â 294Â 106,1.0,4.0,-1.0,1647102,2.0,7,,0.0,6.0,3.0,C01,138Â 294Â 105,1.0
965056,201900006587,10,19,16:30,1,1,1,1.0,5.0,95678,RN 184,M,"49,0729800","2,2287000",95,2019,110.0,1.0,1.0,2.0,2157063,1.0,1,1,2,5.0,,-1.0, -1,1983.0,B01,138Â 294Â 106,1.0,4.0,-1.0,1647103,2.0,7,,0.0,2.0,4.0,B01,138Â 294Â 106,1.0
965056,201900006587,10,19,16:30,1,1,1,1.0,5.0,95678,RN 184,M,"49,0729800","2,2287000",95,2019,110.0,1.0,1.0,2.0,2157063,1.0,1,1,2,5.0,,-1.0, -1,1983.0,B01,138Â 294Â 106,1.0,4.0,-1.0,1647104,2.0,33,,1.0,0.0,1.0,A01,138Â 294Â 107,1.0
965056,201900006587,10,19,16:30,1,1,1,1.0,5.0,95678,RN 184,M,"49,0729800","2,2287000",95,2019,110.0,1.0,1.0,2.0,2157064,3.0,2,1,2,5.0,,-1.0, -1,1973.0,B01,138Â 294Â 106,8.0,0.0,-1.0,1647102,2.0,7,,0.0,6.0,3.0,C01,138Â 294Â 105,1.0
965056,201900006587,10,19,16:30,1,1,1,1.0,5.0,95678,RN 184,M,"49,0729800","2,2287000",95,2019,110.0,1.0,1.0,2.0,2157064,3.0,2,1,2,5.0,,-1.0, -1,1973.0,B01,138Â 294Â 106,8.0,0.0,-1.0,1647103,2.0,7,,0.0,2.0,4.0,B01,138Â 294Â 106,1.0
965056,201900006587,10,19,16:30,1,1,1,1.0,5.0,95678,RN 184,M,"49,0729800","2,2287000",95,2019,110.0,1.0,1.0,2.0,2157064,3.0,2,1,2,5.0,,-1.0, -1,1973.0,B01,138Â 294Â 106,8.0,0.0,-1.0,1647104,2.0,33,,1.0,0.0,1.0,A01,138Â 294Â 107,1.0
965056,201900006587,10,19,16:30,1,1,1,1.0,5.0,95678,RN 184,M,"49,0729800","2,2287000",95,2019,110.0,1.0,1.0,2.0,2157065,1.0,1,3,1,5.0,,-1.0, -1,1976.0,A01,138Â 294Â 107,2.0,6.0,-1.0,1647102,2.0,7,,0.0,6.0,3.0,C01,138Â 294Â 105,1.0
965056,201900006587,10,19,16:30,1,1,1,1.0,5.0,95678,RN 184,M,"49,0729800","2,2287000",95,2019,110.0,1.0,1.0,2.0,2157065,1.0,1,3,1,5.0,,-1.0, -1,1976.0,A01,138Â 294Â 107,2.0,6.0,-1.0,1647103,2.0,7,,0.0,2.0,4.0,B01,138Â 294Â 106,1.0
965056,201900006587,10,19,16:30,1,1,1,1.0,5.0,95678,RN 184,M,"49,0729800","2,2287000",95,2019,110.0,1.0,1.0,2.0,2157065,1.0,1,3,1,5.0,,-1.0, -1,1976.0,A01,138Â 294Â 107,2.0,6.0,-1.0,1647104,2.0,33,,1.0,0.0,1.0,A01,138Â 294Â 107,1.0
965057,201900006588,10,19,11:00,1,1,1,1.0,2.0,95394,AUTOROUTE A115,M,"49,0508100","2,1816800",95,2019,70.0,1.0,2.0,1.0,2157066,1.0,1,1,1,4.0,,-1.0, -1,1985.0,B01,138Â 294Â 103,1.0,0.0,-1.0,1647105,2.0,10,,0.0,2.0,4.0,B01,138Â 294Â 103,1.0
965057,201900006588,10,19,11:00,1,1,1,1.0,2.0,95394,AUTOROUTE A115,M,"49,0508100","2,1816800",95,2019,70.0,1.0,2.0,1.0,2157066,1.0,1,1,1,4.0,,-1.0, -1,1985.0,B01,138Â 294Â 103,1.0,0.0,-1.0,1647106,2.0,7,,4.0,2.0,1.0,A01,138Â 294Â 104,1.0
965057,201900006588,10,19,11:00,1,1,1,1.0,2.0,95394,AUTOROUTE A115,M,"49,0508100","2,1816800",95,2019,70.0,1.0,2.0,1.0,2157067,2.0,2,4,2,5.0,,-1.0, -1,1962.0,A01,138Â 294Â 104,1.0,0.0,-1.0,1647105,2.0,10,,0.0,2.0,4.0,B01,138Â 294Â 103,1.0
965057,201900006588,10,19,11:00,1,1,1,1.0,2.0,95394,AUTOROUTE A115,M,"49,0508100","2,1816800",95,2019,70.0,1.0,2.0,1.0,2157067,2.0,2,4,2,5.0,,-1.0, -1,1962.0,A01,138Â 294Â 104,1.0,0.0,-1.0,1647106,2.0,7,,4.0,2.0,1.0,A01,138Â 294Â 104,1.0
965057,201900006588,10,19,11:00,1,1,1,1.0,2.0,95394,AUTOROUTE A115,M,"49,0508100","2,1816800",95,2019,70.0,1.0,2.0,1.0,2157068,1.0,1,4,2,5.0,,-1.0, -1,1996.0,A01,138Â 294Â 104,1.0,0.0,-1.0,1647105,2.0,10,,0.0,2.0,4.0,B01,138Â 294Â 103,1.0
965057,201900006588,10,19,11:00,1,1,1,1.0,2.0,95394,AUTOROUTE A115,M,"49,0508100","2,1816800",95,2019,70.0,1.0,2.0,1.0,2157068,1.0,1,4,2,5.0,,-1.0, -1,1996.0,A01,138Â 294Â 104,1.0,0.0,-1.0,1647106,2.0,7,,4.0,2.0,1.0,A01,138Â 294Â 104,1.0
965058,201900006589,10,21,13:30,1,1,1,1.0,6.0,77337,A4,M,"48,8334520","2,5932640",77,2019,110.0,1.0,1.0,1.0,2157069,1.0,1,3,1,1.0,,-1.0, -1,1974.0,A01,138Â 294Â 102,2.0,6.0,-1.0,1647107,2.0,33,,0.0,0.0,0.0,A01,138Â 294Â 102,0.0
965059,201900006590,10,20,13:15,1,1,1,5.0,5.0,77258,A4.Y,M,"48,8298400","2,6251600",77,2019,110.0,1.0,2.0,1.0,2157070,1.0,1,1,1,5.0,,-1.0,0,1981.0,D01,138Â 294Â 098,1.0,0.0,-1.0,1647108,2.0,7,,0.0,9.0,1.0,D01,138Â 294Â 098,3.0
965059,201900006590,10,20,13:15,1,1,1,5.0,5.0,77258,A4.Y,M,"48,8298400","2,6251600",77,2019,110.0,1.0,2.0,1.0,2157070,1.0,1,1,1,5.0,,-1.0,0,1981.0,D01,138Â 294Â 098,1.0,0.0,-1.0,1647109,1.0,7,,0.0,2.0,1.0,C01,138Â 294Â 099,1.0
965059,201900006590,10,20,13:15,1,1,1,5.0,5.0,77258,A4.Y,M,"48,8298400","2,6251600",77,2019,110.0,1.0,2.0,1.0,2157070,1.0,1,1,1,5.0,,-1.0,0,1981.0,D01,138Â 294Â 098,1.0,0.0,-1.0,1647110,1.0,7,,0.0,2.0,4.0,B01,138Â 294Â 100,1.0
965059,201900006590,10,20,13:15,1,1,1,5.0,5.0,77258,A4.Y,M,"48,8298400","2,6251600",77,2019,110.0,1.0,2.0,1.0,2157070,1.0,1,1,1,5.0,,-1.0,0,1981.0,D01,138Â 294Â 098,1.0,0.0,-1.0,1647111,1.0,7,,4.0,2.0,7.0,A01,138Â 294Â 101,1.0
965059,201900006590,10,20,13:15,1,1,1,5.0,5.0,77258,A4.Y,M,"48,8298400","2,6251600",77,2019,110.0,1.0,2.0,1.0,2157071,1.0,1,4,1,5.0,,-1.0,0,1996.0,C01,138Â 294Â 099,1.0,0.0,-1.0,1647108,2.0,7,,0.0,9.0,1.0,D01,138Â 294Â 098,3.0
965059,201900006590,10,20,13:15,1,1,1,5.0,5.0,77258,A4.Y,M,"48,8298400","2,6251600",77,2019,110.0,1.0,2.0,1.0,2157071,1.0,1,4,1,5.0,,-1.0,0,1996.0,C01,138Â 294Â 099,1.0,0.0,-1.0,1647109,1.0,7,,0.0,2.0,1.0,C01,138Â 294Â 099,1.0
965059,201900006590,10,20,13:15,1,1,1,5.0,5.0,77258,A4.Y,M,"48,8298400","2,6251600",77,2019,110.0,1.0,2.0,1.0,2157071,1.0,1,4,1,5.0,,-1.0,0,1996.0,C01,138Â 294Â 099,1.0,0.0,-1.0,1647110,1.0,7,,0.0,2.0,4.0,B01,138Â 294Â 100,1.0
965059,201900006590,10,20,13:15,1,1,1,5.0,5.0,77258,A4.Y,M,"48,8298400","2,6251600",77,2019,110.0,1.0,2.0,1.0,2157071,1.0,1,4,1,5.0,,-1.0,0,1996.0,C01,138Â 294Â 099,1.0,0.0,-1.0,1647111,1.0,7,,4.0,2.0,7.0,A01,138Â 294Â 101,1.0
965059,201900006590,10,20,13:15,1,1,1,5.0,5.0,77258,A4.Y,M,"48,8298400","2,6251600",77,2019,110.0,1.0,2.0,1.0,2157072,1.0,1,1,1,5.0,,-1.0,0,1963.0,B01,138Â 294Â 100,1.0,0.0,-1.0,1647108,2.0,7,,0.0,9.0,1.0,D01,138Â 294Â 098,3.0
965059,201900006590,10,20,13:15,1,1,1,5.0,5.0,77258,A4.Y,M,"48,8298400","2,6251600",77,2019,110.0,1.0,2.0,1.0,2157072,1.0,1,1,1,5.0,,-1.0,0,1963.0,B01,138Â 294Â 100,1.0,0.0,-1.0,1647109,1.0,7,,0.0,2.0,1.0,C01,138Â 294Â 099,1.0
965059,201900006590,10,20,13:15,1,1,1,5.0,5.0,77258,A4.Y,M,"48,8298400","2,6251600",77,2019,110.0,1.0,2.0,1.0,2157072,1.0,1,1,1,5.0,,-1.0,0,1963.0,B01,138Â 294Â 100,1.0,0.0,-1.0,1647110,1.0,7,,0.0,2.0,4.0,B01,138Â 294Â 100,1.0
965059,201900006590,10,20,13:15,1,1,1,5.0,5.0,77258,A4.Y,M,"48,8298400","2,6251600",77,2019,110.0,1.0,2.0,1.0,2157072,1.0,1,1,1,5.0,,-1.0,0,1963.0,B01,138Â 294Â 100,1.0,0.0,-1.0,1647111,1.0,7,,4.0,2.0,7.0,A01,138Â 294Â 101,1.0
965059,201900006590,10,20,13:15,1,1,1,5.0,5.0,77258,A4.Y,M,"48,8298400","2,6251600",77,2019,110.0,1.0,2.0,1.0,2157073,5.0,2,4,1,5.0,,-1.0,0,2019.0,B01,138Â 294Â 100,1.0,0.0,-1.0,1647108,2.0,7,,0.0,9.0,1.0,D01,138Â 294Â 098,3.0
965059,201900006590,10,20,13:15,1,1,1,5.0,5.0,77258,A4.Y,M,"48,8298400","2,6251600",77,2019,110.0,1.0,2.0,1.0,2157073,5.0,2,4,1,5.0,,-1.0,0,2019.0,B01,138Â 294Â 100,1.0,0.0,-1.0,1647109,1.0,7,,0.0,2.0,1.0,C01,138Â 294Â 099,1.0
965059,201900006590,10,20,13:15,1,1,1,5.0,5.0,77258,A4.Y,M,"48,8298400","2,6251600",77,2019,110.0,1.0,2.0,1.0,2157073,5.0,2,4,1,5.0,,-1.0,0,2019.0,B01,138Â 294Â 100,1.0,0.0,-1.0,1647110,1.0,7,,0.0,2.0,4.0,B01,138Â 294Â 100,1.0
965059,201900006590,10,20,13:15,1,1,1,5.0,5.0,77258,A4.Y,M,"48,8298400","2,6251600",77,2019,110.0,1.0,2.0,1.0,2157073,5.0,2,4,1,5.0,,-1.0,0,2019.0,B01,138Â 294Â 100,1.0,0.0,-1.0,1647111,1.0,7,,4.0,2.0,7.0,A01,138Â 294Â 101,1.0
965059,201900006590,10,20,13:15,1,1,1,5.0,5.0,77258,A4.Y,M,"48,8298400","2,6251600",77,2019,110.0,1.0,2.0,1.0,2157074,2.0,2,4,2,5.0,,-1.0,0,1980.0,B01,138Â 294Â 100,1.0,0.0,-1.0,1647108,2.0,7,,0.0,9.0,1.0,D01,138Â 294Â 098,3.0
965059,201900006590,10,20,13:15,1,1,1,5.0,5.0,77258,A4.Y,M,"48,8298400","2,6251600",77,2019,110.0,1.0,2.0,1.0,2157074,2.0,2,4,2,5.0,,-1.0,0,1980.0,B01,138Â 294Â 100,1.0,0.0,-1.0,1647109,1.0,7,,0.0,2.0,1.0,C01,138Â 294Â 099,1.0
965059,201900006590,10,20,13:15,1,1,1,5.0,5.0,77258,A4.Y,M,"48,8298400","2,6251600",77,2019,110.0,1.0,2.0,1.0,2157074,2.0,2,4,2,5.0,,-1.0,0,1980.0,B01,138Â 294Â 100,1.0,0.0,-1.0,1647110,1.0,7,,0.0,2.0,4.0,B01,138Â 294Â 100,1.0
965059,201900006590,10,20,13:15,1,1,1,5.0,5.0,77258,A4.Y,M,"48,8298400","2,6251600",77,2019,110.0,1.0,2.0,1.0,2157074,2.0,2,4,2,5.0,,-1.0,0,1980.0,B01,138Â 294Â 100,1.0,0.0,-1.0,1647111,1.0,7,,4.0,2.0,7.0,A01,138Â 294Â 101,1.0
965059,201900006590,10,20,13:15,1,1,1,5.0,5.0,77258,A4.Y,M,"48,8298400","2,6251600",77,2019,110.0,1.0,2.0,1.0,2157075,1.0,1,4,2,5.0,,-1.0, -1,1987.0,A01,138Â 294Â 101,1.0,0.0,-1.0,1647108,2.0,7,,0.0,9.0,1.0,D01,138Â 294Â 098,3.0
965059,201900006590,10,20,13:15,1,1,1,5.0,5.0,77258,A4.Y,M,"48,8298400","2,6251600",77,2019,110.0,1.0,2.0,1.0,2157075,1.0,1,4,2,5.0,,-1.0, -1,1987.0,A01,138Â 294Â 101,1.0,0.0,-1.0,1647109,1.0,7,,0.0,2.0,1.0,C01,138Â 294Â 099,1.0
965059,201900006590,10,20,13:15,1,1,1,5.0,5.0,77258,A4.Y,M,"48,8298400","2,6251600",77,2019,110.0,1.0,2.0,1.0,2157075,1.0,1,4,2,5.0,,-1.0, -1,1987.0,A01,138Â 294Â 101,1.0,0.0,-1.0,1647110,1.0,7,,0.0,2.0,4.0,B01,138Â 294Â 100,1.0
965059,201900006590,10,20,13:15,1,1,1,5.0,5.0,77258,A4.Y,M,"48,8298400","2,6251600",77,2019,110.0,1.0,2.0,1.0,2157075,1.0,1,4,2,5.0,,-1.0, -1,1987.0,A01,138Â 294Â 101,1.0,0.0,-1.0,1647111,1.0,7,,4.0,2.0,7.0,A01,138Â 294Â 101,1.0
965059,201900006590,10,20,13:15,1,1,1,5.0,5.0,77258,A4.Y,M,"48,8298400","2,6251600",77,2019,110.0,1.0,2.0,1.0,2157076,2.0,2,4,2,5.0,,-1.0,0,2000.0,A01,138Â 294Â 101,1.0,8.0,-1.0,1647108,2.0,7,,0.0,9.0,1.0,D01,138Â 294Â 098,3.0
965059,201900006590,10,20,13:15,1,1,1,5.0,5.0,77258,A4.Y,M,"48,8298400","2,6251600",77,2019,110.0,1.0,2.0,1.0,2157076,2.0,2,4,2,5.0,,-1.0,0,2000.0,A01,138Â 294Â 101,1.0,8.0,-1.0,1647109,1.0,7,,0.0,2.0,1.0,C01,138Â 294Â 099,1.0
965059,201900006590,10,20,13:15,1,1,1,5.0,5.0,77258,A4.Y,M,"48,8298400","2,6251600",77,2019,110.0,1.0,2.0,1.0,2157076,2.0,2,4,2,5.0,,-1.0,0,2000.0,A01,138Â 294Â 101,1.0,8.0,-1.0,1647110,1.0,7,,0.0,2.0,4.0,B01,138Â 294Â 100,1.0
965059,201900006590,10,20,13:15,1,1,1,5.0,5.0,77258,A4.Y,M,"48,8298400","2,6251600",77,2019,110.0,1.0,2.0,1.0,2157076,2.0,2,4,2,5.0,,-1.0,0,2000.0,A01,138Â 294Â 101,1.0,8.0,-1.0,1647111,1.0,7,,4.0,2.0,7.0,A01,138Â 294Â 101,1.0
965060,201900006591,10,20,16:25,1,2,1,1.0,7.0,97416,PECHE-CAVALE (IMPASSE),M," -21,3504200","55,4842300",974,2019,50.0,1.0,1.0,4.0,2157077,1.0,1,4,1,0.0,,-1.0,0,1957.0,A01,138Â 294Â 097,8.0,0.0,-1.0,1647112,3.0,30,,0.0,1.0,1.0,A01,138Â 294Â 097,1.0
965060,201900006591,10,20,16:25,1,2,1,1.0,7.0,97416,PECHE-CAVALE (IMPASSE),M," -21,3504200","55,4842300",974,2019,50.0,1.0,1.0,4.0,2157078,10.0,3,4,1,0.0,,9.0,5,2011.0,A01,138Â 294Â 097,8.0,0.0,-1.0,1647112,3.0,30,,0.0,1.0,1.0,A01,138Â 294Â 097,1.0
965061,201900006592,10,19,22:57,5,2,1,1.0,3.0,97302,MONTABO (ROUTE DE) 2,M,"4,9396911"," -52,3012573",973,2019,50.0,1.0,1.0,3.0,2157079,2.0,2,1,1,0.0,,-1.0, -1,1993.0,A01,138Â 294Â 095,1.0,0.0,-1.0,1647113,1.0,7,,0.0,2.0,2.0,A01,138Â 294Â 095,1.0
965061,201900006592,10,19,22:57,5,2,1,1.0,3.0,97302,MONTABO (ROUTE DE) 2,M,"4,9396911"," -52,3012573",973,2019,50.0,1.0,1.0,3.0,2157079,2.0,2,1,1,0.0,,-1.0, -1,1993.0,A01,138Â 294Â 095,1.0,0.0,-1.0,1647114,1.0,7,,0.0,2.0,1.0,B01,138Â 294Â 096,1.0
965061,201900006592,10,19,22:57,5,2,1,1.0,3.0,97302,MONTABO (ROUTE DE) 2,M,"4,9396911"," -52,3012573",973,2019,50.0,1.0,1.0,3.0,2157080,1.0,1,1,1,0.0,,-1.0,0,1960.0,A01,138Â 294Â 095,1.0,0.0,-1.0,1647113,1.0,7,,0.0,2.0,2.0,A01,138Â 294Â 095,1.0
965061,201900006592,10,19,22:57,5,2,1,1.0,3.0,97302,MONTABO (ROUTE DE) 2,M,"4,9396911"," -52,3012573",973,2019,50.0,1.0,1.0,3.0,2157080,1.0,1,1,1,0.0,,-1.0,0,1960.0,A01,138Â 294Â 095,1.0,0.0,-1.0,1647114,1.0,7,,0.0,2.0,1.0,B01,138Â 294Â 096,1.0
965061,201900006592,10,19,22:57,5,2,1,1.0,3.0,97302,MONTABO (ROUTE DE) 2,M,"4,9396911"," -52,3012573",973,2019,50.0,1.0,1.0,3.0,2157081,4.0,2,4,2,0.0,,-1.0,0,1999.0,B01,138Â 294Â 096,1.0,0.0,-1.0,1647113,1.0,7,,0.0,2.0,2.0,A01,138Â 294Â 095,1.0
965061,201900006592,10,19,22:57,5,2,1,1.0,3.0,97302,MONTABO (ROUTE DE) 2,M,"4,9396911"," -52,3012573",973,2019,50.0,1.0,1.0,3.0,2157081,4.0,2,4,2,0.0,,-1.0,0,1999.0,B01,138Â 294Â 096,1.0,0.0,-1.0,1647114,1.0,7,,0.0,2.0,1.0,B01,138Â 294Â 096,1.0
965061,201900006592,10,19,22:57,5,2,1,1.0,3.0,97302,MONTABO (ROUTE DE) 2,M,"4,9396911"," -52,3012573",973,2019,50.0,1.0,1.0,3.0,2157082,2.0,2,4,2,9.0,,-1.0,0,1997.0,B01,138Â 294Â 096,1.0,0.0,-1.0,1647113,1.0,7,,0.0,2.0,2.0,A01,138Â 294Â 095,1.0
965061,201900006592,10,19,22:57,5,2,1,1.0,3.0,97302,MONTABO (ROUTE DE) 2,M,"4,9396911"," -52,3012573",973,2019,50.0,1.0,1.0,3.0,2157082,2.0,2,4,2,9.0,,-1.0,0,1997.0,B01,138Â 294Â 096,1.0,0.0,-1.0,1647114,1.0,7,,0.0,2.0,1.0,B01,138Â 294Â 096,1.0
965061,201900006592,10,19,22:57,5,2,1,1.0,3.0,97302,MONTABO (ROUTE DE) 2,M,"4,9396911"," -52,3012573",973,2019,50.0,1.0,1.0,3.0,2157083,5.0,2,1,1,0.0,,-1.0,0,2000.0,B01,138Â 294Â 096,1.0,0.0,-1.0,1647113,1.0,7,,0.0,2.0,2.0,A01,138Â 294Â 095,1.0
965061,201900006592,10,19,22:57,5,2,1,1.0,3.0,97302,MONTABO (ROUTE DE) 2,M,"4,9396911"," -52,3012573",973,2019,50.0,1.0,1.0,3.0,2157083,5.0,2,1,1,0.0,,-1.0,0,2000.0,B01,138Â 294Â 096,1.0,0.0,-1.0,1647114,1.0,7,,0.0,2.0,1.0,B01,138Â 294Â 096,1.0
965061,201900006592,10,19,22:57,5,2,1,1.0,3.0,97302,MONTABO (ROUTE DE) 2,M,"4,9396911"," -52,3012573",973,2019,50.0,1.0,1.0,3.0,2157084,3.0,2,1,1,0.0,,-1.0,0,1999.0,B01,138Â 294Â 096,1.0,0.0,-1.0,1647113,1.0,7,,0.0,2.0,2.0,A01,138Â 294Â 095,1.0
965061,201900006592,10,19,22:57,5,2,1,1.0,3.0,97302,MONTABO (ROUTE DE) 2,M,"4,9396911"," -52,3012573",973,2019,50.0,1.0,1.0,3.0,2157084,3.0,2,1,1,0.0,,-1.0,0,1999.0,B01,138Â 294Â 096,1.0,0.0,-1.0,1647114,1.0,7,,0.0,2.0,1.0,B01,138Â 294Â 096,1.0
965061,201900006592,10,19,22:57,5,2,1,1.0,3.0,97302,MONTABO (ROUTE DE) 2,M,"4,9396911"," -52,3012573",973,2019,50.0,1.0,1.0,3.0,2157085,1.0,1,1,1,9.0,,-1.0,0,1996.0,B01,138Â 294Â 096,1.0,0.0,-1.0,1647113,1.0,7,,0.0,2.0,2.0,A01,138Â 294Â 095,1.0
965061,201900006592,10,19,22:57,5,2,1,1.0,3.0,97302,MONTABO (ROUTE DE) 2,M,"4,9396911"," -52,3012573",973,2019,50.0,1.0,1.0,3.0,2157085,1.0,1,1,1,9.0,,-1.0,0,1996.0,B01,138Â 294Â 096,1.0,0.0,-1.0,1647114,1.0,7,,0.0,2.0,1.0,B01,138Â 294Â 096,1.0
965062,201900006593,10,20,17:10,1,2,3,2.0,2.0,69387,CHALLEMEL LACOUR                    (R ),M,"45,7295300","4,8436400",69,2019,50.0,1.0,2.0,4.0,2157086,1.0,1,1,1,0.0,,-1.0, -1,1953.0,A01,138Â 294Â 093,1.0,0.0,-1.0,1647115,3.0,7,,0.0,2.0,6.0,A01,138Â 294Â 093,1.0
965062,201900006593,10,20,17:10,1,2,3,2.0,2.0,69387,CHALLEMEL LACOUR                    (R ),M,"45,7295300","4,8436400",69,2019,50.0,1.0,2.0,4.0,2157086,1.0,1,1,1,0.0,,-1.0, -1,1953.0,A01,138Â 294Â 093,1.0,0.0,-1.0,1647116,1.0,31,,0.0,2.0,1.0,B01,138Â 294Â 094,1.0
965062,201900006593,10,20,17:10,1,2,3,2.0,2.0,69387,CHALLEMEL LACOUR                    (R ),M,"45,7295300","4,8436400",69,2019,50.0,1.0,2.0,4.0,2157087,1.0,1,3,1,0.0,,-1.0, -1,1960.0,B01,138Â 294Â 094,2.0,8.0,-1.0,1647115,3.0,7,,0.0,2.0,6.0,A01,138Â 294Â 093,1.0
965062,201900006593,10,20,17:10,1,2,3,2.0,2.0,69387,CHALLEMEL LACOUR                    (R ),M,"45,7295300","4,8436400",69,2019,50.0,1.0,2.0,4.0,2157087,1.0,1,3,1,0.0,,-1.0, -1,1960.0,B01,138Â 294Â 094,2.0,8.0,-1.0,1647116,1.0,31,,0.0,2.0,1.0,B01,138Â 294Â 094,1.0
965063,201900006594,10,20,01:40,5,2,1,1.0,2.0,69386,SEZE (DE)                           (R ),M,"45,7683000","4,8477500",69,2019,50.0,2.0,1.0,4.0,2157088,1.0,1,4,1,0.0,,-1.0, -1,1990.0,B01,138Â 294Â 092,8.0,0.0,-1.0,1647117,1.0,7,,0.0,9.0,1.0,A01,138Â 294Â 091,0.0
965063,201900006594,10,20,01:40,5,2,1,1.0,2.0,69386,SEZE (DE)                           (R ),M,"45,7683000","4,8477500",69,2019,50.0,2.0,1.0,4.0,2157088,1.0,1,4,1,0.0,,-1.0, -1,1990.0,B01,138Â 294Â 092,8.0,0.0,-1.0,1647118,1.0,1,,0.0,2.0,0.0,B01,138Â 294Â 092,0.0
965064,201900006595,10,20,13:00,1,1,1,1.0,3.0,97213,DEPARTEMENTALE 28,M,"14,6255300"," -60,9728700",972,2019,70.0,1.0,1.0,3.0,2157089,1.0,1,1,1,5.0,,-1.0,0,1965.0,B01,138Â 294Â 089,1.0,0.0,-1.0,1647119,1.0,7,,0.0,2.0,3.0,B01,138Â 294Â 089,1.0
965064,201900006595,10,20,13:00,1,1,1,1.0,3.0,97213,DEPARTEMENTALE 28,M,"14,6255300"," -60,9728700",972,2019,70.0,1.0,1.0,3.0,2157089,1.0,1,1,1,5.0,,-1.0,0,1965.0,B01,138Â 294Â 089,1.0,0.0,-1.0,1647120,1.0,33,,0.0,2.0,1.0,A01,138Â 294Â 090,1.0
965064,201900006595,10,20,13:00,1,1,1,1.0,3.0,97213,DEPARTEMENTALE 28,M,"14,6255300"," -60,9728700",972,2019,70.0,1.0,1.0,3.0,2157090,1.0,1,3,2,5.0,,-1.0,0,1992.0,A01,138Â 294Â 090,2.0,6.0,-1.0,1647119,1.0,7,,0.0,2.0,3.0,B01,138Â 294Â 089,1.0
965064,201900006595,10,20,13:00,1,1,1,1.0,3.0,97213,DEPARTEMENTALE 28,M,"14,6255300"," -60,9728700",972,2019,70.0,1.0,1.0,3.0,2157090,1.0,1,3,2,5.0,,-1.0,0,1992.0,A01,138Â 294Â 090,2.0,6.0,-1.0,1647120,1.0,33,,0.0,2.0,1.0,A01,138Â 294Â 090,1.0
965065,201900006596,10,20,08:00,1,2,2,1.0,6.0,97209,PAPIN DUPONT (RUE),M,"14,6068800"," -61,0681100",972,2019,50.0,1.0,1.0,4.0,2157091,10.0,3,3,2,0.0,,4.0,3,1962.0,A01,138Â 294Â 088,8.0,0.0,-1.0,1647121,0.0,7,,0.0,1.0,1.0,A01,138Â 294Â 088,1.0
965065,201900006596,10,20,08:00,1,2,2,1.0,6.0,97209,PAPIN DUPONT (RUE),M,"14,6068800"," -61,0681100",972,2019,50.0,1.0,1.0,4.0,2157092,1.0,1,1,2,0.0,,0.0,0,1951.0,A01,138Â 294Â 088,1.0,0.0,-1.0,1647121,0.0,7,,0.0,1.0,1.0,A01,138Â 294Â 088,1.0
965066,201900006597,10,20,05:50,1,2,1,1.0,6.0,97209,DOROTHY (ROUTE DE),M,"14,6124400"," -61,0447600",972,2019,50.0,1.0,2.0,4.0,2157093,1.0,1,1,2,9.0,,0.0,0,1999.0,A01,138Â 294Â 087,8.0,5.0,-1.0,1647122,2.0,7,,12.0,1.0,2.0,A01,138Â 294Â 087,1.0