Unnamed: 0_x,num_acc,mois,jour,hrmn,lum,agg,int,atm,col,com,adr,gps,lat,long,dep,annee,vma,situ,surf,catr,Unnamed: 0_y,place,catu,grav,sexe,trajet,secu,locp,actp,an_nais,num_veh_x,id_vehicule_x,secu1,secu2,secu3,Unnamed: 0,senc,catv,occutc,obs,obsm,choc,num_veh_y,id_vehicule_y,motor
965066,201900006597,10,20,05:50,1,2,1,1.0,6.0,97209,DOROTHY (ROUTE DE),M,"14,6124400"," -61,0447600",972,2019,50.0,1.0,2.0,4.0,2157094,10.0,3,3,1,5.0,,5.0,1,2007.0,A01,138Â 294Â 087,8.0,0.0,-1.0,1647122,2.0,7,,12.0,1.0,2.0,A01,138Â 294Â 087,1.0
965066,201900006597,10,20,05:50,1,2,1,1.0,6.0,97209,DOROTHY (ROUTE DE),M,"14,6124400"," -61,0447600",972,2019,50.0,1.0,2.0,4.0,2157095,2.0,2,1,2,5.0,,-1.0, -1,1979.0,A01,138Â 294Â 087,8.0,5.0,-1.0,1647122,2.0,7,,12.0,1.0,2.0,A01,138Â 294Â 087,1.0
965067,201900006598,10,20,13:00,1,2,2,2.0,4.0,69389,BARTHELEMY BUYER                    (AV),M,"45,7636300","4,7956000",69,2019,50.0,1.0,2.0,4.0,2157096,2.0,2,4,2,5.0,,-1.0, -1,1978.0,C01,138Â 294Â 084,8.0,0.0,-1.0,1647123,1.0,7,,0.0,2.0,4.0,C01,138Â 294Â 084,1.0
965067,201900006598,10,20,13:00,1,2,2,2.0,4.0,69389,BARTHELEMY BUYER                    (AV),M,"45,7636300","4,7956000",69,2019,50.0,1.0,2.0,4.0,2157096,2.0,2,4,2,5.0,,-1.0, -1,1978.0,C01,138Â 294Â 084,8.0,0.0,-1.0,1647124,1.0,7,,0.0,2.0,4.0,B01,138Â 294Â 085,1.0
965067,201900006598,10,20,13:00,1,2,2,2.0,4.0,69389,BARTHELEMY BUYER                    (AV),M,"45,7636300","4,7956000",69,2019,50.0,1.0,2.0,4.0,2157096,2.0,2,4,2,5.0,,-1.0, -1,1978.0,C01,138Â 294Â 084,8.0,0.0,-1.0,1647125,1.0,7,,0.0,2.0,1.0,A01,138Â 294Â 086,1.0
965067,201900006598,10,20,13:00,1,2,2,2.0,4.0,69389,BARTHELEMY BUYER                    (AV),M,"45,7636300","4,7956000",69,2019,50.0,1.0,2.0,4.0,2157097,1.0,1,4,1,5.0,,-1.0, -1,1978.0,C01,138Â 294Â 084,8.0,0.0,-1.0,1647123,1.0,7,,0.0,2.0,4.0,C01,138Â 294Â 084,1.0
965067,201900006598,10,20,13:00,1,2,2,2.0,4.0,69389,BARTHELEMY BUYER                    (AV),M,"45,7636300","4,7956000",69,2019,50.0,1.0,2.0,4.0,2157097,1.0,1,4,1,5.0,,-1.0, -1,1978.0,C01,138Â 294Â 084,8.0,0.0,-1.0,1647124,1.0,7,,0.0,2.0,4.0,B01,138Â 294Â 085,1.0
965067,201900006598,10,20,13:00,1,2,2,2.0,4.0,69389,BARTHELEMY BUYER                    (AV),M,"45,7636300","4,7956000",69,2019,50.0,1.0,2.0,4.0,2157097,1.0,1,4,1,5.0,,-1.0, -1,1978.0,C01,138Â 294Â 084,8.0,0.0,-1.0,1647125,1.0,7,,0.0,2.0,1.0,A01,138Â 294Â 086,1.0
965067,201900006598,10,20,13:00,1,2,2,2.0,4.0,69389,BARTHELEMY BUYER                    (AV),M,"45,7636300","4,7956000",69,2019,50.0,1.0,2.0,4.0,2157098,1.0,1,1,1,5.0,,-1.0, -1,1958.0,B01,138Â 294Â 085,1.0,0.0,-1.0,1647123,1.0,7,,0.0,2.0,4.0,C01,138Â 294Â 084,1.0
965067,201900006598,10,20,13:00,1,2,2,2.0,4.0,69389,BARTHELEMY BUYER                    (AV),M,"45,7636300","4,7956000",69,2019,50.0,1.0,2.0,4.0,2157098,1.0,1,1,1,5.0,,-1.0, -1,1958.0,B01,138Â 294Â 085,1.0,0.0,-1.0,1647124,1.0,7,,0.0,2.0,4.0,B01,138Â 294Â 085,1.0
965067,201900006598,10,20,13:00,1,2,2,2.0,4.0,69389,BARTHELEMY BUYER                    (AV),M,"45,7636300","4,7956000",69,2019,50.0,1.0,2.0,4.0,2157098,1.0,1,1,1,5.0,,-1.0, -1,1958.0,B01,138Â 294Â 085,1.0,0.0,-1.0,1647125,1.0,7,,0.0,2.0,1.0,A01,138Â 294Â 086,1.0
965067,201900006598,10,20,13:00,1,2,2,2.0,4.0,69389,BARTHELEMY BUYER                    (AV),M,"45,7636300","4,7956000",69,2019,50.0,1.0,2.0,4.0,2157099,1.0,1,1,1,5.0,,-1.0, -1,1997.0,A01,138Â 294Â 086,8.0,0.0,-1.0,1647123,1.0,7,,0.0,2.0,4.0,C01,138Â 294Â 084,1.0
965067,201900006598,10,20,13:00,1,2,2,2.0,4.0,69389,BARTHELEMY BUYER                    (AV),M,"45,7636300","4,7956000",69,2019,50.0,1.0,2.0,4.0,2157099,1.0,1,1,1,5.0,,-1.0, -1,1997.0,A01,138Â 294Â 086,8.0,0.0,-1.0,1647124,1.0,7,,0.0,2.0,4.0,B01,138Â 294Â 085,1.0
965067,201900006598,10,20,13:00,1,2,2,2.0,4.0,69389,BARTHELEMY BUYER                    (AV),M,"45,7636300","4,7956000",69,2019,50.0,1.0,2.0,4.0,2157099,1.0,1,1,1,5.0,,-1.0, -1,1997.0,A01,138Â 294Â 086,8.0,0.0,-1.0,1647125,1.0,7,,0.0,2.0,1.0,A01,138Â 294Â 086,1.0
965067,201900006598,10,20,13:00,1,2,2,2.0,4.0,69389,BARTHELEMY BUYER                    (AV),M,"45,7636300","4,7956000",69,2019,50.0,1.0,2.0,4.0,2157100,2.0,2,1,1,5.0,,-1.0, -1,2004.0,A01,138Â 294Â 086,1.0,0.0,-1.0,1647123,1.0,7,,0.0,2.0,4.0,C01,138Â 294Â 084,1.0
965067,201900006598,10,20,13:00,1,2,2,2.0,4.0,69389,BARTHELEMY BUYER                    (AV),M,"45,7636300","4,7956000",69,2019,50.0,1.0,2.0,4.0,2157100,2.0,2,1,1,5.0,,-1.0, -1,2004.0,A01,138Â 294Â 086,1.0,0.0,-1.0,1647124,1.0,7,,0.0,2.0,4.0,B01,138Â 294Â 085,1.0
965067,201900006598,10,20,13:00,1,2,2,2.0,4.0,69389,BARTHELEMY BUYER                    (AV),M,"45,7636300","4,7956000",69,2019,50.0,1.0,2.0,4.0,2157100,2.0,2,1,1,5.0,,-1.0, -1,2004.0,A01,138Â 294Â 086,1.0,0.0,-1.0,1647125,1.0,7,,0.0,2.0,1.0,A01,138Â 294Â 086,1.0
965068,201900006599,10,17,20:15,5,2,3,2.0,3.0,69389,ST CYR (DE)                         (R ),M,"45,7861200","4,8079800",69,2019,50.0,1.0,2.0,4.0,2157101,1.0,1,1,1,9.0,,-1.0, -1,1998.0,B01,138Â 294Â 082,1.0,0.0,-1.0,1647126,1.0,7,,0.0,2.0,8.0,B01,138Â 294Â 082,1.0
965068,201900006599,10,17,20:15,5,2,3,2.0,3.0,69389,ST CYR (DE)                         (R ),M,"45,7861200","4,8079800",69,2019,50.0,1.0,2.0,4.0,2157101,1.0,1,1,1,9.0,,-1.0, -1,1998.0,B01,138Â 294Â 082,1.0,0.0,-1.0,1647127,1.0,31,,0.0,2.0,1.0,A01,138Â 294Â 083,1.0
965068,201900006599,10,17,20:15,5,2,3,2.0,3.0,69389,ST CYR (DE)                         (R ),M,"45,7861200","4,8079800",69,2019,50.0,1.0,2.0,4.0,2157102,1.0,1,1,2,9.0,,-1.0, -1,1999.0,A01,138Â 294Â 083,2.0,6.0,-1.0,1647126,1.0,7,,0.0,2.0,8.0,B01,138Â 294Â 082,1.0
965068,201900006599,10,17,20:15,5,2,3,2.0,3.0,69389,ST CYR (DE)                         (R ),M,"45,7861200","4,8079800",69,2019,50.0,1.0,2.0,4.0,2157102,1.0,1,1,2,9.0,,-1.0, -1,1999.0,A01,138Â 294Â 083,2.0,6.0,-1.0,1647127,1.0,31,,0.0,2.0,1.0,A01,138Â 294Â 083,1.0
965068,201900006599,10,17,20:15,5,2,3,2.0,3.0,69389,ST CYR (DE)                         (R ),M,"45,7861200","4,8079800",69,2019,50.0,1.0,2.0,4.0,2157103,2.0,2,4,2,9.0,,-1.0, -1,1999.0,A01,138Â 294Â 083,2.0,6.0,-1.0,1647126,1.0,7,,0.0,2.0,8.0,B01,138Â 294Â 082,1.0
965068,201900006599,10,17,20:15,5,2,3,2.0,3.0,69389,ST CYR (DE)                         (R ),M,"45,7861200","4,8079800",69,2019,50.0,1.0,2.0,4.0,2157103,2.0,2,4,2,9.0,,-1.0, -1,1999.0,A01,138Â 294Â 083,2.0,6.0,-1.0,1647127,1.0,31,,0.0,2.0,1.0,A01,138Â 294Â 083,1.0
965069,201900006600,10,20,07:40,1,1,1,8.0,6.0,97113,Chemin de la BOUAYE,M,"16,2249900"," -61,4902900",971,2019,50.0,1.0,2.0,4.0,2157104,10.0,3,3,1,0.0,,6.0,2,1965.0,A01,138Â 294Â 081,8.0,0.0,-1.0,1647128,3.0,7,,13.0,1.0,2.0,A01,138Â 294Â 081,1.0
965069,201900006600,10,20,07:40,1,1,1,8.0,6.0,97113,Chemin de la BOUAYE,M,"16,2249900"," -61,4902900",971,2019,50.0,1.0,2.0,4.0,2157105,4.0,2,1,1,5.0,,-1.0, -1,1981.0,A01,138Â 294Â 081,1.0,8.0,-1.0,1647128,3.0,7,,13.0,1.0,2.0,A01,138Â 294Â 081,1.0
965070,201900006601,10,21,00:25,4,1,6,1.0,6.0,2A004,T21,M,"41,9274565","8,7784417",2A,2019,70.0,1.0,1.0,2.0,2157106,1.0,1,2,1,0.0,,-1.0, -1,1984.0,A01,138Â 294Â 080,1.0,0.0,-1.0,1647129,1.0,7,,9.0,0.0,1.0,A01,138Â 294Â 080,1.0
965071,201900006602,10,20,20:00,5,2,6,2.0,2.0,95219,GENERAL LECLERC (RUE DU),M,"48,9799179","2,2703158",95,2019,50.0,1.0,2.0,3.0,2157107,1.0,1,1,1,5.0,,-1.0, -1,1999.0,A01,138Â 294Â 079,2.0,8.0,-1.0,1647130,1.0,7,,0.0,2.0,1.0,B01,138Â 294Â 078,0.0
965071,201900006602,10,20,20:00,5,2,6,2.0,2.0,95219,GENERAL LECLERC (RUE DU),M,"48,9799179","2,2703158",95,2019,50.0,1.0,2.0,3.0,2157107,1.0,1,1,1,5.0,,-1.0, -1,1999.0,A01,138Â 294Â 079,2.0,8.0,-1.0,1647131,1.0,33,,0.0,2.0,4.0,A01,138Â 294Â 079,1.0
965071,201900006602,10,20,20:00,5,2,6,2.0,2.0,95219,GENERAL LECLERC (RUE DU),M,"48,9799179","2,2703158",95,2019,50.0,1.0,2.0,3.0,2157108,2.0,2,4,2,5.0,,-1.0,0,1998.0,A01,138Â 294Â 079,2.0,0.0,-1.0,1647130,1.0,7,,0.0,2.0,1.0,B01,138Â 294Â 078,0.0
965071,201900006602,10,20,20:00,5,2,6,2.0,2.0,95219,GENERAL LECLERC (RUE DU),M,"48,9799179","2,2703158",95,2019,50.0,1.0,2.0,3.0,2157108,2.0,2,4,2,5.0,,-1.0,0,1998.0,A01,138Â 294Â 079,2.0,0.0,-1.0,1647131,1.0,33,,0.0,2.0,4.0,A01,138Â 294Â 079,1.0
965072,201900006603,10,19,23:10,5,2,1,2.0,7.0,95428,VERDUN ( RUE DE),M,"48,9963840","2,3247170",95,2019,50.0,4.0,2.0,3.0,2157109,2.0,2,4,1,5.0,,-1.0, -1,1980.0,A01,138Â 294Â 077,1.0,0.0,-1.0,1647132,2.0,7,,2.0,0.0,1.0,A01,138Â 294Â 077,1.0
965072,201900006603,10,19,23:10,5,2,1,2.0,7.0,95428,VERDUN ( RUE DE),M,"48,9963840","2,3247170",95,2019,50.0,4.0,2.0,3.0,2157110,1.0,1,4,2,5.0,,-1.0, -1,1979.0,A01,138Â 294Â 077,1.0,0.0,-1.0,1647132,2.0,7,,2.0,0.0,1.0,A01,138Â 294Â 077,1.0
965072,201900006603,10,19,23:10,5,2,1,2.0,7.0,95428,VERDUN ( RUE DE),M,"48,9963840","2,3247170",95,2019,50.0,4.0,2.0,3.0,2157111,3.0,2,4,1,5.0,,-1.0, -1,1994.0,A01,138Â 294Â 077,1.0,0.0,-1.0,1647132,2.0,7,,2.0,0.0,1.0,A01,138Â 294Â 077,1.0
965072,201900006603,10,19,23:10,5,2,1,2.0,7.0,95428,VERDUN ( RUE DE),M,"48,9963840","2,3247170",95,2019,50.0,4.0,2.0,3.0,2157112,4.0,2,4,2,5.0,,-1.0, -1,1996.0,A01,138Â 294Â 077,1.0,0.0,-1.0,1647132,2.0,7,,2.0,0.0,1.0,A01,138Â 294Â 077,1.0
965073,201900006604,10,20,18:45,5,2,3,2.0,2.0,91589,GRAND VAUX (RUE DE),M,"48,6755940","2,3359440",91,2019,50.0,1.0,2.0,3.0,2157113,1.0,1,4,2,5.0,,0.0,0,1988.0,B01,138Â 294Â 075,8.0,0.0,-1.0,1647133,0.0,7,,0.0,2.0,5.0,B01,138Â 294Â 075,1.0
965073,201900006604,10,20,18:45,5,2,3,2.0,2.0,91589,GRAND VAUX (RUE DE),M,"48,6755940","2,3359440",91,2019,50.0,1.0,2.0,3.0,2157113,1.0,1,4,2,5.0,,0.0,0,1988.0,B01,138Â 294Â 075,8.0,0.0,-1.0,1647134,0.0,7,,0.0,2.0,1.0,A01,138Â 294Â 076,1.0
965073,201900006604,10,20,18:45,5,2,3,2.0,2.0,91589,GRAND VAUX (RUE DE),M,"48,6755940","2,3359440",91,2019,50.0,1.0,2.0,3.0,2157114,3.0,2,4,2,5.0,,0.0,0,2011.0,B01,138Â 294Â 075,8.0,0.0,-1.0,1647133,0.0,7,,0.0,2.0,5.0,B01,138Â 294Â 075,1.0
965073,201900006604,10,20,18:45,5,2,3,2.0,2.0,91589,GRAND VAUX (RUE DE),M,"48,6755940","2,3359440",91,2019,50.0,1.0,2.0,3.0,2157114,3.0,2,4,2,5.0,,0.0,0,2011.0,B01,138Â 294Â 075,8.0,0.0,-1.0,1647134,0.0,7,,0.0,2.0,1.0,A01,138Â 294Â 076,1.0
965073,201900006604,10,20,18:45,5,2,3,2.0,2.0,91589,GRAND VAUX (RUE DE),M,"48,6755940","2,3359440",91,2019,50.0,1.0,2.0,3.0,2157115,1.0,1,1,1,5.0,,0.0,0,1992.0,A01,138Â 294Â 076,8.0,0.0,-1.0,1647133,0.0,7,,0.0,2.0,5.0,B01,138Â 294Â 075,1.0
965073,201900006604,10,20,18:45,5,2,3,2.0,2.0,91589,GRAND VAUX (RUE DE),M,"48,6755940","2,3359440",91,2019,50.0,1.0,2.0,3.0,2157115,1.0,1,1,1,5.0,,0.0,0,1992.0,A01,138Â 294Â 076,8.0,0.0,-1.0,1647134,0.0,7,,0.0,2.0,1.0,A01,138Â 294Â 076,1.0
965074,201900006605,10,21,01:15,5,2,1,2.0,6.0,91223,SAINT MICHEL (BOULEVARD),M,"48,4497200","2,1716800",91,2019,50.0,1.0,2.0,4.0,2157116,1.0,1,4,2,5.0,,-1.0, -1,1972.0,A01,138Â 294Â 074,1.0,8.0,-1.0,1647135,0.0,7,,9.0,0.0,1.0,A01,138Â 294Â 074,1.0
965075,201900006606,10,19,20:30,5,2,1,1.0,3.0,86194,11 NOVEMBRE (AVENUE DU),M,"46,5671700","0,3657900",86,2019,50.0,5.0,2.0,4.0,2157117,1.0,1,3,1,3.0,,-1.0, -1,1958.0,A01,138Â 294Â 073,8.0,0.0,-1.0,1647136,3.0,10,,0.0,2.0,5.0,Z01,138Â 294Â 072,0.0
965075,201900006606,10,19,20:30,5,2,1,1.0,3.0,86194,11 NOVEMBRE (AVENUE DU),M,"46,5671700","0,3657900",86,2019,50.0,5.0,2.0,4.0,2157117,1.0,1,3,1,3.0,,-1.0, -1,1958.0,A01,138Â 294Â 073,8.0,0.0,-1.0,1647137,3.0,1,,0.0,2.0,3.0,A01,138Â 294Â 073,0.0
965076,201900006607,10,20,14:20,1,2,3,8.0,3.0,69271,LYON (DE)                               ,M,"45,7387600","4,9621100",69,2019,50.0,1.0,1.0,4.0,2157118,1.0,1,4,2,5.0,,-1.0,0,1946.0,B01,138Â 294Â 068,1.0,0.0,-1.0,1647138,1.0,7,,0.0,2.0,3.0,B01,138Â 294Â 068,1.0
965076,201900006607,10,20,14:20,1,2,3,8.0,3.0,69271,LYON (DE)                               ,M,"45,7387600","4,9621100",69,2019,50.0,1.0,1.0,4.0,2157118,1.0,1,4,2,5.0,,-1.0,0,1946.0,B01,138Â 294Â 068,1.0,0.0,-1.0,1647139,1.0,7,,0.0,2.0,1.0,A01,138Â 294Â 069,1.0
965076,201900006607,10,20,14:20,1,2,3,8.0,3.0,69271,LYON (DE)                               ,M,"45,7387600","4,9621100",69,2019,50.0,1.0,1.0,4.0,2157119,1.0,1,4,2,5.0,,-1.0,0,1967.0,A01,138Â 294Â 069,1.0,8.0,-1.0,1647138,1.0,7,,0.0,2.0,3.0,B01,138Â 294Â 068,1.0
965076,201900006607,10,20,14:20,1,2,3,8.0,3.0,69271,LYON (DE)                               ,M,"45,7387600","4,9621100",69,2019,50.0,1.0,1.0,4.0,2157119,1.0,1,4,2,5.0,,-1.0,0,1967.0,A01,138Â 294Â 069,1.0,8.0,-1.0,1647139,1.0,7,,0.0,2.0,1.0,A01,138Â 294Â 069,1.0
965077,201900006608,10,20,10:45,1,2,1,1.0,6.0,69266,EMILE ZOLA     (Cours),M,"45,7671400","4,8924200",69,2019,10.0,4.0,1.0,4.0,2157120,10.0,3,4,2,5.0,,5.0,9,1959.0,A01,138Â 294Â 067,8.0,0.0,-1.0,1647140,0.0,99,,0.0,1.0,1.0,A01,138Â 294Â 067,6.0
965078,201900006609,10,15,18:10,1,2,3,8.0,6.0,69282,REPUBLIQUE (DE)                     (R ),M,"45,7667600","5,0020400",69,2019,50.0,1.0,2.0,4.0,2157121,10.0,3,4,2,3.0,,4.0,3,2010.0,A01,138Â 294Â 066,8.0,0.0,-1.0,1647141,2.0,7,,0.0,1.0,8.0,A01,138Â 294Â 066,1.0
965078,201900006609,10,15,18:10,1,2,3,8.0,6.0,69282,REPUBLIQUE (DE)                     (R ),M,"45,7667600","5,0020400",69,2019,50.0,1.0,2.0,4.0,2157122,1.0,1,1,2,0.0,,-1.0, -1,1984.0,A01,138Â 294Â 066,1.0,8.0,-1.0,1647141,2.0,7,,0.0,1.0,8.0,A01,138Â 294Â 066,1.0
965079,201900006610,10,19,11:20,1,2,3,2.0,3.0,69266,TOLSTOI    (Cours),M,"45,7601750","4,8876600",69,2019,50.0,1.0,2.0,4.0,2157123,1.0,1,4,1,0.0,,-1.0, -1,1961.0,B01,138Â 294Â 064,2.0,0.0,-1.0,1647142,1.0,1,,0.0,2.0,1.0,B01,138Â 294Â 064,5.0
965079,201900006610,10,19,11:20,1,2,3,2.0,3.0,69266,TOLSTOI    (Cours),M,"45,7601750","4,8876600",69,2019,50.0,1.0,2.0,4.0,2157123,1.0,1,4,1,0.0,,-1.0, -1,1961.0,B01,138Â 294Â 064,2.0,0.0,-1.0,1647143,1.0,10,,0.0,2.0,2.0,A01,138Â 294Â 065,1.0
965079,201900006610,10,19,11:20,1,2,3,2.0,3.0,69266,TOLSTOI    (Cours),M,"45,7601750","4,8876600",69,2019,50.0,1.0,2.0,4.0,2157124,1.0,1,1,1,3.0,,-1.0, -1,1984.0,A01,138Â 294Â 065,1.0,0.0,-1.0,1647142,1.0,1,,0.0,2.0,1.0,B01,138Â 294Â 064,5.0
965079,201900006610,10,19,11:20,1,2,3,2.0,3.0,69266,TOLSTOI    (Cours),M,"45,7601750","4,8876600",69,2019,50.0,1.0,2.0,4.0,2157124,1.0,1,1,1,3.0,,-1.0, -1,1984.0,A01,138Â 294Â 065,1.0,0.0,-1.0,1647143,1.0,10,,0.0,2.0,2.0,A01,138Â 294Â 065,1.0
965080,201900006611,10,20,02:35,5,2,2,8.0,3.0,68297,BALE ( AVE DE)WIRU JUSQUE RUE MULHOUSENR,M,"47,5829880","7,5664960",68,2019,50.0,1.0,2.0,3.0,2157125,1.0,1,3,1,0.0,,-1.0,0,1994.0,A01,138Â 294Â 062,2.0,0.0,-1.0,1647144,1.0,32,,0.0,2.0,1.0,A01,138Â 294Â 062,1.0
965080,201900006611,10,20,02:35,5,2,2,8.0,3.0,68297,BALE ( AVE DE)WIRU JUSQUE RUE MULHOUSENR,M,"47,5829880","7,5664960",68,2019,50.0,1.0,2.0,3.0,2157125,1.0,1,3,1,0.0,,-1.0,0,1994.0,A01,138Â 294Â 062,2.0,0.0,-1.0,1647145,2.0,7,,0.0,2.0,7.0,B01,138Â 294Â 063,1.0
965080,201900006611,10,20,02:35,5,2,2,8.0,3.0,68297,BALE ( AVE DE)WIRU JUSQUE RUE MULHOUSENR,M,"47,5829880","7,5664960",68,2019,50.0,1.0,2.0,3.0,2157126,2.0,2,1,1,5.0,,-1.0,0,2000.0,B01,138Â 294Â 063,1.0,0.0,-1.0,1647144,1.0,32,,0.0,2.0,1.0,A01,138Â 294Â 062,1.0
965080,201900006611,10,20,02:35,5,2,2,8.0,3.0,68297,BALE ( AVE DE)WIRU JUSQUE RUE MULHOUSENR,M,"47,5829880","7,5664960",68,2019,50.0,1.0,2.0,3.0,2157126,2.0,2,1,1,5.0,,-1.0,0,2000.0,B01,138Â 294Â 063,1.0,0.0,-1.0,1647145,2.0,7,,0.0,2.0,7.0,B01,138Â 294Â 063,1.0
965080,201900006611,10,20,02:35,5,2,2,8.0,3.0,68297,BALE ( AVE DE)WIRU JUSQUE RUE MULHOUSENR,M,"47,5829880","7,5664960",68,2019,50.0,1.0,2.0,3.0,2157127,1.0,1,1,1,5.0,,-1.0, -1,2000.0,B01,138Â 294Â 063,1.0,0.0,-1.0,1647144,1.0,32,,0.0,2.0,1.0,A01,138Â 294Â 062,1.0
965080,201900006611,10,20,02:35,5,2,2,8.0,3.0,68297,BALE ( AVE DE)WIRU JUSQUE RUE MULHOUSENR,M,"47,5829880","7,5664960",68,2019,50.0,1.0,2.0,3.0,2157127,1.0,1,1,1,5.0,,-1.0, -1,2000.0,B01,138Â 294Â 063,1.0,0.0,-1.0,1647145,2.0,7,,0.0,2.0,7.0,B01,138Â 294Â 063,1.0
965081,201900006612,10,20,20:07,3,1,1,3.0,7.0,64545,CORNICHE (ROUTE DE LA),M,"43,3881679"," -1,7089837",64,2019,50.0,1.0,2.0,3.0,2157128,1.0,1,4,2,0.0,,0.0,0,1977.0,A01,138Â 294Â 061,1.0,0.0,-1.0,1647146,1.0,7,,5.0,0.0,2.0,A01,138Â 294Â 061,1.0
965082,201900006613,10,20,18:40,3,1,1,3.0,7.0,64545,RD810,M,"43,3524524"," -1,7375700",64,2019,50.0,1.0,2.0,3.0,2157129,1.0,1,4,1,0.0,,-1.0, -1,1972.0,A01,138Â 294Â 060,1.0,0.0,-1.0,1647147,1.0,7,,6.0,0.0,1.0,A01,138Â 294Â 060,0.0
965083,201900006614,10,20,19:15,5,2,3,2.0,3.0,64102,LACHEPAILLET (RUE DES REMPARTS),M,"43,4906900"," -1,4788900",64,2019,50.0,1.0,2.0,4.0,2157130,1.0,1,1,1,1.0,,-1.0,0,1993.0,B01,138Â 294Â 058,1.0,0.0,-1.0,1647148,2.0,7,,0.0,2.0,1.0,B01,138Â 294Â 058,1.0
965083,201900006614,10,20,19:15,5,2,3,2.0,3.0,64102,LACHEPAILLET (RUE DES REMPARTS),M,"43,4906900"," -1,4788900",64,2019,50.0,1.0,2.0,4.0,2157130,1.0,1,1,1,1.0,,-1.0,0,1993.0,B01,138Â 294Â 058,1.0,0.0,-1.0,1647149,2.0,7,,0.0,2.0,6.0,A01,138Â 294Â 059,1.0
965083,201900006614,10,20,19:15,5,2,3,2.0,3.0,64102,LACHEPAILLET (RUE DES REMPARTS),M,"43,4906900"," -1,4788900",64,2019,50.0,1.0,2.0,4.0,2157131,2.0,2,4,2,5.0,,-1.0,0,2001.0,A01,138Â 294Â 059,1.0,0.0,-1.0,1647148,2.0,7,,0.0,2.0,1.0,B01,138Â 294Â 058,1.0
965083,201900006614,10,20,19:15,5,2,3,2.0,3.0,64102,LACHEPAILLET (RUE DES REMPARTS),M,"43,4906900"," -1,4788900",64,2019,50.0,1.0,2.0,4.0,2157131,2.0,2,4,2,5.0,,-1.0,0,2001.0,A01,138Â 294Â 059,1.0,0.0,-1.0,1647149,2.0,7,,0.0,2.0,6.0,A01,138Â 294Â 059,1.0
965083,201900006614,10,20,19:15,5,2,3,2.0,3.0,64102,LACHEPAILLET (RUE DES REMPARTS),M,"43,4906900"," -1,4788900",64,2019,50.0,1.0,2.0,4.0,2157132,1.0,1,1,1,5.0,,-1.0,0,2001.0,A01,138Â 294Â 059,1.0,0.0,-1.0,1647148,2.0,7,,0.0,2.0,1.0,B01,138Â 294Â 058,1.0
965083,201900006614,10,20,19:15,5,2,3,2.0,3.0,64102,LACHEPAILLET (RUE DES REMPARTS),M,"43,4906900"," -1,4788900",64,2019,50.0,1.0,2.0,4.0,2157132,1.0,1,1,1,5.0,,-1.0,0,2001.0,A01,138Â 294Â 059,1.0,0.0,-1.0,1647149,2.0,7,,0.0,2.0,6.0,A01,138Â 294Â 059,1.0
965084,201900006615,10,20,15:55,1,2,1,8.0,6.0,57630,IMLING (ROUTE D'),M,"48,7185774","7,0327136",57,2019,40.0,1.0,2.0,4.0,2157133,3.0,2,3,2,5.0,,-1.0, -1,2013.0,A01,138Â 294Â 056,1.0,0.0,-1.0,1647150,3.0,7,,2.0,0.0,5.0,A01,138Â 294Â 056,0.0
965084,201900006615,10,20,15:55,1,2,1,8.0,6.0,57630,IMLING (ROUTE D'),M,"48,7185774","7,0327136",57,2019,40.0,1.0,2.0,4.0,2157134,1.0,1,1,1,5.0,,-1.0, -1,1974.0,A01,138Â 294Â 056,1.0,0.0,-1.0,1647150,3.0,7,,2.0,0.0,5.0,A01,138Â 294Â 056,0.0
965084,201900006615,10,20,15:55,1,2,1,8.0,6.0,57630,IMLING (ROUTE D'),M,"48,7185774","7,0327136",57,2019,40.0,1.0,2.0,4.0,2157135,4.0,2,4,1,5.0,,-1.0, -1,2010.0,A01,138Â 294Â 056,1.0,0.0,-1.0,1647150,3.0,7,,2.0,0.0,5.0,A01,138Â 294Â 056,0.0
965085,201900006616,10,20,20:30,5,2,1,2.0,7.0,51454,RUE DE VESLE,M,"49,2512030","4,0224251",51,2019,50.0,1.0,2.0,4.0,2157136,2.0,1,4,2,9.0,,-1.0,0,1998.0,A01,138Â 294Â 055,2.0,8.0,-1.0,1647151,1.0,30,,0.0,-1.0,7.0,A01,138Â 294Â 055,1.0
965086,201900006617,10,20,16:10,1,2,1,2.0,2.0,51454,RUE BUIRETTE,M,"49,2539442","4,0243672",51,2019,30.0,1.0,2.0,4.0,2157137,1.0,1,1,1,0.0,,-1.0,0,1998.0,A01,138Â 294Â 053,1.0,5.0,-1.0,1647152,1.0,7,,0.0,2.0,1.0,A01,138Â 294Â 053,1.0