Unnamed: 0_x,num_acc,mois,jour,hrmn,lum,agg,int,atm,col,com,adr,gps,lat,long,dep,annee,vma,situ,surf,catr,Unnamed: 0_y,place,catu,grav,sexe,trajet,secu,locp,actp,an_nais,num_veh_x,id_vehicule_x,secu1,secu2,secu3,Unnamed: 0,senc,catv,occutc,obs,obsm,choc,num_veh_y,id_vehicule_y,motor
965086,201900006617,10,20,16:10,1,2,1,2.0,2.0,51454,RUE BUIRETTE,M,"49,2539442","4,0243672",51,2019,30.0,1.0,2.0,4.0,2157137,1.0,1,1,1,0.0,,-1.0,0,1998.0,A01,138Â 294Â 053,1.0,5.0,-1.0,1647153,1.0,7,,0.0,0.0,4.0,B01,138Â 294Â 054,1.0
965086,201900006617,10,20,16:10,1,2,1,2.0,2.0,51454,RUE BUIRETTE,M,"49,2539442","4,0243672",51,2019,30.0,1.0,2.0,4.0,2157138,1.0,1,4,2,0.0,,-1.0,0,1973.0,B01,138Â 294Â 054,1.0,7.0,-1.0,1647152,1.0,7,,0.0,2.0,1.0,A01,138Â 294Â 053,1.0
965086,201900006617,10,20,16:10,1,2,1,2.0,2.0,51454,RUE BUIRETTE,M,"49,2539442","4,0243672",51,2019,30.0,1.0,2.0,4.0,2157138,1.0,1,4,2,0.0,,-1.0,0,1973.0,B01,138Â 294Â 054,1.0,7.0,-1.0,1647153,1.0,7,,0.0,0.0,4.0,B01,138Â 294Â 054,1.0
965087,201900006618,10,20,20:15,3,1,1,8.0,7.0,37122,RD 37,M,"47,3435000","0,6474000",37,2019,50.0,1.0,2.0,3.0,2157139,3.0,2,4,2,0.0,,-1.0, -1,2019.0,A01,138Â 294Â 052,3.0,0.0,-1.0,1647154,3.0,7,,0.0,0.0,0.0,A01,138Â 294Â 052,1.0
965087,201900006618,10,20,20:15,3,1,1,8.0,7.0,37122,RD 37,M,"47,3435000","0,6474000",37,2019,50.0,1.0,2.0,3.0,2157140,1.0,1,1,1,5.0,,-1.0, -1,1995.0,A01,138Â 294Â 052,1.0,0.0,-1.0,1647154,3.0,7,,0.0,0.0,0.0,A01,138Â 294Â 052,1.0
965087,201900006618,10,20,20:15,3,1,1,8.0,7.0,37122,RD 37,M,"47,3435000","0,6474000",37,2019,50.0,1.0,2.0,3.0,2157141,2.0,2,1,2,5.0,,-1.0, -1,1996.0,A01,138Â 294Â 052,1.0,0.0,-1.0,1647154,3.0,7,,0.0,0.0,0.0,A01,138Â 294Â 052,1.0
965088,201900006619,10,20,16:15,1,2,1,2.0,6.0,37261,GANCE (BOULEVARD ABEL),M,"47,4060171","0,7219715",37,2019,70.0,1.0,2.0,3.0,2157142,1.0,1,1,1,5.0,,-1.0,0,1936.0,A01,138Â 294Â 051,1.0,0.0,-1.0,1647155,1.0,7,,4.0,0.0,3.0,A01,138Â 294Â 051,1.0
965088,201900006619,10,20,16:15,1,2,1,2.0,6.0,37261,GANCE (BOULEVARD ABEL),M,"47,4060171","0,7219715",37,2019,70.0,1.0,2.0,3.0,2157143,2.0,2,4,1,0.0,,-1.0, -1,1931.0,A01,138Â 294Â 051,1.0,0.0,-1.0,1647155,1.0,7,,4.0,0.0,3.0,A01,138Â 294Â 051,1.0
965088,201900006619,10,20,16:15,1,2,1,2.0,6.0,37261,GANCE (BOULEVARD ABEL),M,"47,4060171","0,7219715",37,2019,70.0,1.0,2.0,3.0,2157144,4.0,2,1,2,5.0,,-1.0,0,1940.0,A01,138Â 294Â 051,1.0,0.0,-1.0,1647155,1.0,7,,4.0,0.0,3.0,A01,138Â 294Â 051,1.0
965088,201900006619,10,20,16:15,1,2,1,2.0,6.0,37261,GANCE (BOULEVARD ABEL),M,"47,4060171","0,7219715",37,2019,70.0,1.0,2.0,3.0,2157145,3.0,2,4,2,5.0,,-1.0,0,1935.0,A01,138Â 294Â 051,1.0,0.0,-1.0,1647155,1.0,7,,4.0,0.0,3.0,A01,138Â 294Â 051,1.0
965089,201900006620,10,20,14:45,1,2,1,8.0,6.0,37261,RD 37,M,"47,3681000","0,6543000",37,2019,90.0,1.0,2.0,4.0,2157146,1.0,1,4,2,5.0,,-1.0, -1,1993.0,A01,138Â 294Â 050,1.0,0.0,-1.0,1647156,2.0,7,,3.0,0.0,2.0,A01,138Â 294Â 050,1.0
965090,201900006621,10,20,08:50,1,1,1,2.0,6.0,30189,UZES (ROUTE D'),M,"43,8741000","4,3793000",30,2019,80.0,1.0,2.0,3.0,2157147,1.0,1,3,2,0.0,,-1.0, -1,1954.0,A01,138Â 294Â 049,8.0,0.0,-1.0,1647157,2.0,7,,13.0,0.0,2.0,A01,138Â 294Â 049,0.0
965091,201900006622,10,19,19:20,5,2,5,1.0,3.0,30189,BRICONNET (RUE),M,"43,4953000","4,2142500",30,2019,50.0,1.0,1.0,4.0,2157148,1.0,1,1,1,5.0,,-1.0, -1,1995.0,A01,138Â 294Â 047,1.0,0.0,-1.0,1647158,2.0,7,,0.0,2.0,8.0,A01,138Â 294Â 047,1.0
965091,201900006622,10,19,19:20,5,2,5,1.0,3.0,30189,BRICONNET (RUE),M,"43,4953000","4,2142500",30,2019,50.0,1.0,1.0,4.0,2157148,1.0,1,1,1,5.0,,-1.0, -1,1995.0,A01,138Â 294Â 047,1.0,0.0,-1.0,1647159,1.0,30,,0.0,2.0,1.0,B01,138Â 294Â 048,1.0
965091,201900006622,10,19,19:20,5,2,5,1.0,3.0,30189,BRICONNET (RUE),M,"43,4953000","4,2142500",30,2019,50.0,1.0,1.0,4.0,2157149,1.0,1,3,1,1.0,,-1.0, -1,1999.0,B01,138Â 294Â 048,2.0,6.0,-1.0,1647158,2.0,7,,0.0,2.0,8.0,A01,138Â 294Â 047,1.0
965091,201900006622,10,19,19:20,5,2,5,1.0,3.0,30189,BRICONNET (RUE),M,"43,4953000","4,2142500",30,2019,50.0,1.0,1.0,4.0,2157149,1.0,1,3,1,1.0,,-1.0, -1,1999.0,B01,138Â 294Â 048,2.0,6.0,-1.0,1647159,1.0,30,,0.0,2.0,1.0,B01,138Â 294Â 048,1.0
965092,201900006623,10,20,15:30,1,1,1,1.0,7.0,29232,BENODET ROUTE DE,M,"47,9702628"," -4,0861148",29,2019,70.0,1.0,1.0,3.0,2157150,1.0,1,3,1,0.0,,-1.0,0,1966.0,A01,138Â 294Â 046,2.0,6.0,-1.0,1647160,1.0,33,,12.0,0.0,1.0,A01,138Â 294Â 046,1.0
965093,201900006624,10,4,13:00,1,2,9,8.0,3.0,28085,SOUVENIR FRANCAIS (RUE DU),M,"48,4463100","1,5032000",28,2019,30.0,1.0,1.0,3.0,2157151,1.0,1,4,1,0.0,,-1.0,0,1999.0,B01,138Â 294Â 044,0.0,0.0,-1.0,1647161,1.0,20,,0.0,2.0,1.0,B01,138Â 294Â 044,1.0
965093,201900006624,10,4,13:00,1,2,9,8.0,3.0,28085,SOUVENIR FRANCAIS (RUE DU),M,"48,4463100","1,5032000",28,2019,30.0,1.0,1.0,3.0,2157151,1.0,1,4,1,0.0,,-1.0,0,1999.0,B01,138Â 294Â 044,0.0,0.0,-1.0,1647162,2.0,20,,0.0,2.0,7.0,A01,138Â 294Â 045,1.0
965093,201900006624,10,4,13:00,1,2,9,8.0,3.0,28085,SOUVENIR FRANCAIS (RUE DU),M,"48,4463100","1,5032000",28,2019,30.0,1.0,1.0,3.0,2157152,1.0,1,1,2,0.0,,-1.0,0,1983.0,A01,138Â 294Â 045,1.0,8.0,-1.0,1647161,1.0,20,,0.0,2.0,1.0,B01,138Â 294Â 044,1.0
965093,201900006624,10,4,13:00,1,2,9,8.0,3.0,28085,SOUVENIR FRANCAIS (RUE DU),M,"48,4463100","1,5032000",28,2019,30.0,1.0,1.0,3.0,2157152,1.0,1,1,2,0.0,,-1.0,0,1983.0,A01,138Â 294Â 045,1.0,8.0,-1.0,1647162,2.0,20,,0.0,2.0,7.0,A01,138Â 294Â 045,1.0
965094,201900006625,10,20,01:58,5,2,3,2.0,6.0,25056,GAULLE BOULEVARD CHARLES,M,"47,2302900","6,0115700",25,2019,50.0,1.0,2.0,4.0,2157153,1.0,1,3,1,0.0,,-1.0,0,1971.0,A01,138Â 294Â 043,1.0,0.0,-1.0,1647163,1.0,7,,8.0,0.0,3.0,A01,138Â 294Â 043,1.0
965095,201900006626,10,20,16:00,1,2,1,2.0,4.0,13215,CAP PINEDE (Avenue),M,"43,3271700","5,3592100",13,2019,50.0,1.0,2.0,4.0,2157154,10.0,3,4,1,5.0,,5.0,4,1983.0,C01,138Â 294Â 040,8.0,0.0,-1.0,1647164,0.0,10,,1.0,0.0,0.0,C01,138Â 294Â 040,1.0
965095,201900006626,10,20,16:00,1,2,1,2.0,4.0,13215,CAP PINEDE (Avenue),M,"43,3271700","5,3592100",13,2019,50.0,1.0,2.0,4.0,2157154,10.0,3,4,1,5.0,,5.0,4,1983.0,C01,138Â 294Â 040,8.0,0.0,-1.0,1647165,3.0,7,,0.0,0.0,5.0,B01,138Â 294Â 041,1.0
965095,201900006626,10,20,16:00,1,2,1,2.0,4.0,13215,CAP PINEDE (Avenue),M,"43,3271700","5,3592100",13,2019,50.0,1.0,2.0,4.0,2157154,10.0,3,4,1,5.0,,5.0,4,1983.0,C01,138Â 294Â 040,8.0,0.0,-1.0,1647166,3.0,7,,1.0,2.0,2.0,A01,138Â 294Â 042,1.0
965095,201900006626,10,20,16:00,1,2,1,2.0,4.0,13215,CAP PINEDE (Avenue),M,"43,3271700","5,3592100",13,2019,50.0,1.0,2.0,4.0,2157155,1.0,1,1,1,5.0,,-1.0, -1,1986.0,B01,138Â 294Â 041,1.0,0.0,-1.0,1647164,0.0,10,,1.0,0.0,0.0,C01,138Â 294Â 040,1.0
965095,201900006626,10,20,16:00,1,2,1,2.0,4.0,13215,CAP PINEDE (Avenue),M,"43,3271700","5,3592100",13,2019,50.0,1.0,2.0,4.0,2157155,1.0,1,1,1,5.0,,-1.0, -1,1986.0,B01,138Â 294Â 041,1.0,0.0,-1.0,1647165,3.0,7,,0.0,0.0,5.0,B01,138Â 294Â 041,1.0
965095,201900006626,10,20,16:00,1,2,1,2.0,4.0,13215,CAP PINEDE (Avenue),M,"43,3271700","5,3592100",13,2019,50.0,1.0,2.0,4.0,2157155,1.0,1,1,1,5.0,,-1.0, -1,1986.0,B01,138Â 294Â 041,1.0,0.0,-1.0,1647166,3.0,7,,1.0,2.0,2.0,A01,138Â 294Â 042,1.0
965095,201900006626,10,20,16:00,1,2,1,2.0,4.0,13215,CAP PINEDE (Avenue),M,"43,3271700","5,3592100",13,2019,50.0,1.0,2.0,4.0,2157156,1.0,1,1,1,0.0,,-1.0, -1,1952.0,A01,138Â 294Â 042,1.0,0.0,-1.0,1647164,0.0,10,,1.0,0.0,0.0,C01,138Â 294Â 040,1.0
965095,201900006626,10,20,16:00,1,2,1,2.0,4.0,13215,CAP PINEDE (Avenue),M,"43,3271700","5,3592100",13,2019,50.0,1.0,2.0,4.0,2157156,1.0,1,1,1,0.0,,-1.0, -1,1952.0,A01,138Â 294Â 042,1.0,0.0,-1.0,1647165,3.0,7,,0.0,0.0,5.0,B01,138Â 294Â 041,1.0
965095,201900006626,10,20,16:00,1,2,1,2.0,4.0,13215,CAP PINEDE (Avenue),M,"43,3271700","5,3592100",13,2019,50.0,1.0,2.0,4.0,2157156,1.0,1,1,1,0.0,,-1.0, -1,1952.0,A01,138Â 294Â 042,1.0,0.0,-1.0,1647166,3.0,7,,1.0,2.0,2.0,A01,138Â 294Â 042,1.0
965096,201900006627,10,20,12:47,1,2,1,1.0,5.0,13214,MERLAN (AVENUE),M,"43,3404254","5,4075000",13,2019,50.0,1.0,1.0,4.0,2157157,1.0,1,1,1,0.0,,-1.0, -1,1956.0,B01,138Â 294Â 038,1.0,0.0,-1.0,1647167,0.0,7,,0.0,0.0,0.0,A01,138Â 294Â 037,0.0
965096,201900006627,10,20,12:47,1,2,1,1.0,5.0,13214,MERLAN (AVENUE),M,"43,3404254","5,4075000",13,2019,50.0,1.0,1.0,4.0,2157157,1.0,1,1,1,0.0,,-1.0, -1,1956.0,B01,138Â 294Â 038,1.0,0.0,-1.0,1647168,1.0,7,,1.0,0.0,0.0,B01,138Â 294Â 038,0.0
965096,201900006627,10,20,12:47,1,2,1,1.0,5.0,13214,MERLAN (AVENUE),M,"43,3404254","5,4075000",13,2019,50.0,1.0,1.0,4.0,2157157,1.0,1,1,1,0.0,,-1.0, -1,1956.0,B01,138Â 294Â 038,1.0,0.0,-1.0,1647169,0.0,10,,0.0,0.0,0.0,C01,138Â 294Â 039,0.0
965096,201900006627,10,20,12:47,1,2,1,1.0,5.0,13214,MERLAN (AVENUE),M,"43,3404254","5,4075000",13,2019,50.0,1.0,1.0,4.0,2157158,2.0,2,4,2,0.0,,-1.0, -1,1955.0,B01,138Â 294Â 038,1.0,0.0,-1.0,1647167,0.0,7,,0.0,0.0,0.0,A01,138Â 294Â 037,0.0
965096,201900006627,10,20,12:47,1,2,1,1.0,5.0,13214,MERLAN (AVENUE),M,"43,3404254","5,4075000",13,2019,50.0,1.0,1.0,4.0,2157158,2.0,2,4,2,0.0,,-1.0, -1,1955.0,B01,138Â 294Â 038,1.0,0.0,-1.0,1647168,1.0,7,,1.0,0.0,0.0,B01,138Â 294Â 038,0.0
965096,201900006627,10,20,12:47,1,2,1,1.0,5.0,13214,MERLAN (AVENUE),M,"43,3404254","5,4075000",13,2019,50.0,1.0,1.0,4.0,2157158,2.0,2,4,2,0.0,,-1.0, -1,1955.0,B01,138Â 294Â 038,1.0,0.0,-1.0,1647169,0.0,10,,0.0,0.0,0.0,C01,138Â 294Â 039,0.0
965097,201900006628,10,20,06:20,5,2,3,1.0,6.0,13213,CHEMIN DU MERLAN A LA ROSE ,M,"43,3304000","5,4123000",13,2019,50.0,4.0,1.0,4.0,2157159,1.0,1,4,1,1.0,,-1.0, -1,1998.0,A01,138Â 294Â 036,8.0,0.0,-1.0,1647170,1.0,7,,9.0,0.0,1.0,A01,138Â 294Â 036,1.0
965098,201900006629,10,20,05:55,5,2,1,1.0,6.0,13215,DE BEAUREGARD,M,"43,3677620","5,3459591",13,2019,50.0,1.0,1.0,4.0,2157160,2.0,2,3,1,0.0,,-1.0, -1,1999.0,A01,138Â 294Â 035,1.0,0.0,-1.0,1647171,0.0,7,,8.0,0.0,1.0,A01,138Â 294Â 035,0.0
965098,201900006629,10,20,05:55,5,2,1,1.0,6.0,13215,DE BEAUREGARD,M,"43,3677620","5,3459591",13,2019,50.0,1.0,1.0,4.0,2157161,1.0,1,3,1,0.0,,-1.0, -1,2000.0,A01,138Â 294Â 035,1.0,8.0,-1.0,1647171,0.0,7,,8.0,0.0,1.0,A01,138Â 294Â 035,0.0
965099,201900006630,10,20,00:20,5,2,2,1.0,3.0,13203,PLOMBIERES (BOULEVARD DES),M,"43,3149100","5,3878700",13,2019,50.0,1.0,1.0,4.0,2157162,1.0,1,3,1,5.0,,-1.0, -1,1994.0,B01,138Â 294Â 033,2.0,0.0,-1.0,1647172,2.0,32,,0.0,2.0,1.0,B01,138Â 294Â 033,1.0
965099,201900006630,10,20,00:20,5,2,2,1.0,3.0,13203,PLOMBIERES (BOULEVARD DES),M,"43,3149100","5,3878700",13,2019,50.0,1.0,1.0,4.0,2157162,1.0,1,3,1,5.0,,-1.0, -1,1994.0,B01,138Â 294Â 033,2.0,0.0,-1.0,1647173,2.0,7,,0.0,2.0,3.0,Z01,138Â 294Â 034,1.0
965100,201900006631,10,20,03:45,3,1,1,8.0,7.0,07102,Chemin des MULETS,M,"44,9337200","4,8592400",7,2019,70.0,1.0,9.0,4.0,2157163,1.0,1,4,1,5.0,,-1.0, -1,1999.0,A01,138Â 294Â 032,8.0,0.0,-1.0,1647174,3.0,7,,12.0,0.0,2.0,A01,138Â 294Â 032,1.0
965101,201900006632,10,20,16:00,1,2,1,8.0,7.0,06069,DUNANT (AVENUE HENRI),M,"43,6456990","6,9287200",6,2019,50.0,1.0,1.0,4.0,2157164,3.0,2,4,1,5.0,,0.0,0,2002.0,A01,138Â 294Â 031,1.0,0.0,-1.0,1647175,1.0,7,,8.0,0.0,1.0,A01,138Â 294Â 031,1.0
965101,201900006632,10,20,16:00,1,2,1,8.0,7.0,06069,DUNANT (AVENUE HENRI),M,"43,6456990","6,9287200",6,2019,50.0,1.0,1.0,4.0,2157165,1.0,1,4,1,5.0,,0.0,0,2001.0,A01,138Â 294Â 031,1.0,0.0,-1.0,1647175,1.0,7,,8.0,0.0,1.0,A01,138Â 294Â 031,1.0
965101,201900006632,10,20,16:00,1,2,1,8.0,7.0,06069,DUNANT (AVENUE HENRI),M,"43,6456990","6,9287200",6,2019,50.0,1.0,1.0,4.0,2157166,2.0,2,1,1,5.0,,0.0,0,2001.0,A01,138Â 294Â 031,1.0,0.0,-1.0,1647175,1.0,7,,8.0,0.0,1.0,A01,138Â 294Â 031,1.0
965101,201900006632,10,20,16:00,1,2,1,8.0,7.0,06069,DUNANT (AVENUE HENRI),M,"43,6456990","6,9287200",6,2019,50.0,1.0,1.0,4.0,2157167,5.0,2,4,1,5.0,,0.0,0,2001.0,A01,138Â 294Â 031,1.0,0.0,-1.0,1647175,1.0,7,,8.0,0.0,1.0,A01,138Â 294Â 031,1.0
965102,201900006633,10,20,16:50,1,2,1,1.0,2.0,75120,BD PERIPHERIQUE INTERIEUR,M,"48,8739650","2,4112290",75,2019,70.0,1.0,1.0,4.0,2157168,1.0,1,1,1,5.0,,0.0,0,1967.0,B01,138Â 294Â 029,1.0,0.0,-1.0,1647176,1.0,7,,0.0,2.0,5.0,B01,138Â 294Â 029,1.0
965102,201900006633,10,20,16:50,1,2,1,1.0,2.0,75120,BD PERIPHERIQUE INTERIEUR,M,"48,8739650","2,4112290",75,2019,70.0,1.0,1.0,4.0,2157168,1.0,1,1,1,5.0,,0.0,0,1967.0,B01,138Â 294Â 029,1.0,0.0,-1.0,1647177,1.0,33,,0.0,2.0,1.0,A01,138Â 294Â 030,1.0
965102,201900006633,10,20,16:50,1,2,1,1.0,2.0,75120,BD PERIPHERIQUE INTERIEUR,M,"48,8739650","2,4112290",75,2019,70.0,1.0,1.0,4.0,2157169,1.0,1,4,1,5.0,,0.0,0,1992.0,A01,138Â 294Â 030,2.0,6.0,-1.0,1647176,1.0,7,,0.0,2.0,5.0,B01,138Â 294Â 029,1.0
965102,201900006633,10,20,16:50,1,2,1,1.0,2.0,75120,BD PERIPHERIQUE INTERIEUR,M,"48,8739650","2,4112290",75,2019,70.0,1.0,1.0,4.0,2157169,1.0,1,4,1,5.0,,0.0,0,1992.0,A01,138Â 294Â 030,2.0,6.0,-1.0,1647177,1.0,33,,0.0,2.0,1.0,A01,138Â 294Â 030,1.0
965102,201900006633,10,20,16:50,1,2,1,1.0,2.0,75120,BD PERIPHERIQUE INTERIEUR,M,"48,8739650","2,4112290",75,2019,70.0,1.0,1.0,4.0,2157170,2.0,2,4,2,5.0,,0.0,0,1997.0,A01,138Â 294Â 030,2.0,6.0,-1.0,1647176,1.0,7,,0.0,2.0,5.0,B01,138Â 294Â 029,1.0
965102,201900006633,10,20,16:50,1,2,1,1.0,2.0,75120,BD PERIPHERIQUE INTERIEUR,M,"48,8739650","2,4112290",75,2019,70.0,1.0,1.0,4.0,2157170,2.0,2,4,2,5.0,,0.0,0,1997.0,A01,138Â 294Â 030,2.0,6.0,-1.0,1647177,1.0,33,,0.0,2.0,1.0,A01,138Â 294Â 030,1.0
965103,201900006634,10,19,00:10,5,2,1,1.0,4.0,75118,BD PERIPHERIQUE INTERIEUR,M,"48,9010760","2,3452730",75,2019,70.0,1.0,1.0,4.0,2157171,2.0,2,4,1,0.0,,0.0,0,1984.0,C01,138Â 294Â 026,1.0,0.0,-1.0,1647178,2.0,7,,0.0,2.0,8.0,C01,138Â 294Â 026,1.0
965103,201900006634,10,19,00:10,5,2,1,1.0,4.0,75118,BD PERIPHERIQUE INTERIEUR,M,"48,9010760","2,3452730",75,2019,70.0,1.0,1.0,4.0,2157171,2.0,2,4,1,0.0,,0.0,0,1984.0,C01,138Â 294Â 026,1.0,0.0,-1.0,1647179,2.0,43,,0.0,2.0,7.0,B01,138Â 294Â 027,1.0
965103,201900006634,10,19,00:10,5,2,1,1.0,4.0,75118,BD PERIPHERIQUE INTERIEUR,M,"48,9010760","2,3452730",75,2019,70.0,1.0,1.0,4.0,2157171,2.0,2,4,1,0.0,,0.0,0,1984.0,C01,138Â 294Â 026,1.0,0.0,-1.0,1647180,2.0,7,,0.0,2.0,3.0,A01,138Â 294Â 028,1.0
965103,201900006634,10,19,00:10,5,2,1,1.0,4.0,75118,BD PERIPHERIQUE INTERIEUR,M,"48,9010760","2,3452730",75,2019,70.0,1.0,1.0,4.0,2157172,1.0,1,1,1,4.0,,0.0,0,1988.0,C01,138Â 294Â 026,1.0,0.0,-1.0,1647178,2.0,7,,0.0,2.0,8.0,C01,138Â 294Â 026,1.0
965103,201900006634,10,19,00:10,5,2,1,1.0,4.0,75118,BD PERIPHERIQUE INTERIEUR,M,"48,9010760","2,3452730",75,2019,70.0,1.0,1.0,4.0,2157172,1.0,1,1,1,4.0,,0.0,0,1988.0,C01,138Â 294Â 026,1.0,0.0,-1.0,1647179,2.0,43,,0.0,2.0,7.0,B01,138Â 294Â 027,1.0
965103,201900006634,10,19,00:10,5,2,1,1.0,4.0,75118,BD PERIPHERIQUE INTERIEUR,M,"48,9010760","2,3452730",75,2019,70.0,1.0,1.0,4.0,2157172,1.0,1,1,1,4.0,,0.0,0,1988.0,C01,138Â 294Â 026,1.0,0.0,-1.0,1647180,2.0,7,,0.0,2.0,3.0,A01,138Â 294Â 028,1.0
965103,201900006634,10,19,00:10,5,2,1,1.0,4.0,75118,BD PERIPHERIQUE INTERIEUR,M,"48,9010760","2,3452730",75,2019,70.0,1.0,1.0,4.0,2157173,1.0,1,1,1,5.0,,0.0,0,1994.0,B01,138Â 294Â 027,2.0,6.0,-1.0,1647178,2.0,7,,0.0,2.0,8.0,C01,138Â 294Â 026,1.0
965103,201900006634,10,19,00:10,5,2,1,1.0,4.0,75118,BD PERIPHERIQUE INTERIEUR,M,"48,9010760","2,3452730",75,2019,70.0,1.0,1.0,4.0,2157173,1.0,1,1,1,5.0,,0.0,0,1994.0,B01,138Â 294Â 027,2.0,6.0,-1.0,1647179,2.0,43,,0.0,2.0,7.0,B01,138Â 294Â 027,1.0
965103,201900006634,10,19,00:10,5,2,1,1.0,4.0,75118,BD PERIPHERIQUE INTERIEUR,M,"48,9010760","2,3452730",75,2019,70.0,1.0,1.0,4.0,2157173,1.0,1,1,1,5.0,,0.0,0,1994.0,B01,138Â 294Â 027,2.0,6.0,-1.0,1647180,2.0,7,,0.0,2.0,3.0,A01,138Â 294Â 028,1.0
965103,201900006634,10,19,00:10,5,2,1,1.0,4.0,75118,BD PERIPHERIQUE INTERIEUR,M,"48,9010760","2,3452730",75,2019,70.0,1.0,1.0,4.0,2157174,1.0,1,4,1,0.0,,0.0,0,1984.0,A01,138Â 294Â 028,1.0,0.0,-1.0,1647178,2.0,7,,0.0,2.0,8.0,C01,138Â 294Â 026,1.0
965103,201900006634,10,19,00:10,5,2,1,1.0,4.0,75118,BD PERIPHERIQUE INTERIEUR,M,"48,9010760","2,3452730",75,2019,70.0,1.0,1.0,4.0,2157174,1.0,1,4,1,0.0,,0.0,0,1984.0,A01,138Â 294Â 028,1.0,0.0,-1.0,1647179,2.0,43,,0.0,2.0,7.0,B01,138Â 294Â 027,1.0
965103,201900006634,10,19,00:10,5,2,1,1.0,4.0,75118,BD PERIPHERIQUE INTERIEUR,M,"48,9010760","2,3452730",75,2019,70.0,1.0,1.0,4.0,2157174,1.0,1,4,1,0.0,,0.0,0,1984.0,A01,138Â 294Â 028,1.0,0.0,-1.0,1647180,2.0,7,,0.0,2.0,3.0,A01,138Â 294Â 028,1.0
965104,201900006635,10,18,18:00,2,2,4,1.0,4.0,75119,BD PERIPHERIQUE INTERIEUR,M,"48,8924325","2,3953535",75,2019,70.0,1.0,1.0,4.0,2157175,1.0,1,1,1,5.0,,0.0,0,1972.0,E01,138Â 294Â 021,2.0,6.0,-1.0,1647181,1.0,33,,0.0,2.0,5.0,E01,138Â 294Â 021,1.0
965104,201900006635,10,18,18:00,2,2,4,1.0,4.0,75119,BD PERIPHERIQUE INTERIEUR,M,"48,8924325","2,3953535",75,2019,70.0,1.0,1.0,4.0,2157175,1.0,1,1,1,5.0,,0.0,0,1972.0,E01,138Â 294Â 021,2.0,6.0,-1.0,1647182,1.0,33,,0.0,2.0,2.0,D01,138Â 294Â 022,1.0
965104,201900006635,10,18,18:00,2,2,4,1.0,4.0,75119,BD PERIPHERIQUE INTERIEUR,M,"48,8924325","2,3953535",75,2019,70.0,1.0,1.0,4.0,2157175,1.0,1,1,1,5.0,,0.0,0,1972.0,E01,138Â 294Â 021,2.0,6.0,-1.0,1647183,1.0,7,,0.0,2.0,4.0,C01,138Â 294Â 023,1.0
965104,201900006635,10,18,18:00,2,2,4,1.0,4.0,75119,BD PERIPHERIQUE INTERIEUR,M,"48,8924325","2,3953535",75,2019,70.0,1.0,1.0,4.0,2157175,1.0,1,1,1,5.0,,0.0,0,1972.0,E01,138Â 294Â 021,2.0,6.0,-1.0,1647184,1.0,7,,0.0,2.0,4.0,B01,138Â 294Â 024,1.0
965104,201900006635,10,18,18:00,2,2,4,1.0,4.0,75119,BD PERIPHERIQUE INTERIEUR,M,"48,8924325","2,3953535",75,2019,70.0,1.0,1.0,4.0,2157175,1.0,1,1,1,5.0,,0.0,0,1972.0,E01,138Â 294Â 021,2.0,6.0,-1.0,1647185,1.0,10,,0.0,2.0,1.0,A01,138Â 294Â 025,1.0
965104,201900006635,10,18,18:00,2,2,4,1.0,4.0,75119,BD PERIPHERIQUE INTERIEUR,M,"48,8924325","2,3953535",75,2019,70.0,1.0,1.0,4.0,2157176,1.0,1,4,2,1.0,,0.0,0,1991.0,D01,138Â 294Â 022,2.0,6.0,-1.0,1647181,1.0,33,,0.0,2.0,5.0,E01,138Â 294Â 021,1.0
965104,201900006635,10,18,18:00,2,2,4,1.0,4.0,75119,BD PERIPHERIQUE INTERIEUR,M,"48,8924325","2,3953535",75,2019,70.0,1.0,1.0,4.0,2157176,1.0,1,4,2,1.0,,0.0,0,1991.0,D01,138Â 294Â 022,2.0,6.0,-1.0,1647182,1.0,33,,0.0,2.0,2.0,D01,138Â 294Â 022,1.0
965104,201900006635,10,18,18:00,2,2,4,1.0,4.0,75119,BD PERIPHERIQUE INTERIEUR,M,"48,8924325","2,3953535",75,2019,70.0,1.0,1.0,4.0,2157176,1.0,1,4,2,1.0,,0.0,0,1991.0,D01,138Â 294Â 022,2.0,6.0,-1.0,1647183,1.0,7,,0.0,2.0,4.0,C01,138Â 294Â 023,1.0
965104,201900006635,10,18,18:00,2,2,4,1.0,4.0,75119,BD PERIPHERIQUE INTERIEUR,M,"48,8924325","2,3953535",75,2019,70.0,1.0,1.0,4.0,2157176,1.0,1,4,2,1.0,,0.0,0,1991.0,D01,138Â 294Â 022,2.0,6.0,-1.0,1647184,1.0,7,,0.0,2.0,4.0,B01,138Â 294Â 024,1.0
965104,201900006635,10,18,18:00,2,2,4,1.0,4.0,75119,BD PERIPHERIQUE INTERIEUR,M,"48,8924325","2,3953535",75,2019,70.0,1.0,1.0,4.0,2157176,1.0,1,4,2,1.0,,0.0,0,1991.0,D01,138Â 294Â 022,2.0,6.0,-1.0,1647185,1.0,10,,0.0,2.0,1.0,A01,138Â 294Â 025,1.0
965104,201900006635,10,18,18:00,2,2,4,1.0,4.0,75119,BD PERIPHERIQUE INTERIEUR,M,"48,8924325","2,3953535",75,2019,70.0,1.0,1.0,4.0,2157177,1.0,1,1,1,5.0,,0.0,0,1991.0,C01,138Â 294Â 023,1.0,0.0,-1.0,1647181,1.0,33,,0.0,2.0,5.0,E01,138Â 294Â 021,1.0