Unnamed: 0_x,num_acc,mois,jour,hrmn,lum,agg,int,atm,col,com,adr,gps,lat,long,dep,annee,vma,situ,surf,catr,Unnamed: 0_y,place,catu,grav,sexe,trajet,secu,locp,actp,an_nais,num_veh_x,id_vehicule_x,secu1,secu2,secu3,Unnamed: 0,senc,catv,occutc,obs,obsm,choc,num_veh_y,id_vehicule_y,motor
965104,201900006635,10,18,18:00,2,2,4,1.0,4.0,75119,BD PERIPHERIQUE INTERIEUR,M,"48,8924325","2,3953535",75,2019,70.0,1.0,1.0,4.0,2157177,1.0,1,1,1,5.0,,0.0,0,1991.0,C01,138Â 294Â 023,1.0,0.0,-1.0,1647182,1.0,33,,0.0,2.0,2.0,D01,138Â 294Â 022,1.0
965104,201900006635,10,18,18:00,2,2,4,1.0,4.0,75119,BD PERIPHERIQUE INTERIEUR,M,"48,8924325","2,3953535",75,2019,70.0,1.0,1.0,4.0,2157177,1.0,1,1,1,5.0,,0.0,0,1991.0,C01,138Â 294Â 023,1.0,0.0,-1.0,1647183,1.0,7,,0.0,2.0,4.0,C01,138Â 294Â 023,1.0
965104,201900006635,10,18,18:00,2,2,4,1.0,4.0,75119,BD PERIPHERIQUE INTERIEUR,M,"48,8924325","2,3953535",75,2019,70.0,1.0,1.0,4.0,2157177,1.0,1,1,1,5.0,,0.0,0,1991.0,C01,138Â 294Â 023,1.0,0.0,-1.0,1647184,1.0,7,,0.0,2.0,4.0,B01,138Â 294Â 024,1.0
965104,201900006635,10,18,18:00,2,2,4,1.0,4.0,75119,BD PERIPHERIQUE INTERIEUR,M,"48,8924325","2,3953535",75,2019,70.0,1.0,1.0,4.0,2157177,1.0,1,1,1,5.0,,0.0,0,1991.0,C01,138Â 294Â 023,1.0,0.0,-1.0,1647185,1.0,10,,0.0,2.0,1.0,A01,138Â 294Â 025,1.0
965104,201900006635,10,18,18:00,2,2,4,1.0,4.0,75119,BD PERIPHERIQUE INTERIEUR,M,"48,8924325","2,3953535",75,2019,70.0,1.0,1.0,4.0,2157178,1.0,1,1,1,1.0,,0.0,0,1985.0,B01,138Â 294Â 024,1.0,0.0,-1.0,1647181,1.0,33,,0.0,2.0,5.0,E01,138Â 294Â 021,1.0
965104,201900006635,10,18,18:00,2,2,4,1.0,4.0,75119,BD PERIPHERIQUE INTERIEUR,M,"48,8924325","2,3953535",75,2019,70.0,1.0,1.0,4.0,2157178,1.0,1,1,1,1.0,,0.0,0,1985.0,B01,138Â 294Â 024,1.0,0.0,-1.0,1647182,1.0,33,,0.0,2.0,2.0,D01,138Â 294Â 022,1.0
965104,201900006635,10,18,18:00,2,2,4,1.0,4.0,75119,BD PERIPHERIQUE INTERIEUR,M,"48,8924325","2,3953535",75,2019,70.0,1.0,1.0,4.0,2157178,1.0,1,1,1,1.0,,0.0,0,1985.0,B01,138Â 294Â 024,1.0,0.0,-1.0,1647183,1.0,7,,0.0,2.0,4.0,C01,138Â 294Â 023,1.0
965104,201900006635,10,18,18:00,2,2,4,1.0,4.0,75119,BD PERIPHERIQUE INTERIEUR,M,"48,8924325","2,3953535",75,2019,70.0,1.0,1.0,4.0,2157178,1.0,1,1,1,1.0,,0.0,0,1985.0,B01,138Â 294Â 024,1.0,0.0,-1.0,1647184,1.0,7,,0.0,2.0,4.0,B01,138Â 294Â 024,1.0
965104,201900006635,10,18,18:00,2,2,4,1.0,4.0,75119,BD PERIPHERIQUE INTERIEUR,M,"48,8924325","2,3953535",75,2019,70.0,1.0,1.0,4.0,2157178,1.0,1,1,1,1.0,,0.0,0,1985.0,B01,138Â 294Â 024,1.0,0.0,-1.0,1647185,1.0,10,,0.0,2.0,1.0,A01,138Â 294Â 025,1.0
965104,201900006635,10,18,18:00,2,2,4,1.0,4.0,75119,BD PERIPHERIQUE INTERIEUR,M,"48,8924325","2,3953535",75,2019,70.0,1.0,1.0,4.0,2157179,1.0,1,1,1,1.0,,0.0,0,1982.0,A01,138Â 294Â 025,1.0,0.0,-1.0,1647181,1.0,33,,0.0,2.0,5.0,E01,138Â 294Â 021,1.0
965104,201900006635,10,18,18:00,2,2,4,1.0,4.0,75119,BD PERIPHERIQUE INTERIEUR,M,"48,8924325","2,3953535",75,2019,70.0,1.0,1.0,4.0,2157179,1.0,1,1,1,1.0,,0.0,0,1982.0,A01,138Â 294Â 025,1.0,0.0,-1.0,1647182,1.0,33,,0.0,2.0,2.0,D01,138Â 294Â 022,1.0
965104,201900006635,10,18,18:00,2,2,4,1.0,4.0,75119,BD PERIPHERIQUE INTERIEUR,M,"48,8924325","2,3953535",75,2019,70.0,1.0,1.0,4.0,2157179,1.0,1,1,1,1.0,,0.0,0,1982.0,A01,138Â 294Â 025,1.0,0.0,-1.0,1647183,1.0,7,,0.0,2.0,4.0,C01,138Â 294Â 023,1.0
965104,201900006635,10,18,18:00,2,2,4,1.0,4.0,75119,BD PERIPHERIQUE INTERIEUR,M,"48,8924325","2,3953535",75,2019,70.0,1.0,1.0,4.0,2157179,1.0,1,1,1,1.0,,0.0,0,1982.0,A01,138Â 294Â 025,1.0,0.0,-1.0,1647184,1.0,7,,0.0,2.0,4.0,B01,138Â 294Â 024,1.0
965104,201900006635,10,18,18:00,2,2,4,1.0,4.0,75119,BD PERIPHERIQUE INTERIEUR,M,"48,8924325","2,3953535",75,2019,70.0,1.0,1.0,4.0,2157179,1.0,1,1,1,1.0,,0.0,0,1982.0,A01,138Â 294Â 025,1.0,0.0,-1.0,1647185,1.0,10,,0.0,2.0,1.0,A01,138Â 294Â 025,1.0
965105,201900006636,10,20,06:40,5,2,2,2.0,2.0,75105,RUE GAY LUSSAC,M,"48,8459585","2,3412325",75,2019,50.0,1.0,2.0,4.0,2157180,1.0,1,4,1,5.0,,0.0,0,1995.0,A01,138Â 294Â 019,1.0,0.0,-1.0,1647186,1.0,7,,0.0,2.0,4.0,A01,138Â 294Â 019,2.0
965105,201900006636,10,20,06:40,5,2,2,2.0,2.0,75105,RUE GAY LUSSAC,M,"48,8459585","2,3412325",75,2019,50.0,1.0,2.0,4.0,2157180,1.0,1,4,1,5.0,,0.0,0,1995.0,A01,138Â 294Â 019,1.0,0.0,-1.0,1647187,1.0,7,,0.0,2.0,1.0,B01,138Â 294Â 020,1.0
965105,201900006636,10,20,06:40,5,2,2,2.0,2.0,75105,RUE GAY LUSSAC,M,"48,8459585","2,3412325",75,2019,50.0,1.0,2.0,4.0,2157181,1.0,1,1,1,0.0,,0.0,0,1998.0,B01,138Â 294Â 020,1.0,0.0,-1.0,1647186,1.0,7,,0.0,2.0,4.0,A01,138Â 294Â 019,2.0
965105,201900006636,10,20,06:40,5,2,2,2.0,2.0,75105,RUE GAY LUSSAC,M,"48,8459585","2,3412325",75,2019,50.0,1.0,2.0,4.0,2157181,1.0,1,1,1,0.0,,0.0,0,1998.0,B01,138Â 294Â 020,1.0,0.0,-1.0,1647187,1.0,7,,0.0,2.0,1.0,B01,138Â 294Â 020,1.0
965106,201900006637,10,20,09:05,1,2,2,3.0,6.0,75120,RUE DES PYRENEES,M,"48,8675070","2,3964180",75,2019,50.0,1.0,2.0,4.0,2157182,10.0,3,4,2,0.0,,4.0,3,1935.0,Z01,138Â 294Â 018,0.0,-1.0,-1.0,1647188,1.0,30,,0.0,1.0,0.0,Z01,138Â 294Â 018,1.0
965107,201900006638,10,14,13:00,1,2,7,1.0,7.0,75116,BOULEVARD LANNES,M,"48,8710745","2,2752532",75,2019,50.0,1.0,1.0,4.0,2157183,1.0,1,4,2,9.0,,0.0,0,1995.0,A01,138Â 294Â 017,2.0,6.0,-1.0,1647189,3.0,33,,0.0,0.0,7.0,A01,138Â 294Â 017,1.0
965108,201900006639,10,20,11:30,1,2,3,2.0,7.0,75114,RUE D ALESIA,M,"48,8319750","2,3135625",75,2019,50.0,1.0,8.0,4.0,2157184,1.0,1,4,1,5.0,,0.0,0,1979.0,A01,138Â 294Â 016,8.0,2.0,-1.0,1647190,1.0,1,,0.0,0.0,7.0,A01,138Â 294Â 016,5.0
965109,201900006640,10,19,21:10,5,2,3,2.0,6.0,75113,QUAI D AUSTERLITZ,M,"48,8430719","2,3663333",75,2019,50.0,1.0,2.0,4.0,2157185,1.0,1,1,1,5.0,,0.0,0,1991.0,A01,138Â 294Â 013,1.0,0.0,-1.0,1647191,1.0,7,,0.0,2.0,1.0,A01,138Â 294Â 013,1.0
965109,201900006640,10,19,21:10,5,2,3,2.0,6.0,75113,QUAI D AUSTERLITZ,M,"48,8430719","2,3663333",75,2019,50.0,1.0,2.0,4.0,2157185,1.0,1,1,1,5.0,,0.0,0,1991.0,A01,138Â 294Â 013,1.0,0.0,-1.0,1647192,1.0,7,,0.0,2.0,4.0,B01,138Â 294Â 014,1.0
965109,201900006640,10,19,21:10,5,2,3,2.0,6.0,75113,QUAI D AUSTERLITZ,M,"48,8430719","2,3663333",75,2019,50.0,1.0,2.0,4.0,2157185,1.0,1,1,1,5.0,,0.0,0,1991.0,A01,138Â 294Â 013,1.0,0.0,-1.0,1647193,1.0,7,,0.0,2.0,4.0,Z01,138Â 294Â 015,0.0
965109,201900006640,10,19,21:10,5,2,3,2.0,6.0,75113,QUAI D AUSTERLITZ,M,"48,8430719","2,3663333",75,2019,50.0,1.0,2.0,4.0,2157186,1.0,1,4,1,5.0,,0.0,0,1984.0,B01,138Â 294Â 014,1.0,0.0,-1.0,1647191,1.0,7,,0.0,2.0,1.0,A01,138Â 294Â 013,1.0
965109,201900006640,10,19,21:10,5,2,3,2.0,6.0,75113,QUAI D AUSTERLITZ,M,"48,8430719","2,3663333",75,2019,50.0,1.0,2.0,4.0,2157186,1.0,1,4,1,5.0,,0.0,0,1984.0,B01,138Â 294Â 014,1.0,0.0,-1.0,1647192,1.0,7,,0.0,2.0,4.0,B01,138Â 294Â 014,1.0
965109,201900006640,10,19,21:10,5,2,3,2.0,6.0,75113,QUAI D AUSTERLITZ,M,"48,8430719","2,3663333",75,2019,50.0,1.0,2.0,4.0,2157186,1.0,1,4,1,5.0,,0.0,0,1984.0,B01,138Â 294Â 014,1.0,0.0,-1.0,1647193,1.0,7,,0.0,2.0,4.0,Z01,138Â 294Â 015,0.0
965110,201900006641,10,20,03:14,5,2,3,1.0,1.0,75112,QUAI DE BERCY,M,"48,8383652","2,3760779",75,2019,50.0,1.0,2.0,4.0,2157187,2.0,2,1,1,0.0,,0.0,0,1997.0,B01,138Â 294Â 011,1.0,0.0,-1.0,1647194,1.0,7,,0.0,2.0,1.0,B01,138Â 294Â 011,1.0
965110,201900006641,10,20,03:14,5,2,3,1.0,1.0,75112,QUAI DE BERCY,M,"48,8383652","2,3760779",75,2019,50.0,1.0,2.0,4.0,2157187,2.0,2,1,1,0.0,,0.0,0,1997.0,B01,138Â 294Â 011,1.0,0.0,-1.0,1647195,2.0,1,,0.0,2.0,1.0,A01,138Â 294Â 012,5.0
965110,201900006641,10,20,03:14,5,2,3,1.0,1.0,75112,QUAI DE BERCY,M,"48,8383652","2,3760779",75,2019,50.0,1.0,2.0,4.0,2157188,3.0,2,1,1,0.0,,0.0,0,1997.0,B01,138Â 294Â 011,1.0,0.0,-1.0,1647194,1.0,7,,0.0,2.0,1.0,B01,138Â 294Â 011,1.0
965110,201900006641,10,20,03:14,5,2,3,1.0,1.0,75112,QUAI DE BERCY,M,"48,8383652","2,3760779",75,2019,50.0,1.0,2.0,4.0,2157188,3.0,2,1,1,0.0,,0.0,0,1997.0,B01,138Â 294Â 011,1.0,0.0,-1.0,1647195,2.0,1,,0.0,2.0,1.0,A01,138Â 294Â 012,5.0
965110,201900006641,10,20,03:14,5,2,3,1.0,1.0,75112,QUAI DE BERCY,M,"48,8383652","2,3760779",75,2019,50.0,1.0,2.0,4.0,2157189,1.0,1,1,1,0.0,,0.0,0,1996.0,B01,138Â 294Â 011,1.0,8.0,-1.0,1647194,1.0,7,,0.0,2.0,1.0,B01,138Â 294Â 011,1.0
965110,201900006641,10,20,03:14,5,2,3,1.0,1.0,75112,QUAI DE BERCY,M,"48,8383652","2,3760779",75,2019,50.0,1.0,2.0,4.0,2157189,1.0,1,1,1,0.0,,0.0,0,1996.0,B01,138Â 294Â 011,1.0,8.0,-1.0,1647195,2.0,1,,0.0,2.0,1.0,A01,138Â 294Â 012,5.0
965110,201900006641,10,20,03:14,5,2,3,1.0,1.0,75112,QUAI DE BERCY,M,"48,8383652","2,3760779",75,2019,50.0,1.0,2.0,4.0,2157190,1.0,1,4,1,0.0,,0.0,0,1994.0,A01,138Â 294Â 012,8.0,2.0,-1.0,1647194,1.0,7,,0.0,2.0,1.0,B01,138Â 294Â 011,1.0
965110,201900006641,10,20,03:14,5,2,3,1.0,1.0,75112,QUAI DE BERCY,M,"48,8383652","2,3760779",75,2019,50.0,1.0,2.0,4.0,2157190,1.0,1,4,1,0.0,,0.0,0,1994.0,A01,138Â 294Â 012,8.0,2.0,-1.0,1647195,2.0,1,,0.0,2.0,1.0,A01,138Â 294Â 012,5.0
965111,201900006642,10,20,05:40,5,2,3,2.0,6.0,75109,BOULEVARD HAUSSMANN,M,"48,8734171","2,3297101",75,2019,50.0,1.0,2.0,4.0,2157191,3.0,2,1,1,5.0,,0.0,0,1989.0,A01,138Â 294Â 010,1.0,0.0,-1.0,1647196,1.0,7,,7.0,0.0,1.0,A01,138Â 294Â 010,1.0
965111,201900006642,10,20,05:40,5,2,3,2.0,6.0,75109,BOULEVARD HAUSSMANN,M,"48,8734171","2,3297101",75,2019,50.0,1.0,2.0,4.0,2157192,2.0,2,4,2,5.0,,0.0,0,1995.0,A01,138Â 294Â 010,1.0,0.0,-1.0,1647196,1.0,7,,7.0,0.0,1.0,A01,138Â 294Â 010,1.0
965111,201900006642,10,20,05:40,5,2,3,2.0,6.0,75109,BOULEVARD HAUSSMANN,M,"48,8734171","2,3297101",75,2019,50.0,1.0,2.0,4.0,2157193,1.0,1,1,1,5.0,,0.0,0,1988.0,A01,138Â 294Â 010,1.0,0.0,-1.0,1647196,1.0,7,,7.0,0.0,1.0,A01,138Â 294Â 010,1.0
965112,201900006643,10,20,04:55,5,2,3,3.0,3.0,75109,BOULEVARD DE CLICHY,M,"48,8829755","2,3348702",75,2019,50.0,6.0,2.0,4.0,2157194,1.0,1,4,2,5.0,,0.0,0,1987.0,B01,138Â 294Â 008,0.0,2.0,-1.0,1647197,2.0,50,,0.0,2.0,1.0,B01,138Â 294Â 008,3.0
965112,201900006643,10,20,04:55,5,2,3,3.0,3.0,75109,BOULEVARD DE CLICHY,M,"48,8829755","2,3348702",75,2019,50.0,6.0,2.0,4.0,2157194,1.0,1,4,2,5.0,,0.0,0,1987.0,B01,138Â 294Â 008,0.0,2.0,-1.0,1647198,1.0,7,,0.0,2.0,3.0,A01,138Â 294Â 009,2.0
965112,201900006643,10,20,04:55,5,2,3,3.0,3.0,75109,BOULEVARD DE CLICHY,M,"48,8829755","2,3348702",75,2019,50.0,6.0,2.0,4.0,2157195,3.0,2,1,1,5.0,,0.0,0,1985.0,A01,138Â 294Â 009,1.0,0.0,-1.0,1647197,2.0,50,,0.0,2.0,1.0,B01,138Â 294Â 008,3.0
965112,201900006643,10,20,04:55,5,2,3,3.0,3.0,75109,BOULEVARD DE CLICHY,M,"48,8829755","2,3348702",75,2019,50.0,6.0,2.0,4.0,2157195,3.0,2,1,1,5.0,,0.0,0,1985.0,A01,138Â 294Â 009,1.0,0.0,-1.0,1647198,1.0,7,,0.0,2.0,3.0,A01,138Â 294Â 009,2.0
965112,201900006643,10,20,04:55,5,2,3,3.0,3.0,75109,BOULEVARD DE CLICHY,M,"48,8829755","2,3348702",75,2019,50.0,6.0,2.0,4.0,2157196,1.0,1,1,1,4.0,,0.0,0,1978.0,A01,138Â 294Â 009,1.0,0.0,-1.0,1647197,2.0,50,,0.0,2.0,1.0,B01,138Â 294Â 008,3.0
965112,201900006643,10,20,04:55,5,2,3,3.0,3.0,75109,BOULEVARD DE CLICHY,M,"48,8829755","2,3348702",75,2019,50.0,6.0,2.0,4.0,2157196,1.0,1,1,1,4.0,,0.0,0,1978.0,A01,138Â 294Â 009,1.0,0.0,-1.0,1647198,1.0,7,,0.0,2.0,3.0,A01,138Â 294Â 009,2.0
965113,201900006644,10,19,23:30,5,2,2,2.0,3.0,75109,RUE SAINT LAZARE,M,"48,8762730","2,3318574",75,2019,50.0,6.0,2.0,4.0,2157197,1.0,1,1,1,0.0,,0.0,0,1983.0,A01,138Â 294Â 006,1.0,0.0,-1.0,1647199,2.0,7,,0.0,2.0,7.0,A01,138Â 294Â 006,1.0
965113,201900006644,10,19,23:30,5,2,2,2.0,3.0,75109,RUE SAINT LAZARE,M,"48,8762730","2,3318574",75,2019,50.0,6.0,2.0,4.0,2157197,1.0,1,1,1,0.0,,0.0,0,1983.0,A01,138Â 294Â 006,1.0,0.0,-1.0,1647200,2.0,30,,0.0,2.0,0.0,B01,138Â 294Â 007,1.0
965113,201900006644,10,19,23:30,5,2,2,2.0,3.0,75109,RUE SAINT LAZARE,M,"48,8762730","2,3318574",75,2019,50.0,6.0,2.0,4.0,2157198,1.0,1,4,1,0.0,,0.0,0,1987.0,B01,138Â 294Â 007,2.0,6.0,-1.0,1647199,2.0,7,,0.0,2.0,7.0,A01,138Â 294Â 006,1.0
965113,201900006644,10,19,23:30,5,2,2,2.0,3.0,75109,RUE SAINT LAZARE,M,"48,8762730","2,3318574",75,2019,50.0,6.0,2.0,4.0,2157198,1.0,1,4,1,0.0,,0.0,0,1987.0,B01,138Â 294Â 007,2.0,6.0,-1.0,1647200,2.0,30,,0.0,2.0,0.0,B01,138Â 294Â 007,1.0
965114,201900006645,10,19,21:10,5,2,1,2.0,3.0,75109,BOULEVARD DE ROCHECHOUART,M,"48,8831798","2,3463485",75,2019,50.0,5.0,2.0,4.0,2157199,1.0,1,4,1,1.0,,0.0,0,1980.0,B01,138Â 294Â 004,8.0,2.0,-1.0,1647201,2.0,1,,0.0,2.0,7.0,B01,138Â 294Â 004,5.0
965114,201900006645,10,19,21:10,5,2,1,2.0,3.0,75109,BOULEVARD DE ROCHECHOUART,M,"48,8831798","2,3463485",75,2019,50.0,5.0,2.0,4.0,2157199,1.0,1,4,1,1.0,,0.0,0,1980.0,B01,138Â 294Â 004,8.0,2.0,-1.0,1647202,2.0,7,,0.0,2.0,8.0,A01,138Â 294Â 005,3.0
965114,201900006645,10,19,21:10,5,2,1,2.0,3.0,75109,BOULEVARD DE ROCHECHOUART,M,"48,8831798","2,3463485",75,2019,50.0,5.0,2.0,4.0,2157200,1.0,1,1,1,4.0,,0.0,0,1964.0,A01,138Â 294Â 005,1.0,0.0,-1.0,1647201,2.0,1,,0.0,2.0,7.0,B01,138Â 294Â 004,5.0
965114,201900006645,10,19,21:10,5,2,1,2.0,3.0,75109,BOULEVARD DE ROCHECHOUART,M,"48,8831798","2,3463485",75,2019,50.0,5.0,2.0,4.0,2157200,1.0,1,1,1,4.0,,0.0,0,1964.0,A01,138Â 294Â 005,1.0,0.0,-1.0,1647202,2.0,7,,0.0,2.0,8.0,A01,138Â 294Â 005,3.0
965115,201900006646,10,20,15:15,1,2,2,2.0,6.0,75108,RUE DU GENERAL FOY,M,"48,8778850","2,3181552",75,2019,50.0,1.0,2.0,4.0,2157201,1.0,1,4,1,5.0,,0.0,0,1992.0,A01,138Â 294Â 003,2.0,6.0,-1.0,1647203,2.0,31,,1.0,0.0,2.0,A01,138Â 294Â 003,1.0
965116,201900006647,10,20,09:20,1,2,2,3.0,3.0,75104,QUAI DE GESVRES,M,"48,8560682","2,3506934",75,2019,50.0,1.0,2.0,4.0,2157202,1.0,1,1,2,5.0,,0.0,0,1970.0,A01,138Â 294Â 001,1.0,0.0,-1.0,1647204,3.0,7,,0.0,2.0,3.0,A01,138Â 294Â 001,1.0
965116,201900006647,10,20,09:20,1,2,2,3.0,3.0,75104,QUAI DE GESVRES,M,"48,8560682","2,3506934",75,2019,50.0,1.0,2.0,4.0,2157202,1.0,1,1,2,5.0,,0.0,0,1970.0,A01,138Â 294Â 001,1.0,0.0,-1.0,1647205,3.0,50,,0.0,2.0,2.0,B01,138Â 294Â 002,3.0
965116,201900006647,10,20,09:20,1,2,2,3.0,3.0,75104,QUAI DE GESVRES,M,"48,8560682","2,3506934",75,2019,50.0,1.0,2.0,4.0,2157203,1.0,1,4,2,5.0,,0.0,0,2001.0,B01,138Â 294Â 002,0.0,2.0,-1.0,1647204,3.0,7,,0.0,2.0,3.0,A01,138Â 294Â 001,1.0
965116,201900006647,10,20,09:20,1,2,2,3.0,3.0,75104,QUAI DE GESVRES,M,"48,8560682","2,3506934",75,2019,50.0,1.0,2.0,4.0,2157203,1.0,1,4,2,5.0,,0.0,0,2001.0,B01,138Â 294Â 002,0.0,2.0,-1.0,1647205,3.0,50,,0.0,2.0,2.0,B01,138Â 294Â 002,3.0
965117,201900006648,10,20,00:20,5,2,7,2.0,3.0,94028,ALYSES.(PLACE DES),M,"48,7703500","2,4614600",94,2019,50.0,2.0,2.0,4.0,2157204,1.0,1,4,2,0.0,,-1.0,0,1989.0,A01,138Â 293Â 999,1.0,0.0,-1.0,1647206,3.0,7,,6.0,2.0,3.0,A01,138Â 293Â 999,1.0
965117,201900006648,10,20,00:20,5,2,7,2.0,3.0,94028,ALYSES.(PLACE DES),M,"48,7703500","2,4614600",94,2019,50.0,2.0,2.0,4.0,2157204,1.0,1,4,2,0.0,,-1.0,0,1989.0,A01,138Â 293Â 999,1.0,0.0,-1.0,1647207,3.0,7,,0.0,2.0,1.0,B01,138Â 294Â 000,1.0
965118,201900006649,10,20,18:10,2,2,3,2.0,5.0,94077,REPUBLIQUE (AV DE LA),M,"48,7316500","2,4129100",94,2019,50.0,1.0,2.0,3.0,2157205,1.0,1,1,1,5.0,,0.0,0,1986.0,A01,138Â 293Â 996,1.0,0.0,-1.0,1647208,2.0,7,,1.0,0.0,1.0,A01,138Â 293Â 996,0.0
965118,201900006649,10,20,18:10,2,2,3,2.0,5.0,94077,REPUBLIQUE (AV DE LA),M,"48,7316500","2,4129100",94,2019,50.0,1.0,2.0,3.0,2157205,1.0,1,1,1,5.0,,0.0,0,1986.0,A01,138Â 293Â 996,1.0,0.0,-1.0,1647209,2.0,7,,1.0,0.0,4.0,B01,138Â 293Â 997,0.0
965118,201900006649,10,20,18:10,2,2,3,2.0,5.0,94077,REPUBLIQUE (AV DE LA),M,"48,7316500","2,4129100",94,2019,50.0,1.0,2.0,3.0,2157205,1.0,1,1,1,5.0,,0.0,0,1986.0,A01,138Â 293Â 996,1.0,0.0,-1.0,1647210,2.0,7,,14.0,0.0,3.0,C01,138Â 293Â 998,0.0
965118,201900006649,10,20,18:10,2,2,3,2.0,5.0,94077,REPUBLIQUE (AV DE LA),M,"48,7316500","2,4129100",94,2019,50.0,1.0,2.0,3.0,2157206,1.0,1,1,1,9.0,,-1.0, -1,1984.0,B01,138Â 293Â 997,1.0,0.0,-1.0,1647208,2.0,7,,1.0,0.0,1.0,A01,138Â 293Â 996,0.0
965118,201900006649,10,20,18:10,2,2,3,2.0,5.0,94077,REPUBLIQUE (AV DE LA),M,"48,7316500","2,4129100",94,2019,50.0,1.0,2.0,3.0,2157206,1.0,1,1,1,9.0,,-1.0, -1,1984.0,B01,138Â 293Â 997,1.0,0.0,-1.0,1647209,2.0,7,,1.0,0.0,4.0,B01,138Â 293Â 997,0.0
965118,201900006649,10,20,18:10,2,2,3,2.0,5.0,94077,REPUBLIQUE (AV DE LA),M,"48,7316500","2,4129100",94,2019,50.0,1.0,2.0,3.0,2157206,1.0,1,1,1,9.0,,-1.0, -1,1984.0,B01,138Â 293Â 997,1.0,0.0,-1.0,1647210,2.0,7,,14.0,0.0,3.0,C01,138Â 293Â 998,0.0
965118,201900006649,10,20,18:10,2,2,3,2.0,5.0,94077,REPUBLIQUE (AV DE LA),M,"48,7316500","2,4129100",94,2019,50.0,1.0,2.0,3.0,2157207,3.0,2,4,2,0.0,,-1.0, -1,2018.0,B01,138Â 293Â 997,1.0,0.0,-1.0,1647208,2.0,7,,1.0,0.0,1.0,A01,138Â 293Â 996,0.0
965118,201900006649,10,20,18:10,2,2,3,2.0,5.0,94077,REPUBLIQUE (AV DE LA),M,"48,7316500","2,4129100",94,2019,50.0,1.0,2.0,3.0,2157207,3.0,2,4,2,0.0,,-1.0, -1,2018.0,B01,138Â 293Â 997,1.0,0.0,-1.0,1647209,2.0,7,,1.0,0.0,4.0,B01,138Â 293Â 997,0.0
965118,201900006649,10,20,18:10,2,2,3,2.0,5.0,94077,REPUBLIQUE (AV DE LA),M,"48,7316500","2,4129100",94,2019,50.0,1.0,2.0,3.0,2157207,3.0,2,4,2,0.0,,-1.0, -1,2018.0,B01,138Â 293Â 997,1.0,0.0,-1.0,1647210,2.0,7,,14.0,0.0,3.0,C01,138Â 293Â 998,0.0
965118,201900006649,10,20,18:10,2,2,3,2.0,5.0,94077,REPUBLIQUE (AV DE LA),M,"48,7316500","2,4129100",94,2019,50.0,1.0,2.0,3.0,2157208,2.0,2,1,1,5.0,,-1.0, -1,1985.0,B01,138Â 293Â 997,1.0,0.0,-1.0,1647208,2.0,7,,1.0,0.0,1.0,A01,138Â 293Â 996,0.0
965118,201900006649,10,20,18:10,2,2,3,2.0,5.0,94077,REPUBLIQUE (AV DE LA),M,"48,7316500","2,4129100",94,2019,50.0,1.0,2.0,3.0,2157208,2.0,2,1,1,5.0,,-1.0, -1,1985.0,B01,138Â 293Â 997,1.0,0.0,-1.0,1647209,2.0,7,,1.0,0.0,4.0,B01,138Â 293Â 997,0.0
965118,201900006649,10,20,18:10,2,2,3,2.0,5.0,94077,REPUBLIQUE (AV DE LA),M,"48,7316500","2,4129100",94,2019,50.0,1.0,2.0,3.0,2157208,2.0,2,1,1,5.0,,-1.0, -1,1985.0,B01,138Â 293Â 997,1.0,0.0,-1.0,1647210,2.0,7,,14.0,0.0,3.0,C01,138Â 293Â 998,0.0
965118,201900006649,10,20,18:10,2,2,3,2.0,5.0,94077,REPUBLIQUE (AV DE LA),M,"48,7316500","2,4129100",94,2019,50.0,1.0,2.0,3.0,2157209,1.0,1,1,1,5.0,,-1.0, -1,1996.0,C01,138Â 293Â 998,1.0,0.0,-1.0,1647208,2.0,7,,1.0,0.0,1.0,A01,138Â 293Â 996,0.0
965118,201900006649,10,20,18:10,2,2,3,2.0,5.0,94077,REPUBLIQUE (AV DE LA),M,"48,7316500","2,4129100",94,2019,50.0,1.0,2.0,3.0,2157209,1.0,1,1,1,5.0,,-1.0, -1,1996.0,C01,138Â 293Â 998,1.0,0.0,-1.0,1647209,2.0,7,,1.0,0.0,4.0,B01,138Â 293Â 997,0.0
965118,201900006649,10,20,18:10,2,2,3,2.0,5.0,94077,REPUBLIQUE (AV DE LA),M,"48,7316500","2,4129100",94,2019,50.0,1.0,2.0,3.0,2157209,1.0,1,1,1,5.0,,-1.0, -1,1996.0,C01,138Â 293Â 998,1.0,0.0,-1.0,1647210,2.0,7,,14.0,0.0,3.0,C01,138Â 293Â 998,0.0
965119,201900006650,10,20,13:00,1,2,1,1.0,2.0,94017,REPUBLIQUE (AV DE LA),M,"48,8208097","2,5109434",94,2019,50.0,1.0,2.0,3.0,2157210,1.0,1,1,1,9.0,,-1.0, -1,1973.0,A01,138Â 293Â 994,1.0,0.0,-1.0,1647211,1.0,10,,0.0,2.0,1.0,A01,138Â 293Â 994,1.0
965119,201900006650,10,20,13:00,1,2,1,1.0,2.0,94017,REPUBLIQUE (AV DE LA),M,"48,8208097","2,5109434",94,2019,50.0,1.0,2.0,3.0,2157210,1.0,1,1,1,9.0,,-1.0, -1,1973.0,A01,138Â 293Â 994,1.0,0.0,-1.0,1647212,1.0,7,,0.0,0.0,4.0,B01,138Â 293Â 995,1.0
965119,201900006650,10,20,13:00,1,2,1,1.0,2.0,94017,REPUBLIQUE (AV DE LA),M,"48,8208097","2,5109434",94,2019,50.0,1.0,2.0,3.0,2157211,1.0,1,4,2,9.0,,-1.0, -1,1991.0,B01,138Â 293Â 995,1.0,0.0,-1.0,1647211,1.0,10,,0.0,2.0,1.0,A01,138Â 293Â 994,1.0