Unnamed: 0_x,num_acc,mois,jour,hrmn,lum,agg,int,atm,col,com,adr,gps,lat,long,dep,annee,vma,situ,surf,catr,Unnamed: 0_y,place,catu,grav,sexe,trajet,secu,locp,actp,an_nais,num_veh_x,id_vehicule_x,secu1,secu2,secu3,Unnamed: 0,senc,catv,occutc,obs,obsm,choc,num_veh_y,id_vehicule_y,motor
965119,201900006650,10,20,13:00,1,2,1,1.0,2.0,94017,REPUBLIQUE (AV DE LA),M,"48,8208097","2,5109434",94,2019,50.0,1.0,2.0,3.0,2157211,1.0,1,4,2,9.0,,-1.0, -1,1991.0,B01,138Â 293Â 995,1.0,0.0,-1.0,1647212,1.0,7,,0.0,0.0,4.0,B01,138Â 293Â 995,1.0
965120,201900006651,10,19,22:15,5,2,2,2.0,3.0,93073,SALENGRO (AVENUE ROGER),M,"48,9428300","2,5770100",93,2019,50.0,1.0,2.0,4.0,2157212,2.0,2,4,1,5.0,,-1.0, -1,2008.0,B01,138Â 293Â 992,1.0,0.0,-1.0,1647213,3.0,7,,0.0,2.0,3.0,B01,138Â 293Â 992,1.0
965120,201900006651,10,19,22:15,5,2,2,2.0,3.0,93073,SALENGRO (AVENUE ROGER),M,"48,9428300","2,5770100",93,2019,50.0,1.0,2.0,4.0,2157212,2.0,2,4,1,5.0,,-1.0, -1,2008.0,B01,138Â 293Â 992,1.0,0.0,-1.0,1647214,3.0,7,,0.0,2.0,1.0,A01,138Â 293Â 993,1.0
965120,201900006651,10,19,22:15,5,2,2,2.0,3.0,93073,SALENGRO (AVENUE ROGER),M,"48,9428300","2,5770100",93,2019,50.0,1.0,2.0,4.0,2157213,3.0,2,4,1,5.0,,-1.0, -1,2014.0,B01,138Â 293Â 992,3.0,0.0,-1.0,1647213,3.0,7,,0.0,2.0,3.0,B01,138Â 293Â 992,1.0
965120,201900006651,10,19,22:15,5,2,2,2.0,3.0,93073,SALENGRO (AVENUE ROGER),M,"48,9428300","2,5770100",93,2019,50.0,1.0,2.0,4.0,2157213,3.0,2,4,1,5.0,,-1.0, -1,2014.0,B01,138Â 293Â 992,3.0,0.0,-1.0,1647214,3.0,7,,0.0,2.0,1.0,A01,138Â 293Â 993,1.0
965120,201900006651,10,19,22:15,5,2,2,2.0,3.0,93073,SALENGRO (AVENUE ROGER),M,"48,9428300","2,5770100",93,2019,50.0,1.0,2.0,4.0,2157214,1.0,1,4,2,5.0,,-1.0, -1,1979.0,B01,138Â 293Â 992,1.0,0.0,-1.0,1647213,3.0,7,,0.0,2.0,3.0,B01,138Â 293Â 992,1.0
965120,201900006651,10,19,22:15,5,2,2,2.0,3.0,93073,SALENGRO (AVENUE ROGER),M,"48,9428300","2,5770100",93,2019,50.0,1.0,2.0,4.0,2157214,1.0,1,4,2,5.0,,-1.0, -1,1979.0,B01,138Â 293Â 992,1.0,0.0,-1.0,1647214,3.0,7,,0.0,2.0,1.0,A01,138Â 293Â 993,1.0
965120,201900006651,10,19,22:15,5,2,2,2.0,3.0,93073,SALENGRO (AVENUE ROGER),M,"48,9428300","2,5770100",93,2019,50.0,1.0,2.0,4.0,2157215,1.0,1,1,2,9.0,,-1.0, -1,1990.0,A01,138Â 293Â 993,1.0,0.0,-1.0,1647213,3.0,7,,0.0,2.0,3.0,B01,138Â 293Â 992,1.0
965120,201900006651,10,19,22:15,5,2,2,2.0,3.0,93073,SALENGRO (AVENUE ROGER),M,"48,9428300","2,5770100",93,2019,50.0,1.0,2.0,4.0,2157215,1.0,1,1,2,9.0,,-1.0, -1,1990.0,A01,138Â 293Â 993,1.0,0.0,-1.0,1647214,3.0,7,,0.0,2.0,1.0,A01,138Â 293Â 993,1.0
965120,201900006651,10,19,22:15,5,2,2,2.0,3.0,93073,SALENGRO (AVENUE ROGER),M,"48,9428300","2,5770100",93,2019,50.0,1.0,2.0,4.0,2157216,2.0,2,1,1,5.0,,-1.0, -1,1985.0,A01,138Â 293Â 993,1.0,0.0,-1.0,1647213,3.0,7,,0.0,2.0,3.0,B01,138Â 293Â 992,1.0
965120,201900006651,10,19,22:15,5,2,2,2.0,3.0,93073,SALENGRO (AVENUE ROGER),M,"48,9428300","2,5770100",93,2019,50.0,1.0,2.0,4.0,2157216,2.0,2,1,1,5.0,,-1.0, -1,1985.0,A01,138Â 293Â 993,1.0,0.0,-1.0,1647214,3.0,7,,0.0,2.0,1.0,A01,138Â 293Â 993,1.0
965121,201900006652,10,20,13:50,1,2,2,8.0,3.0,93062,LIVRY (AVENUE DE),M,"48,9027400","2,5205400",93,2019,50.0,1.0,2.0,4.0,2157217,1.0,1,1,1,5.0,,-1.0, -1,1974.0,B01,138Â 293Â 991,8.0,0.0,-1.0,1647215,1.0,7,,9.0,2.0,7.0,A01,138Â 293Â 990,1.0
965121,201900006652,10,20,13:50,1,2,2,8.0,3.0,93062,LIVRY (AVENUE DE),M,"48,9027400","2,5205400",93,2019,50.0,1.0,2.0,4.0,2157217,1.0,1,1,1,5.0,,-1.0, -1,1974.0,B01,138Â 293Â 991,8.0,0.0,-1.0,1647216,1.0,7,,0.0,2.0,1.0,B01,138Â 293Â 991,1.0
965121,201900006652,10,20,13:50,1,2,2,8.0,3.0,93062,LIVRY (AVENUE DE),M,"48,9027400","2,5205400",93,2019,50.0,1.0,2.0,4.0,2157218,2.0,2,4,1,5.0,,-1.0, -1,1967.0,B01,138Â 293Â 991,8.0,0.0,-1.0,1647215,1.0,7,,9.0,2.0,7.0,A01,138Â 293Â 990,1.0
965121,201900006652,10,20,13:50,1,2,2,8.0,3.0,93062,LIVRY (AVENUE DE),M,"48,9027400","2,5205400",93,2019,50.0,1.0,2.0,4.0,2157218,2.0,2,4,1,5.0,,-1.0, -1,1967.0,B01,138Â 293Â 991,8.0,0.0,-1.0,1647216,1.0,7,,0.0,2.0,1.0,B01,138Â 293Â 991,1.0
965122,201900006653,10,20,05:05,5,2,3,3.0,3.0,93074,MEAUX RUE DE,M,"48,9379900","2,5959700",93,2019,50.0,1.0,2.0,3.0,2157219,1.0,1,1,1,5.0,,-1.0, -1,1996.0,A01,138Â 293Â 988,1.0,0.0,-1.0,1647217,0.0,7,,0.0,2.0,1.0,A01,138Â 293Â 988,1.0
965122,201900006653,10,20,05:05,5,2,3,3.0,3.0,93074,MEAUX RUE DE,M,"48,9379900","2,5959700",93,2019,50.0,1.0,2.0,3.0,2157219,1.0,1,1,1,5.0,,-1.0, -1,1996.0,A01,138Â 293Â 988,1.0,0.0,-1.0,1647218,0.0,7,,0.0,2.0,3.0,B01,138Â 293Â 989,1.0
965122,201900006653,10,20,05:05,5,2,3,3.0,3.0,93074,MEAUX RUE DE,M,"48,9379900","2,5959700",93,2019,50.0,1.0,2.0,3.0,2157220,1.0,1,3,1,0.0,,-1.0, -1,1992.0,B01,138Â 293Â 989,8.0,0.0,-1.0,1647217,0.0,7,,0.0,2.0,1.0,A01,138Â 293Â 988,1.0
965122,201900006653,10,20,05:05,5,2,3,3.0,3.0,93074,MEAUX RUE DE,M,"48,9379900","2,5959700",93,2019,50.0,1.0,2.0,3.0,2157220,1.0,1,3,1,0.0,,-1.0, -1,1992.0,B01,138Â 293Â 989,8.0,0.0,-1.0,1647218,0.0,7,,0.0,2.0,3.0,B01,138Â 293Â 989,1.0
965123,201900006654,10,20,18:00,1,2,1,2.0,3.0,93014,ETIENNE LAURENT (ALLEE),M,"48,9032600","2,5509700",93,2019,30.0,1.0,2.0,4.0,2157221,1.0,1,1,1,0.0,,-1.0, -1,1985.0,B01,138Â 293Â 986,1.0,8.0,-1.0,1647219,2.0,7,,0.0,2.0,3.0,B01,138Â 293Â 986,0.0
965123,201900006654,10,20,18:00,1,2,1,2.0,3.0,93014,ETIENNE LAURENT (ALLEE),M,"48,9032600","2,5509700",93,2019,30.0,1.0,2.0,4.0,2157221,1.0,1,1,1,0.0,,-1.0, -1,1985.0,B01,138Â 293Â 986,1.0,8.0,-1.0,1647220,1.0,7,,0.0,2.0,3.0,A01,138Â 293Â 987,0.0
965123,201900006654,10,20,18:00,1,2,1,2.0,3.0,93014,ETIENNE LAURENT (ALLEE),M,"48,9032600","2,5509700",93,2019,30.0,1.0,2.0,4.0,2157222,2.0,2,4,2,0.0,,-1.0, -1,1986.0,A01,138Â 293Â 987,1.0,8.0,-1.0,1647219,2.0,7,,0.0,2.0,3.0,B01,138Â 293Â 986,0.0
965123,201900006654,10,20,18:00,1,2,1,2.0,3.0,93014,ETIENNE LAURENT (ALLEE),M,"48,9032600","2,5509700",93,2019,30.0,1.0,2.0,4.0,2157222,2.0,2,4,2,0.0,,-1.0, -1,1986.0,A01,138Â 293Â 987,1.0,8.0,-1.0,1647220,1.0,7,,0.0,2.0,3.0,A01,138Â 293Â 987,0.0
965123,201900006654,10,20,18:00,1,2,1,2.0,3.0,93014,ETIENNE LAURENT (ALLEE),M,"48,9032600","2,5509700",93,2019,30.0,1.0,2.0,4.0,2157223,1.0,1,4,1,0.0,,-1.0, -1,1985.0,A01,138Â 293Â 987,1.0,8.0,-1.0,1647219,2.0,7,,0.0,2.0,3.0,B01,138Â 293Â 986,0.0
965123,201900006654,10,20,18:00,1,2,1,2.0,3.0,93014,ETIENNE LAURENT (ALLEE),M,"48,9032600","2,5509700",93,2019,30.0,1.0,2.0,4.0,2157223,1.0,1,4,1,0.0,,-1.0, -1,1985.0,A01,138Â 293Â 987,1.0,8.0,-1.0,1647220,1.0,7,,0.0,2.0,3.0,A01,138Â 293Â 987,0.0
965124,201900006655,10,20,07:45,5,2,9,3.0,6.0,93005,PAUL CEZANNE (RUE),M,"48,9537800","2,5062100",93,2019,50.0,6.0,2.0,3.0,2157224,10.0,3,4,1,0.0,,3.0,3,1992.0,A01,138Â 293Â 985,8.0,0.0,-1.0,1647221,0.0,10,,0.0,1.0,1.0,A01,138Â 293Â 985,0.0
965124,201900006655,10,20,07:45,5,2,9,3.0,6.0,93005,PAUL CEZANNE (RUE),M,"48,9537800","2,5062100",93,2019,50.0,6.0,2.0,3.0,2157225,1.0,1,1,1,0.0,,-1.0, -1,1987.0,A01,138Â 293Â 985,1.0,0.0,-1.0,1647221,0.0,10,,0.0,1.0,1.0,A01,138Â 293Â 985,0.0
965125,201900006656,10,20,16:24,1,2,3,2.0,6.0,92040,AUGUSTE GERVAIS,M,"48,8226810","2,2736770",92,2019,50.0,1.0,2.0,3.0,2157226,1.0,1,1,2,0.0,,-1.0,0,1940.0,A01,138Â 293Â 984,1.0,0.0,-1.0,1647222,0.0,7,,6.0,0.0,3.0,A01,138Â 293Â 984,1.0
965125,201900006656,10,20,16:24,1,2,3,2.0,6.0,92040,AUGUSTE GERVAIS,M,"48,8226810","2,2736770",92,2019,50.0,1.0,2.0,3.0,2157227,2.0,2,4,1,0.0,,-1.0,0,1931.0,A01,138Â 293Â 984,1.0,0.0,-1.0,1647222,0.0,7,,6.0,0.0,3.0,A01,138Â 293Â 984,1.0
965126,201900006657,10,19,21:15,5,2,1,1.0,6.0,92004,MOURINOUX ( RUE DES ),M,"48,9292000","2,2744000",92,2019,50.0,1.0,1.0,4.0,2157228,10.0,3,4,1,5.0,,3.0,1,1943.0,A01,138Â 293Â 983,8.0,0.0,-1.0,1647223,3.0,7,,0.0,2.0,1.0,A01,138Â 293Â 983,0.0
965126,201900006657,10,19,21:15,5,2,1,1.0,6.0,92004,MOURINOUX ( RUE DES ),M,"48,9292000","2,2744000",92,2019,50.0,1.0,1.0,4.0,2157229,1.0,1,1,1,9.0,,-1.0,0,1991.0,A01,138Â 293Â 983,1.0,0.0,-1.0,1647223,3.0,7,,0.0,2.0,1.0,A01,138Â 293Â 983,0.0
965127,201900006658,10,21,13:20,1,1,1,1.0,6.0,28073,A11,M,"48,4825150","1,6453780",28,2019,130.0,3.0,1.0,1.0,2157230,7.0,2,2,2,5.0,,0.0,0,1973.0,A01,138Â 293Â 981,0.0,-1.0,-1.0,1647224,1.0,7,,13.0,0.0,2.0,A01,138Â 293Â 981,1.0
965127,201900006658,10,21,13:20,1,1,1,1.0,6.0,28073,A11,M,"48,4825150","1,6453780",28,2019,130.0,3.0,1.0,1.0,2157231,2.0,2,1,1,5.0,,0.0,0,2007.0,A01,138Â 293Â 981,1.0,-1.0,-1.0,1647224,1.0,7,,13.0,0.0,2.0,A01,138Â 293Â 981,1.0
965127,201900006658,10,21,13:20,1,1,1,1.0,6.0,28073,A11,M,"48,4825150","1,6453780",28,2019,130.0,3.0,1.0,1.0,2157232,4.0,2,1,1,5.0,,0.0,0,2014.0,A01,138Â 293Â 981,1.0,-1.0,-1.0,1647224,1.0,7,,13.0,0.0,2.0,A01,138Â 293Â 981,1.0
965127,201900006658,10,21,13:20,1,1,1,1.0,6.0,28073,A11,M,"48,4825150","1,6453780",28,2019,130.0,3.0,1.0,1.0,2157233,9.0,2,1,2,5.0,,0.0,0,1999.0,A01,138Â 293Â 981,1.0,-1.0,-1.0,1647224,1.0,7,,13.0,0.0,2.0,A01,138Â 293Â 981,1.0
965127,201900006658,10,21,13:20,1,1,1,1.0,6.0,28073,A11,M,"48,4825150","1,6453780",28,2019,130.0,3.0,1.0,1.0,2157234,1.0,1,1,1,5.0,,0.0,0,1985.0,A01,138Â 293Â 981,1.0,-1.0,-1.0,1647224,1.0,7,,13.0,0.0,2.0,A01,138Â 293Â 981,1.0
965127,201900006658,10,21,13:20,1,1,1,1.0,6.0,28073,A11,M,"48,4825150","1,6453780",28,2019,130.0,3.0,1.0,1.0,2157235,3.0,2,1,2,5.0,,0.0,0,2012.0,A01,138Â 293Â 981,1.0,-1.0,-1.0,1647224,1.0,7,,13.0,0.0,2.0,A01,138Â 293Â 981,1.0
965128,201900006659,10,21,15:45,1,1,1,1.0,5.0,41252,A10,M,"47,6905310","1,4307260",41,2019,110.0,1.0,1.0,1.0,2157236,1.0,1,1,1,5.0,,0.0,0,1996.0,C01,138Â 293Â 978,1.0,-1.0,-1.0,1647225,2.0,7,,0.0,2.0,4.0,C01,138Â 293Â 978,6.0
965128,201900006659,10,21,15:45,1,1,1,1.0,5.0,41252,A10,M,"47,6905310","1,4307260",41,2019,110.0,1.0,1.0,1.0,2157236,1.0,1,1,1,5.0,,0.0,0,1996.0,C01,138Â 293Â 978,1.0,-1.0,-1.0,1647226,2.0,7,,0.0,2.0,6.0,B01,138Â 293Â 979,6.0
965128,201900006659,10,21,15:45,1,1,1,1.0,5.0,41252,A10,M,"47,6905310","1,4307260",41,2019,110.0,1.0,1.0,1.0,2157236,1.0,1,1,1,5.0,,0.0,0,1996.0,C01,138Â 293Â 978,1.0,-1.0,-1.0,1647227,2.0,7,,0.0,2.0,1.0,A01,138Â 293Â 980,6.0
965128,201900006659,10,21,15:45,1,1,1,1.0,5.0,41252,A10,M,"47,6905310","1,4307260",41,2019,110.0,1.0,1.0,1.0,2157237,1.0,1,1,1,5.0,,0.0,0,1933.0,B01,138Â 293Â 979,1.0,-1.0,-1.0,1647225,2.0,7,,0.0,2.0,4.0,C01,138Â 293Â 978,6.0
965128,201900006659,10,21,15:45,1,1,1,1.0,5.0,41252,A10,M,"47,6905310","1,4307260",41,2019,110.0,1.0,1.0,1.0,2157237,1.0,1,1,1,5.0,,0.0,0,1933.0,B01,138Â 293Â 979,1.0,-1.0,-1.0,1647226,2.0,7,,0.0,2.0,6.0,B01,138Â 293Â 979,6.0
965128,201900006659,10,21,15:45,1,1,1,1.0,5.0,41252,A10,M,"47,6905310","1,4307260",41,2019,110.0,1.0,1.0,1.0,2157237,1.0,1,1,1,5.0,,0.0,0,1933.0,B01,138Â 293Â 979,1.0,-1.0,-1.0,1647227,2.0,7,,0.0,2.0,1.0,A01,138Â 293Â 980,6.0
965128,201900006659,10,21,15:45,1,1,1,1.0,5.0,41252,A10,M,"47,6905310","1,4307260",41,2019,110.0,1.0,1.0,1.0,2157238,1.0,1,4,1,4.0,,0.0,0,1986.0,A01,138Â 293Â 980,1.0,-1.0,-1.0,1647225,2.0,7,,0.0,2.0,4.0,C01,138Â 293Â 978,6.0
965128,201900006659,10,21,15:45,1,1,1,1.0,5.0,41252,A10,M,"47,6905310","1,4307260",41,2019,110.0,1.0,1.0,1.0,2157238,1.0,1,4,1,4.0,,0.0,0,1986.0,A01,138Â 293Â 980,1.0,-1.0,-1.0,1647226,2.0,7,,0.0,2.0,6.0,B01,138Â 293Â 979,6.0
965128,201900006659,10,21,15:45,1,1,1,1.0,5.0,41252,A10,M,"47,6905310","1,4307260",41,2019,110.0,1.0,1.0,1.0,2157238,1.0,1,4,1,4.0,,0.0,0,1986.0,A01,138Â 293Â 980,1.0,-1.0,-1.0,1647227,2.0,7,,0.0,2.0,1.0,A01,138Â 293Â 980,6.0
965129,201900006660,10,17,16:55,1,1,1,8.0,6.0,58086,A77,M,"47,3773210","2,9230500",58,2019,130.0,1.0,2.0,1.0,2157239,2.0,2,4,1,5.0,,0.0,0,1929.0,A01,138Â 293Â 977,1.0,-1.0,-1.0,1647228,1.0,7,,3.0,0.0,1.0,A01,138Â 293Â 977,1.0
965129,201900006660,10,17,16:55,1,1,1,8.0,6.0,58086,A77,M,"47,3773210","2,9230500",58,2019,130.0,1.0,2.0,1.0,2157240,1.0,1,4,1,5.0,,0.0,0,1949.0,A01,138Â 293Â 977,1.0,-1.0,-1.0,1647228,1.0,7,,3.0,0.0,1.0,A01,138Â 293Â 977,1.0
965130,201900006661,10,21,11:25,1,1,1,8.0,1.0,77411,D37,M,"48,8389900","3,1485200",77,2019,80.0,1.0,2.0,3.0,2157241,1.0,1,4,2,0.0,,0.0,0,1987.0,A01,138Â 293Â 975,5.0,-1.0,-1.0,1647229,2.0,7,,0.0,2.0,1.0,A01,138Â 293Â 975,0.0
965130,201900006661,10,21,11:25,1,1,1,8.0,1.0,77411,D37,M,"48,8389900","3,1485200",77,2019,80.0,1.0,2.0,3.0,2157241,1.0,1,4,2,0.0,,0.0,0,1987.0,A01,138Â 293Â 975,5.0,-1.0,-1.0,1647230,1.0,7,,0.0,2.0,1.0,B01,138Â 293Â 976,0.0
965130,201900006661,10,21,11:25,1,1,1,8.0,1.0,77411,D37,M,"48,8389900","3,1485200",77,2019,80.0,1.0,2.0,3.0,2157242,2.0,2,3,2,2.0,,0.0,0,2003.0,B01,138Â 293Â 976,1.0,5.0,-1.0,1647229,2.0,7,,0.0,2.0,1.0,A01,138Â 293Â 975,0.0
965130,201900006661,10,21,11:25,1,1,1,8.0,1.0,77411,D37,M,"48,8389900","3,1485200",77,2019,80.0,1.0,2.0,3.0,2157242,2.0,2,3,2,2.0,,0.0,0,2003.0,B01,138Â 293Â 976,1.0,5.0,-1.0,1647230,1.0,7,,0.0,2.0,1.0,B01,138Â 293Â 976,0.0
965130,201900006661,10,21,11:25,1,1,1,8.0,1.0,77411,D37,M,"48,8389900","3,1485200",77,2019,80.0,1.0,2.0,3.0,2157243,1.0,1,2,2,0.0,,0.0,0,1971.0,B01,138Â 293Â 976,5.0,-1.0,-1.0,1647229,2.0,7,,0.0,2.0,1.0,A01,138Â 293Â 975,0.0
965130,201900006661,10,21,11:25,1,1,1,8.0,1.0,77411,D37,M,"48,8389900","3,1485200",77,2019,80.0,1.0,2.0,3.0,2157243,1.0,1,2,2,0.0,,0.0,0,1971.0,B01,138Â 293Â 976,5.0,-1.0,-1.0,1647230,1.0,7,,0.0,2.0,1.0,B01,138Â 293Â 976,0.0
965131,201900006662,10,20,16:40,1,1,2,2.0,6.0,77162,D204 X HAMEAU DE SAUSSOY,M,"48,8764340","3,1919330",77,2019,70.0,1.0,2.0,3.0,2157244,9.0,2,4,1,5.0,,0.0,0,2016.0,A01,138Â 293Â 973,1.0,-1.0,-1.0,1647231,1.0,7,,13.0,0.0,2.0,A01,138Â 293Â 973,1.0
965131,201900006662,10,20,16:40,1,1,2,2.0,6.0,77162,D204 X HAMEAU DE SAUSSOY,M,"48,8764340","3,1919330",77,2019,70.0,1.0,2.0,3.0,2157244,9.0,2,4,1,5.0,,0.0,0,2016.0,A01,138Â 293Â 973,1.0,-1.0,-1.0,1647232,1.0,7,,0.0,0.0,8.0,B01,138Â 293Â 974,1.0
965131,201900006662,10,20,16:40,1,1,2,2.0,6.0,77162,D204 X HAMEAU DE SAUSSOY,M,"48,8764340","3,1919330",77,2019,70.0,1.0,2.0,3.0,2157245,2.0,2,3,2,5.0,,0.0,0,1981.0,A01,138Â 293Â 973,1.0,-1.0,-1.0,1647231,1.0,7,,13.0,0.0,2.0,A01,138Â 293Â 973,1.0
965131,201900006662,10,20,16:40,1,1,2,2.0,6.0,77162,D204 X HAMEAU DE SAUSSOY,M,"48,8764340","3,1919330",77,2019,70.0,1.0,2.0,3.0,2157245,2.0,2,3,2,5.0,,0.0,0,1981.0,A01,138Â 293Â 973,1.0,-1.0,-1.0,1647232,1.0,7,,0.0,0.0,8.0,B01,138Â 293Â 974,1.0
965131,201900006662,10,20,16:40,1,1,2,2.0,6.0,77162,D204 X HAMEAU DE SAUSSOY,M,"48,8764340","3,1919330",77,2019,70.0,1.0,2.0,3.0,2157246,7.0,2,4,1,5.0,,0.0,0,2013.0,A01,138Â 293Â 973,1.0,-1.0,-1.0,1647231,1.0,7,,13.0,0.0,2.0,A01,138Â 293Â 973,1.0
965131,201900006662,10,20,16:40,1,1,2,2.0,6.0,77162,D204 X HAMEAU DE SAUSSOY,M,"48,8764340","3,1919330",77,2019,70.0,1.0,2.0,3.0,2157246,7.0,2,4,1,5.0,,0.0,0,2013.0,A01,138Â 293Â 973,1.0,-1.0,-1.0,1647232,1.0,7,,0.0,0.0,8.0,B01,138Â 293Â 974,1.0
965131,201900006662,10,20,16:40,1,1,2,2.0,6.0,77162,D204 X HAMEAU DE SAUSSOY,M,"48,8764340","3,1919330",77,2019,70.0,1.0,2.0,3.0,2157247,1.0,1,4,1,5.0,,0.0,0,1980.0,A01,138Â 293Â 973,1.0,-1.0,-1.0,1647231,1.0,7,,13.0,0.0,2.0,A01,138Â 293Â 973,1.0
965131,201900006662,10,20,16:40,1,1,2,2.0,6.0,77162,D204 X HAMEAU DE SAUSSOY,M,"48,8764340","3,1919330",77,2019,70.0,1.0,2.0,3.0,2157247,1.0,1,4,1,5.0,,0.0,0,1980.0,A01,138Â 293Â 973,1.0,-1.0,-1.0,1647232,1.0,7,,0.0,0.0,8.0,B01,138Â 293Â 974,1.0
965131,201900006662,10,20,16:40,1,1,2,2.0,6.0,77162,D204 X HAMEAU DE SAUSSOY,M,"48,8764340","3,1919330",77,2019,70.0,1.0,2.0,3.0,2157248,1.0,1,4,1,5.0,,0.0,0,1963.0,B01,138Â 293Â 974,1.0,-1.0,-1.0,1647231,1.0,7,,13.0,0.0,2.0,A01,138Â 293Â 973,1.0
965131,201900006662,10,20,16:40,1,1,2,2.0,6.0,77162,D204 X HAMEAU DE SAUSSOY,M,"48,8764340","3,1919330",77,2019,70.0,1.0,2.0,3.0,2157248,1.0,1,4,1,5.0,,0.0,0,1963.0,B01,138Â 293Â 974,1.0,-1.0,-1.0,1647232,1.0,7,,0.0,0.0,8.0,B01,138Â 293Â 974,1.0
965132,201900006663,10,21,13:50,1,1,1,1.0,6.0,51507,ROUTE DE CHALONS,M,"49,0869225","4,8791357",51,2019,70.0,1.0,1.0,3.0,2157249,9.0,2,3,1,0.0,,0.0,0,1990.0,A01,138Â 293Â 971,8.0,-1.0,-1.0,1647233,2.0,7,,12.0,2.0,7.0,A01,138Â 293Â 971,1.0
965132,201900006663,10,21,13:50,1,1,1,1.0,6.0,51507,ROUTE DE CHALONS,M,"49,0869225","4,8791357",51,2019,70.0,1.0,1.0,3.0,2157249,9.0,2,3,1,0.0,,0.0,0,1990.0,A01,138Â 293Â 971,8.0,-1.0,-1.0,1647234,1.0,7,,0.0,2.0,2.0,B01,138Â 293Â 972,1.0
965132,201900006663,10,21,13:50,1,1,1,1.0,6.0,51507,ROUTE DE CHALONS,M,"49,0869225","4,8791357",51,2019,70.0,1.0,1.0,3.0,2157250,2.0,2,1,1,0.0,,0.0,0,1988.0,A01,138Â 293Â 971,8.0,-1.0,-1.0,1647233,2.0,7,,12.0,2.0,7.0,A01,138Â 293Â 971,1.0
965132,201900006663,10,21,13:50,1,1,1,1.0,6.0,51507,ROUTE DE CHALONS,M,"49,0869225","4,8791357",51,2019,70.0,1.0,1.0,3.0,2157250,2.0,2,1,1,0.0,,0.0,0,1988.0,A01,138Â 293Â 971,8.0,-1.0,-1.0,1647234,1.0,7,,0.0,2.0,2.0,B01,138Â 293Â 972,1.0
965132,201900006663,10,21,13:50,1,1,1,1.0,6.0,51507,ROUTE DE CHALONS,M,"49,0869225","4,8791357",51,2019,70.0,1.0,1.0,3.0,2157251,1.0,1,1,1,0.0,,0.0,0,1978.0,A01,138Â 293Â 971,8.0,-1.0,-1.0,1647233,2.0,7,,12.0,2.0,7.0,A01,138Â 293Â 971,1.0
965132,201900006663,10,21,13:50,1,1,1,1.0,6.0,51507,ROUTE DE CHALONS,M,"49,0869225","4,8791357",51,2019,70.0,1.0,1.0,3.0,2157251,1.0,1,1,1,0.0,,0.0,0,1978.0,A01,138Â 293Â 971,8.0,-1.0,-1.0,1647234,1.0,7,,0.0,2.0,2.0,B01,138Â 293Â 972,1.0
965132,201900006663,10,21,13:50,1,1,1,1.0,6.0,51507,ROUTE DE CHALONS,M,"49,0869225","4,8791357",51,2019,70.0,1.0,1.0,3.0,2157252,1.0,1,1,1,5.0,,0.0,0,1983.0,B01,138Â 293Â 972,8.0,-1.0,-1.0,1647233,2.0,7,,12.0,2.0,7.0,A01,138Â 293Â 971,1.0
965132,201900006663,10,21,13:50,1,1,1,1.0,6.0,51507,ROUTE DE CHALONS,M,"49,0869225","4,8791357",51,2019,70.0,1.0,1.0,3.0,2157252,1.0,1,1,1,5.0,,0.0,0,1983.0,B01,138Â 293Â 972,8.0,-1.0,-1.0,1647234,1.0,7,,0.0,2.0,2.0,B01,138Â 293Â 972,1.0
965133,201900006664,10,20,11:20,1,2,2,1.0,3.0,56222,Rue de Rohan,M,"47,8450460"," -2,7282100",56,2019,50.0,1.0,1.0,3.0,2157253,1.0,1,3,1,0.0,,0.0,0,1956.0,B01,138Â 293Â 969,2.0,4.0,-1.0,1647235,1.0,1,,0.0,2.0,3.0,B01,138Â 293Â 969,5.0
965133,201900006664,10,20,11:20,1,2,2,1.0,3.0,56222,Rue de Rohan,M,"47,8450460"," -2,7282100",56,2019,50.0,1.0,1.0,3.0,2157253,1.0,1,3,1,0.0,,0.0,0,1956.0,B01,138Â 293Â 969,2.0,4.0,-1.0,1647236,1.0,7,,0.0,9.0,2.0,A01,138Â 293Â 970,0.0
965133,201900006664,10,20,11:20,1,2,2,1.0,3.0,56222,Rue de Rohan,M,"47,8450460"," -2,7282100",56,2019,50.0,1.0,1.0,3.0,2157254,1.0,1,1,2,0.0,,0.0,0,1992.0,A01,138Â 293Â 970,1.0,-1.0,-1.0,1647235,1.0,1,,0.0,2.0,3.0,B01,138Â 293Â 969,5.0
965133,201900006664,10,20,11:20,1,2,2,1.0,3.0,56222,Rue de Rohan,M,"47,8450460"," -2,7282100",56,2019,50.0,1.0,1.0,3.0,2157254,1.0,1,1,2,0.0,,0.0,0,1992.0,A01,138Â 293Â 970,1.0,-1.0,-1.0,1647236,1.0,7,,0.0,9.0,2.0,A01,138Â 293Â 970,0.0
965134,201900006665,10,21,06:24,3,1,1,1.0,5.0,56185,Route Nationale NÂ°165,M,"47,7886525"," -3,4370130",56,2019,110.0,1.0,1.0,2.0,2157255,1.0,1,1,1,4.0,,0.0,0,1970.0,C01,138Â 293Â 966,1.0,-1.0,-1.0,1647237,1.0,17,,0.0,2.0,1.0,C01,138Â 293Â 966,1.0