Unnamed: 0_x,num_acc,mois,jour,hrmn,lum,agg,int,atm,col,com,adr,gps,lat,long,dep,annee,vma,situ,surf,catr,Unnamed: 0_y,place,catu,grav,sexe,trajet,secu,locp,actp,an_nais,num_veh_x,id_vehicule_x,secu1,secu2,secu3,Unnamed: 0,senc,catv,occutc,obs,obsm,choc,num_veh_y,id_vehicule_y,motor
965134,201900006665,10,21,06:24,3,1,1,1.0,5.0,56185,Route Nationale NÂ°165,M,"47,7886525"," -3,4370130",56,2019,110.0,1.0,1.0,2.0,2157255,1.0,1,1,1,4.0,,0.0,0,1970.0,C01,138Â 293Â 966,1.0,-1.0,-1.0,1647238,1.0,7,,13.0,2.0,1.0,B01,138Â 293Â 967,1.0
965134,201900006665,10,21,06:24,3,1,1,1.0,5.0,56185,Route Nationale NÂ°165,M,"47,7886525"," -3,4370130",56,2019,110.0,1.0,1.0,2.0,2157255,1.0,1,1,1,4.0,,0.0,0,1970.0,C01,138Â 293Â 966,1.0,-1.0,-1.0,1647239,2.0,7,,3.0,2.0,1.0,A01,138Â 293Â 968,1.0
965134,201900006665,10,21,06:24,3,1,1,1.0,5.0,56185,Route Nationale NÂ°165,M,"47,7886525"," -3,4370130",56,2019,110.0,1.0,1.0,2.0,2157256,1.0,1,3,1,0.0,,0.0,0,1991.0,B01,138Â 293Â 967,1.0,-1.0,-1.0,1647237,1.0,17,,0.0,2.0,1.0,C01,138Â 293Â 966,1.0
965134,201900006665,10,21,06:24,3,1,1,1.0,5.0,56185,Route Nationale NÂ°165,M,"47,7886525"," -3,4370130",56,2019,110.0,1.0,1.0,2.0,2157256,1.0,1,3,1,0.0,,0.0,0,1991.0,B01,138Â 293Â 967,1.0,-1.0,-1.0,1647238,1.0,7,,13.0,2.0,1.0,B01,138Â 293Â 967,1.0
965134,201900006665,10,21,06:24,3,1,1,1.0,5.0,56185,Route Nationale NÂ°165,M,"47,7886525"," -3,4370130",56,2019,110.0,1.0,1.0,2.0,2157256,1.0,1,3,1,0.0,,0.0,0,1991.0,B01,138Â 293Â 967,1.0,-1.0,-1.0,1647239,2.0,7,,3.0,2.0,1.0,A01,138Â 293Â 968,1.0
965134,201900006665,10,21,06:24,3,1,1,1.0,5.0,56185,Route Nationale NÂ°165,M,"47,7886525"," -3,4370130",56,2019,110.0,1.0,1.0,2.0,2157257,1.0,1,3,2,0.0,,0.0,0,1956.0,A01,138Â 293Â 968,1.0,-1.0,-1.0,1647237,1.0,17,,0.0,2.0,1.0,C01,138Â 293Â 966,1.0
965134,201900006665,10,21,06:24,3,1,1,1.0,5.0,56185,Route Nationale NÂ°165,M,"47,7886525"," -3,4370130",56,2019,110.0,1.0,1.0,2.0,2157257,1.0,1,3,2,0.0,,0.0,0,1956.0,A01,138Â 293Â 968,1.0,-1.0,-1.0,1647238,1.0,7,,13.0,2.0,1.0,B01,138Â 293Â 967,1.0
965134,201900006665,10,21,06:24,3,1,1,1.0,5.0,56185,Route Nationale NÂ°165,M,"47,7886525"," -3,4370130",56,2019,110.0,1.0,1.0,2.0,2157257,1.0,1,3,2,0.0,,0.0,0,1956.0,A01,138Â 293Â 968,1.0,-1.0,-1.0,1647239,2.0,7,,3.0,2.0,1.0,A01,138Â 293Â 968,1.0
965134,201900006665,10,21,06:24,3,1,1,1.0,5.0,56185,Route Nationale NÂ°165,M,"47,7886525"," -3,4370130",56,2019,110.0,1.0,1.0,2.0,2157258,2.0,2,3,1,0.0,,0.0,0,1946.0,A01,138Â 293Â 968,1.0,-1.0,-1.0,1647237,1.0,17,,0.0,2.0,1.0,C01,138Â 293Â 966,1.0
965134,201900006665,10,21,06:24,3,1,1,1.0,5.0,56185,Route Nationale NÂ°165,M,"47,7886525"," -3,4370130",56,2019,110.0,1.0,1.0,2.0,2157258,2.0,2,3,1,0.0,,0.0,0,1946.0,A01,138Â 293Â 968,1.0,-1.0,-1.0,1647238,1.0,7,,13.0,2.0,1.0,B01,138Â 293Â 967,1.0
965134,201900006665,10,21,06:24,3,1,1,1.0,5.0,56185,Route Nationale NÂ°165,M,"47,7886525"," -3,4370130",56,2019,110.0,1.0,1.0,2.0,2157258,2.0,2,3,1,0.0,,0.0,0,1946.0,A01,138Â 293Â 968,1.0,-1.0,-1.0,1647239,2.0,7,,3.0,2.0,1.0,A01,138Â 293Â 968,1.0
965135,201900006666,10,20,21:33,3,1,1,1.0,6.0,56168,17 Route de Carnac,M,"47,5947840"," -3,1044800",56,2019,80.0,1.0,1.0,3.0,2157259,10.0,3,2,1,5.0,,1.0,1,1962.0,A01,138Â 293Â 965,0.0,-1.0,-1.0,1647240,1.0,7,,0.0,1.0,2.0,A01,138Â 293Â 965,1.0
965135,201900006666,10,20,21:33,3,1,1,1.0,6.0,56168,17 Route de Carnac,M,"47,5947840"," -3,1044800",56,2019,80.0,1.0,1.0,3.0,2157260,1.0,1,1,2,5.0,,0.0,0,1993.0,A01,138Â 293Â 965,1.0,-1.0,-1.0,1647240,1.0,7,,0.0,1.0,2.0,A01,138Â 293Â 965,1.0
965136,201900006667,10,20,18:20,2,1,1,1.0,6.0,32406,D928,M,"43,6919050","0,8320020",32,2019,80.0,8.0,1.0,3.0,2157261,1.0,1,2,1,5.0,,0.0,0,1991.0,A01,138Â 293Â 964,8.0,-1.0,-1.0,1647241,1.0,7,,2.0,0.0,8.0,A01,138Â 293Â 964,1.0
965137,201900006668,10,20,16:09,1,2,1,3.0,6.0,71120,8 Route de la Clayette,M,"46,2092890","4,3181370",71,2019,50.0,3.0,2.0,3.0,2157262,1.0,1,3,1,5.0,,0.0,0,1937.0,A01,138Â 293Â 963,1.0,9.0,-1.0,1647242,2.0,7,,6.0,0.0,1.0,A01,138Â 293Â 963,1.0
965137,201900006668,10,20,16:09,1,2,1,3.0,6.0,71120,8 Route de la Clayette,M,"46,2092890","4,3181370",71,2019,50.0,3.0,2.0,3.0,2157263,2.0,2,3,2,5.0,,0.0,0,1939.0,A01,138Â 293Â 963,1.0,9.0,-1.0,1647242,2.0,7,,6.0,0.0,1.0,A01,138Â 293Â 963,1.0
965138,201900006669,10,13,00:50,3,1,1,1.0,7.0,63184,Chemin de Chez Roffin,M,"46,0075340","3,5587260",63,2019,80.0,3.0,1.0,3.0,2157264,1.0,1,2,1,5.0,,0.0,0,1984.0,A01,138Â 293Â 961,0.0,-1.0,-1.0,1647243,2.0,10,,2.0,0.0,1.0,A01,138Â 293Â 961,0.0
965139,201900006670,10,21,10:53,1,1,1,8.0,1.0,49129,Route d'Angers,M,"47,5099410"," -0,5152480",49,2019,80.0,1.0,2.0,4.0,2157265,1.0,1,4,1,5.0,,0.0,0,1949.0,B01,138Â 293Â 959,2.0,6.0,-1.0,1647244,3.0,30,,0.0,2.0,1.0,B01,138Â 293Â 959,3.0
965139,201900006670,10,21,10:53,1,1,1,8.0,1.0,49129,Route d'Angers,M,"47,5099410"," -0,5152480",49,2019,80.0,1.0,2.0,4.0,2157265,1.0,1,4,1,5.0,,0.0,0,1949.0,B01,138Â 293Â 959,2.0,6.0,-1.0,1647245,3.0,7,,0.0,2.0,3.0,A01,138Â 293Â 960,1.0
965139,201900006670,10,21,10:53,1,1,1,8.0,1.0,49129,Route d'Angers,M,"47,5099410"," -0,5152480",49,2019,80.0,1.0,2.0,4.0,2157266,1.0,1,1,2,4.0,,0.0,0,1989.0,A01,138Â 293Â 960,1.0,-1.0,-1.0,1647244,3.0,30,,0.0,2.0,1.0,B01,138Â 293Â 959,3.0
965139,201900006670,10,21,10:53,1,1,1,8.0,1.0,49129,Route d'Angers,M,"47,5099410"," -0,5152480",49,2019,80.0,1.0,2.0,4.0,2157266,1.0,1,1,2,4.0,,0.0,0,1989.0,A01,138Â 293Â 960,1.0,-1.0,-1.0,1647245,3.0,7,,0.0,2.0,3.0,A01,138Â 293Â 960,1.0
965140,201900006671,10,20,16:10,1,2,1,2.0,7.0,22222,rue rene cassin,M,"48,6698540"," -2,9293660",22,2019,50.0,3.0,2.0,3.0,2157267,1.0,1,3,1,5.0,,0.0,0,1942.0,A01,138Â 293Â 958,1.0,-1.0,-1.0,1647246,2.0,7,,13.0,0.0,3.0,A01,138Â 293Â 958,1.0
965140,201900006671,10,20,16:10,1,2,1,2.0,7.0,22222,rue rene cassin,M,"48,6698540"," -2,9293660",22,2019,50.0,3.0,2.0,3.0,2157268,2.0,2,4,2,5.0,,0.0,0,1942.0,A01,138Â 293Â 958,1.0,-1.0,-1.0,1647246,2.0,7,,13.0,0.0,3.0,A01,138Â 293Â 958,1.0
965141,201900006672,10,21,19:00,2,2,3,2.0,1.0,38104,1541 Route des Ternes,M,"45,5617950","5,5965930",38,2019,70.0,1.0,2.0,3.0,2157269,1.0,1,3,1,0.0,,0.0,0,2003.0,B01,138Â 293Â 956,2.0,-1.0,-1.0,1647247,2.0,2,,0.0,2.0,1.0,B01,138Â 293Â 956,1.0
965141,201900006672,10,21,19:00,2,2,3,2.0,1.0,38104,1541 Route des Ternes,M,"45,5617950","5,5965930",38,2019,70.0,1.0,2.0,3.0,2157269,1.0,1,3,1,0.0,,0.0,0,2003.0,B01,138Â 293Â 956,2.0,-1.0,-1.0,1647248,1.0,7,,0.0,2.0,1.0,A01,138Â 293Â 957,1.0
965141,201900006672,10,21,19:00,2,2,3,2.0,1.0,38104,1541 Route des Ternes,M,"45,5617950","5,5965930",38,2019,70.0,1.0,2.0,3.0,2157270,1.0,1,1,1,0.0,,0.0,0,1965.0,A01,138Â 293Â 957,8.0,-1.0,-1.0,1647247,2.0,2,,0.0,2.0,1.0,B01,138Â 293Â 956,1.0
965141,201900006672,10,21,19:00,2,2,3,2.0,1.0,38104,1541 Route des Ternes,M,"45,5617950","5,5965930",38,2019,70.0,1.0,2.0,3.0,2157270,1.0,1,1,1,0.0,,0.0,0,1965.0,A01,138Â 293Â 957,8.0,-1.0,-1.0,1647248,1.0,7,,0.0,2.0,1.0,A01,138Â 293Â 957,1.0
965142,201900006673,10,19,12:30,1,1,9,1.0,1.0,58088,D977,M,"47,0113520","3,2008650",58,2019,70.0,1.0,1.0,3.0,2157271,1.0,1,3,2,5.0,,0.0,0,1956.0,B01,138Â 293Â 954,1.0,-1.0,-1.0,1647249,2.0,7,,0.0,0.0,3.0,B01,138Â 293Â 954,1.0
965142,201900006673,10,19,12:30,1,1,9,1.0,1.0,58088,D977,M,"47,0113520","3,2008650",58,2019,70.0,1.0,1.0,3.0,2157271,1.0,1,3,2,5.0,,0.0,0,1956.0,B01,138Â 293Â 954,1.0,-1.0,-1.0,1647250,1.0,7,,0.0,0.0,2.0,A01,138Â 293Â 955,1.0
965142,201900006673,10,19,12:30,1,1,9,1.0,1.0,58088,D977,M,"47,0113520","3,2008650",58,2019,70.0,1.0,1.0,3.0,2157272,1.0,1,1,1,5.0,,0.0,0,1993.0,A01,138Â 293Â 955,1.0,-1.0,-1.0,1647249,2.0,7,,0.0,0.0,3.0,B01,138Â 293Â 954,1.0
965142,201900006673,10,19,12:30,1,1,9,1.0,1.0,58088,D977,M,"47,0113520","3,2008650",58,2019,70.0,1.0,1.0,3.0,2157272,1.0,1,1,1,5.0,,0.0,0,1993.0,A01,138Â 293Â 955,1.0,-1.0,-1.0,1647250,1.0,7,,0.0,0.0,2.0,A01,138Â 293Â 955,1.0
965143,201900006674,10,17,07:00,2,1,1,8.0,7.0,54256,D112,M,"48,5306200","6,3100200",54,2019,80.0,8.0,2.0,3.0,2157273,1.0,1,3,1,1.0,,0.0,0,1966.0,A01,138Â 293Â 953,1.0,-1.0,-1.0,1647251,2.0,7,,0.0,0.0,9.0,A01,138Â 293Â 953,1.0
965144,201900006675,10,20,20:40,3,1,1,2.0,6.0,72161,Lieu Dit Planchemou,M,"47,7781820","0,5428160",72,2019,80.0,1.0,2.0,3.0,2157274,1.0,1,4,2,0.0,,0.0,0,1979.0,B01,138Â 293Â 951,1.0,-1.0,-1.0,1647252,1.0,7,,0.0,2.0,3.0,B01,138Â 293Â 951,1.0
965144,201900006675,10,20,20:40,3,1,1,2.0,6.0,72161,Lieu Dit Planchemou,M,"47,7781820","0,5428160",72,2019,80.0,1.0,2.0,3.0,2157274,1.0,1,4,2,0.0,,0.0,0,1979.0,B01,138Â 293Â 951,1.0,-1.0,-1.0,1647253,1.0,7,,0.0,2.0,3.0,A01,138Â 293Â 952,1.0
965144,201900006675,10,20,20:40,3,1,1,2.0,6.0,72161,Lieu Dit Planchemou,M,"47,7781820","0,5428160",72,2019,80.0,1.0,2.0,3.0,2157275,1.0,1,4,1,5.0,,0.0,0,1988.0,A01,138Â 293Â 952,1.0,-1.0,-1.0,1647252,1.0,7,,0.0,2.0,3.0,B01,138Â 293Â 951,1.0
965144,201900006675,10,20,20:40,3,1,1,2.0,6.0,72161,Lieu Dit Planchemou,M,"47,7781820","0,5428160",72,2019,80.0,1.0,2.0,3.0,2157275,1.0,1,4,1,5.0,,0.0,0,1988.0,A01,138Â 293Â 952,1.0,-1.0,-1.0,1647253,1.0,7,,0.0,2.0,3.0,A01,138Â 293Â 952,1.0
965145,201900006676,10,2,14:42,1,2,4,1.0,5.0,50624,2 Rue au Peley,M,"49,0799740"," -1,4794240",50,2019,50.0,1.0,1.0,3.0,2157276,1.0,1,3,1,5.0,,0.0,0,1946.0,C01,138Â 293Â 947,1.0,-1.0,-1.0,1647254,2.0,7,,0.0,2.0,1.0,C01,138Â 293Â 947,1.0
965145,201900006676,10,2,14:42,1,2,4,1.0,5.0,50624,2 Rue au Peley,M,"49,0799740"," -1,4794240",50,2019,50.0,1.0,1.0,3.0,2157276,1.0,1,3,1,5.0,,0.0,0,1946.0,C01,138Â 293Â 947,1.0,-1.0,-1.0,1647255,1.0,7,,0.0,2.0,3.0,B01,138Â 293Â 948,1.0
965145,201900006676,10,2,14:42,1,2,4,1.0,5.0,50624,2 Rue au Peley,M,"49,0799740"," -1,4794240",50,2019,50.0,1.0,1.0,3.0,2157276,1.0,1,3,1,5.0,,0.0,0,1946.0,C01,138Â 293Â 947,1.0,-1.0,-1.0,1647256,1.0,7,,0.0,2.0,5.0,A01,138Â 293Â 949,1.0
965145,201900006676,10,2,14:42,1,2,4,1.0,5.0,50624,2 Rue au Peley,M,"49,0799740"," -1,4794240",50,2019,50.0,1.0,1.0,3.0,2157277,2.0,2,1,2,5.0,,0.0,0,1948.0,C01,138Â 293Â 947,1.0,-1.0,-1.0,1647254,2.0,7,,0.0,2.0,1.0,C01,138Â 293Â 947,1.0
965145,201900006676,10,2,14:42,1,2,4,1.0,5.0,50624,2 Rue au Peley,M,"49,0799740"," -1,4794240",50,2019,50.0,1.0,1.0,3.0,2157277,2.0,2,1,2,5.0,,0.0,0,1948.0,C01,138Â 293Â 947,1.0,-1.0,-1.0,1647255,1.0,7,,0.0,2.0,3.0,B01,138Â 293Â 948,1.0
965145,201900006676,10,2,14:42,1,2,4,1.0,5.0,50624,2 Rue au Peley,M,"49,0799740"," -1,4794240",50,2019,50.0,1.0,1.0,3.0,2157277,2.0,2,1,2,5.0,,0.0,0,1948.0,C01,138Â 293Â 947,1.0,-1.0,-1.0,1647256,1.0,7,,0.0,2.0,5.0,A01,138Â 293Â 949,1.0
965145,201900006676,10,2,14:42,1,2,4,1.0,5.0,50624,2 Rue au Peley,M,"49,0799740"," -1,4794240",50,2019,50.0,1.0,1.0,3.0,2157278,1.0,1,1,1,4.0,,0.0,0,1971.0,B01,138Â 293Â 948,1.0,-1.0,-1.0,1647254,2.0,7,,0.0,2.0,1.0,C01,138Â 293Â 947,1.0
965145,201900006676,10,2,14:42,1,2,4,1.0,5.0,50624,2 Rue au Peley,M,"49,0799740"," -1,4794240",50,2019,50.0,1.0,1.0,3.0,2157278,1.0,1,1,1,4.0,,0.0,0,1971.0,B01,138Â 293Â 948,1.0,-1.0,-1.0,1647255,1.0,7,,0.0,2.0,3.0,B01,138Â 293Â 948,1.0
965145,201900006676,10,2,14:42,1,2,4,1.0,5.0,50624,2 Rue au Peley,M,"49,0799740"," -1,4794240",50,2019,50.0,1.0,1.0,3.0,2157278,1.0,1,1,1,4.0,,0.0,0,1971.0,B01,138Â 293Â 948,1.0,-1.0,-1.0,1647256,1.0,7,,0.0,2.0,5.0,A01,138Â 293Â 949,1.0
965145,201900006676,10,2,14:42,1,2,4,1.0,5.0,50624,2 Rue au Peley,M,"49,0799740"," -1,4794240",50,2019,50.0,1.0,1.0,3.0,2157279,1.0,1,1,1,5.0,,0.0,0,1972.0,A01,138Â 293Â 949,1.0,-1.0,-1.0,1647254,2.0,7,,0.0,2.0,1.0,C01,138Â 293Â 947,1.0
965145,201900006676,10,2,14:42,1,2,4,1.0,5.0,50624,2 Rue au Peley,M,"49,0799740"," -1,4794240",50,2019,50.0,1.0,1.0,3.0,2157279,1.0,1,1,1,5.0,,0.0,0,1972.0,A01,138Â 293Â 949,1.0,-1.0,-1.0,1647255,1.0,7,,0.0,2.0,3.0,B01,138Â 293Â 948,1.0
965145,201900006676,10,2,14:42,1,2,4,1.0,5.0,50624,2 Rue au Peley,M,"49,0799740"," -1,4794240",50,2019,50.0,1.0,1.0,3.0,2157279,1.0,1,1,1,5.0,,0.0,0,1972.0,A01,138Â 293Â 949,1.0,-1.0,-1.0,1647256,1.0,7,,0.0,2.0,5.0,A01,138Â 293Â 949,1.0
965146,201900006677,10,19,17:20,1,1,1,1.0,7.0,50029,La Lande,M,"48,6043080"," -0,8417700",50,2019,80.0,3.0,1.0,4.0,2157280,1.0,1,2,1,9.0,,0.0,0,1954.0,A01,138Â 293Â 946,8.0,-1.0,-1.0,1647257,0.0,10,,13.0,0.0,0.0,A01,138Â 293Â 946,1.0
965147,201900006678,10,17,16:50,1,1,1,1.0,1.0,64547,Chemin de Zokorrondo - RD 137,M,"43,4072362"," -1,4705459",64,2019,-1.0,1.0,1.0,3.0,2157281,1.0,1,1,2,1.0,,0.0,0,1980.0,A01,138Â 293Â 944,1.0,-1.0,-1.0,1647258,2.0,7,,0.0,2.0,1.0,A01,138Â 293Â 944,0.0
965147,201900006678,10,17,16:50,1,1,1,1.0,1.0,64547,Chemin de Zokorrondo - RD 137,M,"43,4072362"," -1,4705459",64,2019,-1.0,1.0,1.0,3.0,2157281,1.0,1,1,2,1.0,,0.0,0,1980.0,A01,138Â 293Â 944,1.0,-1.0,-1.0,1647259,1.0,33,,0.0,2.0,1.0,B01,138Â 293Â 945,0.0
965147,201900006678,10,17,16:50,1,1,1,1.0,1.0,64547,Chemin de Zokorrondo - RD 137,M,"43,4072362"," -1,4705459",64,2019,-1.0,1.0,1.0,3.0,2157282,1.0,1,3,1,1.0,,0.0,0,1968.0,B01,138Â 293Â 945,2.0,6.0,9.0,1647258,2.0,7,,0.0,2.0,1.0,A01,138Â 293Â 944,0.0
965147,201900006678,10,17,16:50,1,1,1,1.0,1.0,64547,Chemin de Zokorrondo - RD 137,M,"43,4072362"," -1,4705459",64,2019,-1.0,1.0,1.0,3.0,2157282,1.0,1,3,1,1.0,,0.0,0,1968.0,B01,138Â 293Â 945,2.0,6.0,9.0,1647259,1.0,33,,0.0,2.0,1.0,B01,138Â 293Â 945,0.0
965148,201900006679,10,20,21:20,3,1,1,1.0,6.0,10373,RN 77,M,"48,2047950","3,9924020",10,2019,80.0,3.0,1.0,2.0,2157283,1.0,1,4,2,5.0,,0.0,0,1959.0,A01,138Â 293Â 943,1.0,-1.0,-1.0,1647260,1.0,7,,13.0,0.0,1.0,A01,138Â 293Â 943,1.0
965149,201900006680,10,21,08:30,1,1,1,8.0,6.0,36214,D26,M,"46,4493920","2,0340210",36,2019,80.0,3.0,2.0,3.0,2157284,1.0,1,3,1,1.0,,0.0,0,2001.0,A01,138Â 293Â 942,1.0,-1.0,-1.0,1647261,1.0,7,,2.0,0.0,1.0,A01,138Â 293Â 942,1.0
965150,201900006681,10,21,14:25,1,1,1,1.0,6.0,16002,Ld Le Logis,M,"46,0695580","0,1994870",16,2019,80.0,3.0,1.0,3.0,2157285,1.0,1,3,2,5.0,,0.0,0,1973.0,A01,138Â 293Â 941,1.0,-1.0,-1.0,1647262,1.0,7,,2.0,0.0,3.0,A01,138Â 293Â 941,1.0
965151,201900006682,10,21,12:30,1,2,1,2.0,1.0,27398,L'Ecoucherie,M,"49,0904440","0,6584300",27,2019,70.0,1.0,2.0,3.0,2157286,1.0,1,3,1,4.0,,0.0,0,1998.0,A01,138Â 293Â 939,1.0,-1.0,-1.0,1647263,1.0,7,,0.0,2.0,1.0,A01,138Â 293Â 939,1.0
965151,201900006682,10,21,12:30,1,2,1,2.0,1.0,27398,L'Ecoucherie,M,"49,0904440","0,6584300",27,2019,70.0,1.0,2.0,3.0,2157286,1.0,1,3,1,4.0,,0.0,0,1998.0,A01,138Â 293Â 939,1.0,-1.0,-1.0,1647264,2.0,7,,0.0,2.0,1.0,B01,138Â 293Â 940,1.0
965151,201900006682,10,21,12:30,1,2,1,2.0,1.0,27398,L'Ecoucherie,M,"49,0904440","0,6584300",27,2019,70.0,1.0,2.0,3.0,2157287,1.0,1,3,2,1.0,,0.0,0,1997.0,B01,138Â 293Â 940,1.0,-1.0,-1.0,1647263,1.0,7,,0.0,2.0,1.0,A01,138Â 293Â 939,1.0
965151,201900006682,10,21,12:30,1,2,1,2.0,1.0,27398,L'Ecoucherie,M,"49,0904440","0,6584300",27,2019,70.0,1.0,2.0,3.0,2157287,1.0,1,3,2,1.0,,0.0,0,1997.0,B01,138Â 293Â 940,1.0,-1.0,-1.0,1647264,2.0,7,,0.0,2.0,1.0,B01,138Â 293Â 940,1.0
965152,201900006683,10,16,18:05,1,1,1,8.0,1.0,87154,Route de Bellac,M,"45,9233750","0,9383860",87,2019,80.0,1.0,2.0,3.0,2157288,1.0,1,1,2,3.0,,0.0,0,1999.0,B01,138Â 293Â 937,1.0,-1.0,-1.0,1647265,2.0,7,,0.0,2.0,2.0,B01,138Â 293Â 937,1.0
965152,201900006683,10,16,18:05,1,1,1,8.0,1.0,87154,Route de Bellac,M,"45,9233750","0,9383860",87,2019,80.0,1.0,2.0,3.0,2157288,1.0,1,1,2,3.0,,0.0,0,1999.0,B01,138Â 293Â 937,1.0,-1.0,-1.0,1647266,1.0,7,,0.0,2.0,2.0,A01,138Â 293Â 938,1.0
965152,201900006683,10,16,18:05,1,1,1,8.0,1.0,87154,Route de Bellac,M,"45,9233750","0,9383860",87,2019,80.0,1.0,2.0,3.0,2157289,1.0,1,3,2,9.0,,0.0,0,1971.0,A01,138Â 293Â 938,1.0,-1.0,-1.0,1647265,2.0,7,,0.0,2.0,2.0,B01,138Â 293Â 937,1.0
965152,201900006683,10,16,18:05,1,1,1,8.0,1.0,87154,Route de Bellac,M,"45,9233750","0,9383860",87,2019,80.0,1.0,2.0,3.0,2157289,1.0,1,3,2,9.0,,0.0,0,1971.0,A01,138Â 293Â 938,1.0,-1.0,-1.0,1647266,1.0,7,,0.0,2.0,2.0,A01,138Â 293Â 938,1.0
965152,201900006683,10,16,18:05,1,1,1,8.0,1.0,87154,Route de Bellac,M,"45,9233750","0,9383860",87,2019,80.0,1.0,2.0,3.0,2157290,8.0,2,1,2,5.0,,0.0,0,2006.0,A01,138Â 293Â 938,1.0,-1.0,-1.0,1647265,2.0,7,,0.0,2.0,2.0,B01,138Â 293Â 937,1.0
965152,201900006683,10,16,18:05,1,1,1,8.0,1.0,87154,Route de Bellac,M,"45,9233750","0,9383860",87,2019,80.0,1.0,2.0,3.0,2157290,8.0,2,1,2,5.0,,0.0,0,2006.0,A01,138Â 293Â 938,1.0,-1.0,-1.0,1647266,1.0,7,,0.0,2.0,2.0,A01,138Â 293Â 938,1.0
965152,201900006683,10,16,18:05,1,1,1,8.0,1.0,87154,Route de Bellac,M,"45,9233750","0,9383860",87,2019,80.0,1.0,2.0,3.0,2157291,7.0,2,3,2,5.0,,0.0,0,2006.0,A01,138Â 293Â 938,1.0,-1.0,-1.0,1647265,2.0,7,,0.0,2.0,2.0,B01,138Â 293Â 937,1.0
965152,201900006683,10,16,18:05,1,1,1,8.0,1.0,87154,Route de Bellac,M,"45,9233750","0,9383860",87,2019,80.0,1.0,2.0,3.0,2157291,7.0,2,3,2,5.0,,0.0,0,2006.0,A01,138Â 293Â 938,1.0,-1.0,-1.0,1647266,1.0,7,,0.0,2.0,2.0,A01,138Â 293Â 938,1.0
965152,201900006683,10,16,18:05,1,1,1,8.0,1.0,87154,Route de Bellac,M,"45,9233750","0,9383860",87,2019,80.0,1.0,2.0,3.0,2157292,9.0,2,4,2,5.0,,0.0,0,2006.0,A01,138Â 293Â 938,1.0,-1.0,-1.0,1647265,2.0,7,,0.0,2.0,2.0,B01,138Â 293Â 937,1.0
965152,201900006683,10,16,18:05,1,1,1,8.0,1.0,87154,Route de Bellac,M,"45,9233750","0,9383860",87,2019,80.0,1.0,2.0,3.0,2157292,9.0,2,4,2,5.0,,0.0,0,2006.0,A01,138Â 293Â 938,1.0,-1.0,-1.0,1647266,1.0,7,,0.0,2.0,2.0,A01,138Â 293Â 938,1.0
965153,201900006684,10,21,14:15,1,1,1,3.0,6.0,38212,RD 1091,M,"45,0545290","5,8431960",38,2019,80.0,1.0,2.0,3.0,2157293,1.0,1,3,1,4.0,,0.0,0,1949.0,A01,138Â 293Â 936,1.0,-1.0,-1.0,1647267,1.0,7,,2.0,0.0,3.0,A01,138Â 293Â 936,1.0
965154,201900006685,10,20,16:30,1,2,3,1.0,3.0,97311,22 Avenue Paul Castaing,M,"5,4749580"," -54,0233660",973,2019,-1.0,1.0,1.0,4.0,2157294,1.0,1,4,1,0.0,,0.0,0,2008.0,B01,138Â 293Â 934,0.0,-1.0,-1.0,1647268,0.0,1,,0.0,2.0,8.0,B01,138Â 293Â 934,5.0
965154,201900006685,10,20,16:30,1,2,3,1.0,3.0,97311,22 Avenue Paul Castaing,M,"5,4749580"," -54,0233660",973,2019,-1.0,1.0,1.0,4.0,2157294,1.0,1,4,1,0.0,,0.0,0,2008.0,B01,138Â 293Â 934,0.0,-1.0,-1.0,1647269,1.0,7,,0.0,9.0,1.0,A01,138Â 293Â 935,1.0
965154,201900006685,10,20,16:30,1,2,3,1.0,3.0,97311,22 Avenue Paul Castaing,M,"5,4749580"," -54,0233660",973,2019,-1.0,1.0,1.0,4.0,2157295,1.0,1,1,1,0.0,,0.0,0,1999.0,A01,138Â 293Â 935,8.0,-1.0,-1.0,1647268,0.0,1,,0.0,2.0,8.0,B01,138Â 293Â 934,5.0
965154,201900006685,10,20,16:30,1,2,3,1.0,3.0,97311,22 Avenue Paul Castaing,M,"5,4749580"," -54,0233660",973,2019,-1.0,1.0,1.0,4.0,2157295,1.0,1,1,1,0.0,,0.0,0,1999.0,A01,138Â 293Â 935,8.0,-1.0,-1.0,1647269,1.0,7,,0.0,9.0,1.0,A01,138Â 293Â 935,1.0
965155,201900006686,10,20,17:45,1,2,1,1.0,2.0,97312,Avenue Constantin Verderosa,M,"5,3782880"," -52,9589980",973,2019,50.0,1.0,1.0,4.0,2157296,1.0,1,4,1,5.0,,0.0,0,2001.0,B01,138Â 293Â 932,0.0,-1.0,-1.0,1647270,3.0,2,,1.0,0.0,1.0,B01,138Â 293Â 932,1.0
965155,201900006686,10,20,17:45,1,2,1,1.0,2.0,97312,Avenue Constantin Verderosa,M,"5,3782880"," -52,9589980",973,2019,50.0,1.0,1.0,4.0,2157296,1.0,1,4,1,5.0,,0.0,0,2001.0,B01,138Â 293Â 932,0.0,-1.0,-1.0,1647271,3.0,7,,0.0,0.0,4.0,A01,138Â 293Â 933,1.0