Unnamed: 0_x,num_acc,mois,jour,hrmn,lum,agg,int,atm,col,com,adr,gps,lat,long,dep,annee,vma,situ,surf,catr,Unnamed: 0_y,place,catu,grav,sexe,trajet,secu,locp,actp,an_nais,num_veh_x,id_vehicule_x,secu1,secu2,secu3,Unnamed: 0,senc,catv,occutc,obs,obsm,choc,num_veh_y,id_vehicule_y,motor
965155,201900006686,10,20,17:45,1,2,1,1.0,2.0,97312,Avenue Constantin Verderosa,M,"5,3782880"," -52,9589980",973,2019,50.0,1.0,1.0,4.0,2157297,1.0,1,1,1,5.0,,0.0,0,1974.0,A01,138Â 293Â 933,1.0,-1.0,-1.0,1647270,3.0,2,,1.0,0.0,1.0,B01,138Â 293Â 932,1.0
965155,201900006686,10,20,17:45,1,2,1,1.0,2.0,97312,Avenue Constantin Verderosa,M,"5,3782880"," -52,9589980",973,2019,50.0,1.0,1.0,4.0,2157297,1.0,1,1,1,5.0,,0.0,0,1974.0,A01,138Â 293Â 933,1.0,-1.0,-1.0,1647271,3.0,7,,0.0,0.0,4.0,A01,138Â 293Â 933,1.0
965156,201900006687,10,21,07:10,1,2,1,1.0,6.0,97124,Rue Louis Jouveau Dubreuil,M,"16,0211540"," -61,7058040",971,2019,50.0,1.0,2.0,2.0,2157298,1.0,1,1,1,5.0,,0.0,0,1957.0,A01,138Â 293Â 931,8.0,-1.0,-1.0,1647272,0.0,7,,0.0,1.0,2.0,A01,138Â 293Â 931,1.0
965156,201900006687,10,21,07:10,1,2,1,1.0,6.0,97124,Rue Louis Jouveau Dubreuil,M,"16,0211540"," -61,7058040",971,2019,50.0,1.0,2.0,2.0,2157299,10.0,3,3,2,5.0,,3.0,3,1959.0,A01,138Â 293Â 931,0.0,-1.0,-1.0,1647272,0.0,7,,0.0,1.0,2.0,A01,138Â 293Â 931,1.0
965157,201900006688,10,19,16:20,1,2,1,1.0,6.0,29233,32 Rue de la ForÃªt,M,"47,8598090"," -3,5574950",29,2019,50.0,8.0,1.0,6.0,2157300,1.0,1,3,1,0.0,,0.0,0,2003.0,A01,138Â 293Â 930,0.0,-1.0,-1.0,1647273,0.0,2,,6.0,0.0,1.0,A01,138Â 293Â 930,1.0
965158,201900006689,9,18,18:00,1,2,1,7.0,7.0,45085,route des Cacodeaux,M,"47,8176840","2,8572890",45,2019,50.0,3.0,1.0,4.0,2157301,1.0,1,3,1,5.0,,0.0,0,2004.0,A01,138Â 293Â 929,2.0,6.0,-1.0,1647274,3.0,2,,17.0,0.0,1.0,A01,138Â 293Â 929,1.0
965159,201900006690,10,16,16:00,1,1,1,1.0,1.0,66217,489 Le Reart,M,"42,5961630","2,8297540",66,2019,80.0,1.0,1.0,3.0,2157302,1.0,1,3,1,5.0,,0.0,0,2004.0,B01,138Â 293Â 927,2.0,-1.0,-1.0,1647275,1.0,2,,0.0,2.0,1.0,B01,138Â 293Â 927,1.0
965159,201900006690,10,16,16:00,1,1,1,1.0,1.0,66217,489 Le Reart,M,"42,5961630","2,8297540",66,2019,80.0,1.0,1.0,3.0,2157302,1.0,1,3,1,5.0,,0.0,0,2004.0,B01,138Â 293Â 927,2.0,-1.0,-1.0,1647276,2.0,7,,0.0,2.0,2.0,A01,138Â 293Â 928,1.0
965159,201900006690,10,16,16:00,1,1,1,1.0,1.0,66217,489 Le Reart,M,"42,5961630","2,8297540",66,2019,80.0,1.0,1.0,3.0,2157303,7.0,2,1,2,0.0,,0.0,0,2014.0,A01,138Â 293Â 928,3.0,-1.0,-1.0,1647275,1.0,2,,0.0,2.0,1.0,B01,138Â 293Â 927,1.0
965159,201900006690,10,16,16:00,1,1,1,1.0,1.0,66217,489 Le Reart,M,"42,5961630","2,8297540",66,2019,80.0,1.0,1.0,3.0,2157303,7.0,2,1,2,0.0,,0.0,0,2014.0,A01,138Â 293Â 928,3.0,-1.0,-1.0,1647276,2.0,7,,0.0,2.0,2.0,A01,138Â 293Â 928,1.0
965159,201900006690,10,16,16:00,1,1,1,1.0,1.0,66217,489 Le Reart,M,"42,5961630","2,8297540",66,2019,80.0,1.0,1.0,3.0,2157304,4.0,2,1,1,0.0,,0.0,0,2016.0,A01,138Â 293Â 928,3.0,-1.0,-1.0,1647275,1.0,2,,0.0,2.0,1.0,B01,138Â 293Â 927,1.0
965159,201900006690,10,16,16:00,1,1,1,1.0,1.0,66217,489 Le Reart,M,"42,5961630","2,8297540",66,2019,80.0,1.0,1.0,3.0,2157304,4.0,2,1,1,0.0,,0.0,0,2016.0,A01,138Â 293Â 928,3.0,-1.0,-1.0,1647276,2.0,7,,0.0,2.0,2.0,A01,138Â 293Â 928,1.0
965159,201900006690,10,16,16:00,1,1,1,1.0,1.0,66217,489 Le Reart,M,"42,5961630","2,8297540",66,2019,80.0,1.0,1.0,3.0,2157305,3.0,2,1,2,0.0,,0.0,0,2014.0,A01,138Â 293Â 928,3.0,-1.0,-1.0,1647275,1.0,2,,0.0,2.0,1.0,B01,138Â 293Â 927,1.0
965159,201900006690,10,16,16:00,1,1,1,1.0,1.0,66217,489 Le Reart,M,"42,5961630","2,8297540",66,2019,80.0,1.0,1.0,3.0,2157305,3.0,2,1,2,0.0,,0.0,0,2014.0,A01,138Â 293Â 928,3.0,-1.0,-1.0,1647276,2.0,7,,0.0,2.0,2.0,A01,138Â 293Â 928,1.0
965159,201900006690,10,16,16:00,1,1,1,1.0,1.0,66217,489 Le Reart,M,"42,5961630","2,8297540",66,2019,80.0,1.0,1.0,3.0,2157306,1.0,1,4,2,4.0,,0.0,0,1985.0,A01,138Â 293Â 928,1.0,-1.0,-1.0,1647275,1.0,2,,0.0,2.0,1.0,B01,138Â 293Â 927,1.0
965159,201900006690,10,16,16:00,1,1,1,1.0,1.0,66217,489 Le Reart,M,"42,5961630","2,8297540",66,2019,80.0,1.0,1.0,3.0,2157306,1.0,1,4,2,4.0,,0.0,0,1985.0,A01,138Â 293Â 928,1.0,-1.0,-1.0,1647276,2.0,7,,0.0,2.0,2.0,A01,138Â 293Â 928,1.0
965160,201900006691,10,21,14:08,1,1,1,2.0,1.0,34321,N113,M,"43,6720030","4,0519370",34,2019,80.0,1.0,2.0,2.0,2157307,1.0,1,4,1,0.0,,0.0,0,1950.0,A01,138Â 293Â 925,1.0,-1.0,-1.0,1647277,2.0,7,,0.0,2.0,3.0,A01,138Â 293Â 925,1.0
965160,201900006691,10,21,14:08,1,1,1,2.0,1.0,34321,N113,M,"43,6720030","4,0519370",34,2019,80.0,1.0,2.0,2.0,2157307,1.0,1,4,1,0.0,,0.0,0,1950.0,A01,138Â 293Â 925,1.0,-1.0,-1.0,1647278,1.0,7,,3.0,2.0,3.0,B01,138Â 293Â 926,1.0
965160,201900006691,10,21,14:08,1,1,1,2.0,1.0,34321,N113,M,"43,6720030","4,0519370",34,2019,80.0,1.0,2.0,2.0,2157308,7.0,2,4,1,0.0,,0.0,0,2013.0,B01,138Â 293Â 926,1.0,3.0,-1.0,1647277,2.0,7,,0.0,2.0,3.0,A01,138Â 293Â 925,1.0
965160,201900006691,10,21,14:08,1,1,1,2.0,1.0,34321,N113,M,"43,6720030","4,0519370",34,2019,80.0,1.0,2.0,2.0,2157308,7.0,2,4,1,0.0,,0.0,0,2013.0,B01,138Â 293Â 926,1.0,3.0,-1.0,1647278,1.0,7,,3.0,2.0,3.0,B01,138Â 293Â 926,1.0
965160,201900006691,10,21,14:08,1,1,1,2.0,1.0,34321,N113,M,"43,6720030","4,0519370",34,2019,80.0,1.0,2.0,2.0,2157309,1.0,1,4,2,0.0,,0.0,0,1992.0,B01,138Â 293Â 926,1.0,-1.0,-1.0,1647277,2.0,7,,0.0,2.0,3.0,A01,138Â 293Â 925,1.0
965160,201900006691,10,21,14:08,1,1,1,2.0,1.0,34321,N113,M,"43,6720030","4,0519370",34,2019,80.0,1.0,2.0,2.0,2157309,1.0,1,4,2,0.0,,0.0,0,1992.0,B01,138Â 293Â 926,1.0,-1.0,-1.0,1647278,1.0,7,,3.0,2.0,3.0,B01,138Â 293Â 926,1.0
965161,201900006692,10,15,10:30,1,1,1,2.0,3.0,84042,D56,M,"43,7770150","5,4307790",84,2019,80.0,1.0,2.0,3.0,2157310,1.0,1,1,1,5.0,,0.0,0,2000.0,B01,138Â 293Â 923,1.0,-1.0,-1.0,1647279,2.0,7,,0.0,2.0,3.0,B01,138Â 293Â 923,1.0
965161,201900006692,10,15,10:30,1,1,1,2.0,3.0,84042,D56,M,"43,7770150","5,4307790",84,2019,80.0,1.0,2.0,3.0,2157310,1.0,1,1,1,5.0,,0.0,0,2000.0,B01,138Â 293Â 923,1.0,-1.0,-1.0,1647280,1.0,7,,0.0,2.0,6.0,A01,138Â 293Â 924,1.0
965161,201900006692,10,15,10:30,1,1,1,2.0,3.0,84042,D56,M,"43,7770150","5,4307790",84,2019,80.0,1.0,2.0,3.0,2157311,2.0,2,1,1,5.0,,0.0,0,1989.0,B01,138Â 293Â 923,1.0,-1.0,-1.0,1647279,2.0,7,,0.0,2.0,3.0,B01,138Â 293Â 923,1.0
965161,201900006692,10,15,10:30,1,1,1,2.0,3.0,84042,D56,M,"43,7770150","5,4307790",84,2019,80.0,1.0,2.0,3.0,2157311,2.0,2,1,1,5.0,,0.0,0,1989.0,B01,138Â 293Â 923,1.0,-1.0,-1.0,1647280,1.0,7,,0.0,2.0,6.0,A01,138Â 293Â 924,1.0
965161,201900006692,10,15,10:30,1,1,1,2.0,3.0,84042,D56,M,"43,7770150","5,4307790",84,2019,80.0,1.0,2.0,3.0,2157312,1.0,1,4,2,4.0,,0.0,0,1991.0,A01,138Â 293Â 924,1.0,-1.0,-1.0,1647279,2.0,7,,0.0,2.0,3.0,B01,138Â 293Â 923,1.0
965161,201900006692,10,15,10:30,1,1,1,2.0,3.0,84042,D56,M,"43,7770150","5,4307790",84,2019,80.0,1.0,2.0,3.0,2157312,1.0,1,4,2,4.0,,0.0,0,1991.0,A01,138Â 293Â 924,1.0,-1.0,-1.0,1647280,1.0,7,,0.0,2.0,6.0,A01,138Â 293Â 924,1.0
965162,201900006693,10,21,18:40,2,1,1,3.0,3.0,13030,RD8N,M,"43,2669570","5,6581860",13,2019,80.0,1.0,2.0,3.0,2157313,2.0,2,1,2,1.0,,0.0,0,2018.0,B01,138Â 293Â 921,1.0,-1.0,-1.0,1647281,1.0,7,,0.0,2.0,2.0,B01,138Â 293Â 921,1.0
965162,201900006693,10,21,18:40,2,1,1,3.0,3.0,13030,RD8N,M,"43,2669570","5,6581860",13,2019,80.0,1.0,2.0,3.0,2157313,2.0,2,1,2,1.0,,0.0,0,2018.0,B01,138Â 293Â 921,1.0,-1.0,-1.0,1647282,2.0,7,,0.0,2.0,7.0,A01,138Â 293Â 922,1.0
965162,201900006693,10,21,18:40,2,1,1,3.0,3.0,13030,RD8N,M,"43,2669570","5,6581860",13,2019,80.0,1.0,2.0,3.0,2157314,1.0,1,4,2,1.0,,0.0,0,1981.0,B01,138Â 293Â 921,1.0,-1.0,-1.0,1647281,1.0,7,,0.0,2.0,2.0,B01,138Â 293Â 921,1.0
965162,201900006693,10,21,18:40,2,1,1,3.0,3.0,13030,RD8N,M,"43,2669570","5,6581860",13,2019,80.0,1.0,2.0,3.0,2157314,1.0,1,4,2,1.0,,0.0,0,1981.0,B01,138Â 293Â 921,1.0,-1.0,-1.0,1647282,2.0,7,,0.0,2.0,7.0,A01,138Â 293Â 922,1.0
965162,201900006693,10,21,18:40,2,1,1,3.0,3.0,13030,RD8N,M,"43,2669570","5,6581860",13,2019,80.0,1.0,2.0,3.0,2157315,1.0,1,1,1,9.0,,0.0,0,2000.0,A01,138Â 293Â 922,1.0,-1.0,-1.0,1647281,1.0,7,,0.0,2.0,2.0,B01,138Â 293Â 921,1.0
965162,201900006693,10,21,18:40,2,1,1,3.0,3.0,13030,RD8N,M,"43,2669570","5,6581860",13,2019,80.0,1.0,2.0,3.0,2157315,1.0,1,1,1,9.0,,0.0,0,2000.0,A01,138Â 293Â 922,1.0,-1.0,-1.0,1647282,2.0,7,,0.0,2.0,7.0,A01,138Â 293Â 922,1.0
965162,201900006693,10,21,18:40,2,1,1,3.0,3.0,13030,RD8N,M,"43,2669570","5,6581860",13,2019,80.0,1.0,2.0,3.0,2157316,2.0,2,3,2,5.0,,0.0,0,2001.0,A01,138Â 293Â 922,1.0,-1.0,-1.0,1647281,1.0,7,,0.0,2.0,2.0,B01,138Â 293Â 921,1.0
965162,201900006693,10,21,18:40,2,1,1,3.0,3.0,13030,RD8N,M,"43,2669570","5,6581860",13,2019,80.0,1.0,2.0,3.0,2157316,2.0,2,3,2,5.0,,0.0,0,2001.0,A01,138Â 293Â 922,1.0,-1.0,-1.0,1647282,2.0,7,,0.0,2.0,7.0,A01,138Â 293Â 922,1.0
965163,201900006694,10,16,10:30,1,1,2,1.0,3.0,21564,D996,M,"47,1229470","5,0991390",21,2019,80.0,1.0,1.0,3.0,2157317,1.0,1,3,1,5.0,,0.0,0,1958.0,B01,138Â 293Â 919,2.0,-1.0,-1.0,1647283,2.0,1,,0.0,2.0,1.0,B01,138Â 293Â 919,5.0
965163,201900006694,10,16,10:30,1,1,2,1.0,3.0,21564,D996,M,"47,1229470","5,0991390",21,2019,80.0,1.0,1.0,3.0,2157317,1.0,1,3,1,5.0,,0.0,0,1958.0,B01,138Â 293Â 919,2.0,-1.0,-1.0,1647284,1.0,7,,0.0,2.0,7.0,A01,138Â 293Â 920,1.0
965163,201900006694,10,16,10:30,1,1,2,1.0,3.0,21564,D996,M,"47,1229470","5,0991390",21,2019,80.0,1.0,1.0,3.0,2157318,1.0,1,1,2,5.0,,0.0,0,1998.0,A01,138Â 293Â 920,1.0,-1.0,-1.0,1647283,2.0,1,,0.0,2.0,1.0,B01,138Â 293Â 919,5.0
965163,201900006694,10,16,10:30,1,1,2,1.0,3.0,21564,D996,M,"47,1229470","5,0991390",21,2019,80.0,1.0,1.0,3.0,2157318,1.0,1,1,2,5.0,,0.0,0,1998.0,A01,138Â 293Â 920,1.0,-1.0,-1.0,1647284,1.0,7,,0.0,2.0,7.0,A01,138Â 293Â 920,1.0
965164,201900006695,10,20,23:00,3,1,1,2.0,1.0,88020,D674,M,"48,4870750","5,8537190",88,2019,80.0,1.0,2.0,3.0,2157319,1.0,1,3,2,1.0,,0.0,0,2000.0,B01,138Â 293Â 917,1.0,7.0,-1.0,1647285,0.0,7,,0.0,2.0,1.0,B01,138Â 293Â 917,0.0
965164,201900006695,10,20,23:00,3,1,1,2.0,1.0,88020,D674,M,"48,4870750","5,8537190",88,2019,80.0,1.0,2.0,3.0,2157319,1.0,1,3,2,1.0,,0.0,0,2000.0,B01,138Â 293Â 917,1.0,7.0,-1.0,1647286,0.0,7,,0.0,2.0,3.0,A01,138Â 293Â 918,0.0
965164,201900006695,10,20,23:00,3,1,1,2.0,1.0,88020,D674,M,"48,4870750","5,8537190",88,2019,80.0,1.0,2.0,3.0,2157320,2.0,2,4,2,0.0,,0.0,0,1995.0,B01,138Â 293Â 917,1.0,-1.0,-1.0,1647285,0.0,7,,0.0,2.0,1.0,B01,138Â 293Â 917,0.0
965164,201900006695,10,20,23:00,3,1,1,2.0,1.0,88020,D674,M,"48,4870750","5,8537190",88,2019,80.0,1.0,2.0,3.0,2157320,2.0,2,4,2,0.0,,0.0,0,1995.0,B01,138Â 293Â 917,1.0,-1.0,-1.0,1647286,0.0,7,,0.0,2.0,3.0,A01,138Â 293Â 918,0.0
965164,201900006695,10,20,23:00,3,1,1,2.0,1.0,88020,D674,M,"48,4870750","5,8537190",88,2019,80.0,1.0,2.0,3.0,2157321,1.0,1,3,1,0.0,,0.0,0,1972.0,A01,138Â 293Â 918,1.0,5.0,-1.0,1647285,0.0,7,,0.0,2.0,1.0,B01,138Â 293Â 917,0.0
965164,201900006695,10,20,23:00,3,1,1,2.0,1.0,88020,D674,M,"48,4870750","5,8537190",88,2019,80.0,1.0,2.0,3.0,2157321,1.0,1,3,1,0.0,,0.0,0,1972.0,A01,138Â 293Â 918,1.0,5.0,-1.0,1647286,0.0,7,,0.0,2.0,3.0,A01,138Â 293Â 918,0.0
965164,201900006695,10,20,23:00,3,1,1,2.0,1.0,88020,D674,M,"48,4870750","5,8537190",88,2019,80.0,1.0,2.0,3.0,2157322,2.0,2,3,2,9.0,,0.0,0,1993.0,A01,138Â 293Â 918,1.0,-1.0,-1.0,1647285,0.0,7,,0.0,2.0,1.0,B01,138Â 293Â 917,0.0
965164,201900006695,10,20,23:00,3,1,1,2.0,1.0,88020,D674,M,"48,4870750","5,8537190",88,2019,80.0,1.0,2.0,3.0,2157322,2.0,2,3,2,9.0,,0.0,0,1993.0,A01,138Â 293Â 918,1.0,-1.0,-1.0,1647286,0.0,7,,0.0,2.0,3.0,A01,138Â 293Â 918,0.0
965165,201900006696,10,17,15:45,1,1,1,3.0,7.0,57091,D662 PK 43+600,M,"49,0996860","7,1733500",57,2019,80.0,3.0,2.0,3.0,2157323,1.0,1,4,1,5.0,,0.0,0,2001.0,A01,138Â 293Â 916,1.0,-1.0,-1.0,1647287,1.0,7,,10.0,0.0,2.0,A01,138Â 293Â 916,1.0
965165,201900006696,10,17,15:45,1,1,1,3.0,7.0,57091,D662 PK 43+600,M,"49,0996860","7,1733500",57,2019,80.0,3.0,2.0,3.0,2157324,8.0,2,4,1,5.0,,0.0,0,1993.0,A01,138Â 293Â 916,1.0,-1.0,-1.0,1647287,1.0,7,,10.0,0.0,2.0,A01,138Â 293Â 916,1.0
965165,201900006696,10,17,15:45,1,1,1,3.0,7.0,57091,D662 PK 43+600,M,"49,0996860","7,1733500",57,2019,80.0,3.0,2.0,3.0,2157325,7.0,2,3,1,5.0,,0.0,0,1998.0,A01,138Â 293Â 916,1.0,-1.0,-1.0,1647287,1.0,7,,10.0,0.0,2.0,A01,138Â 293Â 916,1.0
965166,201900006697,10,20,19:30,3,1,1,1.0,1.0,74044,route dÃ©partementale 1206,M,"46,1579130","6,1748090",74,2019,80.0,1.0,1.0,3.0,2157326,2.0,2,4,2,5.0,,0.0,0,1972.0,B01,138Â 293Â 914,1.0,-1.0,-1.0,1647288,1.0,10,,0.0,2.0,3.0,B01,138Â 293Â 914,1.0
965166,201900006697,10,20,19:30,3,1,1,1.0,1.0,74044,route dÃ©partementale 1206,M,"46,1579130","6,1748090",74,2019,80.0,1.0,1.0,3.0,2157326,2.0,2,4,2,5.0,,0.0,0,1972.0,B01,138Â 293Â 914,1.0,-1.0,-1.0,1647289,2.0,7,,0.0,2.0,1.0,A01,138Â 293Â 915,1.0
965166,201900006697,10,20,19:30,3,1,1,1.0,1.0,74044,route dÃ©partementale 1206,M,"46,1579130","6,1748090",74,2019,80.0,1.0,1.0,3.0,2157327,6.0,2,4,2,5.0,,0.0,0,2014.0,B01,138Â 293Â 914,1.0,-1.0,-1.0,1647288,1.0,10,,0.0,2.0,3.0,B01,138Â 293Â 914,1.0
965166,201900006697,10,20,19:30,3,1,1,1.0,1.0,74044,route dÃ©partementale 1206,M,"46,1579130","6,1748090",74,2019,80.0,1.0,1.0,3.0,2157327,6.0,2,4,2,5.0,,0.0,0,2014.0,B01,138Â 293Â 914,1.0,-1.0,-1.0,1647289,2.0,7,,0.0,2.0,1.0,A01,138Â 293Â 915,1.0
965166,201900006697,10,20,19:30,3,1,1,1.0,1.0,74044,route dÃ©partementale 1206,M,"46,1579130","6,1748090",74,2019,80.0,1.0,1.0,3.0,2157328,1.0,1,3,1,5.0,,0.0,0,1981.0,A01,138Â 293Â 915,1.0,-1.0,-1.0,1647288,1.0,10,,0.0,2.0,3.0,B01,138Â 293Â 914,1.0
965166,201900006697,10,20,19:30,3,1,1,1.0,1.0,74044,route dÃ©partementale 1206,M,"46,1579130","6,1748090",74,2019,80.0,1.0,1.0,3.0,2157328,1.0,1,3,1,5.0,,0.0,0,1981.0,A01,138Â 293Â 915,1.0,-1.0,-1.0,1647289,2.0,7,,0.0,2.0,1.0,A01,138Â 293Â 915,1.0
965167,201900006698,10,17,15:30,1,2,1,3.0,2.0,42094,rue de la LOIRE,M,"45,7430600","4,2182240",42,2019,50.0,1.0,2.0,3.0,2157329,1.0,1,3,1,1.0,,0.0,0,2002.0,A01,138Â 293Â 912,2.0,-1.0,-1.0,1647290,1.0,2,,0.0,2.0,1.0,A01,138Â 293Â 912,1.0
965167,201900006698,10,17,15:30,1,2,1,3.0,2.0,42094,rue de la LOIRE,M,"45,7430600","4,2182240",42,2019,50.0,1.0,2.0,3.0,2157329,1.0,1,3,1,1.0,,0.0,0,2002.0,A01,138Â 293Â 912,2.0,-1.0,-1.0,1647291,1.0,14,,0.0,0.0,5.0,B01,138Â 293Â 913,1.0
965167,201900006698,10,17,15:30,1,2,1,3.0,2.0,42094,rue de la LOIRE,M,"45,7430600","4,2182240",42,2019,50.0,1.0,2.0,3.0,2157330,1.0,1,1,1,4.0,,0.0,0,1978.0,B01,138Â 293Â 913,1.0,-1.0,-1.0,1647290,1.0,2,,0.0,2.0,1.0,A01,138Â 293Â 912,1.0
965167,201900006698,10,17,15:30,1,2,1,3.0,2.0,42094,rue de la LOIRE,M,"45,7430600","4,2182240",42,2019,50.0,1.0,2.0,3.0,2157330,1.0,1,1,1,4.0,,0.0,0,1978.0,B01,138Â 293Â 913,1.0,-1.0,-1.0,1647291,1.0,14,,0.0,0.0,5.0,B01,138Â 293Â 913,1.0
965168,201900006699,10,21,14:30,1,1,1,2.0,6.0,01262,Chemin neuf,M,"45,9198120","5,0258180",1,2019,80.0,3.0,2.0,4.0,2157331,1.0,1,2,1,5.0,,0.0,0,1948.0,A01,138Â 293Â 911,8.0,-1.0,-1.0,1647292,0.0,7,,2.0,0.0,3.0,A01,138Â 293Â 911,0.0
965169,201900006700,10,20,18:00,1,2,1,2.0,7.0,17273,78 Route de PrÃ©roux,M,"45,6251550"," -0,4809600",17,2019,80.0,3.0,2.0,3.0,2157332,1.0,1,3,1,5.0,,0.0,0,1993.0,A01,138Â 293Â 910,8.0,-1.0,-1.0,1647293,1.0,7,,2.0,0.0,1.0,A01,138Â 293Â 910,1.0
965170,201900006701,10,20,02:28,3,2,1,2.0,7.0,64252,Route du Somport,M,"43,1538089"," -0,5969622",64,2019,50.0,8.0,2.0,2.0,2157333,1.0,1,4,1,5.0,,0.0,0,1981.0,A01,138Â 293Â 909,1.0,9.0,-1.0,1647294,1.0,7,,6.0,0.0,1.0,A01,138Â 293Â 909,1.0
965171,201900006702,10,19,09:30,1,1,1,8.0,7.0,47326,lieu-dit gazelle,M,"44,5130559","0,2731390",47,2019,80.0,8.0,1.0,3.0,2157334,1.0,1,2,1,5.0,,0.0,0,1971.0,A01,138Â 293Â 908,1.0,-1.0,-1.0,1647295,0.0,7,,0.0,0.0,9.0,A01,138Â 293Â 908,0.0
965172,201900006703,10,21,07:15,3,1,1,1.0,3.0,85071,Rue de Saint-Gilles,M,"46,7541500"," -1,8640000",85,2019,80.0,1.0,1.0,3.0,2157335,1.0,1,2,2,2.0,,0.0,0,1977.0,A01,138Â 293Â 906,8.0,-1.0,-1.0,1647296,2.0,7,,0.0,2.0,7.0,A01,138Â 293Â 906,1.0
965172,201900006703,10,21,07:15,3,1,1,1.0,3.0,85071,Rue de Saint-Gilles,M,"46,7541500"," -1,8640000",85,2019,80.0,1.0,1.0,3.0,2157335,1.0,1,2,2,2.0,,0.0,0,1977.0,A01,138Â 293Â 906,8.0,-1.0,-1.0,1647297,1.0,10,,0.0,2.0,1.0,B01,138Â 293Â 907,1.0
965172,201900006703,10,21,07:15,3,1,1,1.0,3.0,85071,Rue de Saint-Gilles,M,"46,7541500"," -1,8640000",85,2019,80.0,1.0,1.0,3.0,2157336,1.0,1,1,1,4.0,,0.0,0,1980.0,B01,138Â 293Â 907,1.0,-1.0,-1.0,1647296,2.0,7,,0.0,2.0,7.0,A01,138Â 293Â 906,1.0
965172,201900006703,10,21,07:15,3,1,1,1.0,3.0,85071,Rue de Saint-Gilles,M,"46,7541500"," -1,8640000",85,2019,80.0,1.0,1.0,3.0,2157336,1.0,1,1,1,4.0,,0.0,0,1980.0,B01,138Â 293Â 907,1.0,-1.0,-1.0,1647297,1.0,10,,0.0,2.0,1.0,B01,138Â 293Â 907,1.0
965173,201900006704,6,28,11:20,1,2,6,1.0,3.0,44103,Route de la Croix Chevalier/rue Jules Verne,M,"47,3301670"," -2,1347060",44,2019,50.0,1.0,1.0,4.0,2157337,1.0,1,1,2,5.0,,0.0,0,1964.0,A01,138Â 293Â 904,1.0,-1.0,-1.0,1647298,3.0,7,,0.0,9.0,3.0,A01,138Â 293Â 904,1.0
965173,201900006704,6,28,11:20,1,2,6,1.0,3.0,44103,Route de la Croix Chevalier/rue Jules Verne,M,"47,3301670"," -2,1347060",44,2019,50.0,1.0,1.0,4.0,2157337,1.0,1,1,2,5.0,,0.0,0,1964.0,A01,138Â 293Â 904,1.0,-1.0,-1.0,1647299,3.0,1,,0.0,2.0,2.0,B01,138Â 293Â 905,5.0
965173,201900006704,6,28,11:20,1,2,6,1.0,3.0,44103,Route de la Croix Chevalier/rue Jules Verne,M,"47,3301670"," -2,1347060",44,2019,50.0,1.0,1.0,4.0,2157338,1.0,1,3,2,5.0,,0.0,0,1948.0,B01,138Â 293Â 905,0.0,-1.0,-1.0,1647298,3.0,7,,0.0,9.0,3.0,A01,138Â 293Â 904,1.0
965173,201900006704,6,28,11:20,1,2,6,1.0,3.0,44103,Route de la Croix Chevalier/rue Jules Verne,M,"47,3301670"," -2,1347060",44,2019,50.0,1.0,1.0,4.0,2157338,1.0,1,3,2,5.0,,0.0,0,1948.0,B01,138Â 293Â 905,0.0,-1.0,-1.0,1647299,3.0,1,,0.0,2.0,2.0,B01,138Â 293Â 905,5.0
965174,201900006705,10,19,06:30,5,1,6,1.0,6.0,14068,Lieu Dit la Bijude,M,"49,2298400"," -0,3708970",14,2019,70.0,3.0,1.0,3.0,2157339,2.0,2,3,1,5.0,,0.0,0,1989.0,A01,138Â 293Â 903,1.0,-1.0,-1.0,1647300,1.0,7,,8.0,0.0,1.0,A01,138Â 293Â 903,1.0
965174,201900006705,10,19,06:30,5,1,6,1.0,6.0,14068,Lieu Dit la Bijude,M,"49,2298400"," -0,3708970",14,2019,70.0,3.0,1.0,3.0,2157340,1.0,1,1,1,9.0,,0.0,0,1993.0,A01,138Â 293Â 903,1.0,-1.0,-1.0,1647300,1.0,7,,8.0,0.0,1.0,A01,138Â 293Â 903,1.0
965174,201900006705,10,19,06:30,5,1,6,1.0,6.0,14068,Lieu Dit la Bijude,M,"49,2298400"," -0,3708970",14,2019,70.0,3.0,1.0,3.0,2157341,8.0,2,3,1,5.0,,0.0,0,1995.0,A01,138Â 293Â 903,0.0,-1.0,-1.0,1647300,1.0,7,,8.0,0.0,1.0,A01,138Â 293Â 903,1.0
965175,201900006706,10,17,21:45,3,1,1,1.0,7.0,35316,42 Pinelais,M,"47,7813240"," -1,6352470",35,2019,80.0,3.0,1.0,3.0,2157342,1.0,1,3,1,1.0,,0.0,0,1969.0,A01,138Â 293Â 902,1.0,-1.0,-1.0,1647301,1.0,7,,13.0,0.0,3.0,A01,138Â 293Â 902,1.0
965176,201900006707,10,15,21:30,5,1,2,1.0,5.0,60141,5 Avenue du GÃ©nÃ©ral Leclerc,M,"49,1823110","2,4583650",60,2019,50.0,1.0,1.0,3.0,2157343,1.0,1,4,1,5.0,,0.0,0,1985.0,A01,138Â 293Â 898,1.0,-1.0,-1.0,1647302,2.0,7,,1.0,2.0,3.0,A01,138Â 293Â 898,1.0