Unnamed: 0_x,num_acc,mois,jour,hrmn,lum,agg,int,atm,col,com,adr,gps,lat,long,dep,annee,vma,situ,surf,catr,Unnamed: 0_y,place,catu,grav,sexe,trajet,secu,locp,actp,an_nais,num_veh_x,id_vehicule_x,secu1,secu2,secu3,Unnamed: 0,senc,catv,occutc,obs,obsm,choc,num_veh_y,id_vehicule_y,motor
965176,201900006707,10,15,21:30,5,1,2,1.0,5.0,60141,5 Avenue du GÃ©nÃ©ral Leclerc,M,"49,1823110","2,4583650",60,2019,50.0,1.0,1.0,3.0,2157343,1.0,1,4,1,5.0,,0.0,0,1985.0,A01,138Â 293Â 898,1.0,-1.0,-1.0,1647303,2.0,7,,0.0,2.0,3.0,B01,138Â 293Â 899,1.0
965176,201900006707,10,15,21:30,5,1,2,1.0,5.0,60141,5 Avenue du GÃ©nÃ©ral Leclerc,M,"49,1823110","2,4583650",60,2019,50.0,1.0,1.0,3.0,2157343,1.0,1,4,1,5.0,,0.0,0,1985.0,A01,138Â 293Â 898,1.0,-1.0,-1.0,1647304,2.0,7,,0.0,0.0,4.0,C01,138Â 293Â 900,1.0
965176,201900006707,10,15,21:30,5,1,2,1.0,5.0,60141,5 Avenue du GÃ©nÃ©ral Leclerc,M,"49,1823110","2,4583650",60,2019,50.0,1.0,1.0,3.0,2157343,1.0,1,4,1,5.0,,0.0,0,1985.0,A01,138Â 293Â 898,1.0,-1.0,-1.0,1647305,2.0,21,,0.0,2.0,8.0,D01,138Â 293Â 901,1.0
965176,201900006707,10,15,21:30,5,1,2,1.0,5.0,60141,5 Avenue du GÃ©nÃ©ral Leclerc,M,"49,1823110","2,4583650",60,2019,50.0,1.0,1.0,3.0,2157344,1.0,1,1,1,5.0,,0.0,0,1987.0,B01,138Â 293Â 899,1.0,-1.0,-1.0,1647302,2.0,7,,1.0,2.0,3.0,A01,138Â 293Â 898,1.0
965176,201900006707,10,15,21:30,5,1,2,1.0,5.0,60141,5 Avenue du GÃ©nÃ©ral Leclerc,M,"49,1823110","2,4583650",60,2019,50.0,1.0,1.0,3.0,2157344,1.0,1,1,1,5.0,,0.0,0,1987.0,B01,138Â 293Â 899,1.0,-1.0,-1.0,1647303,2.0,7,,0.0,2.0,3.0,B01,138Â 293Â 899,1.0
965176,201900006707,10,15,21:30,5,1,2,1.0,5.0,60141,5 Avenue du GÃ©nÃ©ral Leclerc,M,"49,1823110","2,4583650",60,2019,50.0,1.0,1.0,3.0,2157344,1.0,1,1,1,5.0,,0.0,0,1987.0,B01,138Â 293Â 899,1.0,-1.0,-1.0,1647304,2.0,7,,0.0,0.0,4.0,C01,138Â 293Â 900,1.0
965176,201900006707,10,15,21:30,5,1,2,1.0,5.0,60141,5 Avenue du GÃ©nÃ©ral Leclerc,M,"49,1823110","2,4583650",60,2019,50.0,1.0,1.0,3.0,2157344,1.0,1,1,1,5.0,,0.0,0,1987.0,B01,138Â 293Â 899,1.0,-1.0,-1.0,1647305,2.0,21,,0.0,2.0,8.0,D01,138Â 293Â 901,1.0
965176,201900006707,10,15,21:30,5,1,2,1.0,5.0,60141,5 Avenue du GÃ©nÃ©ral Leclerc,M,"49,1823110","2,4583650",60,2019,50.0,1.0,1.0,3.0,2157345,1.0,1,1,2,5.0,,0.0,0,1962.0,C01,138Â 293Â 900,1.0,-1.0,-1.0,1647302,2.0,7,,1.0,2.0,3.0,A01,138Â 293Â 898,1.0
965176,201900006707,10,15,21:30,5,1,2,1.0,5.0,60141,5 Avenue du GÃ©nÃ©ral Leclerc,M,"49,1823110","2,4583650",60,2019,50.0,1.0,1.0,3.0,2157345,1.0,1,1,2,5.0,,0.0,0,1962.0,C01,138Â 293Â 900,1.0,-1.0,-1.0,1647303,2.0,7,,0.0,2.0,3.0,B01,138Â 293Â 899,1.0
965176,201900006707,10,15,21:30,5,1,2,1.0,5.0,60141,5 Avenue du GÃ©nÃ©ral Leclerc,M,"49,1823110","2,4583650",60,2019,50.0,1.0,1.0,3.0,2157345,1.0,1,1,2,5.0,,0.0,0,1962.0,C01,138Â 293Â 900,1.0,-1.0,-1.0,1647304,2.0,7,,0.0,0.0,4.0,C01,138Â 293Â 900,1.0
965176,201900006707,10,15,21:30,5,1,2,1.0,5.0,60141,5 Avenue du GÃ©nÃ©ral Leclerc,M,"49,1823110","2,4583650",60,2019,50.0,1.0,1.0,3.0,2157345,1.0,1,1,2,5.0,,0.0,0,1962.0,C01,138Â 293Â 900,1.0,-1.0,-1.0,1647305,2.0,21,,0.0,2.0,8.0,D01,138Â 293Â 901,1.0
965176,201900006707,10,15,21:30,5,1,2,1.0,5.0,60141,5 Avenue du GÃ©nÃ©ral Leclerc,M,"49,1823110","2,4583650",60,2019,50.0,1.0,1.0,3.0,2157346,1.0,1,1,1,4.0,,0.0,0,1995.0,D01,138Â 293Â 901,0.0,-1.0,-1.0,1647302,2.0,7,,1.0,2.0,3.0,A01,138Â 293Â 898,1.0
965176,201900006707,10,15,21:30,5,1,2,1.0,5.0,60141,5 Avenue du GÃ©nÃ©ral Leclerc,M,"49,1823110","2,4583650",60,2019,50.0,1.0,1.0,3.0,2157346,1.0,1,1,1,4.0,,0.0,0,1995.0,D01,138Â 293Â 901,0.0,-1.0,-1.0,1647303,2.0,7,,0.0,2.0,3.0,B01,138Â 293Â 899,1.0
965176,201900006707,10,15,21:30,5,1,2,1.0,5.0,60141,5 Avenue du GÃ©nÃ©ral Leclerc,M,"49,1823110","2,4583650",60,2019,50.0,1.0,1.0,3.0,2157346,1.0,1,1,1,4.0,,0.0,0,1995.0,D01,138Â 293Â 901,0.0,-1.0,-1.0,1647304,2.0,7,,0.0,0.0,4.0,C01,138Â 293Â 900,1.0
965176,201900006707,10,15,21:30,5,1,2,1.0,5.0,60141,5 Avenue du GÃ©nÃ©ral Leclerc,M,"49,1823110","2,4583650",60,2019,50.0,1.0,1.0,3.0,2157346,1.0,1,1,1,4.0,,0.0,0,1995.0,D01,138Â 293Â 901,0.0,-1.0,-1.0,1647305,2.0,21,,0.0,2.0,8.0,D01,138Â 293Â 901,1.0
965177,201900006708,10,21,17:35,1,2,1,8.0,3.0,80561,Avenue du Chemin Vert,M,"49,6501290","2,5779530",80,2019,50.0,1.0,1.0,7.0,2157347,2.0,2,1,2,0.0,,0.0,0,1952.0,B01,138Â 293Â 896,1.0,-1.0,-1.0,1647306,3.0,7,,0.0,2.0,7.0,B01,138Â 293Â 896,1.0
965177,201900006708,10,21,17:35,1,2,1,8.0,3.0,80561,Avenue du Chemin Vert,M,"49,6501290","2,5779530",80,2019,50.0,1.0,1.0,7.0,2157347,2.0,2,1,2,0.0,,0.0,0,1952.0,B01,138Â 293Â 896,1.0,-1.0,-1.0,1647307,3.0,7,,0.0,2.0,3.0,A01,138Â 293Â 897,1.0
965177,201900006708,10,21,17:35,1,2,1,8.0,3.0,80561,Avenue du Chemin Vert,M,"49,6501290","2,5779530",80,2019,50.0,1.0,1.0,7.0,2157348,1.0,1,3,1,9.0,,0.0,0,1944.0,B01,138Â 293Â 896,1.0,-1.0,-1.0,1647306,3.0,7,,0.0,2.0,7.0,B01,138Â 293Â 896,1.0
965177,201900006708,10,21,17:35,1,2,1,8.0,3.0,80561,Avenue du Chemin Vert,M,"49,6501290","2,5779530",80,2019,50.0,1.0,1.0,7.0,2157348,1.0,1,3,1,9.0,,0.0,0,1944.0,B01,138Â 293Â 896,1.0,-1.0,-1.0,1647307,3.0,7,,0.0,2.0,3.0,A01,138Â 293Â 897,1.0
965177,201900006708,10,21,17:35,1,2,1,8.0,3.0,80561,Avenue du Chemin Vert,M,"49,6501290","2,5779530",80,2019,50.0,1.0,1.0,7.0,2157349,1.0,1,1,2,1.0,,0.0,0,1964.0,A01,138Â 293Â 897,1.0,-1.0,-1.0,1647306,3.0,7,,0.0,2.0,7.0,B01,138Â 293Â 896,1.0
965177,201900006708,10,21,17:35,1,2,1,8.0,3.0,80561,Avenue du Chemin Vert,M,"49,6501290","2,5779530",80,2019,50.0,1.0,1.0,7.0,2157349,1.0,1,1,2,1.0,,0.0,0,1964.0,A01,138Â 293Â 897,1.0,-1.0,-1.0,1647307,3.0,7,,0.0,2.0,3.0,A01,138Â 293Â 897,1.0
965178,201900006709,10,20,16:30,1,1,1,2.0,6.0,13022,A50-Sens Toulon vers Aubagne,M,"43,2286140","5,5837270",13,2019,90.0,1.0,2.0,1.0,2157350,1.0,1,4,1,5.0,,-1.0, -1,2000.0,A01,138Â 293Â 895,1.0,0.0,-1.0,1647308,2.0,7,,3.0,0.0,1.0,A01,138Â 293Â 895,1.0
965179,201900006710,10,20,09:50,1,2,1,1.0,2.0,13215,A7-Sens Lyon vers Marseille,M,"43,3666170","5,3606250",13,2019,90.0,1.0,1.0,1.0,2157351,1.0,1,4,2,5.0,,-1.0, -1,1984.0,B01,138Â 293Â 893,1.0,0.0,-1.0,1647309,1.0,7,,0.0,2.0,1.0,B01,138Â 293Â 893,0.0
965179,201900006710,10,20,09:50,1,2,1,1.0,2.0,13215,A7-Sens Lyon vers Marseille,M,"43,3666170","5,3606250",13,2019,90.0,1.0,1.0,1.0,2157351,1.0,1,4,2,5.0,,-1.0, -1,1984.0,B01,138Â 293Â 893,1.0,0.0,-1.0,1647310,1.0,7,,0.0,2.0,4.0,A01,138Â 293Â 894,1.0
965179,201900006710,10,20,09:50,1,2,1,1.0,2.0,13215,A7-Sens Lyon vers Marseille,M,"43,3666170","5,3606250",13,2019,90.0,1.0,1.0,1.0,2157352,1.0,1,1,2,5.0,,-1.0, -1,1970.0,A01,138Â 293Â 894,1.0,0.0,-1.0,1647309,1.0,7,,0.0,2.0,1.0,B01,138Â 293Â 893,0.0
965179,201900006710,10,20,09:50,1,2,1,1.0,2.0,13215,A7-Sens Lyon vers Marseille,M,"43,3666170","5,3606250",13,2019,90.0,1.0,1.0,1.0,2157352,1.0,1,1,2,5.0,,-1.0, -1,1970.0,A01,138Â 293Â 894,1.0,0.0,-1.0,1647310,1.0,7,,0.0,2.0,4.0,A01,138Â 293Â 894,1.0
965180,201900006711,10,20,08:50,1,1,1,1.0,7.0,13026,A55-Sens Marseille vers Martigues,M,"43,3767867","5,1734189",13,2019,110.0,1.0,1.0,1.0,2157353,1.0,1,4,1,0.0,,-1.0, -1,1994.0,A01,138Â 293Â 892,1.0,5.0,-1.0,1647311,1.0,7,,3.0,0.0,1.0,A01,138Â 293Â 892,1.0
965181,201900006712,10,20,03:35,5,1,1,1.0,2.0,13203,A7-Sens Lyon vers Marseille,M,"43,3119347","5,3761894",13,2019,90.0,1.0,1.0,1.0,2157354,1.0,1,3,1,5.0,,-1.0,0,1999.0,B01,138Â 293Â 890,2.0,8.0,-1.0,1647312,1.0,33,,0.0,2.0,1.0,B01,138Â 293Â 890,1.0
965181,201900006712,10,20,03:35,5,1,1,1.0,2.0,13203,A7-Sens Lyon vers Marseille,M,"43,3119347","5,3761894",13,2019,90.0,1.0,1.0,1.0,2157354,1.0,1,3,1,5.0,,-1.0,0,1999.0,B01,138Â 293Â 890,2.0,8.0,-1.0,1647313,1.0,7,,0.0,2.0,4.0,A01,138Â 293Â 891,1.0
965181,201900006712,10,20,03:35,5,1,1,1.0,2.0,13203,A7-Sens Lyon vers Marseille,M,"43,3119347","5,3761894",13,2019,90.0,1.0,1.0,1.0,2157355,2.0,2,1,1,5.0,,-1.0,0,1986.0,A01,138Â 293Â 891,1.0,0.0,-1.0,1647312,1.0,33,,0.0,2.0,1.0,B01,138Â 293Â 890,1.0
965181,201900006712,10,20,03:35,5,1,1,1.0,2.0,13203,A7-Sens Lyon vers Marseille,M,"43,3119347","5,3761894",13,2019,90.0,1.0,1.0,1.0,2157355,2.0,2,1,1,5.0,,-1.0,0,1986.0,A01,138Â 293Â 891,1.0,0.0,-1.0,1647313,1.0,7,,0.0,2.0,4.0,A01,138Â 293Â 891,1.0
965181,201900006712,10,20,03:35,5,1,1,1.0,2.0,13203,A7-Sens Lyon vers Marseille,M,"43,3119347","5,3761894",13,2019,90.0,1.0,1.0,1.0,2157356,1.0,1,1,2,5.0,,-1.0,0,1983.0,A01,138Â 293Â 891,1.0,8.0,-1.0,1647312,1.0,33,,0.0,2.0,1.0,B01,138Â 293Â 890,1.0
965181,201900006712,10,20,03:35,5,1,1,1.0,2.0,13203,A7-Sens Lyon vers Marseille,M,"43,3119347","5,3761894",13,2019,90.0,1.0,1.0,1.0,2157356,1.0,1,1,2,5.0,,-1.0,0,1983.0,A01,138Â 293Â 891,1.0,8.0,-1.0,1647313,1.0,7,,0.0,2.0,4.0,A01,138Â 293Â 891,1.0
965182,201900006713,10,20,00:35,3,1,1,1.0,7.0,57206,Autoroute A30,M,"49,3112100","6,1059200",57,2019,110.0,2.0,2.0,1.0,2157357,3.0,2,1,1,5.0,,-1.0, -1,1961.0,A01,138Â 293Â 889,1.0,0.0,-1.0,1647314,2.0,7,,3.0,0.0,2.0,A01,138Â 293Â 889,1.0
965182,201900006713,10,20,00:35,3,1,1,1.0,7.0,57206,Autoroute A30,M,"49,3112100","6,1059200",57,2019,110.0,2.0,2.0,1.0,2157358,1.0,1,3,1,5.0,,-1.0, -1,1976.0,A01,138Â 293Â 889,1.0,0.0,-1.0,1647314,2.0,7,,3.0,0.0,2.0,A01,138Â 293Â 889,1.0
965183,201900006714,10,10,16:47,1,1,1,1.0,4.0,57474,Autoroute A31,M,"49,2687200","6,1753500",57,2019,110.0,1.0,1.0,1.0,2157359,1.0,1,4,1,1.0,,-1.0, -1,1970.0,A01,138Â 293Â 884,1.0,0.0,-1.0,1647315,2.0,7,,0.0,2.0,3.0,A01,138Â 293Â 884,1.0
965183,201900006714,10,10,16:47,1,1,1,1.0,4.0,57474,Autoroute A31,M,"49,2687200","6,1753500",57,2019,110.0,1.0,1.0,1.0,2157359,1.0,1,4,1,1.0,,-1.0, -1,1970.0,A01,138Â 293Â 884,1.0,0.0,-1.0,1647316,2.0,7,,0.0,2.0,4.0,B01,138Â 293Â 885,1.0
965183,201900006714,10,10,16:47,1,1,1,1.0,4.0,57474,Autoroute A31,M,"49,2687200","6,1753500",57,2019,110.0,1.0,1.0,1.0,2157359,1.0,1,4,1,1.0,,-1.0, -1,1970.0,A01,138Â 293Â 884,1.0,0.0,-1.0,1647317,2.0,7,,0.0,2.0,4.0,C01,138Â 293Â 886,1.0
965183,201900006714,10,10,16:47,1,1,1,1.0,4.0,57474,Autoroute A31,M,"49,2687200","6,1753500",57,2019,110.0,1.0,1.0,1.0,2157359,1.0,1,4,1,1.0,,-1.0, -1,1970.0,A01,138Â 293Â 884,1.0,0.0,-1.0,1647318,2.0,7,,0.0,2.0,1.0,D01,138Â 293Â 887,1.0
965183,201900006714,10,10,16:47,1,1,1,1.0,4.0,57474,Autoroute A31,M,"49,2687200","6,1753500",57,2019,110.0,1.0,1.0,1.0,2157359,1.0,1,4,1,1.0,,-1.0, -1,1970.0,A01,138Â 293Â 884,1.0,0.0,-1.0,1647319,2.0,7,,0.0,2.0,4.0,E01,138Â 293Â 888,1.0
965183,201900006714,10,10,16:47,1,1,1,1.0,4.0,57474,Autoroute A31,M,"49,2687200","6,1753500",57,2019,110.0,1.0,1.0,1.0,2157360,1.0,1,4,1,5.0,,-1.0, -1,1969.0,B01,138Â 293Â 885,1.0,0.0,-1.0,1647315,2.0,7,,0.0,2.0,3.0,A01,138Â 293Â 884,1.0
965183,201900006714,10,10,16:47,1,1,1,1.0,4.0,57474,Autoroute A31,M,"49,2687200","6,1753500",57,2019,110.0,1.0,1.0,1.0,2157360,1.0,1,4,1,5.0,,-1.0, -1,1969.0,B01,138Â 293Â 885,1.0,0.0,-1.0,1647316,2.0,7,,0.0,2.0,4.0,B01,138Â 293Â 885,1.0
965183,201900006714,10,10,16:47,1,1,1,1.0,4.0,57474,Autoroute A31,M,"49,2687200","6,1753500",57,2019,110.0,1.0,1.0,1.0,2157360,1.0,1,4,1,5.0,,-1.0, -1,1969.0,B01,138Â 293Â 885,1.0,0.0,-1.0,1647317,2.0,7,,0.0,2.0,4.0,C01,138Â 293Â 886,1.0
965183,201900006714,10,10,16:47,1,1,1,1.0,4.0,57474,Autoroute A31,M,"49,2687200","6,1753500",57,2019,110.0,1.0,1.0,1.0,2157360,1.0,1,4,1,5.0,,-1.0, -1,1969.0,B01,138Â 293Â 885,1.0,0.0,-1.0,1647318,2.0,7,,0.0,2.0,1.0,D01,138Â 293Â 887,1.0
965183,201900006714,10,10,16:47,1,1,1,1.0,4.0,57474,Autoroute A31,M,"49,2687200","6,1753500",57,2019,110.0,1.0,1.0,1.0,2157360,1.0,1,4,1,5.0,,-1.0, -1,1969.0,B01,138Â 293Â 885,1.0,0.0,-1.0,1647319,2.0,7,,0.0,2.0,4.0,E01,138Â 293Â 888,1.0
965183,201900006714,10,10,16:47,1,1,1,1.0,4.0,57474,Autoroute A31,M,"49,2687200","6,1753500",57,2019,110.0,1.0,1.0,1.0,2157361,2.0,2,1,1,5.0,,-1.0, -1,2008.0,B01,138Â 293Â 885,1.0,0.0,-1.0,1647315,2.0,7,,0.0,2.0,3.0,A01,138Â 293Â 884,1.0
965183,201900006714,10,10,16:47,1,1,1,1.0,4.0,57474,Autoroute A31,M,"49,2687200","6,1753500",57,2019,110.0,1.0,1.0,1.0,2157361,2.0,2,1,1,5.0,,-1.0, -1,2008.0,B01,138Â 293Â 885,1.0,0.0,-1.0,1647316,2.0,7,,0.0,2.0,4.0,B01,138Â 293Â 885,1.0
965183,201900006714,10,10,16:47,1,1,1,1.0,4.0,57474,Autoroute A31,M,"49,2687200","6,1753500",57,2019,110.0,1.0,1.0,1.0,2157361,2.0,2,1,1,5.0,,-1.0, -1,2008.0,B01,138Â 293Â 885,1.0,0.0,-1.0,1647317,2.0,7,,0.0,2.0,4.0,C01,138Â 293Â 886,1.0
965183,201900006714,10,10,16:47,1,1,1,1.0,4.0,57474,Autoroute A31,M,"49,2687200","6,1753500",57,2019,110.0,1.0,1.0,1.0,2157361,2.0,2,1,1,5.0,,-1.0, -1,2008.0,B01,138Â 293Â 885,1.0,0.0,-1.0,1647318,2.0,7,,0.0,2.0,1.0,D01,138Â 293Â 887,1.0
965183,201900006714,10,10,16:47,1,1,1,1.0,4.0,57474,Autoroute A31,M,"49,2687200","6,1753500",57,2019,110.0,1.0,1.0,1.0,2157361,2.0,2,1,1,5.0,,-1.0, -1,2008.0,B01,138Â 293Â 885,1.0,0.0,-1.0,1647319,2.0,7,,0.0,2.0,4.0,E01,138Â 293Â 888,1.0
965183,201900006714,10,10,16:47,1,1,1,1.0,4.0,57474,Autoroute A31,M,"49,2687200","6,1753500",57,2019,110.0,1.0,1.0,1.0,2157362,1.0,1,1,1,1.0,,-1.0, -1,1971.0,C01,138Â 293Â 886,1.0,0.0,-1.0,1647315,2.0,7,,0.0,2.0,3.0,A01,138Â 293Â 884,1.0
965183,201900006714,10,10,16:47,1,1,1,1.0,4.0,57474,Autoroute A31,M,"49,2687200","6,1753500",57,2019,110.0,1.0,1.0,1.0,2157362,1.0,1,1,1,1.0,,-1.0, -1,1971.0,C01,138Â 293Â 886,1.0,0.0,-1.0,1647316,2.0,7,,0.0,2.0,4.0,B01,138Â 293Â 885,1.0
965183,201900006714,10,10,16:47,1,1,1,1.0,4.0,57474,Autoroute A31,M,"49,2687200","6,1753500",57,2019,110.0,1.0,1.0,1.0,2157362,1.0,1,1,1,1.0,,-1.0, -1,1971.0,C01,138Â 293Â 886,1.0,0.0,-1.0,1647317,2.0,7,,0.0,2.0,4.0,C01,138Â 293Â 886,1.0
965183,201900006714,10,10,16:47,1,1,1,1.0,4.0,57474,Autoroute A31,M,"49,2687200","6,1753500",57,2019,110.0,1.0,1.0,1.0,2157362,1.0,1,1,1,1.0,,-1.0, -1,1971.0,C01,138Â 293Â 886,1.0,0.0,-1.0,1647318,2.0,7,,0.0,2.0,1.0,D01,138Â 293Â 887,1.0
965183,201900006714,10,10,16:47,1,1,1,1.0,4.0,57474,Autoroute A31,M,"49,2687200","6,1753500",57,2019,110.0,1.0,1.0,1.0,2157362,1.0,1,1,1,1.0,,-1.0, -1,1971.0,C01,138Â 293Â 886,1.0,0.0,-1.0,1647319,2.0,7,,0.0,2.0,4.0,E01,138Â 293Â 888,1.0
965183,201900006714,10,10,16:47,1,1,1,1.0,4.0,57474,Autoroute A31,M,"49,2687200","6,1753500",57,2019,110.0,1.0,1.0,1.0,2157363,1.0,1,1,2,2.0,,-1.0, -1,1998.0,D01,138Â 293Â 887,1.0,0.0,-1.0,1647315,2.0,7,,0.0,2.0,3.0,A01,138Â 293Â 884,1.0
965183,201900006714,10,10,16:47,1,1,1,1.0,4.0,57474,Autoroute A31,M,"49,2687200","6,1753500",57,2019,110.0,1.0,1.0,1.0,2157363,1.0,1,1,2,2.0,,-1.0, -1,1998.0,D01,138Â 293Â 887,1.0,0.0,-1.0,1647316,2.0,7,,0.0,2.0,4.0,B01,138Â 293Â 885,1.0
965183,201900006714,10,10,16:47,1,1,1,1.0,4.0,57474,Autoroute A31,M,"49,2687200","6,1753500",57,2019,110.0,1.0,1.0,1.0,2157363,1.0,1,1,2,2.0,,-1.0, -1,1998.0,D01,138Â 293Â 887,1.0,0.0,-1.0,1647317,2.0,7,,0.0,2.0,4.0,C01,138Â 293Â 886,1.0
965183,201900006714,10,10,16:47,1,1,1,1.0,4.0,57474,Autoroute A31,M,"49,2687200","6,1753500",57,2019,110.0,1.0,1.0,1.0,2157363,1.0,1,1,2,2.0,,-1.0, -1,1998.0,D01,138Â 293Â 887,1.0,0.0,-1.0,1647318,2.0,7,,0.0,2.0,1.0,D01,138Â 293Â 887,1.0
965183,201900006714,10,10,16:47,1,1,1,1.0,4.0,57474,Autoroute A31,M,"49,2687200","6,1753500",57,2019,110.0,1.0,1.0,1.0,2157363,1.0,1,1,2,2.0,,-1.0, -1,1998.0,D01,138Â 293Â 887,1.0,0.0,-1.0,1647319,2.0,7,,0.0,2.0,4.0,E01,138Â 293Â 888,1.0
965183,201900006714,10,10,16:47,1,1,1,1.0,4.0,57474,Autoroute A31,M,"49,2687200","6,1753500",57,2019,110.0,1.0,1.0,1.0,2157364,1.0,1,1,1,1.0,,-1.0, -1,1976.0,E01,138Â 293Â 888,1.0,0.0,-1.0,1647315,2.0,7,,0.0,2.0,3.0,A01,138Â 293Â 884,1.0
965183,201900006714,10,10,16:47,1,1,1,1.0,4.0,57474,Autoroute A31,M,"49,2687200","6,1753500",57,2019,110.0,1.0,1.0,1.0,2157364,1.0,1,1,1,1.0,,-1.0, -1,1976.0,E01,138Â 293Â 888,1.0,0.0,-1.0,1647316,2.0,7,,0.0,2.0,4.0,B01,138Â 293Â 885,1.0
965183,201900006714,10,10,16:47,1,1,1,1.0,4.0,57474,Autoroute A31,M,"49,2687200","6,1753500",57,2019,110.0,1.0,1.0,1.0,2157364,1.0,1,1,1,1.0,,-1.0, -1,1976.0,E01,138Â 293Â 888,1.0,0.0,-1.0,1647317,2.0,7,,0.0,2.0,4.0,C01,138Â 293Â 886,1.0
965183,201900006714,10,10,16:47,1,1,1,1.0,4.0,57474,Autoroute A31,M,"49,2687200","6,1753500",57,2019,110.0,1.0,1.0,1.0,2157364,1.0,1,1,1,1.0,,-1.0, -1,1976.0,E01,138Â 293Â 888,1.0,0.0,-1.0,1647318,2.0,7,,0.0,2.0,1.0,D01,138Â 293Â 887,1.0
965183,201900006714,10,10,16:47,1,1,1,1.0,4.0,57474,Autoroute A31,M,"49,2687200","6,1753500",57,2019,110.0,1.0,1.0,1.0,2157364,1.0,1,1,1,1.0,,-1.0, -1,1976.0,E01,138Â 293Â 888,1.0,0.0,-1.0,1647319,2.0,7,,0.0,2.0,4.0,E01,138Â 293Â 888,1.0
965184,201900006715,10,20,19:45,5,1,1,2.0,4.0,33249,ROUTE NATIONALE 230,M,"44,8778400"," -0,5090800",33,2019,90.0,1.0,2.0,2.0,2157365,1.0,1,1,1,5.0,,-1.0,0,1984.0,D01,138Â 293Â 880,1.0,8.0,-1.0,1647320,1.0,7,,0.0,2.0,4.0,D01,138Â 293Â 880,1.0
965184,201900006715,10,20,19:45,5,1,1,2.0,4.0,33249,ROUTE NATIONALE 230,M,"44,8778400"," -0,5090800",33,2019,90.0,1.0,2.0,2.0,2157365,1.0,1,1,1,5.0,,-1.0,0,1984.0,D01,138Â 293Â 880,1.0,8.0,-1.0,1647321,1.0,7,,0.0,2.0,4.0,C01,138Â 293Â 881,1.0
965184,201900006715,10,20,19:45,5,1,1,2.0,4.0,33249,ROUTE NATIONALE 230,M,"44,8778400"," -0,5090800",33,2019,90.0,1.0,2.0,2.0,2157365,1.0,1,1,1,5.0,,-1.0,0,1984.0,D01,138Â 293Â 880,1.0,8.0,-1.0,1647322,1.0,7,,0.0,2.0,4.0,B01,138Â 293Â 882,1.0
965184,201900006715,10,20,19:45,5,1,1,2.0,4.0,33249,ROUTE NATIONALE 230,M,"44,8778400"," -0,5090800",33,2019,90.0,1.0,2.0,2.0,2157365,1.0,1,1,1,5.0,,-1.0,0,1984.0,D01,138Â 293Â 880,1.0,8.0,-1.0,1647323,1.0,7,,0.0,2.0,1.0,A01,138Â 293Â 883,1.0
965184,201900006715,10,20,19:45,5,1,1,2.0,4.0,33249,ROUTE NATIONALE 230,M,"44,8778400"," -0,5090800",33,2019,90.0,1.0,2.0,2.0,2157366,1.0,1,1,1,5.0,,-1.0,0,1994.0,C01,138Â 293Â 881,1.0,8.0,-1.0,1647320,1.0,7,,0.0,2.0,4.0,D01,138Â 293Â 880,1.0
965184,201900006715,10,20,19:45,5,1,1,2.0,4.0,33249,ROUTE NATIONALE 230,M,"44,8778400"," -0,5090800",33,2019,90.0,1.0,2.0,2.0,2157366,1.0,1,1,1,5.0,,-1.0,0,1994.0,C01,138Â 293Â 881,1.0,8.0,-1.0,1647321,1.0,7,,0.0,2.0,4.0,C01,138Â 293Â 881,1.0
965184,201900006715,10,20,19:45,5,1,1,2.0,4.0,33249,ROUTE NATIONALE 230,M,"44,8778400"," -0,5090800",33,2019,90.0,1.0,2.0,2.0,2157366,1.0,1,1,1,5.0,,-1.0,0,1994.0,C01,138Â 293Â 881,1.0,8.0,-1.0,1647322,1.0,7,,0.0,2.0,4.0,B01,138Â 293Â 882,1.0
965184,201900006715,10,20,19:45,5,1,1,2.0,4.0,33249,ROUTE NATIONALE 230,M,"44,8778400"," -0,5090800",33,2019,90.0,1.0,2.0,2.0,2157366,1.0,1,1,1,5.0,,-1.0,0,1994.0,C01,138Â 293Â 881,1.0,8.0,-1.0,1647323,1.0,7,,0.0,2.0,1.0,A01,138Â 293Â 883,1.0
965184,201900006715,10,20,19:45,5,1,1,2.0,4.0,33249,ROUTE NATIONALE 230,M,"44,8778400"," -0,5090800",33,2019,90.0,1.0,2.0,2.0,2157367,1.0,1,4,2,5.0,,-1.0,0,1945.0,B01,138Â 293Â 882,1.0,8.0,-1.0,1647320,1.0,7,,0.0,2.0,4.0,D01,138Â 293Â 880,1.0
965184,201900006715,10,20,19:45,5,1,1,2.0,4.0,33249,ROUTE NATIONALE 230,M,"44,8778400"," -0,5090800",33,2019,90.0,1.0,2.0,2.0,2157367,1.0,1,4,2,5.0,,-1.0,0,1945.0,B01,138Â 293Â 882,1.0,8.0,-1.0,1647321,1.0,7,,0.0,2.0,4.0,C01,138Â 293Â 881,1.0
965184,201900006715,10,20,19:45,5,1,1,2.0,4.0,33249,ROUTE NATIONALE 230,M,"44,8778400"," -0,5090800",33,2019,90.0,1.0,2.0,2.0,2157367,1.0,1,4,2,5.0,,-1.0,0,1945.0,B01,138Â 293Â 882,1.0,8.0,-1.0,1647322,1.0,7,,0.0,2.0,4.0,B01,138Â 293Â 882,1.0