Unnamed: 0_x,num_acc,mois,jour,hrmn,lum,agg,int,atm,col,com,adr,gps,lat,long,dep,annee,vma,situ,surf,catr,Unnamed: 0_y,place,catu,grav,sexe,trajet,secu,locp,actp,an_nais,num_veh_x,id_vehicule_x,secu1,secu2,secu3,Unnamed: 0,senc,catv,occutc,obs,obsm,choc,num_veh_y,id_vehicule_y,motor
965184,201900006715,10,20,19:45,5,1,1,2.0,4.0,33249,ROUTE NATIONALE 230,M,"44,8778400"," -0,5090800",33,2019,90.0,1.0,2.0,2.0,2157367,1.0,1,4,2,5.0,,-1.0,0,1945.0,B01,138Â 293Â 882,1.0,8.0,-1.0,1647323,1.0,7,,0.0,2.0,1.0,A01,138Â 293Â 883,1.0
965184,201900006715,10,20,19:45,5,1,1,2.0,4.0,33249,ROUTE NATIONALE 230,M,"44,8778400"," -0,5090800",33,2019,90.0,1.0,2.0,2.0,2157368,1.0,1,4,1,0.0,,-1.0, -1,1990.0,A01,138Â 293Â 883,1.0,8.0,-1.0,1647320,1.0,7,,0.0,2.0,4.0,D01,138Â 293Â 880,1.0
965184,201900006715,10,20,19:45,5,1,1,2.0,4.0,33249,ROUTE NATIONALE 230,M,"44,8778400"," -0,5090800",33,2019,90.0,1.0,2.0,2.0,2157368,1.0,1,4,1,0.0,,-1.0, -1,1990.0,A01,138Â 293Â 883,1.0,8.0,-1.0,1647321,1.0,7,,0.0,2.0,4.0,C01,138Â 293Â 881,1.0
965184,201900006715,10,20,19:45,5,1,1,2.0,4.0,33249,ROUTE NATIONALE 230,M,"44,8778400"," -0,5090800",33,2019,90.0,1.0,2.0,2.0,2157368,1.0,1,4,1,0.0,,-1.0, -1,1990.0,A01,138Â 293Â 883,1.0,8.0,-1.0,1647322,1.0,7,,0.0,2.0,4.0,B01,138Â 293Â 882,1.0
965184,201900006715,10,20,19:45,5,1,1,2.0,4.0,33249,ROUTE NATIONALE 230,M,"44,8778400"," -0,5090800",33,2019,90.0,1.0,2.0,2.0,2157368,1.0,1,4,1,0.0,,-1.0, -1,1990.0,A01,138Â 293Â 883,1.0,8.0,-1.0,1647323,1.0,7,,0.0,2.0,1.0,A01,138Â 293Â 883,1.0
965185,201900006716,10,20,19:15,5,1,1,2.0,6.0,33249,Bretelle RN230-A630 vers Bordeaux,M,"44,8849500"," -0,5122300",33,2019,50.0,1.0,2.0,2.0,2157369,1.0,1,4,2,5.0,,-1.0, -1,1989.0,A01,138Â 293Â 879,1.0,8.0,-1.0,1647324,1.0,7,,4.0,0.0,1.0,A01,138Â 293Â 879,1.0
965186,201900006717,10,20,14:15,1,1,1,2.0,6.0,33249,ROCADE A 630,M,"44,8845700"," -0,5105900",33,2019,50.0,1.0,2.0,2.0,2157370,1.0,1,4,2,5.0,,-1.0, -1,1999.0,A01,138Â 293Â 878,1.0,8.0,-1.0,1647325,1.0,7,,4.0,0.0,3.0,A01,138Â 293Â 878,1.0
965187,201900006718,10,20,09:45,1,1,1,2.0,6.0,33039,ROCADE A 630,M,"44,7898900"," -0,5407100",33,2019,90.0,1.0,2.0,1.0,2157371,1.0,1,4,2,0.0,,-1.0, -1,1991.0,A01,138Â 293Â 877,1.0,8.0,-1.0,1647326,2.0,7,,4.0,0.0,1.0,A01,138Â 293Â 877,1.0
965187,201900006718,10,20,09:45,1,1,1,2.0,6.0,33039,ROCADE A 630,M,"44,7898900"," -0,5407100",33,2019,90.0,1.0,2.0,1.0,2157372,5.0,2,1,1,0.0,,-1.0, -1,2017.0,A01,138Â 293Â 877,3.0,8.0,-1.0,1647326,2.0,7,,4.0,0.0,1.0,A01,138Â 293Â 877,1.0
965188,201900006719,10,20,03:55,3,1,1,2.0,6.0,33039,A631,M,"44,8034900"," -0,5330000",33,2019,90.0,1.0,2.0,1.0,2157373,1.0,1,4,1,5.0,,0.0, -1,1999.0,A01,138Â 293Â 876,1.0,8.0,-1.0,1647327,2.0,10,,3.0,0.0,1.0,A01,138Â 293Â 876,1.0
965188,201900006719,10,20,03:55,3,1,1,2.0,6.0,33039,A631,M,"44,8034900"," -0,5330000",33,2019,90.0,1.0,2.0,1.0,2157374,2.0,2,3,1,5.0,,0.0, -1,2001.0,A01,138Â 293Â 876,1.0,8.0,-1.0,1647327,2.0,10,,3.0,0.0,1.0,A01,138Â 293Â 876,1.0
965188,201900006719,10,20,03:55,3,1,1,2.0,6.0,33039,A631,M,"44,8034900"," -0,5330000",33,2019,90.0,1.0,2.0,1.0,2157375,5.0,2,1,1,5.0,,0.0, -1,2001.0,A01,138Â 293Â 876,1.0,8.0,-1.0,1647327,2.0,10,,3.0,0.0,1.0,A01,138Â 293Â 876,1.0
965189,201900006720,10,20,03:50,3,1,1,2.0,6.0,33143,AUTOROUTE A 10,M,"44,9580100"," -0,4482200",33,2019,130.0,1.0,2.0,1.0,2157376,2.0,2,4,1,0.0,,-1.0, -1,1995.0,A01,138Â 293Â 875,1.0,8.0,-1.0,1647328,2.0,7,,3.0,0.0,1.0,A01,138Â 293Â 875,1.0
965189,201900006720,10,20,03:50,3,1,1,2.0,6.0,33143,AUTOROUTE A 10,M,"44,9580100"," -0,4482200",33,2019,130.0,1.0,2.0,1.0,2157377,1.0,1,1,2,0.0,,-1.0, -1,1977.0,A01,138Â 293Â 875,1.0,8.0,-1.0,1647328,2.0,7,,3.0,0.0,1.0,A01,138Â 293Â 875,1.0
965190,201900006721,10,20,16:50,1,1,1,1.0,7.0,77251,AUTOROUTE A5A,M,"48,6176000","2,5572400",77,2019,70.0,1.0,2.0,1.0,2157378,1.0,1,4,1,0.0,,-1.0, -1,1958.0,A01,138Â 293Â 874,1.0,8.0,-1.0,1647329,2.0,7,,4.0,0.0,1.0,A01,138Â 293Â 874,1.0
965191,201900006722,10,20,16:15,1,1,1,2.0,2.0,91340,RN 104,M,"48,6087400","2,4356600",91,2019,70.0,1.0,2.0,2.0,2157379,1.0,1,1,2,5.0,,0.0,0,1969.0,A01,138Â 293Â 872,1.0,8.0,-1.0,1647330,1.0,10,,4.0,2.0,5.0,A01,138Â 293Â 872,1.0
965191,201900006722,10,20,16:15,1,1,1,2.0,2.0,91340,RN 104,M,"48,6087400","2,4356600",91,2019,70.0,1.0,2.0,2.0,2157379,1.0,1,1,2,5.0,,0.0,0,1969.0,A01,138Â 293Â 872,1.0,8.0,-1.0,1647331,1.0,7,,3.0,0.0,5.0,B01,138Â 293Â 873,1.0
965191,201900006722,10,20,16:15,1,1,1,2.0,2.0,91340,RN 104,M,"48,6087400","2,4356600",91,2019,70.0,1.0,2.0,2.0,2157380,1.0,1,4,2,5.0,,0.0,0,1963.0,B01,138Â 293Â 873,1.0,8.0,-1.0,1647330,1.0,10,,4.0,2.0,5.0,A01,138Â 293Â 872,1.0
965191,201900006722,10,20,16:15,1,1,1,2.0,2.0,91340,RN 104,M,"48,6087400","2,4356600",91,2019,70.0,1.0,2.0,2.0,2157380,1.0,1,4,2,5.0,,0.0,0,1963.0,B01,138Â 293Â 873,1.0,8.0,-1.0,1647331,1.0,7,,3.0,0.0,5.0,B01,138Â 293Â 873,1.0
965192,201900006723,10,20,15:25,1,1,1,2.0,4.0,91521,RN 104,M,"48,6338800","2,4010900",91,2019,50.0,1.0,2.0,2.0,2157381,1.0,1,1,1,5.0,,0.0,0,1991.0,C01,138Â 293Â 869,1.0,0.0,-1.0,1647332,1.0,7,,0.0,2.0,2.0,C01,138Â 293Â 869,1.0
965192,201900006723,10,20,15:25,1,1,1,2.0,4.0,91521,RN 104,M,"48,6338800","2,4010900",91,2019,50.0,1.0,2.0,2.0,2157381,1.0,1,1,1,5.0,,0.0,0,1991.0,C01,138Â 293Â 869,1.0,0.0,-1.0,1647333,2.0,7,,0.0,2.0,1.0,B01,138Â 293Â 870,1.0
965192,201900006723,10,20,15:25,1,1,1,2.0,4.0,91521,RN 104,M,"48,6338800","2,4010900",91,2019,50.0,1.0,2.0,2.0,2157381,1.0,1,1,1,5.0,,0.0,0,1991.0,C01,138Â 293Â 869,1.0,0.0,-1.0,1647334,1.0,7,,0.0,2.0,2.0,A01,138Â 293Â 871,1.0
965192,201900006723,10,20,15:25,1,1,1,2.0,4.0,91521,RN 104,M,"48,6338800","2,4010900",91,2019,50.0,1.0,2.0,2.0,2157382,1.0,1,1,2,5.0,,0.0,0,1997.0,B01,138Â 293Â 870,1.0,0.0,-1.0,1647332,1.0,7,,0.0,2.0,2.0,C01,138Â 293Â 869,1.0
965192,201900006723,10,20,15:25,1,1,1,2.0,4.0,91521,RN 104,M,"48,6338800","2,4010900",91,2019,50.0,1.0,2.0,2.0,2157382,1.0,1,1,2,5.0,,0.0,0,1997.0,B01,138Â 293Â 870,1.0,0.0,-1.0,1647333,2.0,7,,0.0,2.0,1.0,B01,138Â 293Â 870,1.0
965192,201900006723,10,20,15:25,1,1,1,2.0,4.0,91521,RN 104,M,"48,6338800","2,4010900",91,2019,50.0,1.0,2.0,2.0,2157382,1.0,1,1,2,5.0,,0.0,0,1997.0,B01,138Â 293Â 870,1.0,0.0,-1.0,1647334,1.0,7,,0.0,2.0,2.0,A01,138Â 293Â 871,1.0
965192,201900006723,10,20,15:25,1,1,1,2.0,4.0,91521,RN 104,M,"48,6338800","2,4010900",91,2019,50.0,1.0,2.0,2.0,2157383,2.0,2,1,2,5.0,,0.0,0,1951.0,A01,138Â 293Â 871,1.0,0.0,-1.0,1647332,1.0,7,,0.0,2.0,2.0,C01,138Â 293Â 869,1.0
965192,201900006723,10,20,15:25,1,1,1,2.0,4.0,91521,RN 104,M,"48,6338800","2,4010900",91,2019,50.0,1.0,2.0,2.0,2157383,2.0,2,1,2,5.0,,0.0,0,1951.0,A01,138Â 293Â 871,1.0,0.0,-1.0,1647333,2.0,7,,0.0,2.0,1.0,B01,138Â 293Â 870,1.0
965192,201900006723,10,20,15:25,1,1,1,2.0,4.0,91521,RN 104,M,"48,6338800","2,4010900",91,2019,50.0,1.0,2.0,2.0,2157383,2.0,2,1,2,5.0,,0.0,0,1951.0,A01,138Â 293Â 871,1.0,0.0,-1.0,1647334,1.0,7,,0.0,2.0,2.0,A01,138Â 293Â 871,1.0
965192,201900006723,10,20,15:25,1,1,1,2.0,4.0,91521,RN 104,M,"48,6338800","2,4010900",91,2019,50.0,1.0,2.0,2.0,2157384,1.0,1,1,1,5.0,,0.0,0,1951.0,A01,138Â 293Â 871,1.0,0.0,-1.0,1647332,1.0,7,,0.0,2.0,2.0,C01,138Â 293Â 869,1.0
965192,201900006723,10,20,15:25,1,1,1,2.0,4.0,91521,RN 104,M,"48,6338800","2,4010900",91,2019,50.0,1.0,2.0,2.0,2157384,1.0,1,1,1,5.0,,0.0,0,1951.0,A01,138Â 293Â 871,1.0,0.0,-1.0,1647333,2.0,7,,0.0,2.0,1.0,B01,138Â 293Â 870,1.0
965192,201900006723,10,20,15:25,1,1,1,2.0,4.0,91521,RN 104,M,"48,6338800","2,4010900",91,2019,50.0,1.0,2.0,2.0,2157384,1.0,1,1,1,5.0,,0.0,0,1951.0,A01,138Â 293Â 871,1.0,0.0,-1.0,1647334,1.0,7,,0.0,2.0,2.0,A01,138Â 293Â 871,1.0
965192,201900006723,10,20,15:25,1,1,1,2.0,4.0,91521,RN 104,M,"48,6338800","2,4010900",91,2019,50.0,1.0,2.0,2.0,2157385,3.0,2,4,2,5.0,,0.0,0,2012.0,A01,138Â 293Â 871,3.0,0.0,-1.0,1647332,1.0,7,,0.0,2.0,2.0,C01,138Â 293Â 869,1.0
965192,201900006723,10,20,15:25,1,1,1,2.0,4.0,91521,RN 104,M,"48,6338800","2,4010900",91,2019,50.0,1.0,2.0,2.0,2157385,3.0,2,4,2,5.0,,0.0,0,2012.0,A01,138Â 293Â 871,3.0,0.0,-1.0,1647333,2.0,7,,0.0,2.0,1.0,B01,138Â 293Â 870,1.0
965192,201900006723,10,20,15:25,1,1,1,2.0,4.0,91521,RN 104,M,"48,6338800","2,4010900",91,2019,50.0,1.0,2.0,2.0,2157385,3.0,2,4,2,5.0,,0.0,0,2012.0,A01,138Â 293Â 871,3.0,0.0,-1.0,1647334,1.0,7,,0.0,2.0,2.0,A01,138Â 293Â 871,1.0
965193,201900006724,10,20,13:45,1,1,1,8.0,7.0,91136,AUTOROUTE A10,M,"48,7128500","2,2846800",91,2019,70.0,1.0,2.0,1.0,2157386,1.0,1,4,2,0.0,,0.0,0,1995.0,A01,138Â 293Â 868,1.0,8.0,-1.0,1647335,1.0,7,,4.0,0.0,1.0,A01,138Â 293Â 868,1.0
965194,201900006725,10,20,14:15,1,1,1,2.0,7.0,91340,RN 104,M,"48,6090400","2,4346600",91,2019,70.0,1.0,2.0,2.0,2157387,3.0,2,1,2,0.0,,-1.0, -1,1994.0,A01,138Â 293Â 867,1.0,0.0,-1.0,1647336,1.0,7,,3.0,0.0,3.0,A01,138Â 293Â 867,1.0
965194,201900006725,10,20,14:15,1,1,1,2.0,7.0,91340,RN 104,M,"48,6090400","2,4346600",91,2019,70.0,1.0,2.0,2.0,2157388,4.0,2,4,2,0.0,,-1.0, -1,2017.0,A01,138Â 293Â 867,1.0,0.0,-1.0,1647336,1.0,7,,3.0,0.0,3.0,A01,138Â 293Â 867,1.0
965194,201900006725,10,20,14:15,1,1,1,2.0,7.0,91340,RN 104,M,"48,6090400","2,4346600",91,2019,70.0,1.0,2.0,2.0,2157389,2.0,2,1,1,5.0,,-1.0, -1,1998.0,A01,138Â 293Â 867,1.0,8.0,-1.0,1647336,1.0,7,,3.0,0.0,3.0,A01,138Â 293Â 867,1.0
965194,201900006725,10,20,14:15,1,1,1,2.0,7.0,91340,RN 104,M,"48,6090400","2,4346600",91,2019,70.0,1.0,2.0,2.0,2157390,1.0,1,4,2,5.0,,0.0,0,1995.0,A01,138Â 293Â 867,1.0,8.0,-1.0,1647336,1.0,7,,3.0,0.0,3.0,A01,138Â 293Â 867,1.0
965195,201900006726,10,19,20:10,3,1,1,1.0,4.0,91161,AUTOROUTE A6,M,"48,7076600","2,3062300",91,2019,110.0,1.0,1.0,1.0,2157391,1.0,1,1,1,0.0,,0.0,0,1998.0,C01,138Â 293Â 864,1.0,8.0,-1.0,1647337,1.0,7,,0.0,2.0,4.0,C01,138Â 293Â 864,1.0
965195,201900006726,10,19,20:10,3,1,1,1.0,4.0,91161,AUTOROUTE A6,M,"48,7076600","2,3062300",91,2019,110.0,1.0,1.0,1.0,2157391,1.0,1,1,1,0.0,,0.0,0,1998.0,C01,138Â 293Â 864,1.0,8.0,-1.0,1647338,1.0,7,,0.0,2.0,4.0,B01,138Â 293Â 865,1.0
965195,201900006726,10,19,20:10,3,1,1,1.0,4.0,91161,AUTOROUTE A6,M,"48,7076600","2,3062300",91,2019,110.0,1.0,1.0,1.0,2157391,1.0,1,1,1,0.0,,0.0,0,1998.0,C01,138Â 293Â 864,1.0,8.0,-1.0,1647339,1.0,7,,0.0,2.0,1.0,A01,138Â 293Â 866,1.0
965195,201900006726,10,19,20:10,3,1,1,1.0,4.0,91161,AUTOROUTE A6,M,"48,7076600","2,3062300",91,2019,110.0,1.0,1.0,1.0,2157392,1.0,1,4,2,0.0,,0.0,0,1989.0,B01,138Â 293Â 865,1.0,8.0,-1.0,1647337,1.0,7,,0.0,2.0,4.0,C01,138Â 293Â 864,1.0
965195,201900006726,10,19,20:10,3,1,1,1.0,4.0,91161,AUTOROUTE A6,M,"48,7076600","2,3062300",91,2019,110.0,1.0,1.0,1.0,2157392,1.0,1,4,2,0.0,,0.0,0,1989.0,B01,138Â 293Â 865,1.0,8.0,-1.0,1647338,1.0,7,,0.0,2.0,4.0,B01,138Â 293Â 865,1.0
965195,201900006726,10,19,20:10,3,1,1,1.0,4.0,91161,AUTOROUTE A6,M,"48,7076600","2,3062300",91,2019,110.0,1.0,1.0,1.0,2157392,1.0,1,4,2,0.0,,0.0,0,1989.0,B01,138Â 293Â 865,1.0,8.0,-1.0,1647339,1.0,7,,0.0,2.0,1.0,A01,138Â 293Â 866,1.0
965195,201900006726,10,19,20:10,3,1,1,1.0,4.0,91161,AUTOROUTE A6,M,"48,7076600","2,3062300",91,2019,110.0,1.0,1.0,1.0,2157393,1.0,1,1,1,0.0,,0.0,0,1961.0,A01,138Â 293Â 866,1.0,8.0,-1.0,1647337,1.0,7,,0.0,2.0,4.0,C01,138Â 293Â 864,1.0
965195,201900006726,10,19,20:10,3,1,1,1.0,4.0,91161,AUTOROUTE A6,M,"48,7076600","2,3062300",91,2019,110.0,1.0,1.0,1.0,2157393,1.0,1,1,1,0.0,,0.0,0,1961.0,A01,138Â 293Â 866,1.0,8.0,-1.0,1647338,1.0,7,,0.0,2.0,4.0,B01,138Â 293Â 865,1.0
965195,201900006726,10,19,20:10,3,1,1,1.0,4.0,91161,AUTOROUTE A6,M,"48,7076600","2,3062300",91,2019,110.0,1.0,1.0,1.0,2157393,1.0,1,1,1,0.0,,0.0,0,1961.0,A01,138Â 293Â 866,1.0,8.0,-1.0,1647339,1.0,7,,0.0,2.0,1.0,A01,138Â 293Â 866,1.0
965196,201900006727,10,20,16:10,1,1,1,1.0,6.0,92062,RN1014 W,M,"48,8880900","2,2495800",92,2019,70.0,1.0,1.0,2.0,2157394,1.0,1,1,1,5.0,,-1.0,0,1996.0,A01,138Â 293Â 862,1.0,0.0,-1.0,1647340,2.0,7,,0.0,2.0,1.0,A01,138Â 293Â 862,1.0
965196,201900006727,10,20,16:10,1,1,1,1.0,6.0,92062,RN1014 W,M,"48,8880900","2,2495800",92,2019,70.0,1.0,1.0,2.0,2157394,1.0,1,1,1,5.0,,-1.0,0,1996.0,A01,138Â 293Â 862,1.0,0.0,-1.0,1647341,2.0,7,,0.0,2.0,0.0,B01,138Â 293Â 863,1.0
965196,201900006727,10,20,16:10,1,1,1,1.0,6.0,92062,RN1014 W,M,"48,8880900","2,2495800",92,2019,70.0,1.0,1.0,2.0,2157395,2.0,2,1,2,5.0,,-1.0,0,1997.0,A01,138Â 293Â 862,1.0,0.0,-1.0,1647340,2.0,7,,0.0,2.0,1.0,A01,138Â 293Â 862,1.0
965196,201900006727,10,20,16:10,1,1,1,1.0,6.0,92062,RN1014 W,M,"48,8880900","2,2495800",92,2019,70.0,1.0,1.0,2.0,2157395,2.0,2,1,2,5.0,,-1.0,0,1997.0,A01,138Â 293Â 862,1.0,0.0,-1.0,1647341,2.0,7,,0.0,2.0,0.0,B01,138Â 293Â 863,1.0
965196,201900006727,10,20,16:10,1,1,1,1.0,6.0,92062,RN1014 W,M,"48,8880900","2,2495800",92,2019,70.0,1.0,1.0,2.0,2157396,1.0,1,4,2,5.0,,-1.0,0,1989.0,B01,138Â 293Â 863,1.0,0.0,-1.0,1647340,2.0,7,,0.0,2.0,1.0,A01,138Â 293Â 862,1.0
965196,201900006727,10,20,16:10,1,1,1,1.0,6.0,92062,RN1014 W,M,"48,8880900","2,2495800",92,2019,70.0,1.0,1.0,2.0,2157396,1.0,1,4,2,5.0,,-1.0,0,1989.0,B01,138Â 293Â 863,1.0,0.0,-1.0,1647341,2.0,7,,0.0,2.0,0.0,B01,138Â 293Â 863,1.0
965197,201900006728,10,19,14:47,1,1,1,1.0,5.0,78640,A86 INT,M,"48,7776100","2,2210900",78,2019,90.0,1.0,2.0,1.0,2157397,2.0,2,3,1,4.0,,-1.0, -1,1983.0,C01,138Â 293Â 859,8.0,0.0,-1.0,1647342,2.0,7,,0.0,2.0,3.0,C01,138Â 293Â 859,1.0
965197,201900006728,10,19,14:47,1,1,1,1.0,5.0,78640,A86 INT,M,"48,7776100","2,2210900",78,2019,90.0,1.0,2.0,1.0,2157397,2.0,2,3,1,4.0,,-1.0, -1,1983.0,C01,138Â 293Â 859,8.0,0.0,-1.0,1647343,2.0,7,,0.0,2.0,1.0,B01,138Â 293Â 860,1.0
965197,201900006728,10,19,14:47,1,1,1,1.0,5.0,78640,A86 INT,M,"48,7776100","2,2210900",78,2019,90.0,1.0,2.0,1.0,2157397,2.0,2,3,1,4.0,,-1.0, -1,1983.0,C01,138Â 293Â 859,8.0,0.0,-1.0,1647344,2.0,7,,0.0,2.0,1.0,A01,138Â 293Â 861,1.0
965197,201900006728,10,19,14:47,1,1,1,1.0,5.0,78640,A86 INT,M,"48,7776100","2,2210900",78,2019,90.0,1.0,2.0,1.0,2157398,1.0,1,4,1,4.0,,-1.0, -1,1961.0,C01,138Â 293Â 859,1.0,0.0,-1.0,1647342,2.0,7,,0.0,2.0,3.0,C01,138Â 293Â 859,1.0
965197,201900006728,10,19,14:47,1,1,1,1.0,5.0,78640,A86 INT,M,"48,7776100","2,2210900",78,2019,90.0,1.0,2.0,1.0,2157398,1.0,1,4,1,4.0,,-1.0, -1,1961.0,C01,138Â 293Â 859,1.0,0.0,-1.0,1647343,2.0,7,,0.0,2.0,1.0,B01,138Â 293Â 860,1.0
965197,201900006728,10,19,14:47,1,1,1,1.0,5.0,78640,A86 INT,M,"48,7776100","2,2210900",78,2019,90.0,1.0,2.0,1.0,2157398,1.0,1,4,1,4.0,,-1.0, -1,1961.0,C01,138Â 293Â 859,1.0,0.0,-1.0,1647344,2.0,7,,0.0,2.0,1.0,A01,138Â 293Â 861,1.0
965197,201900006728,10,19,14:47,1,1,1,1.0,5.0,78640,A86 INT,M,"48,7776100","2,2210900",78,2019,90.0,1.0,2.0,1.0,2157399,1.0,1,1,1,9.0,,-1.0, -1,1967.0,B01,138Â 293Â 860,1.0,0.0,-1.0,1647342,2.0,7,,0.0,2.0,3.0,C01,138Â 293Â 859,1.0
965197,201900006728,10,19,14:47,1,1,1,1.0,5.0,78640,A86 INT,M,"48,7776100","2,2210900",78,2019,90.0,1.0,2.0,1.0,2157399,1.0,1,1,1,9.0,,-1.0, -1,1967.0,B01,138Â 293Â 860,1.0,0.0,-1.0,1647343,2.0,7,,0.0,2.0,1.0,B01,138Â 293Â 860,1.0
965197,201900006728,10,19,14:47,1,1,1,1.0,5.0,78640,A86 INT,M,"48,7776100","2,2210900",78,2019,90.0,1.0,2.0,1.0,2157399,1.0,1,1,1,9.0,,-1.0, -1,1967.0,B01,138Â 293Â 860,1.0,0.0,-1.0,1647344,2.0,7,,0.0,2.0,1.0,A01,138Â 293Â 861,1.0
965197,201900006728,10,19,14:47,1,1,1,1.0,5.0,78640,A86 INT,M,"48,7776100","2,2210900",78,2019,90.0,1.0,2.0,1.0,2157400,2.0,2,1,2,5.0,,-1.0, -1,1988.0,A01,138Â 293Â 861,1.0,0.0,-1.0,1647342,2.0,7,,0.0,2.0,3.0,C01,138Â 293Â 859,1.0
965197,201900006728,10,19,14:47,1,1,1,1.0,5.0,78640,A86 INT,M,"48,7776100","2,2210900",78,2019,90.0,1.0,2.0,1.0,2157400,2.0,2,1,2,5.0,,-1.0, -1,1988.0,A01,138Â 293Â 861,1.0,0.0,-1.0,1647343,2.0,7,,0.0,2.0,1.0,B01,138Â 293Â 860,1.0
965197,201900006728,10,19,14:47,1,1,1,1.0,5.0,78640,A86 INT,M,"48,7776100","2,2210900",78,2019,90.0,1.0,2.0,1.0,2157400,2.0,2,1,2,5.0,,-1.0, -1,1988.0,A01,138Â 293Â 861,1.0,0.0,-1.0,1647344,2.0,7,,0.0,2.0,1.0,A01,138Â 293Â 861,1.0
965197,201900006728,10,19,14:47,1,1,1,1.0,5.0,78640,A86 INT,M,"48,7776100","2,2210900",78,2019,90.0,1.0,2.0,1.0,2157401,1.0,1,1,1,9.0,,-1.0, -1,1987.0,A01,138Â 293Â 861,1.0,0.0,-1.0,1647342,2.0,7,,0.0,2.0,3.0,C01,138Â 293Â 859,1.0
965197,201900006728,10,19,14:47,1,1,1,1.0,5.0,78640,A86 INT,M,"48,7776100","2,2210900",78,2019,90.0,1.0,2.0,1.0,2157401,1.0,1,1,1,9.0,,-1.0, -1,1987.0,A01,138Â 293Â 861,1.0,0.0,-1.0,1647343,2.0,7,,0.0,2.0,1.0,B01,138Â 293Â 860,1.0
965197,201900006728,10,19,14:47,1,1,1,1.0,5.0,78640,A86 INT,M,"48,7776100","2,2210900",78,2019,90.0,1.0,2.0,1.0,2157401,1.0,1,1,1,9.0,,-1.0, -1,1987.0,A01,138Â 293Â 861,1.0,0.0,-1.0,1647344,2.0,7,,0.0,2.0,1.0,A01,138Â 293Â 861,1.0
965198,201900006729,10,20,04:00,3,1,1,2.0,2.0,95424,AUTOROUTE A15,M,"48,9925900","2,1875600",95,2019,110.0,1.0,2.0,1.0,2157402,1.0,1,4,1,5.0,,-1.0,0,1993.0,A01,138Â 293Â 857,1.0,8.0,-1.0,1647345,2.0,7,,0.0,2.0,1.0,A01,138Â 293Â 857,1.0
965198,201900006729,10,20,04:00,3,1,1,2.0,2.0,95424,AUTOROUTE A15,M,"48,9925900","2,1875600",95,2019,110.0,1.0,2.0,1.0,2157402,1.0,1,4,1,5.0,,-1.0,0,1993.0,A01,138Â 293Â 857,1.0,8.0,-1.0,1647346,2.0,7,,0.0,2.0,6.0,B01,138Â 293Â 858,1.0
965198,201900006729,10,20,04:00,3,1,1,2.0,2.0,95424,AUTOROUTE A15,M,"48,9925900","2,1875600",95,2019,110.0,1.0,2.0,1.0,2157403,1.0,1,4,1,5.0,,-1.0,0,1948.0,B01,138Â 293Â 858,1.0,8.0,-1.0,1647345,2.0,7,,0.0,2.0,1.0,A01,138Â 293Â 857,1.0
965198,201900006729,10,20,04:00,3,1,1,2.0,2.0,95424,AUTOROUTE A15,M,"48,9925900","2,1875600",95,2019,110.0,1.0,2.0,1.0,2157403,1.0,1,4,1,5.0,,-1.0,0,1948.0,B01,138Â 293Â 858,1.0,8.0,-1.0,1647346,2.0,7,,0.0,2.0,6.0,B01,138Â 293Â 858,1.0
965199,201900006730,10,20,12:00,1,1,1,2.0,3.0,93027,BDL,M,"48,9329600","2,4030100",93,2019,70.0,1.0,2.0,1.0,2157404,1.0,1,4,1,9.0,,-1.0, -1,1975.0,A01,138Â 293Â 855,1.0,0.0,-1.0,1647347,2.0,7,,3.0,2.0,1.0,A01,138Â 293Â 855,1.0
965199,201900006730,10,20,12:00,1,1,1,2.0,3.0,93027,BDL,M,"48,9329600","2,4030100",93,2019,70.0,1.0,2.0,1.0,2157404,1.0,1,4,1,9.0,,-1.0, -1,1975.0,A01,138Â 293Â 855,1.0,0.0,-1.0,1647348,2.0,7,,0.0,2.0,7.0,B01,138Â 293Â 856,1.0
965199,201900006730,10,20,12:00,1,1,1,2.0,3.0,93027,BDL,M,"48,9329600","2,4030100",93,2019,70.0,1.0,2.0,1.0,2157405,2.0,2,4,2,0.0,,-1.0, -1,1975.0,A01,138Â 293Â 855,1.0,0.0,-1.0,1647347,2.0,7,,3.0,2.0,1.0,A01,138Â 293Â 855,1.0
965199,201900006730,10,20,12:00,1,1,1,2.0,3.0,93027,BDL,M,"48,9329600","2,4030100",93,2019,70.0,1.0,2.0,1.0,2157405,2.0,2,4,2,0.0,,-1.0, -1,1975.0,A01,138Â 293Â 855,1.0,0.0,-1.0,1647348,2.0,7,,0.0,2.0,7.0,B01,138Â 293Â 856,1.0
965199,201900006730,10,20,12:00,1,1,1,2.0,3.0,93027,BDL,M,"48,9329600","2,4030100",93,2019,70.0,1.0,2.0,1.0,2157406,3.0,2,4,2,0.0,,-1.0, -1,2018.0,A01,138Â 293Â 855,1.0,0.0,-1.0,1647347,2.0,7,,3.0,2.0,1.0,A01,138Â 293Â 855,1.0
965199,201900006730,10,20,12:00,1,1,1,2.0,3.0,93027,BDL,M,"48,9329600","2,4030100",93,2019,70.0,1.0,2.0,1.0,2157406,3.0,2,4,2,0.0,,-1.0, -1,2018.0,A01,138Â 293Â 855,1.0,0.0,-1.0,1647348,2.0,7,,0.0,2.0,7.0,B01,138Â 293Â 856,1.0