Unnamed: 0_x,num_acc,mois,jour,hrmn,lum,agg,int,atm,col,com,adr,gps,lat,long,dep,annee,vma,situ,surf,catr,Unnamed: 0_y,place,catu,grav,sexe,trajet,secu,locp,actp,an_nais,num_veh_x,id_vehicule_x,secu1,secu2,secu3,Unnamed: 0,senc,catv,occutc,obs,obsm,choc,num_veh_y,id_vehicule_y,motor
965199,201900006730,10,20,12:00,1,1,1,2.0,3.0,93027,BDL,M,"48,9329600","2,4030100",93,2019,70.0,1.0,2.0,1.0,2157407,1.0,1,1,1,9.0,,-1.0, -1,1966.0,B01,138Â 293Â 856,1.0,0.0,-1.0,1647347,2.0,7,,3.0,2.0,1.0,A01,138Â 293Â 855,1.0
965199,201900006730,10,20,12:00,1,1,1,2.0,3.0,93027,BDL,M,"48,9329600","2,4030100",93,2019,70.0,1.0,2.0,1.0,2157407,1.0,1,1,1,9.0,,-1.0, -1,1966.0,B01,138Â 293Â 856,1.0,0.0,-1.0,1647348,2.0,7,,0.0,2.0,7.0,B01,138Â 293Â 856,1.0
965200,201900006731,10,20,06:00,3,1,1,2.0,4.0,95277,AUTOROUTE A104,M,"48,9723000","2,4847500",95,2019,70.0,1.0,2.0,1.0,2157408,1.0,1,4,2,5.0,,-1.0, -1,1968.0,A01,138Â 293Â 852,1.0,0.0,-1.0,1647349,2.0,7,,0.0,2.0,1.0,A01,138Â 293Â 852,1.0
965200,201900006731,10,20,06:00,3,1,1,2.0,4.0,95277,AUTOROUTE A104,M,"48,9723000","2,4847500",95,2019,70.0,1.0,2.0,1.0,2157408,1.0,1,4,2,5.0,,-1.0, -1,1968.0,A01,138Â 293Â 852,1.0,0.0,-1.0,1647350,2.0,7,,0.0,2.0,4.0,B01,138Â 293Â 853,1.0
965200,201900006731,10,20,06:00,3,1,1,2.0,4.0,95277,AUTOROUTE A104,M,"48,9723000","2,4847500",95,2019,70.0,1.0,2.0,1.0,2157408,1.0,1,4,2,5.0,,-1.0, -1,1968.0,A01,138Â 293Â 852,1.0,0.0,-1.0,1647351,2.0,10,,1.0,2.0,1.0,C01,138Â 293Â 854,1.0
965200,201900006731,10,20,06:00,3,1,1,2.0,4.0,95277,AUTOROUTE A104,M,"48,9723000","2,4847500",95,2019,70.0,1.0,2.0,1.0,2157409,1.0,1,1,1,5.0,,-1.0, -1,1989.0,C01,138Â 293Â 854,1.0,0.0,-1.0,1647349,2.0,7,,0.0,2.0,1.0,A01,138Â 293Â 852,1.0
965200,201900006731,10,20,06:00,3,1,1,2.0,4.0,95277,AUTOROUTE A104,M,"48,9723000","2,4847500",95,2019,70.0,1.0,2.0,1.0,2157409,1.0,1,1,1,5.0,,-1.0, -1,1989.0,C01,138Â 293Â 854,1.0,0.0,-1.0,1647350,2.0,7,,0.0,2.0,4.0,B01,138Â 293Â 853,1.0
965200,201900006731,10,20,06:00,3,1,1,2.0,4.0,95277,AUTOROUTE A104,M,"48,9723000","2,4847500",95,2019,70.0,1.0,2.0,1.0,2157409,1.0,1,1,1,5.0,,-1.0, -1,1989.0,C01,138Â 293Â 854,1.0,0.0,-1.0,1647351,2.0,10,,1.0,2.0,1.0,C01,138Â 293Â 854,1.0
965200,201900006731,10,20,06:00,3,1,1,2.0,4.0,95277,AUTOROUTE A104,M,"48,9723000","2,4847500",95,2019,70.0,1.0,2.0,1.0,2157410,2.0,2,1,1,5.0,,-1.0, -1,1989.0,C01,138Â 293Â 854,1.0,0.0,-1.0,1647349,2.0,7,,0.0,2.0,1.0,A01,138Â 293Â 852,1.0
965200,201900006731,10,20,06:00,3,1,1,2.0,4.0,95277,AUTOROUTE A104,M,"48,9723000","2,4847500",95,2019,70.0,1.0,2.0,1.0,2157410,2.0,2,1,1,5.0,,-1.0, -1,1989.0,C01,138Â 293Â 854,1.0,0.0,-1.0,1647350,2.0,7,,0.0,2.0,4.0,B01,138Â 293Â 853,1.0
965200,201900006731,10,20,06:00,3,1,1,2.0,4.0,95277,AUTOROUTE A104,M,"48,9723000","2,4847500",95,2019,70.0,1.0,2.0,1.0,2157410,2.0,2,1,1,5.0,,-1.0, -1,1989.0,C01,138Â 293Â 854,1.0,0.0,-1.0,1647351,2.0,10,,1.0,2.0,1.0,C01,138Â 293Â 854,1.0
965201,201900006732,10,20,04:50,3,1,1,2.0,6.0,93027,BDL,M,"48,9268500","2,4027200",93,2019,70.0,1.0,2.0,1.0,2157411,1.0,1,4,1,9.0,,-1.0, -1,1997.0,A01,138Â 293Â 851,1.0,0.0,-1.0,1647352,2.0,7,,3.0,0.0,1.0,A01,138Â 293Â 851,1.0
965202,201900006733,10,20,04:00,3,1,1,2.0,6.0,92036,AUTOROUTE A15,M,"48,9490040","2,2807898",92,2019,110.0,1.0,2.0,1.0,2157412,2.0,2,4,1,5.0,,-1.0,0,1999.0,A01,138Â 293Â 850,1.0,0.0,-1.0,1647353,1.0,7,,3.0,0.0,3.0,A01,138Â 293Â 850,1.0
965202,201900006733,10,20,04:00,3,1,1,2.0,6.0,92036,AUTOROUTE A15,M,"48,9490040","2,2807898",92,2019,110.0,1.0,2.0,1.0,2157413,1.0,1,4,2,5.0,,-1.0,0,1995.0,A01,138Â 293Â 850,1.0,0.0,-1.0,1647353,1.0,7,,3.0,0.0,3.0,A01,138Â 293Â 850,1.0
965202,201900006733,10,20,04:00,3,1,1,2.0,6.0,92036,AUTOROUTE A15,M,"48,9490040","2,2807898",92,2019,110.0,1.0,2.0,1.0,2157414,3.0,2,3,2,5.0,,-1.0,0,1991.0,A01,138Â 293Â 850,1.0,0.0,-1.0,1647353,1.0,7,,3.0,0.0,3.0,A01,138Â 293Â 850,1.0
965203,201900006734,10,20,02:35,3,1,1,2.0,6.0,93027,AUTOROUTE A86,M,"48,9278700","2,4095700",93,2019,90.0,1.0,2.0,1.0,2157415,1.0,1,4,1,9.0,,-1.0, -1,1949.0,A01,138Â 293Â 849,1.0,4.0,-1.0,1647354,2.0,7,,4.0,0.0,1.0,A01,138Â 293Â 849,1.0
965204,201900006735,10,19,13:40,1,1,1,2.0,2.0,93053,AUTOROUTE A3,M,"48,8837800","2,4667600",93,2019,90.0,1.0,2.0,1.0,2157416,1.0,1,1,1,4.0,,-1.0, -1,1954.0,B01,138Â 293Â 847,1.0,8.0,-1.0,1647355,1.0,38,1.0,0.0,2.0,6.0,B01,138Â 293Â 847,1.0
965204,201900006735,10,19,13:40,1,1,1,2.0,2.0,93053,AUTOROUTE A3,M,"48,8837800","2,4667600",93,2019,90.0,1.0,2.0,1.0,2157416,1.0,1,1,1,4.0,,-1.0, -1,1954.0,B01,138Â 293Â 847,1.0,8.0,-1.0,1647356,1.0,31,,3.0,2.0,6.0,A01,138Â 293Â 848,1.0
965204,201900006735,10,19,13:40,1,1,1,2.0,2.0,93053,AUTOROUTE A3,M,"48,8837800","2,4667600",93,2019,90.0,1.0,2.0,1.0,2157417,1.0,1,4,2,0.0,,-1.0, -1,1983.0,A01,138Â 293Â 848,2.0,7.0,-1.0,1647355,1.0,38,1.0,0.0,2.0,6.0,B01,138Â 293Â 847,1.0
965204,201900006735,10,19,13:40,1,1,1,2.0,2.0,93053,AUTOROUTE A3,M,"48,8837800","2,4667600",93,2019,90.0,1.0,2.0,1.0,2157417,1.0,1,4,2,0.0,,-1.0, -1,1983.0,A01,138Â 293Â 848,2.0,7.0,-1.0,1647356,1.0,31,,3.0,2.0,6.0,A01,138Â 293Â 848,1.0
965205,201900006736,10,20,15:00,1,1,1,1.0,6.0,77169,RN104,M,"48,8230960","2,6150940",77,2019,90.0,1.0,2.0,2.0,2157418,1.0,1,4,2,1.0,,-1.0, -1,1991.0,A01,138Â 293Â 846,1.0,0.0,-1.0,1647357,1.0,7,,3.0,0.0,7.0,A01,138Â 293Â 846,1.0
965206,201900006737,10,20,06:00,5,1,1,2.0,7.0,94073,A86 EXT,M,"48,7703400","2,3828400",94,2019,90.0,1.0,2.0,1.0,2157419,1.0,1,4,2,5.0,,-1.0, -1,1983.0,A01,138Â 293Â 845,1.0,0.0,-1.0,1647358,2.0,7,,4.0,2.0,9.0,A01,138Â 293Â 845,1.0
965207,201900006738,10,19,01:13,5,2,3,1.0,3.0,13205,SAINT SAVOURNIN (RUE),M,"43,2975197","5,3874870",13,2019,50.0,1.0,1.0,4.0,2157420,2.0,2,1,2,5.0,,-1.0, -1,1993.0,A01,138Â 293Â 843,1.0,0.0,-1.0,1647359,1.0,7,,0.0,2.0,3.0,A01,138Â 293Â 843,1.0
965207,201900006738,10,19,01:13,5,2,3,1.0,3.0,13205,SAINT SAVOURNIN (RUE),M,"43,2975197","5,3874870",13,2019,50.0,1.0,1.0,4.0,2157420,2.0,2,1,2,5.0,,-1.0, -1,1993.0,A01,138Â 293Â 843,1.0,0.0,-1.0,1647360,2.0,32,,0.0,2.0,1.0,B01,138Â 293Â 844,1.0
965207,201900006738,10,19,01:13,5,2,3,1.0,3.0,13205,SAINT SAVOURNIN (RUE),M,"43,2975197","5,3874870",13,2019,50.0,1.0,1.0,4.0,2157421,1.0,1,1,1,5.0,,-1.0, -1,1989.0,A01,138Â 293Â 843,1.0,0.0,-1.0,1647359,1.0,7,,0.0,2.0,3.0,A01,138Â 293Â 843,1.0
965207,201900006738,10,19,01:13,5,2,3,1.0,3.0,13205,SAINT SAVOURNIN (RUE),M,"43,2975197","5,3874870",13,2019,50.0,1.0,1.0,4.0,2157421,1.0,1,1,1,5.0,,-1.0, -1,1989.0,A01,138Â 293Â 843,1.0,0.0,-1.0,1647360,2.0,32,,0.0,2.0,1.0,B01,138Â 293Â 844,1.0
965207,201900006738,10,19,01:13,5,2,3,1.0,3.0,13205,SAINT SAVOURNIN (RUE),M,"43,2975197","5,3874870",13,2019,50.0,1.0,1.0,4.0,2157422,1.0,1,3,1,4.0,,-1.0, -1,1999.0,B01,138Â 293Â 844,2.0,0.0,-1.0,1647359,1.0,7,,0.0,2.0,3.0,A01,138Â 293Â 843,1.0
965207,201900006738,10,19,01:13,5,2,3,1.0,3.0,13205,SAINT SAVOURNIN (RUE),M,"43,2975197","5,3874870",13,2019,50.0,1.0,1.0,4.0,2157422,1.0,1,3,1,4.0,,-1.0, -1,1999.0,B01,138Â 293Â 844,2.0,0.0,-1.0,1647360,2.0,32,,0.0,2.0,1.0,B01,138Â 293Â 844,1.0
965208,201900006739,10,18,16:00,1,2,1,1.0,3.0,97411,RN2/111,M," -20,8963130","55,5043660",974,2019,50.0,1.0,1.0,2.0,2157423,1.0,1,4,1,4.0,,-1.0,0,1982.0,A01,138Â 293Â 841,1.0,7.0,-1.0,1647361,3.0,7,,0.0,2.0,2.0,A01,138Â 293Â 841,1.0
965208,201900006739,10,18,16:00,1,2,1,1.0,3.0,97411,RN2/111,M," -20,8963130","55,5043660",974,2019,50.0,1.0,1.0,2.0,2157423,1.0,1,4,1,4.0,,-1.0,0,1982.0,A01,138Â 293Â 841,1.0,7.0,-1.0,1647362,3.0,7,,0.0,2.0,3.0,B01,138Â 293Â 842,1.0
965208,201900006739,10,18,16:00,1,2,1,1.0,3.0,97411,RN2/111,M," -20,8963130","55,5043660",974,2019,50.0,1.0,1.0,2.0,2157424,1.0,1,1,1,5.0,,-1.0, -1,1988.0,B01,138Â 293Â 842,1.0,5.0,-1.0,1647361,3.0,7,,0.0,2.0,2.0,A01,138Â 293Â 841,1.0
965208,201900006739,10,18,16:00,1,2,1,1.0,3.0,97411,RN2/111,M," -20,8963130","55,5043660",974,2019,50.0,1.0,1.0,2.0,2157424,1.0,1,1,1,5.0,,-1.0, -1,1988.0,B01,138Â 293Â 842,1.0,5.0,-1.0,1647362,3.0,7,,0.0,2.0,3.0,B01,138Â 293Â 842,1.0
965209,201900006740,10,19,18:40,5,2,9,1.0,2.0,97302,FELIX EBOUE(ROCADE),M,"4,9285851"," -52,3167873",973,2019,50.0,1.0,9.0,3.0,2157425,1.0,1,4,2,9.0,,-1.0,0,1955.0,B01,138Â 293Â 839,1.0,8.0,-1.0,1647363,1.0,7,,0.0,2.0,4.0,B01,138Â 293Â 839,6.0
965209,201900006740,10,19,18:40,5,2,9,1.0,2.0,97302,FELIX EBOUE(ROCADE),M,"4,9285851"," -52,3167873",973,2019,50.0,1.0,9.0,3.0,2157425,1.0,1,4,2,9.0,,-1.0,0,1955.0,B01,138Â 293Â 839,1.0,8.0,-1.0,1647364,1.0,30,,0.0,2.0,4.0,A01,138Â 293Â 840,6.0
965209,201900006740,10,19,18:40,5,2,9,1.0,2.0,97302,FELIX EBOUE(ROCADE),M,"4,9285851"," -52,3167873",973,2019,50.0,1.0,9.0,3.0,2157426,1.0,1,1,1,9.0,,-1.0,0,1997.0,A01,138Â 293Â 840,2.0,8.0,-1.0,1647363,1.0,7,,0.0,2.0,4.0,B01,138Â 293Â 839,6.0
965209,201900006740,10,19,18:40,5,2,9,1.0,2.0,97302,FELIX EBOUE(ROCADE),M,"4,9285851"," -52,3167873",973,2019,50.0,1.0,9.0,3.0,2157426,1.0,1,1,1,9.0,,-1.0,0,1997.0,A01,138Â 293Â 840,2.0,8.0,-1.0,1647364,1.0,30,,0.0,2.0,4.0,A01,138Â 293Â 840,6.0
965210,201900006741,10,19,05:40,5,2,2,2.0,3.0,69387,CLAUDE BERNARD                      (QU),M,"45,7562500","4,8403600",69,2019,50.0,1.0,2.0,7.0,2157427,3.0,2,4,2,0.0,,-1.0, -1,1989.0,B01,138Â 293Â 837,1.0,0.0,-1.0,1647365,3.0,7,,0.0,2.0,2.0,B01,138Â 293Â 837,1.0
965210,201900006741,10,19,05:40,5,2,2,2.0,3.0,69387,CLAUDE BERNARD                      (QU),M,"45,7562500","4,8403600",69,2019,50.0,1.0,2.0,7.0,2157427,3.0,2,4,2,0.0,,-1.0, -1,1989.0,B01,138Â 293Â 837,1.0,0.0,-1.0,1647366,3.0,37,1.0,0.0,2.0,8.0,A01,138Â 293Â 838,1.0
965210,201900006741,10,19,05:40,5,2,2,2.0,3.0,69387,CLAUDE BERNARD                      (QU),M,"45,7562500","4,8403600",69,2019,50.0,1.0,2.0,7.0,2157428,4.0,2,4,2,5.0,,-1.0, -1,1991.0,B01,138Â 293Â 837,1.0,0.0,-1.0,1647365,3.0,7,,0.0,2.0,2.0,B01,138Â 293Â 837,1.0
965210,201900006741,10,19,05:40,5,2,2,2.0,3.0,69387,CLAUDE BERNARD                      (QU),M,"45,7562500","4,8403600",69,2019,50.0,1.0,2.0,7.0,2157428,4.0,2,4,2,5.0,,-1.0, -1,1991.0,B01,138Â 293Â 837,1.0,0.0,-1.0,1647366,3.0,37,1.0,0.0,2.0,8.0,A01,138Â 293Â 838,1.0
965210,201900006741,10,19,05:40,5,2,2,2.0,3.0,69387,CLAUDE BERNARD                      (QU),M,"45,7562500","4,8403600",69,2019,50.0,1.0,2.0,7.0,2157429,2.0,2,3,1,5.0,,-1.0, -1,1979.0,B01,138Â 293Â 837,8.0,0.0,-1.0,1647365,3.0,7,,0.0,2.0,2.0,B01,138Â 293Â 837,1.0
965210,201900006741,10,19,05:40,5,2,2,2.0,3.0,69387,CLAUDE BERNARD                      (QU),M,"45,7562500","4,8403600",69,2019,50.0,1.0,2.0,7.0,2157429,2.0,2,3,1,5.0,,-1.0, -1,1979.0,B01,138Â 293Â 837,8.0,0.0,-1.0,1647366,3.0,37,1.0,0.0,2.0,8.0,A01,138Â 293Â 838,1.0
965210,201900006741,10,19,05:40,5,2,2,2.0,3.0,69387,CLAUDE BERNARD                      (QU),M,"45,7562500","4,8403600",69,2019,50.0,1.0,2.0,7.0,2157430,1.0,1,4,1,5.0,,-1.0, -1,1978.0,B01,138Â 293Â 837,1.0,0.0,-1.0,1647365,3.0,7,,0.0,2.0,2.0,B01,138Â 293Â 837,1.0
965210,201900006741,10,19,05:40,5,2,2,2.0,3.0,69387,CLAUDE BERNARD                      (QU),M,"45,7562500","4,8403600",69,2019,50.0,1.0,2.0,7.0,2157430,1.0,1,4,1,5.0,,-1.0, -1,1978.0,B01,138Â 293Â 837,1.0,0.0,-1.0,1647366,3.0,37,1.0,0.0,2.0,8.0,A01,138Â 293Â 838,1.0
965210,201900006741,10,19,05:40,5,2,2,2.0,3.0,69387,CLAUDE BERNARD                      (QU),M,"45,7562500","4,8403600",69,2019,50.0,1.0,2.0,7.0,2157431,1.0,1,1,1,4.0,,-1.0, -1,1981.0,A01,138Â 293Â 838,1.0,0.0,-1.0,1647365,3.0,7,,0.0,2.0,2.0,B01,138Â 293Â 837,1.0
965210,201900006741,10,19,05:40,5,2,2,2.0,3.0,69387,CLAUDE BERNARD                      (QU),M,"45,7562500","4,8403600",69,2019,50.0,1.0,2.0,7.0,2157431,1.0,1,1,1,4.0,,-1.0, -1,1981.0,A01,138Â 293Â 838,1.0,0.0,-1.0,1647366,3.0,37,1.0,0.0,2.0,8.0,A01,138Â 293Â 838,1.0
965211,201900006742,10,18,22:10,5,2,1,1.0,3.0,97209,NELSON MANDELA (BOULEVARD),M,"14,6019000"," -61,0513000",972,2019,30.0,1.0,1.0,4.0,2157432,1.0,1,4,1,5.0,,-1.0,0,2000.0,B01,138Â 293Â 835,8.0,0.0,-1.0,1647367,2.0,0,,0.0,2.0,0.0,B01,138Â 293Â 835,0.0
965211,201900006742,10,18,22:10,5,2,1,1.0,3.0,97209,NELSON MANDELA (BOULEVARD),M,"14,6019000"," -61,0513000",972,2019,30.0,1.0,1.0,4.0,2157432,1.0,1,4,1,5.0,,-1.0,0,2000.0,B01,138Â 293Â 835,8.0,0.0,-1.0,1647368,1.0,7,,0.0,2.0,3.0,A01,138Â 293Â 836,1.0
965211,201900006742,10,18,22:10,5,2,1,1.0,3.0,97209,NELSON MANDELA (BOULEVARD),M,"14,6019000"," -61,0513000",972,2019,30.0,1.0,1.0,4.0,2157433,1.0,1,1,1,5.0,,-1.0,0,1953.0,A01,138Â 293Â 836,1.0,0.0,-1.0,1647367,2.0,0,,0.0,2.0,0.0,B01,138Â 293Â 835,0.0
965211,201900006742,10,18,22:10,5,2,1,1.0,3.0,97209,NELSON MANDELA (BOULEVARD),M,"14,6019000"," -61,0513000",972,2019,30.0,1.0,1.0,4.0,2157433,1.0,1,1,1,5.0,,-1.0,0,1953.0,A01,138Â 293Â 836,1.0,0.0,-1.0,1647368,1.0,7,,0.0,2.0,3.0,A01,138Â 293Â 836,1.0
965212,201900006743,10,19,16:30,1,2,5,2.0,2.0,69202,MARECHAL FOCH (DU)                  (AV),M,"45,7439400","4,7982200",69,2019,50.0,1.0,2.0,4.0,2157434,1.0,1,4,2,5.0,,-1.0, -1,1943.0,B01,138Â 293Â 833,1.0,0.0,-1.0,1647369,1.0,7,,0.0,2.0,4.0,B01,138Â 293Â 833,1.0
965212,201900006743,10,19,16:30,1,2,5,2.0,2.0,69202,MARECHAL FOCH (DU)                  (AV),M,"45,7439400","4,7982200",69,2019,50.0,1.0,2.0,4.0,2157434,1.0,1,4,2,5.0,,-1.0, -1,1943.0,B01,138Â 293Â 833,1.0,0.0,-1.0,1647370,1.0,7,,0.0,2.0,1.0,A01,138Â 293Â 834,1.0
965212,201900006743,10,19,16:30,1,2,5,2.0,2.0,69202,MARECHAL FOCH (DU)                  (AV),M,"45,7439400","4,7982200",69,2019,50.0,1.0,2.0,4.0,2157435,1.0,1,1,1,5.0,,-1.0, -1,1964.0,A01,138Â 293Â 834,1.0,0.0,-1.0,1647369,1.0,7,,0.0,2.0,4.0,B01,138Â 293Â 833,1.0
965212,201900006743,10,19,16:30,1,2,5,2.0,2.0,69202,MARECHAL FOCH (DU)                  (AV),M,"45,7439400","4,7982200",69,2019,50.0,1.0,2.0,4.0,2157435,1.0,1,1,1,5.0,,-1.0, -1,1964.0,A01,138Â 293Â 834,1.0,0.0,-1.0,1647370,1.0,7,,0.0,2.0,1.0,A01,138Â 293Â 834,1.0
965213,201900006744,10,19,05:00,5,2,1,2.0,6.0,69385,ST BARTHELEMY                       (MO),M,"45,7626900","4,8252300",69,2019,30.0,1.0,2.0,4.0,2157436,1.0,1,3,1,0.0,,0.0,0,1984.0,A01,138Â 293Â 832,2.0,0.0,-1.0,1647371,1.0,33,,1.0,2.0,5.0,A01,138Â 293Â 832,1.0
965214,201900006745,10,15,20:00,5,2,2,1.0,3.0,69384,HENON                               (R ),M,"45,7795800","4,8204400",69,2019,50.0,1.0,1.0,4.0,2157437,1.0,1,1,1,0.0,,-1.0, -1,1999.0,A01,138Â 293Â 830,1.0,8.0,-1.0,1647372,1.0,7,,0.0,2.0,1.0,A01,138Â 293Â 830,1.0
965214,201900006745,10,15,20:00,5,2,2,1.0,3.0,69384,HENON                               (R ),M,"45,7795800","4,8204400",69,2019,50.0,1.0,1.0,4.0,2157437,1.0,1,1,1,0.0,,-1.0, -1,1999.0,A01,138Â 293Â 830,1.0,8.0,-1.0,1647373,2.0,7,,0.0,2.0,3.0,B01,138Â 293Â 831,1.0
965214,201900006745,10,15,20:00,5,2,2,1.0,3.0,69384,HENON                               (R ),M,"45,7795800","4,8204400",69,2019,50.0,1.0,1.0,4.0,2157438,2.0,2,4,2,0.0,,-1.0, -1,1998.0,A01,138Â 293Â 830,1.0,8.0,-1.0,1647372,1.0,7,,0.0,2.0,1.0,A01,138Â 293Â 830,1.0
965214,201900006745,10,15,20:00,5,2,2,1.0,3.0,69384,HENON                               (R ),M,"45,7795800","4,8204400",69,2019,50.0,1.0,1.0,4.0,2157438,2.0,2,4,2,0.0,,-1.0, -1,1998.0,A01,138Â 293Â 830,1.0,8.0,-1.0,1647373,2.0,7,,0.0,2.0,3.0,B01,138Â 293Â 831,1.0
965214,201900006745,10,15,20:00,5,2,2,1.0,3.0,69384,HENON                               (R ),M,"45,7795800","4,8204400",69,2019,50.0,1.0,1.0,4.0,2157439,1.0,1,1,2,0.0,,-1.0, -1,1951.0,B01,138Â 293Â 831,1.0,0.0,-1.0,1647372,1.0,7,,0.0,2.0,1.0,A01,138Â 293Â 830,1.0
965214,201900006745,10,15,20:00,5,2,2,1.0,3.0,69384,HENON                               (R ),M,"45,7795800","4,8204400",69,2019,50.0,1.0,1.0,4.0,2157439,1.0,1,1,2,0.0,,-1.0, -1,1951.0,B01,138Â 293Â 831,1.0,0.0,-1.0,1647373,2.0,7,,0.0,2.0,3.0,B01,138Â 293Â 831,1.0
965215,201900006746,10,19,19:25,5,2,1,1.0,6.0,95585,CHANTEREINE (AVENUE DE),M,"48,9850396","2,3753408",95,2019,30.0,1.0,1.0,4.0,2157440,1.0,1,1,1,5.0,,-1.0,0,1997.0,A01,138Â 293Â 829,1.0,0.0,-1.0,1647374,3.0,7,,0.0,1.0,1.0,A01,138Â 293Â 829,1.0
965215,201900006746,10,19,19:25,5,2,1,1.0,6.0,95585,CHANTEREINE (AVENUE DE),M,"48,9850396","2,3753408",95,2019,30.0,1.0,1.0,4.0,2157441,10.0,3,4,1,5.0,,3.0,3,1979.0,A01,138Â 293Â 829,8.0,0.0,-1.0,1647374,3.0,7,,0.0,1.0,1.0,A01,138Â 293Â 829,1.0
965216,201900006747,10,19,17:20,1,2,1,1.0,4.0,91174,JEAN JAURES (BOULEVARD),M,"48,6128310","2,4599520",91,2019,50.0,1.0,2.0,2.0,2157442,1.0,1,1,1,0.0,,-1.0, -1,1990.0,A01,138Â 293Â 825,1.0,0.0,-1.0,1647375,1.0,10,,14.0,0.0,1.0,A01,138Â 293Â 825,1.0
965216,201900006747,10,19,17:20,1,2,1,1.0,4.0,91174,JEAN JAURES (BOULEVARD),M,"48,6128310","2,4599520",91,2019,50.0,1.0,2.0,2.0,2157442,1.0,1,1,1,0.0,,-1.0, -1,1990.0,A01,138Â 293Â 825,1.0,0.0,-1.0,1647376,1.0,7,,0.0,0.0,4.0,B01,138Â 293Â 826,1.0
965216,201900006747,10,19,17:20,1,2,1,1.0,4.0,91174,JEAN JAURES (BOULEVARD),M,"48,6128310","2,4599520",91,2019,50.0,1.0,2.0,2.0,2157442,1.0,1,1,1,0.0,,-1.0, -1,1990.0,A01,138Â 293Â 825,1.0,0.0,-1.0,1647377,1.0,7,,0.0,0.0,4.0,C01,138Â 293Â 827,1.0
965216,201900006747,10,19,17:20,1,2,1,1.0,4.0,91174,JEAN JAURES (BOULEVARD),M,"48,6128310","2,4599520",91,2019,50.0,1.0,2.0,2.0,2157442,1.0,1,1,1,0.0,,-1.0, -1,1990.0,A01,138Â 293Â 825,1.0,0.0,-1.0,1647378,1.0,7,,0.0,0.0,4.0,D01,138Â 293Â 828,1.0
965216,201900006747,10,19,17:20,1,2,1,1.0,4.0,91174,JEAN JAURES (BOULEVARD),M,"48,6128310","2,4599520",91,2019,50.0,1.0,2.0,2.0,2157443,1.0,1,1,2,0.0,,0.0,0,1996.0,B01,138Â 293Â 826,1.0,0.0,-1.0,1647375,1.0,10,,14.0,0.0,1.0,A01,138Â 293Â 825,1.0
965216,201900006747,10,19,17:20,1,2,1,1.0,4.0,91174,JEAN JAURES (BOULEVARD),M,"48,6128310","2,4599520",91,2019,50.0,1.0,2.0,2.0,2157443,1.0,1,1,2,0.0,,0.0,0,1996.0,B01,138Â 293Â 826,1.0,0.0,-1.0,1647376,1.0,7,,0.0,0.0,4.0,B01,138Â 293Â 826,1.0
965216,201900006747,10,19,17:20,1,2,1,1.0,4.0,91174,JEAN JAURES (BOULEVARD),M,"48,6128310","2,4599520",91,2019,50.0,1.0,2.0,2.0,2157443,1.0,1,1,2,0.0,,0.0,0,1996.0,B01,138Â 293Â 826,1.0,0.0,-1.0,1647377,1.0,7,,0.0,0.0,4.0,C01,138Â 293Â 827,1.0
965216,201900006747,10,19,17:20,1,2,1,1.0,4.0,91174,JEAN JAURES (BOULEVARD),M,"48,6128310","2,4599520",91,2019,50.0,1.0,2.0,2.0,2157443,1.0,1,1,2,0.0,,0.0,0,1996.0,B01,138Â 293Â 826,1.0,0.0,-1.0,1647378,1.0,7,,0.0,0.0,4.0,D01,138Â 293Â 828,1.0
965216,201900006747,10,19,17:20,1,2,1,1.0,4.0,91174,JEAN JAURES (BOULEVARD),M,"48,6128310","2,4599520",91,2019,50.0,1.0,2.0,2.0,2157444,1.0,1,4,2,0.0,,0.0,0,1982.0,C01,138Â 293Â 827,1.0,0.0,-1.0,1647375,1.0,10,,14.0,0.0,1.0,A01,138Â 293Â 825,1.0
965216,201900006747,10,19,17:20,1,2,1,1.0,4.0,91174,JEAN JAURES (BOULEVARD),M,"48,6128310","2,4599520",91,2019,50.0,1.0,2.0,2.0,2157444,1.0,1,4,2,0.0,,0.0,0,1982.0,C01,138Â 293Â 827,1.0,0.0,-1.0,1647376,1.0,7,,0.0,0.0,4.0,B01,138Â 293Â 826,1.0
965216,201900006747,10,19,17:20,1,2,1,1.0,4.0,91174,JEAN JAURES (BOULEVARD),M,"48,6128310","2,4599520",91,2019,50.0,1.0,2.0,2.0,2157444,1.0,1,4,2,0.0,,0.0,0,1982.0,C01,138Â 293Â 827,1.0,0.0,-1.0,1647377,1.0,7,,0.0,0.0,4.0,C01,138Â 293Â 827,1.0
965216,201900006747,10,19,17:20,1,2,1,1.0,4.0,91174,JEAN JAURES (BOULEVARD),M,"48,6128310","2,4599520",91,2019,50.0,1.0,2.0,2.0,2157444,1.0,1,4,2,0.0,,0.0,0,1982.0,C01,138Â 293Â 827,1.0,0.0,-1.0,1647378,1.0,7,,0.0,0.0,4.0,D01,138Â 293Â 828,1.0