Unnamed: 0_x,num_acc,mois,jour,hrmn,lum,agg,int,atm,col,com,adr,gps,lat,long,dep,annee,vma,situ,surf,catr,Unnamed: 0_y,place,catu,grav,sexe,trajet,secu,locp,actp,an_nais,num_veh_x,id_vehicule_x,secu1,secu2,secu3,Unnamed: 0,senc,catv,occutc,obs,obsm,choc,num_veh_y,id_vehicule_y,motor
965216,201900006747,10,19,17:20,1,2,1,1.0,4.0,91174,JEAN JAURES (BOULEVARD),M,"48,6128310","2,4599520",91,2019,50.0,1.0,2.0,2.0,2157445,1.0,1,1,1,0.0,,0.0,0,1969.0,D01,138Â 293Â 828,1.0,0.0,-1.0,1647375,1.0,10,,14.0,0.0,1.0,A01,138Â 293Â 825,1.0
965216,201900006747,10,19,17:20,1,2,1,1.0,4.0,91174,JEAN JAURES (BOULEVARD),M,"48,6128310","2,4599520",91,2019,50.0,1.0,2.0,2.0,2157445,1.0,1,1,1,0.0,,0.0,0,1969.0,D01,138Â 293Â 828,1.0,0.0,-1.0,1647376,1.0,7,,0.0,0.0,4.0,B01,138Â 293Â 826,1.0
965216,201900006747,10,19,17:20,1,2,1,1.0,4.0,91174,JEAN JAURES (BOULEVARD),M,"48,6128310","2,4599520",91,2019,50.0,1.0,2.0,2.0,2157445,1.0,1,1,1,0.0,,0.0,0,1969.0,D01,138Â 293Â 828,1.0,0.0,-1.0,1647377,1.0,7,,0.0,0.0,4.0,C01,138Â 293Â 827,1.0
965216,201900006747,10,19,17:20,1,2,1,1.0,4.0,91174,JEAN JAURES (BOULEVARD),M,"48,6128310","2,4599520",91,2019,50.0,1.0,2.0,2.0,2157445,1.0,1,1,1,0.0,,0.0,0,1969.0,D01,138Â 293Â 828,1.0,0.0,-1.0,1647378,1.0,7,,0.0,0.0,4.0,D01,138Â 293Â 828,1.0
965217,201900006748,10,19,19:15,5,2,1,3.0,6.0,88160,REMIREMONT (RUE DE),M,"48,1600000","6,4500000",88,2019,50.0,1.0,2.0,3.0,2157446,1.0,1,1,1,5.0,,0.0,0,1946.0,A01,138Â 293Â 824,1.0,0.0,-1.0,1647379,2.0,7,,0.0,1.0,8.0,A01,138Â 293Â 824,1.0
965217,201900006748,10,19,19:15,5,2,1,3.0,6.0,88160,REMIREMONT (RUE DE),M,"48,1600000","6,4500000",88,2019,50.0,1.0,2.0,3.0,2157447,10.0,3,3,1,5.0,,3.0,3,1968.0,A01,138Â 293Â 824,0.0,-1.0,-1.0,1647379,2.0,7,,0.0,1.0,8.0,A01,138Â 293Â 824,1.0
965218,201900006749,10,19,01:00,5,2,1,1.0,6.0,81004,GILLE (PIERRE),M,"43,9214900","2,1851600",81,2019,50.0,1.0,1.0,4.0,2157448,1.0,1,1,1,3.0,,0.0,0,1987.0,A01,138Â 293Â 819,1.0,0.0,-1.0,1647380,1.0,7,,0.0,1.0,1.0,A01,138Â 293Â 819,1.0
965218,201900006749,10,19,01:00,5,2,1,1.0,6.0,81004,GILLE (PIERRE),M,"43,9214900","2,1851600",81,2019,50.0,1.0,1.0,4.0,2157449,10.0,3,3,1,5.0,,1.0,5,1999.0,A01,138Â 293Â 819,0.0,-1.0,-1.0,1647380,1.0,7,,0.0,1.0,1.0,A01,138Â 293Â 819,1.0
965219,201900006750,10,19,14:14,1,2,2,2.0,6.0,77284,D360 X RUE JABLINOT,M,"48,9552219","2,8789330",77,2019,50.0,1.0,2.0,3.0,2157450,10.0,3,4,2,5.0,,4.0,3,2007.0,A01,138Â 293Â 818,0.0,-1.0,-1.0,1647381,1.0,7,,0.0,1.0,8.0,A01,138Â 293Â 818,1.0
965219,201900006750,10,19,14:14,1,2,2,2.0,6.0,77284,D360 X RUE JABLINOT,M,"48,9552219","2,8789330",77,2019,50.0,1.0,2.0,3.0,2157451,1.0,1,1,1,4.0,,-1.0,0,1973.0,A01,138Â 293Â 818,1.0,8.0,-1.0,1647381,1.0,7,,0.0,1.0,8.0,A01,138Â 293Â 818,1.0
965220,201900006751,10,18,17:45,1,1,2,1.0,4.0,77284,D603 X ALLEE DES PLATANES,M,"48,9572600","2,9314100",77,2019,50.0,3.0,1.0,3.0,2157452,1.0,1,1,2,0.0,,-1.0,0,1973.0,F01,138Â 293Â 812,1.0,8.0,-1.0,1647382,1.0,7,,0.0,2.0,4.0,F01,138Â 293Â 812,0.0
965220,201900006751,10,18,17:45,1,1,2,1.0,4.0,77284,D603 X ALLEE DES PLATANES,M,"48,9572600","2,9314100",77,2019,50.0,3.0,1.0,3.0,2157452,1.0,1,1,2,0.0,,-1.0,0,1973.0,F01,138Â 293Â 812,1.0,8.0,-1.0,1647383,1.0,7,,0.0,2.0,4.0,E01,138Â 293Â 813,1.0
965220,201900006751,10,18,17:45,1,1,2,1.0,4.0,77284,D603 X ALLEE DES PLATANES,M,"48,9572600","2,9314100",77,2019,50.0,3.0,1.0,3.0,2157452,1.0,1,1,2,0.0,,-1.0,0,1973.0,F01,138Â 293Â 812,1.0,8.0,-1.0,1647384,1.0,7,,0.0,2.0,6.0,D01,138Â 293Â 814,1.0
965220,201900006751,10,18,17:45,1,1,2,1.0,4.0,77284,D603 X ALLEE DES PLATANES,M,"48,9572600","2,9314100",77,2019,50.0,3.0,1.0,3.0,2157452,1.0,1,1,2,0.0,,-1.0,0,1973.0,F01,138Â 293Â 812,1.0,8.0,-1.0,1647385,1.0,7,,0.0,2.0,8.0,C01,138Â 293Â 815,1.0
965220,201900006751,10,18,17:45,1,1,2,1.0,4.0,77284,D603 X ALLEE DES PLATANES,M,"48,9572600","2,9314100",77,2019,50.0,3.0,1.0,3.0,2157452,1.0,1,1,2,0.0,,-1.0,0,1973.0,F01,138Â 293Â 812,1.0,8.0,-1.0,1647386,1.0,7,,0.0,2.0,2.0,B01,138Â 293Â 816,1.0
965220,201900006751,10,18,17:45,1,1,2,1.0,4.0,77284,D603 X ALLEE DES PLATANES,M,"48,9572600","2,9314100",77,2019,50.0,3.0,1.0,3.0,2157452,1.0,1,1,2,0.0,,-1.0,0,1973.0,F01,138Â 293Â 812,1.0,8.0,-1.0,1647387,1.0,10,,0.0,2.0,8.0,A01,138Â 293Â 817,1.0
965220,201900006751,10,18,17:45,1,1,2,1.0,4.0,77284,D603 X ALLEE DES PLATANES,M,"48,9572600","2,9314100",77,2019,50.0,3.0,1.0,3.0,2157453,1.0,1,4,1,0.0,,-1.0,0,1994.0,E01,138Â 293Â 813,1.0,8.0,-1.0,1647382,1.0,7,,0.0,2.0,4.0,F01,138Â 293Â 812,0.0
965220,201900006751,10,18,17:45,1,1,2,1.0,4.0,77284,D603 X ALLEE DES PLATANES,M,"48,9572600","2,9314100",77,2019,50.0,3.0,1.0,3.0,2157453,1.0,1,4,1,0.0,,-1.0,0,1994.0,E01,138Â 293Â 813,1.0,8.0,-1.0,1647383,1.0,7,,0.0,2.0,4.0,E01,138Â 293Â 813,1.0
965220,201900006751,10,18,17:45,1,1,2,1.0,4.0,77284,D603 X ALLEE DES PLATANES,M,"48,9572600","2,9314100",77,2019,50.0,3.0,1.0,3.0,2157453,1.0,1,4,1,0.0,,-1.0,0,1994.0,E01,138Â 293Â 813,1.0,8.0,-1.0,1647384,1.0,7,,0.0,2.0,6.0,D01,138Â 293Â 814,1.0
965220,201900006751,10,18,17:45,1,1,2,1.0,4.0,77284,D603 X ALLEE DES PLATANES,M,"48,9572600","2,9314100",77,2019,50.0,3.0,1.0,3.0,2157453,1.0,1,4,1,0.0,,-1.0,0,1994.0,E01,138Â 293Â 813,1.0,8.0,-1.0,1647385,1.0,7,,0.0,2.0,8.0,C01,138Â 293Â 815,1.0
965220,201900006751,10,18,17:45,1,1,2,1.0,4.0,77284,D603 X ALLEE DES PLATANES,M,"48,9572600","2,9314100",77,2019,50.0,3.0,1.0,3.0,2157453,1.0,1,4,1,0.0,,-1.0,0,1994.0,E01,138Â 293Â 813,1.0,8.0,-1.0,1647386,1.0,7,,0.0,2.0,2.0,B01,138Â 293Â 816,1.0
965220,201900006751,10,18,17:45,1,1,2,1.0,4.0,77284,D603 X ALLEE DES PLATANES,M,"48,9572600","2,9314100",77,2019,50.0,3.0,1.0,3.0,2157453,1.0,1,4,1,0.0,,-1.0,0,1994.0,E01,138Â 293Â 813,1.0,8.0,-1.0,1647387,1.0,10,,0.0,2.0,8.0,A01,138Â 293Â 817,1.0
965220,201900006751,10,18,17:45,1,1,2,1.0,4.0,77284,D603 X ALLEE DES PLATANES,M,"48,9572600","2,9314100",77,2019,50.0,3.0,1.0,3.0,2157454,1.0,1,1,1,0.0,,-1.0,0,1971.0,D01,138Â 293Â 814,1.0,8.0,-1.0,1647382,1.0,7,,0.0,2.0,4.0,F01,138Â 293Â 812,0.0
965220,201900006751,10,18,17:45,1,1,2,1.0,4.0,77284,D603 X ALLEE DES PLATANES,M,"48,9572600","2,9314100",77,2019,50.0,3.0,1.0,3.0,2157454,1.0,1,1,1,0.0,,-1.0,0,1971.0,D01,138Â 293Â 814,1.0,8.0,-1.0,1647383,1.0,7,,0.0,2.0,4.0,E01,138Â 293Â 813,1.0
965220,201900006751,10,18,17:45,1,1,2,1.0,4.0,77284,D603 X ALLEE DES PLATANES,M,"48,9572600","2,9314100",77,2019,50.0,3.0,1.0,3.0,2157454,1.0,1,1,1,0.0,,-1.0,0,1971.0,D01,138Â 293Â 814,1.0,8.0,-1.0,1647384,1.0,7,,0.0,2.0,6.0,D01,138Â 293Â 814,1.0
965220,201900006751,10,18,17:45,1,1,2,1.0,4.0,77284,D603 X ALLEE DES PLATANES,M,"48,9572600","2,9314100",77,2019,50.0,3.0,1.0,3.0,2157454,1.0,1,1,1,0.0,,-1.0,0,1971.0,D01,138Â 293Â 814,1.0,8.0,-1.0,1647385,1.0,7,,0.0,2.0,8.0,C01,138Â 293Â 815,1.0
965220,201900006751,10,18,17:45,1,1,2,1.0,4.0,77284,D603 X ALLEE DES PLATANES,M,"48,9572600","2,9314100",77,2019,50.0,3.0,1.0,3.0,2157454,1.0,1,1,1,0.0,,-1.0,0,1971.0,D01,138Â 293Â 814,1.0,8.0,-1.0,1647386,1.0,7,,0.0,2.0,2.0,B01,138Â 293Â 816,1.0
965220,201900006751,10,18,17:45,1,1,2,1.0,4.0,77284,D603 X ALLEE DES PLATANES,M,"48,9572600","2,9314100",77,2019,50.0,3.0,1.0,3.0,2157454,1.0,1,1,1,0.0,,-1.0,0,1971.0,D01,138Â 293Â 814,1.0,8.0,-1.0,1647387,1.0,10,,0.0,2.0,8.0,A01,138Â 293Â 817,1.0
965220,201900006751,10,18,17:45,1,1,2,1.0,4.0,77284,D603 X ALLEE DES PLATANES,M,"48,9572600","2,9314100",77,2019,50.0,3.0,1.0,3.0,2157455,1.0,1,1,2,0.0,,-1.0,0,1968.0,C01,138Â 293Â 815,1.0,8.0,-1.0,1647382,1.0,7,,0.0,2.0,4.0,F01,138Â 293Â 812,0.0
965220,201900006751,10,18,17:45,1,1,2,1.0,4.0,77284,D603 X ALLEE DES PLATANES,M,"48,9572600","2,9314100",77,2019,50.0,3.0,1.0,3.0,2157455,1.0,1,1,2,0.0,,-1.0,0,1968.0,C01,138Â 293Â 815,1.0,8.0,-1.0,1647383,1.0,7,,0.0,2.0,4.0,E01,138Â 293Â 813,1.0
965220,201900006751,10,18,17:45,1,1,2,1.0,4.0,77284,D603 X ALLEE DES PLATANES,M,"48,9572600","2,9314100",77,2019,50.0,3.0,1.0,3.0,2157455,1.0,1,1,2,0.0,,-1.0,0,1968.0,C01,138Â 293Â 815,1.0,8.0,-1.0,1647384,1.0,7,,0.0,2.0,6.0,D01,138Â 293Â 814,1.0
965220,201900006751,10,18,17:45,1,1,2,1.0,4.0,77284,D603 X ALLEE DES PLATANES,M,"48,9572600","2,9314100",77,2019,50.0,3.0,1.0,3.0,2157455,1.0,1,1,2,0.0,,-1.0,0,1968.0,C01,138Â 293Â 815,1.0,8.0,-1.0,1647385,1.0,7,,0.0,2.0,8.0,C01,138Â 293Â 815,1.0
965220,201900006751,10,18,17:45,1,1,2,1.0,4.0,77284,D603 X ALLEE DES PLATANES,M,"48,9572600","2,9314100",77,2019,50.0,3.0,1.0,3.0,2157455,1.0,1,1,2,0.0,,-1.0,0,1968.0,C01,138Â 293Â 815,1.0,8.0,-1.0,1647386,1.0,7,,0.0,2.0,2.0,B01,138Â 293Â 816,1.0
965220,201900006751,10,18,17:45,1,1,2,1.0,4.0,77284,D603 X ALLEE DES PLATANES,M,"48,9572600","2,9314100",77,2019,50.0,3.0,1.0,3.0,2157455,1.0,1,1,2,0.0,,-1.0,0,1968.0,C01,138Â 293Â 815,1.0,8.0,-1.0,1647387,1.0,10,,0.0,2.0,8.0,A01,138Â 293Â 817,1.0
965220,201900006751,10,18,17:45,1,1,2,1.0,4.0,77284,D603 X ALLEE DES PLATANES,M,"48,9572600","2,9314100",77,2019,50.0,3.0,1.0,3.0,2157456,1.0,1,1,1,0.0,,-1.0,0,1976.0,B01,138Â 293Â 816,1.0,8.0,-1.0,1647382,1.0,7,,0.0,2.0,4.0,F01,138Â 293Â 812,0.0
965220,201900006751,10,18,17:45,1,1,2,1.0,4.0,77284,D603 X ALLEE DES PLATANES,M,"48,9572600","2,9314100",77,2019,50.0,3.0,1.0,3.0,2157456,1.0,1,1,1,0.0,,-1.0,0,1976.0,B01,138Â 293Â 816,1.0,8.0,-1.0,1647383,1.0,7,,0.0,2.0,4.0,E01,138Â 293Â 813,1.0
965220,201900006751,10,18,17:45,1,1,2,1.0,4.0,77284,D603 X ALLEE DES PLATANES,M,"48,9572600","2,9314100",77,2019,50.0,3.0,1.0,3.0,2157456,1.0,1,1,1,0.0,,-1.0,0,1976.0,B01,138Â 293Â 816,1.0,8.0,-1.0,1647384,1.0,7,,0.0,2.0,6.0,D01,138Â 293Â 814,1.0
965220,201900006751,10,18,17:45,1,1,2,1.0,4.0,77284,D603 X ALLEE DES PLATANES,M,"48,9572600","2,9314100",77,2019,50.0,3.0,1.0,3.0,2157456,1.0,1,1,1,0.0,,-1.0,0,1976.0,B01,138Â 293Â 816,1.0,8.0,-1.0,1647385,1.0,7,,0.0,2.0,8.0,C01,138Â 293Â 815,1.0
965220,201900006751,10,18,17:45,1,1,2,1.0,4.0,77284,D603 X ALLEE DES PLATANES,M,"48,9572600","2,9314100",77,2019,50.0,3.0,1.0,3.0,2157456,1.0,1,1,1,0.0,,-1.0,0,1976.0,B01,138Â 293Â 816,1.0,8.0,-1.0,1647386,1.0,7,,0.0,2.0,2.0,B01,138Â 293Â 816,1.0
965220,201900006751,10,18,17:45,1,1,2,1.0,4.0,77284,D603 X ALLEE DES PLATANES,M,"48,9572600","2,9314100",77,2019,50.0,3.0,1.0,3.0,2157456,1.0,1,1,1,0.0,,-1.0,0,1976.0,B01,138Â 293Â 816,1.0,8.0,-1.0,1647387,1.0,10,,0.0,2.0,8.0,A01,138Â 293Â 817,1.0
965220,201900006751,10,18,17:45,1,1,2,1.0,4.0,77284,D603 X ALLEE DES PLATANES,M,"48,9572600","2,9314100",77,2019,50.0,3.0,1.0,3.0,2157457,1.0,1,4,1,0.0,,-1.0,0,1974.0,A01,138Â 293Â 817,1.0,8.0,-1.0,1647382,1.0,7,,0.0,2.0,4.0,F01,138Â 293Â 812,0.0
965220,201900006751,10,18,17:45,1,1,2,1.0,4.0,77284,D603 X ALLEE DES PLATANES,M,"48,9572600","2,9314100",77,2019,50.0,3.0,1.0,3.0,2157457,1.0,1,4,1,0.0,,-1.0,0,1974.0,A01,138Â 293Â 817,1.0,8.0,-1.0,1647383,1.0,7,,0.0,2.0,4.0,E01,138Â 293Â 813,1.0
965220,201900006751,10,18,17:45,1,1,2,1.0,4.0,77284,D603 X ALLEE DES PLATANES,M,"48,9572600","2,9314100",77,2019,50.0,3.0,1.0,3.0,2157457,1.0,1,4,1,0.0,,-1.0,0,1974.0,A01,138Â 293Â 817,1.0,8.0,-1.0,1647384,1.0,7,,0.0,2.0,6.0,D01,138Â 293Â 814,1.0
965220,201900006751,10,18,17:45,1,1,2,1.0,4.0,77284,D603 X ALLEE DES PLATANES,M,"48,9572600","2,9314100",77,2019,50.0,3.0,1.0,3.0,2157457,1.0,1,4,1,0.0,,-1.0,0,1974.0,A01,138Â 293Â 817,1.0,8.0,-1.0,1647385,1.0,7,,0.0,2.0,8.0,C01,138Â 293Â 815,1.0
965220,201900006751,10,18,17:45,1,1,2,1.0,4.0,77284,D603 X ALLEE DES PLATANES,M,"48,9572600","2,9314100",77,2019,50.0,3.0,1.0,3.0,2157457,1.0,1,4,1,0.0,,-1.0,0,1974.0,A01,138Â 293Â 817,1.0,8.0,-1.0,1647386,1.0,7,,0.0,2.0,2.0,B01,138Â 293Â 816,1.0
965220,201900006751,10,18,17:45,1,1,2,1.0,4.0,77284,D603 X ALLEE DES PLATANES,M,"48,9572600","2,9314100",77,2019,50.0,3.0,1.0,3.0,2157457,1.0,1,4,1,0.0,,-1.0,0,1974.0,A01,138Â 293Â 817,1.0,8.0,-1.0,1647387,1.0,10,,0.0,2.0,8.0,A01,138Â 293Â 817,1.0
965221,201900006752,10,18,12:00,1,1,1,1.0,5.0,77284,D405A,M,"48,9714600","2,9086200",77,2019,80.0,3.0,2.0,3.0,2157458,1.0,1,1,2,0.0,,-1.0,0,1974.0,D01,138Â 293Â 808,1.0,0.0,-1.0,1647388,1.0,7,,0.0,0.0,3.0,D01,138Â 293Â 808,1.0
965221,201900006752,10,18,12:00,1,1,1,1.0,5.0,77284,D405A,M,"48,9714600","2,9086200",77,2019,80.0,3.0,2.0,3.0,2157458,1.0,1,1,2,0.0,,-1.0,0,1974.0,D01,138Â 293Â 808,1.0,0.0,-1.0,1647389,1.0,7,,0.0,0.0,3.0,C01,138Â 293Â 809,1.0
965221,201900006752,10,18,12:00,1,1,1,1.0,5.0,77284,D405A,M,"48,9714600","2,9086200",77,2019,80.0,3.0,2.0,3.0,2157458,1.0,1,1,2,0.0,,-1.0,0,1974.0,D01,138Â 293Â 808,1.0,0.0,-1.0,1647390,2.0,13,,0.0,2.0,3.0,B01,138Â 293Â 810,1.0
965221,201900006752,10,18,12:00,1,1,1,1.0,5.0,77284,D405A,M,"48,9714600","2,9086200",77,2019,80.0,3.0,2.0,3.0,2157458,1.0,1,1,2,0.0,,-1.0,0,1974.0,D01,138Â 293Â 808,1.0,0.0,-1.0,1647391,1.0,7,,0.0,0.0,3.0,A01,138Â 293Â 811,1.0
965221,201900006752,10,18,12:00,1,1,1,1.0,5.0,77284,D405A,M,"48,9714600","2,9086200",77,2019,80.0,3.0,2.0,3.0,2157459,1.0,1,1,2,0.0,,-1.0,0,1995.0,C01,138Â 293Â 809,1.0,0.0,-1.0,1647388,1.0,7,,0.0,0.0,3.0,D01,138Â 293Â 808,1.0
965221,201900006752,10,18,12:00,1,1,1,1.0,5.0,77284,D405A,M,"48,9714600","2,9086200",77,2019,80.0,3.0,2.0,3.0,2157459,1.0,1,1,2,0.0,,-1.0,0,1995.0,C01,138Â 293Â 809,1.0,0.0,-1.0,1647389,1.0,7,,0.0,0.0,3.0,C01,138Â 293Â 809,1.0
965221,201900006752,10,18,12:00,1,1,1,1.0,5.0,77284,D405A,M,"48,9714600","2,9086200",77,2019,80.0,3.0,2.0,3.0,2157459,1.0,1,1,2,0.0,,-1.0,0,1995.0,C01,138Â 293Â 809,1.0,0.0,-1.0,1647390,2.0,13,,0.0,2.0,3.0,B01,138Â 293Â 810,1.0
965221,201900006752,10,18,12:00,1,1,1,1.0,5.0,77284,D405A,M,"48,9714600","2,9086200",77,2019,80.0,3.0,2.0,3.0,2157459,1.0,1,1,2,0.0,,-1.0,0,1995.0,C01,138Â 293Â 809,1.0,0.0,-1.0,1647391,1.0,7,,0.0,0.0,3.0,A01,138Â 293Â 811,1.0
965221,201900006752,10,18,12:00,1,1,1,1.0,5.0,77284,D405A,M,"48,9714600","2,9086200",77,2019,80.0,3.0,2.0,3.0,2157460,2.0,2,1,1,0.0,,-1.0,0,1986.0,B01,138Â 293Â 810,1.0,0.0,-1.0,1647388,1.0,7,,0.0,0.0,3.0,D01,138Â 293Â 808,1.0
965221,201900006752,10,18,12:00,1,1,1,1.0,5.0,77284,D405A,M,"48,9714600","2,9086200",77,2019,80.0,3.0,2.0,3.0,2157460,2.0,2,1,1,0.0,,-1.0,0,1986.0,B01,138Â 293Â 810,1.0,0.0,-1.0,1647389,1.0,7,,0.0,0.0,3.0,C01,138Â 293Â 809,1.0
965221,201900006752,10,18,12:00,1,1,1,1.0,5.0,77284,D405A,M,"48,9714600","2,9086200",77,2019,80.0,3.0,2.0,3.0,2157460,2.0,2,1,1,0.0,,-1.0,0,1986.0,B01,138Â 293Â 810,1.0,0.0,-1.0,1647390,2.0,13,,0.0,2.0,3.0,B01,138Â 293Â 810,1.0
965221,201900006752,10,18,12:00,1,1,1,1.0,5.0,77284,D405A,M,"48,9714600","2,9086200",77,2019,80.0,3.0,2.0,3.0,2157460,2.0,2,1,1,0.0,,-1.0,0,1986.0,B01,138Â 293Â 810,1.0,0.0,-1.0,1647391,1.0,7,,0.0,0.0,3.0,A01,138Â 293Â 811,1.0
965221,201900006752,10,18,12:00,1,1,1,1.0,5.0,77284,D405A,M,"48,9714600","2,9086200",77,2019,80.0,3.0,2.0,3.0,2157461,1.0,1,1,1,0.0,,-1.0,0,1962.0,B01,138Â 293Â 810,1.0,0.0,-1.0,1647388,1.0,7,,0.0,0.0,3.0,D01,138Â 293Â 808,1.0
965221,201900006752,10,18,12:00,1,1,1,1.0,5.0,77284,D405A,M,"48,9714600","2,9086200",77,2019,80.0,3.0,2.0,3.0,2157461,1.0,1,1,1,0.0,,-1.0,0,1962.0,B01,138Â 293Â 810,1.0,0.0,-1.0,1647389,1.0,7,,0.0,0.0,3.0,C01,138Â 293Â 809,1.0
965221,201900006752,10,18,12:00,1,1,1,1.0,5.0,77284,D405A,M,"48,9714600","2,9086200",77,2019,80.0,3.0,2.0,3.0,2157461,1.0,1,1,1,0.0,,-1.0,0,1962.0,B01,138Â 293Â 810,1.0,0.0,-1.0,1647390,2.0,13,,0.0,2.0,3.0,B01,138Â 293Â 810,1.0
965221,201900006752,10,18,12:00,1,1,1,1.0,5.0,77284,D405A,M,"48,9714600","2,9086200",77,2019,80.0,3.0,2.0,3.0,2157461,1.0,1,1,1,0.0,,-1.0,0,1962.0,B01,138Â 293Â 810,1.0,0.0,-1.0,1647391,1.0,7,,0.0,0.0,3.0,A01,138Â 293Â 811,1.0
965221,201900006752,10,18,12:00,1,1,1,1.0,5.0,77284,D405A,M,"48,9714600","2,9086200",77,2019,80.0,3.0,2.0,3.0,2157462,1.0,1,4,2,0.0,,-1.0,0,1943.0,A01,138Â 293Â 811,1.0,0.0,-1.0,1647388,1.0,7,,0.0,0.0,3.0,D01,138Â 293Â 808,1.0
965221,201900006752,10,18,12:00,1,1,1,1.0,5.0,77284,D405A,M,"48,9714600","2,9086200",77,2019,80.0,3.0,2.0,3.0,2157462,1.0,1,4,2,0.0,,-1.0,0,1943.0,A01,138Â 293Â 811,1.0,0.0,-1.0,1647389,1.0,7,,0.0,0.0,3.0,C01,138Â 293Â 809,1.0
965221,201900006752,10,18,12:00,1,1,1,1.0,5.0,77284,D405A,M,"48,9714600","2,9086200",77,2019,80.0,3.0,2.0,3.0,2157462,1.0,1,4,2,0.0,,-1.0,0,1943.0,A01,138Â 293Â 811,1.0,0.0,-1.0,1647390,2.0,13,,0.0,2.0,3.0,B01,138Â 293Â 810,1.0
965221,201900006752,10,18,12:00,1,1,1,1.0,5.0,77284,D405A,M,"48,9714600","2,9086200",77,2019,80.0,3.0,2.0,3.0,2157462,1.0,1,4,2,0.0,,-1.0,0,1943.0,A01,138Â 293Â 811,1.0,0.0,-1.0,1647391,1.0,7,,0.0,0.0,3.0,A01,138Â 293Â 811,1.0
965222,201900006753,10,19,07:05,5,2,2,2.0,3.0,76451,MONT AUX MALADES. AVENUE DU,M,"49,4660100","1,0709400",76,2019,50.0,1.0,2.0,4.0,2157463,1.0,1,4,1,5.0,,-1.0, -1,1995.0,A01,138Â 293Â 804,1.0,0.0,-1.0,1647392,0.0,7,,0.0,2.0,3.0,A01,138Â 293Â 804,1.0
965222,201900006753,10,19,07:05,5,2,2,2.0,3.0,76451,MONT AUX MALADES. AVENUE DU,M,"49,4660100","1,0709400",76,2019,50.0,1.0,2.0,4.0,2157463,1.0,1,4,1,5.0,,-1.0, -1,1995.0,A01,138Â 293Â 804,1.0,0.0,-1.0,1647393,0.0,7,,0.0,2.0,1.0,B01,138Â 293Â 805,1.0
965222,201900006753,10,19,07:05,5,2,2,2.0,3.0,76451,MONT AUX MALADES. AVENUE DU,M,"49,4660100","1,0709400",76,2019,50.0,1.0,2.0,4.0,2157464,1.0,1,4,2,1.0,,-1.0, -1,1973.0,B01,138Â 293Â 805,1.0,0.0,-1.0,1647392,0.0,7,,0.0,2.0,3.0,A01,138Â 293Â 804,1.0
965222,201900006753,10,19,07:05,5,2,2,2.0,3.0,76451,MONT AUX MALADES. AVENUE DU,M,"49,4660100","1,0709400",76,2019,50.0,1.0,2.0,4.0,2157464,1.0,1,4,2,1.0,,-1.0, -1,1973.0,B01,138Â 293Â 805,1.0,0.0,-1.0,1647393,0.0,7,,0.0,2.0,1.0,B01,138Â 293Â 805,1.0
965223,201900006754,10,19,15:10,1,2,1,2.0,7.0,71105,GRANGE ST PIERRE (RUE DE LA),M,"46,3096600","4,8159400",71,2019,50.0,1.0,2.0,9.0,2157465,1.0,1,4,1,9.0,,0.0,0,2003.0,A01,138Â 293Â 802,2.0,6.0,-1.0,1647394,3.0,30,,0.0,0.0,0.0,A01,138Â 293Â 802,1.0
965224,201900006755,10,18,08:50,1,1,1,2.0,2.0,71540,VIEUX SAULE (LE),M,"46,7673400","4,4507500",71,2019,70.0,1.0,2.0,3.0,2157466,1.0,1,4,2,0.0,,0.0,0,1978.0,A01,138Â 293Â 800,1.0,0.0,-1.0,1647395,3.0,7,,0.0,2.0,5.0,A01,138Â 293Â 800,1.0
965224,201900006755,10,18,08:50,1,1,1,2.0,2.0,71540,VIEUX SAULE (LE),M,"46,7673400","4,4507500",71,2019,70.0,1.0,2.0,3.0,2157466,1.0,1,4,2,0.0,,0.0,0,1978.0,A01,138Â 293Â 800,1.0,0.0,-1.0,1647396,3.0,7,,0.0,2.0,1.0,B01,138Â 293Â 801,1.0
965224,201900006755,10,18,08:50,1,1,1,2.0,2.0,71540,VIEUX SAULE (LE),M,"46,7673400","4,4507500",71,2019,70.0,1.0,2.0,3.0,2157467,1.0,1,1,2,0.0,,0.0,0,1978.0,B01,138Â 293Â 801,1.0,0.0,-1.0,1647395,3.0,7,,0.0,2.0,5.0,A01,138Â 293Â 800,1.0
965224,201900006755,10,18,08:50,1,1,1,2.0,2.0,71540,VIEUX SAULE (LE),M,"46,7673400","4,4507500",71,2019,70.0,1.0,2.0,3.0,2157467,1.0,1,1,2,0.0,,0.0,0,1978.0,B01,138Â 293Â 801,1.0,0.0,-1.0,1647396,3.0,7,,0.0,2.0,1.0,B01,138Â 293Â 801,1.0
965225,201900006756,6,1,15:00,1,1,1,1.0,6.0,58185,RD 193,M,"47,1747160","4,1223720",58,2019,80.0,3.0,1.0,3.0,2157468,1.0,1,4,2,5.0,,0.0,0,1999.0,A01,138Â 293Â 799,1.0,-1.0,-1.0,1647397,2.0,7,,8.0,0.0,1.0,A01,138Â 293Â 799,1.0