Unnamed: 0_x,num_acc,mois,jour,hrmn,lum,agg,int,atm,col,com,adr,gps,lat,long,dep,annee,vma,situ,surf,catr,Unnamed: 0_y,place,catu,grav,sexe,trajet,secu,locp,actp,an_nais,num_veh_x,id_vehicule_x,secu1,secu2,secu3,Unnamed: 0,senc,catv,occutc,obs,obsm,choc,num_veh_y,id_vehicule_y,motor
965225,201900006756,6,1,15:00,1,1,1,1.0,6.0,58185,RD 193,M,"47,1747160","4,1223720",58,2019,80.0,3.0,1.0,3.0,2157469,3.0,2,4,1,5.0,,0.0,0,2001.0,A01,138Â 293Â 799,1.0,-1.0,-1.0,1647397,2.0,7,,8.0,0.0,1.0,A01,138Â 293Â 799,1.0
965225,201900006756,6,1,15:00,1,1,1,1.0,6.0,58185,RD 193,M,"47,1747160","4,1223720",58,2019,80.0,3.0,1.0,3.0,2157470,4.0,2,4,1,5.0,,0.0,0,2003.0,A01,138Â 293Â 799,1.0,-1.0,-1.0,1647397,2.0,7,,8.0,0.0,1.0,A01,138Â 293Â 799,1.0
965225,201900006756,6,1,15:00,1,1,1,1.0,6.0,58185,RD 193,M,"47,1747160","4,1223720",58,2019,80.0,3.0,1.0,3.0,2157471,2.0,2,3,1,5.0,,0.0,0,2000.0,A01,138Â 293Â 799,1.0,-1.0,-1.0,1647397,2.0,7,,8.0,0.0,1.0,A01,138Â 293Â 799,1.0
965226,201900006757,6,9,01:00,3,2,1,1.0,6.0,58062,rue Jean Sallonnyer,M,"47,0630426","3,9354723",58,2019,50.0,8.0,1.0,4.0,2157472,1.0,1,1,1,5.0,,0.0,0,1997.0,A01,138Â 293Â 798,1.0,-1.0,-1.0,1647398,3.0,7,,8.0,0.0,7.0,A01,138Â 293Â 798,1.0
965226,201900006757,6,9,01:00,3,2,1,1.0,6.0,58062,rue Jean Sallonnyer,M,"47,0630426","3,9354723",58,2019,50.0,8.0,1.0,4.0,2157473,9.0,2,4,1,5.0,,0.0,0,1995.0,A01,138Â 293Â 798,1.0,-1.0,-1.0,1647398,3.0,7,,8.0,0.0,7.0,A01,138Â 293Â 798,1.0
965227,201900006758,6,15,10:05,1,2,1,1.0,6.0,58134,Rue Daniel Petit,M,"46,9367250","3,2557660",58,2019,50.0,1.0,1.0,3.0,2157474,1.0,1,1,1,3.0,,0.0,0,1976.0,A01,138Â 293Â 797,8.0,-1.0,-1.0,1647399,0.0,7,,0.0,1.0,3.0,A01,138Â 293Â 797,1.0
965227,201900006758,6,15,10:05,1,2,1,1.0,6.0,58134,Rue Daniel Petit,M,"46,9367250","3,2557660",58,2019,50.0,1.0,1.0,3.0,2157475,10.0,3,3,1,3.0,,4.0,3,1933.0,A01,138Â 293Â 797,0.0,-1.0,-1.0,1647399,0.0,7,,0.0,1.0,3.0,A01,138Â 293Â 797,1.0
965228,201900006759,6,14,13:30,1,1,1,1.0,1.0,58112,Lieu-dit le petit moulin,M,"46,9659290","3,3327450",58,2019,70.0,1.0,1.0,3.0,2157476,1.0,1,1,1,0.0,,0.0,0,1992.0,B01,138Â 293Â 795,1.0,-1.0,-1.0,1647400,3.0,7,,0.0,2.0,8.0,B01,138Â 293Â 795,1.0
965228,201900006759,6,14,13:30,1,1,1,1.0,1.0,58112,Lieu-dit le petit moulin,M,"46,9659290","3,3327450",58,2019,70.0,1.0,1.0,3.0,2157476,1.0,1,1,1,0.0,,0.0,0,1992.0,B01,138Â 293Â 795,1.0,-1.0,-1.0,1647401,3.0,7,,0.0,2.0,8.0,A01,138Â 293Â 796,1.0
965228,201900006759,6,14,13:30,1,1,1,1.0,1.0,58112,Lieu-dit le petit moulin,M,"46,9659290","3,3327450",58,2019,70.0,1.0,1.0,3.0,2157477,1.0,1,4,1,9.0,,0.0,0,1992.0,A01,138Â 293Â 796,1.0,-1.0,-1.0,1647400,3.0,7,,0.0,2.0,8.0,B01,138Â 293Â 795,1.0
965228,201900006759,6,14,13:30,1,1,1,1.0,1.0,58112,Lieu-dit le petit moulin,M,"46,9659290","3,3327450",58,2019,70.0,1.0,1.0,3.0,2157477,1.0,1,4,1,9.0,,0.0,0,1992.0,A01,138Â 293Â 796,1.0,-1.0,-1.0,1647401,3.0,7,,0.0,2.0,8.0,A01,138Â 293Â 796,1.0
965229,201900006760,6,2,17:25,1,1,1,1.0,6.0,58278,Route dÃ©patementale 13,M,"46,9500600","3,1983170",58,2019,80.0,3.0,1.0,3.0,2157478,1.0,1,4,1,5.0,,0.0,0,2000.0,A01,138Â 293Â 794,2.0,6.0,9.0,1647402,2.0,33,,2.0,0.0,2.0,A01,138Â 293Â 794,1.0
965229,201900006760,6,2,17:25,1,1,1,1.0,6.0,58278,Route dÃ©patementale 13,M,"46,9500600","3,1983170",58,2019,80.0,3.0,1.0,3.0,2157479,2.0,2,1,2,5.0,,0.0,0,2000.0,A01,138Â 293Â 794,2.0,6.0,9.0,1647402,2.0,33,,2.0,0.0,2.0,A01,138Â 293Â 794,1.0
965230,201900006761,6,8,23:00,3,1,9,1.0,6.0,58138,D2076,M,"46,8053500","3,0815870",58,2019,80.0,8.0,1.0,3.0,2157480,1.0,1,2,1,3.0,,0.0,0,1990.0,A01,138Â 293Â 793,1.0,-1.0,-1.0,1647403,2.0,7,,11.0,0.0,1.0,A01,138Â 293Â 793,1.0
965231,201900006762,6,8,14:50,1,1,1,1.0,1.0,66181,,M,"42,4457700","2,0160180",66,2019,80.0,1.0,1.0,2.0,2157481,1.0,1,3,1,5.0,,0.0,0,1973.0,A01,138Â 293Â 791,2.0,-1.0,-1.0,1647404,2.0,34,,0.0,2.0,1.0,A01,138Â 293Â 791,1.0
965231,201900006762,6,8,14:50,1,1,1,1.0,1.0,66181,,M,"42,4457700","2,0160180",66,2019,80.0,1.0,1.0,2.0,2157481,1.0,1,3,1,5.0,,0.0,0,1973.0,A01,138Â 293Â 791,2.0,-1.0,-1.0,1647405,1.0,7,,0.0,2.0,1.0,B01,138Â 293Â 792,1.0
965231,201900006762,6,8,14:50,1,1,1,1.0,1.0,66181,,M,"42,4457700","2,0160180",66,2019,80.0,1.0,1.0,2.0,2157482,1.0,1,1,2,0.0,,0.0,0,1991.0,B01,138Â 293Â 792,1.0,-1.0,-1.0,1647404,2.0,34,,0.0,2.0,1.0,A01,138Â 293Â 791,1.0
965231,201900006762,6,8,14:50,1,1,1,1.0,1.0,66181,,M,"42,4457700","2,0160180",66,2019,80.0,1.0,1.0,2.0,2157482,1.0,1,1,2,0.0,,0.0,0,1991.0,B01,138Â 293Â 792,1.0,-1.0,-1.0,1647405,1.0,7,,0.0,2.0,1.0,B01,138Â 293Â 792,1.0
965232,201900006763,6,10,18:15,1,2,1,1.0,6.0,66003,26 Route de CÃ©ret,M,"42,4822011","2,6856709",66,2019,50.0,4.0,1.0,3.0,2157483,1.0,1,3,1,5.0,,0.0,0,1986.0,A01,138Â 293Â 790,1.0,-1.0,-1.0,1647406,2.0,7,,8.0,0.0,3.0,A01,138Â 293Â 790,1.0
965232,201900006763,6,10,18:15,1,2,1,1.0,6.0,66003,26 Route de CÃ©ret,M,"42,4822011","2,6856709",66,2019,50.0,4.0,1.0,3.0,2157484,2.0,2,4,1,5.0,,0.0,0,1967.0,A01,138Â 293Â 790,1.0,-1.0,-1.0,1647406,2.0,7,,8.0,0.0,3.0,A01,138Â 293Â 790,1.0
965232,201900006763,6,10,18:15,1,2,1,1.0,6.0,66003,26 Route de CÃ©ret,M,"42,4822011","2,6856709",66,2019,50.0,4.0,1.0,3.0,2157485,9.0,2,4,1,5.0,,0.0,0,1980.0,A01,138Â 293Â 790,1.0,-1.0,-1.0,1647406,2.0,7,,8.0,0.0,3.0,A01,138Â 293Â 790,1.0
965233,201900006764,6,9,22:30,3,1,1,8.0,4.0,54088,RD 904  - PK 24+56,M,"48,7490660","5,8643960",54,2019,80.0,1.0,1.0,3.0,2157486,1.0,1,3,2,5.0,,0.0,0,2000.0,A01,138Â 293Â 787,8.0,-1.0,-1.0,1647407,2.0,7,,0.0,2.0,1.0,A01,138Â 293Â 787,1.0
965233,201900006764,6,9,22:30,3,1,1,8.0,4.0,54088,RD 904  - PK 24+56,M,"48,7490660","5,8643960",54,2019,80.0,1.0,1.0,3.0,2157486,1.0,1,3,2,5.0,,0.0,0,2000.0,A01,138Â 293Â 787,8.0,-1.0,-1.0,1647408,1.0,7,,0.0,2.0,3.0,B01,138Â 293Â 788,1.0
965233,201900006764,6,9,22:30,3,1,1,8.0,4.0,54088,RD 904  - PK 24+56,M,"48,7490660","5,8643960",54,2019,80.0,1.0,1.0,3.0,2157486,1.0,1,3,2,5.0,,0.0,0,2000.0,A01,138Â 293Â 787,8.0,-1.0,-1.0,1647409,2.0,7,,0.0,2.0,1.0,C01,138Â 293Â 789,1.0
965233,201900006764,6,9,22:30,3,1,1,8.0,4.0,54088,RD 904  - PK 24+56,M,"48,7490660","5,8643960",54,2019,80.0,1.0,1.0,3.0,2157487,2.0,2,3,2,5.0,,0.0,0,1941.0,B01,138Â 293Â 788,1.0,-1.0,-1.0,1647407,2.0,7,,0.0,2.0,1.0,A01,138Â 293Â 787,1.0
965233,201900006764,6,9,22:30,3,1,1,8.0,4.0,54088,RD 904  - PK 24+56,M,"48,7490660","5,8643960",54,2019,80.0,1.0,1.0,3.0,2157487,2.0,2,3,2,5.0,,0.0,0,1941.0,B01,138Â 293Â 788,1.0,-1.0,-1.0,1647408,1.0,7,,0.0,2.0,3.0,B01,138Â 293Â 788,1.0
965233,201900006764,6,9,22:30,3,1,1,8.0,4.0,54088,RD 904  - PK 24+56,M,"48,7490660","5,8643960",54,2019,80.0,1.0,1.0,3.0,2157487,2.0,2,3,2,5.0,,0.0,0,1941.0,B01,138Â 293Â 788,1.0,-1.0,-1.0,1647409,2.0,7,,0.0,2.0,1.0,C01,138Â 293Â 789,1.0
965233,201900006764,6,9,22:30,3,1,1,8.0,4.0,54088,RD 904  - PK 24+56,M,"48,7490660","5,8643960",54,2019,80.0,1.0,1.0,3.0,2157488,1.0,1,3,1,5.0,,0.0,0,1940.0,B01,138Â 293Â 788,1.0,-1.0,-1.0,1647407,2.0,7,,0.0,2.0,1.0,A01,138Â 293Â 787,1.0
965233,201900006764,6,9,22:30,3,1,1,8.0,4.0,54088,RD 904  - PK 24+56,M,"48,7490660","5,8643960",54,2019,80.0,1.0,1.0,3.0,2157488,1.0,1,3,1,5.0,,0.0,0,1940.0,B01,138Â 293Â 788,1.0,-1.0,-1.0,1647408,1.0,7,,0.0,2.0,3.0,B01,138Â 293Â 788,1.0
965233,201900006764,6,9,22:30,3,1,1,8.0,4.0,54088,RD 904  - PK 24+56,M,"48,7490660","5,8643960",54,2019,80.0,1.0,1.0,3.0,2157488,1.0,1,3,1,5.0,,0.0,0,1940.0,B01,138Â 293Â 788,1.0,-1.0,-1.0,1647409,2.0,7,,0.0,2.0,1.0,C01,138Â 293Â 789,1.0
965233,201900006764,6,9,22:30,3,1,1,8.0,4.0,54088,RD 904  - PK 24+56,M,"48,7490660","5,8643960",54,2019,80.0,1.0,1.0,3.0,2157489,1.0,1,3,1,5.0,,0.0,0,1989.0,C01,138Â 293Â 789,8.0,-1.0,-1.0,1647407,2.0,7,,0.0,2.0,1.0,A01,138Â 293Â 787,1.0
965233,201900006764,6,9,22:30,3,1,1,8.0,4.0,54088,RD 904  - PK 24+56,M,"48,7490660","5,8643960",54,2019,80.0,1.0,1.0,3.0,2157489,1.0,1,3,1,5.0,,0.0,0,1989.0,C01,138Â 293Â 789,8.0,-1.0,-1.0,1647408,1.0,7,,0.0,2.0,3.0,B01,138Â 293Â 788,1.0
965233,201900006764,6,9,22:30,3,1,1,8.0,4.0,54088,RD 904  - PK 24+56,M,"48,7490660","5,8643960",54,2019,80.0,1.0,1.0,3.0,2157489,1.0,1,3,1,5.0,,0.0,0,1989.0,C01,138Â 293Â 789,8.0,-1.0,-1.0,1647409,2.0,7,,0.0,2.0,1.0,C01,138Â 293Â 789,1.0
965234,201900006765,6,3,01:45,3,1,4,1.0,7.0,54600,D21,M,"48,6626650","6,7003370",54,2019,80.0,3.0,1.0,3.0,2157490,4.0,2,1,1,1.0,,0.0,0,1996.0,A01,138Â 293Â 786,8.0,-1.0,-1.0,1647410,1.0,10,,13.0,0.0,1.0,A01,138Â 293Â 786,0.0
965234,201900006765,6,3,01:45,3,1,4,1.0,7.0,54600,D21,M,"48,6626650","6,7003370",54,2019,80.0,3.0,1.0,3.0,2157491,7.0,2,3,1,1.0,,0.0,0,1975.0,A01,138Â 293Â 786,8.0,-1.0,-1.0,1647410,1.0,10,,13.0,0.0,1.0,A01,138Â 293Â 786,0.0
965234,201900006765,6,3,01:45,3,1,4,1.0,7.0,54600,D21,M,"48,6626650","6,7003370",54,2019,80.0,3.0,1.0,3.0,2157492,1.0,1,1,1,1.0,,0.0,0,1990.0,A01,138Â 293Â 786,8.0,-1.0,-1.0,1647410,1.0,10,,13.0,0.0,1.0,A01,138Â 293Â 786,0.0
965234,201900006765,6,3,01:45,3,1,4,1.0,7.0,54600,D21,M,"48,6626650","6,7003370",54,2019,80.0,3.0,1.0,3.0,2157493,6.0,2,3,1,1.0,,0.0,0,1999.0,A01,138Â 293Â 786,8.0,-1.0,-1.0,1647410,1.0,10,,13.0,0.0,1.0,A01,138Â 293Â 786,0.0
965234,201900006765,6,3,01:45,3,1,4,1.0,7.0,54600,D21,M,"48,6626650","6,7003370",54,2019,80.0,3.0,1.0,3.0,2157494,3.0,2,3,2,1.0,,0.0,0,1978.0,A01,138Â 293Â 786,8.0,-1.0,-1.0,1647410,1.0,10,,13.0,0.0,1.0,A01,138Â 293Â 786,0.0
965234,201900006765,6,3,01:45,3,1,4,1.0,7.0,54600,D21,M,"48,6626650","6,7003370",54,2019,80.0,3.0,1.0,3.0,2157495,5.0,2,1,1,1.0,,0.0,0,1997.0,A01,138Â 293Â 786,8.0,-1.0,-1.0,1647410,1.0,10,,13.0,0.0,1.0,A01,138Â 293Â 786,0.0
965234,201900006765,6,3,01:45,3,1,4,1.0,7.0,54600,D21,M,"48,6626650","6,7003370",54,2019,80.0,3.0,1.0,3.0,2157496,9.0,2,3,1,1.0,,0.0,0,1989.0,A01,138Â 293Â 786,8.0,-1.0,-1.0,1647410,1.0,10,,13.0,0.0,1.0,A01,138Â 293Â 786,0.0
965234,201900006765,6,3,01:45,3,1,4,1.0,7.0,54600,D21,M,"48,6626650","6,7003370",54,2019,80.0,3.0,1.0,3.0,2157497,2.0,2,3,1,1.0,,0.0,0,1993.0,A01,138Â 293Â 786,8.0,-1.0,-1.0,1647410,1.0,10,,13.0,0.0,1.0,A01,138Â 293Â 786,0.0
965235,201900006766,6,19,03:00,3,1,1,1.0,7.0,54491,D906,M,"49,3466640","5,9119290",54,2019,80.0,3.0,1.0,3.0,2157498,2.0,2,4,1,9.0,,0.0,0,2001.0,A01,138Â 293Â 785,5.0,-1.0,-1.0,1647411,2.0,7,,3.0,0.0,1.0,A01,138Â 293Â 785,1.0
965235,201900006766,6,19,03:00,3,1,1,1.0,7.0,54491,D906,M,"49,3466640","5,9119290",54,2019,80.0,3.0,1.0,3.0,2157499,7.0,2,4,1,9.0,,0.0,0,2004.0,A01,138Â 293Â 785,0.0,-1.0,-1.0,1647411,2.0,7,,3.0,0.0,1.0,A01,138Â 293Â 785,1.0
965235,201900006766,6,19,03:00,3,1,1,1.0,7.0,54491,D906,M,"49,3466640","5,9119290",54,2019,80.0,3.0,1.0,3.0,2157500,9.0,2,4,1,9.0,,0.0,0,2002.0,A01,138Â 293Â 785,0.0,-1.0,-1.0,1647411,2.0,7,,3.0,0.0,1.0,A01,138Â 293Â 785,1.0
965235,201900006766,6,19,03:00,3,1,1,1.0,7.0,54491,D906,M,"49,3466640","5,9119290",54,2019,80.0,3.0,1.0,3.0,2157501,1.0,1,1,1,0.0,,0.0,0,2000.0,A01,138Â 293Â 785,1.0,5.0,-1.0,1647411,2.0,7,,3.0,0.0,1.0,A01,138Â 293Â 785,1.0
965236,201900006767,6,8,16:50,1,2,1,6.0,1.0,54029,Rue Lucien Michel,M,"49,3738230","5,9012180",54,2019,50.0,1.0,1.0,3.0,2157502,1.0,1,3,1,5.0,,0.0,0,1972.0,B01,138Â 293Â 783,1.0,-1.0,-1.0,1647412,2.0,7,,0.0,2.0,3.0,B01,138Â 293Â 783,0.0
965236,201900006767,6,8,16:50,1,2,1,6.0,1.0,54029,Rue Lucien Michel,M,"49,3738230","5,9012180",54,2019,50.0,1.0,1.0,3.0,2157502,1.0,1,3,1,5.0,,0.0,0,1972.0,B01,138Â 293Â 783,1.0,-1.0,-1.0,1647413,1.0,7,,0.0,2.0,3.0,A01,138Â 293Â 784,0.0
965236,201900006767,6,8,16:50,1,2,1,6.0,1.0,54029,Rue Lucien Michel,M,"49,3738230","5,9012180",54,2019,50.0,1.0,1.0,3.0,2157503,1.0,1,1,1,5.0,,0.0,0,1994.0,A01,138Â 293Â 784,1.0,-1.0,-1.0,1647412,2.0,7,,0.0,2.0,3.0,B01,138Â 293Â 783,0.0
965236,201900006767,6,8,16:50,1,2,1,6.0,1.0,54029,Rue Lucien Michel,M,"49,3738230","5,9012180",54,2019,50.0,1.0,1.0,3.0,2157503,1.0,1,1,1,5.0,,0.0,0,1994.0,A01,138Â 293Â 784,1.0,-1.0,-1.0,1647413,1.0,7,,0.0,2.0,3.0,A01,138Â 293Â 784,0.0
965237,201900006768,6,5,16:25,1,1,1,1.0,1.0,72138,RD338,M,"48,2709180","0,1094340",72,2019,80.0,1.0,1.0,3.0,2157504,1.0,1,1,1,4.0,,0.0,0,1988.0,B01,138Â 293Â 781,1.0,-1.0,-1.0,1647414,2.0,14,,0.0,2.0,3.0,B01,138Â 293Â 781,0.0
965237,201900006768,6,5,16:25,1,1,1,1.0,1.0,72138,RD338,M,"48,2709180","0,1094340",72,2019,80.0,1.0,1.0,3.0,2157504,1.0,1,1,1,4.0,,0.0,0,1988.0,B01,138Â 293Â 781,1.0,-1.0,-1.0,1647415,1.0,7,,15.0,2.0,1.0,A01,138Â 293Â 782,0.0
965237,201900006768,6,5,16:25,1,1,1,1.0,1.0,72138,RD338,M,"48,2709180","0,1094340",72,2019,80.0,1.0,1.0,3.0,2157505,2.0,2,1,1,4.0,,0.0,0,1972.0,B01,138Â 293Â 781,1.0,-1.0,-1.0,1647414,2.0,14,,0.0,2.0,3.0,B01,138Â 293Â 781,0.0
965237,201900006768,6,5,16:25,1,1,1,1.0,1.0,72138,RD338,M,"48,2709180","0,1094340",72,2019,80.0,1.0,1.0,3.0,2157505,2.0,2,1,1,4.0,,0.0,0,1972.0,B01,138Â 293Â 781,1.0,-1.0,-1.0,1647415,1.0,7,,15.0,2.0,1.0,A01,138Â 293Â 782,0.0
965237,201900006768,6,5,16:25,1,1,1,1.0,1.0,72138,RD338,M,"48,2709180","0,1094340",72,2019,80.0,1.0,1.0,3.0,2157506,1.0,1,2,2,5.0,,0.0,0,1984.0,A01,138Â 293Â 782,1.0,-1.0,-1.0,1647414,2.0,14,,0.0,2.0,3.0,B01,138Â 293Â 781,0.0
965237,201900006768,6,5,16:25,1,1,1,1.0,1.0,72138,RD338,M,"48,2709180","0,1094340",72,2019,80.0,1.0,1.0,3.0,2157506,1.0,1,2,2,5.0,,0.0,0,1984.0,A01,138Â 293Â 782,1.0,-1.0,-1.0,1647415,1.0,7,,15.0,2.0,1.0,A01,138Â 293Â 782,0.0
965238,201900006769,6,10,15:39,1,2,1,1.0,6.0,72080,1 Rue des Petits Fourneaux,M,"48,1803240","0,6648810",72,2019,50.0,3.0,1.0,3.0,2157507,1.0,1,3,1,0.0,,0.0,0,1992.0,A01,138Â 293Â 780,2.0,6.0,9.0,1647416,1.0,33,,6.0,0.0,7.0,A01,138Â 293Â 780,1.0
965239,201900006770,6,9,11:00,1,1,3,1.0,3.0,72277,intersection D7 / D80,M,"48,1498180","0,5066030",72,2019,80.0,1.0,1.0,3.0,2157508,1.0,1,1,1,5.0,,0.0,0,1999.0,B01,138Â 293Â 778,1.0,-1.0,-1.0,1647417,2.0,7,,0.0,2.0,2.0,B01,138Â 293Â 778,1.0
965239,201900006770,6,9,11:00,1,1,3,1.0,3.0,72277,intersection D7 / D80,M,"48,1498180","0,5066030",72,2019,80.0,1.0,1.0,3.0,2157508,1.0,1,1,1,5.0,,0.0,0,1999.0,B01,138Â 293Â 778,1.0,-1.0,-1.0,1647418,1.0,1,,0.0,2.0,8.0,A01,138Â 293Â 779,0.0
965239,201900006770,6,9,11:00,1,1,3,1.0,3.0,72277,intersection D7 / D80,M,"48,1498180","0,5066030",72,2019,80.0,1.0,1.0,3.0,2157509,1.0,1,3,1,5.0,,0.0,0,1936.0,A01,138Â 293Â 779,8.0,-1.0,-1.0,1647417,2.0,7,,0.0,2.0,2.0,B01,138Â 293Â 778,1.0
965239,201900006770,6,9,11:00,1,1,3,1.0,3.0,72277,intersection D7 / D80,M,"48,1498180","0,5066030",72,2019,80.0,1.0,1.0,3.0,2157509,1.0,1,3,1,5.0,,0.0,0,1936.0,A01,138Â 293Â 779,8.0,-1.0,-1.0,1647418,1.0,1,,0.0,2.0,8.0,A01,138Â 293Â 779,0.0
965240,201900006771,6,11,16:37,1,1,1,2.0,1.0,72134,La Bretellerie,M,"47,7364280","0,4396040",72,2019,80.0,1.0,2.0,4.0,2157510,1.0,1,4,1,0.0,,0.0,0,1951.0,A01,138Â 293Â 772,1.0,-1.0,-1.0,1647419,3.0,7,,0.0,2.0,3.0,A01,138Â 293Â 772,0.0
965240,201900006771,6,11,16:37,1,1,1,2.0,1.0,72134,La Bretellerie,M,"47,7364280","0,4396040",72,2019,80.0,1.0,2.0,4.0,2157510,1.0,1,4,1,0.0,,0.0,0,1951.0,A01,138Â 293Â 772,1.0,-1.0,-1.0,1647420,3.0,7,,0.0,2.0,3.0,B01,138Â 293Â 773,0.0
965240,201900006771,6,11,16:37,1,1,1,2.0,1.0,72134,La Bretellerie,M,"47,7364280","0,4396040",72,2019,80.0,1.0,2.0,4.0,2157511,1.0,1,4,1,3.0,,0.0,0,1941.0,B01,138Â 293Â 773,1.0,-1.0,-1.0,1647419,3.0,7,,0.0,2.0,3.0,A01,138Â 293Â 772,0.0
965240,201900006771,6,11,16:37,1,1,1,2.0,1.0,72134,La Bretellerie,M,"47,7364280","0,4396040",72,2019,80.0,1.0,2.0,4.0,2157511,1.0,1,4,1,3.0,,0.0,0,1941.0,B01,138Â 293Â 773,1.0,-1.0,-1.0,1647420,3.0,7,,0.0,2.0,3.0,B01,138Â 293Â 773,0.0
965240,201900006771,6,11,16:37,1,1,1,2.0,1.0,72134,La Bretellerie,M,"47,7364280","0,4396040",72,2019,80.0,1.0,2.0,4.0,2157512,2.0,2,4,2,3.0,,0.0,0,1943.0,B01,138Â 293Â 773,1.0,-1.0,-1.0,1647419,3.0,7,,0.0,2.0,3.0,A01,138Â 293Â 772,0.0
965240,201900006771,6,11,16:37,1,1,1,2.0,1.0,72134,La Bretellerie,M,"47,7364280","0,4396040",72,2019,80.0,1.0,2.0,4.0,2157512,2.0,2,4,2,3.0,,0.0,0,1943.0,B01,138Â 293Â 773,1.0,-1.0,-1.0,1647420,3.0,7,,0.0,2.0,3.0,B01,138Â 293Â 773,0.0
965241,201900006772,6,2,19:10,1,2,1,1.0,3.0,72269,53 Grande Rue,M,"47,9193580","0,7452720",72,2019,50.0,1.0,1.0,9.0,2157513,1.0,1,1,1,1.0,,0.0,0,1994.0,A01,138Â 293Â 766,1.0,-1.0,-1.0,1647421,3.0,7,,0.0,2.0,2.0,A01,138Â 293Â 766,1.0
965241,201900006772,6,2,19:10,1,2,1,1.0,3.0,72269,53 Grande Rue,M,"47,9193580","0,7452720",72,2019,50.0,1.0,1.0,9.0,2157513,1.0,1,1,1,1.0,,0.0,0,1994.0,A01,138Â 293Â 766,1.0,-1.0,-1.0,1647422,3.0,2,,0.0,2.0,1.0,B01,138Â 293Â 767,1.0
965241,201900006772,6,2,19:10,1,2,1,1.0,3.0,72269,53 Grande Rue,M,"47,9193580","0,7452720",72,2019,50.0,1.0,1.0,9.0,2157514,1.0,1,3,1,5.0,,0.0,0,2002.0,B01,138Â 293Â 767,2.0,-1.0,-1.0,1647421,3.0,7,,0.0,2.0,2.0,A01,138Â 293Â 766,1.0
965241,201900006772,6,2,19:10,1,2,1,1.0,3.0,72269,53 Grande Rue,M,"47,9193580","0,7452720",72,2019,50.0,1.0,1.0,9.0,2157514,1.0,1,3,1,5.0,,0.0,0,2002.0,B01,138Â 293Â 767,2.0,-1.0,-1.0,1647422,3.0,2,,0.0,2.0,1.0,B01,138Â 293Â 767,1.0
965242,201900006773,6,12,16:45,1,2,1,8.0,6.0,72147,3 Rue de la Gare,M,"48,1141690","0,1917860",72,2019,50.0,4.0,1.0,3.0,2157515,1.0,1,3,1,5.0,,0.0,0,1989.0,A01,138Â 293Â 765,0.0,-1.0,-1.0,1647423,2.0,7,,6.0,0.0,1.0,A01,138Â 293Â 765,0.0
965243,201900006774,6,14,22:00,2,2,1,1.0,6.0,72168,D21,M,"47,9921960"," -0,1591300",72,2019,50.0,6.0,1.0,3.0,2157516,1.0,1,3,1,5.0,,0.0,0,2001.0,A01,138Â 293Â 761,0.0,-1.0,-1.0,1647424,1.0,2,,8.0,0.0,1.0,A01,138Â 293Â 761,1.0
965244,201900006775,6,9,23:08,3,1,1,1.0,2.0,06150,D 37,M,"43,7341690","7,3961130",6,2019,90.0,1.0,1.0,3.0,2157517,1.0,1,4,1,5.0,,0.0,0,2000.0,A01,138Â 293Â 759,2.0,-1.0,-1.0,1647425,2.0,33,,0.0,0.0,4.0,A01,138Â 293Â 759,1.0
965244,201900006775,6,9,23:08,3,1,1,1.0,2.0,06150,D 37,M,"43,7341690","7,3961130",6,2019,90.0,1.0,1.0,3.0,2157517,1.0,1,4,1,5.0,,0.0,0,2000.0,A01,138Â 293Â 759,2.0,-1.0,-1.0,1647426,2.0,33,,0.0,2.0,1.0,B01,138Â 293Â 760,1.0
965244,201900006775,6,9,23:08,3,1,1,1.0,2.0,06150,D 37,M,"43,7341690","7,3961130",6,2019,90.0,1.0,1.0,3.0,2157518,2.0,2,1,1,5.0,,0.0,0,2000.0,B01,138Â 293Â 760,2.0,-1.0,-1.0,1647425,2.0,33,,0.0,0.0,4.0,A01,138Â 293Â 759,1.0
965244,201900006775,6,9,23:08,3,1,1,1.0,2.0,06150,D 37,M,"43,7341690","7,3961130",6,2019,90.0,1.0,1.0,3.0,2157518,2.0,2,1,1,5.0,,0.0,0,2000.0,B01,138Â 293Â 760,2.0,-1.0,-1.0,1647426,2.0,33,,0.0,2.0,1.0,B01,138Â 293Â 760,1.0
965244,201900006775,6,9,23:08,3,1,1,1.0,2.0,06150,D 37,M,"43,7341690","7,3961130",6,2019,90.0,1.0,1.0,3.0,2157519,1.0,1,3,1,5.0,,0.0,0,1998.0,B01,138Â 293Â 760,2.0,-1.0,-1.0,1647425,2.0,33,,0.0,0.0,4.0,A01,138Â 293Â 759,1.0
965244,201900006775,6,9,23:08,3,1,1,1.0,2.0,06150,D 37,M,"43,7341690","7,3961130",6,2019,90.0,1.0,1.0,3.0,2157519,1.0,1,3,1,5.0,,0.0,0,1998.0,B01,138Â 293Â 760,2.0,-1.0,-1.0,1647426,2.0,33,,0.0,2.0,1.0,B01,138Â 293Â 760,1.0
965245,201900006776,6,7,15:00,1,2,1,1.0,7.0,06032,M6098,M,"43,7218180","7,4045720",6,2019,50.0,1.0,1.0,7.0,2157520,1.0,1,3,1,0.0,,0.0,0,1992.0,A01,138Â 293Â 758,2.0,-1.0,-1.0,1647427,0.0,2,,6.0,0.0,3.0,A01,138Â 293Â 758,1.0
965246,201900006777,5,28,19:55,1,1,1,1.0,7.0,06150,D37,M,"43,7452650","7,4001281",6,2019,80.0,3.0,1.0,3.0,2157521,1.0,1,3,1,1.0,,0.0,0,1956.0,A01,138Â 293Â 757,2.0,6.0,-1.0,1647428,1.0,34,,13.0,0.0,7.0,A01,138Â 293Â 757,1.0