Unnamed: 0_x,num_acc,mois,jour,hrmn,lum,agg,int,atm,col,com,adr,gps,lat,long,dep,annee,vma,situ,surf,catr,Unnamed: 0_y,place,catu,grav,sexe,trajet,secu,locp,actp,an_nais,num_veh_x,id_vehicule_x,secu1,secu2,secu3,Unnamed: 0,senc,catv,occutc,obs,obsm,choc,num_veh_y,id_vehicule_y,motor
965247,201900006778,6,16,20:55,2,1,1,1.0,7.0,06162,chemin de la pinet,M,"44,0620330","7,6550220",6,2019,20.0,8.0,1.0,3.0,2157522,1.0,1,4,1,5.0,,0.0,0,1992.0,A01,138Â 293Â 756,1.0,-1.0,-1.0,1647429,3.0,7,,0.0,0.0,0.0,A01,138Â 293Â 756,1.0
965247,201900006778,6,16,20:55,2,1,1,1.0,7.0,06162,chemin de la pinet,M,"44,0620330","7,6550220",6,2019,20.0,8.0,1.0,3.0,2157523,9.0,2,1,2,5.0,,0.0,0,1986.0,A01,138Â 293Â 756,1.0,-1.0,-1.0,1647429,3.0,7,,0.0,0.0,0.0,A01,138Â 293Â 756,1.0
965247,201900006778,6,16,20:55,2,1,1,1.0,7.0,06162,chemin de la pinet,M,"44,0620330","7,6550220",6,2019,20.0,8.0,1.0,3.0,2157524,2.0,2,1,1,5.0,,0.0,0,1994.0,A01,138Â 293Â 756,1.0,-1.0,-1.0,1647429,3.0,7,,0.0,0.0,0.0,A01,138Â 293Â 756,1.0
965248,201900006779,6,7,09:15,1,2,9,1.0,6.0,06105,2500 Route de Grasse,M,"43,6621490","7,0627457",6,2019,50.0,1.0,1.0,3.0,2157525,1.0,1,1,2,5.0,,0.0,0,1989.0,A01,138Â 293Â 755,1.0,-1.0,-1.0,1647430,3.0,7,,0.0,1.0,1.0,A01,138Â 293Â 755,1.0
965248,201900006779,6,7,09:15,1,2,9,1.0,6.0,06105,2500 Route de Grasse,M,"43,6621490","7,0627457",6,2019,50.0,1.0,1.0,3.0,2157526,10.0,3,3,1,0.0,,3.0,3,1946.0,A01,138Â 293Â 755,0.0,-1.0,-1.0,1647430,3.0,7,,0.0,1.0,1.0,A01,138Â 293Â 755,1.0
965249,201900006780,6,3,07:35,1,2,1,1.0,3.0,06105,RD 2085 quartier des claps,M,"43,6664088","7,0500959",6,2019,50.0,1.0,1.0,3.0,2157527,1.0,1,1,1,2.0,,0.0,0,2004.0,A01,138Â 293Â 753,1.0,-1.0,-1.0,1647431,0.0,3,,0.0,2.0,8.0,A01,138Â 293Â 753,1.0
965249,201900006780,6,3,07:35,1,2,1,1.0,3.0,06105,RD 2085 quartier des claps,M,"43,6664088","7,0500959",6,2019,50.0,1.0,1.0,3.0,2157527,1.0,1,1,1,2.0,,0.0,0,2004.0,A01,138Â 293Â 753,1.0,-1.0,-1.0,1647432,1.0,33,,0.0,2.0,1.0,B01,138Â 293Â 754,1.0
965249,201900006780,6,3,07:35,1,2,1,1.0,3.0,06105,RD 2085 quartier des claps,M,"43,6664088","7,0500959",6,2019,50.0,1.0,1.0,3.0,2157528,1.0,1,4,2,1.0,,0.0,0,1981.0,B01,138Â 293Â 754,2.0,6.0,-1.0,1647431,0.0,3,,0.0,2.0,8.0,A01,138Â 293Â 753,1.0
965249,201900006780,6,3,07:35,1,2,1,1.0,3.0,06105,RD 2085 quartier des claps,M,"43,6664088","7,0500959",6,2019,50.0,1.0,1.0,3.0,2157528,1.0,1,4,2,1.0,,0.0,0,1981.0,B01,138Â 293Â 754,2.0,6.0,-1.0,1647432,1.0,33,,0.0,2.0,1.0,B01,138Â 293Â 754,1.0
965250,201900006781,5,4,12:35,1,2,9,2.0,3.0,06112,route de nice,M,"43,6739691","7,0047599",6,2019,50.0,1.0,1.0,3.0,2157529,1.0,1,1,1,3.0,,0.0,0,1955.0,A01,138Â 293Â 751,1.0,-1.0,-1.0,1647433,1.0,7,,0.0,0.0,2.0,A01,138Â 293Â 751,0.0
965250,201900006781,5,4,12:35,1,2,9,2.0,3.0,06112,route de nice,M,"43,6739691","7,0047599",6,2019,50.0,1.0,1.0,3.0,2157529,1.0,1,1,1,3.0,,0.0,0,1955.0,A01,138Â 293Â 751,1.0,-1.0,-1.0,1647434,2.0,1,,0.0,2.0,1.0,B01,138Â 293Â 752,6.0
965250,201900006781,5,4,12:35,1,2,9,2.0,3.0,06112,route de nice,M,"43,6739691","7,0047599",6,2019,50.0,1.0,1.0,3.0,2157530,1.0,1,3,1,5.0,,0.0,0,1972.0,B01,138Â 293Â 752,2.0,-1.0,-1.0,1647433,1.0,7,,0.0,0.0,2.0,A01,138Â 293Â 751,0.0
965250,201900006781,5,4,12:35,1,2,9,2.0,3.0,06112,route de nice,M,"43,6739691","7,0047599",6,2019,50.0,1.0,1.0,3.0,2157530,1.0,1,3,1,5.0,,0.0,0,1972.0,B01,138Â 293Â 752,2.0,-1.0,-1.0,1647434,2.0,1,,0.0,2.0,1.0,B01,138Â 293Â 752,6.0
965251,201900006782,6,12,17:20,1,2,1,1.0,3.0,06079,Avenue de FrÃ©jus Paul Ricard,M,"43,5299371","6,9288946",6,2019,50.0,1.0,1.0,3.0,2157531,1.0,1,3,1,5.0,,0.0,0,1956.0,B01,138Â 293Â 749,2.0,-1.0,-1.0,1647435,0.0,34,,0.0,2.0,1.0,B01,138Â 293Â 749,1.0
965251,201900006782,6,12,17:20,1,2,1,1.0,3.0,06079,Avenue de FrÃ©jus Paul Ricard,M,"43,5299371","6,9288946",6,2019,50.0,1.0,1.0,3.0,2157531,1.0,1,3,1,5.0,,0.0,0,1956.0,B01,138Â 293Â 749,2.0,-1.0,-1.0,1647436,0.0,7,,0.0,2.0,6.0,A01,138Â 293Â 750,1.0
965251,201900006782,6,12,17:20,1,2,1,1.0,3.0,06079,Avenue de FrÃ©jus Paul Ricard,M,"43,5299371","6,9288946",6,2019,50.0,1.0,1.0,3.0,2157532,1.0,1,1,1,5.0,,0.0,0,1994.0,A01,138Â 293Â 750,1.0,-1.0,-1.0,1647435,0.0,34,,0.0,2.0,1.0,B01,138Â 293Â 749,1.0
965251,201900006782,6,12,17:20,1,2,1,1.0,3.0,06079,Avenue de FrÃ©jus Paul Ricard,M,"43,5299371","6,9288946",6,2019,50.0,1.0,1.0,3.0,2157532,1.0,1,1,1,5.0,,0.0,0,1994.0,A01,138Â 293Â 750,1.0,-1.0,-1.0,1647436,0.0,7,,0.0,2.0,6.0,A01,138Â 293Â 750,1.0
965252,201900006783,6,1,14:10,1,2,1,1.0,6.0,06079,787 avenue de cannes,M,"43,5445682","6,9376197",6,2019,50.0,1.0,1.0,3.0,2157533,10.0,3,4,2,9.0,,3.0,3,2001.0,A01,138Â 293Â 748,0.0,-1.0,-1.0,1647437,3.0,2,,0.0,1.0,1.0,A01,138Â 293Â 748,6.0
965252,201900006783,6,1,14:10,1,2,1,1.0,6.0,06079,787 avenue de cannes,M,"43,5445682","6,9376197",6,2019,50.0,1.0,1.0,3.0,2157534,1.0,1,1,1,4.0,,0.0,0,2000.0,A01,138Â 293Â 748,2.0,-1.0,-1.0,1647437,3.0,2,,0.0,1.0,1.0,A01,138Â 293Â 748,6.0
965253,201900006784,6,3,18:50,1,1,2,1.0,3.0,14431,D40 / D232,M,"49,0685040"," -0,1303560",14,2019,80.0,1.0,1.0,3.0,2157535,1.0,1,4,1,1.0,,0.0,0,1985.0,B01,138Â 293Â 746,1.0,-1.0,-1.0,1647438,2.0,7,,0.0,2.0,1.0,B01,138Â 293Â 746,1.0
965253,201900006784,6,3,18:50,1,1,2,1.0,3.0,14431,D40 / D232,M,"49,0685040"," -0,1303560",14,2019,80.0,1.0,1.0,3.0,2157535,1.0,1,4,1,1.0,,0.0,0,1985.0,B01,138Â 293Â 746,1.0,-1.0,-1.0,1647439,1.0,7,,0.0,2.0,8.0,A01,138Â 293Â 747,1.0
965253,201900006784,6,3,18:50,1,1,2,1.0,3.0,14431,D40 / D232,M,"49,0685040"," -0,1303560",14,2019,80.0,1.0,1.0,3.0,2157536,2.0,2,4,2,5.0,,0.0,0,1958.0,A01,138Â 293Â 747,1.0,-1.0,-1.0,1647438,2.0,7,,0.0,2.0,1.0,B01,138Â 293Â 746,1.0
965253,201900006784,6,3,18:50,1,1,2,1.0,3.0,14431,D40 / D232,M,"49,0685040"," -0,1303560",14,2019,80.0,1.0,1.0,3.0,2157536,2.0,2,4,2,5.0,,0.0,0,1958.0,A01,138Â 293Â 747,1.0,-1.0,-1.0,1647439,1.0,7,,0.0,2.0,8.0,A01,138Â 293Â 747,1.0
965253,201900006784,6,3,18:50,1,1,2,1.0,3.0,14431,D40 / D232,M,"49,0685040"," -0,1303560",14,2019,80.0,1.0,1.0,3.0,2157537,1.0,1,1,1,5.0,,0.0,0,1951.0,A01,138Â 293Â 747,1.0,-1.0,-1.0,1647438,2.0,7,,0.0,2.0,1.0,B01,138Â 293Â 746,1.0
965253,201900006784,6,3,18:50,1,1,2,1.0,3.0,14431,D40 / D232,M,"49,0685040"," -0,1303560",14,2019,80.0,1.0,1.0,3.0,2157537,1.0,1,1,1,5.0,,0.0,0,1951.0,A01,138Â 293Â 747,1.0,-1.0,-1.0,1647439,1.0,7,,0.0,2.0,8.0,A01,138Â 293Â 747,1.0
965254,201900006785,6,3,17:30,1,1,1,1.0,6.0,14173,D183,M,"49,0457530"," -0,1486160",14,2019,80.0,3.0,1.0,3.0,2157538,1.0,1,3,1,1.0,,0.0,0,1997.0,A01,138Â 293Â 745,1.0,-1.0,-1.0,1647440,1.0,7,,2.0,0.0,1.0,A01,138Â 293Â 745,1.0
965255,201900006786,6,6,18:00,1,1,9,1.0,7.0,14005,Les Pedouzes (Moult),M,"49,1209100"," -0,1311750",14,2019,80.0,1.0,1.0,4.0,2157539,1.0,1,3,1,5.0,,0.0,0,1957.0,A01,138Â 293Â 744,2.0,6.0,-1.0,1647441,1.0,31,,0.0,0.0,8.0,A01,138Â 293Â 744,1.0
965256,201900006787,6,2,15:05,1,1,9,1.0,3.0,14057,D613 ,M,"49,1335790"," -0,2267650",14,2019,80.0,1.0,1.0,3.0,2157540,2.0,2,4,2,5.0,,0.0,0,1987.0,A01,138Â 293Â 742,2.0,6.0,-1.0,1647442,2.0,33,,0.0,2.0,1.0,A01,138Â 293Â 742,1.0
965256,201900006787,6,2,15:05,1,1,9,1.0,3.0,14057,D613 ,M,"49,1335790"," -0,2267650",14,2019,80.0,1.0,1.0,3.0,2157540,2.0,2,4,2,5.0,,0.0,0,1987.0,A01,138Â 293Â 742,2.0,6.0,-1.0,1647443,2.0,7,,0.0,2.0,3.0,B01,138Â 293Â 743,1.0
965256,201900006787,6,2,15:05,1,1,9,1.0,3.0,14057,D613 ,M,"49,1335790"," -0,2267650",14,2019,80.0,1.0,1.0,3.0,2157541,1.0,1,4,1,5.0,,0.0,0,1974.0,A01,138Â 293Â 742,2.0,6.0,-1.0,1647442,2.0,33,,0.0,2.0,1.0,A01,138Â 293Â 742,1.0
965256,201900006787,6,2,15:05,1,1,9,1.0,3.0,14057,D613 ,M,"49,1335790"," -0,2267650",14,2019,80.0,1.0,1.0,3.0,2157541,1.0,1,4,1,5.0,,0.0,0,1974.0,A01,138Â 293Â 742,2.0,6.0,-1.0,1647443,2.0,7,,0.0,2.0,3.0,B01,138Â 293Â 743,1.0
965256,201900006787,6,2,15:05,1,1,9,1.0,3.0,14057,D613 ,M,"49,1335790"," -0,2267650",14,2019,80.0,1.0,1.0,3.0,2157542,2.0,2,1,2,5.0,,0.0,0,2008.0,B01,138Â 293Â 743,1.0,-1.0,-1.0,1647442,2.0,33,,0.0,2.0,1.0,A01,138Â 293Â 742,1.0
965256,201900006787,6,2,15:05,1,1,9,1.0,3.0,14057,D613 ,M,"49,1335790"," -0,2267650",14,2019,80.0,1.0,1.0,3.0,2157542,2.0,2,1,2,5.0,,0.0,0,2008.0,B01,138Â 293Â 743,1.0,-1.0,-1.0,1647443,2.0,7,,0.0,2.0,3.0,B01,138Â 293Â 743,1.0
965256,201900006787,6,2,15:05,1,1,9,1.0,3.0,14057,D613 ,M,"49,1335790"," -0,2267650",14,2019,80.0,1.0,1.0,3.0,2157543,7.0,2,1,2,5.0,,0.0,0,2009.0,B01,138Â 293Â 743,1.0,-1.0,-1.0,1647442,2.0,33,,0.0,2.0,1.0,A01,138Â 293Â 742,1.0
965256,201900006787,6,2,15:05,1,1,9,1.0,3.0,14057,D613 ,M,"49,1335790"," -0,2267650",14,2019,80.0,1.0,1.0,3.0,2157543,7.0,2,1,2,5.0,,0.0,0,2009.0,B01,138Â 293Â 743,1.0,-1.0,-1.0,1647443,2.0,7,,0.0,2.0,3.0,B01,138Â 293Â 743,1.0
965256,201900006787,6,2,15:05,1,1,9,1.0,3.0,14057,D613 ,M,"49,1335790"," -0,2267650",14,2019,80.0,1.0,1.0,3.0,2157544,1.0,1,1,2,5.0,,0.0,0,1968.0,B01,138Â 293Â 743,1.0,-1.0,-1.0,1647442,2.0,33,,0.0,2.0,1.0,A01,138Â 293Â 742,1.0
965256,201900006787,6,2,15:05,1,1,9,1.0,3.0,14057,D613 ,M,"49,1335790"," -0,2267650",14,2019,80.0,1.0,1.0,3.0,2157544,1.0,1,1,2,5.0,,0.0,0,1968.0,B01,138Â 293Â 743,1.0,-1.0,-1.0,1647443,2.0,7,,0.0,2.0,3.0,B01,138Â 293Â 743,1.0
965257,201900006788,6,14,16:15,1,1,3,1.0,1.0,14024,ROUTE DE DIVES,M,"49,3083310"," -0,0212540",14,2019,80.0,1.0,1.0,3.0,2157545,1.0,1,3,1,5.0,,0.0,0,1969.0,B01,138Â 293Â 740,2.0,-1.0,-1.0,1647444,2.0,33,,0.0,2.0,1.0,B01,138Â 293Â 740,1.0
965257,201900006788,6,14,16:15,1,1,3,1.0,1.0,14024,ROUTE DE DIVES,M,"49,3083310"," -0,0212540",14,2019,80.0,1.0,1.0,3.0,2157545,1.0,1,3,1,5.0,,0.0,0,1969.0,B01,138Â 293Â 740,2.0,-1.0,-1.0,1647445,0.0,7,,0.0,2.0,1.0,A01,138Â 293Â 741,1.0
965257,201900006788,6,14,16:15,1,1,3,1.0,1.0,14024,ROUTE DE DIVES,M,"49,3083310"," -0,0212540",14,2019,80.0,1.0,1.0,3.0,2157546,1.0,1,1,2,5.0,,0.0,0,1941.0,A01,138Â 293Â 741,1.0,-1.0,-1.0,1647444,2.0,33,,0.0,2.0,1.0,B01,138Â 293Â 740,1.0
965257,201900006788,6,14,16:15,1,1,3,1.0,1.0,14024,ROUTE DE DIVES,M,"49,3083310"," -0,0212540",14,2019,80.0,1.0,1.0,3.0,2157546,1.0,1,1,2,5.0,,0.0,0,1941.0,A01,138Â 293Â 741,1.0,-1.0,-1.0,1647445,0.0,7,,0.0,2.0,1.0,A01,138Â 293Â 741,1.0
965258,201900006789,6,18,05:23,2,1,1,1.0,6.0,14202,PK 06 - D62,M,"49,3890070","0,1371370",14,2019,80.0,1.0,1.0,3.0,2157547,1.0,1,4,1,0.0,,0.0,0,1970.0,A01,138Â 293Â 739,1.0,-1.0,-1.0,1647446,1.0,7,,13.0,0.0,3.0,A01,138Â 293Â 739,1.0
965259,201900006790,6,6,04:45,3,1,2,1.0,6.0,14760,Les Landes de Montbrocq,M,"49,0965110"," -0,6238080",14,2019,70.0,3.0,1.0,3.0,2157548,2.0,2,4,2,9.0,,0.0,0,1998.0,A01,138Â 293Â 738,1.0,-1.0,-1.0,1647447,1.0,7,,2.0,0.0,3.0,A01,138Â 293Â 738,1.0
965259,201900006790,6,6,04:45,3,1,2,1.0,6.0,14760,Les Landes de Montbrocq,M,"49,0965110"," -0,6238080",14,2019,70.0,3.0,1.0,3.0,2157549,1.0,1,3,1,9.0,,0.0,0,1998.0,A01,138Â 293Â 738,1.0,-1.0,-1.0,1647447,1.0,7,,2.0,0.0,3.0,A01,138Â 293Â 738,1.0
965260,201900006791,6,15,19:10,1,2,2,1.0,3.0,14716,La Belle Ãpine,M,"49,1821540"," -0,7232260",14,2019,50.0,1.0,1.0,3.0,2157550,1.0,1,1,2,0.0,,0.0,0,1966.0,A01,138Â 293Â 736,1.0,-1.0,-1.0,1647448,1.0,7,,0.0,2.0,8.0,A01,138Â 293Â 736,1.0
965260,201900006791,6,15,19:10,1,2,2,1.0,3.0,14716,La Belle Ãpine,M,"49,1821540"," -0,7232260",14,2019,50.0,1.0,1.0,3.0,2157550,1.0,1,1,2,0.0,,0.0,0,1966.0,A01,138Â 293Â 736,1.0,-1.0,-1.0,1647449,1.0,2,,0.0,2.0,1.0,B01,138Â 293Â 737,1.0
965260,201900006791,6,15,19:10,1,2,2,1.0,3.0,14716,La Belle Ãpine,M,"49,1821540"," -0,7232260",14,2019,50.0,1.0,1.0,3.0,2157551,1.0,1,4,1,0.0,,0.0,0,2002.0,B01,138Â 293Â 737,2.0,6.0,-1.0,1647448,1.0,7,,0.0,2.0,8.0,A01,138Â 293Â 736,1.0
965260,201900006791,6,15,19:10,1,2,2,1.0,3.0,14716,La Belle Ãpine,M,"49,1821540"," -0,7232260",14,2019,50.0,1.0,1.0,3.0,2157551,1.0,1,4,1,0.0,,0.0,0,2002.0,B01,138Â 293Â 737,2.0,6.0,-1.0,1647449,1.0,2,,0.0,2.0,1.0,B01,138Â 293Â 737,1.0
965261,201900006792,6,5,18:15,1,2,1,1.0,7.0,05046,52 Boulevard Pasteur,M,"44,5654440","6,4960000",5,2019,30.0,1.0,1.0,3.0,2157552,10.0,3,3,2,0.0,,3.0,3,2014.0,A01,138Â 293Â 735,0.0,-1.0,-1.0,1647450,2.0,7,,0.0,1.0,1.0,A01,138Â 293Â 735,1.0
965261,201900006792,6,5,18:15,1,2,1,1.0,7.0,05046,52 Boulevard Pasteur,M,"44,5654440","6,4960000",5,2019,30.0,1.0,1.0,3.0,2157553,1.0,1,1,2,5.0,,0.0,0,1952.0,A01,138Â 293Â 735,1.0,-1.0,-1.0,1647450,2.0,7,,0.0,1.0,1.0,A01,138Â 293Â 735,1.0
965261,201900006792,6,5,18:15,1,2,1,1.0,7.0,05046,52 Boulevard Pasteur,M,"44,5654440","6,4960000",5,2019,30.0,1.0,1.0,3.0,2157554,9.0,2,1,2,5.0,,0.0,0,1957.0,A01,138Â 293Â 735,1.0,-1.0,-1.0,1647450,2.0,7,,0.0,1.0,1.0,A01,138Â 293Â 735,1.0
965261,201900006792,6,5,18:15,1,2,1,1.0,7.0,05046,52 Boulevard Pasteur,M,"44,5654440","6,4960000",5,2019,30.0,1.0,1.0,3.0,2157555,2.0,2,1,1,5.0,,0.0,0,1952.0,A01,138Â 293Â 735,1.0,-1.0,-1.0,1647450,2.0,7,,0.0,1.0,1.0,A01,138Â 293Â 735,1.0
965262,201900006793,6,2,17:08,1,1,1,1.0,3.0,05164,RD 954,M,"44,5229290","6,3958190",5,2019,80.0,1.0,1.0,3.0,2157556,1.0,1,1,1,5.0,,0.0,0,1998.0,A01,138Â 293Â 733,1.0,-1.0,-1.0,1647451,2.0,7,,0.0,0.0,8.0,A01,138Â 293Â 733,1.0
965262,201900006793,6,2,17:08,1,1,1,1.0,3.0,05164,RD 954,M,"44,5229290","6,3958190",5,2019,80.0,1.0,1.0,3.0,2157556,1.0,1,1,1,5.0,,0.0,0,1998.0,A01,138Â 293Â 733,1.0,-1.0,-1.0,1647452,2.0,33,,0.0,2.0,1.0,B01,138Â 293Â 734,1.0
965262,201900006793,6,2,17:08,1,1,1,1.0,3.0,05164,RD 954,M,"44,5229290","6,3958190",5,2019,80.0,1.0,1.0,3.0,2157557,1.0,1,4,1,5.0,,0.0,0,1987.0,B01,138Â 293Â 734,2.0,-1.0,-1.0,1647451,2.0,7,,0.0,0.0,8.0,A01,138Â 293Â 733,1.0
965262,201900006793,6,2,17:08,1,1,1,1.0,3.0,05164,RD 954,M,"44,5229290","6,3958190",5,2019,80.0,1.0,1.0,3.0,2157557,1.0,1,4,1,5.0,,0.0,0,1987.0,B01,138Â 293Â 734,2.0,-1.0,-1.0,1647452,2.0,33,,0.0,2.0,1.0,B01,138Â 293Â 734,1.0
965263,201900006794,6,5,06:40,1,1,4,1.0,4.0,05017,Quartier les Marais,M,"44,5687310","6,1870780",5,2019,80.0,1.0,1.0,2.0,2157558,2.0,2,4,1,4.0,,0.0,0,1995.0,A01,138Â 293Â 729,0.0,-1.0,-1.0,1647453,1.0,10,,3.0,2.0,9.0,A01,138Â 293Â 729,1.0
965263,201900006794,6,5,06:40,1,1,4,1.0,4.0,05017,Quartier les Marais,M,"44,5687310","6,1870780",5,2019,80.0,1.0,1.0,2.0,2157558,2.0,2,4,1,4.0,,0.0,0,1995.0,A01,138Â 293Â 729,0.0,-1.0,-1.0,1647454,1.0,14,,0.0,2.0,9.0,B01,138Â 293Â 730,1.0
965263,201900006794,6,5,06:40,1,1,4,1.0,4.0,05017,Quartier les Marais,M,"44,5687310","6,1870780",5,2019,80.0,1.0,1.0,2.0,2157558,2.0,2,4,1,4.0,,0.0,0,1995.0,A01,138Â 293Â 729,0.0,-1.0,-1.0,1647455,2.0,10,,0.0,2.0,1.0,C01,138Â 293Â 731,1.0
965263,201900006794,6,5,06:40,1,1,4,1.0,4.0,05017,Quartier les Marais,M,"44,5687310","6,1870780",5,2019,80.0,1.0,1.0,2.0,2157558,2.0,2,4,1,4.0,,0.0,0,1995.0,A01,138Â 293Â 729,0.0,-1.0,-1.0,1647456,2.0,7,,0.0,2.0,1.0,D01,138Â 293Â 732,1.0
965263,201900006794,6,5,06:40,1,1,4,1.0,4.0,05017,Quartier les Marais,M,"44,5687310","6,1870780",5,2019,80.0,1.0,1.0,2.0,2157559,1.0,1,4,1,4.0,,0.0,0,1990.0,A01,138Â 293Â 729,1.0,-1.0,-1.0,1647453,1.0,10,,3.0,2.0,9.0,A01,138Â 293Â 729,1.0
965263,201900006794,6,5,06:40,1,1,4,1.0,4.0,05017,Quartier les Marais,M,"44,5687310","6,1870780",5,2019,80.0,1.0,1.0,2.0,2157559,1.0,1,4,1,4.0,,0.0,0,1990.0,A01,138Â 293Â 729,1.0,-1.0,-1.0,1647454,1.0,14,,0.0,2.0,9.0,B01,138Â 293Â 730,1.0
965263,201900006794,6,5,06:40,1,1,4,1.0,4.0,05017,Quartier les Marais,M,"44,5687310","6,1870780",5,2019,80.0,1.0,1.0,2.0,2157559,1.0,1,4,1,4.0,,0.0,0,1990.0,A01,138Â 293Â 729,1.0,-1.0,-1.0,1647455,2.0,10,,0.0,2.0,1.0,C01,138Â 293Â 731,1.0
965263,201900006794,6,5,06:40,1,1,4,1.0,4.0,05017,Quartier les Marais,M,"44,5687310","6,1870780",5,2019,80.0,1.0,1.0,2.0,2157559,1.0,1,4,1,4.0,,0.0,0,1990.0,A01,138Â 293Â 729,1.0,-1.0,-1.0,1647456,2.0,7,,0.0,2.0,1.0,D01,138Â 293Â 732,1.0
965263,201900006794,6,5,06:40,1,1,4,1.0,4.0,05017,Quartier les Marais,M,"44,5687310","6,1870780",5,2019,80.0,1.0,1.0,2.0,2157560,1.0,1,1,1,4.0,,0.0,0,1983.0,B01,138Â 293Â 730,1.0,-1.0,-1.0,1647453,1.0,10,,3.0,2.0,9.0,A01,138Â 293Â 729,1.0
965263,201900006794,6,5,06:40,1,1,4,1.0,4.0,05017,Quartier les Marais,M,"44,5687310","6,1870780",5,2019,80.0,1.0,1.0,2.0,2157560,1.0,1,1,1,4.0,,0.0,0,1983.0,B01,138Â 293Â 730,1.0,-1.0,-1.0,1647454,1.0,14,,0.0,2.0,9.0,B01,138Â 293Â 730,1.0
965263,201900006794,6,5,06:40,1,1,4,1.0,4.0,05017,Quartier les Marais,M,"44,5687310","6,1870780",5,2019,80.0,1.0,1.0,2.0,2157560,1.0,1,1,1,4.0,,0.0,0,1983.0,B01,138Â 293Â 730,1.0,-1.0,-1.0,1647455,2.0,10,,0.0,2.0,1.0,C01,138Â 293Â 731,1.0
965263,201900006794,6,5,06:40,1,1,4,1.0,4.0,05017,Quartier les Marais,M,"44,5687310","6,1870780",5,2019,80.0,1.0,1.0,2.0,2157560,1.0,1,1,1,4.0,,0.0,0,1983.0,B01,138Â 293Â 730,1.0,-1.0,-1.0,1647456,2.0,7,,0.0,2.0,1.0,D01,138Â 293Â 732,1.0
965263,201900006794,6,5,06:40,1,1,4,1.0,4.0,05017,Quartier les Marais,M,"44,5687310","6,1870780",5,2019,80.0,1.0,1.0,2.0,2157561,1.0,1,1,1,4.0,,0.0,0,1962.0,C01,138Â 293Â 731,1.0,-1.0,-1.0,1647453,1.0,10,,3.0,2.0,9.0,A01,138Â 293Â 729,1.0
965263,201900006794,6,5,06:40,1,1,4,1.0,4.0,05017,Quartier les Marais,M,"44,5687310","6,1870780",5,2019,80.0,1.0,1.0,2.0,2157561,1.0,1,1,1,4.0,,0.0,0,1962.0,C01,138Â 293Â 731,1.0,-1.0,-1.0,1647454,1.0,14,,0.0,2.0,9.0,B01,138Â 293Â 730,1.0
965263,201900006794,6,5,06:40,1,1,4,1.0,4.0,05017,Quartier les Marais,M,"44,5687310","6,1870780",5,2019,80.0,1.0,1.0,2.0,2157561,1.0,1,1,1,4.0,,0.0,0,1962.0,C01,138Â 293Â 731,1.0,-1.0,-1.0,1647455,2.0,10,,0.0,2.0,1.0,C01,138Â 293Â 731,1.0
965263,201900006794,6,5,06:40,1,1,4,1.0,4.0,05017,Quartier les Marais,M,"44,5687310","6,1870780",5,2019,80.0,1.0,1.0,2.0,2157561,1.0,1,1,1,4.0,,0.0,0,1962.0,C01,138Â 293Â 731,1.0,-1.0,-1.0,1647456,2.0,7,,0.0,2.0,1.0,D01,138Â 293Â 732,1.0
965263,201900006794,6,5,06:40,1,1,4,1.0,4.0,05017,Quartier les Marais,M,"44,5687310","6,1870780",5,2019,80.0,1.0,1.0,2.0,2157562,1.0,1,4,2,2.0,,0.0,0,1968.0,D01,138Â 293Â 732,1.0,-1.0,-1.0,1647453,1.0,10,,3.0,2.0,9.0,A01,138Â 293Â 729,1.0
965263,201900006794,6,5,06:40,1,1,4,1.0,4.0,05017,Quartier les Marais,M,"44,5687310","6,1870780",5,2019,80.0,1.0,1.0,2.0,2157562,1.0,1,4,2,2.0,,0.0,0,1968.0,D01,138Â 293Â 732,1.0,-1.0,-1.0,1647454,1.0,14,,0.0,2.0,9.0,B01,138Â 293Â 730,1.0
965263,201900006794,6,5,06:40,1,1,4,1.0,4.0,05017,Quartier les Marais,M,"44,5687310","6,1870780",5,2019,80.0,1.0,1.0,2.0,2157562,1.0,1,4,2,2.0,,0.0,0,1968.0,D01,138Â 293Â 732,1.0,-1.0,-1.0,1647455,2.0,10,,0.0,2.0,1.0,C01,138Â 293Â 731,1.0
965263,201900006794,6,5,06:40,1,1,4,1.0,4.0,05017,Quartier les Marais,M,"44,5687310","6,1870780",5,2019,80.0,1.0,1.0,2.0,2157562,1.0,1,4,2,2.0,,0.0,0,1968.0,D01,138Â 293Â 732,1.0,-1.0,-1.0,1647456,2.0,7,,0.0,2.0,1.0,D01,138Â 293Â 732,1.0
965264,201900006795,6,14,17:35,1,2,1,1.0,1.0,05059,Berne,M,"44,5386690","6,0211020",5,2019,50.0,1.0,1.0,4.0,2157563,1.0,1,1,2,3.0,,0.0,0,1966.0,B01,138Â 293Â 727,1.0,-1.0,-1.0,1647457,1.0,7,,0.0,2.0,3.0,B01,138Â 293Â 727,1.0
965264,201900006795,6,14,17:35,1,2,1,1.0,1.0,05059,Berne,M,"44,5386690","6,0211020",5,2019,50.0,1.0,1.0,4.0,2157563,1.0,1,1,2,3.0,,0.0,0,1966.0,B01,138Â 293Â 727,1.0,-1.0,-1.0,1647458,2.0,31,,0.0,2.0,3.0,A01,138Â 293Â 728,1.0