Unnamed: 0_x,num_acc,mois,jour,hrmn,lum,agg,int,atm,col,com,adr,gps,lat,long,dep,annee,vma,situ,surf,catr,Unnamed: 0_y,place,catu,grav,sexe,trajet,secu,locp,actp,an_nais,num_veh_x,id_vehicule_x,secu1,secu2,secu3,Unnamed: 0,senc,catv,occutc,obs,obsm,choc,num_veh_y,id_vehicule_y,motor
965264,201900006795,6,14,17:35,1,2,1,1.0,1.0,05059,Berne,M,"44,5386690","6,0211020",5,2019,50.0,1.0,1.0,4.0,2157564,1.0,1,3,1,1.0,,0.0,0,2002.0,A01,138Â 293Â 728,2.0,-1.0,-1.0,1647457,1.0,7,,0.0,2.0,3.0,B01,138Â 293Â 727,1.0
965264,201900006795,6,14,17:35,1,2,1,1.0,1.0,05059,Berne,M,"44,5386690","6,0211020",5,2019,50.0,1.0,1.0,4.0,2157564,1.0,1,3,1,1.0,,0.0,0,2002.0,A01,138Â 293Â 728,2.0,-1.0,-1.0,1647458,2.0,31,,0.0,2.0,3.0,A01,138Â 293Â 728,1.0
965265,201900006796,6,4,18:20,1,1,1,1.0,1.0,50267, -,M,"49,2284110"," -1,5341790",50,2019,90.0,1.0,1.0,3.0,2157565,1.0,1,3,2,5.0,,0.0,0,1947.0,A01,138Â 293Â 725,1.0,-1.0,-1.0,1647459,0.0,7,,0.0,2.0,1.0,A01,138Â 293Â 725,1.0
965265,201900006796,6,4,18:20,1,1,1,1.0,1.0,50267, -,M,"49,2284110"," -1,5341790",50,2019,90.0,1.0,1.0,3.0,2157565,1.0,1,3,2,5.0,,0.0,0,1947.0,A01,138Â 293Â 725,1.0,-1.0,-1.0,1647460,0.0,7,,0.0,2.0,1.0,B01,138Â 293Â 726,1.0
965265,201900006796,6,4,18:20,1,1,1,1.0,1.0,50267, -,M,"49,2284110"," -1,5341790",50,2019,90.0,1.0,1.0,3.0,2157566,1.0,1,4,2,3.0,,0.0,0,1979.0,B01,138Â 293Â 726,1.0,-1.0,-1.0,1647459,0.0,7,,0.0,2.0,1.0,A01,138Â 293Â 725,1.0
965265,201900006796,6,4,18:20,1,1,1,1.0,1.0,50267, -,M,"49,2284110"," -1,5341790",50,2019,90.0,1.0,1.0,3.0,2157566,1.0,1,4,2,3.0,,0.0,0,1979.0,B01,138Â 293Â 726,1.0,-1.0,-1.0,1647460,0.0,7,,0.0,2.0,1.0,B01,138Â 293Â 726,1.0
965265,201900006796,6,4,18:20,1,1,1,1.0,1.0,50267, -,M,"49,2284110"," -1,5341790",50,2019,90.0,1.0,1.0,3.0,2157567,9.0,2,4,2,5.0,,0.0,0,2001.0,B01,138Â 293Â 726,1.0,-1.0,-1.0,1647459,0.0,7,,0.0,2.0,1.0,A01,138Â 293Â 725,1.0
965265,201900006796,6,4,18:20,1,1,1,1.0,1.0,50267, -,M,"49,2284110"," -1,5341790",50,2019,90.0,1.0,1.0,3.0,2157567,9.0,2,4,2,5.0,,0.0,0,2001.0,B01,138Â 293Â 726,1.0,-1.0,-1.0,1647460,0.0,7,,0.0,2.0,1.0,B01,138Â 293Â 726,1.0
965265,201900006796,6,4,18:20,1,1,1,1.0,1.0,50267, -,M,"49,2284110"," -1,5341790",50,2019,90.0,1.0,1.0,3.0,2157568,7.0,2,4,2,5.0,,0.0,0,2011.0,B01,138Â 293Â 726,1.0,-1.0,-1.0,1647459,0.0,7,,0.0,2.0,1.0,A01,138Â 293Â 725,1.0
965265,201900006796,6,4,18:20,1,1,1,1.0,1.0,50267, -,M,"49,2284110"," -1,5341790",50,2019,90.0,1.0,1.0,3.0,2157568,7.0,2,4,2,5.0,,0.0,0,2011.0,B01,138Â 293Â 726,1.0,-1.0,-1.0,1647460,0.0,7,,0.0,2.0,1.0,B01,138Â 293Â 726,1.0
965265,201900006796,6,4,18:20,1,1,1,1.0,1.0,50267, -,M,"49,2284110"," -1,5341790",50,2019,90.0,1.0,1.0,3.0,2157569,2.0,2,4,1,5.0,,0.0,0,2009.0,B01,138Â 293Â 726,1.0,-1.0,-1.0,1647459,0.0,7,,0.0,2.0,1.0,A01,138Â 293Â 725,1.0
965265,201900006796,6,4,18:20,1,1,1,1.0,1.0,50267, -,M,"49,2284110"," -1,5341790",50,2019,90.0,1.0,1.0,3.0,2157569,2.0,2,4,1,5.0,,0.0,0,2009.0,B01,138Â 293Â 726,1.0,-1.0,-1.0,1647460,0.0,7,,0.0,2.0,1.0,B01,138Â 293Â 726,1.0
965266,201900006797,6,9,19:00,1,1,1,1.0,6.0,50241,rd24,M,"49,4558360"," -1,4416370",50,2019,70.0,1.0,1.0,3.0,2157570,1.0,1,4,2,5.0,,0.0,0,1998.0,A01,138Â 293Â 723,2.0,-1.0,-1.0,1647461,1.0,33,,0.0,2.0,1.0,A01,138Â 293Â 723,1.0
965266,201900006797,6,9,19:00,1,1,1,1.0,6.0,50241,rd24,M,"49,4558360"," -1,4416370",50,2019,70.0,1.0,1.0,3.0,2157570,1.0,1,4,2,5.0,,0.0,0,1998.0,A01,138Â 293Â 723,2.0,-1.0,-1.0,1647462,2.0,7,,14.0,2.0,3.0,B01,138Â 293Â 724,1.0
965266,201900006797,6,9,19:00,1,1,1,1.0,6.0,50241,rd24,M,"49,4558360"," -1,4416370",50,2019,70.0,1.0,1.0,3.0,2157571,2.0,2,1,2,5.0,,0.0,0,1954.0,B01,138Â 293Â 724,1.0,-1.0,-1.0,1647461,1.0,33,,0.0,2.0,1.0,A01,138Â 293Â 723,1.0
965266,201900006797,6,9,19:00,1,1,1,1.0,6.0,50241,rd24,M,"49,4558360"," -1,4416370",50,2019,70.0,1.0,1.0,3.0,2157571,2.0,2,1,2,5.0,,0.0,0,1954.0,B01,138Â 293Â 724,1.0,-1.0,-1.0,1647462,2.0,7,,14.0,2.0,3.0,B01,138Â 293Â 724,1.0
965266,201900006797,6,9,19:00,1,1,1,1.0,6.0,50241,rd24,M,"49,4558360"," -1,4416370",50,2019,70.0,1.0,1.0,3.0,2157572,1.0,1,1,1,5.0,,0.0,0,1954.0,B01,138Â 293Â 724,1.0,-1.0,-1.0,1647461,1.0,33,,0.0,2.0,1.0,A01,138Â 293Â 723,1.0
965266,201900006797,6,9,19:00,1,1,1,1.0,6.0,50241,rd24,M,"49,4558360"," -1,4416370",50,2019,70.0,1.0,1.0,3.0,2157572,1.0,1,1,1,5.0,,0.0,0,1954.0,B01,138Â 293Â 724,1.0,-1.0,-1.0,1647462,2.0,7,,14.0,2.0,3.0,B01,138Â 293Â 724,1.0
965267,201900006798,6,18,23:15,3,1,1,8.0,1.0,50431,D8,M,"49,1801690"," -1,2381110",50,2019,80.0,1.0,1.0,3.0,2157573,2.0,2,1,1,5.0,,0.0,0,1988.0,A01,138Â 293Â 719,0.0,-1.0,-1.0,1647463,1.0,7,,0.0,2.0,3.0,A01,138Â 293Â 719,1.0
965267,201900006798,6,18,23:15,3,1,1,8.0,1.0,50431,D8,M,"49,1801690"," -1,2381110",50,2019,80.0,1.0,1.0,3.0,2157573,2.0,2,1,1,5.0,,0.0,0,1988.0,A01,138Â 293Â 719,0.0,-1.0,-1.0,1647464,2.0,7,,0.0,2.0,3.0,B01,138Â 293Â 720,1.0
965267,201900006798,6,18,23:15,3,1,1,8.0,1.0,50431,D8,M,"49,1801690"," -1,2381110",50,2019,80.0,1.0,1.0,3.0,2157574,1.0,1,3,1,5.0,,0.0,0,1998.0,A01,138Â 293Â 719,0.0,-1.0,-1.0,1647463,1.0,7,,0.0,2.0,3.0,A01,138Â 293Â 719,1.0
965267,201900006798,6,18,23:15,3,1,1,8.0,1.0,50431,D8,M,"49,1801690"," -1,2381110",50,2019,80.0,1.0,1.0,3.0,2157574,1.0,1,3,1,5.0,,0.0,0,1998.0,A01,138Â 293Â 719,0.0,-1.0,-1.0,1647464,2.0,7,,0.0,2.0,3.0,B01,138Â 293Â 720,1.0
965267,201900006798,6,18,23:15,3,1,1,8.0,1.0,50431,D8,M,"49,1801690"," -1,2381110",50,2019,80.0,1.0,1.0,3.0,2157575,2.0,2,1,1,5.0,,0.0,0,1992.0,B01,138Â 293Â 720,1.0,-1.0,-1.0,1647463,1.0,7,,0.0,2.0,3.0,A01,138Â 293Â 719,1.0
965267,201900006798,6,18,23:15,3,1,1,8.0,1.0,50431,D8,M,"49,1801690"," -1,2381110",50,2019,80.0,1.0,1.0,3.0,2157575,2.0,2,1,1,5.0,,0.0,0,1992.0,B01,138Â 293Â 720,1.0,-1.0,-1.0,1647464,2.0,7,,0.0,2.0,3.0,B01,138Â 293Â 720,1.0
965267,201900006798,6,18,23:15,3,1,1,8.0,1.0,50431,D8,M,"49,1801690"," -1,2381110",50,2019,80.0,1.0,1.0,3.0,2157576,7.0,2,4,2,5.0,,0.0,0,1998.0,B01,138Â 293Â 720,1.0,-1.0,-1.0,1647463,1.0,7,,0.0,2.0,3.0,A01,138Â 293Â 719,1.0
965267,201900006798,6,18,23:15,3,1,1,8.0,1.0,50431,D8,M,"49,1801690"," -1,2381110",50,2019,80.0,1.0,1.0,3.0,2157576,7.0,2,4,2,5.0,,0.0,0,1998.0,B01,138Â 293Â 720,1.0,-1.0,-1.0,1647464,2.0,7,,0.0,2.0,3.0,B01,138Â 293Â 720,1.0
965267,201900006798,6,18,23:15,3,1,1,8.0,1.0,50431,D8,M,"49,1801690"," -1,2381110",50,2019,80.0,1.0,1.0,3.0,2157577,1.0,1,1,2,5.0,,0.0,0,1993.0,B01,138Â 293Â 720,1.0,-1.0,-1.0,1647463,1.0,7,,0.0,2.0,3.0,A01,138Â 293Â 719,1.0
965267,201900006798,6,18,23:15,3,1,1,8.0,1.0,50431,D8,M,"49,1801690"," -1,2381110",50,2019,80.0,1.0,1.0,3.0,2157577,1.0,1,1,2,5.0,,0.0,0,1993.0,B01,138Â 293Â 720,1.0,-1.0,-1.0,1647464,2.0,7,,0.0,2.0,3.0,B01,138Â 293Â 720,1.0
965268,201900006799,6,19,17:30,1,2,8,1.0,1.0,90042,Bas Evette,M,"47,6824810","6,8028770",90,2019,50.0,8.0,1.0,3.0,2157578,1.0,1,2,1,5.0,,0.0,0,1948.0,B01,138Â 293Â 715,0.0,-1.0,-1.0,1647465,0.0,1,,0.0,4.0,8.0,B01,138Â 293Â 715,5.0
965268,201900006799,6,19,17:30,1,2,8,1.0,1.0,90042,Bas Evette,M,"47,6824810","6,8028770",90,2019,50.0,8.0,1.0,3.0,2157578,1.0,1,2,1,5.0,,0.0,0,1948.0,B01,138Â 293Â 715,0.0,-1.0,-1.0,1647466,1.0,39,,0.0,9.0,3.0,A01,138Â 293Â 716,1.0
965268,201900006799,6,19,17:30,1,2,8,1.0,1.0,90042,Bas Evette,M,"47,6824810","6,8028770",90,2019,50.0,8.0,1.0,3.0,2157579,1.0,1,1,1,4.0,,0.0,0,1981.0,A01,138Â 293Â 716,0.0,-1.0,-1.0,1647465,0.0,1,,0.0,4.0,8.0,B01,138Â 293Â 715,5.0
965268,201900006799,6,19,17:30,1,2,8,1.0,1.0,90042,Bas Evette,M,"47,6824810","6,8028770",90,2019,50.0,8.0,1.0,3.0,2157579,1.0,1,1,1,4.0,,0.0,0,1981.0,A01,138Â 293Â 716,0.0,-1.0,-1.0,1647466,1.0,39,,0.0,9.0,3.0,A01,138Â 293Â 716,1.0
965269,201900006800,6,2,09:05,1,1,1,1.0,6.0,83084,RD 13,M,"43,6295320","6,0665500",83,2019,80.0,3.0,1.0,3.0,2157580,1.0,1,4,1,5.0,,0.0,0,1989.0,A01,138Â 293Â 714,1.0,-1.0,-1.0,1647467,1.0,7,,2.0,0.0,7.0,A01,138Â 293Â 714,1.0
965270,201900006801,6,16,15:00,1,1,1,1.0,1.0,09189,Route Nationale 20 - Pk 94+400,M,"42,6119240","1,8196680",9,2019,80.0,1.0,1.0,2.0,2157581,2.0,2,1,2,5.0,,0.0,0,1945.0,B01,138Â 293Â 712,1.0,-1.0,-1.0,1647468,1.0,7,,0.0,2.0,2.0,B01,138Â 293Â 712,1.0
965270,201900006801,6,16,15:00,1,1,1,1.0,1.0,09189,Route Nationale 20 - Pk 94+400,M,"42,6119240","1,8196680",9,2019,80.0,1.0,1.0,2.0,2157581,2.0,2,1,2,5.0,,0.0,0,1945.0,B01,138Â 293Â 712,1.0,-1.0,-1.0,1647469,2.0,33,,0.0,2.0,1.0,A01,138Â 293Â 713,1.0
965270,201900006801,6,16,15:00,1,1,1,1.0,1.0,09189,Route Nationale 20 - Pk 94+400,M,"42,6119240","1,8196680",9,2019,80.0,1.0,1.0,2.0,2157582,1.0,1,1,1,5.0,,0.0,0,1940.0,B01,138Â 293Â 712,1.0,-1.0,-1.0,1647468,1.0,7,,0.0,2.0,2.0,B01,138Â 293Â 712,1.0
965270,201900006801,6,16,15:00,1,1,1,1.0,1.0,09189,Route Nationale 20 - Pk 94+400,M,"42,6119240","1,8196680",9,2019,80.0,1.0,1.0,2.0,2157582,1.0,1,1,1,5.0,,0.0,0,1940.0,B01,138Â 293Â 712,1.0,-1.0,-1.0,1647469,2.0,33,,0.0,2.0,1.0,A01,138Â 293Â 713,1.0
965270,201900006801,6,16,15:00,1,1,1,1.0,1.0,09189,Route Nationale 20 - Pk 94+400,M,"42,6119240","1,8196680",9,2019,80.0,1.0,1.0,2.0,2157583,1.0,1,3,1,5.0,,0.0,0,1983.0,A01,138Â 293Â 713,2.0,6.0,-1.0,1647468,1.0,7,,0.0,2.0,2.0,B01,138Â 293Â 712,1.0
965270,201900006801,6,16,15:00,1,1,1,1.0,1.0,09189,Route Nationale 20 - Pk 94+400,M,"42,6119240","1,8196680",9,2019,80.0,1.0,1.0,2.0,2157583,1.0,1,3,1,5.0,,0.0,0,1983.0,A01,138Â 293Â 713,2.0,6.0,-1.0,1647469,2.0,33,,0.0,2.0,1.0,A01,138Â 293Â 713,1.0
965271,201900006802,5,30,12:00,1,1,1,1.0,7.0,09325,D 613 PK 09+300,M,"42,7534620","1,8387190",9,2019,80.0,3.0,1.0,3.0,2157584,1.0,1,4,1,5.0,,0.0,0,1967.0,A01,138Â 293Â 711,2.0,6.0,-1.0,1647470,1.0,33,,0.0,0.0,0.0,A01,138Â 293Â 711,1.0
965271,201900006802,5,30,12:00,1,1,1,1.0,7.0,09325,D 613 PK 09+300,M,"42,7534620","1,8387190",9,2019,80.0,3.0,1.0,3.0,2157585,2.0,2,4,2,5.0,,0.0,0,1971.0,A01,138Â 293Â 711,2.0,6.0,-1.0,1647470,1.0,33,,0.0,0.0,0.0,A01,138Â 293Â 711,1.0
965272,201900006803,6,17,14:15,1,2,1,1.0,6.0,60471,42 avenue Jean jaurÃ¨s,M,"49,5766373","2,9922473",60,2019,50.0,1.0,1.0,3.0,2157586,10.0,3,4,2,4.0,,2.0,3,1997.0,A01,138Â 293Â 710,0.0,-1.0,-1.0,1647471,0.0,7,,0.0,1.0,1.0,A01,138Â 293Â 710,1.0
965272,201900006803,6,17,14:15,1,2,1,1.0,6.0,60471,42 avenue Jean jaurÃ¨s,M,"49,5766373","2,9922473",60,2019,50.0,1.0,1.0,3.0,2157587,1.0,1,1,2,5.0,,0.0,0,1939.0,A01,138Â 293Â 710,1.0,-1.0,-1.0,1647471,0.0,7,,0.0,1.0,1.0,A01,138Â 293Â 710,1.0
965273,201900006804,6,12,18:40,1,1,1,1.0,1.0,60621,RD54,M,"49,6986950","2,8909990",60,2019,80.0,1.0,1.0,3.0,2157588,1.0,1,3,2,0.0,,0.0,0,2000.0,A01,138Â 293Â 708,1.0,8.0,-1.0,1647472,1.0,7,,0.0,2.0,2.0,A01,138Â 293Â 708,1.0
965273,201900006804,6,12,18:40,1,1,1,1.0,1.0,60621,RD54,M,"49,6986950","2,8909990",60,2019,80.0,1.0,1.0,3.0,2157588,1.0,1,3,2,0.0,,0.0,0,2000.0,A01,138Â 293Â 708,1.0,8.0,-1.0,1647473,2.0,7,,0.0,2.0,3.0,B01,138Â 293Â 709,1.0
965273,201900006804,6,12,18:40,1,1,1,1.0,1.0,60621,RD54,M,"49,6986950","2,8909990",60,2019,80.0,1.0,1.0,3.0,2157589,1.0,1,4,2,0.0,,0.0,0,1997.0,B01,138Â 293Â 709,8.0,-1.0,-1.0,1647472,1.0,7,,0.0,2.0,2.0,A01,138Â 293Â 708,1.0
965273,201900006804,6,12,18:40,1,1,1,1.0,1.0,60621,RD54,M,"49,6986950","2,8909990",60,2019,80.0,1.0,1.0,3.0,2157589,1.0,1,4,2,0.0,,0.0,0,1997.0,B01,138Â 293Â 709,8.0,-1.0,-1.0,1647473,2.0,7,,0.0,2.0,3.0,B01,138Â 293Â 709,1.0
965274,201900006805,6,15,18:05,1,2,1,1.0,3.0,60156,80 rue de la republique,M,"49,4414545","2,8599389",60,2019,50.0,1.0,1.0,3.0,2157590,1.0,1,1,2,5.0,,0.0,0,1985.0,A01,138Â 293Â 706,1.0,-1.0,-1.0,1647474,2.0,7,,0.0,2.0,6.0,A01,138Â 293Â 706,1.0
965274,201900006805,6,15,18:05,1,2,1,1.0,3.0,60156,80 rue de la republique,M,"49,4414545","2,8599389",60,2019,50.0,1.0,1.0,3.0,2157590,1.0,1,1,2,5.0,,0.0,0,1985.0,A01,138Â 293Â 706,1.0,-1.0,-1.0,1647475,2.0,33,,0.0,2.0,1.0,B01,138Â 293Â 707,1.0
965274,201900006805,6,15,18:05,1,2,1,1.0,3.0,60156,80 rue de la republique,M,"49,4414545","2,8599389",60,2019,50.0,1.0,1.0,3.0,2157591,2.0,2,1,2,5.0,,0.0,0,1961.0,A01,138Â 293Â 706,1.0,-1.0,-1.0,1647474,2.0,7,,0.0,2.0,6.0,A01,138Â 293Â 706,1.0
965274,201900006805,6,15,18:05,1,2,1,1.0,3.0,60156,80 rue de la republique,M,"49,4414545","2,8599389",60,2019,50.0,1.0,1.0,3.0,2157591,2.0,2,1,2,5.0,,0.0,0,1961.0,A01,138Â 293Â 706,1.0,-1.0,-1.0,1647475,2.0,33,,0.0,2.0,1.0,B01,138Â 293Â 707,1.0
965274,201900006805,6,15,18:05,1,2,1,1.0,3.0,60156,80 rue de la republique,M,"49,4414545","2,8599389",60,2019,50.0,1.0,1.0,3.0,2157592,2.0,2,3,2,5.0,,0.0,0,1994.0,B01,138Â 293Â 707,2.0,-1.0,-1.0,1647474,2.0,7,,0.0,2.0,6.0,A01,138Â 293Â 706,1.0
965274,201900006805,6,15,18:05,1,2,1,1.0,3.0,60156,80 rue de la republique,M,"49,4414545","2,8599389",60,2019,50.0,1.0,1.0,3.0,2157592,2.0,2,3,2,5.0,,0.0,0,1994.0,B01,138Â 293Â 707,2.0,-1.0,-1.0,1647475,2.0,33,,0.0,2.0,1.0,B01,138Â 293Â 707,1.0
965274,201900006805,6,15,18:05,1,2,1,1.0,3.0,60156,80 rue de la republique,M,"49,4414545","2,8599389",60,2019,50.0,1.0,1.0,3.0,2157593,1.0,1,3,1,5.0,,0.0,0,1993.0,B01,138Â 293Â 707,2.0,-1.0,-1.0,1647474,2.0,7,,0.0,2.0,6.0,A01,138Â 293Â 706,1.0
965274,201900006805,6,15,18:05,1,2,1,1.0,3.0,60156,80 rue de la republique,M,"49,4414545","2,8599389",60,2019,50.0,1.0,1.0,3.0,2157593,1.0,1,3,1,5.0,,0.0,0,1993.0,B01,138Â 293Â 707,2.0,-1.0,-1.0,1647475,2.0,33,,0.0,2.0,1.0,B01,138Â 293Â 707,1.0
965275,201900006806,6,1,20:40,1,2,1,1.0,6.0,60537,rue de paris,M,"49,5051110","2,9157830",60,2019,50.0,4.0,1.0,3.0,2157594,1.0,1,3,1,0.0,,0.0,0,1965.0,A01,138Â 293Â 705,1.0,-1.0,-1.0,1647476,1.0,7,,11.0,0.0,7.0,A01,138Â 293Â 705,1.0
965276,201900006807,6,9,14:20,1,1,1,1.0,1.0,60082,d1001,M,"49,6860490","2,2478260",60,2019,80.0,1.0,1.0,3.0,2157595,2.0,2,4,1,0.0,,0.0,0,1968.0,B01,138Â 293Â 703,1.0,-1.0,-1.0,1647477,1.0,7,,0.0,2.0,1.0,B01,138Â 293Â 703,1.0
965276,201900006807,6,9,14:20,1,1,1,1.0,1.0,60082,d1001,M,"49,6860490","2,2478260",60,2019,80.0,1.0,1.0,3.0,2157595,2.0,2,4,1,0.0,,0.0,0,1968.0,B01,138Â 293Â 703,1.0,-1.0,-1.0,1647478,2.0,7,,0.0,2.0,1.0,A01,138Â 293Â 704,1.0
965276,201900006807,6,9,14:20,1,1,1,1.0,1.0,60082,d1001,M,"49,6860490","2,2478260",60,2019,80.0,1.0,1.0,3.0,2157596,7.0,2,3,2,0.0,,0.0,0,2002.0,B01,138Â 293Â 703,1.0,-1.0,-1.0,1647477,1.0,7,,0.0,2.0,1.0,B01,138Â 293Â 703,1.0
965276,201900006807,6,9,14:20,1,1,1,1.0,1.0,60082,d1001,M,"49,6860490","2,2478260",60,2019,80.0,1.0,1.0,3.0,2157596,7.0,2,3,2,0.0,,0.0,0,2002.0,B01,138Â 293Â 703,1.0,-1.0,-1.0,1647478,2.0,7,,0.0,2.0,1.0,A01,138Â 293Â 704,1.0
965276,201900006807,6,9,14:20,1,1,1,1.0,1.0,60082,d1001,M,"49,6860490","2,2478260",60,2019,80.0,1.0,1.0,3.0,2157597,1.0,1,4,2,0.0,,0.0,0,1971.0,B01,138Â 293Â 703,1.0,-1.0,-1.0,1647477,1.0,7,,0.0,2.0,1.0,B01,138Â 293Â 703,1.0
965276,201900006807,6,9,14:20,1,1,1,1.0,1.0,60082,d1001,M,"49,6860490","2,2478260",60,2019,80.0,1.0,1.0,3.0,2157597,1.0,1,4,2,0.0,,0.0,0,1971.0,B01,138Â 293Â 703,1.0,-1.0,-1.0,1647478,2.0,7,,0.0,2.0,1.0,A01,138Â 293Â 704,1.0
965276,201900006807,6,9,14:20,1,1,1,1.0,1.0,60082,d1001,M,"49,6860490","2,2478260",60,2019,80.0,1.0,1.0,3.0,2157598,9.0,2,3,2,0.0,,0.0,0,1946.0,B01,138Â 293Â 703,1.0,-1.0,-1.0,1647477,1.0,7,,0.0,2.0,1.0,B01,138Â 293Â 703,1.0
965276,201900006807,6,9,14:20,1,1,1,1.0,1.0,60082,d1001,M,"49,6860490","2,2478260",60,2019,80.0,1.0,1.0,3.0,2157598,9.0,2,3,2,0.0,,0.0,0,1946.0,B01,138Â 293Â 703,1.0,-1.0,-1.0,1647478,2.0,7,,0.0,2.0,1.0,A01,138Â 293Â 704,1.0
965276,201900006807,6,9,14:20,1,1,1,1.0,1.0,60082,d1001,M,"49,6860490","2,2478260",60,2019,80.0,1.0,1.0,3.0,2157599,1.0,1,3,2,0.0,,0.0,0,1979.0,A01,138Â 293Â 704,1.0,-1.0,-1.0,1647477,1.0,7,,0.0,2.0,1.0,B01,138Â 293Â 703,1.0
965276,201900006807,6,9,14:20,1,1,1,1.0,1.0,60082,d1001,M,"49,6860490","2,2478260",60,2019,80.0,1.0,1.0,3.0,2157599,1.0,1,3,2,0.0,,0.0,0,1979.0,A01,138Â 293Â 704,1.0,-1.0,-1.0,1647478,2.0,7,,0.0,2.0,1.0,A01,138Â 293Â 704,1.0
965277,201900006808,6,8,19:31,1,2,4,1.0,6.0,60122,Rue de Songeons,M,"49,6191109","1,7555984",60,2019,50.0,4.0,1.0,3.0,2157600,1.0,1,4,1,5.0,,0.0,0,1984.0,A01,138Â 293Â 702,0.0,-1.0,-1.0,1647479,1.0,33,,6.0,0.0,1.0,A01,138Â 293Â 702,1.0
965278,201900006809,4,20,18:00,1,2,1,1.0,6.0,60286,Rue FrÃ©dÃ©ric Petit,M,"49,6669870","1,9367840",60,2019,50.0,1.0,1.0,3.0,2157601,1.0,1,1,1,5.0,,0.0,0,1938.0,A01,138Â 293Â 701,1.0,-1.0,-1.0,1647480,1.0,7,,0.0,1.0,1.0,A01,138Â 293Â 701,1.0
965278,201900006809,4,20,18:00,1,2,1,1.0,6.0,60286,Rue FrÃ©dÃ©ric Petit,M,"49,6669870","1,9367840",60,2019,50.0,1.0,1.0,3.0,2157602,10.0,3,3,2,5.0,,3.0,3,1965.0,A01,138Â 293Â 701,0.0,-1.0,-1.0,1647480,1.0,7,,0.0,1.0,1.0,A01,138Â 293Â 701,1.0
965279,201900006810,6,19,14:39,1,2,1,1.0,6.0,60327,Rue Saint-Michel,M,"49,3168600","1,9726970",60,2019,50.0,1.0,1.0,4.0,2157603,1.0,1,4,1,5.0,,0.0,0,2004.0,A01,138Â 293Â 699,2.0,6.0,-1.0,1647481,0.0,31,,6.0,0.0,1.0,A01,138Â 293Â 699,1.0
965279,201900006810,6,19,14:39,1,2,1,1.0,6.0,60327,Rue Saint-Michel,M,"49,3168600","1,9726970",60,2019,50.0,1.0,1.0,4.0,2157603,1.0,1,4,1,5.0,,0.0,0,2004.0,A01,138Â 293Â 699,2.0,6.0,-1.0,1647482,0.0,7,,0.0,0.0,0.0,B01,138Â 293Â 700,1.0
965279,201900006810,6,19,14:39,1,2,1,1.0,6.0,60327,Rue Saint-Michel,M,"49,3168600","1,9726970",60,2019,50.0,1.0,1.0,4.0,2157604,1.0,1,1,2,0.0,,0.0,0,1983.0,B01,138Â 293Â 700,1.0,-1.0,-1.0,1647481,0.0,31,,6.0,0.0,1.0,A01,138Â 293Â 699,1.0
965279,201900006810,6,19,14:39,1,2,1,1.0,6.0,60327,Rue Saint-Michel,M,"49,3168600","1,9726970",60,2019,50.0,1.0,1.0,4.0,2157604,1.0,1,1,2,0.0,,0.0,0,1983.0,B01,138Â 293Â 700,1.0,-1.0,-1.0,1647482,0.0,7,,0.0,0.0,0.0,B01,138Â 293Â 700,1.0
965280,201900006811,6,2,19:30,1,2,1,1.0,3.0,45030,15 Route d'OrlÃ©ans,M,"48,0629190","2,4175730",45,2019,50.0,1.0,1.0,3.0,2157605,1.0,1,1,1,5.0,,0.0,0,1951.0,A01,138Â 293Â 697,6.0,-1.0,-1.0,1647483,2.0,2,,0.0,2.0,8.0,A01,138Â 293Â 697,1.0
965280,201900006811,6,2,19:30,1,2,1,1.0,3.0,45030,15 Route d'OrlÃ©ans,M,"48,0629190","2,4175730",45,2019,50.0,1.0,1.0,3.0,2157605,1.0,1,1,1,5.0,,0.0,0,1951.0,A01,138Â 293Â 697,6.0,-1.0,-1.0,1647484,1.0,33,,0.0,2.0,8.0,B01,138Â 293Â 698,1.0
965280,201900006811,6,2,19:30,1,2,1,1.0,3.0,45030,15 Route d'OrlÃ©ans,M,"48,0629190","2,4175730",45,2019,50.0,1.0,1.0,3.0,2157606,1.0,1,4,1,5.0,,0.0,0,1986.0,B01,138Â 293Â 698,2.0,6.0,-1.0,1647483,2.0,2,,0.0,2.0,8.0,A01,138Â 293Â 697,1.0
965280,201900006811,6,2,19:30,1,2,1,1.0,3.0,45030,15 Route d'OrlÃ©ans,M,"48,0629190","2,4175730",45,2019,50.0,1.0,1.0,3.0,2157606,1.0,1,4,1,5.0,,0.0,0,1986.0,B01,138Â 293Â 698,2.0,6.0,-1.0,1647484,1.0,33,,0.0,2.0,8.0,B01,138Â 293Â 698,1.0
965281,201900006812,5,31,18:50,1,1,3,1.0,3.0,45193,RTE DE LA FERTE - RTE DE FARGES,M,"47,7491929","1,9919506",45,2019,80.0,1.0,1.0,3.0,2157607,1.0,1,4,1,5.0,,0.0,0,1988.0,A01,138Â 293Â 695,2.0,6.0,-1.0,1647485,2.0,33,,0.0,2.0,2.0,A01,138Â 293Â 695,1.0
965281,201900006812,5,31,18:50,1,1,3,1.0,3.0,45193,RTE DE LA FERTE - RTE DE FARGES,M,"47,7491929","1,9919506",45,2019,80.0,1.0,1.0,3.0,2157607,1.0,1,4,1,5.0,,0.0,0,1988.0,A01,138Â 293Â 695,2.0,6.0,-1.0,1647486,2.0,10,,0.0,2.0,8.0,B01,138Â 293Â 696,1.0