Unnamed: 0_x,num_acc,mois,jour,hrmn,lum,agg,int,atm,col,com,adr,gps,lat,long,dep,annee,vma,situ,surf,catr,Unnamed: 0_y,place,catu,grav,sexe,trajet,secu,locp,actp,an_nais,num_veh_x,id_vehicule_x,secu1,secu2,secu3,Unnamed: 0,senc,catv,occutc,obs,obsm,choc,num_veh_y,id_vehicule_y,motor
965281,201900006812,5,31,18:50,1,1,3,1.0,3.0,45193,RTE DE LA FERTE - RTE DE FARGES,M,"47,7491929","1,9919506",45,2019,80.0,1.0,1.0,3.0,2157608,2.0,2,3,2,5.0,,0.0,0,1993.0,A01,138Â 293Â 695,2.0,6.0,-1.0,1647485,2.0,33,,0.0,2.0,2.0,A01,138Â 293Â 695,1.0
965281,201900006812,5,31,18:50,1,1,3,1.0,3.0,45193,RTE DE LA FERTE - RTE DE FARGES,M,"47,7491929","1,9919506",45,2019,80.0,1.0,1.0,3.0,2157608,2.0,2,3,2,5.0,,0.0,0,1993.0,A01,138Â 293Â 695,2.0,6.0,-1.0,1647486,2.0,10,,0.0,2.0,8.0,B01,138Â 293Â 696,1.0
965281,201900006812,5,31,18:50,1,1,3,1.0,3.0,45193,RTE DE LA FERTE - RTE DE FARGES,M,"47,7491929","1,9919506",45,2019,80.0,1.0,1.0,3.0,2157609,1.0,1,1,1,4.0,,0.0,0,1966.0,B01,138Â 293Â 696,1.0,-1.0,-1.0,1647485,2.0,33,,0.0,2.0,2.0,A01,138Â 293Â 695,1.0
965281,201900006812,5,31,18:50,1,1,3,1.0,3.0,45193,RTE DE LA FERTE - RTE DE FARGES,M,"47,7491929","1,9919506",45,2019,80.0,1.0,1.0,3.0,2157609,1.0,1,1,1,4.0,,0.0,0,1966.0,B01,138Â 293Â 696,1.0,-1.0,-1.0,1647486,2.0,10,,0.0,2.0,8.0,B01,138Â 293Â 696,1.0
965282,201900006813,6,13,16:15,1,1,1,1.0,1.0,64420,Route du Laus,M,"43,3301071"," -0,7222455",64,2019,-1.0,1.0,1.0,3.0,2157610,1.0,1,1,1,5.0,,0.0,0,1958.0,B01,138Â 293Â 693,1.0,-1.0,-1.0,1647487,2.0,7,,0.0,2.0,3.0,B01,138Â 293Â 693,1.0
965282,201900006813,6,13,16:15,1,1,1,1.0,1.0,64420,Route du Laus,M,"43,3301071"," -0,7222455",64,2019,-1.0,1.0,1.0,3.0,2157610,1.0,1,1,1,5.0,,0.0,0,1958.0,B01,138Â 293Â 693,1.0,-1.0,-1.0,1647488,1.0,7,,0.0,2.0,1.0,A01,138Â 293Â 694,1.0
965282,201900006813,6,13,16:15,1,1,1,1.0,1.0,64420,Route du Laus,M,"43,3301071"," -0,7222455",64,2019,-1.0,1.0,1.0,3.0,2157611,2.0,2,4,2,5.0,,0.0,0,1963.0,B01,138Â 293Â 693,1.0,-1.0,-1.0,1647487,2.0,7,,0.0,2.0,3.0,B01,138Â 293Â 693,1.0
965282,201900006813,6,13,16:15,1,1,1,1.0,1.0,64420,Route du Laus,M,"43,3301071"," -0,7222455",64,2019,-1.0,1.0,1.0,3.0,2157611,2.0,2,4,2,5.0,,0.0,0,1963.0,B01,138Â 293Â 693,1.0,-1.0,-1.0,1647488,1.0,7,,0.0,2.0,1.0,A01,138Â 293Â 694,1.0
965282,201900006813,6,13,16:15,1,1,1,1.0,1.0,64420,Route du Laus,M,"43,3301071"," -0,7222455",64,2019,-1.0,1.0,1.0,3.0,2157612,1.0,1,3,2,9.0,,0.0,0,1949.0,A01,138Â 293Â 694,1.0,-1.0,-1.0,1647487,2.0,7,,0.0,2.0,3.0,B01,138Â 293Â 693,1.0
965282,201900006813,6,13,16:15,1,1,1,1.0,1.0,64420,Route du Laus,M,"43,3301071"," -0,7222455",64,2019,-1.0,1.0,1.0,3.0,2157612,1.0,1,3,2,9.0,,0.0,0,1949.0,A01,138Â 293Â 694,1.0,-1.0,-1.0,1647488,1.0,7,,0.0,2.0,1.0,A01,138Â 293Â 694,1.0
965283,201900006814,6,3,06:45,1,1,1,1.0,7.0,64314,RD933 - PK 62,M,"43,2261737"," -1,1092445",64,2019,80.0,3.0,1.0,3.0,2157613,1.0,1,4,1,1.0,,0.0,0,1998.0,A01,138Â 293Â 692,1.0,-1.0,-1.0,1647489,1.0,7,,10.0,0.0,1.0,A01,138Â 293Â 692,1.0
965284,201900006815,6,3,07:00,1,2,1,1.0,1.0,64105,dÃ©partementale 123,M,"43,3632379"," -1,0908307",64,2019,70.0,1.0,1.0,3.0,2157614,1.0,1,3,1,1.0,,0.0,0,2003.0,A01,138Â 293Â 690,2.0,-1.0,-1.0,1647490,1.0,30,,0.0,2.0,1.0,A01,138Â 293Â 690,1.0
965284,201900006815,6,3,07:00,1,2,1,1.0,1.0,64105,dÃ©partementale 123,M,"43,3632379"," -1,0908307",64,2019,70.0,1.0,1.0,3.0,2157614,1.0,1,3,1,1.0,,0.0,0,2003.0,A01,138Â 293Â 690,2.0,-1.0,-1.0,1647491,2.0,7,,0.0,2.0,3.0,B01,138Â 293Â 691,1.0
965284,201900006815,6,3,07:00,1,2,1,1.0,1.0,64105,dÃ©partementale 123,M,"43,3632379"," -1,0908307",64,2019,70.0,1.0,1.0,3.0,2157615,1.0,1,1,1,1.0,,0.0,0,1970.0,B01,138Â 293Â 691,1.0,-1.0,-1.0,1647490,1.0,30,,0.0,2.0,1.0,A01,138Â 293Â 690,1.0
965284,201900006815,6,3,07:00,1,2,1,1.0,1.0,64105,dÃ©partementale 123,M,"43,3632379"," -1,0908307",64,2019,70.0,1.0,1.0,3.0,2157615,1.0,1,1,1,1.0,,0.0,0,1970.0,B01,138Â 293Â 691,1.0,-1.0,-1.0,1647491,2.0,7,,0.0,2.0,3.0,B01,138Â 293Â 691,1.0
965285,201900006816,6,15,13:45,1,1,1,1.0,7.0,64477,Route de BANCA,M,"43,1642506"," -1,3575700",64,2019,80.0,1.0,3.0,3.0,2157616,1.0,1,3,1,5.0,,0.0,0,1986.0,A01,138Â 293Â 689,2.0,6.0,-1.0,1647492,1.0,33,,0.0,0.0,2.0,A01,138Â 293Â 689,0.0
965286,201900006817,6,4,18:25,1,1,1,1.0,7.0,64538,route d'ASCARAT,M,"43,1656390"," -1,2497863",64,2019,50.0,1.0,2.0,3.0,2157617,1.0,1,4,1,5.0,,0.0,0,2002.0,A01,138Â 293Â 688,2.0,6.0,-1.0,1647493,1.0,2,,0.0,0.0,8.0,A01,138Â 293Â 688,1.0
965287,201900006818,6,18,19:30,1,2,1,1.0,1.0,64147,Chemin ithuraldia,M,"43,4595160"," -1,3348140",64,2019,50.0,1.0,1.0,9.0,2157618,1.0,1,1,1,5.0,,0.0,0,1965.0,B01,138Â 293Â 686,1.0,-1.0,-1.0,1647494,2.0,7,,0.0,9.0,3.0,B01,138Â 293Â 686,1.0
965287,201900006818,6,18,19:30,1,2,1,1.0,1.0,64147,Chemin ithuraldia,M,"43,4595160"," -1,3348140",64,2019,50.0,1.0,1.0,9.0,2157618,1.0,1,1,1,5.0,,0.0,0,1965.0,B01,138Â 293Â 686,1.0,-1.0,-1.0,1647495,1.0,2,,0.0,2.0,3.0,A01,138Â 293Â 687,1.0
965287,201900006818,6,18,19:30,1,2,1,1.0,1.0,64147,Chemin ithuraldia,M,"43,4595160"," -1,3348140",64,2019,50.0,1.0,1.0,9.0,2157619,1.0,1,3,2,5.0,,0.0,0,2003.0,A01,138Â 293Â 687,2.0,-1.0,-1.0,1647494,2.0,7,,0.0,9.0,3.0,B01,138Â 293Â 686,1.0
965287,201900006818,6,18,19:30,1,2,1,1.0,1.0,64147,Chemin ithuraldia,M,"43,4595160"," -1,3348140",64,2019,50.0,1.0,1.0,9.0,2157619,1.0,1,3,2,5.0,,0.0,0,2003.0,A01,138Â 293Â 687,2.0,-1.0,-1.0,1647495,1.0,2,,0.0,2.0,3.0,A01,138Â 293Â 687,1.0
965288,201900006819,6,16,19:30,1,1,1,1.0,3.0,64256,Rd 22 - quartier LARARTE - PK 26900,M,"43,3821272"," -1,2929456",64,2019,80.0,1.0,1.0,3.0,2157620,1.0,1,1,1,5.0,,0.0,0,1955.0,B01,138Â 293Â 684,1.0,-1.0,-1.0,1647496,1.0,7,,0.0,2.0,8.0,B01,138Â 293Â 684,1.0
965288,201900006819,6,16,19:30,1,1,1,1.0,3.0,64256,Rd 22 - quartier LARARTE - PK 26900,M,"43,3821272"," -1,2929456",64,2019,80.0,1.0,1.0,3.0,2157620,1.0,1,1,1,5.0,,0.0,0,1955.0,B01,138Â 293Â 684,1.0,-1.0,-1.0,1647497,2.0,7,,0.0,2.0,3.0,A01,138Â 293Â 685,1.0
965288,201900006819,6,16,19:30,1,1,1,1.0,3.0,64256,Rd 22 - quartier LARARTE - PK 26900,M,"43,3821272"," -1,2929456",64,2019,80.0,1.0,1.0,3.0,2157621,2.0,2,1,2,5.0,,0.0,0,1962.0,B01,138Â 293Â 684,1.0,-1.0,-1.0,1647496,1.0,7,,0.0,2.0,8.0,B01,138Â 293Â 684,1.0
965288,201900006819,6,16,19:30,1,1,1,1.0,3.0,64256,Rd 22 - quartier LARARTE - PK 26900,M,"43,3821272"," -1,2929456",64,2019,80.0,1.0,1.0,3.0,2157621,2.0,2,1,2,5.0,,0.0,0,1962.0,B01,138Â 293Â 684,1.0,-1.0,-1.0,1647497,2.0,7,,0.0,2.0,3.0,A01,138Â 293Â 685,1.0
965288,201900006819,6,16,19:30,1,1,1,1.0,3.0,64256,Rd 22 - quartier LARARTE - PK 26900,M,"43,3821272"," -1,2929456",64,2019,80.0,1.0,1.0,3.0,2157622,3.0,2,3,2,5.0,,0.0,0,1938.0,B01,138Â 293Â 684,1.0,-1.0,-1.0,1647496,1.0,7,,0.0,2.0,8.0,B01,138Â 293Â 684,1.0
965288,201900006819,6,16,19:30,1,1,1,1.0,3.0,64256,Rd 22 - quartier LARARTE - PK 26900,M,"43,3821272"," -1,2929456",64,2019,80.0,1.0,1.0,3.0,2157622,3.0,2,3,2,5.0,,0.0,0,1938.0,B01,138Â 293Â 684,1.0,-1.0,-1.0,1647497,2.0,7,,0.0,2.0,3.0,A01,138Â 293Â 685,1.0
965288,201900006819,6,16,19:30,1,1,1,1.0,3.0,64256,Rd 22 - quartier LARARTE - PK 26900,M,"43,3821272"," -1,2929456",64,2019,80.0,1.0,1.0,3.0,2157623,1.0,1,1,1,5.0,,0.0,0,1999.0,A01,138Â 293Â 685,1.0,-1.0,-1.0,1647496,1.0,7,,0.0,2.0,8.0,B01,138Â 293Â 684,1.0
965288,201900006819,6,16,19:30,1,1,1,1.0,3.0,64256,Rd 22 - quartier LARARTE - PK 26900,M,"43,3821272"," -1,2929456",64,2019,80.0,1.0,1.0,3.0,2157623,1.0,1,1,1,5.0,,0.0,0,1999.0,A01,138Â 293Â 685,1.0,-1.0,-1.0,1647497,2.0,7,,0.0,2.0,3.0,A01,138Â 293Â 685,1.0
965288,201900006819,6,16,19:30,1,1,1,1.0,3.0,64256,Rd 22 - quartier LARARTE - PK 26900,M,"43,3821272"," -1,2929456",64,2019,80.0,1.0,1.0,3.0,2157624,2.0,2,4,2,5.0,,0.0,0,1970.0,A01,138Â 293Â 685,1.0,-1.0,-1.0,1647496,1.0,7,,0.0,2.0,8.0,B01,138Â 293Â 684,1.0
965288,201900006819,6,16,19:30,1,1,1,1.0,3.0,64256,Rd 22 - quartier LARARTE - PK 26900,M,"43,3821272"," -1,2929456",64,2019,80.0,1.0,1.0,3.0,2157624,2.0,2,4,2,5.0,,0.0,0,1970.0,A01,138Â 293Â 685,1.0,-1.0,-1.0,1647497,2.0,7,,0.0,2.0,3.0,A01,138Â 293Â 685,1.0
965289,201900006820,6,9,13:15,1,1,1,1.0,1.0,64094,Borde Aroubers,M,"43,4745520"," -1,2048040",64,2019,80.0,1.0,1.0,4.0,2157625,1.0,1,4,1,5.0,,0.0,0,2001.0,B01,138Â 293Â 682,2.0,-1.0,-1.0,1647498,3.0,31,,0.0,2.0,1.0,B01,138Â 293Â 682,6.0
965289,201900006820,6,9,13:15,1,1,1,1.0,1.0,64094,Borde Aroubers,M,"43,4745520"," -1,2048040",64,2019,80.0,1.0,1.0,4.0,2157625,1.0,1,4,1,5.0,,0.0,0,2001.0,B01,138Â 293Â 682,2.0,-1.0,-1.0,1647499,0.0,7,,0.0,2.0,3.0,A01,138Â 293Â 683,6.0
965289,201900006820,6,9,13:15,1,1,1,1.0,1.0,64094,Borde Aroubers,M,"43,4745520"," -1,2048040",64,2019,80.0,1.0,1.0,4.0,2157626,1.0,1,1,2,5.0,,0.0,0,1950.0,A01,138Â 293Â 683,1.0,-1.0,-1.0,1647498,3.0,31,,0.0,2.0,1.0,B01,138Â 293Â 682,6.0
965289,201900006820,6,9,13:15,1,1,1,1.0,1.0,64094,Borde Aroubers,M,"43,4745520"," -1,2048040",64,2019,80.0,1.0,1.0,4.0,2157626,1.0,1,1,2,5.0,,0.0,0,1950.0,A01,138Â 293Â 683,1.0,-1.0,-1.0,1647499,0.0,7,,0.0,2.0,3.0,A01,138Â 293Â 683,6.0
965290,201900006821,6,17,18:15,1,1,1,1.0,3.0,64234,RD 262,M,"43,5092138"," -0,4985025",64,2019,80.0,1.0,1.0,3.0,2157627,1.0,1,1,1,4.0,,0.0,0,1960.0,B01,138Â 293Â 680,0.0,-1.0,-1.0,1647500,1.0,21,,0.0,2.0,6.0,B01,138Â 293Â 680,1.0
965290,201900006821,6,17,18:15,1,1,1,1.0,3.0,64234,RD 262,M,"43,5092138"," -0,4985025",64,2019,80.0,1.0,1.0,3.0,2157627,1.0,1,1,1,4.0,,0.0,0,1960.0,B01,138Â 293Â 680,0.0,-1.0,-1.0,1647501,2.0,7,,0.0,2.0,3.0,A01,138Â 293Â 681,2.0
965290,201900006821,6,17,18:15,1,1,1,1.0,3.0,64234,RD 262,M,"43,5092138"," -0,4985025",64,2019,80.0,1.0,1.0,3.0,2157628,1.0,1,4,1,3.0,,0.0,0,1930.0,A01,138Â 293Â 681,1.0,-1.0,-1.0,1647500,1.0,21,,0.0,2.0,6.0,B01,138Â 293Â 680,1.0
965290,201900006821,6,17,18:15,1,1,1,1.0,3.0,64234,RD 262,M,"43,5092138"," -0,4985025",64,2019,80.0,1.0,1.0,3.0,2157628,1.0,1,4,1,3.0,,0.0,0,1930.0,A01,138Â 293Â 681,1.0,-1.0,-1.0,1647501,2.0,7,,0.0,2.0,3.0,A01,138Â 293Â 681,2.0
965290,201900006821,6,17,18:15,1,1,1,1.0,3.0,64234,RD 262,M,"43,5092138"," -0,4985025",64,2019,80.0,1.0,1.0,3.0,2157629,2.0,2,4,2,3.0,,0.0,0,1934.0,A01,138Â 293Â 681,1.0,-1.0,-1.0,1647500,1.0,21,,0.0,2.0,6.0,B01,138Â 293Â 680,1.0
965290,201900006821,6,17,18:15,1,1,1,1.0,3.0,64234,RD 262,M,"43,5092138"," -0,4985025",64,2019,80.0,1.0,1.0,3.0,2157629,2.0,2,4,2,3.0,,0.0,0,1934.0,A01,138Â 293Â 681,1.0,-1.0,-1.0,1647501,2.0,7,,0.0,2.0,3.0,A01,138Â 293Â 681,2.0
965291,201900006822,6,16,17:30,1,2,1,1.0,7.0,64339,D 937,M,"43,1239734"," -0,2071070",64,2019,50.0,1.0,1.0,3.0,2157630,1.0,1,4,1,5.0,,0.0,0,1977.0,A01,138Â 293Â 677,2.0,-1.0,-1.0,1647502,2.0,33,,0.0,0.0,0.0,A01,138Â 293Â 677,1.0
965292,201900006823,6,5,18:50,1,1,1,1.0,7.0,64524,D943,M,"43,4339506"," -0,1788559",64,2019,80.0,3.0,1.0,3.0,2157631,1.0,1,3,2,1.0,,0.0,0,1997.0,A01,138Â 293Â 676,1.0,-1.0,-1.0,1647503,1.0,7,,2.0,0.0,8.0,A01,138Â 293Â 676,1.0
965293,201900006824,6,8,01:00,3,1,1,1.0,2.0,64511,dÃ©partementale 834,M,"43,3981817"," -0,3730477",64,2019,70.0,1.0,1.0,3.0,2157632,1.0,1,3,1,5.0,,0.0,0,1986.0,B01,138Â 293Â 674,2.0,6.0,-1.0,1647504,2.0,33,,0.0,2.0,1.0,B01,138Â 293Â 674,1.0
965293,201900006824,6,8,01:00,3,1,1,1.0,2.0,64511,dÃ©partementale 834,M,"43,3981817"," -0,3730477",64,2019,70.0,1.0,1.0,3.0,2157632,1.0,1,3,1,5.0,,0.0,0,1986.0,B01,138Â 293Â 674,2.0,6.0,-1.0,1647505,2.0,7,,0.0,0.0,4.0,A01,138Â 293Â 675,1.0
965293,201900006824,6,8,01:00,3,1,1,1.0,2.0,64511,dÃ©partementale 834,M,"43,3981817"," -0,3730477",64,2019,70.0,1.0,1.0,3.0,2157633,1.0,1,1,1,9.0,,0.0,0,1993.0,A01,138Â 293Â 675,1.0,-1.0,-1.0,1647504,2.0,33,,0.0,2.0,1.0,B01,138Â 293Â 674,1.0
965293,201900006824,6,8,01:00,3,1,1,1.0,2.0,64511,dÃ©partementale 834,M,"43,3981817"," -0,3730477",64,2019,70.0,1.0,1.0,3.0,2157633,1.0,1,1,1,9.0,,0.0,0,1993.0,A01,138Â 293Â 675,1.0,-1.0,-1.0,1647505,2.0,7,,0.0,0.0,4.0,A01,138Â 293Â 675,1.0
965294,201900006825,6,20,18:35,1,2,4,1.0,1.0,73303,rue Pasteur,M,"45,7468860","6,4237460",73,2019,30.0,1.0,1.0,4.0,2157634,1.0,1,1,1,4.0,,0.0,0,1989.0,A01,138Â 293Â 670,1.0,-1.0,-1.0,1647506,3.0,7,,0.0,2.0,1.0,A01,138Â 293Â 670,1.0
965294,201900006825,6,20,18:35,1,2,4,1.0,1.0,73303,rue Pasteur,M,"45,7468860","6,4237460",73,2019,30.0,1.0,1.0,4.0,2157634,1.0,1,1,1,4.0,,0.0,0,1989.0,A01,138Â 293Â 670,1.0,-1.0,-1.0,1647507,3.0,2,,0.0,2.0,1.0,B01,138Â 293Â 671,1.0
965294,201900006825,6,20,18:35,1,2,4,1.0,1.0,73303,rue Pasteur,M,"45,7468860","6,4237460",73,2019,30.0,1.0,1.0,4.0,2157635,1.0,1,3,1,5.0,,0.0,0,2001.0,B01,138Â 293Â 671,2.0,-1.0,-1.0,1647506,3.0,7,,0.0,2.0,1.0,A01,138Â 293Â 670,1.0
965294,201900006825,6,20,18:35,1,2,4,1.0,1.0,73303,rue Pasteur,M,"45,7468860","6,4237460",73,2019,30.0,1.0,1.0,4.0,2157635,1.0,1,3,1,5.0,,0.0,0,2001.0,B01,138Â 293Â 671,2.0,-1.0,-1.0,1647507,3.0,2,,0.0,2.0,1.0,B01,138Â 293Â 671,1.0
965295,201900006826,6,8,20:45,2,2,2,1.0,1.0,73241,AllÃ©e du Parc / Rue des Colonnes,M,"45,6135294","6,3183275",73,2019,30.0,1.0,1.0,4.0,2157636,1.0,1,1,1,5.0,,0.0,0,1988.0,A01,138Â 293Â 668,1.0,-1.0,-1.0,1647508,3.0,7,,0.0,2.0,1.0,A01,138Â 293Â 668,1.0
965295,201900006826,6,8,20:45,2,2,2,1.0,1.0,73241,AllÃ©e du Parc / Rue des Colonnes,M,"45,6135294","6,3183275",73,2019,30.0,1.0,1.0,4.0,2157636,1.0,1,1,1,5.0,,0.0,0,1988.0,A01,138Â 293Â 668,1.0,-1.0,-1.0,1647509,3.0,7,,0.0,2.0,1.0,B01,138Â 293Â 669,1.0
965295,201900006826,6,8,20:45,2,2,2,1.0,1.0,73241,AllÃ©e du Parc / Rue des Colonnes,M,"45,6135294","6,3183275",73,2019,30.0,1.0,1.0,4.0,2157637,1.0,1,4,1,5.0,,0.0,0,1998.0,B01,138Â 293Â 669,1.0,-1.0,-1.0,1647508,3.0,7,,0.0,2.0,1.0,A01,138Â 293Â 668,1.0
965295,201900006826,6,8,20:45,2,2,2,1.0,1.0,73241,AllÃ©e du Parc / Rue des Colonnes,M,"45,6135294","6,3183275",73,2019,30.0,1.0,1.0,4.0,2157637,1.0,1,4,1,5.0,,0.0,0,1998.0,B01,138Â 293Â 669,1.0,-1.0,-1.0,1647509,3.0,7,,0.0,2.0,1.0,B01,138Â 293Â 669,1.0
965296,201900006827,6,4,14:00,1,2,4,1.0,2.0,73154,D64 Route de Gemilly,M,"45,6664624","6,3355604",73,2019,50.0,1.0,1.0,3.0,2157638,1.0,1,1,1,5.0,,0.0,0,1946.0,B01,138Â 293Â 666,1.0,-1.0,-1.0,1647510,1.0,7,,0.0,0.0,5.0,B01,138Â 293Â 666,1.0
965296,201900006827,6,4,14:00,1,2,4,1.0,2.0,73154,D64 Route de Gemilly,M,"45,6664624","6,3355604",73,2019,50.0,1.0,1.0,3.0,2157638,1.0,1,1,1,5.0,,0.0,0,1946.0,B01,138Â 293Â 666,1.0,-1.0,-1.0,1647511,1.0,2,,0.0,2.0,1.0,A01,138Â 293Â 667,1.0
965296,201900006827,6,4,14:00,1,2,4,1.0,2.0,73154,D64 Route de Gemilly,M,"45,6664624","6,3355604",73,2019,50.0,1.0,1.0,3.0,2157639,1.0,1,3,1,5.0,,0.0,0,2002.0,A01,138Â 293Â 667,2.0,-1.0,-1.0,1647510,1.0,7,,0.0,0.0,5.0,B01,138Â 293Â 666,1.0
965296,201900006827,6,4,14:00,1,2,4,1.0,2.0,73154,D64 Route de Gemilly,M,"45,6664624","6,3355604",73,2019,50.0,1.0,1.0,3.0,2157639,1.0,1,3,1,5.0,,0.0,0,2002.0,A01,138Â 293Â 667,2.0,-1.0,-1.0,1647511,1.0,2,,0.0,2.0,1.0,A01,138Â 293Â 667,1.0
965297,201900006828,5,31,08:50,1,2,1,1.0,6.0,73124,avenue Georges POMPIDO,M,"45,6552649","6,3591436",73,2019,50.0,1.0,1.0,4.0,2157640,1.0,1,1,1,3.0,,0.0,0,1957.0,A01,138Â 293Â 665,1.0,-1.0,-1.0,1647512,1.0,7,,0.0,1.0,1.0,A01,138Â 293Â 665,1.0
965297,201900006828,5,31,08:50,1,2,1,1.0,6.0,73124,avenue Georges POMPIDO,M,"45,6552649","6,3591436",73,2019,50.0,1.0,1.0,4.0,2157641,10.0,3,3,2,3.0,,3.0,3,1934.0,A01,138Â 293Â 665,0.0,-1.0,-1.0,1647512,1.0,7,,0.0,1.0,1.0,A01,138Â 293Â 665,1.0
965298,201900006829,6,18,17:50,1,1,1,1.0,7.0,73151,route de francin D2,M,"45,4978965","6,0341909",73,2019,80.0,3.0,1.0,3.0,2157642,1.0,1,4,1,0.0,,0.0,0,1997.0,A01,138Â 293Â 664,8.0,-1.0,-1.0,1647513,0.0,2,,0.0,0.0,0.0,A01,138Â 293Â 664,0.0
965299,201900006830,6,18,10:00,1,1,1,1.0,1.0,73229,D1006,M,"45,4544130","5,7711605",73,2019,80.0,1.0,1.0,3.0,2157643,1.0,1,4,1,5.0,,0.0,0,1956.0,B01,138Â 293Â 662,2.0,6.0,9.0,1647514,2.0,33,,0.0,0.0,7.0,B01,138Â 293Â 662,6.0
965299,201900006830,6,18,10:00,1,1,1,1.0,1.0,73229,D1006,M,"45,4544130","5,7711605",73,2019,80.0,1.0,1.0,3.0,2157643,1.0,1,4,1,5.0,,0.0,0,1956.0,B01,138Â 293Â 662,2.0,6.0,9.0,1647515,1.0,33,,0.0,2.0,1.0,A01,138Â 293Â 663,1.0
965299,201900006830,6,18,10:00,1,1,1,1.0,1.0,73229,D1006,M,"45,4544130","5,7711605",73,2019,80.0,1.0,1.0,3.0,2157644,1.0,1,3,1,0.0,,0.0,0,1982.0,A01,138Â 293Â 663,2.0,6.0,9.0,1647514,2.0,33,,0.0,0.0,7.0,B01,138Â 293Â 662,6.0
965299,201900006830,6,18,10:00,1,1,1,1.0,1.0,73229,D1006,M,"45,4544130","5,7711605",73,2019,80.0,1.0,1.0,3.0,2157644,1.0,1,3,1,0.0,,0.0,0,1982.0,A01,138Â 293Â 663,2.0,6.0,9.0,1647515,1.0,33,,0.0,2.0,1.0,A01,138Â 293Â 663,1.0
965300,201900006831,6,11,15:00,1,1,1,3.0,6.0,73246,D45,M,"45,4649256","5,8210731",73,2019,80.0,3.0,2.0,3.0,2157645,1.0,1,3,2,5.0,,0.0,0,1981.0,A01,138Â 293Â 661,1.0,-1.0,-1.0,1647516,1.0,7,,4.0,0.0,2.0,A01,138Â 293Â 661,1.0
965301,201900006832,6,7,13:25,1,1,1,1.0,1.0,73100,D921e Le Cheval Blanc,M,"45,5311889","5,7177732",73,2019,70.0,1.0,1.0,3.0,2157646,1.0,1,3,1,5.0,,0.0,0,1998.0,A01,138Â 293Â 659,1.0,-1.0,-1.0,1647517,1.0,7,,0.0,2.0,1.0,A01,138Â 293Â 659,1.0
965301,201900006832,6,7,13:25,1,1,1,1.0,1.0,73100,D921e Le Cheval Blanc,M,"45,5311889","5,7177732",73,2019,70.0,1.0,1.0,3.0,2157646,1.0,1,3,1,5.0,,0.0,0,1998.0,A01,138Â 293Â 659,1.0,-1.0,-1.0,1647518,2.0,7,,0.0,2.0,1.0,B01,138Â 293Â 660,1.0
965301,201900006832,6,7,13:25,1,1,1,1.0,1.0,73100,D921e Le Cheval Blanc,M,"45,5311889","5,7177732",73,2019,70.0,1.0,1.0,3.0,2157647,1.0,1,3,2,5.0,,0.0,0,1956.0,B01,138Â 293Â 660,1.0,-1.0,-1.0,1647517,1.0,7,,0.0,2.0,1.0,A01,138Â 293Â 659,1.0
965301,201900006832,6,7,13:25,1,1,1,1.0,1.0,73100,D921e Le Cheval Blanc,M,"45,5311889","5,7177732",73,2019,70.0,1.0,1.0,3.0,2157647,1.0,1,3,2,5.0,,0.0,0,1956.0,B01,138Â 293Â 660,1.0,-1.0,-1.0,1647518,2.0,7,,0.0,2.0,1.0,B01,138Â 293Â 660,1.0
965302,201900006833,6,10,06:00,2,1,6,2.0,6.0,73300,D1201 Route les Rives du Lac,M,"45,6628754","5,8959703",73,2019,70.0,8.0,2.0,3.0,2157648,1.0,1,2,1,5.0,,0.0,0,1992.0,A01,138Â 293Â 658,1.0,-1.0,-1.0,1647519,2.0,7,,8.0,0.0,1.0,A01,138Â 293Â 658,1.0
965303,201900006834,6,2,14:55,1,1,1,1.0,6.0,73128,D1201 Route de l'Albanais,M,"45,7347448","5,9221467",73,2019,80.0,8.0,1.0,3.0,2157649,2.0,2,3,1,0.0,,0.0,0,1985.0,A01,138Â 293Â 657,8.0,-1.0,-1.0,1647520,1.0,7,,13.0,0.0,3.0,A01,138Â 293Â 657,1.0
965303,201900006834,6,2,14:55,1,1,1,1.0,6.0,73128,D1201 Route de l'Albanais,M,"45,7347448","5,9221467",73,2019,80.0,8.0,1.0,3.0,2157650,1.0,1,4,1,0.0,,0.0,0,1980.0,A01,138Â 293Â 657,8.0,-1.0,-1.0,1647520,1.0,7,,13.0,0.0,3.0,A01,138Â 293Â 657,1.0
965304,201900006835,6,14,08:15,1,1,1,1.0,1.0,18103,Plaisance,M,"47,1078180","1,8790100",18,2019,80.0,1.0,2.0,3.0,2157651,1.0,1,1,1,4.0,,0.0,0,1948.0,B01,138Â 293Â 655,1.0,-1.0,-1.0,1647521,1.0,20,,0.0,2.0,1.0,B01,138Â 293Â 655,1.0
965304,201900006835,6,14,08:15,1,1,1,1.0,1.0,18103,Plaisance,M,"47,1078180","1,8790100",18,2019,80.0,1.0,2.0,3.0,2157651,1.0,1,1,1,4.0,,0.0,0,1948.0,B01,138Â 293Â 655,1.0,-1.0,-1.0,1647522,2.0,7,,0.0,2.0,2.0,A01,138Â 293Â 656,1.0
965304,201900006835,6,14,08:15,1,1,1,1.0,1.0,18103,Plaisance,M,"47,1078180","1,8790100",18,2019,80.0,1.0,2.0,3.0,2157652,1.0,1,3,2,5.0,,0.0,0,1973.0,A01,138Â 293Â 656,1.0,-1.0,-1.0,1647521,1.0,20,,0.0,2.0,1.0,B01,138Â 293Â 655,1.0