Unnamed: 0_x,num_acc,mois,jour,hrmn,lum,agg,int,atm,col,com,adr,gps,lat,long,dep,annee,vma,situ,surf,catr,Unnamed: 0_y,place,catu,grav,sexe,trajet,secu,locp,actp,an_nais,num_veh_x,id_vehicule_x,secu1,secu2,secu3,Unnamed: 0,senc,catv,occutc,obs,obsm,choc,num_veh_y,id_vehicule_y,motor
965304,201900006835,6,14,08:15,1,1,1,1.0,1.0,18103,Plaisance,M,"47,1078180","1,8790100",18,2019,80.0,1.0,2.0,3.0,2157652,1.0,1,3,2,5.0,,0.0,0,1973.0,A01,138Â 293Â 656,1.0,-1.0,-1.0,1647522,2.0,7,,0.0,2.0,2.0,A01,138Â 293Â 656,1.0
965305,201900006836,6,16,19:30,1,2,1,1.0,6.0,18095,Grande Rue,M,"46,9676980","2,8010270",18,2019,50.0,3.0,1.0,3.0,2157653,1.0,1,3,1,0.0,,0.0,0,1992.0,A01,138Â 293Â 654,1.0,-1.0,-1.0,1647523,3.0,7,,6.0,0.0,1.0,A01,138Â 293Â 654,1.0
965306,201900006837,6,6,10:15,1,1,2,1.0,3.0,18289,PR 041+000,M,"46,9517450","2,5682970",18,2019,80.0,1.0,1.0,3.0,2157654,1.0,1,3,1,5.0,,0.0,0,1988.0,A01,138Â 293Â 652,1.0,-1.0,-1.0,1647524,2.0,7,,0.0,2.0,7.0,A01,138Â 293Â 652,1.0
965306,201900006837,6,6,10:15,1,1,2,1.0,3.0,18289,PR 041+000,M,"46,9517450","2,5682970",18,2019,80.0,1.0,1.0,3.0,2157654,1.0,1,3,1,5.0,,0.0,0,1988.0,A01,138Â 293Â 652,1.0,-1.0,-1.0,1647525,2.0,15,,0.0,2.0,1.0,B01,138Â 293Â 653,1.0
965306,201900006837,6,6,10:15,1,1,2,1.0,3.0,18289,PR 041+000,M,"46,9517450","2,5682970",18,2019,80.0,1.0,1.0,3.0,2157655,1.0,1,1,1,4.0,,0.0,0,1967.0,B01,138Â 293Â 653,1.0,-1.0,-1.0,1647524,2.0,7,,0.0,2.0,7.0,A01,138Â 293Â 652,1.0
965306,201900006837,6,6,10:15,1,1,2,1.0,3.0,18289,PR 041+000,M,"46,9517450","2,5682970",18,2019,80.0,1.0,1.0,3.0,2157655,1.0,1,1,1,4.0,,0.0,0,1967.0,B01,138Â 293Â 653,1.0,-1.0,-1.0,1647525,2.0,15,,0.0,2.0,1.0,B01,138Â 293Â 653,1.0
965307,201900006838,6,3,13:00,1,1,6,1.0,2.0,18180,rd2076,M,"47,0194752","2,4772198",18,2019,80.0,1.0,1.0,3.0,2157656,1.0,1,1,1,1.0,,0.0,0,1969.0,B01,138Â 293Â 650,1.0,-1.0,-1.0,1647526,1.0,15,,0.0,0.0,6.0,B01,138Â 293Â 650,1.0
965307,201900006838,6,3,13:00,1,1,6,1.0,2.0,18180,rd2076,M,"47,0194752","2,4772198",18,2019,80.0,1.0,1.0,3.0,2157656,1.0,1,1,1,1.0,,0.0,0,1969.0,B01,138Â 293Â 650,1.0,-1.0,-1.0,1647527,1.0,7,,0.0,2.0,1.0,A01,138Â 293Â 651,1.0
965307,201900006838,6,3,13:00,1,1,6,1.0,2.0,18180,rd2076,M,"47,0194752","2,4772198",18,2019,80.0,1.0,1.0,3.0,2157657,1.0,1,3,1,5.0,,0.0,0,1977.0,A01,138Â 293Â 651,1.0,-1.0,-1.0,1647526,1.0,15,,0.0,0.0,6.0,B01,138Â 293Â 650,1.0
965307,201900006838,6,3,13:00,1,1,6,1.0,2.0,18180,rd2076,M,"47,0194752","2,4772198",18,2019,80.0,1.0,1.0,3.0,2157657,1.0,1,3,1,5.0,,0.0,0,1977.0,A01,138Â 293Â 651,1.0,-1.0,-1.0,1647527,1.0,7,,0.0,2.0,1.0,A01,138Â 293Â 651,1.0
965308,201900006839,6,8,17:40,1,2,1,1.0,7.0,18016,ruelle,M,"47,2150600","2,5892400",18,2019,50.0,4.0,1.0,3.0,2157658,1.0,1,3,1,5.0,,0.0,0,1979.0,A01,138Â 293Â 649,0.0,-1.0,-1.0,1647528,0.0,36,,0.0,0.0,0.0,A01,138Â 293Â 649,1.0
965309,201900006840,6,3,15:45,1,2,1,1.0,6.0,43051,5 route du stade,M,"45,0601220","4,2948010",43,2019,30.0,3.0,1.0,4.0,2157659,1.0,1,3,1,5.0,,0.0,0,2004.0,A01,138Â 293Â 648,2.0,-1.0,-1.0,1647529,3.0,2,,15.0,0.0,1.0,A01,138Â 293Â 648,1.0
965310,201900006841,6,16,16:30,1,1,2,1.0,2.0,43020,RD46,M,"45,3095740","4,1129740",43,2019,80.0,1.0,1.0,3.0,2157660,1.0,1,3,1,5.0,,0.0,0,1960.0,A01,138Â 293Â 646,2.0,6.0,-1.0,1647530,1.0,43,,0.0,2.0,1.0,A01,138Â 293Â 646,1.0
965310,201900006841,6,16,16:30,1,1,2,1.0,2.0,43020,RD46,M,"45,3095740","4,1129740",43,2019,80.0,1.0,1.0,3.0,2157660,1.0,1,3,1,5.0,,0.0,0,1960.0,A01,138Â 293Â 646,2.0,6.0,-1.0,1647531,1.0,7,,0.0,0.0,5.0,B01,138Â 293Â 647,1.0
965310,201900006841,6,16,16:30,1,1,2,1.0,2.0,43020,RD46,M,"45,3095740","4,1129740",43,2019,80.0,1.0,1.0,3.0,2157661,1.0,1,1,2,5.0,,0.0,0,1992.0,B01,138Â 293Â 647,1.0,-1.0,-1.0,1647530,1.0,43,,0.0,2.0,1.0,A01,138Â 293Â 646,1.0
965310,201900006841,6,16,16:30,1,1,2,1.0,2.0,43020,RD46,M,"45,3095740","4,1129740",43,2019,80.0,1.0,1.0,3.0,2157661,1.0,1,1,2,5.0,,0.0,0,1992.0,B01,138Â 293Â 647,1.0,-1.0,-1.0,1647531,1.0,7,,0.0,0.0,5.0,B01,138Â 293Â 647,1.0
965311,201900006842,6,1,18:30,1,1,1,1.0,7.0,43162,Lingoustre,M,"45,2306100","3,9995910",43,2019,80.0,3.0,1.0,3.0,2157662,7.0,2,3,1,5.0,,0.0,0,1984.0,A01,138Â 293Â 645,0.0,-1.0,-1.0,1647532,1.0,7,,17.0,0.0,2.0,A01,138Â 293Â 645,1.0
965311,201900006842,6,1,18:30,1,1,1,1.0,7.0,43162,Lingoustre,M,"45,2306100","3,9995910",43,2019,80.0,3.0,1.0,3.0,2157663,1.0,1,3,1,5.0,,0.0,0,2000.0,A01,138Â 293Â 645,1.0,-1.0,-1.0,1647532,1.0,7,,17.0,0.0,2.0,A01,138Â 293Â 645,1.0
965311,201900006842,6,1,18:30,1,1,1,1.0,7.0,43162,Lingoustre,M,"45,2306100","3,9995910",43,2019,80.0,3.0,1.0,3.0,2157664,2.0,2,1,1,5.0,,0.0,0,1988.0,A01,138Â 293Â 645,1.0,-1.0,-1.0,1647532,1.0,7,,17.0,0.0,2.0,A01,138Â 293Â 645,1.0
965312,201900006843,5,31,11:35,1,1,1,1.0,6.0,43120,RD5,M,"45,3875100","3,2860790",43,2019,80.0,3.0,1.0,3.0,2157665,1.0,1,3,2,5.0,,0.0,0,1933.0,A01,138Â 293Â 644,1.0,-1.0,-1.0,1647533,1.0,7,,13.0,0.0,2.0,A01,138Â 293Â 644,1.0
965313,201900006844,6,1,16:25,1,1,1,1.0,6.0,43164,Orcignac,M,"45,2567700","3,9581030",43,2019,80.0,8.0,1.0,3.0,2157666,1.0,1,3,1,5.0,,0.0,0,1974.0,A01,138Â 293Â 642,2.0,-1.0,-1.0,1647534,2.0,33,,13.0,0.0,3.0,A01,138Â 293Â 642,1.0
965314,201900006845,6,2,05:40,2,1,1,1.0,6.0,43230,"Route de Vorey, LA PLAINE DE LA RIBEYRE",M,"45,1634300","3,9306340",43,2019,80.0,3.0,1.0,3.0,2157667,1.0,1,2,1,5.0,,0.0,0,1995.0,A01,138Â 293Â 641,1.0,-1.0,-1.0,1647535,2.0,7,,2.0,0.0,8.0,A01,138Â 293Â 641,1.0
965315,201900006846,6,17,18:30,1,1,1,7.0,7.0,43039,Route du Stade,M,"44,9199000","3,8710380",43,2019,80.0,8.0,9.0,4.0,2157668,1.0,1,3,1,5.0,,0.0,0,2001.0,A01,138Â 293Â 639,2.0,6.0,-1.0,1647536,3.0,31,,13.0,0.0,1.0,A01,138Â 293Â 639,1.0
965316,201900006847,6,2,07:30,1,1,1,1.0,6.0,10259,Route de Nogent,M,"48,4748630","3,4691130",10,2019,80.0,3.0,1.0,3.0,2157669,1.0,1,4,1,5.0,,0.0,0,1981.0,A01,138Â 293Â 638,1.0,-1.0,-1.0,1647537,2.0,7,,2.0,0.0,2.0,A01,138Â 293Â 638,1.0
965316,201900006847,6,2,07:30,1,1,1,1.0,6.0,10259,Route de Nogent,M,"48,4748630","3,4691130",10,2019,80.0,3.0,1.0,3.0,2157670,2.0,2,3,1,5.0,,0.0,0,1990.0,A01,138Â 293Â 638,1.0,-1.0,-1.0,1647537,2.0,7,,2.0,0.0,2.0,A01,138Â 293Â 638,1.0
965317,201900006848,6,1,10:55,1,2,4,1.0,1.0,10140,Route de Montfey,M,"48,0425470","3,9051130",10,2019,80.0,1.0,1.0,3.0,2157671,2.0,2,1,1,5.0,,0.0,0,1958.0,A01,138Â 293Â 635,1.0,-1.0,-1.0,1647538,2.0,7,,0.0,2.0,2.0,A01,138Â 293Â 635,1.0
965317,201900006848,6,1,10:55,1,2,4,1.0,1.0,10140,Route de Montfey,M,"48,0425470","3,9051130",10,2019,80.0,1.0,1.0,3.0,2157671,2.0,2,1,1,5.0,,0.0,0,1958.0,A01,138Â 293Â 635,1.0,-1.0,-1.0,1647539,1.0,7,,0.0,2.0,1.0,B01,138Â 293Â 636,1.0
965317,201900006848,6,1,10:55,1,2,4,1.0,1.0,10140,Route de Montfey,M,"48,0425470","3,9051130",10,2019,80.0,1.0,1.0,3.0,2157672,1.0,1,4,2,5.0,,0.0,0,1977.0,A01,138Â 293Â 635,1.0,-1.0,-1.0,1647538,2.0,7,,0.0,2.0,2.0,A01,138Â 293Â 635,1.0
965317,201900006848,6,1,10:55,1,2,4,1.0,1.0,10140,Route de Montfey,M,"48,0425470","3,9051130",10,2019,80.0,1.0,1.0,3.0,2157672,1.0,1,4,2,5.0,,0.0,0,1977.0,A01,138Â 293Â 635,1.0,-1.0,-1.0,1647539,1.0,7,,0.0,2.0,1.0,B01,138Â 293Â 636,1.0
965317,201900006848,6,1,10:55,1,2,4,1.0,1.0,10140,Route de Montfey,M,"48,0425470","3,9051130",10,2019,80.0,1.0,1.0,3.0,2157673,1.0,1,1,1,5.0,,0.0,0,1990.0,B01,138Â 293Â 636,1.0,-1.0,-1.0,1647538,2.0,7,,0.0,2.0,2.0,A01,138Â 293Â 635,1.0
965317,201900006848,6,1,10:55,1,2,4,1.0,1.0,10140,Route de Montfey,M,"48,0425470","3,9051130",10,2019,80.0,1.0,1.0,3.0,2157673,1.0,1,1,1,5.0,,0.0,0,1990.0,B01,138Â 293Â 636,1.0,-1.0,-1.0,1647539,1.0,7,,0.0,2.0,1.0,B01,138Â 293Â 636,1.0
965317,201900006848,6,1,10:55,1,2,4,1.0,1.0,10140,Route de Montfey,M,"48,0425470","3,9051130",10,2019,80.0,1.0,1.0,3.0,2157674,2.0,2,1,2,9.0,,0.0,0,1985.0,B01,138Â 293Â 636,1.0,-1.0,-1.0,1647538,2.0,7,,0.0,2.0,2.0,A01,138Â 293Â 635,1.0
965317,201900006848,6,1,10:55,1,2,4,1.0,1.0,10140,Route de Montfey,M,"48,0425470","3,9051130",10,2019,80.0,1.0,1.0,3.0,2157674,2.0,2,1,2,9.0,,0.0,0,1985.0,B01,138Â 293Â 636,1.0,-1.0,-1.0,1647539,1.0,7,,0.0,2.0,1.0,B01,138Â 293Â 636,1.0
965318,201900006849,5,6,15:00,1,1,3,1.0,5.0,36200,Rue du BÃ©lier,M,"46,5964670","1,5260100",36,2019,-1.0,1.0,1.0,2.0,2157675,1.0,1,3,1,5.0,,0.0,0,1945.0,A01,138Â 293Â 632,1.0,-1.0,-1.0,1647540,3.0,3,,0.0,2.0,1.0,A01,138Â 293Â 632,1.0
965318,201900006849,5,6,15:00,1,1,3,1.0,5.0,36200,Rue du BÃ©lier,M,"46,5964670","1,5260100",36,2019,-1.0,1.0,1.0,2.0,2157675,1.0,1,3,1,5.0,,0.0,0,1945.0,A01,138Â 293Â 632,1.0,-1.0,-1.0,1647541,2.0,10,,0.0,2.0,2.0,B01,138Â 293Â 633,1.0
965318,201900006849,5,6,15:00,1,1,3,1.0,5.0,36200,Rue du BÃ©lier,M,"46,5964670","1,5260100",36,2019,-1.0,1.0,1.0,2.0,2157675,1.0,1,3,1,5.0,,0.0,0,1945.0,A01,138Â 293Â 632,1.0,-1.0,-1.0,1647542,1.0,7,,0.0,9.0,3.0,C01,138Â 293Â 634,1.0
965318,201900006849,5,6,15:00,1,1,3,1.0,5.0,36200,Rue du BÃ©lier,M,"46,5964670","1,5260100",36,2019,-1.0,1.0,1.0,2.0,2157676,1.0,1,1,1,4.0,,0.0,0,1992.0,B01,138Â 293Â 633,1.0,-1.0,-1.0,1647540,3.0,3,,0.0,2.0,1.0,A01,138Â 293Â 632,1.0
965318,201900006849,5,6,15:00,1,1,3,1.0,5.0,36200,Rue du BÃ©lier,M,"46,5964670","1,5260100",36,2019,-1.0,1.0,1.0,2.0,2157676,1.0,1,1,1,4.0,,0.0,0,1992.0,B01,138Â 293Â 633,1.0,-1.0,-1.0,1647541,2.0,10,,0.0,2.0,2.0,B01,138Â 293Â 633,1.0
965318,201900006849,5,6,15:00,1,1,3,1.0,5.0,36200,Rue du BÃ©lier,M,"46,5964670","1,5260100",36,2019,-1.0,1.0,1.0,2.0,2157676,1.0,1,1,1,4.0,,0.0,0,1992.0,B01,138Â 293Â 633,1.0,-1.0,-1.0,1647542,1.0,7,,0.0,9.0,3.0,C01,138Â 293Â 634,1.0
965318,201900006849,5,6,15:00,1,1,3,1.0,5.0,36200,Rue du BÃ©lier,M,"46,5964670","1,5260100",36,2019,-1.0,1.0,1.0,2.0,2157677,1.0,1,1,1,3.0,,0.0,0,1957.0,C01,138Â 293Â 634,1.0,-1.0,-1.0,1647540,3.0,3,,0.0,2.0,1.0,A01,138Â 293Â 632,1.0
965318,201900006849,5,6,15:00,1,1,3,1.0,5.0,36200,Rue du BÃ©lier,M,"46,5964670","1,5260100",36,2019,-1.0,1.0,1.0,2.0,2157677,1.0,1,1,1,3.0,,0.0,0,1957.0,C01,138Â 293Â 634,1.0,-1.0,-1.0,1647541,2.0,10,,0.0,2.0,2.0,B01,138Â 293Â 633,1.0
965318,201900006849,5,6,15:00,1,1,3,1.0,5.0,36200,Rue du BÃ©lier,M,"46,5964670","1,5260100",36,2019,-1.0,1.0,1.0,2.0,2157677,1.0,1,1,1,3.0,,0.0,0,1957.0,C01,138Â 293Â 634,1.0,-1.0,-1.0,1647542,1.0,7,,0.0,9.0,3.0,C01,138Â 293Â 634,1.0
965319,201900006850,6,7,09:50,1,1,1,3.0,1.0,36141,RD 51,M,"46,5949640","1,8602090",36,2019,80.0,1.0,2.0,3.0,2157678,1.0,1,1,1,4.0,,0.0,0,1987.0,B01,138Â 293Â 630,1.0,-1.0,-1.0,1647543,1.0,14,,0.0,2.0,3.0,B01,138Â 293Â 630,1.0
965319,201900006850,6,7,09:50,1,1,1,3.0,1.0,36141,RD 51,M,"46,5949640","1,8602090",36,2019,80.0,1.0,2.0,3.0,2157678,1.0,1,1,1,4.0,,0.0,0,1987.0,B01,138Â 293Â 630,1.0,-1.0,-1.0,1647544,2.0,7,,0.0,2.0,3.0,A01,138Â 293Â 631,1.0
965319,201900006850,6,7,09:50,1,1,1,3.0,1.0,36141,RD 51,M,"46,5949640","1,8602090",36,2019,80.0,1.0,2.0,3.0,2157679,1.0,1,3,2,1.0,,0.0,0,1977.0,A01,138Â 293Â 631,1.0,-1.0,-1.0,1647543,1.0,14,,0.0,2.0,3.0,B01,138Â 293Â 630,1.0
965319,201900006850,6,7,09:50,1,1,1,3.0,1.0,36141,RD 51,M,"46,5949640","1,8602090",36,2019,80.0,1.0,2.0,3.0,2157679,1.0,1,3,2,1.0,,0.0,0,1977.0,A01,138Â 293Â 631,1.0,-1.0,-1.0,1647544,2.0,7,,0.0,2.0,3.0,A01,138Â 293Â 631,1.0
965320,201900006851,6,8,17:45,1,1,2,1.0,3.0,36164,L'EMBRANCHEMENT,M,"46,5144746","1,9930747",36,2019,80.0,1.0,1.0,3.0,2157680,9.0,2,1,2,5.0,,0.0,0,1993.0,A01,138Â 293Â 628,1.0,-1.0,-1.0,1647545,1.0,7,,0.0,2.0,3.0,A01,138Â 293Â 628,1.0
965320,201900006851,6,8,17:45,1,1,2,1.0,3.0,36164,L'EMBRANCHEMENT,M,"46,5144746","1,9930747",36,2019,80.0,1.0,1.0,3.0,2157680,9.0,2,1,2,5.0,,0.0,0,1993.0,A01,138Â 293Â 628,1.0,-1.0,-1.0,1647546,2.0,3,,0.0,2.0,1.0,B01,138Â 293Â 629,1.0
965320,201900006851,6,8,17:45,1,1,2,1.0,3.0,36164,L'EMBRANCHEMENT,M,"46,5144746","1,9930747",36,2019,80.0,1.0,1.0,3.0,2157681,7.0,2,1,1,5.0,,0.0,0,2006.0,A01,138Â 293Â 628,1.0,-1.0,-1.0,1647545,1.0,7,,0.0,2.0,3.0,A01,138Â 293Â 628,1.0
965320,201900006851,6,8,17:45,1,1,2,1.0,3.0,36164,L'EMBRANCHEMENT,M,"46,5144746","1,9930747",36,2019,80.0,1.0,1.0,3.0,2157681,7.0,2,1,1,5.0,,0.0,0,2006.0,A01,138Â 293Â 628,1.0,-1.0,-1.0,1647546,2.0,3,,0.0,2.0,1.0,B01,138Â 293Â 629,1.0
965320,201900006851,6,8,17:45,1,1,2,1.0,3.0,36164,L'EMBRANCHEMENT,M,"46,5144746","1,9930747",36,2019,80.0,1.0,1.0,3.0,2157682,2.0,2,1,1,5.0,,0.0,0,1994.0,A01,138Â 293Â 628,1.0,-1.0,-1.0,1647545,1.0,7,,0.0,2.0,3.0,A01,138Â 293Â 628,1.0
965320,201900006851,6,8,17:45,1,1,2,1.0,3.0,36164,L'EMBRANCHEMENT,M,"46,5144746","1,9930747",36,2019,80.0,1.0,1.0,3.0,2157682,2.0,2,1,1,5.0,,0.0,0,1994.0,A01,138Â 293Â 628,1.0,-1.0,-1.0,1647546,2.0,3,,0.0,2.0,1.0,B01,138Â 293Â 629,1.0
965320,201900006851,6,8,17:45,1,1,2,1.0,3.0,36164,L'EMBRANCHEMENT,M,"46,5144746","1,9930747",36,2019,80.0,1.0,1.0,3.0,2157683,1.0,1,1,2,5.0,,0.0,0,1999.0,A01,138Â 293Â 628,1.0,-1.0,-1.0,1647545,1.0,7,,0.0,2.0,3.0,A01,138Â 293Â 628,1.0
965320,201900006851,6,8,17:45,1,1,2,1.0,3.0,36164,L'EMBRANCHEMENT,M,"46,5144746","1,9930747",36,2019,80.0,1.0,1.0,3.0,2157683,1.0,1,1,2,5.0,,0.0,0,1999.0,A01,138Â 293Â 628,1.0,-1.0,-1.0,1647546,2.0,3,,0.0,2.0,1.0,B01,138Â 293Â 629,1.0
965320,201900006851,6,8,17:45,1,1,2,1.0,3.0,36164,L'EMBRANCHEMENT,M,"46,5144746","1,9930747",36,2019,80.0,1.0,1.0,3.0,2157684,1.0,1,3,1,5.0,,0.0,0,1955.0,B01,138Â 293Â 629,1.0,-1.0,-1.0,1647545,1.0,7,,0.0,2.0,3.0,A01,138Â 293Â 628,1.0
965320,201900006851,6,8,17:45,1,1,2,1.0,3.0,36164,L'EMBRANCHEMENT,M,"46,5144746","1,9930747",36,2019,80.0,1.0,1.0,3.0,2157684,1.0,1,3,1,5.0,,0.0,0,1955.0,B01,138Â 293Â 629,1.0,-1.0,-1.0,1647546,2.0,3,,0.0,2.0,1.0,B01,138Â 293Â 629,1.0
965321,201900006852,6,16,05:30,2,2,1,1.0,6.0,36088,131 Avenue Charles de Gaulle,M,"46,9374290","2,0054340",36,2019,50.0,3.0,1.0,3.0,2157685,1.0,1,3,1,5.0,,0.0,0,1986.0,A01,138Â 293Â 627,8.0,-1.0,-1.0,1647547,2.0,7,,2.0,0.0,8.0,A01,138Â 293Â 627,1.0
965322,201900006853,6,6,08:45,1,1,1,1.0,6.0,16282,Le Grand Taillis,M,"45,8115000","0,3139000",16,2019,80.0,1.0,1.0,3.0,2157686,1.0,1,3,1,5.0,,0.0,0,1952.0,A01,138Â 293Â 626,2.0,-1.0,-1.0,1647548,2.0,1,,13.0,0.0,7.0,A01,138Â 293Â 626,5.0
965323,201900006854,6,15,13:38,1,1,1,1.0,3.0,16148,D117 - BIGNAC,M,"45,7908020","0,0589010",16,2019,80.0,1.0,1.0,3.0,2157687,1.0,1,3,1,5.0,,0.0,0,1983.0,B01,138Â 293Â 624,1.0,-1.0,-1.0,1647549,1.0,7,,8.0,2.0,3.0,B01,138Â 293Â 624,1.0
965323,201900006854,6,15,13:38,1,1,1,1.0,3.0,16148,D117 - BIGNAC,M,"45,7908020","0,0589010",16,2019,80.0,1.0,1.0,3.0,2157687,1.0,1,3,1,5.0,,0.0,0,1983.0,B01,138Â 293Â 624,1.0,-1.0,-1.0,1647550,2.0,7,,0.0,2.0,3.0,A01,138Â 293Â 625,1.0
965323,201900006854,6,15,13:38,1,1,1,1.0,3.0,16148,D117 - BIGNAC,M,"45,7908020","0,0589010",16,2019,80.0,1.0,1.0,3.0,2157688,1.0,1,4,1,5.0,,0.0,0,1997.0,A01,138Â 293Â 625,8.0,-1.0,-1.0,1647549,1.0,7,,8.0,2.0,3.0,B01,138Â 293Â 624,1.0
965323,201900006854,6,15,13:38,1,1,1,1.0,3.0,16148,D117 - BIGNAC,M,"45,7908020","0,0589010",16,2019,80.0,1.0,1.0,3.0,2157688,1.0,1,4,1,5.0,,0.0,0,1997.0,A01,138Â 293Â 625,8.0,-1.0,-1.0,1647550,2.0,7,,0.0,2.0,3.0,A01,138Â 293Â 625,1.0
965323,201900006854,6,15,13:38,1,1,1,1.0,3.0,16148,D117 - BIGNAC,M,"45,7908020","0,0589010",16,2019,80.0,1.0,1.0,3.0,2157689,2.0,2,4,1,5.0,,0.0,0,1997.0,A01,138Â 293Â 625,8.0,-1.0,-1.0,1647549,1.0,7,,8.0,2.0,3.0,B01,138Â 293Â 624,1.0
965323,201900006854,6,15,13:38,1,1,1,1.0,3.0,16148,D117 - BIGNAC,M,"45,7908020","0,0589010",16,2019,80.0,1.0,1.0,3.0,2157689,2.0,2,4,1,5.0,,0.0,0,1997.0,A01,138Â 293Â 625,8.0,-1.0,-1.0,1647550,2.0,7,,0.0,2.0,3.0,A01,138Â 293Â 625,1.0
965324,201900006855,6,13,17:20,1,1,1,1.0,6.0,16216,Rn 141,M,"45,6831700"," -0,0679200",16,2019,110.0,1.0,1.0,2.0,2157690,1.0,1,1,2,5.0,,0.0,0,1950.0,A01,138Â 293Â 623,1.0,-1.0,-1.0,1647551,2.0,7,,0.0,1.0,2.0,A01,138Â 293Â 623,1.0
965324,201900006855,6,13,17:20,1,1,1,1.0,6.0,16216,Rn 141,M,"45,6831700"," -0,0679200",16,2019,110.0,1.0,1.0,2.0,2157691,10.0,3,4,1,4.0,,1.0,0,1998.0,A01,138Â 293Â 623,0.0,-1.0,-1.0,1647551,2.0,7,,0.0,1.0,2.0,A01,138Â 293Â 623,1.0
965325,201900006856,6,13,21:17,2,1,2,1.0,3.0,16274,Ld Les Gouttes,M,"45,6994750","0,4121910",16,2019,80.0,1.0,1.0,3.0,2157692,1.0,1,3,1,5.0,,0.0,0,2000.0,A01,138Â 293Â 621,1.0,-1.0,-1.0,1647552,2.0,7,,0.0,2.0,3.0,A01,138Â 293Â 621,1.0
965325,201900006856,6,13,21:17,2,1,2,1.0,3.0,16274,Ld Les Gouttes,M,"45,6994750","0,4121910",16,2019,80.0,1.0,1.0,3.0,2157692,1.0,1,3,1,5.0,,0.0,0,2000.0,A01,138Â 293Â 621,1.0,-1.0,-1.0,1647553,1.0,7,,0.0,2.0,1.0,B01,138Â 293Â 622,1.0
965325,201900006856,6,13,21:17,2,1,2,1.0,3.0,16274,Ld Les Gouttes,M,"45,6994750","0,4121910",16,2019,80.0,1.0,1.0,3.0,2157693,1.0,1,4,1,1.0,,0.0,0,1974.0,B01,138Â 293Â 622,1.0,-1.0,-1.0,1647552,2.0,7,,0.0,2.0,3.0,A01,138Â 293Â 621,1.0
965325,201900006856,6,13,21:17,2,1,2,1.0,3.0,16274,Ld Les Gouttes,M,"45,6994750","0,4121910",16,2019,80.0,1.0,1.0,3.0,2157693,1.0,1,4,1,1.0,,0.0,0,1974.0,B01,138Â 293Â 622,1.0,-1.0,-1.0,1647553,1.0,7,,0.0,2.0,1.0,B01,138Â 293Â 622,1.0
965326,201900006857,6,18,10:30,1,2,1,1.0,6.0,07269,520 route du pont,M,"44,9350010","4,3716680",7,2019,50.0,1.0,1.0,3.0,2157694,10.0,3,2,2,3.0,,1.0,3,1926.0,A01,138Â 293Â 620,0.0,-1.0,-1.0,1647554,0.0,7,,0.0,1.0,1.0,A01,138Â 293Â 620,1.0
965326,201900006857,6,18,10:30,1,2,1,1.0,6.0,07269,520 route du pont,M,"44,9350010","4,3716680",7,2019,50.0,1.0,1.0,3.0,2157695,1.0,1,1,2,9.0,,0.0,0,1947.0,A01,138Â 293Â 620,8.0,-1.0,-1.0,1647554,0.0,7,,0.0,1.0,1.0,A01,138Â 293Â 620,1.0
965327,201900006858,6,7,02:35,3,1,1,1.0,6.0,07050,Plot des Vompdes Haut,M,"44,4141610","4,1425640",7,2019,50.0,4.0,1.0,4.0,2157696,1.0,1,3,1,5.0,,0.0,0,1995.0,A01,138Â 293Â 619,8.0,-1.0,-1.0,1647555,3.0,10,,6.0,0.0,3.0,A01,138Â 293Â 619,1.0
965328,201900006859,6,4,09:30,1,1,1,1.0,1.0,07050,Les Bourdelles,M,"44,4155870","4,1188530",7,2019,-1.0,1.0,1.0,4.0,2157697,1.0,1,1,2,4.0,,0.0,0,1982.0,B01,138Â 293Â 617,1.0,-1.0,-1.0,1647556,1.0,3,,0.0,2.0,3.0,B01,138Â 293Â 617,1.0
965328,201900006859,6,4,09:30,1,1,1,1.0,1.0,07050,Les Bourdelles,M,"44,4155870","4,1188530",7,2019,-1.0,1.0,1.0,4.0,2157697,1.0,1,1,2,4.0,,0.0,0,1982.0,B01,138Â 293Â 617,1.0,-1.0,-1.0,1647557,0.0,2,,0.0,2.0,3.0,A01,138Â 293Â 618,1.0
965328,201900006859,6,4,09:30,1,1,1,1.0,1.0,07050,Les Bourdelles,M,"44,4155870","4,1188530",7,2019,-1.0,1.0,1.0,4.0,2157698,1.0,1,4,1,5.0,,0.0,0,2003.0,A01,138Â 293Â 618,2.0,-1.0,-1.0,1647556,1.0,3,,0.0,2.0,3.0,B01,138Â 293Â 617,1.0
965328,201900006859,6,4,09:30,1,1,1,1.0,1.0,07050,Les Bourdelles,M,"44,4155870","4,1188530",7,2019,-1.0,1.0,1.0,4.0,2157698,1.0,1,4,1,5.0,,0.0,0,2003.0,A01,138Â 293Â 618,2.0,-1.0,-1.0,1647557,0.0,2,,0.0,2.0,3.0,A01,138Â 293Â 618,1.0
965329,201900006860,6,2,18:45,1,1,1,1.0,7.0,07237,D120,M,"44,8287220","4,6752210",7,2019,80.0,8.0,1.0,3.0,2157699,1.0,1,3,1,0.0,,0.0,0,1979.0,A01,138Â 293Â 616,2.0,6.0,-1.0,1647558,3.0,33,,16.0,0.0,0.0,A01,138Â 293Â 616,1.0
965330,201900006861,6,1,17:15,1,1,1,1.0,6.0,53246,La Haie d'Annette,M,"48,4100120"," -0,1725700",53,2019,80.0,3.0,1.0,3.0,2157700,1.0,1,4,1,5.0,,0.0,0,1998.0,A01,138Â 293Â 615,1.0,-1.0,-1.0,1647559,2.0,7,,13.0,0.0,0.0,A01,138Â 293Â 615,1.0