Unnamed: 0_x,num_acc,mois,jour,hrmn,lum,agg,int,atm,col,com,adr,gps,lat,long,dep,annee,vma,situ,surf,catr,Unnamed: 0_y,place,catu,grav,sexe,trajet,secu,locp,actp,an_nais,num_veh_x,id_vehicule_x,secu1,secu2,secu3,Unnamed: 0,senc,catv,occutc,obs,obsm,choc,num_veh_y,id_vehicule_y,motor
965331,201900006862,6,10,15:13,1,1,1,2.0,1.0,53258,lieu dit la hersonniÃ¨re,M,"47,8472060"," -1,0766120",53,2019,80.0,1.0,2.0,3.0,2157701,2.0,2,1,2,5.0,,0.0,0,1954.0,B01,138Â 293Â 613,1.0,-1.0,-1.0,1647560,2.0,7,,0.0,2.0,1.0,B01,138Â 293Â 613,1.0
965331,201900006862,6,10,15:13,1,1,1,2.0,1.0,53258,lieu dit la hersonniÃ¨re,M,"47,8472060"," -1,0766120",53,2019,80.0,1.0,2.0,3.0,2157701,2.0,2,1,2,5.0,,0.0,0,1954.0,B01,138Â 293Â 613,1.0,-1.0,-1.0,1647561,1.0,7,,0.0,2.0,1.0,A01,138Â 293Â 614,1.0
965331,201900006862,6,10,15:13,1,1,1,2.0,1.0,53258,lieu dit la hersonniÃ¨re,M,"47,8472060"," -1,0766120",53,2019,80.0,1.0,2.0,3.0,2157702,1.0,1,1,1,5.0,,0.0,0,1954.0,B01,138Â 293Â 613,1.0,-1.0,-1.0,1647560,2.0,7,,0.0,2.0,1.0,B01,138Â 293Â 613,1.0
965331,201900006862,6,10,15:13,1,1,1,2.0,1.0,53258,lieu dit la hersonniÃ¨re,M,"47,8472060"," -1,0766120",53,2019,80.0,1.0,2.0,3.0,2157702,1.0,1,1,1,5.0,,0.0,0,1954.0,B01,138Â 293Â 613,1.0,-1.0,-1.0,1647561,1.0,7,,0.0,2.0,1.0,A01,138Â 293Â 614,1.0
965331,201900006862,6,10,15:13,1,1,1,2.0,1.0,53258,lieu dit la hersonniÃ¨re,M,"47,8472060"," -1,0766120",53,2019,80.0,1.0,2.0,3.0,2157703,1.0,1,3,2,5.0,,0.0,0,1999.0,A01,138Â 293Â 614,1.0,-1.0,-1.0,1647560,2.0,7,,0.0,2.0,1.0,B01,138Â 293Â 613,1.0
965331,201900006862,6,10,15:13,1,1,1,2.0,1.0,53258,lieu dit la hersonniÃ¨re,M,"47,8472060"," -1,0766120",53,2019,80.0,1.0,2.0,3.0,2157703,1.0,1,3,2,5.0,,0.0,0,1999.0,A01,138Â 293Â 614,1.0,-1.0,-1.0,1647561,1.0,7,,0.0,2.0,1.0,A01,138Â 293Â 614,1.0
965332,201900006863,6,12,23:00,3,1,1,1.0,2.0,53103,La Biochere,M,"48,1118500"," -0,9077760",53,2019,80.0,1.0,1.0,3.0,2157704,1.0,1,3,1,5.0,,0.0,0,2003.0,B01,138Â 293Â 611,0.0,-1.0,-1.0,1647562,2.0,1,,0.0,2.0,4.0,B01,138Â 293Â 611,5.0
965332,201900006863,6,12,23:00,3,1,1,1.0,2.0,53103,La Biochere,M,"48,1118500"," -0,9077760",53,2019,80.0,1.0,1.0,3.0,2157704,1.0,1,3,1,5.0,,0.0,0,2003.0,B01,138Â 293Â 611,0.0,-1.0,-1.0,1647563,2.0,7,,0.0,9.0,1.0,A01,138Â 293Â 612,1.0
965332,201900006863,6,12,23:00,3,1,1,1.0,2.0,53103,La Biochere,M,"48,1118500"," -0,9077760",53,2019,80.0,1.0,1.0,3.0,2157705,1.0,1,1,2,1.0,,0.0,0,2000.0,A01,138Â 293Â 612,8.0,-1.0,-1.0,1647562,2.0,1,,0.0,2.0,4.0,B01,138Â 293Â 611,5.0
965332,201900006863,6,12,23:00,3,1,1,1.0,2.0,53103,La Biochere,M,"48,1118500"," -0,9077760",53,2019,80.0,1.0,1.0,3.0,2157705,1.0,1,1,2,1.0,,0.0,0,2000.0,A01,138Â 293Â 612,8.0,-1.0,-1.0,1647563,2.0,7,,0.0,9.0,1.0,A01,138Â 293Â 612,1.0
965333,201900006864,6,17,15:45,1,1,1,1.0,2.0,21525,D906,M,"47,3930810","4,1602240",21,2019,80.0,1.0,1.0,3.0,2157706,1.0,1,4,1,5.0,,0.0,0,1977.0,B01,138Â 293Â 609,2.0,6.0,-1.0,1647564,2.0,33,,0.0,2.0,5.0,B01,138Â 293Â 609,1.0
965333,201900006864,6,17,15:45,1,1,1,1.0,2.0,21525,D906,M,"47,3930810","4,1602240",21,2019,80.0,1.0,1.0,3.0,2157706,1.0,1,4,1,5.0,,0.0,0,1977.0,B01,138Â 293Â 609,2.0,6.0,-1.0,1647565,2.0,33,,0.0,2.0,2.0,A01,138Â 293Â 610,1.0
965333,201900006864,6,17,15:45,1,1,1,1.0,2.0,21525,D906,M,"47,3930810","4,1602240",21,2019,80.0,1.0,1.0,3.0,2157707,1.0,1,3,1,5.0,,0.0,0,1977.0,A01,138Â 293Â 610,2.0,6.0,-1.0,1647564,2.0,33,,0.0,2.0,5.0,B01,138Â 293Â 609,1.0
965333,201900006864,6,17,15:45,1,1,1,1.0,2.0,21525,D906,M,"47,3930810","4,1602240",21,2019,80.0,1.0,1.0,3.0,2157707,1.0,1,3,1,5.0,,0.0,0,1977.0,A01,138Â 293Â 610,2.0,6.0,-1.0,1647565,2.0,33,,0.0,2.0,2.0,A01,138Â 293Â 610,1.0
965334,201900006865,5,22,07:10,1,1,2,1.0,3.0,21525,Hameau de chamont,M,"47,4120050","4,1927110",21,2019,80.0,1.0,1.0,3.0,2157708,1.0,1,3,2,1.0,,0.0,0,1997.0,B01,138Â 293Â 607,1.0,-1.0,-1.0,1647566,2.0,7,,2.0,2.0,5.0,B01,138Â 293Â 607,1.0
965334,201900006865,5,22,07:10,1,1,2,1.0,3.0,21525,Hameau de chamont,M,"47,4120050","4,1927110",21,2019,80.0,1.0,1.0,3.0,2157708,1.0,1,3,2,1.0,,0.0,0,1997.0,B01,138Â 293Â 607,1.0,-1.0,-1.0,1647567,2.0,7,,0.0,2.0,3.0,A01,138Â 293Â 608,1.0
965334,201900006865,5,22,07:10,1,1,2,1.0,3.0,21525,Hameau de chamont,M,"47,4120050","4,1927110",21,2019,80.0,1.0,1.0,3.0,2157709,1.0,1,1,1,5.0,,0.0,0,1940.0,A01,138Â 293Â 608,1.0,-1.0,-1.0,1647566,2.0,7,,2.0,2.0,5.0,B01,138Â 293Â 607,1.0
965334,201900006865,5,22,07:10,1,1,2,1.0,3.0,21525,Hameau de chamont,M,"47,4120050","4,1927110",21,2019,80.0,1.0,1.0,3.0,2157709,1.0,1,1,1,5.0,,0.0,0,1940.0,A01,138Â 293Â 608,1.0,-1.0,-1.0,1647567,2.0,7,,0.0,2.0,3.0,A01,138Â 293Â 608,1.0
965335,201900006866,6,18,05:40,2,1,1,1.0,6.0,21279,D 5,M,"47,7675760","4,3589120",21,2019,80.0,8.0,1.0,3.0,2157710,1.0,1,3,2,5.0,,0.0,0,1999.0,A01,138Â 293Â 606,1.0,-1.0,-1.0,1647568,1.0,7,,2.0,0.0,1.0,A01,138Â 293Â 606,1.0
965336,201900006867,6,16,02:30,3,1,1,1.0,6.0,21511,RD 980,M,"47,7269600","4,4593230",21,2019,80.0,3.0,1.0,3.0,2157711,1.0,1,3,1,5.0,,0.0,0,1998.0,A01,138Â 293Â 605,1.0,-1.0,-1.0,1647569,2.0,7,,15.0,0.0,1.0,A01,138Â 293Â 605,1.0
965336,201900006867,6,16,02:30,3,1,1,1.0,6.0,21511,RD 980,M,"47,7269600","4,4593230",21,2019,80.0,3.0,1.0,3.0,2157712,2.0,2,3,2,5.0,,0.0,0,2001.0,A01,138Â 293Â 605,1.0,-1.0,-1.0,1647569,2.0,7,,15.0,0.0,1.0,A01,138Â 293Â 605,1.0
965337,201900006868,6,16,01:04,3,1,1,1.0,7.0,21326,D32D - PR 4+245,M,"47,6405450","4,5995710",21,2019,80.0,1.0,1.0,3.0,2157713,1.0,1,4,1,5.0,,0.0,0,2001.0,A01,138Â 293Â 604,2.0,-1.0,-1.0,1647570,2.0,2,,0.0,0.0,0.0,A01,138Â 293Â 604,1.0
965338,201900006869,6,2,13:35,1,2,1,1.0,6.0,21346,1 Rue de l'Ãglise,M,"47,8157090","4,7920010",21,2019,50.0,1.0,1.0,4.0,2157714,1.0,1,2,1,5.0,,0.0,0,1926.0,A01,138Â 293Â 603,8.0,-1.0,-1.0,1647571,2.0,7,,6.0,0.0,1.0,A01,138Â 293Â 603,1.0
965339,201900006870,6,15,08:30,1,1,2,1.0,3.0,21247,D4,M,"47,5091760","4,1766820",21,2019,80.0,1.0,3.0,3.0,2157715,1.0,1,1,1,1.0,,0.0,0,1953.0,B01,138Â 293Â 601,1.0,-1.0,-1.0,1647572,1.0,10,,0.0,2.0,4.0,B01,138Â 293Â 601,1.0
965339,201900006870,6,15,08:30,1,1,2,1.0,3.0,21247,D4,M,"47,5091760","4,1766820",21,2019,80.0,1.0,3.0,3.0,2157715,1.0,1,1,1,1.0,,0.0,0,1953.0,B01,138Â 293Â 601,1.0,-1.0,-1.0,1647573,1.0,33,,0.0,2.0,1.0,A01,138Â 293Â 602,1.0
965339,201900006870,6,15,08:30,1,1,2,1.0,3.0,21247,D4,M,"47,5091760","4,1766820",21,2019,80.0,1.0,3.0,3.0,2157716,1.0,1,4,1,5.0,,0.0,0,1951.0,A01,138Â 293Â 602,2.0,6.0,-1.0,1647572,1.0,10,,0.0,2.0,4.0,B01,138Â 293Â 601,1.0
965339,201900006870,6,15,08:30,1,1,2,1.0,3.0,21247,D4,M,"47,5091760","4,1766820",21,2019,80.0,1.0,3.0,3.0,2157716,1.0,1,4,1,5.0,,0.0,0,1951.0,A01,138Â 293Â 602,2.0,6.0,-1.0,1647573,1.0,33,,0.0,2.0,1.0,A01,138Â 293Â 602,1.0
965340,201900006871,6,14,09:39,1,1,2,1.0,3.0,21127,D105,M,"47,4798170","5,0834160",21,2019,80.0,1.0,1.0,3.0,2157717,1.0,1,1,2,1.0,,0.0,0,1972.0,A01,138Â 293Â 599,1.0,-1.0,-1.0,1647574,1.0,7,,0.0,2.0,5.0,A01,138Â 293Â 599,3.0
965340,201900006871,6,14,09:39,1,1,2,1.0,3.0,21127,D105,M,"47,4798170","5,0834160",21,2019,80.0,1.0,1.0,3.0,2157717,1.0,1,1,2,1.0,,0.0,0,1972.0,A01,138Â 293Â 599,1.0,-1.0,-1.0,1647575,2.0,7,,0.0,2.0,1.0,B01,138Â 293Â 600,1.0
965340,201900006871,6,14,09:39,1,1,2,1.0,3.0,21127,D105,M,"47,4798170","5,0834160",21,2019,80.0,1.0,1.0,3.0,2157718,1.0,1,3,1,5.0,,0.0,0,1948.0,B01,138Â 293Â 600,1.0,-1.0,-1.0,1647574,1.0,7,,0.0,2.0,5.0,A01,138Â 293Â 599,3.0
965340,201900006871,6,14,09:39,1,1,2,1.0,3.0,21127,D105,M,"47,4798170","5,0834160",21,2019,80.0,1.0,1.0,3.0,2157718,1.0,1,3,1,5.0,,0.0,0,1948.0,B01,138Â 293Â 600,1.0,-1.0,-1.0,1647575,2.0,7,,0.0,2.0,1.0,B01,138Â 293Â 600,1.0
965341,201900006872,6,17,00:03,4,2,1,1.0,7.0,21332,18 Route de Beaune,M,"47,0064030","5,0919290",21,2019,50.0,3.0,1.0,3.0,2157719,1.0,1,3,1,5.0,,0.0,0,1979.0,A01,138Â 293Â 598,1.0,-1.0,-1.0,1647576,1.0,7,,0.0,0.0,9.0,A01,138Â 293Â 598,1.0
965342,201900006873,6,13,20:30,2,2,1,1.0,6.0,21427,Rue derriÃ¨re,M,"47,0617280","4,6567290",21,2019,50.0,1.0,1.0,4.0,2157720,1.0,1,4,1,0.0,,0.0,0,1989.0,A01,138Â 293Â 597,0.0,-1.0,-1.0,1647577,3.0,36,,6.0,0.0,2.0,A01,138Â 293Â 597,1.0
965343,201900006874,6,7,07:31,1,2,2,1.0,6.0,21461,19 rue de la rÃ©publique,M,"46,9523260","4,6341610",21,2019,50.0,1.0,1.0,3.0,2157721,1.0,1,1,1,4.0,,0.0,0,1989.0,A01,138Â 293Â 596,1.0,-1.0,-1.0,1647578,2.0,14,,0.0,1.0,7.0,A01,138Â 293Â 596,1.0
965343,201900006874,6,7,07:31,1,2,2,1.0,6.0,21461,19 rue de la rÃ©publique,M,"46,9523260","4,6341610",21,2019,50.0,1.0,1.0,3.0,2157722,10.0,3,3,2,3.0,,2.0,3,1944.0,A01,138Â 293Â 596,0.0,-1.0,-1.0,1647578,2.0,14,,0.0,1.0,7.0,A01,138Â 293Â 596,1.0
965344,201900006875,6,1,10:23,1,1,1,1.0,5.0,21387,D 973,M,"47,0077420","4,9428730",21,2019,80.0,1.0,1.0,3.0,2157723,2.0,2,1,2,5.0,,0.0,0,1964.0,D01,138Â 293Â 592,2.0,-1.0,-1.0,1647579,1.0,31,,0.0,0.0,5.0,D01,138Â 293Â 592,1.0
965344,201900006875,6,1,10:23,1,1,1,1.0,5.0,21387,D 973,M,"47,0077420","4,9428730",21,2019,80.0,1.0,1.0,3.0,2157723,2.0,2,1,2,5.0,,0.0,0,1964.0,D01,138Â 293Â 592,2.0,-1.0,-1.0,1647580,1.0,33,,0.0,0.0,4.0,C01,138Â 293Â 593,1.0
965344,201900006875,6,1,10:23,1,1,1,1.0,5.0,21387,D 973,M,"47,0077420","4,9428730",21,2019,80.0,1.0,1.0,3.0,2157723,2.0,2,1,2,5.0,,0.0,0,1964.0,D01,138Â 293Â 592,2.0,-1.0,-1.0,1647581,1.0,33,,0.0,2.0,4.0,B01,138Â 293Â 594,1.0
965344,201900006875,6,1,10:23,1,1,1,1.0,5.0,21387,D 973,M,"47,0077420","4,9428730",21,2019,80.0,1.0,1.0,3.0,2157723,2.0,2,1,2,5.0,,0.0,0,1964.0,D01,138Â 293Â 592,2.0,-1.0,-1.0,1647582,1.0,33,,0.0,2.0,1.0,A01,138Â 293Â 595,1.0
965344,201900006875,6,1,10:23,1,1,1,1.0,5.0,21387,D 973,M,"47,0077420","4,9428730",21,2019,80.0,1.0,1.0,3.0,2157724,1.0,1,1,1,5.0,,0.0,0,1964.0,D01,138Â 293Â 592,2.0,-1.0,-1.0,1647579,1.0,31,,0.0,0.0,5.0,D01,138Â 293Â 592,1.0
965344,201900006875,6,1,10:23,1,1,1,1.0,5.0,21387,D 973,M,"47,0077420","4,9428730",21,2019,80.0,1.0,1.0,3.0,2157724,1.0,1,1,1,5.0,,0.0,0,1964.0,D01,138Â 293Â 592,2.0,-1.0,-1.0,1647580,1.0,33,,0.0,0.0,4.0,C01,138Â 293Â 593,1.0
965344,201900006875,6,1,10:23,1,1,1,1.0,5.0,21387,D 973,M,"47,0077420","4,9428730",21,2019,80.0,1.0,1.0,3.0,2157724,1.0,1,1,1,5.0,,0.0,0,1964.0,D01,138Â 293Â 592,2.0,-1.0,-1.0,1647581,1.0,33,,0.0,2.0,4.0,B01,138Â 293Â 594,1.0
965344,201900006875,6,1,10:23,1,1,1,1.0,5.0,21387,D 973,M,"47,0077420","4,9428730",21,2019,80.0,1.0,1.0,3.0,2157724,1.0,1,1,1,5.0,,0.0,0,1964.0,D01,138Â 293Â 592,2.0,-1.0,-1.0,1647582,1.0,33,,0.0,2.0,1.0,A01,138Â 293Â 595,1.0
965344,201900006875,6,1,10:23,1,1,1,1.0,5.0,21387,D 973,M,"47,0077420","4,9428730",21,2019,80.0,1.0,1.0,3.0,2157725,1.0,1,1,1,5.0,,0.0,0,1964.0,C01,138Â 293Â 593,2.0,-1.0,-1.0,1647579,1.0,31,,0.0,0.0,5.0,D01,138Â 293Â 592,1.0
965344,201900006875,6,1,10:23,1,1,1,1.0,5.0,21387,D 973,M,"47,0077420","4,9428730",21,2019,80.0,1.0,1.0,3.0,2157725,1.0,1,1,1,5.0,,0.0,0,1964.0,C01,138Â 293Â 593,2.0,-1.0,-1.0,1647580,1.0,33,,0.0,0.0,4.0,C01,138Â 293Â 593,1.0
965344,201900006875,6,1,10:23,1,1,1,1.0,5.0,21387,D 973,M,"47,0077420","4,9428730",21,2019,80.0,1.0,1.0,3.0,2157725,1.0,1,1,1,5.0,,0.0,0,1964.0,C01,138Â 293Â 593,2.0,-1.0,-1.0,1647581,1.0,33,,0.0,2.0,4.0,B01,138Â 293Â 594,1.0
965344,201900006875,6,1,10:23,1,1,1,1.0,5.0,21387,D 973,M,"47,0077420","4,9428730",21,2019,80.0,1.0,1.0,3.0,2157725,1.0,1,1,1,5.0,,0.0,0,1964.0,C01,138Â 293Â 593,2.0,-1.0,-1.0,1647582,1.0,33,,0.0,2.0,1.0,A01,138Â 293Â 595,1.0
965344,201900006875,6,1,10:23,1,1,1,1.0,5.0,21387,D 973,M,"47,0077420","4,9428730",21,2019,80.0,1.0,1.0,3.0,2157726,2.0,2,3,2,5.0,,0.0,0,1968.0,C01,138Â 293Â 593,2.0,-1.0,-1.0,1647579,1.0,31,,0.0,0.0,5.0,D01,138Â 293Â 592,1.0
965344,201900006875,6,1,10:23,1,1,1,1.0,5.0,21387,D 973,M,"47,0077420","4,9428730",21,2019,80.0,1.0,1.0,3.0,2157726,2.0,2,3,2,5.0,,0.0,0,1968.0,C01,138Â 293Â 593,2.0,-1.0,-1.0,1647580,1.0,33,,0.0,0.0,4.0,C01,138Â 293Â 593,1.0
965344,201900006875,6,1,10:23,1,1,1,1.0,5.0,21387,D 973,M,"47,0077420","4,9428730",21,2019,80.0,1.0,1.0,3.0,2157726,2.0,2,3,2,5.0,,0.0,0,1968.0,C01,138Â 293Â 593,2.0,-1.0,-1.0,1647581,1.0,33,,0.0,2.0,4.0,B01,138Â 293Â 594,1.0
965344,201900006875,6,1,10:23,1,1,1,1.0,5.0,21387,D 973,M,"47,0077420","4,9428730",21,2019,80.0,1.0,1.0,3.0,2157726,2.0,2,3,2,5.0,,0.0,0,1968.0,C01,138Â 293Â 593,2.0,-1.0,-1.0,1647582,1.0,33,,0.0,2.0,1.0,A01,138Â 293Â 595,1.0
965344,201900006875,6,1,10:23,1,1,1,1.0,5.0,21387,D 973,M,"47,0077420","4,9428730",21,2019,80.0,1.0,1.0,3.0,2157727,1.0,1,1,1,5.0,,0.0,0,1958.0,B01,138Â 293Â 594,2.0,-1.0,-1.0,1647579,1.0,31,,0.0,0.0,5.0,D01,138Â 293Â 592,1.0
965344,201900006875,6,1,10:23,1,1,1,1.0,5.0,21387,D 973,M,"47,0077420","4,9428730",21,2019,80.0,1.0,1.0,3.0,2157727,1.0,1,1,1,5.0,,0.0,0,1958.0,B01,138Â 293Â 594,2.0,-1.0,-1.0,1647580,1.0,33,,0.0,0.0,4.0,C01,138Â 293Â 593,1.0
965344,201900006875,6,1,10:23,1,1,1,1.0,5.0,21387,D 973,M,"47,0077420","4,9428730",21,2019,80.0,1.0,1.0,3.0,2157727,1.0,1,1,1,5.0,,0.0,0,1958.0,B01,138Â 293Â 594,2.0,-1.0,-1.0,1647581,1.0,33,,0.0,2.0,4.0,B01,138Â 293Â 594,1.0
965344,201900006875,6,1,10:23,1,1,1,1.0,5.0,21387,D 973,M,"47,0077420","4,9428730",21,2019,80.0,1.0,1.0,3.0,2157727,1.0,1,1,1,5.0,,0.0,0,1958.0,B01,138Â 293Â 594,2.0,-1.0,-1.0,1647582,1.0,33,,0.0,2.0,1.0,A01,138Â 293Â 595,1.0
965344,201900006875,6,1,10:23,1,1,1,1.0,5.0,21387,D 973,M,"47,0077420","4,9428730",21,2019,80.0,1.0,1.0,3.0,2157728,2.0,2,4,2,5.0,,0.0,0,1959.0,B01,138Â 293Â 594,2.0,-1.0,-1.0,1647579,1.0,31,,0.0,0.0,5.0,D01,138Â 293Â 592,1.0
965344,201900006875,6,1,10:23,1,1,1,1.0,5.0,21387,D 973,M,"47,0077420","4,9428730",21,2019,80.0,1.0,1.0,3.0,2157728,2.0,2,4,2,5.0,,0.0,0,1959.0,B01,138Â 293Â 594,2.0,-1.0,-1.0,1647580,1.0,33,,0.0,0.0,4.0,C01,138Â 293Â 593,1.0
965344,201900006875,6,1,10:23,1,1,1,1.0,5.0,21387,D 973,M,"47,0077420","4,9428730",21,2019,80.0,1.0,1.0,3.0,2157728,2.0,2,4,2,5.0,,0.0,0,1959.0,B01,138Â 293Â 594,2.0,-1.0,-1.0,1647581,1.0,33,,0.0,2.0,4.0,B01,138Â 293Â 594,1.0
965344,201900006875,6,1,10:23,1,1,1,1.0,5.0,21387,D 973,M,"47,0077420","4,9428730",21,2019,80.0,1.0,1.0,3.0,2157728,2.0,2,4,2,5.0,,0.0,0,1959.0,B01,138Â 293Â 594,2.0,-1.0,-1.0,1647582,1.0,33,,0.0,2.0,1.0,A01,138Â 293Â 595,1.0
965344,201900006875,6,1,10:23,1,1,1,1.0,5.0,21387,D 973,M,"47,0077420","4,9428730",21,2019,80.0,1.0,1.0,3.0,2157729,1.0,1,3,1,5.0,,0.0,0,1952.0,A01,138Â 293Â 595,2.0,-1.0,-1.0,1647579,1.0,31,,0.0,0.0,5.0,D01,138Â 293Â 592,1.0
965344,201900006875,6,1,10:23,1,1,1,1.0,5.0,21387,D 973,M,"47,0077420","4,9428730",21,2019,80.0,1.0,1.0,3.0,2157729,1.0,1,3,1,5.0,,0.0,0,1952.0,A01,138Â 293Â 595,2.0,-1.0,-1.0,1647580,1.0,33,,0.0,0.0,4.0,C01,138Â 293Â 593,1.0
965344,201900006875,6,1,10:23,1,1,1,1.0,5.0,21387,D 973,M,"47,0077420","4,9428730",21,2019,80.0,1.0,1.0,3.0,2157729,1.0,1,3,1,5.0,,0.0,0,1952.0,A01,138Â 293Â 595,2.0,-1.0,-1.0,1647581,1.0,33,,0.0,2.0,4.0,B01,138Â 293Â 594,1.0
965344,201900006875,6,1,10:23,1,1,1,1.0,5.0,21387,D 973,M,"47,0077420","4,9428730",21,2019,80.0,1.0,1.0,3.0,2157729,1.0,1,3,1,5.0,,0.0,0,1952.0,A01,138Â 293Â 595,2.0,-1.0,-1.0,1647582,1.0,33,,0.0,2.0,1.0,A01,138Â 293Â 595,1.0
965344,201900006875,6,1,10:23,1,1,1,1.0,5.0,21387,D 973,M,"47,0077420","4,9428730",21,2019,80.0,1.0,1.0,3.0,2157730,2.0,2,3,2,5.0,,0.0,0,1954.0,A01,138Â 293Â 595,2.0,-1.0,-1.0,1647579,1.0,31,,0.0,0.0,5.0,D01,138Â 293Â 592,1.0
965344,201900006875,6,1,10:23,1,1,1,1.0,5.0,21387,D 973,M,"47,0077420","4,9428730",21,2019,80.0,1.0,1.0,3.0,2157730,2.0,2,3,2,5.0,,0.0,0,1954.0,A01,138Â 293Â 595,2.0,-1.0,-1.0,1647580,1.0,33,,0.0,0.0,4.0,C01,138Â 293Â 593,1.0
965344,201900006875,6,1,10:23,1,1,1,1.0,5.0,21387,D 973,M,"47,0077420","4,9428730",21,2019,80.0,1.0,1.0,3.0,2157730,2.0,2,3,2,5.0,,0.0,0,1954.0,A01,138Â 293Â 595,2.0,-1.0,-1.0,1647581,1.0,33,,0.0,2.0,4.0,B01,138Â 293Â 594,1.0
965344,201900006875,6,1,10:23,1,1,1,1.0,5.0,21387,D 973,M,"47,0077420","4,9428730",21,2019,80.0,1.0,1.0,3.0,2157730,2.0,2,3,2,5.0,,0.0,0,1954.0,A01,138Â 293Â 595,2.0,-1.0,-1.0,1647582,1.0,33,,0.0,2.0,1.0,A01,138Â 293Â 595,1.0
965345,201900006876,6,1,06:50,1,1,1,1.0,6.0,21428,rd973,M,"46,9933270","4,7764470",21,2019,80.0,8.0,1.0,3.0,2157731,1.0,1,3,1,5.0,,0.0,0,1991.0,A01,138Â 293Â 591,2.0,6.0,-1.0,1647583,2.0,33,,6.0,0.0,2.0,A01,138Â 293Â 591,1.0
965346,201900006877,5,20,17:10,1,1,9,2.0,3.0,40235,626 Route de la Tuilerie,M,"43,7596840"," -0,8244700",40,2019,80.0,1.0,2.0,3.0,2157732,1.0,1,1,1,4.0,,0.0,0,1990.0,B01,138Â 293Â 589,1.0,-1.0,-1.0,1647584,1.0,13,,0.0,2.0,2.0,B01,138Â 293Â 589,1.0
965346,201900006877,5,20,17:10,1,1,9,2.0,3.0,40235,626 Route de la Tuilerie,M,"43,7596840"," -0,8244700",40,2019,80.0,1.0,2.0,3.0,2157732,1.0,1,1,1,4.0,,0.0,0,1990.0,B01,138Â 293Â 589,1.0,-1.0,-1.0,1647585,2.0,7,,0.0,2.0,8.0,A01,138Â 293Â 590,1.0
965346,201900006877,5,20,17:10,1,1,9,2.0,3.0,40235,626 Route de la Tuilerie,M,"43,7596840"," -0,8244700",40,2019,80.0,1.0,2.0,3.0,2157733,2.0,2,1,1,4.0,,0.0,0,1980.0,B01,138Â 293Â 589,1.0,-1.0,-1.0,1647584,1.0,13,,0.0,2.0,2.0,B01,138Â 293Â 589,1.0
965346,201900006877,5,20,17:10,1,1,9,2.0,3.0,40235,626 Route de la Tuilerie,M,"43,7596840"," -0,8244700",40,2019,80.0,1.0,2.0,3.0,2157733,2.0,2,1,1,4.0,,0.0,0,1980.0,B01,138Â 293Â 589,1.0,-1.0,-1.0,1647585,2.0,7,,0.0,2.0,8.0,A01,138Â 293Â 590,1.0
965346,201900006877,5,20,17:10,1,1,9,2.0,3.0,40235,626 Route de la Tuilerie,M,"43,7596840"," -0,8244700",40,2019,80.0,1.0,2.0,3.0,2157734,1.0,1,3,2,5.0,,0.0,0,1972.0,A01,138Â 293Â 590,1.0,-1.0,-1.0,1647584,1.0,13,,0.0,2.0,2.0,B01,138Â 293Â 589,1.0
965346,201900006877,5,20,17:10,1,1,9,2.0,3.0,40235,626 Route de la Tuilerie,M,"43,7596840"," -0,8244700",40,2019,80.0,1.0,2.0,3.0,2157734,1.0,1,3,2,5.0,,0.0,0,1972.0,A01,138Â 293Â 590,1.0,-1.0,-1.0,1647585,2.0,7,,0.0,2.0,8.0,A01,138Â 293Â 590,1.0
965347,201900006878,6,3,20:00,1,2,6,1.0,6.0,40282,Avenue du GÃ©nÃ©ral de gaulle,M,"43,7709190"," -0,5697240",40,2019,50.0,8.0,1.0,3.0,2157735,1.0,1,3,1,4.0,,0.0,0,1966.0,A01,138Â 293Â 588,1.0,-1.0,-1.0,1647586,2.0,17,,6.0,0.0,1.0,A01,138Â 293Â 588,1.0
965348,201900006879,6,7,15:41,1,1,2,1.0,3.0,40152,D140,M,"43,9792370"," -1,0896590",40,2019,80.0,1.0,1.0,3.0,2157736,9.0,2,3,2,5.0,,0.0,0,1992.0,B01,138Â 293Â 586,1.0,-1.0,-1.0,1647587,2.0,7,,0.0,2.0,8.0,B01,138Â 293Â 586,1.0
965348,201900006879,6,7,15:41,1,1,2,1.0,3.0,40152,D140,M,"43,9792370"," -1,0896590",40,2019,80.0,1.0,1.0,3.0,2157736,9.0,2,3,2,5.0,,0.0,0,1992.0,B01,138Â 293Â 586,1.0,-1.0,-1.0,1647588,2.0,14,,0.0,2.0,2.0,A01,138Â 293Â 587,1.0
965348,201900006879,6,7,15:41,1,1,2,1.0,3.0,40152,D140,M,"43,9792370"," -1,0896590",40,2019,80.0,1.0,1.0,3.0,2157737,1.0,1,3,1,5.0,,0.0,0,1997.0,B01,138Â 293Â 586,1.0,-1.0,-1.0,1647587,2.0,7,,0.0,2.0,8.0,B01,138Â 293Â 586,1.0
965348,201900006879,6,7,15:41,1,1,2,1.0,3.0,40152,D140,M,"43,9792370"," -1,0896590",40,2019,80.0,1.0,1.0,3.0,2157737,1.0,1,3,1,5.0,,0.0,0,1997.0,B01,138Â 293Â 586,1.0,-1.0,-1.0,1647588,2.0,14,,0.0,2.0,2.0,A01,138Â 293Â 587,1.0
965348,201900006879,6,7,15:41,1,1,2,1.0,3.0,40152,D140,M,"43,9792370"," -1,0896590",40,2019,80.0,1.0,1.0,3.0,2157738,2.0,2,3,1,5.0,,0.0,0,1994.0,B01,138Â 293Â 586,1.0,-1.0,-1.0,1647587,2.0,7,,0.0,2.0,8.0,B01,138Â 293Â 586,1.0