Unnamed: 0_x,num_acc,mois,jour,hrmn,lum,agg,int,atm,col,com,adr,gps,lat,long,dep,annee,vma,situ,surf,catr,Unnamed: 0_y,place,catu,grav,sexe,trajet,secu,locp,actp,an_nais,num_veh_x,id_vehicule_x,secu1,secu2,secu3,Unnamed: 0,senc,catv,occutc,obs,obsm,choc,num_veh_y,id_vehicule_y,motor
965348,201900006879,6,7,15:41,1,1,2,1.0,3.0,40152,D140,M,"43,9792370"," -1,0896590",40,2019,80.0,1.0,1.0,3.0,2157738,2.0,2,3,1,5.0,,0.0,0,1994.0,B01,138Â 293Â 586,1.0,-1.0,-1.0,1647588,2.0,14,,0.0,2.0,2.0,A01,138Â 293Â 587,1.0
965348,201900006879,6,7,15:41,1,1,2,1.0,3.0,40152,D140,M,"43,9792370"," -1,0896590",40,2019,80.0,1.0,1.0,3.0,2157739,1.0,1,1,1,4.0,,0.0,0,1970.0,A01,138Â 293Â 587,1.0,-1.0,-1.0,1647587,2.0,7,,0.0,2.0,8.0,B01,138Â 293Â 586,1.0
965348,201900006879,6,7,15:41,1,1,2,1.0,3.0,40152,D140,M,"43,9792370"," -1,0896590",40,2019,80.0,1.0,1.0,3.0,2157739,1.0,1,1,1,4.0,,0.0,0,1970.0,A01,138Â 293Â 587,1.0,-1.0,-1.0,1647588,2.0,14,,0.0,2.0,2.0,A01,138Â 293Â 587,1.0
965349,201900006880,6,14,10:41,1,2,9,1.0,1.0,40132,BOULEVARD DE L'OCÃAN,M,"43,5507422"," -0,9844780",40,2019,50.0,1.0,1.0,3.0,2157740,2.0,2,1,2,5.0,,0.0,0,1940.0,A01,138Â 293Â 584,1.0,-1.0,-1.0,1647589,1.0,7,,0.0,2.0,3.0,A01,138Â 293Â 584,1.0
965349,201900006880,6,14,10:41,1,2,9,1.0,1.0,40132,BOULEVARD DE L'OCÃAN,M,"43,5507422"," -0,9844780",40,2019,50.0,1.0,1.0,3.0,2157740,2.0,2,1,2,5.0,,0.0,0,1940.0,A01,138Â 293Â 584,1.0,-1.0,-1.0,1647590,2.0,7,,6.0,2.0,1.0,B01,138Â 293Â 585,1.0
965349,201900006880,6,14,10:41,1,2,9,1.0,1.0,40132,BOULEVARD DE L'OCÃAN,M,"43,5507422"," -0,9844780",40,2019,50.0,1.0,1.0,3.0,2157741,1.0,1,4,2,0.0,,0.0,0,1962.0,A01,138Â 293Â 584,1.0,-1.0,-1.0,1647589,1.0,7,,0.0,2.0,3.0,A01,138Â 293Â 584,1.0
965349,201900006880,6,14,10:41,1,2,9,1.0,1.0,40132,BOULEVARD DE L'OCÃAN,M,"43,5507422"," -0,9844780",40,2019,50.0,1.0,1.0,3.0,2157741,1.0,1,4,2,0.0,,0.0,0,1962.0,A01,138Â 293Â 584,1.0,-1.0,-1.0,1647590,2.0,7,,6.0,2.0,1.0,B01,138Â 293Â 585,1.0
965349,201900006880,6,14,10:41,1,2,9,1.0,1.0,40132,BOULEVARD DE L'OCÃAN,M,"43,5507422"," -0,9844780",40,2019,50.0,1.0,1.0,3.0,2157742,1.0,1,3,2,1.0,,0.0,0,1992.0,B01,138Â 293Â 585,1.0,-1.0,-1.0,1647589,1.0,7,,0.0,2.0,3.0,A01,138Â 293Â 584,1.0
965349,201900006880,6,14,10:41,1,2,9,1.0,1.0,40132,BOULEVARD DE L'OCÃAN,M,"43,5507422"," -0,9844780",40,2019,50.0,1.0,1.0,3.0,2157742,1.0,1,3,2,1.0,,0.0,0,1992.0,B01,138Â 293Â 585,1.0,-1.0,-1.0,1647590,2.0,7,,6.0,2.0,1.0,B01,138Â 293Â 585,1.0
965350,201900006881,6,14,17:30,1,1,1,1.0,1.0,40224,2480 Route de Mahoumic,M,"43,5747210"," -1,1167380",40,2019,80.0,1.0,1.0,3.0,2157743,1.0,1,1,1,4.0,,0.0,0,1956.0,B01,138Â 293Â 582,1.0,-1.0,-1.0,1647591,1.0,21,,0.0,2.0,1.0,B01,138Â 293Â 582,1.0
965350,201900006881,6,14,17:30,1,1,1,1.0,1.0,40224,2480 Route de Mahoumic,M,"43,5747210"," -1,1167380",40,2019,80.0,1.0,1.0,3.0,2157743,1.0,1,1,1,4.0,,0.0,0,1956.0,B01,138Â 293Â 582,1.0,-1.0,-1.0,1647592,2.0,7,,0.0,2.0,1.0,A01,138Â 293Â 583,1.0
965350,201900006881,6,14,17:30,1,1,1,1.0,1.0,40224,2480 Route de Mahoumic,M,"43,5747210"," -1,1167380",40,2019,80.0,1.0,1.0,3.0,2157744,1.0,1,3,1,3.0,,0.0,0,1989.0,A01,138Â 293Â 583,1.0,-1.0,-1.0,1647591,1.0,21,,0.0,2.0,1.0,B01,138Â 293Â 582,1.0
965350,201900006881,6,14,17:30,1,1,1,1.0,1.0,40224,2480 Route de Mahoumic,M,"43,5747210"," -1,1167380",40,2019,80.0,1.0,1.0,3.0,2157744,1.0,1,3,1,3.0,,0.0,0,1989.0,A01,138Â 293Â 583,1.0,-1.0,-1.0,1647592,2.0,7,,0.0,2.0,1.0,A01,138Â 293Â 583,1.0
965351,201900006882,6,16,06:07,1,1,1,1.0,6.0,40158,CD 933 N,M,"44,0609610"," -0,0629190",40,2019,70.0,3.0,1.0,3.0,2157745,1.0,1,3,1,9.0,,0.0,0,1953.0,A01,138Â 293Â 581,1.0,-1.0,-1.0,1647593,1.0,10,,10.0,0.0,2.0,A01,138Â 293Â 581,1.0
965351,201900006882,6,16,06:07,1,1,1,1.0,6.0,40158,CD 933 N,M,"44,0609610"," -0,0629190",40,2019,70.0,3.0,1.0,3.0,2157746,2.0,2,3,1,9.0,,0.0,0,1959.0,A01,138Â 293Â 581,1.0,-1.0,-1.0,1647593,1.0,10,,10.0,0.0,2.0,A01,138Â 293Â 581,1.0
965352,201900006883,6,7,17:45,1,1,2,1.0,3.0,40265,Route dÃ©partementale 35,M,"43,9891360"," -0,1549030",40,2019,80.0,1.0,1.0,3.0,2157747,1.0,1,3,2,1.0,,0.0,0,1984.0,B01,138Â 293Â 579,1.0,-1.0,-1.0,1647594,1.0,7,,0.0,2.0,1.0,B01,138Â 293Â 579,1.0
965352,201900006883,6,7,17:45,1,1,2,1.0,3.0,40265,Route dÃ©partementale 35,M,"43,9891360"," -0,1549030",40,2019,80.0,1.0,1.0,3.0,2157747,1.0,1,3,2,1.0,,0.0,0,1984.0,B01,138Â 293Â 579,1.0,-1.0,-1.0,1647595,1.0,7,,0.0,2.0,8.0,A01,138Â 293Â 580,1.0
965352,201900006883,6,7,17:45,1,1,2,1.0,3.0,40265,Route dÃ©partementale 35,M,"43,9891360"," -0,1549030",40,2019,80.0,1.0,1.0,3.0,2157748,2.0,2,1,2,5.0,,0.0,0,1959.0,A01,138Â 293Â 580,1.0,-1.0,-1.0,1647594,1.0,7,,0.0,2.0,1.0,B01,138Â 293Â 579,1.0
965352,201900006883,6,7,17:45,1,1,2,1.0,3.0,40265,Route dÃ©partementale 35,M,"43,9891360"," -0,1549030",40,2019,80.0,1.0,1.0,3.0,2157748,2.0,2,1,2,5.0,,0.0,0,1959.0,A01,138Â 293Â 580,1.0,-1.0,-1.0,1647595,1.0,7,,0.0,2.0,8.0,A01,138Â 293Â 580,1.0
965352,201900006883,6,7,17:45,1,1,2,1.0,3.0,40265,Route dÃ©partementale 35,M,"43,9891360"," -0,1549030",40,2019,80.0,1.0,1.0,3.0,2157749,1.0,1,1,2,5.0,,0.0,0,1992.0,A01,138Â 293Â 580,1.0,-1.0,-1.0,1647594,1.0,7,,0.0,2.0,1.0,B01,138Â 293Â 579,1.0
965352,201900006883,6,7,17:45,1,1,2,1.0,3.0,40265,Route dÃ©partementale 35,M,"43,9891360"," -0,1549030",40,2019,80.0,1.0,1.0,3.0,2157749,1.0,1,1,2,5.0,,0.0,0,1992.0,A01,138Â 293Â 580,1.0,-1.0,-1.0,1647595,1.0,7,,0.0,2.0,8.0,A01,138Â 293Â 580,1.0
965352,201900006883,6,7,17:45,1,1,2,1.0,3.0,40265,Route dÃ©partementale 35,M,"43,9891360"," -0,1549030",40,2019,80.0,1.0,1.0,3.0,2157750,7.0,2,3,2,5.0,,0.0,0,1955.0,A01,138Â 293Â 580,1.0,-1.0,-1.0,1647594,1.0,7,,0.0,2.0,1.0,B01,138Â 293Â 579,1.0
965352,201900006883,6,7,17:45,1,1,2,1.0,3.0,40265,Route dÃ©partementale 35,M,"43,9891360"," -0,1549030",40,2019,80.0,1.0,1.0,3.0,2157750,7.0,2,3,2,5.0,,0.0,0,1955.0,A01,138Â 293Â 580,1.0,-1.0,-1.0,1647595,1.0,7,,0.0,2.0,8.0,A01,138Â 293Â 580,1.0
965353,201900006884,5,31,17:45,1,2,1,1.0,1.0,40081,400 route de Marsan,M,"43,9880170"," -0,5302960",40,2019,70.0,1.0,1.0,3.0,2157751,1.0,1,4,2,0.0,,0.0,0,1989.0,B01,138Â 293Â 577,1.0,-1.0,-1.0,1647596,1.0,7,,0.0,2.0,2.0,B01,138Â 293Â 577,1.0
965353,201900006884,5,31,17:45,1,2,1,1.0,1.0,40081,400 route de Marsan,M,"43,9880170"," -0,5302960",40,2019,70.0,1.0,1.0,3.0,2157751,1.0,1,4,2,0.0,,0.0,0,1989.0,B01,138Â 293Â 577,1.0,-1.0,-1.0,1647597,2.0,7,,0.0,2.0,2.0,A01,138Â 293Â 578,1.0
965353,201900006884,5,31,17:45,1,2,1,1.0,1.0,40081,400 route de Marsan,M,"43,9880170"," -0,5302960",40,2019,70.0,1.0,1.0,3.0,2157752,1.0,1,3,2,3.0,,0.0,0,1958.0,A01,138Â 293Â 578,1.0,-1.0,-1.0,1647596,1.0,7,,0.0,2.0,2.0,B01,138Â 293Â 577,1.0
965353,201900006884,5,31,17:45,1,2,1,1.0,1.0,40081,400 route de Marsan,M,"43,9880170"," -0,5302960",40,2019,70.0,1.0,1.0,3.0,2157752,1.0,1,3,2,3.0,,0.0,0,1958.0,A01,138Â 293Â 578,1.0,-1.0,-1.0,1647597,2.0,7,,0.0,2.0,2.0,A01,138Â 293Â 578,1.0
965354,201900006885,6,5,19:00,1,2,9,2.0,7.0,24291,Lacoste,M,"45,0568480","1,1524300",24,2019,50.0,1.0,2.0,3.0,2157753,1.0,1,3,1,3.0,,0.0,0,1972.0,A01,138Â 293Â 576,2.0,-1.0,-1.0,1647598,1.0,2,,0.0,0.0,0.0,A01,138Â 293Â 576,1.0
965355,201900006886,6,20,07:45,1,2,3,1.0,1.0,24067,Avenue de la LibÃ©ration,M,"44,9166000","0,9262700",24,2019,5.0,1.0,1.0,3.0,2157754,1.0,1,1,1,1.0,,0.0,0,1988.0,A01,138Â 293Â 574,1.0,-1.0,-1.0,1647599,3.0,7,,0.0,2.0,1.0,A01,138Â 293Â 574,0.0
965355,201900006886,6,20,07:45,1,2,3,1.0,1.0,24067,Avenue de la LibÃ©ration,M,"44,9166000","0,9262700",24,2019,5.0,1.0,1.0,3.0,2157754,1.0,1,1,1,1.0,,0.0,0,1988.0,A01,138Â 293Â 574,1.0,-1.0,-1.0,1647600,2.0,2,,0.0,2.0,1.0,B01,138Â 293Â 575,0.0
965355,201900006886,6,20,07:45,1,2,3,1.0,1.0,24067,Avenue de la LibÃ©ration,M,"44,9166000","0,9262700",24,2019,5.0,1.0,1.0,3.0,2157755,1.0,1,4,1,2.0,,0.0,0,2004.0,B01,138Â 293Â 575,2.0,-1.0,-1.0,1647599,3.0,7,,0.0,2.0,1.0,A01,138Â 293Â 574,0.0
965355,201900006886,6,20,07:45,1,2,3,1.0,1.0,24067,Avenue de la LibÃ©ration,M,"44,9166000","0,9262700",24,2019,5.0,1.0,1.0,3.0,2157755,1.0,1,4,1,2.0,,0.0,0,2004.0,B01,138Â 293Â 575,2.0,-1.0,-1.0,1647600,2.0,2,,0.0,2.0,1.0,B01,138Â 293Â 575,0.0
965356,201900006887,6,9,05:50,2,1,1,2.0,7.0,24524,peyrode,M,"44,9718200","0,9436790",24,2019,80.0,8.0,2.0,3.0,2157756,7.0,2,1,2,5.0,,0.0,0,1998.0,A01,138Â 293Â 573,8.0,-1.0,-1.0,1647601,1.0,7,,0.0,0.0,0.0,A01,138Â 293Â 573,1.0
965356,201900006887,6,9,05:50,2,1,1,2.0,7.0,24524,peyrode,M,"44,9718200","0,9436790",24,2019,80.0,8.0,2.0,3.0,2157757,1.0,1,1,1,5.0,,0.0,0,1997.0,A01,138Â 293Â 573,8.0,-1.0,-1.0,1647601,1.0,7,,0.0,0.0,0.0,A01,138Â 293Â 573,1.0
965356,201900006887,6,9,05:50,2,1,1,2.0,7.0,24524,peyrode,M,"44,9718200","0,9436790",24,2019,80.0,8.0,2.0,3.0,2157758,2.0,2,3,2,5.0,,0.0,0,1997.0,A01,138Â 293Â 573,8.0,-1.0,-1.0,1647601,1.0,7,,0.0,0.0,0.0,A01,138Â 293Â 573,1.0
965357,201900006888,6,7,23:15,3,1,1,1.0,7.0,24404,la Faurie,M,"45,0319380","0,8741450",24,2019,80.0,3.0,1.0,3.0,2157759,1.0,1,3,1,5.0,,0.0,0,1963.0,A01,138Â 293Â 572,1.0,9.0,-1.0,1647602,1.0,7,,13.0,0.0,2.0,A01,138Â 293Â 572,1.0
965358,201900006889,5,29,07:20,1,1,1,1.0,7.0,24353,RD 939,M,"45,4883000","0,3993500",24,2019,80.0,3.0,1.0,3.0,2157760,1.0,1,3,2,1.0,,0.0,0,1995.0,A01,138Â 293Â 571,1.0,-1.0,-1.0,1647603,1.0,7,,15.0,0.0,0.0,A01,138Â 293Â 571,1.0
965359,201900006890,6,3,16:00,1,1,9,1.0,6.0,24451,Les Hautes Roches,M,"45,5163900","0,6492910",24,2019,80.0,3.0,1.0,3.0,2157761,1.0,1,3,2,4.0,,0.0,0,1966.0,A01,138Â 293Â 570,1.0,-1.0,-1.0,1647604,1.0,7,,17.0,0.0,2.0,A01,138Â 293Â 570,1.0
965359,201900006890,6,3,16:00,1,1,9,1.0,6.0,24451,Les Hautes Roches,M,"45,5163900","0,6492910",24,2019,80.0,3.0,1.0,3.0,2157762,9.0,2,1,1,9.0,,0.0,0,1966.0,A01,138Â 293Â 570,1.0,-1.0,-1.0,1647604,1.0,7,,17.0,0.0,2.0,A01,138Â 293Â 570,1.0
965360,201900006891,6,14,18:15,1,1,1,1.0,7.0,04109,RD 101 - Charmayon,M,"44,0746720","5,9196170",4,2019,80.0,3.0,1.0,3.0,2157763,1.0,1,3,1,5.0,,0.0,0,1934.0,A01,138Â 293Â 569,1.0,-1.0,-1.0,1647605,1.0,7,,13.0,0.0,3.0,A01,138Â 293Â 569,1.0
965361,201900006892,6,6,17:00,1,1,1,1.0,7.0,04065,RD 951 - Bayard,M,"44,0603494","5,8243521",4,2019,80.0,3.0,1.0,3.0,2157764,1.0,1,3,2,5.0,,0.0,0,1930.0,A01,138Â 293Â 568,1.0,-1.0,-1.0,1647606,2.0,7,,2.0,0.0,1.0,A01,138Â 293Â 568,1.0
965361,201900006892,6,6,17:00,1,1,1,1.0,7.0,04065,RD 951 - Bayard,M,"44,0603494","5,8243521",4,2019,80.0,3.0,1.0,3.0,2157765,2.0,2,3,1,5.0,,0.0,0,1953.0,A01,138Â 293Â 568,1.0,-1.0,-1.0,1647606,2.0,7,,2.0,0.0,1.0,A01,138Â 293Â 568,1.0
965361,201900006892,6,6,17:00,1,1,1,1.0,7.0,04065,RD 951 - Bayard,M,"44,0603494","5,8243521",4,2019,80.0,3.0,1.0,3.0,2157766,9.0,2,3,2,5.0,,0.0,0,1943.0,A01,138Â 293Â 568,1.0,-1.0,-1.0,1647606,2.0,7,,2.0,0.0,1.0,A01,138Â 293Â 568,1.0
965361,201900006892,6,6,17:00,1,1,1,1.0,7.0,04065,RD 951 - Bayard,M,"44,0603494","5,8243521",4,2019,80.0,3.0,1.0,3.0,2157767,7.0,2,3,2,5.0,,0.0,0,1944.0,A01,138Â 293Â 568,1.0,-1.0,-1.0,1647606,2.0,7,,2.0,0.0,1.0,A01,138Â 293Â 568,1.0
965362,201900006893,6,2,16:10,1,1,3,1.0,3.0,04088,RD 4100 / VC La petite bastide,M,"43,9403633","5,8203485",4,2019,80.0,1.0,1.0,3.0,2157768,1.0,1,1,2,5.0,,0.0,0,1966.0,A01,138Â 293Â 566,1.0,-1.0,-1.0,1647607,2.0,7,,0.0,0.0,3.0,A01,138Â 293Â 566,1.0
965362,201900006893,6,2,16:10,1,1,3,1.0,3.0,04088,RD 4100 / VC La petite bastide,M,"43,9403633","5,8203485",4,2019,80.0,1.0,1.0,3.0,2157768,1.0,1,1,2,5.0,,0.0,0,1966.0,A01,138Â 293Â 566,1.0,-1.0,-1.0,1647608,2.0,7,,0.0,2.0,1.0,B01,138Â 293Â 567,1.0
965362,201900006893,6,2,16:10,1,1,3,1.0,3.0,04088,RD 4100 / VC La petite bastide,M,"43,9403633","5,8203485",4,2019,80.0,1.0,1.0,3.0,2157769,1.0,1,4,2,4.0,,0.0,0,1990.0,B01,138Â 293Â 567,1.0,-1.0,-1.0,1647607,2.0,7,,0.0,0.0,3.0,A01,138Â 293Â 566,1.0
965362,201900006893,6,2,16:10,1,1,3,1.0,3.0,04088,RD 4100 / VC La petite bastide,M,"43,9403633","5,8203485",4,2019,80.0,1.0,1.0,3.0,2157769,1.0,1,4,2,4.0,,0.0,0,1990.0,B01,138Â 293Â 567,1.0,-1.0,-1.0,1647608,2.0,7,,0.0,2.0,1.0,B01,138Â 293Â 567,1.0
965363,201900006894,6,16,16:30,1,1,9,1.0,1.0,04135,RD 952,M,"43,8509190","6,1745360",4,2019,80.0,1.0,1.0,3.0,2157770,1.0,1,3,1,5.0,,0.0,0,1957.0,B01,138Â 293Â 564,2.0,6.0,-1.0,1647609,1.0,31,,0.0,2.0,1.0,B01,138Â 293Â 564,1.0
965363,201900006894,6,16,16:30,1,1,9,1.0,1.0,04135,RD 952,M,"43,8509190","6,1745360",4,2019,80.0,1.0,1.0,3.0,2157770,1.0,1,3,1,5.0,,0.0,0,1957.0,B01,138Â 293Â 564,2.0,6.0,-1.0,1647610,2.0,7,,0.0,2.0,3.0,A01,138Â 293Â 565,1.0
965363,201900006894,6,16,16:30,1,1,9,1.0,1.0,04135,RD 952,M,"43,8509190","6,1745360",4,2019,80.0,1.0,1.0,3.0,2157771,1.0,1,1,1,5.0,,0.0,0,1936.0,A01,138Â 293Â 565,1.0,-1.0,-1.0,1647609,1.0,31,,0.0,2.0,1.0,B01,138Â 293Â 564,1.0
965363,201900006894,6,16,16:30,1,1,9,1.0,1.0,04135,RD 952,M,"43,8509190","6,1745360",4,2019,80.0,1.0,1.0,3.0,2157771,1.0,1,1,1,5.0,,0.0,0,1936.0,A01,138Â 293Â 565,1.0,-1.0,-1.0,1647610,2.0,7,,0.0,2.0,3.0,A01,138Â 293Â 565,1.0
965363,201900006894,6,16,16:30,1,1,9,1.0,1.0,04135,RD 952,M,"43,8509190","6,1745360",4,2019,80.0,1.0,1.0,3.0,2157772,2.0,2,1,2,5.0,,0.0,0,1940.0,A01,138Â 293Â 565,1.0,-1.0,-1.0,1647609,1.0,31,,0.0,2.0,1.0,B01,138Â 293Â 564,1.0
965363,201900006894,6,16,16:30,1,1,9,1.0,1.0,04135,RD 952,M,"43,8509190","6,1745360",4,2019,80.0,1.0,1.0,3.0,2157772,2.0,2,1,2,5.0,,0.0,0,1940.0,A01,138Â 293Â 565,1.0,-1.0,-1.0,1647610,2.0,7,,0.0,2.0,3.0,A01,138Â 293Â 565,1.0
965364,201900006895,6,16,13:45,1,2,1,1.0,6.0,04121,RD 907 - Av Pierre Rose,M,"43,9946400","6,1953180",4,2019,50.0,8.0,1.0,3.0,2157773,2.0,2,4,2,5.0,,0.0,0,1999.0,A01,138Â 293Â 559,1.0,-1.0,-1.0,1647611,1.0,7,,15.0,2.0,3.0,A01,138Â 293Â 559,1.0
965364,201900006895,6,16,13:45,1,2,1,1.0,6.0,04121,RD 907 - Av Pierre Rose,M,"43,9946400","6,1953180",4,2019,50.0,8.0,1.0,3.0,2157774,1.0,1,1,1,5.0,,0.0,0,1999.0,A01,138Â 293Â 559,1.0,-1.0,-1.0,1647611,1.0,7,,15.0,2.0,3.0,A01,138Â 293Â 559,1.0
965365,201900006896,6,16,15:40,1,1,3,1.0,2.0,04108,RN 85 / Ch de point triple,M,"44,0519750","6,0230440",4,2019,70.0,1.0,1.0,2.0,2157775,1.0,1,4,1,5.0,,0.0,0,1950.0,B01,138Â 293Â 557,1.0,-1.0,-1.0,1647612,1.0,7,,0.0,2.0,1.0,B01,138Â 293Â 557,1.0
965365,201900006896,6,16,15:40,1,1,3,1.0,2.0,04108,RN 85 / Ch de point triple,M,"44,0519750","6,0230440",4,2019,70.0,1.0,1.0,2.0,2157775,1.0,1,4,1,5.0,,0.0,0,1950.0,B01,138Â 293Â 557,1.0,-1.0,-1.0,1647613,1.0,7,,0.0,2.0,5.0,A01,138Â 293Â 558,1.0
965365,201900006896,6,16,15:40,1,1,3,1.0,2.0,04108,RN 85 / Ch de point triple,M,"44,0519750","6,0230440",4,2019,70.0,1.0,1.0,2.0,2157776,1.0,1,1,1,5.0,,0.0,0,1932.0,A01,138Â 293Â 558,1.0,-1.0,-1.0,1647612,1.0,7,,0.0,2.0,1.0,B01,138Â 293Â 557,1.0
965365,201900006896,6,16,15:40,1,1,3,1.0,2.0,04108,RN 85 / Ch de point triple,M,"44,0519750","6,0230440",4,2019,70.0,1.0,1.0,2.0,2157776,1.0,1,1,1,5.0,,0.0,0,1932.0,A01,138Â 293Â 558,1.0,-1.0,-1.0,1647613,1.0,7,,0.0,2.0,5.0,A01,138Â 293Â 558,1.0
965366,201900006897,6,15,15:00,1,2,9,1.0,2.0,04049,RD 4096 - Av Jean Moulin,M,"44,0905846","6,0089793",4,2019,50.0,1.0,1.0,3.0,2157777,1.0,1,1,2,4.0,,0.0,0,1978.0,A01,138Â 293Â 555,1.0,-1.0,-1.0,1647614,2.0,7,,0.0,2.0,1.0,A01,138Â 293Â 555,1.0
965366,201900006897,6,15,15:00,1,2,9,1.0,2.0,04049,RD 4096 - Av Jean Moulin,M,"44,0905846","6,0089793",4,2019,50.0,1.0,1.0,3.0,2157777,1.0,1,1,2,4.0,,0.0,0,1978.0,A01,138Â 293Â 555,1.0,-1.0,-1.0,1647615,2.0,7,,0.0,0.0,4.0,B01,138Â 293Â 556,1.0
965366,201900006897,6,15,15:00,1,2,9,1.0,2.0,04049,RD 4096 - Av Jean Moulin,M,"44,0905846","6,0089793",4,2019,50.0,1.0,1.0,3.0,2157778,5.0,2,4,1,4.0,,0.0,0,1968.0,A01,138Â 293Â 555,1.0,9.0,-1.0,1647614,2.0,7,,0.0,2.0,1.0,A01,138Â 293Â 555,1.0
965366,201900006897,6,15,15:00,1,2,9,1.0,2.0,04049,RD 4096 - Av Jean Moulin,M,"44,0905846","6,0089793",4,2019,50.0,1.0,1.0,3.0,2157778,5.0,2,4,1,4.0,,0.0,0,1968.0,A01,138Â 293Â 555,1.0,9.0,-1.0,1647615,2.0,7,,0.0,0.0,4.0,B01,138Â 293Â 556,1.0
965366,201900006897,6,15,15:00,1,2,9,1.0,2.0,04049,RD 4096 - Av Jean Moulin,M,"44,0905846","6,0089793",4,2019,50.0,1.0,1.0,3.0,2157779,2.0,2,4,2,5.0,,0.0,0,2008.0,B01,138Â 293Â 556,1.0,-1.0,-1.0,1647614,2.0,7,,0.0,2.0,1.0,A01,138Â 293Â 555,1.0
965366,201900006897,6,15,15:00,1,2,9,1.0,2.0,04049,RD 4096 - Av Jean Moulin,M,"44,0905846","6,0089793",4,2019,50.0,1.0,1.0,3.0,2157779,2.0,2,4,2,5.0,,0.0,0,2008.0,B01,138Â 293Â 556,1.0,-1.0,-1.0,1647615,2.0,7,,0.0,0.0,4.0,B01,138Â 293Â 556,1.0
965366,201900006897,6,15,15:00,1,2,9,1.0,2.0,04049,RD 4096 - Av Jean Moulin,M,"44,0905846","6,0089793",4,2019,50.0,1.0,1.0,3.0,2157780,1.0,1,4,1,5.0,,0.0,0,1964.0,B01,138Â 293Â 556,1.0,-1.0,-1.0,1647614,2.0,7,,0.0,2.0,1.0,A01,138Â 293Â 555,1.0
965366,201900006897,6,15,15:00,1,2,9,1.0,2.0,04049,RD 4096 - Av Jean Moulin,M,"44,0905846","6,0089793",4,2019,50.0,1.0,1.0,3.0,2157780,1.0,1,4,1,5.0,,0.0,0,1964.0,B01,138Â 293Â 556,1.0,-1.0,-1.0,1647615,2.0,7,,0.0,0.0,4.0,B01,138Â 293Â 556,1.0
965367,201900006898,6,10,14:15,1,2,1,1.0,6.0,04049,AllÃ©e des Ã©rables,M,"44,1007460","6,0099120",4,2019,30.0,4.0,1.0,6.0,2157781,1.0,1,1,1,5.0,,0.0,0,1950.0,A01,138Â 293Â 554,8.0,-1.0,-1.0,1647616,0.0,7,,6.0,1.0,1.0,A01,138Â 293Â 554,1.0
965367,201900006898,6,10,14:15,1,2,1,1.0,6.0,04049,AllÃ©e des Ã©rables,M,"44,1007460","6,0099120",4,2019,30.0,4.0,1.0,6.0,2157782,10.0,3,3,2,5.0,,5.0,9,1975.0,A01,138Â 293Â 554,0.0,-1.0,-1.0,1647616,0.0,7,,6.0,1.0,1.0,A01,138Â 293Â 554,1.0
965368,201900006899,6,1,20:30,1,1,1,1.0,7.0,04013,RD 4085,M,"44,1309670","5,9750110",4,2019,80.0,3.0,1.0,3.0,2157783,1.0,1,3,1,5.0,,0.0,0,2001.0,A01,138Â 293Â 553,1.0,-1.0,-1.0,1647617,1.0,7,,13.0,0.0,1.0,A01,138Â 293Â 553,1.0
965369,201900006900,6,17,16:34,1,1,1,1.0,1.0,04094,RD 8,M,"43,7513140","5,8855220",4,2019,80.0,1.0,9.0,3.0,2157784,1.0,1,3,1,5.0,,0.0,0,1960.0,A01,138Â 293Â 551,2.0,6.0,-1.0,1647618,2.0,33,,0.0,2.0,0.0,A01,138Â 293Â 551,1.0
965369,201900006900,6,17,16:34,1,1,1,1.0,1.0,04094,RD 8,M,"43,7513140","5,8855220",4,2019,80.0,1.0,9.0,3.0,2157784,1.0,1,3,1,5.0,,0.0,0,1960.0,A01,138Â 293Â 551,2.0,6.0,-1.0,1647619,1.0,7,,0.0,2.0,1.0,B01,138Â 293Â 552,1.0
965369,201900006900,6,17,16:34,1,1,1,1.0,1.0,04094,RD 8,M,"43,7513140","5,8855220",4,2019,80.0,1.0,9.0,3.0,2157785,2.0,2,1,2,5.0,,0.0,0,1940.0,B01,138Â 293Â 552,1.0,-1.0,-1.0,1647618,2.0,33,,0.0,2.0,0.0,A01,138Â 293Â 551,1.0
965369,201900006900,6,17,16:34,1,1,1,1.0,1.0,04094,RD 8,M,"43,7513140","5,8855220",4,2019,80.0,1.0,9.0,3.0,2157785,2.0,2,1,2,5.0,,0.0,0,1940.0,B01,138Â 293Â 552,1.0,-1.0,-1.0,1647619,1.0,7,,0.0,2.0,1.0,B01,138Â 293Â 552,1.0
965369,201900006900,6,17,16:34,1,1,1,1.0,1.0,04094,RD 8,M,"43,7513140","5,8855220",4,2019,80.0,1.0,9.0,3.0,2157786,1.0,1,1,1,5.0,,0.0,0,1935.0,B01,138Â 293Â 552,1.0,-1.0,-1.0,1647618,2.0,33,,0.0,2.0,0.0,A01,138Â 293Â 551,1.0
965369,201900006900,6,17,16:34,1,1,1,1.0,1.0,04094,RD 8,M,"43,7513140","5,8855220",4,2019,80.0,1.0,9.0,3.0,2157786,1.0,1,1,1,5.0,,0.0,0,1935.0,B01,138Â 293Â 552,1.0,-1.0,-1.0,1647619,1.0,7,,0.0,2.0,1.0,B01,138Â 293Â 552,1.0