Unnamed: 0_x,num_acc,mois,jour,hrmn,lum,agg,int,atm,col,com,adr,gps,lat,long,dep,annee,vma,situ,surf,catr,Unnamed: 0_y,place,catu,grav,sexe,trajet,secu,locp,actp,an_nais,num_veh_x,id_vehicule_x,secu1,secu2,secu3,Unnamed: 0,senc,catv,occutc,obs,obsm,choc,num_veh_y,id_vehicule_y,motor
965370,201900006901,6,8,20:30,1,1,1,1.0,2.0,04113,RD 900,M,"44,1143294","6,2697188",4,2019,80.0,1.0,1.0,3.0,2157787,1.0,1,1,1,5.0,,0.0,0,1944.0,B01,138Â 293Â 549,1.0,-1.0,-1.0,1647620,2.0,10,,0.0,0.0,6.0,B01,138Â 293Â 549,1.0
965370,201900006901,6,8,20:30,1,1,1,1.0,2.0,04113,RD 900,M,"44,1143294","6,2697188",4,2019,80.0,1.0,1.0,3.0,2157787,1.0,1,1,1,5.0,,0.0,0,1944.0,B01,138Â 293Â 549,1.0,-1.0,-1.0,1647621,2.0,33,,0.0,2.0,1.0,A01,138Â 293Â 550,1.0
965370,201900006901,6,8,20:30,1,1,1,1.0,2.0,04113,RD 900,M,"44,1143294","6,2697188",4,2019,80.0,1.0,1.0,3.0,2157788,1.0,1,3,1,5.0,,0.0,0,1964.0,A01,138Â 293Â 550,2.0,6.0,-1.0,1647620,2.0,10,,0.0,0.0,6.0,B01,138Â 293Â 549,1.0
965370,201900006901,6,8,20:30,1,1,1,1.0,2.0,04113,RD 900,M,"44,1143294","6,2697188",4,2019,80.0,1.0,1.0,3.0,2157788,1.0,1,3,1,5.0,,0.0,0,1964.0,A01,138Â 293Â 550,2.0,6.0,-1.0,1647621,2.0,33,,0.0,2.0,1.0,A01,138Â 293Â 550,1.0
965371,201900006902,5,26,04:10,3,1,1,1.0,6.0,85234,140 Route de Beauvoir,M,"46,8207200"," -2,0631200",85,2019,-1.0,8.0,1.0,3.0,2157789,1.0,1,3,1,5.0,,0.0,0,1997.0,A01,138Â 293Â 548,1.0,-1.0,-1.0,1647622,2.0,7,,6.0,0.0,1.0,A01,138Â 293Â 548,1.0
965372,201900006903,5,31,19:07,1,1,1,1.0,7.0,85277,La BrunetiÃ¨re,M,"46,5004200"," -1,3561300",85,2019,80.0,3.0,1.0,3.0,2157790,1.0,1,3,2,0.0,,0.0,0,1940.0,A01,138Â 293Â 547,1.0,-1.0,-1.0,1647623,1.0,7,,2.0,0.0,1.0,A01,138Â 293Â 547,0.0
965373,201900006904,6,19,11:00,1,2,6,1.0,3.0,85047,Rue Carnot,M,"46,8510400"," -1,8896800",85,2019,50.0,1.0,1.0,4.0,2157791,1.0,1,3,2,5.0,,0.0,0,1959.0,B01,138Â 293Â 545,0.0,-1.0,-1.0,1647624,3.0,1,,0.0,2.0,8.0,B01,138Â 293Â 545,5.0
965373,201900006904,6,19,11:00,1,2,6,1.0,3.0,85047,Rue Carnot,M,"46,8510400"," -1,8896800",85,2019,50.0,1.0,1.0,4.0,2157791,1.0,1,3,2,5.0,,0.0,0,1959.0,B01,138Â 293Â 545,0.0,-1.0,-1.0,1647625,3.0,7,,0.0,2.0,7.0,A01,138Â 293Â 546,1.0
965373,201900006904,6,19,11:00,1,2,6,1.0,3.0,85047,Rue Carnot,M,"46,8510400"," -1,8896800",85,2019,50.0,1.0,1.0,4.0,2157792,1.0,1,1,2,5.0,,0.0,0,1947.0,A01,138Â 293Â 546,1.0,-1.0,-1.0,1647624,3.0,1,,0.0,2.0,8.0,B01,138Â 293Â 545,5.0
965373,201900006904,6,19,11:00,1,2,6,1.0,3.0,85047,Rue Carnot,M,"46,8510400"," -1,8896800",85,2019,50.0,1.0,1.0,4.0,2157792,1.0,1,1,2,5.0,,0.0,0,1947.0,A01,138Â 293Â 546,1.0,-1.0,-1.0,1647625,3.0,7,,0.0,2.0,7.0,A01,138Â 293Â 546,1.0
965374,201900006905,6,3,23:25,3,1,1,1.0,6.0,85047,Route de la Roche-Sur-Yon,M,"46,8309600"," -1,8126000",85,2019,80.0,1.0,1.0,3.0,2157793,1.0,1,1,1,5.0,,0.0,0,1960.0,A01,138Â 293Â 544,1.0,-1.0,-1.0,1647626,1.0,7,,0.0,1.0,2.0,A01,138Â 293Â 544,6.0
965374,201900006905,6,3,23:25,3,1,1,1.0,6.0,85047,Route de la Roche-Sur-Yon,M,"46,8309600"," -1,8126000",85,2019,80.0,1.0,1.0,3.0,2157794,10.0,3,3,1,5.0,,9.0,B,1988.0,A01,138Â 293Â 544,0.0,-1.0,-1.0,1647626,1.0,7,,0.0,1.0,2.0,A01,138Â 293Â 544,6.0
965375,201900006906,5,18,19:35,1,1,1,1.0,7.0,85096, Varnes,M,"46,9324500"," -1,8356300",85,2019,110.0,1.0,1.0,3.0,2157795,1.0,1,4,1,5.0,,0.0,0,1961.0,A01,138Â 293Â 543,2.0,-1.0,-1.0,1647627,1.0,33,,0.0,0.0,0.0,A01,138Â 293Â 543,1.0
965376,201900006907,6,9,19:15,1,1,1,8.0,3.0,85090,La RedonniÃ¨re (La FlocelliÃ¨re),M,"46,8253700"," -0,8587000",85,2019,80.0,1.0,2.0,4.0,2157796,1.0,1,3,1,5.0,,0.0,0,2005.0,A01,138Â 293Â 540,2.0,-1.0,-1.0,1647628,3.0,2,,0.0,2.0,8.0,A01,138Â 293Â 540,1.0
965376,201900006907,6,9,19:15,1,1,1,8.0,3.0,85090,La RedonniÃ¨re (La FlocelliÃ¨re),M,"46,8253700"," -0,8587000",85,2019,80.0,1.0,2.0,4.0,2157796,1.0,1,3,1,5.0,,0.0,0,2005.0,A01,138Â 293Â 540,2.0,-1.0,-1.0,1647629,3.0,7,,0.0,2.0,3.0,B01,138Â 293Â 541,1.0
965376,201900006907,6,9,19:15,1,1,1,8.0,3.0,85090,La RedonniÃ¨re (La FlocelliÃ¨re),M,"46,8253700"," -0,8587000",85,2019,80.0,1.0,2.0,4.0,2157797,2.0,2,1,2,5.0,,0.0,0,1975.0,B01,138Â 293Â 541,1.0,-1.0,-1.0,1647628,3.0,2,,0.0,2.0,8.0,A01,138Â 293Â 540,1.0
965376,201900006907,6,9,19:15,1,1,1,8.0,3.0,85090,La RedonniÃ¨re (La FlocelliÃ¨re),M,"46,8253700"," -0,8587000",85,2019,80.0,1.0,2.0,4.0,2157797,2.0,2,1,2,5.0,,0.0,0,1975.0,B01,138Â 293Â 541,1.0,-1.0,-1.0,1647629,3.0,7,,0.0,2.0,3.0,B01,138Â 293Â 541,1.0
965376,201900006907,6,9,19:15,1,1,1,8.0,3.0,85090,La RedonniÃ¨re (La FlocelliÃ¨re),M,"46,8253700"," -0,8587000",85,2019,80.0,1.0,2.0,4.0,2157798,1.0,1,1,1,5.0,,0.0,0,1986.0,B01,138Â 293Â 541,1.0,-1.0,-1.0,1647628,3.0,2,,0.0,2.0,8.0,A01,138Â 293Â 540,1.0
965376,201900006907,6,9,19:15,1,1,1,8.0,3.0,85090,La RedonniÃ¨re (La FlocelliÃ¨re),M,"46,8253700"," -0,8587000",85,2019,80.0,1.0,2.0,4.0,2157798,1.0,1,1,1,5.0,,0.0,0,1986.0,B01,138Â 293Â 541,1.0,-1.0,-1.0,1647629,3.0,7,,0.0,2.0,3.0,B01,138Â 293Â 541,1.0
965377,201900006908,6,20,06:30,1,1,1,2.0,5.0,85303,D938 ter,M,"46,3866300"," -0,8746500",85,2019,80.0,1.0,2.0,3.0,2157799,1.0,1,2,1,1.0,,0.0,0,1990.0,A01,138Â 293Â 537,8.0,-1.0,-1.0,1647630,2.0,7,,0.0,2.0,1.0,A01,138Â 293Â 537,1.0
965377,201900006908,6,20,06:30,1,1,1,2.0,5.0,85303,D938 ter,M,"46,3866300"," -0,8746500",85,2019,80.0,1.0,2.0,3.0,2157799,1.0,1,2,1,1.0,,0.0,0,1990.0,A01,138Â 293Â 537,8.0,-1.0,-1.0,1647631,1.0,10,,0.0,2.0,3.0,B01,138Â 293Â 538,1.0
965377,201900006908,6,20,06:30,1,1,1,2.0,5.0,85303,D938 ter,M,"46,3866300"," -0,8746500",85,2019,80.0,1.0,2.0,3.0,2157799,1.0,1,2,1,1.0,,0.0,0,1990.0,A01,138Â 293Â 537,8.0,-1.0,-1.0,1647632,1.0,10,,0.0,2.0,2.0,C01,138Â 293Â 539,1.0
965377,201900006908,6,20,06:30,1,1,1,2.0,5.0,85303,D938 ter,M,"46,3866300"," -0,8746500",85,2019,80.0,1.0,2.0,3.0,2157800,1.0,1,3,1,5.0,,0.0,0,1943.0,B01,138Â 293Â 538,1.0,-1.0,-1.0,1647630,2.0,7,,0.0,2.0,1.0,A01,138Â 293Â 537,1.0
965377,201900006908,6,20,06:30,1,1,1,2.0,5.0,85303,D938 ter,M,"46,3866300"," -0,8746500",85,2019,80.0,1.0,2.0,3.0,2157800,1.0,1,3,1,5.0,,0.0,0,1943.0,B01,138Â 293Â 538,1.0,-1.0,-1.0,1647631,1.0,10,,0.0,2.0,3.0,B01,138Â 293Â 538,1.0
965377,201900006908,6,20,06:30,1,1,1,2.0,5.0,85303,D938 ter,M,"46,3866300"," -0,8746500",85,2019,80.0,1.0,2.0,3.0,2157800,1.0,1,3,1,5.0,,0.0,0,1943.0,B01,138Â 293Â 538,1.0,-1.0,-1.0,1647632,1.0,10,,0.0,2.0,2.0,C01,138Â 293Â 539,1.0
965377,201900006908,6,20,06:30,1,1,1,2.0,5.0,85303,D938 ter,M,"46,3866300"," -0,8746500",85,2019,80.0,1.0,2.0,3.0,2157801,1.0,1,4,1,1.0,,0.0,0,1963.0,C01,138Â 293Â 539,1.0,-1.0,-1.0,1647630,2.0,7,,0.0,2.0,1.0,A01,138Â 293Â 537,1.0
965377,201900006908,6,20,06:30,1,1,1,2.0,5.0,85303,D938 ter,M,"46,3866300"," -0,8746500",85,2019,80.0,1.0,2.0,3.0,2157801,1.0,1,4,1,1.0,,0.0,0,1963.0,C01,138Â 293Â 539,1.0,-1.0,-1.0,1647631,1.0,10,,0.0,2.0,3.0,B01,138Â 293Â 538,1.0
965377,201900006908,6,20,06:30,1,1,1,2.0,5.0,85303,D938 ter,M,"46,3866300"," -0,8746500",85,2019,80.0,1.0,2.0,3.0,2157801,1.0,1,4,1,1.0,,0.0,0,1963.0,C01,138Â 293Â 539,1.0,-1.0,-1.0,1647632,1.0,10,,0.0,2.0,2.0,C01,138Â 293Â 539,1.0
965378,201900006909,6,10,14:40,1,1,3,1.0,1.0,85132,Lieu-dit Saint-Roman,M,"46,3548800"," -0,8081100",85,2019,80.0,1.0,1.0,3.0,2157802,1.0,1,3,1,5.0,,0.0,0,2002.0,A01,138Â 293Â 535,2.0,6.0,-1.0,1647633,1.0,2,,0.0,0.0,1.0,A01,138Â 293Â 535,1.0
965378,201900006909,6,10,14:40,1,1,3,1.0,1.0,85132,Lieu-dit Saint-Roman,M,"46,3548800"," -0,8081100",85,2019,80.0,1.0,1.0,3.0,2157802,1.0,1,3,1,5.0,,0.0,0,2002.0,A01,138Â 293Â 535,2.0,6.0,-1.0,1647634,1.0,7,,0.0,0.0,3.0,B01,138Â 293Â 536,1.0
965378,201900006909,6,10,14:40,1,1,3,1.0,1.0,85132,Lieu-dit Saint-Roman,M,"46,3548800"," -0,8081100",85,2019,80.0,1.0,1.0,3.0,2157803,1.0,1,1,1,0.0,,0.0,0,1975.0,B01,138Â 293Â 536,1.0,-1.0,-1.0,1647633,1.0,2,,0.0,0.0,1.0,A01,138Â 293Â 535,1.0
965378,201900006909,6,10,14:40,1,1,3,1.0,1.0,85132,Lieu-dit Saint-Roman,M,"46,3548800"," -0,8081100",85,2019,80.0,1.0,1.0,3.0,2157803,1.0,1,1,1,0.0,,0.0,0,1975.0,B01,138Â 293Â 536,1.0,-1.0,-1.0,1647634,1.0,7,,0.0,0.0,3.0,B01,138Â 293Â 536,1.0
965379,201900006910,6,2,10:40,1,1,1,1.0,7.0,85303,D25,M,"46,3759460"," -0,8803100",85,2019,80.0,3.0,1.0,3.0,2157804,1.0,1,3,1,5.0,,0.0,0,1976.0,A01,138Â 293Â 534,2.0,6.0,9.0,1647635,1.0,33,,2.0,0.0,0.0,A01,138Â 293Â 534,1.0
965380,201900006911,6,12,18:00,1,2,6,1.0,7.0,85262,D74,M,"46,9857500"," -1,5103600",85,2019,50.0,3.0,1.0,3.0,2157805,1.0,1,2,1,5.0,,0.0,0,1954.0,A01,138Â 293Â 533,1.0,-1.0,-1.0,1647636,1.0,7,,7.0,0.0,2.0,A01,138Â 293Â 533,1.0
965380,201900006911,6,12,18:00,1,2,6,1.0,7.0,85262,D74,M,"46,9857500"," -1,5103600",85,2019,50.0,3.0,1.0,3.0,2157806,7.0,2,4,1,5.0,,0.0,0,2012.0,A01,138Â 293Â 533,1.0,-1.0,-1.0,1647636,1.0,7,,7.0,0.0,2.0,A01,138Â 293Â 533,1.0
965381,201900006912,6,4,10:25,1,1,1,1.0,6.0,85008,28 Rue du Pont Ravaud,M,"46,6417400"," -1,4477700",85,2019,70.0,1.0,1.0,3.0,2157807,9.0,2,3,1,5.0,,0.0,0,2001.0,B01,138Â 293Â 531,1.0,-1.0,-1.0,1647637,2.0,7,,6.0,2.0,3.0,B01,138Â 293Â 531,1.0
965381,201900006912,6,4,10:25,1,1,1,1.0,6.0,85008,28 Rue du Pont Ravaud,M,"46,6417400"," -1,4477700",85,2019,70.0,1.0,1.0,3.0,2157807,9.0,2,3,1,5.0,,0.0,0,2001.0,B01,138Â 293Â 531,1.0,-1.0,-1.0,1647638,1.0,7,,0.0,2.0,3.0,A01,138Â 293Â 532,1.0
965381,201900006912,6,4,10:25,1,1,1,1.0,6.0,85008,28 Rue du Pont Ravaud,M,"46,6417400"," -1,4477700",85,2019,70.0,1.0,1.0,3.0,2157808,1.0,1,1,1,0.0,,0.0,0,2001.0,B01,138Â 293Â 531,1.0,-1.0,-1.0,1647637,2.0,7,,6.0,2.0,3.0,B01,138Â 293Â 531,1.0
965381,201900006912,6,4,10:25,1,1,1,1.0,6.0,85008,28 Rue du Pont Ravaud,M,"46,6417400"," -1,4477700",85,2019,70.0,1.0,1.0,3.0,2157808,1.0,1,1,1,0.0,,0.0,0,2001.0,B01,138Â 293Â 531,1.0,-1.0,-1.0,1647638,1.0,7,,0.0,2.0,3.0,A01,138Â 293Â 532,1.0
965381,201900006912,6,4,10:25,1,1,1,1.0,6.0,85008,28 Rue du Pont Ravaud,M,"46,6417400"," -1,4477700",85,2019,70.0,1.0,1.0,3.0,2157809,2.0,2,3,1,0.0,,0.0,0,2000.0,B01,138Â 293Â 531,1.0,-1.0,-1.0,1647637,2.0,7,,6.0,2.0,3.0,B01,138Â 293Â 531,1.0
965381,201900006912,6,4,10:25,1,1,1,1.0,6.0,85008,28 Rue du Pont Ravaud,M,"46,6417400"," -1,4477700",85,2019,70.0,1.0,1.0,3.0,2157809,2.0,2,3,1,0.0,,0.0,0,2000.0,B01,138Â 293Â 531,1.0,-1.0,-1.0,1647638,1.0,7,,0.0,2.0,3.0,A01,138Â 293Â 532,1.0
965381,201900006912,6,4,10:25,1,1,1,1.0,6.0,85008,28 Rue du Pont Ravaud,M,"46,6417400"," -1,4477700",85,2019,70.0,1.0,1.0,3.0,2157810,1.0,1,1,1,5.0,,0.0,0,1961.0,A01,138Â 293Â 532,1.0,-1.0,-1.0,1647637,2.0,7,,6.0,2.0,3.0,B01,138Â 293Â 531,1.0
965381,201900006912,6,4,10:25,1,1,1,1.0,6.0,85008,28 Rue du Pont Ravaud,M,"46,6417400"," -1,4477700",85,2019,70.0,1.0,1.0,3.0,2157810,1.0,1,1,1,5.0,,0.0,0,1961.0,A01,138Â 293Â 532,1.0,-1.0,-1.0,1647638,1.0,7,,0.0,2.0,3.0,A01,138Â 293Â 532,1.0
965382,201900006913,6,3,23:15,3,2,1,1.0,6.0,85061,10 Rue NapolÃ©on,M,"46,5743500"," -1,2858800",85,2019,50.0,3.0,1.0,3.0,2157811,1.0,1,2,1,5.0,,0.0,0,1975.0,A01,138Â 293Â 530,1.0,-1.0,-1.0,1647639,1.0,7,,6.0,0.0,7.0,A01,138Â 293Â 530,1.0
965383,201900006914,6,1,13:50,1,1,1,1.0,6.0,85160,La DomangÃ¨re,M,"46,6086900"," -1,4070400",85,2019,80.0,3.0,1.0,3.0,2157812,1.0,1,3,1,5.0,,0.0,0,1997.0,A01,138Â 293Â 529,1.0,-1.0,-1.0,1647640,2.0,7,,2.0,0.0,2.0,A01,138Â 293Â 529,1.0
965384,201900006915,8,13,15:35,1,1,1,1.0,6.0,26072,AUTOROUTE A7 PK 046+216,M,"45,1398265","4,8919040",26,2019,130.0,8.0,1.0,1.0,2157813,1.0,1,3,1,5.0,,0.0,0,1951.0,A01,138Â 293Â 528,1.0,-1.0,-1.0,1647641,1.0,7,,4.0,0.0,3.0,A01,138Â 293Â 528,1.0
965384,201900006915,8,13,15:35,1,1,1,1.0,6.0,26072,AUTOROUTE A7 PK 046+216,M,"45,1398265","4,8919040",26,2019,130.0,8.0,1.0,1.0,2157814,2.0,2,3,2,5.0,,0.0,0,1952.0,A01,138Â 293Â 528,1.0,-1.0,-1.0,1647641,1.0,7,,4.0,0.0,3.0,A01,138Â 293Â 528,1.0
965385,201900006916,6,16,19:40,1,1,1,1.0,6.0,27594,le village,M,"49,2731480","0,6228320",27,2019,80.0,1.0,1.0,3.0,2157815,1.0,1,3,1,5.0,,0.0,0,1959.0,A01,138Â 293Â 527,1.0,-1.0,-1.0,1647642,2.0,7,,13.0,0.0,1.0,A01,138Â 293Â 527,1.0
965386,201900006917,6,6,16:16,1,1,2,1.0,6.0,27085,La Cantellerie (Ãpreville-en-Roumois),M,"49,3218290","0,7632030",27,2019,80.0,1.0,1.0,4.0,2157816,1.0,1,1,2,3.0,,0.0,0,1948.0,A01,138Â 293Â 524,1.0,5.0,-1.0,1647643,0.0,7,,0.0,2.0,3.0,A01,138Â 293Â 524,1.0
965386,201900006917,6,6,16:16,1,1,2,1.0,6.0,27085,La Cantellerie (Ãpreville-en-Roumois),M,"49,3218290","0,7632030",27,2019,80.0,1.0,1.0,4.0,2157816,1.0,1,1,2,3.0,,0.0,0,1948.0,A01,138Â 293Â 524,1.0,5.0,-1.0,1647644,3.0,2,,0.0,2.0,1.0,B01,138Â 293Â 525,1.0
965386,201900006917,6,6,16:16,1,1,2,1.0,6.0,27085,La Cantellerie (Ãpreville-en-Roumois),M,"49,3218290","0,7632030",27,2019,80.0,1.0,1.0,4.0,2157817,1.0,1,3,1,0.0,,0.0,0,2002.0,B01,138Â 293Â 525,2.0,6.0,-1.0,1647643,0.0,7,,0.0,2.0,3.0,A01,138Â 293Â 524,1.0
965386,201900006917,6,6,16:16,1,1,2,1.0,6.0,27085,La Cantellerie (Ãpreville-en-Roumois),M,"49,3218290","0,7632030",27,2019,80.0,1.0,1.0,4.0,2157817,1.0,1,3,1,0.0,,0.0,0,2002.0,B01,138Â 293Â 525,2.0,6.0,-1.0,1647644,3.0,2,,0.0,2.0,1.0,B01,138Â 293Â 525,1.0
965387,201900006918,8,13,11:12,1,1,9,1.0,2.0,52246,RN 19,M,"47,8853900","5,3185550",52,2019,80.0,1.0,1.0,2.0,2157818,6.0,2,3,1,4.0,,0.0,0,1994.0,B01,138Â 293Â 523,1.0,-1.0,-1.0,1647645,2.0,7,,0.0,2.0,1.0,B01,138Â 293Â 523,1.0
965387,201900006918,8,13,11:12,1,1,9,1.0,2.0,52246,RN 19,M,"47,8853900","5,3185550",52,2019,80.0,1.0,1.0,2.0,2157818,6.0,2,3,1,4.0,,0.0,0,1994.0,B01,138Â 293Â 523,1.0,-1.0,-1.0,1647646,2.0,15,,0.0,0.0,6.0,A01,138Â 293Â 526,1.0
965387,201900006918,8,13,11:12,1,1,9,1.0,2.0,52246,RN 19,M,"47,8853900","5,3185550",52,2019,80.0,1.0,1.0,2.0,2157819,1.0,1,3,2,4.0,,0.0,0,1995.0,B01,138Â 293Â 523,1.0,-1.0,-1.0,1647645,2.0,7,,0.0,2.0,1.0,B01,138Â 293Â 523,1.0
965387,201900006918,8,13,11:12,1,1,9,1.0,2.0,52246,RN 19,M,"47,8853900","5,3185550",52,2019,80.0,1.0,1.0,2.0,2157819,1.0,1,3,2,4.0,,0.0,0,1995.0,B01,138Â 293Â 523,1.0,-1.0,-1.0,1647646,2.0,15,,0.0,0.0,6.0,A01,138Â 293Â 526,1.0
965387,201900006918,8,13,11:12,1,1,9,1.0,2.0,52246,RN 19,M,"47,8853900","5,3185550",52,2019,80.0,1.0,1.0,2.0,2157820,2.0,2,4,1,4.0,,0.0,0,1984.0,B01,138Â 293Â 523,1.0,-1.0,-1.0,1647645,2.0,7,,0.0,2.0,1.0,B01,138Â 293Â 523,1.0
965387,201900006918,8,13,11:12,1,1,9,1.0,2.0,52246,RN 19,M,"47,8853900","5,3185550",52,2019,80.0,1.0,1.0,2.0,2157820,2.0,2,4,1,4.0,,0.0,0,1984.0,B01,138Â 293Â 523,1.0,-1.0,-1.0,1647646,2.0,15,,0.0,0.0,6.0,A01,138Â 293Â 526,1.0
965387,201900006918,8,13,11:12,1,1,9,1.0,2.0,52246,RN 19,M,"47,8853900","5,3185550",52,2019,80.0,1.0,1.0,2.0,2157821,1.0,1,1,1,4.0,,0.0,0,1979.0,A01,138Â 293Â 526,1.0,-1.0,-1.0,1647645,2.0,7,,0.0,2.0,1.0,B01,138Â 293Â 523,1.0
965387,201900006918,8,13,11:12,1,1,9,1.0,2.0,52246,RN 19,M,"47,8853900","5,3185550",52,2019,80.0,1.0,1.0,2.0,2157821,1.0,1,1,1,4.0,,0.0,0,1979.0,A01,138Â 293Â 526,1.0,-1.0,-1.0,1647646,2.0,15,,0.0,0.0,6.0,A01,138Â 293Â 526,1.0
965388,201900006919,6,7,21:00,3,1,1,2.0,6.0,27065,Avenue du 46 Royal Marine,M,"49,3333950","0,3502760",27,2019,80.0,3.0,2.0,3.0,2157822,1.0,1,2,1,0.0,,0.0,0,1990.0,A01,138Â 293Â 522,0.0,-1.0,-1.0,1647647,0.0,7,,4.0,0.0,0.0,A01,138Â 293Â 522,6.0
965389,201900006920,7,25,11:25,1,2,4,7.0,6.0,67339,13 rue du village,M,"48,9141600","7,9223320",67,2019,50.0,1.0,1.0,3.0,2157823,1.0,1,1,1,9.0,,0.0,0,1981.0,A01,138Â 293Â 521,1.0,-1.0,-1.0,1647648,3.0,7,,0.0,1.0,5.0,A01,138Â 293Â 521,1.0
965389,201900006920,7,25,11:25,1,2,4,7.0,6.0,67339,13 rue du village,M,"48,9141600","7,9223320",67,2019,50.0,1.0,1.0,3.0,2157824,10.0,3,3,1,5.0,,1.0,A,1956.0,A01,138Â 293Â 521,0.0,0.0,0.0,1647648,3.0,7,,0.0,1.0,5.0,A01,138Â 293Â 521,1.0
965390,201900006921,6,6,09:30,1,1,3,1.0,2.0,27263,intersection cote de beaumont et route de bÃ©renguerie,M,"49,3828570","0,5861610",27,2019,80.0,1.0,1.0,3.0,2157825,2.0,2,4,2,5.0,,0.0,0,2003.0,A01,138Â 293Â 518,1.0,-1.0,-1.0,1647649,3.0,7,,0.0,2.0,1.0,A01,138Â 293Â 518,6.0
965390,201900006921,6,6,09:30,1,1,3,1.0,2.0,27263,intersection cote de beaumont et route de bÃ©renguerie,M,"49,3828570","0,5861610",27,2019,80.0,1.0,1.0,3.0,2157825,2.0,2,4,2,5.0,,0.0,0,2003.0,A01,138Â 293Â 518,1.0,-1.0,-1.0,1647650,3.0,21,,0.0,0.0,6.0,B01,138Â 293Â 520,6.0
965390,201900006921,6,6,09:30,1,1,3,1.0,2.0,27263,intersection cote de beaumont et route de bÃ©renguerie,M,"49,3828570","0,5861610",27,2019,80.0,1.0,1.0,3.0,2157826,1.0,1,3,2,5.0,,0.0,0,1962.0,A01,138Â 293Â 518,1.0,-1.0,-1.0,1647649,3.0,7,,0.0,2.0,1.0,A01,138Â 293Â 518,6.0
965390,201900006921,6,6,09:30,1,1,3,1.0,2.0,27263,intersection cote de beaumont et route de bÃ©renguerie,M,"49,3828570","0,5861610",27,2019,80.0,1.0,1.0,3.0,2157826,1.0,1,3,2,5.0,,0.0,0,1962.0,A01,138Â 293Â 518,1.0,-1.0,-1.0,1647650,3.0,21,,0.0,0.0,6.0,B01,138Â 293Â 520,6.0
965390,201900006921,6,6,09:30,1,1,3,1.0,2.0,27263,intersection cote de beaumont et route de bÃ©renguerie,M,"49,3828570","0,5861610",27,2019,80.0,1.0,1.0,3.0,2157827,1.0,1,1,1,0.0,,0.0,0,1961.0,B01,138Â 293Â 520,8.0,-1.0,-1.0,1647649,3.0,7,,0.0,2.0,1.0,A01,138Â 293Â 518,6.0
965390,201900006921,6,6,09:30,1,1,3,1.0,2.0,27263,intersection cote de beaumont et route de bÃ©renguerie,M,"49,3828570","0,5861610",27,2019,80.0,1.0,1.0,3.0,2157827,1.0,1,1,1,0.0,,0.0,0,1961.0,B01,138Â 293Â 520,8.0,-1.0,-1.0,1647650,3.0,21,,0.0,0.0,6.0,B01,138Â 293Â 520,6.0
965391,201900006922,8,4,10:40,1,1,3,1.0,3.0,67526,RD206 PK7,M,"48,4029070","7,5662820",67,2019,80.0,1.0,1.0,3.0,2157828,1.0,1,1,1,1.0,,0.0,0,1969.0,A01,138Â 293Â 517,8.0,-1.0,-1.0,1647651,0.0,7,,0.0,2.0,2.0,A01,138Â 293Â 517,1.0
965391,201900006922,8,4,10:40,1,1,3,1.0,3.0,67526,RD206 PK7,M,"48,4029070","7,5662820",67,2019,80.0,1.0,1.0,3.0,2157828,1.0,1,1,1,1.0,,0.0,0,1969.0,A01,138Â 293Â 517,8.0,-1.0,-1.0,1647652,0.0,1,,0.0,2.0,8.0,B01,138Â 293Â 519,5.0
965391,201900006922,8,4,10:40,1,1,3,1.0,3.0,67526,RD206 PK7,M,"48,4029070","7,5662820",67,2019,80.0,1.0,1.0,3.0,2157829,1.0,1,3,1,5.0,,0.0,0,1940.0,B01,138Â 293Â 519,8.0,-1.0,-1.0,1647651,0.0,7,,0.0,2.0,2.0,A01,138Â 293Â 517,1.0
965391,201900006922,8,4,10:40,1,1,3,1.0,3.0,67526,RD206 PK7,M,"48,4029070","7,5662820",67,2019,80.0,1.0,1.0,3.0,2157829,1.0,1,3,1,5.0,,0.0,0,1940.0,B01,138Â 293Â 519,8.0,-1.0,-1.0,1647652,0.0,1,,0.0,2.0,8.0,B01,138Â 293Â 519,5.0
965392,201900006923,6,6,09:50,1,2,1,1.0,1.0,27467,Rue des DÃ©portÃ©s,M,"49,3534990","0,5206990",27,2019,50.0,1.0,1.0,9.0,2157830,10.0,3,2,2,5.0,,3.0,3,2003.0,B01,138Â 293Â 514,0.0,-1.0,-1.0,1647653,2.0,7,,0.0,1.0,1.0,B01,138Â 293Â 514,1.0
965392,201900006923,6,6,09:50,1,2,1,1.0,1.0,27467,Rue des DÃ©portÃ©s,M,"49,3534990","0,5206990",27,2019,50.0,1.0,1.0,9.0,2157830,10.0,3,2,2,5.0,,3.0,3,2003.0,B01,138Â 293Â 514,0.0,-1.0,-1.0,1647654,1.0,7,,0.0,2.0,3.0,A01,138Â 293Â 516,1.0
965392,201900006923,6,6,09:50,1,2,1,1.0,1.0,27467,Rue des DÃ©portÃ©s,M,"49,3534990","0,5206990",27,2019,50.0,1.0,1.0,9.0,2157831,10.0,3,4,1,5.0,,3.0,3,2003.0,B01,138Â 293Â 514,0.0,-1.0,-1.0,1647653,2.0,7,,0.0,1.0,1.0,B01,138Â 293Â 514,1.0
965392,201900006923,6,6,09:50,1,2,1,1.0,1.0,27467,Rue des DÃ©portÃ©s,M,"49,3534990","0,5206990",27,2019,50.0,1.0,1.0,9.0,2157831,10.0,3,4,1,5.0,,3.0,3,2003.0,B01,138Â 293Â 514,0.0,-1.0,-1.0,1647654,1.0,7,,0.0,2.0,3.0,A01,138Â 293Â 516,1.0