Unnamed: 0_x,num_acc,mois,jour,hrmn,lum,agg,int,atm,col,com,adr,gps,lat,long,dep,annee,vma,situ,surf,catr,Unnamed: 0_y,place,catu,grav,sexe,trajet,secu,locp,actp,an_nais,num_veh_x,id_vehicule_x,secu1,secu2,secu3,Unnamed: 0,senc,catv,occutc,obs,obsm,choc,num_veh_y,id_vehicule_y,motor
965392,201900006923,6,6,09:50,1,2,1,1.0,1.0,27467,Rue des DÃ©portÃ©s,M,"49,3534990","0,5206990",27,2019,50.0,1.0,1.0,9.0,2157832,1.0,1,1,2,4.0,,0.0,0,1961.0,B01,138Â 293Â 514,1.0,-1.0,-1.0,1647653,2.0,7,,0.0,1.0,1.0,B01,138Â 293Â 514,1.0
965392,201900006923,6,6,09:50,1,2,1,1.0,1.0,27467,Rue des DÃ©portÃ©s,M,"49,3534990","0,5206990",27,2019,50.0,1.0,1.0,9.0,2157832,1.0,1,1,2,4.0,,0.0,0,1961.0,B01,138Â 293Â 514,1.0,-1.0,-1.0,1647654,1.0,7,,0.0,2.0,3.0,A01,138Â 293Â 516,1.0
965392,201900006923,6,6,09:50,1,2,1,1.0,1.0,27467,Rue des DÃ©portÃ©s,M,"49,3534990","0,5206990",27,2019,50.0,1.0,1.0,9.0,2157833,1.0,1,1,2,4.0,,0.0,0,1994.0,A01,138Â 293Â 516,1.0,-1.0,-1.0,1647653,2.0,7,,0.0,1.0,1.0,B01,138Â 293Â 514,1.0
965392,201900006923,6,6,09:50,1,2,1,1.0,1.0,27467,Rue des DÃ©portÃ©s,M,"49,3534990","0,5206990",27,2019,50.0,1.0,1.0,9.0,2157833,1.0,1,1,2,4.0,,0.0,0,1994.0,A01,138Â 293Â 516,1.0,-1.0,-1.0,1647654,1.0,7,,0.0,2.0,3.0,A01,138Â 293Â 516,1.0
965393,201900006924,8,13,17:00,1,2,1,1.0,1.0,69005,Route d'Anse,M,"45,9296600","4,7296750",69,2019,50.0,1.0,1.0,3.0,2157834,1.0,1,1,1,5.0,,0.0,0,1983.0,A01,138Â 293Â 511,8.0,-1.0,-1.0,1647655,1.0,7,,0.0,2.0,2.0,A01,138Â 293Â 511,1.0
965393,201900006924,8,13,17:00,1,2,1,1.0,1.0,69005,Route d'Anse,M,"45,9296600","4,7296750",69,2019,50.0,1.0,1.0,3.0,2157834,1.0,1,1,1,5.0,,0.0,0,1983.0,A01,138Â 293Â 511,8.0,-1.0,-1.0,1647656,2.0,33,,0.0,2.0,1.0,B01,138Â 293Â 513,1.0
965393,201900006924,8,13,17:00,1,2,1,1.0,1.0,69005,Route d'Anse,M,"45,9296600","4,7296750",69,2019,50.0,1.0,1.0,3.0,2157835,1.0,1,3,1,5.0,,0.0,0,1954.0,B01,138Â 293Â 513,2.0,-1.0,-1.0,1647655,1.0,7,,0.0,2.0,2.0,A01,138Â 293Â 511,1.0
965393,201900006924,8,13,17:00,1,2,1,1.0,1.0,69005,Route d'Anse,M,"45,9296600","4,7296750",69,2019,50.0,1.0,1.0,3.0,2157835,1.0,1,3,1,5.0,,0.0,0,1954.0,B01,138Â 293Â 513,2.0,-1.0,-1.0,1647656,2.0,33,,0.0,2.0,1.0,B01,138Â 293Â 513,1.0
965394,201900006925,6,7,11:15,1,1,1,2.0,5.0,27059,D14bis,M,"49,2974740","1,6724800",27,2019,80.0,1.0,2.0,3.0,2157836,1.0,1,4,2,5.0,,0.0,0,2000.0,C01,138Â 293Â 509,1.0,-1.0,-1.0,1647657,1.0,10,,0.0,2.0,3.0,C01,138Â 293Â 509,1.0
965394,201900006925,6,7,11:15,1,1,1,2.0,5.0,27059,D14bis,M,"49,2974740","1,6724800",27,2019,80.0,1.0,2.0,3.0,2157836,1.0,1,4,2,5.0,,0.0,0,2000.0,C01,138Â 293Â 509,1.0,-1.0,-1.0,1647658,2.0,10,,0.0,2.0,5.0,B01,138Â 293Â 510,1.0
965394,201900006925,6,7,11:15,1,1,1,2.0,5.0,27059,D14bis,M,"49,2974740","1,6724800",27,2019,80.0,1.0,2.0,3.0,2157836,1.0,1,4,2,5.0,,0.0,0,2000.0,C01,138Â 293Â 509,1.0,-1.0,-1.0,1647659,2.0,10,,0.0,2.0,3.0,A01,138Â 293Â 512,1.0
965394,201900006925,6,7,11:15,1,1,1,2.0,5.0,27059,D14bis,M,"49,2974740","1,6724800",27,2019,80.0,1.0,2.0,3.0,2157837,1.0,1,4,1,5.0,,0.0,0,1940.0,B01,138Â 293Â 510,1.0,-1.0,-1.0,1647657,1.0,10,,0.0,2.0,3.0,C01,138Â 293Â 509,1.0
965394,201900006925,6,7,11:15,1,1,1,2.0,5.0,27059,D14bis,M,"49,2974740","1,6724800",27,2019,80.0,1.0,2.0,3.0,2157837,1.0,1,4,1,5.0,,0.0,0,1940.0,B01,138Â 293Â 510,1.0,-1.0,-1.0,1647658,2.0,10,,0.0,2.0,5.0,B01,138Â 293Â 510,1.0
965394,201900006925,6,7,11:15,1,1,1,2.0,5.0,27059,D14bis,M,"49,2974740","1,6724800",27,2019,80.0,1.0,2.0,3.0,2157837,1.0,1,4,1,5.0,,0.0,0,1940.0,B01,138Â 293Â 510,1.0,-1.0,-1.0,1647659,2.0,10,,0.0,2.0,3.0,A01,138Â 293Â 512,1.0
965394,201900006925,6,7,11:15,1,1,1,2.0,5.0,27059,D14bis,M,"49,2974740","1,6724800",27,2019,80.0,1.0,2.0,3.0,2157838,1.0,1,1,1,0.0,,0.0,0,1977.0,A01,138Â 293Â 512,1.0,-1.0,-1.0,1647657,1.0,10,,0.0,2.0,3.0,C01,138Â 293Â 509,1.0
965394,201900006925,6,7,11:15,1,1,1,2.0,5.0,27059,D14bis,M,"49,2974740","1,6724800",27,2019,80.0,1.0,2.0,3.0,2157838,1.0,1,1,1,0.0,,0.0,0,1977.0,A01,138Â 293Â 512,1.0,-1.0,-1.0,1647658,2.0,10,,0.0,2.0,5.0,B01,138Â 293Â 510,1.0
965394,201900006925,6,7,11:15,1,1,1,2.0,5.0,27059,D14bis,M,"49,2974740","1,6724800",27,2019,80.0,1.0,2.0,3.0,2157838,1.0,1,1,1,0.0,,0.0,0,1977.0,A01,138Â 293Â 512,1.0,-1.0,-1.0,1647659,2.0,10,,0.0,2.0,3.0,A01,138Â 293Â 512,1.0
965395,201900006926,8,11,18:40,1,1,1,1.0,6.0,81140,"Enceinte Bonhoure, EN BONHOURE",M,"43,6637619","1,8068258",81,2019,80.0,1.0,1.0,3.0,2157839,1.0,1,3,2,5.0,,0.0,0,1947.0,A01,138Â 293Â 508,1.0,-1.0,-1.0,1647660,1.0,7,,2.0,0.0,3.0,A01,138Â 293Â 508,1.0
965396,201900006927,6,4,21:45,2,2,1,1.0,6.0,27246,3 Rue du GÃ©nÃ©ral de Gaulle,M,"49,3592920","1,3577640",27,2019,50.0,4.0,1.0,9.0,2157840,1.0,1,3,2,5.0,,0.0,0,1998.0,A01,138Â 293Â 507,2.0,-1.0,-1.0,1647661,0.0,2,,6.0,0.0,1.0,A01,138Â 293Â 507,0.0
965397,201900006928,8,9,17:20,1,1,1,1.0,1.0,31188,Route de Saint-Lys,M,"43,5678400","1,1963110",31,2019,80.0,1.0,1.0,3.0,2157841,1.0,1,3,1,1.0,,0.0,0,1972.0,A01,138Â 293Â 505,6.0,2.0,-1.0,1647662,2.0,33,,0.0,2.0,0.0,A01,138Â 293Â 505,1.0
965397,201900006928,8,9,17:20,1,1,1,1.0,1.0,31188,Route de Saint-Lys,M,"43,5678400","1,1963110",31,2019,80.0,1.0,1.0,3.0,2157841,1.0,1,3,1,1.0,,0.0,0,1972.0,A01,138Â 293Â 505,6.0,2.0,-1.0,1647663,1.0,7,,0.0,2.0,1.0,B01,138Â 293Â 506,1.0
965397,201900006928,8,9,17:20,1,1,1,1.0,1.0,31188,Route de Saint-Lys,M,"43,5678400","1,1963110",31,2019,80.0,1.0,1.0,3.0,2157842,2.0,2,1,2,5.0,,0.0,0,1974.0,B01,138Â 293Â 506,1.0,-1.0,-1.0,1647662,2.0,33,,0.0,2.0,0.0,A01,138Â 293Â 505,1.0
965397,201900006928,8,9,17:20,1,1,1,1.0,1.0,31188,Route de Saint-Lys,M,"43,5678400","1,1963110",31,2019,80.0,1.0,1.0,3.0,2157842,2.0,2,1,2,5.0,,0.0,0,1974.0,B01,138Â 293Â 506,1.0,-1.0,-1.0,1647663,1.0,7,,0.0,2.0,1.0,B01,138Â 293Â 506,1.0
965397,201900006928,8,9,17:20,1,1,1,1.0,1.0,31188,Route de Saint-Lys,M,"43,5678400","1,1963110",31,2019,80.0,1.0,1.0,3.0,2157843,1.0,1,1,1,5.0,,0.0,0,1971.0,B01,138Â 293Â 506,1.0,-1.0,-1.0,1647662,2.0,33,,0.0,2.0,0.0,A01,138Â 293Â 505,1.0
965397,201900006928,8,9,17:20,1,1,1,1.0,1.0,31188,Route de Saint-Lys,M,"43,5678400","1,1963110",31,2019,80.0,1.0,1.0,3.0,2157843,1.0,1,1,1,5.0,,0.0,0,1971.0,B01,138Â 293Â 506,1.0,-1.0,-1.0,1647663,1.0,7,,0.0,2.0,1.0,B01,138Â 293Â 506,1.0
965397,201900006928,8,9,17:20,1,1,1,1.0,1.0,31188,Route de Saint-Lys,M,"43,5678400","1,1963110",31,2019,80.0,1.0,1.0,3.0,2157844,7.0,2,1,1,5.0,,0.0,0,2005.0,B01,138Â 293Â 506,1.0,-1.0,-1.0,1647662,2.0,33,,0.0,2.0,0.0,A01,138Â 293Â 505,1.0
965397,201900006928,8,9,17:20,1,1,1,1.0,1.0,31188,Route de Saint-Lys,M,"43,5678400","1,1963110",31,2019,80.0,1.0,1.0,3.0,2157844,7.0,2,1,1,5.0,,0.0,0,2005.0,B01,138Â 293Â 506,1.0,-1.0,-1.0,1647663,1.0,7,,0.0,2.0,1.0,B01,138Â 293Â 506,1.0
965397,201900006928,8,9,17:20,1,1,1,1.0,1.0,31188,Route de Saint-Lys,M,"43,5678400","1,1963110",31,2019,80.0,1.0,1.0,3.0,2157845,9.0,2,1,1,5.0,,0.0,0,2002.0,B01,138Â 293Â 506,1.0,-1.0,-1.0,1647662,2.0,33,,0.0,2.0,0.0,A01,138Â 293Â 505,1.0
965397,201900006928,8,9,17:20,1,1,1,1.0,1.0,31188,Route de Saint-Lys,M,"43,5678400","1,1963110",31,2019,80.0,1.0,1.0,3.0,2157845,9.0,2,1,1,5.0,,0.0,0,2002.0,B01,138Â 293Â 506,1.0,-1.0,-1.0,1647663,1.0,7,,0.0,2.0,1.0,B01,138Â 293Â 506,1.0
965398,201900006929,6,16,03:40,3,1,1,1.0,6.0,27398,L'Ecoucherie,M,"49,0927000","0,6491780",27,2019,80.0,1.0,1.0,3.0,2157846,1.0,1,1,2,5.0,,0.0,0,1973.0,A01,138Â 293Â 504,1.0,-1.0,-1.0,1647664,1.0,7,,0.0,1.0,2.0,A01,138Â 293Â 504,1.0
965398,201900006929,6,16,03:40,3,1,1,1.0,6.0,27398,L'Ecoucherie,M,"49,0927000","0,6491780",27,2019,80.0,1.0,1.0,3.0,2157847,10.0,3,3,1,0.0,,1.0,3,1984.0,A01,138Â 293Â 504,0.0,-1.0,-1.0,1647664,1.0,7,,0.0,1.0,2.0,A01,138Â 293Â 504,1.0
965399,201900006930,6,12,18:45,1,2,3,1.0,1.0,27198,rue de la gare,M,"48,8703260","1,0750210",27,2019,50.0,1.0,1.0,3.0,2157848,1.0,1,1,1,9.0,,0.0,0,1970.0,A01,138Â 293Â 501,1.0,-1.0,-1.0,1647665,1.0,7,,0.0,2.0,3.0,A01,138Â 293Â 501,1.0
965399,201900006930,6,12,18:45,1,2,3,1.0,1.0,27198,rue de la gare,M,"48,8703260","1,0750210",27,2019,50.0,1.0,1.0,3.0,2157848,1.0,1,1,1,9.0,,0.0,0,1970.0,A01,138Â 293Â 501,1.0,-1.0,-1.0,1647666,1.0,2,,0.0,2.0,1.0,B01,138Â 293Â 503,1.0
965399,201900006930,6,12,18:45,1,2,3,1.0,1.0,27198,rue de la gare,M,"48,8703260","1,0750210",27,2019,50.0,1.0,1.0,3.0,2157849,1.0,1,4,1,1.0,,0.0,0,2002.0,B01,138Â 293Â 503,2.0,6.0,-1.0,1647665,1.0,7,,0.0,2.0,3.0,A01,138Â 293Â 501,1.0
965399,201900006930,6,12,18:45,1,2,3,1.0,1.0,27198,rue de la gare,M,"48,8703260","1,0750210",27,2019,50.0,1.0,1.0,3.0,2157849,1.0,1,4,1,1.0,,0.0,0,2002.0,B01,138Â 293Â 503,2.0,6.0,-1.0,1647666,1.0,2,,0.0,2.0,1.0,B01,138Â 293Â 503,1.0
965400,201900006931,6,30,17:55,1,1,1,1.0,1.0,14236,Les Feugrais,M,"49,2282030"," -0,6653567",14,2019,70.0,1.0,1.0,3.0,2157850,2.0,2,3,2,5.0,,0.0,0,1935.0,B01,138Â 293Â 500,1.0,-1.0,-1.0,1647667,1.0,7,,0.0,2.0,3.0,B01,138Â 293Â 500,1.0
965400,201900006931,6,30,17:55,1,1,1,1.0,1.0,14236,Les Feugrais,M,"49,2282030"," -0,6653567",14,2019,70.0,1.0,1.0,3.0,2157850,2.0,2,3,2,5.0,,0.0,0,1935.0,B01,138Â 293Â 500,1.0,-1.0,-1.0,1647668,2.0,7,,0.0,2.0,3.0,A01,138Â 293Â 502,1.0
965400,201900006931,6,30,17:55,1,1,1,1.0,1.0,14236,Les Feugrais,M,"49,2282030"," -0,6653567",14,2019,70.0,1.0,1.0,3.0,2157851,1.0,1,4,1,5.0,,0.0,0,1942.0,B01,138Â 293Â 500,1.0,-1.0,-1.0,1647667,1.0,7,,0.0,2.0,3.0,B01,138Â 293Â 500,1.0
965400,201900006931,6,30,17:55,1,1,1,1.0,1.0,14236,Les Feugrais,M,"49,2282030"," -0,6653567",14,2019,70.0,1.0,1.0,3.0,2157851,1.0,1,4,1,5.0,,0.0,0,1942.0,B01,138Â 293Â 500,1.0,-1.0,-1.0,1647668,2.0,7,,0.0,2.0,3.0,A01,138Â 293Â 502,1.0
965400,201900006931,6,30,17:55,1,1,1,1.0,1.0,14236,Les Feugrais,M,"49,2282030"," -0,6653567",14,2019,70.0,1.0,1.0,3.0,2157852,4.0,2,4,1,5.0,,0.0,0,2010.0,A01,138Â 293Â 502,3.0,-1.0,-1.0,1647667,1.0,7,,0.0,2.0,3.0,B01,138Â 293Â 500,1.0
965400,201900006931,6,30,17:55,1,1,1,1.0,1.0,14236,Les Feugrais,M,"49,2282030"," -0,6653567",14,2019,70.0,1.0,1.0,3.0,2157852,4.0,2,4,1,5.0,,0.0,0,2010.0,A01,138Â 293Â 502,3.0,-1.0,-1.0,1647668,2.0,7,,0.0,2.0,3.0,A01,138Â 293Â 502,1.0
965400,201900006931,6,30,17:55,1,1,1,1.0,1.0,14236,Les Feugrais,M,"49,2282030"," -0,6653567",14,2019,70.0,1.0,1.0,3.0,2157853,3.0,2,4,2,5.0,,0.0,0,2018.0,A01,138Â 293Â 502,3.0,-1.0,-1.0,1647667,1.0,7,,0.0,2.0,3.0,B01,138Â 293Â 500,1.0
965400,201900006931,6,30,17:55,1,1,1,1.0,1.0,14236,Les Feugrais,M,"49,2282030"," -0,6653567",14,2019,70.0,1.0,1.0,3.0,2157853,3.0,2,4,2,5.0,,0.0,0,2018.0,A01,138Â 293Â 502,3.0,-1.0,-1.0,1647668,2.0,7,,0.0,2.0,3.0,A01,138Â 293Â 502,1.0
965400,201900006931,6,30,17:55,1,1,1,1.0,1.0,14236,Les Feugrais,M,"49,2282030"," -0,6653567",14,2019,70.0,1.0,1.0,3.0,2157854,1.0,1,1,2,5.0,,0.0,0,1995.0,A01,138Â 293Â 502,1.0,-1.0,-1.0,1647667,1.0,7,,0.0,2.0,3.0,B01,138Â 293Â 500,1.0
965400,201900006931,6,30,17:55,1,1,1,1.0,1.0,14236,Les Feugrais,M,"49,2282030"," -0,6653567",14,2019,70.0,1.0,1.0,3.0,2157854,1.0,1,1,2,5.0,,0.0,0,1995.0,A01,138Â 293Â 502,1.0,-1.0,-1.0,1647668,2.0,7,,0.0,2.0,3.0,A01,138Â 293Â 502,1.0
965401,201900006932,8,10,05:00,3,1,1,1.0,7.0,76714,RD 6015,M,"49,5540130","0,4207430",76,2019,80.0,1.0,1.0,3.0,2157855,1.0,1,3,1,1.0,,0.0,0,1971.0,A01,138Â 293Â 499,2.0,6.0,-1.0,1647669,1.0,2,,0.0,6.0,0.0,A01,138Â 293Â 499,1.0
965402,201900006933,8,12,12:30,1,1,1,1.0,1.0,80561,D935,M,"49,6599360","2,5657540",80,2019,80.0,1.0,1.0,2.0,2157856,1.0,1,2,2,0.0,,0.0,0,1995.0,A01,138Â 293Â 496,1.0,-1.0,-1.0,1647670,0.0,7,,0.0,2.0,1.0,A01,138Â 293Â 496,1.0
965402,201900006933,8,12,12:30,1,1,1,1.0,1.0,80561,D935,M,"49,6599360","2,5657540",80,2019,80.0,1.0,1.0,2.0,2157856,1.0,1,2,2,0.0,,0.0,0,1995.0,A01,138Â 293Â 496,1.0,-1.0,-1.0,1647671,1.0,10,,0.0,2.0,1.0,B01,138Â 293Â 497,1.0
965402,201900006933,8,12,12:30,1,1,1,1.0,1.0,80561,D935,M,"49,6599360","2,5657540",80,2019,80.0,1.0,1.0,2.0,2157857,1.0,1,4,1,9.0,,0.0,0,1987.0,B01,138Â 293Â 497,1.0,-1.0,-1.0,1647670,0.0,7,,0.0,2.0,1.0,A01,138Â 293Â 496,1.0
965402,201900006933,8,12,12:30,1,1,1,1.0,1.0,80561,D935,M,"49,6599360","2,5657540",80,2019,80.0,1.0,1.0,2.0,2157857,1.0,1,4,1,9.0,,0.0,0,1987.0,B01,138Â 293Â 497,1.0,-1.0,-1.0,1647671,1.0,10,,0.0,2.0,1.0,B01,138Â 293Â 497,1.0
965403,201900006934,6,12,15:05,1,1,1,1.0,5.0,28352,D4,M,"48,6248460","1,6401960",28,2019,80.0,1.0,1.0,3.0,2157858,1.0,1,1,2,3.0,,0.0,0,1999.0,C01,138Â 293Â 493,1.0,-1.0,-1.0,1647672,2.0,7,,0.0,2.0,1.0,C01,138Â 293Â 493,1.0
965403,201900006934,6,12,15:05,1,1,1,1.0,5.0,28352,D4,M,"48,6248460","1,6401960",28,2019,80.0,1.0,1.0,3.0,2157858,1.0,1,1,2,3.0,,0.0,0,1999.0,C01,138Â 293Â 493,1.0,-1.0,-1.0,1647673,2.0,7,,0.0,2.0,3.0,B01,138Â 293Â 494,1.0
965403,201900006934,6,12,15:05,1,1,1,1.0,5.0,28352,D4,M,"48,6248460","1,6401960",28,2019,80.0,1.0,1.0,3.0,2157858,1.0,1,1,2,3.0,,0.0,0,1999.0,C01,138Â 293Â 493,1.0,-1.0,-1.0,1647674,1.0,7,,0.0,2.0,3.0,A01,138Â 293Â 498,1.0
965403,201900006934,6,12,15:05,1,1,1,1.0,5.0,28352,D4,M,"48,6248460","1,6401960",28,2019,80.0,1.0,1.0,3.0,2157859,1.0,1,2,1,0.0,,0.0,0,1930.0,B01,138Â 293Â 494,1.0,-1.0,-1.0,1647672,2.0,7,,0.0,2.0,1.0,C01,138Â 293Â 493,1.0
965403,201900006934,6,12,15:05,1,1,1,1.0,5.0,28352,D4,M,"48,6248460","1,6401960",28,2019,80.0,1.0,1.0,3.0,2157859,1.0,1,2,1,0.0,,0.0,0,1930.0,B01,138Â 293Â 494,1.0,-1.0,-1.0,1647673,2.0,7,,0.0,2.0,3.0,B01,138Â 293Â 494,1.0
965403,201900006934,6,12,15:05,1,1,1,1.0,5.0,28352,D4,M,"48,6248460","1,6401960",28,2019,80.0,1.0,1.0,3.0,2157859,1.0,1,2,1,0.0,,0.0,0,1930.0,B01,138Â 293Â 494,1.0,-1.0,-1.0,1647674,1.0,7,,0.0,2.0,3.0,A01,138Â 293Â 498,1.0
965403,201900006934,6,12,15:05,1,1,1,1.0,5.0,28352,D4,M,"48,6248460","1,6401960",28,2019,80.0,1.0,1.0,3.0,2157860,2.0,2,4,1,4.0,,0.0,0,2001.0,A01,138Â 293Â 498,1.0,-1.0,-1.0,1647672,2.0,7,,0.0,2.0,1.0,C01,138Â 293Â 493,1.0
965403,201900006934,6,12,15:05,1,1,1,1.0,5.0,28352,D4,M,"48,6248460","1,6401960",28,2019,80.0,1.0,1.0,3.0,2157860,2.0,2,4,1,4.0,,0.0,0,2001.0,A01,138Â 293Â 498,1.0,-1.0,-1.0,1647673,2.0,7,,0.0,2.0,3.0,B01,138Â 293Â 494,1.0
965403,201900006934,6,12,15:05,1,1,1,1.0,5.0,28352,D4,M,"48,6248460","1,6401960",28,2019,80.0,1.0,1.0,3.0,2157860,2.0,2,4,1,4.0,,0.0,0,2001.0,A01,138Â 293Â 498,1.0,-1.0,-1.0,1647674,1.0,7,,0.0,2.0,3.0,A01,138Â 293Â 498,1.0
965403,201900006934,6,12,15:05,1,1,1,1.0,5.0,28352,D4,M,"48,6248460","1,6401960",28,2019,80.0,1.0,1.0,3.0,2157861,1.0,1,4,1,4.0,,0.0,0,1998.0,A01,138Â 293Â 498,1.0,-1.0,-1.0,1647672,2.0,7,,0.0,2.0,1.0,C01,138Â 293Â 493,1.0
965403,201900006934,6,12,15:05,1,1,1,1.0,5.0,28352,D4,M,"48,6248460","1,6401960",28,2019,80.0,1.0,1.0,3.0,2157861,1.0,1,4,1,4.0,,0.0,0,1998.0,A01,138Â 293Â 498,1.0,-1.0,-1.0,1647673,2.0,7,,0.0,2.0,3.0,B01,138Â 293Â 494,1.0
965403,201900006934,6,12,15:05,1,1,1,1.0,5.0,28352,D4,M,"48,6248460","1,6401960",28,2019,80.0,1.0,1.0,3.0,2157861,1.0,1,4,1,4.0,,0.0,0,1998.0,A01,138Â 293Â 498,1.0,-1.0,-1.0,1647674,1.0,7,,0.0,2.0,3.0,A01,138Â 293Â 498,1.0
965404,201900006935,6,3,08:30,1,2,6,2.0,2.0,28227,Avenue du GÃ©nÃ©ral de Gaulle,M,"48,5862670","1,5870990",28,2019,50.0,1.0,1.0,3.0,2157862,1.0,1,4,1,5.0,,0.0,0,1934.0,B01,138Â 293Â 491,2.0,-1.0,-1.0,1647675,1.0,1,,0.0,2.0,7.0,B01,138Â 293Â 491,5.0
965404,201900006935,6,3,08:30,1,2,6,2.0,2.0,28227,Avenue du GÃ©nÃ©ral de Gaulle,M,"48,5862670","1,5870990",28,2019,50.0,1.0,1.0,3.0,2157862,1.0,1,4,1,5.0,,0.0,0,1934.0,B01,138Â 293Â 491,2.0,-1.0,-1.0,1647676,1.0,7,,0.0,2.0,8.0,A01,138Â 293Â 492,1.0
965404,201900006935,6,3,08:30,1,2,6,2.0,2.0,28227,Avenue du GÃ©nÃ©ral de Gaulle,M,"48,5862670","1,5870990",28,2019,50.0,1.0,1.0,3.0,2157863,1.0,1,1,1,1.0,,0.0,0,1964.0,A01,138Â 293Â 492,1.0,-1.0,-1.0,1647675,1.0,1,,0.0,2.0,7.0,B01,138Â 293Â 491,5.0
965404,201900006935,6,3,08:30,1,2,6,2.0,2.0,28227,Avenue du GÃ©nÃ©ral de Gaulle,M,"48,5862670","1,5870990",28,2019,50.0,1.0,1.0,3.0,2157863,1.0,1,1,1,1.0,,0.0,0,1964.0,A01,138Â 293Â 492,1.0,-1.0,-1.0,1647676,1.0,7,,0.0,2.0,8.0,A01,138Â 293Â 492,1.0
965405,201900006936,6,14,17:10,1,1,1,1.0,7.0,28116,RD 23,M,"48,4383330","1,2357720",28,2019,80.0,3.0,1.0,3.0,2157864,1.0,1,3,1,0.0,,0.0,0,1991.0,A01,138Â 293Â 488,2.0,6.0,9.0,1647677,2.0,33,,0.0,0.0,0.0,A01,138Â 293Â 488,1.0
965406,201900006937,6,15,12:05,1,1,2,1.0,3.0,17293,Croisement RD208/RD208E1,M,"46,1413325"," -0,8055732",17,2019,80.0,1.0,1.0,3.0,2157865,1.0,1,1,1,5.0,,0.0,0,1955.0,A01,138Â 293Â 486,8.0,-1.0,-1.0,1647678,1.0,7,,0.0,2.0,1.0,A01,138Â 293Â 486,1.0
965406,201900006937,6,15,12:05,1,1,2,1.0,3.0,17293,Croisement RD208/RD208E1,M,"46,1413325"," -0,8055732",17,2019,80.0,1.0,1.0,3.0,2157865,1.0,1,1,1,5.0,,0.0,0,1955.0,A01,138Â 293Â 486,8.0,-1.0,-1.0,1647679,1.0,7,,0.0,0.0,2.0,B01,138Â 293Â 487,1.0
965406,201900006937,6,15,12:05,1,1,2,1.0,3.0,17293,Croisement RD208/RD208E1,M,"46,1413325"," -0,8055732",17,2019,80.0,1.0,1.0,3.0,2157866,1.0,1,4,1,5.0,,0.0,0,1985.0,B01,138Â 293Â 487,8.0,-1.0,-1.0,1647678,1.0,7,,0.0,2.0,1.0,A01,138Â 293Â 486,1.0
965406,201900006937,6,15,12:05,1,1,2,1.0,3.0,17293,Croisement RD208/RD208E1,M,"46,1413325"," -0,8055732",17,2019,80.0,1.0,1.0,3.0,2157866,1.0,1,4,1,5.0,,0.0,0,1985.0,B01,138Â 293Â 487,8.0,-1.0,-1.0,1647679,1.0,7,,0.0,0.0,2.0,B01,138Â 293Â 487,1.0
965406,201900006937,6,15,12:05,1,1,2,1.0,3.0,17293,Croisement RD208/RD208E1,M,"46,1413325"," -0,8055732",17,2019,80.0,1.0,1.0,3.0,2157867,2.0,2,3,2,5.0,,0.0,0,1989.0,B01,138Â 293Â 487,8.0,-1.0,-1.0,1647678,1.0,7,,0.0,2.0,1.0,A01,138Â 293Â 486,1.0
965406,201900006937,6,15,12:05,1,1,2,1.0,3.0,17293,Croisement RD208/RD208E1,M,"46,1413325"," -0,8055732",17,2019,80.0,1.0,1.0,3.0,2157867,2.0,2,3,2,5.0,,0.0,0,1989.0,B01,138Â 293Â 487,8.0,-1.0,-1.0,1647679,1.0,7,,0.0,0.0,2.0,B01,138Â 293Â 487,1.0
965407,201900006938,6,17,11:15,1,1,1,1.0,1.0,17403,le seuil,M,"45,4142410"," -0,4500180",17,2019,80.0,1.0,1.0,3.0,2157868,1.0,1,3,1,1.0,,0.0,0,2000.0,B01,138Â 293Â 484,1.0,-1.0,-1.0,1647680,1.0,7,,2.0,2.0,2.0,B01,138Â 293Â 484,1.0
965407,201900006938,6,17,11:15,1,1,1,1.0,1.0,17403,le seuil,M,"45,4142410"," -0,4500180",17,2019,80.0,1.0,1.0,3.0,2157868,1.0,1,3,1,1.0,,0.0,0,2000.0,B01,138Â 293Â 484,1.0,-1.0,-1.0,1647681,2.0,7,,0.0,2.0,2.0,A01,138Â 293Â 485,1.0
965407,201900006938,6,17,11:15,1,1,1,1.0,1.0,17403,le seuil,M,"45,4142410"," -0,4500180",17,2019,80.0,1.0,1.0,3.0,2157869,1.0,1,1,1,5.0,,0.0,0,1977.0,A01,138Â 293Â 485,1.0,-1.0,-1.0,1647680,1.0,7,,2.0,2.0,2.0,B01,138Â 293Â 484,1.0
965407,201900006938,6,17,11:15,1,1,1,1.0,1.0,17403,le seuil,M,"45,4142410"," -0,4500180",17,2019,80.0,1.0,1.0,3.0,2157869,1.0,1,1,1,5.0,,0.0,0,1977.0,A01,138Â 293Â 485,1.0,-1.0,-1.0,1647681,2.0,7,,0.0,2.0,2.0,A01,138Â 293Â 485,1.0
965407,201900006938,6,17,11:15,1,1,1,1.0,1.0,17403,le seuil,M,"45,4142410"," -0,4500180",17,2019,80.0,1.0,1.0,3.0,2157870,2.0,2,4,1,5.0,,0.0,0,2002.0,A01,138Â 293Â 485,1.0,-1.0,-1.0,1647680,1.0,7,,2.0,2.0,2.0,B01,138Â 293Â 484,1.0
965407,201900006938,6,17,11:15,1,1,1,1.0,1.0,17403,le seuil,M,"45,4142410"," -0,4500180",17,2019,80.0,1.0,1.0,3.0,2157870,2.0,2,4,1,5.0,,0.0,0,2002.0,A01,138Â 293Â 485,1.0,-1.0,-1.0,1647681,2.0,7,,0.0,2.0,2.0,A01,138Â 293Â 485,1.0