Unnamed: 0_x,num_acc,mois,jour,hrmn,lum,agg,int,atm,col,com,adr,gps,lat,long,dep,annee,vma,situ,surf,catr,Unnamed: 0_y,place,catu,grav,sexe,trajet,secu,locp,actp,an_nais,num_veh_x,id_vehicule_x,secu1,secu2,secu3,Unnamed: 0,senc,catv,occutc,obs,obsm,choc,num_veh_y,id_vehicule_y,motor
965408,201900006939,6,2,11:30,1,1,9,1.0,7.0,17192,Rue des Alambics,M,"45,5635240"," -0,4123350",17,2019,50.0,3.0,1.0,3.0,2157871,1.0,1,3,1,5.0,,0.0,0,2001.0,A01,138Â 293Â 483,2.0,6.0,-1.0,1647682,2.0,2,,2.0,0.0,1.0,A01,138Â 293Â 483,1.0
965409,201900006940,6,20,07:25,1,1,2,1.0,3.0,17322,RD 114,M,"46,2525790"," -0,8351470",17,2019,80.0,1.0,2.0,3.0,2157872,1.0,1,3,1,1.0,,0.0,0,1989.0,A01,138Â 293Â 481,1.0,-1.0,-1.0,1647683,1.0,7,,0.0,2.0,7.0,A01,138Â 293Â 481,1.0
965409,201900006940,6,20,07:25,1,1,2,1.0,3.0,17322,RD 114,M,"46,2525790"," -0,8351470",17,2019,80.0,1.0,2.0,3.0,2157872,1.0,1,3,1,1.0,,0.0,0,1989.0,A01,138Â 293Â 481,1.0,-1.0,-1.0,1647684,1.0,7,,0.0,2.0,1.0,B01,138Â 293Â 482,1.0
965409,201900006940,6,20,07:25,1,1,2,1.0,3.0,17322,RD 114,M,"46,2525790"," -0,8351470",17,2019,80.0,1.0,2.0,3.0,2157873,1.0,1,4,2,4.0,,0.0,0,1973.0,B01,138Â 293Â 482,1.0,-1.0,-1.0,1647683,1.0,7,,0.0,2.0,7.0,A01,138Â 293Â 481,1.0
965409,201900006940,6,20,07:25,1,1,2,1.0,3.0,17322,RD 114,M,"46,2525790"," -0,8351470",17,2019,80.0,1.0,2.0,3.0,2157873,1.0,1,4,2,4.0,,0.0,0,1973.0,B01,138Â 293Â 482,1.0,-1.0,-1.0,1647684,1.0,7,,0.0,2.0,1.0,B01,138Â 293Â 482,1.0
965410,201900006941,8,13,00:20,5,2,4,8.0,6.0,59249,Rue du Maire Coppeaux,M,"50,0214479","4,0621047",59,2019,50.0,4.0,2.0,3.0,2157874,1.0,1,4,2,9.0,,0.0,0,1987.0,A01,138Â 293Â 495,1.0,5.0,-1.0,1647685,1.0,7,,8.0,0.0,3.0,A01,138Â 293Â 495,0.0
965410,201900006941,8,13,00:20,5,2,4,8.0,6.0,59249,Rue du Maire Coppeaux,M,"50,0214479","4,0621047",59,2019,50.0,4.0,2.0,3.0,2157875,7.0,2,4,2,5.0,,0.0,0,2017.0,A01,138Â 293Â 495,3.0,-1.0,-1.0,1647685,1.0,7,,8.0,0.0,3.0,A01,138Â 293Â 495,0.0
965411,201900006942,6,12,14:30,1,1,1,1.0,6.0,23151,D 4 - Angly,M,"46,0830850","2,2941310",23,2019,80.0,1.0,1.0,3.0,2157876,1.0,1,2,1,5.0,,0.0,0,1971.0,A01,138Â 293Â 480,2.0,6.0,-1.0,1647686,2.0,33,,8.0,0.0,1.0,A01,138Â 293Â 480,1.0
965412,201900006943,7,29,14:44,1,1,1,1.0,5.0,13212,A507 sens Marseille - Aubagne,M,"43,3103465","5,4246980",13,2019,70.0,1.0,1.0,1.0,2157877,1.0,1,1,1,4.0,,-1.0,0,1963.0,C01,138Â 293Â 476,1.0,0.0,-1.0,1647687,1.0,7,,0.0,2.0,3.0,C01,138Â 293Â 476,1.0
965412,201900006943,7,29,14:44,1,1,1,1.0,5.0,13212,A507 sens Marseille - Aubagne,M,"43,3103465","5,4246980",13,2019,70.0,1.0,1.0,1.0,2157877,1.0,1,1,1,4.0,,-1.0,0,1963.0,C01,138Â 293Â 476,1.0,0.0,-1.0,1647688,1.0,17,,0.0,2.0,2.0,B01,138Â 293Â 478,1.0
965412,201900006943,7,29,14:44,1,1,1,1.0,5.0,13212,A507 sens Marseille - Aubagne,M,"43,3103465","5,4246980",13,2019,70.0,1.0,1.0,1.0,2157877,1.0,1,1,1,4.0,,-1.0,0,1963.0,C01,138Â 293Â 476,1.0,0.0,-1.0,1647689,1.0,7,,12.0,2.0,8.0,A01,138Â 293Â 479,1.0
965412,201900006943,7,29,14:44,1,1,1,1.0,5.0,13212,A507 sens Marseille - Aubagne,M,"43,3103465","5,4246980",13,2019,70.0,1.0,1.0,1.0,2157878,2.0,2,1,2,4.0,,-1.0,0,1962.0,C01,138Â 293Â 476,1.0,0.0,-1.0,1647687,1.0,7,,0.0,2.0,3.0,C01,138Â 293Â 476,1.0
965412,201900006943,7,29,14:44,1,1,1,1.0,5.0,13212,A507 sens Marseille - Aubagne,M,"43,3103465","5,4246980",13,2019,70.0,1.0,1.0,1.0,2157878,2.0,2,1,2,4.0,,-1.0,0,1962.0,C01,138Â 293Â 476,1.0,0.0,-1.0,1647688,1.0,17,,0.0,2.0,2.0,B01,138Â 293Â 478,1.0
965412,201900006943,7,29,14:44,1,1,1,1.0,5.0,13212,A507 sens Marseille - Aubagne,M,"43,3103465","5,4246980",13,2019,70.0,1.0,1.0,1.0,2157878,2.0,2,1,2,4.0,,-1.0,0,1962.0,C01,138Â 293Â 476,1.0,0.0,-1.0,1647689,1.0,7,,12.0,2.0,8.0,A01,138Â 293Â 479,1.0
965412,201900006943,7,29,14:44,1,1,1,1.0,5.0,13212,A507 sens Marseille - Aubagne,M,"43,3103465","5,4246980",13,2019,70.0,1.0,1.0,1.0,2157879,1.0,1,1,1,4.0,,-1.0,0,1998.0,B01,138Â 293Â 478,1.0,0.0,-1.0,1647687,1.0,7,,0.0,2.0,3.0,C01,138Â 293Â 476,1.0
965412,201900006943,7,29,14:44,1,1,1,1.0,5.0,13212,A507 sens Marseille - Aubagne,M,"43,3103465","5,4246980",13,2019,70.0,1.0,1.0,1.0,2157879,1.0,1,1,1,4.0,,-1.0,0,1998.0,B01,138Â 293Â 478,1.0,0.0,-1.0,1647688,1.0,17,,0.0,2.0,2.0,B01,138Â 293Â 478,1.0
965412,201900006943,7,29,14:44,1,1,1,1.0,5.0,13212,A507 sens Marseille - Aubagne,M,"43,3103465","5,4246980",13,2019,70.0,1.0,1.0,1.0,2157879,1.0,1,1,1,4.0,,-1.0,0,1998.0,B01,138Â 293Â 478,1.0,0.0,-1.0,1647689,1.0,7,,12.0,2.0,8.0,A01,138Â 293Â 479,1.0
965412,201900006943,7,29,14:44,1,1,1,1.0,5.0,13212,A507 sens Marseille - Aubagne,M,"43,3103465","5,4246980",13,2019,70.0,1.0,1.0,1.0,2157880,1.0,1,1,1,9.0,,-1.0,0,1954.0,A01,138Â 293Â 479,1.0,0.0,-1.0,1647687,1.0,7,,0.0,2.0,3.0,C01,138Â 293Â 476,1.0
965412,201900006943,7,29,14:44,1,1,1,1.0,5.0,13212,A507 sens Marseille - Aubagne,M,"43,3103465","5,4246980",13,2019,70.0,1.0,1.0,1.0,2157880,1.0,1,1,1,9.0,,-1.0,0,1954.0,A01,138Â 293Â 479,1.0,0.0,-1.0,1647688,1.0,17,,0.0,2.0,2.0,B01,138Â 293Â 478,1.0
965412,201900006943,7,29,14:44,1,1,1,1.0,5.0,13212,A507 sens Marseille - Aubagne,M,"43,3103465","5,4246980",13,2019,70.0,1.0,1.0,1.0,2157880,1.0,1,1,1,9.0,,-1.0,0,1954.0,A01,138Â 293Â 479,1.0,0.0,-1.0,1647689,1.0,7,,12.0,2.0,8.0,A01,138Â 293Â 479,1.0
965412,201900006943,7,29,14:44,1,1,1,1.0,5.0,13212,A507 sens Marseille - Aubagne,M,"43,3103465","5,4246980",13,2019,70.0,1.0,1.0,1.0,2157881,2.0,2,4,2,9.0,,-1.0,0,1941.0,A01,138Â 293Â 479,1.0,0.0,-1.0,1647687,1.0,7,,0.0,2.0,3.0,C01,138Â 293Â 476,1.0
965412,201900006943,7,29,14:44,1,1,1,1.0,5.0,13212,A507 sens Marseille - Aubagne,M,"43,3103465","5,4246980",13,2019,70.0,1.0,1.0,1.0,2157881,2.0,2,4,2,9.0,,-1.0,0,1941.0,A01,138Â 293Â 479,1.0,0.0,-1.0,1647688,1.0,17,,0.0,2.0,2.0,B01,138Â 293Â 478,1.0
965412,201900006943,7,29,14:44,1,1,1,1.0,5.0,13212,A507 sens Marseille - Aubagne,M,"43,3103465","5,4246980",13,2019,70.0,1.0,1.0,1.0,2157881,2.0,2,4,2,9.0,,-1.0,0,1941.0,A01,138Â 293Â 479,1.0,0.0,-1.0,1647689,1.0,7,,12.0,2.0,8.0,A01,138Â 293Â 479,1.0
965413,201900006944,6,18,15:55,1,1,1,1.0,6.0,87036,Negrelat,M,"45,7317380","0,9494190",87,2019,80.0,3.0,1.0,3.0,2157882,1.0,1,2,2,1.0,,0.0,0,1962.0,A01,138Â 293Â 477,1.0,-1.0,-1.0,1647690,1.0,7,,2.0,0.0,3.0,A01,138Â 293Â 477,1.0
965414,201900006945,6,18,13:00,1,1,1,1.0,6.0,87037,VimpÃ¨re,M,"45,6619190","0,8670420",87,2019,80.0,8.0,1.0,3.0,2157883,1.0,1,3,1,4.0,,0.0,0,1985.0,A01,138Â 293Â 474,1.0,-1.0,-1.0,1647691,1.0,10,,2.0,0.0,3.0,A01,138Â 293Â 474,1.0
965415,201900006946,6,9,19:30,1,1,1,1.0,3.0,13202,TVPCM-Sens Saint Victor vers Les Ports,M,"43,2909770","5,3654491",13,2019,50.0,1.0,1.0,1.0,2157884,1.0,1,4,2,5.0,,-1.0,0,1959.0,A01,138Â 293Â 473,1.0,0.0,-1.0,1647692,1.0,7,,0.0,2.0,7.0,A01,138Â 293Â 473,1.0
965415,201900006946,6,9,19:30,1,1,1,1.0,3.0,13202,TVPCM-Sens Saint Victor vers Les Ports,M,"43,2909770","5,3654491",13,2019,50.0,1.0,1.0,1.0,2157884,1.0,1,4,2,5.0,,-1.0,0,1959.0,A01,138Â 293Â 473,1.0,0.0,-1.0,1647693,1.0,7,,0.0,2.0,8.0,B01,138Â 293Â 475,1.0
965415,201900006946,6,9,19:30,1,1,1,1.0,3.0,13202,TVPCM-Sens Saint Victor vers Les Ports,M,"43,2909770","5,3654491",13,2019,50.0,1.0,1.0,1.0,2157885,1.0,1,1,1,5.0,,-1.0,0,1981.0,B01,138Â 293Â 475,1.0,0.0,-1.0,1647692,1.0,7,,0.0,2.0,7.0,A01,138Â 293Â 473,1.0
965415,201900006946,6,9,19:30,1,1,1,1.0,3.0,13202,TVPCM-Sens Saint Victor vers Les Ports,M,"43,2909770","5,3654491",13,2019,50.0,1.0,1.0,1.0,2157885,1.0,1,1,1,5.0,,-1.0,0,1981.0,B01,138Â 293Â 475,1.0,0.0,-1.0,1647693,1.0,7,,0.0,2.0,8.0,B01,138Â 293Â 475,1.0
965416,201900006947,6,5,08:50,1,1,1,2.0,1.0,87060,LA GARNAUDIE,M,"45,6357820","0,9448270",87,2019,80.0,1.0,2.0,3.0,2157886,1.0,1,3,1,4.0,,0.0,0,1972.0,B01,138Â 293Â 471,1.0,-1.0,-1.0,1647694,1.0,7,,0.0,0.0,1.0,B01,138Â 293Â 471,1.0
965416,201900006947,6,5,08:50,1,1,1,2.0,1.0,87060,LA GARNAUDIE,M,"45,6357820","0,9448270",87,2019,80.0,1.0,2.0,3.0,2157886,1.0,1,3,1,4.0,,0.0,0,1972.0,B01,138Â 293Â 471,1.0,-1.0,-1.0,1647695,2.0,7,,0.0,0.0,1.0,A01,138Â 293Â 472,1.0
965416,201900006947,6,5,08:50,1,1,1,2.0,1.0,87060,LA GARNAUDIE,M,"45,6357820","0,9448270",87,2019,80.0,1.0,2.0,3.0,2157887,1.0,1,1,1,5.0,,0.0,0,1963.0,A01,138Â 293Â 472,1.0,-1.0,-1.0,1647694,1.0,7,,0.0,0.0,1.0,B01,138Â 293Â 471,1.0
965416,201900006947,6,5,08:50,1,1,1,2.0,1.0,87060,LA GARNAUDIE,M,"45,6357820","0,9448270",87,2019,80.0,1.0,2.0,3.0,2157887,1.0,1,1,1,5.0,,0.0,0,1963.0,A01,138Â 293Â 472,1.0,-1.0,-1.0,1647695,2.0,7,,0.0,0.0,1.0,A01,138Â 293Â 472,1.0
965416,201900006947,6,5,08:50,1,1,1,2.0,1.0,87060,LA GARNAUDIE,M,"45,6357820","0,9448270",87,2019,80.0,1.0,2.0,3.0,2157888,2.0,2,1,2,5.0,,0.0,0,1962.0,A01,138Â 293Â 472,1.0,-1.0,-1.0,1647694,1.0,7,,0.0,0.0,1.0,B01,138Â 293Â 471,1.0
965416,201900006947,6,5,08:50,1,1,1,2.0,1.0,87060,LA GARNAUDIE,M,"45,6357820","0,9448270",87,2019,80.0,1.0,2.0,3.0,2157888,2.0,2,1,2,5.0,,0.0,0,1962.0,A01,138Â 293Â 472,1.0,-1.0,-1.0,1647695,2.0,7,,0.0,0.0,1.0,A01,138Â 293Â 472,1.0
965417,201900006948,8,2,14:15,1,1,1,1.0,3.0,69081,A6   449.510 A 451.640,M,"45,7753400","4,7835400",69,2019,90.0,1.0,1.0,1.0,2157889,1.0,1,4,1,1.0,,-1.0,0,1982.0,B01,138Â 293Â 468,2.0,6.0,-1.0,1647696,1.0,33,,0.0,2.0,1.0,B01,138Â 293Â 468,1.0
965417,201900006948,8,2,14:15,1,1,1,1.0,3.0,69081,A6   449.510 A 451.640,M,"45,7753400","4,7835400",69,2019,90.0,1.0,1.0,1.0,2157889,1.0,1,4,1,1.0,,-1.0,0,1982.0,B01,138Â 293Â 468,2.0,6.0,-1.0,1647697,1.0,7,,0.0,2.0,7.0,A01,138Â 293Â 470,1.0
965417,201900006948,8,2,14:15,1,1,1,1.0,3.0,69081,A6   449.510 A 451.640,M,"45,7753400","4,7835400",69,2019,90.0,1.0,1.0,1.0,2157890,1.0,1,1,1,4.0,,-1.0,0,1973.0,A01,138Â 293Â 470,1.0,0.0,-1.0,1647696,1.0,33,,0.0,2.0,1.0,B01,138Â 293Â 468,1.0
965417,201900006948,8,2,14:15,1,1,1,1.0,3.0,69081,A6   449.510 A 451.640,M,"45,7753400","4,7835400",69,2019,90.0,1.0,1.0,1.0,2157890,1.0,1,1,1,4.0,,-1.0,0,1973.0,A01,138Â 293Â 470,1.0,0.0,-1.0,1647697,1.0,7,,0.0,2.0,7.0,A01,138Â 293Â 470,1.0
965418,201900006949,6,15,17:55,1,1,1,1.0,6.0,87131,Chaumeix,M,"45,8779690","0,8388470",87,2019,50.0,3.0,1.0,4.0,2157891,1.0,1,4,1,5.0,,0.0,0,2001.0,A01,138Â 293Â 469,2.0,6.0,-1.0,1647698,1.0,31,,13.0,0.0,1.0,A01,138Â 293Â 469,1.0
965419,201900006950,8,8,18:05,1,1,1,1.0,2.0,69259,RD383   11.0044 A 11.460,M,"45,7260700","4,8935700",69,2019,70.0,1.0,1.0,3.0,2157892,1.0,1,4,2,1.0,,-1.0,0,1997.0,B01,138Â 293Â 467,1.0,0.0,-1.0,1647699,1.0,7,,0.0,2.0,1.0,Z01,138Â 293Â 466,1.0
965419,201900006950,8,8,18:05,1,1,1,1.0,2.0,69259,RD383   11.0044 A 11.460,M,"45,7260700","4,8935700",69,2019,70.0,1.0,1.0,3.0,2157892,1.0,1,4,2,1.0,,-1.0,0,1997.0,B01,138Â 293Â 467,1.0,0.0,-1.0,1647700,1.0,7,,0.0,2.0,6.0,B01,138Â 293Â 467,1.0
965420,201900006951,8,9,21:35,3,1,1,1.0,6.0,59386,ROUTE DEPARTEMENTALE 652,M,"50,6830920","3,0650240",59,2019,90.0,1.0,1.0,7.0,2157893,1.0,1,3,1,5.0,,-1.0, -1,1989.0,A01,138Â 293Â 463,2.0,0.0,-1.0,1647701,1.0,31,,0.0,2.0,1.0,A01,138Â 293Â 463,1.0
965421,201900006952,6,16,10:50,1,1,1,1.0,3.0,87154,D941,M,"45,8849300","0,8264120",87,2019,70.0,1.0,1.0,3.0,2157894,1.0,1,1,2,5.0,,0.0,0,1999.0,A01,138Â 293Â 464,1.0,-1.0,-1.0,1647702,1.0,7,,3.0,2.0,3.0,A01,138Â 293Â 464,0.0
965421,201900006952,6,16,10:50,1,1,1,1.0,3.0,87154,D941,M,"45,8849300","0,8264120",87,2019,70.0,1.0,1.0,3.0,2157894,1.0,1,1,2,5.0,,0.0,0,1999.0,A01,138Â 293Â 464,1.0,-1.0,-1.0,1647703,2.0,1,,0.0,2.0,1.0,B01,138Â 293Â 465,6.0
965421,201900006952,6,16,10:50,1,1,1,1.0,3.0,87154,D941,M,"45,8849300","0,8264120",87,2019,70.0,1.0,1.0,3.0,2157895,1.0,1,3,1,5.0,,0.0,0,1947.0,B01,138Â 293Â 465,2.0,-1.0,-1.0,1647702,1.0,7,,3.0,2.0,3.0,A01,138Â 293Â 464,0.0
965421,201900006952,6,16,10:50,1,1,1,1.0,3.0,87154,D941,M,"45,8849300","0,8264120",87,2019,70.0,1.0,1.0,3.0,2157895,1.0,1,3,1,5.0,,0.0,0,1947.0,B01,138Â 293Â 465,2.0,-1.0,-1.0,1647703,2.0,1,,0.0,2.0,1.0,B01,138Â 293Â 465,6.0
965422,201900006953,8,11,05:20,2,1,1,1.0,4.0,59560,AUTOROUTE A1,M,"50,5447000","3,0553800",59,2019,110.0,3.0,1.0,1.0,2157896,1.0,1,1,2,5.0,,-1.0,0,1975.0,C01,138Â 293Â 460,1.0,0.0,-1.0,1647704,1.0,7,,0.0,2.0,1.0,C01,138Â 293Â 460,1.0
965422,201900006953,8,11,05:20,2,1,1,1.0,4.0,59560,AUTOROUTE A1,M,"50,5447000","3,0553800",59,2019,110.0,3.0,1.0,1.0,2157896,1.0,1,1,2,5.0,,-1.0,0,1975.0,C01,138Â 293Â 460,1.0,0.0,-1.0,1647705,1.0,14,,0.0,2.0,4.0,B01,138Â 293Â 461,0.0
965422,201900006953,8,11,05:20,2,1,1,1.0,4.0,59560,AUTOROUTE A1,M,"50,5447000","3,0553800",59,2019,110.0,3.0,1.0,1.0,2157896,1.0,1,1,2,5.0,,-1.0,0,1975.0,C01,138Â 293Â 460,1.0,0.0,-1.0,1647706,1.0,7,,0.0,2.0,1.0,A01,138Â 293Â 462,1.0
965422,201900006953,8,11,05:20,2,1,1,1.0,4.0,59560,AUTOROUTE A1,M,"50,5447000","3,0553800",59,2019,110.0,3.0,1.0,1.0,2157897,2.0,2,4,1,4.0,,-1.0, -1,1984.0,B01,138Â 293Â 461,1.0,0.0,-1.0,1647704,1.0,7,,0.0,2.0,1.0,C01,138Â 293Â 460,1.0
965422,201900006953,8,11,05:20,2,1,1,1.0,4.0,59560,AUTOROUTE A1,M,"50,5447000","3,0553800",59,2019,110.0,3.0,1.0,1.0,2157897,2.0,2,4,1,4.0,,-1.0, -1,1984.0,B01,138Â 293Â 461,1.0,0.0,-1.0,1647705,1.0,14,,0.0,2.0,4.0,B01,138Â 293Â 461,0.0
965422,201900006953,8,11,05:20,2,1,1,1.0,4.0,59560,AUTOROUTE A1,M,"50,5447000","3,0553800",59,2019,110.0,3.0,1.0,1.0,2157897,2.0,2,4,1,4.0,,-1.0, -1,1984.0,B01,138Â 293Â 461,1.0,0.0,-1.0,1647706,1.0,7,,0.0,2.0,1.0,A01,138Â 293Â 462,1.0
965422,201900006953,8,11,05:20,2,1,1,1.0,4.0,59560,AUTOROUTE A1,M,"50,5447000","3,0553800",59,2019,110.0,3.0,1.0,1.0,2157898,1.0,1,3,1,4.0,,-1.0,0,1968.0,B01,138Â 293Â 461,1.0,0.0,-1.0,1647704,1.0,7,,0.0,2.0,1.0,C01,138Â 293Â 460,1.0
965422,201900006953,8,11,05:20,2,1,1,1.0,4.0,59560,AUTOROUTE A1,M,"50,5447000","3,0553800",59,2019,110.0,3.0,1.0,1.0,2157898,1.0,1,3,1,4.0,,-1.0,0,1968.0,B01,138Â 293Â 461,1.0,0.0,-1.0,1647705,1.0,14,,0.0,2.0,4.0,B01,138Â 293Â 461,0.0
965422,201900006953,8,11,05:20,2,1,1,1.0,4.0,59560,AUTOROUTE A1,M,"50,5447000","3,0553800",59,2019,110.0,3.0,1.0,1.0,2157898,1.0,1,3,1,4.0,,-1.0,0,1968.0,B01,138Â 293Â 461,1.0,0.0,-1.0,1647706,1.0,7,,0.0,2.0,1.0,A01,138Â 293Â 462,1.0
965422,201900006953,8,11,05:20,2,1,1,1.0,4.0,59560,AUTOROUTE A1,M,"50,5447000","3,0553800",59,2019,110.0,3.0,1.0,1.0,2157899,1.0,1,3,1,5.0,,-1.0, -1,1983.0,A01,138Â 293Â 462,1.0,0.0,-1.0,1647704,1.0,7,,0.0,2.0,1.0,C01,138Â 293Â 460,1.0
965422,201900006953,8,11,05:20,2,1,1,1.0,4.0,59560,AUTOROUTE A1,M,"50,5447000","3,0553800",59,2019,110.0,3.0,1.0,1.0,2157899,1.0,1,3,1,5.0,,-1.0, -1,1983.0,A01,138Â 293Â 462,1.0,0.0,-1.0,1647705,1.0,14,,0.0,2.0,4.0,B01,138Â 293Â 461,0.0
965422,201900006953,8,11,05:20,2,1,1,1.0,4.0,59560,AUTOROUTE A1,M,"50,5447000","3,0553800",59,2019,110.0,3.0,1.0,1.0,2157899,1.0,1,3,1,5.0,,-1.0, -1,1983.0,A01,138Â 293Â 462,1.0,0.0,-1.0,1647706,1.0,7,,0.0,2.0,1.0,A01,138Â 293Â 462,1.0
965423,201900006954,7,22,06:45,1,1,1,1.0,2.0,62393,AUTOROUTE A16,M,"50,9334469","1,9977612",62,2019,110.0,1.0,1.0,1.0,2157900,1.0,1,1,1,4.0,,-1.0, -1,1964.0,A01,138Â 293Â 458,1.0,0.0,-1.0,1647707,1.0,15,,0.0,2.0,4.0,A01,138Â 293Â 458,1.0
965423,201900006954,7,22,06:45,1,1,1,1.0,2.0,62393,AUTOROUTE A16,M,"50,9334469","1,9977612",62,2019,110.0,1.0,1.0,1.0,2157900,1.0,1,1,1,4.0,,-1.0, -1,1964.0,A01,138Â 293Â 458,1.0,0.0,-1.0,1647708,1.0,7,,0.0,2.0,1.0,B01,138Â 293Â 459,1.0
965423,201900006954,7,22,06:45,1,1,1,1.0,2.0,62393,AUTOROUTE A16,M,"50,9334469","1,9977612",62,2019,110.0,1.0,1.0,1.0,2157901,1.0,1,1,1,0.0,,-1.0, -1,1964.0,B01,138Â 293Â 459,1.0,0.0,-1.0,1647707,1.0,15,,0.0,2.0,4.0,A01,138Â 293Â 458,1.0
965423,201900006954,7,22,06:45,1,1,1,1.0,2.0,62393,AUTOROUTE A16,M,"50,9334469","1,9977612",62,2019,110.0,1.0,1.0,1.0,2157901,1.0,1,1,1,0.0,,-1.0, -1,1964.0,B01,138Â 293Â 459,1.0,0.0,-1.0,1647708,1.0,7,,0.0,2.0,1.0,B01,138Â 293Â 459,1.0
965423,201900006954,7,22,06:45,1,1,1,1.0,2.0,62393,AUTOROUTE A16,M,"50,9334469","1,9977612",62,2019,110.0,1.0,1.0,1.0,2157902,2.0,2,4,2,0.0,,-1.0, -1,1977.0,B01,138Â 293Â 459,1.0,0.0,-1.0,1647707,1.0,15,,0.0,2.0,4.0,A01,138Â 293Â 458,1.0
965423,201900006954,7,22,06:45,1,1,1,1.0,2.0,62393,AUTOROUTE A16,M,"50,9334469","1,9977612",62,2019,110.0,1.0,1.0,1.0,2157902,2.0,2,4,2,0.0,,-1.0, -1,1977.0,B01,138Â 293Â 459,1.0,0.0,-1.0,1647708,1.0,7,,0.0,2.0,1.0,B01,138Â 293Â 459,1.0
965424,201900006955,8,10,04:17,4,1,1,1.0,6.0,94065,AUTOROUTE A106,M,"48,7558700","2,3500100",94,2019,50.0,1.0,1.0,1.0,2157903,1.0,1,3,1,5.0,,0.0,0,1993.0,A01,138Â 293Â 457,2.0,8.0,-1.0,1647709,1.0,33,,4.0,0.0,1.0,A01,138Â 293Â 457,1.0
965425,201900006956,8,11,13:00,1,1,9,1.0,1.0,97416,RIFOSTA (CHEMIN),M," -21,3434000","55,4867000",974,2019,50.0,1.0,1.0,4.0,2157904,1.0,1,1,1,9.0,,-1.0, -1,1986.0,B01,138Â 293Â 455,1.0,8.0,-1.0,1647710,1.0,7,,0.0,2.0,1.0,B01,138Â 293Â 455,1.0
965425,201900006956,8,11,13:00,1,1,9,1.0,1.0,97416,RIFOSTA (CHEMIN),M," -21,3434000","55,4867000",974,2019,50.0,1.0,1.0,4.0,2157904,1.0,1,1,1,9.0,,-1.0, -1,1986.0,B01,138Â 293Â 455,1.0,8.0,-1.0,1647711,1.0,1,,0.0,2.0,6.0,A01,138Â 293Â 456,6.0
965425,201900006956,8,11,13:00,1,1,9,1.0,1.0,97416,RIFOSTA (CHEMIN),M," -21,3434000","55,4867000",974,2019,50.0,1.0,1.0,4.0,2157905,1.0,1,4,1,9.0,,-1.0, -1,2012.0,A01,138Â 293Â 456,8.0,0.0,-1.0,1647710,1.0,7,,0.0,2.0,1.0,B01,138Â 293Â 455,1.0
965425,201900006956,8,11,13:00,1,1,9,1.0,1.0,97416,RIFOSTA (CHEMIN),M," -21,3434000","55,4867000",974,2019,50.0,1.0,1.0,4.0,2157905,1.0,1,4,1,9.0,,-1.0, -1,2012.0,A01,138Â 293Â 456,8.0,0.0,-1.0,1647711,1.0,1,,0.0,2.0,6.0,A01,138Â 293Â 456,6.0
965426,201900006957,8,10,12:40,1,2,1,1.0,3.0,97302,MANGO (ROUTE),M,"4,9321446"," -52,3180533",973,2019,50.0,1.0,1.0,4.0,2157906,1.0,1,3,1,0.0,,-1.0, -1,1976.0,B01,138Â 293Â 453,2.0,0.0,-1.0,1647712,0.0,32,,0.0,2.0,1.0,B01,138Â 293Â 453,0.0
965426,201900006957,8,10,12:40,1,2,1,1.0,3.0,97302,MANGO (ROUTE),M,"4,9321446"," -52,3180533",973,2019,50.0,1.0,1.0,4.0,2157906,1.0,1,3,1,0.0,,-1.0, -1,1976.0,B01,138Â 293Â 453,2.0,0.0,-1.0,1647713,1.0,7,,0.0,2.0,7.0,A01,138Â 293Â 454,0.0
965426,201900006957,8,10,12:40,1,2,1,1.0,3.0,97302,MANGO (ROUTE),M,"4,9321446"," -52,3180533",973,2019,50.0,1.0,1.0,4.0,2157907,1.0,1,1,1,9.0,,-1.0, -1,1958.0,A01,138Â 293Â 454,1.0,0.0,-1.0,1647712,0.0,32,,0.0,2.0,1.0,B01,138Â 293Â 453,0.0
965426,201900006957,8,10,12:40,1,2,1,1.0,3.0,97302,MANGO (ROUTE),M,"4,9321446"," -52,3180533",973,2019,50.0,1.0,1.0,4.0,2157907,1.0,1,1,1,9.0,,-1.0, -1,1958.0,A01,138Â 293Â 454,1.0,0.0,-1.0,1647713,1.0,7,,0.0,2.0,7.0,A01,138Â 293Â 454,0.0
965427,201900006958,8,11,22:50,5,2,2,2.0,3.0,69199,CARNOT                              (R ),M,"45,7080000","4,8598200",69,2019,50.0,1.0,2.0,7.0,2157908,1.0,1,1,2,5.0,,-1.0,0,1995.0,A01,138Â 293Â 451,1.0,0.0,-1.0,1647714,1.0,7,,0.0,2.0,1.0,A01,138Â 293Â 451,1.0
965427,201900006958,8,11,22:50,5,2,2,2.0,3.0,69199,CARNOT                              (R ),M,"45,7080000","4,8598200",69,2019,50.0,1.0,2.0,7.0,2157908,1.0,1,1,2,5.0,,-1.0,0,1995.0,A01,138Â 293Â 451,1.0,0.0,-1.0,1647715,2.0,7,,0.0,2.0,3.0,B01,138Â 293Â 452,1.0