Unnamed: 0_x,num_acc,mois,jour,hrmn,lum,agg,int,atm,col,com,adr,gps,lat,long,dep,annee,vma,situ,surf,catr,Unnamed: 0_y,place,catu,grav,sexe,trajet,secu,locp,actp,an_nais,num_veh_x,id_vehicule_x,secu1,secu2,secu3,Unnamed: 0,senc,catv,occutc,obs,obsm,choc,num_veh_y,id_vehicule_y,motor
965427,201900006958,8,11,22:50,5,2,2,2.0,3.0,69199,CARNOT                              (R ),M,"45,7080000","4,8598200",69,2019,50.0,1.0,2.0,7.0,2157909,2.0,2,4,2,5.0,,-1.0,0,1992.0,A01,138Â 293Â 451,1.0,0.0,-1.0,1647714,1.0,7,,0.0,2.0,1.0,A01,138Â 293Â 451,1.0
965427,201900006958,8,11,22:50,5,2,2,2.0,3.0,69199,CARNOT                              (R ),M,"45,7080000","4,8598200",69,2019,50.0,1.0,2.0,7.0,2157909,2.0,2,4,2,5.0,,-1.0,0,1992.0,A01,138Â 293Â 451,1.0,0.0,-1.0,1647715,2.0,7,,0.0,2.0,3.0,B01,138Â 293Â 452,1.0
965427,201900006958,8,11,22:50,5,2,2,2.0,3.0,69199,CARNOT                              (R ),M,"45,7080000","4,8598200",69,2019,50.0,1.0,2.0,7.0,2157910,4.0,2,1,2,5.0,,-1.0,0,1985.0,A01,138Â 293Â 451,5.0,-1.0,-1.0,1647714,1.0,7,,0.0,2.0,1.0,A01,138Â 293Â 451,1.0
965427,201900006958,8,11,22:50,5,2,2,2.0,3.0,69199,CARNOT                              (R ),M,"45,7080000","4,8598200",69,2019,50.0,1.0,2.0,7.0,2157910,4.0,2,1,2,5.0,,-1.0,0,1985.0,A01,138Â 293Â 451,5.0,-1.0,-1.0,1647715,2.0,7,,0.0,2.0,3.0,B01,138Â 293Â 452,1.0
965427,201900006958,8,11,22:50,5,2,2,2.0,3.0,69199,CARNOT                              (R ),M,"45,7080000","4,8598200",69,2019,50.0,1.0,2.0,7.0,2157911,3.0,2,1,2,5.0,,-1.0,0,1989.0,A01,138Â 293Â 451,5.0,-1.0,-1.0,1647714,1.0,7,,0.0,2.0,1.0,A01,138Â 293Â 451,1.0
965427,201900006958,8,11,22:50,5,2,2,2.0,3.0,69199,CARNOT                              (R ),M,"45,7080000","4,8598200",69,2019,50.0,1.0,2.0,7.0,2157911,3.0,2,1,2,5.0,,-1.0,0,1989.0,A01,138Â 293Â 451,5.0,-1.0,-1.0,1647715,2.0,7,,0.0,2.0,3.0,B01,138Â 293Â 452,1.0
965427,201900006958,8,11,22:50,5,2,2,2.0,3.0,69199,CARNOT                              (R ),M,"45,7080000","4,8598200",69,2019,50.0,1.0,2.0,7.0,2157912,3.0,2,1,2,5.0,,-1.0,0,2017.0,B01,138Â 293Â 452,1.0,0.0,-1.0,1647714,1.0,7,,0.0,2.0,1.0,A01,138Â 293Â 451,1.0
965427,201900006958,8,11,22:50,5,2,2,2.0,3.0,69199,CARNOT                              (R ),M,"45,7080000","4,8598200",69,2019,50.0,1.0,2.0,7.0,2157912,3.0,2,1,2,5.0,,-1.0,0,2017.0,B01,138Â 293Â 452,1.0,0.0,-1.0,1647715,2.0,7,,0.0,2.0,3.0,B01,138Â 293Â 452,1.0
965427,201900006958,8,11,22:50,5,2,2,2.0,3.0,69199,CARNOT                              (R ),M,"45,7080000","4,8598200",69,2019,50.0,1.0,2.0,7.0,2157913,2.0,2,1,1,5.0,,-1.0,0,1991.0,B01,138Â 293Â 452,1.0,0.0,-1.0,1647714,1.0,7,,0.0,2.0,1.0,A01,138Â 293Â 451,1.0
965427,201900006958,8,11,22:50,5,2,2,2.0,3.0,69199,CARNOT                              (R ),M,"45,7080000","4,8598200",69,2019,50.0,1.0,2.0,7.0,2157913,2.0,2,1,1,5.0,,-1.0,0,1991.0,B01,138Â 293Â 452,1.0,0.0,-1.0,1647715,2.0,7,,0.0,2.0,3.0,B01,138Â 293Â 452,1.0
965427,201900006958,8,11,22:50,5,2,2,2.0,3.0,69199,CARNOT                              (R ),M,"45,7080000","4,8598200",69,2019,50.0,1.0,2.0,7.0,2157914,1.0,1,1,2,5.0,,-1.0,0,1991.0,B01,138Â 293Â 452,5.0,-1.0,-1.0,1647714,1.0,7,,0.0,2.0,1.0,A01,138Â 293Â 451,1.0
965427,201900006958,8,11,22:50,5,2,2,2.0,3.0,69199,CARNOT                              (R ),M,"45,7080000","4,8598200",69,2019,50.0,1.0,2.0,7.0,2157914,1.0,1,1,2,5.0,,-1.0,0,1991.0,B01,138Â 293Â 452,5.0,-1.0,-1.0,1647715,2.0,7,,0.0,2.0,3.0,B01,138Â 293Â 452,1.0
965428,201900006959,8,11,03:55,5,2,1,1.0,6.0,69259,FRANCIS DE PRESSENSE                (AV),M,"45,7148800","4,8721600",69,2019,50.0,1.0,1.0,7.0,2157915,9.0,2,2,2,0.0,,-1.0, -1,1999.0,A01,138Â 293Â 450,0.0,0.0,-1.0,1647716,3.0,7,,6.0,0.0,0.0,A01,138Â 293Â 450,1.0
965428,201900006959,8,11,03:55,5,2,1,1.0,6.0,69259,FRANCIS DE PRESSENSE                (AV),M,"45,7148800","4,8721600",69,2019,50.0,1.0,1.0,7.0,2157916,2.0,2,2,2,0.0,,0.0,0,1997.0,A01,138Â 293Â 450,0.0,0.0,-1.0,1647716,3.0,7,,6.0,0.0,0.0,A01,138Â 293Â 450,1.0
965428,201900006959,8,11,03:55,5,2,1,1.0,6.0,69259,FRANCIS DE PRESSENSE                (AV),M,"45,7148800","4,8721600",69,2019,50.0,1.0,1.0,7.0,2157917,8.0,2,2,2,0.0,,-1.0, -1,2002.0,A01,138Â 293Â 450,0.0,0.0,-1.0,1647716,3.0,7,,6.0,0.0,0.0,A01,138Â 293Â 450,1.0
965428,201900006959,8,11,03:55,5,2,1,1.0,6.0,69259,FRANCIS DE PRESSENSE                (AV),M,"45,7148800","4,8721600",69,2019,50.0,1.0,1.0,7.0,2157918,7.0,2,2,2,0.0,,-1.0, -1,2001.0,A01,138Â 293Â 450,0.0,0.0,-1.0,1647716,3.0,7,,6.0,0.0,0.0,A01,138Â 293Â 450,1.0
965428,201900006959,8,11,03:55,5,2,1,1.0,6.0,69259,FRANCIS DE PRESSENSE                (AV),M,"45,7148800","4,8721600",69,2019,50.0,1.0,1.0,7.0,2157919,1.0,1,2,1,0.0,,0.0,0,1998.0,A01,138Â 293Â 450,8.0,0.0,-1.0,1647716,3.0,7,,6.0,0.0,0.0,A01,138Â 293Â 450,1.0
965429,201900006960,8,10,17:45,1,2,2,1.0,1.0,95063,AV GABRIEL PERI,M,"48,9342207","2,2091651",95,2019,50.0,1.0,1.0,3.0,2157920,1.0,1,1,2,5.0,,-1.0,0,1983.0,A01,138Â 293Â 448,1.0,0.0,-1.0,1647717,1.0,7,,0.0,2.0,1.0,A01,138Â 293Â 448,1.0
965429,201900006960,8,10,17:45,1,2,2,1.0,1.0,95063,AV GABRIEL PERI,M,"48,9342207","2,2091651",95,2019,50.0,1.0,1.0,3.0,2157920,1.0,1,1,2,5.0,,-1.0,0,1983.0,A01,138Â 293Â 448,1.0,0.0,-1.0,1647718,2.0,1,,0.0,2.0,1.0,B01,138Â 293Â 449,0.0
965429,201900006960,8,10,17:45,1,2,2,1.0,1.0,95063,AV GABRIEL PERI,M,"48,9342207","2,2091651",95,2019,50.0,1.0,1.0,3.0,2157921,2.0,2,3,1,5.0,,-1.0,0,2006.0,B01,138Â 293Â 449,8.0,0.0,-1.0,1647717,1.0,7,,0.0,2.0,1.0,A01,138Â 293Â 448,1.0
965429,201900006960,8,10,17:45,1,2,2,1.0,1.0,95063,AV GABRIEL PERI,M,"48,9342207","2,2091651",95,2019,50.0,1.0,1.0,3.0,2157921,2.0,2,3,1,5.0,,-1.0,0,2006.0,B01,138Â 293Â 449,8.0,0.0,-1.0,1647718,2.0,1,,0.0,2.0,1.0,B01,138Â 293Â 449,0.0
965429,201900006960,8,10,17:45,1,2,2,1.0,1.0,95063,AV GABRIEL PERI,M,"48,9342207","2,2091651",95,2019,50.0,1.0,1.0,3.0,2157922,1.0,1,3,1,5.0,,-1.0,0,2005.0,B01,138Â 293Â 449,8.0,0.0,-1.0,1647717,1.0,7,,0.0,2.0,1.0,A01,138Â 293Â 448,1.0
965429,201900006960,8,10,17:45,1,2,2,1.0,1.0,95063,AV GABRIEL PERI,M,"48,9342207","2,2091651",95,2019,50.0,1.0,1.0,3.0,2157922,1.0,1,3,1,5.0,,-1.0,0,2005.0,B01,138Â 293Â 449,8.0,0.0,-1.0,1647718,2.0,1,,0.0,2.0,1.0,B01,138Â 293Â 449,0.0
965430,201900006961,8,11,21:25,2,2,2,1.0,3.0,91589,PERI (AVENUE GABRIEL),M,"48,6888900","2,3562300",91,2019,50.0,3.0,1.0,4.0,2157923,1.0,1,3,1,0.0,,0.0,0,1997.0,A01,138Â 293Â 446,2.0,0.0,-1.0,1647719,1.0,32,,0.0,2.0,2.0,A01,138Â 293Â 446,1.0
965430,201900006961,8,11,21:25,2,2,2,1.0,3.0,91589,PERI (AVENUE GABRIEL),M,"48,6888900","2,3562300",91,2019,50.0,3.0,1.0,4.0,2157923,1.0,1,3,1,0.0,,0.0,0,1997.0,A01,138Â 293Â 446,2.0,0.0,-1.0,1647720,1.0,7,,0.0,2.0,1.0,B01,138Â 293Â 447,1.0
965430,201900006961,8,11,21:25,2,2,2,1.0,3.0,91589,PERI (AVENUE GABRIEL),M,"48,6888900","2,3562300",91,2019,50.0,3.0,1.0,4.0,2157924,1.0,1,1,1,0.0,,0.0,0,1982.0,B01,138Â 293Â 447,1.0,0.0,-1.0,1647719,1.0,32,,0.0,2.0,2.0,A01,138Â 293Â 446,1.0
965430,201900006961,8,11,21:25,2,2,2,1.0,3.0,91589,PERI (AVENUE GABRIEL),M,"48,6888900","2,3562300",91,2019,50.0,3.0,1.0,4.0,2157924,1.0,1,1,1,0.0,,0.0,0,1982.0,B01,138Â 293Â 447,1.0,0.0,-1.0,1647720,1.0,7,,0.0,2.0,1.0,B01,138Â 293Â 447,1.0
965431,201900006962,8,11,05:50,5,2,2,1.0,3.0,69266,POIZAT      (Rue),M,"45,7582000","4,8933000",69,2019,50.0,1.0,1.0,4.0,2157925,1.0,1,4,2,5.0,,-1.0,0,1996.0,B01,138Â 293Â 441,1.0,0.0,-1.0,1647721,1.0,7,,0.0,2.0,8.0,B01,138Â 293Â 441,0.0
965431,201900006962,8,11,05:50,5,2,2,1.0,3.0,69266,POIZAT      (Rue),M,"45,7582000","4,8933000",69,2019,50.0,1.0,1.0,4.0,2157925,1.0,1,4,2,5.0,,-1.0,0,1996.0,B01,138Â 293Â 441,1.0,0.0,-1.0,1647722,1.0,7,,0.0,2.0,3.0,A01,138Â 293Â 442,0.0
965431,201900006962,8,11,05:50,5,2,2,1.0,3.0,69266,POIZAT      (Rue),M,"45,7582000","4,8933000",69,2019,50.0,1.0,1.0,4.0,2157926,2.0,2,4,2,5.0,,-1.0, -1,1987.0,A01,138Â 293Â 442,1.0,0.0,-1.0,1647721,1.0,7,,0.0,2.0,8.0,B01,138Â 293Â 441,0.0
965431,201900006962,8,11,05:50,5,2,2,1.0,3.0,69266,POIZAT      (Rue),M,"45,7582000","4,8933000",69,2019,50.0,1.0,1.0,4.0,2157926,2.0,2,4,2,5.0,,-1.0, -1,1987.0,A01,138Â 293Â 442,1.0,0.0,-1.0,1647722,1.0,7,,0.0,2.0,3.0,A01,138Â 293Â 442,0.0
965431,201900006962,8,11,05:50,5,2,2,1.0,3.0,69266,POIZAT      (Rue),M,"45,7582000","4,8933000",69,2019,50.0,1.0,1.0,4.0,2157927,1.0,1,4,1,0.0,,-1.0,0,1980.0,A01,138Â 293Â 442,1.0,0.0,-1.0,1647721,1.0,7,,0.0,2.0,8.0,B01,138Â 293Â 441,0.0
965431,201900006962,8,11,05:50,5,2,2,1.0,3.0,69266,POIZAT      (Rue),M,"45,7582000","4,8933000",69,2019,50.0,1.0,1.0,4.0,2157927,1.0,1,4,1,0.0,,-1.0,0,1980.0,A01,138Â 293Â 442,1.0,0.0,-1.0,1647722,1.0,7,,0.0,2.0,3.0,A01,138Â 293Â 442,0.0
965432,201900006963,8,11,16:30,1,2,1,1.0,2.0,64483,ITHURRALDE ANDRE (AVENUE),M,"43,3957366"," -1,6471918",64,2019,50.0,3.0,1.0,3.0,2157928,1.0,1,1,1,0.0,,0.0,0,2004.0,A01,138Â 293Â 439,2.0,0.0,-1.0,1647723,2.0,30,,0.0,2.0,1.0,A01,138Â 293Â 439,1.0
965432,201900006963,8,11,16:30,1,2,1,1.0,2.0,64483,ITHURRALDE ANDRE (AVENUE),M,"43,3957366"," -1,6471918",64,2019,50.0,3.0,1.0,3.0,2157928,1.0,1,1,1,0.0,,0.0,0,2004.0,A01,138Â 293Â 439,2.0,0.0,-1.0,1647724,2.0,7,,0.0,2.0,4.0,B01,138Â 293Â 440,1.0
965432,201900006963,8,11,16:30,1,2,1,1.0,2.0,64483,ITHURRALDE ANDRE (AVENUE),M,"43,3957366"," -1,6471918",64,2019,50.0,3.0,1.0,3.0,2157929,2.0,2,4,2,0.0,,0.0,0,2003.0,A01,138Â 293Â 439,2.0,0.0,-1.0,1647723,2.0,30,,0.0,2.0,1.0,A01,138Â 293Â 439,1.0
965432,201900006963,8,11,16:30,1,2,1,1.0,2.0,64483,ITHURRALDE ANDRE (AVENUE),M,"43,3957366"," -1,6471918",64,2019,50.0,3.0,1.0,3.0,2157929,2.0,2,4,2,0.0,,0.0,0,2003.0,A01,138Â 293Â 439,2.0,0.0,-1.0,1647724,2.0,7,,0.0,2.0,4.0,B01,138Â 293Â 440,1.0
965432,201900006963,8,11,16:30,1,2,1,1.0,2.0,64483,ITHURRALDE ANDRE (AVENUE),M,"43,3957366"," -1,6471918",64,2019,50.0,3.0,1.0,3.0,2157930,1.0,1,1,1,0.0,,0.0,0,1947.0,B01,138Â 293Â 440,1.0,0.0,-1.0,1647723,2.0,30,,0.0,2.0,1.0,A01,138Â 293Â 439,1.0
965432,201900006963,8,11,16:30,1,2,1,1.0,2.0,64483,ITHURRALDE ANDRE (AVENUE),M,"43,3957366"," -1,6471918",64,2019,50.0,3.0,1.0,3.0,2157930,1.0,1,1,1,0.0,,0.0,0,1947.0,B01,138Â 293Â 440,1.0,0.0,-1.0,1647724,2.0,7,,0.0,2.0,4.0,B01,138Â 293Â 440,1.0
965433,201900006964,8,11,05:35,5,1,1,1.0,7.0,60684,RD 200_NORD,M,"49,2841500","2,4871700",60,2019,70.0,1.0,1.0,3.0,2157931,1.0,1,1,1,5.0,,-1.0,0,1992.0,A01,138Â 293Â 438,1.0,8.0,-1.0,1647725,0.0,7,,13.0,0.0,9.0,A01,138Â 293Â 438,1.0
965433,201900006964,8,11,05:35,5,1,1,1.0,7.0,60684,RD 200_NORD,M,"49,2841500","2,4871700",60,2019,70.0,1.0,1.0,3.0,2157932,2.0,2,3,1,5.0,,-1.0,0,1986.0,A01,138Â 293Â 438,1.0,8.0,-1.0,1647725,0.0,7,,13.0,0.0,9.0,A01,138Â 293Â 438,1.0
965434,201900006965,8,11,22:20,5,2,2,1.0,3.0,59512,DELORME (RUE PHILIBERT),M,"50,6748300","3,1788200",59,2019,50.0,1.0,1.0,4.0,2157933,1.0,1,1,1,0.0,,-1.0,0,1979.0,B01,138Â 293Â 436,1.0,0.0,-1.0,1647726,3.0,7,,0.0,2.0,1.0,B01,138Â 293Â 436,1.0
965434,201900006965,8,11,22:20,5,2,2,1.0,3.0,59512,DELORME (RUE PHILIBERT),M,"50,6748300","3,1788200",59,2019,50.0,1.0,1.0,4.0,2157933,1.0,1,1,1,0.0,,-1.0,0,1979.0,B01,138Â 293Â 436,1.0,0.0,-1.0,1647727,3.0,7,,0.0,2.0,2.0,A01,138Â 293Â 437,1.0
965434,201900006965,8,11,22:20,5,2,2,1.0,3.0,59512,DELORME (RUE PHILIBERT),M,"50,6748300","3,1788200",59,2019,50.0,1.0,1.0,4.0,2157934,2.0,2,4,1,0.0,,-1.0,0,1991.0,A01,138Â 293Â 437,1.0,0.0,-1.0,1647726,3.0,7,,0.0,2.0,1.0,B01,138Â 293Â 436,1.0
965434,201900006965,8,11,22:20,5,2,2,1.0,3.0,59512,DELORME (RUE PHILIBERT),M,"50,6748300","3,1788200",59,2019,50.0,1.0,1.0,4.0,2157934,2.0,2,4,1,0.0,,-1.0,0,1991.0,A01,138Â 293Â 437,1.0,0.0,-1.0,1647727,3.0,7,,0.0,2.0,2.0,A01,138Â 293Â 437,1.0
965434,201900006965,8,11,22:20,5,2,2,1.0,3.0,59512,DELORME (RUE PHILIBERT),M,"50,6748300","3,1788200",59,2019,50.0,1.0,1.0,4.0,2157935,1.0,1,1,1,0.0,,-1.0,0,1997.0,A01,138Â 293Â 437,1.0,0.0,-1.0,1647726,3.0,7,,0.0,2.0,1.0,B01,138Â 293Â 436,1.0
965434,201900006965,8,11,22:20,5,2,2,1.0,3.0,59512,DELORME (RUE PHILIBERT),M,"50,6748300","3,1788200",59,2019,50.0,1.0,1.0,4.0,2157935,1.0,1,1,1,0.0,,-1.0,0,1997.0,A01,138Â 293Â 437,1.0,0.0,-1.0,1647727,3.0,7,,0.0,2.0,2.0,A01,138Â 293Â 437,1.0
965434,201900006965,8,11,22:20,5,2,2,1.0,3.0,59512,DELORME (RUE PHILIBERT),M,"50,6748300","3,1788200",59,2019,50.0,1.0,1.0,4.0,2157936,4.0,2,4,1,0.0,,-1.0,0,2006.0,A01,138Â 293Â 437,1.0,0.0,-1.0,1647726,3.0,7,,0.0,2.0,1.0,B01,138Â 293Â 436,1.0
965434,201900006965,8,11,22:20,5,2,2,1.0,3.0,59512,DELORME (RUE PHILIBERT),M,"50,6748300","3,1788200",59,2019,50.0,1.0,1.0,4.0,2157936,4.0,2,4,1,0.0,,-1.0,0,2006.0,A01,138Â 293Â 437,1.0,0.0,-1.0,1647727,3.0,7,,0.0,2.0,2.0,A01,138Â 293Â 437,1.0
965435,201900006966,8,11,12:15,1,2,1,1.0,2.0,51454,RUE ALBERT THOMAS,M,"49,2396972","4,0452639",51,2019,50.0,1.0,1.0,4.0,2157937,1.0,1,1,1,9.0,,-1.0,0,1974.0,B01,138Â 293Â 434,8.0,0.0,-1.0,1647728,1.0,7,,1.0,0.0,1.0,B01,138Â 293Â 434,0.0
965435,201900006966,8,11,12:15,1,2,1,1.0,2.0,51454,RUE ALBERT THOMAS,M,"49,2396972","4,0452639",51,2019,50.0,1.0,1.0,4.0,2157937,1.0,1,1,1,9.0,,-1.0,0,1974.0,B01,138Â 293Â 434,8.0,0.0,-1.0,1647729,1.0,7,,1.0,0.0,4.0,A01,138Â 293Â 435,1.0
965435,201900006966,8,11,12:15,1,2,1,1.0,2.0,51454,RUE ALBERT THOMAS,M,"49,2396972","4,0452639",51,2019,50.0,1.0,1.0,4.0,2157938,1.0,1,4,2,1.0,,-1.0,0,1990.0,A01,138Â 293Â 435,1.0,0.0,-1.0,1647728,1.0,7,,1.0,0.0,1.0,B01,138Â 293Â 434,0.0
965435,201900006966,8,11,12:15,1,2,1,1.0,2.0,51454,RUE ALBERT THOMAS,M,"49,2396972","4,0452639",51,2019,50.0,1.0,1.0,4.0,2157938,1.0,1,4,2,1.0,,-1.0,0,1990.0,A01,138Â 293Â 435,1.0,0.0,-1.0,1647729,1.0,7,,1.0,0.0,4.0,A01,138Â 293Â 435,1.0
965436,201900006967,8,11,01:00,5,2,1,1.0,3.0,44162,AVENUE DE LA BRANCHOIRE,M,"47,2179700"," -1,6104700",44,2019,50.0,1.0,1.0,4.0,2157939,1.0,1,1,2,5.0,,-1.0, -1,1998.0,A01,138Â 293Â 432,1.0,0.0,-1.0,1647730,1.0,7,,0.0,2.0,1.0,A01,138Â 293Â 432,1.0
965436,201900006967,8,11,01:00,5,2,1,1.0,3.0,44162,AVENUE DE LA BRANCHOIRE,M,"47,2179700"," -1,6104700",44,2019,50.0,1.0,1.0,4.0,2157939,1.0,1,1,2,5.0,,-1.0, -1,1998.0,A01,138Â 293Â 432,1.0,0.0,-1.0,1647731,1.0,31,,0.0,2.0,2.0,B01,138Â 293Â 433,1.0
965436,201900006967,8,11,01:00,5,2,1,1.0,3.0,44162,AVENUE DE LA BRANCHOIRE,M,"47,2179700"," -1,6104700",44,2019,50.0,1.0,1.0,4.0,2157940,1.0,1,3,1,1.0,,-1.0, -1,1989.0,B01,138Â 293Â 433,2.0,0.0,-1.0,1647730,1.0,7,,0.0,2.0,1.0,A01,138Â 293Â 432,1.0
965436,201900006967,8,11,01:00,5,2,1,1.0,3.0,44162,AVENUE DE LA BRANCHOIRE,M,"47,2179700"," -1,6104700",44,2019,50.0,1.0,1.0,4.0,2157940,1.0,1,3,1,1.0,,-1.0, -1,1989.0,B01,138Â 293Â 433,2.0,0.0,-1.0,1647731,1.0,31,,0.0,2.0,2.0,B01,138Â 293Â 433,1.0
965437,201900006968,8,11,09:55,1,2,1,2.0,6.0,33119,AVE CARNOT,M,"44,8633200"," -0,5298200",33,2019,70.0,1.0,2.0,4.0,2157941,1.0,1,4,1,0.0,,-1.0, -1,1985.0,A01,138Â 293Â 431,8.0,0.0,-1.0,1647732,0.0,7,,0.0,2.0,0.0,A01,138Â 293Â 431,1.0
965438,201900006969,8,11,15:00,1,2,1,1.0,1.0,27351,FRINGALE (RUE DE LA),M,"49,2329200","1,1701100",27,2019,50.0,1.0,1.0,4.0,2157942,2.0,2,4,2,5.0,,0.0,0,1984.0,B01,138Â 293Â 429,1.0,5.0,-1.0,1647733,1.0,7,,0.0,2.0,2.0,B01,138Â 293Â 429,1.0
965438,201900006969,8,11,15:00,1,2,1,1.0,1.0,27351,FRINGALE (RUE DE LA),M,"49,2329200","1,1701100",27,2019,50.0,1.0,1.0,4.0,2157942,2.0,2,4,2,5.0,,0.0,0,1984.0,B01,138Â 293Â 429,1.0,5.0,-1.0,1647734,2.0,7,,0.0,2.0,7.0,A01,138Â 293Â 430,1.0
965438,201900006969,8,11,15:00,1,2,1,1.0,1.0,27351,FRINGALE (RUE DE LA),M,"49,2329200","1,1701100",27,2019,50.0,1.0,1.0,4.0,2157943,1.0,1,4,2,5.0,,0.0,0,1955.0,B01,138Â 293Â 429,1.0,5.0,-1.0,1647733,1.0,7,,0.0,2.0,2.0,B01,138Â 293Â 429,1.0
965438,201900006969,8,11,15:00,1,2,1,1.0,1.0,27351,FRINGALE (RUE DE LA),M,"49,2329200","1,1701100",27,2019,50.0,1.0,1.0,4.0,2157943,1.0,1,4,2,5.0,,0.0,0,1955.0,B01,138Â 293Â 429,1.0,5.0,-1.0,1647734,2.0,7,,0.0,2.0,7.0,A01,138Â 293Â 430,1.0
965438,201900006969,8,11,15:00,1,2,1,1.0,1.0,27351,FRINGALE (RUE DE LA),M,"49,2329200","1,1701100",27,2019,50.0,1.0,1.0,4.0,2157944,1.0,1,4,1,5.0,,0.0,0,1952.0,A01,138Â 293Â 430,1.0,0.0,-1.0,1647733,1.0,7,,0.0,2.0,2.0,B01,138Â 293Â 429,1.0
965438,201900006969,8,11,15:00,1,2,1,1.0,1.0,27351,FRINGALE (RUE DE LA),M,"49,2329200","1,1701100",27,2019,50.0,1.0,1.0,4.0,2157944,1.0,1,4,1,5.0,,0.0,0,1952.0,A01,138Â 293Â 430,1.0,0.0,-1.0,1647734,2.0,7,,0.0,2.0,7.0,A01,138Â 293Â 430,1.0
965439,201900006970,8,9,09:37,1,2,1,2.0,3.0,14333,BOURDET (RUE),M,"49,4149800","0,2322300",14,2019,50.0,1.0,2.0,3.0,2157945,1.0,1,4,2,3.0,,0.0,0,1944.0,A01,138Â 293Â 427,1.0,0.0,-1.0,1647735,1.0,7,,1.0,2.0,1.0,A01,138Â 293Â 427,1.0
965439,201900006970,8,9,09:37,1,2,1,2.0,3.0,14333,BOURDET (RUE),M,"49,4149800","0,2322300",14,2019,50.0,1.0,2.0,3.0,2157945,1.0,1,4,2,3.0,,0.0,0,1944.0,A01,138Â 293Â 427,1.0,0.0,-1.0,1647736,1.0,7,,1.0,2.0,3.0,B01,138Â 293Â 428,1.0
965439,201900006970,8,9,09:37,1,2,1,2.0,3.0,14333,BOURDET (RUE),M,"49,4149800","0,2322300",14,2019,50.0,1.0,2.0,3.0,2157946,1.0,1,1,1,0.0,,0.0,0,1951.0,B01,138Â 293Â 428,8.0,0.0,-1.0,1647735,1.0,7,,1.0,2.0,1.0,A01,138Â 293Â 427,1.0
965439,201900006970,8,9,09:37,1,2,1,2.0,3.0,14333,BOURDET (RUE),M,"49,4149800","0,2322300",14,2019,50.0,1.0,2.0,3.0,2157946,1.0,1,1,1,0.0,,0.0,0,1951.0,B01,138Â 293Â 428,8.0,0.0,-1.0,1647736,1.0,7,,1.0,2.0,3.0,B01,138Â 293Â 428,1.0
965440,201900006971,7,19,22:30,5,2,1,1.0,6.0,13210,RABATAU (BOULEVARD),M,"43,2807600","5,3995400",13,2019,50.0,1.0,1.0,4.0,2157947,10.0,3,4,1,5.0,,9.0,3,1973.0,A01,138Â 293Â 426,8.0,0.0,-1.0,1647737,1.0,7,,0.0,1.0,1.0,A01,138Â 293Â 426,1.0
965441,201900006972,8,11,16:00,1,2,2,1.0,3.0,13207,PAPETY (RUE),M,"43,2907500","5,3574300",13,2019,30.0,1.0,1.0,4.0,2157948,1.0,1,1,1,5.0,,-1.0, -1,1998.0,B01,138Â 293Â 424,1.0,0.0,-1.0,1647738,1.0,7,,0.0,2.0,1.0,B01,138Â 293Â 424,6.0
965441,201900006972,8,11,16:00,1,2,2,1.0,3.0,13207,PAPETY (RUE),M,"43,2907500","5,3574300",13,2019,30.0,1.0,1.0,4.0,2157948,1.0,1,1,1,5.0,,-1.0, -1,1998.0,B01,138Â 293Â 424,1.0,0.0,-1.0,1647739,1.0,7,,0.0,2.0,1.0,A01,138Â 293Â 425,0.0
965441,201900006972,8,11,16:00,1,2,2,1.0,3.0,13207,PAPETY (RUE),M,"43,2907500","5,3574300",13,2019,30.0,1.0,1.0,4.0,2157949,2.0,2,4,1,0.0,,-1.0, -1,1999.0,B01,138Â 293Â 424,1.0,8.0,-1.0,1647738,1.0,7,,0.0,2.0,1.0,B01,138Â 293Â 424,6.0
965441,201900006972,8,11,16:00,1,2,2,1.0,3.0,13207,PAPETY (RUE),M,"43,2907500","5,3574300",13,2019,30.0,1.0,1.0,4.0,2157949,2.0,2,4,1,0.0,,-1.0, -1,1999.0,B01,138Â 293Â 424,1.0,8.0,-1.0,1647739,1.0,7,,0.0,2.0,1.0,A01,138Â 293Â 425,0.0
965441,201900006972,8,11,16:00,1,2,2,1.0,3.0,13207,PAPETY (RUE),M,"43,2907500","5,3574300",13,2019,30.0,1.0,1.0,4.0,2157950,5.0,2,1,2,0.0,,-1.0, -1,1987.0,A01,138Â 293Â 425,1.0,8.0,-1.0,1647738,1.0,7,,0.0,2.0,1.0,B01,138Â 293Â 424,6.0
965441,201900006972,8,11,16:00,1,2,2,1.0,3.0,13207,PAPETY (RUE),M,"43,2907500","5,3574300",13,2019,30.0,1.0,1.0,4.0,2157950,5.0,2,1,2,0.0,,-1.0, -1,1987.0,A01,138Â 293Â 425,1.0,8.0,-1.0,1647739,1.0,7,,0.0,2.0,1.0,A01,138Â 293Â 425,0.0
965441,201900006972,8,11,16:00,1,2,2,1.0,3.0,13207,PAPETY (RUE),M,"43,2907500","5,3574300",13,2019,30.0,1.0,1.0,4.0,2157951,1.0,1,1,1,0.0,,-1.0, -1,1972.0,A01,138Â 293Â 425,1.0,8.0,-1.0,1647738,1.0,7,,0.0,2.0,1.0,B01,138Â 293Â 424,6.0