Unnamed: 0_x,num_acc,mois,jour,hrmn,lum,agg,int,atm,col,com,adr,gps,lat,long,dep,annee,vma,situ,surf,catr,Unnamed: 0_y,place,catu,grav,sexe,trajet,secu,locp,actp,an_nais,num_veh_x,id_vehicule_x,secu1,secu2,secu3,Unnamed: 0,senc,catv,occutc,obs,obsm,choc,num_veh_y,id_vehicule_y,motor
965441,201900006972,8,11,16:00,1,2,2,1.0,3.0,13207,PAPETY (RUE),M,"43,2907500","5,3574300",13,2019,30.0,1.0,1.0,4.0,2157951,1.0,1,1,1,0.0,,-1.0, -1,1972.0,A01,138Â 293Â 425,1.0,8.0,-1.0,1647739,1.0,7,,0.0,2.0,1.0,A01,138Â 293Â 425,0.0
965441,201900006972,8,11,16:00,1,2,2,1.0,3.0,13207,PAPETY (RUE),M,"43,2907500","5,3574300",13,2019,30.0,1.0,1.0,4.0,2157952,3.0,2,4,2,0.0,,-1.0, -1,2014.0,A01,138Â 293Â 425,1.0,8.0,-1.0,1647738,1.0,7,,0.0,2.0,1.0,B01,138Â 293Â 424,6.0
965441,201900006972,8,11,16:00,1,2,2,1.0,3.0,13207,PAPETY (RUE),M,"43,2907500","5,3574300",13,2019,30.0,1.0,1.0,4.0,2157952,3.0,2,4,2,0.0,,-1.0, -1,2014.0,A01,138Â 293Â 425,1.0,8.0,-1.0,1647739,1.0,7,,0.0,2.0,1.0,A01,138Â 293Â 425,0.0
965441,201900006972,8,11,16:00,1,2,2,1.0,3.0,13207,PAPETY (RUE),M,"43,2907500","5,3574300",13,2019,30.0,1.0,1.0,4.0,2157953,2.0,2,4,2,0.0,,-1.0, -1,1900.0,A01,138Â 293Â 425,1.0,8.0,-1.0,1647738,1.0,7,,0.0,2.0,1.0,B01,138Â 293Â 424,6.0
965441,201900006972,8,11,16:00,1,2,2,1.0,3.0,13207,PAPETY (RUE),M,"43,2907500","5,3574300",13,2019,30.0,1.0,1.0,4.0,2157953,2.0,2,4,2,0.0,,-1.0, -1,1900.0,A01,138Â 293Â 425,1.0,8.0,-1.0,1647739,1.0,7,,0.0,2.0,1.0,A01,138Â 293Â 425,0.0
965442,201900006973,8,11,10:45,1,2,1,1.0,6.0,13208,PRADO (AVENUE DU),M,"43,2818000","5,3865000",13,2019,50.0,1.0,1.0,4.0,2157954,10.0,3,4,1,0.0,,9.0,3,1928.0,Z01,138Â 293Â 423,8.0,0.0,-1.0,1647740,2.0,7,,0.0,1.0,1.0,Z01,138Â 293Â 423,0.0
965442,201900006973,8,11,10:45,1,2,1,1.0,6.0,13208,PRADO (AVENUE DU),M,"43,2818000","5,3865000",13,2019,50.0,1.0,1.0,4.0,2157955,1.0,1,1,2,0.0,,0.0,0,1900.0,Z01,138Â 293Â 423,1.0,0.0,-1.0,1647740,2.0,7,,0.0,1.0,1.0,Z01,138Â 293Â 423,0.0
965443,201900006974,8,11,10:00,1,2,1,1.0,4.0,13205,JEAN MOULIN (BOULEVARD),M,"43,2885500","5,4003800",13,2019,50.0,1.0,1.0,4.0,2157956,1.0,1,4,1,9.0,,-1.0, -1,1973.0,C01,138Â 293Â 420,2.0,8.0,-1.0,1647741,1.0,33,,0.0,2.0,4.0,C01,138Â 293Â 420,1.0
965443,201900006974,8,11,10:00,1,2,1,1.0,4.0,13205,JEAN MOULIN (BOULEVARD),M,"43,2885500","5,4003800",13,2019,50.0,1.0,1.0,4.0,2157956,1.0,1,4,1,9.0,,-1.0, -1,1973.0,C01,138Â 293Â 420,2.0,8.0,-1.0,1647742,2.0,7,,0.0,2.0,4.0,B01,138Â 293Â 421,0.0
965443,201900006974,8,11,10:00,1,2,1,1.0,4.0,13205,JEAN MOULIN (BOULEVARD),M,"43,2885500","5,4003800",13,2019,50.0,1.0,1.0,4.0,2157956,1.0,1,4,1,9.0,,-1.0, -1,1973.0,C01,138Â 293Â 420,2.0,8.0,-1.0,1647743,2.0,7,,0.0,2.0,1.0,A01,138Â 293Â 422,0.0
965443,201900006974,8,11,10:00,1,2,1,1.0,4.0,13205,JEAN MOULIN (BOULEVARD),M,"43,2885500","5,4003800",13,2019,50.0,1.0,1.0,4.0,2157957,1.0,1,1,1,9.0,,-1.0, -1,1943.0,B01,138Â 293Â 421,1.0,8.0,-1.0,1647741,1.0,33,,0.0,2.0,4.0,C01,138Â 293Â 420,1.0
965443,201900006974,8,11,10:00,1,2,1,1.0,4.0,13205,JEAN MOULIN (BOULEVARD),M,"43,2885500","5,4003800",13,2019,50.0,1.0,1.0,4.0,2157957,1.0,1,1,1,9.0,,-1.0, -1,1943.0,B01,138Â 293Â 421,1.0,8.0,-1.0,1647742,2.0,7,,0.0,2.0,4.0,B01,138Â 293Â 421,0.0
965443,201900006974,8,11,10:00,1,2,1,1.0,4.0,13205,JEAN MOULIN (BOULEVARD),M,"43,2885500","5,4003800",13,2019,50.0,1.0,1.0,4.0,2157957,1.0,1,1,1,9.0,,-1.0, -1,1943.0,B01,138Â 293Â 421,1.0,8.0,-1.0,1647743,2.0,7,,0.0,2.0,1.0,A01,138Â 293Â 422,0.0
965443,201900006974,8,11,10:00,1,2,1,1.0,4.0,13205,JEAN MOULIN (BOULEVARD),M,"43,2885500","5,4003800",13,2019,50.0,1.0,1.0,4.0,2157958,1.0,1,1,1,5.0,,-1.0, -1,1986.0,A01,138Â 293Â 422,1.0,0.0,-1.0,1647741,1.0,33,,0.0,2.0,4.0,C01,138Â 293Â 420,1.0
965443,201900006974,8,11,10:00,1,2,1,1.0,4.0,13205,JEAN MOULIN (BOULEVARD),M,"43,2885500","5,4003800",13,2019,50.0,1.0,1.0,4.0,2157958,1.0,1,1,1,5.0,,-1.0, -1,1986.0,A01,138Â 293Â 422,1.0,0.0,-1.0,1647742,2.0,7,,0.0,2.0,4.0,B01,138Â 293Â 421,0.0
965443,201900006974,8,11,10:00,1,2,1,1.0,4.0,13205,JEAN MOULIN (BOULEVARD),M,"43,2885500","5,4003800",13,2019,50.0,1.0,1.0,4.0,2157958,1.0,1,1,1,5.0,,-1.0, -1,1986.0,A01,138Â 293Â 422,1.0,0.0,-1.0,1647743,2.0,7,,0.0,2.0,1.0,A01,138Â 293Â 422,0.0
965444,201900006975,8,10,12:00,1,1,1,1.0,3.0,13063,CALAMEAU CHEMIN DE,M,"43,5866600","4,9851700",13,2019,70.0,1.0,1.0,3.0,2157959,4.0,2,4,1,5.0,,0.0,0,2003.0,B01,138Â 293Â 418,1.0,5.0,-1.0,1647744,1.0,7,,0.0,2.0,5.0,B01,138Â 293Â 418,1.0
965444,201900006975,8,10,12:00,1,1,1,1.0,3.0,13063,CALAMEAU CHEMIN DE,M,"43,5866600","4,9851700",13,2019,70.0,1.0,1.0,3.0,2157959,4.0,2,4,1,5.0,,0.0,0,2003.0,B01,138Â 293Â 418,1.0,5.0,-1.0,1647745,1.0,7,,0.0,2.0,0.0,Z01,138Â 293Â 419,0.0
965444,201900006975,8,10,12:00,1,1,1,1.0,3.0,13063,CALAMEAU CHEMIN DE,M,"43,5866600","4,9851700",13,2019,70.0,1.0,1.0,3.0,2157960,1.0,1,1,1,5.0,,0.0,0,1979.0,B01,138Â 293Â 418,1.0,5.0,-1.0,1647744,1.0,7,,0.0,2.0,5.0,B01,138Â 293Â 418,1.0
965444,201900006975,8,10,12:00,1,1,1,1.0,3.0,13063,CALAMEAU CHEMIN DE,M,"43,5866600","4,9851700",13,2019,70.0,1.0,1.0,3.0,2157960,1.0,1,1,1,5.0,,0.0,0,1979.0,B01,138Â 293Â 418,1.0,5.0,-1.0,1647745,1.0,7,,0.0,2.0,0.0,Z01,138Â 293Â 419,0.0
965445,201900006976,8,10,09:30,1,2,1,1.0,6.0,13028,FRANCE (BOULEVARD ANATOLE),M,"43,1737500","5,6103900",13,2019,30.0,1.0,2.0,4.0,2157961,1.0,1,1,1,5.0,,0.0,0,1967.0,A01,138Â 293Â 417,1.0,8.0,-1.0,1647746,1.0,7,,0.0,1.0,7.0,A01,138Â 293Â 417,1.0
965445,201900006976,8,10,09:30,1,2,1,1.0,6.0,13028,FRANCE (BOULEVARD ANATOLE),M,"43,1737500","5,6103900",13,2019,30.0,1.0,2.0,4.0,2157962,10.0,3,4,2,5.0,,3.0,3,1973.0,A01,138Â 293Â 417,8.0,0.0,-1.0,1647746,1.0,7,,0.0,1.0,7.0,A01,138Â 293Â 417,1.0
965446,201900006977,8,11,16:10,1,1,1,1.0,1.0,13001,BERRE (ROUTE DE),M,"43,5371100","5,3854200",13,2019,80.0,1.0,1.0,3.0,2157963,1.0,1,3,1,0.0,,-1.0, -1,1947.0,A01,138Â 293Â 415,1.0,0.0,-1.0,1647747,1.0,7,,0.0,2.0,3.0,A01,138Â 293Â 415,1.0
965446,201900006977,8,11,16:10,1,1,1,1.0,1.0,13001,BERRE (ROUTE DE),M,"43,5371100","5,3854200",13,2019,80.0,1.0,1.0,3.0,2157963,1.0,1,3,1,0.0,,-1.0, -1,1947.0,A01,138Â 293Â 415,1.0,0.0,-1.0,1647748,1.0,7,,0.0,2.0,0.0,B01,138Â 293Â 416,1.0
965446,201900006977,8,11,16:10,1,1,1,1.0,1.0,13001,BERRE (ROUTE DE),M,"43,5371100","5,3854200",13,2019,80.0,1.0,1.0,3.0,2157964,1.0,1,3,2,0.0,,-1.0, -1,1969.0,B01,138Â 293Â 416,1.0,0.0,-1.0,1647747,1.0,7,,0.0,2.0,3.0,A01,138Â 293Â 415,1.0
965446,201900006977,8,11,16:10,1,1,1,1.0,1.0,13001,BERRE (ROUTE DE),M,"43,5371100","5,3854200",13,2019,80.0,1.0,1.0,3.0,2157964,1.0,1,3,2,0.0,,-1.0, -1,1969.0,B01,138Â 293Â 416,1.0,0.0,-1.0,1647748,1.0,7,,0.0,2.0,0.0,B01,138Â 293Â 416,1.0
965447,201900006978,8,9,09:50,1,2,1,7.0,6.0,12089,RAMADIER PAUL (AVENUE),M,"44,5554400","2,2581700",12,2019,30.0,8.0,1.0,6.0,2157965,1.0,1,1,2,5.0,,0.0,0,1946.0,A01,138Â 293Â 414,1.0,0.0,-1.0,1647749,3.0,7,,0.0,1.0,3.0,A01,138Â 293Â 414,1.0
965447,201900006978,8,9,09:50,1,2,1,7.0,6.0,12089,RAMADIER PAUL (AVENUE),M,"44,5554400","2,2581700",12,2019,30.0,8.0,1.0,6.0,2157966,10.0,3,4,2,5.0,,1.0,9,1946.0,A01,138Â 293Â 414,8.0,0.0,-1.0,1647749,3.0,7,,0.0,1.0,3.0,A01,138Â 293Â 414,1.0
965448,201900006979,8,11,02:55,3,1,1,1.0,6.0,07072,CHASSAGNE (HAUT),M,"44,7477700","4,6088720",7,2019,80.0,1.0,1.0,3.0,2157967,1.0,1,4,1,5.0,,-1.0, -1,1980.0,A01,138Â 293Â 413,1.0,5.0,-1.0,1647750,2.0,7,,10.0,0.0,1.0,A01,138Â 293Â 413,1.0
965449,201900006980,8,11,18:50,1,1,3,1.0,3.0,06159,BELLAVISTA (AVENUE),M,"43,7099103","7,3180558",6,2019,50.0,1.0,1.0,7.0,2157968,1.0,1,4,2,5.0,,0.0,0,2000.0,A01,138Â 293Â 411,1.0,8.0,-1.0,1647751,3.0,7,,0.0,2.0,3.0,A01,138Â 293Â 411,1.0
965449,201900006980,8,11,18:50,1,1,3,1.0,3.0,06159,BELLAVISTA (AVENUE),M,"43,7099103","7,3180558",6,2019,50.0,1.0,1.0,7.0,2157968,1.0,1,4,2,5.0,,0.0,0,2000.0,A01,138Â 293Â 411,1.0,8.0,-1.0,1647752,3.0,7,,0.0,2.0,1.0,B01,138Â 293Â 412,1.0
965449,201900006980,8,11,18:50,1,1,3,1.0,3.0,06159,BELLAVISTA (AVENUE),M,"43,7099103","7,3180558",6,2019,50.0,1.0,1.0,7.0,2157969,1.0,1,4,1,5.0,,0.0,0,1996.0,B01,138Â 293Â 412,1.0,8.0,-1.0,1647751,3.0,7,,0.0,2.0,3.0,A01,138Â 293Â 411,1.0
965449,201900006980,8,11,18:50,1,1,3,1.0,3.0,06159,BELLAVISTA (AVENUE),M,"43,7099103","7,3180558",6,2019,50.0,1.0,1.0,7.0,2157969,1.0,1,4,1,5.0,,0.0,0,1996.0,B01,138Â 293Â 412,1.0,8.0,-1.0,1647752,3.0,7,,0.0,2.0,1.0,B01,138Â 293Â 412,1.0
965449,201900006980,8,11,18:50,1,1,3,1.0,3.0,06159,BELLAVISTA (AVENUE),M,"43,7099103","7,3180558",6,2019,50.0,1.0,1.0,7.0,2157970,5.0,2,4,2,5.0,,0.0,0,1996.0,B01,138Â 293Â 412,1.0,8.0,-1.0,1647751,3.0,7,,0.0,2.0,3.0,A01,138Â 293Â 411,1.0
965449,201900006980,8,11,18:50,1,1,3,1.0,3.0,06159,BELLAVISTA (AVENUE),M,"43,7099103","7,3180558",6,2019,50.0,1.0,1.0,7.0,2157970,5.0,2,4,2,5.0,,0.0,0,1996.0,B01,138Â 293Â 412,1.0,8.0,-1.0,1647752,3.0,7,,0.0,2.0,1.0,B01,138Â 293Â 412,1.0
965449,201900006980,8,11,18:50,1,1,3,1.0,3.0,06159,BELLAVISTA (AVENUE),M,"43,7099103","7,3180558",6,2019,50.0,1.0,1.0,7.0,2157971,4.0,2,4,2,5.0,,0.0,0,1997.0,B01,138Â 293Â 412,1.0,8.0,-1.0,1647751,3.0,7,,0.0,2.0,3.0,A01,138Â 293Â 411,1.0
965449,201900006980,8,11,18:50,1,1,3,1.0,3.0,06159,BELLAVISTA (AVENUE),M,"43,7099103","7,3180558",6,2019,50.0,1.0,1.0,7.0,2157971,4.0,2,4,2,5.0,,0.0,0,1997.0,B01,138Â 293Â 412,1.0,8.0,-1.0,1647752,3.0,7,,0.0,2.0,1.0,B01,138Â 293Â 412,1.0
965449,201900006980,8,11,18:50,1,1,3,1.0,3.0,06159,BELLAVISTA (AVENUE),M,"43,7099103","7,3180558",6,2019,50.0,1.0,1.0,7.0,2157972,3.0,2,4,1,5.0,,0.0,0,1996.0,B01,138Â 293Â 412,1.0,8.0,-1.0,1647751,3.0,7,,0.0,2.0,3.0,A01,138Â 293Â 411,1.0
965449,201900006980,8,11,18:50,1,1,3,1.0,3.0,06159,BELLAVISTA (AVENUE),M,"43,7099103","7,3180558",6,2019,50.0,1.0,1.0,7.0,2157972,3.0,2,4,1,5.0,,0.0,0,1996.0,B01,138Â 293Â 412,1.0,8.0,-1.0,1647752,3.0,7,,0.0,2.0,1.0,B01,138Â 293Â 412,1.0
965449,201900006980,8,11,18:50,1,1,3,1.0,3.0,06159,BELLAVISTA (AVENUE),M,"43,7099103","7,3180558",6,2019,50.0,1.0,1.0,7.0,2157973,2.0,2,4,1,5.0,,0.0,0,1996.0,B01,138Â 293Â 412,1.0,8.0,-1.0,1647751,3.0,7,,0.0,2.0,3.0,A01,138Â 293Â 411,1.0
965449,201900006980,8,11,18:50,1,1,3,1.0,3.0,06159,BELLAVISTA (AVENUE),M,"43,7099103","7,3180558",6,2019,50.0,1.0,1.0,7.0,2157973,2.0,2,4,1,5.0,,0.0,0,1996.0,B01,138Â 293Â 412,1.0,8.0,-1.0,1647752,3.0,7,,0.0,2.0,1.0,B01,138Â 293Â 412,1.0
965450,201900006981,8,11,05:30,5,2,6,1.0,3.0,06083,"SOSPEL (AVENUE DE, NÂ° 1 A 55)",M,"43,7764480","7,4941120",6,2019,50.0,1.0,1.0,3.0,2157974,1.0,1,4,1,4.0,,0.0,0,1985.0,B01,138Â 293Â 409,1.0,0.0,-1.0,1647753,3.0,10,,0.0,2.0,7.0,B01,138Â 293Â 409,1.0
965450,201900006981,8,11,05:30,5,2,6,1.0,3.0,06083,"SOSPEL (AVENUE DE, NÂ° 1 A 55)",M,"43,7764480","7,4941120",6,2019,50.0,1.0,1.0,3.0,2157974,1.0,1,4,1,4.0,,0.0,0,1985.0,B01,138Â 293Â 409,1.0,0.0,-1.0,1647754,3.0,7,,0.0,2.0,8.0,A01,138Â 293Â 410,1.0
965450,201900006981,8,11,05:30,5,2,6,1.0,3.0,06083,"SOSPEL (AVENUE DE, NÂ° 1 A 55)",M,"43,7764480","7,4941120",6,2019,50.0,1.0,1.0,3.0,2157975,2.0,2,4,1,4.0,,0.0,0,1971.0,B01,138Â 293Â 409,1.0,0.0,-1.0,1647753,3.0,10,,0.0,2.0,7.0,B01,138Â 293Â 409,1.0
965450,201900006981,8,11,05:30,5,2,6,1.0,3.0,06083,"SOSPEL (AVENUE DE, NÂ° 1 A 55)",M,"43,7764480","7,4941120",6,2019,50.0,1.0,1.0,3.0,2157975,2.0,2,4,1,4.0,,0.0,0,1971.0,B01,138Â 293Â 409,1.0,0.0,-1.0,1647754,3.0,7,,0.0,2.0,8.0,A01,138Â 293Â 410,1.0
965450,201900006981,8,11,05:30,5,2,6,1.0,3.0,06083,"SOSPEL (AVENUE DE, NÂ° 1 A 55)",M,"43,7764480","7,4941120",6,2019,50.0,1.0,1.0,3.0,2157976,1.0,1,1,1,1.0,,0.0,0,1961.0,A01,138Â 293Â 410,1.0,0.0,-1.0,1647753,3.0,10,,0.0,2.0,7.0,B01,138Â 293Â 409,1.0
965450,201900006981,8,11,05:30,5,2,6,1.0,3.0,06083,"SOSPEL (AVENUE DE, NÂ° 1 A 55)",M,"43,7764480","7,4941120",6,2019,50.0,1.0,1.0,3.0,2157976,1.0,1,1,1,1.0,,0.0,0,1961.0,A01,138Â 293Â 410,1.0,0.0,-1.0,1647754,3.0,7,,0.0,2.0,8.0,A01,138Â 293Â 410,1.0
965451,201900006982,8,11,18:45,1,2,7,1.0,2.0,75120,AVENUE GAMBETTA,M,"48,8650270","2,3985980",75,2019,50.0,1.0,1.0,4.0,2157977,1.0,1,4,1,0.0,,0.0,0,1985.0,A01,138Â 293Â 407,2.0,6.0,-1.0,1647755,1.0,30,,0.0,2.0,1.0,A01,138Â 293Â 407,1.0
965451,201900006982,8,11,18:45,1,2,7,1.0,2.0,75120,AVENUE GAMBETTA,M,"48,8650270","2,3985980",75,2019,50.0,1.0,1.0,4.0,2157977,1.0,1,4,1,0.0,,0.0,0,1985.0,A01,138Â 293Â 407,2.0,6.0,-1.0,1647756,1.0,7,,0.0,2.0,4.0,B01,138Â 293Â 408,1.0
965451,201900006982,8,11,18:45,1,2,7,1.0,2.0,75120,AVENUE GAMBETTA,M,"48,8650270","2,3985980",75,2019,50.0,1.0,1.0,4.0,2157978,1.0,1,1,1,0.0,,0.0,0,1960.0,B01,138Â 293Â 408,1.0,0.0,-1.0,1647755,1.0,30,,0.0,2.0,1.0,A01,138Â 293Â 407,1.0
965451,201900006982,8,11,18:45,1,2,7,1.0,2.0,75120,AVENUE GAMBETTA,M,"48,8650270","2,3985980",75,2019,50.0,1.0,1.0,4.0,2157978,1.0,1,1,1,0.0,,0.0,0,1960.0,B01,138Â 293Â 408,1.0,0.0,-1.0,1647756,1.0,7,,0.0,2.0,4.0,B01,138Â 293Â 408,1.0
965452,201900006983,8,11,16:15,1,2,1,1.0,3.0,75119,RUE REBEVAL,M,"48,8741190","2,3762940",75,2019,50.0,1.0,1.0,4.0,2157979,1.0,1,1,1,1.0,,0.0,0,1994.0,A01,138Â 293Â 405,1.0,0.0,-1.0,1647757,2.0,7,,0.0,2.0,1.0,A01,138Â 293Â 405,2.0
965452,201900006983,8,11,16:15,1,2,1,1.0,3.0,75119,RUE REBEVAL,M,"48,8741190","2,3762940",75,2019,50.0,1.0,1.0,4.0,2157979,1.0,1,1,1,1.0,,0.0,0,1994.0,A01,138Â 293Â 405,1.0,0.0,-1.0,1647758,2.0,1,,0.0,2.0,1.0,B01,138Â 293Â 406,5.0
965452,201900006983,8,11,16:15,1,2,1,1.0,3.0,75119,RUE REBEVAL,M,"48,8741190","2,3762940",75,2019,50.0,1.0,1.0,4.0,2157980,1.0,1,4,1,5.0,,0.0,0,2013.0,B01,138Â 293Â 406,2.0,0.0,-1.0,1647757,2.0,7,,0.0,2.0,1.0,A01,138Â 293Â 405,2.0
965452,201900006983,8,11,16:15,1,2,1,1.0,3.0,75119,RUE REBEVAL,M,"48,8741190","2,3762940",75,2019,50.0,1.0,1.0,4.0,2157980,1.0,1,4,1,5.0,,0.0,0,2013.0,B01,138Â 293Â 406,2.0,0.0,-1.0,1647758,2.0,1,,0.0,2.0,1.0,B01,138Â 293Â 406,5.0
965453,201900006984,8,11,19:00,1,2,7,1.0,3.0,75114,BOULEVARD BRUNE,M,"48,8276717","2,3051295",75,2019,50.0,1.0,1.0,4.0,2157981,1.0,1,4,1,0.0,,0.0,0,1990.0,B01,138Â 293Â 401,2.0,6.0,-1.0,1647759,1.0,32,,0.0,2.0,1.0,B01,138Â 293Â 401,1.0
965453,201900006984,8,11,19:00,1,2,7,1.0,3.0,75114,BOULEVARD BRUNE,M,"48,8276717","2,3051295",75,2019,50.0,1.0,1.0,4.0,2157981,1.0,1,4,1,0.0,,0.0,0,1990.0,B01,138Â 293Â 401,2.0,6.0,-1.0,1647760,2.0,7,,0.0,2.0,5.0,A01,138Â 293Â 402,1.0
965453,201900006984,8,11,19:00,1,2,7,1.0,3.0,75114,BOULEVARD BRUNE,M,"48,8276717","2,3051295",75,2019,50.0,1.0,1.0,4.0,2157982,1.0,1,1,2,5.0,,0.0,0,1972.0,A01,138Â 293Â 402,1.0,0.0,-1.0,1647759,1.0,32,,0.0,2.0,1.0,B01,138Â 293Â 401,1.0
965453,201900006984,8,11,19:00,1,2,7,1.0,3.0,75114,BOULEVARD BRUNE,M,"48,8276717","2,3051295",75,2019,50.0,1.0,1.0,4.0,2157982,1.0,1,1,2,5.0,,0.0,0,1972.0,A01,138Â 293Â 402,1.0,0.0,-1.0,1647760,2.0,7,,0.0,2.0,5.0,A01,138Â 293Â 402,1.0
965454,201900006985,8,11,02:44,5,2,5,1.0,6.0,75113,BOULEVARD DE L HOPITAL,M,"48,8364540","2,3591890",75,2019,50.0,1.0,1.0,4.0,2157983,2.0,2,4,2,0.0,,0.0,0,1997.0,Z01,138Â 293Â 400,1.0,0.0,-1.0,1647761,1.0,7,,7.0,0.0,1.0,Z01,138Â 293Â 400,1.0
965455,201900006986,8,11,19:51,1,2,2,1.0,6.0,75107,AVENUE OCTAVE GREARD,M,"48,8566822","2,2935514",75,2019,30.0,1.0,1.0,4.0,2157984,3.0,2,4,2,5.0,,0.0,0,1964.0,A01,138Â 293Â 399,1.0,0.0,-1.0,1647762,1.0,7,,8.0,0.0,1.0,A01,138Â 293Â 399,1.0
965455,201900006986,8,11,19:51,1,2,2,1.0,6.0,75107,AVENUE OCTAVE GREARD,M,"48,8566822","2,2935514",75,2019,30.0,1.0,1.0,4.0,2157985,4.0,2,1,2,5.0,,0.0,0,1958.0,A01,138Â 293Â 399,1.0,0.0,-1.0,1647762,1.0,7,,8.0,0.0,1.0,A01,138Â 293Â 399,1.0
965455,201900006986,8,11,19:51,1,2,2,1.0,6.0,75107,AVENUE OCTAVE GREARD,M,"48,8566822","2,2935514",75,2019,30.0,1.0,1.0,4.0,2157986,2.0,2,1,2,5.0,,0.0,0,1996.0,A01,138Â 293Â 399,1.0,0.0,-1.0,1647762,1.0,7,,8.0,0.0,1.0,A01,138Â 293Â 399,1.0
965455,201900006986,8,11,19:51,1,2,2,1.0,6.0,75107,AVENUE OCTAVE GREARD,M,"48,8566822","2,2935514",75,2019,30.0,1.0,1.0,4.0,2157987,5.0,2,1,2,5.0,,0.0,0,2009.0,A01,138Â 293Â 399,3.0,0.0,-1.0,1647762,1.0,7,,8.0,0.0,1.0,A01,138Â 293Â 399,1.0
965455,201900006986,8,11,19:51,1,2,2,1.0,6.0,75107,AVENUE OCTAVE GREARD,M,"48,8566822","2,2935514",75,2019,30.0,1.0,1.0,4.0,2157988,1.0,1,4,1,4.0,,0.0,0,1977.0,A01,138Â 293Â 399,1.0,0.0,-1.0,1647762,1.0,7,,8.0,0.0,1.0,A01,138Â 293Â 399,1.0
965456,201900006987,8,11,22:50,5,2,1,1.0,1.0,75101,ALLEE ANDRE BRETON,M,"48,8623180","2,3455450",75,2019,15.0,6.0,1.0,4.0,2157989,1.0,1,1,1,0.0,,0.0,0,1996.0,A01,138Â 293Â 397,2.0,0.0,-1.0,1647763,1.0,50,,0.0,2.0,1.0,A01,138Â 293Â 397,3.0
965456,201900006987,8,11,22:50,5,2,1,1.0,1.0,75101,ALLEE ANDRE BRETON,M,"48,8623180","2,3455450",75,2019,15.0,6.0,1.0,4.0,2157989,1.0,1,1,1,0.0,,0.0,0,1996.0,A01,138Â 293Â 397,2.0,0.0,-1.0,1647764,2.0,1,,0.0,2.0,1.0,B01,138Â 293Â 398,5.0
965456,201900006987,8,11,22:50,5,2,1,1.0,1.0,75101,ALLEE ANDRE BRETON,M,"48,8623180","2,3455450",75,2019,15.0,6.0,1.0,4.0,2157990,1.0,1,4,2,5.0,,0.0,0,1990.0,B01,138Â 293Â 398,2.0,0.0,-1.0,1647763,1.0,50,,0.0,2.0,1.0,A01,138Â 293Â 397,3.0
965456,201900006987,8,11,22:50,5,2,1,1.0,1.0,75101,ALLEE ANDRE BRETON,M,"48,8623180","2,3455450",75,2019,15.0,6.0,1.0,4.0,2157990,1.0,1,4,2,5.0,,0.0,0,1990.0,B01,138Â 293Â 398,2.0,0.0,-1.0,1647764,2.0,1,,0.0,2.0,1.0,B01,138Â 293Â 398,5.0
965457,201900006988,8,11,01:05,5,2,3,1.0,3.0,93053,JEANNE D'ARC (PLACE),M,"48,8901250","2,4528360",93,2019,50.0,1.0,1.0,3.0,2157991,1.0,1,1,1,0.0,,-1.0, -1,1991.0,B01,138Â 293Â 395,1.0,0.0,-1.0,1647765,2.0,7,,0.0,2.0,3.0,B01,138Â 293Â 395,1.0
965457,201900006988,8,11,01:05,5,2,3,1.0,3.0,93053,JEANNE D'ARC (PLACE),M,"48,8901250","2,4528360",93,2019,50.0,1.0,1.0,3.0,2157991,1.0,1,1,1,0.0,,-1.0, -1,1991.0,B01,138Â 293Â 395,1.0,0.0,-1.0,1647766,0.0,32,,0.0,2.0,1.0,A01,138Â 293Â 396,1.0
965457,201900006988,8,11,01:05,5,2,3,1.0,3.0,93053,JEANNE D'ARC (PLACE),M,"48,8901250","2,4528360",93,2019,50.0,1.0,1.0,3.0,2157992,3.0,2,1,1,5.0,,-1.0, -1,1991.0,B01,138Â 293Â 395,1.0,0.0,-1.0,1647765,2.0,7,,0.0,2.0,3.0,B01,138Â 293Â 395,1.0
965457,201900006988,8,11,01:05,5,2,3,1.0,3.0,93053,JEANNE D'ARC (PLACE),M,"48,8901250","2,4528360",93,2019,50.0,1.0,1.0,3.0,2157992,3.0,2,1,1,5.0,,-1.0, -1,1991.0,B01,138Â 293Â 395,1.0,0.0,-1.0,1647766,0.0,32,,0.0,2.0,1.0,A01,138Â 293Â 396,1.0
965457,201900006988,8,11,01:05,5,2,3,1.0,3.0,93053,JEANNE D'ARC (PLACE),M,"48,8901250","2,4528360",93,2019,50.0,1.0,1.0,3.0,2157993,1.0,1,3,1,5.0,,-1.0, -1,1998.0,A01,138Â 293Â 396,2.0,8.0,-1.0,1647765,2.0,7,,0.0,2.0,3.0,B01,138Â 293Â 395,1.0
965457,201900006988,8,11,01:05,5,2,3,1.0,3.0,93053,JEANNE D'ARC (PLACE),M,"48,8901250","2,4528360",93,2019,50.0,1.0,1.0,3.0,2157993,1.0,1,3,1,5.0,,-1.0, -1,1998.0,A01,138Â 293Â 396,2.0,8.0,-1.0,1647766,0.0,32,,0.0,2.0,1.0,A01,138Â 293Â 396,1.0
965458,201900006989,8,11,04:46,5,2,6,1.0,6.0,93051,NEUILLY (PORTE),M,"48,8433190","2,5436740",93,2019,50.0,3.0,1.0,3.0,2157994,1.0,1,3,1,5.0,,-1.0, -1,1991.0,A01,138Â 293Â 394,2.0,6.0,-1.0,1647767,2.0,33,,12.0,0.0,1.0,A01,138Â 293Â 394,1.0