Unnamed: 0_x,num_acc,mois,jour,hrmn,lum,agg,int,atm,col,com,adr,gps,lat,long,dep,annee,vma,situ,surf,catr,Unnamed: 0_y,place,catu,grav,sexe,trajet,secu,locp,actp,an_nais,num_veh_x,id_vehicule_x,secu1,secu2,secu3,Unnamed: 0,senc,catv,occutc,obs,obsm,choc,num_veh_y,id_vehicule_y,motor
965459,201900006990,8,11,16:40,1,2,3,1.0,5.0,93046,CONSUL GENERAL NORDLING AVENUE,M,"48,9100000","2,5300000",93,2019,50.0,1.0,1.0,3.0,2157995,1.0,1,1,2,0.0,,-1.0, -1,2000.0,B01,138Â 293Â 391,8.0,0.0,-1.0,1647768,1.0,7,,0.0,2.0,6.0,B01,138Â 293Â 391,0.0
965459,201900006990,8,11,16:40,1,2,3,1.0,5.0,93046,CONSUL GENERAL NORDLING AVENUE,M,"48,9100000","2,5300000",93,2019,50.0,1.0,1.0,3.0,2157995,1.0,1,1,2,0.0,,-1.0, -1,2000.0,B01,138Â 293Â 391,8.0,0.0,-1.0,1647769,1.0,7,,0.0,2.0,2.0,A01,138Â 293Â 392,6.0
965459,201900006990,8,11,16:40,1,2,3,1.0,5.0,93046,CONSUL GENERAL NORDLING AVENUE,M,"48,9100000","2,5300000",93,2019,50.0,1.0,1.0,3.0,2157995,1.0,1,1,2,0.0,,-1.0, -1,2000.0,B01,138Â 293Â 391,8.0,0.0,-1.0,1647770,1.0,7,,0.0,0.0,9.0,F01,138Â 293Â 393,6.0
965459,201900006990,8,11,16:40,1,2,3,1.0,5.0,93046,CONSUL GENERAL NORDLING AVENUE,M,"48,9100000","2,5300000",93,2019,50.0,1.0,1.0,3.0,2157996,4.0,2,1,1,0.0,,-1.0, -1,2016.0,A01,138Â 293Â 392,1.0,8.0,-1.0,1647768,1.0,7,,0.0,2.0,6.0,B01,138Â 293Â 391,0.0
965459,201900006990,8,11,16:40,1,2,3,1.0,5.0,93046,CONSUL GENERAL NORDLING AVENUE,M,"48,9100000","2,5300000",93,2019,50.0,1.0,1.0,3.0,2157996,4.0,2,1,1,0.0,,-1.0, -1,2016.0,A01,138Â 293Â 392,1.0,8.0,-1.0,1647769,1.0,7,,0.0,2.0,2.0,A01,138Â 293Â 392,6.0
965459,201900006990,8,11,16:40,1,2,3,1.0,5.0,93046,CONSUL GENERAL NORDLING AVENUE,M,"48,9100000","2,5300000",93,2019,50.0,1.0,1.0,3.0,2157996,4.0,2,1,1,0.0,,-1.0, -1,2016.0,A01,138Â 293Â 392,1.0,8.0,-1.0,1647770,1.0,7,,0.0,0.0,9.0,F01,138Â 293Â 393,6.0
965459,201900006990,8,11,16:40,1,2,3,1.0,5.0,93046,CONSUL GENERAL NORDLING AVENUE,M,"48,9100000","2,5300000",93,2019,50.0,1.0,1.0,3.0,2157997,3.0,2,1,2,0.0,,-1.0, -1,2019.0,A01,138Â 293Â 392,1.0,0.0,-1.0,1647768,1.0,7,,0.0,2.0,6.0,B01,138Â 293Â 391,0.0
965459,201900006990,8,11,16:40,1,2,3,1.0,5.0,93046,CONSUL GENERAL NORDLING AVENUE,M,"48,9100000","2,5300000",93,2019,50.0,1.0,1.0,3.0,2157997,3.0,2,1,2,0.0,,-1.0, -1,2019.0,A01,138Â 293Â 392,1.0,0.0,-1.0,1647769,1.0,7,,0.0,2.0,2.0,A01,138Â 293Â 392,6.0
965459,201900006990,8,11,16:40,1,2,3,1.0,5.0,93046,CONSUL GENERAL NORDLING AVENUE,M,"48,9100000","2,5300000",93,2019,50.0,1.0,1.0,3.0,2157997,3.0,2,1,2,0.0,,-1.0, -1,2019.0,A01,138Â 293Â 392,1.0,0.0,-1.0,1647770,1.0,7,,0.0,0.0,9.0,F01,138Â 293Â 393,6.0
965459,201900006990,8,11,16:40,1,2,3,1.0,5.0,93046,CONSUL GENERAL NORDLING AVENUE,M,"48,9100000","2,5300000",93,2019,50.0,1.0,1.0,3.0,2157998,2.0,2,1,2,0.0,,-1.0, -1,1990.0,A01,138Â 293Â 392,1.0,0.0,-1.0,1647768,1.0,7,,0.0,2.0,6.0,B01,138Â 293Â 391,0.0
965459,201900006990,8,11,16:40,1,2,3,1.0,5.0,93046,CONSUL GENERAL NORDLING AVENUE,M,"48,9100000","2,5300000",93,2019,50.0,1.0,1.0,3.0,2157998,2.0,2,1,2,0.0,,-1.0, -1,1990.0,A01,138Â 293Â 392,1.0,0.0,-1.0,1647769,1.0,7,,0.0,2.0,2.0,A01,138Â 293Â 392,6.0
965459,201900006990,8,11,16:40,1,2,3,1.0,5.0,93046,CONSUL GENERAL NORDLING AVENUE,M,"48,9100000","2,5300000",93,2019,50.0,1.0,1.0,3.0,2157998,2.0,2,1,2,0.0,,-1.0, -1,1990.0,A01,138Â 293Â 392,1.0,0.0,-1.0,1647770,1.0,7,,0.0,0.0,9.0,F01,138Â 293Â 393,6.0
965459,201900006990,8,11,16:40,1,2,3,1.0,5.0,93046,CONSUL GENERAL NORDLING AVENUE,M,"48,9100000","2,5300000",93,2019,50.0,1.0,1.0,3.0,2157999,1.0,1,4,1,0.0,,-1.0, -1,1975.0,A01,138Â 293Â 392,8.0,0.0,-1.0,1647768,1.0,7,,0.0,2.0,6.0,B01,138Â 293Â 391,0.0
965459,201900006990,8,11,16:40,1,2,3,1.0,5.0,93046,CONSUL GENERAL NORDLING AVENUE,M,"48,9100000","2,5300000",93,2019,50.0,1.0,1.0,3.0,2157999,1.0,1,4,1,0.0,,-1.0, -1,1975.0,A01,138Â 293Â 392,8.0,0.0,-1.0,1647769,1.0,7,,0.0,2.0,2.0,A01,138Â 293Â 392,6.0
965459,201900006990,8,11,16:40,1,2,3,1.0,5.0,93046,CONSUL GENERAL NORDLING AVENUE,M,"48,9100000","2,5300000",93,2019,50.0,1.0,1.0,3.0,2157999,1.0,1,4,1,0.0,,-1.0, -1,1975.0,A01,138Â 293Â 392,8.0,0.0,-1.0,1647770,1.0,7,,0.0,0.0,9.0,F01,138Â 293Â 393,6.0
965460,201900006991,8,12,15:36,1,1,1,1.0,3.0,65049,RD 5 lieu dit Bonneau,M,"43,4874056","0,0870860",65,2019,80.0,1.0,1.0,3.0,2158000,1.0,1,1,1,5.0,,0.0,0,1935.0,A01,138Â 293Â 389,1.0,-1.0,-1.0,1647771,1.0,7,,0.0,2.0,5.0,A01,138Â 293Â 389,3.0
965460,201900006991,8,12,15:36,1,1,1,1.0,3.0,65049,RD 5 lieu dit Bonneau,M,"43,4874056","0,0870860",65,2019,80.0,1.0,1.0,3.0,2158000,1.0,1,1,1,5.0,,0.0,0,1935.0,A01,138Â 293Â 389,1.0,-1.0,-1.0,1647772,2.0,33,,0.0,2.0,1.0,B01,138Â 293Â 390,1.0
965460,201900006991,8,12,15:36,1,1,1,1.0,3.0,65049,RD 5 lieu dit Bonneau,M,"43,4874056","0,0870860",65,2019,80.0,1.0,1.0,3.0,2158001,1.0,1,3,1,9.0,,0.0,0,1965.0,B01,138Â 293Â 390,2.0,6.0,9.0,1647771,1.0,7,,0.0,2.0,5.0,A01,138Â 293Â 389,3.0
965460,201900006991,8,12,15:36,1,1,1,1.0,3.0,65049,RD 5 lieu dit Bonneau,M,"43,4874056","0,0870860",65,2019,80.0,1.0,1.0,3.0,2158001,1.0,1,3,1,9.0,,0.0,0,1965.0,B01,138Â 293Â 390,2.0,6.0,9.0,1647772,2.0,33,,0.0,2.0,1.0,B01,138Â 293Â 390,1.0
965461,201900006992,8,9,14:00,1,1,1,1.0,6.0,62760,Route Nationale,M,"50,6104730","2,1064180",62,2019,80.0,1.0,1.0,3.0,2158002,9.0,2,1,1,5.0,,0.0,0,2008.0,B01,138Â 293Â 387,1.0,-1.0,-1.0,1647773,2.0,7,,0.0,2.0,3.0,B01,138Â 293Â 387,1.0
965461,201900006992,8,9,14:00,1,1,1,1.0,6.0,62760,Route Nationale,M,"50,6104730","2,1064180",62,2019,80.0,1.0,1.0,3.0,2158002,9.0,2,1,1,5.0,,0.0,0,2008.0,B01,138Â 293Â 387,1.0,-1.0,-1.0,1647774,1.0,7,,0.0,2.0,3.0,A01,138Â 293Â 388,2.0
965461,201900006992,8,9,14:00,1,1,1,1.0,6.0,62760,Route Nationale,M,"50,6104730","2,1064180",62,2019,80.0,1.0,1.0,3.0,2158003,7.0,2,1,2,5.0,,0.0,0,2004.0,B01,138Â 293Â 387,1.0,-1.0,-1.0,1647773,2.0,7,,0.0,2.0,3.0,B01,138Â 293Â 387,1.0
965461,201900006992,8,9,14:00,1,1,1,1.0,6.0,62760,Route Nationale,M,"50,6104730","2,1064180",62,2019,80.0,1.0,1.0,3.0,2158003,7.0,2,1,2,5.0,,0.0,0,2004.0,B01,138Â 293Â 387,1.0,-1.0,-1.0,1647774,1.0,7,,0.0,2.0,3.0,A01,138Â 293Â 388,2.0
965461,201900006992,8,9,14:00,1,1,1,1.0,6.0,62760,Route Nationale,M,"50,6104730","2,1064180",62,2019,80.0,1.0,1.0,3.0,2158004,2.0,2,1,2,5.0,,0.0,0,1978.0,B01,138Â 293Â 387,1.0,-1.0,-1.0,1647773,2.0,7,,0.0,2.0,3.0,B01,138Â 293Â 387,1.0
965461,201900006992,8,9,14:00,1,1,1,1.0,6.0,62760,Route Nationale,M,"50,6104730","2,1064180",62,2019,80.0,1.0,1.0,3.0,2158004,2.0,2,1,2,5.0,,0.0,0,1978.0,B01,138Â 293Â 387,1.0,-1.0,-1.0,1647774,1.0,7,,0.0,2.0,3.0,A01,138Â 293Â 388,2.0
965461,201900006992,8,9,14:00,1,1,1,1.0,6.0,62760,Route Nationale,M,"50,6104730","2,1064180",62,2019,80.0,1.0,1.0,3.0,2158005,1.0,1,1,2,5.0,,0.0,0,1976.0,B01,138Â 293Â 387,1.0,-1.0,-1.0,1647773,2.0,7,,0.0,2.0,3.0,B01,138Â 293Â 387,1.0
965461,201900006992,8,9,14:00,1,1,1,1.0,6.0,62760,Route Nationale,M,"50,6104730","2,1064180",62,2019,80.0,1.0,1.0,3.0,2158005,1.0,1,1,2,5.0,,0.0,0,1976.0,B01,138Â 293Â 387,1.0,-1.0,-1.0,1647774,1.0,7,,0.0,2.0,3.0,A01,138Â 293Â 388,2.0
965461,201900006992,8,9,14:00,1,1,1,1.0,6.0,62760,Route Nationale,M,"50,6104730","2,1064180",62,2019,80.0,1.0,1.0,3.0,2158006,1.0,1,3,2,5.0,,0.0,0,1940.0,A01,138Â 293Â 388,1.0,-1.0,-1.0,1647773,2.0,7,,0.0,2.0,3.0,B01,138Â 293Â 387,1.0
965461,201900006992,8,9,14:00,1,1,1,1.0,6.0,62760,Route Nationale,M,"50,6104730","2,1064180",62,2019,80.0,1.0,1.0,3.0,2158006,1.0,1,3,2,5.0,,0.0,0,1940.0,A01,138Â 293Â 388,1.0,-1.0,-1.0,1647774,1.0,7,,0.0,2.0,3.0,A01,138Â 293Â 388,2.0
965462,201900006993,8,12,04:55,3,1,1,5.0,6.0,74109,A40,M,"46,0799981","5,8427424",74,2019,130.0,3.0,1.0,1.0,2158007,2.0,2,3,2,5.0,,0.0,0,1983.0,A01,138Â 293Â 386,1.0,-1.0,-1.0,1647775,2.0,7,,15.0,0.0,1.0,A01,138Â 293Â 386,1.0
965462,201900006993,8,12,04:55,3,1,1,5.0,6.0,74109,A40,M,"46,0799981","5,8427424",74,2019,130.0,3.0,1.0,1.0,2158008,7.0,2,1,1,5.0,,0.0,0,2017.0,A01,138Â 293Â 386,1.0,3.0,-1.0,1647775,2.0,7,,15.0,0.0,1.0,A01,138Â 293Â 386,1.0
965462,201900006993,8,12,04:55,3,1,1,5.0,6.0,74109,A40,M,"46,0799981","5,8427424",74,2019,130.0,3.0,1.0,1.0,2158009,1.0,1,3,1,5.0,,0.0,0,1982.0,A01,138Â 293Â 386,1.0,-1.0,-1.0,1647775,2.0,7,,15.0,0.0,1.0,A01,138Â 293Â 386,1.0
965462,201900006993,8,12,04:55,3,1,1,5.0,6.0,74109,A40,M,"46,0799981","5,8427424",74,2019,130.0,3.0,1.0,1.0,2158010,9.0,2,1,2,5.0,,0.0,0,2014.0,A01,138Â 293Â 386,1.0,-1.0,-1.0,1647775,2.0,7,,15.0,0.0,1.0,A01,138Â 293Â 386,1.0
965463,201900006994,8,10,19:47,2,1,1,1.0,6.0,68315,RD431,M,"47,8641840","7,1279070",68,2019,80.0,1.0,2.0,3.0,2158011,1.0,1,3,1,5.0,,0.0,0,1977.0,A01,138Â 293Â 384,2.0,6.0,-1.0,1647776,1.0,33,,0.0,0.0,5.0,A01,138Â 293Â 384,1.0
965463,201900006994,8,10,19:47,2,1,1,1.0,6.0,68315,RD431,M,"47,8641840","7,1279070",68,2019,80.0,1.0,2.0,3.0,2158011,1.0,1,3,1,5.0,,0.0,0,1977.0,A01,138Â 293Â 384,2.0,6.0,-1.0,1647777,1.0,33,,0.0,0.0,0.0,B01,138Â 293Â 385,1.0
965463,201900006994,8,10,19:47,2,1,1,1.0,6.0,68315,RD431,M,"47,8641840","7,1279070",68,2019,80.0,1.0,2.0,3.0,2158012,1.0,1,1,1,5.0,,0.0,0,1971.0,B01,138Â 293Â 385,2.0,6.0,-1.0,1647776,1.0,33,,0.0,0.0,5.0,A01,138Â 293Â 384,1.0
965463,201900006994,8,10,19:47,2,1,1,1.0,6.0,68315,RD431,M,"47,8641840","7,1279070",68,2019,80.0,1.0,2.0,3.0,2158012,1.0,1,1,1,5.0,,0.0,0,1971.0,B01,138Â 293Â 385,2.0,6.0,-1.0,1647777,1.0,33,,0.0,0.0,0.0,B01,138Â 293Â 385,1.0
965464,201900006995,8,10,17:10,1,1,1,1.0,6.0,33552,DÃ©partementale D214,M,"44,6494000"," -0,4257600",33,2019,80.0,3.0,1.0,3.0,2158013,1.0,1,3,1,1.0,,0.0,0,2000.0,A01,138Â 293Â 383,2.0,6.0,-1.0,1647778,1.0,33,,8.0,0.0,1.0,A01,138Â 293Â 383,1.0
965465,201900006996,8,9,12:00,1,2,3,1.0,2.0,34111,avenue de nimes,M,"43,9382070","3,7136620",34,2019,50.0,1.0,1.0,3.0,2158014,1.0,1,1,2,3.0,,0.0,0,1949.0,B01,138Â 293Â 381,1.0,-1.0,-1.0,1647779,1.0,7,,0.0,2.0,1.0,B01,138Â 293Â 381,1.0
965465,201900006996,8,9,12:00,1,2,3,1.0,2.0,34111,avenue de nimes,M,"43,9382070","3,7136620",34,2019,50.0,1.0,1.0,3.0,2158014,1.0,1,1,2,3.0,,0.0,0,1949.0,B01,138Â 293Â 381,1.0,-1.0,-1.0,1647780,1.0,2,,0.0,0.0,4.0,A01,138Â 293Â 382,1.0
965465,201900006996,8,9,12:00,1,2,3,1.0,2.0,34111,avenue de nimes,M,"43,9382070","3,7136620",34,2019,50.0,1.0,1.0,3.0,2158015,1.0,1,3,2,3.0,,0.0,0,1961.0,A01,138Â 293Â 382,2.0,6.0,-1.0,1647779,1.0,7,,0.0,2.0,1.0,B01,138Â 293Â 381,1.0
965465,201900006996,8,9,12:00,1,2,3,1.0,2.0,34111,avenue de nimes,M,"43,9382070","3,7136620",34,2019,50.0,1.0,1.0,3.0,2158015,1.0,1,3,2,3.0,,0.0,0,1961.0,A01,138Â 293Â 382,2.0,6.0,-1.0,1647780,1.0,2,,0.0,0.0,4.0,A01,138Â 293Â 382,1.0
965466,201900006997,8,12,13:00,1,1,1,1.0,6.0,22354,"Route nationale 12, sens BREST-RENNES, PR99+150",M,"48,5697280"," -3,2746640",22,2019,110.0,3.0,1.0,2.0,2158016,1.0,1,1,1,5.0,,0.0,0,2000.0,A01,138Â 293Â 377,1.0,-1.0,-1.0,1647781,2.0,10,,13.0,0.0,9.0,A01,138Â 293Â 377,1.0
965466,201900006997,8,12,13:00,1,1,1,1.0,6.0,22354,"Route nationale 12, sens BREST-RENNES, PR99+150",M,"48,5697280"," -3,2746640",22,2019,110.0,3.0,1.0,2.0,2158017,3.0,2,4,1,5.0,,0.0,0,2000.0,A01,138Â 293Â 377,1.0,-1.0,-1.0,1647781,2.0,10,,13.0,0.0,9.0,A01,138Â 293Â 377,1.0
965466,201900006997,8,12,13:00,1,1,1,1.0,6.0,22354,"Route nationale 12, sens BREST-RENNES, PR99+150",M,"48,5697280"," -3,2746640",22,2019,110.0,3.0,1.0,2.0,2158018,2.0,2,4,1,5.0,,0.0,0,1999.0,A01,138Â 293Â 377,1.0,-1.0,-1.0,1647781,2.0,10,,13.0,0.0,9.0,A01,138Â 293Â 377,1.0
965467,201900006998,8,11,12:05,1,1,1,3.0,1.0,17297,pont ile de RÃ©,M,"46,1659240"," -1,2528950",17,2019,80.0,1.0,2.0,3.0,2158019,1.0,1,1,1,5.0,,0.0,0,1969.0,B01,138Â 293Â 375,1.0,-1.0,-1.0,1647782,2.0,7,,0.0,2.0,3.0,B01,138Â 293Â 375,1.0
965467,201900006998,8,11,12:05,1,1,1,3.0,1.0,17297,pont ile de RÃ©,M,"46,1659240"," -1,2528950",17,2019,80.0,1.0,2.0,3.0,2158019,1.0,1,1,1,5.0,,0.0,0,1969.0,B01,138Â 293Â 375,1.0,-1.0,-1.0,1647783,1.0,2,,0.0,2.0,0.0,A01,138Â 293Â 376,1.0
965467,201900006998,8,11,12:05,1,1,1,3.0,1.0,17297,pont ile de RÃ©,M,"46,1659240"," -1,2528950",17,2019,80.0,1.0,2.0,3.0,2158020,2.0,2,1,2,5.0,,0.0,0,1970.0,B01,138Â 293Â 375,1.0,-1.0,-1.0,1647782,2.0,7,,0.0,2.0,3.0,B01,138Â 293Â 375,1.0
965467,201900006998,8,11,12:05,1,1,1,3.0,1.0,17297,pont ile de RÃ©,M,"46,1659240"," -1,2528950",17,2019,80.0,1.0,2.0,3.0,2158020,2.0,2,1,2,5.0,,0.0,0,1970.0,B01,138Â 293Â 375,1.0,-1.0,-1.0,1647783,1.0,2,,0.0,2.0,0.0,A01,138Â 293Â 376,1.0
965467,201900006998,8,11,12:05,1,1,1,3.0,1.0,17297,pont ile de RÃ©,M,"46,1659240"," -1,2528950",17,2019,80.0,1.0,2.0,3.0,2158021,1.0,1,2,1,9.0,,0.0,0,2002.0,A01,138Â 293Â 376,2.0,6.0,-1.0,1647782,2.0,7,,0.0,2.0,3.0,B01,138Â 293Â 375,1.0
965467,201900006998,8,11,12:05,1,1,1,3.0,1.0,17297,pont ile de RÃ©,M,"46,1659240"," -1,2528950",17,2019,80.0,1.0,2.0,3.0,2158021,1.0,1,2,1,9.0,,0.0,0,2002.0,A01,138Â 293Â 376,2.0,6.0,-1.0,1647783,1.0,2,,0.0,2.0,0.0,A01,138Â 293Â 376,1.0
965468,201900006999,8,12,08:40,1,2,9,1.0,7.0,01160,rue du Jura,M,"46,2580560","6,1136230",1,2019,50.0,4.0,1.0,3.0,2158022,1.0,1,1,1,4.0,,0.0,0,1968.0,A01,138Â 293Â 374,1.0,-1.0,-1.0,1647784,2.0,37,1.0,7.0,1.0,2.0,A01,138Â 293Â 374,1.0
965468,201900006999,8,12,08:40,1,2,9,1.0,7.0,01160,rue du Jura,M,"46,2580560","6,1136230",1,2019,50.0,4.0,1.0,3.0,2158023,10.0,3,4,2,5.0,,5.0,8,1970.0,A01,138Â 293Â 374,0.0,-1.0,-1.0,1647784,2.0,37,1.0,7.0,1.0,2.0,A01,138Â 293Â 374,1.0
965469,201900007000,8,11,15:30,1,1,3,1.0,3.0,44197,Le Haut Queneux,M,"47,7388420"," -1,5311031",44,2019,-1.0,1.0,1.0,4.0,2158024,1.0,1,4,2,5.0,,0.0,0,1985.0,A01,138Â 293Â 370,1.0,-1.0,-1.0,1647785,0.0,7,,0.0,2.0,1.0,A01,138Â 293Â 370,1.0
965469,201900007000,8,11,15:30,1,1,3,1.0,3.0,44197,Le Haut Queneux,M,"47,7388420"," -1,5311031",44,2019,-1.0,1.0,1.0,4.0,2158024,1.0,1,4,2,5.0,,0.0,0,1985.0,A01,138Â 293Â 370,1.0,-1.0,-1.0,1647786,0.0,7,,0.0,0.0,7.0,B01,138Â 293Â 371,1.0
965469,201900007000,8,11,15:30,1,1,3,1.0,3.0,44197,Le Haut Queneux,M,"47,7388420"," -1,5311031",44,2019,-1.0,1.0,1.0,4.0,2158025,2.0,2,3,2,5.0,,0.0,0,1948.0,B01,138Â 293Â 371,1.0,-1.0,-1.0,1647785,0.0,7,,0.0,2.0,1.0,A01,138Â 293Â 370,1.0
965469,201900007000,8,11,15:30,1,1,3,1.0,3.0,44197,Le Haut Queneux,M,"47,7388420"," -1,5311031",44,2019,-1.0,1.0,1.0,4.0,2158025,2.0,2,3,2,5.0,,0.0,0,1948.0,B01,138Â 293Â 371,1.0,-1.0,-1.0,1647786,0.0,7,,0.0,0.0,7.0,B01,138Â 293Â 371,1.0
965469,201900007000,8,11,15:30,1,1,3,1.0,3.0,44197,Le Haut Queneux,M,"47,7388420"," -1,5311031",44,2019,-1.0,1.0,1.0,4.0,2158026,1.0,1,4,1,5.0,,0.0,0,1949.0,B01,138Â 293Â 371,1.0,-1.0,-1.0,1647785,0.0,7,,0.0,2.0,1.0,A01,138Â 293Â 370,1.0
965469,201900007000,8,11,15:30,1,1,3,1.0,3.0,44197,Le Haut Queneux,M,"47,7388420"," -1,5311031",44,2019,-1.0,1.0,1.0,4.0,2158026,1.0,1,4,1,5.0,,0.0,0,1949.0,B01,138Â 293Â 371,1.0,-1.0,-1.0,1647786,0.0,7,,0.0,0.0,7.0,B01,138Â 293Â 371,1.0
965470,201900007001,8,12,00:10,3,1,1,1.0,6.0,41255,La Ronce,M,"47,7484040","0,7726280",41,2019,80.0,8.0,1.0,3.0,2158027,1.0,1,2,1,5.0,,0.0,0,1967.0,A01,138Â 293Â 368,2.0,-1.0,-1.0,1647787,1.0,36,,13.0,0.0,1.0,A01,138Â 293Â 368,1.0
965471,201900007002,8,10,06:35,3,1,1,1.0,6.0,37179,A10 sens TOURS/PARIS Ã  l'Ã©changeur A10/A28,M,"47,4481500","0,7424370",37,2019,130.0,2.0,1.0,1.0,2158028,2.0,2,3,2,5.0,,0.0,0,1964.0,A01,138Â 293Â 367,1.0,-1.0,-1.0,1647788,2.0,7,,3.0,0.0,1.0,A01,138Â 293Â 367,1.0
965471,201900007002,8,10,06:35,3,1,1,1.0,6.0,37179,A10 sens TOURS/PARIS Ã  l'Ã©changeur A10/A28,M,"47,4481500","0,7424370",37,2019,130.0,2.0,1.0,1.0,2158029,9.0,2,1,1,5.0,,0.0,0,2005.0,A01,138Â 293Â 367,1.0,-1.0,-1.0,1647788,2.0,7,,3.0,0.0,1.0,A01,138Â 293Â 367,1.0
965471,201900007002,8,10,06:35,3,1,1,1.0,6.0,37179,A10 sens TOURS/PARIS Ã  l'Ã©changeur A10/A28,M,"47,4481500","0,7424370",37,2019,130.0,2.0,1.0,1.0,2158030,1.0,1,1,1,5.0,,0.0,0,1960.0,A01,138Â 293Â 367,1.0,-1.0,-1.0,1647788,2.0,7,,3.0,0.0,1.0,A01,138Â 293Â 367,1.0
965471,201900007002,8,10,06:35,3,1,1,1.0,6.0,37179,A10 sens TOURS/PARIS Ã  l'Ã©changeur A10/A28,M,"47,4481500","0,7424370",37,2019,130.0,2.0,1.0,1.0,2158031,7.0,2,1,1,5.0,,0.0,0,2003.0,A01,138Â 293Â 367,1.0,-1.0,-1.0,1647788,2.0,7,,3.0,0.0,1.0,A01,138Â 293Â 367,1.0
965472,201900007003,8,10,16:55,1,2,3,7.0,3.0,74267,1080 Route d'Albertville (SÃ©vrier),M,"45,8743815","6,1414966",74,2019,50.0,1.0,1.0,3.0,2158032,1.0,1,1,2,5.0,,0.0,0,1975.0,A01,138Â 293Â 365,1.0,-1.0,-1.0,1647789,1.0,7,,0.0,2.0,3.0,A01,138Â 293Â 365,1.0
965472,201900007003,8,10,16:55,1,2,3,7.0,3.0,74267,1080 Route d'Albertville (SÃ©vrier),M,"45,8743815","6,1414966",74,2019,50.0,1.0,1.0,3.0,2158032,1.0,1,1,2,5.0,,0.0,0,1975.0,A01,138Â 293Â 365,1.0,-1.0,-1.0,1647790,2.0,2,,0.0,2.0,1.0,B01,138Â 293Â 366,1.0
965472,201900007003,8,10,16:55,1,2,3,7.0,3.0,74267,1080 Route d'Albertville (SÃ©vrier),M,"45,8743815","6,1414966",74,2019,50.0,1.0,1.0,3.0,2158033,1.0,1,3,1,5.0,,0.0,0,2001.0,B01,138Â 293Â 366,2.0,-1.0,-1.0,1647789,1.0,7,,0.0,2.0,3.0,A01,138Â 293Â 365,1.0
965472,201900007003,8,10,16:55,1,2,3,7.0,3.0,74267,1080 Route d'Albertville (SÃ©vrier),M,"45,8743815","6,1414966",74,2019,50.0,1.0,1.0,3.0,2158033,1.0,1,3,1,5.0,,0.0,0,2001.0,B01,138Â 293Â 366,2.0,-1.0,-1.0,1647790,2.0,2,,0.0,2.0,1.0,B01,138Â 293Â 366,1.0
965473,201900007004,8,12,14:05,1,2,9,1.0,2.0,2B305,Pietranera,M,"42,7201870","9,4543710",2B,2019,30.0,1.0,1.0,3.0,2158034,1.0,1,4,1,1.0,,0.0,0,1985.0,B01,138Â 293Â 363,2.0,6.0,-1.0,1647791,1.0,34,,0.0,2.0,1.0,B01,138Â 293Â 363,1.0
965473,201900007004,8,12,14:05,1,2,9,1.0,2.0,2B305,Pietranera,M,"42,7201870","9,4543710",2B,2019,30.0,1.0,1.0,3.0,2158034,1.0,1,4,1,1.0,,0.0,0,1985.0,B01,138Â 293Â 363,2.0,6.0,-1.0,1647792,1.0,7,,0.0,0.0,6.0,A01,138Â 293Â 364,1.0
965473,201900007004,8,12,14:05,1,2,9,1.0,2.0,2B305,Pietranera,M,"42,7201870","9,4543710",2B,2019,30.0,1.0,1.0,3.0,2158035,1.0,1,1,1,0.0,,0.0,0,1974.0,A01,138Â 293Â 364,1.0,-1.0,-1.0,1647791,1.0,34,,0.0,2.0,1.0,B01,138Â 293Â 363,1.0
965473,201900007004,8,12,14:05,1,2,9,1.0,2.0,2B305,Pietranera,M,"42,7201870","9,4543710",2B,2019,30.0,1.0,1.0,3.0,2158035,1.0,1,1,1,0.0,,0.0,0,1974.0,A01,138Â 293Â 364,1.0,-1.0,-1.0,1647792,1.0,7,,0.0,0.0,6.0,A01,138Â 293Â 364,1.0
965474,201900007005,8,11,14:55,1,1,1,1.0,7.0,80585,D930C,M,"49,7711030","2,9386360",80,2019,80.0,1.0,1.0,3.0,2158036,1.0,1,4,1,5.0,,0.0,0,1999.0,A01,138Â 293Â 362,2.0,6.0,9.0,1647793,2.0,33,,0.0,0.0,7.0,A01,138Â 293Â 362,1.0
965475,201900007006,8,10,14:50,1,1,1,1.0,6.0,71368,Les Pelletiers,M,"47,0505450","4,2945310",71,2019,80.0,3.0,1.0,4.0,2158037,1.0,1,3,2,1.0,,0.0,0,1962.0,A01,138Â 293Â 361,1.0,-1.0,-1.0,1647794,3.0,7,,2.0,0.0,1.0,A01,138Â 293Â 361,1.0
965476,201900007007,8,12,10:30,1,2,1,1.0,6.0,63186,Laschamps,M,"45,8839220","2,6834390",63,2019,50.0,1.0,1.0,3.0,2158038,1.0,1,1,1,4.0,,0.0,0,1957.0,A01,138Â 293Â 359,1.0,-1.0,-1.0,1647795,1.0,15,,0.0,1.0,1.0,A01,138Â 293Â 359,1.0
965476,201900007007,8,12,10:30,1,2,1,1.0,6.0,63186,Laschamps,M,"45,8839220","2,6834390",63,2019,50.0,1.0,1.0,3.0,2158039,10.0,3,3,2,5.0,,1.0,3,2014.0,A01,138Â 293Â 359,0.0,-1.0,-1.0,1647795,1.0,15,,0.0,1.0,1.0,A01,138Â 293Â 359,1.0
965477,201900007008,8,11,16:35,1,2,1,1.0,7.0,68041,rue de l'Ã©tang,M,"47,8875030","7,5471910",68,2019,50.0,3.0,1.0,4.0,2158040,1.0,1,1,1,5.0,,0.0,0,1962.0,A01,138Â 293Â 358,2.0,6.0,-1.0,1647796,1.0,33,,0.0,0.0,9.0,A01,138Â 293Â 358,1.0