Unnamed: 0_x,num_acc,mois,jour,hrmn,lum,agg,int,atm,col,com,adr,gps,lat,long,dep,annee,vma,situ,surf,catr,Unnamed: 0_y,place,catu,grav,sexe,trajet,secu,locp,actp,an_nais,num_veh_x,id_vehicule_x,secu1,secu2,secu3,Unnamed: 0,senc,catv,occutc,obs,obsm,choc,num_veh_y,id_vehicule_y,motor
965477,201900007008,8,11,16:35,1,2,1,1.0,7.0,68041,rue de l'Ã©tang,M,"47,8875030","7,5471910",68,2019,50.0,3.0,1.0,4.0,2158041,2.0,2,4,2,5.0,,0.0,0,1963.0,A01,138Â 293Â 358,2.0,6.0,-1.0,1647796,1.0,33,,0.0,0.0,9.0,A01,138Â 293Â 358,1.0
965478,201900007009,8,11,07:00,1,2,3,1.0,6.0,35034,Rue de la croi x bouessÃ©e,M,"48,5123712"," -1,6605537",35,2019,50.0,1.0,1.0,3.0,2158042,1.0,1,1,1,5.0,,0.0,0,1995.0,A01,138Â 293Â 357,1.0,-1.0,-1.0,1647797,1.0,7,,6.0,0.0,2.0,A01,138Â 293Â 357,1.0
965478,201900007009,8,11,07:00,1,2,3,1.0,6.0,35034,Rue de la croi x bouessÃ©e,M,"48,5123712"," -1,6605537",35,2019,50.0,1.0,1.0,3.0,2158043,2.0,2,3,2,5.0,,0.0,0,2003.0,A01,138Â 293Â 357,1.0,-1.0,-1.0,1647797,1.0,7,,6.0,0.0,2.0,A01,138Â 293Â 357,1.0
965478,201900007009,8,11,07:00,1,2,3,1.0,6.0,35034,Rue de la croi x bouessÃ©e,M,"48,5123712"," -1,6605537",35,2019,50.0,1.0,1.0,3.0,2158044,7.0,2,3,2,5.0,,0.0,0,2002.0,A01,138Â 293Â 357,1.0,-1.0,-1.0,1647797,1.0,7,,6.0,0.0,2.0,A01,138Â 293Â 357,1.0
965478,201900007009,8,11,07:00,1,2,3,1.0,6.0,35034,Rue de la croi x bouessÃ©e,M,"48,5123712"," -1,6605537",35,2019,50.0,1.0,1.0,3.0,2158045,9.0,2,1,1,5.0,,0.0,0,2002.0,A01,138Â 293Â 357,1.0,-1.0,-1.0,1647797,1.0,7,,6.0,0.0,2.0,A01,138Â 293Â 357,1.0
965479,201900007010,8,10,11:30,1,2,1,1.0,6.0,31470,Village,M,"42,8066660","0,5484170",31,2019,50.0,1.0,1.0,4.0,2158046,1.0,1,3,1,5.0,,0.0,0,2012.0,A01,138Â 293Â 356,2.0,-1.0,-1.0,1647798,0.0,1,,6.0,0.0,1.0,A01,138Â 293Â 356,5.0
965480,201900007011,8,11,22:00,5,2,1,1.0,7.0,02318,Rue Bernard LefÃ¨vre,M,"49,5498090","3,2856550",2,2019,50.0,8.0,1.0,3.0,2158047,1.0,1,4,1,5.0,,0.0,0,1991.0,A01,138Â 293Â 355,2.0,6.0,-1.0,1647799,1.0,2,,0.0,0.0,0.0,A01,138Â 293Â 355,1.0
965481,201900007012,8,11,22:50,3,1,1,1.0,1.0,26314,Route de Tersanne,M,"45,2214290","4,9928050",26,2019,80.0,1.0,1.0,3.0,2158048,1.0,1,3,1,5.0,,0.0,0,2000.0,B01,138Â 293Â 353,2.0,6.0,-1.0,1647800,1.0,2,,0.0,2.0,1.0,B01,138Â 293Â 353,1.0
965481,201900007012,8,11,22:50,3,1,1,1.0,1.0,26314,Route de Tersanne,M,"45,2214290","4,9928050",26,2019,80.0,1.0,1.0,3.0,2158048,1.0,1,3,1,5.0,,0.0,0,2000.0,B01,138Â 293Â 353,2.0,6.0,-1.0,1647801,1.0,2,,0.0,2.0,1.0,A01,138Â 293Â 354,1.0
965481,201900007012,8,11,22:50,3,1,1,1.0,1.0,26314,Route de Tersanne,M,"45,2214290","4,9928050",26,2019,80.0,1.0,1.0,3.0,2158049,1.0,1,3,1,5.0,,0.0,0,2003.0,A01,138Â 293Â 354,2.0,6.0,-1.0,1647800,1.0,2,,0.0,2.0,1.0,B01,138Â 293Â 353,1.0
965481,201900007012,8,11,22:50,3,1,1,1.0,1.0,26314,Route de Tersanne,M,"45,2214290","4,9928050",26,2019,80.0,1.0,1.0,3.0,2158049,1.0,1,3,1,5.0,,0.0,0,2003.0,A01,138Â 293Â 354,2.0,6.0,-1.0,1647801,1.0,2,,0.0,2.0,1.0,A01,138Â 293Â 354,1.0
965482,201900007013,8,8,18:20,1,1,1,1.0,7.0,54073,D904,M,"48,6384180","5,9056810",54,2019,70.0,3.0,1.0,3.0,2158050,1.0,1,3,1,5.0,,0.0,0,1974.0,A01,138Â 293Â 352,2.0,6.0,4.0,1647802,1.0,33,,0.0,0.0,3.0,A01,138Â 293Â 352,0.0
965483,201900007014,8,12,17:30,1,1,1,1.0,1.0,14726,LE COTENTIN (ChÃªnedollÃ©),M,"48,8519200"," -0,6767000",14,2019,80.0,1.0,1.0,3.0,2158051,1.0,1,4,1,5.0,,0.0,0,1945.0,A01,138Â 293Â 350,1.0,-1.0,-1.0,1647803,1.0,7,,13.0,2.0,3.0,A01,138Â 293Â 350,1.0
965483,201900007014,8,12,17:30,1,1,1,1.0,1.0,14726,LE COTENTIN (ChÃªnedollÃ©),M,"48,8519200"," -0,6767000",14,2019,80.0,1.0,1.0,3.0,2158051,1.0,1,4,1,5.0,,0.0,0,1945.0,A01,138Â 293Â 350,1.0,-1.0,-1.0,1647804,2.0,7,,0.0,2.0,3.0,B01,138Â 293Â 351,1.0
965483,201900007014,8,12,17:30,1,1,1,1.0,1.0,14726,LE COTENTIN (ChÃªnedollÃ©),M,"48,8519200"," -0,6767000",14,2019,80.0,1.0,1.0,3.0,2158052,2.0,2,1,2,5.0,,0.0,0,1941.0,B01,138Â 293Â 351,1.0,-1.0,-1.0,1647803,1.0,7,,13.0,2.0,3.0,A01,138Â 293Â 350,1.0
965483,201900007014,8,12,17:30,1,1,1,1.0,1.0,14726,LE COTENTIN (ChÃªnedollÃ©),M,"48,8519200"," -0,6767000",14,2019,80.0,1.0,1.0,3.0,2158052,2.0,2,1,2,5.0,,0.0,0,1941.0,B01,138Â 293Â 351,1.0,-1.0,-1.0,1647804,2.0,7,,0.0,2.0,3.0,B01,138Â 293Â 351,1.0
965483,201900007014,8,12,17:30,1,1,1,1.0,1.0,14726,LE COTENTIN (ChÃªnedollÃ©),M,"48,8519200"," -0,6767000",14,2019,80.0,1.0,1.0,3.0,2158053,3.0,2,3,2,5.0,,0.0,0,1932.0,B01,138Â 293Â 351,1.0,-1.0,-1.0,1647803,1.0,7,,13.0,2.0,3.0,A01,138Â 293Â 350,1.0
965483,201900007014,8,12,17:30,1,1,1,1.0,1.0,14726,LE COTENTIN (ChÃªnedollÃ©),M,"48,8519200"," -0,6767000",14,2019,80.0,1.0,1.0,3.0,2158053,3.0,2,3,2,5.0,,0.0,0,1932.0,B01,138Â 293Â 351,1.0,-1.0,-1.0,1647804,2.0,7,,0.0,2.0,3.0,B01,138Â 293Â 351,1.0
965483,201900007014,8,12,17:30,1,1,1,1.0,1.0,14726,LE COTENTIN (ChÃªnedollÃ©),M,"48,8519200"," -0,6767000",14,2019,80.0,1.0,1.0,3.0,2158054,1.0,1,1,1,5.0,,0.0,0,1969.0,B01,138Â 293Â 351,1.0,-1.0,-1.0,1647803,1.0,7,,13.0,2.0,3.0,A01,138Â 293Â 350,1.0
965483,201900007014,8,12,17:30,1,1,1,1.0,1.0,14726,LE COTENTIN (ChÃªnedollÃ©),M,"48,8519200"," -0,6767000",14,2019,80.0,1.0,1.0,3.0,2158054,1.0,1,1,1,5.0,,0.0,0,1969.0,B01,138Â 293Â 351,1.0,-1.0,-1.0,1647804,2.0,7,,0.0,2.0,3.0,B01,138Â 293Â 351,1.0
965484,201900007015,8,10,19:10,1,1,1,1.0,7.0,14522,La Forge,M,"49,0791170","0,2482020",14,2019,80.0,1.0,1.0,3.0,2158055,1.0,1,3,1,5.0,,0.0,0,1994.0,A01,138Â 293Â 349,0.0,-1.0,-1.0,1647805,2.0,33,,0.0,0.0,0.0,A01,138Â 293Â 349,1.0
965485,201900007016,8,11,14:49,1,1,1,1.0,1.0,73096,RD 11,M,"45,5411899","6,0838412",73,2019,80.0,1.0,1.0,3.0,2158056,1.0,1,1,2,0.0,,0.0,0,1972.0,A01,138Â 293Â 347,1.0,-1.0,-1.0,1647806,1.0,7,,0.0,2.0,3.0,A01,138Â 293Â 347,1.0
965485,201900007016,8,11,14:49,1,1,1,1.0,1.0,73096,RD 11,M,"45,5411899","6,0838412",73,2019,80.0,1.0,1.0,3.0,2158056,1.0,1,1,2,0.0,,0.0,0,1972.0,A01,138Â 293Â 347,1.0,-1.0,-1.0,1647807,1.0,31,,0.0,2.0,1.0,B01,138Â 293Â 348,0.0
965485,201900007016,8,11,14:49,1,1,1,1.0,1.0,73096,RD 11,M,"45,5411899","6,0838412",73,2019,80.0,1.0,1.0,3.0,2158057,1.0,1,3,1,0.0,,0.0,0,1974.0,B01,138Â 293Â 348,2.0,-1.0,-1.0,1647806,1.0,7,,0.0,2.0,3.0,A01,138Â 293Â 347,1.0
965485,201900007016,8,11,14:49,1,1,1,1.0,1.0,73096,RD 11,M,"45,5411899","6,0838412",73,2019,80.0,1.0,1.0,3.0,2158057,1.0,1,3,1,0.0,,0.0,0,1974.0,B01,138Â 293Â 348,2.0,-1.0,-1.0,1647807,1.0,31,,0.0,2.0,1.0,B01,138Â 293Â 348,0.0
965486,201900007017,8,10,18:10,1,1,6,7.0,3.0,43152,RN 102 - Le Collet,M,"45,0694500","3,8589570",43,2019,80.0,1.0,1.0,2.0,2158058,1.0,1,4,2,0.0,,0.0,0,2003.0,B01,138Â 293Â 345,2.0,-1.0,-1.0,1647808,1.0,2,,0.0,2.0,1.0,B01,138Â 293Â 345,1.0
965486,201900007017,8,10,18:10,1,1,6,7.0,3.0,43152,RN 102 - Le Collet,M,"45,0694500","3,8589570",43,2019,80.0,1.0,1.0,2.0,2158058,1.0,1,4,2,0.0,,0.0,0,2003.0,B01,138Â 293Â 345,2.0,-1.0,-1.0,1647809,2.0,7,,0.0,2.0,8.0,A01,138Â 293Â 346,1.0
965486,201900007017,8,10,18:10,1,1,6,7.0,3.0,43152,RN 102 - Le Collet,M,"45,0694500","3,8589570",43,2019,80.0,1.0,1.0,2.0,2158059,1.0,1,1,2,0.0,,0.0,0,1957.0,A01,138Â 293Â 346,1.0,-1.0,-1.0,1647808,1.0,2,,0.0,2.0,1.0,B01,138Â 293Â 345,1.0
965486,201900007017,8,10,18:10,1,1,6,7.0,3.0,43152,RN 102 - Le Collet,M,"45,0694500","3,8589570",43,2019,80.0,1.0,1.0,2.0,2158059,1.0,1,1,2,0.0,,0.0,0,1957.0,A01,138Â 293Â 346,1.0,-1.0,-1.0,1647809,2.0,7,,0.0,2.0,8.0,A01,138Â 293Â 346,1.0
965487,201900007018,8,11,18:30,1,1,1,1.0,3.0,07132,volpilliare,M,"44,5315450","4,3113920",7,2019,80.0,1.0,1.0,4.0,2158060,1.0,1,4,1,5.0,,0.0,0,1947.0,B01,138Â 293Â 342,1.0,-1.0,-1.0,1647810,3.0,7,,0.0,2.0,8.0,B01,138Â 293Â 342,1.0
965487,201900007018,8,11,18:30,1,1,1,1.0,3.0,07132,volpilliare,M,"44,5315450","4,3113920",7,2019,80.0,1.0,1.0,4.0,2158060,1.0,1,4,1,5.0,,0.0,0,1947.0,B01,138Â 293Â 342,1.0,-1.0,-1.0,1647811,3.0,7,,0.0,2.0,3.0,A01,138Â 293Â 343,1.0
965487,201900007018,8,11,18:30,1,1,1,1.0,3.0,07132,volpilliare,M,"44,5315450","4,3113920",7,2019,80.0,1.0,1.0,4.0,2158061,1.0,1,1,1,5.0,,0.0,0,1996.0,A01,138Â 293Â 343,1.0,-1.0,-1.0,1647810,3.0,7,,0.0,2.0,8.0,B01,138Â 293Â 342,1.0
965487,201900007018,8,11,18:30,1,1,1,1.0,3.0,07132,volpilliare,M,"44,5315450","4,3113920",7,2019,80.0,1.0,1.0,4.0,2158061,1.0,1,1,1,5.0,,0.0,0,1996.0,A01,138Â 293Â 343,1.0,-1.0,-1.0,1647811,3.0,7,,0.0,2.0,3.0,A01,138Â 293Â 343,1.0
965488,201900007019,8,10,15:50,1,1,1,1.0,6.0,21472,D27,M,"47,5668080","5,2108190",21,2019,80.0,3.0,1.0,3.0,2158062,1.0,1,3,1,5.0,,0.0,0,1992.0,A01,138Â 293Â 341,2.0,6.0,-1.0,1647812,1.0,33,,13.0,0.0,1.0,A01,138Â 293Â 341,1.0
965489,201900007020,8,11,16:10,1,2,6,1.0,3.0,40282,Rue du Castallet,M,"43,7536080"," -0,5707110",40,2019,50.0,1.0,1.0,4.0,2158063,1.0,1,3,1,5.0,,0.0,0,1973.0,B01,138Â 293Â 339,0.0,-1.0,-1.0,1647813,0.0,1,,0.0,2.0,8.0,B01,138Â 293Â 339,5.0
965489,201900007020,8,11,16:10,1,2,6,1.0,3.0,40282,Rue du Castallet,M,"43,7536080"," -0,5707110",40,2019,50.0,1.0,1.0,4.0,2158063,1.0,1,3,1,5.0,,0.0,0,1973.0,B01,138Â 293Â 339,0.0,-1.0,-1.0,1647814,0.0,7,,0.0,2.0,7.0,A01,138Â 293Â 340,1.0
965489,201900007020,8,11,16:10,1,2,6,1.0,3.0,40282,Rue du Castallet,M,"43,7536080"," -0,5707110",40,2019,50.0,1.0,1.0,4.0,2158064,1.0,1,1,2,5.0,,0.0,0,1946.0,A01,138Â 293Â 340,1.0,-1.0,-1.0,1647813,0.0,1,,0.0,2.0,8.0,B01,138Â 293Â 339,5.0
965489,201900007020,8,11,16:10,1,2,6,1.0,3.0,40282,Rue du Castallet,M,"43,7536080"," -0,5707110",40,2019,50.0,1.0,1.0,4.0,2158064,1.0,1,1,2,5.0,,0.0,0,1946.0,A01,138Â 293Â 340,1.0,-1.0,-1.0,1647814,0.0,7,,0.0,2.0,7.0,A01,138Â 293Â 340,1.0
965490,201900007021,8,11,10:25,1,1,3,1.0,1.0,04132,RD 51 / RD 401,M,"44,0102750","5,6163640",4,2019,80.0,1.0,1.0,3.0,2158065,1.0,1,3,1,5.0,,0.0,0,1965.0,B01,138Â 293Â 337,2.0,-1.0,-1.0,1647815,1.0,1,,0.0,2.0,1.0,B01,138Â 293Â 337,5.0
965490,201900007021,8,11,10:25,1,1,3,1.0,1.0,04132,RD 51 / RD 401,M,"44,0102750","5,6163640",4,2019,80.0,1.0,1.0,3.0,2158065,1.0,1,3,1,5.0,,0.0,0,1965.0,B01,138Â 293Â 337,2.0,-1.0,-1.0,1647816,2.0,7,,0.0,2.0,1.0,A01,138Â 293Â 338,1.0
965490,201900007021,8,11,10:25,1,1,3,1.0,1.0,04132,RD 51 / RD 401,M,"44,0102750","5,6163640",4,2019,80.0,1.0,1.0,3.0,2158066,1.0,1,1,1,9.0,,0.0,0,1984.0,A01,138Â 293Â 338,1.0,-1.0,-1.0,1647815,1.0,1,,0.0,2.0,1.0,B01,138Â 293Â 337,5.0
965490,201900007021,8,11,10:25,1,1,3,1.0,1.0,04132,RD 51 / RD 401,M,"44,0102750","5,6163640",4,2019,80.0,1.0,1.0,3.0,2158066,1.0,1,1,1,9.0,,0.0,0,1984.0,A01,138Â 293Â 338,1.0,-1.0,-1.0,1647816,2.0,7,,0.0,2.0,1.0,A01,138Â 293Â 338,1.0
965491,201900007022,8,11,18:10,1,1,1,1.0,6.0,17464,RD 115,M,"46,0720410"," -0,5032050",17,2019,80.0,3.0,1.0,3.0,2158067,1.0,1,3,2,9.0,,0.0,0,1995.0,A01,138Â 293Â 332,1.0,-1.0,-1.0,1647817,1.0,7,,8.0,0.0,1.0,A01,138Â 293Â 332,1.0
965492,201900007023,8,12,08:45,1,2,2,1.0,3.0,17084,1 Route de Saint-Genis,M,"45,5110980"," -0,6367150",17,2019,50.0,1.0,2.0,4.0,2158068,1.0,1,3,1,1.0,,0.0,0,1990.0,A01,138Â 293Â 330,2.0,6.0,-1.0,1647818,2.0,2,,0.0,2.0,1.0,A01,138Â 293Â 330,1.0
965492,201900007023,8,12,08:45,1,2,2,1.0,3.0,17084,1 Route de Saint-Genis,M,"45,5110980"," -0,6367150",17,2019,50.0,1.0,2.0,4.0,2158068,1.0,1,3,1,1.0,,0.0,0,1990.0,A01,138Â 293Â 330,2.0,6.0,-1.0,1647819,3.0,10,,0.0,2.0,3.0,B01,138Â 293Â 331,1.0
965492,201900007023,8,12,08:45,1,2,2,1.0,3.0,17084,1 Route de Saint-Genis,M,"45,5110980"," -0,6367150",17,2019,50.0,1.0,2.0,4.0,2158069,1.0,1,1,1,4.0,,0.0,0,1992.0,B01,138Â 293Â 331,1.0,-1.0,-1.0,1647818,2.0,2,,0.0,2.0,1.0,A01,138Â 293Â 330,1.0
965492,201900007023,8,12,08:45,1,2,2,1.0,3.0,17084,1 Route de Saint-Genis,M,"45,5110980"," -0,6367150",17,2019,50.0,1.0,2.0,4.0,2158069,1.0,1,1,1,4.0,,0.0,0,1992.0,B01,138Â 293Â 331,1.0,-1.0,-1.0,1647819,3.0,10,,0.0,2.0,3.0,B01,138Â 293Â 331,1.0
965493,201900007024,8,12,17:30,1,1,3,1.0,3.0,30027,Route de LÃ©zan,M,"44,0623900","4,0674740",30,2019,70.0,1.0,1.0,3.0,2158070,1.0,1,1,1,0.0,,0.0,0,1959.0,A01,138Â 293Â 328,1.0,9.0,-1.0,1647820,1.0,7,,13.0,0.0,8.0,A01,138Â 293Â 328,1.0
965493,201900007024,8,12,17:30,1,1,3,1.0,3.0,30027,Route de LÃ©zan,M,"44,0623900","4,0674740",30,2019,70.0,1.0,1.0,3.0,2158070,1.0,1,1,1,0.0,,0.0,0,1959.0,A01,138Â 293Â 328,1.0,9.0,-1.0,1647821,1.0,33,,0.0,2.0,1.0,B01,138Â 293Â 329,1.0
965493,201900007024,8,12,17:30,1,1,3,1.0,3.0,30027,Route de LÃ©zan,M,"44,0623900","4,0674740",30,2019,70.0,1.0,1.0,3.0,2158071,2.0,2,1,2,0.0,,0.0,0,1960.0,A01,138Â 293Â 328,1.0,5.0,-1.0,1647820,1.0,7,,13.0,0.0,8.0,A01,138Â 293Â 328,1.0
965493,201900007024,8,12,17:30,1,1,3,1.0,3.0,30027,Route de LÃ©zan,M,"44,0623900","4,0674740",30,2019,70.0,1.0,1.0,3.0,2158071,2.0,2,1,2,0.0,,0.0,0,1960.0,A01,138Â 293Â 328,1.0,5.0,-1.0,1647821,1.0,33,,0.0,2.0,1.0,B01,138Â 293Â 329,1.0
965493,201900007024,8,12,17:30,1,1,3,1.0,3.0,30027,Route de LÃ©zan,M,"44,0623900","4,0674740",30,2019,70.0,1.0,1.0,3.0,2158072,1.0,1,3,1,5.0,,0.0,0,1963.0,B01,138Â 293Â 329,2.0,6.0,9.0,1647820,1.0,7,,13.0,0.0,8.0,A01,138Â 293Â 328,1.0
965493,201900007024,8,12,17:30,1,1,3,1.0,3.0,30027,Route de LÃ©zan,M,"44,0623900","4,0674740",30,2019,70.0,1.0,1.0,3.0,2158072,1.0,1,3,1,5.0,,0.0,0,1963.0,B01,138Â 293Â 329,2.0,6.0,9.0,1647821,1.0,33,,0.0,2.0,1.0,B01,138Â 293Â 329,1.0
965494,201900007025,8,12,05:30,3,1,1,2.0,7.0,48103,Route dÃ©partementale 1,M,"44,5511180","3,3431890",48,2019,80.0,3.0,2.0,3.0,2158073,1.0,1,3,1,1.0,,0.0,0,1979.0,A01,138Â 293Â 327,1.0,-1.0,-1.0,1647822,2.0,7,,0.0,0.0,1.0,A01,138Â 293Â 327,1.0
965495,201900007026,8,11,18:00,1,2,1,1.0,3.0,48051,RN 106 PR:006+500,M,"44,2451400","3,9228710",48,2019,50.0,1.0,1.0,2.0,2158074,1.0,1,4,1,0.0,,0.0,0,1990.0,B01,138Â 293Â 325,1.0,-1.0,-1.0,1647823,1.0,7,,0.0,0.0,3.0,B01,138Â 293Â 325,1.0
965495,201900007026,8,11,18:00,1,2,1,1.0,3.0,48051,RN 106 PR:006+500,M,"44,2451400","3,9228710",48,2019,50.0,1.0,1.0,2.0,2158074,1.0,1,4,1,0.0,,0.0,0,1990.0,B01,138Â 293Â 325,1.0,-1.0,-1.0,1647824,2.0,7,,0.0,2.0,3.0,A01,138Â 293Â 326,1.0
965495,201900007026,8,11,18:00,1,2,1,1.0,3.0,48051,RN 106 PR:006+500,M,"44,2451400","3,9228710",48,2019,50.0,1.0,1.0,2.0,2158075,2.0,2,4,2,0.0,,0.0,0,1987.0,B01,138Â 293Â 325,1.0,-1.0,-1.0,1647823,1.0,7,,0.0,0.0,3.0,B01,138Â 293Â 325,1.0
965495,201900007026,8,11,18:00,1,2,1,1.0,3.0,48051,RN 106 PR:006+500,M,"44,2451400","3,9228710",48,2019,50.0,1.0,1.0,2.0,2158075,2.0,2,4,2,0.0,,0.0,0,1987.0,B01,138Â 293Â 325,1.0,-1.0,-1.0,1647824,2.0,7,,0.0,2.0,3.0,A01,138Â 293Â 326,1.0
965495,201900007026,8,11,18:00,1,2,1,1.0,3.0,48051,RN 106 PR:006+500,M,"44,2451400","3,9228710",48,2019,50.0,1.0,1.0,2.0,2158076,1.0,1,3,1,0.0,,0.0,0,1951.0,A01,138Â 293Â 326,1.0,-1.0,-1.0,1647823,1.0,7,,0.0,0.0,3.0,B01,138Â 293Â 325,1.0
965495,201900007026,8,11,18:00,1,2,1,1.0,3.0,48051,RN 106 PR:006+500,M,"44,2451400","3,9228710",48,2019,50.0,1.0,1.0,2.0,2158076,1.0,1,3,1,0.0,,0.0,0,1951.0,A01,138Â 293Â 326,1.0,-1.0,-1.0,1647824,2.0,7,,0.0,2.0,3.0,A01,138Â 293Â 326,1.0
965495,201900007026,8,11,18:00,1,2,1,1.0,3.0,48051,RN 106 PR:006+500,M,"44,2451400","3,9228710",48,2019,50.0,1.0,1.0,2.0,2158077,2.0,2,1,2,0.0,,0.0,0,1955.0,A01,138Â 293Â 326,1.0,-1.0,-1.0,1647823,1.0,7,,0.0,0.0,3.0,B01,138Â 293Â 325,1.0
965495,201900007026,8,11,18:00,1,2,1,1.0,3.0,48051,RN 106 PR:006+500,M,"44,2451400","3,9228710",48,2019,50.0,1.0,1.0,2.0,2158077,2.0,2,1,2,0.0,,0.0,0,1955.0,A01,138Â 293Â 326,1.0,-1.0,-1.0,1647824,2.0,7,,0.0,2.0,3.0,A01,138Â 293Â 326,1.0
965496,201900007027,8,12,16:40,1,1,1,1.0,7.0,67212,RD221,M,"48,5516930","7,6515250",67,2019,50.0,3.0,1.0,7.0,2158078,1.0,1,3,1,5.0,,0.0,0,1969.0,A01,138Â 293Â 324,2.0,6.0,-1.0,1647825,3.0,33,,4.0,0.0,8.0,A01,138Â 293Â 324,1.0
965497,201900007028,8,11,23:40,3,1,9,2.0,7.0,69086,"A 89, bretelle de sortie NÂ°36",M,"45,8460900","4,6749950",69,2019,70.0,8.0,2.0,1.0,2158079,1.0,1,3,1,5.0,,0.0,0,1986.0,A01,138Â 293Â 323,8.0,-1.0,-1.0,1647826,0.0,7,,3.0,0.0,1.0,A01,138Â 293Â 323,6.0
965498,201900007029,8,11,23:29,3,1,1,2.0,6.0,69050,A89 pk 532.800,M,"45,8631200","4,6361300",69,2019,110.0,3.0,2.0,1.0,2158080,1.0,1,3,2,5.0,,0.0,0,1999.0,A01,138Â 293Â 322,1.0,-1.0,-1.0,1647827,1.0,7,,3.0,0.0,9.0,A01,138Â 293Â 322,1.0
965498,201900007029,8,11,23:29,3,1,1,2.0,6.0,69050,A89 pk 532.800,M,"45,8631200","4,6361300",69,2019,110.0,3.0,2.0,1.0,2158081,9.0,2,3,1,5.0,,0.0,0,2017.0,A01,138Â 293Â 322,3.0,-1.0,-1.0,1647827,1.0,7,,3.0,0.0,9.0,A01,138Â 293Â 322,1.0
965498,201900007029,8,11,23:29,3,1,1,2.0,6.0,69050,A89 pk 532.800,M,"45,8631200","4,6361300",69,2019,110.0,3.0,2.0,1.0,2158082,2.0,2,2,2,5.0,,0.0,0,1994.0,A01,138Â 293Â 322,0.0,-1.0,-1.0,1647827,1.0,7,,3.0,0.0,9.0,A01,138Â 293Â 322,1.0
965499,201900007030,8,11,17:30,1,1,1,1.0,6.0,31220,A 66 - PK 16.400,M,"43,3209395","1,6399401",31,2019,130.0,3.0,1.0,1.0,2158083,9.0,2,4,1,5.0,,0.0,0,2018.0,A01,138Â 293Â 321,3.0,-1.0,-1.0,1647828,2.0,7,,0.0,0.0,1.0,A01,138Â 293Â 321,1.0
965499,201900007030,8,11,17:30,1,1,1,1.0,6.0,31220,A 66 - PK 16.400,M,"43,3209395","1,6399401",31,2019,130.0,3.0,1.0,1.0,2158084,1.0,1,3,1,5.0,,0.0,0,1987.0,A01,138Â 293Â 321,1.0,-1.0,-1.0,1647828,2.0,7,,0.0,0.0,1.0,A01,138Â 293Â 321,1.0
965499,201900007030,8,11,17:30,1,1,1,1.0,6.0,31220,A 66 - PK 16.400,M,"43,3209395","1,6399401",31,2019,130.0,3.0,1.0,1.0,2158085,7.0,2,4,1,5.0,,0.0,0,2012.0,A01,138Â 293Â 321,1.0,-1.0,-1.0,1647828,2.0,7,,0.0,0.0,1.0,A01,138Â 293Â 321,1.0
965499,201900007030,8,11,17:30,1,1,1,1.0,6.0,31220,A 66 - PK 16.400,M,"43,3209395","1,6399401",31,2019,130.0,3.0,1.0,1.0,2158086,8.0,2,4,1,5.0,,0.0,0,2010.0,A01,138Â 293Â 321,1.0,-1.0,-1.0,1647828,2.0,7,,0.0,0.0,1.0,A01,138Â 293Â 321,1.0
965499,201900007030,8,11,17:30,1,1,1,1.0,6.0,31220,A 66 - PK 16.400,M,"43,3209395","1,6399401",31,2019,130.0,3.0,1.0,1.0,2158087,2.0,2,4,2,5.0,,0.0,0,1992.0,A01,138Â 293Â 321,1.0,-1.0,-1.0,1647828,2.0,7,,0.0,0.0,1.0,A01,138Â 293Â 321,1.0
965500,201900007031,8,11,16:05,1,1,1,1.0,7.0,38005,D526,M,"45,2081000","6,0448700",38,2019,80.0,1.0,1.0,3.0,2158088,1.0,1,3,1,5.0,,0.0,0,2000.0,A01,138Â 293Â 320,2.0,-1.0,-1.0,1647829,2.0,1,,14.0,0.0,0.0,A01,138Â 293Â 320,5.0
965501,201900007032,8,9,23:40,5,2,1,1.0,1.0,97103,rue Firmin Raghoumandan,M,"16,2496080"," -61,5918550",971,2019,50.0,1.0,1.0,3.0,2158089,1.0,1,1,1,5.0,,0.0,0,1976.0,B01,138Â 293Â 318,1.0,-1.0,-1.0,1647830,3.0,10,,0.0,2.0,2.0,B01,138Â 293Â 318,1.0
965501,201900007032,8,9,23:40,5,2,1,1.0,1.0,97103,rue Firmin Raghoumandan,M,"16,2496080"," -61,5918550",971,2019,50.0,1.0,1.0,3.0,2158089,1.0,1,1,1,5.0,,0.0,0,1976.0,B01,138Â 293Â 318,1.0,-1.0,-1.0,1647831,3.0,33,,0.0,2.0,1.0,A01,138Â 293Â 319,1.0
965501,201900007032,8,9,23:40,5,2,1,1.0,1.0,97103,rue Firmin Raghoumandan,M,"16,2496080"," -61,5918550",971,2019,50.0,1.0,1.0,3.0,2158090,2.0,2,1,2,5.0,,0.0,0,1983.0,B01,138Â 293Â 318,1.0,-1.0,-1.0,1647830,3.0,10,,0.0,2.0,2.0,B01,138Â 293Â 318,1.0
965501,201900007032,8,9,23:40,5,2,1,1.0,1.0,97103,rue Firmin Raghoumandan,M,"16,2496080"," -61,5918550",971,2019,50.0,1.0,1.0,3.0,2158090,2.0,2,1,2,5.0,,0.0,0,1983.0,B01,138Â 293Â 318,1.0,-1.0,-1.0,1647831,3.0,33,,0.0,2.0,1.0,A01,138Â 293Â 319,1.0