Unnamed: 0_x,num_acc,mois,jour,hrmn,lum,agg,int,atm,col,com,adr,gps,lat,long,dep,annee,vma,situ,surf,catr,Unnamed: 0_y,place,catu,grav,sexe,trajet,secu,locp,actp,an_nais,num_veh_x,id_vehicule_x,secu1,secu2,secu3,Unnamed: 0,senc,catv,occutc,obs,obsm,choc,num_veh_y,id_vehicule_y,motor
965501,201900007032,8,9,23:40,5,2,1,1.0,1.0,97103,rue Firmin Raghoumandan,M,"16,2496080"," -61,5918550",971,2019,50.0,1.0,1.0,3.0,2158091,1.0,1,3,1,5.0,,0.0,0,1991.0,A01,138Â 293Â 319,0.0,-1.0,-1.0,1647830,3.0,10,,0.0,2.0,2.0,B01,138Â 293Â 318,1.0
965501,201900007032,8,9,23:40,5,2,1,1.0,1.0,97103,rue Firmin Raghoumandan,M,"16,2496080"," -61,5918550",971,2019,50.0,1.0,1.0,3.0,2158091,1.0,1,3,1,5.0,,0.0,0,1991.0,A01,138Â 293Â 319,0.0,-1.0,-1.0,1647831,3.0,33,,0.0,2.0,1.0,A01,138Â 293Â 319,1.0
965502,201900007033,8,12,07:00,1,1,1,1.0,2.0,60024,A1 Pk 67.800 sens Lille Paris,M,"49,4084690","2,6937390",60,2019,130.0,1.0,1.0,1.0,2158092,2.0,2,1,1,5.0,,0.0,0,1998.0,A01,138Â 293Â 316,1.0,-1.0,-1.0,1647832,2.0,7,,3.0,0.0,4.0,A01,138Â 293Â 316,1.0
965502,201900007033,8,12,07:00,1,1,1,1.0,2.0,60024,A1 Pk 67.800 sens Lille Paris,M,"49,4084690","2,6937390",60,2019,130.0,1.0,1.0,1.0,2158092,2.0,2,1,1,5.0,,0.0,0,1998.0,A01,138Â 293Â 316,1.0,-1.0,-1.0,1647833,2.0,7,,3.0,2.0,1.0,B01,138Â 293Â 317,1.0
965502,201900007033,8,12,07:00,1,1,1,1.0,2.0,60024,A1 Pk 67.800 sens Lille Paris,M,"49,4084690","2,6937390",60,2019,130.0,1.0,1.0,1.0,2158093,1.0,1,4,2,5.0,,0.0,0,1999.0,A01,138Â 293Â 316,1.0,-1.0,-1.0,1647832,2.0,7,,3.0,0.0,4.0,A01,138Â 293Â 316,1.0
965502,201900007033,8,12,07:00,1,1,1,1.0,2.0,60024,A1 Pk 67.800 sens Lille Paris,M,"49,4084690","2,6937390",60,2019,130.0,1.0,1.0,1.0,2158093,1.0,1,4,2,5.0,,0.0,0,1999.0,A01,138Â 293Â 316,1.0,-1.0,-1.0,1647833,2.0,7,,3.0,2.0,1.0,B01,138Â 293Â 317,1.0
965502,201900007033,8,12,07:00,1,1,1,1.0,2.0,60024,A1 Pk 67.800 sens Lille Paris,M,"49,4084690","2,6937390",60,2019,130.0,1.0,1.0,1.0,2158094,1.0,1,4,2,0.0,,0.0,0,1997.0,B01,138Â 293Â 317,8.0,-1.0,-1.0,1647832,2.0,7,,3.0,0.0,4.0,A01,138Â 293Â 316,1.0
965502,201900007033,8,12,07:00,1,1,1,1.0,2.0,60024,A1 Pk 67.800 sens Lille Paris,M,"49,4084690","2,6937390",60,2019,130.0,1.0,1.0,1.0,2158094,1.0,1,4,2,0.0,,0.0,0,1997.0,B01,138Â 293Â 317,8.0,-1.0,-1.0,1647833,2.0,7,,3.0,2.0,1.0,B01,138Â 293Â 317,1.0
965502,201900007033,8,12,07:00,1,1,1,1.0,2.0,60024,A1 Pk 67.800 sens Lille Paris,M,"49,4084690","2,6937390",60,2019,130.0,1.0,1.0,1.0,2158095,2.0,2,4,2,5.0,,0.0,0,1992.0,B01,138Â 293Â 317,8.0,-1.0,-1.0,1647832,2.0,7,,3.0,0.0,4.0,A01,138Â 293Â 316,1.0
965502,201900007033,8,12,07:00,1,1,1,1.0,2.0,60024,A1 Pk 67.800 sens Lille Paris,M,"49,4084690","2,6937390",60,2019,130.0,1.0,1.0,1.0,2158095,2.0,2,4,2,5.0,,0.0,0,1992.0,B01,138Â 293Â 317,8.0,-1.0,-1.0,1647833,2.0,7,,3.0,2.0,1.0,B01,138Â 293Â 317,1.0
965502,201900007033,8,12,07:00,1,1,1,1.0,2.0,60024,A1 Pk 67.800 sens Lille Paris,M,"49,4084690","2,6937390",60,2019,130.0,1.0,1.0,1.0,2158096,7.0,2,4,2,5.0,,0.0,0,1990.0,B01,138Â 293Â 317,8.0,-1.0,-1.0,1647832,2.0,7,,3.0,0.0,4.0,A01,138Â 293Â 316,1.0
965502,201900007033,8,12,07:00,1,1,1,1.0,2.0,60024,A1 Pk 67.800 sens Lille Paris,M,"49,4084690","2,6937390",60,2019,130.0,1.0,1.0,1.0,2158096,7.0,2,4,2,5.0,,0.0,0,1990.0,B01,138Â 293Â 317,8.0,-1.0,-1.0,1647833,2.0,7,,3.0,2.0,1.0,B01,138Â 293Â 317,1.0
965503,201900007034,8,12,13:00,1,2,2,1.0,3.0,97311,avenue christophe colomb,M,"5,4930554"," -54,0314054",973,2019,50.0,1.0,1.0,3.0,2158097,1.0,1,3,1,0.0,,0.0,0,1995.0,B01,138Â 293Â 314,0.0,-1.0,-1.0,1647834,1.0,2,,0.0,2.0,1.0,B01,138Â 293Â 314,0.0
965503,201900007034,8,12,13:00,1,2,2,1.0,3.0,97311,avenue christophe colomb,M,"5,4930554"," -54,0314054",973,2019,50.0,1.0,1.0,3.0,2158097,1.0,1,3,1,0.0,,0.0,0,1995.0,B01,138Â 293Â 314,0.0,-1.0,-1.0,1647835,1.0,7,,0.0,2.0,7.0,A01,138Â 293Â 315,0.0
965503,201900007034,8,12,13:00,1,2,2,1.0,3.0,97311,avenue christophe colomb,M,"5,4930554"," -54,0314054",973,2019,50.0,1.0,1.0,3.0,2158098,1.0,1,1,2,5.0,,0.0,0,1985.0,A01,138Â 293Â 315,1.0,-1.0,-1.0,1647834,1.0,2,,0.0,2.0,1.0,B01,138Â 293Â 314,0.0
965503,201900007034,8,12,13:00,1,2,2,1.0,3.0,97311,avenue christophe colomb,M,"5,4930554"," -54,0314054",973,2019,50.0,1.0,1.0,3.0,2158098,1.0,1,1,2,5.0,,0.0,0,1985.0,A01,138Â 293Â 315,1.0,-1.0,-1.0,1647835,1.0,7,,0.0,2.0,7.0,A01,138Â 293Â 315,0.0
965504,201900007035,8,9,17:45,1,1,3,1.0,3.0,2A215,RT40,M,"41,5023320","9,0300980",2A,2019,80.0,1.0,1.0,2.0,2158099,1.0,1,4,2,3.0,,0.0,0,1960.0,B01,138Â 293Â 310,1.0,-1.0,-1.0,1647836,0.0,7,,0.0,2.0,7.0,B01,138Â 293Â 310,1.0
965504,201900007035,8,9,17:45,1,1,3,1.0,3.0,2A215,RT40,M,"41,5023320","9,0300980",2A,2019,80.0,1.0,1.0,2.0,2158099,1.0,1,4,2,3.0,,0.0,0,1960.0,B01,138Â 293Â 310,1.0,-1.0,-1.0,1647837,3.0,7,,0.0,2.0,2.0,A01,138Â 293Â 311,0.0
965504,201900007035,8,9,17:45,1,1,3,1.0,3.0,2A215,RT40,M,"41,5023320","9,0300980",2A,2019,80.0,1.0,1.0,2.0,2158100,1.0,1,1,1,0.0,,0.0,0,1930.0,A01,138Â 293Â 311,1.0,-1.0,-1.0,1647836,0.0,7,,0.0,2.0,7.0,B01,138Â 293Â 310,1.0
965504,201900007035,8,9,17:45,1,1,3,1.0,3.0,2A215,RT40,M,"41,5023320","9,0300980",2A,2019,80.0,1.0,1.0,2.0,2158100,1.0,1,1,1,0.0,,0.0,0,1930.0,A01,138Â 293Â 311,1.0,-1.0,-1.0,1647837,3.0,7,,0.0,2.0,2.0,A01,138Â 293Â 311,0.0
965505,201900007036,8,10,18:00,1,2,4,7.0,3.0,05134,D38,M,"44,6508540","6,5796360",5,2019,50.0,1.0,1.0,3.0,2158101,1.0,1,1,1,1.0,,0.0,0,1976.0,B01,138Â 293Â 308,8.0,-1.0,-1.0,1647838,1.0,7,,0.0,2.0,2.0,B01,138Â 293Â 308,1.0
965505,201900007036,8,10,18:00,1,2,4,7.0,3.0,05134,D38,M,"44,6508540","6,5796360",5,2019,50.0,1.0,1.0,3.0,2158101,1.0,1,1,1,1.0,,0.0,0,1976.0,B01,138Â 293Â 308,8.0,-1.0,-1.0,1647839,2.0,1,,0.0,2.0,1.0,A01,138Â 293Â 309,5.0
965505,201900007036,8,10,18:00,1,2,4,7.0,3.0,05134,D38,M,"44,6508540","6,5796360",5,2019,50.0,1.0,1.0,3.0,2158102,1.0,1,4,1,5.0,,0.0,0,1978.0,A01,138Â 293Â 309,8.0,-1.0,-1.0,1647838,1.0,7,,0.0,2.0,2.0,B01,138Â 293Â 308,1.0
965505,201900007036,8,10,18:00,1,2,4,7.0,3.0,05134,D38,M,"44,6508540","6,5796360",5,2019,50.0,1.0,1.0,3.0,2158102,1.0,1,4,1,5.0,,0.0,0,1978.0,A01,138Â 293Â 309,8.0,-1.0,-1.0,1647839,2.0,1,,0.0,2.0,1.0,A01,138Â 293Â 309,5.0
965506,201900007037,8,8,12:10,1,1,1,1.0,6.0,04226,RD 902 Gorges du Bachelard,M,"44,3323640","6,6139150",4,2019,80.0,1.0,1.0,3.0,2158103,1.0,1,3,2,5.0,,0.0,0,1962.0,A01,138Â 293Â 307,2.0,-1.0,-1.0,1647840,2.0,80,,10.0,0.0,1.0,A01,138Â 293Â 307,3.0
965507,201900007038,8,11,18:15,1,1,1,3.0,7.0,67404,RD243,M,"48,8979820","7,9472760",67,2019,80.0,3.0,2.0,2.0,2158104,2.0,2,3,1,0.0,,0.0,0,1995.0,A01,138Â 293Â 306,1.0,-1.0,-1.0,1647841,3.0,7,,0.0,0.0,9.0,A01,138Â 293Â 306,1.0
965507,201900007038,8,11,18:15,1,1,1,3.0,7.0,67404,RD243,M,"48,8979820","7,9472760",67,2019,80.0,3.0,2.0,2.0,2158105,1.0,1,4,2,0.0,,0.0,0,1997.0,A01,138Â 293Â 306,1.0,-1.0,-1.0,1647841,3.0,7,,0.0,0.0,9.0,A01,138Â 293Â 306,1.0
965508,201900007039,8,10,19:20,1,2,2,1.0,6.0,88090,9 Rue des Olivettes,M,"48,3715810","6,2916790",88,2019,50.0,8.0,1.0,3.0,2158106,10.0,3,4,1,5.0,,4.0,3,1954.0,A01,138Â 293Â 305,0.0,-1.0,-1.0,1647842,1.0,7,,0.0,1.0,1.0,A01,138Â 293Â 305,1.0
965508,201900007039,8,10,19:20,1,2,2,1.0,6.0,88090,9 Rue des Olivettes,M,"48,3715810","6,2916790",88,2019,50.0,8.0,1.0,3.0,2158107,1.0,1,1,1,0.0,,0.0,0,1956.0,A01,138Â 293Â 305,1.0,-1.0,-1.0,1647842,1.0,7,,0.0,1.0,1.0,A01,138Â 293Â 305,1.0
965508,201900007039,8,10,19:20,1,2,2,1.0,6.0,88090,9 Rue des Olivettes,M,"48,3715810","6,2916790",88,2019,50.0,8.0,1.0,3.0,2158108,10.0,3,4,2,5.0,,4.0,3,1950.0,A01,138Â 293Â 305,0.0,-1.0,-1.0,1647842,1.0,7,,0.0,1.0,1.0,A01,138Â 293Â 305,1.0
965509,201900007040,8,12,07:50,1,2,1,1.0,1.0,57669,D30,M,"49,1358110","6,8809560",57,2019,80.0,1.0,1.0,3.0,2158109,1.0,1,1,1,1.0,,0.0,0,1983.0,B01,138Â 293Â 303,1.0,-1.0,-1.0,1647843,2.0,7,,0.0,2.0,2.0,B01,138Â 293Â 303,1.0
965509,201900007040,8,12,07:50,1,2,1,1.0,1.0,57669,D30,M,"49,1358110","6,8809560",57,2019,80.0,1.0,1.0,3.0,2158109,1.0,1,1,1,1.0,,0.0,0,1983.0,B01,138Â 293Â 303,1.0,-1.0,-1.0,1647844,1.0,7,,0.0,2.0,1.0,A01,138Â 293Â 304,1.0
965509,201900007040,8,12,07:50,1,2,1,1.0,1.0,57669,D30,M,"49,1358110","6,8809560",57,2019,80.0,1.0,1.0,3.0,2158110,1.0,1,3,1,1.0,,0.0,0,1997.0,A01,138Â 293Â 304,1.0,-1.0,-1.0,1647843,2.0,7,,0.0,2.0,2.0,B01,138Â 293Â 303,1.0
965509,201900007040,8,12,07:50,1,2,1,1.0,1.0,57669,D30,M,"49,1358110","6,8809560",57,2019,80.0,1.0,1.0,3.0,2158110,1.0,1,3,1,1.0,,0.0,0,1997.0,A01,138Â 293Â 304,1.0,-1.0,-1.0,1647844,1.0,7,,0.0,2.0,1.0,A01,138Â 293Â 304,1.0
965510,201900007041,8,12,08:05,1,1,1,2.0,7.0,42168,RD62,M,"45,4408620","4,6431090",42,2019,80.0,8.0,2.0,3.0,2158111,1.0,1,2,2,1.0,,0.0,0,1995.0,A01,138Â 293Â 302,1.0,-1.0,-1.0,1647845,1.0,7,,16.0,0.0,1.0,A01,138Â 293Â 302,1.0
965511,201900007042,8,9,23:49,3,2,1,1.0,7.0,01160,4 chemin du levant,M,"46,2591320","6,1159832",1,2019,50.0,1.0,1.0,4.0,2158112,1.0,1,3,1,0.0,,0.0,0,1999.0,A01,138Â 293Â 301,2.0,-1.0,-1.0,1647846,0.0,2,,0.0,0.0,1.0,A01,138Â 293Â 301,0.0
965512,201900007043,8,12,10:10,1,1,1,1.0,2.0,17283,RD 732,M,"45,5766810"," -0,5304990",17,2019,80.0,1.0,1.0,3.0,2158113,1.0,1,2,1,5.0,,0.0,0,1959.0,B01,138Â 293Â 299,2.0,-1.0,-1.0,1647847,1.0,1,,0.0,2.0,4.0,B01,138Â 293Â 299,5.0
965512,201900007043,8,12,10:10,1,1,1,1.0,2.0,17283,RD 732,M,"45,5766810"," -0,5304990",17,2019,80.0,1.0,1.0,3.0,2158113,1.0,1,2,1,5.0,,0.0,0,1959.0,B01,138Â 293Â 299,2.0,-1.0,-1.0,1647848,1.0,10,,0.0,2.0,2.0,A01,138Â 293Â 300,1.0
965512,201900007043,8,12,10:10,1,1,1,1.0,2.0,17283,RD 732,M,"45,5766810"," -0,5304990",17,2019,80.0,1.0,1.0,3.0,2158114,1.0,1,1,1,1.0,,0.0,0,1976.0,A01,138Â 293Â 300,1.0,-1.0,-1.0,1647847,1.0,1,,0.0,2.0,4.0,B01,138Â 293Â 299,5.0
965512,201900007043,8,12,10:10,1,1,1,1.0,2.0,17283,RD 732,M,"45,5766810"," -0,5304990",17,2019,80.0,1.0,1.0,3.0,2158114,1.0,1,1,1,1.0,,0.0,0,1976.0,A01,138Â 293Â 300,1.0,-1.0,-1.0,1647848,1.0,10,,0.0,2.0,2.0,A01,138Â 293Â 300,1.0
965513,201900007044,8,11,12:30,1,1,1,1.0,2.0,85106,D38,M,"46,9700100"," -2,2262400",85,2019,90.0,1.0,1.0,3.0,2158115,1.0,1,1,2,5.0,,0.0,0,1996.0,B01,138Â 293Â 297,1.0,-1.0,-1.0,1647849,1.0,7,,0.0,2.0,6.0,B01,138Â 293Â 297,1.0
965513,201900007044,8,11,12:30,1,1,1,1.0,2.0,85106,D38,M,"46,9700100"," -2,2262400",85,2019,90.0,1.0,1.0,3.0,2158115,1.0,1,1,2,5.0,,0.0,0,1996.0,B01,138Â 293Â 297,1.0,-1.0,-1.0,1647850,1.0,33,,0.0,2.0,1.0,A01,138Â 293Â 298,1.0
965513,201900007044,8,11,12:30,1,1,1,1.0,2.0,85106,D38,M,"46,9700100"," -2,2262400",85,2019,90.0,1.0,1.0,3.0,2158116,2.0,2,1,2,5.0,,0.0,0,1971.0,A01,138Â 293Â 298,2.0,6.0,9.0,1647849,1.0,7,,0.0,2.0,6.0,B01,138Â 293Â 297,1.0
965513,201900007044,8,11,12:30,1,1,1,1.0,2.0,85106,D38,M,"46,9700100"," -2,2262400",85,2019,90.0,1.0,1.0,3.0,2158116,2.0,2,1,2,5.0,,0.0,0,1971.0,A01,138Â 293Â 298,2.0,6.0,9.0,1647850,1.0,33,,0.0,2.0,1.0,A01,138Â 293Â 298,1.0
965513,201900007044,8,11,12:30,1,1,1,1.0,2.0,85106,D38,M,"46,9700100"," -2,2262400",85,2019,90.0,1.0,1.0,3.0,2158117,1.0,1,3,1,5.0,,0.0,0,1967.0,A01,138Â 293Â 298,2.0,6.0,9.0,1647849,1.0,7,,0.0,2.0,6.0,B01,138Â 293Â 297,1.0
965513,201900007044,8,11,12:30,1,1,1,1.0,2.0,85106,D38,M,"46,9700100"," -2,2262400",85,2019,90.0,1.0,1.0,3.0,2158117,1.0,1,3,1,5.0,,0.0,0,1967.0,A01,138Â 293Â 298,2.0,6.0,9.0,1647850,1.0,33,,0.0,2.0,1.0,A01,138Â 293Â 298,1.0
965514,201900007045,8,11,17:00,1,2,3,1.0,1.0,44176,Rue Laennec,M,"47,3529810"," -2,1836760",44,2019,50.0,1.0,1.0,4.0,2158118,1.0,1,1,1,5.0,,0.0,0,1931.0,A01,138Â 293Â 295,1.0,-1.0,-1.0,1647851,3.0,7,,0.0,9.0,1.0,A01,138Â 293Â 295,1.0
965514,201900007045,8,11,17:00,1,2,3,1.0,1.0,44176,Rue Laennec,M,"47,3529810"," -2,1836760",44,2019,50.0,1.0,1.0,4.0,2158118,1.0,1,1,1,5.0,,0.0,0,1931.0,A01,138Â 293Â 295,1.0,-1.0,-1.0,1647852,3.0,1,,0.0,2.0,1.0,B01,138Â 293Â 296,5.0
965514,201900007045,8,11,17:00,1,2,3,1.0,1.0,44176,Rue Laennec,M,"47,3529810"," -2,1836760",44,2019,50.0,1.0,1.0,4.0,2158119,1.0,1,3,2,5.0,,0.0,0,2005.0,B01,138Â 293Â 296,0.0,-1.0,-1.0,1647851,3.0,7,,0.0,9.0,1.0,A01,138Â 293Â 295,1.0
965514,201900007045,8,11,17:00,1,2,3,1.0,1.0,44176,Rue Laennec,M,"47,3529810"," -2,1836760",44,2019,50.0,1.0,1.0,4.0,2158119,1.0,1,3,2,5.0,,0.0,0,2005.0,B01,138Â 293Â 296,0.0,-1.0,-1.0,1647852,3.0,1,,0.0,2.0,1.0,B01,138Â 293Â 296,5.0
965515,201900007046,8,10,14:00,1,2,1,1.0,7.0,22143,Lotissement la VallÃ©e des Lys,M,"48,6010585"," -2,2856938",22,2019,50.0,5.0,1.0,9.0,2158120,1.0,1,3,1,5.0,,0.0,0,1955.0,A01,138Â 293Â 294,0.0,-1.0,-1.0,1647853,3.0,1,,13.0,0.0,0.0,A01,138Â 293Â 294,5.0
965516,201900007047,8,10,18:45,1,1,4,1.0,2.0,76287,Route de Montville,M,"49,5609240","1,0321490",76,2019,70.0,1.0,1.0,3.0,2158121,1.0,1,4,1,5.0,,0.0,0,1998.0,A01,138Â 293Â 292,2.0,6.0,-1.0,1647854,1.0,33,,0.0,2.0,1.0,A01,138Â 293Â 292,1.0
965516,201900007047,8,10,18:45,1,1,4,1.0,2.0,76287,Route de Montville,M,"49,5609240","1,0321490",76,2019,70.0,1.0,1.0,3.0,2158121,1.0,1,4,1,5.0,,0.0,0,1998.0,A01,138Â 293Â 292,2.0,6.0,-1.0,1647855,1.0,7,,0.0,0.0,4.0,B01,138Â 293Â 293,1.0
965516,201900007047,8,10,18:45,1,1,4,1.0,2.0,76287,Route de Montville,M,"49,5609240","1,0321490",76,2019,70.0,1.0,1.0,3.0,2158122,1.0,1,1,2,5.0,,0.0,0,1976.0,B01,138Â 293Â 293,1.0,-1.0,-1.0,1647854,1.0,33,,0.0,2.0,1.0,A01,138Â 293Â 292,1.0
965516,201900007047,8,10,18:45,1,1,4,1.0,2.0,76287,Route de Montville,M,"49,5609240","1,0321490",76,2019,70.0,1.0,1.0,3.0,2158122,1.0,1,1,2,5.0,,0.0,0,1976.0,B01,138Â 293Â 293,1.0,-1.0,-1.0,1647855,1.0,7,,0.0,0.0,4.0,B01,138Â 293Â 293,1.0
965517,201900007048,8,11,19:00,1,1,1,1.0,6.0,60342,D1016,M,"49,3112830","2,4491850",60,2019,110.0,1.0,1.0,3.0,2158123,1.0,1,3,1,0.0,,0.0,0,1995.0,A01,138Â 293Â 290,2.0,6.0,-1.0,1647856,0.0,33,,7.0,2.0,1.0,A01,138Â 293Â 290,1.0
965517,201900007048,8,11,19:00,1,1,1,1.0,6.0,60342,D1016,M,"49,3112830","2,4491850",60,2019,110.0,1.0,1.0,3.0,2158123,1.0,1,3,1,0.0,,0.0,0,1995.0,A01,138Â 293Â 290,2.0,6.0,-1.0,1647857,0.0,7,,0.0,2.0,3.0,B01,138Â 293Â 291,1.0
965517,201900007048,8,11,19:00,1,1,1,1.0,6.0,60342,D1016,M,"49,3112830","2,4491850",60,2019,110.0,1.0,1.0,3.0,2158124,1.0,1,1,1,0.0,,0.0,0,1980.0,B01,138Â 293Â 291,1.0,-1.0,-1.0,1647856,0.0,33,,7.0,2.0,1.0,A01,138Â 293Â 290,1.0
965517,201900007048,8,11,19:00,1,1,1,1.0,6.0,60342,D1016,M,"49,3112830","2,4491850",60,2019,110.0,1.0,1.0,3.0,2158124,1.0,1,1,1,0.0,,0.0,0,1980.0,B01,138Â 293Â 291,1.0,-1.0,-1.0,1647857,0.0,7,,0.0,2.0,3.0,B01,138Â 293Â 291,1.0
965518,201900007049,8,10,06:15,2,2,1,1.0,7.0,59524,267 Rue de la Commune de Paris,M,"50,5685010","2,8940490",59,2019,50.0,1.0,1.0,4.0,2158125,1.0,1,3,1,0.0,,0.0,0,2000.0,A01,138Â 293Â 289,0.0,-1.0,-1.0,1647858,3.0,2,,0.0,0.0,1.0,A01,138Â 293Â 289,1.0
965519,201900007050,8,10,20:00,1,1,1,1.0,6.0,13033,A55-Sens Marseille vers Martigues,M,"43,3893300","5,1394300",13,2019,110.0,1.0,1.0,1.0,2158126,1.0,1,4,2,1.0,,0.0,0,1998.0,A01,138Â 293Â 288,1.0,0.0,-1.0,1647859,1.0,7,,0.0,0.0,7.0,A01,138Â 293Â 288,1.0
965520,201900007051,8,11,05:15,3,1,1,1.0,2.0,13070,A50-Sens Aubagne vers Marseille,M,"43,2859861","5,5689751",13,2019,90.0,1.0,1.0,1.0,2158127,2.0,2,4,1,0.0,,-1.0,0,1996.0,B01,138Â 293Â 286,1.0,8.0,-1.0,1647860,2.0,7,,0.0,2.0,4.0,B01,138Â 293Â 286,1.0
965520,201900007051,8,11,05:15,3,1,1,1.0,2.0,13070,A50-Sens Aubagne vers Marseille,M,"43,2859861","5,5689751",13,2019,90.0,1.0,1.0,1.0,2158127,2.0,2,4,1,0.0,,-1.0,0,1996.0,B01,138Â 293Â 286,1.0,8.0,-1.0,1647861,2.0,7,,0.0,2.0,1.0,A01,138Â 293Â 287,1.0
965520,201900007051,8,11,05:15,3,1,1,1.0,2.0,13070,A50-Sens Aubagne vers Marseille,M,"43,2859861","5,5689751",13,2019,90.0,1.0,1.0,1.0,2158128,1.0,1,4,1,5.0,,-1.0,0,1993.0,B01,138Â 293Â 286,1.0,0.0,-1.0,1647860,2.0,7,,0.0,2.0,4.0,B01,138Â 293Â 286,1.0
965520,201900007051,8,11,05:15,3,1,1,1.0,2.0,13070,A50-Sens Aubagne vers Marseille,M,"43,2859861","5,5689751",13,2019,90.0,1.0,1.0,1.0,2158128,1.0,1,4,1,5.0,,-1.0,0,1993.0,B01,138Â 293Â 286,1.0,0.0,-1.0,1647861,2.0,7,,0.0,2.0,1.0,A01,138Â 293Â 287,1.0
965520,201900007051,8,11,05:15,3,1,1,1.0,2.0,13070,A50-Sens Aubagne vers Marseille,M,"43,2859861","5,5689751",13,2019,90.0,1.0,1.0,1.0,2158129,1.0,1,4,1,5.0,,-1.0,0,2000.0,A01,138Â 293Â 287,1.0,8.0,-1.0,1647860,2.0,7,,0.0,2.0,4.0,B01,138Â 293Â 286,1.0
965520,201900007051,8,11,05:15,3,1,1,1.0,2.0,13070,A50-Sens Aubagne vers Marseille,M,"43,2859861","5,5689751",13,2019,90.0,1.0,1.0,1.0,2158129,1.0,1,4,1,5.0,,-1.0,0,2000.0,A01,138Â 293Â 287,1.0,8.0,-1.0,1647861,2.0,7,,0.0,2.0,1.0,A01,138Â 293Â 287,1.0
965521,201900007052,8,10,04:05,3,1,1,1.0,2.0,13071,A7-Sens Lyon vers Marseille,M,"43,4034500","5,3102600",13,2019,110.0,1.0,1.0,1.0,2158130,1.0,1,3,1,5.0,,-1.0,0,1992.0,C01,138Â 293Â 285,1.0,8.0,-1.0,1647862,1.0,7,,0.0,2.0,4.0,A01,138Â 293Â 284,1.0
965521,201900007052,8,10,04:05,3,1,1,1.0,2.0,13071,A7-Sens Lyon vers Marseille,M,"43,4034500","5,3102600",13,2019,110.0,1.0,1.0,1.0,2158130,1.0,1,3,1,5.0,,-1.0,0,1992.0,C01,138Â 293Â 285,1.0,8.0,-1.0,1647863,1.0,7,,0.0,2.0,1.0,C01,138Â 293Â 285,-1.0
965522,201900007053,8,9,02:30,3,1,1,1.0,2.0,13211,A50-Sens Marseille vers Aubagne,M,"43,2886553","5,4437310",13,2019,90.0,1.0,1.0,1.0,2158131,1.0,1,3,1,1.0,,-1.0,0,1976.0,B01,138Â 293Â 282,1.0,8.0,-1.0,1647864,1.0,7,,0.0,2.0,1.0,B01,138Â 293Â 282,1.0
965522,201900007053,8,9,02:30,3,1,1,1.0,2.0,13211,A50-Sens Marseille vers Aubagne,M,"43,2886553","5,4437310",13,2019,90.0,1.0,1.0,1.0,2158131,1.0,1,3,1,1.0,,-1.0,0,1976.0,B01,138Â 293Â 282,1.0,8.0,-1.0,1647865,1.0,7,,0.0,2.0,4.0,A01,138Â 293Â 283,1.0
965522,201900007053,8,9,02:30,3,1,1,1.0,2.0,13211,A50-Sens Marseille vers Aubagne,M,"43,2886553","5,4437310",13,2019,90.0,1.0,1.0,1.0,2158132,1.0,1,1,1,4.0,,-1.0,0,1988.0,A01,138Â 293Â 283,1.0,8.0,-1.0,1647864,1.0,7,,0.0,2.0,1.0,B01,138Â 293Â 282,1.0
965522,201900007053,8,9,02:30,3,1,1,1.0,2.0,13211,A50-Sens Marseille vers Aubagne,M,"43,2886553","5,4437310",13,2019,90.0,1.0,1.0,1.0,2158132,1.0,1,1,1,4.0,,-1.0,0,1988.0,A01,138Â 293Â 283,1.0,8.0,-1.0,1647865,1.0,7,,0.0,2.0,4.0,A01,138Â 293Â 283,1.0
965523,201900007054,6,30,18:00,1,1,1,1.0,3.0,69199,A7   7.000 A 8.630,M,"45,6836000","4,8472400",69,2019,90.0,1.0,1.0,1.0,2158133,1.0,1,1,1,5.0,,-1.0,0,1969.0,A01,138Â 293Â 280,8.0,0.0,-1.0,1647866,2.0,7,,0.0,2.0,7.0,A01,138Â 293Â 280,1.0
965523,201900007054,6,30,18:00,1,1,1,1.0,3.0,69199,A7   7.000 A 8.630,M,"45,6836000","4,8472400",69,2019,90.0,1.0,1.0,1.0,2158133,1.0,1,1,1,5.0,,-1.0,0,1969.0,A01,138Â 293Â 280,8.0,0.0,-1.0,1647867,2.0,7,,0.0,2.0,3.0,B01,138Â 293Â 281,1.0
965523,201900007054,6,30,18:00,1,1,1,1.0,3.0,69199,A7   7.000 A 8.630,M,"45,6836000","4,8472400",69,2019,90.0,1.0,1.0,1.0,2158134,2.0,2,4,2,5.0,,0.0,0,1963.0,B01,138Â 293Â 281,8.0,0.0,-1.0,1647866,2.0,7,,0.0,2.0,7.0,A01,138Â 293Â 280,1.0
965523,201900007054,6,30,18:00,1,1,1,1.0,3.0,69199,A7   7.000 A 8.630,M,"45,6836000","4,8472400",69,2019,90.0,1.0,1.0,1.0,2158134,2.0,2,4,2,5.0,,0.0,0,1963.0,B01,138Â 293Â 281,8.0,0.0,-1.0,1647867,2.0,7,,0.0,2.0,3.0,B01,138Â 293Â 281,1.0