Unnamed: 0_x,num_acc,mois,jour,hrmn,lum,agg,int,atm,col,com,adr,gps,lat,long,dep,annee,vma,situ,surf,catr,Unnamed: 0_y,place,catu,grav,sexe,trajet,secu,locp,actp,an_nais,num_veh_x,id_vehicule_x,secu1,secu2,secu3,Unnamed: 0,senc,catv,occutc,obs,obsm,choc,num_veh_y,id_vehicule_y,motor
965523,201900007054,6,30,18:00,1,1,1,1.0,3.0,69199,A7   7.000 A 8.630,M,"45,6836000","4,8472400",69,2019,90.0,1.0,1.0,1.0,2158135,1.0,1,4,1,5.0,,-1.0, -1,1958.0,B01,138Â 293Â 281,8.0,0.0,-1.0,1647866,2.0,7,,0.0,2.0,7.0,A01,138Â 293Â 280,1.0
965523,201900007054,6,30,18:00,1,1,1,1.0,3.0,69199,A7   7.000 A 8.630,M,"45,6836000","4,8472400",69,2019,90.0,1.0,1.0,1.0,2158135,1.0,1,4,1,5.0,,-1.0, -1,1958.0,B01,138Â 293Â 281,8.0,0.0,-1.0,1647867,2.0,7,,0.0,2.0,3.0,B01,138Â 293Â 281,1.0
965524,201900007055,8,11,04:00,3,1,1,2.0,6.0,33080,AUTOROUTE A 62,M,"44,7559000"," -0,5447100",33,2019,130.0,1.0,2.0,1.0,2158136,1.0,1,4,1,5.0,,-1.0, -1,1980.0,A01,138Â 293Â 279,1.0,8.0,-1.0,1647868,1.0,7,,13.0,0.0,1.0,A01,138Â 293Â 279,1.0
965524,201900007055,8,11,04:00,3,1,1,2.0,6.0,33080,AUTOROUTE A 62,M,"44,7559000"," -0,5447100",33,2019,130.0,1.0,2.0,1.0,2158137,2.0,2,1,2,5.0,,-1.0, -1,1998.0,A01,138Â 293Â 279,1.0,8.0,-1.0,1647868,1.0,7,,13.0,0.0,1.0,A01,138Â 293Â 279,1.0
965525,201900007056,8,11,06:57,2,1,1,1.0,6.0,91161,AUTOROUTE A6,M,"48,7057600","2,3062000",91,2019,110.0,1.0,1.0,1.0,2158138,2.0,2,4,1,5.0,,0.0,0,1995.0,A01,138Â 293Â 278,1.0,0.0,-1.0,1647869,2.0,10,,4.0,0.0,3.0,A01,138Â 293Â 278,1.0
965525,201900007056,8,11,06:57,2,1,1,1.0,6.0,91161,AUTOROUTE A6,M,"48,7057600","2,3062000",91,2019,110.0,1.0,1.0,1.0,2158139,1.0,1,1,1,5.0,,0.0,0,1995.0,A01,138Â 293Â 278,1.0,0.0,-1.0,1647869,2.0,10,,4.0,0.0,3.0,A01,138Â 293Â 278,1.0
965526,201900007057,8,8,17:10,1,1,1,1.0,3.0,93063,AUTOROUTE A3,M,"48,8762600","2,4419900",93,2019,70.0,1.0,1.0,1.0,2158140,1.0,1,4,2,0.0,,-1.0, -1,1991.0,B01,138Â 293Â 275,1.0,0.0,-1.0,1647870,2.0,7,,0.0,2.0,3.0,B01,138Â 293Â 275,1.0
965526,201900007057,8,8,17:10,1,1,1,1.0,3.0,93063,AUTOROUTE A3,M,"48,8762600","2,4419900",93,2019,70.0,1.0,1.0,1.0,2158140,1.0,1,4,2,0.0,,-1.0, -1,1991.0,B01,138Â 293Â 275,1.0,0.0,-1.0,1647871,2.0,15,,0.0,2.0,0.0,A01,138Â 293Â 276,1.0
965526,201900007057,8,8,17:10,1,1,1,1.0,3.0,93063,AUTOROUTE A3,M,"48,8762600","2,4419900",93,2019,70.0,1.0,1.0,1.0,2158141,1.0,1,1,1,4.0,,-1.0, -1,1964.0,A01,138Â 293Â 276,1.0,0.0,-1.0,1647870,2.0,7,,0.0,2.0,3.0,B01,138Â 293Â 275,1.0
965526,201900007057,8,8,17:10,1,1,1,1.0,3.0,93063,AUTOROUTE A3,M,"48,8762600","2,4419900",93,2019,70.0,1.0,1.0,1.0,2158141,1.0,1,1,1,4.0,,-1.0, -1,1964.0,A01,138Â 293Â 276,1.0,0.0,-1.0,1647871,2.0,15,,0.0,2.0,0.0,A01,138Â 293Â 276,1.0
965527,201900007058,8,9,16:05,1,1,9,3.0,6.0,77175,RN104,M,"48,6654200","2,6129300",77,2019,110.0,3.0,2.0,2.0,2158142,1.0,1,4,1,5.0,,-1.0,0,1996.0,A01,138Â 293Â 274,1.0,0.0,-1.0,1647872,1.0,7,,13.0,0.0,9.0,A01,138Â 293Â 274,1.0
965528,201900007059,8,8,10:00,1,2,2,1.0,6.0,91479,MAURICE MOSER (RUE),M,"48,7154700","2,3630100",91,2019,50.0,3.0,1.0,4.0,2158143,1.0,1,1,1,5.0,,0.0,0,1972.0,A01,138Â 293Â 273,1.0,0.0,-1.0,1647873,1.0,10,,0.0,1.0,2.0,A01,138Â 293Â 273,0.0
965528,201900007059,8,8,10:00,1,2,2,1.0,6.0,91479,MAURICE MOSER (RUE),M,"48,7154700","2,3630100",91,2019,50.0,3.0,1.0,4.0,2158144,10.0,3,4,2,5.0,,3.0,3,1941.0,A01,138Â 293Â 273,8.0,0.0,-1.0,1647873,1.0,10,,0.0,1.0,2.0,A01,138Â 293Â 273,0.0
965529,201900007060,6,18,11:08,1,2,1,1.0,6.0,72003,19 MARS 1962 (AV),M,"47,9561900","0,1657100",72,2019,50.0,2.0,1.0,4.0,2158145,1.0,1,1,2,0.0,,0.0,0,1969.0,A01,138Â 293Â 270,1.0,0.0,-1.0,1647874,0.0,7,,0.0,1.0,1.0,A01,138Â 293Â 270,1.0
965529,201900007060,6,18,11:08,1,2,1,1.0,6.0,72003,19 MARS 1962 (AV),M,"47,9561900","0,1657100",72,2019,50.0,2.0,1.0,4.0,2158146,10.0,3,4,1,0.0,,2.0,3,1959.0,A01,138Â 293Â 270,8.0,0.0,-1.0,1647874,0.0,7,,0.0,1.0,1.0,A01,138Â 293Â 270,1.0
965530,201900007061,6,18,07:40,1,2,1,1.0,3.0,72181,PADERBORN (AV) NÂ° IMP 5 ET plus,M,"48,0097200","0,2013400",72,2019,30.0,2.0,1.0,4.0,2158147,1.0,1,1,2,0.0,,0.0,0,1975.0,A01,138Â 293Â 268,1.0,0.0,-1.0,1647875,2.0,7,,0.0,2.0,7.0,A01,138Â 293Â 268,1.0
965530,201900007061,6,18,07:40,1,2,1,1.0,3.0,72181,PADERBORN (AV) NÂ° IMP 5 ET plus,M,"48,0097200","0,2013400",72,2019,30.0,2.0,1.0,4.0,2158147,1.0,1,1,2,0.0,,0.0,0,1975.0,A01,138Â 293Â 268,1.0,0.0,-1.0,1647876,2.0,1,,0.0,2.0,7.0,B01,138Â 293Â 269,5.0
965530,201900007061,6,18,07:40,1,2,1,1.0,3.0,72181,PADERBORN (AV) NÂ° IMP 5 ET plus,M,"48,0097200","0,2013400",72,2019,30.0,2.0,1.0,4.0,2158148,1.0,1,4,1,0.0,,0.0,0,1986.0,B01,138Â 293Â 269,8.0,0.0,-1.0,1647875,2.0,7,,0.0,2.0,7.0,A01,138Â 293Â 268,1.0
965530,201900007061,6,18,07:40,1,2,1,1.0,3.0,72181,PADERBORN (AV) NÂ° IMP 5 ET plus,M,"48,0097200","0,2013400",72,2019,30.0,2.0,1.0,4.0,2158148,1.0,1,4,1,0.0,,0.0,0,1986.0,B01,138Â 293Â 269,8.0,0.0,-1.0,1647876,2.0,1,,0.0,2.0,7.0,B01,138Â 293Â 269,5.0
965531,201900007062,8,6,16:45,1,2,1,1.0,2.0,71153,MARECHAL LECLERC (RUE),M,"46,8067400","4,4280800",71,2019,50.0,1.0,1.0,4.0,2158149,1.0,1,1,1,5.0,,0.0,0,1988.0,A01,138Â 293Â 266,1.0,0.0,-1.0,1647877,3.0,7,,0.0,2.0,1.0,A01,138Â 293Â 266,1.0
965531,201900007062,8,6,16:45,1,2,1,1.0,2.0,71153,MARECHAL LECLERC (RUE),M,"46,8067400","4,4280800",71,2019,50.0,1.0,1.0,4.0,2158149,1.0,1,1,1,5.0,,0.0,0,1988.0,A01,138Â 293Â 266,1.0,0.0,-1.0,1647878,3.0,7,,0.0,2.0,4.0,B01,138Â 293Â 267,1.0
965531,201900007062,8,6,16:45,1,2,1,1.0,2.0,71153,MARECHAL LECLERC (RUE),M,"46,8067400","4,4280800",71,2019,50.0,1.0,1.0,4.0,2158150,1.0,1,4,1,5.0,,0.0,0,1953.0,B01,138Â 293Â 267,1.0,0.0,-1.0,1647877,3.0,7,,0.0,2.0,1.0,A01,138Â 293Â 266,1.0
965531,201900007062,8,6,16:45,1,2,1,1.0,2.0,71153,MARECHAL LECLERC (RUE),M,"46,8067400","4,4280800",71,2019,50.0,1.0,1.0,4.0,2158150,1.0,1,4,1,5.0,,0.0,0,1953.0,B01,138Â 293Â 267,1.0,0.0,-1.0,1647878,3.0,7,,0.0,2.0,4.0,B01,138Â 293Â 267,1.0
965532,201900007063,8,7,11:45,1,2,1,2.0,6.0,69264,FERRY JULES  R,M,"45,9794000","4,7347900",69,2019,30.0,1.0,2.0,6.0,2158151,10.0,3,4,1,9.0,,1.0,2,1953.0,A01,138Â 293Â 265,8.0,0.0,-1.0,1647879,3.0,10,,0.0,1.0,2.0,A01,138Â 293Â 265,1.0
965532,201900007063,8,7,11:45,1,2,1,2.0,6.0,69264,FERRY JULES  R,M,"45,9794000","4,7347900",69,2019,30.0,1.0,2.0,6.0,2158152,1.0,1,1,2,0.0,,-1.0,0,1991.0,A01,138Â 293Â 265,1.0,0.0,-1.0,1647879,3.0,10,,0.0,1.0,2.0,A01,138Â 293Â 265,1.0
965533,201900007064,8,5,12:15,1,2,2,1.0,3.0,59378,MARNE AVENUE DE LA,M,"50,6794000","3,1141600",59,2019,50.0,1.0,1.0,7.0,2158153,1.0,1,4,2,0.0,,-1.0, -1,1978.0,B01,138Â 293Â 261,8.0,0.0,-1.0,1647880,1.0,7,,0.0,2.0,8.0,B01,138Â 293Â 261,1.0
965533,201900007064,8,5,12:15,1,2,2,1.0,3.0,59378,MARNE AVENUE DE LA,M,"50,6794000","3,1141600",59,2019,50.0,1.0,1.0,7.0,2158153,1.0,1,4,2,0.0,,-1.0, -1,1978.0,B01,138Â 293Â 261,8.0,0.0,-1.0,1647881,3.0,7,,0.0,2.0,1.0,A01,138Â 293Â 262,1.0
965533,201900007064,8,5,12:15,1,2,2,1.0,3.0,59378,MARNE AVENUE DE LA,M,"50,6794000","3,1141600",59,2019,50.0,1.0,1.0,7.0,2158154,2.0,2,1,1,0.0,,0.0,0,1992.0,A01,138Â 293Â 262,8.0,0.0,-1.0,1647880,1.0,7,,0.0,2.0,8.0,B01,138Â 293Â 261,1.0
965533,201900007064,8,5,12:15,1,2,2,1.0,3.0,59378,MARNE AVENUE DE LA,M,"50,6794000","3,1141600",59,2019,50.0,1.0,1.0,7.0,2158154,2.0,2,1,1,0.0,,0.0,0,1992.0,A01,138Â 293Â 262,8.0,0.0,-1.0,1647881,3.0,7,,0.0,2.0,1.0,A01,138Â 293Â 262,1.0
965533,201900007064,8,5,12:15,1,2,2,1.0,3.0,59378,MARNE AVENUE DE LA,M,"50,6794000","3,1141600",59,2019,50.0,1.0,1.0,7.0,2158155,1.0,1,3,1,0.0,,-1.0, -1,1996.0,A01,138Â 293Â 262,8.0,0.0,-1.0,1647880,1.0,7,,0.0,2.0,8.0,B01,138Â 293Â 261,1.0
965533,201900007064,8,5,12:15,1,2,2,1.0,3.0,59378,MARNE AVENUE DE LA,M,"50,6794000","3,1141600",59,2019,50.0,1.0,1.0,7.0,2158155,1.0,1,3,1,0.0,,-1.0, -1,1996.0,A01,138Â 293Â 262,8.0,0.0,-1.0,1647881,3.0,7,,0.0,2.0,1.0,A01,138Â 293Â 262,1.0
965534,201900007065,8,10,14:50,1,2,1,1.0,3.0,50218,ROBINET (RUE),M,"48,8341200"," -1,5791950",50,2019,50.0,1.0,1.0,4.0,2158156,1.0,1,4,1,5.0,,0.0,0,2008.0,B01,138Â 293Â 259,8.0,0.0,-1.0,1647882,1.0,50,,0.0,2.0,2.0,B01,138Â 293Â 259,3.0
965534,201900007065,8,10,14:50,1,2,1,1.0,3.0,50218,ROBINET (RUE),M,"48,8341200"," -1,5791950",50,2019,50.0,1.0,1.0,4.0,2158156,1.0,1,4,1,5.0,,0.0,0,2008.0,B01,138Â 293Â 259,8.0,0.0,-1.0,1647883,1.0,10,,0.0,2.0,3.0,A01,138Â 293Â 260,1.0
965534,201900007065,8,10,14:50,1,2,1,1.0,3.0,50218,ROBINET (RUE),M,"48,8341200"," -1,5791950",50,2019,50.0,1.0,1.0,4.0,2158157,1.0,1,1,2,5.0,,0.0,0,1948.0,A01,138Â 293Â 260,1.0,8.0,-1.0,1647882,1.0,50,,0.0,2.0,2.0,B01,138Â 293Â 259,3.0
965534,201900007065,8,10,14:50,1,2,1,1.0,3.0,50218,ROBINET (RUE),M,"48,8341200"," -1,5791950",50,2019,50.0,1.0,1.0,4.0,2158157,1.0,1,1,2,5.0,,0.0,0,1948.0,A01,138Â 293Â 260,1.0,8.0,-1.0,1647883,1.0,10,,0.0,2.0,3.0,A01,138Â 293Â 260,1.0
965535,201900007066,8,7,17:39,1,2,2,1.0,3.0,45208, FB DE LA CHAUSSEE - R DE L'EUROPE,M,"47,9980000","2,7400000",45,2019,50.0,1.0,1.0,4.0,2158158,1.0,1,4,2,0.0,,0.0,0,1932.0,B01,138Â 293Â 257,1.0,0.0,-1.0,1647884,1.0,7,,0.0,2.0,1.0,B01,138Â 293Â 257,1.0
965535,201900007066,8,7,17:39,1,2,2,1.0,3.0,45208, FB DE LA CHAUSSEE - R DE L'EUROPE,M,"47,9980000","2,7400000",45,2019,50.0,1.0,1.0,4.0,2158158,1.0,1,4,2,0.0,,0.0,0,1932.0,B01,138Â 293Â 257,1.0,0.0,-1.0,1647885,2.0,7,,0.0,2.0,2.0,A01,138Â 293Â 258,1.0
965535,201900007066,8,7,17:39,1,2,2,1.0,3.0,45208, FB DE LA CHAUSSEE - R DE L'EUROPE,M,"47,9980000","2,7400000",45,2019,50.0,1.0,1.0,4.0,2158159,1.0,1,1,1,1.0,,0.0,0,1982.0,A01,138Â 293Â 258,1.0,0.0,-1.0,1647884,1.0,7,,0.0,2.0,1.0,B01,138Â 293Â 257,1.0
965535,201900007066,8,7,17:39,1,2,2,1.0,3.0,45208, FB DE LA CHAUSSEE - R DE L'EUROPE,M,"47,9980000","2,7400000",45,2019,50.0,1.0,1.0,4.0,2158159,1.0,1,1,1,1.0,,0.0,0,1982.0,A01,138Â 293Â 258,1.0,0.0,-1.0,1647885,2.0,7,,0.0,2.0,2.0,A01,138Â 293Â 258,1.0
965536,201900007067,8,6,18:10,1,2,3,1.0,3.0,45338,R TOURATIER - R DE LA GRIMBONNERIE,M,"47,9919800","2,7071100",45,2019,50.0,1.0,1.0,4.0,2158160,1.0,1,4,2,4.0,,0.0,0,1967.0,A01,138Â 293Â 255,8.0,0.0,-1.0,1647886,2.0,7,,0.0,2.0,1.0,A01,138Â 293Â 255,1.0
965536,201900007067,8,6,18:10,1,2,3,1.0,3.0,45338,R TOURATIER - R DE LA GRIMBONNERIE,M,"47,9919800","2,7071100",45,2019,50.0,1.0,1.0,4.0,2158160,1.0,1,4,2,4.0,,0.0,0,1967.0,A01,138Â 293Â 255,8.0,0.0,-1.0,1647887,1.0,7,,0.0,2.0,2.0,B01,138Â 293Â 256,1.0
965536,201900007067,8,6,18:10,1,2,3,1.0,3.0,45338,R TOURATIER - R DE LA GRIMBONNERIE,M,"47,9919800","2,7071100",45,2019,50.0,1.0,1.0,4.0,2158161,1.0,1,1,2,9.0,,0.0,0,1999.0,B01,138Â 293Â 256,8.0,0.0,-1.0,1647886,2.0,7,,0.0,2.0,1.0,A01,138Â 293Â 255,1.0
965536,201900007067,8,6,18:10,1,2,3,1.0,3.0,45338,R TOURATIER - R DE LA GRIMBONNERIE,M,"47,9919800","2,7071100",45,2019,50.0,1.0,1.0,4.0,2158161,1.0,1,1,2,9.0,,0.0,0,1999.0,B01,138Â 293Â 256,8.0,0.0,-1.0,1647887,1.0,7,,0.0,2.0,2.0,B01,138Â 293Â 256,1.0
965537,201900007068,8,7,21:10,3,2,7,1.0,3.0,14536,QUATRE FRANCS (CARREFOUR DES),M,"49,4092800","0,2515900",14,2019,50.0,1.0,1.0,3.0,2158162,1.0,1,4,1,0.0,,0.0,0,1987.0,B01,138Â 293Â 253,2.0,0.0,-1.0,1647888,2.0,31,,0.0,2.0,1.0,B01,138Â 293Â 253,1.0
965537,201900007068,8,7,21:10,3,2,7,1.0,3.0,14536,QUATRE FRANCS (CARREFOUR DES),M,"49,4092800","0,2515900",14,2019,50.0,1.0,1.0,3.0,2158162,1.0,1,4,1,0.0,,0.0,0,1987.0,B01,138Â 293Â 253,2.0,0.0,-1.0,1647889,2.0,7,,0.0,2.0,2.0,A01,138Â 293Â 254,1.0
965537,201900007068,8,7,21:10,3,2,7,1.0,3.0,14536,QUATRE FRANCS (CARREFOUR DES),M,"49,4092800","0,2515900",14,2019,50.0,1.0,1.0,3.0,2158163,1.0,1,1,2,5.0,,0.0,0,1989.0,A01,138Â 293Â 254,1.0,8.0,-1.0,1647888,2.0,31,,0.0,2.0,1.0,B01,138Â 293Â 253,1.0
965537,201900007068,8,7,21:10,3,2,7,1.0,3.0,14536,QUATRE FRANCS (CARREFOUR DES),M,"49,4092800","0,2515900",14,2019,50.0,1.0,1.0,3.0,2158163,1.0,1,1,2,5.0,,0.0,0,1989.0,A01,138Â 293Â 254,1.0,8.0,-1.0,1647889,2.0,7,,0.0,2.0,2.0,A01,138Â 293Â 254,1.0
965538,201900007069,8,8,20:50,2,2,1,1.0,6.0,13204,LIBERATION (BOULEVARD),M,"43,3023600","5,3955900",13,2019,50.0,1.0,1.0,4.0,2158164,10.0,3,3,1,3.0,,3.0,3,1977.0,A01,138Â 293Â 252,8.0,0.0,-1.0,1647890,1.0,7,,0.0,1.0,2.0,A01,138Â 293Â 252,1.0
965538,201900007069,8,8,20:50,2,2,1,1.0,6.0,13204,LIBERATION (BOULEVARD),M,"43,3023600","5,3955900",13,2019,50.0,1.0,1.0,4.0,2158165,1.0,1,1,1,1.0,,0.0,0,1973.0,A01,138Â 293Â 252,1.0,0.0,-1.0,1647890,1.0,7,,0.0,1.0,2.0,A01,138Â 293Â 252,1.0
965539,201900007070,8,7,09:30,1,2,1,1.0,6.0,13204,CHUTES LAVI (AVENUE),M,"43,3106000","5,4007400",13,2019,50.0,1.0,1.0,4.0,2158166,1.0,1,1,1,0.0,,-1.0, -1,1932.0,A01,138Â 293Â 251,1.0,0.0,-1.0,1647891,0.0,7,,0.0,1.0,0.0,A01,138Â 293Â 251,0.0
965539,201900007070,8,7,09:30,1,2,1,1.0,6.0,13204,CHUTES LAVI (AVENUE),M,"43,3106000","5,4007400",13,2019,50.0,1.0,1.0,4.0,2158167,10.0,3,3,1,0.0,,3.0,3,1935.0,A01,138Â 293Â 251,8.0,0.0,-1.0,1647891,0.0,7,,0.0,1.0,0.0,A01,138Â 293Â 251,0.0
965540,201900007071,8,7,07:15,1,2,2,1.0,3.0,13206,ROME (PLACE DE),M,"43,2911000","5,3805000",13,2019,50.0,1.0,1.0,4.0,2158168,1.0,1,1,1,5.0,,0.0,0,1993.0,A01,138Â 293Â 249,1.0,8.0,-1.0,1647892,1.0,7,,0.0,2.0,8.0,A01,138Â 293Â 249,1.0
965540,201900007071,8,7,07:15,1,2,2,1.0,3.0,13206,ROME (PLACE DE),M,"43,2911000","5,3805000",13,2019,50.0,1.0,1.0,4.0,2158168,1.0,1,1,1,5.0,,0.0,0,1993.0,A01,138Â 293Â 249,1.0,8.0,-1.0,1647893,2.0,50,,0.0,2.0,7.0,B01,138Â 293Â 250,3.0
965540,201900007071,8,7,07:15,1,2,2,1.0,3.0,13206,ROME (PLACE DE),M,"43,2911000","5,3805000",13,2019,50.0,1.0,1.0,4.0,2158169,1.0,1,3,1,9.0,,0.0,0,1998.0,B01,138Â 293Â 250,2.0,0.0,-1.0,1647892,1.0,7,,0.0,2.0,8.0,A01,138Â 293Â 249,1.0
965540,201900007071,8,7,07:15,1,2,2,1.0,3.0,13206,ROME (PLACE DE),M,"43,2911000","5,3805000",13,2019,50.0,1.0,1.0,4.0,2158169,1.0,1,3,1,9.0,,0.0,0,1998.0,B01,138Â 293Â 250,2.0,0.0,-1.0,1647893,2.0,50,,0.0,2.0,7.0,B01,138Â 293Â 250,3.0
965540,201900007071,8,7,07:15,1,2,2,1.0,3.0,13206,ROME (PLACE DE),M,"43,2911000","5,3805000",13,2019,50.0,1.0,1.0,4.0,2158170,2.0,2,3,1,9.0,,0.0,0,1980.0,B01,138Â 293Â 250,2.0,0.0,-1.0,1647892,1.0,7,,0.0,2.0,8.0,A01,138Â 293Â 249,1.0
965540,201900007071,8,7,07:15,1,2,2,1.0,3.0,13206,ROME (PLACE DE),M,"43,2911000","5,3805000",13,2019,50.0,1.0,1.0,4.0,2158170,2.0,2,3,1,9.0,,0.0,0,1980.0,B01,138Â 293Â 250,2.0,0.0,-1.0,1647893,2.0,50,,0.0,2.0,7.0,B01,138Â 293Â 250,3.0
965541,201900007072,8,8,09:45,1,2,9,1.0,3.0,94080,NOGENT (AV DE),M,"48,8446000","2,4395000",94,2019,50.0,1.0,1.0,3.0,2158171,1.0,1,4,1,1.0,,-1.0,0,1948.0,B01,138Â 293Â 247,1.0,0.0,-1.0,1647894,2.0,7,,0.0,0.0,8.0,B01,138Â 293Â 247,0.0
965541,201900007072,8,8,09:45,1,2,9,1.0,3.0,94080,NOGENT (AV DE),M,"48,8446000","2,4395000",94,2019,50.0,1.0,1.0,3.0,2158171,1.0,1,4,1,1.0,,-1.0,0,1948.0,B01,138Â 293Â 247,1.0,0.0,-1.0,1647895,1.0,7,,0.0,2.0,1.0,A01,138Â 293Â 248,0.0
965541,201900007072,8,8,09:45,1,2,9,1.0,3.0,94080,NOGENT (AV DE),M,"48,8446000","2,4395000",94,2019,50.0,1.0,1.0,3.0,2158172,1.0,1,1,1,1.0,,-1.0,0,1964.0,A01,138Â 293Â 248,1.0,0.0,-1.0,1647894,2.0,7,,0.0,0.0,8.0,B01,138Â 293Â 247,0.0
965541,201900007072,8,8,09:45,1,2,9,1.0,3.0,94080,NOGENT (AV DE),M,"48,8446000","2,4395000",94,2019,50.0,1.0,1.0,3.0,2158172,1.0,1,1,1,1.0,,-1.0,0,1964.0,A01,138Â 293Â 248,1.0,0.0,-1.0,1647895,1.0,7,,0.0,2.0,1.0,A01,138Â 293Â 248,0.0
965542,201900007073,8,7,21:55,5,2,3,1.0,7.0,94080,MINIMES (AV DES),M,"48,8412000","2,4323000",94,2019,50.0,1.0,1.0,3.0,2158173,1.0,1,4,1,0.0,,-1.0,0,1974.0,A01,138Â 293Â 246,2.0,8.0,-1.0,1647896,1.0,33,,0.0,0.0,0.0,A01,138Â 293Â 246,1.0
965543,201900007074,6,1,16:50,1,2,1,1.0,3.0,93062,NORD (BOULEVARD DU),M,"48,9020237","2,5158655",93,2019,50.0,1.0,1.0,4.0,2158174,10.0,3,4,1,5.0,,3.0,3,2006.0,A01,138Â 293Â 244,8.0,0.0,-1.0,1647897,2.0,60,,0.0,2.0,3.0,A01,138Â 293Â 244,5.0
965543,201900007074,6,1,16:50,1,2,1,1.0,3.0,93062,NORD (BOULEVARD DU),M,"48,9020237","2,5158655",93,2019,50.0,1.0,1.0,4.0,2158174,10.0,3,4,1,5.0,,3.0,3,2006.0,A01,138Â 293Â 244,8.0,0.0,-1.0,1647898,1.0,7,,0.0,1.0,2.0,B01,138Â 293Â 245,0.0
965544,201900007075,5,31,10:58,1,2,2,1.0,3.0,93077,DE GAULLE (BOULEVARD DU GENERAL),M,"48,8849400","2,5195200",93,2019,50.0,1.0,1.0,4.0,2158175,1.0,1,4,1,4.0,,-1.0, -1,1972.0,A01,138Â 293Â 242,8.0,0.0,-1.0,1647899,2.0,10,,0.0,2.0,7.0,A01,138Â 293Â 242,0.0
965544,201900007075,5,31,10:58,1,2,2,1.0,3.0,93077,DE GAULLE (BOULEVARD DU GENERAL),M,"48,8849400","2,5195200",93,2019,50.0,1.0,1.0,4.0,2158175,1.0,1,4,1,4.0,,-1.0, -1,1972.0,A01,138Â 293Â 242,8.0,0.0,-1.0,1647900,2.0,10,,0.0,2.0,1.0,B01,138Â 293Â 243,0.0
965544,201900007075,5,31,10:58,1,2,2,1.0,3.0,93077,DE GAULLE (BOULEVARD DU GENERAL),M,"48,8849400","2,5195200",93,2019,50.0,1.0,1.0,4.0,2158176,1.0,1,1,1,4.0,,-1.0, -1,1990.0,B01,138Â 293Â 243,8.0,0.0,-1.0,1647899,2.0,10,,0.0,2.0,7.0,A01,138Â 293Â 242,0.0
965544,201900007075,5,31,10:58,1,2,2,1.0,3.0,93077,DE GAULLE (BOULEVARD DU GENERAL),M,"48,8849400","2,5195200",93,2019,50.0,1.0,1.0,4.0,2158176,1.0,1,1,1,4.0,,-1.0, -1,1990.0,B01,138Â 293Â 243,8.0,0.0,-1.0,1647900,2.0,10,,0.0,2.0,1.0,B01,138Â 293Â 243,0.0
965545,201900007076,8,5,22:30,5,2,2,1.0,3.0,92035,Verdun 1916 ( avenue de ),M,"48,9055270","2,2351260",92,2019,50.0,1.0,1.0,3.0,2158177,1.0,1,1,2,5.0,,-1.0,0,1982.0,A01,138Â 293Â 240,1.0,8.0,-1.0,1647901,3.0,7,,0.0,2.0,5.0,A01,138Â 293Â 240,0.0
965545,201900007076,8,5,22:30,5,2,2,1.0,3.0,92035,Verdun 1916 ( avenue de ),M,"48,9055270","2,2351260",92,2019,50.0,1.0,1.0,3.0,2158177,1.0,1,1,2,5.0,,-1.0,0,1982.0,A01,138Â 293Â 240,1.0,8.0,-1.0,1647902,3.0,2,,0.0,2.0,1.0,B01,138Â 293Â 241,1.0
965545,201900007076,8,5,22:30,5,2,2,1.0,3.0,92035,Verdun 1916 ( avenue de ),M,"48,9055270","2,2351260",92,2019,50.0,1.0,1.0,3.0,2158178,2.0,2,4,1,5.0,,-1.0,0,1961.0,B01,138Â 293Â 241,2.0,0.0,-1.0,1647901,3.0,7,,0.0,2.0,5.0,A01,138Â 293Â 240,0.0
965545,201900007076,8,5,22:30,5,2,2,1.0,3.0,92035,Verdun 1916 ( avenue de ),M,"48,9055270","2,2351260",92,2019,50.0,1.0,1.0,3.0,2158178,2.0,2,4,1,5.0,,-1.0,0,1961.0,B01,138Â 293Â 241,2.0,0.0,-1.0,1647902,3.0,2,,0.0,2.0,1.0,B01,138Â 293Â 241,1.0
965545,201900007076,8,5,22:30,5,2,2,1.0,3.0,92035,Verdun 1916 ( avenue de ),M,"48,9055270","2,2351260",92,2019,50.0,1.0,1.0,3.0,2158179,1.0,1,4,1,5.0,,-1.0,0,1967.0,B01,138Â 293Â 241,2.0,0.0,-1.0,1647901,3.0,7,,0.0,2.0,5.0,A01,138Â 293Â 240,0.0
965545,201900007076,8,5,22:30,5,2,2,1.0,3.0,92035,Verdun 1916 ( avenue de ),M,"48,9055270","2,2351260",92,2019,50.0,1.0,1.0,3.0,2158179,1.0,1,4,1,5.0,,-1.0,0,1967.0,B01,138Â 293Â 241,2.0,0.0,-1.0,1647902,3.0,2,,0.0,2.0,1.0,B01,138Â 293Â 241,1.0
965546,201900007077,8,8,16:50,1,2,1,1.0,3.0,92025,PAUL BERT (RUE),M,"48,9283500","2,2467610",92,2019,50.0,1.0,1.0,3.0,2158180,1.0,1,4,1,1.0,,-1.0,0,1990.0,B01,138Â 293Â 238,2.0,0.0,-1.0,1647903,3.0,33,,0.0,2.0,0.0,B01,138Â 293Â 238,1.0
965546,201900007077,8,8,16:50,1,2,1,1.0,3.0,92025,PAUL BERT (RUE),M,"48,9283500","2,2467610",92,2019,50.0,1.0,1.0,3.0,2158180,1.0,1,4,1,1.0,,-1.0,0,1990.0,B01,138Â 293Â 238,2.0,0.0,-1.0,1647904,3.0,7,,0.0,2.0,0.0,A01,138Â 293Â 239,1.0
965546,201900007077,8,8,16:50,1,2,1,1.0,3.0,92025,PAUL BERT (RUE),M,"48,9283500","2,2467610",92,2019,50.0,1.0,1.0,3.0,2158181,1.0,1,1,2,0.0,,-1.0,0,1987.0,A01,138Â 293Â 239,1.0,0.0,-1.0,1647903,3.0,33,,0.0,2.0,0.0,B01,138Â 293Â 238,1.0