Unnamed: 0_x,num_acc,mois,jour,hrmn,lum,agg,int,atm,col,com,adr,gps,lat,long,dep,annee,vma,situ,surf,catr,Unnamed: 0_y,place,catu,grav,sexe,trajet,secu,locp,actp,an_nais,num_veh_x,id_vehicule_x,secu1,secu2,secu3,Unnamed: 0,senc,catv,occutc,obs,obsm,choc,num_veh_y,id_vehicule_y,motor
965546,201900007077,8,8,16:50,1,2,1,1.0,3.0,92025,PAUL BERT (RUE),M,"48,9283500","2,2467610",92,2019,50.0,1.0,1.0,3.0,2158181,1.0,1,1,2,0.0,,-1.0,0,1987.0,A01,138Â 293Â 239,1.0,0.0,-1.0,1647904,3.0,7,,0.0,2.0,0.0,A01,138Â 293Â 239,1.0
965547,201900007078,8,8,10:30,1,1,1,1.0,7.0,13023,A50,M,"43,2085500","5,6290600",13,2019,130.0,1.0,1.0,1.0,2158182,1.0,1,4,2,5.0,,-1.0,0,1990.0,A01,138Â 293Â 237,1.0,0.0,-1.0,1647905,2.0,7,,4.0,0.0,3.0,A01,138Â 293Â 237,1.0
965548,201900007079,8,6,14:00,1,1,1,2.0,7.0,95241,RN 104,M,"49,0457300","2,4427800",95,2019,110.0,1.0,2.0,2.0,2158183,1.0,1,4,2,5.0,,-1.0,0,1993.0,A01,138Â 293Â 236,1.0,8.0,-1.0,1647906,1.0,7,,0.0,0.0,9.0,A01,138Â 293Â 236,1.0
965549,201900007080,8,8,16:50,1,2,3,1.0,3.0,98818,DALY (RUE ARNOLD),M," -22,2712800","166,4746500",988,2019,50.0,3.0,1.0,4.0,2158184,1.0,1,1,1,1.0,,0.0,0,1991.0,A01,138Â 293Â 234,1.0,8.0,-1.0,1647907,0.0,7,,0.0,2.0,2.0,A01,138Â 293Â 234,1.0
965549,201900007080,8,8,16:50,1,2,3,1.0,3.0,98818,DALY (RUE ARNOLD),M," -22,2712800","166,4746500",988,2019,50.0,3.0,1.0,4.0,2158184,1.0,1,1,1,1.0,,0.0,0,1991.0,A01,138Â 293Â 234,1.0,8.0,-1.0,1647908,0.0,33,,0.0,2.0,1.0,B01,138Â 293Â 235,1.0
965549,201900007080,8,8,16:50,1,2,3,1.0,3.0,98818,DALY (RUE ARNOLD),M," -22,2712800","166,4746500",988,2019,50.0,3.0,1.0,4.0,2158185,1.0,1,3,1,1.0,,0.0,0,1969.0,B01,138Â 293Â 235,2.0,8.0,-1.0,1647907,0.0,7,,0.0,2.0,2.0,A01,138Â 293Â 234,1.0
965549,201900007080,8,8,16:50,1,2,3,1.0,3.0,98818,DALY (RUE ARNOLD),M," -22,2712800","166,4746500",988,2019,50.0,3.0,1.0,4.0,2158185,1.0,1,3,1,1.0,,0.0,0,1969.0,B01,138Â 293Â 235,2.0,8.0,-1.0,1647908,0.0,33,,0.0,2.0,1.0,B01,138Â 293Â 235,1.0
965550,201900007081,8,10,09:14,1,2,1,1.0,3.0,97611,cavani-Rond point du Stade,M," -12,7844600","45,2209800",976,2019,50.0,1.0,1.0,4.0,2158186,3.0,2,4,1,0.0,,-1.0,0,2014.0,B01,138Â 293Â 232,1.0,0.0,-1.0,1647909,1.0,7,,0.0,2.0,7.0,B01,138Â 293Â 232,1.0
965550,201900007081,8,10,09:14,1,2,1,1.0,3.0,97611,cavani-Rond point du Stade,M," -12,7844600","45,2209800",976,2019,50.0,1.0,1.0,4.0,2158186,3.0,2,4,1,0.0,,-1.0,0,2014.0,B01,138Â 293Â 232,1.0,0.0,-1.0,1647910,1.0,7,,1.0,0.0,2.0,A01,138Â 293Â 233,1.0
965550,201900007081,8,10,09:14,1,2,1,1.0,3.0,97611,cavani-Rond point du Stade,M," -12,7844600","45,2209800",976,2019,50.0,1.0,1.0,4.0,2158187,1.0,1,4,1,0.0,,-1.0,0,1974.0,B01,138Â 293Â 232,1.0,8.0,-1.0,1647909,1.0,7,,0.0,2.0,7.0,B01,138Â 293Â 232,1.0
965550,201900007081,8,10,09:14,1,2,1,1.0,3.0,97611,cavani-Rond point du Stade,M," -12,7844600","45,2209800",976,2019,50.0,1.0,1.0,4.0,2158187,1.0,1,4,1,0.0,,-1.0,0,1974.0,B01,138Â 293Â 232,1.0,8.0,-1.0,1647910,1.0,7,,1.0,0.0,2.0,A01,138Â 293Â 233,1.0
965550,201900007081,8,10,09:14,1,2,1,1.0,3.0,97611,cavani-Rond point du Stade,M," -12,7844600","45,2209800",976,2019,50.0,1.0,1.0,4.0,2158188,1.0,1,1,1,0.0,,-1.0,0,2001.0,A01,138Â 293Â 233,1.0,8.0,-1.0,1647909,1.0,7,,0.0,2.0,7.0,B01,138Â 293Â 232,1.0
965550,201900007081,8,10,09:14,1,2,1,1.0,3.0,97611,cavani-Rond point du Stade,M," -12,7844600","45,2209800",976,2019,50.0,1.0,1.0,4.0,2158188,1.0,1,1,1,0.0,,-1.0,0,2001.0,A01,138Â 293Â 233,1.0,8.0,-1.0,1647910,1.0,7,,1.0,0.0,2.0,A01,138Â 293Â 233,1.0
965551,201900007082,8,7,16:30,1,2,1,1.0,6.0,97611,cavani-Selemani ( rue ),M," -12,7870700","45,2178900",976,2019,50.0,1.0,1.0,4.0,2158189,10.0,3,4,1,0.0,,5.0,2,1998.0,A01,138Â 293Â 231,8.0,0.0,-1.0,1647911,2.0,7,,12.0,1.0,3.0,A01,138Â 293Â 231,1.0
965551,201900007082,8,7,16:30,1,2,1,1.0,6.0,97611,cavani-Selemani ( rue ),M," -12,7870700","45,2178900",976,2019,50.0,1.0,1.0,4.0,2158190,1.0,1,1,2,0.0,,-1.0,0,1992.0,A01,138Â 293Â 231,1.0,8.0,-1.0,1647911,2.0,7,,12.0,1.0,3.0,A01,138Â 293Â 231,1.0
965552,201900007083,8,7,11:30,1,2,1,1.0,6.0,97611,m'tsapere-MosquÃ©e Maevantana (ruelle ),M," -12,7891200","45,2188000",976,2019,50.0,1.0,1.0,4.0,2158191,10.0,3,3,1,0.0,,6.0,9,1976.0,A01,138Â 293Â 230,8.0,0.0,-1.0,1647912,2.0,7,,6.0,0.0,1.0,A01,138Â 293Â 230,1.0
965552,201900007083,8,7,11:30,1,2,1,1.0,6.0,97611,m'tsapere-MosquÃ©e Maevantana (ruelle ),M," -12,7891200","45,2188000",976,2019,50.0,1.0,1.0,4.0,2158192,1.0,1,1,1,0.0,,-1.0,0,1973.0,A01,138Â 293Â 230,1.0,8.0,-1.0,1647912,2.0,7,,6.0,0.0,1.0,A01,138Â 293Â 230,1.0
965553,201900007084,8,7,13:30,1,2,3,1.0,3.0,97611,kaweni-SPPM ( rue de la ),M," -12,7708100","45,2221900",976,2019,50.0,2.0,1.0,4.0,2158193,1.0,1,1,2,0.0,,-1.0,0,1993.0,A01,138Â 293Â 228,1.0,8.0,-1.0,1647913,2.0,7,,0.0,2.0,8.0,A01,138Â 293Â 228,1.0
965553,201900007084,8,7,13:30,1,2,3,1.0,3.0,97611,kaweni-SPPM ( rue de la ),M," -12,7708100","45,2221900",976,2019,50.0,2.0,1.0,4.0,2158193,1.0,1,1,2,0.0,,-1.0,0,1993.0,A01,138Â 293Â 228,1.0,8.0,-1.0,1647914,1.0,30,,0.0,2.0,1.0,B01,138Â 293Â 229,1.0
965553,201900007084,8,7,13:30,1,2,3,1.0,3.0,97611,kaweni-SPPM ( rue de la ),M," -12,7708100","45,2221900",976,2019,50.0,2.0,1.0,4.0,2158194,1.0,1,4,1,0.0,,-1.0,0,1997.0,B01,138Â 293Â 229,2.0,8.0,-1.0,1647913,2.0,7,,0.0,2.0,8.0,A01,138Â 293Â 228,1.0
965553,201900007084,8,7,13:30,1,2,3,1.0,3.0,97611,kaweni-SPPM ( rue de la ),M," -12,7708100","45,2221900",976,2019,50.0,2.0,1.0,4.0,2158194,1.0,1,4,1,0.0,,-1.0,0,1997.0,B01,138Â 293Â 229,2.0,8.0,-1.0,1647914,1.0,30,,0.0,2.0,1.0,B01,138Â 293Â 229,1.0
965554,201900007085,8,9,22:45,5,2,1,1.0,2.0,97416,ARCHAMBAUD (RUE),M," -21,3297900","55,4800600",974,2019,50.0,1.0,1.0,2.0,2158195,1.0,1,3,1,5.0,,-1.0,0,1985.0,A01,138Â 293Â 226,2.0,0.0,-1.0,1647915,2.0,30,,0.0,2.0,1.0,A01,138Â 293Â 226,1.0
965554,201900007085,8,9,22:45,5,2,1,1.0,2.0,97416,ARCHAMBAUD (RUE),M," -21,3297900","55,4800600",974,2019,50.0,1.0,1.0,2.0,2158195,1.0,1,3,1,5.0,,-1.0,0,1985.0,A01,138Â 293Â 226,2.0,0.0,-1.0,1647916,2.0,7,,0.0,2.0,5.0,B01,138Â 293Â 227,1.0
965554,201900007085,8,9,22:45,5,2,1,1.0,2.0,97416,ARCHAMBAUD (RUE),M," -21,3297900","55,4800600",974,2019,50.0,1.0,1.0,2.0,2158196,1.0,1,1,2,5.0,,-1.0, -1,1997.0,B01,138Â 293Â 227,1.0,0.0,-1.0,1647915,2.0,30,,0.0,2.0,1.0,A01,138Â 293Â 226,1.0
965554,201900007085,8,9,22:45,5,2,1,1.0,2.0,97416,ARCHAMBAUD (RUE),M," -21,3297900","55,4800600",974,2019,50.0,1.0,1.0,2.0,2158196,1.0,1,1,2,5.0,,-1.0, -1,1997.0,B01,138Â 293Â 227,1.0,0.0,-1.0,1647916,2.0,7,,0.0,2.0,5.0,B01,138Â 293Â 227,1.0
965555,201900007086,8,9,12:35,1,1,9,1.0,5.0,97416,RN 01,M," -21,3434000","55,4867000",974,2019,110.0,1.0,1.0,2.0,2158197,1.0,1,1,1,9.0,,-1.0, -1,1954.0,C01,138Â 293Â 223,1.0,8.0,-1.0,1647917,1.0,7,,0.0,2.0,4.0,C01,138Â 293Â 223,1.0
965555,201900007086,8,9,12:35,1,1,9,1.0,5.0,97416,RN 01,M," -21,3434000","55,4867000",974,2019,110.0,1.0,1.0,2.0,2158197,1.0,1,1,1,9.0,,-1.0, -1,1954.0,C01,138Â 293Â 223,1.0,8.0,-1.0,1647918,1.0,7,,0.0,2.0,4.0,B01,138Â 293Â 224,1.0
965555,201900007086,8,9,12:35,1,1,9,1.0,5.0,97416,RN 01,M," -21,3434000","55,4867000",974,2019,110.0,1.0,1.0,2.0,2158197,1.0,1,1,1,9.0,,-1.0, -1,1954.0,C01,138Â 293Â 223,1.0,8.0,-1.0,1647919,1.0,7,,0.0,2.0,1.0,A01,138Â 293Â 225,1.0
965555,201900007086,8,9,12:35,1,1,9,1.0,5.0,97416,RN 01,M," -21,3434000","55,4867000",974,2019,110.0,1.0,1.0,2.0,2158198,2.0,2,1,1,9.0,,-1.0, -1,2006.0,B01,138Â 293Â 224,1.0,8.0,-1.0,1647917,1.0,7,,0.0,2.0,4.0,C01,138Â 293Â 223,1.0
965555,201900007086,8,9,12:35,1,1,9,1.0,5.0,97416,RN 01,M," -21,3434000","55,4867000",974,2019,110.0,1.0,1.0,2.0,2158198,2.0,2,1,1,9.0,,-1.0, -1,2006.0,B01,138Â 293Â 224,1.0,8.0,-1.0,1647918,1.0,7,,0.0,2.0,4.0,B01,138Â 293Â 224,1.0
965555,201900007086,8,9,12:35,1,1,9,1.0,5.0,97416,RN 01,M," -21,3434000","55,4867000",974,2019,110.0,1.0,1.0,2.0,2158198,2.0,2,1,1,9.0,,-1.0, -1,2006.0,B01,138Â 293Â 224,1.0,8.0,-1.0,1647919,1.0,7,,0.0,2.0,1.0,A01,138Â 293Â 225,1.0
965555,201900007086,8,9,12:35,1,1,9,1.0,5.0,97416,RN 01,M," -21,3434000","55,4867000",974,2019,110.0,1.0,1.0,2.0,2158199,5.0,2,1,2,9.0,,-1.0, -1,2015.0,B01,138Â 293Â 224,1.0,8.0,-1.0,1647917,1.0,7,,0.0,2.0,4.0,C01,138Â 293Â 223,1.0
965555,201900007086,8,9,12:35,1,1,9,1.0,5.0,97416,RN 01,M," -21,3434000","55,4867000",974,2019,110.0,1.0,1.0,2.0,2158199,5.0,2,1,2,9.0,,-1.0, -1,2015.0,B01,138Â 293Â 224,1.0,8.0,-1.0,1647918,1.0,7,,0.0,2.0,4.0,B01,138Â 293Â 224,1.0
965555,201900007086,8,9,12:35,1,1,9,1.0,5.0,97416,RN 01,M," -21,3434000","55,4867000",974,2019,110.0,1.0,1.0,2.0,2158199,5.0,2,1,2,9.0,,-1.0, -1,2015.0,B01,138Â 293Â 224,1.0,8.0,-1.0,1647919,1.0,7,,0.0,2.0,1.0,A01,138Â 293Â 225,1.0
965555,201900007086,8,9,12:35,1,1,9,1.0,5.0,97416,RN 01,M," -21,3434000","55,4867000",974,2019,110.0,1.0,1.0,2.0,2158200,4.0,2,4,1,9.0,,-1.0, -1,2008.0,B01,138Â 293Â 224,1.0,0.0,-1.0,1647917,1.0,7,,0.0,2.0,4.0,C01,138Â 293Â 223,1.0
965555,201900007086,8,9,12:35,1,1,9,1.0,5.0,97416,RN 01,M," -21,3434000","55,4867000",974,2019,110.0,1.0,1.0,2.0,2158200,4.0,2,4,1,9.0,,-1.0, -1,2008.0,B01,138Â 293Â 224,1.0,0.0,-1.0,1647918,1.0,7,,0.0,2.0,4.0,B01,138Â 293Â 224,1.0
965555,201900007086,8,9,12:35,1,1,9,1.0,5.0,97416,RN 01,M," -21,3434000","55,4867000",974,2019,110.0,1.0,1.0,2.0,2158200,4.0,2,4,1,9.0,,-1.0, -1,2008.0,B01,138Â 293Â 224,1.0,0.0,-1.0,1647919,1.0,7,,0.0,2.0,1.0,A01,138Â 293Â 225,1.0
965555,201900007086,8,9,12:35,1,1,9,1.0,5.0,97416,RN 01,M," -21,3434000","55,4867000",974,2019,110.0,1.0,1.0,2.0,2158201,3.0,2,4,1,9.0,,-1.0, -1,2009.0,B01,138Â 293Â 224,1.0,0.0,-1.0,1647917,1.0,7,,0.0,2.0,4.0,C01,138Â 293Â 223,1.0
965555,201900007086,8,9,12:35,1,1,9,1.0,5.0,97416,RN 01,M," -21,3434000","55,4867000",974,2019,110.0,1.0,1.0,2.0,2158201,3.0,2,4,1,9.0,,-1.0, -1,2009.0,B01,138Â 293Â 224,1.0,0.0,-1.0,1647918,1.0,7,,0.0,2.0,4.0,B01,138Â 293Â 224,1.0
965555,201900007086,8,9,12:35,1,1,9,1.0,5.0,97416,RN 01,M," -21,3434000","55,4867000",974,2019,110.0,1.0,1.0,2.0,2158201,3.0,2,4,1,9.0,,-1.0, -1,2009.0,B01,138Â 293Â 224,1.0,0.0,-1.0,1647919,1.0,7,,0.0,2.0,1.0,A01,138Â 293Â 225,1.0
965555,201900007086,8,9,12:35,1,1,9,1.0,5.0,97416,RN 01,M," -21,3434000","55,4867000",974,2019,110.0,1.0,1.0,2.0,2158202,1.0,1,4,2,0.0,,-1.0, -1,1978.0,B01,138Â 293Â 224,1.0,0.0,-1.0,1647917,1.0,7,,0.0,2.0,4.0,C01,138Â 293Â 223,1.0
965555,201900007086,8,9,12:35,1,1,9,1.0,5.0,97416,RN 01,M," -21,3434000","55,4867000",974,2019,110.0,1.0,1.0,2.0,2158202,1.0,1,4,2,0.0,,-1.0, -1,1978.0,B01,138Â 293Â 224,1.0,0.0,-1.0,1647918,1.0,7,,0.0,2.0,4.0,B01,138Â 293Â 224,1.0
965555,201900007086,8,9,12:35,1,1,9,1.0,5.0,97416,RN 01,M," -21,3434000","55,4867000",974,2019,110.0,1.0,1.0,2.0,2158202,1.0,1,4,2,0.0,,-1.0, -1,1978.0,B01,138Â 293Â 224,1.0,0.0,-1.0,1647919,1.0,7,,0.0,2.0,1.0,A01,138Â 293Â 225,1.0
965555,201900007086,8,9,12:35,1,1,9,1.0,5.0,97416,RN 01,M," -21,3434000","55,4867000",974,2019,110.0,1.0,1.0,2.0,2158203,1.0,1,1,1,9.0,,-1.0, -1,1999.0,A01,138Â 293Â 225,1.0,0.0,-1.0,1647917,1.0,7,,0.0,2.0,4.0,C01,138Â 293Â 223,1.0
965555,201900007086,8,9,12:35,1,1,9,1.0,5.0,97416,RN 01,M," -21,3434000","55,4867000",974,2019,110.0,1.0,1.0,2.0,2158203,1.0,1,1,1,9.0,,-1.0, -1,1999.0,A01,138Â 293Â 225,1.0,0.0,-1.0,1647918,1.0,7,,0.0,2.0,4.0,B01,138Â 293Â 224,1.0
965555,201900007086,8,9,12:35,1,1,9,1.0,5.0,97416,RN 01,M," -21,3434000","55,4867000",974,2019,110.0,1.0,1.0,2.0,2158203,1.0,1,1,1,9.0,,-1.0, -1,1999.0,A01,138Â 293Â 225,1.0,0.0,-1.0,1647919,1.0,7,,0.0,2.0,1.0,A01,138Â 293Â 225,1.0
965555,201900007086,8,9,12:35,1,1,9,1.0,5.0,97416,RN 01,M," -21,3434000","55,4867000",974,2019,110.0,1.0,1.0,2.0,2158204,2.0,2,1,2,9.0,,-1.0, -1,2001.0,A01,138Â 293Â 225,1.0,8.0,-1.0,1647917,1.0,7,,0.0,2.0,4.0,C01,138Â 293Â 223,1.0
965555,201900007086,8,9,12:35,1,1,9,1.0,5.0,97416,RN 01,M," -21,3434000","55,4867000",974,2019,110.0,1.0,1.0,2.0,2158204,2.0,2,1,2,9.0,,-1.0, -1,2001.0,A01,138Â 293Â 225,1.0,8.0,-1.0,1647918,1.0,7,,0.0,2.0,4.0,B01,138Â 293Â 224,1.0
965555,201900007086,8,9,12:35,1,1,9,1.0,5.0,97416,RN 01,M," -21,3434000","55,4867000",974,2019,110.0,1.0,1.0,2.0,2158204,2.0,2,1,2,9.0,,-1.0, -1,2001.0,A01,138Â 293Â 225,1.0,8.0,-1.0,1647919,1.0,7,,0.0,2.0,1.0,A01,138Â 293Â 225,1.0
965556,201900007087,8,7,09:30,1,1,1,1.0,7.0,97416,D28 LIGNE DES BAMBOUS,M," -21,3022300","55,4935900",974,2019,50.0,1.0,1.0,3.0,2158205,2.0,2,4,1,0.0,,-1.0, -1,2011.0,A01,138Â 293Â 222,8.0,0.0,-1.0,1647920,2.0,1,,0.0,0.0,0.0,A01,138Â 293Â 222,5.0
965556,201900007087,8,7,09:30,1,1,1,1.0,7.0,97416,D28 LIGNE DES BAMBOUS,M," -21,3022300","55,4935900",974,2019,50.0,1.0,1.0,3.0,2158206,2.0,1,4,1,0.0,,-1.0,0,2006.0,A01,138Â 293Â 222,8.0,0.0,-1.0,1647920,2.0,1,,0.0,0.0,0.0,A01,138Â 293Â 222,5.0
965557,201900007088,8,9,07:17,1,1,1,1.0,1.0,97411,MONTAGNE (ROUTE DE LA),M," -20,8857800","55,4388500",974,2019,70.0,1.0,1.0,3.0,2158207,1.0,1,3,1,1.0,,-1.0, -1,1958.0,B01,138Â 293Â 220,1.0,0.0,-1.0,1647921,3.0,7,,0.0,2.0,3.0,B01,138Â 293Â 220,1.0
965557,201900007088,8,9,07:17,1,1,1,1.0,1.0,97411,MONTAGNE (ROUTE DE LA),M," -20,8857800","55,4388500",974,2019,70.0,1.0,1.0,3.0,2158207,1.0,1,3,1,1.0,,-1.0, -1,1958.0,B01,138Â 293Â 220,1.0,0.0,-1.0,1647922,3.0,7,,0.0,2.0,3.0,A01,138Â 293Â 221,1.0
965557,201900007088,8,9,07:17,1,1,1,1.0,1.0,97411,MONTAGNE (ROUTE DE LA),M," -20,8857800","55,4388500",974,2019,70.0,1.0,1.0,3.0,2158208,2.0,2,4,1,5.0,,-1.0,0,2000.0,A01,138Â 293Â 221,1.0,0.0,-1.0,1647921,3.0,7,,0.0,2.0,3.0,B01,138Â 293Â 220,1.0
965557,201900007088,8,9,07:17,1,1,1,1.0,1.0,97411,MONTAGNE (ROUTE DE LA),M," -20,8857800","55,4388500",974,2019,70.0,1.0,1.0,3.0,2158208,2.0,2,4,1,5.0,,-1.0,0,2000.0,A01,138Â 293Â 221,1.0,0.0,-1.0,1647922,3.0,7,,0.0,2.0,3.0,A01,138Â 293Â 221,1.0
965557,201900007088,8,9,07:17,1,1,1,1.0,1.0,97411,MONTAGNE (ROUTE DE LA),M," -20,8857800","55,4388500",974,2019,70.0,1.0,1.0,3.0,2158209,1.0,1,4,1,5.0,,-1.0,0,2000.0,A01,138Â 293Â 221,1.0,0.0,-1.0,1647921,3.0,7,,0.0,2.0,3.0,B01,138Â 293Â 220,1.0
965557,201900007088,8,9,07:17,1,1,1,1.0,1.0,97411,MONTAGNE (ROUTE DE LA),M," -20,8857800","55,4388500",974,2019,70.0,1.0,1.0,3.0,2158209,1.0,1,4,1,5.0,,-1.0,0,2000.0,A01,138Â 293Â 221,1.0,0.0,-1.0,1647922,3.0,7,,0.0,2.0,3.0,A01,138Â 293Â 221,1.0
965558,201900007089,8,7,14:45,1,1,1,1.0,3.0,97411,LITTORAL (ROUTE 1 DU),M," -20,8818000","55,3957000",974,2019,90.0,1.0,1.0,2.0,2158210,1.0,1,1,1,4.0,,-1.0, -1,1967.0,A01,138Â 293Â 218,1.0,0.0,-1.0,1647923,3.0,13,,0.0,2.0,2.0,A01,138Â 293Â 218,0.0
965558,201900007089,8,7,14:45,1,1,1,1.0,3.0,97411,LITTORAL (ROUTE 1 DU),M," -20,8818000","55,3957000",974,2019,90.0,1.0,1.0,2.0,2158210,1.0,1,1,1,4.0,,-1.0, -1,1967.0,A01,138Â 293Â 218,1.0,0.0,-1.0,1647924,3.0,7,,0.0,2.0,4.0,B01,138Â 293Â 219,0.0
965558,201900007089,8,7,14:45,1,1,1,1.0,3.0,97411,LITTORAL (ROUTE 1 DU),M," -20,8818000","55,3957000",974,2019,90.0,1.0,1.0,2.0,2158211,1.0,1,4,2,0.0,,-1.0, -1,1996.0,B01,138Â 293Â 219,1.0,0.0,-1.0,1647923,3.0,13,,0.0,2.0,2.0,A01,138Â 293Â 218,0.0
965558,201900007089,8,7,14:45,1,1,1,1.0,3.0,97411,LITTORAL (ROUTE 1 DU),M," -20,8818000","55,3957000",974,2019,90.0,1.0,1.0,2.0,2158211,1.0,1,4,2,0.0,,-1.0, -1,1996.0,B01,138Â 293Â 219,1.0,0.0,-1.0,1647924,3.0,7,,0.0,2.0,4.0,B01,138Â 293Â 219,0.0
965559,201900007090,8,7,13:50,1,2,9,1.0,6.0,97411,LECONTE DE LISLE (AVENUE),M," -20,8890000","55,4770000",974,2019,50.0,1.0,1.0,4.0,2158212,1.0,1,1,1,3.0,,-1.0, -1,1978.0,A01,138Â 293Â 217,1.0,0.0,-1.0,1647925,0.0,10,,15.0,0.0,1.0,A01,138Â 293Â 217,1.0
965559,201900007090,8,7,13:50,1,2,9,1.0,6.0,97411,LECONTE DE LISLE (AVENUE),M," -20,8890000","55,4770000",974,2019,50.0,1.0,1.0,4.0,2158213,10.0,3,4,2,0.0,,7.0,B,2004.0,A01,138Â 293Â 217,8.0,0.0,-1.0,1647925,0.0,10,,15.0,0.0,1.0,A01,138Â 293Â 217,1.0
965560,201900007091,8,7,11:32,1,2,1,1.0,3.0,97411,HOARAU (VALLON),M," -20,8862160","55,4762830",974,2019,50.0,1.0,1.0,4.0,2158214,1.0,1,4,1,5.0,,-1.0, -1,1961.0,A01,138Â 293Â 215,2.0,6.0,-1.0,1647926,2.0,33,,0.0,2.0,5.0,A01,138Â 293Â 215,1.0
965560,201900007091,8,7,11:32,1,2,1,1.0,3.0,97411,HOARAU (VALLON),M," -20,8862160","55,4762830",974,2019,50.0,1.0,1.0,4.0,2158214,1.0,1,4,1,5.0,,-1.0, -1,1961.0,A01,138Â 293Â 215,2.0,6.0,-1.0,1647927,2.0,7,,0.0,2.0,3.0,B01,138Â 293Â 216,1.0
965560,201900007091,8,7,11:32,1,2,1,1.0,3.0,97411,HOARAU (VALLON),M," -20,8862160","55,4762830",974,2019,50.0,1.0,1.0,4.0,2158215,1.0,1,1,2,0.0,,-1.0, -1,1998.0,B01,138Â 293Â 216,1.0,8.0,-1.0,1647926,2.0,33,,0.0,2.0,5.0,A01,138Â 293Â 215,1.0
965560,201900007091,8,7,11:32,1,2,1,1.0,3.0,97411,HOARAU (VALLON),M," -20,8862160","55,4762830",974,2019,50.0,1.0,1.0,4.0,2158215,1.0,1,1,2,0.0,,-1.0, -1,1998.0,B01,138Â 293Â 216,1.0,8.0,-1.0,1647927,2.0,7,,0.0,2.0,3.0,B01,138Â 293Â 216,1.0
965561,201900007092,8,8,16:40,1,2,1,1.0,6.0,97407,ARAGON LOUIS(AVENUE),M," -20,9451400","55,3001600",974,2019,50.0,1.0,1.0,4.0,2158216,1.0,1,1,1,0.0,,0.0,0,1996.0,A01,138Â 293Â 214,8.0,0.0,-1.0,1647928,3.0,7,,0.0,1.0,5.0,A01,138Â 293Â 214,0.0
965561,201900007092,8,8,16:40,1,2,1,1.0,6.0,97407,ARAGON LOUIS(AVENUE),M," -20,9451400","55,3001600",974,2019,50.0,1.0,1.0,4.0,2158217,10.0,3,3,2,0.0,,3.0,3,1956.0,A01,138Â 293Â 214,8.0,0.0,-1.0,1647928,3.0,7,,0.0,1.0,5.0,A01,138Â 293Â 214,0.0
965562,201900007093,8,10,20:40,5,2,1,1.0,6.0,97302,MANDELA  (BOULEVARD),M,"4,9416151"," -52,3270655",973,2019,50.0,1.0,1.0,4.0,2158218,10.0,3,3,1,5.0,,3.0,3,1945.0,A01,138Â 293Â 213,8.0,0.0,-1.0,1647929,1.0,7,,0.0,1.0,7.0,A01,138Â 293Â 213,1.0
965562,201900007093,8,10,20:40,5,2,1,1.0,6.0,97302,MANDELA  (BOULEVARD),M,"4,9416151"," -52,3270655",973,2019,50.0,1.0,1.0,4.0,2158219,1.0,1,1,1,0.0,,-1.0,0,1976.0,A01,138Â 293Â 213,1.0,0.0,-1.0,1647929,1.0,7,,0.0,1.0,7.0,A01,138Â 293Â 213,1.0
965563,201900007094,8,9,13:10,1,2,1,1.0,3.0,97302,FELIX EBOUE(ROCADE),M,"4,9281041"," -52,3177528",973,2019,70.0,1.0,1.0,3.0,2158220,1.0,1,4,1,9.0,,-1.0, -1,1983.0,A01,138Â 293Â 211,8.0,0.0,-1.0,1647930,2.0,1,,0.0,2.0,0.0,A01,138Â 293Â 211,0.0
965563,201900007094,8,9,13:10,1,2,1,1.0,3.0,97302,FELIX EBOUE(ROCADE),M,"4,9281041"," -52,3177528",973,2019,70.0,1.0,1.0,3.0,2158220,1.0,1,4,1,9.0,,-1.0, -1,1983.0,A01,138Â 293Â 211,8.0,0.0,-1.0,1647931,1.0,7,,0.0,2.0,1.0,B01,138Â 293Â 212,0.0
965563,201900007094,8,9,13:10,1,2,1,1.0,3.0,97302,FELIX EBOUE(ROCADE),M,"4,9281041"," -52,3177528",973,2019,70.0,1.0,1.0,3.0,2158221,1.0,1,1,1,0.0,,-1.0, -1,1949.0,B01,138Â 293Â 212,1.0,0.0,-1.0,1647930,2.0,1,,0.0,2.0,0.0,A01,138Â 293Â 211,0.0
965563,201900007094,8,9,13:10,1,2,1,1.0,3.0,97302,FELIX EBOUE(ROCADE),M,"4,9281041"," -52,3177528",973,2019,70.0,1.0,1.0,3.0,2158221,1.0,1,1,1,0.0,,-1.0, -1,1949.0,B01,138Â 293Â 212,1.0,0.0,-1.0,1647931,1.0,7,,0.0,2.0,1.0,B01,138Â 293Â 212,0.0
965564,201900007095,8,9,12:40,1,1,1,1.0,3.0,97302,ROUTE NATIONALE 1,M,"4,9132780"," -52,3285085",973,2019,90.0,1.0,1.0,2.0,2158222,1.0,1,1,1,0.0,,-1.0, -1,1901.0,Z01,138Â 293Â 209,1.0,0.0,-1.0,1647932,1.0,7,,0.0,2.0,0.0,Z01,138Â 293Â 209,0.0