Unnamed: 0_x,num_acc,mois,jour,hrmn,lum,agg,int,atm,col,com,adr,gps,lat,long,dep,annee,vma,situ,surf,catr,Unnamed: 0_y,place,catu,grav,sexe,trajet,secu,locp,actp,an_nais,num_veh_x,id_vehicule_x,secu1,secu2,secu3,Unnamed: 0,senc,catv,occutc,obs,obsm,choc,num_veh_y,id_vehicule_y,motor
965564,201900007095,8,9,12:40,1,1,1,1.0,3.0,97302,ROUTE NATIONALE 1,M,"4,9132780"," -52,3285085",973,2019,90.0,1.0,1.0,2.0,2158222,1.0,1,1,1,0.0,,-1.0, -1,1901.0,Z01,138Â 293Â 209,1.0,0.0,-1.0,1647933,1.0,7,,0.0,2.0,7.0,B01,138Â 293Â 210,0.0
965564,201900007095,8,9,12:40,1,1,1,1.0,3.0,97302,ROUTE NATIONALE 1,M,"4,9132780"," -52,3285085",973,2019,90.0,1.0,1.0,2.0,2158223,1.0,1,4,2,0.0,,-1.0, -1,1987.0,B01,138Â 293Â 210,1.0,0.0,-1.0,1647932,1.0,7,,0.0,2.0,0.0,Z01,138Â 293Â 209,0.0
965564,201900007095,8,9,12:40,1,1,1,1.0,3.0,97302,ROUTE NATIONALE 1,M,"4,9132780"," -52,3285085",973,2019,90.0,1.0,1.0,2.0,2158223,1.0,1,4,2,0.0,,-1.0, -1,1987.0,B01,138Â 293Â 210,1.0,0.0,-1.0,1647933,1.0,7,,0.0,2.0,7.0,B01,138Â 293Â 210,0.0
965565,201900007096,8,8,13:15,1,2,1,1.0,3.0,97302,CATAYEE (JUSTIN),M,"4,9271000"," -52,3246500",973,2019,50.0,1.0,1.0,3.0,2158224,1.0,1,1,2,0.0,,-1.0,0,1964.0,A01,138Â 293Â 207,1.0,0.0,-1.0,1647934,2.0,7,,0.0,2.0,3.0,A01,138Â 293Â 207,1.0
965565,201900007096,8,8,13:15,1,2,1,1.0,3.0,97302,CATAYEE (JUSTIN),M,"4,9271000"," -52,3246500",973,2019,50.0,1.0,1.0,3.0,2158224,1.0,1,1,2,0.0,,-1.0,0,1964.0,A01,138Â 293Â 207,1.0,0.0,-1.0,1647935,1.0,30,,0.0,2.0,1.0,B01,138Â 293Â 208,1.0
965565,201900007096,8,8,13:15,1,2,1,1.0,3.0,97302,CATAYEE (JUSTIN),M,"4,9271000"," -52,3246500",973,2019,50.0,1.0,1.0,3.0,2158225,1.0,1,4,1,9.0,,-1.0,0,1967.0,B01,138Â 293Â 208,2.0,0.0,-1.0,1647934,2.0,7,,0.0,2.0,3.0,A01,138Â 293Â 207,1.0
965565,201900007096,8,8,13:15,1,2,1,1.0,3.0,97302,CATAYEE (JUSTIN),M,"4,9271000"," -52,3246500",973,2019,50.0,1.0,1.0,3.0,2158225,1.0,1,4,1,9.0,,-1.0,0,1967.0,B01,138Â 293Â 208,2.0,0.0,-1.0,1647935,1.0,30,,0.0,2.0,1.0,B01,138Â 293Â 208,1.0
965565,201900007096,8,8,13:15,1,2,1,1.0,3.0,97302,CATAYEE (JUSTIN),M,"4,9271000"," -52,3246500",973,2019,50.0,1.0,1.0,3.0,2158226,5.0,2,4,2,9.0,,-1.0,0,1971.0,B01,138Â 293Â 208,2.0,0.0,-1.0,1647934,2.0,7,,0.0,2.0,3.0,A01,138Â 293Â 207,1.0
965565,201900007096,8,8,13:15,1,2,1,1.0,3.0,97302,CATAYEE (JUSTIN),M,"4,9271000"," -52,3246500",973,2019,50.0,1.0,1.0,3.0,2158226,5.0,2,4,2,9.0,,-1.0,0,1971.0,B01,138Â 293Â 208,2.0,0.0,-1.0,1647935,1.0,30,,0.0,2.0,1.0,B01,138Â 293Â 208,1.0
965566,201900007097,8,9,11:00,1,2,9,1.0,3.0,97302,MANDELA  (BOULEVARD),M,"4,9404232"," -52,3267543",973,2019,50.0,1.0,1.0,4.0,2158227,1.0,1,1,1,0.0,,-1.0,0,1930.0,A01,138Â 293Â 205,1.0,8.0,-1.0,1647936,1.0,7,,0.0,0.0,1.0,A01,138Â 293Â 205,6.0
965566,201900007097,8,9,11:00,1,2,9,1.0,3.0,97302,MANDELA  (BOULEVARD),M,"4,9404232"," -52,3267543",973,2019,50.0,1.0,1.0,4.0,2158227,1.0,1,1,1,0.0,,-1.0,0,1930.0,A01,138Â 293Â 205,1.0,8.0,-1.0,1647937,1.0,1,,0.0,2.0,0.0,B01,138Â 293Â 206,0.0
965566,201900007097,8,9,11:00,1,2,9,1.0,3.0,97302,MANDELA  (BOULEVARD),M,"4,9404232"," -52,3267543",973,2019,50.0,1.0,1.0,4.0,2158228,1.0,1,4,1,0.0,,-1.0,0,1985.0,B01,138Â 293Â 206,0.0,-1.0,-1.0,1647936,1.0,7,,0.0,0.0,1.0,A01,138Â 293Â 205,6.0
965566,201900007097,8,9,11:00,1,2,9,1.0,3.0,97302,MANDELA  (BOULEVARD),M,"4,9404232"," -52,3267543",973,2019,50.0,1.0,1.0,4.0,2158228,1.0,1,4,1,0.0,,-1.0,0,1985.0,B01,138Â 293Â 206,0.0,-1.0,-1.0,1647937,1.0,1,,0.0,2.0,0.0,B01,138Â 293Â 206,0.0
965567,201900007098,8,7,14:20,1,1,9,1.0,3.0,97302,ROUTE NATIONALE 3,M,"4,9017013"," -52,3120612",973,2019,70.0,1.0,1.0,3.0,2158229,1.0,1,1,2,9.0,,-1.0,0,1986.0,A01,138Â 293Â 203,2.0,8.0,-1.0,1647938,1.0,32,,0.0,2.0,3.0,A01,138Â 293Â 203,0.0
965567,201900007098,8,7,14:20,1,1,9,1.0,3.0,97302,ROUTE NATIONALE 3,M,"4,9017013"," -52,3120612",973,2019,70.0,1.0,1.0,3.0,2158229,1.0,1,1,2,9.0,,-1.0,0,1986.0,A01,138Â 293Â 203,2.0,8.0,-1.0,1647939,1.0,31,,0.0,2.0,7.0,B01,138Â 293Â 204,0.0
965567,201900007098,8,7,14:20,1,1,9,1.0,3.0,97302,ROUTE NATIONALE 3,M,"4,9017013"," -52,3120612",973,2019,70.0,1.0,1.0,3.0,2158230,2.0,2,1,2,0.0,,-1.0, -1,2003.0,B01,138Â 293Â 204,2.0,8.0,-1.0,1647938,1.0,32,,0.0,2.0,3.0,A01,138Â 293Â 203,0.0
965567,201900007098,8,7,14:20,1,1,9,1.0,3.0,97302,ROUTE NATIONALE 3,M,"4,9017013"," -52,3120612",973,2019,70.0,1.0,1.0,3.0,2158230,2.0,2,1,2,0.0,,-1.0, -1,2003.0,B01,138Â 293Â 204,2.0,8.0,-1.0,1647939,1.0,31,,0.0,2.0,7.0,B01,138Â 293Â 204,0.0
965567,201900007098,8,7,14:20,1,1,9,1.0,3.0,97302,ROUTE NATIONALE 3,M,"4,9017013"," -52,3120612",973,2019,70.0,1.0,1.0,3.0,2158231,1.0,1,4,1,9.0,,-1.0,0,2001.0,B01,138Â 293Â 204,2.0,8.0,-1.0,1647938,1.0,32,,0.0,2.0,3.0,A01,138Â 293Â 203,0.0
965567,201900007098,8,7,14:20,1,1,9,1.0,3.0,97302,ROUTE NATIONALE 3,M,"4,9017013"," -52,3120612",973,2019,70.0,1.0,1.0,3.0,2158231,1.0,1,4,1,9.0,,-1.0,0,2001.0,B01,138Â 293Â 204,2.0,8.0,-1.0,1647939,1.0,31,,0.0,2.0,7.0,B01,138Â 293Â 204,0.0
965568,201900007099,8,10,12:48,1,2,1,1.0,3.0,69387,DEBOURG                             (AV),M,"45,7316200","4,8269400",69,2019,50.0,1.0,1.0,4.0,2158232,1.0,1,1,2,0.0,,-1.0,0,1990.0,B01,138Â 293Â 201,8.0,0.0,-1.0,1647940,3.0,7,,0.0,6.0,1.0,B01,138Â 293Â 201,1.0
965568,201900007099,8,10,12:48,1,2,1,1.0,3.0,69387,DEBOURG                             (AV),M,"45,7316200","4,8269400",69,2019,50.0,1.0,1.0,4.0,2158232,1.0,1,1,2,0.0,,-1.0,0,1990.0,B01,138Â 293Â 201,8.0,0.0,-1.0,1647941,1.0,50,,0.0,2.0,8.0,A01,138Â 293Â 202,3.0
965568,201900007099,8,10,12:48,1,2,1,1.0,3.0,69387,DEBOURG                             (AV),M,"45,7316200","4,8269400",69,2019,50.0,1.0,1.0,4.0,2158233,1.0,1,4,1,0.0,,-1.0,0,1996.0,A01,138Â 293Â 202,8.0,0.0,-1.0,1647940,3.0,7,,0.0,6.0,1.0,B01,138Â 293Â 201,1.0
965568,201900007099,8,10,12:48,1,2,1,1.0,3.0,69387,DEBOURG                             (AV),M,"45,7316200","4,8269400",69,2019,50.0,1.0,1.0,4.0,2158233,1.0,1,4,1,0.0,,-1.0,0,1996.0,A01,138Â 293Â 202,8.0,0.0,-1.0,1647941,1.0,50,,0.0,2.0,8.0,A01,138Â 293Â 202,3.0
965569,201900007100,8,9,11:40,1,2,1,1.0,6.0,69387,BERTHELOT                           (AV),M,"45,7420930","4,8514100",69,2019,50.0,1.0,1.0,4.0,2158234,1.0,1,1,1,0.0,,-1.0, -1,1973.0,A01,138Â 293Â 199,1.0,0.0,-1.0,1647942,1.0,7,,0.0,2.0,0.0,A01,138Â 293Â 199,1.0
965569,201900007100,8,9,11:40,1,2,1,1.0,6.0,69387,BERTHELOT                           (AV),M,"45,7420930","4,8514100",69,2019,50.0,1.0,1.0,4.0,2158234,1.0,1,1,1,0.0,,-1.0, -1,1973.0,A01,138Â 293Â 199,1.0,0.0,-1.0,1647943,1.0,30,,0.0,2.0,0.0,B01,138Â 293Â 200,1.0
965569,201900007100,8,9,11:40,1,2,1,1.0,6.0,69387,BERTHELOT                           (AV),M,"45,7420930","4,8514100",69,2019,50.0,1.0,1.0,4.0,2158235,1.0,1,4,1,0.0,,-1.0,0,2000.0,B01,138Â 293Â 200,2.0,0.0,-1.0,1647942,1.0,7,,0.0,2.0,0.0,A01,138Â 293Â 199,1.0
965569,201900007100,8,9,11:40,1,2,1,1.0,6.0,69387,BERTHELOT                           (AV),M,"45,7420930","4,8514100",69,2019,50.0,1.0,1.0,4.0,2158235,1.0,1,4,1,0.0,,-1.0,0,2000.0,B01,138Â 293Â 200,2.0,0.0,-1.0,1647943,1.0,30,,0.0,2.0,0.0,B01,138Â 293Â 200,1.0
965570,201900007101,8,9,11:25,1,2,3,1.0,3.0,69387,YVES FARGES                         (BD),M,"45,7403400","4,8317600",69,2019,50.0,1.0,2.0,7.0,2158236,1.0,1,1,1,5.0,,-1.0, -1,1944.0,A01,138Â 293Â 197,1.0,0.0,-1.0,1647944,2.0,7,,0.0,1.0,3.0,A01,138Â 293Â 197,1.0
965570,201900007101,8,9,11:25,1,2,3,1.0,3.0,69387,YVES FARGES                         (BD),M,"45,7403400","4,8317600",69,2019,50.0,1.0,2.0,7.0,2158236,1.0,1,1,1,5.0,,-1.0, -1,1944.0,A01,138Â 293Â 197,1.0,0.0,-1.0,1647945,1.0,1,,0.0,2.0,1.0,B01,138Â 293Â 198,5.0
965570,201900007101,8,9,11:25,1,2,3,1.0,3.0,69387,YVES FARGES                         (BD),M,"45,7403400","4,8317600",69,2019,50.0,1.0,2.0,7.0,2158237,1.0,1,4,2,9.0,,-1.0,0,1955.0,B01,138Â 293Â 198,8.0,0.0,-1.0,1647944,2.0,7,,0.0,1.0,3.0,A01,138Â 293Â 197,1.0
965570,201900007101,8,9,11:25,1,2,3,1.0,3.0,69387,YVES FARGES                         (BD),M,"45,7403400","4,8317600",69,2019,50.0,1.0,2.0,7.0,2158237,1.0,1,4,2,9.0,,-1.0,0,1955.0,B01,138Â 293Â 198,8.0,0.0,-1.0,1647945,1.0,1,,0.0,2.0,1.0,B01,138Â 293Â 198,5.0
965571,201900007102,8,8,07:35,1,2,3,1.0,6.0,69387,GERLAND (DE)                        (R ),M,"45,7396700","4,8404200",69,2019,50.0,1.0,1.0,4.0,2158238,1.0,1,4,1,0.0,,0.0,0,1959.0,A01,138Â 293Â 196,2.0,8.0,-1.0,1647946,1.0,30,,0.0,1.0,1.0,A01,138Â 293Â 196,1.0
965571,201900007102,8,8,07:35,1,2,3,1.0,6.0,69387,GERLAND (DE)                        (R ),M,"45,7396700","4,8404200",69,2019,50.0,1.0,1.0,4.0,2158239,10.0,3,1,1,1.0,,0.0,1,1996.0,A01,138Â 293Â 196,8.0,0.0,-1.0,1647946,1.0,30,,0.0,1.0,1.0,A01,138Â 293Â 196,1.0
965572,201900007103,8,7,12:20,1,2,4,2.0,2.0,69259,FRANCIS DE PRESSENSE                (AV),M,"45,7119700","4,8747700",69,2019,50.0,1.0,2.0,4.0,2158240,1.0,1,1,1,4.0,,-1.0, -1,1998.0,A01,138Â 293Â 194,1.0,0.0,-1.0,1647947,2.0,10,,0.0,2.0,1.0,A01,138Â 293Â 194,1.0
965572,201900007103,8,7,12:20,1,2,4,2.0,2.0,69259,FRANCIS DE PRESSENSE                (AV),M,"45,7119700","4,8747700",69,2019,50.0,1.0,2.0,4.0,2158240,1.0,1,1,1,4.0,,-1.0, -1,1998.0,A01,138Â 293Â 194,1.0,0.0,-1.0,1647948,2.0,10,,0.0,2.0,4.0,B01,138Â 293Â 195,1.0
965572,201900007103,8,7,12:20,1,2,4,2.0,2.0,69259,FRANCIS DE PRESSENSE                (AV),M,"45,7119700","4,8747700",69,2019,50.0,1.0,2.0,4.0,2158241,2.0,2,4,2,0.0,,-1.0, -1,1991.0,B01,138Â 293Â 195,1.0,0.0,-1.0,1647947,2.0,10,,0.0,2.0,1.0,A01,138Â 293Â 194,1.0
965572,201900007103,8,7,12:20,1,2,4,2.0,2.0,69259,FRANCIS DE PRESSENSE                (AV),M,"45,7119700","4,8747700",69,2019,50.0,1.0,2.0,4.0,2158241,2.0,2,4,2,0.0,,-1.0, -1,1991.0,B01,138Â 293Â 195,1.0,0.0,-1.0,1647948,2.0,10,,0.0,2.0,4.0,B01,138Â 293Â 195,1.0
965572,201900007103,8,7,12:20,1,2,4,2.0,2.0,69259,FRANCIS DE PRESSENSE                (AV),M,"45,7119700","4,8747700",69,2019,50.0,1.0,2.0,4.0,2158242,1.0,1,1,1,4.0,,-1.0, -1,1991.0,B01,138Â 293Â 195,1.0,0.0,-1.0,1647947,2.0,10,,0.0,2.0,1.0,A01,138Â 293Â 194,1.0
965572,201900007103,8,7,12:20,1,2,4,2.0,2.0,69259,FRANCIS DE PRESSENSE                (AV),M,"45,7119700","4,8747700",69,2019,50.0,1.0,2.0,4.0,2158242,1.0,1,1,1,4.0,,-1.0, -1,1991.0,B01,138Â 293Â 195,1.0,0.0,-1.0,1647948,2.0,10,,0.0,2.0,4.0,B01,138Â 293Â 195,1.0
965573,201900007104,8,9,13:40,1,1,1,1.0,2.0,97213,AUTOROUTE A1,M,"14,6160000"," -61,0130000",972,2019,90.0,1.0,1.0,1.0,2158243,1.0,1,1,1,1.0,,-1.0,0,1995.0,A01,138Â 293Â 192,1.0,8.0,-1.0,1647949,2.0,7,,0.0,2.0,7.0,A01,138Â 293Â 192,1.0
965573,201900007104,8,9,13:40,1,1,1,1.0,2.0,97213,AUTOROUTE A1,M,"14,6160000"," -61,0130000",972,2019,90.0,1.0,1.0,1.0,2158243,1.0,1,1,1,1.0,,-1.0,0,1995.0,A01,138Â 293Â 192,1.0,8.0,-1.0,1647950,2.0,7,,0.0,2.0,6.0,B01,138Â 293Â 193,1.0
965573,201900007104,8,9,13:40,1,1,1,1.0,2.0,97213,AUTOROUTE A1,M,"14,6160000"," -61,0130000",972,2019,90.0,1.0,1.0,1.0,2158244,4.0,2,4,2,5.0,,-1.0,0,2019.0,B01,138Â 293Â 193,3.0,8.0,-1.0,1647949,2.0,7,,0.0,2.0,7.0,A01,138Â 293Â 192,1.0
965573,201900007104,8,9,13:40,1,1,1,1.0,2.0,97213,AUTOROUTE A1,M,"14,6160000"," -61,0130000",972,2019,90.0,1.0,1.0,1.0,2158244,4.0,2,4,2,5.0,,-1.0,0,2019.0,B01,138Â 293Â 193,3.0,8.0,-1.0,1647950,2.0,7,,0.0,2.0,6.0,B01,138Â 293Â 193,1.0
965573,201900007104,8,9,13:40,1,1,1,1.0,2.0,97213,AUTOROUTE A1,M,"14,6160000"," -61,0130000",972,2019,90.0,1.0,1.0,1.0,2158245,1.0,1,1,1,5.0,,-1.0,0,1983.0,B01,138Â 293Â 193,1.0,8.0,-1.0,1647949,2.0,7,,0.0,2.0,7.0,A01,138Â 293Â 192,1.0
965573,201900007104,8,9,13:40,1,1,1,1.0,2.0,97213,AUTOROUTE A1,M,"14,6160000"," -61,0130000",972,2019,90.0,1.0,1.0,1.0,2158245,1.0,1,1,1,5.0,,-1.0,0,1983.0,B01,138Â 293Â 193,1.0,8.0,-1.0,1647950,2.0,7,,0.0,2.0,6.0,B01,138Â 293Â 193,1.0
965574,201900007105,8,8,19:14,3,2,1,1.0,5.0,97213,ROUTE NATIONALE 5,M,"15,0000000","16,0000000",972,2019,70.0,1.0,1.0,2.0,2158246,1.0,1,1,1,0.0,,-1.0,0,1965.0,D01,138Â 293Â 188,1.0,0.0,-1.0,1647951,1.0,10,,0.0,2.0,5.0,D01,138Â 293Â 188,1.0
965574,201900007105,8,8,19:14,3,2,1,1.0,5.0,97213,ROUTE NATIONALE 5,M,"15,0000000","16,0000000",972,2019,70.0,1.0,1.0,2.0,2158246,1.0,1,1,1,0.0,,-1.0,0,1965.0,D01,138Â 293Â 188,1.0,0.0,-1.0,1647952,1.0,7,,11.0,0.0,6.0,C01,138Â 293Â 189,1.0
965574,201900007105,8,8,19:14,3,2,1,1.0,5.0,97213,ROUTE NATIONALE 5,M,"15,0000000","16,0000000",972,2019,70.0,1.0,1.0,2.0,2158246,1.0,1,1,1,0.0,,-1.0,0,1965.0,D01,138Â 293Â 188,1.0,0.0,-1.0,1647953,1.0,7,,0.0,2.0,1.0,B01,138Â 293Â 190,1.0
965574,201900007105,8,8,19:14,3,2,1,1.0,5.0,97213,ROUTE NATIONALE 5,M,"15,0000000","16,0000000",972,2019,70.0,1.0,1.0,2.0,2158246,1.0,1,1,1,0.0,,-1.0,0,1965.0,D01,138Â 293Â 188,1.0,0.0,-1.0,1647954,1.0,10,,0.0,2.0,0.0,A01,138Â 293Â 191,1.0
965574,201900007105,8,8,19:14,3,2,1,1.0,5.0,97213,ROUTE NATIONALE 5,M,"15,0000000","16,0000000",972,2019,70.0,1.0,1.0,2.0,2158247,1.0,1,4,2,0.0,,-1.0,0,1991.0,C01,138Â 293Â 189,1.0,0.0,-1.0,1647951,1.0,10,,0.0,2.0,5.0,D01,138Â 293Â 188,1.0
965574,201900007105,8,8,19:14,3,2,1,1.0,5.0,97213,ROUTE NATIONALE 5,M,"15,0000000","16,0000000",972,2019,70.0,1.0,1.0,2.0,2158247,1.0,1,4,2,0.0,,-1.0,0,1991.0,C01,138Â 293Â 189,1.0,0.0,-1.0,1647952,1.0,7,,11.0,0.0,6.0,C01,138Â 293Â 189,1.0
965574,201900007105,8,8,19:14,3,2,1,1.0,5.0,97213,ROUTE NATIONALE 5,M,"15,0000000","16,0000000",972,2019,70.0,1.0,1.0,2.0,2158247,1.0,1,4,2,0.0,,-1.0,0,1991.0,C01,138Â 293Â 189,1.0,0.0,-1.0,1647953,1.0,7,,0.0,2.0,1.0,B01,138Â 293Â 190,1.0
965574,201900007105,8,8,19:14,3,2,1,1.0,5.0,97213,ROUTE NATIONALE 5,M,"15,0000000","16,0000000",972,2019,70.0,1.0,1.0,2.0,2158247,1.0,1,4,2,0.0,,-1.0,0,1991.0,C01,138Â 293Â 189,1.0,0.0,-1.0,1647954,1.0,10,,0.0,2.0,0.0,A01,138Â 293Â 191,1.0
965574,201900007105,8,8,19:14,3,2,1,1.0,5.0,97213,ROUTE NATIONALE 5,M,"15,0000000","16,0000000",972,2019,70.0,1.0,1.0,2.0,2158248,1.0,1,1,1,0.0,,-1.0, -1,1999.0,B01,138Â 293Â 190,1.0,0.0,-1.0,1647951,1.0,10,,0.0,2.0,5.0,D01,138Â 293Â 188,1.0
965574,201900007105,8,8,19:14,3,2,1,1.0,5.0,97213,ROUTE NATIONALE 5,M,"15,0000000","16,0000000",972,2019,70.0,1.0,1.0,2.0,2158248,1.0,1,1,1,0.0,,-1.0, -1,1999.0,B01,138Â 293Â 190,1.0,0.0,-1.0,1647952,1.0,7,,11.0,0.0,6.0,C01,138Â 293Â 189,1.0
965574,201900007105,8,8,19:14,3,2,1,1.0,5.0,97213,ROUTE NATIONALE 5,M,"15,0000000","16,0000000",972,2019,70.0,1.0,1.0,2.0,2158248,1.0,1,1,1,0.0,,-1.0, -1,1999.0,B01,138Â 293Â 190,1.0,0.0,-1.0,1647953,1.0,7,,0.0,2.0,1.0,B01,138Â 293Â 190,1.0
965574,201900007105,8,8,19:14,3,2,1,1.0,5.0,97213,ROUTE NATIONALE 5,M,"15,0000000","16,0000000",972,2019,70.0,1.0,1.0,2.0,2158248,1.0,1,1,1,0.0,,-1.0, -1,1999.0,B01,138Â 293Â 190,1.0,0.0,-1.0,1647954,1.0,10,,0.0,2.0,0.0,A01,138Â 293Â 191,1.0
965574,201900007105,8,8,19:14,3,2,1,1.0,5.0,97213,ROUTE NATIONALE 5,M,"15,0000000","16,0000000",972,2019,70.0,1.0,1.0,2.0,2158249,2.0,2,1,1,0.0,,-1.0,0,1997.0,B01,138Â 293Â 190,1.0,8.0,-1.0,1647951,1.0,10,,0.0,2.0,5.0,D01,138Â 293Â 188,1.0
965574,201900007105,8,8,19:14,3,2,1,1.0,5.0,97213,ROUTE NATIONALE 5,M,"15,0000000","16,0000000",972,2019,70.0,1.0,1.0,2.0,2158249,2.0,2,1,1,0.0,,-1.0,0,1997.0,B01,138Â 293Â 190,1.0,8.0,-1.0,1647952,1.0,7,,11.0,0.0,6.0,C01,138Â 293Â 189,1.0
965574,201900007105,8,8,19:14,3,2,1,1.0,5.0,97213,ROUTE NATIONALE 5,M,"15,0000000","16,0000000",972,2019,70.0,1.0,1.0,2.0,2158249,2.0,2,1,1,0.0,,-1.0,0,1997.0,B01,138Â 293Â 190,1.0,8.0,-1.0,1647953,1.0,7,,0.0,2.0,1.0,B01,138Â 293Â 190,1.0
965574,201900007105,8,8,19:14,3,2,1,1.0,5.0,97213,ROUTE NATIONALE 5,M,"15,0000000","16,0000000",972,2019,70.0,1.0,1.0,2.0,2158249,2.0,2,1,1,0.0,,-1.0,0,1997.0,B01,138Â 293Â 190,1.0,8.0,-1.0,1647954,1.0,10,,0.0,2.0,0.0,A01,138Â 293Â 191,1.0
965575,201900007106,8,10,20:45,2,2,1,1.0,7.0,69385,CHEMIN NEUF (DU)                    (MO),M,"45,7599000","4,8244000",69,2019,30.0,1.0,9.0,4.0,2158250,1.0,1,4,1,4.0,,-1.0,0,1986.0,A01,138Â 293Â 185,2.0,6.0,-1.0,1647955,2.0,30,,0.0,0.0,8.0,A01,138Â 293Â 185,1.0
965576,201900007107,8,10,10:35,1,2,3,1.0,3.0,69081,FRANKLIN ROOSEVELT        AV,M,"45,7662600","4,7692000",69,2019,50.0,1.0,1.0,7.0,2158251,1.0,1,4,1,0.0,,-1.0,0,1985.0,B01,138Â 293Â 183,2.0,0.0,-1.0,1647956,1.0,2,,0.0,2.0,1.0,B01,138Â 293Â 183,1.0
965576,201900007107,8,10,10:35,1,2,3,1.0,3.0,69081,FRANKLIN ROOSEVELT        AV,M,"45,7662600","4,7692000",69,2019,50.0,1.0,1.0,7.0,2158251,1.0,1,4,1,0.0,,-1.0,0,1985.0,B01,138Â 293Â 183,2.0,0.0,-1.0,1647957,1.0,7,,0.0,2.0,5.0,A01,138Â 293Â 184,1.0
965576,201900007107,8,10,10:35,1,2,3,1.0,3.0,69081,FRANKLIN ROOSEVELT        AV,M,"45,7662600","4,7692000",69,2019,50.0,1.0,1.0,7.0,2158252,1.0,1,1,1,5.0,,-1.0,0,1974.0,A01,138Â 293Â 184,1.0,0.0,-1.0,1647956,1.0,2,,0.0,2.0,1.0,B01,138Â 293Â 183,1.0
965576,201900007107,8,10,10:35,1,2,3,1.0,3.0,69081,FRANKLIN ROOSEVELT        AV,M,"45,7662600","4,7692000",69,2019,50.0,1.0,1.0,7.0,2158252,1.0,1,1,1,5.0,,-1.0,0,1974.0,A01,138Â 293Â 184,1.0,0.0,-1.0,1647957,1.0,7,,0.0,2.0,5.0,A01,138Â 293Â 184,1.0
965577,201900007108,8,10,06:10,2,2,1,3.0,6.0,69382,JULES COURMONT                      (QU),M,"45,7574700","4,8370200",69,2019,50.0,1.0,2.0,4.0,2158253,1.0,1,4,1,9.0,,-1.0, -1,1938.0,A01,138Â 293Â 182,1.0,0.0,-1.0,1647958,2.0,7,,11.0,0.0,3.0,A01,138Â 293Â 182,0.0
965577,201900007108,8,10,06:10,2,2,1,3.0,6.0,69382,JULES COURMONT                      (QU),M,"45,7574700","4,8370200",69,2019,50.0,1.0,2.0,4.0,2158254,2.0,2,1,1,9.0,,-1.0, -1,1991.0,A01,138Â 293Â 182,1.0,0.0,-1.0,1647958,2.0,7,,11.0,0.0,3.0,A01,138Â 293Â 182,0.0
965578,201900007109,8,10,04:50,5,2,1,3.0,2.0,69382,DOCTEUR GAILLETON (DU)              (QU),M,"45,7505400","4,8321800",69,2019,50.0,1.0,3.0,4.0,2158255,2.0,2,4,1,0.0,,-1.0, -1,1990.0,A01,138Â 293Â 180,1.0,0.0,-1.0,1647959,2.0,7,,0.0,2.0,4.0,A01,138Â 293Â 180,1.0
965578,201900007109,8,10,04:50,5,2,1,3.0,2.0,69382,DOCTEUR GAILLETON (DU)              (QU),M,"45,7505400","4,8321800",69,2019,50.0,1.0,3.0,4.0,2158255,2.0,2,4,1,0.0,,-1.0, -1,1990.0,A01,138Â 293Â 180,1.0,0.0,-1.0,1647960,2.0,7,,0.0,2.0,1.0,B01,138Â 293Â 181,1.0
965578,201900007109,8,10,04:50,5,2,1,3.0,2.0,69382,DOCTEUR GAILLETON (DU)              (QU),M,"45,7505400","4,8321800",69,2019,50.0,1.0,3.0,4.0,2158256,1.0,1,1,2,5.0,,-1.0, -1,1990.0,A01,138Â 293Â 180,1.0,0.0,-1.0,1647959,2.0,7,,0.0,2.0,4.0,A01,138Â 293Â 180,1.0
965578,201900007109,8,10,04:50,5,2,1,3.0,2.0,69382,DOCTEUR GAILLETON (DU)              (QU),M,"45,7505400","4,8321800",69,2019,50.0,1.0,3.0,4.0,2158256,1.0,1,1,2,5.0,,-1.0, -1,1990.0,A01,138Â 293Â 180,1.0,0.0,-1.0,1647960,2.0,7,,0.0,2.0,1.0,B01,138Â 293Â 181,1.0
965578,201900007109,8,10,04:50,5,2,1,3.0,2.0,69382,DOCTEUR GAILLETON (DU)              (QU),M,"45,7505400","4,8321800",69,2019,50.0,1.0,3.0,4.0,2158257,1.0,1,1,1,5.0,,-1.0, -1,2000.0,B01,138Â 293Â 181,1.0,0.0,-1.0,1647959,2.0,7,,0.0,2.0,4.0,A01,138Â 293Â 180,1.0
965578,201900007109,8,10,04:50,5,2,1,3.0,2.0,69382,DOCTEUR GAILLETON (DU)              (QU),M,"45,7505400","4,8321800",69,2019,50.0,1.0,3.0,4.0,2158257,1.0,1,1,1,5.0,,-1.0, -1,2000.0,B01,138Â 293Â 181,1.0,0.0,-1.0,1647960,2.0,7,,0.0,2.0,1.0,B01,138Â 293Â 181,1.0