Unnamed: 0_x,num_acc,mois,jour,hrmn,lum,agg,int,atm,col,com,adr,gps,lat,long,dep,annee,vma,situ,surf,catr,Unnamed: 0_y,place,catu,grav,sexe,trajet,secu,locp,actp,an_nais,num_veh_x,id_vehicule_x,secu1,secu2,secu3,Unnamed: 0,senc,catv,occutc,obs,obsm,choc,num_veh_y,id_vehicule_y,motor
965579,201900007110,8,9,22:50,5,2,1,2.0,6.0,69382,DOCTEUR GAILLETON (DU)              (QU),M,"45,7465300","4,8286900",69,2019,50.0,1.0,2.0,4.0,2158258,2.0,2,4,1,0.0,,-1.0,0,1986.0,A01,138Â 293Â 179,1.0,0.0,-1.0,1647961,1.0,7,,14.0,0.0,2.0,A01,138Â 293Â 179,1.0
965579,201900007110,8,9,22:50,5,2,1,2.0,6.0,69382,DOCTEUR GAILLETON (DU)              (QU),M,"45,7465300","4,8286900",69,2019,50.0,1.0,2.0,4.0,2158259,1.0,1,4,2,5.0,,-1.0,0,1975.0,A01,138Â 293Â 179,1.0,0.0,-1.0,1647961,1.0,7,,14.0,0.0,2.0,A01,138Â 293Â 179,1.0
965580,201900007111,8,8,17:10,1,2,2,1.0,3.0,69382,VERDUN PERRACHE                     (VO),M,"45,7484300","4,8286800",69,2019,50.0,1.0,1.0,4.0,2158260,1.0,1,1,1,0.0,,0.0,0,1996.0,Z01,138Â 293Â 177,1.0,0.0,-1.0,1647962,1.0,7,,0.0,1.0,2.0,Z01,138Â 293Â 177,0.0
965580,201900007111,8,8,17:10,1,2,2,1.0,3.0,69382,VERDUN PERRACHE                     (VO),M,"45,7484300","4,8286800",69,2019,50.0,1.0,1.0,4.0,2158260,1.0,1,1,1,0.0,,0.0,0,1996.0,Z01,138Â 293Â 177,1.0,0.0,-1.0,1647963,2.0,1,,0.0,2.0,8.0,B01,138Â 293Â 178,5.0
965580,201900007111,8,8,17:10,1,2,2,1.0,3.0,69382,VERDUN PERRACHE                     (VO),M,"45,7484300","4,8286800",69,2019,50.0,1.0,1.0,4.0,2158261,1.0,1,4,1,5.0,,0.0,0,1974.0,B01,138Â 293Â 178,8.0,0.0,-1.0,1647962,1.0,7,,0.0,1.0,2.0,Z01,138Â 293Â 177,0.0
965580,201900007111,8,8,17:10,1,2,2,1.0,3.0,69382,VERDUN PERRACHE                     (VO),M,"45,7484300","4,8286800",69,2019,50.0,1.0,1.0,4.0,2158261,1.0,1,4,1,5.0,,0.0,0,1974.0,B01,138Â 293Â 178,8.0,0.0,-1.0,1647963,2.0,1,,0.0,2.0,8.0,B01,138Â 293Â 178,5.0
965581,201900007112,8,8,18:40,1,2,2,7.0,3.0,69286,VICTOR HUGO                         (AV),M,"45,8199600","4,8870600",69,2019,50.0,1.0,1.0,4.0,2158262,1.0,1,1,2,5.0,,-1.0,0,1946.0,A01,138Â 293Â 175,1.0,0.0,-1.0,1647964,3.0,7,,0.0,2.0,1.0,A01,138Â 293Â 175,1.0
965581,201900007112,8,8,18:40,1,2,2,7.0,3.0,69286,VICTOR HUGO                         (AV),M,"45,8199600","4,8870600",69,2019,50.0,1.0,1.0,4.0,2158262,1.0,1,1,2,5.0,,-1.0,0,1946.0,A01,138Â 293Â 175,1.0,0.0,-1.0,1647965,1.0,7,,0.0,2.0,8.0,B01,138Â 293Â 176,1.0
965581,201900007112,8,8,18:40,1,2,2,7.0,3.0,69286,VICTOR HUGO                         (AV),M,"45,8199600","4,8870600",69,2019,50.0,1.0,1.0,4.0,2158263,1.0,1,4,2,0.0,,-1.0,0,1977.0,B01,138Â 293Â 176,1.0,0.0,-1.0,1647964,3.0,7,,0.0,2.0,1.0,A01,138Â 293Â 175,1.0
965581,201900007112,8,8,18:40,1,2,2,7.0,3.0,69286,VICTOR HUGO                         (AV),M,"45,8199600","4,8870600",69,2019,50.0,1.0,1.0,4.0,2158263,1.0,1,4,2,0.0,,-1.0,0,1977.0,B01,138Â 293Â 176,1.0,0.0,-1.0,1647965,1.0,7,,0.0,2.0,8.0,B01,138Â 293Â 176,1.0
965582,201900007113,8,8,10:30,1,2,2,1.0,3.0,69149,FLEURY                              (R ),M,"45,7143700","4,8097000",69,2019,50.0,1.0,1.0,4.0,2158264,1.0,1,1,2,0.0,,-1.0,0,1956.0,A01,138Â 293Â 173,1.0,8.0,-1.0,1647966,3.0,7,,0.0,2.0,6.0,A01,138Â 293Â 173,1.0
965582,201900007113,8,8,10:30,1,2,2,1.0,3.0,69149,FLEURY                              (R ),M,"45,7143700","4,8097000",69,2019,50.0,1.0,1.0,4.0,2158264,1.0,1,1,2,0.0,,-1.0,0,1956.0,A01,138Â 293Â 173,1.0,8.0,-1.0,1647967,3.0,7,,0.0,2.0,6.0,B01,138Â 293Â 174,1.0
965582,201900007113,8,8,10:30,1,2,2,1.0,3.0,69149,FLEURY                              (R ),M,"45,7143700","4,8097000",69,2019,50.0,1.0,1.0,4.0,2158265,1.0,1,4,1,0.0,,-1.0,0,1951.0,B01,138Â 293Â 174,1.0,0.0,-1.0,1647966,3.0,7,,0.0,2.0,6.0,A01,138Â 293Â 173,1.0
965582,201900007113,8,8,10:30,1,2,2,1.0,3.0,69149,FLEURY                              (R ),M,"45,7143700","4,8097000",69,2019,50.0,1.0,1.0,4.0,2158265,1.0,1,4,1,0.0,,-1.0,0,1951.0,B01,138Â 293Â 174,1.0,0.0,-1.0,1647967,3.0,7,,0.0,2.0,6.0,B01,138Â 293Â 174,1.0
965583,201900007114,8,7,15:00,1,2,1,8.0,7.0,69382,RAMBAUD                             (QU),M,"45,7494000","4,8211000",69,2019,30.0,1.0,2.0,9.0,2158266,1.0,1,3,2,1.0,,-1.0,0,1992.0,A01,138Â 293Â 172,8.0,0.0,-1.0,1647968,3.0,99,,0.0,6.0,0.0,A01,138Â 293Â 172,0.0
965584,201900007115,8,7,12:00,1,2,2,1.0,3.0,69389,MAURICE BEJART                    (R),M,"45,7884000","4,7932000",69,2019,50.0,1.0,1.0,4.0,2158267,2.0,2,4,2,0.0,,-1.0,0,1960.0,B01,138Â 293Â 170,1.0,0.0,-1.0,1647969,2.0,7,,0.0,2.0,3.0,B01,138Â 293Â 170,0.0
965584,201900007115,8,7,12:00,1,2,2,1.0,3.0,69389,MAURICE BEJART                    (R),M,"45,7884000","4,7932000",69,2019,50.0,1.0,1.0,4.0,2158267,2.0,2,4,2,0.0,,-1.0,0,1960.0,B01,138Â 293Â 170,1.0,0.0,-1.0,1647970,1.0,7,,0.0,2.0,2.0,A01,138Â 293Â 171,0.0
965584,201900007115,8,7,12:00,1,2,2,1.0,3.0,69389,MAURICE BEJART                    (R),M,"45,7884000","4,7932000",69,2019,50.0,1.0,1.0,4.0,2158268,1.0,1,1,2,4.0,,-1.0,0,1947.0,B01,138Â 293Â 170,1.0,0.0,-1.0,1647969,2.0,7,,0.0,2.0,3.0,B01,138Â 293Â 170,0.0
965584,201900007115,8,7,12:00,1,2,2,1.0,3.0,69389,MAURICE BEJART                    (R),M,"45,7884000","4,7932000",69,2019,50.0,1.0,1.0,4.0,2158268,1.0,1,1,2,4.0,,-1.0,0,1947.0,B01,138Â 293Â 170,1.0,0.0,-1.0,1647970,1.0,7,,0.0,2.0,2.0,A01,138Â 293Â 171,0.0
965584,201900007115,8,7,12:00,1,2,2,1.0,3.0,69389,MAURICE BEJART                    (R),M,"45,7884000","4,7932000",69,2019,50.0,1.0,1.0,4.0,2158269,1.0,1,4,1,0.0,,-1.0,0,1949.0,A01,138Â 293Â 171,1.0,0.0,-1.0,1647969,2.0,7,,0.0,2.0,3.0,B01,138Â 293Â 170,0.0
965584,201900007115,8,7,12:00,1,2,2,1.0,3.0,69389,MAURICE BEJART                    (R),M,"45,7884000","4,7932000",69,2019,50.0,1.0,1.0,4.0,2158269,1.0,1,4,1,0.0,,-1.0,0,1949.0,A01,138Â 293Â 171,1.0,0.0,-1.0,1647970,1.0,7,,0.0,2.0,2.0,A01,138Â 293Â 171,0.0
965585,201900007116,8,9,21:10,5,1,9,1.0,7.0,97113,Morne Salines,M,"16,2110400"," -61,4414500",971,2019,50.0,1.0,1.0,2.0,2158270,1.0,1,4,1,0.0,,-1.0, -1,1954.0,A01,138Â 293Â 169,8.0,0.0,-1.0,1647971,3.0,7,,0.0,0.0,0.0,A01,138Â 293Â 169,1.0
965586,201900007117,8,7,21:00,5,2,1,1.0,3.0,97113,BAS DU FORT,M,"16,2156300"," -61,5196000",971,2019,50.0,1.0,1.0,4.0,2158271,1.0,1,3,1,0.0,,-1.0, -1,1998.0,A01,138Â 293Â 167,2.0,0.0,-1.0,1647972,3.0,32,,0.0,2.0,8.0,A01,138Â 293Â 167,1.0
965586,201900007117,8,7,21:00,5,2,1,1.0,3.0,97113,BAS DU FORT,M,"16,2156300"," -61,5196000",971,2019,50.0,1.0,1.0,4.0,2158271,1.0,1,3,1,0.0,,-1.0, -1,1998.0,A01,138Â 293Â 167,2.0,0.0,-1.0,1647973,3.0,7,,0.0,2.0,8.0,B01,138Â 293Â 168,1.0
965586,201900007117,8,7,21:00,5,2,1,1.0,3.0,97113,BAS DU FORT,M,"16,2156300"," -61,5196000",971,2019,50.0,1.0,1.0,4.0,2158272,1.0,1,1,2,0.0,,-1.0, -1,1956.0,B01,138Â 293Â 168,1.0,0.0,-1.0,1647972,3.0,32,,0.0,2.0,8.0,A01,138Â 293Â 167,1.0
965586,201900007117,8,7,21:00,5,2,1,1.0,3.0,97113,BAS DU FORT,M,"16,2156300"," -61,5196000",971,2019,50.0,1.0,1.0,4.0,2158272,1.0,1,1,2,0.0,,-1.0, -1,1956.0,B01,138Â 293Â 168,1.0,0.0,-1.0,1647973,3.0,7,,0.0,2.0,8.0,B01,138Â 293Â 168,1.0
965587,201900007118,11,24,17:00,5,2,1,1.0,7.0,83070,Quai Baptistin Pins,M,"43,1374230","6,3742640",83,2019,50.0,1.0,2.0,4.0,2158273,1.0,1,3,1,5.0,,0.0,0,2005.0,A01,138Â 293Â 166,2.0,6.0,-1.0,1647974,3.0,2,,0.0,0.0,7.0,A01,138Â 293Â 166,1.0
965588,201900007119,11,26,16:10,1,1,1,2.0,6.0,62406,D36,M,"50,1909580","2,7941500",62,2019,80.0,1.0,2.0,3.0,2158274,10.0,3,3,1,5.0,,1.0,1,1945.0,A01,138Â 293Â 165,0.0,-1.0,-1.0,1647975,2.0,7,,0.0,1.0,1.0,A01,138Â 293Â 165,1.0
965588,201900007119,11,26,16:10,1,1,1,2.0,6.0,62406,D36,M,"50,1909580","2,7941500",62,2019,80.0,1.0,2.0,3.0,2158275,1.0,1,1,2,1.0,,0.0,0,1970.0,A01,138Â 293Â 165,1.0,-1.0,-1.0,1647975,2.0,7,,0.0,1.0,1.0,A01,138Â 293Â 165,1.0
965589,201900007120,11,26,11:55,1,1,1,3.0,7.0,61497,A28,M,"48,4755740","0,1235260",61,2019,110.0,3.0,2.0,1.0,2158276,1.0,2,4,2,5.0,,0.0,0,1958.0,A01,138Â 293Â 164,1.0,-1.0,-1.0,1647976,2.0,7,,13.0,0.0,9.0,A01,138Â 293Â 164,1.0
965589,201900007120,11,26,11:55,1,1,1,3.0,7.0,61497,A28,M,"48,4755740","0,1235260",61,2019,110.0,3.0,2.0,1.0,2158277,2.0,1,1,1,5.0,,0.0,0,1961.0,A01,138Â 293Â 164,1.0,-1.0,-1.0,1647976,2.0,7,,13.0,0.0,9.0,A01,138Â 293Â 164,1.0
965590,201900007121,11,25,19:30,3,1,1,1.0,1.0,40156,Route du Muret,M,"44,3262970"," -0,8735060",40,2019,80.0,1.0,1.0,3.0,2158278,1.0,1,4,1,4.0,,0.0,0,1986.0,A01,138Â 293Â 162,1.0,-1.0,-1.0,1647977,1.0,10,,0.0,2.0,3.0,A01,138Â 293Â 162,1.0
965590,201900007121,11,25,19:30,3,1,1,1.0,1.0,40156,Route du Muret,M,"44,3262970"," -0,8735060",40,2019,80.0,1.0,1.0,3.0,2158278,1.0,1,4,1,4.0,,0.0,0,1986.0,A01,138Â 293Â 162,1.0,-1.0,-1.0,1647978,2.0,10,,0.0,2.0,3.0,B01,138Â 293Â 163,1.0
965590,201900007121,11,25,19:30,3,1,1,1.0,1.0,40156,Route du Muret,M,"44,3262970"," -0,8735060",40,2019,80.0,1.0,1.0,3.0,2158279,2.0,2,2,2,5.0,,0.0,0,1950.0,B01,138Â 293Â 163,1.0,-1.0,-1.0,1647977,1.0,10,,0.0,2.0,3.0,A01,138Â 293Â 162,1.0
965590,201900007121,11,25,19:30,3,1,1,1.0,1.0,40156,Route du Muret,M,"44,3262970"," -0,8735060",40,2019,80.0,1.0,1.0,3.0,2158279,2.0,2,2,2,5.0,,0.0,0,1950.0,B01,138Â 293Â 163,1.0,-1.0,-1.0,1647978,2.0,10,,0.0,2.0,3.0,B01,138Â 293Â 163,1.0
965590,201900007121,11,25,19:30,3,1,1,1.0,1.0,40156,Route du Muret,M,"44,3262970"," -0,8735060",40,2019,80.0,1.0,1.0,3.0,2158280,1.0,1,3,1,5.0,,0.0,0,1951.0,B01,138Â 293Â 163,1.0,-1.0,-1.0,1647977,1.0,10,,0.0,2.0,3.0,A01,138Â 293Â 162,1.0
965590,201900007121,11,25,19:30,3,1,1,1.0,1.0,40156,Route du Muret,M,"44,3262970"," -0,8735060",40,2019,80.0,1.0,1.0,3.0,2158280,1.0,1,3,1,5.0,,0.0,0,1951.0,B01,138Â 293Â 163,1.0,-1.0,-1.0,1647978,2.0,10,,0.0,2.0,3.0,B01,138Â 293Â 163,1.0
965591,201900007122,11,4,07:15,4,2,1,3.0,6.0,19010,Avenue Henri IV,M,"45,0932161","1,9388257",19,2019,20.0,1.0,2.0,3.0,2158281,10.0,3,3,1,0.0,,3.0,3,1954.0,A01,138Â 293Â 161,0.0,-1.0,-1.0,1647979,3.0,7,,0.0,1.0,1.0,A01,138Â 293Â 161,1.0
965591,201900007122,11,4,07:15,4,2,1,3.0,6.0,19010,Avenue Henri IV,M,"45,0932161","1,9388257",19,2019,20.0,1.0,2.0,3.0,2158282,1.0,1,1,1,1.0,,0.0,0,1997.0,A01,138Â 293Â 161,1.0,-1.0,-1.0,1647979,3.0,7,,0.0,1.0,1.0,A01,138Â 293Â 161,1.0
965592,201900007123,11,5,10:20,1,1,1,3.0,5.0,2A209,T20,M,"42,0143310","8,8882080",2A,2019,80.0,1.0,2.0,2.0,2158283,2.0,2,4,2,2.0,,0.0,0,1992.0,C01,138Â 293Â 158,1.0,-1.0,-1.0,1647980,1.0,7,,0.0,2.0,8.0,C01,138Â 293Â 158,1.0
965592,201900007123,11,5,10:20,1,1,1,3.0,5.0,2A209,T20,M,"42,0143310","8,8882080",2A,2019,80.0,1.0,2.0,2.0,2158283,2.0,2,4,2,2.0,,0.0,0,1992.0,C01,138Â 293Â 158,1.0,-1.0,-1.0,1647981,1.0,10,,0.0,2.0,1.0,B01,138Â 293Â 159,1.0
965592,201900007123,11,5,10:20,1,1,1,3.0,5.0,2A209,T20,M,"42,0143310","8,8882080",2A,2019,80.0,1.0,2.0,2.0,2158283,2.0,2,4,2,2.0,,0.0,0,1992.0,C01,138Â 293Â 158,1.0,-1.0,-1.0,1647982,1.0,7,,0.0,2.0,1.0,A01,138Â 293Â 160,1.0
965592,201900007123,11,5,10:20,1,1,1,3.0,5.0,2A209,T20,M,"42,0143310","8,8882080",2A,2019,80.0,1.0,2.0,2.0,2158284,1.0,1,4,1,2.0,,0.0,0,1968.0,C01,138Â 293Â 158,1.0,-1.0,-1.0,1647980,1.0,7,,0.0,2.0,8.0,C01,138Â 293Â 158,1.0
965592,201900007123,11,5,10:20,1,1,1,3.0,5.0,2A209,T20,M,"42,0143310","8,8882080",2A,2019,80.0,1.0,2.0,2.0,2158284,1.0,1,4,1,2.0,,0.0,0,1968.0,C01,138Â 293Â 158,1.0,-1.0,-1.0,1647981,1.0,10,,0.0,2.0,1.0,B01,138Â 293Â 159,1.0
965592,201900007123,11,5,10:20,1,1,1,3.0,5.0,2A209,T20,M,"42,0143310","8,8882080",2A,2019,80.0,1.0,2.0,2.0,2158284,1.0,1,4,1,2.0,,0.0,0,1968.0,C01,138Â 293Â 158,1.0,-1.0,-1.0,1647982,1.0,7,,0.0,2.0,1.0,A01,138Â 293Â 160,1.0
965592,201900007123,11,5,10:20,1,1,1,3.0,5.0,2A209,T20,M,"42,0143310","8,8882080",2A,2019,80.0,1.0,2.0,2.0,2158285,1.0,1,1,1,4.0,,0.0,0,1983.0,B01,138Â 293Â 159,1.0,-1.0,-1.0,1647980,1.0,7,,0.0,2.0,8.0,C01,138Â 293Â 158,1.0
965592,201900007123,11,5,10:20,1,1,1,3.0,5.0,2A209,T20,M,"42,0143310","8,8882080",2A,2019,80.0,1.0,2.0,2.0,2158285,1.0,1,1,1,4.0,,0.0,0,1983.0,B01,138Â 293Â 159,1.0,-1.0,-1.0,1647981,1.0,10,,0.0,2.0,1.0,B01,138Â 293Â 159,1.0
965592,201900007123,11,5,10:20,1,1,1,3.0,5.0,2A209,T20,M,"42,0143310","8,8882080",2A,2019,80.0,1.0,2.0,2.0,2158285,1.0,1,1,1,4.0,,0.0,0,1983.0,B01,138Â 293Â 159,1.0,-1.0,-1.0,1647982,1.0,7,,0.0,2.0,1.0,A01,138Â 293Â 160,1.0
965592,201900007123,11,5,10:20,1,1,1,3.0,5.0,2A209,T20,M,"42,0143310","8,8882080",2A,2019,80.0,1.0,2.0,2.0,2158286,2.0,2,4,2,9.0,,0.0,0,1948.0,A01,138Â 293Â 160,1.0,-1.0,-1.0,1647980,1.0,7,,0.0,2.0,8.0,C01,138Â 293Â 158,1.0
965592,201900007123,11,5,10:20,1,1,1,3.0,5.0,2A209,T20,M,"42,0143310","8,8882080",2A,2019,80.0,1.0,2.0,2.0,2158286,2.0,2,4,2,9.0,,0.0,0,1948.0,A01,138Â 293Â 160,1.0,-1.0,-1.0,1647981,1.0,10,,0.0,2.0,1.0,B01,138Â 293Â 159,1.0
965592,201900007123,11,5,10:20,1,1,1,3.0,5.0,2A209,T20,M,"42,0143310","8,8882080",2A,2019,80.0,1.0,2.0,2.0,2158286,2.0,2,4,2,9.0,,0.0,0,1948.0,A01,138Â 293Â 160,1.0,-1.0,-1.0,1647982,1.0,7,,0.0,2.0,1.0,A01,138Â 293Â 160,1.0
965592,201900007123,11,5,10:20,1,1,1,3.0,5.0,2A209,T20,M,"42,0143310","8,8882080",2A,2019,80.0,1.0,2.0,2.0,2158287,1.0,1,3,1,9.0,,0.0,0,1951.0,A01,138Â 293Â 160,1.0,-1.0,-1.0,1647980,1.0,7,,0.0,2.0,8.0,C01,138Â 293Â 158,1.0
965592,201900007123,11,5,10:20,1,1,1,3.0,5.0,2A209,T20,M,"42,0143310","8,8882080",2A,2019,80.0,1.0,2.0,2.0,2158287,1.0,1,3,1,9.0,,0.0,0,1951.0,A01,138Â 293Â 160,1.0,-1.0,-1.0,1647981,1.0,10,,0.0,2.0,1.0,B01,138Â 293Â 159,1.0
965592,201900007123,11,5,10:20,1,1,1,3.0,5.0,2A209,T20,M,"42,0143310","8,8882080",2A,2019,80.0,1.0,2.0,2.0,2158287,1.0,1,3,1,9.0,,0.0,0,1951.0,A01,138Â 293Â 160,1.0,-1.0,-1.0,1647982,1.0,7,,0.0,2.0,1.0,A01,138Â 293Â 160,1.0
965593,201900007124,11,24,12:35,1,2,2,1.0,3.0,80462,26 Rue de la LibÃ©ration,M,"50,1889690","1,8266490",80,2019,50.0,1.0,1.0,3.0,2158288,1.0,1,1,1,5.0,,0.0,0,1945.0,B01,138Â 293Â 156,1.0,-1.0,-1.0,1647983,2.0,7,,0.0,0.0,6.0,B01,138Â 293Â 156,1.0
965593,201900007124,11,24,12:35,1,2,2,1.0,3.0,80462,26 Rue de la LibÃ©ration,M,"50,1889690","1,8266490",80,2019,50.0,1.0,1.0,3.0,2158288,1.0,1,1,1,5.0,,0.0,0,1945.0,B01,138Â 293Â 156,1.0,-1.0,-1.0,1647984,2.0,7,,0.0,2.0,1.0,C01,138Â 293Â 157,1.0
965593,201900007124,11,24,12:35,1,2,2,1.0,3.0,80462,26 Rue de la LibÃ©ration,M,"50,1889690","1,8266490",80,2019,50.0,1.0,1.0,3.0,2158289,9.0,2,4,1,9.0,,0.0,0,2009.0,C01,138Â 293Â 157,1.0,-1.0,-1.0,1647983,2.0,7,,0.0,0.0,6.0,B01,138Â 293Â 156,1.0
965593,201900007124,11,24,12:35,1,2,2,1.0,3.0,80462,26 Rue de la LibÃ©ration,M,"50,1889690","1,8266490",80,2019,50.0,1.0,1.0,3.0,2158289,9.0,2,4,1,9.0,,0.0,0,2009.0,C01,138Â 293Â 157,1.0,-1.0,-1.0,1647984,2.0,7,,0.0,2.0,1.0,C01,138Â 293Â 157,1.0
965593,201900007124,11,24,12:35,1,2,2,1.0,3.0,80462,26 Rue de la LibÃ©ration,M,"50,1889690","1,8266490",80,2019,50.0,1.0,1.0,3.0,2158290,1.0,1,4,1,9.0,,0.0,0,1972.0,C01,138Â 293Â 157,1.0,-1.0,-1.0,1647983,2.0,7,,0.0,0.0,6.0,B01,138Â 293Â 156,1.0
965593,201900007124,11,24,12:35,1,2,2,1.0,3.0,80462,26 Rue de la LibÃ©ration,M,"50,1889690","1,8266490",80,2019,50.0,1.0,1.0,3.0,2158290,1.0,1,4,1,9.0,,0.0,0,1972.0,C01,138Â 293Â 157,1.0,-1.0,-1.0,1647984,2.0,7,,0.0,2.0,1.0,C01,138Â 293Â 157,1.0
965593,201900007124,11,24,12:35,1,2,2,1.0,3.0,80462,26 Rue de la LibÃ©ration,M,"50,1889690","1,8266490",80,2019,50.0,1.0,1.0,3.0,2158291,2.0,2,4,2,9.0,,0.0,0,1976.0,C01,138Â 293Â 157,1.0,-1.0,-1.0,1647983,2.0,7,,0.0,0.0,6.0,B01,138Â 293Â 156,1.0
965593,201900007124,11,24,12:35,1,2,2,1.0,3.0,80462,26 Rue de la LibÃ©ration,M,"50,1889690","1,8266490",80,2019,50.0,1.0,1.0,3.0,2158291,2.0,2,4,2,9.0,,0.0,0,1976.0,C01,138Â 293Â 157,1.0,-1.0,-1.0,1647984,2.0,7,,0.0,2.0,1.0,C01,138Â 293Â 157,1.0
965594,201900007125,11,25,11:30,1,2,9,1.0,6.0,11206,Avenue Fabre d'Eglantine,M,"43,0518390","2,2166100",11,2019,50.0,1.0,1.0,3.0,2158292,10.0,3,3,2,5.0,,3.0,3,1938.0,A01,138Â 293Â 155,0.0,-1.0,-1.0,1647985,2.0,7,,0.0,1.0,2.0,A01,138Â 293Â 155,1.0
965594,201900007125,11,25,11:30,1,2,9,1.0,6.0,11206,Avenue Fabre d'Eglantine,M,"43,0518390","2,2166100",11,2019,50.0,1.0,1.0,3.0,2158293,1.0,1,1,1,5.0,,0.0,0,1937.0,A01,138Â 293Â 155,1.0,-1.0,-1.0,1647985,2.0,7,,0.0,1.0,2.0,A01,138Â 293Â 155,1.0
965595,201900007126,11,26,16:34,1,2,4,1.0,3.0,71073,15 Avenue du General Leclerc,M,"46,9124740","4,7531550",71,2019,50.0,1.0,1.0,3.0,2158294,1.0,1,3,1,5.0,,0.0,0,1982.0,B01,138Â 293Â 153,2.0,6.0,-1.0,1647986,2.0,2,,0.0,2.0,1.0,B01,138Â 293Â 153,1.0
965595,201900007126,11,26,16:34,1,2,4,1.0,3.0,71073,15 Avenue du General Leclerc,M,"46,9124740","4,7531550",71,2019,50.0,1.0,1.0,3.0,2158294,1.0,1,3,1,5.0,,0.0,0,1982.0,B01,138Â 293Â 153,2.0,6.0,-1.0,1647987,2.0,7,,0.0,2.0,2.0,A01,138Â 293Â 154,1.0
965595,201900007126,11,26,16:34,1,2,4,1.0,3.0,71073,15 Avenue du General Leclerc,M,"46,9124740","4,7531550",71,2019,50.0,1.0,1.0,3.0,2158295,1.0,1,1,1,2.0,,0.0,0,1956.0,A01,138Â 293Â 154,1.0,-1.0,-1.0,1647986,2.0,2,,0.0,2.0,1.0,B01,138Â 293Â 153,1.0
965595,201900007126,11,26,16:34,1,2,4,1.0,3.0,71073,15 Avenue du General Leclerc,M,"46,9124740","4,7531550",71,2019,50.0,1.0,1.0,3.0,2158295,1.0,1,1,1,2.0,,0.0,0,1956.0,A01,138Â 293Â 154,1.0,-1.0,-1.0,1647987,2.0,7,,0.0,2.0,2.0,A01,138Â 293Â 154,1.0
965596,201900007127,11,26,07:30,2,1,1,2.0,1.0,89464,13 Faubourg de l'Esperance,M,"48,0785290","3,3001450",89,2019,90.0,1.0,2.0,3.0,2158296,1.0,1,4,1,1.0,,0.0,0,1999.0,A01,138Â 293Â 151,1.0,-1.0,-1.0,1647988,2.0,7,,0.0,2.0,4.0,A01,138Â 293Â 151,1.0
965596,201900007127,11,26,07:30,2,1,1,2.0,1.0,89464,13 Faubourg de l'Esperance,M,"48,0785290","3,3001450",89,2019,90.0,1.0,2.0,3.0,2158296,1.0,1,4,1,1.0,,0.0,0,1999.0,A01,138Â 293Â 151,1.0,-1.0,-1.0,1647989,1.0,10,,0.0,2.0,1.0,B01,138Â 293Â 152,1.0
965596,201900007127,11,26,07:30,2,1,1,2.0,1.0,89464,13 Faubourg de l'Esperance,M,"48,0785290","3,3001450",89,2019,90.0,1.0,2.0,3.0,2158297,1.0,1,4,1,4.0,,0.0,0,1976.0,B01,138Â 293Â 152,1.0,-1.0,-1.0,1647988,2.0,7,,0.0,2.0,4.0,A01,138Â 293Â 151,1.0
965596,201900007127,11,26,07:30,2,1,1,2.0,1.0,89464,13 Faubourg de l'Esperance,M,"48,0785290","3,3001450",89,2019,90.0,1.0,2.0,3.0,2158297,1.0,1,4,1,4.0,,0.0,0,1976.0,B01,138Â 293Â 152,1.0,-1.0,-1.0,1647989,1.0,10,,0.0,2.0,1.0,B01,138Â 293Â 152,1.0
965597,201900007128,11,25,10:40,1,1,3,1.0,3.0,12208,D3,M,"43,9899230","2,9352670",12,2019,80.0,1.0,1.0,3.0,2158298,1.0,1,1,2,2.0,,0.0,0,2001.0,B01,138Â 293Â 149,1.0,-1.0,-1.0,1647990,1.0,7,,0.0,2.0,1.0,B01,138Â 293Â 149,1.0
965597,201900007128,11,25,10:40,1,1,3,1.0,3.0,12208,D3,M,"43,9899230","2,9352670",12,2019,80.0,1.0,1.0,3.0,2158298,1.0,1,1,2,2.0,,0.0,0,2001.0,B01,138Â 293Â 149,1.0,-1.0,-1.0,1647991,2.0,7,,0.0,2.0,3.0,A01,138Â 293Â 150,1.0
965597,201900007128,11,25,10:40,1,1,3,1.0,3.0,12208,D3,M,"43,9899230","2,9352670",12,2019,80.0,1.0,1.0,3.0,2158299,2.0,2,1,2,2.0,,0.0,0,2002.0,B01,138Â 293Â 149,1.0,-1.0,-1.0,1647990,1.0,7,,0.0,2.0,1.0,B01,138Â 293Â 149,1.0
965597,201900007128,11,25,10:40,1,1,3,1.0,3.0,12208,D3,M,"43,9899230","2,9352670",12,2019,80.0,1.0,1.0,3.0,2158299,2.0,2,1,2,2.0,,0.0,0,2002.0,B01,138Â 293Â 149,1.0,-1.0,-1.0,1647991,2.0,7,,0.0,2.0,3.0,A01,138Â 293Â 150,1.0