Unnamed: 0_x,num_acc,mois,jour,hrmn,lum,agg,int,atm,col,com,adr,gps,lat,long,dep,annee,vma,situ,surf,catr,Unnamed: 0_y,place,catu,grav,sexe,trajet,secu,locp,actp,an_nais,num_veh_x,id_vehicule_x,secu1,secu2,secu3,Unnamed: 0,senc,catv,occutc,obs,obsm,choc,num_veh_y,id_vehicule_y,motor
965597,201900007128,11,25,10:40,1,1,3,1.0,3.0,12208,D3,M,"43,9899230","2,9352670",12,2019,80.0,1.0,1.0,3.0,2158300,2.0,2,3,2,5.0,,0.0,0,1972.0,A01,138Â 293Â 150,1.0,-1.0,-1.0,1647990,1.0,7,,0.0,2.0,1.0,B01,138Â 293Â 149,1.0
965597,201900007128,11,25,10:40,1,1,3,1.0,3.0,12208,D3,M,"43,9899230","2,9352670",12,2019,80.0,1.0,1.0,3.0,2158300,2.0,2,3,2,5.0,,0.0,0,1972.0,A01,138Â 293Â 150,1.0,-1.0,-1.0,1647991,2.0,7,,0.0,2.0,3.0,A01,138Â 293Â 150,1.0
965597,201900007128,11,25,10:40,1,1,3,1.0,3.0,12208,D3,M,"43,9899230","2,9352670",12,2019,80.0,1.0,1.0,3.0,2158301,1.0,1,3,2,5.0,,0.0,0,1978.0,A01,138Â 293Â 150,1.0,-1.0,-1.0,1647990,1.0,7,,0.0,2.0,1.0,B01,138Â 293Â 149,1.0
965597,201900007128,11,25,10:40,1,1,3,1.0,3.0,12208,D3,M,"43,9899230","2,9352670",12,2019,80.0,1.0,1.0,3.0,2158301,1.0,1,3,2,5.0,,0.0,0,1978.0,A01,138Â 293Â 150,1.0,-1.0,-1.0,1647991,2.0,7,,0.0,2.0,3.0,A01,138Â 293Â 150,1.0
965598,201900007129,11,25,19:15,3,1,1,5.0,6.0,68037,Moulin de Biltzheim,M,"47,9688810","7,3362570",68,2019,80.0,3.0,2.0,3.0,2158302,1.0,1,4,1,1.0,,0.0,0,1963.0,A01,138Â 293Â 148,1.0,5.0,-1.0,1647992,2.0,7,,2.0,0.0,1.0,A01,138Â 293Â 148,1.0
965599,201900007130,11,25,09:57,1,2,6,2.0,6.0,22004,2 Rue de Gra Vur,M,"48,6262280"," -3,3015760",22,2019,50.0,1.0,2.0,4.0,2158303,10.0,3,3,2,5.0,,3.0,3,1937.0,A01,138Â 293Â 147,0.0,-1.0,-1.0,1647993,1.0,7,,0.0,1.0,1.0,A01,138Â 293Â 147,1.0
965599,201900007130,11,25,09:57,1,2,6,2.0,6.0,22004,2 Rue de Gra Vur,M,"48,6262280"," -3,3015760",22,2019,50.0,1.0,2.0,4.0,2158304,1.0,1,1,2,1.0,,0.0,0,1970.0,A01,138Â 293Â 147,1.0,-1.0,-1.0,1647993,1.0,7,,0.0,1.0,1.0,A01,138Â 293Â 147,1.0
965600,201900007131,11,25,21:30,3,1,1,8.0,6.0,44128,D164,M,"47,5119230"," -1,8813700",44,2019,80.0,3.0,2.0,3.0,2158305,1.0,1,3,1,5.0,,0.0,0,2000.0,A01,138Â 293Â 146,1.0,-1.0,-1.0,1647994,1.0,7,,2.0,0.0,0.0,A01,138Â 293Â 146,1.0
965601,201900007132,11,16,01:20,3,1,1,1.0,1.0,29171,Lestrigiou,M,"47,8293301"," -4,3045892",29,2019,80.0,1.0,1.0,3.0,2158306,1.0,1,3,1,5.0,,0.0,0,1987.0,A01,138Â 293Â 144,8.0,-1.0,-1.0,1647995,1.0,3,,0.0,2.0,2.0,A01,138Â 293Â 144,1.0
965601,201900007132,11,16,01:20,3,1,1,1.0,1.0,29171,Lestrigiou,M,"47,8293301"," -4,3045892",29,2019,80.0,1.0,1.0,3.0,2158306,1.0,1,3,1,5.0,,0.0,0,1987.0,A01,138Â 293Â 144,8.0,-1.0,-1.0,1647996,2.0,10,,0.0,2.0,2.0,B01,138Â 293Â 145,1.0
965601,201900007132,11,16,01:20,3,1,1,1.0,1.0,29171,Lestrigiou,M,"47,8293301"," -4,3045892",29,2019,80.0,1.0,1.0,3.0,2158307,1.0,1,1,1,0.0,,0.0,0,1996.0,B01,138Â 293Â 145,1.0,-1.0,-1.0,1647995,1.0,3,,0.0,2.0,2.0,A01,138Â 293Â 144,1.0
965601,201900007132,11,16,01:20,3,1,1,1.0,1.0,29171,Lestrigiou,M,"47,8293301"," -4,3045892",29,2019,80.0,1.0,1.0,3.0,2158307,1.0,1,1,1,0.0,,0.0,0,1996.0,B01,138Â 293Â 145,1.0,-1.0,-1.0,1647996,2.0,10,,0.0,2.0,2.0,B01,138Â 293Â 145,1.0
965602,201900007133,11,24,23:00,3,2,1,1.0,7.0,02124,Rue des Ponts,M,"49,7504640","3,3758580",2,2019,50.0,1.0,2.0,3.0,2158308,1.0,1,1,2,5.0,,0.0,0,1995.0,A01,138Â 293Â 143,1.0,9.0,-1.0,1647997,1.0,7,,6.0,0.0,2.0,A01,138Â 293Â 143,1.0
965602,201900007133,11,24,23:00,3,2,1,1.0,7.0,02124,Rue des Ponts,M,"49,7504640","3,3758580",2,2019,50.0,1.0,2.0,3.0,2158309,5.0,2,1,2,9.0,,0.0,0,2014.0,A01,138Â 293Â 143,1.0,-1.0,-1.0,1647997,1.0,7,,6.0,0.0,2.0,A01,138Â 293Â 143,1.0
965602,201900007133,11,24,23:00,3,2,1,1.0,7.0,02124,Rue des Ponts,M,"49,7504640","3,3758580",2,2019,50.0,1.0,2.0,3.0,2158310,4.0,2,1,2,9.0,,0.0,0,2018.0,A01,138Â 293Â 143,1.0,3.0,-1.0,1647997,1.0,7,,6.0,0.0,2.0,A01,138Â 293Â 143,1.0
965602,201900007133,11,24,23:00,3,2,1,1.0,7.0,02124,Rue des Ponts,M,"49,7504640","3,3758580",2,2019,50.0,1.0,2.0,3.0,2158311,3.0,2,4,1,9.0,,0.0,0,2016.0,A01,138Â 293Â 143,1.0,-1.0,-1.0,1647997,1.0,7,,6.0,0.0,2.0,A01,138Â 293Â 143,1.0
965603,201900007134,11,25,14:00,1,2,2,1.0,3.0,02290,27 Aulnois,M,"49,0150450","3,3756910",2,2019,-1.0,1.0,1.0,3.0,2158312,1.0,1,1,1,5.0,,0.0,0,1952.0,A01,138Â 293Â 141,1.0,-1.0,-1.0,1647998,2.0,7,,0.0,2.0,2.0,A01,138Â 293Â 141,1.0
965603,201900007134,11,25,14:00,1,2,2,1.0,3.0,02290,27 Aulnois,M,"49,0150450","3,3756910",2,2019,-1.0,1.0,1.0,3.0,2158312,1.0,1,1,1,5.0,,0.0,0,1952.0,A01,138Â 293Â 141,1.0,-1.0,-1.0,1647999,2.0,7,,0.0,2.0,3.0,B01,138Â 293Â 142,1.0
965603,201900007134,11,25,14:00,1,2,2,1.0,3.0,02290,27 Aulnois,M,"49,0150450","3,3756910",2,2019,-1.0,1.0,1.0,3.0,2158313,1.0,1,4,2,5.0,,0.0,0,1969.0,B01,138Â 293Â 142,1.0,9.0,-1.0,1647998,2.0,7,,0.0,2.0,2.0,A01,138Â 293Â 141,1.0
965603,201900007134,11,25,14:00,1,2,2,1.0,3.0,02290,27 Aulnois,M,"49,0150450","3,3756910",2,2019,-1.0,1.0,1.0,3.0,2158313,1.0,1,4,2,5.0,,0.0,0,1969.0,B01,138Â 293Â 142,1.0,9.0,-1.0,1647999,2.0,7,,0.0,2.0,3.0,B01,138Â 293Â 142,1.0
965604,201900007135,11,26,12:30,1,1,9,2.0,1.0,02215,18 Rue de Juvincourt,M,"49,4567150","3,8489630",2,2019,80.0,1.0,2.0,3.0,2158314,1.0,1,4,2,1.0,,0.0,0,1957.0,B01,138Â 293Â 139,1.0,-1.0,-1.0,1648000,1.0,7,,0.0,0.0,1.0,B01,138Â 293Â 139,1.0
965604,201900007135,11,26,12:30,1,1,9,2.0,1.0,02215,18 Rue de Juvincourt,M,"49,4567150","3,8489630",2,2019,80.0,1.0,2.0,3.0,2158314,1.0,1,4,2,1.0,,0.0,0,1957.0,B01,138Â 293Â 139,1.0,-1.0,-1.0,1648001,2.0,7,,0.0,0.0,1.0,A01,138Â 293Â 140,1.0
965604,201900007135,11,26,12:30,1,1,9,2.0,1.0,02215,18 Rue de Juvincourt,M,"49,4567150","3,8489630",2,2019,80.0,1.0,2.0,3.0,2158315,1.0,1,1,1,1.0,,0.0,0,1965.0,A01,138Â 293Â 140,1.0,9.0,-1.0,1648000,1.0,7,,0.0,0.0,1.0,B01,138Â 293Â 139,1.0
965604,201900007135,11,26,12:30,1,1,9,2.0,1.0,02215,18 Rue de Juvincourt,M,"49,4567150","3,8489630",2,2019,80.0,1.0,2.0,3.0,2158315,1.0,1,1,1,1.0,,0.0,0,1965.0,A01,138Â 293Â 140,1.0,9.0,-1.0,1648001,2.0,7,,0.0,0.0,1.0,A01,138Â 293Â 140,1.0
965605,201900007136,11,24,16:15,1,1,1,7.0,7.0,03092,l'Ã©rain - Le Bois Granger,M,"46,4381490","3,1641767",3,2019,80.0,1.0,1.0,4.0,2158316,1.0,1,3,1,5.0,,0.0,0,2001.0,A01,138Â 293Â 138,2.0,6.0,-1.0,1648002,3.0,34,,0.0,0.0,7.0,A01,138Â 293Â 138,1.0
965606,201900007137,11,25,11:00,1,1,1,1.0,6.0,01199,D12,M,"46,0308420","5,4346630",1,2019,80.0,3.0,2.0,3.0,2158317,1.0,1,4,2,5.0,,0.0,0,1979.0,A01,138Â 293Â 137,1.0,-1.0,-1.0,1648003,1.0,7,,13.0,0.0,2.0,A01,138Â 293Â 137,0.0
965606,201900007137,11,25,11:00,1,1,1,1.0,6.0,01199,D12,M,"46,0308420","5,4346630",1,2019,80.0,3.0,2.0,3.0,2158318,2.0,2,4,2,5.0,,0.0,0,2010.0,A01,138Â 293Â 137,1.0,-1.0,-1.0,1648003,1.0,7,,13.0,0.0,2.0,A01,138Â 293Â 137,0.0
965607,201900007138,11,26,16:00,1,1,9,1.0,6.0,70176,route des CrÃªtes,M,"47,8965840","6,6600920",70,2019,80.0,3.0,2.0,3.0,2158319,1.0,1,2,1,5.0,,0.0,0,1952.0,A01,138Â 293Â 136,1.0,-1.0,-1.0,1648004,2.0,7,,0.0,9.0,2.0,A01,138Â 293Â 136,0.0
965608,201900007139,11,25,06:55,1,1,1,9.0,7.0,64415,184 Route de Bordeaux,M,"43,4298313"," -0,3344450",64,2019,90.0,8.0,2.0,3.0,2158320,1.0,1,3,1,1.0,,0.0,0,1986.0,A01,138Â 293Â 135,9.0,-1.0,-1.0,1648005,1.0,7,,5.0,0.0,0.0,A01,138Â 293Â 135,0.0
965609,201900007140,11,26,14:05,1,1,1,1.0,1.0,07346,Quartier Saint Alban,M,"44,4954490","4,6461010",7,2019,80.0,1.0,1.0,3.0,2158321,1.0,1,4,1,5.0,,0.0,0,1991.0,A01,138Â 293Â 133,1.0,-1.0,-1.0,1648006,2.0,7,,0.0,2.0,1.0,A01,138Â 293Â 133,1.0
965609,201900007140,11,26,14:05,1,1,1,1.0,1.0,07346,Quartier Saint Alban,M,"44,4954490","4,6461010",7,2019,80.0,1.0,1.0,3.0,2158321,1.0,1,4,1,5.0,,0.0,0,1991.0,A01,138Â 293Â 133,1.0,-1.0,-1.0,1648007,1.0,7,,0.0,2.0,1.0,B01,138Â 293Â 134,1.0
965609,201900007140,11,26,14:05,1,1,1,1.0,1.0,07346,Quartier Saint Alban,M,"44,4954490","4,6461010",7,2019,80.0,1.0,1.0,3.0,2158322,1.0,1,4,1,4.0,,0.0,0,1989.0,B01,138Â 293Â 134,1.0,-1.0,-1.0,1648006,2.0,7,,0.0,2.0,1.0,A01,138Â 293Â 133,1.0
965609,201900007140,11,26,14:05,1,1,1,1.0,1.0,07346,Quartier Saint Alban,M,"44,4954490","4,6461010",7,2019,80.0,1.0,1.0,3.0,2158322,1.0,1,4,1,4.0,,0.0,0,1989.0,B01,138Â 293Â 134,1.0,-1.0,-1.0,1648007,1.0,7,,0.0,2.0,1.0,B01,138Â 293Â 134,1.0
965610,201900007141,11,24,17:45,3,1,2,1.0,3.0,30123,N113,M,"43,6944960","4,1680450",30,2019,80.0,1.0,1.0,2.0,2158323,1.0,1,1,1,4.0,,0.0,0,1958.0,A01,138Â 293Â 131,1.0,-1.0,-1.0,1648008,2.0,7,,0.0,2.0,1.0,A01,138Â 293Â 131,1.0
965610,201900007141,11,24,17:45,3,1,2,1.0,3.0,30123,N113,M,"43,6944960","4,1680450",30,2019,80.0,1.0,1.0,2.0,2158323,1.0,1,1,1,4.0,,0.0,0,1958.0,A01,138Â 293Â 131,1.0,-1.0,-1.0,1648009,2.0,7,,0.0,2.0,3.0,B01,138Â 293Â 132,1.0
965610,201900007141,11,24,17:45,3,1,2,1.0,3.0,30123,N113,M,"43,6944960","4,1680450",30,2019,80.0,1.0,1.0,2.0,2158324,2.0,2,3,2,4.0,,0.0,0,1983.0,A01,138Â 293Â 131,1.0,-1.0,-1.0,1648008,2.0,7,,0.0,2.0,1.0,A01,138Â 293Â 131,1.0
965610,201900007141,11,24,17:45,3,1,2,1.0,3.0,30123,N113,M,"43,6944960","4,1680450",30,2019,80.0,1.0,1.0,2.0,2158324,2.0,2,3,2,4.0,,0.0,0,1983.0,A01,138Â 293Â 131,1.0,-1.0,-1.0,1648009,2.0,7,,0.0,2.0,3.0,B01,138Â 293Â 132,1.0
965610,201900007141,11,24,17:45,3,1,2,1.0,3.0,30123,N113,M,"43,6944960","4,1680450",30,2019,80.0,1.0,1.0,2.0,2158325,1.0,1,3,2,5.0,,0.0,0,1999.0,B01,138Â 293Â 132,1.0,-1.0,-1.0,1648008,2.0,7,,0.0,2.0,1.0,A01,138Â 293Â 131,1.0
965610,201900007141,11,24,17:45,3,1,2,1.0,3.0,30123,N113,M,"43,6944960","4,1680450",30,2019,80.0,1.0,1.0,2.0,2158325,1.0,1,3,2,5.0,,0.0,0,1999.0,B01,138Â 293Â 132,1.0,-1.0,-1.0,1648009,2.0,7,,0.0,2.0,3.0,B01,138Â 293Â 132,1.0
965611,201900007142,11,7,13:10,1,2,6,1.0,3.0,33555,Avenue de la CÃ´te d'Argent,M,"44,6904400"," -0,8586900",33,2019,50.0,1.0,1.0,3.0,2158326,1.0,1,4,2,9.0,,0.0,0,1981.0,B01,138Â 293Â 129,1.0,-1.0,-1.0,1648010,3.0,7,,0.0,2.0,2.0,B01,138Â 293Â 129,1.0
965611,201900007142,11,7,13:10,1,2,6,1.0,3.0,33555,Avenue de la CÃ´te d'Argent,M,"44,6904400"," -0,8586900",33,2019,50.0,1.0,1.0,3.0,2158326,1.0,1,4,2,9.0,,0.0,0,1981.0,B01,138Â 293Â 129,1.0,-1.0,-1.0,1648011,1.0,7,,0.0,2.0,1.0,A01,138Â 293Â 130,1.0
965611,201900007142,11,7,13:10,1,2,6,1.0,3.0,33555,Avenue de la CÃ´te d'Argent,M,"44,6904400"," -0,8586900",33,2019,50.0,1.0,1.0,3.0,2158327,1.0,1,1,2,5.0,,0.0,0,1955.0,A01,138Â 293Â 130,1.0,-1.0,-1.0,1648010,3.0,7,,0.0,2.0,2.0,B01,138Â 293Â 129,1.0
965611,201900007142,11,7,13:10,1,2,6,1.0,3.0,33555,Avenue de la CÃ´te d'Argent,M,"44,6904400"," -0,8586900",33,2019,50.0,1.0,1.0,3.0,2158327,1.0,1,1,2,5.0,,0.0,0,1955.0,A01,138Â 293Â 130,1.0,-1.0,-1.0,1648011,1.0,7,,0.0,2.0,1.0,A01,138Â 293Â 130,1.0
965612,201900007143,11,25,18:00,3,1,1,1.0,4.0,51324,RN 4,M,"48,7271679","3,8646255",51,2019,80.0,1.0,1.0,2.0,2158328,1.0,1,1,1,4.0,,0.0,0,1957.0,C01,138Â 293Â 126,1.0,-1.0,-1.0,1648012,1.0,15,,0.0,2.0,1.0,C01,138Â 293Â 126,1.0
965612,201900007143,11,25,18:00,3,1,1,1.0,4.0,51324,RN 4,M,"48,7271679","3,8646255",51,2019,80.0,1.0,1.0,2.0,2158328,1.0,1,1,1,4.0,,0.0,0,1957.0,C01,138Â 293Â 126,1.0,-1.0,-1.0,1648013,1.0,15,,0.0,2.0,3.0,B01,138Â 293Â 127,1.0
965612,201900007143,11,25,18:00,3,1,1,1.0,4.0,51324,RN 4,M,"48,7271679","3,8646255",51,2019,80.0,1.0,1.0,2.0,2158328,1.0,1,1,1,4.0,,0.0,0,1957.0,C01,138Â 293Â 126,1.0,-1.0,-1.0,1648014,2.0,7,,0.0,2.0,3.0,A01,138Â 293Â 128,1.0
965612,201900007143,11,25,18:00,3,1,1,1.0,4.0,51324,RN 4,M,"48,7271679","3,8646255",51,2019,80.0,1.0,1.0,2.0,2158329,1.0,1,1,1,4.0,,0.0,0,1995.0,B01,138Â 293Â 127,1.0,-1.0,-1.0,1648012,1.0,15,,0.0,2.0,1.0,C01,138Â 293Â 126,1.0
965612,201900007143,11,25,18:00,3,1,1,1.0,4.0,51324,RN 4,M,"48,7271679","3,8646255",51,2019,80.0,1.0,1.0,2.0,2158329,1.0,1,1,1,4.0,,0.0,0,1995.0,B01,138Â 293Â 127,1.0,-1.0,-1.0,1648013,1.0,15,,0.0,2.0,3.0,B01,138Â 293Â 127,1.0
965612,201900007143,11,25,18:00,3,1,1,1.0,4.0,51324,RN 4,M,"48,7271679","3,8646255",51,2019,80.0,1.0,1.0,2.0,2158329,1.0,1,1,1,4.0,,0.0,0,1995.0,B01,138Â 293Â 127,1.0,-1.0,-1.0,1648014,2.0,7,,0.0,2.0,3.0,A01,138Â 293Â 128,1.0
965612,201900007143,11,25,18:00,3,1,1,1.0,4.0,51324,RN 4,M,"48,7271679","3,8646255",51,2019,80.0,1.0,1.0,2.0,2158330,1.0,1,2,1,0.0,,0.0,0,1980.0,A01,138Â 293Â 128,1.0,-1.0,-1.0,1648012,1.0,15,,0.0,2.0,1.0,C01,138Â 293Â 126,1.0
965612,201900007143,11,25,18:00,3,1,1,1.0,4.0,51324,RN 4,M,"48,7271679","3,8646255",51,2019,80.0,1.0,1.0,2.0,2158330,1.0,1,2,1,0.0,,0.0,0,1980.0,A01,138Â 293Â 128,1.0,-1.0,-1.0,1648013,1.0,15,,0.0,2.0,3.0,B01,138Â 293Â 127,1.0
965612,201900007143,11,25,18:00,3,1,1,1.0,4.0,51324,RN 4,M,"48,7271679","3,8646255",51,2019,80.0,1.0,1.0,2.0,2158330,1.0,1,2,1,0.0,,0.0,0,1980.0,A01,138Â 293Â 128,1.0,-1.0,-1.0,1648014,2.0,7,,0.0,2.0,3.0,A01,138Â 293Â 128,1.0
965613,201900007144,11,24,19:20,5,2,1,1.0,1.0,98733,RT1 PK 19.100,M," -17,6899310"," -149,5483490",987,2019,60.0,1.0,1.0,2.0,2158331,1.0,1,1,1,5.0,,0.0,0,1978.0,A01,138Â 293Â 124,1.0,-1.0,-1.0,1648015,1.0,7,,0.0,2.0,2.0,A01,138Â 293Â 124,1.0
965613,201900007144,11,24,19:20,5,2,1,1.0,1.0,98733,RT1 PK 19.100,M," -17,6899310"," -149,5483490",987,2019,60.0,1.0,1.0,2.0,2158331,1.0,1,1,1,5.0,,0.0,0,1978.0,A01,138Â 293Â 124,1.0,-1.0,-1.0,1648016,2.0,2,,0.0,2.0,1.0,B01,138Â 293Â 125,1.0
965613,201900007144,11,24,19:20,5,2,1,1.0,1.0,98733,RT1 PK 19.100,M," -17,6899310"," -149,5483490",987,2019,60.0,1.0,1.0,2.0,2158332,2.0,2,1,2,5.0,,0.0,0,1993.0,A01,138Â 293Â 124,1.0,-1.0,-1.0,1648015,1.0,7,,0.0,2.0,2.0,A01,138Â 293Â 124,1.0
965613,201900007144,11,24,19:20,5,2,1,1.0,1.0,98733,RT1 PK 19.100,M," -17,6899310"," -149,5483490",987,2019,60.0,1.0,1.0,2.0,2158332,2.0,2,1,2,5.0,,0.0,0,1993.0,A01,138Â 293Â 124,1.0,-1.0,-1.0,1648016,2.0,2,,0.0,2.0,1.0,B01,138Â 293Â 125,1.0
965613,201900007144,11,24,19:20,5,2,1,1.0,1.0,98733,RT1 PK 19.100,M," -17,6899310"," -149,5483490",987,2019,60.0,1.0,1.0,2.0,2158333,1.0,1,3,1,5.0,,0.0,0,2000.0,B01,138Â 293Â 125,2.0,-1.0,-1.0,1648015,1.0,7,,0.0,2.0,2.0,A01,138Â 293Â 124,1.0
965613,201900007144,11,24,19:20,5,2,1,1.0,1.0,98733,RT1 PK 19.100,M," -17,6899310"," -149,5483490",987,2019,60.0,1.0,1.0,2.0,2158333,1.0,1,3,1,5.0,,0.0,0,2000.0,B01,138Â 293Â 125,2.0,-1.0,-1.0,1648016,2.0,2,,0.0,2.0,1.0,B01,138Â 293Â 125,1.0
965613,201900007144,11,24,19:20,5,2,1,1.0,1.0,98733,RT1 PK 19.100,M," -17,6899310"," -149,5483490",987,2019,60.0,1.0,1.0,2.0,2158334,2.0,2,4,2,5.0,,0.0,0,2004.0,B01,138Â 293Â 125,2.0,-1.0,-1.0,1648015,1.0,7,,0.0,2.0,2.0,A01,138Â 293Â 124,1.0
965613,201900007144,11,24,19:20,5,2,1,1.0,1.0,98733,RT1 PK 19.100,M," -17,6899310"," -149,5483490",987,2019,60.0,1.0,1.0,2.0,2158334,2.0,2,4,2,5.0,,0.0,0,2004.0,B01,138Â 293Â 125,2.0,-1.0,-1.0,1648016,2.0,2,,0.0,2.0,1.0,B01,138Â 293Â 125,1.0
965614,201900007145,11,26,15:05,1,2,1,1.0,3.0,97402,RN 2002,M," -21,0001170","55,6867040",974,2019,50.0,1.0,1.0,2.0,2158335,1.0,1,1,1,0.0,,0.0,0,1998.0,B01,138Â 293Â 122,1.0,-1.0,-1.0,1648017,2.0,7,,0.0,2.0,7.0,B01,138Â 293Â 122,1.0
965614,201900007145,11,26,15:05,1,2,1,1.0,3.0,97402,RN 2002,M," -21,0001170","55,6867040",974,2019,50.0,1.0,1.0,2.0,2158335,1.0,1,1,1,0.0,,0.0,0,1998.0,B01,138Â 293Â 122,1.0,-1.0,-1.0,1648018,2.0,32,,0.0,2.0,1.0,A01,138Â 293Â 123,1.0
965614,201900007145,11,26,15:05,1,2,1,1.0,3.0,97402,RN 2002,M," -21,0001170","55,6867040",974,2019,50.0,1.0,1.0,2.0,2158336,1.0,1,3,2,0.0,,0.0,0,1974.0,A01,138Â 293Â 123,2.0,-1.0,-1.0,1648017,2.0,7,,0.0,2.0,7.0,B01,138Â 293Â 122,1.0
965614,201900007145,11,26,15:05,1,2,1,1.0,3.0,97402,RN 2002,M," -21,0001170","55,6867040",974,2019,50.0,1.0,1.0,2.0,2158336,1.0,1,3,2,0.0,,0.0,0,1974.0,A01,138Â 293Â 123,2.0,-1.0,-1.0,1648018,2.0,32,,0.0,2.0,1.0,A01,138Â 293Â 123,1.0
965615,201900007146,11,25,19:30,2,2,9,1.0,1.0,97408,Avenue Raymond Verges,M," -20,9333640","55,3327960",974,2019,50.0,1.0,1.0,4.0,2158337,1.0,1,4,1,5.0,,0.0,0,2004.0,B01,138Â 293Â 120,0.0,-1.0,-1.0,1648019,3.0,1,,0.0,2.0,1.0,B01,138Â 293Â 120,5.0
965615,201900007146,11,25,19:30,2,2,9,1.0,1.0,97408,Avenue Raymond Verges,M," -20,9333640","55,3327960",974,2019,50.0,1.0,1.0,4.0,2158337,1.0,1,4,1,5.0,,0.0,0,2004.0,B01,138Â 293Â 120,0.0,-1.0,-1.0,1648020,0.0,7,,0.0,9.0,1.0,A01,138Â 293Â 121,0.0
965615,201900007146,11,25,19:30,2,2,9,1.0,1.0,97408,Avenue Raymond Verges,M," -20,9333640","55,3327960",974,2019,50.0,1.0,1.0,4.0,2158338,1.0,1,1,1,5.0,,0.0,0,1983.0,A01,138Â 293Â 121,1.0,-1.0,-1.0,1648019,3.0,1,,0.0,2.0,1.0,B01,138Â 293Â 120,5.0
965615,201900007146,11,25,19:30,2,2,9,1.0,1.0,97408,Avenue Raymond Verges,M," -20,9333640","55,3327960",974,2019,50.0,1.0,1.0,4.0,2158338,1.0,1,1,1,5.0,,0.0,0,1983.0,A01,138Â 293Â 121,1.0,-1.0,-1.0,1648020,0.0,7,,0.0,9.0,1.0,A01,138Â 293Â 121,0.0
965616,201900007147,11,26,08:45,1,1,2,1.0,1.0,45210,D 317 PR2 + 298,M,"47,8885134","2,8485374",45,2019,-1.0,1.0,2.0,3.0,2158339,1.0,1,3,1,1.0,,0.0,0,2001.0,B01,138Â 293Â 119,8.0,-1.0,-1.0,1648021,3.0,7,,0.0,2.0,2.0,A01,138Â 293Â 118,1.0
965616,201900007147,11,26,08:45,1,1,2,1.0,1.0,45210,D 317 PR2 + 298,M,"47,8885134","2,8485374",45,2019,-1.0,1.0,2.0,3.0,2158339,1.0,1,3,1,1.0,,0.0,0,2001.0,B01,138Â 293Â 119,8.0,-1.0,-1.0,1648022,2.0,2,,0.0,2.0,1.0,B01,138Â 293Â 119,1.0
965617,201900007148,11,23,13:00,1,1,1,3.0,7.0,83133,L'Adrech de l'Olivier,M,"43,5876530","6,8852200",83,2019,80.0,8.0,6.0,4.0,2158340,1.0,1,2,1,0.0,,0.0,0,1946.0,A01,138Â 293Â 117,0.0,-1.0,-1.0,1648023,0.0,7,,13.0,0.0,0.0,A01,138Â 293Â 117,1.0
965617,201900007148,11,23,13:00,1,1,1,3.0,7.0,83133,L'Adrech de l'Olivier,M,"43,5876530","6,8852200",83,2019,80.0,8.0,6.0,4.0,2158341,2.0,2,2,2,0.0,,0.0,0,1946.0,A01,138Â 293Â 117,1.0,-1.0,-1.0,1648023,0.0,7,,13.0,0.0,0.0,A01,138Â 293Â 117,1.0
965618,201900007149,11,24,11:15,1,1,1,3.0,6.0,13074,D96,M,"43,6450610","5,5625080",13,2019,70.0,3.0,2.0,3.0,2158342,1.0,1,3,2,0.0,,0.0,0,1943.0,A01,138Â 293Â 116,1.0,-1.0,-1.0,1648024,2.0,7,,2.0,0.0,1.0,A01,138Â 293Â 116,1.0
965619,201900007150,11,26,06:35,3,1,4,1.0,1.0,71235,Route de MÃ¢con,M,"46,3339600","4,7966120",71,2019,80.0,1.0,1.0,3.0,2158343,1.0,1,3,2,1.0,,0.0,0,2003.0,B01,138Â 293Â 114,2.0,-1.0,-1.0,1648025,2.0,2,,0.0,2.0,8.0,B01,138Â 293Â 114,1.0
965619,201900007150,11,26,06:35,3,1,4,1.0,1.0,71235,Route de MÃ¢con,M,"46,3339600","4,7966120",71,2019,80.0,1.0,1.0,3.0,2158343,1.0,1,3,2,1.0,,0.0,0,2003.0,B01,138Â 293Â 114,2.0,-1.0,-1.0,1648026,1.0,7,,0.0,2.0,3.0,A01,138Â 293Â 115,1.0
965619,201900007150,11,26,06:35,3,1,4,1.0,1.0,71235,Route de MÃ¢con,M,"46,3339600","4,7966120",71,2019,80.0,1.0,1.0,3.0,2158344,1.0,1,1,1,1.0,,0.0,0,1983.0,A01,138Â 293Â 115,1.0,-1.0,-1.0,1648025,2.0,2,,0.0,2.0,8.0,B01,138Â 293Â 114,1.0
965619,201900007150,11,26,06:35,3,1,4,1.0,1.0,71235,Route de MÃ¢con,M,"46,3339600","4,7966120",71,2019,80.0,1.0,1.0,3.0,2158344,1.0,1,1,1,1.0,,0.0,0,1983.0,A01,138Â 293Â 115,1.0,-1.0,-1.0,1648026,1.0,7,,0.0,2.0,3.0,A01,138Â 293Â 115,1.0
965620,201900007151,11,25,18:15,5,2,9,8.0,6.0,67130,1 Route de Krafft,M,"48,4290760","7,6622750",67,2019,50.0,1.0,2.0,3.0,2158345,1.0,1,1,1,1.0,,0.0,0,1985.0,A01,138Â 293Â 113,1.0,-1.0,-1.0,1648027,2.0,7,,0.0,1.0,2.0,A01,138Â 293Â 113,1.0
965620,201900007151,11,25,18:15,5,2,9,8.0,6.0,67130,1 Route de Krafft,M,"48,4290760","7,6622750",67,2019,50.0,1.0,2.0,3.0,2158346,10.0,3,4,1,0.0,,4.0,3,2003.0,A01,138Â 293Â 113,0.0,-1.0,-1.0,1648027,2.0,7,,0.0,1.0,2.0,A01,138Â 293Â 113,1.0