Unnamed: 0_x,num_acc,mois,jour,hrmn,lum,agg,int,atm,col,com,adr,gps,lat,long,dep,annee,vma,situ,surf,catr,Unnamed: 0_y,place,catu,grav,sexe,trajet,secu,locp,actp,an_nais,num_veh_x,id_vehicule_x,secu1,secu2,secu3,Unnamed: 0,senc,catv,occutc,obs,obsm,choc,num_veh_y,id_vehicule_y,motor
965621,201900007152,11,22,18:30,2,2,2,1.0,3.0,03298,26 rue Antoine Fayard,M,"46,3120431","3,4041700",3,2019,50.0,1.0,1.0,4.0,2158347,1.0,1,1,1,0.0,,0.0,0,2000.0,A01,138Â 293Â 111,8.0,-1.0,-1.0,1648028,1.0,7,,0.0,2.0,1.0,A01,138Â 293Â 111,1.0
965621,201900007152,11,22,18:30,2,2,2,1.0,3.0,03298,26 rue Antoine Fayard,M,"46,3120431","3,4041700",3,2019,50.0,1.0,1.0,4.0,2158347,1.0,1,1,1,0.0,,0.0,0,2000.0,A01,138Â 293Â 111,8.0,-1.0,-1.0,1648029,3.0,7,,0.0,0.0,8.0,B01,138Â 293Â 112,1.0
965621,201900007152,11,22,18:30,2,2,2,1.0,3.0,03298,26 rue Antoine Fayard,M,"46,3120431","3,4041700",3,2019,50.0,1.0,1.0,4.0,2158348,1.0,1,4,1,3.0,,0.0,0,1939.0,B01,138Â 293Â 112,8.0,-1.0,-1.0,1648028,1.0,7,,0.0,2.0,1.0,A01,138Â 293Â 111,1.0
965621,201900007152,11,22,18:30,2,2,2,1.0,3.0,03298,26 rue Antoine Fayard,M,"46,3120431","3,4041700",3,2019,50.0,1.0,1.0,4.0,2158348,1.0,1,4,1,3.0,,0.0,0,1939.0,B01,138Â 293Â 112,8.0,-1.0,-1.0,1648029,3.0,7,,0.0,0.0,8.0,B01,138Â 293Â 112,1.0
965622,201900007153,11,25,16:30,1,1,1,1.0,1.0,73081,RD911,M,"45,6758485","6,1448266",73,2019,80.0,1.0,1.0,3.0,2158349,1.0,1,2,1,3.0,,0.0,0,1954.0,A01,138Â 293Â 109,0.0,-1.0,-1.0,1648030,1.0,7,,0.0,2.0,3.0,A01,138Â 293Â 109,1.0
965622,201900007153,11,25,16:30,1,1,1,1.0,1.0,73081,RD911,M,"45,6758485","6,1448266",73,2019,80.0,1.0,1.0,3.0,2158349,1.0,1,2,1,3.0,,0.0,0,1954.0,A01,138Â 293Â 109,0.0,-1.0,-1.0,1648031,2.0,7,,0.0,2.0,3.0,B01,138Â 293Â 110,1.0
965622,201900007153,11,25,16:30,1,1,1,1.0,1.0,73081,RD911,M,"45,6758485","6,1448266",73,2019,80.0,1.0,1.0,3.0,2158350,1.0,1,4,1,1.0,,0.0,0,1985.0,B01,138Â 293Â 110,1.0,-1.0,-1.0,1648030,1.0,7,,0.0,2.0,3.0,A01,138Â 293Â 109,1.0
965622,201900007153,11,25,16:30,1,1,1,1.0,1.0,73081,RD911,M,"45,6758485","6,1448266",73,2019,80.0,1.0,1.0,3.0,2158350,1.0,1,4,1,1.0,,0.0,0,1985.0,B01,138Â 293Â 110,1.0,-1.0,-1.0,1648031,2.0,7,,0.0,2.0,3.0,B01,138Â 293Â 110,1.0
965623,201900007154,11,25,15:50,1,2,3,1.0,3.0,26235,Av Mal Leclerc de Hauteclocque,M,"44,3790900","4,7020420",26,2019,50.0,1.0,1.0,4.0,2158351,1.0,1,3,1,0.0,,0.0,0,2003.0,B01,138Â 293Â 107,2.0,6.0,-1.0,1648032,0.0,31,,0.0,2.0,1.0,B01,138Â 293Â 107,0.0
965623,201900007154,11,25,15:50,1,2,3,1.0,3.0,26235,Av Mal Leclerc de Hauteclocque,M,"44,3790900","4,7020420",26,2019,50.0,1.0,1.0,4.0,2158351,1.0,1,3,1,0.0,,0.0,0,2003.0,B01,138Â 293Â 107,2.0,6.0,-1.0,1648033,3.0,7,,0.0,2.0,3.0,A01,138Â 293Â 108,0.0
965623,201900007154,11,25,15:50,1,2,3,1.0,3.0,26235,Av Mal Leclerc de Hauteclocque,M,"44,3790900","4,7020420",26,2019,50.0,1.0,1.0,4.0,2158352,1.0,1,1,2,2.0,,0.0,0,1983.0,A01,138Â 293Â 108,1.0,-1.0,-1.0,1648032,0.0,31,,0.0,2.0,1.0,B01,138Â 293Â 107,0.0
965623,201900007154,11,25,15:50,1,2,3,1.0,3.0,26235,Av Mal Leclerc de Hauteclocque,M,"44,3790900","4,7020420",26,2019,50.0,1.0,1.0,4.0,2158352,1.0,1,1,2,2.0,,0.0,0,1983.0,A01,138Â 293Â 108,1.0,-1.0,-1.0,1648033,3.0,7,,0.0,2.0,3.0,A01,138Â 293Â 108,0.0
965624,201900007155,11,26,07:35,2,2,3,1.0,1.0,69204,108 Avenue Georges ClÃ©menceau,M,"45,6980000","4,7946000",69,2019,50.0,1.0,1.0,3.0,2158353,1.0,1,1,1,1.0,,0.0,0,1968.0,A01,138Â 293Â 105,1.0,-1.0,-1.0,1648034,2.0,7,,0.0,2.0,3.0,A01,138Â 293Â 105,0.0
965624,201900007155,11,26,07:35,2,2,3,1.0,1.0,69204,108 Avenue Georges ClÃ©menceau,M,"45,6980000","4,7946000",69,2019,50.0,1.0,1.0,3.0,2158353,1.0,1,1,1,1.0,,0.0,0,1968.0,A01,138Â 293Â 105,1.0,-1.0,-1.0,1648035,2.0,33,,0.0,2.0,1.0,B01,138Â 293Â 106,0.0
965624,201900007155,11,26,07:35,2,2,3,1.0,1.0,69204,108 Avenue Georges ClÃ©menceau,M,"45,6980000","4,7946000",69,2019,50.0,1.0,1.0,3.0,2158354,1.0,1,4,1,1.0,,0.0,0,1966.0,B01,138Â 293Â 106,2.0,-1.0,-1.0,1648034,2.0,7,,0.0,2.0,3.0,A01,138Â 293Â 105,0.0
965624,201900007155,11,26,07:35,2,2,3,1.0,1.0,69204,108 Avenue Georges ClÃ©menceau,M,"45,6980000","4,7946000",69,2019,50.0,1.0,1.0,3.0,2158354,1.0,1,4,1,1.0,,0.0,0,1966.0,B01,138Â 293Â 106,2.0,-1.0,-1.0,1648035,2.0,33,,0.0,2.0,1.0,B01,138Â 293Â 106,0.0
965625,201900007156,11,26,16:40,1,2,1,7.0,2.0,81140,249 Avenue de Cocagne,M,"43,7055490","1,8007970",81,2019,50.0,1.0,1.0,4.0,2158355,1.0,1,1,2,0.0,,0.0,0,1968.0,A01,138Â 293Â 103,1.0,-1.0,-1.0,1648036,3.0,7,,0.0,2.0,2.0,A01,138Â 293Â 103,1.0
965625,201900007156,11,26,16:40,1,2,1,7.0,2.0,81140,249 Avenue de Cocagne,M,"43,7055490","1,8007970",81,2019,50.0,1.0,1.0,4.0,2158355,1.0,1,1,2,0.0,,0.0,0,1968.0,A01,138Â 293Â 103,1.0,-1.0,-1.0,1648037,3.0,80,,0.0,0.0,4.0,B01,138Â 293Â 104,3.0
965625,201900007156,11,26,16:40,1,2,1,7.0,2.0,81140,249 Avenue de Cocagne,M,"43,7055490","1,8007970",81,2019,50.0,1.0,1.0,4.0,2158356,1.0,1,2,1,3.0,,0.0,0,1931.0,B01,138Â 293Â 104,0.0,-1.0,-1.0,1648036,3.0,7,,0.0,2.0,2.0,A01,138Â 293Â 103,1.0
965625,201900007156,11,26,16:40,1,2,1,7.0,2.0,81140,249 Avenue de Cocagne,M,"43,7055490","1,8007970",81,2019,50.0,1.0,1.0,4.0,2158356,1.0,1,2,1,3.0,,0.0,0,1931.0,B01,138Â 293Â 104,0.0,-1.0,-1.0,1648037,3.0,80,,0.0,0.0,4.0,B01,138Â 293Â 104,3.0
965626,201900007157,11,25,21:30,3,1,1,1.0,6.0,17099,route de corignac,M,"45,2571860"," -0,3741800",17,2019,80.0,3.0,1.0,4.0,2158357,1.0,1,3,1,5.0,,0.0,0,1999.0,A01,138Â 293Â 102,1.0,-1.0,-1.0,1648038,3.0,7,,13.0,0.0,1.0,A01,138Â 293Â 102,1.0
965627,201900007158,11,25,15:40,1,1,1,8.0,1.0,16320,,M,"45,7485250","0,0400830",16,2019,80.0,1.0,1.0,3.0,2158358,1.0,1,4,1,4.0,,0.0,0,1988.0,B01,138Â 293Â 100,1.0,-1.0,-1.0,1648039,2.0,14,,13.0,2.0,3.0,B01,138Â 293Â 100,1.0
965627,201900007158,11,25,15:40,1,1,1,8.0,1.0,16320,,M,"45,7485250","0,0400830",16,2019,80.0,1.0,1.0,3.0,2158358,1.0,1,4,1,4.0,,0.0,0,1988.0,B01,138Â 293Â 100,1.0,-1.0,-1.0,1648040,1.0,7,,13.0,2.0,1.0,A01,138Â 293Â 101,1.0
965627,201900007158,11,25,15:40,1,1,1,8.0,1.0,16320,,M,"45,7485250","0,0400830",16,2019,80.0,1.0,1.0,3.0,2158359,1.0,1,3,1,5.0,,0.0,0,1952.0,A01,138Â 293Â 101,1.0,-1.0,-1.0,1648039,2.0,14,,13.0,2.0,3.0,B01,138Â 293Â 100,1.0
965627,201900007158,11,25,15:40,1,1,1,8.0,1.0,16320,,M,"45,7485250","0,0400830",16,2019,80.0,1.0,1.0,3.0,2158359,1.0,1,3,1,5.0,,0.0,0,1952.0,A01,138Â 293Â 101,1.0,-1.0,-1.0,1648040,1.0,7,,13.0,2.0,1.0,A01,138Â 293Â 101,1.0
965628,201900007159,11,25,18:15,5,2,3,8.0,3.0,33273,20 Avenue de Nauplie,M,"44,8450440"," -0,7949300",33,2019,50.0,1.0,2.0,4.0,2158360,1.0,1,1,1,1.0,,0.0,0,1995.0,B01,138Â 293Â 098,1.0,-1.0,-1.0,1648041,1.0,7,,0.0,2.0,2.0,B01,138Â 293Â 098,1.0
965628,201900007159,11,25,18:15,5,2,3,8.0,3.0,33273,20 Avenue de Nauplie,M,"44,8450440"," -0,7949300",33,2019,50.0,1.0,2.0,4.0,2158360,1.0,1,1,1,1.0,,0.0,0,1995.0,B01,138Â 293Â 098,1.0,-1.0,-1.0,1648042,2.0,1,,0.0,2.0,1.0,A01,138Â 293Â 099,5.0
965628,201900007159,11,25,18:15,5,2,3,8.0,3.0,33273,20 Avenue de Nauplie,M,"44,8450440"," -0,7949300",33,2019,50.0,1.0,2.0,4.0,2158361,1.0,1,3,1,5.0,,0.0,0,2004.0,A01,138Â 293Â 099,0.0,-1.0,-1.0,1648041,1.0,7,,0.0,2.0,2.0,B01,138Â 293Â 098,1.0
965628,201900007159,11,25,18:15,5,2,3,8.0,3.0,33273,20 Avenue de Nauplie,M,"44,8450440"," -0,7949300",33,2019,50.0,1.0,2.0,4.0,2158361,1.0,1,3,1,5.0,,0.0,0,2004.0,A01,138Â 293Â 099,0.0,-1.0,-1.0,1648042,2.0,1,,0.0,2.0,1.0,A01,138Â 293Â 099,5.0
965629,201900007160,11,21,16:30,1,1,3,2.0,2.0,85009,D115,M,"46,4161200"," -0,8638800",85,2019,80.0,1.0,2.0,3.0,2158362,1.0,1,1,1,5.0,,0.0,0,1972.0,B01,138Â 293Â 096,8.0,-1.0,-1.0,1648043,2.0,7,,0.0,2.0,1.0,B01,138Â 293Â 096,0.0
965629,201900007160,11,21,16:30,1,1,3,2.0,2.0,85009,D115,M,"46,4161200"," -0,8638800",85,2019,80.0,1.0,2.0,3.0,2158362,1.0,1,1,1,5.0,,0.0,0,1972.0,B01,138Â 293Â 096,8.0,-1.0,-1.0,1648044,2.0,7,,13.0,0.0,6.0,A01,138Â 293Â 097,1.0
965629,201900007160,11,21,16:30,1,1,3,2.0,2.0,85009,D115,M,"46,4161200"," -0,8638800",85,2019,80.0,1.0,2.0,3.0,2158363,1.0,1,4,2,4.0,,0.0,0,1960.0,A01,138Â 293Â 097,1.0,-1.0,-1.0,1648043,2.0,7,,0.0,2.0,1.0,B01,138Â 293Â 096,0.0
965629,201900007160,11,21,16:30,1,1,3,2.0,2.0,85009,D115,M,"46,4161200"," -0,8638800",85,2019,80.0,1.0,2.0,3.0,2158363,1.0,1,4,2,4.0,,0.0,0,1960.0,A01,138Â 293Â 097,1.0,-1.0,-1.0,1648044,2.0,7,,13.0,0.0,6.0,A01,138Â 293Â 097,1.0
965630,201900007161,11,26,17:45,3,1,1,1.0,1.0,76289,Rue de Caudebec,M,"49,5632520","0,8259350",76,2019,80.0,1.0,2.0,3.0,2158364,1.0,1,3,2,5.0,,0.0,0,1932.0,A01,138Â 293Â 094,1.0,-1.0,-1.0,1648045,2.0,7,,0.0,2.0,3.0,A01,138Â 293Â 094,1.0
965630,201900007161,11,26,17:45,3,1,1,1.0,1.0,76289,Rue de Caudebec,M,"49,5632520","0,8259350",76,2019,80.0,1.0,2.0,3.0,2158364,1.0,1,3,2,5.0,,0.0,0,1932.0,A01,138Â 293Â 094,1.0,-1.0,-1.0,1648046,1.0,10,,0.0,2.0,3.0,B01,138Â 293Â 095,1.0
965630,201900007161,11,26,17:45,3,1,1,1.0,1.0,76289,Rue de Caudebec,M,"49,5632520","0,8259350",76,2019,80.0,1.0,2.0,3.0,2158365,1.0,1,1,1,1.0,,0.0,0,1957.0,B01,138Â 293Â 095,1.0,-1.0,-1.0,1648045,2.0,7,,0.0,2.0,3.0,A01,138Â 293Â 094,1.0
965630,201900007161,11,26,17:45,3,1,1,1.0,1.0,76289,Rue de Caudebec,M,"49,5632520","0,8259350",76,2019,80.0,1.0,2.0,3.0,2158365,1.0,1,1,1,1.0,,0.0,0,1957.0,B01,138Â 293Â 095,1.0,-1.0,-1.0,1648046,1.0,10,,0.0,2.0,3.0,B01,138Â 293Â 095,1.0
965631,201900007162,11,26,01:59,3,1,1,2.0,7.0,60446,N2 pk 08.000   sens paris soissons,M,"49,1313627","2,7957221",60,2019,110.0,1.0,2.0,2.0,2158366,1.0,1,4,1,1.0,,0.0,0,1988.0,A01,138Â 293Â 093,1.0,-1.0,-1.0,1648047,1.0,7,,0.0,0.0,0.0,A01,138Â 293Â 093,1.0
965632,201900007163,11,25,09:35,1,1,1,1.0,2.0,13071,A7-Sens Lyon vers Marseille,M,"43,4069200","5,3317800",13,2019,110.0,1.0,1.0,1.0,2158367,1.0,1,1,2,5.0,,-1.0, -1,1996.0,B01,138Â 293Â 077,1.0,0.0,-1.0,1648048,1.0,10,,0.0,2.0,1.0,B01,138Â 293Â 077,1.0
965632,201900007163,11,25,09:35,1,1,1,1.0,2.0,13071,A7-Sens Lyon vers Marseille,M,"43,4069200","5,3317800",13,2019,110.0,1.0,1.0,1.0,2158367,1.0,1,1,2,5.0,,-1.0, -1,1996.0,B01,138Â 293Â 077,1.0,0.0,-1.0,1648049,1.0,10,,0.0,2.0,4.0,A01,138Â 293Â 078,1.0
965632,201900007163,11,25,09:35,1,1,1,1.0,2.0,13071,A7-Sens Lyon vers Marseille,M,"43,4069200","5,3317800",13,2019,110.0,1.0,1.0,1.0,2158368,2.0,2,1,2,5.0,,-1.0, -1,1994.0,B01,138Â 293Â 077,1.0,0.0,-1.0,1648048,1.0,10,,0.0,2.0,1.0,B01,138Â 293Â 077,1.0
965632,201900007163,11,25,09:35,1,1,1,1.0,2.0,13071,A7-Sens Lyon vers Marseille,M,"43,4069200","5,3317800",13,2019,110.0,1.0,1.0,1.0,2158368,2.0,2,1,2,5.0,,-1.0, -1,1994.0,B01,138Â 293Â 077,1.0,0.0,-1.0,1648049,1.0,10,,0.0,2.0,4.0,A01,138Â 293Â 078,1.0
965632,201900007163,11,25,09:35,1,1,1,1.0,2.0,13071,A7-Sens Lyon vers Marseille,M,"43,4069200","5,3317800",13,2019,110.0,1.0,1.0,1.0,2158369,1.0,1,4,2,9.0,,-1.0, -1,1994.0,A01,138Â 293Â 078,1.0,0.0,-1.0,1648048,1.0,10,,0.0,2.0,1.0,B01,138Â 293Â 077,1.0
965632,201900007163,11,25,09:35,1,1,1,1.0,2.0,13071,A7-Sens Lyon vers Marseille,M,"43,4069200","5,3317800",13,2019,110.0,1.0,1.0,1.0,2158369,1.0,1,4,2,9.0,,-1.0, -1,1994.0,A01,138Â 293Â 078,1.0,0.0,-1.0,1648049,1.0,10,,0.0,2.0,4.0,A01,138Â 293Â 078,1.0
965633,201900007164,11,25,10:00,1,2,1,1.0,4.0,13117,A7-Sens Lyon vers Marseille,M,"43,4447050","5,2438670",13,2019,110.0,1.0,1.0,1.0,2158370,1.0,1,1,1,1.0,,-1.0,0,1966.0,C01,138Â 293Â 074,1.0,0.0,-1.0,1648050,1.0,7,,0.0,2.0,1.0,C01,138Â 293Â 074,1.0
965633,201900007164,11,25,10:00,1,2,1,1.0,4.0,13117,A7-Sens Lyon vers Marseille,M,"43,4447050","5,2438670",13,2019,110.0,1.0,1.0,1.0,2158370,1.0,1,1,1,1.0,,-1.0,0,1966.0,C01,138Â 293Â 074,1.0,0.0,-1.0,1648051,1.0,7,,0.0,2.0,1.0,B01,138Â 293Â 075,1.0
965633,201900007164,11,25,10:00,1,2,1,1.0,4.0,13117,A7-Sens Lyon vers Marseille,M,"43,4447050","5,2438670",13,2019,110.0,1.0,1.0,1.0,2158370,1.0,1,1,1,1.0,,-1.0,0,1966.0,C01,138Â 293Â 074,1.0,0.0,-1.0,1648052,1.0,7,,0.0,2.0,4.0,A01,138Â 293Â 076,1.0
965633,201900007164,11,25,10:00,1,2,1,1.0,4.0,13117,A7-Sens Lyon vers Marseille,M,"43,4447050","5,2438670",13,2019,110.0,1.0,1.0,1.0,2158371,1.0,1,1,1,1.0,,-1.0,0,1974.0,B01,138Â 293Â 075,1.0,0.0,-1.0,1648050,1.0,7,,0.0,2.0,1.0,C01,138Â 293Â 074,1.0
965633,201900007164,11,25,10:00,1,2,1,1.0,4.0,13117,A7-Sens Lyon vers Marseille,M,"43,4447050","5,2438670",13,2019,110.0,1.0,1.0,1.0,2158371,1.0,1,1,1,1.0,,-1.0,0,1974.0,B01,138Â 293Â 075,1.0,0.0,-1.0,1648051,1.0,7,,0.0,2.0,1.0,B01,138Â 293Â 075,1.0
965633,201900007164,11,25,10:00,1,2,1,1.0,4.0,13117,A7-Sens Lyon vers Marseille,M,"43,4447050","5,2438670",13,2019,110.0,1.0,1.0,1.0,2158371,1.0,1,1,1,1.0,,-1.0,0,1974.0,B01,138Â 293Â 075,1.0,0.0,-1.0,1648052,1.0,7,,0.0,2.0,4.0,A01,138Â 293Â 076,1.0
965633,201900007164,11,25,10:00,1,2,1,1.0,4.0,13117,A7-Sens Lyon vers Marseille,M,"43,4447050","5,2438670",13,2019,110.0,1.0,1.0,1.0,2158372,1.0,1,4,1,1.0,,-1.0,0,1965.0,A01,138Â 293Â 076,1.0,0.0,-1.0,1648050,1.0,7,,0.0,2.0,1.0,C01,138Â 293Â 074,1.0
965633,201900007164,11,25,10:00,1,2,1,1.0,4.0,13117,A7-Sens Lyon vers Marseille,M,"43,4447050","5,2438670",13,2019,110.0,1.0,1.0,1.0,2158372,1.0,1,4,1,1.0,,-1.0,0,1965.0,A01,138Â 293Â 076,1.0,0.0,-1.0,1648051,1.0,7,,0.0,2.0,1.0,B01,138Â 293Â 075,1.0
965633,201900007164,11,25,10:00,1,2,1,1.0,4.0,13117,A7-Sens Lyon vers Marseille,M,"43,4447050","5,2438670",13,2019,110.0,1.0,1.0,1.0,2158372,1.0,1,4,1,1.0,,-1.0,0,1965.0,A01,138Â 293Â 076,1.0,0.0,-1.0,1648052,1.0,7,,0.0,2.0,4.0,A01,138Â 293Â 076,1.0
965634,201900007165,11,24,23:45,3,1,1,8.0,6.0,13210,S10CD-Sens Aubagne vers Marseille,M,"43,2829462","5,3934208",13,2019,40.0,1.0,2.0,1.0,2158373,4.0,2,4,1,5.0,,-1.0,0,1999.0,A01,138Â 293Â 073,1.0,8.0,-1.0,1648053,2.0,7,,12.0,0.0,1.0,A01,138Â 293Â 073,1.0
965634,201900007165,11,24,23:45,3,1,1,8.0,6.0,13210,S10CD-Sens Aubagne vers Marseille,M,"43,2829462","5,3934208",13,2019,40.0,1.0,2.0,1.0,2158374,1.0,1,4,1,5.0,,-1.0,0,1999.0,A01,138Â 293Â 073,1.0,8.0,-1.0,1648053,2.0,7,,12.0,0.0,1.0,A01,138Â 293Â 073,1.0
965634,201900007165,11,24,23:45,3,1,1,8.0,6.0,13210,S10CD-Sens Aubagne vers Marseille,M,"43,2829462","5,3934208",13,2019,40.0,1.0,2.0,1.0,2158375,2.0,2,4,1,0.0,,-1.0,0,2001.0,A01,138Â 293Â 073,1.0,0.0,-1.0,1648053,2.0,7,,12.0,0.0,1.0,A01,138Â 293Â 073,1.0
965635,201900007166,11,14,02:20,3,1,1,1.0,5.0,59343,AUTOROUTE A22,M,"50,6000000","3,1100000",59,2019,90.0,1.0,1.0,1.0,2158376,1.0,1,1,1,0.0,,-1.0,0,1961.0,C01,138Â 293Â 070,1.0,0.0,-1.0,1648054,2.0,7,,0.0,2.0,1.0,C01,138Â 293Â 070,1.0
965635,201900007166,11,14,02:20,3,1,1,1.0,5.0,59343,AUTOROUTE A22,M,"50,6000000","3,1100000",59,2019,90.0,1.0,1.0,1.0,2158376,1.0,1,1,1,0.0,,-1.0,0,1961.0,C01,138Â 293Â 070,1.0,0.0,-1.0,1648055,2.0,7,,0.0,2.0,7.0,B01,138Â 293Â 071,1.0
965635,201900007166,11,14,02:20,3,1,1,1.0,5.0,59343,AUTOROUTE A22,M,"50,6000000","3,1100000",59,2019,90.0,1.0,1.0,1.0,2158376,1.0,1,1,1,0.0,,-1.0,0,1961.0,C01,138Â 293Â 070,1.0,0.0,-1.0,1648056,2.0,7,,0.0,2.0,8.0,A01,138Â 293Â 072,1.0
965635,201900007166,11,14,02:20,3,1,1,1.0,5.0,59343,AUTOROUTE A22,M,"50,6000000","3,1100000",59,2019,90.0,1.0,1.0,1.0,2158377,1.0,1,1,1,0.0,,-1.0, -1,1978.0,B01,138Â 293Â 071,1.0,0.0,-1.0,1648054,2.0,7,,0.0,2.0,1.0,C01,138Â 293Â 070,1.0
965635,201900007166,11,14,02:20,3,1,1,1.0,5.0,59343,AUTOROUTE A22,M,"50,6000000","3,1100000",59,2019,90.0,1.0,1.0,1.0,2158377,1.0,1,1,1,0.0,,-1.0, -1,1978.0,B01,138Â 293Â 071,1.0,0.0,-1.0,1648055,2.0,7,,0.0,2.0,7.0,B01,138Â 293Â 071,1.0
965635,201900007166,11,14,02:20,3,1,1,1.0,5.0,59343,AUTOROUTE A22,M,"50,6000000","3,1100000",59,2019,90.0,1.0,1.0,1.0,2158377,1.0,1,1,1,0.0,,-1.0, -1,1978.0,B01,138Â 293Â 071,1.0,0.0,-1.0,1648056,2.0,7,,0.0,2.0,8.0,A01,138Â 293Â 072,1.0
965635,201900007166,11,14,02:20,3,1,1,1.0,5.0,59343,AUTOROUTE A22,M,"50,6000000","3,1100000",59,2019,90.0,1.0,1.0,1.0,2158378,1.0,1,3,1,0.0,,-1.0,0,1989.0,A01,138Â 293Â 072,1.0,0.0,-1.0,1648054,2.0,7,,0.0,2.0,1.0,C01,138Â 293Â 070,1.0
965635,201900007166,11,14,02:20,3,1,1,1.0,5.0,59343,AUTOROUTE A22,M,"50,6000000","3,1100000",59,2019,90.0,1.0,1.0,1.0,2158378,1.0,1,3,1,0.0,,-1.0,0,1989.0,A01,138Â 293Â 072,1.0,0.0,-1.0,1648055,2.0,7,,0.0,2.0,7.0,B01,138Â 293Â 071,1.0
965635,201900007166,11,14,02:20,3,1,1,1.0,5.0,59343,AUTOROUTE A22,M,"50,6000000","3,1100000",59,2019,90.0,1.0,1.0,1.0,2158378,1.0,1,3,1,0.0,,-1.0,0,1989.0,A01,138Â 293Â 072,1.0,0.0,-1.0,1648056,2.0,7,,0.0,2.0,8.0,A01,138Â 293Â 072,1.0
965636,201900007167,11,25,18:25,5,1,1,2.0,3.0,94021,AUTOROUTE A6A,M,"48,7626800","2,3410900",94,2019,110.0,1.0,2.0,1.0,2158379,1.0,1,1,2,9.0,,-1.0,0,1983.0,A01,138Â 293Â 068,1.0,8.0,-1.0,1648057,1.0,7,,0.0,2.0,6.0,A01,138Â 293Â 068,1.0
965636,201900007167,11,25,18:25,5,1,1,2.0,3.0,94021,AUTOROUTE A6A,M,"48,7626800","2,3410900",94,2019,110.0,1.0,2.0,1.0,2158379,1.0,1,1,2,9.0,,-1.0,0,1983.0,A01,138Â 293Â 068,1.0,8.0,-1.0,1648058,1.0,33,,0.0,2.0,2.0,B01,138Â 293Â 069,1.0
965636,201900007167,11,25,18:25,5,1,1,2.0,3.0,94021,AUTOROUTE A6A,M,"48,7626800","2,3410900",94,2019,110.0,1.0,2.0,1.0,2158380,1.0,1,4,2,0.0,,-1.0,0,1999.0,B01,138Â 293Â 069,2.0,8.0,-1.0,1648057,1.0,7,,0.0,2.0,6.0,A01,138Â 293Â 068,1.0
965636,201900007167,11,25,18:25,5,1,1,2.0,3.0,94021,AUTOROUTE A6A,M,"48,7626800","2,3410900",94,2019,110.0,1.0,2.0,1.0,2158380,1.0,1,4,2,0.0,,-1.0,0,1999.0,B01,138Â 293Â 069,2.0,8.0,-1.0,1648058,1.0,33,,0.0,2.0,2.0,B01,138Â 293Â 069,1.0
965637,201900007168,11,25,07:49,2,1,1,8.0,2.0,91692,RN 118,M,"48,6843400","2,1895310",91,2019,50.0,1.0,2.0,2.0,2158381,1.0,1,4,1,0.0,,0.0,0,1965.0,B01,138Â 293Â 066,1.0,0.0,-1.0,1648059,2.0,7,,0.0,2.0,0.0,B01,138Â 293Â 066,1.0
965637,201900007168,11,25,07:49,2,1,1,8.0,2.0,91692,RN 118,M,"48,6843400","2,1895310",91,2019,50.0,1.0,2.0,2.0,2158381,1.0,1,4,1,0.0,,0.0,0,1965.0,B01,138Â 293Â 066,1.0,0.0,-1.0,1648060,2.0,7,,0.0,2.0,1.0,A01,138Â 293Â 067,1.0
965637,201900007168,11,25,07:49,2,1,1,8.0,2.0,91692,RN 118,M,"48,6843400","2,1895310",91,2019,50.0,1.0,2.0,2.0,2158382,1.0,1,1,1,0.0,,0.0,0,1980.0,A01,138Â 293Â 067,8.0,0.0,-1.0,1648059,2.0,7,,0.0,2.0,0.0,B01,138Â 293Â 066,1.0
965637,201900007168,11,25,07:49,2,1,1,8.0,2.0,91692,RN 118,M,"48,6843400","2,1895310",91,2019,50.0,1.0,2.0,2.0,2158382,1.0,1,1,1,0.0,,0.0,0,1980.0,A01,138Â 293Â 067,8.0,0.0,-1.0,1648060,2.0,7,,0.0,2.0,1.0,A01,138Â 293Â 067,1.0
965638,201900007169,11,25,06:57,4,1,1,1.0,2.0,94065,AUTOROUTE A106,M,"48,7532400","2,3529400",94,2019,110.0,1.0,1.0,1.0,2158383,1.0,1,1,1,4.0,,-1.0,0,1990.0,A01,138Â 293Â 064,1.0,0.0,-1.0,1648061,1.0,14,,0.0,2.0,6.0,A01,138Â 293Â 064,1.0
965638,201900007169,11,25,06:57,4,1,1,1.0,2.0,94065,AUTOROUTE A106,M,"48,7532400","2,3529400",94,2019,110.0,1.0,1.0,1.0,2158383,1.0,1,1,1,4.0,,-1.0,0,1990.0,A01,138Â 293Â 064,1.0,0.0,-1.0,1648062,1.0,7,,0.0,2.0,1.0,B01,138Â 293Â 065,1.0
965638,201900007169,11,25,06:57,4,1,1,1.0,2.0,94065,AUTOROUTE A106,M,"48,7532400","2,3529400",94,2019,110.0,1.0,1.0,1.0,2158384,1.0,1,2,1,0.0,,-1.0,0,1986.0,B01,138Â 293Â 065,8.0,5.0,-1.0,1648061,1.0,14,,0.0,2.0,6.0,A01,138Â 293Â 064,1.0