Unnamed: 0_x,num_acc,mois,jour,hrmn,lum,agg,int,atm,col,com,adr,gps,lat,long,dep,annee,vma,situ,surf,catr,Unnamed: 0_y,place,catu,grav,sexe,trajet,secu,locp,actp,an_nais,num_veh_x,id_vehicule_x,secu1,secu2,secu3,Unnamed: 0,senc,catv,occutc,obs,obsm,choc,num_veh_y,id_vehicule_y,motor
965638,201900007169,11,25,06:57,4,1,1,1.0,2.0,94065,AUTOROUTE A106,M,"48,7532400","2,3529400",94,2019,110.0,1.0,1.0,1.0,2158384,1.0,1,2,1,0.0,,-1.0,0,1986.0,B01,138Â 293Â 065,8.0,5.0,-1.0,1648062,1.0,7,,0.0,2.0,1.0,B01,138Â 293Â 065,1.0
965639,201900007170,11,23,19:15,3,1,1,1.0,3.0,93066,AUTOROUTE A1,M,"48,9087800","2,3584100",93,2019,90.0,1.0,2.0,1.0,2158385,1.0,1,1,1,0.0,,-1.0, -1,1973.0,B01,138Â 293Â 062,1.0,0.0,-1.0,1648063,1.0,16,,0.0,2.0,2.0,B01,138Â 293Â 062,1.0
965639,201900007170,11,23,19:15,3,1,1,1.0,3.0,93066,AUTOROUTE A1,M,"48,9087800","2,3584100",93,2019,90.0,1.0,2.0,1.0,2158385,1.0,1,1,1,0.0,,-1.0, -1,1973.0,B01,138Â 293Â 062,1.0,0.0,-1.0,1648064,1.0,7,,0.0,2.0,8.0,A01,138Â 293Â 063,1.0
965639,201900007170,11,23,19:15,3,1,1,1.0,3.0,93066,AUTOROUTE A1,M,"48,9087800","2,3584100",93,2019,90.0,1.0,2.0,1.0,2158386,1.0,1,4,1,0.0,,-1.0, -1,1972.0,A01,138Â 293Â 063,1.0,0.0,-1.0,1648063,1.0,16,,0.0,2.0,2.0,B01,138Â 293Â 062,1.0
965639,201900007170,11,23,19:15,3,1,1,1.0,3.0,93066,AUTOROUTE A1,M,"48,9087800","2,3584100",93,2019,90.0,1.0,2.0,1.0,2158386,1.0,1,4,1,0.0,,-1.0, -1,1972.0,A01,138Â 293Â 063,1.0,0.0,-1.0,1648064,1.0,7,,0.0,2.0,8.0,A01,138Â 293Â 063,1.0
965640,201900007171,11,23,14:40,1,1,1,2.0,6.0,93027,BDL,M,"48,9265300","2,4031000",93,2019,50.0,1.0,2.0,1.0,2158387,1.0,1,4,2,0.0,,-1.0, -1,1995.0,A01,138Â 293Â 061,1.0,0.0,-1.0,1648065,1.0,7,,3.0,0.0,1.0,A01,138Â 293Â 061,1.0
965641,201900007172,11,25,17:50,3,1,1,1.0,4.0,93051,A4,M,"48,8352100","2,5701100",93,2019,110.0,1.0,1.0,1.0,2158388,1.0,1,1,1,5.0,,-1.0, -1,1983.0,C01,138Â 293Â 058,1.0,0.0,-1.0,1648066,1.0,7,,0.0,2.0,4.0,C01,138Â 293Â 058,1.0
965641,201900007172,11,25,17:50,3,1,1,1.0,4.0,93051,A4,M,"48,8352100","2,5701100",93,2019,110.0,1.0,1.0,1.0,2158388,1.0,1,1,1,5.0,,-1.0, -1,1983.0,C01,138Â 293Â 058,1.0,0.0,-1.0,1648067,1.0,10,,0.0,2.0,4.0,B01,138Â 293Â 059,1.0
965641,201900007172,11,25,17:50,3,1,1,1.0,4.0,93051,A4,M,"48,8352100","2,5701100",93,2019,110.0,1.0,1.0,1.0,2158388,1.0,1,1,1,5.0,,-1.0, -1,1983.0,C01,138Â 293Â 058,1.0,0.0,-1.0,1648068,1.0,7,,0.0,2.0,1.0,A01,138Â 293Â 060,1.0
965641,201900007172,11,25,17:50,3,1,1,1.0,4.0,93051,A4,M,"48,8352100","2,5701100",93,2019,110.0,1.0,1.0,1.0,2158389,1.0,1,1,1,4.0,,-1.0, -1,1981.0,B01,138Â 293Â 059,1.0,0.0,-1.0,1648066,1.0,7,,0.0,2.0,4.0,C01,138Â 293Â 058,1.0
965641,201900007172,11,25,17:50,3,1,1,1.0,4.0,93051,A4,M,"48,8352100","2,5701100",93,2019,110.0,1.0,1.0,1.0,2158389,1.0,1,1,1,4.0,,-1.0, -1,1981.0,B01,138Â 293Â 059,1.0,0.0,-1.0,1648067,1.0,10,,0.0,2.0,4.0,B01,138Â 293Â 059,1.0
965641,201900007172,11,25,17:50,3,1,1,1.0,4.0,93051,A4,M,"48,8352100","2,5701100",93,2019,110.0,1.0,1.0,1.0,2158389,1.0,1,1,1,4.0,,-1.0, -1,1981.0,B01,138Â 293Â 059,1.0,0.0,-1.0,1648068,1.0,7,,0.0,2.0,1.0,A01,138Â 293Â 060,1.0
965641,201900007172,11,25,17:50,3,1,1,1.0,4.0,93051,A4,M,"48,8352100","2,5701100",93,2019,110.0,1.0,1.0,1.0,2158390,2.0,2,4,2,5.0,,-1.0, -1,2019.0,A01,138Â 293Â 060,3.0,0.0,-1.0,1648066,1.0,7,,0.0,2.0,4.0,C01,138Â 293Â 058,1.0
965641,201900007172,11,25,17:50,3,1,1,1.0,4.0,93051,A4,M,"48,8352100","2,5701100",93,2019,110.0,1.0,1.0,1.0,2158390,2.0,2,4,2,5.0,,-1.0, -1,2019.0,A01,138Â 293Â 060,3.0,0.0,-1.0,1648067,1.0,10,,0.0,2.0,4.0,B01,138Â 293Â 059,1.0
965641,201900007172,11,25,17:50,3,1,1,1.0,4.0,93051,A4,M,"48,8352100","2,5701100",93,2019,110.0,1.0,1.0,1.0,2158390,2.0,2,4,2,5.0,,-1.0, -1,2019.0,A01,138Â 293Â 060,3.0,0.0,-1.0,1648068,1.0,7,,0.0,2.0,1.0,A01,138Â 293Â 060,1.0
965641,201900007172,11,25,17:50,3,1,1,1.0,4.0,93051,A4,M,"48,8352100","2,5701100",93,2019,110.0,1.0,1.0,1.0,2158391,1.0,1,1,2,5.0,,-1.0, -1,1991.0,A01,138Â 293Â 060,1.0,0.0,-1.0,1648066,1.0,7,,0.0,2.0,4.0,C01,138Â 293Â 058,1.0
965641,201900007172,11,25,17:50,3,1,1,1.0,4.0,93051,A4,M,"48,8352100","2,5701100",93,2019,110.0,1.0,1.0,1.0,2158391,1.0,1,1,2,5.0,,-1.0, -1,1991.0,A01,138Â 293Â 060,1.0,0.0,-1.0,1648067,1.0,10,,0.0,2.0,4.0,B01,138Â 293Â 059,1.0
965641,201900007172,11,25,17:50,3,1,1,1.0,4.0,93051,A4,M,"48,8352100","2,5701100",93,2019,110.0,1.0,1.0,1.0,2158391,1.0,1,1,2,5.0,,-1.0, -1,1991.0,A01,138Â 293Â 060,1.0,0.0,-1.0,1648068,1.0,7,,0.0,2.0,1.0,A01,138Â 293Â 060,1.0
965642,201900007173,11,25,14:25,1,1,1,1.0,6.0,77294,A104,M,"48,9705100","2,5708700",77,2019,90.0,1.0,1.0,1.0,2158392,1.0,1,1,1,4.0,,-1.0,0,1994.0,C01,138Â 293Â 055,1.0,8.0,-1.0,1648069,2.0,15,,0.0,2.0,3.0,C01,138Â 293Â 055,1.0
965642,201900007173,11,25,14:25,1,1,1,1.0,6.0,77294,A104,M,"48,9705100","2,5708700",77,2019,90.0,1.0,1.0,1.0,2158392,1.0,1,1,1,4.0,,-1.0,0,1994.0,C01,138Â 293Â 055,1.0,8.0,-1.0,1648070,2.0,15,,0.0,2.0,3.0,B01,138Â 293Â 056,1.0
965642,201900007173,11,25,14:25,1,1,1,1.0,6.0,77294,A104,M,"48,9705100","2,5708700",77,2019,90.0,1.0,1.0,1.0,2158392,1.0,1,1,1,4.0,,-1.0,0,1994.0,C01,138Â 293Â 055,1.0,8.0,-1.0,1648071,2.0,7,,0.0,2.0,6.0,A01,138Â 293Â 057,1.0
965642,201900007173,11,25,14:25,1,1,1,1.0,6.0,77294,A104,M,"48,9705100","2,5708700",77,2019,90.0,1.0,1.0,1.0,2158393,1.0,1,1,1,4.0,,-1.0,0,1981.0,B01,138Â 293Â 056,1.0,8.0,-1.0,1648069,2.0,15,,0.0,2.0,3.0,C01,138Â 293Â 055,1.0
965642,201900007173,11,25,14:25,1,1,1,1.0,6.0,77294,A104,M,"48,9705100","2,5708700",77,2019,90.0,1.0,1.0,1.0,2158393,1.0,1,1,1,4.0,,-1.0,0,1981.0,B01,138Â 293Â 056,1.0,8.0,-1.0,1648070,2.0,15,,0.0,2.0,3.0,B01,138Â 293Â 056,1.0
965642,201900007173,11,25,14:25,1,1,1,1.0,6.0,77294,A104,M,"48,9705100","2,5708700",77,2019,90.0,1.0,1.0,1.0,2158393,1.0,1,1,1,4.0,,-1.0,0,1981.0,B01,138Â 293Â 056,1.0,8.0,-1.0,1648071,2.0,7,,0.0,2.0,6.0,A01,138Â 293Â 057,1.0
965642,201900007173,11,25,14:25,1,1,1,1.0,6.0,77294,A104,M,"48,9705100","2,5708700",77,2019,90.0,1.0,1.0,1.0,2158394,1.0,1,4,1,5.0,,-1.0, -1,1990.0,A01,138Â 293Â 057,1.0,8.0,-1.0,1648069,2.0,15,,0.0,2.0,3.0,C01,138Â 293Â 055,1.0
965642,201900007173,11,25,14:25,1,1,1,1.0,6.0,77294,A104,M,"48,9705100","2,5708700",77,2019,90.0,1.0,1.0,1.0,2158394,1.0,1,4,1,5.0,,-1.0, -1,1990.0,A01,138Â 293Â 057,1.0,8.0,-1.0,1648070,2.0,15,,0.0,2.0,3.0,B01,138Â 293Â 056,1.0
965642,201900007173,11,25,14:25,1,1,1,1.0,6.0,77294,A104,M,"48,9705100","2,5708700",77,2019,90.0,1.0,1.0,1.0,2158394,1.0,1,4,1,5.0,,-1.0, -1,1990.0,A01,138Â 293Â 057,1.0,8.0,-1.0,1648071,2.0,7,,0.0,2.0,6.0,A01,138Â 293Â 057,1.0
965643,201900007174,11,25,07:00,3,1,1,8.0,6.0,77175,RN104,M,"48,6680000","2,6122000",77,2019,90.0,1.0,2.0,2.0,2158395,2.0,2,4,1,1.0,,-1.0,0,1986.0,D01,138Â 293Â 050,1.0,0.0,-1.0,1648072,2.0,7,,0.0,2.0,4.0,D01,138Â 293Â 050,1.0
965643,201900007174,11,25,07:00,3,1,1,8.0,6.0,77175,RN104,M,"48,6680000","2,6122000",77,2019,90.0,1.0,2.0,2.0,2158395,2.0,2,4,1,1.0,,-1.0,0,1986.0,D01,138Â 293Â 050,1.0,0.0,-1.0,1648073,2.0,7,,0.0,2.0,1.0,C01,138Â 293Â 051,1.0
965643,201900007174,11,25,07:00,3,1,1,8.0,6.0,77175,RN104,M,"48,6680000","2,6122000",77,2019,90.0,1.0,2.0,2.0,2158395,2.0,2,4,1,1.0,,-1.0,0,1986.0,D01,138Â 293Â 050,1.0,0.0,-1.0,1648074,2.0,7,,0.0,2.0,4.0,B01,138Â 293Â 052,1.0
965643,201900007174,11,25,07:00,3,1,1,8.0,6.0,77175,RN104,M,"48,6680000","2,6122000",77,2019,90.0,1.0,2.0,2.0,2158395,2.0,2,4,1,1.0,,-1.0,0,1986.0,D01,138Â 293Â 050,1.0,0.0,-1.0,1648075,1.0,7,,0.0,2.0,4.0,A01,138Â 293Â 053,1.0
965643,201900007174,11,25,07:00,3,1,1,8.0,6.0,77175,RN104,M,"48,6680000","2,6122000",77,2019,90.0,1.0,2.0,2.0,2158395,2.0,2,4,1,1.0,,-1.0,0,1986.0,D01,138Â 293Â 050,1.0,0.0,-1.0,1648076,2.0,7,,0.0,2.0,4.0,Z01,138Â 293Â 054,1.0
965643,201900007174,11,25,07:00,3,1,1,8.0,6.0,77175,RN104,M,"48,6680000","2,6122000",77,2019,90.0,1.0,2.0,2.0,2158396,1.0,1,1,1,1.0,,-1.0,0,1971.0,D01,138Â 293Â 050,1.0,0.0,-1.0,1648072,2.0,7,,0.0,2.0,4.0,D01,138Â 293Â 050,1.0
965643,201900007174,11,25,07:00,3,1,1,8.0,6.0,77175,RN104,M,"48,6680000","2,6122000",77,2019,90.0,1.0,2.0,2.0,2158396,1.0,1,1,1,1.0,,-1.0,0,1971.0,D01,138Â 293Â 050,1.0,0.0,-1.0,1648073,2.0,7,,0.0,2.0,1.0,C01,138Â 293Â 051,1.0
965643,201900007174,11,25,07:00,3,1,1,8.0,6.0,77175,RN104,M,"48,6680000","2,6122000",77,2019,90.0,1.0,2.0,2.0,2158396,1.0,1,1,1,1.0,,-1.0,0,1971.0,D01,138Â 293Â 050,1.0,0.0,-1.0,1648074,2.0,7,,0.0,2.0,4.0,B01,138Â 293Â 052,1.0
965643,201900007174,11,25,07:00,3,1,1,8.0,6.0,77175,RN104,M,"48,6680000","2,6122000",77,2019,90.0,1.0,2.0,2.0,2158396,1.0,1,1,1,1.0,,-1.0,0,1971.0,D01,138Â 293Â 050,1.0,0.0,-1.0,1648075,1.0,7,,0.0,2.0,4.0,A01,138Â 293Â 053,1.0
965643,201900007174,11,25,07:00,3,1,1,8.0,6.0,77175,RN104,M,"48,6680000","2,6122000",77,2019,90.0,1.0,2.0,2.0,2158396,1.0,1,1,1,1.0,,-1.0,0,1971.0,D01,138Â 293Â 050,1.0,0.0,-1.0,1648076,2.0,7,,0.0,2.0,4.0,Z01,138Â 293Â 054,1.0
965643,201900007174,11,25,07:00,3,1,1,8.0,6.0,77175,RN104,M,"48,6680000","2,6122000",77,2019,90.0,1.0,2.0,2.0,2158397,1.0,1,1,1,1.0,,-1.0,0,1970.0,C01,138Â 293Â 051,1.0,0.0,-1.0,1648072,2.0,7,,0.0,2.0,4.0,D01,138Â 293Â 050,1.0
965643,201900007174,11,25,07:00,3,1,1,8.0,6.0,77175,RN104,M,"48,6680000","2,6122000",77,2019,90.0,1.0,2.0,2.0,2158397,1.0,1,1,1,1.0,,-1.0,0,1970.0,C01,138Â 293Â 051,1.0,0.0,-1.0,1648073,2.0,7,,0.0,2.0,1.0,C01,138Â 293Â 051,1.0
965643,201900007174,11,25,07:00,3,1,1,8.0,6.0,77175,RN104,M,"48,6680000","2,6122000",77,2019,90.0,1.0,2.0,2.0,2158397,1.0,1,1,1,1.0,,-1.0,0,1970.0,C01,138Â 293Â 051,1.0,0.0,-1.0,1648074,2.0,7,,0.0,2.0,4.0,B01,138Â 293Â 052,1.0
965643,201900007174,11,25,07:00,3,1,1,8.0,6.0,77175,RN104,M,"48,6680000","2,6122000",77,2019,90.0,1.0,2.0,2.0,2158397,1.0,1,1,1,1.0,,-1.0,0,1970.0,C01,138Â 293Â 051,1.0,0.0,-1.0,1648075,1.0,7,,0.0,2.0,4.0,A01,138Â 293Â 053,1.0
965643,201900007174,11,25,07:00,3,1,1,8.0,6.0,77175,RN104,M,"48,6680000","2,6122000",77,2019,90.0,1.0,2.0,2.0,2158397,1.0,1,1,1,1.0,,-1.0,0,1970.0,C01,138Â 293Â 051,1.0,0.0,-1.0,1648076,2.0,7,,0.0,2.0,4.0,Z01,138Â 293Â 054,1.0
965643,201900007174,11,25,07:00,3,1,1,8.0,6.0,77175,RN104,M,"48,6680000","2,6122000",77,2019,90.0,1.0,2.0,2.0,2158398,2.0,1,1,1,0.0,,-1.0,0,1983.0,B01,138Â 293Â 052,1.0,0.0,-1.0,1648072,2.0,7,,0.0,2.0,4.0,D01,138Â 293Â 050,1.0
965643,201900007174,11,25,07:00,3,1,1,8.0,6.0,77175,RN104,M,"48,6680000","2,6122000",77,2019,90.0,1.0,2.0,2.0,2158398,2.0,1,1,1,0.0,,-1.0,0,1983.0,B01,138Â 293Â 052,1.0,0.0,-1.0,1648073,2.0,7,,0.0,2.0,1.0,C01,138Â 293Â 051,1.0
965643,201900007174,11,25,07:00,3,1,1,8.0,6.0,77175,RN104,M,"48,6680000","2,6122000",77,2019,90.0,1.0,2.0,2.0,2158398,2.0,1,1,1,0.0,,-1.0,0,1983.0,B01,138Â 293Â 052,1.0,0.0,-1.0,1648074,2.0,7,,0.0,2.0,4.0,B01,138Â 293Â 052,1.0
965643,201900007174,11,25,07:00,3,1,1,8.0,6.0,77175,RN104,M,"48,6680000","2,6122000",77,2019,90.0,1.0,2.0,2.0,2158398,2.0,1,1,1,0.0,,-1.0,0,1983.0,B01,138Â 293Â 052,1.0,0.0,-1.0,1648075,1.0,7,,0.0,2.0,4.0,A01,138Â 293Â 053,1.0
965643,201900007174,11,25,07:00,3,1,1,8.0,6.0,77175,RN104,M,"48,6680000","2,6122000",77,2019,90.0,1.0,2.0,2.0,2158398,2.0,1,1,1,0.0,,-1.0,0,1983.0,B01,138Â 293Â 052,1.0,0.0,-1.0,1648076,2.0,7,,0.0,2.0,4.0,Z01,138Â 293Â 054,1.0
965643,201900007174,11,25,07:00,3,1,1,8.0,6.0,77175,RN104,M,"48,6680000","2,6122000",77,2019,90.0,1.0,2.0,2.0,2158399,1.0,1,4,1,1.0,,-1.0, -1,1983.0,A01,138Â 293Â 053,1.0,0.0,-1.0,1648072,2.0,7,,0.0,2.0,4.0,D01,138Â 293Â 050,1.0
965643,201900007174,11,25,07:00,3,1,1,8.0,6.0,77175,RN104,M,"48,6680000","2,6122000",77,2019,90.0,1.0,2.0,2.0,2158399,1.0,1,4,1,1.0,,-1.0, -1,1983.0,A01,138Â 293Â 053,1.0,0.0,-1.0,1648073,2.0,7,,0.0,2.0,1.0,C01,138Â 293Â 051,1.0
965643,201900007174,11,25,07:00,3,1,1,8.0,6.0,77175,RN104,M,"48,6680000","2,6122000",77,2019,90.0,1.0,2.0,2.0,2158399,1.0,1,4,1,1.0,,-1.0, -1,1983.0,A01,138Â 293Â 053,1.0,0.0,-1.0,1648074,2.0,7,,0.0,2.0,4.0,B01,138Â 293Â 052,1.0
965643,201900007174,11,25,07:00,3,1,1,8.0,6.0,77175,RN104,M,"48,6680000","2,6122000",77,2019,90.0,1.0,2.0,2.0,2158399,1.0,1,4,1,1.0,,-1.0, -1,1983.0,A01,138Â 293Â 053,1.0,0.0,-1.0,1648075,1.0,7,,0.0,2.0,4.0,A01,138Â 293Â 053,1.0
965643,201900007174,11,25,07:00,3,1,1,8.0,6.0,77175,RN104,M,"48,6680000","2,6122000",77,2019,90.0,1.0,2.0,2.0,2158399,1.0,1,4,1,1.0,,-1.0, -1,1983.0,A01,138Â 293Â 053,1.0,0.0,-1.0,1648076,2.0,7,,0.0,2.0,4.0,Z01,138Â 293Â 054,1.0
965644,201900007175,11,24,09:15,1,1,1,1.0,2.0,94052,A4,M,"48,8265643","2,4666023",94,2019,90.0,1.0,1.0,1.0,2158400,1.0,1,1,1,5.0,,-1.0,0,1998.0,A01,138Â 293Â 047,8.0,0.0,-1.0,1648077,2.0,7,,0.0,2.0,1.0,A01,138Â 293Â 047,1.0
965644,201900007175,11,24,09:15,1,1,1,1.0,2.0,94052,A4,M,"48,8265643","2,4666023",94,2019,90.0,1.0,1.0,1.0,2158400,1.0,1,1,1,5.0,,-1.0,0,1998.0,A01,138Â 293Â 047,8.0,0.0,-1.0,1648078,2.0,7,,0.0,2.0,4.0,B01,138Â 293Â 048,1.0
965644,201900007175,11,24,09:15,1,1,1,1.0,2.0,94052,A4,M,"48,8265643","2,4666023",94,2019,90.0,1.0,1.0,1.0,2158401,2.0,2,4,2,5.0,,-1.0,0,1931.0,B01,138Â 293Â 048,1.0,0.0,-1.0,1648077,2.0,7,,0.0,2.0,1.0,A01,138Â 293Â 047,1.0
965644,201900007175,11,24,09:15,1,1,1,1.0,2.0,94052,A4,M,"48,8265643","2,4666023",94,2019,90.0,1.0,1.0,1.0,2158401,2.0,2,4,2,5.0,,-1.0,0,1931.0,B01,138Â 293Â 048,1.0,0.0,-1.0,1648078,2.0,7,,0.0,2.0,4.0,B01,138Â 293Â 048,1.0
965644,201900007175,11,24,09:15,1,1,1,1.0,2.0,94052,A4,M,"48,8265643","2,4666023",94,2019,90.0,1.0,1.0,1.0,2158402,1.0,1,4,2,5.0,,-1.0,0,1967.0,B01,138Â 293Â 048,1.0,0.0,-1.0,1648077,2.0,7,,0.0,2.0,1.0,A01,138Â 293Â 047,1.0
965644,201900007175,11,24,09:15,1,1,1,1.0,2.0,94052,A4,M,"48,8265643","2,4666023",94,2019,90.0,1.0,1.0,1.0,2158402,1.0,1,4,2,5.0,,-1.0,0,1967.0,B01,138Â 293Â 048,1.0,0.0,-1.0,1648078,2.0,7,,0.0,2.0,4.0,B01,138Â 293Â 048,1.0
965645,201900007176,11,24,04:50,5,1,9,8.0,4.0,94018,A4,M,"48,8250900","2,3931000",94,2019,70.0,1.0,1.0,1.0,2158403,1.0,1,4,1,5.0,,-1.0,0,1995.0,C01,138Â 293Â 044,1.0,0.0,-1.0,1648079,2.0,7,,0.0,2.0,1.0,C01,138Â 293Â 044,1.0
965645,201900007176,11,24,04:50,5,1,9,8.0,4.0,94018,A4,M,"48,8250900","2,3931000",94,2019,70.0,1.0,1.0,1.0,2158403,1.0,1,4,1,5.0,,-1.0,0,1995.0,C01,138Â 293Â 044,1.0,0.0,-1.0,1648080,2.0,7,,0.0,0.0,4.0,B01,138Â 293Â 045,1.0
965645,201900007176,11,24,04:50,5,1,9,8.0,4.0,94018,A4,M,"48,8250900","2,3931000",94,2019,70.0,1.0,1.0,1.0,2158403,1.0,1,4,1,5.0,,-1.0,0,1995.0,C01,138Â 293Â 044,1.0,0.0,-1.0,1648081,2.0,7,,1.0,0.0,1.0,A01,138Â 293Â 046,1.0
965645,201900007176,11,24,04:50,5,1,9,8.0,4.0,94018,A4,M,"48,8250900","2,3931000",94,2019,70.0,1.0,1.0,1.0,2158404,5.0,2,4,1,5.0,,-1.0,0,1999.0,C01,138Â 293Â 044,1.0,5.0,-1.0,1648079,2.0,7,,0.0,2.0,1.0,C01,138Â 293Â 044,1.0
965645,201900007176,11,24,04:50,5,1,9,8.0,4.0,94018,A4,M,"48,8250900","2,3931000",94,2019,70.0,1.0,1.0,1.0,2158404,5.0,2,4,1,5.0,,-1.0,0,1999.0,C01,138Â 293Â 044,1.0,5.0,-1.0,1648080,2.0,7,,0.0,0.0,4.0,B01,138Â 293Â 045,1.0
965645,201900007176,11,24,04:50,5,1,9,8.0,4.0,94018,A4,M,"48,8250900","2,3931000",94,2019,70.0,1.0,1.0,1.0,2158404,5.0,2,4,1,5.0,,-1.0,0,1999.0,C01,138Â 293Â 044,1.0,5.0,-1.0,1648081,2.0,7,,1.0,0.0,1.0,A01,138Â 293Â 046,1.0
965645,201900007176,11,24,04:50,5,1,9,8.0,4.0,94018,A4,M,"48,8250900","2,3931000",94,2019,70.0,1.0,1.0,1.0,2158405,4.0,2,3,1,5.0,,-1.0,0,1999.0,C01,138Â 293Â 044,8.0,0.0,-1.0,1648079,2.0,7,,0.0,2.0,1.0,C01,138Â 293Â 044,1.0
965645,201900007176,11,24,04:50,5,1,9,8.0,4.0,94018,A4,M,"48,8250900","2,3931000",94,2019,70.0,1.0,1.0,1.0,2158405,4.0,2,3,1,5.0,,-1.0,0,1999.0,C01,138Â 293Â 044,8.0,0.0,-1.0,1648080,2.0,7,,0.0,0.0,4.0,B01,138Â 293Â 045,1.0
965645,201900007176,11,24,04:50,5,1,9,8.0,4.0,94018,A4,M,"48,8250900","2,3931000",94,2019,70.0,1.0,1.0,1.0,2158405,4.0,2,3,1,5.0,,-1.0,0,1999.0,C01,138Â 293Â 044,8.0,0.0,-1.0,1648081,2.0,7,,1.0,0.0,1.0,A01,138Â 293Â 046,1.0
965645,201900007176,11,24,04:50,5,1,9,8.0,4.0,94018,A4,M,"48,8250900","2,3931000",94,2019,70.0,1.0,1.0,1.0,2158406,3.0,2,4,1,5.0,,-1.0,0,1996.0,C01,138Â 293Â 044,1.0,5.0,-1.0,1648079,2.0,7,,0.0,2.0,1.0,C01,138Â 293Â 044,1.0
965645,201900007176,11,24,04:50,5,1,9,8.0,4.0,94018,A4,M,"48,8250900","2,3931000",94,2019,70.0,1.0,1.0,1.0,2158406,3.0,2,4,1,5.0,,-1.0,0,1996.0,C01,138Â 293Â 044,1.0,5.0,-1.0,1648080,2.0,7,,0.0,0.0,4.0,B01,138Â 293Â 045,1.0
965645,201900007176,11,24,04:50,5,1,9,8.0,4.0,94018,A4,M,"48,8250900","2,3931000",94,2019,70.0,1.0,1.0,1.0,2158406,3.0,2,4,1,5.0,,-1.0,0,1996.0,C01,138Â 293Â 044,1.0,5.0,-1.0,1648081,2.0,7,,1.0,0.0,1.0,A01,138Â 293Â 046,1.0
965645,201900007176,11,24,04:50,5,1,9,8.0,4.0,94018,A4,M,"48,8250900","2,3931000",94,2019,70.0,1.0,1.0,1.0,2158407,1.0,1,4,1,5.0,,-1.0,0,1977.0,B01,138Â 293Â 045,1.0,0.0,-1.0,1648079,2.0,7,,0.0,2.0,1.0,C01,138Â 293Â 044,1.0
965645,201900007176,11,24,04:50,5,1,9,8.0,4.0,94018,A4,M,"48,8250900","2,3931000",94,2019,70.0,1.0,1.0,1.0,2158407,1.0,1,4,1,5.0,,-1.0,0,1977.0,B01,138Â 293Â 045,1.0,0.0,-1.0,1648080,2.0,7,,0.0,0.0,4.0,B01,138Â 293Â 045,1.0
965645,201900007176,11,24,04:50,5,1,9,8.0,4.0,94018,A4,M,"48,8250900","2,3931000",94,2019,70.0,1.0,1.0,1.0,2158407,1.0,1,4,1,5.0,,-1.0,0,1977.0,B01,138Â 293Â 045,1.0,0.0,-1.0,1648081,2.0,7,,1.0,0.0,1.0,A01,138Â 293Â 046,1.0
965645,201900007176,11,24,04:50,5,1,9,8.0,4.0,94018,A4,M,"48,8250900","2,3931000",94,2019,70.0,1.0,1.0,1.0,2158408,1.0,1,4,1,5.0,,0.0,0,1995.0,A01,138Â 293Â 046,1.0,-1.0,-1.0,1648079,2.0,7,,0.0,2.0,1.0,C01,138Â 293Â 044,1.0
965645,201900007176,11,24,04:50,5,1,9,8.0,4.0,94018,A4,M,"48,8250900","2,3931000",94,2019,70.0,1.0,1.0,1.0,2158408,1.0,1,4,1,5.0,,0.0,0,1995.0,A01,138Â 293Â 046,1.0,-1.0,-1.0,1648080,2.0,7,,0.0,0.0,4.0,B01,138Â 293Â 045,1.0
965645,201900007176,11,24,04:50,5,1,9,8.0,4.0,94018,A4,M,"48,8250900","2,3931000",94,2019,70.0,1.0,1.0,1.0,2158408,1.0,1,4,1,5.0,,0.0,0,1995.0,A01,138Â 293Â 046,1.0,-1.0,-1.0,1648081,2.0,7,,1.0,0.0,1.0,A01,138Â 293Â 046,1.0
965646,201900007177,11,23,12:40,1,2,9,1.0,2.0,97409,CAMBUSTON (rue de),M," -20,9325400","55,6478700",974,2019,50.0,1.0,1.0,3.0,2158409,2.0,1,4,1,5.0,,-1.0,0,1987.0,B01,138Â 293Â 042,8.0,8.0,-1.0,1648082,1.0,30,,0.0,2.0,1.0,B01,138Â 293Â 042,1.0
965646,201900007177,11,23,12:40,1,2,9,1.0,2.0,97409,CAMBUSTON (rue de),M," -20,9325400","55,6478700",974,2019,50.0,1.0,1.0,3.0,2158409,2.0,1,4,1,5.0,,-1.0,0,1987.0,B01,138Â 293Â 042,8.0,8.0,-1.0,1648083,1.0,7,,0.0,2.0,6.0,A01,138Â 293Â 043,1.0
965646,201900007177,11,23,12:40,1,2,9,1.0,2.0,97409,CAMBUSTON (rue de),M," -20,9325400","55,6478700",974,2019,50.0,1.0,1.0,3.0,2158410,1.0,1,1,1,1.0,,-1.0, -1,1980.0,A01,138Â 293Â 043,8.0,0.0,-1.0,1648082,1.0,30,,0.0,2.0,1.0,B01,138Â 293Â 042,1.0
965646,201900007177,11,23,12:40,1,2,9,1.0,2.0,97409,CAMBUSTON (rue de),M," -20,9325400","55,6478700",974,2019,50.0,1.0,1.0,3.0,2158410,1.0,1,1,1,1.0,,-1.0, -1,1980.0,A01,138Â 293Â 043,8.0,0.0,-1.0,1648083,1.0,7,,0.0,2.0,6.0,A01,138Â 293Â 043,1.0
965647,201900007178,11,24,21:30,5,2,3,1.0,3.0,69383,PINEL                               (BD),M,"45,7521000","4,8960000",69,2019,50.0,1.0,1.0,4.0,2158411,1.0,1,4,2,0.0,,-1.0, -1,1995.0,A01,138Â 293Â 040,1.0,5.0,-1.0,1648084,1.0,7,,0.0,2.0,1.0,A01,138Â 293Â 040,0.0