Unnamed: 0_x,num_acc,mois,jour,hrmn,lum,agg,int,atm,col,com,adr,gps,lat,long,dep,annee,vma,situ,surf,catr,Unnamed: 0_y,place,catu,grav,sexe,trajet,secu,locp,actp,an_nais,num_veh_x,id_vehicule_x,secu1,secu2,secu3,Unnamed: 0,senc,catv,occutc,obs,obsm,choc,num_veh_y,id_vehicule_y,motor
965647,201900007178,11,24,21:30,5,2,3,1.0,3.0,69383,PINEL                               (BD),M,"45,7521000","4,8960000",69,2019,50.0,1.0,1.0,4.0,2158411,1.0,1,4,2,0.0,,-1.0, -1,1995.0,A01,138Â 293Â 040,1.0,5.0,-1.0,1648085,1.0,7,,0.0,2.0,6.0,B01,138Â 293Â 041,0.0
965647,201900007178,11,24,21:30,5,2,3,1.0,3.0,69383,PINEL                               (BD),M,"45,7521000","4,8960000",69,2019,50.0,1.0,1.0,4.0,2158412,2.0,2,4,2,0.0,,-1.0, -1,2003.0,A01,138Â 293Â 040,1.0,0.0,-1.0,1648084,1.0,7,,0.0,2.0,1.0,A01,138Â 293Â 040,0.0
965647,201900007178,11,24,21:30,5,2,3,1.0,3.0,69383,PINEL                               (BD),M,"45,7521000","4,8960000",69,2019,50.0,1.0,1.0,4.0,2158412,2.0,2,4,2,0.0,,-1.0, -1,2003.0,A01,138Â 293Â 040,1.0,0.0,-1.0,1648085,1.0,7,,0.0,2.0,6.0,B01,138Â 293Â 041,0.0
965647,201900007178,11,24,21:30,5,2,3,1.0,3.0,69383,PINEL                               (BD),M,"45,7521000","4,8960000",69,2019,50.0,1.0,1.0,4.0,2158413,1.0,1,1,1,0.0,,-1.0, -1,1988.0,B01,138Â 293Â 041,1.0,0.0,-1.0,1648084,1.0,7,,0.0,2.0,1.0,A01,138Â 293Â 040,0.0
965647,201900007178,11,24,21:30,5,2,3,1.0,3.0,69383,PINEL                               (BD),M,"45,7521000","4,8960000",69,2019,50.0,1.0,1.0,4.0,2158413,1.0,1,1,1,0.0,,-1.0, -1,1988.0,B01,138Â 293Â 041,1.0,0.0,-1.0,1648085,1.0,7,,0.0,2.0,6.0,B01,138Â 293Â 041,0.0
965647,201900007178,11,24,21:30,5,2,3,1.0,3.0,69383,PINEL                               (BD),M,"45,7521000","4,8960000",69,2019,50.0,1.0,1.0,4.0,2158414,2.0,2,1,2,0.0,,-1.0, -1,1987.0,B01,138Â 293Â 041,1.0,0.0,-1.0,1648084,1.0,7,,0.0,2.0,1.0,A01,138Â 293Â 040,0.0
965647,201900007178,11,24,21:30,5,2,3,1.0,3.0,69383,PINEL                               (BD),M,"45,7521000","4,8960000",69,2019,50.0,1.0,1.0,4.0,2158414,2.0,2,1,2,0.0,,-1.0, -1,1987.0,B01,138Â 293Â 041,1.0,0.0,-1.0,1648085,1.0,7,,0.0,2.0,6.0,B01,138Â 293Â 041,0.0
965648,201900007179,11,25,00:00,5,2,9,2.0,6.0,97213,ROUTE DEPARTEMENTALE 14,M,"14,6175400"," -61,0211600",972,2019,50.0,1.0,2.0,3.0,2158415,2.0,2,4,2,0.0,,-1.0, -1,2004.0,A01,138Â 293Â 039,1.0,0.0,-1.0,1648086,1.0,7,,12.0,0.0,1.0,A01,138Â 293Â 039,1.0
965648,201900007179,11,25,00:00,5,2,9,2.0,6.0,97213,ROUTE DEPARTEMENTALE 14,M,"14,6175400"," -61,0211600",972,2019,50.0,1.0,2.0,3.0,2158416,1.0,1,4,1,0.0,,-1.0,0,1948.0,A01,138Â 293Â 039,1.0,8.0,-1.0,1648086,1.0,7,,12.0,0.0,1.0,A01,138Â 293Â 039,1.0
965649,201900007180,11,24,05:30,5,2,6,2.0,7.0,69081,BON PASTEUR (DU)                  AV,M,"45,7868000","4,7769700",69,2019,50.0,1.0,2.0,4.0,2158417,1.0,1,4,2,1.0,,-1.0, -1,1985.0,A01,138Â 293Â 038,2.0,0.0,-1.0,1648087,1.0,30,,0.0,0.0,7.0,A01,138Â 293Â 038,0.0
965650,201900007181,11,24,15:40,1,2,1,1.0,6.0,2A004,VAZZIO HAUTS DU HLM,M,"41,9349880","8,7877044",2A,2019,50.0,1.0,9.0,4.0,2158418,1.0,1,4,2,5.0,,-1.0, -1,1990.0,A01,138Â 293Â 037,8.0,0.0,-1.0,1648088,3.0,7,,0.0,0.0,7.0,A01,138Â 293Â 037,1.0
965651,201900007182,11,24,03:50,3,1,6,5.0,6.0,91692,CD35,M,"48,6755600","2,1922900",91,2019,70.0,8.0,2.0,2.0,2158419,1.0,1,4,1,0.0,,0.0,0,1989.0,A01,138Â 293Â 036,1.0,8.0,-1.0,1648089,3.0,7,,4.0,0.0,1.0,A01,138Â 293Â 036,3.0
965652,201900007183,11,24,15:25,1,2,1,1.0,2.0,91027,DUNANT (AVENUE HENRI),M,"48,7104500","2,3872000",91,2019,50.0,1.0,1.0,4.0,2158420,1.0,1,1,1,0.0,,0.0,0,1978.0,B01,138Â 293Â 033,1.0,0.0,-1.0,1648090,2.0,7,,0.0,2.0,5.0,B01,138Â 293Â 033,1.0
965652,201900007183,11,24,15:25,1,2,1,1.0,2.0,91027,DUNANT (AVENUE HENRI),M,"48,7104500","2,3872000",91,2019,50.0,1.0,1.0,4.0,2158420,1.0,1,1,1,0.0,,0.0,0,1978.0,B01,138Â 293Â 033,1.0,0.0,-1.0,1648091,2.0,34,,0.0,2.0,1.0,A01,138Â 293Â 034,1.0
965652,201900007183,11,24,15:25,1,2,1,1.0,2.0,91027,DUNANT (AVENUE HENRI),M,"48,7104500","2,3872000",91,2019,50.0,1.0,1.0,4.0,2158421,1.0,1,4,1,0.0,,0.0,0,1984.0,A01,138Â 293Â 034,2.0,0.0,-1.0,1648090,2.0,7,,0.0,2.0,5.0,B01,138Â 293Â 033,1.0
965652,201900007183,11,24,15:25,1,2,1,1.0,2.0,91027,DUNANT (AVENUE HENRI),M,"48,7104500","2,3872000",91,2019,50.0,1.0,1.0,4.0,2158421,1.0,1,4,1,0.0,,0.0,0,1984.0,A01,138Â 293Â 034,2.0,0.0,-1.0,1648091,2.0,34,,0.0,2.0,1.0,A01,138Â 293Â 034,1.0
965653,201900007184,11,22,16:34,1,2,1,1.0,4.0,91425,NATIONALE 20 (ROUTE),M,"48,6431230","2,2693880",91,2019,50.0,1.0,1.0,4.0,2158422,1.0,1,1,1,5.0,,0.0,0,2000.0,C01,138Â 293Â 030,1.0,0.0,-1.0,1648092,1.0,7,,0.0,2.0,2.0,C01,138Â 293Â 030,1.0
965653,201900007184,11,22,16:34,1,2,1,1.0,4.0,91425,NATIONALE 20 (ROUTE),M,"48,6431230","2,2693880",91,2019,50.0,1.0,1.0,4.0,2158422,1.0,1,1,1,5.0,,0.0,0,2000.0,C01,138Â 293Â 030,1.0,0.0,-1.0,1648093,1.0,7,,0.0,2.0,5.0,B01,138Â 293Â 031,1.0
965653,201900007184,11,22,16:34,1,2,1,1.0,4.0,91425,NATIONALE 20 (ROUTE),M,"48,6431230","2,2693880",91,2019,50.0,1.0,1.0,4.0,2158422,1.0,1,1,1,5.0,,0.0,0,2000.0,C01,138Â 293Â 030,1.0,0.0,-1.0,1648094,1.0,7,,0.0,2.0,1.0,A01,138Â 293Â 032,1.0
965653,201900007184,11,22,16:34,1,2,1,1.0,4.0,91425,NATIONALE 20 (ROUTE),M,"48,6431230","2,2693880",91,2019,50.0,1.0,1.0,4.0,2158423,2.0,2,4,2,0.0,,0.0,0,1987.0,B01,138Â 293Â 031,1.0,0.0,-1.0,1648092,1.0,7,,0.0,2.0,2.0,C01,138Â 293Â 030,1.0
965653,201900007184,11,22,16:34,1,2,1,1.0,4.0,91425,NATIONALE 20 (ROUTE),M,"48,6431230","2,2693880",91,2019,50.0,1.0,1.0,4.0,2158423,2.0,2,4,2,0.0,,0.0,0,1987.0,B01,138Â 293Â 031,1.0,0.0,-1.0,1648093,1.0,7,,0.0,2.0,5.0,B01,138Â 293Â 031,1.0
965653,201900007184,11,22,16:34,1,2,1,1.0,4.0,91425,NATIONALE 20 (ROUTE),M,"48,6431230","2,2693880",91,2019,50.0,1.0,1.0,4.0,2158423,2.0,2,4,2,0.0,,0.0,0,1987.0,B01,138Â 293Â 031,1.0,0.0,-1.0,1648094,1.0,7,,0.0,2.0,1.0,A01,138Â 293Â 032,1.0
965653,201900007184,11,22,16:34,1,2,1,1.0,4.0,91425,NATIONALE 20 (ROUTE),M,"48,6431230","2,2693880",91,2019,50.0,1.0,1.0,4.0,2158424,1.0,1,4,2,0.0,,0.0,0,1990.0,B01,138Â 293Â 031,1.0,0.0,-1.0,1648092,1.0,7,,0.0,2.0,2.0,C01,138Â 293Â 030,1.0
965653,201900007184,11,22,16:34,1,2,1,1.0,4.0,91425,NATIONALE 20 (ROUTE),M,"48,6431230","2,2693880",91,2019,50.0,1.0,1.0,4.0,2158424,1.0,1,4,2,0.0,,0.0,0,1990.0,B01,138Â 293Â 031,1.0,0.0,-1.0,1648093,1.0,7,,0.0,2.0,5.0,B01,138Â 293Â 031,1.0
965653,201900007184,11,22,16:34,1,2,1,1.0,4.0,91425,NATIONALE 20 (ROUTE),M,"48,6431230","2,2693880",91,2019,50.0,1.0,1.0,4.0,2158424,1.0,1,4,2,0.0,,0.0,0,1990.0,B01,138Â 293Â 031,1.0,0.0,-1.0,1648094,1.0,7,,0.0,2.0,1.0,A01,138Â 293Â 032,1.0
965653,201900007184,11,22,16:34,1,2,1,1.0,4.0,91425,NATIONALE 20 (ROUTE),M,"48,6431230","2,2693880",91,2019,50.0,1.0,1.0,4.0,2158425,1.0,1,4,2,5.0,,0.0,0,1942.0,A01,138Â 293Â 032,1.0,0.0,-1.0,1648092,1.0,7,,0.0,2.0,2.0,C01,138Â 293Â 030,1.0
965653,201900007184,11,22,16:34,1,2,1,1.0,4.0,91425,NATIONALE 20 (ROUTE),M,"48,6431230","2,2693880",91,2019,50.0,1.0,1.0,4.0,2158425,1.0,1,4,2,5.0,,0.0,0,1942.0,A01,138Â 293Â 032,1.0,0.0,-1.0,1648093,1.0,7,,0.0,2.0,5.0,B01,138Â 293Â 031,1.0
965653,201900007184,11,22,16:34,1,2,1,1.0,4.0,91425,NATIONALE 20 (ROUTE),M,"48,6431230","2,2693880",91,2019,50.0,1.0,1.0,4.0,2158425,1.0,1,4,2,5.0,,0.0,0,1942.0,A01,138Â 293Â 032,1.0,0.0,-1.0,1648094,1.0,7,,0.0,2.0,1.0,A01,138Â 293Â 032,1.0
965654,201900007185,11,24,06:40,5,2,2,1.0,3.0,78551,BERLIOZ (BD HECTOR),M,"48,8938100","2,0671200",78,2019,50.0,1.0,1.0,4.0,2158426,1.0,1,4,1,1.0,,-1.0, -1,1985.0,B01,138Â 293Â 026,1.0,0.0,-1.0,1648095,3.0,7,,0.0,2.0,7.0,A01,138Â 293Â 025,1.0
965654,201900007185,11,24,06:40,5,2,2,1.0,3.0,78551,BERLIOZ (BD HECTOR),M,"48,8938100","2,0671200",78,2019,50.0,1.0,1.0,4.0,2158426,1.0,1,4,1,1.0,,-1.0, -1,1985.0,B01,138Â 293Â 026,1.0,0.0,-1.0,1648096,3.0,7,,0.0,2.0,1.0,B01,138Â 293Â 026,1.0
965655,201900007186,11,24,14:40,1,2,2,1.0,3.0,77292,D404 X D139-MOULIGNON (RUE DE),M,"48,9670993","2,6988566",77,2019,50.0,1.0,1.0,3.0,2158427,1.0,1,1,1,9.0,,-1.0,0,1991.0,A01,138Â 293Â 023,1.0,0.0,-1.0,1648097,3.0,7,,0.0,2.0,3.0,A01,138Â 293Â 023,0.0
965655,201900007186,11,24,14:40,1,2,2,1.0,3.0,77292,D404 X D139-MOULIGNON (RUE DE),M,"48,9670993","2,6988566",77,2019,50.0,1.0,1.0,3.0,2158427,1.0,1,1,1,9.0,,-1.0,0,1991.0,A01,138Â 293Â 023,1.0,0.0,-1.0,1648098,3.0,2,,0.0,2.0,1.0,B01,138Â 293Â 024,0.0
965655,201900007186,11,24,14:40,1,2,2,1.0,3.0,77292,D404 X D139-MOULIGNON (RUE DE),M,"48,9670993","2,6988566",77,2019,50.0,1.0,1.0,3.0,2158428,1.0,1,4,1,9.0,,-1.0,0,2004.0,B01,138Â 293Â 024,2.0,0.0,-1.0,1648097,3.0,7,,0.0,2.0,3.0,A01,138Â 293Â 023,0.0
965655,201900007186,11,24,14:40,1,2,2,1.0,3.0,77292,D404 X D139-MOULIGNON (RUE DE),M,"48,9670993","2,6988566",77,2019,50.0,1.0,1.0,3.0,2158428,1.0,1,4,1,9.0,,-1.0,0,2004.0,B01,138Â 293Â 024,2.0,0.0,-1.0,1648098,3.0,2,,0.0,2.0,1.0,B01,138Â 293Â 024,0.0
965656,201900007187,11,24,05:30,5,2,1,1.0,2.0,77276,JEAN SERVA (RUE),M,"48,9388900","2,8792900",77,2019,50.0,1.0,1.0,4.0,2158429,3.0,2,4,1,5.0,,-1.0, -1,1993.0,A01,138Â 293Â 022,1.0,0.0,-1.0,1648099,3.0,7,,0.0,2.0,1.0,B01,138Â 293Â 021,0.0
965656,201900007187,11,24,05:30,5,2,1,1.0,2.0,77276,JEAN SERVA (RUE),M,"48,9388900","2,8792900",77,2019,50.0,1.0,1.0,4.0,2158429,3.0,2,4,1,5.0,,-1.0, -1,1993.0,A01,138Â 293Â 022,1.0,0.0,-1.0,1648100,3.0,7,,0.0,0.0,4.0,A01,138Â 293Â 022,1.0
965656,201900007187,11,24,05:30,5,2,1,1.0,2.0,77276,JEAN SERVA (RUE),M,"48,9388900","2,8792900",77,2019,50.0,1.0,1.0,4.0,2158430,2.0,2,4,2,5.0,,-1.0, -1,1993.0,A01,138Â 293Â 022,1.0,0.0,-1.0,1648099,3.0,7,,0.0,2.0,1.0,B01,138Â 293Â 021,0.0
965656,201900007187,11,24,05:30,5,2,1,1.0,2.0,77276,JEAN SERVA (RUE),M,"48,9388900","2,8792900",77,2019,50.0,1.0,1.0,4.0,2158430,2.0,2,4,2,5.0,,-1.0, -1,1993.0,A01,138Â 293Â 022,1.0,0.0,-1.0,1648100,3.0,7,,0.0,0.0,4.0,A01,138Â 293Â 022,1.0
965656,201900007187,11,24,05:30,5,2,1,1.0,2.0,77276,JEAN SERVA (RUE),M,"48,9388900","2,8792900",77,2019,50.0,1.0,1.0,4.0,2158431,1.0,1,1,1,5.0,,-1.0, -1,1997.0,A01,138Â 293Â 022,1.0,0.0,-1.0,1648099,3.0,7,,0.0,2.0,1.0,B01,138Â 293Â 021,0.0
965656,201900007187,11,24,05:30,5,2,1,1.0,2.0,77276,JEAN SERVA (RUE),M,"48,9388900","2,8792900",77,2019,50.0,1.0,1.0,4.0,2158431,1.0,1,1,1,5.0,,-1.0, -1,1997.0,A01,138Â 293Â 022,1.0,0.0,-1.0,1648100,3.0,7,,0.0,0.0,4.0,A01,138Â 293Â 022,1.0
965657,201900007188,10,25,11:00,1,2,2,1.0,6.0,68066,FRIBOURG (AVENUE DE),M,"48,0695050","7,3604640",68,2019,50.0,1.0,1.0,4.0,2158432,10.0,3,4,1,5.0,,4.0,3,1933.0,A01,138Â 293Â 019,0.0,-1.0,-1.0,1648101,2.0,7,,0.0,1.0,1.0,A01,138Â 293Â 019,1.0
965657,201900007188,10,25,11:00,1,2,2,1.0,6.0,68066,FRIBOURG (AVENUE DE),M,"48,0695050","7,3604640",68,2019,50.0,1.0,1.0,4.0,2158433,1.0,1,1,2,5.0,,-1.0,0,1946.0,A01,138Â 293Â 019,1.0,0.0,-1.0,1648101,2.0,7,,0.0,1.0,1.0,A01,138Â 293Â 019,1.0
965657,201900007188,10,25,11:00,1,2,2,1.0,6.0,68066,FRIBOURG (AVENUE DE),M,"48,0695050","7,3604640",68,2019,50.0,1.0,1.0,4.0,2158434,10.0,3,3,2,5.0,,4.0,3,1940.0,A01,138Â 293Â 019,8.0,0.0,-1.0,1648101,2.0,7,,0.0,1.0,1.0,A01,138Â 293Â 019,1.0
965658,201900007189,11,24,20:00,5,2,1,8.0,7.0,64102,ARITXAGUE (ROUTE D'),M,"43,4731713"," -1,4898258",64,2019,70.0,1.0,2.0,3.0,2158435,1.0,1,4,1,0.0,,-1.0,0,2001.0,A01,138Â 293Â 018,1.0,0.0,-1.0,1648102,3.0,7,,2.0,0.0,4.0,A01,138Â 293Â 018,1.0
965658,201900007189,11,24,20:00,5,2,1,8.0,7.0,64102,ARITXAGUE (ROUTE D'),M,"43,4731713"," -1,4898258",64,2019,70.0,1.0,2.0,3.0,2158436,2.0,2,4,1,0.0,,0.0,0,2001.0,A01,138Â 293Â 018,1.0,0.0,-1.0,1648102,3.0,7,,2.0,0.0,4.0,A01,138Â 293Â 018,1.0
965659,201900007190,11,23,22:11,5,2,1,1.0,6.0,60414,REPUBLIQUE (RUE DE LA),M,"49,2573804","2,4293035",60,2019,50.0,1.0,2.0,4.0,2158437,1.0,1,4,2,9.0,,-1.0,0,1991.0,A01,138Â 293Â 017,8.0,0.0,-1.0,1648103,2.0,99,,6.0,0.0,1.0,A01,138Â 293Â 017,1.0
965660,201900007191,11,24,08:30,2,2,2,5.0,3.0,59279,LINSELLES (ROUTE DE),M,"50,7796722","3,1172258",59,2019,50.0,1.0,1.0,4.0,2158438,4.0,2,4,2,5.0,,-1.0,0,1997.0,A01,138Â 293Â 015,1.0,0.0,-1.0,1648104,1.0,7,,1.0,2.0,5.0,A01,138Â 293Â 015,1.0
965660,201900007191,11,24,08:30,2,2,2,5.0,3.0,59279,LINSELLES (ROUTE DE),M,"50,7796722","3,1172258",59,2019,50.0,1.0,1.0,4.0,2158438,4.0,2,4,2,5.0,,-1.0,0,1997.0,A01,138Â 293Â 015,1.0,0.0,-1.0,1648105,2.0,7,,0.0,2.0,0.0,B01,138Â 293Â 016,1.0
965660,201900007191,11,24,08:30,2,2,2,5.0,3.0,59279,LINSELLES (ROUTE DE),M,"50,7796722","3,1172258",59,2019,50.0,1.0,1.0,4.0,2158439,1.0,1,1,1,5.0,,-1.0, -1,1999.0,A01,138Â 293Â 015,1.0,0.0,-1.0,1648104,1.0,7,,1.0,2.0,5.0,A01,138Â 293Â 015,1.0
965660,201900007191,11,24,08:30,2,2,2,5.0,3.0,59279,LINSELLES (ROUTE DE),M,"50,7796722","3,1172258",59,2019,50.0,1.0,1.0,4.0,2158439,1.0,1,1,1,5.0,,-1.0, -1,1999.0,A01,138Â 293Â 015,1.0,0.0,-1.0,1648105,2.0,7,,0.0,2.0,0.0,B01,138Â 293Â 016,1.0
965660,201900007191,11,24,08:30,2,2,2,5.0,3.0,59279,LINSELLES (ROUTE DE),M,"50,7796722","3,1172258",59,2019,50.0,1.0,1.0,4.0,2158440,2.0,2,1,1,5.0,,0.0,0,2001.0,A01,138Â 293Â 015,1.0,0.0,-1.0,1648104,1.0,7,,1.0,2.0,5.0,A01,138Â 293Â 015,1.0
965660,201900007191,11,24,08:30,2,2,2,5.0,3.0,59279,LINSELLES (ROUTE DE),M,"50,7796722","3,1172258",59,2019,50.0,1.0,1.0,4.0,2158440,2.0,2,1,1,5.0,,0.0,0,2001.0,A01,138Â 293Â 015,1.0,0.0,-1.0,1648105,2.0,7,,0.0,2.0,0.0,B01,138Â 293Â 016,1.0
965660,201900007191,11,24,08:30,2,2,2,5.0,3.0,59279,LINSELLES (ROUTE DE),M,"50,7796722","3,1172258",59,2019,50.0,1.0,1.0,4.0,2158441,3.0,2,4,1,0.0,,-1.0, -1,1998.0,A01,138Â 293Â 015,1.0,0.0,-1.0,1648104,1.0,7,,1.0,2.0,5.0,A01,138Â 293Â 015,1.0
965660,201900007191,11,24,08:30,2,2,2,5.0,3.0,59279,LINSELLES (ROUTE DE),M,"50,7796722","3,1172258",59,2019,50.0,1.0,1.0,4.0,2158441,3.0,2,4,1,0.0,,-1.0, -1,1998.0,A01,138Â 293Â 015,1.0,0.0,-1.0,1648105,2.0,7,,0.0,2.0,0.0,B01,138Â 293Â 016,1.0
965660,201900007191,11,24,08:30,2,2,2,5.0,3.0,59279,LINSELLES (ROUTE DE),M,"50,7796722","3,1172258",59,2019,50.0,1.0,1.0,4.0,2158442,1.0,1,1,1,5.0,,-1.0, -1,1972.0,B01,138Â 293Â 016,1.0,0.0,-1.0,1648104,1.0,7,,1.0,2.0,5.0,A01,138Â 293Â 015,1.0
965660,201900007191,11,24,08:30,2,2,2,5.0,3.0,59279,LINSELLES (ROUTE DE),M,"50,7796722","3,1172258",59,2019,50.0,1.0,1.0,4.0,2158442,1.0,1,1,1,5.0,,-1.0, -1,1972.0,B01,138Â 293Â 016,1.0,0.0,-1.0,1648105,2.0,7,,0.0,2.0,0.0,B01,138Â 293Â 016,1.0
965661,201900007192,11,24,03:35,5,2,1,1.0,7.0,51454,BOULEVARD DE LA PAIX,M,"49,2524677","4,0414888",51,2019,50.0,1.0,1.0,4.0,2158443,2.0,2,4,1,5.0,,-1.0,0,1992.0,A01,138Â 293Â 014,1.0,0.0,-1.0,1648106,2.0,7,,8.0,0.0,2.0,A01,138Â 293Â 014,1.0
965662,201900007193,11,24,05:00,5,2,6,1.0,7.0,51108,PLACE MONSEIGNEUR TISSIER,M,"48,9575934","4,3642155",51,2019,50.0,1.0,1.0,4.0,2158444,2.0,2,3,1,5.0,,-1.0, -1,1996.0,A01,138Â 293Â 013,1.0,0.0,-1.0,1648107,2.0,7,,14.0,0.0,1.0,A01,138Â 293Â 013,1.0
965662,201900007193,11,24,05:00,5,2,6,1.0,7.0,51108,PLACE MONSEIGNEUR TISSIER,M,"48,9575934","4,3642155",51,2019,50.0,1.0,1.0,4.0,2158445,1.0,1,4,1,5.0,,0.0,0,1997.0,A01,138Â 293Â 013,1.0,-1.0,-1.0,1648107,2.0,7,,14.0,0.0,1.0,A01,138Â 293Â 013,1.0
965663,201900007194,11,23,18:50,5,2,1,1.0,3.0,44162,RUE DU MOULIN DE LA ROUSSELIERE,M,"47,2298000"," -1,6394000",44,2019,50.0,1.0,1.0,4.0,2158446,2.0,1,1,1,0.0,,0.0,0,1985.0,A01,138Â 293Â 011,1.0,-1.0,-1.0,1648108,3.0,7,,0.0,2.0,1.0,A01,138Â 293Â 011,1.0
965663,201900007194,11,23,18:50,5,2,1,1.0,3.0,44162,RUE DU MOULIN DE LA ROUSSELIERE,M,"47,2298000"," -1,6394000",44,2019,50.0,1.0,1.0,4.0,2158446,2.0,1,1,1,0.0,,0.0,0,1985.0,A01,138Â 293Â 011,1.0,-1.0,-1.0,1648109,3.0,7,,0.0,2.0,3.0,B01,138Â 293Â 012,1.0
965663,201900007194,11,23,18:50,5,2,1,1.0,3.0,44162,RUE DU MOULIN DE LA ROUSSELIERE,M,"47,2298000"," -1,6394000",44,2019,50.0,1.0,1.0,4.0,2158447,2.0,2,4,1,0.0,,0.0,0,2007.0,B01,138Â 293Â 012,1.0,0.0,-1.0,1648108,3.0,7,,0.0,2.0,1.0,A01,138Â 293Â 011,1.0
965663,201900007194,11,23,18:50,5,2,1,1.0,3.0,44162,RUE DU MOULIN DE LA ROUSSELIERE,M,"47,2298000"," -1,6394000",44,2019,50.0,1.0,1.0,4.0,2158447,2.0,2,4,1,0.0,,0.0,0,2007.0,B01,138Â 293Â 012,1.0,0.0,-1.0,1648109,3.0,7,,0.0,2.0,3.0,B01,138Â 293Â 012,1.0
965663,201900007194,11,23,18:50,5,2,1,1.0,3.0,44162,RUE DU MOULIN DE LA ROUSSELIERE,M,"47,2298000"," -1,6394000",44,2019,50.0,1.0,1.0,4.0,2158448,4.0,2,1,2,0.0,,0.0,0,2019.0,B01,138Â 293Â 012,1.0,0.0,-1.0,1648108,3.0,7,,0.0,2.0,1.0,A01,138Â 293Â 011,1.0
965663,201900007194,11,23,18:50,5,2,1,1.0,3.0,44162,RUE DU MOULIN DE LA ROUSSELIERE,M,"47,2298000"," -1,6394000",44,2019,50.0,1.0,1.0,4.0,2158448,4.0,2,1,2,0.0,,0.0,0,2019.0,B01,138Â 293Â 012,1.0,0.0,-1.0,1648109,3.0,7,,0.0,2.0,3.0,B01,138Â 293Â 012,1.0
965663,201900007194,11,23,18:50,5,2,1,1.0,3.0,44162,RUE DU MOULIN DE LA ROUSSELIERE,M,"47,2298000"," -1,6394000",44,2019,50.0,1.0,1.0,4.0,2158449,1.0,1,4,1,0.0,,0.0,0,1996.0,B01,138Â 293Â 012,1.0,0.0,-1.0,1648108,3.0,7,,0.0,2.0,1.0,A01,138Â 293Â 011,1.0
965663,201900007194,11,23,18:50,5,2,1,1.0,3.0,44162,RUE DU MOULIN DE LA ROUSSELIERE,M,"47,2298000"," -1,6394000",44,2019,50.0,1.0,1.0,4.0,2158449,1.0,1,4,1,0.0,,0.0,0,1996.0,B01,138Â 293Â 012,1.0,0.0,-1.0,1648109,3.0,7,,0.0,2.0,3.0,B01,138Â 293Â 012,1.0
965664,201900007195,11,24,17:16,2,2,1,1.0,6.0,37261,HUGO (RUE VICTOR),M,"47,3854888","0,6697764",37,2019,50.0,1.0,1.0,4.0,2158450,1.0,1,4,2,5.0,,-1.0,0,1973.0,A01,138Â 293Â 010,8.0,0.0,-1.0,1648110,1.0,1,,14.0,0.0,2.0,A01,138Â 293Â 010,5.0
965665,201900007196,11,24,18:35,2,2,1,1.0,2.0,35238,CUCILLE (AVENUE DE),M,"48,1284500"," -1,6998200",35,2019,50.0,1.0,1.0,4.0,2158451,1.0,1,1,1,0.0,,-1.0,0,1967.0,B01,138Â 293Â 008,1.0,8.0,-1.0,1648111,1.0,7,,0.0,0.0,4.0,B01,138Â 293Â 008,1.0
965665,201900007196,11,24,18:35,2,2,1,1.0,2.0,35238,CUCILLE (AVENUE DE),M,"48,1284500"," -1,6998200",35,2019,50.0,1.0,1.0,4.0,2158451,1.0,1,1,1,0.0,,-1.0,0,1967.0,B01,138Â 293Â 008,1.0,8.0,-1.0,1648112,1.0,30,,14.0,0.0,4.0,A01,138Â 293Â 009,1.0
965665,201900007196,11,24,18:35,2,2,1,1.0,2.0,35238,CUCILLE (AVENUE DE),M,"48,1284500"," -1,6998200",35,2019,50.0,1.0,1.0,4.0,2158452,1.0,1,4,1,0.0,,-1.0, -1,2004.0,A01,138Â 293Â 009,2.0,4.0,-1.0,1648111,1.0,7,,0.0,0.0,4.0,B01,138Â 293Â 008,1.0
965665,201900007196,11,24,18:35,2,2,1,1.0,2.0,35238,CUCILLE (AVENUE DE),M,"48,1284500"," -1,6998200",35,2019,50.0,1.0,1.0,4.0,2158452,1.0,1,4,1,0.0,,-1.0, -1,2004.0,A01,138Â 293Â 009,2.0,4.0,-1.0,1648112,1.0,30,,14.0,0.0,4.0,A01,138Â 293Â 009,1.0
965666,201900007197,11,23,23:00,5,2,9,1.0,6.0,33063,BRANDENBURG (BD ALBERT),M,"44,8760800"," -0,5517500",33,2019,50.0,1.0,1.0,4.0,2158453,2.0,2,4,1,0.0,,-1.0, -1,1995.0,A01,138Â 293Â 007,1.0,0.0,-1.0,1648113,1.0,7,,1.0,0.0,1.0,A01,138Â 293Â 007,1.0
965666,201900007197,11,23,23:00,5,2,9,1.0,6.0,33063,BRANDENBURG (BD ALBERT),M,"44,8760800"," -0,5517500",33,2019,50.0,1.0,1.0,4.0,2158454,1.0,1,1,1,0.0,,0.0,0,1995.0,A01,138Â 293Â 007,8.0,0.0,-1.0,1648113,1.0,7,,1.0,0.0,1.0,A01,138Â 293Â 007,1.0
965667,201900007198,11,23,16:45,1,2,6,2.0,2.0,13215,SAINT ANTOINE (AVENUE DE),M,"43,3671910","5,3565890",13,2019,50.0,1.0,2.0,3.0,2158455,1.0,1,4,1,5.0,,0.0,0,1990.0,A01,138Â 293Â 005,1.0,0.0,-1.0,1648114,0.0,7,,0.0,2.0,4.0,A01,138Â 293Â 005,0.0