Unnamed: 0_x,num_acc,mois,jour,hrmn,lum,agg,int,atm,col,com,adr,gps,lat,long,dep,annee,vma,situ,surf,catr,Unnamed: 0_y,place,catu,grav,sexe,trajet,secu,locp,actp,an_nais,num_veh_x,id_vehicule_x,secu1,secu2,secu3,Unnamed: 0,senc,catv,occutc,obs,obsm,choc,num_veh_y,id_vehicule_y,motor
965667,201900007198,11,23,16:45,1,2,6,2.0,2.0,13215,SAINT ANTOINE (AVENUE DE),M,"43,3671910","5,3565890",13,2019,50.0,1.0,2.0,3.0,2158455,1.0,1,4,1,5.0,,0.0,0,1990.0,A01,138Â 293Â 005,1.0,0.0,-1.0,1648115,2.0,7,,0.0,0.0,0.0,Z01,138Â 293Â 006,1.0
965667,201900007198,11,23,16:45,1,2,6,2.0,2.0,13215,SAINT ANTOINE (AVENUE DE),M,"43,3671910","5,3565890",13,2019,50.0,1.0,2.0,3.0,2158456,4.0,2,4,2,0.0,,0.0,0,1997.0,A01,138Â 293Â 005,1.0,0.0,-1.0,1648114,0.0,7,,0.0,2.0,4.0,A01,138Â 293Â 005,0.0
965667,201900007198,11,23,16:45,1,2,6,2.0,2.0,13215,SAINT ANTOINE (AVENUE DE),M,"43,3671910","5,3565890",13,2019,50.0,1.0,2.0,3.0,2158456,4.0,2,4,2,0.0,,0.0,0,1997.0,A01,138Â 293Â 005,1.0,0.0,-1.0,1648115,2.0,7,,0.0,0.0,0.0,Z01,138Â 293Â 006,1.0
965667,201900007198,11,23,16:45,1,2,6,2.0,2.0,13215,SAINT ANTOINE (AVENUE DE),M,"43,3671910","5,3565890",13,2019,50.0,1.0,2.0,3.0,2158457,2.0,2,4,2,0.0,,-1.0, -1,1952.0,A01,138Â 293Â 005,1.0,0.0,-1.0,1648114,0.0,7,,0.0,2.0,4.0,A01,138Â 293Â 005,0.0
965667,201900007198,11,23,16:45,1,2,6,2.0,2.0,13215,SAINT ANTOINE (AVENUE DE),M,"43,3671910","5,3565890",13,2019,50.0,1.0,2.0,3.0,2158457,2.0,2,4,2,0.0,,-1.0, -1,1952.0,A01,138Â 293Â 005,1.0,0.0,-1.0,1648115,2.0,7,,0.0,0.0,0.0,Z01,138Â 293Â 006,1.0
965668,201900007199,11,22,20:35,5,2,1,3.0,6.0,04112,Bd Charles De Gaulle,M,"43,8297500","5,7876700",4,2019,50.0,1.0,2.0,4.0,2158458,1.0,1,1,1,1.0,,0.0, -1,1974.0,A01,138Â 293Â 004,1.0,-1.0,-1.0,1648116,3.0,7,,0.0,1.0,1.0,A01,138Â 293Â 004,1.0
965668,201900007199,11,22,20:35,5,2,1,3.0,6.0,04112,Bd Charles De Gaulle,M,"43,8297500","5,7876700",4,2019,50.0,1.0,2.0,4.0,2158459,10.0,3,3,1,3.0,,2.0,3,1999.0,A01,138Â 293Â 004,0.0,-1.0,-1.0,1648116,3.0,7,,0.0,1.0,1.0,A01,138Â 293Â 004,1.0
965669,201900007200,11,24,19:05,5,2,1,1.0,3.0,75119,BD PERIPHERIQUE EXTERIEUR,M,"48,8944880","2,3950400",75,2019,70.0,1.0,1.0,4.0,2158460,1.0,1,1,1,5.0,,0.0,0,1994.0,A01,138Â 293Â 002,1.0,0.0,-1.0,1648117,2.0,7,,0.0,2.0,2.0,A01,138Â 293Â 002,1.0
965669,201900007200,11,24,19:05,5,2,1,1.0,3.0,75119,BD PERIPHERIQUE EXTERIEUR,M,"48,8944880","2,3950400",75,2019,70.0,1.0,1.0,4.0,2158460,1.0,1,1,1,5.0,,0.0,0,1994.0,A01,138Â 293Â 002,1.0,0.0,-1.0,1648118,2.0,33,,0.0,2.0,3.0,B01,138Â 293Â 003,1.0
965669,201900007200,11,24,19:05,5,2,1,1.0,3.0,75119,BD PERIPHERIQUE EXTERIEUR,M,"48,8944880","2,3950400",75,2019,70.0,1.0,1.0,4.0,2158461,1.0,1,4,1,1.0,,0.0,0,1996.0,B01,138Â 293Â 003,2.0,6.0,-1.0,1648117,2.0,7,,0.0,2.0,2.0,A01,138Â 293Â 002,1.0
965669,201900007200,11,24,19:05,5,2,1,1.0,3.0,75119,BD PERIPHERIQUE EXTERIEUR,M,"48,8944880","2,3950400",75,2019,70.0,1.0,1.0,4.0,2158461,1.0,1,4,1,1.0,,0.0,0,1996.0,B01,138Â 293Â 003,2.0,6.0,-1.0,1648118,2.0,33,,0.0,2.0,3.0,B01,138Â 293Â 003,1.0
965670,201900007201,11,24,18:35,5,2,4,1.0,6.0,75119,SENTE DES DOREES,M,"48,8870250","2,3937880",75,2019,30.0,1.0,1.0,4.0,2158462,1.0,1,1,1,9.0,,0.0,0,1971.0,A01,138Â 292Â 999,1.0,0.0,-1.0,1648119,1.0,7,,0.0,1.0,4.0,A01,138Â 292Â 999,1.0
965670,201900007201,11,24,18:35,5,2,4,1.0,6.0,75119,SENTE DES DOREES,M,"48,8870250","2,3937880",75,2019,30.0,1.0,1.0,4.0,2158463,10.0,3,4,2,9.0,,2.0,3,1995.0,A01,138Â 292Â 999,0.0,-1.0,-1.0,1648119,1.0,7,,0.0,1.0,4.0,A01,138Â 292Â 999,1.0
965671,201900007202,11,24,11:40,1,2,4,1.0,6.0,75118,RUE DU POTEAU,M,"48,8972230","2,3379758",75,2019,50.0,4.0,1.0,4.0,2158464,10.0,3,4,2,0.0,,5.0,2,1943.0,Z01,138Â 292Â 998,0.0,-1.0,-1.0,1648120,1.0,60,,0.0,1.0,1.0,Z01,138Â 292Â 998,5.0
965672,201900007203,11,24,15:40,1,2,1,1.0,6.0,75117,RUE ANDRE BRECHET,M,"48,8989100","2,3252740",75,2019,30.0,1.0,1.0,4.0,2158465,10.0,3,4,1,5.0,,3.0,3,2009.0,A01,138Â 292Â 997,0.0,-1.0,-1.0,1648121,2.0,7,,0.0,1.0,3.0,A01,138Â 292Â 997,1.0
965672,201900007203,11,24,15:40,1,2,1,1.0,6.0,75117,RUE ANDRE BRECHET,M,"48,8989100","2,3252740",75,2019,30.0,1.0,1.0,4.0,2158466,1.0,1,1,1,1.0,,0.0,0,1993.0,A01,138Â 292Â 997,1.0,0.0,-1.0,1648121,2.0,7,,0.0,1.0,3.0,A01,138Â 292Â 997,1.0
965672,201900007203,11,24,15:40,1,2,1,1.0,6.0,75117,RUE ANDRE BRECHET,M,"48,8989100","2,3252740",75,2019,30.0,1.0,1.0,4.0,2158467,2.0,2,1,2,1.0,,0.0,0,1992.0,A01,138Â 292Â 997,1.0,0.0,-1.0,1648121,2.0,7,,0.0,1.0,3.0,A01,138Â 292Â 997,1.0
965673,201900007204,11,24,21:40,5,2,1,1.0,2.0,75116,AVENUE DE NEW YORK,M,"48,8625580","2,2939040",75,2019,50.0,1.0,1.0,4.0,2158468,1.0,1,1,1,5.0,,0.0,0,1998.0,A01,138Â 292Â 995,1.0,0.0,-1.0,1648122,2.0,7,,0.0,2.0,1.0,A01,138Â 292Â 995,1.0
965673,201900007204,11,24,21:40,5,2,1,1.0,2.0,75116,AVENUE DE NEW YORK,M,"48,8625580","2,2939040",75,2019,50.0,1.0,1.0,4.0,2158468,1.0,1,1,1,5.0,,0.0,0,1998.0,A01,138Â 292Â 995,1.0,0.0,-1.0,1648123,2.0,7,,0.0,2.0,4.0,B01,138Â 292Â 996,1.0
965673,201900007204,11,24,21:40,5,2,1,1.0,2.0,75116,AVENUE DE NEW YORK,M,"48,8625580","2,2939040",75,2019,50.0,1.0,1.0,4.0,2158469,2.0,2,4,1,5.0,,0.0,0,1995.0,B01,138Â 292Â 996,1.0,0.0,-1.0,1648122,2.0,7,,0.0,2.0,1.0,A01,138Â 292Â 995,1.0
965673,201900007204,11,24,21:40,5,2,1,1.0,2.0,75116,AVENUE DE NEW YORK,M,"48,8625580","2,2939040",75,2019,50.0,1.0,1.0,4.0,2158469,2.0,2,4,1,5.0,,0.0,0,1995.0,B01,138Â 292Â 996,1.0,0.0,-1.0,1648123,2.0,7,,0.0,2.0,4.0,B01,138Â 292Â 996,1.0
965673,201900007204,11,24,21:40,5,2,1,1.0,2.0,75116,AVENUE DE NEW YORK,M,"48,8625580","2,2939040",75,2019,50.0,1.0,1.0,4.0,2158470,1.0,1,1,1,5.0,,0.0,0,1976.0,B01,138Â 292Â 996,1.0,0.0,-1.0,1648122,2.0,7,,0.0,2.0,1.0,A01,138Â 292Â 995,1.0
965673,201900007204,11,24,21:40,5,2,1,1.0,2.0,75116,AVENUE DE NEW YORK,M,"48,8625580","2,2939040",75,2019,50.0,1.0,1.0,4.0,2158470,1.0,1,1,1,5.0,,0.0,0,1976.0,B01,138Â 292Â 996,1.0,0.0,-1.0,1648123,2.0,7,,0.0,2.0,4.0,B01,138Â 292Â 996,1.0
965674,201900007205,11,24,14:45,1,2,1,1.0,2.0,75116,ROUTE DE LA SEINE A LA BUTTE MORTEMART,M,"48,8517710","2,2329500",75,2019,50.0,1.0,1.0,4.0,2158471,1.0,1,4,1,5.0,,0.0,0,1943.0,A01,138Â 292Â 993,2.0,8.0,-1.0,1648124,1.0,1,,0.0,2.0,1.0,A01,138Â 292Â 993,5.0
965674,201900007205,11,24,14:45,1,2,1,1.0,2.0,75116,ROUTE DE LA SEINE A LA BUTTE MORTEMART,M,"48,8517710","2,2329500",75,2019,50.0,1.0,1.0,4.0,2158471,1.0,1,4,1,5.0,,0.0,0,1943.0,A01,138Â 292Â 993,2.0,8.0,-1.0,1648125,1.0,1,,0.0,2.0,4.0,B01,138Â 292Â 994,5.0
965674,201900007205,11,24,14:45,1,2,1,1.0,2.0,75116,ROUTE DE LA SEINE A LA BUTTE MORTEMART,M,"48,8517710","2,2329500",75,2019,50.0,1.0,1.0,4.0,2158472,1.0,1,1,1,5.0,,0.0,0,1961.0,B01,138Â 292Â 994,2.0,8.0,-1.0,1648124,1.0,1,,0.0,2.0,1.0,A01,138Â 292Â 993,5.0
965674,201900007205,11,24,14:45,1,2,1,1.0,2.0,75116,ROUTE DE LA SEINE A LA BUTTE MORTEMART,M,"48,8517710","2,2329500",75,2019,50.0,1.0,1.0,4.0,2158472,1.0,1,1,1,5.0,,0.0,0,1961.0,B01,138Â 292Â 994,2.0,8.0,-1.0,1648125,1.0,1,,0.0,2.0,4.0,B01,138Â 292Â 994,5.0
965675,201900007206,11,24,01:50,4,2,1,1.0,6.0,75112,BOULEVARD PONIATOWSKI,M,"48,8320930","2,3983090",75,2019,50.0,1.0,1.0,4.0,2158473,1.0,1,1,1,0.0,,0.0,0,1967.0,A01,138Â 292Â 992,1.0,0.0,-1.0,1648126,1.0,7,,0.0,1.0,1.0,A01,138Â 292Â 992,1.0
965675,201900007206,11,24,01:50,4,2,1,1.0,6.0,75112,BOULEVARD PONIATOWSKI,M,"48,8320930","2,3983090",75,2019,50.0,1.0,1.0,4.0,2158474,10.0,3,4,1,0.0,,0.0,0,1984.0,A01,138Â 292Â 992,0.0,-1.0,-1.0,1648126,1.0,7,,0.0,1.0,1.0,A01,138Â 292Â 992,1.0
965676,201900007207,11,24,18:15,3,2,1,1.0,6.0,75111,BOULEVARD VOLTAIRE,M,"48,8612390","2,3743680",75,2019,30.0,1.0,1.0,4.0,2158475,1.0,1,1,1,4.0,,0.0,0,1973.0,A01,138Â 292Â 991,1.0,0.0,-1.0,1648127,2.0,7,,0.0,1.0,2.0,A01,138Â 292Â 991,1.0
965676,201900007207,11,24,18:15,3,2,1,1.0,6.0,75111,BOULEVARD VOLTAIRE,M,"48,8612390","2,3743680",75,2019,30.0,1.0,1.0,4.0,2158476,10.0,3,4,2,5.0,,2.0,3,1981.0,A01,138Â 292Â 991,0.0,-1.0,-1.0,1648127,2.0,7,,0.0,1.0,2.0,A01,138Â 292Â 991,1.0
965677,201900007208,11,24,17:45,2,2,3,1.0,7.0,75107,RUE DE BELGRADE,M,"48,8554000","2,3013700",75,2019,30.0,1.0,1.0,4.0,2158477,1.0,1,4,1,0.0,,0.0,0,1994.0,A01,138Â 292Â 990,2.0,6.0,-1.0,1648128,1.0,30,,0.0,0.0,3.0,A01,138Â 292Â 990,3.0
965678,201900007209,11,24,18:05,5,2,2,1.0,3.0,75107,QUAI BRANLY,M,"48,8589683","2,2933789",75,2019,50.0,1.0,2.0,4.0,2158478,1.0,1,1,1,4.0,,0.0,0,1970.0,A01,138Â 292Â 988,1.0,0.0,-1.0,1648129,2.0,7,,0.0,2.0,8.0,A01,138Â 292Â 988,1.0
965678,201900007209,11,24,18:05,5,2,2,1.0,3.0,75107,QUAI BRANLY,M,"48,8589683","2,2933789",75,2019,50.0,1.0,2.0,4.0,2158478,1.0,1,1,1,4.0,,0.0,0,1970.0,A01,138Â 292Â 988,1.0,0.0,-1.0,1648130,2.0,33,,0.0,2.0,7.0,B01,138Â 292Â 989,1.0
965678,201900007209,11,24,18:05,5,2,2,1.0,3.0,75107,QUAI BRANLY,M,"48,8589683","2,2933789",75,2019,50.0,1.0,2.0,4.0,2158479,1.0,1,4,1,0.0,,0.0,0,1961.0,B01,138Â 292Â 989,2.0,6.0,-1.0,1648129,2.0,7,,0.0,2.0,8.0,A01,138Â 292Â 988,1.0
965678,201900007209,11,24,18:05,5,2,2,1.0,3.0,75107,QUAI BRANLY,M,"48,8589683","2,2933789",75,2019,50.0,1.0,2.0,4.0,2158479,1.0,1,4,1,0.0,,0.0,0,1961.0,B01,138Â 292Â 989,2.0,6.0,-1.0,1648130,2.0,33,,0.0,2.0,7.0,B01,138Â 292Â 989,1.0
965679,201900007210,11,23,22:45,5,2,4,1.0,6.0,75107,BOULEVARD SAINT GERMAIN,M,"48,8569620","2,3245940",75,2019,50.0,1.0,1.0,4.0,2158480,1.0,1,4,1,5.0,,0.0,0,1929.0,A01,138Â 292Â 987,1.0,0.0,-1.0,1648131,1.0,7,,14.0,0.0,1.0,A01,138Â 292Â 987,1.0
965680,201900007211,11,23,09:50,1,2,4,2.0,3.0,75107,BOULEVARD RASPAIL,M,"48,8547145","2,3259926",75,2019,50.0,1.0,2.0,4.0,2158481,1.0,1,1,1,0.0,,0.0,0,1993.0,A01,138Â 292Â 985,1.0,0.0,-1.0,1648132,1.0,10,,0.0,2.0,3.0,A01,138Â 292Â 985,1.0
965680,201900007211,11,23,09:50,1,2,4,2.0,3.0,75107,BOULEVARD RASPAIL,M,"48,8547145","2,3259926",75,2019,50.0,1.0,2.0,4.0,2158481,1.0,1,1,1,0.0,,0.0,0,1993.0,A01,138Â 292Â 985,1.0,0.0,-1.0,1648133,1.0,2,,0.0,2.0,0.0,B01,138Â 292Â 986,1.0
965680,201900007211,11,23,09:50,1,2,4,2.0,3.0,75107,BOULEVARD RASPAIL,M,"48,8547145","2,3259926",75,2019,50.0,1.0,2.0,4.0,2158482,2.0,2,4,1,0.0,,0.0,0,1981.0,B01,138Â 292Â 986,2.0,6.0,-1.0,1648132,1.0,10,,0.0,2.0,3.0,A01,138Â 292Â 985,1.0
965680,201900007211,11,23,09:50,1,2,4,2.0,3.0,75107,BOULEVARD RASPAIL,M,"48,8547145","2,3259926",75,2019,50.0,1.0,2.0,4.0,2158482,2.0,2,4,1,0.0,,0.0,0,1981.0,B01,138Â 292Â 986,2.0,6.0,-1.0,1648133,1.0,2,,0.0,2.0,0.0,B01,138Â 292Â 986,1.0
965680,201900007211,11,23,09:50,1,2,4,2.0,3.0,75107,BOULEVARD RASPAIL,M,"48,8547145","2,3259926",75,2019,50.0,1.0,2.0,4.0,2158483,1.0,1,1,1,4.0,,0.0,0,1997.0,B01,138Â 292Â 986,2.0,6.0,-1.0,1648132,1.0,10,,0.0,2.0,3.0,A01,138Â 292Â 985,1.0
965680,201900007211,11,23,09:50,1,2,4,2.0,3.0,75107,BOULEVARD RASPAIL,M,"48,8547145","2,3259926",75,2019,50.0,1.0,2.0,4.0,2158483,1.0,1,1,1,4.0,,0.0,0,1997.0,B01,138Â 292Â 986,2.0,6.0,-1.0,1648133,1.0,2,,0.0,2.0,0.0,B01,138Â 292Â 986,1.0
965681,201900007212,11,24,17:10,2,2,1,1.0,6.0,75103,PLACE DE LA REPUBLIQUE,M,"48,8667181","2,3644606",75,2019,30.0,1.0,1.0,4.0,2158484,10.0,3,3,1,5.0,,2.0,3,1941.0,A01,138Â 292Â 984,0.0,-1.0,-1.0,1648134,1.0,7,,0.0,2.0,1.0,A01,138Â 292Â 984,1.0
965681,201900007212,11,24,17:10,2,2,1,1.0,6.0,75103,PLACE DE LA REPUBLIQUE,M,"48,8667181","2,3644606",75,2019,30.0,1.0,1.0,4.0,2158485,1.0,1,1,1,5.0,,0.0,0,1994.0,A01,138Â 292Â 984,1.0,0.0,-1.0,1648134,1.0,7,,0.0,2.0,1.0,A01,138Â 292Â 984,1.0
965682,201900007213,11,23,21:15,5,2,3,1.0,3.0,75102,RUE DE CLERY,M,"48,8689464","2,3494693",75,2019,30.0,5.0,1.0,4.0,2158486,1.0,1,4,1,4.0,,0.0,0,1994.0,A01,138Â 292Â 983,8.0,2.0,-1.0,1648135,1.0,7,,0.0,2.0,0.0,Z01,138Â 292Â 982,0.0
965682,201900007213,11,23,21:15,5,2,3,1.0,3.0,75102,RUE DE CLERY,M,"48,8689464","2,3494693",75,2019,30.0,5.0,1.0,4.0,2158486,1.0,1,4,1,4.0,,0.0,0,1994.0,A01,138Â 292Â 983,8.0,2.0,-1.0,1648136,1.0,1,,0.0,2.0,1.0,A01,138Â 292Â 983,5.0
965683,201900007214,11,24,14:30,1,2,2,1.0,3.0,93049,COMMANDANT RAYNAL (RUE),M,"48,8570590","2,5014850",93,2019,50.0,1.0,1.0,4.0,2158487,1.0,1,4,1,5.0,,-1.0, -1,1994.0,B01,138Â 292Â 980,1.0,0.0,-1.0,1648137,3.0,10,,0.0,2.0,3.0,B01,138Â 292Â 980,1.0
965683,201900007214,11,24,14:30,1,2,2,1.0,3.0,93049,COMMANDANT RAYNAL (RUE),M,"48,8570590","2,5014850",93,2019,50.0,1.0,1.0,4.0,2158487,1.0,1,4,1,5.0,,-1.0, -1,1994.0,B01,138Â 292Â 980,1.0,0.0,-1.0,1648138,3.0,10,,0.0,2.0,2.0,A01,138Â 292Â 981,1.0
965683,201900007214,11,24,14:30,1,2,2,1.0,3.0,93049,COMMANDANT RAYNAL (RUE),M,"48,8570590","2,5014850",93,2019,50.0,1.0,1.0,4.0,2158488,1.0,1,1,1,5.0,,-1.0, -1,1979.0,A01,138Â 292Â 981,1.0,0.0,-1.0,1648137,3.0,10,,0.0,2.0,3.0,B01,138Â 292Â 980,1.0
965683,201900007214,11,24,14:30,1,2,2,1.0,3.0,93049,COMMANDANT RAYNAL (RUE),M,"48,8570590","2,5014850",93,2019,50.0,1.0,1.0,4.0,2158488,1.0,1,1,1,5.0,,-1.0, -1,1979.0,A01,138Â 292Â 981,1.0,0.0,-1.0,1648138,3.0,10,,0.0,2.0,2.0,A01,138Â 292Â 981,1.0
965684,201900007215,11,24,17:10,1,2,1,1.0,1.0,93074,MEAUX RUE DE,M,"48,9367255","2,5846886",93,2019,50.0,1.0,1.0,3.0,2158489,1.0,1,4,1,0.0,,-1.0, -1,1998.0,B01,138Â 292Â 978,2.0,0.0,-1.0,1648139,1.0,33,,0.0,2.0,1.0,B01,138Â 292Â 978,1.0
965684,201900007215,11,24,17:10,1,2,1,1.0,1.0,93074,MEAUX RUE DE,M,"48,9367255","2,5846886",93,2019,50.0,1.0,1.0,3.0,2158489,1.0,1,4,1,0.0,,-1.0, -1,1998.0,B01,138Â 292Â 978,2.0,0.0,-1.0,1648140,2.0,7,,0.0,2.0,1.0,A01,138Â 292Â 979,1.0
965684,201900007215,11,24,17:10,1,2,1,1.0,1.0,93074,MEAUX RUE DE,M,"48,9367255","2,5846886",93,2019,50.0,1.0,1.0,3.0,2158490,1.0,1,1,1,1.0,,-1.0, -1,1967.0,A01,138Â 292Â 979,1.0,0.0,-1.0,1648139,1.0,33,,0.0,2.0,1.0,B01,138Â 292Â 978,1.0
965684,201900007215,11,24,17:10,1,2,1,1.0,1.0,93074,MEAUX RUE DE,M,"48,9367255","2,5846886",93,2019,50.0,1.0,1.0,3.0,2158490,1.0,1,1,1,1.0,,-1.0, -1,1967.0,A01,138Â 292Â 979,1.0,0.0,-1.0,1648140,2.0,7,,0.0,2.0,1.0,A01,138Â 292Â 979,1.0
965685,201900007216,11,24,00:55,5,2,2,1.0,3.0,92026,VERDUN (DE 62 A FIN),M,"48,9004100","2,2607700",92,2019,50.0,1.0,2.0,3.0,2158491,1.0,1,1,2,5.0,,-1.0, -1,1975.0,A01,138Â 292Â 976,1.0,0.0,-1.0,1648141,3.0,7,,0.0,2.0,7.0,A01,138Â 292Â 976,1.0
965685,201900007216,11,24,00:55,5,2,2,1.0,3.0,92026,VERDUN (DE 62 A FIN),M,"48,9004100","2,2607700",92,2019,50.0,1.0,2.0,3.0,2158491,1.0,1,1,2,5.0,,-1.0, -1,1975.0,A01,138Â 292Â 976,1.0,0.0,-1.0,1648142,3.0,34,,0.0,2.0,1.0,B01,138Â 292Â 977,1.0
965685,201900007216,11,24,00:55,5,2,2,1.0,3.0,92026,VERDUN (DE 62 A FIN),M,"48,9004100","2,2607700",92,2019,50.0,1.0,2.0,3.0,2158492,2.0,2,4,1,0.0,,-1.0,0,1998.0,B01,138Â 292Â 977,2.0,6.0,-1.0,1648141,3.0,7,,0.0,2.0,7.0,A01,138Â 292Â 976,1.0
965685,201900007216,11,24,00:55,5,2,2,1.0,3.0,92026,VERDUN (DE 62 A FIN),M,"48,9004100","2,2607700",92,2019,50.0,1.0,2.0,3.0,2158492,2.0,2,4,1,0.0,,-1.0,0,1998.0,B01,138Â 292Â 977,2.0,6.0,-1.0,1648142,3.0,34,,0.0,2.0,1.0,B01,138Â 292Â 977,1.0
965685,201900007216,11,24,00:55,5,2,2,1.0,3.0,92026,VERDUN (DE 62 A FIN),M,"48,9004100","2,2607700",92,2019,50.0,1.0,2.0,3.0,2158493,1.0,1,1,1,0.0,,-1.0,0,1998.0,B01,138Â 292Â 977,2.0,6.0,-1.0,1648141,3.0,7,,0.0,2.0,7.0,A01,138Â 292Â 976,1.0
965685,201900007216,11,24,00:55,5,2,2,1.0,3.0,92026,VERDUN (DE 62 A FIN),M,"48,9004100","2,2607700",92,2019,50.0,1.0,2.0,3.0,2158493,1.0,1,1,1,0.0,,-1.0,0,1998.0,B01,138Â 292Â 977,2.0,6.0,-1.0,1648142,3.0,34,,0.0,2.0,1.0,B01,138Â 292Â 977,1.0
965686,201900007217,11,22,18:10,5,2,1,2.0,2.0,92025,PRÃSIDENT PAUL DOUMER (QUAI DU),M,"48,9225780","2,2633445",92,2019,50.0,1.0,1.0,4.0,2158494,1.0,1,4,1,0.0,,-1.0,0,1972.0,A01,138Â 292Â 972,1.0,0.0,-1.0,1648143,1.0,7,,1.0,0.0,1.0,A01,138Â 292Â 972,1.0
965686,201900007217,11,22,18:10,5,2,1,2.0,2.0,92025,PRÃSIDENT PAUL DOUMER (QUAI DU),M,"48,9225780","2,2633445",92,2019,50.0,1.0,1.0,4.0,2158494,1.0,1,4,1,0.0,,-1.0,0,1972.0,A01,138Â 292Â 972,1.0,0.0,-1.0,1648144,1.0,7,,0.0,2.0,4.0,B01,138Â 292Â 973,1.0
965686,201900007217,11,22,18:10,5,2,1,2.0,2.0,92025,PRÃSIDENT PAUL DOUMER (QUAI DU),M,"48,9225780","2,2633445",92,2019,50.0,1.0,1.0,4.0,2158495,1.0,1,1,1,0.0,,-1.0,0,1958.0,B01,138Â 292Â 973,8.0,0.0,-1.0,1648143,1.0,7,,1.0,0.0,1.0,A01,138Â 292Â 972,1.0
965686,201900007217,11,22,18:10,5,2,1,2.0,2.0,92025,PRÃSIDENT PAUL DOUMER (QUAI DU),M,"48,9225780","2,2633445",92,2019,50.0,1.0,1.0,4.0,2158495,1.0,1,1,1,0.0,,-1.0,0,1958.0,B01,138Â 292Â 973,8.0,0.0,-1.0,1648144,1.0,7,,0.0,2.0,4.0,B01,138Â 292Â 973,1.0
965687,201900007218,11,24,18:45,3,1,1,1.0,6.0,52183,D1,M,"48,2088800","5,3741950",52,2019,80.0,3.0,2.0,3.0,2158496,1.0,1,4,2,0.0,,0.0,0,1999.0,A01,138Â 292Â 971,1.0,-1.0,-1.0,1648145,1.0,7,,13.0,0.0,3.0,A01,138Â 292Â 971,1.0
965688,201900007219,11,25,08:41,1,1,1,1.0,2.0,71576,"A6, PK360+700 sens Paris Lyon",M,"46,5392431","4,9193430",71,2019,130.0,1.0,2.0,1.0,2158497,2.0,2,3,1,5.0,,0.0,0,1988.0,A01,138Â 292Â 969,8.0,-1.0,-1.0,1648146,1.0,7,,0.0,2.0,1.0,A01,138Â 292Â 969,1.0
965688,201900007219,11,25,08:41,1,1,1,1.0,2.0,71576,"A6, PK360+700 sens Paris Lyon",M,"46,5392431","4,9193430",71,2019,130.0,1.0,2.0,1.0,2158497,2.0,2,3,1,5.0,,0.0,0,1988.0,A01,138Â 292Â 969,8.0,-1.0,-1.0,1648147,1.0,17,,0.0,0.0,6.0,B01,138Â 292Â 970,1.0
965688,201900007219,11,25,08:41,1,1,1,1.0,2.0,71576,"A6, PK360+700 sens Paris Lyon",M,"46,5392431","4,9193430",71,2019,130.0,1.0,2.0,1.0,2158498,1.0,1,4,1,4.0,,0.0,0,1988.0,A01,138Â 292Â 969,1.0,-1.0,-1.0,1648146,1.0,7,,0.0,2.0,1.0,A01,138Â 292Â 969,1.0
965688,201900007219,11,25,08:41,1,1,1,1.0,2.0,71576,"A6, PK360+700 sens Paris Lyon",M,"46,5392431","4,9193430",71,2019,130.0,1.0,2.0,1.0,2158498,1.0,1,4,1,4.0,,0.0,0,1988.0,A01,138Â 292Â 969,1.0,-1.0,-1.0,1648147,1.0,17,,0.0,0.0,6.0,B01,138Â 292Â 970,1.0
965688,201900007219,11,25,08:41,1,1,1,1.0,2.0,71576,"A6, PK360+700 sens Paris Lyon",M,"46,5392431","4,9193430",71,2019,130.0,1.0,2.0,1.0,2158499,1.0,1,1,1,4.0,,0.0,0,1965.0,B01,138Â 292Â 970,1.0,-1.0,-1.0,1648146,1.0,7,,0.0,2.0,1.0,A01,138Â 292Â 969,1.0
965688,201900007219,11,25,08:41,1,1,1,1.0,2.0,71576,"A6, PK360+700 sens Paris Lyon",M,"46,5392431","4,9193430",71,2019,130.0,1.0,2.0,1.0,2158499,1.0,1,1,1,4.0,,0.0,0,1965.0,B01,138Â 292Â 970,1.0,-1.0,-1.0,1648147,1.0,17,,0.0,0.0,6.0,B01,138Â 292Â 970,1.0
965689,201900007220,11,24,15:47,1,1,2,1.0,3.0,11353,chemin du vignoble,M,"43,2599330","2,9152610",11,2019,80.0,1.0,1.0,4.0,2158500,1.0,1,3,2,0.0,,0.0,0,1967.0,A01,138Â 292Â 966,1.0,-1.0,-1.0,1648148,3.0,7,,0.0,2.0,3.0,A01,138Â 292Â 966,1.0
965689,201900007220,11,24,15:47,1,1,2,1.0,3.0,11353,chemin du vignoble,M,"43,2599330","2,9152610",11,2019,80.0,1.0,1.0,4.0,2158500,1.0,1,3,2,0.0,,0.0,0,1967.0,A01,138Â 292Â 966,1.0,-1.0,-1.0,1648149,3.0,7,,0.0,2.0,1.0,B01,138Â 292Â 967,1.0
965689,201900007220,11,24,15:47,1,1,2,1.0,3.0,11353,chemin du vignoble,M,"43,2599330","2,9152610",11,2019,80.0,1.0,1.0,4.0,2158501,2.0,2,4,1,0.0,,0.0,0,2006.0,A01,138Â 292Â 966,1.0,-1.0,-1.0,1648148,3.0,7,,0.0,2.0,3.0,A01,138Â 292Â 966,1.0