Unnamed: 0_x,num_acc,mois,jour,hrmn,lum,agg,int,atm,col,com,adr,gps,lat,long,dep,annee,vma,situ,surf,catr,Unnamed: 0_y,place,catu,grav,sexe,trajet,secu,locp,actp,an_nais,num_veh_x,id_vehicule_x,secu1,secu2,secu3,Unnamed: 0,senc,catv,occutc,obs,obsm,choc,num_veh_y,id_vehicule_y,motor
965689,201900007220,11,24,15:47,1,1,2,1.0,3.0,11353,chemin du vignoble,M,"43,2599330","2,9152610",11,2019,80.0,1.0,1.0,4.0,2158501,2.0,2,4,1,0.0,,0.0,0,2006.0,A01,138Â 292Â 966,1.0,-1.0,-1.0,1648149,3.0,7,,0.0,2.0,1.0,B01,138Â 292Â 967,1.0
965689,201900007220,11,24,15:47,1,1,2,1.0,3.0,11353,chemin du vignoble,M,"43,2599330","2,9152610",11,2019,80.0,1.0,1.0,4.0,2158502,1.0,1,4,1,0.0,,0.0,0,2000.0,B01,138Â 292Â 967,1.0,-1.0,-1.0,1648148,3.0,7,,0.0,2.0,3.0,A01,138Â 292Â 966,1.0
965689,201900007220,11,24,15:47,1,1,2,1.0,3.0,11353,chemin du vignoble,M,"43,2599330","2,9152610",11,2019,80.0,1.0,1.0,4.0,2158502,1.0,1,4,1,0.0,,0.0,0,2000.0,B01,138Â 292Â 967,1.0,-1.0,-1.0,1648149,3.0,7,,0.0,2.0,1.0,B01,138Â 292Â 967,1.0
965689,201900007220,11,24,15:47,1,1,2,1.0,3.0,11353,chemin du vignoble,M,"43,2599330","2,9152610",11,2019,80.0,1.0,1.0,4.0,2158503,2.0,2,1,1,0.0,,0.0,0,2002.0,B01,138Â 292Â 967,1.0,-1.0,-1.0,1648148,3.0,7,,0.0,2.0,3.0,A01,138Â 292Â 966,1.0
965689,201900007220,11,24,15:47,1,1,2,1.0,3.0,11353,chemin du vignoble,M,"43,2599330","2,9152610",11,2019,80.0,1.0,1.0,4.0,2158503,2.0,2,1,1,0.0,,0.0,0,2002.0,B01,138Â 292Â 967,1.0,-1.0,-1.0,1648149,3.0,7,,0.0,2.0,1.0,B01,138Â 292Â 967,1.0
965690,201900007221,11,25,06:05,3,1,1,1.0,2.0,12291,A75,M,"44,1916170","3,0595710",12,2019,130.0,1.0,1.0,1.0,2158504,9.0,2,3,1,4.0,,0.0,0,1984.0,A01,138Â 292Â 964,8.0,-1.0,-1.0,1648150,1.0,10,,0.0,2.0,2.0,A01,138Â 292Â 964,1.0
965690,201900007221,11,25,06:05,3,1,1,1.0,2.0,12291,A75,M,"44,1916170","3,0595710",12,2019,130.0,1.0,1.0,1.0,2158504,9.0,2,3,1,4.0,,0.0,0,1984.0,A01,138Â 292Â 964,8.0,-1.0,-1.0,1648151,1.0,14,,0.0,2.0,6.0,B01,138Â 292Â 965,1.0
965690,201900007221,11,25,06:05,3,1,1,1.0,2.0,12291,A75,M,"44,1916170","3,0595710",12,2019,130.0,1.0,1.0,1.0,2158505,8.0,2,3,1,4.0,,0.0,0,1984.0,A01,138Â 292Â 964,8.0,-1.0,-1.0,1648150,1.0,10,,0.0,2.0,2.0,A01,138Â 292Â 964,1.0
965690,201900007221,11,25,06:05,3,1,1,1.0,2.0,12291,A75,M,"44,1916170","3,0595710",12,2019,130.0,1.0,1.0,1.0,2158505,8.0,2,3,1,4.0,,0.0,0,1984.0,A01,138Â 292Â 964,8.0,-1.0,-1.0,1648151,1.0,14,,0.0,2.0,6.0,B01,138Â 292Â 965,1.0
965690,201900007221,11,25,06:05,3,1,1,1.0,2.0,12291,A75,M,"44,1916170","3,0595710",12,2019,130.0,1.0,1.0,1.0,2158506,7.0,2,3,1,4.0,,0.0,0,1988.0,A01,138Â 292Â 964,8.0,-1.0,-1.0,1648150,1.0,10,,0.0,2.0,2.0,A01,138Â 292Â 964,1.0
965690,201900007221,11,25,06:05,3,1,1,1.0,2.0,12291,A75,M,"44,1916170","3,0595710",12,2019,130.0,1.0,1.0,1.0,2158506,7.0,2,3,1,4.0,,0.0,0,1988.0,A01,138Â 292Â 964,8.0,-1.0,-1.0,1648151,1.0,14,,0.0,2.0,6.0,B01,138Â 292Â 965,1.0
965690,201900007221,11,25,06:05,3,1,1,1.0,2.0,12291,A75,M,"44,1916170","3,0595710",12,2019,130.0,1.0,1.0,1.0,2158507,2.0,2,3,1,4.0,,0.0,0,1995.0,A01,138Â 292Â 964,1.0,-1.0,-1.0,1648150,1.0,10,,0.0,2.0,2.0,A01,138Â 292Â 964,1.0
965690,201900007221,11,25,06:05,3,1,1,1.0,2.0,12291,A75,M,"44,1916170","3,0595710",12,2019,130.0,1.0,1.0,1.0,2158507,2.0,2,3,1,4.0,,0.0,0,1995.0,A01,138Â 292Â 964,1.0,-1.0,-1.0,1648151,1.0,14,,0.0,2.0,6.0,B01,138Â 292Â 965,1.0
965690,201900007221,11,25,06:05,3,1,1,1.0,2.0,12291,A75,M,"44,1916170","3,0595710",12,2019,130.0,1.0,1.0,1.0,2158508,1.0,1,4,1,4.0,,0.0,0,1995.0,A01,138Â 292Â 964,1.0,-1.0,-1.0,1648150,1.0,10,,0.0,2.0,2.0,A01,138Â 292Â 964,1.0
965690,201900007221,11,25,06:05,3,1,1,1.0,2.0,12291,A75,M,"44,1916170","3,0595710",12,2019,130.0,1.0,1.0,1.0,2158508,1.0,1,4,1,4.0,,0.0,0,1995.0,A01,138Â 292Â 964,1.0,-1.0,-1.0,1648151,1.0,14,,0.0,2.0,6.0,B01,138Â 292Â 965,1.0
965690,201900007221,11,25,06:05,3,1,1,1.0,2.0,12291,A75,M,"44,1916170","3,0595710",12,2019,130.0,1.0,1.0,1.0,2158509,1.0,1,1,1,4.0,,0.0,0,1963.0,B01,138Â 292Â 965,1.0,-1.0,-1.0,1648150,1.0,10,,0.0,2.0,2.0,A01,138Â 292Â 964,1.0
965690,201900007221,11,25,06:05,3,1,1,1.0,2.0,12291,A75,M,"44,1916170","3,0595710",12,2019,130.0,1.0,1.0,1.0,2158509,1.0,1,1,1,4.0,,0.0,0,1963.0,B01,138Â 292Â 965,1.0,-1.0,-1.0,1648151,1.0,14,,0.0,2.0,6.0,B01,138Â 292Â 965,1.0
965691,201900007222,11,23,00:20,5,1,3,2.0,1.0,77182,D934 X VC,M,"48,7840504","3,2848994",77,2019,70.0,1.0,2.0,3.0,2158510,1.0,1,2,1,0.0,,0.0,0,1988.0,B01,138Â 292Â 962,0.0,-1.0,-1.0,1648152,1.0,7,,0.0,2.0,8.0,B01,138Â 292Â 962,1.0
965691,201900007222,11,23,00:20,5,1,3,2.0,1.0,77182,D934 X VC,M,"48,7840504","3,2848994",77,2019,70.0,1.0,2.0,3.0,2158510,1.0,1,2,1,0.0,,0.0,0,1988.0,B01,138Â 292Â 962,0.0,-1.0,-1.0,1648153,1.0,7,,0.0,2.0,2.0,A01,138Â 292Â 963,1.0
965691,201900007222,11,23,00:20,5,1,3,2.0,1.0,77182,D934 X VC,M,"48,7840504","3,2848994",77,2019,70.0,1.0,2.0,3.0,2158511,1.0,1,1,1,5.0,,0.0,0,1984.0,A01,138Â 292Â 963,8.0,-1.0,-1.0,1648152,1.0,7,,0.0,2.0,8.0,B01,138Â 292Â 962,1.0
965691,201900007222,11,23,00:20,5,1,3,2.0,1.0,77182,D934 X VC,M,"48,7840504","3,2848994",77,2019,70.0,1.0,2.0,3.0,2158511,1.0,1,1,1,5.0,,0.0,0,1984.0,A01,138Â 292Â 963,8.0,-1.0,-1.0,1648153,1.0,7,,0.0,2.0,2.0,A01,138Â 292Â 963,1.0
965692,201900007223,11,24,19:00,3,1,1,3.0,6.0,56081,D782,M,"48,0359760"," -3,6513750",56,2019,80.0,1.0,2.0,3.0,2158512,1.0,1,4,1,5.0,,0.0,0,1968.0,A01,138Â 292Â 961,1.0,-1.0,-1.0,1648154,1.0,7,,0.0,1.0,2.0,A01,138Â 292Â 961,1.0
965692,201900007223,11,24,19:00,3,1,1,3.0,6.0,56081,D782,M,"48,0359760"," -3,6513750",56,2019,80.0,1.0,2.0,3.0,2158513,10.0,3,3,1,0.0,,1.0,9,2001.0,A01,138Â 292Â 961,0.0,-1.0,-1.0,1648154,1.0,7,,0.0,1.0,2.0,A01,138Â 292Â 961,1.0
965692,201900007223,11,24,19:00,3,1,1,3.0,6.0,56081,D782,M,"48,0359760"," -3,6513750",56,2019,80.0,1.0,2.0,3.0,2158514,2.0,2,3,2,5.0,,0.0,0,1965.0,A01,138Â 292Â 961,1.0,-1.0,-1.0,1648154,1.0,7,,0.0,1.0,2.0,A01,138Â 292Â 961,1.0
965693,201900007224,11,24,22:20,3,1,6,2.0,6.0,79171,Giratoire de la Croix d'Ingand,M,"46,9988220"," -0,2848400",79,2019,70.0,3.0,2.0,3.0,2158515,1.0,1,4,2,1.0,,0.0,0,1978.0,A01,138Â 292Â 960,1.0,-1.0,-1.0,1648155,1.0,7,,14.0,0.0,1.0,A01,138Â 292Â 960,0.0
965694,201900007225,11,25,05:45,3,1,1,1.0,1.0,80765,D29,M,"50,0305740","1,6845710",80,2019,80.0,1.0,1.0,3.0,2158516,1.0,1,3,1,1.0,,0.0,0,1985.0,B01,138Â 292Â 958,1.0,-1.0,-1.0,1648156,2.0,7,,0.0,2.0,1.0,B01,138Â 292Â 958,1.0
965694,201900007225,11,25,05:45,3,1,1,1.0,1.0,80765,D29,M,"50,0305740","1,6845710",80,2019,80.0,1.0,1.0,3.0,2158516,1.0,1,3,1,1.0,,0.0,0,1985.0,B01,138Â 292Â 958,1.0,-1.0,-1.0,1648157,1.0,7,,0.0,2.0,1.0,A01,138Â 292Â 959,1.0
965694,201900007225,11,25,05:45,3,1,1,1.0,1.0,80765,D29,M,"50,0305740","1,6845710",80,2019,80.0,1.0,1.0,3.0,2158517,1.0,1,3,2,1.0,,0.0,0,1974.0,A01,138Â 292Â 959,1.0,-1.0,-1.0,1648156,2.0,7,,0.0,2.0,1.0,B01,138Â 292Â 958,1.0
965694,201900007225,11,25,05:45,3,1,1,1.0,1.0,80765,D29,M,"50,0305740","1,6845710",80,2019,80.0,1.0,1.0,3.0,2158517,1.0,1,3,2,1.0,,0.0,0,1974.0,A01,138Â 292Â 959,1.0,-1.0,-1.0,1648157,1.0,7,,0.0,2.0,1.0,A01,138Â 292Â 959,1.0
965695,201900007226,11,23,17:50,2,1,1,1.0,3.0,80588,D925,M,"50,1161720","1,8917990",80,2019,80.0,1.0,1.0,3.0,2158518,1.0,1,1,1,9.0,,0.0,0,1983.0,A01,138Â 292Â 956,8.0,-1.0,-1.0,1648158,2.0,99,,0.0,2.0,1.0,A01,138Â 292Â 956,0.0
965695,201900007226,11,23,17:50,2,1,1,1.0,3.0,80588,D925,M,"50,1161720","1,8917990",80,2019,80.0,1.0,1.0,3.0,2158518,1.0,1,1,1,9.0,,0.0,0,1983.0,A01,138Â 292Â 956,8.0,-1.0,-1.0,1648159,1.0,7,,0.0,2.0,3.0,B01,138Â 292Â 957,0.0
965695,201900007226,11,23,17:50,2,1,1,1.0,3.0,80588,D925,M,"50,1161720","1,8917990",80,2019,80.0,1.0,1.0,3.0,2158519,2.0,2,1,2,9.0,,0.0,0,2003.0,B01,138Â 292Â 957,1.0,-1.0,-1.0,1648158,2.0,99,,0.0,2.0,1.0,A01,138Â 292Â 956,0.0
965695,201900007226,11,23,17:50,2,1,1,1.0,3.0,80588,D925,M,"50,1161720","1,8917990",80,2019,80.0,1.0,1.0,3.0,2158519,2.0,2,1,2,9.0,,0.0,0,2003.0,B01,138Â 292Â 957,1.0,-1.0,-1.0,1648159,1.0,7,,0.0,2.0,3.0,B01,138Â 292Â 957,0.0
965695,201900007226,11,23,17:50,2,1,1,1.0,3.0,80588,D925,M,"50,1161720","1,8917990",80,2019,80.0,1.0,1.0,3.0,2158520,1.0,1,4,1,5.0,,0.0,0,1966.0,B01,138Â 292Â 957,1.0,-1.0,-1.0,1648158,2.0,99,,0.0,2.0,1.0,A01,138Â 292Â 956,0.0
965695,201900007226,11,23,17:50,2,1,1,1.0,3.0,80588,D925,M,"50,1161720","1,8917990",80,2019,80.0,1.0,1.0,3.0,2158520,1.0,1,4,1,5.0,,0.0,0,1966.0,B01,138Â 292Â 957,1.0,-1.0,-1.0,1648159,1.0,7,,0.0,2.0,3.0,B01,138Â 292Â 957,0.0
965696,201900007227,11,23,13:40,1,2,2,3.0,2.0,65375,5 Rue des Bourdalats,M,"43,3852440","0,1517060",65,2019,50.0,1.0,2.0,3.0,2158521,1.0,1,1,1,5.0,,0.0,0,1965.0,A01,138Â 292Â 954,8.0,-1.0,-1.0,1648160,1.0,7,,0.0,2.0,1.0,A01,138Â 292Â 954,1.0
965696,201900007227,11,23,13:40,1,2,2,3.0,2.0,65375,5 Rue des Bourdalats,M,"43,3852440","0,1517060",65,2019,50.0,1.0,2.0,3.0,2158521,1.0,1,1,1,5.0,,0.0,0,1965.0,A01,138Â 292Â 954,8.0,-1.0,-1.0,1648161,3.0,7,,0.0,0.0,5.0,B01,138Â 292Â 955,1.0
965696,201900007227,11,23,13:40,1,2,2,3.0,2.0,65375,5 Rue des Bourdalats,M,"43,3852440","0,1517060",65,2019,50.0,1.0,2.0,3.0,2158522,2.0,2,1,1,5.0,,0.0,0,1972.0,A01,138Â 292Â 954,8.0,-1.0,-1.0,1648160,1.0,7,,0.0,2.0,1.0,A01,138Â 292Â 954,1.0
965696,201900007227,11,23,13:40,1,2,2,3.0,2.0,65375,5 Rue des Bourdalats,M,"43,3852440","0,1517060",65,2019,50.0,1.0,2.0,3.0,2158522,2.0,2,1,1,5.0,,0.0,0,1972.0,A01,138Â 292Â 954,8.0,-1.0,-1.0,1648161,3.0,7,,0.0,0.0,5.0,B01,138Â 292Â 955,1.0
965696,201900007227,11,23,13:40,1,2,2,3.0,2.0,65375,5 Rue des Bourdalats,M,"43,3852440","0,1517060",65,2019,50.0,1.0,2.0,3.0,2158523,9.0,2,1,2,5.0,,0.0,0,1977.0,A01,138Â 292Â 954,8.0,-1.0,-1.0,1648160,1.0,7,,0.0,2.0,1.0,A01,138Â 292Â 954,1.0
965696,201900007227,11,23,13:40,1,2,2,3.0,2.0,65375,5 Rue des Bourdalats,M,"43,3852440","0,1517060",65,2019,50.0,1.0,2.0,3.0,2158523,9.0,2,1,2,5.0,,0.0,0,1977.0,A01,138Â 292Â 954,8.0,-1.0,-1.0,1648161,3.0,7,,0.0,0.0,5.0,B01,138Â 292Â 955,1.0
965696,201900007227,11,23,13:40,1,2,2,3.0,2.0,65375,5 Rue des Bourdalats,M,"43,3852440","0,1517060",65,2019,50.0,1.0,2.0,3.0,2158524,2.0,2,1,1,5.0,,0.0,0,2007.0,B01,138Â 292Â 955,8.0,-1.0,-1.0,1648160,1.0,7,,0.0,2.0,1.0,A01,138Â 292Â 954,1.0
965696,201900007227,11,23,13:40,1,2,2,3.0,2.0,65375,5 Rue des Bourdalats,M,"43,3852440","0,1517060",65,2019,50.0,1.0,2.0,3.0,2158524,2.0,2,1,1,5.0,,0.0,0,2007.0,B01,138Â 292Â 955,8.0,-1.0,-1.0,1648161,3.0,7,,0.0,0.0,5.0,B01,138Â 292Â 955,1.0
965696,201900007227,11,23,13:40,1,2,2,3.0,2.0,65375,5 Rue des Bourdalats,M,"43,3852440","0,1517060",65,2019,50.0,1.0,2.0,3.0,2158525,1.0,1,1,2,5.0,,0.0,0,1983.0,B01,138Â 292Â 955,8.0,-1.0,-1.0,1648160,1.0,7,,0.0,2.0,1.0,A01,138Â 292Â 954,1.0
965696,201900007227,11,23,13:40,1,2,2,3.0,2.0,65375,5 Rue des Bourdalats,M,"43,3852440","0,1517060",65,2019,50.0,1.0,2.0,3.0,2158525,1.0,1,1,2,5.0,,0.0,0,1983.0,B01,138Â 292Â 955,8.0,-1.0,-1.0,1648161,3.0,7,,0.0,0.0,5.0,B01,138Â 292Â 955,1.0
965696,201900007227,11,23,13:40,1,2,2,3.0,2.0,65375,5 Rue des Bourdalats,M,"43,3852440","0,1517060",65,2019,50.0,1.0,2.0,3.0,2158526,9.0,2,4,1,5.0,,0.0,0,2012.0,B01,138Â 292Â 955,8.0,-1.0,-1.0,1648160,1.0,7,,0.0,2.0,1.0,A01,138Â 292Â 954,1.0
965696,201900007227,11,23,13:40,1,2,2,3.0,2.0,65375,5 Rue des Bourdalats,M,"43,3852440","0,1517060",65,2019,50.0,1.0,2.0,3.0,2158526,9.0,2,4,1,5.0,,0.0,0,2012.0,B01,138Â 292Â 955,8.0,-1.0,-1.0,1648161,3.0,7,,0.0,0.0,5.0,B01,138Â 292Â 955,1.0
965697,201900007228,11,24,17:25,2,1,1,1.0,1.0,11217,D607,M,"43,2323940","2,9259540",11,2019,80.0,1.0,1.0,3.0,2158527,1.0,1,2,1,5.0,,0.0,0,1936.0,B01,138Â 292Â 952,1.0,-1.0,-1.0,1648162,2.0,7,,0.0,2.0,1.0,B01,138Â 292Â 952,1.0
965697,201900007228,11,24,17:25,2,1,1,1.0,1.0,11217,D607,M,"43,2323940","2,9259540",11,2019,80.0,1.0,1.0,3.0,2158527,1.0,1,2,1,5.0,,0.0,0,1936.0,B01,138Â 292Â 952,1.0,-1.0,-1.0,1648163,1.0,7,,0.0,2.0,3.0,A01,138Â 292Â 953,1.0
965697,201900007228,11,24,17:25,2,1,1,1.0,1.0,11217,D607,M,"43,2323940","2,9259540",11,2019,80.0,1.0,1.0,3.0,2158528,1.0,1,3,2,0.0,,0.0,0,1992.0,A01,138Â 292Â 953,1.0,-1.0,-1.0,1648162,2.0,7,,0.0,2.0,1.0,B01,138Â 292Â 952,1.0
965697,201900007228,11,24,17:25,2,1,1,1.0,1.0,11217,D607,M,"43,2323940","2,9259540",11,2019,80.0,1.0,1.0,3.0,2158528,1.0,1,3,2,0.0,,0.0,0,1992.0,A01,138Â 292Â 953,1.0,-1.0,-1.0,1648163,1.0,7,,0.0,2.0,3.0,A01,138Â 292Â 953,1.0
965698,201900007229,11,24,00:40,3,1,1,8.0,1.0,63385,route dÃ©partementale 579,M,"45,8004620","2,8425160",63,2019,80.0,1.0,2.0,3.0,2158529,1.0,1,1,2,5.0,,0.0,0,1971.0,B01,138Â 292Â 950,1.0,-1.0,-1.0,1648164,2.0,7,,0.0,2.0,3.0,B01,138Â 292Â 950,1.0
965698,201900007229,11,24,00:40,3,1,1,8.0,1.0,63385,route dÃ©partementale 579,M,"45,8004620","2,8425160",63,2019,80.0,1.0,2.0,3.0,2158529,1.0,1,1,2,5.0,,0.0,0,1971.0,B01,138Â 292Â 950,1.0,-1.0,-1.0,1648165,1.0,7,,0.0,2.0,3.0,A01,138Â 292Â 951,1.0
965698,201900007229,11,24,00:40,3,1,1,8.0,1.0,63385,route dÃ©partementale 579,M,"45,8004620","2,8425160",63,2019,80.0,1.0,2.0,3.0,2158530,1.0,1,3,1,5.0,,0.0,0,1991.0,A01,138Â 292Â 951,0.0,-1.0,-1.0,1648164,2.0,7,,0.0,2.0,3.0,B01,138Â 292Â 950,1.0
965698,201900007229,11,24,00:40,3,1,1,8.0,1.0,63385,route dÃ©partementale 579,M,"45,8004620","2,8425160",63,2019,80.0,1.0,2.0,3.0,2158530,1.0,1,3,1,5.0,,0.0,0,1991.0,A01,138Â 292Â 951,0.0,-1.0,-1.0,1648165,1.0,7,,0.0,2.0,3.0,A01,138Â 292Â 951,1.0
965699,201900007230,11,24,16:30,1,1,1,8.0,7.0,49069,D153,M,"47,2917650"," -1,2553630",49,2019,80.0,3.0,1.0,3.0,2158531,1.0,1,3,1,5.0,,0.0,0,1991.0,A01,138Â 292Â 949,2.0,6.0,-1.0,1648166,1.0,33,,13.0,0.0,1.0,A01,138Â 292Â 949,1.0
965700,201900007231,11,22,11:58,1,2,3,1.0,1.0,25240,24 Rue du Tantillon,M,"47,0841060","6,6299710",25,2019,50.0,1.0,1.0,4.0,2158532,1.0,1,1,1,1.0,,0.0,0,1998.0,B01,138Â 292Â 947,1.0,-1.0,-1.0,1648167,1.0,7,,0.0,2.0,1.0,B01,138Â 292Â 947,1.0
965700,201900007231,11,22,11:58,1,2,3,1.0,1.0,25240,24 Rue du Tantillon,M,"47,0841060","6,6299710",25,2019,50.0,1.0,1.0,4.0,2158532,1.0,1,1,1,1.0,,0.0,0,1998.0,B01,138Â 292Â 947,1.0,-1.0,-1.0,1648168,2.0,7,,0.0,2.0,1.0,A01,138Â 292Â 948,1.0
965700,201900007231,11,22,11:58,1,2,3,1.0,1.0,25240,24 Rue du Tantillon,M,"47,0841060","6,6299710",25,2019,50.0,1.0,1.0,4.0,2158533,1.0,1,3,1,4.0,,0.0,0,1985.0,A01,138Â 292Â 948,1.0,-1.0,-1.0,1648167,1.0,7,,0.0,2.0,1.0,B01,138Â 292Â 947,1.0
965700,201900007231,11,22,11:58,1,2,3,1.0,1.0,25240,24 Rue du Tantillon,M,"47,0841060","6,6299710",25,2019,50.0,1.0,1.0,4.0,2158533,1.0,1,3,1,4.0,,0.0,0,1985.0,A01,138Â 292Â 948,1.0,-1.0,-1.0,1648168,2.0,7,,0.0,2.0,1.0,A01,138Â 292Â 948,1.0
965701,201900007232,11,23,19:00,5,1,6,3.0,3.0,31442,carrefour RD 622 rd 12,M,"43,3426000","1,4307170",31,2019,80.0,1.0,2.0,3.0,2158534,1.0,1,1,2,9.0,,0.0,0,2001.0,A01,138Â 292Â 945,1.0,-1.0,-1.0,1648169,1.0,7,,0.0,2.0,1.0,A01,138Â 292Â 945,1.0
965701,201900007232,11,23,19:00,5,1,6,3.0,3.0,31442,carrefour RD 622 rd 12,M,"43,3426000","1,4307170",31,2019,80.0,1.0,2.0,3.0,2158534,1.0,1,1,2,9.0,,0.0,0,2001.0,A01,138Â 292Â 945,1.0,-1.0,-1.0,1648170,1.0,7,,0.0,2.0,2.0,B01,138Â 292Â 946,1.0
965701,201900007232,11,23,19:00,5,1,6,3.0,3.0,31442,carrefour RD 622 rd 12,M,"43,3426000","1,4307170",31,2019,80.0,1.0,2.0,3.0,2158535,2.0,2,4,2,5.0,,0.0,0,1979.0,B01,138Â 292Â 946,1.0,-1.0,-1.0,1648169,1.0,7,,0.0,2.0,1.0,A01,138Â 292Â 945,1.0
965701,201900007232,11,23,19:00,5,1,6,3.0,3.0,31442,carrefour RD 622 rd 12,M,"43,3426000","1,4307170",31,2019,80.0,1.0,2.0,3.0,2158535,2.0,2,4,2,5.0,,0.0,0,1979.0,B01,138Â 292Â 946,1.0,-1.0,-1.0,1648170,1.0,7,,0.0,2.0,2.0,B01,138Â 292Â 946,1.0
965701,201900007232,11,23,19:00,5,1,6,3.0,3.0,31442,carrefour RD 622 rd 12,M,"43,3426000","1,4307170",31,2019,80.0,1.0,2.0,3.0,2158536,1.0,1,1,1,5.0,,0.0,0,1990.0,B01,138Â 292Â 946,1.0,-1.0,-1.0,1648169,1.0,7,,0.0,2.0,1.0,A01,138Â 292Â 945,1.0
965701,201900007232,11,23,19:00,5,1,6,3.0,3.0,31442,carrefour RD 622 rd 12,M,"43,3426000","1,4307170",31,2019,80.0,1.0,2.0,3.0,2158536,1.0,1,1,1,5.0,,0.0,0,1990.0,B01,138Â 292Â 946,1.0,-1.0,-1.0,1648170,1.0,7,,0.0,2.0,2.0,B01,138Â 292Â 946,1.0
965702,201900007233,11,23,09:07,1,1,1,1.0,7.0,38002,D280,M,"45,2663700","5,9795600",38,2019,50.0,1.0,1.0,3.0,2158537,1.0,1,2,1,5.0,,0.0,0,1950.0,A01,138Â 292Â 944,0.0,-1.0,-1.0,1648171,2.0,80,,0.0,0.0,0.0,A01,138Â 292Â 944,3.0
965703,201900007234,11,25,05:15,3,1,1,1.0,7.0,02018,La Plaine Louiset,M,"49,4961440","3,4378760",2,2019,80.0,1.0,1.0,3.0,2158538,1.0,1,1,1,1.0,,0.0,0,1947.0,A01,138Â 292Â 943,8.0,-1.0,-1.0,1648172,1.0,7,,0.0,1.0,3.0,A01,138Â 292Â 943,1.0
965703,201900007234,11,25,05:15,3,1,1,1.0,7.0,02018,La Plaine Louiset,M,"49,4961440","3,4378760",2,2019,80.0,1.0,1.0,3.0,2158539,10.0,3,2,1,0.0,,1.0,B,1927.0,A01,138Â 292Â 943,0.0,-1.0,-1.0,1648172,1.0,7,,0.0,1.0,3.0,A01,138Â 292Â 943,1.0
965703,201900007234,11,25,05:15,3,1,1,1.0,7.0,02018,La Plaine Louiset,M,"49,4961440","3,4378760",2,2019,80.0,1.0,1.0,3.0,2158540,2.0,2,1,2,1.0,,0.0,0,1943.0,A01,138Â 292Â 943,8.0,-1.0,-1.0,1648172,1.0,7,,0.0,1.0,3.0,A01,138Â 292Â 943,1.0
965704,201900007235,11,25,16:36,1,1,1,1.0,1.0,01243,Route Departementale 933,M,"46,0430340","4,7602030",1,2019,80.0,1.0,1.0,3.0,2158541,1.0,1,4,2,0.0,,0.0,0,1962.0,A01,138Â 292Â 941,2.0,6.0,-1.0,1648173,1.0,2,,0.0,2.0,1.0,A01,138Â 292Â 941,0.0
965704,201900007235,11,25,16:36,1,1,1,1.0,1.0,01243,Route Departementale 933,M,"46,0430340","4,7602030",1,2019,80.0,1.0,1.0,3.0,2158541,1.0,1,4,2,0.0,,0.0,0,1962.0,A01,138Â 292Â 941,2.0,6.0,-1.0,1648174,2.0,7,,0.0,2.0,3.0,B01,138Â 292Â 942,0.0
965704,201900007235,11,25,16:36,1,1,1,1.0,1.0,01243,Route Departementale 933,M,"46,0430340","4,7602030",1,2019,80.0,1.0,1.0,3.0,2158542,1.0,1,1,2,0.0,,0.0,0,1971.0,B01,138Â 292Â 942,1.0,-1.0,-1.0,1648173,1.0,2,,0.0,2.0,1.0,A01,138Â 292Â 941,0.0
965704,201900007235,11,25,16:36,1,1,1,1.0,1.0,01243,Route Departementale 933,M,"46,0430340","4,7602030",1,2019,80.0,1.0,1.0,3.0,2158542,1.0,1,1,2,0.0,,0.0,0,1971.0,B01,138Â 292Â 942,1.0,-1.0,-1.0,1648174,2.0,7,,0.0,2.0,3.0,B01,138Â 292Â 942,0.0
965705,201900007236,11,24,17:55,3,1,1,2.0,3.0,01170,132 Rue de BÃ©ard,M,"46,1826770","5,5481630",1,2019,80.0,1.0,2.0,3.0,2158543,1.0,1,3,1,5.0,,0.0,0,1962.0,A01,138Â 292Â 939,1.0,-1.0,-1.0,1648175,3.0,7,,0.0,2.0,8.0,A01,138Â 292Â 939,0.0
965705,201900007236,11,24,17:55,3,1,1,2.0,3.0,01170,132 Rue de BÃ©ard,M,"46,1826770","5,5481630",1,2019,80.0,1.0,2.0,3.0,2158543,1.0,1,3,1,5.0,,0.0,0,1962.0,A01,138Â 292Â 939,1.0,-1.0,-1.0,1648176,2.0,7,,0.0,2.0,1.0,B01,138Â 292Â 940,0.0
965705,201900007236,11,24,17:55,3,1,1,2.0,3.0,01170,132 Rue de BÃ©ard,M,"46,1826770","5,5481630",1,2019,80.0,1.0,2.0,3.0,2158544,1.0,1,4,2,5.0,,0.0,0,1991.0,B01,138Â 292Â 940,1.0,-1.0,-1.0,1648175,3.0,7,,0.0,2.0,8.0,A01,138Â 292Â 939,0.0
965705,201900007236,11,24,17:55,3,1,1,2.0,3.0,01170,132 Rue de BÃ©ard,M,"46,1826770","5,5481630",1,2019,80.0,1.0,2.0,3.0,2158544,1.0,1,4,2,5.0,,0.0,0,1991.0,B01,138Â 292Â 940,1.0,-1.0,-1.0,1648176,2.0,7,,0.0,2.0,1.0,B01,138Â 292Â 940,0.0
965706,201900007237,11,25,14:10,1,1,2,2.0,3.0,45045,D144 - D30,M,"48,0881408","2,2709969",45,2019,80.0,1.0,2.0,3.0,2158545,1.0,1,4,1,5.0,,0.0,0,1996.0,A01,138Â 292Â 937,8.0,-1.0,-1.0,1648177,1.0,7,,0.0,2.0,1.0,A01,138Â 292Â 937,1.0