Unnamed: 0_x,num_acc,mois,jour,hrmn,lum,agg,int,atm,col,com,adr,gps,lat,long,dep,annee,vma,situ,surf,catr,Unnamed: 0_y,place,catu,grav,sexe,trajet,secu,locp,actp,an_nais,num_veh_x,id_vehicule_x,secu1,secu2,secu3,Unnamed: 0,senc,catv,occutc,obs,obsm,choc,num_veh_y,id_vehicule_y,motor
965706,201900007237,11,25,14:10,1,1,2,2.0,3.0,45045,D144 - D30,M,"48,0881408","2,2709969",45,2019,80.0,1.0,2.0,3.0,2158545,1.0,1,4,1,5.0,,0.0,0,1996.0,A01,138Â 292Â 937,8.0,-1.0,-1.0,1648178,2.0,7,,0.0,2.0,7.0,B01,138Â 292Â 938,1.0
965706,201900007237,11,25,14:10,1,1,2,2.0,3.0,45045,D144 - D30,M,"48,0881408","2,2709969",45,2019,80.0,1.0,2.0,3.0,2158546,2.0,2,2,1,5.0,,0.0,0,1972.0,B01,138Â 292Â 938,8.0,-1.0,-1.0,1648177,1.0,7,,0.0,2.0,1.0,A01,138Â 292Â 937,1.0
965706,201900007237,11,25,14:10,1,1,2,2.0,3.0,45045,D144 - D30,M,"48,0881408","2,2709969",45,2019,80.0,1.0,2.0,3.0,2158546,2.0,2,2,1,5.0,,0.0,0,1972.0,B01,138Â 292Â 938,8.0,-1.0,-1.0,1648178,2.0,7,,0.0,2.0,7.0,B01,138Â 292Â 938,1.0
965706,201900007237,11,25,14:10,1,1,2,2.0,3.0,45045,D144 - D30,M,"48,0881408","2,2709969",45,2019,80.0,1.0,2.0,3.0,2158547,1.0,1,4,2,5.0,,0.0,0,2000.0,B01,138Â 292Â 938,8.0,-1.0,-1.0,1648177,1.0,7,,0.0,2.0,1.0,A01,138Â 292Â 937,1.0
965706,201900007237,11,25,14:10,1,1,2,2.0,3.0,45045,D144 - D30,M,"48,0881408","2,2709969",45,2019,80.0,1.0,2.0,3.0,2158547,1.0,1,4,2,5.0,,0.0,0,2000.0,B01,138Â 292Â 938,8.0,-1.0,-1.0,1648178,2.0,7,,0.0,2.0,7.0,B01,138Â 292Â 938,1.0
965707,201900007238,11,22,17:10,3,1,1,1.0,2.0,36129,RD943,M,"46,6697100","1,9184710",36,2019,80.0,1.0,1.0,3.0,2158548,2.0,2,4,2,0.0,,0.0,0,1947.0,A01,138Â 292Â 935,1.0,-1.0,-1.0,1648179,1.0,7,,0.0,2.0,1.0,A01,138Â 292Â 935,1.0
965707,201900007238,11,22,17:10,3,1,1,1.0,2.0,36129,RD943,M,"46,6697100","1,9184710",36,2019,80.0,1.0,1.0,3.0,2158548,2.0,2,4,2,0.0,,0.0,0,1947.0,A01,138Â 292Â 935,1.0,-1.0,-1.0,1648180,1.0,7,,0.0,0.0,4.0,B01,138Â 292Â 936,1.0
965707,201900007238,11,22,17:10,3,1,1,1.0,2.0,36129,RD943,M,"46,6697100","1,9184710",36,2019,80.0,1.0,1.0,3.0,2158549,1.0,1,1,1,0.0,,0.0,0,1955.0,A01,138Â 292Â 935,1.0,-1.0,-1.0,1648179,1.0,7,,0.0,2.0,1.0,A01,138Â 292Â 935,1.0
965707,201900007238,11,22,17:10,3,1,1,1.0,2.0,36129,RD943,M,"46,6697100","1,9184710",36,2019,80.0,1.0,1.0,3.0,2158549,1.0,1,1,1,0.0,,0.0,0,1955.0,A01,138Â 292Â 935,1.0,-1.0,-1.0,1648180,1.0,7,,0.0,0.0,4.0,B01,138Â 292Â 936,1.0
965707,201900007238,11,22,17:10,3,1,1,1.0,2.0,36129,RD943,M,"46,6697100","1,9184710",36,2019,80.0,1.0,1.0,3.0,2158550,1.0,1,4,2,9.0,,0.0,0,1995.0,B01,138Â 292Â 936,1.0,-1.0,-1.0,1648179,1.0,7,,0.0,2.0,1.0,A01,138Â 292Â 935,1.0
965707,201900007238,11,22,17:10,3,1,1,1.0,2.0,36129,RD943,M,"46,6697100","1,9184710",36,2019,80.0,1.0,1.0,3.0,2158550,1.0,1,4,2,9.0,,0.0,0,1995.0,B01,138Â 292Â 936,1.0,-1.0,-1.0,1648180,1.0,7,,0.0,0.0,4.0,B01,138Â 292Â 936,1.0
965708,201900007239,11,25,09:30,1,1,1,2.0,1.0,16137,,M,"45,6049860","0,4851590",16,2019,80.0,1.0,2.0,3.0,2158551,1.0,1,4,1,1.0,,0.0,0,1982.0,B01,138Â 292Â 933,1.0,-1.0,-1.0,1648181,2.0,10,,0.0,2.0,1.0,B01,138Â 292Â 933,1.0
965708,201900007239,11,25,09:30,1,1,1,2.0,1.0,16137,,M,"45,6049860","0,4851590",16,2019,80.0,1.0,2.0,3.0,2158551,1.0,1,4,1,1.0,,0.0,0,1982.0,B01,138Â 292Â 933,1.0,-1.0,-1.0,1648182,1.0,7,,0.0,2.0,1.0,A01,138Â 292Â 934,1.0
965708,201900007239,11,25,09:30,1,1,1,2.0,1.0,16137,,M,"45,6049860","0,4851590",16,2019,80.0,1.0,2.0,3.0,2158552,1.0,1,3,1,5.0,,0.0,0,1999.0,A01,138Â 292Â 934,8.0,-1.0,-1.0,1648181,2.0,10,,0.0,2.0,1.0,B01,138Â 292Â 933,1.0
965708,201900007239,11,25,09:30,1,1,1,2.0,1.0,16137,,M,"45,6049860","0,4851590",16,2019,80.0,1.0,2.0,3.0,2158552,1.0,1,3,1,5.0,,0.0,0,1999.0,A01,138Â 292Â 934,8.0,-1.0,-1.0,1648182,1.0,7,,0.0,2.0,1.0,A01,138Â 292Â 934,1.0
965709,201900007240,11,24,19:50,5,1,1,8.0,1.0,17322,RD 206,M,"46,2715950"," -0,8298880",17,2019,80.0,1.0,1.0,3.0,2158553,1.0,1,4,2,1.0,,0.0,0,1986.0,A01,138Â 292Â 931,1.0,-1.0,-1.0,1648183,1.0,7,,0.0,2.0,1.0,A01,138Â 292Â 931,1.0
965709,201900007240,11,24,19:50,5,1,1,8.0,1.0,17322,RD 206,M,"46,2715950"," -0,8298880",17,2019,80.0,1.0,1.0,3.0,2158553,1.0,1,4,2,1.0,,0.0,0,1986.0,A01,138Â 292Â 931,1.0,-1.0,-1.0,1648184,2.0,7,,0.0,2.0,1.0,B01,138Â 292Â 932,1.0
965709,201900007240,11,24,19:50,5,1,1,8.0,1.0,17322,RD 206,M,"46,2715950"," -0,8298880",17,2019,80.0,1.0,1.0,3.0,2158554,2.0,2,3,2,5.0,,0.0,0,1949.0,B01,138Â 292Â 932,1.0,-1.0,-1.0,1648183,1.0,7,,0.0,2.0,1.0,A01,138Â 292Â 931,1.0
965709,201900007240,11,24,19:50,5,1,1,8.0,1.0,17322,RD 206,M,"46,2715950"," -0,8298880",17,2019,80.0,1.0,1.0,3.0,2158554,2.0,2,3,2,5.0,,0.0,0,1949.0,B01,138Â 292Â 932,1.0,-1.0,-1.0,1648184,2.0,7,,0.0,2.0,1.0,B01,138Â 292Â 932,1.0
965709,201900007240,11,24,19:50,5,1,1,8.0,1.0,17322,RD 206,M,"46,2715950"," -0,8298880",17,2019,80.0,1.0,1.0,3.0,2158555,1.0,1,4,1,5.0,,0.0,0,1949.0,B01,138Â 292Â 932,1.0,-1.0,-1.0,1648183,1.0,7,,0.0,2.0,1.0,A01,138Â 292Â 931,1.0
965709,201900007240,11,24,19:50,5,1,1,8.0,1.0,17322,RD 206,M,"46,2715950"," -0,8298880",17,2019,80.0,1.0,1.0,3.0,2158555,1.0,1,4,1,5.0,,0.0,0,1949.0,B01,138Â 292Â 932,1.0,-1.0,-1.0,1648184,2.0,7,,0.0,2.0,1.0,B01,138Â 292Â 932,1.0
965710,201900007241,11,24,17:00,2,1,1,2.0,1.0,87205,D704,M,"45,7263750","1,2581950",87,2019,80.0,1.0,2.0,3.0,2158556,2.0,2,3,2,5.0,,0.0,0,1971.0,B01,138Â 292Â 929,1.0,-1.0,-1.0,1648185,1.0,7,,0.0,2.0,2.0,B01,138Â 292Â 929,1.0
965710,201900007241,11,24,17:00,2,1,1,2.0,1.0,87205,D704,M,"45,7263750","1,2581950",87,2019,80.0,1.0,2.0,3.0,2158556,2.0,2,3,2,5.0,,0.0,0,1971.0,B01,138Â 292Â 929,1.0,-1.0,-1.0,1648186,2.0,7,,0.0,2.0,2.0,A01,138Â 292Â 930,1.0
965710,201900007241,11,24,17:00,2,1,1,2.0,1.0,87205,D704,M,"45,7263750","1,2581950",87,2019,80.0,1.0,2.0,3.0,2158557,1.0,1,4,2,5.0,,0.0,0,1974.0,B01,138Â 292Â 929,1.0,-1.0,-1.0,1648185,1.0,7,,0.0,2.0,2.0,B01,138Â 292Â 929,1.0
965710,201900007241,11,24,17:00,2,1,1,2.0,1.0,87205,D704,M,"45,7263750","1,2581950",87,2019,80.0,1.0,2.0,3.0,2158557,1.0,1,4,2,5.0,,0.0,0,1974.0,B01,138Â 292Â 929,1.0,-1.0,-1.0,1648186,2.0,7,,0.0,2.0,2.0,A01,138Â 292Â 930,1.0
965710,201900007241,11,24,17:00,2,1,1,2.0,1.0,87205,D704,M,"45,7263750","1,2581950",87,2019,80.0,1.0,2.0,3.0,2158558,1.0,1,4,1,5.0,,0.0,0,1988.0,A01,138Â 292Â 930,1.0,-1.0,-1.0,1648185,1.0,7,,0.0,2.0,2.0,B01,138Â 292Â 929,1.0
965710,201900007241,11,24,17:00,2,1,1,2.0,1.0,87205,D704,M,"45,7263750","1,2581950",87,2019,80.0,1.0,2.0,3.0,2158558,1.0,1,4,1,5.0,,0.0,0,1988.0,A01,138Â 292Â 930,1.0,-1.0,-1.0,1648186,2.0,7,,0.0,2.0,2.0,A01,138Â 292Â 930,1.0
965711,201900007242,11,24,13:20,1,1,1,1.0,7.0,08338,D43,M,"49,4130160","4,4932290",8,2019,80.0,5.0,1.0,3.0,2158559,1.0,1,4,1,5.0,,0.0,0,2001.0,A01,138Â 292Â 928,2.0,6.0,-1.0,1648187,2.0,2,,0.0,0.0,2.0,A01,138Â 292Â 928,1.0
965712,201900007243,11,24,17:10,3,1,1,8.0,6.0,49110,A85,M,"47,5397560"," -0,3369243",49,2019,70.0,3.0,2.0,1.0,2158560,2.0,2,3,2,5.0,,0.0,0,2014.0,A01,138Â 292Â 927,0.0,-1.0,-1.0,1648188,2.0,7,,3.0,0.0,9.0,A01,138Â 292Â 927,6.0
965712,201900007243,11,24,17:10,3,1,1,8.0,6.0,49110,A85,M,"47,5397560"," -0,3369243",49,2019,70.0,3.0,2.0,1.0,2158561,9.0,2,2,1,5.0,,0.0,0,2019.0,A01,138Â 292Â 927,3.0,-1.0,-1.0,1648188,2.0,7,,3.0,0.0,9.0,A01,138Â 292Â 927,6.0
965712,201900007243,11,24,17:10,3,1,1,8.0,6.0,49110,A85,M,"47,5397560"," -0,3369243",49,2019,70.0,3.0,2.0,1.0,2158562,7.0,2,3,2,5.0,,0.0,0,2016.0,A01,138Â 292Â 927,0.0,-1.0,-1.0,1648188,2.0,7,,3.0,0.0,9.0,A01,138Â 292Â 927,6.0
965712,201900007243,11,24,17:10,3,1,1,8.0,6.0,49110,A85,M,"47,5397560"," -0,3369243",49,2019,70.0,3.0,2.0,1.0,2158563,1.0,1,3,2,5.0,,0.0,0,1992.0,A01,138Â 292Â 927,1.0,-1.0,-1.0,1648188,2.0,7,,3.0,0.0,9.0,A01,138Â 292Â 927,6.0
965713,201900007244,10,28,07:25,2,1,9,1.0,6.0,38495,La SÃ´ne,M,"45,1240180","5,2849520",38,2019,130.0,1.0,1.0,1.0,2158564,1.0,1,4,1,4.0,,0.0,0,1975.0,A01,138Â 292Â 926,1.0,-1.0,-1.0,1648189,1.0,15,,3.0,0.0,2.0,A01,138Â 292Â 926,1.0
965714,201900007245,11,23,17:20,5,2,6,2.0,1.0,42279,Avenue Mellet-mandard,M,"45,5033120","4,2600080",42,2019,50.0,1.0,2.0,3.0,2158565,1.0,1,3,1,3.0,,0.0,0,1953.0,A01,138Â 292Â 922,1.0,-1.0,-1.0,1648190,3.0,7,,0.0,2.0,1.0,A01,138Â 292Â 922,1.0
965714,201900007245,11,23,17:20,5,2,6,2.0,1.0,42279,Avenue Mellet-mandard,M,"45,5033120","4,2600080",42,2019,50.0,1.0,2.0,3.0,2158565,1.0,1,3,1,3.0,,0.0,0,1953.0,A01,138Â 292Â 922,1.0,-1.0,-1.0,1648191,3.0,7,,0.0,2.0,1.0,B01,138Â 292Â 923,1.0
965714,201900007245,11,23,17:20,5,2,6,2.0,1.0,42279,Avenue Mellet-mandard,M,"45,5033120","4,2600080",42,2019,50.0,1.0,2.0,3.0,2158566,1.0,1,4,2,1.0,,0.0,0,1952.0,B01,138Â 292Â 923,1.0,-1.0,-1.0,1648190,3.0,7,,0.0,2.0,1.0,A01,138Â 292Â 922,1.0
965714,201900007245,11,23,17:20,5,2,6,2.0,1.0,42279,Avenue Mellet-mandard,M,"45,5033120","4,2600080",42,2019,50.0,1.0,2.0,3.0,2158566,1.0,1,4,2,1.0,,0.0,0,1952.0,B01,138Â 292Â 923,1.0,-1.0,-1.0,1648191,3.0,7,,0.0,2.0,1.0,B01,138Â 292Â 923,1.0
965715,201900007246,11,24,16:45,2,1,1,1.0,3.0,74159,Route des Cologes,M,"45,9881890","6,6318110",74,2019,80.0,1.0,1.0,3.0,2158567,2.0,2,3,2,5.0,,0.0,0,1973.0,B01,138Â 292Â 920,2.0,-1.0,-1.0,1648192,2.0,33,,0.0,2.0,1.0,B01,138Â 292Â 920,0.0
965715,201900007246,11,24,16:45,2,1,1,1.0,3.0,74159,Route des Cologes,M,"45,9881890","6,6318110",74,2019,80.0,1.0,1.0,3.0,2158567,2.0,2,3,2,5.0,,0.0,0,1973.0,B01,138Â 292Â 920,2.0,-1.0,-1.0,1648193,1.0,7,,0.0,2.0,3.0,A01,138Â 292Â 921,0.0
965715,201900007246,11,24,16:45,2,1,1,1.0,3.0,74159,Route des Cologes,M,"45,9881890","6,6318110",74,2019,80.0,1.0,1.0,3.0,2158568,1.0,1,3,1,5.0,,0.0,0,1974.0,B01,138Â 292Â 920,2.0,-1.0,-1.0,1648192,2.0,33,,0.0,2.0,1.0,B01,138Â 292Â 920,0.0
965715,201900007246,11,24,16:45,2,1,1,1.0,3.0,74159,Route des Cologes,M,"45,9881890","6,6318110",74,2019,80.0,1.0,1.0,3.0,2158568,1.0,1,3,1,5.0,,0.0,0,1974.0,B01,138Â 292Â 920,2.0,-1.0,-1.0,1648193,1.0,7,,0.0,2.0,3.0,A01,138Â 292Â 921,0.0
965715,201900007246,11,24,16:45,2,1,1,1.0,3.0,74159,Route des Cologes,M,"45,9881890","6,6318110",74,2019,80.0,1.0,1.0,3.0,2158569,7.0,2,1,2,5.0,,0.0,0,2000.0,A01,138Â 292Â 921,1.0,-1.0,-1.0,1648192,2.0,33,,0.0,2.0,1.0,B01,138Â 292Â 920,0.0
965715,201900007246,11,24,16:45,2,1,1,1.0,3.0,74159,Route des Cologes,M,"45,9881890","6,6318110",74,2019,80.0,1.0,1.0,3.0,2158569,7.0,2,1,2,5.0,,0.0,0,2000.0,A01,138Â 292Â 921,1.0,-1.0,-1.0,1648193,1.0,7,,0.0,2.0,3.0,A01,138Â 292Â 921,0.0
965715,201900007246,11,24,16:45,2,1,1,1.0,3.0,74159,Route des Cologes,M,"45,9881890","6,6318110",74,2019,80.0,1.0,1.0,3.0,2158570,2.0,2,1,1,5.0,,0.0,0,1994.0,A01,138Â 292Â 921,1.0,-1.0,-1.0,1648192,2.0,33,,0.0,2.0,1.0,B01,138Â 292Â 920,0.0
965715,201900007246,11,24,16:45,2,1,1,1.0,3.0,74159,Route des Cologes,M,"45,9881890","6,6318110",74,2019,80.0,1.0,1.0,3.0,2158570,2.0,2,1,1,5.0,,0.0,0,1994.0,A01,138Â 292Â 921,1.0,-1.0,-1.0,1648193,1.0,7,,0.0,2.0,3.0,A01,138Â 292Â 921,0.0
965715,201900007246,11,24,16:45,2,1,1,1.0,3.0,74159,Route des Cologes,M,"45,9881890","6,6318110",74,2019,80.0,1.0,1.0,3.0,2158571,1.0,1,4,2,5.0,,0.0,0,1992.0,A01,138Â 292Â 921,1.0,-1.0,-1.0,1648192,2.0,33,,0.0,2.0,1.0,B01,138Â 292Â 920,0.0
965715,201900007246,11,24,16:45,2,1,1,1.0,3.0,74159,Route des Cologes,M,"45,9881890","6,6318110",74,2019,80.0,1.0,1.0,3.0,2158571,1.0,1,4,2,5.0,,0.0,0,1992.0,A01,138Â 292Â 921,1.0,-1.0,-1.0,1648193,1.0,7,,0.0,2.0,3.0,A01,138Â 292Â 921,0.0
965715,201900007246,11,24,16:45,2,1,1,1.0,3.0,74159,Route des Cologes,M,"45,9881890","6,6318110",74,2019,80.0,1.0,1.0,3.0,2158572,9.0,2,1,1,5.0,,0.0,0,1998.0,A01,138Â 292Â 921,1.0,-1.0,-1.0,1648192,2.0,33,,0.0,2.0,1.0,B01,138Â 292Â 920,0.0
965715,201900007246,11,24,16:45,2,1,1,1.0,3.0,74159,Route des Cologes,M,"45,9881890","6,6318110",74,2019,80.0,1.0,1.0,3.0,2158572,9.0,2,1,1,5.0,,0.0,0,1998.0,A01,138Â 292Â 921,1.0,-1.0,-1.0,1648193,1.0,7,,0.0,2.0,3.0,A01,138Â 292Â 921,0.0
965716,201900007247,10,24,09:10,1,1,1,1.0,2.0,97402,N2,M," -20,9863540","55,6582080",974,2019,110.0,1.0,1.0,2.0,2158573,1.0,1,1,1,4.0,,0.0,0,1965.0,B01,138Â 292Â 916,1.0,-1.0,-1.0,1648194,1.0,17,,0.0,0.0,6.0,B01,138Â 292Â 916,1.0
965716,201900007247,10,24,09:10,1,1,1,1.0,2.0,97402,N2,M," -20,9863540","55,6582080",974,2019,110.0,1.0,1.0,2.0,2158573,1.0,1,1,1,4.0,,0.0,0,1965.0,B01,138Â 292Â 916,1.0,-1.0,-1.0,1648195,1.0,7,,0.0,2.0,2.0,A01,138Â 292Â 917,1.0
965716,201900007247,10,24,09:10,1,1,1,1.0,2.0,97402,N2,M," -20,9863540","55,6582080",974,2019,110.0,1.0,1.0,2.0,2158574,2.0,2,1,1,5.0,,0.0,0,1998.0,B01,138Â 292Â 916,1.0,-1.0,-1.0,1648194,1.0,17,,0.0,0.0,6.0,B01,138Â 292Â 916,1.0
965716,201900007247,10,24,09:10,1,1,1,1.0,2.0,97402,N2,M," -20,9863540","55,6582080",974,2019,110.0,1.0,1.0,2.0,2158574,2.0,2,1,1,5.0,,0.0,0,1998.0,B01,138Â 292Â 916,1.0,-1.0,-1.0,1648195,1.0,7,,0.0,2.0,2.0,A01,138Â 292Â 917,1.0
965716,201900007247,10,24,09:10,1,1,1,1.0,2.0,97402,N2,M," -20,9863540","55,6582080",974,2019,110.0,1.0,1.0,2.0,2158575,9.0,2,4,2,5.0,,0.0,0,1993.0,A01,138Â 292Â 917,1.0,-1.0,-1.0,1648194,1.0,17,,0.0,0.0,6.0,B01,138Â 292Â 916,1.0
965716,201900007247,10,24,09:10,1,1,1,1.0,2.0,97402,N2,M," -20,9863540","55,6582080",974,2019,110.0,1.0,1.0,2.0,2158575,9.0,2,4,2,5.0,,0.0,0,1993.0,A01,138Â 292Â 917,1.0,-1.0,-1.0,1648195,1.0,7,,0.0,2.0,2.0,A01,138Â 292Â 917,1.0
965716,201900007247,10,24,09:10,1,1,1,1.0,2.0,97402,N2,M," -20,9863540","55,6582080",974,2019,110.0,1.0,1.0,2.0,2158576,2.0,2,3,1,5.0,,0.0,0,1992.0,A01,138Â 292Â 917,1.0,-1.0,-1.0,1648194,1.0,17,,0.0,0.0,6.0,B01,138Â 292Â 916,1.0
965716,201900007247,10,24,09:10,1,1,1,1.0,2.0,97402,N2,M," -20,9863540","55,6582080",974,2019,110.0,1.0,1.0,2.0,2158576,2.0,2,3,1,5.0,,0.0,0,1992.0,A01,138Â 292Â 917,1.0,-1.0,-1.0,1648195,1.0,7,,0.0,2.0,2.0,A01,138Â 292Â 917,1.0
965716,201900007247,10,24,09:10,1,1,1,1.0,2.0,97402,N2,M," -20,9863540","55,6582080",974,2019,110.0,1.0,1.0,2.0,2158577,1.0,1,1,1,5.0,,0.0,0,1963.0,A01,138Â 292Â 917,1.0,-1.0,-1.0,1648194,1.0,17,,0.0,0.0,6.0,B01,138Â 292Â 916,1.0
965716,201900007247,10,24,09:10,1,1,1,1.0,2.0,97402,N2,M," -20,9863540","55,6582080",974,2019,110.0,1.0,1.0,2.0,2158577,1.0,1,1,1,5.0,,0.0,0,1963.0,A01,138Â 292Â 917,1.0,-1.0,-1.0,1648195,1.0,7,,0.0,2.0,2.0,A01,138Â 292Â 917,1.0
965717,201900007248,11,23,02:30,3,1,1,1.0,6.0,97118,Route de Tourment Cesarion,M,"16,2058950"," -61,6043150",971,2019,110.0,3.0,1.0,2.0,2158578,1.0,1,1,1,4.0,,0.0,0,1960.0,B01,138Â 292Â 914,0.0,-1.0,-1.0,1648196,2.0,10,,0.0,0.0,4.0,B01,138Â 292Â 914,1.0
965717,201900007248,11,23,02:30,3,1,1,1.0,6.0,97118,Route de Tourment Cesarion,M,"16,2058950"," -61,6043150",971,2019,110.0,3.0,1.0,2.0,2158578,1.0,1,1,1,4.0,,0.0,0,1960.0,B01,138Â 292Â 914,0.0,-1.0,-1.0,1648197,2.0,33,,13.0,2.0,1.0,A01,138Â 292Â 915,1.0
965717,201900007248,11,23,02:30,3,1,1,1.0,6.0,97118,Route de Tourment Cesarion,M,"16,2058950"," -61,6043150",971,2019,110.0,3.0,1.0,2.0,2158579,1.0,1,3,1,5.0,,0.0,0,1978.0,A01,138Â 292Â 915,8.0,-1.0,-1.0,1648196,2.0,10,,0.0,0.0,4.0,B01,138Â 292Â 914,1.0
965717,201900007248,11,23,02:30,3,1,1,1.0,6.0,97118,Route de Tourment Cesarion,M,"16,2058950"," -61,6043150",971,2019,110.0,3.0,1.0,2.0,2158579,1.0,1,3,1,5.0,,0.0,0,1978.0,A01,138Â 292Â 915,8.0,-1.0,-1.0,1648197,2.0,33,,13.0,2.0,1.0,A01,138Â 292Â 915,1.0
965718,201900007249,11,24,19:40,3,2,1,1.0,6.0,97801,Rue Lady Fish - Sandy Ground,M,"18,0621110"," -63,0936960",978,2019,50.0,1.0,1.0,9.0,2158580,10.0,3,4,2,5.0,,2.0,3,1994.0,A01,138Â 292Â 913,0.0,-1.0,-1.0,1648198,3.0,0,,0.0,1.0,0.0,A01,138Â 292Â 913,0.0
965718,201900007249,11,24,19:40,3,2,1,1.0,6.0,97801,Rue Lady Fish - Sandy Ground,M,"18,0621110"," -63,0936960",978,2019,50.0,1.0,1.0,9.0,2158581,1.0,1,1,1,5.0,,0.0,0,1988.0,A01,138Â 292Â 913,8.0,-1.0,-1.0,1648198,3.0,0,,0.0,1.0,0.0,A01,138Â 292Â 913,0.0
965719,201900007250,11,25,05:35,5,2,1,1.0,2.0,77088,D152-50 Avenue de Fontainebleau,M,"48,3209741","2,5768902",77,2019,50.0,1.0,2.0,3.0,2158582,1.0,1,3,1,1.0,,0.0,0,2000.0,A01,138Â 292Â 911,4.0,9.0,-1.0,1648199,1.0,1,,0.0,0.0,4.0,A01,138Â 292Â 911,5.0
965719,201900007250,11,25,05:35,5,2,1,1.0,2.0,77088,D152-50 Avenue de Fontainebleau,M,"48,3209741","2,5768902",77,2019,50.0,1.0,2.0,3.0,2158582,1.0,1,3,1,1.0,,0.0,0,2000.0,A01,138Â 292Â 911,4.0,9.0,-1.0,1648200,1.0,7,,0.0,2.0,1.0,B01,138Â 292Â 912,1.0
965719,201900007250,11,25,05:35,5,2,1,1.0,2.0,77088,D152-50 Avenue de Fontainebleau,M,"48,3209741","2,5768902",77,2019,50.0,1.0,2.0,3.0,2158583,1.0,1,1,1,1.0,,0.0,0,1990.0,B01,138Â 292Â 912,8.0,-1.0,-1.0,1648199,1.0,1,,0.0,0.0,4.0,A01,138Â 292Â 911,5.0
965719,201900007250,11,25,05:35,5,2,1,1.0,2.0,77088,D152-50 Avenue de Fontainebleau,M,"48,3209741","2,5768902",77,2019,50.0,1.0,2.0,3.0,2158583,1.0,1,1,1,1.0,,0.0,0,1990.0,B01,138Â 292Â 912,8.0,-1.0,-1.0,1648200,1.0,7,,0.0,2.0,1.0,B01,138Â 292Â 912,1.0
965720,201900007251,11,25,11:45,1,1,1,1.0,1.0,95170,D28 PK/PR 1+450,M,"49,0394020","1,9427820",95,2019,70.0,1.0,1.0,3.0,2158584,1.0,1,1,1,4.0,,0.0,0,1986.0,B01,138Â 292Â 909,1.0,-1.0,-1.0,1648201,1.0,14,,0.0,2.0,3.0,B01,138Â 292Â 909,1.0
965720,201900007251,11,25,11:45,1,1,1,1.0,1.0,95170,D28 PK/PR 1+450,M,"49,0394020","1,9427820",95,2019,70.0,1.0,1.0,3.0,2158584,1.0,1,1,1,4.0,,0.0,0,1986.0,B01,138Â 292Â 909,1.0,-1.0,-1.0,1648202,2.0,7,,0.0,0.0,1.0,A01,138Â 292Â 910,1.0
965720,201900007251,11,25,11:45,1,1,1,1.0,1.0,95170,D28 PK/PR 1+450,M,"49,0394020","1,9427820",95,2019,70.0,1.0,1.0,3.0,2158585,1.0,1,2,1,1.0,,0.0,0,1970.0,A01,138Â 292Â 910,8.0,-1.0,-1.0,1648201,1.0,14,,0.0,2.0,3.0,B01,138Â 292Â 909,1.0
965720,201900007251,11,25,11:45,1,1,1,1.0,1.0,95170,D28 PK/PR 1+450,M,"49,0394020","1,9427820",95,2019,70.0,1.0,1.0,3.0,2158585,1.0,1,2,1,1.0,,0.0,0,1970.0,A01,138Â 292Â 910,8.0,-1.0,-1.0,1648202,2.0,7,,0.0,0.0,1.0,A01,138Â 292Â 910,1.0
965721,201900007252,11,24,21:30,3,1,1,1.0,3.0,95535,D28,M,"49,0658750","1,9612580",95,2019,80.0,1.0,2.0,3.0,2158586,2.0,2,4,1,5.0,,0.0,0,2002.0,B01,138Â 292Â 907,1.0,-1.0,-1.0,1648203,1.0,7,,0.0,2.0,1.0,B01,138Â 292Â 907,1.0
965721,201900007252,11,24,21:30,3,1,1,1.0,3.0,95535,D28,M,"49,0658750","1,9612580",95,2019,80.0,1.0,2.0,3.0,2158586,2.0,2,4,1,5.0,,0.0,0,2002.0,B01,138Â 292Â 907,1.0,-1.0,-1.0,1648204,2.0,7,,6.0,2.0,7.0,A01,138Â 292Â 908,1.0
965721,201900007252,11,24,21:30,3,1,1,1.0,3.0,95535,D28,M,"49,0658750","1,9612580",95,2019,80.0,1.0,2.0,3.0,2158587,1.0,1,4,2,0.0,,0.0,0,1970.0,B01,138Â 292Â 907,1.0,-1.0,-1.0,1648203,1.0,7,,0.0,2.0,1.0,B01,138Â 292Â 907,1.0
965721,201900007252,11,24,21:30,3,1,1,1.0,3.0,95535,D28,M,"49,0658750","1,9612580",95,2019,80.0,1.0,2.0,3.0,2158587,1.0,1,4,2,0.0,,0.0,0,1970.0,B01,138Â 292Â 907,1.0,-1.0,-1.0,1648204,2.0,7,,6.0,2.0,7.0,A01,138Â 292Â 908,1.0
965721,201900007252,11,24,21:30,3,1,1,1.0,3.0,95535,D28,M,"49,0658750","1,9612580",95,2019,80.0,1.0,2.0,3.0,2158588,1.0,1,2,1,5.0,,0.0,0,1971.0,A01,138Â 292Â 908,8.0,-1.0,-1.0,1648203,1.0,7,,0.0,2.0,1.0,B01,138Â 292Â 907,1.0
965721,201900007252,11,24,21:30,3,1,1,1.0,3.0,95535,D28,M,"49,0658750","1,9612580",95,2019,80.0,1.0,2.0,3.0,2158588,1.0,1,2,1,5.0,,0.0,0,1971.0,A01,138Â 292Â 908,8.0,-1.0,-1.0,1648204,2.0,7,,6.0,2.0,7.0,A01,138Â 292Â 908,1.0