Unnamed: 0_x,num_acc,mois,jour,hrmn,lum,agg,int,atm,col,com,adr,gps,lat,long,dep,annee,vma,situ,surf,catr,Unnamed: 0_y,place,catu,grav,sexe,trajet,secu,locp,actp,an_nais,num_veh_x,id_vehicule_x,secu1,secu2,secu3,Unnamed: 0,senc,catv,occutc,obs,obsm,choc,num_veh_y,id_vehicule_y,motor
965722,201900007253,11,4,18:00,5,2,1,2.0,6.0,91207,29 Grande Rue,M,"48,5806990","2,2254610",91,2019,50.0,1.0,2.0,4.0,2158589,10.0,3,3,2,5.0,,2.0,3,1929.0,A01,138Â 292Â 905,0.0,-1.0,-1.0,1648205,2.0,7,,0.0,1.0,1.0,A01,138Â 292Â 905,0.0
965722,201900007253,11,4,18:00,5,2,1,2.0,6.0,91207,29 Grande Rue,M,"48,5806990","2,2254610",91,2019,50.0,1.0,2.0,4.0,2158589,10.0,3,3,2,5.0,,2.0,3,1929.0,A01,138Â 292Â 905,0.0,-1.0,-1.0,1648206,2.0,7,,0.0,2.0,3.0,B01,138Â 292Â 906,0.0
965722,201900007253,11,4,18:00,5,2,1,2.0,6.0,91207,29 Grande Rue,M,"48,5806990","2,2254610",91,2019,50.0,1.0,2.0,4.0,2158590,1.0,1,1,1,1.0,,0.0,0,1983.0,A01,138Â 292Â 905,8.0,-1.0,-1.0,1648205,2.0,7,,0.0,1.0,1.0,A01,138Â 292Â 905,0.0
965722,201900007253,11,4,18:00,5,2,1,2.0,6.0,91207,29 Grande Rue,M,"48,5806990","2,2254610",91,2019,50.0,1.0,2.0,4.0,2158590,1.0,1,1,1,1.0,,0.0,0,1983.0,A01,138Â 292Â 905,8.0,-1.0,-1.0,1648206,2.0,7,,0.0,2.0,3.0,B01,138Â 292Â 906,0.0
965722,201900007253,11,4,18:00,5,2,1,2.0,6.0,91207,29 Grande Rue,M,"48,5806990","2,2254610",91,2019,50.0,1.0,2.0,4.0,2158591,1.0,1,4,2,1.0,,0.0,0,1976.0,B01,138Â 292Â 906,1.0,-1.0,-1.0,1648205,2.0,7,,0.0,1.0,1.0,A01,138Â 292Â 905,0.0
965722,201900007253,11,4,18:00,5,2,1,2.0,6.0,91207,29 Grande Rue,M,"48,5806990","2,2254610",91,2019,50.0,1.0,2.0,4.0,2158591,1.0,1,4,2,1.0,,0.0,0,1976.0,B01,138Â 292Â 906,1.0,-1.0,-1.0,1648206,2.0,7,,0.0,2.0,3.0,B01,138Â 292Â 906,0.0
965723,201900007254,11,25,09:30,1,1,3,2.0,3.0,78068,D52,M,"49,0356530","1,4811680",78,2019,80.0,1.0,2.0,3.0,2158592,1.0,1,4,1,0.0,,0.0,0,1953.0,B01,138Â 292Â 903,1.0,-1.0,-1.0,1648207,1.0,7,,0.0,2.0,8.0,B01,138Â 292Â 903,2.0
965723,201900007254,11,25,09:30,1,1,3,2.0,3.0,78068,D52,M,"49,0356530","1,4811680",78,2019,80.0,1.0,2.0,3.0,2158592,1.0,1,4,1,0.0,,0.0,0,1953.0,B01,138Â 292Â 903,1.0,-1.0,-1.0,1648208,1.0,7,,0.0,2.0,3.0,A01,138Â 292Â 904,1.0
965723,201900007254,11,25,09:30,1,1,3,2.0,3.0,78068,D52,M,"49,0356530","1,4811680",78,2019,80.0,1.0,2.0,3.0,2158593,1.0,1,1,2,0.0,,0.0,0,1971.0,A01,138Â 292Â 904,1.0,-1.0,-1.0,1648207,1.0,7,,0.0,2.0,8.0,B01,138Â 292Â 903,2.0
965723,201900007254,11,25,09:30,1,1,3,2.0,3.0,78068,D52,M,"49,0356530","1,4811680",78,2019,80.0,1.0,2.0,3.0,2158593,1.0,1,1,2,0.0,,0.0,0,1971.0,A01,138Â 292Â 904,1.0,-1.0,-1.0,1648208,1.0,7,,0.0,2.0,3.0,A01,138Â 292Â 904,1.0
965724,201900007255,11,24,19:35,3,1,1,1.0,5.0,34294,D34,M,"43,7126450","4,1142190",34,2019,80.0,1.0,1.0,3.0,2158594,1.0,1,2,1,5.0,,0.0,0,1971.0,A01,138Â 292Â 900,8.0,-1.0,-1.0,1648209,1.0,7,,0.0,2.0,1.0,A01,138Â 292Â 900,0.0
965724,201900007255,11,24,19:35,3,1,1,1.0,5.0,34294,D34,M,"43,7126450","4,1142190",34,2019,80.0,1.0,1.0,3.0,2158594,1.0,1,2,1,5.0,,0.0,0,1971.0,A01,138Â 292Â 900,8.0,-1.0,-1.0,1648210,2.0,7,,0.0,2.0,1.0,B01,138Â 292Â 901,0.0
965724,201900007255,11,24,19:35,3,1,1,1.0,5.0,34294,D34,M,"43,7126450","4,1142190",34,2019,80.0,1.0,1.0,3.0,2158594,1.0,1,2,1,5.0,,0.0,0,1971.0,A01,138Â 292Â 900,8.0,-1.0,-1.0,1648211,2.0,7,,0.0,2.0,2.0,C01,138Â 292Â 902,0.0
965724,201900007255,11,24,19:35,3,1,1,1.0,5.0,34294,D34,M,"43,7126450","4,1142190",34,2019,80.0,1.0,1.0,3.0,2158595,1.0,1,4,2,1.0,,0.0,0,1984.0,B01,138Â 292Â 901,1.0,-1.0,-1.0,1648209,1.0,7,,0.0,2.0,1.0,A01,138Â 292Â 900,0.0
965724,201900007255,11,24,19:35,3,1,1,1.0,5.0,34294,D34,M,"43,7126450","4,1142190",34,2019,80.0,1.0,1.0,3.0,2158595,1.0,1,4,2,1.0,,0.0,0,1984.0,B01,138Â 292Â 901,1.0,-1.0,-1.0,1648210,2.0,7,,0.0,2.0,1.0,B01,138Â 292Â 901,0.0
965724,201900007255,11,24,19:35,3,1,1,1.0,5.0,34294,D34,M,"43,7126450","4,1142190",34,2019,80.0,1.0,1.0,3.0,2158595,1.0,1,4,2,1.0,,0.0,0,1984.0,B01,138Â 292Â 901,1.0,-1.0,-1.0,1648211,2.0,7,,0.0,2.0,2.0,C01,138Â 292Â 902,0.0
965724,201900007255,11,24,19:35,3,1,1,1.0,5.0,34294,D34,M,"43,7126450","4,1142190",34,2019,80.0,1.0,1.0,3.0,2158596,1.0,1,1,1,5.0,,0.0,0,1951.0,C01,138Â 292Â 902,1.0,-1.0,-1.0,1648209,1.0,7,,0.0,2.0,1.0,A01,138Â 292Â 900,0.0
965724,201900007255,11,24,19:35,3,1,1,1.0,5.0,34294,D34,M,"43,7126450","4,1142190",34,2019,80.0,1.0,1.0,3.0,2158596,1.0,1,1,1,5.0,,0.0,0,1951.0,C01,138Â 292Â 902,1.0,-1.0,-1.0,1648210,2.0,7,,0.0,2.0,1.0,B01,138Â 292Â 901,0.0
965724,201900007255,11,24,19:35,3,1,1,1.0,5.0,34294,D34,M,"43,7126450","4,1142190",34,2019,80.0,1.0,1.0,3.0,2158596,1.0,1,1,1,5.0,,0.0,0,1951.0,C01,138Â 292Â 902,1.0,-1.0,-1.0,1648211,2.0,7,,0.0,2.0,2.0,C01,138Â 292Â 902,0.0
965724,201900007255,11,24,19:35,3,1,1,1.0,5.0,34294,D34,M,"43,7126450","4,1142190",34,2019,80.0,1.0,1.0,3.0,2158597,2.0,2,4,2,5.0,,0.0,0,1957.0,C01,138Â 292Â 902,1.0,-1.0,-1.0,1648209,1.0,7,,0.0,2.0,1.0,A01,138Â 292Â 900,0.0
965724,201900007255,11,24,19:35,3,1,1,1.0,5.0,34294,D34,M,"43,7126450","4,1142190",34,2019,80.0,1.0,1.0,3.0,2158597,2.0,2,4,2,5.0,,0.0,0,1957.0,C01,138Â 292Â 902,1.0,-1.0,-1.0,1648210,2.0,7,,0.0,2.0,1.0,B01,138Â 292Â 901,0.0
965724,201900007255,11,24,19:35,3,1,1,1.0,5.0,34294,D34,M,"43,7126450","4,1142190",34,2019,80.0,1.0,1.0,3.0,2158597,2.0,2,4,2,5.0,,0.0,0,1957.0,C01,138Â 292Â 902,1.0,-1.0,-1.0,1648211,2.0,7,,0.0,2.0,2.0,C01,138Â 292Â 902,0.0
965725,201900007256,11,25,14:50,1,1,1,1.0,5.0,89480,A5,M,"48,3610376","3,1589802",89,2019,130.0,1.0,1.0,1.0,2158598,1.0,1,1,1,4.0,,0.0,0,1979.0,B01,138Â 292Â 897,1.0,-1.0,-1.0,1648212,1.0,7,,0.0,2.0,6.0,B01,138Â 292Â 897,1.0
965725,201900007256,11,25,14:50,1,1,1,1.0,5.0,89480,A5,M,"48,3610376","3,1589802",89,2019,130.0,1.0,1.0,1.0,2158598,1.0,1,1,1,4.0,,0.0,0,1979.0,B01,138Â 292Â 897,1.0,-1.0,-1.0,1648213,2.0,7,,0.0,2.0,3.0,A01,138Â 292Â 898,1.0
965725,201900007256,11,25,14:50,1,1,1,1.0,5.0,89480,A5,M,"48,3610376","3,1589802",89,2019,130.0,1.0,1.0,1.0,2158598,1.0,1,1,1,4.0,,0.0,0,1979.0,B01,138Â 292Â 897,1.0,-1.0,-1.0,1648214,1.0,17,,0.0,2.0,3.0,C01,138Â 292Â 899,1.0
965725,201900007256,11,25,14:50,1,1,1,1.0,5.0,89480,A5,M,"48,3610376","3,1589802",89,2019,130.0,1.0,1.0,1.0,2158599,1.0,1,3,2,5.0,,0.0,0,1936.0,A01,138Â 292Â 898,1.0,5.0,-1.0,1648212,1.0,7,,0.0,2.0,6.0,B01,138Â 292Â 897,1.0
965725,201900007256,11,25,14:50,1,1,1,1.0,5.0,89480,A5,M,"48,3610376","3,1589802",89,2019,130.0,1.0,1.0,1.0,2158599,1.0,1,3,2,5.0,,0.0,0,1936.0,A01,138Â 292Â 898,1.0,5.0,-1.0,1648213,2.0,7,,0.0,2.0,3.0,A01,138Â 292Â 898,1.0
965725,201900007256,11,25,14:50,1,1,1,1.0,5.0,89480,A5,M,"48,3610376","3,1589802",89,2019,130.0,1.0,1.0,1.0,2158599,1.0,1,3,2,5.0,,0.0,0,1936.0,A01,138Â 292Â 898,1.0,5.0,-1.0,1648214,1.0,17,,0.0,2.0,3.0,C01,138Â 292Â 899,1.0
965725,201900007256,11,25,14:50,1,1,1,1.0,5.0,89480,A5,M,"48,3610376","3,1589802",89,2019,130.0,1.0,1.0,1.0,2158600,1.0,1,1,1,4.0,,0.0,0,1976.0,C01,138Â 292Â 899,1.0,-1.0,-1.0,1648212,1.0,7,,0.0,2.0,6.0,B01,138Â 292Â 897,1.0
965725,201900007256,11,25,14:50,1,1,1,1.0,5.0,89480,A5,M,"48,3610376","3,1589802",89,2019,130.0,1.0,1.0,1.0,2158600,1.0,1,1,1,4.0,,0.0,0,1976.0,C01,138Â 292Â 899,1.0,-1.0,-1.0,1648213,2.0,7,,0.0,2.0,3.0,A01,138Â 292Â 898,1.0
965725,201900007256,11,25,14:50,1,1,1,1.0,5.0,89480,A5,M,"48,3610376","3,1589802",89,2019,130.0,1.0,1.0,1.0,2158600,1.0,1,1,1,4.0,,0.0,0,1976.0,C01,138Â 292Â 899,1.0,-1.0,-1.0,1648214,1.0,17,,0.0,2.0,3.0,C01,138Â 292Â 899,1.0
965726,201900007257,11,25,17:30,5,2,1,1.0,3.0,88483,3 Rue des Forges,M,"48,1895900","6,3706970",88,2019,50.0,1.0,1.0,3.0,2158601,1.0,1,1,1,5.0,,0.0,0,1993.0,A01,138Â 292Â 895,1.0,-1.0,-1.0,1648215,3.0,7,,0.0,2.0,3.0,A01,138Â 292Â 895,1.0
965726,201900007257,11,25,17:30,5,2,1,1.0,3.0,88483,3 Rue des Forges,M,"48,1895900","6,3706970",88,2019,50.0,1.0,1.0,3.0,2158601,1.0,1,1,1,5.0,,0.0,0,1993.0,A01,138Â 292Â 895,1.0,-1.0,-1.0,1648216,2.0,32,,0.0,2.0,1.0,B01,138Â 292Â 896,1.0
965726,201900007257,11,25,17:30,5,2,1,1.0,3.0,88483,3 Rue des Forges,M,"48,1895900","6,3706970",88,2019,50.0,1.0,1.0,3.0,2158602,1.0,1,2,1,5.0,,0.0,0,1964.0,B01,138Â 292Â 896,2.0,-1.0,-1.0,1648215,3.0,7,,0.0,2.0,3.0,A01,138Â 292Â 895,1.0
965726,201900007257,11,25,17:30,5,2,1,1.0,3.0,88483,3 Rue des Forges,M,"48,1895900","6,3706970",88,2019,50.0,1.0,1.0,3.0,2158602,1.0,1,2,1,5.0,,0.0,0,1964.0,B01,138Â 292Â 896,2.0,-1.0,-1.0,1648216,2.0,32,,0.0,2.0,1.0,B01,138Â 292Â 896,1.0
965727,201900007258,11,25,09:50,1,2,1,1.0,6.0,57515,71 Rue Foch,M,"49,0282720","6,0514620",57,2019,50.0,1.0,1.0,3.0,2158603,1.0,1,1,2,0.0,,0.0,0,1940.0,A01,138Â 292Â 894,1.0,-1.0,-1.0,1648217,0.0,7,,0.0,1.0,1.0,A01,138Â 292Â 894,1.0
965727,201900007258,11,25,09:50,1,2,1,1.0,6.0,57515,71 Rue Foch,M,"49,0282720","6,0514620",57,2019,50.0,1.0,1.0,3.0,2158604,10.0,3,4,1,5.0,,3.0,3,1976.0,A01,138Â 292Â 894,0.0,-1.0,-1.0,1648217,0.0,7,,0.0,1.0,1.0,A01,138Â 292Â 894,1.0
965728,201900007259,11,23,01:20,3,1,1,1.0,6.0,74128,Route des VallÃ©es,M,"46,1517180","6,3320250",74,2019,80.0,3.0,1.0,3.0,2158605,2.0,2,4,1,5.0,,0.0,0,1996.0,A01,138Â 292Â 893,1.0,-1.0,-1.0,1648218,1.0,7,,4.0,0.0,2.0,A01,138Â 292Â 893,1.0
965728,201900007259,11,23,01:20,3,1,1,1.0,6.0,74128,Route des VallÃ©es,M,"46,1517180","6,3320250",74,2019,80.0,3.0,1.0,3.0,2158606,1.0,1,3,1,5.0,,0.0,0,2000.0,A01,138Â 292Â 893,1.0,-1.0,-1.0,1648218,1.0,7,,4.0,0.0,2.0,A01,138Â 292Â 893,1.0
965728,201900007259,11,23,01:20,3,1,1,1.0,6.0,74128,Route des VallÃ©es,M,"46,1517180","6,3320250",74,2019,80.0,3.0,1.0,3.0,2158607,9.0,2,1,1,5.0,,0.0,0,2000.0,A01,138Â 292Â 893,1.0,-1.0,-1.0,1648218,1.0,7,,4.0,0.0,2.0,A01,138Â 292Â 893,1.0
965729,201900007260,9,14,20:12,3,1,1,1.0,7.0,73089,D204  Route du Grand Arc,M,"45,5340474","6,1604312",73,2019,80.0,3.0,1.0,3.0,2158608,1.0,1,3,1,5.0,,0.0,0,1996.0,A01,138Â 292Â 892,2.0,9.0,6.0,1648219,1.0,33,,0.0,0.0,9.0,A01,138Â 292Â 892,1.0
965730,201900007261,11,25,10:00,1,2,1,1.0,6.0,73213,D9A Avenue Louis Armand,M,"45,5665446","5,9700311",73,2019,-1.0,1.0,1.0,3.0,2158609,1.0,1,1,1,4.0,,0.0,0,1964.0,A01,138Â 292Â 891,1.0,-1.0,-1.0,1648220,0.0,10,,0.0,1.0,4.0,A01,138Â 292Â 891,1.0
965730,201900007261,11,25,10:00,1,2,1,1.0,6.0,73213,D9A Avenue Louis Armand,M,"45,5665446","5,9700311",73,2019,-1.0,1.0,1.0,3.0,2158610,10.0,3,2,2,5.0,,1.0,1,1946.0,A01,138Â 292Â 891,0.0,-1.0,-1.0,1648220,0.0,10,,0.0,1.0,4.0,A01,138Â 292Â 891,1.0
965731,201900007262,11,25,16:00,1,2,5,1.0,6.0,42304,226 Rue DuchÃ©,M,"45,5417550","4,1859580",42,2019,50.0,1.0,1.0,3.0,2158611,1.0,1,1,2,0.0,,0.0,0,1966.0,A01,138Â 292Â 890,8.0,-1.0,-1.0,1648221,2.0,7,,0.0,1.0,8.0,A01,138Â 292Â 890,1.0
965731,201900007262,11,25,16:00,1,2,5,1.0,6.0,42304,226 Rue DuchÃ©,M,"45,5417550","4,1859580",42,2019,50.0,1.0,1.0,3.0,2158612,10.0,3,3,2,3.0,,3.0,3,1930.0,A01,138Â 292Â 890,0.0,-1.0,-1.0,1648221,2.0,7,,0.0,1.0,8.0,A01,138Â 292Â 890,1.0
965732,201900007263,11,22,17:27,2,1,1,1.0,3.0,38565,D3,M,"45,2808650","5,6242200",38,2019,70.0,1.0,1.0,3.0,2158613,1.0,1,1,1,0.0,,0.0,0,1989.0,B01,138Â 292Â 888,1.0,9.0,-1.0,1648222,2.0,7,,0.0,2.0,3.0,B01,138Â 292Â 888,1.0
965732,201900007263,11,22,17:27,2,1,1,1.0,3.0,38565,D3,M,"45,2808650","5,6242200",38,2019,70.0,1.0,1.0,3.0,2158613,1.0,1,1,1,0.0,,0.0,0,1989.0,B01,138Â 292Â 888,1.0,9.0,-1.0,1648223,2.0,33,,0.0,2.0,3.0,A01,138Â 292Â 889,1.0
965732,201900007263,11,22,17:27,2,1,1,1.0,3.0,38565,D3,M,"45,2808650","5,6242200",38,2019,70.0,1.0,1.0,3.0,2158614,1.0,1,3,1,0.0,,0.0,0,1988.0,A01,138Â 292Â 889,2.0,6.0,9.0,1648222,2.0,7,,0.0,2.0,3.0,B01,138Â 292Â 888,1.0
965732,201900007263,11,22,17:27,2,1,1,1.0,3.0,38565,D3,M,"45,2808650","5,6242200",38,2019,70.0,1.0,1.0,3.0,2158614,1.0,1,3,1,0.0,,0.0,0,1988.0,A01,138Â 292Â 889,2.0,6.0,9.0,1648223,2.0,33,,0.0,2.0,3.0,A01,138Â 292Â 889,1.0
965733,201900007264,11,22,21:15,5,2,2,1.0,3.0,01376,9 Avenue des Ecoles,M,"45,8306090","4,9763580",1,2019,50.0,1.0,1.0,4.0,2158615,1.0,1,4,2,1.0,,0.0,0,1991.0,B01,138Â 292Â 886,1.0,-1.0,-1.0,1648224,3.0,7,,0.0,2.0,5.0,B01,138Â 292Â 886,1.0
965733,201900007264,11,22,21:15,5,2,2,1.0,3.0,01376,9 Avenue des Ecoles,M,"45,8306090","4,9763580",1,2019,50.0,1.0,1.0,4.0,2158615,1.0,1,4,2,1.0,,0.0,0,1991.0,B01,138Â 292Â 886,1.0,-1.0,-1.0,1648225,3.0,7,,0.0,2.0,1.0,A01,138Â 292Â 887,1.0
965733,201900007264,11,22,21:15,5,2,2,1.0,3.0,01376,9 Avenue des Ecoles,M,"45,8306090","4,9763580",1,2019,50.0,1.0,1.0,4.0,2158616,1.0,1,1,1,5.0,,0.0,0,1987.0,A01,138Â 292Â 887,8.0,-1.0,-1.0,1648224,3.0,7,,0.0,2.0,5.0,B01,138Â 292Â 886,1.0
965733,201900007264,11,22,21:15,5,2,2,1.0,3.0,01376,9 Avenue des Ecoles,M,"45,8306090","4,9763580",1,2019,50.0,1.0,1.0,4.0,2158616,1.0,1,1,1,5.0,,0.0,0,1987.0,A01,138Â 292Â 887,8.0,-1.0,-1.0,1648225,3.0,7,,0.0,2.0,1.0,A01,138Â 292Â 887,1.0
965734,201900007265,11,25,06:35,3,1,1,1.0,1.0,69283,Route de Valencin,M,"45,6462570","4,9598300",69,2019,80.0,1.0,1.0,3.0,2158617,1.0,1,1,1,1.0,,0.0,0,1996.0,B01,138Â 292Â 884,1.0,-1.0,-1.0,1648226,0.0,7,,0.0,2.0,3.0,B01,138Â 292Â 884,1.0
965734,201900007265,11,25,06:35,3,1,1,1.0,1.0,69283,Route de Valencin,M,"45,6462570","4,9598300",69,2019,80.0,1.0,1.0,3.0,2158617,1.0,1,1,1,1.0,,0.0,0,1996.0,B01,138Â 292Â 884,1.0,-1.0,-1.0,1648227,3.0,7,,0.0,2.0,3.0,A01,138Â 292Â 885,1.0
965734,201900007265,11,25,06:35,3,1,1,1.0,1.0,69283,Route de Valencin,M,"45,6462570","4,9598300",69,2019,80.0,1.0,1.0,3.0,2158618,1.0,1,3,1,1.0,,0.0,0,1965.0,A01,138Â 292Â 885,1.0,-1.0,-1.0,1648226,0.0,7,,0.0,2.0,3.0,B01,138Â 292Â 884,1.0
965734,201900007265,11,25,06:35,3,1,1,1.0,1.0,69283,Route de Valencin,M,"45,6462570","4,9598300",69,2019,80.0,1.0,1.0,3.0,2158618,1.0,1,3,1,1.0,,0.0,0,1965.0,A01,138Â 292Â 885,1.0,-1.0,-1.0,1648227,3.0,7,,0.0,2.0,3.0,A01,138Â 292Â 885,1.0
965735,201900007266,11,25,18:00,1,1,1,1.0,1.0,09107,D12,M,"43,0348910","1,7957440",9,2019,80.0,1.0,1.0,3.0,2158619,1.0,1,3,2,2.0,,0.0,0,1998.0,A01,138Â 292Â 882,1.0,-1.0,-1.0,1648228,2.0,7,,0.0,2.0,3.0,A01,138Â 292Â 882,1.0
965735,201900007266,11,25,18:00,1,1,1,1.0,1.0,09107,D12,M,"43,0348910","1,7957440",9,2019,80.0,1.0,1.0,3.0,2158619,1.0,1,3,2,2.0,,0.0,0,1998.0,A01,138Â 292Â 882,1.0,-1.0,-1.0,1648229,1.0,7,,0.0,2.0,1.0,B01,138Â 292Â 883,1.0
965735,201900007266,11,25,18:00,1,1,1,1.0,1.0,09107,D12,M,"43,0348910","1,7957440",9,2019,80.0,1.0,1.0,3.0,2158620,1.0,1,3,2,1.0,,0.0,0,2000.0,B01,138Â 292Â 883,1.0,-1.0,-1.0,1648228,2.0,7,,0.0,2.0,3.0,A01,138Â 292Â 882,1.0
965735,201900007266,11,25,18:00,1,1,1,1.0,1.0,09107,D12,M,"43,0348910","1,7957440",9,2019,80.0,1.0,1.0,3.0,2158620,1.0,1,3,2,1.0,,0.0,0,2000.0,B01,138Â 292Â 883,1.0,-1.0,-1.0,1648229,1.0,7,,0.0,2.0,1.0,B01,138Â 292Â 883,1.0
965736,201900007267,11,21,17:45,3,2,1,2.0,6.0,86115,31 Avenue des Acacias,M,"46,7136230","0,3867330",86,2019,50.0,1.0,2.0,3.0,2158621,1.0,1,1,1,4.0,,0.0,0,1967.0,A01,138Â 292Â 880,0.0,-1.0,-1.0,1648230,1.0,17,,0.0,0.0,0.0,A01,138Â 292Â 880,1.0
965736,201900007267,11,21,17:45,3,2,1,2.0,6.0,86115,31 Avenue des Acacias,M,"46,7136230","0,3867330",86,2019,50.0,1.0,2.0,3.0,2158621,1.0,1,1,1,4.0,,0.0,0,1967.0,A01,138Â 292Â 880,0.0,-1.0,-1.0,1648231,2.0,7,,0.0,9.0,6.0,B01,138Â 292Â 881,1.0
965736,201900007267,11,21,17:45,3,2,1,2.0,6.0,86115,31 Avenue des Acacias,M,"46,7136230","0,3867330",86,2019,50.0,1.0,2.0,3.0,2158622,7.0,2,3,1,2.0,,0.0,0,2003.0,B01,138Â 292Â 881,1.0,-1.0,-1.0,1648230,1.0,17,,0.0,0.0,0.0,A01,138Â 292Â 880,1.0
965736,201900007267,11,21,17:45,3,2,1,2.0,6.0,86115,31 Avenue des Acacias,M,"46,7136230","0,3867330",86,2019,50.0,1.0,2.0,3.0,2158622,7.0,2,3,1,2.0,,0.0,0,2003.0,B01,138Â 292Â 881,1.0,-1.0,-1.0,1648231,2.0,7,,0.0,9.0,6.0,B01,138Â 292Â 881,1.0
965736,201900007267,11,21,17:45,3,2,1,2.0,6.0,86115,31 Avenue des Acacias,M,"46,7136230","0,3867330",86,2019,50.0,1.0,2.0,3.0,2158623,2.0,2,1,2,2.0,,0.0,0,2003.0,B01,138Â 292Â 881,1.0,-1.0,-1.0,1648230,1.0,17,,0.0,0.0,0.0,A01,138Â 292Â 880,1.0
965736,201900007267,11,21,17:45,3,2,1,2.0,6.0,86115,31 Avenue des Acacias,M,"46,7136230","0,3867330",86,2019,50.0,1.0,2.0,3.0,2158623,2.0,2,1,2,2.0,,0.0,0,2003.0,B01,138Â 292Â 881,1.0,-1.0,-1.0,1648231,2.0,7,,0.0,9.0,6.0,B01,138Â 292Â 881,1.0
965736,201900007267,11,21,17:45,3,2,1,2.0,6.0,86115,31 Avenue des Acacias,M,"46,7136230","0,3867330",86,2019,50.0,1.0,2.0,3.0,2158624,1.0,1,1,1,2.0,,0.0,0,1966.0,B01,138Â 292Â 881,1.0,-1.0,-1.0,1648230,1.0,17,,0.0,0.0,0.0,A01,138Â 292Â 880,1.0
965736,201900007267,11,21,17:45,3,2,1,2.0,6.0,86115,31 Avenue des Acacias,M,"46,7136230","0,3867330",86,2019,50.0,1.0,2.0,3.0,2158624,1.0,1,1,1,2.0,,0.0,0,1966.0,B01,138Â 292Â 881,1.0,-1.0,-1.0,1648231,2.0,7,,0.0,9.0,6.0,B01,138Â 292Â 881,1.0
965737,201900007268,11,24,08:45,1,1,1,2.0,6.0,33312,Avenue de Labarde ex RD209 sens de circulation sud-nord,M,"44,9530890"," -0,5529330",33,2019,70.0,3.0,2.0,4.0,2158625,1.0,1,2,1,5.0,,0.0,0,1939.0,A01,138Â 292Â 879,8.0,-1.0,-1.0,1648232,2.0,7,,13.0,0.0,7.0,A01,138Â 292Â 879,1.0
965738,201900007269,11,23,12:35,1,2,1,1.0,3.0,50294,Le Haut de Tabarin,M,"49,5946600"," -1,6573350",50,2019,-1.0,1.0,1.0,3.0,2158626,1.0,1,1,1,5.0,,0.0,0,2000.0,A01,138Â 292Â 877,0.0,-1.0,-1.0,1648233,1.0,7,,0.0,2.0,2.0,A01,138Â 292Â 877,1.0
965738,201900007269,11,23,12:35,1,2,1,1.0,3.0,50294,Le Haut de Tabarin,M,"49,5946600"," -1,6573350",50,2019,-1.0,1.0,1.0,3.0,2158626,1.0,1,1,1,5.0,,0.0,0,2000.0,A01,138Â 292Â 877,0.0,-1.0,-1.0,1648234,1.0,1,,0.0,2.0,3.0,B01,138Â 292Â 878,5.0
965738,201900007269,11,23,12:35,1,2,1,1.0,3.0,50294,Le Haut de Tabarin,M,"49,5946600"," -1,6573350",50,2019,-1.0,1.0,1.0,3.0,2158627,1.0,1,4,1,5.0,,0.0,0,2001.0,B01,138Â 292Â 878,0.0,-1.0,-1.0,1648233,1.0,7,,0.0,2.0,2.0,A01,138Â 292Â 877,1.0
965738,201900007269,11,23,12:35,1,2,1,1.0,3.0,50294,Le Haut de Tabarin,M,"49,5946600"," -1,6573350",50,2019,-1.0,1.0,1.0,3.0,2158627,1.0,1,4,1,5.0,,0.0,0,2001.0,B01,138Â 292Â 878,0.0,-1.0,-1.0,1648234,1.0,1,,0.0,2.0,3.0,B01,138Â 292Â 878,5.0
965739,201900007270,11,25,00:00,3,1,1,3.0,7.0,50411,2 La Duree,M,"48,7242930"," -1,3071500",50,2019,70.0,3.0,2.0,4.0,2158628,1.0,1,3,1,5.0,,0.0,0,1992.0,A01,138Â 292Â 876,8.0,-1.0,-1.0,1648235,3.0,7,,13.0,0.0,9.0,A01,138Â 292Â 876,6.0
965740,201900007271,11,24,07:00,3,1,1,2.0,6.0,13203,A7-Sens Lyon vers Marseille,M,"43,3173310","5,3771320",13,2019,90.0,1.0,2.0,1.0,2158629,2.0,2,4,2,5.0,,-1.0,0,1992.0,A01,138Â 292Â 871,1.0,0.0,-1.0,1648236,2.0,7,,3.0,0.0,2.0,A01,138Â 292Â 871,1.0
965740,201900007271,11,24,07:00,3,1,1,2.0,6.0,13203,A7-Sens Lyon vers Marseille,M,"43,3173310","5,3771320",13,2019,90.0,1.0,2.0,1.0,2158630,1.0,1,4,1,5.0,,-1.0, -1,1989.0,A01,138Â 292Â 871,1.0,8.0,-1.0,1648236,2.0,7,,3.0,0.0,2.0,A01,138Â 292Â 871,1.0
965741,201900007272,11,24,09:25,1,1,1,2.0,1.0,13055,A507 sens Aubagne- Marseille,M,"43,3248690","5,4223800",13,2019,70.0,1.0,2.0,1.0,2158631,1.0,1,1,1,5.0,,-1.0,0,2000.0,A01,138Â 292Â 869,1.0,0.0,-1.0,1648237,1.0,7,,0.0,2.0,3.0,A01,138Â 292Â 869,1.0