Unnamed: 0_x,num_acc,mois,jour,hrmn,lum,agg,int,atm,col,com,adr,gps,lat,long,dep,annee,vma,situ,surf,catr,Unnamed: 0_y,place,catu,grav,sexe,trajet,secu,locp,actp,an_nais,num_veh_x,id_vehicule_x,secu1,secu2,secu3,Unnamed: 0,senc,catv,occutc,obs,obsm,choc,num_veh_y,id_vehicule_y,motor
965741,201900007272,11,24,09:25,1,1,1,2.0,1.0,13055,A507 sens Aubagne- Marseille,M,"43,3248690","5,4223800",13,2019,70.0,1.0,2.0,1.0,2158631,1.0,1,1,1,5.0,,-1.0,0,2000.0,A01,138Â 292Â 869,1.0,0.0,-1.0,1648238,1.0,7,,0.0,2.0,2.0,B01,138Â 292Â 870,1.0
965741,201900007272,11,24,09:25,1,1,1,2.0,1.0,13055,A507 sens Aubagne- Marseille,M,"43,3248690","5,4223800",13,2019,70.0,1.0,2.0,1.0,2158632,2.0,2,4,1,5.0,,-1.0,0,1990.0,B01,138Â 292Â 870,1.0,0.0,-1.0,1648237,1.0,7,,0.0,2.0,3.0,A01,138Â 292Â 869,1.0
965741,201900007272,11,24,09:25,1,1,1,2.0,1.0,13055,A507 sens Aubagne- Marseille,M,"43,3248690","5,4223800",13,2019,70.0,1.0,2.0,1.0,2158632,2.0,2,4,1,5.0,,-1.0,0,1990.0,B01,138Â 292Â 870,1.0,0.0,-1.0,1648238,1.0,7,,0.0,2.0,2.0,B01,138Â 292Â 870,1.0
965741,201900007272,11,24,09:25,1,1,1,2.0,1.0,13055,A507 sens Aubagne- Marseille,M,"43,3248690","5,4223800",13,2019,70.0,1.0,2.0,1.0,2158633,1.0,1,4,2,5.0,,-1.0,0,1991.0,B01,138Â 292Â 870,1.0,0.0,-1.0,1648237,1.0,7,,0.0,2.0,3.0,A01,138Â 292Â 869,1.0
965741,201900007272,11,24,09:25,1,1,1,2.0,1.0,13055,A507 sens Aubagne- Marseille,M,"43,3248690","5,4223800",13,2019,70.0,1.0,2.0,1.0,2158633,1.0,1,4,2,5.0,,-1.0,0,1991.0,B01,138Â 292Â 870,1.0,0.0,-1.0,1648238,1.0,7,,0.0,2.0,2.0,B01,138Â 292Â 870,1.0
965742,201900007273,11,23,10:50,1,1,1,2.0,7.0,13081,A7-Sens Marseille vers Lyon,M,"43,4929900","5,2399550",13,2019,50.0,1.0,2.0,1.0,2158634,1.0,1,4,2,5.0,,-1.0, -1,1957.0,A01,138Â 292Â 868,1.0,8.0,-1.0,1648239,1.0,7,,4.0,0.0,2.0,A01,138Â 292Â 868,1.0
965743,201900007274,11,24,01:56,3,1,1,5.0,5.0,91161,AUTOROUTE A6,M,"48,6956000","2,3180700",91,2019,110.0,1.0,1.0,1.0,2158635,1.0,1,1,1,0.0,,0.0,0,1975.0,C01,138Â 292Â 865,1.0,0.0,-1.0,1648240,2.0,13,,0.0,2.0,1.0,C01,138Â 292Â 865,1.0
965743,201900007274,11,24,01:56,3,1,1,5.0,5.0,91161,AUTOROUTE A6,M,"48,6956000","2,3180700",91,2019,110.0,1.0,1.0,1.0,2158635,1.0,1,1,1,0.0,,0.0,0,1975.0,C01,138Â 292Â 865,1.0,0.0,-1.0,1648241,2.0,10,,0.0,2.0,1.0,B01,138Â 292Â 866,1.0
965743,201900007274,11,24,01:56,3,1,1,5.0,5.0,91161,AUTOROUTE A6,M,"48,6956000","2,3180700",91,2019,110.0,1.0,1.0,1.0,2158635,1.0,1,1,1,0.0,,0.0,0,1975.0,C01,138Â 292Â 865,1.0,0.0,-1.0,1648242,2.0,10,,0.0,2.0,1.0,A01,138Â 292Â 867,1.0
965743,201900007274,11,24,01:56,3,1,1,5.0,5.0,91161,AUTOROUTE A6,M,"48,6956000","2,3180700",91,2019,110.0,1.0,1.0,1.0,2158636,2.0,2,4,1,0.0,,0.0,0,1995.0,B01,138Â 292Â 866,1.0,0.0,-1.0,1648240,2.0,13,,0.0,2.0,1.0,C01,138Â 292Â 865,1.0
965743,201900007274,11,24,01:56,3,1,1,5.0,5.0,91161,AUTOROUTE A6,M,"48,6956000","2,3180700",91,2019,110.0,1.0,1.0,1.0,2158636,2.0,2,4,1,0.0,,0.0,0,1995.0,B01,138Â 292Â 866,1.0,0.0,-1.0,1648241,2.0,10,,0.0,2.0,1.0,B01,138Â 292Â 866,1.0
965743,201900007274,11,24,01:56,3,1,1,5.0,5.0,91161,AUTOROUTE A6,M,"48,6956000","2,3180700",91,2019,110.0,1.0,1.0,1.0,2158636,2.0,2,4,1,0.0,,0.0,0,1995.0,B01,138Â 292Â 866,1.0,0.0,-1.0,1648242,2.0,10,,0.0,2.0,1.0,A01,138Â 292Â 867,1.0
965743,201900007274,11,24,01:56,3,1,1,5.0,5.0,91161,AUTOROUTE A6,M,"48,6956000","2,3180700",91,2019,110.0,1.0,1.0,1.0,2158637,1.0,1,4,2,0.0,,0.0,0,1991.0,B01,138Â 292Â 866,1.0,0.0,-1.0,1648240,2.0,13,,0.0,2.0,1.0,C01,138Â 292Â 865,1.0
965743,201900007274,11,24,01:56,3,1,1,5.0,5.0,91161,AUTOROUTE A6,M,"48,6956000","2,3180700",91,2019,110.0,1.0,1.0,1.0,2158637,1.0,1,4,2,0.0,,0.0,0,1991.0,B01,138Â 292Â 866,1.0,0.0,-1.0,1648241,2.0,10,,0.0,2.0,1.0,B01,138Â 292Â 866,1.0
965743,201900007274,11,24,01:56,3,1,1,5.0,5.0,91161,AUTOROUTE A6,M,"48,6956000","2,3180700",91,2019,110.0,1.0,1.0,1.0,2158637,1.0,1,4,2,0.0,,0.0,0,1991.0,B01,138Â 292Â 866,1.0,0.0,-1.0,1648242,2.0,10,,0.0,2.0,1.0,A01,138Â 292Â 867,1.0
965743,201900007274,11,24,01:56,3,1,1,5.0,5.0,91161,AUTOROUTE A6,M,"48,6956000","2,3180700",91,2019,110.0,1.0,1.0,1.0,2158638,2.0,2,4,1,0.0,,0.0,0,1995.0,A01,138Â 292Â 867,1.0,0.0,-1.0,1648240,2.0,13,,0.0,2.0,1.0,C01,138Â 292Â 865,1.0
965743,201900007274,11,24,01:56,3,1,1,5.0,5.0,91161,AUTOROUTE A6,M,"48,6956000","2,3180700",91,2019,110.0,1.0,1.0,1.0,2158638,2.0,2,4,1,0.0,,0.0,0,1995.0,A01,138Â 292Â 867,1.0,0.0,-1.0,1648241,2.0,10,,0.0,2.0,1.0,B01,138Â 292Â 866,1.0
965743,201900007274,11,24,01:56,3,1,1,5.0,5.0,91161,AUTOROUTE A6,M,"48,6956000","2,3180700",91,2019,110.0,1.0,1.0,1.0,2158638,2.0,2,4,1,0.0,,0.0,0,1995.0,A01,138Â 292Â 867,1.0,0.0,-1.0,1648242,2.0,10,,0.0,2.0,1.0,A01,138Â 292Â 867,1.0
965743,201900007274,11,24,01:56,3,1,1,5.0,5.0,91161,AUTOROUTE A6,M,"48,6956000","2,3180700",91,2019,110.0,1.0,1.0,1.0,2158639,1.0,1,4,1,0.0,,0.0,0,1991.0,A01,138Â 292Â 867,1.0,0.0,-1.0,1648240,2.0,13,,0.0,2.0,1.0,C01,138Â 292Â 865,1.0
965743,201900007274,11,24,01:56,3,1,1,5.0,5.0,91161,AUTOROUTE A6,M,"48,6956000","2,3180700",91,2019,110.0,1.0,1.0,1.0,2158639,1.0,1,4,1,0.0,,0.0,0,1991.0,A01,138Â 292Â 867,1.0,0.0,-1.0,1648241,2.0,10,,0.0,2.0,1.0,B01,138Â 292Â 866,1.0
965743,201900007274,11,24,01:56,3,1,1,5.0,5.0,91161,AUTOROUTE A6,M,"48,6956000","2,3180700",91,2019,110.0,1.0,1.0,1.0,2158639,1.0,1,4,1,0.0,,0.0,0,1991.0,A01,138Â 292Â 867,1.0,0.0,-1.0,1648242,2.0,10,,0.0,2.0,1.0,A01,138Â 292Â 867,1.0
965744,201900007275,11,24,16:05,1,1,1,1.0,2.0,92036,A86,M,"48,9360815","2,2888092",92,2019,90.0,1.0,1.0,1.0,2158640,1.0,1,4,2,5.0,,-1.0,0,1999.0,A01,138Â 292Â 863,1.0,0.0,-1.0,1648243,1.0,7,,0.0,2.0,4.0,A01,138Â 292Â 863,1.0
965744,201900007275,11,24,16:05,1,1,1,1.0,2.0,92036,A86,M,"48,9360815","2,2888092",92,2019,90.0,1.0,1.0,1.0,2158640,1.0,1,4,2,5.0,,-1.0,0,1999.0,A01,138Â 292Â 863,1.0,0.0,-1.0,1648244,1.0,7,,0.0,2.0,1.0,B01,138Â 292Â 864,1.0
965744,201900007275,11,24,16:05,1,1,1,1.0,2.0,92036,A86,M,"48,9360815","2,2888092",92,2019,90.0,1.0,1.0,1.0,2158641,4.0,2,1,2,0.0,,-1.0,0,2010.0,B01,138Â 292Â 864,1.0,0.0,-1.0,1648243,1.0,7,,0.0,2.0,4.0,A01,138Â 292Â 863,1.0
965744,201900007275,11,24,16:05,1,1,1,1.0,2.0,92036,A86,M,"48,9360815","2,2888092",92,2019,90.0,1.0,1.0,1.0,2158641,4.0,2,1,2,0.0,,-1.0,0,2010.0,B01,138Â 292Â 864,1.0,0.0,-1.0,1648244,1.0,7,,0.0,2.0,1.0,B01,138Â 292Â 864,1.0
965744,201900007275,11,24,16:05,1,1,1,1.0,2.0,92036,A86,M,"48,9360815","2,2888092",92,2019,90.0,1.0,1.0,1.0,2158642,3.0,2,4,2,0.0,,-1.0,0,2007.0,B01,138Â 292Â 864,1.0,0.0,-1.0,1648243,1.0,7,,0.0,2.0,4.0,A01,138Â 292Â 863,1.0
965744,201900007275,11,24,16:05,1,1,1,1.0,2.0,92036,A86,M,"48,9360815","2,2888092",92,2019,90.0,1.0,1.0,1.0,2158642,3.0,2,4,2,0.0,,-1.0,0,2007.0,B01,138Â 292Â 864,1.0,0.0,-1.0,1648244,1.0,7,,0.0,2.0,1.0,B01,138Â 292Â 864,1.0
965744,201900007275,11,24,16:05,1,1,1,1.0,2.0,92036,A86,M,"48,9360815","2,2888092",92,2019,90.0,1.0,1.0,1.0,2158643,1.0,1,4,1,0.0,,-1.0,0,1975.0,B01,138Â 292Â 864,1.0,0.0,-1.0,1648243,1.0,7,,0.0,2.0,4.0,A01,138Â 292Â 863,1.0
965744,201900007275,11,24,16:05,1,1,1,1.0,2.0,92036,A86,M,"48,9360815","2,2888092",92,2019,90.0,1.0,1.0,1.0,2158643,1.0,1,4,1,0.0,,-1.0,0,1975.0,B01,138Â 292Â 864,1.0,0.0,-1.0,1648244,1.0,7,,0.0,2.0,1.0,B01,138Â 292Â 864,1.0
965744,201900007275,11,24,16:05,1,1,1,1.0,2.0,92036,A86,M,"48,9360815","2,2888092",92,2019,90.0,1.0,1.0,1.0,2158644,1.0,2,4,1,0.0,,-1.0,0,2004.0,B01,138Â 292Â 864,1.0,0.0,-1.0,1648243,1.0,7,,0.0,2.0,4.0,A01,138Â 292Â 863,1.0
965744,201900007275,11,24,16:05,1,1,1,1.0,2.0,92036,A86,M,"48,9360815","2,2888092",92,2019,90.0,1.0,1.0,1.0,2158644,1.0,2,4,1,0.0,,-1.0,0,2004.0,B01,138Â 292Â 864,1.0,0.0,-1.0,1648244,1.0,7,,0.0,2.0,1.0,B01,138Â 292Â 864,1.0
965745,201900007276,11,24,08:05,1,1,1,1.0,6.0,78545,A12 Y,M,"48,8091110","2,0544640",78,2019,90.0,1.0,1.0,1.0,2158645,2.0,1,4,2,0.0,,0.0,0,1979.0,A01,138Â 292Â 862,1.0,-1.0,-1.0,1648245,1.0,7,,0.0,2.0,1.0,A01,138Â 292Â 862,1.0
965746,201900007277,11,23,23:40,5,2,1,1.0,2.0,92062,GENERAL DE GAULLE (AVENUE),M,"48,8890952","2,2370940",92,2019,50.0,1.0,1.0,3.0,2158646,1.0,1,1,1,0.0,,-1.0,0,1991.0,A01,138Â 292Â 860,1.0,0.0,-1.0,1648246,2.0,10,,0.0,2.0,1.0,A01,138Â 292Â 860,1.0
965746,201900007277,11,23,23:40,5,2,1,1.0,2.0,92062,GENERAL DE GAULLE (AVENUE),M,"48,8890952","2,2370940",92,2019,50.0,1.0,1.0,3.0,2158646,1.0,1,1,1,0.0,,-1.0,0,1991.0,A01,138Â 292Â 860,1.0,0.0,-1.0,1648247,2.0,7,,0.0,2.0,4.0,B01,138Â 292Â 861,1.0
965746,201900007277,11,23,23:40,5,2,1,1.0,2.0,92062,GENERAL DE GAULLE (AVENUE),M,"48,8890952","2,2370940",92,2019,50.0,1.0,1.0,3.0,2158647,1.0,1,4,1,0.0,,-1.0,0,1987.0,B01,138Â 292Â 861,1.0,0.0,-1.0,1648246,2.0,10,,0.0,2.0,1.0,A01,138Â 292Â 860,1.0
965746,201900007277,11,23,23:40,5,2,1,1.0,2.0,92062,GENERAL DE GAULLE (AVENUE),M,"48,8890952","2,2370940",92,2019,50.0,1.0,1.0,3.0,2158647,1.0,1,4,1,0.0,,-1.0,0,1987.0,B01,138Â 292Â 861,1.0,0.0,-1.0,1648247,2.0,7,,0.0,2.0,4.0,B01,138Â 292Â 861,1.0
965747,201900007278,11,24,19:30,3,1,1,1.0,2.0,93064,AUTOROUTE A86,M,"48,8791700","2,4763600",93,2019,90.0,1.0,1.0,1.0,2158648,1.0,1,1,1,4.0,,-1.0, -1,1976.0,B01,138Â 292Â 858,1.0,4.0,-1.0,1648248,2.0,17,,0.0,2.0,5.0,B01,138Â 292Â 858,1.0
965747,201900007278,11,24,19:30,3,1,1,1.0,2.0,93064,AUTOROUTE A86,M,"48,8791700","2,4763600",93,2019,90.0,1.0,1.0,1.0,2158648,1.0,1,1,1,4.0,,-1.0, -1,1976.0,B01,138Â 292Â 858,1.0,4.0,-1.0,1648249,2.0,33,,0.0,2.0,1.0,A01,138Â 292Â 859,1.0
965747,201900007278,11,24,19:30,3,1,1,1.0,2.0,93064,AUTOROUTE A86,M,"48,8791700","2,4763600",93,2019,90.0,1.0,1.0,1.0,2158649,1.0,1,4,1,0.0,,-1.0, -1,1980.0,A01,138Â 292Â 859,2.0,6.0,-1.0,1648248,2.0,17,,0.0,2.0,5.0,B01,138Â 292Â 858,1.0
965747,201900007278,11,24,19:30,3,1,1,1.0,2.0,93064,AUTOROUTE A86,M,"48,8791700","2,4763600",93,2019,90.0,1.0,1.0,1.0,2158649,1.0,1,4,1,0.0,,-1.0, -1,1980.0,A01,138Â 292Â 859,2.0,6.0,-1.0,1648249,2.0,33,,0.0,2.0,1.0,A01,138Â 292Â 859,1.0
965748,201900007279,11,24,05:25,2,2,2,1.0,3.0,98818,RUE G.CLEMENCEAU/REPUBLIQUE,M," -22,2687343","166,4414603",988,2019,50.0,1.0,1.0,4.0,2158650,4.0,2,1,2,5.0,,-1.0,0,1999.0,A01,138Â 292Â 853,1.0,8.0,-1.0,1648250,1.0,7,,0.0,2.0,1.0,A01,138Â 292Â 853,1.0
965748,201900007279,11,24,05:25,2,2,2,1.0,3.0,98818,RUE G.CLEMENCEAU/REPUBLIQUE,M," -22,2687343","166,4414603",988,2019,50.0,1.0,1.0,4.0,2158650,4.0,2,1,2,5.0,,-1.0,0,1999.0,A01,138Â 292Â 853,1.0,8.0,-1.0,1648251,1.0,7,,0.0,2.0,7.0,B01,138Â 292Â 854,1.0
965748,201900007279,11,24,05:25,2,2,2,1.0,3.0,98818,RUE G.CLEMENCEAU/REPUBLIQUE,M," -22,2687343","166,4414603",988,2019,50.0,1.0,1.0,4.0,2158651,5.0,2,1,2,5.0,,-1.0,0,2000.0,A01,138Â 292Â 853,1.0,8.0,-1.0,1648250,1.0,7,,0.0,2.0,1.0,A01,138Â 292Â 853,1.0
965748,201900007279,11,24,05:25,2,2,2,1.0,3.0,98818,RUE G.CLEMENCEAU/REPUBLIQUE,M," -22,2687343","166,4414603",988,2019,50.0,1.0,1.0,4.0,2158651,5.0,2,1,2,5.0,,-1.0,0,2000.0,A01,138Â 292Â 853,1.0,8.0,-1.0,1648251,1.0,7,,0.0,2.0,7.0,B01,138Â 292Â 854,1.0
965748,201900007279,11,24,05:25,2,2,2,1.0,3.0,98818,RUE G.CLEMENCEAU/REPUBLIQUE,M," -22,2687343","166,4414603",988,2019,50.0,1.0,1.0,4.0,2158652,2.0,2,1,1,5.0,,-1.0,0,1999.0,A01,138Â 292Â 853,1.0,8.0,-1.0,1648250,1.0,7,,0.0,2.0,1.0,A01,138Â 292Â 853,1.0
965748,201900007279,11,24,05:25,2,2,2,1.0,3.0,98818,RUE G.CLEMENCEAU/REPUBLIQUE,M," -22,2687343","166,4414603",988,2019,50.0,1.0,1.0,4.0,2158652,2.0,2,1,1,5.0,,-1.0,0,1999.0,A01,138Â 292Â 853,1.0,8.0,-1.0,1648251,1.0,7,,0.0,2.0,7.0,B01,138Â 292Â 854,1.0
965748,201900007279,11,24,05:25,2,2,2,1.0,3.0,98818,RUE G.CLEMENCEAU/REPUBLIQUE,M," -22,2687343","166,4414603",988,2019,50.0,1.0,1.0,4.0,2158653,3.0,2,1,1,5.0,,-1.0,0,2000.0,A01,138Â 292Â 853,1.0,8.0,-1.0,1648250,1.0,7,,0.0,2.0,1.0,A01,138Â 292Â 853,1.0
965748,201900007279,11,24,05:25,2,2,2,1.0,3.0,98818,RUE G.CLEMENCEAU/REPUBLIQUE,M," -22,2687343","166,4414603",988,2019,50.0,1.0,1.0,4.0,2158653,3.0,2,1,1,5.0,,-1.0,0,2000.0,A01,138Â 292Â 853,1.0,8.0,-1.0,1648251,1.0,7,,0.0,2.0,7.0,B01,138Â 292Â 854,1.0
965748,201900007279,11,24,05:25,2,2,2,1.0,3.0,98818,RUE G.CLEMENCEAU/REPUBLIQUE,M," -22,2687343","166,4414603",988,2019,50.0,1.0,1.0,4.0,2158654,1.0,1,1,2,5.0,,0.0, -1,1997.0,A01,138Â 292Â 853,1.0,8.0,-1.0,1648250,1.0,7,,0.0,2.0,1.0,A01,138Â 292Â 853,1.0
965748,201900007279,11,24,05:25,2,2,2,1.0,3.0,98818,RUE G.CLEMENCEAU/REPUBLIQUE,M," -22,2687343","166,4414603",988,2019,50.0,1.0,1.0,4.0,2158654,1.0,1,1,2,5.0,,0.0, -1,1997.0,A01,138Â 292Â 853,1.0,8.0,-1.0,1648251,1.0,7,,0.0,2.0,7.0,B01,138Â 292Â 854,1.0
965748,201900007279,11,24,05:25,2,2,2,1.0,3.0,98818,RUE G.CLEMENCEAU/REPUBLIQUE,M," -22,2687343","166,4414603",988,2019,50.0,1.0,1.0,4.0,2158655,2.0,2,4,2,5.0,,-1.0,0,1963.0,B01,138Â 292Â 854,1.0,8.0,-1.0,1648250,1.0,7,,0.0,2.0,1.0,A01,138Â 292Â 853,1.0
965748,201900007279,11,24,05:25,2,2,2,1.0,3.0,98818,RUE G.CLEMENCEAU/REPUBLIQUE,M," -22,2687343","166,4414603",988,2019,50.0,1.0,1.0,4.0,2158655,2.0,2,4,2,5.0,,-1.0,0,1963.0,B01,138Â 292Â 854,1.0,8.0,-1.0,1648251,1.0,7,,0.0,2.0,7.0,B01,138Â 292Â 854,1.0
965748,201900007279,11,24,05:25,2,2,2,1.0,3.0,98818,RUE G.CLEMENCEAU/REPUBLIQUE,M," -22,2687343","166,4414603",988,2019,50.0,1.0,1.0,4.0,2158656,1.0,1,1,1,0.0,,-1.0, -1,1960.0,B01,138Â 292Â 854,1.0,0.0,-1.0,1648250,1.0,7,,0.0,2.0,1.0,A01,138Â 292Â 853,1.0
965748,201900007279,11,24,05:25,2,2,2,1.0,3.0,98818,RUE G.CLEMENCEAU/REPUBLIQUE,M," -22,2687343","166,4414603",988,2019,50.0,1.0,1.0,4.0,2158656,1.0,1,1,1,0.0,,-1.0, -1,1960.0,B01,138Â 292Â 854,1.0,0.0,-1.0,1648251,1.0,7,,0.0,2.0,7.0,B01,138Â 292Â 854,1.0
965749,201900007280,11,23,06:00,2,2,1,1.0,3.0,97611,doujani-MosquÃ©e doujani ( rue ),M," -12,7946300","45,2164800",976,2019,50.0,1.0,1.0,2.0,2158657,1.0,1,4,1,9.0,,-1.0, -1,1988.0,A01,138Â 292Â 851,1.0,8.0,-1.0,1648252,2.0,7,,0.0,2.0,0.0,A01,138Â 292Â 851,1.0
965749,201900007280,11,23,06:00,2,2,1,1.0,3.0,97611,doujani-MosquÃ©e doujani ( rue ),M," -12,7946300","45,2164800",976,2019,50.0,1.0,1.0,2.0,2158657,1.0,1,4,1,9.0,,-1.0, -1,1988.0,A01,138Â 292Â 851,1.0,8.0,-1.0,1648253,2.0,7,,0.0,2.0,5.0,B01,138Â 292Â 852,1.0
965749,201900007280,11,23,06:00,2,2,1,1.0,3.0,97611,doujani-MosquÃ©e doujani ( rue ),M," -12,7946300","45,2164800",976,2019,50.0,1.0,1.0,2.0,2158658,1.0,1,1,1,9.0,,-1.0, -1,1981.0,B01,138Â 292Â 852,1.0,8.0,-1.0,1648252,2.0,7,,0.0,2.0,0.0,A01,138Â 292Â 851,1.0
965749,201900007280,11,23,06:00,2,2,1,1.0,3.0,97611,doujani-MosquÃ©e doujani ( rue ),M," -12,7946300","45,2164800",976,2019,50.0,1.0,1.0,2.0,2158658,1.0,1,1,1,9.0,,-1.0, -1,1981.0,B01,138Â 292Â 852,1.0,8.0,-1.0,1648253,2.0,7,,0.0,2.0,5.0,B01,138Â 292Â 852,1.0
965750,201900007281,11,23,19:25,1,2,1,1.0,6.0,97611,m'tsapere-Pont (ruelle du ),M," -12,7898900","45,2204900",976,2019,30.0,1.0,1.0,4.0,2158659,10.0,3,4,1,0.0,,0.0,3,1963.0,A01,138Â 292Â 850,0.0,0.0,0.0,1648254,2.0,32,,0.0,1.0,7.0,A01,138Â 292Â 850,0.0
965750,201900007281,11,23,19:25,1,2,1,1.0,6.0,97611,m'tsapere-Pont (ruelle du ),M," -12,7898900","45,2204900",976,2019,30.0,1.0,1.0,4.0,2158660,1.0,1,4,1,9.0,,-1.0, -1,2002.0,A01,138Â 292Â 850,2.0,8.0,-1.0,1648254,2.0,32,,0.0,1.0,7.0,A01,138Â 292Â 850,0.0
965751,201900007282,11,23,19:30,5,2,1,8.0,6.0,97611,doujani-MosquÃ©e doujani ( rue ),M," -12,7941600","45,2149300",976,2019,50.0,1.0,1.0,9.0,2158661,1.0,1,4,1,0.0,,0.0,0,2002.0,A01,138Â 292Â 849,2.0,8.0,-1.0,1648255,1.0,34,,0.0,1.0,1.0,A01,138Â 292Â 849,1.0
965751,201900007282,11,23,19:30,5,2,1,8.0,6.0,97611,doujani-MosquÃ©e doujani ( rue ),M," -12,7941600","45,2149300",976,2019,50.0,1.0,1.0,9.0,2158662,10.0,3,4,1,3.0,,2.0,3,2012.0,A01,138Â 292Â 849,0.0,-1.0,-1.0,1648255,1.0,34,,0.0,1.0,1.0,A01,138Â 292Â 849,1.0
965752,201900007283,11,23,15:15,1,2,1,2.0,2.0,69389,PAUL SEDAILLIAN                     (QU),M,"45,7970700","4,8286100",69,2019,50.0,1.0,2.0,4.0,2158663,1.0,1,4,2,0.0,,-1.0, -1,1971.0,A01,138Â 292Â 845,1.0,0.0,-1.0,1648256,1.0,7,,0.0,2.0,1.0,A01,138Â 292Â 845,1.0
965752,201900007283,11,23,15:15,1,2,1,2.0,2.0,69389,PAUL SEDAILLIAN                     (QU),M,"45,7970700","4,8286100",69,2019,50.0,1.0,2.0,4.0,2158663,1.0,1,4,2,0.0,,-1.0, -1,1971.0,A01,138Â 292Â 845,1.0,0.0,-1.0,1648257,1.0,10,,0.0,2.0,4.0,B01,138Â 292Â 846,1.0
965752,201900007283,11,23,15:15,1,2,1,2.0,2.0,69389,PAUL SEDAILLIAN                     (QU),M,"45,7970700","4,8286100",69,2019,50.0,1.0,2.0,4.0,2158664,1.0,1,1,1,4.0,,-1.0, -1,1969.0,B01,138Â 292Â 846,1.0,0.0,-1.0,1648256,1.0,7,,0.0,2.0,1.0,A01,138Â 292Â 845,1.0
965752,201900007283,11,23,15:15,1,2,1,2.0,2.0,69389,PAUL SEDAILLIAN                     (QU),M,"45,7970700","4,8286100",69,2019,50.0,1.0,2.0,4.0,2158664,1.0,1,1,1,4.0,,-1.0, -1,1969.0,B01,138Â 292Â 846,1.0,0.0,-1.0,1648257,1.0,10,,0.0,2.0,4.0,B01,138Â 292Â 846,1.0
965753,201900007284,11,22,17:15,5,2,1,1.0,4.0,2B120,TOUTES RUES,M,"42,6586300","9,4418300",2B,2019,70.0,1.0,1.0,2.0,2158665,1.0,1,1,1,0.0,,-1.0, -1,1984.0,A01,138Â 292Â 841,1.0,0.0,-1.0,1648258,2.0,7,,0.0,2.0,1.0,A01,138Â 292Â 841,1.0
965753,201900007284,11,22,17:15,5,2,1,1.0,4.0,2B120,TOUTES RUES,M,"42,6586300","9,4418300",2B,2019,70.0,1.0,1.0,2.0,2158665,1.0,1,1,1,0.0,,-1.0, -1,1984.0,A01,138Â 292Â 841,1.0,0.0,-1.0,1648259,2.0,7,,0.0,2.0,9.0,B01,138Â 292Â 842,1.0
965753,201900007284,11,22,17:15,5,2,1,1.0,4.0,2B120,TOUTES RUES,M,"42,6586300","9,4418300",2B,2019,70.0,1.0,1.0,2.0,2158665,1.0,1,1,1,0.0,,-1.0, -1,1984.0,A01,138Â 292Â 841,1.0,0.0,-1.0,1648260,2.0,7,,0.0,2.0,9.0,C01,138Â 292Â 843,1.0
965753,201900007284,11,22,17:15,5,2,1,1.0,4.0,2B120,TOUTES RUES,M,"42,6586300","9,4418300",2B,2019,70.0,1.0,1.0,2.0,2158665,1.0,1,1,1,0.0,,-1.0, -1,1984.0,A01,138Â 292Â 841,1.0,0.0,-1.0,1648261,2.0,7,,0.0,2.0,4.0,D01,138Â 292Â 844,1.0
965753,201900007284,11,22,17:15,5,2,1,1.0,4.0,2B120,TOUTES RUES,M,"42,6586300","9,4418300",2B,2019,70.0,1.0,1.0,2.0,2158666,1.0,1,4,2,1.0,,-1.0, -1,1983.0,B01,138Â 292Â 842,1.0,0.0,-1.0,1648258,2.0,7,,0.0,2.0,1.0,A01,138Â 292Â 841,1.0
965753,201900007284,11,22,17:15,5,2,1,1.0,4.0,2B120,TOUTES RUES,M,"42,6586300","9,4418300",2B,2019,70.0,1.0,1.0,2.0,2158666,1.0,1,4,2,1.0,,-1.0, -1,1983.0,B01,138Â 292Â 842,1.0,0.0,-1.0,1648259,2.0,7,,0.0,2.0,9.0,B01,138Â 292Â 842,1.0
965753,201900007284,11,22,17:15,5,2,1,1.0,4.0,2B120,TOUTES RUES,M,"42,6586300","9,4418300",2B,2019,70.0,1.0,1.0,2.0,2158666,1.0,1,4,2,1.0,,-1.0, -1,1983.0,B01,138Â 292Â 842,1.0,0.0,-1.0,1648260,2.0,7,,0.0,2.0,9.0,C01,138Â 292Â 843,1.0
965753,201900007284,11,22,17:15,5,2,1,1.0,4.0,2B120,TOUTES RUES,M,"42,6586300","9,4418300",2B,2019,70.0,1.0,1.0,2.0,2158666,1.0,1,4,2,1.0,,-1.0, -1,1983.0,B01,138Â 292Â 842,1.0,0.0,-1.0,1648261,2.0,7,,0.0,2.0,4.0,D01,138Â 292Â 844,1.0
965753,201900007284,11,22,17:15,5,2,1,1.0,4.0,2B120,TOUTES RUES,M,"42,6586300","9,4418300",2B,2019,70.0,1.0,1.0,2.0,2158667,1.0,1,1,1,5.0,,-1.0, -1,1945.0,C01,138Â 292Â 843,1.0,0.0,-1.0,1648258,2.0,7,,0.0,2.0,1.0,A01,138Â 292Â 841,1.0
965753,201900007284,11,22,17:15,5,2,1,1.0,4.0,2B120,TOUTES RUES,M,"42,6586300","9,4418300",2B,2019,70.0,1.0,1.0,2.0,2158667,1.0,1,1,1,5.0,,-1.0, -1,1945.0,C01,138Â 292Â 843,1.0,0.0,-1.0,1648259,2.0,7,,0.0,2.0,9.0,B01,138Â 292Â 842,1.0