Unnamed: 0_x,num_acc,mois,jour,hrmn,lum,agg,int,atm,col,com,adr,gps,lat,long,dep,annee,vma,situ,surf,catr,Unnamed: 0_y,place,catu,grav,sexe,trajet,secu,locp,actp,an_nais,num_veh_x,id_vehicule_x,secu1,secu2,secu3,Unnamed: 0,senc,catv,occutc,obs,obsm,choc,num_veh_y,id_vehicule_y,motor
965753,201900007284,11,22,17:15,5,2,1,1.0,4.0,2B120,TOUTES RUES,M,"42,6586300","9,4418300",2B,2019,70.0,1.0,1.0,2.0,2158667,1.0,1,1,1,5.0,,-1.0, -1,1945.0,C01,138Â 292Â 843,1.0,0.0,-1.0,1648260,2.0,7,,0.0,2.0,9.0,C01,138Â 292Â 843,1.0
965753,201900007284,11,22,17:15,5,2,1,1.0,4.0,2B120,TOUTES RUES,M,"42,6586300","9,4418300",2B,2019,70.0,1.0,1.0,2.0,2158667,1.0,1,1,1,5.0,,-1.0, -1,1945.0,C01,138Â 292Â 843,1.0,0.0,-1.0,1648261,2.0,7,,0.0,2.0,4.0,D01,138Â 292Â 844,1.0
965753,201900007284,11,22,17:15,5,2,1,1.0,4.0,2B120,TOUTES RUES,M,"42,6586300","9,4418300",2B,2019,70.0,1.0,1.0,2.0,2158668,2.0,2,4,2,5.0,,-1.0, -1,1938.0,C01,138Â 292Â 843,1.0,0.0,-1.0,1648258,2.0,7,,0.0,2.0,1.0,A01,138Â 292Â 841,1.0
965753,201900007284,11,22,17:15,5,2,1,1.0,4.0,2B120,TOUTES RUES,M,"42,6586300","9,4418300",2B,2019,70.0,1.0,1.0,2.0,2158668,2.0,2,4,2,5.0,,-1.0, -1,1938.0,C01,138Â 292Â 843,1.0,0.0,-1.0,1648259,2.0,7,,0.0,2.0,9.0,B01,138Â 292Â 842,1.0
965753,201900007284,11,22,17:15,5,2,1,1.0,4.0,2B120,TOUTES RUES,M,"42,6586300","9,4418300",2B,2019,70.0,1.0,1.0,2.0,2158668,2.0,2,4,2,5.0,,-1.0, -1,1938.0,C01,138Â 292Â 843,1.0,0.0,-1.0,1648260,2.0,7,,0.0,2.0,9.0,C01,138Â 292Â 843,1.0
965753,201900007284,11,22,17:15,5,2,1,1.0,4.0,2B120,TOUTES RUES,M,"42,6586300","9,4418300",2B,2019,70.0,1.0,1.0,2.0,2158668,2.0,2,4,2,5.0,,-1.0, -1,1938.0,C01,138Â 292Â 843,1.0,0.0,-1.0,1648261,2.0,7,,0.0,2.0,4.0,D01,138Â 292Â 844,1.0
965753,201900007284,11,22,17:15,5,2,1,1.0,4.0,2B120,TOUTES RUES,M,"42,6586300","9,4418300",2B,2019,70.0,1.0,1.0,2.0,2158669,2.0,2,1,2,5.0,,-1.0, -1,1955.0,D01,138Â 292Â 844,1.0,-1.0,-1.0,1648258,2.0,7,,0.0,2.0,1.0,A01,138Â 292Â 841,1.0
965753,201900007284,11,22,17:15,5,2,1,1.0,4.0,2B120,TOUTES RUES,M,"42,6586300","9,4418300",2B,2019,70.0,1.0,1.0,2.0,2158669,2.0,2,1,2,5.0,,-1.0, -1,1955.0,D01,138Â 292Â 844,1.0,-1.0,-1.0,1648259,2.0,7,,0.0,2.0,9.0,B01,138Â 292Â 842,1.0
965753,201900007284,11,22,17:15,5,2,1,1.0,4.0,2B120,TOUTES RUES,M,"42,6586300","9,4418300",2B,2019,70.0,1.0,1.0,2.0,2158669,2.0,2,1,2,5.0,,-1.0, -1,1955.0,D01,138Â 292Â 844,1.0,-1.0,-1.0,1648260,2.0,7,,0.0,2.0,9.0,C01,138Â 292Â 843,1.0
965753,201900007284,11,22,17:15,5,2,1,1.0,4.0,2B120,TOUTES RUES,M,"42,6586300","9,4418300",2B,2019,70.0,1.0,1.0,2.0,2158669,2.0,2,1,2,5.0,,-1.0, -1,1955.0,D01,138Â 292Â 844,1.0,-1.0,-1.0,1648261,2.0,7,,0.0,2.0,4.0,D01,138Â 292Â 844,1.0
965753,201900007284,11,22,17:15,5,2,1,1.0,4.0,2B120,TOUTES RUES,M,"42,6586300","9,4418300",2B,2019,70.0,1.0,1.0,2.0,2158670,1.0,1,1,1,5.0,,-1.0, -1,1952.0,D01,138Â 292Â 844,1.0,0.0,-1.0,1648258,2.0,7,,0.0,2.0,1.0,A01,138Â 292Â 841,1.0
965753,201900007284,11,22,17:15,5,2,1,1.0,4.0,2B120,TOUTES RUES,M,"42,6586300","9,4418300",2B,2019,70.0,1.0,1.0,2.0,2158670,1.0,1,1,1,5.0,,-1.0, -1,1952.0,D01,138Â 292Â 844,1.0,0.0,-1.0,1648259,2.0,7,,0.0,2.0,9.0,B01,138Â 292Â 842,1.0
965753,201900007284,11,22,17:15,5,2,1,1.0,4.0,2B120,TOUTES RUES,M,"42,6586300","9,4418300",2B,2019,70.0,1.0,1.0,2.0,2158670,1.0,1,1,1,5.0,,-1.0, -1,1952.0,D01,138Â 292Â 844,1.0,0.0,-1.0,1648260,2.0,7,,0.0,2.0,9.0,C01,138Â 292Â 843,1.0
965753,201900007284,11,22,17:15,5,2,1,1.0,4.0,2B120,TOUTES RUES,M,"42,6586300","9,4418300",2B,2019,70.0,1.0,1.0,2.0,2158670,1.0,1,1,1,5.0,,-1.0, -1,1952.0,D01,138Â 292Â 844,1.0,0.0,-1.0,1648261,2.0,7,,0.0,2.0,4.0,D01,138Â 292Â 844,1.0
965754,201900007285,11,23,17:50,5,2,9,2.0,3.0,91421,GENERAL LECLERC (RUE DU),M,"48,7050600","2,4613400",91,2019,50.0,1.0,2.0,4.0,2158671,1.0,1,1,1,9.0,,0.0,0,1975.0,B01,138Â 292Â 837,8.0,8.0,-1.0,1648262,3.0,7,,1.0,2.0,3.0,B01,138Â 292Â 837,0.0
965754,201900007285,11,23,17:50,5,2,9,2.0,3.0,91421,GENERAL LECLERC (RUE DU),M,"48,7050600","2,4613400",91,2019,50.0,1.0,2.0,4.0,2158671,1.0,1,1,1,9.0,,0.0,0,1975.0,B01,138Â 292Â 837,8.0,8.0,-1.0,1648263,2.0,7,,0.0,2.0,1.0,A01,138Â 292Â 838,0.0
965754,201900007285,11,23,17:50,5,2,9,2.0,3.0,91421,GENERAL LECLERC (RUE DU),M,"48,7050600","2,4613400",91,2019,50.0,1.0,2.0,4.0,2158672,2.0,2,1,2,0.0,,0.0,0,1975.0,B01,138Â 292Â 837,8.0,8.0,-1.0,1648262,3.0,7,,1.0,2.0,3.0,B01,138Â 292Â 837,0.0
965754,201900007285,11,23,17:50,5,2,9,2.0,3.0,91421,GENERAL LECLERC (RUE DU),M,"48,7050600","2,4613400",91,2019,50.0,1.0,2.0,4.0,2158672,2.0,2,1,2,0.0,,0.0,0,1975.0,B01,138Â 292Â 837,8.0,8.0,-1.0,1648263,2.0,7,,0.0,2.0,1.0,A01,138Â 292Â 838,0.0
965754,201900007285,11,23,17:50,5,2,9,2.0,3.0,91421,GENERAL LECLERC (RUE DU),M,"48,7050600","2,4613400",91,2019,50.0,1.0,2.0,4.0,2158673,1.0,1,4,2,0.0,,0.0,0,1990.0,A01,138Â 292Â 838,8.0,8.0,-1.0,1648262,3.0,7,,1.0,2.0,3.0,B01,138Â 292Â 837,0.0
965754,201900007285,11,23,17:50,5,2,9,2.0,3.0,91421,GENERAL LECLERC (RUE DU),M,"48,7050600","2,4613400",91,2019,50.0,1.0,2.0,4.0,2158673,1.0,1,4,2,0.0,,0.0,0,1990.0,A01,138Â 292Â 838,8.0,8.0,-1.0,1648263,2.0,7,,0.0,2.0,1.0,A01,138Â 292Â 838,0.0
965755,201900007286,11,23,13:25,1,2,3,1.0,3.0,77083,TOUR (ALLEE DE LA),M,"48,8481900","2,5838900",77,2019,50.0,1.0,1.0,4.0,2158674,1.0,1,1,2,0.0,,-1.0, -1,1989.0,A01,138Â 292Â 829,1.0,8.0,-1.0,1648264,0.0,7,,1.0,1.0,4.0,A01,138Â 292Â 829,1.0
965755,201900007286,11,23,13:25,1,2,3,1.0,3.0,77083,TOUR (ALLEE DE LA),M,"48,8481900","2,5838900",77,2019,50.0,1.0,1.0,4.0,2158674,1.0,1,1,2,0.0,,-1.0, -1,1989.0,A01,138Â 292Â 829,1.0,8.0,-1.0,1648265,1.0,7,,0.0,2.0,8.0,B01,138Â 292Â 830,1.0
965755,201900007286,11,23,13:25,1,2,3,1.0,3.0,77083,TOUR (ALLEE DE LA),M,"48,8481900","2,5838900",77,2019,50.0,1.0,1.0,4.0,2158675,2.0,2,1,2,5.0,,-1.0, -1,1985.0,A01,138Â 292Â 829,8.0,0.0,-1.0,1648264,0.0,7,,1.0,1.0,4.0,A01,138Â 292Â 829,1.0
965755,201900007286,11,23,13:25,1,2,3,1.0,3.0,77083,TOUR (ALLEE DE LA),M,"48,8481900","2,5838900",77,2019,50.0,1.0,1.0,4.0,2158675,2.0,2,1,2,5.0,,-1.0, -1,1985.0,A01,138Â 292Â 829,8.0,0.0,-1.0,1648265,1.0,7,,0.0,2.0,8.0,B01,138Â 292Â 830,1.0
965755,201900007286,11,23,13:25,1,2,3,1.0,3.0,77083,TOUR (ALLEE DE LA),M,"48,8481900","2,5838900",77,2019,50.0,1.0,1.0,4.0,2158676,1.0,1,4,1,5.0,,0.0,0,1998.0,B01,138Â 292Â 830,8.0,0.0,-1.0,1648264,0.0,7,,1.0,1.0,4.0,A01,138Â 292Â 829,1.0
965755,201900007286,11,23,13:25,1,2,3,1.0,3.0,77083,TOUR (ALLEE DE LA),M,"48,8481900","2,5838900",77,2019,50.0,1.0,1.0,4.0,2158676,1.0,1,4,1,5.0,,0.0,0,1998.0,B01,138Â 292Â 830,8.0,0.0,-1.0,1648265,1.0,7,,0.0,2.0,8.0,B01,138Â 292Â 830,1.0
965756,201900007287,11,23,14:55,1,2,1,1.0,2.0,71306,ROBESPIERRE (RUE),M,"46,6656800","4,3695300",71,2019,50.0,1.0,1.0,4.0,2158677,1.0,1,4,2,5.0,,-1.0, -1,1982.0,B01,138Â 292Â 827,1.0,0.0,-1.0,1648266,2.0,7,,0.0,2.0,4.0,B01,138Â 292Â 827,2.0
965756,201900007287,11,23,14:55,1,2,1,1.0,2.0,71306,ROBESPIERRE (RUE),M,"46,6656800","4,3695300",71,2019,50.0,1.0,1.0,4.0,2158677,1.0,1,4,2,5.0,,-1.0, -1,1982.0,B01,138Â 292Â 827,1.0,0.0,-1.0,1648267,2.0,7,,0.0,2.0,1.0,A01,138Â 292Â 828,1.0
965756,201900007287,11,23,14:55,1,2,1,1.0,2.0,71306,ROBESPIERRE (RUE),M,"46,6656800","4,3695300",71,2019,50.0,1.0,1.0,4.0,2158678,1.0,1,1,1,5.0,,0.0,0,1981.0,A01,138Â 292Â 828,1.0,0.0,-1.0,1648266,2.0,7,,0.0,2.0,4.0,B01,138Â 292Â 827,2.0
965756,201900007287,11,23,14:55,1,2,1,1.0,2.0,71306,ROBESPIERRE (RUE),M,"46,6656800","4,3695300",71,2019,50.0,1.0,1.0,4.0,2158678,1.0,1,1,1,5.0,,0.0,0,1981.0,A01,138Â 292Â 828,1.0,0.0,-1.0,1648267,2.0,7,,0.0,2.0,1.0,A01,138Â 292Â 828,1.0
965757,201900007288,11,22,14:40,1,2,1,1.0,1.0,71076,KENNEDY (AVENUE JOHN FITZGERALD),M,"46,7965000","4,8627000",71,2019,50.0,1.0,1.0,4.0,2158679,1.0,1,3,1,0.0,,0.0,0,1972.0,A01,138Â 292Â 825,1.0,8.0,-1.0,1648268,2.0,7,,0.0,2.0,2.0,A01,138Â 292Â 825,1.0
965757,201900007288,11,22,14:40,1,2,1,1.0,1.0,71076,KENNEDY (AVENUE JOHN FITZGERALD),M,"46,7965000","4,8627000",71,2019,50.0,1.0,1.0,4.0,2158679,1.0,1,3,1,0.0,,0.0,0,1972.0,A01,138Â 292Â 825,1.0,8.0,-1.0,1648269,1.0,7,,0.0,2.0,1.0,B01,138Â 292Â 826,1.0
965757,201900007288,11,22,14:40,1,2,1,1.0,1.0,71076,KENNEDY (AVENUE JOHN FITZGERALD),M,"46,7965000","4,8627000",71,2019,50.0,1.0,1.0,4.0,2158680,1.0,1,4,2,0.0,,0.0,0,1949.0,B01,138Â 292Â 826,1.0,0.0,-1.0,1648268,2.0,7,,0.0,2.0,2.0,A01,138Â 292Â 825,1.0
965757,201900007288,11,22,14:40,1,2,1,1.0,1.0,71076,KENNEDY (AVENUE JOHN FITZGERALD),M,"46,7965000","4,8627000",71,2019,50.0,1.0,1.0,4.0,2158680,1.0,1,4,2,0.0,,0.0,0,1949.0,B01,138Â 292Â 826,1.0,0.0,-1.0,1648269,1.0,7,,0.0,2.0,1.0,B01,138Â 292Â 826,1.0
965758,201900007289,11,22,15:30,1,2,6,7.0,6.0,69275,JEAN JAURES                         (AV),M,"45,7710300","4,9605300",69,2019,50.0,1.0,1.0,4.0,2158681,10.0,3,1,2,0.0,,2.0,1,1976.0,A01,138Â 292Â 822,8.0,0.0,-1.0,1648270,2.0,7,,0.0,1.0,3.0,A01,138Â 292Â 822,1.0
965758,201900007289,11,22,15:30,1,2,6,7.0,6.0,69275,JEAN JAURES                         (AV),M,"45,7710300","4,9605300",69,2019,50.0,1.0,1.0,4.0,2158682,1.0,1,1,1,0.0,,-1.0, -1,1966.0,A01,138Â 292Â 822,1.0,0.0,-1.0,1648270,2.0,7,,0.0,1.0,3.0,A01,138Â 292Â 822,1.0
965758,201900007289,11,22,15:30,1,2,6,7.0,6.0,69275,JEAN JAURES                         (AV),M,"45,7710300","4,9605300",69,2019,50.0,1.0,1.0,4.0,2158683,10.0,3,4,1,0.0,,2.0,3,1963.0,A01,138Â 292Â 822,8.0,0.0,-1.0,1648270,2.0,7,,0.0,1.0,3.0,A01,138Â 292Â 822,1.0
965759,201900007290,11,21,18:57,5,2,1,1.0,3.0,68066,ROME (AVENUE DE),M,"48,0753300","7,3269900",68,2019,50.0,1.0,1.0,4.0,2158684,1.0,1,3,1,5.0,,-1.0,0,2003.0,B01,138Â 292Â 820,2.0,6.0,-1.0,1648271,2.0,2,,0.0,2.0,1.0,B01,138Â 292Â 820,1.0
965759,201900007290,11,21,18:57,5,2,1,1.0,3.0,68066,ROME (AVENUE DE),M,"48,0753300","7,3269900",68,2019,50.0,1.0,1.0,4.0,2158684,1.0,1,3,1,5.0,,-1.0,0,2003.0,B01,138Â 292Â 820,2.0,6.0,-1.0,1648272,1.0,7,,0.0,2.0,2.0,A01,138Â 292Â 821,0.0
965759,201900007290,11,21,18:57,5,2,1,1.0,3.0,68066,ROME (AVENUE DE),M,"48,0753300","7,3269900",68,2019,50.0,1.0,1.0,4.0,2158685,1.0,1,1,1,0.0,,-1.0,0,1998.0,A01,138Â 292Â 821,1.0,0.0,-1.0,1648271,2.0,2,,0.0,2.0,1.0,B01,138Â 292Â 820,1.0
965759,201900007290,11,21,18:57,5,2,1,1.0,3.0,68066,ROME (AVENUE DE),M,"48,0753300","7,3269900",68,2019,50.0,1.0,1.0,4.0,2158685,1.0,1,1,1,0.0,,-1.0,0,1998.0,A01,138Â 292Â 821,1.0,0.0,-1.0,1648272,1.0,7,,0.0,2.0,2.0,A01,138Â 292Â 821,0.0
965760,201900007291,11,23,15:30,1,2,3,2.0,5.0,64445,LOUP DU,M,"43,3064667"," -0,3566611",64,2019,50.0,1.0,2.0,4.0,2158686,1.0,1,1,1,5.0,,0.0,0,1994.0,A01,138Â 292Â 817,8.0,0.0,-1.0,1648273,1.0,7,,0.0,2.0,3.0,A01,138Â 292Â 817,1.0
965760,201900007291,11,23,15:30,1,2,3,2.0,5.0,64445,LOUP DU,M,"43,3064667"," -0,3566611",64,2019,50.0,1.0,2.0,4.0,2158686,1.0,1,1,1,5.0,,0.0,0,1994.0,A01,138Â 292Â 817,8.0,0.0,-1.0,1648274,2.0,7,,0.0,2.0,3.0,C01,138Â 292Â 818,1.0
965760,201900007291,11,23,15:30,1,2,3,2.0,5.0,64445,LOUP DU,M,"43,3064667"," -0,3566611",64,2019,50.0,1.0,2.0,4.0,2158686,1.0,1,1,1,5.0,,0.0,0,1994.0,A01,138Â 292Â 817,8.0,0.0,-1.0,1648275,1.0,7,,0.0,2.0,7.0,B01,138Â 292Â 819,1.0
965760,201900007291,11,23,15:30,1,2,3,2.0,5.0,64445,LOUP DU,M,"43,3064667"," -0,3566611",64,2019,50.0,1.0,2.0,4.0,2158687,1.0,1,1,1,5.0,,0.0,0,1988.0,C01,138Â 292Â 818,8.0,0.0,-1.0,1648273,1.0,7,,0.0,2.0,3.0,A01,138Â 292Â 817,1.0
965760,201900007291,11,23,15:30,1,2,3,2.0,5.0,64445,LOUP DU,M,"43,3064667"," -0,3566611",64,2019,50.0,1.0,2.0,4.0,2158687,1.0,1,1,1,5.0,,0.0,0,1988.0,C01,138Â 292Â 818,8.0,0.0,-1.0,1648274,2.0,7,,0.0,2.0,3.0,C01,138Â 292Â 818,1.0
965760,201900007291,11,23,15:30,1,2,3,2.0,5.0,64445,LOUP DU,M,"43,3064667"," -0,3566611",64,2019,50.0,1.0,2.0,4.0,2158687,1.0,1,1,1,5.0,,0.0,0,1988.0,C01,138Â 292Â 818,8.0,0.0,-1.0,1648275,1.0,7,,0.0,2.0,7.0,B01,138Â 292Â 819,1.0
965760,201900007291,11,23,15:30,1,2,3,2.0,5.0,64445,LOUP DU,M,"43,3064667"," -0,3566611",64,2019,50.0,1.0,2.0,4.0,2158688,2.0,2,4,2,5.0,,0.0,0,1994.0,B01,138Â 292Â 819,8.0,0.0,-1.0,1648273,1.0,7,,0.0,2.0,3.0,A01,138Â 292Â 817,1.0
965760,201900007291,11,23,15:30,1,2,3,2.0,5.0,64445,LOUP DU,M,"43,3064667"," -0,3566611",64,2019,50.0,1.0,2.0,4.0,2158688,2.0,2,4,2,5.0,,0.0,0,1994.0,B01,138Â 292Â 819,8.0,0.0,-1.0,1648274,2.0,7,,0.0,2.0,3.0,C01,138Â 292Â 818,1.0
965760,201900007291,11,23,15:30,1,2,3,2.0,5.0,64445,LOUP DU,M,"43,3064667"," -0,3566611",64,2019,50.0,1.0,2.0,4.0,2158688,2.0,2,4,2,5.0,,0.0,0,1994.0,B01,138Â 292Â 819,8.0,0.0,-1.0,1648275,1.0,7,,0.0,2.0,7.0,B01,138Â 292Â 819,1.0
965760,201900007291,11,23,15:30,1,2,3,2.0,5.0,64445,LOUP DU,M,"43,3064667"," -0,3566611",64,2019,50.0,1.0,2.0,4.0,2158689,1.0,1,1,2,5.0,,0.0,0,1994.0,B01,138Â 292Â 819,8.0,0.0,-1.0,1648273,1.0,7,,0.0,2.0,3.0,A01,138Â 292Â 817,1.0
965760,201900007291,11,23,15:30,1,2,3,2.0,5.0,64445,LOUP DU,M,"43,3064667"," -0,3566611",64,2019,50.0,1.0,2.0,4.0,2158689,1.0,1,1,2,5.0,,0.0,0,1994.0,B01,138Â 292Â 819,8.0,0.0,-1.0,1648274,2.0,7,,0.0,2.0,3.0,C01,138Â 292Â 818,1.0
965760,201900007291,11,23,15:30,1,2,3,2.0,5.0,64445,LOUP DU,M,"43,3064667"," -0,3566611",64,2019,50.0,1.0,2.0,4.0,2158689,1.0,1,1,2,5.0,,0.0,0,1994.0,B01,138Â 292Â 819,8.0,0.0,-1.0,1648275,1.0,7,,0.0,2.0,7.0,B01,138Â 292Â 819,1.0
965760,201900007291,11,23,15:30,1,2,3,2.0,5.0,64445,LOUP DU,M,"43,3064667"," -0,3566611",64,2019,50.0,1.0,2.0,4.0,2158690,3.0,2,1,2,5.0,,0.0,0,1994.0,B01,138Â 292Â 819,8.0,0.0,-1.0,1648273,1.0,7,,0.0,2.0,3.0,A01,138Â 292Â 817,1.0
965760,201900007291,11,23,15:30,1,2,3,2.0,5.0,64445,LOUP DU,M,"43,3064667"," -0,3566611",64,2019,50.0,1.0,2.0,4.0,2158690,3.0,2,1,2,5.0,,0.0,0,1994.0,B01,138Â 292Â 819,8.0,0.0,-1.0,1648274,2.0,7,,0.0,2.0,3.0,C01,138Â 292Â 818,1.0
965760,201900007291,11,23,15:30,1,2,3,2.0,5.0,64445,LOUP DU,M,"43,3064667"," -0,3566611",64,2019,50.0,1.0,2.0,4.0,2158690,3.0,2,1,2,5.0,,0.0,0,1994.0,B01,138Â 292Â 819,8.0,0.0,-1.0,1648275,1.0,7,,0.0,2.0,7.0,B01,138Â 292Â 819,1.0
965761,201900007292,7,6,12:25,1,2,2,1.0,3.0,62193,DES JUSTES (BOULEVARD),M,"50,9441500","1,8982700",62,2019,50.0,1.0,1.0,4.0,2158691,1.0,1,4,1,5.0,,-1.0, -1,1970.0,B01,138Â 292Â 815,1.0,0.0,-1.0,1648276,1.0,7,,0.0,2.0,1.0,B01,138Â 292Â 815,1.0
965761,201900007292,7,6,12:25,1,2,2,1.0,3.0,62193,DES JUSTES (BOULEVARD),M,"50,9441500","1,8982700",62,2019,50.0,1.0,1.0,4.0,2158691,1.0,1,4,1,5.0,,-1.0, -1,1970.0,B01,138Â 292Â 815,1.0,0.0,-1.0,1648277,2.0,7,,0.0,2.0,3.0,A01,138Â 292Â 816,1.0
965761,201900007292,7,6,12:25,1,2,2,1.0,3.0,62193,DES JUSTES (BOULEVARD),M,"50,9441500","1,8982700",62,2019,50.0,1.0,1.0,4.0,2158692,1.0,1,1,2,5.0,,-1.0, -1,1950.0,A01,138Â 292Â 816,1.0,0.0,-1.0,1648276,1.0,7,,0.0,2.0,1.0,B01,138Â 292Â 815,1.0
965761,201900007292,7,6,12:25,1,2,2,1.0,3.0,62193,DES JUSTES (BOULEVARD),M,"50,9441500","1,8982700",62,2019,50.0,1.0,1.0,4.0,2158692,1.0,1,1,2,5.0,,-1.0, -1,1950.0,A01,138Â 292Â 816,1.0,0.0,-1.0,1648277,2.0,7,,0.0,2.0,3.0,A01,138Â 292Â 816,1.0
965762,201900007293,7,7,01:20,5,2,3,1.0,3.0,51055,CHEMIN DES BOUCHERS,M,"49,2710300","4,0517900",51,2019,30.0,1.0,1.0,4.0,2158693,1.0,1,1,1,4.0,,-1.0,0,1986.0,B01,138Â 292Â 808,8.0,0.0,-1.0,1648278,0.0,10,,0.0,6.0,6.0,B01,138Â 292Â 808,1.0
965762,201900007293,7,7,01:20,5,2,3,1.0,3.0,51055,CHEMIN DES BOUCHERS,M,"49,2710300","4,0517900",51,2019,30.0,1.0,1.0,4.0,2158693,1.0,1,1,1,4.0,,-1.0,0,1986.0,B01,138Â 292Â 808,8.0,0.0,-1.0,1648279,0.0,50,,0.0,2.0,1.0,A01,138Â 292Â 809,3.0
965762,201900007293,7,7,01:20,5,2,3,1.0,3.0,51055,CHEMIN DES BOUCHERS,M,"49,2710300","4,0517900",51,2019,30.0,1.0,1.0,4.0,2158694,1.0,1,4,1,5.0,,-1.0,0,1994.0,A01,138Â 292Â 809,8.0,0.0,-1.0,1648278,0.0,10,,0.0,6.0,6.0,B01,138Â 292Â 808,1.0
965762,201900007293,7,7,01:20,5,2,3,1.0,3.0,51055,CHEMIN DES BOUCHERS,M,"49,2710300","4,0517900",51,2019,30.0,1.0,1.0,4.0,2158694,1.0,1,4,1,5.0,,-1.0,0,1994.0,A01,138Â 292Â 809,8.0,0.0,-1.0,1648279,0.0,50,,0.0,2.0,1.0,A01,138Â 292Â 809,3.0
965763,201900007294,7,6,06:10,1,2,1,1.0,7.0,50502,STRASBOURG (bld),M,"49,0989800"," -1,0857400",50,2019,70.0,1.0,1.0,3.0,2158695,1.0,1,4,2,1.0,,0.0,0,1998.0,A01,138Â 292Â 807,1.0,0.0,-1.0,1648280,1.0,10,,0.0,0.0,0.0,A01,138Â 292Â 807,1.0
965764,201900007295,7,8,00:45,5,2,3,1.0,6.0,45147,RUE MARCELIN BERTHELOT,M,"47,9198342","1,9178317",45,2019,50.0,1.0,1.0,4.0,2158696,2.0,2,3,1,0.0,,-1.0, -1,1988.0,A01,138Â 292Â 806,8.0,0.0,-1.0,1648281,1.0,7,,12.0,0.0,1.0,A01,138Â 292Â 806,1.0
965765,201900007296,7,7,11:35,1,1,1,1.0,7.0,45147,RN 60 ??????,M,"47,9338400","1,9157700",45,2019,90.0,1.0,1.0,2.0,2158697,1.0,1,4,2,5.0,,0.0,0,1987.0,A01,138Â 292Â 805,1.0,0.0,-1.0,1648282,3.0,7,,0.0,0.0,8.0,A01,138Â 292Â 805,0.0
965766,201900007297,6,26,02:12,5,2,9,1.0,7.0,45338,R DE LA LIBERATION,M,"47,9904800","2,7081500",45,2019,50.0,1.0,1.0,6.0,2158698,1.0,1,4,1,5.0,,0.0,0,1999.0,A01,138Â 292Â 804,2.0,0.0,-1.0,1648283,3.0,2,,0.0,0.0,0.0,A01,138Â 292Â 804,1.0
965767,201900007298,7,6,11:21,1,2,3,1.0,1.0,37214,CROIX CHIDAINE (RUE DE LA),M,"47,4092861","0,6451301",37,2019,50.0,1.0,1.0,4.0,2158699,1.0,1,1,1,5.0,,-1.0,0,2001.0,A01,138Â 292Â 802,1.0,0.0,-1.0,1648284,3.0,7,,0.0,2.0,3.0,A01,138Â 292Â 802,1.0
965767,201900007298,7,6,11:21,1,2,3,1.0,1.0,37214,CROIX CHIDAINE (RUE DE LA),M,"47,4092861","0,6451301",37,2019,50.0,1.0,1.0,4.0,2158699,1.0,1,1,1,5.0,,-1.0,0,2001.0,A01,138Â 292Â 802,1.0,0.0,-1.0,1648285,3.0,7,,0.0,2.0,3.0,B01,138Â 292Â 803,1.0
965767,201900007298,7,6,11:21,1,2,3,1.0,1.0,37214,CROIX CHIDAINE (RUE DE LA),M,"47,4092861","0,6451301",37,2019,50.0,1.0,1.0,4.0,2158700,1.0,1,4,2,1.0,,-1.0,0,1996.0,B01,138Â 292Â 803,1.0,0.0,-1.0,1648284,3.0,7,,0.0,2.0,3.0,A01,138Â 292Â 802,1.0
965767,201900007298,7,6,11:21,1,2,3,1.0,1.0,37214,CROIX CHIDAINE (RUE DE LA),M,"47,4092861","0,6451301",37,2019,50.0,1.0,1.0,4.0,2158700,1.0,1,4,2,1.0,,-1.0,0,1996.0,B01,138Â 292Â 803,1.0,0.0,-1.0,1648285,3.0,7,,0.0,2.0,3.0,B01,138Â 292Â 803,1.0
965768,201900007299,7,4,20:35,1,2,1,1.0,3.0,34172,LAVERUNE (ROUTE DE,M,"43,6033100","3,8562900",34,2019,50.0,1.0,1.0,4.0,2158701,1.0,1,4,1,5.0,,0.0,0,2000.0,B01,138Â 292Â 800,2.0,8.0,-1.0,1648286,1.0,33,,0.0,2.0,1.0,B01,138Â 292Â 800,1.0
965768,201900007299,7,4,20:35,1,2,1,1.0,3.0,34172,LAVERUNE (ROUTE DE,M,"43,6033100","3,8562900",34,2019,50.0,1.0,1.0,4.0,2158701,1.0,1,4,1,5.0,,0.0,0,2000.0,B01,138Â 292Â 800,2.0,8.0,-1.0,1648287,2.0,7,,0.0,2.0,7.0,A01,138Â 292Â 801,1.0
965768,201900007299,7,4,20:35,1,2,1,1.0,3.0,34172,LAVERUNE (ROUTE DE,M,"43,6033100","3,8562900",34,2019,50.0,1.0,1.0,4.0,2158702,2.0,2,1,1,5.0,,0.0,0,2000.0,B01,138Â 292Â 800,2.0,8.0,-1.0,1648286,1.0,33,,0.0,2.0,1.0,B01,138Â 292Â 800,1.0
965768,201900007299,7,4,20:35,1,2,1,1.0,3.0,34172,LAVERUNE (ROUTE DE,M,"43,6033100","3,8562900",34,2019,50.0,1.0,1.0,4.0,2158702,2.0,2,1,1,5.0,,0.0,0,2000.0,B01,138Â 292Â 800,2.0,8.0,-1.0,1648287,2.0,7,,0.0,2.0,7.0,A01,138Â 292Â 801,1.0
965768,201900007299,7,4,20:35,1,2,1,1.0,3.0,34172,LAVERUNE (ROUTE DE,M,"43,6033100","3,8562900",34,2019,50.0,1.0,1.0,4.0,2158703,1.0,1,1,1,5.0,,0.0,0,1989.0,A01,138Â 292Â 801,1.0,8.0,-1.0,1648286,1.0,33,,0.0,2.0,1.0,B01,138Â 292Â 800,1.0