Unnamed: 0_x,num_acc,mois,jour,hrmn,lum,agg,int,atm,col,com,adr,gps,lat,long,dep,annee,vma,situ,surf,catr,Unnamed: 0_y,place,catu,grav,sexe,trajet,secu,locp,actp,an_nais,num_veh_x,id_vehicule_x,secu1,secu2,secu3,Unnamed: 0,senc,catv,occutc,obs,obsm,choc,num_veh_y,id_vehicule_y,motor
965768,201900007299,7,4,20:35,1,2,1,1.0,3.0,34172,LAVERUNE (ROUTE DE,M,"43,6033100","3,8562900",34,2019,50.0,1.0,1.0,4.0,2158703,1.0,1,1,1,5.0,,0.0,0,1989.0,A01,138Â 292Â 801,1.0,8.0,-1.0,1648287,2.0,7,,0.0,2.0,7.0,A01,138Â 292Â 801,1.0
965769,201900007300,7,7,13:31,1,2,1,1.0,1.0,17300,MIRABEAU   RUE,M,"46,1509900"," -1,1209300",17,2019,30.0,1.0,1.0,4.0,2158704,1.0,1,1,1,5.0,,0.0,0,1957.0,A01,138Â 292Â 798,1.0,0.0,-1.0,1648288,1.0,7,,0.0,2.0,1.0,A01,138Â 292Â 798,1.0
965769,201900007300,7,7,13:31,1,2,1,1.0,1.0,17300,MIRABEAU   RUE,M,"46,1509900"," -1,1209300",17,2019,30.0,1.0,1.0,4.0,2158704,1.0,1,1,1,5.0,,0.0,0,1957.0,A01,138Â 292Â 798,1.0,0.0,-1.0,1648289,3.0,1,,0.0,2.0,2.0,B01,138Â 292Â 799,5.0
965769,201900007300,7,7,13:31,1,2,1,1.0,1.0,17300,MIRABEAU   RUE,M,"46,1509900"," -1,1209300",17,2019,30.0,1.0,1.0,4.0,2158705,1.0,1,3,2,5.0,,0.0,0,2013.0,B01,138Â 292Â 799,8.0,0.0,-1.0,1648288,1.0,7,,0.0,2.0,1.0,A01,138Â 292Â 798,1.0
965769,201900007300,7,7,13:31,1,2,1,1.0,1.0,17300,MIRABEAU   RUE,M,"46,1509900"," -1,1209300",17,2019,30.0,1.0,1.0,4.0,2158705,1.0,1,3,2,5.0,,0.0,0,2013.0,B01,138Â 292Â 799,8.0,0.0,-1.0,1648289,3.0,1,,0.0,2.0,2.0,B01,138Â 292Â 799,5.0
965770,201900007301,7,7,17:00,1,2,1,1.0,6.0,13207,Corniche John FitzgÃ©rald Kennedy,M,"43,2883565","5,3530481",13,2019,50.0,1.0,1.0,4.0,2158706,1.0,1,1,2,0.0,,0.0,0,1999.0,A01,138Â 292Â 797,2.0,0.0,-1.0,1648290,1.0,30,,0.0,1.0,1.0,A01,138Â 292Â 797,1.0
965770,201900007301,7,7,17:00,1,2,1,1.0,6.0,13207,Corniche John FitzgÃ©rald Kennedy,M,"43,2883565","5,3530481",13,2019,50.0,1.0,1.0,4.0,2158707,10.0,3,4,2,5.0,,2.0,3,1990.0,A01,138Â 292Â 797,8.0,0.0,-1.0,1648290,1.0,30,,0.0,1.0,1.0,A01,138Â 292Â 797,1.0
965770,201900007301,7,7,17:00,1,2,1,1.0,6.0,13207,Corniche John FitzgÃ©rald Kennedy,M,"43,2883565","5,3530481",13,2019,50.0,1.0,1.0,4.0,2158708,10.0,3,4,2,5.0,,2.0,3,1999.0,A01,138Â 292Â 797,8.0,0.0,-1.0,1648290,1.0,30,,0.0,1.0,1.0,A01,138Â 292Â 797,1.0
965771,201900007302,7,7,13:00,1,2,1,1.0,3.0,13209,CASSIS (ANCIEN CHEMIN DE),M,"43,2597500","5,4174800",13,2019,50.0,1.0,1.0,4.0,2158709,1.0,1,4,1,0.0,,-1.0,0,1968.0,B01,138Â 292Â 795,1.0,8.0,-1.0,1648291,1.0,7,,0.0,2.0,1.0,B01,138Â 292Â 795,1.0
965771,201900007302,7,7,13:00,1,2,1,1.0,3.0,13209,CASSIS (ANCIEN CHEMIN DE),M,"43,2597500","5,4174800",13,2019,50.0,1.0,1.0,4.0,2158709,1.0,1,4,1,0.0,,-1.0,0,1968.0,B01,138Â 292Â 795,1.0,8.0,-1.0,1648292,1.0,7,,0.0,2.0,4.0,A01,138Â 292Â 796,1.0
965771,201900007302,7,7,13:00,1,2,1,1.0,3.0,13209,CASSIS (ANCIEN CHEMIN DE),M,"43,2597500","5,4174800",13,2019,50.0,1.0,1.0,4.0,2158710,1.0,1,1,1,0.0,,-1.0,0,1987.0,A01,138Â 292Â 796,8.0,8.0,-1.0,1648291,1.0,7,,0.0,2.0,1.0,B01,138Â 292Â 795,1.0
965771,201900007302,7,7,13:00,1,2,1,1.0,3.0,13209,CASSIS (ANCIEN CHEMIN DE),M,"43,2597500","5,4174800",13,2019,50.0,1.0,1.0,4.0,2158710,1.0,1,1,1,0.0,,-1.0,0,1987.0,A01,138Â 292Â 796,8.0,8.0,-1.0,1648292,1.0,7,,0.0,2.0,4.0,A01,138Â 292Â 796,1.0
965772,201900007303,7,7,12:00,1,2,4,1.0,1.0,13212,LA FOURRAGERE (AVENUE),M,"43,2994390","5,4302690",13,2019,30.0,2.0,1.0,4.0,2158711,1.0,1,4,2,5.0,,-1.0, -1,1964.0,A01,138Â 292Â 793,1.0,0.0,-1.0,1648293,1.0,7,,0.0,2.0,1.0,A01,138Â 292Â 793,1.0
965772,201900007303,7,7,12:00,1,2,4,1.0,1.0,13212,LA FOURRAGERE (AVENUE),M,"43,2994390","5,4302690",13,2019,30.0,2.0,1.0,4.0,2158711,1.0,1,4,2,5.0,,-1.0, -1,1964.0,A01,138Â 292Â 793,1.0,0.0,-1.0,1648294,0.0,7,,0.0,2.0,4.0,Z01,138Â 292Â 794,0.0
965772,201900007303,7,7,12:00,1,2,4,1.0,1.0,13212,LA FOURRAGERE (AVENUE),M,"43,2994390","5,4302690",13,2019,30.0,2.0,1.0,4.0,2158712,2.0,2,1,1,5.0,,-1.0, -1,1966.0,A01,138Â 292Â 793,1.0,0.0,-1.0,1648293,1.0,7,,0.0,2.0,1.0,A01,138Â 292Â 793,1.0
965772,201900007303,7,7,12:00,1,2,4,1.0,1.0,13212,LA FOURRAGERE (AVENUE),M,"43,2994390","5,4302690",13,2019,30.0,2.0,1.0,4.0,2158712,2.0,2,1,1,5.0,,-1.0, -1,1966.0,A01,138Â 292Â 793,1.0,0.0,-1.0,1648294,0.0,7,,0.0,2.0,4.0,Z01,138Â 292Â 794,0.0
965772,201900007303,7,7,12:00,1,2,4,1.0,1.0,13212,LA FOURRAGERE (AVENUE),M,"43,2994390","5,4302690",13,2019,30.0,2.0,1.0,4.0,2158713,1.0,1,1,1,0.0,,-1.0, -1,2000.0,Z01,138Â 292Â 794,1.0,0.0,-1.0,1648293,1.0,7,,0.0,2.0,1.0,A01,138Â 292Â 793,1.0
965772,201900007303,7,7,12:00,1,2,4,1.0,1.0,13212,LA FOURRAGERE (AVENUE),M,"43,2994390","5,4302690",13,2019,30.0,2.0,1.0,4.0,2158713,1.0,1,1,1,0.0,,-1.0, -1,2000.0,Z01,138Â 292Â 794,1.0,0.0,-1.0,1648294,0.0,7,,0.0,2.0,4.0,Z01,138Â 292Â 794,0.0
965773,201900007304,7,6,17:15,1,2,1,1.0,6.0,13212,ROUGEMONT (BOULEVARD),M,"43,3082400","5,4403600",13,2019,30.0,1.0,1.0,9.0,2158714,1.0,1,4,1,0.0,,-1.0, -1,1998.0,B01,138Â 292Â 791,1.0,0.0,-1.0,1648295,1.0,7,,0.0,2.0,3.0,B01,138Â 292Â 791,1.0
965773,201900007304,7,6,17:15,1,2,1,1.0,6.0,13212,ROUGEMONT (BOULEVARD),M,"43,3082400","5,4403600",13,2019,30.0,1.0,1.0,9.0,2158714,1.0,1,4,1,0.0,,-1.0, -1,1998.0,B01,138Â 292Â 791,1.0,0.0,-1.0,1648296,1.0,7,,0.0,2.0,2.0,A01,138Â 292Â 792,1.0
965773,201900007304,7,6,17:15,1,2,1,1.0,6.0,13212,ROUGEMONT (BOULEVARD),M,"43,3082400","5,4403600",13,2019,30.0,1.0,1.0,9.0,2158715,1.0,1,1,1,5.0,,-1.0, -1,1984.0,A01,138Â 292Â 792,1.0,0.0,-1.0,1648295,1.0,7,,0.0,2.0,3.0,B01,138Â 292Â 791,1.0
965773,201900007304,7,6,17:15,1,2,1,1.0,6.0,13212,ROUGEMONT (BOULEVARD),M,"43,3082400","5,4403600",13,2019,30.0,1.0,1.0,9.0,2158715,1.0,1,1,1,5.0,,-1.0, -1,1984.0,A01,138Â 292Â 792,1.0,0.0,-1.0,1648296,1.0,7,,0.0,2.0,2.0,A01,138Â 292Â 792,1.0
965774,201900007305,7,7,18:15,1,2,9,1.0,6.0,13070,RESTANQUES (CHEMIN DES),M,"43,2817700","5,5062500",13,2019,50.0,1.0,1.0,6.0,2158716,10.0,3,3,2,5.0,,2.0,3,2013.0,A01,138Â 292Â 790,8.0,0.0,-1.0,1648297,3.0,7,,0.0,1.0,3.0,A01,138Â 292Â 790,1.0
965774,201900007305,7,7,18:15,1,2,9,1.0,6.0,13070,RESTANQUES (CHEMIN DES),M,"43,2817700","5,5062500",13,2019,50.0,1.0,1.0,6.0,2158717,1.0,1,1,2,4.0,,-1.0, -1,1959.0,A01,138Â 292Â 790,1.0,8.0,-1.0,1648297,3.0,7,,0.0,1.0,3.0,A01,138Â 292Â 790,1.0
965775,201900007306,7,7,04:11,5,2,2,1.0,3.0,06088,CASSIN (BD RENE),M,"43,6733800","7,2254700",6,2019,30.0,1.0,1.0,4.0,2158718,4.0,2,4,1,0.0,,0.0,0,2003.0,A01,138Â 292Â 788,1.0,0.0,-1.0,1648298,1.0,10,,0.0,2.0,1.0,A01,138Â 292Â 788,1.0
965775,201900007306,7,7,04:11,5,2,2,1.0,3.0,06088,CASSIN (BD RENE),M,"43,6733800","7,2254700",6,2019,30.0,1.0,1.0,4.0,2158718,4.0,2,4,1,0.0,,0.0,0,2003.0,A01,138Â 292Â 788,1.0,0.0,-1.0,1648299,1.0,10,,9.0,2.0,3.0,B01,138Â 292Â 789,1.0
965775,201900007306,7,7,04:11,5,2,2,1.0,3.0,06088,CASSIN (BD RENE),M,"43,6733800","7,2254700",6,2019,30.0,1.0,1.0,4.0,2158719,1.0,1,4,1,0.0,,0.0,0,1965.0,A01,138Â 292Â 788,1.0,0.0,-1.0,1648298,1.0,10,,0.0,2.0,1.0,A01,138Â 292Â 788,1.0
965775,201900007306,7,7,04:11,5,2,2,1.0,3.0,06088,CASSIN (BD RENE),M,"43,6733800","7,2254700",6,2019,30.0,1.0,1.0,4.0,2158719,1.0,1,4,1,0.0,,0.0,0,1965.0,A01,138Â 292Â 788,1.0,0.0,-1.0,1648299,1.0,10,,9.0,2.0,3.0,B01,138Â 292Â 789,1.0
965775,201900007306,7,7,04:11,5,2,2,1.0,3.0,06088,CASSIN (BD RENE),M,"43,6733800","7,2254700",6,2019,30.0,1.0,1.0,4.0,2158720,2.0,2,4,1,0.0,,0.0,0,1961.0,A01,138Â 292Â 788,1.0,0.0,-1.0,1648298,1.0,10,,0.0,2.0,1.0,A01,138Â 292Â 788,1.0
965775,201900007306,7,7,04:11,5,2,2,1.0,3.0,06088,CASSIN (BD RENE),M,"43,6733800","7,2254700",6,2019,30.0,1.0,1.0,4.0,2158720,2.0,2,4,1,0.0,,0.0,0,1961.0,A01,138Â 292Â 788,1.0,0.0,-1.0,1648299,1.0,10,,9.0,2.0,3.0,B01,138Â 292Â 789,1.0
965775,201900007306,7,7,04:11,5,2,2,1.0,3.0,06088,CASSIN (BD RENE),M,"43,6733800","7,2254700",6,2019,30.0,1.0,1.0,4.0,2158721,1.0,1,3,1,5.0,,0.0,0,1986.0,B01,138Â 292Â 789,1.0,0.0,-1.0,1648298,1.0,10,,0.0,2.0,1.0,A01,138Â 292Â 788,1.0
965775,201900007306,7,7,04:11,5,2,2,1.0,3.0,06088,CASSIN (BD RENE),M,"43,6733800","7,2254700",6,2019,30.0,1.0,1.0,4.0,2158721,1.0,1,3,1,5.0,,0.0,0,1986.0,B01,138Â 292Â 789,1.0,0.0,-1.0,1648299,1.0,10,,9.0,2.0,3.0,B01,138Â 292Â 789,1.0
965776,201900007307,7,7,20:00,1,2,1,1.0,7.0,06069,ROTHSCHILD (BOULEVARD ALICE DE),M,"43,6674900","6,9347700",6,2019,50.0,1.0,1.0,3.0,2158722,1.0,1,4,1,5.0,,0.0,0,1974.0,A01,138Â 292Â 787,2.0,6.0,-1.0,1648300,2.0,33,,1.0,0.0,8.0,A01,138Â 292Â 787,1.0
965777,201900007308,7,7,04:16,5,2,1,1.0,3.0,06029,LORRAINE (BOULEVARD DE),M,"43,5529800","7,0280900",6,2019,50.0,1.0,1.0,4.0,2158723,2.0,2,1,1,5.0,,0.0,0,1999.0,A01,138Â 292Â 785,1.0,0.0,-1.0,1648301,1.0,7,,0.0,2.0,1.0,A01,138Â 292Â 785,1.0
965777,201900007308,7,7,04:16,5,2,1,1.0,3.0,06029,LORRAINE (BOULEVARD DE),M,"43,5529800","7,0280900",6,2019,50.0,1.0,1.0,4.0,2158723,2.0,2,1,1,5.0,,0.0,0,1999.0,A01,138Â 292Â 785,1.0,0.0,-1.0,1648302,2.0,7,,0.0,2.0,7.0,B01,138Â 292Â 786,0.0
965777,201900007308,7,7,04:16,5,2,1,1.0,3.0,06029,LORRAINE (BOULEVARD DE),M,"43,5529800","7,0280900",6,2019,50.0,1.0,1.0,4.0,2158724,3.0,2,1,1,5.0,,0.0,0,2000.0,A01,138Â 292Â 785,1.0,0.0,-1.0,1648301,1.0,7,,0.0,2.0,1.0,A01,138Â 292Â 785,1.0
965777,201900007308,7,7,04:16,5,2,1,1.0,3.0,06029,LORRAINE (BOULEVARD DE),M,"43,5529800","7,0280900",6,2019,50.0,1.0,1.0,4.0,2158724,3.0,2,1,1,5.0,,0.0,0,2000.0,A01,138Â 292Â 785,1.0,0.0,-1.0,1648302,2.0,7,,0.0,2.0,7.0,B01,138Â 292Â 786,0.0
965777,201900007308,7,7,04:16,5,2,1,1.0,3.0,06029,LORRAINE (BOULEVARD DE),M,"43,5529800","7,0280900",6,2019,50.0,1.0,1.0,4.0,2158725,1.0,1,1,1,5.0,,-1.0, -1,1998.0,A01,138Â 292Â 785,1.0,0.0,-1.0,1648301,1.0,7,,0.0,2.0,1.0,A01,138Â 292Â 785,1.0
965777,201900007308,7,7,04:16,5,2,1,1.0,3.0,06029,LORRAINE (BOULEVARD DE),M,"43,5529800","7,0280900",6,2019,50.0,1.0,1.0,4.0,2158725,1.0,1,1,1,5.0,,-1.0, -1,1998.0,A01,138Â 292Â 785,1.0,0.0,-1.0,1648302,2.0,7,,0.0,2.0,7.0,B01,138Â 292Â 786,0.0
965777,201900007308,7,7,04:16,5,2,1,1.0,3.0,06029,LORRAINE (BOULEVARD DE),M,"43,5529800","7,0280900",6,2019,50.0,1.0,1.0,4.0,2158726,1.0,1,2,1,5.0,,0.0,0,1990.0,B01,138Â 292Â 786,1.0,0.0,-1.0,1648301,1.0,7,,0.0,2.0,1.0,A01,138Â 292Â 785,1.0
965777,201900007308,7,7,04:16,5,2,1,1.0,3.0,06029,LORRAINE (BOULEVARD DE),M,"43,5529800","7,0280900",6,2019,50.0,1.0,1.0,4.0,2158726,1.0,1,2,1,5.0,,0.0,0,1990.0,B01,138Â 292Â 786,1.0,0.0,-1.0,1648302,2.0,7,,0.0,2.0,7.0,B01,138Â 292Â 786,0.0
965777,201900007308,7,7,04:16,5,2,1,1.0,3.0,06029,LORRAINE (BOULEVARD DE),M,"43,5529800","7,0280900",6,2019,50.0,1.0,1.0,4.0,2158727,2.0,2,3,2,0.0,,0.0,0,1998.0,B01,138Â 292Â 786,1.0,0.0,-1.0,1648301,1.0,7,,0.0,2.0,1.0,A01,138Â 292Â 785,1.0
965777,201900007308,7,7,04:16,5,2,1,1.0,3.0,06029,LORRAINE (BOULEVARD DE),M,"43,5529800","7,0280900",6,2019,50.0,1.0,1.0,4.0,2158727,2.0,2,3,2,0.0,,0.0,0,1998.0,B01,138Â 292Â 786,1.0,0.0,-1.0,1648302,2.0,7,,0.0,2.0,7.0,B01,138Â 292Â 786,0.0
965778,201900007309,7,7,16:35,1,2,1,1.0,3.0,75112,PORTE DE CHARENTON,M,"48,8296400","2,4010760",75,2019,70.0,1.0,1.0,4.0,2158728,1.0,1,1,1,5.0,,0.0,0,1989.0,B01,138Â 292Â 783,1.0,0.0,-1.0,1648303,1.0,7,,0.0,2.0,2.0,B01,138Â 292Â 783,2.0
965778,201900007309,7,7,16:35,1,2,1,1.0,3.0,75112,PORTE DE CHARENTON,M,"48,8296400","2,4010760",75,2019,70.0,1.0,1.0,4.0,2158728,1.0,1,1,1,5.0,,0.0,0,1989.0,B01,138Â 292Â 783,1.0,0.0,-1.0,1648304,1.0,31,,0.0,2.0,8.0,A01,138Â 292Â 784,1.0
965778,201900007309,7,7,16:35,1,2,1,1.0,3.0,75112,PORTE DE CHARENTON,M,"48,8296400","2,4010760",75,2019,70.0,1.0,1.0,4.0,2158729,1.0,1,4,1,5.0,,0.0,0,1952.0,A01,138Â 292Â 784,2.0,6.0,-1.0,1648303,1.0,7,,0.0,2.0,2.0,B01,138Â 292Â 783,2.0
965778,201900007309,7,7,16:35,1,2,1,1.0,3.0,75112,PORTE DE CHARENTON,M,"48,8296400","2,4010760",75,2019,70.0,1.0,1.0,4.0,2158729,1.0,1,4,1,5.0,,0.0,0,1952.0,A01,138Â 292Â 784,2.0,6.0,-1.0,1648304,1.0,31,,0.0,2.0,8.0,A01,138Â 292Â 784,1.0
965779,201900007310,7,6,18:20,1,2,1,1.0,3.0,75117,BOULEVARD PERIPHERIQUE,M,"48,8845780","2,2863010",75,2019,70.0,1.0,1.0,4.0,2158730,1.0,1,4,1,1.0,,0.0,0,1970.0,B01,138Â 292Â 781,2.0,6.0,-1.0,1648305,1.0,33,,0.0,2.0,8.0,B01,138Â 292Â 781,1.0
965779,201900007310,7,6,18:20,1,2,1,1.0,3.0,75117,BOULEVARD PERIPHERIQUE,M,"48,8845780","2,2863010",75,2019,70.0,1.0,1.0,4.0,2158730,1.0,1,4,1,1.0,,0.0,0,1970.0,B01,138Â 292Â 781,2.0,6.0,-1.0,1648306,1.0,7,,0.0,2.0,7.0,A01,138Â 292Â 782,1.0
965779,201900007310,7,6,18:20,1,2,1,1.0,3.0,75117,BOULEVARD PERIPHERIQUE,M,"48,8845780","2,2863010",75,2019,70.0,1.0,1.0,4.0,2158731,1.0,1,1,2,5.0,,0.0,0,1983.0,A01,138Â 292Â 782,1.0,0.0,-1.0,1648305,1.0,33,,0.0,2.0,8.0,B01,138Â 292Â 781,1.0
965779,201900007310,7,6,18:20,1,2,1,1.0,3.0,75117,BOULEVARD PERIPHERIQUE,M,"48,8845780","2,2863010",75,2019,70.0,1.0,1.0,4.0,2158731,1.0,1,1,2,5.0,,0.0,0,1983.0,A01,138Â 292Â 782,1.0,0.0,-1.0,1648306,1.0,7,,0.0,2.0,7.0,A01,138Â 292Â 782,1.0
965780,201900007311,7,6,22:45,5,2,1,1.0,2.0,75105,RUE DU CARDINAL LEMOINE,M,"48,8469200","2,3520830",75,2019,50.0,1.0,1.0,4.0,2158732,1.0,1,1,1,9.0,,0.0,0,1982.0,B01,138Â 292Â 779,1.0,0.0,-1.0,1648307,2.0,7,,0.0,2.0,4.0,B01,138Â 292Â 779,1.0
965780,201900007311,7,6,22:45,5,2,1,1.0,2.0,75105,RUE DU CARDINAL LEMOINE,M,"48,8469200","2,3520830",75,2019,50.0,1.0,1.0,4.0,2158732,1.0,1,1,1,9.0,,0.0,0,1982.0,B01,138Â 292Â 779,1.0,0.0,-1.0,1648308,2.0,30,,0.0,2.0,1.0,A01,138Â 292Â 780,1.0
965780,201900007311,7,6,22:45,5,2,1,1.0,2.0,75105,RUE DU CARDINAL LEMOINE,M,"48,8469200","2,3520830",75,2019,50.0,1.0,1.0,4.0,2158733,1.0,1,4,1,9.0,,0.0,0,1997.0,A01,138Â 292Â 780,2.0,6.0,-1.0,1648307,2.0,7,,0.0,2.0,4.0,B01,138Â 292Â 779,1.0
965780,201900007311,7,6,22:45,5,2,1,1.0,2.0,75105,RUE DU CARDINAL LEMOINE,M,"48,8469200","2,3520830",75,2019,50.0,1.0,1.0,4.0,2158733,1.0,1,4,1,9.0,,0.0,0,1997.0,A01,138Â 292Â 780,2.0,6.0,-1.0,1648308,2.0,30,,0.0,2.0,1.0,A01,138Â 292Â 780,1.0
965781,201900007312,7,7,20:18,1,2,1,1.0,6.0,75120,RUE DES PYRENEES,M,"48,8540380","2,4057030",75,2019,50.0,1.0,1.0,4.0,2158734,10.0,3,4,2,9.0,,3.0,3,1984.0,Z01,138Â 292Â 778,8.0,0.0,-1.0,1648309,1.0,43,,0.0,1.0,0.0,Z01,138Â 292Â 778,1.0
965782,201900007313,7,7,01:05,5,2,2,1.0,3.0,75120,AVENUE LEON GAUMONT,M,"48,8493270","2,4162210",75,2019,50.0,5.0,1.0,4.0,2158735,1.0,1,4,1,9.0,,0.0,0,1967.0,A01,138Â 292Â 776,2.0,0.0,-1.0,1648310,1.0,1,,0.0,2.0,7.0,A01,138Â 292Â 776,5.0
965782,201900007313,7,7,01:05,5,2,2,1.0,3.0,75120,AVENUE LEON GAUMONT,M,"48,8493270","2,4162210",75,2019,50.0,5.0,1.0,4.0,2158735,1.0,1,4,1,9.0,,0.0,0,1967.0,A01,138Â 292Â 776,2.0,0.0,-1.0,1648311,1.0,7,,0.0,2.0,1.0,B01,138Â 292Â 777,1.0
965782,201900007313,7,7,01:05,5,2,2,1.0,3.0,75120,AVENUE LEON GAUMONT,M,"48,8493270","2,4162210",75,2019,50.0,5.0,1.0,4.0,2158736,4.0,2,1,1,4.0,,0.0,0,1992.0,B01,138Â 292Â 777,1.0,0.0,-1.0,1648310,1.0,1,,0.0,2.0,7.0,A01,138Â 292Â 776,5.0
965782,201900007313,7,7,01:05,5,2,2,1.0,3.0,75120,AVENUE LEON GAUMONT,M,"48,8493270","2,4162210",75,2019,50.0,5.0,1.0,4.0,2158736,4.0,2,1,1,4.0,,0.0,0,1992.0,B01,138Â 292Â 777,1.0,0.0,-1.0,1648311,1.0,7,,0.0,2.0,1.0,B01,138Â 292Â 777,1.0
965782,201900007313,7,7,01:05,5,2,2,1.0,3.0,75120,AVENUE LEON GAUMONT,M,"48,8493270","2,4162210",75,2019,50.0,5.0,1.0,4.0,2158737,3.0,2,1,1,4.0,,0.0,0,1996.0,B01,138Â 292Â 777,1.0,0.0,-1.0,1648310,1.0,1,,0.0,2.0,7.0,A01,138Â 292Â 776,5.0
965782,201900007313,7,7,01:05,5,2,2,1.0,3.0,75120,AVENUE LEON GAUMONT,M,"48,8493270","2,4162210",75,2019,50.0,5.0,1.0,4.0,2158737,3.0,2,1,1,4.0,,0.0,0,1996.0,B01,138Â 292Â 777,1.0,0.0,-1.0,1648311,1.0,7,,0.0,2.0,1.0,B01,138Â 292Â 777,1.0
965782,201900007313,7,7,01:05,5,2,2,1.0,3.0,75120,AVENUE LEON GAUMONT,M,"48,8493270","2,4162210",75,2019,50.0,5.0,1.0,4.0,2158738,2.0,2,1,1,4.0,,0.0,0,1975.0,B01,138Â 292Â 777,1.0,0.0,-1.0,1648310,1.0,1,,0.0,2.0,7.0,A01,138Â 292Â 776,5.0
965782,201900007313,7,7,01:05,5,2,2,1.0,3.0,75120,AVENUE LEON GAUMONT,M,"48,8493270","2,4162210",75,2019,50.0,5.0,1.0,4.0,2158738,2.0,2,1,1,4.0,,0.0,0,1975.0,B01,138Â 292Â 777,1.0,0.0,-1.0,1648311,1.0,7,,0.0,2.0,1.0,B01,138Â 292Â 777,1.0
965782,201900007313,7,7,01:05,5,2,2,1.0,3.0,75120,AVENUE LEON GAUMONT,M,"48,8493270","2,4162210",75,2019,50.0,5.0,1.0,4.0,2158739,1.0,1,1,1,4.0,,0.0,0,1989.0,B01,138Â 292Â 777,1.0,0.0,-1.0,1648310,1.0,1,,0.0,2.0,7.0,A01,138Â 292Â 776,5.0
965782,201900007313,7,7,01:05,5,2,2,1.0,3.0,75120,AVENUE LEON GAUMONT,M,"48,8493270","2,4162210",75,2019,50.0,5.0,1.0,4.0,2158739,1.0,1,1,1,4.0,,0.0,0,1989.0,B01,138Â 292Â 777,1.0,0.0,-1.0,1648311,1.0,7,,0.0,2.0,1.0,B01,138Â 292Â 777,1.0
965783,201900007314,7,7,16:39,1,2,1,1.0,6.0,75119,RUE MANIN,M,"48,8830590","2,3860850",75,2019,30.0,1.0,1.0,4.0,2158740,1.0,1,1,2,1.0,,0.0,0,1971.0,A01,138Â 292Â 775,1.0,0.0,-1.0,1648312,3.0,7,,0.0,1.0,2.0,A01,138Â 292Â 775,1.0
965783,201900007314,7,7,16:39,1,2,1,1.0,6.0,75119,RUE MANIN,M,"48,8830590","2,3860850",75,2019,30.0,1.0,1.0,4.0,2158741,10.0,3,4,1,5.0,,2.0,3,1996.0,A01,138Â 292Â 775,8.0,0.0,-1.0,1648312,3.0,7,,0.0,1.0,2.0,A01,138Â 292Â 775,1.0
965784,201900007315,7,6,21:25,2,2,1,1.0,6.0,75118,RUE BELLIARD,M,"48,8979330","2,3519980",75,2019,50.0,1.0,1.0,4.0,2158742,1.0,1,4,1,5.0,,0.0,0,1977.0,A01,138Â 292Â 773,2.0,6.0,-1.0,1648313,2.0,30,,0.0,2.0,8.0,A01,138Â 292Â 773,1.0
965784,201900007315,7,6,21:25,2,2,1,1.0,6.0,75118,RUE BELLIARD,M,"48,8979330","2,3519980",75,2019,50.0,1.0,1.0,4.0,2158742,1.0,1,4,1,5.0,,0.0,0,1977.0,A01,138Â 292Â 773,2.0,6.0,-1.0,1648314,2.0,7,,0.0,2.0,7.0,Z01,138Â 292Â 774,1.0
965785,201900007316,7,7,09:15,1,2,3,1.0,6.0,75116,AVENUE DE VERSAILLES,M,"48,8417410","2,2669060",75,2019,50.0,1.0,1.0,4.0,2158743,1.0,1,1,1,9.0,,0.0,0,1977.0,A01,138Â 292Â 772,1.0,0.0,-1.0,1648315,1.0,7,,0.0,1.0,1.0,A01,138Â 292Â 772,1.0
965785,201900007316,7,7,09:15,1,2,3,1.0,6.0,75116,AVENUE DE VERSAILLES,M,"48,8417410","2,2669060",75,2019,50.0,1.0,1.0,4.0,2158744,10.0,3,4,1,1.0,,3.0,3,1995.0,A01,138Â 292Â 772,8.0,0.0,-1.0,1648315,1.0,7,,0.0,1.0,1.0,A01,138Â 292Â 772,1.0
965786,201900007317,7,7,18:35,1,2,1,1.0,4.0,75112,ROUTE DE LA FALUERE,M,"48,8322970","2,4417300",75,2019,50.0,5.0,1.0,4.0,2158745,1.0,1,4,1,5.0,,0.0,0,1982.0,C01,138Â 292Â 769,2.0,0.0,-1.0,1648316,1.0,1,,0.0,2.0,1.0,C01,138Â 292Â 769,5.0
965786,201900007317,7,7,18:35,1,2,1,1.0,4.0,75112,ROUTE DE LA FALUERE,M,"48,8322970","2,4417300",75,2019,50.0,5.0,1.0,4.0,2158745,1.0,1,4,1,5.0,,0.0,0,1982.0,C01,138Â 292Â 769,2.0,0.0,-1.0,1648317,1.0,1,,0.0,2.0,1.0,B01,138Â 292Â 770,5.0
965786,201900007317,7,7,18:35,1,2,1,1.0,4.0,75112,ROUTE DE LA FALUERE,M,"48,8322970","2,4417300",75,2019,50.0,5.0,1.0,4.0,2158745,1.0,1,4,1,5.0,,0.0,0,1982.0,C01,138Â 292Â 769,2.0,0.0,-1.0,1648318,1.0,1,,0.0,2.0,4.0,A01,138Â 292Â 771,5.0
965786,201900007317,7,7,18:35,1,2,1,1.0,4.0,75112,ROUTE DE LA FALUERE,M,"48,8322970","2,4417300",75,2019,50.0,5.0,1.0,4.0,2158746,1.0,1,4,1,5.0,,0.0,0,1992.0,B01,138Â 292Â 770,2.0,0.0,-1.0,1648316,1.0,1,,0.0,2.0,1.0,C01,138Â 292Â 769,5.0
965786,201900007317,7,7,18:35,1,2,1,1.0,4.0,75112,ROUTE DE LA FALUERE,M,"48,8322970","2,4417300",75,2019,50.0,5.0,1.0,4.0,2158746,1.0,1,4,1,5.0,,0.0,0,1992.0,B01,138Â 292Â 770,2.0,0.0,-1.0,1648317,1.0,1,,0.0,2.0,1.0,B01,138Â 292Â 770,5.0