Unnamed: 0_x,num_acc,mois,jour,hrmn,lum,agg,int,atm,col,com,adr,gps,lat,long,dep,annee,vma,situ,surf,catr,Unnamed: 0_y,place,catu,grav,sexe,trajet,secu,locp,actp,an_nais,num_veh_x,id_vehicule_x,secu1,secu2,secu3,Unnamed: 0,senc,catv,occutc,obs,obsm,choc,num_veh_y,id_vehicule_y,motor
965786,201900007317,7,7,18:35,1,2,1,1.0,4.0,75112,ROUTE DE LA FALUERE,M,"48,8322970","2,4417300",75,2019,50.0,5.0,1.0,4.0,2158746,1.0,1,4,1,5.0,,0.0,0,1992.0,B01,138Â 292Â 770,2.0,0.0,-1.0,1648318,1.0,1,,0.0,2.0,4.0,A01,138Â 292Â 771,5.0
965786,201900007317,7,7,18:35,1,2,1,1.0,4.0,75112,ROUTE DE LA FALUERE,M,"48,8322970","2,4417300",75,2019,50.0,5.0,1.0,4.0,2158747,1.0,1,1,1,5.0,,0.0,0,1992.0,A01,138Â 292Â 771,2.0,0.0,-1.0,1648316,1.0,1,,0.0,2.0,1.0,C01,138Â 292Â 769,5.0
965786,201900007317,7,7,18:35,1,2,1,1.0,4.0,75112,ROUTE DE LA FALUERE,M,"48,8322970","2,4417300",75,2019,50.0,5.0,1.0,4.0,2158747,1.0,1,1,1,5.0,,0.0,0,1992.0,A01,138Â 292Â 771,2.0,0.0,-1.0,1648317,1.0,1,,0.0,2.0,1.0,B01,138Â 292Â 770,5.0
965786,201900007317,7,7,18:35,1,2,1,1.0,4.0,75112,ROUTE DE LA FALUERE,M,"48,8322970","2,4417300",75,2019,50.0,5.0,1.0,4.0,2158747,1.0,1,1,1,5.0,,0.0,0,1992.0,A01,138Â 292Â 771,2.0,0.0,-1.0,1648318,1.0,1,,0.0,2.0,4.0,A01,138Â 292Â 771,5.0
965787,201900007318,7,7,15:40,1,2,1,1.0,6.0,75111,BOULEVARD DE CHARONNE,M,"48,8532160","2,3967820",75,2019,50.0,1.0,1.0,4.0,2158748,10.0,3,4,1,5.0,,2.0,3,2015.0,A01,138Â 292Â 766,8.0,0.0,-1.0,1648319,2.0,7,,0.0,1.0,1.0,A01,138Â 292Â 766,1.0
965787,201900007318,7,7,15:40,1,2,1,1.0,6.0,75111,BOULEVARD DE CHARONNE,M,"48,8532160","2,3967820",75,2019,50.0,1.0,1.0,4.0,2158749,1.0,1,1,1,5.0,,0.0,0,1993.0,A01,138Â 292Â 766,1.0,0.0,-1.0,1648319,2.0,7,,0.0,1.0,1.0,A01,138Â 292Â 766,1.0
965788,201900007319,7,7,19:55,1,2,2,1.0,3.0,75107,QUAI D ORSAY,M,"48,8625740","2,3103960",75,2019,50.0,5.0,1.0,4.0,2158750,1.0,1,4,2,5.0,,0.0,0,1986.0,A01,138Â 292Â 764,2.0,0.0,-1.0,1648320,1.0,1,,0.0,2.0,7.0,A01,138Â 292Â 764,5.0
965788,201900007319,7,7,19:55,1,2,2,1.0,3.0,75107,QUAI D ORSAY,M,"48,8625740","2,3103960",75,2019,50.0,5.0,1.0,4.0,2158750,1.0,1,4,2,5.0,,0.0,0,1986.0,A01,138Â 292Â 764,2.0,0.0,-1.0,1648321,1.0,7,,0.0,2.0,0.0,B01,138Â 292Â 765,2.0
965788,201900007319,7,7,19:55,1,2,2,1.0,3.0,75107,QUAI D ORSAY,M,"48,8625740","2,3103960",75,2019,50.0,5.0,1.0,4.0,2158751,1.0,1,1,1,5.0,,0.0,0,1982.0,B01,138Â 292Â 765,1.0,0.0,-1.0,1648320,1.0,1,,0.0,2.0,7.0,A01,138Â 292Â 764,5.0
965788,201900007319,7,7,19:55,1,2,2,1.0,3.0,75107,QUAI D ORSAY,M,"48,8625740","2,3103960",75,2019,50.0,5.0,1.0,4.0,2158751,1.0,1,1,1,5.0,,0.0,0,1982.0,B01,138Â 292Â 765,1.0,0.0,-1.0,1648321,1.0,7,,0.0,2.0,0.0,B01,138Â 292Â 765,2.0
965789,201900007320,7,7,02:50,5,2,2,1.0,6.0,75104,QUAI DE L HOTEL DE VILLE,M,"48,8559980","2,3508890",75,2019,50.0,1.0,1.0,4.0,2158752,1.0,1,4,1,5.0,,0.0,0,1985.0,A01,138Â 292Â 763,2.0,6.0,-1.0,1648322,2.0,32,,11.0,0.0,0.0,A01,138Â 292Â 763,1.0
965789,201900007320,7,7,02:50,5,2,2,1.0,6.0,75104,QUAI DE L HOTEL DE VILLE,M,"48,8559980","2,3508890",75,2019,50.0,1.0,1.0,4.0,2158753,2.0,2,4,2,5.0,,0.0,0,1986.0,A01,138Â 292Â 763,2.0,6.0,-1.0,1648322,2.0,32,,11.0,0.0,0.0,A01,138Â 292Â 763,1.0
965790,201900007321,7,7,20:45,1,2,2,1.0,6.0,75104,BOULEVARD MORLAND,M,"48,8474660","2,3655320",75,2019,50.0,1.0,1.0,4.0,2158754,1.0,1,1,2,5.0,,0.0,0,1997.0,A01,138Â 292Â 762,1.0,0.0,-1.0,1648323,1.0,7,,0.0,1.0,3.0,A01,138Â 292Â 762,1.0
965790,201900007321,7,7,20:45,1,2,2,1.0,6.0,75104,BOULEVARD MORLAND,M,"48,8474660","2,3655320",75,2019,50.0,1.0,1.0,4.0,2158755,10.0,3,4,1,5.0,,4.0,3,1992.0,A01,138Â 292Â 762,8.0,0.0,-1.0,1648323,1.0,7,,0.0,1.0,3.0,A01,138Â 292Â 762,1.0
965791,201900007322,7,6,07:00,1,2,1,1.0,5.0,94068,FOCH (AV),M,"48,8017600","2,4900000",94,2019,50.0,1.0,1.0,3.0,2158756,1.0,1,1,1,0.0,,-1.0,0,1991.0,C01,138Â 292Â 759,1.0,0.0,-1.0,1648324,3.0,7,,0.0,2.0,0.0,D01,138Â 292Â 758,0.0
965791,201900007322,7,6,07:00,1,2,1,1.0,5.0,94068,FOCH (AV),M,"48,8017600","2,4900000",94,2019,50.0,1.0,1.0,3.0,2158756,1.0,1,1,1,0.0,,-1.0,0,1991.0,C01,138Â 292Â 759,1.0,0.0,-1.0,1648325,3.0,7,,0.0,0.0,8.0,C01,138Â 292Â 759,1.0
965791,201900007322,7,6,07:00,1,2,1,1.0,5.0,94068,FOCH (AV),M,"48,8017600","2,4900000",94,2019,50.0,1.0,1.0,3.0,2158756,1.0,1,1,1,0.0,,-1.0,0,1991.0,C01,138Â 292Â 759,1.0,0.0,-1.0,1648326,3.0,7,,0.0,2.0,1.0,B01,138Â 292Â 760,1.0
965791,201900007322,7,6,07:00,1,2,1,1.0,5.0,94068,FOCH (AV),M,"48,8017600","2,4900000",94,2019,50.0,1.0,1.0,3.0,2158756,1.0,1,1,1,0.0,,-1.0,0,1991.0,C01,138Â 292Â 759,1.0,0.0,-1.0,1648327,3.0,7,,0.0,2.0,0.0,A01,138Â 292Â 761,1.0
965791,201900007322,7,6,07:00,1,2,1,1.0,5.0,94068,FOCH (AV),M,"48,8017600","2,4900000",94,2019,50.0,1.0,1.0,3.0,2158757,2.0,2,4,1,0.0,,-1.0,0,1998.0,B01,138Â 292Â 760,1.0,0.0,-1.0,1648324,3.0,7,,0.0,2.0,0.0,D01,138Â 292Â 758,0.0
965791,201900007322,7,6,07:00,1,2,1,1.0,5.0,94068,FOCH (AV),M,"48,8017600","2,4900000",94,2019,50.0,1.0,1.0,3.0,2158757,2.0,2,4,1,0.0,,-1.0,0,1998.0,B01,138Â 292Â 760,1.0,0.0,-1.0,1648325,3.0,7,,0.0,0.0,8.0,C01,138Â 292Â 759,1.0
965791,201900007322,7,6,07:00,1,2,1,1.0,5.0,94068,FOCH (AV),M,"48,8017600","2,4900000",94,2019,50.0,1.0,1.0,3.0,2158757,2.0,2,4,1,0.0,,-1.0,0,1998.0,B01,138Â 292Â 760,1.0,0.0,-1.0,1648326,3.0,7,,0.0,2.0,1.0,B01,138Â 292Â 760,1.0
965791,201900007322,7,6,07:00,1,2,1,1.0,5.0,94068,FOCH (AV),M,"48,8017600","2,4900000",94,2019,50.0,1.0,1.0,3.0,2158757,2.0,2,4,1,0.0,,-1.0,0,1998.0,B01,138Â 292Â 760,1.0,0.0,-1.0,1648327,3.0,7,,0.0,2.0,0.0,A01,138Â 292Â 761,1.0
965791,201900007322,7,6,07:00,1,2,1,1.0,5.0,94068,FOCH (AV),M,"48,8017600","2,4900000",94,2019,50.0,1.0,1.0,3.0,2158758,1.0,1,1,2,0.0,,-1.0,0,1995.0,B01,138Â 292Â 760,1.0,0.0,-1.0,1648324,3.0,7,,0.0,2.0,0.0,D01,138Â 292Â 758,0.0
965791,201900007322,7,6,07:00,1,2,1,1.0,5.0,94068,FOCH (AV),M,"48,8017600","2,4900000",94,2019,50.0,1.0,1.0,3.0,2158758,1.0,1,1,2,0.0,,-1.0,0,1995.0,B01,138Â 292Â 760,1.0,0.0,-1.0,1648325,3.0,7,,0.0,0.0,8.0,C01,138Â 292Â 759,1.0
965791,201900007322,7,6,07:00,1,2,1,1.0,5.0,94068,FOCH (AV),M,"48,8017600","2,4900000",94,2019,50.0,1.0,1.0,3.0,2158758,1.0,1,1,2,0.0,,-1.0,0,1995.0,B01,138Â 292Â 760,1.0,0.0,-1.0,1648326,3.0,7,,0.0,2.0,1.0,B01,138Â 292Â 760,1.0
965791,201900007322,7,6,07:00,1,2,1,1.0,5.0,94068,FOCH (AV),M,"48,8017600","2,4900000",94,2019,50.0,1.0,1.0,3.0,2158758,1.0,1,1,2,0.0,,-1.0,0,1995.0,B01,138Â 292Â 760,1.0,0.0,-1.0,1648327,3.0,7,,0.0,2.0,0.0,A01,138Â 292Â 761,1.0
965791,201900007322,7,6,07:00,1,2,1,1.0,5.0,94068,FOCH (AV),M,"48,8017600","2,4900000",94,2019,50.0,1.0,1.0,3.0,2158759,3.0,2,4,2,0.0,,-1.0,0,1996.0,B01,138Â 292Â 760,1.0,0.0,-1.0,1648324,3.0,7,,0.0,2.0,0.0,D01,138Â 292Â 758,0.0
965791,201900007322,7,6,07:00,1,2,1,1.0,5.0,94068,FOCH (AV),M,"48,8017600","2,4900000",94,2019,50.0,1.0,1.0,3.0,2158759,3.0,2,4,2,0.0,,-1.0,0,1996.0,B01,138Â 292Â 760,1.0,0.0,-1.0,1648325,3.0,7,,0.0,0.0,8.0,C01,138Â 292Â 759,1.0
965791,201900007322,7,6,07:00,1,2,1,1.0,5.0,94068,FOCH (AV),M,"48,8017600","2,4900000",94,2019,50.0,1.0,1.0,3.0,2158759,3.0,2,4,2,0.0,,-1.0,0,1996.0,B01,138Â 292Â 760,1.0,0.0,-1.0,1648326,3.0,7,,0.0,2.0,1.0,B01,138Â 292Â 760,1.0
965791,201900007322,7,6,07:00,1,2,1,1.0,5.0,94068,FOCH (AV),M,"48,8017600","2,4900000",94,2019,50.0,1.0,1.0,3.0,2158759,3.0,2,4,2,0.0,,-1.0,0,1996.0,B01,138Â 292Â 760,1.0,0.0,-1.0,1648327,3.0,7,,0.0,2.0,0.0,A01,138Â 292Â 761,1.0
965791,201900007322,7,6,07:00,1,2,1,1.0,5.0,94068,FOCH (AV),M,"48,8017600","2,4900000",94,2019,50.0,1.0,1.0,3.0,2158760,1.0,1,1,1,0.0,,0.0,0,1988.0,A01,138Â 292Â 761,1.0,-1.0,-1.0,1648324,3.0,7,,0.0,2.0,0.0,D01,138Â 292Â 758,0.0
965791,201900007322,7,6,07:00,1,2,1,1.0,5.0,94068,FOCH (AV),M,"48,8017600","2,4900000",94,2019,50.0,1.0,1.0,3.0,2158760,1.0,1,1,1,0.0,,0.0,0,1988.0,A01,138Â 292Â 761,1.0,-1.0,-1.0,1648325,3.0,7,,0.0,0.0,8.0,C01,138Â 292Â 759,1.0
965791,201900007322,7,6,07:00,1,2,1,1.0,5.0,94068,FOCH (AV),M,"48,8017600","2,4900000",94,2019,50.0,1.0,1.0,3.0,2158760,1.0,1,1,1,0.0,,0.0,0,1988.0,A01,138Â 292Â 761,1.0,-1.0,-1.0,1648326,3.0,7,,0.0,2.0,1.0,B01,138Â 292Â 760,1.0
965791,201900007322,7,6,07:00,1,2,1,1.0,5.0,94068,FOCH (AV),M,"48,8017600","2,4900000",94,2019,50.0,1.0,1.0,3.0,2158760,1.0,1,1,1,0.0,,0.0,0,1988.0,A01,138Â 292Â 761,1.0,-1.0,-1.0,1648327,3.0,7,,0.0,2.0,0.0,A01,138Â 292Â 761,1.0
965792,201900007323,7,7,04:15,5,2,1,1.0,6.0,94070,MANDRES (RTE DE),M,"48,7196600","2,5658900",94,2019,50.0,1.0,1.0,3.0,2158761,10.0,3,3,1,5.0,,1.0,B,1990.0,A01,138Â 292Â 757,8.0,0.0,-1.0,1648328,3.0,0,,0.0,1.0,0.0,A01,138Â 292Â 757,0.0
965793,201900007324,7,7,20:05,1,2,1,1.0,3.0,93072,BOIS MOUSSAY (AVENUE DU),M,"48,9558000","2,3686000",93,2019,50.0,1.0,1.0,4.0,2158762,1.0,1,1,2,0.0,,-1.0, -1,1977.0,B01,138Â 292Â 755,8.0,0.0,-1.0,1648329,0.0,3,,0.0,0.0,1.0,B01,138Â 292Â 755,1.0
965793,201900007324,7,7,20:05,1,2,1,1.0,3.0,93072,BOIS MOUSSAY (AVENUE DU),M,"48,9558000","2,3686000",93,2019,50.0,1.0,1.0,4.0,2158762,1.0,1,1,2,0.0,,-1.0, -1,1977.0,B01,138Â 292Â 755,8.0,0.0,-1.0,1648330,0.0,3,,0.0,0.0,3.0,A01,138Â 292Â 756,1.0
965793,201900007324,7,7,20:05,1,2,1,1.0,3.0,93072,BOIS MOUSSAY (AVENUE DU),M,"48,9558000","2,3686000",93,2019,50.0,1.0,1.0,4.0,2158763,2.0,2,4,2,0.0,,-1.0, -1,2001.0,B01,138Â 292Â 755,8.0,0.0,-1.0,1648329,0.0,3,,0.0,0.0,1.0,B01,138Â 292Â 755,1.0
965793,201900007324,7,7,20:05,1,2,1,1.0,3.0,93072,BOIS MOUSSAY (AVENUE DU),M,"48,9558000","2,3686000",93,2019,50.0,1.0,1.0,4.0,2158763,2.0,2,4,2,0.0,,-1.0, -1,2001.0,B01,138Â 292Â 755,8.0,0.0,-1.0,1648330,0.0,3,,0.0,0.0,3.0,A01,138Â 292Â 756,1.0
965793,201900007324,7,7,20:05,1,2,1,1.0,3.0,93072,BOIS MOUSSAY (AVENUE DU),M,"48,9558000","2,3686000",93,2019,50.0,1.0,1.0,4.0,2158764,1.0,1,4,2,1.0,,-1.0, -1,1992.0,A01,138Â 292Â 756,8.0,0.0,-1.0,1648329,0.0,3,,0.0,0.0,1.0,B01,138Â 292Â 755,1.0
965793,201900007324,7,7,20:05,1,2,1,1.0,3.0,93072,BOIS MOUSSAY (AVENUE DU),M,"48,9558000","2,3686000",93,2019,50.0,1.0,1.0,4.0,2158764,1.0,1,4,2,1.0,,-1.0, -1,1992.0,A01,138Â 292Â 756,8.0,0.0,-1.0,1648330,0.0,3,,0.0,0.0,3.0,A01,138Â 292Â 756,1.0
965794,201900007325,7,7,14:45,1,2,1,1.0,3.0,93079,EDOUARD VAILLANT,M,"48,9629000","2,3467700",93,2019,50.0,1.0,1.0,4.0,2158765,1.0,1,4,2,5.0,,-1.0, -1,2001.0,A01,138Â 292Â 753,8.0,0.0,-1.0,1648331,1.0,7,,0.0,2.0,3.0,A01,138Â 292Â 753,1.0
965794,201900007325,7,7,14:45,1,2,1,1.0,3.0,93079,EDOUARD VAILLANT,M,"48,9629000","2,3467700",93,2019,50.0,1.0,1.0,4.0,2158765,1.0,1,4,2,5.0,,-1.0, -1,2001.0,A01,138Â 292Â 753,8.0,0.0,-1.0,1648332,1.0,37,2.0,0.0,2.0,7.0,B01,138Â 292Â 754,0.0
965794,201900007325,7,7,14:45,1,2,1,1.0,3.0,93079,EDOUARD VAILLANT,M,"48,9629000","2,3467700",93,2019,50.0,1.0,1.0,4.0,2158766,7.0,2,4,2,5.0,,-1.0, -1,1997.0,B01,138Â 292Â 754,8.0,0.0,-1.0,1648331,1.0,7,,0.0,2.0,3.0,A01,138Â 292Â 753,1.0
965794,201900007325,7,7,14:45,1,2,1,1.0,3.0,93079,EDOUARD VAILLANT,M,"48,9629000","2,3467700",93,2019,50.0,1.0,1.0,4.0,2158766,7.0,2,4,2,5.0,,-1.0, -1,1997.0,B01,138Â 292Â 754,8.0,0.0,-1.0,1648332,1.0,37,2.0,0.0,2.0,7.0,B01,138Â 292Â 754,0.0
965794,201900007325,7,7,14:45,1,2,1,1.0,3.0,93079,EDOUARD VAILLANT,M,"48,9629000","2,3467700",93,2019,50.0,1.0,1.0,4.0,2158767,1.0,1,1,1,4.0,,-1.0, -1,1983.0,B01,138Â 292Â 754,1.0,0.0,-1.0,1648331,1.0,7,,0.0,2.0,3.0,A01,138Â 292Â 753,1.0
965794,201900007325,7,7,14:45,1,2,1,1.0,3.0,93079,EDOUARD VAILLANT,M,"48,9629000","2,3467700",93,2019,50.0,1.0,1.0,4.0,2158767,1.0,1,1,1,4.0,,-1.0, -1,1983.0,B01,138Â 292Â 754,1.0,0.0,-1.0,1648332,1.0,37,2.0,0.0,2.0,7.0,B01,138Â 292Â 754,0.0
965795,201900007326,7,7,21:30,2,2,3,1.0,3.0,93029,ANATOLE FRANCE,M,"48,9280000","2,4519000",93,2019,50.0,1.0,1.0,4.0,2158768,1.0,1,1,1,1.0,,-1.0, -1,1982.0,A01,138Â 292Â 751,1.0,0.0,-1.0,1648333,2.0,7,,0.0,2.0,1.0,A01,138Â 292Â 751,0.0
965795,201900007326,7,7,21:30,2,2,3,1.0,3.0,93029,ANATOLE FRANCE,M,"48,9280000","2,4519000",93,2019,50.0,1.0,1.0,4.0,2158768,1.0,1,1,1,1.0,,-1.0, -1,1982.0,A01,138Â 292Â 751,1.0,0.0,-1.0,1648334,2.0,2,,0.0,2.0,2.0,B01,138Â 292Â 752,0.0
965795,201900007326,7,7,21:30,2,2,3,1.0,3.0,93029,ANATOLE FRANCE,M,"48,9280000","2,4519000",93,2019,50.0,1.0,1.0,4.0,2158769,1.0,1,4,1,9.0,,-1.0, -1,1990.0,B01,138Â 292Â 752,8.0,0.0,-1.0,1648333,2.0,7,,0.0,2.0,1.0,A01,138Â 292Â 751,0.0
965795,201900007326,7,7,21:30,2,2,3,1.0,3.0,93029,ANATOLE FRANCE,M,"48,9280000","2,4519000",93,2019,50.0,1.0,1.0,4.0,2158769,1.0,1,4,1,9.0,,-1.0, -1,1990.0,B01,138Â 292Â 752,8.0,0.0,-1.0,1648334,2.0,2,,0.0,2.0,2.0,B01,138Â 292Â 752,0.0
965796,201900007327,7,7,11:50,1,2,3,1.0,3.0,93027,17 octobre 1961,M,"48,9270200","2,3793600",93,2019,50.0,3.0,1.0,3.0,2158770,1.0,1,4,1,0.0,,-1.0, -1,1998.0,B01,138Â 292Â 749,2.0,0.0,-1.0,1648335,0.0,2,,0.0,2.0,1.0,B01,138Â 292Â 749,1.0
965796,201900007327,7,7,11:50,1,2,3,1.0,3.0,93027,17 octobre 1961,M,"48,9270200","2,3793600",93,2019,50.0,3.0,1.0,3.0,2158770,1.0,1,4,1,0.0,,-1.0, -1,1998.0,B01,138Â 292Â 749,2.0,0.0,-1.0,1648336,0.0,7,,0.0,2.0,3.0,A01,138Â 292Â 750,1.0
965796,201900007327,7,7,11:50,1,2,3,1.0,3.0,93027,17 octobre 1961,M,"48,9270200","2,3793600",93,2019,50.0,3.0,1.0,3.0,2158771,1.0,1,1,2,0.0,,-1.0, -1,1979.0,A01,138Â 292Â 750,1.0,0.0,-1.0,1648335,0.0,2,,0.0,2.0,1.0,B01,138Â 292Â 749,1.0
965796,201900007327,7,7,11:50,1,2,3,1.0,3.0,93027,17 octobre 1961,M,"48,9270200","2,3793600",93,2019,50.0,3.0,1.0,3.0,2158771,1.0,1,1,2,0.0,,-1.0, -1,1979.0,A01,138Â 292Â 750,1.0,0.0,-1.0,1648336,0.0,7,,0.0,2.0,3.0,A01,138Â 292Â 750,1.0
965797,201900007328,7,7,17:30,1,2,3,1.0,3.0,93047,JEAN JAURES (AVENUE),M,"48,8982800","2,5549000",93,2019,50.0,1.0,1.0,3.0,2158772,2.0,2,1,1,0.0,,0.0,0,1983.0,B01,138Â 292Â 747,1.0,0.0,-1.0,1648337,1.0,7,,0.0,2.0,3.0,B01,138Â 292Â 747,1.0
965797,201900007328,7,7,17:30,1,2,3,1.0,3.0,93047,JEAN JAURES (AVENUE),M,"48,8982800","2,5549000",93,2019,50.0,1.0,1.0,3.0,2158772,2.0,2,1,1,0.0,,0.0,0,1983.0,B01,138Â 292Â 747,1.0,0.0,-1.0,1648338,1.0,10,,0.0,2.0,1.0,A01,138Â 292Â 748,1.0
965797,201900007328,7,7,17:30,1,2,3,1.0,3.0,93047,JEAN JAURES (AVENUE),M,"48,8982800","2,5549000",93,2019,50.0,1.0,1.0,3.0,2158773,1.0,1,4,2,0.0,,-1.0, -1,1984.0,B01,138Â 292Â 747,1.0,0.0,-1.0,1648337,1.0,7,,0.0,2.0,3.0,B01,138Â 292Â 747,1.0
965797,201900007328,7,7,17:30,1,2,3,1.0,3.0,93047,JEAN JAURES (AVENUE),M,"48,8982800","2,5549000",93,2019,50.0,1.0,1.0,3.0,2158773,1.0,1,4,2,0.0,,-1.0, -1,1984.0,B01,138Â 292Â 747,1.0,0.0,-1.0,1648338,1.0,10,,0.0,2.0,1.0,A01,138Â 292Â 748,1.0
965797,201900007328,7,7,17:30,1,2,3,1.0,3.0,93047,JEAN JAURES (AVENUE),M,"48,8982800","2,5549000",93,2019,50.0,1.0,1.0,3.0,2158774,1.0,1,1,1,0.0,,0.0,0,1998.0,A01,138Â 292Â 748,1.0,0.0,-1.0,1648337,1.0,7,,0.0,2.0,3.0,B01,138Â 292Â 747,1.0
965797,201900007328,7,7,17:30,1,2,3,1.0,3.0,93047,JEAN JAURES (AVENUE),M,"48,8982800","2,5549000",93,2019,50.0,1.0,1.0,3.0,2158774,1.0,1,1,1,0.0,,0.0,0,1998.0,A01,138Â 292Â 748,1.0,0.0,-1.0,1648338,1.0,10,,0.0,2.0,1.0,A01,138Â 292Â 748,1.0
965798,201900007329,7,7,16:30,1,2,1,1.0,1.0,93010,GUESDES (RUE JULES),M,"48,9040210","2,4746530",93,2019,50.0,1.0,1.0,3.0,2158775,1.0,1,1,1,0.0,,-1.0, -1,1981.0,B01,138Â 292Â 745,1.0,0.0,-1.0,1648339,1.0,7,,0.0,2.0,0.0,B01,138Â 292Â 745,0.0
965798,201900007329,7,7,16:30,1,2,1,1.0,1.0,93010,GUESDES (RUE JULES),M,"48,9040210","2,4746530",93,2019,50.0,1.0,1.0,3.0,2158775,1.0,1,1,1,0.0,,-1.0, -1,1981.0,B01,138Â 292Â 745,1.0,0.0,-1.0,1648340,0.0,30,,0.0,2.0,0.0,A01,138Â 292Â 746,0.0
965798,201900007329,7,7,16:30,1,2,1,1.0,1.0,93010,GUESDES (RUE JULES),M,"48,9040210","2,4746530",93,2019,50.0,1.0,1.0,3.0,2158776,1.0,1,4,1,0.0,,-1.0, -1,1978.0,A01,138Â 292Â 746,2.0,0.0,-1.0,1648339,1.0,7,,0.0,2.0,0.0,B01,138Â 292Â 745,0.0
965798,201900007329,7,7,16:30,1,2,1,1.0,1.0,93010,GUESDES (RUE JULES),M,"48,9040210","2,4746530",93,2019,50.0,1.0,1.0,3.0,2158776,1.0,1,4,1,0.0,,-1.0, -1,1978.0,A01,138Â 292Â 746,2.0,0.0,-1.0,1648340,0.0,30,,0.0,2.0,0.0,A01,138Â 292Â 746,0.0
965799,201900007330,7,7,11:25,1,2,1,1.0,2.0,93057,HUGO (AV. VICTOR),M,"48,9094500","2,5151700",93,2019,50.0,1.0,1.0,4.0,2158777,1.0,1,1,1,5.0,,-1.0, -1,1958.0,A01,138Â 292Â 743,1.0,8.0,-1.0,1648341,2.0,7,,0.0,2.0,4.0,A01,138Â 292Â 743,1.0
965799,201900007330,7,7,11:25,1,2,1,1.0,2.0,93057,HUGO (AV. VICTOR),M,"48,9094500","2,5151700",93,2019,50.0,1.0,1.0,4.0,2158777,1.0,1,1,1,5.0,,-1.0, -1,1958.0,A01,138Â 292Â 743,1.0,8.0,-1.0,1648342,2.0,7,,0.0,2.0,1.0,B01,138Â 292Â 744,1.0
965799,201900007330,7,7,11:25,1,2,1,1.0,2.0,93057,HUGO (AV. VICTOR),M,"48,9094500","2,5151700",93,2019,50.0,1.0,1.0,4.0,2158778,1.0,1,1,1,5.0,,-1.0, -1,1978.0,B01,138Â 292Â 744,1.0,8.0,-1.0,1648341,2.0,7,,0.0,2.0,4.0,A01,138Â 292Â 743,1.0
965799,201900007330,7,7,11:25,1,2,1,1.0,2.0,93057,HUGO (AV. VICTOR),M,"48,9094500","2,5151700",93,2019,50.0,1.0,1.0,4.0,2158778,1.0,1,1,1,5.0,,-1.0, -1,1978.0,B01,138Â 292Â 744,1.0,8.0,-1.0,1648342,2.0,7,,0.0,2.0,1.0,B01,138Â 292Â 744,1.0
965799,201900007330,7,7,11:25,1,2,1,1.0,2.0,93057,HUGO (AV. VICTOR),M,"48,9094500","2,5151700",93,2019,50.0,1.0,1.0,4.0,2158779,2.0,2,4,2,5.0,,-1.0, -1,1978.0,B01,138Â 292Â 744,1.0,8.0,-1.0,1648341,2.0,7,,0.0,2.0,4.0,A01,138Â 292Â 743,1.0
965799,201900007330,7,7,11:25,1,2,1,1.0,2.0,93057,HUGO (AV. VICTOR),M,"48,9094500","2,5151700",93,2019,50.0,1.0,1.0,4.0,2158779,2.0,2,4,2,5.0,,-1.0, -1,1978.0,B01,138Â 292Â 744,1.0,8.0,-1.0,1648342,2.0,7,,0.0,2.0,1.0,B01,138Â 292Â 744,1.0
965800,201900007331,7,6,23:50,5,2,1,1.0,7.0,92036,BAS (RUE DES) (64 AU 76),M,"48,9132757","2,2974613",92,2019,50.0,1.0,1.0,3.0,2158780,2.0,2,4,1,0.0,,-1.0,0,1983.0,A01,138Â 292Â 742,2.0,8.0,-1.0,1648343,1.0,30,,0.0,0.0,0.0,A01,138Â 292Â 742,1.0
965800,201900007331,7,6,23:50,5,2,1,1.0,7.0,92036,BAS (RUE DES) (64 AU 76),M,"48,9132757","2,2974613",92,2019,50.0,1.0,1.0,3.0,2158781,1.0,1,4,1,5.0,,-1.0,0,1983.0,A01,138Â 292Â 742,2.0,8.0,-1.0,1648343,1.0,30,,0.0,0.0,0.0,A01,138Â 292Â 742,1.0
965801,201900007332,7,6,15:50,1,2,6,1.0,2.0,92036,MARCEL PAUL (AVENUE) (1/103),M,"48,9369288","2,3039439",92,2019,50.0,1.0,1.0,3.0,2158782,2.0,2,4,2,5.0,,-1.0,0,1977.0,B01,138Â 292Â 740,1.0,8.0,-1.0,1648344,1.0,7,,9.0,2.0,4.0,B01,138Â 292Â 740,1.0
965801,201900007332,7,6,15:50,1,2,6,1.0,2.0,92036,MARCEL PAUL (AVENUE) (1/103),M,"48,9369288","2,3039439",92,2019,50.0,1.0,1.0,3.0,2158782,2.0,2,4,2,5.0,,-1.0,0,1977.0,B01,138Â 292Â 740,1.0,8.0,-1.0,1648345,1.0,7,,0.0,2.0,1.0,A01,138Â 292Â 741,1.0
965801,201900007332,7,6,15:50,1,2,6,1.0,2.0,92036,MARCEL PAUL (AVENUE) (1/103),M,"48,9369288","2,3039439",92,2019,50.0,1.0,1.0,3.0,2158783,1.0,1,1,1,5.0,,-1.0,0,1977.0,B01,138Â 292Â 740,1.0,8.0,-1.0,1648344,1.0,7,,9.0,2.0,4.0,B01,138Â 292Â 740,1.0
965801,201900007332,7,6,15:50,1,2,6,1.0,2.0,92036,MARCEL PAUL (AVENUE) (1/103),M,"48,9369288","2,3039439",92,2019,50.0,1.0,1.0,3.0,2158783,1.0,1,1,1,5.0,,-1.0,0,1977.0,B01,138Â 292Â 740,1.0,8.0,-1.0,1648345,1.0,7,,0.0,2.0,1.0,A01,138Â 292Â 741,1.0
965801,201900007332,7,6,15:50,1,2,6,1.0,2.0,92036,MARCEL PAUL (AVENUE) (1/103),M,"48,9369288","2,3039439",92,2019,50.0,1.0,1.0,3.0,2158784,1.0,1,1,1,5.0,,-1.0,0,2001.0,A01,138Â 292Â 741,1.0,8.0,-1.0,1648344,1.0,7,,9.0,2.0,4.0,B01,138Â 292Â 740,1.0