Unnamed: 0_x,num_acc,mois,jour,hrmn,lum,agg,int,atm,col,com,adr,gps,lat,long,dep,annee,vma,situ,surf,catr,Unnamed: 0_y,place,catu,grav,sexe,trajet,secu,locp,actp,an_nais,num_veh_x,id_vehicule_x,secu1,secu2,secu3,Unnamed: 0,senc,catv,occutc,obs,obsm,choc,num_veh_y,id_vehicule_y,motor
965801,201900007332,7,6,15:50,1,2,6,1.0,2.0,92036,MARCEL PAUL (AVENUE) (1/103),M,"48,9369288","2,3039439",92,2019,50.0,1.0,1.0,3.0,2158784,1.0,1,1,1,5.0,,-1.0,0,2001.0,A01,138Â 292Â 741,1.0,8.0,-1.0,1648345,1.0,7,,0.0,2.0,1.0,A01,138Â 292Â 741,1.0
965802,201900007333,7,5,19:00,1,2,1,1.0,3.0,92036,GRESILLONS (AVENUE DES) (141/215),M,"48,9178500","2,3084200",92,2019,50.0,1.0,1.0,3.0,2158785,1.0,1,4,1,0.0,,-1.0,0,1972.0,B01,138Â 292Â 738,2.0,8.0,-1.0,1648346,1.0,34,,0.0,2.0,7.0,B01,138Â 292Â 738,1.0
965802,201900007333,7,5,19:00,1,2,1,1.0,3.0,92036,GRESILLONS (AVENUE DES) (141/215),M,"48,9178500","2,3084200",92,2019,50.0,1.0,1.0,3.0,2158785,1.0,1,4,1,0.0,,-1.0,0,1972.0,B01,138Â 292Â 738,2.0,8.0,-1.0,1648347,1.0,7,,0.0,2.0,3.0,A01,138Â 292Â 739,1.0
965802,201900007333,7,5,19:00,1,2,1,1.0,3.0,92036,GRESILLONS (AVENUE DES) (141/215),M,"48,9178500","2,3084200",92,2019,50.0,1.0,1.0,3.0,2158786,2.0,2,4,2,9.0,,-1.0,0,1978.0,B01,138Â 292Â 738,2.0,8.0,-1.0,1648346,1.0,34,,0.0,2.0,7.0,B01,138Â 292Â 738,1.0
965802,201900007333,7,5,19:00,1,2,1,1.0,3.0,92036,GRESILLONS (AVENUE DES) (141/215),M,"48,9178500","2,3084200",92,2019,50.0,1.0,1.0,3.0,2158786,2.0,2,4,2,9.0,,-1.0,0,1978.0,B01,138Â 292Â 738,2.0,8.0,-1.0,1648347,1.0,7,,0.0,2.0,3.0,A01,138Â 292Â 739,1.0
965802,201900007333,7,5,19:00,1,2,1,1.0,3.0,92036,GRESILLONS (AVENUE DES) (141/215),M,"48,9178500","2,3084200",92,2019,50.0,1.0,1.0,3.0,2158787,1.0,1,1,1,0.0,,-1.0,0,1990.0,A01,138Â 292Â 739,1.0,8.0,-1.0,1648346,1.0,34,,0.0,2.0,7.0,B01,138Â 292Â 738,1.0
965802,201900007333,7,5,19:00,1,2,1,1.0,3.0,92036,GRESILLONS (AVENUE DES) (141/215),M,"48,9178500","2,3084200",92,2019,50.0,1.0,1.0,3.0,2158787,1.0,1,1,1,0.0,,-1.0,0,1990.0,A01,138Â 292Â 739,1.0,8.0,-1.0,1648347,1.0,7,,0.0,2.0,3.0,A01,138Â 292Â 739,1.0
965803,201900007334,7,5,14:40,1,2,3,1.0,2.0,92036,ARGENTEUIL (AVENUE D'),M,"48,9391700","2,2561900",92,2019,50.0,1.0,1.0,3.0,2158788,1.0,1,1,1,5.0,,-1.0,0,2002.0,A01,138Â 292Â 736,8.0,8.0,-1.0,1648348,1.0,7,,0.0,2.0,1.0,A01,138Â 292Â 736,1.0
965803,201900007334,7,5,14:40,1,2,3,1.0,2.0,92036,ARGENTEUIL (AVENUE D'),M,"48,9391700","2,2561900",92,2019,50.0,1.0,1.0,3.0,2158788,1.0,1,1,1,5.0,,-1.0,0,2002.0,A01,138Â 292Â 736,8.0,8.0,-1.0,1648349,1.0,32,,0.0,2.0,4.0,B01,138Â 292Â 737,1.0
965803,201900007334,7,5,14:40,1,2,3,1.0,2.0,92036,ARGENTEUIL (AVENUE D'),M,"48,9391700","2,2561900",92,2019,50.0,1.0,1.0,3.0,2158789,2.0,2,1,2,5.0,,-1.0,0,2002.0,A01,138Â 292Â 736,8.0,8.0,-1.0,1648348,1.0,7,,0.0,2.0,1.0,A01,138Â 292Â 736,1.0
965803,201900007334,7,5,14:40,1,2,3,1.0,2.0,92036,ARGENTEUIL (AVENUE D'),M,"48,9391700","2,2561900",92,2019,50.0,1.0,1.0,3.0,2158789,2.0,2,1,2,5.0,,-1.0,0,2002.0,A01,138Â 292Â 736,8.0,8.0,-1.0,1648349,1.0,32,,0.0,2.0,4.0,B01,138Â 292Â 737,1.0
965803,201900007334,7,5,14:40,1,2,3,1.0,2.0,92036,ARGENTEUIL (AVENUE D'),M,"48,9391700","2,2561900",92,2019,50.0,1.0,1.0,3.0,2158790,1.0,1,4,1,0.0,,-1.0,0,1991.0,B01,138Â 292Â 737,2.0,8.0,-1.0,1648348,1.0,7,,0.0,2.0,1.0,A01,138Â 292Â 736,1.0
965803,201900007334,7,5,14:40,1,2,3,1.0,2.0,92036,ARGENTEUIL (AVENUE D'),M,"48,9391700","2,2561900",92,2019,50.0,1.0,1.0,3.0,2158790,1.0,1,4,1,0.0,,-1.0,0,1991.0,B01,138Â 292Â 737,2.0,8.0,-1.0,1648349,1.0,32,,0.0,2.0,4.0,B01,138Â 292Â 737,1.0
965804,201900007335,7,6,20:10,1,2,1,1.0,6.0,2A249,rue du collÃ¨ge,M,"41,6743040","8,9006650",2A,2019,50.0,1.0,1.0,4.0,2158791,1.0,1,3,1,5.0,,0.0,0,1988.0,A01,138Â 292Â 734,2.0,6.0,-1.0,1648350,3.0,33,,1.0,2.0,2.0,A01,138Â 292Â 734,1.0
965804,201900007335,7,6,20:10,1,2,1,1.0,6.0,2A249,rue du collÃ¨ge,M,"41,6743040","8,9006650",2A,2019,50.0,1.0,1.0,4.0,2158791,1.0,1,3,1,5.0,,0.0,0,1988.0,A01,138Â 292Â 734,2.0,6.0,-1.0,1648351,3.0,3,,0.0,2.0,7.0,B01,138Â 292Â 735,1.0
965804,201900007335,7,6,20:10,1,2,1,1.0,6.0,2A249,rue du collÃ¨ge,M,"41,6743040","8,9006650",2A,2019,50.0,1.0,1.0,4.0,2158792,1.0,1,1,1,5.0,,0.0,0,1975.0,B01,138Â 292Â 735,1.0,-1.0,-1.0,1648350,3.0,33,,1.0,2.0,2.0,A01,138Â 292Â 734,1.0
965804,201900007335,7,6,20:10,1,2,1,1.0,6.0,2A249,rue du collÃ¨ge,M,"41,6743040","8,9006650",2A,2019,50.0,1.0,1.0,4.0,2158792,1.0,1,1,1,5.0,,0.0,0,1975.0,B01,138Â 292Â 735,1.0,-1.0,-1.0,1648351,3.0,3,,0.0,2.0,7.0,B01,138Â 292Â 735,1.0
965805,201900007336,7,8,09:30,1,1,1,1.0,3.0,95205,RD 316,M,"49,0254640","2,3870590",95,2019,70.0,1.0,1.0,3.0,2158793,1.0,1,1,1,4.0,,0.0,0,1963.0,A01,138Â 292Â 732,1.0,-1.0,-1.0,1648352,2.0,14,,0.0,2.0,2.0,A01,138Â 292Â 732,1.0
965805,201900007336,7,8,09:30,1,1,1,1.0,3.0,95205,RD 316,M,"49,0254640","2,3870590",95,2019,70.0,1.0,1.0,3.0,2158793,1.0,1,1,1,4.0,,0.0,0,1963.0,A01,138Â 292Â 732,1.0,-1.0,-1.0,1648353,1.0,7,,0.0,2.0,3.0,B01,138Â 292Â 733,1.0
965805,201900007336,7,8,09:30,1,1,1,1.0,3.0,95205,RD 316,M,"49,0254640","2,3870590",95,2019,70.0,1.0,1.0,3.0,2158794,1.0,1,3,2,1.0,,0.0,0,1999.0,B01,138Â 292Â 733,1.0,-1.0,-1.0,1648352,2.0,14,,0.0,2.0,2.0,A01,138Â 292Â 732,1.0
965805,201900007336,7,8,09:30,1,1,1,1.0,3.0,95205,RD 316,M,"49,0254640","2,3870590",95,2019,70.0,1.0,1.0,3.0,2158794,1.0,1,3,2,1.0,,0.0,0,1999.0,B01,138Â 292Â 733,1.0,-1.0,-1.0,1648353,1.0,7,,0.0,2.0,3.0,B01,138Â 292Â 733,1.0
965806,201900007337,7,6,04:00,3,1,1,1.0,7.0,17214,N150,M,"45,7042580"," -0,7782650",17,2019,110.0,2.0,1.0,2.0,2158795,1.0,1,3,1,0.0,,0.0,0,1994.0,A01,138Â 292Â 731,2.0,6.0,-1.0,1648354,1.0,31,,3.0,0.0,0.0,A01,138Â 292Â 731,1.0
965807,201900007338,7,6,15:30,1,2,1,7.0,6.0,95487,Avenue Jacques Vogt,M,"49,1559100","2,2665050",95,2019,50.0,1.0,1.0,3.0,2158796,1.0,1,1,2,5.0,,0.0,0,1998.0,A01,138Â 292Â 730,1.0,-1.0,-1.0,1648355,1.0,7,,0.0,1.0,1.0,A01,138Â 292Â 730,1.0
965807,201900007338,7,6,15:30,1,2,1,7.0,6.0,95487,Avenue Jacques Vogt,M,"49,1559100","2,2665050",95,2019,50.0,1.0,1.0,3.0,2158797,10.0,3,4,2,5.0,,3.0,3,2014.0,A01,138Â 292Â 730,0.0,-1.0,-1.0,1648355,1.0,7,,0.0,1.0,1.0,A01,138Â 292Â 730,1.0
965807,201900007338,7,6,15:30,1,2,1,7.0,6.0,95487,Avenue Jacques Vogt,M,"49,1559100","2,2665050",95,2019,50.0,1.0,1.0,3.0,2158798,10.0,3,4,1,5.0,,3.0,3,2016.0,A01,138Â 292Â 730,0.0,-1.0,-1.0,1648355,1.0,7,,0.0,1.0,1.0,A01,138Â 292Â 730,1.0
965808,201900007339,6,26,01:04,5,2,1,1.0,6.0,31044,13 Rue Pierre LatecoÃ¨re,M,"43,6095680","1,4978470",31,2019,50.0,4.0,1.0,9.0,2158799,1.0,1,3,1,5.0,,0.0,0,1900.0,A01,138Â 292Â 729,2.0,-1.0,-1.0,1648356,0.0,2,,6.0,0.0,7.0,A01,138Â 292Â 729,1.0
965809,201900007340,7,8,06:50,1,1,1,1.0,3.0,28211,Rue du Clos des AbbÃ©s,M,"48,1474330","1,2652560",28,2019,80.0,1.0,1.0,3.0,2158800,1.0,1,3,1,1.0,,0.0,0,1989.0,B01,138Â 292Â 727,2.0,6.0,-1.0,1648357,1.0,33,,0.0,2.0,3.0,B01,138Â 292Â 727,1.0
965809,201900007340,7,8,06:50,1,1,1,1.0,3.0,28211,Rue du Clos des AbbÃ©s,M,"48,1474330","1,2652560",28,2019,80.0,1.0,1.0,3.0,2158800,1.0,1,3,1,1.0,,0.0,0,1989.0,B01,138Â 292Â 727,2.0,6.0,-1.0,1648358,2.0,7,,0.0,2.0,3.0,A01,138Â 292Â 728,1.0
965809,201900007340,7,8,06:50,1,1,1,1.0,3.0,28211,Rue du Clos des AbbÃ©s,M,"48,1474330","1,2652560",28,2019,80.0,1.0,1.0,3.0,2158801,1.0,1,1,1,1.0,,0.0,0,1995.0,A01,138Â 292Â 728,1.0,-1.0,-1.0,1648357,1.0,33,,0.0,2.0,3.0,B01,138Â 292Â 727,1.0
965809,201900007340,7,8,06:50,1,1,1,1.0,3.0,28211,Rue du Clos des AbbÃ©s,M,"48,1474330","1,2652560",28,2019,80.0,1.0,1.0,3.0,2158801,1.0,1,1,1,1.0,,0.0,0,1995.0,A01,138Â 292Â 728,1.0,-1.0,-1.0,1648358,2.0,7,,0.0,2.0,3.0,A01,138Â 292Â 728,1.0
965809,201900007340,7,8,06:50,1,1,1,1.0,3.0,28211,Rue du Clos des AbbÃ©s,M,"48,1474330","1,2652560",28,2019,80.0,1.0,1.0,3.0,2158802,2.0,2,1,1,1.0,,0.0,0,1992.0,A01,138Â 292Â 728,1.0,-1.0,-1.0,1648357,1.0,33,,0.0,2.0,3.0,B01,138Â 292Â 727,1.0
965809,201900007340,7,8,06:50,1,1,1,1.0,3.0,28211,Rue du Clos des AbbÃ©s,M,"48,1474330","1,2652560",28,2019,80.0,1.0,1.0,3.0,2158802,2.0,2,1,1,1.0,,0.0,0,1992.0,A01,138Â 292Â 728,1.0,-1.0,-1.0,1648358,2.0,7,,0.0,2.0,3.0,A01,138Â 292Â 728,1.0
965810,201900007341,7,8,01:15,3,1,1,1.0,7.0,67115,RD 81,M,"48,2975210","7,4730050",67,2019,80.0,3.0,1.0,3.0,2158803,1.0,1,3,1,5.0,,0.0,0,1989.0,A01,138Â 292Â 726,2.0,-1.0,-1.0,1648359,1.0,33,,0.0,0.0,0.0,A01,138Â 292Â 726,1.0
965811,201900007342,7,6,08:30,1,1,2,1.0,1.0,27507,D 32,M,"48,9106970","1,2535600",27,2019,80.0,1.0,1.0,3.0,2158804,1.0,1,3,2,1.0,,0.0,0,1963.0,A01,138Â 292Â 724,1.0,-1.0,-1.0,1648360,2.0,7,,0.0,0.0,1.0,A01,138Â 292Â 724,0.0
965811,201900007342,7,6,08:30,1,1,2,1.0,1.0,27507,D 32,M,"48,9106970","1,2535600",27,2019,80.0,1.0,1.0,3.0,2158804,1.0,1,3,2,1.0,,0.0,0,1963.0,A01,138Â 292Â 724,1.0,-1.0,-1.0,1648361,3.0,7,,0.0,0.0,3.0,B01,138Â 292Â 725,0.0
965811,201900007342,7,6,08:30,1,1,2,1.0,1.0,27507,D 32,M,"48,9106970","1,2535600",27,2019,80.0,1.0,1.0,3.0,2158805,1.0,1,4,2,9.0,,0.0,0,1995.0,B01,138Â 292Â 725,1.0,-1.0,-1.0,1648360,2.0,7,,0.0,0.0,1.0,A01,138Â 292Â 724,0.0
965811,201900007342,7,6,08:30,1,1,2,1.0,1.0,27507,D 32,M,"48,9106970","1,2535600",27,2019,80.0,1.0,1.0,3.0,2158805,1.0,1,4,2,9.0,,0.0,0,1995.0,B01,138Â 292Â 725,1.0,-1.0,-1.0,1648361,3.0,7,,0.0,0.0,3.0,B01,138Â 292Â 725,0.0
965812,201900007343,7,8,19:55,1,1,1,1.0,1.0,23154,RD4,M,"46,1619700","2,0443630",23,2019,80.0,1.0,1.0,3.0,2158806,1.0,1,1,1,5.0,,0.0,0,2000.0,A01,138Â 292Â 722,1.0,-1.0,-1.0,1648362,2.0,7,,0.0,2.0,3.0,A01,138Â 292Â 722,1.0
965812,201900007343,7,8,19:55,1,1,1,1.0,1.0,23154,RD4,M,"46,1619700","2,0443630",23,2019,80.0,1.0,1.0,3.0,2158806,1.0,1,1,1,5.0,,0.0,0,2000.0,A01,138Â 292Â 722,1.0,-1.0,-1.0,1648363,1.0,33,,0.0,2.0,3.0,B01,138Â 292Â 723,1.0
965812,201900007343,7,8,19:55,1,1,1,1.0,1.0,23154,RD4,M,"46,1619700","2,0443630",23,2019,80.0,1.0,1.0,3.0,2158807,1.0,1,4,1,1.0,,0.0,0,1979.0,B01,138Â 292Â 723,2.0,-1.0,-1.0,1648362,2.0,7,,0.0,2.0,3.0,A01,138Â 292Â 722,1.0
965812,201900007343,7,8,19:55,1,1,1,1.0,1.0,23154,RD4,M,"46,1619700","2,0443630",23,2019,80.0,1.0,1.0,3.0,2158807,1.0,1,4,1,1.0,,0.0,0,1979.0,B01,138Â 292Â 723,2.0,-1.0,-1.0,1648363,1.0,33,,0.0,2.0,3.0,B01,138Â 292Â 723,1.0
965813,201900007344,7,8,14:15,1,2,9,8.0,6.0,64410,Avenue Henri IV,M,"43,3716215"," -0,6309174",64,2019,50.0,1.0,1.0,3.0,2158808,10.0,3,4,2,0.0,,2.0,3,1956.0,A01,138Â 292Â 721,0.0,-1.0,-1.0,1648364,2.0,7,,0.0,1.0,2.0,A01,138Â 292Â 721,1.0
965813,201900007344,7,8,14:15,1,2,9,8.0,6.0,64410,Avenue Henri IV,M,"43,3716215"," -0,6309174",64,2019,50.0,1.0,1.0,3.0,2158809,1.0,1,1,2,0.0,,0.0,0,1963.0,A01,138Â 292Â 721,8.0,-1.0,-1.0,1648364,2.0,7,,0.0,1.0,2.0,A01,138Â 292Â 721,1.0
965814,201900007345,7,7,19:40,2,1,2,1.0,3.0,12057,Lieu-dit La Pendarie,M,"44,1931400","2,5275480",12,2019,80.0,1.0,1.0,3.0,2158810,1.0,1,4,1,5.0,,0.0,0,1958.0,A01,138Â 292Â 719,1.0,-1.0,-1.0,1648365,2.0,7,,0.0,2.0,8.0,A01,138Â 292Â 719,1.0
965814,201900007345,7,7,19:40,2,1,2,1.0,3.0,12057,Lieu-dit La Pendarie,M,"44,1931400","2,5275480",12,2019,80.0,1.0,1.0,3.0,2158810,1.0,1,4,1,5.0,,0.0,0,1958.0,A01,138Â 292Â 719,1.0,-1.0,-1.0,1648366,1.0,33,,0.0,2.0,1.0,B01,138Â 292Â 720,1.0
965814,201900007345,7,7,19:40,2,1,2,1.0,3.0,12057,Lieu-dit La Pendarie,M,"44,1931400","2,5275480",12,2019,80.0,1.0,1.0,3.0,2158811,2.0,2,4,2,5.0,,0.0,0,1964.0,A01,138Â 292Â 719,1.0,-1.0,-1.0,1648365,2.0,7,,0.0,2.0,8.0,A01,138Â 292Â 719,1.0
965814,201900007345,7,7,19:40,2,1,2,1.0,3.0,12057,Lieu-dit La Pendarie,M,"44,1931400","2,5275480",12,2019,80.0,1.0,1.0,3.0,2158811,2.0,2,4,2,5.0,,0.0,0,1964.0,A01,138Â 292Â 719,1.0,-1.0,-1.0,1648366,1.0,33,,0.0,2.0,1.0,B01,138Â 292Â 720,1.0
965814,201900007345,7,7,19:40,2,1,2,1.0,3.0,12057,Lieu-dit La Pendarie,M,"44,1931400","2,5275480",12,2019,80.0,1.0,1.0,3.0,2158812,1.0,1,2,1,5.0,,0.0,0,1959.0,B01,138Â 292Â 720,2.0,6.0,-1.0,1648365,2.0,7,,0.0,2.0,8.0,A01,138Â 292Â 719,1.0
965814,201900007345,7,7,19:40,2,1,2,1.0,3.0,12057,Lieu-dit La Pendarie,M,"44,1931400","2,5275480",12,2019,80.0,1.0,1.0,3.0,2158812,1.0,1,2,1,5.0,,0.0,0,1959.0,B01,138Â 292Â 720,2.0,6.0,-1.0,1648366,1.0,33,,0.0,2.0,1.0,B01,138Â 292Â 720,1.0
965815,201900007346,7,8,07:00,1,1,1,1.0,1.0,54138,D618,M,"49,5119980","5,7226900",54,2019,-1.0,1.0,1.0,3.0,2158813,2.0,2,4,1,4.0,,0.0,0,1993.0,B01,138Â 292Â 717,1.0,-1.0,-1.0,1648367,2.0,7,,0.0,2.0,1.0,B01,138Â 292Â 717,1.0
965815,201900007346,7,8,07:00,1,1,1,1.0,1.0,54138,D618,M,"49,5119980","5,7226900",54,2019,-1.0,1.0,1.0,3.0,2158813,2.0,2,4,1,4.0,,0.0,0,1993.0,B01,138Â 292Â 717,1.0,-1.0,-1.0,1648368,1.0,7,,0.0,2.0,1.0,A01,138Â 292Â 718,1.0
965815,201900007346,7,8,07:00,1,1,1,1.0,1.0,54138,D618,M,"49,5119980","5,7226900",54,2019,-1.0,1.0,1.0,3.0,2158814,1.0,1,4,1,4.0,,0.0,0,1970.0,B01,138Â 292Â 717,1.0,-1.0,-1.0,1648367,2.0,7,,0.0,2.0,1.0,B01,138Â 292Â 717,1.0
965815,201900007346,7,8,07:00,1,1,1,1.0,1.0,54138,D618,M,"49,5119980","5,7226900",54,2019,-1.0,1.0,1.0,3.0,2158814,1.0,1,4,1,4.0,,0.0,0,1970.0,B01,138Â 292Â 717,1.0,-1.0,-1.0,1648368,1.0,7,,0.0,2.0,1.0,A01,138Â 292Â 718,1.0
965815,201900007346,7,8,07:00,1,1,1,1.0,1.0,54138,D618,M,"49,5119980","5,7226900",54,2019,-1.0,1.0,1.0,3.0,2158815,1.0,1,4,1,4.0,,0.0,0,1980.0,A01,138Â 292Â 718,1.0,-1.0,-1.0,1648367,2.0,7,,0.0,2.0,1.0,B01,138Â 292Â 717,1.0
965815,201900007346,7,8,07:00,1,1,1,1.0,1.0,54138,D618,M,"49,5119980","5,7226900",54,2019,-1.0,1.0,1.0,3.0,2158815,1.0,1,4,1,4.0,,0.0,0,1980.0,A01,138Â 292Â 718,1.0,-1.0,-1.0,1648368,1.0,7,,0.0,2.0,1.0,A01,138Â 292Â 718,1.0
965816,201900007347,7,8,00:57,3,1,1,1.0,7.0,22246,RN 12 PR 45+500,M,"48,4769631"," -2,6127773",22,2019,110.0,1.0,1.0,2.0,2158816,1.0,1,3,1,0.0,,0.0,0,1957.0,A01,138Â 292Â 716,0.0,-1.0,-1.0,1648369,2.0,7,,3.0,0.0,1.0,A01,138Â 292Â 716,1.0
965817,201900007348,7,8,01:15,3,1,1,1.0,7.0,87201,RN 141 PK 46 SENS SAINT JUNIEN LIMOGES,M,"45,8653600","1,1268740",87,2019,110.0,3.0,1.0,2.0,2158817,2.0,2,3,2,5.0,,0.0,0,1987.0,A01,138Â 292Â 715,1.0,-1.0,-1.0,1648370,2.0,7,,0.0,0.0,9.0,A01,138Â 292Â 715,1.0
965817,201900007348,7,8,01:15,3,1,1,1.0,7.0,87201,RN 141 PK 46 SENS SAINT JUNIEN LIMOGES,M,"45,8653600","1,1268740",87,2019,110.0,3.0,1.0,2.0,2158818,1.0,1,4,1,5.0,,0.0,0,1990.0,A01,138Â 292Â 715,1.0,-1.0,-1.0,1648370,2.0,7,,0.0,0.0,9.0,A01,138Â 292Â 715,1.0
965818,201900007349,7,8,07:10,1,1,1,1.0,5.0,97410,RN 2,M," -21,0249960","55,7019820",974,2019,110.0,1.0,1.0,2.0,2158819,2.0,2,3,1,5.0,,0.0,0,2001.0,C01,138Â 292Â 712,1.0,-1.0,-1.0,1648371,1.0,7,,0.0,2.0,1.0,C01,138Â 292Â 712,0.0
965818,201900007349,7,8,07:10,1,1,1,1.0,5.0,97410,RN 2,M," -21,0249960","55,7019820",974,2019,110.0,1.0,1.0,2.0,2158819,2.0,2,3,1,5.0,,0.0,0,2001.0,C01,138Â 292Â 712,1.0,-1.0,-1.0,1648372,1.0,7,,0.0,2.0,1.0,B01,138Â 292Â 713,6.0
965818,201900007349,7,8,07:10,1,1,1,1.0,5.0,97410,RN 2,M," -21,0249960","55,7019820",974,2019,110.0,1.0,1.0,2.0,2158819,2.0,2,3,1,5.0,,0.0,0,2001.0,C01,138Â 292Â 712,1.0,-1.0,-1.0,1648373,1.0,21,,0.0,0.0,4.0,A01,138Â 292Â 714,0.0
965818,201900007349,7,8,07:10,1,1,1,1.0,5.0,97410,RN 2,M," -21,0249960","55,7019820",974,2019,110.0,1.0,1.0,2.0,2158820,1.0,1,4,1,5.0,,0.0,0,1999.0,C01,138Â 292Â 712,1.0,-1.0,-1.0,1648371,1.0,7,,0.0,2.0,1.0,C01,138Â 292Â 712,0.0
965818,201900007349,7,8,07:10,1,1,1,1.0,5.0,97410,RN 2,M," -21,0249960","55,7019820",974,2019,110.0,1.0,1.0,2.0,2158820,1.0,1,4,1,5.0,,0.0,0,1999.0,C01,138Â 292Â 712,1.0,-1.0,-1.0,1648372,1.0,7,,0.0,2.0,1.0,B01,138Â 292Â 713,6.0
965818,201900007349,7,8,07:10,1,1,1,1.0,5.0,97410,RN 2,M," -21,0249960","55,7019820",974,2019,110.0,1.0,1.0,2.0,2158820,1.0,1,4,1,5.0,,0.0,0,1999.0,C01,138Â 292Â 712,1.0,-1.0,-1.0,1648373,1.0,21,,0.0,0.0,4.0,A01,138Â 292Â 714,0.0
965818,201900007349,7,8,07:10,1,1,1,1.0,5.0,97410,RN 2,M," -21,0249960","55,7019820",974,2019,110.0,1.0,1.0,2.0,2158821,1.0,1,4,2,1.0,,0.0,0,1976.0,B01,138Â 292Â 713,1.0,-1.0,-1.0,1648371,1.0,7,,0.0,2.0,1.0,C01,138Â 292Â 712,0.0
965818,201900007349,7,8,07:10,1,1,1,1.0,5.0,97410,RN 2,M," -21,0249960","55,7019820",974,2019,110.0,1.0,1.0,2.0,2158821,1.0,1,4,2,1.0,,0.0,0,1976.0,B01,138Â 292Â 713,1.0,-1.0,-1.0,1648372,1.0,7,,0.0,2.0,1.0,B01,138Â 292Â 713,6.0
965818,201900007349,7,8,07:10,1,1,1,1.0,5.0,97410,RN 2,M," -21,0249960","55,7019820",974,2019,110.0,1.0,1.0,2.0,2158821,1.0,1,4,2,1.0,,0.0,0,1976.0,B01,138Â 292Â 713,1.0,-1.0,-1.0,1648373,1.0,21,,0.0,0.0,4.0,A01,138Â 292Â 714,0.0
965818,201900007349,7,8,07:10,1,1,1,1.0,5.0,97410,RN 2,M," -21,0249960","55,7019820",974,2019,110.0,1.0,1.0,2.0,2158822,1.0,1,1,1,4.0,,0.0,0,1969.0,A01,138Â 292Â 714,0.0,-1.0,-1.0,1648371,1.0,7,,0.0,2.0,1.0,C01,138Â 292Â 712,0.0
965818,201900007349,7,8,07:10,1,1,1,1.0,5.0,97410,RN 2,M," -21,0249960","55,7019820",974,2019,110.0,1.0,1.0,2.0,2158822,1.0,1,1,1,4.0,,0.0,0,1969.0,A01,138Â 292Â 714,0.0,-1.0,-1.0,1648372,1.0,7,,0.0,2.0,1.0,B01,138Â 292Â 713,6.0
965818,201900007349,7,8,07:10,1,1,1,1.0,5.0,97410,RN 2,M," -21,0249960","55,7019820",974,2019,110.0,1.0,1.0,2.0,2158822,1.0,1,1,1,4.0,,0.0,0,1969.0,A01,138Â 292Â 714,0.0,-1.0,-1.0,1648373,1.0,21,,0.0,0.0,4.0,A01,138Â 292Â 714,0.0
965819,201900007350,7,7,11:29,1,1,1,1.0,6.0,34259,Autoroute A 750 Pk 11+600,M,"43,6326770","3,7465080",34,2019,130.0,2.0,1.0,1.0,2158823,1.0,1,3,1,5.0,,0.0,0,1938.0,A01,138Â 292Â 711,1.0,-1.0,-1.0,1648374,2.0,7,,4.0,0.0,1.0,A01,138Â 292Â 711,1.0
965819,201900007350,7,7,11:29,1,1,1,1.0,6.0,34259,Autoroute A 750 Pk 11+600,M,"43,6326770","3,7465080",34,2019,130.0,2.0,1.0,1.0,2158824,2.0,2,3,2,5.0,,0.0,0,1942.0,A01,138Â 292Â 711,1.0,-1.0,-1.0,1648374,2.0,7,,4.0,0.0,1.0,A01,138Â 292Â 711,1.0
965820,201900007351,7,7,20:10,1,1,1,1.0,3.0,74156,Route de Thonon,M,"46,2883240","6,4215200",74,2019,-1.0,3.0,1.0,3.0,2158825,1.0,1,3,1,5.0,,0.0,0,1969.0,B01,138Â 292Â 709,2.0,6.0,-1.0,1648375,1.0,33,,0.0,2.0,1.0,B01,138Â 292Â 709,1.0
965820,201900007351,7,7,20:10,1,1,1,1.0,3.0,74156,Route de Thonon,M,"46,2883240","6,4215200",74,2019,-1.0,3.0,1.0,3.0,2158825,1.0,1,3,1,5.0,,0.0,0,1969.0,B01,138Â 292Â 709,2.0,6.0,-1.0,1648376,1.0,7,,0.0,0.0,3.0,A01,138Â 292Â 710,1.0
965820,201900007351,7,7,20:10,1,1,1,1.0,3.0,74156,Route de Thonon,M,"46,2883240","6,4215200",74,2019,-1.0,3.0,1.0,3.0,2158826,2.0,2,1,2,5.0,,0.0,0,1972.0,B01,138Â 292Â 709,2.0,6.0,-1.0,1648375,1.0,33,,0.0,2.0,1.0,B01,138Â 292Â 709,1.0
965820,201900007351,7,7,20:10,1,1,1,1.0,3.0,74156,Route de Thonon,M,"46,2883240","6,4215200",74,2019,-1.0,3.0,1.0,3.0,2158826,2.0,2,1,2,5.0,,0.0,0,1972.0,B01,138Â 292Â 709,2.0,6.0,-1.0,1648376,1.0,7,,0.0,0.0,3.0,A01,138Â 292Â 710,1.0
965820,201900007351,7,7,20:10,1,1,1,1.0,3.0,74156,Route de Thonon,M,"46,2883240","6,4215200",74,2019,-1.0,3.0,1.0,3.0,2158827,1.0,1,1,1,5.0,,0.0,0,1981.0,A01,138Â 292Â 710,1.0,-1.0,-1.0,1648375,1.0,33,,0.0,2.0,1.0,B01,138Â 292Â 709,1.0
965820,201900007351,7,7,20:10,1,1,1,1.0,3.0,74156,Route de Thonon,M,"46,2883240","6,4215200",74,2019,-1.0,3.0,1.0,3.0,2158827,1.0,1,1,1,5.0,,0.0,0,1981.0,A01,138Â 292Â 710,1.0,-1.0,-1.0,1648376,1.0,7,,0.0,0.0,3.0,A01,138Â 292Â 710,1.0