Unnamed: 0_x,num_acc,mois,jour,hrmn,lum,agg,int,atm,col,com,adr,gps,lat,long,dep,annee,vma,situ,surf,catr,Unnamed: 0_y,place,catu,grav,sexe,trajet,secu,locp,actp,an_nais,num_veh_x,id_vehicule_x,secu1,secu2,secu3,Unnamed: 0,senc,catv,occutc,obs,obsm,choc,num_veh_y,id_vehicule_y,motor
965821,201900007352,7,2,11:30,1,2,6,1.0,6.0,83116,chemin d'aix,M,"43,4554850","5,8497310",83,2019,50.0,1.0,1.0,3.0,2158828,1.0,1,1,1,0.0,,0.0,0,1945.0,A01,138Â 292Â 708,1.0,-1.0,-1.0,1648377,1.0,7,,0.0,1.0,1.0,A01,138Â 292Â 708,1.0
965821,201900007352,7,2,11:30,1,2,6,1.0,6.0,83116,chemin d'aix,M,"43,4554850","5,8497310",83,2019,50.0,1.0,1.0,3.0,2158829,10.0,3,3,2,1.0,,3.0,3,1966.0,A01,138Â 292Â 708,0.0,-1.0,-1.0,1648377,1.0,7,,0.0,1.0,1.0,A01,138Â 292Â 708,1.0
965822,201900007353,7,2,12:20,1,1,3,1.0,5.0,19213,Les Fontbelles,M,"45,3814970","1,6696640",19,2019,80.0,1.0,1.0,3.0,2158830,1.0,1,3,2,1.0,,0.0,0,1972.0,A01,138Â 292Â 703,1.0,-1.0,-1.0,1648378,1.0,7,,0.0,2.0,9.0,A01,138Â 292Â 703,1.0
965822,201900007353,7,2,12:20,1,1,3,1.0,5.0,19213,Les Fontbelles,M,"45,3814970","1,6696640",19,2019,80.0,1.0,1.0,3.0,2158830,1.0,1,3,2,1.0,,0.0,0,1972.0,A01,138Â 292Â 703,1.0,-1.0,-1.0,1648379,1.0,7,,0.0,2.0,3.0,B01,138Â 292Â 704,1.0
965822,201900007353,7,2,12:20,1,1,3,1.0,5.0,19213,Les Fontbelles,M,"45,3814970","1,6696640",19,2019,80.0,1.0,1.0,3.0,2158830,1.0,1,3,2,1.0,,0.0,0,1972.0,A01,138Â 292Â 703,1.0,-1.0,-1.0,1648380,2.0,13,,0.0,2.0,3.0,C01,138Â 292Â 705,1.0
965822,201900007353,7,2,12:20,1,1,3,1.0,5.0,19213,Les Fontbelles,M,"45,3814970","1,6696640",19,2019,80.0,1.0,1.0,3.0,2158831,1.0,1,4,1,4.0,,0.0,0,1988.0,B01,138Â 292Â 704,1.0,-1.0,-1.0,1648378,1.0,7,,0.0,2.0,9.0,A01,138Â 292Â 703,1.0
965822,201900007353,7,2,12:20,1,1,3,1.0,5.0,19213,Les Fontbelles,M,"45,3814970","1,6696640",19,2019,80.0,1.0,1.0,3.0,2158831,1.0,1,4,1,4.0,,0.0,0,1988.0,B01,138Â 292Â 704,1.0,-1.0,-1.0,1648379,1.0,7,,0.0,2.0,3.0,B01,138Â 292Â 704,1.0
965822,201900007353,7,2,12:20,1,1,3,1.0,5.0,19213,Les Fontbelles,M,"45,3814970","1,6696640",19,2019,80.0,1.0,1.0,3.0,2158831,1.0,1,4,1,4.0,,0.0,0,1988.0,B01,138Â 292Â 704,1.0,-1.0,-1.0,1648380,2.0,13,,0.0,2.0,3.0,C01,138Â 292Â 705,1.0
965822,201900007353,7,2,12:20,1,1,3,1.0,5.0,19213,Les Fontbelles,M,"45,3814970","1,6696640",19,2019,80.0,1.0,1.0,3.0,2158832,1.0,1,1,1,4.0,,0.0,0,1967.0,C01,138Â 292Â 705,1.0,-1.0,-1.0,1648378,1.0,7,,0.0,2.0,9.0,A01,138Â 292Â 703,1.0
965822,201900007353,7,2,12:20,1,1,3,1.0,5.0,19213,Les Fontbelles,M,"45,3814970","1,6696640",19,2019,80.0,1.0,1.0,3.0,2158832,1.0,1,1,1,4.0,,0.0,0,1967.0,C01,138Â 292Â 705,1.0,-1.0,-1.0,1648379,1.0,7,,0.0,2.0,3.0,B01,138Â 292Â 704,1.0
965822,201900007353,7,2,12:20,1,1,3,1.0,5.0,19213,Les Fontbelles,M,"45,3814970","1,6696640",19,2019,80.0,1.0,1.0,3.0,2158832,1.0,1,1,1,4.0,,0.0,0,1967.0,C01,138Â 292Â 705,1.0,-1.0,-1.0,1648380,2.0,13,,0.0,2.0,3.0,C01,138Â 292Â 705,1.0
965823,201900007354,7,7,20:20,1,2,3,1.0,6.0,74208,rue Salavador Allende,M,"45,9272581","6,7196964",74,2019,50.0,1.0,1.0,3.0,2158833,1.0,1,4,1,5.0,,0.0,0,1986.0,A01,138Â 292Â 702,8.0,-1.0,-1.0,1648381,2.0,7,,1.0,0.0,1.0,A01,138Â 292Â 702,1.0
965823,201900007354,7,7,20:20,1,2,3,1.0,6.0,74208,rue Salavador Allende,M,"45,9272581","6,7196964",74,2019,50.0,1.0,1.0,3.0,2158834,2.0,2,4,1,5.0,,0.0,0,1982.0,A01,138Â 292Â 702,8.0,-1.0,-1.0,1648381,2.0,7,,1.0,0.0,1.0,A01,138Â 292Â 702,1.0
965824,201900007355,7,7,15:20,1,1,1,1.0,7.0,74303,2275 Route d'Aviernoz,M,"45,9625960","6,2151720",74,2019,50.0,3.0,1.0,3.0,2158835,2.0,2,1,1,0.0,,0.0,0,2016.0,A01,138Â 292Â 701,1.0,3.0,-1.0,1648382,2.0,7,,13.0,0.0,9.0,A01,138Â 292Â 701,1.0
965824,201900007355,7,7,15:20,1,1,1,1.0,7.0,74303,2275 Route d'Aviernoz,M,"45,9625960","6,2151720",74,2019,50.0,3.0,1.0,3.0,2158836,1.0,1,3,1,5.0,,0.0,0,1978.0,A01,138Â 292Â 701,0.0,-1.0,-1.0,1648382,2.0,7,,13.0,0.0,9.0,A01,138Â 292Â 701,1.0
965824,201900007355,7,7,15:20,1,1,1,1.0,7.0,74303,2275 Route d'Aviernoz,M,"45,9625960","6,2151720",74,2019,50.0,3.0,1.0,3.0,2158837,9.0,2,3,2,5.0,,0.0,0,1991.0,A01,138Â 292Â 701,0.0,-1.0,-1.0,1648382,2.0,7,,13.0,0.0,9.0,A01,138Â 292Â 701,1.0
965825,201900007356,7,8,15:35,1,1,1,1.0,2.0,79277,,M,"47,0845340"," -0,1737430",79,2019,80.0,1.0,1.0,3.0,2158838,1.0,1,2,1,5.0,,0.0,0,2003.0,A01,138Â 292Â 699,2.0,6.0,-1.0,1648383,2.0,2,,0.0,2.0,1.0,A01,138Â 292Â 699,1.0
965825,201900007356,7,8,15:35,1,1,1,1.0,2.0,79277,,M,"47,0845340"," -0,1737430",79,2019,80.0,1.0,1.0,3.0,2158838,1.0,1,2,1,5.0,,0.0,0,2003.0,A01,138Â 292Â 699,2.0,6.0,-1.0,1648384,2.0,13,,0.0,0.0,4.0,B01,138Â 292Â 700,1.0
965825,201900007356,7,8,15:35,1,1,1,1.0,2.0,79277,,M,"47,0845340"," -0,1737430",79,2019,80.0,1.0,1.0,3.0,2158839,1.0,1,1,1,4.0,,0.0,0,1973.0,B01,138Â 292Â 700,1.0,-1.0,-1.0,1648383,2.0,2,,0.0,2.0,1.0,A01,138Â 292Â 699,1.0
965825,201900007356,7,8,15:35,1,1,1,1.0,2.0,79277,,M,"47,0845340"," -0,1737430",79,2019,80.0,1.0,1.0,3.0,2158839,1.0,1,1,1,4.0,,0.0,0,1973.0,B01,138Â 292Â 700,1.0,-1.0,-1.0,1648384,2.0,13,,0.0,0.0,4.0,B01,138Â 292Â 700,1.0
965826,201900007357,7,6,22:30,2,2,1,1.0,6.0,80443,Rue du Commandant Eard,M,"49,8448180","1,8529350",80,2019,50.0,1.0,1.0,4.0,2158840,1.0,1,3,1,5.0,,0.0,0,1966.0,A01,138Â 292Â 698,0.0,-1.0,-1.0,1648385,3.0,35,,13.0,0.0,2.0,A01,138Â 292Â 698,1.0
965827,201900007358,7,7,21:25,1,1,1,1.0,7.0,82149,D820,M,"44,1110810","1,4735230",82,2019,80.0,3.0,1.0,3.0,2158841,1.0,1,3,1,5.0,,0.0,0,1967.0,A01,138Â 292Â 697,0.0,-1.0,-1.0,1648386,2.0,2,,0.0,0.0,0.0,A01,138Â 292Â 697,1.0
965828,201900007359,7,7,22:20,5,2,2,1.0,3.0,81084,Avenue du Bernazobre,M,"43,5001050","2,2109880",81,2019,50.0,1.0,1.0,3.0,2158842,2.0,2,1,1,5.0,,0.0,0,1967.0,A01,138Â 292Â 695,1.0,-1.0,-1.0,1648387,1.0,7,,0.0,2.0,3.0,A01,138Â 292Â 695,1.0
965828,201900007359,7,7,22:20,5,2,2,1.0,3.0,81084,Avenue du Bernazobre,M,"43,5001050","2,2109880",81,2019,50.0,1.0,1.0,3.0,2158842,2.0,2,1,1,5.0,,0.0,0,1967.0,A01,138Â 292Â 695,1.0,-1.0,-1.0,1648388,2.0,33,,0.0,2.0,8.0,B01,138Â 292Â 696,1.0
965828,201900007359,7,7,22:20,5,2,2,1.0,3.0,81084,Avenue du Bernazobre,M,"43,5001050","2,2109880",81,2019,50.0,1.0,1.0,3.0,2158843,9.0,2,1,1,5.0,,0.0,0,1998.0,A01,138Â 292Â 695,1.0,-1.0,-1.0,1648387,1.0,7,,0.0,2.0,3.0,A01,138Â 292Â 695,1.0
965828,201900007359,7,7,22:20,5,2,2,1.0,3.0,81084,Avenue du Bernazobre,M,"43,5001050","2,2109880",81,2019,50.0,1.0,1.0,3.0,2158843,9.0,2,1,1,5.0,,0.0,0,1998.0,A01,138Â 292Â 695,1.0,-1.0,-1.0,1648388,2.0,33,,0.0,2.0,8.0,B01,138Â 292Â 696,1.0
965828,201900007359,7,7,22:20,5,2,2,1.0,3.0,81084,Avenue du Bernazobre,M,"43,5001050","2,2109880",81,2019,50.0,1.0,1.0,3.0,2158844,1.0,1,1,1,5.0,,0.0,0,1968.0,A01,138Â 292Â 695,1.0,-1.0,-1.0,1648387,1.0,7,,0.0,2.0,3.0,A01,138Â 292Â 695,1.0
965828,201900007359,7,7,22:20,5,2,2,1.0,3.0,81084,Avenue du Bernazobre,M,"43,5001050","2,2109880",81,2019,50.0,1.0,1.0,3.0,2158844,1.0,1,1,1,5.0,,0.0,0,1968.0,A01,138Â 292Â 695,1.0,-1.0,-1.0,1648388,2.0,33,,0.0,2.0,8.0,B01,138Â 292Â 696,1.0
965828,201900007359,7,7,22:20,5,2,2,1.0,3.0,81084,Avenue du Bernazobre,M,"43,5001050","2,2109880",81,2019,50.0,1.0,1.0,3.0,2158845,1.0,1,3,1,5.0,,0.0,0,2002.0,B01,138Â 292Â 696,2.0,6.0,-1.0,1648387,1.0,7,,0.0,2.0,3.0,A01,138Â 292Â 695,1.0
965828,201900007359,7,7,22:20,5,2,2,1.0,3.0,81084,Avenue du Bernazobre,M,"43,5001050","2,2109880",81,2019,50.0,1.0,1.0,3.0,2158845,1.0,1,3,1,5.0,,0.0,0,2002.0,B01,138Â 292Â 696,2.0,6.0,-1.0,1648388,2.0,33,,0.0,2.0,8.0,B01,138Â 292Â 696,1.0
965829,201900007360,7,8,07:00,1,1,1,1.0,1.0,71535,D978 - Route de CHATAU CHINON,M,"47,0138410","4,2334800",71,2019,80.0,1.0,1.0,3.0,2158846,1.0,1,4,2,5.0,,0.0,0,2004.0,B01,138Â 292Â 693,1.0,-1.0,-1.0,1648389,2.0,7,,0.0,2.0,8.0,B01,138Â 292Â 693,1.0
965829,201900007360,7,8,07:00,1,1,1,1.0,1.0,71535,D978 - Route de CHATAU CHINON,M,"47,0138410","4,2334800",71,2019,80.0,1.0,1.0,3.0,2158846,1.0,1,4,2,5.0,,0.0,0,2004.0,B01,138Â 292Â 693,1.0,-1.0,-1.0,1648390,1.0,7,,0.0,2.0,3.0,A01,138Â 292Â 694,1.0
965829,201900007360,7,8,07:00,1,1,1,1.0,1.0,71535,D978 - Route de CHATAU CHINON,M,"47,0138410","4,2334800",71,2019,80.0,1.0,1.0,3.0,2158847,1.0,1,4,1,5.0,,0.0,0,1999.0,A01,138Â 292Â 694,1.0,-1.0,-1.0,1648389,2.0,7,,0.0,2.0,8.0,B01,138Â 292Â 693,1.0
965829,201900007360,7,8,07:00,1,1,1,1.0,1.0,71535,D978 - Route de CHATAU CHINON,M,"47,0138410","4,2334800",71,2019,80.0,1.0,1.0,3.0,2158847,1.0,1,4,1,5.0,,0.0,0,1999.0,A01,138Â 292Â 694,1.0,-1.0,-1.0,1648390,1.0,7,,0.0,2.0,3.0,A01,138Â 292Â 694,1.0
965830,201900007361,7,8,12:30,1,1,1,1.0,7.0,76394,D14,M,"49,9733560","1,5349560",76,2019,80.0,1.0,1.0,3.0,2158848,1.0,1,3,1,5.0,,0.0,0,1986.0,A01,138Â 292Â 692,1.0,-1.0,-1.0,1648391,2.0,7,,0.0,0.0,9.0,A01,138Â 292Â 692,0.0
965830,201900007361,7,8,12:30,1,1,1,1.0,7.0,76394,D14,M,"49,9733560","1,5349560",76,2019,80.0,1.0,1.0,3.0,2158849,2.0,2,2,1,5.0,,0.0,0,1950.0,A01,138Â 292Â 692,1.0,-1.0,-1.0,1648391,2.0,7,,0.0,0.0,9.0,A01,138Â 292Â 692,0.0
965831,201900007362,7,7,20:30,2,1,1,8.0,6.0,42264,D11,M,"45,6077180","4,3754230",42,2019,80.0,8.0,2.0,3.0,2158850,1.0,1,2,1,5.0,,0.0,0,1989.0,A01,138Â 292Â 691,0.0,-1.0,-1.0,1648392,2.0,7,,3.0,0.0,1.0,A01,138Â 292Â 691,1.0
965832,201900007363,7,8,13:10,1,2,2,1.0,3.0,42312,Route DÃ©partementale 3,M,"45,4153070","4,0827700",42,2019,50.0,1.0,1.0,3.0,2158851,1.0,1,1,1,1.0,,0.0,0,1956.0,B01,138Â 292Â 689,1.0,-1.0,-1.0,1648393,3.0,7,,0.0,2.0,8.0,B01,138Â 292Â 689,1.0
965832,201900007363,7,8,13:10,1,2,2,1.0,3.0,42312,Route DÃ©partementale 3,M,"45,4153070","4,0827700",42,2019,50.0,1.0,1.0,3.0,2158851,1.0,1,1,1,1.0,,0.0,0,1956.0,B01,138Â 292Â 689,1.0,-1.0,-1.0,1648394,2.0,31,,0.0,2.0,1.0,A01,138Â 292Â 690,1.0
965832,201900007363,7,8,13:10,1,2,2,1.0,3.0,42312,Route DÃ©partementale 3,M,"45,4153070","4,0827700",42,2019,50.0,1.0,1.0,3.0,2158852,1.0,1,3,1,1.0,,0.0,0,1978.0,A01,138Â 292Â 690,2.0,6.0,-1.0,1648393,3.0,7,,0.0,2.0,8.0,B01,138Â 292Â 689,1.0
965832,201900007363,7,8,13:10,1,2,2,1.0,3.0,42312,Route DÃ©partementale 3,M,"45,4153070","4,0827700",42,2019,50.0,1.0,1.0,3.0,2158852,1.0,1,3,1,1.0,,0.0,0,1978.0,A01,138Â 292Â 690,2.0,6.0,-1.0,1648394,2.0,31,,0.0,2.0,1.0,A01,138Â 292Â 690,1.0
965833,201900007364,7,7,18:10,1,1,1,1.0,7.0,42159,Route DÃ©partementale 1089,M,"45,8492950","3,7370350",42,2019,80.0,3.0,1.0,3.0,2158853,1.0,1,3,1,5.0,,0.0,0,1998.0,A01,138Â 292Â 688,1.0,-1.0,-1.0,1648395,1.0,7,,13.0,0.0,2.0,A01,138Â 292Â 688,0.0
965833,201900007364,7,7,18:10,1,1,1,1.0,7.0,42159,Route DÃ©partementale 1089,M,"45,8492950","3,7370350",42,2019,80.0,3.0,1.0,3.0,2158854,2.0,2,4,1,5.0,,0.0,0,1996.0,A01,138Â 292Â 688,1.0,-1.0,-1.0,1648395,1.0,7,,13.0,0.0,2.0,A01,138Â 292Â 688,0.0
965833,201900007364,7,7,18:10,1,1,1,1.0,7.0,42159,Route DÃ©partementale 1089,M,"45,8492950","3,7370350",42,2019,80.0,3.0,1.0,3.0,2158855,9.0,2,4,1,5.0,,0.0,0,1992.0,A01,138Â 292Â 688,1.0,-1.0,-1.0,1648395,1.0,7,,13.0,0.0,2.0,A01,138Â 292Â 688,0.0
965834,201900007365,7,7,08:00,1,1,1,1.0,1.0,42313,Route de Montverdun,M,"45,7297900","4,0231300",42,2019,80.0,1.0,1.0,3.0,2158856,1.0,1,4,1,5.0,,0.0,0,1998.0,A01,138Â 292Â 686,1.0,-1.0,-1.0,1648396,1.0,7,,0.0,0.0,1.0,A01,138Â 292Â 686,1.0
965834,201900007365,7,7,08:00,1,1,1,1.0,1.0,42313,Route de Montverdun,M,"45,7297900","4,0231300",42,2019,80.0,1.0,1.0,3.0,2158856,1.0,1,4,1,5.0,,0.0,0,1998.0,A01,138Â 292Â 686,1.0,-1.0,-1.0,1648397,2.0,7,,0.0,0.0,1.0,B01,138Â 292Â 687,1.0
965834,201900007365,7,7,08:00,1,1,1,1.0,1.0,42313,Route de Montverdun,M,"45,7297900","4,0231300",42,2019,80.0,1.0,1.0,3.0,2158857,1.0,1,3,2,0.0,,0.0,0,1960.0,B01,138Â 292Â 687,1.0,-1.0,-1.0,1648396,1.0,7,,0.0,0.0,1.0,A01,138Â 292Â 686,1.0
965834,201900007365,7,7,08:00,1,1,1,1.0,1.0,42313,Route de Montverdun,M,"45,7297900","4,0231300",42,2019,80.0,1.0,1.0,3.0,2158857,1.0,1,3,2,0.0,,0.0,0,1960.0,B01,138Â 292Â 687,1.0,-1.0,-1.0,1648397,2.0,7,,0.0,0.0,1.0,B01,138Â 292Â 687,1.0
965835,201900007366,7,4,16:55,1,1,1,1.0,5.0,29140,Gorre Menez,M,"48,4028450"," -4,3177330",29,2019,70.0,1.0,1.0,3.0,2158858,1.0,1,1,1,5.0,,0.0,0,1978.0,A01,138Â 292Â 683,1.0,-1.0,-1.0,1648398,1.0,7,,0.0,2.0,3.0,A01,138Â 292Â 683,1.0
965835,201900007366,7,4,16:55,1,1,1,1.0,5.0,29140,Gorre Menez,M,"48,4028450"," -4,3177330",29,2019,70.0,1.0,1.0,3.0,2158858,1.0,1,1,1,5.0,,0.0,0,1978.0,A01,138Â 292Â 683,1.0,-1.0,-1.0,1648399,2.0,7,,0.0,2.0,3.0,B01,138Â 292Â 684,1.0
965835,201900007366,7,4,16:55,1,1,1,1.0,5.0,29140,Gorre Menez,M,"48,4028450"," -4,3177330",29,2019,70.0,1.0,1.0,3.0,2158858,1.0,1,1,1,5.0,,0.0,0,1978.0,A01,138Â 292Â 683,1.0,-1.0,-1.0,1648400,2.0,7,,0.0,2.0,3.0,C01,138Â 292Â 685,1.0
965835,201900007366,7,4,16:55,1,1,1,1.0,5.0,29140,Gorre Menez,M,"48,4028450"," -4,3177330",29,2019,70.0,1.0,1.0,3.0,2158859,1.0,1,4,2,1.0,,0.0,0,1960.0,B01,138Â 292Â 684,1.0,-1.0,-1.0,1648398,1.0,7,,0.0,2.0,3.0,A01,138Â 292Â 683,1.0
965835,201900007366,7,4,16:55,1,1,1,1.0,5.0,29140,Gorre Menez,M,"48,4028450"," -4,3177330",29,2019,70.0,1.0,1.0,3.0,2158859,1.0,1,4,2,1.0,,0.0,0,1960.0,B01,138Â 292Â 684,1.0,-1.0,-1.0,1648399,2.0,7,,0.0,2.0,3.0,B01,138Â 292Â 684,1.0
965835,201900007366,7,4,16:55,1,1,1,1.0,5.0,29140,Gorre Menez,M,"48,4028450"," -4,3177330",29,2019,70.0,1.0,1.0,3.0,2158859,1.0,1,4,2,1.0,,0.0,0,1960.0,B01,138Â 292Â 684,1.0,-1.0,-1.0,1648400,2.0,7,,0.0,2.0,3.0,C01,138Â 292Â 685,1.0
965835,201900007366,7,4,16:55,1,1,1,1.0,5.0,29140,Gorre Menez,M,"48,4028450"," -4,3177330",29,2019,70.0,1.0,1.0,3.0,2158860,1.0,1,1,1,1.0,,0.0,0,1987.0,C01,138Â 292Â 685,1.0,-1.0,-1.0,1648398,1.0,7,,0.0,2.0,3.0,A01,138Â 292Â 683,1.0
965835,201900007366,7,4,16:55,1,1,1,1.0,5.0,29140,Gorre Menez,M,"48,4028450"," -4,3177330",29,2019,70.0,1.0,1.0,3.0,2158860,1.0,1,1,1,1.0,,0.0,0,1987.0,C01,138Â 292Â 685,1.0,-1.0,-1.0,1648399,2.0,7,,0.0,2.0,3.0,B01,138Â 292Â 684,1.0
965835,201900007366,7,4,16:55,1,1,1,1.0,5.0,29140,Gorre Menez,M,"48,4028450"," -4,3177330",29,2019,70.0,1.0,1.0,3.0,2158860,1.0,1,1,1,1.0,,0.0,0,1987.0,C01,138Â 292Â 685,1.0,-1.0,-1.0,1648400,2.0,7,,0.0,2.0,3.0,C01,138Â 292Â 685,1.0
965836,201900007367,7,7,10:45,1,2,1,9.0,3.0,35360,Boulevard Pierre Landais,M,"48,1205740"," -1,2064820",35,2019,30.0,1.0,1.0,4.0,2158861,1.0,1,1,2,5.0,,0.0,0,1938.0,A01,138Â 292Â 681,1.0,-1.0,-1.0,1648401,2.0,7,,0.0,9.0,2.0,A01,138Â 292Â 681,1.0
965836,201900007367,7,7,10:45,1,2,1,9.0,3.0,35360,Boulevard Pierre Landais,M,"48,1205740"," -1,2064820",35,2019,30.0,1.0,1.0,4.0,2158861,1.0,1,1,2,5.0,,0.0,0,1938.0,A01,138Â 292Â 681,1.0,-1.0,-1.0,1648402,1.0,1,,0.0,2.0,1.0,B01,138Â 292Â 682,0.0
965836,201900007367,7,7,10:45,1,2,1,9.0,3.0,35360,Boulevard Pierre Landais,M,"48,1205740"," -1,2064820",35,2019,30.0,1.0,1.0,4.0,2158862,1.0,1,4,1,3.0,,0.0,0,1997.0,B01,138Â 292Â 682,0.0,-1.0,-1.0,1648401,2.0,7,,0.0,9.0,2.0,A01,138Â 292Â 681,1.0
965836,201900007367,7,7,10:45,1,2,1,9.0,3.0,35360,Boulevard Pierre Landais,M,"48,1205740"," -1,2064820",35,2019,30.0,1.0,1.0,4.0,2158862,1.0,1,4,1,3.0,,0.0,0,1997.0,B01,138Â 292Â 682,0.0,-1.0,-1.0,1648402,1.0,1,,0.0,2.0,1.0,B01,138Â 292Â 682,0.0
965837,201900007368,7,7,17:40,1,1,1,1.0,1.0,31570,d2,M,"43,4617910","1,8190140",31,2019,80.0,1.0,1.0,3.0,2158863,8.0,2,4,1,5.0,,0.0,0,2007.0,B01,138Â 292Â 679,1.0,-1.0,-1.0,1648403,1.0,7,,0.0,2.0,3.0,B01,138Â 292Â 679,1.0
965837,201900007368,7,7,17:40,1,1,1,1.0,1.0,31570,d2,M,"43,4617910","1,8190140",31,2019,80.0,1.0,1.0,3.0,2158863,8.0,2,4,1,5.0,,0.0,0,2007.0,B01,138Â 292Â 679,1.0,-1.0,-1.0,1648404,2.0,7,,0.0,2.0,3.0,A01,138Â 292Â 680,1.0
965837,201900007368,7,7,17:40,1,1,1,1.0,1.0,31570,d2,M,"43,4617910","1,8190140",31,2019,80.0,1.0,1.0,3.0,2158864,8.0,2,4,1,5.0,,0.0,0,2011.0,B01,138Â 292Â 679,1.0,-1.0,-1.0,1648403,1.0,7,,0.0,2.0,3.0,B01,138Â 292Â 679,1.0
965837,201900007368,7,7,17:40,1,1,1,1.0,1.0,31570,d2,M,"43,4617910","1,8190140",31,2019,80.0,1.0,1.0,3.0,2158864,8.0,2,4,1,5.0,,0.0,0,2011.0,B01,138Â 292Â 679,1.0,-1.0,-1.0,1648404,2.0,7,,0.0,2.0,3.0,A01,138Â 292Â 680,1.0
965837,201900007368,7,7,17:40,1,1,1,1.0,1.0,31570,d2,M,"43,4617910","1,8190140",31,2019,80.0,1.0,1.0,3.0,2158865,1.0,1,4,1,5.0,,0.0,0,1949.0,B01,138Â 292Â 679,1.0,-1.0,-1.0,1648403,1.0,7,,0.0,2.0,3.0,B01,138Â 292Â 679,1.0
965837,201900007368,7,7,17:40,1,1,1,1.0,1.0,31570,d2,M,"43,4617910","1,8190140",31,2019,80.0,1.0,1.0,3.0,2158865,1.0,1,4,1,5.0,,0.0,0,1949.0,B01,138Â 292Â 679,1.0,-1.0,-1.0,1648404,2.0,7,,0.0,2.0,3.0,A01,138Â 292Â 680,1.0
965837,201900007368,7,7,17:40,1,1,1,1.0,1.0,31570,d2,M,"43,4617910","1,8190140",31,2019,80.0,1.0,1.0,3.0,2158866,9.0,2,4,2,5.0,,0.0,0,1978.0,B01,138Â 292Â 679,1.0,-1.0,-1.0,1648403,1.0,7,,0.0,2.0,3.0,B01,138Â 292Â 679,1.0
965837,201900007368,7,7,17:40,1,1,1,1.0,1.0,31570,d2,M,"43,4617910","1,8190140",31,2019,80.0,1.0,1.0,3.0,2158866,9.0,2,4,2,5.0,,0.0,0,1978.0,B01,138Â 292Â 679,1.0,-1.0,-1.0,1648404,2.0,7,,0.0,2.0,3.0,A01,138Â 292Â 680,1.0
965837,201900007368,7,7,17:40,1,1,1,1.0,1.0,31570,d2,M,"43,4617910","1,8190140",31,2019,80.0,1.0,1.0,3.0,2158867,7.0,2,4,2,5.0,,0.0,0,2009.0,B01,138Â 292Â 679,1.0,-1.0,-1.0,1648403,1.0,7,,0.0,2.0,3.0,B01,138Â 292Â 679,1.0
965837,201900007368,7,7,17:40,1,1,1,1.0,1.0,31570,d2,M,"43,4617910","1,8190140",31,2019,80.0,1.0,1.0,3.0,2158867,7.0,2,4,2,5.0,,0.0,0,2009.0,B01,138Â 292Â 679,1.0,-1.0,-1.0,1648404,2.0,7,,0.0,2.0,3.0,A01,138Â 292Â 680,1.0
965837,201900007368,7,7,17:40,1,1,1,1.0,1.0,31570,d2,M,"43,4617910","1,8190140",31,2019,80.0,1.0,1.0,3.0,2158868,2.0,2,4,2,5.0,,0.0,0,1953.0,B01,138Â 292Â 679,1.0,-1.0,-1.0,1648403,1.0,7,,0.0,2.0,3.0,B01,138Â 292Â 679,1.0
965837,201900007368,7,7,17:40,1,1,1,1.0,1.0,31570,d2,M,"43,4617910","1,8190140",31,2019,80.0,1.0,1.0,3.0,2158868,2.0,2,4,2,5.0,,0.0,0,1953.0,B01,138Â 292Â 679,1.0,-1.0,-1.0,1648404,2.0,7,,0.0,2.0,3.0,A01,138Â 292Â 680,1.0
965837,201900007368,7,7,17:40,1,1,1,1.0,1.0,31570,d2,M,"43,4617910","1,8190140",31,2019,80.0,1.0,1.0,3.0,2158869,1.0,1,4,1,5.0,,0.0,0,1955.0,A01,138Â 292Â 680,1.0,-1.0,-1.0,1648403,1.0,7,,0.0,2.0,3.0,B01,138Â 292Â 679,1.0
965837,201900007368,7,7,17:40,1,1,1,1.0,1.0,31570,d2,M,"43,4617910","1,8190140",31,2019,80.0,1.0,1.0,3.0,2158869,1.0,1,4,1,5.0,,0.0,0,1955.0,A01,138Â 292Â 680,1.0,-1.0,-1.0,1648404,2.0,7,,0.0,2.0,3.0,A01,138Â 292Â 680,1.0
965837,201900007368,7,7,17:40,1,1,1,1.0,1.0,31570,d2,M,"43,4617910","1,8190140",31,2019,80.0,1.0,1.0,3.0,2158870,7.0,2,3,2,5.0,,0.0,0,1927.0,A01,138Â 292Â 680,1.0,-1.0,-1.0,1648403,1.0,7,,0.0,2.0,3.0,B01,138Â 292Â 679,1.0
965837,201900007368,7,7,17:40,1,1,1,1.0,1.0,31570,d2,M,"43,4617910","1,8190140",31,2019,80.0,1.0,1.0,3.0,2158870,7.0,2,3,2,5.0,,0.0,0,1927.0,A01,138Â 292Â 680,1.0,-1.0,-1.0,1648404,2.0,7,,0.0,2.0,3.0,A01,138Â 292Â 680,1.0
965837,201900007368,7,7,17:40,1,1,1,1.0,1.0,31570,d2,M,"43,4617910","1,8190140",31,2019,80.0,1.0,1.0,3.0,2158871,2.0,2,4,2,5.0,,0.0,0,1952.0,A01,138Â 292Â 680,1.0,-1.0,-1.0,1648403,1.0,7,,0.0,2.0,3.0,B01,138Â 292Â 679,1.0
965837,201900007368,7,7,17:40,1,1,1,1.0,1.0,31570,d2,M,"43,4617910","1,8190140",31,2019,80.0,1.0,1.0,3.0,2158871,2.0,2,4,2,5.0,,0.0,0,1952.0,A01,138Â 292Â 680,1.0,-1.0,-1.0,1648404,2.0,7,,0.0,2.0,3.0,A01,138Â 292Â 680,1.0