Unnamed: 0_x,num_acc,mois,jour,hrmn,lum,agg,int,atm,col,com,adr,gps,lat,long,dep,annee,vma,situ,surf,catr,Unnamed: 0_y,place,catu,grav,sexe,trajet,secu,locp,actp,an_nais,num_veh_x,id_vehicule_x,secu1,secu2,secu3,Unnamed: 0,senc,catv,occutc,obs,obsm,choc,num_veh_y,id_vehicule_y,motor
965838,201900007369,7,8,08:15,1,1,1,1.0,6.0,01094,4297 Route de Mantenay,M,"46,4298800","5,0323370",1,2019,70.0,1.0,1.0,3.0,2158872,10.0,3,3,1,1.0,,1.0,3,1997.0,A01,138Â 292Â 678,0.0,-1.0,-1.0,1648405,2.0,7,,0.0,1.0,2.0,A01,138Â 292Â 678,1.0
965838,201900007369,7,8,08:15,1,1,1,1.0,6.0,01094,4297 Route de Mantenay,M,"46,4298800","5,0323370",1,2019,70.0,1.0,1.0,3.0,2158873,1.0,1,1,2,1.0,,0.0,0,1992.0,A01,138Â 292Â 678,1.0,-1.0,-1.0,1648405,2.0,7,,0.0,1.0,2.0,A01,138Â 292Â 678,1.0
965839,201900007370,7,8,14:30,1,2,1,1.0,2.0,26108,554 Les SeterÃ©es,M,"44,7366920","5,0318330",26,2019,30.0,1.0,1.0,4.0,2158874,1.0,1,3,1,5.0,,0.0,0,2005.0,B01,138Â 292Â 676,2.0,-1.0,-1.0,1648406,3.0,31,,0.0,2.0,1.0,B01,138Â 292Â 676,1.0
965839,201900007370,7,8,14:30,1,2,1,1.0,2.0,26108,554 Les SeterÃ©es,M,"44,7366920","5,0318330",26,2019,30.0,1.0,1.0,4.0,2158874,1.0,1,3,1,5.0,,0.0,0,2005.0,B01,138Â 292Â 676,2.0,-1.0,-1.0,1648407,3.0,7,,0.0,0.0,3.0,A01,138Â 292Â 677,1.0
965839,201900007370,7,8,14:30,1,2,1,1.0,2.0,26108,554 Les SeterÃ©es,M,"44,7366920","5,0318330",26,2019,30.0,1.0,1.0,4.0,2158875,1.0,1,1,2,5.0,,0.0,0,1979.0,A01,138Â 292Â 677,1.0,-1.0,-1.0,1648406,3.0,31,,0.0,2.0,1.0,B01,138Â 292Â 676,1.0
965839,201900007370,7,8,14:30,1,2,1,1.0,2.0,26108,554 Les SeterÃ©es,M,"44,7366920","5,0318330",26,2019,30.0,1.0,1.0,4.0,2158875,1.0,1,1,2,5.0,,0.0,0,1979.0,A01,138Â 292Â 677,1.0,-1.0,-1.0,1648407,3.0,7,,0.0,0.0,3.0,A01,138Â 292Â 677,1.0
965840,201900007371,7,8,16:20,1,1,1,1.0,7.0,58153,rd 6,M,"47,2988690","3,7543180",58,2019,50.0,1.0,9.0,3.0,2158876,1.0,1,4,2,1.0,,0.0,0,1997.0,A01,138Â 292Â 675,2.0,6.0,-1.0,1648408,2.0,2,,0.0,0.0,6.0,A01,138Â 292Â 675,1.0
965841,201900007372,7,8,12:45,1,1,1,1.0,7.0,72184,RD 21 PR 2.9,M,"47,9813960"," -0,1993850",72,2019,80.0,3.0,1.0,3.0,2158877,1.0,1,3,1,1.0,,0.0,0,2000.0,A01,138Â 292Â 672,1.0,5.0,-1.0,1648409,2.0,7,,13.0,0.0,2.0,A01,138Â 292Â 672,1.0
965842,201900007373,7,7,16:25,1,1,1,7.0,6.0,14546,Rue Marine,M,"49,0092280"," -0,1813390",14,2019,80.0,3.0,1.0,4.0,2158878,1.0,1,2,1,4.0,,0.0,0,1955.0,A01,138Â 292Â 671,0.0,-1.0,-1.0,1648410,3.0,21,,13.0,0.0,2.0,A01,138Â 292Â 671,1.0
965843,201900007374,7,8,06:45,1,1,1,1.0,1.0,50079,Hameau Fouquet,M,"49,5459110"," -1,6728010",50,2019,80.0,1.0,1.0,3.0,2158879,1.0,1,3,1,5.0,,0.0,0,1988.0,B01,138Â 292Â 669,2.0,6.0,-1.0,1648411,1.0,33,,0.0,2.0,1.0,B01,138Â 292Â 669,1.0
965843,201900007374,7,8,06:45,1,1,1,1.0,1.0,50079,Hameau Fouquet,M,"49,5459110"," -1,6728010",50,2019,80.0,1.0,1.0,3.0,2158879,1.0,1,3,1,5.0,,0.0,0,1988.0,B01,138Â 292Â 669,2.0,6.0,-1.0,1648412,2.0,7,,0.0,2.0,5.0,A01,138Â 292Â 670,1.0
965843,201900007374,7,8,06:45,1,1,1,1.0,1.0,50079,Hameau Fouquet,M,"49,5459110"," -1,6728010",50,2019,80.0,1.0,1.0,3.0,2158880,1.0,1,1,1,4.0,,0.0,0,1941.0,A01,138Â 292Â 670,1.0,-1.0,-1.0,1648411,1.0,33,,0.0,2.0,1.0,B01,138Â 292Â 669,1.0
965843,201900007374,7,8,06:45,1,1,1,1.0,1.0,50079,Hameau Fouquet,M,"49,5459110"," -1,6728010",50,2019,80.0,1.0,1.0,3.0,2158880,1.0,1,1,1,4.0,,0.0,0,1941.0,A01,138Â 292Â 670,1.0,-1.0,-1.0,1648412,2.0,7,,0.0,2.0,5.0,A01,138Â 292Â 670,1.0
965844,201900007375,7,8,07:30,1,1,1,1.0,1.0,36043,Jarlay,M,"46,5330190","1,9413610",36,2019,80.0,1.0,1.0,3.0,2158881,1.0,1,3,1,1.0,,0.0,0,1989.0,A01,138Â 292Â 665,2.0,6.0,9.0,1648413,1.0,33,,0.0,2.0,1.0,A01,138Â 292Â 665,1.0
965844,201900007375,7,8,07:30,1,1,1,1.0,1.0,36043,Jarlay,M,"46,5330190","1,9413610",36,2019,80.0,1.0,1.0,3.0,2158881,1.0,1,3,1,1.0,,0.0,0,1989.0,A01,138Â 292Â 665,2.0,6.0,9.0,1648414,2.0,7,,0.0,2.0,2.0,B01,138Â 292Â 666,1.0
965844,201900007375,7,8,07:30,1,1,1,1.0,1.0,36043,Jarlay,M,"46,5330190","1,9413610",36,2019,80.0,1.0,1.0,3.0,2158882,1.0,1,1,2,1.0,,0.0,0,1975.0,B01,138Â 292Â 666,1.0,-1.0,-1.0,1648413,1.0,33,,0.0,2.0,1.0,A01,138Â 292Â 665,1.0
965844,201900007375,7,8,07:30,1,1,1,1.0,1.0,36043,Jarlay,M,"46,5330190","1,9413610",36,2019,80.0,1.0,1.0,3.0,2158882,1.0,1,1,2,1.0,,0.0,0,1975.0,B01,138Â 292Â 666,1.0,-1.0,-1.0,1648414,2.0,7,,0.0,2.0,2.0,B01,138Â 292Â 666,1.0
965844,201900007375,7,8,07:30,1,1,1,1.0,1.0,36043,Jarlay,M,"46,5330190","1,9413610",36,2019,80.0,1.0,1.0,3.0,2158883,7.0,2,1,1,1.0,,0.0,0,2018.0,B01,138Â 292Â 666,1.0,-1.0,-1.0,1648413,1.0,33,,0.0,2.0,1.0,A01,138Â 292Â 665,1.0
965844,201900007375,7,8,07:30,1,1,1,1.0,1.0,36043,Jarlay,M,"46,5330190","1,9413610",36,2019,80.0,1.0,1.0,3.0,2158883,7.0,2,1,1,1.0,,0.0,0,2018.0,B01,138Â 292Â 666,1.0,-1.0,-1.0,1648414,2.0,7,,0.0,2.0,2.0,B01,138Â 292Â 666,1.0
965845,201900007376,7,7,18:20,1,1,1,1.0,7.0,53079,Rue de Normandie,M,"48,4620890"," -0,7293480",53,2019,80.0,8.0,1.0,3.0,2158884,1.0,1,3,1,5.0,,0.0,0,2001.0,A01,138Â 292Â 664,2.0,6.0,9.0,1648415,1.0,33,,13.0,0.0,3.0,A01,138Â 292Â 664,1.0
965846,201900007377,7,8,09:25,1,1,3,1.0,1.0,21073,d 980,M,"47,4373310","4,3110610",21,2019,70.0,8.0,1.0,1.0,2158885,1.0,1,1,1,4.0,,0.0,0,1984.0,B01,138Â 292Â 662,1.0,-1.0,-1.0,1648416,2.0,10,,11.0,2.0,1.0,B01,138Â 292Â 662,1.0
965846,201900007377,7,8,09:25,1,1,3,1.0,1.0,21073,d 980,M,"47,4373310","4,3110610",21,2019,70.0,8.0,1.0,1.0,2158885,1.0,1,1,1,4.0,,0.0,0,1984.0,B01,138Â 292Â 662,1.0,-1.0,-1.0,1648417,1.0,7,,0.0,2.0,2.0,A01,138Â 292Â 663,1.0
965846,201900007377,7,8,09:25,1,1,3,1.0,1.0,21073,d 980,M,"47,4373310","4,3110610",21,2019,70.0,8.0,1.0,1.0,2158886,1.0,1,4,2,1.0,,0.0,0,1998.0,A01,138Â 292Â 663,1.0,-1.0,-1.0,1648416,2.0,10,,11.0,2.0,1.0,B01,138Â 292Â 662,1.0
965846,201900007377,7,8,09:25,1,1,3,1.0,1.0,21073,d 980,M,"47,4373310","4,3110610",21,2019,70.0,8.0,1.0,1.0,2158886,1.0,1,4,2,1.0,,0.0,0,1998.0,A01,138Â 292Â 663,1.0,-1.0,-1.0,1648417,1.0,7,,0.0,2.0,2.0,A01,138Â 292Â 663,1.0
965847,201900007378,7,7,16:45,1,1,1,1.0,1.0,04189,RD 952,M,"43,7605000","5,9231770",4,2019,80.0,3.0,1.0,3.0,2158887,9.0,2,1,2,5.0,,0.0,0,1996.0,A01,138Â 292Â 660,1.0,-1.0,-1.0,1648418,1.0,7,,1.0,0.0,1.0,A01,138Â 292Â 660,1.0
965847,201900007378,7,7,16:45,1,1,1,1.0,1.0,04189,RD 952,M,"43,7605000","5,9231770",4,2019,80.0,3.0,1.0,3.0,2158887,9.0,2,1,2,5.0,,0.0,0,1996.0,A01,138Â 292Â 660,1.0,-1.0,-1.0,1648419,2.0,7,,0.0,2.0,1.0,B01,138Â 292Â 661,1.0
965847,201900007378,7,7,16:45,1,1,1,1.0,1.0,04189,RD 952,M,"43,7605000","5,9231770",4,2019,80.0,3.0,1.0,3.0,2158888,1.0,1,4,2,5.0,,0.0,0,1956.0,A01,138Â 292Â 660,1.0,-1.0,-1.0,1648418,1.0,7,,1.0,0.0,1.0,A01,138Â 292Â 660,1.0
965847,201900007378,7,7,16:45,1,1,1,1.0,1.0,04189,RD 952,M,"43,7605000","5,9231770",4,2019,80.0,3.0,1.0,3.0,2158888,1.0,1,4,2,5.0,,0.0,0,1956.0,A01,138Â 292Â 660,1.0,-1.0,-1.0,1648419,2.0,7,,0.0,2.0,1.0,B01,138Â 292Â 661,1.0
965847,201900007378,7,7,16:45,1,1,1,1.0,1.0,04189,RD 952,M,"43,7605000","5,9231770",4,2019,80.0,3.0,1.0,3.0,2158889,2.0,2,4,1,5.0,,0.0,0,1950.0,A01,138Â 292Â 660,1.0,-1.0,-1.0,1648418,1.0,7,,1.0,0.0,1.0,A01,138Â 292Â 660,1.0
965847,201900007378,7,7,16:45,1,1,1,1.0,1.0,04189,RD 952,M,"43,7605000","5,9231770",4,2019,80.0,3.0,1.0,3.0,2158889,2.0,2,4,1,5.0,,0.0,0,1950.0,A01,138Â 292Â 660,1.0,-1.0,-1.0,1648419,2.0,7,,0.0,2.0,1.0,B01,138Â 292Â 661,1.0
965847,201900007378,7,7,16:45,1,1,1,1.0,1.0,04189,RD 952,M,"43,7605000","5,9231770",4,2019,80.0,3.0,1.0,3.0,2158890,2.0,2,1,2,5.0,,0.0,0,1987.0,B01,138Â 292Â 661,1.0,-1.0,-1.0,1648418,1.0,7,,1.0,0.0,1.0,A01,138Â 292Â 660,1.0
965847,201900007378,7,7,16:45,1,1,1,1.0,1.0,04189,RD 952,M,"43,7605000","5,9231770",4,2019,80.0,3.0,1.0,3.0,2158890,2.0,2,1,2,5.0,,0.0,0,1987.0,B01,138Â 292Â 661,1.0,-1.0,-1.0,1648419,2.0,7,,0.0,2.0,1.0,B01,138Â 292Â 661,1.0
965847,201900007378,7,7,16:45,1,1,1,1.0,1.0,04189,RD 952,M,"43,7605000","5,9231770",4,2019,80.0,3.0,1.0,3.0,2158891,9.0,2,1,2,5.0,,0.0,0,2016.0,B01,138Â 292Â 661,1.0,-1.0,-1.0,1648418,1.0,7,,1.0,0.0,1.0,A01,138Â 292Â 660,1.0
965847,201900007378,7,7,16:45,1,1,1,1.0,1.0,04189,RD 952,M,"43,7605000","5,9231770",4,2019,80.0,3.0,1.0,3.0,2158891,9.0,2,1,2,5.0,,0.0,0,2016.0,B01,138Â 292Â 661,1.0,-1.0,-1.0,1648419,2.0,7,,0.0,2.0,1.0,B01,138Â 292Â 661,1.0
965847,201900007378,7,7,16:45,1,1,1,1.0,1.0,04189,RD 952,M,"43,7605000","5,9231770",4,2019,80.0,3.0,1.0,3.0,2158892,1.0,1,4,1,5.0,,0.0,0,1982.0,B01,138Â 292Â 661,1.0,-1.0,-1.0,1648418,1.0,7,,1.0,0.0,1.0,A01,138Â 292Â 660,1.0
965847,201900007378,7,7,16:45,1,1,1,1.0,1.0,04189,RD 952,M,"43,7605000","5,9231770",4,2019,80.0,3.0,1.0,3.0,2158892,1.0,1,4,1,5.0,,0.0,0,1982.0,B01,138Â 292Â 661,1.0,-1.0,-1.0,1648419,2.0,7,,0.0,2.0,1.0,B01,138Â 292Â 661,1.0
965848,201900007379,7,8,11:15,1,2,1,1.0,6.0,85020,Chemin de Gate Bourse,M,"46,3663500"," -0,5995500",85,2019,50.0,1.0,1.0,4.0,2158893,1.0,1,1,2,4.0,,0.0,0,1971.0,A01,138Â 292Â 659,1.0,-1.0,-1.0,1648420,0.0,7,,0.0,1.0,7.0,A01,138Â 292Â 659,1.0
965848,201900007379,7,8,11:15,1,2,1,1.0,6.0,85020,Chemin de Gate Bourse,M,"46,3663500"," -0,5995500",85,2019,50.0,1.0,1.0,4.0,2158894,10.0,3,3,1,5.0,,1.0,1,1928.0,A01,138Â 292Â 659,0.0,-1.0,-1.0,1648420,0.0,7,,0.0,1.0,7.0,A01,138Â 292Â 659,1.0
965849,201900007380,7,7,15:30,1,1,1,1.0,6.0,28322,D 939,M,"48,7120120","0,9875700",28,2019,80.0,3.0,1.0,3.0,2158895,1.0,1,2,1,5.0,,0.0,0,1970.0,A01,138Â 292Â 658,1.0,-1.0,-1.0,1648421,2.0,7,,2.0,0.0,1.0,A01,138Â 292Â 658,1.0
965849,201900007380,7,7,15:30,1,1,1,1.0,6.0,28322,D 939,M,"48,7120120","0,9875700",28,2019,80.0,3.0,1.0,3.0,2158896,2.0,2,2,2,5.0,,0.0,0,1961.0,A01,138Â 292Â 658,1.0,-1.0,-1.0,1648421,2.0,7,,2.0,0.0,1.0,A01,138Â 292Â 658,1.0
965850,201900007381,7,7,18:45,1,1,1,1.0,6.0,17267,Route nationale 11 - PK 17+600,M,"46,2262330"," -0,9158190",17,2019,110.0,3.0,1.0,2.0,2158897,1.0,1,3,1,5.0,,0.0,0,1997.0,A01,138Â 292Â 657,1.0,-1.0,-1.0,1648422,1.0,7,,3.0,0.0,0.0,A01,138Â 292Â 657,6.0
965851,201900007382,7,7,08:45,1,1,1,7.0,1.0,87040,Puy Chat,M,"45,7155740","1,5934510",87,2019,80.0,1.0,1.0,3.0,2158898,1.0,1,3,1,0.0,,0.0,0,1963.0,B01,138Â 292Â 655,1.0,-1.0,-1.0,1648423,2.0,7,,0.0,2.0,1.0,B01,138Â 292Â 655,1.0
965851,201900007382,7,7,08:45,1,1,1,7.0,1.0,87040,Puy Chat,M,"45,7155740","1,5934510",87,2019,80.0,1.0,1.0,3.0,2158898,1.0,1,3,1,0.0,,0.0,0,1963.0,B01,138Â 292Â 655,1.0,-1.0,-1.0,1648424,1.0,7,,0.0,2.0,1.0,A01,138Â 292Â 656,1.0
965851,201900007382,7,7,08:45,1,1,1,7.0,1.0,87040,Puy Chat,M,"45,7155740","1,5934510",87,2019,80.0,1.0,1.0,3.0,2158899,1.0,1,4,2,0.0,,0.0,0,1974.0,A01,138Â 292Â 656,1.0,-1.0,-1.0,1648423,2.0,7,,0.0,2.0,1.0,B01,138Â 292Â 655,1.0
965851,201900007382,7,7,08:45,1,1,1,7.0,1.0,87040,Puy Chat,M,"45,7155740","1,5934510",87,2019,80.0,1.0,1.0,3.0,2158899,1.0,1,4,2,0.0,,0.0,0,1974.0,A01,138Â 292Â 656,1.0,-1.0,-1.0,1648424,1.0,7,,0.0,2.0,1.0,A01,138Â 292Â 656,1.0
965852,201900007383,7,6,18:10,1,2,2,1.0,1.0,52450,place sainte anne - courcelles sur aujon,M,"47,8941810","5,0932920",52,2019,50.0,1.0,1.0,3.0,2158900,1.0,1,2,2,5.0,,0.0,0,2011.0,B01,138Â 292Â 653,0.0,-1.0,-1.0,1648425,3.0,1,,0.0,2.0,8.0,B01,138Â 292Â 653,6.0
965852,201900007383,7,6,18:10,1,2,2,1.0,1.0,52450,place sainte anne - courcelles sur aujon,M,"47,8941810","5,0932920",52,2019,50.0,1.0,1.0,3.0,2158900,1.0,1,2,2,5.0,,0.0,0,2011.0,B01,138Â 292Â 653,0.0,-1.0,-1.0,1648426,3.0,7,,0.0,9.0,1.0,A01,138Â 292Â 654,0.0
965852,201900007383,7,6,18:10,1,2,2,1.0,1.0,52450,place sainte anne - courcelles sur aujon,M,"47,8941810","5,0932920",52,2019,50.0,1.0,1.0,3.0,2158901,1.0,1,1,1,1.0,,0.0,0,1987.0,A01,138Â 292Â 654,1.0,-1.0,-1.0,1648425,3.0,1,,0.0,2.0,8.0,B01,138Â 292Â 653,6.0
965852,201900007383,7,6,18:10,1,2,2,1.0,1.0,52450,place sainte anne - courcelles sur aujon,M,"47,8941810","5,0932920",52,2019,50.0,1.0,1.0,3.0,2158901,1.0,1,1,1,1.0,,0.0,0,1987.0,A01,138Â 292Â 654,1.0,-1.0,-1.0,1648426,3.0,7,,0.0,9.0,1.0,A01,138Â 292Â 654,0.0
965853,201900007384,7,7,15:00,1,1,1,1.0,6.0,52083,RD125C,M,"47,7403170","5,5325420",52,2019,50.0,3.0,9.0,3.0,2158902,1.0,1,3,1,5.0,,0.0,0,1999.0,A01,138Â 292Â 652,8.0,-1.0,-1.0,1648427,2.0,7,,13.0,0.0,0.0,A01,138Â 292Â 652,1.0
965854,201900007385,7,7,04:20,3,2,1,1.0,6.0,88081,La Haitroye,M,"47,8810520","6,8540340",88,2019,50.0,8.0,1.0,4.0,2158903,1.0,1,3,1,5.0,,0.0,0,2000.0,A01,138Â 292Â 651,8.0,-1.0,-1.0,1648428,3.0,7,,2.0,0.0,1.0,A01,138Â 292Â 651,0.0
965855,201900007386,7,8,01:30,3,1,1,1.0,3.0,31117,A68 PK012+500,M,"43,6724300","1,5590330",31,2019,130.0,1.0,1.0,1.0,2158904,1.0,1,2,1,5.0,,0.0,0,1976.0,B01,138Â 292Â 649,2.0,6.0,-1.0,1648429,2.0,34,,3.0,2.0,3.0,B01,138Â 292Â 649,1.0
965855,201900007386,7,8,01:30,3,1,1,1.0,3.0,31117,A68 PK012+500,M,"43,6724300","1,5590330",31,2019,130.0,1.0,1.0,1.0,2158904,1.0,1,2,1,5.0,,0.0,0,1976.0,B01,138Â 292Â 649,2.0,6.0,-1.0,1648430,2.0,7,,3.0,2.0,7.0,A01,138Â 292Â 650,1.0
965855,201900007386,7,8,01:30,3,1,1,1.0,3.0,31117,A68 PK012+500,M,"43,6724300","1,5590330",31,2019,130.0,1.0,1.0,1.0,2158905,1.0,1,1,1,5.0,,0.0,0,1989.0,A01,138Â 292Â 650,1.0,-1.0,-1.0,1648429,2.0,34,,3.0,2.0,3.0,B01,138Â 292Â 649,1.0
965855,201900007386,7,8,01:30,3,1,1,1.0,3.0,31117,A68 PK012+500,M,"43,6724300","1,5590330",31,2019,130.0,1.0,1.0,1.0,2158905,1.0,1,1,1,5.0,,0.0,0,1989.0,A01,138Â 292Â 650,1.0,-1.0,-1.0,1648430,2.0,7,,3.0,2.0,7.0,A01,138Â 292Â 650,1.0
965856,201900007387,7,5,09:00,2,1,1,7.0,1.0,35206,la croix fleurie,M,"48,0522310"," -1,6649600",35,2019,80.0,1.0,1.0,3.0,2158906,1.0,1,1,1,5.0,,0.0,0,1951.0,B01,138Â 292Â 647,1.0,-1.0,-1.0,1648431,2.0,7,,0.0,2.0,3.0,B01,138Â 292Â 647,1.0
965856,201900007387,7,5,09:00,2,1,1,7.0,1.0,35206,la croix fleurie,M,"48,0522310"," -1,6649600",35,2019,80.0,1.0,1.0,3.0,2158906,1.0,1,1,1,5.0,,0.0,0,1951.0,B01,138Â 292Â 647,1.0,-1.0,-1.0,1648432,1.0,7,,0.0,2.0,3.0,A01,138Â 292Â 648,1.0
965856,201900007387,7,5,09:00,2,1,1,7.0,1.0,35206,la croix fleurie,M,"48,0522310"," -1,6649600",35,2019,80.0,1.0,1.0,3.0,2158907,1.0,1,3,2,0.0,,0.0,0,1974.0,A01,138Â 292Â 648,1.0,-1.0,-1.0,1648431,2.0,7,,0.0,2.0,3.0,B01,138Â 292Â 647,1.0
965856,201900007387,7,5,09:00,2,1,1,7.0,1.0,35206,la croix fleurie,M,"48,0522310"," -1,6649600",35,2019,80.0,1.0,1.0,3.0,2158907,1.0,1,3,2,0.0,,0.0,0,1974.0,A01,138Â 292Â 648,1.0,-1.0,-1.0,1648432,1.0,7,,0.0,2.0,3.0,A01,138Â 292Â 648,1.0
965857,201900007388,7,5,08:50,1,2,6,1.0,3.0,31506,Route de Cayras,M,"43,5669380","1,5388410",31,2019,50.0,1.0,1.0,3.0,2158908,1.0,1,3,1,1.0,,0.0,0,1966.0,B01,138Â 292Â 643,2.0,6.0,-1.0,1648433,2.0,31,,0.0,2.0,8.0,B01,138Â 292Â 643,1.0
965857,201900007388,7,5,08:50,1,2,6,1.0,3.0,31506,Route de Cayras,M,"43,5669380","1,5388410",31,2019,50.0,1.0,1.0,3.0,2158908,1.0,1,3,1,1.0,,0.0,0,1966.0,B01,138Â 292Â 643,2.0,6.0,-1.0,1648434,1.0,7,,0.0,2.0,1.0,A01,138Â 292Â 644,0.0
965857,201900007388,7,5,08:50,1,2,6,1.0,3.0,31506,Route de Cayras,M,"43,5669380","1,5388410",31,2019,50.0,1.0,1.0,3.0,2158909,1.0,1,1,2,5.0,,0.0,0,1957.0,A01,138Â 292Â 644,1.0,-1.0,-1.0,1648433,2.0,31,,0.0,2.0,8.0,B01,138Â 292Â 643,1.0
965857,201900007388,7,5,08:50,1,2,6,1.0,3.0,31506,Route de Cayras,M,"43,5669380","1,5388410",31,2019,50.0,1.0,1.0,3.0,2158909,1.0,1,1,2,5.0,,0.0,0,1957.0,A01,138Â 292Â 644,1.0,-1.0,-1.0,1648434,1.0,7,,0.0,2.0,1.0,A01,138Â 292Â 644,0.0
965858,201900007389,7,5,19:20,1,1,1,1.0,2.0,38400,AUTOROUTE A 48 PK 77+500,M,"45,3382700","5,5775070",38,2019,130.0,1.0,1.0,1.0,2158910,1.0,1,1,1,5.0,,0.0,0,1982.0,B01,138Â 292Â 641,8.0,-1.0,-1.0,1648435,2.0,7,,0.0,2.0,4.0,B01,138Â 292Â 641,1.0
965858,201900007389,7,5,19:20,1,1,1,1.0,2.0,38400,AUTOROUTE A 48 PK 77+500,M,"45,3382700","5,5775070",38,2019,130.0,1.0,1.0,1.0,2158910,1.0,1,1,1,5.0,,0.0,0,1982.0,B01,138Â 292Â 641,8.0,-1.0,-1.0,1648436,2.0,7,,0.0,2.0,1.0,A01,138Â 292Â 642,1.0
965858,201900007389,7,5,19:20,1,1,1,1.0,2.0,38400,AUTOROUTE A 48 PK 77+500,M,"45,3382700","5,5775070",38,2019,130.0,1.0,1.0,1.0,2158911,2.0,2,4,1,5.0,,0.0,0,1989.0,A01,138Â 292Â 642,8.0,-1.0,-1.0,1648435,2.0,7,,0.0,2.0,4.0,B01,138Â 292Â 641,1.0
965858,201900007389,7,5,19:20,1,1,1,1.0,2.0,38400,AUTOROUTE A 48 PK 77+500,M,"45,3382700","5,5775070",38,2019,130.0,1.0,1.0,1.0,2158911,2.0,2,4,1,5.0,,0.0,0,1989.0,A01,138Â 292Â 642,8.0,-1.0,-1.0,1648436,2.0,7,,0.0,2.0,1.0,A01,138Â 292Â 642,1.0
965858,201900007389,7,5,19:20,1,1,1,1.0,2.0,38400,AUTOROUTE A 48 PK 77+500,M,"45,3382700","5,5775070",38,2019,130.0,1.0,1.0,1.0,2158912,1.0,1,1,1,5.0,,0.0,0,1992.0,A01,138Â 292Â 642,8.0,-1.0,-1.0,1648435,2.0,7,,0.0,2.0,4.0,B01,138Â 292Â 641,1.0
965858,201900007389,7,5,19:20,1,1,1,1.0,2.0,38400,AUTOROUTE A 48 PK 77+500,M,"45,3382700","5,5775070",38,2019,130.0,1.0,1.0,1.0,2158912,1.0,1,1,1,5.0,,0.0,0,1992.0,A01,138Â 292Â 642,8.0,-1.0,-1.0,1648436,2.0,7,,0.0,2.0,1.0,A01,138Â 292Â 642,1.0
965859,201900007390,7,8,13:55,1,2,1,1.0,3.0,97501,10 rue des iles de la madeleine,M,"46,9631043"," -56,3364905",975,2019,50.0,1.0,1.0,3.0,2158913,1.0,1,1,1,4.0,,0.0,0,1964.0,A01,138Â 292Â 639,1.0,-1.0,-1.0,1648437,0.0,14,,0.0,2.0,5.0,A01,138Â 292Â 639,1.0
965859,201900007390,7,8,13:55,1,2,1,1.0,3.0,97501,10 rue des iles de la madeleine,M,"46,9631043"," -56,3364905",975,2019,50.0,1.0,1.0,3.0,2158913,1.0,1,1,1,4.0,,0.0,0,1964.0,A01,138Â 292Â 639,1.0,-1.0,-1.0,1648438,1.0,2,,0.0,2.0,1.0,B01,138Â 292Â 640,1.0
965859,201900007390,7,8,13:55,1,2,1,1.0,3.0,97501,10 rue des iles de la madeleine,M,"46,9631043"," -56,3364905",975,2019,50.0,1.0,1.0,3.0,2158914,1.0,1,3,1,9.0,,0.0,0,1957.0,B01,138Â 292Â 640,2.0,-1.0,-1.0,1648437,0.0,14,,0.0,2.0,5.0,A01,138Â 292Â 639,1.0
965859,201900007390,7,8,13:55,1,2,1,1.0,3.0,97501,10 rue des iles de la madeleine,M,"46,9631043"," -56,3364905",975,2019,50.0,1.0,1.0,3.0,2158914,1.0,1,3,1,9.0,,0.0,0,1957.0,B01,138Â 292Â 640,2.0,-1.0,-1.0,1648438,1.0,2,,0.0,2.0,1.0,B01,138Â 292Â 640,1.0
965860,201900007391,7,7,22:30,3,1,1,1.0,6.0,98826,V.U.4,M," -20,2208600","164,0766200",988,2019,90.0,3.0,9.0,4.0,2158915,1.0,1,2,1,5.0,,0.0,0,1984.0,A01,138Â 292Â 638,0.0,-1.0,-1.0,1648439,3.0,10,,13.0,0.0,9.0,A01,138Â 292Â 638,1.0
965860,201900007391,7,7,22:30,3,1,1,1.0,6.0,98826,V.U.4,M," -20,2208600","164,0766200",988,2019,90.0,3.0,9.0,4.0,2158916,2.0,2,3,1,5.0,,0.0,0,1954.0,A01,138Â 292Â 638,0.0,-1.0,-1.0,1648439,3.0,10,,13.0,0.0,9.0,A01,138Â 292Â 638,1.0
965860,201900007391,7,7,22:30,3,1,1,1.0,6.0,98826,V.U.4,M," -20,2208600","164,0766200",988,2019,90.0,3.0,9.0,4.0,2158917,3.0,2,1,1,5.0,,0.0,0,2000.0,A01,138Â 292Â 638,0.0,-1.0,-1.0,1648439,3.0,10,,13.0,0.0,9.0,A01,138Â 292Â 638,1.0
965860,201900007391,7,7,22:30,3,1,1,1.0,6.0,98826,V.U.4,M," -20,2208600","164,0766200",988,2019,90.0,3.0,9.0,4.0,2158918,3.0,2,3,1,5.0,,0.0,0,1996.0,A01,138Â 292Â 638,0.0,-1.0,-1.0,1648439,3.0,10,,13.0,0.0,9.0,A01,138Â 292Â 638,1.0
965860,201900007391,7,7,22:30,3,1,1,1.0,6.0,98826,V.U.4,M," -20,2208600","164,0766200",988,2019,90.0,3.0,9.0,4.0,2158919,4.0,2,4,1,5.0,,0.0,0,1974.0,A01,138Â 292Â 638,0.0,-1.0,-1.0,1648439,3.0,10,,13.0,0.0,9.0,A01,138Â 292Â 638,1.0