Unnamed: 0_x,num_acc,mois,jour,hrmn,lum,agg,int,atm,col,com,adr,gps,lat,long,dep,annee,vma,situ,surf,catr,Unnamed: 0_y,place,catu,grav,sexe,trajet,secu,locp,actp,an_nais,num_veh_x,id_vehicule_x,secu1,secu2,secu3,Unnamed: 0,senc,catv,occutc,obs,obsm,choc,num_veh_y,id_vehicule_y,motor
965860,201900007391,7,7,22:30,3,1,1,1.0,6.0,98826,V.U.4,M," -20,2208600","164,0766200",988,2019,90.0,3.0,9.0,4.0,2158920,4.0,2,2,1,5.0,,0.0,0,1969.0,A01,138Â 292Â 638,0.0,-1.0,-1.0,1648439,3.0,10,,13.0,0.0,9.0,A01,138Â 292Â 638,1.0
965860,201900007391,7,7,22:30,3,1,1,1.0,6.0,98826,V.U.4,M," -20,2208600","164,0766200",988,2019,90.0,3.0,9.0,4.0,2158921,7.0,2,2,1,5.0,,0.0,0,1967.0,A01,138Â 292Â 638,0.0,-1.0,-1.0,1648439,3.0,10,,13.0,0.0,9.0,A01,138Â 292Â 638,1.0
965860,201900007391,7,7,22:30,3,1,1,1.0,6.0,98826,V.U.4,M," -20,2208600","164,0766200",988,2019,90.0,3.0,9.0,4.0,2158922,8.0,2,3,1,5.0,,0.0,0,1998.0,A01,138Â 292Â 638,0.0,-1.0,-1.0,1648439,3.0,10,,13.0,0.0,9.0,A01,138Â 292Â 638,1.0
965861,201900007392,6,24,09:30,1,1,1,1.0,1.0,97415,route du thÃ©atre,M," -21,0470060","55,2335810",974,2019,70.0,1.0,1.0,3.0,2158923,1.0,1,4,2,9.0,,0.0,0,1986.0,B01,138Â 292Â 636,1.0,-1.0,-1.0,1648440,1.0,7,,0.0,2.0,3.0,B01,138Â 292Â 636,0.0
965861,201900007392,6,24,09:30,1,1,1,1.0,1.0,97415,route du thÃ©atre,M," -21,0470060","55,2335810",974,2019,70.0,1.0,1.0,3.0,2158923,1.0,1,4,2,9.0,,0.0,0,1986.0,B01,138Â 292Â 636,1.0,-1.0,-1.0,1648441,2.0,7,,0.0,2.0,2.0,A01,138Â 292Â 637,0.0
965861,201900007392,6,24,09:30,1,1,1,1.0,1.0,97415,route du thÃ©atre,M," -21,0470060","55,2335810",974,2019,70.0,1.0,1.0,3.0,2158924,1.0,1,3,1,0.0,,0.0,0,1970.0,A01,138Â 292Â 637,1.0,-1.0,-1.0,1648440,1.0,7,,0.0,2.0,3.0,B01,138Â 292Â 636,0.0
965861,201900007392,6,24,09:30,1,1,1,1.0,1.0,97415,route du thÃ©atre,M," -21,0470060","55,2335810",974,2019,70.0,1.0,1.0,3.0,2158924,1.0,1,3,1,0.0,,0.0,0,1970.0,A01,138Â 292Â 637,1.0,-1.0,-1.0,1648441,2.0,7,,0.0,2.0,2.0,A01,138Â 292Â 637,0.0
965862,201900007393,7,7,11:15,1,2,1,1.0,7.0,97111,66 Impasse Hibiscus,M,"16,2702450"," -61,8059540",971,2019,50.0,4.0,1.0,2.0,2158925,1.0,1,2,1,5.0,,0.0,0,1962.0,A01,138Â 292Â 635,2.0,6.0,-1.0,1648442,2.0,33,,15.0,0.0,8.0,A01,138Â 292Â 635,1.0
965863,201900007394,7,6,15:45,1,2,3,1.0,6.0,45082,GRANDE RUE - R 8 mai 1945,M,"47,8632459","2,2225892",45,2019,30.0,1.0,1.0,4.0,2158926,1.0,1,1,2,5.0,,0.0,0,1989.0,A01,138Â 292Â 634,8.0,-1.0,-1.0,1648443,1.0,7,,0.0,1.0,2.0,A01,138Â 292Â 634,1.0
965863,201900007394,7,6,15:45,1,2,3,1.0,6.0,45082,GRANDE RUE - R 8 mai 1945,M,"47,8632459","2,2225892",45,2019,30.0,1.0,1.0,4.0,2158927,10.0,3,3,2,5.0,,1.0,3,1943.0,A01,138Â 292Â 634,0.0,-1.0,-1.0,1648443,1.0,7,,0.0,1.0,2.0,A01,138Â 292Â 634,1.0
965864,201900007395,7,8,03:00,3,1,1,1.0,6.0,66168,,M,"42,5562900","2,9562700",66,2019,80.0,5.0,1.0,4.0,2158928,1.0,1,3,1,5.0,,0.0,0,1980.0,A01,138Â 292Â 631,0.0,-1.0,-1.0,1648444,0.0,2,,0.0,0.0,1.0,A01,138Â 292Â 631,0.0
965865,201900007396,7,7,22:45,3,1,1,1.0,3.0,83016,1835 Route de Toulon Ã  Marseille,M,"43,1821190","5,8222750",83,2019,-1.0,1.0,1.0,3.0,2158929,10.0,3,3,1,0.0,,1.0,0,1982.0,A01,138Â 292Â 629,0.0,-1.0,-1.0,1648445,1.0,10,,0.0,1.0,6.0,A01,138Â 292Â 629,1.0
965865,201900007396,7,7,22:45,3,1,1,1.0,3.0,83016,1835 Route de Toulon Ã  Marseille,M,"43,1821190","5,8222750",83,2019,-1.0,1.0,1.0,3.0,2158929,10.0,3,3,1,0.0,,1.0,0,1982.0,A01,138Â 292Â 629,0.0,-1.0,-1.0,1648446,1.0,20,,0.0,1.0,8.0,B01,138Â 292Â 630,0.0
965865,201900007396,7,7,22:45,3,1,1,1.0,3.0,83016,1835 Route de Toulon Ã  Marseille,M,"43,1821190","5,8222750",83,2019,-1.0,1.0,1.0,3.0,2158930,1.0,1,1,1,5.0,,0.0,0,1992.0,B01,138Â 292Â 630,1.0,-1.0,-1.0,1648445,1.0,10,,0.0,1.0,6.0,A01,138Â 292Â 629,1.0
965865,201900007396,7,7,22:45,3,1,1,1.0,3.0,83016,1835 Route de Toulon Ã  Marseille,M,"43,1821190","5,8222750",83,2019,-1.0,1.0,1.0,3.0,2158930,1.0,1,1,1,5.0,,0.0,0,1992.0,B01,138Â 292Â 630,1.0,-1.0,-1.0,1648446,1.0,20,,0.0,1.0,8.0,B01,138Â 292Â 630,0.0
965866,201900007397,7,7,16:35,1,2,1,1.0,6.0,06048,479 chemin de la roseyre,M,"43,7827550","7,3355600",6,2019,50.0,1.0,1.0,4.0,2158931,1.0,1,3,1,0.0,,0.0,0,1982.0,A01,138Â 292Â 626,2.0,6.0,-1.0,1648447,3.0,34,,6.0,0.0,1.0,A01,138Â 292Â 626,1.0
965867,201900007398,7,8,05:10,2,1,1,1.0,1.0,13081,D21,M,"43,4920860","5,2041670",13,2019,80.0,1.0,1.0,3.0,2158932,1.0,1,4,1,1.0,,0.0,0,1999.0,B01,138Â 292Â 624,1.0,-1.0,-1.0,1648448,1.0,7,,0.0,2.0,1.0,B01,138Â 292Â 624,1.0
965867,201900007398,7,8,05:10,2,1,1,1.0,1.0,13081,D21,M,"43,4920860","5,2041670",13,2019,80.0,1.0,1.0,3.0,2158932,1.0,1,4,1,1.0,,0.0,0,1999.0,B01,138Â 292Â 624,1.0,-1.0,-1.0,1648449,2.0,7,,0.0,2.0,1.0,A01,138Â 292Â 625,1.0
965867,201900007398,7,8,05:10,2,1,1,1.0,1.0,13081,D21,M,"43,4920860","5,2041670",13,2019,80.0,1.0,1.0,3.0,2158933,1.0,1,4,1,9.0,,0.0,0,2001.0,A01,138Â 292Â 625,1.0,-1.0,-1.0,1648448,1.0,7,,0.0,2.0,1.0,B01,138Â 292Â 624,1.0
965867,201900007398,7,8,05:10,2,1,1,1.0,1.0,13081,D21,M,"43,4920860","5,2041670",13,2019,80.0,1.0,1.0,3.0,2158933,1.0,1,4,1,9.0,,0.0,0,2001.0,A01,138Â 292Â 625,1.0,-1.0,-1.0,1648449,2.0,7,,0.0,2.0,1.0,A01,138Â 292Â 625,1.0
965868,201900007399,7,7,14:50,1,1,1,1.0,6.0,13100,CD99,M,"43,7843820","4,8891000",13,2019,80.0,3.0,1.0,3.0,2158934,1.0,1,3,1,3.0,,0.0,0,1967.0,A01,138Â 292Â 623,8.0,-1.0,-1.0,1648450,2.0,7,,2.0,0.0,3.0,A01,138Â 292Â 623,0.0
965869,201900007400,7,2,20:00,1,1,1,1.0,2.0,26252,"A7 , pk76.700",M,"44,8789910","4,8658410",26,2019,110.0,1.0,1.0,1.0,2158935,1.0,1,1,1,9.0,,0.0,0,1961.0,B01,138Â 292Â 621,1.0,-1.0,-1.0,1648451,1.0,7,,3.0,0.0,0.0,B01,138Â 292Â 621,1.0
965869,201900007400,7,2,20:00,1,1,1,1.0,2.0,26252,"A7 , pk76.700",M,"44,8789910","4,8658410",26,2019,110.0,1.0,1.0,1.0,2158935,1.0,1,1,1,9.0,,0.0,0,1961.0,B01,138Â 292Â 621,1.0,-1.0,-1.0,1648452,1.0,7,,3.0,2.0,1.0,A01,138Â 292Â 622,1.0
965869,201900007400,7,2,20:00,1,1,1,1.0,2.0,26252,"A7 , pk76.700",M,"44,8789910","4,8658410",26,2019,110.0,1.0,1.0,1.0,2158936,1.0,1,4,1,9.0,,0.0,0,1998.0,A01,138Â 292Â 622,1.0,-1.0,-1.0,1648451,1.0,7,,3.0,0.0,0.0,B01,138Â 292Â 621,1.0
965869,201900007400,7,2,20:00,1,1,1,1.0,2.0,26252,"A7 , pk76.700",M,"44,8789910","4,8658410",26,2019,110.0,1.0,1.0,1.0,2158936,1.0,1,4,1,9.0,,0.0,0,1998.0,A01,138Â 292Â 622,1.0,-1.0,-1.0,1648452,1.0,7,,3.0,2.0,1.0,A01,138Â 292Â 622,1.0
965870,201900007401,7,5,07:46,1,2,1,1.0,3.0,74243,8 Route d'Annemasse,M,"46,1422572","6,0933007",74,2019,50.0,1.0,1.0,3.0,2158937,1.0,1,1,1,0.0,,0.0,0,1971.0,A01,138Â 292Â 619,1.0,-1.0,-1.0,1648453,1.0,7,,0.0,2.0,3.0,A01,138Â 292Â 619,0.0
965870,201900007401,7,5,07:46,1,2,1,1.0,3.0,74243,8 Route d'Annemasse,M,"46,1422572","6,0933007",74,2019,50.0,1.0,1.0,3.0,2158937,1.0,1,1,1,0.0,,0.0,0,1971.0,A01,138Â 292Â 619,1.0,-1.0,-1.0,1648454,1.0,33,,0.0,2.0,2.0,B01,138Â 292Â 620,1.0
965870,201900007401,7,5,07:46,1,2,1,1.0,3.0,74243,8 Route d'Annemasse,M,"46,1422572","6,0933007",74,2019,50.0,1.0,1.0,3.0,2158938,1.0,1,3,2,0.0,,0.0,0,1986.0,B01,138Â 292Â 620,2.0,6.0,-1.0,1648453,1.0,7,,0.0,2.0,3.0,A01,138Â 292Â 619,0.0
965870,201900007401,7,5,07:46,1,2,1,1.0,3.0,74243,8 Route d'Annemasse,M,"46,1422572","6,0933007",74,2019,50.0,1.0,1.0,3.0,2158938,1.0,1,3,2,0.0,,0.0,0,1986.0,B01,138Â 292Â 620,2.0,6.0,-1.0,1648454,1.0,33,,0.0,2.0,2.0,B01,138Â 292Â 620,1.0
965871,201900007402,7,8,14:40,1,1,9,1.0,7.0,01012,dÃ©partmentale 8,M,"46,0135810","5,5257290",1,2019,80.0,3.0,1.0,3.0,2158939,1.0,1,3,2,5.0,,0.0,0,1958.0,A01,138Â 292Â 618,1.0,-1.0,-1.0,1648455,1.0,7,,3.0,0.0,0.0,A01,138Â 292Â 618,1.0
965872,201900007403,6,23,14:00,1,2,1,1.0,5.0,69068,Quai Jean Moulin,M,"45,8447700","4,8321180",69,2019,50.0,1.0,1.0,4.0,2158940,1.0,1,3,1,5.0,,0.0,0,2000.0,A01,138Â 292Â 615,1.0,-1.0,-1.0,1648456,2.0,7,,0.0,2.0,1.0,A01,138Â 292Â 615,1.0
965872,201900007403,6,23,14:00,1,2,1,1.0,5.0,69068,Quai Jean Moulin,M,"45,8447700","4,8321180",69,2019,50.0,1.0,1.0,4.0,2158940,1.0,1,3,1,5.0,,0.0,0,2000.0,A01,138Â 292Â 615,1.0,-1.0,-1.0,1648457,1.0,7,,0.0,2.0,1.0,B01,138Â 292Â 616,1.0
965872,201900007403,6,23,14:00,1,2,1,1.0,5.0,69068,Quai Jean Moulin,M,"45,8447700","4,8321180",69,2019,50.0,1.0,1.0,4.0,2158940,1.0,1,3,1,5.0,,0.0,0,2000.0,A01,138Â 292Â 615,1.0,-1.0,-1.0,1648458,2.0,7,,0.0,2.0,1.0,C01,138Â 292Â 617,1.0
965872,201900007403,6,23,14:00,1,2,1,1.0,5.0,69068,Quai Jean Moulin,M,"45,8447700","4,8321180",69,2019,50.0,1.0,1.0,4.0,2158941,1.0,1,4,1,5.0,,0.0,0,1970.0,B01,138Â 292Â 616,1.0,-1.0,-1.0,1648456,2.0,7,,0.0,2.0,1.0,A01,138Â 292Â 615,1.0
965872,201900007403,6,23,14:00,1,2,1,1.0,5.0,69068,Quai Jean Moulin,M,"45,8447700","4,8321180",69,2019,50.0,1.0,1.0,4.0,2158941,1.0,1,4,1,5.0,,0.0,0,1970.0,B01,138Â 292Â 616,1.0,-1.0,-1.0,1648457,1.0,7,,0.0,2.0,1.0,B01,138Â 292Â 616,1.0
965872,201900007403,6,23,14:00,1,2,1,1.0,5.0,69068,Quai Jean Moulin,M,"45,8447700","4,8321180",69,2019,50.0,1.0,1.0,4.0,2158941,1.0,1,4,1,5.0,,0.0,0,1970.0,B01,138Â 292Â 616,1.0,-1.0,-1.0,1648458,2.0,7,,0.0,2.0,1.0,C01,138Â 292Â 617,1.0
965872,201900007403,6,23,14:00,1,2,1,1.0,5.0,69068,Quai Jean Moulin,M,"45,8447700","4,8321180",69,2019,50.0,1.0,1.0,4.0,2158942,1.0,1,1,2,5.0,,0.0,0,1974.0,C01,138Â 292Â 617,1.0,-1.0,-1.0,1648456,2.0,7,,0.0,2.0,1.0,A01,138Â 292Â 615,1.0
965872,201900007403,6,23,14:00,1,2,1,1.0,5.0,69068,Quai Jean Moulin,M,"45,8447700","4,8321180",69,2019,50.0,1.0,1.0,4.0,2158942,1.0,1,1,2,5.0,,0.0,0,1974.0,C01,138Â 292Â 617,1.0,-1.0,-1.0,1648457,1.0,7,,0.0,2.0,1.0,B01,138Â 292Â 616,1.0
965872,201900007403,6,23,14:00,1,2,1,1.0,5.0,69068,Quai Jean Moulin,M,"45,8447700","4,8321180",69,2019,50.0,1.0,1.0,4.0,2158942,1.0,1,1,2,5.0,,0.0,0,1974.0,C01,138Â 292Â 617,1.0,-1.0,-1.0,1648458,2.0,7,,0.0,2.0,1.0,C01,138Â 292Â 617,1.0
965873,201900007404,7,8,09:30,1,2,1,1.0,6.0,29103,Rue Gaston de l'HÃ´pital,M,"48,4606990"," -4,2646800",29,2019,50.0,1.0,1.0,4.0,2158943,10.0,3,2,2,5.0,,3.0,3,1940.0,A01,138Â 292Â 612,0.0,-1.0,-1.0,1648459,3.0,7,,0.0,1.0,3.0,A01,138Â 292Â 612,1.0
965873,201900007404,7,8,09:30,1,2,1,1.0,6.0,29103,Rue Gaston de l'HÃ´pital,M,"48,4606990"," -4,2646800",29,2019,50.0,1.0,1.0,4.0,2158944,1.0,1,1,1,5.0,,0.0,0,1951.0,A01,138Â 292Â 612,1.0,-1.0,-1.0,1648459,3.0,7,,0.0,1.0,3.0,A01,138Â 292Â 612,1.0
965874,201900007405,7,7,11:55,1,2,1,1.0,6.0,60685,Rue de la Gare,M,"49,3714010","2,2231380",60,2019,50.0,3.0,1.0,3.0,2158945,2.0,2,3,2,5.0,,0.0,0,1967.0,A01,138Â 292Â 611,2.0,6.0,-1.0,1648460,1.0,36,,15.0,0.0,1.0,A01,138Â 292Â 611,1.0
965874,201900007405,7,7,11:55,1,2,1,1.0,6.0,60685,Rue de la Gare,M,"49,3714010","2,2231380",60,2019,50.0,3.0,1.0,3.0,2158946,1.0,1,3,1,5.0,,0.0,0,1967.0,A01,138Â 292Â 611,2.0,6.0,-1.0,1648460,1.0,36,,15.0,0.0,1.0,A01,138Â 292Â 611,1.0
965875,201900007406,7,6,07:50,1,1,1,1.0,7.0,59357,D649,M,"50,2842090","3,8780330",59,2019,80.0,3.0,1.0,3.0,2158947,1.0,1,3,2,1.0,,0.0,0,1975.0,A01,138Â 292Â 610,1.0,-1.0,-1.0,1648461,1.0,7,,13.0,0.0,1.0,A01,138Â 292Â 610,1.0
965876,201900007407,7,5,17:15,1,1,1,1.0,2.0,13216,A55-Sens Marseille vers Martigues,M,"43,3650330","5,3392300",13,2019,110.0,1.0,1.0,1.0,2158948,1.0,1,4,2,1.0,,-1.0,0,1983.0,A01,138Â 292Â 608,1.0,0.0,-1.0,1648462,1.0,7,,0.0,2.0,4.0,A01,138Â 292Â 608,1.0
965876,201900007407,7,5,17:15,1,1,1,1.0,2.0,13216,A55-Sens Marseille vers Martigues,M,"43,3650330","5,3392300",13,2019,110.0,1.0,1.0,1.0,2158948,1.0,1,4,2,1.0,,-1.0,0,1983.0,A01,138Â 292Â 608,1.0,0.0,-1.0,1648463,1.0,7,,0.0,2.0,1.0,B01,138Â 292Â 609,1.0
965876,201900007407,7,5,17:15,1,1,1,1.0,2.0,13216,A55-Sens Marseille vers Martigues,M,"43,3650330","5,3392300",13,2019,110.0,1.0,1.0,1.0,2158949,1.0,1,1,1,1.0,,-1.0,0,1969.0,B01,138Â 292Â 609,1.0,0.0,-1.0,1648462,1.0,7,,0.0,2.0,4.0,A01,138Â 292Â 608,1.0
965876,201900007407,7,5,17:15,1,1,1,1.0,2.0,13216,A55-Sens Marseille vers Martigues,M,"43,3650330","5,3392300",13,2019,110.0,1.0,1.0,1.0,2158949,1.0,1,1,1,1.0,,-1.0,0,1969.0,B01,138Â 292Â 609,1.0,0.0,-1.0,1648463,1.0,7,,0.0,2.0,1.0,B01,138Â 292Â 609,1.0
965877,201900007408,7,6,00:10,5,1,1,1.0,3.0,69199,A7   7.000 A 8.630,M,"45,6901100","4,8457600",69,2019,90.0,1.0,1.0,1.0,2158950,1.0,1,1,1,1.0,,0.0,0,1974.0,A01,138Â 292Â 606,1.0,0.0,-1.0,1648464,2.0,7,,0.0,2.0,7.0,A01,138Â 292Â 606,1.0
965877,201900007408,7,6,00:10,5,1,1,1.0,3.0,69199,A7   7.000 A 8.630,M,"45,6901100","4,8457600",69,2019,90.0,1.0,1.0,1.0,2158950,1.0,1,1,1,1.0,,0.0,0,1974.0,A01,138Â 292Â 606,1.0,0.0,-1.0,1648465,2.0,33,,0.0,2.0,8.0,B01,138Â 292Â 607,1.0
965877,201900007408,7,6,00:10,5,1,1,1.0,3.0,69199,A7   7.000 A 8.630,M,"45,6901100","4,8457600",69,2019,90.0,1.0,1.0,1.0,2158951,1.0,1,4,1,5.0,,-1.0, -1,1996.0,B01,138Â 292Â 607,2.0,6.0,-1.0,1648464,2.0,7,,0.0,2.0,7.0,A01,138Â 292Â 606,1.0
965877,201900007408,7,6,00:10,5,1,1,1.0,3.0,69199,A7   7.000 A 8.630,M,"45,6901100","4,8457600",69,2019,90.0,1.0,1.0,1.0,2158951,1.0,1,4,1,5.0,,-1.0, -1,1996.0,B01,138Â 292Â 607,2.0,6.0,-1.0,1648465,2.0,33,,0.0,2.0,8.0,B01,138Â 292Â 607,1.0
965878,201900007409,7,6,20:00,1,1,1,1.0,3.0,95424,AUTOROUTE A15,M,"48,9911000","2,1925100",95,2019,110.0,1.0,1.0,1.0,2158952,1.0,1,1,1,5.0,,-1.0,0,1977.0,B01,138Â 292Â 603,1.0,0.0,-1.0,1648466,2.0,7,,0.0,2.0,5.0,B01,138Â 292Â 603,1.0
965878,201900007409,7,6,20:00,1,1,1,1.0,3.0,95424,AUTOROUTE A15,M,"48,9911000","2,1925100",95,2019,110.0,1.0,1.0,1.0,2158952,1.0,1,1,1,5.0,,-1.0,0,1977.0,B01,138Â 292Â 603,1.0,0.0,-1.0,1648467,2.0,33,,0.0,2.0,1.0,A01,138Â 292Â 604,1.0
965878,201900007409,7,6,20:00,1,1,1,1.0,3.0,95424,AUTOROUTE A15,M,"48,9911000","2,1925100",95,2019,110.0,1.0,1.0,1.0,2158953,1.0,1,3,1,5.0,,-1.0,0,1979.0,A01,138Â 292Â 604,2.0,7.0,-1.0,1648466,2.0,7,,0.0,2.0,5.0,B01,138Â 292Â 603,1.0
965878,201900007409,7,6,20:00,1,1,1,1.0,3.0,95424,AUTOROUTE A15,M,"48,9911000","2,1925100",95,2019,110.0,1.0,1.0,1.0,2158953,1.0,1,3,1,5.0,,-1.0,0,1979.0,A01,138Â 292Â 604,2.0,7.0,-1.0,1648467,2.0,33,,0.0,2.0,1.0,A01,138Â 292Â 604,1.0
965879,201900007410,7,7,16:45,1,1,1,1.0,4.0,77294,A104,M,"48,9800000","2,6100000",77,2019,90.0,1.0,1.0,1.0,2158954,1.0,1,1,2,5.0,,-1.0,0,1976.0,C01,138Â 292Â 600,1.0,0.0,-1.0,1648468,1.0,7,,0.0,2.0,4.0,C01,138Â 292Â 600,1.0
965879,201900007410,7,7,16:45,1,1,1,1.0,4.0,77294,A104,M,"48,9800000","2,6100000",77,2019,90.0,1.0,1.0,1.0,2158954,1.0,1,1,2,5.0,,-1.0,0,1976.0,C01,138Â 292Â 600,1.0,0.0,-1.0,1648469,1.0,7,,0.0,2.0,1.0,A01,138Â 292Â 601,1.0
965879,201900007410,7,7,16:45,1,1,1,1.0,4.0,77294,A104,M,"48,9800000","2,6100000",77,2019,90.0,1.0,1.0,1.0,2158954,1.0,1,1,2,5.0,,-1.0,0,1976.0,C01,138Â 292Â 600,1.0,0.0,-1.0,1648470,1.0,7,,0.0,2.0,4.0,B01,138Â 292Â 602,1.0
965879,201900007410,7,7,16:45,1,1,1,1.0,4.0,77294,A104,M,"48,9800000","2,6100000",77,2019,90.0,1.0,1.0,1.0,2158955,1.0,1,4,2,5.0,,-1.0,0,1967.0,A01,138Â 292Â 601,1.0,0.0,-1.0,1648468,1.0,7,,0.0,2.0,4.0,C01,138Â 292Â 600,1.0
965879,201900007410,7,7,16:45,1,1,1,1.0,4.0,77294,A104,M,"48,9800000","2,6100000",77,2019,90.0,1.0,1.0,1.0,2158955,1.0,1,4,2,5.0,,-1.0,0,1967.0,A01,138Â 292Â 601,1.0,0.0,-1.0,1648469,1.0,7,,0.0,2.0,1.0,A01,138Â 292Â 601,1.0
965879,201900007410,7,7,16:45,1,1,1,1.0,4.0,77294,A104,M,"48,9800000","2,6100000",77,2019,90.0,1.0,1.0,1.0,2158955,1.0,1,4,2,5.0,,-1.0,0,1967.0,A01,138Â 292Â 601,1.0,0.0,-1.0,1648470,1.0,7,,0.0,2.0,4.0,B01,138Â 292Â 602,1.0
965879,201900007410,7,7,16:45,1,1,1,1.0,4.0,77294,A104,M,"48,9800000","2,6100000",77,2019,90.0,1.0,1.0,1.0,2158956,1.0,1,4,1,5.0,,-1.0,0,1983.0,B01,138Â 292Â 602,1.0,0.0,-1.0,1648468,1.0,7,,0.0,2.0,4.0,C01,138Â 292Â 600,1.0
965879,201900007410,7,7,16:45,1,1,1,1.0,4.0,77294,A104,M,"48,9800000","2,6100000",77,2019,90.0,1.0,1.0,1.0,2158956,1.0,1,4,1,5.0,,-1.0,0,1983.0,B01,138Â 292Â 602,1.0,0.0,-1.0,1648469,1.0,7,,0.0,2.0,1.0,A01,138Â 292Â 601,1.0
965879,201900007410,7,7,16:45,1,1,1,1.0,4.0,77294,A104,M,"48,9800000","2,6100000",77,2019,90.0,1.0,1.0,1.0,2158956,1.0,1,4,1,5.0,,-1.0,0,1983.0,B01,138Â 292Â 602,1.0,0.0,-1.0,1648470,1.0,7,,0.0,2.0,4.0,B01,138Â 292Â 602,1.0
965879,201900007410,7,7,16:45,1,1,1,1.0,4.0,77294,A104,M,"48,9800000","2,6100000",77,2019,90.0,1.0,1.0,1.0,2158957,2.0,2,4,1,5.0,,-1.0,0,1991.0,B01,138Â 292Â 602,1.0,0.0,-1.0,1648468,1.0,7,,0.0,2.0,4.0,C01,138Â 292Â 600,1.0
965879,201900007410,7,7,16:45,1,1,1,1.0,4.0,77294,A104,M,"48,9800000","2,6100000",77,2019,90.0,1.0,1.0,1.0,2158957,2.0,2,4,1,5.0,,-1.0,0,1991.0,B01,138Â 292Â 602,1.0,0.0,-1.0,1648469,1.0,7,,0.0,2.0,1.0,A01,138Â 292Â 601,1.0
965879,201900007410,7,7,16:45,1,1,1,1.0,4.0,77294,A104,M,"48,9800000","2,6100000",77,2019,90.0,1.0,1.0,1.0,2158957,2.0,2,4,1,5.0,,-1.0,0,1991.0,B01,138Â 292Â 602,1.0,0.0,-1.0,1648470,1.0,7,,0.0,2.0,4.0,B01,138Â 292Â 602,1.0
965880,201900007411,7,7,04:20,3,1,1,1.0,6.0,94073,A86 EXT,M,"48,7682360","2,3788704",94,2019,90.0,1.0,1.0,1.0,2158958,1.0,1,4,1,9.0,,-1.0,0,1971.0,A01,138Â 292Â 599,2.0,8.0,-1.0,1648471,2.0,33,,4.0,0.0,1.0,A01,138Â 292Â 599,1.0
965881,201900007412,5,26,22:30,3,2,3,1.0,3.0,91228,CURIE( RUE PIERRE ET MARIE),M,"48,6324400","2,4321700",91,2019,50.0,1.0,1.0,4.0,2158959,1.0,1,4,1,5.0,,-1.0, -1,1998.0,B01,138Â 292Â 597,8.0,0.0,-1.0,1648472,1.0,1,,0.0,2.0,5.0,B01,138Â 292Â 597,5.0
965881,201900007412,5,26,22:30,3,2,3,1.0,3.0,91228,CURIE( RUE PIERRE ET MARIE),M,"48,6324400","2,4321700",91,2019,50.0,1.0,1.0,4.0,2158959,1.0,1,4,1,5.0,,-1.0, -1,1998.0,B01,138Â 292Â 597,8.0,0.0,-1.0,1648473,0.0,7,,0.0,6.0,1.0,A01,138Â 292Â 598,5.0
965882,201900007413,7,4,17:20,1,2,3,1.0,7.0,91021,JUSTICE (RUE DE LA),M,"48,5795900","2,2400760",91,2019,50.0,3.0,1.0,4.0,2158960,1.0,1,4,1,0.0,,0.0,0,1964.0,A01,138Â 292Â 596,2.0,8.0,-1.0,1648474,0.0,33,,0.0,0.0,0.0,A01,138Â 292Â 596,0.0
965883,201900007414,6,18,18:20,1,2,1,1.0,2.0,91103,BLUM LEON (RUE),M,"48,6176500","2,3023900",91,2019,50.0,1.0,1.0,4.0,2158961,4.0,2,4,1,0.0,,0.0,0,2018.0,B01,138Â 292Â 594,3.0,8.0,-1.0,1648475,2.0,7,,0.0,2.0,4.0,B01,138Â 292Â 594,1.0
965883,201900007414,6,18,18:20,1,2,1,1.0,2.0,91103,BLUM LEON (RUE),M,"48,6176500","2,3023900",91,2019,50.0,1.0,1.0,4.0,2158961,4.0,2,4,1,0.0,,0.0,0,2018.0,B01,138Â 292Â 594,3.0,8.0,-1.0,1648476,2.0,7,,0.0,2.0,1.0,A01,138Â 292Â 595,1.0
965883,201900007414,6,18,18:20,1,2,1,1.0,2.0,91103,BLUM LEON (RUE),M,"48,6176500","2,3023900",91,2019,50.0,1.0,1.0,4.0,2158962,1.0,1,1,2,0.0,,0.0,0,1975.0,B01,138Â 292Â 594,1.0,8.0,-1.0,1648475,2.0,7,,0.0,2.0,4.0,B01,138Â 292Â 594,1.0
965883,201900007414,6,18,18:20,1,2,1,1.0,2.0,91103,BLUM LEON (RUE),M,"48,6176500","2,3023900",91,2019,50.0,1.0,1.0,4.0,2158962,1.0,1,1,2,0.0,,0.0,0,1975.0,B01,138Â 292Â 594,1.0,8.0,-1.0,1648476,2.0,7,,0.0,2.0,1.0,A01,138Â 292Â 595,1.0
965883,201900007414,6,18,18:20,1,2,1,1.0,2.0,91103,BLUM LEON (RUE),M,"48,6176500","2,3023900",91,2019,50.0,1.0,1.0,4.0,2158963,1.0,1,1,1,0.0,,0.0,0,1972.0,A01,138Â 292Â 595,1.0,8.0,-1.0,1648475,2.0,7,,0.0,2.0,4.0,B01,138Â 292Â 594,1.0
965883,201900007414,6,18,18:20,1,2,1,1.0,2.0,91103,BLUM LEON (RUE),M,"48,6176500","2,3023900",91,2019,50.0,1.0,1.0,4.0,2158963,1.0,1,1,1,0.0,,0.0,0,1972.0,A01,138Â 292Â 595,1.0,8.0,-1.0,1648476,2.0,7,,0.0,2.0,1.0,A01,138Â 292Â 595,1.0