Unnamed: 0_x,num_acc,mois,jour,hrmn,lum,agg,int,atm,col,com,adr,gps,lat,long,dep,annee,vma,situ,surf,catr,Unnamed: 0_y,place,catu,grav,sexe,trajet,secu,locp,actp,an_nais,num_veh_x,id_vehicule_x,secu1,secu2,secu3,Unnamed: 0,senc,catv,occutc,obs,obsm,choc,num_veh_y,id_vehicule_y,motor
965884,201900007415,6,18,19:00,1,2,1,1.0,3.0,82121,BORDEAUX (AVENUE DE),M,"44,0253960","1,3319570",82,2019,50.0,1.0,1.0,3.0,2158964,1.0,1,3,1,1.0,,0.0,0,1979.0,B01,138Â 292Â 592,2.0,6.0,-1.0,1648477,2.0,33,,0.0,2.0,1.0,B01,138Â 292Â 592,1.0
965884,201900007415,6,18,19:00,1,2,1,1.0,3.0,82121,BORDEAUX (AVENUE DE),M,"44,0253960","1,3319570",82,2019,50.0,1.0,1.0,3.0,2158964,1.0,1,3,1,1.0,,0.0,0,1979.0,B01,138Â 292Â 592,2.0,6.0,-1.0,1648478,1.0,7,,0.0,2.0,7.0,A01,138Â 292Â 593,1.0
965884,201900007415,6,18,19:00,1,2,1,1.0,3.0,82121,BORDEAUX (AVENUE DE),M,"44,0253960","1,3319570",82,2019,50.0,1.0,1.0,3.0,2158965,1.0,1,1,1,0.0,,0.0,0,1974.0,A01,138Â 292Â 593,1.0,8.0,-1.0,1648477,2.0,33,,0.0,2.0,1.0,B01,138Â 292Â 592,1.0
965884,201900007415,6,18,19:00,1,2,1,1.0,3.0,82121,BORDEAUX (AVENUE DE),M,"44,0253960","1,3319570",82,2019,50.0,1.0,1.0,3.0,2158965,1.0,1,1,1,0.0,,0.0,0,1974.0,A01,138Â 292Â 593,1.0,8.0,-1.0,1648478,1.0,7,,0.0,2.0,7.0,A01,138Â 292Â 593,1.0
965885,201900007416,7,4,15:30,1,2,3,1.0,3.0,76552,REINE ELISABETH,M,"49,5027000","0,0866000",76,2019,50.0,1.0,1.0,3.0,2158966,1.0,1,4,1,0.0,,0.0,0,2002.0,A01,138Â 292Â 588,2.0,8.0,-1.0,1648479,0.0,2,,0.0,2.0,1.0,A01,138Â 292Â 588,1.0
965885,201900007416,7,4,15:30,1,2,3,1.0,3.0,76552,REINE ELISABETH,M,"49,5027000","0,0866000",76,2019,50.0,1.0,1.0,3.0,2158966,1.0,1,4,1,0.0,,0.0,0,2002.0,A01,138Â 292Â 588,2.0,8.0,-1.0,1648480,0.0,7,,0.0,2.0,3.0,B01,138Â 292Â 589,1.0
965885,201900007416,7,4,15:30,1,2,3,1.0,3.0,76552,REINE ELISABETH,M,"49,5027000","0,0866000",76,2019,50.0,1.0,1.0,3.0,2158967,1.0,1,1,1,0.0,,0.0,0,1976.0,B01,138Â 292Â 589,1.0,8.0,-1.0,1648479,0.0,2,,0.0,2.0,1.0,A01,138Â 292Â 588,1.0
965885,201900007416,7,4,15:30,1,2,3,1.0,3.0,76552,REINE ELISABETH,M,"49,5027000","0,0866000",76,2019,50.0,1.0,1.0,3.0,2158967,1.0,1,1,1,0.0,,0.0,0,1976.0,B01,138Â 292Â 589,1.0,8.0,-1.0,1648480,0.0,7,,0.0,2.0,3.0,B01,138Â 292Â 589,1.0
965886,201900007417,7,4,18:00,1,2,1,1.0,7.0,71040,BOIS CLAIR (RUE DU),M,"46,6989800","4,3792600",71,2019,50.0,1.0,1.0,4.0,2158968,1.0,1,4,1,5.0,,0.0,0,1977.0,A01,138Â 292Â 587,2.0,0.0,-1.0,1648481,2.0,1,,13.0,0.0,1.0,A01,138Â 292Â 587,5.0
965887,201900007418,7,5,00:00,5,2,1,1.0,3.0,63113,COTE BLATIN (BD),M,"45,7680000","3,0865900",63,2019,50.0,1.0,1.0,4.0,2158969,1.0,1,4,1,0.0,,0.0,0,1995.0,A01,138Â 292Â 582,8.0,0.0,-1.0,1648482,1.0,7,,0.0,2.0,9.0,A01,138Â 292Â 582,1.0
965887,201900007418,7,5,00:00,5,2,1,1.0,3.0,63113,COTE BLATIN (BD),M,"45,7680000","3,0865900",63,2019,50.0,1.0,1.0,4.0,2158969,1.0,1,4,1,0.0,,0.0,0,1995.0,A01,138Â 292Â 582,8.0,0.0,-1.0,1648483,1.0,7,,0.0,2.0,1.0,B01,138Â 292Â 583,1.0
965887,201900007418,7,5,00:00,5,2,1,1.0,3.0,63113,COTE BLATIN (BD),M,"45,7680000","3,0865900",63,2019,50.0,1.0,1.0,4.0,2158970,1.0,1,1,1,0.0,,0.0,0,1970.0,B01,138Â 292Â 583,1.0,0.0,-1.0,1648482,1.0,7,,0.0,2.0,9.0,A01,138Â 292Â 582,1.0
965887,201900007418,7,5,00:00,5,2,1,1.0,3.0,63113,COTE BLATIN (BD),M,"45,7680000","3,0865900",63,2019,50.0,1.0,1.0,4.0,2158970,1.0,1,1,1,0.0,,0.0,0,1970.0,B01,138Â 292Â 583,1.0,0.0,-1.0,1648483,1.0,7,,0.0,2.0,1.0,B01,138Â 292Â 583,1.0
965888,201900007419,7,4,12:25,1,2,9,1.0,3.0,63113,NEYRON (RUE),M,"45,7797200","3,0893100",63,2019,30.0,1.0,1.0,4.0,2158971,1.0,1,1,2,0.0,,0.0,0,1983.0,A01,138Â 292Â 580,1.0,0.0,-1.0,1648484,1.0,7,,0.0,2.0,2.0,A01,138Â 292Â 580,1.0
965888,201900007419,7,4,12:25,1,2,9,1.0,3.0,63113,NEYRON (RUE),M,"45,7797200","3,0893100",63,2019,30.0,1.0,1.0,4.0,2158971,1.0,1,1,2,0.0,,0.0,0,1983.0,A01,138Â 292Â 580,1.0,0.0,-1.0,1648485,2.0,7,,0.0,2.0,3.0,B01,138Â 292Â 581,1.0
965888,201900007419,7,4,12:25,1,2,9,1.0,3.0,63113,NEYRON (RUE),M,"45,7797200","3,0893100",63,2019,30.0,1.0,1.0,4.0,2158972,1.0,1,4,2,0.0,,0.0,0,1965.0,B01,138Â 292Â 581,1.0,0.0,-1.0,1648484,1.0,7,,0.0,2.0,2.0,A01,138Â 292Â 580,1.0
965888,201900007419,7,4,12:25,1,2,9,1.0,3.0,63113,NEYRON (RUE),M,"45,7797200","3,0893100",63,2019,30.0,1.0,1.0,4.0,2158972,1.0,1,4,2,0.0,,0.0,0,1965.0,B01,138Â 292Â 581,1.0,0.0,-1.0,1648485,2.0,7,,0.0,2.0,3.0,B01,138Â 292Â 581,1.0
965889,201900007420,7,3,11:25,1,2,1,1.0,3.0,63113,SABLON (COURS),M,"45,7744100","3,0900000",63,2019,50.0,1.0,1.0,4.0,2158973,1.0,1,4,2,0.0,,0.0,0,1967.0,B01,138Â 292Â 578,1.0,0.0,-1.0,1648486,0.0,7,,0.0,2.0,2.0,B01,138Â 292Â 578,1.0
965889,201900007420,7,3,11:25,1,2,1,1.0,3.0,63113,SABLON (COURS),M,"45,7744100","3,0900000",63,2019,50.0,1.0,1.0,4.0,2158973,1.0,1,4,2,0.0,,0.0,0,1967.0,B01,138Â 292Â 578,1.0,0.0,-1.0,1648487,1.0,7,,0.0,2.0,3.0,A01,138Â 292Â 579,1.0
965889,201900007420,7,3,11:25,1,2,1,1.0,3.0,63113,SABLON (COURS),M,"45,7744100","3,0900000",63,2019,50.0,1.0,1.0,4.0,2158974,1.0,1,1,1,0.0,,0.0,0,1996.0,A01,138Â 292Â 579,1.0,0.0,-1.0,1648486,0.0,7,,0.0,2.0,2.0,B01,138Â 292Â 578,1.0
965889,201900007420,7,3,11:25,1,2,1,1.0,3.0,63113,SABLON (COURS),M,"45,7744100","3,0900000",63,2019,50.0,1.0,1.0,4.0,2158974,1.0,1,1,1,0.0,,0.0,0,1996.0,A01,138Â 292Â 579,1.0,0.0,-1.0,1648487,1.0,7,,0.0,2.0,3.0,A01,138Â 292Â 579,1.0
965890,201900007421,7,4,10:23,1,2,9,1.0,3.0,63113,JOUHAUX (BD LEON),M,"45,7984900","3,1143000",63,2019,50.0,1.0,1.0,7.0,2158975,1.0,1,4,1,0.0,,0.0,0,1976.0,A01,138Â 292Â 576,1.0,0.0,-1.0,1648488,1.0,7,,0.0,-1.0,2.0,A01,138Â 292Â 576,1.0
965890,201900007421,7,4,10:23,1,2,9,1.0,3.0,63113,JOUHAUX (BD LEON),M,"45,7984900","3,1143000",63,2019,50.0,1.0,1.0,7.0,2158975,1.0,1,4,1,0.0,,0.0,0,1976.0,A01,138Â 292Â 576,1.0,0.0,-1.0,1648489,0.0,40,,0.0,2.0,7.0,B01,138Â 292Â 577,3.0
965890,201900007421,7,4,10:23,1,2,9,1.0,3.0,63113,JOUHAUX (BD LEON),M,"45,7984900","3,1143000",63,2019,50.0,1.0,1.0,7.0,2158976,2.0,2,4,1,0.0,,0.0,0,1943.0,B01,138Â 292Â 577,8.0,0.0,-1.0,1648488,1.0,7,,0.0,-1.0,2.0,A01,138Â 292Â 576,1.0
965890,201900007421,7,4,10:23,1,2,9,1.0,3.0,63113,JOUHAUX (BD LEON),M,"45,7984900","3,1143000",63,2019,50.0,1.0,1.0,7.0,2158976,2.0,2,4,1,0.0,,0.0,0,1943.0,B01,138Â 292Â 577,8.0,0.0,-1.0,1648489,0.0,40,,0.0,2.0,7.0,B01,138Â 292Â 577,3.0
965890,201900007421,7,4,10:23,1,2,9,1.0,3.0,63113,JOUHAUX (BD LEON),M,"45,7984900","3,1143000",63,2019,50.0,1.0,1.0,7.0,2158977,2.0,2,4,2,0.0,,0.0,0,1947.0,B01,138Â 292Â 577,8.0,0.0,-1.0,1648488,1.0,7,,0.0,-1.0,2.0,A01,138Â 292Â 576,1.0
965890,201900007421,7,4,10:23,1,2,9,1.0,3.0,63113,JOUHAUX (BD LEON),M,"45,7984900","3,1143000",63,2019,50.0,1.0,1.0,7.0,2158977,2.0,2,4,2,0.0,,0.0,0,1947.0,B01,138Â 292Â 577,8.0,0.0,-1.0,1648489,0.0,40,,0.0,2.0,7.0,B01,138Â 292Â 577,3.0
965890,201900007421,7,4,10:23,1,2,9,1.0,3.0,63113,JOUHAUX (BD LEON),M,"45,7984900","3,1143000",63,2019,50.0,1.0,1.0,7.0,2158978,1.0,1,1,2,0.0,,0.0,0,1974.0,B01,138Â 292Â 577,8.0,0.0,-1.0,1648488,1.0,7,,0.0,-1.0,2.0,A01,138Â 292Â 576,1.0
965890,201900007421,7,4,10:23,1,2,9,1.0,3.0,63113,JOUHAUX (BD LEON),M,"45,7984900","3,1143000",63,2019,50.0,1.0,1.0,7.0,2158978,1.0,1,1,2,0.0,,0.0,0,1974.0,B01,138Â 292Â 577,8.0,0.0,-1.0,1648489,0.0,40,,0.0,2.0,7.0,B01,138Â 292Â 577,3.0
965891,201900007422,7,2,09:03,1,2,9,1.0,4.0,63113,CHARCOT (BD),M,"45,7947100","3,0825900",63,2019,50.0,1.0,1.0,4.0,2158979,1.0,1,4,2,0.0,,0.0,0,1978.0,A01,138Â 292Â 573,1.0,0.0,-1.0,1648490,1.0,7,,0.0,2.0,1.0,A01,138Â 292Â 573,1.0
965891,201900007422,7,2,09:03,1,2,9,1.0,4.0,63113,CHARCOT (BD),M,"45,7947100","3,0825900",63,2019,50.0,1.0,1.0,4.0,2158979,1.0,1,4,2,0.0,,0.0,0,1978.0,A01,138Â 292Â 573,1.0,0.0,-1.0,1648491,2.0,7,,0.0,2.0,1.0,C01,138Â 292Â 574,1.0
965891,201900007422,7,2,09:03,1,2,9,1.0,4.0,63113,CHARCOT (BD),M,"45,7947100","3,0825900",63,2019,50.0,1.0,1.0,4.0,2158979,1.0,1,4,2,0.0,,0.0,0,1978.0,A01,138Â 292Â 573,1.0,0.0,-1.0,1648492,2.0,7,,0.0,2.0,2.0,B01,138Â 292Â 575,1.0
965891,201900007422,7,2,09:03,1,2,9,1.0,4.0,63113,CHARCOT (BD),M,"45,7947100","3,0825900",63,2019,50.0,1.0,1.0,4.0,2158980,1.0,1,1,2,0.0,,0.0,0,1948.0,C01,138Â 292Â 574,1.0,0.0,-1.0,1648490,1.0,7,,0.0,2.0,1.0,A01,138Â 292Â 573,1.0
965891,201900007422,7,2,09:03,1,2,9,1.0,4.0,63113,CHARCOT (BD),M,"45,7947100","3,0825900",63,2019,50.0,1.0,1.0,4.0,2158980,1.0,1,1,2,0.0,,0.0,0,1948.0,C01,138Â 292Â 574,1.0,0.0,-1.0,1648491,2.0,7,,0.0,2.0,1.0,C01,138Â 292Â 574,1.0
965891,201900007422,7,2,09:03,1,2,9,1.0,4.0,63113,CHARCOT (BD),M,"45,7947100","3,0825900",63,2019,50.0,1.0,1.0,4.0,2158980,1.0,1,1,2,0.0,,0.0,0,1948.0,C01,138Â 292Â 574,1.0,0.0,-1.0,1648492,2.0,7,,0.0,2.0,2.0,B01,138Â 292Â 575,1.0
965891,201900007422,7,2,09:03,1,2,9,1.0,4.0,63113,CHARCOT (BD),M,"45,7947100","3,0825900",63,2019,50.0,1.0,1.0,4.0,2158981,1.0,1,4,2,0.0,,0.0,0,1969.0,B01,138Â 292Â 575,1.0,0.0,-1.0,1648490,1.0,7,,0.0,2.0,1.0,A01,138Â 292Â 573,1.0
965891,201900007422,7,2,09:03,1,2,9,1.0,4.0,63113,CHARCOT (BD),M,"45,7947100","3,0825900",63,2019,50.0,1.0,1.0,4.0,2158981,1.0,1,4,2,0.0,,0.0,0,1969.0,B01,138Â 292Â 575,1.0,0.0,-1.0,1648491,2.0,7,,0.0,2.0,1.0,C01,138Â 292Â 574,1.0
965891,201900007422,7,2,09:03,1,2,9,1.0,4.0,63113,CHARCOT (BD),M,"45,7947100","3,0825900",63,2019,50.0,1.0,1.0,4.0,2158981,1.0,1,4,2,0.0,,0.0,0,1969.0,B01,138Â 292Â 575,1.0,0.0,-1.0,1648492,2.0,7,,0.0,2.0,2.0,B01,138Â 292Â 575,1.0
965892,201900007423,6,22,14:50,1,1,1,1.0,1.0,62724,RD 40,M,"50,3960000","2,9050000",62,2019,80.0,1.0,1.0,3.0,2158982,1.0,1,4,1,5.0,,-1.0,0,1992.0,B01,138Â 292Â 571,1.0,8.0,-1.0,1648493,3.0,7,,0.0,2.0,1.0,B01,138Â 292Â 571,1.0
965892,201900007423,6,22,14:50,1,1,1,1.0,1.0,62724,RD 40,M,"50,3960000","2,9050000",62,2019,80.0,1.0,1.0,3.0,2158982,1.0,1,4,1,5.0,,-1.0,0,1992.0,B01,138Â 292Â 571,1.0,8.0,-1.0,1648494,3.0,7,,0.0,2.0,1.0,A01,138Â 292Â 572,1.0
965892,201900007423,6,22,14:50,1,1,1,1.0,1.0,62724,RD 40,M,"50,3960000","2,9050000",62,2019,80.0,1.0,1.0,3.0,2158983,3.0,2,4,1,5.0,,-1.0,0,2000.0,A01,138Â 292Â 572,1.0,8.0,-1.0,1648493,3.0,7,,0.0,2.0,1.0,B01,138Â 292Â 571,1.0
965892,201900007423,6,22,14:50,1,1,1,1.0,1.0,62724,RD 40,M,"50,3960000","2,9050000",62,2019,80.0,1.0,1.0,3.0,2158983,3.0,2,4,1,5.0,,-1.0,0,2000.0,A01,138Â 292Â 572,1.0,8.0,-1.0,1648494,3.0,7,,0.0,2.0,1.0,A01,138Â 292Â 572,1.0
965892,201900007423,6,22,14:50,1,1,1,1.0,1.0,62724,RD 40,M,"50,3960000","2,9050000",62,2019,80.0,1.0,1.0,3.0,2158984,2.0,2,4,1,5.0,,-1.0,0,1999.0,A01,138Â 292Â 572,1.0,8.0,-1.0,1648493,3.0,7,,0.0,2.0,1.0,B01,138Â 292Â 571,1.0
965892,201900007423,6,22,14:50,1,1,1,1.0,1.0,62724,RD 40,M,"50,3960000","2,9050000",62,2019,80.0,1.0,1.0,3.0,2158984,2.0,2,4,1,5.0,,-1.0,0,1999.0,A01,138Â 292Â 572,1.0,8.0,-1.0,1648494,3.0,7,,0.0,2.0,1.0,A01,138Â 292Â 572,1.0
965892,201900007423,6,22,14:50,1,1,1,1.0,1.0,62724,RD 40,M,"50,3960000","2,9050000",62,2019,80.0,1.0,1.0,3.0,2158985,1.0,1,4,1,5.0,,-1.0,0,1997.0,A01,138Â 292Â 572,1.0,8.0,-1.0,1648493,3.0,7,,0.0,2.0,1.0,B01,138Â 292Â 571,1.0
965892,201900007423,6,22,14:50,1,1,1,1.0,1.0,62724,RD 40,M,"50,3960000","2,9050000",62,2019,80.0,1.0,1.0,3.0,2158985,1.0,1,4,1,5.0,,-1.0,0,1997.0,A01,138Â 292Â 572,1.0,8.0,-1.0,1648494,3.0,7,,0.0,2.0,1.0,A01,138Â 292Â 572,1.0
965893,201900007424,7,2,14:50,1,2,2,1.0,3.0,51454,RUE DES CAPUCINS,M,"49,2513000","4,0296800",51,2019,50.0,1.0,1.0,4.0,2158986,1.0,1,4,2,0.0,,-1.0,0,1966.0,A01,138Â 292Â 565,1.0,0.0,-1.0,1648495,0.0,7,,0.0,2.0,7.0,A01,138Â 292Â 565,1.0
965893,201900007424,7,2,14:50,1,2,2,1.0,3.0,51454,RUE DES CAPUCINS,M,"49,2513000","4,0296800",51,2019,50.0,1.0,1.0,4.0,2158986,1.0,1,4,2,0.0,,-1.0,0,1966.0,A01,138Â 292Â 565,1.0,0.0,-1.0,1648496,0.0,7,,0.0,2.0,1.0,B01,138Â 292Â 566,1.0
965893,201900007424,7,2,14:50,1,2,2,1.0,3.0,51454,RUE DES CAPUCINS,M,"49,2513000","4,0296800",51,2019,50.0,1.0,1.0,4.0,2158987,2.0,2,1,1,0.0,,-1.0,0,2004.0,B01,138Â 292Â 566,1.0,0.0,-1.0,1648495,0.0,7,,0.0,2.0,7.0,A01,138Â 292Â 565,1.0
965893,201900007424,7,2,14:50,1,2,2,1.0,3.0,51454,RUE DES CAPUCINS,M,"49,2513000","4,0296800",51,2019,50.0,1.0,1.0,4.0,2158987,2.0,2,1,1,0.0,,-1.0,0,2004.0,B01,138Â 292Â 566,1.0,0.0,-1.0,1648496,0.0,7,,0.0,2.0,1.0,B01,138Â 292Â 566,1.0
965893,201900007424,7,2,14:50,1,2,2,1.0,3.0,51454,RUE DES CAPUCINS,M,"49,2513000","4,0296800",51,2019,50.0,1.0,1.0,4.0,2158988,1.0,1,1,2,0.0,,-1.0,0,1991.0,B01,138Â 292Â 566,1.0,0.0,-1.0,1648495,0.0,7,,0.0,2.0,7.0,A01,138Â 292Â 565,1.0
965893,201900007424,7,2,14:50,1,2,2,1.0,3.0,51454,RUE DES CAPUCINS,M,"49,2513000","4,0296800",51,2019,50.0,1.0,1.0,4.0,2158988,1.0,1,1,2,0.0,,-1.0,0,1991.0,B01,138Â 292Â 566,1.0,0.0,-1.0,1648496,0.0,7,,0.0,2.0,1.0,B01,138Â 292Â 566,1.0
965894,201900007425,7,4,17:20,1,2,1,1.0,3.0,45147,RUE DES FOSSES,M,"47,9341000","1,9291000",45,2019,50.0,1.0,1.0,4.0,2158989,1.0,1,4,1,5.0,,0.0,0,1999.0,B01,138Â 292Â 563,8.0,0.0,-1.0,1648497,2.0,1,,0.0,0.0,3.0,B01,138Â 292Â 563,5.0
965894,201900007425,7,4,17:20,1,2,1,1.0,3.0,45147,RUE DES FOSSES,M,"47,9341000","1,9291000",45,2019,50.0,1.0,1.0,4.0,2158989,1.0,1,4,1,5.0,,0.0,0,1999.0,B01,138Â 292Â 563,8.0,0.0,-1.0,1648498,2.0,7,,0.0,0.0,2.0,A01,138Â 292Â 564,1.0
965894,201900007425,7,4,17:20,1,2,1,1.0,3.0,45147,RUE DES FOSSES,M,"47,9341000","1,9291000",45,2019,50.0,1.0,1.0,4.0,2158990,1.0,1,1,2,9.0,,0.0,0,1988.0,A01,138Â 292Â 564,1.0,0.0,-1.0,1648497,2.0,1,,0.0,0.0,3.0,B01,138Â 292Â 563,5.0
965894,201900007425,7,4,17:20,1,2,1,1.0,3.0,45147,RUE DES FOSSES,M,"47,9341000","1,9291000",45,2019,50.0,1.0,1.0,4.0,2158990,1.0,1,1,2,9.0,,0.0,0,1988.0,A01,138Â 292Â 564,1.0,0.0,-1.0,1648498,2.0,7,,0.0,0.0,2.0,A01,138Â 292Â 564,1.0
965895,201900007426,7,4,10:05,1,2,4,1.0,3.0,45234,PONT JOFFRE - AV DE TREVISE,M,"47,8944830","1,8956870",45,2019,50.0,1.0,1.0,4.0,2158991,1.0,1,4,2,4.0,,0.0,0,1966.0,B01,138Â 292Â 561,8.0,0.0,-1.0,1648499,0.0,7,,0.0,2.0,1.0,B01,138Â 292Â 561,1.0
965895,201900007426,7,4,10:05,1,2,4,1.0,3.0,45234,PONT JOFFRE - AV DE TREVISE,M,"47,8944830","1,8956870",45,2019,50.0,1.0,1.0,4.0,2158991,1.0,1,4,2,4.0,,0.0,0,1966.0,B01,138Â 292Â 561,8.0,0.0,-1.0,1648500,2.0,17,,0.0,2.0,7.0,A01,138Â 292Â 562,1.0
965895,201900007426,7,4,10:05,1,2,4,1.0,3.0,45234,PONT JOFFRE - AV DE TREVISE,M,"47,8944830","1,8956870",45,2019,50.0,1.0,1.0,4.0,2158992,1.0,1,1,1,4.0,,0.0,0,1965.0,A01,138Â 292Â 562,8.0,0.0,-1.0,1648499,0.0,7,,0.0,2.0,1.0,B01,138Â 292Â 561,1.0
965895,201900007426,7,4,10:05,1,2,4,1.0,3.0,45234,PONT JOFFRE - AV DE TREVISE,M,"47,8944830","1,8956870",45,2019,50.0,1.0,1.0,4.0,2158992,1.0,1,1,1,4.0,,0.0,0,1965.0,A01,138Â 292Â 562,8.0,0.0,-1.0,1648500,2.0,17,,0.0,2.0,7.0,A01,138Â 292Â 562,1.0
965896,201900007427,7,4,07:20,1,2,2,1.0,3.0,45147,R M BERTHELOT - R M SANGNIER,M,"47,9214800","1,9144700",45,2019,50.0,1.0,1.0,4.0,2158993,1.0,1,4,1,0.0,,0.0,0,1964.0,B01,138Â 292Â 559,1.0,0.0,-1.0,1648501,1.0,7,,0.0,2.0,7.0,B01,138Â 292Â 559,1.0
965896,201900007427,7,4,07:20,1,2,2,1.0,3.0,45147,R M BERTHELOT - R M SANGNIER,M,"47,9214800","1,9144700",45,2019,50.0,1.0,1.0,4.0,2158993,1.0,1,4,1,0.0,,0.0,0,1964.0,B01,138Â 292Â 559,1.0,0.0,-1.0,1648502,2.0,7,,0.0,2.0,1.0,A01,138Â 292Â 560,1.0
965896,201900007427,7,4,07:20,1,2,2,1.0,3.0,45147,R M BERTHELOT - R M SANGNIER,M,"47,9214800","1,9144700",45,2019,50.0,1.0,1.0,4.0,2158994,1.0,1,4,2,1.0,,0.0,0,1987.0,A01,138Â 292Â 560,1.0,0.0,-1.0,1648501,1.0,7,,0.0,2.0,7.0,B01,138Â 292Â 559,1.0
965896,201900007427,7,4,07:20,1,2,2,1.0,3.0,45147,R M BERTHELOT - R M SANGNIER,M,"47,9214800","1,9144700",45,2019,50.0,1.0,1.0,4.0,2158994,1.0,1,4,2,1.0,,0.0,0,1987.0,A01,138Â 292Â 560,1.0,0.0,-1.0,1648502,2.0,7,,0.0,2.0,1.0,A01,138Â 292Â 560,1.0
965897,201900007428,7,6,03:20,5,2,2,1.0,3.0,13202,HOZIER (RUE D'),M,"43,3053640","5,3693650",13,2019,50.0,1.0,1.0,4.0,2158995,5.0,2,4,1,5.0,,-1.0, -1,2000.0,B01,138Â 292Â 557,8.0,0.0,-1.0,1648503,2.0,7,,8.0,2.0,6.0,B01,138Â 292Â 557,1.0
965897,201900007428,7,6,03:20,5,2,2,1.0,3.0,13202,HOZIER (RUE D'),M,"43,3053640","5,3693650",13,2019,50.0,1.0,1.0,4.0,2158995,5.0,2,4,1,5.0,,-1.0, -1,2000.0,B01,138Â 292Â 557,8.0,0.0,-1.0,1648504,0.0,7,,0.0,2.0,0.0,A01,138Â 292Â 558,0.0
965897,201900007428,7,6,03:20,5,2,2,1.0,3.0,13202,HOZIER (RUE D'),M,"43,3053640","5,3693650",13,2019,50.0,1.0,1.0,4.0,2158996,4.0,2,4,1,5.0,,-1.0, -1,2000.0,B01,138Â 292Â 557,8.0,0.0,-1.0,1648503,2.0,7,,8.0,2.0,6.0,B01,138Â 292Â 557,1.0
965897,201900007428,7,6,03:20,5,2,2,1.0,3.0,13202,HOZIER (RUE D'),M,"43,3053640","5,3693650",13,2019,50.0,1.0,1.0,4.0,2158996,4.0,2,4,1,5.0,,-1.0, -1,2000.0,B01,138Â 292Â 557,8.0,0.0,-1.0,1648504,0.0,7,,0.0,2.0,0.0,A01,138Â 292Â 558,0.0
965897,201900007428,7,6,03:20,5,2,2,1.0,3.0,13202,HOZIER (RUE D'),M,"43,3053640","5,3693650",13,2019,50.0,1.0,1.0,4.0,2158997,2.0,2,4,1,5.0,,-1.0, -1,2000.0,B01,138Â 292Â 557,8.0,0.0,-1.0,1648503,2.0,7,,8.0,2.0,6.0,B01,138Â 292Â 557,1.0
965897,201900007428,7,6,03:20,5,2,2,1.0,3.0,13202,HOZIER (RUE D'),M,"43,3053640","5,3693650",13,2019,50.0,1.0,1.0,4.0,2158997,2.0,2,4,1,5.0,,-1.0, -1,2000.0,B01,138Â 292Â 557,8.0,0.0,-1.0,1648504,0.0,7,,0.0,2.0,0.0,A01,138Â 292Â 558,0.0
965897,201900007428,7,6,03:20,5,2,2,1.0,3.0,13202,HOZIER (RUE D'),M,"43,3053640","5,3693650",13,2019,50.0,1.0,1.0,4.0,2158998,1.0,1,4,2,5.0,,-1.0, -1,1998.0,B01,138Â 292Â 557,8.0,0.0,-1.0,1648503,2.0,7,,8.0,2.0,6.0,B01,138Â 292Â 557,1.0
965897,201900007428,7,6,03:20,5,2,2,1.0,3.0,13202,HOZIER (RUE D'),M,"43,3053640","5,3693650",13,2019,50.0,1.0,1.0,4.0,2158998,1.0,1,4,2,5.0,,-1.0, -1,1998.0,B01,138Â 292Â 557,8.0,0.0,-1.0,1648504,0.0,7,,0.0,2.0,0.0,A01,138Â 292Â 558,0.0
965897,201900007428,7,6,03:20,5,2,2,1.0,3.0,13202,HOZIER (RUE D'),M,"43,3053640","5,3693650",13,2019,50.0,1.0,1.0,4.0,2158999,3.0,2,4,1,5.0,,-1.0, -1,1999.0,B01,138Â 292Â 557,8.0,0.0,-1.0,1648503,2.0,7,,8.0,2.0,6.0,B01,138Â 292Â 557,1.0
965897,201900007428,7,6,03:20,5,2,2,1.0,3.0,13202,HOZIER (RUE D'),M,"43,3053640","5,3693650",13,2019,50.0,1.0,1.0,4.0,2158999,3.0,2,4,1,5.0,,-1.0, -1,1999.0,B01,138Â 292Â 557,8.0,0.0,-1.0,1648504,0.0,7,,0.0,2.0,0.0,A01,138Â 292Â 558,0.0
965897,201900007428,7,6,03:20,5,2,2,1.0,3.0,13202,HOZIER (RUE D'),M,"43,3053640","5,3693650",13,2019,50.0,1.0,1.0,4.0,2159000,1.0,1,1,1,0.0,,-1.0, -1,1996.0,A01,138Â 292Â 558,1.0,0.0,-1.0,1648503,2.0,7,,8.0,2.0,6.0,B01,138Â 292Â 557,1.0
965897,201900007428,7,6,03:20,5,2,2,1.0,3.0,13202,HOZIER (RUE D'),M,"43,3053640","5,3693650",13,2019,50.0,1.0,1.0,4.0,2159000,1.0,1,1,1,0.0,,-1.0, -1,1996.0,A01,138Â 292Â 558,1.0,0.0,-1.0,1648504,0.0,7,,0.0,2.0,0.0,A01,138Â 292Â 558,0.0
965897,201900007428,7,6,03:20,5,2,2,1.0,3.0,13202,HOZIER (RUE D'),M,"43,3053640","5,3693650",13,2019,50.0,1.0,1.0,4.0,2159001,2.0,2,1,1,0.0,,-1.0, -1,1999.0,A01,138Â 292Â 558,1.0,0.0,-1.0,1648503,2.0,7,,8.0,2.0,6.0,B01,138Â 292Â 557,1.0
965897,201900007428,7,6,03:20,5,2,2,1.0,3.0,13202,HOZIER (RUE D'),M,"43,3053640","5,3693650",13,2019,50.0,1.0,1.0,4.0,2159001,2.0,2,1,1,0.0,,-1.0, -1,1999.0,A01,138Â 292Â 558,1.0,0.0,-1.0,1648504,0.0,7,,0.0,2.0,0.0,A01,138Â 292Â 558,0.0
965898,201900007429,7,5,15:05,1,2,2,1.0,6.0,13206,BRETEUIL (RUE),M,"43,2885500","5,3764800",13,2019,50.0,1.0,1.0,4.0,2159002,1.0,1,1,1,5.0,,-1.0, -1,1986.0,B01,138Â 292Â 555,1.0,0.0,-1.0,1648505,1.0,7,,0.0,2.0,2.0,B01,138Â 292Â 555,1.0