Unnamed: 0_x,num_acc,mois,jour,hrmn,lum,agg,int,atm,col,com,adr,gps,lat,long,dep,annee,vma,situ,surf,catr,Unnamed: 0_y,place,catu,grav,sexe,trajet,secu,locp,actp,an_nais,num_veh_x,id_vehicule_x,secu1,secu2,secu3,Unnamed: 0,senc,catv,occutc,obs,obsm,choc,num_veh_y,id_vehicule_y,motor
965898,201900007429,7,5,15:05,1,2,2,1.0,6.0,13206,BRETEUIL (RUE),M,"43,2885500","5,3764800",13,2019,50.0,1.0,1.0,4.0,2159002,1.0,1,1,1,5.0,,-1.0, -1,1986.0,B01,138Â 292Â 555,1.0,0.0,-1.0,1648506,1.0,33,,0.0,2.0,1.0,A01,138Â 292Â 556,1.0
965898,201900007429,7,5,15:05,1,2,2,1.0,6.0,13206,BRETEUIL (RUE),M,"43,2885500","5,3764800",13,2019,50.0,1.0,1.0,4.0,2159003,10.0,3,4,2,9.0,,5.0,9,1972.0,A01,138Â 292Â 556,8.0,0.0,-1.0,1648505,1.0,7,,0.0,2.0,2.0,B01,138Â 292Â 555,1.0
965898,201900007429,7,5,15:05,1,2,2,1.0,6.0,13206,BRETEUIL (RUE),M,"43,2885500","5,3764800",13,2019,50.0,1.0,1.0,4.0,2159003,10.0,3,4,2,9.0,,5.0,9,1972.0,A01,138Â 292Â 556,8.0,0.0,-1.0,1648506,1.0,33,,0.0,2.0,1.0,A01,138Â 292Â 556,1.0
965898,201900007429,7,5,15:05,1,2,2,1.0,6.0,13206,BRETEUIL (RUE),M,"43,2885500","5,3764800",13,2019,50.0,1.0,1.0,4.0,2159004,1.0,1,4,1,5.0,,-1.0, -1,1950.0,A01,138Â 292Â 556,2.0,6.0,-1.0,1648505,1.0,7,,0.0,2.0,2.0,B01,138Â 292Â 555,1.0
965898,201900007429,7,5,15:05,1,2,2,1.0,6.0,13206,BRETEUIL (RUE),M,"43,2885500","5,3764800",13,2019,50.0,1.0,1.0,4.0,2159004,1.0,1,4,1,5.0,,-1.0, -1,1950.0,A01,138Â 292Â 556,2.0,6.0,-1.0,1648506,1.0,33,,0.0,2.0,1.0,A01,138Â 292Â 556,1.0
965899,201900007430,7,5,09:00,1,2,1,1.0,6.0,13207,PIERRE PUGET (COURS),M,"43,2900600","5,3738440",13,2019,50.0,1.0,1.0,4.0,2159005,10.0,3,3,2,0.0,,9.0,B,1988.0,A01,138Â 292Â 554,8.0,0.0,-1.0,1648507,2.0,33,,0.0,1.0,1.0,A01,138Â 292Â 554,1.0
965899,201900007430,7,5,09:00,1,2,1,1.0,6.0,13207,PIERRE PUGET (COURS),M,"43,2900600","5,3738440",13,2019,50.0,1.0,1.0,4.0,2159006,1.0,1,4,1,4.0,,-1.0, -1,1961.0,A01,138Â 292Â 554,8.0,8.0,-1.0,1648507,2.0,33,,0.0,1.0,1.0,A01,138Â 292Â 554,1.0
965900,201900007431,7,4,11:45,1,2,3,1.0,5.0,13206,BAILLE (BOULEVARD),M,"43,2866400","5,3862800",13,2019,50.0,1.0,1.0,4.0,2159007,1.0,1,1,1,4.0,,-1.0,0,1994.0,B01,138Â 292Â 551,1.0,0.0,-1.0,1648508,1.0,10,,0.0,2.0,3.0,B01,138Â 292Â 551,1.0
965900,201900007431,7,4,11:45,1,2,3,1.0,5.0,13206,BAILLE (BOULEVARD),M,"43,2866400","5,3862800",13,2019,50.0,1.0,1.0,4.0,2159007,1.0,1,1,1,4.0,,-1.0,0,1994.0,B01,138Â 292Â 551,1.0,0.0,-1.0,1648509,1.0,33,,0.0,2.0,3.0,C01,138Â 292Â 552,1.0
965900,201900007431,7,4,11:45,1,2,3,1.0,5.0,13206,BAILLE (BOULEVARD),M,"43,2866400","5,3862800",13,2019,50.0,1.0,1.0,4.0,2159007,1.0,1,1,1,4.0,,-1.0,0,1994.0,B01,138Â 292Â 551,1.0,0.0,-1.0,1648510,1.0,7,,0.0,2.0,1.0,A01,138Â 292Â 553,1.0
965900,201900007431,7,4,11:45,1,2,3,1.0,5.0,13206,BAILLE (BOULEVARD),M,"43,2866400","5,3862800",13,2019,50.0,1.0,1.0,4.0,2159008,1.0,1,4,1,9.0,,-1.0,0,1978.0,C01,138Â 292Â 552,2.0,8.0,-1.0,1648508,1.0,10,,0.0,2.0,3.0,B01,138Â 292Â 551,1.0
965900,201900007431,7,4,11:45,1,2,3,1.0,5.0,13206,BAILLE (BOULEVARD),M,"43,2866400","5,3862800",13,2019,50.0,1.0,1.0,4.0,2159008,1.0,1,4,1,9.0,,-1.0,0,1978.0,C01,138Â 292Â 552,2.0,8.0,-1.0,1648509,1.0,33,,0.0,2.0,3.0,C01,138Â 292Â 552,1.0
965900,201900007431,7,4,11:45,1,2,3,1.0,5.0,13206,BAILLE (BOULEVARD),M,"43,2866400","5,3862800",13,2019,50.0,1.0,1.0,4.0,2159008,1.0,1,4,1,9.0,,-1.0,0,1978.0,C01,138Â 292Â 552,2.0,8.0,-1.0,1648510,1.0,7,,0.0,2.0,1.0,A01,138Â 292Â 553,1.0
965900,201900007431,7,4,11:45,1,2,3,1.0,5.0,13206,BAILLE (BOULEVARD),M,"43,2866400","5,3862800",13,2019,50.0,1.0,1.0,4.0,2159009,1.0,1,1,1,5.0,,-1.0,0,1946.0,A01,138Â 292Â 553,1.0,0.0,-1.0,1648508,1.0,10,,0.0,2.0,3.0,B01,138Â 292Â 551,1.0
965900,201900007431,7,4,11:45,1,2,3,1.0,5.0,13206,BAILLE (BOULEVARD),M,"43,2866400","5,3862800",13,2019,50.0,1.0,1.0,4.0,2159009,1.0,1,1,1,5.0,,-1.0,0,1946.0,A01,138Â 292Â 553,1.0,0.0,-1.0,1648509,1.0,33,,0.0,2.0,3.0,C01,138Â 292Â 552,1.0
965900,201900007431,7,4,11:45,1,2,3,1.0,5.0,13206,BAILLE (BOULEVARD),M,"43,2866400","5,3862800",13,2019,50.0,1.0,1.0,4.0,2159009,1.0,1,1,1,5.0,,-1.0,0,1946.0,A01,138Â 292Â 553,1.0,0.0,-1.0,1648510,1.0,7,,0.0,2.0,1.0,A01,138Â 292Â 553,1.0
965901,201900007432,7,3,23:30,5,2,1,1.0,4.0,13204,FRANCOISE DUPARC (BOULEVARD),M,"43,3057000","5,4009400",13,2019,50.0,1.0,1.0,7.0,2159010,1.0,1,4,2,5.0,,-1.0, -1,1997.0,B01,138Â 292Â 548,1.0,8.0,-1.0,1648511,1.0,7,,0.0,2.0,4.0,B01,138Â 292Â 548,1.0
965901,201900007432,7,3,23:30,5,2,1,1.0,4.0,13204,FRANCOISE DUPARC (BOULEVARD),M,"43,3057000","5,4009400",13,2019,50.0,1.0,1.0,7.0,2159010,1.0,1,4,2,5.0,,-1.0, -1,1997.0,B01,138Â 292Â 548,1.0,8.0,-1.0,1648512,1.0,7,,0.0,2.0,4.0,C01,138Â 292Â 549,1.0
965901,201900007432,7,3,23:30,5,2,1,1.0,4.0,13204,FRANCOISE DUPARC (BOULEVARD),M,"43,3057000","5,4009400",13,2019,50.0,1.0,1.0,7.0,2159010,1.0,1,4,2,5.0,,-1.0, -1,1997.0,B01,138Â 292Â 548,1.0,8.0,-1.0,1648513,1.0,7,,0.0,2.0,1.0,A01,138Â 292Â 550,1.0
965901,201900007432,7,3,23:30,5,2,1,1.0,4.0,13204,FRANCOISE DUPARC (BOULEVARD),M,"43,3057000","5,4009400",13,2019,50.0,1.0,1.0,7.0,2159011,1.0,1,1,1,5.0,,-1.0, -1,1998.0,C01,138Â 292Â 549,1.0,8.0,-1.0,1648511,1.0,7,,0.0,2.0,4.0,B01,138Â 292Â 548,1.0
965901,201900007432,7,3,23:30,5,2,1,1.0,4.0,13204,FRANCOISE DUPARC (BOULEVARD),M,"43,3057000","5,4009400",13,2019,50.0,1.0,1.0,7.0,2159011,1.0,1,1,1,5.0,,-1.0, -1,1998.0,C01,138Â 292Â 549,1.0,8.0,-1.0,1648512,1.0,7,,0.0,2.0,4.0,C01,138Â 292Â 549,1.0
965901,201900007432,7,3,23:30,5,2,1,1.0,4.0,13204,FRANCOISE DUPARC (BOULEVARD),M,"43,3057000","5,4009400",13,2019,50.0,1.0,1.0,7.0,2159011,1.0,1,1,1,5.0,,-1.0, -1,1998.0,C01,138Â 292Â 549,1.0,8.0,-1.0,1648513,1.0,7,,0.0,2.0,1.0,A01,138Â 292Â 550,1.0
965901,201900007432,7,3,23:30,5,2,1,1.0,4.0,13204,FRANCOISE DUPARC (BOULEVARD),M,"43,3057000","5,4009400",13,2019,50.0,1.0,1.0,7.0,2159012,1.0,1,1,1,5.0,,-1.0, -1,1988.0,A01,138Â 292Â 550,1.0,8.0,-1.0,1648511,1.0,7,,0.0,2.0,4.0,B01,138Â 292Â 548,1.0
965901,201900007432,7,3,23:30,5,2,1,1.0,4.0,13204,FRANCOISE DUPARC (BOULEVARD),M,"43,3057000","5,4009400",13,2019,50.0,1.0,1.0,7.0,2159012,1.0,1,1,1,5.0,,-1.0, -1,1988.0,A01,138Â 292Â 550,1.0,8.0,-1.0,1648512,1.0,7,,0.0,2.0,4.0,C01,138Â 292Â 549,1.0
965901,201900007432,7,3,23:30,5,2,1,1.0,4.0,13204,FRANCOISE DUPARC (BOULEVARD),M,"43,3057000","5,4009400",13,2019,50.0,1.0,1.0,7.0,2159012,1.0,1,1,1,5.0,,-1.0, -1,1988.0,A01,138Â 292Â 550,1.0,8.0,-1.0,1648513,1.0,7,,0.0,2.0,1.0,A01,138Â 292Â 550,1.0
965902,201900007433,7,3,08:50,1,2,1,1.0,2.0,13204,BLANCARDE (BOULEVARD),M,"43,3030090","5,4017760",13,2019,50.0,1.0,1.0,4.0,2159013,2.0,2,4,2,0.0,,-1.0, -1,1993.0,B01,138Â 292Â 546,1.0,8.0,-1.0,1648514,2.0,7,,0.0,2.0,6.0,B01,138Â 292Â 546,1.0
965902,201900007433,7,3,08:50,1,2,1,1.0,2.0,13204,BLANCARDE (BOULEVARD),M,"43,3030090","5,4017760",13,2019,50.0,1.0,1.0,4.0,2159013,2.0,2,4,2,0.0,,-1.0, -1,1993.0,B01,138Â 292Â 546,1.0,8.0,-1.0,1648515,2.0,15,,0.0,2.0,2.0,A01,138Â 292Â 547,1.0
965902,201900007433,7,3,08:50,1,2,1,1.0,2.0,13204,BLANCARDE (BOULEVARD),M,"43,3030090","5,4017760",13,2019,50.0,1.0,1.0,4.0,2159014,1.0,1,1,1,0.0,,-1.0, -1,1989.0,B01,138Â 292Â 546,1.0,8.0,-1.0,1648514,2.0,7,,0.0,2.0,6.0,B01,138Â 292Â 546,1.0
965902,201900007433,7,3,08:50,1,2,1,1.0,2.0,13204,BLANCARDE (BOULEVARD),M,"43,3030090","5,4017760",13,2019,50.0,1.0,1.0,4.0,2159014,1.0,1,1,1,0.0,,-1.0, -1,1989.0,B01,138Â 292Â 546,1.0,8.0,-1.0,1648515,2.0,15,,0.0,2.0,2.0,A01,138Â 292Â 547,1.0
965902,201900007433,7,3,08:50,1,2,1,1.0,2.0,13204,BLANCARDE (BOULEVARD),M,"43,3030090","5,4017760",13,2019,50.0,1.0,1.0,4.0,2159015,1.0,1,1,1,0.0,,-1.0, -1,1967.0,A01,138Â 292Â 547,1.0,8.0,-1.0,1648514,2.0,7,,0.0,2.0,6.0,B01,138Â 292Â 546,1.0
965902,201900007433,7,3,08:50,1,2,1,1.0,2.0,13204,BLANCARDE (BOULEVARD),M,"43,3030090","5,4017760",13,2019,50.0,1.0,1.0,4.0,2159015,1.0,1,1,1,0.0,,-1.0, -1,1967.0,A01,138Â 292Â 547,1.0,8.0,-1.0,1648515,2.0,15,,0.0,2.0,2.0,A01,138Â 292Â 547,1.0
965903,201900007434,3,18,19:30,2,2,1,1.0,6.0,75113,BOULEVARD PERIPHERIQUE,M,"48,8200040","2,3742250",75,2019,70.0,1.0,1.0,4.0,2159016,1.0,1,4,2,5.0,,0.0,0,1985.0,A01,138Â 292Â 543,2.0,6.0,-1.0,1648516,1.0,7,,0.0,2.0,8.0,Z01,138Â 292Â 542,1.0
965903,201900007434,3,18,19:30,2,2,1,1.0,6.0,75113,BOULEVARD PERIPHERIQUE,M,"48,8200040","2,3742250",75,2019,70.0,1.0,1.0,4.0,2159016,1.0,1,4,2,5.0,,0.0,0,1985.0,A01,138Â 292Â 543,2.0,6.0,-1.0,1648517,1.0,32,,0.0,2.0,7.0,A01,138Â 292Â 543,1.0
965904,201900007435,7,5,17:00,1,1,1,1.0,2.0,94021,AUTOROUTE A6A,M,"48,7635000","2,3418000",94,2019,90.0,1.0,1.0,1.0,2159017,1.0,1,1,1,0.0,,0.0,0,1986.0,A01,138Â 292Â 540,1.0,0.0,-1.0,1648518,1.0,3,,0.0,2.0,4.0,A01,138Â 292Â 540,1.0
965904,201900007435,7,5,17:00,1,1,1,1.0,2.0,94021,AUTOROUTE A6A,M,"48,7635000","2,3418000",94,2019,90.0,1.0,1.0,1.0,2159017,1.0,1,1,1,0.0,,0.0,0,1986.0,A01,138Â 292Â 540,1.0,0.0,-1.0,1648519,1.0,33,,0.0,2.0,1.0,B01,138Â 292Â 541,1.0
965904,201900007435,7,5,17:00,1,1,1,1.0,2.0,94021,AUTOROUTE A6A,M,"48,7635000","2,3418000",94,2019,90.0,1.0,1.0,1.0,2159018,1.0,1,4,1,0.0,,0.0,0,1992.0,B01,138Â 292Â 541,2.0,0.0,-1.0,1648518,1.0,3,,0.0,2.0,4.0,A01,138Â 292Â 540,1.0
965904,201900007435,7,5,17:00,1,1,1,1.0,2.0,94021,AUTOROUTE A6A,M,"48,7635000","2,3418000",94,2019,90.0,1.0,1.0,1.0,2159018,1.0,1,4,1,0.0,,0.0,0,1992.0,B01,138Â 292Â 541,2.0,0.0,-1.0,1648519,1.0,33,,0.0,2.0,1.0,B01,138Â 292Â 541,1.0
965905,201900007436,7,5,19:20,5,2,3,3.0,7.0,98818,COTE DE L'AMIRAL HALSEY/A. BARRAU,M," -22,2823100","166,4432400",988,2019,50.0,1.0,2.0,4.0,2159019,1.0,1,4,1,0.0,,-1.0, -1,1957.0,A01,138Â 292Â 539,2.0,2.0,-1.0,1648520,3.0,33,,0.0,0.0,1.0,A01,138Â 292Â 539,1.0
965906,201900007437,5,14,10:50,1,2,1,1.0,2.0,98818,AMPERE (RUE),M," -22,2315912","166,4487478",988,2019,50.0,1.0,1.0,4.0,2159020,2.0,2,4,2,0.0,,0.0,0,1955.0,B01,138Â 292Â 537,1.0,0.0,-1.0,1648521,1.0,7,,0.0,2.0,4.0,B01,138Â 292Â 537,1.0
965906,201900007437,5,14,10:50,1,2,1,1.0,2.0,98818,AMPERE (RUE),M," -22,2315912","166,4487478",988,2019,50.0,1.0,1.0,4.0,2159020,2.0,2,4,2,0.0,,0.0,0,1955.0,B01,138Â 292Â 537,1.0,0.0,-1.0,1648522,1.0,7,,0.0,2.0,1.0,A01,138Â 292Â 538,1.0
965906,201900007437,5,14,10:50,1,2,1,1.0,2.0,98818,AMPERE (RUE),M," -22,2315912","166,4487478",988,2019,50.0,1.0,1.0,4.0,2159021,1.0,1,1,1,0.0,,0.0,0,1955.0,B01,138Â 292Â 537,1.0,0.0,-1.0,1648521,1.0,7,,0.0,2.0,4.0,B01,138Â 292Â 537,1.0
965906,201900007437,5,14,10:50,1,2,1,1.0,2.0,98818,AMPERE (RUE),M," -22,2315912","166,4487478",988,2019,50.0,1.0,1.0,4.0,2159021,1.0,1,1,1,0.0,,0.0,0,1955.0,B01,138Â 292Â 537,1.0,0.0,-1.0,1648522,1.0,7,,0.0,2.0,1.0,A01,138Â 292Â 538,1.0
965906,201900007437,5,14,10:50,1,2,1,1.0,2.0,98818,AMPERE (RUE),M," -22,2315912","166,4487478",988,2019,50.0,1.0,1.0,4.0,2159022,1.0,1,1,1,0.0,,0.0,0,1994.0,A01,138Â 292Â 538,1.0,0.0,-1.0,1648521,1.0,7,,0.0,2.0,4.0,B01,138Â 292Â 537,1.0
965906,201900007437,5,14,10:50,1,2,1,1.0,2.0,98818,AMPERE (RUE),M," -22,2315912","166,4487478",988,2019,50.0,1.0,1.0,4.0,2159022,1.0,1,1,1,0.0,,0.0,0,1994.0,A01,138Â 292Â 538,1.0,0.0,-1.0,1648522,1.0,7,,0.0,2.0,1.0,A01,138Â 292Â 538,1.0
965907,201900007438,7,5,19:35,3,2,9,1.0,6.0,97611,kaweni-Mangrove (route de la),M," -12,7652100","45,2252400",976,2019,30.0,1.0,1.0,2.0,2159023,2.0,2,1,1,0.0,,-1.0,0,1991.0,A01,138Â 292Â 536,2.0,0.0,-1.0,1648523,2.0,30,,5.0,6.0,3.0,A01,138Â 292Â 536,6.0
965907,201900007438,7,5,19:35,3,2,9,1.0,6.0,97611,kaweni-Mangrove (route de la),M," -12,7652100","45,2252400",976,2019,30.0,1.0,1.0,2.0,2159024,1.0,1,4,1,9.0,,-1.0,0,1968.0,A01,138Â 292Â 536,2.0,8.0,-1.0,1648523,2.0,30,,5.0,6.0,3.0,A01,138Â 292Â 536,6.0
965908,201900007439,7,4,12:15,1,2,1,1.0,6.0,97611,kaweni-Centrale (rue),M," -12,7660860","45,2249870",976,2019,45.0,1.0,1.0,2.0,2159025,2.0,1,4,1,9.0,,-1.0,0,1959.0,A01,138Â 292Â 535,2.0,8.0,-1.0,1648524,1.0,32,,14.0,1.0,3.0,A01,138Â 292Â 535,6.0
965909,201900007440,7,4,08:40,1,2,1,1.0,7.0,97611,kaweni-Mangrove (route de la),M," -12,7652750","45,2251540",976,2019,50.0,1.0,1.0,2.0,2159026,1.0,2,1,1,9.0,,-1.0,0,1987.0,B01,138Â 292Â 534,2.0,8.0,-1.0,1648525,2.0,32,,0.0,0.0,0.0,B01,138Â 292Â 534,0.0
965909,201900007440,7,4,08:40,1,2,1,1.0,7.0,97611,kaweni-Mangrove (route de la),M," -12,7652750","45,2251540",976,2019,50.0,1.0,1.0,2.0,2159027,1.0,1,4,1,0.0,,-1.0,0,1965.0,B01,138Â 292Â 534,2.0,2.0,-1.0,1648525,2.0,32,,0.0,0.0,0.0,B01,138Â 292Â 534,0.0
965910,201900007441,7,4,11:30,1,1,9,1.0,2.0,97416,GAULLE (RUE DU GENERAL DE),M," -21,2901070","55,4654840",974,2019,50.0,3.0,1.0,9.0,2159028,1.0,1,1,1,9.0,,-1.0,0,1969.0,B01,138Â 292Â 532,1.0,5.0,-1.0,1648526,1.0,7,,0.0,2.0,5.0,B01,138Â 292Â 532,1.0
965910,201900007441,7,4,11:30,1,1,9,1.0,2.0,97416,GAULLE (RUE DU GENERAL DE),M," -21,2901070","55,4654840",974,2019,50.0,3.0,1.0,9.0,2159028,1.0,1,1,1,9.0,,-1.0,0,1969.0,B01,138Â 292Â 532,1.0,5.0,-1.0,1648527,1.0,7,,0.0,2.0,6.0,A01,138Â 292Â 533,1.0
965910,201900007441,7,4,11:30,1,1,9,1.0,2.0,97416,GAULLE (RUE DU GENERAL DE),M," -21,2901070","55,4654840",974,2019,50.0,3.0,1.0,9.0,2159029,1.0,1,4,2,9.0,,-1.0, -1,1987.0,A01,138Â 292Â 533,1.0,5.0,-1.0,1648526,1.0,7,,0.0,2.0,5.0,B01,138Â 292Â 532,1.0
965910,201900007441,7,4,11:30,1,1,9,1.0,2.0,97416,GAULLE (RUE DU GENERAL DE),M," -21,2901070","55,4654840",974,2019,50.0,3.0,1.0,9.0,2159029,1.0,1,4,2,9.0,,-1.0, -1,1987.0,A01,138Â 292Â 533,1.0,5.0,-1.0,1648527,1.0,7,,0.0,2.0,6.0,A01,138Â 292Â 533,1.0
965911,201900007442,7,6,13:50,1,2,1,1.0,6.0,97411,ANJOU (RUE DE L'),M," -20,9018400","55,4907200",974,2019,50.0,1.0,1.0,4.0,2159030,1.0,1,4,1,5.0,,-1.0, -1,2006.0,A01,138Â 292Â 531,8.0,0.0,-1.0,1648528,1.0,1,,1.0,0.0,2.0,A01,138Â 292Â 531,6.0
965912,201900007443,7,5,05:00,5,2,1,1.0,2.0,97411,GARROS (ROLAND),M," -20,8815600","55,4554400",974,2019,50.0,1.0,1.0,4.0,2159031,1.0,1,3,1,0.0,,-1.0, -1,1975.0,A01,138Â 292Â 529,8.0,0.0,-1.0,1648529,1.0,7,,0.0,2.0,1.0,A01,138Â 292Â 529,1.0
965912,201900007443,7,5,05:00,5,2,1,1.0,2.0,97411,GARROS (ROLAND),M," -20,8815600","55,4554400",974,2019,50.0,1.0,1.0,4.0,2159031,1.0,1,3,1,0.0,,-1.0, -1,1975.0,A01,138Â 292Â 529,8.0,0.0,-1.0,1648530,1.0,14,,0.0,2.0,4.0,B01,138Â 292Â 530,1.0
965912,201900007443,7,5,05:00,5,2,1,1.0,2.0,97411,GARROS (ROLAND),M," -20,8815600","55,4554400",974,2019,50.0,1.0,1.0,4.0,2159032,5.0,2,4,1,4.0,,-1.0, -1,1977.0,B01,138Â 292Â 530,8.0,4.0,-1.0,1648529,1.0,7,,0.0,2.0,1.0,A01,138Â 292Â 529,1.0
965912,201900007443,7,5,05:00,5,2,1,1.0,2.0,97411,GARROS (ROLAND),M," -20,8815600","55,4554400",974,2019,50.0,1.0,1.0,4.0,2159032,5.0,2,4,1,4.0,,-1.0, -1,1977.0,B01,138Â 292Â 530,8.0,4.0,-1.0,1648530,1.0,14,,0.0,2.0,4.0,B01,138Â 292Â 530,1.0
965912,201900007443,7,5,05:00,5,2,1,1.0,2.0,97411,GARROS (ROLAND),M," -20,8815600","55,4554400",974,2019,50.0,1.0,1.0,4.0,2159033,1.0,1,4,1,4.0,,-1.0, -1,1973.0,B01,138Â 292Â 530,8.0,4.0,-1.0,1648529,1.0,7,,0.0,2.0,1.0,A01,138Â 292Â 529,1.0
965912,201900007443,7,5,05:00,5,2,1,1.0,2.0,97411,GARROS (ROLAND),M," -20,8815600","55,4554400",974,2019,50.0,1.0,1.0,4.0,2159033,1.0,1,4,1,4.0,,-1.0, -1,1973.0,B01,138Â 292Â 530,8.0,4.0,-1.0,1648530,1.0,14,,0.0,2.0,4.0,B01,138Â 292Â 530,1.0
965913,201900007444,7,4,14:35,1,2,1,1.0,6.0,97411,GANDHI (BOULEVARD DU MAHATMA),M," -20,9091300","55,4825300",974,2019,50.0,1.0,1.0,4.0,2159034,10.0,3,4,1,5.0,,2.0,3,2013.0,A01,138Â 292Â 528,8.0,0.0,-1.0,1648531,3.0,7,,0.0,1.0,1.0,A01,138Â 292Â 528,1.0
965913,201900007444,7,4,14:35,1,2,1,1.0,6.0,97411,GANDHI (BOULEVARD DU MAHATMA),M," -20,9091300","55,4825300",974,2019,50.0,1.0,1.0,4.0,2159035,1.0,1,1,1,5.0,,-1.0, -1,1957.0,A01,138Â 292Â 528,1.0,8.0,-1.0,1648531,3.0,7,,0.0,1.0,1.0,A01,138Â 292Â 528,1.0
965914,201900007445,7,4,13:45,1,2,3,1.0,3.0,97411,MACE (BOULEVARD GABRIEL),M," -20,8726300","55,4489600",974,2019,50.0,1.0,1.0,2.0,2159036,1.0,1,1,1,0.0,,-1.0, -1,1999.0,A01,138Â 292Â 526,1.0,0.0,-1.0,1648532,3.0,7,,0.0,2.0,1.0,A01,138Â 292Â 526,1.0
965914,201900007445,7,4,13:45,1,2,3,1.0,3.0,97411,MACE (BOULEVARD GABRIEL),M," -20,8726300","55,4489600",974,2019,50.0,1.0,1.0,2.0,2159036,1.0,1,1,1,0.0,,-1.0, -1,1999.0,A01,138Â 292Â 526,1.0,0.0,-1.0,1648533,3.0,33,,0.0,2.0,7.0,B01,138Â 292Â 527,1.0
965914,201900007445,7,4,13:45,1,2,3,1.0,3.0,97411,MACE (BOULEVARD GABRIEL),M," -20,8726300","55,4489600",974,2019,50.0,1.0,1.0,2.0,2159037,1.0,1,4,1,1.0,,-1.0, -1,1970.0,B01,138Â 292Â 527,2.0,0.0,-1.0,1648532,3.0,7,,0.0,2.0,1.0,A01,138Â 292Â 526,1.0
965914,201900007445,7,4,13:45,1,2,3,1.0,3.0,97411,MACE (BOULEVARD GABRIEL),M," -20,8726300","55,4489600",974,2019,50.0,1.0,1.0,2.0,2159037,1.0,1,4,1,1.0,,-1.0, -1,1970.0,B01,138Â 292Â 527,2.0,0.0,-1.0,1648533,3.0,33,,0.0,2.0,7.0,B01,138Â 292Â 527,1.0
965915,201900007446,7,4,08:10,1,2,1,1.0,6.0,97411,RUISSEAU BLANC (CHEMIN DU),M," -20,8948890","55,4122934",974,2019,50.0,1.0,1.0,4.0,2159038,10.0,3,4,2,3.0,,3.0,3,1949.0,A01,138Â 292Â 525,8.0,0.0,-1.0,1648534,2.0,7,,0.0,1.0,2.0,A01,138Â 292Â 525,1.0
965915,201900007446,7,4,08:10,1,2,1,1.0,6.0,97411,RUISSEAU BLANC (CHEMIN DU),M," -20,8948890","55,4122934",974,2019,50.0,1.0,1.0,4.0,2159039,1.0,1,1,1,4.0,,-1.0,0,1980.0,A01,138Â 292Â 525,8.0,0.0,-1.0,1648534,2.0,7,,0.0,1.0,2.0,A01,138Â 292Â 525,1.0
965916,201900007447,7,5,16:40,1,2,2,1.0,6.0,97407,FERRY (RUE),M," -20,9356460","55,2966700",974,2019,50.0,2.0,1.0,4.0,2159040,1.0,1,1,2,5.0,,0.0,0,1986.0,A01,138Â 292Â 524,1.0,8.0,-1.0,1648535,1.0,7,,0.0,1.0,1.0,A01,138Â 292Â 524,1.0
965916,201900007447,7,5,16:40,1,2,2,1.0,6.0,97407,FERRY (RUE),M," -20,9356460","55,2966700",974,2019,50.0,2.0,1.0,4.0,2159041,10.0,3,4,2,5.0,,3.0,3,2004.0,A01,138Â 292Â 524,8.0,0.0,-1.0,1648535,1.0,7,,0.0,1.0,1.0,A01,138Â 292Â 524,1.0
965916,201900007447,7,5,16:40,1,2,2,1.0,6.0,97407,FERRY (RUE),M," -20,9356460","55,2966700",974,2019,50.0,2.0,1.0,4.0,2159042,10.0,3,1,2,5.0,,3.0,3,2000.0,A01,138Â 292Â 524,8.0,0.0,-1.0,1648535,1.0,7,,0.0,1.0,1.0,A01,138Â 292Â 524,1.0
965917,201900007448,7,3,18:15,3,1,9,1.0,6.0,97407,ROUTE DU SACRE COEUR,M," -20,9562000","55,3124000",974,2019,30.0,1.0,1.0,2.0,2159043,1.0,1,1,1,1.0,,0.0,0,1962.0,A01,138Â 292Â 523,1.0,0.0,-1.0,1648536,2.0,7,,0.0,1.0,3.0,A01,138Â 292Â 523,1.0
965917,201900007448,7,3,18:15,3,1,9,1.0,6.0,97407,ROUTE DU SACRE COEUR,M," -20,9562000","55,3124000",974,2019,30.0,1.0,1.0,2.0,2159044,10.0,3,3,1,5.0,,3.0,3,1954.0,A01,138Â 292Â 523,8.0,0.0,-1.0,1648536,2.0,7,,0.0,1.0,3.0,A01,138Â 292Â 523,1.0
965918,201900007449,7,5,19:10,3,2,1,1.0,2.0,97302,FAUBOURG L'ABRI (CITE),M,"4,9363347"," -52,3222589",973,2019,50.0,1.0,1.0,4.0,2159045,1.0,1,1,1,9.0,,-1.0,0,1969.0,B01,138Â 292Â 521,1.0,8.0,-1.0,1648537,1.0,7,,0.0,0.0,0.0,B01,138Â 292Â 521,1.0
965918,201900007449,7,5,19:10,3,2,1,1.0,2.0,97302,FAUBOURG L'ABRI (CITE),M,"4,9363347"," -52,3222589",973,2019,50.0,1.0,1.0,4.0,2159045,1.0,1,1,1,9.0,,-1.0,0,1969.0,B01,138Â 292Â 521,1.0,8.0,-1.0,1648538,1.0,7,,0.0,1.0,2.0,A01,138Â 292Â 522,1.0