Unnamed: 0_x,num_acc,mois,jour,hrmn,lum,agg,int,atm,col,com,adr,gps,lat,long,dep,annee,vma,situ,surf,catr,Unnamed: 0_y,place,catu,grav,sexe,trajet,secu,locp,actp,an_nais,num_veh_x,id_vehicule_x,secu1,secu2,secu3,Unnamed: 0,senc,catv,occutc,obs,obsm,choc,num_veh_y,id_vehicule_y,motor
965918,201900007449,7,5,19:10,3,2,1,1.0,2.0,97302,FAUBOURG L'ABRI (CITE),M,"4,9363347"," -52,3222589",973,2019,50.0,1.0,1.0,4.0,2159046,10.0,3,4,1,9.0,,5.0,1,1962.0,A01,138Â 292Â 522,8.0,0.0,-1.0,1648537,1.0,7,,0.0,0.0,0.0,B01,138Â 292Â 521,1.0
965918,201900007449,7,5,19:10,3,2,1,1.0,2.0,97302,FAUBOURG L'ABRI (CITE),M,"4,9363347"," -52,3222589",973,2019,50.0,1.0,1.0,4.0,2159046,10.0,3,4,1,9.0,,5.0,1,1962.0,A01,138Â 292Â 522,8.0,0.0,-1.0,1648538,1.0,7,,0.0,1.0,2.0,A01,138Â 292Â 522,1.0
965918,201900007449,7,5,19:10,3,2,1,1.0,2.0,97302,FAUBOURG L'ABRI (CITE),M,"4,9363347"," -52,3222589",973,2019,50.0,1.0,1.0,4.0,2159047,1.0,1,1,1,9.0,,-1.0,0,1972.0,A01,138Â 292Â 522,1.0,8.0,-1.0,1648537,1.0,7,,0.0,0.0,0.0,B01,138Â 292Â 521,1.0
965918,201900007449,7,5,19:10,3,2,1,1.0,2.0,97302,FAUBOURG L'ABRI (CITE),M,"4,9363347"," -52,3222589",973,2019,50.0,1.0,1.0,4.0,2159047,1.0,1,1,1,9.0,,-1.0,0,1972.0,A01,138Â 292Â 522,1.0,8.0,-1.0,1648538,1.0,7,,0.0,1.0,2.0,A01,138Â 292Â 522,1.0
965919,201900007450,7,4,18:15,2,2,1,1.0,3.0,97302,ZEPHIR (ROCADE),M,"4,9359285"," -52,3076677",973,2019,50.0,1.0,1.0,3.0,2159048,1.0,1,2,1,0.0,,-1.0,0,1983.0,B01,138Â 292Â 519,2.0,0.0,-1.0,1648539,2.0,33,,8.0,2.0,8.0,B01,138Â 292Â 519,1.0
965919,201900007450,7,4,18:15,2,2,1,1.0,3.0,97302,ZEPHIR (ROCADE),M,"4,9359285"," -52,3076677",973,2019,50.0,1.0,1.0,3.0,2159048,1.0,1,2,1,0.0,,-1.0,0,1983.0,B01,138Â 292Â 519,2.0,0.0,-1.0,1648540,1.0,7,,8.0,2.0,1.0,A01,138Â 292Â 520,1.0
965919,201900007450,7,4,18:15,2,2,1,1.0,3.0,97302,ZEPHIR (ROCADE),M,"4,9359285"," -52,3076677",973,2019,50.0,1.0,1.0,3.0,2159049,1.0,1,4,1,9.0,,-1.0,0,1964.0,A01,138Â 292Â 520,1.0,8.0,-1.0,1648539,2.0,33,,8.0,2.0,8.0,B01,138Â 292Â 519,1.0
965919,201900007450,7,4,18:15,2,2,1,1.0,3.0,97302,ZEPHIR (ROCADE),M,"4,9359285"," -52,3076677",973,2019,50.0,1.0,1.0,3.0,2159049,1.0,1,4,1,9.0,,-1.0,0,1964.0,A01,138Â 292Â 520,1.0,8.0,-1.0,1648540,1.0,7,,8.0,2.0,1.0,A01,138Â 292Â 520,1.0
965920,201900007451,7,6,21:10,3,2,9,2.0,2.0,69387,CHAMBAUD DE LA BRUYERE              (BD),M,"45,7225392","4,8423086",69,2019,50.0,1.0,2.0,4.0,2159050,1.0,1,4,1,5.0,,-1.0, -1,1996.0,B01,138Â 292Â 518,1.0,0.0,-1.0,1648541,2.0,7,,0.0,2.0,1.0,A01,138Â 292Â 517,0.0
965920,201900007451,7,6,21:10,3,2,9,2.0,2.0,69387,CHAMBAUD DE LA BRUYERE              (BD),M,"45,7225392","4,8423086",69,2019,50.0,1.0,2.0,4.0,2159050,1.0,1,4,1,5.0,,-1.0, -1,1996.0,B01,138Â 292Â 518,1.0,0.0,-1.0,1648542,2.0,7,,0.0,0.0,4.0,B01,138Â 292Â 518,1.0
965920,201900007451,7,6,21:10,3,2,9,2.0,2.0,69387,CHAMBAUD DE LA BRUYERE              (BD),M,"45,7225392","4,8423086",69,2019,50.0,1.0,2.0,4.0,2159051,2.0,2,4,2,5.0,,0.0,0,1996.0,B01,138Â 292Â 518,1.0,0.0,-1.0,1648541,2.0,7,,0.0,2.0,1.0,A01,138Â 292Â 517,0.0
965920,201900007451,7,6,21:10,3,2,9,2.0,2.0,69387,CHAMBAUD DE LA BRUYERE              (BD),M,"45,7225392","4,8423086",69,2019,50.0,1.0,2.0,4.0,2159051,2.0,2,4,2,5.0,,0.0,0,1996.0,B01,138Â 292Â 518,1.0,0.0,-1.0,1648542,2.0,7,,0.0,0.0,4.0,B01,138Â 292Â 518,1.0
965921,201900007452,7,6,21:20,5,2,1,8.0,2.0,69259,IRENE JOLIOT CURIE                  (BD),M,"45,7114600","4,8814400",69,2019,50.0,1.0,2.0,4.0,2159052,1.0,1,4,2,5.0,,0.0,0,1991.0,B01,138Â 292Â 516,1.0,0.0,-1.0,1648543,1.0,2,,0.0,2.0,1.0,A01,138Â 292Â 515,0.0
965921,201900007452,7,6,21:20,5,2,1,8.0,2.0,69259,IRENE JOLIOT CURIE                  (BD),M,"45,7114600","4,8814400",69,2019,50.0,1.0,2.0,4.0,2159052,1.0,1,4,2,5.0,,0.0,0,1991.0,B01,138Â 292Â 516,1.0,0.0,-1.0,1648544,1.0,10,,0.0,2.0,6.0,B01,138Â 292Â 516,1.0
965921,201900007452,7,6,21:20,5,2,1,8.0,2.0,69259,IRENE JOLIOT CURIE                  (BD),M,"45,7114600","4,8814400",69,2019,50.0,1.0,2.0,4.0,2159053,2.0,2,4,2,5.0,,0.0,0,1986.0,B01,138Â 292Â 516,1.0,0.0,-1.0,1648543,1.0,2,,0.0,2.0,1.0,A01,138Â 292Â 515,0.0
965921,201900007452,7,6,21:20,5,2,1,8.0,2.0,69259,IRENE JOLIOT CURIE                  (BD),M,"45,7114600","4,8814400",69,2019,50.0,1.0,2.0,4.0,2159053,2.0,2,4,2,5.0,,0.0,0,1986.0,B01,138Â 292Â 516,1.0,0.0,-1.0,1648544,1.0,10,,0.0,2.0,6.0,B01,138Â 292Â 516,1.0
965922,201900007453,7,6,13:10,1,2,1,1.0,7.0,69388,ETATS UNIS (DES)                    (BD),M,"45,7301100","4,8671700",69,2019,50.0,1.0,1.0,4.0,2159054,1.0,1,1,1,5.0,,0.0,0,1987.0,A01,138Â 292Â 514,1.0,0.0,-1.0,1648545,2.0,7,,0.0,1.0,1.0,A01,138Â 292Â 514,1.0
965922,201900007453,7,6,13:10,1,2,1,1.0,7.0,69388,ETATS UNIS (DES)                    (BD),M,"45,7301100","4,8671700",69,2019,50.0,1.0,1.0,4.0,2159055,10.0,3,4,1,5.0,,3.0,3,1977.0,A01,138Â 292Â 514,8.0,0.0,-1.0,1648545,2.0,7,,0.0,1.0,1.0,A01,138Â 292Â 514,1.0
965923,201900007454,7,6,08:00,1,2,2,1.0,3.0,69259,ROMAIN ROLLAND                      (R ),M,"45,7011400","4,8788300",69,2019,50.0,1.0,1.0,4.0,2159056,1.0,1,4,2,0.0,,0.0,0,1993.0,B01,138Â 292Â 512,1.0,0.0,-1.0,1648546,1.0,7,,0.0,2.0,2.0,B01,138Â 292Â 512,1.0
965923,201900007454,7,6,08:00,1,2,2,1.0,3.0,69259,ROMAIN ROLLAND                      (R ),M,"45,7011400","4,8788300",69,2019,50.0,1.0,1.0,4.0,2159056,1.0,1,4,2,0.0,,0.0,0,1993.0,B01,138Â 292Â 512,1.0,0.0,-1.0,1648547,1.0,7,,0.0,2.0,8.0,A01,138Â 292Â 513,1.0
965923,201900007454,7,6,08:00,1,2,2,1.0,3.0,69259,ROMAIN ROLLAND                      (R ),M,"45,7011400","4,8788300",69,2019,50.0,1.0,1.0,4.0,2159057,1.0,1,1,1,0.0,,0.0,0,1953.0,A01,138Â 292Â 513,1.0,0.0,-1.0,1648546,1.0,7,,0.0,2.0,2.0,B01,138Â 292Â 512,1.0
965923,201900007454,7,6,08:00,1,2,2,1.0,3.0,69259,ROMAIN ROLLAND                      (R ),M,"45,7011400","4,8788300",69,2019,50.0,1.0,1.0,4.0,2159057,1.0,1,1,1,0.0,,0.0,0,1953.0,A01,138Â 292Â 513,1.0,0.0,-1.0,1648547,1.0,7,,0.0,2.0,8.0,A01,138Â 292Â 513,1.0
965924,201900007455,7,4,18:00,1,2,9,1.0,7.0,69386,MARECHAL FOCH (DU)                  (AV),M,"45,7692133","4,8437698",69,2019,50.0,1.0,1.0,4.0,2159058,10.0,3,3,1,0.0,,2.0,3,1998.0,A01,138Â 292Â 511,8.0,0.0,-1.0,1648548,0.0,32,,0.0,1.0,0.0,A01,138Â 292Â 511,0.0
965925,201900007456,7,5,07:15,1,2,3,1.0,1.0,69386,GENERAL SARRAIL (DU)                (QU),M,"45,7670400","4,8413200",69,2019,50.0,1.0,1.0,4.0,2159059,1.0,1,4,1,0.0,,0.0,0,1989.0,A01,138Â 292Â 509,1.0,0.0,-1.0,1648549,1.0,7,,0.0,1.0,1.0,A01,138Â 292Â 509,0.0
965925,201900007456,7,5,07:15,1,2,3,1.0,1.0,69386,GENERAL SARRAIL (DU)                (QU),M,"45,7670400","4,8413200",69,2019,50.0,1.0,1.0,4.0,2159059,1.0,1,4,1,0.0,,0.0,0,1989.0,A01,138Â 292Â 509,1.0,0.0,-1.0,1648550,0.0,1,,0.0,0.0,0.0,B01,138Â 292Â 510,0.0
965926,201900007457,7,4,21:25,2,2,1,1.0,1.0,69259,JODINO (DE)                         (BD),M,"45,6912700","4,8836200",69,2019,50.0,1.0,1.0,7.0,2159060,1.0,1,2,1,0.0,,0.0,0,2002.0,A01,138Â 292Â 507,8.0,0.0,-1.0,1648551,2.0,50,,0.0,2.0,0.0,A01,138Â 292Â 507,3.0
965926,201900007457,7,4,21:25,2,2,1,1.0,1.0,69259,JODINO (DE)                         (BD),M,"45,6912700","4,8836200",69,2019,50.0,1.0,1.0,7.0,2159060,1.0,1,2,1,0.0,,0.0,0,2002.0,A01,138Â 292Â 507,8.0,0.0,-1.0,1648552,1.0,7,,0.0,2.0,1.0,B01,138Â 292Â 508,0.0
965926,201900007457,7,4,21:25,2,2,1,1.0,1.0,69259,JODINO (DE)                         (BD),M,"45,6912700","4,8836200",69,2019,50.0,1.0,1.0,7.0,2159061,1.0,1,1,1,-1.0,,-1.0, -1,1999.0,B01,138Â 292Â 508,8.0,8.0,8.0,1648551,2.0,50,,0.0,2.0,0.0,A01,138Â 292Â 507,3.0
965926,201900007457,7,4,21:25,2,2,1,1.0,1.0,69259,JODINO (DE)                         (BD),M,"45,6912700","4,8836200",69,2019,50.0,1.0,1.0,7.0,2159061,1.0,1,1,1,-1.0,,-1.0, -1,1999.0,B01,138Â 292Â 508,8.0,8.0,8.0,1648552,1.0,7,,0.0,2.0,1.0,B01,138Â 292Â 508,0.0
965927,201900007458,7,4,15:30,1,2,9,1.0,2.0,69259,AMBROISE CROIZAT                    (BD),M,"45,7054981","4,8874684",69,2019,30.0,1.0,1.0,3.0,2159062,1.0,1,4,2,0.0,,0.0,0,1988.0,A01,138Â 292Â 505,1.0,0.0,-1.0,1648553,0.0,7,,0.0,2.0,0.0,A01,138Â 292Â 505,0.0
965927,201900007458,7,4,15:30,1,2,9,1.0,2.0,69259,AMBROISE CROIZAT                    (BD),M,"45,7054981","4,8874684",69,2019,30.0,1.0,1.0,3.0,2159062,1.0,1,4,2,0.0,,0.0,0,1988.0,A01,138Â 292Â 505,1.0,0.0,-1.0,1648554,0.0,7,,0.0,1.0,0.0,B01,138Â 292Â 506,0.0
965927,201900007458,7,4,15:30,1,2,9,1.0,2.0,69259,AMBROISE CROIZAT                    (BD),M,"45,7054981","4,8874684",69,2019,30.0,1.0,1.0,3.0,2159063,2.0,2,4,2,9.0,,0.0,0,1996.0,A01,138Â 292Â 505,1.0,0.0,-1.0,1648553,0.0,7,,0.0,2.0,0.0,A01,138Â 292Â 505,0.0
965927,201900007458,7,4,15:30,1,2,9,1.0,2.0,69259,AMBROISE CROIZAT                    (BD),M,"45,7054981","4,8874684",69,2019,30.0,1.0,1.0,3.0,2159063,2.0,2,4,2,9.0,,0.0,0,1996.0,A01,138Â 292Â 505,1.0,0.0,-1.0,1648554,0.0,7,,0.0,1.0,0.0,B01,138Â 292Â 506,0.0
965927,201900007458,7,4,15:30,1,2,9,1.0,2.0,69259,AMBROISE CROIZAT                    (BD),M,"45,7054981","4,8874684",69,2019,30.0,1.0,1.0,3.0,2159064,10.0,3,4,2,0.0,,2.0,3,1983.0,B01,138Â 292Â 506,8.0,0.0,-1.0,1648553,0.0,7,,0.0,2.0,0.0,A01,138Â 292Â 505,0.0
965927,201900007458,7,4,15:30,1,2,9,1.0,2.0,69259,AMBROISE CROIZAT                    (BD),M,"45,7054981","4,8874684",69,2019,30.0,1.0,1.0,3.0,2159064,10.0,3,4,2,0.0,,2.0,3,1983.0,B01,138Â 292Â 506,8.0,0.0,-1.0,1648554,0.0,7,,0.0,1.0,0.0,B01,138Â 292Â 506,0.0
965927,201900007458,7,4,15:30,1,2,9,1.0,2.0,69259,AMBROISE CROIZAT                    (BD),M,"45,7054981","4,8874684",69,2019,30.0,1.0,1.0,3.0,2159065,1.0,1,1,1,4.0,,0.0,0,1960.0,B01,138Â 292Â 506,1.0,0.0,-1.0,1648553,0.0,7,,0.0,2.0,0.0,A01,138Â 292Â 505,0.0
965927,201900007458,7,4,15:30,1,2,9,1.0,2.0,69259,AMBROISE CROIZAT                    (BD),M,"45,7054981","4,8874684",69,2019,30.0,1.0,1.0,3.0,2159065,1.0,1,1,1,4.0,,0.0,0,1960.0,B01,138Â 292Â 506,1.0,0.0,-1.0,1648554,0.0,7,,0.0,1.0,0.0,B01,138Â 292Â 506,0.0
965927,201900007458,7,4,15:30,1,2,9,1.0,2.0,69259,AMBROISE CROIZAT                    (BD),M,"45,7054981","4,8874684",69,2019,30.0,1.0,1.0,3.0,2159066,10.0,3,4,2,9.0,,4.0,3,1986.0,B01,138Â 292Â 506,8.0,0.0,-1.0,1648553,0.0,7,,0.0,2.0,0.0,A01,138Â 292Â 505,0.0
965927,201900007458,7,4,15:30,1,2,9,1.0,2.0,69259,AMBROISE CROIZAT                    (BD),M,"45,7054981","4,8874684",69,2019,30.0,1.0,1.0,3.0,2159066,10.0,3,4,2,9.0,,4.0,3,1986.0,B01,138Â 292Â 506,8.0,0.0,-1.0,1648554,0.0,7,,0.0,1.0,0.0,B01,138Â 292Â 506,0.0
965928,201900007459,7,4,08:10,1,1,1,3.0,3.0,97213,MORNE PITAULT (ROUTE DE),M,"14,0000000"," -60,9674900",972,2019,50.0,1.0,2.0,4.0,2159067,1.0,1,1,1,9.0,,-1.0,0,1985.0,B01,138Â 292Â 503,1.0,0.0,-1.0,1648555,2.0,3,,0.0,2.0,9.0,B01,138Â 292Â 503,0.0
965928,201900007459,7,4,08:10,1,1,1,3.0,3.0,97213,MORNE PITAULT (ROUTE DE),M,"14,0000000"," -60,9674900",972,2019,50.0,1.0,2.0,4.0,2159067,1.0,1,1,1,9.0,,-1.0,0,1985.0,B01,138Â 292Â 503,1.0,0.0,-1.0,1648556,1.0,3,,0.0,2.0,5.0,A01,138Â 292Â 504,0.0
965928,201900007459,7,4,08:10,1,1,1,3.0,3.0,97213,MORNE PITAULT (ROUTE DE),M,"14,0000000"," -60,9674900",972,2019,50.0,1.0,2.0,4.0,2159068,1.0,1,4,2,0.0,,-1.0,0,1993.0,A01,138Â 292Â 504,1.0,8.0,-1.0,1648555,2.0,3,,0.0,2.0,9.0,B01,138Â 292Â 503,0.0
965928,201900007459,7,4,08:10,1,1,1,3.0,3.0,97213,MORNE PITAULT (ROUTE DE),M,"14,0000000"," -60,9674900",972,2019,50.0,1.0,2.0,4.0,2159068,1.0,1,4,2,0.0,,-1.0,0,1993.0,A01,138Â 292Â 504,1.0,8.0,-1.0,1648556,1.0,3,,0.0,2.0,5.0,A01,138Â 292Â 504,0.0
965929,201900007460,7,6,05:20,2,2,2,1.0,6.0,97209,Bretelle sortie A1,M,"14,6144400"," -61,0511900",972,2019,50.0,1.0,1.0,1.0,2159069,1.0,1,1,1,5.0,,-1.0,0,1994.0,A01,138Â 292Â 500,1.0,0.0,-1.0,1648557,2.0,7,,0.0,2.0,1.0,A01,138Â 292Â 500,1.0
965929,201900007460,7,6,05:20,2,2,2,1.0,6.0,97209,Bretelle sortie A1,M,"14,6144400"," -61,0511900",972,2019,50.0,1.0,1.0,1.0,2159069,1.0,1,1,1,5.0,,-1.0,0,1994.0,A01,138Â 292Â 500,1.0,0.0,-1.0,1648558,2.0,7,,8.0,2.0,4.0,B01,138Â 292Â 501,1.0
965929,201900007460,7,6,05:20,2,2,2,1.0,6.0,97209,Bretelle sortie A1,M,"14,6144400"," -61,0511900",972,2019,50.0,1.0,1.0,1.0,2159069,1.0,1,1,1,5.0,,-1.0,0,1994.0,A01,138Â 292Â 500,1.0,0.0,-1.0,1648559,2.0,10,,8.0,2.0,5.0,C01,138Â 292Â 502,1.0
965929,201900007460,7,6,05:20,2,2,2,1.0,6.0,97209,Bretelle sortie A1,M,"14,6144400"," -61,0511900",972,2019,50.0,1.0,1.0,1.0,2159070,1.0,1,4,2,5.0,,-1.0,0,1993.0,B01,138Â 292Â 501,1.0,0.0,-1.0,1648557,2.0,7,,0.0,2.0,1.0,A01,138Â 292Â 500,1.0
965929,201900007460,7,6,05:20,2,2,2,1.0,6.0,97209,Bretelle sortie A1,M,"14,6144400"," -61,0511900",972,2019,50.0,1.0,1.0,1.0,2159070,1.0,1,4,2,5.0,,-1.0,0,1993.0,B01,138Â 292Â 501,1.0,0.0,-1.0,1648558,2.0,7,,8.0,2.0,4.0,B01,138Â 292Â 501,1.0
965929,201900007460,7,6,05:20,2,2,2,1.0,6.0,97209,Bretelle sortie A1,M,"14,6144400"," -61,0511900",972,2019,50.0,1.0,1.0,1.0,2159070,1.0,1,4,2,5.0,,-1.0,0,1993.0,B01,138Â 292Â 501,1.0,0.0,-1.0,1648559,2.0,10,,8.0,2.0,5.0,C01,138Â 292Â 502,1.0
965929,201900007460,7,6,05:20,2,2,2,1.0,6.0,97209,Bretelle sortie A1,M,"14,6144400"," -61,0511900",972,2019,50.0,1.0,1.0,1.0,2159071,1.0,1,1,1,5.0,,-1.0,0,1968.0,C01,138Â 292Â 502,1.0,0.0,-1.0,1648557,2.0,7,,0.0,2.0,1.0,A01,138Â 292Â 500,1.0
965929,201900007460,7,6,05:20,2,2,2,1.0,6.0,97209,Bretelle sortie A1,M,"14,6144400"," -61,0511900",972,2019,50.0,1.0,1.0,1.0,2159071,1.0,1,1,1,5.0,,-1.0,0,1968.0,C01,138Â 292Â 502,1.0,0.0,-1.0,1648558,2.0,7,,8.0,2.0,4.0,B01,138Â 292Â 501,1.0
965929,201900007460,7,6,05:20,2,2,2,1.0,6.0,97209,Bretelle sortie A1,M,"14,6144400"," -61,0511900",972,2019,50.0,1.0,1.0,1.0,2159071,1.0,1,1,1,5.0,,-1.0,0,1968.0,C01,138Â 292Â 502,1.0,0.0,-1.0,1648559,2.0,10,,8.0,2.0,5.0,C01,138Â 292Â 502,1.0
965930,201900007461,7,5,01:30,5,2,2,1.0,2.0,69149,GRANDE RUE                          (GR),M,"45,7168500","4,8096200",69,2019,50.0,1.0,1.0,7.0,2159072,1.0,1,4,1,5.0,,0.0,0,1986.0,B01,138Â 292Â 498,2.0,8.0,-1.0,1648560,3.0,2,,0.0,2.0,0.0,B01,138Â 292Â 498,0.0
965930,201900007461,7,5,01:30,5,2,2,1.0,2.0,69149,GRANDE RUE                          (GR),M,"45,7168500","4,8096200",69,2019,50.0,1.0,1.0,7.0,2159072,1.0,1,4,1,5.0,,0.0,0,1986.0,B01,138Â 292Â 498,2.0,8.0,-1.0,1648561,1.0,7,,0.0,2.0,1.0,A01,138Â 292Â 499,0.0
965931,201900007462,7,4,14:35,1,2,1,1.0,5.0,69389,PLATEAU (DU)                        (AV),M,"45,7851997","4,7949098",69,2019,50.0,1.0,1.0,4.0,2159073,1.0,1,1,1,5.0,,0.0,0,1988.0,C01,138Â 292Â 495,1.0,0.0,-1.0,1648562,1.0,7,,0.0,2.0,4.0,C01,138Â 292Â 495,1.0
965931,201900007462,7,4,14:35,1,2,1,1.0,5.0,69389,PLATEAU (DU)                        (AV),M,"45,7851997","4,7949098",69,2019,50.0,1.0,1.0,4.0,2159073,1.0,1,1,1,5.0,,0.0,0,1988.0,C01,138Â 292Â 495,1.0,0.0,-1.0,1648563,1.0,7,,0.0,2.0,1.0,A01,138Â 292Â 496,1.0
965931,201900007462,7,4,14:35,1,2,1,1.0,5.0,69389,PLATEAU (DU)                        (AV),M,"45,7851997","4,7949098",69,2019,50.0,1.0,1.0,4.0,2159073,1.0,1,1,1,5.0,,0.0,0,1988.0,C01,138Â 292Â 495,1.0,0.0,-1.0,1648564,1.0,7,,0.0,2.0,4.0,B01,138Â 292Â 497,1.0
965931,201900007462,7,4,14:35,1,2,1,1.0,5.0,69389,PLATEAU (DU)                        (AV),M,"45,7851997","4,7949098",69,2019,50.0,1.0,1.0,4.0,2159074,1.0,1,4,2,5.0,,0.0,0,1995.0,A01,138Â 292Â 496,1.0,0.0,-1.0,1648562,1.0,7,,0.0,2.0,4.0,C01,138Â 292Â 495,1.0
965931,201900007462,7,4,14:35,1,2,1,1.0,5.0,69389,PLATEAU (DU)                        (AV),M,"45,7851997","4,7949098",69,2019,50.0,1.0,1.0,4.0,2159074,1.0,1,4,2,5.0,,0.0,0,1995.0,A01,138Â 292Â 496,1.0,0.0,-1.0,1648563,1.0,7,,0.0,2.0,1.0,A01,138Â 292Â 496,1.0
965931,201900007462,7,4,14:35,1,2,1,1.0,5.0,69389,PLATEAU (DU)                        (AV),M,"45,7851997","4,7949098",69,2019,50.0,1.0,1.0,4.0,2159074,1.0,1,4,2,5.0,,0.0,0,1995.0,A01,138Â 292Â 496,1.0,0.0,-1.0,1648564,1.0,7,,0.0,2.0,4.0,B01,138Â 292Â 497,1.0
965931,201900007462,7,4,14:35,1,2,1,1.0,5.0,69389,PLATEAU (DU)                        (AV),M,"45,7851997","4,7949098",69,2019,50.0,1.0,1.0,4.0,2159075,1.0,1,1,1,5.0,,0.0,0,1994.0,B01,138Â 292Â 497,1.0,0.0,-1.0,1648562,1.0,7,,0.0,2.0,4.0,C01,138Â 292Â 495,1.0
965931,201900007462,7,4,14:35,1,2,1,1.0,5.0,69389,PLATEAU (DU)                        (AV),M,"45,7851997","4,7949098",69,2019,50.0,1.0,1.0,4.0,2159075,1.0,1,1,1,5.0,,0.0,0,1994.0,B01,138Â 292Â 497,1.0,0.0,-1.0,1648563,1.0,7,,0.0,2.0,1.0,A01,138Â 292Â 496,1.0
965931,201900007462,7,4,14:35,1,2,1,1.0,5.0,69389,PLATEAU (DU)                        (AV),M,"45,7851997","4,7949098",69,2019,50.0,1.0,1.0,4.0,2159075,1.0,1,1,1,5.0,,0.0,0,1994.0,B01,138Â 292Â 497,1.0,0.0,-1.0,1648564,1.0,7,,0.0,2.0,4.0,B01,138Â 292Â 497,1.0
965931,201900007462,7,4,14:35,1,2,1,1.0,5.0,69389,PLATEAU (DU)                        (AV),M,"45,7851997","4,7949098",69,2019,50.0,1.0,1.0,4.0,2159076,2.0,2,4,2,5.0,,0.0,0,1971.0,B01,138Â 292Â 497,1.0,0.0,-1.0,1648562,1.0,7,,0.0,2.0,4.0,C01,138Â 292Â 495,1.0
965931,201900007462,7,4,14:35,1,2,1,1.0,5.0,69389,PLATEAU (DU)                        (AV),M,"45,7851997","4,7949098",69,2019,50.0,1.0,1.0,4.0,2159076,2.0,2,4,2,5.0,,0.0,0,1971.0,B01,138Â 292Â 497,1.0,0.0,-1.0,1648563,1.0,7,,0.0,2.0,1.0,A01,138Â 292Â 496,1.0
965931,201900007462,7,4,14:35,1,2,1,1.0,5.0,69389,PLATEAU (DU)                        (AV),M,"45,7851997","4,7949098",69,2019,50.0,1.0,1.0,4.0,2159076,2.0,2,4,2,5.0,,0.0,0,1971.0,B01,138Â 292Â 497,1.0,0.0,-1.0,1648564,1.0,7,,0.0,2.0,4.0,B01,138Â 292Â 497,1.0
965932,201900007463,7,5,12:05,1,2,1,1.0,6.0,2B033,TOUTES RUES,M,"42,7051200","9,4537800",2B,2019,30.0,1.0,1.0,3.0,2159077,10.0,3,3,2,1.0,,3.0,3,1977.0,A01,138Â 292Â 494,8.0,0.0,-1.0,1648565,1.0,7,,0.0,1.0,1.0,A01,138Â 292Â 494,1.0
965932,201900007463,7,5,12:05,1,2,1,1.0,6.0,2B033,TOUTES RUES,M,"42,7051200","9,4537800",2B,2019,30.0,1.0,1.0,3.0,2159078,1.0,1,1,2,9.0,,0.0,0,1992.0,A01,138Â 292Â 494,1.0,0.0,-1.0,1648565,1.0,7,,0.0,1.0,1.0,A01,138Â 292Â 494,1.0
965932,201900007463,7,5,12:05,1,2,1,1.0,6.0,2B033,TOUTES RUES,M,"42,7051200","9,4537800",2B,2019,30.0,1.0,1.0,3.0,2159079,2.0,2,1,1,9.0,,0.0,0,2002.0,A01,138Â 292Â 494,1.0,0.0,-1.0,1648565,1.0,7,,0.0,1.0,1.0,A01,138Â 292Â 494,1.0
965932,201900007463,7,5,12:05,1,2,1,1.0,6.0,2B033,TOUTES RUES,M,"42,7051200","9,4537800",2B,2019,30.0,1.0,1.0,3.0,2159080,10.0,3,3,2,1.0,,3.0,3,1984.0,A01,138Â 292Â 494,8.0,0.0,-1.0,1648565,1.0,7,,0.0,1.0,1.0,A01,138Â 292Â 494,1.0
965933,201900007464,7,5,02:50,5,2,1,1.0,7.0,2B033,CHANOINE LESCHI - RUE,M,"42,7000000","9,4500000",2B,2019,30.0,1.0,1.0,4.0,2159081,1.0,1,3,1,5.0,,-1.0, -1,2001.0,A01,138Â 292Â 493,2.0,6.0,-1.0,1648566,3.0,31,,4.0,0.0,2.0,A01,138Â 292Â 493,1.0
965934,201900007465,7,4,21:15,3,1,1,1.0,2.0,2B037,TOUTES RUES,M,"42,5967800","9,4388800",2B,2019,110.0,1.0,1.0,2.0,2159082,1.0,1,4,1,0.0,,-1.0, -1,2002.0,A01,138Â 292Â 491,1.0,0.0,-1.0,1648567,1.0,3,,0.0,2.0,4.0,A01,138Â 292Â 491,1.0
965934,201900007465,7,4,21:15,3,1,1,1.0,2.0,2B037,TOUTES RUES,M,"42,5967800","9,4388800",2B,2019,110.0,1.0,1.0,2.0,2159082,1.0,1,4,1,0.0,,-1.0, -1,2002.0,A01,138Â 292Â 491,1.0,0.0,-1.0,1648568,1.0,7,,0.0,2.0,1.0,B01,138Â 292Â 492,1.0