Unnamed: 0_x,num_acc,mois,jour,hrmn,lum,agg,int,atm,col,com,adr,gps,lat,long,dep,annee,vma,situ,surf,catr,Unnamed: 0_y,place,catu,grav,sexe,trajet,secu,locp,actp,an_nais,num_veh_x,id_vehicule_x,secu1,secu2,secu3,Unnamed: 0,senc,catv,occutc,obs,obsm,choc,num_veh_y,id_vehicule_y,motor
965934,201900007465,7,4,21:15,3,1,1,1.0,2.0,2B037,TOUTES RUES,M,"42,5967800","9,4388800",2B,2019,110.0,1.0,1.0,2.0,2159083,2.0,2,4,1,0.0,,0.0,0,2003.0,A01,138Â 292Â 491,1.0,0.0,-1.0,1648567,1.0,3,,0.0,2.0,4.0,A01,138Â 292Â 491,1.0
965934,201900007465,7,4,21:15,3,1,1,1.0,2.0,2B037,TOUTES RUES,M,"42,5967800","9,4388800",2B,2019,110.0,1.0,1.0,2.0,2159083,2.0,2,4,1,0.0,,0.0,0,2003.0,A01,138Â 292Â 491,1.0,0.0,-1.0,1648568,1.0,7,,0.0,2.0,1.0,B01,138Â 292Â 492,1.0
965934,201900007465,7,4,21:15,3,1,1,1.0,2.0,2B037,TOUTES RUES,M,"42,5967800","9,4388800",2B,2019,110.0,1.0,1.0,2.0,2159084,1.0,1,4,1,0.0,,0.0,0,1998.0,B01,138Â 292Â 492,1.0,0.0,-1.0,1648567,1.0,3,,0.0,2.0,4.0,A01,138Â 292Â 491,1.0
965934,201900007465,7,4,21:15,3,1,1,1.0,2.0,2B037,TOUTES RUES,M,"42,5967800","9,4388800",2B,2019,110.0,1.0,1.0,2.0,2159084,1.0,1,4,1,0.0,,0.0,0,1998.0,B01,138Â 292Â 492,1.0,0.0,-1.0,1648568,1.0,7,,0.0,2.0,1.0,B01,138Â 292Â 492,1.0
965935,201900007466,7,6,19:45,1,2,9,1.0,1.0,2A004,BENIELLI NONCE RUE,M,"41,9174166","8,7265922",2A,2019,50.0,2.0,1.0,4.0,2159085,1.0,1,4,1,5.0,,0.0,0,1985.0,B01,138Â 292Â 489,1.0,0.0,-1.0,1648569,3.0,7,,0.0,2.0,2.0,B01,138Â 292Â 489,1.0
965935,201900007466,7,6,19:45,1,2,9,1.0,1.0,2A004,BENIELLI NONCE RUE,M,"41,9174166","8,7265922",2A,2019,50.0,2.0,1.0,4.0,2159085,1.0,1,4,1,5.0,,0.0,0,1985.0,B01,138Â 292Â 489,1.0,0.0,-1.0,1648570,3.0,7,,0.0,2.0,2.0,A01,138Â 292Â 490,1.0
965935,201900007466,7,6,19:45,1,2,9,1.0,1.0,2A004,BENIELLI NONCE RUE,M,"41,9174166","8,7265922",2A,2019,50.0,2.0,1.0,4.0,2159086,1.0,1,1,1,0.0,,0.0,0,1994.0,A01,138Â 292Â 490,8.0,0.0,-1.0,1648569,3.0,7,,0.0,2.0,2.0,B01,138Â 292Â 489,1.0
965935,201900007466,7,6,19:45,1,2,9,1.0,1.0,2A004,BENIELLI NONCE RUE,M,"41,9174166","8,7265922",2A,2019,50.0,2.0,1.0,4.0,2159086,1.0,1,1,1,0.0,,0.0,0,1994.0,A01,138Â 292Â 490,8.0,0.0,-1.0,1648570,3.0,7,,0.0,2.0,2.0,A01,138Â 292Â 490,1.0
965936,201900007467,7,4,08:50,1,2,9,1.0,1.0,2A004,DIAMANT I RCE AV EUGENE MACCHINI,M,"41,9179478","8,7370519",2A,2019,50.0,1.0,1.0,4.0,2159087,1.0,1,4,1,0.0,,0.0,0,1989.0,B01,138Â 292Â 487,2.0,0.0,-1.0,1648571,1.0,33,,0.0,2.0,1.0,B01,138Â 292Â 487,1.0
965936,201900007467,7,4,08:50,1,2,9,1.0,1.0,2A004,DIAMANT I RCE AV EUGENE MACCHINI,M,"41,9179478","8,7370519",2A,2019,50.0,1.0,1.0,4.0,2159087,1.0,1,4,1,0.0,,0.0,0,1989.0,B01,138Â 292Â 487,2.0,0.0,-1.0,1648572,2.0,7,,0.0,2.0,1.0,A01,138Â 292Â 488,1.0
965936,201900007467,7,4,08:50,1,2,9,1.0,1.0,2A004,DIAMANT I RCE AV EUGENE MACCHINI,M,"41,9179478","8,7370519",2A,2019,50.0,1.0,1.0,4.0,2159088,1.0,1,4,1,0.0,,0.0,0,1992.0,A01,138Â 292Â 488,1.0,0.0,-1.0,1648571,1.0,33,,0.0,2.0,1.0,B01,138Â 292Â 487,1.0
965936,201900007467,7,4,08:50,1,2,9,1.0,1.0,2A004,DIAMANT I RCE AV EUGENE MACCHINI,M,"41,9179478","8,7370519",2A,2019,50.0,1.0,1.0,4.0,2159088,1.0,1,4,1,0.0,,0.0,0,1992.0,A01,138Â 292Â 488,1.0,0.0,-1.0,1648572,2.0,7,,0.0,2.0,1.0,A01,138Â 292Â 488,1.0
965937,201900007468,7,4,20:45,1,2,3,1.0,3.0,95539,RUE JEAN MONNET,M,"49,0123333","2,3519238",95,2019,70.0,1.0,1.0,3.0,2159089,1.0,1,4,1,5.0,,-1.0,0,1995.0,B01,138Â 292Â 485,1.0,0.0,-1.0,1648573,2.0,7,,0.0,2.0,2.0,B01,138Â 292Â 485,1.0
965937,201900007468,7,4,20:45,1,2,3,1.0,3.0,95539,RUE JEAN MONNET,M,"49,0123333","2,3519238",95,2019,70.0,1.0,1.0,3.0,2159089,1.0,1,4,1,5.0,,-1.0,0,1995.0,B01,138Â 292Â 485,1.0,0.0,-1.0,1648574,3.0,7,,0.0,2.0,1.0,A01,138Â 292Â 486,1.0
965937,201900007468,7,4,20:45,1,2,3,1.0,3.0,95539,RUE JEAN MONNET,M,"49,0123333","2,3519238",95,2019,70.0,1.0,1.0,3.0,2159090,2.0,2,4,2,5.0,,-1.0,0,1967.0,B01,138Â 292Â 485,1.0,0.0,-1.0,1648573,2.0,7,,0.0,2.0,2.0,B01,138Â 292Â 485,1.0
965937,201900007468,7,4,20:45,1,2,3,1.0,3.0,95539,RUE JEAN MONNET,M,"49,0123333","2,3519238",95,2019,70.0,1.0,1.0,3.0,2159090,2.0,2,4,2,5.0,,-1.0,0,1967.0,B01,138Â 292Â 485,1.0,0.0,-1.0,1648574,3.0,7,,0.0,2.0,1.0,A01,138Â 292Â 486,1.0
965937,201900007468,7,4,20:45,1,2,3,1.0,3.0,95539,RUE JEAN MONNET,M,"49,0123333","2,3519238",95,2019,70.0,1.0,1.0,3.0,2159091,1.0,1,1,2,1.0,,-1.0,0,1995.0,A01,138Â 292Â 486,1.0,0.0,-1.0,1648573,2.0,7,,0.0,2.0,2.0,B01,138Â 292Â 485,1.0
965937,201900007468,7,4,20:45,1,2,3,1.0,3.0,95539,RUE JEAN MONNET,M,"49,0123333","2,3519238",95,2019,70.0,1.0,1.0,3.0,2159091,1.0,1,1,2,1.0,,-1.0,0,1995.0,A01,138Â 292Â 486,1.0,0.0,-1.0,1648574,3.0,7,,0.0,2.0,1.0,A01,138Â 292Â 486,1.0
965938,201900007469,7,3,16:25,1,2,1,1.0,6.0,95598,BEAUSEJOUR   AVENUE,M,"48,9756800","2,3012300",95,2019,50.0,1.0,1.0,4.0,2159092,10.0,3,4,2,5.0,,3.0,3,1949.0,A01,138Â 292Â 484,8.0,0.0,-1.0,1648575,3.0,30,,0.0,1.0,1.0,A01,138Â 292Â 484,1.0
965938,201900007469,7,3,16:25,1,2,1,1.0,6.0,95598,BEAUSEJOUR   AVENUE,M,"48,9756800","2,3012300",95,2019,50.0,1.0,1.0,4.0,2159093,1.0,1,4,1,5.0,,-1.0, -1,2003.0,A01,138Â 292Â 484,8.0,0.0,-1.0,1648575,3.0,30,,0.0,1.0,1.0,A01,138Â 292Â 484,1.0
965938,201900007469,7,3,16:25,1,2,1,1.0,6.0,95598,BEAUSEJOUR   AVENUE,M,"48,9756800","2,3012300",95,2019,50.0,1.0,1.0,4.0,2159094,2.0,2,1,1,5.0,,-1.0, -1,2003.0,A01,138Â 292Â 484,8.0,0.0,-1.0,1648575,3.0,30,,0.0,1.0,1.0,A01,138Â 292Â 484,1.0
965939,201900007470,7,6,21:40,1,2,3,1.0,3.0,95450,ERAGNY (RUE D'),M,"49,0150200","2,0706200",95,2019,50.0,1.0,1.0,3.0,2159095,1.0,1,1,1,4.0,,-1.0,0,1996.0,B01,138Â 292Â 482,1.0,0.0,-1.0,1648576,3.0,10,,14.0,2.0,3.0,B01,138Â 292Â 482,6.0
965939,201900007470,7,6,21:40,1,2,3,1.0,3.0,95450,ERAGNY (RUE D'),M,"49,0150200","2,0706200",95,2019,50.0,1.0,1.0,3.0,2159095,1.0,1,1,1,4.0,,-1.0,0,1996.0,B01,138Â 292Â 482,1.0,0.0,-1.0,1648577,2.0,33,,15.0,2.0,2.0,A01,138Â 292Â 483,0.0
965939,201900007470,7,6,21:40,1,2,3,1.0,3.0,95450,ERAGNY (RUE D'),M,"49,0150200","2,0706200",95,2019,50.0,1.0,1.0,3.0,2159096,2.0,1,4,1,5.0,,-1.0,0,1987.0,A01,138Â 292Â 483,2.0,0.0,-1.0,1648576,3.0,10,,14.0,2.0,3.0,B01,138Â 292Â 482,6.0
965939,201900007470,7,6,21:40,1,2,3,1.0,3.0,95450,ERAGNY (RUE D'),M,"49,0150200","2,0706200",95,2019,50.0,1.0,1.0,3.0,2159096,2.0,1,4,1,5.0,,-1.0,0,1987.0,A01,138Â 292Â 483,2.0,0.0,-1.0,1648577,2.0,33,,15.0,2.0,2.0,A01,138Â 292Â 483,0.0
965940,201900007471,11,27,17:15,5,2,1,1.0,6.0,13202,MARCEAU (PLACE),M,"43,3050800","5,3729000",13,2019,50.0,1.0,1.0,4.0,2159097,1.0,1,1,1,5.0,,0.0,0,1987.0,B01,138Â 292Â 473,1.0,0.0,-1.0,1648578,1.0,7,,0.0,2.0,5.0,B01,138Â 292Â 473,1.0
965940,201900007471,11,27,17:15,5,2,1,1.0,6.0,13202,MARCEAU (PLACE),M,"43,3050800","5,3729000",13,2019,50.0,1.0,1.0,4.0,2159097,1.0,1,1,1,5.0,,0.0,0,1987.0,B01,138Â 292Â 473,1.0,0.0,-1.0,1648579,1.0,7,,0.0,2.0,3.0,A01,138Â 292Â 474,1.0
965940,201900007471,11,27,17:15,5,2,1,1.0,6.0,13202,MARCEAU (PLACE),M,"43,3050800","5,3729000",13,2019,50.0,1.0,1.0,4.0,2159098,4.0,2,4,2,5.0,,0.0,0,2019.0,B01,138Â 292Â 473,3.0,0.0,-1.0,1648578,1.0,7,,0.0,2.0,5.0,B01,138Â 292Â 473,1.0
965940,201900007471,11,27,17:15,5,2,1,1.0,6.0,13202,MARCEAU (PLACE),M,"43,3050800","5,3729000",13,2019,50.0,1.0,1.0,4.0,2159098,4.0,2,4,2,5.0,,0.0,0,2019.0,B01,138Â 292Â 473,3.0,0.0,-1.0,1648579,1.0,7,,0.0,2.0,3.0,A01,138Â 292Â 474,1.0
965940,201900007471,11,27,17:15,5,2,1,1.0,6.0,13202,MARCEAU (PLACE),M,"43,3050800","5,3729000",13,2019,50.0,1.0,1.0,4.0,2159099,1.0,1,1,1,5.0,,0.0,0,1993.0,A01,138Â 292Â 474,1.0,0.0,-1.0,1648578,1.0,7,,0.0,2.0,5.0,B01,138Â 292Â 473,1.0
965940,201900007471,11,27,17:15,5,2,1,1.0,6.0,13202,MARCEAU (PLACE),M,"43,3050800","5,3729000",13,2019,50.0,1.0,1.0,4.0,2159099,1.0,1,1,1,5.0,,0.0,0,1993.0,A01,138Â 292Â 474,1.0,0.0,-1.0,1648579,1.0,7,,0.0,2.0,3.0,A01,138Â 292Â 474,1.0
965941,201900007472,11,27,11:00,1,2,3,1.0,6.0,13212,FERNAND NEGRO (BOULEVARD),M,"43,3133700","5,4093400",13,2019,50.0,1.0,1.0,4.0,2159100,1.0,1,4,2,5.0,,-1.0, -1,1941.0,A01,138Â 292Â 472,8.0,0.0,-1.0,1648580,2.0,3,,1.0,0.0,2.0,A01,138Â 292Â 472,2.0
965942,201900007473,11,27,07:25,2,2,1,2.0,6.0,13201,BELGES (QUAI DES),M,"43,2948580","5,3744190",13,2019,50.0,1.0,2.0,4.0,2159101,10.0,3,4,1,2.0,,4.0,3,2005.0,Z01,138Â 292Â 471,8.0,0.0,-1.0,1648581,2.0,34,,0.0,1.0,1.0,Z01,138Â 292Â 471,1.0
965943,201900007474,11,27,07:50,1,2,1,3.0,2.0,06123,PUGETS ROUTE DES,M,"43,6947930","7,1830680",6,2019,50.0,1.0,2.0,7.0,2159102,1.0,1,1,1,1.0,,0.0,0,1982.0,B01,138Â 292Â 469,1.0,8.0,-1.0,1648582,2.0,15,,0.0,2.0,4.0,B01,138Â 292Â 469,1.0
965943,201900007474,11,27,07:50,1,2,1,3.0,2.0,06123,PUGETS ROUTE DES,M,"43,6947930","7,1830680",6,2019,50.0,1.0,2.0,7.0,2159102,1.0,1,1,1,1.0,,0.0,0,1982.0,B01,138Â 292Â 469,1.0,8.0,-1.0,1648583,2.0,2,,0.0,2.0,1.0,A01,138Â 292Â 470,1.0
965943,201900007474,11,27,07:50,1,2,1,3.0,2.0,06123,PUGETS ROUTE DES,M,"43,6947930","7,1830680",6,2019,50.0,1.0,2.0,7.0,2159103,1.0,1,4,1,1.0,,0.0,0,2004.0,A01,138Â 292Â 470,2.0,6.0,-1.0,1648582,2.0,15,,0.0,2.0,4.0,B01,138Â 292Â 469,1.0
965943,201900007474,11,27,07:50,1,2,1,3.0,2.0,06123,PUGETS ROUTE DES,M,"43,6947930","7,1830680",6,2019,50.0,1.0,2.0,7.0,2159103,1.0,1,4,1,1.0,,0.0,0,2004.0,A01,138Â 292Â 470,2.0,6.0,-1.0,1648583,2.0,2,,0.0,2.0,1.0,A01,138Â 292Â 470,1.0
965944,201900007475,11,28,07:50,1,2,1,1.0,3.0,97302,MONTABO (ROUTE DE) 1,M,"4,9400070"," -52,3015670",973,2019,50.0,1.0,1.0,3.0,2159104,1.0,1,1,1,4.0,,0.0,0,1990.0,A01,138Â 292Â 467,1.0,0.0,-1.0,1648584,1.0,7,,0.0,2.0,2.0,A01,138Â 292Â 467,1.0
965944,201900007475,11,28,07:50,1,2,1,1.0,3.0,97302,MONTABO (ROUTE DE) 1,M,"4,9400070"," -52,3015670",973,2019,50.0,1.0,1.0,3.0,2159104,1.0,1,1,1,4.0,,0.0,0,1990.0,A01,138Â 292Â 467,1.0,0.0,-1.0,1648585,1.0,33,,0.0,2.0,1.0,B01,138Â 292Â 468,1.0
965944,201900007475,11,28,07:50,1,2,1,1.0,3.0,97302,MONTABO (ROUTE DE) 1,M,"4,9400070"," -52,3015670",973,2019,50.0,1.0,1.0,3.0,2159105,1.0,1,4,2,0.0,,0.0,0,1990.0,B01,138Â 292Â 468,2.0,6.0,-1.0,1648584,1.0,7,,0.0,2.0,2.0,A01,138Â 292Â 467,1.0
965944,201900007475,11,28,07:50,1,2,1,1.0,3.0,97302,MONTABO (ROUTE DE) 1,M,"4,9400070"," -52,3015670",973,2019,50.0,1.0,1.0,3.0,2159105,1.0,1,4,2,0.0,,0.0,0,1990.0,B01,138Â 292Â 468,2.0,6.0,-1.0,1648585,1.0,33,,0.0,2.0,1.0,B01,138Â 292Â 468,1.0
965945,201900007476,11,28,21:20,5,2,2,1.0,3.0,69387,GUILLOTIERE (DE LA)                 (GR),M,"45,7510000","4,8482000",69,2019,50.0,1.0,1.0,7.0,2159106,1.0,1,4,1,1.0,,-1.0,0,2000.0,A01,138Â 292Â 465,2.0,6.0,-1.0,1648586,2.0,30,,0.0,2.0,3.0,A01,138Â 292Â 465,1.0
965945,201900007476,11,28,21:20,5,2,2,1.0,3.0,69387,GUILLOTIERE (DE LA)                 (GR),M,"45,7510000","4,8482000",69,2019,50.0,1.0,1.0,7.0,2159106,1.0,1,4,1,1.0,,-1.0,0,2000.0,A01,138Â 292Â 465,2.0,6.0,-1.0,1648587,1.0,43,,14.0,2.0,1.0,B01,138Â 292Â 466,1.0
965945,201900007476,11,28,21:20,5,2,2,1.0,3.0,69387,GUILLOTIERE (DE LA)                 (GR),M,"45,7510000","4,8482000",69,2019,50.0,1.0,1.0,7.0,2159107,1.0,1,1,1,1.0,,-1.0,0,1982.0,B01,138Â 292Â 466,2.0,6.0,-1.0,1648586,2.0,30,,0.0,2.0,3.0,A01,138Â 292Â 465,1.0
965945,201900007476,11,28,21:20,5,2,2,1.0,3.0,69387,GUILLOTIERE (DE LA)                 (GR),M,"45,7510000","4,8482000",69,2019,50.0,1.0,1.0,7.0,2159107,1.0,1,1,1,1.0,,-1.0,0,1982.0,B01,138Â 292Â 466,2.0,6.0,-1.0,1648587,1.0,43,,14.0,2.0,1.0,B01,138Â 292Â 466,1.0
965946,201900007477,11,28,15:30,1,2,4,1.0,6.0,69259,IRENE JOLIOT CURIE                  (BD),M,"45,7183400","4,8763100",69,2019,50.0,5.0,2.0,3.0,2159108,1.0,1,4,2,0.0,,-1.0, -1,1998.0,A01,138Â 292Â 464,1.0,0.0,-1.0,1648588,3.0,7,,8.0,0.0,6.0,A01,138Â 292Â 464,1.0
965947,201900007478,11,18,10:55,1,2,6,2.0,3.0,95277,ROND POINT DE LA RESISTANCE,M,"48,9945761","2,4515283",95,2019,50.0,1.0,1.0,3.0,2159109,1.0,1,4,1,9.0,,-1.0,0,1978.0,A01,138Â 292Â 462,1.0,0.0,-1.0,1648589,1.0,7,,0.0,2.0,1.0,A01,138Â 292Â 462,1.0
965947,201900007478,11,18,10:55,1,2,6,2.0,3.0,95277,ROND POINT DE LA RESISTANCE,M,"48,9945761","2,4515283",95,2019,50.0,1.0,1.0,3.0,2159109,1.0,1,4,1,9.0,,-1.0,0,1978.0,A01,138Â 292Â 462,1.0,0.0,-1.0,1648590,2.0,37,1.0,0.0,2.0,3.0,B01,138Â 292Â 463,1.0
965947,201900007478,11,18,10:55,1,2,6,2.0,3.0,95277,ROND POINT DE LA RESISTANCE,M,"48,9945761","2,4515283",95,2019,50.0,1.0,1.0,3.0,2159110,1.0,1,4,1,4.0,,-1.0,0,1986.0,B01,138Â 292Â 463,1.0,0.0,-1.0,1648589,1.0,7,,0.0,2.0,1.0,A01,138Â 292Â 462,1.0
965947,201900007478,11,18,10:55,1,2,6,2.0,3.0,95277,ROND POINT DE LA RESISTANCE,M,"48,9945761","2,4515283",95,2019,50.0,1.0,1.0,3.0,2159110,1.0,1,4,1,4.0,,-1.0,0,1986.0,B01,138Â 292Â 463,1.0,0.0,-1.0,1648590,2.0,37,1.0,0.0,2.0,3.0,B01,138Â 292Â 463,1.0
965948,201900007479,11,28,06:50,5,2,1,2.0,6.0,91657,TOURELLE (AVENUE DE LA ),M,"48,6903500","2,4393000",91,2019,50.0,1.0,2.0,4.0,2159111,1.0,1,1,1,1.0,,-1.0, -1,1992.0,A01,138Â 292Â 459,1.0,0.0,-1.0,1648591,1.0,7,,0.0,1.0,3.0,A01,138Â 292Â 459,1.0
965948,201900007479,11,28,06:50,5,2,1,2.0,6.0,91657,TOURELLE (AVENUE DE LA ),M,"48,6903500","2,4393000",91,2019,50.0,1.0,2.0,4.0,2159112,10.0,3,4,1,2.0,,3.0,3,2002.0,A01,138Â 292Â 459,8.0,0.0,-1.0,1648591,1.0,7,,0.0,1.0,3.0,A01,138Â 292Â 459,1.0
965949,201900007480,10,28,05:20,5,2,9,1.0,6.0,91114,ROUTE NATIONALE 6,M,"48,6829350","2,4907240",91,2019,50.0,1.0,2.0,2.0,2159113,1.0,1,1,1,0.0,,0.0,0,2000.0,A01,138Â 292Â 457,8.0,0.0,-1.0,1648592,3.0,7,,0.0,2.0,0.0,A01,138Â 292Â 457,0.0
965949,201900007480,10,28,05:20,5,2,9,1.0,6.0,91114,ROUTE NATIONALE 6,M,"48,6829350","2,4907240",91,2019,50.0,1.0,2.0,2.0,2159113,1.0,1,1,1,0.0,,0.0,0,2000.0,A01,138Â 292Â 457,8.0,0.0,-1.0,1648593,3.0,33,,8.0,2.0,0.0,B01,138Â 292Â 458,1.0
965949,201900007480,10,28,05:20,5,2,9,1.0,6.0,91114,ROUTE NATIONALE 6,M,"48,6829350","2,4907240",91,2019,50.0,1.0,2.0,2.0,2159114,1.0,1,3,1,1.0,,0.0,0,1964.0,B01,138Â 292Â 458,2.0,6.0,-1.0,1648592,3.0,7,,0.0,2.0,0.0,A01,138Â 292Â 457,0.0
965949,201900007480,10,28,05:20,5,2,9,1.0,6.0,91114,ROUTE NATIONALE 6,M,"48,6829350","2,4907240",91,2019,50.0,1.0,2.0,2.0,2159114,1.0,1,3,1,1.0,,0.0,0,1964.0,B01,138Â 292Â 458,2.0,6.0,-1.0,1648593,3.0,33,,8.0,2.0,0.0,B01,138Â 292Â 458,1.0
965950,201900007481,11,27,18:06,3,2,1,1.0,3.0,91479,RN7,M,"48,7266000","2,3692000",91,2019,70.0,1.0,1.0,2.0,2159115,1.0,1,1,2,0.0,,0.0,0,1993.0,B01,138Â 292Â 455,1.0,0.0,-1.0,1648594,1.0,7,,0.0,2.0,8.0,B01,138Â 292Â 455,1.0
965950,201900007481,11,27,18:06,3,2,1,1.0,3.0,91479,RN7,M,"48,7266000","2,3692000",91,2019,70.0,1.0,1.0,2.0,2159115,1.0,1,1,2,0.0,,0.0,0,1993.0,B01,138Â 292Â 455,1.0,0.0,-1.0,1648595,1.0,33,,0.0,2.0,7.0,A01,138Â 292Â 456,1.0
965950,201900007481,11,27,18:06,3,2,1,1.0,3.0,91479,RN7,M,"48,7266000","2,3692000",91,2019,70.0,1.0,1.0,2.0,2159116,1.0,1,4,1,0.0,,0.0,0,1966.0,A01,138Â 292Â 456,2.0,0.0,-1.0,1648594,1.0,7,,0.0,2.0,8.0,B01,138Â 292Â 455,1.0
965950,201900007481,11,27,18:06,3,2,1,1.0,3.0,91479,RN7,M,"48,7266000","2,3692000",91,2019,70.0,1.0,1.0,2.0,2159116,1.0,1,4,1,0.0,,0.0,0,1966.0,A01,138Â 292Â 456,2.0,0.0,-1.0,1648595,1.0,33,,0.0,2.0,7.0,A01,138Â 292Â 456,1.0
965951,201900007482,11,27,18:57,5,2,2,2.0,6.0,87085,PALISSY (RUE BERNARD),M,"45,8328400","1,2519200",87,2019,50.0,1.0,2.0,4.0,2159117,1.0,1,1,1,1.0,,0.0,0,1976.0,A01,138Â 292Â 454,2.0,0.0,-1.0,1648596,2.0,1,,0.0,1.0,1.0,A01,138Â 292Â 454,5.0
965951,201900007482,11,27,18:57,5,2,2,2.0,6.0,87085,PALISSY (RUE BERNARD),M,"45,8328400","1,2519200",87,2019,50.0,1.0,2.0,4.0,2159118,10.0,3,4,1,0.0,,4.0,3,2008.0,A01,138Â 292Â 454,4.0,0.0,-1.0,1648596,2.0,1,,0.0,1.0,1.0,A01,138Â 292Â 454,5.0
965952,201900007483,11,27,15:20,1,2,1,2.0,2.0,87114,DE-GAULLE (AVENUE DU GENERAL-),M,"45,8332600","1,3018000",87,2019,50.0,1.0,2.0,4.0,2159119,1.0,1,1,1,5.0,,-1.0, -1,1938.0,A01,138Â 292Â 452,1.0,0.0,-1.0,1648597,2.0,7,,0.0,2.0,1.0,A01,138Â 292Â 452,1.0
965952,201900007483,11,27,15:20,1,2,1,2.0,2.0,87114,DE-GAULLE (AVENUE DU GENERAL-),M,"45,8332600","1,3018000",87,2019,50.0,1.0,2.0,4.0,2159119,1.0,1,1,1,5.0,,-1.0, -1,1938.0,A01,138Â 292Â 452,1.0,0.0,-1.0,1648598,2.0,7,,0.0,2.0,4.0,B01,138Â 292Â 453,1.0
965952,201900007483,11,27,15:20,1,2,1,2.0,2.0,87114,DE-GAULLE (AVENUE DU GENERAL-),M,"45,8332600","1,3018000",87,2019,50.0,1.0,2.0,4.0,2159120,1.0,1,4,1,4.0,,-1.0, -1,1998.0,B01,138Â 292Â 453,1.0,0.0,-1.0,1648597,2.0,7,,0.0,2.0,1.0,A01,138Â 292Â 452,1.0
965952,201900007483,11,27,15:20,1,2,1,2.0,2.0,87114,DE-GAULLE (AVENUE DU GENERAL-),M,"45,8332600","1,3018000",87,2019,50.0,1.0,2.0,4.0,2159120,1.0,1,4,1,4.0,,-1.0, -1,1998.0,B01,138Â 292Â 453,1.0,0.0,-1.0,1648598,2.0,7,,0.0,2.0,4.0,B01,138Â 292Â 453,1.0
965953,201900007484,11,27,11:58,1,2,1,2.0,3.0,87050,PASCAUD (RUE DU DOCTEUR),M,"45,8798500","1,2376400",87,2019,50.0,1.0,2.0,4.0,2159121,1.0,1,1,1,5.0,,-1.0, -1,1985.0,B01,138Â 292Â 450,1.0,0.0,-1.0,1648599,2.0,7,,0.0,2.0,7.0,B01,138Â 292Â 450,1.0
965953,201900007484,11,27,11:58,1,2,1,2.0,3.0,87050,PASCAUD (RUE DU DOCTEUR),M,"45,8798500","1,2376400",87,2019,50.0,1.0,2.0,4.0,2159121,1.0,1,1,1,5.0,,-1.0, -1,1985.0,B01,138Â 292Â 450,1.0,0.0,-1.0,1648600,1.0,7,,0.0,2.0,2.0,A01,138Â 292Â 451,1.0
965953,201900007484,11,27,11:58,1,2,1,2.0,3.0,87050,PASCAUD (RUE DU DOCTEUR),M,"45,8798500","1,2376400",87,2019,50.0,1.0,2.0,4.0,2159122,2.0,2,4,2,5.0,,-1.0, -1,2006.0,B01,138Â 292Â 450,1.0,0.0,-1.0,1648599,2.0,7,,0.0,2.0,7.0,B01,138Â 292Â 450,1.0
965953,201900007484,11,27,11:58,1,2,1,2.0,3.0,87050,PASCAUD (RUE DU DOCTEUR),M,"45,8798500","1,2376400",87,2019,50.0,1.0,2.0,4.0,2159122,2.0,2,4,2,5.0,,-1.0, -1,2006.0,B01,138Â 292Â 450,1.0,0.0,-1.0,1648600,1.0,7,,0.0,2.0,2.0,A01,138Â 292Â 451,1.0
965953,201900007484,11,27,11:58,1,2,1,2.0,3.0,87050,PASCAUD (RUE DU DOCTEUR),M,"45,8798500","1,2376400",87,2019,50.0,1.0,2.0,4.0,2159123,1.0,1,1,2,3.0,,-1.0, -1,1934.0,A01,138Â 292Â 451,1.0,0.0,-1.0,1648599,2.0,7,,0.0,2.0,7.0,B01,138Â 292Â 450,1.0
965953,201900007484,11,27,11:58,1,2,1,2.0,3.0,87050,PASCAUD (RUE DU DOCTEUR),M,"45,8798500","1,2376400",87,2019,50.0,1.0,2.0,4.0,2159123,1.0,1,1,2,3.0,,-1.0, -1,1934.0,A01,138Â 292Â 451,1.0,0.0,-1.0,1648600,1.0,7,,0.0,2.0,2.0,A01,138Â 292Â 451,1.0
965954,201900007485,11,25,16:35,1,2,1,1.0,3.0,78686,GASTON BOISSIER (AVENUE),M,"48,7994000","2,1737300",78,2019,30.0,4.0,1.0,3.0,2159124,1.0,1,1,2,1.0,,-1.0, -1,1962.0,B01,138Â 292Â 446,1.0,0.0,-1.0,1648601,1.0,7,,0.0,2.0,3.0,B01,138Â 292Â 446,1.0
965954,201900007485,11,25,16:35,1,2,1,1.0,3.0,78686,GASTON BOISSIER (AVENUE),M,"48,7994000","2,1737300",78,2019,30.0,4.0,1.0,3.0,2159124,1.0,1,1,2,1.0,,-1.0, -1,1962.0,B01,138Â 292Â 446,1.0,0.0,-1.0,1648602,2.0,1,,0.0,2.0,1.0,A01,138Â 292Â 447,5.0
965954,201900007485,11,25,16:35,1,2,1,1.0,3.0,78686,GASTON BOISSIER (AVENUE),M,"48,7994000","2,1737300",78,2019,30.0,4.0,1.0,3.0,2159125,1.0,1,4,2,1.0,,-1.0, -1,1987.0,A01,138Â 292Â 447,8.0,0.0,-1.0,1648601,1.0,7,,0.0,2.0,3.0,B01,138Â 292Â 446,1.0
965954,201900007485,11,25,16:35,1,2,1,1.0,3.0,78686,GASTON BOISSIER (AVENUE),M,"48,7994000","2,1737300",78,2019,30.0,4.0,1.0,3.0,2159125,1.0,1,4,2,1.0,,-1.0, -1,1987.0,A01,138Â 292Â 447,8.0,0.0,-1.0,1648602,2.0,1,,0.0,2.0,1.0,A01,138Â 292Â 447,5.0
965955,201900007486,11,28,07:30,3,1,1,2.0,1.0,78551,RD 308,M,"48,9393400","2,0729900",78,2019,70.0,1.0,2.0,3.0,2159126,1.0,1,3,1,4.0,,-1.0, -1,1971.0,B01,138Â 292Â 444,1.0,-1.0,-1.0,1648603,1.0,10,,0.0,2.0,1.0,B01,138Â 292Â 444,1.0