Unnamed: 0_x,num_acc,mois,jour,hrmn,lum,agg,int,atm,col,com,adr,gps,lat,long,dep,annee,vma,situ,surf,catr,Unnamed: 0_y,place,catu,grav,sexe,trajet,secu,locp,actp,an_nais,num_veh_x,id_vehicule_x,secu1,secu2,secu3,Unnamed: 0,senc,catv,occutc,obs,obsm,choc,num_veh_y,id_vehicule_y,motor
965955,201900007486,11,28,07:30,3,1,1,2.0,1.0,78551,RD 308,M,"48,9393400","2,0729900",78,2019,70.0,1.0,2.0,3.0,2159126,1.0,1,3,1,4.0,,-1.0, -1,1971.0,B01,138Â 292Â 444,1.0,-1.0,-1.0,1648604,2.0,31,,0.0,2.0,1.0,A01,138Â 292Â 445,1.0
965955,201900007486,11,28,07:30,3,1,1,2.0,1.0,78551,RD 308,M,"48,9393400","2,0729900",78,2019,70.0,1.0,2.0,3.0,2159127,1.0,1,3,1,0.0,,-1.0, -1,1994.0,A01,138Â 292Â 445,2.0,-1.0,-1.0,1648603,1.0,10,,0.0,2.0,1.0,B01,138Â 292Â 444,1.0
965955,201900007486,11,28,07:30,3,1,1,2.0,1.0,78551,RD 308,M,"48,9393400","2,0729900",78,2019,70.0,1.0,2.0,3.0,2159127,1.0,1,3,1,0.0,,-1.0, -1,1994.0,A01,138Â 292Â 445,2.0,-1.0,-1.0,1648604,2.0,31,,0.0,2.0,1.0,A01,138Â 292Â 445,1.0
965956,201900007487,11,27,18:40,3,1,1,8.0,3.0,78551,RD 190,M,"48,9118200","2,0719600",78,2019,80.0,1.0,1.0,3.0,2159128,1.0,1,3,1,1.0,,-1.0, -1,1974.0,A01,138Â 292Â 442,2.0,8.0,-1.0,1648605,2.0,1,,0.0,2.0,8.0,A01,138Â 292Â 442,5.0
965956,201900007487,11,27,18:40,3,1,1,8.0,3.0,78551,RD 190,M,"48,9118200","2,0719600",78,2019,80.0,1.0,1.0,3.0,2159128,1.0,1,3,1,1.0,,-1.0, -1,1974.0,A01,138Â 292Â 442,2.0,8.0,-1.0,1648606,1.0,33,,0.0,2.0,1.0,B01,138Â 292Â 443,1.0
965956,201900007487,11,27,18:40,3,1,1,8.0,3.0,78551,RD 190,M,"48,9118200","2,0719600",78,2019,80.0,1.0,1.0,3.0,2159129,1.0,1,1,1,0.0,,-1.0, -1,1964.0,B01,138Â 292Â 443,2.0,8.0,-1.0,1648605,2.0,1,,0.0,2.0,8.0,A01,138Â 292Â 442,5.0
965956,201900007487,11,27,18:40,3,1,1,8.0,3.0,78551,RD 190,M,"48,9118200","2,0719600",78,2019,80.0,1.0,1.0,3.0,2159129,1.0,1,1,1,0.0,,-1.0, -1,1964.0,B01,138Â 292Â 443,2.0,8.0,-1.0,1648606,1.0,33,,0.0,2.0,1.0,B01,138Â 292Â 443,1.0
965957,201900007488,11,27,16:35,1,2,3,1.0,3.0,72181,CUGNOT NICOLAS (BD),M,"47,9925200","0,2254500",72,2019,70.0,1.0,2.0,4.0,2159130,1.0,1,4,1,5.0,,0.0,0,1960.0,A01,138Â 292Â 440,1.0,0.0,-1.0,1648607,3.0,10,,0.0,2.0,8.0,A01,138Â 292Â 440,1.0
965957,201900007488,11,27,16:35,1,2,3,1.0,3.0,72181,CUGNOT NICOLAS (BD),M,"47,9925200","0,2254500",72,2019,70.0,1.0,2.0,4.0,2159130,1.0,1,4,1,5.0,,0.0,0,1960.0,A01,138Â 292Â 440,1.0,0.0,-1.0,1648608,3.0,7,,0.0,2.0,1.0,B01,138Â 292Â 441,1.0
965957,201900007488,11,27,16:35,1,2,3,1.0,3.0,72181,CUGNOT NICOLAS (BD),M,"47,9925200","0,2254500",72,2019,70.0,1.0,2.0,4.0,2159131,1.0,1,1,2,1.0,,0.0,0,1970.0,B01,138Â 292Â 441,1.0,0.0,-1.0,1648607,3.0,10,,0.0,2.0,8.0,A01,138Â 292Â 440,1.0
965957,201900007488,11,27,16:35,1,2,3,1.0,3.0,72181,CUGNOT NICOLAS (BD),M,"47,9925200","0,2254500",72,2019,70.0,1.0,2.0,4.0,2159131,1.0,1,1,2,1.0,,0.0,0,1970.0,B01,138Â 292Â 441,1.0,0.0,-1.0,1648608,3.0,7,,0.0,2.0,1.0,B01,138Â 292Â 441,1.0
965958,201900007489,11,28,22:15,5,2,9,1.0,3.0,69256,BOLHEN   (DE)                        (AV,M,"45,7653000","4,9235000",69,2019,50.0,1.0,1.0,4.0,2159132,1.0,1,1,1,5.0,,-1.0, -1,1990.0,B01,138Â 292Â 437,1.0,0.0,-1.0,1648609,0.0,7,,0.0,2.0,8.0,B01,138Â 292Â 437,1.0
965958,201900007489,11,28,22:15,5,2,9,1.0,3.0,69256,BOLHEN   (DE)                        (AV,M,"45,7653000","4,9235000",69,2019,50.0,1.0,1.0,4.0,2159132,1.0,1,1,1,5.0,,-1.0, -1,1990.0,B01,138Â 292Â 437,1.0,0.0,-1.0,1648610,1.0,7,,0.0,2.0,1.0,A01,138Â 292Â 438,1.0
965958,201900007489,11,28,22:15,5,2,9,1.0,3.0,69256,BOLHEN   (DE)                        (AV,M,"45,7653000","4,9235000",69,2019,50.0,1.0,1.0,4.0,2159133,2.0,2,4,2,5.0,,-1.0, -1,1992.0,B01,138Â 292Â 437,1.0,0.0,-1.0,1648609,0.0,7,,0.0,2.0,8.0,B01,138Â 292Â 437,1.0
965958,201900007489,11,28,22:15,5,2,9,1.0,3.0,69256,BOLHEN   (DE)                        (AV,M,"45,7653000","4,9235000",69,2019,50.0,1.0,1.0,4.0,2159133,2.0,2,4,2,5.0,,-1.0, -1,1992.0,B01,138Â 292Â 437,1.0,0.0,-1.0,1648610,1.0,7,,0.0,2.0,1.0,A01,138Â 292Â 438,1.0
965958,201900007489,11,28,22:15,5,2,9,1.0,3.0,69256,BOLHEN   (DE)                        (AV,M,"45,7653000","4,9235000",69,2019,50.0,1.0,1.0,4.0,2159134,3.0,2,1,1,0.0,,-1.0, -1,2004.0,A01,138Â 292Â 438,1.0,0.0,-1.0,1648609,0.0,7,,0.0,2.0,8.0,B01,138Â 292Â 437,1.0
965958,201900007489,11,28,22:15,5,2,9,1.0,3.0,69256,BOLHEN   (DE)                        (AV,M,"45,7653000","4,9235000",69,2019,50.0,1.0,1.0,4.0,2159134,3.0,2,1,1,0.0,,-1.0, -1,2004.0,A01,138Â 292Â 438,1.0,0.0,-1.0,1648610,1.0,7,,0.0,2.0,1.0,A01,138Â 292Â 438,1.0
965958,201900007489,11,28,22:15,5,2,9,1.0,3.0,69256,BOLHEN   (DE)                        (AV,M,"45,7653000","4,9235000",69,2019,50.0,1.0,1.0,4.0,2159135,2.0,2,4,2,0.0,,-1.0, -1,1997.0,A01,138Â 292Â 438,1.0,0.0,-1.0,1648609,0.0,7,,0.0,2.0,8.0,B01,138Â 292Â 437,1.0
965958,201900007489,11,28,22:15,5,2,9,1.0,3.0,69256,BOLHEN   (DE)                        (AV,M,"45,7653000","4,9235000",69,2019,50.0,1.0,1.0,4.0,2159135,2.0,2,4,2,0.0,,-1.0, -1,1997.0,A01,138Â 292Â 438,1.0,0.0,-1.0,1648610,1.0,7,,0.0,2.0,1.0,A01,138Â 292Â 438,1.0
965958,201900007489,11,28,22:15,5,2,9,1.0,3.0,69256,BOLHEN   (DE)                        (AV,M,"45,7653000","4,9235000",69,2019,50.0,1.0,1.0,4.0,2159136,1.0,1,1,2,0.0,,-1.0, -1,1996.0,A01,138Â 292Â 438,1.0,0.0,-1.0,1648609,0.0,7,,0.0,2.0,8.0,B01,138Â 292Â 437,1.0
965958,201900007489,11,28,22:15,5,2,9,1.0,3.0,69256,BOLHEN   (DE)                        (AV,M,"45,7653000","4,9235000",69,2019,50.0,1.0,1.0,4.0,2159136,1.0,1,1,2,0.0,,-1.0, -1,1996.0,A01,138Â 292Â 438,1.0,0.0,-1.0,1648610,1.0,7,,0.0,2.0,1.0,A01,138Â 292Â 438,1.0
965959,201900007490,11,28,07:45,1,2,1,2.0,6.0,69275,VERNEYRES (DES)                     (CH),M,"45,7585600","4,9600300",69,2019,50.0,1.0,2.0,4.0,2159137,10.0,3,4,1,1.0,,4.0,3,1969.0,A01,138Â 292Â 436,8.0,4.0,-1.0,1648611,1.0,7,,0.0,2.0,8.0,A01,138Â 292Â 436,1.0
965959,201900007490,11,28,07:45,1,2,1,2.0,6.0,69275,VERNEYRES (DES)                     (CH),M,"45,7585600","4,9600300",69,2019,50.0,1.0,2.0,4.0,2159138,1.0,1,1,2,0.0,,0.0,0,1970.0,A01,138Â 292Â 436,1.0,0.0,-1.0,1648611,1.0,7,,0.0,2.0,8.0,A01,138Â 292Â 436,1.0
965960,201900007491,11,27,12:40,1,2,1,1.0,6.0,69282,REPUBLIQUE (DE)                     (R ),M,"45,7667400","4,9981800",69,2019,50.0,1.0,1.0,4.0,2159139,10.0,3,4,1,1.0,,3.0,3,1991.0,Z01,138Â 292Â 435,8.0,8.0,-1.0,1648612,2.0,99,,0.0,1.0,0.0,Z01,138Â 292Â 435,0.0
965961,201900007492,11,28,18:30,5,2,1,1.0,4.0,69115,ANSE (route d'),M,"45,9709900","4,7168500",69,2019,50.0,1.0,1.0,3.0,2159140,1.0,1,1,1,5.0,,-1.0,0,1974.0,C01,138Â 292Â 432,1.0,8.0,-1.0,1648613,3.0,10,,0.0,2.0,4.0,C01,138Â 292Â 432,0.0
965961,201900007492,11,28,18:30,5,2,1,1.0,4.0,69115,ANSE (route d'),M,"45,9709900","4,7168500",69,2019,50.0,1.0,1.0,3.0,2159140,1.0,1,1,1,5.0,,-1.0,0,1974.0,C01,138Â 292Â 432,1.0,8.0,-1.0,1648614,3.0,10,,0.0,2.0,1.0,B01,138Â 292Â 433,0.0
965961,201900007492,11,28,18:30,5,2,1,1.0,4.0,69115,ANSE (route d'),M,"45,9709900","4,7168500",69,2019,50.0,1.0,1.0,3.0,2159140,1.0,1,1,1,5.0,,-1.0,0,1974.0,C01,138Â 292Â 432,1.0,8.0,-1.0,1648615,3.0,10,,0.0,2.0,1.0,A01,138Â 292Â 434,0.0
965961,201900007492,11,28,18:30,5,2,1,1.0,4.0,69115,ANSE (route d'),M,"45,9709900","4,7168500",69,2019,50.0,1.0,1.0,3.0,2159141,1.0,1,4,2,5.0,,-1.0,0,1949.0,B01,138Â 292Â 433,1.0,8.0,-1.0,1648613,3.0,10,,0.0,2.0,4.0,C01,138Â 292Â 432,0.0
965961,201900007492,11,28,18:30,5,2,1,1.0,4.0,69115,ANSE (route d'),M,"45,9709900","4,7168500",69,2019,50.0,1.0,1.0,3.0,2159141,1.0,1,4,2,5.0,,-1.0,0,1949.0,B01,138Â 292Â 433,1.0,8.0,-1.0,1648614,3.0,10,,0.0,2.0,1.0,B01,138Â 292Â 433,0.0
965961,201900007492,11,28,18:30,5,2,1,1.0,4.0,69115,ANSE (route d'),M,"45,9709900","4,7168500",69,2019,50.0,1.0,1.0,3.0,2159141,1.0,1,4,2,5.0,,-1.0,0,1949.0,B01,138Â 292Â 433,1.0,8.0,-1.0,1648615,3.0,10,,0.0,2.0,1.0,A01,138Â 292Â 434,0.0
965961,201900007492,11,28,18:30,5,2,1,1.0,4.0,69115,ANSE (route d'),M,"45,9709900","4,7168500",69,2019,50.0,1.0,1.0,3.0,2159142,1.0,1,1,1,4.0,,-1.0,0,1994.0,A01,138Â 292Â 434,1.0,8.0,-1.0,1648613,3.0,10,,0.0,2.0,4.0,C01,138Â 292Â 432,0.0
965961,201900007492,11,28,18:30,5,2,1,1.0,4.0,69115,ANSE (route d'),M,"45,9709900","4,7168500",69,2019,50.0,1.0,1.0,3.0,2159142,1.0,1,1,1,4.0,,-1.0,0,1994.0,A01,138Â 292Â 434,1.0,8.0,-1.0,1648614,3.0,10,,0.0,2.0,1.0,B01,138Â 292Â 433,0.0
965961,201900007492,11,28,18:30,5,2,1,1.0,4.0,69115,ANSE (route d'),M,"45,9709900","4,7168500",69,2019,50.0,1.0,1.0,3.0,2159142,1.0,1,1,1,4.0,,-1.0,0,1994.0,A01,138Â 292Â 434,1.0,8.0,-1.0,1648615,3.0,10,,0.0,2.0,1.0,A01,138Â 292Â 434,0.0
965962,201900007493,11,27,20:56,3,1,1,3.0,6.0,57283,CD 112 F,M,"49,2481300","6,1454400",57,2019,80.0,1.0,2.0,3.0,2159143,10.0,3,4,1,0.0,,6.0,3,1985.0,Z01,138Â 292Â 428,0.0,-1.0,-1.0,1648616,1.0,7,,0.0,1.0,0.0,Z01,138Â 292Â 428,0.0
965963,201900007494,11,27,20:30,5,2,3,2.0,3.0,56098,BILLOUX ( AV. FRANCOIS ),M,"47,7650900"," -3,3518600",56,2019,50.0,1.0,2.0,4.0,2159144,1.0,1,4,1,5.0,,-1.0,0,1990.0,B01,138Â 292Â 426,8.0,0.0,-1.0,1648617,1.0,1,,0.0,2.0,7.0,B01,138Â 292Â 426,5.0
965963,201900007494,11,27,20:30,5,2,3,2.0,3.0,56098,BILLOUX ( AV. FRANCOIS ),M,"47,7650900"," -3,3518600",56,2019,50.0,1.0,2.0,4.0,2159144,1.0,1,4,1,5.0,,-1.0,0,1990.0,B01,138Â 292Â 426,8.0,0.0,-1.0,1648618,2.0,7,,0.0,2.0,1.0,A01,138Â 292Â 427,1.0
965963,201900007494,11,27,20:30,5,2,3,2.0,3.0,56098,BILLOUX ( AV. FRANCOIS ),M,"47,7650900"," -3,3518600",56,2019,50.0,1.0,2.0,4.0,2159145,1.0,1,1,2,5.0,,-1.0,0,1957.0,A01,138Â 292Â 427,1.0,8.0,-1.0,1648617,1.0,1,,0.0,2.0,7.0,B01,138Â 292Â 426,5.0
965963,201900007494,11,27,20:30,5,2,3,2.0,3.0,56098,BILLOUX ( AV. FRANCOIS ),M,"47,7650900"," -3,3518600",56,2019,50.0,1.0,2.0,4.0,2159145,1.0,1,1,2,5.0,,-1.0,0,1957.0,A01,138Â 292Â 427,1.0,8.0,-1.0,1648618,2.0,7,,0.0,2.0,1.0,A01,138Â 292Â 427,1.0
965964,201900007495,11,27,17:55,5,1,1,2.0,2.0,56098,RN 165 (PATINOIRE),M,"47,7781100"," -3,3543300",56,2019,80.0,1.0,2.0,2.0,2159146,1.0,1,4,2,5.0,,-1.0,0,1967.0,B01,138Â 292Â 424,1.0,8.0,-1.0,1648619,2.0,7,,0.0,2.0,4.0,B01,138Â 292Â 424,1.0
965964,201900007495,11,27,17:55,5,1,1,2.0,2.0,56098,RN 165 (PATINOIRE),M,"47,7781100"," -3,3543300",56,2019,80.0,1.0,2.0,2.0,2159146,1.0,1,4,2,5.0,,-1.0,0,1967.0,B01,138Â 292Â 424,1.0,8.0,-1.0,1648620,2.0,7,,0.0,2.0,1.0,A01,138Â 292Â 425,1.0
965964,201900007495,11,27,17:55,5,1,1,2.0,2.0,56098,RN 165 (PATINOIRE),M,"47,7781100"," -3,3543300",56,2019,80.0,1.0,2.0,2.0,2159147,1.0,1,1,2,1.0,,-1.0,0,1999.0,A01,138Â 292Â 425,1.0,8.0,-1.0,1648619,2.0,7,,0.0,2.0,4.0,B01,138Â 292Â 424,1.0
965964,201900007495,11,27,17:55,5,1,1,2.0,2.0,56098,RN 165 (PATINOIRE),M,"47,7781100"," -3,3543300",56,2019,80.0,1.0,2.0,2.0,2159147,1.0,1,1,2,1.0,,-1.0,0,1999.0,A01,138Â 292Â 425,1.0,8.0,-1.0,1648620,2.0,7,,0.0,2.0,1.0,A01,138Â 292Â 425,1.0
965965,201900007496,11,27,18:32,2,2,1,1.0,6.0,49007,MOULIN BOULEVARD,M,"47,4917000"," -0,5610800",49,2019,60.0,1.0,2.0,4.0,2159148,1.0,1,1,1,0.0,,-1.0, -1,1973.0,A01,138Â 292Â 423,1.0,8.0,-1.0,1648621,1.0,7,,0.0,1.0,0.0,A01,138Â 292Â 423,1.0
965965,201900007496,11,27,18:32,2,2,1,1.0,6.0,49007,MOULIN BOULEVARD,M,"47,4917000"," -0,5610800",49,2019,60.0,1.0,2.0,4.0,2159149,10.0,3,3,1,0.0,,9.0,B,2016.0,A01,138Â 292Â 423,8.0,0.0,-1.0,1648621,1.0,7,,0.0,1.0,0.0,A01,138Â 292Â 423,1.0
965966,201900007497,11,26,19:45,3,2,3,3.0,6.0,44184,RUES MENDES FRANCE / JOLLINIER,M,"47,2736990"," -2,2147470",44,2019,50.0,1.0,2.0,4.0,2159150,1.0,1,1,1,1.0,,-1.0,0,1989.0,A01,138Â 292Â 422,8.0,0.0,-1.0,1648622,1.0,1,,0.0,1.0,1.0,A01,138Â 292Â 422,5.0
965966,201900007497,11,26,19:45,3,2,3,3.0,6.0,44184,RUES MENDES FRANCE / JOLLINIER,M,"47,2736990"," -2,2147470",44,2019,50.0,1.0,2.0,4.0,2159151,10.0,3,3,2,0.0,,2.0,3,1958.0,A01,138Â 292Â 422,8.0,0.0,-1.0,1648622,1.0,1,,0.0,1.0,1.0,A01,138Â 292Â 422,5.0
965967,201900007498,11,28,13:55,1,2,1,1.0,1.0,44109,AVENUE DE LA PETITE BARATTE,M,"47,2508900"," -1,5249900",44,2019,50.0,1.0,2.0,4.0,2159152,1.0,1,1,1,0.0,,0.0,0,2000.0,Z01,138Â 292Â 420,8.0,0.0,-1.0,1648623,1.0,10,,0.0,2.0,1.0,Z01,138Â 292Â 420,1.0
965967,201900007498,11,28,13:55,1,2,1,1.0,1.0,44109,AVENUE DE LA PETITE BARATTE,M,"47,2508900"," -1,5249900",44,2019,50.0,1.0,2.0,4.0,2159152,1.0,1,1,1,0.0,,0.0,0,2000.0,Z01,138Â 292Â 420,8.0,0.0,-1.0,1648624,1.0,7,,0.0,2.0,1.0,B01,138Â 292Â 421,1.0
965967,201900007498,11,28,13:55,1,2,1,1.0,1.0,44109,AVENUE DE LA PETITE BARATTE,M,"47,2508900"," -1,5249900",44,2019,50.0,1.0,2.0,4.0,2159153,4.0,2,4,2,0.0,,0.0,0,2019.0,B01,138Â 292Â 421,1.0,0.0,-1.0,1648623,1.0,10,,0.0,2.0,1.0,Z01,138Â 292Â 420,1.0
965967,201900007498,11,28,13:55,1,2,1,1.0,1.0,44109,AVENUE DE LA PETITE BARATTE,M,"47,2508900"," -1,5249900",44,2019,50.0,1.0,2.0,4.0,2159153,4.0,2,4,2,0.0,,0.0,0,2019.0,B01,138Â 292Â 421,1.0,0.0,-1.0,1648624,1.0,7,,0.0,2.0,1.0,B01,138Â 292Â 421,1.0
965967,201900007498,11,28,13:55,1,2,1,1.0,1.0,44109,AVENUE DE LA PETITE BARATTE,M,"47,2508900"," -1,5249900",44,2019,50.0,1.0,2.0,4.0,2159154,1.0,1,1,2,0.0,,0.0,0,1986.0,B01,138Â 292Â 421,1.0,0.0,-1.0,1648623,1.0,10,,0.0,2.0,1.0,Z01,138Â 292Â 420,1.0
965967,201900007498,11,28,13:55,1,2,1,1.0,1.0,44109,AVENUE DE LA PETITE BARATTE,M,"47,2508900"," -1,5249900",44,2019,50.0,1.0,2.0,4.0,2159154,1.0,1,1,2,0.0,,0.0,0,1986.0,B01,138Â 292Â 421,1.0,0.0,-1.0,1648624,1.0,7,,0.0,2.0,1.0,B01,138Â 292Â 421,1.0
965968,201900007499,11,28,01:05,3,2,2,1.0,2.0,35281,MIVOIE (ROUTE DE),M,"48,0690731"," -1,7034553",35,2019,50.0,1.0,1.0,4.0,2159155,1.0,1,1,1,1.0,,-1.0,0,1968.0,A01,138Â 292Â 418,1.0,0.0,-1.0,1648625,3.0,7,,0.0,2.0,1.0,A01,138Â 292Â 418,0.0
965968,201900007499,11,28,01:05,3,2,2,1.0,2.0,35281,MIVOIE (ROUTE DE),M,"48,0690731"," -1,7034553",35,2019,50.0,1.0,1.0,4.0,2159155,1.0,1,1,1,1.0,,-1.0,0,1968.0,A01,138Â 292Â 418,1.0,0.0,-1.0,1648626,3.0,33,,0.0,0.0,4.0,B01,138Â 292Â 419,1.0
965968,201900007499,11,28,01:05,3,2,2,1.0,2.0,35281,MIVOIE (ROUTE DE),M,"48,0690731"," -1,7034553",35,2019,50.0,1.0,1.0,4.0,2159156,1.0,1,4,1,0.0,,-1.0,0,1986.0,B01,138Â 292Â 419,2.0,8.0,-1.0,1648625,3.0,7,,0.0,2.0,1.0,A01,138Â 292Â 418,0.0
965968,201900007499,11,28,01:05,3,2,2,1.0,2.0,35281,MIVOIE (ROUTE DE),M,"48,0690731"," -1,7034553",35,2019,50.0,1.0,1.0,4.0,2159156,1.0,1,4,1,0.0,,-1.0,0,1986.0,B01,138Â 292Â 419,2.0,8.0,-1.0,1648626,3.0,33,,0.0,0.0,4.0,B01,138Â 292Â 419,1.0
965969,201900007500,11,22,14:10,1,2,9,2.0,3.0,33063,BD ALIENOR D'AQUITAINE,M,"44,8757600"," -0,5644800",33,2019,70.0,1.0,2.0,4.0,2159157,1.0,1,4,1,0.0,,-1.0, -1,1976.0,A01,138Â 292Â 416,2.0,0.0,-1.0,1648627,0.0,34,,0.0,9.0,3.0,A01,138Â 292Â 416,1.0
965969,201900007500,11,22,14:10,1,2,9,2.0,3.0,33063,BD ALIENOR D'AQUITAINE,M,"44,8757600"," -0,5644800",33,2019,70.0,1.0,2.0,4.0,2159157,1.0,1,4,1,0.0,,-1.0, -1,1976.0,A01,138Â 292Â 416,2.0,0.0,-1.0,1648628,3.0,7,,0.0,2.0,0.0,B01,138Â 292Â 417,1.0
965969,201900007500,11,22,14:10,1,2,9,2.0,3.0,33063,BD ALIENOR D'AQUITAINE,M,"44,8757600"," -0,5644800",33,2019,70.0,1.0,2.0,4.0,2159158,1.0,1,1,1,1.0,,-1.0, -1,1981.0,B01,138Â 292Â 417,1.0,0.0,-1.0,1648627,0.0,34,,0.0,9.0,3.0,A01,138Â 292Â 416,1.0
965969,201900007500,11,22,14:10,1,2,9,2.0,3.0,33063,BD ALIENOR D'AQUITAINE,M,"44,8757600"," -0,5644800",33,2019,70.0,1.0,2.0,4.0,2159158,1.0,1,1,1,1.0,,-1.0, -1,1981.0,B01,138Â 292Â 417,1.0,0.0,-1.0,1648628,3.0,7,,0.0,2.0,0.0,B01,138Â 292Â 417,1.0
965970,201900007501,11,26,19:20,5,2,3,1.0,3.0,33063,SOMME (CRS DE LA),M,"44,8300600"," -0,5724600",33,2019,50.0,1.0,1.0,4.0,2159159,1.0,1,3,1,0.0,,-1.0, -1,1980.0,B01,138Â 292Â 414,8.0,0.0,-1.0,1648629,1.0,30,,1.0,0.0,1.0,B01,138Â 292Â 414,1.0
965970,201900007501,11,26,19:20,5,2,3,1.0,3.0,33063,SOMME (CRS DE LA),M,"44,8300600"," -0,5724600",33,2019,50.0,1.0,1.0,4.0,2159159,1.0,1,3,1,0.0,,-1.0, -1,1980.0,B01,138Â 292Â 414,8.0,0.0,-1.0,1648630,1.0,7,,0.0,2.0,1.0,Z01,138Â 292Â 415,1.0
965970,201900007501,11,26,19:20,5,2,3,1.0,3.0,33063,SOMME (CRS DE LA),M,"44,8300600"," -0,5724600",33,2019,50.0,1.0,1.0,4.0,2159160,1.0,1,1,1,0.0,,-1.0, -1,1989.0,Z01,138Â 292Â 415,8.0,0.0,-1.0,1648629,1.0,30,,1.0,0.0,1.0,B01,138Â 292Â 414,1.0
965970,201900007501,11,26,19:20,5,2,3,1.0,3.0,33063,SOMME (CRS DE LA),M,"44,8300600"," -0,5724600",33,2019,50.0,1.0,1.0,4.0,2159160,1.0,1,1,1,0.0,,-1.0, -1,1989.0,Z01,138Â 292Â 415,8.0,0.0,-1.0,1648630,1.0,7,,0.0,2.0,1.0,Z01,138Â 292Â 415,1.0
965971,201900007502,11,28,09:46,1,1,1,1.0,5.0,31555,VA007306 A64,M,"43,5684700","1,4197200",31,2019,90.0,1.0,1.0,1.0,2159161,1.0,1,1,1,9.0,,-1.0, -1,1963.0,C01,138Â 292Â 411,1.0,8.0,-1.0,1648631,1.0,7,,0.0,2.0,3.0,C01,138Â 292Â 411,1.0
965971,201900007502,11,28,09:46,1,1,1,1.0,5.0,31555,VA007306 A64,M,"43,5684700","1,4197200",31,2019,90.0,1.0,1.0,1.0,2159161,1.0,1,1,1,9.0,,-1.0, -1,1963.0,C01,138Â 292Â 411,1.0,8.0,-1.0,1648632,1.0,7,,0.0,2.0,4.0,B01,138Â 292Â 412,1.0
965971,201900007502,11,28,09:46,1,1,1,1.0,5.0,31555,VA007306 A64,M,"43,5684700","1,4197200",31,2019,90.0,1.0,1.0,1.0,2159161,1.0,1,1,1,9.0,,-1.0, -1,1963.0,C01,138Â 292Â 411,1.0,8.0,-1.0,1648633,1.0,17,,0.0,2.0,7.0,A01,138Â 292Â 413,1.0
965971,201900007502,11,28,09:46,1,1,1,1.0,5.0,31555,VA007306 A64,M,"43,5684700","1,4197200",31,2019,90.0,1.0,1.0,1.0,2159162,1.0,1,4,1,9.0,,-1.0, -1,1998.0,B01,138Â 292Â 412,1.0,8.0,-1.0,1648631,1.0,7,,0.0,2.0,3.0,C01,138Â 292Â 411,1.0
965971,201900007502,11,28,09:46,1,1,1,1.0,5.0,31555,VA007306 A64,M,"43,5684700","1,4197200",31,2019,90.0,1.0,1.0,1.0,2159162,1.0,1,4,1,9.0,,-1.0, -1,1998.0,B01,138Â 292Â 412,1.0,8.0,-1.0,1648632,1.0,7,,0.0,2.0,4.0,B01,138Â 292Â 412,1.0
965971,201900007502,11,28,09:46,1,1,1,1.0,5.0,31555,VA007306 A64,M,"43,5684700","1,4197200",31,2019,90.0,1.0,1.0,1.0,2159162,1.0,1,4,1,9.0,,-1.0, -1,1998.0,B01,138Â 292Â 412,1.0,8.0,-1.0,1648633,1.0,17,,0.0,2.0,7.0,A01,138Â 292Â 413,1.0
965971,201900007502,11,28,09:46,1,1,1,1.0,5.0,31555,VA007306 A64,M,"43,5684700","1,4197200",31,2019,90.0,1.0,1.0,1.0,2159163,1.0,1,1,1,4.0,,-1.0, -1,1993.0,A01,138Â 292Â 413,1.0,8.0,-1.0,1648631,1.0,7,,0.0,2.0,3.0,C01,138Â 292Â 411,1.0
965971,201900007502,11,28,09:46,1,1,1,1.0,5.0,31555,VA007306 A64,M,"43,5684700","1,4197200",31,2019,90.0,1.0,1.0,1.0,2159163,1.0,1,1,1,4.0,,-1.0, -1,1993.0,A01,138Â 292Â 413,1.0,8.0,-1.0,1648632,1.0,7,,0.0,2.0,4.0,B01,138Â 292Â 412,1.0
965971,201900007502,11,28,09:46,1,1,1,1.0,5.0,31555,VA007306 A64,M,"43,5684700","1,4197200",31,2019,90.0,1.0,1.0,1.0,2159163,1.0,1,1,1,4.0,,-1.0, -1,1993.0,A01,138Â 292Â 413,1.0,8.0,-1.0,1648633,1.0,17,,0.0,2.0,7.0,A01,138Â 292Â 413,1.0
965972,201900007503,11,27,20:30,3,2,1,2.0,3.0,31555,RTE DE LABEGE,M,"43,5587000","1,5032700",31,2019,50.0,1.0,2.0,3.0,2159164,2.0,1,4,2,9.0,,-1.0, -1,1998.0,A01,138Â 292Â 409,1.0,0.0,-1.0,1648634,1.0,7,,0.0,2.0,1.0,A01,138Â 292Â 409,1.0
965972,201900007503,11,27,20:30,3,2,1,2.0,3.0,31555,RTE DE LABEGE,M,"43,5587000","1,5032700",31,2019,50.0,1.0,2.0,3.0,2159164,2.0,1,4,2,9.0,,-1.0, -1,1998.0,A01,138Â 292Â 409,1.0,0.0,-1.0,1648635,2.0,7,,0.0,2.0,8.0,B01,138Â 292Â 410,1.0