Unnamed: 0_x,num_acc,mois,jour,hrmn,lum,agg,int,atm,col,com,adr,gps,lat,long,dep,annee,vma,situ,surf,catr,Unnamed: 0_y,place,catu,grav,sexe,trajet,secu,locp,actp,an_nais,num_veh_x,id_vehicule_x,secu1,secu2,secu3,Unnamed: 0,senc,catv,occutc,obs,obsm,choc,num_veh_y,id_vehicule_y,motor
965972,201900007503,11,27,20:30,3,2,1,2.0,3.0,31555,RTE DE LABEGE,M,"43,5587000","1,5032700",31,2019,50.0,1.0,2.0,3.0,2159165,1.0,1,1,1,9.0,,-1.0, -1,1973.0,B01,138Â 292Â 410,1.0,0.0,-1.0,1648634,1.0,7,,0.0,2.0,1.0,A01,138Â 292Â 409,1.0
965972,201900007503,11,27,20:30,3,2,1,2.0,3.0,31555,RTE DE LABEGE,M,"43,5587000","1,5032700",31,2019,50.0,1.0,2.0,3.0,2159165,1.0,1,1,1,9.0,,-1.0, -1,1973.0,B01,138Â 292Â 410,1.0,0.0,-1.0,1648635,2.0,7,,0.0,2.0,8.0,B01,138Â 292Â 410,1.0
965973,201900007504,11,27,19:20,5,2,2,1.0,3.0,31555,AV JULES JULIEN,M,"43,5765500","1,4509700",31,2019,50.0,1.0,1.0,4.0,2159166,1.0,1,4,1,9.0,,-1.0, -1,1990.0,B01,138Â 292Â 407,2.0,8.0,-1.0,1648636,2.0,33,,0.0,2.0,1.0,B01,138Â 292Â 407,1.0
965973,201900007504,11,27,19:20,5,2,2,1.0,3.0,31555,AV JULES JULIEN,M,"43,5765500","1,4509700",31,2019,50.0,1.0,1.0,4.0,2159166,1.0,1,4,1,9.0,,-1.0, -1,1990.0,B01,138Â 292Â 407,2.0,8.0,-1.0,1648637,3.0,10,,0.0,2.0,8.0,A01,138Â 292Â 408,1.0
965973,201900007504,11,27,19:20,5,2,2,1.0,3.0,31555,AV JULES JULIEN,M,"43,5765500","1,4509700",31,2019,50.0,1.0,1.0,4.0,2159167,1.0,1,1,1,4.0,,-1.0, -1,1994.0,A01,138Â 292Â 408,1.0,7.0,-1.0,1648636,2.0,33,,0.0,2.0,1.0,B01,138Â 292Â 407,1.0
965973,201900007504,11,27,19:20,5,2,2,1.0,3.0,31555,AV JULES JULIEN,M,"43,5765500","1,4509700",31,2019,50.0,1.0,1.0,4.0,2159167,1.0,1,1,1,4.0,,-1.0, -1,1994.0,A01,138Â 292Â 408,1.0,7.0,-1.0,1648637,3.0,10,,0.0,2.0,8.0,A01,138Â 292Â 408,1.0
965974,201900007505,11,28,07:49,1,2,2,1.0,3.0,30189,ECLUSE (PLACE OU RUE),M,"43,8391500","4,3657700",30,2019,50.0,1.0,1.0,4.0,2159168,1.0,1,3,2,0.0,,-1.0,0,2000.0,A01,138Â 292Â 405,2.0,0.0,-1.0,1648638,1.0,30,,0.0,2.0,1.0,A01,138Â 292Â 405,1.0
965974,201900007505,11,28,07:49,1,2,2,1.0,3.0,30189,ECLUSE (PLACE OU RUE),M,"43,8391500","4,3657700",30,2019,50.0,1.0,1.0,4.0,2159168,1.0,1,3,2,0.0,,-1.0,0,2000.0,A01,138Â 292Â 405,2.0,0.0,-1.0,1648639,1.0,7,,0.0,2.0,2.0,B01,138Â 292Â 406,1.0
965974,201900007505,11,28,07:49,1,2,2,1.0,3.0,30189,ECLUSE (PLACE OU RUE),M,"43,8391500","4,3657700",30,2019,50.0,1.0,1.0,4.0,2159169,1.0,1,1,1,0.0,,-1.0, -1,1972.0,B01,138Â 292Â 406,1.0,0.0,-1.0,1648638,1.0,30,,0.0,2.0,1.0,A01,138Â 292Â 405,1.0
965974,201900007505,11,28,07:49,1,2,2,1.0,3.0,30189,ECLUSE (PLACE OU RUE),M,"43,8391500","4,3657700",30,2019,50.0,1.0,1.0,4.0,2159169,1.0,1,1,1,0.0,,-1.0, -1,1972.0,B01,138Â 292Â 406,1.0,0.0,-1.0,1648639,1.0,7,,0.0,2.0,2.0,B01,138Â 292Â 406,1.0
965975,201900007506,11,28,18:30,5,2,1,2.0,6.0,27681,BOURBON PENTHIEVRE (RUE),M,"49,0936000","1,4867000",27,2019,20.0,1.0,9.0,4.0,2159170,1.0,1,1,1,9.0,,-1.0, -1,1989.0,A01,138Â 292Â 404,1.0,0.0,-1.0,1648640,2.0,7,,0.0,1.0,4.0,A01,138Â 292Â 404,3.0
965975,201900007506,11,28,18:30,5,2,1,2.0,6.0,27681,BOURBON PENTHIEVRE (RUE),M,"49,0936000","1,4867000",27,2019,20.0,1.0,9.0,4.0,2159171,10.0,3,3,1,0.0,,9.0,3,1947.0,A01,138Â 292Â 404,0.0,-1.0,-1.0,1648640,2.0,7,,0.0,1.0,4.0,A01,138Â 292Â 404,3.0
965976,201900007507,11,27,19:45,5,2,1,3.0,1.0,22113,PLACENN AR GUER (RUE DE),M,"48,7446090"," -3,4531980",22,2019,50.0,1.0,2.0,4.0,2159172,1.0,1,4,1,0.0,,-1.0, -1,1957.0,B01,138Â 292Â 402,1.0,0.0,-1.0,1648641,2.0,7,,0.0,2.0,1.0,B01,138Â 292Â 402,1.0
965976,201900007507,11,27,19:45,5,2,1,3.0,1.0,22113,PLACENN AR GUER (RUE DE),M,"48,7446090"," -3,4531980",22,2019,50.0,1.0,2.0,4.0,2159172,1.0,1,4,1,0.0,,-1.0, -1,1957.0,B01,138Â 292Â 402,1.0,0.0,-1.0,1648642,1.0,7,,0.0,2.0,1.0,A01,138Â 292Â 403,1.0
965976,201900007507,11,27,19:45,5,2,1,3.0,1.0,22113,PLACENN AR GUER (RUE DE),M,"48,7446090"," -3,4531980",22,2019,50.0,1.0,2.0,4.0,2159173,1.0,1,1,1,0.0,,0.0,0,1989.0,A01,138Â 292Â 403,1.0,8.0,-1.0,1648641,2.0,7,,0.0,2.0,1.0,B01,138Â 292Â 402,1.0
965976,201900007507,11,27,19:45,5,2,1,3.0,1.0,22113,PLACENN AR GUER (RUE DE),M,"48,7446090"," -3,4531980",22,2019,50.0,1.0,2.0,4.0,2159173,1.0,1,1,1,0.0,,0.0,0,1989.0,A01,138Â 292Â 403,1.0,8.0,-1.0,1648642,1.0,7,,0.0,2.0,1.0,A01,138Â 292Â 403,1.0
965977,201900007508,11,28,17:43,5,2,1,1.0,6.0,17300,MISSY   RUE DE,M,"46,1608800"," -1,1706700",17,2019,50.0,4.0,2.0,4.0,2159174,1.0,1,4,1,2.0,,-1.0,0,2003.0,A01,138Â 292Â 401,2.0,0.0,-1.0,1648643,3.0,1,,0.0,1.0,1.0,A01,138Â 292Â 401,5.0
965977,201900007508,11,28,17:43,5,2,1,1.0,6.0,17300,MISSY   RUE DE,M,"46,1608800"," -1,1706700",17,2019,50.0,4.0,2.0,4.0,2159175,10.0,3,1,1,2.0,,5.0,2,1975.0,A01,138Â 292Â 401,8.0,0.0,-1.0,1648643,3.0,1,,0.0,1.0,1.0,A01,138Â 292Â 401,5.0
965978,201900007509,11,28,20:30,5,2,1,1.0,3.0,13208,MICHELET (BOULEVARD),M,"43,2612270","5,3976970",13,2019,50.0,1.0,1.0,4.0,2159176,1.0,1,4,1,0.0,,0.0,0,1982.0,B01,138Â 292Â 399,2.0,0.0,-1.0,1648644,1.0,32,,0.0,2.0,0.0,B01,138Â 292Â 399,1.0
965978,201900007509,11,28,20:30,5,2,1,1.0,3.0,13208,MICHELET (BOULEVARD),M,"43,2612270","5,3976970",13,2019,50.0,1.0,1.0,4.0,2159176,1.0,1,4,1,0.0,,0.0,0,1982.0,B01,138Â 292Â 399,2.0,0.0,-1.0,1648645,1.0,7,,0.0,2.0,0.0,Z01,138Â 292Â 400,1.0
965979,201900007510,11,28,06:00,5,2,3,1.0,6.0,13209,SAINTE MARGUERITE (BOULEVARD),M,"43,2686800","5,4041600",13,2019,50.0,1.0,1.0,4.0,2159177,10.0,3,3,2,5.0,,4.0,3,1972.0,A01,138Â 292Â 397,0.0,-1.0,-1.0,1648646,1.0,7,,0.0,1.0,1.0,A01,138Â 292Â 397,0.0
965979,201900007510,11,28,06:00,5,2,3,1.0,6.0,13209,SAINTE MARGUERITE (BOULEVARD),M,"43,2686800","5,4041600",13,2019,50.0,1.0,1.0,4.0,2159178,1.0,1,1,1,5.0,,0.0,0,1985.0,A01,138Â 292Â 397,1.0,0.0,-1.0,1648646,1.0,7,,0.0,1.0,1.0,A01,138Â 292Â 397,0.0
965980,201900007511,11,27,12:55,1,2,2,1.0,6.0,06088,RISSO (BD),M,"43,7013540","7,2790630",6,2019,50.0,1.0,1.0,4.0,2159179,1.0,1,1,2,9.0,,0.0,0,1960.0,A01,138Â 292Â 396,1.0,8.0,-1.0,1648647,3.0,7,,0.0,1.0,3.0,A01,138Â 292Â 396,1.0
965980,201900007511,11,27,12:55,1,2,2,1.0,6.0,06088,RISSO (BD),M,"43,7013540","7,2790630",6,2019,50.0,1.0,1.0,4.0,2159180,10.0,3,2,1,9.0,,4.0,3,1929.0,A01,138Â 292Â 396,0.0,-1.0,-1.0,1648647,3.0,7,,0.0,1.0,3.0,A01,138Â 292Â 396,1.0
965981,201900007512,11,28,16:50,1,1,1,1.0,3.0,97611,passamanty-VahibÃ© ( route ),M," -12,7930400","45,1884300",976,2019,50.0,1.0,1.0,3.0,2159181,1.0,1,4,1,0.0,,-1.0, -1,1998.0,B01,138Â 292Â 394,2.0,8.0,-1.0,1648648,1.0,34,,0.0,2.0,5.0,B01,138Â 292Â 394,1.0
965981,201900007512,11,28,16:50,1,1,1,1.0,3.0,97611,passamanty-VahibÃ© ( route ),M," -12,7930400","45,1884300",976,2019,50.0,1.0,1.0,3.0,2159181,1.0,1,4,1,0.0,,-1.0, -1,1998.0,B01,138Â 292Â 394,2.0,8.0,-1.0,1648649,2.0,7,,0.0,2.0,3.0,A01,138Â 292Â 395,1.0
965981,201900007512,11,28,16:50,1,1,1,1.0,3.0,97611,passamanty-VahibÃ© ( route ),M," -12,7930400","45,1884300",976,2019,50.0,1.0,1.0,3.0,2159182,1.0,1,1,1,0.0,,-1.0, -1,1992.0,A01,138Â 292Â 395,1.0,8.0,-1.0,1648648,1.0,34,,0.0,2.0,5.0,B01,138Â 292Â 394,1.0
965981,201900007512,11,28,16:50,1,1,1,1.0,3.0,97611,passamanty-VahibÃ© ( route ),M," -12,7930400","45,1884300",976,2019,50.0,1.0,1.0,3.0,2159182,1.0,1,1,1,0.0,,-1.0, -1,1992.0,A01,138Â 292Â 395,1.0,8.0,-1.0,1648649,2.0,7,,0.0,2.0,3.0,A01,138Â 292Â 395,1.0
965982,201900007513,12,26,09:25,1,2,1,1.0,3.0,79329,16 avenue Emile Zola,M,"46,9863700"," -0,2109540",79,2019,30.0,4.0,1.0,4.0,2159183,1.0,1,3,2,4.0,,-1.0,0,1967.0,A01,138Â 292Â 392,2.0,6.0,-1.0,1648650,1.0,50,,0.0,2.0,1.0,A01,138Â 292Â 392,3.0
965982,201900007513,12,26,09:25,1,2,1,1.0,3.0,79329,16 avenue Emile Zola,M,"46,9863700"," -0,2109540",79,2019,30.0,4.0,1.0,4.0,2159183,1.0,1,3,2,4.0,,-1.0,0,1967.0,A01,138Â 292Â 392,2.0,6.0,-1.0,1648651,3.0,7,,0.0,2.0,2.0,B01,138Â 292Â 393,1.0
965982,201900007513,12,26,09:25,1,2,1,1.0,3.0,79329,16 avenue Emile Zola,M,"46,9863700"," -0,2109540",79,2019,30.0,4.0,1.0,4.0,2159184,1.0,1,1,1,5.0,,-1.0, -1,1961.0,B01,138Â 292Â 393,1.0,0.0,-1.0,1648650,1.0,50,,0.0,2.0,1.0,A01,138Â 292Â 392,3.0
965982,201900007513,12,26,09:25,1,2,1,1.0,3.0,79329,16 avenue Emile Zola,M,"46,9863700"," -0,2109540",79,2019,30.0,4.0,1.0,4.0,2159184,1.0,1,1,1,5.0,,-1.0, -1,1961.0,B01,138Â 292Â 393,1.0,0.0,-1.0,1648651,3.0,7,,0.0,2.0,2.0,B01,138Â 292Â 393,1.0
965983,201900007514,12,17,19:50,5,2,9,2.0,6.0,64445,NAPOLEON BONAPARTE,M,"43,2927190"," -0,3691960",64,2019,50.0,1.0,2.0,4.0,2159185,1.0,1,1,2,9.0,,0.0,0,1959.0,A01,138Â 292Â 391,1.0,8.0,-1.0,1648652,2.0,7,,0.0,1.0,2.0,A01,138Â 292Â 391,1.0
965983,201900007514,12,17,19:50,5,2,9,2.0,6.0,64445,NAPOLEON BONAPARTE,M,"43,2927190"," -0,3691960",64,2019,50.0,1.0,2.0,4.0,2159186,10.0,3,4,2,0.0,,3.0,3,1957.0,A01,138Â 292Â 391,0.0,-1.0,-1.0,1648652,2.0,7,,0.0,1.0,2.0,A01,138Â 292Â 391,1.0
965984,201900007515,12,24,18:15,3,2,2,3.0,3.0,62907,SCHUMANN (BD ),M,"50,4725400","3,0163900",62,2019,50.0,1.0,2.0,3.0,2159187,4.0,2,3,1,9.0,,-1.0,0,2015.0,B01,138Â 292Â 389,1.0,8.0,-1.0,1648653,0.0,7,,0.0,0.0,8.0,B01,138Â 292Â 389,1.0
965984,201900007515,12,24,18:15,3,2,2,3.0,3.0,62907,SCHUMANN (BD ),M,"50,4725400","3,0163900",62,2019,50.0,1.0,2.0,3.0,2159187,4.0,2,3,1,9.0,,-1.0,0,2015.0,B01,138Â 292Â 389,1.0,8.0,-1.0,1648654,3.0,10,,14.0,0.0,1.0,A01,138Â 292Â 390,1.0
965984,201900007515,12,24,18:15,3,2,2,3.0,3.0,62907,SCHUMANN (BD ),M,"50,4725400","3,0163900",62,2019,50.0,1.0,2.0,3.0,2159188,1.0,1,4,2,9.0,,-1.0,0,1991.0,B01,138Â 292Â 389,1.0,0.0,-1.0,1648653,0.0,7,,0.0,0.0,8.0,B01,138Â 292Â 389,1.0
965984,201900007515,12,24,18:15,3,2,2,3.0,3.0,62907,SCHUMANN (BD ),M,"50,4725400","3,0163900",62,2019,50.0,1.0,2.0,3.0,2159188,1.0,1,4,2,9.0,,-1.0,0,1991.0,B01,138Â 292Â 389,1.0,0.0,-1.0,1648654,3.0,10,,14.0,0.0,1.0,A01,138Â 292Â 390,1.0
965984,201900007515,12,24,18:15,3,2,2,3.0,3.0,62907,SCHUMANN (BD ),M,"50,4725400","3,0163900",62,2019,50.0,1.0,2.0,3.0,2159189,1.0,1,1,1,9.0,,-1.0,0,1957.0,A01,138Â 292Â 390,1.0,0.0,-1.0,1648653,0.0,7,,0.0,0.0,8.0,B01,138Â 292Â 389,1.0
965984,201900007515,12,24,18:15,3,2,2,3.0,3.0,62907,SCHUMANN (BD ),M,"50,4725400","3,0163900",62,2019,50.0,1.0,2.0,3.0,2159189,1.0,1,1,1,9.0,,-1.0,0,1957.0,A01,138Â 292Â 390,1.0,0.0,-1.0,1648654,3.0,10,,14.0,0.0,1.0,A01,138Â 292Â 390,1.0
965985,201900007516,12,24,17:30,5,2,1,8.0,3.0,42207,DE GAULLE RUE DU GENERAL,M,"45,4668130","4,5197480",42,2019,50.0,1.0,1.0,4.0,2159190,1.0,1,3,1,0.0,,-1.0, -1,1999.0,B01,138Â 292Â 387,2.0,0.0,-1.0,1648655,1.0,31,,0.0,2.0,7.0,B01,138Â 292Â 387,1.0
965985,201900007516,12,24,17:30,5,2,1,8.0,3.0,42207,DE GAULLE RUE DU GENERAL,M,"45,4668130","4,5197480",42,2019,50.0,1.0,1.0,4.0,2159190,1.0,1,3,1,0.0,,-1.0, -1,1999.0,B01,138Â 292Â 387,2.0,0.0,-1.0,1648656,3.0,7,,0.0,2.0,1.0,A01,138Â 292Â 388,1.0
965985,201900007516,12,24,17:30,5,2,1,8.0,3.0,42207,DE GAULLE RUE DU GENERAL,M,"45,4668130","4,5197480",42,2019,50.0,1.0,1.0,4.0,2159191,1.0,1,1,1,9.0,,-1.0, -1,1950.0,A01,138Â 292Â 388,1.0,0.0,-1.0,1648655,1.0,31,,0.0,2.0,7.0,B01,138Â 292Â 387,1.0
965985,201900007516,12,24,17:30,5,2,1,8.0,3.0,42207,DE GAULLE RUE DU GENERAL,M,"45,4668130","4,5197480",42,2019,50.0,1.0,1.0,4.0,2159191,1.0,1,1,1,9.0,,-1.0, -1,1950.0,A01,138Â 292Â 388,1.0,0.0,-1.0,1648656,3.0,7,,0.0,2.0,1.0,A01,138Â 292Â 388,1.0
965986,201900007517,12,21,15:25,1,2,3,3.0,3.0,17449,GAULLE AVENUE DU GENERAL,M,"45,9453800"," -0,8968500",17,2019,30.0,1.0,2.0,4.0,2159192,1.0,1,1,1,5.0,,-1.0, -1,1963.0,A01,138Â 292Â 385,1.0,8.0,-1.0,1648657,2.0,7,,0.0,2.0,5.0,A01,138Â 292Â 385,1.0
965986,201900007517,12,21,15:25,1,2,3,3.0,3.0,17449,GAULLE AVENUE DU GENERAL,M,"45,9453800"," -0,8968500",17,2019,30.0,1.0,2.0,4.0,2159192,1.0,1,1,1,5.0,,-1.0, -1,1963.0,A01,138Â 292Â 385,1.0,8.0,-1.0,1648658,1.0,33,,0.0,2.0,1.0,B01,138Â 292Â 386,1.0
965986,201900007517,12,21,15:25,1,2,3,3.0,3.0,17449,GAULLE AVENUE DU GENERAL,M,"45,9453800"," -0,8968500",17,2019,30.0,1.0,2.0,4.0,2159193,1.0,1,3,1,5.0,,-1.0, -1,1997.0,B01,138Â 292Â 386,2.0,8.0,-1.0,1648657,2.0,7,,0.0,2.0,5.0,A01,138Â 292Â 385,1.0
965986,201900007517,12,21,15:25,1,2,3,3.0,3.0,17449,GAULLE AVENUE DU GENERAL,M,"45,9453800"," -0,8968500",17,2019,30.0,1.0,2.0,4.0,2159193,1.0,1,3,1,5.0,,-1.0, -1,1997.0,B01,138Â 292Â 386,2.0,8.0,-1.0,1648658,1.0,33,,0.0,2.0,1.0,B01,138Â 292Â 386,1.0
965987,201900007518,12,26,08:22,5,2,2,1.0,6.0,29259,Rue du Reseau Centurie OCM,M,"48,6872897"," -3,9868934",29,2019,50.0,1.0,2.0,4.0,2159194,1.0,1,1,2,1.0,,0.0,0,1979.0,A01,138Â 292Â 383,1.0,-1.0,-1.0,1648659,3.0,7,,0.0,1.0,1.0,A01,138Â 292Â 383,1.0
965987,201900007518,12,26,08:22,5,2,2,1.0,6.0,29259,Rue du Reseau Centurie OCM,M,"48,6872897"," -3,9868934",29,2019,50.0,1.0,2.0,4.0,2159195,10.0,3,4,1,1.0,,4.0,3,1972.0,A01,138Â 292Â 383,0.0,-1.0,-1.0,1648659,3.0,7,,0.0,1.0,1.0,A01,138Â 292Â 383,1.0
965988,201900007519,12,4,12:05,1,2,1,1.0,3.0,06085,250 Chemin de Font Graissan,M,"43,5821890","7,0106760",6,2019,50.0,1.0,1.0,4.0,2159196,1.0,1,1,2,3.0,,0.0,0,1979.0,B01,138Â 292Â 381,1.0,-1.0,-1.0,1648660,2.0,7,,0.0,2.0,3.0,B01,138Â 292Â 381,0.0
965988,201900007519,12,4,12:05,1,2,1,1.0,3.0,06085,250 Chemin de Font Graissan,M,"43,5821890","7,0106760",6,2019,50.0,1.0,1.0,4.0,2159196,1.0,1,1,2,3.0,,0.0,0,1979.0,B01,138Â 292Â 381,1.0,-1.0,-1.0,1648661,1.0,33,,0.0,2.0,1.0,A01,138Â 292Â 382,0.0
965988,201900007519,12,4,12:05,1,2,1,1.0,3.0,06085,250 Chemin de Font Graissan,M,"43,5821890","7,0106760",6,2019,50.0,1.0,1.0,4.0,2159197,1.0,1,3,1,0.0,,0.0,0,1975.0,A01,138Â 292Â 382,2.0,-1.0,-1.0,1648660,2.0,7,,0.0,2.0,3.0,B01,138Â 292Â 381,0.0
965988,201900007519,12,4,12:05,1,2,1,1.0,3.0,06085,250 Chemin de Font Graissan,M,"43,5821890","7,0106760",6,2019,50.0,1.0,1.0,4.0,2159197,1.0,1,3,1,0.0,,0.0,0,1975.0,A01,138Â 292Â 382,2.0,-1.0,-1.0,1648661,1.0,33,,0.0,2.0,1.0,A01,138Â 292Â 382,0.0
965989,201900007520,12,12,17:20,5,2,9,1.0,2.0,69283,Route d'Heyrieux,M,"45,6739500","4,9731400",69,2019,50.0,1.0,1.0,3.0,2159198,1.0,1,1,1,4.0,,0.0,0,1988.0,A01,138Â 292Â 379,1.0,-1.0,-1.0,1648662,3.0,7,,0.0,2.0,1.0,A01,138Â 292Â 379,0.0
965989,201900007520,12,12,17:20,5,2,9,1.0,2.0,69283,Route d'Heyrieux,M,"45,6739500","4,9731400",69,2019,50.0,1.0,1.0,3.0,2159198,1.0,1,1,1,4.0,,0.0,0,1988.0,A01,138Â 292Â 379,1.0,-1.0,-1.0,1648663,0.0,7,,0.0,2.0,4.0,B01,138Â 292Â 380,0.0
965989,201900007520,12,12,17:20,5,2,9,1.0,2.0,69283,Route d'Heyrieux,M,"45,6739500","4,9731400",69,2019,50.0,1.0,1.0,3.0,2159199,1.0,1,4,1,1.0,,0.0,0,1976.0,B01,138Â 292Â 380,1.0,-1.0,-1.0,1648662,3.0,7,,0.0,2.0,1.0,A01,138Â 292Â 379,0.0
965989,201900007520,12,12,17:20,5,2,9,1.0,2.0,69283,Route d'Heyrieux,M,"45,6739500","4,9731400",69,2019,50.0,1.0,1.0,3.0,2159199,1.0,1,4,1,1.0,,0.0,0,1976.0,B01,138Â 292Â 380,1.0,-1.0,-1.0,1648663,0.0,7,,0.0,2.0,4.0,B01,138Â 292Â 380,0.0
965990,201900007521,12,21,22:40,4,1,1,2.0,6.0,91161,AUTOROUTE A6,M,"48,6962900","2,3166300",91,2019,110.0,1.0,2.0,1.0,2159200,1.0,1,4,2,5.0,,-1.0, -1,2001.0,A01,138Â 292Â 378,1.0,8.0,-1.0,1648664,1.0,10,,4.0,0.0,1.0,A01,138Â 292Â 378,1.0
965991,201900007522,11,28,18:40,5,2,1,1.0,6.0,91691,GABRIEL PERI(RUE) DU NÂ°4 AU NÂ°69,M,"48,7076600","2,4879500",91,2019,50.0,1.0,1.0,4.0,2159201,1.0,1,1,1,0.0,,0.0,0,1975.0,A01,138Â 292Â 377,8.0,0.0,-1.0,1648665,1.0,7,,0.0,1.0,4.0,A01,138Â 292Â 377,1.0
965991,201900007522,11,28,18:40,5,2,1,1.0,6.0,91691,GABRIEL PERI(RUE) DU NÂ°4 AU NÂ°69,M,"48,7076600","2,4879500",91,2019,50.0,1.0,1.0,4.0,2159202,10.0,3,4,2,0.0,,1.0,4,1960.0,A01,138Â 292Â 377,8.0,0.0,-1.0,1648665,1.0,7,,0.0,1.0,4.0,A01,138Â 292Â 377,1.0
965992,201900007523,12,15,04:52,5,2,1,1.0,6.0,87085,SAINT MAURICE (BOULEVARD),M,"45,8303600","1,2677000",87,2019,50.0,1.0,1.0,4.0,2159203,10.0,3,4,2,5.0,,2.0,9,2000.0,Z01,138Â 292Â 376,8.0,0.0,-1.0,1648666,1.0,7,,9.0,2.0,1.0,Z01,138Â 292Â 376,1.0
965993,201900007524,11,30,19:32,2,2,1,2.0,1.0,87050,BUXEROLLES (ROUTE DE),M,"45,8754800","1,2494200",87,2019,50.0,1.0,2.0,4.0,2159204,1.0,1,1,1,5.0,,0.0,0,1964.0,B01,138Â 292Â 374,1.0,-1.0,-1.0,1648667,2.0,7,,0.0,2.0,1.0,B01,138Â 292Â 374,1.0
965993,201900007524,11,30,19:32,2,2,1,2.0,1.0,87050,BUXEROLLES (ROUTE DE),M,"45,8754800","1,2494200",87,2019,50.0,1.0,2.0,4.0,2159204,1.0,1,1,1,5.0,,0.0,0,1964.0,B01,138Â 292Â 374,1.0,-1.0,-1.0,1648668,1.0,7,,0.0,2.0,1.0,A01,138Â 292Â 375,1.0
965993,201900007524,11,30,19:32,2,2,1,2.0,1.0,87050,BUXEROLLES (ROUTE DE),M,"45,8754800","1,2494200",87,2019,50.0,1.0,2.0,4.0,2159205,2.0,2,4,2,5.0,,0.0,0,1966.0,B01,138Â 292Â 374,1.0,-1.0,-1.0,1648667,2.0,7,,0.0,2.0,1.0,B01,138Â 292Â 374,1.0
965993,201900007524,11,30,19:32,2,2,1,2.0,1.0,87050,BUXEROLLES (ROUTE DE),M,"45,8754800","1,2494200",87,2019,50.0,1.0,2.0,4.0,2159205,2.0,2,4,2,5.0,,0.0,0,1966.0,B01,138Â 292Â 374,1.0,-1.0,-1.0,1648668,1.0,7,,0.0,2.0,1.0,A01,138Â 292Â 375,1.0
965993,201900007524,11,30,19:32,2,2,1,2.0,1.0,87050,BUXEROLLES (ROUTE DE),M,"45,8754800","1,2494200",87,2019,50.0,1.0,2.0,4.0,2159206,3.0,2,4,1,5.0,,0.0,0,2014.0,B01,138Â 292Â 374,8.0,-1.0,-1.0,1648667,2.0,7,,0.0,2.0,1.0,B01,138Â 292Â 374,1.0
965993,201900007524,11,30,19:32,2,2,1,2.0,1.0,87050,BUXEROLLES (ROUTE DE),M,"45,8754800","1,2494200",87,2019,50.0,1.0,2.0,4.0,2159206,3.0,2,4,1,5.0,,0.0,0,2014.0,B01,138Â 292Â 374,8.0,-1.0,-1.0,1648668,1.0,7,,0.0,2.0,1.0,A01,138Â 292Â 375,1.0
965993,201900007524,11,30,19:32,2,2,1,2.0,1.0,87050,BUXEROLLES (ROUTE DE),M,"45,8754800","1,2494200",87,2019,50.0,1.0,2.0,4.0,2159207,1.0,1,1,1,5.0,,0.0,0,1954.0,A01,138Â 292Â 375,8.0,-1.0,-1.0,1648667,2.0,7,,0.0,2.0,1.0,B01,138Â 292Â 374,1.0
965993,201900007524,11,30,19:32,2,2,1,2.0,1.0,87050,BUXEROLLES (ROUTE DE),M,"45,8754800","1,2494200",87,2019,50.0,1.0,2.0,4.0,2159207,1.0,1,1,1,5.0,,0.0,0,1954.0,A01,138Â 292Â 375,8.0,-1.0,-1.0,1648668,1.0,7,,0.0,2.0,1.0,A01,138Â 292Â 375,1.0
965994,201900007525,9,19,18:10,1,2,6,1.0,6.0,78646,SAINT ANTOINE (BOULEVARD),M,"48,8154200","2,1284200",78,2019,50.0,1.0,1.0,3.0,2159208,1.0,1,1,2,1.0,,-1.0, -1,1975.0,A01,138Â 292Â 373,1.0,0.0,-1.0,1648669,2.0,7,,0.0,1.0,1.0,A01,138Â 292Â 373,1.0
965994,201900007525,9,19,18:10,1,2,6,1.0,6.0,78646,SAINT ANTOINE (BOULEVARD),M,"48,8154200","2,1284200",78,2019,50.0,1.0,1.0,3.0,2159209,10.0,3,3,2,0.0,,3.0,3,1956.0,A01,138Â 292Â 373,8.0,0.0,-1.0,1648669,2.0,7,,0.0,1.0,1.0,A01,138Â 292Â 373,1.0
965995,201900007526,9,23,15:40,1,2,1,1.0,4.0,78490,SAINT GERMAIN (AVENUE DE),M,"48,8273900","1,9634120",78,2019,50.0,1.0,1.0,3.0,2159210,1.0,1,1,1,5.0,,-1.0, -1,1974.0,C01,138Â 292Â 370,1.0,0.0,-1.0,1648670,1.0,7,,0.0,2.0,5.0,C01,138Â 292Â 370,0.0
965995,201900007526,9,23,15:40,1,2,1,1.0,4.0,78490,SAINT GERMAIN (AVENUE DE),M,"48,8273900","1,9634120",78,2019,50.0,1.0,1.0,3.0,2159210,1.0,1,1,1,5.0,,-1.0, -1,1974.0,C01,138Â 292Â 370,1.0,0.0,-1.0,1648671,1.0,7,,0.0,2.0,5.0,B01,138Â 292Â 371,0.0
965995,201900007526,9,23,15:40,1,2,1,1.0,4.0,78490,SAINT GERMAIN (AVENUE DE),M,"48,8273900","1,9634120",78,2019,50.0,1.0,1.0,3.0,2159210,1.0,1,1,1,5.0,,-1.0, -1,1974.0,C01,138Â 292Â 370,1.0,0.0,-1.0,1648672,1.0,10,,0.0,2.0,1.0,A01,138Â 292Â 372,1.0