Unnamed: 0_x,num_acc,mois,jour,hrmn,lum,agg,int,atm,col,com,adr,gps,lat,long,dep,annee,vma,situ,surf,catr,Unnamed: 0_y,place,catu,grav,sexe,trajet,secu,locp,actp,an_nais,num_veh_x,id_vehicule_x,secu1,secu2,secu3,Unnamed: 0,senc,catv,occutc,obs,obsm,choc,num_veh_y,id_vehicule_y,motor
965995,201900007526,9,23,15:40,1,2,1,1.0,4.0,78490,SAINT GERMAIN (AVENUE DE),M,"48,8273900","1,9634120",78,2019,50.0,1.0,1.0,3.0,2159211,1.0,1,4,2,5.0,,-1.0, -1,1953.0,B01,138Â 292Â 371,1.0,0.0,-1.0,1648670,1.0,7,,0.0,2.0,5.0,C01,138Â 292Â 370,0.0
965995,201900007526,9,23,15:40,1,2,1,1.0,4.0,78490,SAINT GERMAIN (AVENUE DE),M,"48,8273900","1,9634120",78,2019,50.0,1.0,1.0,3.0,2159211,1.0,1,4,2,5.0,,-1.0, -1,1953.0,B01,138Â 292Â 371,1.0,0.0,-1.0,1648671,1.0,7,,0.0,2.0,5.0,B01,138Â 292Â 371,0.0
965995,201900007526,9,23,15:40,1,2,1,1.0,4.0,78490,SAINT GERMAIN (AVENUE DE),M,"48,8273900","1,9634120",78,2019,50.0,1.0,1.0,3.0,2159211,1.0,1,4,2,5.0,,-1.0, -1,1953.0,B01,138Â 292Â 371,1.0,0.0,-1.0,1648672,1.0,10,,0.0,2.0,1.0,A01,138Â 292Â 372,1.0
965995,201900007526,9,23,15:40,1,2,1,1.0,4.0,78490,SAINT GERMAIN (AVENUE DE),M,"48,8273900","1,9634120",78,2019,50.0,1.0,1.0,3.0,2159212,2.0,2,1,1,4.0,,-1.0, -1,1960.0,A01,138Â 292Â 372,1.0,0.0,-1.0,1648670,1.0,7,,0.0,2.0,5.0,C01,138Â 292Â 370,0.0
965995,201900007526,9,23,15:40,1,2,1,1.0,4.0,78490,SAINT GERMAIN (AVENUE DE),M,"48,8273900","1,9634120",78,2019,50.0,1.0,1.0,3.0,2159212,2.0,2,1,1,4.0,,-1.0, -1,1960.0,A01,138Â 292Â 372,1.0,0.0,-1.0,1648671,1.0,7,,0.0,2.0,5.0,B01,138Â 292Â 371,0.0
965995,201900007526,9,23,15:40,1,2,1,1.0,4.0,78490,SAINT GERMAIN (AVENUE DE),M,"48,8273900","1,9634120",78,2019,50.0,1.0,1.0,3.0,2159212,2.0,2,1,1,4.0,,-1.0, -1,1960.0,A01,138Â 292Â 372,1.0,0.0,-1.0,1648672,1.0,10,,0.0,2.0,1.0,A01,138Â 292Â 372,1.0
965995,201900007526,9,23,15:40,1,2,1,1.0,4.0,78490,SAINT GERMAIN (AVENUE DE),M,"48,8273900","1,9634120",78,2019,50.0,1.0,1.0,3.0,2159213,2.0,2,1,1,4.0,,-1.0, -1,1972.0,A01,138Â 292Â 372,8.0,0.0,-1.0,1648670,1.0,7,,0.0,2.0,5.0,C01,138Â 292Â 370,0.0
965995,201900007526,9,23,15:40,1,2,1,1.0,4.0,78490,SAINT GERMAIN (AVENUE DE),M,"48,8273900","1,9634120",78,2019,50.0,1.0,1.0,3.0,2159213,2.0,2,1,1,4.0,,-1.0, -1,1972.0,A01,138Â 292Â 372,8.0,0.0,-1.0,1648671,1.0,7,,0.0,2.0,5.0,B01,138Â 292Â 371,0.0
965995,201900007526,9,23,15:40,1,2,1,1.0,4.0,78490,SAINT GERMAIN (AVENUE DE),M,"48,8273900","1,9634120",78,2019,50.0,1.0,1.0,3.0,2159213,2.0,2,1,1,4.0,,-1.0, -1,1972.0,A01,138Â 292Â 372,8.0,0.0,-1.0,1648672,1.0,10,,0.0,2.0,1.0,A01,138Â 292Â 372,1.0
965995,201900007526,9,23,15:40,1,2,1,1.0,4.0,78490,SAINT GERMAIN (AVENUE DE),M,"48,8273900","1,9634120",78,2019,50.0,1.0,1.0,3.0,2159214,1.0,1,1,1,4.0,,0.0,0,1984.0,A01,138Â 292Â 372,8.0,-1.0,-1.0,1648670,1.0,7,,0.0,2.0,5.0,C01,138Â 292Â 370,0.0
965995,201900007526,9,23,15:40,1,2,1,1.0,4.0,78490,SAINT GERMAIN (AVENUE DE),M,"48,8273900","1,9634120",78,2019,50.0,1.0,1.0,3.0,2159214,1.0,1,1,1,4.0,,0.0,0,1984.0,A01,138Â 292Â 372,8.0,-1.0,-1.0,1648671,1.0,7,,0.0,2.0,5.0,B01,138Â 292Â 371,0.0
965995,201900007526,9,23,15:40,1,2,1,1.0,4.0,78490,SAINT GERMAIN (AVENUE DE),M,"48,8273900","1,9634120",78,2019,50.0,1.0,1.0,3.0,2159214,1.0,1,1,1,4.0,,0.0,0,1984.0,A01,138Â 292Â 372,8.0,-1.0,-1.0,1648672,1.0,10,,0.0,2.0,1.0,A01,138Â 292Â 372,1.0
965996,201900007527,11,8,09:30,1,1,1,1.0,2.0,73065,N201,M,"45,5846066","5,9082850",73,2019,-1.0,1.0,2.0,2.0,2159215,1.0,1,1,2,3.0,,0.0,0,1989.0,B01,138Â 292Â 360,1.0,8.0,-1.0,1648673,2.0,7,,0.0,2.0,1.0,B01,138Â 292Â 360,1.0
965996,201900007527,11,8,09:30,1,1,1,1.0,2.0,73065,N201,M,"45,5846066","5,9082850",73,2019,-1.0,1.0,2.0,2.0,2159215,1.0,1,1,2,3.0,,0.0,0,1989.0,B01,138Â 292Â 360,1.0,8.0,-1.0,1648674,2.0,7,,0.0,2.0,4.0,A01,138Â 292Â 361,1.0
965996,201900007527,11,8,09:30,1,1,1,1.0,2.0,73065,N201,M,"45,5846066","5,9082850",73,2019,-1.0,1.0,2.0,2.0,2159216,2.0,2,4,2,3.0,,0.0,0,1975.0,A01,138Â 292Â 361,1.0,8.0,-1.0,1648673,2.0,7,,0.0,2.0,1.0,B01,138Â 292Â 360,1.0
965996,201900007527,11,8,09:30,1,1,1,1.0,2.0,73065,N201,M,"45,5846066","5,9082850",73,2019,-1.0,1.0,2.0,2.0,2159216,2.0,2,4,2,3.0,,0.0,0,1975.0,A01,138Â 292Â 361,1.0,8.0,-1.0,1648674,2.0,7,,0.0,2.0,4.0,A01,138Â 292Â 361,1.0
965996,201900007527,11,8,09:30,1,1,1,1.0,2.0,73065,N201,M,"45,5846066","5,9082850",73,2019,-1.0,1.0,2.0,2.0,2159217,1.0,1,1,1,3.0,,0.0,0,1969.0,A01,138Â 292Â 361,1.0,8.0,-1.0,1648673,2.0,7,,0.0,2.0,1.0,B01,138Â 292Â 360,1.0
965996,201900007527,11,8,09:30,1,1,1,1.0,2.0,73065,N201,M,"45,5846066","5,9082850",73,2019,-1.0,1.0,2.0,2.0,2159217,1.0,1,1,1,3.0,,0.0,0,1969.0,A01,138Â 292Â 361,1.0,8.0,-1.0,1648674,2.0,7,,0.0,2.0,4.0,A01,138Â 292Â 361,1.0
965997,201900007528,11,28,17:45,5,2,2,2.0,3.0,71153,ALBERT 1ER (RUE),M,"46,7950400","4,4250800",71,2019,50.0,1.0,2.0,4.0,2159218,1.0,1,4,2,1.0,,-1.0, -1,1978.0,A01,138Â 292Â 358,8.0,0.0,-1.0,1648675,3.0,7,,0.0,2.0,2.0,A01,138Â 292Â 358,1.0
965997,201900007528,11,28,17:45,5,2,2,2.0,3.0,71153,ALBERT 1ER (RUE),M,"46,7950400","4,4250800",71,2019,50.0,1.0,2.0,4.0,2159218,1.0,1,4,2,1.0,,-1.0, -1,1978.0,A01,138Â 292Â 358,8.0,0.0,-1.0,1648676,3.0,7,,0.0,2.0,1.0,B01,138Â 292Â 359,1.0
965997,201900007528,11,28,17:45,5,2,2,2.0,3.0,71153,ALBERT 1ER (RUE),M,"46,7950400","4,4250800",71,2019,50.0,1.0,2.0,4.0,2159219,1.0,1,4,1,9.0,,-1.0, -1,1989.0,B01,138Â 292Â 359,8.0,0.0,-1.0,1648675,3.0,7,,0.0,2.0,2.0,A01,138Â 292Â 358,1.0
965997,201900007528,11,28,17:45,5,2,2,2.0,3.0,71153,ALBERT 1ER (RUE),M,"46,7950400","4,4250800",71,2019,50.0,1.0,2.0,4.0,2159219,1.0,1,4,1,9.0,,-1.0, -1,1989.0,B01,138Â 292Â 359,8.0,0.0,-1.0,1648676,3.0,7,,0.0,2.0,1.0,B01,138Â 292Â 359,1.0
965998,201900007529,9,15,00:20,4,2,1,1.0,3.0,69266,GENAS    (Route de),M,"45,7517800","4,9039300",69,2019,50.0,1.0,1.0,4.0,2159220,2.0,2,1,1,9.0,,-1.0, -1,1981.0,B01,138Â 292Â 356,1.0,0.0,-1.0,1648677,1.0,7,,0.0,2.0,7.0,B01,138Â 292Â 356,0.0
965998,201900007529,9,15,00:20,4,2,1,1.0,3.0,69266,GENAS    (Route de),M,"45,7517800","4,9039300",69,2019,50.0,1.0,1.0,4.0,2159220,2.0,2,1,1,9.0,,-1.0, -1,1981.0,B01,138Â 292Â 356,1.0,0.0,-1.0,1648678,1.0,7,,0.0,2.0,1.0,A01,138Â 292Â 357,0.0
965998,201900007529,9,15,00:20,4,2,1,1.0,3.0,69266,GENAS    (Route de),M,"45,7517800","4,9039300",69,2019,50.0,1.0,1.0,4.0,2159221,1.0,1,1,1,0.0,,-1.0, -1,1986.0,B01,138Â 292Â 356,1.0,0.0,-1.0,1648677,1.0,7,,0.0,2.0,7.0,B01,138Â 292Â 356,0.0
965998,201900007529,9,15,00:20,4,2,1,1.0,3.0,69266,GENAS    (Route de),M,"45,7517800","4,9039300",69,2019,50.0,1.0,1.0,4.0,2159221,1.0,1,1,1,0.0,,-1.0, -1,1986.0,B01,138Â 292Â 356,1.0,0.0,-1.0,1648678,1.0,7,,0.0,2.0,1.0,A01,138Â 292Â 357,0.0
965998,201900007529,9,15,00:20,4,2,1,1.0,3.0,69266,GENAS    (Route de),M,"45,7517800","4,9039300",69,2019,50.0,1.0,1.0,4.0,2159222,2.0,2,4,1,5.0,,-1.0, -1,2001.0,A01,138Â 292Â 357,1.0,0.0,-1.0,1648677,1.0,7,,0.0,2.0,7.0,B01,138Â 292Â 356,0.0
965998,201900007529,9,15,00:20,4,2,1,1.0,3.0,69266,GENAS    (Route de),M,"45,7517800","4,9039300",69,2019,50.0,1.0,1.0,4.0,2159222,2.0,2,4,1,5.0,,-1.0, -1,2001.0,A01,138Â 292Â 357,1.0,0.0,-1.0,1648678,1.0,7,,0.0,2.0,1.0,A01,138Â 292Â 357,0.0
965998,201900007529,9,15,00:20,4,2,1,1.0,3.0,69266,GENAS    (Route de),M,"45,7517800","4,9039300",69,2019,50.0,1.0,1.0,4.0,2159223,1.0,1,1,1,5.0,,-1.0, -1,1998.0,A01,138Â 292Â 357,1.0,0.0,-1.0,1648677,1.0,7,,0.0,2.0,7.0,B01,138Â 292Â 356,0.0
965998,201900007529,9,15,00:20,4,2,1,1.0,3.0,69266,GENAS    (Route de),M,"45,7517800","4,9039300",69,2019,50.0,1.0,1.0,4.0,2159223,1.0,1,1,1,5.0,,-1.0, -1,1998.0,A01,138Â 292Â 357,1.0,0.0,-1.0,1648678,1.0,7,,0.0,2.0,1.0,A01,138Â 292Â 357,0.0
965999,201900007530,12,1,06:30,5,2,2,3.0,3.0,69266,EMILE ZOLA     (Cours),M,"45,7676000","4,8897000",69,2019,50.0,1.0,2.0,4.0,2159224,1.0,1,4,2,5.0,,-1.0, -1,1975.0,B01,138Â 292Â 354,8.0,0.0,-1.0,1648679,2.0,7,,0.0,2.0,7.0,B01,138Â 292Â 354,1.0
965999,201900007530,12,1,06:30,5,2,2,3.0,3.0,69266,EMILE ZOLA     (Cours),M,"45,7676000","4,8897000",69,2019,50.0,1.0,2.0,4.0,2159224,1.0,1,4,2,5.0,,-1.0, -1,1975.0,B01,138Â 292Â 354,8.0,0.0,-1.0,1648680,2.0,7,,0.0,2.0,1.0,A01,138Â 292Â 355,1.0
965999,201900007530,12,1,06:30,5,2,2,3.0,3.0,69266,EMILE ZOLA     (Cours),M,"45,7676000","4,8897000",69,2019,50.0,1.0,2.0,4.0,2159225,1.0,1,4,1,5.0,,-1.0, -1,1998.0,A01,138Â 292Â 355,8.0,0.0,-1.0,1648679,2.0,7,,0.0,2.0,7.0,B01,138Â 292Â 354,1.0
965999,201900007530,12,1,06:30,5,2,2,3.0,3.0,69266,EMILE ZOLA     (Cours),M,"45,7676000","4,8897000",69,2019,50.0,1.0,2.0,4.0,2159225,1.0,1,4,1,5.0,,-1.0, -1,1998.0,A01,138Â 292Â 355,8.0,0.0,-1.0,1648680,2.0,7,,0.0,2.0,1.0,A01,138Â 292Â 355,1.0
966000,201900007531,12,2,18:00,3,1,2,1.0,5.0,69092,TARARE (route de),M,"45,9810700","4,6937700",69,2019,50.0,1.0,1.0,3.0,2159226,1.0,1,4,2,0.0,,-1.0, -1,1988.0,B01,138Â 292Â 351,1.0,0.0,-1.0,1648681,0.0,7,,0.0,2.0,8.0,B01,138Â 292Â 351,1.0
966000,201900007531,12,2,18:00,3,1,2,1.0,5.0,69092,TARARE (route de),M,"45,9810700","4,6937700",69,2019,50.0,1.0,1.0,3.0,2159226,1.0,1,4,2,0.0,,-1.0, -1,1988.0,B01,138Â 292Â 351,1.0,0.0,-1.0,1648682,0.0,7,,0.0,2.0,1.0,A01,138Â 292Â 352,1.0
966000,201900007531,12,2,18:00,3,1,2,1.0,5.0,69092,TARARE (route de),M,"45,9810700","4,6937700",69,2019,50.0,1.0,1.0,3.0,2159226,1.0,1,4,2,0.0,,-1.0, -1,1988.0,B01,138Â 292Â 351,1.0,0.0,-1.0,1648683,3.0,7,,0.0,2.0,3.0,C01,138Â 292Â 353,1.0
966000,201900007531,12,2,18:00,3,1,2,1.0,5.0,69092,TARARE (route de),M,"45,9810700","4,6937700",69,2019,50.0,1.0,1.0,3.0,2159227,1.0,1,1,1,1.0,,-1.0, -1,1989.0,A01,138Â 292Â 352,1.0,0.0,-1.0,1648681,0.0,7,,0.0,2.0,8.0,B01,138Â 292Â 351,1.0
966000,201900007531,12,2,18:00,3,1,2,1.0,5.0,69092,TARARE (route de),M,"45,9810700","4,6937700",69,2019,50.0,1.0,1.0,3.0,2159227,1.0,1,1,1,1.0,,-1.0, -1,1989.0,A01,138Â 292Â 352,1.0,0.0,-1.0,1648682,0.0,7,,0.0,2.0,1.0,A01,138Â 292Â 352,1.0
966000,201900007531,12,2,18:00,3,1,2,1.0,5.0,69092,TARARE (route de),M,"45,9810700","4,6937700",69,2019,50.0,1.0,1.0,3.0,2159227,1.0,1,1,1,1.0,,-1.0, -1,1989.0,A01,138Â 292Â 352,1.0,0.0,-1.0,1648683,3.0,7,,0.0,2.0,3.0,C01,138Â 292Â 353,1.0
966000,201900007531,12,2,18:00,3,1,2,1.0,5.0,69092,TARARE (route de),M,"45,9810700","4,6937700",69,2019,50.0,1.0,1.0,3.0,2159228,1.0,1,1,2,5.0,,-1.0, -1,2002.0,C01,138Â 292Â 353,1.0,0.0,-1.0,1648681,0.0,7,,0.0,2.0,8.0,B01,138Â 292Â 351,1.0
966000,201900007531,12,2,18:00,3,1,2,1.0,5.0,69092,TARARE (route de),M,"45,9810700","4,6937700",69,2019,50.0,1.0,1.0,3.0,2159228,1.0,1,1,2,5.0,,-1.0, -1,2002.0,C01,138Â 292Â 353,1.0,0.0,-1.0,1648682,0.0,7,,0.0,2.0,1.0,A01,138Â 292Â 352,1.0
966000,201900007531,12,2,18:00,3,1,2,1.0,5.0,69092,TARARE (route de),M,"45,9810700","4,6937700",69,2019,50.0,1.0,1.0,3.0,2159228,1.0,1,1,2,5.0,,-1.0, -1,2002.0,C01,138Â 292Â 353,1.0,0.0,-1.0,1648683,3.0,7,,0.0,2.0,3.0,C01,138Â 292Â 353,1.0
966001,201900007532,12,2,11:36,1,2,1,2.0,6.0,63113,LIMOUSIN (AVENUE DU),M,"45,7897009","3,0607401",63,2019,50.0,1.0,2.0,7.0,2159229,1.0,1,1,1,0.0,,-1.0, -1,1942.0,A01,138Â 292Â 349,1.0,0.0,-1.0,1648684,1.0,7,,0.0,2.0,8.0,A01,138Â 292Â 349,1.0
966001,201900007532,12,2,11:36,1,2,1,2.0,6.0,63113,LIMOUSIN (AVENUE DU),M,"45,7897009","3,0607401",63,2019,50.0,1.0,2.0,7.0,2159229,1.0,1,1,1,0.0,,-1.0, -1,1942.0,A01,138Â 292Â 349,1.0,0.0,-1.0,1648685,1.0,7,,0.0,2.0,1.0,B01,138Â 292Â 350,1.0
966001,201900007532,12,2,11:36,1,2,1,2.0,6.0,63113,LIMOUSIN (AVENUE DU),M,"45,7897009","3,0607401",63,2019,50.0,1.0,2.0,7.0,2159230,2.0,2,4,2,0.0,,-1.0, -1,1934.0,A01,138Â 292Â 349,1.0,0.0,-1.0,1648684,1.0,7,,0.0,2.0,8.0,A01,138Â 292Â 349,1.0
966001,201900007532,12,2,11:36,1,2,1,2.0,6.0,63113,LIMOUSIN (AVENUE DU),M,"45,7897009","3,0607401",63,2019,50.0,1.0,2.0,7.0,2159230,2.0,2,4,2,0.0,,-1.0, -1,1934.0,A01,138Â 292Â 349,1.0,0.0,-1.0,1648685,1.0,7,,0.0,2.0,1.0,B01,138Â 292Â 350,1.0
966001,201900007532,12,2,11:36,1,2,1,2.0,6.0,63113,LIMOUSIN (AVENUE DU),M,"45,7897009","3,0607401",63,2019,50.0,1.0,2.0,7.0,2159231,1.0,1,4,1,0.0,,-1.0, -1,1974.0,B01,138Â 292Â 350,1.0,0.0,-1.0,1648684,1.0,7,,0.0,2.0,8.0,A01,138Â 292Â 349,1.0
966001,201900007532,12,2,11:36,1,2,1,2.0,6.0,63113,LIMOUSIN (AVENUE DU),M,"45,7897009","3,0607401",63,2019,50.0,1.0,2.0,7.0,2159231,1.0,1,4,1,0.0,,-1.0, -1,1974.0,B01,138Â 292Â 350,1.0,0.0,-1.0,1648685,1.0,7,,0.0,2.0,1.0,B01,138Â 292Â 350,1.0
966002,201900007533,12,2,15:04,1,2,1,2.0,1.0,63113,MICHEL ANGE,M,"45,7606900","3,1318900",63,2019,50.0,1.0,2.0,4.0,2159232,1.0,1,4,1,0.0,,-1.0, -1,1988.0,B01,138Â 292Â 347,1.0,0.0,-1.0,1648686,0.0,7,,0.0,2.0,1.0,B01,138Â 292Â 347,1.0
966002,201900007533,12,2,15:04,1,2,1,2.0,1.0,63113,MICHEL ANGE,M,"45,7606900","3,1318900",63,2019,50.0,1.0,2.0,4.0,2159232,1.0,1,4,1,0.0,,-1.0, -1,1988.0,B01,138Â 292Â 347,1.0,0.0,-1.0,1648687,1.0,7,,0.0,2.0,1.0,A01,138Â 292Â 348,1.0
966002,201900007533,12,2,15:04,1,2,1,2.0,1.0,63113,MICHEL ANGE,M,"45,7606900","3,1318900",63,2019,50.0,1.0,2.0,4.0,2159233,1.0,1,4,2,0.0,,-1.0, -1,1969.0,A01,138Â 292Â 348,1.0,0.0,-1.0,1648686,0.0,7,,0.0,2.0,1.0,B01,138Â 292Â 347,1.0
966002,201900007533,12,2,15:04,1,2,1,2.0,1.0,63113,MICHEL ANGE,M,"45,7606900","3,1318900",63,2019,50.0,1.0,2.0,4.0,2159233,1.0,1,4,2,0.0,,-1.0, -1,1969.0,A01,138Â 292Â 348,1.0,0.0,-1.0,1648687,1.0,7,,0.0,2.0,1.0,A01,138Â 292Â 348,1.0
966003,201900007534,11,27,17:20,5,1,1,2.0,2.0,54265,RD 570,M,"48,6354450","6,1818110",54,2019,50.0,1.0,1.0,4.0,2159234,1.0,1,1,2,0.0,,-1.0,0,1956.0,B01,138Â 292Â 344,1.0,0.0,-1.0,1648688,1.0,7,,0.0,2.0,4.0,B01,138Â 292Â 344,1.0
966003,201900007534,11,27,17:20,5,1,1,2.0,2.0,54265,RD 570,M,"48,6354450","6,1818110",54,2019,50.0,1.0,1.0,4.0,2159234,1.0,1,1,2,0.0,,-1.0,0,1956.0,B01,138Â 292Â 344,1.0,0.0,-1.0,1648689,1.0,7,,0.0,2.0,1.0,A01,138Â 292Â 345,1.0
966003,201900007534,11,27,17:20,5,1,1,2.0,2.0,54265,RD 570,M,"48,6354450","6,1818110",54,2019,50.0,1.0,1.0,4.0,2159235,2.0,2,1,2,0.0,,-1.0,0,1982.0,B01,138Â 292Â 344,1.0,0.0,-1.0,1648688,1.0,7,,0.0,2.0,4.0,B01,138Â 292Â 344,1.0
966003,201900007534,11,27,17:20,5,1,1,2.0,2.0,54265,RD 570,M,"48,6354450","6,1818110",54,2019,50.0,1.0,1.0,4.0,2159235,2.0,2,1,2,0.0,,-1.0,0,1982.0,B01,138Â 292Â 344,1.0,0.0,-1.0,1648689,1.0,7,,0.0,2.0,1.0,A01,138Â 292Â 345,1.0
966003,201900007534,11,27,17:20,5,1,1,2.0,2.0,54265,RD 570,M,"48,6354450","6,1818110",54,2019,50.0,1.0,1.0,4.0,2159236,4.0,2,4,2,0.0,,-1.0,0,2012.0,B01,138Â 292Â 344,1.0,0.0,-1.0,1648688,1.0,7,,0.0,2.0,4.0,B01,138Â 292Â 344,1.0
966003,201900007534,11,27,17:20,5,1,1,2.0,2.0,54265,RD 570,M,"48,6354450","6,1818110",54,2019,50.0,1.0,1.0,4.0,2159236,4.0,2,4,2,0.0,,-1.0,0,2012.0,B01,138Â 292Â 344,1.0,0.0,-1.0,1648689,1.0,7,,0.0,2.0,1.0,A01,138Â 292Â 345,1.0
966003,201900007534,11,27,17:20,5,1,1,2.0,2.0,54265,RD 570,M,"48,6354450","6,1818110",54,2019,50.0,1.0,1.0,4.0,2159237,1.0,1,1,1,0.0,,-1.0, -1,2000.0,A01,138Â 292Â 345,1.0,0.0,-1.0,1648688,1.0,7,,0.0,2.0,4.0,B01,138Â 292Â 344,1.0
966003,201900007534,11,27,17:20,5,1,1,2.0,2.0,54265,RD 570,M,"48,6354450","6,1818110",54,2019,50.0,1.0,1.0,4.0,2159237,1.0,1,1,1,0.0,,-1.0, -1,2000.0,A01,138Â 292Â 345,1.0,0.0,-1.0,1648689,1.0,7,,0.0,2.0,1.0,A01,138Â 292Â 345,1.0
966004,201900007535,11,29,22:15,3,2,1,2.0,6.0,49328,THOUET (RIVES DU),M,"47,2514000"," -0,0820400",49,2019,30.0,1.0,2.0,9.0,2159238,4.0,2,4,1,4.0,,-1.0,0,1996.0,A01,138Â 292Â 343,1.0,0.0,-1.0,1648690,1.0,7,,2.0,0.0,2.0,A01,138Â 292Â 343,1.0
966004,201900007535,11,29,22:15,3,2,1,2.0,6.0,49328,THOUET (RIVES DU),M,"47,2514000"," -0,0820400",49,2019,30.0,1.0,2.0,9.0,2159239,1.0,1,4,1,4.0,,-1.0, -1,1988.0,A01,138Â 292Â 343,1.0,0.0,-1.0,1648690,1.0,7,,2.0,0.0,2.0,A01,138Â 292Â 343,1.0
966004,201900007535,11,29,22:15,3,2,1,2.0,6.0,49328,THOUET (RIVES DU),M,"47,2514000"," -0,0820400",49,2019,30.0,1.0,2.0,9.0,2159240,2.0,2,4,1,4.0,,-1.0,0,1976.0,A01,138Â 292Â 343,1.0,0.0,-1.0,1648690,1.0,7,,2.0,0.0,2.0,A01,138Â 292Â 343,1.0
966005,201900007536,12,3,08:00,1,2,3,1.0,3.0,45234,BD MARIE STUART -R D'AMBERT,M,"47,9084905","1,9382799",45,2019,50.0,1.0,1.0,4.0,2159241,1.0,1,1,2,9.0,,0.0,0,1982.0,A01,138Â 292Â 341,1.0,0.0,-1.0,1648691,1.0,7,,0.0,2.0,2.0,A01,138Â 292Â 341,1.0
966005,201900007536,12,3,08:00,1,2,3,1.0,3.0,45234,BD MARIE STUART -R D'AMBERT,M,"47,9084905","1,9382799",45,2019,50.0,1.0,1.0,4.0,2159241,1.0,1,1,2,9.0,,0.0,0,1982.0,A01,138Â 292Â 341,1.0,0.0,-1.0,1648692,1.0,1,,0.0,2.0,3.0,B01,138Â 292Â 342,5.0
966005,201900007536,12,3,08:00,1,2,3,1.0,3.0,45234,BD MARIE STUART -R D'AMBERT,M,"47,9084905","1,9382799",45,2019,50.0,1.0,1.0,4.0,2159242,1.0,1,4,1,1.0,,0.0,0,1961.0,B01,138Â 292Â 342,8.0,0.0,-1.0,1648691,1.0,7,,0.0,2.0,2.0,A01,138Â 292Â 341,1.0
966005,201900007536,12,3,08:00,1,2,3,1.0,3.0,45234,BD MARIE STUART -R D'AMBERT,M,"47,9084905","1,9382799",45,2019,50.0,1.0,1.0,4.0,2159242,1.0,1,4,1,1.0,,0.0,0,1961.0,B01,138Â 292Â 342,8.0,0.0,-1.0,1648692,1.0,1,,0.0,2.0,3.0,B01,138Â 292Â 342,5.0
966006,201900007537,12,2,07:33,5,2,6,1.0,6.0,45302,PLACE DU VILPOT,M,"47,9321854","1,8889993",45,2019,50.0,1.0,1.0,4.0,2159243,10.0,3,4,2,2.0,,3.0,3,2002.0,A01,138Â 292Â 340,8.0,-1.0,-1.0,1648693,1.0,7,,0.0,1.0,0.0,A01,138Â 292Â 340,1.0
966006,201900007537,12,2,07:33,5,2,6,1.0,6.0,45302,PLACE DU VILPOT,M,"47,9321854","1,8889993",45,2019,50.0,1.0,1.0,4.0,2159244,1.0,1,1,2,1.0,,0.0,0,1995.0,A01,138Â 292Â 340,1.0,8.0,-1.0,1648693,1.0,7,,0.0,1.0,0.0,A01,138Â 292Â 340,1.0
966007,201900007538,11,28,17:48,3,2,1,2.0,3.0,45234,RUE AUGUSTE RENOIR,M,"47,8250000","1,9319000",45,2019,50.0,1.0,2.0,4.0,2159245,1.0,1,4,1,5.0,,0.0,0,1977.0,A01,138Â 292Â 338,8.0,0.0,-1.0,1648694,1.0,1,,0.0,2.0,8.0,A01,138Â 292Â 338,5.0
966007,201900007538,11,28,17:48,3,2,1,2.0,3.0,45234,RUE AUGUSTE RENOIR,M,"47,8250000","1,9319000",45,2019,50.0,1.0,2.0,4.0,2159245,1.0,1,4,1,5.0,,0.0,0,1977.0,A01,138Â 292Â 338,8.0,0.0,-1.0,1648695,1.0,7,,0.0,2.0,1.0,B01,138Â 292Â 339,1.0
966007,201900007538,11,28,17:48,3,2,1,2.0,3.0,45234,RUE AUGUSTE RENOIR,M,"47,8250000","1,9319000",45,2019,50.0,1.0,2.0,4.0,2159246,1.0,1,1,1,5.0,,0.0,0,1987.0,B01,138Â 292Â 339,1.0,0.0,-1.0,1648694,1.0,1,,0.0,2.0,8.0,A01,138Â 292Â 338,5.0
966007,201900007538,11,28,17:48,3,2,1,2.0,3.0,45234,RUE AUGUSTE RENOIR,M,"47,8250000","1,9319000",45,2019,50.0,1.0,2.0,4.0,2159246,1.0,1,1,1,5.0,,0.0,0,1987.0,B01,138Â 292Â 339,1.0,0.0,-1.0,1648695,1.0,7,,0.0,2.0,1.0,B01,138Â 292Â 339,1.0
966008,201900007539,11,27,21:15,4,2,1,1.0,6.0,38185,AVENUE DE L'EUROPE,M,"45,1588600","5,7331800",38,2019,50.0,1.0,2.0,4.0,2159247,10.0,3,3,2,1.0,,2.0,3,2001.0,A01,138Â 292Â 337,8.0,0.0,-1.0,1648696,3.0,7,,12.0,1.0,7.0,A01,138Â 292Â 337,1.0
966008,201900007539,11,27,21:15,4,2,1,1.0,6.0,38185,AVENUE DE L'EUROPE,M,"45,1588600","5,7331800",38,2019,50.0,1.0,2.0,4.0,2159248,1.0,1,1,1,5.0,,-1.0, -1,1995.0,A01,138Â 292Â 337,1.0,0.0,-1.0,1648696,3.0,7,,12.0,1.0,7.0,A01,138Â 292Â 337,1.0
966009,201900007540,11,14,22:35,5,2,1,1.0,3.0,33522,CRS DE LA LIBERATION,M,"44,8010800"," -0,5948900",33,2019,50.0,1.0,1.0,4.0,2159249,1.0,1,1,1,0.0,,-1.0, -1,1991.0,B01,138Â 292Â 335,1.0,0.0,-1.0,1648697,2.0,7,,0.0,2.0,1.0,B01,138Â 292Â 335,0.0