Unnamed: 0_x,num_acc,mois,jour,hrmn,lum,agg,int,atm,col,com,adr,gps,lat,long,dep,annee,vma,situ,surf,catr,Unnamed: 0_y,place,catu,grav,sexe,trajet,secu,locp,actp,an_nais,num_veh_x,id_vehicule_x,secu1,secu2,secu3,Unnamed: 0,senc,catv,occutc,obs,obsm,choc,num_veh_y,id_vehicule_y,motor
966009,201900007540,11,14,22:35,5,2,1,1.0,3.0,33522,CRS DE LA LIBERATION,M,"44,8010800"," -0,5948900",33,2019,50.0,1.0,1.0,4.0,2159249,1.0,1,1,1,0.0,,-1.0, -1,1991.0,B01,138Â 292Â 335,1.0,0.0,-1.0,1648698,2.0,34,,0.0,2.0,7.0,A01,138Â 292Â 336,1.0
966009,201900007540,11,14,22:35,5,2,1,1.0,3.0,33522,CRS DE LA LIBERATION,M,"44,8010800"," -0,5948900",33,2019,50.0,1.0,1.0,4.0,2159250,2.0,1,4,1,0.0,,-1.0, -1,1994.0,A01,138Â 292Â 336,2.0,0.0,-1.0,1648697,2.0,7,,0.0,2.0,1.0,B01,138Â 292Â 335,0.0
966009,201900007540,11,14,22:35,5,2,1,1.0,3.0,33522,CRS DE LA LIBERATION,M,"44,8010800"," -0,5948900",33,2019,50.0,1.0,1.0,4.0,2159250,2.0,1,4,1,0.0,,-1.0, -1,1994.0,A01,138Â 292Â 336,2.0,0.0,-1.0,1648698,2.0,34,,0.0,2.0,7.0,A01,138Â 292Â 336,1.0
966010,201900007541,12,1,06:43,5,2,1,3.0,1.0,30189,FRANCAIS LIBRES (BD),M,"43,8399000","4,3195000",30,2019,50.0,1.0,2.0,4.0,2159251,1.0,1,3,1,1.0,,-1.0, -1,1967.0,B01,138Â 292Â 333,1.0,0.0,-1.0,1648699,3.0,7,,0.0,2.0,3.0,B01,138Â 292Â 333,1.0
966010,201900007541,12,1,06:43,5,2,1,3.0,1.0,30189,FRANCAIS LIBRES (BD),M,"43,8399000","4,3195000",30,2019,50.0,1.0,2.0,4.0,2159251,1.0,1,3,1,1.0,,-1.0, -1,1967.0,B01,138Â 292Â 333,1.0,0.0,-1.0,1648700,3.0,7,,0.0,2.0,4.0,A01,138Â 292Â 334,1.0
966010,201900007541,12,1,06:43,5,2,1,3.0,1.0,30189,FRANCAIS LIBRES (BD),M,"43,8399000","4,3195000",30,2019,50.0,1.0,2.0,4.0,2159252,2.0,2,4,1,0.0,,-1.0, -1,1993.0,B01,138Â 292Â 333,1.0,0.0,-1.0,1648699,3.0,7,,0.0,2.0,3.0,B01,138Â 292Â 333,1.0
966010,201900007541,12,1,06:43,5,2,1,3.0,1.0,30189,FRANCAIS LIBRES (BD),M,"43,8399000","4,3195000",30,2019,50.0,1.0,2.0,4.0,2159252,2.0,2,4,1,0.0,,-1.0, -1,1993.0,B01,138Â 292Â 333,1.0,0.0,-1.0,1648700,3.0,7,,0.0,2.0,4.0,A01,138Â 292Â 334,1.0
966010,201900007541,12,1,06:43,5,2,1,3.0,1.0,30189,FRANCAIS LIBRES (BD),M,"43,8399000","4,3195000",30,2019,50.0,1.0,2.0,4.0,2159253,1.0,1,1,1,5.0,,-1.0, -1,1999.0,A01,138Â 292Â 334,1.0,0.0,-1.0,1648699,3.0,7,,0.0,2.0,3.0,B01,138Â 292Â 333,1.0
966010,201900007541,12,1,06:43,5,2,1,3.0,1.0,30189,FRANCAIS LIBRES (BD),M,"43,8399000","4,3195000",30,2019,50.0,1.0,2.0,4.0,2159253,1.0,1,1,1,5.0,,-1.0, -1,1999.0,A01,138Â 292Â 334,1.0,0.0,-1.0,1648700,3.0,7,,0.0,2.0,4.0,A01,138Â 292Â 334,1.0
966010,201900007541,12,1,06:43,5,2,1,3.0,1.0,30189,FRANCAIS LIBRES (BD),M,"43,8399000","4,3195000",30,2019,50.0,1.0,2.0,4.0,2159254,2.0,2,4,1,5.0,,-1.0, -1,2001.0,A01,138Â 292Â 334,1.0,0.0,-1.0,1648699,3.0,7,,0.0,2.0,3.0,B01,138Â 292Â 333,1.0
966010,201900007541,12,1,06:43,5,2,1,3.0,1.0,30189,FRANCAIS LIBRES (BD),M,"43,8399000","4,3195000",30,2019,50.0,1.0,2.0,4.0,2159254,2.0,2,4,1,5.0,,-1.0, -1,2001.0,A01,138Â 292Â 334,1.0,0.0,-1.0,1648700,3.0,7,,0.0,2.0,4.0,A01,138Â 292Â 334,1.0
966011,201900007542,8,21,11:05,1,2,9,1.0,1.0,29019,KERGOAT,M,"48,4010000"," -4,5034700",29,2019,50.0,1.0,1.0,4.0,2159255,1.0,1,4,2,1.0,,-1.0,0,1961.0,B01,138Â 292Â 331,1.0,8.0,-1.0,1648701,2.0,7,,0.0,2.0,3.0,B01,138Â 292Â 331,1.0
966011,201900007542,8,21,11:05,1,2,9,1.0,1.0,29019,KERGOAT,M,"48,4010000"," -4,5034700",29,2019,50.0,1.0,1.0,4.0,2159255,1.0,1,4,2,1.0,,-1.0,0,1961.0,B01,138Â 292Â 331,1.0,8.0,-1.0,1648702,1.0,7,,0.0,2.0,3.0,A01,138Â 292Â 332,1.0
966011,201900007542,8,21,11:05,1,2,9,1.0,1.0,29019,KERGOAT,M,"48,4010000"," -4,5034700",29,2019,50.0,1.0,1.0,4.0,2159256,1.0,1,4,1,1.0,,0.0,0,1987.0,A01,138Â 292Â 332,1.0,8.0,-1.0,1648701,2.0,7,,0.0,2.0,3.0,B01,138Â 292Â 331,1.0
966011,201900007542,8,21,11:05,1,2,9,1.0,1.0,29019,KERGOAT,M,"48,4010000"," -4,5034700",29,2019,50.0,1.0,1.0,4.0,2159256,1.0,1,4,1,1.0,,0.0,0,1987.0,A01,138Â 292Â 332,1.0,8.0,-1.0,1648702,1.0,7,,0.0,2.0,3.0,A01,138Â 292Â 332,1.0
966012,201900007543,8,16,15:40,1,2,2,1.0,3.0,29019,LYON (DE 1 A 33 ET 2 A 28),M,"48,3872700"," -4,4860600",29,2019,50.0,1.0,2.0,4.0,2159257,1.0,1,1,1,5.0,,-1.0, -1,1995.0,A01,138Â 292Â 329,1.0,8.0,-1.0,1648703,1.0,7,,0.0,2.0,1.0,A01,138Â 292Â 329,1.0
966012,201900007543,8,16,15:40,1,2,2,1.0,3.0,29019,LYON (DE 1 A 33 ET 2 A 28),M,"48,3872700"," -4,4860600",29,2019,50.0,1.0,2.0,4.0,2159257,1.0,1,1,1,5.0,,-1.0, -1,1995.0,A01,138Â 292Â 329,1.0,8.0,-1.0,1648704,1.0,33,,0.0,0.0,0.0,B01,138Â 292Â 330,1.0
966012,201900007543,8,16,15:40,1,2,2,1.0,3.0,29019,LYON (DE 1 A 33 ET 2 A 28),M,"48,3872700"," -4,4860600",29,2019,50.0,1.0,2.0,4.0,2159258,1.0,1,4,1,5.0,,-1.0,0,1964.0,B01,138Â 292Â 330,2.0,8.0,-1.0,1648703,1.0,7,,0.0,2.0,1.0,A01,138Â 292Â 329,1.0
966012,201900007543,8,16,15:40,1,2,2,1.0,3.0,29019,LYON (DE 1 A 33 ET 2 A 28),M,"48,3872700"," -4,4860600",29,2019,50.0,1.0,2.0,4.0,2159258,1.0,1,4,1,5.0,,-1.0,0,1964.0,B01,138Â 292Â 330,2.0,8.0,-1.0,1648704,1.0,33,,0.0,0.0,0.0,B01,138Â 292Â 330,1.0
966012,201900007543,8,16,15:40,1,2,2,1.0,3.0,29019,LYON (DE 1 A 33 ET 2 A 28),M,"48,3872700"," -4,4860600",29,2019,50.0,1.0,2.0,4.0,2159259,2.0,2,4,2,5.0,,-1.0,0,1967.0,B01,138Â 292Â 330,2.0,8.0,-1.0,1648703,1.0,7,,0.0,2.0,1.0,A01,138Â 292Â 329,1.0
966012,201900007543,8,16,15:40,1,2,2,1.0,3.0,29019,LYON (DE 1 A 33 ET 2 A 28),M,"48,3872700"," -4,4860600",29,2019,50.0,1.0,2.0,4.0,2159259,2.0,2,4,2,5.0,,-1.0,0,1967.0,B01,138Â 292Â 330,2.0,8.0,-1.0,1648704,1.0,33,,0.0,0.0,0.0,B01,138Â 292Â 330,1.0
966013,201900007544,12,13,13:50,1,1,1,1.0,3.0,22360,ROCHERS (RUE DES),M,"48,4745880"," -2,7506390",22,2019,50.0,1.0,1.0,3.0,2159260,1.0,1,4,2,0.0,,0.0,0,1979.0,B01,138Â 292Â 327,8.0,0.0,-1.0,1648705,1.0,7,,0.0,2.0,6.0,B01,138Â 292Â 327,1.0
966013,201900007544,12,13,13:50,1,1,1,1.0,3.0,22360,ROCHERS (RUE DES),M,"48,4745880"," -2,7506390",22,2019,50.0,1.0,1.0,3.0,2159260,1.0,1,4,2,0.0,,0.0,0,1979.0,B01,138Â 292Â 327,8.0,0.0,-1.0,1648706,2.0,7,,0.0,2.0,3.0,A01,138Â 292Â 328,1.0
966013,201900007544,12,13,13:50,1,1,1,1.0,3.0,22360,ROCHERS (RUE DES),M,"48,4745880"," -2,7506390",22,2019,50.0,1.0,1.0,3.0,2159261,1.0,1,1,1,0.0,,0.0,0,1986.0,A01,138Â 292Â 328,8.0,-1.0,-1.0,1648705,1.0,7,,0.0,2.0,6.0,B01,138Â 292Â 327,1.0
966013,201900007544,12,13,13:50,1,1,1,1.0,3.0,22360,ROCHERS (RUE DES),M,"48,4745880"," -2,7506390",22,2019,50.0,1.0,1.0,3.0,2159261,1.0,1,1,1,0.0,,0.0,0,1986.0,A01,138Â 292Â 328,8.0,-1.0,-1.0,1648706,2.0,7,,0.0,2.0,3.0,A01,138Â 292Â 328,1.0
966014,201900007545,12,2,16:35,1,2,2,1.0,3.0,18279,PUITS BERTEAU (DE LA RUE A.RIBAUD RUE DE,M,"47,2365510","2,0757570",18,2019,50.0,1.0,1.0,7.0,2159262,2.0,2,4,2,0.0,,-1.0, -1,1995.0,A01,138Â 292Â 325,1.0,4.0,-1.0,1648707,1.0,7,,0.0,0.0,2.0,A01,138Â 292Â 325,0.0
966014,201900007545,12,2,16:35,1,2,2,1.0,3.0,18279,PUITS BERTEAU (DE LA RUE A.RIBAUD RUE DE,M,"47,2365510","2,0757570",18,2019,50.0,1.0,1.0,7.0,2159262,2.0,2,4,2,0.0,,-1.0, -1,1995.0,A01,138Â 292Â 325,1.0,4.0,-1.0,1648708,2.0,7,,0.0,2.0,1.0,B01,138Â 292Â 326,0.0
966014,201900007545,12,2,16:35,1,2,2,1.0,3.0,18279,PUITS BERTEAU (DE LA RUE A.RIBAUD RUE DE,M,"47,2365510","2,0757570",18,2019,50.0,1.0,1.0,7.0,2159263,1.0,1,4,2,0.0,,-1.0, -1,1995.0,A01,138Â 292Â 325,1.0,4.0,-1.0,1648707,1.0,7,,0.0,0.0,2.0,A01,138Â 292Â 325,0.0
966014,201900007545,12,2,16:35,1,2,2,1.0,3.0,18279,PUITS BERTEAU (DE LA RUE A.RIBAUD RUE DE,M,"47,2365510","2,0757570",18,2019,50.0,1.0,1.0,7.0,2159263,1.0,1,4,2,0.0,,-1.0, -1,1995.0,A01,138Â 292Â 325,1.0,4.0,-1.0,1648708,2.0,7,,0.0,2.0,1.0,B01,138Â 292Â 326,0.0
966014,201900007545,12,2,16:35,1,2,2,1.0,3.0,18279,PUITS BERTEAU (DE LA RUE A.RIBAUD RUE DE,M,"47,2365510","2,0757570",18,2019,50.0,1.0,1.0,7.0,2159264,1.0,1,1,1,0.0,,-1.0, -1,1990.0,B01,138Â 292Â 326,1.0,4.0,-1.0,1648707,1.0,7,,0.0,0.0,2.0,A01,138Â 292Â 325,0.0
966014,201900007545,12,2,16:35,1,2,2,1.0,3.0,18279,PUITS BERTEAU (DE LA RUE A.RIBAUD RUE DE,M,"47,2365510","2,0757570",18,2019,50.0,1.0,1.0,7.0,2159264,1.0,1,1,1,0.0,,-1.0, -1,1990.0,B01,138Â 292Â 326,1.0,4.0,-1.0,1648708,2.0,7,,0.0,2.0,1.0,B01,138Â 292Â 326,0.0
966015,201900007546,10,3,00:35,5,2,2,1.0,3.0,17300,VILLENEUVE   RUE,M,"46,1617500"," -1,1466900",17,2019,30.0,1.0,1.0,4.0,2159265,1.0,1,1,2,5.0,,-1.0,0,1988.0,A01,138Â 292Â 323,1.0,0.0,-1.0,1648709,1.0,7,,0.0,2.0,3.0,A01,138Â 292Â 323,1.0
966015,201900007546,10,3,00:35,5,2,2,1.0,3.0,17300,VILLENEUVE   RUE,M,"46,1617500"," -1,1466900",17,2019,30.0,1.0,1.0,4.0,2159265,1.0,1,1,2,5.0,,-1.0,0,1988.0,A01,138Â 292Â 323,1.0,0.0,-1.0,1648710,1.0,7,,0.0,2.0,2.0,B01,138Â 292Â 324,1.0
966015,201900007546,10,3,00:35,5,2,2,1.0,3.0,17300,VILLENEUVE   RUE,M,"46,1617500"," -1,1466900",17,2019,30.0,1.0,1.0,4.0,2159266,1.0,1,4,1,5.0,,-1.0,0,1997.0,B01,138Â 292Â 324,1.0,0.0,-1.0,1648709,1.0,7,,0.0,2.0,3.0,A01,138Â 292Â 323,1.0
966015,201900007546,10,3,00:35,5,2,2,1.0,3.0,17300,VILLENEUVE   RUE,M,"46,1617500"," -1,1466900",17,2019,30.0,1.0,1.0,4.0,2159266,1.0,1,4,1,5.0,,-1.0,0,1997.0,B01,138Â 292Â 324,1.0,0.0,-1.0,1648710,1.0,7,,0.0,2.0,2.0,B01,138Â 292Â 324,1.0
966015,201900007546,10,3,00:35,5,2,2,1.0,3.0,17300,VILLENEUVE   RUE,M,"46,1617500"," -1,1466900",17,2019,30.0,1.0,1.0,4.0,2159267,2.0,2,4,2,5.0,,-1.0,0,1998.0,B01,138Â 292Â 324,1.0,0.0,-1.0,1648709,1.0,7,,0.0,2.0,3.0,A01,138Â 292Â 323,1.0
966015,201900007546,10,3,00:35,5,2,2,1.0,3.0,17300,VILLENEUVE   RUE,M,"46,1617500"," -1,1466900",17,2019,30.0,1.0,1.0,4.0,2159267,2.0,2,4,2,5.0,,-1.0,0,1998.0,B01,138Â 292Â 324,1.0,0.0,-1.0,1648710,1.0,7,,0.0,2.0,2.0,B01,138Â 292Â 324,1.0
966016,201900007547,12,3,16:25,2,2,2,1.0,6.0,14699,MARAIS (CHEMIN DU),M,"49,3509300","0,0927600",14,2019,70.0,1.0,1.0,3.0,2159268,1.0,1,1,2,1.0,,0.0,0,1965.0,A01,138Â 292Â 322,1.0,0.0,-1.0,1648711,3.0,7,,0.0,1.0,2.0,A01,138Â 292Â 322,1.0
966016,201900007547,12,3,16:25,2,2,2,1.0,6.0,14699,MARAIS (CHEMIN DU),M,"49,3509300","0,0927600",14,2019,70.0,1.0,1.0,3.0,2159269,10.0,3,4,1,9.0,,2.0,B,1932.0,A01,138Â 292Â 322,8.0,0.0,-1.0,1648711,3.0,7,,0.0,1.0,2.0,A01,138Â 292Â 322,1.0
966017,201900007548,12,1,23:00,5,2,2,1.0,4.0,13206,BAILLE (BOULEVARD),M,"43,2864700","5,3857100",13,2019,50.0,1.0,2.0,4.0,2159270,3.0,2,4,2,5.0,,-1.0, -1,1995.0,A01,138Â 292Â 319,1.0,0.0,-1.0,1648712,2.0,7,,0.0,2.0,1.0,A01,138Â 292Â 319,0.0
966017,201900007548,12,1,23:00,5,2,2,1.0,4.0,13206,BAILLE (BOULEVARD),M,"43,2864700","5,3857100",13,2019,50.0,1.0,2.0,4.0,2159270,3.0,2,4,2,5.0,,-1.0, -1,1995.0,A01,138Â 292Â 319,1.0,0.0,-1.0,1648713,2.0,7,,0.0,2.0,4.0,B01,138Â 292Â 320,0.0
966017,201900007548,12,1,23:00,5,2,2,1.0,4.0,13206,BAILLE (BOULEVARD),M,"43,2864700","5,3857100",13,2019,50.0,1.0,2.0,4.0,2159270,3.0,2,4,2,5.0,,-1.0, -1,1995.0,A01,138Â 292Â 319,1.0,0.0,-1.0,1648714,2.0,7,,0.0,2.0,1.0,Z01,138Â 292Â 321,0.0
966017,201900007548,12,1,23:00,5,2,2,1.0,4.0,13206,BAILLE (BOULEVARD),M,"43,2864700","5,3857100",13,2019,50.0,1.0,2.0,4.0,2159271,4.0,2,4,2,5.0,,-1.0,0,2000.0,A01,138Â 292Â 319,1.0,0.0,-1.0,1648712,2.0,7,,0.0,2.0,1.0,A01,138Â 292Â 319,0.0
966017,201900007548,12,1,23:00,5,2,2,1.0,4.0,13206,BAILLE (BOULEVARD),M,"43,2864700","5,3857100",13,2019,50.0,1.0,2.0,4.0,2159271,4.0,2,4,2,5.0,,-1.0,0,2000.0,A01,138Â 292Â 319,1.0,0.0,-1.0,1648713,2.0,7,,0.0,2.0,4.0,B01,138Â 292Â 320,0.0
966017,201900007548,12,1,23:00,5,2,2,1.0,4.0,13206,BAILLE (BOULEVARD),M,"43,2864700","5,3857100",13,2019,50.0,1.0,2.0,4.0,2159271,4.0,2,4,2,5.0,,-1.0,0,2000.0,A01,138Â 292Â 319,1.0,0.0,-1.0,1648714,2.0,7,,0.0,2.0,1.0,Z01,138Â 292Â 321,0.0
966017,201900007548,12,1,23:00,5,2,2,1.0,4.0,13206,BAILLE (BOULEVARD),M,"43,2864700","5,3857100",13,2019,50.0,1.0,2.0,4.0,2159272,1.0,1,4,1,5.0,,-1.0,0,1997.0,A01,138Â 292Â 319,1.0,0.0,-1.0,1648712,2.0,7,,0.0,2.0,1.0,A01,138Â 292Â 319,0.0
966017,201900007548,12,1,23:00,5,2,2,1.0,4.0,13206,BAILLE (BOULEVARD),M,"43,2864700","5,3857100",13,2019,50.0,1.0,2.0,4.0,2159272,1.0,1,4,1,5.0,,-1.0,0,1997.0,A01,138Â 292Â 319,1.0,0.0,-1.0,1648713,2.0,7,,0.0,2.0,4.0,B01,138Â 292Â 320,0.0
966017,201900007548,12,1,23:00,5,2,2,1.0,4.0,13206,BAILLE (BOULEVARD),M,"43,2864700","5,3857100",13,2019,50.0,1.0,2.0,4.0,2159272,1.0,1,4,1,5.0,,-1.0,0,1997.0,A01,138Â 292Â 319,1.0,0.0,-1.0,1648714,2.0,7,,0.0,2.0,1.0,Z01,138Â 292Â 321,0.0
966017,201900007548,12,1,23:00,5,2,2,1.0,4.0,13206,BAILLE (BOULEVARD),M,"43,2864700","5,3857100",13,2019,50.0,1.0,2.0,4.0,2159273,2.0,2,1,1,5.0,,-1.0, -1,1991.0,A01,138Â 292Â 319,1.0,0.0,-1.0,1648712,2.0,7,,0.0,2.0,1.0,A01,138Â 292Â 319,0.0
966017,201900007548,12,1,23:00,5,2,2,1.0,4.0,13206,BAILLE (BOULEVARD),M,"43,2864700","5,3857100",13,2019,50.0,1.0,2.0,4.0,2159273,2.0,2,1,1,5.0,,-1.0, -1,1991.0,A01,138Â 292Â 319,1.0,0.0,-1.0,1648713,2.0,7,,0.0,2.0,4.0,B01,138Â 292Â 320,0.0
966017,201900007548,12,1,23:00,5,2,2,1.0,4.0,13206,BAILLE (BOULEVARD),M,"43,2864700","5,3857100",13,2019,50.0,1.0,2.0,4.0,2159273,2.0,2,1,1,5.0,,-1.0, -1,1991.0,A01,138Â 292Â 319,1.0,0.0,-1.0,1648714,2.0,7,,0.0,2.0,1.0,Z01,138Â 292Â 321,0.0
966017,201900007548,12,1,23:00,5,2,2,1.0,4.0,13206,BAILLE (BOULEVARD),M,"43,2864700","5,3857100",13,2019,50.0,1.0,2.0,4.0,2159274,2.0,2,4,1,5.0,,-1.0,0,2000.0,B01,138Â 292Â 320,1.0,0.0,-1.0,1648712,2.0,7,,0.0,2.0,1.0,A01,138Â 292Â 319,0.0
966017,201900007548,12,1,23:00,5,2,2,1.0,4.0,13206,BAILLE (BOULEVARD),M,"43,2864700","5,3857100",13,2019,50.0,1.0,2.0,4.0,2159274,2.0,2,4,1,5.0,,-1.0,0,2000.0,B01,138Â 292Â 320,1.0,0.0,-1.0,1648713,2.0,7,,0.0,2.0,4.0,B01,138Â 292Â 320,0.0
966017,201900007548,12,1,23:00,5,2,2,1.0,4.0,13206,BAILLE (BOULEVARD),M,"43,2864700","5,3857100",13,2019,50.0,1.0,2.0,4.0,2159274,2.0,2,4,1,5.0,,-1.0,0,2000.0,B01,138Â 292Â 320,1.0,0.0,-1.0,1648714,2.0,7,,0.0,2.0,1.0,Z01,138Â 292Â 321,0.0
966017,201900007548,12,1,23:00,5,2,2,1.0,4.0,13206,BAILLE (BOULEVARD),M,"43,2864700","5,3857100",13,2019,50.0,1.0,2.0,4.0,2159275,3.0,2,4,1,5.0,,-1.0,0,2000.0,B01,138Â 292Â 320,1.0,0.0,-1.0,1648712,2.0,7,,0.0,2.0,1.0,A01,138Â 292Â 319,0.0
966017,201900007548,12,1,23:00,5,2,2,1.0,4.0,13206,BAILLE (BOULEVARD),M,"43,2864700","5,3857100",13,2019,50.0,1.0,2.0,4.0,2159275,3.0,2,4,1,5.0,,-1.0,0,2000.0,B01,138Â 292Â 320,1.0,0.0,-1.0,1648713,2.0,7,,0.0,2.0,4.0,B01,138Â 292Â 320,0.0
966017,201900007548,12,1,23:00,5,2,2,1.0,4.0,13206,BAILLE (BOULEVARD),M,"43,2864700","5,3857100",13,2019,50.0,1.0,2.0,4.0,2159275,3.0,2,4,1,5.0,,-1.0,0,2000.0,B01,138Â 292Â 320,1.0,0.0,-1.0,1648714,2.0,7,,0.0,2.0,1.0,Z01,138Â 292Â 321,0.0
966017,201900007548,12,1,23:00,5,2,2,1.0,4.0,13206,BAILLE (BOULEVARD),M,"43,2864700","5,3857100",13,2019,50.0,1.0,2.0,4.0,2159276,4.0,2,4,1,0.0,,-1.0,0,2000.0,B01,138Â 292Â 320,1.0,0.0,-1.0,1648712,2.0,7,,0.0,2.0,1.0,A01,138Â 292Â 319,0.0
966017,201900007548,12,1,23:00,5,2,2,1.0,4.0,13206,BAILLE (BOULEVARD),M,"43,2864700","5,3857100",13,2019,50.0,1.0,2.0,4.0,2159276,4.0,2,4,1,0.0,,-1.0,0,2000.0,B01,138Â 292Â 320,1.0,0.0,-1.0,1648713,2.0,7,,0.0,2.0,4.0,B01,138Â 292Â 320,0.0
966017,201900007548,12,1,23:00,5,2,2,1.0,4.0,13206,BAILLE (BOULEVARD),M,"43,2864700","5,3857100",13,2019,50.0,1.0,2.0,4.0,2159276,4.0,2,4,1,0.0,,-1.0,0,2000.0,B01,138Â 292Â 320,1.0,0.0,-1.0,1648714,2.0,7,,0.0,2.0,1.0,Z01,138Â 292Â 321,0.0
966017,201900007548,12,1,23:00,5,2,2,1.0,4.0,13206,BAILLE (BOULEVARD),M,"43,2864700","5,3857100",13,2019,50.0,1.0,2.0,4.0,2159277,1.0,1,4,1,5.0,,-1.0,0,2000.0,B01,138Â 292Â 320,1.0,0.0,-1.0,1648712,2.0,7,,0.0,2.0,1.0,A01,138Â 292Â 319,0.0
966017,201900007548,12,1,23:00,5,2,2,1.0,4.0,13206,BAILLE (BOULEVARD),M,"43,2864700","5,3857100",13,2019,50.0,1.0,2.0,4.0,2159277,1.0,1,4,1,5.0,,-1.0,0,2000.0,B01,138Â 292Â 320,1.0,0.0,-1.0,1648713,2.0,7,,0.0,2.0,4.0,B01,138Â 292Â 320,0.0
966017,201900007548,12,1,23:00,5,2,2,1.0,4.0,13206,BAILLE (BOULEVARD),M,"43,2864700","5,3857100",13,2019,50.0,1.0,2.0,4.0,2159277,1.0,1,4,1,5.0,,-1.0,0,2000.0,B01,138Â 292Â 320,1.0,0.0,-1.0,1648714,2.0,7,,0.0,2.0,1.0,Z01,138Â 292Â 321,0.0
966018,201900007549,12,2,08:40,2,1,1,7.0,2.0,13047,D.5,M,"43,4429000","5,0286800",13,2019,90.0,1.0,9.0,3.0,2159278,1.0,1,4,2,5.0,,-1.0,0,1954.0,A01,138Â 292Â 318,1.0,0.0,-1.0,1648715,3.0,7,,14.0,2.0,5.0,B01,138Â 292Â 317,1.0
966018,201900007549,12,2,08:40,2,1,1,7.0,2.0,13047,D.5,M,"43,4429000","5,0286800",13,2019,90.0,1.0,9.0,3.0,2159278,1.0,1,4,2,5.0,,-1.0,0,1954.0,A01,138Â 292Â 318,1.0,0.0,-1.0,1648716,3.0,7,,15.0,0.0,3.0,A01,138Â 292Â 318,1.0
966019,201900007550,12,3,19:50,5,2,7,1.0,3.0,97302,PLACE DU COQ,M,"4,9359000"," -52,3345700",973,2019,50.0,1.0,1.0,4.0,2159279,1.0,1,4,1,0.0,,-1.0,0,1964.0,B01,138Â 292Â 313,2.0,0.0,-1.0,1648717,3.0,2,,0.0,2.0,1.0,B01,138Â 292Â 313,0.0
966019,201900007550,12,3,19:50,5,2,7,1.0,3.0,97302,PLACE DU COQ,M,"4,9359000"," -52,3345700",973,2019,50.0,1.0,1.0,4.0,2159279,1.0,1,4,1,0.0,,-1.0,0,1964.0,B01,138Â 292Â 313,2.0,0.0,-1.0,1648718,0.0,7,,0.0,2.0,7.0,A01,138Â 292Â 314,0.0
966019,201900007550,12,3,19:50,5,2,7,1.0,3.0,97302,PLACE DU COQ,M,"4,9359000"," -52,3345700",973,2019,50.0,1.0,1.0,4.0,2159280,1.0,1,1,2,0.0,,-1.0,0,1961.0,A01,138Â 292Â 314,1.0,0.0,-1.0,1648717,3.0,2,,0.0,2.0,1.0,B01,138Â 292Â 313,0.0
966019,201900007550,12,3,19:50,5,2,7,1.0,3.0,97302,PLACE DU COQ,M,"4,9359000"," -52,3345700",973,2019,50.0,1.0,1.0,4.0,2159280,1.0,1,1,2,0.0,,-1.0,0,1961.0,A01,138Â 292Â 314,1.0,0.0,-1.0,1648718,0.0,7,,0.0,2.0,7.0,A01,138Â 292Â 314,0.0
966019,201900007550,12,3,19:50,5,2,7,1.0,3.0,97302,PLACE DU COQ,M,"4,9359000"," -52,3345700",973,2019,50.0,1.0,1.0,4.0,2159281,3.0,2,1,2,0.0,,-1.0,0,2014.0,A01,138Â 292Â 314,8.0,0.0,-1.0,1648717,3.0,2,,0.0,2.0,1.0,B01,138Â 292Â 313,0.0
966019,201900007550,12,3,19:50,5,2,7,1.0,3.0,97302,PLACE DU COQ,M,"4,9359000"," -52,3345700",973,2019,50.0,1.0,1.0,4.0,2159281,3.0,2,1,2,0.0,,-1.0,0,2014.0,A01,138Â 292Â 314,8.0,0.0,-1.0,1648718,0.0,7,,0.0,2.0,7.0,A01,138Â 292Â 314,0.0
966020,201900007551,12,2,23:40,5,1,1,1.0,6.0,97302,ROUTE NATIONALE 1,M,"4,9189968"," -52,3308098",973,2019,90.0,1.0,1.0,2.0,2159282,1.0,1,1,1,0.0,,-1.0,0,1997.0,A01,138Â 292Â 311,1.0,0.0,-1.0,1648719,1.0,7,,0.0,1.0,3.0,A01,138Â 292Â 311,1.0
966020,201900007551,12,2,23:40,5,1,1,1.0,6.0,97302,ROUTE NATIONALE 1,M,"4,9189968"," -52,3308098",973,2019,90.0,1.0,1.0,2.0,2159282,1.0,1,1,1,0.0,,-1.0,0,1997.0,A01,138Â 292Â 311,1.0,0.0,-1.0,1648720,1.0,7,,0.0,1.0,0.0,B01,138Â 292Â 312,1.0
966020,201900007551,12,2,23:40,5,1,1,1.0,6.0,97302,ROUTE NATIONALE 1,M,"4,9189968"," -52,3308098",973,2019,90.0,1.0,1.0,2.0,2159283,2.0,2,1,1,0.0,,-1.0,0,1994.0,A01,138Â 292Â 311,1.0,0.0,-1.0,1648719,1.0,7,,0.0,1.0,3.0,A01,138Â 292Â 311,1.0
966020,201900007551,12,2,23:40,5,1,1,1.0,6.0,97302,ROUTE NATIONALE 1,M,"4,9189968"," -52,3308098",973,2019,90.0,1.0,1.0,2.0,2159283,2.0,2,1,1,0.0,,-1.0,0,1994.0,A01,138Â 292Â 311,1.0,0.0,-1.0,1648720,1.0,7,,0.0,1.0,0.0,B01,138Â 292Â 312,1.0
966020,201900007551,12,2,23:40,5,1,1,1.0,6.0,97302,ROUTE NATIONALE 1,M,"4,9189968"," -52,3308098",973,2019,90.0,1.0,1.0,2.0,2159284,10.0,3,2,1,9.0,,1.0,3,1987.0,A01,138Â 292Â 311,0.0,-1.0,-1.0,1648719,1.0,7,,0.0,1.0,3.0,A01,138Â 292Â 311,1.0