Unnamed: 0_x,num_acc,mois,jour,hrmn,lum,agg,int,atm,col,com,adr,gps,lat,long,dep,annee,vma,situ,surf,catr,Unnamed: 0_y,place,catu,grav,sexe,trajet,secu,locp,actp,an_nais,num_veh_x,id_vehicule_x,secu1,secu2,secu3,Unnamed: 0,senc,catv,occutc,obs,obsm,choc,num_veh_y,id_vehicule_y,motor
966020,201900007551,12,2,23:40,5,1,1,1.0,6.0,97302,ROUTE NATIONALE 1,M,"4,9189968"," -52,3308098",973,2019,90.0,1.0,1.0,2.0,2159284,10.0,3,2,1,9.0,,1.0,3,1987.0,A01,138Â 292Â 311,0.0,-1.0,-1.0,1648720,1.0,7,,0.0,1.0,0.0,B01,138Â 292Â 312,1.0
966020,201900007551,12,2,23:40,5,1,1,1.0,6.0,97302,ROUTE NATIONALE 1,M,"4,9189968"," -52,3308098",973,2019,90.0,1.0,1.0,2.0,2159285,1.0,1,1,2,9.0,,-1.0,0,1998.0,B01,138Â 292Â 312,1.0,0.0,-1.0,1648719,1.0,7,,0.0,1.0,3.0,A01,138Â 292Â 311,1.0
966020,201900007551,12,2,23:40,5,1,1,1.0,6.0,97302,ROUTE NATIONALE 1,M,"4,9189968"," -52,3308098",973,2019,90.0,1.0,1.0,2.0,2159285,1.0,1,1,2,9.0,,-1.0,0,1998.0,B01,138Â 292Â 312,1.0,0.0,-1.0,1648720,1.0,7,,0.0,1.0,0.0,B01,138Â 292Â 312,1.0
966021,201900007552,12,16,20:50,5,2,1,1.0,6.0,69259,PINEL                               (BD),M,"45,7226400","4,8873200",69,2019,50.0,1.0,1.0,7.0,2159286,1.0,1,4,1,1.0,,-1.0, -1,1991.0,A01,138Â 292Â 310,8.0,0.0,-1.0,1648721,3.0,50,,0.0,2.0,6.0,A01,138Â 292Â 310,3.0
966022,201900007553,12,16,21:25,5,2,1,1.0,7.0,69387,CLAUDE BERNARD                      (QU),M,"45,7526500","4,8375500",69,2019,50.0,1.0,1.0,7.0,2159287,1.0,1,4,1,0.0,,-1.0, -1,1974.0,A01,138Â 292Â 309,2.0,6.0,-1.0,1648722,1.0,32,,12.0,0.0,1.0,A01,138Â 292Â 309,1.0
966023,201900007554,12,16,07:25,5,2,1,1.0,6.0,69387,GERLAND (DE)                        (R ),M,"45,7391200","4,8403000",69,2019,50.0,1.0,1.0,4.0,2159288,1.0,1,1,2,1.0,,-1.0, -1,1968.0,A01,138Â 292Â 308,1.0,0.0,-1.0,1648723,2.0,7,,0.0,1.0,1.0,A01,138Â 292Â 308,1.0
966023,201900007554,12,16,07:25,5,2,1,1.0,6.0,69387,GERLAND (DE)                        (R ),M,"45,7391200","4,8403000",69,2019,50.0,1.0,1.0,4.0,2159289,10.0,3,4,2,0.0,,3.0,3,1970.0,A01,138Â 292Â 308,0.0,-1.0,-1.0,1648723,2.0,7,,0.0,1.0,1.0,A01,138Â 292Â 308,1.0
966024,201900007555,12,3,20:35,5,2,1,1.0,2.0,69383,LACASSAGNE                          (AV),M,"45,7531900","4,8689500",69,2019,50.0,1.0,1.0,7.0,2159290,1.0,1,1,2,5.0,,-1.0, -1,1986.0,B01,138Â 292Â 306,1.0,0.0,-1.0,1648724,1.0,7,,0.0,9.0,5.0,B01,138Â 292Â 306,1.0
966024,201900007555,12,3,20:35,5,2,1,1.0,2.0,69383,LACASSAGNE                          (AV),M,"45,7531900","4,8689500",69,2019,50.0,1.0,1.0,7.0,2159290,1.0,1,1,2,5.0,,-1.0, -1,1986.0,B01,138Â 292Â 306,1.0,0.0,-1.0,1648725,1.0,50,,0.0,2.0,1.0,A01,138Â 292Â 307,3.0
966024,201900007555,12,3,20:35,5,2,1,1.0,2.0,69383,LACASSAGNE                          (AV),M,"45,7531900","4,8689500",69,2019,50.0,1.0,1.0,7.0,2159291,2.0,2,1,2,5.0,,-1.0, -1,1980.0,B01,138Â 292Â 306,1.0,0.0,-1.0,1648724,1.0,7,,0.0,9.0,5.0,B01,138Â 292Â 306,1.0
966024,201900007555,12,3,20:35,5,2,1,1.0,2.0,69383,LACASSAGNE                          (AV),M,"45,7531900","4,8689500",69,2019,50.0,1.0,1.0,7.0,2159291,2.0,2,1,2,5.0,,-1.0, -1,1980.0,B01,138Â 292Â 306,1.0,0.0,-1.0,1648725,1.0,50,,0.0,2.0,1.0,A01,138Â 292Â 307,3.0
966024,201900007555,12,3,20:35,5,2,1,1.0,2.0,69383,LACASSAGNE                          (AV),M,"45,7531900","4,8689500",69,2019,50.0,1.0,1.0,7.0,2159292,1.0,1,4,1,5.0,,-1.0, -1,2001.0,A01,138Â 292Â 307,8.0,0.0,-1.0,1648724,1.0,7,,0.0,9.0,5.0,B01,138Â 292Â 306,1.0
966024,201900007555,12,3,20:35,5,2,1,1.0,2.0,69383,LACASSAGNE                          (AV),M,"45,7531900","4,8689500",69,2019,50.0,1.0,1.0,7.0,2159292,1.0,1,4,1,5.0,,-1.0, -1,2001.0,A01,138Â 292Â 307,8.0,0.0,-1.0,1648725,1.0,50,,0.0,2.0,1.0,A01,138Â 292Â 307,3.0
966025,201900007556,12,3,22:00,5,2,3,1.0,3.0,69259,AUGUSTE BLANQUI                     (R ),M,"45,7017400","4,8745000",69,2019,50.0,1.0,1.0,4.0,2159293,1.0,1,4,1,5.0,,-1.0, -1,1996.0,A01,138Â 292Â 304,2.0,8.0,-1.0,1648726,2.0,32,,0.0,2.0,1.0,A01,138Â 292Â 304,1.0
966025,201900007556,12,3,22:00,5,2,3,1.0,3.0,69259,AUGUSTE BLANQUI                     (R ),M,"45,7017400","4,8745000",69,2019,50.0,1.0,1.0,4.0,2159293,1.0,1,4,1,5.0,,-1.0, -1,1996.0,A01,138Â 292Â 304,2.0,8.0,-1.0,1648727,1.0,7,,0.0,2.0,3.0,B01,138Â 292Â 305,1.0
966025,201900007556,12,3,22:00,5,2,3,1.0,3.0,69259,AUGUSTE BLANQUI                     (R ),M,"45,7017400","4,8745000",69,2019,50.0,1.0,1.0,4.0,2159294,2.0,2,4,1,5.0,,-1.0, -1,1987.0,A01,138Â 292Â 304,8.0,0.0,-1.0,1648726,2.0,32,,0.0,2.0,1.0,A01,138Â 292Â 304,1.0
966025,201900007556,12,3,22:00,5,2,3,1.0,3.0,69259,AUGUSTE BLANQUI                     (R ),M,"45,7017400","4,8745000",69,2019,50.0,1.0,1.0,4.0,2159294,2.0,2,4,1,5.0,,-1.0, -1,1987.0,A01,138Â 292Â 304,8.0,0.0,-1.0,1648727,1.0,7,,0.0,2.0,3.0,B01,138Â 292Â 305,1.0
966025,201900007556,12,3,22:00,5,2,3,1.0,3.0,69259,AUGUSTE BLANQUI                     (R ),M,"45,7017400","4,8745000",69,2019,50.0,1.0,1.0,4.0,2159295,1.0,1,1,1,5.0,,-1.0, -1,1984.0,B01,138Â 292Â 305,1.0,0.0,-1.0,1648726,2.0,32,,0.0,2.0,1.0,A01,138Â 292Â 304,1.0
966025,201900007556,12,3,22:00,5,2,3,1.0,3.0,69259,AUGUSTE BLANQUI                     (R ),M,"45,7017400","4,8745000",69,2019,50.0,1.0,1.0,4.0,2159295,1.0,1,1,1,5.0,,-1.0, -1,1984.0,B01,138Â 292Â 305,1.0,0.0,-1.0,1648727,1.0,7,,0.0,2.0,3.0,B01,138Â 292Â 305,1.0
966026,201900007557,12,2,15:30,1,2,1,1.0,6.0,69383,MARECHAL DE SAXE                    (AV),M,"45,7559300","4,8465900",69,2019,50.0,1.0,1.0,4.0,2159296,10.0,3,4,2,0.0,,4.0,3,1949.0,A01,138Â 292Â 303,8.0,0.0,-1.0,1648728,2.0,7,,0.0,1.0,4.0,A01,138Â 292Â 303,1.0
966026,201900007557,12,2,15:30,1,2,1,1.0,6.0,69383,MARECHAL DE SAXE                    (AV),M,"45,7559300","4,8465900",69,2019,50.0,1.0,1.0,4.0,2159297,1.0,1,1,1,0.0,,-1.0, -1,1985.0,A01,138Â 292Â 303,1.0,0.0,-1.0,1648728,2.0,7,,0.0,1.0,4.0,A01,138Â 292Â 303,1.0
966027,201900007558,12,16,13:10,1,2,1,1.0,3.0,97213,Z I LA JAMBETTE,M,"14,6167000"," -61,0363400",972,2019,30.0,1.0,1.0,4.0,2159298,1.0,1,1,2,0.0,,-1.0, -1,1943.0,B01,138Â 292Â 301,1.0,8.0,-1.0,1648729,3.0,3,,0.0,2.0,3.0,B01,138Â 292Â 301,1.0
966027,201900007558,12,16,13:10,1,2,1,1.0,3.0,97213,Z I LA JAMBETTE,M,"14,6167000"," -61,0363400",972,2019,30.0,1.0,1.0,4.0,2159298,1.0,1,1,2,0.0,,-1.0, -1,1943.0,B01,138Â 292Â 301,1.0,8.0,-1.0,1648730,3.0,32,,0.0,2.0,1.0,A01,138Â 292Â 302,0.0
966027,201900007558,12,16,13:10,1,2,1,1.0,3.0,97213,Z I LA JAMBETTE,M,"14,6167000"," -61,0363400",972,2019,30.0,1.0,1.0,4.0,2159299,1.0,1,4,1,0.0,,-1.0, -1,1965.0,A01,138Â 292Â 302,2.0,0.0,-1.0,1648729,3.0,3,,0.0,2.0,3.0,B01,138Â 292Â 301,1.0
966027,201900007558,12,16,13:10,1,2,1,1.0,3.0,97213,Z I LA JAMBETTE,M,"14,6167000"," -61,0363400",972,2019,30.0,1.0,1.0,4.0,2159299,1.0,1,4,1,0.0,,-1.0, -1,1965.0,A01,138Â 292Â 302,2.0,0.0,-1.0,1648730,3.0,32,,0.0,2.0,1.0,A01,138Â 292Â 302,0.0
966028,201900007559,11,30,00:50,5,2,4,2.0,6.0,69034,BELLEVUE                            (QU),M,"45,7881000","4,8636000",69,2019,50.0,1.0,2.0,4.0,2159300,1.0,1,1,1,5.0,,-1.0,0,1997.0,A01,138Â 292Â 300,1.0,0.0,-1.0,1648731,3.0,7,,3.0,0.0,1.0,A01,138Â 292Â 300,1.0
966028,201900007559,11,30,00:50,5,2,4,2.0,6.0,69034,BELLEVUE                            (QU),M,"45,7881000","4,8636000",69,2019,50.0,1.0,2.0,4.0,2159301,2.0,2,4,1,5.0,,-1.0,0,1991.0,A01,138Â 292Â 300,8.0,0.0,-1.0,1648731,3.0,7,,3.0,0.0,1.0,A01,138Â 292Â 300,1.0
966028,201900007559,11,30,00:50,5,2,4,2.0,6.0,69034,BELLEVUE                            (QU),M,"45,7881000","4,8636000",69,2019,50.0,1.0,2.0,4.0,2159302,4.0,2,4,1,5.0,,-1.0,0,1999.0,A01,138Â 292Â 300,8.0,0.0,-1.0,1648731,3.0,7,,3.0,0.0,1.0,A01,138Â 292Â 300,1.0
966028,201900007559,11,30,00:50,5,2,4,2.0,6.0,69034,BELLEVUE                            (QU),M,"45,7881000","4,8636000",69,2019,50.0,1.0,2.0,4.0,2159303,3.0,2,4,1,5.0,,-1.0,0,1999.0,A01,138Â 292Â 300,8.0,0.0,-1.0,1648731,3.0,7,,3.0,0.0,1.0,A01,138Â 292Â 300,1.0
966029,201900007560,12,3,17:20,5,2,2,1.0,3.0,69034,RAYMOND POINCARE                    (PT),M,"45,7910000","4,8604200",69,2019,50.0,1.0,1.0,3.0,2159304,1.0,1,2,1,1.0,,-1.0, -1,1980.0,B01,138Â 292Â 298,2.0,4.0,-1.0,1648732,1.0,1,,0.0,2.0,1.0,B01,138Â 292Â 298,0.0
966029,201900007560,12,3,17:20,5,2,2,1.0,3.0,69034,RAYMOND POINCARE                    (PT),M,"45,7910000","4,8604200",69,2019,50.0,1.0,1.0,3.0,2159304,1.0,1,2,1,1.0,,-1.0, -1,1980.0,B01,138Â 292Â 298,2.0,4.0,-1.0,1648733,3.0,17,,0.0,9.0,7.0,A01,138Â 292Â 299,0.0
966029,201900007560,12,3,17:20,5,2,2,1.0,3.0,69034,RAYMOND POINCARE                    (PT),M,"45,7910000","4,8604200",69,2019,50.0,1.0,1.0,3.0,2159305,1.0,1,1,1,4.0,,-1.0, -1,1971.0,A01,138Â 292Â 299,1.0,0.0,-1.0,1648732,1.0,1,,0.0,2.0,1.0,B01,138Â 292Â 298,0.0
966029,201900007560,12,3,17:20,5,2,2,1.0,3.0,69034,RAYMOND POINCARE                    (PT),M,"45,7910000","4,8604200",69,2019,50.0,1.0,1.0,3.0,2159305,1.0,1,1,1,4.0,,-1.0, -1,1971.0,A01,138Â 292Â 299,1.0,0.0,-1.0,1648733,3.0,17,,0.0,9.0,7.0,A01,138Â 292Â 299,0.0
966030,201900007561,12,14,18:30,5,2,1,1.0,7.0,97113,GENERAL DE GAULLE (AVENUE),M,"16,2057800"," -61,4889000",971,2019,50.0,1.0,1.0,3.0,2159306,1.0,1,4,1,0.0,,-1.0, -1,1981.0,A01,138Â 292Â 297,8.0,0.0,-1.0,1648734,1.0,36,,0.0,0.0,7.0,A01,138Â 292Â 297,1.0
966031,201900007562,12,1,09:10,1,2,1,1.0,1.0,97113,GENERAL DE GAULLE (AVENUE),M,"16,2061100"," -61,4966200",971,2019,50.0,1.0,1.0,3.0,2159307,1.0,1,3,1,0.0,,-1.0, -1,1993.0,A01,138Â 292Â 295,8.0,0.0,-1.0,1648735,1.0,33,,0.0,2.0,1.0,A01,138Â 292Â 295,1.0
966031,201900007562,12,1,09:10,1,2,1,1.0,1.0,97113,GENERAL DE GAULLE (AVENUE),M,"16,2061100"," -61,4966200",971,2019,50.0,1.0,1.0,3.0,2159307,1.0,1,3,1,0.0,,-1.0, -1,1993.0,A01,138Â 292Â 295,8.0,0.0,-1.0,1648736,1.0,7,,0.0,2.0,1.0,B01,138Â 292Â 296,0.0
966031,201900007562,12,1,09:10,1,2,1,1.0,1.0,97113,GENERAL DE GAULLE (AVENUE),M,"16,2061100"," -61,4966200",971,2019,50.0,1.0,1.0,3.0,2159308,1.0,1,1,1,0.0,,-1.0, -1,1993.0,B01,138Â 292Â 296,1.0,0.0,-1.0,1648735,1.0,33,,0.0,2.0,1.0,A01,138Â 292Â 295,1.0
966031,201900007562,12,1,09:10,1,2,1,1.0,1.0,97113,GENERAL DE GAULLE (AVENUE),M,"16,2061100"," -61,4966200",971,2019,50.0,1.0,1.0,3.0,2159308,1.0,1,1,1,0.0,,-1.0, -1,1993.0,B01,138Â 292Â 296,1.0,0.0,-1.0,1648736,1.0,7,,0.0,2.0,1.0,B01,138Â 292Â 296,0.0
966032,201900007563,12,1,06:35,1,1,1,1.0,3.0,97101,DUGAZON,M,"16,2517460"," -61,5188540",971,2019,70.0,1.0,1.0,3.0,2159309,1.0,1,1,1,0.0,,-1.0, -1,1953.0,B01,138Â 292Â 293,1.0,0.0,-1.0,1648737,1.0,7,,0.0,2.0,3.0,B01,138Â 292Â 293,1.0
966032,201900007563,12,1,06:35,1,1,1,1.0,3.0,97101,DUGAZON,M,"16,2517460"," -61,5188540",971,2019,70.0,1.0,1.0,3.0,2159309,1.0,1,1,1,0.0,,-1.0, -1,1953.0,B01,138Â 292Â 293,1.0,0.0,-1.0,1648738,1.0,32,,0.0,2.0,1.0,A01,138Â 292Â 294,1.0
966032,201900007563,12,1,06:35,1,1,1,1.0,3.0,97101,DUGAZON,M,"16,2517460"," -61,5188540",971,2019,70.0,1.0,1.0,3.0,2159310,1.0,1,4,1,0.0,,-1.0, -1,1972.0,A01,138Â 292Â 294,2.0,0.0,-1.0,1648737,1.0,7,,0.0,2.0,3.0,B01,138Â 292Â 293,1.0
966032,201900007563,12,1,06:35,1,1,1,1.0,3.0,97101,DUGAZON,M,"16,2517460"," -61,5188540",971,2019,70.0,1.0,1.0,3.0,2159310,1.0,1,4,1,0.0,,-1.0, -1,1972.0,A01,138Â 292Â 294,2.0,0.0,-1.0,1648738,1.0,32,,0.0,2.0,1.0,A01,138Â 292Â 294,1.0
966033,201900007564,12,3,14:15,1,2,6,1.0,3.0,2A004,CAMPI LOUIS BD,M,"41,9448700","8,7582700",2A,2019,50.0,1.0,1.0,2.0,2159311,1.0,1,4,2,0.0,,-1.0, -1,2001.0,A01,138Â 292Â 291,2.0,6.0,-1.0,1648739,3.0,30,,0.0,2.0,5.0,A01,138Â 292Â 291,1.0
966033,201900007564,12,3,14:15,1,2,6,1.0,3.0,2A004,CAMPI LOUIS BD,M,"41,9448700","8,7582700",2A,2019,50.0,1.0,1.0,2.0,2159311,1.0,1,4,2,0.0,,-1.0, -1,2001.0,A01,138Â 292Â 291,2.0,6.0,-1.0,1648740,3.0,7,,0.0,2.0,1.0,B01,138Â 292Â 292,1.0
966033,201900007564,12,3,14:15,1,2,6,1.0,3.0,2A004,CAMPI LOUIS BD,M,"41,9448700","8,7582700",2A,2019,50.0,1.0,1.0,2.0,2159312,1.0,1,1,2,9.0,,-1.0,0,1984.0,B01,138Â 292Â 292,1.0,8.0,-1.0,1648739,3.0,30,,0.0,2.0,5.0,A01,138Â 292Â 291,1.0
966033,201900007564,12,3,14:15,1,2,6,1.0,3.0,2A004,CAMPI LOUIS BD,M,"41,9448700","8,7582700",2A,2019,50.0,1.0,1.0,2.0,2159312,1.0,1,1,2,9.0,,-1.0,0,1984.0,B01,138Â 292Â 292,1.0,8.0,-1.0,1648740,3.0,7,,0.0,2.0,1.0,B01,138Â 292Â 292,1.0
966034,201900007565,12,2,10:45,1,2,3,1.0,3.0,2A004,LORETTO CHEMIN,M,"41,9306000","8,7320000",2A,2019,30.0,1.0,1.0,4.0,2159313,1.0,1,4,1,0.0,,-1.0,0,1983.0,B01,138Â 292Â 290,1.0,0.0,-1.0,1648741,1.0,7,,0.0,2.0,1.0,A01,138Â 292Â 289,0.0
966034,201900007565,12,2,10:45,1,2,3,1.0,3.0,2A004,LORETTO CHEMIN,M,"41,9306000","8,7320000",2A,2019,30.0,1.0,1.0,4.0,2159313,1.0,1,4,1,0.0,,-1.0,0,1983.0,B01,138Â 292Â 290,1.0,0.0,-1.0,1648742,1.0,7,,0.0,2.0,8.0,B01,138Â 292Â 290,0.0
966035,201900007566,12,1,23:15,5,2,1,1.0,3.0,95539,DEUX PILIERS (RUE DES),M,"48,9980300","2,3666300",95,2019,50.0,1.0,1.0,4.0,2159314,1.0,1,1,1,5.0,,-1.0, -1,1993.0,A01,138Â 292Â 287,1.0,0.0,-1.0,1648743,3.0,7,,8.0,2.0,1.0,A01,138Â 292Â 287,1.0
966035,201900007566,12,1,23:15,5,2,1,1.0,3.0,95539,DEUX PILIERS (RUE DES),M,"48,9980300","2,3666300",95,2019,50.0,1.0,1.0,4.0,2159314,1.0,1,1,1,5.0,,-1.0, -1,1993.0,A01,138Â 292Â 287,1.0,0.0,-1.0,1648744,3.0,7,,8.0,2.0,8.0,B01,138Â 292Â 288,1.0
966035,201900007566,12,1,23:15,5,2,1,1.0,3.0,95539,DEUX PILIERS (RUE DES),M,"48,9980300","2,3666300",95,2019,50.0,1.0,1.0,4.0,2159315,1.0,1,4,1,5.0,,-1.0, -1,1993.0,B01,138Â 292Â 288,1.0,0.0,-1.0,1648743,3.0,7,,8.0,2.0,1.0,A01,138Â 292Â 287,1.0
966035,201900007566,12,1,23:15,5,2,1,1.0,3.0,95539,DEUX PILIERS (RUE DES),M,"48,9980300","2,3666300",95,2019,50.0,1.0,1.0,4.0,2159315,1.0,1,4,1,5.0,,-1.0, -1,1993.0,B01,138Â 292Â 288,1.0,0.0,-1.0,1648744,3.0,7,,8.0,2.0,8.0,B01,138Â 292Â 288,1.0
966036,201900007567,12,2,13:45,1,2,1,1.0,6.0,95277,route deparementale 370,M,"48,9744700","2,4603100",95,2019,50.0,1.0,1.0,3.0,2159316,1.0,1,4,1,4.0,,-1.0, -1,1990.0,A01,138Â 292Â 286,1.0,0.0,-1.0,1648745,1.0,20,,4.0,0.0,3.0,A01,138Â 292Â 286,1.0
966037,201900007568,12,3,18:30,5,2,3,1.0,2.0,91589,BRIAND (BOULEVARD ARISTIDE),M,"48,6915000","2,3572000",91,2019,50.0,1.0,1.0,4.0,2159317,1.0,1,1,1,0.0,,-1.0, -1,1953.0,A01,138Â 292Â 283,1.0,0.0,-1.0,1648746,3.0,7,,0.0,2.0,6.0,A01,138Â 292Â 283,1.0
966037,201900007568,12,3,18:30,5,2,3,1.0,2.0,91589,BRIAND (BOULEVARD ARISTIDE),M,"48,6915000","2,3572000",91,2019,50.0,1.0,1.0,4.0,2159317,1.0,1,1,1,0.0,,-1.0, -1,1953.0,A01,138Â 292Â 283,1.0,0.0,-1.0,1648747,3.0,33,,0.0,2.0,1.0,B01,138Â 292Â 284,1.0
966037,201900007568,12,3,18:30,5,2,3,1.0,2.0,91589,BRIAND (BOULEVARD ARISTIDE),M,"48,6915000","2,3572000",91,2019,50.0,1.0,1.0,4.0,2159318,1.0,1,4,1,0.0,,-1.0, -1,1986.0,B01,138Â 292Â 284,2.0,8.0,-1.0,1648746,3.0,7,,0.0,2.0,6.0,A01,138Â 292Â 283,1.0
966037,201900007568,12,3,18:30,5,2,3,1.0,2.0,91589,BRIAND (BOULEVARD ARISTIDE),M,"48,6915000","2,3572000",91,2019,50.0,1.0,1.0,4.0,2159318,1.0,1,4,1,0.0,,-1.0, -1,1986.0,B01,138Â 292Â 284,2.0,8.0,-1.0,1648747,3.0,33,,0.0,2.0,1.0,B01,138Â 292Â 284,1.0
966038,201900007569,12,2,13:55,1,2,1,1.0,6.0,91064,"GISY (ROUTE, JUSQU'A BUROSPACE)",M,"48,7659100","2,2189900",91,2019,30.0,1.0,1.0,6.0,2159319,1.0,1,4,1,4.0,,0.0,0,1991.0,A01,138Â 292Â 282,2.0,0.0,-1.0,1648748,1.0,34,,1.0,0.0,1.0,A01,138Â 292Â 282,0.0
966039,201900007570,12,2,18:15,5,2,6,1.0,6.0,91691,GABRIEL PERI(RUE) DU NÂ°124 AU NÂ°183,M,"48,7105300","2,4887100",91,2019,50.0,1.0,1.0,4.0,2159320,10.0,3,4,1,0.0,,2.0,3,1982.0,A01,138Â 292Â 281,0.0,-1.0,-1.0,1648749,3.0,7,,0.0,1.0,2.0,A01,138Â 292Â 281,1.0
966039,201900007570,12,2,18:15,5,2,6,1.0,6.0,91691,GABRIEL PERI(RUE) DU NÂ°124 AU NÂ°183,M,"48,7105300","2,4887100",91,2019,50.0,1.0,1.0,4.0,2159321,1.0,1,1,1,0.0,,-1.0, -1,1972.0,A01,138Â 292Â 281,1.0,8.0,-1.0,1648749,3.0,7,,0.0,1.0,2.0,A01,138Â 292Â 281,1.0
966040,201900007571,12,16,08:30,5,2,1,3.0,6.0,91286,EMILE ALLIAUD (AVENUE),M,"48,6478000","2,3700000",91,2019,50.0,1.0,2.0,3.0,2159322,10.0,3,4,1,2.0,,4.0,3,2013.0,A01,138Â 292Â 280,8.0,0.0,-1.0,1648750,3.0,10,,0.0,1.0,2.0,A01,138Â 292Â 280,0.0
966040,201900007571,12,16,08:30,5,2,1,3.0,6.0,91286,EMILE ALLIAUD (AVENUE),M,"48,6478000","2,3700000",91,2019,50.0,1.0,2.0,3.0,2159323,10.0,3,4,1,2.0,,4.0,3,2008.0,A01,138Â 292Â 280,0.0,0.0,-1.0,1648750,3.0,10,,0.0,1.0,2.0,A01,138Â 292Â 280,0.0
966040,201900007571,12,16,08:30,5,2,1,3.0,6.0,91286,EMILE ALLIAUD (AVENUE),M,"48,6478000","2,3700000",91,2019,50.0,1.0,2.0,3.0,2159324,1.0,1,1,1,1.0,,-1.0, -1,1982.0,A01,138Â 292Â 280,1.0,0.0,-1.0,1648750,3.0,10,,0.0,1.0,2.0,A01,138Â 292Â 280,0.0
966041,201900007572,12,2,18:15,5,2,1,1.0,6.0,91223,MAI 1945 (AVENUE DU 8),M,"48,4377500","2,1626300",91,2019,50.0,1.0,1.0,3.0,2159325,1.0,1,1,1,0.0,,0.0,0,1973.0,A01,138Â 292Â 279,1.0,0.0,-1.0,1648751,1.0,7,,0.0,1.0,1.0,A01,138Â 292Â 279,1.0
966041,201900007572,12,2,18:15,5,2,1,1.0,6.0,91223,MAI 1945 (AVENUE DU 8),M,"48,4377500","2,1626300",91,2019,50.0,1.0,1.0,3.0,2159326,10.0,3,4,1,0.0,,3.0,3,1954.0,A01,138Â 292Â 279,8.0,0.0,-1.0,1648751,1.0,7,,0.0,1.0,1.0,A01,138Â 292Â 279,1.0
966042,201900007573,12,15,19:10,5,2,3,2.0,3.0,91657,PIERRE BROSSOLETTE (RUE),M,"48,7024000","2,4395100",91,2019,50.0,1.0,2.0,4.0,2159327,1.0,1,4,1,5.0,,-1.0, -1,1972.0,B01,138Â 292Â 277,2.0,6.0,-1.0,1648752,2.0,31,,0.0,2.0,3.0,B01,138Â 292Â 277,1.0
966042,201900007573,12,15,19:10,5,2,3,2.0,3.0,91657,PIERRE BROSSOLETTE (RUE),M,"48,7024000","2,4395100",91,2019,50.0,1.0,2.0,4.0,2159327,1.0,1,4,1,5.0,,-1.0, -1,1972.0,B01,138Â 292Â 277,2.0,6.0,-1.0,1648753,1.0,34,,0.0,2.0,2.0,Z01,138Â 292Â 278,0.0
966043,201900007574,12,16,18:00,2,2,6,1.0,2.0,91174,MAINTENANT(RUE PAUL),M,"48,6114700","2,4532500",91,2019,50.0,1.0,1.0,4.0,2159328,1.0,1,4,1,1.0,,-1.0, -1,1993.0,A01,138Â 292Â 275,1.0,0.0,-1.0,1648754,1.0,7,,0.0,0.0,0.0,A01,138Â 292Â 275,1.0
966043,201900007574,12,16,18:00,2,2,6,1.0,2.0,91174,MAINTENANT(RUE PAUL),M,"48,6114700","2,4532500",91,2019,50.0,1.0,1.0,4.0,2159328,1.0,1,4,1,1.0,,-1.0, -1,1993.0,A01,138Â 292Â 275,1.0,0.0,-1.0,1648755,1.0,99,,0.0,2.0,0.0,B01,138Â 292Â 276,1.0
966043,201900007574,12,16,18:00,2,2,6,1.0,2.0,91174,MAINTENANT(RUE PAUL),M,"48,6114700","2,4532500",91,2019,50.0,1.0,1.0,4.0,2159329,1.0,1,1,2,1.0,,-1.0, -1,1991.0,B01,138Â 292Â 276,1.0,7.0,-1.0,1648754,1.0,7,,0.0,0.0,0.0,A01,138Â 292Â 275,1.0
966043,201900007574,12,16,18:00,2,2,6,1.0,2.0,91174,MAINTENANT(RUE PAUL),M,"48,6114700","2,4532500",91,2019,50.0,1.0,1.0,4.0,2159329,1.0,1,1,2,1.0,,-1.0, -1,1991.0,B01,138Â 292Â 276,1.0,7.0,-1.0,1648755,1.0,99,,0.0,2.0,0.0,B01,138Â 292Â 276,1.0
966044,201900007575,12,15,21:50,5,2,2,2.0,3.0,91174,CHEVALIER SAINT JEAN,M,"48,6070340","2,4775530",91,2019,50.0,1.0,2.0,4.0,2159330,2.0,2,4,2,0.0,,0.0,0,2001.0,A01,138Â 292Â 273,1.0,0.0,-1.0,1648756,3.0,7,,0.0,2.0,2.0,A01,138Â 292Â 273,1.0
966044,201900007575,12,15,21:50,5,2,2,2.0,3.0,91174,CHEVALIER SAINT JEAN,M,"48,6070340","2,4775530",91,2019,50.0,1.0,2.0,4.0,2159330,2.0,2,4,2,0.0,,0.0,0,2001.0,A01,138Â 292Â 273,1.0,0.0,-1.0,1648757,1.0,7,,0.0,2.0,1.0,B01,138Â 292Â 274,1.0
966044,201900007575,12,15,21:50,5,2,2,2.0,3.0,91174,CHEVALIER SAINT JEAN,M,"48,6070340","2,4775530",91,2019,50.0,1.0,2.0,4.0,2159331,1.0,1,1,1,0.0,,-1.0, -1,1999.0,A01,138Â 292Â 273,1.0,0.0,-1.0,1648756,3.0,7,,0.0,2.0,2.0,A01,138Â 292Â 273,1.0