Unnamed: 0_x,num_acc,mois,jour,hrmn,lum,agg,int,atm,col,com,adr,gps,lat,long,dep,annee,vma,situ,surf,catr,Unnamed: 0_y,place,catu,grav,sexe,trajet,secu,locp,actp,an_nais,num_veh_x,id_vehicule_x,secu1,secu2,secu3,Unnamed: 0,senc,catv,occutc,obs,obsm,choc,num_veh_y,id_vehicule_y,motor
966044,201900007575,12,15,21:50,5,2,2,2.0,3.0,91174,CHEVALIER SAINT JEAN,M,"48,6070340","2,4775530",91,2019,50.0,1.0,2.0,4.0,2159331,1.0,1,1,1,0.0,,-1.0, -1,1999.0,A01,138Â 292Â 273,1.0,0.0,-1.0,1648757,1.0,7,,0.0,2.0,1.0,B01,138Â 292Â 274,1.0
966045,201900007576,12,16,07:30,2,2,6,2.0,6.0,91479,VERDUN (AVENUE),M,"48,7055900","2,3546800",91,2019,50.0,1.0,2.0,3.0,2159332,1.0,1,1,1,0.0,,-1.0, -1,1954.0,A01,138Â 292Â 271,8.0,0.0,-1.0,1648758,1.0,7,,0.0,1.0,1.0,A01,138Â 292Â 271,1.0
966045,201900007576,12,16,07:30,2,2,6,2.0,6.0,91479,VERDUN (AVENUE),M,"48,7055900","2,3546800",91,2019,50.0,1.0,2.0,3.0,2159333,10.0,3,4,2,0.0,,4.0,3,1998.0,A01,138Â 292Â 271,8.0,0.0,-1.0,1648758,1.0,7,,0.0,1.0,1.0,A01,138Â 292Â 271,1.0
966046,201900007577,11,29,17:45,5,2,1,2.0,7.0,91021,VERDUN (AVENUE DE),M,"48,5815030","2,2421040",91,2019,30.0,1.0,2.0,4.0,2159334,2.0,2,1,1,0.0,,0.0,0,2002.0,A01,138Â 292Â 270,1.0,0.0,-1.0,1648759,1.0,7,,0.0,1.0,1.0,A01,138Â 292Â 270,1.0
966046,201900007577,11,29,17:45,5,2,1,2.0,7.0,91021,VERDUN (AVENUE DE),M,"48,5815030","2,2421040",91,2019,30.0,1.0,2.0,4.0,2159335,1.0,1,1,1,5.0,,0.0,0,2001.0,A01,138Â 292Â 270,1.0,0.0,-1.0,1648759,1.0,7,,0.0,1.0,1.0,A01,138Â 292Â 270,1.0
966046,201900007577,11,29,17:45,5,2,1,2.0,7.0,91021,VERDUN (AVENUE DE),M,"48,5815030","2,2421040",91,2019,30.0,1.0,2.0,4.0,2159336,10.0,3,4,2,5.0,,3.0,3,2003.0,A01,138Â 292Â 270,8.0,0.0,-1.0,1648759,1.0,7,,0.0,1.0,1.0,A01,138Â 292Â 270,1.0
966046,201900007577,11,29,17:45,5,2,1,2.0,7.0,91021,VERDUN (AVENUE DE),M,"48,5815030","2,2421040",91,2019,30.0,1.0,2.0,4.0,2159337,3.0,2,1,1,0.0,,0.0,0,1999.0,A01,138Â 292Â 270,1.0,0.0,-1.0,1648759,1.0,7,,0.0,1.0,1.0,A01,138Â 292Â 270,1.0
966047,201900007578,12,15,13:37,1,2,1,2.0,3.0,87085,COMTE (RUE AUGUSTE),M,"45,8731600","1,2688400",87,2019,50.0,1.0,2.0,4.0,2159338,1.0,1,4,1,1.0,,-1.0, -1,2000.0,B01,138Â 292Â 268,2.0,0.0,-1.0,1648760,1.0,30,,0.0,2.0,1.0,B01,138Â 292Â 268,1.0
966047,201900007578,12,15,13:37,1,2,1,2.0,3.0,87085,COMTE (RUE AUGUSTE),M,"45,8731600","1,2688400",87,2019,50.0,1.0,2.0,4.0,2159338,1.0,1,4,1,1.0,,-1.0, -1,2000.0,B01,138Â 292Â 268,2.0,0.0,-1.0,1648761,1.0,10,,0.0,2.0,3.0,A01,138Â 292Â 269,1.0
966047,201900007578,12,15,13:37,1,2,1,2.0,3.0,87085,COMTE (RUE AUGUSTE),M,"45,8731600","1,2688400",87,2019,50.0,1.0,2.0,4.0,2159339,1.0,1,1,1,5.0,,-1.0, -1,1964.0,A01,138Â 292Â 269,1.0,0.0,-1.0,1648760,1.0,30,,0.0,2.0,1.0,B01,138Â 292Â 268,1.0
966047,201900007578,12,15,13:37,1,2,1,2.0,3.0,87085,COMTE (RUE AUGUSTE),M,"45,8731600","1,2688400",87,2019,50.0,1.0,2.0,4.0,2159339,1.0,1,1,1,5.0,,-1.0, -1,1964.0,A01,138Â 292Â 269,1.0,0.0,-1.0,1648761,1.0,10,,0.0,2.0,3.0,A01,138Â 292Â 269,1.0
966048,201900007579,12,2,09:40,1,2,1,1.0,2.0,87085,TUILIERES (RUE DES),M,"45,8495800","1,2500900",87,2019,50.0,1.0,1.0,4.0,2159340,1.0,1,1,1,1.0,,0.0,0,1994.0,A01,138Â 292Â 266,1.0,0.0,-1.0,1648762,2.0,7,,0.0,2.0,2.0,A01,138Â 292Â 266,1.0
966048,201900007579,12,2,09:40,1,2,1,1.0,2.0,87085,TUILIERES (RUE DES),M,"45,8495800","1,2500900",87,2019,50.0,1.0,1.0,4.0,2159340,1.0,1,1,1,1.0,,0.0,0,1994.0,A01,138Â 292Â 266,1.0,0.0,-1.0,1648763,2.0,7,,0.0,2.0,6.0,B01,138Â 292Â 267,0.0
966048,201900007579,12,2,09:40,1,2,1,1.0,2.0,87085,TUILIERES (RUE DES),M,"45,8495800","1,2500900",87,2019,50.0,1.0,1.0,4.0,2159341,1.0,1,4,1,4.0,,0.0,0,1968.0,B01,138Â 292Â 267,1.0,0.0,-1.0,1648762,2.0,7,,0.0,2.0,2.0,A01,138Â 292Â 266,1.0
966048,201900007579,12,2,09:40,1,2,1,1.0,2.0,87085,TUILIERES (RUE DES),M,"45,8495800","1,2500900",87,2019,50.0,1.0,1.0,4.0,2159341,1.0,1,4,1,4.0,,0.0,0,1968.0,B01,138Â 292Â 267,1.0,0.0,-1.0,1648763,2.0,7,,0.0,2.0,6.0,B01,138Â 292Â 267,0.0
966049,201900007580,12,1,04:38,5,2,1,2.0,6.0,87085,RANSON (RUE LOUIS CASIMIR),M,"45,8263100","1,2439900",87,2019,50.0,1.0,2.0,4.0,2159342,1.0,1,4,1,5.0,,-1.0, -1,1999.0,A01,138Â 292Â 265,1.0,0.0,-1.0,1648764,1.0,7,,6.0,0.0,1.0,A01,138Â 292Â 265,1.0
966050,201900007581,11,29,18:17,2,2,1,2.0,6.0,87114,CARNOT (AVENUE PRESIDENT-SADI-),M,"45,8296400","1,2972100",87,2019,50.0,1.0,2.0,3.0,2159343,10.0,3,4,2,1.0,,3.0,3,2000.0,A01,138Â 292Â 264,8.0,0.0,-1.0,1648765,1.0,7,,0.0,1.0,3.0,A01,138Â 292Â 264,1.0
966050,201900007581,11,29,18:17,2,2,1,2.0,6.0,87114,CARNOT (AVENUE PRESIDENT-SADI-),M,"45,8296400","1,2972100",87,2019,50.0,1.0,2.0,3.0,2159344,1.0,1,1,1,5.0,,0.0,0,1966.0,A01,138Â 292Â 264,1.0,-1.0,-1.0,1648765,1.0,7,,0.0,1.0,3.0,A01,138Â 292Â 264,1.0
966051,201900007582,12,14,18:55,5,2,1,3.0,3.0,86194,PONT ACHARD (BOULEVARD),M,"46,5787353","0,3317843",86,2019,50.0,1.0,2.0,4.0,2159345,1.0,1,1,1,5.0,,-1.0, -1,2000.0,A01,138Â 292Â 262,1.0,8.0,-1.0,1648766,3.0,7,,0.0,2.0,7.0,A01,138Â 292Â 262,0.0
966051,201900007582,12,14,18:55,5,2,1,3.0,3.0,86194,PONT ACHARD (BOULEVARD),M,"46,5787353","0,3317843",86,2019,50.0,1.0,2.0,4.0,2159345,1.0,1,1,1,5.0,,-1.0, -1,2000.0,A01,138Â 292Â 262,1.0,8.0,-1.0,1648767,3.0,7,,0.0,2.0,1.0,B01,138Â 292Â 263,0.0
966051,201900007582,12,14,18:55,5,2,1,3.0,3.0,86194,PONT ACHARD (BOULEVARD),M,"46,5787353","0,3317843",86,2019,50.0,1.0,2.0,4.0,2159346,3.0,2,3,1,9.0,,-1.0, -1,2005.0,A01,138Â 292Â 262,1.0,8.0,-1.0,1648766,3.0,7,,0.0,2.0,7.0,A01,138Â 292Â 262,0.0
966051,201900007582,12,14,18:55,5,2,1,3.0,3.0,86194,PONT ACHARD (BOULEVARD),M,"46,5787353","0,3317843",86,2019,50.0,1.0,2.0,4.0,2159346,3.0,2,3,1,9.0,,-1.0, -1,2005.0,A01,138Â 292Â 262,1.0,8.0,-1.0,1648767,3.0,7,,0.0,2.0,1.0,B01,138Â 292Â 263,0.0
966051,201900007582,12,14,18:55,5,2,1,3.0,3.0,86194,PONT ACHARD (BOULEVARD),M,"46,5787353","0,3317843",86,2019,50.0,1.0,2.0,4.0,2159347,2.0,2,4,2,9.0,,-1.0, -1,2006.0,A01,138Â 292Â 262,1.0,8.0,-1.0,1648766,3.0,7,,0.0,2.0,7.0,A01,138Â 292Â 262,0.0
966051,201900007582,12,14,18:55,5,2,1,3.0,3.0,86194,PONT ACHARD (BOULEVARD),M,"46,5787353","0,3317843",86,2019,50.0,1.0,2.0,4.0,2159347,2.0,2,4,2,9.0,,-1.0, -1,2006.0,A01,138Â 292Â 262,1.0,8.0,-1.0,1648767,3.0,7,,0.0,2.0,1.0,B01,138Â 292Â 263,0.0
966051,201900007582,12,14,18:55,5,2,1,3.0,3.0,86194,PONT ACHARD (BOULEVARD),M,"46,5787353","0,3317843",86,2019,50.0,1.0,2.0,4.0,2159348,1.0,1,1,1,5.0,,-1.0, -1,1965.0,B01,138Â 292Â 263,1.0,8.0,-1.0,1648766,3.0,7,,0.0,2.0,7.0,A01,138Â 292Â 262,0.0
966051,201900007582,12,14,18:55,5,2,1,3.0,3.0,86194,PONT ACHARD (BOULEVARD),M,"46,5787353","0,3317843",86,2019,50.0,1.0,2.0,4.0,2159348,1.0,1,1,1,5.0,,-1.0, -1,1965.0,B01,138Â 292Â 263,1.0,8.0,-1.0,1648767,3.0,7,,0.0,2.0,1.0,B01,138Â 292Â 263,0.0
966052,201900007583,12,2,17:20,5,2,1,1.0,2.0,86194,GRAND CERF (BOULEVARD DU),M,"46,5866800","0,3389800",86,2019,50.0,1.0,1.0,4.0,2159349,1.0,1,1,2,5.0,,-1.0, -1,1977.0,B01,138Â 292Â 260,1.0,8.0,-1.0,1648768,1.0,7,,0.0,2.0,4.0,B01,138Â 292Â 260,0.0
966052,201900007583,12,2,17:20,5,2,1,1.0,2.0,86194,GRAND CERF (BOULEVARD DU),M,"46,5866800","0,3389800",86,2019,50.0,1.0,1.0,4.0,2159349,1.0,1,1,2,5.0,,-1.0, -1,1977.0,B01,138Â 292Â 260,1.0,8.0,-1.0,1648769,1.0,2,,0.0,2.0,1.0,A01,138Â 292Â 261,0.0
966052,201900007583,12,2,17:20,5,2,1,1.0,2.0,86194,GRAND CERF (BOULEVARD DU),M,"46,5866800","0,3389800",86,2019,50.0,1.0,1.0,4.0,2159350,2.0,2,4,1,9.0,,-1.0, -1,1993.0,A01,138Â 292Â 261,2.0,8.0,-1.0,1648768,1.0,7,,0.0,2.0,4.0,B01,138Â 292Â 260,0.0
966052,201900007583,12,2,17:20,5,2,1,1.0,2.0,86194,GRAND CERF (BOULEVARD DU),M,"46,5866800","0,3389800",86,2019,50.0,1.0,1.0,4.0,2159350,2.0,2,4,1,9.0,,-1.0, -1,1993.0,A01,138Â 292Â 261,2.0,8.0,-1.0,1648769,1.0,2,,0.0,2.0,1.0,A01,138Â 292Â 261,0.0
966052,201900007583,12,2,17:20,5,2,1,1.0,2.0,86194,GRAND CERF (BOULEVARD DU),M,"46,5866800","0,3389800",86,2019,50.0,1.0,1.0,4.0,2159351,1.0,1,3,1,5.0,,-1.0, -1,1998.0,A01,138Â 292Â 261,2.0,8.0,-1.0,1648768,1.0,7,,0.0,2.0,4.0,B01,138Â 292Â 260,0.0
966052,201900007583,12,2,17:20,5,2,1,1.0,2.0,86194,GRAND CERF (BOULEVARD DU),M,"46,5866800","0,3389800",86,2019,50.0,1.0,1.0,4.0,2159351,1.0,1,3,1,5.0,,-1.0, -1,1998.0,A01,138Â 292Â 261,2.0,8.0,-1.0,1648769,1.0,2,,0.0,2.0,1.0,A01,138Â 292Â 261,0.0
966053,201900007584,12,2,16:45,1,2,3,1.0,3.0,86194,FAUBOURG PONT NEUF (RUE DU),M,"46,5773907","0,3518627",86,2019,50.0,1.0,1.0,4.0,2159352,1.0,1,4,2,2.0,,-1.0, -1,2003.0,A01,138Â 292Â 258,2.0,8.0,-1.0,1648770,3.0,1,,0.0,2.0,1.0,A01,138Â 292Â 258,5.0
966053,201900007584,12,2,16:45,1,2,3,1.0,3.0,86194,FAUBOURG PONT NEUF (RUE DU),M,"46,5773907","0,3518627",86,2019,50.0,1.0,1.0,4.0,2159352,1.0,1,4,2,2.0,,-1.0, -1,2003.0,A01,138Â 292Â 258,2.0,8.0,-1.0,1648771,3.0,7,,0.0,2.0,7.0,B01,138Â 292Â 259,0.0
966053,201900007584,12,2,16:45,1,2,3,1.0,3.0,86194,FAUBOURG PONT NEUF (RUE DU),M,"46,5773907","0,3518627",86,2019,50.0,1.0,1.0,4.0,2159353,1.0,1,1,1,5.0,,-1.0, -1,1943.0,B01,138Â 292Â 259,1.0,8.0,-1.0,1648770,3.0,1,,0.0,2.0,1.0,A01,138Â 292Â 258,5.0
966053,201900007584,12,2,16:45,1,2,3,1.0,3.0,86194,FAUBOURG PONT NEUF (RUE DU),M,"46,5773907","0,3518627",86,2019,50.0,1.0,1.0,4.0,2159353,1.0,1,1,1,5.0,,-1.0, -1,1943.0,B01,138Â 292Â 259,1.0,8.0,-1.0,1648771,3.0,7,,0.0,2.0,7.0,B01,138Â 292Â 259,0.0
966054,201900007585,11,22,22:30,5,2,1,2.0,6.0,86194,ANDRE MALRAUX (VOIE),M,"46,5873600","0,3500400",86,2019,50.0,1.0,2.0,4.0,2159354,1.0,1,4,1,5.0,,-1.0, -1,1998.0,A01,138Â 292Â 257,1.0,0.0,-1.0,1648772,3.0,7,,15.0,0.0,1.0,A01,138Â 292Â 257,1.0
966055,201900007586,11,25,09:25,1,2,9,1.0,6.0,30351,GARE AVENUE DE LA,M,"43,9563390","4,7923740",30,2019,-1.0,8.0,-1.0,4.0,2159355,1.0,1,1,1,0.0,,0.0,0,1935.0,A01,138Â 292Â 254,0.0,-1.0,-1.0,1648773,0.0,7,,0.0,1.0,0.0,A01,138Â 292Â 254,-1.0
966055,201900007586,11,25,09:25,1,2,9,1.0,6.0,30351,GARE AVENUE DE LA,M,"43,9563390","4,7923740",30,2019,-1.0,8.0,-1.0,4.0,2159356,10.0,3,3,1,0.0,,9.0,B,1976.0,A01,138Â 292Â 254,0.0,-1.0,-1.0,1648773,0.0,7,,0.0,1.0,0.0,A01,138Â 292Â 254,-1.0
966056,201900007587,12,2,22:30,3,1,1,9.0,6.0,83144,RD46 (CHEMIN),M,"43,1625500","5,9489200",83,2019,70.0,1.0,2.0,3.0,2159357,10.0,3,3,1,5.0,,9.0,B,1980.0,Z01,138Â 292Â 253,8.0,8.0,-1.0,1648774,1.0,7,,0.0,1.0,1.0,Z01,138Â 292Â 253,0.0
966057,201900007588,12,3,16:35,1,2,1,1.0,2.0,83137,BRIAND (AVE ARISTIDE),M,"43,1205200","5,8887500",83,2019,50.0,1.0,1.0,4.0,2159358,1.0,1,4,2,0.0,,-1.0,0,1979.0,B01,138Â 292Â 251,1.0,0.0,-1.0,1648775,2.0,7,,0.0,2.0,4.0,B01,138Â 292Â 251,1.0
966057,201900007588,12,3,16:35,1,2,1,1.0,2.0,83137,BRIAND (AVE ARISTIDE),M,"43,1205200","5,8887500",83,2019,50.0,1.0,1.0,4.0,2159358,1.0,1,4,2,0.0,,-1.0,0,1979.0,B01,138Â 292Â 251,1.0,0.0,-1.0,1648776,2.0,7,,0.0,2.0,3.0,A01,138Â 292Â 252,0.0
966057,201900007588,12,3,16:35,1,2,1,1.0,2.0,83137,BRIAND (AVE ARISTIDE),M,"43,1205200","5,8887500",83,2019,50.0,1.0,1.0,4.0,2159359,1.0,1,1,1,1.0,,-1.0,0,1980.0,A01,138Â 292Â 252,1.0,0.0,-1.0,1648775,2.0,7,,0.0,2.0,4.0,B01,138Â 292Â 251,1.0
966057,201900007588,12,3,16:35,1,2,1,1.0,2.0,83137,BRIAND (AVE ARISTIDE),M,"43,1205200","5,8887500",83,2019,50.0,1.0,1.0,4.0,2159359,1.0,1,1,1,1.0,,-1.0,0,1980.0,A01,138Â 292Â 252,1.0,0.0,-1.0,1648776,2.0,7,,0.0,2.0,3.0,A01,138Â 292Â 252,0.0
966058,201900007589,12,2,08:50,1,2,1,1.0,7.0,83062,DUCLOS (AVENUE JACQUES),M,"43,1204830","6,0110700",83,2019,50.0,1.0,2.0,4.0,2159360,1.0,1,1,1,2.0,,-1.0,0,1970.0,A01,138Â 292Â 250,1.0,0.0,-1.0,1648777,1.0,7,,0.0,0.0,0.0,A01,138Â 292Â 250,1.0
966058,201900007589,12,2,08:50,1,2,1,1.0,7.0,83062,DUCLOS (AVENUE JACQUES),M,"43,1204830","6,0110700",83,2019,50.0,1.0,2.0,4.0,2159361,4.0,2,4,1,2.0,,-1.0,0,2016.0,A01,138Â 292Â 250,3.0,0.0,-1.0,1648777,1.0,7,,0.0,0.0,0.0,A01,138Â 292Â 250,1.0
966059,201900007590,11,30,21:50,5,2,3,2.0,3.0,83062,FABRI DE PEIRESC (AVENUE),M,"43,1412960","6,0300090",83,2019,50.0,1.0,2.0,4.0,2159362,1.0,1,4,1,5.0,,-1.0,0,1997.0,A01,138Â 292Â 248,8.0,0.0,-1.0,1648778,2.0,7,,0.0,2.0,2.0,A01,138Â 292Â 248,1.0
966059,201900007590,11,30,21:50,5,2,3,2.0,3.0,83062,FABRI DE PEIRESC (AVENUE),M,"43,1412960","6,0300090",83,2019,50.0,1.0,2.0,4.0,2159362,1.0,1,4,1,5.0,,-1.0,0,1997.0,A01,138Â 292Â 248,8.0,0.0,-1.0,1648779,1.0,7,,0.0,2.0,7.0,B01,138Â 292Â 249,1.0
966059,201900007590,11,30,21:50,5,2,3,2.0,3.0,83062,FABRI DE PEIRESC (AVENUE),M,"43,1412960","6,0300090",83,2019,50.0,1.0,2.0,4.0,2159363,1.0,1,4,2,5.0,,-1.0,0,1996.0,B01,138Â 292Â 249,1.0,0.0,-1.0,1648778,2.0,7,,0.0,2.0,2.0,A01,138Â 292Â 248,1.0
966059,201900007590,11,30,21:50,5,2,3,2.0,3.0,83062,FABRI DE PEIRESC (AVENUE),M,"43,1412960","6,0300090",83,2019,50.0,1.0,2.0,4.0,2159363,1.0,1,4,2,5.0,,-1.0,0,1996.0,B01,138Â 292Â 249,1.0,0.0,-1.0,1648779,1.0,7,,0.0,2.0,7.0,B01,138Â 292Â 249,1.0
966059,201900007590,11,30,21:50,5,2,3,2.0,3.0,83062,FABRI DE PEIRESC (AVENUE),M,"43,1412960","6,0300090",83,2019,50.0,1.0,2.0,4.0,2159364,2.0,2,4,2,5.0,,-1.0,0,1999.0,B01,138Â 292Â 249,1.0,0.0,-1.0,1648778,2.0,7,,0.0,2.0,2.0,A01,138Â 292Â 248,1.0
966059,201900007590,11,30,21:50,5,2,3,2.0,3.0,83062,FABRI DE PEIRESC (AVENUE),M,"43,1412960","6,0300090",83,2019,50.0,1.0,2.0,4.0,2159364,2.0,2,4,2,5.0,,-1.0,0,1999.0,B01,138Â 292Â 249,1.0,0.0,-1.0,1648779,1.0,7,,0.0,2.0,7.0,B01,138Â 292Â 249,1.0
966060,201900007591,12,3,13:05,1,2,1,1.0,7.0,83126,MONT DES OISEAUX (LE ),M,"43,0973100","5,8949800",83,2019,30.0,1.0,1.0,4.0,2159365,1.0,1,1,1,0.0,,-1.0,0,1992.0,A01,138Â 292Â 247,1.0,0.0,-1.0,1648780,3.0,7,,0.0,1.0,4.0,A01,138Â 292Â 247,1.0
966060,201900007591,12,3,13:05,1,2,1,1.0,7.0,83126,MONT DES OISEAUX (LE ),M,"43,0973100","5,8949800",83,2019,30.0,1.0,1.0,4.0,2159366,10.0,3,3,2,5.0,,9.0,3,1961.0,A01,138Â 292Â 247,0.0,-1.0,-1.0,1648780,3.0,7,,0.0,1.0,4.0,A01,138Â 292Â 247,1.0
966061,201900007592,11,30,19:40,5,2,1,1.0,3.0,80021,PAUL CLAUDEL (AVENUE),M,"49,8770800","2,2824800",80,2019,50.0,1.0,1.0,4.0,2159367,1.0,1,1,1,0.0,,-1.0, -1,1967.0,B01,138Â 292Â 242,1.0,0.0,-1.0,1648781,0.0,7,,0.0,2.0,1.0,B01,138Â 292Â 242,1.0
966061,201900007592,11,30,19:40,5,2,1,1.0,3.0,80021,PAUL CLAUDEL (AVENUE),M,"49,8770800","2,2824800",80,2019,50.0,1.0,1.0,4.0,2159367,1.0,1,1,1,0.0,,-1.0, -1,1967.0,B01,138Â 292Â 242,1.0,0.0,-1.0,1648782,0.0,31,,0.0,2.0,2.0,A01,138Â 292Â 243,1.0
966061,201900007592,11,30,19:40,5,2,1,1.0,3.0,80021,PAUL CLAUDEL (AVENUE),M,"49,8770800","2,2824800",80,2019,50.0,1.0,1.0,4.0,2159368,1.0,1,4,1,0.0,,-1.0, -1,1985.0,A01,138Â 292Â 243,2.0,0.0,-1.0,1648781,0.0,7,,0.0,2.0,1.0,B01,138Â 292Â 242,1.0
966061,201900007592,11,30,19:40,5,2,1,1.0,3.0,80021,PAUL CLAUDEL (AVENUE),M,"49,8770800","2,2824800",80,2019,50.0,1.0,1.0,4.0,2159368,1.0,1,4,1,0.0,,-1.0, -1,1985.0,A01,138Â 292Â 243,2.0,0.0,-1.0,1648782,0.0,31,,0.0,2.0,2.0,A01,138Â 292Â 243,1.0
966062,201900007593,12,1,23:15,5,2,1,1.0,6.0,80021,LEMERCHIER (RUE),M,"49,8849100","2,2993400",80,2019,50.0,1.0,1.0,4.0,2159369,10.0,3,4,2,0.0,,4.0,3,1962.0,A01,138Â 292Â 241,8.0,0.0,-1.0,1648783,0.0,7,,0.0,1.0,1.0,A01,138Â 292Â 241,1.0
966062,201900007593,12,1,23:15,5,2,1,1.0,6.0,80021,LEMERCHIER (RUE),M,"49,8849100","2,2993400",80,2019,50.0,1.0,1.0,4.0,2159370,1.0,1,1,1,0.0,,-1.0, -1,1956.0,A01,138Â 292Â 241,1.0,0.0,-1.0,1648783,0.0,7,,0.0,1.0,1.0,A01,138Â 292Â 241,1.0
966063,201900007594,11,28,08:00,5,2,1,2.0,6.0,79191,254 bis route d'Aiffres,M,"46,3118600"," -0,4472200",79,2019,50.0,1.0,1.0,3.0,2159371,10.0,3,4,1,2.0,,3.0,3,2003.0,A01,138Â 292Â 239,0.0,-1.0,-1.0,1648784,1.0,7,,0.0,1.0,1.0,A01,138Â 292Â 239,1.0
966063,201900007594,11,28,08:00,5,2,1,2.0,6.0,79191,254 bis route d'Aiffres,M,"46,3118600"," -0,4472200",79,2019,50.0,1.0,1.0,3.0,2159372,1.0,1,1,1,1.0,,-1.0,0,1994.0,A01,138Â 292Â 239,1.0,8.0,-1.0,1648784,1.0,7,,0.0,1.0,1.0,A01,138Â 292Â 239,1.0
966064,201900007595,12,3,10:20,5,2,2,1.0,6.0,78401,QUAI ALBERT JOLY,M,"49,0044680","1,9097170",78,2019,50.0,1.0,1.0,3.0,2159373,1.0,1,1,1,3.0,,-1.0, -1,1948.0,A01,138Â 292Â 238,1.0,0.0,-1.0,1648785,1.0,10,,0.0,1.0,1.0,A01,138Â 292Â 238,1.0
966064,201900007595,12,3,10:20,5,2,2,1.0,6.0,78401,QUAI ALBERT JOLY,M,"49,0044680","1,9097170",78,2019,50.0,1.0,1.0,3.0,2159374,2.0,2,1,2,3.0,,-1.0, -1,1951.0,A01,138Â 292Â 238,1.0,0.0,-1.0,1648785,1.0,10,,0.0,1.0,1.0,A01,138Â 292Â 238,1.0
966064,201900007595,12,3,10:20,5,2,2,1.0,6.0,78401,QUAI ALBERT JOLY,M,"49,0044680","1,9097170",78,2019,50.0,1.0,1.0,3.0,2159375,10.0,3,4,1,0.0,,3.0,3,1967.0,A01,138Â 292Â 238,8.0,0.0,-1.0,1648785,1.0,10,,0.0,1.0,1.0,A01,138Â 292Â 238,1.0
966065,201900007596,12,2,07:50,5,2,2,1.0,6.0,78401,ALBERT JOZON (RUE),M,"49,0044000","1,9068000",78,2019,50.0,1.0,1.0,3.0,2159376,10.0,3,4,1,0.0,,7.0,B,1979.0,A01,138Â 292Â 237,0.0,-1.0,-1.0,1648786,1.0,14,,11.0,1.0,3.0,A01,138Â 292Â 237,1.0
966065,201900007596,12,2,07:50,5,2,2,1.0,6.0,78401,ALBERT JOZON (RUE),M,"49,0044000","1,9068000",78,2019,50.0,1.0,1.0,3.0,2159377,1.0,1,1,1,4.0,,-1.0,0,1984.0,A01,138Â 292Â 237,1.0,0.0,-1.0,1648786,1.0,14,,11.0,1.0,3.0,A01,138Â 292Â 237,1.0
966066,201900007597,12,14,18:15,3,2,1,1.0,6.0,78361,AVENUE DU GENERAL DE GAULLE,M,"48,9963900","1,6810800",78,2019,50.0,1.0,1.0,3.0,2159378,10.0,3,3,1,3.0,,3.0,3,2011.0,A01,138Â 292Â 236,8.0,8.0,-1.0,1648787,2.0,7,,0.0,1.0,1.0,A01,138Â 292Â 236,0.0
966067,201900007598,12,3,20:50,5,2,2,8.0,6.0,77284,D603 X D360-RUE JEAN BUREAU,M,"48,9575985","2,8759039",77,2019,50.0,1.0,1.0,3.0,2159379,10.0,3,4,2,9.0,,4.0,3,1952.0,A01,138Â 292Â 233,0.0,-1.0,-1.0,1648788,1.0,7,,0.0,1.0,3.0,A01,138Â 292Â 233,1.0
966067,201900007598,12,3,20:50,5,2,2,8.0,6.0,77284,D603 X D360-RUE JEAN BUREAU,M,"48,9575985","2,8759039",77,2019,50.0,1.0,1.0,3.0,2159380,1.0,1,1,2,9.0,,-1.0, -1,2000.0,A01,138Â 292Â 233,1.0,0.0,-1.0,1648788,1.0,7,,0.0,1.0,3.0,A01,138Â 292Â 233,1.0
966068,201900007599,12,14,10:00,1,2,2,1.0,6.0,77085,D5B X MOULIN BOURCIER (ROUTE DU ),M,"48,8562100","2,7390500",77,2019,50.0,1.0,1.0,3.0,2159381,10.0,3,4,1,0.0,,3.0,3,2001.0,A01,138Â 292Â 232,0.0,-1.0,-1.0,1648789,3.0,10,,0.0,1.0,1.0,A01,138Â 292Â 232,3.0
966068,201900007599,12,14,10:00,1,2,2,1.0,6.0,77085,D5B X MOULIN BOURCIER (ROUTE DU ),M,"48,8562100","2,7390500",77,2019,50.0,1.0,1.0,3.0,2159382,1.0,1,1,1,1.0,,-1.0, -1,1979.0,A01,138Â 292Â 232,1.0,0.0,-1.0,1648789,3.0,10,,0.0,1.0,1.0,A01,138Â 292Â 232,3.0
966069,201900007600,12,12,12:35,1,2,9,2.0,3.0,77111,HERGE ( AVENUE) X RUE HADDOCK,M,"48,8589300","2,7753600",77,2019,50.0,1.0,2.0,4.0,2159383,1.0,1,1,1,0.0,,-1.0, -1,1975.0,A01,138Â 292Â 230,8.0,0.0,-1.0,1648790,1.0,10,,0.0,2.0,6.0,A01,138Â 292Â 230,1.0
966069,201900007600,12,12,12:35,1,2,9,2.0,3.0,77111,HERGE ( AVENUE) X RUE HADDOCK,M,"48,8589300","2,7753600",77,2019,50.0,1.0,2.0,4.0,2159383,1.0,1,1,1,0.0,,-1.0, -1,1975.0,A01,138Â 292Â 230,8.0,0.0,-1.0,1648791,1.0,2,,0.0,2.0,1.0,B01,138Â 292Â 231,1.0
966069,201900007600,12,12,12:35,1,2,9,2.0,3.0,77111,HERGE ( AVENUE) X RUE HADDOCK,M,"48,8589300","2,7753600",77,2019,50.0,1.0,2.0,4.0,2159384,1.0,1,3,1,1.0,,-1.0,0,1994.0,B01,138Â 292Â 231,2.0,6.0,-1.0,1648790,1.0,10,,0.0,2.0,6.0,A01,138Â 292Â 230,1.0