Unnamed: 0_x,num_acc,mois,jour,hrmn,lum,agg,int,atm,col,com,adr,gps,lat,long,dep,annee,vma,situ,surf,catr,Unnamed: 0_y,place,catu,grav,sexe,trajet,secu,locp,actp,an_nais,num_veh_x,id_vehicule_x,secu1,secu2,secu3,Unnamed: 0,senc,catv,occutc,obs,obsm,choc,num_veh_y,id_vehicule_y,motor
966069,201900007600,12,12,12:35,1,2,9,2.0,3.0,77111,HERGE ( AVENUE) X RUE HADDOCK,M,"48,8589300","2,7753600",77,2019,50.0,1.0,2.0,4.0,2159384,1.0,1,3,1,1.0,,-1.0,0,1994.0,B01,138Â 292Â 231,2.0,6.0,-1.0,1648791,1.0,2,,0.0,2.0,1.0,B01,138Â 292Â 231,1.0
966070,201900007601,12,1,16:35,1,2,1,1.0,3.0,76429,DARNETAL. ROUTE DE,M,"49,4177000","1,1464400",76,2019,70.0,1.0,1.0,3.0,2159385,1.0,1,4,1,0.0,,0.0,0,1949.0,A01,138Â 292Â 228,8.0,0.0,-1.0,1648792,0.0,1,,0.0,2.0,8.0,A01,138Â 292Â 228,5.0
966070,201900007601,12,1,16:35,1,2,1,1.0,3.0,76429,DARNETAL. ROUTE DE,M,"49,4177000","1,1464400",76,2019,70.0,1.0,1.0,3.0,2159385,1.0,1,4,1,0.0,,0.0,0,1949.0,A01,138Â 292Â 228,8.0,0.0,-1.0,1648793,1.0,7,,0.0,2.0,7.0,B01,138Â 292Â 229,1.0
966070,201900007601,12,1,16:35,1,2,1,1.0,3.0,76429,DARNETAL. ROUTE DE,M,"49,4177000","1,1464400",76,2019,70.0,1.0,1.0,3.0,2159386,1.0,1,1,2,5.0,,0.0,0,1947.0,B01,138Â 292Â 229,1.0,0.0,-1.0,1648792,0.0,1,,0.0,2.0,8.0,A01,138Â 292Â 228,5.0
966070,201900007601,12,1,16:35,1,2,1,1.0,3.0,76429,DARNETAL. ROUTE DE,M,"49,4177000","1,1464400",76,2019,70.0,1.0,1.0,3.0,2159386,1.0,1,1,2,5.0,,0.0,0,1947.0,B01,138Â 292Â 229,1.0,0.0,-1.0,1648793,1.0,7,,0.0,2.0,7.0,B01,138Â 292Â 229,1.0
966071,201900007602,12,15,01:25,5,1,1,2.0,6.0,76351,CHRISTOPHE COLOMB (AVENUE),M,"49,4772900","0,1434500",76,2019,70.0,-1.0,2.0,4.0,2159387,2.0,1,4,1,0.0,,0.0,0,1995.0,A01,138Â 292Â 227,1.0,8.0,-1.0,1648794,0.0,7,,9.0,0.0,7.0,A01,138Â 292Â 227,1.0
966072,201900007603,12,15,09:00,2,2,6,1.0,3.0,76447,BELLE ETOILE,M,"49,5480600","0,1683500",76,2019,50.0,1.0,2.0,3.0,2159388,1.0,1,1,1,1.0,,0.0,0,1979.0,A01,138Â 292Â 225,1.0,0.0,-1.0,1648795,1.0,7,,0.0,2.0,3.0,A01,138Â 292Â 225,1.0
966072,201900007603,12,15,09:00,2,2,6,1.0,3.0,76447,BELLE ETOILE,M,"49,5480600","0,1683500",76,2019,50.0,1.0,2.0,3.0,2159388,1.0,1,1,1,1.0,,0.0,0,1979.0,A01,138Â 292Â 225,1.0,0.0,-1.0,1648796,1.0,2,,0.0,2.0,7.0,B01,138Â 292Â 226,1.0
966072,201900007603,12,15,09:00,2,2,6,1.0,3.0,76447,BELLE ETOILE,M,"49,5480600","0,1683500",76,2019,50.0,1.0,2.0,3.0,2159389,1.0,1,4,1,5.0,,0.0,0,1954.0,B01,138Â 292Â 226,2.0,0.0,-1.0,1648795,1.0,7,,0.0,2.0,3.0,A01,138Â 292Â 225,1.0
966072,201900007603,12,15,09:00,2,2,6,1.0,3.0,76447,BELLE ETOILE,M,"49,5480600","0,1683500",76,2019,50.0,1.0,2.0,3.0,2159389,1.0,1,4,1,5.0,,0.0,0,1954.0,B01,138Â 292Â 226,2.0,0.0,-1.0,1648796,1.0,2,,0.0,2.0,7.0,B01,138Â 292Â 226,1.0
966073,201900007604,11,30,03:05,5,2,2,1.0,3.0,76351,BOIS AU COQ (RUE),M,"49,5110200","0,1286800",76,2019,50.0,1.0,1.0,4.0,2159390,1.0,1,4,1,5.0,,0.0,0,1993.0,A01,138Â 292Â 220,1.0,0.0,-1.0,1648797,1.0,7,,0.0,2.0,1.0,A01,138Â 292Â 220,1.0
966073,201900007604,11,30,03:05,5,2,2,1.0,3.0,76351,BOIS AU COQ (RUE),M,"49,5110200","0,1286800",76,2019,50.0,1.0,1.0,4.0,2159390,1.0,1,4,1,5.0,,0.0,0,1993.0,A01,138Â 292Â 220,1.0,0.0,-1.0,1648798,2.0,7,,0.0,2.0,2.0,B01,138Â 292Â 221,1.0
966073,201900007604,11,30,03:05,5,2,2,1.0,3.0,76351,BOIS AU COQ (RUE),M,"49,5110200","0,1286800",76,2019,50.0,1.0,1.0,4.0,2159391,1.0,1,4,1,5.0,,0.0,0,2000.0,B01,138Â 292Â 221,1.0,0.0,-1.0,1648797,1.0,7,,0.0,2.0,1.0,A01,138Â 292Â 220,1.0
966073,201900007604,11,30,03:05,5,2,2,1.0,3.0,76351,BOIS AU COQ (RUE),M,"49,5110200","0,1286800",76,2019,50.0,1.0,1.0,4.0,2159391,1.0,1,4,1,5.0,,0.0,0,2000.0,B01,138Â 292Â 221,1.0,0.0,-1.0,1648798,2.0,7,,0.0,2.0,2.0,B01,138Â 292Â 221,1.0
966074,201900007605,12,16,07:45,2,2,1,1.0,2.0,69290,ST BONNET DE MURE (DE)              (CH),M,"45,6922400","4,9656100",69,2019,50.0,1.0,1.0,4.0,2159392,1.0,1,4,1,1.0,,-1.0, -1,1994.0,A01,138Â 292Â 217,1.0,0.0,-1.0,1648799,2.0,10,,0.0,2.0,4.0,A01,138Â 292Â 217,1.0
966074,201900007605,12,16,07:45,2,2,1,1.0,2.0,69290,ST BONNET DE MURE (DE)              (CH),M,"45,6922400","4,9656100",69,2019,50.0,1.0,1.0,4.0,2159392,1.0,1,4,1,1.0,,-1.0, -1,1994.0,A01,138Â 292Â 217,1.0,0.0,-1.0,1648800,2.0,7,,0.0,2.0,1.0,B01,138Â 292Â 218,1.0
966074,201900007605,12,16,07:45,2,2,1,1.0,2.0,69290,ST BONNET DE MURE (DE)              (CH),M,"45,6922400","4,9656100",69,2019,50.0,1.0,1.0,4.0,2159393,1.0,1,4,1,1.0,,-1.0, -1,1975.0,B01,138Â 292Â 218,1.0,0.0,-1.0,1648799,2.0,10,,0.0,2.0,4.0,A01,138Â 292Â 217,1.0
966074,201900007605,12,16,07:45,2,2,1,1.0,2.0,69290,ST BONNET DE MURE (DE)              (CH),M,"45,6922400","4,9656100",69,2019,50.0,1.0,1.0,4.0,2159393,1.0,1,4,1,1.0,,-1.0, -1,1975.0,B01,138Â 292Â 218,1.0,0.0,-1.0,1648800,2.0,7,,0.0,2.0,1.0,B01,138Â 292Â 218,1.0
966075,201900007606,12,16,17:20,2,2,2,1.0,7.0,68224,ORAN (QUAI D'),M,"47,7384990","7,3347000",68,2019,-1.0,1.0,1.0,4.0,2159394,10.0,3,4,1,0.0,,2.0,3,1965.0,A01,138Â 292Â 216,0.0,-1.0,-1.0,1648801,2.0,7,,0.0,2.0,0.0,A01,138Â 292Â 216,-1.0
966075,201900007606,12,16,17:20,2,2,2,1.0,7.0,68224,ORAN (QUAI D'),M,"47,7384990","7,3347000",68,2019,-1.0,1.0,1.0,4.0,2159395,1.0,1,1,1,0.0,,0.0,0,1969.0,A01,138Â 292Â 216,0.0,-1.0,-1.0,1648801,2.0,7,,0.0,2.0,0.0,A01,138Â 292Â 216,-1.0
966076,201900007607,12,13,17:20,5,2,3,8.0,6.0,67482,JESUITES (RUE DES),M,"48,5347800","7,7693300",67,2019,50.0,1.0,1.0,4.0,2159396,10.0,3,4,2,0.0,,4.0,3,1950.0,A01,138Â 292Â 215,0.0,-1.0,-1.0,1648802,1.0,7,,0.0,1.0,1.0,A01,138Â 292Â 215,1.0
966076,201900007607,12,13,17:20,5,2,3,8.0,6.0,67482,JESUITES (RUE DES),M,"48,5347800","7,7693300",67,2019,50.0,1.0,1.0,4.0,2159397,10.0,3,3,2,0.0,,4.0,3,1937.0,A01,138Â 292Â 215,0.0,-1.0,-1.0,1648802,1.0,7,,0.0,1.0,1.0,A01,138Â 292Â 215,1.0
966076,201900007607,12,13,17:20,5,2,3,8.0,6.0,67482,JESUITES (RUE DES),M,"48,5347800","7,7693300",67,2019,50.0,1.0,1.0,4.0,2159398,1.0,1,1,2,0.0,,-1.0,0,1982.0,A01,138Â 292Â 215,1.0,8.0,-1.0,1648802,1.0,7,,0.0,1.0,1.0,A01,138Â 292Â 215,1.0
966077,201900007608,11,29,19:10,5,2,1,1.0,6.0,67482,HORACE (RUE),M,"48,5815300","7,7000400",67,2019,50.0,1.0,2.0,4.0,2159399,1.0,1,4,1,0.0,,-1.0,0,1995.0,A01,138Â 292Â 213,1.0,8.0,-1.0,1648803,1.0,7,,6.0,0.0,1.0,A01,138Â 292Â 213,1.0
966078,201900007609,12,16,10:54,1,2,1,1.0,2.0,66136,LOUIS TORCATIS (ROND-POINT),M,"42,7030300","2,8783100",66,2019,50.0,1.0,1.0,4.0,2159400,1.0,1,4,1,5.0,,-1.0, -1,1964.0,B01,138Â 292Â 211,2.0,0.0,-1.0,1648804,1.0,80,,0.0,2.0,4.0,B01,138Â 292Â 211,3.0
966078,201900007609,12,16,10:54,1,2,1,1.0,2.0,66136,LOUIS TORCATIS (ROND-POINT),M,"42,7030300","2,8783100",66,2019,50.0,1.0,1.0,4.0,2159400,1.0,1,4,1,5.0,,-1.0, -1,1964.0,B01,138Â 292Â 211,2.0,0.0,-1.0,1648805,1.0,7,,0.0,2.0,1.0,A01,138Â 292Â 212,1.0
966078,201900007609,12,16,10:54,1,2,1,1.0,2.0,66136,LOUIS TORCATIS (ROND-POINT),M,"42,7030300","2,8783100",66,2019,50.0,1.0,1.0,4.0,2159401,1.0,1,1,2,0.0,,-1.0, -1,1954.0,A01,138Â 292Â 212,1.0,0.0,-1.0,1648804,1.0,80,,0.0,2.0,4.0,B01,138Â 292Â 211,3.0
966078,201900007609,12,16,10:54,1,2,1,1.0,2.0,66136,LOUIS TORCATIS (ROND-POINT),M,"42,7030300","2,8783100",66,2019,50.0,1.0,1.0,4.0,2159401,1.0,1,1,2,0.0,,-1.0, -1,1954.0,A01,138Â 292Â 212,1.0,0.0,-1.0,1648805,1.0,7,,0.0,2.0,1.0,A01,138Â 292Â 212,1.0
966079,201900007610,12,14,22:06,3,2,1,1.0,3.0,66136,JULIEN PANCHOT (AVENUE),M,"42,6852000","2,8670000",66,2019,50.0,1.0,1.0,4.0,2159402,1.0,1,1,1,9.0,,-1.0, -1,1976.0,B01,138Â 292Â 209,1.0,0.0,-1.0,1648806,1.0,7,,0.0,2.0,3.0,B01,138Â 292Â 209,1.0
966079,201900007610,12,14,22:06,3,2,1,1.0,3.0,66136,JULIEN PANCHOT (AVENUE),M,"42,6852000","2,8670000",66,2019,50.0,1.0,1.0,4.0,2159402,1.0,1,1,1,9.0,,-1.0, -1,1976.0,B01,138Â 292Â 209,1.0,0.0,-1.0,1648807,1.0,30,,0.0,2.0,1.0,A01,138Â 292Â 210,1.0
966079,201900007610,12,14,22:06,3,2,1,1.0,3.0,66136,JULIEN PANCHOT (AVENUE),M,"42,6852000","2,8670000",66,2019,50.0,1.0,1.0,4.0,2159403,1.0,1,3,1,9.0,,-1.0, -1,1983.0,A01,138Â 292Â 210,2.0,6.0,-1.0,1648806,1.0,7,,0.0,2.0,3.0,B01,138Â 292Â 209,1.0
966079,201900007610,12,14,22:06,3,2,1,1.0,3.0,66136,JULIEN PANCHOT (AVENUE),M,"42,6852000","2,8670000",66,2019,50.0,1.0,1.0,4.0,2159403,1.0,1,3,1,9.0,,-1.0, -1,1983.0,A01,138Â 292Â 210,2.0,6.0,-1.0,1648807,1.0,30,,0.0,2.0,1.0,A01,138Â 292Â 210,1.0
966080,201900007611,12,2,08:57,1,2,1,1.0,4.0,66136,DÃ©partementale 914,M,"42,6591790","2,9238480",66,2019,110.0,1.0,1.0,4.0,2159404,1.0,1,4,2,9.0,,-1.0, -1,1958.0,C01,138Â 292Â 206,1.0,0.0,-1.0,1648808,2.0,7,,0.0,2.0,4.0,C01,138Â 292Â 206,1.0
966080,201900007611,12,2,08:57,1,2,1,1.0,4.0,66136,DÃ©partementale 914,M,"42,6591790","2,9238480",66,2019,110.0,1.0,1.0,4.0,2159404,1.0,1,4,2,9.0,,-1.0, -1,1958.0,C01,138Â 292Â 206,1.0,0.0,-1.0,1648809,2.0,7,,0.0,2.0,4.0,B01,138Â 292Â 207,1.0
966080,201900007611,12,2,08:57,1,2,1,1.0,4.0,66136,DÃ©partementale 914,M,"42,6591790","2,9238480",66,2019,110.0,1.0,1.0,4.0,2159404,1.0,1,4,2,9.0,,-1.0, -1,1958.0,C01,138Â 292Â 206,1.0,0.0,-1.0,1648810,2.0,7,,0.0,2.0,1.0,A01,138Â 292Â 208,1.0
966080,201900007611,12,2,08:57,1,2,1,1.0,4.0,66136,DÃ©partementale 914,M,"42,6591790","2,9238480",66,2019,110.0,1.0,1.0,4.0,2159405,2.0,2,4,2,9.0,,-1.0, -1,2005.0,C01,138Â 292Â 206,1.0,0.0,-1.0,1648808,2.0,7,,0.0,2.0,4.0,C01,138Â 292Â 206,1.0
966080,201900007611,12,2,08:57,1,2,1,1.0,4.0,66136,DÃ©partementale 914,M,"42,6591790","2,9238480",66,2019,110.0,1.0,1.0,4.0,2159405,2.0,2,4,2,9.0,,-1.0, -1,2005.0,C01,138Â 292Â 206,1.0,0.0,-1.0,1648809,2.0,7,,0.0,2.0,4.0,B01,138Â 292Â 207,1.0
966080,201900007611,12,2,08:57,1,2,1,1.0,4.0,66136,DÃ©partementale 914,M,"42,6591790","2,9238480",66,2019,110.0,1.0,1.0,4.0,2159405,2.0,2,4,2,9.0,,-1.0, -1,2005.0,C01,138Â 292Â 206,1.0,0.0,-1.0,1648810,2.0,7,,0.0,2.0,1.0,A01,138Â 292Â 208,1.0
966080,201900007611,12,2,08:57,1,2,1,1.0,4.0,66136,DÃ©partementale 914,M,"42,6591790","2,9238480",66,2019,110.0,1.0,1.0,4.0,2159406,1.0,1,4,1,9.0,,-1.0, -1,1943.0,B01,138Â 292Â 207,1.0,0.0,-1.0,1648808,2.0,7,,0.0,2.0,4.0,C01,138Â 292Â 206,1.0
966080,201900007611,12,2,08:57,1,2,1,1.0,4.0,66136,DÃ©partementale 914,M,"42,6591790","2,9238480",66,2019,110.0,1.0,1.0,4.0,2159406,1.0,1,4,1,9.0,,-1.0, -1,1943.0,B01,138Â 292Â 207,1.0,0.0,-1.0,1648809,2.0,7,,0.0,2.0,4.0,B01,138Â 292Â 207,1.0
966080,201900007611,12,2,08:57,1,2,1,1.0,4.0,66136,DÃ©partementale 914,M,"42,6591790","2,9238480",66,2019,110.0,1.0,1.0,4.0,2159406,1.0,1,4,1,9.0,,-1.0, -1,1943.0,B01,138Â 292Â 207,1.0,0.0,-1.0,1648810,2.0,7,,0.0,2.0,1.0,A01,138Â 292Â 208,1.0
966080,201900007611,12,2,08:57,1,2,1,1.0,4.0,66136,DÃ©partementale 914,M,"42,6591790","2,9238480",66,2019,110.0,1.0,1.0,4.0,2159407,2.0,2,4,2,9.0,,-1.0, -1,2018.0,A01,138Â 292Â 208,1.0,0.0,-1.0,1648808,2.0,7,,0.0,2.0,4.0,C01,138Â 292Â 206,1.0
966080,201900007611,12,2,08:57,1,2,1,1.0,4.0,66136,DÃ©partementale 914,M,"42,6591790","2,9238480",66,2019,110.0,1.0,1.0,4.0,2159407,2.0,2,4,2,9.0,,-1.0, -1,2018.0,A01,138Â 292Â 208,1.0,0.0,-1.0,1648809,2.0,7,,0.0,2.0,4.0,B01,138Â 292Â 207,1.0
966080,201900007611,12,2,08:57,1,2,1,1.0,4.0,66136,DÃ©partementale 914,M,"42,6591790","2,9238480",66,2019,110.0,1.0,1.0,4.0,2159407,2.0,2,4,2,9.0,,-1.0, -1,2018.0,A01,138Â 292Â 208,1.0,0.0,-1.0,1648810,2.0,7,,0.0,2.0,1.0,A01,138Â 292Â 208,1.0
966080,201900007611,12,2,08:57,1,2,1,1.0,4.0,66136,DÃ©partementale 914,M,"42,6591790","2,9238480",66,2019,110.0,1.0,1.0,4.0,2159408,1.0,1,4,1,9.0,,-1.0, -1,1988.0,A01,138Â 292Â 208,1.0,0.0,-1.0,1648808,2.0,7,,0.0,2.0,4.0,C01,138Â 292Â 206,1.0
966080,201900007611,12,2,08:57,1,2,1,1.0,4.0,66136,DÃ©partementale 914,M,"42,6591790","2,9238480",66,2019,110.0,1.0,1.0,4.0,2159408,1.0,1,4,1,9.0,,-1.0, -1,1988.0,A01,138Â 292Â 208,1.0,0.0,-1.0,1648809,2.0,7,,0.0,2.0,4.0,B01,138Â 292Â 207,1.0
966080,201900007611,12,2,08:57,1,2,1,1.0,4.0,66136,DÃ©partementale 914,M,"42,6591790","2,9238480",66,2019,110.0,1.0,1.0,4.0,2159408,1.0,1,4,1,9.0,,-1.0, -1,1988.0,A01,138Â 292Â 208,1.0,0.0,-1.0,1648810,2.0,7,,0.0,2.0,1.0,A01,138Â 292Â 208,1.0
966081,201900007612,12,1,07:19,2,2,1,2.0,3.0,66136,DÃ©partementale  617,M,"42,7117930","2,9239550",66,2019,110.0,1.0,2.0,4.0,2159409,1.0,1,1,1,5.0,,-1.0, -1,1958.0,B01,138Â 292Â 204,1.0,0.0,-1.0,1648811,1.0,7,,0.0,2.0,3.0,B01,138Â 292Â 204,1.0
966081,201900007612,12,1,07:19,2,2,1,2.0,3.0,66136,DÃ©partementale  617,M,"42,7117930","2,9239550",66,2019,110.0,1.0,2.0,4.0,2159409,1.0,1,1,1,5.0,,-1.0, -1,1958.0,B01,138Â 292Â 204,1.0,0.0,-1.0,1648812,1.0,7,,0.0,2.0,5.0,A01,138Â 292Â 205,1.0
966081,201900007612,12,1,07:19,2,2,1,2.0,3.0,66136,DÃ©partementale  617,M,"42,7117930","2,9239550",66,2019,110.0,1.0,2.0,4.0,2159410,1.0,1,4,2,1.0,,-1.0, -1,1997.0,A01,138Â 292Â 205,1.0,8.0,-1.0,1648811,1.0,7,,0.0,2.0,3.0,B01,138Â 292Â 204,1.0
966081,201900007612,12,1,07:19,2,2,1,2.0,3.0,66136,DÃ©partementale  617,M,"42,7117930","2,9239550",66,2019,110.0,1.0,2.0,4.0,2159410,1.0,1,4,2,1.0,,-1.0, -1,1997.0,A01,138Â 292Â 205,1.0,8.0,-1.0,1648812,1.0,7,,0.0,2.0,5.0,A01,138Â 292Â 205,1.0
966082,201900007613,12,2,07:45,2,2,1,1.0,6.0,66136,DESNOYE (BOULEVARD DR. JOSEPH),M,"42,7112000","2,8871800",66,2019,50.0,1.0,1.0,4.0,2159411,1.0,1,1,2,0.0,,-1.0, -1,1956.0,A01,138Â 292Â 203,1.0,8.0,-1.0,1648813,1.0,7,,0.0,1.0,1.0,A01,138Â 292Â 203,1.0
966082,201900007613,12,2,07:45,2,2,1,1.0,6.0,66136,DESNOYE (BOULEVARD DR. JOSEPH),M,"42,7112000","2,8871800",66,2019,50.0,1.0,1.0,4.0,2159412,10.0,3,4,1,9.0,,3.0,3,2006.0,A01,138Â 292Â 203,8.0,0.0,-1.0,1648813,1.0,7,,0.0,1.0,1.0,A01,138Â 292Â 203,1.0
966083,201900007614,12,1,06:00,4,1,1,1.0,6.0,66136,DÃ©partementale  617,M,"42,7109390","2,9712770",66,2019,110.0,1.0,1.0,3.0,2159413,1.0,1,4,1,0.0,,-1.0, -1,1995.0,A01,138Â 292Â 202,1.0,8.0,-1.0,1648814,1.0,7,,0.0,0.0,0.0,A01,138Â 292Â 202,1.0
966084,201900007615,12,1,16:45,1,2,3,1.0,6.0,66136,DALBIEZ (AVENUE VICTOR),M,"42,6841800","2,8821400",66,2019,50.0,1.0,1.0,4.0,2159414,1.0,1,4,1,1.0,,-1.0, -1,1976.0,A01,138Â 292Â 200,2.0,8.0,-1.0,1648815,1.0,2,,0.0,2.0,1.0,A01,138Â 292Â 200,1.0
966084,201900007615,12,1,16:45,1,2,3,1.0,6.0,66136,DALBIEZ (AVENUE VICTOR),M,"42,6841800","2,8821400",66,2019,50.0,1.0,1.0,4.0,2159414,1.0,1,4,1,1.0,,-1.0, -1,1976.0,A01,138Â 292Â 200,2.0,8.0,-1.0,1648816,2.0,7,,0.0,2.0,3.0,B01,138Â 292Â 201,1.0
966084,201900007615,12,1,16:45,1,2,3,1.0,6.0,66136,DALBIEZ (AVENUE VICTOR),M,"42,6841800","2,8821400",66,2019,50.0,1.0,1.0,4.0,2159415,1.0,1,1,2,9.0,,-1.0, -1,1993.0,B01,138Â 292Â 201,1.0,8.0,-1.0,1648815,1.0,2,,0.0,2.0,1.0,A01,138Â 292Â 200,1.0
966084,201900007615,12,1,16:45,1,2,3,1.0,6.0,66136,DALBIEZ (AVENUE VICTOR),M,"42,6841800","2,8821400",66,2019,50.0,1.0,1.0,4.0,2159415,1.0,1,1,2,9.0,,-1.0, -1,1993.0,B01,138Â 292Â 201,1.0,8.0,-1.0,1648816,2.0,7,,0.0,2.0,3.0,B01,138Â 292Â 201,1.0
966085,201900007616,12,3,12:35,1,2,9,1.0,2.0,64102,LOEB (AVENUE DE L'INTERNE JACQUES),M,"43,4791569"," -1,4843129",64,2019,50.0,1.0,1.0,4.0,2159416,2.0,1,4,1,2.0,,-1.0,0,2001.0,B01,138Â 292Â 198,2.0,6.0,-1.0,1648817,2.0,2,,0.0,0.0,4.0,B01,138Â 292Â 198,1.0
966085,201900007616,12,3,12:35,1,2,9,1.0,2.0,64102,LOEB (AVENUE DE L'INTERNE JACQUES),M,"43,4791569"," -1,4843129",64,2019,50.0,1.0,1.0,4.0,2159416,2.0,1,4,1,2.0,,-1.0,0,2001.0,B01,138Â 292Â 198,2.0,6.0,-1.0,1648818,2.0,7,,0.0,2.0,1.0,A01,138Â 292Â 199,1.0
966085,201900007616,12,3,12:35,1,2,9,1.0,2.0,64102,LOEB (AVENUE DE L'INTERNE JACQUES),M,"43,4791569"," -1,4843129",64,2019,50.0,1.0,1.0,4.0,2159417,1.0,1,1,2,0.0,,-1.0,0,2000.0,A01,138Â 292Â 199,1.0,0.0,-1.0,1648817,2.0,2,,0.0,0.0,4.0,B01,138Â 292Â 198,1.0
966085,201900007616,12,3,12:35,1,2,9,1.0,2.0,64102,LOEB (AVENUE DE L'INTERNE JACQUES),M,"43,4791569"," -1,4843129",64,2019,50.0,1.0,1.0,4.0,2159417,1.0,1,1,2,0.0,,-1.0,0,2000.0,A01,138Â 292Â 199,1.0,0.0,-1.0,1648818,2.0,7,,0.0,2.0,1.0,A01,138Â 292Â 199,1.0
966086,201900007617,12,3,12:30,1,2,3,1.0,3.0,64102,SOULT (AVENUE MARECHAL),M,"43,4836210"," -1,5008891",64,2019,50.0,1.0,1.0,3.0,2159418,1.0,1,4,2,0.0,,-1.0,0,2003.0,B01,138Â 292Â 196,2.0,6.0,-1.0,1648819,2.0,2,,0.0,2.0,1.0,B01,138Â 292Â 196,1.0
966086,201900007617,12,3,12:30,1,2,3,1.0,3.0,64102,SOULT (AVENUE MARECHAL),M,"43,4836210"," -1,5008891",64,2019,50.0,1.0,1.0,3.0,2159418,1.0,1,4,2,0.0,,-1.0,0,2003.0,B01,138Â 292Â 196,2.0,6.0,-1.0,1648820,2.0,7,,0.0,2.0,7.0,A01,138Â 292Â 197,1.0
966086,201900007617,12,3,12:30,1,2,3,1.0,3.0,64102,SOULT (AVENUE MARECHAL),M,"43,4836210"," -1,5008891",64,2019,50.0,1.0,1.0,3.0,2159419,1.0,1,1,2,5.0,,-1.0,0,1955.0,A01,138Â 292Â 197,1.0,0.0,-1.0,1648819,2.0,2,,0.0,2.0,1.0,B01,138Â 292Â 196,1.0
966086,201900007617,12,3,12:30,1,2,3,1.0,3.0,64102,SOULT (AVENUE MARECHAL),M,"43,4836210"," -1,5008891",64,2019,50.0,1.0,1.0,3.0,2159419,1.0,1,1,2,5.0,,-1.0,0,1955.0,A01,138Â 292Â 197,1.0,0.0,-1.0,1648820,2.0,7,,0.0,2.0,7.0,A01,138Â 292Â 197,1.0
966087,201900007618,12,8,01:10,5,2,1,1.0,6.0,63113,KENNEDY (BD J.F.),M,"45,7965400","3,1231500",63,2019,50.0,1.0,1.0,4.0,2159420,10.0,3,3,1,5.0,,2.0,3,1995.0,A01,138Â 292Â 195,0.0,-1.0,-1.0,1648821,2.0,7,,0.0,1.0,1.0,A01,138Â 292Â 195,1.0
966087,201900007618,12,8,01:10,5,2,1,1.0,6.0,63113,KENNEDY (BD J.F.),M,"45,7965400","3,1231500",63,2019,50.0,1.0,1.0,4.0,2159421,1.0,1,1,1,5.0,,0.0,0,1998.0,A01,138Â 292Â 195,1.0,0.0,-1.0,1648821,2.0,7,,0.0,1.0,1.0,A01,138Â 292Â 195,1.0
966088,201900007619,12,13,20:20,5,2,1,1.0,6.0,63113,DE GAULLE (BD CHARLES),M,"45,7723500","3,0828500",63,2019,50.0,1.0,1.0,4.0,2159422,10.0,3,4,2,9.0,,3.0,3,1954.0,A01,138Â 292Â 194,0.0,-1.0,-1.0,1648822,3.0,30,,0.0,1.0,7.0,A01,138Â 292Â 194,1.0
966088,201900007619,12,13,20:20,5,2,1,1.0,6.0,63113,DE GAULLE (BD CHARLES),M,"45,7723500","3,0828500",63,2019,50.0,1.0,1.0,4.0,2159423,1.0,1,1,1,5.0,,-1.0, -1,2000.0,A01,138Â 292Â 194,2.0,6.0,-1.0,1648822,3.0,30,,0.0,1.0,7.0,A01,138Â 292Â 194,1.0
966089,201900007620,12,1,11:05,1,1,1,2.0,1.0,63113,RM772,M,"45,8074300","3,1507400",63,2019,50.0,1.0,2.0,7.0,2159424,1.0,1,4,1,0.0,,-1.0, -1,1941.0,B01,138Â 292Â 192,1.0,0.0,-1.0,1648823,3.0,7,,0.0,2.0,3.0,B01,138Â 292Â 192,1.0
966089,201900007620,12,1,11:05,1,1,1,2.0,1.0,63113,RM772,M,"45,8074300","3,1507400",63,2019,50.0,1.0,2.0,7.0,2159424,1.0,1,4,1,0.0,,-1.0, -1,1941.0,B01,138Â 292Â 192,1.0,0.0,-1.0,1648824,3.0,7,,0.0,2.0,3.0,A01,138Â 292Â 193,1.0
966089,201900007620,12,1,11:05,1,1,1,2.0,1.0,63113,RM772,M,"45,8074300","3,1507400",63,2019,50.0,1.0,2.0,7.0,2159425,1.0,1,3,2,1.0,,0.0,0,1992.0,A01,138Â 292Â 193,1.0,0.0,-1.0,1648823,3.0,7,,0.0,2.0,3.0,B01,138Â 292Â 192,1.0
966089,201900007620,12,1,11:05,1,1,1,2.0,1.0,63113,RM772,M,"45,8074300","3,1507400",63,2019,50.0,1.0,2.0,7.0,2159425,1.0,1,3,2,1.0,,0.0,0,1992.0,A01,138Â 292Â 193,1.0,0.0,-1.0,1648824,3.0,7,,0.0,2.0,3.0,A01,138Â 292Â 193,1.0
966090,201900007621,12,2,18:15,5,2,2,1.0,6.0,60057,PONTOISE (RUE DE),M,"49,4132000","2,0896800",60,2019,50.0,1.0,1.0,3.0,2159426,10.0,3,3,1,5.0,,3.0,3,1983.0,A01,138Â 292Â 190,0.0,-1.0,-1.0,1648825,1.0,7,,0.0,1.0,1.0,A01,138Â 292Â 190,1.0
966090,201900007621,12,2,18:15,5,2,2,1.0,6.0,60057,PONTOISE (RUE DE),M,"49,4132000","2,0896800",60,2019,50.0,1.0,1.0,3.0,2159427,1.0,1,1,2,0.0,,-1.0,0,1984.0,A01,138Â 292Â 190,8.0,0.0,-1.0,1648825,1.0,7,,0.0,1.0,1.0,A01,138Â 292Â 190,1.0