Unnamed: 0_x,num_acc,mois,jour,hrmn,lum,agg,int,atm,col,com,adr,gps,lat,long,dep,annee,vma,situ,surf,catr,Unnamed: 0_y,place,catu,grav,sexe,trajet,secu,locp,actp,an_nais,num_veh_x,id_vehicule_x,secu1,secu2,secu3,Unnamed: 0,senc,catv,occutc,obs,obsm,choc,num_veh_y,id_vehicule_y,motor
966091,201900007622,12,16,18:00,5,2,1,2.0,6.0,59599,ROUSSEL (PLACE CHARLES ET ALBERT),M,"50,7214800","3,1586200",59,2019,50.0,1.0,2.0,4.0,2159428,10.0,3,4,2,0.0,,3.0,3,1987.0,A01,138Â 292Â 189,8.0,0.0,-1.0,1648826,0.0,7,,0.0,1.0,8.0,A01,138Â 292Â 189,0.0
966091,201900007622,12,16,18:00,5,2,1,2.0,6.0,59599,ROUSSEL (PLACE CHARLES ET ALBERT),M,"50,7214800","3,1586200",59,2019,50.0,1.0,2.0,4.0,2159429,1.0,1,1,1,0.0,,-1.0, -1,1993.0,A01,138Â 292Â 189,8.0,0.0,-1.0,1648826,0.0,7,,0.0,1.0,8.0,A01,138Â 292Â 189,0.0
966092,201900007623,12,3,15:30,1,2,2,1.0,3.0,59599,FAIDHERBE (RUE ),M,"50,7177830","3,1591550",59,2019,50.0,1.0,1.0,7.0,2159430,1.0,1,4,1,4.0,,-1.0,0,2000.0,B01,138Â 292Â 187,1.0,0.0,-1.0,1648827,3.0,10,,0.0,2.0,1.0,B01,138Â 292Â 187,0.0
966092,201900007623,12,3,15:30,1,2,2,1.0,3.0,59599,FAIDHERBE (RUE ),M,"50,7177830","3,1591550",59,2019,50.0,1.0,1.0,7.0,2159430,1.0,1,4,1,4.0,,-1.0,0,2000.0,B01,138Â 292Â 187,1.0,0.0,-1.0,1648828,3.0,7,,0.0,2.0,8.0,A01,138Â 292Â 188,0.0
966092,201900007623,12,3,15:30,1,2,2,1.0,3.0,59599,FAIDHERBE (RUE ),M,"50,7177830","3,1591550",59,2019,50.0,1.0,1.0,7.0,2159431,1.0,1,4,2,0.0,,-1.0,0,1963.0,A01,138Â 292Â 188,1.0,0.0,-1.0,1648827,3.0,10,,0.0,2.0,1.0,B01,138Â 292Â 187,0.0
966092,201900007623,12,3,15:30,1,2,2,1.0,3.0,59599,FAIDHERBE (RUE ),M,"50,7177830","3,1591550",59,2019,50.0,1.0,1.0,7.0,2159431,1.0,1,4,2,0.0,,-1.0,0,1963.0,A01,138Â 292Â 188,1.0,0.0,-1.0,1648828,3.0,7,,0.0,2.0,8.0,A01,138Â 292Â 188,0.0
966092,201900007623,12,3,15:30,1,2,2,1.0,3.0,59599,FAIDHERBE (RUE ),M,"50,7177830","3,1591550",59,2019,50.0,1.0,1.0,7.0,2159432,2.0,2,4,2,0.0,,-1.0,0,2000.0,A01,138Â 292Â 188,1.0,0.0,-1.0,1648827,3.0,10,,0.0,2.0,1.0,B01,138Â 292Â 187,0.0
966092,201900007623,12,3,15:30,1,2,2,1.0,3.0,59599,FAIDHERBE (RUE ),M,"50,7177830","3,1591550",59,2019,50.0,1.0,1.0,7.0,2159432,2.0,2,4,2,0.0,,-1.0,0,2000.0,A01,138Â 292Â 188,1.0,0.0,-1.0,1648828,3.0,7,,0.0,2.0,8.0,A01,138Â 292Â 188,0.0
966093,201900007624,12,1,04:20,5,2,1,1.0,6.0,57757,MOSELLE (RUE DE LA),M,"49,3618800","6,1842600",57,2019,30.0,1.0,1.0,4.0,2159433,1.0,1,3,1,5.0,,-1.0, -1,1979.0,A01,138Â 292Â 183,8.0,0.0,-1.0,1648829,1.0,36,,0.0,0.0,1.0,A01,138Â 292Â 183,1.0
966094,201900007625,12,14,02:40,3,2,1,2.0,6.0,56121,DESSERTE PORTUAIRE (RN 465),M,"47,7515400"," -3,3870700",56,2019,70.0,1.0,2.0,3.0,2159434,2.0,2,4,2,5.0,,-1.0,0,1979.0,A01,138Â 292Â 182,1.0,8.0,-1.0,1648830,2.0,7,,13.0,0.0,2.0,A01,138Â 292Â 182,1.0
966094,201900007625,12,14,02:40,3,2,1,2.0,6.0,56121,DESSERTE PORTUAIRE (RN 465),M,"47,7515400"," -3,3870700",56,2019,70.0,1.0,2.0,3.0,2159435,1.0,1,4,1,5.0,,-1.0,0,1982.0,A01,138Â 292Â 182,1.0,8.0,-1.0,1648830,2.0,7,,13.0,0.0,2.0,A01,138Â 292Â 182,1.0
966095,201900007626,12,2,13:09,1,2,1,1.0,7.0,54395,REPUBLIQUE (PLACE DE),M,"48,6888700","6,1765400",54,2019,30.0,6.0,1.0,9.0,2159436,1.0,1,1,1,4.0,,-1.0, -1,1959.0,A01,138Â 292Â 181,1.0,0.0,-1.0,1648831,1.0,38,1.0,0.0,1.0,2.0,A01,138Â 292Â 181,4.0
966095,201900007626,12,2,13:09,1,2,1,1.0,7.0,54395,REPUBLIQUE (PLACE DE),M,"48,6888700","6,1765400",54,2019,30.0,6.0,1.0,9.0,2159437,10.0,3,3,1,0.0,,2.0,3,1979.0,A01,138Â 292Â 181,8.0,0.0,-1.0,1648831,1.0,38,1.0,0.0,1.0,2.0,A01,138Â 292Â 181,4.0
966096,201900007627,12,2,07:55,1,2,1,8.0,1.0,54357,PINCHARD (RUE RAYMOND LIMITE NCY),M,"48,7090800","6,1606600",54,2019,50.0,1.0,1.0,4.0,2159438,1.0,1,4,1,0.0,,-1.0, -1,1959.0,B01,138Â 292Â 179,1.0,0.0,-1.0,1648832,2.0,7,,0.0,2.0,1.0,B01,138Â 292Â 179,1.0
966096,201900007627,12,2,07:55,1,2,1,8.0,1.0,54357,PINCHARD (RUE RAYMOND LIMITE NCY),M,"48,7090800","6,1606600",54,2019,50.0,1.0,1.0,4.0,2159438,1.0,1,4,1,0.0,,-1.0, -1,1959.0,B01,138Â 292Â 179,1.0,0.0,-1.0,1648833,1.0,7,,0.0,2.0,1.0,A01,138Â 292Â 180,1.0
966096,201900007627,12,2,07:55,1,2,1,8.0,1.0,54357,PINCHARD (RUE RAYMOND LIMITE NCY),M,"48,7090800","6,1606600",54,2019,50.0,1.0,1.0,4.0,2159439,4.0,2,4,1,0.0,,-1.0, -1,2004.0,A01,138Â 292Â 180,1.0,0.0,-1.0,1648832,2.0,7,,0.0,2.0,1.0,B01,138Â 292Â 179,1.0
966096,201900007627,12,2,07:55,1,2,1,8.0,1.0,54357,PINCHARD (RUE RAYMOND LIMITE NCY),M,"48,7090800","6,1606600",54,2019,50.0,1.0,1.0,4.0,2159439,4.0,2,4,1,0.0,,-1.0, -1,2004.0,A01,138Â 292Â 180,1.0,0.0,-1.0,1648833,1.0,7,,0.0,2.0,1.0,A01,138Â 292Â 180,1.0
966096,201900007627,12,2,07:55,1,2,1,8.0,1.0,54357,PINCHARD (RUE RAYMOND LIMITE NCY),M,"48,7090800","6,1606600",54,2019,50.0,1.0,1.0,4.0,2159440,2.0,2,4,1,0.0,,-1.0, -1,2005.0,A01,138Â 292Â 180,1.0,0.0,-1.0,1648832,2.0,7,,0.0,2.0,1.0,B01,138Â 292Â 179,1.0
966096,201900007627,12,2,07:55,1,2,1,8.0,1.0,54357,PINCHARD (RUE RAYMOND LIMITE NCY),M,"48,7090800","6,1606600",54,2019,50.0,1.0,1.0,4.0,2159440,2.0,2,4,1,0.0,,-1.0, -1,2005.0,A01,138Â 292Â 180,1.0,0.0,-1.0,1648833,1.0,7,,0.0,2.0,1.0,A01,138Â 292Â 180,1.0
966096,201900007627,12,2,07:55,1,2,1,8.0,1.0,54357,PINCHARD (RUE RAYMOND LIMITE NCY),M,"48,7090800","6,1606600",54,2019,50.0,1.0,1.0,4.0,2159441,1.0,1,4,1,0.0,,-1.0, -1,1998.0,A01,138Â 292Â 180,1.0,0.0,-1.0,1648832,2.0,7,,0.0,2.0,1.0,B01,138Â 292Â 179,1.0
966096,201900007627,12,2,07:55,1,2,1,8.0,1.0,54357,PINCHARD (RUE RAYMOND LIMITE NCY),M,"48,7090800","6,1606600",54,2019,50.0,1.0,1.0,4.0,2159441,1.0,1,4,1,0.0,,-1.0, -1,1998.0,A01,138Â 292Â 180,1.0,0.0,-1.0,1648833,1.0,7,,0.0,2.0,1.0,A01,138Â 292Â 180,1.0
966096,201900007627,12,2,07:55,1,2,1,8.0,1.0,54357,PINCHARD (RUE RAYMOND LIMITE NCY),M,"48,7090800","6,1606600",54,2019,50.0,1.0,1.0,4.0,2159442,3.0,2,4,1,0.0,,-1.0, -1,1973.0,A01,138Â 292Â 180,1.0,0.0,-1.0,1648832,2.0,7,,0.0,2.0,1.0,B01,138Â 292Â 179,1.0
966096,201900007627,12,2,07:55,1,2,1,8.0,1.0,54357,PINCHARD (RUE RAYMOND LIMITE NCY),M,"48,7090800","6,1606600",54,2019,50.0,1.0,1.0,4.0,2159442,3.0,2,4,1,0.0,,-1.0, -1,1973.0,A01,138Â 292Â 180,1.0,0.0,-1.0,1648833,1.0,7,,0.0,2.0,1.0,A01,138Â 292Â 180,1.0
966097,201900007628,12,16,12:40,1,2,1,1.0,2.0,51454,BOULEVARD POMMERY,M,"49,2465945","4,0508916",51,2019,50.0,1.0,2.0,2.0,2159443,1.0,1,1,1,1.0,,-1.0,0,1951.0,A01,138Â 292Â 177,1.0,0.0,-1.0,1648834,1.0,7,,0.0,2.0,1.0,A01,138Â 292Â 177,1.0
966097,201900007628,12,16,12:40,1,2,1,1.0,2.0,51454,BOULEVARD POMMERY,M,"49,2465945","4,0508916",51,2019,50.0,1.0,2.0,2.0,2159443,1.0,1,1,1,1.0,,-1.0,0,1951.0,A01,138Â 292Â 177,1.0,0.0,-1.0,1648835,1.0,7,,0.0,2.0,5.0,B01,138Â 292Â 178,1.0
966097,201900007628,12,16,12:40,1,2,1,1.0,2.0,51454,BOULEVARD POMMERY,M,"49,2465945","4,0508916",51,2019,50.0,1.0,2.0,2.0,2159444,2.0,2,4,2,1.0,,-1.0,0,1953.0,A01,138Â 292Â 177,1.0,0.0,-1.0,1648834,1.0,7,,0.0,2.0,1.0,A01,138Â 292Â 177,1.0
966097,201900007628,12,16,12:40,1,2,1,1.0,2.0,51454,BOULEVARD POMMERY,M,"49,2465945","4,0508916",51,2019,50.0,1.0,2.0,2.0,2159444,2.0,2,4,2,1.0,,-1.0,0,1953.0,A01,138Â 292Â 177,1.0,0.0,-1.0,1648835,1.0,7,,0.0,2.0,5.0,B01,138Â 292Â 178,1.0
966097,201900007628,12,16,12:40,1,2,1,1.0,2.0,51454,BOULEVARD POMMERY,M,"49,2465945","4,0508916",51,2019,50.0,1.0,2.0,2.0,2159445,1.0,1,1,2,9.0,,-1.0,0,1969.0,B01,138Â 292Â 178,1.0,0.0,-1.0,1648834,1.0,7,,0.0,2.0,1.0,A01,138Â 292Â 177,1.0
966097,201900007628,12,16,12:40,1,2,1,1.0,2.0,51454,BOULEVARD POMMERY,M,"49,2465945","4,0508916",51,2019,50.0,1.0,2.0,2.0,2159445,1.0,1,1,2,9.0,,-1.0,0,1969.0,B01,138Â 292Â 178,1.0,0.0,-1.0,1648835,1.0,7,,0.0,2.0,5.0,B01,138Â 292Â 178,1.0
966097,201900007628,12,16,12:40,1,2,1,1.0,2.0,51454,BOULEVARD POMMERY,M,"49,2465945","4,0508916",51,2019,50.0,1.0,2.0,2.0,2159446,2.0,2,1,2,0.0,,-1.0,0,2001.0,B01,138Â 292Â 178,1.0,0.0,-1.0,1648834,1.0,7,,0.0,2.0,1.0,A01,138Â 292Â 177,1.0
966097,201900007628,12,16,12:40,1,2,1,1.0,2.0,51454,BOULEVARD POMMERY,M,"49,2465945","4,0508916",51,2019,50.0,1.0,2.0,2.0,2159446,2.0,2,1,2,0.0,,-1.0,0,2001.0,B01,138Â 292Â 178,1.0,0.0,-1.0,1648835,1.0,7,,0.0,2.0,5.0,B01,138Â 292Â 178,1.0
966098,201900007629,12,3,21:15,5,2,1,5.0,7.0,51454,ALLEE DU VIGNOBLE,M,"49,2192135","4,0140087",51,2019,50.0,1.0,1.0,4.0,2159447,10.0,3,4,1,0.0,,1.0,9,1988.0,A01,138Â 292Â 176,0.0,-1.0,-1.0,1648836,2.0,0,,0.0,1.0,0.0,A01,138Â 292Â 176,0.0
966099,201900007630,12,3,07:45,5,2,1,1.0,7.0,51454,RUE DU DOCTEUR BIENFAIT,M,"49,2487717","4,0129735",51,2019,50.0,1.0,2.0,4.0,2159448,10.0,3,4,2,0.0,,4.0,5,2006.0,A01,138Â 292Â 175,0.0,0.0,0.0,1648837,0.0,10,,0.0,1.0,1.0,A01,138Â 292Â 175,1.0
966099,201900007630,12,3,07:45,5,2,1,1.0,7.0,51454,RUE DU DOCTEUR BIENFAIT,M,"49,2487717","4,0129735",51,2019,50.0,1.0,2.0,4.0,2159449,1.0,1,1,1,1.0,,-1.0,0,1958.0,A01,138Â 292Â 175,1.0,8.0,-1.0,1648837,0.0,10,,0.0,1.0,1.0,A01,138Â 292Â 175,1.0
966100,201900007631,12,2,07:20,5,2,1,9.0,1.0,51454,RUE HENRI MIDOL,M,"49,2637708","4,0075486",51,2019,50.0,1.0,7.0,4.0,2159450,1.0,1,4,1,1.0,,-1.0,0,1969.0,A01,138Â 292Â 173,1.0,8.0,-1.0,1648838,0.0,7,,0.0,2.0,2.0,A01,138Â 292Â 173,1.0
966100,201900007631,12,2,07:20,5,2,1,9.0,1.0,51454,RUE HENRI MIDOL,M,"49,2637708","4,0075486",51,2019,50.0,1.0,7.0,4.0,2159450,1.0,1,4,1,1.0,,-1.0,0,1969.0,A01,138Â 292Â 173,1.0,8.0,-1.0,1648839,0.0,7,,13.0,2.0,1.0,B01,138Â 292Â 174,1.0
966100,201900007631,12,2,07:20,5,2,1,9.0,1.0,51454,RUE HENRI MIDOL,M,"49,2637708","4,0075486",51,2019,50.0,1.0,7.0,4.0,2159451,1.0,1,4,1,1.0,,-1.0,0,1999.0,B01,138Â 292Â 174,1.0,8.0,-1.0,1648838,0.0,7,,0.0,2.0,2.0,A01,138Â 292Â 173,1.0
966100,201900007631,12,2,07:20,5,2,1,9.0,1.0,51454,RUE HENRI MIDOL,M,"49,2637708","4,0075486",51,2019,50.0,1.0,7.0,4.0,2159451,1.0,1,4,1,1.0,,-1.0,0,1999.0,B01,138Â 292Â 174,1.0,8.0,-1.0,1648839,0.0,7,,13.0,2.0,1.0,B01,138Â 292Â 174,1.0
966101,201900007632,12,15,11:00,1,2,1,2.0,7.0,49007,DE LATTRE DE TASSIGNY,M,"47,4488000"," -0,5383600",49,2019,60.0,1.0,2.0,4.0,2159452,1.0,1,4,1,0.0,,-1.0, -1,1990.0,A01,138Â 292Â 172,2.0,8.0,-1.0,1648840,1.0,30,,0.0,0.0,1.0,A01,138Â 292Â 172,1.0
966102,201900007633,12,15,10:28,1,2,1,2.0,7.0,49007,LETANDUERE,M,"47,4547000"," -0,5535000",49,2019,60.0,1.0,2.0,4.0,2159453,1.0,1,4,1,0.0,,-1.0, -1,1984.0,A01,138Â 292Â 171,8.0,8.0,-1.0,1648841,1.0,1,,14.0,0.0,0.0,A01,138Â 292Â 171,5.0
966103,201900007634,12,14,02:00,5,2,1,2.0,3.0,49007,IMBACH PLACE,M,"47,4742600"," -0,5487300",49,2019,60.0,1.0,2.0,4.0,2159454,1.0,1,1,1,0.0,,-1.0,0,1985.0,A01,138Â 292Â 169,1.0,8.0,-1.0,1648842,1.0,7,,0.0,2.0,1.0,A01,138Â 292Â 169,1.0
966103,201900007634,12,14,02:00,5,2,1,2.0,3.0,49007,IMBACH PLACE,M,"47,4742600"," -0,5487300",49,2019,60.0,1.0,2.0,4.0,2159454,1.0,1,1,1,0.0,,-1.0,0,1985.0,A01,138Â 292Â 169,1.0,8.0,-1.0,1648843,1.0,1,,0.0,2.0,0.0,B01,138Â 292Â 170,5.0
966103,201900007634,12,14,02:00,5,2,1,2.0,3.0,49007,IMBACH PLACE,M,"47,4742600"," -0,5487300",49,2019,60.0,1.0,2.0,4.0,2159455,1.0,1,4,1,0.0,,-1.0,0,1997.0,B01,138Â 292Â 170,8.0,0.0,-1.0,1648842,1.0,7,,0.0,2.0,1.0,A01,138Â 292Â 169,1.0
966103,201900007634,12,14,02:00,5,2,1,2.0,3.0,49007,IMBACH PLACE,M,"47,4742600"," -0,5487300",49,2019,60.0,1.0,2.0,4.0,2159455,1.0,1,4,1,0.0,,-1.0,0,1997.0,B01,138Â 292Â 170,8.0,0.0,-1.0,1648843,1.0,1,,0.0,2.0,0.0,B01,138Â 292Â 170,5.0
966104,201900007635,12,13,12:30,1,2,1,1.0,1.0,49007,ECCE HOMO BOULEVARD,M,"47,4647000"," -0,5648700",49,2019,60.0,1.0,1.0,4.0,2159456,1.0,1,4,2,0.0,,-1.0, -1,1958.0,B01,138Â 292Â 167,8.0,0.0,-1.0,1648844,1.0,1,,0.0,2.0,1.0,B01,138Â 292Â 167,5.0
966104,201900007635,12,13,12:30,1,2,1,1.0,1.0,49007,ECCE HOMO BOULEVARD,M,"47,4647000"," -0,5648700",49,2019,60.0,1.0,1.0,4.0,2159456,1.0,1,4,2,0.0,,-1.0, -1,1958.0,B01,138Â 292Â 167,8.0,0.0,-1.0,1648845,1.0,7,,0.0,2.0,1.0,A01,138Â 292Â 168,1.0
966104,201900007635,12,13,12:30,1,2,1,1.0,1.0,49007,ECCE HOMO BOULEVARD,M,"47,4647000"," -0,5648700",49,2019,60.0,1.0,1.0,4.0,2159457,1.0,1,1,2,0.0,,-1.0, -1,1958.0,A01,138Â 292Â 168,1.0,8.0,-1.0,1648844,1.0,1,,0.0,2.0,1.0,B01,138Â 292Â 167,5.0
966104,201900007635,12,13,12:30,1,2,1,1.0,1.0,49007,ECCE HOMO BOULEVARD,M,"47,4647000"," -0,5648700",49,2019,60.0,1.0,1.0,4.0,2159457,1.0,1,1,2,0.0,,-1.0, -1,1958.0,A01,138Â 292Â 168,1.0,8.0,-1.0,1648845,1.0,7,,0.0,2.0,1.0,A01,138Â 292Â 168,1.0
966105,201900007636,12,13,10:51,1,2,1,1.0,3.0,49007,FONTENEAU,M,"47,4586600"," -0,5429300",49,2019,60.0,1.0,1.0,4.0,2159458,1.0,1,1,2,0.0,,-1.0, -1,1999.0,A01,138Â 292Â 165,1.0,8.0,-1.0,1648846,1.0,7,,0.0,2.0,0.0,A01,138Â 292Â 165,1.0
966105,201900007636,12,13,10:51,1,2,1,1.0,3.0,49007,FONTENEAU,M,"47,4586600"," -0,5429300",49,2019,60.0,1.0,1.0,4.0,2159458,1.0,1,1,2,0.0,,-1.0, -1,1999.0,A01,138Â 292Â 165,1.0,8.0,-1.0,1648847,1.0,1,,0.0,2.0,7.0,B01,138Â 292Â 166,5.0
966105,201900007636,12,13,10:51,1,2,1,1.0,3.0,49007,FONTENEAU,M,"47,4586600"," -0,5429300",49,2019,60.0,1.0,1.0,4.0,2159459,1.0,1,4,2,4.0,,-1.0, -1,1994.0,B01,138Â 292Â 166,2.0,8.0,-1.0,1648846,1.0,7,,0.0,2.0,0.0,A01,138Â 292Â 165,1.0
966105,201900007636,12,13,10:51,1,2,1,1.0,3.0,49007,FONTENEAU,M,"47,4586600"," -0,5429300",49,2019,60.0,1.0,1.0,4.0,2159459,1.0,1,4,2,4.0,,-1.0, -1,1994.0,B01,138Â 292Â 166,2.0,8.0,-1.0,1648847,1.0,1,,0.0,2.0,7.0,B01,138Â 292Â 166,5.0
966106,201900007637,11,30,13:32,1,2,1,1.0,6.0,49015,MESNARD AVENUE DU COMMANDANT,M,"47,4846600"," -0,5844700",49,2019,60.0,1.0,1.0,4.0,2159460,10.0,3,3,2,0.0,,2.0,B,1947.0,A01,138Â 292Â 164,8.0,0.0,-1.0,1648848,1.0,7,,0.0,1.0,1.0,A01,138Â 292Â 164,1.0
966106,201900007637,11,30,13:32,1,2,1,1.0,6.0,49015,MESNARD AVENUE DU COMMANDANT,M,"47,4846600"," -0,5844700",49,2019,60.0,1.0,1.0,4.0,2159461,10.0,3,3,1,0.0,,2.0,B,1944.0,A01,138Â 292Â 164,8.0,0.0,-1.0,1648848,1.0,7,,0.0,1.0,1.0,A01,138Â 292Â 164,1.0
966106,201900007637,11,30,13:32,1,2,1,1.0,6.0,49015,MESNARD AVENUE DU COMMANDANT,M,"47,4846600"," -0,5844700",49,2019,60.0,1.0,1.0,4.0,2159462,1.0,1,1,2,4.0,,-1.0, -1,1970.0,A01,138Â 292Â 164,1.0,8.0,-1.0,1648848,1.0,7,,0.0,1.0,1.0,A01,138Â 292Â 164,1.0
966107,201900007638,11,30,15:40,1,2,1,1.0,1.0,49246,PASTEUR,M,"47,4380500"," -0,5269500",49,2019,60.0,1.0,1.0,4.0,2159463,1.0,1,3,1,0.0,,-1.0,0,1988.0,B01,138Â 292Â 162,2.0,8.0,-1.0,1648849,1.0,2,,0.0,2.0,8.0,B01,138Â 292Â 162,1.0
966107,201900007638,11,30,15:40,1,2,1,1.0,1.0,49246,PASTEUR,M,"47,4380500"," -0,5269500",49,2019,60.0,1.0,1.0,4.0,2159463,1.0,1,3,1,0.0,,-1.0,0,1988.0,B01,138Â 292Â 162,2.0,8.0,-1.0,1648850,1.0,7,,0.0,2.0,0.0,A01,138Â 292Â 163,1.0
966107,201900007638,11,30,15:40,1,2,1,1.0,1.0,49246,PASTEUR,M,"47,4380500"," -0,5269500",49,2019,60.0,1.0,1.0,4.0,2159464,1.0,1,1,2,0.0,,-1.0,0,1980.0,A01,138Â 292Â 163,1.0,8.0,-1.0,1648849,1.0,2,,0.0,2.0,8.0,B01,138Â 292Â 162,1.0
966107,201900007638,11,30,15:40,1,2,1,1.0,1.0,49246,PASTEUR,M,"47,4380500"," -0,5269500",49,2019,60.0,1.0,1.0,4.0,2159464,1.0,1,1,2,0.0,,-1.0,0,1980.0,A01,138Â 292Â 163,1.0,8.0,-1.0,1648850,1.0,7,,0.0,2.0,0.0,A01,138Â 292Â 163,1.0
966108,201900007639,11,29,18:17,5,2,1,1.0,5.0,49007,COUBERTIN BOULEVARD,M,"47,4601000"," -0,5327300",49,2019,60.0,1.0,1.0,4.0,2159465,1.0,1,1,2,0.0,,-1.0,0,1940.0,C01,138Â 292Â 159,1.0,8.0,-1.0,1648851,3.0,7,,0.0,2.0,4.0,C01,138Â 292Â 159,1.0
966108,201900007639,11,29,18:17,5,2,1,1.0,5.0,49007,COUBERTIN BOULEVARD,M,"47,4601000"," -0,5327300",49,2019,60.0,1.0,1.0,4.0,2159465,1.0,1,1,2,0.0,,-1.0,0,1940.0,C01,138Â 292Â 159,1.0,8.0,-1.0,1648852,1.0,7,,0.0,2.0,1.0,A01,138Â 292Â 160,1.0
966108,201900007639,11,29,18:17,5,2,1,1.0,5.0,49007,COUBERTIN BOULEVARD,M,"47,4601000"," -0,5327300",49,2019,60.0,1.0,1.0,4.0,2159465,1.0,1,1,2,0.0,,-1.0,0,1940.0,C01,138Â 292Â 159,1.0,8.0,-1.0,1648853,1.0,7,,0.0,2.0,9.0,B01,138Â 292Â 161,1.0
966108,201900007639,11,29,18:17,5,2,1,1.0,5.0,49007,COUBERTIN BOULEVARD,M,"47,4601000"," -0,5327300",49,2019,60.0,1.0,1.0,4.0,2159466,1.0,1,1,2,0.0,,-1.0, -1,1980.0,A01,138Â 292Â 160,1.0,8.0,-1.0,1648851,3.0,7,,0.0,2.0,4.0,C01,138Â 292Â 159,1.0
966108,201900007639,11,29,18:17,5,2,1,1.0,5.0,49007,COUBERTIN BOULEVARD,M,"47,4601000"," -0,5327300",49,2019,60.0,1.0,1.0,4.0,2159466,1.0,1,1,2,0.0,,-1.0, -1,1980.0,A01,138Â 292Â 160,1.0,8.0,-1.0,1648852,1.0,7,,0.0,2.0,1.0,A01,138Â 292Â 160,1.0
966108,201900007639,11,29,18:17,5,2,1,1.0,5.0,49007,COUBERTIN BOULEVARD,M,"47,4601000"," -0,5327300",49,2019,60.0,1.0,1.0,4.0,2159466,1.0,1,1,2,0.0,,-1.0, -1,1980.0,A01,138Â 292Â 160,1.0,8.0,-1.0,1648853,1.0,7,,0.0,2.0,9.0,B01,138Â 292Â 161,1.0
966108,201900007639,11,29,18:17,5,2,1,1.0,5.0,49007,COUBERTIN BOULEVARD,M,"47,4601000"," -0,5327300",49,2019,60.0,1.0,1.0,4.0,2159467,1.0,1,4,2,0.0,,-1.0, -1,1979.0,B01,138Â 292Â 161,1.0,8.0,-1.0,1648851,3.0,7,,0.0,2.0,4.0,C01,138Â 292Â 159,1.0
966108,201900007639,11,29,18:17,5,2,1,1.0,5.0,49007,COUBERTIN BOULEVARD,M,"47,4601000"," -0,5327300",49,2019,60.0,1.0,1.0,4.0,2159467,1.0,1,4,2,0.0,,-1.0, -1,1979.0,B01,138Â 292Â 161,1.0,8.0,-1.0,1648852,1.0,7,,0.0,2.0,1.0,A01,138Â 292Â 160,1.0
966108,201900007639,11,29,18:17,5,2,1,1.0,5.0,49007,COUBERTIN BOULEVARD,M,"47,4601000"," -0,5327300",49,2019,60.0,1.0,1.0,4.0,2159467,1.0,1,4,2,0.0,,-1.0, -1,1979.0,B01,138Â 292Â 161,1.0,8.0,-1.0,1648853,1.0,7,,0.0,2.0,9.0,B01,138Â 292Â 161,1.0
966108,201900007639,11,29,18:17,5,2,1,1.0,5.0,49007,COUBERTIN BOULEVARD,M,"47,4601000"," -0,5327300",49,2019,60.0,1.0,1.0,4.0,2159468,2.0,2,4,2,0.0,,-1.0,0,2005.0,B01,138Â 292Â 161,1.0,8.0,-1.0,1648851,3.0,7,,0.0,2.0,4.0,C01,138Â 292Â 159,1.0
966108,201900007639,11,29,18:17,5,2,1,1.0,5.0,49007,COUBERTIN BOULEVARD,M,"47,4601000"," -0,5327300",49,2019,60.0,1.0,1.0,4.0,2159468,2.0,2,4,2,0.0,,-1.0,0,2005.0,B01,138Â 292Â 161,1.0,8.0,-1.0,1648852,1.0,7,,0.0,2.0,1.0,A01,138Â 292Â 160,1.0
966108,201900007639,11,29,18:17,5,2,1,1.0,5.0,49007,COUBERTIN BOULEVARD,M,"47,4601000"," -0,5327300",49,2019,60.0,1.0,1.0,4.0,2159468,2.0,2,4,2,0.0,,-1.0,0,2005.0,B01,138Â 292Â 161,1.0,8.0,-1.0,1648853,1.0,7,,0.0,2.0,9.0,B01,138Â 292Â 161,1.0
966109,201900007640,11,29,13:43,1,2,1,1.0,6.0,49007,RAMON BOULEVARD,M,"47,4879700"," -0,5428200",49,2019,60.0,1.0,1.0,4.0,2159469,1.0,1,4,2,1.0,,-1.0, -1,1989.0,A01,138Â 292Â 158,1.0,8.0,-1.0,1648854,1.0,7,,0.0,1.0,3.0,A01,138Â 292Â 158,1.0
966109,201900007640,11,29,13:43,1,2,1,1.0,6.0,49007,RAMON BOULEVARD,M,"47,4879700"," -0,5428200",49,2019,60.0,1.0,1.0,4.0,2159470,10.0,3,4,1,0.0,,2.0,B,1986.0,A01,138Â 292Â 158,8.0,0.0,-1.0,1648854,1.0,7,,0.0,1.0,3.0,A01,138Â 292Â 158,1.0
966110,201900007641,11,29,12:42,1,2,1,1.0,3.0,49007,VOLNEY,M,"47,4618000"," -0,5415600",49,2019,60.0,1.0,1.0,4.0,2159471,1.0,1,4,2,0.0,,-1.0,0,1959.0,B01,138Â 292Â 156,2.0,8.0,-1.0,1648855,1.0,33,,0.0,2.0,9.0,B01,138Â 292Â 156,1.0
966110,201900007641,11,29,12:42,1,2,1,1.0,3.0,49007,VOLNEY,M,"47,4618000"," -0,5415600",49,2019,60.0,1.0,1.0,4.0,2159471,1.0,1,4,2,0.0,,-1.0,0,1959.0,B01,138Â 292Â 156,2.0,8.0,-1.0,1648856,1.0,7,,0.0,2.0,6.0,A01,138Â 292Â 157,1.0
966110,201900007641,11,29,12:42,1,2,1,1.0,3.0,49007,VOLNEY,M,"47,4618000"," -0,5415600",49,2019,60.0,1.0,1.0,4.0,2159472,1.0,1,1,1,0.0,,-1.0, -1,1997.0,A01,138Â 292Â 157,1.0,8.0,-1.0,1648855,1.0,33,,0.0,2.0,9.0,B01,138Â 292Â 156,1.0