Unnamed: 0_x,num_acc,mois,jour,hrmn,lum,agg,int,atm,col,com,adr,gps,lat,long,dep,annee,vma,situ,surf,catr,Unnamed: 0_y,place,catu,grav,sexe,trajet,secu,locp,actp,an_nais,num_veh_x,id_vehicule_x,secu1,secu2,secu3,Unnamed: 0,senc,catv,occutc,obs,obsm,choc,num_veh_y,id_vehicule_y,motor
966110,201900007641,11,29,12:42,1,2,1,1.0,3.0,49007,VOLNEY,M,"47,4618000"," -0,5415600",49,2019,60.0,1.0,1.0,4.0,2159472,1.0,1,1,1,0.0,,-1.0, -1,1997.0,A01,138Â 292Â 157,1.0,8.0,-1.0,1648856,1.0,7,,0.0,2.0,6.0,A01,138Â 292Â 157,1.0
966111,201900007642,12,16,20:15,5,2,1,1.0,6.0,45232,AV DU LOIRET,M,"47,8721800","1,9043000",45,2019,50.0,4.0,1.0,4.0,2159473,1.0,1,4,1,4.0,,0.0,0,1998.0,A01,138Â 292Â 155,2.0,6.0,-1.0,1648857,1.0,2,,2.0,0.0,1.0,A01,138Â 292Â 155,3.0
966112,201900007643,12,14,20:07,5,2,1,3.0,6.0,44184,PARMENTIER (RUE ANTOINE) 110 AU 142  ,M,"47,2639078"," -2,2265940",44,2019,50.0,1.0,2.0,4.0,2159474,10.0,3,4,2,3.0,,2.0,A,1974.0,A01,138Â 292Â 154,0.0,-1.0,-1.0,1648858,1.0,7,,0.0,1.0,8.0,A01,138Â 292Â 154,1.0
966112,201900007643,12,14,20:07,5,2,1,3.0,6.0,44184,PARMENTIER (RUE ANTOINE) 110 AU 142  ,M,"47,2639078"," -2,2265940",44,2019,50.0,1.0,2.0,4.0,2159475,1.0,1,1,1,5.0,,-1.0, -1,1989.0,A01,138Â 292Â 154,1.0,0.0,-1.0,1648858,1.0,7,,0.0,1.0,8.0,A01,138Â 292Â 154,1.0
966113,201900007644,9,14,14:25,1,1,3,7.0,1.0,22306,D78,M,"48,3760900"," -1,9513430",22,2019,-1.0,1.0,1.0,3.0,2159476,1.0,1,3,1,5.0,,0.0,0,1946.0,B01,138Â 292Â 152,1.0,-1.0,-1.0,1648859,1.0,7,,0.0,2.0,1.0,B01,138Â 292Â 152,1.0
966113,201900007644,9,14,14:25,1,1,3,7.0,1.0,22306,D78,M,"48,3760900"," -1,9513430",22,2019,-1.0,1.0,1.0,3.0,2159476,1.0,1,3,1,5.0,,0.0,0,1946.0,B01,138Â 292Â 152,1.0,-1.0,-1.0,1648860,2.0,7,,0.0,2.0,1.0,A01,138Â 292Â 153,1.0
966113,201900007644,9,14,14:25,1,1,3,7.0,1.0,22306,D78,M,"48,3760900"," -1,9513430",22,2019,-1.0,1.0,1.0,3.0,2159477,1.0,1,2,1,3.0,,0.0,0,1925.0,A01,138Â 292Â 153,1.0,-1.0,-1.0,1648859,1.0,7,,0.0,2.0,1.0,B01,138Â 292Â 152,1.0
966113,201900007644,9,14,14:25,1,1,3,7.0,1.0,22306,D78,M,"48,3760900"," -1,9513430",22,2019,-1.0,1.0,1.0,3.0,2159477,1.0,1,2,1,3.0,,0.0,0,1925.0,A01,138Â 292Â 153,1.0,-1.0,-1.0,1648860,2.0,7,,0.0,2.0,1.0,A01,138Â 292Â 153,1.0
966114,201900007645,9,8,10:15,1,2,9,1.0,3.0,12168,Place du Claux,M,"44,0223650","3,3020440",12,2019,50.0,3.0,1.0,3.0,2159478,1.0,1,3,1,9.0,,0.0,0,1985.0,B01,138Â 292Â 150,2.0,-1.0,-1.0,1648861,2.0,1,,0.0,2.0,1.0,B01,138Â 292Â 150,5.0
966114,201900007645,9,8,10:15,1,2,9,1.0,3.0,12168,Place du Claux,M,"44,0223650","3,3020440",12,2019,50.0,3.0,1.0,3.0,2159478,1.0,1,3,1,9.0,,0.0,0,1985.0,B01,138Â 292Â 150,2.0,-1.0,-1.0,1648862,2.0,7,,0.0,9.0,3.0,A01,138Â 292Â 151,1.0
966114,201900007645,9,8,10:15,1,2,9,1.0,3.0,12168,Place du Claux,M,"44,0223650","3,3020440",12,2019,50.0,3.0,1.0,3.0,2159479,1.0,1,1,1,5.0,,0.0,0,1938.0,A01,138Â 292Â 151,1.0,-1.0,-1.0,1648861,2.0,1,,0.0,2.0,1.0,B01,138Â 292Â 150,5.0
966114,201900007645,9,8,10:15,1,2,9,1.0,3.0,12168,Place du Claux,M,"44,0223650","3,3020440",12,2019,50.0,3.0,1.0,3.0,2159479,1.0,1,1,1,5.0,,0.0,0,1938.0,A01,138Â 292Â 151,1.0,-1.0,-1.0,1648862,2.0,7,,0.0,9.0,3.0,A01,138Â 292Â 151,1.0
966115,201900007646,9,14,11:30,1,1,1,1.0,6.0,2A266,D4,M,"42,0807650","8,9130240",2A,2019,80.0,1.0,1.0,3.0,2159480,1.0,1,3,1,5.0,,0.0,0,1935.0,A01,138Â 292Â 149,1.0,-1.0,-1.0,1648863,3.0,7,,2.0,0.0,1.0,A01,138Â 292Â 149,1.0
966116,201900007647,9,16,18:45,1,2,6,1.0,3.0,38425,Rond Point des Pyramides,M,"45,3912000","4,7763300",38,2019,50.0,1.0,1.0,4.0,2159481,1.0,1,4,1,9.0,,0.0,0,2003.0,B01,138Â 292Â 147,2.0,-1.0,-1.0,1648864,3.0,2,,0.0,2.0,0.0,B01,138Â 292Â 147,1.0
966116,201900007647,9,16,18:45,1,2,6,1.0,3.0,38425,Rond Point des Pyramides,M,"45,3912000","4,7763300",38,2019,50.0,1.0,1.0,4.0,2159481,1.0,1,4,1,9.0,,0.0,0,2003.0,B01,138Â 292Â 147,2.0,-1.0,-1.0,1648865,3.0,7,,0.0,2.0,3.0,A01,138Â 292Â 148,1.0
966116,201900007647,9,16,18:45,1,2,6,1.0,3.0,38425,Rond Point des Pyramides,M,"45,3912000","4,7763300",38,2019,50.0,1.0,1.0,4.0,2159482,1.0,1,1,1,0.0,,0.0,0,1978.0,A01,138Â 292Â 148,1.0,-1.0,-1.0,1648864,3.0,2,,0.0,2.0,0.0,B01,138Â 292Â 147,1.0
966116,201900007647,9,16,18:45,1,2,6,1.0,3.0,38425,Rond Point des Pyramides,M,"45,3912000","4,7763300",38,2019,50.0,1.0,1.0,4.0,2159482,1.0,1,1,1,0.0,,0.0,0,1978.0,A01,138Â 292Â 148,1.0,-1.0,-1.0,1648865,3.0,7,,0.0,2.0,3.0,A01,138Â 292Â 148,1.0
966117,201900007648,9,15,14:47,1,2,1,1.0,6.0,41109,Villeruche,M,"47,6671840","1,1717210",41,2019,50.0,3.0,1.0,3.0,2159483,2.0,2,1,1,5.0,,0.0,0,2005.0,A01,138Â 292Â 146,2.0,6.0,-1.0,1648866,1.0,2,,6.0,0.0,2.0,A01,138Â 292Â 146,1.0
966117,201900007648,9,15,14:47,1,2,1,1.0,6.0,41109,Villeruche,M,"47,6671840","1,1717210",41,2019,50.0,3.0,1.0,3.0,2159484,1.0,1,3,1,5.0,,0.0,0,2001.0,A01,138Â 292Â 146,2.0,6.0,-1.0,1648866,1.0,2,,6.0,0.0,2.0,A01,138Â 292Â 146,1.0
966118,201900007649,9,18,06:15,4,1,6,1.0,7.0,62502,d945,M,"50,6143590","2,6891180",62,2019,50.0,8.0,1.0,3.0,2159485,1.0,1,2,1,0.0,,0.0,0,1987.0,A01,138Â 292Â 145,2.0,-1.0,-1.0,1648867,1.0,33,,8.0,0.0,0.0,A01,138Â 292Â 145,1.0
966119,201900007650,8,9,07:05,2,1,1,1.0,3.0,67437,D 1004,M,"48,7484700","7,3457270",67,2019,80.0,1.0,1.0,3.0,2159486,1.0,1,4,1,1.0,,0.0,0,1981.0,A01,138Â 292Â 143,1.0,-1.0,-1.0,1648868,2.0,7,,0.0,2.0,3.0,A01,138Â 292Â 143,0.0
966119,201900007650,8,9,07:05,2,1,1,1.0,3.0,67437,D 1004,M,"48,7484700","7,3457270",67,2019,80.0,1.0,1.0,3.0,2159486,1.0,1,4,1,1.0,,0.0,0,1981.0,A01,138Â 292Â 143,1.0,-1.0,-1.0,1648869,1.0,10,,0.0,2.0,3.0,B01,138Â 292Â 144,0.0
966119,201900007650,8,9,07:05,2,1,1,1.0,3.0,67437,D 1004,M,"48,7484700","7,3457270",67,2019,80.0,1.0,1.0,3.0,2159487,1.0,1,1,1,0.0,,0.0,0,1988.0,B01,138Â 292Â 144,0.0,-1.0,-1.0,1648868,2.0,7,,0.0,2.0,3.0,A01,138Â 292Â 143,0.0
966119,201900007650,8,9,07:05,2,1,1,1.0,3.0,67437,D 1004,M,"48,7484700","7,3457270",67,2019,80.0,1.0,1.0,3.0,2159487,1.0,1,1,1,0.0,,0.0,0,1988.0,B01,138Â 292Â 144,0.0,-1.0,-1.0,1648869,1.0,10,,0.0,2.0,3.0,B01,138Â 292Â 144,0.0
966120,201900007651,9,18,05:40,3,1,9,1.0,4.0,25020,A36 - PK 052.000 -  SENS BEAUNE-MULHOUSE,M,"47,4872130","6,8115830",25,2019,110.0,1.0,1.0,1.0,2159488,1.0,1,3,2,4.0,,0.0,0,1989.0,A01,138Â 292Â 140,1.0,-1.0,-1.0,1648870,2.0,17,,0.0,0.0,8.0,A01,138Â 292Â 140,1.0
966120,201900007651,9,18,05:40,3,1,9,1.0,4.0,25020,A36 - PK 052.000 -  SENS BEAUNE-MULHOUSE,M,"47,4872130","6,8115830",25,2019,110.0,1.0,1.0,1.0,2159488,1.0,1,3,2,4.0,,0.0,0,1989.0,A01,138Â 292Â 140,1.0,-1.0,-1.0,1648871,2.0,7,,0.0,9.0,4.0,C01,138Â 292Â 141,1.0
966120,201900007651,9,18,05:40,3,1,9,1.0,4.0,25020,A36 - PK 052.000 -  SENS BEAUNE-MULHOUSE,M,"47,4872130","6,8115830",25,2019,110.0,1.0,1.0,1.0,2159488,1.0,1,3,2,4.0,,0.0,0,1989.0,A01,138Â 292Â 140,1.0,-1.0,-1.0,1648872,2.0,7,,0.0,2.0,1.0,D01,138Â 292Â 142,1.0
966120,201900007651,9,18,05:40,3,1,9,1.0,4.0,25020,A36 - PK 052.000 -  SENS BEAUNE-MULHOUSE,M,"47,4872130","6,8115830",25,2019,110.0,1.0,1.0,1.0,2159489,1.0,1,4,2,1.0,,0.0,0,1986.0,C01,138Â 292Â 141,1.0,9.0,-1.0,1648870,2.0,17,,0.0,0.0,8.0,A01,138Â 292Â 140,1.0
966120,201900007651,9,18,05:40,3,1,9,1.0,4.0,25020,A36 - PK 052.000 -  SENS BEAUNE-MULHOUSE,M,"47,4872130","6,8115830",25,2019,110.0,1.0,1.0,1.0,2159489,1.0,1,4,2,1.0,,0.0,0,1986.0,C01,138Â 292Â 141,1.0,9.0,-1.0,1648871,2.0,7,,0.0,9.0,4.0,C01,138Â 292Â 141,1.0
966120,201900007651,9,18,05:40,3,1,9,1.0,4.0,25020,A36 - PK 052.000 -  SENS BEAUNE-MULHOUSE,M,"47,4872130","6,8115830",25,2019,110.0,1.0,1.0,1.0,2159489,1.0,1,4,2,1.0,,0.0,0,1986.0,C01,138Â 292Â 141,1.0,9.0,-1.0,1648872,2.0,7,,0.0,2.0,1.0,D01,138Â 292Â 142,1.0
966120,201900007651,9,18,05:40,3,1,9,1.0,4.0,25020,A36 - PK 052.000 -  SENS BEAUNE-MULHOUSE,M,"47,4872130","6,8115830",25,2019,110.0,1.0,1.0,1.0,2159490,1.0,1,1,1,1.0,,0.0,0,1971.0,D01,138Â 292Â 142,1.0,9.0,-1.0,1648870,2.0,17,,0.0,0.0,8.0,A01,138Â 292Â 140,1.0
966120,201900007651,9,18,05:40,3,1,9,1.0,4.0,25020,A36 - PK 052.000 -  SENS BEAUNE-MULHOUSE,M,"47,4872130","6,8115830",25,2019,110.0,1.0,1.0,1.0,2159490,1.0,1,1,1,1.0,,0.0,0,1971.0,D01,138Â 292Â 142,1.0,9.0,-1.0,1648871,2.0,7,,0.0,9.0,4.0,C01,138Â 292Â 141,1.0
966120,201900007651,9,18,05:40,3,1,9,1.0,4.0,25020,A36 - PK 052.000 -  SENS BEAUNE-MULHOUSE,M,"47,4872130","6,8115830",25,2019,110.0,1.0,1.0,1.0,2159490,1.0,1,1,1,1.0,,0.0,0,1971.0,D01,138Â 292Â 142,1.0,9.0,-1.0,1648872,2.0,7,,0.0,2.0,1.0,D01,138Â 292Â 142,1.0
966121,201900007652,9,11,18:00,1,2,2,1.0,3.0,51507,RD 3 / RD 982E2,M,"49,0873422","4,8822757",51,2019,70.0,1.0,1.0,3.0,2159491,1.0,1,1,1,1.0,,0.0,0,1958.0,A01,138Â 292Â 138,8.0,-1.0,-1.0,1648873,1.0,7,,0.0,2.0,1.0,A01,138Â 292Â 138,1.0
966121,201900007652,9,11,18:00,1,2,2,1.0,3.0,51507,RD 3 / RD 982E2,M,"49,0873422","4,8822757",51,2019,70.0,1.0,1.0,3.0,2159491,1.0,1,1,1,1.0,,0.0,0,1958.0,A01,138Â 292Â 138,8.0,-1.0,-1.0,1648874,1.0,33,,0.0,2.0,1.0,B01,138Â 292Â 139,1.0
966121,201900007652,9,11,18:00,1,2,2,1.0,3.0,51507,RD 3 / RD 982E2,M,"49,0873422","4,8822757",51,2019,70.0,1.0,1.0,3.0,2159492,1.0,1,4,1,1.0,,0.0,0,1959.0,B01,138Â 292Â 139,2.0,6.0,-1.0,1648873,1.0,7,,0.0,2.0,1.0,A01,138Â 292Â 138,1.0
966121,201900007652,9,11,18:00,1,2,2,1.0,3.0,51507,RD 3 / RD 982E2,M,"49,0873422","4,8822757",51,2019,70.0,1.0,1.0,3.0,2159492,1.0,1,4,1,1.0,,0.0,0,1959.0,B01,138Â 292Â 139,2.0,6.0,-1.0,1648874,1.0,33,,0.0,2.0,1.0,B01,138Â 292Â 139,1.0
966122,201900007653,9,17,03:45,3,2,9,1.0,6.0,19123,Rue des villas,M,"45,1586720","1,5661130",19,2019,50.0,1.0,1.0,4.0,2159493,1.0,1,4,1,0.0,,0.0,0,1998.0,A01,138Â 292Â 137,8.0,-1.0,-1.0,1648875,0.0,7,,14.0,0.0,2.0,A01,138Â 292Â 137,0.0
966122,201900007653,9,17,03:45,3,2,9,1.0,6.0,19123,Rue des villas,M,"45,1586720","1,5661130",19,2019,50.0,1.0,1.0,4.0,2159494,3.0,2,4,1,0.0,,0.0,0,1998.0,A01,138Â 292Â 137,8.0,-1.0,-1.0,1648875,0.0,7,,14.0,0.0,2.0,A01,138Â 292Â 137,0.0
966122,201900007653,9,17,03:45,3,2,9,1.0,6.0,19123,Rue des villas,M,"45,1586720","1,5661130",19,2019,50.0,1.0,1.0,4.0,2159495,2.0,2,3,2,0.0,,0.0,0,2000.0,A01,138Â 292Â 137,8.0,-1.0,-1.0,1648875,0.0,7,,14.0,0.0,2.0,A01,138Â 292Â 137,0.0
966122,201900007653,9,17,03:45,3,2,9,1.0,6.0,19123,Rue des villas,M,"45,1586720","1,5661130",19,2019,50.0,1.0,1.0,4.0,2159496,4.0,2,3,2,0.0,,0.0,0,2001.0,A01,138Â 292Â 137,8.0,-1.0,-1.0,1648875,0.0,7,,14.0,0.0,2.0,A01,138Â 292Â 137,0.0
966123,201900007654,9,18,09:00,1,1,1,1.0,7.0,79196,53 Route de la Porte du Parc,M,"46,9588120"," -0,0896930",79,2019,80.0,3.0,9.0,4.0,2159497,1.0,1,1,1,5.0,,0.0,0,2001.0,A01,138Â 292Â 136,1.0,-1.0,-1.0,1648876,3.0,7,,0.0,0.0,7.0,A01,138Â 292Â 136,1.0
966123,201900007654,9,18,09:00,1,1,1,1.0,7.0,79196,53 Route de la Porte du Parc,M,"46,9588120"," -0,0896930",79,2019,80.0,3.0,9.0,4.0,2159498,2.0,2,4,1,5.0,,0.0,0,2002.0,A01,138Â 292Â 136,1.0,-1.0,-1.0,1648876,3.0,7,,0.0,0.0,7.0,A01,138Â 292Â 136,1.0
966123,201900007654,9,18,09:00,1,1,1,1.0,7.0,79196,53 Route de la Porte du Parc,M,"46,9588120"," -0,0896930",79,2019,80.0,3.0,9.0,4.0,2159499,9.0,2,1,1,5.0,,0.0,0,2002.0,A01,138Â 292Â 136,1.0,-1.0,-1.0,1648876,3.0,7,,0.0,0.0,7.0,A01,138Â 292Â 136,1.0
966124,201900007655,9,18,07:40,1,1,1,1.0,1.0,82024,D7,M,"44,1939400","0,9723570",82,2019,80.0,1.0,1.0,3.0,2159500,1.0,1,3,1,1.0,,0.0,0,1969.0,B01,138Â 292Â 134,1.0,5.0,-1.0,1648877,2.0,7,,0.0,2.0,3.0,B01,138Â 292Â 134,1.0
966124,201900007655,9,18,07:40,1,1,1,1.0,1.0,82024,D7,M,"44,1939400","0,9723570",82,2019,80.0,1.0,1.0,3.0,2159500,1.0,1,3,1,1.0,,0.0,0,1969.0,B01,138Â 292Â 134,1.0,5.0,-1.0,1648878,1.0,7,,0.0,2.0,3.0,A01,138Â 292Â 135,1.0
966124,201900007655,9,18,07:40,1,1,1,1.0,1.0,82024,D7,M,"44,1939400","0,9723570",82,2019,80.0,1.0,1.0,3.0,2159501,1.0,1,3,1,1.0,,0.0,0,1961.0,A01,138Â 292Â 135,1.0,5.0,-1.0,1648877,2.0,7,,0.0,2.0,3.0,B01,138Â 292Â 134,1.0
966124,201900007655,9,18,07:40,1,1,1,1.0,1.0,82024,D7,M,"44,1939400","0,9723570",82,2019,80.0,1.0,1.0,3.0,2159501,1.0,1,3,1,1.0,,0.0,0,1961.0,A01,138Â 292Â 135,1.0,5.0,-1.0,1648878,1.0,7,,0.0,2.0,3.0,A01,138Â 292Â 135,1.0
966125,201900007656,9,17,19:05,1,1,1,1.0,6.0,32160,d634 LIEU DIT ENTIAU,M,"43,5854680","1,0494710",32,2019,80.0,1.0,1.0,3.0,2159502,10.0,3,3,1,9.0,,1.0,3,1983.0,A01,138Â 292Â 133,0.0,-1.0,-1.0,1648879,1.0,7,,0.0,1.0,7.0,A01,138Â 292Â 133,1.0
966125,201900007656,9,17,19:05,1,1,1,1.0,6.0,32160,d634 LIEU DIT ENTIAU,M,"43,5854680","1,0494710",32,2019,80.0,1.0,1.0,3.0,2159503,1.0,1,1,2,3.0,,0.0,0,1990.0,A01,138Â 292Â 133,1.0,-1.0,-1.0,1648879,1.0,7,,0.0,1.0,7.0,A01,138Â 292Â 133,1.0
966126,201900007657,9,10,15:20,1,1,1,2.0,1.0,11351,cd 611,M,"43,1082140","2,7144240",11,2019,80.0,3.0,2.0,3.0,2159504,1.0,1,1,1,0.0,,0.0,0,1981.0,A01,138Â 292Â 131,1.0,-1.0,-1.0,1648880,2.0,7,,0.0,2.0,1.0,A01,138Â 292Â 131,1.0
966126,201900007657,9,10,15:20,1,1,1,2.0,1.0,11351,cd 611,M,"43,1082140","2,7144240",11,2019,80.0,3.0,2.0,3.0,2159504,1.0,1,1,1,0.0,,0.0,0,1981.0,A01,138Â 292Â 131,1.0,-1.0,-1.0,1648881,1.0,7,,0.0,2.0,1.0,B01,138Â 292Â 132,1.0
966126,201900007657,9,10,15:20,1,1,1,2.0,1.0,11351,cd 611,M,"43,1082140","2,7144240",11,2019,80.0,3.0,2.0,3.0,2159505,2.0,2,3,2,5.0,,0.0,0,1939.0,B01,138Â 292Â 132,1.0,-1.0,-1.0,1648880,2.0,7,,0.0,2.0,1.0,A01,138Â 292Â 131,1.0
966126,201900007657,9,10,15:20,1,1,1,2.0,1.0,11351,cd 611,M,"43,1082140","2,7144240",11,2019,80.0,3.0,2.0,3.0,2159505,2.0,2,3,2,5.0,,0.0,0,1939.0,B01,138Â 292Â 132,1.0,-1.0,-1.0,1648881,1.0,7,,0.0,2.0,1.0,B01,138Â 292Â 132,1.0
966126,201900007657,9,10,15:20,1,1,1,2.0,1.0,11351,cd 611,M,"43,1082140","2,7144240",11,2019,80.0,3.0,2.0,3.0,2159506,1.0,1,1,1,5.0,,0.0,0,1935.0,B01,138Â 292Â 132,1.0,-1.0,-1.0,1648880,2.0,7,,0.0,2.0,1.0,A01,138Â 292Â 131,1.0
966126,201900007657,9,10,15:20,1,1,1,2.0,1.0,11351,cd 611,M,"43,1082140","2,7144240",11,2019,80.0,3.0,2.0,3.0,2159506,1.0,1,1,1,5.0,,0.0,0,1935.0,B01,138Â 292Â 132,1.0,-1.0,-1.0,1648881,1.0,7,,0.0,2.0,1.0,B01,138Â 292Â 132,1.0
966127,201900007658,9,18,09:00,1,2,1,1.0,6.0,12208,88 Avenue Lucien Galtier,M,"43,9572010","2,8753570",12,2019,50.0,1.0,1.0,3.0,2159507,1.0,1,1,1,3.0,,0.0,0,1960.0,A01,138Â 292Â 130,1.0,-1.0,-1.0,1648882,2.0,7,,0.0,1.0,7.0,A01,138Â 292Â 130,1.0
966127,201900007658,9,18,09:00,1,2,1,1.0,6.0,12208,88 Avenue Lucien Galtier,M,"43,9572010","2,8753570",12,2019,50.0,1.0,1.0,3.0,2159508,10.0,3,4,1,9.0,,3.0,3,1952.0,A01,138Â 292Â 130,0.0,-1.0,-1.0,1648882,2.0,7,,0.0,1.0,7.0,A01,138Â 292Â 130,1.0
966128,201900007659,9,11,19:45,2,1,2,7.0,3.0,12090,Saint-Joseph (Druelle),M,"44,3687170","2,5301180",12,2019,80.0,1.0,1.0,3.0,2159509,1.0,1,1,1,9.0,,0.0,0,2000.0,A01,138Â 292Â 128,1.0,-1.0,-1.0,1648883,1.0,7,,0.0,2.0,6.0,A01,138Â 292Â 128,1.0
966128,201900007659,9,11,19:45,2,1,2,7.0,3.0,12090,Saint-Joseph (Druelle),M,"44,3687170","2,5301180",12,2019,80.0,1.0,1.0,3.0,2159509,1.0,1,1,1,9.0,,0.0,0,2000.0,A01,138Â 292Â 128,1.0,-1.0,-1.0,1648884,1.0,33,,0.0,2.0,1.0,B01,138Â 292Â 129,1.0
966128,201900007659,9,11,19:45,2,1,2,7.0,3.0,12090,Saint-Joseph (Druelle),M,"44,3687170","2,5301180",12,2019,80.0,1.0,1.0,3.0,2159510,1.0,1,3,1,1.0,,0.0,0,1987.0,B01,138Â 292Â 129,2.0,6.0,-1.0,1648883,1.0,7,,0.0,2.0,6.0,A01,138Â 292Â 128,1.0
966128,201900007659,9,11,19:45,2,1,2,7.0,3.0,12090,Saint-Joseph (Druelle),M,"44,3687170","2,5301180",12,2019,80.0,1.0,1.0,3.0,2159510,1.0,1,3,1,1.0,,0.0,0,1987.0,B01,138Â 292Â 129,2.0,6.0,-1.0,1648884,1.0,33,,0.0,2.0,1.0,B01,138Â 292Â 129,1.0
966129,201900007660,9,17,18:50,1,1,1,1.0,3.0,41161,Route de Brinon Beuvron,M,"47,5875300","2,0620500",41,2019,80.0,1.0,1.0,3.0,2159511,1.0,1,2,1,0.0,,0.0,0,1937.0,A01,138Â 292Â 126,1.0,-1.0,-1.0,1648885,1.0,7,,0.0,2.0,1.0,A01,138Â 292Â 126,1.0
966129,201900007660,9,17,18:50,1,1,1,1.0,3.0,41161,Route de Brinon Beuvron,M,"47,5875300","2,0620500",41,2019,80.0,1.0,1.0,3.0,2159511,1.0,1,2,1,0.0,,0.0,0,1937.0,A01,138Â 292Â 126,1.0,-1.0,-1.0,1648886,2.0,7,,2.0,2.0,8.0,B01,138Â 292Â 127,0.0
966129,201900007660,9,17,18:50,1,1,1,1.0,3.0,41161,Route de Brinon Beuvron,M,"47,5875300","2,0620500",41,2019,80.0,1.0,1.0,3.0,2159512,1.0,1,3,2,0.0,,0.0,0,1992.0,B01,138Â 292Â 127,1.0,-1.0,-1.0,1648885,1.0,7,,0.0,2.0,1.0,A01,138Â 292Â 126,1.0
966129,201900007660,9,17,18:50,1,1,1,1.0,3.0,41161,Route de Brinon Beuvron,M,"47,5875300","2,0620500",41,2019,80.0,1.0,1.0,3.0,2159512,1.0,1,3,2,0.0,,0.0,0,1992.0,B01,138Â 292Â 127,1.0,-1.0,-1.0,1648886,2.0,7,,2.0,2.0,8.0,B01,138Â 292Â 127,0.0
966130,201900007661,9,18,07:25,1,1,2,1.0,3.0,39049,,M,"46,8595850","5,6083570",39,2019,80.0,1.0,1.0,3.0,2159513,1.0,1,1,1,1.0,,0.0,0,1999.0,A01,138Â 292Â 124,1.0,-1.0,-1.0,1648887,1.0,7,,0.0,2.0,7.0,A01,138Â 292Â 124,1.0
966130,201900007661,9,18,07:25,1,1,2,1.0,3.0,39049,,M,"46,8595850","5,6083570",39,2019,80.0,1.0,1.0,3.0,2159513,1.0,1,1,1,1.0,,0.0,0,1999.0,A01,138Â 292Â 124,1.0,-1.0,-1.0,1648888,1.0,7,,0.0,2.0,1.0,B01,138Â 292Â 125,1.0
966130,201900007661,9,18,07:25,1,1,2,1.0,3.0,39049,,M,"46,8595850","5,6083570",39,2019,80.0,1.0,1.0,3.0,2159514,2.0,2,4,2,2.0,,0.0,0,2005.0,B01,138Â 292Â 125,1.0,-1.0,-1.0,1648887,1.0,7,,0.0,2.0,7.0,A01,138Â 292Â 124,1.0
966130,201900007661,9,18,07:25,1,1,2,1.0,3.0,39049,,M,"46,8595850","5,6083570",39,2019,80.0,1.0,1.0,3.0,2159514,2.0,2,4,2,2.0,,0.0,0,2005.0,B01,138Â 292Â 125,1.0,-1.0,-1.0,1648888,1.0,7,,0.0,2.0,1.0,B01,138Â 292Â 125,1.0
966130,201900007661,9,18,07:25,1,1,2,1.0,3.0,39049,,M,"46,8595850","5,6083570",39,2019,80.0,1.0,1.0,3.0,2159515,1.0,1,4,2,1.0,,0.0,0,1983.0,B01,138Â 292Â 125,1.0,-1.0,-1.0,1648887,1.0,7,,0.0,2.0,7.0,A01,138Â 292Â 124,1.0
966130,201900007661,9,18,07:25,1,1,2,1.0,3.0,39049,,M,"46,8595850","5,6083570",39,2019,80.0,1.0,1.0,3.0,2159515,1.0,1,4,2,1.0,,0.0,0,1983.0,B01,138Â 292Â 125,1.0,-1.0,-1.0,1648888,1.0,7,,0.0,2.0,1.0,B01,138Â 292Â 125,1.0
966131,201900007662,9,18,17:15,1,2,1,1.0,7.0,38249,Route de la Doux,M,"45,2259560","5,8110310",38,2019,15.0,5.0,1.0,9.0,2159516,1.0,1,3,2,1.0,,0.0,0,1992.0,A01,138Â 292Â 123,0.0,-1.0,-1.0,1648889,3.0,50,,15.0,0.0,0.0,A01,138Â 292Â 123,3.0
966132,201900007663,9,18,18:40,1,2,9,7.0,2.0,02215,12 Rue de Craonne,M,"49,4617180","3,8189900",2,2019,50.0,1.0,1.0,3.0,2159517,1.0,1,1,1,5.0,,0.0,0,1962.0,A01,138Â 292Â 121,1.0,-1.0,-1.0,1648890,1.0,7,,0.0,2.0,2.0,A01,138Â 292Â 121,1.0
966132,201900007663,9,18,18:40,1,2,9,7.0,2.0,02215,12 Rue de Craonne,M,"49,4617180","3,8189900",2,2019,50.0,1.0,1.0,3.0,2159517,1.0,1,1,1,5.0,,0.0,0,1962.0,A01,138Â 292Â 121,1.0,-1.0,-1.0,1648891,1.0,1,,0.0,2.0,4.0,B01,138Â 292Â 122,5.0
966132,201900007663,9,18,18:40,1,2,9,7.0,2.0,02215,12 Rue de Craonne,M,"49,4617180","3,8189900",2,2019,50.0,1.0,1.0,3.0,2159518,1.0,1,2,2,0.0,,0.0,0,1949.0,B01,138Â 292Â 122,0.0,-1.0,-1.0,1648890,1.0,7,,0.0,2.0,2.0,A01,138Â 292Â 121,1.0
966132,201900007663,9,18,18:40,1,2,9,7.0,2.0,02215,12 Rue de Craonne,M,"49,4617180","3,8189900",2,2019,50.0,1.0,1.0,3.0,2159518,1.0,1,2,2,0.0,,0.0,0,1949.0,B01,138Â 292Â 122,0.0,-1.0,-1.0,1648891,1.0,1,,0.0,2.0,4.0,B01,138Â 292Â 122,5.0