Unnamed: 0_x,num_acc,mois,jour,hrmn,lum,agg,int,atm,col,com,adr,gps,lat,long,dep,annee,vma,situ,surf,catr,Unnamed: 0_y,place,catu,grav,sexe,trajet,secu,locp,actp,an_nais,num_veh_x,id_vehicule_x,secu1,secu2,secu3,Unnamed: 0,senc,catv,occutc,obs,obsm,choc,num_veh_y,id_vehicule_y,motor
966133,201900007664,9,18,11:10,1,1,1,1.0,7.0,70038,"route communale 202 , 1km  700m aprÃ¨s sortie AUTHOISON direction RN57",M,"47,4951729","6,1208163",70,2019,50.0,3.0,9.0,4.0,2159519,1.0,1,2,2,3.0,,0.0,0,1939.0,A01,138Â 292Â 120,1.0,-1.0,-1.0,1648892,3.0,7,,2.0,0.0,8.0,A01,138Â 292Â 120,1.0
966134,201900007665,9,18,05:00,5,2,4,1.0,6.0,26113,Route du Col du Rousset,M,"44,7608730","5,3601200",26,2019,50.0,4.0,1.0,3.0,2159520,1.0,1,4,1,5.0,,0.0,0,1991.0,A01,138Â 292Â 119,1.0,-1.0,-1.0,1648893,2.0,7,,6.0,0.0,2.0,A01,138Â 292Â 119,6.0
966135,201900007666,9,18,17:50,1,1,1,1.0,1.0,72253,D 23,M,"47,9189940","0,0794150",72,2019,80.0,1.0,1.0,3.0,2159521,1.0,1,4,1,0.0,,0.0,0,1991.0,A01,138Â 292Â 117,1.0,-1.0,-1.0,1648894,1.0,7,,13.0,2.0,2.0,A01,138Â 292Â 117,0.0
966135,201900007666,9,18,17:50,1,1,1,1.0,1.0,72253,D 23,M,"47,9189940","0,0794150",72,2019,80.0,1.0,1.0,3.0,2159521,1.0,1,4,1,0.0,,0.0,0,1991.0,A01,138Â 292Â 117,1.0,-1.0,-1.0,1648895,2.0,33,,0.0,2.0,1.0,B01,138Â 292Â 118,0.0
966135,201900007666,9,18,17:50,1,1,1,1.0,1.0,72253,D 23,M,"47,9189940","0,0794150",72,2019,80.0,1.0,1.0,3.0,2159522,2.0,2,3,2,0.0,,0.0,0,1969.0,B01,138Â 292Â 118,2.0,-1.0,-1.0,1648894,1.0,7,,13.0,2.0,2.0,A01,138Â 292Â 117,0.0
966135,201900007666,9,18,17:50,1,1,1,1.0,1.0,72253,D 23,M,"47,9189940","0,0794150",72,2019,80.0,1.0,1.0,3.0,2159522,2.0,2,3,2,0.0,,0.0,0,1969.0,B01,138Â 292Â 118,2.0,-1.0,-1.0,1648895,2.0,33,,0.0,2.0,1.0,B01,138Â 292Â 118,0.0
966135,201900007666,9,18,17:50,1,1,1,1.0,1.0,72253,D 23,M,"47,9189940","0,0794150",72,2019,80.0,1.0,1.0,3.0,2159523,1.0,1,3,1,5.0,,0.0,0,1969.0,B01,138Â 292Â 118,2.0,-1.0,-1.0,1648894,1.0,7,,13.0,2.0,2.0,A01,138Â 292Â 117,0.0
966135,201900007666,9,18,17:50,1,1,1,1.0,1.0,72253,D 23,M,"47,9189940","0,0794150",72,2019,80.0,1.0,1.0,3.0,2159523,1.0,1,3,1,5.0,,0.0,0,1969.0,B01,138Â 292Â 118,2.0,-1.0,-1.0,1648895,2.0,33,,0.0,2.0,1.0,B01,138Â 292Â 118,0.0
966136,201900007667,9,17,18:10,2,1,1,1.0,6.0,72168,La Promenade,M,"48,0208510"," -0,1490240",72,2019,80.0,1.0,1.0,3.0,2159524,1.0,1,3,1,4.0,,0.0,0,1962.0,A01,138Â 292Â 114,1.0,-1.0,-1.0,1648896,1.0,17,,0.0,2.0,7.0,A01,138Â 292Â 114,1.0
966136,201900007667,9,17,18:10,2,1,1,1.0,6.0,72168,La Promenade,M,"48,0208510"," -0,1490240",72,2019,80.0,1.0,1.0,3.0,2159524,1.0,1,3,1,4.0,,0.0,0,1962.0,A01,138Â 292Â 114,1.0,-1.0,-1.0,1648897,1.0,15,,0.0,2.0,9.0,B01,138Â 292Â 115,0.0
966136,201900007667,9,17,18:10,2,1,1,1.0,6.0,72168,La Promenade,M,"48,0208510"," -0,1490240",72,2019,80.0,1.0,1.0,3.0,2159524,1.0,1,3,1,4.0,,0.0,0,1962.0,A01,138Â 292Â 114,1.0,-1.0,-1.0,1648898,1.0,21,,0.0,0.0,8.0,C01,138Â 292Â 116,1.0
966136,201900007667,9,17,18:10,2,1,1,1.0,6.0,72168,La Promenade,M,"48,0208510"," -0,1490240",72,2019,80.0,1.0,1.0,3.0,2159525,1.0,1,1,1,-1.0,,-1.0, -1,1977.0,B01,138Â 292Â 115,1.0,-1.0,-1.0,1648896,1.0,17,,0.0,2.0,7.0,A01,138Â 292Â 114,1.0
966136,201900007667,9,17,18:10,2,1,1,1.0,6.0,72168,La Promenade,M,"48,0208510"," -0,1490240",72,2019,80.0,1.0,1.0,3.0,2159525,1.0,1,1,1,-1.0,,-1.0, -1,1977.0,B01,138Â 292Â 115,1.0,-1.0,-1.0,1648897,1.0,15,,0.0,2.0,9.0,B01,138Â 292Â 115,0.0
966136,201900007667,9,17,18:10,2,1,1,1.0,6.0,72168,La Promenade,M,"48,0208510"," -0,1490240",72,2019,80.0,1.0,1.0,3.0,2159525,1.0,1,1,1,-1.0,,-1.0, -1,1977.0,B01,138Â 292Â 115,1.0,-1.0,-1.0,1648898,1.0,21,,0.0,0.0,8.0,C01,138Â 292Â 116,1.0
966136,201900007667,9,17,18:10,2,1,1,1.0,6.0,72168,La Promenade,M,"48,0208510"," -0,1490240",72,2019,80.0,1.0,1.0,3.0,2159526,1.0,1,4,1,4.0,,0.0,0,1990.0,C01,138Â 292Â 116,0.0,-1.0,-1.0,1648896,1.0,17,,0.0,2.0,7.0,A01,138Â 292Â 114,1.0
966136,201900007667,9,17,18:10,2,1,1,1.0,6.0,72168,La Promenade,M,"48,0208510"," -0,1490240",72,2019,80.0,1.0,1.0,3.0,2159526,1.0,1,4,1,4.0,,0.0,0,1990.0,C01,138Â 292Â 116,0.0,-1.0,-1.0,1648897,1.0,15,,0.0,2.0,9.0,B01,138Â 292Â 115,0.0
966136,201900007667,9,17,18:10,2,1,1,1.0,6.0,72168,La Promenade,M,"48,0208510"," -0,1490240",72,2019,80.0,1.0,1.0,3.0,2159526,1.0,1,4,1,4.0,,0.0,0,1990.0,C01,138Â 292Â 116,0.0,-1.0,-1.0,1648898,1.0,21,,0.0,0.0,8.0,C01,138Â 292Â 116,1.0
966137,201900007668,9,14,19:30,2,1,1,1.0,7.0,06016,D28,M,"44,0928320","6,9931770",6,2019,90.0,1.0,1.0,3.0,2159527,1.0,1,3,1,5.0,,0.0,0,1988.0,A01,138Â 292Â 113,1.0,-1.0,-1.0,1648899,2.0,7,,6.0,0.0,1.0,A01,138Â 292Â 113,1.0
966137,201900007668,9,14,19:30,2,1,1,1.0,7.0,06016,D28,M,"44,0928320","6,9931770",6,2019,90.0,1.0,1.0,3.0,2159528,2.0,2,4,1,5.0,,0.0,0,1979.0,A01,138Â 292Â 113,0.0,-1.0,-1.0,1648899,2.0,7,,6.0,0.0,1.0,A01,138Â 292Â 113,1.0
966138,201900007669,9,17,12:50,1,2,3,1.0,3.0,60318,25 Grande Rue,M,"49,3454380","2,6421950",60,2019,50.0,1.0,1.0,3.0,2159529,1.0,1,1,1,1.0,,0.0,0,1988.0,A01,138Â 292Â 111,1.0,-1.0,-1.0,1648900,0.0,7,,0.0,2.0,2.0,A01,138Â 292Â 111,1.0
966138,201900007669,9,17,12:50,1,2,3,1.0,3.0,60318,25 Grande Rue,M,"49,3454380","2,6421950",60,2019,50.0,1.0,1.0,3.0,2159529,1.0,1,1,1,1.0,,0.0,0,1988.0,A01,138Â 292Â 111,1.0,-1.0,-1.0,1648901,0.0,7,,0.0,2.0,3.0,B01,138Â 292Â 112,1.0
966138,201900007669,9,17,12:50,1,2,3,1.0,3.0,60318,25 Grande Rue,M,"49,3454380","2,6421950",60,2019,50.0,1.0,1.0,3.0,2159530,1.0,1,4,2,5.0,,0.0,0,1945.0,B01,138Â 292Â 112,1.0,-1.0,-1.0,1648900,0.0,7,,0.0,2.0,2.0,A01,138Â 292Â 111,1.0
966138,201900007669,9,17,12:50,1,2,3,1.0,3.0,60318,25 Grande Rue,M,"49,3454380","2,6421950",60,2019,50.0,1.0,1.0,3.0,2159530,1.0,1,4,2,5.0,,0.0,0,1945.0,B01,138Â 292Â 112,1.0,-1.0,-1.0,1648901,0.0,7,,0.0,2.0,3.0,B01,138Â 292Â 112,1.0
966139,201900007670,9,18,18:15,1,2,1,1.0,7.0,64133,Rue du Bois,M,"43,2250943"," -0,2548725",64,2019,70.0,4.0,1.0,3.0,2159531,1.0,1,3,1,5.0,,0.0,0,1962.0,A01,138Â 292Â 110,2.0,6.0,-1.0,1648902,1.0,33,,8.0,0.0,7.0,A01,138Â 292Â 110,0.0
966140,201900007671,9,17,17:41,1,1,2,1.0,7.0,28426,D132,M,"48,2312400","1,7445990",28,2019,80.0,1.0,1.0,3.0,2159532,1.0,1,3,1,1.0,,0.0,0,2002.0,A01,138Â 292Â 109,2.0,6.0,9.0,1648903,1.0,31,,0.0,0.0,9.0,A01,138Â 292Â 109,1.0
966141,201900007672,9,15,04:45,3,1,1,1.0,7.0,37015,01 chemin de la dauvernerie,M,"47,3168337","0,8591957",37,2019,80.0,1.0,1.0,4.0,2159533,1.0,1,4,1,9.0,,0.0,0,1990.0,A01,138Â 292Â 108,1.0,-1.0,-1.0,1648904,3.0,7,,0.0,0.0,9.0,A01,138Â 292Â 108,1.0
966142,201900007673,9,18,07:28,1,1,4,1.0,3.0,37018,115 Route des VallÃ©es,M,"47,3670770","0,6382930",37,2019,50.0,1.0,1.0,3.0,2159534,1.0,1,3,1,1.0,,0.0,0,1989.0,C01,138Â 292Â 106,2.0,6.0,-1.0,1648905,2.0,33,,0.0,2.0,3.0,C01,138Â 292Â 106,1.0
966142,201900007673,9,18,07:28,1,1,4,1.0,3.0,37018,115 Route des VallÃ©es,M,"47,3670770","0,6382930",37,2019,50.0,1.0,1.0,3.0,2159534,1.0,1,3,1,1.0,,0.0,0,1989.0,C01,138Â 292Â 106,2.0,6.0,-1.0,1648906,1.0,10,,0.0,2.0,6.0,A01,138Â 292Â 107,1.0
966143,201900007674,9,18,14:20,1,1,1,1.0,1.0,49109,RD 960,M,"47,1293560"," -0,6219310",49,2019,80.0,1.0,1.0,3.0,2159535,1.0,1,1,1,4.0,,0.0,0,1975.0,B01,138Â 292Â 104,1.0,-1.0,-1.0,1648907,2.0,15,,0.0,2.0,3.0,B01,138Â 292Â 104,1.0
966143,201900007674,9,18,14:20,1,1,1,1.0,1.0,49109,RD 960,M,"47,1293560"," -0,6219310",49,2019,80.0,1.0,1.0,3.0,2159535,1.0,1,1,1,4.0,,0.0,0,1975.0,B01,138Â 292Â 104,1.0,-1.0,-1.0,1648908,1.0,10,,0.0,2.0,3.0,A01,138Â 292Â 105,1.0
966143,201900007674,9,18,14:20,1,1,1,1.0,1.0,49109,RD 960,M,"47,1293560"," -0,6219310",49,2019,80.0,1.0,1.0,3.0,2159536,2.0,2,4,2,5.0,,0.0,0,1952.0,A01,138Â 292Â 105,1.0,-1.0,-1.0,1648907,2.0,15,,0.0,2.0,3.0,B01,138Â 292Â 104,1.0
966143,201900007674,9,18,14:20,1,1,1,1.0,1.0,49109,RD 960,M,"47,1293560"," -0,6219310",49,2019,80.0,1.0,1.0,3.0,2159536,2.0,2,4,2,5.0,,0.0,0,1952.0,A01,138Â 292Â 105,1.0,-1.0,-1.0,1648908,1.0,10,,0.0,2.0,3.0,A01,138Â 292Â 105,1.0
966143,201900007674,9,18,14:20,1,1,1,1.0,1.0,49109,RD 960,M,"47,1293560"," -0,6219310",49,2019,80.0,1.0,1.0,3.0,2159537,1.0,1,3,1,5.0,,0.0,0,1954.0,A01,138Â 292Â 105,1.0,-1.0,-1.0,1648907,2.0,15,,0.0,2.0,3.0,B01,138Â 292Â 104,1.0
966143,201900007674,9,18,14:20,1,1,1,1.0,1.0,49109,RD 960,M,"47,1293560"," -0,6219310",49,2019,80.0,1.0,1.0,3.0,2159537,1.0,1,3,1,5.0,,0.0,0,1954.0,A01,138Â 292Â 105,1.0,-1.0,-1.0,1648908,1.0,10,,0.0,2.0,3.0,A01,138Â 292Â 105,1.0
966144,201900007675,9,17,20:13,5,2,9,1.0,3.0,69244,Avenue de la RÃ©publique,M,"45,7639000","4,7795400",69,2019,50.0,1.0,1.0,4.0,2159538,10.0,3,1,2,5.0,,5.0,2,1991.0,B01,138Â 292Â 102,0.0,-1.0,-1.0,1648909,3.0,2,,0.0,2.0,0.0,B01,138Â 292Â 102,0.0
966144,201900007675,9,17,20:13,5,2,9,1.0,3.0,69244,Avenue de la RÃ©publique,M,"45,7639000","4,7795400",69,2019,50.0,1.0,1.0,4.0,2159538,10.0,3,1,2,5.0,,5.0,2,1991.0,B01,138Â 292Â 102,0.0,-1.0,-1.0,1648910,3.0,7,,0.0,0.0,7.0,A01,138Â 292Â 103,0.0
966144,201900007675,9,17,20:13,5,2,9,1.0,3.0,69244,Avenue de la RÃ©publique,M,"45,7639000","4,7795400",69,2019,50.0,1.0,1.0,4.0,2159539,1.0,1,4,2,1.0,,0.0,0,1982.0,B01,138Â 292Â 102,2.0,6.0,-1.0,1648909,3.0,2,,0.0,2.0,0.0,B01,138Â 292Â 102,0.0
966144,201900007675,9,17,20:13,5,2,9,1.0,3.0,69244,Avenue de la RÃ©publique,M,"45,7639000","4,7795400",69,2019,50.0,1.0,1.0,4.0,2159539,1.0,1,4,2,1.0,,0.0,0,1982.0,B01,138Â 292Â 102,2.0,6.0,-1.0,1648910,3.0,7,,0.0,0.0,7.0,A01,138Â 292Â 103,0.0
966144,201900007675,9,17,20:13,5,2,9,1.0,3.0,69244,Avenue de la RÃ©publique,M,"45,7639000","4,7795400",69,2019,50.0,1.0,1.0,4.0,2159540,1.0,1,1,1,4.0,,0.0,0,1962.0,A01,138Â 292Â 103,1.0,-1.0,-1.0,1648909,3.0,2,,0.0,2.0,0.0,B01,138Â 292Â 102,0.0
966144,201900007675,9,17,20:13,5,2,9,1.0,3.0,69244,Avenue de la RÃ©publique,M,"45,7639000","4,7795400",69,2019,50.0,1.0,1.0,4.0,2159540,1.0,1,1,1,4.0,,0.0,0,1962.0,A01,138Â 292Â 103,1.0,-1.0,-1.0,1648910,3.0,7,,0.0,0.0,7.0,A01,138Â 292Â 103,0.0
966145,201900007676,9,17,19:40,3,1,1,1.0,6.0,97311,Avenue Jean Galmot,M,"5,5557445"," -53,9301870",973,2019,90.0,1.0,1.0,3.0,2159541,10.0,3,4,1,5.0,,6.0,1,1980.0,A01,138Â 292Â 099,0.0,-1.0,-1.0,1648911,2.0,7,,0.0,1.0,2.0,A01,138Â 292Â 099,1.0
966145,201900007676,9,17,19:40,3,1,1,1.0,6.0,97311,Avenue Jean Galmot,M,"5,5557445"," -53,9301870",973,2019,90.0,1.0,1.0,3.0,2159542,1.0,1,1,1,5.0,,0.0,0,1988.0,A01,138Â 292Â 099,1.0,-1.0,-1.0,1648911,2.0,7,,0.0,1.0,2.0,A01,138Â 292Â 099,1.0
966146,201900007677,9,18,16:35,1,1,1,1.0,6.0,77415,D603,M,"48,9593500","3,0000200",77,2019,70.0,3.0,1.0,3.0,2159543,1.0,1,3,1,0.0,,0.0,0,1996.0,A01,138Â 292Â 098,2.0,6.0,9.0,1648912,2.0,31,,3.0,0.0,1.0,A01,138Â 292Â 098,1.0
966147,201900007678,9,4,19:15,1,2,3,1.0,2.0,91249,D988 - lieu dit malassis,M,"48,6289450","2,0461780",91,2019,50.0,1.0,1.0,3.0,2159544,1.0,1,1,1,1.0,,0.0,0,1963.0,A01,138Â 292Â 096,2.0,6.0,-1.0,1648913,1.0,34,,0.0,2.0,1.0,A01,138Â 292Â 096,1.0
966147,201900007678,9,4,19:15,1,2,3,1.0,2.0,91249,D988 - lieu dit malassis,M,"48,6289450","2,0461780",91,2019,50.0,1.0,1.0,3.0,2159544,1.0,1,1,1,1.0,,0.0,0,1963.0,A01,138Â 292Â 096,2.0,6.0,-1.0,1648914,3.0,30,,0.0,0.0,4.0,B01,138Â 292Â 097,1.0
966147,201900007678,9,4,19:15,1,2,3,1.0,2.0,91249,D988 - lieu dit malassis,M,"48,6289450","2,0461780",91,2019,50.0,1.0,1.0,3.0,2159545,1.0,1,3,2,1.0,,0.0,0,1982.0,B01,138Â 292Â 097,2.0,6.0,-1.0,1648913,1.0,34,,0.0,2.0,1.0,A01,138Â 292Â 096,1.0
966147,201900007678,9,4,19:15,1,2,3,1.0,2.0,91249,D988 - lieu dit malassis,M,"48,6289450","2,0461780",91,2019,50.0,1.0,1.0,3.0,2159545,1.0,1,3,2,1.0,,0.0,0,1982.0,B01,138Â 292Â 097,2.0,6.0,-1.0,1648914,3.0,30,,0.0,0.0,4.0,B01,138Â 292Â 097,1.0
966148,201900007679,9,17,18:00,1,1,3,1.0,1.0,06092,D21,M,"43,7664150","7,3365770",6,2019,70.0,1.0,1.0,3.0,2159546,1.0,1,1,2,0.0,,0.0,0,1991.0,A01,138Â 292Â 094,1.0,-1.0,-1.0,1648915,1.0,7,,0.0,2.0,2.0,A01,138Â 292Â 094,1.0
966148,201900007679,9,17,18:00,1,1,3,1.0,1.0,06092,D21,M,"43,7664150","7,3365770",6,2019,70.0,1.0,1.0,3.0,2159546,1.0,1,1,2,0.0,,0.0,0,1991.0,A01,138Â 292Â 094,1.0,-1.0,-1.0,1648916,2.0,2,,0.0,2.0,3.0,B01,138Â 292Â 095,1.0
966148,201900007679,9,17,18:00,1,1,3,1.0,1.0,06092,D21,M,"43,7664150","7,3365770",6,2019,70.0,1.0,1.0,3.0,2159547,1.0,1,4,1,0.0,,0.0,0,1993.0,B01,138Â 292Â 095,2.0,-1.0,-1.0,1648915,1.0,7,,0.0,2.0,2.0,A01,138Â 292Â 094,1.0
966148,201900007679,9,17,18:00,1,1,3,1.0,1.0,06092,D21,M,"43,7664150","7,3365770",6,2019,70.0,1.0,1.0,3.0,2159547,1.0,1,4,1,0.0,,0.0,0,1993.0,B01,138Â 292Â 095,2.0,-1.0,-1.0,1648916,2.0,2,,0.0,2.0,3.0,B01,138Â 292Â 095,1.0
966149,201900007680,9,18,07:15,2,1,1,1.0,1.0,89438,D965,M,"47,8082694","3,6765306",89,2019,80.0,1.0,1.0,3.0,2159548,1.0,1,4,2,0.0,,0.0,0,1998.0,A01,138Â 292Â 092,1.0,-1.0,-1.0,1648917,1.0,7,,0.0,2.0,1.0,A01,138Â 292Â 092,1.0
966149,201900007680,9,18,07:15,2,1,1,1.0,1.0,89438,D965,M,"47,8082694","3,6765306",89,2019,80.0,1.0,1.0,3.0,2159548,1.0,1,4,2,0.0,,0.0,0,1998.0,A01,138Â 292Â 092,1.0,-1.0,-1.0,1648918,2.0,7,,0.0,2.0,1.0,B01,138Â 292Â 093,1.0
966149,201900007680,9,18,07:15,2,1,1,1.0,1.0,89438,D965,M,"47,8082694","3,6765306",89,2019,80.0,1.0,1.0,3.0,2159549,2.0,2,4,1,0.0,,0.0,0,1989.0,B01,138Â 292Â 093,1.0,-1.0,-1.0,1648917,1.0,7,,0.0,2.0,1.0,A01,138Â 292Â 092,1.0
966149,201900007680,9,18,07:15,2,1,1,1.0,1.0,89438,D965,M,"47,8082694","3,6765306",89,2019,80.0,1.0,1.0,3.0,2159549,2.0,2,4,1,0.0,,0.0,0,1989.0,B01,138Â 292Â 093,1.0,-1.0,-1.0,1648918,2.0,7,,0.0,2.0,1.0,B01,138Â 292Â 093,1.0
966149,201900007680,9,18,07:15,2,1,1,1.0,1.0,89438,D965,M,"47,8082694","3,6765306",89,2019,80.0,1.0,1.0,3.0,2159550,1.0,1,4,2,0.0,,0.0,0,1964.0,B01,138Â 292Â 093,1.0,-1.0,-1.0,1648917,1.0,7,,0.0,2.0,1.0,A01,138Â 292Â 092,1.0
966149,201900007680,9,18,07:15,2,1,1,1.0,1.0,89438,D965,M,"47,8082694","3,6765306",89,2019,80.0,1.0,1.0,3.0,2159550,1.0,1,4,2,0.0,,0.0,0,1964.0,B01,138Â 292Â 093,1.0,-1.0,-1.0,1648918,2.0,7,,0.0,2.0,1.0,B01,138Â 292Â 093,1.0
966150,201900007681,9,17,22:45,3,1,1,1.0,2.0,71588,RN 79 PK 5+300,M,"46,4665440","4,0513210",71,2019,110.0,2.0,1.0,2.0,2159551,2.0,2,3,2,9.0,,0.0,0,1996.0,B01,138Â 292Â 090,1.0,-1.0,-1.0,1648919,2.0,7,,0.0,0.0,6.0,B01,138Â 292Â 090,1.0
966150,201900007681,9,17,22:45,3,1,1,1.0,2.0,71588,RN 79 PK 5+300,M,"46,4665440","4,0513210",71,2019,110.0,2.0,1.0,2.0,2159551,2.0,2,3,2,9.0,,0.0,0,1996.0,B01,138Â 292Â 090,1.0,-1.0,-1.0,1648920,1.0,13,,1.0,0.0,2.0,A01,138Â 292Â 091,1.0
966150,201900007681,9,17,22:45,3,1,1,1.0,2.0,71588,RN 79 PK 5+300,M,"46,4665440","4,0513210",71,2019,110.0,2.0,1.0,2.0,2159552,1.0,1,3,1,9.0,,0.0,0,1990.0,B01,138Â 292Â 090,1.0,-1.0,-1.0,1648919,2.0,7,,0.0,0.0,6.0,B01,138Â 292Â 090,1.0
966150,201900007681,9,17,22:45,3,1,1,1.0,2.0,71588,RN 79 PK 5+300,M,"46,4665440","4,0513210",71,2019,110.0,2.0,1.0,2.0,2159552,1.0,1,3,1,9.0,,0.0,0,1990.0,B01,138Â 292Â 090,1.0,-1.0,-1.0,1648920,1.0,13,,1.0,0.0,2.0,A01,138Â 292Â 091,1.0
966150,201900007681,9,17,22:45,3,1,1,1.0,2.0,71588,RN 79 PK 5+300,M,"46,4665440","4,0513210",71,2019,110.0,2.0,1.0,2.0,2159553,1.0,1,1,1,4.0,,0.0,0,1956.0,A01,138Â 292Â 091,8.0,-1.0,-1.0,1648919,2.0,7,,0.0,0.0,6.0,B01,138Â 292Â 090,1.0
966150,201900007681,9,17,22:45,3,1,1,1.0,2.0,71588,RN 79 PK 5+300,M,"46,4665440","4,0513210",71,2019,110.0,2.0,1.0,2.0,2159553,1.0,1,1,1,4.0,,0.0,0,1956.0,A01,138Â 292Â 091,8.0,-1.0,-1.0,1648920,1.0,13,,1.0,0.0,2.0,A01,138Â 292Â 091,1.0
966151,201900007682,9,18,07:20,2,1,1,1.0,6.0,03253,,M,"46,4816759","3,6521868",3,2019,80.0,1.0,1.0,3.0,2159554,1.0,1,4,1,1.0,,0.0,0,1988.0,A01,138Â 292Â 089,2.0,6.0,9.0,1648921,2.0,31,,0.0,6.0,1.0,A01,138Â 292Â 089,1.0
966152,201900007683,9,17,17:15,1,2,6,1.0,3.0,42211,Rue de la Becque,M,"45,5293780","4,2335760",42,2019,50.0,1.0,1.0,3.0,2159555,1.0,1,1,2,0.0,,0.0,0,1985.0,A01,138Â 292Â 087,1.0,-1.0,-1.0,1648922,1.0,7,,0.0,9.0,3.0,A01,138Â 292Â 087,1.0
966152,201900007683,9,17,17:15,1,2,6,1.0,3.0,42211,Rue de la Becque,M,"45,5293780","4,2335760",42,2019,50.0,1.0,1.0,3.0,2159555,1.0,1,1,2,0.0,,0.0,0,1985.0,A01,138Â 292Â 087,1.0,-1.0,-1.0,1648923,2.0,2,,0.0,2.0,1.0,B01,138Â 292Â 088,1.0
966152,201900007683,9,17,17:15,1,2,6,1.0,3.0,42211,Rue de la Becque,M,"45,5293780","4,2335760",42,2019,50.0,1.0,1.0,3.0,2159556,1.0,1,4,1,0.0,,0.0,0,2004.0,B01,138Â 292Â 088,2.0,-1.0,-1.0,1648922,1.0,7,,0.0,9.0,3.0,A01,138Â 292Â 087,1.0
966152,201900007683,9,17,17:15,1,2,6,1.0,3.0,42211,Rue de la Becque,M,"45,5293780","4,2335760",42,2019,50.0,1.0,1.0,3.0,2159556,1.0,1,4,1,0.0,,0.0,0,2004.0,B01,138Â 292Â 088,2.0,-1.0,-1.0,1648923,2.0,2,,0.0,2.0,1.0,B01,138Â 292Â 088,1.0
966153,201900007684,9,18,09:00,1,2,1,1.0,3.0,17421,RD 1,M,"45,6788590"," -0,9309810",17,2019,50.0,1.0,1.0,3.0,2159557,1.0,1,4,2,5.0,,0.0,0,1949.0,A01,138Â 292Â 085,0.0,-1.0,-1.0,1648924,1.0,1,,0.0,2.0,8.0,A01,138Â 292Â 085,5.0
966153,201900007684,9,18,09:00,1,2,1,1.0,3.0,17421,RD 1,M,"45,6788590"," -0,9309810",17,2019,50.0,1.0,1.0,3.0,2159557,1.0,1,4,2,5.0,,0.0,0,1949.0,A01,138Â 292Â 085,0.0,-1.0,-1.0,1648925,1.0,7,,0.0,2.0,2.0,B01,138Â 292Â 086,1.0
966153,201900007684,9,18,09:00,1,2,1,1.0,3.0,17421,RD 1,M,"45,6788590"," -0,9309810",17,2019,50.0,1.0,1.0,3.0,2159558,1.0,1,1,1,5.0,,0.0,0,1933.0,B01,138Â 292Â 086,1.0,-1.0,-1.0,1648924,1.0,1,,0.0,2.0,8.0,A01,138Â 292Â 085,5.0
966153,201900007684,9,18,09:00,1,2,1,1.0,3.0,17421,RD 1,M,"45,6788590"," -0,9309810",17,2019,50.0,1.0,1.0,3.0,2159558,1.0,1,1,1,5.0,,0.0,0,1933.0,B01,138Â 292Â 086,1.0,-1.0,-1.0,1648925,1.0,7,,0.0,2.0,2.0,B01,138Â 292Â 086,1.0
966154,201900007685,9,17,15:00,1,1,1,1.0,3.0,17121,13 Route d'Ars,M,"46,2019250"," -1,4490580",17,2019,80.0,1.0,1.0,3.0,2159559,2.0,2,3,2,5.0,,0.0,0,1947.0,B01,138Â 292Â 083,2.0,-1.0,-1.0,1648926,1.0,34,,0.0,2.0,1.0,B01,138Â 292Â 083,1.0
966154,201900007685,9,17,15:00,1,1,1,1.0,3.0,17121,13 Route d'Ars,M,"46,2019250"," -1,4490580",17,2019,80.0,1.0,1.0,3.0,2159559,2.0,2,3,2,5.0,,0.0,0,1947.0,B01,138Â 292Â 083,2.0,-1.0,-1.0,1648927,1.0,7,,0.0,2.0,3.0,A01,138Â 292Â 084,1.0
966154,201900007685,9,17,15:00,1,1,1,1.0,3.0,17121,13 Route d'Ars,M,"46,2019250"," -1,4490580",17,2019,80.0,1.0,1.0,3.0,2159560,1.0,1,4,1,5.0,,0.0,0,1947.0,B01,138Â 292Â 083,2.0,-1.0,-1.0,1648926,1.0,34,,0.0,2.0,1.0,B01,138Â 292Â 083,1.0
966154,201900007685,9,17,15:00,1,1,1,1.0,3.0,17121,13 Route d'Ars,M,"46,2019250"," -1,4490580",17,2019,80.0,1.0,1.0,3.0,2159560,1.0,1,4,1,5.0,,0.0,0,1947.0,B01,138Â 292Â 083,2.0,-1.0,-1.0,1648927,1.0,7,,0.0,2.0,3.0,A01,138Â 292Â 084,1.0
966154,201900007685,9,17,15:00,1,1,1,1.0,3.0,17121,13 Route d'Ars,M,"46,2019250"," -1,4490580",17,2019,80.0,1.0,1.0,3.0,2159561,1.0,1,1,2,5.0,,0.0,0,1995.0,A01,138Â 292Â 084,1.0,-1.0,-1.0,1648926,1.0,34,,0.0,2.0,1.0,B01,138Â 292Â 083,1.0
966154,201900007685,9,17,15:00,1,1,1,1.0,3.0,17121,13 Route d'Ars,M,"46,2019250"," -1,4490580",17,2019,80.0,1.0,1.0,3.0,2159561,1.0,1,1,2,5.0,,0.0,0,1995.0,A01,138Â 292Â 084,1.0,-1.0,-1.0,1648927,1.0,7,,0.0,2.0,3.0,A01,138Â 292Â 084,1.0
966155,201900007686,9,18,11:35,1,2,2,1.0,3.0,59398,rue nationale,M,"50,5109210","3,1217770",59,2019,70.0,1.0,1.0,3.0,2159562,1.0,1,3,1,5.0,,0.0,0,1960.0,B01,138Â 292Â 079,2.0,6.0,9.0,1648928,1.0,33,,0.0,2.0,1.0,B01,138Â 292Â 079,1.0