Unnamed: 0_x,num_acc,mois,jour,hrmn,lum,agg,int,atm,col,com,adr,gps,lat,long,dep,annee,vma,situ,surf,catr,Unnamed: 0_y,place,catu,grav,sexe,trajet,secu,locp,actp,an_nais,num_veh_x,id_vehicule_x,secu1,secu2,secu3,Unnamed: 0,senc,catv,occutc,obs,obsm,choc,num_veh_y,id_vehicule_y,motor
966155,201900007686,9,18,11:35,1,2,2,1.0,3.0,59398,rue nationale,M,"50,5109210","3,1217770",59,2019,70.0,1.0,1.0,3.0,2159562,1.0,1,3,1,5.0,,0.0,0,1960.0,B01,138Â 292Â 079,2.0,6.0,9.0,1648929,1.0,7,,0.0,2.0,6.0,A01,138Â 292Â 080,1.0
966155,201900007686,9,18,11:35,1,2,2,1.0,3.0,59398,rue nationale,M,"50,5109210","3,1217770",59,2019,70.0,1.0,1.0,3.0,2159563,1.0,1,1,1,5.0,,0.0,0,1956.0,A01,138Â 292Â 080,1.0,-1.0,-1.0,1648928,1.0,33,,0.0,2.0,1.0,B01,138Â 292Â 079,1.0
966155,201900007686,9,18,11:35,1,2,2,1.0,3.0,59398,rue nationale,M,"50,5109210","3,1217770",59,2019,70.0,1.0,1.0,3.0,2159563,1.0,1,1,1,5.0,,0.0,0,1956.0,A01,138Â 292Â 080,1.0,-1.0,-1.0,1648929,1.0,7,,0.0,2.0,6.0,A01,138Â 292Â 080,1.0
966156,201900007687,9,18,08:25,1,2,1,1.0,3.0,59034,D549,M,"50,5419470","3,0690340",59,2019,50.0,1.0,1.0,3.0,2159564,1.0,1,1,2,1.0,,0.0,0,1988.0,A01,138Â 292Â 077,1.0,-1.0,-1.0,1648930,2.0,7,,0.0,2.0,3.0,A01,138Â 292Â 077,1.0
966156,201900007687,9,18,08:25,1,2,1,1.0,3.0,59034,D549,M,"50,5419470","3,0690340",59,2019,50.0,1.0,1.0,3.0,2159564,1.0,1,1,2,1.0,,0.0,0,1988.0,A01,138Â 292Â 077,1.0,-1.0,-1.0,1648931,1.0,31,,0.0,2.0,7.0,B01,138Â 292Â 078,1.0
966156,201900007687,9,18,08:25,1,2,1,1.0,3.0,59034,D549,M,"50,5419470","3,0690340",59,2019,50.0,1.0,1.0,3.0,2159565,2.0,2,3,1,2.0,,0.0,0,2003.0,B01,138Â 292Â 078,2.0,6.0,9.0,1648930,2.0,7,,0.0,2.0,3.0,A01,138Â 292Â 077,1.0
966156,201900007687,9,18,08:25,1,2,1,1.0,3.0,59034,D549,M,"50,5419470","3,0690340",59,2019,50.0,1.0,1.0,3.0,2159565,2.0,2,3,1,2.0,,0.0,0,2003.0,B01,138Â 292Â 078,2.0,6.0,9.0,1648931,1.0,31,,0.0,2.0,7.0,B01,138Â 292Â 078,1.0
966156,201900007687,9,18,08:25,1,2,1,1.0,3.0,59034,D549,M,"50,5419470","3,0690340",59,2019,50.0,1.0,1.0,3.0,2159566,1.0,1,3,1,1.0,,0.0,0,1968.0,B01,138Â 292Â 078,2.0,6.0,9.0,1648930,2.0,7,,0.0,2.0,3.0,A01,138Â 292Â 077,1.0
966156,201900007687,9,18,08:25,1,2,1,1.0,3.0,59034,D549,M,"50,5419470","3,0690340",59,2019,50.0,1.0,1.0,3.0,2159566,1.0,1,3,1,1.0,,0.0,0,1968.0,B01,138Â 292Â 078,2.0,6.0,9.0,1648931,1.0,31,,0.0,2.0,7.0,B01,138Â 292Â 078,1.0
966157,201900007688,9,17,19:15,1,1,1,1.0,6.0,13070,A50-Sens Aubagne vers Marseille,M,"43,2852260","5,5163400",13,2019,50.0,1.0,1.0,1.0,2159567,6.0,2,4,1,1.0,,-1.0,0,1983.0,A01,138Â 292Â 076,1.0,0.0,-1.0,1648932,2.0,7,,13.0,0.0,1.0,A01,138Â 292Â 076,0.0
966157,201900007688,9,17,19:15,1,1,1,1.0,6.0,13070,A50-Sens Aubagne vers Marseille,M,"43,2852260","5,5163400",13,2019,50.0,1.0,1.0,1.0,2159568,1.0,1,4,1,5.0,,-1.0,0,1973.0,A01,138Â 292Â 076,1.0,0.0,-1.0,1648932,2.0,7,,13.0,0.0,1.0,A01,138Â 292Â 076,0.0
966157,201900007688,9,17,19:15,1,1,1,1.0,6.0,13070,A50-Sens Aubagne vers Marseille,M,"43,2852260","5,5163400",13,2019,50.0,1.0,1.0,1.0,2159569,2.0,2,4,1,1.0,,-1.0,0,1978.0,A01,138Â 292Â 076,1.0,0.0,-1.0,1648932,2.0,7,,13.0,0.0,1.0,A01,138Â 292Â 076,0.0
966157,201900007688,9,17,19:15,1,1,1,1.0,6.0,13070,A50-Sens Aubagne vers Marseille,M,"43,2852260","5,5163400",13,2019,50.0,1.0,1.0,1.0,2159570,2.0,2,1,1,1.0,,-1.0,0,1969.0,A01,138Â 292Â 076,1.0,0.0,-1.0,1648932,2.0,7,,13.0,0.0,1.0,A01,138Â 292Â 076,0.0
966157,201900007688,9,17,19:15,1,1,1,1.0,6.0,13070,A50-Sens Aubagne vers Marseille,M,"43,2852260","5,5163400",13,2019,50.0,1.0,1.0,1.0,2159571,2.0,2,4,1,1.0,,-1.0,0,1961.0,A01,138Â 292Â 076,1.0,0.0,-1.0,1648932,2.0,7,,13.0,0.0,1.0,A01,138Â 292Â 076,0.0
966158,201900007689,9,16,10:13,1,1,1,1.0,4.0,13117,A7-Sens Lyon vers Marseille,M,"43,4547740","5,2365990",13,2019,110.0,1.0,1.0,1.0,2159572,2.0,2,1,2,5.0,,-1.0,0,1972.0,C01,138Â 292Â 072,2.0,6.0,-1.0,1648933,1.0,33,,0.0,2.0,1.0,C01,138Â 292Â 072,1.0
966158,201900007689,9,16,10:13,1,1,1,1.0,4.0,13117,A7-Sens Lyon vers Marseille,M,"43,4547740","5,2365990",13,2019,110.0,1.0,1.0,1.0,2159572,2.0,2,1,2,5.0,,-1.0,0,1972.0,C01,138Â 292Â 072,2.0,6.0,-1.0,1648934,1.0,7,,0.0,2.0,6.0,B01,138Â 292Â 073,1.0
966158,201900007689,9,16,10:13,1,1,1,1.0,4.0,13117,A7-Sens Lyon vers Marseille,M,"43,4547740","5,2365990",13,2019,110.0,1.0,1.0,1.0,2159572,2.0,2,1,2,5.0,,-1.0,0,1972.0,C01,138Â 292Â 072,2.0,6.0,-1.0,1648935,1.0,7,,0.0,2.0,3.0,A01,138Â 292Â 074,1.0
966158,201900007689,9,16,10:13,1,1,1,1.0,4.0,13117,A7-Sens Lyon vers Marseille,M,"43,4547740","5,2365990",13,2019,110.0,1.0,1.0,1.0,2159573,2.0,1,4,1,5.0,,-1.0,0,1976.0,C01,138Â 292Â 072,2.0,6.0,-1.0,1648933,1.0,33,,0.0,2.0,1.0,C01,138Â 292Â 072,1.0
966158,201900007689,9,16,10:13,1,1,1,1.0,4.0,13117,A7-Sens Lyon vers Marseille,M,"43,4547740","5,2365990",13,2019,110.0,1.0,1.0,1.0,2159573,2.0,1,4,1,5.0,,-1.0,0,1976.0,C01,138Â 292Â 072,2.0,6.0,-1.0,1648934,1.0,7,,0.0,2.0,6.0,B01,138Â 292Â 073,1.0
966158,201900007689,9,16,10:13,1,1,1,1.0,4.0,13117,A7-Sens Lyon vers Marseille,M,"43,4547740","5,2365990",13,2019,110.0,1.0,1.0,1.0,2159573,2.0,1,4,1,5.0,,-1.0,0,1976.0,C01,138Â 292Â 072,2.0,6.0,-1.0,1648935,1.0,7,,0.0,2.0,3.0,A01,138Â 292Â 074,1.0
966158,201900007689,9,16,10:13,1,1,1,1.0,4.0,13117,A7-Sens Lyon vers Marseille,M,"43,4547740","5,2365990",13,2019,110.0,1.0,1.0,1.0,2159574,1.0,1,1,2,1.0,,-1.0,0,1980.0,B01,138Â 292Â 073,1.0,8.0,-1.0,1648933,1.0,33,,0.0,2.0,1.0,C01,138Â 292Â 072,1.0
966158,201900007689,9,16,10:13,1,1,1,1.0,4.0,13117,A7-Sens Lyon vers Marseille,M,"43,4547740","5,2365990",13,2019,110.0,1.0,1.0,1.0,2159574,1.0,1,1,2,1.0,,-1.0,0,1980.0,B01,138Â 292Â 073,1.0,8.0,-1.0,1648934,1.0,7,,0.0,2.0,6.0,B01,138Â 292Â 073,1.0
966158,201900007689,9,16,10:13,1,1,1,1.0,4.0,13117,A7-Sens Lyon vers Marseille,M,"43,4547740","5,2365990",13,2019,110.0,1.0,1.0,1.0,2159574,1.0,1,1,2,1.0,,-1.0,0,1980.0,B01,138Â 292Â 073,1.0,8.0,-1.0,1648935,1.0,7,,0.0,2.0,3.0,A01,138Â 292Â 074,1.0
966158,201900007689,9,16,10:13,1,1,1,1.0,4.0,13117,A7-Sens Lyon vers Marseille,M,"43,4547740","5,2365990",13,2019,110.0,1.0,1.0,1.0,2159575,1.0,1,1,2,5.0,,-1.0,0,1985.0,A01,138Â 292Â 074,1.0,8.0,-1.0,1648933,1.0,33,,0.0,2.0,1.0,C01,138Â 292Â 072,1.0
966158,201900007689,9,16,10:13,1,1,1,1.0,4.0,13117,A7-Sens Lyon vers Marseille,M,"43,4547740","5,2365990",13,2019,110.0,1.0,1.0,1.0,2159575,1.0,1,1,2,5.0,,-1.0,0,1985.0,A01,138Â 292Â 074,1.0,8.0,-1.0,1648934,1.0,7,,0.0,2.0,6.0,B01,138Â 292Â 073,1.0
966158,201900007689,9,16,10:13,1,1,1,1.0,4.0,13117,A7-Sens Lyon vers Marseille,M,"43,4547740","5,2365990",13,2019,110.0,1.0,1.0,1.0,2159575,1.0,1,1,2,5.0,,-1.0,0,1985.0,A01,138Â 292Â 074,1.0,8.0,-1.0,1648935,1.0,7,,0.0,2.0,3.0,A01,138Â 292Â 074,1.0
966159,201900007690,9,16,09:00,1,1,1,1.0,4.0,13117,A7-Sens Lyon vers Marseille,M,"43,4784049","5,2389944",13,2019,110.0,1.0,1.0,1.0,2159576,1.0,1,1,1,1.0,,-1.0,0,1980.0,C01,138Â 292Â 069,1.0,8.0,-1.0,1648936,1.0,10,,0.0,2.0,3.0,C01,138Â 292Â 069,1.0
966159,201900007690,9,16,09:00,1,1,1,1.0,4.0,13117,A7-Sens Lyon vers Marseille,M,"43,4784049","5,2389944",13,2019,110.0,1.0,1.0,1.0,2159576,1.0,1,1,1,1.0,,-1.0,0,1980.0,C01,138Â 292Â 069,1.0,8.0,-1.0,1648937,1.0,7,,0.0,2.0,0.0,B01,138Â 292Â 070,1.0
966159,201900007690,9,16,09:00,1,1,1,1.0,4.0,13117,A7-Sens Lyon vers Marseille,M,"43,4784049","5,2389944",13,2019,110.0,1.0,1.0,1.0,2159576,1.0,1,1,1,1.0,,-1.0,0,1980.0,C01,138Â 292Â 069,1.0,8.0,-1.0,1648938,1.0,7,,0.0,2.0,4.0,A01,138Â 292Â 071,1.0
966159,201900007690,9,16,09:00,1,1,1,1.0,4.0,13117,A7-Sens Lyon vers Marseille,M,"43,4784049","5,2389944",13,2019,110.0,1.0,1.0,1.0,2159577,1.0,1,1,2,1.0,,-1.0,0,1977.0,B01,138Â 292Â 070,1.0,8.0,-1.0,1648936,1.0,10,,0.0,2.0,3.0,C01,138Â 292Â 069,1.0
966159,201900007690,9,16,09:00,1,1,1,1.0,4.0,13117,A7-Sens Lyon vers Marseille,M,"43,4784049","5,2389944",13,2019,110.0,1.0,1.0,1.0,2159577,1.0,1,1,2,1.0,,-1.0,0,1977.0,B01,138Â 292Â 070,1.0,8.0,-1.0,1648937,1.0,7,,0.0,2.0,0.0,B01,138Â 292Â 070,1.0
966159,201900007690,9,16,09:00,1,1,1,1.0,4.0,13117,A7-Sens Lyon vers Marseille,M,"43,4784049","5,2389944",13,2019,110.0,1.0,1.0,1.0,2159577,1.0,1,1,2,1.0,,-1.0,0,1977.0,B01,138Â 292Â 070,1.0,8.0,-1.0,1648938,1.0,7,,0.0,2.0,4.0,A01,138Â 292Â 071,1.0
966159,201900007690,9,16,09:00,1,1,1,1.0,4.0,13117,A7-Sens Lyon vers Marseille,M,"43,4784049","5,2389944",13,2019,110.0,1.0,1.0,1.0,2159578,1.0,1,4,1,1.0,,-1.0,0,1973.0,A01,138Â 292Â 071,1.0,8.0,-1.0,1648936,1.0,10,,0.0,2.0,3.0,C01,138Â 292Â 069,1.0
966159,201900007690,9,16,09:00,1,1,1,1.0,4.0,13117,A7-Sens Lyon vers Marseille,M,"43,4784049","5,2389944",13,2019,110.0,1.0,1.0,1.0,2159578,1.0,1,4,1,1.0,,-1.0,0,1973.0,A01,138Â 292Â 071,1.0,8.0,-1.0,1648937,1.0,7,,0.0,2.0,0.0,B01,138Â 292Â 070,1.0
966159,201900007690,9,16,09:00,1,1,1,1.0,4.0,13117,A7-Sens Lyon vers Marseille,M,"43,4784049","5,2389944",13,2019,110.0,1.0,1.0,1.0,2159578,1.0,1,4,1,1.0,,-1.0,0,1973.0,A01,138Â 292Â 071,1.0,8.0,-1.0,1648938,1.0,7,,0.0,2.0,4.0,A01,138Â 292Â 071,1.0
966160,201900007691,9,16,07:20,1,1,1,1.0,2.0,13211,A50-Sens Aubagne vers Marseille,M,"43,2942467","5,4589806",13,2019,90.0,1.0,1.0,1.0,2159579,1.0,1,1,1,9.0,,-1.0,0,1989.0,B01,138Â 292Â 067,1.0,0.0,-1.0,1648939,2.0,7,,0.0,2.0,5.0,B01,138Â 292Â 067,3.0
966160,201900007691,9,16,07:20,1,1,1,1.0,2.0,13211,A50-Sens Aubagne vers Marseille,M,"43,2942467","5,4589806",13,2019,90.0,1.0,1.0,1.0,2159579,1.0,1,1,1,9.0,,-1.0,0,1989.0,B01,138Â 292Â 067,1.0,0.0,-1.0,1648940,2.0,34,,0.0,2.0,1.0,A01,138Â 292Â 068,1.0
966160,201900007691,9,16,07:20,1,1,1,1.0,2.0,13211,A50-Sens Aubagne vers Marseille,M,"43,2942467","5,4589806",13,2019,90.0,1.0,1.0,1.0,2159580,1.0,1,4,1,9.0,,-1.0,0,1971.0,A01,138Â 292Â 068,2.0,6.0,-1.0,1648939,2.0,7,,0.0,2.0,5.0,B01,138Â 292Â 067,3.0
966160,201900007691,9,16,07:20,1,1,1,1.0,2.0,13211,A50-Sens Aubagne vers Marseille,M,"43,2942467","5,4589806",13,2019,90.0,1.0,1.0,1.0,2159580,1.0,1,4,1,9.0,,-1.0,0,1971.0,A01,138Â 292Â 068,2.0,6.0,-1.0,1648940,2.0,34,,0.0,2.0,1.0,A01,138Â 292Â 068,1.0
966161,201900007692,9,14,23:15,3,1,1,1.0,2.0,69029,A43   0.550 A 3.353,M,"45,7262800","4,9177600",69,2019,70.0,1.0,1.0,1.0,2159581,1.0,1,3,2,5.0,,-1.0,0,1959.0,B01,138Â 292Â 065,1.0,0.0,-1.0,1648941,2.0,7,,0.0,2.0,6.0,B01,138Â 292Â 065,1.0
966161,201900007692,9,14,23:15,3,1,1,1.0,2.0,69029,A43   0.550 A 3.353,M,"45,7262800","4,9177600",69,2019,70.0,1.0,1.0,1.0,2159581,1.0,1,3,2,5.0,,-1.0,0,1959.0,B01,138Â 292Â 065,1.0,0.0,-1.0,1648942,2.0,7,,0.0,2.0,3.0,A01,138Â 292Â 066,1.0
966161,201900007692,9,14,23:15,3,1,1,1.0,2.0,69029,A43   0.550 A 3.353,M,"45,7262800","4,9177600",69,2019,70.0,1.0,1.0,1.0,2159582,1.0,1,1,1,5.0,,-1.0,0,1987.0,A01,138Â 292Â 066,1.0,0.0,-1.0,1648941,2.0,7,,0.0,2.0,6.0,B01,138Â 292Â 065,1.0
966161,201900007692,9,14,23:15,3,1,1,1.0,2.0,69029,A43   0.550 A 3.353,M,"45,7262800","4,9177600",69,2019,70.0,1.0,1.0,1.0,2159582,1.0,1,1,1,5.0,,-1.0,0,1987.0,A01,138Â 292Â 066,1.0,0.0,-1.0,1648942,2.0,7,,0.0,2.0,3.0,A01,138Â 292Â 066,1.0
966162,201900007693,9,13,17:45,1,1,1,1.0,3.0,69256,A42     0.560 A 4.020,M,"45,7942800","4,9235300",69,2019,90.0,1.0,1.0,1.0,2159583,1.0,1,1,1,5.0,,-1.0,0,1959.0,A01,138Â 292Â 063,1.0,0.0,-1.0,1648943,2.0,10,,0.0,2.0,3.0,A01,138Â 292Â 063,1.0
966162,201900007693,9,13,17:45,1,1,1,1.0,3.0,69256,A42     0.560 A 4.020,M,"45,7942800","4,9235300",69,2019,90.0,1.0,1.0,1.0,2159583,1.0,1,1,1,5.0,,-1.0,0,1959.0,A01,138Â 292Â 063,1.0,0.0,-1.0,1648944,2.0,33,,0.0,2.0,7.0,B01,138Â 292Â 064,1.0
966162,201900007693,9,13,17:45,1,1,1,1.0,3.0,69256,A42     0.560 A 4.020,M,"45,7942800","4,9235300",69,2019,90.0,1.0,1.0,1.0,2159584,1.0,1,4,1,5.0,,-1.0,0,1988.0,B01,138Â 292Â 064,2.0,0.0,-1.0,1648943,2.0,10,,0.0,2.0,3.0,A01,138Â 292Â 063,1.0
966162,201900007693,9,13,17:45,1,1,1,1.0,3.0,69256,A42     0.560 A 4.020,M,"45,7942800","4,9235300",69,2019,90.0,1.0,1.0,1.0,2159584,1.0,1,4,1,5.0,,-1.0,0,1988.0,B01,138Â 292Â 064,2.0,0.0,-1.0,1648944,2.0,33,,0.0,2.0,7.0,B01,138Â 292Â 064,1.0
966163,201900007694,9,17,06:30,5,1,1,1.0,2.0,33063,ROCADE A 630,M,"44,8836600"," -0,5560500",33,2019,70.0,1.0,1.0,1.0,2159585,1.0,1,1,1,4.0,,-1.0, -1,2000.0,A01,138Â 292Â 061,1.0,8.0,-1.0,1648945,1.0,14,,0.0,2.0,1.0,A01,138Â 292Â 061,1.0
966163,201900007694,9,17,06:30,5,1,1,1.0,2.0,33063,ROCADE A 630,M,"44,8836600"," -0,5560500",33,2019,70.0,1.0,1.0,1.0,2159585,1.0,1,1,1,4.0,,-1.0, -1,2000.0,A01,138Â 292Â 061,1.0,8.0,-1.0,1648946,1.0,7,,0.0,2.0,4.0,B01,138Â 292Â 062,1.0
966163,201900007694,9,17,06:30,5,1,1,1.0,2.0,33063,ROCADE A 630,M,"44,8836600"," -0,5560500",33,2019,70.0,1.0,1.0,1.0,2159586,1.0,1,4,2,1.0,,-1.0, -1,1993.0,B01,138Â 292Â 062,1.0,8.0,-1.0,1648945,1.0,14,,0.0,2.0,1.0,A01,138Â 292Â 061,1.0
966163,201900007694,9,17,06:30,5,1,1,1.0,2.0,33063,ROCADE A 630,M,"44,8836600"," -0,5560500",33,2019,70.0,1.0,1.0,1.0,2159586,1.0,1,4,2,1.0,,-1.0, -1,1993.0,B01,138Â 292Â 062,1.0,8.0,-1.0,1648946,1.0,7,,0.0,2.0,4.0,B01,138Â 292Â 062,1.0
966164,201900007695,9,6,07:45,1,1,1,1.0,3.0,59560,AUTOROUTE A1,M,"50,5300000","3,0500000",59,2019,110.0,3.0,1.0,1.0,2159587,1.0,1,4,1,1.0,,-1.0, -1,1985.0,B01,138Â 292Â 058,1.0,0.0,-1.0,1648947,2.0,7,,0.0,2.0,8.0,B01,138Â 292Â 058,0.0
966164,201900007695,9,6,07:45,1,1,1,1.0,3.0,59560,AUTOROUTE A1,M,"50,5300000","3,0500000",59,2019,110.0,3.0,1.0,1.0,2159587,1.0,1,4,1,1.0,,-1.0, -1,1985.0,B01,138Â 292Â 058,1.0,0.0,-1.0,1648948,2.0,7,,0.0,2.0,7.0,A01,138Â 292Â 059,0.0
966164,201900007695,9,6,07:45,1,1,1,1.0,3.0,59560,AUTOROUTE A1,M,"50,5300000","3,0500000",59,2019,110.0,3.0,1.0,1.0,2159588,1.0,1,1,1,1.0,,-1.0, -1,1987.0,A01,138Â 292Â 059,1.0,0.0,-1.0,1648947,2.0,7,,0.0,2.0,8.0,B01,138Â 292Â 058,0.0
966164,201900007695,9,6,07:45,1,1,1,1.0,3.0,59560,AUTOROUTE A1,M,"50,5300000","3,0500000",59,2019,110.0,3.0,1.0,1.0,2159588,1.0,1,1,1,1.0,,-1.0, -1,1987.0,A01,138Â 292Â 059,1.0,0.0,-1.0,1648948,2.0,7,,0.0,2.0,7.0,A01,138Â 292Â 059,0.0
966165,201900007696,9,10,07:55,1,1,1,1.0,3.0,59143,AUTOROUTE A25,M,"50,6552760","2,9090650",59,2019,130.0,3.0,1.0,1.0,2159589,1.0,1,1,1,1.0,,-1.0, -1,1974.0,A01,138Â 292Â 056,1.0,0.0,-1.0,1648949,1.0,7,,0.0,2.0,2.0,A01,138Â 292Â 056,0.0
966165,201900007696,9,10,07:55,1,1,1,1.0,3.0,59143,AUTOROUTE A25,M,"50,6552760","2,9090650",59,2019,130.0,3.0,1.0,1.0,2159589,1.0,1,1,1,1.0,,-1.0, -1,1974.0,A01,138Â 292Â 056,1.0,0.0,-1.0,1648950,1.0,7,,0.0,2.0,6.0,B01,138Â 292Â 057,0.0
966165,201900007696,9,10,07:55,1,1,1,1.0,3.0,59143,AUTOROUTE A25,M,"50,6552760","2,9090650",59,2019,130.0,3.0,1.0,1.0,2159590,1.0,1,4,1,1.0,,-1.0, -1,1972.0,B01,138Â 292Â 057,1.0,0.0,-1.0,1648949,1.0,7,,0.0,2.0,2.0,A01,138Â 292Â 056,0.0
966165,201900007696,9,10,07:55,1,1,1,1.0,3.0,59143,AUTOROUTE A25,M,"50,6552760","2,9090650",59,2019,130.0,3.0,1.0,1.0,2159590,1.0,1,4,1,1.0,,-1.0, -1,1972.0,B01,138Â 292Â 057,1.0,0.0,-1.0,1648950,1.0,7,,0.0,2.0,6.0,B01,138Â 292Â 057,0.0
966166,201900007697,9,15,17:30,1,1,1,1.0,6.0,62186,AUTOROUTE A21,M,"50,4347190","2,7139450",62,2019,110.0,1.0,1.0,1.0,2159591,1.0,1,4,1,5.0,,-1.0, -1,1987.0,A01,138Â 292Â 055,2.0,6.0,-1.0,1648951,3.0,31,,0.0,2.0,9.0,A01,138Â 292Â 055,1.0
966166,201900007697,9,15,17:30,1,1,1,1.0,6.0,62186,AUTOROUTE A21,M,"50,4347190","2,7139450",62,2019,110.0,1.0,1.0,1.0,2159592,2.0,2,4,2,5.0,,-1.0, -1,1986.0,A01,138Â 292Â 055,2.0,6.0,-1.0,1648951,3.0,31,,0.0,2.0,9.0,A01,138Â 292Â 055,1.0
966167,201900007698,9,15,02:40,3,1,1,1.0,6.0,59646,ROUTE NATIONALE 356,M,"50,6659340","3,1142720",59,2019,90.0,3.0,1.0,2.0,2159593,1.0,1,1,1,5.0,,-1.0, -1,1980.0,A01,138Â 292Â 054,1.0,4.0,-1.0,1648952,1.0,7,,0.0,6.0,1.0,A01,138Â 292Â 054,0.0
966167,201900007698,9,15,02:40,3,1,1,1.0,6.0,59646,ROUTE NATIONALE 356,M,"50,6659340","3,1142720",59,2019,90.0,3.0,1.0,2.0,2159594,2.0,2,4,2,5.0,,-1.0, -1,1986.0,A01,138Â 292Â 054,1.0,0.0,-1.0,1648952,1.0,7,,0.0,6.0,1.0,A01,138Â 292Â 054,0.0
966168,201900007699,9,17,17:00,1,1,1,1.0,2.0,94034,AUTOROUTE A86,M,"48,7596500","2,3222700",94,2019,70.0,1.0,1.0,1.0,2159595,1.0,1,4,2,0.0,,-1.0, -1,1992.0,A01,138Â 292Â 052,2.0,6.0,-1.0,1648953,1.0,33,,0.0,2.0,1.0,A01,138Â 292Â 052,1.0
966168,201900007699,9,17,17:00,1,1,1,1.0,2.0,94034,AUTOROUTE A86,M,"48,7596500","2,3222700",94,2019,70.0,1.0,1.0,1.0,2159595,1.0,1,4,2,0.0,,-1.0, -1,1992.0,A01,138Â 292Â 052,2.0,6.0,-1.0,1648954,1.0,7,,0.0,2.0,4.0,B01,138Â 292Â 053,1.0
966168,201900007699,9,17,17:00,1,1,1,1.0,2.0,94034,AUTOROUTE A86,M,"48,7596500","2,3222700",94,2019,70.0,1.0,1.0,1.0,2159596,1.0,1,1,1,0.0,,-1.0, -1,1998.0,B01,138Â 292Â 053,1.0,0.0,-1.0,1648953,1.0,33,,0.0,2.0,1.0,A01,138Â 292Â 052,1.0
966168,201900007699,9,17,17:00,1,1,1,1.0,2.0,94034,AUTOROUTE A86,M,"48,7596500","2,3222700",94,2019,70.0,1.0,1.0,1.0,2159596,1.0,1,1,1,0.0,,-1.0, -1,1998.0,B01,138Â 292Â 053,1.0,0.0,-1.0,1648954,1.0,7,,0.0,2.0,4.0,B01,138Â 292Â 053,1.0
966169,201900007700,9,17,10:45,1,1,1,1.0,2.0,94034,AUTOROUTE A86,M,"48,7591000","2,3240000",94,2019,70.0,1.0,1.0,1.0,2159597,1.0,1,4,1,4.0,,-1.0, -1,1974.0,A01,138Â 292Â 050,1.0,0.0,-1.0,1648955,1.0,14,,0.0,2.0,1.0,A01,138Â 292Â 050,1.0
966169,201900007700,9,17,10:45,1,1,1,1.0,2.0,94034,AUTOROUTE A86,M,"48,7591000","2,3240000",94,2019,70.0,1.0,1.0,1.0,2159597,1.0,1,4,1,4.0,,-1.0, -1,1974.0,A01,138Â 292Â 050,1.0,0.0,-1.0,1648956,1.0,15,,0.0,2.0,4.0,B01,138Â 292Â 051,6.0
966169,201900007700,9,17,10:45,1,1,1,1.0,2.0,94034,AUTOROUTE A86,M,"48,7591000","2,3240000",94,2019,70.0,1.0,1.0,1.0,2159598,1.0,1,1,1,4.0,,-1.0, -1,1978.0,B01,138Â 292Â 051,1.0,0.0,-1.0,1648955,1.0,14,,0.0,2.0,1.0,A01,138Â 292Â 050,1.0
966169,201900007700,9,17,10:45,1,1,1,1.0,2.0,94034,AUTOROUTE A86,M,"48,7591000","2,3240000",94,2019,70.0,1.0,1.0,1.0,2159598,1.0,1,1,1,4.0,,-1.0, -1,1978.0,B01,138Â 292Â 051,1.0,0.0,-1.0,1648956,1.0,15,,0.0,2.0,4.0,B01,138Â 292Â 051,6.0
966170,201900007701,9,17,09:15,1,1,1,2.0,6.0,92025,A86,M,"48,9318215","2,2466000",92,2019,90.0,1.0,1.0,1.0,2159599,1.0,1,1,1,2.0,,-1.0,0,1998.0,B01,138Â 292Â 044,1.0,0.0,-1.0,1648957,1.0,7,,0.0,2.0,2.0,B01,138Â 292Â 044,1.0
966170,201900007701,9,17,09:15,1,1,1,2.0,6.0,92025,A86,M,"48,9318215","2,2466000",92,2019,90.0,1.0,1.0,1.0,2159599,1.0,1,1,1,2.0,,-1.0,0,1998.0,B01,138Â 292Â 044,1.0,0.0,-1.0,1648958,1.0,7,,0.0,2.0,4.0,C01,138Â 292Â 045,0.0
966170,201900007701,9,17,09:15,1,1,1,2.0,6.0,92025,A86,M,"48,9318215","2,2466000",92,2019,90.0,1.0,1.0,1.0,2159599,1.0,1,1,1,2.0,,-1.0,0,1998.0,B01,138Â 292Â 044,1.0,0.0,-1.0,1648959,1.0,33,,0.0,2.0,6.0,A01,138Â 292Â 046,0.0
966170,201900007701,9,17,09:15,1,1,1,2.0,6.0,92025,A86,M,"48,9318215","2,2466000",92,2019,90.0,1.0,1.0,1.0,2159600,1.0,1,1,2,1.0,,-1.0,0,1967.0,C01,138Â 292Â 045,1.0,0.0,-1.0,1648957,1.0,7,,0.0,2.0,2.0,B01,138Â 292Â 044,1.0
966170,201900007701,9,17,09:15,1,1,1,2.0,6.0,92025,A86,M,"48,9318215","2,2466000",92,2019,90.0,1.0,1.0,1.0,2159600,1.0,1,1,2,1.0,,-1.0,0,1967.0,C01,138Â 292Â 045,1.0,0.0,-1.0,1648958,1.0,7,,0.0,2.0,4.0,C01,138Â 292Â 045,0.0