Unnamed: 0_x,num_acc,mois,jour,hrmn,lum,agg,int,atm,col,com,adr,gps,lat,long,dep,annee,vma,situ,surf,catr,Unnamed: 0_y,place,catu,grav,sexe,trajet,secu,locp,actp,an_nais,num_veh_x,id_vehicule_x,secu1,secu2,secu3,Unnamed: 0,senc,catv,occutc,obs,obsm,choc,num_veh_y,id_vehicule_y,motor
966170,201900007701,9,17,09:15,1,1,1,2.0,6.0,92025,A86,M,"48,9318215","2,2466000",92,2019,90.0,1.0,1.0,1.0,2159600,1.0,1,1,2,1.0,,-1.0,0,1967.0,C01,138Â 292Â 045,1.0,0.0,-1.0,1648959,1.0,33,,0.0,2.0,6.0,A01,138Â 292Â 046,0.0
966170,201900007701,9,17,09:15,1,1,1,2.0,6.0,92025,A86,M,"48,9318215","2,2466000",92,2019,90.0,1.0,1.0,1.0,2159601,1.0,1,4,1,1.0,,-1.0,0,1993.0,A01,138Â 292Â 046,2.0,0.0,-1.0,1648957,1.0,7,,0.0,2.0,2.0,B01,138Â 292Â 044,1.0
966170,201900007701,9,17,09:15,1,1,1,2.0,6.0,92025,A86,M,"48,9318215","2,2466000",92,2019,90.0,1.0,1.0,1.0,2159601,1.0,1,4,1,1.0,,-1.0,0,1993.0,A01,138Â 292Â 046,2.0,0.0,-1.0,1648958,1.0,7,,0.0,2.0,4.0,C01,138Â 292Â 045,0.0
966170,201900007701,9,17,09:15,1,1,1,2.0,6.0,92025,A86,M,"48,9318215","2,2466000",92,2019,90.0,1.0,1.0,1.0,2159601,1.0,1,4,1,1.0,,-1.0,0,1993.0,A01,138Â 292Â 046,2.0,0.0,-1.0,1648959,1.0,33,,0.0,2.0,6.0,A01,138Â 292Â 046,0.0
966171,201900007702,9,17,08:25,1,1,1,8.0,3.0,78043,A12 W,M,"48,8297360","2,0807110",78,2019,110.0,1.0,1.0,1.0,2159602,1.0,1,4,2,1.0,,-1.0, -1,1971.0,B01,138Â 292Â 042,2.0,6.0,-1.0,1648960,2.0,33,,0.0,2.0,3.0,B01,138Â 292Â 042,1.0
966171,201900007702,9,17,08:25,1,1,1,8.0,3.0,78043,A12 W,M,"48,8297360","2,0807110",78,2019,110.0,1.0,1.0,1.0,2159602,1.0,1,4,2,1.0,,-1.0, -1,1971.0,B01,138Â 292Â 042,2.0,6.0,-1.0,1648961,2.0,7,,0.0,2.0,2.0,A01,138Â 292Â 043,1.0
966171,201900007702,9,17,08:25,1,1,1,8.0,3.0,78043,A12 W,M,"48,8297360","2,0807110",78,2019,110.0,1.0,1.0,1.0,2159603,1.0,1,1,1,9.0,,-1.0, -1,2001.0,A01,138Â 292Â 043,1.0,8.0,-1.0,1648960,2.0,33,,0.0,2.0,3.0,B01,138Â 292Â 042,1.0
966171,201900007702,9,17,08:25,1,1,1,8.0,3.0,78043,A12 W,M,"48,8297360","2,0807110",78,2019,110.0,1.0,1.0,1.0,2159603,1.0,1,1,1,9.0,,-1.0, -1,2001.0,A01,138Â 292Â 043,1.0,8.0,-1.0,1648961,2.0,7,,0.0,2.0,2.0,A01,138Â 292Â 043,1.0
966172,201900007703,9,17,19:50,1,1,1,1.0,3.0,93053,AUTOROUTE A3,M,"48,8941200","2,4716700",93,2019,70.0,1.0,1.0,1.0,2159604,1.0,1,4,1,0.0,,-1.0, -1,1974.0,B01,138Â 292Â 040,2.0,6.0,-1.0,1648962,2.0,33,,0.0,2.0,2.0,B01,138Â 292Â 040,1.0
966172,201900007703,9,17,19:50,1,1,1,1.0,3.0,93053,AUTOROUTE A3,M,"48,8941200","2,4716700",93,2019,70.0,1.0,1.0,1.0,2159604,1.0,1,4,1,0.0,,-1.0, -1,1974.0,B01,138Â 292Â 040,2.0,6.0,-1.0,1648963,2.0,7,,0.0,2.0,8.0,A01,138Â 292Â 041,1.0
966172,201900007703,9,17,19:50,1,1,1,1.0,3.0,93053,AUTOROUTE A3,M,"48,8941200","2,4716700",93,2019,70.0,1.0,1.0,1.0,2159605,1.0,1,1,2,9.0,,-1.0, -1,1990.0,A01,138Â 292Â 041,1.0,0.0,-1.0,1648962,2.0,33,,0.0,2.0,2.0,B01,138Â 292Â 040,1.0
966172,201900007703,9,17,19:50,1,1,1,1.0,3.0,93053,AUTOROUTE A3,M,"48,8941200","2,4716700",93,2019,70.0,1.0,1.0,1.0,2159605,1.0,1,1,2,9.0,,-1.0, -1,1990.0,A01,138Â 292Â 041,1.0,0.0,-1.0,1648963,2.0,7,,0.0,2.0,8.0,A01,138Â 292Â 041,1.0
966173,201900007704,9,16,18:20,1,1,1,1.0,2.0,95572,AUTOROUTE A15,M,"49,0329900","2,1080700",95,2019,90.0,1.0,1.0,1.0,2159606,1.0,1,4,2,1.0,,-1.0,0,1963.0,A01,138Â 292Â 038,8.0,0.0,-1.0,1648964,1.0,10,,0.0,2.0,1.0,A01,138Â 292Â 038,1.0
966173,201900007704,9,16,18:20,1,1,1,1.0,2.0,95572,AUTOROUTE A15,M,"49,0329900","2,1080700",95,2019,90.0,1.0,1.0,1.0,2159606,1.0,1,4,2,1.0,,-1.0,0,1963.0,A01,138Â 292Â 038,8.0,0.0,-1.0,1648965,1.0,7,,0.0,2.0,4.0,B01,138Â 292Â 039,1.0
966173,201900007704,9,16,18:20,1,1,1,1.0,2.0,95572,AUTOROUTE A15,M,"49,0329900","2,1080700",95,2019,90.0,1.0,1.0,1.0,2159607,1.0,1,1,1,5.0,,-1.0,0,1943.0,B01,138Â 292Â 039,1.0,4.0,-1.0,1648964,1.0,10,,0.0,2.0,1.0,A01,138Â 292Â 038,1.0
966173,201900007704,9,16,18:20,1,1,1,1.0,2.0,95572,AUTOROUTE A15,M,"49,0329900","2,1080700",95,2019,90.0,1.0,1.0,1.0,2159607,1.0,1,1,1,5.0,,-1.0,0,1943.0,B01,138Â 292Â 039,1.0,4.0,-1.0,1648965,1.0,7,,0.0,2.0,4.0,B01,138Â 292Â 039,1.0
966174,201900007705,9,16,11:00,1,1,1,1.0,2.0,93005,AUTOROUTE A3,M,"48,9655500","2,4746900",93,2019,90.0,1.0,1.0,1.0,2159608,1.0,1,4,2,1.0,,-1.0, -1,1985.0,B01,138Â 292Â 036,1.0,8.0,-1.0,1648966,2.0,7,,0.0,2.0,4.0,B01,138Â 292Â 036,1.0
966174,201900007705,9,16,11:00,1,1,1,1.0,2.0,93005,AUTOROUTE A3,M,"48,9655500","2,4746900",93,2019,90.0,1.0,1.0,1.0,2159608,1.0,1,4,2,1.0,,-1.0, -1,1985.0,B01,138Â 292Â 036,1.0,8.0,-1.0,1648967,2.0,10,,0.0,2.0,1.0,A01,138Â 292Â 037,1.0
966174,201900007705,9,16,11:00,1,1,1,1.0,2.0,93005,AUTOROUTE A3,M,"48,9655500","2,4746900",93,2019,90.0,1.0,1.0,1.0,2159609,1.0,1,1,1,4.0,,-1.0, -1,1999.0,A01,138Â 292Â 037,1.0,8.0,-1.0,1648966,2.0,7,,0.0,2.0,4.0,B01,138Â 292Â 036,1.0
966174,201900007705,9,16,11:00,1,1,1,1.0,2.0,93005,AUTOROUTE A3,M,"48,9655500","2,4746900",93,2019,90.0,1.0,1.0,1.0,2159609,1.0,1,1,1,4.0,,-1.0, -1,1999.0,A01,138Â 292Â 037,1.0,8.0,-1.0,1648967,2.0,10,,0.0,2.0,1.0,A01,138Â 292Â 037,1.0
966175,201900007706,9,16,07:50,2,1,1,1.0,2.0,93064,AUTOROUTE A86,M,"48,8783400","2,4768800",93,2019,90.0,1.0,1.0,1.0,2159610,1.0,1,1,1,5.0,,-1.0, -1,1985.0,B01,138Â 292Â 034,1.0,0.0,-1.0,1648968,2.0,7,,0.0,2.0,4.0,B01,138Â 292Â 034,1.0
966175,201900007706,9,16,07:50,2,1,1,1.0,2.0,93064,AUTOROUTE A86,M,"48,8783400","2,4768800",93,2019,90.0,1.0,1.0,1.0,2159610,1.0,1,1,1,5.0,,-1.0, -1,1985.0,B01,138Â 292Â 034,1.0,0.0,-1.0,1648969,2.0,7,,0.0,2.0,1.0,A01,138Â 292Â 035,1.0
966175,201900007706,9,16,07:50,2,1,1,1.0,2.0,93064,AUTOROUTE A86,M,"48,8783400","2,4768800",93,2019,90.0,1.0,1.0,1.0,2159611,1.0,1,4,2,1.0,,-1.0, -1,1993.0,A01,138Â 292Â 035,1.0,0.0,-1.0,1648968,2.0,7,,0.0,2.0,4.0,B01,138Â 292Â 034,1.0
966175,201900007706,9,16,07:50,2,1,1,1.0,2.0,93064,AUTOROUTE A86,M,"48,8783400","2,4768800",93,2019,90.0,1.0,1.0,1.0,2159611,1.0,1,4,2,1.0,,-1.0, -1,1993.0,A01,138Â 292Â 035,1.0,0.0,-1.0,1648969,2.0,7,,0.0,2.0,1.0,A01,138Â 292Â 035,1.0
966176,201900007707,9,16,08:00,1,1,1,1.0,2.0,93006,AUTOROUTE A3,M,"48,8656700","2,4204200",93,2019,70.0,1.0,1.0,1.0,2159612,1.0,1,1,1,0.0,,-1.0, -1,1980.0,B01,138Â 292Â 032,1.0,0.0,-1.0,1648970,2.0,10,,0.0,2.0,4.0,B01,138Â 292Â 032,1.0
966176,201900007707,9,16,08:00,1,1,1,1.0,2.0,93006,AUTOROUTE A3,M,"48,8656700","2,4204200",93,2019,70.0,1.0,1.0,1.0,2159612,1.0,1,1,1,0.0,,-1.0, -1,1980.0,B01,138Â 292Â 032,1.0,0.0,-1.0,1648971,2.0,33,,0.0,2.0,1.0,A01,138Â 292Â 033,1.0
966176,201900007707,9,16,08:00,1,1,1,1.0,2.0,93006,AUTOROUTE A3,M,"48,8656700","2,4204200",93,2019,70.0,1.0,1.0,1.0,2159613,1.0,1,4,1,0.0,,-1.0, -1,1997.0,A01,138Â 292Â 033,2.0,6.0,-1.0,1648970,2.0,10,,0.0,2.0,4.0,B01,138Â 292Â 032,1.0
966176,201900007707,9,16,08:00,1,1,1,1.0,2.0,93006,AUTOROUTE A3,M,"48,8656700","2,4204200",93,2019,70.0,1.0,1.0,1.0,2159613,1.0,1,4,1,0.0,,-1.0, -1,1997.0,A01,138Â 292Â 033,2.0,6.0,-1.0,1648971,2.0,33,,0.0,2.0,1.0,A01,138Â 292Â 033,1.0
966177,201900007708,9,15,06:30,5,1,1,1.0,4.0,93007,AUTOROUTE A3,M,"48,9372920","2,4802110",93,2019,110.0,1.0,1.0,1.0,2159614,1.0,1,1,1,4.0,,-1.0, -1,1962.0,C01,138Â 292Â 029,1.0,4.0,-1.0,1648972,1.0,7,,0.0,2.0,6.0,C01,138Â 292Â 029,2.0
966177,201900007708,9,15,06:30,5,1,1,1.0,4.0,93007,AUTOROUTE A3,M,"48,9372920","2,4802110",93,2019,110.0,1.0,1.0,1.0,2159614,1.0,1,1,1,4.0,,-1.0, -1,1962.0,C01,138Â 292Â 029,1.0,4.0,-1.0,1648973,1.0,7,,3.0,0.0,4.0,B01,138Â 292Â 030,1.0
966177,201900007708,9,15,06:30,5,1,1,1.0,4.0,93007,AUTOROUTE A3,M,"48,9372920","2,4802110",93,2019,110.0,1.0,1.0,1.0,2159614,1.0,1,1,1,4.0,,-1.0, -1,1962.0,C01,138Â 292Â 029,1.0,4.0,-1.0,1648974,1.0,7,,3.0,2.0,1.0,A01,138Â 292Â 031,1.0
966177,201900007708,9,15,06:30,5,1,1,1.0,4.0,93007,AUTOROUTE A3,M,"48,9372920","2,4802110",93,2019,110.0,1.0,1.0,1.0,2159615,1.0,1,4,1,5.0,,-1.0, -1,1987.0,B01,138Â 292Â 030,1.0,4.0,-1.0,1648972,1.0,7,,0.0,2.0,6.0,C01,138Â 292Â 029,2.0
966177,201900007708,9,15,06:30,5,1,1,1.0,4.0,93007,AUTOROUTE A3,M,"48,9372920","2,4802110",93,2019,110.0,1.0,1.0,1.0,2159615,1.0,1,4,1,5.0,,-1.0, -1,1987.0,B01,138Â 292Â 030,1.0,4.0,-1.0,1648973,1.0,7,,3.0,0.0,4.0,B01,138Â 292Â 030,1.0
966177,201900007708,9,15,06:30,5,1,1,1.0,4.0,93007,AUTOROUTE A3,M,"48,9372920","2,4802110",93,2019,110.0,1.0,1.0,1.0,2159615,1.0,1,4,1,5.0,,-1.0, -1,1987.0,B01,138Â 292Â 030,1.0,4.0,-1.0,1648974,1.0,7,,3.0,2.0,1.0,A01,138Â 292Â 031,1.0
966177,201900007708,9,15,06:30,5,1,1,1.0,4.0,93007,AUTOROUTE A3,M,"48,9372920","2,4802110",93,2019,110.0,1.0,1.0,1.0,2159616,2.0,2,4,1,5.0,,-1.0, -1,2001.0,A01,138Â 292Â 031,1.0,4.0,-1.0,1648972,1.0,7,,0.0,2.0,6.0,C01,138Â 292Â 029,2.0
966177,201900007708,9,15,06:30,5,1,1,1.0,4.0,93007,AUTOROUTE A3,M,"48,9372920","2,4802110",93,2019,110.0,1.0,1.0,1.0,2159616,2.0,2,4,1,5.0,,-1.0, -1,2001.0,A01,138Â 292Â 031,1.0,4.0,-1.0,1648973,1.0,7,,3.0,0.0,4.0,B01,138Â 292Â 030,1.0
966177,201900007708,9,15,06:30,5,1,1,1.0,4.0,93007,AUTOROUTE A3,M,"48,9372920","2,4802110",93,2019,110.0,1.0,1.0,1.0,2159616,2.0,2,4,1,5.0,,-1.0, -1,2001.0,A01,138Â 292Â 031,1.0,4.0,-1.0,1648974,1.0,7,,3.0,2.0,1.0,A01,138Â 292Â 031,1.0
966177,201900007708,9,15,06:30,5,1,1,1.0,4.0,93007,AUTOROUTE A3,M,"48,9372920","2,4802110",93,2019,110.0,1.0,1.0,1.0,2159617,3.0,2,4,1,5.0,,-1.0, -1,2001.0,A01,138Â 292Â 031,1.0,4.0,-1.0,1648972,1.0,7,,0.0,2.0,6.0,C01,138Â 292Â 029,2.0
966177,201900007708,9,15,06:30,5,1,1,1.0,4.0,93007,AUTOROUTE A3,M,"48,9372920","2,4802110",93,2019,110.0,1.0,1.0,1.0,2159617,3.0,2,4,1,5.0,,-1.0, -1,2001.0,A01,138Â 292Â 031,1.0,4.0,-1.0,1648973,1.0,7,,3.0,0.0,4.0,B01,138Â 292Â 030,1.0
966177,201900007708,9,15,06:30,5,1,1,1.0,4.0,93007,AUTOROUTE A3,M,"48,9372920","2,4802110",93,2019,110.0,1.0,1.0,1.0,2159617,3.0,2,4,1,5.0,,-1.0, -1,2001.0,A01,138Â 292Â 031,1.0,4.0,-1.0,1648974,1.0,7,,3.0,2.0,1.0,A01,138Â 292Â 031,1.0
966177,201900007708,9,15,06:30,5,1,1,1.0,4.0,93007,AUTOROUTE A3,M,"48,9372920","2,4802110",93,2019,110.0,1.0,1.0,1.0,2159618,4.0,2,4,1,5.0,,-1.0, -1,2001.0,A01,138Â 292Â 031,1.0,4.0,-1.0,1648972,1.0,7,,0.0,2.0,6.0,C01,138Â 292Â 029,2.0
966177,201900007708,9,15,06:30,5,1,1,1.0,4.0,93007,AUTOROUTE A3,M,"48,9372920","2,4802110",93,2019,110.0,1.0,1.0,1.0,2159618,4.0,2,4,1,5.0,,-1.0, -1,2001.0,A01,138Â 292Â 031,1.0,4.0,-1.0,1648973,1.0,7,,3.0,0.0,4.0,B01,138Â 292Â 030,1.0
966177,201900007708,9,15,06:30,5,1,1,1.0,4.0,93007,AUTOROUTE A3,M,"48,9372920","2,4802110",93,2019,110.0,1.0,1.0,1.0,2159618,4.0,2,4,1,5.0,,-1.0, -1,2001.0,A01,138Â 292Â 031,1.0,4.0,-1.0,1648974,1.0,7,,3.0,2.0,1.0,A01,138Â 292Â 031,1.0
966177,201900007708,9,15,06:30,5,1,1,1.0,4.0,93007,AUTOROUTE A3,M,"48,9372920","2,4802110",93,2019,110.0,1.0,1.0,1.0,2159619,1.0,1,1,1,5.0,,-1.0, -1,2000.0,A01,138Â 292Â 031,1.0,4.0,-1.0,1648972,1.0,7,,0.0,2.0,6.0,C01,138Â 292Â 029,2.0
966177,201900007708,9,15,06:30,5,1,1,1.0,4.0,93007,AUTOROUTE A3,M,"48,9372920","2,4802110",93,2019,110.0,1.0,1.0,1.0,2159619,1.0,1,1,1,5.0,,-1.0, -1,2000.0,A01,138Â 292Â 031,1.0,4.0,-1.0,1648973,1.0,7,,3.0,0.0,4.0,B01,138Â 292Â 030,1.0
966177,201900007708,9,15,06:30,5,1,1,1.0,4.0,93007,AUTOROUTE A3,M,"48,9372920","2,4802110",93,2019,110.0,1.0,1.0,1.0,2159619,1.0,1,1,1,5.0,,-1.0, -1,2000.0,A01,138Â 292Â 031,1.0,4.0,-1.0,1648974,1.0,7,,3.0,2.0,1.0,A01,138Â 292Â 031,1.0
966178,201900007709,9,15,20:35,3,1,1,1.0,2.0,77384,A5,M,"48,5929800","2,6421580",77,2019,110.0,1.0,1.0,1.0,2159620,2.0,2,4,2,5.0,,-1.0,0,1987.0,B01,138Â 292Â 027,1.0,0.0,-1.0,1648975,1.0,7,,0.0,2.0,4.0,B01,138Â 292Â 027,1.0
966178,201900007709,9,15,20:35,3,1,1,1.0,2.0,77384,A5,M,"48,5929800","2,6421580",77,2019,110.0,1.0,1.0,1.0,2159620,2.0,2,4,2,5.0,,-1.0,0,1987.0,B01,138Â 292Â 027,1.0,0.0,-1.0,1648976,1.0,7,,0.0,2.0,1.0,A01,138Â 292Â 028,1.0
966178,201900007709,9,15,20:35,3,1,1,1.0,2.0,77384,A5,M,"48,5929800","2,6421580",77,2019,110.0,1.0,1.0,1.0,2159621,4.0,2,1,1,5.0,,-1.0,0,2018.0,B01,138Â 292Â 027,3.0,0.0,-1.0,1648975,1.0,7,,0.0,2.0,4.0,B01,138Â 292Â 027,1.0
966178,201900007709,9,15,20:35,3,1,1,1.0,2.0,77384,A5,M,"48,5929800","2,6421580",77,2019,110.0,1.0,1.0,1.0,2159621,4.0,2,1,1,5.0,,-1.0,0,2018.0,B01,138Â 292Â 027,3.0,0.0,-1.0,1648976,1.0,7,,0.0,2.0,1.0,A01,138Â 292Â 028,1.0
966178,201900007709,9,15,20:35,3,1,1,1.0,2.0,77384,A5,M,"48,5929800","2,6421580",77,2019,110.0,1.0,1.0,1.0,2159622,1.0,1,4,1,5.0,,-1.0,0,1986.0,B01,138Â 292Â 027,1.0,0.0,-1.0,1648975,1.0,7,,0.0,2.0,4.0,B01,138Â 292Â 027,1.0
966178,201900007709,9,15,20:35,3,1,1,1.0,2.0,77384,A5,M,"48,5929800","2,6421580",77,2019,110.0,1.0,1.0,1.0,2159622,1.0,1,4,1,5.0,,-1.0,0,1986.0,B01,138Â 292Â 027,1.0,0.0,-1.0,1648976,1.0,7,,0.0,2.0,1.0,A01,138Â 292Â 028,1.0
966178,201900007709,9,15,20:35,3,1,1,1.0,2.0,77384,A5,M,"48,5929800","2,6421580",77,2019,110.0,1.0,1.0,1.0,2159623,1.0,1,1,1,5.0,,-1.0, -1,1988.0,A01,138Â 292Â 028,1.0,0.0,-1.0,1648975,1.0,7,,0.0,2.0,4.0,B01,138Â 292Â 027,1.0
966178,201900007709,9,15,20:35,3,1,1,1.0,2.0,77384,A5,M,"48,5929800","2,6421580",77,2019,110.0,1.0,1.0,1.0,2159623,1.0,1,1,1,5.0,,-1.0, -1,1988.0,A01,138Â 292Â 028,1.0,0.0,-1.0,1648976,1.0,7,,0.0,2.0,1.0,A01,138Â 292Â 028,1.0
966179,201900007710,6,20,00:00,5,2,1,1.0,6.0,69266,RACINE          (Rue),M,"45,7657300","4,8781400",69,2019,50.0,1.0,1.0,7.0,2159624,1.0,1,4,1,5.0,,-1.0, -1,1998.0,B01,138Â 292Â 026,8.0,0.0,-1.0,1648977,2.0,50,,0.0,2.0,8.0,B01,138Â 292Â 026,3.0
966180,201900007711,6,19,15:13,1,2,2,1.0,6.0,69388,ETATS UNIS (DES)                    (BD),M,"45,7350300","4,8631500",69,2019,50.0,1.0,1.0,7.0,2159625,1.0,1,1,1,9.0,,-1.0, -1,1994.0,A01,138Â 292Â 025,8.0,0.0,-1.0,1648978,1.0,40,,0.0,1.0,3.0,A01,138Â 292Â 025,3.0
966180,201900007711,6,19,15:13,1,2,2,1.0,6.0,69388,ETATS UNIS (DES)                    (BD),M,"45,7350300","4,8631500",69,2019,50.0,1.0,1.0,7.0,2159626,10.0,3,4,2,9.0,,2.0,3,1994.0,A01,138Â 292Â 025,8.0,0.0,-1.0,1648978,1.0,40,,0.0,1.0,3.0,A01,138Â 292Â 025,3.0
966181,201900007712,6,19,08:45,1,2,2,1.0,4.0,69388,FRERES LUMIERE (DES)                (AV),M,"45,7447800","4,8681900",69,2019,50.0,1.0,1.0,4.0,2159627,1.0,1,1,1,0.0,,-1.0,0,1987.0,A01,138Â 292Â 022,8.0,0.0,-1.0,1648979,1.0,7,,0.0,2.0,1.0,A01,138Â 292Â 022,1.0
966181,201900007712,6,19,08:45,1,2,2,1.0,4.0,69388,FRERES LUMIERE (DES)                (AV),M,"45,7447800","4,8681900",69,2019,50.0,1.0,1.0,4.0,2159627,1.0,1,1,1,0.0,,-1.0,0,1987.0,A01,138Â 292Â 022,8.0,0.0,-1.0,1648980,1.0,7,,0.0,2.0,4.0,B01,138Â 292Â 023,1.0
966181,201900007712,6,19,08:45,1,2,2,1.0,4.0,69388,FRERES LUMIERE (DES)                (AV),M,"45,7447800","4,8681900",69,2019,50.0,1.0,1.0,4.0,2159627,1.0,1,1,1,0.0,,-1.0,0,1987.0,A01,138Â 292Â 022,8.0,0.0,-1.0,1648981,1.0,10,,0.0,2.0,4.0,C01,138Â 292Â 024,1.0
966181,201900007712,6,19,08:45,1,2,2,1.0,4.0,69388,FRERES LUMIERE (DES)                (AV),M,"45,7447800","4,8681900",69,2019,50.0,1.0,1.0,4.0,2159628,2.0,2,4,1,0.0,,-1.0, -1,2017.0,A01,138Â 292Â 022,1.0,0.0,-1.0,1648979,1.0,7,,0.0,2.0,1.0,A01,138Â 292Â 022,1.0
966181,201900007712,6,19,08:45,1,2,2,1.0,4.0,69388,FRERES LUMIERE (DES)                (AV),M,"45,7447800","4,8681900",69,2019,50.0,1.0,1.0,4.0,2159628,2.0,2,4,1,0.0,,-1.0, -1,2017.0,A01,138Â 292Â 022,1.0,0.0,-1.0,1648980,1.0,7,,0.0,2.0,4.0,B01,138Â 292Â 023,1.0
966181,201900007712,6,19,08:45,1,2,2,1.0,4.0,69388,FRERES LUMIERE (DES)                (AV),M,"45,7447800","4,8681900",69,2019,50.0,1.0,1.0,4.0,2159628,2.0,2,4,1,0.0,,-1.0, -1,2017.0,A01,138Â 292Â 022,1.0,0.0,-1.0,1648981,1.0,10,,0.0,2.0,4.0,C01,138Â 292Â 024,1.0
966181,201900007712,6,19,08:45,1,2,2,1.0,4.0,69388,FRERES LUMIERE (DES)                (AV),M,"45,7447800","4,8681900",69,2019,50.0,1.0,1.0,4.0,2159629,1.0,1,1,1,0.0,,-1.0,0,1965.0,B01,138Â 292Â 023,8.0,0.0,-1.0,1648979,1.0,7,,0.0,2.0,1.0,A01,138Â 292Â 022,1.0
966181,201900007712,6,19,08:45,1,2,2,1.0,4.0,69388,FRERES LUMIERE (DES)                (AV),M,"45,7447800","4,8681900",69,2019,50.0,1.0,1.0,4.0,2159629,1.0,1,1,1,0.0,,-1.0,0,1965.0,B01,138Â 292Â 023,8.0,0.0,-1.0,1648980,1.0,7,,0.0,2.0,4.0,B01,138Â 292Â 023,1.0
966181,201900007712,6,19,08:45,1,2,2,1.0,4.0,69388,FRERES LUMIERE (DES)                (AV),M,"45,7447800","4,8681900",69,2019,50.0,1.0,1.0,4.0,2159629,1.0,1,1,1,0.0,,-1.0,0,1965.0,B01,138Â 292Â 023,8.0,0.0,-1.0,1648981,1.0,10,,0.0,2.0,4.0,C01,138Â 292Â 024,1.0
966181,201900007712,6,19,08:45,1,2,2,1.0,4.0,69388,FRERES LUMIERE (DES)                (AV),M,"45,7447800","4,8681900",69,2019,50.0,1.0,1.0,4.0,2159630,1.0,1,1,1,0.0,,-1.0,0,1971.0,C01,138Â 292Â 024,8.0,0.0,-1.0,1648979,1.0,7,,0.0,2.0,1.0,A01,138Â 292Â 022,1.0
966181,201900007712,6,19,08:45,1,2,2,1.0,4.0,69388,FRERES LUMIERE (DES)                (AV),M,"45,7447800","4,8681900",69,2019,50.0,1.0,1.0,4.0,2159630,1.0,1,1,1,0.0,,-1.0,0,1971.0,C01,138Â 292Â 024,8.0,0.0,-1.0,1648980,1.0,7,,0.0,2.0,4.0,B01,138Â 292Â 023,1.0
966181,201900007712,6,19,08:45,1,2,2,1.0,4.0,69388,FRERES LUMIERE (DES)                (AV),M,"45,7447800","4,8681900",69,2019,50.0,1.0,1.0,4.0,2159630,1.0,1,1,1,0.0,,-1.0,0,1971.0,C01,138Â 292Â 024,8.0,0.0,-1.0,1648981,1.0,10,,0.0,2.0,4.0,C01,138Â 292Â 024,1.0
966182,201900007713,9,10,15:08,1,2,1,1.0,6.0,54547,OPALINSKA (RUE CATHERINE),M,"48,6667940","6,1942760",54,2019,30.0,1.0,1.0,4.0,2159631,1.0,1,4,1,0.0,,-1.0,0,1953.0,B01,138Â 292Â 016,2.0,0.0,-1.0,1648982,1.0,1,,0.0,2.0,1.0,B01,138Â 292Â 016,5.0
966182,201900007713,9,10,15:08,1,2,1,1.0,6.0,54547,OPALINSKA (RUE CATHERINE),M,"48,6667940","6,1942760",54,2019,30.0,1.0,1.0,4.0,2159631,1.0,1,4,1,0.0,,-1.0,0,1953.0,B01,138Â 292Â 016,2.0,0.0,-1.0,1648983,1.0,7,,0.0,2.0,1.0,Z01,138Â 292Â 017,1.0
966183,201900007714,9,11,17:45,1,2,1,1.0,6.0,54526,POTIER (RUE EUGENE),M,"48,6879610","6,2165580",54,2019,50.0,1.0,1.0,4.0,2159632,1.0,1,4,1,0.0,,-1.0,0,1980.0,B01,138Â 292Â 014,1.0,0.0,-1.0,1648984,1.0,7,,0.0,2.0,0.0,B01,138Â 292Â 014,1.0
966183,201900007714,9,11,17:45,1,2,1,1.0,6.0,54526,POTIER (RUE EUGENE),M,"48,6879610","6,2165580",54,2019,50.0,1.0,1.0,4.0,2159632,1.0,1,4,1,0.0,,-1.0,0,1980.0,B01,138Â 292Â 014,1.0,0.0,-1.0,1648985,0.0,7,,0.0,2.0,0.0,Z01,138Â 292Â 015,1.0
966184,201900007715,9,6,08:45,1,2,1,1.0,7.0,54395,LAXOU (Rue de),M,"48,6863370","6,1655540",54,2019,30.0,1.0,1.0,4.0,2159633,10.0,3,4,1,0.0,,5.0,B,1996.0,Z01,138Â 292Â 013,8.0,0.0,-1.0,1648986,2.0,3,,0.0,1.0,0.0,Z01,138Â 292Â 013,1.0
966185,201900007716,9,14,09:45,1,2,1,1.0,6.0,38185,MALHERBE (AVENUE),M,"45,1704500","5,7391800",38,2019,30.0,1.0,1.0,4.0,2159634,10.0,3,4,2,0.0,,3.0,3,1994.0,A01,138Â 292Â 012,8.0,0.0,-1.0,1648987,3.0,7,,0.0,1.0,7.0,A01,138Â 292Â 012,1.0
966185,201900007716,9,14,09:45,1,2,1,1.0,6.0,38185,MALHERBE (AVENUE),M,"45,1704500","5,7391800",38,2019,30.0,1.0,1.0,4.0,2159635,1.0,1,1,1,0.0,,0.0,0,1937.0,A01,138Â 292Â 012,1.0,0.0,-1.0,1648987,3.0,7,,0.0,1.0,7.0,A01,138Â 292Â 012,1.0
966186,201900007717,9,9,12:00,1,2,1,1.0,6.0,13047,MARTIGUES ROUTE DE,M,"43,4724870","4,9983910",13,2019,50.0,1.0,1.0,3.0,2159636,10.0,3,4,2,0.0,,3.0,3,1983.0,A01,138Â 292Â 011,8.0,0.0,-1.0,1648988,1.0,10,,0.0,1.0,1.0,A01,138Â 292Â 011,1.0
966187,201900007718,6,18,09:00,1,2,1,1.0,4.0,05061,EYSSAGNIERES ( ROUTE DES ),M,"44,5543000","6,0549100",5,2019,50.0,1.0,1.0,3.0,2159637,1.0,1,1,1,0.0,,-1.0,0,1945.0,C01,138Â 292Â 008,1.0,0.0,-1.0,1648989,1.0,7,,0.0,2.0,4.0,C01,138Â 292Â 008,1.0