Unnamed: 0_x,num_acc,mois,jour,hrmn,lum,agg,int,atm,col,com,adr,gps,lat,long,dep,annee,vma,situ,surf,catr,Unnamed: 0_y,place,catu,grav,sexe,trajet,secu,locp,actp,an_nais,num_veh_x,id_vehicule_x,secu1,secu2,secu3,Unnamed: 0,senc,catv,occutc,obs,obsm,choc,num_veh_y,id_vehicule_y,motor
966187,201900007718,6,18,09:00,1,2,1,1.0,4.0,05061,EYSSAGNIERES ( ROUTE DES ),M,"44,5543000","6,0549100",5,2019,50.0,1.0,1.0,3.0,2159637,1.0,1,1,1,0.0,,-1.0,0,1945.0,C01,138Â 292Â 008,1.0,0.0,-1.0,1648990,1.0,7,,0.0,2.0,4.0,B01,138Â 292Â 009,1.0
966187,201900007718,6,18,09:00,1,2,1,1.0,4.0,05061,EYSSAGNIERES ( ROUTE DES ),M,"44,5543000","6,0549100",5,2019,50.0,1.0,1.0,3.0,2159637,1.0,1,1,1,0.0,,-1.0,0,1945.0,C01,138Â 292Â 008,1.0,0.0,-1.0,1648991,1.0,7,,0.0,2.0,1.0,A01,138Â 292Â 010,1.0
966187,201900007718,6,18,09:00,1,2,1,1.0,4.0,05061,EYSSAGNIERES ( ROUTE DES ),M,"44,5543000","6,0549100",5,2019,50.0,1.0,1.0,3.0,2159638,1.0,1,4,1,0.0,,0.0,0,1994.0,B01,138Â 292Â 009,1.0,0.0,-1.0,1648989,1.0,7,,0.0,2.0,4.0,C01,138Â 292Â 008,1.0
966187,201900007718,6,18,09:00,1,2,1,1.0,4.0,05061,EYSSAGNIERES ( ROUTE DES ),M,"44,5543000","6,0549100",5,2019,50.0,1.0,1.0,3.0,2159638,1.0,1,4,1,0.0,,0.0,0,1994.0,B01,138Â 292Â 009,1.0,0.0,-1.0,1648990,1.0,7,,0.0,2.0,4.0,B01,138Â 292Â 009,1.0
966187,201900007718,6,18,09:00,1,2,1,1.0,4.0,05061,EYSSAGNIERES ( ROUTE DES ),M,"44,5543000","6,0549100",5,2019,50.0,1.0,1.0,3.0,2159638,1.0,1,4,1,0.0,,0.0,0,1994.0,B01,138Â 292Â 009,1.0,0.0,-1.0,1648991,1.0,7,,0.0,2.0,1.0,A01,138Â 292Â 010,1.0
966187,201900007718,6,18,09:00,1,2,1,1.0,4.0,05061,EYSSAGNIERES ( ROUTE DES ),M,"44,5543000","6,0549100",5,2019,50.0,1.0,1.0,3.0,2159639,1.0,1,4,2,0.0,,0.0,0,1978.0,A01,138Â 292Â 010,1.0,0.0,-1.0,1648989,1.0,7,,0.0,2.0,4.0,C01,138Â 292Â 008,1.0
966187,201900007718,6,18,09:00,1,2,1,1.0,4.0,05061,EYSSAGNIERES ( ROUTE DES ),M,"44,5543000","6,0549100",5,2019,50.0,1.0,1.0,3.0,2159639,1.0,1,4,2,0.0,,0.0,0,1978.0,A01,138Â 292Â 010,1.0,0.0,-1.0,1648990,1.0,7,,0.0,2.0,4.0,B01,138Â 292Â 009,1.0
966187,201900007718,6,18,09:00,1,2,1,1.0,4.0,05061,EYSSAGNIERES ( ROUTE DES ),M,"44,5543000","6,0549100",5,2019,50.0,1.0,1.0,3.0,2159639,1.0,1,4,2,0.0,,0.0,0,1978.0,A01,138Â 292Â 010,1.0,0.0,-1.0,1648991,1.0,7,,0.0,2.0,1.0,A01,138Â 292Â 010,1.0
966188,201900007719,9,16,21:05,5,2,6,1.0,2.0,97611,kaweni-SPPM ( rue de la ),M," -12,7710300","45,2236100",976,2019,50.0,1.0,1.0,2.0,2159640,1.0,1,1,1,0.0,,-1.0,0,1954.0,B01,138Â 292Â 006,1.0,8.0,-1.0,1648992,1.0,7,,0.0,2.0,4.0,B01,138Â 292Â 006,1.0
966188,201900007719,9,16,21:05,5,2,6,1.0,2.0,97611,kaweni-SPPM ( rue de la ),M," -12,7710300","45,2236100",976,2019,50.0,1.0,1.0,2.0,2159640,1.0,1,1,1,0.0,,-1.0,0,1954.0,B01,138Â 292Â 006,1.0,8.0,-1.0,1648993,1.0,30,,0.0,2.0,1.0,A01,138Â 292Â 007,1.0
966188,201900007719,9,16,21:05,5,2,6,1.0,2.0,97611,kaweni-SPPM ( rue de la ),M," -12,7710300","45,2236100",976,2019,50.0,1.0,1.0,2.0,2159641,1.0,1,4,1,0.0,,-1.0,0,1986.0,A01,138Â 292Â 007,2.0,8.0,-1.0,1648992,1.0,7,,0.0,2.0,4.0,B01,138Â 292Â 006,1.0
966188,201900007719,9,16,21:05,5,2,6,1.0,2.0,97611,kaweni-SPPM ( rue de la ),M," -12,7710300","45,2236100",976,2019,50.0,1.0,1.0,2.0,2159641,1.0,1,4,1,0.0,,-1.0,0,1986.0,A01,138Â 292Â 007,2.0,8.0,-1.0,1648993,1.0,30,,0.0,2.0,1.0,A01,138Â 292Â 007,1.0
966189,201900007720,9,16,20:45,5,1,1,1.0,2.0,97416,RN02,M," -21,3332100","55,4825700",974,2019,50.0,1.0,1.0,2.0,2159642,1.0,1,1,1,1.0,,-1.0, -1,1987.0,A01,138Â 292Â 004,1.0,0.0,-1.0,1648994,3.0,7,,0.0,2.0,1.0,A01,138Â 292Â 004,1.0
966189,201900007720,9,16,20:45,5,1,1,1.0,2.0,97416,RN02,M," -21,3332100","55,4825700",974,2019,50.0,1.0,1.0,2.0,2159642,1.0,1,1,1,1.0,,-1.0, -1,1987.0,A01,138Â 292Â 004,1.0,0.0,-1.0,1648995,3.0,7,,12.0,0.0,4.0,B01,138Â 292Â 005,1.0
966189,201900007720,9,16,20:45,5,1,1,1.0,2.0,97416,RN02,M," -21,3332100","55,4825700",974,2019,50.0,1.0,1.0,2.0,2159643,2.0,2,4,2,0.0,,-1.0,0,1998.0,B01,138Â 292Â 005,1.0,0.0,-1.0,1648994,3.0,7,,0.0,2.0,1.0,A01,138Â 292Â 004,1.0
966189,201900007720,9,16,20:45,5,1,1,1.0,2.0,97416,RN02,M," -21,3332100","55,4825700",974,2019,50.0,1.0,1.0,2.0,2159643,2.0,2,4,2,0.0,,-1.0,0,1998.0,B01,138Â 292Â 005,1.0,0.0,-1.0,1648995,3.0,7,,12.0,0.0,4.0,B01,138Â 292Â 005,1.0
966189,201900007720,9,16,20:45,5,1,1,1.0,2.0,97416,RN02,M," -21,3332100","55,4825700",974,2019,50.0,1.0,1.0,2.0,2159644,1.0,1,1,1,0.0,,-1.0, -1,1995.0,B01,138Â 292Â 005,1.0,0.0,-1.0,1648994,3.0,7,,0.0,2.0,1.0,A01,138Â 292Â 004,1.0
966189,201900007720,9,16,20:45,5,1,1,1.0,2.0,97416,RN02,M," -21,3332100","55,4825700",974,2019,50.0,1.0,1.0,2.0,2159644,1.0,1,1,1,0.0,,-1.0, -1,1995.0,B01,138Â 292Â 005,1.0,0.0,-1.0,1648995,3.0,7,,12.0,0.0,4.0,B01,138Â 292Â 005,1.0
966190,201900007721,9,16,07:45,1,2,9,1.0,3.0,97302,RABAN (ROUTE DE),M,"4,9339617"," -52,3135686",973,2019,50.0,1.0,1.0,4.0,2159645,1.0,1,4,1,9.0,,-1.0,0,1999.0,B01,138Â 292Â 000,2.0,8.0,-1.0,1648996,0.0,2,,0.0,2.0,4.0,B01,138Â 292Â 000,6.0
966190,201900007721,9,16,07:45,1,2,9,1.0,3.0,97302,RABAN (ROUTE DE),M,"4,9339617"," -52,3135686",973,2019,50.0,1.0,1.0,4.0,2159645,1.0,1,4,1,9.0,,-1.0,0,1999.0,B01,138Â 292Â 000,2.0,8.0,-1.0,1648997,0.0,7,,0.0,2.0,3.0,A01,138Â 292Â 001,6.0
966190,201900007721,9,16,07:45,1,2,9,1.0,3.0,97302,RABAN (ROUTE DE),M,"4,9339617"," -52,3135686",973,2019,50.0,1.0,1.0,4.0,2159646,5.0,2,3,2,9.0,,-1.0,0,2003.0,B01,138Â 292Â 000,2.0,8.0,-1.0,1648996,0.0,2,,0.0,2.0,4.0,B01,138Â 292Â 000,6.0
966190,201900007721,9,16,07:45,1,2,9,1.0,3.0,97302,RABAN (ROUTE DE),M,"4,9339617"," -52,3135686",973,2019,50.0,1.0,1.0,4.0,2159646,5.0,2,3,2,9.0,,-1.0,0,2003.0,B01,138Â 292Â 000,2.0,8.0,-1.0,1648997,0.0,7,,0.0,2.0,3.0,A01,138Â 292Â 001,6.0
966190,201900007721,9,16,07:45,1,2,9,1.0,3.0,97302,RABAN (ROUTE DE),M,"4,9339617"," -52,3135686",973,2019,50.0,1.0,1.0,4.0,2159647,1.0,1,1,1,0.0,,-1.0,0,1978.0,A01,138Â 292Â 001,1.0,8.0,-1.0,1648996,0.0,2,,0.0,2.0,4.0,B01,138Â 292Â 000,6.0
966190,201900007721,9,16,07:45,1,2,9,1.0,3.0,97302,RABAN (ROUTE DE),M,"4,9339617"," -52,3135686",973,2019,50.0,1.0,1.0,4.0,2159647,1.0,1,1,1,0.0,,-1.0,0,1978.0,A01,138Â 292Â 001,1.0,8.0,-1.0,1648997,0.0,7,,0.0,2.0,3.0,A01,138Â 292Â 001,6.0
966191,201900007722,9,16,13:45,1,2,9,1.0,6.0,69387,GERLAND (DE)                        (R ),M,"45,7356600","4,8395800",69,2019,50.0,1.0,1.0,4.0,2159648,1.0,1,4,2,0.0,,-1.0,0,1985.0,B01,138Â 291Â 998,2.0,0.0,-1.0,1648998,1.0,1,,1.0,0.0,0.0,B01,138Â 291Â 998,0.0
966191,201900007722,9,16,13:45,1,2,9,1.0,6.0,69387,GERLAND (DE)                        (R ),M,"45,7356600","4,8395800",69,2019,50.0,1.0,1.0,4.0,2159648,1.0,1,4,2,0.0,,-1.0,0,1985.0,B01,138Â 291Â 998,2.0,0.0,-1.0,1648999,1.0,7,,0.0,0.0,3.0,A01,138Â 291Â 999,0.0
966191,201900007722,9,16,13:45,1,2,9,1.0,6.0,69387,GERLAND (DE)                        (R ),M,"45,7356600","4,8395800",69,2019,50.0,1.0,1.0,4.0,2159649,1.0,1,1,1,9.0,,-1.0,0,1973.0,A01,138Â 291Â 999,8.0,0.0,-1.0,1648998,1.0,1,,1.0,0.0,0.0,B01,138Â 291Â 998,0.0
966191,201900007722,9,16,13:45,1,2,9,1.0,6.0,69387,GERLAND (DE)                        (R ),M,"45,7356600","4,8395800",69,2019,50.0,1.0,1.0,4.0,2159649,1.0,1,1,1,9.0,,-1.0,0,1973.0,A01,138Â 291Â 999,8.0,0.0,-1.0,1648999,1.0,7,,0.0,0.0,3.0,A01,138Â 291Â 999,0.0
966192,201900007723,9,16,15:25,1,2,2,1.0,3.0,69034,VERNAY (DU)                         (MO),M,"45,8099000","4,8573200",69,2019,50.0,1.0,1.0,4.0,2159650,10.0,3,4,1,2.0,,3.0,3,2007.0,Y01,138Â 291Â 996,8.0,0.0,-1.0,1649000,3.0,1,,0.0,2.0,7.0,Y01,138Â 291Â 996,5.0
966192,201900007723,9,16,15:25,1,2,2,1.0,3.0,69034,VERNAY (DU)                         (MO),M,"45,8099000","4,8573200",69,2019,50.0,1.0,1.0,4.0,2159650,10.0,3,4,1,2.0,,3.0,3,2007.0,Y01,138Â 291Â 996,8.0,0.0,-1.0,1649001,3.0,10,,0.0,1.0,1.0,A01,138Â 291Â 997,1.0
966192,201900007723,9,16,15:25,1,2,2,1.0,3.0,69034,VERNAY (DU)                         (MO),M,"45,8099000","4,8573200",69,2019,50.0,1.0,1.0,4.0,2159651,1.0,1,1,2,5.0,,-1.0,0,1964.0,A01,138Â 291Â 997,1.0,0.0,-1.0,1649000,3.0,1,,0.0,2.0,7.0,Y01,138Â 291Â 996,5.0
966192,201900007723,9,16,15:25,1,2,2,1.0,3.0,69034,VERNAY (DU)                         (MO),M,"45,8099000","4,8573200",69,2019,50.0,1.0,1.0,4.0,2159651,1.0,1,1,2,5.0,,-1.0,0,1964.0,A01,138Â 291Â 997,1.0,0.0,-1.0,1649001,3.0,10,,0.0,1.0,1.0,A01,138Â 291Â 997,1.0
966193,201900007724,9,16,21:50,3,1,1,1.0,7.0,2B120,11 - RT,M,"42,6407800","9,4400000",2B,2019,90.0,1.0,1.0,2.0,2159652,1.0,1,4,1,5.0,,-1.0, -1,1985.0,A01,138Â 291Â 995,1.0,0.0,-1.0,1649002,3.0,10,,4.0,0.0,3.0,A01,138Â 291Â 995,0.0
966194,201900007725,9,16,13:50,1,2,1,1.0,7.0,2A004,NAPOLEON III AVENUE PAIR,M,"41,9240700","8,7352500",2A,2019,50.0,1.0,1.0,4.0,2159653,10.0,3,4,2,1.0,,5.0,1,1965.0,A01,138Â 291Â 994,8.0,0.0,-1.0,1649003,3.0,7,,15.0,0.0,2.0,A01,138Â 291Â 994,1.0
966194,201900007725,9,16,13:50,1,2,1,1.0,7.0,2A004,NAPOLEON III AVENUE PAIR,M,"41,9240700","8,7352500",2A,2019,50.0,1.0,1.0,4.0,2159654,1.0,1,1,1,5.0,,-1.0, -1,1953.0,A01,138Â 291Â 994,1.0,0.0,-1.0,1649003,3.0,7,,15.0,0.0,2.0,A01,138Â 291Â 994,1.0
966195,201900007726,9,16,09:50,1,2,3,1.0,6.0,91326,PIVER (RUE),M,"48,6886220","2,3714030",91,2019,50.0,1.0,1.0,2.0,2159655,2.0,2,1,1,0.0,,0.0,0,1986.0,A01,138Â 291Â 991,1.0,0.0,-1.0,1649004,3.0,7,,0.0,1.0,3.0,A01,138Â 291Â 991,1.0
966195,201900007726,9,16,09:50,1,2,3,1.0,6.0,91326,PIVER (RUE),M,"48,6886220","2,3714030",91,2019,50.0,1.0,1.0,2.0,2159656,10.0,3,3,2,0.0,,3.0,3,1997.0,A01,138Â 291Â 991,8.0,0.0,-1.0,1649004,3.0,7,,0.0,1.0,3.0,A01,138Â 291Â 991,1.0
966195,201900007726,9,16,09:50,1,2,3,1.0,6.0,91326,PIVER (RUE),M,"48,6886220","2,3714030",91,2019,50.0,1.0,1.0,2.0,2159657,1.0,1,1,1,0.0,,0.0,0,1996.0,A01,138Â 291Â 991,8.0,0.0,-1.0,1649004,3.0,7,,0.0,1.0,3.0,A01,138Â 291Â 991,1.0
966196,201900007727,9,15,10:45,1,2,1,1.0,7.0,91223,R.N.20,M,"48,3978900","2,1185800",91,2019,90.0,1.0,1.0,2.0,2159658,1.0,1,4,1,0.0,,0.0,0,1973.0,A01,138Â 291Â 990,1.0,8.0,-1.0,1649005,1.0,7,,0.0,0.0,9.0,A01,138Â 291Â 990,1.0
966197,201900007728,9,16,07:46,1,2,6,1.0,3.0,91103,DE GAULLE   (AVENUE DU GENERAL),M,"48,6080000","2,3190000",91,2019,50.0,1.0,1.0,4.0,2159659,1.0,1,1,2,1.0,,0.0,0,1980.0,A01,138Â 291Â 988,1.0,0.0,-1.0,1649006,3.0,7,,0.0,2.0,3.0,A01,138Â 291Â 988,1.0
966197,201900007728,9,16,07:46,1,2,6,1.0,3.0,91103,DE GAULLE   (AVENUE DU GENERAL),M,"48,6080000","2,3190000",91,2019,50.0,1.0,1.0,4.0,2159659,1.0,1,1,2,1.0,,0.0,0,1980.0,A01,138Â 291Â 988,1.0,0.0,-1.0,1649007,3.0,30,,0.0,2.0,7.0,B01,138Â 291Â 989,1.0
966197,201900007728,9,16,07:46,1,2,6,1.0,3.0,91103,DE GAULLE   (AVENUE DU GENERAL),M,"48,6080000","2,3190000",91,2019,50.0,1.0,1.0,4.0,2159660,2.0,2,4,1,2.0,,0.0,0,2007.0,B01,138Â 291Â 989,2.0,6.0,-1.0,1649006,3.0,7,,0.0,2.0,3.0,A01,138Â 291Â 988,1.0
966197,201900007728,9,16,07:46,1,2,6,1.0,3.0,91103,DE GAULLE   (AVENUE DU GENERAL),M,"48,6080000","2,3190000",91,2019,50.0,1.0,1.0,4.0,2159660,2.0,2,4,1,2.0,,0.0,0,2007.0,B01,138Â 291Â 989,2.0,6.0,-1.0,1649007,3.0,30,,0.0,2.0,7.0,B01,138Â 291Â 989,1.0
966197,201900007728,9,16,07:46,1,2,6,1.0,3.0,91103,DE GAULLE   (AVENUE DU GENERAL),M,"48,6080000","2,3190000",91,2019,50.0,1.0,1.0,4.0,2159661,1.0,1,1,2,2.0,,0.0,0,1974.0,B01,138Â 291Â 989,2.0,6.0,-1.0,1649006,3.0,7,,0.0,2.0,3.0,A01,138Â 291Â 988,1.0
966197,201900007728,9,16,07:46,1,2,6,1.0,3.0,91103,DE GAULLE   (AVENUE DU GENERAL),M,"48,6080000","2,3190000",91,2019,50.0,1.0,1.0,4.0,2159661,1.0,1,1,2,2.0,,0.0,0,1974.0,B01,138Â 291Â 989,2.0,6.0,-1.0,1649007,3.0,30,,0.0,2.0,7.0,B01,138Â 291Â 989,1.0
966198,201900007729,9,13,12:02,1,2,1,1.0,2.0,80021,FRANKLIN ROOSEVELT (RUE),M,"49,9178400","2,2941200",80,2019,50.0,1.0,1.0,4.0,2159662,1.0,1,1,1,0.0,,-1.0, -1,1984.0,B01,138Â 291Â 983,1.0,0.0,-1.0,1649008,0.0,10,,0.0,2.0,6.0,B01,138Â 291Â 983,1.0
966198,201900007729,9,13,12:02,1,2,1,1.0,2.0,80021,FRANKLIN ROOSEVELT (RUE),M,"49,9178400","2,2941200",80,2019,50.0,1.0,1.0,4.0,2159662,1.0,1,1,1,0.0,,-1.0, -1,1984.0,B01,138Â 291Â 983,1.0,0.0,-1.0,1649009,0.0,2,,0.0,2.0,1.0,A01,138Â 291Â 984,1.0
966198,201900007729,9,13,12:02,1,2,1,1.0,2.0,80021,FRANKLIN ROOSEVELT (RUE),M,"49,9178400","2,2941200",80,2019,50.0,1.0,1.0,4.0,2159663,1.0,1,4,1,0.0,,-1.0, -1,1995.0,A01,138Â 291Â 984,2.0,0.0,-1.0,1649008,0.0,10,,0.0,2.0,6.0,B01,138Â 291Â 983,1.0
966198,201900007729,9,13,12:02,1,2,1,1.0,2.0,80021,FRANKLIN ROOSEVELT (RUE),M,"49,9178400","2,2941200",80,2019,50.0,1.0,1.0,4.0,2159663,1.0,1,4,1,0.0,,-1.0, -1,1995.0,A01,138Â 291Â 984,2.0,0.0,-1.0,1649009,0.0,2,,0.0,2.0,1.0,A01,138Â 291Â 984,1.0
966199,201900007730,9,15,23:00,5,2,8,1.0,3.0,77390,D21 X VOIE FERREE (PN),M,"48,7910400","2,6644800",77,2019,50.0,1.0,1.0,3.0,2159664,7.0,2,4,1,4.0,,-1.0,0,1987.0,B01,138Â 291Â 975,8.0,0.0,-1.0,1649010,2.0,39,,0.0,2.0,1.0,B01,138Â 291Â 975,0.0
966199,201900007730,9,15,23:00,5,2,8,1.0,3.0,77390,D21 X VOIE FERREE (PN),M,"48,7910400","2,6644800",77,2019,50.0,1.0,1.0,3.0,2159664,7.0,2,4,1,4.0,,-1.0,0,1987.0,B01,138Â 291Â 975,8.0,0.0,-1.0,1649011,1.0,7,,0.0,-1.0,8.0,A01,138Â 291Â 976,1.0
966199,201900007730,9,15,23:00,5,2,8,1.0,3.0,77390,D21 X VOIE FERREE (PN),M,"48,7910400","2,6644800",77,2019,50.0,1.0,1.0,3.0,2159665,5.0,2,4,2,4.0,,-1.0,0,1997.0,B01,138Â 291Â 975,8.0,0.0,-1.0,1649010,2.0,39,,0.0,2.0,1.0,B01,138Â 291Â 975,0.0
966199,201900007730,9,15,23:00,5,2,8,1.0,3.0,77390,D21 X VOIE FERREE (PN),M,"48,7910400","2,6644800",77,2019,50.0,1.0,1.0,3.0,2159665,5.0,2,4,2,4.0,,-1.0,0,1997.0,B01,138Â 291Â 975,8.0,0.0,-1.0,1649011,1.0,7,,0.0,-1.0,8.0,A01,138Â 291Â 976,1.0
966199,201900007730,9,15,23:00,5,2,8,1.0,3.0,77390,D21 X VOIE FERREE (PN),M,"48,7910400","2,6644800",77,2019,50.0,1.0,1.0,3.0,2159666,3.0,2,4,1,4.0,,-1.0,0,1974.0,B01,138Â 291Â 975,8.0,0.0,-1.0,1649010,2.0,39,,0.0,2.0,1.0,B01,138Â 291Â 975,0.0
966199,201900007730,9,15,23:00,5,2,8,1.0,3.0,77390,D21 X VOIE FERREE (PN),M,"48,7910400","2,6644800",77,2019,50.0,1.0,1.0,3.0,2159666,3.0,2,4,1,4.0,,-1.0,0,1974.0,B01,138Â 291Â 975,8.0,0.0,-1.0,1649011,1.0,7,,0.0,-1.0,8.0,A01,138Â 291Â 976,1.0
966199,201900007730,9,15,23:00,5,2,8,1.0,3.0,77390,D21 X VOIE FERREE (PN),M,"48,7910400","2,6644800",77,2019,50.0,1.0,1.0,3.0,2159667,8.0,2,4,2,4.0,,-1.0,0,1990.0,B01,138Â 291Â 975,8.0,0.0,-1.0,1649010,2.0,39,,0.0,2.0,1.0,B01,138Â 291Â 975,0.0
966199,201900007730,9,15,23:00,5,2,8,1.0,3.0,77390,D21 X VOIE FERREE (PN),M,"48,7910400","2,6644800",77,2019,50.0,1.0,1.0,3.0,2159667,8.0,2,4,2,4.0,,-1.0,0,1990.0,B01,138Â 291Â 975,8.0,0.0,-1.0,1649011,1.0,7,,0.0,-1.0,8.0,A01,138Â 291Â 976,1.0
966199,201900007730,9,15,23:00,5,2,8,1.0,3.0,77390,D21 X VOIE FERREE (PN),M,"48,7910400","2,6644800",77,2019,50.0,1.0,1.0,3.0,2159668,9.0,2,4,1,0.0,,-1.0,0,2000.0,B01,138Â 291Â 975,8.0,0.0,-1.0,1649010,2.0,39,,0.0,2.0,1.0,B01,138Â 291Â 975,0.0
966199,201900007730,9,15,23:00,5,2,8,1.0,3.0,77390,D21 X VOIE FERREE (PN),M,"48,7910400","2,6644800",77,2019,50.0,1.0,1.0,3.0,2159668,9.0,2,4,1,0.0,,-1.0,0,2000.0,B01,138Â 291Â 975,8.0,0.0,-1.0,1649011,1.0,7,,0.0,-1.0,8.0,A01,138Â 291Â 976,1.0
966199,201900007730,9,15,23:00,5,2,8,1.0,3.0,77390,D21 X VOIE FERREE (PN),M,"48,7910400","2,6644800",77,2019,50.0,1.0,1.0,3.0,2159669,4.0,2,4,1,0.0,,-1.0,0,1986.0,B01,138Â 291Â 975,8.0,0.0,-1.0,1649010,2.0,39,,0.0,2.0,1.0,B01,138Â 291Â 975,0.0
966199,201900007730,9,15,23:00,5,2,8,1.0,3.0,77390,D21 X VOIE FERREE (PN),M,"48,7910400","2,6644800",77,2019,50.0,1.0,1.0,3.0,2159669,4.0,2,4,1,0.0,,-1.0,0,1986.0,B01,138Â 291Â 975,8.0,0.0,-1.0,1649011,1.0,7,,0.0,-1.0,8.0,A01,138Â 291Â 976,1.0
966199,201900007730,9,15,23:00,5,2,8,1.0,3.0,77390,D21 X VOIE FERREE (PN),M,"48,7910400","2,6644800",77,2019,50.0,1.0,1.0,3.0,2159670,3.0,2,4,1,0.0,,-1.0,0,1996.0,B01,138Â 291Â 975,8.0,0.0,-1.0,1649010,2.0,39,,0.0,2.0,1.0,B01,138Â 291Â 975,0.0
966199,201900007730,9,15,23:00,5,2,8,1.0,3.0,77390,D21 X VOIE FERREE (PN),M,"48,7910400","2,6644800",77,2019,50.0,1.0,1.0,3.0,2159670,3.0,2,4,1,0.0,,-1.0,0,1996.0,B01,138Â 291Â 975,8.0,0.0,-1.0,1649011,1.0,7,,0.0,-1.0,8.0,A01,138Â 291Â 976,1.0
966199,201900007730,9,15,23:00,5,2,8,1.0,3.0,77390,D21 X VOIE FERREE (PN),M,"48,7910400","2,6644800",77,2019,50.0,1.0,1.0,3.0,2159671,2.0,2,4,1,4.0,,-1.0,0,1989.0,B01,138Â 291Â 975,8.0,0.0,-1.0,1649010,2.0,39,,0.0,2.0,1.0,B01,138Â 291Â 975,0.0
966199,201900007730,9,15,23:00,5,2,8,1.0,3.0,77390,D21 X VOIE FERREE (PN),M,"48,7910400","2,6644800",77,2019,50.0,1.0,1.0,3.0,2159671,2.0,2,4,1,4.0,,-1.0,0,1989.0,B01,138Â 291Â 975,8.0,0.0,-1.0,1649011,1.0,7,,0.0,-1.0,8.0,A01,138Â 291Â 976,1.0
966199,201900007730,9,15,23:00,5,2,8,1.0,3.0,77390,D21 X VOIE FERREE (PN),M,"48,7910400","2,6644800",77,2019,50.0,1.0,1.0,3.0,2159672,2.0,2,4,2,0.0,,-1.0,0,1985.0,B01,138Â 291Â 975,8.0,0.0,-1.0,1649010,2.0,39,,0.0,2.0,1.0,B01,138Â 291Â 975,0.0
966199,201900007730,9,15,23:00,5,2,8,1.0,3.0,77390,D21 X VOIE FERREE (PN),M,"48,7910400","2,6644800",77,2019,50.0,1.0,1.0,3.0,2159672,2.0,2,4,2,0.0,,-1.0,0,1985.0,B01,138Â 291Â 975,8.0,0.0,-1.0,1649011,1.0,7,,0.0,-1.0,8.0,A01,138Â 291Â 976,1.0
966199,201900007730,9,15,23:00,5,2,8,1.0,3.0,77390,D21 X VOIE FERREE (PN),M,"48,7910400","2,6644800",77,2019,50.0,1.0,1.0,3.0,2159673,1.0,1,1,1,4.0,,-1.0,0,1979.0,B01,138Â 291Â 975,8.0,0.0,-1.0,1649010,2.0,39,,0.0,2.0,1.0,B01,138Â 291Â 975,0.0
966199,201900007730,9,15,23:00,5,2,8,1.0,3.0,77390,D21 X VOIE FERREE (PN),M,"48,7910400","2,6644800",77,2019,50.0,1.0,1.0,3.0,2159673,1.0,1,1,1,4.0,,-1.0,0,1979.0,B01,138Â 291Â 975,8.0,0.0,-1.0,1649011,1.0,7,,0.0,-1.0,8.0,A01,138Â 291Â 976,1.0
966199,201900007730,9,15,23:00,5,2,8,1.0,3.0,77390,D21 X VOIE FERREE (PN),M,"48,7910400","2,6644800",77,2019,50.0,1.0,1.0,3.0,2159674,3.0,2,1,2,0.0,,-1.0,0,2007.0,A01,138Â 291Â 976,8.0,0.0,-1.0,1649010,2.0,39,,0.0,2.0,1.0,B01,138Â 291Â 975,0.0
966199,201900007730,9,15,23:00,5,2,8,1.0,3.0,77390,D21 X VOIE FERREE (PN),M,"48,7910400","2,6644800",77,2019,50.0,1.0,1.0,3.0,2159674,3.0,2,1,2,0.0,,-1.0,0,2007.0,A01,138Â 291Â 976,8.0,0.0,-1.0,1649011,1.0,7,,0.0,-1.0,8.0,A01,138Â 291Â 976,1.0
966199,201900007730,9,15,23:00,5,2,8,1.0,3.0,77390,D21 X VOIE FERREE (PN),M,"48,7910400","2,6644800",77,2019,50.0,1.0,1.0,3.0,2159675,2.0,2,1,1,0.0,,-1.0,0,2006.0,A01,138Â 291Â 976,8.0,0.0,-1.0,1649010,2.0,39,,0.0,2.0,1.0,B01,138Â 291Â 975,0.0
966199,201900007730,9,15,23:00,5,2,8,1.0,3.0,77390,D21 X VOIE FERREE (PN),M,"48,7910400","2,6644800",77,2019,50.0,1.0,1.0,3.0,2159675,2.0,2,1,1,0.0,,-1.0,0,2006.0,A01,138Â 291Â 976,8.0,0.0,-1.0,1649011,1.0,7,,0.0,-1.0,8.0,A01,138Â 291Â 976,1.0
966199,201900007730,9,15,23:00,5,2,8,1.0,3.0,77390,D21 X VOIE FERREE (PN),M,"48,7910400","2,6644800",77,2019,50.0,1.0,1.0,3.0,2159676,4.0,2,1,1,0.0,,-1.0,0,1975.0,A01,138Â 291Â 976,8.0,0.0,-1.0,1649010,2.0,39,,0.0,2.0,1.0,B01,138Â 291Â 975,0.0
966199,201900007730,9,15,23:00,5,2,8,1.0,3.0,77390,D21 X VOIE FERREE (PN),M,"48,7910400","2,6644800",77,2019,50.0,1.0,1.0,3.0,2159676,4.0,2,1,1,0.0,,-1.0,0,1975.0,A01,138Â 291Â 976,8.0,0.0,-1.0,1649011,1.0,7,,0.0,-1.0,8.0,A01,138Â 291Â 976,1.0