Unnamed: 0_x,num_acc,mois,jour,hrmn,lum,agg,int,atm,col,com,adr,gps,lat,long,dep,annee,vma,situ,surf,catr,Unnamed: 0_y,place,catu,grav,sexe,trajet,secu,locp,actp,an_nais,num_veh_x,id_vehicule_x,secu1,secu2,secu3,Unnamed: 0,senc,catv,occutc,obs,obsm,choc,num_veh_y,id_vehicule_y,motor
966199,201900007730,9,15,23:00,5,2,8,1.0,3.0,77390,D21 X VOIE FERREE (PN),M,"48,7910400","2,6644800",77,2019,50.0,1.0,1.0,3.0,2159677,1.0,1,1,2,5.0,,-1.0,0,1992.0,A01,138Â 291Â 976,8.0,0.0,-1.0,1649010,2.0,39,,0.0,2.0,1.0,B01,138Â 291Â 975,0.0
966199,201900007730,9,15,23:00,5,2,8,1.0,3.0,77390,D21 X VOIE FERREE (PN),M,"48,7910400","2,6644800",77,2019,50.0,1.0,1.0,3.0,2159677,1.0,1,1,2,5.0,,-1.0,0,1992.0,A01,138Â 291Â 976,8.0,0.0,-1.0,1649011,1.0,7,,0.0,-1.0,8.0,A01,138Â 291Â 976,1.0
966200,201900007731,9,15,12:00,1,2,1,1.0,6.0,76540,BELGES. BOULEVARD DES,M,"49,4452200","1,0859700",76,2019,50.0,1.0,1.0,3.0,2159678,10.0,3,4,2,5.0,,3.0,3,2001.0,A01,138Â 291Â 974,8.0,0.0,-1.0,1649012,0.0,7,,0.0,1.0,1.0,A01,138Â 291Â 974,1.0
966200,201900007731,9,15,12:00,1,2,1,1.0,6.0,76540,BELGES. BOULEVARD DES,M,"49,4452200","1,0859700",76,2019,50.0,1.0,1.0,3.0,2159679,1.0,1,1,1,5.0,,-1.0, -1,1960.0,A01,138Â 291Â 974,1.0,0.0,-1.0,1649012,0.0,7,,0.0,1.0,1.0,A01,138Â 291Â 974,1.0
966201,201900007732,9,14,14:30,1,2,1,1.0,2.0,76157,CD 51 (RUE DU CANAL),M,"49,4568300","1,0440800",76,2019,50.0,1.0,1.0,3.0,2159680,1.0,1,4,2,5.0,,-1.0, -1,2001.0,A01,138Â 291Â 972,2.0,0.0,-1.0,1649013,0.0,1,,0.0,2.0,7.0,A01,138Â 291Â 972,5.0
966201,201900007732,9,14,14:30,1,2,1,1.0,2.0,76157,CD 51 (RUE DU CANAL),M,"49,4568300","1,0440800",76,2019,50.0,1.0,1.0,3.0,2159680,1.0,1,4,2,5.0,,-1.0, -1,2001.0,A01,138Â 291Â 972,2.0,0.0,-1.0,1649014,0.0,7,,0.0,2.0,0.0,Z01,138Â 291Â 973,1.0
966202,201900007733,9,14,02:45,5,2,1,1.0,6.0,76474,RN 27 (ROUTE DE DIEPPE),M,"49,4962200","1,0485600",76,2019,50.0,1.0,1.0,3.0,2159681,1.0,1,4,2,5.0,,0.0,0,1995.0,A01,138Â 291Â 970,1.0,0.0,-1.0,1649015,0.0,7,,1.0,0.0,3.0,A01,138Â 291Â 970,1.0
966203,201900007734,9,13,08:10,1,2,1,2.0,5.0,76451,SIEGFRIED. BOULEVARD ANDRE,M,"49,4589300","1,0679800",76,2019,30.0,1.0,2.0,4.0,2159682,1.0,1,1,1,1.0,,-1.0, -1,1999.0,A01,138Â 291Â 967,1.0,0.0,-1.0,1649016,0.0,7,,0.0,2.0,1.0,A01,138Â 291Â 967,1.0
966203,201900007734,9,13,08:10,1,2,1,2.0,5.0,76451,SIEGFRIED. BOULEVARD ANDRE,M,"49,4589300","1,0679800",76,2019,30.0,1.0,2.0,4.0,2159682,1.0,1,1,1,1.0,,-1.0, -1,1999.0,A01,138Â 291Â 967,1.0,0.0,-1.0,1649017,0.0,31,,0.0,2.0,4.0,B01,138Â 291Â 968,1.0
966203,201900007734,9,13,08:10,1,2,1,2.0,5.0,76451,SIEGFRIED. BOULEVARD ANDRE,M,"49,4589300","1,0679800",76,2019,30.0,1.0,2.0,4.0,2159682,1.0,1,1,1,1.0,,-1.0, -1,1999.0,A01,138Â 291Â 967,1.0,0.0,-1.0,1649018,0.0,33,,0.0,2.0,4.0,C01,138Â 291Â 969,1.0
966203,201900007734,9,13,08:10,1,2,1,2.0,5.0,76451,SIEGFRIED. BOULEVARD ANDRE,M,"49,4589300","1,0679800",76,2019,30.0,1.0,2.0,4.0,2159683,1.0,1,4,1,1.0,,-1.0, -1,2000.0,B01,138Â 291Â 968,2.0,6.0,-1.0,1649016,0.0,7,,0.0,2.0,1.0,A01,138Â 291Â 967,1.0
966203,201900007734,9,13,08:10,1,2,1,2.0,5.0,76451,SIEGFRIED. BOULEVARD ANDRE,M,"49,4589300","1,0679800",76,2019,30.0,1.0,2.0,4.0,2159683,1.0,1,4,1,1.0,,-1.0, -1,2000.0,B01,138Â 291Â 968,2.0,6.0,-1.0,1649017,0.0,31,,0.0,2.0,4.0,B01,138Â 291Â 968,1.0
966203,201900007734,9,13,08:10,1,2,1,2.0,5.0,76451,SIEGFRIED. BOULEVARD ANDRE,M,"49,4589300","1,0679800",76,2019,30.0,1.0,2.0,4.0,2159683,1.0,1,4,1,1.0,,-1.0, -1,2000.0,B01,138Â 291Â 968,2.0,6.0,-1.0,1649018,0.0,33,,0.0,2.0,4.0,C01,138Â 291Â 969,1.0
966203,201900007734,9,13,08:10,1,2,1,2.0,5.0,76451,SIEGFRIED. BOULEVARD ANDRE,M,"49,4589300","1,0679800",76,2019,30.0,1.0,2.0,4.0,2159684,2.0,2,4,1,2.0,,-1.0,0,2000.0,C01,138Â 291Â 969,2.0,6.0,-1.0,1649016,0.0,7,,0.0,2.0,1.0,A01,138Â 291Â 967,1.0
966203,201900007734,9,13,08:10,1,2,1,2.0,5.0,76451,SIEGFRIED. BOULEVARD ANDRE,M,"49,4589300","1,0679800",76,2019,30.0,1.0,2.0,4.0,2159684,2.0,2,4,1,2.0,,-1.0,0,2000.0,C01,138Â 291Â 969,2.0,6.0,-1.0,1649017,0.0,31,,0.0,2.0,4.0,B01,138Â 291Â 968,1.0
966203,201900007734,9,13,08:10,1,2,1,2.0,5.0,76451,SIEGFRIED. BOULEVARD ANDRE,M,"49,4589300","1,0679800",76,2019,30.0,1.0,2.0,4.0,2159684,2.0,2,4,1,2.0,,-1.0,0,2000.0,C01,138Â 291Â 969,2.0,6.0,-1.0,1649018,0.0,33,,0.0,2.0,4.0,C01,138Â 291Â 969,1.0
966203,201900007734,9,13,08:10,1,2,1,2.0,5.0,76451,SIEGFRIED. BOULEVARD ANDRE,M,"49,4589300","1,0679800",76,2019,30.0,1.0,2.0,4.0,2159685,1.0,1,4,1,5.0,,-1.0,0,1961.0,C01,138Â 291Â 969,2.0,6.0,-1.0,1649016,0.0,7,,0.0,2.0,1.0,A01,138Â 291Â 967,1.0
966203,201900007734,9,13,08:10,1,2,1,2.0,5.0,76451,SIEGFRIED. BOULEVARD ANDRE,M,"49,4589300","1,0679800",76,2019,30.0,1.0,2.0,4.0,2159685,1.0,1,4,1,5.0,,-1.0,0,1961.0,C01,138Â 291Â 969,2.0,6.0,-1.0,1649017,0.0,31,,0.0,2.0,4.0,B01,138Â 291Â 968,1.0
966203,201900007734,9,13,08:10,1,2,1,2.0,5.0,76451,SIEGFRIED. BOULEVARD ANDRE,M,"49,4589300","1,0679800",76,2019,30.0,1.0,2.0,4.0,2159685,1.0,1,4,1,5.0,,-1.0,0,1961.0,C01,138Â 291Â 969,2.0,6.0,-1.0,1649018,0.0,33,,0.0,2.0,4.0,C01,138Â 291Â 969,1.0
966204,201900007735,9,15,18:10,1,2,3,1.0,6.0,76341,RESISTANCE (AVENUE DE LA),M,"49,5047600","0,1974800",76,2019,50.0,1.0,1.0,3.0,2159686,10.0,3,4,2,9.0,,3.0,3,1984.0,Z01,138Â 291Â 966,8.0,0.0,-1.0,1649019,0.0,30,,0.0,1.0,1.0,Z01,138Â 291Â 966,1.0
966205,201900007736,9,15,07:30,2,1,1,1.0,3.0,74005,SENEVULAZ (AVENUE DE),M,"46,3428900","6,4640600",74,2019,80.0,1.0,1.0,3.0,2159687,1.0,1,4,1,5.0,,-1.0,0,1967.0,B01,138Â 291Â 964,1.0,0.0,-1.0,1649020,2.0,7,,0.0,2.0,3.0,B01,138Â 291Â 964,0.0
966205,201900007736,9,15,07:30,2,1,1,1.0,3.0,74005,SENEVULAZ (AVENUE DE),M,"46,3428900","6,4640600",74,2019,80.0,1.0,1.0,3.0,2159687,1.0,1,4,1,5.0,,-1.0,0,1967.0,B01,138Â 291Â 964,1.0,0.0,-1.0,1649021,1.0,7,,0.0,2.0,3.0,A01,138Â 291Â 965,0.0
966205,201900007736,9,15,07:30,2,1,1,1.0,3.0,74005,SENEVULAZ (AVENUE DE),M,"46,3428900","6,4640600",74,2019,80.0,1.0,1.0,3.0,2159688,1.0,1,4,1,5.0,,-1.0,0,1985.0,A01,138Â 291Â 965,1.0,0.0,-1.0,1649020,2.0,7,,0.0,2.0,3.0,B01,138Â 291Â 964,0.0
966205,201900007736,9,15,07:30,2,1,1,1.0,3.0,74005,SENEVULAZ (AVENUE DE),M,"46,3428900","6,4640600",74,2019,80.0,1.0,1.0,3.0,2159688,1.0,1,4,1,5.0,,-1.0,0,1985.0,A01,138Â 291Â 965,1.0,0.0,-1.0,1649021,1.0,7,,0.0,2.0,3.0,A01,138Â 291Â 965,0.0
966206,201900007737,9,16,11:15,1,2,1,1.0,2.0,71153,MARCEAU (RUE),M,"46,8011954","4,4448280",71,2019,50.0,1.0,1.0,3.0,2159689,1.0,1,1,2,0.0,,0.0,0,1979.0,A01,138Â 291Â 962,1.0,0.0,-1.0,1649022,1.0,7,,0.0,2.0,4.0,A01,138Â 291Â 962,1.0
966206,201900007737,9,16,11:15,1,2,1,1.0,2.0,71153,MARCEAU (RUE),M,"46,8011954","4,4448280",71,2019,50.0,1.0,1.0,3.0,2159689,1.0,1,1,2,0.0,,0.0,0,1979.0,A01,138Â 291Â 962,1.0,0.0,-1.0,1649023,1.0,7,,0.0,2.0,4.0,B01,138Â 291Â 963,1.0
966206,201900007737,9,16,11:15,1,2,1,1.0,2.0,71153,MARCEAU (RUE),M,"46,8011954","4,4448280",71,2019,50.0,1.0,1.0,3.0,2159690,2.0,2,1,1,9.0,,0.0,0,2002.0,B01,138Â 291Â 963,1.0,0.0,-1.0,1649022,1.0,7,,0.0,2.0,4.0,A01,138Â 291Â 962,1.0
966206,201900007737,9,16,11:15,1,2,1,1.0,2.0,71153,MARCEAU (RUE),M,"46,8011954","4,4448280",71,2019,50.0,1.0,1.0,3.0,2159690,2.0,2,1,1,9.0,,0.0,0,2002.0,B01,138Â 291Â 963,1.0,0.0,-1.0,1649023,1.0,7,,0.0,2.0,4.0,B01,138Â 291Â 963,1.0
966206,201900007737,9,16,11:15,1,2,1,1.0,2.0,71153,MARCEAU (RUE),M,"46,8011954","4,4448280",71,2019,50.0,1.0,1.0,3.0,2159691,1.0,1,1,1,4.0,,0.0,0,1975.0,B01,138Â 291Â 963,1.0,0.0,-1.0,1649022,1.0,7,,0.0,2.0,4.0,A01,138Â 291Â 962,1.0
966206,201900007737,9,16,11:15,1,2,1,1.0,2.0,71153,MARCEAU (RUE),M,"46,8011954","4,4448280",71,2019,50.0,1.0,1.0,3.0,2159691,1.0,1,1,1,4.0,,0.0,0,1975.0,B01,138Â 291Â 963,1.0,0.0,-1.0,1649023,1.0,7,,0.0,2.0,4.0,B01,138Â 291Â 963,1.0
966206,201900007737,9,16,11:15,1,2,1,1.0,2.0,71153,MARCEAU (RUE),M,"46,8011954","4,4448280",71,2019,50.0,1.0,1.0,3.0,2159692,3.0,2,4,2,9.0,,0.0,0,2002.0,B01,138Â 291Â 963,1.0,0.0,-1.0,1649022,1.0,7,,0.0,2.0,4.0,A01,138Â 291Â 962,1.0
966206,201900007737,9,16,11:15,1,2,1,1.0,2.0,71153,MARCEAU (RUE),M,"46,8011954","4,4448280",71,2019,50.0,1.0,1.0,3.0,2159692,3.0,2,4,2,9.0,,0.0,0,2002.0,B01,138Â 291Â 963,1.0,0.0,-1.0,1649023,1.0,7,,0.0,2.0,4.0,B01,138Â 291Â 963,1.0
966207,201900007738,9,13,16:15,1,2,1,1.0,7.0,71153,PRES (RUE DES),M,"46,8113700","4,4499000",71,2019,50.0,1.0,1.0,4.0,2159693,1.0,1,3,1,5.0,,-1.0, -1,2003.0,A01,138Â 291Â 961,2.0,8.0,-1.0,1649024,1.0,30,,14.0,0.0,1.0,A01,138Â 291Â 961,1.0
966208,201900007739,9,16,10:35,1,2,1,1.0,6.0,71076,ANDRE (RUE DU LIEUTENANT),M,"46,7970900","4,8505860",71,2019,30.0,1.0,1.0,4.0,2159694,1.0,1,1,2,5.0,,0.0,0,1941.0,A01,138Â 291Â 960,1.0,8.0,-1.0,1649025,2.0,7,,0.0,1.0,3.0,A01,138Â 291Â 960,1.0
966208,201900007739,9,16,10:35,1,2,1,1.0,6.0,71076,ANDRE (RUE DU LIEUTENANT),M,"46,7970900","4,8505860",71,2019,30.0,1.0,1.0,4.0,2159695,10.0,3,4,2,5.0,,3.0,3,1961.0,A01,138Â 291Â 960,8.0,0.0,-1.0,1649025,2.0,7,,0.0,1.0,3.0,A01,138Â 291Â 960,1.0
966209,201900007740,9,16,16:30,1,2,7,1.0,3.0,69256,GILBERT BOISSIER                    (PL),M,"45,7860500","4,9269400",69,2019,30.0,1.0,1.0,4.0,2159696,1.0,1,4,1,9.0,,0.0,0,2008.0,B01,138Â 291Â 956,8.0,0.0,-1.0,1649026,1.0,50,,0.0,2.0,6.0,B01,138Â 291Â 956,3.0
966209,201900007740,9,16,16:30,1,2,7,1.0,3.0,69256,GILBERT BOISSIER                    (PL),M,"45,7860500","4,9269400",69,2019,30.0,1.0,1.0,4.0,2159696,1.0,1,4,1,9.0,,0.0,0,2008.0,B01,138Â 291Â 956,8.0,0.0,-1.0,1649027,1.0,7,,16.0,1.0,6.0,A01,138Â 291Â 957,1.0
966209,201900007740,9,16,16:30,1,2,7,1.0,3.0,69256,GILBERT BOISSIER                    (PL),M,"45,7860500","4,9269400",69,2019,30.0,1.0,1.0,4.0,2159697,1.0,1,1,1,4.0,,-1.0, -1,1978.0,A01,138Â 291Â 957,1.0,0.0,-1.0,1649026,1.0,50,,0.0,2.0,6.0,B01,138Â 291Â 956,3.0
966209,201900007740,9,16,16:30,1,2,7,1.0,3.0,69256,GILBERT BOISSIER                    (PL),M,"45,7860500","4,9269400",69,2019,30.0,1.0,1.0,4.0,2159697,1.0,1,1,1,4.0,,-1.0, -1,1978.0,A01,138Â 291Â 957,1.0,0.0,-1.0,1649027,1.0,7,,16.0,1.0,6.0,A01,138Â 291Â 957,1.0
966210,201900007741,9,13,22:45,5,2,3,1.0,3.0,67482,RATHSAMHAUSEN (RUE DE),M,"48,5683110","7,7622360",67,2019,50.0,1.0,1.0,4.0,2159698,1.0,1,3,1,0.0,,-1.0,0,1997.0,B01,138Â 291Â 952,2.0,8.0,-1.0,1649028,2.0,31,,0.0,2.0,1.0,B01,138Â 291Â 952,1.0
966210,201900007741,9,13,22:45,5,2,3,1.0,3.0,67482,RATHSAMHAUSEN (RUE DE),M,"48,5683110","7,7622360",67,2019,50.0,1.0,1.0,4.0,2159698,1.0,1,3,1,0.0,,-1.0,0,1997.0,B01,138Â 291Â 952,2.0,8.0,-1.0,1649029,1.0,7,,0.0,2.0,7.0,A01,138Â 291Â 953,1.0
966210,201900007741,9,13,22:45,5,2,3,1.0,3.0,67482,RATHSAMHAUSEN (RUE DE),M,"48,5683110","7,7622360",67,2019,50.0,1.0,1.0,4.0,2159699,1.0,1,1,1,0.0,,-1.0,0,1994.0,A01,138Â 291Â 953,1.0,8.0,-1.0,1649028,2.0,31,,0.0,2.0,1.0,B01,138Â 291Â 952,1.0
966210,201900007741,9,13,22:45,5,2,3,1.0,3.0,67482,RATHSAMHAUSEN (RUE DE),M,"48,5683110","7,7622360",67,2019,50.0,1.0,1.0,4.0,2159699,1.0,1,1,1,0.0,,-1.0,0,1994.0,A01,138Â 291Â 953,1.0,8.0,-1.0,1649029,1.0,7,,0.0,2.0,7.0,A01,138Â 291Â 953,1.0
966211,201900007742,9,13,17:00,1,2,1,1.0,6.0,66136,82 Av Victor Dalbiez,M,"42,6865600","2,8819000",66,2019,50.0,1.0,1.0,4.0,2159700,1.0,1,1,1,9.0,,0.0,0,1994.0,A01,138Â 291Â 951,1.0,0.0,-1.0,1649030,1.0,7,,0.0,1.0,1.0,A01,138Â 291Â 951,1.0
966211,201900007742,9,13,17:00,1,2,1,1.0,6.0,66136,82 Av Victor Dalbiez,M,"42,6865600","2,8819000",66,2019,50.0,1.0,1.0,4.0,2159701,10.0,3,4,1,0.0,,3.0,3,2008.0,A01,138Â 291Â 951,0.0,0.0,0.0,1649030,1.0,7,,0.0,1.0,1.0,A01,138Â 291Â 951,1.0
966212,201900007743,9,15,05:25,3,2,1,1.0,6.0,66136,Bd de le  france libre,M,"42,7043600","2,8975400",66,2019,50.0,1.0,1.0,4.0,2159702,1.0,1,4,1,0.0,,-1.0,0,1995.0,A01,138Â 291Â 950,1.0,8.0,-1.0,1649031,1.0,7,,9.0,0.0,1.0,A01,138Â 291Â 950,1.0
966213,201900007744,9,13,16:25,1,2,1,1.0,6.0,66136,PAYRA (PLACE JEAN),M,"42,6982700","2,8890300",66,2019,50.0,1.0,1.0,4.0,2159703,1.0,1,1,1,0.0,,-1.0, -1,1973.0,A01,138Â 291Â 948,1.0,8.0,-1.0,1649032,1.0,7,,0.0,2.0,1.0,A01,138Â 291Â 948,1.0
966213,201900007744,9,13,16:25,1,2,1,1.0,6.0,66136,PAYRA (PLACE JEAN),M,"42,6982700","2,8890300",66,2019,50.0,1.0,1.0,4.0,2159703,1.0,1,1,1,0.0,,-1.0, -1,1973.0,A01,138Â 291Â 948,1.0,8.0,-1.0,1649033,1.0,1,,0.0,2.0,2.0,B01,138Â 291Â 949,5.0
966213,201900007744,9,13,16:25,1,2,1,1.0,6.0,66136,PAYRA (PLACE JEAN),M,"42,6982700","2,8890300",66,2019,50.0,1.0,1.0,4.0,2159704,1.0,1,4,1,9.0,,-1.0, -1,2002.0,B01,138Â 291Â 949,8.0,0.0,-1.0,1649032,1.0,7,,0.0,2.0,1.0,A01,138Â 291Â 948,1.0
966213,201900007744,9,13,16:25,1,2,1,1.0,6.0,66136,PAYRA (PLACE JEAN),M,"42,6982700","2,8890300",66,2019,50.0,1.0,1.0,4.0,2159704,1.0,1,4,1,9.0,,-1.0, -1,2002.0,B01,138Â 291Â 949,8.0,0.0,-1.0,1649033,1.0,1,,0.0,2.0,2.0,B01,138Â 291Â 949,5.0
966214,201900007745,9,14,16:25,1,2,1,1.0,6.0,64102,SOULT (AVENUE MARECHAL),M,"43,4858112"," -1,4909038",64,2019,50.0,1.0,1.0,3.0,2159705,10.0,3,3,2,5.0,,4.0,3,2003.0,A01,138Â 291Â 947,8.0,0.0,-1.0,1649034,2.0,7,,0.0,1.0,1.0,A01,138Â 291Â 947,1.0
966214,201900007745,9,14,16:25,1,2,1,1.0,6.0,64102,SOULT (AVENUE MARECHAL),M,"43,4858112"," -1,4909038",64,2019,50.0,1.0,1.0,3.0,2159706,1.0,1,1,1,5.0,,0.0,0,1951.0,A01,138Â 291Â 947,1.0,8.0,-1.0,1649034,2.0,7,,0.0,1.0,1.0,A01,138Â 291Â 947,1.0
966215,201900007746,9,6,07:45,1,2,1,1.0,7.0,62427,ROBIAUD (R PHILIBERT),M,"50,4185000","2,9649000",62,2019,50.0,1.0,1.0,4.0,2159707,1.0,1,1,1,1.0,,0.0,0,1998.0,A01,138Â 291Â 946,1.0,8.0,-1.0,1649035,1.0,7,,0.0,1.0,2.0,A01,138Â 291Â 946,1.0
966215,201900007746,9,6,07:45,1,2,1,1.0,7.0,62427,ROBIAUD (R PHILIBERT),M,"50,4185000","2,9649000",62,2019,50.0,1.0,1.0,4.0,2159708,10.0,3,3,2,2.0,,2.0,3,2006.0,A01,138Â 291Â 946,8.0,0.0,-1.0,1649035,1.0,7,,0.0,1.0,2.0,A01,138Â 291Â 946,1.0
966216,201900007747,9,16,23:30,5,2,9,1.0,3.0,59350,ASIE RUE DE L,M,"50,6045500","3,0527100",59,2019,50.0,1.0,1.0,4.0,2159709,1.0,1,3,1,5.0,,-1.0, -1,2002.0,B01,138Â 291Â 944,8.0,0.0,-1.0,1649036,3.0,1,,0.0,2.0,6.0,B01,138Â 291Â 944,5.0
966216,201900007747,9,16,23:30,5,2,9,1.0,3.0,59350,ASIE RUE DE L,M,"50,6045500","3,0527100",59,2019,50.0,1.0,1.0,4.0,2159709,1.0,1,3,1,5.0,,-1.0, -1,2002.0,B01,138Â 291Â 944,8.0,0.0,-1.0,1649037,1.0,10,,0.0,2.0,2.0,Z01,138Â 291Â 945,1.0
966216,201900007747,9,16,23:30,5,2,9,1.0,3.0,59350,ASIE RUE DE L,M,"50,6045500","3,0527100",59,2019,50.0,1.0,1.0,4.0,2159710,1.0,1,1,1,5.0,,-1.0, -1,1969.0,Z01,138Â 291Â 945,8.0,0.0,-1.0,1649036,3.0,1,,0.0,2.0,6.0,B01,138Â 291Â 944,5.0
966216,201900007747,9,16,23:30,5,2,9,1.0,3.0,59350,ASIE RUE DE L,M,"50,6045500","3,0527100",59,2019,50.0,1.0,1.0,4.0,2159710,1.0,1,1,1,5.0,,-1.0, -1,1969.0,Z01,138Â 291Â 945,8.0,0.0,-1.0,1649037,1.0,10,,0.0,2.0,2.0,Z01,138Â 291Â 945,1.0
966217,201900007748,9,14,00:30,5,2,1,1.0,6.0,59178,LILLE (PONT DE),M,"50,3792800","3,0913000",59,2019,50.0,3.0,1.0,3.0,2159711,1.0,1,1,1,5.0,,0.0,0,1991.0,A01,138Â 291Â 943,8.0,0.0,-1.0,1649038,1.0,7,,0.0,1.0,1.0,A01,138Â 291Â 943,1.0
966217,201900007748,9,14,00:30,5,2,1,1.0,6.0,59178,LILLE (PONT DE),M,"50,3792800","3,0913000",59,2019,50.0,3.0,1.0,3.0,2159712,10.0,3,2,1,9.0,,4.0,3,1963.0,A01,138Â 291Â 943,0.0,0.0,0.0,1649038,1.0,7,,0.0,1.0,1.0,A01,138Â 291Â 943,1.0
966218,201900007749,9,14,19:19,1,1,1,1.0,7.0,57019,CD181,M,"49,2287572","6,0603708",57,2019,80.0,1.0,1.0,3.0,2159713,1.0,1,3,1,0.0,,-1.0, -1,1992.0,A01,138Â 291Â 942,2.0,0.0,-1.0,1649039,1.0,30,,3.0,0.0,0.0,A01,138Â 291Â 942,0.0
966219,201900007750,9,9,15:26,1,2,1,1.0,6.0,57019,CHATEAU DE MERTEN (RUE),M,"49,2514036","6,1303121",57,2019,30.0,1.0,1.0,4.0,2159714,1.0,1,3,1,5.0,,-1.0,0,1993.0,A01,138Â 291Â 939,8.0,0.0,-1.0,1649040,2.0,31,,0.0,2.0,1.0,A01,138Â 291Â 939,0.0
966219,201900007750,9,9,15:26,1,2,1,1.0,6.0,57019,CHATEAU DE MERTEN (RUE),M,"49,2514036","6,1303121",57,2019,30.0,1.0,1.0,4.0,2159714,1.0,1,3,1,5.0,,-1.0,0,1993.0,A01,138Â 291Â 939,8.0,0.0,-1.0,1649041,1.0,7,,0.0,2.0,1.0,C01,138Â 291Â 940,0.0
966219,201900007750,9,9,15:26,1,2,1,1.0,6.0,57019,CHATEAU DE MERTEN (RUE),M,"49,2514036","6,1303121",57,2019,30.0,1.0,1.0,4.0,2159714,1.0,1,3,1,5.0,,-1.0,0,1993.0,A01,138Â 291Â 939,8.0,0.0,-1.0,1649042,1.0,7,,0.0,0.0,0.0,Z01,138Â 291Â 941,0.0
966219,201900007750,9,9,15:26,1,2,1,1.0,6.0,57019,CHATEAU DE MERTEN (RUE),M,"49,2514036","6,1303121",57,2019,30.0,1.0,1.0,4.0,2159715,1.0,1,1,1,0.0,,-1.0, -1,1987.0,C01,138Â 291Â 940,1.0,0.0,-1.0,1649040,2.0,31,,0.0,2.0,1.0,A01,138Â 291Â 939,0.0
966219,201900007750,9,9,15:26,1,2,1,1.0,6.0,57019,CHATEAU DE MERTEN (RUE),M,"49,2514036","6,1303121",57,2019,30.0,1.0,1.0,4.0,2159715,1.0,1,1,1,0.0,,-1.0, -1,1987.0,C01,138Â 291Â 940,1.0,0.0,-1.0,1649041,1.0,7,,0.0,2.0,1.0,C01,138Â 291Â 940,0.0
966219,201900007750,9,9,15:26,1,2,1,1.0,6.0,57019,CHATEAU DE MERTEN (RUE),M,"49,2514036","6,1303121",57,2019,30.0,1.0,1.0,4.0,2159715,1.0,1,1,1,0.0,,-1.0, -1,1987.0,C01,138Â 291Â 940,1.0,0.0,-1.0,1649042,1.0,7,,0.0,0.0,0.0,Z01,138Â 291Â 941,0.0
966219,201900007750,9,9,15:26,1,2,1,1.0,6.0,57019,CHATEAU DE MERTEN (RUE),M,"49,2514036","6,1303121",57,2019,30.0,1.0,1.0,4.0,2159716,1.0,1,1,2,5.0,,-1.0, -1,1967.0,Z01,138Â 291Â 941,1.0,0.0,-1.0,1649040,2.0,31,,0.0,2.0,1.0,A01,138Â 291Â 939,0.0
966219,201900007750,9,9,15:26,1,2,1,1.0,6.0,57019,CHATEAU DE MERTEN (RUE),M,"49,2514036","6,1303121",57,2019,30.0,1.0,1.0,4.0,2159716,1.0,1,1,2,5.0,,-1.0, -1,1967.0,Z01,138Â 291Â 941,1.0,0.0,-1.0,1649041,1.0,7,,0.0,2.0,1.0,C01,138Â 291Â 940,0.0
966219,201900007750,9,9,15:26,1,2,1,1.0,6.0,57019,CHATEAU DE MERTEN (RUE),M,"49,2514036","6,1303121",57,2019,30.0,1.0,1.0,4.0,2159716,1.0,1,1,2,5.0,,-1.0, -1,1967.0,Z01,138Â 291Â 941,1.0,0.0,-1.0,1649042,1.0,7,,0.0,0.0,0.0,Z01,138Â 291Â 941,0.0
966220,201900007751,9,16,20:15,5,2,1,1.0,6.0,54395,TOMBLAINE (RUE DE),M,"48,6871470","6,2029030",54,2019,50.0,1.0,1.0,4.0,2159717,1.0,1,3,2,0.0,,0.0,0,1967.0,B01,138Â 291Â 937,0.0,-1.0,-1.0,1649043,1.0,1,,0.0,2.0,0.0,B01,138Â 291Â 937,-1.0
966220,201900007751,9,16,20:15,5,2,1,1.0,6.0,54395,TOMBLAINE (RUE DE),M,"48,6871470","6,2029030",54,2019,50.0,1.0,1.0,4.0,2159717,1.0,1,3,2,0.0,,0.0,0,1967.0,B01,138Â 291Â 937,0.0,-1.0,-1.0,1649044,1.0,7,,0.0,1.0,1.0,A01,138Â 291Â 938,1.0
966220,201900007751,9,16,20:15,5,2,1,1.0,6.0,54395,TOMBLAINE (RUE DE),M,"48,6871470","6,2029030",54,2019,50.0,1.0,1.0,4.0,2159718,1.0,1,1,2,0.0,,-1.0,0,1944.0,A01,138Â 291Â 938,1.0,0.0,-1.0,1649043,1.0,1,,0.0,2.0,0.0,B01,138Â 291Â 937,-1.0
966220,201900007751,9,16,20:15,5,2,1,1.0,6.0,54395,TOMBLAINE (RUE DE),M,"48,6871470","6,2029030",54,2019,50.0,1.0,1.0,4.0,2159718,1.0,1,1,2,0.0,,-1.0,0,1944.0,A01,138Â 291Â 938,1.0,0.0,-1.0,1649044,1.0,7,,0.0,1.0,1.0,A01,138Â 291Â 938,1.0
966221,201900007752,9,16,10:10,1,2,1,1.0,7.0,54257,GRANDE RUE,M,"48,6527000","6,1918100",54,2019,50.0,1.0,1.0,4.0,2159719,1.0,1,1,1,3.0,,-1.0,0,1949.0,A01,138Â 291Â 936,1.0,0.0,-1.0,1649045,1.0,10,,0.0,1.0,1.0,A01,138Â 291Â 936,1.0
966221,201900007752,9,16,10:10,1,2,1,1.0,7.0,54257,GRANDE RUE,M,"48,6527000","6,1918100",54,2019,50.0,1.0,1.0,4.0,2159720,10.0,3,4,1,3.0,,9.0,9,1939.0,A01,138Â 291Â 936,8.0,0.0,-1.0,1649045,1.0,10,,0.0,1.0,1.0,A01,138Â 291Â 936,1.0