Unnamed: 0_x,num_acc,mois,jour,hrmn,lum,agg,int,atm,col,com,adr,gps,lat,long,dep,annee,vma,situ,surf,catr,Unnamed: 0_y,place,catu,grav,sexe,trajet,secu,locp,actp,an_nais,num_veh_x,id_vehicule_x,secu1,secu2,secu3,Unnamed: 0,senc,catv,occutc,obs,obsm,choc,num_veh_y,id_vehicule_y,motor
966222,201900007753,9,16,07:50,2,2,6,1.0,1.0,51454,BOULEVARD VAL DE VESLE,M,"49,2301771","4,0720817",51,2019,50.0,1.0,1.0,4.0,2159721,1.0,1,1,1,0.0,,-1.0,0,1940.0,A01,138Â 291Â 934,1.0,8.0,-1.0,1649046,3.0,7,,0.0,6.0,3.0,A01,138Â 291Â 934,0.0
966222,201900007753,9,16,07:50,2,2,6,1.0,1.0,51454,BOULEVARD VAL DE VESLE,M,"49,2301771","4,0720817",51,2019,50.0,1.0,1.0,4.0,2159721,1.0,1,1,1,0.0,,-1.0,0,1940.0,A01,138Â 291Â 934,1.0,8.0,-1.0,1649047,3.0,1,,0.0,2.0,7.0,B01,138Â 291Â 935,0.0
966222,201900007753,9,16,07:50,2,2,6,1.0,1.0,51454,BOULEVARD VAL DE VESLE,M,"49,2301771","4,0720817",51,2019,50.0,1.0,1.0,4.0,2159722,1.0,1,4,2,0.0,,-1.0,0,1973.0,B01,138Â 291Â 935,2.0,8.0,-1.0,1649046,3.0,7,,0.0,6.0,3.0,A01,138Â 291Â 934,0.0
966222,201900007753,9,16,07:50,2,2,6,1.0,1.0,51454,BOULEVARD VAL DE VESLE,M,"49,2301771","4,0720817",51,2019,50.0,1.0,1.0,4.0,2159722,1.0,1,4,2,0.0,,-1.0,0,1973.0,B01,138Â 291Â 935,2.0,8.0,-1.0,1649047,3.0,1,,0.0,2.0,7.0,B01,138Â 291Â 935,0.0
966223,201900007754,9,15,19:00,1,2,1,1.0,2.0,51454,RUE ALBERT THOMAS,M,"49,2310275","4,0484588",51,2019,50.0,1.0,1.0,3.0,2159723,1.0,1,4,1,5.0,,-1.0,0,1994.0,A01,138Â 291Â 932,1.0,5.0,-1.0,1649048,1.0,7,,2.0,2.0,1.0,A01,138Â 291Â 932,1.0
966223,201900007754,9,15,19:00,1,2,1,1.0,2.0,51454,RUE ALBERT THOMAS,M,"49,2310275","4,0484588",51,2019,50.0,1.0,1.0,3.0,2159723,1.0,1,4,1,5.0,,-1.0,0,1994.0,A01,138Â 291Â 932,1.0,5.0,-1.0,1649049,1.0,7,,0.0,2.0,4.0,B01,138Â 291Â 933,1.0
966223,201900007754,9,15,19:00,1,2,1,1.0,2.0,51454,RUE ALBERT THOMAS,M,"49,2310275","4,0484588",51,2019,50.0,1.0,1.0,3.0,2159724,1.0,1,4,2,5.0,,-1.0,0,1988.0,B01,138Â 291Â 933,1.0,0.0,-1.0,1649048,1.0,7,,2.0,2.0,1.0,A01,138Â 291Â 932,1.0
966223,201900007754,9,15,19:00,1,2,1,1.0,2.0,51454,RUE ALBERT THOMAS,M,"49,2310275","4,0484588",51,2019,50.0,1.0,1.0,3.0,2159724,1.0,1,4,2,5.0,,-1.0,0,1988.0,B01,138Â 291Â 933,1.0,0.0,-1.0,1649049,1.0,7,,0.0,2.0,4.0,B01,138Â 291Â 933,1.0
966224,201900007755,9,14,20:00,2,2,3,1.0,3.0,51108,RUE DU CAMP D'ATTILA,M,"48,9656497","4,3742652",51,2019,50.0,1.0,1.0,4.0,2159725,1.0,1,4,2,5.0,,-1.0,0,2001.0,B01,138Â 291Â 930,1.0,0.0,-1.0,1649050,3.0,7,,0.0,2.0,3.0,B01,138Â 291Â 930,1.0
966224,201900007755,9,14,20:00,2,2,3,1.0,3.0,51108,RUE DU CAMP D'ATTILA,M,"48,9656497","4,3742652",51,2019,50.0,1.0,1.0,4.0,2159725,1.0,1,4,2,5.0,,-1.0,0,2001.0,B01,138Â 291Â 930,1.0,0.0,-1.0,1649051,2.0,7,,0.0,2.0,2.0,A01,138Â 291Â 931,1.0
966224,201900007755,9,14,20:00,2,2,3,1.0,3.0,51108,RUE DU CAMP D'ATTILA,M,"48,9656497","4,3742652",51,2019,50.0,1.0,1.0,4.0,2159726,2.0,2,4,2,5.0,,-1.0,0,1969.0,B01,138Â 291Â 930,1.0,0.0,-1.0,1649050,3.0,7,,0.0,2.0,3.0,B01,138Â 291Â 930,1.0
966224,201900007755,9,14,20:00,2,2,3,1.0,3.0,51108,RUE DU CAMP D'ATTILA,M,"48,9656497","4,3742652",51,2019,50.0,1.0,1.0,4.0,2159726,2.0,2,4,2,5.0,,-1.0,0,1969.0,B01,138Â 291Â 930,1.0,0.0,-1.0,1649051,2.0,7,,0.0,2.0,2.0,A01,138Â 291Â 931,1.0
966224,201900007755,9,14,20:00,2,2,3,1.0,3.0,51108,RUE DU CAMP D'ATTILA,M,"48,9656497","4,3742652",51,2019,50.0,1.0,1.0,4.0,2159727,1.0,1,4,1,5.0,,-1.0,0,1999.0,A01,138Â 291Â 931,1.0,0.0,-1.0,1649050,3.0,7,,0.0,2.0,3.0,B01,138Â 291Â 930,1.0
966224,201900007755,9,14,20:00,2,2,3,1.0,3.0,51108,RUE DU CAMP D'ATTILA,M,"48,9656497","4,3742652",51,2019,50.0,1.0,1.0,4.0,2159727,1.0,1,4,1,5.0,,-1.0,0,1999.0,A01,138Â 291Â 931,1.0,0.0,-1.0,1649051,2.0,7,,0.0,2.0,2.0,A01,138Â 291Â 931,1.0
966224,201900007755,9,14,20:00,2,2,3,1.0,3.0,51108,RUE DU CAMP D'ATTILA,M,"48,9656497","4,3742652",51,2019,50.0,1.0,1.0,4.0,2159728,2.0,2,1,2,5.0,,-1.0,0,2001.0,A01,138Â 291Â 931,1.0,0.0,-1.0,1649050,3.0,7,,0.0,2.0,3.0,B01,138Â 291Â 930,1.0
966224,201900007755,9,14,20:00,2,2,3,1.0,3.0,51108,RUE DU CAMP D'ATTILA,M,"48,9656497","4,3742652",51,2019,50.0,1.0,1.0,4.0,2159728,2.0,2,1,2,5.0,,-1.0,0,2001.0,A01,138Â 291Â 931,1.0,0.0,-1.0,1649051,2.0,7,,0.0,2.0,2.0,A01,138Â 291Â 931,1.0
966225,201900007756,9,14,03:05,5,2,1,1.0,7.0,50129,BARBUSSE (RUE HENRI),M,"49,6106800"," -1,6588000",50,2019,50.0,1.0,1.0,3.0,2159729,1.0,1,3,1,5.0,,0.0,0,1978.0,A01,138Â 291Â 929,2.0,6.0,-1.0,1649052,0.0,33,,12.0,0.0,7.0,A01,138Â 291Â 929,1.0
966226,201900007757,9,13,17:25,1,2,1,1.0,4.0,49246,DAVID D'ANGERS,M,"47,4336100"," -0,5314200",49,2019,60.0,1.0,1.0,4.0,2159730,1.0,1,1,1,0.0,,-1.0,0,1982.0,E01,138Â 291Â 924,1.0,8.0,-1.0,1649053,1.0,7,,0.0,2.0,4.0,E01,138Â 291Â 924,1.0
966226,201900007757,9,13,17:25,1,2,1,1.0,4.0,49246,DAVID D'ANGERS,M,"47,4336100"," -0,5314200",49,2019,60.0,1.0,1.0,4.0,2159730,1.0,1,1,1,0.0,,-1.0,0,1982.0,E01,138Â 291Â 924,1.0,8.0,-1.0,1649054,1.0,7,,0.0,2.0,9.0,D01,138Â 291Â 925,1.0
966226,201900007757,9,13,17:25,1,2,1,1.0,4.0,49246,DAVID D'ANGERS,M,"47,4336100"," -0,5314200",49,2019,60.0,1.0,1.0,4.0,2159730,1.0,1,1,1,0.0,,-1.0,0,1982.0,E01,138Â 291Â 924,1.0,8.0,-1.0,1649055,1.0,7,,0.0,2.0,9.0,C01,138Â 291Â 926,1.0
966226,201900007757,9,13,17:25,1,2,1,1.0,4.0,49246,DAVID D'ANGERS,M,"47,4336100"," -0,5314200",49,2019,60.0,1.0,1.0,4.0,2159730,1.0,1,1,1,0.0,,-1.0,0,1982.0,E01,138Â 291Â 924,1.0,8.0,-1.0,1649056,1.0,7,,0.0,2.0,9.0,B01,138Â 291Â 927,1.0
966226,201900007757,9,13,17:25,1,2,1,1.0,4.0,49246,DAVID D'ANGERS,M,"47,4336100"," -0,5314200",49,2019,60.0,1.0,1.0,4.0,2159730,1.0,1,1,1,0.0,,-1.0,0,1982.0,E01,138Â 291Â 924,1.0,8.0,-1.0,1649057,1.0,37,1.0,0.0,2.0,1.0,A01,138Â 291Â 928,1.0
966226,201900007757,9,13,17:25,1,2,1,1.0,4.0,49246,DAVID D'ANGERS,M,"47,4336100"," -0,5314200",49,2019,60.0,1.0,1.0,4.0,2159731,1.0,1,4,2,0.0,,-1.0,0,1980.0,D01,138Â 291Â 925,1.0,8.0,-1.0,1649053,1.0,7,,0.0,2.0,4.0,E01,138Â 291Â 924,1.0
966226,201900007757,9,13,17:25,1,2,1,1.0,4.0,49246,DAVID D'ANGERS,M,"47,4336100"," -0,5314200",49,2019,60.0,1.0,1.0,4.0,2159731,1.0,1,4,2,0.0,,-1.0,0,1980.0,D01,138Â 291Â 925,1.0,8.0,-1.0,1649054,1.0,7,,0.0,2.0,9.0,D01,138Â 291Â 925,1.0
966226,201900007757,9,13,17:25,1,2,1,1.0,4.0,49246,DAVID D'ANGERS,M,"47,4336100"," -0,5314200",49,2019,60.0,1.0,1.0,4.0,2159731,1.0,1,4,2,0.0,,-1.0,0,1980.0,D01,138Â 291Â 925,1.0,8.0,-1.0,1649055,1.0,7,,0.0,2.0,9.0,C01,138Â 291Â 926,1.0
966226,201900007757,9,13,17:25,1,2,1,1.0,4.0,49246,DAVID D'ANGERS,M,"47,4336100"," -0,5314200",49,2019,60.0,1.0,1.0,4.0,2159731,1.0,1,4,2,0.0,,-1.0,0,1980.0,D01,138Â 291Â 925,1.0,8.0,-1.0,1649056,1.0,7,,0.0,2.0,9.0,B01,138Â 291Â 927,1.0
966226,201900007757,9,13,17:25,1,2,1,1.0,4.0,49246,DAVID D'ANGERS,M,"47,4336100"," -0,5314200",49,2019,60.0,1.0,1.0,4.0,2159731,1.0,1,4,2,0.0,,-1.0,0,1980.0,D01,138Â 291Â 925,1.0,8.0,-1.0,1649057,1.0,37,1.0,0.0,2.0,1.0,A01,138Â 291Â 928,1.0
966226,201900007757,9,13,17:25,1,2,1,1.0,4.0,49246,DAVID D'ANGERS,M,"47,4336100"," -0,5314200",49,2019,60.0,1.0,1.0,4.0,2159732,1.0,1,4,1,0.0,,-1.0,0,1947.0,C01,138Â 291Â 926,1.0,8.0,-1.0,1649053,1.0,7,,0.0,2.0,4.0,E01,138Â 291Â 924,1.0
966226,201900007757,9,13,17:25,1,2,1,1.0,4.0,49246,DAVID D'ANGERS,M,"47,4336100"," -0,5314200",49,2019,60.0,1.0,1.0,4.0,2159732,1.0,1,4,1,0.0,,-1.0,0,1947.0,C01,138Â 291Â 926,1.0,8.0,-1.0,1649054,1.0,7,,0.0,2.0,9.0,D01,138Â 291Â 925,1.0
966226,201900007757,9,13,17:25,1,2,1,1.0,4.0,49246,DAVID D'ANGERS,M,"47,4336100"," -0,5314200",49,2019,60.0,1.0,1.0,4.0,2159732,1.0,1,4,1,0.0,,-1.0,0,1947.0,C01,138Â 291Â 926,1.0,8.0,-1.0,1649055,1.0,7,,0.0,2.0,9.0,C01,138Â 291Â 926,1.0
966226,201900007757,9,13,17:25,1,2,1,1.0,4.0,49246,DAVID D'ANGERS,M,"47,4336100"," -0,5314200",49,2019,60.0,1.0,1.0,4.0,2159732,1.0,1,4,1,0.0,,-1.0,0,1947.0,C01,138Â 291Â 926,1.0,8.0,-1.0,1649056,1.0,7,,0.0,2.0,9.0,B01,138Â 291Â 927,1.0
966226,201900007757,9,13,17:25,1,2,1,1.0,4.0,49246,DAVID D'ANGERS,M,"47,4336100"," -0,5314200",49,2019,60.0,1.0,1.0,4.0,2159732,1.0,1,4,1,0.0,,-1.0,0,1947.0,C01,138Â 291Â 926,1.0,8.0,-1.0,1649057,1.0,37,1.0,0.0,2.0,1.0,A01,138Â 291Â 928,1.0
966226,201900007757,9,13,17:25,1,2,1,1.0,4.0,49246,DAVID D'ANGERS,M,"47,4336100"," -0,5314200",49,2019,60.0,1.0,1.0,4.0,2159733,2.0,2,4,1,0.0,,-1.0,0,1979.0,C01,138Â 291Â 926,1.0,8.0,-1.0,1649053,1.0,7,,0.0,2.0,4.0,E01,138Â 291Â 924,1.0
966226,201900007757,9,13,17:25,1,2,1,1.0,4.0,49246,DAVID D'ANGERS,M,"47,4336100"," -0,5314200",49,2019,60.0,1.0,1.0,4.0,2159733,2.0,2,4,1,0.0,,-1.0,0,1979.0,C01,138Â 291Â 926,1.0,8.0,-1.0,1649054,1.0,7,,0.0,2.0,9.0,D01,138Â 291Â 925,1.0
966226,201900007757,9,13,17:25,1,2,1,1.0,4.0,49246,DAVID D'ANGERS,M,"47,4336100"," -0,5314200",49,2019,60.0,1.0,1.0,4.0,2159733,2.0,2,4,1,0.0,,-1.0,0,1979.0,C01,138Â 291Â 926,1.0,8.0,-1.0,1649055,1.0,7,,0.0,2.0,9.0,C01,138Â 291Â 926,1.0
966226,201900007757,9,13,17:25,1,2,1,1.0,4.0,49246,DAVID D'ANGERS,M,"47,4336100"," -0,5314200",49,2019,60.0,1.0,1.0,4.0,2159733,2.0,2,4,1,0.0,,-1.0,0,1979.0,C01,138Â 291Â 926,1.0,8.0,-1.0,1649056,1.0,7,,0.0,2.0,9.0,B01,138Â 291Â 927,1.0
966226,201900007757,9,13,17:25,1,2,1,1.0,4.0,49246,DAVID D'ANGERS,M,"47,4336100"," -0,5314200",49,2019,60.0,1.0,1.0,4.0,2159733,2.0,2,4,1,0.0,,-1.0,0,1979.0,C01,138Â 291Â 926,1.0,8.0,-1.0,1649057,1.0,37,1.0,0.0,2.0,1.0,A01,138Â 291Â 928,1.0
966226,201900007757,9,13,17:25,1,2,1,1.0,4.0,49246,DAVID D'ANGERS,M,"47,4336100"," -0,5314200",49,2019,60.0,1.0,1.0,4.0,2159734,1.0,1,1,1,0.0,,-1.0,0,1993.0,B01,138Â 291Â 927,1.0,8.0,-1.0,1649053,1.0,7,,0.0,2.0,4.0,E01,138Â 291Â 924,1.0
966226,201900007757,9,13,17:25,1,2,1,1.0,4.0,49246,DAVID D'ANGERS,M,"47,4336100"," -0,5314200",49,2019,60.0,1.0,1.0,4.0,2159734,1.0,1,1,1,0.0,,-1.0,0,1993.0,B01,138Â 291Â 927,1.0,8.0,-1.0,1649054,1.0,7,,0.0,2.0,9.0,D01,138Â 291Â 925,1.0
966226,201900007757,9,13,17:25,1,2,1,1.0,4.0,49246,DAVID D'ANGERS,M,"47,4336100"," -0,5314200",49,2019,60.0,1.0,1.0,4.0,2159734,1.0,1,1,1,0.0,,-1.0,0,1993.0,B01,138Â 291Â 927,1.0,8.0,-1.0,1649055,1.0,7,,0.0,2.0,9.0,C01,138Â 291Â 926,1.0
966226,201900007757,9,13,17:25,1,2,1,1.0,4.0,49246,DAVID D'ANGERS,M,"47,4336100"," -0,5314200",49,2019,60.0,1.0,1.0,4.0,2159734,1.0,1,1,1,0.0,,-1.0,0,1993.0,B01,138Â 291Â 927,1.0,8.0,-1.0,1649056,1.0,7,,0.0,2.0,9.0,B01,138Â 291Â 927,1.0
966226,201900007757,9,13,17:25,1,2,1,1.0,4.0,49246,DAVID D'ANGERS,M,"47,4336100"," -0,5314200",49,2019,60.0,1.0,1.0,4.0,2159734,1.0,1,1,1,0.0,,-1.0,0,1993.0,B01,138Â 291Â 927,1.0,8.0,-1.0,1649057,1.0,37,1.0,0.0,2.0,1.0,A01,138Â 291Â 928,1.0
966226,201900007757,9,13,17:25,1,2,1,1.0,4.0,49246,DAVID D'ANGERS,M,"47,4336100"," -0,5314200",49,2019,60.0,1.0,1.0,4.0,2159735,1.0,1,1,1,4.0,,-1.0, -1,1963.0,A01,138Â 291Â 928,1.0,8.0,-1.0,1649053,1.0,7,,0.0,2.0,4.0,E01,138Â 291Â 924,1.0
966226,201900007757,9,13,17:25,1,2,1,1.0,4.0,49246,DAVID D'ANGERS,M,"47,4336100"," -0,5314200",49,2019,60.0,1.0,1.0,4.0,2159735,1.0,1,1,1,4.0,,-1.0, -1,1963.0,A01,138Â 291Â 928,1.0,8.0,-1.0,1649054,1.0,7,,0.0,2.0,9.0,D01,138Â 291Â 925,1.0
966226,201900007757,9,13,17:25,1,2,1,1.0,4.0,49246,DAVID D'ANGERS,M,"47,4336100"," -0,5314200",49,2019,60.0,1.0,1.0,4.0,2159735,1.0,1,1,1,4.0,,-1.0, -1,1963.0,A01,138Â 291Â 928,1.0,8.0,-1.0,1649055,1.0,7,,0.0,2.0,9.0,C01,138Â 291Â 926,1.0
966226,201900007757,9,13,17:25,1,2,1,1.0,4.0,49246,DAVID D'ANGERS,M,"47,4336100"," -0,5314200",49,2019,60.0,1.0,1.0,4.0,2159735,1.0,1,1,1,4.0,,-1.0, -1,1963.0,A01,138Â 291Â 928,1.0,8.0,-1.0,1649056,1.0,7,,0.0,2.0,9.0,B01,138Â 291Â 927,1.0
966226,201900007757,9,13,17:25,1,2,1,1.0,4.0,49246,DAVID D'ANGERS,M,"47,4336100"," -0,5314200",49,2019,60.0,1.0,1.0,4.0,2159735,1.0,1,1,1,4.0,,-1.0, -1,1963.0,A01,138Â 291Â 928,1.0,8.0,-1.0,1649057,1.0,37,1.0,0.0,2.0,1.0,A01,138Â 291Â 928,1.0
966227,201900007758,9,16,08:15,1,2,1,1.0,3.0,44109,BOULEVARD JOLIOT CURIE,M,"47,1940000"," -1,5313600",44,2019,50.0,1.0,1.0,4.0,2159736,1.0,1,4,1,0.0,,0.0,0,1987.0,B01,138Â 291Â 921,2.0,0.0,-1.0,1649058,0.0,1,,0.0,2.0,1.0,B01,138Â 291Â 921,5.0
966227,201900007758,9,16,08:15,1,2,1,1.0,3.0,44109,BOULEVARD JOLIOT CURIE,M,"47,1940000"," -1,5313600",44,2019,50.0,1.0,1.0,4.0,2159736,1.0,1,4,1,0.0,,0.0,0,1987.0,B01,138Â 291Â 921,2.0,0.0,-1.0,1649059,0.0,10,,0.0,2.0,4.0,A01,138Â 291Â 922,1.0
966227,201900007758,9,16,08:15,1,2,1,1.0,3.0,44109,BOULEVARD JOLIOT CURIE,M,"47,1940000"," -1,5313600",44,2019,50.0,1.0,1.0,4.0,2159737,1.0,1,1,1,0.0,,0.0,0,1992.0,A01,138Â 291Â 922,1.0,0.0,-1.0,1649058,0.0,1,,0.0,2.0,1.0,B01,138Â 291Â 921,5.0
966227,201900007758,9,16,08:15,1,2,1,1.0,3.0,44109,BOULEVARD JOLIOT CURIE,M,"47,1940000"," -1,5313600",44,2019,50.0,1.0,1.0,4.0,2159737,1.0,1,1,1,0.0,,0.0,0,1992.0,A01,138Â 291Â 922,1.0,0.0,-1.0,1649059,0.0,10,,0.0,2.0,4.0,A01,138Â 291Â 922,1.0
966228,201900007759,9,16,09:05,1,2,1,1.0,6.0,43157,BREUIL (PLACE DU),M,"45,0418900","3,8826700",43,2019,50.0,1.0,1.0,3.0,2159738,1.0,1,1,2,0.0,,0.0,0,1976.0,A01,138Â 291Â 920,1.0,0.0,-1.0,1649060,1.0,7,,0.0,1.0,1.0,A01,138Â 291Â 920,1.0
966228,201900007759,9,16,09:05,1,2,1,1.0,6.0,43157,BREUIL (PLACE DU),M,"45,0418900","3,8826700",43,2019,50.0,1.0,1.0,3.0,2159739,10.0,3,4,2,5.0,,2.0,3,1945.0,A01,138Â 291Â 920,0.0,0.0,0.0,1649060,1.0,7,,0.0,1.0,1.0,A01,138Â 291Â 920,1.0
966229,201900007760,9,16,17:05,1,2,1,1.0,2.0,42044,JACKSON (RUE JAMES),M,"45,3988000","4,3383000",42,2019,50.0,1.0,1.0,4.0,2159740,1.0,1,3,1,5.0,,-1.0, -1,1960.0,B01,138Â 291Â 918,2.0,0.0,-1.0,1649061,1.0,33,,0.0,2.0,8.0,B01,138Â 291Â 918,1.0
966229,201900007760,9,16,17:05,1,2,1,1.0,2.0,42044,JACKSON (RUE JAMES),M,"45,3988000","4,3383000",42,2019,50.0,1.0,1.0,4.0,2159740,1.0,1,3,1,5.0,,-1.0, -1,1960.0,B01,138Â 291Â 918,2.0,0.0,-1.0,1649062,1.0,10,,0.0,2.0,3.0,A01,138Â 291Â 919,1.0
966229,201900007760,9,16,17:05,1,2,1,1.0,2.0,42044,JACKSON (RUE JAMES),M,"45,3988000","4,3383000",42,2019,50.0,1.0,1.0,4.0,2159741,1.0,1,1,1,1.0,,-1.0, -1,1968.0,A01,138Â 291Â 919,1.0,0.0,-1.0,1649061,1.0,33,,0.0,2.0,8.0,B01,138Â 291Â 918,1.0
966229,201900007760,9,16,17:05,1,2,1,1.0,2.0,42044,JACKSON (RUE JAMES),M,"45,3988000","4,3383000",42,2019,50.0,1.0,1.0,4.0,2159741,1.0,1,1,1,1.0,,-1.0, -1,1968.0,A01,138Â 291Â 919,1.0,0.0,-1.0,1649062,1.0,10,,0.0,2.0,3.0,A01,138Â 291Â 919,1.0
966230,201900007761,9,14,12:30,1,2,2,1.0,3.0,41047,RD 2152,M,"47,6031590","1,3495640",41,2019,50.0,1.0,1.0,3.0,2159742,1.0,1,1,1,4.0,,0.0, -1,1988.0,A01,138Â 291Â 915,1.0,0.0,-1.0,1649063,2.0,10,,0.0,2.0,7.0,A01,138Â 291Â 915,1.0
966230,201900007761,9,14,12:30,1,2,2,1.0,3.0,41047,RD 2152,M,"47,6031590","1,3495640",41,2019,50.0,1.0,1.0,3.0,2159742,1.0,1,1,1,4.0,,0.0, -1,1988.0,A01,138Â 291Â 915,1.0,0.0,-1.0,1649064,1.0,7,,0.0,2.0,1.0,B01,138Â 291Â 916,1.0
966230,201900007761,9,14,12:30,1,2,2,1.0,3.0,41047,RD 2152,M,"47,6031590","1,3495640",41,2019,50.0,1.0,1.0,3.0,2159743,1.0,1,3,2,5.0,,0.0, -1,1937.0,B01,138Â 291Â 916,1.0,0.0,-1.0,1649063,2.0,10,,0.0,2.0,7.0,A01,138Â 291Â 915,1.0
966230,201900007761,9,14,12:30,1,2,2,1.0,3.0,41047,RD 2152,M,"47,6031590","1,3495640",41,2019,50.0,1.0,1.0,3.0,2159743,1.0,1,3,2,5.0,,0.0, -1,1937.0,B01,138Â 291Â 916,1.0,0.0,-1.0,1649064,1.0,7,,0.0,2.0,1.0,B01,138Â 291Â 916,1.0
966231,201900007762,9,11,20:05,1,2,9,1.0,3.0,40281,LECLERC (CTRE CIAL),M,"43,8654000"," -0,4807800",40,2019,30.0,1.0,1.0,6.0,2159744,1.0,1,4,2,1.0,,0.0,0,1999.0,A01,138Â 291Â 913,1.0,8.0,-1.0,1649065,0.0,7,,0.0,2.0,1.0,A01,138Â 291Â 913,1.0
966231,201900007762,9,11,20:05,1,2,9,1.0,3.0,40281,LECLERC (CTRE CIAL),M,"43,8654000"," -0,4807800",40,2019,30.0,1.0,1.0,6.0,2159744,1.0,1,4,2,1.0,,0.0,0,1999.0,A01,138Â 291Â 913,1.0,8.0,-1.0,1649066,3.0,7,,0.0,2.0,8.0,B01,138Â 291Â 914,1.0
966231,201900007762,9,11,20:05,1,2,9,1.0,3.0,40281,LECLERC (CTRE CIAL),M,"43,8654000"," -0,4807800",40,2019,30.0,1.0,1.0,6.0,2159745,1.0,1,1,1,3.0,,0.0,0,1981.0,B01,138Â 291Â 914,1.0,8.0,-1.0,1649065,0.0,7,,0.0,2.0,1.0,A01,138Â 291Â 913,1.0
966231,201900007762,9,11,20:05,1,2,9,1.0,3.0,40281,LECLERC (CTRE CIAL),M,"43,8654000"," -0,4807800",40,2019,30.0,1.0,1.0,6.0,2159745,1.0,1,1,1,3.0,,0.0,0,1981.0,B01,138Â 291Â 914,1.0,8.0,-1.0,1649066,3.0,7,,0.0,2.0,8.0,B01,138Â 291Â 914,1.0
966232,201900007763,9,16,22:40,5,2,2,1.0,1.0,35281,MERMOZ (BD JEAN),M,"48,0963390"," -1,6925990",35,2019,50.0,1.0,1.0,4.0,2159746,1.0,1,1,2,1.0,,-1.0, -1,1996.0,B01,138Â 291Â 911,1.0,8.0,-1.0,1649067,3.0,7,,0.0,2.0,1.0,B01,138Â 291Â 911,1.0
966232,201900007763,9,16,22:40,5,2,2,1.0,1.0,35281,MERMOZ (BD JEAN),M,"48,0963390"," -1,6925990",35,2019,50.0,1.0,1.0,4.0,2159746,1.0,1,1,2,1.0,,-1.0, -1,1996.0,B01,138Â 291Â 911,1.0,8.0,-1.0,1649068,3.0,30,,0.0,2.0,1.0,A01,138Â 291Â 912,1.0
966232,201900007763,9,16,22:40,5,2,2,1.0,1.0,35281,MERMOZ (BD JEAN),M,"48,0963390"," -1,6925990",35,2019,50.0,1.0,1.0,4.0,2159747,1.0,1,3,1,5.0,,-1.0,0,1988.0,A01,138Â 291Â 912,2.0,8.0,-1.0,1649067,3.0,7,,0.0,2.0,1.0,B01,138Â 291Â 911,1.0
966232,201900007763,9,16,22:40,5,2,2,1.0,1.0,35281,MERMOZ (BD JEAN),M,"48,0963390"," -1,6925990",35,2019,50.0,1.0,1.0,4.0,2159747,1.0,1,3,1,5.0,,-1.0,0,1988.0,A01,138Â 291Â 912,2.0,8.0,-1.0,1649068,3.0,30,,0.0,2.0,1.0,A01,138Â 291Â 912,1.0
966233,201900007764,9,16,15:47,1,2,9,1.0,3.0,35238,LORIENT (DE),M,"48,1068200"," -1,7280000",35,2019,50.0,1.0,1.0,2.0,2159748,1.0,1,1,1,3.0,,-1.0,0,1937.0,A01,138Â 291Â 909,1.0,8.0,-1.0,1649069,1.0,7,,0.0,2.0,7.0,A01,138Â 291Â 909,1.0
966233,201900007764,9,16,15:47,1,2,9,1.0,3.0,35238,LORIENT (DE),M,"48,1068200"," -1,7280000",35,2019,50.0,1.0,1.0,2.0,2159748,1.0,1,1,1,3.0,,-1.0,0,1937.0,A01,138Â 291Â 909,1.0,8.0,-1.0,1649070,2.0,37,1.0,0.0,2.0,3.0,B01,138Â 291Â 910,1.0
966233,201900007764,9,16,15:47,1,2,9,1.0,3.0,35238,LORIENT (DE),M,"48,1068200"," -1,7280000",35,2019,50.0,1.0,1.0,2.0,2159749,1.0,1,4,1,4.0,,-1.0, -1,1973.0,B01,138Â 291Â 910,1.0,0.0,-1.0,1649069,1.0,7,,0.0,2.0,7.0,A01,138Â 291Â 909,1.0
966233,201900007764,9,16,15:47,1,2,9,1.0,3.0,35238,LORIENT (DE),M,"48,1068200"," -1,7280000",35,2019,50.0,1.0,1.0,2.0,2159749,1.0,1,4,1,4.0,,-1.0, -1,1973.0,B01,138Â 291Â 910,1.0,0.0,-1.0,1649070,2.0,37,1.0,0.0,2.0,3.0,B01,138Â 291Â 910,1.0
966234,201900007765,9,7,03:45,1,2,9,1.0,1.0,33119,RUE PAULINE KERGOMARD,M,"44,8482200"," -0,5077900",33,2019,50.0,1.0,1.0,4.0,2159750,1.0,1,4,1,0.0,,-1.0, -1,1999.0,A01,138Â 291Â 908,8.0,0.0,-1.0,1649071,1.0,7,,0.0,2.0,0.0,Z01,138Â 291Â 907,0.0
966234,201900007765,9,7,03:45,1,2,9,1.0,1.0,33119,RUE PAULINE KERGOMARD,M,"44,8482200"," -0,5077900",33,2019,50.0,1.0,1.0,4.0,2159750,1.0,1,4,1,0.0,,-1.0, -1,1999.0,A01,138Â 291Â 908,8.0,0.0,-1.0,1649072,2.0,30,,0.0,2.0,0.0,A01,138Â 291Â 908,0.0
966234,201900007765,9,7,03:45,1,2,9,1.0,1.0,33119,RUE PAULINE KERGOMARD,M,"44,8482200"," -0,5077900",33,2019,50.0,1.0,1.0,4.0,2159751,2.0,2,4,1,0.0,,-1.0,0,2000.0,A01,138Â 291Â 908,2.0,0.0,-1.0,1649071,1.0,7,,0.0,2.0,0.0,Z01,138Â 291Â 907,0.0
966234,201900007765,9,7,03:45,1,2,9,1.0,1.0,33119,RUE PAULINE KERGOMARD,M,"44,8482200"," -0,5077900",33,2019,50.0,1.0,1.0,4.0,2159751,2.0,2,4,1,0.0,,-1.0,0,2000.0,A01,138Â 291Â 908,2.0,0.0,-1.0,1649072,2.0,30,,0.0,2.0,0.0,A01,138Â 291Â 908,0.0