Unnamed: 0_x,num_acc,mois,jour,hrmn,lum,agg,int,atm,col,com,adr,gps,lat,long,dep,annee,vma,situ,surf,catr,Unnamed: 0_y,place,catu,grav,sexe,trajet,secu,locp,actp,an_nais,num_veh_x,id_vehicule_x,secu1,secu2,secu3,Unnamed: 0,senc,catv,occutc,obs,obsm,choc,num_veh_y,id_vehicule_y,motor
966235,201900007766,9,14,18:35,1,2,3,1.0,5.0,33075,AVE DE LA JALLE NOIRE,M,"44,8916500"," -0,6134800",33,2019,50.0,8.0,1.0,1.0,2159752,1.0,1,1,2,5.0,,-1.0, -1,1962.0,B01,138Â 291Â 904,1.0,0.0,-1.0,1649073,0.0,7,,0.0,2.0,1.0,B01,138Â 291Â 904,1.0
966235,201900007766,9,14,18:35,1,2,3,1.0,5.0,33075,AVE DE LA JALLE NOIRE,M,"44,8916500"," -0,6134800",33,2019,50.0,8.0,1.0,1.0,2159752,1.0,1,1,2,5.0,,-1.0, -1,1962.0,B01,138Â 291Â 904,1.0,0.0,-1.0,1649074,0.0,7,,0.0,2.0,1.0,Z01,138Â 291Â 905,1.0
966235,201900007766,9,14,18:35,1,2,3,1.0,5.0,33075,AVE DE LA JALLE NOIRE,M,"44,8916500"," -0,6134800",33,2019,50.0,8.0,1.0,1.0,2159752,1.0,1,1,2,5.0,,-1.0, -1,1962.0,B01,138Â 291Â 904,1.0,0.0,-1.0,1649075,0.0,7,,0.0,2.0,1.0,A01,138Â 291Â 906,1.0
966235,201900007766,9,14,18:35,1,2,3,1.0,5.0,33075,AVE DE LA JALLE NOIRE,M,"44,8916500"," -0,6134800",33,2019,50.0,8.0,1.0,1.0,2159753,1.0,1,4,1,5.0,,-1.0, -1,1998.0,A01,138Â 291Â 906,1.0,-1.0,-1.0,1649073,0.0,7,,0.0,2.0,1.0,B01,138Â 291Â 904,1.0
966235,201900007766,9,14,18:35,1,2,3,1.0,5.0,33075,AVE DE LA JALLE NOIRE,M,"44,8916500"," -0,6134800",33,2019,50.0,8.0,1.0,1.0,2159753,1.0,1,4,1,5.0,,-1.0, -1,1998.0,A01,138Â 291Â 906,1.0,-1.0,-1.0,1649074,0.0,7,,0.0,2.0,1.0,Z01,138Â 291Â 905,1.0
966235,201900007766,9,14,18:35,1,2,3,1.0,5.0,33075,AVE DE LA JALLE NOIRE,M,"44,8916500"," -0,6134800",33,2019,50.0,8.0,1.0,1.0,2159753,1.0,1,4,1,5.0,,-1.0, -1,1998.0,A01,138Â 291Â 906,1.0,-1.0,-1.0,1649075,0.0,7,,0.0,2.0,1.0,A01,138Â 291Â 906,1.0
966236,201900007767,9,15,11:00,1,2,2,1.0,6.0,33069,WILSON (BD DU PRESIDENT),M,"44,8532000"," -0,5940500",33,2019,50.0,1.0,1.0,4.0,2159754,2.0,2,4,1,0.0,,-1.0, -1,1965.0,B01,138Â 291Â 903,8.0,0.0,-1.0,1649076,2.0,10,,0.0,2.0,0.0,A01,138Â 291Â 902,1.0
966236,201900007767,9,15,11:00,1,2,2,1.0,6.0,33069,WILSON (BD DU PRESIDENT),M,"44,8532000"," -0,5940500",33,2019,50.0,1.0,1.0,4.0,2159754,2.0,2,4,1,0.0,,-1.0, -1,1965.0,B01,138Â 291Â 903,8.0,0.0,-1.0,1649077,1.0,2,,0.0,2.0,0.0,B01,138Â 291Â 903,1.0
966236,201900007767,9,15,11:00,1,2,2,1.0,6.0,33069,WILSON (BD DU PRESIDENT),M,"44,8532000"," -0,5940500",33,2019,50.0,1.0,1.0,4.0,2159755,1.0,1,1,1,0.0,,-1.0, -1,1965.0,B01,138Â 291Â 903,8.0,0.0,-1.0,1649076,2.0,10,,0.0,2.0,0.0,A01,138Â 291Â 902,1.0
966236,201900007767,9,15,11:00,1,2,2,1.0,6.0,33069,WILSON (BD DU PRESIDENT),M,"44,8532000"," -0,5940500",33,2019,50.0,1.0,1.0,4.0,2159755,1.0,1,1,1,0.0,,-1.0, -1,1965.0,B01,138Â 291Â 903,8.0,0.0,-1.0,1649077,1.0,2,,0.0,2.0,0.0,B01,138Â 291Â 903,1.0
966237,201900007768,9,16,00:55,5,2,2,1.0,3.0,31555,AV PAUL SEJOURNE,M,"43,6074700","1,4282500",31,2019,50.0,1.0,1.0,4.0,2159756,1.0,1,1,1,5.0,,-1.0,0,2000.0,A01,138Â 291Â 900,1.0,8.0,-1.0,1649078,0.0,7,,0.0,2.0,2.0,A01,138Â 291Â 900,1.0
966237,201900007768,9,16,00:55,5,2,2,1.0,3.0,31555,AV PAUL SEJOURNE,M,"43,6074700","1,4282500",31,2019,50.0,1.0,1.0,4.0,2159756,1.0,1,1,1,5.0,,-1.0,0,2000.0,A01,138Â 291Â 900,1.0,8.0,-1.0,1649079,3.0,7,,0.0,2.0,8.0,B01,138Â 291Â 901,1.0
966237,201900007768,9,16,00:55,5,2,2,1.0,3.0,31555,AV PAUL SEJOURNE,M,"43,6074700","1,4282500",31,2019,50.0,1.0,1.0,4.0,2159757,5.0,2,4,2,5.0,,-1.0,0,1999.0,B01,138Â 291Â 901,1.0,8.0,-1.0,1649078,0.0,7,,0.0,2.0,2.0,A01,138Â 291Â 900,1.0
966237,201900007768,9,16,00:55,5,2,2,1.0,3.0,31555,AV PAUL SEJOURNE,M,"43,6074700","1,4282500",31,2019,50.0,1.0,1.0,4.0,2159757,5.0,2,4,2,5.0,,-1.0,0,1999.0,B01,138Â 291Â 901,1.0,8.0,-1.0,1649079,3.0,7,,0.0,2.0,8.0,B01,138Â 291Â 901,1.0
966237,201900007768,9,16,00:55,5,2,2,1.0,3.0,31555,AV PAUL SEJOURNE,M,"43,6074700","1,4282500",31,2019,50.0,1.0,1.0,4.0,2159758,3.0,2,1,2,5.0,,-1.0,0,1999.0,B01,138Â 291Â 901,1.0,8.0,-1.0,1649078,0.0,7,,0.0,2.0,2.0,A01,138Â 291Â 900,1.0
966237,201900007768,9,16,00:55,5,2,2,1.0,3.0,31555,AV PAUL SEJOURNE,M,"43,6074700","1,4282500",31,2019,50.0,1.0,1.0,4.0,2159758,3.0,2,1,2,5.0,,-1.0,0,1999.0,B01,138Â 291Â 901,1.0,8.0,-1.0,1649079,3.0,7,,0.0,2.0,8.0,B01,138Â 291Â 901,1.0
966237,201900007768,9,16,00:55,5,2,2,1.0,3.0,31555,AV PAUL SEJOURNE,M,"43,6074700","1,4282500",31,2019,50.0,1.0,1.0,4.0,2159759,2.0,2,1,2,5.0,,-1.0,0,1998.0,B01,138Â 291Â 901,1.0,8.0,-1.0,1649078,0.0,7,,0.0,2.0,2.0,A01,138Â 291Â 900,1.0
966237,201900007768,9,16,00:55,5,2,2,1.0,3.0,31555,AV PAUL SEJOURNE,M,"43,6074700","1,4282500",31,2019,50.0,1.0,1.0,4.0,2159759,2.0,2,1,2,5.0,,-1.0,0,1998.0,B01,138Â 291Â 901,1.0,8.0,-1.0,1649079,3.0,7,,0.0,2.0,8.0,B01,138Â 291Â 901,1.0
966237,201900007768,9,16,00:55,5,2,2,1.0,3.0,31555,AV PAUL SEJOURNE,M,"43,6074700","1,4282500",31,2019,50.0,1.0,1.0,4.0,2159760,1.0,1,4,1,5.0,,-1.0,0,1996.0,B01,138Â 291Â 901,1.0,8.0,-1.0,1649078,0.0,7,,0.0,2.0,2.0,A01,138Â 291Â 900,1.0
966237,201900007768,9,16,00:55,5,2,2,1.0,3.0,31555,AV PAUL SEJOURNE,M,"43,6074700","1,4282500",31,2019,50.0,1.0,1.0,4.0,2159760,1.0,1,4,1,5.0,,-1.0,0,1996.0,B01,138Â 291Â 901,1.0,8.0,-1.0,1649079,3.0,7,,0.0,2.0,8.0,B01,138Â 291Â 901,1.0
966237,201900007768,9,16,00:55,5,2,2,1.0,3.0,31555,AV PAUL SEJOURNE,M,"43,6074700","1,4282500",31,2019,50.0,1.0,1.0,4.0,2159761,4.0,2,4,1,5.0,,-1.0,0,1999.0,B01,138Â 291Â 901,1.0,8.0,-1.0,1649078,0.0,7,,0.0,2.0,2.0,A01,138Â 291Â 900,1.0
966237,201900007768,9,16,00:55,5,2,2,1.0,3.0,31555,AV PAUL SEJOURNE,M,"43,6074700","1,4282500",31,2019,50.0,1.0,1.0,4.0,2159761,4.0,2,4,1,5.0,,-1.0,0,1999.0,B01,138Â 291Â 901,1.0,8.0,-1.0,1649079,3.0,7,,0.0,2.0,8.0,B01,138Â 291Â 901,1.0
966238,201900007769,9,14,05:35,5,1,1,1.0,6.0,31555,3 COLOMIERS EST (A624),M,"43,6469100","1,4577500",31,2019,90.0,1.0,1.0,1.0,2159762,3.0,2,1,1,5.0,,-1.0,0,2000.0,A01,138Â 291Â 899,1.0,7.0,-1.0,1649080,2.0,7,,6.0,0.0,1.0,A01,138Â 291Â 899,1.0
966238,201900007769,9,14,05:35,5,1,1,1.0,6.0,31555,3 COLOMIERS EST (A624),M,"43,6469100","1,4577500",31,2019,90.0,1.0,1.0,1.0,2159763,1.0,1,2,1,5.0,,-1.0,0,2000.0,A01,138Â 291Â 899,1.0,0.0,-1.0,1649080,2.0,7,,6.0,0.0,1.0,A01,138Â 291Â 899,1.0
966238,201900007769,9,14,05:35,5,1,1,1.0,6.0,31555,3 COLOMIERS EST (A624),M,"43,6469100","1,4577500",31,2019,90.0,1.0,1.0,1.0,2159764,2.0,2,1,1,5.0,,-1.0,0,2001.0,A01,138Â 291Â 899,1.0,8.0,-1.0,1649080,2.0,7,,6.0,0.0,1.0,A01,138Â 291Â 899,1.0
966239,201900007770,9,15,14:35,1,2,1,1.0,1.0,29019,ROBESPIERRE (DE 1 A 31 ET 2 A 24),M,"48,4140900"," -4,4915400",29,2019,30.0,1.0,1.0,4.0,2159765,1.0,1,1,1,5.0,,-1.0,0,1968.0,B01,138Â 291Â 897,1.0,0.0,-1.0,1649081,3.0,10,,0.0,2.0,3.0,B01,138Â 291Â 897,1.0
966239,201900007770,9,15,14:35,1,2,1,1.0,1.0,29019,ROBESPIERRE (DE 1 A 31 ET 2 A 24),M,"48,4140900"," -4,4915400",29,2019,30.0,1.0,1.0,4.0,2159765,1.0,1,1,1,5.0,,-1.0,0,1968.0,B01,138Â 291Â 897,1.0,0.0,-1.0,1649082,3.0,2,,0.0,2.0,1.0,A01,138Â 291Â 898,1.0
966239,201900007770,9,15,14:35,1,2,1,1.0,1.0,29019,ROBESPIERRE (DE 1 A 31 ET 2 A 24),M,"48,4140900"," -4,4915400",29,2019,30.0,1.0,1.0,4.0,2159766,1.0,1,4,1,5.0,,-1.0,0,1970.0,A01,138Â 291Â 898,2.0,6.0,-1.0,1649081,3.0,10,,0.0,2.0,3.0,B01,138Â 291Â 897,1.0
966239,201900007770,9,15,14:35,1,2,1,1.0,1.0,29019,ROBESPIERRE (DE 1 A 31 ET 2 A 24),M,"48,4140900"," -4,4915400",29,2019,30.0,1.0,1.0,4.0,2159766,1.0,1,4,1,5.0,,-1.0,0,1970.0,A01,138Â 291Â 898,2.0,6.0,-1.0,1649082,3.0,2,,0.0,2.0,1.0,A01,138Â 291Â 898,1.0
966240,201900007771,9,15,17:15,1,2,1,1.0,6.0,25056,PIEMONT RUE DU,M,"47,2216900","5,9613200",25,2019,50.0,1.0,1.0,4.0,2159767,2.0,2,4,1,9.0,,-1.0,0,2000.0,A01,138Â 291Â 896,2.0,0.0,-1.0,1649083,1.0,30,,2.0,0.0,1.0,A01,138Â 291Â 896,1.0
966240,201900007771,9,15,17:15,1,2,1,1.0,6.0,25056,PIEMONT RUE DU,M,"47,2216900","5,9613200",25,2019,50.0,1.0,1.0,4.0,2159768,1.0,1,3,1,0.0,,-1.0,0,2003.0,A01,138Â 291Â 896,2.0,0.0,-1.0,1649083,1.0,30,,2.0,0.0,1.0,A01,138Â 291Â 896,1.0
966241,201900007772,9,15,16:30,1,1,1,1.0,2.0,22278,LIGNERIES (DES),M,"48,5254200"," -2,7370300",22,2019,50.0,1.0,1.0,4.0,2159769,1.0,1,3,1,5.0,,0.0,0,1966.0,A01,138Â 291Â 894,1.0,8.0,-1.0,1649084,0.0,7,,6.0,2.0,1.0,A01,138Â 291Â 894,1.0
966241,201900007772,9,15,16:30,1,1,1,1.0,2.0,22278,LIGNERIES (DES),M,"48,5254200"," -2,7370300",22,2019,50.0,1.0,1.0,4.0,2159769,1.0,1,3,1,5.0,,0.0,0,1966.0,A01,138Â 291Â 894,1.0,8.0,-1.0,1649085,0.0,7,,0.0,2.0,5.0,B01,138Â 291Â 895,1.0
966241,201900007772,9,15,16:30,1,1,1,1.0,2.0,22278,LIGNERIES (DES),M,"48,5254200"," -2,7370300",22,2019,50.0,1.0,1.0,4.0,2159770,2.0,2,4,2,5.0,,0.0,0,1967.0,A01,138Â 291Â 894,1.0,8.0,-1.0,1649084,0.0,7,,6.0,2.0,1.0,A01,138Â 291Â 894,1.0
966241,201900007772,9,15,16:30,1,1,1,1.0,2.0,22278,LIGNERIES (DES),M,"48,5254200"," -2,7370300",22,2019,50.0,1.0,1.0,4.0,2159770,2.0,2,4,2,5.0,,0.0,0,1967.0,A01,138Â 291Â 894,1.0,8.0,-1.0,1649085,0.0,7,,0.0,2.0,5.0,B01,138Â 291Â 895,1.0
966241,201900007772,9,15,16:30,1,1,1,1.0,2.0,22278,LIGNERIES (DES),M,"48,5254200"," -2,7370300",22,2019,50.0,1.0,1.0,4.0,2159771,1.0,1,1,1,5.0,,0.0,0,1950.0,B01,138Â 291Â 895,1.0,8.0,-1.0,1649084,0.0,7,,6.0,2.0,1.0,A01,138Â 291Â 894,1.0
966241,201900007772,9,15,16:30,1,1,1,1.0,2.0,22278,LIGNERIES (DES),M,"48,5254200"," -2,7370300",22,2019,50.0,1.0,1.0,4.0,2159771,1.0,1,1,1,5.0,,0.0,0,1950.0,B01,138Â 291Â 895,1.0,8.0,-1.0,1649085,0.0,7,,0.0,2.0,5.0,B01,138Â 291Â 895,1.0
966241,201900007772,9,15,16:30,1,1,1,1.0,2.0,22278,LIGNERIES (DES),M,"48,5254200"," -2,7370300",22,2019,50.0,1.0,1.0,4.0,2159772,2.0,2,4,2,5.0,,0.0,0,1951.0,B01,138Â 291Â 895,1.0,8.0,-1.0,1649084,0.0,7,,6.0,2.0,1.0,A01,138Â 291Â 894,1.0
966241,201900007772,9,15,16:30,1,1,1,1.0,2.0,22278,LIGNERIES (DES),M,"48,5254200"," -2,7370300",22,2019,50.0,1.0,1.0,4.0,2159772,2.0,2,4,2,5.0,,0.0,0,1951.0,B01,138Â 291Â 895,1.0,8.0,-1.0,1649085,0.0,7,,0.0,2.0,5.0,B01,138Â 291Â 895,1.0
966242,201900007773,9,16,14:30,1,2,9,1.0,1.0,17415,SAINT PIERRE RUE,M,"45,7448400"," -0,6313700",17,2019,30.0,1.0,1.0,4.0,2159773,1.0,1,1,1,5.0,,-1.0,0,1935.0,B01,138Â 291Â 892,1.0,0.0,-1.0,1649086,0.0,7,,0.0,2.0,1.0,B01,138Â 291Â 892,1.0
966242,201900007773,9,16,14:30,1,2,9,1.0,1.0,17415,SAINT PIERRE RUE,M,"45,7448400"," -0,6313700",17,2019,30.0,1.0,1.0,4.0,2159773,1.0,1,1,1,5.0,,-1.0,0,1935.0,B01,138Â 291Â 892,1.0,0.0,-1.0,1649087,2.0,33,,0.0,2.0,1.0,A01,138Â 291Â 893,1.0
966242,201900007773,9,16,14:30,1,2,9,1.0,1.0,17415,SAINT PIERRE RUE,M,"45,7448400"," -0,6313700",17,2019,30.0,1.0,1.0,4.0,2159774,1.0,1,3,1,1.0,,-1.0,0,1988.0,A01,138Â 291Â 893,2.0,6.0,-1.0,1649086,0.0,7,,0.0,2.0,1.0,B01,138Â 291Â 892,1.0
966242,201900007773,9,16,14:30,1,2,9,1.0,1.0,17415,SAINT PIERRE RUE,M,"45,7448400"," -0,6313700",17,2019,30.0,1.0,1.0,4.0,2159774,1.0,1,3,1,1.0,,-1.0,0,1988.0,A01,138Â 291Â 893,2.0,6.0,-1.0,1649087,2.0,33,,0.0,2.0,1.0,A01,138Â 291Â 893,1.0
966243,201900007774,9,16,17:20,1,2,1,1.0,6.0,17299,HUIT MAI 1945 AVENUE DU,M,"45,9614010"," -0,9697430",17,2019,50.0,1.0,1.0,4.0,2159775,10.0,3,4,1,2.0,,3.0,3,2005.0,A01,138Â 291Â 891,8.0,0.0,-1.0,1649088,2.0,7,,0.0,1.0,1.0,A01,138Â 291Â 891,1.0
966243,201900007774,9,16,17:20,1,2,1,1.0,6.0,17299,HUIT MAI 1945 AVENUE DU,M,"45,9614010"," -0,9697430",17,2019,50.0,1.0,1.0,4.0,2159776,1.0,1,1,2,5.0,,-1.0,0,1955.0,A01,138Â 291Â 891,1.0,8.0,-1.0,1649088,2.0,7,,0.0,1.0,1.0,A01,138Â 291Â 891,1.0
966244,201900007775,9,16,06:45,2,2,1,1.0,2.0,13211,RTE D' ALLAUCH,M,"43,3112000","5,4996600",13,2019,80.0,1.0,1.0,3.0,2159777,1.0,1,4,1,0.0,,-1.0, -1,1995.0,A01,138Â 291Â 889,1.0,0.0,-1.0,1649089,1.0,7,,0.0,2.0,1.0,A01,138Â 291Â 889,1.0
966244,201900007775,9,16,06:45,2,2,1,1.0,2.0,13211,RTE D' ALLAUCH,M,"43,3112000","5,4996600",13,2019,80.0,1.0,1.0,3.0,2159777,1.0,1,4,1,0.0,,-1.0, -1,1995.0,A01,138Â 291Â 889,1.0,0.0,-1.0,1649090,2.0,10,,0.0,5.0,4.0,B01,138Â 291Â 890,1.0
966244,201900007775,9,16,06:45,2,2,1,1.0,2.0,13211,RTE D' ALLAUCH,M,"43,3112000","5,4996600",13,2019,80.0,1.0,1.0,3.0,2159778,1.0,1,4,1,0.0,,-1.0, -1,1970.0,B01,138Â 291Â 890,1.0,0.0,-1.0,1649089,1.0,7,,0.0,2.0,1.0,A01,138Â 291Â 889,1.0
966244,201900007775,9,16,06:45,2,2,1,1.0,2.0,13211,RTE D' ALLAUCH,M,"43,3112000","5,4996600",13,2019,80.0,1.0,1.0,3.0,2159778,1.0,1,4,1,0.0,,-1.0, -1,1970.0,B01,138Â 291Â 890,1.0,0.0,-1.0,1649090,2.0,10,,0.0,5.0,4.0,B01,138Â 291Â 890,1.0
966245,201900007776,9,16,08:35,1,2,1,1.0,6.0,10081,GENERAL SARRAIL (AVE),M,"48,3075700","4,0430200",10,2019,50.0,5.0,1.0,4.0,2159779,1.0,1,4,2,2.0,,-1.0, -1,1981.0,A01,138Â 291Â 888,1.0,8.0,-1.0,1649091,3.0,7,,2.0,0.0,1.0,A01,138Â 291Â 888,1.0
966245,201900007776,9,16,08:35,1,2,1,1.0,6.0,10081,GENERAL SARRAIL (AVE),M,"48,3075700","4,0430200",10,2019,50.0,5.0,1.0,4.0,2159780,3.0,2,1,1,2.0,,-1.0, -1,2014.0,A01,138Â 291Â 888,1.0,8.0,-1.0,1649091,3.0,7,,2.0,0.0,1.0,A01,138Â 291Â 888,1.0
966245,201900007776,9,16,08:35,1,2,1,1.0,6.0,10081,GENERAL SARRAIL (AVE),M,"48,3075700","4,0430200",10,2019,50.0,5.0,1.0,4.0,2159781,4.0,2,1,2,2.0,,-1.0, -1,2011.0,A01,138Â 291Â 888,1.0,8.0,-1.0,1649091,3.0,7,,2.0,0.0,1.0,A01,138Â 291Â 888,1.0
966246,201900007777,9,15,17:57,1,2,1,1.0,1.0,10387,ST DOMINIQUE (MAIL),M,"48,2949200","4,0816000",10,2019,50.0,1.0,1.0,4.0,2159782,1.0,1,3,2,0.0,,-1.0, -1,2000.0,B01,138Â 291Â 886,8.0,0.0,-1.0,1649092,3.0,1,,0.0,2.0,7.0,B01,138Â 291Â 886,5.0
966246,201900007777,9,15,17:57,1,2,1,1.0,1.0,10387,ST DOMINIQUE (MAIL),M,"48,2949200","4,0816000",10,2019,50.0,1.0,1.0,4.0,2159782,1.0,1,3,2,0.0,,-1.0, -1,2000.0,B01,138Â 291Â 886,8.0,0.0,-1.0,1649093,3.0,7,,0.0,2.0,1.0,A01,138Â 291Â 887,1.0
966246,201900007777,9,15,17:57,1,2,1,1.0,1.0,10387,ST DOMINIQUE (MAIL),M,"48,2949200","4,0816000",10,2019,50.0,1.0,1.0,4.0,2159783,1.0,1,1,1,0.0,,-1.0, -1,1987.0,A01,138Â 291Â 887,1.0,8.0,-1.0,1649092,3.0,1,,0.0,2.0,7.0,B01,138Â 291Â 886,5.0
966246,201900007777,9,15,17:57,1,2,1,1.0,1.0,10387,ST DOMINIQUE (MAIL),M,"48,2949200","4,0816000",10,2019,50.0,1.0,1.0,4.0,2159783,1.0,1,1,1,0.0,,-1.0, -1,1987.0,A01,138Â 291Â 887,1.0,8.0,-1.0,1649093,3.0,7,,0.0,2.0,1.0,A01,138Â 291Â 887,1.0
966247,201900007778,9,15,16:44,1,2,1,1.0,6.0,10333,ECHENILLY (RUE),M,"48,2738800","4,0398000",10,2019,50.0,1.0,1.0,3.0,2159784,1.0,1,4,2,0.0,,-1.0, -1,1961.0,A01,138Â 291Â 885,1.0,8.0,-1.0,1649094,3.0,7,,12.0,0.0,2.0,A01,138Â 291Â 885,1.0
966248,201900007779,8,30,22:50,3,1,1,1.0,6.0,07281,C.D.533,M,"44,9346500","4,8151900",7,2019,80.0,1.0,1.0,3.0,2159785,1.0,1,4,1,5.0,,-1.0, -1,1975.0,A01,138Â 291Â 884,2.0,6.0,-1.0,1649095,3.0,33,,13.0,0.0,0.0,A01,138Â 291Â 884,1.0
966249,201900007780,9,13,16:00,1,1,1,1.0,1.0,07116,,M,"44,6382000","4,3745000",7,2019,70.0,1.0,1.0,2.0,2159786,2.0,2,2,2,0.0,,-1.0, -1,1928.0,A01,138Â 291Â 882,1.0,0.0,-1.0,1649096,2.0,7,,0.0,2.0,1.0,A01,138Â 291Â 882,1.0
966249,201900007780,9,13,16:00,1,1,1,1.0,1.0,07116,,M,"44,6382000","4,3745000",7,2019,70.0,1.0,1.0,2.0,2159786,2.0,2,2,2,0.0,,-1.0, -1,1928.0,A01,138Â 291Â 882,1.0,0.0,-1.0,1649097,1.0,7,,0.0,2.0,1.0,B01,138Â 291Â 883,1.0
966249,201900007780,9,13,16:00,1,1,1,1.0,1.0,07116,,M,"44,6382000","4,3745000",7,2019,70.0,1.0,1.0,2.0,2159787,1.0,1,3,2,0.0,,-1.0, -1,1954.0,A01,138Â 291Â 882,1.0,0.0,-1.0,1649096,2.0,7,,0.0,2.0,1.0,A01,138Â 291Â 882,1.0
966249,201900007780,9,13,16:00,1,1,1,1.0,1.0,07116,,M,"44,6382000","4,3745000",7,2019,70.0,1.0,1.0,2.0,2159787,1.0,1,3,2,0.0,,-1.0, -1,1954.0,A01,138Â 291Â 882,1.0,0.0,-1.0,1649097,1.0,7,,0.0,2.0,1.0,B01,138Â 291Â 883,1.0
966249,201900007780,9,13,16:00,1,1,1,1.0,1.0,07116,,M,"44,6382000","4,3745000",7,2019,70.0,1.0,1.0,2.0,2159788,1.0,1,3,1,0.0,,-1.0, -1,1938.0,B01,138Â 291Â 883,1.0,0.0,-1.0,1649096,2.0,7,,0.0,2.0,1.0,A01,138Â 291Â 882,1.0
966249,201900007780,9,13,16:00,1,1,1,1.0,1.0,07116,,M,"44,6382000","4,3745000",7,2019,70.0,1.0,1.0,2.0,2159788,1.0,1,3,1,0.0,,-1.0, -1,1938.0,B01,138Â 291Â 883,1.0,0.0,-1.0,1649097,1.0,7,,0.0,2.0,1.0,B01,138Â 291Â 883,1.0
966249,201900007780,9,13,16:00,1,1,1,1.0,1.0,07116,,M,"44,6382000","4,3745000",7,2019,70.0,1.0,1.0,2.0,2159789,2.0,2,3,2,0.0,,-1.0, -1,1946.0,B01,138Â 291Â 883,1.0,0.0,-1.0,1649096,2.0,7,,0.0,2.0,1.0,A01,138Â 291Â 882,1.0
966249,201900007780,9,13,16:00,1,1,1,1.0,1.0,07116,,M,"44,6382000","4,3745000",7,2019,70.0,1.0,1.0,2.0,2159789,2.0,2,3,2,0.0,,-1.0, -1,1946.0,B01,138Â 291Â 883,1.0,0.0,-1.0,1649097,1.0,7,,0.0,2.0,1.0,B01,138Â 291Â 883,1.0
966250,201900007781,9,15,01:00,5,2,1,1.0,1.0,06088,PENETRANTE DU PAILLON,M,"43,7312200","7,2859800",6,2019,50.0,1.0,1.0,7.0,2159790,2.0,2,3,1,0.0,,0.0,0,1989.0,A01,138Â 291Â 880,1.0,0.0,-1.0,1649098,3.0,7,,0.0,2.0,1.0,A01,138Â 291Â 880,1.0
966250,201900007781,9,15,01:00,5,2,1,1.0,1.0,06088,PENETRANTE DU PAILLON,M,"43,7312200","7,2859800",6,2019,50.0,1.0,1.0,7.0,2159790,2.0,2,3,1,0.0,,0.0,0,1989.0,A01,138Â 291Â 880,1.0,0.0,-1.0,1649099,3.0,7,,0.0,2.0,3.0,B01,138Â 291Â 881,1.0
966250,201900007781,9,15,01:00,5,2,1,1.0,1.0,06088,PENETRANTE DU PAILLON,M,"43,7312200","7,2859800",6,2019,50.0,1.0,1.0,7.0,2159791,1.0,1,3,1,5.0,,0.0,0,1992.0,A01,138Â 291Â 880,1.0,0.0,-1.0,1649098,3.0,7,,0.0,2.0,1.0,A01,138Â 291Â 880,1.0
966250,201900007781,9,15,01:00,5,2,1,1.0,1.0,06088,PENETRANTE DU PAILLON,M,"43,7312200","7,2859800",6,2019,50.0,1.0,1.0,7.0,2159791,1.0,1,3,1,5.0,,0.0,0,1992.0,A01,138Â 291Â 880,1.0,0.0,-1.0,1649099,3.0,7,,0.0,2.0,3.0,B01,138Â 291Â 881,1.0
966250,201900007781,9,15,01:00,5,2,1,1.0,1.0,06088,PENETRANTE DU PAILLON,M,"43,7312200","7,2859800",6,2019,50.0,1.0,1.0,7.0,2159792,2.0,2,1,1,0.0,,0.0,0,1999.0,B01,138Â 291Â 881,1.0,0.0,-1.0,1649098,3.0,7,,0.0,2.0,1.0,A01,138Â 291Â 880,1.0
966250,201900007781,9,15,01:00,5,2,1,1.0,1.0,06088,PENETRANTE DU PAILLON,M,"43,7312200","7,2859800",6,2019,50.0,1.0,1.0,7.0,2159792,2.0,2,1,1,0.0,,0.0,0,1999.0,B01,138Â 291Â 881,1.0,0.0,-1.0,1649099,3.0,7,,0.0,2.0,3.0,B01,138Â 291Â 881,1.0
966250,201900007781,9,15,01:00,5,2,1,1.0,1.0,06088,PENETRANTE DU PAILLON,M,"43,7312200","7,2859800",6,2019,50.0,1.0,1.0,7.0,2159793,1.0,1,1,1,0.0,,0.0,0,1998.0,B01,138Â 291Â 881,1.0,0.0,-1.0,1649098,3.0,7,,0.0,2.0,1.0,A01,138Â 291Â 880,1.0
966250,201900007781,9,15,01:00,5,2,1,1.0,1.0,06088,PENETRANTE DU PAILLON,M,"43,7312200","7,2859800",6,2019,50.0,1.0,1.0,7.0,2159793,1.0,1,1,1,0.0,,0.0,0,1998.0,B01,138Â 291Â 881,1.0,0.0,-1.0,1649099,3.0,7,,0.0,2.0,3.0,B01,138Â 291Â 881,1.0
966251,201900007782,9,16,19:00,1,2,1,1.0,2.0,06069,HALTE (ROND-POINT),M,"43,6414550","6,9115970",6,2019,50.0,1.0,1.0,3.0,2159794,1.0,1,4,1,0.0,,0.0,0,1972.0,B01,138Â 291Â 878,1.0,0.0,-1.0,1649100,3.0,7,,0.0,2.0,4.0,B01,138Â 291Â 878,0.0
966251,201900007782,9,16,19:00,1,2,1,1.0,2.0,06069,HALTE (ROND-POINT),M,"43,6414550","6,9115970",6,2019,50.0,1.0,1.0,3.0,2159794,1.0,1,4,1,0.0,,0.0,0,1972.0,B01,138Â 291Â 878,1.0,0.0,-1.0,1649101,3.0,7,,0.0,2.0,1.0,A01,138Â 291Â 879,0.0
966251,201900007782,9,16,19:00,1,2,1,1.0,2.0,06069,HALTE (ROND-POINT),M,"43,6414550","6,9115970",6,2019,50.0,1.0,1.0,3.0,2159795,1.0,1,1,1,0.0,,0.0,0,1987.0,A01,138Â 291Â 879,1.0,0.0,-1.0,1649100,3.0,7,,0.0,2.0,4.0,B01,138Â 291Â 878,0.0