Unnamed: 0_x,num_acc,mois,jour,hrmn,lum,agg,int,atm,col,com,adr,gps,lat,long,dep,annee,vma,situ,surf,catr,Unnamed: 0_y,place,catu,grav,sexe,trajet,secu,locp,actp,an_nais,num_veh_x,id_vehicule_x,secu1,secu2,secu3,Unnamed: 0,senc,catv,occutc,obs,obsm,choc,num_veh_y,id_vehicule_y,motor
966251,201900007782,9,16,19:00,1,2,1,1.0,2.0,06069,HALTE (ROND-POINT),M,"43,6414550","6,9115970",6,2019,50.0,1.0,1.0,3.0,2159795,1.0,1,1,1,0.0,,0.0,0,1987.0,A01,138Â 291Â 879,1.0,0.0,-1.0,1649101,3.0,7,,0.0,2.0,1.0,A01,138Â 291Â 879,0.0
966252,201900007783,9,16,10:56,1,2,1,1.0,7.0,06069,DRAGUIGNAN (ROUTE DE) - D2562-,M,"43,6452560","6,9028960",6,2019,50.0,1.0,1.0,3.0,2159796,1.0,1,4,2,0.0,,0.0,0,1996.0,A01,138Â 291Â 877,1.0,0.0,-1.0,1649102,2.0,7,,6.0,0.0,1.0,A01,138Â 291Â 877,1.0
966253,201900007784,9,16,09:55,1,2,1,1.0,2.0,06069,CARNOT (BOULEVARD ET TRAVERSE),M,"43,6548340","6,9213780",6,2019,50.0,2.0,1.0,3.0,2159797,1.0,1,4,2,0.0,,0.0,0,1977.0,B01,138Â 291Â 875,1.0,0.0,-1.0,1649103,2.0,7,,0.0,2.0,4.0,B01,138Â 291Â 875,1.0
966253,201900007784,9,16,09:55,1,2,1,1.0,2.0,06069,CARNOT (BOULEVARD ET TRAVERSE),M,"43,6548340","6,9213780",6,2019,50.0,2.0,1.0,3.0,2159797,1.0,1,4,2,0.0,,0.0,0,1977.0,B01,138Â 291Â 875,1.0,0.0,-1.0,1649104,2.0,7,,0.0,2.0,1.0,A01,138Â 291Â 876,1.0
966253,201900007784,9,16,09:55,1,2,1,1.0,2.0,06069,CARNOT (BOULEVARD ET TRAVERSE),M,"43,6548340","6,9213780",6,2019,50.0,2.0,1.0,3.0,2159798,1.0,1,1,2,0.0,,0.0,0,1988.0,A01,138Â 291Â 876,1.0,0.0,-1.0,1649103,2.0,7,,0.0,2.0,4.0,B01,138Â 291Â 875,1.0
966253,201900007784,9,16,09:55,1,2,1,1.0,2.0,06069,CARNOT (BOULEVARD ET TRAVERSE),M,"43,6548340","6,9213780",6,2019,50.0,2.0,1.0,3.0,2159798,1.0,1,1,2,0.0,,0.0,0,1988.0,A01,138Â 291Â 876,1.0,0.0,-1.0,1649104,2.0,7,,0.0,2.0,1.0,A01,138Â 291Â 876,1.0
966254,201900007785,9,16,10:20,1,2,1,1.0,4.0,75118,BD PERIPHERIQUE EXTERIEUR,M,"48,9009420","2,3575530",75,2019,70.0,1.0,1.0,4.0,2159799,1.0,1,1,1,4.0,,0.0,0,1979.0,B01,138Â 291Â 872,1.0,0.0,-1.0,1649105,2.0,7,,0.0,2.0,5.0,B01,138Â 291Â 872,1.0
966254,201900007785,9,16,10:20,1,2,1,1.0,4.0,75118,BD PERIPHERIQUE EXTERIEUR,M,"48,9009420","2,3575530",75,2019,70.0,1.0,1.0,4.0,2159799,1.0,1,1,1,4.0,,0.0,0,1979.0,B01,138Â 291Â 872,1.0,0.0,-1.0,1649106,2.0,7,,0.0,2.0,5.0,C01,138Â 291Â 873,1.0
966254,201900007785,9,16,10:20,1,2,1,1.0,4.0,75118,BD PERIPHERIQUE EXTERIEUR,M,"48,9009420","2,3575530",75,2019,70.0,1.0,1.0,4.0,2159799,1.0,1,1,1,4.0,,0.0,0,1979.0,B01,138Â 291Â 872,1.0,0.0,-1.0,1649107,2.0,43,,0.0,2.0,3.0,A01,138Â 291Â 874,1.0
966254,201900007785,9,16,10:20,1,2,1,1.0,4.0,75118,BD PERIPHERIQUE EXTERIEUR,M,"48,9009420","2,3575530",75,2019,70.0,1.0,1.0,4.0,2159800,1.0,1,1,2,4.0,,0.0,0,1979.0,C01,138Â 291Â 873,1.0,0.0,-1.0,1649105,2.0,7,,0.0,2.0,5.0,B01,138Â 291Â 872,1.0
966254,201900007785,9,16,10:20,1,2,1,1.0,4.0,75118,BD PERIPHERIQUE EXTERIEUR,M,"48,9009420","2,3575530",75,2019,70.0,1.0,1.0,4.0,2159800,1.0,1,1,2,4.0,,0.0,0,1979.0,C01,138Â 291Â 873,1.0,0.0,-1.0,1649106,2.0,7,,0.0,2.0,5.0,C01,138Â 291Â 873,1.0
966254,201900007785,9,16,10:20,1,2,1,1.0,4.0,75118,BD PERIPHERIQUE EXTERIEUR,M,"48,9009420","2,3575530",75,2019,70.0,1.0,1.0,4.0,2159800,1.0,1,1,2,4.0,,0.0,0,1979.0,C01,138Â 291Â 873,1.0,0.0,-1.0,1649107,2.0,43,,0.0,2.0,3.0,A01,138Â 291Â 874,1.0
966254,201900007785,9,16,10:20,1,2,1,1.0,4.0,75118,BD PERIPHERIQUE EXTERIEUR,M,"48,9009420","2,3575530",75,2019,70.0,1.0,1.0,4.0,2159801,2.0,2,1,2,5.0,,0.0,0,1997.0,A01,138Â 291Â 874,2.0,6.0,-1.0,1649105,2.0,7,,0.0,2.0,5.0,B01,138Â 291Â 872,1.0
966254,201900007785,9,16,10:20,1,2,1,1.0,4.0,75118,BD PERIPHERIQUE EXTERIEUR,M,"48,9009420","2,3575530",75,2019,70.0,1.0,1.0,4.0,2159801,2.0,2,1,2,5.0,,0.0,0,1997.0,A01,138Â 291Â 874,2.0,6.0,-1.0,1649106,2.0,7,,0.0,2.0,5.0,C01,138Â 291Â 873,1.0
966254,201900007785,9,16,10:20,1,2,1,1.0,4.0,75118,BD PERIPHERIQUE EXTERIEUR,M,"48,9009420","2,3575530",75,2019,70.0,1.0,1.0,4.0,2159801,2.0,2,1,2,5.0,,0.0,0,1997.0,A01,138Â 291Â 874,2.0,6.0,-1.0,1649107,2.0,43,,0.0,2.0,3.0,A01,138Â 291Â 874,1.0
966254,201900007785,9,16,10:20,1,2,1,1.0,4.0,75118,BD PERIPHERIQUE EXTERIEUR,M,"48,9009420","2,3575530",75,2019,70.0,1.0,1.0,4.0,2159802,1.0,1,4,1,5.0,,0.0,0,1963.0,A01,138Â 291Â 874,2.0,6.0,-1.0,1649105,2.0,7,,0.0,2.0,5.0,B01,138Â 291Â 872,1.0
966254,201900007785,9,16,10:20,1,2,1,1.0,4.0,75118,BD PERIPHERIQUE EXTERIEUR,M,"48,9009420","2,3575530",75,2019,70.0,1.0,1.0,4.0,2159802,1.0,1,4,1,5.0,,0.0,0,1963.0,A01,138Â 291Â 874,2.0,6.0,-1.0,1649106,2.0,7,,0.0,2.0,5.0,C01,138Â 291Â 873,1.0
966254,201900007785,9,16,10:20,1,2,1,1.0,4.0,75118,BD PERIPHERIQUE EXTERIEUR,M,"48,9009420","2,3575530",75,2019,70.0,1.0,1.0,4.0,2159802,1.0,1,4,1,5.0,,0.0,0,1963.0,A01,138Â 291Â 874,2.0,6.0,-1.0,1649107,2.0,43,,0.0,2.0,3.0,A01,138Â 291Â 874,1.0
966255,201900007786,9,16,10:00,1,2,1,1.0,3.0,75112,BD PERIPHERIQUE EXTERIEUR,M,"48,8325420","2,4061090",75,2019,70.0,1.0,1.0,4.0,2159803,1.0,1,1,1,1.0,,0.0,0,1997.0,B01,138Â 291Â 870,1.0,0.0,-1.0,1649108,2.0,7,,0.0,2.0,5.0,B01,138Â 291Â 870,1.0
966255,201900007786,9,16,10:00,1,2,1,1.0,3.0,75112,BD PERIPHERIQUE EXTERIEUR,M,"48,8325420","2,4061090",75,2019,70.0,1.0,1.0,4.0,2159803,1.0,1,1,1,1.0,,0.0,0,1997.0,B01,138Â 291Â 870,1.0,0.0,-1.0,1649109,2.0,33,,0.0,2.0,1.0,A01,138Â 291Â 871,1.0
966255,201900007786,9,16,10:00,1,2,1,1.0,3.0,75112,BD PERIPHERIQUE EXTERIEUR,M,"48,8325420","2,4061090",75,2019,70.0,1.0,1.0,4.0,2159804,1.0,1,4,1,1.0,,0.0,0,1981.0,A01,138Â 291Â 871,2.0,6.0,-1.0,1649108,2.0,7,,0.0,2.0,5.0,B01,138Â 291Â 870,1.0
966255,201900007786,9,16,10:00,1,2,1,1.0,3.0,75112,BD PERIPHERIQUE EXTERIEUR,M,"48,8325420","2,4061090",75,2019,70.0,1.0,1.0,4.0,2159804,1.0,1,4,1,1.0,,0.0,0,1981.0,A01,138Â 291Â 871,2.0,6.0,-1.0,1649109,2.0,33,,0.0,2.0,1.0,A01,138Â 291Â 871,1.0
966256,201900007787,9,16,09:25,1,2,1,1.0,4.0,75116,BD PERIPHERIQUE INTERIEUR,M,"48,8593849","2,2628401",75,2019,70.0,1.0,1.0,4.0,2159805,1.0,1,4,1,4.0,,0.0,0,1989.0,A01,138Â 291Â 867,2.0,6.0,-1.0,1649110,1.0,33,,0.0,2.0,7.0,A01,138Â 291Â 867,1.0
966256,201900007787,9,16,09:25,1,2,1,1.0,4.0,75116,BD PERIPHERIQUE INTERIEUR,M,"48,8593849","2,2628401",75,2019,70.0,1.0,1.0,4.0,2159805,1.0,1,4,1,4.0,,0.0,0,1989.0,A01,138Â 291Â 867,2.0,6.0,-1.0,1649111,1.0,33,,0.0,2.0,8.0,B01,138Â 291Â 868,1.0
966256,201900007787,9,16,09:25,1,2,1,1.0,4.0,75116,BD PERIPHERIQUE INTERIEUR,M,"48,8593849","2,2628401",75,2019,70.0,1.0,1.0,4.0,2159805,1.0,1,4,1,4.0,,0.0,0,1989.0,A01,138Â 291Â 867,2.0,6.0,-1.0,1649112,1.0,7,,0.0,2.0,5.0,C01,138Â 291Â 869,1.0
966256,201900007787,9,16,09:25,1,2,1,1.0,4.0,75116,BD PERIPHERIQUE INTERIEUR,M,"48,8593849","2,2628401",75,2019,70.0,1.0,1.0,4.0,2159806,1.0,1,1,1,4.0,,0.0,0,1979.0,B01,138Â 291Â 868,2.0,6.0,-1.0,1649110,1.0,33,,0.0,2.0,7.0,A01,138Â 291Â 867,1.0
966256,201900007787,9,16,09:25,1,2,1,1.0,4.0,75116,BD PERIPHERIQUE INTERIEUR,M,"48,8593849","2,2628401",75,2019,70.0,1.0,1.0,4.0,2159806,1.0,1,1,1,4.0,,0.0,0,1979.0,B01,138Â 291Â 868,2.0,6.0,-1.0,1649111,1.0,33,,0.0,2.0,8.0,B01,138Â 291Â 868,1.0
966256,201900007787,9,16,09:25,1,2,1,1.0,4.0,75116,BD PERIPHERIQUE INTERIEUR,M,"48,8593849","2,2628401",75,2019,70.0,1.0,1.0,4.0,2159806,1.0,1,1,1,4.0,,0.0,0,1979.0,B01,138Â 291Â 868,2.0,6.0,-1.0,1649112,1.0,7,,0.0,2.0,5.0,C01,138Â 291Â 869,1.0
966256,201900007787,9,16,09:25,1,2,1,1.0,4.0,75116,BD PERIPHERIQUE INTERIEUR,M,"48,8593849","2,2628401",75,2019,70.0,1.0,1.0,4.0,2159807,1.0,1,1,2,1.0,,0.0,0,1980.0,C01,138Â 291Â 869,1.0,0.0,-1.0,1649110,1.0,33,,0.0,2.0,7.0,A01,138Â 291Â 867,1.0
966256,201900007787,9,16,09:25,1,2,1,1.0,4.0,75116,BD PERIPHERIQUE INTERIEUR,M,"48,8593849","2,2628401",75,2019,70.0,1.0,1.0,4.0,2159807,1.0,1,1,2,1.0,,0.0,0,1980.0,C01,138Â 291Â 869,1.0,0.0,-1.0,1649111,1.0,33,,0.0,2.0,8.0,B01,138Â 291Â 868,1.0
966256,201900007787,9,16,09:25,1,2,1,1.0,4.0,75116,BD PERIPHERIQUE INTERIEUR,M,"48,8593849","2,2628401",75,2019,70.0,1.0,1.0,4.0,2159807,1.0,1,1,2,1.0,,0.0,0,1980.0,C01,138Â 291Â 869,1.0,0.0,-1.0,1649112,1.0,7,,0.0,2.0,5.0,C01,138Â 291Â 869,1.0
966257,201900007788,9,14,12:35,1,2,1,1.0,2.0,75119,BD PERIPHERIQUE EXTERIEUR,M,"48,9006060","2,3739330",75,2019,70.0,1.0,1.0,4.0,2159808,1.0,1,1,1,5.0,,0.0,0,1986.0,B01,138Â 291Â 865,1.0,0.0,-1.0,1649113,2.0,7,,0.0,2.0,4.0,B01,138Â 291Â 865,1.0
966257,201900007788,9,14,12:35,1,2,1,1.0,2.0,75119,BD PERIPHERIQUE EXTERIEUR,M,"48,9006060","2,3739330",75,2019,70.0,1.0,1.0,4.0,2159808,1.0,1,1,1,5.0,,0.0,0,1986.0,B01,138Â 291Â 865,1.0,0.0,-1.0,1649114,2.0,32,,0.0,2.0,1.0,A01,138Â 291Â 866,1.0
966257,201900007788,9,14,12:35,1,2,1,1.0,2.0,75119,BD PERIPHERIQUE EXTERIEUR,M,"48,9006060","2,3739330",75,2019,70.0,1.0,1.0,4.0,2159809,1.0,1,4,1,5.0,,0.0,0,1999.0,A01,138Â 291Â 866,2.0,6.0,-1.0,1649113,2.0,7,,0.0,2.0,4.0,B01,138Â 291Â 865,1.0
966257,201900007788,9,14,12:35,1,2,1,1.0,2.0,75119,BD PERIPHERIQUE EXTERIEUR,M,"48,9006060","2,3739330",75,2019,70.0,1.0,1.0,4.0,2159809,1.0,1,4,1,5.0,,0.0,0,1999.0,A01,138Â 291Â 866,2.0,6.0,-1.0,1649114,2.0,32,,0.0,2.0,1.0,A01,138Â 291Â 866,1.0
966258,201900007789,9,16,18:34,1,2,2,1.0,3.0,75118,RUE ORDENER,M,"48,8902513","2,3599153",75,2019,50.0,1.0,1.0,4.0,2159810,1.0,1,1,1,4.0,,0.0,0,1965.0,A01,138Â 291Â 863,1.0,0.0,-1.0,1649115,1.0,7,,0.0,2.0,6.0,A01,138Â 291Â 863,3.0
966258,201900007789,9,16,18:34,1,2,2,1.0,3.0,75118,RUE ORDENER,M,"48,8902513","2,3599153",75,2019,50.0,1.0,1.0,4.0,2159810,1.0,1,1,1,4.0,,0.0,0,1965.0,A01,138Â 291Â 863,1.0,0.0,-1.0,1649116,1.0,7,,0.0,2.0,3.0,B01,138Â 291Â 864,1.0
966258,201900007789,9,16,18:34,1,2,2,1.0,3.0,75118,RUE ORDENER,M,"48,8902513","2,3599153",75,2019,50.0,1.0,1.0,4.0,2159811,4.0,2,1,1,0.0,,0.0,0,1994.0,A01,138Â 291Â 863,1.0,0.0,-1.0,1649115,1.0,7,,0.0,2.0,6.0,A01,138Â 291Â 863,3.0
966258,201900007789,9,16,18:34,1,2,2,1.0,3.0,75118,RUE ORDENER,M,"48,8902513","2,3599153",75,2019,50.0,1.0,1.0,4.0,2159811,4.0,2,1,1,0.0,,0.0,0,1994.0,A01,138Â 291Â 863,1.0,0.0,-1.0,1649116,1.0,7,,0.0,2.0,3.0,B01,138Â 291Â 864,1.0
966258,201900007789,9,16,18:34,1,2,2,1.0,3.0,75118,RUE ORDENER,M,"48,8902513","2,3599153",75,2019,50.0,1.0,1.0,4.0,2159812,2.0,2,1,1,0.0,,0.0,0,1994.0,A01,138Â 291Â 863,1.0,0.0,-1.0,1649115,1.0,7,,0.0,2.0,6.0,A01,138Â 291Â 863,3.0
966258,201900007789,9,16,18:34,1,2,2,1.0,3.0,75118,RUE ORDENER,M,"48,8902513","2,3599153",75,2019,50.0,1.0,1.0,4.0,2159812,2.0,2,1,1,0.0,,0.0,0,1994.0,A01,138Â 291Â 863,1.0,0.0,-1.0,1649116,1.0,7,,0.0,2.0,3.0,B01,138Â 291Â 864,1.0
966258,201900007789,9,16,18:34,1,2,2,1.0,3.0,75118,RUE ORDENER,M,"48,8902513","2,3599153",75,2019,50.0,1.0,1.0,4.0,2159813,3.0,2,1,1,0.0,,0.0,0,1987.0,A01,138Â 291Â 863,1.0,0.0,-1.0,1649115,1.0,7,,0.0,2.0,6.0,A01,138Â 291Â 863,3.0
966258,201900007789,9,16,18:34,1,2,2,1.0,3.0,75118,RUE ORDENER,M,"48,8902513","2,3599153",75,2019,50.0,1.0,1.0,4.0,2159813,3.0,2,1,1,0.0,,0.0,0,1987.0,A01,138Â 291Â 863,1.0,0.0,-1.0,1649116,1.0,7,,0.0,2.0,3.0,B01,138Â 291Â 864,1.0
966258,201900007789,9,16,18:34,1,2,2,1.0,3.0,75118,RUE ORDENER,M,"48,8902513","2,3599153",75,2019,50.0,1.0,1.0,4.0,2159814,1.0,1,4,1,4.0,,0.0,0,1959.0,B01,138Â 291Â 864,1.0,0.0,-1.0,1649115,1.0,7,,0.0,2.0,6.0,A01,138Â 291Â 863,3.0
966258,201900007789,9,16,18:34,1,2,2,1.0,3.0,75118,RUE ORDENER,M,"48,8902513","2,3599153",75,2019,50.0,1.0,1.0,4.0,2159814,1.0,1,4,1,4.0,,0.0,0,1959.0,B01,138Â 291Â 864,1.0,0.0,-1.0,1649116,1.0,7,,0.0,2.0,3.0,B01,138Â 291Â 864,1.0
966259,201900007790,9,16,21:05,5,2,2,1.0,3.0,75120,RUE HAXO,M,"48,8759964","2,4025526",75,2019,50.0,1.0,1.0,4.0,2159815,1.0,1,1,2,0.0,,0.0,0,1987.0,B01,138Â 291Â 861,1.0,0.0,-1.0,1649117,2.0,7,,0.0,2.0,6.0,B01,138Â 291Â 861,1.0
966259,201900007790,9,16,21:05,5,2,2,1.0,3.0,75120,RUE HAXO,M,"48,8759964","2,4025526",75,2019,50.0,1.0,1.0,4.0,2159815,1.0,1,1,2,0.0,,0.0,0,1987.0,B01,138Â 291Â 861,1.0,0.0,-1.0,1649118,2.0,30,,0.0,2.0,1.0,A01,138Â 291Â 862,1.0
966259,201900007790,9,16,21:05,5,2,2,1.0,3.0,75120,RUE HAXO,M,"48,8759964","2,4025526",75,2019,50.0,1.0,1.0,4.0,2159816,1.0,1,4,1,0.0,,0.0,0,1997.0,A01,138Â 291Â 862,2.0,6.0,-1.0,1649117,2.0,7,,0.0,2.0,6.0,B01,138Â 291Â 861,1.0
966259,201900007790,9,16,21:05,5,2,2,1.0,3.0,75120,RUE HAXO,M,"48,8759964","2,4025526",75,2019,50.0,1.0,1.0,4.0,2159816,1.0,1,4,1,0.0,,0.0,0,1997.0,A01,138Â 291Â 862,2.0,6.0,-1.0,1649118,2.0,30,,0.0,2.0,1.0,A01,138Â 291Â 862,1.0
966260,201900007791,9,16,19:50,5,2,3,1.0,6.0,75120,RUE DES PRAIRIES,M,"48,8624140","2,4034529",75,2019,50.0,1.0,1.0,4.0,2159817,1.0,1,1,2,5.0,,0.0,0,1965.0,A01,138Â 291Â 860,1.0,0.0,-1.0,1649119,1.0,7,,0.0,1.0,2.0,A01,138Â 291Â 860,1.0
966260,201900007791,9,16,19:50,5,2,3,1.0,6.0,75120,RUE DES PRAIRIES,M,"48,8624140","2,4034529",75,2019,50.0,1.0,1.0,4.0,2159818,10.0,3,4,2,5.0,,3.0,3,1929.0,A01,138Â 291Â 860,0.0,0.0,0.0,1649119,1.0,7,,0.0,1.0,2.0,A01,138Â 291Â 860,1.0
966261,201900007792,9,16,14:45,1,2,1,1.0,6.0,75120,RUE DES PYRENEES,M,"48,8587524","2,4026179",75,2019,50.0,1.0,1.0,4.0,2159819,10.0,3,4,2,0.0,,2.0,3,1955.0,Z01,138Â 291Â 859,0.0,0.0,0.0,1649120,2.0,80,,0.0,1.0,1.0,Z01,138Â 291Â 859,2.0
966262,201900007793,9,16,22:55,5,2,3,1.0,6.0,75110,QUAI DE JEMMAPES,M,"48,8717023","2,3653881",75,2019,50.0,1.0,1.0,4.0,2159820,10.0,3,4,2,5.0,,2.0,3,1998.0,A01,138Â 291Â 858,0.0,0.0,0.0,1649121,1.0,7,,0.0,1.0,3.0,A01,138Â 291Â 858,1.0
966262,201900007793,9,16,22:55,5,2,3,1.0,6.0,75110,QUAI DE JEMMAPES,M,"48,8717023","2,3653881",75,2019,50.0,1.0,1.0,4.0,2159821,1.0,1,1,2,9.0,,0.0,0,1945.0,A01,138Â 291Â 858,1.0,0.0,-1.0,1649121,1.0,7,,0.0,1.0,3.0,A01,138Â 291Â 858,1.0
966263,201900007794,9,16,18:30,2,2,4,1.0,3.0,75118,RUE CHAMPIONNET,M,"48,8934708","2,3294319",75,2019,50.0,1.0,1.0,4.0,2159822,1.0,1,4,1,2.0,,0.0,0,2003.0,B01,138Â 291Â 856,8.0,2.0,-1.0,1649122,1.0,50,,0.0,2.0,1.0,B01,138Â 291Â 856,3.0
966263,201900007794,9,16,18:30,2,2,4,1.0,3.0,75118,RUE CHAMPIONNET,M,"48,8934708","2,3294319",75,2019,50.0,1.0,1.0,4.0,2159822,1.0,1,4,1,2.0,,0.0,0,2003.0,B01,138Â 291Â 856,8.0,2.0,-1.0,1649123,1.0,7,,0.0,2.0,2.0,A01,138Â 291Â 857,1.0
966263,201900007794,9,16,18:30,2,2,4,1.0,3.0,75118,RUE CHAMPIONNET,M,"48,8934708","2,3294319",75,2019,50.0,1.0,1.0,4.0,2159823,1.0,1,1,1,0.0,,0.0,0,1992.0,A01,138Â 291Â 857,1.0,0.0,-1.0,1649122,1.0,50,,0.0,2.0,1.0,B01,138Â 291Â 856,3.0
966263,201900007794,9,16,18:30,2,2,4,1.0,3.0,75118,RUE CHAMPIONNET,M,"48,8934708","2,3294319",75,2019,50.0,1.0,1.0,4.0,2159823,1.0,1,1,1,0.0,,0.0,0,1992.0,A01,138Â 291Â 857,1.0,0.0,-1.0,1649123,1.0,7,,0.0,2.0,2.0,A01,138Â 291Â 857,1.0
966264,201900007795,9,15,17:10,1,2,3,1.0,3.0,75116,RUE POUSSIN,M,"48,8488709","2,2651765",75,2019,30.0,1.0,1.0,4.0,2159824,3.0,2,1,2,5.0,,0.0,0,2015.0,A01,138Â 291Â 854,1.0,0.0,-1.0,1649124,1.0,7,,0.0,2.0,2.0,A01,138Â 291Â 854,1.0
966264,201900007795,9,15,17:10,1,2,3,1.0,3.0,75116,RUE POUSSIN,M,"48,8488709","2,2651765",75,2019,30.0,1.0,1.0,4.0,2159824,3.0,2,1,2,5.0,,0.0,0,2015.0,A01,138Â 291Â 854,1.0,0.0,-1.0,1649125,1.0,7,,0.0,2.0,3.0,B01,138Â 291Â 855,1.0
966264,201900007795,9,15,17:10,1,2,3,1.0,3.0,75116,RUE POUSSIN,M,"48,8488709","2,2651765",75,2019,30.0,1.0,1.0,4.0,2159825,1.0,1,1,1,5.0,,0.0,0,1977.0,A01,138Â 291Â 854,1.0,0.0,-1.0,1649124,1.0,7,,0.0,2.0,2.0,A01,138Â 291Â 854,1.0
966264,201900007795,9,15,17:10,1,2,3,1.0,3.0,75116,RUE POUSSIN,M,"48,8488709","2,2651765",75,2019,30.0,1.0,1.0,4.0,2159825,1.0,1,1,1,5.0,,0.0,0,1977.0,A01,138Â 291Â 854,1.0,0.0,-1.0,1649125,1.0,7,,0.0,2.0,3.0,B01,138Â 291Â 855,1.0
966264,201900007795,9,15,17:10,1,2,3,1.0,3.0,75116,RUE POUSSIN,M,"48,8488709","2,2651765",75,2019,30.0,1.0,1.0,4.0,2159826,2.0,2,1,2,5.0,,0.0,0,1974.0,A01,138Â 291Â 854,1.0,0.0,-1.0,1649124,1.0,7,,0.0,2.0,2.0,A01,138Â 291Â 854,1.0
966264,201900007795,9,15,17:10,1,2,3,1.0,3.0,75116,RUE POUSSIN,M,"48,8488709","2,2651765",75,2019,30.0,1.0,1.0,4.0,2159826,2.0,2,1,2,5.0,,0.0,0,1974.0,A01,138Â 291Â 854,1.0,0.0,-1.0,1649125,1.0,7,,0.0,2.0,3.0,B01,138Â 291Â 855,1.0
966264,201900007795,9,15,17:10,1,2,3,1.0,3.0,75116,RUE POUSSIN,M,"48,8488709","2,2651765",75,2019,30.0,1.0,1.0,4.0,2159827,4.0,2,1,1,5.0,,0.0,0,2018.0,A01,138Â 291Â 854,1.0,0.0,-1.0,1649124,1.0,7,,0.0,2.0,2.0,A01,138Â 291Â 854,1.0
966264,201900007795,9,15,17:10,1,2,3,1.0,3.0,75116,RUE POUSSIN,M,"48,8488709","2,2651765",75,2019,30.0,1.0,1.0,4.0,2159827,4.0,2,1,1,5.0,,0.0,0,2018.0,A01,138Â 291Â 854,1.0,0.0,-1.0,1649125,1.0,7,,0.0,2.0,3.0,B01,138Â 291Â 855,1.0
966264,201900007795,9,15,17:10,1,2,3,1.0,3.0,75116,RUE POUSSIN,M,"48,8488709","2,2651765",75,2019,30.0,1.0,1.0,4.0,2159828,1.0,1,4,2,5.0,,0.0,0,1994.0,B01,138Â 291Â 855,1.0,0.0,-1.0,1649124,1.0,7,,0.0,2.0,2.0,A01,138Â 291Â 854,1.0
966264,201900007795,9,15,17:10,1,2,3,1.0,3.0,75116,RUE POUSSIN,M,"48,8488709","2,2651765",75,2019,30.0,1.0,1.0,4.0,2159828,1.0,1,4,2,5.0,,0.0,0,1994.0,B01,138Â 291Â 855,1.0,0.0,-1.0,1649125,1.0,7,,0.0,2.0,3.0,B01,138Â 291Â 855,1.0
966265,201900007796,9,16,09:45,1,2,2,1.0,3.0,75115,BOULEVARD PASTEUR,M,"48,8428714","2,3123891",75,2019,50.0,5.0,1.0,4.0,2159829,1.0,1,4,1,1.0,,0.0,0,1988.0,A01,138Â 291Â 852,8.0,2.0,-1.0,1649126,2.0,1,,0.0,2.0,1.0,A01,138Â 291Â 852,5.0
966265,201900007796,9,16,09:45,1,2,2,1.0,3.0,75115,BOULEVARD PASTEUR,M,"48,8428714","2,3123891",75,2019,50.0,5.0,1.0,4.0,2159829,1.0,1,4,1,1.0,,0.0,0,1988.0,A01,138Â 291Â 852,8.0,2.0,-1.0,1649127,2.0,10,,0.0,2.0,2.0,B01,138Â 291Â 853,1.0
966265,201900007796,9,16,09:45,1,2,2,1.0,3.0,75115,BOULEVARD PASTEUR,M,"48,8428714","2,3123891",75,2019,50.0,5.0,1.0,4.0,2159830,1.0,1,1,1,4.0,,0.0,0,1978.0,B01,138Â 291Â 853,1.0,0.0,-1.0,1649126,2.0,1,,0.0,2.0,1.0,A01,138Â 291Â 852,5.0
966265,201900007796,9,16,09:45,1,2,2,1.0,3.0,75115,BOULEVARD PASTEUR,M,"48,8428714","2,3123891",75,2019,50.0,5.0,1.0,4.0,2159830,1.0,1,1,1,4.0,,0.0,0,1978.0,B01,138Â 291Â 853,1.0,0.0,-1.0,1649127,2.0,10,,0.0,2.0,2.0,B01,138Â 291Â 853,1.0
966266,201900007797,9,16,18:20,1,2,2,1.0,6.0,75111,BOULEVARD RICHARD LENOIR,M,"48,8640025","2,3706871",75,2019,50.0,5.0,1.0,4.0,2159831,10.0,3,4,2,0.0,,4.0,3,1995.0,A01,138Â 291Â 851,0.0,0.0,0.0,1649128,2.0,1,,0.0,1.0,1.0,A01,138Â 291Â 851,5.0
966266,201900007797,9,16,18:20,1,2,2,1.0,6.0,75111,BOULEVARD RICHARD LENOIR,M,"48,8640025","2,3706871",75,2019,50.0,5.0,1.0,4.0,2159832,1.0,1,1,1,5.0,,0.0,0,1996.0,A01,138Â 291Â 851,2.0,0.0,-1.0,1649128,2.0,1,,0.0,1.0,1.0,A01,138Â 291Â 851,5.0
966267,201900007798,9,16,13:25,1,2,1,1.0,6.0,75111,RUE LEON FROT,M,"48,8546430","2,3875430",75,2019,30.0,5.0,1.0,4.0,2159833,10.0,3,4,2,1.0,,2.0,3,1980.0,Z01,138Â 291Â 850,0.0,0.0,0.0,1649129,1.0,1,,0.0,1.0,0.0,Z01,138Â 291Â 850,5.0
966268,201900007799,9,16,16:00,1,2,4,1.0,6.0,75110,AVENUE CLAUDE VELLEFAUX,M,"48,8771774","2,3702974",75,2019,30.0,1.0,1.0,4.0,2159834,10.0,3,4,2,2.0,,3.0,5,2014.0,Z01,138Â 291Â 849,0.0,0.0,0.0,1649130,2.0,7,,0.0,1.0,3.0,Z01,138Â 291Â 849,0.0
966269,201900007800,9,16,01:25,5,2,4,1.0,3.0,75102,BOULEVARD SAINT DENIS,M,"48,8696083","2,3530032",75,2019,50.0,1.0,1.0,4.0,2159835,2.0,2,4,2,5.0,,0.0,0,1991.0,A01,138Â 291Â 847,2.0,6.0,-1.0,1649131,1.0,30,,0.0,2.0,3.0,A01,138Â 291Â 847,1.0