Unnamed: 0_x,num_acc,mois,jour,hrmn,lum,agg,int,atm,col,com,adr,gps,lat,long,dep,annee,vma,situ,surf,catr,Unnamed: 0_y,place,catu,grav,sexe,trajet,secu,locp,actp,an_nais,num_veh_x,id_vehicule_x,secu1,secu2,secu3,Unnamed: 0,senc,catv,occutc,obs,obsm,choc,num_veh_y,id_vehicule_y,motor
966269,201900007800,9,16,01:25,5,2,4,1.0,3.0,75102,BOULEVARD SAINT DENIS,M,"48,8696083","2,3530032",75,2019,50.0,1.0,1.0,4.0,2159835,2.0,2,4,2,5.0,,0.0,0,1991.0,A01,138Â 291Â 847,2.0,6.0,-1.0,1649132,1.0,7,,0.0,2.0,7.0,B01,138Â 291Â 848,1.0
966269,201900007800,9,16,01:25,5,2,4,1.0,3.0,75102,BOULEVARD SAINT DENIS,M,"48,8696083","2,3530032",75,2019,50.0,1.0,1.0,4.0,2159836,1.0,1,4,1,5.0,,0.0,0,1984.0,A01,138Â 291Â 847,2.0,6.0,-1.0,1649131,1.0,30,,0.0,2.0,3.0,A01,138Â 291Â 847,1.0
966269,201900007800,9,16,01:25,5,2,4,1.0,3.0,75102,BOULEVARD SAINT DENIS,M,"48,8696083","2,3530032",75,2019,50.0,1.0,1.0,4.0,2159836,1.0,1,4,1,5.0,,0.0,0,1984.0,A01,138Â 291Â 847,2.0,6.0,-1.0,1649132,1.0,7,,0.0,2.0,7.0,B01,138Â 291Â 848,1.0
966269,201900007800,9,16,01:25,5,2,4,1.0,3.0,75102,BOULEVARD SAINT DENIS,M,"48,8696083","2,3530032",75,2019,50.0,1.0,1.0,4.0,2159837,1.0,1,1,1,5.0,,0.0,0,2000.0,B01,138Â 291Â 848,1.0,0.0,-1.0,1649131,1.0,30,,0.0,2.0,3.0,A01,138Â 291Â 847,1.0
966269,201900007800,9,16,01:25,5,2,4,1.0,3.0,75102,BOULEVARD SAINT DENIS,M,"48,8696083","2,3530032",75,2019,50.0,1.0,1.0,4.0,2159837,1.0,1,1,1,5.0,,0.0,0,2000.0,B01,138Â 291Â 848,1.0,0.0,-1.0,1649132,1.0,7,,0.0,2.0,7.0,B01,138Â 291Â 848,1.0
966270,201900007801,9,16,21:25,5,2,1,1.0,2.0,94077,LE FOLL (AV),M,"48,7293100","2,4291300",94,2019,50.0,1.0,1.0,4.0,2159838,1.0,1,1,1,5.0,,-1.0, -1,1948.0,A01,138Â 291Â 845,1.0,0.0,-1.0,1649133,0.0,7,,0.0,2.0,1.0,A01,138Â 291Â 845,1.0
966270,201900007801,9,16,21:25,5,2,1,1.0,2.0,94077,LE FOLL (AV),M,"48,7293100","2,4291300",94,2019,50.0,1.0,1.0,4.0,2159838,1.0,1,1,1,5.0,,-1.0, -1,1948.0,A01,138Â 291Â 845,1.0,0.0,-1.0,1649134,0.0,2,,0.0,2.0,4.0,B01,138Â 291Â 846,1.0
966270,201900007801,9,16,21:25,5,2,1,1.0,2.0,94077,LE FOLL (AV),M,"48,7293100","2,4291300",94,2019,50.0,1.0,1.0,4.0,2159839,1.0,1,4,1,9.0,,-1.0, -1,1969.0,B01,138Â 291Â 846,8.0,0.0,-1.0,1649133,0.0,7,,0.0,2.0,1.0,A01,138Â 291Â 845,1.0
966270,201900007801,9,16,21:25,5,2,1,1.0,2.0,94077,LE FOLL (AV),M,"48,7293100","2,4291300",94,2019,50.0,1.0,1.0,4.0,2159839,1.0,1,4,1,9.0,,-1.0, -1,1969.0,B01,138Â 291Â 846,8.0,0.0,-1.0,1649134,0.0,2,,0.0,2.0,4.0,B01,138Â 291Â 846,1.0
966271,201900007802,9,16,12:55,1,2,1,1.0,3.0,94021,RUE PAUL HOCHART,M,"48,7784400","2,3647200",94,2019,50.0,1.0,1.0,4.0,2159840,1.0,1,4,1,5.0,,-1.0,0,1954.0,B01,138Â 291Â 843,2.0,6.0,-1.0,1649135,1.0,33,,0.0,2.0,8.0,B01,138Â 291Â 843,0.0
966271,201900007802,9,16,12:55,1,2,1,1.0,3.0,94021,RUE PAUL HOCHART,M,"48,7784400","2,3647200",94,2019,50.0,1.0,1.0,4.0,2159840,1.0,1,4,1,5.0,,-1.0,0,1954.0,B01,138Â 291Â 843,2.0,6.0,-1.0,1649136,1.0,7,,14.0,2.0,2.0,A01,138Â 291Â 844,1.0
966271,201900007802,9,16,12:55,1,2,1,1.0,3.0,94021,RUE PAUL HOCHART,M,"48,7784400","2,3647200",94,2019,50.0,1.0,1.0,4.0,2159841,1.0,1,1,2,1.0,,-1.0, -1,1963.0,A01,138Â 291Â 844,1.0,0.0,-1.0,1649135,1.0,33,,0.0,2.0,8.0,B01,138Â 291Â 843,0.0
966271,201900007802,9,16,12:55,1,2,1,1.0,3.0,94021,RUE PAUL HOCHART,M,"48,7784400","2,3647200",94,2019,50.0,1.0,1.0,4.0,2159841,1.0,1,1,2,1.0,,-1.0, -1,1963.0,A01,138Â 291Â 844,1.0,0.0,-1.0,1649136,1.0,7,,14.0,2.0,2.0,A01,138Â 291Â 844,1.0
966272,201900007803,9,16,08:40,1,2,1,1.0,2.0,94021,GENERAL DE GAULLE (AV DU),M,"48,7715200","2,3478000",94,2019,50.0,2.0,1.0,4.0,2159842,1.0,1,4,2,1.0,,-1.0, -1,1964.0,B01,138Â 291Â 841,1.0,0.0,-1.0,1649137,2.0,7,,0.0,2.0,4.0,B01,138Â 291Â 841,1.0
966272,201900007803,9,16,08:40,1,2,1,1.0,2.0,94021,GENERAL DE GAULLE (AV DU),M,"48,7715200","2,3478000",94,2019,50.0,2.0,1.0,4.0,2159842,1.0,1,4,2,1.0,,-1.0, -1,1964.0,B01,138Â 291Â 841,1.0,0.0,-1.0,1649138,2.0,7,,0.0,2.0,1.0,A01,138Â 291Â 842,1.0
966272,201900007803,9,16,08:40,1,2,1,1.0,2.0,94021,GENERAL DE GAULLE (AV DU),M,"48,7715200","2,3478000",94,2019,50.0,2.0,1.0,4.0,2159843,4.0,2,1,1,2.0,,-1.0, -1,2011.0,A01,138Â 291Â 842,1.0,0.0,-1.0,1649137,2.0,7,,0.0,2.0,4.0,B01,138Â 291Â 841,1.0
966272,201900007803,9,16,08:40,1,2,1,1.0,2.0,94021,GENERAL DE GAULLE (AV DU),M,"48,7715200","2,3478000",94,2019,50.0,2.0,1.0,4.0,2159843,4.0,2,1,1,2.0,,-1.0, -1,2011.0,A01,138Â 291Â 842,1.0,0.0,-1.0,1649138,2.0,7,,0.0,2.0,1.0,A01,138Â 291Â 842,1.0
966272,201900007803,9,16,08:40,1,2,1,1.0,2.0,94021,GENERAL DE GAULLE (AV DU),M,"48,7715200","2,3478000",94,2019,50.0,2.0,1.0,4.0,2159844,3.0,2,1,2,9.0,,-1.0,0,2015.0,A01,138Â 291Â 842,1.0,8.0,-1.0,1649137,2.0,7,,0.0,2.0,4.0,B01,138Â 291Â 841,1.0
966272,201900007803,9,16,08:40,1,2,1,1.0,2.0,94021,GENERAL DE GAULLE (AV DU),M,"48,7715200","2,3478000",94,2019,50.0,2.0,1.0,4.0,2159844,3.0,2,1,2,9.0,,-1.0,0,2015.0,A01,138Â 291Â 842,1.0,8.0,-1.0,1649138,2.0,7,,0.0,2.0,1.0,A01,138Â 291Â 842,1.0
966272,201900007803,9,16,08:40,1,2,1,1.0,2.0,94021,GENERAL DE GAULLE (AV DU),M,"48,7715200","2,3478000",94,2019,50.0,2.0,1.0,4.0,2159845,1.0,1,1,2,1.0,,-1.0,0,1994.0,A01,138Â 291Â 842,1.0,0.0,-1.0,1649137,2.0,7,,0.0,2.0,4.0,B01,138Â 291Â 841,1.0
966272,201900007803,9,16,08:40,1,2,1,1.0,2.0,94021,GENERAL DE GAULLE (AV DU),M,"48,7715200","2,3478000",94,2019,50.0,2.0,1.0,4.0,2159845,1.0,1,1,2,1.0,,-1.0,0,1994.0,A01,138Â 291Â 842,1.0,0.0,-1.0,1649138,2.0,7,,0.0,2.0,1.0,A01,138Â 291Â 842,1.0
966273,201900007804,9,16,08:30,1,2,1,1.0,4.0,94011,BOISSY.(AVENUE DE),M,"48,7613100","2,4967700",94,2019,50.0,1.0,1.0,2.0,2159846,1.0,1,1,2,1.0,,-1.0, -1,1979.0,A01,138Â 291Â 838,8.0,4.0,-1.0,1649139,3.0,7,,0.0,2.0,1.0,A01,138Â 291Â 838,1.0
966273,201900007804,9,16,08:30,1,2,1,1.0,4.0,94011,BOISSY.(AVENUE DE),M,"48,7613100","2,4967700",94,2019,50.0,1.0,1.0,2.0,2159846,1.0,1,1,2,1.0,,-1.0, -1,1979.0,A01,138Â 291Â 838,8.0,4.0,-1.0,1649140,3.0,43,,0.0,2.0,4.0,B01,138Â 291Â 839,1.0
966273,201900007804,9,16,08:30,1,2,1,1.0,4.0,94011,BOISSY.(AVENUE DE),M,"48,7613100","2,4967700",94,2019,50.0,1.0,1.0,2.0,2159846,1.0,1,1,2,1.0,,-1.0, -1,1979.0,A01,138Â 291Â 838,8.0,4.0,-1.0,1649141,3.0,7,,0.0,2.0,4.0,C01,138Â 291Â 840,1.0
966273,201900007804,9,16,08:30,1,2,1,1.0,4.0,94011,BOISSY.(AVENUE DE),M,"48,7613100","2,4967700",94,2019,50.0,1.0,1.0,2.0,2159847,1.0,1,4,1,1.0,,-1.0, -1,1976.0,B01,138Â 291Â 839,2.0,6.0,-1.0,1649139,3.0,7,,0.0,2.0,1.0,A01,138Â 291Â 838,1.0
966273,201900007804,9,16,08:30,1,2,1,1.0,4.0,94011,BOISSY.(AVENUE DE),M,"48,7613100","2,4967700",94,2019,50.0,1.0,1.0,2.0,2159847,1.0,1,4,1,1.0,,-1.0, -1,1976.0,B01,138Â 291Â 839,2.0,6.0,-1.0,1649140,3.0,43,,0.0,2.0,4.0,B01,138Â 291Â 839,1.0
966273,201900007804,9,16,08:30,1,2,1,1.0,4.0,94011,BOISSY.(AVENUE DE),M,"48,7613100","2,4967700",94,2019,50.0,1.0,1.0,2.0,2159847,1.0,1,4,1,1.0,,-1.0, -1,1976.0,B01,138Â 291Â 839,2.0,6.0,-1.0,1649141,3.0,7,,0.0,2.0,4.0,C01,138Â 291Â 840,1.0
966273,201900007804,9,16,08:30,1,2,1,1.0,4.0,94011,BOISSY.(AVENUE DE),M,"48,7613100","2,4967700",94,2019,50.0,1.0,1.0,2.0,2159848,1.0,1,1,2,1.0,,-1.0, -1,1975.0,C01,138Â 291Â 840,1.0,8.0,-1.0,1649139,3.0,7,,0.0,2.0,1.0,A01,138Â 291Â 838,1.0
966273,201900007804,9,16,08:30,1,2,1,1.0,4.0,94011,BOISSY.(AVENUE DE),M,"48,7613100","2,4967700",94,2019,50.0,1.0,1.0,2.0,2159848,1.0,1,1,2,1.0,,-1.0, -1,1975.0,C01,138Â 291Â 840,1.0,8.0,-1.0,1649140,3.0,43,,0.0,2.0,4.0,B01,138Â 291Â 839,1.0
966273,201900007804,9,16,08:30,1,2,1,1.0,4.0,94011,BOISSY.(AVENUE DE),M,"48,7613100","2,4967700",94,2019,50.0,1.0,1.0,2.0,2159848,1.0,1,1,2,1.0,,-1.0, -1,1975.0,C01,138Â 291Â 840,1.0,8.0,-1.0,1649141,3.0,7,,0.0,2.0,4.0,C01,138Â 291Â 840,1.0
966274,201900007805,9,14,19:54,1,2,3,1.0,3.0,94053,CONDORCET (R),M,"48,7746000","2,5495000",94,2019,50.0,3.0,1.0,4.0,2159849,1.0,1,4,2,5.0,,-1.0, -1,1970.0,B01,138Â 291Â 836,2.0,6.0,-1.0,1649142,3.0,34,,0.0,2.0,6.0,B01,138Â 291Â 836,1.0
966274,201900007805,9,14,19:54,1,2,3,1.0,3.0,94053,CONDORCET (R),M,"48,7746000","2,5495000",94,2019,50.0,3.0,1.0,4.0,2159849,1.0,1,4,2,5.0,,-1.0, -1,1970.0,B01,138Â 291Â 836,2.0,6.0,-1.0,1649143,3.0,7,,0.0,2.0,1.0,A01,138Â 291Â 837,1.0
966274,201900007805,9,14,19:54,1,2,3,1.0,3.0,94053,CONDORCET (R),M,"48,7746000","2,5495000",94,2019,50.0,3.0,1.0,4.0,2159850,2.0,2,4,2,5.0,,0.0,0,2000.0,B01,138Â 291Â 836,2.0,6.0,-1.0,1649142,3.0,34,,0.0,2.0,6.0,B01,138Â 291Â 836,1.0
966274,201900007805,9,14,19:54,1,2,3,1.0,3.0,94053,CONDORCET (R),M,"48,7746000","2,5495000",94,2019,50.0,3.0,1.0,4.0,2159850,2.0,2,4,2,5.0,,0.0,0,2000.0,B01,138Â 291Â 836,2.0,6.0,-1.0,1649143,3.0,7,,0.0,2.0,1.0,A01,138Â 291Â 837,1.0
966274,201900007805,9,14,19:54,1,2,3,1.0,3.0,94053,CONDORCET (R),M,"48,7746000","2,5495000",94,2019,50.0,3.0,1.0,4.0,2159851,1.0,1,1,1,5.0,,0.0,0,1984.0,A01,138Â 291Â 837,1.0,8.0,-1.0,1649142,3.0,34,,0.0,2.0,6.0,B01,138Â 291Â 836,1.0
966274,201900007805,9,14,19:54,1,2,3,1.0,3.0,94053,CONDORCET (R),M,"48,7746000","2,5495000",94,2019,50.0,3.0,1.0,4.0,2159851,1.0,1,1,1,5.0,,0.0,0,1984.0,A01,138Â 291Â 837,1.0,8.0,-1.0,1649143,3.0,7,,0.0,2.0,1.0,A01,138Â 291Â 837,1.0
966275,201900007806,9,15,18:10,1,2,3,1.0,3.0,94018,PONT DE CHARENTON,M,"48,8100000","2,4100000",94,2019,30.0,1.0,1.0,3.0,2159852,1.0,1,1,1,1.0,,-1.0, -1,1987.0,A01,138Â 291Â 834,1.0,8.0,-1.0,1649144,2.0,7,,0.0,2.0,1.0,A01,138Â 291Â 834,1.0
966275,201900007806,9,15,18:10,1,2,3,1.0,3.0,94018,PONT DE CHARENTON,M,"48,8100000","2,4100000",94,2019,30.0,1.0,1.0,3.0,2159852,1.0,1,1,1,1.0,,-1.0, -1,1987.0,A01,138Â 291Â 834,1.0,8.0,-1.0,1649145,2.0,2,,0.0,2.0,7.0,B01,138Â 291Â 835,1.0
966275,201900007806,9,15,18:10,1,2,3,1.0,3.0,94018,PONT DE CHARENTON,M,"48,8100000","2,4100000",94,2019,30.0,1.0,1.0,3.0,2159853,2.0,1,4,1,1.0,,-1.0, -1,1991.0,B01,138Â 291Â 835,2.0,6.0,-1.0,1649144,2.0,7,,0.0,2.0,1.0,A01,138Â 291Â 834,1.0
966275,201900007806,9,15,18:10,1,2,3,1.0,3.0,94018,PONT DE CHARENTON,M,"48,8100000","2,4100000",94,2019,30.0,1.0,1.0,3.0,2159853,2.0,1,4,1,1.0,,-1.0, -1,1991.0,B01,138Â 291Â 835,2.0,6.0,-1.0,1649145,2.0,2,,0.0,2.0,7.0,B01,138Â 291Â 835,1.0
966276,201900007807,9,16,10:00,1,2,9,1.0,3.0,94017,GENERAL DE GAULLE (AV DU),M,"48,8274700","2,5094300",94,2019,50.0,1.0,1.0,3.0,2159854,1.0,1,1,1,0.0,,-1.0, -1,1980.0,A01,138Â 291Â 832,1.0,8.0,-1.0,1649146,0.0,7,,0.0,0.0,8.0,A01,138Â 291Â 832,1.0
966276,201900007807,9,16,10:00,1,2,9,1.0,3.0,94017,GENERAL DE GAULLE (AV DU),M,"48,8274700","2,5094300",94,2019,50.0,1.0,1.0,3.0,2159854,1.0,1,1,1,0.0,,-1.0, -1,1980.0,A01,138Â 291Â 832,1.0,8.0,-1.0,1649147,0.0,34,,0.0,2.0,2.0,B01,138Â 291Â 833,1.0
966276,201900007807,9,16,10:00,1,2,9,1.0,3.0,94017,GENERAL DE GAULLE (AV DU),M,"48,8274700","2,5094300",94,2019,50.0,1.0,1.0,3.0,2159855,1.0,1,4,1,0.0,,-1.0, -1,1966.0,B01,138Â 291Â 833,2.0,8.0,-1.0,1649146,0.0,7,,0.0,0.0,8.0,A01,138Â 291Â 832,1.0
966276,201900007807,9,16,10:00,1,2,9,1.0,3.0,94017,GENERAL DE GAULLE (AV DU),M,"48,8274700","2,5094300",94,2019,50.0,1.0,1.0,3.0,2159855,1.0,1,4,1,0.0,,-1.0, -1,1966.0,B01,138Â 291Â 833,2.0,8.0,-1.0,1649147,0.0,34,,0.0,2.0,2.0,B01,138Â 291Â 833,1.0
966277,201900007808,9,16,00:30,3,2,1,1.0,1.0,93013,LINDBERGH (CARREFOUR),M,"48,9407900","2,4231500",93,2019,50.0,1.0,1.0,3.0,2159856,1.0,1,1,1,5.0,,-1.0, -1,1983.0,B01,138Â 291Â 827,1.0,0.0,-1.0,1649148,3.0,7,,0.0,6.0,1.0,B01,138Â 291Â 827,1.0
966277,201900007808,9,16,00:30,3,2,1,1.0,1.0,93013,LINDBERGH (CARREFOUR),M,"48,9407900","2,4231500",93,2019,50.0,1.0,1.0,3.0,2159856,1.0,1,1,1,5.0,,-1.0, -1,1983.0,B01,138Â 291Â 827,1.0,0.0,-1.0,1649149,3.0,1,,0.0,2.0,1.0,A01,138Â 291Â 828,5.0
966277,201900007808,9,16,00:30,3,2,1,1.0,1.0,93013,LINDBERGH (CARREFOUR),M,"48,9407900","2,4231500",93,2019,50.0,1.0,1.0,3.0,2159857,1.0,1,4,1,5.0,,-1.0, -1,1991.0,A01,138Â 291Â 828,2.0,0.0,-1.0,1649148,3.0,7,,0.0,6.0,1.0,B01,138Â 291Â 827,1.0
966277,201900007808,9,16,00:30,3,2,1,1.0,1.0,93013,LINDBERGH (CARREFOUR),M,"48,9407900","2,4231500",93,2019,50.0,1.0,1.0,3.0,2159857,1.0,1,4,1,5.0,,-1.0, -1,1991.0,A01,138Â 291Â 828,2.0,0.0,-1.0,1649149,3.0,1,,0.0,2.0,1.0,A01,138Â 291Â 828,5.0
966278,201900007809,9,16,00:20,5,2,3,1.0,3.0,93001,JEAN JAURES (AVE)  215 =>,M,"48,9162300","2,4056400",93,2019,50.0,1.0,1.0,3.0,2159858,1.0,1,1,1,9.0,,-1.0, -1,1962.0,A01,138Â 291Â 825,1.0,0.0,-1.0,1649150,1.0,7,,0.0,2.0,3.0,A01,138Â 291Â 825,1.0
966278,201900007809,9,16,00:20,5,2,3,1.0,3.0,93001,JEAN JAURES (AVE)  215 =>,M,"48,9162300","2,4056400",93,2019,50.0,1.0,1.0,3.0,2159858,1.0,1,1,1,9.0,,-1.0, -1,1962.0,A01,138Â 291Â 825,1.0,0.0,-1.0,1649151,1.0,33,,0.0,2.0,1.0,B01,138Â 291Â 826,1.0
966278,201900007809,9,16,00:20,5,2,3,1.0,3.0,93001,JEAN JAURES (AVE)  215 =>,M,"48,9162300","2,4056400",93,2019,50.0,1.0,1.0,3.0,2159859,1.0,1,4,1,9.0,,-1.0, -1,1989.0,B01,138Â 291Â 826,2.0,6.0,-1.0,1649150,1.0,7,,0.0,2.0,3.0,A01,138Â 291Â 825,1.0
966278,201900007809,9,16,00:20,5,2,3,1.0,3.0,93001,JEAN JAURES (AVE)  215 =>,M,"48,9162300","2,4056400",93,2019,50.0,1.0,1.0,3.0,2159859,1.0,1,4,1,9.0,,-1.0, -1,1989.0,B01,138Â 291Â 826,2.0,6.0,-1.0,1649151,1.0,33,,0.0,2.0,1.0,B01,138Â 291Â 826,1.0
966279,201900007810,9,16,18:44,1,2,1,1.0,3.0,92075,LARMEROUX (RUE),M,"48,8166590","2,2804230",92,2019,50.0,1.0,1.0,3.0,2159860,1.0,1,1,1,9.0,,-1.0,0,2001.0,A01,138Â 291Â 823,2.0,6.0,-1.0,1649152,0.0,30,,0.0,2.0,1.0,A01,138Â 291Â 823,1.0
966279,201900007810,9,16,18:44,1,2,1,1.0,3.0,92075,LARMEROUX (RUE),M,"48,8166590","2,2804230",92,2019,50.0,1.0,1.0,3.0,2159860,1.0,1,1,1,9.0,,-1.0,0,2001.0,A01,138Â 291Â 823,2.0,6.0,-1.0,1649153,1.0,34,,0.0,2.0,1.0,B01,138Â 291Â 824,1.0
966279,201900007810,9,16,18:44,1,2,1,1.0,3.0,92075,LARMEROUX (RUE),M,"48,8166590","2,2804230",92,2019,50.0,1.0,1.0,3.0,2159861,1.0,1,4,2,1.0,,0.0,0,1993.0,B01,138Â 291Â 824,8.0,0.0,-1.0,1649152,0.0,30,,0.0,2.0,1.0,A01,138Â 291Â 823,1.0
966279,201900007810,9,16,18:44,1,2,1,1.0,3.0,92075,LARMEROUX (RUE),M,"48,8166590","2,2804230",92,2019,50.0,1.0,1.0,3.0,2159861,1.0,1,4,2,1.0,,0.0,0,1993.0,B01,138Â 291Â 824,8.0,0.0,-1.0,1649153,1.0,34,,0.0,2.0,1.0,B01,138Â 291Â 824,1.0
966280,201900007811,9,16,09:30,1,2,1,1.0,3.0,92020,STALINGRAD BOULEVARD,M,"48,8048200","2,2875800",92,2019,50.0,1.0,1.0,4.0,2159862,2.0,2,1,2,9.0,,-1.0,0,1959.0,A01,138Â 291Â 821,1.0,0.0,-1.0,1649154,2.0,10,,0.0,6.0,2.0,A01,138Â 291Â 821,1.0
966280,201900007811,9,16,09:30,1,2,1,1.0,3.0,92020,STALINGRAD BOULEVARD,M,"48,8048200","2,2875800",92,2019,50.0,1.0,1.0,4.0,2159862,2.0,2,1,2,9.0,,-1.0,0,1959.0,A01,138Â 291Â 821,1.0,0.0,-1.0,1649155,2.0,1,,0.0,2.0,0.0,B01,138Â 291Â 822,0.0
966280,201900007811,9,16,09:30,1,2,1,1.0,3.0,92020,STALINGRAD BOULEVARD,M,"48,8048200","2,2875800",92,2019,50.0,1.0,1.0,4.0,2159863,1.0,1,1,1,4.0,,-1.0,0,1962.0,A01,138Â 291Â 821,1.0,0.0,-1.0,1649154,2.0,10,,0.0,6.0,2.0,A01,138Â 291Â 821,1.0
966280,201900007811,9,16,09:30,1,2,1,1.0,3.0,92020,STALINGRAD BOULEVARD,M,"48,8048200","2,2875800",92,2019,50.0,1.0,1.0,4.0,2159863,1.0,1,1,1,4.0,,-1.0,0,1962.0,A01,138Â 291Â 821,1.0,0.0,-1.0,1649155,2.0,1,,0.0,2.0,0.0,B01,138Â 291Â 822,0.0
966280,201900007811,9,16,09:30,1,2,1,1.0,3.0,92020,STALINGRAD BOULEVARD,M,"48,8048200","2,2875800",92,2019,50.0,1.0,1.0,4.0,2159864,1.0,1,4,1,1.0,,-1.0,0,1963.0,B01,138Â 291Â 822,2.0,0.0,-1.0,1649154,2.0,10,,0.0,6.0,2.0,A01,138Â 291Â 821,1.0
966280,201900007811,9,16,09:30,1,2,1,1.0,3.0,92020,STALINGRAD BOULEVARD,M,"48,8048200","2,2875800",92,2019,50.0,1.0,1.0,4.0,2159864,1.0,1,4,1,1.0,,-1.0,0,1963.0,B01,138Â 291Â 822,2.0,0.0,-1.0,1649155,2.0,1,,0.0,2.0,0.0,B01,138Â 291Â 822,0.0
966281,201900007812,9,14,02:25,5,2,1,1.0,7.0,92036,PRINCIPALE DU PORT (ROUTE) (1/17),M,"48,9412000","2,2963600",92,2019,50.0,1.0,1.0,4.0,2159865,1.0,1,3,1,5.0,,-1.0,0,1989.0,A01,138Â 291Â 820,2.0,8.0,-1.0,1649156,1.0,33,,12.0,0.0,1.0,A01,138Â 291Â 820,1.0
966282,201900007813,9,13,00:00,5,2,3,1.0,3.0,92004,AULAGNIER ( QUAI ),M,"48,9131091","2,3070405",92,2019,50.0,1.0,1.0,3.0,2159866,1.0,1,4,1,0.0,,-1.0, -1,1998.0,B01,138Â 291Â 818,1.0,0.0,0.0,1649157,3.0,10,,0.0,2.0,7.0,B01,138Â 291Â 818,1.0
966282,201900007813,9,13,00:00,5,2,3,1.0,3.0,92004,AULAGNIER ( QUAI ),M,"48,9131091","2,3070405",92,2019,50.0,1.0,1.0,3.0,2159866,1.0,1,4,1,0.0,,-1.0, -1,1998.0,B01,138Â 291Â 818,1.0,0.0,0.0,1649158,3.0,10,,0.0,2.0,3.0,A01,138Â 291Â 819,1.0
966282,201900007813,9,13,00:00,5,2,3,1.0,3.0,92004,AULAGNIER ( QUAI ),M,"48,9131091","2,3070405",92,2019,50.0,1.0,1.0,3.0,2159867,1.0,1,1,2,0.0,,-1.0, -1,1985.0,A01,138Â 291Â 819,1.0,8.0,-1.0,1649157,3.0,10,,0.0,2.0,7.0,B01,138Â 291Â 818,1.0
966282,201900007813,9,13,00:00,5,2,3,1.0,3.0,92004,AULAGNIER ( QUAI ),M,"48,9131091","2,3070405",92,2019,50.0,1.0,1.0,3.0,2159867,1.0,1,1,2,0.0,,-1.0, -1,1985.0,A01,138Â 291Â 819,1.0,8.0,-1.0,1649158,3.0,10,,0.0,2.0,3.0,A01,138Â 291Â 819,1.0
966283,201900007814,9,16,22:00,5,2,2,1.0,3.0,92002,PRESIDENT KENNEDY (2 A 48),M,"48,7362318","2,2917628",92,2019,50.0,1.0,1.0,3.0,2159868,1.0,1,4,1,0.0,,-1.0,0,1994.0,B01,138Â 291Â 816,2.0,6.0,-1.0,1649159,1.0,30,,0.0,2.0,8.0,B01,138Â 291Â 816,1.0
966283,201900007814,9,16,22:00,5,2,2,1.0,3.0,92002,PRESIDENT KENNEDY (2 A 48),M,"48,7362318","2,2917628",92,2019,50.0,1.0,1.0,3.0,2159868,1.0,1,4,1,0.0,,-1.0,0,1994.0,B01,138Â 291Â 816,2.0,6.0,-1.0,1649160,2.0,3,,0.0,2.0,7.0,A01,138Â 291Â 817,1.0
966283,201900007814,9,16,22:00,5,2,2,1.0,3.0,92002,PRESIDENT KENNEDY (2 A 48),M,"48,7362318","2,2917628",92,2019,50.0,1.0,1.0,3.0,2159869,1.0,1,1,1,5.0,,-1.0,0,2000.0,A01,138Â 291Â 817,1.0,0.0,-1.0,1649159,1.0,30,,0.0,2.0,8.0,B01,138Â 291Â 816,1.0
966283,201900007814,9,16,22:00,5,2,2,1.0,3.0,92002,PRESIDENT KENNEDY (2 A 48),M,"48,7362318","2,2917628",92,2019,50.0,1.0,1.0,3.0,2159869,1.0,1,1,1,5.0,,-1.0,0,2000.0,A01,138Â 291Â 817,1.0,0.0,-1.0,1649160,2.0,3,,0.0,2.0,7.0,A01,138Â 291Â 817,1.0
966284,201900007815,9,16,15:35,1,2,1,1.0,6.0,92002,CHATENAY (RUE DE),M,"48,7589000","2,2910000",92,2019,50.0,1.0,1.0,4.0,2159870,1.0,1,1,2,4.0,,-1.0,0,1970.0,A01,138Â 291Â 815,1.0,8.0,-1.0,1649161,1.0,3,,0.0,1.0,7.0,A01,138Â 291Â 815,1.0
966284,201900007815,9,16,15:35,1,2,1,1.0,6.0,92002,CHATENAY (RUE DE),M,"48,7589000","2,2910000",92,2019,50.0,1.0,1.0,4.0,2159871,10.0,3,4,1,2.0,,2.0,3,2005.0,A01,138Â 291Â 815,8.0,0.0,-1.0,1649161,1.0,3,,0.0,1.0,7.0,A01,138Â 291Â 815,1.0
966285,201900007816,9,15,16:40,1,1,1,1.0,1.0,14741,"Route de Saint-Laurent, LE HAUT DU VEY",M,"48,9124510"," -0,4515900",14,2019,50.0,1.0,1.0,3.0,2159872,1.0,1,4,1,5.0,,0.0,0,2001.0,B01,138Â 291Â 813,2.0,6.0,-1.0,1649162,2.0,2,,0.0,2.0,1.0,B01,138Â 291Â 813,1.0
966285,201900007816,9,15,16:40,1,1,1,1.0,1.0,14741,"Route de Saint-Laurent, LE HAUT DU VEY",M,"48,9124510"," -0,4515900",14,2019,50.0,1.0,1.0,3.0,2159872,1.0,1,4,1,5.0,,0.0,0,2001.0,B01,138Â 291Â 813,2.0,6.0,-1.0,1649163,1.0,7,,0.0,2.0,3.0,A01,138Â 291Â 814,1.0
966285,201900007816,9,15,16:40,1,1,1,1.0,1.0,14741,"Route de Saint-Laurent, LE HAUT DU VEY",M,"48,9124510"," -0,4515900",14,2019,50.0,1.0,1.0,3.0,2159873,1.0,1,1,1,5.0,,0.0,0,1966.0,A01,138Â 291Â 814,1.0,-1.0,-1.0,1649162,2.0,2,,0.0,2.0,1.0,B01,138Â 291Â 813,1.0