Unnamed: 0_x,num_acc,mois,jour,hrmn,lum,agg,int,atm,col,com,adr,gps,lat,long,dep,annee,vma,situ,surf,catr,Unnamed: 0_y,place,catu,grav,sexe,trajet,secu,locp,actp,an_nais,num_veh_x,id_vehicule_x,secu1,secu2,secu3,Unnamed: 0,senc,catv,occutc,obs,obsm,choc,num_veh_y,id_vehicule_y,motor
966285,201900007816,9,15,16:40,1,1,1,1.0,1.0,14741,"Route de Saint-Laurent, LE HAUT DU VEY",M,"48,9124510"," -0,4515900",14,2019,50.0,1.0,1.0,3.0,2159873,1.0,1,1,1,5.0,,0.0,0,1966.0,A01,138Â 291Â 814,1.0,-1.0,-1.0,1649163,1.0,7,,0.0,2.0,3.0,A01,138Â 291Â 814,1.0
966286,201900007817,9,13,12:00,1,1,3,7.0,3.0,71492,D84,M,"46,5686140","4,6210550",71,2019,80.0,1.0,1.0,3.0,2159874,1.0,1,1,1,4.0,,0.0,0,1985.0,A01,138Â 291Â 811,1.0,-1.0,-1.0,1649164,1.0,10,,0.0,2.0,2.0,A01,138Â 291Â 811,1.0
966286,201900007817,9,13,12:00,1,1,3,7.0,3.0,71492,D84,M,"46,5686140","4,6210550",71,2019,80.0,1.0,1.0,3.0,2159874,1.0,1,1,1,4.0,,0.0,0,1985.0,A01,138Â 291Â 811,1.0,-1.0,-1.0,1649165,1.0,33,,0.0,2.0,1.0,B01,138Â 291Â 812,1.0
966286,201900007817,9,13,12:00,1,1,3,7.0,3.0,71492,D84,M,"46,5686140","4,6210550",71,2019,80.0,1.0,1.0,3.0,2159875,1.0,1,3,1,1.0,,0.0,0,1959.0,B01,138Â 291Â 812,2.0,-1.0,-1.0,1649164,1.0,10,,0.0,2.0,2.0,A01,138Â 291Â 811,1.0
966286,201900007817,9,13,12:00,1,1,3,7.0,3.0,71492,D84,M,"46,5686140","4,6210550",71,2019,80.0,1.0,1.0,3.0,2159875,1.0,1,3,1,1.0,,0.0,0,1959.0,B01,138Â 291Â 812,2.0,-1.0,-1.0,1649165,1.0,33,,0.0,2.0,1.0,B01,138Â 291Â 812,1.0
966287,201900007818,9,16,22:30,3,1,1,1.0,1.0,40004,Route de Capbreton,M,"43,6533720"," -1,3808510",40,2019,80.0,1.0,1.0,3.0,2159876,1.0,1,3,1,5.0,,0.0,0,1995.0,B01,138Â 291Â 809,1.0,-1.0,-1.0,1649166,1.0,7,,0.0,2.0,1.0,B01,138Â 291Â 809,1.0
966287,201900007818,9,16,22:30,3,1,1,1.0,1.0,40004,Route de Capbreton,M,"43,6533720"," -1,3808510",40,2019,80.0,1.0,1.0,3.0,2159876,1.0,1,3,1,5.0,,0.0,0,1995.0,B01,138Â 291Â 809,1.0,-1.0,-1.0,1649167,2.0,7,,0.0,2.0,1.0,A01,138Â 291Â 810,1.0
966287,201900007818,9,16,22:30,3,1,1,1.0,1.0,40004,Route de Capbreton,M,"43,6533720"," -1,3808510",40,2019,80.0,1.0,1.0,3.0,2159877,2.0,2,4,2,5.0,,0.0,0,1995.0,B01,138Â 291Â 809,1.0,-1.0,-1.0,1649166,1.0,7,,0.0,2.0,1.0,B01,138Â 291Â 809,1.0
966287,201900007818,9,16,22:30,3,1,1,1.0,1.0,40004,Route de Capbreton,M,"43,6533720"," -1,3808510",40,2019,80.0,1.0,1.0,3.0,2159877,2.0,2,4,2,5.0,,0.0,0,1995.0,B01,138Â 291Â 809,1.0,-1.0,-1.0,1649167,2.0,7,,0.0,2.0,1.0,A01,138Â 291Â 810,1.0
966287,201900007818,9,16,22:30,3,1,1,1.0,1.0,40004,Route de Capbreton,M,"43,6533720"," -1,3808510",40,2019,80.0,1.0,1.0,3.0,2159878,2.0,2,4,1,5.0,,0.0,0,2001.0,A01,138Â 291Â 810,1.0,-1.0,-1.0,1649166,1.0,7,,0.0,2.0,1.0,B01,138Â 291Â 809,1.0
966287,201900007818,9,16,22:30,3,1,1,1.0,1.0,40004,Route de Capbreton,M,"43,6533720"," -1,3808510",40,2019,80.0,1.0,1.0,3.0,2159878,2.0,2,4,1,5.0,,0.0,0,2001.0,A01,138Â 291Â 810,1.0,-1.0,-1.0,1649167,2.0,7,,0.0,2.0,1.0,A01,138Â 291Â 810,1.0
966287,201900007818,9,16,22:30,3,1,1,1.0,1.0,40004,Route de Capbreton,M,"43,6533720"," -1,3808510",40,2019,80.0,1.0,1.0,3.0,2159879,1.0,1,3,1,5.0,,0.0,0,1997.0,A01,138Â 291Â 810,1.0,-1.0,-1.0,1649166,1.0,7,,0.0,2.0,1.0,B01,138Â 291Â 809,1.0
966287,201900007818,9,16,22:30,3,1,1,1.0,1.0,40004,Route de Capbreton,M,"43,6533720"," -1,3808510",40,2019,80.0,1.0,1.0,3.0,2159879,1.0,1,3,1,5.0,,0.0,0,1997.0,A01,138Â 291Â 810,1.0,-1.0,-1.0,1649167,2.0,7,,0.0,2.0,1.0,A01,138Â 291Â 810,1.0
966288,201900007819,9,17,15:50,1,1,1,1.0,4.0,26169,A7 - Pk 126+500 - S/N,M,"44,4652000","4,7622000",26,2019,130.0,1.0,1.0,1.0,2159880,1.0,1,1,1,4.0,,0.0,0,1981.0,A01,138Â 291Â 806,1.0,-1.0,-1.0,1649168,2.0,13,,0.0,2.0,1.0,A01,138Â 291Â 806,1.0
966288,201900007819,9,17,15:50,1,1,1,1.0,4.0,26169,A7 - Pk 126+500 - S/N,M,"44,4652000","4,7622000",26,2019,130.0,1.0,1.0,1.0,2159880,1.0,1,1,1,4.0,,0.0,0,1981.0,A01,138Â 291Â 806,1.0,-1.0,-1.0,1649169,2.0,13,,0.0,0.0,6.0,B01,138Â 291Â 807,6.0
966288,201900007819,9,17,15:50,1,1,1,1.0,4.0,26169,A7 - Pk 126+500 - S/N,M,"44,4652000","4,7622000",26,2019,130.0,1.0,1.0,1.0,2159880,1.0,1,1,1,4.0,,0.0,0,1981.0,A01,138Â 291Â 806,1.0,-1.0,-1.0,1649170,2.0,7,,0.0,2.0,4.0,C01,138Â 291Â 808,6.0
966288,201900007819,9,17,15:50,1,1,1,1.0,4.0,26169,A7 - Pk 126+500 - S/N,M,"44,4652000","4,7622000",26,2019,130.0,1.0,1.0,1.0,2159881,1.0,1,1,1,4.0,,0.0,0,1992.0,B01,138Â 291Â 807,1.0,-1.0,-1.0,1649168,2.0,13,,0.0,2.0,1.0,A01,138Â 291Â 806,1.0
966288,201900007819,9,17,15:50,1,1,1,1.0,4.0,26169,A7 - Pk 126+500 - S/N,M,"44,4652000","4,7622000",26,2019,130.0,1.0,1.0,1.0,2159881,1.0,1,1,1,4.0,,0.0,0,1992.0,B01,138Â 291Â 807,1.0,-1.0,-1.0,1649169,2.0,13,,0.0,0.0,6.0,B01,138Â 291Â 807,6.0
966288,201900007819,9,17,15:50,1,1,1,1.0,4.0,26169,A7 - Pk 126+500 - S/N,M,"44,4652000","4,7622000",26,2019,130.0,1.0,1.0,1.0,2159881,1.0,1,1,1,4.0,,0.0,0,1992.0,B01,138Â 291Â 807,1.0,-1.0,-1.0,1649170,2.0,7,,0.0,2.0,4.0,C01,138Â 291Â 808,6.0
966288,201900007819,9,17,15:50,1,1,1,1.0,4.0,26169,A7 - Pk 126+500 - S/N,M,"44,4652000","4,7622000",26,2019,130.0,1.0,1.0,1.0,2159882,1.0,1,2,1,5.0,,0.0,0,1937.0,C01,138Â 291Â 808,1.0,-1.0,-1.0,1649168,2.0,13,,0.0,2.0,1.0,A01,138Â 291Â 806,1.0
966288,201900007819,9,17,15:50,1,1,1,1.0,4.0,26169,A7 - Pk 126+500 - S/N,M,"44,4652000","4,7622000",26,2019,130.0,1.0,1.0,1.0,2159882,1.0,1,2,1,5.0,,0.0,0,1937.0,C01,138Â 291Â 808,1.0,-1.0,-1.0,1649169,2.0,13,,0.0,0.0,6.0,B01,138Â 291Â 807,6.0
966288,201900007819,9,17,15:50,1,1,1,1.0,4.0,26169,A7 - Pk 126+500 - S/N,M,"44,4652000","4,7622000",26,2019,130.0,1.0,1.0,1.0,2159882,1.0,1,2,1,5.0,,0.0,0,1937.0,C01,138Â 291Â 808,1.0,-1.0,-1.0,1649170,2.0,7,,0.0,2.0,4.0,C01,138Â 291Â 808,6.0
966288,201900007819,9,17,15:50,1,1,1,1.0,4.0,26169,A7 - Pk 126+500 - S/N,M,"44,4652000","4,7622000",26,2019,130.0,1.0,1.0,1.0,2159883,6.0,2,3,2,5.0,,0.0,0,1939.0,C01,138Â 291Â 808,1.0,-1.0,-1.0,1649168,2.0,13,,0.0,2.0,1.0,A01,138Â 291Â 806,1.0
966288,201900007819,9,17,15:50,1,1,1,1.0,4.0,26169,A7 - Pk 126+500 - S/N,M,"44,4652000","4,7622000",26,2019,130.0,1.0,1.0,1.0,2159883,6.0,2,3,2,5.0,,0.0,0,1939.0,C01,138Â 291Â 808,1.0,-1.0,-1.0,1649169,2.0,13,,0.0,0.0,6.0,B01,138Â 291Â 807,6.0
966288,201900007819,9,17,15:50,1,1,1,1.0,4.0,26169,A7 - Pk 126+500 - S/N,M,"44,4652000","4,7622000",26,2019,130.0,1.0,1.0,1.0,2159883,6.0,2,3,2,5.0,,0.0,0,1939.0,C01,138Â 291Â 808,1.0,-1.0,-1.0,1649170,2.0,7,,0.0,2.0,4.0,C01,138Â 291Â 808,6.0
966289,201900007820,9,17,08:15,1,1,1,1.0,6.0,38362,Route de Miribel,M,"45,4093980","5,6728860",38,2019,70.0,3.0,1.0,3.0,2159884,1.0,1,4,1,4.0,,0.0,0,1996.0,A01,138Â 291Â 805,1.0,-1.0,-1.0,1649171,3.0,14,,2.0,0.0,3.0,A01,138Â 291Â 805,1.0
966290,201900007821,9,17,06:00,3,1,1,1.0,7.0,50059,RN 13 Sens Cherbourg Caen,M,"49,3725970"," -1,2913500",50,2019,-1.0,1.0,1.0,2.0,2159885,1.0,1,3,1,1.0,,0.0,0,1998.0,A01,138Â 291Â 804,1.0,-1.0,-1.0,1649172,2.0,7,,13.0,0.0,1.0,A01,138Â 291Â 804,1.0
966291,201900007822,9,15,10:25,1,1,1,1.0,6.0,34114,A750 PK 27+680,M,"43,6416290","3,5701360",34,2019,110.0,1.0,1.0,1.0,2159886,1.0,1,1,2,5.0,,0.0,0,1995.0,A01,138Â 291Â 802,1.0,-1.0,-1.0,1649173,1.0,7,,0.0,2.0,3.0,A01,138Â 291Â 802,1.0
966291,201900007822,9,15,10:25,1,1,1,1.0,6.0,34114,A750 PK 27+680,M,"43,6416290","3,5701360",34,2019,110.0,1.0,1.0,1.0,2159886,1.0,1,1,2,5.0,,0.0,0,1995.0,A01,138Â 291Â 802,1.0,-1.0,-1.0,1649174,1.0,7,,0.0,2.0,5.0,B01,138Â 291Â 803,1.0
966291,201900007822,9,15,10:25,1,1,1,1.0,6.0,34114,A750 PK 27+680,M,"43,6416290","3,5701360",34,2019,110.0,1.0,1.0,1.0,2159887,2.0,2,4,1,5.0,,0.0,0,1979.0,B01,138Â 291Â 803,1.0,-1.0,-1.0,1649173,1.0,7,,0.0,2.0,3.0,A01,138Â 291Â 802,1.0
966291,201900007822,9,15,10:25,1,1,1,1.0,6.0,34114,A750 PK 27+680,M,"43,6416290","3,5701360",34,2019,110.0,1.0,1.0,1.0,2159887,2.0,2,4,1,5.0,,0.0,0,1979.0,B01,138Â 291Â 803,1.0,-1.0,-1.0,1649174,1.0,7,,0.0,2.0,5.0,B01,138Â 291Â 803,1.0
966291,201900007822,9,15,10:25,1,1,1,1.0,6.0,34114,A750 PK 27+680,M,"43,6416290","3,5701360",34,2019,110.0,1.0,1.0,1.0,2159888,3.0,2,1,1,5.0,,0.0,0,2018.0,B01,138Â 291Â 803,9.0,-1.0,-1.0,1649173,1.0,7,,0.0,2.0,3.0,A01,138Â 291Â 802,1.0
966291,201900007822,9,15,10:25,1,1,1,1.0,6.0,34114,A750 PK 27+680,M,"43,6416290","3,5701360",34,2019,110.0,1.0,1.0,1.0,2159888,3.0,2,1,1,5.0,,0.0,0,2018.0,B01,138Â 291Â 803,9.0,-1.0,-1.0,1649174,1.0,7,,0.0,2.0,5.0,B01,138Â 291Â 803,1.0
966291,201900007822,9,15,10:25,1,1,1,1.0,6.0,34114,A750 PK 27+680,M,"43,6416290","3,5701360",34,2019,110.0,1.0,1.0,1.0,2159889,1.0,1,4,2,5.0,,0.0,0,1991.0,B01,138Â 291Â 803,1.0,-1.0,-1.0,1649173,1.0,7,,0.0,2.0,3.0,A01,138Â 291Â 802,1.0
966291,201900007822,9,15,10:25,1,1,1,1.0,6.0,34114,A750 PK 27+680,M,"43,6416290","3,5701360",34,2019,110.0,1.0,1.0,1.0,2159889,1.0,1,4,2,5.0,,0.0,0,1991.0,B01,138Â 291Â 803,1.0,-1.0,-1.0,1649174,1.0,7,,0.0,2.0,5.0,B01,138Â 291Â 803,1.0
966292,201900007823,2,9,00:20,3,2,3,2.0,3.0,93039,EPINAY (AVENUE DU PONT D' ),M,"48,9503700","2,3068200",93,2019,70.0,1.0,2.0,3.0,2159890,1.0,1,4,1,0.0,,-1.0, -1,2000.0,B01,138Â 291Â 800,1.0,0.0,-1.0,1649175,3.0,7,,0.0,2.0,8.0,B01,138Â 291Â 800,0.0
966292,201900007823,2,9,00:20,3,2,3,2.0,3.0,93039,EPINAY (AVENUE DU PONT D' ),M,"48,9503700","2,3068200",93,2019,70.0,1.0,2.0,3.0,2159890,1.0,1,4,1,0.0,,-1.0, -1,2000.0,B01,138Â 291Â 800,1.0,0.0,-1.0,1649176,3.0,3,,0.0,2.0,2.0,A01,138Â 291Â 801,0.0
966292,201900007823,2,9,00:20,3,2,3,2.0,3.0,93039,EPINAY (AVENUE DU PONT D' ),M,"48,9503700","2,3068200",93,2019,70.0,1.0,2.0,3.0,2159891,1.0,1,1,1,0.0,,-1.0, -1,1995.0,A01,138Â 291Â 801,1.0,0.0,-1.0,1649175,3.0,7,,0.0,2.0,8.0,B01,138Â 291Â 800,0.0
966292,201900007823,2,9,00:20,3,2,3,2.0,3.0,93039,EPINAY (AVENUE DU PONT D' ),M,"48,9503700","2,3068200",93,2019,70.0,1.0,2.0,3.0,2159891,1.0,1,1,1,0.0,,-1.0, -1,1995.0,A01,138Â 291Â 801,1.0,0.0,-1.0,1649176,3.0,3,,0.0,2.0,2.0,A01,138Â 291Â 801,0.0
966293,201900007824,2,10,04:45,5,2,6,2.0,6.0,93027,JAURES (AVENUE JEAN),M,"48,9208400","2,4103090",93,2019,50.0,1.0,2.0,3.0,2159892,2.0,2,4,1,9.0,,-1.0, -1,1983.0,A01,138Â 291Â 799,8.0,0.0,-1.0,1649177,3.0,7,,9.0,0.0,1.0,A01,138Â 291Â 799,1.0
966293,201900007824,2,10,04:45,5,2,6,2.0,6.0,93027,JAURES (AVENUE JEAN),M,"48,9208400","2,4103090",93,2019,50.0,1.0,2.0,3.0,2159893,4.0,2,4,2,9.0,,-1.0, -1,1960.0,A01,138Â 291Â 799,8.0,0.0,-1.0,1649177,3.0,7,,9.0,0.0,1.0,A01,138Â 291Â 799,1.0
966293,201900007824,2,10,04:45,5,2,6,2.0,6.0,93027,JAURES (AVENUE JEAN),M,"48,9208400","2,4103090",93,2019,50.0,1.0,2.0,3.0,2159894,1.0,1,4,1,9.0,,-1.0, -1,1982.0,A01,138Â 291Â 799,8.0,0.0,-1.0,1649177,3.0,7,,9.0,0.0,1.0,A01,138Â 291Â 799,1.0
966294,201900007825,2,10,21:50,5,2,1,2.0,2.0,93057,BRIAND ( AV. ARISTIDE) 238 A 308,M,"48,9109200","2,5159900",93,2019,50.0,1.0,2.0,3.0,2159895,1.0,1,4,1,0.0,,-1.0, -1,1971.0,B01,138Â 291Â 797,1.0,8.0,-1.0,1649178,1.0,7,,0.0,0.0,4.0,B01,138Â 291Â 797,1.0
966294,201900007825,2,10,21:50,5,2,1,2.0,2.0,93057,BRIAND ( AV. ARISTIDE) 238 A 308,M,"48,9109200","2,5159900",93,2019,50.0,1.0,2.0,3.0,2159895,1.0,1,4,1,0.0,,-1.0, -1,1971.0,B01,138Â 291Â 797,1.0,8.0,-1.0,1649179,1.0,33,,0.0,2.0,1.0,A01,138Â 291Â 798,1.0
966294,201900007825,2,10,21:50,5,2,1,2.0,2.0,93057,BRIAND ( AV. ARISTIDE) 238 A 308,M,"48,9109200","2,5159900",93,2019,50.0,1.0,2.0,3.0,2159896,2.0,2,4,1,0.0,,-1.0, -1,1996.0,A01,138Â 291Â 798,8.0,0.0,-1.0,1649178,1.0,7,,0.0,0.0,4.0,B01,138Â 291Â 797,1.0
966294,201900007825,2,10,21:50,5,2,1,2.0,2.0,93057,BRIAND ( AV. ARISTIDE) 238 A 308,M,"48,9109200","2,5159900",93,2019,50.0,1.0,2.0,3.0,2159896,2.0,2,4,1,0.0,,-1.0, -1,1996.0,A01,138Â 291Â 798,8.0,0.0,-1.0,1649179,1.0,33,,0.0,2.0,1.0,A01,138Â 291Â 798,1.0
966294,201900007825,2,10,21:50,5,2,1,2.0,2.0,93057,BRIAND ( AV. ARISTIDE) 238 A 308,M,"48,9109200","2,5159900",93,2019,50.0,1.0,2.0,3.0,2159897,1.0,1,4,1,0.0,,-1.0, -1,1994.0,A01,138Â 291Â 798,8.0,0.0,-1.0,1649178,1.0,7,,0.0,0.0,4.0,B01,138Â 291Â 797,1.0
966294,201900007825,2,10,21:50,5,2,1,2.0,2.0,93057,BRIAND ( AV. ARISTIDE) 238 A 308,M,"48,9109200","2,5159900",93,2019,50.0,1.0,2.0,3.0,2159897,1.0,1,4,1,0.0,,-1.0, -1,1994.0,A01,138Â 291Â 798,8.0,0.0,-1.0,1649179,1.0,33,,0.0,2.0,1.0,A01,138Â 291Â 798,1.0
966295,201900007826,2,10,10:30,1,2,1,2.0,6.0,93057,JAURES (AV. JEAN) 118 A FIN,M,"48,9073200","2,4969900",93,2019,50.0,1.0,2.0,3.0,2159898,1.0,1,1,2,0.0,,-1.0, -1,1969.0,A01,138Â 291Â 796,8.0,0.0,-1.0,1649180,2.0,3,,0.0,1.0,2.0,A01,138Â 291Â 796,0.0
966295,201900007826,2,10,10:30,1,2,1,2.0,6.0,93057,JAURES (AV. JEAN) 118 A FIN,M,"48,9073200","2,4969900",93,2019,50.0,1.0,2.0,3.0,2159899,10.0,3,4,2,0.0,,2.0,3,1968.0,A01,138Â 291Â 796,0.0,-1.0,-1.0,1649180,2.0,3,,0.0,1.0,2.0,A01,138Â 291Â 796,0.0
966296,201900007827,2,8,16:00,1,2,1,2.0,6.0,93010,BARBUSSE (AV. HENRI) DE 77 A 113 COTE IM,M,"48,9013301","2,4892235",93,2019,50.0,1.0,2.0,3.0,2159900,1.0,1,1,1,5.0,,-1.0, -1,1994.0,A01,138Â 291Â 795,1.0,0.0,-1.0,1649181,2.0,7,,0.0,1.0,3.0,A01,138Â 291Â 795,1.0
966296,201900007827,2,8,16:00,1,2,1,2.0,6.0,93010,BARBUSSE (AV. HENRI) DE 77 A 113 COTE IM,M,"48,9013301","2,4892235",93,2019,50.0,1.0,2.0,3.0,2159901,10.0,3,4,2,2.0,,4.0,3,2004.0,A01,138Â 291Â 795,8.0,0.0,-1.0,1649181,2.0,7,,0.0,1.0,3.0,A01,138Â 291Â 795,1.0
966297,201900007828,2,10,01:46,5,2,1,2.0,3.0,93007,"""PAUL VAILLANT COUTURIER (AVENUE """"DU 13",M,"48,9264600","2,4693400",93,2019,50.0,1.0,2.0,3.0,2159902,1.0,1,4,1,5.0,,-1.0, -1,1991.0,A01,138Â 291Â 793,8.0,0.0,-1.0,1649182,2.0,7,,0.0,2.0,2.0,A01,138Â 291Â 793,1.0
966297,201900007828,2,10,01:46,5,2,1,2.0,3.0,93007,"""PAUL VAILLANT COUTURIER (AVENUE """"DU 13",M,"48,9264600","2,4693400",93,2019,50.0,1.0,2.0,3.0,2159902,1.0,1,4,1,5.0,,-1.0, -1,1991.0,A01,138Â 291Â 793,8.0,0.0,-1.0,1649183,2.0,99,,0.0,2.0,3.0,B01,138Â 291Â 794,0.0
966298,201900007829,2,9,19:20,5,2,9,1.0,6.0,93005,ANDRE CITROEN (BOULEVARD),M,"48,9606500","2,4893900",93,2019,50.0,3.0,1.0,3.0,2159903,1.0,1,4,1,5.0,,-1.0, -1,1999.0,A01,138Â 291Â 792,1.0,0.0,-1.0,1649184,1.0,3,,2.0,0.0,1.0,A01,138Â 291Â 792,1.0
966299,201900007830,2,11,13:20,1,2,1,1.0,2.0,92064,MONT VALERIEN,M,"48,8590600","2,2137200",92,2019,50.0,1.0,1.0,4.0,2159904,1.0,1,4,1,0.0,,-1.0,0,1997.0,A01,138Â 291Â 790,2.0,0.0,-1.0,1649185,2.0,30,,0.0,2.0,1.0,A01,138Â 291Â 790,0.0
966299,201900007830,2,11,13:20,1,2,1,1.0,2.0,92064,MONT VALERIEN,M,"48,8590600","2,2137200",92,2019,50.0,1.0,1.0,4.0,2159904,1.0,1,4,1,0.0,,-1.0,0,1997.0,A01,138Â 291Â 790,2.0,0.0,-1.0,1649186,2.0,7,,0.0,2.0,4.0,B01,138Â 291Â 791,1.0
966299,201900007830,2,11,13:20,1,2,1,1.0,2.0,92064,MONT VALERIEN,M,"48,8590600","2,2137200",92,2019,50.0,1.0,1.0,4.0,2159905,1.0,1,1,1,5.0,,-1.0,0,1982.0,B01,138Â 291Â 791,1.0,0.0,-1.0,1649185,2.0,30,,0.0,2.0,1.0,A01,138Â 291Â 790,0.0
966299,201900007830,2,11,13:20,1,2,1,1.0,2.0,92064,MONT VALERIEN,M,"48,8590600","2,2137200",92,2019,50.0,1.0,1.0,4.0,2159905,1.0,1,1,1,5.0,,-1.0,0,1982.0,B01,138Â 291Â 791,1.0,0.0,-1.0,1649186,2.0,7,,0.0,2.0,4.0,B01,138Â 291Â 791,1.0
966300,201900007831,2,7,23:15,5,2,1,1.0,6.0,92064,GENERAL LECLERC,M,"48,8415695","2,2070998",92,2019,50.0,1.0,1.0,3.0,2159906,2.0,2,4,2,0.0,,-1.0,0,1939.0,A01,138Â 291Â 789,1.0,0.0,-1.0,1649187,2.0,7,,1.0,0.0,1.0,A01,138Â 291Â 789,1.0
966300,201900007831,2,7,23:15,5,2,1,1.0,6.0,92064,GENERAL LECLERC,M,"48,8415695","2,2070998",92,2019,50.0,1.0,1.0,3.0,2159907,1.0,1,1,1,5.0,,-1.0,0,1939.0,A01,138Â 291Â 789,1.0,0.0,-1.0,1649187,2.0,7,,1.0,0.0,1.0,A01,138Â 291Â 789,1.0
966301,201900007832,2,7,10:10,1,2,1,2.0,5.0,92012,ANDRE MORIZET (AVENUE) - 49/FIN - 54/FIN,M,"48,8404720","2,2289828",92,2019,50.0,1.0,2.0,3.0,2159908,1.0,1,1,1,1.0,,-1.0,0,1968.0,B01,138Â 291Â 786,1.0,0.0,-1.0,1649188,1.0,7,,0.0,2.0,4.0,B01,138Â 291Â 786,1.0
966301,201900007832,2,7,10:10,1,2,1,2.0,5.0,92012,ANDRE MORIZET (AVENUE) - 49/FIN - 54/FIN,M,"48,8404720","2,2289828",92,2019,50.0,1.0,2.0,3.0,2159908,1.0,1,1,1,1.0,,-1.0,0,1968.0,B01,138Â 291Â 786,1.0,0.0,-1.0,1649189,1.0,10,,0.0,1.0,1.0,C01,138Â 291Â 787,1.0
966301,201900007832,2,7,10:10,1,2,1,2.0,5.0,92012,ANDRE MORIZET (AVENUE) - 49/FIN - 54/FIN,M,"48,8404720","2,2289828",92,2019,50.0,1.0,2.0,3.0,2159908,1.0,1,1,1,1.0,,-1.0,0,1968.0,B01,138Â 291Â 786,1.0,0.0,-1.0,1649190,1.0,14,,0.0,2.0,1.0,A01,138Â 291Â 788,1.0
966301,201900007832,2,7,10:10,1,2,1,2.0,5.0,92012,ANDRE MORIZET (AVENUE) - 49/FIN - 54/FIN,M,"48,8404720","2,2289828",92,2019,50.0,1.0,2.0,3.0,2159909,1.0,1,1,1,4.0,,-1.0,0,1986.0,C01,138Â 291Â 787,1.0,0.0,-1.0,1649188,1.0,7,,0.0,2.0,4.0,B01,138Â 291Â 786,1.0
966301,201900007832,2,7,10:10,1,2,1,2.0,5.0,92012,ANDRE MORIZET (AVENUE) - 49/FIN - 54/FIN,M,"48,8404720","2,2289828",92,2019,50.0,1.0,2.0,3.0,2159909,1.0,1,1,1,4.0,,-1.0,0,1986.0,C01,138Â 291Â 787,1.0,0.0,-1.0,1649189,1.0,10,,0.0,1.0,1.0,C01,138Â 291Â 787,1.0
966301,201900007832,2,7,10:10,1,2,1,2.0,5.0,92012,ANDRE MORIZET (AVENUE) - 49/FIN - 54/FIN,M,"48,8404720","2,2289828",92,2019,50.0,1.0,2.0,3.0,2159909,1.0,1,1,1,4.0,,-1.0,0,1986.0,C01,138Â 291Â 787,1.0,0.0,-1.0,1649190,1.0,14,,0.0,2.0,1.0,A01,138Â 291Â 788,1.0
966301,201900007832,2,7,10:10,1,2,1,2.0,5.0,92012,ANDRE MORIZET (AVENUE) - 49/FIN - 54/FIN,M,"48,8404720","2,2289828",92,2019,50.0,1.0,2.0,3.0,2159910,1.0,1,1,1,4.0,,-1.0,0,1972.0,A01,138Â 291Â 788,1.0,0.0,-1.0,1649188,1.0,7,,0.0,2.0,4.0,B01,138Â 291Â 786,1.0
966301,201900007832,2,7,10:10,1,2,1,2.0,5.0,92012,ANDRE MORIZET (AVENUE) - 49/FIN - 54/FIN,M,"48,8404720","2,2289828",92,2019,50.0,1.0,2.0,3.0,2159910,1.0,1,1,1,4.0,,-1.0,0,1972.0,A01,138Â 291Â 788,1.0,0.0,-1.0,1649189,1.0,10,,0.0,1.0,1.0,C01,138Â 291Â 787,1.0
966301,201900007832,2,7,10:10,1,2,1,2.0,5.0,92012,ANDRE MORIZET (AVENUE) - 49/FIN - 54/FIN,M,"48,8404720","2,2289828",92,2019,50.0,1.0,2.0,3.0,2159910,1.0,1,1,1,4.0,,-1.0,0,1972.0,A01,138Â 291Â 788,1.0,0.0,-1.0,1649190,1.0,14,,0.0,2.0,1.0,A01,138Â 291Â 788,1.0
966301,201900007832,2,7,10:10,1,2,1,2.0,5.0,92012,ANDRE MORIZET (AVENUE) - 49/FIN - 54/FIN,M,"48,8404720","2,2289828",92,2019,50.0,1.0,2.0,3.0,2159911,10.0,3,3,1,5.0,,4.0,3,1948.0,A01,138Â 291Â 788,8.0,0.0,-1.0,1649188,1.0,7,,0.0,2.0,4.0,B01,138Â 291Â 786,1.0
966301,201900007832,2,7,10:10,1,2,1,2.0,5.0,92012,ANDRE MORIZET (AVENUE) - 49/FIN - 54/FIN,M,"48,8404720","2,2289828",92,2019,50.0,1.0,2.0,3.0,2159911,10.0,3,3,1,5.0,,4.0,3,1948.0,A01,138Â 291Â 788,8.0,0.0,-1.0,1649189,1.0,10,,0.0,1.0,1.0,C01,138Â 291Â 787,1.0
966301,201900007832,2,7,10:10,1,2,1,2.0,5.0,92012,ANDRE MORIZET (AVENUE) - 49/FIN - 54/FIN,M,"48,8404720","2,2289828",92,2019,50.0,1.0,2.0,3.0,2159911,10.0,3,3,1,5.0,,4.0,3,1948.0,A01,138Â 291Â 788,8.0,0.0,-1.0,1649190,1.0,14,,0.0,2.0,1.0,A01,138Â 291Â 788,1.0
966302,201900007833,2,12,14:35,1,2,1,1.0,6.0,92051,LOUIS-PHILIPPE (RUE ),M,"48,8835000","2,2806000",92,2019,50.0,1.0,1.0,4.0,2159912,1.0,1,1,1,5.0,,-1.0,0,1938.0,A01,138Â 291Â 785,1.0,0.0,-1.0,1649191,2.0,7,,0.0,1.0,2.0,A01,138Â 291Â 785,0.0
966302,201900007833,2,12,14:35,1,2,1,1.0,6.0,92051,LOUIS-PHILIPPE (RUE ),M,"48,8835000","2,2806000",92,2019,50.0,1.0,1.0,4.0,2159913,10.0,3,4,1,0.0,,9.0,3,1967.0,A01,138Â 291Â 785,8.0,0.0,-1.0,1649191,2.0,7,,0.0,1.0,2.0,A01,138Â 291Â 785,0.0