Unnamed: 0_x,num_acc,mois,jour,hrmn,lum,agg,int,atm,col,com,adr,gps,lat,long,dep,annee,vma,situ,surf,catr,Unnamed: 0_y,place,catu,grav,sexe,trajet,secu,locp,actp,an_nais,num_veh_x,id_vehicule_x,secu1,secu2,secu3,Unnamed: 0,senc,catv,occutc,obs,obsm,choc,num_veh_y,id_vehicule_y,motor
966303,201900007834,2,12,11:00,1,2,2,1.0,6.0,92051,"ROULE (AVENUE DU, NÂ° 29 A 91 ET 30 A 86)",M,"48,8818500","2,2802500",92,2019,50.0,1.0,1.0,4.0,2159914,1.0,1,1,1,0.0,,-1.0,0,1988.0,A01,138Â 291Â 784,1.0,0.0,-1.0,1649192,1.0,20,,0.0,1.0,2.0,A01,138Â 291Â 784,1.0
966303,201900007834,2,12,11:00,1,2,2,1.0,6.0,92051,"ROULE (AVENUE DU, NÂ° 29 A 91 ET 30 A 86)",M,"48,8818500","2,2802500",92,2019,50.0,1.0,1.0,4.0,2159915,10.0,3,4,1,5.0,,4.0,3,2017.0,A01,138Â 291Â 784,8.0,0.0,-1.0,1649192,1.0,20,,0.0,1.0,2.0,A01,138Â 291Â 784,1.0
966303,201900007834,2,12,11:00,1,2,2,1.0,6.0,92051,"ROULE (AVENUE DU, NÂ° 29 A 91 ET 30 A 86)",M,"48,8818500","2,2802500",92,2019,50.0,1.0,1.0,4.0,2159916,10.0,3,4,2,5.0,,4.0,3,1972.0,A01,138Â 291Â 784,8.0,0.0,-1.0,1649192,1.0,20,,0.0,1.0,2.0,A01,138Â 291Â 784,1.0
966304,201900007835,2,11,19:35,5,2,1,1.0,2.0,92051,"GENERAL LECLERC (BOULEVARD DU, NÂ° 1 A 27",M,"48,8919400","2,2662200",92,2019,50.0,3.0,1.0,3.0,2159917,1.0,1,4,2,0.0,,0.0,0,1979.0,D01,138Â 291Â 782,2.0,-1.0,-1.0,1649193,1.0,30,,0.0,2.0,3.0,D01,138Â 291Â 782,1.0
966304,201900007835,2,11,19:35,5,2,1,1.0,2.0,92051,"GENERAL LECLERC (BOULEVARD DU, NÂ° 1 A 27",M,"48,8919400","2,2662200",92,2019,50.0,3.0,1.0,3.0,2159917,1.0,1,4,2,0.0,,0.0,0,1979.0,D01,138Â 291Â 782,2.0,-1.0,-1.0,1649194,1.0,7,,0.0,0.0,0.0,A01,138Â 291Â 783,1.0
966304,201900007835,2,11,19:35,5,2,1,1.0,2.0,92051,"GENERAL LECLERC (BOULEVARD DU, NÂ° 1 A 27",M,"48,8919400","2,2662200",92,2019,50.0,3.0,1.0,3.0,2159918,1.0,1,1,1,0.0,,-1.0, -1,1978.0,A01,138Â 291Â 783,1.0,0.0,-1.0,1649193,1.0,30,,0.0,2.0,3.0,D01,138Â 291Â 782,1.0
966304,201900007835,2,11,19:35,5,2,1,1.0,2.0,92051,"GENERAL LECLERC (BOULEVARD DU, NÂ° 1 A 27",M,"48,8919400","2,2662200",92,2019,50.0,3.0,1.0,3.0,2159918,1.0,1,1,1,0.0,,-1.0, -1,1978.0,A01,138Â 291Â 783,1.0,0.0,-1.0,1649194,1.0,7,,0.0,0.0,0.0,A01,138Â 291Â 783,1.0
966305,201900007836,2,9,14:40,1,2,1,1.0,2.0,92051,"CHARLES DE GAULLE (AVENUE, NÂ°27 A 129)",M,"48,8820141","2,2688548",92,2019,50.0,1.0,1.0,2.0,2159919,1.0,1,4,1,5.0,,-1.0,0,1967.0,A01,138Â 291Â 780,2.0,6.0,-1.0,1649195,3.0,33,,1.0,2.0,1.0,A01,138Â 291Â 780,0.0
966305,201900007836,2,9,14:40,1,2,1,1.0,2.0,92051,"CHARLES DE GAULLE (AVENUE, NÂ°27 A 129)",M,"48,8820141","2,2688548",92,2019,50.0,1.0,1.0,2.0,2159919,1.0,1,4,1,5.0,,-1.0,0,1967.0,A01,138Â 291Â 780,2.0,6.0,-1.0,1649196,3.0,33,,1.0,0.0,4.0,B01,138Â 291Â 781,0.0
966305,201900007836,2,9,14:40,1,2,1,1.0,2.0,92051,"CHARLES DE GAULLE (AVENUE, NÂ°27 A 129)",M,"48,8820141","2,2688548",92,2019,50.0,1.0,1.0,2.0,2159920,1.0,1,4,1,5.0,,-1.0,0,1965.0,B01,138Â 291Â 781,2.0,6.0,-1.0,1649195,3.0,33,,1.0,2.0,1.0,A01,138Â 291Â 780,0.0
966305,201900007836,2,9,14:40,1,2,1,1.0,2.0,92051,"CHARLES DE GAULLE (AVENUE, NÂ°27 A 129)",M,"48,8820141","2,2688548",92,2019,50.0,1.0,1.0,2.0,2159920,1.0,1,4,1,5.0,,-1.0,0,1965.0,B01,138Â 291Â 781,2.0,6.0,-1.0,1649196,3.0,33,,1.0,0.0,4.0,B01,138Â 291Â 781,0.0
966306,201900007837,2,6,21:10,5,2,1,3.0,3.0,92050,GARENNE RUE DE LA,M,"48,9000600","2,2297400",92,2019,50.0,3.0,3.0,4.0,2159921,2.0,2,1,2,9.0,,-1.0,0,1986.0,A01,138Â 291Â 778,1.0,0.0,-1.0,1649197,2.0,7,,1.0,2.0,3.0,A01,138Â 291Â 778,1.0
966306,201900007837,2,6,21:10,5,2,1,3.0,3.0,92050,GARENNE RUE DE LA,M,"48,9000600","2,2297400",92,2019,50.0,3.0,3.0,4.0,2159921,2.0,2,1,2,9.0,,-1.0,0,1986.0,A01,138Â 291Â 778,1.0,0.0,-1.0,1649198,1.0,2,,8.0,2.0,0.0,B01,138Â 291Â 779,1.0
966306,201900007837,2,6,21:10,5,2,1,3.0,3.0,92050,GARENNE RUE DE LA,M,"48,9000600","2,2297400",92,2019,50.0,3.0,3.0,4.0,2159922,1.0,1,1,2,9.0,,-1.0,0,1987.0,A01,138Â 291Â 778,1.0,0.0,-1.0,1649197,2.0,7,,1.0,2.0,3.0,A01,138Â 291Â 778,1.0
966306,201900007837,2,6,21:10,5,2,1,3.0,3.0,92050,GARENNE RUE DE LA,M,"48,9000600","2,2297400",92,2019,50.0,3.0,3.0,4.0,2159922,1.0,1,1,2,9.0,,-1.0,0,1987.0,A01,138Â 291Â 778,1.0,0.0,-1.0,1649198,1.0,2,,8.0,2.0,0.0,B01,138Â 291Â 779,1.0
966306,201900007837,2,6,21:10,5,2,1,3.0,3.0,92050,GARENNE RUE DE LA,M,"48,9000600","2,2297400",92,2019,50.0,3.0,3.0,4.0,2159923,1.0,1,4,1,9.0,,-1.0,0,1998.0,B01,138Â 291Â 779,2.0,0.0,-1.0,1649197,2.0,7,,1.0,2.0,3.0,A01,138Â 291Â 778,1.0
966306,201900007837,2,6,21:10,5,2,1,3.0,3.0,92050,GARENNE RUE DE LA,M,"48,9000600","2,2297400",92,2019,50.0,3.0,3.0,4.0,2159923,1.0,1,4,1,9.0,,-1.0,0,1998.0,B01,138Â 291Â 779,2.0,0.0,-1.0,1649198,1.0,2,,8.0,2.0,0.0,B01,138Â 291Â 779,1.0
966307,201900007838,2,8,23:15,5,2,2,2.0,6.0,92020,EXUPERY AVENUE SAINT/  PARIS AVENUE DE NÂ°2 A82,M,"48,8094100","2,2982900",92,2019,50.0,1.0,2.0,3.0,2159924,10.0,3,4,1,5.0,,4.0,3,1901.0,A01,138Â 291Â 777,8.0,0.0,-1.0,1649199,2.0,3,,0.0,1.0,1.0,A01,138Â 291Â 777,1.0
966307,201900007838,2,8,23:15,5,2,2,2.0,6.0,92020,EXUPERY AVENUE SAINT/  PARIS AVENUE DE NÂ°2 A82,M,"48,8094100","2,2982900",92,2019,50.0,1.0,2.0,3.0,2159925,10.0,3,4,2,5.0,,4.0,3,1963.0,A01,138Â 291Â 777,8.0,0.0,-1.0,1649199,2.0,3,,0.0,1.0,1.0,A01,138Â 291Â 777,1.0
966307,201900007838,2,8,23:15,5,2,2,2.0,6.0,92020,EXUPERY AVENUE SAINT/  PARIS AVENUE DE NÂ°2 A82,M,"48,8094100","2,2982900",92,2019,50.0,1.0,2.0,3.0,2159926,1.0,1,1,1,5.0,,-1.0,0,1954.0,A01,138Â 291Â 777,1.0,0.0,-1.0,1649199,2.0,3,,0.0,1.0,1.0,A01,138Â 291Â 777,1.0
966308,201900007839,2,10,01:40,5,2,5,2.0,3.0,92048,GENERAL LECLERC (PLACE DU),M,"48,8178655","2,2301294",92,2019,50.0,3.0,2.0,3.0,2159927,1.0,1,4,2,5.0,,-1.0,0,2000.0,B01,138Â 291Â 775,2.0,6.0,-1.0,1649200,3.0,2,,0.0,2.0,8.0,B01,138Â 291Â 775,1.0
966308,201900007839,2,10,01:40,5,2,5,2.0,3.0,92048,GENERAL LECLERC (PLACE DU),M,"48,8178655","2,2301294",92,2019,50.0,3.0,2.0,3.0,2159927,1.0,1,4,2,5.0,,-1.0,0,2000.0,B01,138Â 291Â 775,2.0,6.0,-1.0,1649201,3.0,7,,0.0,2.0,1.0,A01,138Â 291Â 776,1.0
966308,201900007839,2,10,01:40,5,2,5,2.0,3.0,92048,GENERAL LECLERC (PLACE DU),M,"48,8178655","2,2301294",92,2019,50.0,3.0,2.0,3.0,2159928,1.0,1,1,1,0.0,,-1.0,0,1978.0,A01,138Â 291Â 776,8.0,0.0,-1.0,1649200,3.0,2,,0.0,2.0,8.0,B01,138Â 291Â 775,1.0
966308,201900007839,2,10,01:40,5,2,5,2.0,3.0,92048,GENERAL LECLERC (PLACE DU),M,"48,8178655","2,2301294",92,2019,50.0,3.0,2.0,3.0,2159928,1.0,1,1,1,0.0,,-1.0,0,1978.0,A01,138Â 291Â 776,8.0,0.0,-1.0,1649201,3.0,7,,0.0,2.0,1.0,A01,138Â 291Â 776,1.0
966308,201900007839,2,10,01:40,5,2,5,2.0,3.0,92048,GENERAL LECLERC (PLACE DU),M,"48,8178655","2,2301294",92,2019,50.0,3.0,2.0,3.0,2159929,2.0,2,1,1,0.0,,-1.0,0,1973.0,A01,138Â 291Â 776,1.0,0.0,-1.0,1649200,3.0,2,,0.0,2.0,8.0,B01,138Â 291Â 775,1.0
966308,201900007839,2,10,01:40,5,2,5,2.0,3.0,92048,GENERAL LECLERC (PLACE DU),M,"48,8178655","2,2301294",92,2019,50.0,3.0,2.0,3.0,2159929,2.0,2,1,1,0.0,,-1.0,0,1973.0,A01,138Â 291Â 776,1.0,0.0,-1.0,1649201,3.0,7,,0.0,2.0,1.0,A01,138Â 291Â 776,1.0
966309,201900007840,2,7,17:15,1,2,2,1.0,6.0,92044,ED.VAILLANT(RUE) 37A45 ET 36A48,M,"48,8936100","2,2911300",92,2019,50.0,1.0,1.0,4.0,2159930,1.0,1,1,1,1.0,,0.0,0,1966.0,A01,138Â 291Â 774,2.0,6.0,-1.0,1649202,1.0,32,,0.0,0.0,3.0,A01,138Â 291Â 774,0.0
966309,201900007840,2,7,17:15,1,2,2,1.0,6.0,92044,ED.VAILLANT(RUE) 37A45 ET 36A48,M,"48,8936100","2,2911300",92,2019,50.0,1.0,1.0,4.0,2159931,10.0,3,4,2,1.0,,2.0,3,1977.0,A01,138Â 291Â 774,0.0,-1.0,-1.0,1649202,1.0,32,,0.0,0.0,3.0,A01,138Â 291Â 774,0.0
966310,201900007841,2,11,21:06,5,2,1,1.0,6.0,92040,STALINGRAD (QUAI DE),M,"48,8231838","2,2546186",92,2019,65.0,2.0,1.0,3.0,2159932,1.0,1,1,1,4.0,,-1.0,0,1968.0,C01,138Â 291Â 771,1.0,0.0,-1.0,1649203,3.0,40,,0.0,2.0,4.0,C01,138Â 291Â 771,3.0
966310,201900007841,2,11,21:06,5,2,1,1.0,6.0,92040,STALINGRAD (QUAI DE),M,"48,8231838","2,2546186",92,2019,65.0,2.0,1.0,3.0,2159932,1.0,1,1,1,4.0,,-1.0,0,1968.0,C01,138Â 291Â 771,1.0,0.0,-1.0,1649204,3.0,7,,0.0,4.0,8.0,B01,138Â 291Â 772,0.0
966310,201900007841,2,11,21:06,5,2,1,1.0,6.0,92040,STALINGRAD (QUAI DE),M,"48,8231838","2,2546186",92,2019,65.0,2.0,1.0,3.0,2159932,1.0,1,1,1,4.0,,-1.0,0,1968.0,C01,138Â 291Â 771,1.0,0.0,-1.0,1649205,3.0,40,,14.0,0.0,1.0,A01,138Â 291Â 773,3.0
966310,201900007841,2,11,21:06,5,2,1,1.0,6.0,92040,STALINGRAD (QUAI DE),M,"48,8231838","2,2546186",92,2019,65.0,2.0,1.0,3.0,2159933,1.0,1,3,1,4.0,,-1.0,0,1979.0,A01,138Â 291Â 773,1.0,0.0,-1.0,1649203,3.0,40,,0.0,2.0,4.0,C01,138Â 291Â 771,3.0
966310,201900007841,2,11,21:06,5,2,1,1.0,6.0,92040,STALINGRAD (QUAI DE),M,"48,8231838","2,2546186",92,2019,65.0,2.0,1.0,3.0,2159933,1.0,1,3,1,4.0,,-1.0,0,1979.0,A01,138Â 291Â 773,1.0,0.0,-1.0,1649204,3.0,7,,0.0,4.0,8.0,B01,138Â 291Â 772,0.0
966310,201900007841,2,11,21:06,5,2,1,1.0,6.0,92040,STALINGRAD (QUAI DE),M,"48,8231838","2,2546186",92,2019,65.0,2.0,1.0,3.0,2159933,1.0,1,3,1,4.0,,-1.0,0,1979.0,A01,138Â 291Â 773,1.0,0.0,-1.0,1649205,3.0,40,,14.0,0.0,1.0,A01,138Â 291Â 773,3.0
966311,201900007842,2,8,22:47,5,2,3,2.0,3.0,92026,EUROPE ( AVENUE DE L' ),M,"48,9064800","2,2594900",92,2019,50.0,1.0,2.0,4.0,2159934,1.0,1,4,1,5.0,,-1.0,0,1980.0,A01,138Â 291Â 769,1.0,0.0,-1.0,1649206,1.0,10,,0.0,2.0,2.0,A01,138Â 291Â 769,1.0
966311,201900007842,2,8,22:47,5,2,3,2.0,3.0,92026,EUROPE ( AVENUE DE L' ),M,"48,9064800","2,2594900",92,2019,50.0,1.0,2.0,4.0,2159934,1.0,1,4,1,5.0,,-1.0,0,1980.0,A01,138Â 291Â 769,1.0,0.0,-1.0,1649207,2.0,10,,0.0,2.0,7.0,B01,138Â 291Â 770,1.0
966311,201900007842,2,8,22:47,5,2,3,2.0,3.0,92026,EUROPE ( AVENUE DE L' ),M,"48,9064800","2,2594900",92,2019,50.0,1.0,2.0,4.0,2159935,2.0,2,4,1,5.0,,-1.0,0,1994.0,A01,138Â 291Â 769,1.0,0.0,-1.0,1649206,1.0,10,,0.0,2.0,2.0,A01,138Â 291Â 769,1.0
966311,201900007842,2,8,22:47,5,2,3,2.0,3.0,92026,EUROPE ( AVENUE DE L' ),M,"48,9064800","2,2594900",92,2019,50.0,1.0,2.0,4.0,2159935,2.0,2,4,1,5.0,,-1.0,0,1994.0,A01,138Â 291Â 769,1.0,0.0,-1.0,1649207,2.0,10,,0.0,2.0,7.0,B01,138Â 291Â 770,1.0
966311,201900007842,2,8,22:47,5,2,3,2.0,3.0,92026,EUROPE ( AVENUE DE L' ),M,"48,9064800","2,2594900",92,2019,50.0,1.0,2.0,4.0,2159936,4.0,2,4,1,5.0,,-1.0,0,1981.0,A01,138Â 291Â 769,1.0,0.0,-1.0,1649206,1.0,10,,0.0,2.0,2.0,A01,138Â 291Â 769,1.0
966311,201900007842,2,8,22:47,5,2,3,2.0,3.0,92026,EUROPE ( AVENUE DE L' ),M,"48,9064800","2,2594900",92,2019,50.0,1.0,2.0,4.0,2159936,4.0,2,4,1,5.0,,-1.0,0,1981.0,A01,138Â 291Â 769,1.0,0.0,-1.0,1649207,2.0,10,,0.0,2.0,7.0,B01,138Â 291Â 770,1.0
966311,201900007842,2,8,22:47,5,2,3,2.0,3.0,92026,EUROPE ( AVENUE DE L' ),M,"48,9064800","2,2594900",92,2019,50.0,1.0,2.0,4.0,2159937,3.0,2,4,1,5.0,,-1.0,0,1990.0,A01,138Â 291Â 769,1.0,0.0,-1.0,1649206,1.0,10,,0.0,2.0,2.0,A01,138Â 291Â 769,1.0
966311,201900007842,2,8,22:47,5,2,3,2.0,3.0,92026,EUROPE ( AVENUE DE L' ),M,"48,9064800","2,2594900",92,2019,50.0,1.0,2.0,4.0,2159937,3.0,2,4,1,5.0,,-1.0,0,1990.0,A01,138Â 291Â 769,1.0,0.0,-1.0,1649207,2.0,10,,0.0,2.0,7.0,B01,138Â 291Â 770,1.0
966311,201900007842,2,8,22:47,5,2,3,2.0,3.0,92026,EUROPE ( AVENUE DE L' ),M,"48,9064800","2,2594900",92,2019,50.0,1.0,2.0,4.0,2159938,1.0,1,4,1,0.0,,-1.0,0,1985.0,B01,138Â 291Â 770,8.0,0.0,-1.0,1649206,1.0,10,,0.0,2.0,2.0,A01,138Â 291Â 769,1.0
966311,201900007842,2,8,22:47,5,2,3,2.0,3.0,92026,EUROPE ( AVENUE DE L' ),M,"48,9064800","2,2594900",92,2019,50.0,1.0,2.0,4.0,2159938,1.0,1,4,1,0.0,,-1.0,0,1985.0,B01,138Â 291Â 770,8.0,0.0,-1.0,1649207,2.0,10,,0.0,2.0,7.0,B01,138Â 291Â 770,1.0
966312,201900007843,2,7,16:55,2,2,2,1.0,3.0,92024,RUE DU 08 MAI 1945,M,"48,8982124","2,3101565",92,2019,50.0,1.0,1.0,3.0,2159939,1.0,1,1,1,0.0,,-1.0,0,1968.0,A01,138Â 291Â 767,1.0,8.0,-1.0,1649208,1.0,10,,0.0,2.0,7.0,A01,138Â 291Â 767,1.0
966312,201900007843,2,7,16:55,2,2,2,1.0,3.0,92024,RUE DU 08 MAI 1945,M,"48,8982124","2,3101565",92,2019,50.0,1.0,1.0,3.0,2159939,1.0,1,1,1,0.0,,-1.0,0,1968.0,A01,138Â 291Â 767,1.0,8.0,-1.0,1649209,1.0,33,,0.0,2.0,1.0,B01,138Â 291Â 768,1.0
966312,201900007843,2,7,16:55,2,2,2,1.0,3.0,92024,RUE DU 08 MAI 1945,M,"48,8982124","2,3101565",92,2019,50.0,1.0,1.0,3.0,2159940,1.0,1,4,1,5.0,,-1.0,0,1977.0,B01,138Â 291Â 768,2.0,6.0,-1.0,1649208,1.0,10,,0.0,2.0,7.0,A01,138Â 291Â 767,1.0
966312,201900007843,2,7,16:55,2,2,2,1.0,3.0,92024,RUE DU 08 MAI 1945,M,"48,8982124","2,3101565",92,2019,50.0,1.0,1.0,3.0,2159940,1.0,1,4,1,5.0,,-1.0,0,1977.0,B01,138Â 291Â 768,2.0,6.0,-1.0,1649209,1.0,33,,0.0,2.0,1.0,B01,138Â 291Â 768,1.0
966313,201900007844,2,11,09:30,1,2,6,1.0,3.0,92023,DOCTEUR CALMETTE (AVENUE DU),M,"48,8114100","2,2702700",92,2019,30.0,1.0,1.0,4.0,2159941,1.0,1,1,1,5.0,,-1.0,0,1965.0,A01,138Â 291Â 765,1.0,0.0,-1.0,1649210,2.0,7,,0.0,2.0,8.0,A01,138Â 291Â 765,1.0
966313,201900007844,2,11,09:30,1,2,6,1.0,3.0,92023,DOCTEUR CALMETTE (AVENUE DU),M,"48,8114100","2,2702700",92,2019,30.0,1.0,1.0,4.0,2159941,1.0,1,1,1,5.0,,-1.0,0,1965.0,A01,138Â 291Â 765,1.0,0.0,-1.0,1649211,2.0,80,,0.0,2.0,8.0,B01,138Â 291Â 766,3.0
966313,201900007844,2,11,09:30,1,2,6,1.0,3.0,92023,DOCTEUR CALMETTE (AVENUE DU),M,"48,8114100","2,2702700",92,2019,30.0,1.0,1.0,4.0,2159942,1.0,1,4,1,1.0,,-1.0,0,1962.0,B01,138Â 291Â 766,2.0,0.0,-1.0,1649210,2.0,7,,0.0,2.0,8.0,A01,138Â 291Â 765,1.0
966313,201900007844,2,11,09:30,1,2,6,1.0,3.0,92023,DOCTEUR CALMETTE (AVENUE DU),M,"48,8114100","2,2702700",92,2019,30.0,1.0,1.0,4.0,2159942,1.0,1,4,1,1.0,,-1.0,0,1962.0,B01,138Â 291Â 766,2.0,0.0,-1.0,1649211,2.0,80,,0.0,2.0,8.0,B01,138Â 291Â 766,3.0
966314,201900007845,9,11,19:30,2,2,1,1.0,6.0,92012,COURS DE L'ILE SEGUIN,M,"48,8279700","2,2352600",92,2019,50.0,1.0,1.0,4.0,2159943,10.0,3,4,1,5.0,,3.0,3,1964.0,A01,138Â 291Â 761,8.0,0.0,-1.0,1649212,1.0,7,,0.0,1.0,4.0,A01,138Â 291Â 761,1.0
966314,201900007845,9,11,19:30,2,2,1,1.0,6.0,92012,COURS DE L'ILE SEGUIN,M,"48,8279700","2,2352600",92,2019,50.0,1.0,1.0,4.0,2159944,1.0,1,1,1,5.0,,0.0,0,1976.0,A01,138Â 291Â 761,1.0,0.0,-1.0,1649212,1.0,7,,0.0,1.0,4.0,A01,138Â 291Â 761,1.0
966315,201900007846,2,8,09:30,1,2,1,2.0,6.0,49244,"55 rue des mauges, LA POMMERAYE",M,"47,3501820"," -0,8569200",49,2019,50.0,6.0,2.0,6.0,2159945,1.0,1,1,2,3.0,,0.0,0,1933.0,A01,138Â 291Â 760,1.0,-1.0,-1.0,1649213,3.0,7,,0.0,1.0,1.0,A01,138Â 291Â 760,1.0
966315,201900007846,2,8,09:30,1,2,1,2.0,6.0,49244,"55 rue des mauges, LA POMMERAYE",M,"47,3501820"," -0,8569200",49,2019,50.0,6.0,2.0,6.0,2159946,10.0,3,3,2,0.0,,0.0,3,1937.0,A01,138Â 291Â 760,0.0,-1.0,-1.0,1649213,3.0,7,,0.0,1.0,1.0,A01,138Â 291Â 760,1.0
966316,201900007847,2,10,06:40,2,1,1,2.0,1.0,47223,LAS SAGNE,M,"44,6534090","0,7336880",47,2019,80.0,3.0,2.0,3.0,2159947,1.0,1,4,1,4.0,,0.0,0,1971.0,B01,138Â 291Â 758,8.0,-1.0,-1.0,1649214,1.0,10,,0.0,2.0,1.0,B01,138Â 291Â 758,1.0
966316,201900007847,2,10,06:40,2,1,1,2.0,1.0,47223,LAS SAGNE,M,"44,6534090","0,7336880",47,2019,80.0,3.0,2.0,3.0,2159947,1.0,1,4,1,4.0,,0.0,0,1971.0,B01,138Â 291Â 758,8.0,-1.0,-1.0,1649215,2.0,7,,0.0,2.0,1.0,A01,138Â 291Â 759,1.0
966316,201900007847,2,10,06:40,2,1,1,2.0,1.0,47223,LAS SAGNE,M,"44,6534090","0,7336880",47,2019,80.0,3.0,2.0,3.0,2159948,2.0,2,2,1,0.0,,0.0,0,1981.0,A01,138Â 291Â 759,8.0,-1.0,-1.0,1649214,1.0,10,,0.0,2.0,1.0,B01,138Â 291Â 758,1.0
966316,201900007847,2,10,06:40,2,1,1,2.0,1.0,47223,LAS SAGNE,M,"44,6534090","0,7336880",47,2019,80.0,3.0,2.0,3.0,2159948,2.0,2,2,1,0.0,,0.0,0,1981.0,A01,138Â 291Â 759,8.0,-1.0,-1.0,1649215,2.0,7,,0.0,2.0,1.0,A01,138Â 291Â 759,1.0
966316,201900007847,2,10,06:40,2,1,1,2.0,1.0,47223,LAS SAGNE,M,"44,6534090","0,7336880",47,2019,80.0,3.0,2.0,3.0,2159949,1.0,1,4,1,0.0,,0.0,0,1981.0,A01,138Â 291Â 759,8.0,-1.0,-1.0,1649214,1.0,10,,0.0,2.0,1.0,B01,138Â 291Â 758,1.0
966316,201900007847,2,10,06:40,2,1,1,2.0,1.0,47223,LAS SAGNE,M,"44,6534090","0,7336880",47,2019,80.0,3.0,2.0,3.0,2159949,1.0,1,4,1,0.0,,0.0,0,1981.0,A01,138Â 291Â 759,8.0,-1.0,-1.0,1649215,2.0,7,,0.0,2.0,1.0,A01,138Â 291Â 759,1.0
966317,201900007848,2,6,09:50,1,1,1,5.0,6.0,95395,RD 316,M,"49,0552220","2,4020280",95,2019,90.0,1.0,2.0,3.0,2159950,2.0,2,3,2,5.0,,0.0,0,1987.0,A01,138Â 291Â 757,1.0,-1.0,-1.0,1649216,2.0,7,,4.0,0.0,1.0,A01,138Â 291Â 757,1.0
966317,201900007848,2,6,09:50,1,1,1,5.0,6.0,95395,RD 316,M,"49,0552220","2,4020280",95,2019,90.0,1.0,2.0,3.0,2159951,1.0,1,1,2,1.0,,0.0,0,1965.0,A01,138Â 291Â 757,1.0,-1.0,-1.0,1649216,2.0,7,,4.0,0.0,1.0,A01,138Â 291Â 757,1.0
966318,201900007849,2,10,00:50,5,2,1,3.0,6.0,60107,Rue des Marais,M,"49,3570360","2,4355460",60,2019,50.0,8.0,2.0,4.0,2159952,1.0,1,3,1,5.0,,0.0,0,1988.0,A01,138Â 291Â 756,1.0,-1.0,-1.0,1649217,0.0,7,,6.0,0.0,9.0,A01,138Â 291Â 756,1.0
966319,201900007850,2,13,17:50,1,1,1,1.0,3.0,17413,D203,M,"46,0760010"," -1,0524790",17,2019,80.0,1.0,1.0,3.0,2159953,1.0,1,2,1,5.0,,0.0,0,1999.0,A01,138Â 291Â 754,1.0,-1.0,-1.0,1649218,2.0,7,,0.0,2.0,7.0,A01,138Â 291Â 754,1.0
966319,201900007850,2,13,17:50,1,1,1,1.0,3.0,17413,D203,M,"46,0760010"," -1,0524790",17,2019,80.0,1.0,1.0,3.0,2159953,1.0,1,2,1,5.0,,0.0,0,1999.0,A01,138Â 291Â 754,1.0,-1.0,-1.0,1649219,1.0,7,,0.0,2.0,1.0,B01,138Â 291Â 755,1.0
966319,201900007850,2,13,17:50,1,1,1,1.0,3.0,17413,D203,M,"46,0760010"," -1,0524790",17,2019,80.0,1.0,1.0,3.0,2159954,1.0,1,4,2,1.0,,0.0,0,1988.0,B01,138Â 291Â 755,1.0,-1.0,-1.0,1649218,2.0,7,,0.0,2.0,7.0,A01,138Â 291Â 754,1.0
966319,201900007850,2,13,17:50,1,1,1,1.0,3.0,17413,D203,M,"46,0760010"," -1,0524790",17,2019,80.0,1.0,1.0,3.0,2159954,1.0,1,4,2,1.0,,0.0,0,1988.0,B01,138Â 291Â 755,1.0,-1.0,-1.0,1649219,1.0,7,,0.0,2.0,1.0,B01,138Â 291Â 755,1.0
966320,201900007851,2,8,21:35,3,1,1,2.0,1.0,41194,CD922 - PK 31 + 500,M,"47,3706980","1,7384520",41,2019,80.0,1.0,2.0,3.0,2159955,1.0,1,4,2,1.0,,0.0,0,1964.0,B01,138Â 291Â 752,1.0,-1.0,-1.0,1649220,1.0,7,,0.0,2.0,1.0,B01,138Â 291Â 752,0.0
966320,201900007851,2,8,21:35,3,1,1,2.0,1.0,41194,CD922 - PK 31 + 500,M,"47,3706980","1,7384520",41,2019,80.0,1.0,2.0,3.0,2159955,1.0,1,4,2,1.0,,0.0,0,1964.0,B01,138Â 291Â 752,1.0,-1.0,-1.0,1649221,1.0,10,,0.0,2.0,1.0,A01,138Â 291Â 753,0.0
966320,201900007851,2,8,21:35,3,1,1,2.0,1.0,41194,CD922 - PK 31 + 500,M,"47,3706980","1,7384520",41,2019,80.0,1.0,2.0,3.0,2159956,1.0,1,3,2,1.0,,0.0,0,1994.0,A01,138Â 291Â 753,1.0,5.0,-1.0,1649220,1.0,7,,0.0,2.0,1.0,B01,138Â 291Â 752,0.0
966320,201900007851,2,8,21:35,3,1,1,2.0,1.0,41194,CD922 - PK 31 + 500,M,"47,3706980","1,7384520",41,2019,80.0,1.0,2.0,3.0,2159956,1.0,1,3,2,1.0,,0.0,0,1994.0,A01,138Â 291Â 753,1.0,5.0,-1.0,1649221,1.0,10,,0.0,2.0,1.0,A01,138Â 291Â 753,0.0
966321,201900007852,2,8,07:30,2,1,1,8.0,1.0,68043,Rte dÃ©partementale 44,M,"47,8557590","7,2504170",68,2019,80.0,1.0,7.0,3.0,2159957,1.0,1,3,2,0.0,,0.0,0,1992.0,B01,138Â 291Â 750,1.0,-1.0,-1.0,1649222,2.0,7,,0.0,2.0,1.0,B01,138Â 291Â 750,1.0
966321,201900007852,2,8,07:30,2,1,1,8.0,1.0,68043,Rte dÃ©partementale 44,M,"47,8557590","7,2504170",68,2019,80.0,1.0,7.0,3.0,2159957,1.0,1,3,2,0.0,,0.0,0,1992.0,B01,138Â 291Â 750,1.0,-1.0,-1.0,1649223,1.0,7,,0.0,2.0,1.0,A01,138Â 291Â 751,1.0