Unnamed: 0_x,num_acc,mois,jour,hrmn,lum,agg,int,atm,col,com,adr,gps,lat,long,dep,annee,vma,situ,surf,catr,Unnamed: 0_y,place,catu,grav,sexe,trajet,secu,locp,actp,an_nais,num_veh_x,id_vehicule_x,secu1,secu2,secu3,Unnamed: 0,senc,catv,occutc,obs,obsm,choc,num_veh_y,id_vehicule_y,motor
966321,201900007852,2,8,07:30,2,1,1,8.0,1.0,68043,Rte dÃ©partementale 44,M,"47,8557590","7,2504170",68,2019,80.0,1.0,7.0,3.0,2159958,1.0,1,3,2,0.0,,0.0,0,1979.0,A01,138Â 291Â 751,1.0,-1.0,-1.0,1649222,2.0,7,,0.0,2.0,1.0,B01,138Â 291Â 750,1.0
966321,201900007852,2,8,07:30,2,1,1,8.0,1.0,68043,Rte dÃ©partementale 44,M,"47,8557590","7,2504170",68,2019,80.0,1.0,7.0,3.0,2159958,1.0,1,3,2,0.0,,0.0,0,1979.0,A01,138Â 291Â 751,1.0,-1.0,-1.0,1649223,1.0,7,,0.0,2.0,1.0,A01,138Â 291Â 751,1.0
966322,201900007853,2,10,10:22,1,2,1,1.0,7.0,68112,03 RUE DE LA RÃPUBLIQUE,M,"47,9066560","7,2145520",68,2019,20.0,3.0,1.0,4.0,2159959,1.0,1,3,1,5.0,,0.0,0,1979.0,A01,138Â 291Â 749,2.0,6.0,-1.0,1649224,3.0,36,,9.0,0.0,1.0,A01,138Â 291Â 749,1.0
966323,201900007854,2,10,14:25,1,1,1,2.0,7.0,71155,"lieu dit ""Velleray""",M,"46,7489800","3,7389150",71,2019,-1.0,1.0,2.0,4.0,2159960,1.0,1,3,1,5.0,,0.0,0,2001.0,A01,138Â 291Â 748,2.0,6.0,-1.0,1649225,3.0,2,,0.0,0.0,1.0,A01,138Â 291Â 748,1.0
966324,201900007855,2,11,23:55,3,1,1,1.0,7.0,86050,"Route de Vauvert, lieu dit l'HÃ©raudiÃ¨re",M,"46,6441860"," -0,0475640",86,2019,80.0,8.0,1.0,4.0,2159961,1.0,1,3,1,0.0,,0.0,0,1980.0,A01,138Â 291Â 747,1.0,-1.0,-1.0,1649226,3.0,7,,16.0,0.0,3.0,A01,138Â 291Â 747,1.0
966325,201900007856,2,9,15:15,1,2,1,1.0,6.0,40133,avenue Charles de Gaulle,M,"43,5941100"," -1,4252800",40,2019,50.0,1.0,1.0,3.0,2159962,10.0,3,1,2,5.0,,3.0,3,2005.0,A01,138Â 291Â 746,0.0,-1.0,-1.0,1649227,1.0,7,,0.0,1.0,2.0,A01,138Â 291Â 746,1.0
966325,201900007856,2,9,15:15,1,2,1,1.0,6.0,40133,avenue Charles de Gaulle,M,"43,5941100"," -1,4252800",40,2019,50.0,1.0,1.0,3.0,2159963,1.0,1,1,2,5.0,,0.0,0,1995.0,A01,138Â 291Â 746,1.0,-1.0,-1.0,1649227,1.0,7,,0.0,1.0,2.0,A01,138Â 291Â 746,1.0
966325,201900007856,2,9,15:15,1,2,1,1.0,6.0,40133,avenue Charles de Gaulle,M,"43,5941100"," -1,4252800",40,2019,50.0,1.0,1.0,3.0,2159964,10.0,3,4,2,5.0,,3.0,3,2005.0,A01,138Â 291Â 746,0.0,-1.0,-1.0,1649227,1.0,7,,0.0,1.0,2.0,A01,138Â 291Â 746,1.0
966326,201900007857,2,11,18:30,2,1,3,1.0,3.0,33352,Avenue Ernest becquet,M,"44,5876970"," -0,0532100",33,2019,80.0,8.0,1.0,4.0,2159965,2.0,2,4,2,3.0,,0.0,0,2003.0,B01,138Â 291Â 744,2.0,-1.0,-1.0,1649228,1.0,30,,0.0,2.0,1.0,B01,138Â 291Â 744,1.0
966326,201900007857,2,11,18:30,2,1,3,1.0,3.0,33352,Avenue Ernest becquet,M,"44,5876970"," -0,0532100",33,2019,80.0,8.0,1.0,4.0,2159965,2.0,2,4,2,3.0,,0.0,0,2003.0,B01,138Â 291Â 744,2.0,-1.0,-1.0,1649229,1.0,7,,0.0,2.0,6.0,A01,138Â 291Â 745,1.0
966326,201900007857,2,11,18:30,2,1,3,1.0,3.0,33352,Avenue Ernest becquet,M,"44,5876970"," -0,0532100",33,2019,80.0,8.0,1.0,4.0,2159966,1.0,1,3,2,3.0,,0.0,0,1977.0,B01,138Â 291Â 744,2.0,-1.0,-1.0,1649228,1.0,30,,0.0,2.0,1.0,B01,138Â 291Â 744,1.0
966326,201900007857,2,11,18:30,2,1,3,1.0,3.0,33352,Avenue Ernest becquet,M,"44,5876970"," -0,0532100",33,2019,80.0,8.0,1.0,4.0,2159966,1.0,1,3,2,3.0,,0.0,0,1977.0,B01,138Â 291Â 744,2.0,-1.0,-1.0,1649229,1.0,7,,0.0,2.0,6.0,A01,138Â 291Â 745,1.0
966326,201900007857,2,11,18:30,2,1,3,1.0,3.0,33352,Avenue Ernest becquet,M,"44,5876970"," -0,0532100",33,2019,80.0,8.0,1.0,4.0,2159967,1.0,1,1,1,9.0,,0.0,0,1966.0,A01,138Â 291Â 745,1.0,-1.0,-1.0,1649228,1.0,30,,0.0,2.0,1.0,B01,138Â 291Â 744,1.0
966326,201900007857,2,11,18:30,2,1,3,1.0,3.0,33352,Avenue Ernest becquet,M,"44,5876970"," -0,0532100",33,2019,80.0,8.0,1.0,4.0,2159967,1.0,1,1,1,9.0,,0.0,0,1966.0,A01,138Â 291Â 745,1.0,-1.0,-1.0,1649229,1.0,7,,0.0,2.0,6.0,A01,138Â 291Â 745,1.0
966327,201900007858,2,8,16:40,1,1,1,1.0,6.0,41142,RD 766,M,"47,6055000","1,1535860",41,2019,80.0,3.0,1.0,3.0,2159968,1.0,1,4,2,5.0,,0.0,0,1962.0,A01,138Â 291Â 743,1.0,-1.0,-1.0,1649230,0.0,7,,13.0,0.0,1.0,A01,138Â 291Â 743,1.0
966328,201900007859,2,13,16:32,1,1,1,1.0,6.0,31573,Les Espos,M,"43,6671200","1,6894690",31,2019,70.0,3.0,1.0,3.0,2159969,1.0,1,3,1,1.0,,0.0,0,1987.0,A01,138Â 291Â 742,1.0,-1.0,-1.0,1649231,2.0,7,,13.0,0.0,1.0,A01,138Â 291Â 742,1.0
966328,201900007859,2,13,16:32,1,1,1,1.0,6.0,31573,Les Espos,M,"43,6671200","1,6894690",31,2019,70.0,3.0,1.0,3.0,2159970,2.0,2,4,2,1.0,,0.0,0,1988.0,A01,138Â 291Â 742,1.0,-1.0,-1.0,1649231,2.0,7,,13.0,0.0,1.0,A01,138Â 291Â 742,1.0
966329,201900007860,2,12,00:25,3,1,1,1.0,2.0,28269,A10,M,"48,4065130","1,5009590",28,2019,130.0,1.0,1.0,1.0,2159971,1.0,1,3,1,5.0,,0.0,0,1955.0,B01,138Â 291Â 740,1.0,-1.0,-1.0,1649232,1.0,7,,4.0,2.0,5.0,B01,138Â 291Â 740,1.0
966329,201900007860,2,12,00:25,3,1,1,1.0,2.0,28269,A10,M,"48,4065130","1,5009590",28,2019,130.0,1.0,1.0,1.0,2159971,1.0,1,3,1,5.0,,0.0,0,1955.0,B01,138Â 291Â 740,1.0,-1.0,-1.0,1649233,1.0,10,,4.0,2.0,3.0,A01,138Â 291Â 741,1.0
966329,201900007860,2,12,00:25,3,1,1,1.0,2.0,28269,A10,M,"48,4065130","1,5009590",28,2019,130.0,1.0,1.0,1.0,2159972,1.0,1,1,1,4.0,,0.0,0,1975.0,A01,138Â 291Â 741,1.0,-1.0,-1.0,1649232,1.0,7,,4.0,2.0,5.0,B01,138Â 291Â 740,1.0
966329,201900007860,2,12,00:25,3,1,1,1.0,2.0,28269,A10,M,"48,4065130","1,5009590",28,2019,130.0,1.0,1.0,1.0,2159972,1.0,1,1,1,4.0,,0.0,0,1975.0,A01,138Â 291Â 741,1.0,-1.0,-1.0,1649233,1.0,10,,4.0,2.0,3.0,A01,138Â 291Â 741,1.0
966330,201900007861,2,10,07:45,1,2,1,1.0,2.0,97422,rue hubert delisle,M," -21,2630260","55,5066880",974,2019,50.0,1.0,-1.0,3.0,2159973,1.0,1,1,1,5.0,,0.0,0,1992.0,A01,138Â 291Â 738,1.0,5.0,-1.0,1649234,1.0,7,,0.0,2.0,1.0,A01,138Â 291Â 738,1.0
966330,201900007861,2,10,07:45,1,2,1,1.0,2.0,97422,rue hubert delisle,M," -21,2630260","55,5066880",974,2019,50.0,1.0,-1.0,3.0,2159973,1.0,1,1,1,5.0,,0.0,0,1992.0,A01,138Â 291Â 738,1.0,5.0,-1.0,1649235,1.0,7,,0.0,0.0,4.0,B01,138Â 291Â 739,1.0
966330,201900007861,2,10,07:45,1,2,1,1.0,2.0,97422,rue hubert delisle,M," -21,2630260","55,5066880",974,2019,50.0,1.0,-1.0,3.0,2159974,1.0,1,4,2,5.0,,0.0,0,1959.0,B01,138Â 291Â 739,1.0,5.0,-1.0,1649234,1.0,7,,0.0,2.0,1.0,A01,138Â 291Â 738,1.0
966330,201900007861,2,10,07:45,1,2,1,1.0,2.0,97422,rue hubert delisle,M," -21,2630260","55,5066880",974,2019,50.0,1.0,-1.0,3.0,2159974,1.0,1,4,2,5.0,,0.0,0,1959.0,B01,138Â 291Â 739,1.0,5.0,-1.0,1649235,1.0,7,,0.0,0.0,4.0,B01,138Â 291Â 739,1.0
966331,201900007862,2,13,06:40,1,1,1,1.0,6.0,97221,Quartier Terrier,M,"14,5325790"," -60,9329920",972,2019,80.0,1.0,1.0,2.0,2159975,1.0,1,2,1,1.0,,0.0,0,1997.0,A01,138Â 291Â 737,0.0,-1.0,-1.0,1649236,1.0,7,,6.0,0.0,8.0,A01,138Â 291Â 737,1.0
966332,201900007863,2,10,05:20,3,1,1,1.0,6.0,63171,CD 227,M,"46,0538673","2,7945681",63,2019,80.0,8.0,1.0,3.0,2159976,8.0,2,1,1,5.0,,0.0,0,2001.0,A01,138Â 291Â 736,1.0,-1.0,-1.0,1649237,2.0,7,,0.0,0.0,3.0,A01,138Â 291Â 736,1.0
966332,201900007863,2,10,05:20,3,1,1,1.0,6.0,63171,CD 227,M,"46,0538673","2,7945681",63,2019,80.0,8.0,1.0,3.0,2159977,1.0,1,2,1,5.0,,0.0,0,1986.0,A01,138Â 291Â 736,0.0,-1.0,-1.0,1649237,2.0,7,,0.0,0.0,3.0,A01,138Â 291Â 736,1.0
966332,201900007863,2,10,05:20,3,1,1,1.0,6.0,63171,CD 227,M,"46,0538673","2,7945681",63,2019,80.0,8.0,1.0,3.0,2159978,7.0,2,1,1,5.0,,0.0,0,2002.0,A01,138Â 291Â 736,1.0,-1.0,-1.0,1649237,2.0,7,,0.0,0.0,3.0,A01,138Â 291Â 736,1.0
966332,201900007863,2,10,05:20,3,1,1,1.0,6.0,63171,CD 227,M,"46,0538673","2,7945681",63,2019,80.0,8.0,1.0,3.0,2159979,2.0,2,1,1,5.0,,0.0,0,1999.0,A01,138Â 291Â 736,1.0,-1.0,-1.0,1649237,2.0,7,,0.0,0.0,3.0,A01,138Â 291Â 736,1.0
966333,201900007864,2,11,10:00,1,1,1,4.0,2.0,52422,PK210+700 - Autoroute A5,M,"48,0295040","5,0859833",52,2019,110.0,1.0,5.0,1.0,2159980,1.0,1,1,1,1.0,,0.0,0,1970.0,A01,138Â 291Â 734,1.0,-1.0,-1.0,1649238,2.0,7,,3.0,0.0,2.0,A01,138Â 291Â 734,1.0
966333,201900007864,2,11,10:00,1,1,1,4.0,2.0,52422,PK210+700 - Autoroute A5,M,"48,0295040","5,0859833",52,2019,110.0,1.0,5.0,1.0,2159980,1.0,1,1,1,1.0,,0.0,0,1970.0,A01,138Â 291Â 734,1.0,-1.0,-1.0,1649239,2.0,17,,0.0,2.0,2.0,B01,138Â 291Â 735,1.0
966333,201900007864,2,11,10:00,1,1,1,4.0,2.0,52422,PK210+700 - Autoroute A5,M,"48,0295040","5,0859833",52,2019,110.0,1.0,5.0,1.0,2159981,2.0,2,3,2,5.0,,0.0,0,1976.0,A01,138Â 291Â 734,1.0,-1.0,-1.0,1649238,2.0,7,,3.0,0.0,2.0,A01,138Â 291Â 734,1.0
966333,201900007864,2,11,10:00,1,1,1,4.0,2.0,52422,PK210+700 - Autoroute A5,M,"48,0295040","5,0859833",52,2019,110.0,1.0,5.0,1.0,2159981,2.0,2,3,2,5.0,,0.0,0,1976.0,A01,138Â 291Â 734,1.0,-1.0,-1.0,1649239,2.0,17,,0.0,2.0,2.0,B01,138Â 291Â 735,1.0
966333,201900007864,2,11,10:00,1,1,1,4.0,2.0,52422,PK210+700 - Autoroute A5,M,"48,0295040","5,0859833",52,2019,110.0,1.0,5.0,1.0,2159982,1.0,1,1,1,4.0,,0.0,0,1979.0,B01,138Â 291Â 735,1.0,-1.0,-1.0,1649238,2.0,7,,3.0,0.0,2.0,A01,138Â 291Â 734,1.0
966333,201900007864,2,11,10:00,1,1,1,4.0,2.0,52422,PK210+700 - Autoroute A5,M,"48,0295040","5,0859833",52,2019,110.0,1.0,5.0,1.0,2159982,1.0,1,1,1,4.0,,0.0,0,1979.0,B01,138Â 291Â 735,1.0,-1.0,-1.0,1649239,2.0,17,,0.0,2.0,2.0,B01,138Â 291Â 735,1.0
966334,201900007865,2,10,19:30,3,1,1,6.0,2.0,52207,"A31, pk 133+500",M,"47,9591200","5,4512130",52,2019,130.0,1.0,2.0,1.0,2159983,1.0,1,1,1,4.0,,0.0,0,1954.0,B01,138Â 291Â 732,8.0,-1.0,-1.0,1649240,2.0,15,,0.0,2.0,4.0,B01,138Â 291Â 732,1.0
966334,201900007865,2,10,19:30,3,1,1,6.0,2.0,52207,"A31, pk 133+500",M,"47,9591200","5,4512130",52,2019,130.0,1.0,2.0,1.0,2159983,1.0,1,1,1,4.0,,0.0,0,1954.0,B01,138Â 291Â 732,8.0,-1.0,-1.0,1649241,2.0,7,,0.0,2.0,1.0,A01,138Â 291Â 733,1.0
966334,201900007865,2,10,19:30,3,1,1,6.0,2.0,52207,"A31, pk 133+500",M,"47,9591200","5,4512130",52,2019,130.0,1.0,2.0,1.0,2159984,1.0,1,4,1,5.0,,0.0,0,1970.0,A01,138Â 291Â 733,8.0,-1.0,-1.0,1649240,2.0,15,,0.0,2.0,4.0,B01,138Â 291Â 732,1.0
966334,201900007865,2,10,19:30,3,1,1,6.0,2.0,52207,"A31, pk 133+500",M,"47,9591200","5,4512130",52,2019,130.0,1.0,2.0,1.0,2159984,1.0,1,4,1,5.0,,0.0,0,1970.0,A01,138Â 291Â 733,8.0,-1.0,-1.0,1649241,2.0,7,,0.0,2.0,1.0,A01,138Â 291Â 733,1.0
966335,201900007866,2,9,20:00,3,1,1,1.0,2.0,01250,CD936,M,"45,9896090","4,7999500",1,2019,80.0,1.0,1.0,3.0,2159985,1.0,1,1,1,5.0,,0.0,0,1970.0,A01,138Â 291Â 730,1.0,-1.0,-1.0,1649242,1.0,7,,0.0,2.0,1.0,A01,138Â 291Â 730,1.0
966335,201900007866,2,9,20:00,3,1,1,1.0,2.0,01250,CD936,M,"45,9896090","4,7999500",1,2019,80.0,1.0,1.0,3.0,2159985,1.0,1,1,1,5.0,,0.0,0,1970.0,A01,138Â 291Â 730,1.0,-1.0,-1.0,1649243,1.0,2,,0.0,2.0,4.0,B01,138Â 291Â 731,1.0
966335,201900007866,2,9,20:00,3,1,1,1.0,2.0,01250,CD936,M,"45,9896090","4,7999500",1,2019,80.0,1.0,1.0,3.0,2159986,2.0,2,3,1,5.0,,0.0,0,2003.0,B01,138Â 291Â 731,2.0,-1.0,-1.0,1649242,1.0,7,,0.0,2.0,1.0,A01,138Â 291Â 730,1.0
966335,201900007866,2,9,20:00,3,1,1,1.0,2.0,01250,CD936,M,"45,9896090","4,7999500",1,2019,80.0,1.0,1.0,3.0,2159986,2.0,2,3,1,5.0,,0.0,0,2003.0,B01,138Â 291Â 731,2.0,-1.0,-1.0,1649243,1.0,2,,0.0,2.0,4.0,B01,138Â 291Â 731,1.0
966335,201900007866,2,9,20:00,3,1,1,1.0,2.0,01250,CD936,M,"45,9896090","4,7999500",1,2019,80.0,1.0,1.0,3.0,2159987,1.0,1,3,1,5.0,,0.0,0,2003.0,B01,138Â 291Â 731,2.0,-1.0,-1.0,1649242,1.0,7,,0.0,2.0,1.0,A01,138Â 291Â 730,1.0
966335,201900007866,2,9,20:00,3,1,1,1.0,2.0,01250,CD936,M,"45,9896090","4,7999500",1,2019,80.0,1.0,1.0,3.0,2159987,1.0,1,3,1,5.0,,0.0,0,2003.0,B01,138Â 291Â 731,2.0,-1.0,-1.0,1649243,1.0,2,,0.0,2.0,4.0,B01,138Â 291Â 731,1.0
966336,201900007867,2,9,19:50,3,1,2,1.0,2.0,01238,RD 933,M,"45,9103690","4,8160490",1,2019,70.0,1.0,1.0,3.0,2159988,1.0,1,4,1,5.0,,0.0,0,1999.0,A01,138Â 291Â 728,1.0,-1.0,-1.0,1649244,1.0,7,,0.0,2.0,4.0,A01,138Â 291Â 728,1.0
966336,201900007867,2,9,19:50,3,1,2,1.0,2.0,01238,RD 933,M,"45,9103690","4,8160490",1,2019,70.0,1.0,1.0,3.0,2159988,1.0,1,4,1,5.0,,0.0,0,1999.0,A01,138Â 291Â 728,1.0,-1.0,-1.0,1649245,1.0,7,,0.0,2.0,1.0,B01,138Â 291Â 729,1.0
966336,201900007867,2,9,19:50,3,1,2,1.0,2.0,01238,RD 933,M,"45,9103690","4,8160490",1,2019,70.0,1.0,1.0,3.0,2159989,2.0,2,1,2,5.0,,0.0,0,1974.0,B01,138Â 291Â 729,1.0,-1.0,-1.0,1649244,1.0,7,,0.0,2.0,4.0,A01,138Â 291Â 728,1.0
966336,201900007867,2,9,19:50,3,1,2,1.0,2.0,01238,RD 933,M,"45,9103690","4,8160490",1,2019,70.0,1.0,1.0,3.0,2159989,2.0,2,1,2,5.0,,0.0,0,1974.0,B01,138Â 291Â 729,1.0,-1.0,-1.0,1649245,1.0,7,,0.0,2.0,1.0,B01,138Â 291Â 729,1.0
966336,201900007867,2,9,19:50,3,1,2,1.0,2.0,01238,RD 933,M,"45,9103690","4,8160490",1,2019,70.0,1.0,1.0,3.0,2159990,1.0,1,1,1,5.0,,0.0,0,1973.0,B01,138Â 291Â 729,1.0,-1.0,-1.0,1649244,1.0,7,,0.0,2.0,4.0,A01,138Â 291Â 728,1.0
966336,201900007867,2,9,19:50,3,1,2,1.0,2.0,01238,RD 933,M,"45,9103690","4,8160490",1,2019,70.0,1.0,1.0,3.0,2159990,1.0,1,1,1,5.0,,0.0,0,1973.0,B01,138Â 291Â 729,1.0,-1.0,-1.0,1649245,1.0,7,,0.0,2.0,1.0,B01,138Â 291Â 729,1.0
966337,201900007868,2,11,13:35,1,1,1,1.0,1.0,64548,D49,M,"43,4696940"," -0,5023070",64,2019,80.0,1.0,2.0,3.0,2159991,2.0,2,4,2,5.0,,0.0,0,1936.0,B01,138Â 291Â 726,1.0,-1.0,-1.0,1649246,2.0,7,,0.0,2.0,3.0,B01,138Â 291Â 726,0.0
966337,201900007868,2,11,13:35,1,1,1,1.0,1.0,64548,D49,M,"43,4696940"," -0,5023070",64,2019,80.0,1.0,2.0,3.0,2159991,2.0,2,4,2,5.0,,0.0,0,1936.0,B01,138Â 291Â 726,1.0,-1.0,-1.0,1649247,1.0,7,,0.0,2.0,3.0,A01,138Â 291Â 727,0.0
966337,201900007868,2,11,13:35,1,1,1,1.0,1.0,64548,D49,M,"43,4696940"," -0,5023070",64,2019,80.0,1.0,2.0,3.0,2159992,7.0,2,4,2,5.0,,0.0,0,2000.0,B01,138Â 291Â 726,1.0,-1.0,-1.0,1649246,2.0,7,,0.0,2.0,3.0,B01,138Â 291Â 726,0.0
966337,201900007868,2,11,13:35,1,1,1,1.0,1.0,64548,D49,M,"43,4696940"," -0,5023070",64,2019,80.0,1.0,2.0,3.0,2159992,7.0,2,4,2,5.0,,0.0,0,2000.0,B01,138Â 291Â 726,1.0,-1.0,-1.0,1649247,1.0,7,,0.0,2.0,3.0,A01,138Â 291Â 727,0.0
966337,201900007868,2,11,13:35,1,1,1,1.0,1.0,64548,D49,M,"43,4696940"," -0,5023070",64,2019,80.0,1.0,2.0,3.0,2159993,9.0,2,4,1,5.0,,0.0,0,1999.0,B01,138Â 291Â 726,1.0,-1.0,-1.0,1649246,2.0,7,,0.0,2.0,3.0,B01,138Â 291Â 726,0.0
966337,201900007868,2,11,13:35,1,1,1,1.0,1.0,64548,D49,M,"43,4696940"," -0,5023070",64,2019,80.0,1.0,2.0,3.0,2159993,9.0,2,4,1,5.0,,0.0,0,1999.0,B01,138Â 291Â 726,1.0,-1.0,-1.0,1649247,1.0,7,,0.0,2.0,3.0,A01,138Â 291Â 727,0.0
966337,201900007868,2,11,13:35,1,1,1,1.0,1.0,64548,D49,M,"43,4696940"," -0,5023070",64,2019,80.0,1.0,2.0,3.0,2159994,1.0,1,3,1,5.0,,0.0,0,1933.0,B01,138Â 291Â 726,1.0,-1.0,-1.0,1649246,2.0,7,,0.0,2.0,3.0,B01,138Â 291Â 726,0.0
966337,201900007868,2,11,13:35,1,1,1,1.0,1.0,64548,D49,M,"43,4696940"," -0,5023070",64,2019,80.0,1.0,2.0,3.0,2159994,1.0,1,3,1,5.0,,0.0,0,1933.0,B01,138Â 291Â 726,1.0,-1.0,-1.0,1649247,1.0,7,,0.0,2.0,3.0,A01,138Â 291Â 727,0.0
966337,201900007868,2,11,13:35,1,1,1,1.0,1.0,64548,D49,M,"43,4696940"," -0,5023070",64,2019,80.0,1.0,2.0,3.0,2159995,1.0,1,1,1,4.0,,0.0,0,1998.0,A01,138Â 291Â 727,1.0,-1.0,-1.0,1649246,2.0,7,,0.0,2.0,3.0,B01,138Â 291Â 726,0.0
966337,201900007868,2,11,13:35,1,1,1,1.0,1.0,64548,D49,M,"43,4696940"," -0,5023070",64,2019,80.0,1.0,2.0,3.0,2159995,1.0,1,1,1,4.0,,0.0,0,1998.0,A01,138Â 291Â 727,1.0,-1.0,-1.0,1649247,1.0,7,,0.0,2.0,3.0,A01,138Â 291Â 727,0.0
966338,201900007869,2,7,17:55,3,1,1,1.0,6.0,21002,A38 - PR 18,M,"47,3026880","4,7660580",21,2019,130.0,3.0,1.0,1.0,2159996,1.0,1,3,2,5.0,,0.0,0,1931.0,A01,138Â 291Â 725,1.0,-1.0,-1.0,1649248,1.0,7,,2.0,0.0,9.0,A01,138Â 291Â 725,1.0
966339,201900007870,2,7,17:35,1,1,3,1.0,3.0,35012,la roche signolet,M,"47,8227450"," -1,7192020",35,2019,80.0,1.0,1.0,3.0,2159997,1.0,1,1,1,4.0,,0.0,0,1987.0,A01,138Â 291Â 723,1.0,-1.0,-1.0,1649249,1.0,38,4.0,0.0,2.0,7.0,A01,138Â 291Â 723,1.0
966339,201900007870,2,7,17:35,1,1,3,1.0,3.0,35012,la roche signolet,M,"47,8227450"," -1,7192020",35,2019,80.0,1.0,1.0,3.0,2159997,1.0,1,1,1,4.0,,0.0,0,1987.0,A01,138Â 291Â 723,1.0,-1.0,-1.0,1649250,3.0,21,,0.0,2.0,3.0,B01,138Â 291Â 724,1.0
966339,201900007870,2,7,17:35,1,1,3,1.0,3.0,35012,la roche signolet,M,"47,8227450"," -1,7192020",35,2019,80.0,1.0,1.0,3.0,2159998,3.0,2,4,1,2.0,,0.0,0,2005.0,A01,138Â 291Â 723,8.0,-1.0,-1.0,1649249,1.0,38,4.0,0.0,2.0,7.0,A01,138Â 291Â 723,1.0
966339,201900007870,2,7,17:35,1,1,3,1.0,3.0,35012,la roche signolet,M,"47,8227450"," -1,7192020",35,2019,80.0,1.0,1.0,3.0,2159998,3.0,2,4,1,2.0,,0.0,0,2005.0,A01,138Â 291Â 723,8.0,-1.0,-1.0,1649250,3.0,21,,0.0,2.0,3.0,B01,138Â 291Â 724,1.0
966339,201900007870,2,7,17:35,1,1,3,1.0,3.0,35012,la roche signolet,M,"47,8227450"," -1,7192020",35,2019,80.0,1.0,1.0,3.0,2159999,3.0,2,4,2,2.0,,0.0,0,2003.0,A01,138Â 291Â 723,8.0,-1.0,-1.0,1649249,1.0,38,4.0,0.0,2.0,7.0,A01,138Â 291Â 723,1.0
966339,201900007870,2,7,17:35,1,1,3,1.0,3.0,35012,la roche signolet,M,"47,8227450"," -1,7192020",35,2019,80.0,1.0,1.0,3.0,2159999,3.0,2,4,2,2.0,,0.0,0,2003.0,A01,138Â 291Â 723,8.0,-1.0,-1.0,1649250,3.0,21,,0.0,2.0,3.0,B01,138Â 291Â 724,1.0
966339,201900007870,2,7,17:35,1,1,3,1.0,3.0,35012,la roche signolet,M,"47,8227450"," -1,7192020",35,2019,80.0,1.0,1.0,3.0,2160000,3.0,2,4,2,2.0,,0.0,0,2002.0,A01,138Â 291Â 723,8.0,-1.0,-1.0,1649249,1.0,38,4.0,0.0,2.0,7.0,A01,138Â 291Â 723,1.0
966339,201900007870,2,7,17:35,1,1,3,1.0,3.0,35012,la roche signolet,M,"47,8227450"," -1,7192020",35,2019,80.0,1.0,1.0,3.0,2160000,3.0,2,4,2,2.0,,0.0,0,2002.0,A01,138Â 291Â 723,8.0,-1.0,-1.0,1649250,3.0,21,,0.0,2.0,3.0,B01,138Â 291Â 724,1.0
966339,201900007870,2,7,17:35,1,1,3,1.0,3.0,35012,la roche signolet,M,"47,8227450"," -1,7192020",35,2019,80.0,1.0,1.0,3.0,2160001,1.0,1,1,1,4.0,,0.0,0,1976.0,B01,138Â 291Â 724,8.0,-1.0,-1.0,1649249,1.0,38,4.0,0.0,2.0,7.0,A01,138Â 291Â 723,1.0
966339,201900007870,2,7,17:35,1,1,3,1.0,3.0,35012,la roche signolet,M,"47,8227450"," -1,7192020",35,2019,80.0,1.0,1.0,3.0,2160001,1.0,1,1,1,4.0,,0.0,0,1976.0,B01,138Â 291Â 724,8.0,-1.0,-1.0,1649250,3.0,21,,0.0,2.0,3.0,B01,138Â 291Â 724,1.0
966340,201900007871,2,11,16:45,1,2,1,1.0,6.0,97410,144 route Nationale 2 - Ste Anne,M," -21,0800440","55,7447150",974,2019,50.0,8.0,1.0,6.0,2160002,1.0,1,1,2,0.0,,0.0,0,1962.0,A01,138Â 291Â 722,1.0,-1.0,-1.0,1649251,3.0,7,,0.0,1.0,4.0,A01,138Â 291Â 722,1.0
966340,201900007871,2,11,16:45,1,2,1,1.0,6.0,97410,144 route Nationale 2 - Ste Anne,M," -21,0800440","55,7447150",974,2019,50.0,8.0,1.0,6.0,2160003,10.0,3,3,2,0.0,,5.0,1,1947.0,A01,138Â 291Â 722,0.0,-1.0,-1.0,1649251,3.0,7,,0.0,1.0,4.0,A01,138Â 291Â 722,1.0
966341,201900007872,2,8,18:30,5,2,1,1.0,6.0,01033,65 rue de la RÃ©publique,M,"46,1065350","5,8233350",1,2019,50.0,1.0,1.0,4.0,2160004,10.0,3,3,1,5.0,,2.0,3,1954.0,A01,138Â 291Â 721,0.0,-1.0,-1.0,1649252,3.0,7,,0.0,1.0,1.0,A01,138Â 291Â 721,1.0
966341,201900007872,2,8,18:30,5,2,1,1.0,6.0,01033,65 rue de la RÃ©publique,M,"46,1065350","5,8233350",1,2019,50.0,1.0,1.0,4.0,2160005,1.0,1,1,1,0.0,,0.0,0,1948.0,A01,138Â 291Â 721,1.0,-1.0,-1.0,1649252,3.0,7,,0.0,1.0,1.0,A01,138Â 291Â 721,1.0
966342,201900007873,2,11,10:10,1,1,1,1.0,6.0,83019,RD 98,M,"43,2005200","6,4119680",83,2019,80.0,3.0,1.0,3.0,2160006,1.0,1,3,1,5.0,,0.0,0,1929.0,A01,138Â 291Â 720,1.0,5.0,-1.0,1649253,1.0,7,,2.0,0.0,1.0,A01,138Â 291Â 720,1.0