Unnamed: 0_x,num_acc,mois,jour,hrmn,lum,agg,int,atm,col,com,adr,gps,lat,long,dep,annee,vma,situ,surf,catr,Unnamed: 0_y,place,catu,grav,sexe,trajet,secu,locp,actp,an_nais,num_veh_x,id_vehicule_x,secu1,secu2,secu3,Unnamed: 0,senc,catv,occutc,obs,obsm,choc,num_veh_y,id_vehicule_y,motor
966343,201900007874,2,10,15:00,1,2,1,1.0,3.0,97801,route de l'espÃ©rance,M,"18,1027830"," -63,0478020",978,2019,50.0,1.0,1.0,4.0,2160007,1.0,1,3,1,0.0,,0.0,0,1986.0,B01,138Â 291Â 713,2.0,-1.0,-1.0,1649254,0.0,2,,0.0,2.0,1.0,B01,138Â 291Â 713,1.0
966343,201900007874,2,10,15:00,1,2,1,1.0,3.0,97801,route de l'espÃ©rance,M,"18,1027830"," -63,0478020",978,2019,50.0,1.0,1.0,4.0,2160007,1.0,1,3,1,0.0,,0.0,0,1986.0,B01,138Â 291Â 713,2.0,-1.0,-1.0,1649255,3.0,7,,0.0,0.0,2.0,A01,138Â 291Â 714,1.0
966343,201900007874,2,10,15:00,1,2,1,1.0,3.0,97801,route de l'espÃ©rance,M,"18,1027830"," -63,0478020",978,2019,50.0,1.0,1.0,4.0,2160008,1.0,1,1,2,5.0,,0.0,0,1987.0,A01,138Â 291Â 714,8.0,-1.0,-1.0,1649254,0.0,2,,0.0,2.0,1.0,B01,138Â 291Â 713,1.0
966343,201900007874,2,10,15:00,1,2,1,1.0,3.0,97801,route de l'espÃ©rance,M,"18,1027830"," -63,0478020",978,2019,50.0,1.0,1.0,4.0,2160008,1.0,1,1,2,5.0,,0.0,0,1987.0,A01,138Â 291Â 714,8.0,-1.0,-1.0,1649255,3.0,7,,0.0,0.0,2.0,A01,138Â 291Â 714,1.0
966344,201900007875,2,9,12:03,1,1,1,1.0,6.0,44113,N 137,M,"47,5711530"," -1,6323950",44,2019,110.0,3.0,2.0,2.0,2160009,2.0,2,4,2,5.0,,0.0,0,2004.0,A01,138Â 291Â 712,1.0,-1.0,-1.0,1649256,2.0,7,,2.0,0.0,1.0,A01,138Â 291Â 712,1.0
966344,201900007875,2,9,12:03,1,1,1,1.0,6.0,44113,N 137,M,"47,5711530"," -1,6323950",44,2019,110.0,3.0,2.0,2.0,2160010,1.0,1,4,2,5.0,,0.0,0,1971.0,A01,138Â 291Â 712,1.0,-1.0,-1.0,1649256,2.0,7,,2.0,0.0,1.0,A01,138Â 291Â 712,1.0
966345,201900007876,1,31,07:30,2,2,1,1.0,5.0,34123,N109 - PR 7+200,M,"43,6273960","3,7830270",34,2019,90.0,1.0,1.0,2.0,2160011,1.0,1,1,1,4.0,,0.0,0,1980.0,A01,138Â 291Â 709,8.0,-1.0,-1.0,1649257,2.0,10,,0.0,2.0,1.0,A01,138Â 291Â 709,1.0
966345,201900007876,1,31,07:30,2,2,1,1.0,5.0,34123,N109 - PR 7+200,M,"43,6273960","3,7830270",34,2019,90.0,1.0,1.0,2.0,2160011,1.0,1,1,1,4.0,,0.0,0,1980.0,A01,138Â 291Â 709,8.0,-1.0,-1.0,1649258,2.0,7,,0.0,0.0,4.0,C01,138Â 291Â 710,1.0
966345,201900007876,1,31,07:30,2,2,1,1.0,5.0,34123,N109 - PR 7+200,M,"43,6273960","3,7830270",34,2019,90.0,1.0,1.0,2.0,2160011,1.0,1,1,1,4.0,,0.0,0,1980.0,A01,138Â 291Â 709,8.0,-1.0,-1.0,1649259,2.0,7,,0.0,2.0,4.0,B01,138Â 291Â 711,1.0
966345,201900007876,1,31,07:30,2,2,1,1.0,5.0,34123,N109 - PR 7+200,M,"43,6273960","3,7830270",34,2019,90.0,1.0,1.0,2.0,2160012,1.0,1,1,2,0.0,,0.0,0,1981.0,C01,138Â 291Â 710,8.0,-1.0,-1.0,1649257,2.0,10,,0.0,2.0,1.0,A01,138Â 291Â 709,1.0
966345,201900007876,1,31,07:30,2,2,1,1.0,5.0,34123,N109 - PR 7+200,M,"43,6273960","3,7830270",34,2019,90.0,1.0,1.0,2.0,2160012,1.0,1,1,2,0.0,,0.0,0,1981.0,C01,138Â 291Â 710,8.0,-1.0,-1.0,1649258,2.0,7,,0.0,0.0,4.0,C01,138Â 291Â 710,1.0
966345,201900007876,1,31,07:30,2,2,1,1.0,5.0,34123,N109 - PR 7+200,M,"43,6273960","3,7830270",34,2019,90.0,1.0,1.0,2.0,2160012,1.0,1,1,2,0.0,,0.0,0,1981.0,C01,138Â 291Â 710,8.0,-1.0,-1.0,1649259,2.0,7,,0.0,2.0,4.0,B01,138Â 291Â 711,1.0
966345,201900007876,1,31,07:30,2,2,1,1.0,5.0,34123,N109 - PR 7+200,M,"43,6273960","3,7830270",34,2019,90.0,1.0,1.0,2.0,2160013,1.0,1,4,2,2.0,,0.0,0,1998.0,B01,138Â 291Â 711,8.0,-1.0,-1.0,1649257,2.0,10,,0.0,2.0,1.0,A01,138Â 291Â 709,1.0
966345,201900007876,1,31,07:30,2,2,1,1.0,5.0,34123,N109 - PR 7+200,M,"43,6273960","3,7830270",34,2019,90.0,1.0,1.0,2.0,2160013,1.0,1,4,2,2.0,,0.0,0,1998.0,B01,138Â 291Â 711,8.0,-1.0,-1.0,1649258,2.0,7,,0.0,0.0,4.0,C01,138Â 291Â 710,1.0
966345,201900007876,1,31,07:30,2,2,1,1.0,5.0,34123,N109 - PR 7+200,M,"43,6273960","3,7830270",34,2019,90.0,1.0,1.0,2.0,2160013,1.0,1,4,2,2.0,,0.0,0,1998.0,B01,138Â 291Â 711,8.0,-1.0,-1.0,1649259,2.0,7,,0.0,2.0,4.0,B01,138Â 291Â 711,1.0
966346,201900007877,2,8,10:10,1,1,1,1.0,1.0,30312,D980,M,"44,0337712","4,7943839",30,2019,80.0,1.0,1.0,3.0,2160014,1.0,1,1,1,4.0,,0.0,0,1989.0,A01,138Â 291Â 706,8.0,-1.0,-1.0,1649260,2.0,10,,0.0,2.0,2.0,A01,138Â 291Â 706,1.0
966346,201900007877,2,8,10:10,1,1,1,1.0,1.0,30312,D980,M,"44,0337712","4,7943839",30,2019,80.0,1.0,1.0,3.0,2160014,1.0,1,1,1,4.0,,0.0,0,1989.0,A01,138Â 291Â 706,8.0,-1.0,-1.0,1649261,1.0,33,,0.0,2.0,1.0,B01,138Â 291Â 707,1.0
966346,201900007877,2,8,10:10,1,1,1,1.0,1.0,30312,D980,M,"44,0337712","4,7943839",30,2019,80.0,1.0,1.0,3.0,2160015,1.0,1,3,1,3.0,,0.0,0,1950.0,B01,138Â 291Â 707,2.0,-1.0,-1.0,1649260,2.0,10,,0.0,2.0,2.0,A01,138Â 291Â 706,1.0
966346,201900007877,2,8,10:10,1,1,1,1.0,1.0,30312,D980,M,"44,0337712","4,7943839",30,2019,80.0,1.0,1.0,3.0,2160015,1.0,1,3,1,3.0,,0.0,0,1950.0,B01,138Â 291Â 707,2.0,-1.0,-1.0,1649261,1.0,33,,0.0,2.0,1.0,B01,138Â 291Â 707,1.0
966347,201900007878,2,9,17:10,1,1,1,1.0,6.0,30295,route de Jol D125,M,"44,0493330","4,4246860",30,2019,70.0,1.0,1.0,3.0,2160016,1.0,1,2,1,0.0,,0.0,0,1981.0,A01,138Â 291Â 705,1.0,-1.0,-1.0,1649262,2.0,7,,8.0,0.0,9.0,A01,138Â 291Â 705,1.0
966348,201900007879,2,11,10:00,1,1,2,1.0,3.0,22239,D 766 / D 90,M,"48,3423970"," -2,1044960",22,2019,80.0,1.0,1.0,3.0,2160017,1.0,1,1,1,4.0,,0.0,0,1960.0,A01,138Â 291Â 703,1.0,-1.0,-1.0,1649263,2.0,13,,0.0,2.0,2.0,A01,138Â 291Â 703,1.0
966348,201900007879,2,11,10:00,1,1,2,1.0,3.0,22239,D 766 / D 90,M,"48,3423970"," -2,1044960",22,2019,80.0,1.0,1.0,3.0,2160017,1.0,1,1,1,4.0,,0.0,0,1960.0,A01,138Â 291Â 703,1.0,-1.0,-1.0,1649264,1.0,7,,0.0,0.0,8.0,B01,138Â 291Â 704,1.0
966348,201900007879,2,11,10:00,1,1,2,1.0,3.0,22239,D 766 / D 90,M,"48,3423970"," -2,1044960",22,2019,80.0,1.0,1.0,3.0,2160018,1.0,1,3,1,5.0,,0.0,0,1957.0,B01,138Â 291Â 704,1.0,-1.0,-1.0,1649263,2.0,13,,0.0,2.0,2.0,A01,138Â 291Â 703,1.0
966348,201900007879,2,11,10:00,1,1,2,1.0,3.0,22239,D 766 / D 90,M,"48,3423970"," -2,1044960",22,2019,80.0,1.0,1.0,3.0,2160018,1.0,1,3,1,5.0,,0.0,0,1957.0,B01,138Â 291Â 704,1.0,-1.0,-1.0,1649264,1.0,7,,0.0,0.0,8.0,B01,138Â 291Â 704,1.0
966349,201900007880,2,9,17:50,3,1,1,3.0,7.0,22348,D19,M,"48,3560450"," -2,2224490",22,2019,80.0,3.0,2.0,3.0,2160019,1.0,1,3,1,5.0,,0.0,0,2000.0,A01,138Â 291Â 702,1.0,-1.0,-1.0,1649265,3.0,7,,0.0,0.0,9.0,A01,138Â 291Â 702,1.0
966350,201900007881,2,11,18:20,3,1,1,1.0,1.0,62805,RD 77,M,"50,4529490","2,3633260",62,2019,80.0,1.0,1.0,3.0,2160020,1.0,1,3,2,5.0,,0.0,0,1941.0,A01,138Â 291Â 698,1.0,-1.0,-1.0,1649266,2.0,7,,0.0,2.0,3.0,A01,138Â 291Â 698,6.0
966350,201900007881,2,11,18:20,3,1,1,1.0,1.0,62805,RD 77,M,"50,4529490","2,3633260",62,2019,80.0,1.0,1.0,3.0,2160020,1.0,1,3,2,5.0,,0.0,0,1941.0,A01,138Â 291Â 698,1.0,-1.0,-1.0,1649267,1.0,7,,0.0,2.0,3.0,B01,138Â 291Â 699,1.0
966350,201900007881,2,11,18:20,3,1,1,1.0,1.0,62805,RD 77,M,"50,4529490","2,3633260",62,2019,80.0,1.0,1.0,3.0,2160021,1.0,1,4,1,1.0,,0.0,0,1995.0,B01,138Â 291Â 699,1.0,-1.0,-1.0,1649266,2.0,7,,0.0,2.0,3.0,A01,138Â 291Â 698,6.0
966350,201900007881,2,11,18:20,3,1,1,1.0,1.0,62805,RD 77,M,"50,4529490","2,3633260",62,2019,80.0,1.0,1.0,3.0,2160021,1.0,1,4,1,1.0,,0.0,0,1995.0,B01,138Â 291Â 699,1.0,-1.0,-1.0,1649267,1.0,7,,0.0,2.0,3.0,B01,138Â 291Â 699,1.0
966351,201900007882,2,6,03:30,3,1,1,1.0,6.0,30092,RD 6086,M,"44,0894503","4,5960786",30,2019,80.0,1.0,1.0,3.0,2160022,1.0,1,3,2,1.0,,0.0,0,1966.0,A01,138Â 291Â 697,1.0,-1.0,-1.0,1649268,1.0,7,,14.0,0.0,1.0,A01,138Â 291Â 697,1.0
966352,201900007883,2,6,14:50,1,2,3,1.0,1.0,34095,RD 613 intersection D5E7,M,"43,5233510","3,7358240",34,2019,80.0,1.0,1.0,3.0,2160023,1.0,1,4,2,5.0,,0.0,0,1993.0,B01,138Â 291Â 694,1.0,-1.0,-1.0,1649269,1.0,7,,0.0,2.0,1.0,B01,138Â 291Â 694,1.0
966352,201900007883,2,6,14:50,1,2,3,1.0,1.0,34095,RD 613 intersection D5E7,M,"43,5233510","3,7358240",34,2019,80.0,1.0,1.0,3.0,2160023,1.0,1,4,2,5.0,,0.0,0,1993.0,B01,138Â 291Â 694,1.0,-1.0,-1.0,1649270,2.0,10,,0.0,2.0,2.0,A01,138Â 291Â 695,1.0
966352,201900007883,2,6,14:50,1,2,3,1.0,1.0,34095,RD 613 intersection D5E7,M,"43,5233510","3,7358240",34,2019,80.0,1.0,1.0,3.0,2160024,9.0,2,4,1,5.0,,0.0,0,2018.0,B01,138Â 291Â 694,1.0,-1.0,-1.0,1649269,1.0,7,,0.0,2.0,1.0,B01,138Â 291Â 694,1.0
966352,201900007883,2,6,14:50,1,2,3,1.0,1.0,34095,RD 613 intersection D5E7,M,"43,5233510","3,7358240",34,2019,80.0,1.0,1.0,3.0,2160024,9.0,2,4,1,5.0,,0.0,0,2018.0,B01,138Â 291Â 694,1.0,-1.0,-1.0,1649270,2.0,10,,0.0,2.0,2.0,A01,138Â 291Â 695,1.0
966352,201900007883,2,6,14:50,1,2,3,1.0,1.0,34095,RD 613 intersection D5E7,M,"43,5233510","3,7358240",34,2019,80.0,1.0,1.0,3.0,2160025,8.0,2,4,1,5.0,,0.0,0,2011.0,B01,138Â 291Â 694,1.0,-1.0,-1.0,1649269,1.0,7,,0.0,2.0,1.0,B01,138Â 291Â 694,1.0
966352,201900007883,2,6,14:50,1,2,3,1.0,1.0,34095,RD 613 intersection D5E7,M,"43,5233510","3,7358240",34,2019,80.0,1.0,1.0,3.0,2160025,8.0,2,4,1,5.0,,0.0,0,2011.0,B01,138Â 291Â 694,1.0,-1.0,-1.0,1649270,2.0,10,,0.0,2.0,2.0,A01,138Â 291Â 695,1.0
966352,201900007883,2,6,14:50,1,2,3,1.0,1.0,34095,RD 613 intersection D5E7,M,"43,5233510","3,7358240",34,2019,80.0,1.0,1.0,3.0,2160026,1.0,1,1,1,1.0,,0.0,0,1979.0,A01,138Â 291Â 695,1.0,-1.0,-1.0,1649269,1.0,7,,0.0,2.0,1.0,B01,138Â 291Â 694,1.0
966352,201900007883,2,6,14:50,1,2,3,1.0,1.0,34095,RD 613 intersection D5E7,M,"43,5233510","3,7358240",34,2019,80.0,1.0,1.0,3.0,2160026,1.0,1,1,1,1.0,,0.0,0,1979.0,A01,138Â 291Â 695,1.0,-1.0,-1.0,1649270,2.0,10,,0.0,2.0,2.0,A01,138Â 291Â 695,1.0
966353,201900007884,2,8,21:00,3,1,1,3.0,5.0,61464,A28 PK 178+000,M,"48,5959900","0,1914230",61,2019,130.0,1.0,2.0,1.0,2160027,1.0,1,1,1,9.0,,0.0,0,1975.0,C01,138Â 291Â 691,1.0,-1.0,-1.0,1649271,1.0,7,,0.0,9.0,1.0,C01,138Â 291Â 691,1.0
966353,201900007884,2,8,21:00,3,1,1,3.0,5.0,61464,A28 PK 178+000,M,"48,5959900","0,1914230",61,2019,130.0,1.0,2.0,1.0,2160027,1.0,1,1,1,9.0,,0.0,0,1975.0,C01,138Â 291Â 691,1.0,-1.0,-1.0,1649272,1.0,7,,0.0,2.0,1.0,B01,138Â 291Â 692,1.0
966353,201900007884,2,8,21:00,3,1,1,3.0,5.0,61464,A28 PK 178+000,M,"48,5959900","0,1914230",61,2019,130.0,1.0,2.0,1.0,2160027,1.0,1,1,1,9.0,,0.0,0,1975.0,C01,138Â 291Â 691,1.0,-1.0,-1.0,1649273,1.0,10,,3.0,0.0,1.0,A01,138Â 291Â 693,1.0
966353,201900007884,2,8,21:00,3,1,1,3.0,5.0,61464,A28 PK 178+000,M,"48,5959900","0,1914230",61,2019,130.0,1.0,2.0,1.0,2160028,7.0,2,1,1,9.0,,0.0,0,2016.0,C01,138Â 291Â 691,3.0,-1.0,-1.0,1649271,1.0,7,,0.0,9.0,1.0,C01,138Â 291Â 691,1.0
966353,201900007884,2,8,21:00,3,1,1,3.0,5.0,61464,A28 PK 178+000,M,"48,5959900","0,1914230",61,2019,130.0,1.0,2.0,1.0,2160028,7.0,2,1,1,9.0,,0.0,0,2016.0,C01,138Â 291Â 691,3.0,-1.0,-1.0,1649272,1.0,7,,0.0,2.0,1.0,B01,138Â 291Â 692,1.0
966353,201900007884,2,8,21:00,3,1,1,3.0,5.0,61464,A28 PK 178+000,M,"48,5959900","0,1914230",61,2019,130.0,1.0,2.0,1.0,2160028,7.0,2,1,1,9.0,,0.0,0,2016.0,C01,138Â 291Â 691,3.0,-1.0,-1.0,1649273,1.0,10,,3.0,0.0,1.0,A01,138Â 291Â 693,1.0
966353,201900007884,2,8,21:00,3,1,1,3.0,5.0,61464,A28 PK 178+000,M,"48,5959900","0,1914230",61,2019,130.0,1.0,2.0,1.0,2160029,2.0,2,1,2,9.0,,0.0,0,1981.0,C01,138Â 291Â 691,1.0,-1.0,-1.0,1649271,1.0,7,,0.0,9.0,1.0,C01,138Â 291Â 691,1.0
966353,201900007884,2,8,21:00,3,1,1,3.0,5.0,61464,A28 PK 178+000,M,"48,5959900","0,1914230",61,2019,130.0,1.0,2.0,1.0,2160029,2.0,2,1,2,9.0,,0.0,0,1981.0,C01,138Â 291Â 691,1.0,-1.0,-1.0,1649272,1.0,7,,0.0,2.0,1.0,B01,138Â 291Â 692,1.0
966353,201900007884,2,8,21:00,3,1,1,3.0,5.0,61464,A28 PK 178+000,M,"48,5959900","0,1914230",61,2019,130.0,1.0,2.0,1.0,2160029,2.0,2,1,2,9.0,,0.0,0,1981.0,C01,138Â 291Â 691,1.0,-1.0,-1.0,1649273,1.0,10,,3.0,0.0,1.0,A01,138Â 291Â 693,1.0
966353,201900007884,2,8,21:00,3,1,1,3.0,5.0,61464,A28 PK 178+000,M,"48,5959900","0,1914230",61,2019,130.0,1.0,2.0,1.0,2160030,9.0,2,1,2,9.0,,0.0,0,2015.0,C01,138Â 291Â 691,3.0,-1.0,-1.0,1649271,1.0,7,,0.0,9.0,1.0,C01,138Â 291Â 691,1.0
966353,201900007884,2,8,21:00,3,1,1,3.0,5.0,61464,A28 PK 178+000,M,"48,5959900","0,1914230",61,2019,130.0,1.0,2.0,1.0,2160030,9.0,2,1,2,9.0,,0.0,0,2015.0,C01,138Â 291Â 691,3.0,-1.0,-1.0,1649272,1.0,7,,0.0,2.0,1.0,B01,138Â 291Â 692,1.0
966353,201900007884,2,8,21:00,3,1,1,3.0,5.0,61464,A28 PK 178+000,M,"48,5959900","0,1914230",61,2019,130.0,1.0,2.0,1.0,2160030,9.0,2,1,2,9.0,,0.0,0,2015.0,C01,138Â 291Â 691,3.0,-1.0,-1.0,1649273,1.0,10,,3.0,0.0,1.0,A01,138Â 291Â 693,1.0
966353,201900007884,2,8,21:00,3,1,1,3.0,5.0,61464,A28 PK 178+000,M,"48,5959900","0,1914230",61,2019,130.0,1.0,2.0,1.0,2160031,1.0,1,4,1,9.0,,0.0,0,1986.0,B01,138Â 291Â 692,1.0,-1.0,-1.0,1649271,1.0,7,,0.0,9.0,1.0,C01,138Â 291Â 691,1.0
966353,201900007884,2,8,21:00,3,1,1,3.0,5.0,61464,A28 PK 178+000,M,"48,5959900","0,1914230",61,2019,130.0,1.0,2.0,1.0,2160031,1.0,1,4,1,9.0,,0.0,0,1986.0,B01,138Â 291Â 692,1.0,-1.0,-1.0,1649272,1.0,7,,0.0,2.0,1.0,B01,138Â 291Â 692,1.0
966353,201900007884,2,8,21:00,3,1,1,3.0,5.0,61464,A28 PK 178+000,M,"48,5959900","0,1914230",61,2019,130.0,1.0,2.0,1.0,2160031,1.0,1,4,1,9.0,,0.0,0,1986.0,B01,138Â 291Â 692,1.0,-1.0,-1.0,1649273,1.0,10,,3.0,0.0,1.0,A01,138Â 291Â 693,1.0
966353,201900007884,2,8,21:00,3,1,1,3.0,5.0,61464,A28 PK 178+000,M,"48,5959900","0,1914230",61,2019,130.0,1.0,2.0,1.0,2160032,2.0,2,4,2,9.0,,0.0,0,1992.0,B01,138Â 291Â 692,1.0,-1.0,-1.0,1649271,1.0,7,,0.0,9.0,1.0,C01,138Â 291Â 691,1.0
966353,201900007884,2,8,21:00,3,1,1,3.0,5.0,61464,A28 PK 178+000,M,"48,5959900","0,1914230",61,2019,130.0,1.0,2.0,1.0,2160032,2.0,2,4,2,9.0,,0.0,0,1992.0,B01,138Â 291Â 692,1.0,-1.0,-1.0,1649272,1.0,7,,0.0,2.0,1.0,B01,138Â 291Â 692,1.0
966353,201900007884,2,8,21:00,3,1,1,3.0,5.0,61464,A28 PK 178+000,M,"48,5959900","0,1914230",61,2019,130.0,1.0,2.0,1.0,2160032,2.0,2,4,2,9.0,,0.0,0,1992.0,B01,138Â 291Â 692,1.0,-1.0,-1.0,1649273,1.0,10,,3.0,0.0,1.0,A01,138Â 291Â 693,1.0
966353,201900007884,2,8,21:00,3,1,1,3.0,5.0,61464,A28 PK 178+000,M,"48,5959900","0,1914230",61,2019,130.0,1.0,2.0,1.0,2160033,9.0,2,1,2,9.0,,0.0,0,2018.0,B01,138Â 291Â 692,3.0,-1.0,-1.0,1649271,1.0,7,,0.0,9.0,1.0,C01,138Â 291Â 691,1.0
966353,201900007884,2,8,21:00,3,1,1,3.0,5.0,61464,A28 PK 178+000,M,"48,5959900","0,1914230",61,2019,130.0,1.0,2.0,1.0,2160033,9.0,2,1,2,9.0,,0.0,0,2018.0,B01,138Â 291Â 692,3.0,-1.0,-1.0,1649272,1.0,7,,0.0,2.0,1.0,B01,138Â 291Â 692,1.0
966353,201900007884,2,8,21:00,3,1,1,3.0,5.0,61464,A28 PK 178+000,M,"48,5959900","0,1914230",61,2019,130.0,1.0,2.0,1.0,2160033,9.0,2,1,2,9.0,,0.0,0,2018.0,B01,138Â 291Â 692,3.0,-1.0,-1.0,1649273,1.0,10,,3.0,0.0,1.0,A01,138Â 291Â 693,1.0
966353,201900007884,2,8,21:00,3,1,1,3.0,5.0,61464,A28 PK 178+000,M,"48,5959900","0,1914230",61,2019,130.0,1.0,2.0,1.0,2160034,1.0,1,1,1,0.0,,0.0,0,1973.0,A01,138Â 291Â 693,1.0,-1.0,-1.0,1649271,1.0,7,,0.0,9.0,1.0,C01,138Â 291Â 691,1.0
966353,201900007884,2,8,21:00,3,1,1,3.0,5.0,61464,A28 PK 178+000,M,"48,5959900","0,1914230",61,2019,130.0,1.0,2.0,1.0,2160034,1.0,1,1,1,0.0,,0.0,0,1973.0,A01,138Â 291Â 693,1.0,-1.0,-1.0,1649272,1.0,7,,0.0,2.0,1.0,B01,138Â 291Â 692,1.0
966353,201900007884,2,8,21:00,3,1,1,3.0,5.0,61464,A28 PK 178+000,M,"48,5959900","0,1914230",61,2019,130.0,1.0,2.0,1.0,2160034,1.0,1,1,1,0.0,,0.0,0,1973.0,A01,138Â 291Â 693,1.0,-1.0,-1.0,1649273,1.0,10,,3.0,0.0,1.0,A01,138Â 291Â 693,1.0
966354,201900007885,2,10,16:30,1,1,1,4.0,1.0,27547,A 28 sens 1 PK 232.100,M,"49,0324880","0,4427620",27,2019,130.0,1.0,2.0,1.0,2160035,2.0,2,4,2,5.0,,0.0,0,1958.0,B01,138Â 291Â 689,1.0,-1.0,-1.0,1649274,2.0,7,,16.0,2.0,2.0,B01,138Â 291Â 689,1.0
966354,201900007885,2,10,16:30,1,1,1,4.0,1.0,27547,A 28 sens 1 PK 232.100,M,"49,0324880","0,4427620",27,2019,130.0,1.0,2.0,1.0,2160035,2.0,2,4,2,5.0,,0.0,0,1958.0,B01,138Â 291Â 689,1.0,-1.0,-1.0,1649275,2.0,7,,15.0,0.0,1.0,A01,138Â 291Â 690,1.0
966354,201900007885,2,10,16:30,1,1,1,4.0,1.0,27547,A 28 sens 1 PK 232.100,M,"49,0324880","0,4427620",27,2019,130.0,1.0,2.0,1.0,2160036,1.0,1,1,1,5.0,,0.0,0,1962.0,B01,138Â 291Â 689,1.0,-1.0,-1.0,1649274,2.0,7,,16.0,2.0,2.0,B01,138Â 291Â 689,1.0
966354,201900007885,2,10,16:30,1,1,1,4.0,1.0,27547,A 28 sens 1 PK 232.100,M,"49,0324880","0,4427620",27,2019,130.0,1.0,2.0,1.0,2160036,1.0,1,1,1,5.0,,0.0,0,1962.0,B01,138Â 291Â 689,1.0,-1.0,-1.0,1649275,2.0,7,,15.0,0.0,1.0,A01,138Â 291Â 690,1.0
966354,201900007885,2,10,16:30,1,1,1,4.0,1.0,27547,A 28 sens 1 PK 232.100,M,"49,0324880","0,4427620",27,2019,130.0,1.0,2.0,1.0,2160037,1.0,1,1,1,5.0,,0.0,0,1990.0,A01,138Â 291Â 690,1.0,-1.0,-1.0,1649274,2.0,7,,16.0,2.0,2.0,B01,138Â 291Â 689,1.0
966354,201900007885,2,10,16:30,1,1,1,4.0,1.0,27547,A 28 sens 1 PK 232.100,M,"49,0324880","0,4427620",27,2019,130.0,1.0,2.0,1.0,2160037,1.0,1,1,1,5.0,,0.0,0,1990.0,A01,138Â 291Â 690,1.0,-1.0,-1.0,1649275,2.0,7,,15.0,0.0,1.0,A01,138Â 291Â 690,1.0
966355,201900007886,2,8,23:57,3,1,1,6.0,7.0,27463,autoroute A28 - PK 251+100 Sens AlenÃ§on-Rouen,M,"49,1485680","0,6067020",27,2019,110.0,1.0,2.0,1.0,2160038,1.0,1,3,1,1.0,,0.0,0,1999.0,A01,138Â 291Â 688,1.0,-1.0,-1.0,1649276,1.0,7,,0.0,0.0,0.0,A01,138Â 291Â 688,1.0
966356,201900007887,2,8,16:50,1,1,1,1.0,2.0,83057, RD N7,M,"43,3745440","6,2002980",83,2019,80.0,1.0,1.0,3.0,2160039,1.0,1,1,1,1.0,,0.0,0,1980.0,A01,138Â 291Â 686,1.0,-1.0,-1.0,1649277,1.0,7,,0.0,2.0,1.0,A01,138Â 291Â 686,1.0
966356,201900007887,2,8,16:50,1,1,1,1.0,2.0,83057, RD N7,M,"43,3745440","6,2002980",83,2019,80.0,1.0,1.0,3.0,2160039,1.0,1,1,1,1.0,,0.0,0,1980.0,A01,138Â 291Â 686,1.0,-1.0,-1.0,1649278,1.0,7,,0.0,0.0,4.0,B01,138Â 291Â 687,1.0
966356,201900007887,2,8,16:50,1,1,1,1.0,2.0,83057, RD N7,M,"43,3745440","6,2002980",83,2019,80.0,1.0,1.0,3.0,2160040,1.0,1,1,1,5.0,,0.0,0,1942.0,B01,138Â 291Â 687,1.0,-1.0,-1.0,1649277,1.0,7,,0.0,2.0,1.0,A01,138Â 291Â 686,1.0
966356,201900007887,2,8,16:50,1,1,1,1.0,2.0,83057, RD N7,M,"43,3745440","6,2002980",83,2019,80.0,1.0,1.0,3.0,2160040,1.0,1,1,1,5.0,,0.0,0,1942.0,B01,138Â 291Â 687,1.0,-1.0,-1.0,1649278,1.0,7,,0.0,0.0,4.0,B01,138Â 291Â 687,1.0
966356,201900007887,2,8,16:50,1,1,1,1.0,2.0,83057, RD N7,M,"43,3745440","6,2002980",83,2019,80.0,1.0,1.0,3.0,2160041,2.0,2,4,2,5.0,,0.0,0,1936.0,B01,138Â 291Â 687,1.0,-1.0,-1.0,1649277,1.0,7,,0.0,2.0,1.0,A01,138Â 291Â 686,1.0
966356,201900007887,2,8,16:50,1,1,1,1.0,2.0,83057, RD N7,M,"43,3745440","6,2002980",83,2019,80.0,1.0,1.0,3.0,2160041,2.0,2,4,2,5.0,,0.0,0,1936.0,B01,138Â 291Â 687,1.0,-1.0,-1.0,1649278,1.0,7,,0.0,0.0,4.0,B01,138Â 291Â 687,1.0
966357,201900007888,2,12,02:30,3,1,1,9.0,1.0,57038,RD16,M,"49,4515020","5,9524320",57,2019,80.0,1.0,7.0,3.0,2160042,1.0,1,3,1,1.0,,0.0,0,1967.0,B01,138Â 291Â 684,1.0,-1.0,-1.0,1649279,1.0,7,,0.0,2.0,3.0,B01,138Â 291Â 684,1.0
966357,201900007888,2,12,02:30,3,1,1,9.0,1.0,57038,RD16,M,"49,4515020","5,9524320",57,2019,80.0,1.0,7.0,3.0,2160042,1.0,1,3,1,1.0,,0.0,0,1967.0,B01,138Â 291Â 684,1.0,-1.0,-1.0,1649280,2.0,7,,0.0,2.0,3.0,A01,138Â 291Â 685,1.0
966357,201900007888,2,12,02:30,3,1,1,9.0,1.0,57038,RD16,M,"49,4515020","5,9524320",57,2019,80.0,1.0,7.0,3.0,2160043,1.0,1,3,1,5.0,,0.0,0,1998.0,A01,138Â 291Â 685,1.0,-1.0,-1.0,1649279,1.0,7,,0.0,2.0,3.0,B01,138Â 291Â 684,1.0
966357,201900007888,2,12,02:30,3,1,1,9.0,1.0,57038,RD16,M,"49,4515020","5,9524320",57,2019,80.0,1.0,7.0,3.0,2160043,1.0,1,3,1,5.0,,0.0,0,1998.0,A01,138Â 291Â 685,1.0,-1.0,-1.0,1649280,2.0,7,,0.0,2.0,3.0,A01,138Â 291Â 685,1.0