Unnamed: 0_x,num_acc,mois,jour,hrmn,lum,agg,int,atm,col,com,adr,gps,lat,long,dep,annee,vma,situ,surf,catr,Unnamed: 0_y,place,catu,grav,sexe,trajet,secu,locp,actp,an_nais,num_veh_x,id_vehicule_x,secu1,secu2,secu3,Unnamed: 0,senc,catv,occutc,obs,obsm,choc,num_veh_y,id_vehicule_y,motor
966357,201900007888,2,12,02:30,3,1,1,9.0,1.0,57038,RD16,M,"49,4515020","5,9524320",57,2019,80.0,1.0,7.0,3.0,2160044,3.0,2,3,1,5.0,,0.0,0,1999.0,A01,138Â 291Â 685,1.0,-1.0,-1.0,1649279,1.0,7,,0.0,2.0,3.0,B01,138Â 291Â 684,1.0
966357,201900007888,2,12,02:30,3,1,1,9.0,1.0,57038,RD16,M,"49,4515020","5,9524320",57,2019,80.0,1.0,7.0,3.0,2160044,3.0,2,3,1,5.0,,0.0,0,1999.0,A01,138Â 291Â 685,1.0,-1.0,-1.0,1649280,2.0,7,,0.0,2.0,3.0,A01,138Â 291Â 685,1.0
966357,201900007888,2,12,02:30,3,1,1,9.0,1.0,57038,RD16,M,"49,4515020","5,9524320",57,2019,80.0,1.0,7.0,3.0,2160045,4.0,2,1,1,5.0,,0.0,0,1999.0,A01,138Â 291Â 685,1.0,-1.0,-1.0,1649279,1.0,7,,0.0,2.0,3.0,B01,138Â 291Â 684,1.0
966357,201900007888,2,12,02:30,3,1,1,9.0,1.0,57038,RD16,M,"49,4515020","5,9524320",57,2019,80.0,1.0,7.0,3.0,2160045,4.0,2,1,1,5.0,,0.0,0,1999.0,A01,138Â 291Â 685,1.0,-1.0,-1.0,1649280,2.0,7,,0.0,2.0,3.0,A01,138Â 291Â 685,1.0
966358,201900007889,2,5,16:54,1,2,1,7.0,6.0,57106,07 rue de sarrelouis,M,"49,2903290","6,5357980",57,2019,50.0,1.0,1.0,3.0,2160046,1.0,1,1,2,4.0,,0.0,0,1972.0,A01,138Â 291Â 683,1.0,-1.0,-1.0,1649281,1.0,37,1.0,0.0,1.0,1.0,A01,138Â 291Â 683,1.0
966358,201900007889,2,5,16:54,1,2,1,7.0,6.0,57106,07 rue de sarrelouis,M,"49,2903290","6,5357980",57,2019,50.0,1.0,1.0,3.0,2160047,10.0,3,3,2,3.0,,3.0,3,1956.0,A01,138Â 291Â 683,0.0,-1.0,-1.0,1649281,1.0,37,1.0,0.0,1.0,1.0,A01,138Â 291Â 683,1.0
966359,201900007890,2,8,13:00,1,1,3,1.0,5.0,51261,RD 74,M,"49,3190938","4,0731553",51,2019,80.0,1.0,1.0,3.0,2160048,1.0,1,1,2,0.0,,0.0,0,1990.0,B01,138Â 291Â 680,1.0,-1.0,-1.0,1649282,1.0,7,,0.0,2.0,1.0,B01,138Â 291Â 680,1.0
966359,201900007890,2,8,13:00,1,1,3,1.0,5.0,51261,RD 74,M,"49,3190938","4,0731553",51,2019,80.0,1.0,1.0,3.0,2160048,1.0,1,1,2,0.0,,0.0,0,1990.0,B01,138Â 291Â 680,1.0,-1.0,-1.0,1649283,2.0,7,,0.0,9.0,1.0,C01,138Â 291Â 681,1.0
966359,201900007890,2,8,13:00,1,1,3,1.0,5.0,51261,RD 74,M,"49,3190938","4,0731553",51,2019,80.0,1.0,1.0,3.0,2160048,1.0,1,1,2,0.0,,0.0,0,1990.0,B01,138Â 291Â 680,1.0,-1.0,-1.0,1649284,2.0,3,,0.0,2.0,2.0,A01,138Â 291Â 682,1.0
966359,201900007890,2,8,13:00,1,1,3,1.0,5.0,51261,RD 74,M,"49,3190938","4,0731553",51,2019,80.0,1.0,1.0,3.0,2160049,1.0,1,1,1,1.0,,0.0,0,1958.0,C01,138Â 291Â 681,1.0,-1.0,-1.0,1649282,1.0,7,,0.0,2.0,1.0,B01,138Â 291Â 680,1.0
966359,201900007890,2,8,13:00,1,1,3,1.0,5.0,51261,RD 74,M,"49,3190938","4,0731553",51,2019,80.0,1.0,1.0,3.0,2160049,1.0,1,1,1,1.0,,0.0,0,1958.0,C01,138Â 291Â 681,1.0,-1.0,-1.0,1649283,2.0,7,,0.0,9.0,1.0,C01,138Â 291Â 681,1.0
966359,201900007890,2,8,13:00,1,1,3,1.0,5.0,51261,RD 74,M,"49,3190938","4,0731553",51,2019,80.0,1.0,1.0,3.0,2160049,1.0,1,1,1,1.0,,0.0,0,1958.0,C01,138Â 291Â 681,1.0,-1.0,-1.0,1649284,2.0,3,,0.0,2.0,2.0,A01,138Â 291Â 682,1.0
966359,201900007890,2,8,13:00,1,1,3,1.0,5.0,51261,RD 74,M,"49,3190938","4,0731553",51,2019,80.0,1.0,1.0,3.0,2160050,1.0,1,3,1,1.0,,0.0,0,2000.0,A01,138Â 291Â 682,1.0,-1.0,-1.0,1649282,1.0,7,,0.0,2.0,1.0,B01,138Â 291Â 680,1.0
966359,201900007890,2,8,13:00,1,1,3,1.0,5.0,51261,RD 74,M,"49,3190938","4,0731553",51,2019,80.0,1.0,1.0,3.0,2160050,1.0,1,3,1,1.0,,0.0,0,2000.0,A01,138Â 291Â 682,1.0,-1.0,-1.0,1649283,2.0,7,,0.0,9.0,1.0,C01,138Â 291Â 681,1.0
966359,201900007890,2,8,13:00,1,1,3,1.0,5.0,51261,RD 74,M,"49,3190938","4,0731553",51,2019,80.0,1.0,1.0,3.0,2160050,1.0,1,3,1,1.0,,0.0,0,2000.0,A01,138Â 291Â 682,1.0,-1.0,-1.0,1649284,2.0,3,,0.0,2.0,2.0,A01,138Â 291Â 682,1.0
966360,201900007891,2,4,14:35,1,1,6,1.0,7.0,51200,RD 10,M,"49,0089617","3,9500705",51,2019,80.0,1.0,1.0,3.0,2160051,1.0,1,4,1,3.0,,0.0,0,1954.0,A01,138Â 291Â 679,2.0,-1.0,-1.0,1649285,2.0,2,,7.0,0.0,3.0,A01,138Â 291Â 679,1.0
966361,201900007892,2,9,08:50,1,2,1,1.0,6.0,59261,74 rue roland rouleau,M,"50,0574530","4,0822780",59,2019,50.0,1.0,2.0,3.0,2160052,10.0,3,3,2,5.0,,2.0,6,1956.0,A01,138Â 291Â 678,0.0,-1.0,-1.0,1649286,2.0,7,,0.0,1.0,2.0,A01,138Â 291Â 678,1.0
966361,201900007892,2,9,08:50,1,2,1,1.0,6.0,59261,74 rue roland rouleau,M,"50,0574530","4,0822780",59,2019,50.0,1.0,2.0,3.0,2160053,1.0,1,1,1,3.0,,0.0,0,1939.0,A01,138Â 291Â 678,1.0,-1.0,-1.0,1649286,2.0,7,,0.0,1.0,2.0,A01,138Â 291Â 678,1.0
966362,201900007893,2,8,17:00,1,1,1,3.0,6.0,56170,RD 790 Gornoec,M,"48,1374330"," -3,3996950",56,2019,80.0,3.0,2.0,3.0,2160054,1.0,1,3,1,0.0,,0.0,0,1939.0,A01,138Â 291Â 677,1.0,-1.0,-1.0,1649287,1.0,7,,13.0,0.0,3.0,A01,138Â 291Â 677,1.0
966363,201900007894,2,10,16:50,1,1,1,7.0,7.0,56010,Baud RN 24 PR73+344,M,"47,8850390"," -3,0391160",56,2019,110.0,3.0,2.0,2.0,2160055,2.0,2,3,1,5.0,,0.0,0,1985.0,A01,138Â 291Â 676,1.0,-1.0,-1.0,1649288,1.0,7,,0.0,0.0,1.0,A01,138Â 291Â 676,1.0
966363,201900007894,2,10,16:50,1,1,1,7.0,7.0,56010,Baud RN 24 PR73+344,M,"47,8850390"," -3,0391160",56,2019,110.0,3.0,2.0,2.0,2160056,1.0,1,4,2,5.0,,0.0,0,1995.0,A01,138Â 291Â 676,1.0,-1.0,-1.0,1649288,1.0,7,,0.0,0.0,1.0,A01,138Â 291Â 676,1.0
966364,201900007895,2,7,09:55,1,2,1,7.0,6.0,56178,RUE ALBERT DE MUN,M,"48,0521130"," -2,9593210",56,2019,50.0,1.0,2.0,4.0,2160057,1.0,1,1,1,1.0,,0.0,0,2000.0,A01,138Â 291Â 675,1.0,-1.0,-1.0,1649289,1.0,7,,0.0,1.0,3.0,A01,138Â 291Â 675,1.0
966364,201900007895,2,7,09:55,1,2,1,7.0,6.0,56178,RUE ALBERT DE MUN,M,"48,0521130"," -2,9593210",56,2019,50.0,1.0,2.0,4.0,2160058,10.0,3,3,1,3.0,,3.0,3,1973.0,A01,138Â 291Â 675,0.0,-1.0,-1.0,1649289,1.0,7,,0.0,1.0,3.0,A01,138Â 291Â 675,1.0
966365,201900007896,2,9,14:30,1,1,1,1.0,1.0,56036,RD 769 Kergohal,M,"47,8171950"," -3,3356690",56,2019,80.0,1.0,1.0,3.0,2160059,1.0,1,1,2,5.0,,0.0,0,1946.0,B01,138Â 291Â 673,1.0,-1.0,-1.0,1649290,2.0,7,,0.0,2.0,1.0,B01,138Â 291Â 673,1.0
966365,201900007896,2,9,14:30,1,1,1,1.0,1.0,56036,RD 769 Kergohal,M,"47,8171950"," -3,3356690",56,2019,80.0,1.0,1.0,3.0,2160059,1.0,1,1,2,5.0,,0.0,0,1946.0,B01,138Â 291Â 673,1.0,-1.0,-1.0,1649291,1.0,7,,0.0,2.0,1.0,A01,138Â 291Â 674,1.0
966365,201900007896,2,9,14:30,1,1,1,1.0,1.0,56036,RD 769 Kergohal,M,"47,8171950"," -3,3356690",56,2019,80.0,1.0,1.0,3.0,2160060,1.0,1,3,1,5.0,,0.0,0,1968.0,A01,138Â 291Â 674,1.0,-1.0,-1.0,1649290,2.0,7,,0.0,2.0,1.0,B01,138Â 291Â 673,1.0
966365,201900007896,2,9,14:30,1,1,1,1.0,1.0,56036,RD 769 Kergohal,M,"47,8171950"," -3,3356690",56,2019,80.0,1.0,1.0,3.0,2160060,1.0,1,3,1,5.0,,0.0,0,1968.0,A01,138Â 291Â 674,1.0,-1.0,-1.0,1649291,1.0,7,,0.0,2.0,1.0,A01,138Â 291Â 674,1.0
966366,201900007897,2,11,14:30,1,2,6,1.0,3.0,56251,AllÃ©e du Landy,M,"47,6317500"," -2,6624160",56,2019,50.0,1.0,1.0,4.0,2160061,1.0,1,1,2,5.0,,0.0,0,1953.0,A01,138Â 291Â 671,1.0,-1.0,-1.0,1649292,2.0,7,,0.0,2.0,3.0,A01,138Â 291Â 671,1.0
966366,201900007897,2,11,14:30,1,2,6,1.0,3.0,56251,AllÃ©e du Landy,M,"47,6317500"," -2,6624160",56,2019,50.0,1.0,1.0,4.0,2160061,1.0,1,1,2,5.0,,0.0,0,1953.0,A01,138Â 291Â 671,1.0,-1.0,-1.0,1649293,1.0,33,,0.0,2.0,2.0,B01,138Â 291Â 672,0.0
966366,201900007897,2,11,14:30,1,2,6,1.0,3.0,56251,AllÃ©e du Landy,M,"47,6317500"," -2,6624160",56,2019,50.0,1.0,1.0,4.0,2160062,2.0,2,4,2,5.0,,0.0,0,1993.0,B01,138Â 291Â 672,2.0,-1.0,-1.0,1649292,2.0,7,,0.0,2.0,3.0,A01,138Â 291Â 671,1.0
966366,201900007897,2,11,14:30,1,2,6,1.0,3.0,56251,AllÃ©e du Landy,M,"47,6317500"," -2,6624160",56,2019,50.0,1.0,1.0,4.0,2160062,2.0,2,4,2,5.0,,0.0,0,1993.0,B01,138Â 291Â 672,2.0,-1.0,-1.0,1649293,1.0,33,,0.0,2.0,2.0,B01,138Â 291Â 672,0.0
966366,201900007897,2,11,14:30,1,2,6,1.0,3.0,56251,AllÃ©e du Landy,M,"47,6317500"," -2,6624160",56,2019,50.0,1.0,1.0,4.0,2160063,1.0,1,4,1,5.0,,0.0,0,1991.0,B01,138Â 291Â 672,2.0,-1.0,-1.0,1649292,2.0,7,,0.0,2.0,3.0,A01,138Â 291Â 671,1.0
966366,201900007897,2,11,14:30,1,2,6,1.0,3.0,56251,AllÃ©e du Landy,M,"47,6317500"," -2,6624160",56,2019,50.0,1.0,1.0,4.0,2160063,1.0,1,4,1,5.0,,0.0,0,1991.0,B01,138Â 291Â 672,2.0,-1.0,-1.0,1649293,1.0,33,,0.0,2.0,2.0,B01,138Â 291Â 672,0.0
966367,201900007898,2,9,20:30,3,1,1,3.0,6.0,56240,Le RangouÃ«t,M,"47,5374040"," -2,7058990",56,2019,80.0,3.0,2.0,4.0,2160064,1.0,1,3,1,5.0,,0.0,0,1939.0,A01,138Â 291Â 670,1.0,-1.0,-1.0,1649294,0.0,7,,2.0,0.0,1.0,A01,138Â 291Â 670,1.0
966368,201900007899,1,12,13:30,1,1,1,1.0,7.0,56153,RD 20 Le Pont de l'Etier,M,"47,5943000"," -2,2963700",56,2019,80.0,3.0,1.0,3.0,2160065,1.0,1,3,1,5.0,,0.0,0,1988.0,A01,138Â 291Â 669,2.0,6.0,-1.0,1649295,2.0,33,,2.0,0.0,1.0,A01,138Â 291Â 669,0.0
966369,201900007900,1,31,18:45,2,1,3,1.0,6.0,56158,rue Camille Claudel,M,"47,6782810"," -2,8013540",56,2019,50.0,1.0,1.0,4.0,2160066,1.0,1,1,1,5.0,,0.0,0,1999.0,A01,138Â 291Â 668,1.0,-1.0,-1.0,1649296,1.0,7,,0.0,1.0,1.0,A01,138Â 291Â 668,1.0
966369,201900007900,1,31,18:45,2,1,3,1.0,6.0,56158,rue Camille Claudel,M,"47,6782810"," -2,8013540",56,2019,50.0,1.0,1.0,4.0,2160067,10.0,3,4,1,5.0,,3.0,3,1965.0,A01,138Â 291Â 668,0.0,-1.0,-1.0,1649296,1.0,7,,0.0,1.0,1.0,A01,138Â 291Â 668,1.0
966370,201900007901,2,12,16:40,1,1,6,1.0,6.0,74088,D1201,M,"46,0471864","6,0905001",74,2019,80.0,3.0,1.0,3.0,2160068,1.0,1,2,1,1.0,,0.0,0,1966.0,A01,138Â 291Â 667,0.0,-1.0,-1.0,1649297,2.0,7,,11.0,0.0,1.0,A01,138Â 291Â 667,1.0
966371,201900007902,2,12,22:15,5,2,1,9.0,6.0,74223,RD 4 - Route du fer a cheval,M,"46,0932391","6,6411868",74,2019,70.0,3.0,9.0,3.0,2160069,1.0,1,2,2,5.0,,0.0,0,1997.0,A01,138Â 291Â 666,1.0,-1.0,-1.0,1649298,1.0,7,,8.0,0.0,7.0,A01,138Â 291Â 666,1.0
966371,201900007902,2,12,22:15,5,2,1,9.0,6.0,74223,RD 4 - Route du fer a cheval,M,"46,0932391","6,6411868",74,2019,70.0,3.0,9.0,3.0,2160070,2.0,2,2,1,5.0,,0.0,0,1998.0,A01,138Â 291Â 666,1.0,-1.0,-1.0,1649298,1.0,7,,8.0,0.0,7.0,A01,138Â 291Â 666,1.0
966372,201900007903,2,7,11:00,1,1,1,1.0,6.0,77026,RD 403,M,"48,6149900","3,3828400",77,2019,50.0,1.0,1.0,3.0,2160071,1.0,1,1,2,5.0,,0.0,0,1957.0,A01,138Â 291Â 665,1.0,-1.0,-1.0,1649299,1.0,7,,0.0,1.0,2.0,A01,138Â 291Â 665,1.0
966372,201900007903,2,7,11:00,1,1,1,1.0,6.0,77026,RD 403,M,"48,6149900","3,3828400",77,2019,50.0,1.0,1.0,3.0,2160072,10.0,3,4,1,4.0,,1.0,3,1960.0,A01,138Â 291Â 665,4.0,-1.0,-1.0,1649299,1.0,7,,0.0,1.0,2.0,A01,138Â 291Â 665,1.0
966373,201900007904,2,13,10:25,1,2,1,7.0,6.0,76719,rue AndrÃ© FIQUET,M,"49,7438780","0,5114340",76,2019,50.0,1.0,1.0,3.0,2160073,1.0,1,1,1,5.0,,0.0,0,1953.0,A01,138Â 291Â 664,1.0,-1.0,-1.0,1649300,1.0,7,,0.0,1.0,2.0,A01,138Â 291Â 664,1.0
966373,201900007904,2,13,10:25,1,2,1,7.0,6.0,76719,rue AndrÃ© FIQUET,M,"49,7438780","0,5114340",76,2019,50.0,1.0,1.0,3.0,2160074,10.0,3,3,1,4.0,,2.0,9,1967.0,A01,138Â 291Â 664,4.0,-1.0,-1.0,1649300,1.0,7,,0.0,1.0,2.0,A01,138Â 291Â 664,1.0
966374,201900007905,2,4,08:25,2,1,1,2.0,1.0,76357,D925,M,"49,5984820","0,2711900",76,2019,80.0,1.0,2.0,3.0,2160075,1.0,1,1,2,2.0,,0.0,0,1975.0,A01,138Â 291Â 662,1.0,-1.0,-1.0,1649301,1.0,7,,0.0,2.0,1.0,A01,138Â 291Â 662,0.0
966374,201900007905,2,4,08:25,2,1,1,2.0,1.0,76357,D925,M,"49,5984820","0,2711900",76,2019,80.0,1.0,2.0,3.0,2160075,1.0,1,1,2,2.0,,0.0,0,1975.0,A01,138Â 291Â 662,1.0,-1.0,-1.0,1649302,2.0,7,,0.0,2.0,3.0,B01,138Â 291Â 663,0.0
966374,201900007905,2,4,08:25,2,1,1,2.0,1.0,76357,D925,M,"49,5984820","0,2711900",76,2019,80.0,1.0,2.0,3.0,2160076,2.0,2,4,1,2.0,,0.0,0,2006.0,A01,138Â 291Â 662,1.0,-1.0,-1.0,1649301,1.0,7,,0.0,2.0,1.0,A01,138Â 291Â 662,0.0
966374,201900007905,2,4,08:25,2,1,1,2.0,1.0,76357,D925,M,"49,5984820","0,2711900",76,2019,80.0,1.0,2.0,3.0,2160076,2.0,2,4,1,2.0,,0.0,0,2006.0,A01,138Â 291Â 662,1.0,-1.0,-1.0,1649302,2.0,7,,0.0,2.0,3.0,B01,138Â 291Â 663,0.0
966374,201900007905,2,4,08:25,2,1,1,2.0,1.0,76357,D925,M,"49,5984820","0,2711900",76,2019,80.0,1.0,2.0,3.0,2160077,1.0,1,1,1,5.0,,0.0,0,1960.0,B01,138Â 291Â 663,1.0,-1.0,-1.0,1649301,1.0,7,,0.0,2.0,1.0,A01,138Â 291Â 662,0.0
966374,201900007905,2,4,08:25,2,1,1,2.0,1.0,76357,D925,M,"49,5984820","0,2711900",76,2019,80.0,1.0,2.0,3.0,2160077,1.0,1,1,1,5.0,,0.0,0,1960.0,B01,138Â 291Â 663,1.0,-1.0,-1.0,1649302,2.0,7,,0.0,2.0,3.0,B01,138Â 291Â 663,0.0
966375,201900007906,2,8,20:40,3,2,1,8.0,6.0,79185,53 rue du Moulin Ã  Vent,M,"46,2922860"," -0,2720730",79,2019,50.0,3.0,2.0,4.0,2160078,4.0,2,2,1,5.0,,0.0,0,1999.0,A01,138Â 291Â 661,1.0,-1.0,-1.0,1649303,0.0,7,,8.0,0.0,8.0,A01,138Â 291Â 661,1.0
966375,201900007906,2,8,20:40,3,2,1,8.0,6.0,79185,53 rue du Moulin Ã  Vent,M,"46,2922860"," -0,2720730",79,2019,50.0,3.0,2.0,4.0,2160079,3.0,2,1,1,5.0,,0.0,0,2000.0,A01,138Â 291Â 661,1.0,-1.0,-1.0,1649303,0.0,7,,8.0,0.0,8.0,A01,138Â 291Â 661,1.0
966375,201900007906,2,8,20:40,3,2,1,8.0,6.0,79185,53 rue du Moulin Ã  Vent,M,"46,2922860"," -0,2720730",79,2019,50.0,3.0,2.0,4.0,2160080,5.0,2,3,1,5.0,,0.0,0,2000.0,A01,138Â 291Â 661,1.0,-1.0,-1.0,1649303,0.0,7,,8.0,0.0,8.0,A01,138Â 291Â 661,1.0
966375,201900007906,2,8,20:40,3,2,1,8.0,6.0,79185,53 rue du Moulin Ã  Vent,M,"46,2922860"," -0,2720730",79,2019,50.0,3.0,2.0,4.0,2160081,1.0,1,1,2,5.0,,0.0,0,2001.0,A01,138Â 291Â 661,1.0,-1.0,-1.0,1649303,0.0,7,,8.0,0.0,8.0,A01,138Â 291Â 661,1.0
966375,201900007906,2,8,20:40,3,2,1,8.0,6.0,79185,53 rue du Moulin Ã  Vent,M,"46,2922860"," -0,2720730",79,2019,50.0,3.0,2.0,4.0,2160082,2.0,2,3,2,5.0,,0.0,0,2000.0,A01,138Â 291Â 661,1.0,-1.0,-1.0,1649303,0.0,7,,8.0,0.0,8.0,A01,138Â 291Â 661,1.0
966376,201900007907,2,12,15:56,1,1,1,1.0,7.0,80743,rue de Cappy,M,"49,9424590","2,7536350",80,2019,50.0,3.0,1.0,3.0,2160083,1.0,1,4,2,5.0,,0.0,0,1947.0,A01,138Â 291Â 660,1.0,-1.0,-1.0,1649304,1.0,7,,2.0,0.0,0.0,A01,138Â 291Â 660,0.0
966376,201900007907,2,12,15:56,1,1,1,1.0,7.0,80743,rue de Cappy,M,"49,9424590","2,7536350",80,2019,50.0,3.0,1.0,3.0,2160084,2.0,2,1,2,5.0,,0.0,0,1982.0,A01,138Â 291Â 660,1.0,-1.0,-1.0,1649304,1.0,7,,2.0,0.0,0.0,A01,138Â 291Â 660,0.0
966377,201900007908,2,12,15:30,1,2,1,1.0,6.0,80373,37 rue charles DE GAULLE,M,"49,9849830","1,5586410",80,2019,50.0,1.0,1.0,3.0,2160085,1.0,1,1,1,5.0,,0.0,0,1946.0,A01,138Â 291Â 659,1.0,-1.0,-1.0,1649305,1.0,7,,0.0,1.0,7.0,A01,138Â 291Â 659,1.0
966377,201900007908,2,12,15:30,1,2,1,1.0,6.0,80373,37 rue charles DE GAULLE,M,"49,9849830","1,5586410",80,2019,50.0,1.0,1.0,3.0,2160086,10.0,3,3,2,3.0,,2.0,0,1937.0,A01,138Â 291Â 659,0.0,-1.0,-1.0,1649305,1.0,7,,0.0,1.0,7.0,A01,138Â 291Â 659,1.0
966378,201900007909,2,7,21:45,3,1,1,1.0,6.0,82076,route de lamothe capdeville,M,"44,0822860","1,3567910",82,2019,70.0,3.0,1.0,3.0,2160087,1.0,1,2,1,5.0,,0.0,0,1996.0,A01,138Â 291Â 658,8.0,-1.0,-1.0,1649306,1.0,7,,2.0,0.0,3.0,A01,138Â 291Â 658,1.0
966379,201900007910,2,9,15:40,1,1,1,1.0,7.0,65444,D26,M,"43,0405438","0,5597642",65,2019,80.0,3.0,1.0,3.0,2160088,1.0,1,3,2,5.0,,0.0,0,1995.0,A01,138Â 291Â 657,2.0,6.0,9.0,1649307,2.0,33,,13.0,0.0,0.0,A01,138Â 291Â 657,1.0
966380,201900007911,2,9,06:45,3,1,1,1.0,6.0,65184,"""Lieu dit La Losse"" D939 PK 20+900",M,"43,1837010","0,4007880",65,2019,70.0,1.0,1.0,3.0,2160089,1.0,1,3,2,1.0,,0.0,0,1980.0,A01,138Â 291Â 656,1.0,-1.0,-1.0,1649308,2.0,7,,0.0,5.0,1.0,A01,138Â 291Â 656,1.0
966381,201900007912,2,7,12:40,1,1,1,1.0,4.0,69169,D313 - Les quatres vents,M,"45,9810860","4,3739990",69,2019,70.0,1.0,1.0,3.0,2160090,1.0,1,4,2,4.0,,0.0,0,1974.0,B01,138Â 291Â 653,8.0,-1.0,-1.0,1649309,2.0,7,,0.0,0.0,8.0,B01,138Â 291Â 653,1.0
966381,201900007912,2,7,12:40,1,1,1,1.0,4.0,69169,D313 - Les quatres vents,M,"45,9810860","4,3739990",69,2019,70.0,1.0,1.0,3.0,2160090,1.0,1,4,2,4.0,,0.0,0,1974.0,B01,138Â 291Â 653,8.0,-1.0,-1.0,1649310,1.0,7,,0.0,2.0,1.0,C01,138Â 291Â 654,1.0
966381,201900007912,2,7,12:40,1,1,1,1.0,4.0,69169,D313 - Les quatres vents,M,"45,9810860","4,3739990",69,2019,70.0,1.0,1.0,3.0,2160090,1.0,1,4,2,4.0,,0.0,0,1974.0,B01,138Â 291Â 653,8.0,-1.0,-1.0,1649311,1.0,7,,0.0,2.0,3.0,A01,138Â 291Â 655,1.0
966381,201900007912,2,7,12:40,1,1,1,1.0,4.0,69169,D313 - Les quatres vents,M,"45,9810860","4,3739990",69,2019,70.0,1.0,1.0,3.0,2160091,1.0,1,4,2,5.0,,0.0,0,1979.0,C01,138Â 291Â 654,8.0,-1.0,-1.0,1649309,2.0,7,,0.0,0.0,8.0,B01,138Â 291Â 653,1.0
966381,201900007912,2,7,12:40,1,1,1,1.0,4.0,69169,D313 - Les quatres vents,M,"45,9810860","4,3739990",69,2019,70.0,1.0,1.0,3.0,2160091,1.0,1,4,2,5.0,,0.0,0,1979.0,C01,138Â 291Â 654,8.0,-1.0,-1.0,1649310,1.0,7,,0.0,2.0,1.0,C01,138Â 291Â 654,1.0
966381,201900007912,2,7,12:40,1,1,1,1.0,4.0,69169,D313 - Les quatres vents,M,"45,9810860","4,3739990",69,2019,70.0,1.0,1.0,3.0,2160091,1.0,1,4,2,5.0,,0.0,0,1979.0,C01,138Â 291Â 654,8.0,-1.0,-1.0,1649311,1.0,7,,0.0,2.0,3.0,A01,138Â 291Â 655,1.0
966381,201900007912,2,7,12:40,1,1,1,1.0,4.0,69169,D313 - Les quatres vents,M,"45,9810860","4,3739990",69,2019,70.0,1.0,1.0,3.0,2160092,1.0,1,4,1,5.0,,0.0,0,1990.0,A01,138Â 291Â 655,8.0,-1.0,-1.0,1649309,2.0,7,,0.0,0.0,8.0,B01,138Â 291Â 653,1.0
966381,201900007912,2,7,12:40,1,1,1,1.0,4.0,69169,D313 - Les quatres vents,M,"45,9810860","4,3739990",69,2019,70.0,1.0,1.0,3.0,2160092,1.0,1,4,1,5.0,,0.0,0,1990.0,A01,138Â 291Â 655,8.0,-1.0,-1.0,1649310,1.0,7,,0.0,2.0,1.0,C01,138Â 291Â 654,1.0
966381,201900007912,2,7,12:40,1,1,1,1.0,4.0,69169,D313 - Les quatres vents,M,"45,9810860","4,3739990",69,2019,70.0,1.0,1.0,3.0,2160092,1.0,1,4,1,5.0,,0.0,0,1990.0,A01,138Â 291Â 655,8.0,-1.0,-1.0,1649311,1.0,7,,0.0,2.0,3.0,A01,138Â 291Â 655,1.0
966382,201900007913,2,10,05:30,3,1,6,1.0,6.0,11262,rond point de Ricardelle,M,"43,1613710","3,0575230",11,2019,80.0,3.0,1.0,3.0,2160093,9.0,2,3,1,5.0,,0.0,0,1997.0,A01,138Â 291Â 652,1.0,-1.0,-1.0,1649312,3.0,7,,13.0,0.0,1.0,A01,138Â 291Â 652,1.0
966382,201900007913,2,10,05:30,3,1,6,1.0,6.0,11262,rond point de Ricardelle,M,"43,1613710","3,0575230",11,2019,80.0,3.0,1.0,3.0,2160094,1.0,1,4,1,5.0,,0.0,0,1998.0,A01,138Â 291Â 652,1.0,-1.0,-1.0,1649312,3.0,7,,13.0,0.0,1.0,A01,138Â 291Â 652,1.0
966382,201900007913,2,10,05:30,3,1,6,1.0,6.0,11262,rond point de Ricardelle,M,"43,1613710","3,0575230",11,2019,80.0,3.0,1.0,3.0,2160095,7.0,2,4,2,5.0,,0.0,0,2001.0,A01,138Â 291Â 652,1.0,-1.0,-1.0,1649312,3.0,7,,13.0,0.0,1.0,A01,138Â 291Â 652,1.0
966382,201900007913,2,10,05:30,3,1,6,1.0,6.0,11262,rond point de Ricardelle,M,"43,1613710","3,0575230",11,2019,80.0,3.0,1.0,3.0,2160096,8.0,2,3,1,5.0,,0.0,0,1999.0,A01,138Â 291Â 652,1.0,-1.0,-1.0,1649312,3.0,7,,13.0,0.0,1.0,A01,138Â 291Â 652,1.0
966382,201900007913,2,10,05:30,3,1,6,1.0,6.0,11262,rond point de Ricardelle,M,"43,1613710","3,0575230",11,2019,80.0,3.0,1.0,3.0,2160097,2.0,2,3,1,5.0,,0.0,0,1993.0,A01,138Â 291Â 652,1.0,-1.0,-1.0,1649312,3.0,7,,13.0,0.0,1.0,A01,138Â 291Â 652,1.0
966383,201900007914,2,9,03:00,3,1,1,5.0,6.0,11018,Lieu-dit l'Auberge,M,"43,2112170","2,1963060",11,2019,80.0,8.0,2.0,3.0,2160098,1.0,1,3,2,9.0,,0.0,0,1994.0,A01,138Â 291Â 651,8.0,-1.0,-1.0,1649313,1.0,7,,2.0,0.0,9.0,A01,138Â 291Â 651,1.0
966384,201900007915,2,12,17:12,1,2,1,1.0,3.0,71419,43 place du marchÃ©,M,"46,7529960","5,2415990",71,2019,50.0,1.0,1.0,3.0,2160099,1.0,1,1,1,2.0,,0.0,0,2004.0,B01,138Â 291Â 649,2.0,-1.0,-1.0,1649314,3.0,2,,0.0,2.0,8.0,B01,138Â 291Â 649,1.0