Unnamed: 0_x,num_acc,mois,jour,hrmn,lum,agg,int,atm,col,com,adr,gps,lat,long,dep,annee,vma,situ,surf,catr,Unnamed: 0_y,place,catu,grav,sexe,trajet,secu,locp,actp,an_nais,num_veh_x,id_vehicule_x,secu1,secu2,secu3,Unnamed: 0,senc,catv,occutc,obs,obsm,choc,num_veh_y,id_vehicule_y,motor
966384,201900007915,2,12,17:12,1,2,1,1.0,3.0,71419,43 place du marchÃ©,M,"46,7529960","5,2415990",71,2019,50.0,1.0,1.0,3.0,2160099,1.0,1,1,1,2.0,,0.0,0,2004.0,B01,138Â 291Â 649,2.0,-1.0,-1.0,1649315,3.0,2,,0.0,2.0,1.0,A01,138Â 291Â 650,1.0
966384,201900007915,2,12,17:12,1,2,1,1.0,3.0,71419,43 place du marchÃ©,M,"46,7529960","5,2415990",71,2019,50.0,1.0,1.0,3.0,2160100,1.0,1,3,1,2.0,,0.0,0,2004.0,A01,138Â 291Â 650,2.0,-1.0,-1.0,1649314,3.0,2,,0.0,2.0,8.0,B01,138Â 291Â 649,1.0
966384,201900007915,2,12,17:12,1,2,1,1.0,3.0,71419,43 place du marchÃ©,M,"46,7529960","5,2415990",71,2019,50.0,1.0,1.0,3.0,2160100,1.0,1,3,1,2.0,,0.0,0,2004.0,A01,138Â 291Â 650,2.0,-1.0,-1.0,1649315,3.0,2,,0.0,2.0,1.0,A01,138Â 291Â 650,1.0
966384,201900007915,2,12,17:12,1,2,1,1.0,3.0,71419,43 place du marchÃ©,M,"46,7529960","5,2415990",71,2019,50.0,1.0,1.0,3.0,2160101,2.0,2,1,1,2.0,,0.0,0,2004.0,A01,138Â 291Â 650,2.0,-1.0,-1.0,1649314,3.0,2,,0.0,2.0,8.0,B01,138Â 291Â 649,1.0
966384,201900007915,2,12,17:12,1,2,1,1.0,3.0,71419,43 place du marchÃ©,M,"46,7529960","5,2415990",71,2019,50.0,1.0,1.0,3.0,2160101,2.0,2,1,1,2.0,,0.0,0,2004.0,A01,138Â 291Â 650,2.0,-1.0,-1.0,1649315,3.0,2,,0.0,2.0,1.0,A01,138Â 291Â 650,1.0
966385,201900007916,2,9,10:15,1,1,1,8.0,1.0,71157,Avenue RenÃ© Cassin,M,"46,5004770","5,3870910",71,2019,80.0,1.0,2.0,4.0,2160102,1.0,1,2,2,5.0,,0.0,0,1939.0,A01,138Â 291Â 647,1.0,-1.0,-1.0,1649316,0.0,7,,0.0,2.0,1.0,A01,138Â 291Â 647,1.0
966385,201900007916,2,9,10:15,1,1,1,8.0,1.0,71157,Avenue RenÃ© Cassin,M,"46,5004770","5,3870910",71,2019,80.0,1.0,2.0,4.0,2160102,1.0,1,2,2,5.0,,0.0,0,1939.0,A01,138Â 291Â 647,1.0,-1.0,-1.0,1649317,0.0,7,,0.0,2.0,1.0,B01,138Â 291Â 648,1.0
966385,201900007916,2,9,10:15,1,1,1,8.0,1.0,71157,Avenue RenÃ© Cassin,M,"46,5004770","5,3870910",71,2019,80.0,1.0,2.0,4.0,2160103,1.0,1,1,2,5.0,,0.0,0,1964.0,B01,138Â 291Â 648,1.0,-1.0,-1.0,1649316,0.0,7,,0.0,2.0,1.0,A01,138Â 291Â 647,1.0
966385,201900007916,2,9,10:15,1,1,1,8.0,1.0,71157,Avenue RenÃ© Cassin,M,"46,5004770","5,3870910",71,2019,80.0,1.0,2.0,4.0,2160103,1.0,1,1,2,5.0,,0.0,0,1964.0,B01,138Â 291Â 648,1.0,-1.0,-1.0,1649317,0.0,7,,0.0,2.0,1.0,B01,138Â 291Â 648,1.0
966386,201900007917,2,13,09:15,1,2,1,1.0,6.0,71310,Avenue des Mouettes,M,"46,7385070","4,4750680",71,2019,50.0,1.0,1.0,4.0,2160104,10.0,3,3,1,3.0,,2.0,3,1960.0,A01,138Â 291Â 646,0.0,-1.0,-1.0,1649318,3.0,7,,0.0,1.0,1.0,A01,138Â 291Â 646,1.0
966386,201900007917,2,13,09:15,1,2,1,1.0,6.0,71310,Avenue des Mouettes,M,"46,7385070","4,4750680",71,2019,50.0,1.0,1.0,4.0,2160105,1.0,1,1,1,5.0,,0.0,0,1998.0,A01,138Â 291Â 646,1.0,-1.0,-1.0,1649318,3.0,7,,0.0,1.0,1.0,A01,138Â 291Â 646,1.0
966387,201900007918,2,9,09:55,1,2,1,1.0,1.0,89169,21 route de DiJon,M,"47,9500600","3,8793900",89,2019,50.0,1.0,1.0,3.0,2160106,1.0,1,1,1,5.0,,0.0,0,1961.0,B01,138Â 291Â 644,1.0,-1.0,-1.0,1649319,1.0,7,,0.0,2.0,3.0,B01,138Â 291Â 644,1.0
966387,201900007918,2,9,09:55,1,2,1,1.0,1.0,89169,21 route de DiJon,M,"47,9500600","3,8793900",89,2019,50.0,1.0,1.0,3.0,2160106,1.0,1,1,1,5.0,,0.0,0,1961.0,B01,138Â 291Â 644,1.0,-1.0,-1.0,1649320,2.0,7,,0.0,2.0,3.0,A01,138Â 291Â 645,1.0
966387,201900007918,2,9,09:55,1,2,1,1.0,1.0,89169,21 route de DiJon,M,"47,9500600","3,8793900",89,2019,50.0,1.0,1.0,3.0,2160107,1.0,1,3,1,0.0,,0.0,0,1993.0,A01,138Â 291Â 645,1.0,-1.0,-1.0,1649319,1.0,7,,0.0,2.0,3.0,B01,138Â 291Â 644,1.0
966387,201900007918,2,9,09:55,1,2,1,1.0,1.0,89169,21 route de DiJon,M,"47,9500600","3,8793900",89,2019,50.0,1.0,1.0,3.0,2160107,1.0,1,3,1,0.0,,0.0,0,1993.0,A01,138Â 291Â 645,1.0,-1.0,-1.0,1649320,2.0,7,,0.0,2.0,3.0,A01,138Â 291Â 645,1.0
966388,201900007919,2,13,08:20,1,1,1,1.0,7.0,63131,LIEU-DIT BOGROS,M,"45,8626945","3,3643663",63,2019,80.0,3.0,8.0,3.0,2160108,1.0,1,3,1,1.0,,0.0,0,1974.0,A01,138Â 291Â 643,1.0,-1.0,-1.0,1649321,1.0,7,,13.0,0.0,9.0,A01,138Â 291Â 643,1.0
966389,201900007920,2,9,23:45,3,1,1,2.0,2.0,63271,D906,M,"45,9290930","3,4978640",63,2019,70.0,1.0,2.0,3.0,2160109,1.0,1,4,1,5.0,,0.0,0,1997.0,A01,138Â 291Â 641,2.0,6.0,-1.0,1649322,1.0,2,,0.0,2.0,1.0,A01,138Â 291Â 641,1.0
966389,201900007920,2,9,23:45,3,1,1,2.0,2.0,63271,D906,M,"45,9290930","3,4978640",63,2019,70.0,1.0,2.0,3.0,2160109,1.0,1,4,1,5.0,,0.0,0,1997.0,A01,138Â 291Â 641,2.0,6.0,-1.0,1649323,1.0,7,,0.0,0.0,6.0,B01,138Â 291Â 642,1.0
966389,201900007920,2,9,23:45,3,1,1,2.0,2.0,63271,D906,M,"45,9290930","3,4978640",63,2019,70.0,1.0,2.0,3.0,2160110,1.0,1,1,1,5.0,,0.0,0,1984.0,B01,138Â 291Â 642,1.0,-1.0,-1.0,1649322,1.0,2,,0.0,2.0,1.0,A01,138Â 291Â 641,1.0
966389,201900007920,2,9,23:45,3,1,1,2.0,2.0,63271,D906,M,"45,9290930","3,4978640",63,2019,70.0,1.0,2.0,3.0,2160110,1.0,1,1,1,5.0,,0.0,0,1984.0,B01,138Â 291Â 642,1.0,-1.0,-1.0,1649323,1.0,7,,0.0,0.0,6.0,B01,138Â 291Â 642,1.0
966390,201900007921,2,3,18:15,4,2,3,1.0,3.0,61184,lieu dit le bourg GAUVILLE RD 12,M,"48,8283090","0,5554420",61,2019,50.0,1.0,1.0,3.0,2160111,1.0,1,3,1,3.0,,0.0,0,1992.0,B01,138Â 291Â 639,2.0,-1.0,-1.0,1649324,2.0,2,,0.0,2.0,1.0,B01,138Â 291Â 639,1.0
966390,201900007921,2,3,18:15,4,2,3,1.0,3.0,61184,lieu dit le bourg GAUVILLE RD 12,M,"48,8283090","0,5554420",61,2019,50.0,1.0,1.0,3.0,2160111,1.0,1,3,1,3.0,,0.0,0,1992.0,B01,138Â 291Â 639,2.0,-1.0,-1.0,1649325,1.0,7,,0.0,2.0,3.0,A01,138Â 291Â 640,1.0
966390,201900007921,2,3,18:15,4,2,3,1.0,3.0,61184,lieu dit le bourg GAUVILLE RD 12,M,"48,8283090","0,5554420",61,2019,50.0,1.0,1.0,3.0,2160112,1.0,1,1,1,5.0,,0.0,0,1956.0,A01,138Â 291Â 640,1.0,-1.0,-1.0,1649324,2.0,2,,0.0,2.0,1.0,B01,138Â 291Â 639,1.0
966390,201900007921,2,3,18:15,4,2,3,1.0,3.0,61184,lieu dit le bourg GAUVILLE RD 12,M,"48,8283090","0,5554420",61,2019,50.0,1.0,1.0,3.0,2160112,1.0,1,1,1,5.0,,0.0,0,1956.0,A01,138Â 291Â 640,1.0,-1.0,-1.0,1649325,1.0,7,,0.0,2.0,3.0,A01,138Â 291Â 640,1.0
966391,201900007922,2,8,01:00,3,1,1,1.0,7.0,55344,,M,"48,5260790","5,6922210",55,2019,80.0,8.0,1.0,3.0,2160113,1.0,1,4,1,1.0,,0.0,0,1981.0,A01,138Â 291Â 638,1.0,-1.0,-1.0,1649326,1.0,7,,0.0,0.0,9.0,A01,138Â 291Â 638,1.0
966392,201900007923,2,12,07:30,2,1,1,5.0,7.0,55093,D908 PR35.8,M,"48,9178820","5,6783150",55,2019,80.0,3.0,7.0,3.0,2160114,3.0,2,4,1,1.0,,0.0,0,1994.0,A01,138Â 291Â 637,1.0,-1.0,-1.0,1649327,2.0,7,,8.0,0.0,1.0,A01,138Â 291Â 637,1.0
966392,201900007923,2,12,07:30,2,1,1,5.0,7.0,55093,D908 PR35.8,M,"48,9178820","5,6783150",55,2019,80.0,3.0,7.0,3.0,2160115,1.0,1,4,1,1.0,,0.0,0,1990.0,A01,138Â 291Â 637,1.0,-1.0,-1.0,1649327,2.0,7,,8.0,0.0,1.0,A01,138Â 291Â 637,1.0
966392,201900007923,2,12,07:30,2,1,1,5.0,7.0,55093,D908 PR35.8,M,"48,9178820","5,6783150",55,2019,80.0,3.0,7.0,3.0,2160116,2.0,2,4,1,1.0,,0.0,0,1978.0,A01,138Â 291Â 637,1.0,-1.0,-1.0,1649327,2.0,7,,8.0,0.0,1.0,A01,138Â 291Â 637,1.0
966393,201900007924,2,10,01:30,3,1,1,2.0,7.0,55229,RD 964 - PK 49+200 sens croissant,M,"48,8590480","5,5224460",55,2019,70.0,3.0,2.0,3.0,2160117,1.0,1,3,1,5.0,,0.0,0,2000.0,A01,138Â 291Â 636,1.0,-1.0,-1.0,1649328,1.0,7,,15.0,0.0,9.0,A01,138Â 291Â 636,1.0
966393,201900007924,2,10,01:30,3,1,1,2.0,7.0,55229,RD 964 - PK 49+200 sens croissant,M,"48,8590480","5,5224460",55,2019,70.0,3.0,2.0,3.0,2160118,9.0,2,1,1,5.0,,0.0,0,2017.0,A01,138Â 291Â 636,3.0,-1.0,-1.0,1649328,1.0,7,,15.0,0.0,9.0,A01,138Â 291Â 636,1.0
966393,201900007924,2,10,01:30,3,1,1,2.0,7.0,55229,RD 964 - PK 49+200 sens croissant,M,"48,8590480","5,5224460",55,2019,70.0,3.0,2.0,3.0,2160119,2.0,2,1,1,5.0,,0.0,0,1996.0,A01,138Â 291Â 636,1.0,-1.0,-1.0,1649328,1.0,7,,15.0,0.0,9.0,A01,138Â 291Â 636,1.0
966394,201900007925,2,10,12:31,1,1,1,2.0,7.0,12021,RD905A PK9+80 - Vabre-Tizac,M,"44,2805900","2,1668270",12,2019,80.0,3.0,2.0,3.0,2160120,1.0,1,1,1,4.0,,0.0,0,1961.0,A01,138Â 291Â 635,8.0,-1.0,-1.0,1649329,1.0,10,,0.0,0.0,7.0,A01,138Â 291Â 635,1.0
966394,201900007925,2,10,12:31,1,1,1,2.0,7.0,12021,RD905A PK9+80 - Vabre-Tizac,M,"44,2805900","2,1668270",12,2019,80.0,3.0,2.0,3.0,2160121,8.0,2,2,1,9.0,,0.0,0,1943.0,A01,138Â 291Â 635,8.0,-1.0,-1.0,1649329,1.0,10,,0.0,0.0,7.0,A01,138Â 291Â 635,1.0
966394,201900007925,2,10,12:31,1,1,1,2.0,7.0,12021,RD905A PK9+80 - Vabre-Tizac,M,"44,2805900","2,1668270",12,2019,80.0,3.0,2.0,3.0,2160122,9.0,2,1,2,4.0,,0.0,0,1981.0,A01,138Â 291Â 635,8.0,-1.0,-1.0,1649329,1.0,10,,0.0,0.0,7.0,A01,138Â 291Â 635,1.0
966395,201900007926,2,12,18:55,3,1,1,1.0,1.0,12043,la crouzette - ceignac,M,"44,2800810","2,5106390",12,2019,80.0,1.0,1.0,3.0,2160123,1.0,1,1,1,5.0,,0.0,0,2000.0,A01,138Â 291Â 633,1.0,-1.0,-1.0,1649330,1.0,7,,0.0,2.0,2.0,A01,138Â 291Â 633,1.0
966395,201900007926,2,12,18:55,3,1,1,1.0,1.0,12043,la crouzette - ceignac,M,"44,2800810","2,5106390",12,2019,80.0,1.0,1.0,3.0,2160123,1.0,1,1,1,5.0,,0.0,0,2000.0,A01,138Â 291Â 633,1.0,-1.0,-1.0,1649331,2.0,2,,0.0,2.0,1.0,B01,138Â 291Â 634,1.0
966395,201900007926,2,12,18:55,3,1,1,1.0,1.0,12043,la crouzette - ceignac,M,"44,2800810","2,5106390",12,2019,80.0,1.0,1.0,3.0,2160124,1.0,1,3,1,5.0,,0.0,0,1976.0,B01,138Â 291Â 634,2.0,-1.0,-1.0,1649330,1.0,7,,0.0,2.0,2.0,A01,138Â 291Â 633,1.0
966395,201900007926,2,12,18:55,3,1,1,1.0,1.0,12043,la crouzette - ceignac,M,"44,2800810","2,5106390",12,2019,80.0,1.0,1.0,3.0,2160124,1.0,1,3,1,5.0,,0.0,0,1976.0,B01,138Â 291Â 634,2.0,-1.0,-1.0,1649331,2.0,2,,0.0,2.0,1.0,B01,138Â 291Â 634,1.0
966396,201900007927,2,10,14:20,1,1,1,2.0,3.0,46181,rd 802,M,"44,6660270","1,6806970",46,2019,80.0,1.0,2.0,3.0,2160125,1.0,1,1,1,5.0,,0.0,0,1984.0,B01,138Â 291Â 631,8.0,-1.0,-1.0,1649332,2.0,7,,0.0,2.0,1.0,B01,138Â 291Â 631,1.0
966396,201900007927,2,10,14:20,1,1,1,2.0,3.0,46181,rd 802,M,"44,6660270","1,6806970",46,2019,80.0,1.0,2.0,3.0,2160125,1.0,1,1,1,5.0,,0.0,0,1984.0,B01,138Â 291Â 631,8.0,-1.0,-1.0,1649333,1.0,7,,0.0,2.0,7.0,A01,138Â 291Â 632,1.0
966396,201900007927,2,10,14:20,1,1,1,2.0,3.0,46181,rd 802,M,"44,6660270","1,6806970",46,2019,80.0,1.0,2.0,3.0,2160126,7.0,2,3,2,5.0,,0.0,0,2011.0,B01,138Â 291Â 631,8.0,-1.0,-1.0,1649332,2.0,7,,0.0,2.0,1.0,B01,138Â 291Â 631,1.0
966396,201900007927,2,10,14:20,1,1,1,2.0,3.0,46181,rd 802,M,"44,6660270","1,6806970",46,2019,80.0,1.0,2.0,3.0,2160126,7.0,2,3,2,5.0,,0.0,0,2011.0,B01,138Â 291Â 631,8.0,-1.0,-1.0,1649333,1.0,7,,0.0,2.0,7.0,A01,138Â 291Â 632,1.0
966396,201900007927,2,10,14:20,1,1,1,2.0,3.0,46181,rd 802,M,"44,6660270","1,6806970",46,2019,80.0,1.0,2.0,3.0,2160127,2.0,2,4,2,5.0,,0.0,0,1985.0,B01,138Â 291Â 631,8.0,-1.0,-1.0,1649332,2.0,7,,0.0,2.0,1.0,B01,138Â 291Â 631,1.0
966396,201900007927,2,10,14:20,1,1,1,2.0,3.0,46181,rd 802,M,"44,6660270","1,6806970",46,2019,80.0,1.0,2.0,3.0,2160127,2.0,2,4,2,5.0,,0.0,0,1985.0,B01,138Â 291Â 631,8.0,-1.0,-1.0,1649333,1.0,7,,0.0,2.0,7.0,A01,138Â 291Â 632,1.0
966396,201900007927,2,10,14:20,1,1,1,2.0,3.0,46181,rd 802,M,"44,6660270","1,6806970",46,2019,80.0,1.0,2.0,3.0,2160128,9.0,2,3,1,5.0,,0.0,0,2011.0,B01,138Â 291Â 631,8.0,-1.0,-1.0,1649332,2.0,7,,0.0,2.0,1.0,B01,138Â 291Â 631,1.0
966396,201900007927,2,10,14:20,1,1,1,2.0,3.0,46181,rd 802,M,"44,6660270","1,6806970",46,2019,80.0,1.0,2.0,3.0,2160128,9.0,2,3,1,5.0,,0.0,0,2011.0,B01,138Â 291Â 631,8.0,-1.0,-1.0,1649333,1.0,7,,0.0,2.0,7.0,A01,138Â 291Â 632,1.0
966396,201900007927,2,10,14:20,1,1,1,2.0,3.0,46181,rd 802,M,"44,6660270","1,6806970",46,2019,80.0,1.0,2.0,3.0,2160129,1.0,1,2,1,5.0,,0.0,0,1985.0,A01,138Â 291Â 632,8.0,-1.0,-1.0,1649332,2.0,7,,0.0,2.0,1.0,B01,138Â 291Â 631,1.0
966396,201900007927,2,10,14:20,1,1,1,2.0,3.0,46181,rd 802,M,"44,6660270","1,6806970",46,2019,80.0,1.0,2.0,3.0,2160129,1.0,1,2,1,5.0,,0.0,0,1985.0,A01,138Â 291Â 632,8.0,-1.0,-1.0,1649333,1.0,7,,0.0,2.0,7.0,A01,138Â 291Â 632,1.0
966397,201900007928,2,9,15:20,1,1,1,8.0,7.0,41151,"D62, route de Chaumont/Loire",M,"47,3763880","1,2046580",41,2019,80.0,3.0,1.0,3.0,2160130,1.0,1,2,2,3.0,,0.0,0,1950.0,A01,138Â 291Â 630,0.0,-1.0,-1.0,1649334,1.0,7,,13.0,0.0,1.0,A01,138Â 291Â 630,6.0
966398,201900007929,2,8,20:00,3,1,1,2.0,5.0,86235,La Grange Carree,M,"46,3837990","0,4645170",86,2019,80.0,1.0,2.0,3.0,2160131,1.0,1,1,1,1.0,,0.0,0,1972.0,A01,138Â 291Â 627,1.0,-1.0,-1.0,1649335,1.0,10,,0.0,2.0,3.0,A01,138Â 291Â 627,1.0
966398,201900007929,2,8,20:00,3,1,1,2.0,5.0,86235,La Grange Carree,M,"46,3837990","0,4645170",86,2019,80.0,1.0,2.0,3.0,2160131,1.0,1,1,1,1.0,,0.0,0,1972.0,A01,138Â 291Â 627,1.0,-1.0,-1.0,1649336,2.0,2,,0.0,2.0,1.0,B01,138Â 291Â 628,1.0
966398,201900007929,2,8,20:00,3,1,1,2.0,5.0,86235,La Grange Carree,M,"46,3837990","0,4645170",86,2019,80.0,1.0,2.0,3.0,2160131,1.0,1,1,1,1.0,,0.0,0,1972.0,A01,138Â 291Â 627,1.0,-1.0,-1.0,1649337,1.0,7,,0.0,2.0,8.0,C01,138Â 291Â 629,1.0
966398,201900007929,2,8,20:00,3,1,1,2.0,5.0,86235,La Grange Carree,M,"46,3837990","0,4645170",86,2019,80.0,1.0,2.0,3.0,2160132,1.0,1,3,1,5.0,,0.0,0,2001.0,B01,138Â 291Â 628,2.0,6.0,-1.0,1649335,1.0,10,,0.0,2.0,3.0,A01,138Â 291Â 627,1.0
966398,201900007929,2,8,20:00,3,1,1,2.0,5.0,86235,La Grange Carree,M,"46,3837990","0,4645170",86,2019,80.0,1.0,2.0,3.0,2160132,1.0,1,3,1,5.0,,0.0,0,2001.0,B01,138Â 291Â 628,2.0,6.0,-1.0,1649336,2.0,2,,0.0,2.0,1.0,B01,138Â 291Â 628,1.0
966398,201900007929,2,8,20:00,3,1,1,2.0,5.0,86235,La Grange Carree,M,"46,3837990","0,4645170",86,2019,80.0,1.0,2.0,3.0,2160132,1.0,1,3,1,5.0,,0.0,0,2001.0,B01,138Â 291Â 628,2.0,6.0,-1.0,1649337,1.0,7,,0.0,2.0,8.0,C01,138Â 291Â 629,1.0
966398,201900007929,2,8,20:00,3,1,1,2.0,5.0,86235,La Grange Carree,M,"46,3837990","0,4645170",86,2019,80.0,1.0,2.0,3.0,2160133,1.0,1,1,2,1.0,,0.0,0,1973.0,C01,138Â 291Â 629,1.0,-1.0,-1.0,1649335,1.0,10,,0.0,2.0,3.0,A01,138Â 291Â 627,1.0
966398,201900007929,2,8,20:00,3,1,1,2.0,5.0,86235,La Grange Carree,M,"46,3837990","0,4645170",86,2019,80.0,1.0,2.0,3.0,2160133,1.0,1,1,2,1.0,,0.0,0,1973.0,C01,138Â 291Â 629,1.0,-1.0,-1.0,1649336,2.0,2,,0.0,2.0,1.0,B01,138Â 291Â 628,1.0
966398,201900007929,2,8,20:00,3,1,1,2.0,5.0,86235,La Grange Carree,M,"46,3837990","0,4645170",86,2019,80.0,1.0,2.0,3.0,2160133,1.0,1,1,2,1.0,,0.0,0,1973.0,C01,138Â 291Â 629,1.0,-1.0,-1.0,1649337,1.0,7,,0.0,2.0,8.0,C01,138Â 291Â 629,1.0
966399,201900007930,2,8,16:10,1,1,1,1.0,7.0,34201,"D20 PK 22,700.",M,"43,4298490","2,9724190",34,2019,80.0,8.0,1.0,3.0,2160134,1.0,1,3,1,5.0,,0.0,0,1990.0,A01,138Â 291Â 626,2.0,6.0,9.0,1649338,1.0,33,,13.0,0.0,1.0,A01,138Â 291Â 626,1.0
966400,201900007931,2,10,11:00,1,2,1,1.0,2.0,68305,"9, rue d'Altkirch",M,"47,5404510","7,1766390",68,2019,50.0,1.0,1.0,3.0,2160135,1.0,1,1,1,5.0,,0.0,0,1983.0,A01,138Â 291Â 624,1.0,-1.0,-1.0,1649339,1.0,7,,0.0,2.0,1.0,A01,138Â 291Â 624,1.0
966400,201900007931,2,10,11:00,1,2,1,1.0,2.0,68305,"9, rue d'Altkirch",M,"47,5404510","7,1766390",68,2019,50.0,1.0,1.0,3.0,2160135,1.0,1,1,1,5.0,,0.0,0,1983.0,A01,138Â 291Â 624,1.0,-1.0,-1.0,1649340,1.0,7,,0.0,0.0,4.0,B01,138Â 291Â 625,1.0
966400,201900007931,2,10,11:00,1,2,1,1.0,2.0,68305,"9, rue d'Altkirch",M,"47,5404510","7,1766390",68,2019,50.0,1.0,1.0,3.0,2160136,2.0,2,3,2,5.0,,0.0,0,1952.0,B01,138Â 291Â 625,1.0,-1.0,-1.0,1649339,1.0,7,,0.0,2.0,1.0,A01,138Â 291Â 624,1.0
966400,201900007931,2,10,11:00,1,2,1,1.0,2.0,68305,"9, rue d'Altkirch",M,"47,5404510","7,1766390",68,2019,50.0,1.0,1.0,3.0,2160136,2.0,2,3,2,5.0,,0.0,0,1952.0,B01,138Â 291Â 625,1.0,-1.0,-1.0,1649340,1.0,7,,0.0,0.0,4.0,B01,138Â 291Â 625,1.0
966400,201900007931,2,10,11:00,1,2,1,1.0,2.0,68305,"9, rue d'Altkirch",M,"47,5404510","7,1766390",68,2019,50.0,1.0,1.0,3.0,2160137,1.0,1,1,1,5.0,,0.0,0,1949.0,B01,138Â 291Â 625,1.0,-1.0,-1.0,1649339,1.0,7,,0.0,2.0,1.0,A01,138Â 291Â 624,1.0
966400,201900007931,2,10,11:00,1,2,1,1.0,2.0,68305,"9, rue d'Altkirch",M,"47,5404510","7,1766390",68,2019,50.0,1.0,1.0,3.0,2160137,1.0,1,1,1,5.0,,0.0,0,1949.0,B01,138Â 291Â 625,1.0,-1.0,-1.0,1649340,1.0,7,,0.0,0.0,4.0,B01,138Â 291Â 625,1.0
966401,201900007932,2,6,16:25,1,2,1,7.0,7.0,68068,rue de belfort 23,M,"47,6311000","7,1132680",68,2019,50.0,1.0,1.0,3.0,2160138,10.0,3,3,2,0.0,,3.0,3,1962.0,A01,138Â 291Â 623,0.0,-1.0,-1.0,1649341,2.0,7,,0.0,1.0,0.0,A01,138Â 291Â 623,1.0
966401,201900007932,2,6,16:25,1,2,1,7.0,7.0,68068,rue de belfort 23,M,"47,6311000","7,1132680",68,2019,50.0,1.0,1.0,3.0,2160139,1.0,1,1,1,0.0,,0.0,0,1972.0,A01,138Â 291Â 623,1.0,-1.0,-1.0,1649341,2.0,7,,0.0,1.0,0.0,A01,138Â 291Â 623,1.0
966402,201900007933,2,11,16:25,1,1,1,1.0,1.0,68303,D16,M,"47,6143310","7,3047940",68,2019,80.0,1.0,2.0,3.0,2160140,9.0,2,1,2,9.0,,0.0,0,1977.0,B01,138Â 291Â 621,1.0,-1.0,-1.0,1649342,1.0,10,,0.0,2.0,1.0,B01,138Â 291Â 621,1.0
966402,201900007933,2,11,16:25,1,1,1,1.0,1.0,68303,D16,M,"47,6143310","7,3047940",68,2019,80.0,1.0,2.0,3.0,2160140,9.0,2,1,2,9.0,,0.0,0,1977.0,B01,138Â 291Â 621,1.0,-1.0,-1.0,1649343,2.0,7,,0.0,2.0,2.0,A01,138Â 291Â 622,1.0
966402,201900007933,2,11,16:25,1,1,1,1.0,1.0,68303,D16,M,"47,6143310","7,3047940",68,2019,80.0,1.0,2.0,3.0,2160141,2.0,2,3,2,9.0,,0.0,0,1942.0,B01,138Â 291Â 621,1.0,-1.0,-1.0,1649342,1.0,10,,0.0,2.0,1.0,B01,138Â 291Â 621,1.0
966402,201900007933,2,11,16:25,1,1,1,1.0,1.0,68303,D16,M,"47,6143310","7,3047940",68,2019,80.0,1.0,2.0,3.0,2160141,2.0,2,3,2,9.0,,0.0,0,1942.0,B01,138Â 291Â 621,1.0,-1.0,-1.0,1649343,2.0,7,,0.0,2.0,2.0,A01,138Â 291Â 622,1.0
966402,201900007933,2,11,16:25,1,1,1,1.0,1.0,68303,D16,M,"47,6143310","7,3047940",68,2019,80.0,1.0,2.0,3.0,2160142,1.0,1,4,1,4.0,,0.0,0,1971.0,B01,138Â 291Â 621,1.0,-1.0,-1.0,1649342,1.0,10,,0.0,2.0,1.0,B01,138Â 291Â 621,1.0
966402,201900007933,2,11,16:25,1,1,1,1.0,1.0,68303,D16,M,"47,6143310","7,3047940",68,2019,80.0,1.0,2.0,3.0,2160142,1.0,1,4,1,4.0,,0.0,0,1971.0,B01,138Â 291Â 621,1.0,-1.0,-1.0,1649343,2.0,7,,0.0,2.0,2.0,A01,138Â 291Â 622,1.0
966402,201900007933,2,11,16:25,1,1,1,1.0,1.0,68303,D16,M,"47,6143310","7,3047940",68,2019,80.0,1.0,2.0,3.0,2160143,1.0,1,4,1,5.0,,0.0,0,1996.0,A01,138Â 291Â 622,1.0,-1.0,-1.0,1649342,1.0,10,,0.0,2.0,1.0,B01,138Â 291Â 621,1.0
966402,201900007933,2,11,16:25,1,1,1,1.0,1.0,68303,D16,M,"47,6143310","7,3047940",68,2019,80.0,1.0,2.0,3.0,2160143,1.0,1,4,1,5.0,,0.0,0,1996.0,A01,138Â 291Â 622,1.0,-1.0,-1.0,1649343,2.0,7,,0.0,2.0,2.0,A01,138Â 291Â 622,1.0
966403,201900007934,2,12,10:10,1,2,1,1.0,6.0,22266,place de la rÃ©publique,M,"48,2359689"," -3,3173804",22,2019,30.0,1.0,1.0,3.0,2160144,10.0,3,3,2,3.0,,3.0,3,1950.0,A01,138Â 291Â 620,0.0,-1.0,-1.0,1649344,2.0,7,,0.0,1.0,3.0,A01,138Â 291Â 620,1.0
966403,201900007934,2,12,10:10,1,2,1,1.0,6.0,22266,place de la rÃ©publique,M,"48,2359689"," -3,3173804",22,2019,30.0,1.0,1.0,3.0,2160145,1.0,1,1,2,3.0,,0.0,0,1953.0,A01,138Â 291Â 620,1.0,-1.0,-1.0,1649344,2.0,7,,0.0,1.0,3.0,A01,138Â 291Â 620,1.0