Unnamed: 0_x,num_acc,mois,jour,hrmn,lum,agg,int,atm,col,com,adr,gps,lat,long,dep,annee,vma,situ,surf,catr,Unnamed: 0_y,place,catu,grav,sexe,trajet,secu,locp,actp,an_nais,num_veh_x,id_vehicule_x,secu1,secu2,secu3,Unnamed: 0,senc,catv,occutc,obs,obsm,choc,num_veh_y,id_vehicule_y,motor
966404,201900007935,2,10,14:06,1,1,1,1.0,1.0,22346,l'Ã©pine du bas bourg,M,"48,3689571"," -2,6229387",22,2019,70.0,1.0,8.0,3.0,2160146,1.0,1,3,1,5.0,,0.0,0,1954.0,A01,138Â 291Â 618,1.0,-1.0,-1.0,1649345,1.0,7,,0.0,2.0,1.0,A01,138Â 291Â 618,1.0
966404,201900007935,2,10,14:06,1,1,1,1.0,1.0,22346,l'Ã©pine du bas bourg,M,"48,3689571"," -2,6229387",22,2019,70.0,1.0,8.0,3.0,2160146,1.0,1,3,1,5.0,,0.0,0,1954.0,A01,138Â 291Â 618,1.0,-1.0,-1.0,1649346,2.0,7,,0.0,0.0,3.0,B01,138Â 291Â 619,1.0
966404,201900007935,2,10,14:06,1,1,1,1.0,1.0,22346,l'Ã©pine du bas bourg,M,"48,3689571"," -2,6229387",22,2019,70.0,1.0,8.0,3.0,2160147,7.0,2,1,1,5.0,,0.0,0,2009.0,B01,138Â 291Â 619,1.0,-1.0,-1.0,1649345,1.0,7,,0.0,2.0,1.0,A01,138Â 291Â 618,1.0
966404,201900007935,2,10,14:06,1,1,1,1.0,1.0,22346,l'Ã©pine du bas bourg,M,"48,3689571"," -2,6229387",22,2019,70.0,1.0,8.0,3.0,2160147,7.0,2,1,1,5.0,,0.0,0,2009.0,B01,138Â 291Â 619,1.0,-1.0,-1.0,1649346,2.0,7,,0.0,0.0,3.0,B01,138Â 291Â 619,1.0
966404,201900007935,2,10,14:06,1,1,1,1.0,1.0,22346,l'Ã©pine du bas bourg,M,"48,3689571"," -2,6229387",22,2019,70.0,1.0,8.0,3.0,2160148,9.0,2,1,1,5.0,,0.0,0,2003.0,B01,138Â 291Â 619,1.0,-1.0,-1.0,1649345,1.0,7,,0.0,2.0,1.0,A01,138Â 291Â 618,1.0
966404,201900007935,2,10,14:06,1,1,1,1.0,1.0,22346,l'Ã©pine du bas bourg,M,"48,3689571"," -2,6229387",22,2019,70.0,1.0,8.0,3.0,2160148,9.0,2,1,1,5.0,,0.0,0,2003.0,B01,138Â 291Â 619,1.0,-1.0,-1.0,1649346,2.0,7,,0.0,0.0,3.0,B01,138Â 291Â 619,1.0
966404,201900007935,2,10,14:06,1,1,1,1.0,1.0,22346,l'Ã©pine du bas bourg,M,"48,3689571"," -2,6229387",22,2019,70.0,1.0,8.0,3.0,2160149,1.0,1,1,1,5.0,,0.0,0,1975.0,B01,138Â 291Â 619,1.0,-1.0,-1.0,1649345,1.0,7,,0.0,2.0,1.0,A01,138Â 291Â 618,1.0
966404,201900007935,2,10,14:06,1,1,1,1.0,1.0,22346,l'Ã©pine du bas bourg,M,"48,3689571"," -2,6229387",22,2019,70.0,1.0,8.0,3.0,2160149,1.0,1,1,1,5.0,,0.0,0,1975.0,B01,138Â 291Â 619,1.0,-1.0,-1.0,1649346,2.0,7,,0.0,0.0,3.0,B01,138Â 291Â 619,1.0
966405,201900007936,2,8,12:00,1,2,1,2.0,3.0,22184,la gare de moncontour,M,"48,3545160"," -2,6420271",22,2019,70.0,1.0,2.0,3.0,2160150,1.0,1,4,2,5.0,,0.0,0,1928.0,A01,138Â 291Â 616,1.0,-1.0,-1.0,1649347,1.0,7,,0.0,2.0,8.0,A01,138Â 291Â 616,1.0
966405,201900007936,2,8,12:00,1,2,1,2.0,3.0,22184,la gare de moncontour,M,"48,3545160"," -2,6420271",22,2019,70.0,1.0,2.0,3.0,2160150,1.0,1,4,2,5.0,,0.0,0,1928.0,A01,138Â 291Â 616,1.0,-1.0,-1.0,1649348,1.0,7,,0.0,2.0,2.0,B01,138Â 291Â 617,1.0
966405,201900007936,2,8,12:00,1,2,1,2.0,3.0,22184,la gare de moncontour,M,"48,3545160"," -2,6420271",22,2019,70.0,1.0,2.0,3.0,2160151,1.0,1,1,1,5.0,,0.0,0,1957.0,B01,138Â 291Â 617,1.0,-1.0,-1.0,1649347,1.0,7,,0.0,2.0,8.0,A01,138Â 291Â 616,1.0
966405,201900007936,2,8,12:00,1,2,1,2.0,3.0,22184,la gare de moncontour,M,"48,3545160"," -2,6420271",22,2019,70.0,1.0,2.0,3.0,2160151,1.0,1,1,1,5.0,,0.0,0,1957.0,B01,138Â 291Â 617,1.0,-1.0,-1.0,1649348,1.0,7,,0.0,2.0,2.0,B01,138Â 291Â 617,1.0
966406,201900007937,1,8,02:50,4,1,1,1.0,7.0,22219,RD 768,M,"48,2712056"," -2,7081315",22,2019,80.0,1.0,1.0,3.0,2160152,1.0,1,4,1,5.0,,0.0,0,1992.0,A01,138Â 291Â 615,1.0,-1.0,-1.0,1649349,1.0,7,,0.0,0.0,0.0,A01,138Â 291Â 615,1.0
966407,201900007938,2,12,16:50,1,1,3,1.0,1.0,22183,"Les LivaudiÃ¨res d'En Bas (La FerriÃ¨re, Les Moulins)",M,"48,1266620"," -2,6452440",22,2019,80.0,1.0,1.0,3.0,2160153,2.0,2,4,1,0.0,,0.0,0,2014.0,B01,138Â 291Â 613,3.0,-1.0,-1.0,1649350,1.0,7,,7.0,2.0,3.0,B01,138Â 291Â 613,1.0
966407,201900007938,2,12,16:50,1,1,3,1.0,1.0,22183,"Les LivaudiÃ¨res d'En Bas (La FerriÃ¨re, Les Moulins)",M,"48,1266620"," -2,6452440",22,2019,80.0,1.0,1.0,3.0,2160153,2.0,2,4,1,0.0,,0.0,0,2014.0,B01,138Â 291Â 613,3.0,-1.0,-1.0,1649351,2.0,7,,0.0,2.0,3.0,A01,138Â 291Â 614,1.0
966407,201900007938,2,12,16:50,1,1,3,1.0,1.0,22183,"Les LivaudiÃ¨res d'En Bas (La FerriÃ¨re, Les Moulins)",M,"48,1266620"," -2,6452440",22,2019,80.0,1.0,1.0,3.0,2160154,1.0,1,4,1,0.0,,0.0,0,1992.0,B01,138Â 291Â 613,1.0,-1.0,-1.0,1649350,1.0,7,,7.0,2.0,3.0,B01,138Â 291Â 613,1.0
966407,201900007938,2,12,16:50,1,1,3,1.0,1.0,22183,"Les LivaudiÃ¨res d'En Bas (La FerriÃ¨re, Les Moulins)",M,"48,1266620"," -2,6452440",22,2019,80.0,1.0,1.0,3.0,2160154,1.0,1,4,1,0.0,,0.0,0,1992.0,B01,138Â 291Â 613,1.0,-1.0,-1.0,1649351,2.0,7,,0.0,2.0,3.0,A01,138Â 291Â 614,1.0
966407,201900007938,2,12,16:50,1,1,3,1.0,1.0,22183,"Les LivaudiÃ¨res d'En Bas (La FerriÃ¨re, Les Moulins)",M,"48,1266620"," -2,6452440",22,2019,80.0,1.0,1.0,3.0,2160155,1.0,1,4,1,0.0,,0.0,0,1963.0,A01,138Â 291Â 614,1.0,-1.0,-1.0,1649350,1.0,7,,7.0,2.0,3.0,B01,138Â 291Â 613,1.0
966407,201900007938,2,12,16:50,1,1,3,1.0,1.0,22183,"Les LivaudiÃ¨res d'En Bas (La FerriÃ¨re, Les Moulins)",M,"48,1266620"," -2,6452440",22,2019,80.0,1.0,1.0,3.0,2160155,1.0,1,4,1,0.0,,0.0,0,1963.0,A01,138Â 291Â 614,1.0,-1.0,-1.0,1649351,2.0,7,,0.0,2.0,3.0,A01,138Â 291Â 614,1.0
966408,201900007939,2,10,08:40,2,1,1,2.0,7.0,44175,RD47 - LIEU DIT LA BONNE FONTAINE,M,"47,4056710"," -2,2973000",44,2019,80.0,8.0,2.0,3.0,2160156,1.0,1,2,1,0.0,,0.0,0,1978.0,A01,138Â 291Â 612,1.0,-1.0,-1.0,1649352,1.0,7,,13.0,0.0,3.0,A01,138Â 291Â 612,1.0
966409,201900007940,2,9,06:40,3,1,1,1.0,6.0,44072,D 774 PK 25+350,M,"47,4558509"," -2,3149910",44,2019,80.0,1.0,2.0,3.0,2160157,10.0,3,3,1,9.0,,1.0,3,1990.0,A01,138Â 291Â 611,0.0,-1.0,-1.0,1649353,1.0,10,,0.0,1.0,2.0,A01,138Â 291Â 611,0.0
966409,201900007940,2,9,06:40,3,1,1,1.0,6.0,44072,D 774 PK 25+350,M,"47,4558509"," -2,3149910",44,2019,80.0,1.0,2.0,3.0,2160158,1.0,1,1,1,1.0,,0.0,0,1986.0,A01,138Â 291Â 611,1.0,-1.0,-1.0,1649353,1.0,10,,0.0,1.0,2.0,A01,138Â 291Â 611,0.0
966410,201900007941,2,8,11:10,1,2,1,1.0,6.0,44049,Avenue de la Pierre Longue,M,"47,2856250"," -2,5177450",44,2019,50.0,1.0,1.0,3.0,2160159,1.0,1,3,2,5.0,,0.0,0,1990.0,A01,138Â 291Â 610,2.0,6.0,9.0,1649354,2.0,33,,5.0,0.0,9.0,A01,138Â 291Â 610,1.0
966411,201900007942,2,8,07:00,3,1,4,2.0,1.0,44128,lieu dit la montagne - le dresny,M,"47,5630500"," -1,9263100",44,2019,80.0,1.0,2.0,3.0,2160160,1.0,1,1,1,1.0,,0.0,0,1982.0,A01,138Â 291Â 608,1.0,-1.0,-1.0,1649355,1.0,7,,0.0,2.0,3.0,A01,138Â 291Â 608,0.0
966411,201900007942,2,8,07:00,3,1,4,2.0,1.0,44128,lieu dit la montagne - le dresny,M,"47,5630500"," -1,9263100",44,2019,80.0,1.0,2.0,3.0,2160160,1.0,1,1,1,1.0,,0.0,0,1982.0,A01,138Â 291Â 608,1.0,-1.0,-1.0,1649356,2.0,2,,0.0,2.0,3.0,B01,138Â 291Â 609,0.0
966411,201900007942,2,8,07:00,3,1,4,2.0,1.0,44128,lieu dit la montagne - le dresny,M,"47,5630500"," -1,9263100",44,2019,80.0,1.0,2.0,3.0,2160161,1.0,1,4,1,1.0,,0.0,0,2001.0,B01,138Â 291Â 609,2.0,6.0,-1.0,1649355,1.0,7,,0.0,2.0,3.0,A01,138Â 291Â 608,0.0
966411,201900007942,2,8,07:00,3,1,4,2.0,1.0,44128,lieu dit la montagne - le dresny,M,"47,5630500"," -1,9263100",44,2019,80.0,1.0,2.0,3.0,2160161,1.0,1,4,1,1.0,,0.0,0,2001.0,B01,138Â 291Â 609,2.0,6.0,-1.0,1649356,2.0,2,,0.0,2.0,3.0,B01,138Â 291Â 609,0.0
966412,201900007943,2,6,04:30,3,1,1,2.0,7.0,44205,La GicqueliÃ¨re,M,"47,4372150"," -1,3848050",44,2019,80.0,3.0,2.0,3.0,2160162,1.0,1,2,1,1.0,,0.0,0,1994.0,A01,138Â 291Â 607,1.0,-1.0,-1.0,1649357,2.0,7,,2.0,0.0,7.0,A01,138Â 291Â 607,1.0
966413,201900007944,2,9,21:10,3,1,1,3.0,6.0,29213,D35,M,"48,5906331"," -4,1109243",29,2019,80.0,1.0,2.0,3.0,2160163,10.0,3,4,1,0.0,,6.0,2,1972.0,B01,138Â 291Â 605,0.0,-1.0,-1.0,1649358,2.0,7,,0.0,1.0,1.0,B01,138Â 291Â 605,0.0
966413,201900007944,2,9,21:10,3,1,1,3.0,6.0,29213,D35,M,"48,5906331"," -4,1109243",29,2019,80.0,1.0,2.0,3.0,2160163,10.0,3,4,1,0.0,,6.0,2,1972.0,B01,138Â 291Â 605,0.0,-1.0,-1.0,1649359,2.0,7,,0.0,0.0,5.0,A01,138Â 291Â 606,0.0
966413,201900007944,2,9,21:10,3,1,1,3.0,6.0,29213,D35,M,"48,5906331"," -4,1109243",29,2019,80.0,1.0,2.0,3.0,2160164,1.0,1,1,2,5.0,,0.0,0,1985.0,B01,138Â 291Â 605,1.0,-1.0,-1.0,1649358,2.0,7,,0.0,1.0,1.0,B01,138Â 291Â 605,0.0
966413,201900007944,2,9,21:10,3,1,1,3.0,6.0,29213,D35,M,"48,5906331"," -4,1109243",29,2019,80.0,1.0,2.0,3.0,2160164,1.0,1,1,2,5.0,,0.0,0,1985.0,B01,138Â 291Â 605,1.0,-1.0,-1.0,1649359,2.0,7,,0.0,0.0,5.0,A01,138Â 291Â 606,0.0
966413,201900007944,2,9,21:10,3,1,1,3.0,6.0,29213,D35,M,"48,5906331"," -4,1109243",29,2019,80.0,1.0,2.0,3.0,2160165,1.0,1,1,2,0.0,,0.0,0,1993.0,A01,138Â 291Â 606,1.0,-1.0,-1.0,1649358,2.0,7,,0.0,1.0,1.0,B01,138Â 291Â 605,0.0
966413,201900007944,2,9,21:10,3,1,1,3.0,6.0,29213,D35,M,"48,5906331"," -4,1109243",29,2019,80.0,1.0,2.0,3.0,2160165,1.0,1,1,2,0.0,,0.0,0,1993.0,A01,138Â 291Â 606,1.0,-1.0,-1.0,1649359,2.0,7,,0.0,0.0,5.0,A01,138Â 291Â 606,0.0
966413,201900007944,2,9,21:10,3,1,1,3.0,6.0,29213,D35,M,"48,5906331"," -4,1109243",29,2019,80.0,1.0,2.0,3.0,2160166,2.0,2,1,2,0.0,,0.0,0,1994.0,A01,138Â 291Â 606,1.0,-1.0,-1.0,1649358,2.0,7,,0.0,1.0,1.0,B01,138Â 291Â 605,0.0
966413,201900007944,2,9,21:10,3,1,1,3.0,6.0,29213,D35,M,"48,5906331"," -4,1109243",29,2019,80.0,1.0,2.0,3.0,2160166,2.0,2,1,2,0.0,,0.0,0,1994.0,A01,138Â 291Â 606,1.0,-1.0,-1.0,1649359,2.0,7,,0.0,0.0,5.0,A01,138Â 291Â 606,0.0
966414,201900007945,2,12,11:15,1,2,1,1.0,6.0,29113,place Tanguy Prigent,M,"48,6466260"," -3,7165170",29,2019,30.0,1.0,1.0,3.0,2160167,1.0,1,1,1,5.0,,0.0,0,1940.0,A01,138Â 291Â 604,1.0,-1.0,-1.0,1649360,1.0,7,,0.0,1.0,3.0,A01,138Â 291Â 604,0.0
966414,201900007945,2,12,11:15,1,2,1,1.0,6.0,29113,place Tanguy Prigent,M,"48,6466260"," -3,7165170",29,2019,30.0,1.0,1.0,3.0,2160168,10.0,3,4,1,3.0,,3.0,3,1930.0,A01,138Â 291Â 604,0.0,-1.0,-1.0,1649360,1.0,7,,0.0,1.0,3.0,A01,138Â 291Â 604,0.0
966415,201900007946,2,8,19:08,3,1,1,2.0,6.0,29027,Lieu-dit KERADENNEC,M,"48,2043912"," -3,8256773",29,2019,70.0,3.0,2.0,2.0,2160169,10.0,3,3,1,4.0,,1.0,A,1968.0,A01,138Â 291Â 603,0.0,-1.0,-1.0,1649361,2.0,15,,3.0,0.0,5.0,A01,138Â 291Â 603,1.0
966416,201900007947,2,9,18:00,2,2,1,3.0,7.0,29056,route de runal,M,"48,4303300"," -4,3151450",29,2019,50.0,1.0,2.0,4.0,2160170,1.0,1,4,1,5.0,,0.0,0,1940.0,A01,138Â 291Â 602,0.0,-1.0,-1.0,1649362,0.0,21,,13.0,0.0,9.0,A01,138Â 291Â 602,1.0
966417,201900007948,2,8,11:50,1,2,6,1.0,3.0,31455,Rond point des Huguenots,M,"43,2533610","1,2005930",31,2019,50.0,1.0,1.0,3.0,2160171,1.0,1,3,1,5.0,,0.0,0,1940.0,B01,138Â 291Â 600,2.0,-1.0,-1.0,1649363,2.0,1,,0.0,2.0,7.0,B01,138Â 291Â 600,5.0
966417,201900007948,2,8,11:50,1,2,6,1.0,3.0,31455,Rond point des Huguenots,M,"43,2533610","1,2005930",31,2019,50.0,1.0,1.0,3.0,2160171,1.0,1,3,1,5.0,,0.0,0,1940.0,B01,138Â 291Â 600,2.0,-1.0,-1.0,1649364,1.0,7,,0.0,2.0,1.0,A01,138Â 291Â 601,1.0
966417,201900007948,2,8,11:50,1,2,6,1.0,3.0,31455,Rond point des Huguenots,M,"43,2533610","1,2005930",31,2019,50.0,1.0,1.0,3.0,2160172,1.0,1,1,2,5.0,,0.0,0,1973.0,A01,138Â 291Â 601,1.0,-1.0,-1.0,1649363,2.0,1,,0.0,2.0,7.0,B01,138Â 291Â 600,5.0
966417,201900007948,2,8,11:50,1,2,6,1.0,3.0,31455,Rond point des Huguenots,M,"43,2533610","1,2005930",31,2019,50.0,1.0,1.0,3.0,2160172,1.0,1,1,2,5.0,,0.0,0,1973.0,A01,138Â 291Â 601,1.0,-1.0,-1.0,1649364,1.0,7,,0.0,2.0,1.0,A01,138Â 291Â 601,1.0
966418,201900007949,2,9,15:30,1,2,1,1.0,5.0,31107,Route de l'arize,M,"43,2921140","1,2165390",31,2019,50.0,1.0,1.0,3.0,2160173,1.0,1,4,2,3.0,,0.0,0,1971.0,D01,138Â 291Â 596,1.0,-1.0,-1.0,1649365,1.0,7,,0.0,2.0,1.0,D01,138Â 291Â 596,0.0
966418,201900007949,2,9,15:30,1,2,1,1.0,5.0,31107,Route de l'arize,M,"43,2921140","1,2165390",31,2019,50.0,1.0,1.0,3.0,2160173,1.0,1,4,2,3.0,,0.0,0,1971.0,D01,138Â 291Â 596,1.0,-1.0,-1.0,1649366,1.0,7,,0.0,2.0,8.0,C01,138Â 291Â 597,0.0
966418,201900007949,2,9,15:30,1,2,1,1.0,5.0,31107,Route de l'arize,M,"43,2921140","1,2165390",31,2019,50.0,1.0,1.0,3.0,2160173,1.0,1,4,2,3.0,,0.0,0,1971.0,D01,138Â 291Â 596,1.0,-1.0,-1.0,1649367,2.0,7,,0.0,2.0,6.0,B01,138Â 291Â 598,0.0
966418,201900007949,2,9,15:30,1,2,1,1.0,5.0,31107,Route de l'arize,M,"43,2921140","1,2165390",31,2019,50.0,1.0,1.0,3.0,2160173,1.0,1,4,2,3.0,,0.0,0,1971.0,D01,138Â 291Â 596,1.0,-1.0,-1.0,1649368,2.0,7,,0.0,2.0,2.0,A01,138Â 291Â 599,0.0
966418,201900007949,2,9,15:30,1,2,1,1.0,5.0,31107,Route de l'arize,M,"43,2921140","1,2165390",31,2019,50.0,1.0,1.0,3.0,2160174,1.0,1,1,1,3.0,,0.0,0,1968.0,C01,138Â 291Â 597,1.0,-1.0,-1.0,1649365,1.0,7,,0.0,2.0,1.0,D01,138Â 291Â 596,0.0
966418,201900007949,2,9,15:30,1,2,1,1.0,5.0,31107,Route de l'arize,M,"43,2921140","1,2165390",31,2019,50.0,1.0,1.0,3.0,2160174,1.0,1,1,1,3.0,,0.0,0,1968.0,C01,138Â 291Â 597,1.0,-1.0,-1.0,1649366,1.0,7,,0.0,2.0,8.0,C01,138Â 291Â 597,0.0
966418,201900007949,2,9,15:30,1,2,1,1.0,5.0,31107,Route de l'arize,M,"43,2921140","1,2165390",31,2019,50.0,1.0,1.0,3.0,2160174,1.0,1,1,1,3.0,,0.0,0,1968.0,C01,138Â 291Â 597,1.0,-1.0,-1.0,1649367,2.0,7,,0.0,2.0,6.0,B01,138Â 291Â 598,0.0
966418,201900007949,2,9,15:30,1,2,1,1.0,5.0,31107,Route de l'arize,M,"43,2921140","1,2165390",31,2019,50.0,1.0,1.0,3.0,2160174,1.0,1,1,1,3.0,,0.0,0,1968.0,C01,138Â 291Â 597,1.0,-1.0,-1.0,1649368,2.0,7,,0.0,2.0,2.0,A01,138Â 291Â 599,0.0
966418,201900007949,2,9,15:30,1,2,1,1.0,5.0,31107,Route de l'arize,M,"43,2921140","1,2165390",31,2019,50.0,1.0,1.0,3.0,2160175,7.0,2,1,1,3.0,,0.0,0,2007.0,C01,138Â 291Â 597,1.0,-1.0,-1.0,1649365,1.0,7,,0.0,2.0,1.0,D01,138Â 291Â 596,0.0
966418,201900007949,2,9,15:30,1,2,1,1.0,5.0,31107,Route de l'arize,M,"43,2921140","1,2165390",31,2019,50.0,1.0,1.0,3.0,2160175,7.0,2,1,1,3.0,,0.0,0,2007.0,C01,138Â 291Â 597,1.0,-1.0,-1.0,1649366,1.0,7,,0.0,2.0,8.0,C01,138Â 291Â 597,0.0
966418,201900007949,2,9,15:30,1,2,1,1.0,5.0,31107,Route de l'arize,M,"43,2921140","1,2165390",31,2019,50.0,1.0,1.0,3.0,2160175,7.0,2,1,1,3.0,,0.0,0,2007.0,C01,138Â 291Â 597,1.0,-1.0,-1.0,1649367,2.0,7,,0.0,2.0,6.0,B01,138Â 291Â 598,0.0
966418,201900007949,2,9,15:30,1,2,1,1.0,5.0,31107,Route de l'arize,M,"43,2921140","1,2165390",31,2019,50.0,1.0,1.0,3.0,2160175,7.0,2,1,1,3.0,,0.0,0,2007.0,C01,138Â 291Â 597,1.0,-1.0,-1.0,1649368,2.0,7,,0.0,2.0,2.0,A01,138Â 291Â 599,0.0
966418,201900007949,2,9,15:30,1,2,1,1.0,5.0,31107,Route de l'arize,M,"43,2921140","1,2165390",31,2019,50.0,1.0,1.0,3.0,2160176,2.0,2,1,2,3.0,,0.0,0,1971.0,C01,138Â 291Â 597,1.0,-1.0,-1.0,1649365,1.0,7,,0.0,2.0,1.0,D01,138Â 291Â 596,0.0
966418,201900007949,2,9,15:30,1,2,1,1.0,5.0,31107,Route de l'arize,M,"43,2921140","1,2165390",31,2019,50.0,1.0,1.0,3.0,2160176,2.0,2,1,2,3.0,,0.0,0,1971.0,C01,138Â 291Â 597,1.0,-1.0,-1.0,1649366,1.0,7,,0.0,2.0,8.0,C01,138Â 291Â 597,0.0
966418,201900007949,2,9,15:30,1,2,1,1.0,5.0,31107,Route de l'arize,M,"43,2921140","1,2165390",31,2019,50.0,1.0,1.0,3.0,2160176,2.0,2,1,2,3.0,,0.0,0,1971.0,C01,138Â 291Â 597,1.0,-1.0,-1.0,1649367,2.0,7,,0.0,2.0,6.0,B01,138Â 291Â 598,0.0
966418,201900007949,2,9,15:30,1,2,1,1.0,5.0,31107,Route de l'arize,M,"43,2921140","1,2165390",31,2019,50.0,1.0,1.0,3.0,2160176,2.0,2,1,2,3.0,,0.0,0,1971.0,C01,138Â 291Â 597,1.0,-1.0,-1.0,1649368,2.0,7,,0.0,2.0,2.0,A01,138Â 291Â 599,0.0
966418,201900007949,2,9,15:30,1,2,1,1.0,5.0,31107,Route de l'arize,M,"43,2921140","1,2165390",31,2019,50.0,1.0,1.0,3.0,2160177,9.0,2,1,2,3.0,,0.0,0,2002.0,C01,138Â 291Â 597,1.0,-1.0,-1.0,1649365,1.0,7,,0.0,2.0,1.0,D01,138Â 291Â 596,0.0
966418,201900007949,2,9,15:30,1,2,1,1.0,5.0,31107,Route de l'arize,M,"43,2921140","1,2165390",31,2019,50.0,1.0,1.0,3.0,2160177,9.0,2,1,2,3.0,,0.0,0,2002.0,C01,138Â 291Â 597,1.0,-1.0,-1.0,1649366,1.0,7,,0.0,2.0,8.0,C01,138Â 291Â 597,0.0
966418,201900007949,2,9,15:30,1,2,1,1.0,5.0,31107,Route de l'arize,M,"43,2921140","1,2165390",31,2019,50.0,1.0,1.0,3.0,2160177,9.0,2,1,2,3.0,,0.0,0,2002.0,C01,138Â 291Â 597,1.0,-1.0,-1.0,1649367,2.0,7,,0.0,2.0,6.0,B01,138Â 291Â 598,0.0
966418,201900007949,2,9,15:30,1,2,1,1.0,5.0,31107,Route de l'arize,M,"43,2921140","1,2165390",31,2019,50.0,1.0,1.0,3.0,2160177,9.0,2,1,2,3.0,,0.0,0,2002.0,C01,138Â 291Â 597,1.0,-1.0,-1.0,1649368,2.0,7,,0.0,2.0,2.0,A01,138Â 291Â 599,0.0
966418,201900007949,2,9,15:30,1,2,1,1.0,5.0,31107,Route de l'arize,M,"43,2921140","1,2165390",31,2019,50.0,1.0,1.0,3.0,2160178,1.0,1,4,2,3.0,,0.0,0,1998.0,B01,138Â 291Â 598,5.0,1.0,-1.0,1649365,1.0,7,,0.0,2.0,1.0,D01,138Â 291Â 596,0.0
966418,201900007949,2,9,15:30,1,2,1,1.0,5.0,31107,Route de l'arize,M,"43,2921140","1,2165390",31,2019,50.0,1.0,1.0,3.0,2160178,1.0,1,4,2,3.0,,0.0,0,1998.0,B01,138Â 291Â 598,5.0,1.0,-1.0,1649366,1.0,7,,0.0,2.0,8.0,C01,138Â 291Â 597,0.0
966418,201900007949,2,9,15:30,1,2,1,1.0,5.0,31107,Route de l'arize,M,"43,2921140","1,2165390",31,2019,50.0,1.0,1.0,3.0,2160178,1.0,1,4,2,3.0,,0.0,0,1998.0,B01,138Â 291Â 598,5.0,1.0,-1.0,1649367,2.0,7,,0.0,2.0,6.0,B01,138Â 291Â 598,0.0
966418,201900007949,2,9,15:30,1,2,1,1.0,5.0,31107,Route de l'arize,M,"43,2921140","1,2165390",31,2019,50.0,1.0,1.0,3.0,2160178,1.0,1,4,2,3.0,,0.0,0,1998.0,B01,138Â 291Â 598,5.0,1.0,-1.0,1649368,2.0,7,,0.0,2.0,2.0,A01,138Â 291Â 599,0.0
966418,201900007949,2,9,15:30,1,2,1,1.0,5.0,31107,Route de l'arize,M,"43,2921140","1,2165390",31,2019,50.0,1.0,1.0,3.0,2160179,2.0,2,4,2,3.0,,0.0,0,1964.0,B01,138Â 291Â 598,1.0,-1.0,-1.0,1649365,1.0,7,,0.0,2.0,1.0,D01,138Â 291Â 596,0.0
966418,201900007949,2,9,15:30,1,2,1,1.0,5.0,31107,Route de l'arize,M,"43,2921140","1,2165390",31,2019,50.0,1.0,1.0,3.0,2160179,2.0,2,4,2,3.0,,0.0,0,1964.0,B01,138Â 291Â 598,1.0,-1.0,-1.0,1649366,1.0,7,,0.0,2.0,8.0,C01,138Â 291Â 597,0.0
966418,201900007949,2,9,15:30,1,2,1,1.0,5.0,31107,Route de l'arize,M,"43,2921140","1,2165390",31,2019,50.0,1.0,1.0,3.0,2160179,2.0,2,4,2,3.0,,0.0,0,1964.0,B01,138Â 291Â 598,1.0,-1.0,-1.0,1649367,2.0,7,,0.0,2.0,6.0,B01,138Â 291Â 598,0.0
966418,201900007949,2,9,15:30,1,2,1,1.0,5.0,31107,Route de l'arize,M,"43,2921140","1,2165390",31,2019,50.0,1.0,1.0,3.0,2160179,2.0,2,4,2,3.0,,0.0,0,1964.0,B01,138Â 291Â 598,1.0,-1.0,-1.0,1649368,2.0,7,,0.0,2.0,2.0,A01,138Â 291Â 599,0.0
966418,201900007949,2,9,15:30,1,2,1,1.0,5.0,31107,Route de l'arize,M,"43,2921140","1,2165390",31,2019,50.0,1.0,1.0,3.0,2160180,1.0,1,4,1,3.0,,0.0,0,1959.0,A01,138Â 291Â 599,5.0,-1.0,-1.0,1649365,1.0,7,,0.0,2.0,1.0,D01,138Â 291Â 596,0.0
966418,201900007949,2,9,15:30,1,2,1,1.0,5.0,31107,Route de l'arize,M,"43,2921140","1,2165390",31,2019,50.0,1.0,1.0,3.0,2160180,1.0,1,4,1,3.0,,0.0,0,1959.0,A01,138Â 291Â 599,5.0,-1.0,-1.0,1649366,1.0,7,,0.0,2.0,8.0,C01,138Â 291Â 597,0.0
966418,201900007949,2,9,15:30,1,2,1,1.0,5.0,31107,Route de l'arize,M,"43,2921140","1,2165390",31,2019,50.0,1.0,1.0,3.0,2160180,1.0,1,4,1,3.0,,0.0,0,1959.0,A01,138Â 291Â 599,5.0,-1.0,-1.0,1649367,2.0,7,,0.0,2.0,6.0,B01,138Â 291Â 598,0.0
966418,201900007949,2,9,15:30,1,2,1,1.0,5.0,31107,Route de l'arize,M,"43,2921140","1,2165390",31,2019,50.0,1.0,1.0,3.0,2160180,1.0,1,4,1,3.0,,0.0,0,1959.0,A01,138Â 291Â 599,5.0,-1.0,-1.0,1649368,2.0,7,,0.0,2.0,2.0,A01,138Â 291Â 599,0.0
966419,201900007950,2,9,16:45,1,1,1,1.0,6.0,38139,D16,M,"45,7386200","5,4665700",38,2019,80.0,8.0,1.0,3.0,2160181,1.0,1,3,1,5.0,,0.0,0,1953.0,A01,138Â 291Â 593,1.0,-1.0,-1.0,1649369,1.0,7,,2.0,0.0,8.0,A01,138Â 291Â 593,1.0