Unnamed: 0_x,num_acc,mois,jour,hrmn,lum,agg,int,atm,col,com,adr,gps,lat,long,dep,annee,vma,situ,surf,catr,Unnamed: 0_y,place,catu,grav,sexe,trajet,secu,locp,actp,an_nais,num_veh_x,id_vehicule_x,secu1,secu2,secu3,Unnamed: 0,senc,catv,occutc,obs,obsm,choc,num_veh_y,id_vehicule_y,motor
966420,201900007951,2,6,11:40,1,2,1,1.0,1.0,38022,Route du DauphinÃ©,M,"45,6355600","5,5214400",38,2019,50.0,1.0,1.0,3.0,2160182,1.0,1,1,1,4.0,,0.0,0,1981.0,A01,138Â 291Â 591,1.0,5.0,-1.0,1649370,2.0,7,,0.0,2.0,3.0,A01,138Â 291Â 591,1.0
966420,201900007951,2,6,11:40,1,2,1,1.0,1.0,38022,Route du DauphinÃ©,M,"45,6355600","5,5214400",38,2019,50.0,1.0,1.0,3.0,2160182,1.0,1,1,1,4.0,,0.0,0,1981.0,A01,138Â 291Â 591,1.0,5.0,-1.0,1649371,1.0,3,,0.0,2.0,3.0,B01,138Â 291Â 592,1.0
966420,201900007951,2,6,11:40,1,2,1,1.0,1.0,38022,Route du DauphinÃ©,M,"45,6355600","5,5214400",38,2019,50.0,1.0,1.0,3.0,2160183,1.0,1,3,1,1.0,,0.0,0,2000.0,B01,138Â 291Â 592,1.0,-1.0,-1.0,1649370,2.0,7,,0.0,2.0,3.0,A01,138Â 291Â 591,1.0
966420,201900007951,2,6,11:40,1,2,1,1.0,1.0,38022,Route du DauphinÃ©,M,"45,6355600","5,5214400",38,2019,50.0,1.0,1.0,3.0,2160183,1.0,1,3,1,1.0,,0.0,0,2000.0,B01,138Â 291Â 592,1.0,-1.0,-1.0,1649371,1.0,3,,0.0,2.0,3.0,B01,138Â 291Â 592,1.0
966421,201900007952,2,9,12:40,1,2,1,1.0,6.0,02071,chemin du verleux,M,"49,4136830","3,1499950",2,2019,50.0,8.0,6.0,4.0,2160184,1.0,1,3,1,5.0,,0.0,0,1997.0,A01,138Â 291Â 590,2.0,6.0,-1.0,1649372,3.0,31,,14.0,0.0,1.0,A01,138Â 291Â 590,1.0
966422,201900007953,2,8,19:45,3,1,1,1.0,3.0,02453,D103,M,"49,3826632","3,7356379",2,2019,70.0,1.0,1.0,3.0,2160185,1.0,1,4,1,2.0,,0.0,0,2003.0,B01,138Â 291Â 588,4.0,-1.0,-1.0,1649373,1.0,1,,0.0,2.0,8.0,B01,138Â 291Â 588,5.0
966422,201900007953,2,8,19:45,3,1,1,1.0,3.0,02453,D103,M,"49,3826632","3,7356379",2,2019,70.0,1.0,1.0,3.0,2160185,1.0,1,4,1,2.0,,0.0,0,2003.0,B01,138Â 291Â 588,4.0,-1.0,-1.0,1649374,1.0,7,,0.0,0.0,7.0,A01,138Â 291Â 589,0.0
966423,201900007954,2,13,17:50,1,1,2,1.0,5.0,02046,Lieu dit maison blanche RN2,M,"49,6275200","3,6763950",2,2019,80.0,1.0,1.0,2.0,2160186,1.0,1,4,1,4.0,,0.0,0,1965.0,C01,138Â 291Â 585,1.0,-1.0,-1.0,1649375,2.0,17,,0.0,2.0,1.0,C01,138Â 291Â 585,1.0
966423,201900007954,2,13,17:50,1,1,2,1.0,5.0,02046,Lieu dit maison blanche RN2,M,"49,6275200","3,6763950",2,2019,80.0,1.0,1.0,2.0,2160186,1.0,1,4,1,4.0,,0.0,0,1965.0,C01,138Â 291Â 585,1.0,-1.0,-1.0,1649376,2.0,17,,0.0,2.0,1.0,B01,138Â 291Â 586,1.0
966423,201900007954,2,13,17:50,1,1,2,1.0,5.0,02046,Lieu dit maison blanche RN2,M,"49,6275200","3,6763950",2,2019,80.0,1.0,1.0,2.0,2160186,1.0,1,4,1,4.0,,0.0,0,1965.0,C01,138Â 291Â 585,1.0,-1.0,-1.0,1649377,0.0,7,,0.0,0.0,6.0,A01,138Â 291Â 587,1.0
966423,201900007954,2,13,17:50,1,1,2,1.0,5.0,02046,Lieu dit maison blanche RN2,M,"49,6275200","3,6763950",2,2019,80.0,1.0,1.0,2.0,2160187,1.0,1,1,1,4.0,,0.0,0,1974.0,B01,138Â 291Â 586,1.0,-1.0,-1.0,1649375,2.0,17,,0.0,2.0,1.0,C01,138Â 291Â 585,1.0
966423,201900007954,2,13,17:50,1,1,2,1.0,5.0,02046,Lieu dit maison blanche RN2,M,"49,6275200","3,6763950",2,2019,80.0,1.0,1.0,2.0,2160187,1.0,1,1,1,4.0,,0.0,0,1974.0,B01,138Â 291Â 586,1.0,-1.0,-1.0,1649376,2.0,17,,0.0,2.0,1.0,B01,138Â 291Â 586,1.0
966423,201900007954,2,13,17:50,1,1,2,1.0,5.0,02046,Lieu dit maison blanche RN2,M,"49,6275200","3,6763950",2,2019,80.0,1.0,1.0,2.0,2160187,1.0,1,1,1,4.0,,0.0,0,1974.0,B01,138Â 291Â 586,1.0,-1.0,-1.0,1649377,0.0,7,,0.0,0.0,6.0,A01,138Â 291Â 587,1.0
966423,201900007954,2,13,17:50,1,1,2,1.0,5.0,02046,Lieu dit maison blanche RN2,M,"49,6275200","3,6763950",2,2019,80.0,1.0,1.0,2.0,2160188,4.0,2,3,1,5.0,,0.0,0,2011.0,A01,138Â 291Â 587,1.0,-1.0,-1.0,1649375,2.0,17,,0.0,2.0,1.0,C01,138Â 291Â 585,1.0
966423,201900007954,2,13,17:50,1,1,2,1.0,5.0,02046,Lieu dit maison blanche RN2,M,"49,6275200","3,6763950",2,2019,80.0,1.0,1.0,2.0,2160188,4.0,2,3,1,5.0,,0.0,0,2011.0,A01,138Â 291Â 587,1.0,-1.0,-1.0,1649376,2.0,17,,0.0,2.0,1.0,B01,138Â 291Â 586,1.0
966423,201900007954,2,13,17:50,1,1,2,1.0,5.0,02046,Lieu dit maison blanche RN2,M,"49,6275200","3,6763950",2,2019,80.0,1.0,1.0,2.0,2160188,4.0,2,3,1,5.0,,0.0,0,2011.0,A01,138Â 291Â 587,1.0,-1.0,-1.0,1649377,0.0,7,,0.0,0.0,6.0,A01,138Â 291Â 587,1.0
966423,201900007954,2,13,17:50,1,1,2,1.0,5.0,02046,Lieu dit maison blanche RN2,M,"49,6275200","3,6763950",2,2019,80.0,1.0,1.0,2.0,2160189,1.0,1,4,2,5.0,,0.0,0,1983.0,A01,138Â 291Â 587,1.0,5.0,-1.0,1649375,2.0,17,,0.0,2.0,1.0,C01,138Â 291Â 585,1.0
966423,201900007954,2,13,17:50,1,1,2,1.0,5.0,02046,Lieu dit maison blanche RN2,M,"49,6275200","3,6763950",2,2019,80.0,1.0,1.0,2.0,2160189,1.0,1,4,2,5.0,,0.0,0,1983.0,A01,138Â 291Â 587,1.0,5.0,-1.0,1649376,2.0,17,,0.0,2.0,1.0,B01,138Â 291Â 586,1.0
966423,201900007954,2,13,17:50,1,1,2,1.0,5.0,02046,Lieu dit maison blanche RN2,M,"49,6275200","3,6763950",2,2019,80.0,1.0,1.0,2.0,2160189,1.0,1,4,2,5.0,,0.0,0,1983.0,A01,138Â 291Â 587,1.0,5.0,-1.0,1649377,0.0,7,,0.0,0.0,6.0,A01,138Â 291Â 587,1.0
966423,201900007954,2,13,17:50,1,1,2,1.0,5.0,02046,Lieu dit maison blanche RN2,M,"49,6275200","3,6763950",2,2019,80.0,1.0,1.0,2.0,2160190,3.0,2,3,1,5.0,,0.0,0,2018.0,A01,138Â 291Â 587,3.0,-1.0,-1.0,1649375,2.0,17,,0.0,2.0,1.0,C01,138Â 291Â 585,1.0
966423,201900007954,2,13,17:50,1,1,2,1.0,5.0,02046,Lieu dit maison blanche RN2,M,"49,6275200","3,6763950",2,2019,80.0,1.0,1.0,2.0,2160190,3.0,2,3,1,5.0,,0.0,0,2018.0,A01,138Â 291Â 587,3.0,-1.0,-1.0,1649376,2.0,17,,0.0,2.0,1.0,B01,138Â 291Â 586,1.0
966423,201900007954,2,13,17:50,1,1,2,1.0,5.0,02046,Lieu dit maison blanche RN2,M,"49,6275200","3,6763950",2,2019,80.0,1.0,1.0,2.0,2160190,3.0,2,3,1,5.0,,0.0,0,2018.0,A01,138Â 291Â 587,3.0,-1.0,-1.0,1649377,0.0,7,,0.0,0.0,6.0,A01,138Â 291Â 587,1.0
966424,201900007955,2,9,10:35,1,2,1,1.0,6.0,84089,boulevard jean guigues,M,"43,6833120","5,5351030",84,2019,50.0,1.0,1.0,4.0,2160191,1.0,1,1,1,5.0,,0.0,0,2002.0,A01,138Â 291Â 584,2.0,-1.0,-1.0,1649378,3.0,2,,0.0,1.0,1.0,A01,138Â 291Â 584,1.0
966424,201900007955,2,9,10:35,1,2,1,1.0,6.0,84089,boulevard jean guigues,M,"43,6833120","5,5351030",84,2019,50.0,1.0,1.0,4.0,2160192,10.0,3,3,2,5.0,,3.0,3,1944.0,A01,138Â 291Â 584,0.0,-1.0,-1.0,1649378,3.0,2,,0.0,1.0,1.0,A01,138Â 291Â 584,1.0
966425,201900007956,2,7,16:00,1,1,1,1.0,6.0,03214,,M,"46,4308734","3,0450064",3,2019,80.0,3.0,2.0,3.0,2160193,1.0,1,3,2,2.0,,0.0,0,1987.0,A01,138Â 291Â 583,1.0,-1.0,-1.0,1649379,2.0,7,,13.0,0.0,1.0,A01,138Â 291Â 583,1.0
966426,201900007957,2,9,18:40,3,1,1,1.0,6.0,15092,D49,M,"45,4232920","2,5366680",15,2019,80.0,1.0,2.0,3.0,2160194,1.0,1,3,1,0.0,,0.0,0,1951.0,A01,138Â 291Â 582,1.0,-1.0,-1.0,1649380,1.0,7,,2.0,0.0,1.0,A01,138Â 291Â 582,1.0
966427,201900007958,2,9,21:30,5,2,1,1.0,6.0,01415,CD 992 lieu dit AMEZIEU,M,"45,8720830","5,7074550",1,2019,50.0,1.0,1.0,3.0,2160195,1.0,1,1,2,5.0,,0.0,0,1954.0,A01,138Â 291Â 581,1.0,-1.0,-1.0,1649381,1.0,7,,0.0,1.0,2.0,A01,138Â 291Â 581,1.0
966427,201900007958,2,9,21:30,5,2,1,1.0,6.0,01415,CD 992 lieu dit AMEZIEU,M,"45,8720830","5,7074550",1,2019,50.0,1.0,1.0,3.0,2160196,10.0,3,3,1,5.0,,3.0,3,1980.0,A01,138Â 291Â 581,0.0,-1.0,-1.0,1649381,1.0,7,,0.0,1.0,2.0,A01,138Â 291Â 581,1.0
966428,201900007959,2,13,10:15,1,1,1,1.0,7.0,01040,D26 - La tronchay,M,"46,3573740","5,0532630",1,2019,70.0,1.0,1.0,3.0,2160197,1.0,1,3,1,5.0,,0.0,0,1983.0,A01,138Â 291Â 580,2.0,-1.0,-1.0,1649382,1.0,2,,0.0,0.0,8.0,A01,138Â 291Â 580,1.0
966429,201900007960,2,9,05:00,3,1,1,2.0,7.0,70311,RN57,M,"47,8279720","6,3995500",70,2019,110.0,2.0,2.0,2.0,2160198,1.0,1,3,2,3.0,,0.0,0,1958.0,A01,138Â 291Â 579,1.0,-1.0,-1.0,1649383,1.0,7,,3.0,0.0,8.0,A01,138Â 291Â 579,0.0
966430,201900007961,2,8,17:15,1,1,2,1.0,3.0,70150,"Lieu dit ""Chenevrey Gare""",M,"47,2789620","5,7170720",70,2019,80.0,1.0,1.0,3.0,2160199,1.0,1,1,2,1.0,,0.0,0,1998.0,A01,138Â 291Â 577,1.0,-1.0,-1.0,1649384,1.0,7,,0.0,2.0,2.0,A01,138Â 291Â 577,0.0
966430,201900007961,2,8,17:15,1,1,2,1.0,3.0,70150,"Lieu dit ""Chenevrey Gare""",M,"47,2789620","5,7170720",70,2019,80.0,1.0,1.0,3.0,2160199,1.0,1,1,2,1.0,,0.0,0,1998.0,A01,138Â 291Â 577,1.0,-1.0,-1.0,1649385,1.0,7,,13.0,0.0,8.0,B01,138Â 291Â 578,0.0
966430,201900007961,2,8,17:15,1,1,2,1.0,3.0,70150,"Lieu dit ""Chenevrey Gare""",M,"47,2789620","5,7170720",70,2019,80.0,1.0,1.0,3.0,2160200,3.0,2,4,2,1.0,,0.0,0,2014.0,B01,138Â 291Â 578,3.0,-1.0,-1.0,1649384,1.0,7,,0.0,2.0,2.0,A01,138Â 291Â 577,0.0
966430,201900007961,2,8,17:15,1,1,2,1.0,3.0,70150,"Lieu dit ""Chenevrey Gare""",M,"47,2789620","5,7170720",70,2019,80.0,1.0,1.0,3.0,2160200,3.0,2,4,2,1.0,,0.0,0,2014.0,B01,138Â 291Â 578,3.0,-1.0,-1.0,1649385,1.0,7,,13.0,0.0,8.0,B01,138Â 291Â 578,0.0
966430,201900007961,2,8,17:15,1,1,2,1.0,3.0,70150,"Lieu dit ""Chenevrey Gare""",M,"47,2789620","5,7170720",70,2019,80.0,1.0,1.0,3.0,2160201,1.0,1,1,2,1.0,,0.0,0,1980.0,B01,138Â 291Â 578,1.0,-1.0,-1.0,1649384,1.0,7,,0.0,2.0,2.0,A01,138Â 291Â 577,0.0
966430,201900007961,2,8,17:15,1,1,2,1.0,3.0,70150,"Lieu dit ""Chenevrey Gare""",M,"47,2789620","5,7170720",70,2019,80.0,1.0,1.0,3.0,2160201,1.0,1,1,2,1.0,,0.0,0,1980.0,B01,138Â 291Â 578,1.0,-1.0,-1.0,1649385,1.0,7,,13.0,0.0,8.0,B01,138Â 291Â 578,0.0
966431,201900007962,2,8,10:00,1,2,1,1.0,6.0,70198,19 rue Bernard Louvot,M,"47,5616980","5,6780770",70,2019,50.0,1.0,1.0,9.0,2160202,1.0,1,3,2,9.0,,0.0,0,1943.0,A01,138Â 291Â 576,1.0,-1.0,-1.0,1649386,3.0,7,,2.0,0.0,2.0,A01,138Â 291Â 576,1.0
966432,201900007963,2,12,13:40,1,1,1,1.0,4.0,26108,Route de Montelimar -Quartier les Blaches,M,"44,7186410","5,0117610",26,2019,80.0,1.0,1.0,3.0,2160203,1.0,1,3,2,5.0,,0.0,0,1959.0,A01,138Â 291Â 573,1.0,-1.0,-1.0,1649387,2.0,7,,0.0,2.0,1.0,A01,138Â 291Â 573,1.0
966432,201900007963,2,12,13:40,1,1,1,1.0,4.0,26108,Route de Montelimar -Quartier les Blaches,M,"44,7186410","5,0117610",26,2019,80.0,1.0,1.0,3.0,2160203,1.0,1,3,2,5.0,,0.0,0,1959.0,A01,138Â 291Â 573,1.0,-1.0,-1.0,1649388,2.0,7,,0.0,2.0,4.0,B01,138Â 291Â 574,1.0
966432,201900007963,2,12,13:40,1,1,1,1.0,4.0,26108,Route de Montelimar -Quartier les Blaches,M,"44,7186410","5,0117610",26,2019,80.0,1.0,1.0,3.0,2160203,1.0,1,3,2,5.0,,0.0,0,1959.0,A01,138Â 291Â 573,1.0,-1.0,-1.0,1649389,2.0,7,,0.0,0.0,4.0,C01,138Â 291Â 575,1.0
966432,201900007963,2,12,13:40,1,1,1,1.0,4.0,26108,Route de Montelimar -Quartier les Blaches,M,"44,7186410","5,0117610",26,2019,80.0,1.0,1.0,3.0,2160204,1.0,1,1,1,5.0,,0.0,0,1958.0,B01,138Â 291Â 574,1.0,-1.0,-1.0,1649387,2.0,7,,0.0,2.0,1.0,A01,138Â 291Â 573,1.0
966432,201900007963,2,12,13:40,1,1,1,1.0,4.0,26108,Route de Montelimar -Quartier les Blaches,M,"44,7186410","5,0117610",26,2019,80.0,1.0,1.0,3.0,2160204,1.0,1,1,1,5.0,,0.0,0,1958.0,B01,138Â 291Â 574,1.0,-1.0,-1.0,1649388,2.0,7,,0.0,2.0,4.0,B01,138Â 291Â 574,1.0
966432,201900007963,2,12,13:40,1,1,1,1.0,4.0,26108,Route de Montelimar -Quartier les Blaches,M,"44,7186410","5,0117610",26,2019,80.0,1.0,1.0,3.0,2160204,1.0,1,1,1,5.0,,0.0,0,1958.0,B01,138Â 291Â 574,1.0,-1.0,-1.0,1649389,2.0,7,,0.0,0.0,4.0,C01,138Â 291Â 575,1.0
966432,201900007963,2,12,13:40,1,1,1,1.0,4.0,26108,Route de Montelimar -Quartier les Blaches,M,"44,7186410","5,0117610",26,2019,80.0,1.0,1.0,3.0,2160205,1.0,1,1,1,1.0,,0.0,0,1989.0,C01,138Â 291Â 575,1.0,-1.0,-1.0,1649387,2.0,7,,0.0,2.0,1.0,A01,138Â 291Â 573,1.0
966432,201900007963,2,12,13:40,1,1,1,1.0,4.0,26108,Route de Montelimar -Quartier les Blaches,M,"44,7186410","5,0117610",26,2019,80.0,1.0,1.0,3.0,2160205,1.0,1,1,1,1.0,,0.0,0,1989.0,C01,138Â 291Â 575,1.0,-1.0,-1.0,1649388,2.0,7,,0.0,2.0,4.0,B01,138Â 291Â 574,1.0
966432,201900007963,2,12,13:40,1,1,1,1.0,4.0,26108,Route de Montelimar -Quartier les Blaches,M,"44,7186410","5,0117610",26,2019,80.0,1.0,1.0,3.0,2160205,1.0,1,1,1,1.0,,0.0,0,1989.0,C01,138Â 291Â 575,1.0,-1.0,-1.0,1649389,2.0,7,,0.0,0.0,4.0,C01,138Â 291Â 575,1.0
966433,201900007964,2,13,15:40,1,1,1,1.0,2.0,58095,route des feuillats,M,"46,7930560","3,5085170",58,2019,80.0,1.0,1.0,3.0,2160206,1.0,1,1,1,5.0,,0.0,0,1956.0,B01,138Â 291Â 571,2.0,-1.0,-1.0,1649390,2.0,1,,0.0,0.0,4.0,B01,138Â 291Â 571,5.0
966433,201900007964,2,13,15:40,1,1,1,1.0,2.0,58095,route des feuillats,M,"46,7930560","3,5085170",58,2019,80.0,1.0,1.0,3.0,2160206,1.0,1,1,1,5.0,,0.0,0,1956.0,B01,138Â 291Â 571,2.0,-1.0,-1.0,1649391,2.0,1,,0.0,2.0,1.0,A01,138Â 291Â 572,5.0
966433,201900007964,2,13,15:40,1,1,1,1.0,2.0,58095,route des feuillats,M,"46,7930560","3,5085170",58,2019,80.0,1.0,1.0,3.0,2160207,1.0,1,3,1,5.0,,0.0,0,1957.0,A01,138Â 291Â 572,2.0,-1.0,-1.0,1649390,2.0,1,,0.0,0.0,4.0,B01,138Â 291Â 571,5.0
966433,201900007964,2,13,15:40,1,1,1,1.0,2.0,58095,route des feuillats,M,"46,7930560","3,5085170",58,2019,80.0,1.0,1.0,3.0,2160207,1.0,1,3,1,5.0,,0.0,0,1957.0,A01,138Â 291Â 572,2.0,-1.0,-1.0,1649391,2.0,1,,0.0,2.0,1.0,A01,138Â 291Â 572,5.0
966434,201900007965,2,12,16:39,1,1,1,1.0,3.0,72382,lieu dit l'Ã©cotay,M,"47,9359170","0,4737010",72,2019,80.0,1.0,1.0,4.0,2160208,1.0,1,1,1,5.0,,0.0,0,1948.0,A01,138Â 291Â 569,1.0,-1.0,-1.0,1649392,0.0,7,,0.0,2.0,2.0,A01,138Â 291Â 569,1.0
966434,201900007965,2,12,16:39,1,1,1,1.0,3.0,72382,lieu dit l'Ã©cotay,M,"47,9359170","0,4737010",72,2019,80.0,1.0,1.0,4.0,2160208,1.0,1,1,1,5.0,,0.0,0,1948.0,A01,138Â 291Â 569,1.0,-1.0,-1.0,1649393,0.0,2,,0.0,2.0,8.0,B01,138Â 291Â 570,1.0
966434,201900007965,2,12,16:39,1,1,1,1.0,3.0,72382,lieu dit l'Ã©cotay,M,"47,9359170","0,4737010",72,2019,80.0,1.0,1.0,4.0,2160209,1.0,1,3,1,0.0,,0.0,0,2003.0,B01,138Â 291Â 570,2.0,-1.0,-1.0,1649392,0.0,7,,0.0,2.0,2.0,A01,138Â 291Â 569,1.0
966434,201900007965,2,12,16:39,1,1,1,1.0,3.0,72382,lieu dit l'Ã©cotay,M,"47,9359170","0,4737010",72,2019,80.0,1.0,1.0,4.0,2160209,1.0,1,3,1,0.0,,0.0,0,2003.0,B01,138Â 291Â 570,2.0,-1.0,-1.0,1649393,0.0,2,,0.0,2.0,8.0,B01,138Â 291Â 570,1.0
966435,201900007966,2,12,17:30,1,1,1,1.0,1.0,72169,C4,M,"47,9474050","0,0799810",72,2019,80.0,1.0,1.0,4.0,2160210,1.0,1,3,1,5.0,,0.0,0,1964.0,A01,138Â 291Â 566,1.0,-1.0,-1.0,1649394,0.0,7,,0.0,2.0,1.0,A01,138Â 291Â 566,1.0
966435,201900007966,2,12,17:30,1,1,1,1.0,1.0,72169,C4,M,"47,9474050","0,0799810",72,2019,80.0,1.0,1.0,4.0,2160210,1.0,1,3,1,5.0,,0.0,0,1964.0,A01,138Â 291Â 566,1.0,-1.0,-1.0,1649395,0.0,7,,0.0,2.0,1.0,B01,138Â 291Â 567,1.0
966435,201900007966,2,12,17:30,1,1,1,1.0,1.0,72169,C4,M,"47,9474050","0,0799810",72,2019,80.0,1.0,1.0,4.0,2160211,1.0,1,4,1,1.0,,0.0,0,1968.0,B01,138Â 291Â 567,1.0,-1.0,-1.0,1649394,0.0,7,,0.0,2.0,1.0,A01,138Â 291Â 566,1.0
966435,201900007966,2,12,17:30,1,1,1,1.0,1.0,72169,C4,M,"47,9474050","0,0799810",72,2019,80.0,1.0,1.0,4.0,2160211,1.0,1,4,1,1.0,,0.0,0,1968.0,B01,138Â 291Â 567,1.0,-1.0,-1.0,1649395,0.0,7,,0.0,2.0,1.0,B01,138Â 291Â 567,1.0
966436,201900007967,2,11,07:40,1,2,1,2.0,3.0,72346,3 rue du Faubourg St Michel,M,"47,8898480","0,0322540",72,2019,50.0,1.0,2.0,9.0,2160212,1.0,1,3,1,1.0,,0.0,0,1981.0,A01,138Â 291Â 561,0.0,-1.0,-1.0,1649396,3.0,1,,0.0,2.0,2.0,A01,138Â 291Â 561,5.0
966436,201900007967,2,11,07:40,1,2,1,2.0,3.0,72346,3 rue du Faubourg St Michel,M,"47,8898480","0,0322540",72,2019,50.0,1.0,2.0,9.0,2160212,1.0,1,3,1,1.0,,0.0,0,1981.0,A01,138Â 291Â 561,0.0,-1.0,-1.0,1649397,3.0,7,,0.0,9.0,2.0,B01,138Â 291Â 562,1.0
966436,201900007967,2,11,07:40,1,2,1,2.0,3.0,72346,3 rue du Faubourg St Michel,M,"47,8898480","0,0322540",72,2019,50.0,1.0,2.0,9.0,2160213,1.0,1,1,2,1.0,,0.0,0,1989.0,B01,138Â 291Â 562,1.0,-1.0,-1.0,1649396,3.0,1,,0.0,2.0,2.0,A01,138Â 291Â 561,5.0
966436,201900007967,2,11,07:40,1,2,1,2.0,3.0,72346,3 rue du Faubourg St Michel,M,"47,8898480","0,0322540",72,2019,50.0,1.0,2.0,9.0,2160213,1.0,1,1,2,1.0,,0.0,0,1989.0,B01,138Â 291Â 562,1.0,-1.0,-1.0,1649397,3.0,7,,0.0,9.0,2.0,B01,138Â 291Â 562,1.0
966437,201900007968,2,13,08:30,1,1,1,1.0,1.0,06113,D22,M,"43,7940630","7,4567960",6,2019,80.0,1.0,1.0,3.0,2160214,1.0,1,1,1,4.0,,0.0,0,1962.0,B01,138Â 291Â 559,1.0,-1.0,-1.0,1649398,2.0,13,,0.0,2.0,1.0,B01,138Â 291Â 559,1.0
966437,201900007968,2,13,08:30,1,1,1,1.0,1.0,06113,D22,M,"43,7940630","7,4567960",6,2019,80.0,1.0,1.0,3.0,2160214,1.0,1,1,1,4.0,,0.0,0,1962.0,B01,138Â 291Â 559,1.0,-1.0,-1.0,1649399,1.0,33,,0.0,2.0,8.0,A01,138Â 291Â 560,1.0
966437,201900007968,2,13,08:30,1,1,1,1.0,1.0,06113,D22,M,"43,7940630","7,4567960",6,2019,80.0,1.0,1.0,3.0,2160215,2.0,2,1,2,4.0,,0.0,0,1981.0,B01,138Â 291Â 559,1.0,-1.0,-1.0,1649398,2.0,13,,0.0,2.0,1.0,B01,138Â 291Â 559,1.0
966437,201900007968,2,13,08:30,1,1,1,1.0,1.0,06113,D22,M,"43,7940630","7,4567960",6,2019,80.0,1.0,1.0,3.0,2160215,2.0,2,1,2,4.0,,0.0,0,1981.0,B01,138Â 291Â 559,1.0,-1.0,-1.0,1649399,1.0,33,,0.0,2.0,8.0,A01,138Â 291Â 560,1.0
966437,201900007968,2,13,08:30,1,1,1,1.0,1.0,06113,D22,M,"43,7940630","7,4567960",6,2019,80.0,1.0,1.0,3.0,2160216,1.0,1,3,1,0.0,,0.0,0,1966.0,A01,138Â 291Â 560,2.0,6.0,-1.0,1649398,2.0,13,,0.0,2.0,1.0,B01,138Â 291Â 559,1.0
966437,201900007968,2,13,08:30,1,1,1,1.0,1.0,06113,D22,M,"43,7940630","7,4567960",6,2019,80.0,1.0,1.0,3.0,2160216,1.0,1,3,1,0.0,,0.0,0,1966.0,A01,138Â 291Â 560,2.0,6.0,-1.0,1649399,1.0,33,,0.0,2.0,8.0,A01,138Â 291Â 560,1.0
966438,201900007969,2,11,18:20,2,1,4,1.0,6.0,14425,La Croix Blanche,M,"49,0971390","0,1234100",14,2019,80.0,3.0,2.0,3.0,2160217,1.0,1,3,2,1.0,,0.0,0,2000.0,A01,138Â 291Â 558,8.0,-1.0,-1.0,1649400,1.0,7,,6.0,0.0,1.0,A01,138Â 291Â 558,1.0
966439,201900007970,2,10,18:00,2,1,1,4.0,3.0,50215,D 650 PK 76 +300,M,"49,1059421"," -1,5962791",50,2019,80.0,1.0,2.0,3.0,2160218,1.0,1,3,2,5.0,,0.0,0,1946.0,B01,138Â 291Â 556,1.0,-1.0,-1.0,1649401,1.0,7,,0.0,2.0,1.0,B01,138Â 291Â 556,1.0
966439,201900007970,2,10,18:00,2,1,1,4.0,3.0,50215,D 650 PK 76 +300,M,"49,1059421"," -1,5962791",50,2019,80.0,1.0,2.0,3.0,2160218,1.0,1,3,2,5.0,,0.0,0,1946.0,B01,138Â 291Â 556,1.0,-1.0,-1.0,1649402,2.0,7,,0.0,2.0,7.0,A01,138Â 291Â 557,1.0
966439,201900007970,2,10,18:00,2,1,1,4.0,3.0,50215,D 650 PK 76 +300,M,"49,1059421"," -1,5962791",50,2019,80.0,1.0,2.0,3.0,2160219,2.0,2,2,1,5.0,,0.0,0,1971.0,B01,138Â 291Â 556,0.0,-1.0,-1.0,1649401,1.0,7,,0.0,2.0,1.0,B01,138Â 291Â 556,1.0
966439,201900007970,2,10,18:00,2,1,1,4.0,3.0,50215,D 650 PK 76 +300,M,"49,1059421"," -1,5962791",50,2019,80.0,1.0,2.0,3.0,2160219,2.0,2,2,1,5.0,,0.0,0,1971.0,B01,138Â 291Â 556,0.0,-1.0,-1.0,1649402,2.0,7,,0.0,2.0,7.0,A01,138Â 291Â 557,1.0
966439,201900007970,2,10,18:00,2,1,1,4.0,3.0,50215,D 650 PK 76 +300,M,"49,1059421"," -1,5962791",50,2019,80.0,1.0,2.0,3.0,2160220,1.0,1,2,1,2.0,,0.0,0,2000.0,A01,138Â 291Â 557,0.0,-1.0,-1.0,1649401,1.0,7,,0.0,2.0,1.0,B01,138Â 291Â 556,1.0
966439,201900007970,2,10,18:00,2,1,1,4.0,3.0,50215,D 650 PK 76 +300,M,"49,1059421"," -1,5962791",50,2019,80.0,1.0,2.0,3.0,2160220,1.0,1,2,1,2.0,,0.0,0,2000.0,A01,138Â 291Â 557,0.0,-1.0,-1.0,1649402,2.0,7,,0.0,2.0,7.0,A01,138Â 291Â 557,1.0
966440,201900007971,2,13,17:35,1,2,1,1.0,6.0,50391,D977 - Rue de la RiviÃ¨re,M,"48,5838990"," -1,0909640",50,2019,50.0,1.0,1.0,3.0,2160221,10.0,3,4,2,5.0,,4.0,3,1931.0,A01,138Â 291Â 555,0.0,-1.0,-1.0,1649403,0.0,7,,0.0,1.0,3.0,A01,138Â 291Â 555,0.0