Unnamed: 0_x,num_acc,mois,jour,hrmn,lum,agg,int,atm,col,com,adr,gps,lat,long,dep,annee,vma,situ,surf,catr,Unnamed: 0_y,place,catu,grav,sexe,trajet,secu,locp,actp,an_nais,num_veh_x,id_vehicule_x,secu1,secu2,secu3,Unnamed: 0,senc,catv,occutc,obs,obsm,choc,num_veh_y,id_vehicule_y,motor
966440,201900007971,2,13,17:35,1,2,1,1.0,6.0,50391,D977 - Rue de la RiviÃ¨re,M,"48,5838990"," -1,0909640",50,2019,50.0,1.0,1.0,3.0,2160222,10.0,3,4,2,5.0,,4.0,3,1925.0,A01,138Â 291Â 555,0.0,-1.0,-1.0,1649403,0.0,7,,0.0,1.0,3.0,A01,138Â 291Â 555,0.0
966440,201900007971,2,13,17:35,1,2,1,1.0,6.0,50391,D977 - Rue de la RiviÃ¨re,M,"48,5838990"," -1,0909640",50,2019,50.0,1.0,1.0,3.0,2160223,1.0,1,1,2,9.0,,0.0,0,1977.0,A01,138Â 291Â 555,1.0,-1.0,-1.0,1649403,0.0,7,,0.0,1.0,3.0,A01,138Â 291Â 555,0.0
966440,201900007971,2,13,17:35,1,2,1,1.0,6.0,50391,D977 - Rue de la RiviÃ¨re,M,"48,5838990"," -1,0909640",50,2019,50.0,1.0,1.0,3.0,2160224,9.0,2,1,2,9.0,,0.0,0,2010.0,A01,138Â 291Â 555,1.0,-1.0,-1.0,1649403,0.0,7,,0.0,1.0,3.0,A01,138Â 291Â 555,0.0
966440,201900007971,2,13,17:35,1,2,1,1.0,6.0,50391,D977 - Rue de la RiviÃ¨re,M,"48,5838990"," -1,0909640",50,2019,50.0,1.0,1.0,3.0,2160225,7.0,2,1,1,9.0,,0.0,0,2010.0,A01,138Â 291Â 555,1.0,-1.0,-1.0,1649403,0.0,7,,0.0,1.0,3.0,A01,138Â 291Â 555,0.0
966441,201900007972,2,10,15:45,1,1,2,2.0,3.0,45130,RD 951,M,"47,7883480","1,7140530",45,2019,70.0,1.0,2.0,3.0,2160226,2.0,2,3,1,5.0,,0.0,0,1964.0,A01,138Â 291Â 553,2.0,-1.0,-1.0,1649404,2.0,36,,0.0,2.0,7.0,A01,138Â 291Â 553,1.0
966441,201900007972,2,10,15:45,1,1,2,2.0,3.0,45130,RD 951,M,"47,7883480","1,7140530",45,2019,70.0,1.0,2.0,3.0,2160226,2.0,2,3,1,5.0,,0.0,0,1964.0,A01,138Â 291Â 553,2.0,-1.0,-1.0,1649405,2.0,7,,0.0,2.0,1.0,B01,138Â 291Â 554,1.0
966441,201900007972,2,10,15:45,1,1,2,2.0,3.0,45130,RD 951,M,"47,7883480","1,7140530",45,2019,70.0,1.0,2.0,3.0,2160227,1.0,1,2,1,5.0,,0.0,0,1960.0,A01,138Â 291Â 553,2.0,-1.0,-1.0,1649404,2.0,36,,0.0,2.0,7.0,A01,138Â 291Â 553,1.0
966441,201900007972,2,10,15:45,1,1,2,2.0,3.0,45130,RD 951,M,"47,7883480","1,7140530",45,2019,70.0,1.0,2.0,3.0,2160227,1.0,1,2,1,5.0,,0.0,0,1960.0,A01,138Â 291Â 553,2.0,-1.0,-1.0,1649405,2.0,7,,0.0,2.0,1.0,B01,138Â 291Â 554,1.0
966441,201900007972,2,10,15:45,1,1,2,2.0,3.0,45130,RD 951,M,"47,7883480","1,7140530",45,2019,70.0,1.0,2.0,3.0,2160228,1.0,1,1,1,5.0,,0.0,0,1985.0,B01,138Â 291Â 554,1.0,-1.0,-1.0,1649404,2.0,36,,0.0,2.0,7.0,A01,138Â 291Â 553,1.0
966441,201900007972,2,10,15:45,1,1,2,2.0,3.0,45130,RD 951,M,"47,7883480","1,7140530",45,2019,70.0,1.0,2.0,3.0,2160228,1.0,1,1,1,5.0,,0.0,0,1985.0,B01,138Â 291Â 554,1.0,-1.0,-1.0,1649405,2.0,7,,0.0,2.0,1.0,B01,138Â 291Â 554,1.0
966442,201900007973,2,9,08:40,1,1,1,1.0,1.0,64142,PK 25+050,M,"43,3978160"," -0,4610460",64,2019,80.0,1.0,1.0,3.0,2160229,1.0,1,3,1,4.0,,0.0,0,1990.0,B01,138Â 291Â 545,1.0,-1.0,-1.0,1649406,1.0,10,,0.0,2.0,3.0,B01,138Â 291Â 545,1.0
966442,201900007973,2,9,08:40,1,1,1,1.0,1.0,64142,PK 25+050,M,"43,3978160"," -0,4610460",64,2019,80.0,1.0,1.0,3.0,2160229,1.0,1,3,1,4.0,,0.0,0,1990.0,B01,138Â 291Â 545,1.0,-1.0,-1.0,1649407,2.0,7,,0.0,2.0,3.0,A01,138Â 291Â 546,1.0
966442,201900007973,2,9,08:40,1,1,1,1.0,1.0,64142,PK 25+050,M,"43,3978160"," -0,4610460",64,2019,80.0,1.0,1.0,3.0,2160230,1.0,1,4,1,5.0,,0.0,0,1986.0,A01,138Â 291Â 546,1.0,-1.0,-1.0,1649406,1.0,10,,0.0,2.0,3.0,B01,138Â 291Â 545,1.0
966442,201900007973,2,9,08:40,1,1,1,1.0,1.0,64142,PK 25+050,M,"43,3978160"," -0,4610460",64,2019,80.0,1.0,1.0,3.0,2160230,1.0,1,4,1,5.0,,0.0,0,1986.0,A01,138Â 291Â 546,1.0,-1.0,-1.0,1649407,2.0,7,,0.0,2.0,3.0,A01,138Â 291Â 546,1.0
966443,201900007974,2,10,00:20,3,2,3,1.0,6.0,18129,D34,M,"46,9725690","2,4095090",18,2019,50.0,3.0,1.0,3.0,2160231,1.0,1,3,1,5.0,,0.0,0,1985.0,A01,138Â 291Â 542,1.0,-1.0,-1.0,1649408,2.0,7,,2.0,0.0,1.0,A01,138Â 291Â 542,1.0
966444,201900007975,2,13,08:00,1,2,1,1.0,6.0,43141,Le Faubourg St Claude,M,"45,1866860","4,3214360",43,2019,50.0,1.0,1.0,3.0,2160232,1.0,1,2,1,4.0,,0.0,0,1961.0,A01,138Â 291Â 541,1.0,-1.0,-1.0,1649409,1.0,10,,2.0,0.0,1.0,A01,138Â 291Â 541,1.0
966445,201900007976,2,6,14:10,1,2,1,1.0,6.0,43112,Place Aristide BRIAND,M,"45,0999190","3,4950450",43,2019,50.0,1.0,1.0,6.0,2160233,10.0,3,3,1,5.0,,2.0,3,1937.0,A01,138Â 291Â 540,0.0,-1.0,-1.0,1649410,3.0,10,,0.0,1.0,4.0,A01,138Â 291Â 540,1.0
966445,201900007976,2,6,14:10,1,2,1,1.0,6.0,43112,Place Aristide BRIAND,M,"45,0999190","3,4950450",43,2019,50.0,1.0,1.0,6.0,2160234,1.0,1,1,1,4.0,,0.0,0,1956.0,A01,138Â 291Â 540,1.0,-1.0,-1.0,1649410,3.0,10,,0.0,1.0,4.0,A01,138Â 291Â 540,1.0
966446,201900007977,2,10,11:35,1,1,2,6.0,3.0,10254,Route dÃ©partementale 97,M,"48,5795350","3,5176890",10,2019,80.0,1.0,2.0,3.0,2160235,1.0,1,1,1,3.0,,0.0,0,1976.0,B01,138Â 291Â 538,1.0,-1.0,-1.0,1649411,1.0,7,,0.0,2.0,1.0,B01,138Â 291Â 538,0.0
966446,201900007977,2,10,11:35,1,1,2,6.0,3.0,10254,Route dÃ©partementale 97,M,"48,5795350","3,5176890",10,2019,80.0,1.0,2.0,3.0,2160235,1.0,1,1,1,3.0,,0.0,0,1976.0,B01,138Â 291Â 538,1.0,-1.0,-1.0,1649412,2.0,7,,0.0,2.0,5.0,A01,138Â 291Â 539,0.0
966446,201900007977,2,10,11:35,1,1,2,6.0,3.0,10254,Route dÃ©partementale 97,M,"48,5795350","3,5176890",10,2019,80.0,1.0,2.0,3.0,2160236,9.0,2,4,1,5.0,,0.0,0,1963.0,A01,138Â 291Â 539,1.0,-1.0,-1.0,1649411,1.0,7,,0.0,2.0,1.0,B01,138Â 291Â 538,0.0
966446,201900007977,2,10,11:35,1,1,2,6.0,3.0,10254,Route dÃ©partementale 97,M,"48,5795350","3,5176890",10,2019,80.0,1.0,2.0,3.0,2160236,9.0,2,4,1,5.0,,0.0,0,1963.0,A01,138Â 291Â 539,1.0,-1.0,-1.0,1649412,2.0,7,,0.0,2.0,5.0,A01,138Â 291Â 539,0.0
966446,201900007977,2,10,11:35,1,1,2,6.0,3.0,10254,Route dÃ©partementale 97,M,"48,5795350","3,5176890",10,2019,80.0,1.0,2.0,3.0,2160237,1.0,1,1,1,5.0,,0.0,0,1963.0,A01,138Â 291Â 539,1.0,-1.0,-1.0,1649411,1.0,7,,0.0,2.0,1.0,B01,138Â 291Â 538,0.0
966446,201900007977,2,10,11:35,1,1,2,6.0,3.0,10254,Route dÃ©partementale 97,M,"48,5795350","3,5176890",10,2019,80.0,1.0,2.0,3.0,2160237,1.0,1,1,1,5.0,,0.0,0,1963.0,A01,138Â 291Â 539,1.0,-1.0,-1.0,1649412,2.0,7,,0.0,2.0,5.0,A01,138Â 291Â 539,0.0
966446,201900007977,2,10,11:35,1,1,2,6.0,3.0,10254,Route dÃ©partementale 97,M,"48,5795350","3,5176890",10,2019,80.0,1.0,2.0,3.0,2160238,2.0,2,1,1,5.0,,0.0,0,1995.0,A01,138Â 291Â 539,1.0,-1.0,-1.0,1649411,1.0,7,,0.0,2.0,1.0,B01,138Â 291Â 538,0.0
966446,201900007977,2,10,11:35,1,1,2,6.0,3.0,10254,Route dÃ©partementale 97,M,"48,5795350","3,5176890",10,2019,80.0,1.0,2.0,3.0,2160238,2.0,2,1,1,5.0,,0.0,0,1995.0,A01,138Â 291Â 539,1.0,-1.0,-1.0,1649412,2.0,7,,0.0,2.0,5.0,A01,138Â 291Â 539,0.0
966446,201900007977,2,10,11:35,1,1,2,6.0,3.0,10254,Route dÃ©partementale 97,M,"48,5795350","3,5176890",10,2019,80.0,1.0,2.0,3.0,2160239,7.0,2,4,2,5.0,,0.0,0,1986.0,A01,138Â 291Â 539,1.0,-1.0,-1.0,1649411,1.0,7,,0.0,2.0,1.0,B01,138Â 291Â 538,0.0
966446,201900007977,2,10,11:35,1,1,2,6.0,3.0,10254,Route dÃ©partementale 97,M,"48,5795350","3,5176890",10,2019,80.0,1.0,2.0,3.0,2160239,7.0,2,4,2,5.0,,0.0,0,1986.0,A01,138Â 291Â 539,1.0,-1.0,-1.0,1649412,2.0,7,,0.0,2.0,5.0,A01,138Â 291Â 539,0.0
966447,201900007978,2,12,14:45,1,1,1,1.0,7.0,10028,D34,M,"47,9831000","4,1728480",10,2019,-1.0,8.0,6.0,3.0,2160240,1.0,1,3,2,5.0,,0.0,0,1971.0,A01,138Â 291Â 537,1.0,9.0,-1.0,1649413,2.0,7,,13.0,0.0,9.0,A01,138Â 291Â 537,1.0
966448,201900007979,2,7,22:55,3,1,1,1.0,7.0,36110,RD 42A,M,"46,5752019","1,7042734",36,2019,80.0,3.0,1.0,3.0,2160241,1.0,1,3,1,5.0,,0.0,0,1988.0,A01,138Â 291Â 536,1.0,-1.0,-1.0,1649414,1.0,7,,0.0,0.0,9.0,A01,138Â 291Â 536,1.0
966449,201900007980,2,7,13:30,1,1,1,1.0,1.0,36005,,M,"46,7718518","1,7903054",36,2019,80.0,1.0,1.0,3.0,2160242,1.0,1,4,1,5.0,,0.0,0,1983.0,A01,138Â 291Â 534,1.0,-1.0,-1.0,1649415,2.0,7,,0.0,2.0,1.0,A01,138Â 291Â 534,6.0
966449,201900007980,2,7,13:30,1,1,1,1.0,1.0,36005,,M,"46,7718518","1,7903054",36,2019,80.0,1.0,1.0,3.0,2160242,1.0,1,4,1,5.0,,0.0,0,1983.0,A01,138Â 291Â 534,1.0,-1.0,-1.0,1649416,1.0,7,,0.0,2.0,1.0,B01,138Â 291Â 535,6.0
966449,201900007980,2,7,13:30,1,1,1,1.0,1.0,36005,,M,"46,7718518","1,7903054",36,2019,80.0,1.0,1.0,3.0,2160243,9.0,2,3,1,5.0,,0.0,0,2013.0,A01,138Â 291Â 534,1.0,3.0,-1.0,1649415,2.0,7,,0.0,2.0,1.0,A01,138Â 291Â 534,6.0
966449,201900007980,2,7,13:30,1,1,1,1.0,1.0,36005,,M,"46,7718518","1,7903054",36,2019,80.0,1.0,1.0,3.0,2160243,9.0,2,3,1,5.0,,0.0,0,2013.0,A01,138Â 291Â 534,1.0,3.0,-1.0,1649416,1.0,7,,0.0,2.0,1.0,B01,138Â 291Â 535,6.0
966449,201900007980,2,7,13:30,1,1,1,1.0,1.0,36005,,M,"46,7718518","1,7903054",36,2019,80.0,1.0,1.0,3.0,2160244,1.0,1,3,2,5.0,,0.0,0,1974.0,B01,138Â 291Â 535,1.0,-1.0,-1.0,1649415,2.0,7,,0.0,2.0,1.0,A01,138Â 291Â 534,6.0
966449,201900007980,2,7,13:30,1,1,1,1.0,1.0,36005,,M,"46,7718518","1,7903054",36,2019,80.0,1.0,1.0,3.0,2160244,1.0,1,3,2,5.0,,0.0,0,1974.0,B01,138Â 291Â 535,1.0,-1.0,-1.0,1649416,1.0,7,,0.0,2.0,1.0,B01,138Â 291Â 535,6.0
966450,201900007981,2,9,08:30,1,1,1,2.0,1.0,16044,RD 197,M,"46,0264200","0,2522070",16,2019,80.0,1.0,2.0,3.0,2160245,1.0,1,1,2,5.0,,0.0,0,1972.0,A01,138Â 291Â 532,1.0,-1.0,-1.0,1649417,1.0,7,,13.0,2.0,2.0,A01,138Â 291Â 532,1.0
966450,201900007981,2,9,08:30,1,1,1,2.0,1.0,16044,RD 197,M,"46,0264200","0,2522070",16,2019,80.0,1.0,2.0,3.0,2160245,1.0,1,1,2,5.0,,0.0,0,1972.0,A01,138Â 291Â 532,1.0,-1.0,-1.0,1649418,2.0,1,,0.0,2.0,1.0,B01,138Â 291Â 533,5.0
966450,201900007981,2,9,08:30,1,1,1,2.0,1.0,16044,RD 197,M,"46,0264200","0,2522070",16,2019,80.0,1.0,2.0,3.0,2160246,1.0,1,3,1,5.0,,0.0,0,1952.0,B01,138Â 291Â 533,2.0,-1.0,-1.0,1649417,1.0,7,,13.0,2.0,2.0,A01,138Â 291Â 532,1.0
966450,201900007981,2,9,08:30,1,1,1,2.0,1.0,16044,RD 197,M,"46,0264200","0,2522070",16,2019,80.0,1.0,2.0,3.0,2160246,1.0,1,3,1,5.0,,0.0,0,1952.0,B01,138Â 291Â 533,2.0,-1.0,-1.0,1649418,2.0,1,,0.0,2.0,1.0,B01,138Â 291Â 533,5.0
966451,201900007982,2,7,19:55,3,2,1,1.0,6.0,07001,RD 578,M,"44,8918200","4,3983340",7,2019,50.0,3.0,2.0,3.0,2160247,1.0,1,4,2,5.0,,0.0,0,1993.0,A01,138Â 291Â 531,1.0,-1.0,-1.0,1649419,2.0,7,,2.0,0.0,7.0,A01,138Â 291Â 531,1.0
966451,201900007982,2,7,19:55,3,2,1,1.0,6.0,07001,RD 578,M,"44,8918200","4,3983340",7,2019,50.0,3.0,2.0,3.0,2160248,9.0,2,3,1,5.0,,0.0,0,2017.0,A01,138Â 291Â 531,3.0,-1.0,-1.0,1649419,2.0,7,,2.0,0.0,7.0,A01,138Â 291Â 531,1.0
966452,201900007983,2,9,07:20,3,2,2,8.0,3.0,53147,rue du 130Ã¨me RI,M,"48,3043690"," -0,6191160",53,2019,50.0,1.0,1.0,4.0,2160249,1.0,1,3,1,5.0,,0.0,0,1987.0,A01,138Â 291Â 529,2.0,-1.0,-1.0,1649420,3.0,34,,0.0,2.0,1.0,A01,138Â 291Â 529,1.0
966452,201900007983,2,9,07:20,3,2,2,8.0,3.0,53147,rue du 130Ã¨me RI,M,"48,3043690"," -0,6191160",53,2019,50.0,1.0,1.0,4.0,2160249,1.0,1,3,1,5.0,,0.0,0,1987.0,A01,138Â 291Â 529,2.0,-1.0,-1.0,1649421,3.0,7,,0.0,2.0,2.0,B01,138Â 291Â 530,1.0
966452,201900007983,2,9,07:20,3,2,2,8.0,3.0,53147,rue du 130Ã¨me RI,M,"48,3043690"," -0,6191160",53,2019,50.0,1.0,1.0,4.0,2160250,1.0,1,4,2,1.0,,0.0,0,1982.0,B01,138Â 291Â 530,1.0,-1.0,-1.0,1649420,3.0,34,,0.0,2.0,1.0,A01,138Â 291Â 529,1.0
966452,201900007983,2,9,07:20,3,2,2,8.0,3.0,53147,rue du 130Ã¨me RI,M,"48,3043690"," -0,6191160",53,2019,50.0,1.0,1.0,4.0,2160250,1.0,1,4,2,1.0,,0.0,0,1982.0,B01,138Â 291Â 530,1.0,-1.0,-1.0,1649421,3.0,7,,0.0,2.0,2.0,B01,138Â 291Â 530,1.0
966453,201900007984,2,11,08:36,1,2,6,1.0,3.0,53084,promenade Charles de Gaulle,M,"47,8470260"," -0,9482380",53,2019,50.0,1.0,1.0,3.0,2160251,1.0,1,1,2,5.0,,0.0,0,1976.0,B01,138Â 291Â 527,1.0,-1.0,-1.0,1649422,2.0,7,,0.0,2.0,0.0,B01,138Â 291Â 527,1.0
966453,201900007984,2,11,08:36,1,2,6,1.0,3.0,53084,promenade Charles de Gaulle,M,"47,8470260"," -0,9482380",53,2019,50.0,1.0,1.0,3.0,2160251,1.0,1,1,2,5.0,,0.0,0,1976.0,B01,138Â 291Â 527,1.0,-1.0,-1.0,1649423,2.0,1,,0.0,2.0,0.0,A01,138Â 291Â 528,5.0
966453,201900007984,2,11,08:36,1,2,6,1.0,3.0,53084,promenade Charles de Gaulle,M,"47,8470260"," -0,9482380",53,2019,50.0,1.0,1.0,3.0,2160252,1.0,1,3,1,1.0,,0.0,0,1999.0,A01,138Â 291Â 528,4.0,-1.0,-1.0,1649422,2.0,7,,0.0,2.0,0.0,B01,138Â 291Â 527,1.0
966453,201900007984,2,11,08:36,1,2,6,1.0,3.0,53084,promenade Charles de Gaulle,M,"47,8470260"," -0,9482380",53,2019,50.0,1.0,1.0,3.0,2160252,1.0,1,3,1,1.0,,0.0,0,1999.0,A01,138Â 291Â 528,4.0,-1.0,-1.0,1649423,2.0,1,,0.0,2.0,0.0,A01,138Â 291Â 528,5.0
966454,201900007985,2,8,11:50,1,2,1,1.0,2.0,40089,D 18 - 511 ROUTE DE MUGRON,M,"43,6916100"," -0,6497180",40,2019,50.0,1.0,1.0,3.0,2160253,1.0,1,3,1,5.0,,0.0,0,1983.0,B01,138Â 291Â 525,2.0,-1.0,-1.0,1649424,2.0,1,,0.0,2.0,5.0,B01,138Â 291Â 525,5.0
966454,201900007985,2,8,11:50,1,2,1,1.0,2.0,40089,D 18 - 511 ROUTE DE MUGRON,M,"43,6916100"," -0,6497180",40,2019,50.0,1.0,1.0,3.0,2160253,1.0,1,3,1,5.0,,0.0,0,1983.0,B01,138Â 291Â 525,2.0,-1.0,-1.0,1649425,2.0,7,,0.0,2.0,5.0,A01,138Â 291Â 526,1.0
966454,201900007985,2,8,11:50,1,2,1,1.0,2.0,40089,D 18 - 511 ROUTE DE MUGRON,M,"43,6916100"," -0,6497180",40,2019,50.0,1.0,1.0,3.0,2160254,1.0,1,1,1,4.0,,0.0,0,1991.0,A01,138Â 291Â 526,8.0,-1.0,-1.0,1649424,2.0,1,,0.0,2.0,5.0,B01,138Â 291Â 525,5.0
966454,201900007985,2,8,11:50,1,2,1,1.0,2.0,40089,D 18 - 511 ROUTE DE MUGRON,M,"43,6916100"," -0,6497180",40,2019,50.0,1.0,1.0,3.0,2160254,1.0,1,1,1,4.0,,0.0,0,1991.0,A01,138Â 291Â 526,8.0,-1.0,-1.0,1649425,2.0,7,,0.0,2.0,5.0,A01,138Â 291Â 526,1.0
966455,201900007986,2,8,15:05,1,1,1,1.0,6.0,40001,avenue de Bordeaux,M,"43,7325940"," -0,2669400",40,2019,80.0,1.0,1.0,3.0,2160255,1.0,1,4,1,3.0,,0.0,0,1968.0,A01,138Â 291Â 524,2.0,6.0,-1.0,1649426,2.0,31,,11.0,0.0,1.0,A01,138Â 291Â 524,1.0
966456,201900007987,2,11,04:30,5,2,1,1.0,6.0,40317,avenue du GÃ©nÃ©ral de Gaulle,M,"43,6884180"," -1,3334250",40,2019,50.0,1.0,2.0,3.0,2160256,1.0,1,2,1,1.0,,0.0,0,1967.0,A01,138Â 291Â 523,2.0,6.0,-1.0,1649427,2.0,33,,17.0,0.0,1.0,A01,138Â 291Â 523,1.0
966457,201900007988,2,9,06:30,3,1,1,1.0,1.0,24002,le lyonnet,M,"45,2489720","0,7380900",24,2019,70.0,1.0,2.0,3.0,2160257,1.0,1,1,1,5.0,,0.0,0,1982.0,A01,138Â 291Â 521,1.0,-1.0,-1.0,1649428,2.0,7,,0.0,2.0,3.0,A01,138Â 291Â 521,1.0
966457,201900007988,2,9,06:30,3,1,1,1.0,1.0,24002,le lyonnet,M,"45,2489720","0,7380900",24,2019,70.0,1.0,2.0,3.0,2160257,1.0,1,1,1,5.0,,0.0,0,1982.0,A01,138Â 291Â 521,1.0,-1.0,-1.0,1649429,1.0,7,,0.0,2.0,1.0,B01,138Â 291Â 522,1.0
966457,201900007988,2,9,06:30,3,1,1,1.0,1.0,24002,le lyonnet,M,"45,2489720","0,7380900",24,2019,70.0,1.0,2.0,3.0,2160258,1.0,1,3,2,1.0,,0.0,0,1971.0,B01,138Â 291Â 522,1.0,-1.0,-1.0,1649428,2.0,7,,0.0,2.0,3.0,A01,138Â 291Â 521,1.0
966457,201900007988,2,9,06:30,3,1,1,1.0,1.0,24002,le lyonnet,M,"45,2489720","0,7380900",24,2019,70.0,1.0,2.0,3.0,2160258,1.0,1,3,2,1.0,,0.0,0,1971.0,B01,138Â 291Â 522,1.0,-1.0,-1.0,1649429,1.0,7,,0.0,2.0,1.0,B01,138Â 291Â 522,1.0
966458,201900007989,2,8,06:40,3,1,1,5.0,6.0,24328,Les brÃ©gÃ¨res,M,"45,6135000","0,7033000",24,2019,80.0,3.0,2.0,3.0,2160259,1.0,1,4,1,1.0,,0.0,0,2000.0,A01,138Â 291Â 520,1.0,-1.0,-1.0,1649430,2.0,7,,2.0,0.0,8.0,A01,138Â 291Â 520,1.0
966459,201900007990,2,7,18:45,3,1,1,1.0,1.0,04200,RD 4,M,"44,1471460","5,9813560",4,2019,80.0,1.0,1.0,3.0,2160260,1.0,1,1,1,4.0,,0.0,0,1996.0,B01,138Â 291Â 518,8.0,-1.0,-1.0,1649431,1.0,21,,0.0,2.0,4.0,B01,138Â 291Â 518,1.0
966459,201900007990,2,7,18:45,3,1,1,1.0,1.0,04200,RD 4,M,"44,1471460","5,9813560",4,2019,80.0,1.0,1.0,3.0,2160260,1.0,1,1,1,4.0,,0.0,0,1996.0,B01,138Â 291Â 518,8.0,-1.0,-1.0,1649432,1.0,7,,0.0,2.0,1.0,A01,138Â 291Â 519,1.0
966459,201900007990,2,7,18:45,3,1,1,1.0,1.0,04200,RD 4,M,"44,1471460","5,9813560",4,2019,80.0,1.0,1.0,3.0,2160261,1.0,1,4,1,5.0,,0.0,0,1938.0,A01,138Â 291Â 519,1.0,-1.0,-1.0,1649431,1.0,21,,0.0,2.0,4.0,B01,138Â 291Â 518,1.0
966459,201900007990,2,7,18:45,3,1,1,1.0,1.0,04200,RD 4,M,"44,1471460","5,9813560",4,2019,80.0,1.0,1.0,3.0,2160261,1.0,1,4,1,5.0,,0.0,0,1938.0,A01,138Â 291Â 519,1.0,-1.0,-1.0,1649432,1.0,7,,0.0,2.0,1.0,A01,138Â 291Â 519,1.0
966459,201900007990,2,7,18:45,3,1,1,1.0,1.0,04200,RD 4,M,"44,1471460","5,9813560",4,2019,80.0,1.0,1.0,3.0,2160262,2.0,2,4,2,5.0,,0.0,0,1941.0,A01,138Â 291Â 519,1.0,-1.0,-1.0,1649431,1.0,21,,0.0,2.0,4.0,B01,138Â 291Â 518,1.0
966459,201900007990,2,7,18:45,3,1,1,1.0,1.0,04200,RD 4,M,"44,1471460","5,9813560",4,2019,80.0,1.0,1.0,3.0,2160262,2.0,2,4,2,5.0,,0.0,0,1941.0,A01,138Â 291Â 519,1.0,-1.0,-1.0,1649432,1.0,7,,0.0,2.0,1.0,A01,138Â 291Â 519,1.0
966460,201900007991,2,10,03:15,5,2,6,2.0,6.0,85020,Route de Niort,M,"46,3708000"," -0,5768300",85,2019,50.0,1.0,2.0,3.0,2160263,1.0,1,3,2,0.0,,0.0,0,1973.0,A01,138Â 291Â 517,1.0,-1.0,-1.0,1649433,1.0,7,,8.0,0.0,9.0,A01,138Â 291Â 517,1.0
966461,201900007992,2,12,08:30,2,1,1,1.0,7.0,85027,LA BASSE VILNIERE,M,"46,9518300"," -1,3705200",85,2019,-1.0,3.0,2.0,4.0,2160264,1.0,1,3,1,2.0,,0.0,0,2002.0,A01,138Â 291Â 516,2.0,6.0,-1.0,1649434,0.0,2,,13.0,0.0,1.0,A01,138Â 291Â 516,1.0
966462,201900007993,2,11,18:20,3,1,1,1.0,7.0,85084,Le Plessis Cosson,M,"46,7553100"," -1,2192600",85,2019,80.0,3.0,1.0,3.0,2160265,2.0,2,3,2,5.0,,0.0,0,1985.0,A01,138Â 291Â 515,1.0,-1.0,-1.0,1649435,2.0,10,,0.0,0.0,3.0,A01,138Â 291Â 515,0.0
966462,201900007993,2,11,18:20,3,1,1,1.0,7.0,85084,Le Plessis Cosson,M,"46,7553100"," -1,2192600",85,2019,80.0,3.0,1.0,3.0,2160266,1.0,1,4,1,5.0,,0.0,0,1980.0,A01,138Â 291Â 515,1.0,-1.0,-1.0,1649435,2.0,10,,0.0,0.0,3.0,A01,138Â 291Â 515,0.0
966463,201900007994,1,18,16:00,1,1,1,1.0,6.0,85266,Le Joblin,M,"46,7409900"," -0,9749000",85,2019,80.0,3.0,1.0,4.0,2160267,1.0,1,4,1,1.0,,0.0,0,1982.0,A01,138Â 291Â 514,2.0,6.0,-1.0,1649436,3.0,33,,16.0,0.0,9.0,A01,138Â 291Â 514,1.0
966464,201900007995,2,8,23:50,3,1,2,2.0,1.0,27595,Intersection RD80 - Chemin de la mÃ©sangÃ¨re,M,"49,2637160","0,8864970",27,2019,80.0,1.0,2.0,3.0,2160268,1.0,1,3,2,5.0,,0.0,0,1969.0,B01,138Â 291Â 512,1.0,-1.0,-1.0,1649437,1.0,7,,0.0,2.0,1.0,B01,138Â 291Â 512,1.0
966464,201900007995,2,8,23:50,3,1,2,2.0,1.0,27595,Intersection RD80 - Chemin de la mÃ©sangÃ¨re,M,"49,2637160","0,8864970",27,2019,80.0,1.0,2.0,3.0,2160268,1.0,1,3,2,5.0,,0.0,0,1969.0,B01,138Â 291Â 512,1.0,-1.0,-1.0,1649438,3.0,7,,0.0,2.0,1.0,A01,138Â 291Â 513,1.0
966464,201900007995,2,8,23:50,3,1,2,2.0,1.0,27595,Intersection RD80 - Chemin de la mÃ©sangÃ¨re,M,"49,2637160","0,8864970",27,2019,80.0,1.0,2.0,3.0,2160269,1.0,1,4,1,5.0,,0.0,0,1971.0,A01,138Â 291Â 513,1.0,-1.0,-1.0,1649437,1.0,7,,0.0,2.0,1.0,B01,138Â 291Â 512,1.0
966464,201900007995,2,8,23:50,3,1,2,2.0,1.0,27595,Intersection RD80 - Chemin de la mÃ©sangÃ¨re,M,"49,2637160","0,8864970",27,2019,80.0,1.0,2.0,3.0,2160269,1.0,1,4,1,5.0,,0.0,0,1971.0,A01,138Â 291Â 513,1.0,-1.0,-1.0,1649438,3.0,7,,0.0,2.0,1.0,A01,138Â 291Â 513,1.0
966465,201900007996,2,9,16:15,1,1,1,8.0,7.0,27622,RD 46,M,"49,1216530","0,7219820",27,2019,80.0,1.0,1.0,3.0,2160270,1.0,1,4,1,5.0,,0.0,0,1980.0,A01,138Â 291Â 511,2.0,6.0,9.0,1649439,3.0,33,,0.0,0.0,8.0,A01,138Â 291Â 511,1.0
966466,201900007997,2,12,09:10,1,1,1,1.0,6.0,28280,,M,"48,3231965","0,8213553",28,2019,50.0,1.0,1.0,3.0,2160271,10.0,3,4,2,1.0,,3.0,1,1996.0,A01,138Â 291Â 510,0.0,-1.0,-1.0,1649440,1.0,7,,0.0,1.0,3.0,A01,138Â 291Â 510,1.0