Unnamed: 0_x,num_acc,mois,jour,hrmn,lum,agg,int,atm,col,com,adr,gps,lat,long,dep,annee,vma,situ,surf,catr,Unnamed: 0_y,place,catu,grav,sexe,trajet,secu,locp,actp,an_nais,num_veh_x,id_vehicule_x,secu1,secu2,secu3,Unnamed: 0,senc,catv,occutc,obs,obsm,choc,num_veh_y,id_vehicule_y,motor
966466,201900007997,2,12,09:10,1,1,1,1.0,6.0,28280,,M,"48,3231965","0,8213553",28,2019,50.0,1.0,1.0,3.0,2160272,1.0,1,1,1,5.0,,0.0,0,1947.0,A01,138Â 291Â 510,1.0,-1.0,-1.0,1649440,1.0,7,,0.0,1.0,3.0,A01,138Â 291Â 510,1.0
966467,201900007998,2,12,18:05,2,1,1,1.0,1.0,28188,D910 - sens PARIS - CHARTRES,M,"48,4976470","1,7048160",28,2019,80.0,1.0,1.0,3.0,2160273,1.0,1,1,1,4.0,,0.0,0,1963.0,B01,138Â 291Â 508,1.0,-1.0,-1.0,1649441,1.0,15,,0.0,2.0,1.0,B01,138Â 291Â 508,1.0
966467,201900007998,2,12,18:05,2,1,1,1.0,1.0,28188,D910 - sens PARIS - CHARTRES,M,"48,4976470","1,7048160",28,2019,80.0,1.0,1.0,3.0,2160273,1.0,1,1,1,4.0,,0.0,0,1963.0,B01,138Â 291Â 508,1.0,-1.0,-1.0,1649442,2.0,7,,0.0,2.0,3.0,A01,138Â 291Â 509,1.0
966467,201900007998,2,12,18:05,2,1,1,1.0,1.0,28188,D910 - sens PARIS - CHARTRES,M,"48,4976470","1,7048160",28,2019,80.0,1.0,1.0,3.0,2160274,1.0,1,2,2,0.0,,0.0,0,1998.0,A01,138Â 291Â 509,1.0,-1.0,-1.0,1649441,1.0,15,,0.0,2.0,1.0,B01,138Â 291Â 508,1.0
966467,201900007998,2,12,18:05,2,1,1,1.0,1.0,28188,D910 - sens PARIS - CHARTRES,M,"48,4976470","1,7048160",28,2019,80.0,1.0,1.0,3.0,2160274,1.0,1,2,2,0.0,,0.0,0,1998.0,A01,138Â 291Â 509,1.0,-1.0,-1.0,1649442,2.0,7,,0.0,2.0,3.0,A01,138Â 291Â 509,1.0
966468,201900007999,2,10,17:00,2,1,1,2.0,6.0,28099,345-3,M,"48,4290830","1,1730940",28,2019,80.0,3.0,2.0,3.0,2160275,1.0,1,3,1,5.0,,0.0,0,1949.0,A01,138Â 291Â 507,1.0,-1.0,-1.0,1649443,2.0,7,,6.0,0.0,1.0,A01,138Â 291Â 507,1.0
966469,201900008000,2,8,06:45,3,1,2,1.0,3.0,17177,RD 131,M,"45,9305290"," -0,2514730",17,2019,80.0,1.0,1.0,3.0,2160276,1.0,1,1,2,1.0,,0.0,0,1986.0,A01,138Â 291Â 505,8.0,-1.0,-1.0,1649444,1.0,7,,0.0,0.0,5.0,A01,138Â 291Â 505,1.0
966469,201900008000,2,8,06:45,3,1,2,1.0,3.0,17177,RD 131,M,"45,9305290"," -0,2514730",17,2019,80.0,1.0,1.0,3.0,2160276,1.0,1,1,2,1.0,,0.0,0,1986.0,A01,138Â 291Â 505,8.0,-1.0,-1.0,1649445,2.0,2,,0.0,2.0,1.0,B01,138Â 291Â 506,1.0
966469,201900008000,2,8,06:45,3,1,2,1.0,3.0,17177,RD 131,M,"45,9305290"," -0,2514730",17,2019,80.0,1.0,1.0,3.0,2160277,1.0,1,3,1,1.0,,0.0,0,2001.0,B01,138Â 291Â 506,2.0,-1.0,-1.0,1649444,1.0,7,,0.0,0.0,5.0,A01,138Â 291Â 505,1.0
966469,201900008000,2,8,06:45,3,1,2,1.0,3.0,17177,RD 131,M,"45,9305290"," -0,2514730",17,2019,80.0,1.0,1.0,3.0,2160277,1.0,1,3,1,1.0,,0.0,0,2001.0,B01,138Â 291Â 506,2.0,-1.0,-1.0,1649445,2.0,2,,0.0,2.0,1.0,B01,138Â 291Â 506,1.0
966470,201900008001,2,11,17:55,1,2,2,1.0,3.0,17225,Rue LÃ©on Nicolle,M,"45,7236960"," -1,1438630",17,2019,50.0,1.0,1.0,4.0,2160278,1.0,1,1,2,1.0,,0.0,0,1978.0,A01,138Â 291Â 503,1.0,-1.0,-1.0,1649446,3.0,7,,0.0,2.0,5.0,A01,138Â 291Â 503,1.0
966470,201900008001,2,11,17:55,1,2,2,1.0,3.0,17225,Rue LÃ©on Nicolle,M,"45,7236960"," -1,1438630",17,2019,50.0,1.0,1.0,4.0,2160278,1.0,1,1,2,1.0,,0.0,0,1978.0,A01,138Â 291Â 503,1.0,-1.0,-1.0,1649447,3.0,50,,0.0,2.0,1.0,B01,138Â 291Â 504,3.0
966470,201900008001,2,11,17:55,1,2,2,1.0,3.0,17225,Rue LÃ©on Nicolle,M,"45,7236960"," -1,1438630",17,2019,50.0,1.0,1.0,4.0,2160279,1.0,1,3,1,3.0,,0.0,0,1982.0,B01,138Â 291Â 504,0.0,-1.0,-1.0,1649446,3.0,7,,0.0,2.0,5.0,A01,138Â 291Â 503,1.0
966470,201900008001,2,11,17:55,1,2,2,1.0,3.0,17225,Rue LÃ©on Nicolle,M,"45,7236960"," -1,1438630",17,2019,50.0,1.0,1.0,4.0,2160279,1.0,1,3,1,3.0,,0.0,0,1982.0,B01,138Â 291Â 504,0.0,-1.0,-1.0,1649447,3.0,50,,0.0,2.0,1.0,B01,138Â 291Â 504,3.0
966471,201900008002,2,6,14:15,1,1,3,1.0,3.0,17409,route de Saujon - D14,M,"45,6803360"," -0,9911540",17,2019,70.0,1.0,1.0,3.0,2160280,1.0,1,1,1,1.0,,0.0,0,1994.0,B01,138Â 291Â 501,8.0,-1.0,-1.0,1649448,1.0,7,,0.0,2.0,1.0,B01,138Â 291Â 501,1.0
966471,201900008002,2,6,14:15,1,1,3,1.0,3.0,17409,route de Saujon - D14,M,"45,6803360"," -0,9911540",17,2019,70.0,1.0,1.0,3.0,2160280,1.0,1,1,1,1.0,,0.0,0,1994.0,B01,138Â 291Â 501,8.0,-1.0,-1.0,1649449,2.0,2,,0.0,2.0,7.0,A01,138Â 291Â 502,1.0
966471,201900008002,2,6,14:15,1,1,3,1.0,3.0,17409,route de Saujon - D14,M,"45,6803360"," -0,9911540",17,2019,70.0,1.0,1.0,3.0,2160281,1.0,1,3,1,5.0,,0.0,0,2003.0,A01,138Â 291Â 502,2.0,6.0,-1.0,1649448,1.0,7,,0.0,2.0,1.0,B01,138Â 291Â 501,1.0
966471,201900008002,2,6,14:15,1,1,3,1.0,3.0,17409,route de Saujon - D14,M,"45,6803360"," -0,9911540",17,2019,70.0,1.0,1.0,3.0,2160281,1.0,1,3,1,5.0,,0.0,0,2003.0,A01,138Â 291Â 502,2.0,6.0,-1.0,1649449,2.0,2,,0.0,2.0,7.0,A01,138Â 291Â 502,1.0
966472,201900008003,2,7,16:20,1,1,9,1.0,3.0,87077,Les quatres routes,M,"45,6309570","1,2307830",87,2019,80.0,1.0,1.0,3.0,2160282,1.0,1,1,2,0.0,,0.0,0,1962.0,A01,138Â 291Â 499,1.0,-1.0,-1.0,1649450,2.0,7,,0.0,2.0,2.0,A01,138Â 291Â 499,0.0
966472,201900008003,2,7,16:20,1,1,9,1.0,3.0,87077,Les quatres routes,M,"45,6309570","1,2307830",87,2019,80.0,1.0,1.0,3.0,2160282,1.0,1,1,2,0.0,,0.0,0,1962.0,A01,138Â 291Â 499,1.0,-1.0,-1.0,1649451,1.0,7,,0.0,2.0,5.0,C01,138Â 291Â 500,1.0
966472,201900008003,2,7,16:20,1,1,9,1.0,3.0,87077,Les quatres routes,M,"45,6309570","1,2307830",87,2019,80.0,1.0,1.0,3.0,2160283,1.0,1,3,1,1.0,,0.0,0,1964.0,C01,138Â 291Â 500,1.0,-1.0,-1.0,1649450,2.0,7,,0.0,2.0,2.0,A01,138Â 291Â 499,0.0
966472,201900008003,2,7,16:20,1,1,9,1.0,3.0,87077,Les quatres routes,M,"45,6309570","1,2307830",87,2019,80.0,1.0,1.0,3.0,2160283,1.0,1,3,1,1.0,,0.0,0,1964.0,C01,138Â 291Â 500,1.0,-1.0,-1.0,1649451,1.0,7,,0.0,2.0,5.0,C01,138Â 291Â 500,1.0
966473,201900008004,2,11,18:00,2,1,1,1.0,1.0,37216,9 bis vallÃ©e de Courtineau,M,"47,1380350","0,6225900",37,2019,50.0,1.0,2.0,4.0,2160284,1.0,1,3,1,0.0,,0.0,0,2003.0,B01,138Â 291Â 497,2.0,-1.0,-1.0,1649452,0.0,2,,0.0,2.0,3.0,B01,138Â 291Â 497,1.0
966473,201900008004,2,11,18:00,2,1,1,1.0,1.0,37216,9 bis vallÃ©e de Courtineau,M,"47,1380350","0,6225900",37,2019,50.0,1.0,2.0,4.0,2160284,1.0,1,3,1,0.0,,0.0,0,2003.0,B01,138Â 291Â 497,2.0,-1.0,-1.0,1649453,0.0,7,,0.0,2.0,3.0,A01,138Â 291Â 498,0.0
966473,201900008004,2,11,18:00,2,1,1,1.0,1.0,37216,9 bis vallÃ©e de Courtineau,M,"47,1380350","0,6225900",37,2019,50.0,1.0,2.0,4.0,2160285,1.0,1,1,1,5.0,,0.0,0,1992.0,A01,138Â 291Â 498,1.0,-1.0,-1.0,1649452,0.0,2,,0.0,2.0,3.0,B01,138Â 291Â 497,1.0
966473,201900008004,2,11,18:00,2,1,1,1.0,1.0,37216,9 bis vallÃ©e de Courtineau,M,"47,1380350","0,6225900",37,2019,50.0,1.0,2.0,4.0,2160285,1.0,1,1,1,5.0,,0.0,0,1992.0,A01,138Â 291Â 498,1.0,-1.0,-1.0,1649453,0.0,7,,0.0,2.0,3.0,A01,138Â 291Â 498,0.0
966474,201900008005,2,8,09:05,1,1,1,1.0,6.0,37274,Lieu dit le Moulin Boureau,M,"47,6405223","0,5391943",37,2019,80.0,1.0,1.0,3.0,2160286,1.0,1,3,2,0.0,,0.0,0,1947.0,A01,138Â 291Â 496,1.0,-1.0,-1.0,1649454,2.0,7,,2.0,0.0,1.0,A01,138Â 291Â 496,0.0
966475,201900008006,2,10,03:00,3,1,1,1.0,6.0,30186,route de boissiÃ¨res,M,"43,7874870","4,2318140",30,2019,70.0,3.0,1.0,3.0,2160287,1.0,1,3,1,5.0,,0.0,0,1994.0,A01,138Â 291Â 495,1.0,-1.0,-1.0,1649455,0.0,7,,0.0,0.0,8.0,A01,138Â 291Â 495,6.0
966476,201900008007,3,20,16:50,1,2,6,1.0,6.0,06083,POMPIDOU (ESPLANADE GEORGES),M,"43,7718000","7,4923000",6,2019,50.0,2.0,1.0,4.0,2160288,10.0,3,3,2,5.0,,3.0,3,1934.0,A01,138Â 291Â 494,0.0,0.0,0.0,1649456,1.0,30,,0.0,1.0,1.0,A01,138Â 291Â 494,1.0
966476,201900008007,3,20,16:50,1,2,6,1.0,6.0,06083,POMPIDOU (ESPLANADE GEORGES),M,"43,7718000","7,4923000",6,2019,50.0,2.0,1.0,4.0,2160289,1.0,1,1,2,5.0,,0.0,0,2004.0,A01,138Â 291Â 494,2.0,6.0,-1.0,1649456,1.0,30,,0.0,1.0,1.0,A01,138Â 291Â 494,1.0
966477,201900008008,3,23,21:40,5,2,1,1.0,3.0,06069,CANNES (ROUTE DE)  -RD 6085-,M,"43,6303808","6,9587113",6,2019,50.0,1.0,1.0,3.0,2160290,1.0,1,4,1,1.0,,-1.0, -1,1997.0,B01,138Â 291Â 492,2.0,6.0,-1.0,1649457,2.0,31,,0.0,2.0,1.0,B01,138Â 291Â 492,6.0
966477,201900008008,3,23,21:40,5,2,1,1.0,3.0,06069,CANNES (ROUTE DE)  -RD 6085-,M,"43,6303808","6,9587113",6,2019,50.0,1.0,1.0,3.0,2160290,1.0,1,4,1,1.0,,-1.0, -1,1997.0,B01,138Â 291Â 492,2.0,6.0,-1.0,1649458,2.0,7,,0.0,2.0,1.0,A01,138Â 291Â 493,6.0
966477,201900008008,3,23,21:40,5,2,1,1.0,3.0,06069,CANNES (ROUTE DE)  -RD 6085-,M,"43,6303808","6,9587113",6,2019,50.0,1.0,1.0,3.0,2160291,1.0,1,1,1,9.0,,-1.0, -1,1939.0,A01,138Â 291Â 493,1.0,8.0,-1.0,1649457,2.0,31,,0.0,2.0,1.0,B01,138Â 291Â 492,6.0
966477,201900008008,3,23,21:40,5,2,1,1.0,3.0,06069,CANNES (ROUTE DE)  -RD 6085-,M,"43,6303808","6,9587113",6,2019,50.0,1.0,1.0,3.0,2160291,1.0,1,1,1,9.0,,-1.0, -1,1939.0,A01,138Â 291Â 493,1.0,8.0,-1.0,1649458,2.0,7,,0.0,2.0,1.0,A01,138Â 291Â 493,6.0
966478,201900008009,3,23,16:50,1,2,1,1.0,2.0,06069,MISTRAL (AVENUE ET PLACE FREDERIC),M,"43,6419600","6,9133000",6,2019,50.0,1.0,1.0,4.0,2160292,1.0,1,1,1,5.0,,-1.0, -1,1973.0,B01,138Â 291Â 490,1.0,0.0,-1.0,1649459,1.0,7,,0.0,2.0,4.0,B01,138Â 291Â 490,1.0
966478,201900008009,3,23,16:50,1,2,1,1.0,2.0,06069,MISTRAL (AVENUE ET PLACE FREDERIC),M,"43,6419600","6,9133000",6,2019,50.0,1.0,1.0,4.0,2160292,1.0,1,1,1,5.0,,-1.0, -1,1973.0,B01,138Â 291Â 490,1.0,0.0,-1.0,1649460,1.0,33,,0.0,2.0,1.0,A01,138Â 291Â 491,1.0
966478,201900008009,3,23,16:50,1,2,1,1.0,2.0,06069,MISTRAL (AVENUE ET PLACE FREDERIC),M,"43,6419600","6,9133000",6,2019,50.0,1.0,1.0,4.0,2160293,1.0,1,4,2,5.0,,-1.0, -1,1961.0,A01,138Â 291Â 491,2.0,6.0,-1.0,1649459,1.0,7,,0.0,2.0,4.0,B01,138Â 291Â 490,1.0
966478,201900008009,3,23,16:50,1,2,1,1.0,2.0,06069,MISTRAL (AVENUE ET PLACE FREDERIC),M,"43,6419600","6,9133000",6,2019,50.0,1.0,1.0,4.0,2160293,1.0,1,4,2,5.0,,-1.0, -1,1961.0,A01,138Â 291Â 491,2.0,6.0,-1.0,1649460,1.0,33,,0.0,2.0,1.0,A01,138Â 291Â 491,1.0
966479,201900008010,3,22,12:20,1,2,1,1.0,3.0,06069,ROUQUIER (BOULEVARD EMMANUEL),M,"43,6437900","6,9418400",6,2019,50.0,1.0,1.0,4.0,2160294,2.0,2,1,2,0.0,,-1.0, -1,1958.0,B01,138Â 291Â 488,1.0,0.0,-1.0,1649461,1.0,7,,0.0,2.0,8.0,B01,138Â 291Â 488,1.0
966479,201900008010,3,22,12:20,1,2,1,1.0,3.0,06069,ROUQUIER (BOULEVARD EMMANUEL),M,"43,6437900","6,9418400",6,2019,50.0,1.0,1.0,4.0,2160294,2.0,2,1,2,0.0,,-1.0, -1,1958.0,B01,138Â 291Â 488,1.0,0.0,-1.0,1649462,2.0,30,,0.0,2.0,1.0,A01,138Â 291Â 489,1.0
966479,201900008010,3,22,12:20,1,2,1,1.0,3.0,06069,ROUQUIER (BOULEVARD EMMANUEL),M,"43,6437900","6,9418400",6,2019,50.0,1.0,1.0,4.0,2160295,1.0,1,1,1,0.0,,-1.0, -1,1972.0,B01,138Â 291Â 488,1.0,0.0,-1.0,1649461,1.0,7,,0.0,2.0,8.0,B01,138Â 291Â 488,1.0
966479,201900008010,3,22,12:20,1,2,1,1.0,3.0,06069,ROUQUIER (BOULEVARD EMMANUEL),M,"43,6437900","6,9418400",6,2019,50.0,1.0,1.0,4.0,2160295,1.0,1,1,1,0.0,,-1.0, -1,1972.0,B01,138Â 291Â 488,1.0,0.0,-1.0,1649462,2.0,30,,0.0,2.0,1.0,A01,138Â 291Â 489,1.0
966479,201900008010,3,22,12:20,1,2,1,1.0,3.0,06069,ROUQUIER (BOULEVARD EMMANUEL),M,"43,6437900","6,9418400",6,2019,50.0,1.0,1.0,4.0,2160296,2.0,2,4,2,0.0,,-1.0, -1,1999.0,A01,138Â 291Â 489,2.0,8.0,-1.0,1649461,1.0,7,,0.0,2.0,8.0,B01,138Â 291Â 488,1.0
966479,201900008010,3,22,12:20,1,2,1,1.0,3.0,06069,ROUQUIER (BOULEVARD EMMANUEL),M,"43,6437900","6,9418400",6,2019,50.0,1.0,1.0,4.0,2160296,2.0,2,4,2,0.0,,-1.0, -1,1999.0,A01,138Â 291Â 489,2.0,8.0,-1.0,1649462,2.0,30,,0.0,2.0,1.0,A01,138Â 291Â 489,1.0
966479,201900008010,3,22,12:20,1,2,1,1.0,3.0,06069,ROUQUIER (BOULEVARD EMMANUEL),M,"43,6437900","6,9418400",6,2019,50.0,1.0,1.0,4.0,2160297,1.0,1,4,1,0.0,,-1.0, -1,1996.0,A01,138Â 291Â 489,2.0,8.0,-1.0,1649461,1.0,7,,0.0,2.0,8.0,B01,138Â 291Â 488,1.0
966479,201900008010,3,22,12:20,1,2,1,1.0,3.0,06069,ROUQUIER (BOULEVARD EMMANUEL),M,"43,6437900","6,9418400",6,2019,50.0,1.0,1.0,4.0,2160297,1.0,1,4,1,0.0,,-1.0, -1,1996.0,A01,138Â 291Â 489,2.0,8.0,-1.0,1649462,2.0,30,,0.0,2.0,1.0,A01,138Â 291Â 489,1.0
966480,201900008011,3,22,18:45,1,2,1,1.0,6.0,06030,SADI CARNOT (BOULEVARD),M,"43,5662600","7,0165000",6,2019,50.0,1.0,1.0,4.0,2160298,1.0,1,1,1,5.0,,0.0,0,1952.0,A01,138Â 291Â 487,1.0,0.0,-1.0,1649463,1.0,10,,0.0,1.0,1.0,A01,138Â 291Â 487,1.0
966480,201900008011,3,22,18:45,1,2,1,1.0,6.0,06030,SADI CARNOT (BOULEVARD),M,"43,5662600","7,0165000",6,2019,50.0,1.0,1.0,4.0,2160299,10.0,3,4,2,5.0,,3.0,3,2005.0,A01,138Â 291Â 487,8.0,0.0,-1.0,1649463,1.0,10,,0.0,1.0,1.0,A01,138Â 291Â 487,1.0
966481,201900008012,3,22,11:50,1,2,1,1.0,1.0,06029,REPUBLIQUE (BOULEVARD DE LA),M,"43,5577269","7,0223072",6,2019,50.0,1.0,1.0,4.0,2160300,1.0,1,1,2,0.0,,0.0,0,1962.0,A01,138Â 291Â 485,1.0,0.0,-1.0,1649464,1.0,7,,0.0,2.0,1.0,A01,138Â 291Â 485,1.0
966481,201900008012,3,22,11:50,1,2,1,1.0,1.0,06029,REPUBLIQUE (BOULEVARD DE LA),M,"43,5577269","7,0223072",6,2019,50.0,1.0,1.0,4.0,2160300,1.0,1,1,2,0.0,,0.0,0,1962.0,A01,138Â 291Â 485,1.0,0.0,-1.0,1649465,1.0,34,,0.0,2.0,1.0,B01,138Â 291Â 486,1.0
966481,201900008012,3,22,11:50,1,2,1,1.0,1.0,06029,REPUBLIQUE (BOULEVARD DE LA),M,"43,5577269","7,0223072",6,2019,50.0,1.0,1.0,4.0,2160301,1.0,1,1,1,0.0,,0.0,0,1988.0,B01,138Â 291Â 486,2.0,0.0,-1.0,1649464,1.0,7,,0.0,2.0,1.0,A01,138Â 291Â 485,1.0
966481,201900008012,3,22,11:50,1,2,1,1.0,1.0,06029,REPUBLIQUE (BOULEVARD DE LA),M,"43,5577269","7,0223072",6,2019,50.0,1.0,1.0,4.0,2160301,1.0,1,1,1,0.0,,0.0,0,1988.0,B01,138Â 291Â 486,2.0,0.0,-1.0,1649465,1.0,34,,0.0,2.0,1.0,B01,138Â 291Â 486,1.0
966481,201900008012,3,22,11:50,1,2,1,1.0,1.0,06029,REPUBLIQUE (BOULEVARD DE LA),M,"43,5577269","7,0223072",6,2019,50.0,1.0,1.0,4.0,2160302,2.0,2,4,2,5.0,,0.0,0,1990.0,B01,138Â 291Â 486,2.0,0.0,-1.0,1649464,1.0,7,,0.0,2.0,1.0,A01,138Â 291Â 485,1.0
966481,201900008012,3,22,11:50,1,2,1,1.0,1.0,06029,REPUBLIQUE (BOULEVARD DE LA),M,"43,5577269","7,0223072",6,2019,50.0,1.0,1.0,4.0,2160302,2.0,2,4,2,5.0,,0.0,0,1990.0,B01,138Â 291Â 486,2.0,0.0,-1.0,1649465,1.0,34,,0.0,2.0,1.0,B01,138Â 291Â 486,1.0
966482,201900008013,3,25,12:00,1,2,1,1.0,3.0,06027,CANNES AVENUE DE (RN7),M,"43,6539300","7,1474000",6,2019,50.0,1.0,1.0,7.0,2160303,1.0,1,1,1,0.0,,0.0,0,1996.0,B01,138Â 291Â 483,1.0,0.0,-1.0,1649466,0.0,10,,0.0,2.0,8.0,B01,138Â 291Â 483,1.0
966482,201900008013,3,25,12:00,1,2,1,1.0,3.0,06027,CANNES AVENUE DE (RN7),M,"43,6539300","7,1474000",6,2019,50.0,1.0,1.0,7.0,2160303,1.0,1,1,1,0.0,,0.0,0,1996.0,B01,138Â 291Â 483,1.0,0.0,-1.0,1649467,3.0,31,,0.0,2.0,1.0,A01,138Â 291Â 484,1.0
966482,201900008013,3,25,12:00,1,2,1,1.0,3.0,06027,CANNES AVENUE DE (RN7),M,"43,6539300","7,1474000",6,2019,50.0,1.0,1.0,7.0,2160304,1.0,1,4,2,1.0,,0.0,0,1991.0,A01,138Â 291Â 484,2.0,8.0,-1.0,1649466,0.0,10,,0.0,2.0,8.0,B01,138Â 291Â 483,1.0
966482,201900008013,3,25,12:00,1,2,1,1.0,3.0,06027,CANNES AVENUE DE (RN7),M,"43,6539300","7,1474000",6,2019,50.0,1.0,1.0,7.0,2160304,1.0,1,4,2,1.0,,0.0,0,1991.0,A01,138Â 291Â 484,2.0,8.0,-1.0,1649467,3.0,31,,0.0,2.0,1.0,A01,138Â 291Â 484,1.0
966483,201900008014,3,21,17:00,1,2,1,1.0,3.0,06123,VESPINS ROUTE DES,M,"43,6603419","7,1814618",6,2019,50.0,1.0,1.0,7.0,2160305,2.0,1,4,1,1.0,,-1.0, -1,1995.0,B01,138Â 291Â 481,2.0,6.0,-1.0,1649468,3.0,2,,0.0,2.0,2.0,B01,138Â 291Â 481,1.0
966483,201900008014,3,21,17:00,1,2,1,1.0,3.0,06123,VESPINS ROUTE DES,M,"43,6603419","7,1814618",6,2019,50.0,1.0,1.0,7.0,2160305,2.0,1,4,1,1.0,,-1.0, -1,1995.0,B01,138Â 291Â 481,2.0,6.0,-1.0,1649469,3.0,7,,0.0,6.0,3.0,A01,138Â 291Â 482,1.0
966483,201900008014,3,21,17:00,1,2,1,1.0,3.0,06123,VESPINS ROUTE DES,M,"43,6603419","7,1814618",6,2019,50.0,1.0,1.0,7.0,2160306,1.0,1,1,1,5.0,,-1.0, -1,1956.0,A01,138Â 291Â 482,1.0,0.0,-1.0,1649468,3.0,2,,0.0,2.0,2.0,B01,138Â 291Â 481,1.0
966483,201900008014,3,21,17:00,1,2,1,1.0,3.0,06123,VESPINS ROUTE DES,M,"43,6603419","7,1814618",6,2019,50.0,1.0,1.0,7.0,2160306,1.0,1,1,1,5.0,,-1.0, -1,1956.0,A01,138Â 291Â 482,1.0,0.0,-1.0,1649469,3.0,7,,0.0,6.0,3.0,A01,138Â 291Â 482,1.0
966484,201900008015,3,21,15:00,1,1,1,1.0,1.0,06123,ST JEANNET ROUTE DE,M,"43,6938700","7,1763200",6,2019,50.0,1.0,1.0,7.0,2160307,1.0,1,3,1,0.0,,-1.0, -1,1962.0,B01,138Â 291Â 479,1.0,0.0,-1.0,1649470,3.0,14,,0.0,2.0,3.0,B01,138Â 291Â 479,1.0
966484,201900008015,3,21,15:00,1,1,1,1.0,1.0,06123,ST JEANNET ROUTE DE,M,"43,6938700","7,1763200",6,2019,50.0,1.0,1.0,7.0,2160307,1.0,1,3,1,0.0,,-1.0, -1,1962.0,B01,138Â 291Â 479,1.0,0.0,-1.0,1649471,3.0,30,,0.0,2.0,1.0,A01,138Â 291Â 480,1.0
966484,201900008015,3,21,15:00,1,1,1,1.0,1.0,06123,ST JEANNET ROUTE DE,M,"43,6938700","7,1763200",6,2019,50.0,1.0,1.0,7.0,2160308,1.0,1,3,1,5.0,,-1.0, -1,2002.0,A01,138Â 291Â 480,2.0,6.0,-1.0,1649470,3.0,14,,0.0,2.0,3.0,B01,138Â 291Â 479,1.0
966484,201900008015,3,21,15:00,1,1,1,1.0,1.0,06123,ST JEANNET ROUTE DE,M,"43,6938700","7,1763200",6,2019,50.0,1.0,1.0,7.0,2160308,1.0,1,3,1,5.0,,-1.0, -1,2002.0,A01,138Â 291Â 480,2.0,6.0,-1.0,1649471,3.0,30,,0.0,2.0,1.0,A01,138Â 291Â 480,1.0
966485,201900008016,3,18,09:00,1,2,9,1.0,2.0,06123,PUGETS AVENUE DES,M,"43,6780700","7,1887200",6,2019,50.0,1.0,1.0,7.0,2160309,1.0,1,4,1,9.0,,0.0,0,1996.0,B01,138Â 291Â 477,2.0,0.0,-1.0,1649472,3.0,33,,14.0,0.0,4.0,B01,138Â 291Â 477,0.0
966485,201900008016,3,18,09:00,1,2,9,1.0,2.0,06123,PUGETS AVENUE DES,M,"43,6780700","7,1887200",6,2019,50.0,1.0,1.0,7.0,2160309,1.0,1,4,1,9.0,,0.0,0,1996.0,B01,138Â 291Â 477,2.0,0.0,-1.0,1649473,1.0,7,,0.0,2.0,1.0,A01,138Â 291Â 478,0.0
966485,201900008016,3,18,09:00,1,2,9,1.0,2.0,06123,PUGETS AVENUE DES,M,"43,6780700","7,1887200",6,2019,50.0,1.0,1.0,7.0,2160310,1.0,1,1,2,9.0,,0.0,0,1930.0,A01,138Â 291Â 478,1.0,0.0,-1.0,1649472,3.0,33,,14.0,0.0,4.0,B01,138Â 291Â 477,0.0
966485,201900008016,3,18,09:00,1,2,9,1.0,2.0,06123,PUGETS AVENUE DES,M,"43,6780700","7,1887200",6,2019,50.0,1.0,1.0,7.0,2160310,1.0,1,1,2,9.0,,0.0,0,1930.0,A01,138Â 291Â 478,1.0,0.0,-1.0,1649473,1.0,7,,0.0,2.0,1.0,A01,138Â 291Â 478,0.0
966486,201900008017,3,24,16:05,1,2,1,1.0,1.0,05061,BELLEVUE (BOULEVARD),M,"44,5618200","6,0931700",5,2019,50.0,1.0,1.0,4.0,2160311,1.0,1,1,2,5.0,,0.0,0,1968.0,B01,138Â 291Â 475,1.0,0.0,-1.0,1649474,2.0,7,,0.0,2.0,3.0,B01,138Â 291Â 475,1.0
966486,201900008017,3,24,16:05,1,2,1,1.0,1.0,05061,BELLEVUE (BOULEVARD),M,"44,5618200","6,0931700",5,2019,50.0,1.0,1.0,4.0,2160311,1.0,1,1,2,5.0,,0.0,0,1968.0,B01,138Â 291Â 475,1.0,0.0,-1.0,1649475,1.0,30,,0.0,2.0,1.0,A01,138Â 291Â 476,1.0
966486,201900008017,3,24,16:05,1,2,1,1.0,1.0,05061,BELLEVUE (BOULEVARD),M,"44,5618200","6,0931700",5,2019,50.0,1.0,1.0,4.0,2160312,3.0,2,3,1,0.0,,0.0,0,2000.0,A01,138Â 291Â 476,2.0,0.0,-1.0,1649474,2.0,7,,0.0,2.0,3.0,B01,138Â 291Â 475,1.0
966486,201900008017,3,24,16:05,1,2,1,1.0,1.0,05061,BELLEVUE (BOULEVARD),M,"44,5618200","6,0931700",5,2019,50.0,1.0,1.0,4.0,2160312,3.0,2,3,1,0.0,,0.0,0,2000.0,A01,138Â 291Â 476,2.0,0.0,-1.0,1649475,1.0,30,,0.0,2.0,1.0,A01,138Â 291Â 476,1.0
966486,201900008017,3,24,16:05,1,2,1,1.0,1.0,05061,BELLEVUE (BOULEVARD),M,"44,5618200","6,0931700",5,2019,50.0,1.0,1.0,4.0,2160313,1.0,1,3,2,5.0,,0.0,0,2001.0,A01,138Â 291Â 476,2.0,6.0,-1.0,1649474,2.0,7,,0.0,2.0,3.0,B01,138Â 291Â 475,1.0
966486,201900008017,3,24,16:05,1,2,1,1.0,1.0,05061,BELLEVUE (BOULEVARD),M,"44,5618200","6,0931700",5,2019,50.0,1.0,1.0,4.0,2160313,1.0,1,3,2,5.0,,0.0,0,2001.0,A01,138Â 291Â 476,2.0,6.0,-1.0,1649475,1.0,30,,0.0,2.0,1.0,A01,138Â 291Â 476,1.0