Unnamed: 0_x,num_acc,mois,jour,hrmn,lum,agg,int,atm,col,com,adr,gps,lat,long,dep,annee,vma,situ,surf,catr,Unnamed: 0_y,place,catu,grav,sexe,trajet,secu,locp,actp,an_nais,num_veh_x,id_vehicule_x,secu1,secu2,secu3,Unnamed: 0,senc,catv,occutc,obs,obsm,choc,num_veh_y,id_vehicule_y,motor
966487,201900008018,3,23,11:50,1,2,1,1.0,2.0,05061,EYSSAGNIERES ( ROUTE DES ),M,"44,5568300","6,0550600",5,2019,50.0,3.0,1.0,3.0,2160314,2.0,2,4,2,0.0,,0.0,0,1972.0,B01,138Â 291Â 473,1.0,0.0,-1.0,1649476,1.0,7,,0.0,2.0,4.0,B01,138Â 291Â 473,1.0
966487,201900008018,3,23,11:50,1,2,1,1.0,2.0,05061,EYSSAGNIERES ( ROUTE DES ),M,"44,5568300","6,0550600",5,2019,50.0,3.0,1.0,3.0,2160314,2.0,2,4,2,0.0,,0.0,0,1972.0,B01,138Â 291Â 473,1.0,0.0,-1.0,1649477,1.0,7,,0.0,2.0,1.0,A01,138Â 291Â 474,1.0
966487,201900008018,3,23,11:50,1,2,1,1.0,2.0,05061,EYSSAGNIERES ( ROUTE DES ),M,"44,5568300","6,0550600",5,2019,50.0,3.0,1.0,3.0,2160315,5.0,2,4,1,0.0,,0.0,0,1999.0,B01,138Â 291Â 473,1.0,0.0,-1.0,1649476,1.0,7,,0.0,2.0,4.0,B01,138Â 291Â 473,1.0
966487,201900008018,3,23,11:50,1,2,1,1.0,2.0,05061,EYSSAGNIERES ( ROUTE DES ),M,"44,5568300","6,0550600",5,2019,50.0,3.0,1.0,3.0,2160315,5.0,2,4,1,0.0,,0.0,0,1999.0,B01,138Â 291Â 473,1.0,0.0,-1.0,1649477,1.0,7,,0.0,2.0,1.0,A01,138Â 291Â 474,1.0
966487,201900008018,3,23,11:50,1,2,1,1.0,2.0,05061,EYSSAGNIERES ( ROUTE DES ),M,"44,5568300","6,0550600",5,2019,50.0,3.0,1.0,3.0,2160316,3.0,2,4,1,0.0,,0.0,0,2004.0,B01,138Â 291Â 473,1.0,0.0,-1.0,1649476,1.0,7,,0.0,2.0,4.0,B01,138Â 291Â 473,1.0
966487,201900008018,3,23,11:50,1,2,1,1.0,2.0,05061,EYSSAGNIERES ( ROUTE DES ),M,"44,5568300","6,0550600",5,2019,50.0,3.0,1.0,3.0,2160316,3.0,2,4,1,0.0,,0.0,0,2004.0,B01,138Â 291Â 473,1.0,0.0,-1.0,1649477,1.0,7,,0.0,2.0,1.0,A01,138Â 291Â 474,1.0
966487,201900008018,3,23,11:50,1,2,1,1.0,2.0,05061,EYSSAGNIERES ( ROUTE DES ),M,"44,5568300","6,0550600",5,2019,50.0,3.0,1.0,3.0,2160317,4.0,2,4,1,0.0,,0.0,0,2001.0,B01,138Â 291Â 473,1.0,0.0,-1.0,1649476,1.0,7,,0.0,2.0,4.0,B01,138Â 291Â 473,1.0
966487,201900008018,3,23,11:50,1,2,1,1.0,2.0,05061,EYSSAGNIERES ( ROUTE DES ),M,"44,5568300","6,0550600",5,2019,50.0,3.0,1.0,3.0,2160317,4.0,2,4,1,0.0,,0.0,0,2001.0,B01,138Â 291Â 473,1.0,0.0,-1.0,1649477,1.0,7,,0.0,2.0,1.0,A01,138Â 291Â 474,1.0
966487,201900008018,3,23,11:50,1,2,1,1.0,2.0,05061,EYSSAGNIERES ( ROUTE DES ),M,"44,5568300","6,0550600",5,2019,50.0,3.0,1.0,3.0,2160318,1.0,1,4,1,0.0,,0.0,0,1970.0,B01,138Â 291Â 473,1.0,0.0,-1.0,1649476,1.0,7,,0.0,2.0,4.0,B01,138Â 291Â 473,1.0
966487,201900008018,3,23,11:50,1,2,1,1.0,2.0,05061,EYSSAGNIERES ( ROUTE DES ),M,"44,5568300","6,0550600",5,2019,50.0,3.0,1.0,3.0,2160318,1.0,1,4,1,0.0,,0.0,0,1970.0,B01,138Â 291Â 473,1.0,0.0,-1.0,1649477,1.0,7,,0.0,2.0,1.0,A01,138Â 291Â 474,1.0
966487,201900008018,3,23,11:50,1,2,1,1.0,2.0,05061,EYSSAGNIERES ( ROUTE DES ),M,"44,5568300","6,0550600",5,2019,50.0,3.0,1.0,3.0,2160319,1.0,1,4,1,0.0,,0.0,0,1984.0,A01,138Â 291Â 474,1.0,0.0,-1.0,1649476,1.0,7,,0.0,2.0,4.0,B01,138Â 291Â 473,1.0
966487,201900008018,3,23,11:50,1,2,1,1.0,2.0,05061,EYSSAGNIERES ( ROUTE DES ),M,"44,5568300","6,0550600",5,2019,50.0,3.0,1.0,3.0,2160319,1.0,1,4,1,0.0,,0.0,0,1984.0,A01,138Â 291Â 474,1.0,0.0,-1.0,1649477,1.0,7,,0.0,2.0,1.0,A01,138Â 291Â 474,1.0
966488,201900008019,3,19,11:15,1,2,1,1.0,6.0,03023,30 rue Gabriel Ramin,M,"46,1157058","3,4073292",3,2019,50.0,1.0,1.0,3.0,2160320,1.0,1,1,2,-1.0,,0.0,0,1946.0,B01,138Â 291Â 471,0.0,0.0,0.0,1649478,2.0,7,,1.0,0.0,5.0,B01,138Â 291Â 471,1.0
966488,201900008019,3,19,11:15,1,2,1,1.0,6.0,03023,30 rue Gabriel Ramin,M,"46,1157058","3,4073292",3,2019,50.0,1.0,1.0,3.0,2160320,1.0,1,1,2,-1.0,,0.0,0,1946.0,B01,138Â 291Â 471,0.0,0.0,0.0,1649479,1.0,7,,1.0,0.0,2.0,A01,138Â 291Â 472,1.0
966488,201900008019,3,19,11:15,1,2,1,1.0,6.0,03023,30 rue Gabriel Ramin,M,"46,1157058","3,4073292",3,2019,50.0,1.0,1.0,3.0,2160321,1.0,1,3,1,5.0,,-1.0,0,1946.0,A01,138Â 291Â 472,1.0,8.0,-1.0,1649478,2.0,7,,1.0,0.0,5.0,B01,138Â 291Â 471,1.0
966488,201900008019,3,19,11:15,1,2,1,1.0,6.0,03023,30 rue Gabriel Ramin,M,"46,1157058","3,4073292",3,2019,50.0,1.0,1.0,3.0,2160321,1.0,1,3,1,5.0,,-1.0,0,1946.0,A01,138Â 291Â 472,1.0,8.0,-1.0,1649479,1.0,7,,1.0,0.0,2.0,A01,138Â 291Â 472,1.0
966489,201900008020,3,19,19:32,1,2,2,1.0,3.0,03023,avenue des Acacias,M,"46,1091934","3,4105062",3,2019,50.0,1.0,1.0,4.0,2160322,1.0,1,3,1,5.0,,0.0,0,1966.0,B01,138Â 291Â 469,2.0,0.0,-1.0,1649480,0.0,1,,0.0,2.0,8.0,B01,138Â 291Â 469,5.0
966489,201900008020,3,19,19:32,1,2,2,1.0,3.0,03023,avenue des Acacias,M,"46,1091934","3,4105062",3,2019,50.0,1.0,1.0,4.0,2160322,1.0,1,3,1,5.0,,0.0,0,1966.0,B01,138Â 291Â 469,2.0,0.0,-1.0,1649481,0.0,7,,0.0,2.0,1.0,A01,138Â 291Â 470,1.0
966489,201900008020,3,19,19:32,1,2,2,1.0,3.0,03023,avenue des Acacias,M,"46,1091934","3,4105062",3,2019,50.0,1.0,1.0,4.0,2160323,1.0,1,1,1,5.0,,0.0,0,1970.0,A01,138Â 291Â 470,1.0,8.0,-1.0,1649480,0.0,1,,0.0,2.0,8.0,B01,138Â 291Â 469,5.0
966489,201900008020,3,19,19:32,1,2,2,1.0,3.0,03023,avenue des Acacias,M,"46,1091934","3,4105062",3,2019,50.0,1.0,1.0,4.0,2160323,1.0,1,1,1,5.0,,0.0,0,1970.0,A01,138Â 291Â 470,1.0,8.0,-1.0,1649481,0.0,7,,0.0,2.0,1.0,A01,138Â 291Â 470,1.0
966490,201900008021,3,19,14:15,1,2,2,1.0,3.0,02738,RAYMOND POINCARE,M,"49,6555300","3,3144000",2,2019,50.0,1.0,1.0,4.0,2160324,1.0,1,4,2,5.0,,-1.0,0,1971.0,B01,138Â 291Â 466,1.0,0.0,-1.0,1649482,1.0,7,,0.0,2.0,2.0,B01,138Â 291Â 466,6.0
966490,201900008021,3,19,14:15,1,2,2,1.0,3.0,02738,RAYMOND POINCARE,M,"49,6555300","3,3144000",2,2019,50.0,1.0,1.0,4.0,2160324,1.0,1,4,2,5.0,,-1.0,0,1971.0,B01,138Â 291Â 466,1.0,0.0,-1.0,1649483,2.0,10,,0.0,2.0,3.0,A01,138Â 291Â 467,6.0
966490,201900008021,3,19,14:15,1,2,2,1.0,3.0,02738,RAYMOND POINCARE,M,"49,6555300","3,3144000",2,2019,50.0,1.0,1.0,4.0,2160325,1.0,1,1,2,4.0,,-1.0,0,1968.0,A01,138Â 291Â 467,1.0,0.0,-1.0,1649482,1.0,7,,0.0,2.0,2.0,B01,138Â 291Â 466,6.0
966490,201900008021,3,19,14:15,1,2,2,1.0,3.0,02738,RAYMOND POINCARE,M,"49,6555300","3,3144000",2,2019,50.0,1.0,1.0,4.0,2160325,1.0,1,1,2,4.0,,-1.0,0,1968.0,A01,138Â 291Â 467,1.0,0.0,-1.0,1649483,2.0,10,,0.0,2.0,3.0,A01,138Â 291Â 467,6.0
966491,201900008022,3,26,00:10,5,2,1,1.0,6.0,02408,PREVERT (PLACE JACQUES),M,"49,5502800","3,6185100",2,2019,50.0,1.0,1.0,6.0,2160326,1.0,1,4,2,0.0,,-1.0,0,2000.0,A01,138Â 291Â 465,8.0,0.0,-1.0,1649484,3.0,7,,15.0,0.0,1.0,A01,138Â 291Â 465,1.0
966492,201900008023,3,24,16:20,1,2,9,1.0,3.0,02408,MANOISE (RUE DE),M,"49,5741800","3,6426700",2,2019,50.0,1.0,1.0,4.0,2160327,1.0,1,1,1,9.0,,-1.0, -1,1981.0,B01,138Â 291Â 463,8.0,0.0,-1.0,1649485,1.0,7,,0.0,2.0,8.0,B01,138Â 291Â 463,1.0
966492,201900008023,3,24,16:20,1,2,9,1.0,3.0,02408,MANOISE (RUE DE),M,"49,5741800","3,6426700",2,2019,50.0,1.0,1.0,4.0,2160327,1.0,1,1,1,9.0,,-1.0, -1,1981.0,B01,138Â 291Â 463,8.0,0.0,-1.0,1649486,3.0,33,,0.0,2.0,1.0,A01,138Â 291Â 464,1.0
966492,201900008023,3,24,16:20,1,2,9,1.0,3.0,02408,MANOISE (RUE DE),M,"49,5741800","3,6426700",2,2019,50.0,1.0,1.0,4.0,2160328,1.0,1,4,1,5.0,,-1.0, -1,1978.0,A01,138Â 291Â 464,2.0,0.0,-1.0,1649485,1.0,7,,0.0,2.0,8.0,B01,138Â 291Â 463,1.0
966492,201900008023,3,24,16:20,1,2,9,1.0,3.0,02408,MANOISE (RUE DE),M,"49,5741800","3,6426700",2,2019,50.0,1.0,1.0,4.0,2160328,1.0,1,4,1,5.0,,-1.0, -1,1978.0,A01,138Â 291Â 464,2.0,0.0,-1.0,1649486,3.0,33,,0.0,2.0,1.0,A01,138Â 291Â 464,1.0
966493,201900008024,3,25,21:00,5,2,4,1.0,3.0,75117,PORTE DES TERNES,M,"48,8845320","2,2858570",75,2019,70.0,1.0,1.0,4.0,2160329,1.0,1,1,1,4.0,,0.0,0,1987.0,B01,138Â 291Â 461,1.0,0.0,-1.0,1649487,2.0,7,,0.0,2.0,8.0,B01,138Â 291Â 461,1.0
966493,201900008024,3,25,21:00,5,2,4,1.0,3.0,75117,PORTE DES TERNES,M,"48,8845320","2,2858570",75,2019,70.0,1.0,1.0,4.0,2160329,1.0,1,1,1,4.0,,0.0,0,1987.0,B01,138Â 291Â 461,1.0,0.0,-1.0,1649488,2.0,30,,0.0,2.0,7.0,A01,138Â 291Â 462,1.0
966493,201900008024,3,25,21:00,5,2,4,1.0,3.0,75117,PORTE DES TERNES,M,"48,8845320","2,2858570",75,2019,70.0,1.0,1.0,4.0,2160330,1.0,1,4,1,1.0,,0.0,0,1983.0,A01,138Â 291Â 462,2.0,6.0,-1.0,1649487,2.0,7,,0.0,2.0,8.0,B01,138Â 291Â 461,1.0
966493,201900008024,3,25,21:00,5,2,4,1.0,3.0,75117,PORTE DES TERNES,M,"48,8845320","2,2858570",75,2019,70.0,1.0,1.0,4.0,2160330,1.0,1,4,1,1.0,,0.0,0,1983.0,A01,138Â 291Â 462,2.0,6.0,-1.0,1649488,2.0,30,,0.0,2.0,7.0,A01,138Â 291Â 462,1.0
966494,201900008025,3,25,11:10,1,2,1,1.0,3.0,75116,PORTE DE PASSY,M,"48,8577300","2,2596800",75,2019,70.0,1.0,1.0,4.0,2160331,2.0,1,4,1,1.0,,0.0,0,1986.0,B01,138Â 291Â 459,2.0,6.0,-1.0,1649489,1.0,32,,0.0,2.0,2.0,B01,138Â 291Â 459,1.0
966494,201900008025,3,25,11:10,1,2,1,1.0,3.0,75116,PORTE DE PASSY,M,"48,8577300","2,2596800",75,2019,70.0,1.0,1.0,4.0,2160331,2.0,1,4,1,1.0,,0.0,0,1986.0,B01,138Â 291Â 459,2.0,6.0,-1.0,1649490,1.0,7,,0.0,2.0,3.0,A01,138Â 291Â 460,1.0
966494,201900008025,3,25,11:10,1,2,1,1.0,3.0,75116,PORTE DE PASSY,M,"48,8577300","2,2596800",75,2019,70.0,1.0,1.0,4.0,2160332,1.0,1,1,1,5.0,,0.0,0,1963.0,A01,138Â 291Â 460,1.0,0.0,-1.0,1649489,1.0,32,,0.0,2.0,2.0,B01,138Â 291Â 459,1.0
966494,201900008025,3,25,11:10,1,2,1,1.0,3.0,75116,PORTE DE PASSY,M,"48,8577300","2,2596800",75,2019,70.0,1.0,1.0,4.0,2160332,1.0,1,1,1,5.0,,0.0,0,1963.0,A01,138Â 291Â 460,1.0,0.0,-1.0,1649490,1.0,7,,0.0,2.0,3.0,A01,138Â 291Â 460,1.0
966495,201900008026,3,23,18:35,2,2,1,1.0,6.0,75118,PORTE D AUBERVILLIERS,M,"48,9006820","2,3670730",75,2019,70.0,1.0,1.0,4.0,2160333,2.0,1,4,1,5.0,,0.0,0,1996.0,A01,138Â 291Â 457,2.0,6.0,-1.0,1649491,1.0,31,,0.0,2.0,7.0,A01,138Â 291Â 457,1.0
966495,201900008026,3,23,18:35,2,2,1,1.0,6.0,75118,PORTE D AUBERVILLIERS,M,"48,9006820","2,3670730",75,2019,70.0,1.0,1.0,4.0,2160333,2.0,1,4,1,5.0,,0.0,0,1996.0,A01,138Â 291Â 457,2.0,6.0,-1.0,1649492,1.0,33,,0.0,2.0,6.0,Z01,138Â 291Â 458,0.0
966496,201900008027,3,22,19:20,5,2,1,1.0,4.0,75117,PORTE D ASNIERES,M,"48,8931720","2,3035210",75,2019,70.0,1.0,1.0,4.0,2160334,1.0,1,1,2,1.0,,0.0,0,1999.0,A01,138Â 291Â 454,1.0,0.0,-1.0,1649493,2.0,7,,0.0,2.0,7.0,A01,138Â 291Â 454,1.0
966496,201900008027,3,22,19:20,5,2,1,1.0,4.0,75117,PORTE D ASNIERES,M,"48,8931720","2,3035210",75,2019,70.0,1.0,1.0,4.0,2160334,1.0,1,1,2,1.0,,0.0,0,1999.0,A01,138Â 291Â 454,1.0,0.0,-1.0,1649494,2.0,33,,0.0,2.0,3.0,B01,138Â 291Â 455,1.0
966496,201900008027,3,22,19:20,5,2,1,1.0,4.0,75117,PORTE D ASNIERES,M,"48,8931720","2,3035210",75,2019,70.0,1.0,1.0,4.0,2160334,1.0,1,1,2,1.0,,0.0,0,1999.0,A01,138Â 291Â 454,1.0,0.0,-1.0,1649495,2.0,7,,0.0,2.0,8.0,C01,138Â 291Â 456,1.0
966496,201900008027,3,22,19:20,5,2,1,1.0,4.0,75117,PORTE D ASNIERES,M,"48,8931720","2,3035210",75,2019,70.0,1.0,1.0,4.0,2160335,1.0,1,4,1,1.0,,0.0,0,1956.0,B01,138Â 291Â 455,2.0,0.0,-1.0,1649493,2.0,7,,0.0,2.0,7.0,A01,138Â 291Â 454,1.0
966496,201900008027,3,22,19:20,5,2,1,1.0,4.0,75117,PORTE D ASNIERES,M,"48,8931720","2,3035210",75,2019,70.0,1.0,1.0,4.0,2160335,1.0,1,4,1,1.0,,0.0,0,1956.0,B01,138Â 291Â 455,2.0,0.0,-1.0,1649494,2.0,33,,0.0,2.0,3.0,B01,138Â 291Â 455,1.0
966496,201900008027,3,22,19:20,5,2,1,1.0,4.0,75117,PORTE D ASNIERES,M,"48,8931720","2,3035210",75,2019,70.0,1.0,1.0,4.0,2160335,1.0,1,4,1,1.0,,0.0,0,1956.0,B01,138Â 291Â 455,2.0,0.0,-1.0,1649495,2.0,7,,0.0,2.0,8.0,C01,138Â 291Â 456,1.0
966496,201900008027,3,22,19:20,5,2,1,1.0,4.0,75117,PORTE D ASNIERES,M,"48,8931720","2,3035210",75,2019,70.0,1.0,1.0,4.0,2160336,1.0,1,1,1,1.0,,0.0,0,1992.0,C01,138Â 291Â 456,1.0,0.0,-1.0,1649493,2.0,7,,0.0,2.0,7.0,A01,138Â 291Â 454,1.0
966496,201900008027,3,22,19:20,5,2,1,1.0,4.0,75117,PORTE D ASNIERES,M,"48,8931720","2,3035210",75,2019,70.0,1.0,1.0,4.0,2160336,1.0,1,1,1,1.0,,0.0,0,1992.0,C01,138Â 291Â 456,1.0,0.0,-1.0,1649494,2.0,33,,0.0,2.0,3.0,B01,138Â 291Â 455,1.0
966496,201900008027,3,22,19:20,5,2,1,1.0,4.0,75117,PORTE D ASNIERES,M,"48,8931720","2,3035210",75,2019,70.0,1.0,1.0,4.0,2160336,1.0,1,1,1,1.0,,0.0,0,1992.0,C01,138Â 291Â 456,1.0,0.0,-1.0,1649495,2.0,7,,0.0,2.0,8.0,C01,138Â 291Â 456,1.0
966497,201900008028,3,22,12:30,1,2,4,1.0,2.0,75116,ECHANGEUR SAINT CLOUD,M,"48,8393440","2,2542090",75,2019,70.0,1.0,1.0,4.0,2160337,1.0,1,1,1,4.0,,0.0,0,1993.0,B01,138Â 291Â 452,1.0,0.0,-1.0,1649496,1.0,10,,0.0,2.0,4.0,B01,138Â 291Â 452,1.0
966497,201900008028,3,22,12:30,1,2,4,1.0,2.0,75116,ECHANGEUR SAINT CLOUD,M,"48,8393440","2,2542090",75,2019,70.0,1.0,1.0,4.0,2160337,1.0,1,1,1,4.0,,0.0,0,1993.0,B01,138Â 291Â 452,1.0,0.0,-1.0,1649497,1.0,7,,0.0,2.0,1.0,A01,138Â 291Â 453,1.0
966497,201900008028,3,22,12:30,1,2,4,1.0,2.0,75116,ECHANGEUR SAINT CLOUD,M,"48,8393440","2,2542090",75,2019,70.0,1.0,1.0,4.0,2160338,1.0,1,4,2,5.0,,0.0,0,1997.0,A01,138Â 291Â 453,1.0,0.0,-1.0,1649496,1.0,10,,0.0,2.0,4.0,B01,138Â 291Â 452,1.0
966497,201900008028,3,22,12:30,1,2,4,1.0,2.0,75116,ECHANGEUR SAINT CLOUD,M,"48,8393440","2,2542090",75,2019,70.0,1.0,1.0,4.0,2160338,1.0,1,4,2,5.0,,0.0,0,1997.0,A01,138Â 291Â 453,1.0,0.0,-1.0,1649497,1.0,7,,0.0,2.0,1.0,A01,138Â 291Â 453,1.0
966498,201900008029,3,22,10:20,1,2,1,1.0,6.0,75114,PORTE DE CHATILLON,M,"48,8217520","2,3179320",75,2019,70.0,1.0,1.0,4.0,2160339,1.0,1,4,1,5.0,,0.0,0,1983.0,A01,138Â 291Â 449,2.0,6.0,-1.0,1649498,1.0,32,,0.0,2.0,5.0,A01,138Â 291Â 449,1.0
966498,201900008029,3,22,10:20,1,2,1,1.0,6.0,75114,PORTE DE CHATILLON,M,"48,8217520","2,3179320",75,2019,70.0,1.0,1.0,4.0,2160339,1.0,1,4,1,5.0,,0.0,0,1983.0,A01,138Â 291Â 449,2.0,6.0,-1.0,1649499,1.0,7,,0.0,2.0,5.0,B01,138Â 291Â 450,1.0
966498,201900008029,3,22,10:20,1,2,1,1.0,6.0,75114,PORTE DE CHATILLON,M,"48,8217520","2,3179320",75,2019,70.0,1.0,1.0,4.0,2160339,1.0,1,4,1,5.0,,0.0,0,1983.0,A01,138Â 291Â 449,2.0,6.0,-1.0,1649500,1.0,13,,0.0,2.0,6.0,Z01,138Â 291Â 451,0.0
966498,201900008029,3,22,10:20,1,2,1,1.0,6.0,75114,PORTE DE CHATILLON,M,"48,8217520","2,3179320",75,2019,70.0,1.0,1.0,4.0,2160340,1.0,1,1,1,5.0,,0.0,0,1948.0,B01,138Â 291Â 450,1.0,0.0,-1.0,1649498,1.0,32,,0.0,2.0,5.0,A01,138Â 291Â 449,1.0
966498,201900008029,3,22,10:20,1,2,1,1.0,6.0,75114,PORTE DE CHATILLON,M,"48,8217520","2,3179320",75,2019,70.0,1.0,1.0,4.0,2160340,1.0,1,1,1,5.0,,0.0,0,1948.0,B01,138Â 291Â 450,1.0,0.0,-1.0,1649499,1.0,7,,0.0,2.0,5.0,B01,138Â 291Â 450,1.0
966498,201900008029,3,22,10:20,1,2,1,1.0,6.0,75114,PORTE DE CHATILLON,M,"48,8217520","2,3179320",75,2019,70.0,1.0,1.0,4.0,2160340,1.0,1,1,1,5.0,,0.0,0,1948.0,B01,138Â 291Â 450,1.0,0.0,-1.0,1649500,1.0,13,,0.0,2.0,6.0,Z01,138Â 291Â 451,0.0
966499,201900008030,3,22,08:55,1,2,1,1.0,2.0,75116,PORTE DE SAINT CLOUD,M,"48,8355390","2,2586700",75,2019,70.0,1.0,1.0,4.0,2160341,1.0,1,4,1,4.0,,0.0,0,1996.0,A01,138Â 291Â 447,2.0,6.0,-1.0,1649501,1.0,33,,0.0,2.0,1.0,A01,138Â 291Â 447,1.0
966499,201900008030,3,22,08:55,1,2,1,1.0,2.0,75116,PORTE DE SAINT CLOUD,M,"48,8355390","2,2586700",75,2019,70.0,1.0,1.0,4.0,2160341,1.0,1,4,1,4.0,,0.0,0,1996.0,A01,138Â 291Â 447,2.0,6.0,-1.0,1649502,1.0,7,,0.0,2.0,4.0,B01,138Â 291Â 448,1.0
966499,201900008030,3,22,08:55,1,2,1,1.0,2.0,75116,PORTE DE SAINT CLOUD,M,"48,8355390","2,2586700",75,2019,70.0,1.0,1.0,4.0,2160342,1.0,1,1,2,4.0,,0.0,0,1990.0,B01,138Â 291Â 448,1.0,0.0,-1.0,1649501,1.0,33,,0.0,2.0,1.0,A01,138Â 291Â 447,1.0
966499,201900008030,3,22,08:55,1,2,1,1.0,2.0,75116,PORTE DE SAINT CLOUD,M,"48,8355390","2,2586700",75,2019,70.0,1.0,1.0,4.0,2160342,1.0,1,1,2,4.0,,0.0,0,1990.0,B01,138Â 291Â 448,1.0,0.0,-1.0,1649502,1.0,7,,0.0,2.0,4.0,B01,138Â 291Â 448,1.0
966500,201900008031,3,21,09:50,1,2,1,1.0,2.0,75113,PORTE D ITALIE,M,"48,8187970","2,3705670",75,2019,70.0,1.0,1.0,4.0,2160343,1.0,1,4,1,5.0,,0.0,0,1995.0,A01,138Â 291Â 445,2.0,6.0,-1.0,1649503,1.0,33,,0.0,2.0,1.0,A01,138Â 291Â 445,1.0
966500,201900008031,3,21,09:50,1,2,1,1.0,2.0,75113,PORTE D ITALIE,M,"48,8187970","2,3705670",75,2019,70.0,1.0,1.0,4.0,2160343,1.0,1,4,1,5.0,,0.0,0,1995.0,A01,138Â 291Â 445,2.0,6.0,-1.0,1649504,1.0,33,,0.0,2.0,4.0,B01,138Â 291Â 446,1.0
966500,201900008031,3,21,09:50,1,2,1,1.0,2.0,75113,PORTE D ITALIE,M,"48,8187970","2,3705670",75,2019,70.0,1.0,1.0,4.0,2160344,1.0,1,1,1,4.0,,0.0,0,1986.0,B01,138Â 291Â 446,2.0,6.0,-1.0,1649503,1.0,33,,0.0,2.0,1.0,A01,138Â 291Â 445,1.0
966500,201900008031,3,21,09:50,1,2,1,1.0,2.0,75113,PORTE D ITALIE,M,"48,8187970","2,3705670",75,2019,70.0,1.0,1.0,4.0,2160344,1.0,1,1,1,4.0,,0.0,0,1986.0,B01,138Â 291Â 446,2.0,6.0,-1.0,1649504,1.0,33,,0.0,2.0,4.0,B01,138Â 291Â 446,1.0
966501,201900008032,3,20,11:40,1,2,1,1.0,4.0,75117,PORTE D ASNIERES,M,"48,8892370","2,2961540",75,2019,70.0,1.0,1.0,4.0,2160345,1.0,1,4,2,1.0,,0.0,0,1996.0,A01,138Â 291Â 441,1.0,0.0,-1.0,1649505,1.0,7,,0.0,2.0,1.0,A01,138Â 291Â 441,1.0
966501,201900008032,3,20,11:40,1,2,1,1.0,4.0,75117,PORTE D ASNIERES,M,"48,8892370","2,2961540",75,2019,70.0,1.0,1.0,4.0,2160345,1.0,1,4,2,1.0,,0.0,0,1996.0,A01,138Â 291Â 441,1.0,0.0,-1.0,1649506,1.0,7,,0.0,2.0,4.0,B01,138Â 291Â 442,3.0
966501,201900008032,3,20,11:40,1,2,1,1.0,4.0,75117,PORTE D ASNIERES,M,"48,8892370","2,2961540",75,2019,70.0,1.0,1.0,4.0,2160345,1.0,1,4,2,1.0,,0.0,0,1996.0,A01,138Â 291Â 441,1.0,0.0,-1.0,1649507,1.0,7,,0.0,2.0,4.0,C01,138Â 291Â 443,1.0
966501,201900008032,3,20,11:40,1,2,1,1.0,4.0,75117,PORTE D ASNIERES,M,"48,8892370","2,2961540",75,2019,70.0,1.0,1.0,4.0,2160345,1.0,1,4,2,1.0,,0.0,0,1996.0,A01,138Â 291Â 441,1.0,0.0,-1.0,1649508,1.0,7,,0.0,2.0,1.0,D01,138Â 291Â 444,1.0
966501,201900008032,3,20,11:40,1,2,1,1.0,4.0,75117,PORTE D ASNIERES,M,"48,8892370","2,2961540",75,2019,70.0,1.0,1.0,4.0,2160346,1.0,1,1,1,5.0,,0.0,0,1984.0,B01,138Â 291Â 442,1.0,0.0,-1.0,1649505,1.0,7,,0.0,2.0,1.0,A01,138Â 291Â 441,1.0
966501,201900008032,3,20,11:40,1,2,1,1.0,4.0,75117,PORTE D ASNIERES,M,"48,8892370","2,2961540",75,2019,70.0,1.0,1.0,4.0,2160346,1.0,1,1,1,5.0,,0.0,0,1984.0,B01,138Â 291Â 442,1.0,0.0,-1.0,1649506,1.0,7,,0.0,2.0,4.0,B01,138Â 291Â 442,3.0
966501,201900008032,3,20,11:40,1,2,1,1.0,4.0,75117,PORTE D ASNIERES,M,"48,8892370","2,2961540",75,2019,70.0,1.0,1.0,4.0,2160346,1.0,1,1,1,5.0,,0.0,0,1984.0,B01,138Â 291Â 442,1.0,0.0,-1.0,1649507,1.0,7,,0.0,2.0,4.0,C01,138Â 291Â 443,1.0
966501,201900008032,3,20,11:40,1,2,1,1.0,4.0,75117,PORTE D ASNIERES,M,"48,8892370","2,2961540",75,2019,70.0,1.0,1.0,4.0,2160346,1.0,1,1,1,5.0,,0.0,0,1984.0,B01,138Â 291Â 442,1.0,0.0,-1.0,1649508,1.0,7,,0.0,2.0,1.0,D01,138Â 291Â 444,1.0
966501,201900008032,3,20,11:40,1,2,1,1.0,4.0,75117,PORTE D ASNIERES,M,"48,8892370","2,2961540",75,2019,70.0,1.0,1.0,4.0,2160347,1.0,1,1,1,4.0,,0.0,0,1973.0,C01,138Â 291Â 443,1.0,0.0,-1.0,1649505,1.0,7,,0.0,2.0,1.0,A01,138Â 291Â 441,1.0
966501,201900008032,3,20,11:40,1,2,1,1.0,4.0,75117,PORTE D ASNIERES,M,"48,8892370","2,2961540",75,2019,70.0,1.0,1.0,4.0,2160347,1.0,1,1,1,4.0,,0.0,0,1973.0,C01,138Â 291Â 443,1.0,0.0,-1.0,1649506,1.0,7,,0.0,2.0,4.0,B01,138Â 291Â 442,3.0
966501,201900008032,3,20,11:40,1,2,1,1.0,4.0,75117,PORTE D ASNIERES,M,"48,8892370","2,2961540",75,2019,70.0,1.0,1.0,4.0,2160347,1.0,1,1,1,4.0,,0.0,0,1973.0,C01,138Â 291Â 443,1.0,0.0,-1.0,1649507,1.0,7,,0.0,2.0,4.0,C01,138Â 291Â 443,1.0