Unnamed: 0_x,num_acc,mois,jour,hrmn,lum,agg,int,atm,col,com,adr,gps,lat,long,dep,annee,vma,situ,surf,catr,Unnamed: 0_y,place,catu,grav,sexe,trajet,secu,locp,actp,an_nais,num_veh_x,id_vehicule_x,secu1,secu2,secu3,Unnamed: 0,senc,catv,occutc,obs,obsm,choc,num_veh_y,id_vehicule_y,motor
966501,201900008032,3,20,11:40,1,2,1,1.0,4.0,75117,PORTE D ASNIERES,M,"48,8892370","2,2961540",75,2019,70.0,1.0,1.0,4.0,2160347,1.0,1,1,1,4.0,,0.0,0,1973.0,C01,138Â 291Â 443,1.0,0.0,-1.0,1649508,1.0,7,,0.0,2.0,1.0,D01,138Â 291Â 444,1.0
966501,201900008032,3,20,11:40,1,2,1,1.0,4.0,75117,PORTE D ASNIERES,M,"48,8892370","2,2961540",75,2019,70.0,1.0,1.0,4.0,2160348,1.0,1,1,1,1.0,,0.0,0,1988.0,D01,138Â 291Â 444,1.0,0.0,-1.0,1649505,1.0,7,,0.0,2.0,1.0,A01,138Â 291Â 441,1.0
966501,201900008032,3,20,11:40,1,2,1,1.0,4.0,75117,PORTE D ASNIERES,M,"48,8892370","2,2961540",75,2019,70.0,1.0,1.0,4.0,2160348,1.0,1,1,1,1.0,,0.0,0,1988.0,D01,138Â 291Â 444,1.0,0.0,-1.0,1649506,1.0,7,,0.0,2.0,4.0,B01,138Â 291Â 442,3.0
966501,201900008032,3,20,11:40,1,2,1,1.0,4.0,75117,PORTE D ASNIERES,M,"48,8892370","2,2961540",75,2019,70.0,1.0,1.0,4.0,2160348,1.0,1,1,1,1.0,,0.0,0,1988.0,D01,138Â 291Â 444,1.0,0.0,-1.0,1649507,1.0,7,,0.0,2.0,4.0,C01,138Â 291Â 443,1.0
966501,201900008032,3,20,11:40,1,2,1,1.0,4.0,75117,PORTE D ASNIERES,M,"48,8892370","2,2961540",75,2019,70.0,1.0,1.0,4.0,2160348,1.0,1,1,1,1.0,,0.0,0,1988.0,D01,138Â 291Â 444,1.0,0.0,-1.0,1649508,1.0,7,,0.0,2.0,1.0,D01,138Â 291Â 444,1.0
966502,201900008033,3,20,08:50,1,2,1,1.0,6.0,75117,BOULEVARD PERIPHERIQUE,M,"48,8871510","2,2900740",75,2019,70.0,1.0,1.0,4.0,2160349,1.0,1,4,1,1.0,,0.0,0,1965.0,A01,138Â 291Â 440,2.0,7.0,-1.0,1649509,2.0,7,,0.0,2.0,5.0,Z01,138Â 291Â 439,0.0
966502,201900008033,3,20,08:50,1,2,1,1.0,6.0,75117,BOULEVARD PERIPHERIQUE,M,"48,8871510","2,2900740",75,2019,70.0,1.0,1.0,4.0,2160349,1.0,1,4,1,1.0,,0.0,0,1965.0,A01,138Â 291Â 440,2.0,7.0,-1.0,1649510,2.0,33,,0.0,2.0,3.0,A01,138Â 291Â 440,1.0
966503,201900008034,3,20,08:45,1,2,1,1.0,2.0,75115,QUAI D ISSY LES MOULINEAUX,M,"48,8349270","2,2667730",75,2019,70.0,1.0,1.0,4.0,2160350,1.0,1,4,1,4.0,,0.0,0,1985.0,A01,138Â 291Â 437,2.0,6.0,-1.0,1649511,1.0,34,,0.0,2.0,3.0,A01,138Â 291Â 437,1.0
966503,201900008034,3,20,08:45,1,2,1,1.0,2.0,75115,QUAI D ISSY LES MOULINEAUX,M,"48,8349270","2,2667730",75,2019,70.0,1.0,1.0,4.0,2160350,1.0,1,4,1,4.0,,0.0,0,1985.0,A01,138Â 291Â 437,2.0,6.0,-1.0,1649512,1.0,7,,0.0,2.0,5.0,B01,138Â 291Â 438,1.0
966503,201900008034,3,20,08:45,1,2,1,1.0,2.0,75115,QUAI D ISSY LES MOULINEAUX,M,"48,8349270","2,2667730",75,2019,70.0,1.0,1.0,4.0,2160351,1.0,1,1,2,1.0,,0.0,0,1965.0,B01,138Â 291Â 438,1.0,0.0,-1.0,1649511,1.0,34,,0.0,2.0,3.0,A01,138Â 291Â 437,1.0
966503,201900008034,3,20,08:45,1,2,1,1.0,2.0,75115,QUAI D ISSY LES MOULINEAUX,M,"48,8349270","2,2667730",75,2019,70.0,1.0,1.0,4.0,2160351,1.0,1,1,2,1.0,,0.0,0,1965.0,B01,138Â 291Â 438,1.0,0.0,-1.0,1649512,1.0,7,,0.0,2.0,5.0,B01,138Â 291Â 438,1.0
966504,201900008035,3,14,20:15,5,2,1,8.0,3.0,75113,PORTE D IVRY,M,"48,8191970","2,3717930",75,2019,70.0,1.0,2.0,4.0,2160352,1.0,1,1,1,5.0,,0.0,0,1980.0,A01,138Â 291Â 435,1.0,0.0,-1.0,1649513,2.0,7,,0.0,2.0,8.0,A01,138Â 291Â 435,1.0
966504,201900008035,3,14,20:15,5,2,1,8.0,3.0,75113,PORTE D IVRY,M,"48,8191970","2,3717930",75,2019,70.0,1.0,2.0,4.0,2160352,1.0,1,1,1,5.0,,0.0,0,1980.0,A01,138Â 291Â 435,1.0,0.0,-1.0,1649514,2.0,33,,5.0,2.0,7.0,B01,138Â 291Â 436,1.0
966504,201900008035,3,14,20:15,5,2,1,8.0,3.0,75113,PORTE D IVRY,M,"48,8191970","2,3717930",75,2019,70.0,1.0,2.0,4.0,2160353,1.0,1,4,1,1.0,,0.0,0,1974.0,B01,138Â 291Â 436,2.0,6.0,-1.0,1649513,2.0,7,,0.0,2.0,8.0,A01,138Â 291Â 435,1.0
966504,201900008035,3,14,20:15,5,2,1,8.0,3.0,75113,PORTE D IVRY,M,"48,8191970","2,3717930",75,2019,70.0,1.0,2.0,4.0,2160353,1.0,1,4,1,1.0,,0.0,0,1974.0,B01,138Â 291Â 436,2.0,6.0,-1.0,1649514,2.0,33,,5.0,2.0,7.0,B01,138Â 291Â 436,1.0
966505,201900008036,3,23,17:55,2,2,1,1.0,3.0,75106,BOULEVARD SAINT GERMAIN,M,"48,8519100","2,3410500",75,2019,50.0,6.0,1.0,4.0,2160354,1.0,1,4,1,5.0,,0.0,0,1997.0,B01,138Â 291Â 433,8.0,0.0,-1.0,1649515,2.0,1,,0.0,2.0,7.0,B01,138Â 291Â 433,5.0
966505,201900008036,3,23,17:55,2,2,1,1.0,3.0,75106,BOULEVARD SAINT GERMAIN,M,"48,8519100","2,3410500",75,2019,50.0,6.0,1.0,4.0,2160354,1.0,1,4,1,5.0,,0.0,0,1997.0,B01,138Â 291Â 433,8.0,0.0,-1.0,1649516,2.0,31,,0.0,2.0,8.0,A01,138Â 291Â 434,1.0
966505,201900008036,3,23,17:55,2,2,1,1.0,3.0,75106,BOULEVARD SAINT GERMAIN,M,"48,8519100","2,3410500",75,2019,50.0,6.0,1.0,4.0,2160355,1.0,1,4,1,4.0,,0.0,0,1984.0,A01,138Â 291Â 434,2.0,6.0,-1.0,1649515,2.0,1,,0.0,2.0,7.0,B01,138Â 291Â 433,5.0
966505,201900008036,3,23,17:55,2,2,1,1.0,3.0,75106,BOULEVARD SAINT GERMAIN,M,"48,8519100","2,3410500",75,2019,50.0,6.0,1.0,4.0,2160355,1.0,1,4,1,4.0,,0.0,0,1984.0,A01,138Â 291Â 434,2.0,6.0,-1.0,1649516,2.0,31,,0.0,2.0,8.0,A01,138Â 291Â 434,1.0
966506,201900008037,3,21,08:40,1,2,3,1.0,7.0,75116,AVENUE DU PRESIDENT KENNEDY,M,"48,8579240","2,2879290",75,2019,50.0,1.0,1.0,4.0,2160356,1.0,1,3,1,5.0,,0.0,0,1992.0,A01,138Â 291Â 432,2.0,6.0,-1.0,1649517,1.0,30,,12.0,0.0,3.0,A01,138Â 291Â 432,1.0
966507,201900008038,3,20,17:05,1,2,1,1.0,3.0,75101,RUE CAMBON,M,"48,8665230","2,3254650",75,2019,30.0,1.0,1.0,4.0,2160357,3.0,2,1,2,5.0,,0.0,0,1992.0,A01,138Â 291Â 430,1.0,8.0,-1.0,1649518,1.0,7,,0.0,2.0,7.0,A01,138Â 291Â 430,1.0
966507,201900008038,3,20,17:05,1,2,1,1.0,3.0,75101,RUE CAMBON,M,"48,8665230","2,3254650",75,2019,30.0,1.0,1.0,4.0,2160357,3.0,2,1,2,5.0,,0.0,0,1992.0,A01,138Â 291Â 430,1.0,8.0,-1.0,1649519,1.0,31,,0.0,2.0,1.0,B01,138Â 291Â 431,1.0
966507,201900008038,3,20,17:05,1,2,1,1.0,3.0,75101,RUE CAMBON,M,"48,8665230","2,3254650",75,2019,30.0,1.0,1.0,4.0,2160358,1.0,1,1,1,4.0,,0.0,0,1965.0,A01,138Â 291Â 430,1.0,8.0,-1.0,1649518,1.0,7,,0.0,2.0,7.0,A01,138Â 291Â 430,1.0
966507,201900008038,3,20,17:05,1,2,1,1.0,3.0,75101,RUE CAMBON,M,"48,8665230","2,3254650",75,2019,30.0,1.0,1.0,4.0,2160358,1.0,1,1,1,4.0,,0.0,0,1965.0,A01,138Â 291Â 430,1.0,8.0,-1.0,1649519,1.0,31,,0.0,2.0,1.0,B01,138Â 291Â 431,1.0
966507,201900008038,3,20,17:05,1,2,1,1.0,3.0,75101,RUE CAMBON,M,"48,8665230","2,3254650",75,2019,30.0,1.0,1.0,4.0,2160359,1.0,1,3,1,0.0,,0.0,0,1960.0,B01,138Â 291Â 431,2.0,6.0,-1.0,1649518,1.0,7,,0.0,2.0,7.0,A01,138Â 291Â 430,1.0
966507,201900008038,3,20,17:05,1,2,1,1.0,3.0,75101,RUE CAMBON,M,"48,8665230","2,3254650",75,2019,30.0,1.0,1.0,4.0,2160359,1.0,1,3,1,0.0,,0.0,0,1960.0,B01,138Â 291Â 431,2.0,6.0,-1.0,1649519,1.0,31,,0.0,2.0,1.0,B01,138Â 291Â 431,1.0
966508,201900008039,3,20,09:54,1,2,2,1.0,6.0,75112,AVENUE LEDRU ROLLIN,M,"48,8486470","2,3725570",75,2019,30.0,1.0,1.0,4.0,2160360,10.0,3,3,2,5.0,,4.0,3,1939.0,A01,138Â 291Â 429,8.0,0.0,-1.0,1649520,2.0,38,1.0,0.0,1.0,8.0,A01,138Â 291Â 429,1.0
966508,201900008039,3,20,09:54,1,2,2,1.0,6.0,75112,AVENUE LEDRU ROLLIN,M,"48,8486470","2,3725570",75,2019,30.0,1.0,1.0,4.0,2160361,1.0,1,1,1,4.0,,0.0,0,1974.0,A01,138Â 291Â 429,1.0,8.0,-1.0,1649520,2.0,38,1.0,0.0,1.0,8.0,A01,138Â 291Â 429,1.0
966509,201900008040,3,22,12:50,1,2,1,1.0,2.0,75106,BOULEVARD DU MONTPARNASSE,M,"48,8463030","2,3176280",75,2019,50.0,1.0,1.0,4.0,2160362,1.0,1,4,1,1.0,,0.0,0,1980.0,A01,138Â 291Â 427,2.0,8.0,-1.0,1649521,2.0,30,,0.0,2.0,1.0,A01,138Â 291Â 427,3.0
966509,201900008040,3,22,12:50,1,2,1,1.0,2.0,75106,BOULEVARD DU MONTPARNASSE,M,"48,8463030","2,3176280",75,2019,50.0,1.0,1.0,4.0,2160362,1.0,1,4,1,1.0,,0.0,0,1980.0,A01,138Â 291Â 427,2.0,8.0,-1.0,1649522,2.0,7,,0.0,2.0,5.0,B01,138Â 291Â 428,1.0
966509,201900008040,3,22,12:50,1,2,1,1.0,2.0,75106,BOULEVARD DU MONTPARNASSE,M,"48,8463030","2,3176280",75,2019,50.0,1.0,1.0,4.0,2160363,1.0,1,1,1,1.0,,0.0,0,1993.0,B01,138Â 291Â 428,1.0,0.0,-1.0,1649521,2.0,30,,0.0,2.0,1.0,A01,138Â 291Â 427,3.0
966509,201900008040,3,22,12:50,1,2,1,1.0,2.0,75106,BOULEVARD DU MONTPARNASSE,M,"48,8463030","2,3176280",75,2019,50.0,1.0,1.0,4.0,2160363,1.0,1,1,1,1.0,,0.0,0,1993.0,B01,138Â 291Â 428,1.0,0.0,-1.0,1649522,2.0,7,,0.0,2.0,5.0,B01,138Â 291Â 428,1.0
966510,201900008041,3,25,20:40,5,2,2,1.0,3.0,75120,RUE DES PYRENEES,M,"48,8632890","2,3997040",75,2019,50.0,1.0,1.0,4.0,2160364,1.0,1,1,1,5.0,,0.0,0,1941.0,B01,138Â 291Â 425,1.0,0.0,-1.0,1649523,1.0,7,,0.0,2.0,3.0,B01,138Â 291Â 425,1.0
966510,201900008041,3,25,20:40,5,2,2,1.0,3.0,75120,RUE DES PYRENEES,M,"48,8632890","2,3997040",75,2019,50.0,1.0,1.0,4.0,2160364,1.0,1,1,1,5.0,,0.0,0,1941.0,B01,138Â 291Â 425,1.0,0.0,-1.0,1649524,1.0,1,,0.0,2.0,0.0,A01,138Â 291Â 426,5.0
966510,201900008041,3,25,20:40,5,2,2,1.0,3.0,75120,RUE DES PYRENEES,M,"48,8632890","2,3997040",75,2019,50.0,1.0,1.0,4.0,2160365,1.0,1,4,1,5.0,,0.0,0,1987.0,A01,138Â 291Â 426,2.0,0.0,-1.0,1649523,1.0,7,,0.0,2.0,3.0,B01,138Â 291Â 425,1.0
966510,201900008041,3,25,20:40,5,2,2,1.0,3.0,75120,RUE DES PYRENEES,M,"48,8632890","2,3997040",75,2019,50.0,1.0,1.0,4.0,2160365,1.0,1,4,1,5.0,,0.0,0,1987.0,A01,138Â 291Â 426,2.0,0.0,-1.0,1649524,1.0,1,,0.0,2.0,0.0,A01,138Â 291Â 426,5.0
966511,201900008042,3,25,09:55,1,2,1,1.0,3.0,75120,AVENUE GAMBETTA,M,"48,8636490","2,3905260",75,2019,50.0,1.0,1.0,4.0,2160366,1.0,1,4,2,1.0,,0.0,0,1974.0,B01,138Â 291Â 423,2.0,6.0,-1.0,1649525,2.0,30,,0.0,2.0,1.0,B01,138Â 291Â 423,1.0
966511,201900008042,3,25,09:55,1,2,1,1.0,3.0,75120,AVENUE GAMBETTA,M,"48,8636490","2,3905260",75,2019,50.0,1.0,1.0,4.0,2160366,1.0,1,4,2,1.0,,0.0,0,1974.0,B01,138Â 291Â 423,2.0,6.0,-1.0,1649526,2.0,10,,0.0,2.0,8.0,A01,138Â 291Â 424,3.0
966511,201900008042,3,25,09:55,1,2,1,1.0,3.0,75120,AVENUE GAMBETTA,M,"48,8636490","2,3905260",75,2019,50.0,1.0,1.0,4.0,2160367,1.0,1,1,1,4.0,,0.0,0,1980.0,A01,138Â 291Â 424,1.0,0.0,-1.0,1649525,2.0,30,,0.0,2.0,1.0,B01,138Â 291Â 423,1.0
966511,201900008042,3,25,09:55,1,2,1,1.0,3.0,75120,AVENUE GAMBETTA,M,"48,8636490","2,3905260",75,2019,50.0,1.0,1.0,4.0,2160367,1.0,1,1,1,4.0,,0.0,0,1980.0,A01,138Â 291Â 424,1.0,0.0,-1.0,1649526,2.0,10,,0.0,2.0,8.0,A01,138Â 291Â 424,3.0
966512,201900008043,3,23,16:20,1,2,3,1.0,3.0,75120,BOULEVARD DE BELLEVILLE,M,"48,8695630","2,3799840",75,2019,50.0,5.0,1.0,4.0,2160368,1.0,1,4,2,0.0,,0.0,0,1975.0,A01,138Â 291Â 421,0.0,0.0,0.0,1649527,1.0,50,,0.0,2.0,2.0,A01,138Â 291Â 421,3.0
966512,201900008043,3,23,16:20,1,2,3,1.0,3.0,75120,BOULEVARD DE BELLEVILLE,M,"48,8695630","2,3799840",75,2019,50.0,5.0,1.0,4.0,2160368,1.0,1,4,2,0.0,,0.0,0,1975.0,A01,138Â 291Â 421,0.0,0.0,0.0,1649528,1.0,7,,0.0,2.0,3.0,B01,138Â 291Â 422,1.0
966512,201900008043,3,23,16:20,1,2,3,1.0,3.0,75120,BOULEVARD DE BELLEVILLE,M,"48,8695630","2,3799840",75,2019,50.0,5.0,1.0,4.0,2160369,3.0,2,1,1,0.0,,0.0,0,1978.0,B01,138Â 291Â 422,1.0,0.0,-1.0,1649527,1.0,50,,0.0,2.0,2.0,A01,138Â 291Â 421,3.0
966512,201900008043,3,23,16:20,1,2,3,1.0,3.0,75120,BOULEVARD DE BELLEVILLE,M,"48,8695630","2,3799840",75,2019,50.0,5.0,1.0,4.0,2160369,3.0,2,1,1,0.0,,0.0,0,1978.0,B01,138Â 291Â 422,1.0,0.0,-1.0,1649528,1.0,7,,0.0,2.0,3.0,B01,138Â 291Â 422,1.0
966512,201900008043,3,23,16:20,1,2,3,1.0,3.0,75120,BOULEVARD DE BELLEVILLE,M,"48,8695630","2,3799840",75,2019,50.0,5.0,1.0,4.0,2160370,1.0,1,1,2,0.0,,0.0,0,1973.0,B01,138Â 291Â 422,1.0,5.0,-1.0,1649527,1.0,50,,0.0,2.0,2.0,A01,138Â 291Â 421,3.0
966512,201900008043,3,23,16:20,1,2,3,1.0,3.0,75120,BOULEVARD DE BELLEVILLE,M,"48,8695630","2,3799840",75,2019,50.0,5.0,1.0,4.0,2160370,1.0,1,1,2,0.0,,0.0,0,1973.0,B01,138Â 291Â 422,1.0,5.0,-1.0,1649528,1.0,7,,0.0,2.0,3.0,B01,138Â 291Â 422,1.0
966512,201900008043,3,23,16:20,1,2,3,1.0,3.0,75120,BOULEVARD DE BELLEVILLE,M,"48,8695630","2,3799840",75,2019,50.0,5.0,1.0,4.0,2160371,2.0,2,1,1,0.0,,0.0,0,2008.0,B01,138Â 291Â 422,1.0,0.0,-1.0,1649527,1.0,50,,0.0,2.0,2.0,A01,138Â 291Â 421,3.0
966512,201900008043,3,23,16:20,1,2,3,1.0,3.0,75120,BOULEVARD DE BELLEVILLE,M,"48,8695630","2,3799840",75,2019,50.0,5.0,1.0,4.0,2160371,2.0,2,1,1,0.0,,0.0,0,2008.0,B01,138Â 291Â 422,1.0,0.0,-1.0,1649528,1.0,7,,0.0,2.0,3.0,B01,138Â 291Â 422,1.0
966513,201900008044,3,22,21:40,5,2,7,1.0,6.0,75120,COURS DE VINCENNES,M,"48,8471780","2,4112750",75,2019,50.0,1.0,1.0,4.0,2160372,1.0,1,4,1,5.0,,0.0,0,1995.0,A01,138Â 291Â 420,2.0,6.0,-1.0,1649529,2.0,33,,12.0,0.0,0.0,A01,138Â 291Â 420,1.0
966513,201900008044,3,22,21:40,5,2,7,1.0,6.0,75120,COURS DE VINCENNES,M,"48,8471780","2,4112750",75,2019,50.0,1.0,1.0,4.0,2160373,2.0,2,4,2,5.0,,0.0,0,1999.0,A01,138Â 291Â 420,2.0,6.0,-1.0,1649529,2.0,33,,12.0,0.0,0.0,A01,138Â 291Â 420,1.0
966514,201900008045,3,21,22:40,5,2,2,1.0,6.0,75120,RUE SAINT BLAISE,M,"48,8577510","2,4075780",75,2019,30.0,1.0,1.0,4.0,2160374,10.0,3,4,2,0.0,,2.0,3,1957.0,A01,138Â 291Â 419,8.0,0.0,-1.0,1649530,1.0,7,,0.0,1.0,4.0,A01,138Â 291Â 419,1.0
966514,201900008045,3,21,22:40,5,2,2,1.0,6.0,75120,RUE SAINT BLAISE,M,"48,8577510","2,4075780",75,2019,30.0,1.0,1.0,4.0,2160375,1.0,1,1,1,0.0,,0.0,0,1985.0,A01,138Â 291Â 419,1.0,0.0,-1.0,1649530,1.0,7,,0.0,1.0,4.0,A01,138Â 291Â 419,1.0
966515,201900008046,3,21,20:20,5,2,3,1.0,6.0,75120,RUE DE LA CROIX SAINT SIMON,M,"48,8555330","2,4097250",75,2019,50.0,1.0,1.0,4.0,2160376,10.0,3,3,1,5.0,,2.0,3,1956.0,A01,138Â 291Â 418,8.0,0.0,-1.0,1649531,2.0,30,,0.0,1.0,1.0,A01,138Â 291Â 418,1.0
966515,201900008046,3,21,20:20,5,2,3,1.0,6.0,75120,RUE DE LA CROIX SAINT SIMON,M,"48,8555330","2,4097250",75,2019,50.0,1.0,1.0,4.0,2160377,1.0,1,1,1,5.0,,0.0,0,1997.0,A01,138Â 291Â 418,2.0,6.0,-1.0,1649531,2.0,30,,0.0,1.0,1.0,A01,138Â 291Â 418,1.0
966516,201900008047,3,21,13:10,1,2,4,1.0,6.0,75120,RUE BELGRAND,M,"48,8646110","2,4059820",75,2019,50.0,5.0,1.0,4.0,2160378,10.0,3,4,2,5.0,,3.0,3,2002.0,Z01,138Â 291Â 417,8.0,0.0,-1.0,1649532,1.0,33,,0.0,1.0,1.0,Z01,138Â 291Â 417,1.0
966517,201900008048,3,25,17:45,1,2,3,1.0,3.0,75119,AVENUE JEAN JAURES,M,"48,8851800","2,3793760",75,2019,50.0,1.0,1.0,4.0,2160379,1.0,1,4,1,1.0,,0.0,0,1979.0,B01,138Â 291Â 415,2.0,6.0,-1.0,1649533,1.0,2,,0.0,2.0,2.0,B01,138Â 291Â 415,1.0
966517,201900008048,3,25,17:45,1,2,3,1.0,3.0,75119,AVENUE JEAN JAURES,M,"48,8851800","2,3793760",75,2019,50.0,1.0,1.0,4.0,2160379,1.0,1,4,1,1.0,,0.0,0,1979.0,B01,138Â 291Â 415,2.0,6.0,-1.0,1649534,1.0,7,,0.0,2.0,3.0,A01,138Â 291Â 416,1.0
966517,201900008048,3,25,17:45,1,2,3,1.0,3.0,75119,AVENUE JEAN JAURES,M,"48,8851800","2,3793760",75,2019,50.0,1.0,1.0,4.0,2160380,1.0,1,1,1,5.0,,0.0,0,1992.0,A01,138Â 291Â 416,1.0,0.0,-1.0,1649533,1.0,2,,0.0,2.0,2.0,B01,138Â 291Â 415,1.0
966517,201900008048,3,25,17:45,1,2,3,1.0,3.0,75119,AVENUE JEAN JAURES,M,"48,8851800","2,3793760",75,2019,50.0,1.0,1.0,4.0,2160380,1.0,1,1,1,5.0,,0.0,0,1992.0,A01,138Â 291Â 416,1.0,0.0,-1.0,1649534,1.0,7,,0.0,2.0,3.0,A01,138Â 291Â 416,1.0
966517,201900008048,3,25,17:45,1,2,3,1.0,3.0,75119,AVENUE JEAN JAURES,M,"48,8851800","2,3793760",75,2019,50.0,1.0,1.0,4.0,2160381,2.0,2,1,2,5.0,,0.0,0,1992.0,A01,138Â 291Â 416,1.0,0.0,-1.0,1649533,1.0,2,,0.0,2.0,2.0,B01,138Â 291Â 415,1.0
966517,201900008048,3,25,17:45,1,2,3,1.0,3.0,75119,AVENUE JEAN JAURES,M,"48,8851800","2,3793760",75,2019,50.0,1.0,1.0,4.0,2160381,2.0,2,1,2,5.0,,0.0,0,1992.0,A01,138Â 291Â 416,1.0,0.0,-1.0,1649534,1.0,7,,0.0,2.0,3.0,A01,138Â 291Â 416,1.0
966518,201900008049,3,25,15:15,1,2,2,1.0,3.0,75119,AVENUE SIMON BOLIVAR,M,"48,8755820","2,3818730",75,2019,50.0,1.0,1.0,4.0,2160382,1.0,1,1,1,0.0,,0.0,0,1976.0,A01,138Â 291Â 413,2.0,6.0,-1.0,1649535,2.0,43,,0.0,2.0,1.0,A01,138Â 291Â 413,1.0
966518,201900008049,3,25,15:15,1,2,2,1.0,3.0,75119,AVENUE SIMON BOLIVAR,M,"48,8755820","2,3818730",75,2019,50.0,1.0,1.0,4.0,2160382,1.0,1,1,1,0.0,,0.0,0,1976.0,A01,138Â 291Â 413,2.0,6.0,-1.0,1649536,2.0,1,,0.0,2.0,3.0,B01,138Â 291Â 414,5.0
966518,201900008049,3,25,15:15,1,2,2,1.0,3.0,75119,AVENUE SIMON BOLIVAR,M,"48,8755820","2,3818730",75,2019,50.0,1.0,1.0,4.0,2160383,1.0,1,4,2,0.0,,0.0,0,1990.0,B01,138Â 291Â 414,2.0,0.0,-1.0,1649535,2.0,43,,0.0,2.0,1.0,A01,138Â 291Â 413,1.0
966518,201900008049,3,25,15:15,1,2,2,1.0,3.0,75119,AVENUE SIMON BOLIVAR,M,"48,8755820","2,3818730",75,2019,50.0,1.0,1.0,4.0,2160383,1.0,1,4,2,0.0,,0.0,0,1990.0,B01,138Â 291Â 414,2.0,0.0,-1.0,1649536,2.0,1,,0.0,2.0,3.0,B01,138Â 291Â 414,5.0
966519,201900008050,3,25,09:50,1,2,2,1.0,3.0,75119,RUE DE CRIMEE,M,"48,8849880","2,3832710",75,2019,30.0,5.0,1.0,4.0,2160384,1.0,1,4,1,1.0,,0.0,0,1994.0,B01,138Â 291Â 411,2.0,0.0,-1.0,1649537,2.0,1,,0.0,2.0,1.0,B01,138Â 291Â 411,5.0
966519,201900008050,3,25,09:50,1,2,2,1.0,3.0,75119,RUE DE CRIMEE,M,"48,8849880","2,3832710",75,2019,30.0,5.0,1.0,4.0,2160384,1.0,1,4,1,1.0,,0.0,0,1994.0,B01,138Â 291Â 411,2.0,0.0,-1.0,1649538,1.0,7,,0.0,2.0,1.0,A01,138Â 291Â 412,1.0
966519,201900008050,3,25,09:50,1,2,2,1.0,3.0,75119,RUE DE CRIMEE,M,"48,8849880","2,3832710",75,2019,30.0,5.0,1.0,4.0,2160385,1.0,1,1,1,1.0,,0.0,0,1960.0,A01,138Â 291Â 412,1.0,0.0,-1.0,1649537,2.0,1,,0.0,2.0,1.0,B01,138Â 291Â 411,5.0
966519,201900008050,3,25,09:50,1,2,2,1.0,3.0,75119,RUE DE CRIMEE,M,"48,8849880","2,3832710",75,2019,30.0,5.0,1.0,4.0,2160385,1.0,1,1,1,1.0,,0.0,0,1960.0,A01,138Â 291Â 412,1.0,0.0,-1.0,1649538,1.0,7,,0.0,2.0,1.0,A01,138Â 291Â 412,1.0
966520,201900008051,3,23,02:20,5,2,1,1.0,6.0,75119,AVENUE CORENTIN CARIOU,M,"48,8950280","2,3826320",75,2019,50.0,1.0,1.0,4.0,2160386,1.0,1,1,1,4.0,,0.0,0,1990.0,A01,138Â 291Â 410,1.0,0.0,-1.0,1649539,1.0,7,,0.0,1.0,2.0,A01,138Â 291Â 410,1.0
966520,201900008051,3,23,02:20,5,2,1,1.0,6.0,75119,AVENUE CORENTIN CARIOU,M,"48,8950280","2,3826320",75,2019,50.0,1.0,1.0,4.0,2160387,10.0,3,4,1,9.0,,1.0,5,1997.0,A01,138Â 291Â 410,8.0,0.0,-1.0,1649539,1.0,7,,0.0,1.0,2.0,A01,138Â 291Â 410,1.0
966521,201900008052,3,22,14:53,1,2,3,1.0,6.0,75119,RUE DU GENERAL BRUNET,M,"48,8800130","2,3901790",75,2019,30.0,1.0,1.0,4.0,2160388,10.0,3,4,1,1.0,,1.0,A,1963.0,Z01,138Â 291Â 409,8.0,4.0,-1.0,1649540,0.0,30,,0.0,1.0,1.0,Z01,138Â 291Â 409,0.0
966522,201900008053,3,21,13:50,1,2,3,1.0,3.0,75119,AVENUE CORENTIN CARIOU,M,"48,8951300","2,3827530",75,2019,50.0,1.0,1.0,4.0,2160389,2.0,2,4,2,5.0,,0.0,0,1981.0,B01,138Â 291Â 407,2.0,6.0,-1.0,1649541,1.0,32,,0.0,2.0,8.0,B01,138Â 291Â 407,1.0
966522,201900008053,3,21,13:50,1,2,3,1.0,3.0,75119,AVENUE CORENTIN CARIOU,M,"48,8951300","2,3827530",75,2019,50.0,1.0,1.0,4.0,2160389,2.0,2,4,2,5.0,,0.0,0,1981.0,B01,138Â 291Â 407,2.0,6.0,-1.0,1649542,1.0,7,,0.0,2.0,2.0,A01,138Â 291Â 408,1.0
966522,201900008053,3,21,13:50,1,2,3,1.0,3.0,75119,AVENUE CORENTIN CARIOU,M,"48,8951300","2,3827530",75,2019,50.0,1.0,1.0,4.0,2160390,1.0,1,4,1,5.0,,0.0,0,1982.0,B01,138Â 291Â 407,2.0,6.0,-1.0,1649541,1.0,32,,0.0,2.0,8.0,B01,138Â 291Â 407,1.0
966522,201900008053,3,21,13:50,1,2,3,1.0,3.0,75119,AVENUE CORENTIN CARIOU,M,"48,8951300","2,3827530",75,2019,50.0,1.0,1.0,4.0,2160390,1.0,1,4,1,5.0,,0.0,0,1982.0,B01,138Â 291Â 407,2.0,6.0,-1.0,1649542,1.0,7,,0.0,2.0,2.0,A01,138Â 291Â 408,1.0
966522,201900008053,3,21,13:50,1,2,3,1.0,3.0,75119,AVENUE CORENTIN CARIOU,M,"48,8951300","2,3827530",75,2019,50.0,1.0,1.0,4.0,2160391,1.0,1,1,2,5.0,,0.0,0,1938.0,A01,138Â 291Â 408,1.0,0.0,-1.0,1649541,1.0,32,,0.0,2.0,8.0,B01,138Â 291Â 407,1.0