Unnamed: 0_x,num_acc,mois,jour,hrmn,lum,agg,int,atm,col,com,adr,gps,lat,long,dep,annee,vma,situ,surf,catr,Unnamed: 0_y,place,catu,grav,sexe,trajet,secu,locp,actp,an_nais,num_veh_x,id_vehicule_x,secu1,secu2,secu3,Unnamed: 0,senc,catv,occutc,obs,obsm,choc,num_veh_y,id_vehicule_y,motor
966522,201900008053,3,21,13:50,1,2,3,1.0,3.0,75119,AVENUE CORENTIN CARIOU,M,"48,8951300","2,3827530",75,2019,50.0,1.0,1.0,4.0,2160391,1.0,1,1,2,5.0,,0.0,0,1938.0,A01,138Â 291Â 408,1.0,0.0,-1.0,1649542,1.0,7,,0.0,2.0,2.0,A01,138Â 291Â 408,1.0
966523,201900008054,3,21,11:20,1,2,2,1.0,6.0,75119,RUE DE CRIMEE,M,"48,8859800","2,3821550",75,2019,50.0,1.0,1.0,4.0,2160392,10.0,3,4,1,0.0,,4.0,3,1946.0,Z01,138Â 291Â 406,8.0,0.0,-1.0,1649543,2.0,30,,0.0,1.0,0.0,Z01,138Â 291Â 406,1.0
966524,201900008055,3,22,09:55,1,2,1,1.0,3.0,75118,BOULEVARD DE LA CHAPELLE,M,"48,8842410","2,3549660",75,2019,50.0,1.0,1.0,4.0,2160393,1.0,1,4,1,1.0,,0.0,0,1991.0,A01,138Â 291Â 404,2.0,8.0,-1.0,1649544,1.0,30,,0.0,2.0,3.0,A01,138Â 291Â 404,1.0
966524,201900008055,3,22,09:55,1,2,1,1.0,3.0,75118,BOULEVARD DE LA CHAPELLE,M,"48,8842410","2,3549660",75,2019,50.0,1.0,1.0,4.0,2160393,1.0,1,4,1,1.0,,0.0,0,1991.0,A01,138Â 291Â 404,2.0,8.0,-1.0,1649545,1.0,34,,0.0,2.0,7.0,B01,138Â 291Â 405,1.0
966524,201900008055,3,22,09:55,1,2,1,1.0,3.0,75118,BOULEVARD DE LA CHAPELLE,M,"48,8842410","2,3549660",75,2019,50.0,1.0,1.0,4.0,2160394,1.0,1,1,1,1.0,,0.0,0,1977.0,B01,138Â 291Â 405,2.0,8.0,-1.0,1649544,1.0,30,,0.0,2.0,3.0,A01,138Â 291Â 404,1.0
966524,201900008055,3,22,09:55,1,2,1,1.0,3.0,75118,BOULEVARD DE LA CHAPELLE,M,"48,8842410","2,3549660",75,2019,50.0,1.0,1.0,4.0,2160394,1.0,1,1,1,1.0,,0.0,0,1977.0,B01,138Â 291Â 405,2.0,8.0,-1.0,1649545,1.0,34,,0.0,2.0,7.0,B01,138Â 291Â 405,1.0
966525,201900008056,3,20,20:30,5,2,2,1.0,3.0,75118,RUE HERMEL,M,"48,8924080","2,3449890",75,2019,50.0,1.0,1.0,4.0,2160395,1.0,1,1,1,4.0,,0.0,0,1987.0,B01,138Â 291Â 401,1.0,8.0,-1.0,1649546,1.0,7,,0.0,2.0,2.0,B01,138Â 291Â 401,1.0
966525,201900008056,3,20,20:30,5,2,2,1.0,3.0,75118,RUE HERMEL,M,"48,8924080","2,3449890",75,2019,50.0,1.0,1.0,4.0,2160395,1.0,1,1,1,4.0,,0.0,0,1987.0,B01,138Â 291Â 401,1.0,8.0,-1.0,1649547,1.0,33,,0.0,2.0,3.0,A01,138Â 291Â 402,1.0
966525,201900008056,3,20,20:30,5,2,2,1.0,3.0,75118,RUE HERMEL,M,"48,8924080","2,3449890",75,2019,50.0,1.0,1.0,4.0,2160396,1.0,1,4,1,0.0,,0.0,0,1952.0,A01,138Â 291Â 402,2.0,6.0,-1.0,1649546,1.0,7,,0.0,2.0,2.0,B01,138Â 291Â 401,1.0
966525,201900008056,3,20,20:30,5,2,2,1.0,3.0,75118,RUE HERMEL,M,"48,8924080","2,3449890",75,2019,50.0,1.0,1.0,4.0,2160396,1.0,1,4,1,0.0,,0.0,0,1952.0,A01,138Â 291Â 402,2.0,6.0,-1.0,1649547,1.0,33,,0.0,2.0,3.0,A01,138Â 291Â 402,1.0
966526,201900008057,3,20,11:30,1,2,2,1.0,3.0,75118,RUE RAMEY,M,"48,8908230","2,3452900",75,2019,50.0,1.0,1.0,4.0,2160397,1.0,1,1,1,1.0,,0.0,0,1994.0,A01,138Â 291Â 399,1.0,0.0,-1.0,1649548,1.0,7,,0.0,2.0,3.0,A01,138Â 291Â 399,2.0
966526,201900008057,3,20,11:30,1,2,2,1.0,3.0,75118,RUE RAMEY,M,"48,8908230","2,3452900",75,2019,50.0,1.0,1.0,4.0,2160397,1.0,1,1,1,1.0,,0.0,0,1994.0,A01,138Â 291Â 399,1.0,0.0,-1.0,1649549,1.0,7,,1.0,2.0,3.0,B01,138Â 291Â 400,1.0
966526,201900008057,3,20,11:30,1,2,2,1.0,3.0,75118,RUE RAMEY,M,"48,8908230","2,3452900",75,2019,50.0,1.0,1.0,4.0,2160398,1.0,1,4,1,0.0,,0.0,0,1966.0,B01,138Â 291Â 400,1.0,0.0,-1.0,1649548,1.0,7,,0.0,2.0,3.0,A01,138Â 291Â 399,2.0
966526,201900008057,3,20,11:30,1,2,2,1.0,3.0,75118,RUE RAMEY,M,"48,8908230","2,3452900",75,2019,50.0,1.0,1.0,4.0,2160398,1.0,1,4,1,0.0,,0.0,0,1966.0,B01,138Â 291Â 400,1.0,0.0,-1.0,1649549,1.0,7,,1.0,2.0,3.0,B01,138Â 291Â 400,1.0
966527,201900008058,3,25,05:55,2,2,2,1.0,6.0,75118,AVENUE DE CLICHY,M,"48,8858190","2,3263760",75,2019,50.0,1.0,1.0,4.0,2160399,1.0,1,4,2,1.0,,0.0,0,1967.0,A01,138Â 291Â 398,2.0,6.0,-1.0,1649550,1.0,7,,0.0,2.0,1.0,Z01,138Â 291Â 397,0.0
966527,201900008058,3,25,05:55,2,2,2,1.0,6.0,75118,AVENUE DE CLICHY,M,"48,8858190","2,3263760",75,2019,50.0,1.0,1.0,4.0,2160399,1.0,1,4,2,1.0,,0.0,0,1967.0,A01,138Â 291Â 398,2.0,6.0,-1.0,1649551,2.0,2,,0.0,2.0,1.0,A01,138Â 291Â 398,1.0
966528,201900008059,3,21,08:45,1,2,2,1.0,6.0,75117,RUE DE PRONY,M,"48,8828320","2,3030030",75,2019,30.0,1.0,1.0,4.0,2160400,10.0,3,4,2,0.0,,4.0,3,1944.0,A01,138Â 291Â 396,8.0,0.0,-1.0,1649552,2.0,7,,0.0,1.0,1.0,A01,138Â 291Â 396,1.0
966528,201900008059,3,21,08:45,1,2,2,1.0,6.0,75117,RUE DE PRONY,M,"48,8828320","2,3030030",75,2019,30.0,1.0,1.0,4.0,2160401,1.0,1,1,1,9.0,,0.0,0,1946.0,A01,138Â 291Â 396,1.0,0.0,-1.0,1649552,2.0,7,,0.0,1.0,1.0,A01,138Â 291Â 396,1.0
966529,201900008060,3,20,10:15,1,2,5,1.0,6.0,75117,RUE DE COURCELLES,M,"48,8791550","2,3031440",75,2019,30.0,1.0,1.0,4.0,2160402,1.0,1,1,1,4.0,,0.0,0,1957.0,B01,138Â 291Â 394,8.0,0.0,-1.0,1649553,1.0,10,,0.0,1.0,1.0,B01,138Â 291Â 394,1.0
966529,201900008060,3,20,10:15,1,2,5,1.0,6.0,75117,RUE DE COURCELLES,M,"48,8791550","2,3031440",75,2019,30.0,1.0,1.0,4.0,2160402,1.0,1,1,1,4.0,,0.0,0,1957.0,B01,138Â 291Â 394,8.0,0.0,-1.0,1649554,1.0,10,,0.0,2.0,1.0,A01,138Â 291Â 395,1.0
966529,201900008060,3,20,10:15,1,2,5,1.0,6.0,75117,RUE DE COURCELLES,M,"48,8791550","2,3031440",75,2019,30.0,1.0,1.0,4.0,2160403,1.0,1,1,1,4.0,,0.0,0,1986.0,A01,138Â 291Â 395,8.0,0.0,-1.0,1649553,1.0,10,,0.0,1.0,1.0,B01,138Â 291Â 394,1.0
966529,201900008060,3,20,10:15,1,2,5,1.0,6.0,75117,RUE DE COURCELLES,M,"48,8791550","2,3031440",75,2019,30.0,1.0,1.0,4.0,2160403,1.0,1,1,1,4.0,,0.0,0,1986.0,A01,138Â 291Â 395,8.0,0.0,-1.0,1649554,1.0,10,,0.0,2.0,1.0,A01,138Â 291Â 395,1.0
966529,201900008060,3,20,10:15,1,2,5,1.0,6.0,75117,RUE DE COURCELLES,M,"48,8791550","2,3031440",75,2019,30.0,1.0,1.0,4.0,2160404,10.0,3,4,2,4.0,,4.0,3,1948.0,A01,138Â 291Â 395,8.0,0.0,-1.0,1649553,1.0,10,,0.0,1.0,1.0,B01,138Â 291Â 394,1.0
966529,201900008060,3,20,10:15,1,2,5,1.0,6.0,75117,RUE DE COURCELLES,M,"48,8791550","2,3031440",75,2019,30.0,1.0,1.0,4.0,2160404,10.0,3,4,2,4.0,,4.0,3,1948.0,A01,138Â 291Â 395,8.0,0.0,-1.0,1649554,1.0,10,,0.0,2.0,1.0,A01,138Â 291Â 395,1.0
966530,201900008061,3,20,07:00,2,2,3,1.0,3.0,75117,BOULEVARD MALESHERBES,M,"48,8896060","2,3040410",75,2019,30.0,6.0,1.0,4.0,2160405,1.0,1,1,1,4.0,,0.0,0,1990.0,B01,138Â 291Â 392,8.0,0.0,-1.0,1649555,1.0,10,,0.0,2.0,2.0,B01,138Â 291Â 392,1.0
966530,201900008061,3,20,07:00,2,2,3,1.0,3.0,75117,BOULEVARD MALESHERBES,M,"48,8896060","2,3040410",75,2019,30.0,6.0,1.0,4.0,2160405,1.0,1,1,1,4.0,,0.0,0,1990.0,B01,138Â 291Â 392,8.0,0.0,-1.0,1649556,1.0,32,,0.0,2.0,8.0,A01,138Â 291Â 393,1.0
966530,201900008061,3,20,07:00,2,2,3,1.0,3.0,75117,BOULEVARD MALESHERBES,M,"48,8896060","2,3040410",75,2019,30.0,6.0,1.0,4.0,2160406,1.0,1,4,1,1.0,,0.0,0,1968.0,A01,138Â 291Â 393,2.0,0.0,-1.0,1649555,1.0,10,,0.0,2.0,2.0,B01,138Â 291Â 392,1.0
966530,201900008061,3,20,07:00,2,2,3,1.0,3.0,75117,BOULEVARD MALESHERBES,M,"48,8896060","2,3040410",75,2019,30.0,6.0,1.0,4.0,2160406,1.0,1,4,1,1.0,,0.0,0,1968.0,A01,138Â 291Â 393,2.0,0.0,-1.0,1649556,1.0,32,,0.0,2.0,8.0,A01,138Â 291Â 393,1.0
966531,201900008062,3,25,10:30,1,2,2,1.0,3.0,75116,RUE MOLITOR,M,"48,8452700","2,2604740",75,2019,50.0,1.0,1.0,4.0,2160407,1.0,1,1,2,5.0,,0.0,0,1947.0,A01,138Â 291Â 390,1.0,0.0,-1.0,1649557,2.0,7,,0.0,2.0,8.0,A01,138Â 291Â 390,1.0
966531,201900008062,3,25,10:30,1,2,2,1.0,3.0,75116,RUE MOLITOR,M,"48,8452700","2,2604740",75,2019,50.0,1.0,1.0,4.0,2160407,1.0,1,1,2,5.0,,0.0,0,1947.0,A01,138Â 291Â 390,1.0,0.0,-1.0,1649558,2.0,1,,0.0,2.0,1.0,B01,138Â 291Â 391,5.0
966531,201900008062,3,25,10:30,1,2,2,1.0,3.0,75116,RUE MOLITOR,M,"48,8452700","2,2604740",75,2019,50.0,1.0,1.0,4.0,2160408,1.0,1,4,2,5.0,,0.0,0,1948.0,B01,138Â 291Â 391,2.0,0.0,-1.0,1649557,2.0,7,,0.0,2.0,8.0,A01,138Â 291Â 390,1.0
966531,201900008062,3,25,10:30,1,2,2,1.0,3.0,75116,RUE MOLITOR,M,"48,8452700","2,2604740",75,2019,50.0,1.0,1.0,4.0,2160408,1.0,1,4,2,5.0,,0.0,0,1948.0,B01,138Â 291Â 391,2.0,0.0,-1.0,1649558,2.0,1,,0.0,2.0,1.0,B01,138Â 291Â 391,5.0
966532,201900008063,3,24,15:25,1,2,1,1.0,6.0,75116,ROUTE DE SEVRES A NEUILLY,M,"48,8606650","2,2373190",75,2019,50.0,5.0,1.0,4.0,2160409,10.0,3,4,2,0.0,,8.0,2,1959.0,A01,138Â 291Â 389,8.0,0.0,-1.0,1649559,3.0,1,,0.0,1.0,1.0,A01,138Â 291Â 389,5.0
966532,201900008063,3,24,15:25,1,2,1,1.0,6.0,75116,ROUTE DE SEVRES A NEUILLY,M,"48,8606650","2,2373190",75,2019,50.0,5.0,1.0,4.0,2160410,1.0,1,1,1,0.0,,0.0,0,2002.0,A01,138Â 291Â 389,2.0,8.0,-1.0,1649559,3.0,1,,0.0,1.0,1.0,A01,138Â 291Â 389,5.0
966533,201900008064,3,24,16:15,1,2,7,1.0,2.0,75116,PLACE DE LA PORTE MAILLOT,M,"48,8773730","2,2813620",75,2019,50.0,1.0,1.0,4.0,2160411,1.0,1,4,2,5.0,,0.0,0,1969.0,B01,138Â 291Â 387,8.0,6.0,-1.0,1649560,2.0,60,,0.0,2.0,4.0,B01,138Â 291Â 387,5.0
966533,201900008064,3,24,16:15,1,2,7,1.0,2.0,75116,PLACE DE LA PORTE MAILLOT,M,"48,8773730","2,2813620",75,2019,50.0,1.0,1.0,4.0,2160411,1.0,1,4,2,5.0,,0.0,0,1969.0,B01,138Â 291Â 387,8.0,6.0,-1.0,1649561,2.0,7,,0.0,2.0,1.0,A01,138Â 291Â 388,1.0
966533,201900008064,3,24,16:15,1,2,7,1.0,2.0,75116,PLACE DE LA PORTE MAILLOT,M,"48,8773730","2,2813620",75,2019,50.0,1.0,1.0,4.0,2160412,1.0,1,1,1,5.0,,0.0,0,1962.0,A01,138Â 291Â 388,1.0,0.0,-1.0,1649560,2.0,60,,0.0,2.0,4.0,B01,138Â 291Â 387,5.0
966533,201900008064,3,24,16:15,1,2,7,1.0,2.0,75116,PLACE DE LA PORTE MAILLOT,M,"48,8773730","2,2813620",75,2019,50.0,1.0,1.0,4.0,2160412,1.0,1,1,1,5.0,,0.0,0,1962.0,A01,138Â 291Â 388,1.0,0.0,-1.0,1649561,2.0,7,,0.0,2.0,1.0,A01,138Â 291Â 388,1.0
966534,201900008065,3,23,16:20,1,2,1,1.0,3.0,75116,BOULEVARD DE L AMIRAL BRUIX,M,"48,8761940","2,2820860",75,2019,50.0,1.0,1.0,4.0,2160413,2.0,2,4,2,5.0,,0.0,0,1986.0,B01,138Â 291Â 385,1.0,0.0,-1.0,1649562,2.0,7,,0.0,2.0,2.0,B01,138Â 291Â 385,1.0
966534,201900008065,3,23,16:20,1,2,1,1.0,3.0,75116,BOULEVARD DE L AMIRAL BRUIX,M,"48,8761940","2,2820860",75,2019,50.0,1.0,1.0,4.0,2160413,2.0,2,4,2,5.0,,0.0,0,1986.0,B01,138Â 291Â 385,1.0,0.0,-1.0,1649563,2.0,7,,0.0,2.0,3.0,A01,138Â 291Â 386,1.0
966534,201900008065,3,23,16:20,1,2,1,1.0,3.0,75116,BOULEVARD DE L AMIRAL BRUIX,M,"48,8761940","2,2820860",75,2019,50.0,1.0,1.0,4.0,2160414,1.0,1,1,2,5.0,,0.0,0,1983.0,B01,138Â 291Â 385,1.0,0.0,-1.0,1649562,2.0,7,,0.0,2.0,2.0,B01,138Â 291Â 385,1.0
966534,201900008065,3,23,16:20,1,2,1,1.0,3.0,75116,BOULEVARD DE L AMIRAL BRUIX,M,"48,8761940","2,2820860",75,2019,50.0,1.0,1.0,4.0,2160414,1.0,1,1,2,5.0,,0.0,0,1983.0,B01,138Â 291Â 385,1.0,0.0,-1.0,1649563,2.0,7,,0.0,2.0,3.0,A01,138Â 291Â 386,1.0
966534,201900008065,3,23,16:20,1,2,1,1.0,3.0,75116,BOULEVARD DE L AMIRAL BRUIX,M,"48,8761940","2,2820860",75,2019,50.0,1.0,1.0,4.0,2160415,1.0,1,1,2,5.0,,0.0,0,1988.0,A01,138Â 291Â 386,1.0,0.0,-1.0,1649562,2.0,7,,0.0,2.0,2.0,B01,138Â 291Â 385,1.0
966534,201900008065,3,23,16:20,1,2,1,1.0,3.0,75116,BOULEVARD DE L AMIRAL BRUIX,M,"48,8761940","2,2820860",75,2019,50.0,1.0,1.0,4.0,2160415,1.0,1,1,2,5.0,,0.0,0,1988.0,A01,138Â 291Â 386,1.0,0.0,-1.0,1649563,2.0,7,,0.0,2.0,3.0,A01,138Â 291Â 386,1.0
966535,201900008066,3,22,20:30,5,2,2,1.0,6.0,75116,AVENUE KLEBER,M,"48,8668220","2,2899880",75,2019,50.0,1.0,1.0,4.0,2160416,2.0,2,1,2,5.0,,0.0,0,2009.0,A01,138Â 291Â 384,2.0,6.0,-1.0,1649564,1.0,33,,11.0,0.0,3.0,A01,138Â 291Â 384,1.0
966535,201900008066,3,22,20:30,5,2,2,1.0,6.0,75116,AVENUE KLEBER,M,"48,8668220","2,2899880",75,2019,50.0,1.0,1.0,4.0,2160417,1.0,1,3,1,5.0,,0.0,0,1962.0,A01,138Â 291Â 384,2.0,6.0,-1.0,1649564,1.0,33,,11.0,0.0,3.0,A01,138Â 291Â 384,1.0
966536,201900008067,3,22,17:30,1,2,1,1.0,4.0,75116,QUAI LOUIS BLERIOT,M,"48,8458390","2,2731710",75,2019,50.0,1.0,1.0,4.0,2160418,3.0,2,1,1,5.0,,0.0,0,2016.0,A01,138Â 291Â 381,1.0,0.0,-1.0,1649565,2.0,7,,0.0,2.0,1.0,A01,138Â 291Â 381,1.0
966536,201900008067,3,22,17:30,1,2,1,1.0,4.0,75116,QUAI LOUIS BLERIOT,M,"48,8458390","2,2731710",75,2019,50.0,1.0,1.0,4.0,2160418,3.0,2,1,1,5.0,,0.0,0,2016.0,A01,138Â 291Â 381,1.0,0.0,-1.0,1649566,2.0,7,,0.0,2.0,4.0,B01,138Â 291Â 382,1.0
966536,201900008067,3,22,17:30,1,2,1,1.0,4.0,75116,QUAI LOUIS BLERIOT,M,"48,8458390","2,2731710",75,2019,50.0,1.0,1.0,4.0,2160418,3.0,2,1,1,5.0,,0.0,0,2016.0,A01,138Â 291Â 381,1.0,0.0,-1.0,1649567,2.0,7,,0.0,2.0,4.0,C01,138Â 291Â 383,2.0
966536,201900008067,3,22,17:30,1,2,1,1.0,4.0,75116,QUAI LOUIS BLERIOT,M,"48,8458390","2,2731710",75,2019,50.0,1.0,1.0,4.0,2160419,1.0,1,4,2,5.0,,0.0,0,1985.0,A01,138Â 291Â 381,1.0,0.0,-1.0,1649565,2.0,7,,0.0,2.0,1.0,A01,138Â 291Â 381,1.0
966536,201900008067,3,22,17:30,1,2,1,1.0,4.0,75116,QUAI LOUIS BLERIOT,M,"48,8458390","2,2731710",75,2019,50.0,1.0,1.0,4.0,2160419,1.0,1,4,2,5.0,,0.0,0,1985.0,A01,138Â 291Â 381,1.0,0.0,-1.0,1649566,2.0,7,,0.0,2.0,4.0,B01,138Â 291Â 382,1.0
966536,201900008067,3,22,17:30,1,2,1,1.0,4.0,75116,QUAI LOUIS BLERIOT,M,"48,8458390","2,2731710",75,2019,50.0,1.0,1.0,4.0,2160419,1.0,1,4,2,5.0,,0.0,0,1985.0,A01,138Â 291Â 381,1.0,0.0,-1.0,1649567,2.0,7,,0.0,2.0,4.0,C01,138Â 291Â 383,2.0
966536,201900008067,3,22,17:30,1,2,1,1.0,4.0,75116,QUAI LOUIS BLERIOT,M,"48,8458390","2,2731710",75,2019,50.0,1.0,1.0,4.0,2160420,1.0,1,1,1,5.0,,0.0,0,1948.0,B01,138Â 291Â 382,1.0,0.0,-1.0,1649565,2.0,7,,0.0,2.0,1.0,A01,138Â 291Â 381,1.0
966536,201900008067,3,22,17:30,1,2,1,1.0,4.0,75116,QUAI LOUIS BLERIOT,M,"48,8458390","2,2731710",75,2019,50.0,1.0,1.0,4.0,2160420,1.0,1,1,1,5.0,,0.0,0,1948.0,B01,138Â 291Â 382,1.0,0.0,-1.0,1649566,2.0,7,,0.0,2.0,4.0,B01,138Â 291Â 382,1.0
966536,201900008067,3,22,17:30,1,2,1,1.0,4.0,75116,QUAI LOUIS BLERIOT,M,"48,8458390","2,2731710",75,2019,50.0,1.0,1.0,4.0,2160420,1.0,1,1,1,5.0,,0.0,0,1948.0,B01,138Â 291Â 382,1.0,0.0,-1.0,1649567,2.0,7,,0.0,2.0,4.0,C01,138Â 291Â 383,2.0
966536,201900008067,3,22,17:30,1,2,1,1.0,4.0,75116,QUAI LOUIS BLERIOT,M,"48,8458390","2,2731710",75,2019,50.0,1.0,1.0,4.0,2160421,1.0,1,1,1,0.0,,0.0,0,1959.0,C01,138Â 291Â 383,1.0,0.0,-1.0,1649565,2.0,7,,0.0,2.0,1.0,A01,138Â 291Â 381,1.0
966536,201900008067,3,22,17:30,1,2,1,1.0,4.0,75116,QUAI LOUIS BLERIOT,M,"48,8458390","2,2731710",75,2019,50.0,1.0,1.0,4.0,2160421,1.0,1,1,1,0.0,,0.0,0,1959.0,C01,138Â 291Â 383,1.0,0.0,-1.0,1649566,2.0,7,,0.0,2.0,4.0,B01,138Â 291Â 382,1.0
966536,201900008067,3,22,17:30,1,2,1,1.0,4.0,75116,QUAI LOUIS BLERIOT,M,"48,8458390","2,2731710",75,2019,50.0,1.0,1.0,4.0,2160421,1.0,1,1,1,0.0,,0.0,0,1959.0,C01,138Â 291Â 383,1.0,0.0,-1.0,1649567,2.0,7,,0.0,2.0,4.0,C01,138Â 291Â 383,2.0
966537,201900008068,3,22,14:45,1,2,3,1.0,6.0,75116,AVENUE PAUL DOUMER,M,"48,8599130","2,2797310",75,2019,50.0,1.0,1.0,4.0,2160422,1.0,1,1,2,5.0,,0.0,0,1962.0,A01,138Â 291Â 380,8.0,0.0,-1.0,1649568,1.0,7,,0.0,1.0,2.0,A01,138Â 291Â 380,1.0
966537,201900008068,3,22,14:45,1,2,3,1.0,6.0,75116,AVENUE PAUL DOUMER,M,"48,8599130","2,2797310",75,2019,50.0,1.0,1.0,4.0,2160423,10.0,3,4,2,5.0,,3.0,3,1943.0,A01,138Â 291Â 380,8.0,0.0,-1.0,1649568,1.0,7,,0.0,1.0,2.0,A01,138Â 291Â 380,1.0
966538,201900008069,3,22,14:15,1,2,2,1.0,6.0,75116,RUE JEAN BOLOGNE,M,"48,8577380","2,2799170",75,2019,30.0,1.0,1.0,4.0,2160424,4.0,2,1,2,5.0,,0.0,0,2015.0,A01,138Â 291Â 379,3.0,8.0,-1.0,1649569,1.0,7,,0.0,1.0,1.0,A01,138Â 291Â 379,1.0
966538,201900008069,3,22,14:15,1,2,2,1.0,6.0,75116,RUE JEAN BOLOGNE,M,"48,8577380","2,2799170",75,2019,30.0,1.0,1.0,4.0,2160425,10.0,3,4,2,4.0,,2.0,3,1989.0,A01,138Â 291Â 379,8.0,0.0,-1.0,1649569,1.0,7,,0.0,1.0,1.0,A01,138Â 291Â 379,1.0
966538,201900008069,3,22,14:15,1,2,2,1.0,6.0,75116,RUE JEAN BOLOGNE,M,"48,8577380","2,2799170",75,2019,30.0,1.0,1.0,4.0,2160426,1.0,1,1,2,5.0,,0.0,0,1981.0,A01,138Â 291Â 379,1.0,0.0,-1.0,1649569,1.0,7,,0.0,1.0,1.0,A01,138Â 291Â 379,1.0
966539,201900008070,3,21,20:00,5,2,2,1.0,6.0,75116,AVENUE DU PRESIDENT KENNEDY,M,"48,8516390","2,2789730",75,2019,50.0,1.0,1.0,4.0,2160427,1.0,1,1,1,4.0,,0.0,0,1987.0,A01,138Â 291Â 378,2.0,6.0,-1.0,1649570,1.0,33,,0.0,1.0,2.0,A01,138Â 291Â 378,1.0
966539,201900008070,3,21,20:00,5,2,2,1.0,6.0,75116,AVENUE DU PRESIDENT KENNEDY,M,"48,8516390","2,2789730",75,2019,50.0,1.0,1.0,4.0,2160428,10.0,3,4,1,0.0,,3.0,3,1943.0,A01,138Â 291Â 378,8.0,0.0,-1.0,1649570,1.0,33,,0.0,1.0,2.0,A01,138Â 291Â 378,1.0
966540,201900008071,3,21,08:30,1,2,3,1.0,2.0,75116,BOULEVARD LANNES,M,"48,8688440","2,2735050",75,2019,50.0,1.0,1.0,4.0,2160429,1.0,1,4,1,1.0,,0.0,0,1984.0,B01,138Â 291Â 376,2.0,6.0,-1.0,1649571,1.0,33,,0.0,2.0,4.0,B01,138Â 291Â 376,1.0
966540,201900008071,3,21,08:30,1,2,3,1.0,2.0,75116,BOULEVARD LANNES,M,"48,8688440","2,2735050",75,2019,50.0,1.0,1.0,4.0,2160429,1.0,1,4,1,1.0,,0.0,0,1984.0,B01,138Â 291Â 376,2.0,6.0,-1.0,1649572,1.0,43,,0.0,2.0,1.0,A01,138Â 291Â 377,1.0
966540,201900008071,3,21,08:30,1,2,3,1.0,2.0,75116,BOULEVARD LANNES,M,"48,8688440","2,2735050",75,2019,50.0,1.0,1.0,4.0,2160430,1.0,1,1,1,1.0,,0.0,0,1979.0,A01,138Â 291Â 377,2.0,6.0,-1.0,1649571,1.0,33,,0.0,2.0,4.0,B01,138Â 291Â 376,1.0
966540,201900008071,3,21,08:30,1,2,3,1.0,2.0,75116,BOULEVARD LANNES,M,"48,8688440","2,2735050",75,2019,50.0,1.0,1.0,4.0,2160430,1.0,1,1,1,1.0,,0.0,0,1979.0,A01,138Â 291Â 377,2.0,6.0,-1.0,1649572,1.0,43,,0.0,2.0,1.0,A01,138Â 291Â 377,1.0
966541,201900008072,3,21,00:01,5,2,1,1.0,6.0,75116,ALLEE DE LONGCHAMP,M,"48,8740850","2,2687560",75,2019,50.0,1.0,1.0,4.0,2160431,1.0,1,4,1,5.0,,0.0,0,1993.0,A01,138Â 291Â 375,2.0,6.0,-1.0,1649573,1.0,30,,12.0,0.0,2.0,A01,138Â 291Â 375,1.0
966542,201900008073,3,20,22:06,5,2,2,1.0,6.0,75116,ROUTE DE SURESNES,M,"48,8650390","2,2344540",75,2019,50.0,1.0,1.0,4.0,2160432,1.0,1,4,1,5.0,,0.0,0,1973.0,A01,138Â 291Â 374,2.0,6.0,-1.0,1649574,1.0,32,,2.0,0.0,0.0,A01,138Â 291Â 374,1.0
966543,201900008074,3,22,13:40,1,2,1,1.0,6.0,75115,RUE BRANCION,M,"48,8344810","2,3049680",75,2019,50.0,6.0,1.0,4.0,2160433,1.0,1,1,1,4.0,,0.0,0,1991.0,A01,138Â 291Â 373,1.0,0.0,-1.0,1649575,1.0,37,1.0,0.0,1.0,8.0,A01,138Â 291Â 373,1.0
966543,201900008074,3,22,13:40,1,2,1,1.0,6.0,75115,RUE BRANCION,M,"48,8344810","2,3049680",75,2019,50.0,6.0,1.0,4.0,2160434,10.0,3,4,2,5.0,,2.0,1,1969.0,A01,138Â 291Â 373,8.0,0.0,-1.0,1649575,1.0,37,1.0,0.0,1.0,8.0,A01,138Â 291Â 373,1.0
966544,201900008075,3,21,20:45,5,2,3,1.0,3.0,75115,RUE CASTAGNARY,M,"48,8306880","2,3063030",75,2019,50.0,1.0,1.0,4.0,2160435,1.0,1,1,2,5.0,,0.0,0,1992.0,A01,138Â 291Â 371,1.0,0.0,-1.0,1649576,1.0,7,,0.0,2.0,3.0,A01,138Â 291Â 371,1.0
966544,201900008075,3,21,20:45,5,2,3,1.0,3.0,75115,RUE CASTAGNARY,M,"48,8306880","2,3063030",75,2019,50.0,1.0,1.0,4.0,2160435,1.0,1,1,2,5.0,,0.0,0,1992.0,A01,138Â 291Â 371,1.0,0.0,-1.0,1649577,1.0,32,,0.0,2.0,2.0,B01,138Â 291Â 372,1.0
966544,201900008075,3,21,20:45,5,2,3,1.0,3.0,75115,RUE CASTAGNARY,M,"48,8306880","2,3063030",75,2019,50.0,1.0,1.0,4.0,2160436,1.0,1,4,1,5.0,,0.0,0,1977.0,B01,138Â 291Â 372,2.0,6.0,-1.0,1649576,1.0,7,,0.0,2.0,3.0,A01,138Â 291Â 371,1.0
966544,201900008075,3,21,20:45,5,2,3,1.0,3.0,75115,RUE CASTAGNARY,M,"48,8306880","2,3063030",75,2019,50.0,1.0,1.0,4.0,2160436,1.0,1,4,1,5.0,,0.0,0,1977.0,B01,138Â 291Â 372,2.0,6.0,-1.0,1649577,1.0,32,,0.0,2.0,2.0,B01,138Â 291Â 372,1.0
966545,201900008076,3,20,14:20,1,2,1,1.0,3.0,75115,AVENUE DE LA PORTE DE LA PLAINE,M,"48,8301810","2,2922970",75,2019,50.0,1.0,1.0,4.0,2160437,1.0,1,4,1,9.0,,0.0,0,1971.0,B01,138Â 291Â 369,8.0,0.0,-1.0,1649578,1.0,32,,0.0,2.0,2.0,B01,138Â 291Â 369,1.0