Unnamed: 0_x,num_acc,mois,jour,hrmn,lum,agg,int,atm,col,com,adr,gps,lat,long,dep,annee,vma,situ,surf,catr,Unnamed: 0_y,place,catu,grav,sexe,trajet,secu,locp,actp,an_nais,num_veh_x,id_vehicule_x,secu1,secu2,secu3,Unnamed: 0,senc,catv,occutc,obs,obsm,choc,num_veh_y,id_vehicule_y,motor
966545,201900008076,3,20,14:20,1,2,1,1.0,3.0,75115,AVENUE DE LA PORTE DE LA PLAINE,M,"48,8301810","2,2922970",75,2019,50.0,1.0,1.0,4.0,2160437,1.0,1,4,1,9.0,,0.0,0,1971.0,B01,138Â 291Â 369,8.0,0.0,-1.0,1649579,1.0,7,,0.0,2.0,2.0,A01,138Â 291Â 370,1.0
966545,201900008076,3,20,14:20,1,2,1,1.0,3.0,75115,AVENUE DE LA PORTE DE LA PLAINE,M,"48,8301810","2,2922970",75,2019,50.0,1.0,1.0,4.0,2160438,1.0,1,1,1,4.0,,0.0,0,1983.0,A01,138Â 291Â 370,8.0,0.0,-1.0,1649578,1.0,32,,0.0,2.0,2.0,B01,138Â 291Â 369,1.0
966545,201900008076,3,20,14:20,1,2,1,1.0,3.0,75115,AVENUE DE LA PORTE DE LA PLAINE,M,"48,8301810","2,2922970",75,2019,50.0,1.0,1.0,4.0,2160438,1.0,1,1,1,4.0,,0.0,0,1983.0,A01,138Â 291Â 370,8.0,0.0,-1.0,1649579,1.0,7,,0.0,2.0,2.0,A01,138Â 291Â 370,1.0
966546,201900008077,3,25,08:10,1,2,1,1.0,3.0,75114,RUE RAYMOND LOSSERAND,M,"48,8283680","2,3067470",75,2019,50.0,1.0,1.0,4.0,2160439,1.0,1,1,1,5.0,,0.0,0,1989.0,A01,138Â 291Â 367,1.0,0.0,-1.0,1649580,1.0,7,,0.0,2.0,7.0,A01,138Â 291Â 367,1.0
966546,201900008077,3,25,08:10,1,2,1,1.0,3.0,75114,RUE RAYMOND LOSSERAND,M,"48,8283680","2,3067470",75,2019,50.0,1.0,1.0,4.0,2160439,1.0,1,1,1,5.0,,0.0,0,1989.0,A01,138Â 291Â 367,1.0,0.0,-1.0,1649581,1.0,33,,0.0,2.0,8.0,B01,138Â 291Â 368,1.0
966546,201900008077,3,25,08:10,1,2,1,1.0,3.0,75114,RUE RAYMOND LOSSERAND,M,"48,8283680","2,3067470",75,2019,50.0,1.0,1.0,4.0,2160440,1.0,1,4,1,2.0,,0.0,0,1994.0,B01,138Â 291Â 368,2.0,6.0,-1.0,1649580,1.0,7,,0.0,2.0,7.0,A01,138Â 291Â 367,1.0
966546,201900008077,3,25,08:10,1,2,1,1.0,3.0,75114,RUE RAYMOND LOSSERAND,M,"48,8283680","2,3067470",75,2019,50.0,1.0,1.0,4.0,2160440,1.0,1,4,1,2.0,,0.0,0,1994.0,B01,138Â 291Â 368,2.0,6.0,-1.0,1649581,1.0,33,,0.0,2.0,8.0,B01,138Â 291Â 368,1.0
966547,201900008078,3,22,20:10,5,2,1,1.0,2.0,75115,RUE LECOURBE,M,"48,8389080","2,2906110",75,2019,50.0,1.0,1.0,4.0,2160441,1.0,1,1,2,5.0,,0.0,0,1958.0,A01,138Â 291Â 365,1.0,0.0,-1.0,1649582,2.0,7,,0.0,2.0,1.0,A01,138Â 291Â 365,1.0
966547,201900008078,3,22,20:10,5,2,1,1.0,2.0,75115,RUE LECOURBE,M,"48,8389080","2,2906110",75,2019,50.0,1.0,1.0,4.0,2160441,1.0,1,1,2,5.0,,0.0,0,1958.0,A01,138Â 291Â 365,1.0,0.0,-1.0,1649583,2.0,7,,0.0,2.0,4.0,B01,138Â 291Â 366,1.0
966547,201900008078,3,22,20:10,5,2,1,1.0,2.0,75115,RUE LECOURBE,M,"48,8389080","2,2906110",75,2019,50.0,1.0,1.0,4.0,2160442,2.0,2,4,1,5.0,,0.0,0,2009.0,B01,138Â 291Â 366,1.0,0.0,-1.0,1649582,2.0,7,,0.0,2.0,1.0,A01,138Â 291Â 365,1.0
966547,201900008078,3,22,20:10,5,2,1,1.0,2.0,75115,RUE LECOURBE,M,"48,8389080","2,2906110",75,2019,50.0,1.0,1.0,4.0,2160442,2.0,2,4,1,5.0,,0.0,0,2009.0,B01,138Â 291Â 366,1.0,0.0,-1.0,1649583,2.0,7,,0.0,2.0,4.0,B01,138Â 291Â 366,1.0
966547,201900008078,3,22,20:10,5,2,1,1.0,2.0,75115,RUE LECOURBE,M,"48,8389080","2,2906110",75,2019,50.0,1.0,1.0,4.0,2160443,1.0,1,1,1,5.0,,0.0,0,1982.0,B01,138Â 291Â 366,1.0,0.0,-1.0,1649582,2.0,7,,0.0,2.0,1.0,A01,138Â 291Â 365,1.0
966547,201900008078,3,22,20:10,5,2,1,1.0,2.0,75115,RUE LECOURBE,M,"48,8389080","2,2906110",75,2019,50.0,1.0,1.0,4.0,2160443,1.0,1,1,1,5.0,,0.0,0,1982.0,B01,138Â 291Â 366,1.0,0.0,-1.0,1649583,2.0,7,,0.0,2.0,4.0,B01,138Â 291Â 366,1.0
966548,201900008079,3,20,08:00,1,2,1,1.0,3.0,75114,BOULEVARD SAINT JACQUES,M,"48,8325760","2,3389150",75,2019,50.0,5.0,1.0,4.0,2160444,1.0,1,4,1,1.0,,0.0,0,1963.0,B01,138Â 291Â 363,2.0,0.0,-1.0,1649584,1.0,1,,0.0,2.0,1.0,B01,138Â 291Â 363,5.0
966548,201900008079,3,20,08:00,1,2,1,1.0,3.0,75114,BOULEVARD SAINT JACQUES,M,"48,8325760","2,3389150",75,2019,50.0,5.0,1.0,4.0,2160444,1.0,1,4,1,1.0,,0.0,0,1963.0,B01,138Â 291Â 363,2.0,0.0,-1.0,1649585,1.0,7,,0.0,2.0,7.0,A01,138Â 291Â 364,1.0
966548,201900008079,3,20,08:00,1,2,1,1.0,3.0,75114,BOULEVARD SAINT JACQUES,M,"48,8325760","2,3389150",75,2019,50.0,5.0,1.0,4.0,2160445,1.0,1,1,1,2.0,,0.0,0,1971.0,A01,138Â 291Â 364,1.0,0.0,-1.0,1649584,1.0,1,,0.0,2.0,1.0,B01,138Â 291Â 363,5.0
966548,201900008079,3,20,08:00,1,2,1,1.0,3.0,75114,BOULEVARD SAINT JACQUES,M,"48,8325760","2,3389150",75,2019,50.0,5.0,1.0,4.0,2160445,1.0,1,1,1,2.0,,0.0,0,1971.0,A01,138Â 291Â 364,1.0,0.0,-1.0,1649585,1.0,7,,0.0,2.0,7.0,A01,138Â 291Â 364,1.0
966549,201900008080,3,19,10:35,1,2,7,1.0,2.0,75114,AVENUE DU COLONEL HENRI ROL TANGUY,M,"48,8336960","2,3319240",75,2019,50.0,1.0,1.0,4.0,2160446,3.0,2,4,1,4.0,,0.0,0,1970.0,B01,138Â 291Â 360,1.0,0.0,-1.0,1649586,2.0,10,,0.0,2.0,4.0,B01,138Â 291Â 360,1.0
966549,201900008080,3,19,10:35,1,2,7,1.0,2.0,75114,AVENUE DU COLONEL HENRI ROL TANGUY,M,"48,8336960","2,3319240",75,2019,50.0,1.0,1.0,4.0,2160446,3.0,2,4,1,4.0,,0.0,0,1970.0,B01,138Â 291Â 360,1.0,0.0,-1.0,1649587,2.0,10,,0.0,2.0,1.0,A01,138Â 291Â 361,1.0
966549,201900008080,3,19,10:35,1,2,7,1.0,2.0,75114,AVENUE DU COLONEL HENRI ROL TANGUY,M,"48,8336960","2,3319240",75,2019,50.0,1.0,1.0,4.0,2160447,1.0,1,4,1,4.0,,0.0,0,1980.0,B01,138Â 291Â 360,1.0,0.0,-1.0,1649586,2.0,10,,0.0,2.0,4.0,B01,138Â 291Â 360,1.0
966549,201900008080,3,19,10:35,1,2,7,1.0,2.0,75114,AVENUE DU COLONEL HENRI ROL TANGUY,M,"48,8336960","2,3319240",75,2019,50.0,1.0,1.0,4.0,2160447,1.0,1,4,1,4.0,,0.0,0,1980.0,B01,138Â 291Â 360,1.0,0.0,-1.0,1649587,2.0,10,,0.0,2.0,1.0,A01,138Â 291Â 361,1.0
966549,201900008080,3,19,10:35,1,2,7,1.0,2.0,75114,AVENUE DU COLONEL HENRI ROL TANGUY,M,"48,8336960","2,3319240",75,2019,50.0,1.0,1.0,4.0,2160448,2.0,2,4,1,4.0,,0.0,0,1975.0,B01,138Â 291Â 360,1.0,0.0,-1.0,1649586,2.0,10,,0.0,2.0,4.0,B01,138Â 291Â 360,1.0
966549,201900008080,3,19,10:35,1,2,7,1.0,2.0,75114,AVENUE DU COLONEL HENRI ROL TANGUY,M,"48,8336960","2,3319240",75,2019,50.0,1.0,1.0,4.0,2160448,2.0,2,4,1,4.0,,0.0,0,1975.0,B01,138Â 291Â 360,1.0,0.0,-1.0,1649587,2.0,10,,0.0,2.0,1.0,A01,138Â 291Â 361,1.0
966549,201900008080,3,19,10:35,1,2,7,1.0,2.0,75114,AVENUE DU COLONEL HENRI ROL TANGUY,M,"48,8336960","2,3319240",75,2019,50.0,1.0,1.0,4.0,2160449,3.0,2,4,1,4.0,,0.0,0,1973.0,B01,138Â 291Â 360,1.0,0.0,-1.0,1649586,2.0,10,,0.0,2.0,4.0,B01,138Â 291Â 360,1.0
966549,201900008080,3,19,10:35,1,2,7,1.0,2.0,75114,AVENUE DU COLONEL HENRI ROL TANGUY,M,"48,8336960","2,3319240",75,2019,50.0,1.0,1.0,4.0,2160449,3.0,2,4,1,4.0,,0.0,0,1973.0,B01,138Â 291Â 360,1.0,0.0,-1.0,1649587,2.0,10,,0.0,2.0,1.0,A01,138Â 291Â 361,1.0
966549,201900008080,3,19,10:35,1,2,7,1.0,2.0,75114,AVENUE DU COLONEL HENRI ROL TANGUY,M,"48,8336960","2,3319240",75,2019,50.0,1.0,1.0,4.0,2160450,2.0,2,4,1,4.0,,0.0,0,1974.0,A01,138Â 291Â 361,1.0,0.0,-1.0,1649586,2.0,10,,0.0,2.0,4.0,B01,138Â 291Â 360,1.0
966549,201900008080,3,19,10:35,1,2,7,1.0,2.0,75114,AVENUE DU COLONEL HENRI ROL TANGUY,M,"48,8336960","2,3319240",75,2019,50.0,1.0,1.0,4.0,2160450,2.0,2,4,1,4.0,,0.0,0,1974.0,A01,138Â 291Â 361,1.0,0.0,-1.0,1649587,2.0,10,,0.0,2.0,1.0,A01,138Â 291Â 361,1.0
966549,201900008080,3,19,10:35,1,2,7,1.0,2.0,75114,AVENUE DU COLONEL HENRI ROL TANGUY,M,"48,8336960","2,3319240",75,2019,50.0,1.0,1.0,4.0,2160451,1.0,1,1,1,4.0,,0.0,0,1975.0,A01,138Â 291Â 361,1.0,0.0,-1.0,1649586,2.0,10,,0.0,2.0,4.0,B01,138Â 291Â 360,1.0
966549,201900008080,3,19,10:35,1,2,7,1.0,2.0,75114,AVENUE DU COLONEL HENRI ROL TANGUY,M,"48,8336960","2,3319240",75,2019,50.0,1.0,1.0,4.0,2160451,1.0,1,1,1,4.0,,0.0,0,1975.0,A01,138Â 291Â 361,1.0,0.0,-1.0,1649587,2.0,10,,0.0,2.0,1.0,A01,138Â 291Â 361,1.0
966549,201900008080,3,19,10:35,1,2,7,1.0,2.0,75114,AVENUE DU COLONEL HENRI ROL TANGUY,M,"48,8336960","2,3319240",75,2019,50.0,1.0,1.0,4.0,2160452,2.0,2,1,1,4.0,,0.0,0,1979.0,A01,138Â 291Â 361,1.0,0.0,-1.0,1649586,2.0,10,,0.0,2.0,4.0,B01,138Â 291Â 360,1.0
966549,201900008080,3,19,10:35,1,2,7,1.0,2.0,75114,AVENUE DU COLONEL HENRI ROL TANGUY,M,"48,8336960","2,3319240",75,2019,50.0,1.0,1.0,4.0,2160452,2.0,2,1,1,4.0,,0.0,0,1979.0,A01,138Â 291Â 361,1.0,0.0,-1.0,1649587,2.0,10,,0.0,2.0,1.0,A01,138Â 291Â 361,1.0
966550,201900008081,3,24,19:30,5,2,1,1.0,6.0,75113,RUE DE TOLBIAC,M,"48,8267800","2,3647710",75,2019,50.0,1.0,1.0,4.0,2160453,1.0,1,4,1,1.0,,0.0,0,1968.0,A01,138Â 291Â 359,2.0,0.0,-1.0,1649588,2.0,1,,1.0,0.0,1.0,A01,138Â 291Â 359,5.0
966551,201900008082,3,24,19:00,2,2,2,1.0,3.0,75113,QUAI D AUSTERLITZ,M,"48,8419190","2,3678690",75,2019,50.0,1.0,1.0,4.0,2160454,1.0,1,4,1,5.0,,0.0,0,1986.0,B01,138Â 291Â 357,2.0,8.0,-1.0,1649589,1.0,33,,0.0,2.0,8.0,B01,138Â 291Â 357,1.0
966551,201900008082,3,24,19:00,2,2,2,1.0,3.0,75113,QUAI D AUSTERLITZ,M,"48,8419190","2,3678690",75,2019,50.0,1.0,1.0,4.0,2160454,1.0,1,4,1,5.0,,0.0,0,1986.0,B01,138Â 291Â 357,2.0,8.0,-1.0,1649590,2.0,7,,0.0,2.0,1.0,A01,138Â 291Â 358,1.0
966551,201900008082,3,24,19:00,2,2,2,1.0,3.0,75113,QUAI D AUSTERLITZ,M,"48,8419190","2,3678690",75,2019,50.0,1.0,1.0,4.0,2160455,1.0,1,1,2,5.0,,0.0,0,1987.0,A01,138Â 291Â 358,1.0,8.0,-1.0,1649589,1.0,33,,0.0,2.0,8.0,B01,138Â 291Â 357,1.0
966551,201900008082,3,24,19:00,2,2,2,1.0,3.0,75113,QUAI D AUSTERLITZ,M,"48,8419190","2,3678690",75,2019,50.0,1.0,1.0,4.0,2160455,1.0,1,1,2,5.0,,0.0,0,1987.0,A01,138Â 291Â 358,1.0,8.0,-1.0,1649590,2.0,7,,0.0,2.0,1.0,A01,138Â 291Â 358,1.0
966552,201900008083,3,22,10:40,1,2,8,1.0,3.0,75113,RUE DE TOLBIAC,M,"48,8259890","2,3536510",75,2019,50.0,1.0,1.0,4.0,2160456,1.0,1,4,1,0.0,,0.0,0,1971.0,A01,138Â 291Â 355,2.0,0.0,-1.0,1649591,2.0,1,,0.0,2.0,7.0,A01,138Â 291Â 355,5.0
966552,201900008083,3,22,10:40,1,2,8,1.0,3.0,75113,RUE DE TOLBIAC,M,"48,8259890","2,3536510",75,2019,50.0,1.0,1.0,4.0,2160456,1.0,1,4,1,0.0,,0.0,0,1971.0,A01,138Â 291Â 355,2.0,0.0,-1.0,1649592,2.0,33,,0.0,2.0,3.0,B01,138Â 291Â 356,1.0
966552,201900008083,3,22,10:40,1,2,8,1.0,3.0,75113,RUE DE TOLBIAC,M,"48,8259890","2,3536510",75,2019,50.0,1.0,1.0,4.0,2160457,1.0,1,1,1,5.0,,0.0,0,1994.0,B01,138Â 291Â 356,2.0,6.0,-1.0,1649591,2.0,1,,0.0,2.0,7.0,A01,138Â 291Â 355,5.0
966552,201900008083,3,22,10:40,1,2,8,1.0,3.0,75113,RUE DE TOLBIAC,M,"48,8259890","2,3536510",75,2019,50.0,1.0,1.0,4.0,2160457,1.0,1,1,1,5.0,,0.0,0,1994.0,B01,138Â 291Â 356,2.0,6.0,-1.0,1649592,2.0,33,,0.0,2.0,3.0,B01,138Â 291Â 356,1.0
966553,201900008084,3,22,05:15,5,2,3,1.0,6.0,75113,QUAI D IVRY,M,"48,8263300","2,3869420",75,2019,50.0,1.0,1.0,4.0,2160458,1.0,1,4,2,5.0,,0.0,0,1990.0,A01,138Â 291Â 354,1.0,0.0,-1.0,1649593,2.0,7,,4.0,0.0,1.0,A01,138Â 291Â 354,1.0
966554,201900008085,3,22,00:30,5,2,7,1.0,3.0,75113,AVENUE DE CHOISY,M,"48,8307730","2,3563200",75,2019,50.0,1.0,1.0,4.0,2160459,1.0,1,1,1,1.0,,0.0,0,1990.0,A01,138Â 291Â 352,1.0,0.0,-1.0,1649594,2.0,7,,0.0,2.0,2.0,A01,138Â 291Â 352,1.0
966554,201900008085,3,22,00:30,5,2,7,1.0,3.0,75113,AVENUE DE CHOISY,M,"48,8307730","2,3563200",75,2019,50.0,1.0,1.0,4.0,2160459,1.0,1,1,1,1.0,,0.0,0,1990.0,A01,138Â 291Â 352,1.0,0.0,-1.0,1649595,3.0,50,,0.0,2.0,3.0,B01,138Â 291Â 353,3.0
966554,201900008085,3,22,00:30,5,2,7,1.0,3.0,75113,AVENUE DE CHOISY,M,"48,8307730","2,3563200",75,2019,50.0,1.0,1.0,4.0,2160460,1.0,1,1,1,0.0,,0.0,0,1998.0,B01,138Â 291Â 353,8.0,0.0,-1.0,1649594,2.0,7,,0.0,2.0,2.0,A01,138Â 291Â 352,1.0
966554,201900008085,3,22,00:30,5,2,7,1.0,3.0,75113,AVENUE DE CHOISY,M,"48,8307730","2,3563200",75,2019,50.0,1.0,1.0,4.0,2160460,1.0,1,1,1,0.0,,0.0,0,1998.0,B01,138Â 291Â 353,8.0,0.0,-1.0,1649595,3.0,50,,0.0,2.0,3.0,B01,138Â 291Â 353,3.0
966554,201900008085,3,22,00:30,5,2,7,1.0,3.0,75113,AVENUE DE CHOISY,M,"48,8307730","2,3563200",75,2019,50.0,1.0,1.0,4.0,2160461,2.0,2,4,2,0.0,,0.0,0,1998.0,B01,138Â 291Â 353,8.0,0.0,-1.0,1649594,2.0,7,,0.0,2.0,2.0,A01,138Â 291Â 352,1.0
966554,201900008085,3,22,00:30,5,2,7,1.0,3.0,75113,AVENUE DE CHOISY,M,"48,8307730","2,3563200",75,2019,50.0,1.0,1.0,4.0,2160461,2.0,2,4,2,0.0,,0.0,0,1998.0,B01,138Â 291Â 353,8.0,0.0,-1.0,1649595,3.0,50,,0.0,2.0,3.0,B01,138Â 291Â 353,3.0
966555,201900008086,3,6,19:50,2,2,3,2.0,6.0,75113,AVENUE DE CHOISY,M,"48,8290460","2,3576940",75,2019,50.0,1.0,2.0,4.0,2160462,3.0,2,1,2,5.0,,0.0,0,1997.0,A01,138Â 291Â 351,1.0,0.0,-1.0,1649596,1.0,7,,0.0,1.0,2.0,A01,138Â 291Â 351,2.0
966555,201900008086,3,6,19:50,2,2,3,2.0,6.0,75113,AVENUE DE CHOISY,M,"48,8290460","2,3576940",75,2019,50.0,1.0,2.0,4.0,2160463,1.0,1,1,1,4.0,,0.0,0,1969.0,A01,138Â 291Â 351,1.0,0.0,-1.0,1649596,1.0,7,,0.0,1.0,2.0,A01,138Â 291Â 351,2.0
966555,201900008086,3,6,19:50,2,2,3,2.0,6.0,75113,AVENUE DE CHOISY,M,"48,8290460","2,3576940",75,2019,50.0,1.0,2.0,4.0,2160464,3.0,2,1,1,0.0,,0.0,0,1990.0,A01,138Â 291Â 351,1.0,0.0,-1.0,1649596,1.0,7,,0.0,1.0,2.0,A01,138Â 291Â 351,2.0
966555,201900008086,3,6,19:50,2,2,3,2.0,6.0,75113,AVENUE DE CHOISY,M,"48,8290460","2,3576940",75,2019,50.0,1.0,2.0,4.0,2160465,10.0,3,4,1,0.0,,3.0,3,2010.0,A01,138Â 291Â 351,8.0,0.0,-1.0,1649596,1.0,7,,0.0,1.0,2.0,A01,138Â 291Â 351,2.0
966556,201900008087,3,25,17:50,1,2,1,1.0,3.0,75112,ROUTE DE CEINTURE DU LAC DAUMESNIL,M,"48,8322660","2,4156180",75,2019,50.0,1.0,1.0,4.0,2160466,1.0,1,4,1,1.0,,0.0,0,1991.0,B01,138Â 291Â 349,2.0,6.0,-1.0,1649597,3.0,32,,1.0,2.0,1.0,B01,138Â 291Â 349,1.0
966556,201900008087,3,25,17:50,1,2,1,1.0,3.0,75112,ROUTE DE CEINTURE DU LAC DAUMESNIL,M,"48,8322660","2,4156180",75,2019,50.0,1.0,1.0,4.0,2160466,1.0,1,4,1,1.0,,0.0,0,1991.0,B01,138Â 291Â 349,2.0,6.0,-1.0,1649598,3.0,7,,0.0,2.0,3.0,A01,138Â 291Â 350,1.0
966556,201900008087,3,25,17:50,1,2,1,1.0,3.0,75112,ROUTE DE CEINTURE DU LAC DAUMESNIL,M,"48,8322660","2,4156180",75,2019,50.0,1.0,1.0,4.0,2160467,1.0,1,1,1,0.0,,0.0,0,1996.0,A01,138Â 291Â 350,1.0,0.0,-1.0,1649597,3.0,32,,1.0,2.0,1.0,B01,138Â 291Â 349,1.0
966556,201900008087,3,25,17:50,1,2,1,1.0,3.0,75112,ROUTE DE CEINTURE DU LAC DAUMESNIL,M,"48,8322660","2,4156180",75,2019,50.0,1.0,1.0,4.0,2160467,1.0,1,1,1,0.0,,0.0,0,1996.0,A01,138Â 291Â 350,1.0,0.0,-1.0,1649598,3.0,7,,0.0,2.0,3.0,A01,138Â 291Â 350,1.0
966557,201900008088,3,24,17:43,1,2,2,1.0,3.0,75112,PLACE EDOUARD RENARD,M,"48,8353610","2,4066000",75,2019,50.0,1.0,1.0,4.0,2160468,2.0,2,4,2,5.0,,0.0,0,1989.0,B01,138Â 291Â 347,2.0,8.0,-1.0,1649599,1.0,30,,0.0,2.0,1.0,B01,138Â 291Â 347,1.0
966557,201900008088,3,24,17:43,1,2,2,1.0,3.0,75112,PLACE EDOUARD RENARD,M,"48,8353610","2,4066000",75,2019,50.0,1.0,1.0,4.0,2160468,2.0,2,4,2,5.0,,0.0,0,1989.0,B01,138Â 291Â 347,2.0,8.0,-1.0,1649600,1.0,7,,0.0,2.0,2.0,A01,138Â 291Â 348,1.0
966557,201900008088,3,24,17:43,1,2,2,1.0,3.0,75112,PLACE EDOUARD RENARD,M,"48,8353610","2,4066000",75,2019,50.0,1.0,1.0,4.0,2160469,1.0,1,4,1,5.0,,0.0,0,1968.0,B01,138Â 291Â 347,2.0,0.0,-1.0,1649599,1.0,30,,0.0,2.0,1.0,B01,138Â 291Â 347,1.0
966557,201900008088,3,24,17:43,1,2,2,1.0,3.0,75112,PLACE EDOUARD RENARD,M,"48,8353610","2,4066000",75,2019,50.0,1.0,1.0,4.0,2160469,1.0,1,4,1,5.0,,0.0,0,1968.0,B01,138Â 291Â 347,2.0,0.0,-1.0,1649600,1.0,7,,0.0,2.0,2.0,A01,138Â 291Â 348,1.0
966557,201900008088,3,24,17:43,1,2,2,1.0,3.0,75112,PLACE EDOUARD RENARD,M,"48,8353610","2,4066000",75,2019,50.0,1.0,1.0,4.0,2160470,5.0,2,1,1,5.0,,0.0,0,2010.0,A01,138Â 291Â 348,1.0,8.0,-1.0,1649599,1.0,30,,0.0,2.0,1.0,B01,138Â 291Â 347,1.0
966557,201900008088,3,24,17:43,1,2,2,1.0,3.0,75112,PLACE EDOUARD RENARD,M,"48,8353610","2,4066000",75,2019,50.0,1.0,1.0,4.0,2160470,5.0,2,1,1,5.0,,0.0,0,2010.0,A01,138Â 291Â 348,1.0,8.0,-1.0,1649600,1.0,7,,0.0,2.0,2.0,A01,138Â 291Â 348,1.0
966557,201900008088,3,24,17:43,1,2,2,1.0,3.0,75112,PLACE EDOUARD RENARD,M,"48,8353610","2,4066000",75,2019,50.0,1.0,1.0,4.0,2160471,2.0,2,1,2,5.0,,0.0,0,1948.0,A01,138Â 291Â 348,1.0,8.0,-1.0,1649599,1.0,30,,0.0,2.0,1.0,B01,138Â 291Â 347,1.0
966557,201900008088,3,24,17:43,1,2,2,1.0,3.0,75112,PLACE EDOUARD RENARD,M,"48,8353610","2,4066000",75,2019,50.0,1.0,1.0,4.0,2160471,2.0,2,1,2,5.0,,0.0,0,1948.0,A01,138Â 291Â 348,1.0,8.0,-1.0,1649600,1.0,7,,0.0,2.0,2.0,A01,138Â 291Â 348,1.0
966557,201900008088,3,24,17:43,1,2,2,1.0,3.0,75112,PLACE EDOUARD RENARD,M,"48,8353610","2,4066000",75,2019,50.0,1.0,1.0,4.0,2160472,1.0,1,1,1,5.0,,0.0,0,1950.0,A01,138Â 291Â 348,1.0,8.0,-1.0,1649599,1.0,30,,0.0,2.0,1.0,B01,138Â 291Â 347,1.0
966557,201900008088,3,24,17:43,1,2,2,1.0,3.0,75112,PLACE EDOUARD RENARD,M,"48,8353610","2,4066000",75,2019,50.0,1.0,1.0,4.0,2160472,1.0,1,1,1,5.0,,0.0,0,1950.0,A01,138Â 291Â 348,1.0,8.0,-1.0,1649600,1.0,7,,0.0,2.0,2.0,A01,138Â 291Â 348,1.0
966557,201900008088,3,24,17:43,1,2,2,1.0,3.0,75112,PLACE EDOUARD RENARD,M,"48,8353610","2,4066000",75,2019,50.0,1.0,1.0,4.0,2160473,3.0,2,1,1,5.0,,0.0,0,2007.0,A01,138Â 291Â 348,1.0,8.0,-1.0,1649599,1.0,30,,0.0,2.0,1.0,B01,138Â 291Â 347,1.0
966557,201900008088,3,24,17:43,1,2,2,1.0,3.0,75112,PLACE EDOUARD RENARD,M,"48,8353610","2,4066000",75,2019,50.0,1.0,1.0,4.0,2160473,3.0,2,1,1,5.0,,0.0,0,2007.0,A01,138Â 291Â 348,1.0,8.0,-1.0,1649600,1.0,7,,0.0,2.0,2.0,A01,138Â 291Â 348,1.0
966558,201900008089,3,24,23:05,5,2,2,1.0,3.0,75112,RUE DE REUILLY,M,"48,8442090","2,3902740",75,2019,30.0,1.0,1.0,4.0,2160474,1.0,1,4,1,4.0,,0.0,0,1997.0,B01,138Â 291Â 345,2.0,0.0,-1.0,1649601,2.0,2,,0.0,2.0,1.0,B01,138Â 291Â 345,3.0
966558,201900008089,3,24,23:05,5,2,2,1.0,3.0,75112,RUE DE REUILLY,M,"48,8442090","2,3902740",75,2019,30.0,1.0,1.0,4.0,2160474,1.0,1,4,1,4.0,,0.0,0,1997.0,B01,138Â 291Â 345,2.0,0.0,-1.0,1649602,1.0,7,,0.0,2.0,2.0,A01,138Â 291Â 346,1.0
966558,201900008089,3,24,23:05,5,2,2,1.0,3.0,75112,RUE DE REUILLY,M,"48,8442090","2,3902740",75,2019,30.0,1.0,1.0,4.0,2160475,1.0,1,1,1,5.0,,0.0,0,1957.0,A01,138Â 291Â 346,8.0,0.0,-1.0,1649601,2.0,2,,0.0,2.0,1.0,B01,138Â 291Â 345,3.0
966558,201900008089,3,24,23:05,5,2,2,1.0,3.0,75112,RUE DE REUILLY,M,"48,8442090","2,3902740",75,2019,30.0,1.0,1.0,4.0,2160475,1.0,1,1,1,5.0,,0.0,0,1957.0,A01,138Â 291Â 346,8.0,0.0,-1.0,1649602,1.0,7,,0.0,2.0,2.0,A01,138Â 291Â 346,1.0
966559,201900008090,3,25,21:20,5,2,1,1.0,3.0,75111,AVENUE PHILIPPE AUGUSTE,M,"48,8513330","2,3940930",75,2019,50.0,1.0,1.0,4.0,2160476,1.0,1,1,1,5.0,,0.0,0,1960.0,A01,138Â 291Â 343,1.0,0.0,-1.0,1649603,2.0,7,,0.0,2.0,3.0,A01,138Â 291Â 343,1.0
966559,201900008090,3,25,21:20,5,2,1,1.0,3.0,75111,AVENUE PHILIPPE AUGUSTE,M,"48,8513330","2,3940930",75,2019,50.0,1.0,1.0,4.0,2160476,1.0,1,1,1,5.0,,0.0,0,1960.0,A01,138Â 291Â 343,1.0,0.0,-1.0,1649604,1.0,2,,0.0,2.0,0.0,B01,138Â 291Â 344,1.0
966559,201900008090,3,25,21:20,5,2,1,1.0,3.0,75111,AVENUE PHILIPPE AUGUSTE,M,"48,8513330","2,3940930",75,2019,50.0,1.0,1.0,4.0,2160477,1.0,1,4,1,4.0,,0.0,0,1981.0,B01,138Â 291Â 344,2.0,6.0,-1.0,1649603,2.0,7,,0.0,2.0,3.0,A01,138Â 291Â 343,1.0
966559,201900008090,3,25,21:20,5,2,1,1.0,3.0,75111,AVENUE PHILIPPE AUGUSTE,M,"48,8513330","2,3940930",75,2019,50.0,1.0,1.0,4.0,2160477,1.0,1,4,1,4.0,,0.0,0,1981.0,B01,138Â 291Â 344,2.0,6.0,-1.0,1649604,1.0,2,,0.0,2.0,0.0,B01,138Â 291Â 344,1.0
966560,201900008091,3,22,11:20,1,2,1,1.0,7.0,75110,BOULEVARD DE BELLEVILLE,M,"48,8842900","2,3638500",75,2019,30.0,1.0,1.0,4.0,2160478,1.0,1,4,1,5.0,,0.0,0,1947.0,A01,138Â 291Â 342,2.0,6.0,-1.0,1649605,2.0,32,,1.0,1.0,8.0,A01,138Â 291Â 342,1.0