Unnamed: 0_x,num_acc,mois,jour,hrmn,lum,agg,int,atm,col,com,adr,gps,lat,long,dep,annee,vma,situ,surf,catr,Unnamed: 0_y,place,catu,grav,sexe,trajet,secu,locp,actp,an_nais,num_veh_x,id_vehicule_x,secu1,secu2,secu3,Unnamed: 0,senc,catv,occutc,obs,obsm,choc,num_veh_y,id_vehicule_y,motor
966561,201900008092,3,25,13:45,1,2,3,7.0,3.0,75110,RUE DE L AQUEDUC,M,"48,8840990","2,3673380",75,2019,50.0,1.0,1.0,4.0,2160479,1.0,1,4,1,1.0,,0.0,0,1997.0,A01,138Â 291Â 340,2.0,6.0,-1.0,1649606,1.0,30,,0.0,2.0,7.0,A01,138Â 291Â 340,1.0
966561,201900008092,3,25,13:45,1,2,3,7.0,3.0,75110,RUE DE L AQUEDUC,M,"48,8840990","2,3673380",75,2019,50.0,1.0,1.0,4.0,2160479,1.0,1,4,1,1.0,,0.0,0,1997.0,A01,138Â 291Â 340,2.0,6.0,-1.0,1649607,1.0,7,,0.0,2.0,3.0,B01,138Â 291Â 341,1.0
966561,201900008092,3,25,13:45,1,2,3,7.0,3.0,75110,RUE DE L AQUEDUC,M,"48,8840990","2,3673380",75,2019,50.0,1.0,1.0,4.0,2160480,1.0,1,1,2,1.0,,0.0,0,1993.0,B01,138Â 291Â 341,1.0,0.0,-1.0,1649606,1.0,30,,0.0,2.0,7.0,A01,138Â 291Â 340,1.0
966561,201900008092,3,25,13:45,1,2,3,7.0,3.0,75110,RUE DE L AQUEDUC,M,"48,8840990","2,3673380",75,2019,50.0,1.0,1.0,4.0,2160480,1.0,1,1,2,1.0,,0.0,0,1993.0,B01,138Â 291Â 341,1.0,0.0,-1.0,1649607,1.0,7,,0.0,2.0,3.0,B01,138Â 291Â 341,1.0
966562,201900008093,3,25,03:00,5,2,2,1.0,3.0,75102,BOULEVARD DE STRASBOURG,M,"48,8693270","2,3542430",75,2019,50.0,1.0,1.0,4.0,2160481,1.0,1,4,2,5.0,,0.0,0,1989.0,A01,138Â 291Â 338,1.0,0.0,-1.0,1649608,1.0,7,,0.0,2.0,1.0,A01,138Â 291Â 338,1.0
966562,201900008093,3,25,03:00,5,2,2,1.0,3.0,75102,BOULEVARD DE STRASBOURG,M,"48,8693270","2,3542430",75,2019,50.0,1.0,1.0,4.0,2160481,1.0,1,4,2,5.0,,0.0,0,1989.0,A01,138Â 291Â 338,1.0,0.0,-1.0,1649609,1.0,10,,0.0,2.0,7.0,B01,138Â 291Â 339,1.0
966562,201900008093,3,25,03:00,5,2,2,1.0,3.0,75102,BOULEVARD DE STRASBOURG,M,"48,8693270","2,3542430",75,2019,50.0,1.0,1.0,4.0,2160482,1.0,1,1,1,0.0,,0.0,0,1980.0,B01,138Â 291Â 339,1.0,0.0,-1.0,1649608,1.0,7,,0.0,2.0,1.0,A01,138Â 291Â 338,1.0
966562,201900008093,3,25,03:00,5,2,2,1.0,3.0,75102,BOULEVARD DE STRASBOURG,M,"48,8693270","2,3542430",75,2019,50.0,1.0,1.0,4.0,2160482,1.0,1,1,1,0.0,,0.0,0,1980.0,B01,138Â 291Â 339,1.0,0.0,-1.0,1649609,1.0,10,,0.0,2.0,7.0,B01,138Â 291Â 339,1.0
966563,201900008094,3,23,16:25,1,2,1,1.0,6.0,75110,AVENUE CLAUDE VELLEFAUX,M,"48,8724710","2,3697730",75,2019,30.0,1.0,1.0,4.0,2160483,10.0,3,4,2,0.0,,2.0,3,1966.0,A01,138Â 291Â 337,8.0,0.0,-1.0,1649610,1.0,7,,0.0,1.0,8.0,A01,138Â 291Â 337,1.0
966563,201900008094,3,23,16:25,1,2,1,1.0,6.0,75110,AVENUE CLAUDE VELLEFAUX,M,"48,8724710","2,3697730",75,2019,30.0,1.0,1.0,4.0,2160484,1.0,1,1,2,0.0,,0.0,0,1951.0,A01,138Â 291Â 337,8.0,0.0,-1.0,1649610,1.0,7,,0.0,1.0,8.0,A01,138Â 291Â 337,1.0
966564,201900008095,3,21,08:00,1,2,3,1.0,6.0,75110,BOULEVARD DE MAGENTA,M,"48,8806250","2,3521530",75,2019,50.0,1.0,1.0,4.0,2160485,2.0,1,4,1,0.0,,0.0,0,1959.0,A01,138Â 291Â 336,2.0,0.0,-1.0,1649611,2.0,1,,0.0,0.0,0.0,A01,138Â 291Â 336,5.0
966565,201900008096,3,23,18:50,2,2,5,1.0,6.0,75109,RUE DROUOT,M,"48,8719900","2,3400320",75,2019,50.0,1.0,1.0,4.0,2160486,1.0,1,4,1,0.0,,0.0,0,1972.0,A01,138Â 291Â 335,2.0,6.0,-1.0,1649612,2.0,43,,0.0,1.0,1.0,A01,138Â 291Â 335,1.0
966565,201900008096,3,23,18:50,2,2,5,1.0,6.0,75109,RUE DROUOT,M,"48,8719900","2,3400320",75,2019,50.0,1.0,1.0,4.0,2160487,10.0,3,1,1,0.0,,2.0,3,1978.0,A01,138Â 291Â 335,8.0,0.0,-1.0,1649612,2.0,43,,0.0,1.0,1.0,A01,138Â 291Â 335,1.0
966566,201900008097,3,21,20:17,5,2,1,1.0,6.0,75102,BOULEVARD POISSONNIERE,M,"48,8711920","2,3448190",75,2019,50.0,4.0,1.0,4.0,2160488,10.0,3,4,1,5.0,,5.0,1,1954.0,Z01,138Â 291Â 334,8.0,0.0,-1.0,1649613,2.0,2,,0.0,1.0,0.0,Z01,138Â 291Â 334,0.0
966567,201900008098,3,21,15:45,1,2,2,1.0,3.0,75108,BOULEVARD HAUSSMANN,M,"48,8737810","2,3270200",75,2019,50.0,1.0,1.0,4.0,2160489,1.0,1,4,1,5.0,,0.0,0,1949.0,B01,138Â 291Â 332,2.0,6.0,-1.0,1649614,2.0,33,,0.0,2.0,5.0,B01,138Â 291Â 332,1.0
966567,201900008098,3,21,15:45,1,2,2,1.0,3.0,75108,BOULEVARD HAUSSMANN,M,"48,8737810","2,3270200",75,2019,50.0,1.0,1.0,4.0,2160489,1.0,1,4,1,5.0,,0.0,0,1949.0,B01,138Â 291Â 332,2.0,6.0,-1.0,1649615,1.0,7,,0.0,2.0,0.0,A01,138Â 291Â 333,1.0
966567,201900008098,3,21,15:45,1,2,2,1.0,3.0,75108,BOULEVARD HAUSSMANN,M,"48,8737810","2,3270200",75,2019,50.0,1.0,1.0,4.0,2160490,1.0,1,1,2,5.0,,0.0,0,1989.0,A01,138Â 291Â 333,1.0,0.0,-1.0,1649614,2.0,33,,0.0,2.0,5.0,B01,138Â 291Â 332,1.0
966567,201900008098,3,21,15:45,1,2,2,1.0,3.0,75108,BOULEVARD HAUSSMANN,M,"48,8737810","2,3270200",75,2019,50.0,1.0,1.0,4.0,2160490,1.0,1,1,2,5.0,,0.0,0,1989.0,A01,138Â 291Â 333,1.0,0.0,-1.0,1649615,1.0,7,,0.0,2.0,0.0,A01,138Â 291Â 333,1.0
966568,201900008099,3,21,15:05,1,2,2,1.0,3.0,75109,BOULEVARD MONTMARTRE,M,"48,8719860","2,3400390",75,2019,50.0,1.0,1.0,4.0,2160491,1.0,1,1,1,4.0,,0.0,0,1985.0,A01,138Â 291Â 330,1.0,6.0,-1.0,1649616,1.0,10,,0.0,2.0,2.0,A01,138Â 291Â 330,1.0
966568,201900008099,3,21,15:05,1,2,2,1.0,3.0,75109,BOULEVARD MONTMARTRE,M,"48,8719860","2,3400390",75,2019,50.0,1.0,1.0,4.0,2160491,1.0,1,1,1,4.0,,0.0,0,1985.0,A01,138Â 291Â 330,1.0,6.0,-1.0,1649617,1.0,32,,0.0,2.0,3.0,B01,138Â 291Â 331,1.0
966568,201900008099,3,21,15:05,1,2,2,1.0,3.0,75109,BOULEVARD MONTMARTRE,M,"48,8719860","2,3400390",75,2019,50.0,1.0,1.0,4.0,2160492,1.0,1,4,1,9.0,,0.0,0,1953.0,B01,138Â 291Â 331,2.0,6.0,-1.0,1649616,1.0,10,,0.0,2.0,2.0,A01,138Â 291Â 330,1.0
966568,201900008099,3,21,15:05,1,2,2,1.0,3.0,75109,BOULEVARD MONTMARTRE,M,"48,8719860","2,3400390",75,2019,50.0,1.0,1.0,4.0,2160492,1.0,1,4,1,9.0,,0.0,0,1953.0,B01,138Â 291Â 331,2.0,6.0,-1.0,1649617,1.0,32,,0.0,2.0,3.0,B01,138Â 291Â 331,1.0
966569,201900008100,3,21,11:19,1,2,1,1.0,3.0,75109,RUE DE CHATEAUDUN,M,"48,8763090","2,3334540",75,2019,50.0,1.0,1.0,4.0,2160493,1.0,1,4,2,1.0,,0.0,0,1995.0,B01,138Â 291Â 328,2.0,0.0,-1.0,1649618,1.0,1,,0.0,2.0,1.0,B01,138Â 291Â 328,5.0
966569,201900008100,3,21,11:19,1,2,1,1.0,3.0,75109,RUE DE CHATEAUDUN,M,"48,8763090","2,3334540",75,2019,50.0,1.0,1.0,4.0,2160493,1.0,1,4,2,1.0,,0.0,0,1995.0,B01,138Â 291Â 328,2.0,0.0,-1.0,1649619,1.0,7,,0.0,2.0,6.0,A01,138Â 291Â 329,1.0
966569,201900008100,3,21,11:19,1,2,1,1.0,3.0,75109,RUE DE CHATEAUDUN,M,"48,8763090","2,3334540",75,2019,50.0,1.0,1.0,4.0,2160494,4.0,2,1,2,1.0,,0.0,0,1989.0,A01,138Â 291Â 329,1.0,0.0,-1.0,1649618,1.0,1,,0.0,2.0,1.0,B01,138Â 291Â 328,5.0
966569,201900008100,3,21,11:19,1,2,1,1.0,3.0,75109,RUE DE CHATEAUDUN,M,"48,8763090","2,3334540",75,2019,50.0,1.0,1.0,4.0,2160494,4.0,2,1,2,1.0,,0.0,0,1989.0,A01,138Â 291Â 329,1.0,0.0,-1.0,1649619,1.0,7,,0.0,2.0,6.0,A01,138Â 291Â 329,1.0
966569,201900008100,3,21,11:19,1,2,1,1.0,3.0,75109,RUE DE CHATEAUDUN,M,"48,8763090","2,3334540",75,2019,50.0,1.0,1.0,4.0,2160495,1.0,1,4,1,0.0,,0.0,0,1993.0,A01,138Â 291Â 329,1.0,0.0,-1.0,1649618,1.0,1,,0.0,2.0,1.0,B01,138Â 291Â 328,5.0
966569,201900008100,3,21,11:19,1,2,1,1.0,3.0,75109,RUE DE CHATEAUDUN,M,"48,8763090","2,3334540",75,2019,50.0,1.0,1.0,4.0,2160495,1.0,1,4,1,0.0,,0.0,0,1993.0,A01,138Â 291Â 329,1.0,0.0,-1.0,1649619,1.0,7,,0.0,2.0,6.0,A01,138Â 291Â 329,1.0
966570,201900008101,3,25,14:30,1,2,1,1.0,2.0,75108,SOUTERRAIN COURS LA REINE,M,"48,8647240","2,3097150",75,2019,50.0,1.0,1.0,4.0,2160496,1.0,1,3,1,9.0,,0.0,0,1997.0,A01,138Â 291Â 326,2.0,6.0,-1.0,1649620,1.0,30,,0.0,2.0,1.0,A01,138Â 291Â 326,1.0
966570,201900008101,3,25,14:30,1,2,1,1.0,2.0,75108,SOUTERRAIN COURS LA REINE,M,"48,8647240","2,3097150",75,2019,50.0,1.0,1.0,4.0,2160496,1.0,1,3,1,9.0,,0.0,0,1997.0,A01,138Â 291Â 326,2.0,6.0,-1.0,1649621,1.0,10,,0.0,2.0,6.0,B01,138Â 291Â 327,1.0
966570,201900008101,3,25,14:30,1,2,1,1.0,2.0,75108,SOUTERRAIN COURS LA REINE,M,"48,8647240","2,3097150",75,2019,50.0,1.0,1.0,4.0,2160497,1.0,1,1,1,9.0,,0.0,0,1980.0,B01,138Â 291Â 327,1.0,0.0,-1.0,1649620,1.0,30,,0.0,2.0,1.0,A01,138Â 291Â 326,1.0
966570,201900008101,3,25,14:30,1,2,1,1.0,2.0,75108,SOUTERRAIN COURS LA REINE,M,"48,8647240","2,3097150",75,2019,50.0,1.0,1.0,4.0,2160497,1.0,1,1,1,9.0,,0.0,0,1980.0,B01,138Â 291Â 327,1.0,0.0,-1.0,1649621,1.0,10,,0.0,2.0,6.0,B01,138Â 291Â 327,1.0
966571,201900008102,3,25,09:10,1,2,2,1.0,3.0,75108,AVENUE DES CHAMPS ELYSEES,M,"48,8714550","2,3023500",75,2019,50.0,1.0,1.0,4.0,2160498,1.0,1,3,1,1.0,,0.0,0,1991.0,A01,138Â 291Â 324,2.0,6.0,-1.0,1649622,1.0,31,,0.0,2.0,1.0,A01,138Â 291Â 324,1.0
966571,201900008102,3,25,09:10,1,2,2,1.0,3.0,75108,AVENUE DES CHAMPS ELYSEES,M,"48,8714550","2,3023500",75,2019,50.0,1.0,1.0,4.0,2160498,1.0,1,3,1,1.0,,0.0,0,1991.0,A01,138Â 291Â 324,2.0,6.0,-1.0,1649623,1.0,7,,0.0,2.0,2.0,B01,138Â 291Â 325,2.0
966571,201900008102,3,25,09:10,1,2,2,1.0,3.0,75108,AVENUE DES CHAMPS ELYSEES,M,"48,8714550","2,3023500",75,2019,50.0,1.0,1.0,4.0,2160499,1.0,1,1,1,1.0,,0.0,0,1978.0,B01,138Â 291Â 325,1.0,0.0,-1.0,1649622,1.0,31,,0.0,2.0,1.0,A01,138Â 291Â 324,1.0
966571,201900008102,3,25,09:10,1,2,2,1.0,3.0,75108,AVENUE DES CHAMPS ELYSEES,M,"48,8714550","2,3023500",75,2019,50.0,1.0,1.0,4.0,2160499,1.0,1,1,1,1.0,,0.0,0,1978.0,B01,138Â 291Â 325,1.0,0.0,-1.0,1649623,1.0,7,,0.0,2.0,2.0,B01,138Â 291Â 325,2.0
966572,201900008103,3,22,15:15,1,2,4,1.0,6.0,75108,VOIE GEORGES POMPIDOU,M,"48,8646340","2,3070840",75,2019,50.0,1.0,1.0,4.0,2160500,1.0,1,4,2,0.0,,0.0,0,2002.0,A01,138Â 291Â 322,2.0,0.0,-1.0,1649624,2.0,30,,0.0,2.0,8.0,A01,138Â 291Â 322,3.0
966572,201900008103,3,22,15:15,1,2,4,1.0,6.0,75108,VOIE GEORGES POMPIDOU,M,"48,8646340","2,3070840",75,2019,50.0,1.0,1.0,4.0,2160500,1.0,1,4,2,0.0,,0.0,0,2002.0,A01,138Â 291Â 322,2.0,0.0,-1.0,1649625,2.0,7,,0.0,2.0,8.0,Z01,138Â 291Â 323,0.0
966572,201900008103,3,22,15:15,1,2,4,1.0,6.0,75108,VOIE GEORGES POMPIDOU,M,"48,8646340","2,3070840",75,2019,50.0,1.0,1.0,4.0,2160501,2.0,2,4,2,0.0,,0.0,0,2002.0,A01,138Â 291Â 322,2.0,0.0,-1.0,1649624,2.0,30,,0.0,2.0,8.0,A01,138Â 291Â 322,3.0
966572,201900008103,3,22,15:15,1,2,4,1.0,6.0,75108,VOIE GEORGES POMPIDOU,M,"48,8646340","2,3070840",75,2019,50.0,1.0,1.0,4.0,2160501,2.0,2,4,2,0.0,,0.0,0,2002.0,A01,138Â 291Â 322,2.0,0.0,-1.0,1649625,2.0,7,,0.0,2.0,8.0,Z01,138Â 291Â 323,0.0
966573,201900008104,3,22,07:06,1,2,1,1.0,3.0,75108,BOULEVARD MALESHERBES,M,"48,8781220","2,3158690",75,2019,50.0,1.0,1.0,4.0,2160502,1.0,1,4,2,1.0,,0.0,0,1995.0,B01,138Â 291Â 320,2.0,6.0,-1.0,1649626,1.0,33,,0.0,2.0,7.0,B01,138Â 291Â 320,1.0
966573,201900008104,3,22,07:06,1,2,1,1.0,3.0,75108,BOULEVARD MALESHERBES,M,"48,8781220","2,3158690",75,2019,50.0,1.0,1.0,4.0,2160502,1.0,1,4,2,1.0,,0.0,0,1995.0,B01,138Â 291Â 320,2.0,6.0,-1.0,1649627,1.0,10,,0.0,2.0,0.0,A01,138Â 291Â 321,1.0
966573,201900008104,3,22,07:06,1,2,1,1.0,3.0,75108,BOULEVARD MALESHERBES,M,"48,8781220","2,3158690",75,2019,50.0,1.0,1.0,4.0,2160503,1.0,1,1,1,4.0,,0.0,0,1993.0,A01,138Â 291Â 321,1.0,0.0,-1.0,1649626,1.0,33,,0.0,2.0,7.0,B01,138Â 291Â 320,1.0
966573,201900008104,3,22,07:06,1,2,1,1.0,3.0,75108,BOULEVARD MALESHERBES,M,"48,8781220","2,3158690",75,2019,50.0,1.0,1.0,4.0,2160503,1.0,1,1,1,4.0,,0.0,0,1993.0,A01,138Â 291Â 321,1.0,0.0,-1.0,1649627,1.0,10,,0.0,2.0,0.0,A01,138Â 291Â 321,1.0
966574,201900008105,3,21,11:10,1,2,1,1.0,6.0,75108,RUE DE MIROMESNIL,M,"48,8795690","2,3154640",75,2019,50.0,1.0,1.0,4.0,2160504,1.0,1,1,1,1.0,,0.0,0,1971.0,A01,138Â 291Â 319,1.0,0.0,-1.0,1649628,2.0,7,,0.0,1.0,3.0,A01,138Â 291Â 319,1.0
966574,201900008105,3,21,11:10,1,2,1,1.0,6.0,75108,RUE DE MIROMESNIL,M,"48,8795690","2,3154640",75,2019,50.0,1.0,1.0,4.0,2160505,10.0,3,4,2,0.0,,2.0,3,1985.0,A01,138Â 291Â 319,8.0,0.0,-1.0,1649628,2.0,7,,0.0,1.0,3.0,A01,138Â 291Â 319,1.0
966575,201900008106,3,20,13:10,1,2,5,1.0,3.0,75117,BOULEVARD DE COURCELLES,M,"48,8811780","2,3153390",75,2019,30.0,1.0,1.0,4.0,2160506,1.0,1,1,1,5.0,,0.0,0,1995.0,A01,138Â 291Â 317,1.0,0.0,-1.0,1649629,2.0,7,,0.0,2.0,3.0,A01,138Â 291Â 317,1.0
966575,201900008106,3,20,13:10,1,2,5,1.0,3.0,75117,BOULEVARD DE COURCELLES,M,"48,8811780","2,3153390",75,2019,30.0,1.0,1.0,4.0,2160506,1.0,1,1,1,5.0,,0.0,0,1995.0,A01,138Â 291Â 317,1.0,0.0,-1.0,1649630,2.0,31,,0.0,2.0,2.0,B01,138Â 291Â 318,1.0
966575,201900008106,3,20,13:10,1,2,5,1.0,3.0,75117,BOULEVARD DE COURCELLES,M,"48,8811780","2,3153390",75,2019,30.0,1.0,1.0,4.0,2160507,1.0,1,4,1,0.0,,0.0,0,1979.0,B01,138Â 291Â 318,2.0,6.0,-1.0,1649629,2.0,7,,0.0,2.0,3.0,A01,138Â 291Â 317,1.0
966575,201900008106,3,20,13:10,1,2,5,1.0,3.0,75117,BOULEVARD DE COURCELLES,M,"48,8811780","2,3153390",75,2019,30.0,1.0,1.0,4.0,2160507,1.0,1,4,1,0.0,,0.0,0,1979.0,B01,138Â 291Â 318,2.0,6.0,-1.0,1649630,2.0,31,,0.0,2.0,2.0,B01,138Â 291Â 318,1.0
966576,201900008107,3,25,19:35,5,2,1,1.0,3.0,75107,RUE DE SEVRES,M,"48,8493950","2,3224150",75,2019,50.0,1.0,1.0,4.0,2160508,1.0,1,4,1,1.0,,0.0,0,1993.0,A01,138Â 291Â 315,2.0,6.0,-1.0,1649631,1.0,30,,0.0,2.0,2.0,A01,138Â 291Â 315,1.0
966576,201900008107,3,25,19:35,5,2,1,1.0,3.0,75107,RUE DE SEVRES,M,"48,8493950","2,3224150",75,2019,50.0,1.0,1.0,4.0,2160508,1.0,1,4,1,1.0,,0.0,0,1993.0,A01,138Â 291Â 315,2.0,6.0,-1.0,1649632,1.0,7,,0.0,2.0,6.0,B01,138Â 291Â 316,1.0
966576,201900008107,3,25,19:35,5,2,1,1.0,3.0,75107,RUE DE SEVRES,M,"48,8493950","2,3224150",75,2019,50.0,1.0,1.0,4.0,2160509,1.0,1,1,1,4.0,,0.0,0,1984.0,B01,138Â 291Â 316,1.0,0.0,-1.0,1649631,1.0,30,,0.0,2.0,2.0,A01,138Â 291Â 315,1.0
966576,201900008107,3,25,19:35,5,2,1,1.0,3.0,75107,RUE DE SEVRES,M,"48,8493950","2,3224150",75,2019,50.0,1.0,1.0,4.0,2160509,1.0,1,1,1,4.0,,0.0,0,1984.0,B01,138Â 291Â 316,1.0,0.0,-1.0,1649632,1.0,7,,0.0,2.0,6.0,B01,138Â 291Â 316,1.0
966577,201900008108,3,25,11:45,1,2,1,1.0,6.0,75107,RUE DE LILLE,M,"48,8580190","2,3313950",75,2019,50.0,1.0,1.0,4.0,2160510,1.0,1,1,2,0.0,,0.0,0,1950.0,A01,138Â 291Â 314,2.0,6.0,-1.0,1649633,1.0,34,,0.0,1.0,1.0,A01,138Â 291Â 314,3.0
966577,201900008108,3,25,11:45,1,2,1,1.0,6.0,75107,RUE DE LILLE,M,"48,8580190","2,3313950",75,2019,50.0,1.0,1.0,4.0,2160511,10.0,3,4,2,0.0,,2.0,3,1972.0,A01,138Â 291Â 314,8.0,0.0,-1.0,1649633,1.0,34,,0.0,1.0,1.0,A01,138Â 291Â 314,3.0
966578,201900008109,3,21,19:50,5,2,3,1.0,2.0,75107,QUAI D ORSAY,M,"48,8624800","2,3054170",75,2019,50.0,1.0,1.0,4.0,2160512,1.0,1,4,1,0.0,,0.0,0,1981.0,B01,138Â 291Â 312,2.0,6.0,-1.0,1649634,1.0,33,,0.0,2.0,4.0,B01,138Â 291Â 312,1.0
966578,201900008109,3,21,19:50,5,2,3,1.0,2.0,75107,QUAI D ORSAY,M,"48,8624800","2,3054170",75,2019,50.0,1.0,1.0,4.0,2160512,1.0,1,4,1,0.0,,0.0,0,1981.0,B01,138Â 291Â 312,2.0,6.0,-1.0,1649635,1.0,33,,0.0,2.0,1.0,A01,138Â 291Â 313,1.0
966578,201900008109,3,21,19:50,5,2,3,1.0,2.0,75107,QUAI D ORSAY,M,"48,8624800","2,3054170",75,2019,50.0,1.0,1.0,4.0,2160513,1.0,1,1,1,0.0,,0.0,0,1989.0,A01,138Â 291Â 313,2.0,6.0,-1.0,1649634,1.0,33,,0.0,2.0,4.0,B01,138Â 291Â 312,1.0
966578,201900008109,3,21,19:50,5,2,3,1.0,2.0,75107,QUAI D ORSAY,M,"48,8624800","2,3054170",75,2019,50.0,1.0,1.0,4.0,2160513,1.0,1,1,1,0.0,,0.0,0,1989.0,A01,138Â 291Â 313,2.0,6.0,-1.0,1649635,1.0,33,,0.0,2.0,1.0,A01,138Â 291Â 313,1.0
966579,201900008110,3,22,20:50,5,2,1,1.0,6.0,75101,RUE DU LOUVRE,M,"48,8621060","2,3414250",75,2019,30.0,1.0,1.0,4.0,2160514,10.0,3,4,2,0.0,,4.0,3,1998.0,A01,138Â 291Â 311,8.0,0.0,-1.0,1649636,2.0,1,,0.0,1.0,1.0,A01,138Â 291Â 311,5.0
966579,201900008110,3,22,20:50,5,2,1,1.0,6.0,75101,RUE DU LOUVRE,M,"48,8621060","2,3414250",75,2019,30.0,1.0,1.0,4.0,2160515,1.0,1,4,1,0.0,,0.0,0,1989.0,A01,138Â 291Â 311,8.0,0.0,-1.0,1649636,2.0,1,,0.0,1.0,1.0,A01,138Â 291Â 311,5.0
966580,201900008111,3,20,12:35,1,2,1,1.0,7.0,75104,RUE DE TURENNE,M,"48,8557910","2,3638280",75,2019,50.0,1.0,1.0,4.0,2160516,1.0,1,4,1,9.0,,0.0,0,1949.0,B01,138Â 291Â 310,8.0,8.0,-1.0,1649637,1.0,1,,0.0,0.0,0.0,B01,138Â 291Â 310,5.0
966581,201900008112,3,20,09:10,1,2,4,1.0,1.0,75104,VOIE GEORGES POMPIDOU,M,"48,8535610","2,3565050",75,2019,50.0,5.0,1.0,4.0,2160517,1.0,1,1,1,1.0,,0.0,0,1988.0,A01,138Â 291Â 308,8.0,0.0,-1.0,1649638,1.0,1,,0.0,2.0,1.0,A01,138Â 291Â 308,5.0
966581,201900008112,3,20,09:10,1,2,4,1.0,1.0,75104,VOIE GEORGES POMPIDOU,M,"48,8535610","2,3565050",75,2019,50.0,5.0,1.0,4.0,2160517,1.0,1,1,1,1.0,,0.0,0,1988.0,A01,138Â 291Â 308,8.0,0.0,-1.0,1649639,2.0,1,,0.0,2.0,0.0,B01,138Â 291Â 309,5.0
966581,201900008112,3,20,09:10,1,2,4,1.0,1.0,75104,VOIE GEORGES POMPIDOU,M,"48,8535610","2,3565050",75,2019,50.0,5.0,1.0,4.0,2160518,1.0,1,4,2,1.0,,0.0,0,1990.0,B01,138Â 291Â 309,8.0,0.0,-1.0,1649638,1.0,1,,0.0,2.0,1.0,A01,138Â 291Â 308,5.0
966581,201900008112,3,20,09:10,1,2,4,1.0,1.0,75104,VOIE GEORGES POMPIDOU,M,"48,8535610","2,3565050",75,2019,50.0,5.0,1.0,4.0,2160518,1.0,1,4,2,1.0,,0.0,0,1990.0,B01,138Â 291Â 309,8.0,0.0,-1.0,1649639,2.0,1,,0.0,2.0,0.0,B01,138Â 291Â 309,5.0
966582,201900008113,3,21,23:05,5,2,1,1.0,2.0,75102,RUE MONTMARTRE,M,"48,8706090","2,3427590",75,2019,50.0,1.0,1.0,4.0,2160519,3.0,2,4,2,9.0,,0.0,0,1980.0,A01,138Â 291Â 306,1.0,0.0,-1.0,1649640,1.0,7,,0.0,2.0,4.0,A01,138Â 291Â 306,2.0
966582,201900008113,3,21,23:05,5,2,1,1.0,2.0,75102,RUE MONTMARTRE,M,"48,8706090","2,3427590",75,2019,50.0,1.0,1.0,4.0,2160519,3.0,2,4,2,9.0,,0.0,0,1980.0,A01,138Â 291Â 306,1.0,0.0,-1.0,1649641,1.0,14,,0.0,2.0,1.0,B01,138Â 291Â 307,1.0
966582,201900008113,3,21,23:05,5,2,1,1.0,2.0,75102,RUE MONTMARTRE,M,"48,8706090","2,3427590",75,2019,50.0,1.0,1.0,4.0,2160520,1.0,1,1,1,4.0,,0.0,0,1970.0,A01,138Â 291Â 306,1.0,0.0,-1.0,1649640,1.0,7,,0.0,2.0,4.0,A01,138Â 291Â 306,2.0
966582,201900008113,3,21,23:05,5,2,1,1.0,2.0,75102,RUE MONTMARTRE,M,"48,8706090","2,3427590",75,2019,50.0,1.0,1.0,4.0,2160520,1.0,1,1,1,4.0,,0.0,0,1970.0,A01,138Â 291Â 306,1.0,0.0,-1.0,1649641,1.0,14,,0.0,2.0,1.0,B01,138Â 291Â 307,1.0
966582,201900008113,3,21,23:05,5,2,1,1.0,2.0,75102,RUE MONTMARTRE,M,"48,8706090","2,3427590",75,2019,50.0,1.0,1.0,4.0,2160521,4.0,2,1,2,9.0,,0.0,0,1980.0,A01,138Â 291Â 306,1.0,0.0,-1.0,1649640,1.0,7,,0.0,2.0,4.0,A01,138Â 291Â 306,2.0
966582,201900008113,3,21,23:05,5,2,1,1.0,2.0,75102,RUE MONTMARTRE,M,"48,8706090","2,3427590",75,2019,50.0,1.0,1.0,4.0,2160521,4.0,2,1,2,9.0,,0.0,0,1980.0,A01,138Â 291Â 306,1.0,0.0,-1.0,1649641,1.0,14,,0.0,2.0,1.0,B01,138Â 291Â 307,1.0
966582,201900008113,3,21,23:05,5,2,1,1.0,2.0,75102,RUE MONTMARTRE,M,"48,8706090","2,3427590",75,2019,50.0,1.0,1.0,4.0,2160522,1.0,1,1,1,0.0,,0.0,0,1987.0,B01,138Â 291Â 307,1.0,0.0,-1.0,1649640,1.0,7,,0.0,2.0,4.0,A01,138Â 291Â 306,2.0
966582,201900008113,3,21,23:05,5,2,1,1.0,2.0,75102,RUE MONTMARTRE,M,"48,8706090","2,3427590",75,2019,50.0,1.0,1.0,4.0,2160522,1.0,1,1,1,0.0,,0.0,0,1987.0,B01,138Â 291Â 307,1.0,0.0,-1.0,1649641,1.0,14,,0.0,2.0,1.0,B01,138Â 291Â 307,1.0
966583,201900008114,3,22,20:15,5,2,1,1.0,6.0,75102,RUE MONTMARTRE,M,"48,8703620","2,3426850",75,2019,50.0,1.0,1.0,4.0,2160523,10.0,3,4,2,5.0,,4.0,3,1996.0,A01,138Â 291Â 304,8.0,0.0,-1.0,1649642,1.0,43,,0.0,1.0,0.0,A01,138Â 291Â 304,1.0
966583,201900008114,3,22,20:15,5,2,1,1.0,6.0,75102,RUE MONTMARTRE,M,"48,8703620","2,3426850",75,2019,50.0,1.0,1.0,4.0,2160524,1.0,1,1,1,5.0,,0.0,0,1969.0,A01,138Â 291Â 304,2.0,6.0,-1.0,1649642,1.0,43,,0.0,1.0,0.0,A01,138Â 291Â 304,1.0