Unnamed: 0_x,num_acc,mois,jour,hrmn,lum,agg,int,atm,col,com,adr,gps,lat,long,dep,annee,vma,situ,surf,catr,Unnamed: 0_y,place,catu,grav,sexe,trajet,secu,locp,actp,an_nais,num_veh_x,id_vehicule_x,secu1,secu2,secu3,Unnamed: 0,senc,catv,occutc,obs,obsm,choc,num_veh_y,id_vehicule_y,motor
966584,201900008115,3,22,19:30,5,2,2,1.0,2.0,94068,RABELAIS (BD),M,"48,8063800","2,4793700",94,2019,50.0,1.0,1.0,3.0,2160525,1.0,1,1,1,1.0,,-1.0,0,1995.0,B01,138Â 291Â 302,1.0,0.0,-1.0,1649643,2.0,7,,0.0,2.0,3.0,B01,138Â 291Â 302,1.0
966584,201900008115,3,22,19:30,5,2,2,1.0,2.0,94068,RABELAIS (BD),M,"48,8063800","2,4793700",94,2019,50.0,1.0,1.0,3.0,2160525,1.0,1,1,1,1.0,,-1.0,0,1995.0,B01,138Â 291Â 302,1.0,0.0,-1.0,1649644,2.0,30,,0.0,2.0,1.0,A01,138Â 291Â 303,1.0
966584,201900008115,3,22,19:30,5,2,2,1.0,2.0,94068,RABELAIS (BD),M,"48,8063800","2,4793700",94,2019,50.0,1.0,1.0,3.0,2160526,1.0,1,4,1,5.0,,-1.0,0,1996.0,A01,138Â 291Â 303,2.0,6.0,-1.0,1649643,2.0,7,,0.0,2.0,3.0,B01,138Â 291Â 302,1.0
966584,201900008115,3,22,19:30,5,2,2,1.0,2.0,94068,RABELAIS (BD),M,"48,8063800","2,4793700",94,2019,50.0,1.0,1.0,3.0,2160526,1.0,1,4,1,5.0,,-1.0,0,1996.0,A01,138Â 291Â 303,2.0,6.0,-1.0,1649644,2.0,30,,0.0,2.0,1.0,A01,138Â 291Â 303,1.0
966585,201900008116,3,22,18:30,1,2,1,1.0,2.0,94068,WINSTON CHURCHILL (QU),M,"48,8009500","2,5220900",94,2019,30.0,1.0,1.0,4.0,2160527,1.0,1,1,2,9.0,,-1.0,0,1960.0,B01,138Â 291Â 300,1.0,0.0,-1.0,1649645,1.0,7,,0.0,6.0,5.0,B01,138Â 291Â 300,1.0
966585,201900008116,3,22,18:30,1,2,1,1.0,2.0,94068,WINSTON CHURCHILL (QU),M,"48,8009500","2,5220900",94,2019,30.0,1.0,1.0,4.0,2160527,1.0,1,1,2,9.0,,-1.0,0,1960.0,B01,138Â 291Â 300,1.0,0.0,-1.0,1649646,3.0,1,,0.0,2.0,1.0,A01,138Â 291Â 301,5.0
966585,201900008116,3,22,18:30,1,2,1,1.0,2.0,94068,WINSTON CHURCHILL (QU),M,"48,8009500","2,5220900",94,2019,30.0,1.0,1.0,4.0,2160528,1.0,1,3,1,5.0,,-1.0,0,1968.0,A01,138Â 291Â 301,2.0,0.0,-1.0,1649645,1.0,7,,0.0,6.0,5.0,B01,138Â 291Â 300,1.0
966585,201900008116,3,22,18:30,1,2,1,1.0,2.0,94068,WINSTON CHURCHILL (QU),M,"48,8009500","2,5220900",94,2019,30.0,1.0,1.0,4.0,2160528,1.0,1,3,1,5.0,,-1.0,0,1968.0,A01,138Â 291Â 301,2.0,0.0,-1.0,1649646,3.0,1,,0.0,2.0,1.0,A01,138Â 291Â 301,5.0
966586,201900008117,3,21,02:40,5,2,1,1.0,6.0,94068,BELLECHASSE (BD DE),M,"48,7930000","2,4950000",94,2019,50.0,1.0,1.0,4.0,2160529,1.0,1,3,2,0.0,,-1.0, -1,1991.0,A01,138Â 291Â 299,2.0,0.0,-1.0,1649647,1.0,33,,1.0,0.0,1.0,A01,138Â 291Â 299,1.0
966587,201900008118,3,20,17:35,1,2,1,1.0,3.0,94068,FOUR (R DU),M,"48,8115600","2,4706300",94,2019,50.0,2.0,1.0,4.0,2160530,1.0,1,1,1,1.0,,-1.0,0,1991.0,B01,138Â 291Â 297,1.0,0.0,-1.0,1649648,1.0,7,,0.0,2.0,8.0,B01,138Â 291Â 297,1.0
966587,201900008118,3,20,17:35,1,2,1,1.0,3.0,94068,FOUR (R DU),M,"48,8115600","2,4706300",94,2019,50.0,2.0,1.0,4.0,2160530,1.0,1,1,1,1.0,,-1.0,0,1991.0,B01,138Â 291Â 297,1.0,0.0,-1.0,1649649,1.0,33,,0.0,2.0,8.0,A01,138Â 291Â 298,1.0
966587,201900008118,3,20,17:35,1,2,1,1.0,3.0,94068,FOUR (R DU),M,"48,8115600","2,4706300",94,2019,50.0,2.0,1.0,4.0,2160531,1.0,1,4,1,5.0,,-1.0,0,1999.0,A01,138Â 291Â 298,2.0,6.0,-1.0,1649648,1.0,7,,0.0,2.0,8.0,B01,138Â 291Â 297,1.0
966587,201900008118,3,20,17:35,1,2,1,1.0,3.0,94068,FOUR (R DU),M,"48,8115600","2,4706300",94,2019,50.0,2.0,1.0,4.0,2160531,1.0,1,4,1,5.0,,-1.0,0,1999.0,A01,138Â 291Â 298,2.0,6.0,-1.0,1649649,1.0,33,,0.0,2.0,8.0,A01,138Â 291Â 298,1.0
966588,201900008119,3,20,09:00,1,2,2,1.0,3.0,94068,DENFERT ROCHEREAU (AV),M,"48,7872900","2,5055300",94,2019,50.0,1.0,1.0,4.0,2160532,1.0,1,4,2,0.0,,-1.0,0,1967.0,A01,138Â 291Â 295,1.0,0.0,-1.0,1649650,3.0,7,,0.0,2.0,7.0,A01,138Â 291Â 295,1.0
966588,201900008119,3,20,09:00,1,2,2,1.0,3.0,94068,DENFERT ROCHEREAU (AV),M,"48,7872900","2,5055300",94,2019,50.0,1.0,1.0,4.0,2160532,1.0,1,4,2,0.0,,-1.0,0,1967.0,A01,138Â 291Â 295,1.0,0.0,-1.0,1649651,0.0,7,,0.0,2.0,1.0,B01,138Â 291Â 296,1.0
966588,201900008119,3,20,09:00,1,2,2,1.0,3.0,94068,DENFERT ROCHEREAU (AV),M,"48,7872900","2,5055300",94,2019,50.0,1.0,1.0,4.0,2160533,1.0,1,4,2,1.0,,-1.0,0,1974.0,B01,138Â 291Â 296,1.0,0.0,-1.0,1649650,3.0,7,,0.0,2.0,7.0,A01,138Â 291Â 295,1.0
966588,201900008119,3,20,09:00,1,2,2,1.0,3.0,94068,DENFERT ROCHEREAU (AV),M,"48,7872900","2,5055300",94,2019,50.0,1.0,1.0,4.0,2160533,1.0,1,4,2,1.0,,-1.0,0,1974.0,B01,138Â 291Â 296,1.0,0.0,-1.0,1649651,0.0,7,,0.0,2.0,1.0,B01,138Â 291Â 296,1.0
966589,201900008120,3,20,08:40,1,2,4,1.0,6.0,94068,REPUBLIQUE (AV DE LA),M,"48,8025500","2,4860400",94,2019,30.0,2.0,2.0,4.0,2160534,1.0,1,1,1,0.0,,0.0,0,1987.0,A01,138Â 291Â 294,1.0,0.0,-1.0,1649652,1.0,3,,0.0,1.0,1.0,A01,138Â 291Â 294,1.0
966589,201900008120,3,20,08:40,1,2,4,1.0,6.0,94068,REPUBLIQUE (AV DE LA),M,"48,8025500","2,4860400",94,2019,30.0,2.0,2.0,4.0,2160535,10.0,3,4,2,1.0,,3.0,3,1970.0,A01,138Â 291Â 294,8.0,0.0,-1.0,1649652,1.0,3,,0.0,1.0,1.0,A01,138Â 291Â 294,1.0
966590,201900008121,1,25,18:35,5,2,1,2.0,6.0,94068,GOUVERNEUR GENERAL BINGER (AV DU),M,"48,8000000","2,4800000",94,2019,50.0,1.0,2.0,4.0,2160536,10.0,3,4,1,9.0,,3.0,3,1985.0,A01,138Â 291Â 293,8.0,0.0,-1.0,1649653,1.0,10,,0.0,1.0,1.0,A01,138Â 291Â 293,0.0
966590,201900008121,1,25,18:35,5,2,1,2.0,6.0,94068,GOUVERNEUR GENERAL BINGER (AV DU),M,"48,8000000","2,4800000",94,2019,50.0,1.0,2.0,4.0,2160537,1.0,1,1,1,9.0,,0.0,0,1993.0,A01,138Â 291Â 293,1.0,0.0,-1.0,1649653,1.0,10,,0.0,1.0,1.0,A01,138Â 291Â 293,0.0
966591,201900008122,3,25,07:20,1,2,3,1.0,6.0,94052,STRASBOURG (BD DE),M,"48,8373461","2,4769644",94,2019,50.0,1.0,1.0,3.0,2160538,1.0,1,1,1,4.0,,-1.0,0,1960.0,A01,138Â 291Â 292,1.0,0.0,-1.0,1649654,2.0,7,,0.0,1.0,3.0,A01,138Â 291Â 292,1.0
966591,201900008122,3,25,07:20,1,2,3,1.0,6.0,94052,STRASBOURG (BD DE),M,"48,8373461","2,4769644",94,2019,50.0,1.0,1.0,3.0,2160539,10.0,3,4,1,5.0,,2.0,3,1942.0,A01,138Â 291Â 292,8.0,0.0,-1.0,1649654,2.0,7,,0.0,1.0,3.0,A01,138Â 291Â 292,1.0
966592,201900008123,3,21,18:50,1,2,1,1.0,6.0,94003,PAUL SIGNAC (R),M,"48,8016200","2,3299300",94,2019,50.0,2.0,1.0,4.0,2160540,1.0,1,1,1,2.0,,-1.0, -1,1982.0,A01,138Â 291Â 291,1.0,8.0,-1.0,1649655,2.0,7,,15.0,0.0,2.0,A01,138Â 291Â 291,0.0
966592,201900008123,3,21,18:50,1,2,1,1.0,6.0,94003,PAUL SIGNAC (R),M,"48,8016200","2,3299300",94,2019,50.0,2.0,1.0,4.0,2160541,2.0,2,3,1,2.0,,-1.0, -1,2011.0,A01,138Â 291Â 291,8.0,0.0,-1.0,1649655,2.0,7,,15.0,0.0,2.0,A01,138Â 291Â 291,0.0
966593,201900008124,3,21,20:00,5,2,1,1.0,7.0,94016,PRESIDENT WILSON (AV DU),M,"48,7922800","2,3291300",94,2019,50.0,1.0,1.0,3.0,2160542,1.0,1,4,1,0.0,,-1.0, -1,1997.0,A01,138Â 291Â 290,8.0,0.0,-1.0,1649656,1.0,30,,0.0,0.0,8.0,A01,138Â 291Â 290,0.0
966594,201900008125,3,21,17:00,1,2,1,1.0,6.0,94041,MARCEL HARTMANN (R),M,"48,8064200","2,3856900",94,2019,50.0,1.0,1.0,4.0,2160543,10.0,3,4,2,0.0,,3.0,3,1950.0,A01,138Â 291Â 289,0.0,0.0,0.0,1649657,1.0,33,,0.0,1.0,1.0,A01,138Â 291Â 289,1.0
966594,201900008125,3,21,17:00,1,2,1,1.0,6.0,94041,MARCEL HARTMANN (R),M,"48,8064200","2,3856900",94,2019,50.0,1.0,1.0,4.0,2160544,1.0,1,1,1,1.0,,0.0,0,1970.0,A01,138Â 291Â 289,2.0,6.0,-1.0,1649657,1.0,33,,0.0,1.0,1.0,A01,138Â 291Â 289,1.0
966595,201900008126,3,21,09:05,1,2,1,1.0,1.0,94041,HENRI MARTIN (R),M,"48,8066200","2,3742000",94,2019,50.0,1.0,1.0,4.0,2160545,1.0,1,1,1,4.0,,0.0,0,1986.0,B01,138Â 291Â 287,1.0,0.0,-1.0,1649658,1.0,7,,0.0,2.0,8.0,B01,138Â 291Â 287,1.0
966595,201900008126,3,21,09:05,1,2,1,1.0,1.0,94041,HENRI MARTIN (R),M,"48,8066200","2,3742000",94,2019,50.0,1.0,1.0,4.0,2160545,1.0,1,1,1,4.0,,0.0,0,1986.0,B01,138Â 291Â 287,1.0,0.0,-1.0,1649659,1.0,34,,0.0,1.0,1.0,A01,138Â 291Â 288,0.0
966595,201900008126,3,21,09:05,1,2,1,1.0,1.0,94041,HENRI MARTIN (R),M,"48,8066200","2,3742000",94,2019,50.0,1.0,1.0,4.0,2160546,10.0,3,4,2,2.0,,2.0,3,2005.0,A01,138Â 291Â 288,8.0,0.0,-1.0,1649658,1.0,7,,0.0,2.0,8.0,B01,138Â 291Â 287,1.0
966595,201900008126,3,21,09:05,1,2,1,1.0,1.0,94041,HENRI MARTIN (R),M,"48,8066200","2,3742000",94,2019,50.0,1.0,1.0,4.0,2160546,10.0,3,4,2,2.0,,2.0,3,2005.0,A01,138Â 291Â 288,8.0,0.0,-1.0,1649659,1.0,34,,0.0,1.0,1.0,A01,138Â 291Â 288,0.0
966595,201900008126,3,21,09:05,1,2,1,1.0,1.0,94041,HENRI MARTIN (R),M,"48,8066200","2,3742000",94,2019,50.0,1.0,1.0,4.0,2160547,1.0,1,1,1,1.0,,0.0,0,1974.0,A01,138Â 291Â 288,2.0,0.0,-1.0,1649658,1.0,7,,0.0,2.0,8.0,B01,138Â 291Â 287,1.0
966595,201900008126,3,21,09:05,1,2,1,1.0,1.0,94041,HENRI MARTIN (R),M,"48,8066200","2,3742000",94,2019,50.0,1.0,1.0,4.0,2160547,1.0,1,1,1,1.0,,0.0,0,1974.0,A01,138Â 291Â 288,2.0,0.0,-1.0,1649659,1.0,34,,0.0,1.0,1.0,A01,138Â 291Â 288,0.0
966596,201900008127,3,21,20:00,5,2,1,1.0,7.0,94073,FONTAINEBLEAU (AV DE),M,"48,7622000","2,3685000",94,2019,50.0,1.0,1.0,3.0,2160548,1.0,1,2,1,0.0,,-1.0,0,1993.0,A01,138Â 291Â 286,2.0,6.0,-1.0,1649660,2.0,33,,12.0,0.0,1.0,A01,138Â 291Â 286,1.0
966597,201900008128,3,20,08:20,1,2,9,1.0,3.0,94073,REGNAULT LEROY (R),M,"48,7627200","2,3915120",94,2019,30.0,2.0,1.0,4.0,2160549,1.0,1,1,2,5.0,,-1.0,0,1971.0,B01,138Â 291Â 284,1.0,8.0,-1.0,1649661,3.0,7,,14.0,0.0,3.0,B01,138Â 291Â 284,1.0
966597,201900008128,3,20,08:20,1,2,9,1.0,3.0,94073,REGNAULT LEROY (R),M,"48,7627200","2,3915120",94,2019,30.0,2.0,1.0,4.0,2160549,1.0,1,1,2,5.0,,-1.0,0,1971.0,B01,138Â 291Â 284,1.0,8.0,-1.0,1649662,3.0,33,,0.0,2.0,7.0,A01,138Â 291Â 285,1.0
966597,201900008128,3,20,08:20,1,2,9,1.0,3.0,94073,REGNAULT LEROY (R),M,"48,7627200","2,3915120",94,2019,30.0,2.0,1.0,4.0,2160550,1.0,1,4,1,1.0,,-1.0,0,1994.0,A01,138Â 291Â 285,2.0,8.0,-1.0,1649661,3.0,7,,14.0,0.0,3.0,B01,138Â 291Â 284,1.0
966597,201900008128,3,20,08:20,1,2,9,1.0,3.0,94073,REGNAULT LEROY (R),M,"48,7627200","2,3915120",94,2019,30.0,2.0,1.0,4.0,2160550,1.0,1,4,1,1.0,,-1.0,0,1994.0,A01,138Â 291Â 285,2.0,8.0,-1.0,1649662,3.0,33,,0.0,2.0,7.0,A01,138Â 291Â 285,1.0
966598,201900008129,3,21,07:55,1,2,3,1.0,6.0,94033,NEUILLY (AV DE),M,"48,8475000","2,4880000",94,2019,50.0,-1.0,1.0,3.0,2160551,10.0,3,4,2,2.0,,4.0,3,1997.0,A01,138Â 291Â 283,0.0,-1.0,-1.0,1649663,3.0,7,,0.0,1.0,3.0,A01,138Â 291Â 283,1.0
966598,201900008129,3,21,07:55,1,2,3,1.0,6.0,94033,NEUILLY (AV DE),M,"48,8475000","2,4880000",94,2019,50.0,-1.0,1.0,3.0,2160552,1.0,1,1,2,1.0,,-1.0, -1,1973.0,A01,138Â 291Â 283,1.0,0.0,-1.0,1649663,3.0,7,,0.0,1.0,3.0,A01,138Â 291Â 283,1.0
966599,201900008130,3,21,18:30,5,2,1,1.0,5.0,94011,PORT AUTONOME.,M,"48,7800000","2,4900000",94,2019,50.0,1.0,1.0,9.0,2160553,5.0,2,3,1,9.0,,0.0,0,1983.0,A01,138Â 291Â 280,2.0,0.0,-1.0,1649664,3.0,33,,0.0,2.0,7.0,A01,138Â 291Â 280,0.0
966599,201900008130,3,21,18:30,5,2,1,1.0,5.0,94011,PORT AUTONOME.,M,"48,7800000","2,4900000",94,2019,50.0,1.0,1.0,9.0,2160553,5.0,2,3,1,9.0,,0.0,0,1983.0,A01,138Â 291Â 280,2.0,0.0,-1.0,1649665,1.0,7,,0.0,2.0,3.0,C01,138Â 291Â 281,0.0
966599,201900008130,3,21,18:30,5,2,1,1.0,5.0,94011,PORT AUTONOME.,M,"48,7800000","2,4900000",94,2019,50.0,1.0,1.0,9.0,2160553,5.0,2,3,1,9.0,,0.0,0,1983.0,A01,138Â 291Â 280,2.0,0.0,-1.0,1649666,3.0,7,,0.0,2.0,0.0,B01,138Â 291Â 282,0.0
966599,201900008130,3,21,18:30,5,2,1,1.0,5.0,94011,PORT AUTONOME.,M,"48,7800000","2,4900000",94,2019,50.0,1.0,1.0,9.0,2160554,1.0,1,1,1,0.0,,-1.0,0,1996.0,C01,138Â 291Â 281,1.0,0.0,-1.0,1649664,3.0,33,,0.0,2.0,7.0,A01,138Â 291Â 280,0.0
966599,201900008130,3,21,18:30,5,2,1,1.0,5.0,94011,PORT AUTONOME.,M,"48,7800000","2,4900000",94,2019,50.0,1.0,1.0,9.0,2160554,1.0,1,1,1,0.0,,-1.0,0,1996.0,C01,138Â 291Â 281,1.0,0.0,-1.0,1649665,1.0,7,,0.0,2.0,3.0,C01,138Â 291Â 281,0.0
966599,201900008130,3,21,18:30,5,2,1,1.0,5.0,94011,PORT AUTONOME.,M,"48,7800000","2,4900000",94,2019,50.0,1.0,1.0,9.0,2160554,1.0,1,1,1,0.0,,-1.0,0,1996.0,C01,138Â 291Â 281,1.0,0.0,-1.0,1649666,3.0,7,,0.0,2.0,0.0,B01,138Â 291Â 282,0.0
966599,201900008130,3,21,18:30,5,2,1,1.0,5.0,94011,PORT AUTONOME.,M,"48,7800000","2,4900000",94,2019,50.0,1.0,1.0,9.0,2160555,1.0,1,1,1,9.0,,-1.0,0,1992.0,B01,138Â 291Â 282,1.0,0.0,-1.0,1649664,3.0,33,,0.0,2.0,7.0,A01,138Â 291Â 280,0.0
966599,201900008130,3,21,18:30,5,2,1,1.0,5.0,94011,PORT AUTONOME.,M,"48,7800000","2,4900000",94,2019,50.0,1.0,1.0,9.0,2160555,1.0,1,1,1,9.0,,-1.0,0,1992.0,B01,138Â 291Â 282,1.0,0.0,-1.0,1649665,1.0,7,,0.0,2.0,3.0,C01,138Â 291Â 281,0.0
966599,201900008130,3,21,18:30,5,2,1,1.0,5.0,94011,PORT AUTONOME.,M,"48,7800000","2,4900000",94,2019,50.0,1.0,1.0,9.0,2160555,1.0,1,1,1,9.0,,-1.0,0,1992.0,B01,138Â 291Â 282,1.0,0.0,-1.0,1649666,3.0,7,,0.0,2.0,0.0,B01,138Â 291Â 282,0.0
966600,201900008131,3,21,08:35,1,2,9,1.0,1.0,94028,KENNEDY.(BOULEVARD JOHN),M,"48,7749400","2,4636700",94,2019,50.0,1.0,1.0,4.0,2160556,3.0,2,4,2,2.0,,-1.0,0,2013.0,A01,138Â 291Â 278,1.0,0.0,-1.0,1649667,1.0,7,,0.0,2.0,1.0,A01,138Â 291Â 278,1.0
966600,201900008131,3,21,08:35,1,2,9,1.0,1.0,94028,KENNEDY.(BOULEVARD JOHN),M,"48,7749400","2,4636700",94,2019,50.0,1.0,1.0,4.0,2160556,3.0,2,4,2,2.0,,-1.0,0,2013.0,A01,138Â 291Â 278,1.0,0.0,-1.0,1649668,2.0,7,,0.0,2.0,1.0,B01,138Â 291Â 279,1.0
966600,201900008131,3,21,08:35,1,2,9,1.0,1.0,94028,KENNEDY.(BOULEVARD JOHN),M,"48,7749400","2,4636700",94,2019,50.0,1.0,1.0,4.0,2160557,1.0,1,1,2,2.0,,-1.0,0,1991.0,A01,138Â 291Â 278,1.0,0.0,-1.0,1649667,1.0,7,,0.0,2.0,1.0,A01,138Â 291Â 278,1.0
966600,201900008131,3,21,08:35,1,2,9,1.0,1.0,94028,KENNEDY.(BOULEVARD JOHN),M,"48,7749400","2,4636700",94,2019,50.0,1.0,1.0,4.0,2160557,1.0,1,1,2,2.0,,-1.0,0,1991.0,A01,138Â 291Â 278,1.0,0.0,-1.0,1649668,2.0,7,,0.0,2.0,1.0,B01,138Â 291Â 279,1.0
966600,201900008131,3,21,08:35,1,2,9,1.0,1.0,94028,KENNEDY.(BOULEVARD JOHN),M,"48,7749400","2,4636700",94,2019,50.0,1.0,1.0,4.0,2160558,1.0,1,1,1,2.0,,-1.0,0,1968.0,B01,138Â 291Â 279,1.0,0.0,-1.0,1649667,1.0,7,,0.0,2.0,1.0,A01,138Â 291Â 278,1.0
966600,201900008131,3,21,08:35,1,2,9,1.0,1.0,94028,KENNEDY.(BOULEVARD JOHN),M,"48,7749400","2,4636700",94,2019,50.0,1.0,1.0,4.0,2160558,1.0,1,1,1,2.0,,-1.0,0,1968.0,B01,138Â 291Â 279,1.0,0.0,-1.0,1649668,2.0,7,,0.0,2.0,1.0,B01,138Â 291Â 279,1.0
966601,201900008132,3,25,17:15,1,2,1,1.0,2.0,94060,GENERAL LECLERC (R DU),M,"48,7850000","2,5800000",94,2019,50.0,1.0,1.0,4.0,2160559,5.0,2,1,2,0.0,,-1.0, -1,1981.0,A01,138Â 291Â 276,1.0,0.0,-1.0,1649669,2.0,7,,0.0,2.0,5.0,A01,138Â 291Â 276,1.0
966601,201900008132,3,25,17:15,1,2,1,1.0,2.0,94060,GENERAL LECLERC (R DU),M,"48,7850000","2,5800000",94,2019,50.0,1.0,1.0,4.0,2160559,5.0,2,1,2,0.0,,-1.0, -1,1981.0,A01,138Â 291Â 276,1.0,0.0,-1.0,1649670,2.0,1,,0.0,2.0,1.0,B01,138Â 291Â 277,5.0
966601,201900008132,3,25,17:15,1,2,1,1.0,2.0,94060,GENERAL LECLERC (R DU),M,"48,7850000","2,5800000",94,2019,50.0,1.0,1.0,4.0,2160560,1.0,1,1,1,1.0,,-1.0, -1,1980.0,A01,138Â 291Â 276,1.0,0.0,-1.0,1649669,2.0,7,,0.0,2.0,5.0,A01,138Â 291Â 276,1.0
966601,201900008132,3,25,17:15,1,2,1,1.0,2.0,94060,GENERAL LECLERC (R DU),M,"48,7850000","2,5800000",94,2019,50.0,1.0,1.0,4.0,2160560,1.0,1,1,1,1.0,,-1.0, -1,1980.0,A01,138Â 291Â 276,1.0,0.0,-1.0,1649670,2.0,1,,0.0,2.0,1.0,B01,138Â 291Â 277,5.0
966601,201900008132,3,25,17:15,1,2,1,1.0,2.0,94060,GENERAL LECLERC (R DU),M,"48,7850000","2,5800000",94,2019,50.0,1.0,1.0,4.0,2160561,1.0,1,4,1,0.0,,-1.0, -1,1980.0,B01,138Â 291Â 277,2.0,0.0,-1.0,1649669,2.0,7,,0.0,2.0,5.0,A01,138Â 291Â 276,1.0
966601,201900008132,3,25,17:15,1,2,1,1.0,2.0,94060,GENERAL LECLERC (R DU),M,"48,7850000","2,5800000",94,2019,50.0,1.0,1.0,4.0,2160561,1.0,1,4,1,0.0,,-1.0, -1,1980.0,B01,138Â 291Â 277,2.0,0.0,-1.0,1649670,2.0,1,,0.0,2.0,1.0,B01,138Â 291Â 277,5.0
966602,201900008133,3,22,19:50,5,2,1,1.0,7.0,94079,JEAN JAURES (R),M,"48,8272900","2,5306100",94,2019,50.0,1.0,1.0,4.0,2160562,1.0,1,4,1,0.0,,-1.0, -1,1984.0,A01,138Â 291Â 275,1.0,0.0,-1.0,1649671,1.0,7,,0.0,2.0,1.0,A01,138Â 291Â 275,6.0
966603,201900008134,3,22,13:55,1,2,2,1.0,3.0,94059,MAURICE BERTEAUX (AV),M,"48,8102400","2,5665200",94,2019,50.0,1.0,1.0,3.0,2160563,2.0,2,4,2,0.0,,-1.0,0,1962.0,B01,138Â 291Â 273,2.0,0.0,-1.0,1649672,1.0,34,,0.0,2.0,2.0,B01,138Â 291Â 273,1.0
966603,201900008134,3,22,13:55,1,2,2,1.0,3.0,94059,MAURICE BERTEAUX (AV),M,"48,8102400","2,5665200",94,2019,50.0,1.0,1.0,3.0,2160563,2.0,2,4,2,0.0,,-1.0,0,1962.0,B01,138Â 291Â 273,2.0,0.0,-1.0,1649673,2.0,7,,0.0,2.0,3.0,A01,138Â 291Â 274,1.0
966603,201900008134,3,22,13:55,1,2,2,1.0,3.0,94059,MAURICE BERTEAUX (AV),M,"48,8102400","2,5665200",94,2019,50.0,1.0,1.0,3.0,2160564,1.0,1,1,1,5.0,,-1.0,0,1962.0,B01,138Â 291Â 273,2.0,6.0,-1.0,1649672,1.0,34,,0.0,2.0,2.0,B01,138Â 291Â 273,1.0
966603,201900008134,3,22,13:55,1,2,2,1.0,3.0,94059,MAURICE BERTEAUX (AV),M,"48,8102400","2,5665200",94,2019,50.0,1.0,1.0,3.0,2160564,1.0,1,1,1,5.0,,-1.0,0,1962.0,B01,138Â 291Â 273,2.0,6.0,-1.0,1649673,2.0,7,,0.0,2.0,3.0,A01,138Â 291Â 274,1.0
966603,201900008134,3,22,13:55,1,2,2,1.0,3.0,94059,MAURICE BERTEAUX (AV),M,"48,8102400","2,5665200",94,2019,50.0,1.0,1.0,3.0,2160565,1.0,1,1,1,9.0,,-1.0,0,1997.0,A01,138Â 291Â 274,1.0,0.0,-1.0,1649672,1.0,34,,0.0,2.0,2.0,B01,138Â 291Â 273,1.0
966603,201900008134,3,22,13:55,1,2,2,1.0,3.0,94059,MAURICE BERTEAUX (AV),M,"48,8102400","2,5665200",94,2019,50.0,1.0,1.0,3.0,2160565,1.0,1,1,1,9.0,,-1.0,0,1997.0,A01,138Â 291Â 274,1.0,0.0,-1.0,1649673,2.0,7,,0.0,2.0,3.0,A01,138Â 291Â 274,1.0
966604,201900008135,3,21,19:30,5,2,1,1.0,6.0,94019,PONT (R DU),M,"48,7902100","2,5241400",94,2019,50.0,1.0,1.0,4.0,2160566,1.0,1,4,1,5.0,,-1.0, -1,1998.0,A01,138Â 291Â 272,2.0,8.0,-1.0,1649674,1.0,33,,1.0,0.0,1.0,A01,138Â 291Â 272,1.0
966605,201900008136,3,21,20:35,5,2,1,1.0,3.0,94079,FRIEDBERG (BD DE),M,"48,8321000","2,5423500",94,2019,50.0,1.0,1.0,3.0,2160567,2.0,2,1,2,0.0,,-1.0, -1,1981.0,B01,138Â 291Â 270,1.0,0.0,-1.0,1649675,1.0,7,,0.0,2.0,1.0,B01,138Â 291Â 270,0.0
966605,201900008136,3,21,20:35,5,2,1,1.0,3.0,94079,FRIEDBERG (BD DE),M,"48,8321000","2,5423500",94,2019,50.0,1.0,1.0,3.0,2160567,2.0,2,1,2,0.0,,-1.0, -1,1981.0,B01,138Â 291Â 270,1.0,0.0,-1.0,1649676,1.0,33,,0.0,2.0,8.0,A01,138Â 291Â 271,0.0
966605,201900008136,3,21,20:35,5,2,1,1.0,3.0,94079,FRIEDBERG (BD DE),M,"48,8321000","2,5423500",94,2019,50.0,1.0,1.0,3.0,2160568,1.0,1,1,1,0.0,,-1.0, -1,1988.0,B01,138Â 291Â 270,1.0,0.0,-1.0,1649675,1.0,7,,0.0,2.0,1.0,B01,138Â 291Â 270,0.0
966605,201900008136,3,21,20:35,5,2,1,1.0,3.0,94079,FRIEDBERG (BD DE),M,"48,8321000","2,5423500",94,2019,50.0,1.0,1.0,3.0,2160568,1.0,1,1,1,0.0,,-1.0, -1,1988.0,B01,138Â 291Â 270,1.0,0.0,-1.0,1649676,1.0,33,,0.0,2.0,8.0,A01,138Â 291Â 271,0.0
966605,201900008136,3,21,20:35,5,2,1,1.0,3.0,94079,FRIEDBERG (BD DE),M,"48,8321000","2,5423500",94,2019,50.0,1.0,1.0,3.0,2160569,1.0,1,2,1,0.0,,-1.0, -1,1988.0,A01,138Â 291Â 271,2.0,0.0,-1.0,1649675,1.0,7,,0.0,2.0,1.0,B01,138Â 291Â 270,0.0
966605,201900008136,3,21,20:35,5,2,1,1.0,3.0,94079,FRIEDBERG (BD DE),M,"48,8321000","2,5423500",94,2019,50.0,1.0,1.0,3.0,2160569,1.0,1,2,1,0.0,,-1.0, -1,1988.0,A01,138Â 291Â 271,2.0,0.0,-1.0,1649676,1.0,33,,0.0,2.0,8.0,A01,138Â 291Â 271,0.0
966606,201900008137,3,20,20:15,5,2,1,9.0,6.0,94018,GRAVELLE (AV DE),M,"48,8265000","2,4075000",94,2019,30.0,1.0,1.0,4.0,2160570,1.0,1,3,1,0.0,,-1.0,0,1966.0,A01,138Â 291Â 269,2.0,8.0,-1.0,1649677,1.0,30,,0.0,1.0,2.0,A01,138Â 291Â 269,0.0