Unnamed: 0_x,num_acc,mois,jour,hrmn,lum,agg,int,atm,col,com,adr,gps,lat,long,dep,annee,vma,situ,surf,catr,Unnamed: 0_y,place,catu,grav,sexe,trajet,secu,locp,actp,an_nais,num_veh_x,id_vehicule_x,secu1,secu2,secu3,Unnamed: 0,senc,catv,occutc,obs,obsm,choc,num_veh_y,id_vehicule_y,motor
966606,201900008137,3,20,20:15,5,2,1,9.0,6.0,94018,GRAVELLE (AV DE),M,"48,8265000","2,4075000",94,2019,30.0,1.0,1.0,4.0,2160571,10.0,3,4,1,9.0,,4.0,5,1969.0,A01,138Â 291Â 269,8.0,0.0,-1.0,1649677,1.0,30,,0.0,1.0,2.0,A01,138Â 291Â 269,0.0
966607,201900008138,3,22,02:45,5,2,1,1.0,7.0,94017,BERNAU (R DE),M,"48,8168480","2,5339940",94,2019,50.0,1.0,1.0,4.0,2160572,2.0,2,4,2,0.0,,-1.0, -1,1998.0,Z01,138Â 291Â 268,1.0,5.0,-1.0,1649678,0.0,0,,0.0,2.0,1.0,Z01,138Â 291Â 268,0.0
966607,201900008138,3,22,02:45,5,2,1,1.0,7.0,94017,BERNAU (R DE),M,"48,8168480","2,5339940",94,2019,50.0,1.0,1.0,4.0,2160573,4.0,2,4,2,0.0,,-1.0,0,1995.0,Z01,138Â 291Â 268,1.0,5.0,-1.0,1649678,0.0,0,,0.0,2.0,1.0,Z01,138Â 291Â 268,0.0
966608,201900008139,3,23,15:40,1,1,1,1.0,2.0,94075,MARECHAL DE LATTRE DE TASSIGNY (AV),M,"48,7273409","2,5319409",94,2019,50.0,1.0,1.0,2.0,2160574,1.0,1,1,1,0.0,,-1.0, -1,1980.0,B01,138Â 291Â 266,1.0,8.0,-1.0,1649679,0.0,7,,0.0,2.0,5.0,B01,138Â 291Â 266,0.0
966608,201900008139,3,23,15:40,1,1,1,1.0,2.0,94075,MARECHAL DE LATTRE DE TASSIGNY (AV),M,"48,7273409","2,5319409",94,2019,50.0,1.0,1.0,2.0,2160574,1.0,1,1,1,0.0,,-1.0, -1,1980.0,B01,138Â 291Â 266,1.0,8.0,-1.0,1649680,0.0,33,,0.0,2.0,3.0,A01,138Â 291Â 267,0.0
966608,201900008139,3,23,15:40,1,1,1,1.0,2.0,94075,MARECHAL DE LATTRE DE TASSIGNY (AV),M,"48,7273409","2,5319409",94,2019,50.0,1.0,1.0,2.0,2160575,1.0,1,4,1,5.0,,-1.0, -1,1974.0,A01,138Â 291Â 267,2.0,6.0,-1.0,1649679,0.0,7,,0.0,2.0,5.0,B01,138Â 291Â 266,0.0
966608,201900008139,3,23,15:40,1,1,1,1.0,2.0,94075,MARECHAL DE LATTRE DE TASSIGNY (AV),M,"48,7273409","2,5319409",94,2019,50.0,1.0,1.0,2.0,2160575,1.0,1,4,1,5.0,,-1.0, -1,1974.0,A01,138Â 291Â 267,2.0,6.0,-1.0,1649680,0.0,33,,0.0,2.0,3.0,A01,138Â 291Â 267,0.0
966609,201900008140,3,23,21:30,5,2,2,1.0,3.0,93078,CLEMENCEAU (AVENUE GEORGES),M,"48,9581500","2,5584300",93,2019,50.0,1.0,1.0,3.0,2160576,2.0,2,4,2,0.0,,-1.0, -1,1995.0,B01,138Â 291Â 264,1.0,0.0,-1.0,1649681,0.0,7,,0.0,0.0,2.0,B01,138Â 291Â 264,0.0
966609,201900008140,3,23,21:30,5,2,2,1.0,3.0,93078,CLEMENCEAU (AVENUE GEORGES),M,"48,9581500","2,5584300",93,2019,50.0,1.0,1.0,3.0,2160576,2.0,2,4,2,0.0,,-1.0, -1,1995.0,B01,138Â 291Â 264,1.0,0.0,-1.0,1649682,0.0,7,,0.0,2.0,1.0,A01,138Â 291Â 265,0.0
966609,201900008140,3,23,21:30,5,2,2,1.0,3.0,93078,CLEMENCEAU (AVENUE GEORGES),M,"48,9581500","2,5584300",93,2019,50.0,1.0,1.0,3.0,2160577,1.0,1,1,1,0.0,,-1.0, -1,1990.0,B01,138Â 291Â 264,1.0,0.0,-1.0,1649681,0.0,7,,0.0,0.0,2.0,B01,138Â 291Â 264,0.0
966609,201900008140,3,23,21:30,5,2,2,1.0,3.0,93078,CLEMENCEAU (AVENUE GEORGES),M,"48,9581500","2,5584300",93,2019,50.0,1.0,1.0,3.0,2160577,1.0,1,1,1,0.0,,-1.0, -1,1990.0,B01,138Â 291Â 264,1.0,0.0,-1.0,1649682,0.0,7,,0.0,2.0,1.0,A01,138Â 291Â 265,0.0
966609,201900008140,3,23,21:30,5,2,2,1.0,3.0,93078,CLEMENCEAU (AVENUE GEORGES),M,"48,9581500","2,5584300",93,2019,50.0,1.0,1.0,3.0,2160578,1.0,1,4,1,0.0,,-1.0, -1,1998.0,A01,138Â 291Â 265,1.0,0.0,-1.0,1649681,0.0,7,,0.0,0.0,2.0,B01,138Â 291Â 264,0.0
966609,201900008140,3,23,21:30,5,2,2,1.0,3.0,93078,CLEMENCEAU (AVENUE GEORGES),M,"48,9581500","2,5584300",93,2019,50.0,1.0,1.0,3.0,2160578,1.0,1,4,1,0.0,,-1.0, -1,1998.0,A01,138Â 291Â 265,1.0,0.0,-1.0,1649682,0.0,7,,0.0,2.0,1.0,A01,138Â 291Â 265,0.0
966610,201900008141,3,20,13:20,1,2,1,1.0,6.0,93078,BALLANGER (BD ROBERT),M,"48,9543800","2,5354300",93,2019,50.0,2.0,1.0,3.0,2160579,1.0,1,1,1,0.0,,0.0,0,1965.0,A01,138Â 291Â 263,8.0,0.0,-1.0,1649683,2.0,7,,1.0,1.0,2.0,A01,138Â 291Â 263,1.0
966610,201900008141,3,20,13:20,1,2,1,1.0,6.0,93078,BALLANGER (BD ROBERT),M,"48,9543800","2,5354300",93,2019,50.0,2.0,1.0,3.0,2160580,10.0,3,4,2,2.0,,2.0,3,2004.0,A01,138Â 291Â 263,8.0,0.0,-1.0,1649683,2.0,7,,1.0,1.0,2.0,A01,138Â 291Â 263,1.0
966611,201900008142,3,24,11:05,1,2,3,1.0,6.0,93005,BONDY (ROUTE DE),M,"48,9279760","2,4924340",93,2019,50.0,1.0,1.0,4.0,2160581,1.0,1,1,2,9.0,,0.0,0,1962.0,A01,138Â 291Â 262,1.0,8.0,-1.0,1649684,0.0,7,,0.0,1.0,1.0,A01,138Â 291Â 262,0.0
966611,201900008142,3,24,11:05,1,2,3,1.0,6.0,93005,BONDY (ROUTE DE),M,"48,9279760","2,4924340",93,2019,50.0,1.0,1.0,4.0,2160582,10.0,3,4,1,3.0,,3.0,3,1988.0,A01,138Â 291Â 262,8.0,0.0,-1.0,1649684,0.0,7,,0.0,1.0,1.0,A01,138Â 291Â 262,0.0
966612,201900008143,3,22,22:15,3,2,9,1.0,7.0,93071,HENRI BECQUEREL (RUE),M,"48,9453380","2,5274840",93,2019,30.0,1.0,1.0,6.0,2160583,10.0,3,3,1,0.0,,9.0,B,1999.0,A01,138Â 291Â 261,8.0,0.0,-1.0,1649685,0.0,7,,0.0,0.0,0.0,A01,138Â 291Â 261,0.0
966612,201900008143,3,22,22:15,3,2,9,1.0,7.0,93071,HENRI BECQUEREL (RUE),M,"48,9453380","2,5274840",93,2019,30.0,1.0,1.0,6.0,2160584,1.0,1,1,1,9.0,,-1.0, -1,1999.0,A01,138Â 291Â 261,1.0,0.0,-1.0,1649685,0.0,7,,0.0,0.0,0.0,A01,138Â 291Â 261,0.0
966613,201900008144,3,25,16:40,1,2,1,1.0,6.0,93066,FAURE FELIX (BOULEVARD),M,"48,9389080","2,3607970",93,2019,30.0,1.0,1.0,4.0,2160585,10.0,3,4,1,2.0,,3.0,3,2010.0,A01,138Â 291Â 260,8.0,0.0,-1.0,1649686,1.0,31,,0.0,1.0,1.0,A01,138Â 291Â 260,1.0
966614,201900008145,3,25,09:03,1,2,2,1.0,5.0,93066,GENERAL DE GAULLE,M,"48,9257700","2,3646600",93,2019,50.0,1.0,1.0,3.0,2160586,1.0,1,3,1,0.0,,-1.0, -1,1982.0,B01,138Â 291Â 257,2.0,0.0,-1.0,1649687,2.0,33,,0.0,2.0,3.0,B01,138Â 291Â 257,1.0
966614,201900008145,3,25,09:03,1,2,2,1.0,5.0,93066,GENERAL DE GAULLE,M,"48,9257700","2,3646600",93,2019,50.0,1.0,1.0,3.0,2160586,1.0,1,3,1,0.0,,-1.0, -1,1982.0,B01,138Â 291Â 257,2.0,0.0,-1.0,1649688,1.0,10,,0.0,2.0,2.0,C01,138Â 291Â 258,1.0
966614,201900008145,3,25,09:03,1,2,2,1.0,5.0,93066,GENERAL DE GAULLE,M,"48,9257700","2,3646600",93,2019,50.0,1.0,1.0,3.0,2160586,1.0,1,3,1,0.0,,-1.0, -1,1982.0,B01,138Â 291Â 257,2.0,0.0,-1.0,1649689,1.0,10,,0.0,2.0,3.0,A01,138Â 291Â 259,1.0
966614,201900008145,3,25,09:03,1,2,2,1.0,5.0,93066,GENERAL DE GAULLE,M,"48,9257700","2,3646600",93,2019,50.0,1.0,1.0,3.0,2160587,1.0,1,1,1,0.0,,-1.0, -1,1986.0,C01,138Â 291Â 258,1.0,0.0,-1.0,1649687,2.0,33,,0.0,2.0,3.0,B01,138Â 291Â 257,1.0
966614,201900008145,3,25,09:03,1,2,2,1.0,5.0,93066,GENERAL DE GAULLE,M,"48,9257700","2,3646600",93,2019,50.0,1.0,1.0,3.0,2160587,1.0,1,1,1,0.0,,-1.0, -1,1986.0,C01,138Â 291Â 258,1.0,0.0,-1.0,1649688,1.0,10,,0.0,2.0,2.0,C01,138Â 291Â 258,1.0
966614,201900008145,3,25,09:03,1,2,2,1.0,5.0,93066,GENERAL DE GAULLE,M,"48,9257700","2,3646600",93,2019,50.0,1.0,1.0,3.0,2160587,1.0,1,1,1,0.0,,-1.0, -1,1986.0,C01,138Â 291Â 258,1.0,0.0,-1.0,1649689,1.0,10,,0.0,2.0,3.0,A01,138Â 291Â 259,1.0
966614,201900008145,3,25,09:03,1,2,2,1.0,5.0,93066,GENERAL DE GAULLE,M,"48,9257700","2,3646600",93,2019,50.0,1.0,1.0,3.0,2160588,1.0,1,1,2,0.0,,-1.0, -1,1992.0,A01,138Â 291Â 259,1.0,8.0,-1.0,1649687,2.0,33,,0.0,2.0,3.0,B01,138Â 291Â 257,1.0
966614,201900008145,3,25,09:03,1,2,2,1.0,5.0,93066,GENERAL DE GAULLE,M,"48,9257700","2,3646600",93,2019,50.0,1.0,1.0,3.0,2160588,1.0,1,1,2,0.0,,-1.0, -1,1992.0,A01,138Â 291Â 259,1.0,8.0,-1.0,1649688,1.0,10,,0.0,2.0,2.0,C01,138Â 291Â 258,1.0
966614,201900008145,3,25,09:03,1,2,2,1.0,5.0,93066,GENERAL DE GAULLE,M,"48,9257700","2,3646600",93,2019,50.0,1.0,1.0,3.0,2160588,1.0,1,1,2,0.0,,-1.0, -1,1992.0,A01,138Â 291Â 259,1.0,8.0,-1.0,1649689,1.0,10,,0.0,2.0,3.0,A01,138Â 291Â 259,1.0
966615,201900008146,3,24,16:00,1,2,1,1.0,3.0,93066,LIBERATION RD14 (BOULEVARD),M,"48,9272100","2,3416100",93,2019,50.0,1.0,1.0,3.0,2160589,1.0,1,4,1,0.0,,-1.0, -1,1965.0,A01,138Â 291Â 255,2.0,0.0,-1.0,1649690,2.0,30,,0.0,2.0,1.0,A01,138Â 291Â 255,0.0
966615,201900008146,3,24,16:00,1,2,1,1.0,3.0,93066,LIBERATION RD14 (BOULEVARD),M,"48,9272100","2,3416100",93,2019,50.0,1.0,1.0,3.0,2160589,1.0,1,4,1,0.0,,-1.0, -1,1965.0,A01,138Â 291Â 255,2.0,0.0,-1.0,1649691,2.0,7,,0.0,6.0,8.0,B01,138Â 291Â 256,1.0
966615,201900008146,3,24,16:00,1,2,1,1.0,3.0,93066,LIBERATION RD14 (BOULEVARD),M,"48,9272100","2,3416100",93,2019,50.0,1.0,1.0,3.0,2160590,1.0,1,1,1,0.0,,-1.0, -1,1983.0,B01,138Â 291Â 256,1.0,0.0,-1.0,1649690,2.0,30,,0.0,2.0,1.0,A01,138Â 291Â 255,0.0
966615,201900008146,3,24,16:00,1,2,1,1.0,3.0,93066,LIBERATION RD14 (BOULEVARD),M,"48,9272100","2,3416100",93,2019,50.0,1.0,1.0,3.0,2160590,1.0,1,1,1,0.0,,-1.0, -1,1983.0,B01,138Â 291Â 256,1.0,0.0,-1.0,1649691,2.0,7,,0.0,6.0,8.0,B01,138Â 291Â 256,1.0
966616,201900008147,3,25,18:52,2,2,1,1.0,6.0,93064,LISBONNE (RUE DE),M,"48,8815630","2,4700220",93,2019,50.0,1.0,1.0,4.0,2160591,1.0,1,1,1,0.0,,0.0,0,1998.0,A01,138Â 291Â 254,1.0,8.0,-1.0,1649692,0.0,7,,0.0,1.0,7.0,A01,138Â 291Â 254,1.0
966616,201900008147,3,25,18:52,2,2,1,1.0,6.0,93064,LISBONNE (RUE DE),M,"48,8815630","2,4700220",93,2019,50.0,1.0,1.0,4.0,2160592,10.0,3,3,2,5.0,,2.0,5,2008.0,A01,138Â 291Â 254,8.0,0.0,-1.0,1649692,0.0,7,,0.0,1.0,7.0,A01,138Â 291Â 254,1.0
966617,201900008148,3,20,12:30,1,2,1,1.0,6.0,93062,RESISTANCE (AVENUE DE LA),M,"48,8943700","2,5135100",93,2019,50.0,1.0,1.0,3.0,2160593,1.0,1,1,2,5.0,,-1.0, -1,1950.0,A01,138Â 291Â 253,8.0,0.0,-1.0,1649693,1.0,7,,0.0,1.0,2.0,A01,138Â 291Â 253,0.0
966617,201900008148,3,20,12:30,1,2,1,1.0,6.0,93062,RESISTANCE (AVENUE DE LA),M,"48,8943700","2,5135100",93,2019,50.0,1.0,1.0,3.0,2160594,10.0,3,4,1,3.0,,3.0,3,1951.0,A01,138Â 291Â 253,8.0,0.0,-1.0,1649693,1.0,7,,0.0,1.0,2.0,A01,138Â 291Â 253,0.0
966618,201900008149,3,23,08:15,1,2,1,5.0,3.0,93055,CARTIER BRESSON DU 1/39.2/44,M,"48,9032600","2,3957600",93,2019,50.0,1.0,1.0,4.0,2160595,1.0,1,3,1,0.0,,-1.0, -1,1994.0,B01,138Â 291Â 251,2.0,0.0,-1.0,1649694,2.0,30,,0.0,2.0,4.0,B01,138Â 291Â 251,0.0
966618,201900008149,3,23,08:15,1,2,1,5.0,3.0,93055,CARTIER BRESSON DU 1/39.2/44,M,"48,9032600","2,3957600",93,2019,50.0,1.0,1.0,4.0,2160595,1.0,1,3,1,0.0,,-1.0, -1,1994.0,B01,138Â 291Â 251,2.0,0.0,-1.0,1649695,2.0,7,,0.0,2.0,2.0,A01,138Â 291Â 252,0.0
966618,201900008149,3,23,08:15,1,2,1,5.0,3.0,93055,CARTIER BRESSON DU 1/39.2/44,M,"48,9032600","2,3957600",93,2019,50.0,1.0,1.0,4.0,2160596,1.0,1,1,1,0.0,,-1.0, -1,1995.0,A01,138Â 291Â 252,1.0,0.0,-1.0,1649694,2.0,30,,0.0,2.0,4.0,B01,138Â 291Â 251,0.0
966618,201900008149,3,23,08:15,1,2,1,5.0,3.0,93055,CARTIER BRESSON DU 1/39.2/44,M,"48,9032600","2,3957600",93,2019,50.0,1.0,1.0,4.0,2160596,1.0,1,1,1,0.0,,-1.0, -1,1995.0,A01,138Â 291Â 252,1.0,0.0,-1.0,1649695,2.0,7,,0.0,2.0,2.0,A01,138Â 291Â 252,0.0
966619,201900008150,3,22,22:33,5,2,2,1.0,6.0,93055,JEAN LOLIVE (AVENUE)(1/55 2/60),M,"48,8912000","2,4028200",93,2019,50.0,1.0,1.0,3.0,2160597,10.0,3,3,2,0.0,,4.0,3,2005.0,A01,138Â 291Â 250,8.0,0.0,-1.0,1649696,1.0,32,,0.0,1.0,1.0,A01,138Â 291Â 250,1.0
966619,201900008150,3,22,22:33,5,2,2,1.0,6.0,93055,JEAN LOLIVE (AVENUE)(1/55 2/60),M,"48,8912000","2,4028200",93,2019,50.0,1.0,1.0,3.0,2160598,10.0,3,3,1,5.0,,4.0,3,2007.0,A01,138Â 291Â 250,8.0,0.0,-1.0,1649696,1.0,32,,0.0,1.0,1.0,A01,138Â 291Â 250,1.0
966619,201900008150,3,22,22:33,5,2,2,1.0,6.0,93055,JEAN LOLIVE (AVENUE)(1/55 2/60),M,"48,8912000","2,4028200",93,2019,50.0,1.0,1.0,3.0,2160599,1.0,1,1,1,5.0,,-1.0, -1,1994.0,A01,138Â 291Â 250,2.0,6.0,-1.0,1649696,1.0,32,,0.0,1.0,1.0,A01,138Â 291Â 250,1.0
966620,201900008151,3,21,14:45,1,2,1,1.0,2.0,93053,VAILLANT COUTURIER (RUE),M,"48,8923900","2,4418100",93,2019,50.0,1.0,1.0,3.0,2160600,1.0,1,4,1,9.0,,-1.0, -1,1947.0,A01,138Â 291Â 248,1.0,0.0,-1.0,1649697,2.0,7,,0.0,2.0,4.0,A01,138Â 291Â 248,0.0
966620,201900008151,3,21,14:45,1,2,1,1.0,2.0,93053,VAILLANT COUTURIER (RUE),M,"48,8923900","2,4418100",93,2019,50.0,1.0,1.0,3.0,2160600,1.0,1,4,1,9.0,,-1.0, -1,1947.0,A01,138Â 291Â 248,1.0,0.0,-1.0,1649698,1.0,7,,0.0,2.0,1.0,B01,138Â 291Â 249,6.0
966620,201900008151,3,21,14:45,1,2,1,1.0,2.0,93053,VAILLANT COUTURIER (RUE),M,"48,8923900","2,4418100",93,2019,50.0,1.0,1.0,3.0,2160601,1.0,1,1,1,1.0,,-1.0, -1,1980.0,B01,138Â 291Â 249,1.0,0.0,-1.0,1649697,2.0,7,,0.0,2.0,4.0,A01,138Â 291Â 248,0.0
966620,201900008151,3,21,14:45,1,2,1,1.0,2.0,93053,VAILLANT COUTURIER (RUE),M,"48,8923900","2,4418100",93,2019,50.0,1.0,1.0,3.0,2160601,1.0,1,1,1,1.0,,-1.0, -1,1980.0,B01,138Â 291Â 249,1.0,0.0,-1.0,1649698,1.0,7,,0.0,2.0,1.0,B01,138Â 291Â 249,6.0
966621,201900008152,1,26,18:30,5,2,9,2.0,3.0,93053,PARIS (RUE DE),M,"48,9009980","2,4558520",93,2019,50.0,1.0,2.0,3.0,2160602,2.0,2,4,2,5.0,,-1.0, -1,1998.0,A01,138Â 291Â 246,1.0,0.0,-1.0,1649699,1.0,7,,0.0,2.0,1.0,A01,138Â 291Â 246,0.0
966621,201900008152,1,26,18:30,5,2,9,2.0,3.0,93053,PARIS (RUE DE),M,"48,9009980","2,4558520",93,2019,50.0,1.0,2.0,3.0,2160602,2.0,2,4,2,5.0,,-1.0, -1,1998.0,A01,138Â 291Â 246,1.0,0.0,-1.0,1649700,0.0,7,,0.0,2.0,2.0,B01,138Â 291Â 247,0.0
966621,201900008152,1,26,18:30,5,2,9,2.0,3.0,93053,PARIS (RUE DE),M,"48,9009980","2,4558520",93,2019,50.0,1.0,2.0,3.0,2160603,1.0,1,1,1,5.0,,-1.0, -1,1991.0,A01,138Â 291Â 246,1.0,7.0,-1.0,1649699,1.0,7,,0.0,2.0,1.0,A01,138Â 291Â 246,0.0
966621,201900008152,1,26,18:30,5,2,9,2.0,3.0,93053,PARIS (RUE DE),M,"48,9009980","2,4558520",93,2019,50.0,1.0,2.0,3.0,2160603,1.0,1,1,1,5.0,,-1.0, -1,1991.0,A01,138Â 291Â 246,1.0,7.0,-1.0,1649700,0.0,7,,0.0,2.0,2.0,B01,138Â 291Â 247,0.0
966621,201900008152,1,26,18:30,5,2,9,2.0,3.0,93053,PARIS (RUE DE),M,"48,9009980","2,4558520",93,2019,50.0,1.0,2.0,3.0,2160604,1.0,1,4,1,4.0,,-1.0, -1,1993.0,B01,138Â 291Â 247,1.0,0.0,-1.0,1649699,1.0,7,,0.0,2.0,1.0,A01,138Â 291Â 246,0.0
966621,201900008152,1,26,18:30,5,2,9,2.0,3.0,93053,PARIS (RUE DE),M,"48,9009980","2,4558520",93,2019,50.0,1.0,2.0,3.0,2160604,1.0,1,4,1,4.0,,-1.0, -1,1993.0,B01,138Â 291Â 247,1.0,0.0,-1.0,1649700,0.0,7,,0.0,2.0,2.0,B01,138Â 291Â 247,0.0
966621,201900008152,1,26,18:30,5,2,9,2.0,3.0,93053,PARIS (RUE DE),M,"48,9009980","2,4558520",93,2019,50.0,1.0,2.0,3.0,2160605,2.0,2,4,1,4.0,,-1.0, -1,1988.0,B01,138Â 291Â 247,1.0,0.0,-1.0,1649699,1.0,7,,0.0,2.0,1.0,A01,138Â 291Â 246,0.0
966621,201900008152,1,26,18:30,5,2,9,2.0,3.0,93053,PARIS (RUE DE),M,"48,9009980","2,4558520",93,2019,50.0,1.0,2.0,3.0,2160605,2.0,2,4,1,4.0,,-1.0, -1,1988.0,B01,138Â 291Â 247,1.0,0.0,-1.0,1649700,0.0,7,,0.0,2.0,2.0,B01,138Â 291Â 247,0.0
966622,201900008153,3,22,14:35,1,2,1,1.0,2.0,93051,MONT D'EST (BD),M,"48,8387200","2,5428200",93,2019,50.0,1.0,1.0,3.0,2160606,1.0,1,4,1,5.0,,-1.0, -1,1972.0,A01,138Â 291Â 244,2.0,6.0,-1.0,1649701,1.0,33,,0.0,2.0,1.0,A01,138Â 291Â 244,1.0
966622,201900008153,3,22,14:35,1,2,1,1.0,2.0,93051,MONT D'EST (BD),M,"48,8387200","2,5428200",93,2019,50.0,1.0,1.0,3.0,2160606,1.0,1,4,1,5.0,,-1.0, -1,1972.0,A01,138Â 291Â 244,2.0,6.0,-1.0,1649702,1.0,7,,0.0,2.0,6.0,B01,138Â 291Â 245,1.0
966622,201900008153,3,22,14:35,1,2,1,1.0,2.0,93051,MONT D'EST (BD),M,"48,8387200","2,5428200",93,2019,50.0,1.0,1.0,3.0,2160607,1.0,1,1,2,5.0,,-1.0, -1,1947.0,B01,138Â 291Â 245,1.0,0.0,-1.0,1649701,1.0,33,,0.0,2.0,1.0,A01,138Â 291Â 244,1.0
966622,201900008153,3,22,14:35,1,2,1,1.0,2.0,93051,MONT D'EST (BD),M,"48,8387200","2,5428200",93,2019,50.0,1.0,1.0,3.0,2160607,1.0,1,1,2,5.0,,-1.0, -1,1947.0,B01,138Â 291Â 245,1.0,0.0,-1.0,1649702,1.0,7,,0.0,2.0,6.0,B01,138Â 291Â 245,1.0
966623,201900008154,3,21,16:50,1,2,6,1.0,3.0,93051,VICTOR BASCH (AVENUE),M,"48,8413300","2,5596600",93,2019,50.0,1.0,1.0,4.0,2160608,1.0,1,4,1,1.0,,0.0,0,1971.0,B01,138Â 291Â 242,8.0,0.0,-1.0,1649703,2.0,1,,0.0,2.0,1.0,B01,138Â 291Â 242,5.0
966623,201900008154,3,21,16:50,1,2,6,1.0,3.0,93051,VICTOR BASCH (AVENUE),M,"48,8413300","2,5596600",93,2019,50.0,1.0,1.0,4.0,2160608,1.0,1,4,1,1.0,,0.0,0,1971.0,B01,138Â 291Â 242,8.0,0.0,-1.0,1649704,2.0,7,,0.0,6.0,3.0,A01,138Â 291Â 243,1.0
966623,201900008154,3,21,16:50,1,2,6,1.0,3.0,93051,VICTOR BASCH (AVENUE),M,"48,8413300","2,5596600",93,2019,50.0,1.0,1.0,4.0,2160609,1.0,1,1,2,5.0,,-1.0, -1,1949.0,A01,138Â 291Â 243,1.0,8.0,-1.0,1649703,2.0,1,,0.0,2.0,1.0,B01,138Â 291Â 242,5.0
966623,201900008154,3,21,16:50,1,2,6,1.0,3.0,93051,VICTOR BASCH (AVENUE),M,"48,8413300","2,5596600",93,2019,50.0,1.0,1.0,4.0,2160609,1.0,1,1,2,5.0,,-1.0, -1,1949.0,A01,138Â 291Â 243,1.0,8.0,-1.0,1649704,2.0,7,,0.0,6.0,3.0,A01,138Â 291Â 243,1.0
966624,201900008155,3,25,16:00,1,2,1,1.0,6.0,93050,HENRI BARBUSSE (PLACE) MONUMENT AUX MORT,M,"48,8577900","2,5260300",93,2019,50.0,1.0,1.0,4.0,2160610,2.0,2,4,1,5.0,,-1.0, -1,1994.0,A01,138Â 291Â 241,8.0,0.0,-1.0,1649705,3.0,7,,12.0,0.0,2.0,A01,138Â 291Â 241,1.0
966624,201900008155,3,25,16:00,1,2,1,1.0,6.0,93050,HENRI BARBUSSE (PLACE) MONUMENT AUX MORT,M,"48,8577900","2,5260300",93,2019,50.0,1.0,1.0,4.0,2160611,1.0,1,1,1,3.0,,-1.0, -1,1992.0,A01,138Â 291Â 241,1.0,0.0,-1.0,1649705,3.0,7,,12.0,0.0,2.0,A01,138Â 291Â 241,1.0
966625,201900008156,3,22,16:45,1,2,1,1.0,3.0,93050,PAUL ET CAMILLE THOMOUX (RUE) COTE PAIR,M,"48,8715700","2,5294500",93,2019,50.0,1.0,1.0,3.0,2160612,1.0,1,1,1,5.0,,-1.0, -1,1956.0,A01,138Â 291Â 239,1.0,0.0,-1.0,1649706,2.0,7,,1.0,0.0,6.0,A01,138Â 291Â 239,1.0
966625,201900008156,3,22,16:45,1,2,1,1.0,3.0,93050,PAUL ET CAMILLE THOMOUX (RUE) COTE PAIR,M,"48,8715700","2,5294500",93,2019,50.0,1.0,1.0,3.0,2160612,1.0,1,1,1,5.0,,-1.0, -1,1956.0,A01,138Â 291Â 239,1.0,0.0,-1.0,1649707,2.0,33,,0.0,2.0,1.0,B01,138Â 291Â 240,1.0
966625,201900008156,3,22,16:45,1,2,1,1.0,3.0,93050,PAUL ET CAMILLE THOMOUX (RUE) COTE PAIR,M,"48,8715700","2,5294500",93,2019,50.0,1.0,1.0,3.0,2160613,2.0,2,1,2,0.0,,-1.0, -1,1962.0,A01,138Â 291Â 239,1.0,0.0,-1.0,1649706,2.0,7,,1.0,0.0,6.0,A01,138Â 291Â 239,1.0
966625,201900008156,3,22,16:45,1,2,1,1.0,3.0,93050,PAUL ET CAMILLE THOMOUX (RUE) COTE PAIR,M,"48,8715700","2,5294500",93,2019,50.0,1.0,1.0,3.0,2160613,2.0,2,1,2,0.0,,-1.0, -1,1962.0,A01,138Â 291Â 239,1.0,0.0,-1.0,1649707,2.0,33,,0.0,2.0,1.0,B01,138Â 291Â 240,1.0
966625,201900008156,3,22,16:45,1,2,1,1.0,3.0,93050,PAUL ET CAMILLE THOMOUX (RUE) COTE PAIR,M,"48,8715700","2,5294500",93,2019,50.0,1.0,1.0,3.0,2160614,1.0,1,2,1,0.0,,-1.0, -1,1981.0,B01,138Â 291Â 240,2.0,8.0,-1.0,1649706,2.0,7,,1.0,0.0,6.0,A01,138Â 291Â 239,1.0
966625,201900008156,3,22,16:45,1,2,1,1.0,3.0,93050,PAUL ET CAMILLE THOMOUX (RUE) COTE PAIR,M,"48,8715700","2,5294500",93,2019,50.0,1.0,1.0,3.0,2160614,1.0,1,2,1,0.0,,-1.0, -1,1981.0,B01,138Â 291Â 240,2.0,8.0,-1.0,1649707,2.0,33,,0.0,2.0,1.0,B01,138Â 291Â 240,1.0
966626,201900008157,3,22,16:45,1,2,1,1.0,3.0,93050,LOUIS VANNINI (RUE),M,"48,8652700","2,5212000",93,2019,50.0,1.0,1.0,4.0,2160615,1.0,1,4,1,1.0,,-1.0, -1,1965.0,B01,138Â 291Â 237,2.0,6.0,-1.0,1649708,2.0,2,,0.0,2.0,7.0,B01,138Â 291Â 237,1.0
966626,201900008157,3,22,16:45,1,2,1,1.0,3.0,93050,LOUIS VANNINI (RUE),M,"48,8652700","2,5212000",93,2019,50.0,1.0,1.0,4.0,2160615,1.0,1,4,1,1.0,,-1.0, -1,1965.0,B01,138Â 291Â 237,2.0,6.0,-1.0,1649709,2.0,10,,0.0,2.0,8.0,A01,138Â 291Â 238,1.0
966626,201900008157,3,22,16:45,1,2,1,1.0,3.0,93050,LOUIS VANNINI (RUE),M,"48,8652700","2,5212000",93,2019,50.0,1.0,1.0,4.0,2160616,1.0,1,1,1,1.0,,-1.0, -1,1972.0,A01,138Â 291Â 238,1.0,0.0,-1.0,1649708,2.0,2,,0.0,2.0,7.0,B01,138Â 291Â 237,1.0