Unnamed: 0_x,num_acc,mois,jour,hrmn,lum,agg,int,atm,col,com,adr,gps,lat,long,dep,annee,vma,situ,surf,catr,Unnamed: 0_y,place,catu,grav,sexe,trajet,secu,locp,actp,an_nais,num_veh_x,id_vehicule_x,secu1,secu2,secu3,Unnamed: 0,senc,catv,occutc,obs,obsm,choc,num_veh_y,id_vehicule_y,motor
966626,201900008157,3,22,16:45,1,2,1,1.0,3.0,93050,LOUIS VANNINI (RUE),M,"48,8652700","2,5212000",93,2019,50.0,1.0,1.0,4.0,2160616,1.0,1,1,1,1.0,,-1.0, -1,1972.0,A01,138Â 291Â 238,1.0,0.0,-1.0,1649709,2.0,10,,0.0,2.0,8.0,A01,138Â 291Â 238,1.0
966626,201900008157,3,22,16:45,1,2,1,1.0,3.0,93050,LOUIS VANNINI (RUE),M,"48,8652700","2,5212000",93,2019,50.0,1.0,1.0,4.0,2160617,10.0,3,1,2,5.0,,5.0,9,1972.0,A01,138Â 291Â 238,8.0,0.0,-1.0,1649708,2.0,2,,0.0,2.0,7.0,B01,138Â 291Â 237,1.0
966626,201900008157,3,22,16:45,1,2,1,1.0,3.0,93050,LOUIS VANNINI (RUE),M,"48,8652700","2,5212000",93,2019,50.0,1.0,1.0,4.0,2160617,10.0,3,1,2,5.0,,5.0,9,1972.0,A01,138Â 291Â 238,8.0,0.0,-1.0,1649709,2.0,10,,0.0,2.0,8.0,A01,138Â 291Â 238,1.0
966627,201900008158,3,22,11:15,1,2,2,1.0,5.0,93050,ARISTIDE BRIAND (BOULEBARD),M,"48,8588900","2,5205300",93,2019,50.0,1.0,1.0,3.0,2160618,1.0,1,1,1,0.0,,-1.0, -1,1988.0,A01,138Â 291Â 234,8.0,5.0,-1.0,1649710,2.0,20,,0.0,2.0,1.0,A01,138Â 291Â 234,0.0
966627,201900008158,3,22,11:15,1,2,2,1.0,5.0,93050,ARISTIDE BRIAND (BOULEBARD),M,"48,8588900","2,5205300",93,2019,50.0,1.0,1.0,3.0,2160618,1.0,1,1,1,0.0,,-1.0, -1,1988.0,A01,138Â 291Â 234,8.0,5.0,-1.0,1649711,0.0,20,,0.0,2.0,1.0,B01,138Â 291Â 235,0.0
966627,201900008158,3,22,11:15,1,2,2,1.0,5.0,93050,ARISTIDE BRIAND (BOULEBARD),M,"48,8588900","2,5205300",93,2019,50.0,1.0,1.0,3.0,2160618,1.0,1,1,1,0.0,,-1.0, -1,1988.0,A01,138Â 291Â 234,8.0,5.0,-1.0,1649712,1.0,20,,0.0,2.0,3.0,C01,138Â 291Â 236,0.0
966627,201900008158,3,22,11:15,1,2,2,1.0,5.0,93050,ARISTIDE BRIAND (BOULEBARD),M,"48,8588900","2,5205300",93,2019,50.0,1.0,1.0,3.0,2160619,1.0,1,4,1,9.0,,-1.0, -1,1999.0,B01,138Â 291Â 235,8.0,0.0,-1.0,1649710,2.0,20,,0.0,2.0,1.0,A01,138Â 291Â 234,0.0
966627,201900008158,3,22,11:15,1,2,2,1.0,5.0,93050,ARISTIDE BRIAND (BOULEBARD),M,"48,8588900","2,5205300",93,2019,50.0,1.0,1.0,3.0,2160619,1.0,1,4,1,9.0,,-1.0, -1,1999.0,B01,138Â 291Â 235,8.0,0.0,-1.0,1649711,0.0,20,,0.0,2.0,1.0,B01,138Â 291Â 235,0.0
966627,201900008158,3,22,11:15,1,2,2,1.0,5.0,93050,ARISTIDE BRIAND (BOULEBARD),M,"48,8588900","2,5205300",93,2019,50.0,1.0,1.0,3.0,2160619,1.0,1,4,1,9.0,,-1.0, -1,1999.0,B01,138Â 291Â 235,8.0,0.0,-1.0,1649712,1.0,20,,0.0,2.0,3.0,C01,138Â 291Â 236,0.0
966627,201900008158,3,22,11:15,1,2,2,1.0,5.0,93050,ARISTIDE BRIAND (BOULEBARD),M,"48,8588900","2,5205300",93,2019,50.0,1.0,1.0,3.0,2160620,1.0,1,1,1,9.0,,-1.0, -1,1969.0,C01,138Â 291Â 236,8.0,0.0,-1.0,1649710,2.0,20,,0.0,2.0,1.0,A01,138Â 291Â 234,0.0
966627,201900008158,3,22,11:15,1,2,2,1.0,5.0,93050,ARISTIDE BRIAND (BOULEBARD),M,"48,8588900","2,5205300",93,2019,50.0,1.0,1.0,3.0,2160620,1.0,1,1,1,9.0,,-1.0, -1,1969.0,C01,138Â 291Â 236,8.0,0.0,-1.0,1649711,0.0,20,,0.0,2.0,1.0,B01,138Â 291Â 235,0.0
966627,201900008158,3,22,11:15,1,2,2,1.0,5.0,93050,ARISTIDE BRIAND (BOULEBARD),M,"48,8588900","2,5205300",93,2019,50.0,1.0,1.0,3.0,2160620,1.0,1,1,1,9.0,,-1.0, -1,1969.0,C01,138Â 291Â 236,8.0,0.0,-1.0,1649712,1.0,20,,0.0,2.0,3.0,C01,138Â 291Â 236,0.0
966628,201900008159,3,21,21:10,5,2,1,1.0,4.0,93048,PARIS (RUE DE),M,"48,8563260","2,4263290",93,2019,30.0,1.0,1.0,3.0,2160621,1.0,1,3,1,0.0,,-1.0,0,1985.0,B01,138Â 291Â 231,2.0,8.0,-1.0,1649713,2.0,32,,1.0,0.0,2.0,B01,138Â 291Â 231,0.0
966628,201900008159,3,21,21:10,5,2,1,1.0,4.0,93048,PARIS (RUE DE),M,"48,8563260","2,4263290",93,2019,30.0,1.0,1.0,3.0,2160621,1.0,1,3,1,0.0,,-1.0,0,1985.0,B01,138Â 291Â 231,2.0,8.0,-1.0,1649714,2.0,99,,1.0,2.0,3.0,C01,138Â 291Â 232,0.0
966628,201900008159,3,21,21:10,5,2,1,1.0,4.0,93048,PARIS (RUE DE),M,"48,8563260","2,4263290",93,2019,30.0,1.0,1.0,3.0,2160621,1.0,1,3,1,0.0,,-1.0,0,1985.0,B01,138Â 291Â 231,2.0,8.0,-1.0,1649715,0.0,99,,0.0,2.0,0.0,A01,138Â 291Â 233,-1.0
966628,201900008159,3,21,21:10,5,2,1,1.0,4.0,93048,PARIS (RUE DE),M,"48,8563260","2,4263290",93,2019,30.0,1.0,1.0,3.0,2160622,1.0,1,1,2,0.0,,-1.0,0,1988.0,C01,138Â 291Â 232,1.0,0.0,-1.0,1649713,2.0,32,,1.0,0.0,2.0,B01,138Â 291Â 231,0.0
966628,201900008159,3,21,21:10,5,2,1,1.0,4.0,93048,PARIS (RUE DE),M,"48,8563260","2,4263290",93,2019,30.0,1.0,1.0,3.0,2160622,1.0,1,1,2,0.0,,-1.0,0,1988.0,C01,138Â 291Â 232,1.0,0.0,-1.0,1649714,2.0,99,,1.0,2.0,3.0,C01,138Â 291Â 232,0.0
966628,201900008159,3,21,21:10,5,2,1,1.0,4.0,93048,PARIS (RUE DE),M,"48,8563260","2,4263290",93,2019,30.0,1.0,1.0,3.0,2160622,1.0,1,1,2,0.0,,-1.0,0,1988.0,C01,138Â 291Â 232,1.0,0.0,-1.0,1649715,0.0,99,,0.0,2.0,0.0,A01,138Â 291Â 233,-1.0
966628,201900008159,3,21,21:10,5,2,1,1.0,4.0,93048,PARIS (RUE DE),M,"48,8563260","2,4263290",93,2019,30.0,1.0,1.0,3.0,2160623,1.0,1,1,2,3.0,,-1.0,0,1983.0,A01,138Â 291Â 233,1.0,0.0,-1.0,1649713,2.0,32,,1.0,0.0,2.0,B01,138Â 291Â 231,0.0
966628,201900008159,3,21,21:10,5,2,1,1.0,4.0,93048,PARIS (RUE DE),M,"48,8563260","2,4263290",93,2019,30.0,1.0,1.0,3.0,2160623,1.0,1,1,2,3.0,,-1.0,0,1983.0,A01,138Â 291Â 233,1.0,0.0,-1.0,1649714,2.0,99,,1.0,2.0,3.0,C01,138Â 291Â 232,0.0
966628,201900008159,3,21,21:10,5,2,1,1.0,4.0,93048,PARIS (RUE DE),M,"48,8563260","2,4263290",93,2019,30.0,1.0,1.0,3.0,2160623,1.0,1,1,2,3.0,,-1.0,0,1983.0,A01,138Â 291Â 233,1.0,0.0,-1.0,1649715,0.0,99,,0.0,2.0,0.0,A01,138Â 291Â 233,-1.0
966629,201900008160,3,21,17:20,1,2,6,1.0,6.0,93046,EUROPE BOULEVARD DE L',M,"48,9267500","2,5509800",93,2019,50.0,1.0,1.0,3.0,2160624,1.0,1,1,2,1.0,,0.0,0,1991.0,A01,138Â 291Â 230,1.0,0.0,-1.0,1649716,1.0,10,,0.0,1.0,1.0,A01,138Â 291Â 230,1.0
966629,201900008160,3,21,17:20,1,2,6,1.0,6.0,93046,EUROPE BOULEVARD DE L',M,"48,9267500","2,5509800",93,2019,50.0,1.0,1.0,3.0,2160625,10.0,3,4,1,0.0,,1.0,3,2016.0,A01,138Â 291Â 230,8.0,0.0,-1.0,1649716,1.0,10,,0.0,1.0,1.0,A01,138Â 291Â 230,1.0
966630,201900008161,3,21,11:35,1,2,1,1.0,6.0,93046,HENRI BARBUSSE ALLEE,M,"48,9577700","2,5730000",93,2019,50.0,1.0,1.0,3.0,2160626,1.0,1,1,2,0.0,,-1.0, -1,1989.0,A01,138Â 291Â 229,1.0,0.0,-1.0,1649717,2.0,7,,0.0,1.0,1.0,A01,138Â 291Â 229,1.0
966630,201900008161,3,21,11:35,1,2,1,1.0,6.0,93046,HENRI BARBUSSE ALLEE,M,"48,9577700","2,5730000",93,2019,50.0,1.0,1.0,3.0,2160627,10.0,3,4,1,0.0,,2.0,3,2003.0,A01,138Â 291Â 229,8.0,0.0,-1.0,1649717,2.0,7,,0.0,1.0,1.0,A01,138Â 291Â 229,1.0
966631,201900008162,3,20,12:45,1,2,1,1.0,3.0,93046,VAUBAN AVENUE,M,"48,9171500","2,5225200",93,2019,50.0,1.0,1.0,4.0,2160628,1.0,1,4,1,0.0,,-1.0, -1,1977.0,A01,138Â 291Â 227,1.0,0.0,-1.0,1649718,1.0,7,,0.0,2.0,7.0,A01,138Â 291Â 227,1.0
966631,201900008162,3,20,12:45,1,2,1,1.0,3.0,93046,VAUBAN AVENUE,M,"48,9171500","2,5225200",93,2019,50.0,1.0,1.0,4.0,2160628,1.0,1,4,1,0.0,,-1.0, -1,1977.0,A01,138Â 291Â 227,1.0,0.0,-1.0,1649719,2.0,33,,0.0,2.0,1.0,B01,138Â 291Â 228,0.0
966631,201900008162,3,20,12:45,1,2,1,1.0,3.0,93046,VAUBAN AVENUE,M,"48,9171500","2,5225200",93,2019,50.0,1.0,1.0,4.0,2160629,2.0,2,4,2,0.0,,-1.0, -1,1977.0,A01,138Â 291Â 227,1.0,0.0,-1.0,1649718,1.0,7,,0.0,2.0,7.0,A01,138Â 291Â 227,1.0
966631,201900008162,3,20,12:45,1,2,1,1.0,3.0,93046,VAUBAN AVENUE,M,"48,9171500","2,5225200",93,2019,50.0,1.0,1.0,4.0,2160629,2.0,2,4,2,0.0,,-1.0, -1,1977.0,A01,138Â 291Â 227,1.0,0.0,-1.0,1649719,2.0,33,,0.0,2.0,1.0,B01,138Â 291Â 228,0.0
966631,201900008162,3,20,12:45,1,2,1,1.0,3.0,93046,VAUBAN AVENUE,M,"48,9171500","2,5225200",93,2019,50.0,1.0,1.0,4.0,2160630,3.0,2,4,1,0.0,,-1.0, -1,2014.0,A01,138Â 291Â 227,1.0,0.0,-1.0,1649718,1.0,7,,0.0,2.0,7.0,A01,138Â 291Â 227,1.0
966631,201900008162,3,20,12:45,1,2,1,1.0,3.0,93046,VAUBAN AVENUE,M,"48,9171500","2,5225200",93,2019,50.0,1.0,1.0,4.0,2160630,3.0,2,4,1,0.0,,-1.0, -1,2014.0,A01,138Â 291Â 227,1.0,0.0,-1.0,1649719,2.0,33,,0.0,2.0,1.0,B01,138Â 291Â 228,0.0
966631,201900008162,3,20,12:45,1,2,1,1.0,3.0,93046,VAUBAN AVENUE,M,"48,9171500","2,5225200",93,2019,50.0,1.0,1.0,4.0,2160631,4.0,2,4,2,0.0,,-1.0, -1,2013.0,A01,138Â 291Â 227,1.0,0.0,-1.0,1649718,1.0,7,,0.0,2.0,7.0,A01,138Â 291Â 227,1.0
966631,201900008162,3,20,12:45,1,2,1,1.0,3.0,93046,VAUBAN AVENUE,M,"48,9171500","2,5225200",93,2019,50.0,1.0,1.0,4.0,2160631,4.0,2,4,2,0.0,,-1.0, -1,2013.0,A01,138Â 291Â 227,1.0,0.0,-1.0,1649719,2.0,33,,0.0,2.0,1.0,B01,138Â 291Â 228,0.0
966631,201900008162,3,20,12:45,1,2,1,1.0,3.0,93046,VAUBAN AVENUE,M,"48,9171500","2,5225200",93,2019,50.0,1.0,1.0,4.0,2160632,1.0,1,4,1,0.0,,-1.0, -1,1965.0,B01,138Â 291Â 228,2.0,0.0,-1.0,1649718,1.0,7,,0.0,2.0,7.0,A01,138Â 291Â 227,1.0
966631,201900008162,3,20,12:45,1,2,1,1.0,3.0,93046,VAUBAN AVENUE,M,"48,9171500","2,5225200",93,2019,50.0,1.0,1.0,4.0,2160632,1.0,1,4,1,0.0,,-1.0, -1,1965.0,B01,138Â 291Â 228,2.0,0.0,-1.0,1649719,2.0,33,,0.0,2.0,1.0,B01,138Â 291Â 228,0.0
966632,201900008163,3,20,08:20,1,2,1,1.0,1.0,93006,REPUBLIQUE AVENUE DE LA,M,"48,8633280","2,4146260",93,2019,50.0,1.0,1.0,3.0,2160633,1.0,1,4,1,9.0,,0.0,0,1976.0,B01,138Â 291Â 225,2.0,6.0,-1.0,1649720,2.0,32,,0.0,2.0,1.0,B01,138Â 291Â 225,6.0
966632,201900008163,3,20,08:20,1,2,1,1.0,1.0,93006,REPUBLIQUE AVENUE DE LA,M,"48,8633280","2,4146260",93,2019,50.0,1.0,1.0,3.0,2160633,1.0,1,4,1,9.0,,0.0,0,1976.0,B01,138Â 291Â 225,2.0,6.0,-1.0,1649721,1.0,7,,0.0,2.0,1.0,A01,138Â 291Â 226,6.0
966632,201900008163,3,20,08:20,1,2,1,1.0,1.0,93006,REPUBLIQUE AVENUE DE LA,M,"48,8633280","2,4146260",93,2019,50.0,1.0,1.0,3.0,2160634,1.0,1,1,1,9.0,,0.0,0,1954.0,A01,138Â 291Â 226,1.0,0.0,-1.0,1649720,2.0,32,,0.0,2.0,1.0,B01,138Â 291Â 225,6.0
966632,201900008163,3,20,08:20,1,2,1,1.0,1.0,93006,REPUBLIQUE AVENUE DE LA,M,"48,8633280","2,4146260",93,2019,50.0,1.0,1.0,3.0,2160634,1.0,1,1,1,9.0,,0.0,0,1954.0,A01,138Â 291Â 226,1.0,0.0,-1.0,1649721,1.0,7,,0.0,2.0,1.0,A01,138Â 291Â 226,6.0
966633,201900008164,4,17,16:00,1,2,1,1.0,6.0,93032,SAINTE CLOTHILDE  (AVENUE),M,"48,8762600","2,5688800",93,2019,30.0,1.0,1.0,4.0,2160635,2.0,2,1,1,0.0,,-1.0, -1,2001.0,A01,138Â 291Â 224,1.0,8.0,-1.0,1649722,2.0,7,,1.0,0.0,9.0,A01,138Â 291Â 224,0.0
966633,201900008164,4,17,16:00,1,2,1,1.0,6.0,93032,SAINTE CLOTHILDE  (AVENUE),M,"48,8762600","2,5688800",93,2019,30.0,1.0,1.0,4.0,2160636,1.0,1,4,2,0.0,,-1.0, -1,1998.0,A01,138Â 291Â 224,1.0,8.0,-1.0,1649722,2.0,7,,1.0,0.0,9.0,A01,138Â 291Â 224,0.0
966634,201900008165,4,16,19:20,2,2,1,1.0,6.0,93032,JEAN JAURES (AVENUE),M,"48,8836100","2,5293600",93,2019,50.0,1.0,1.0,3.0,2160637,10.0,3,1,2,0.0,,2.0,3,1995.0,A01,138Â 291Â 223,0.0,0.0,-1.0,1649723,1.0,2,,0.0,1.0,1.0,A01,138Â 291Â 223,0.0
966634,201900008165,4,16,19:20,2,2,1,1.0,6.0,93032,JEAN JAURES (AVENUE),M,"48,8836100","2,5293600",93,2019,50.0,1.0,1.0,3.0,2160638,2.0,2,1,1,9.0,,-1.0, -1,2000.0,A01,138Â 291Â 223,2.0,8.0,-1.0,1649723,1.0,2,,0.0,1.0,1.0,A01,138Â 291Â 223,0.0
966634,201900008165,4,16,19:20,2,2,1,1.0,6.0,93032,JEAN JAURES (AVENUE),M,"48,8836100","2,5293600",93,2019,50.0,1.0,1.0,3.0,2160639,1.0,1,4,1,9.0,,-1.0, -1,2002.0,A01,138Â 291Â 223,2.0,8.0,-1.0,1649723,1.0,2,,0.0,1.0,1.0,A01,138Â 291Â 223,0.0
966635,201900008166,3,21,08:37,2,2,1,1.0,6.0,93032,ROSES   (AVENUE DES),M,"48,8951610","2,5437630",93,2019,50.0,1.0,1.0,4.0,2160640,10.0,3,4,1,2.0,,1.0,3,2013.0,A01,138Â 291Â 222,0.0,0.0,-1.0,1649724,1.0,7,,0.0,1.0,0.0,A01,138Â 291Â 222,0.0
966635,201900008166,3,21,08:37,2,2,1,1.0,6.0,93032,ROSES   (AVENUE DES),M,"48,8951610","2,5437630",93,2019,50.0,1.0,1.0,4.0,2160641,1.0,1,1,2,1.0,,-1.0, -1,1967.0,A01,138Â 291Â 222,1.0,8.0,-1.0,1649724,1.0,7,,0.0,1.0,0.0,A01,138Â 291Â 222,0.0
966636,201900008167,3,21,17:50,1,2,9,1.0,3.0,93031,DIX HUIT JUIN 1940 (AVENUE DU),M,"48,9529790","2,3073880",93,2019,50.0,1.0,1.0,3.0,2160642,1.0,1,4,1,5.0,,-1.0, -1,1962.0,A01,138Â 291Â 220,1.0,0.0,-1.0,1649725,1.0,3,,0.0,2.0,3.0,A01,138Â 291Â 220,6.0
966636,201900008167,3,21,17:50,1,2,9,1.0,3.0,93031,DIX HUIT JUIN 1940 (AVENUE DU),M,"48,9529790","2,3073880",93,2019,50.0,1.0,1.0,3.0,2160642,1.0,1,4,1,5.0,,-1.0, -1,1962.0,A01,138Â 291Â 220,1.0,0.0,-1.0,1649726,2.0,32,,0.0,2.0,3.0,B01,138Â 291Â 221,6.0
966636,201900008167,3,21,17:50,1,2,9,1.0,3.0,93031,DIX HUIT JUIN 1940 (AVENUE DU),M,"48,9529790","2,3073880",93,2019,50.0,1.0,1.0,3.0,2160643,1.0,1,4,1,9.0,,-1.0, -1,1989.0,B01,138Â 291Â 221,2.0,0.0,-1.0,1649725,1.0,3,,0.0,2.0,3.0,A01,138Â 291Â 220,6.0
966636,201900008167,3,21,17:50,1,2,9,1.0,3.0,93031,DIX HUIT JUIN 1940 (AVENUE DU),M,"48,9529790","2,3073880",93,2019,50.0,1.0,1.0,3.0,2160643,1.0,1,4,1,9.0,,-1.0, -1,1989.0,B01,138Â 291Â 221,2.0,0.0,-1.0,1649726,2.0,32,,0.0,2.0,3.0,B01,138Â 291Â 221,6.0
966637,201900008168,3,20,20:26,5,2,1,1.0,2.0,93031,PARIS (RUE DE),M,"48,9547800","2,3074700",93,2019,50.0,1.0,1.0,3.0,2160644,1.0,1,4,2,5.0,,-1.0, -1,1988.0,A01,138Â 291Â 218,1.0,0.0,-1.0,1649727,3.0,3,,0.0,2.0,6.0,A01,138Â 291Â 218,0.0
966637,201900008168,3,20,20:26,5,2,1,1.0,2.0,93031,PARIS (RUE DE),M,"48,9547800","2,3074700",93,2019,50.0,1.0,1.0,3.0,2160644,1.0,1,4,2,5.0,,-1.0, -1,1988.0,A01,138Â 291Â 218,1.0,0.0,-1.0,1649728,2.0,37,1.0,0.0,2.0,2.0,B01,138Â 291Â 219,0.0
966637,201900008168,3,20,20:26,5,2,1,1.0,2.0,93031,PARIS (RUE DE),M,"48,9547800","2,3074700",93,2019,50.0,1.0,1.0,3.0,2160645,1.0,1,1,1,9.0,,-1.0, -1,1988.0,B01,138Â 291Â 219,8.0,0.0,-1.0,1649727,3.0,3,,0.0,2.0,6.0,A01,138Â 291Â 218,0.0
966637,201900008168,3,20,20:26,5,2,1,1.0,2.0,93031,PARIS (RUE DE),M,"48,9547800","2,3074700",93,2019,50.0,1.0,1.0,3.0,2160645,1.0,1,1,1,9.0,,-1.0, -1,1988.0,B01,138Â 291Â 219,8.0,0.0,-1.0,1649728,2.0,37,1.0,0.0,2.0,2.0,B01,138Â 291Â 219,0.0
966638,201900008169,3,20,17:40,1,2,9,1.0,3.0,93031,JEAN JAURES (AVENUE),M,"48,9567720","2,3203490",93,2019,50.0,1.0,1.0,3.0,2160646,2.0,2,1,1,5.0,,-1.0, -1,1983.0,A01,138Â 291Â 216,1.0,0.0,-1.0,1649729,1.0,10,,0.0,2.0,3.0,A01,138Â 291Â 216,6.0
966638,201900008169,3,20,17:40,1,2,9,1.0,3.0,93031,JEAN JAURES (AVENUE),M,"48,9567720","2,3203490",93,2019,50.0,1.0,1.0,3.0,2160646,2.0,2,1,1,5.0,,-1.0, -1,1983.0,A01,138Â 291Â 216,1.0,0.0,-1.0,1649730,2.0,10,,0.0,1.0,3.0,B01,138Â 291Â 217,6.0
966638,201900008169,3,20,17:40,1,2,9,1.0,3.0,93031,JEAN JAURES (AVENUE),M,"48,9567720","2,3203490",93,2019,50.0,1.0,1.0,3.0,2160647,1.0,1,1,1,5.0,,-1.0, -1,1964.0,A01,138Â 291Â 216,1.0,0.0,-1.0,1649729,1.0,10,,0.0,2.0,3.0,A01,138Â 291Â 216,6.0
966638,201900008169,3,20,17:40,1,2,9,1.0,3.0,93031,JEAN JAURES (AVENUE),M,"48,9567720","2,3203490",93,2019,50.0,1.0,1.0,3.0,2160647,1.0,1,1,1,5.0,,-1.0, -1,1964.0,A01,138Â 291Â 216,1.0,0.0,-1.0,1649730,2.0,10,,0.0,1.0,3.0,B01,138Â 291Â 217,6.0
966638,201900008169,3,20,17:40,1,2,9,1.0,3.0,93031,JEAN JAURES (AVENUE),M,"48,9567720","2,3203490",93,2019,50.0,1.0,1.0,3.0,2160648,10.0,3,4,1,2.0,,2.0,5,2010.0,B01,138Â 291Â 217,8.0,0.0,-1.0,1649729,1.0,10,,0.0,2.0,3.0,A01,138Â 291Â 216,6.0
966638,201900008169,3,20,17:40,1,2,9,1.0,3.0,93031,JEAN JAURES (AVENUE),M,"48,9567720","2,3203490",93,2019,50.0,1.0,1.0,3.0,2160648,10.0,3,4,1,2.0,,2.0,5,2010.0,B01,138Â 291Â 217,8.0,0.0,-1.0,1649730,2.0,10,,0.0,1.0,3.0,B01,138Â 291Â 217,6.0
966638,201900008169,3,20,17:40,1,2,9,1.0,3.0,93031,JEAN JAURES (AVENUE),M,"48,9567720","2,3203490",93,2019,50.0,1.0,1.0,3.0,2160649,2.0,1,1,1,0.0,,-1.0, -1,1982.0,B01,138Â 291Â 217,1.0,0.0,-1.0,1649729,1.0,10,,0.0,2.0,3.0,A01,138Â 291Â 216,6.0
966638,201900008169,3,20,17:40,1,2,9,1.0,3.0,93031,JEAN JAURES (AVENUE),M,"48,9567720","2,3203490",93,2019,50.0,1.0,1.0,3.0,2160649,2.0,1,1,1,0.0,,-1.0, -1,1982.0,B01,138Â 291Â 217,1.0,0.0,-1.0,1649730,2.0,10,,0.0,1.0,3.0,B01,138Â 291Â 217,6.0
966639,201900008170,3,20,11:45,1,2,1,1.0,3.0,93031,DE LATTRE DE TASSIGNY (1 A 51),M,"48,9594600","2,3015400",93,2019,50.0,1.0,1.0,3.0,2160650,1.0,1,4,1,9.0,,-1.0, -1,1944.0,A01,138Â 291Â 214,1.0,0.0,-1.0,1649731,1.0,7,,0.0,0.0,8.0,A01,138Â 291Â 214,0.0
966639,201900008170,3,20,11:45,1,2,1,1.0,3.0,93031,DE LATTRE DE TASSIGNY (1 A 51),M,"48,9594600","2,3015400",93,2019,50.0,1.0,1.0,3.0,2160650,1.0,1,4,1,9.0,,-1.0, -1,1944.0,A01,138Â 291Â 214,1.0,0.0,-1.0,1649732,1.0,34,,0.0,0.0,2.0,B01,138Â 291Â 215,0.0
966639,201900008170,3,20,11:45,1,2,1,1.0,3.0,93031,DE LATTRE DE TASSIGNY (1 A 51),M,"48,9594600","2,3015400",93,2019,50.0,1.0,1.0,3.0,2160651,1.0,1,4,1,9.0,,-1.0, -1,1960.0,B01,138Â 291Â 215,2.0,0.0,-1.0,1649731,1.0,7,,0.0,0.0,8.0,A01,138Â 291Â 214,0.0
966639,201900008170,3,20,11:45,1,2,1,1.0,3.0,93031,DE LATTRE DE TASSIGNY (1 A 51),M,"48,9594600","2,3015400",93,2019,50.0,1.0,1.0,3.0,2160651,1.0,1,4,1,9.0,,-1.0, -1,1960.0,B01,138Â 291Â 215,2.0,0.0,-1.0,1649732,1.0,34,,0.0,0.0,2.0,B01,138Â 291Â 215,0.0
966640,201900008171,3,24,18:15,2,2,1,1.0,6.0,93008,BARBUSSE (AVENUE HENRI) A30,M,"48,9123300","2,4358300",93,2019,50.0,1.0,1.0,3.0,2160652,10.0,3,4,1,5.0,,2.0,3,2005.0,A01,138Â 291Â 213,0.0,-1.0,-1.0,1649733,3.0,33,,0.0,1.0,7.0,A01,138Â 291Â 213,1.0
966640,201900008171,3,24,18:15,2,2,1,1.0,6.0,93008,BARBUSSE (AVENUE HENRI) A30,M,"48,9123300","2,4358300",93,2019,50.0,1.0,1.0,3.0,2160653,1.0,1,1,1,5.0,,-1.0, -1,1959.0,A01,138Â 291Â 213,2.0,6.0,-1.0,1649733,3.0,33,,0.0,1.0,7.0,A01,138Â 291Â 213,1.0
966641,201900008172,3,21,05:45,5,2,1,1.0,3.0,93029,MARCEAU (AVENUE) NÂ° 29-FIN,M,"48,9302400","2,4314000",93,2019,50.0,1.0,1.0,3.0,2160654,1.0,1,1,1,1.0,,-1.0, -1,1989.0,A01,138Â 291Â 211,1.0,0.0,-1.0,1649734,3.0,7,,0.0,2.0,1.0,A01,138Â 291Â 211,1.0
966641,201900008172,3,21,05:45,5,2,1,1.0,3.0,93029,MARCEAU (AVENUE) NÂ° 29-FIN,M,"48,9302400","2,4314000",93,2019,50.0,1.0,1.0,3.0,2160654,1.0,1,1,1,1.0,,-1.0, -1,1989.0,A01,138Â 291Â 211,1.0,0.0,-1.0,1649735,3.0,34,,0.0,2.0,2.0,B01,138Â 291Â 212,1.0
966641,201900008172,3,21,05:45,5,2,1,1.0,3.0,93029,MARCEAU (AVENUE) NÂ° 29-FIN,M,"48,9302400","2,4314000",93,2019,50.0,1.0,1.0,3.0,2160655,1.0,1,4,1,1.0,,-1.0, -1,1984.0,B01,138Â 291Â 212,2.0,8.0,-1.0,1649734,3.0,7,,0.0,2.0,1.0,A01,138Â 291Â 211,1.0
966641,201900008172,3,21,05:45,5,2,1,1.0,3.0,93029,MARCEAU (AVENUE) NÂ° 29-FIN,M,"48,9302400","2,4314000",93,2019,50.0,1.0,1.0,3.0,2160655,1.0,1,4,1,1.0,,-1.0, -1,1984.0,B01,138Â 291Â 212,2.0,8.0,-1.0,1649735,3.0,34,,0.0,2.0,2.0,B01,138Â 291Â 212,1.0
966642,201900008173,3,24,14:55,1,2,2,1.0,3.0,93027,PASTEUR (BOULEVARD) DE 40 A +,M,"48,9280400","2,3853900",93,2019,50.0,1.0,1.0,3.0,2160656,1.0,1,4,1,0.0,,-1.0, -1,1996.0,B01,138Â 291Â 209,2.0,6.0,-1.0,1649736,1.0,30,,0.0,2.0,1.0,B01,138Â 291Â 209,1.0
966642,201900008173,3,24,14:55,1,2,2,1.0,3.0,93027,PASTEUR (BOULEVARD) DE 40 A +,M,"48,9280400","2,3853900",93,2019,50.0,1.0,1.0,3.0,2160656,1.0,1,4,1,0.0,,-1.0, -1,1996.0,B01,138Â 291Â 209,2.0,6.0,-1.0,1649737,2.0,7,,0.0,2.0,7.0,A01,138Â 291Â 210,1.0
966642,201900008173,3,24,14:55,1,2,2,1.0,3.0,93027,PASTEUR (BOULEVARD) DE 40 A +,M,"48,9280400","2,3853900",93,2019,50.0,1.0,1.0,3.0,2160657,1.0,1,1,1,5.0,,-1.0, -1,1989.0,A01,138Â 291Â 210,1.0,8.0,-1.0,1649736,1.0,30,,0.0,2.0,1.0,B01,138Â 291Â 209,1.0