Unnamed: 0_x,num_acc,mois,jour,hrmn,lum,agg,int,atm,col,com,adr,gps,lat,long,dep,annee,vma,situ,surf,catr,Unnamed: 0_y,place,catu,grav,sexe,trajet,secu,locp,actp,an_nais,num_veh_x,id_vehicule_x,secu1,secu2,secu3,Unnamed: 0,senc,catv,occutc,obs,obsm,choc,num_veh_y,id_vehicule_y,motor
966642,201900008173,3,24,14:55,1,2,2,1.0,3.0,93027,PASTEUR (BOULEVARD) DE 40 A +,M,"48,9280400","2,3853900",93,2019,50.0,1.0,1.0,3.0,2160657,1.0,1,1,1,5.0,,-1.0, -1,1989.0,A01,138Â 291Â 210,1.0,8.0,-1.0,1649737,2.0,7,,0.0,2.0,7.0,A01,138Â 291Â 210,1.0
966643,201900008174,3,23,22:20,5,2,1,1.0,2.0,93030,CROIZAT (AVENUE AMBROISE),M,"48,9544300","2,4162600",93,2019,50.0,1.0,1.0,7.0,2160658,2.0,2,4,1,4.0,,-1.0, -1,1983.0,A01,138Â 291Â 207,2.0,0.0,-1.0,1649738,0.0,30,,0.0,2.0,2.0,A01,138Â 291Â 207,1.0
966643,201900008174,3,23,22:20,5,2,1,1.0,2.0,93030,CROIZAT (AVENUE AMBROISE),M,"48,9544300","2,4162600",93,2019,50.0,1.0,1.0,7.0,2160658,2.0,2,4,1,4.0,,-1.0, -1,1983.0,A01,138Â 291Â 207,2.0,0.0,-1.0,1649739,0.0,7,,0.0,0.0,4.0,B01,138Â 291Â 208,1.0
966643,201900008174,3,23,22:20,5,2,1,1.0,2.0,93030,CROIZAT (AVENUE AMBROISE),M,"48,9544300","2,4162600",93,2019,50.0,1.0,1.0,7.0,2160659,1.0,1,4,1,4.0,,-1.0, -1,1984.0,A01,138Â 291Â 207,2.0,0.0,-1.0,1649738,0.0,30,,0.0,2.0,2.0,A01,138Â 291Â 207,1.0
966643,201900008174,3,23,22:20,5,2,1,1.0,2.0,93030,CROIZAT (AVENUE AMBROISE),M,"48,9544300","2,4162600",93,2019,50.0,1.0,1.0,7.0,2160659,1.0,1,4,1,4.0,,-1.0, -1,1984.0,A01,138Â 291Â 207,2.0,0.0,-1.0,1649739,0.0,7,,0.0,0.0,4.0,B01,138Â 291Â 208,1.0
966643,201900008174,3,23,22:20,5,2,1,1.0,2.0,93030,CROIZAT (AVENUE AMBROISE),M,"48,9544300","2,4162600",93,2019,50.0,1.0,1.0,7.0,2160660,1.0,1,4,1,5.0,,-1.0, -1,1992.0,B01,138Â 291Â 208,1.0,0.0,-1.0,1649738,0.0,30,,0.0,2.0,2.0,A01,138Â 291Â 207,1.0
966643,201900008174,3,23,22:20,5,2,1,1.0,2.0,93030,CROIZAT (AVENUE AMBROISE),M,"48,9544300","2,4162600",93,2019,50.0,1.0,1.0,7.0,2160660,1.0,1,4,1,5.0,,-1.0, -1,1992.0,B01,138Â 291Â 208,1.0,0.0,-1.0,1649739,0.0,7,,0.0,0.0,4.0,B01,138Â 291Â 208,1.0
966644,201900008175,3,23,18:30,1,2,7,1.0,3.0,93013,LECLERC (AVENU DE LA DIVISION),M,"48,9371400","2,4281500",93,2019,50.0,1.0,1.0,3.0,2160661,1.0,1,1,2,9.0,,-1.0, -1,1982.0,B01,138Â 291Â 205,1.0,0.0,-1.0,1649740,3.0,10,,1.0,2.0,2.0,B01,138Â 291Â 205,0.0
966644,201900008175,3,23,18:30,1,2,7,1.0,3.0,93013,LECLERC (AVENU DE LA DIVISION),M,"48,9371400","2,4281500",93,2019,50.0,1.0,1.0,3.0,2160661,1.0,1,1,2,9.0,,-1.0, -1,1982.0,B01,138Â 291Â 205,1.0,0.0,-1.0,1649741,3.0,10,,0.0,2.0,7.0,A01,138Â 291Â 206,0.0
966644,201900008175,3,23,18:30,1,2,7,1.0,3.0,93013,LECLERC (AVENU DE LA DIVISION),M,"48,9371400","2,4281500",93,2019,50.0,1.0,1.0,3.0,2160662,4.0,2,4,2,9.0,,-1.0, -1,2009.0,B01,138Â 291Â 205,1.0,0.0,-1.0,1649740,3.0,10,,1.0,2.0,2.0,B01,138Â 291Â 205,0.0
966644,201900008175,3,23,18:30,1,2,7,1.0,3.0,93013,LECLERC (AVENU DE LA DIVISION),M,"48,9371400","2,4281500",93,2019,50.0,1.0,1.0,3.0,2160662,4.0,2,4,2,9.0,,-1.0, -1,2009.0,B01,138Â 291Â 205,1.0,0.0,-1.0,1649741,3.0,10,,0.0,2.0,7.0,A01,138Â 291Â 206,0.0
966644,201900008175,3,23,18:30,1,2,7,1.0,3.0,93013,LECLERC (AVENU DE LA DIVISION),M,"48,9371400","2,4281500",93,2019,50.0,1.0,1.0,3.0,2160663,1.0,1,1,2,9.0,,-1.0, -1,1963.0,A01,138Â 291Â 206,1.0,0.0,-1.0,1649740,3.0,10,,1.0,2.0,2.0,B01,138Â 291Â 205,0.0
966644,201900008175,3,23,18:30,1,2,7,1.0,3.0,93013,LECLERC (AVENU DE LA DIVISION),M,"48,9371400","2,4281500",93,2019,50.0,1.0,1.0,3.0,2160663,1.0,1,1,2,9.0,,-1.0, -1,1963.0,A01,138Â 291Â 206,1.0,0.0,-1.0,1649741,3.0,10,,0.0,2.0,7.0,A01,138Â 291Â 206,0.0
966645,201900008176,3,21,18:45,5,2,2,1.0,6.0,93030,LARIVIERE (RUE LOUIS),M,"48,9528000","2,4165000",93,2019,50.0,1.0,1.0,3.0,2160664,1.0,1,1,1,5.0,,-1.0, -1,1958.0,A01,138Â 291Â 203,1.0,8.0,-1.0,1649742,1.0,10,,0.0,2.0,3.0,A01,138Â 291Â 203,1.0
966645,201900008176,3,21,18:45,5,2,2,1.0,6.0,93030,LARIVIERE (RUE LOUIS),M,"48,9528000","2,4165000",93,2019,50.0,1.0,1.0,3.0,2160664,1.0,1,1,1,5.0,,-1.0, -1,1958.0,A01,138Â 291Â 203,1.0,8.0,-1.0,1649743,2.0,2,,0.0,2.0,1.0,B01,138Â 291Â 204,1.0
966645,201900008176,3,21,18:45,5,2,2,1.0,6.0,93030,LARIVIERE (RUE LOUIS),M,"48,9528000","2,4165000",93,2019,50.0,1.0,1.0,3.0,2160665,1.0,1,4,1,1.0,,-1.0, -1,1958.0,B01,138Â 291Â 204,2.0,0.0,-1.0,1649742,1.0,10,,0.0,2.0,3.0,A01,138Â 291Â 203,1.0
966645,201900008176,3,21,18:45,5,2,2,1.0,6.0,93030,LARIVIERE (RUE LOUIS),M,"48,9528000","2,4165000",93,2019,50.0,1.0,1.0,3.0,2160665,1.0,1,4,1,1.0,,-1.0, -1,1958.0,B01,138Â 291Â 204,2.0,0.0,-1.0,1649743,2.0,2,,0.0,2.0,1.0,B01,138Â 291Â 204,1.0
966646,201900008177,3,20,16:20,1,2,1,1.0,6.0,93027,PASTEUR (BOULEVARD) DE 1 A 39,M,"48,9230000","2,3820400",93,2019,50.0,1.0,1.0,3.0,2160666,10.0,3,4,2,0.0,,9.0,B,2011.0,A01,138Â 291Â 202,0.0,0.0,-1.0,1649744,1.0,33,,0.0,1.0,6.0,A01,138Â 291Â 202,0.0
966646,201900008177,3,20,16:20,1,2,1,1.0,6.0,93027,PASTEUR (BOULEVARD) DE 1 A 39,M,"48,9230000","2,3820400",93,2019,50.0,1.0,1.0,3.0,2160667,1.0,1,4,1,0.0,,-1.0,0,1992.0,A01,138Â 291Â 202,2.0,6.0,-1.0,1649744,1.0,33,,0.0,1.0,6.0,A01,138Â 291Â 202,0.0
966647,201900008178,2,14,17:30,2,2,1,1.0,2.0,93047,HARDY  (BOULEVARD),M,"48,9061900","2,5680800",93,2019,50.0,1.0,1.0,4.0,2160668,1.0,1,1,1,0.0,,-1.0, -1,1964.0,B01,138Â 291Â 200,1.0,0.0,-1.0,1649745,3.0,7,,0.0,2.0,0.0,B01,138Â 291Â 200,0.0
966647,201900008178,2,14,17:30,2,2,1,1.0,2.0,93047,HARDY  (BOULEVARD),M,"48,9061900","2,5680800",93,2019,50.0,1.0,1.0,4.0,2160668,1.0,1,1,1,0.0,,-1.0, -1,1964.0,B01,138Â 291Â 200,1.0,0.0,-1.0,1649746,2.0,7,,12.0,0.0,9.0,A01,138Â 291Â 201,1.0
966647,201900008178,2,14,17:30,2,2,1,1.0,2.0,93047,HARDY  (BOULEVARD),M,"48,9061900","2,5680800",93,2019,50.0,1.0,1.0,4.0,2160669,10.0,3,4,1,0.0,,5.0,1,1964.0,A01,138Â 291Â 201,0.0,0.0,-1.0,1649745,3.0,7,,0.0,2.0,0.0,B01,138Â 291Â 200,0.0
966647,201900008178,2,14,17:30,2,2,1,1.0,2.0,93047,HARDY  (BOULEVARD),M,"48,9061900","2,5680800",93,2019,50.0,1.0,1.0,4.0,2160669,10.0,3,4,1,0.0,,5.0,1,1964.0,A01,138Â 291Â 201,0.0,0.0,-1.0,1649746,2.0,7,,12.0,0.0,9.0,A01,138Â 291Â 201,1.0
966647,201900008178,2,14,17:30,2,2,1,1.0,2.0,93047,HARDY  (BOULEVARD),M,"48,9061900","2,5680800",93,2019,50.0,1.0,1.0,4.0,2160670,1.0,1,4,2,9.0,,-1.0, -1,1999.0,A01,138Â 291Â 201,1.0,0.0,-1.0,1649745,3.0,7,,0.0,2.0,0.0,B01,138Â 291Â 200,0.0
966647,201900008178,2,14,17:30,2,2,1,1.0,2.0,93047,HARDY  (BOULEVARD),M,"48,9061900","2,5680800",93,2019,50.0,1.0,1.0,4.0,2160670,1.0,1,4,2,9.0,,-1.0, -1,1999.0,A01,138Â 291Â 201,1.0,0.0,-1.0,1649746,2.0,7,,12.0,0.0,9.0,A01,138Â 291Â 201,1.0
966648,201900008179,3,25,22:05,5,2,2,1.0,3.0,93010,GALLIENI (AV.) DE 1 A 109,M,"48,9070260","2,4885470",93,2019,50.0,1.0,1.0,3.0,2160671,1.0,1,4,1,1.0,,-1.0, -1,1980.0,A01,138Â 291Â 198,2.0,8.0,-1.0,1649747,1.0,33,,0.0,2.0,8.0,A01,138Â 291Â 198,1.0
966648,201900008179,3,25,22:05,5,2,2,1.0,3.0,93010,GALLIENI (AV.) DE 1 A 109,M,"48,9070260","2,4885470",93,2019,50.0,1.0,1.0,3.0,2160671,1.0,1,4,1,1.0,,-1.0, -1,1980.0,A01,138Â 291Â 198,2.0,8.0,-1.0,1649748,0.0,7,,0.0,2.0,2.0,B01,138Â 291Â 199,1.0
966649,201900008180,3,22,08:10,1,2,1,5.0,6.0,93057,BRIAND ( AV. ARISTIDE) 31 A 91,M,"48,9089700","2,5006100",93,2019,50.0,1.0,1.0,3.0,2160672,10.0,3,4,1,2.0,,2.0,4,2007.0,A01,138Â 291Â 197,8.0,0.0,-1.0,1649749,1.0,33,,0.0,1.0,1.0,A01,138Â 291Â 197,0.0
966649,201900008180,3,22,08:10,1,2,1,5.0,6.0,93057,BRIAND ( AV. ARISTIDE) 31 A 91,M,"48,9089700","2,5006100",93,2019,50.0,1.0,1.0,3.0,2160673,1.0,1,1,1,1.0,,-1.0, -1,1980.0,A01,138Â 291Â 197,2.0,6.0,-1.0,1649749,1.0,33,,0.0,1.0,1.0,A01,138Â 291Â 197,0.0
966650,201900008181,3,21,17:55,1,2,2,1.0,2.0,93057,BRIAND (AV. ARISTIDE) 2 A 132,M,"48,9077700","2,4940400",93,2019,50.0,1.0,1.0,3.0,2160674,1.0,1,1,2,1.0,,-1.0, -1,1979.0,A01,138Â 291Â 195,2.0,6.0,-1.0,1649750,1.0,33,,0.0,2.0,4.0,A01,138Â 291Â 195,1.0
966650,201900008181,3,21,17:55,1,2,2,1.0,2.0,93057,BRIAND (AV. ARISTIDE) 2 A 132,M,"48,9077700","2,4940400",93,2019,50.0,1.0,1.0,3.0,2160674,1.0,1,1,2,1.0,,-1.0, -1,1979.0,A01,138Â 291Â 195,2.0,6.0,-1.0,1649751,1.0,33,,0.0,2.0,1.0,B01,138Â 291Â 196,1.0
966650,201900008181,3,21,17:55,1,2,2,1.0,2.0,93057,BRIAND (AV. ARISTIDE) 2 A 132,M,"48,9077700","2,4940400",93,2019,50.0,1.0,1.0,3.0,2160675,1.0,1,3,1,1.0,,-1.0, -1,1962.0,B01,138Â 291Â 196,2.0,6.0,-1.0,1649750,1.0,33,,0.0,2.0,4.0,A01,138Â 291Â 195,1.0
966650,201900008181,3,21,17:55,1,2,2,1.0,2.0,93057,BRIAND (AV. ARISTIDE) 2 A 132,M,"48,9077700","2,4940400",93,2019,50.0,1.0,1.0,3.0,2160675,1.0,1,3,1,1.0,,-1.0, -1,1962.0,B01,138Â 291Â 196,2.0,6.0,-1.0,1649751,1.0,33,,0.0,2.0,1.0,B01,138Â 291Â 196,1.0
966651,201900008182,3,21,11:15,1,2,6,1.0,2.0,93057,BRACKEY ( CAR.),M,"48,9000000","2,5000000",93,2019,50.0,-1.0,1.0,4.0,2160676,2.0,1,4,1,0.0,,-1.0, -1,1966.0,B01,138Â 291Â 193,8.0,0.0,-1.0,1649752,0.0,1,,0.0,2.0,4.0,B01,138Â 291Â 193,5.0
966651,201900008182,3,21,11:15,1,2,6,1.0,2.0,93057,BRACKEY ( CAR.),M,"48,9000000","2,5000000",93,2019,50.0,-1.0,1.0,4.0,2160676,2.0,1,4,1,0.0,,-1.0, -1,1966.0,B01,138Â 291Â 193,8.0,0.0,-1.0,1649753,0.0,7,,0.0,9.0,2.0,A01,138Â 291Â 194,6.0
966651,201900008182,3,21,11:15,1,2,6,1.0,2.0,93057,BRACKEY ( CAR.),M,"48,9000000","2,5000000",93,2019,50.0,-1.0,1.0,4.0,2160677,1.0,1,1,1,0.0,,-1.0, -1,1960.0,A01,138Â 291Â 194,1.0,0.0,-1.0,1649752,0.0,1,,0.0,2.0,4.0,B01,138Â 291Â 193,5.0
966651,201900008182,3,21,11:15,1,2,6,1.0,2.0,93057,BRACKEY ( CAR.),M,"48,9000000","2,5000000",93,2019,50.0,-1.0,1.0,4.0,2160677,1.0,1,1,1,0.0,,-1.0, -1,1960.0,A01,138Â 291Â 194,1.0,0.0,-1.0,1649753,0.0,7,,0.0,9.0,2.0,A01,138Â 291Â 194,6.0
966652,201900008183,3,21,09:35,1,2,9,1.0,3.0,93057,BRIAND ( AV. ARISTIDE) 1 A29,M,"48,9079770","2,4940730",93,2019,50.0,1.0,1.0,3.0,2160678,1.0,1,1,1,4.0,,-1.0, -1,1973.0,B01,138Â 291Â 191,1.0,0.0,-1.0,1649754,1.0,14,,0.0,0.0,0.0,B01,138Â 291Â 191,1.0
966652,201900008183,3,21,09:35,1,2,9,1.0,3.0,93057,BRIAND ( AV. ARISTIDE) 1 A29,M,"48,9079770","2,4940730",93,2019,50.0,1.0,1.0,3.0,2160678,1.0,1,1,1,4.0,,-1.0, -1,1973.0,B01,138Â 291Â 191,1.0,0.0,-1.0,1649755,0.0,10,,0.0,2.0,0.0,A01,138Â 291Â 192,1.0
966652,201900008183,3,21,09:35,1,2,9,1.0,3.0,93057,BRIAND ( AV. ARISTIDE) 1 A29,M,"48,9079770","2,4940730",93,2019,50.0,1.0,1.0,3.0,2160679,2.0,2,4,2,4.0,,-1.0, -1,1981.0,A01,138Â 291Â 192,1.0,0.0,-1.0,1649754,1.0,14,,0.0,0.0,0.0,B01,138Â 291Â 191,1.0
966652,201900008183,3,21,09:35,1,2,9,1.0,3.0,93057,BRIAND ( AV. ARISTIDE) 1 A29,M,"48,9079770","2,4940730",93,2019,50.0,1.0,1.0,3.0,2160679,2.0,2,4,2,4.0,,-1.0, -1,1981.0,A01,138Â 291Â 192,1.0,0.0,-1.0,1649755,0.0,10,,0.0,2.0,0.0,A01,138Â 291Â 192,1.0
966652,201900008183,3,21,09:35,1,2,9,1.0,3.0,93057,BRIAND ( AV. ARISTIDE) 1 A29,M,"48,9079770","2,4940730",93,2019,50.0,1.0,1.0,3.0,2160680,1.0,1,4,2,4.0,,-1.0, -1,1981.0,A01,138Â 291Â 192,1.0,0.0,-1.0,1649754,1.0,14,,0.0,0.0,0.0,B01,138Â 291Â 191,1.0
966652,201900008183,3,21,09:35,1,2,9,1.0,3.0,93057,BRIAND ( AV. ARISTIDE) 1 A29,M,"48,9079770","2,4940730",93,2019,50.0,1.0,1.0,3.0,2160680,1.0,1,4,2,4.0,,-1.0, -1,1981.0,A01,138Â 291Â 192,1.0,0.0,-1.0,1649755,0.0,10,,0.0,2.0,0.0,A01,138Â 291Â 192,1.0
966653,201900008184,3,20,08:10,1,2,1,1.0,6.0,93010,GALLIENI (AV.) DE 2 A 96,M,"48,9039400","2,4717500",93,2019,50.0,6.0,1.0,3.0,2160681,10.0,3,4,2,0.0,,6.0,3,1981.0,A01,138Â 291Â 190,0.0,-1.0,-1.0,1649756,1.0,37,1.0,0.0,1.0,2.0,A01,138Â 291Â 190,0.0
966653,201900008184,3,20,08:10,1,2,1,1.0,6.0,93010,GALLIENI (AV.) DE 2 A 96,M,"48,9039400","2,4717500",93,2019,50.0,6.0,1.0,3.0,2160682,1.0,1,1,1,4.0,,-1.0, -1,1974.0,A01,138Â 291Â 190,1.0,0.0,-1.0,1649756,1.0,37,1.0,0.0,1.0,2.0,A01,138Â 291Â 190,0.0
966654,201900008185,3,24,18:40,1,2,2,1.0,3.0,93007,PROFESSEUR LANGEVIN (RUE DU),M,"48,9436300","2,4592200",93,2019,50.0,1.0,1.0,4.0,2160683,1.0,1,4,1,0.0,,-1.0, -1,2000.0,B01,138Â 291Â 188,1.0,0.0,-1.0,1649757,1.0,3,,0.0,2.0,2.0,B01,138Â 291Â 188,0.0
966654,201900008185,3,24,18:40,1,2,2,1.0,3.0,93007,PROFESSEUR LANGEVIN (RUE DU),M,"48,9436300","2,4592200",93,2019,50.0,1.0,1.0,4.0,2160683,1.0,1,4,1,0.0,,-1.0, -1,2000.0,B01,138Â 291Â 188,1.0,0.0,-1.0,1649758,1.0,3,,0.0,2.0,6.0,A01,138Â 291Â 189,0.0
966654,201900008185,3,24,18:40,1,2,2,1.0,3.0,93007,PROFESSEUR LANGEVIN (RUE DU),M,"48,9436300","2,4592200",93,2019,50.0,1.0,1.0,4.0,2160684,1.0,1,1,1,0.0,,-1.0, -1,1978.0,A01,138Â 291Â 189,1.0,0.0,-1.0,1649757,1.0,3,,0.0,2.0,2.0,B01,138Â 291Â 188,0.0
966654,201900008185,3,24,18:40,1,2,2,1.0,3.0,93007,PROFESSEUR LANGEVIN (RUE DU),M,"48,9436300","2,4592200",93,2019,50.0,1.0,1.0,4.0,2160684,1.0,1,1,1,0.0,,-1.0, -1,1978.0,A01,138Â 291Â 189,1.0,0.0,-1.0,1649758,1.0,3,,0.0,2.0,6.0,A01,138Â 291Â 189,0.0
966655,201900008186,3,21,15:00,1,2,1,1.0,2.0,93007,DIVISION LECLERC (AVENUE),M,"48,9450690","2,4623040",93,2019,50.0,1.0,1.0,3.0,2160685,1.0,1,1,1,0.0,,-1.0, -1,1994.0,B01,138Â 291Â 186,1.0,0.0,-1.0,1649759,3.0,10,,0.0,0.0,4.0,B01,138Â 291Â 186,0.0
966655,201900008186,3,21,15:00,1,2,1,1.0,2.0,93007,DIVISION LECLERC (AVENUE),M,"48,9450690","2,4623040",93,2019,50.0,1.0,1.0,3.0,2160685,1.0,1,1,1,0.0,,-1.0, -1,1994.0,B01,138Â 291Â 186,1.0,0.0,-1.0,1649760,3.0,10,,0.0,2.0,1.0,A01,138Â 291Â 187,0.0
966655,201900008186,3,21,15:00,1,2,1,1.0,2.0,93007,DIVISION LECLERC (AVENUE),M,"48,9450690","2,4623040",93,2019,50.0,1.0,1.0,3.0,2160686,1.0,1,4,2,0.0,,-1.0, -1,1991.0,A01,138Â 291Â 187,1.0,8.0,-1.0,1649759,3.0,10,,0.0,0.0,4.0,B01,138Â 291Â 186,0.0
966655,201900008186,3,21,15:00,1,2,1,1.0,2.0,93007,DIVISION LECLERC (AVENUE),M,"48,9450690","2,4623040",93,2019,50.0,1.0,1.0,3.0,2160686,1.0,1,4,2,0.0,,-1.0, -1,1991.0,A01,138Â 291Â 187,1.0,8.0,-1.0,1649760,3.0,10,,0.0,2.0,1.0,A01,138Â 291Â 187,0.0
966656,201900008187,3,24,22:30,5,2,9,1.0,3.0,93005,DROITS DE LHOMME (CARREFOUR DES),M,"48,9294400","2,4808300",93,2019,50.0,1.0,1.0,3.0,2160687,1.0,1,1,1,0.0,,-1.0, -1,1992.0,A01,138Â 291Â 184,8.0,0.0,-1.0,1649761,3.0,10,,0.0,2.0,1.0,A01,138Â 291Â 184,1.0
966656,201900008187,3,24,22:30,5,2,9,1.0,3.0,93005,DROITS DE LHOMME (CARREFOUR DES),M,"48,9294400","2,4808300",93,2019,50.0,1.0,1.0,3.0,2160687,1.0,1,1,1,0.0,,-1.0, -1,1992.0,A01,138Â 291Â 184,8.0,0.0,-1.0,1649762,3.0,10,,0.0,2.0,8.0,B01,138Â 291Â 185,1.0
966656,201900008187,3,24,22:30,5,2,9,1.0,3.0,93005,DROITS DE LHOMME (CARREFOUR DES),M,"48,9294400","2,4808300",93,2019,50.0,1.0,1.0,3.0,2160688,1.0,1,4,1,0.0,,-1.0, -1,1979.0,B01,138Â 291Â 185,8.0,0.0,-1.0,1649761,3.0,10,,0.0,2.0,1.0,A01,138Â 291Â 184,1.0
966656,201900008187,3,24,22:30,5,2,9,1.0,3.0,93005,DROITS DE LHOMME (CARREFOUR DES),M,"48,9294400","2,4808300",93,2019,50.0,1.0,1.0,3.0,2160688,1.0,1,4,1,0.0,,-1.0, -1,1979.0,B01,138Â 291Â 185,8.0,0.0,-1.0,1649762,3.0,10,,0.0,2.0,8.0,B01,138Â 291Â 185,1.0
966657,201900008188,3,23,19:50,5,2,2,1.0,6.0,93005,GEORGES BRAQUE (BOULEVARD),M,"48,9367500","2,4841200",93,2019,50.0,1.0,1.0,3.0,2160689,10.0,3,4,1,0.0,,0.0,3,2003.0,Z01,138Â 291Â 183,8.0,0.0,-1.0,1649763,1.0,7,,0.0,1.0,0.0,Z01,138Â 291Â 183,0.0
966658,201900008189,3,22,06:55,2,2,1,5.0,2.0,93005,PIERRE JOUHET (AVENUE),M,"48,9227600","2,5049040",93,2019,50.0,1.0,1.0,4.0,2160690,1.0,1,1,1,1.0,,-1.0, -1,1992.0,A01,138Â 291Â 181,1.0,0.0,-1.0,1649764,3.0,7,,2.0,0.0,1.0,A01,138Â 291Â 181,1.0
966658,201900008189,3,22,06:55,2,2,1,5.0,2.0,93005,PIERRE JOUHET (AVENUE),M,"48,9227600","2,5049040",93,2019,50.0,1.0,1.0,4.0,2160690,1.0,1,1,1,1.0,,-1.0, -1,1992.0,A01,138Â 291Â 181,1.0,0.0,-1.0,1649765,2.0,7,,2.0,0.0,4.0,B01,138Â 291Â 182,1.0
966658,201900008189,3,22,06:55,2,2,1,5.0,2.0,93005,PIERRE JOUHET (AVENUE),M,"48,9227600","2,5049040",93,2019,50.0,1.0,1.0,4.0,2160691,1.0,1,4,1,0.0,,-1.0, -1,1981.0,B01,138Â 291Â 182,1.0,0.0,-1.0,1649764,3.0,7,,2.0,0.0,1.0,A01,138Â 291Â 181,1.0
966658,201900008189,3,22,06:55,2,2,1,5.0,2.0,93005,PIERRE JOUHET (AVENUE),M,"48,9227600","2,5049040",93,2019,50.0,1.0,1.0,4.0,2160691,1.0,1,4,1,0.0,,-1.0, -1,1981.0,B01,138Â 291Â 182,1.0,0.0,-1.0,1649765,2.0,7,,2.0,0.0,4.0,B01,138Â 291Â 182,1.0
966659,201900008190,3,20,13:05,1,2,1,1.0,6.0,93005,MITRY [CD115] (ROUTE DE),M,"48,9494300","2,5192000",93,2019,50.0,1.0,1.0,3.0,2160692,1.0,1,1,2,1.0,,-1.0, -1,1987.0,A01,138Â 291Â 180,1.0,8.0,-1.0,1649766,1.0,7,,0.0,1.0,2.0,A01,138Â 291Â 180,1.0
966659,201900008190,3,20,13:05,1,2,1,1.0,6.0,93005,MITRY [CD115] (ROUTE DE),M,"48,9494300","2,5192000",93,2019,50.0,1.0,1.0,3.0,2160693,10.0,3,4,2,2.0,,2.0,3,2005.0,A01,138Â 291Â 180,8.0,0.0,-1.0,1649766,1.0,7,,0.0,1.0,2.0,A01,138Â 291Â 180,1.0
966660,201900008191,3,25,19:45,5,2,1,1.0,4.0,93001,VICTOR HUGO (AVE)  => 120,M,"48,9081960","2,3775968",93,2019,50.0,1.0,1.0,3.0,2160694,1.0,1,3,1,9.0,,-1.0, -1,1987.0,B01,138Â 291Â 177,2.0,6.0,-1.0,1649767,1.0,34,,0.0,2.0,1.0,B01,138Â 291Â 177,1.0
966660,201900008191,3,25,19:45,5,2,1,1.0,4.0,93001,VICTOR HUGO (AVE)  => 120,M,"48,9081960","2,3775968",93,2019,50.0,1.0,1.0,3.0,2160694,1.0,1,3,1,9.0,,-1.0, -1,1987.0,B01,138Â 291Â 177,2.0,6.0,-1.0,1649768,2.0,1,,0.0,2.0,0.0,C01,138Â 291Â 178,0.0
966660,201900008191,3,25,19:45,5,2,1,1.0,4.0,93001,VICTOR HUGO (AVE)  => 120,M,"48,9081960","2,3775968",93,2019,50.0,1.0,1.0,3.0,2160694,1.0,1,3,1,9.0,,-1.0, -1,1987.0,B01,138Â 291Â 177,2.0,6.0,-1.0,1649769,1.0,7,,0.0,2.0,1.0,A01,138Â 291Â 179,0.0
966660,201900008191,3,25,19:45,5,2,1,1.0,4.0,93001,VICTOR HUGO (AVE)  => 120,M,"48,9081960","2,3775968",93,2019,50.0,1.0,1.0,3.0,2160695,1.0,1,4,1,9.0,,-1.0, -1,1987.0,C01,138Â 291Â 178,8.0,0.0,-1.0,1649767,1.0,34,,0.0,2.0,1.0,B01,138Â 291Â 177,1.0
966660,201900008191,3,25,19:45,5,2,1,1.0,4.0,93001,VICTOR HUGO (AVE)  => 120,M,"48,9081960","2,3775968",93,2019,50.0,1.0,1.0,3.0,2160695,1.0,1,4,1,9.0,,-1.0, -1,1987.0,C01,138Â 291Â 178,8.0,0.0,-1.0,1649768,2.0,1,,0.0,2.0,0.0,C01,138Â 291Â 178,0.0
966660,201900008191,3,25,19:45,5,2,1,1.0,4.0,93001,VICTOR HUGO (AVE)  => 120,M,"48,9081960","2,3775968",93,2019,50.0,1.0,1.0,3.0,2160695,1.0,1,4,1,9.0,,-1.0, -1,1987.0,C01,138Â 291Â 178,8.0,0.0,-1.0,1649769,1.0,7,,0.0,2.0,1.0,A01,138Â 291Â 179,0.0
966660,201900008191,3,25,19:45,5,2,1,1.0,4.0,93001,VICTOR HUGO (AVE)  => 120,M,"48,9081960","2,3775968",93,2019,50.0,1.0,1.0,3.0,2160696,1.0,1,1,1,0.0,,-1.0, -1,1977.0,A01,138Â 291Â 179,1.0,0.0,-1.0,1649767,1.0,34,,0.0,2.0,1.0,B01,138Â 291Â 177,1.0
966660,201900008191,3,25,19:45,5,2,1,1.0,4.0,93001,VICTOR HUGO (AVE)  => 120,M,"48,9081960","2,3775968",93,2019,50.0,1.0,1.0,3.0,2160696,1.0,1,1,1,0.0,,-1.0, -1,1977.0,A01,138Â 291Â 179,1.0,0.0,-1.0,1649768,2.0,1,,0.0,2.0,0.0,C01,138Â 291Â 178,0.0
966660,201900008191,3,25,19:45,5,2,1,1.0,4.0,93001,VICTOR HUGO (AVE)  => 120,M,"48,9081960","2,3775968",93,2019,50.0,1.0,1.0,3.0,2160696,1.0,1,1,1,0.0,,-1.0, -1,1977.0,A01,138Â 291Â 179,1.0,0.0,-1.0,1649769,1.0,7,,0.0,2.0,1.0,A01,138Â 291Â 179,0.0
966661,201900008192,3,24,17:00,1,2,3,1.0,2.0,93066,CASANOVA DANIELLE NR 2 A 50 ET 1 A 19,M,"48,9239200","2,3689400",93,2019,50.0,1.0,1.0,3.0,2160697,1.0,1,4,1,0.0,,-1.0, -1,1988.0,A01,138Â 291Â 176,8.0,0.0,-1.0,1649770,1.0,7,,1.0,0.0,0.0,Z01,138Â 291Â 175,1.0