Unnamed: 0_x,num_acc,mois,jour,hrmn,lum,agg,int,atm,col,com,adr,gps,lat,long,dep,annee,vma,situ,surf,catr,Unnamed: 0_y,place,catu,grav,sexe,trajet,secu,locp,actp,an_nais,num_veh_x,id_vehicule_x,secu1,secu2,secu3,Unnamed: 0,senc,catv,occutc,obs,obsm,choc,num_veh_y,id_vehicule_y,motor
966661,201900008192,3,24,17:00,1,2,3,1.0,2.0,93066,CASANOVA DANIELLE NR 2 A 50 ET 1 A 19,M,"48,9239200","2,3689400",93,2019,50.0,1.0,1.0,3.0,2160697,1.0,1,4,1,0.0,,-1.0, -1,1988.0,A01,138Â 291Â 176,8.0,0.0,-1.0,1649771,1.0,7,,1.0,0.0,6.0,A01,138Â 291Â 176,1.0
966662,201900008193,3,25,18:35,1,2,3,1.0,5.0,92075,PAIX (AVENUE DE LA)/ LARMEROUX (RUE),M,"48,8147975","2,2780737",92,2019,50.0,1.0,1.0,3.0,2160698,1.0,1,4,2,0.0,,0.0,0,1985.0,A01,138Â 291Â 172,1.0,5.0,-1.0,1649772,1.0,7,,9.0,2.0,1.0,A01,138Â 291Â 172,0.0
966662,201900008193,3,25,18:35,1,2,3,1.0,5.0,92075,PAIX (AVENUE DE LA)/ LARMEROUX (RUE),M,"48,8147975","2,2780737",92,2019,50.0,1.0,1.0,3.0,2160698,1.0,1,4,2,0.0,,0.0,0,1985.0,A01,138Â 291Â 172,1.0,5.0,-1.0,1649773,1.0,7,,0.0,2.0,7.0,B01,138Â 291Â 173,0.0
966662,201900008193,3,25,18:35,1,2,3,1.0,5.0,92075,PAIX (AVENUE DE LA)/ LARMEROUX (RUE),M,"48,8147975","2,2780737",92,2019,50.0,1.0,1.0,3.0,2160698,1.0,1,4,2,0.0,,0.0,0,1985.0,A01,138Â 291Â 172,1.0,5.0,-1.0,1649774,1.0,7,,0.0,2.0,4.0,C01,138Â 291Â 174,0.0
966662,201900008193,3,25,18:35,1,2,3,1.0,5.0,92075,PAIX (AVENUE DE LA)/ LARMEROUX (RUE),M,"48,8147975","2,2780737",92,2019,50.0,1.0,1.0,3.0,2160699,1.0,1,1,1,1.0,,-1.0,0,1978.0,B01,138Â 291Â 173,1.0,0.0,-1.0,1649772,1.0,7,,9.0,2.0,1.0,A01,138Â 291Â 172,0.0
966662,201900008193,3,25,18:35,1,2,3,1.0,5.0,92075,PAIX (AVENUE DE LA)/ LARMEROUX (RUE),M,"48,8147975","2,2780737",92,2019,50.0,1.0,1.0,3.0,2160699,1.0,1,1,1,1.0,,-1.0,0,1978.0,B01,138Â 291Â 173,1.0,0.0,-1.0,1649773,1.0,7,,0.0,2.0,7.0,B01,138Â 291Â 173,0.0
966662,201900008193,3,25,18:35,1,2,3,1.0,5.0,92075,PAIX (AVENUE DE LA)/ LARMEROUX (RUE),M,"48,8147975","2,2780737",92,2019,50.0,1.0,1.0,3.0,2160699,1.0,1,1,1,1.0,,-1.0,0,1978.0,B01,138Â 291Â 173,1.0,0.0,-1.0,1649774,1.0,7,,0.0,2.0,4.0,C01,138Â 291Â 174,0.0
966662,201900008193,3,25,18:35,1,2,3,1.0,5.0,92075,PAIX (AVENUE DE LA)/ LARMEROUX (RUE),M,"48,8147975","2,2780737",92,2019,50.0,1.0,1.0,3.0,2160700,1.0,1,4,1,5.0,,-1.0,0,1977.0,C01,138Â 291Â 174,1.0,8.0,-1.0,1649772,1.0,7,,9.0,2.0,1.0,A01,138Â 291Â 172,0.0
966662,201900008193,3,25,18:35,1,2,3,1.0,5.0,92075,PAIX (AVENUE DE LA)/ LARMEROUX (RUE),M,"48,8147975","2,2780737",92,2019,50.0,1.0,1.0,3.0,2160700,1.0,1,4,1,5.0,,-1.0,0,1977.0,C01,138Â 291Â 174,1.0,8.0,-1.0,1649773,1.0,7,,0.0,2.0,7.0,B01,138Â 291Â 173,0.0
966662,201900008193,3,25,18:35,1,2,3,1.0,5.0,92075,PAIX (AVENUE DE LA)/ LARMEROUX (RUE),M,"48,8147975","2,2780737",92,2019,50.0,1.0,1.0,3.0,2160700,1.0,1,4,1,5.0,,-1.0,0,1977.0,C01,138Â 291Â 174,1.0,8.0,-1.0,1649774,1.0,7,,0.0,2.0,4.0,C01,138Â 291Â 174,0.0
966663,201900008194,3,19,21:18,5,2,1,1.0,3.0,92075,RAYMOND MARCHERON (RUE),M,"48,8182900","2,2850800",92,2019,50.0,1.0,1.0,3.0,2160701,2.0,2,1,1,5.0,,-1.0,0,1990.0,A01,138Â 291Â 170,1.0,0.0,-1.0,1649775,2.0,7,,1.0,0.0,2.0,A01,138Â 291Â 170,1.0
966663,201900008194,3,19,21:18,5,2,1,1.0,3.0,92075,RAYMOND MARCHERON (RUE),M,"48,8182900","2,2850800",92,2019,50.0,1.0,1.0,3.0,2160701,2.0,2,1,1,5.0,,-1.0,0,1990.0,A01,138Â 291Â 170,1.0,0.0,-1.0,1649776,2.0,1,,1.0,0.0,1.0,B01,138Â 291Â 171,5.0
966663,201900008194,3,19,21:18,5,2,1,1.0,3.0,92075,RAYMOND MARCHERON (RUE),M,"48,8182900","2,2850800",92,2019,50.0,1.0,1.0,3.0,2160702,1.0,1,1,1,5.0,,-1.0,0,1941.0,A01,138Â 291Â 170,1.0,0.0,-1.0,1649775,2.0,7,,1.0,0.0,2.0,A01,138Â 291Â 170,1.0
966663,201900008194,3,19,21:18,5,2,1,1.0,3.0,92075,RAYMOND MARCHERON (RUE),M,"48,8182900","2,2850800",92,2019,50.0,1.0,1.0,3.0,2160702,1.0,1,1,1,5.0,,-1.0,0,1941.0,A01,138Â 291Â 170,1.0,0.0,-1.0,1649776,2.0,1,,1.0,0.0,1.0,B01,138Â 291Â 171,5.0
966663,201900008194,3,19,21:18,5,2,1,1.0,3.0,92075,RAYMOND MARCHERON (RUE),M,"48,8182900","2,2850800",92,2019,50.0,1.0,1.0,3.0,2160703,1.0,1,4,1,1.0,,-1.0,0,1989.0,B01,138Â 291Â 171,8.0,0.0,-1.0,1649775,2.0,7,,1.0,0.0,2.0,A01,138Â 291Â 170,1.0
966663,201900008194,3,19,21:18,5,2,1,1.0,3.0,92075,RAYMOND MARCHERON (RUE),M,"48,8182900","2,2850800",92,2019,50.0,1.0,1.0,3.0,2160703,1.0,1,4,1,1.0,,-1.0,0,1989.0,B01,138Â 291Â 171,8.0,0.0,-1.0,1649776,2.0,1,,1.0,0.0,1.0,B01,138Â 291Â 171,5.0
966664,201900008195,1,11,15:05,1,2,1,2.0,3.0,92075,PIERRE BROSSOLETTE (AVENUE),M,"48,8124500","2,3009000",92,2019,50.0,1.0,2.0,3.0,2160704,1.0,1,4,1,5.0,,-1.0,0,1976.0,B01,138Â 291Â 168,2.0,6.0,-1.0,1649777,1.0,31,,0.0,2.0,2.0,B01,138Â 291Â 168,1.0
966664,201900008195,1,11,15:05,1,2,1,2.0,3.0,92075,PIERRE BROSSOLETTE (AVENUE),M,"48,8124500","2,3009000",92,2019,50.0,1.0,2.0,3.0,2160704,1.0,1,4,1,5.0,,-1.0,0,1976.0,B01,138Â 291Â 168,2.0,6.0,-1.0,1649778,1.0,7,,0.0,2.0,6.0,A01,138Â 291Â 169,1.0
966664,201900008195,1,11,15:05,1,2,1,2.0,3.0,92075,PIERRE BROSSOLETTE (AVENUE),M,"48,8124500","2,3009000",92,2019,50.0,1.0,2.0,3.0,2160705,1.0,1,1,1,5.0,,-1.0,0,1988.0,A01,138Â 291Â 169,1.0,0.0,-1.0,1649777,1.0,31,,0.0,2.0,2.0,B01,138Â 291Â 168,1.0
966664,201900008195,1,11,15:05,1,2,1,2.0,3.0,92075,PIERRE BROSSOLETTE (AVENUE),M,"48,8124500","2,3009000",92,2019,50.0,1.0,2.0,3.0,2160705,1.0,1,1,1,5.0,,-1.0,0,1988.0,A01,138Â 291Â 169,1.0,0.0,-1.0,1649778,1.0,7,,0.0,2.0,6.0,A01,138Â 291Â 169,1.0
966665,201900008196,3,21,08:45,1,2,6,1.0,6.0,92073,JAURES (AVENUE JEAN),M,"48,8625942","2,2105599",92,2019,50.0,1.0,1.0,3.0,2160706,10.0,3,4,2,5.0,,4.0,3,1950.0,A01,138Â 291Â 167,8.0,0.0,-1.0,1649779,1.0,31,,0.0,1.0,1.0,A01,138Â 291Â 167,1.0
966665,201900008196,3,21,08:45,1,2,6,1.0,6.0,92073,JAURES (AVENUE JEAN),M,"48,8625942","2,2105599",92,2019,50.0,1.0,1.0,3.0,2160707,1.0,1,1,1,1.0,,-1.0,0,1992.0,A01,138Â 291Â 167,2.0,0.0,-1.0,1649779,1.0,31,,0.0,1.0,1.0,A01,138Â 291Â 167,1.0
966666,201900008197,3,25,12:25,1,2,1,1.0,3.0,92022,SALENGRO (AVENUE ROGER),M,"48,8097564","2,1896507",92,2019,50.0,1.0,1.0,3.0,2160708,1.0,1,4,1,1.0,,-1.0,0,2001.0,A01,138Â 291Â 165,2.0,6.0,-1.0,1649780,1.0,2,,0.0,2.0,1.0,A01,138Â 291Â 165,1.0
966666,201900008197,3,25,12:25,1,2,1,1.0,3.0,92022,SALENGRO (AVENUE ROGER),M,"48,8097564","2,1896507",92,2019,50.0,1.0,1.0,3.0,2160708,1.0,1,4,1,1.0,,-1.0,0,2001.0,A01,138Â 291Â 165,2.0,6.0,-1.0,1649781,1.0,7,,0.0,2.0,7.0,B01,138Â 291Â 166,1.0
966666,201900008197,3,25,12:25,1,2,1,1.0,3.0,92022,SALENGRO (AVENUE ROGER),M,"48,8097564","2,1896507",92,2019,50.0,1.0,1.0,3.0,2160709,1.0,1,1,2,0.0,,-1.0,0,1982.0,B01,138Â 291Â 166,1.0,0.0,-1.0,1649780,1.0,2,,0.0,2.0,1.0,A01,138Â 291Â 165,1.0
966666,201900008197,3,25,12:25,1,2,1,1.0,3.0,92022,SALENGRO (AVENUE ROGER),M,"48,8097564","2,1896507",92,2019,50.0,1.0,1.0,3.0,2160709,1.0,1,1,2,0.0,,-1.0,0,1982.0,B01,138Â 291Â 166,1.0,0.0,-1.0,1649781,1.0,7,,0.0,2.0,7.0,B01,138Â 291Â 166,1.0
966667,201900008198,3,24,23:10,5,2,1,1.0,3.0,92022,SALENGRO (AVENUE ROGER),M,"48,8091575","2,1884251",92,2019,50.0,1.0,1.0,3.0,2160710,1.0,1,4,1,5.0,,-1.0,0,1970.0,B01,138Â 291Â 163,2.0,0.0,-1.0,1649782,2.0,32,,0.0,2.0,2.0,B01,138Â 291Â 163,1.0
966667,201900008198,3,24,23:10,5,2,1,1.0,3.0,92022,SALENGRO (AVENUE ROGER),M,"48,8091575","2,1884251",92,2019,50.0,1.0,1.0,3.0,2160710,1.0,1,4,1,5.0,,-1.0,0,1970.0,B01,138Â 291Â 163,2.0,0.0,-1.0,1649783,2.0,7,,0.0,2.0,8.0,A01,138Â 291Â 164,1.0
966667,201900008198,3,24,23:10,5,2,1,1.0,3.0,92022,SALENGRO (AVENUE ROGER),M,"48,8091575","2,1884251",92,2019,50.0,1.0,1.0,3.0,2160711,1.0,1,1,2,0.0,,-1.0,0,1991.0,A01,138Â 291Â 164,1.0,0.0,-1.0,1649782,2.0,32,,0.0,2.0,2.0,B01,138Â 291Â 163,1.0
966667,201900008198,3,24,23:10,5,2,1,1.0,3.0,92022,SALENGRO (AVENUE ROGER),M,"48,8091575","2,1884251",92,2019,50.0,1.0,1.0,3.0,2160711,1.0,1,1,2,0.0,,-1.0,0,1991.0,A01,138Â 291Â 164,1.0,0.0,-1.0,1649783,2.0,7,,0.0,2.0,8.0,A01,138Â 291Â 164,1.0
966668,201900008199,3,22,07:15,1,2,1,1.0,6.0,92022,SALENGRO (AVENUE ROGER),M,"48,8077510","2,1864838",92,2019,50.0,1.0,1.0,3.0,2160712,1.0,1,4,1,1.0,,-1.0,0,1960.0,B01,138Â 291Â 161,2.0,6.0,-1.0,1649784,1.0,33,,0.0,2.0,1.0,B01,138Â 291Â 161,1.0
966668,201900008199,3,22,07:15,1,2,1,1.0,6.0,92022,SALENGRO (AVENUE ROGER),M,"48,8077510","2,1864838",92,2019,50.0,1.0,1.0,3.0,2160712,1.0,1,4,1,1.0,,-1.0,0,1960.0,B01,138Â 291Â 161,2.0,6.0,-1.0,1649785,1.0,10,,0.0,2.0,8.0,A01,138Â 291Â 162,1.0
966668,201900008199,3,22,07:15,1,2,1,1.0,6.0,92022,SALENGRO (AVENUE ROGER),M,"48,8077510","2,1864838",92,2019,50.0,1.0,1.0,3.0,2160713,1.0,1,1,1,4.0,,-1.0,0,1988.0,A01,138Â 291Â 162,8.0,0.0,-1.0,1649784,1.0,33,,0.0,2.0,1.0,B01,138Â 291Â 161,1.0
966668,201900008199,3,22,07:15,1,2,1,1.0,6.0,92022,SALENGRO (AVENUE ROGER),M,"48,8077510","2,1864838",92,2019,50.0,1.0,1.0,3.0,2160713,1.0,1,1,1,4.0,,-1.0,0,1988.0,A01,138Â 291Â 162,8.0,0.0,-1.0,1649785,1.0,10,,0.0,2.0,8.0,A01,138Â 291Â 162,1.0
966669,201900008200,3,22,08:10,1,2,1,1.0,6.0,92072,VILLE D'AVRAY (RUE DE ),M,"48,8259672","2,1993249",92,2019,50.0,2.0,1.0,3.0,2160714,1.0,1,1,1,1.0,,-1.0,0,1973.0,A01,138Â 291Â 160,1.0,0.0,-1.0,1649786,1.0,7,,0.0,1.0,3.0,A01,138Â 291Â 160,1.0
966669,201900008200,3,22,08:10,1,2,1,1.0,6.0,92072,VILLE D'AVRAY (RUE DE ),M,"48,8259672","2,1993249",92,2019,50.0,2.0,1.0,3.0,2160715,10.0,3,4,2,1.0,,3.0,3,1956.0,A01,138Â 291Â 160,8.0,0.0,-1.0,1649786,1.0,7,,0.0,1.0,3.0,A01,138Â 291Â 160,1.0
966670,201900008201,2,13,13:30,1,2,1,1.0,2.0,92072,GRANDE RUE,M,"48,8217109","2,2046203",92,2019,50.0,1.0,1.0,3.0,2160716,1.0,1,1,2,5.0,,-1.0,0,1970.0,A01,138Â 291Â 158,1.0,0.0,-1.0,1649787,2.0,7,,0.0,2.0,3.0,A01,138Â 291Â 158,1.0
966670,201900008201,2,13,13:30,1,2,1,1.0,2.0,92072,GRANDE RUE,M,"48,8217109","2,2046203",92,2019,50.0,1.0,1.0,3.0,2160716,1.0,1,1,2,5.0,,-1.0,0,1970.0,A01,138Â 291Â 158,1.0,0.0,-1.0,1649788,2.0,33,,0.0,2.0,7.0,B01,138Â 291Â 159,1.0
966670,201900008201,2,13,13:30,1,2,1,1.0,2.0,92072,GRANDE RUE,M,"48,8217109","2,2046203",92,2019,50.0,1.0,1.0,3.0,2160717,1.0,1,4,1,1.0,,-1.0,0,1990.0,B01,138Â 291Â 159,2.0,6.0,-1.0,1649787,2.0,7,,0.0,2.0,3.0,A01,138Â 291Â 158,1.0
966670,201900008201,2,13,13:30,1,2,1,1.0,2.0,92072,GRANDE RUE,M,"48,8217109","2,2046203",92,2019,50.0,1.0,1.0,3.0,2160717,1.0,1,4,1,1.0,,-1.0,0,1990.0,B01,138Â 291Â 159,2.0,6.0,-1.0,1649788,2.0,33,,0.0,2.0,7.0,B01,138Â 291Â 159,1.0
966671,201900008202,10,19,16:00,1,2,3,2.0,3.0,71445,GRANDE RUE,M,"46,7729569","4,8929834",71,2019,50.0,1.0,2.0,3.0,2160718,1.0,1,1,2,0.0,,0.0,0,1949.0,A01,138Â 291Â 156,1.0,8.0,-1.0,1649789,2.0,7,,0.0,2.0,1.0,A01,138Â 291Â 156,1.0
966671,201900008202,10,19,16:00,1,2,3,2.0,3.0,71445,GRANDE RUE,M,"46,7729569","4,8929834",71,2019,50.0,1.0,2.0,3.0,2160718,1.0,1,1,2,0.0,,0.0,0,1949.0,A01,138Â 291Â 156,1.0,8.0,-1.0,1649790,1.0,7,,0.0,2.0,1.0,B01,138Â 291Â 157,1.0
966671,201900008202,10,19,16:00,1,2,3,2.0,3.0,71445,GRANDE RUE,M,"46,7729569","4,8929834",71,2019,50.0,1.0,2.0,3.0,2160719,1.0,1,4,2,0.0,,0.0,0,1994.0,B01,138Â 291Â 157,1.0,8.0,-1.0,1649789,2.0,7,,0.0,2.0,1.0,A01,138Â 291Â 156,1.0
966671,201900008202,10,19,16:00,1,2,3,2.0,3.0,71445,GRANDE RUE,M,"46,7729569","4,8929834",71,2019,50.0,1.0,2.0,3.0,2160719,1.0,1,4,2,0.0,,0.0,0,1994.0,B01,138Â 291Â 157,1.0,8.0,-1.0,1649790,1.0,7,,0.0,2.0,1.0,B01,138Â 291Â 157,1.0
966672,201900008203,10,19,19:15,5,2,3,2.0,6.0,69275,MICHEL SERVET                       (R ),M,"45,7595300","4,9690800",69,2019,50.0,1.0,2.0,4.0,2160720,5.0,2,1,1,0.0,,-1.0, -1,2002.0,A01,138Â 291Â 155,1.0,0.0,-1.0,1649791,3.0,7,,8.0,0.0,1.0,A01,138Â 291Â 155,1.0
966672,201900008203,10,19,19:15,5,2,3,2.0,6.0,69275,MICHEL SERVET                       (R ),M,"45,7595300","4,9690800",69,2019,50.0,1.0,2.0,4.0,2160721,1.0,1,1,1,5.0,,-1.0, -1,2001.0,A01,138Â 291Â 155,1.0,0.0,-1.0,1649791,3.0,7,,8.0,0.0,1.0,A01,138Â 291Â 155,1.0
966672,201900008203,10,19,19:15,5,2,3,2.0,6.0,69275,MICHEL SERVET                       (R ),M,"45,7595300","4,9690800",69,2019,50.0,1.0,2.0,4.0,2160722,4.0,2,4,1,5.0,,-1.0, -1,2002.0,A01,138Â 291Â 155,8.0,0.0,-1.0,1649791,3.0,7,,8.0,0.0,1.0,A01,138Â 291Â 155,1.0
966672,201900008203,10,19,19:15,5,2,3,2.0,6.0,69275,MICHEL SERVET                       (R ),M,"45,7595300","4,9690800",69,2019,50.0,1.0,2.0,4.0,2160723,2.0,2,1,1,5.0,,-1.0, -1,2000.0,A01,138Â 291Â 155,1.0,0.0,-1.0,1649791,3.0,7,,8.0,0.0,1.0,A01,138Â 291Â 155,1.0
966673,201900008204,10,12,16:30,1,2,6,1.0,3.0,68166,GUEBWILLER (RUE DE),M,"47,7900500","7,3156100",68,2019,50.0,1.0,1.0,4.0,2160724,1.0,1,1,2,5.0,,-1.0,0,1984.0,A01,138Â 291Â 153,1.0,8.0,-1.0,1649792,2.0,7,,0.0,2.0,2.0,A01,138Â 291Â 153,6.0
966673,201900008204,10,12,16:30,1,2,6,1.0,3.0,68166,GUEBWILLER (RUE DE),M,"47,7900500","7,3156100",68,2019,50.0,1.0,1.0,4.0,2160724,1.0,1,1,2,5.0,,-1.0,0,1984.0,A01,138Â 291Â 153,1.0,8.0,-1.0,1649793,2.0,32,,0.0,2.0,8.0,B01,138Â 291Â 154,6.0
966673,201900008204,10,12,16:30,1,2,6,1.0,3.0,68166,GUEBWILLER (RUE DE),M,"47,7900500","7,3156100",68,2019,50.0,1.0,1.0,4.0,2160725,1.0,1,4,1,5.0,,-1.0,0,1970.0,B01,138Â 291Â 154,2.0,8.0,-1.0,1649792,2.0,7,,0.0,2.0,2.0,A01,138Â 291Â 153,6.0
966673,201900008204,10,12,16:30,1,2,6,1.0,3.0,68166,GUEBWILLER (RUE DE),M,"47,7900500","7,3156100",68,2019,50.0,1.0,1.0,4.0,2160725,1.0,1,4,1,5.0,,-1.0,0,1970.0,B01,138Â 291Â 154,2.0,8.0,-1.0,1649793,2.0,32,,0.0,2.0,8.0,B01,138Â 291Â 154,6.0
966674,201900008205,10,19,19:00,1,2,1,1.0,7.0,64140,LASSALLE (RUE GEORGES),M,"43,5281000"," -1,4920500",64,2019,50.0,1.0,1.0,4.0,2160726,1.0,1,4,2,5.0,,0.0,0,2001.0,A01,138Â 291Â 152,2.0,6.0,-1.0,1649794,1.0,30,,0.0,0.0,0.0,A01,138Â 291Â 152,1.0
966675,201900008206,10,19,05:30,2,2,9,2.0,6.0,59350,DUNKERQUE AVENUE DE,M,"50,6454161","3,0115896",59,2019,50.0,1.0,2.0,7.0,2160727,10.0,3,4,2,1.0,,4.0,3,1991.0,Z01,138Â 291Â 151,8.0,0.0,-1.0,1649795,3.0,7,,0.0,1.0,1.0,Z01,138Â 291Â 151,0.0
966676,201900008207,10,2,12:00,1,2,1,1.0,6.0,59350,MONTEBELLO BOULEVARD NÂ° RESTE,M,"50,6190800","3,0494600",59,2019,50.0,1.0,1.0,4.0,2160728,10.0,3,4,1,5.0,,3.0,3,1936.0,A01,138Â 291Â 150,8.0,0.0,-1.0,1649796,2.0,14,,0.0,1.0,0.0,A01,138Â 291Â 150,0.0
966676,201900008207,10,2,12:00,1,2,1,1.0,6.0,59350,MONTEBELLO BOULEVARD NÂ° RESTE,M,"50,6190800","3,0494600",59,2019,50.0,1.0,1.0,4.0,2160729,1.0,1,1,1,4.0,,0.0,0,1994.0,A01,138Â 291Â 150,1.0,8.0,-1.0,1649796,2.0,14,,0.0,1.0,0.0,A01,138Â 291Â 150,0.0
966677,201900008208,10,19,09:00,1,2,1,2.0,7.0,51454,RUE DES POISSONNIERS,M,"49,2532800","4,0241800",51,2019,50.0,1.0,2.0,4.0,2160730,10.0,3,4,2,9.0,,1.0,3,1999.0,A01,138Â 291Â 145,8.0,0.0,-1.0,1649797,2.0,7,,0.0,1.0,1.0,A01,138Â 291Â 145,1.0
966677,201900008208,10,19,09:00,1,2,1,2.0,7.0,51454,RUE DES POISSONNIERS,M,"49,2532800","4,0241800",51,2019,50.0,1.0,2.0,4.0,2160731,1.0,1,1,1,0.0,,-1.0,0,1998.0,A01,138Â 291Â 145,1.0,0.0,-1.0,1649797,2.0,7,,0.0,1.0,1.0,A01,138Â 291Â 145,1.0
966678,201900008209,10,19,22:50,5,2,1,2.0,3.0,45147,364 RUE DU FAUBOURG BANNIER,M,"47,9308700","1,8955300",45,2019,50.0,1.0,2.0,4.0,2160732,1.0,1,1,1,5.0,,0.0,0,1995.0,B01,138Â 291Â 143,1.0,0.0,-1.0,1649798,2.0,7,,0.0,2.0,8.0,B01,138Â 291Â 143,2.0
966678,201900008209,10,19,22:50,5,2,1,2.0,3.0,45147,364 RUE DU FAUBOURG BANNIER,M,"47,9308700","1,8955300",45,2019,50.0,1.0,2.0,4.0,2160732,1.0,1,1,1,5.0,,0.0,0,1995.0,B01,138Â 291Â 143,1.0,0.0,-1.0,1649799,1.0,7,,0.0,2.0,1.0,A01,138Â 291Â 144,1.0
966678,201900008209,10,19,22:50,5,2,1,2.0,3.0,45147,364 RUE DU FAUBOURG BANNIER,M,"47,9308700","1,8955300",45,2019,50.0,1.0,2.0,4.0,2160733,2.0,2,4,1,0.0,,0.0,0,1999.0,A01,138Â 291Â 144,8.0,0.0,-1.0,1649798,2.0,7,,0.0,2.0,8.0,B01,138Â 291Â 143,2.0
966678,201900008209,10,19,22:50,5,2,1,2.0,3.0,45147,364 RUE DU FAUBOURG BANNIER,M,"47,9308700","1,8955300",45,2019,50.0,1.0,2.0,4.0,2160733,2.0,2,4,1,0.0,,0.0,0,1999.0,A01,138Â 291Â 144,8.0,0.0,-1.0,1649799,1.0,7,,0.0,2.0,1.0,A01,138Â 291Â 144,1.0
966678,201900008209,10,19,22:50,5,2,1,2.0,3.0,45147,364 RUE DU FAUBOURG BANNIER,M,"47,9308700","1,8955300",45,2019,50.0,1.0,2.0,4.0,2160734,1.0,1,4,1,0.0,,0.0,0,1999.0,A01,138Â 291Â 144,8.0,0.0,-1.0,1649798,2.0,7,,0.0,2.0,8.0,B01,138Â 291Â 143,2.0
966678,201900008209,10,19,22:50,5,2,1,2.0,3.0,45147,364 RUE DU FAUBOURG BANNIER,M,"47,9308700","1,8955300",45,2019,50.0,1.0,2.0,4.0,2160734,1.0,1,4,1,0.0,,0.0,0,1999.0,A01,138Â 291Â 144,8.0,0.0,-1.0,1649799,1.0,7,,0.0,2.0,1.0,A01,138Â 291Â 144,1.0
966679,201900008210,10,19,23:10,5,2,6,3.0,3.0,45004,R DE L' EUROPE - R J MONNET,M,"47,9780981","2,7293180",45,2019,50.0,1.0,2.0,4.0,2160735,1.0,1,1,1,5.0,,0.0,0,2000.0,A01,138Â 291Â 141,8.0,0.0,-1.0,1649800,3.0,7,,0.0,2.0,3.0,A01,138Â 291Â 141,1.0
966679,201900008210,10,19,23:10,5,2,6,3.0,3.0,45004,R DE L' EUROPE - R J MONNET,M,"47,9780981","2,7293180",45,2019,50.0,1.0,2.0,4.0,2160735,1.0,1,1,1,5.0,,0.0,0,2000.0,A01,138Â 291Â 141,8.0,0.0,-1.0,1649801,3.0,2,,0.0,2.0,5.0,B01,138Â 291Â 142,1.0
966679,201900008210,10,19,23:10,5,2,6,3.0,3.0,45004,R DE L' EUROPE - R J MONNET,M,"47,9780981","2,7293180",45,2019,50.0,1.0,2.0,4.0,2160736,1.0,1,4,1,5.0,,0.0,0,1991.0,B01,138Â 291Â 142,2.0,8.0,-1.0,1649800,3.0,7,,0.0,2.0,3.0,A01,138Â 291Â 141,1.0
966679,201900008210,10,19,23:10,5,2,6,3.0,3.0,45004,R DE L' EUROPE - R J MONNET,M,"47,9780981","2,7293180",45,2019,50.0,1.0,2.0,4.0,2160736,1.0,1,4,1,5.0,,0.0,0,1991.0,B01,138Â 291Â 142,2.0,8.0,-1.0,1649801,3.0,2,,0.0,2.0,5.0,B01,138Â 291Â 142,1.0
966680,201900008211,10,19,15:20,1,2,1,1.0,2.0,44109,BOULEVARD DES TRIBUNES,M,"47,2501900"," -1,5688700",44,2019,50.0,1.0,1.0,4.0,2160737,1.0,1,3,1,0.0,,0.0,0,2001.0,B01,138Â 291Â 139,8.0,0.0,-1.0,1649802,1.0,2,,0.0,2.0,7.0,B01,138Â 291Â 139,1.0
966680,201900008211,10,19,15:20,1,2,1,1.0,2.0,44109,BOULEVARD DES TRIBUNES,M,"47,2501900"," -1,5688700",44,2019,50.0,1.0,1.0,4.0,2160737,1.0,1,3,1,0.0,,0.0,0,2001.0,B01,138Â 291Â 139,8.0,0.0,-1.0,1649803,1.0,7,,0.0,2.0,3.0,A01,138Â 291Â 140,1.0
966680,201900008211,10,19,15:20,1,2,1,1.0,2.0,44109,BOULEVARD DES TRIBUNES,M,"47,2501900"," -1,5688700",44,2019,50.0,1.0,1.0,4.0,2160738,1.0,1,1,1,0.0,,0.0,0,1966.0,A01,138Â 291Â 140,1.0,0.0,-1.0,1649802,1.0,2,,0.0,2.0,7.0,B01,138Â 291Â 139,1.0
966680,201900008211,10,19,15:20,1,2,1,1.0,2.0,44109,BOULEVARD DES TRIBUNES,M,"47,2501900"," -1,5688700",44,2019,50.0,1.0,1.0,4.0,2160738,1.0,1,1,1,0.0,,0.0,0,1966.0,A01,138Â 291Â 140,1.0,0.0,-1.0,1649803,1.0,7,,0.0,2.0,3.0,A01,138Â 291Â 140,1.0
966681,201900008212,10,19,07:15,4,2,1,8.0,6.0,44143,PONT DES 3 CONTINENTS,M,"47,1977100"," -1,5618700",44,2019,50.0,1.0,2.0,4.0,2160739,1.0,1,1,2,1.0,,0.0,0,1958.0,A01,138Â 291Â 138,1.0,0.0,-1.0,1649804,1.0,7,,0.0,1.0,2.0,A01,138Â 291Â 138,1.0
966681,201900008212,10,19,07:15,4,2,1,8.0,6.0,44143,PONT DES 3 CONTINENTS,M,"47,1977100"," -1,5618700",44,2019,50.0,1.0,2.0,4.0,2160740,10.0,3,2,1,5.0,,1.0,2,1989.0,A01,138Â 291Â 138,8.0,0.0,-1.0,1649804,1.0,7,,0.0,1.0,2.0,A01,138Â 291Â 138,1.0
966682,201900008213,10,19,15:35,1,2,1,1.0,3.0,43157,MONTREDON (ROUTE DE),M,"45,0543000","3,9016200",43,2019,50.0,1.0,1.0,4.0,2160741,1.0,1,1,2,5.0,,-1.0,0,2001.0,B01,138Â 291Â 136,1.0,0.0,-1.0,1649805,1.0,7,,0.0,2.0,6.0,B01,138Â 291Â 136,1.0