Unnamed: 0_x,num_acc,mois,jour,hrmn,lum,agg,int,atm,col,com,adr,gps,lat,long,dep,annee,vma,situ,surf,catr,Unnamed: 0_y,place,catu,grav,sexe,trajet,secu,locp,actp,an_nais,num_veh_x,id_vehicule_x,secu1,secu2,secu3,Unnamed: 0,senc,catv,occutc,obs,obsm,choc,num_veh_y,id_vehicule_y,motor
966682,201900008213,10,19,15:35,1,2,1,1.0,3.0,43157,MONTREDON (ROUTE DE),M,"45,0543000","3,9016200",43,2019,50.0,1.0,1.0,4.0,2160741,1.0,1,1,2,5.0,,-1.0,0,2001.0,B01,138Â 291Â 136,1.0,0.0,-1.0,1649806,1.0,30,,0.0,2.0,2.0,A01,138Â 291Â 137,1.0
966682,201900008213,10,19,15:35,1,2,1,1.0,3.0,43157,MONTREDON (ROUTE DE),M,"45,0543000","3,9016200",43,2019,50.0,1.0,1.0,4.0,2160742,2.0,2,4,1,5.0,,-1.0,0,2004.0,A01,138Â 291Â 137,2.0,0.0,-1.0,1649805,1.0,7,,0.0,2.0,6.0,B01,138Â 291Â 136,1.0
966682,201900008213,10,19,15:35,1,2,1,1.0,3.0,43157,MONTREDON (ROUTE DE),M,"45,0543000","3,9016200",43,2019,50.0,1.0,1.0,4.0,2160742,2.0,2,4,1,5.0,,-1.0,0,2004.0,A01,138Â 291Â 137,2.0,0.0,-1.0,1649806,1.0,30,,0.0,2.0,2.0,A01,138Â 291Â 137,1.0
966682,201900008213,10,19,15:35,1,2,1,1.0,3.0,43157,MONTREDON (ROUTE DE),M,"45,0543000","3,9016200",43,2019,50.0,1.0,1.0,4.0,2160743,1.0,1,4,1,5.0,,-1.0,0,2002.0,A01,138Â 291Â 137,2.0,6.0,-1.0,1649805,1.0,7,,0.0,2.0,6.0,B01,138Â 291Â 136,1.0
966682,201900008213,10,19,15:35,1,2,1,1.0,3.0,43157,MONTREDON (ROUTE DE),M,"45,0543000","3,9016200",43,2019,50.0,1.0,1.0,4.0,2160743,1.0,1,4,1,5.0,,-1.0,0,2002.0,A01,138Â 291Â 137,2.0,6.0,-1.0,1649806,1.0,30,,0.0,2.0,2.0,A01,138Â 291Â 137,1.0
966683,201900008214,10,19,21:25,5,2,6,2.0,2.0,37261,GANCE (BOULEVARD ABEL),M,"47,4103036","0,7203702",37,2019,50.0,1.0,2.0,4.0,2160744,1.0,1,1,1,9.0,,-1.0, -1,1989.0,A01,138Â 291Â 133,1.0,0.0,-1.0,1649807,3.0,10,,0.0,2.0,1.0,A01,138Â 291Â 133,1.0
966683,201900008214,10,19,21:25,5,2,6,2.0,2.0,37261,GANCE (BOULEVARD ABEL),M,"47,4103036","0,7203702",37,2019,50.0,1.0,2.0,4.0,2160744,1.0,1,1,1,9.0,,-1.0, -1,1989.0,A01,138Â 291Â 133,1.0,0.0,-1.0,1649808,3.0,7,,0.0,2.0,4.0,B01,138Â 291Â 134,1.0
966683,201900008214,10,19,21:25,5,2,6,2.0,2.0,37261,GANCE (BOULEVARD ABEL),M,"47,4103036","0,7203702",37,2019,50.0,1.0,2.0,4.0,2160745,2.0,2,4,1,5.0,,-1.0, -1,2000.0,B01,138Â 291Â 134,1.0,0.0,-1.0,1649807,3.0,10,,0.0,2.0,1.0,A01,138Â 291Â 133,1.0
966683,201900008214,10,19,21:25,5,2,6,2.0,2.0,37261,GANCE (BOULEVARD ABEL),M,"47,4103036","0,7203702",37,2019,50.0,1.0,2.0,4.0,2160745,2.0,2,4,1,5.0,,-1.0, -1,2000.0,B01,138Â 291Â 134,1.0,0.0,-1.0,1649808,3.0,7,,0.0,2.0,4.0,B01,138Â 291Â 134,1.0
966683,201900008214,10,19,21:25,5,2,6,2.0,2.0,37261,GANCE (BOULEVARD ABEL),M,"47,4103036","0,7203702",37,2019,50.0,1.0,2.0,4.0,2160746,1.0,1,4,2,5.0,,-1.0, -1,2000.0,B01,138Â 291Â 134,1.0,0.0,-1.0,1649807,3.0,10,,0.0,2.0,1.0,A01,138Â 291Â 133,1.0
966683,201900008214,10,19,21:25,5,2,6,2.0,2.0,37261,GANCE (BOULEVARD ABEL),M,"47,4103036","0,7203702",37,2019,50.0,1.0,2.0,4.0,2160746,1.0,1,4,2,5.0,,-1.0, -1,2000.0,B01,138Â 291Â 134,1.0,0.0,-1.0,1649808,3.0,7,,0.0,2.0,4.0,B01,138Â 291Â 134,1.0
966684,201900008215,10,19,20:20,5,2,2,1.0,5.0,35238,PATTON (AVENUE DU GENERAL SIR GEORGES),M,"48,1353800"," -1,6595400",35,2019,50.0,1.0,1.0,4.0,2160747,3.0,2,4,1,0.0,,-1.0,0,2004.0,A01,138Â 291Â 130,1.0,0.0,-1.0,1649809,2.0,7,,1.0,2.0,1.0,A01,138Â 291Â 130,1.0
966684,201900008215,10,19,20:20,5,2,2,1.0,5.0,35238,PATTON (AVENUE DU GENERAL SIR GEORGES),M,"48,1353800"," -1,6595400",35,2019,50.0,1.0,1.0,4.0,2160747,3.0,2,4,1,0.0,,-1.0,0,2004.0,A01,138Â 291Â 130,1.0,0.0,-1.0,1649810,2.0,7,,0.0,2.0,1.0,B01,138Â 291Â 131,1.0
966684,201900008215,10,19,20:20,5,2,2,1.0,5.0,35238,PATTON (AVENUE DU GENERAL SIR GEORGES),M,"48,1353800"," -1,6595400",35,2019,50.0,1.0,1.0,4.0,2160747,3.0,2,4,1,0.0,,-1.0,0,2004.0,A01,138Â 291Â 130,1.0,0.0,-1.0,1649811,3.0,7,,0.0,2.0,4.0,C01,138Â 291Â 132,1.0
966684,201900008215,10,19,20:20,5,2,2,1.0,5.0,35238,PATTON (AVENUE DU GENERAL SIR GEORGES),M,"48,1353800"," -1,6595400",35,2019,50.0,1.0,1.0,4.0,2160748,1.0,1,1,1,5.0,,-1.0,0,2000.0,A01,138Â 291Â 130,1.0,0.0,-1.0,1649809,2.0,7,,1.0,2.0,1.0,A01,138Â 291Â 130,1.0
966684,201900008215,10,19,20:20,5,2,2,1.0,5.0,35238,PATTON (AVENUE DU GENERAL SIR GEORGES),M,"48,1353800"," -1,6595400",35,2019,50.0,1.0,1.0,4.0,2160748,1.0,1,1,1,5.0,,-1.0,0,2000.0,A01,138Â 291Â 130,1.0,0.0,-1.0,1649810,2.0,7,,0.0,2.0,1.0,B01,138Â 291Â 131,1.0
966684,201900008215,10,19,20:20,5,2,2,1.0,5.0,35238,PATTON (AVENUE DU GENERAL SIR GEORGES),M,"48,1353800"," -1,6595400",35,2019,50.0,1.0,1.0,4.0,2160748,1.0,1,1,1,5.0,,-1.0,0,2000.0,A01,138Â 291Â 130,1.0,0.0,-1.0,1649811,3.0,7,,0.0,2.0,4.0,C01,138Â 291Â 132,1.0
966684,201900008215,10,19,20:20,5,2,2,1.0,5.0,35238,PATTON (AVENUE DU GENERAL SIR GEORGES),M,"48,1353800"," -1,6595400",35,2019,50.0,1.0,1.0,4.0,2160749,3.0,2,1,1,0.0,,-1.0, -1,2003.0,A01,138Â 291Â 130,1.0,0.0,-1.0,1649809,2.0,7,,1.0,2.0,1.0,A01,138Â 291Â 130,1.0
966684,201900008215,10,19,20:20,5,2,2,1.0,5.0,35238,PATTON (AVENUE DU GENERAL SIR GEORGES),M,"48,1353800"," -1,6595400",35,2019,50.0,1.0,1.0,4.0,2160749,3.0,2,1,1,0.0,,-1.0, -1,2003.0,A01,138Â 291Â 130,1.0,0.0,-1.0,1649810,2.0,7,,0.0,2.0,1.0,B01,138Â 291Â 131,1.0
966684,201900008215,10,19,20:20,5,2,2,1.0,5.0,35238,PATTON (AVENUE DU GENERAL SIR GEORGES),M,"48,1353800"," -1,6595400",35,2019,50.0,1.0,1.0,4.0,2160749,3.0,2,1,1,0.0,,-1.0, -1,2003.0,A01,138Â 291Â 130,1.0,0.0,-1.0,1649811,3.0,7,,0.0,2.0,4.0,C01,138Â 291Â 132,1.0
966684,201900008215,10,19,20:20,5,2,2,1.0,5.0,35238,PATTON (AVENUE DU GENERAL SIR GEORGES),M,"48,1353800"," -1,6595400",35,2019,50.0,1.0,1.0,4.0,2160750,2.0,2,1,1,0.0,,-1.0, -1,2000.0,A01,138Â 291Â 130,1.0,0.0,-1.0,1649809,2.0,7,,1.0,2.0,1.0,A01,138Â 291Â 130,1.0
966684,201900008215,10,19,20:20,5,2,2,1.0,5.0,35238,PATTON (AVENUE DU GENERAL SIR GEORGES),M,"48,1353800"," -1,6595400",35,2019,50.0,1.0,1.0,4.0,2160750,2.0,2,1,1,0.0,,-1.0, -1,2000.0,A01,138Â 291Â 130,1.0,0.0,-1.0,1649810,2.0,7,,0.0,2.0,1.0,B01,138Â 291Â 131,1.0
966684,201900008215,10,19,20:20,5,2,2,1.0,5.0,35238,PATTON (AVENUE DU GENERAL SIR GEORGES),M,"48,1353800"," -1,6595400",35,2019,50.0,1.0,1.0,4.0,2160750,2.0,2,1,1,0.0,,-1.0, -1,2000.0,A01,138Â 291Â 130,1.0,0.0,-1.0,1649811,3.0,7,,0.0,2.0,4.0,C01,138Â 291Â 132,1.0
966684,201900008215,10,19,20:20,5,2,2,1.0,5.0,35238,PATTON (AVENUE DU GENERAL SIR GEORGES),M,"48,1353800"," -1,6595400",35,2019,50.0,1.0,1.0,4.0,2160751,4.0,2,1,1,0.0,,-1.0, -1,2002.0,A01,138Â 291Â 130,1.0,0.0,-1.0,1649809,2.0,7,,1.0,2.0,1.0,A01,138Â 291Â 130,1.0
966684,201900008215,10,19,20:20,5,2,2,1.0,5.0,35238,PATTON (AVENUE DU GENERAL SIR GEORGES),M,"48,1353800"," -1,6595400",35,2019,50.0,1.0,1.0,4.0,2160751,4.0,2,1,1,0.0,,-1.0, -1,2002.0,A01,138Â 291Â 130,1.0,0.0,-1.0,1649810,2.0,7,,0.0,2.0,1.0,B01,138Â 291Â 131,1.0
966684,201900008215,10,19,20:20,5,2,2,1.0,5.0,35238,PATTON (AVENUE DU GENERAL SIR GEORGES),M,"48,1353800"," -1,6595400",35,2019,50.0,1.0,1.0,4.0,2160751,4.0,2,1,1,0.0,,-1.0, -1,2002.0,A01,138Â 291Â 130,1.0,0.0,-1.0,1649811,3.0,7,,0.0,2.0,4.0,C01,138Â 291Â 132,1.0
966684,201900008215,10,19,20:20,5,2,2,1.0,5.0,35238,PATTON (AVENUE DU GENERAL SIR GEORGES),M,"48,1353800"," -1,6595400",35,2019,50.0,1.0,1.0,4.0,2160752,1.0,1,1,1,0.0,,-1.0, -1,1961.0,B01,138Â 291Â 131,1.0,8.0,-1.0,1649809,2.0,7,,1.0,2.0,1.0,A01,138Â 291Â 130,1.0
966684,201900008215,10,19,20:20,5,2,2,1.0,5.0,35238,PATTON (AVENUE DU GENERAL SIR GEORGES),M,"48,1353800"," -1,6595400",35,2019,50.0,1.0,1.0,4.0,2160752,1.0,1,1,1,0.0,,-1.0, -1,1961.0,B01,138Â 291Â 131,1.0,8.0,-1.0,1649810,2.0,7,,0.0,2.0,1.0,B01,138Â 291Â 131,1.0
966684,201900008215,10,19,20:20,5,2,2,1.0,5.0,35238,PATTON (AVENUE DU GENERAL SIR GEORGES),M,"48,1353800"," -1,6595400",35,2019,50.0,1.0,1.0,4.0,2160752,1.0,1,1,1,0.0,,-1.0, -1,1961.0,B01,138Â 291Â 131,1.0,8.0,-1.0,1649811,3.0,7,,0.0,2.0,4.0,C01,138Â 291Â 132,1.0
966684,201900008215,10,19,20:20,5,2,2,1.0,5.0,35238,PATTON (AVENUE DU GENERAL SIR GEORGES),M,"48,1353800"," -1,6595400",35,2019,50.0,1.0,1.0,4.0,2160753,1.0,1,1,1,9.0,,-1.0, -1,1955.0,C01,138Â 291Â 132,1.0,0.0,-1.0,1649809,2.0,7,,1.0,2.0,1.0,A01,138Â 291Â 130,1.0
966684,201900008215,10,19,20:20,5,2,2,1.0,5.0,35238,PATTON (AVENUE DU GENERAL SIR GEORGES),M,"48,1353800"," -1,6595400",35,2019,50.0,1.0,1.0,4.0,2160753,1.0,1,1,1,9.0,,-1.0, -1,1955.0,C01,138Â 291Â 132,1.0,0.0,-1.0,1649810,2.0,7,,0.0,2.0,1.0,B01,138Â 291Â 131,1.0
966684,201900008215,10,19,20:20,5,2,2,1.0,5.0,35238,PATTON (AVENUE DU GENERAL SIR GEORGES),M,"48,1353800"," -1,6595400",35,2019,50.0,1.0,1.0,4.0,2160753,1.0,1,1,1,9.0,,-1.0, -1,1955.0,C01,138Â 291Â 132,1.0,0.0,-1.0,1649811,3.0,7,,0.0,2.0,4.0,C01,138Â 291Â 132,1.0
966685,201900008216,10,19,15:50,1,2,2,1.0,7.0,35238,FREVILLE (AVENUE HENRI),M,"48,0867130"," -1,6752722",35,2019,50.0,1.0,1.0,4.0,2160754,1.0,1,4,1,3.0,,-1.0, -1,1974.0,A01,138Â 291Â 129,2.0,6.0,-1.0,1649812,1.0,33,,0.0,0.0,0.0,A01,138Â 291Â 129,1.0
966685,201900008216,10,19,15:50,1,2,2,1.0,7.0,35238,FREVILLE (AVENUE HENRI),M,"48,0867130"," -1,6752722",35,2019,50.0,1.0,1.0,4.0,2160755,2.0,2,4,2,3.0,,-1.0, -1,1973.0,A01,138Â 291Â 129,2.0,6.0,-1.0,1649812,1.0,33,,0.0,0.0,0.0,A01,138Â 291Â 129,1.0
966686,201900008217,10,19,02:03,5,2,1,1.0,6.0,34172,LIBERTE (AVENUE DE LA,M,"43,6083100","3,8622900",34,2019,50.0,1.0,1.0,4.0,2160756,10.0,3,3,1,5.0,,9.0,9,1981.0,B01,138Â 291Â 128,0.0,8.0,-1.0,1649813,3.0,7,,0.0,2.0,4.0,B01,138Â 291Â 128,0.0
966687,201900008218,10,19,16:55,1,2,1,1.0,3.0,33192,RTE DE LEOGNAN,M,"44,7516500"," -0,6162500",33,2019,50.0,1.0,1.0,4.0,2160757,1.0,1,4,1,0.0,,-1.0,0,1963.0,B01,138Â 291Â 126,8.0,0.0,-1.0,1649814,0.0,1,,0.0,2.0,1.0,B01,138Â 291Â 126,5.0
966687,201900008218,10,19,16:55,1,2,1,1.0,3.0,33192,RTE DE LEOGNAN,M,"44,7516500"," -0,6162500",33,2019,50.0,1.0,1.0,4.0,2160757,1.0,1,4,1,0.0,,-1.0,0,1963.0,B01,138Â 291Â 126,8.0,0.0,-1.0,1649815,0.0,7,,0.0,2.0,3.0,A01,138Â 291Â 127,1.0
966687,201900008218,10,19,16:55,1,2,1,1.0,3.0,33192,RTE DE LEOGNAN,M,"44,7516500"," -0,6162500",33,2019,50.0,1.0,1.0,4.0,2160758,1.0,1,1,2,0.0,,-1.0,0,1974.0,A01,138Â 291Â 127,8.0,0.0,-1.0,1649814,0.0,1,,0.0,2.0,1.0,B01,138Â 291Â 126,5.0
966687,201900008218,10,19,16:55,1,2,1,1.0,3.0,33192,RTE DE LEOGNAN,M,"44,7516500"," -0,6162500",33,2019,50.0,1.0,1.0,4.0,2160758,1.0,1,1,2,0.0,,-1.0,0,1974.0,A01,138Â 291Â 127,8.0,0.0,-1.0,1649815,0.0,7,,0.0,2.0,3.0,A01,138Â 291Â 127,1.0
966688,201900008219,10,19,12:55,1,2,1,1.0,3.0,33522,RUE PACARIS,M,"44,7981500"," -0,5817500",33,2019,50.0,1.0,1.0,4.0,2160759,1.0,1,1,2,5.0,,-1.0,0,1963.0,A01,138Â 291Â 124,1.0,0.0,-1.0,1649816,2.0,7,,0.0,2.0,1.0,A01,138Â 291Â 124,1.0
966688,201900008219,10,19,12:55,1,2,1,1.0,3.0,33522,RUE PACARIS,M,"44,7981500"," -0,5817500",33,2019,50.0,1.0,1.0,4.0,2160759,1.0,1,1,2,5.0,,-1.0,0,1963.0,A01,138Â 291Â 124,1.0,0.0,-1.0,1649817,2.0,1,,0.0,2.0,8.0,B01,138Â 291Â 125,5.0
966688,201900008219,10,19,12:55,1,2,1,1.0,3.0,33522,RUE PACARIS,M,"44,7981500"," -0,5817500",33,2019,50.0,1.0,1.0,4.0,2160760,1.0,1,3,1,1.0,,-1.0,0,1992.0,B01,138Â 291Â 125,8.0,0.0,-1.0,1649816,2.0,7,,0.0,2.0,1.0,A01,138Â 291Â 124,1.0
966688,201900008219,10,19,12:55,1,2,1,1.0,3.0,33522,RUE PACARIS,M,"44,7981500"," -0,5817500",33,2019,50.0,1.0,1.0,4.0,2160760,1.0,1,3,1,1.0,,-1.0,0,1992.0,B01,138Â 291Â 125,8.0,0.0,-1.0,1649817,2.0,1,,0.0,2.0,8.0,B01,138Â 291Â 125,5.0
966689,201900008220,10,19,19:51,3,2,1,2.0,6.0,33009,D217E1 (Av.Theophile Gautier),M,"44,6461000"," -1,1901000",33,2019,50.0,1.0,2.0,3.0,2160761,1.0,1,4,2,0.0,,-1.0, -1,1931.0,A01,138Â 291Â 123,1.0,0.0,-1.0,1649818,2.0,7,,8.0,0.0,0.0,A01,138Â 291Â 123,1.0
966690,201900008221,10,19,11:30,1,2,1,2.0,7.0,33529,BISCAROSSE (AVE DE) JUSQU'A DUNE,M,"44,6040200"," -1,1984000",33,2019,50.0,1.0,2.0,3.0,2160762,1.0,1,4,1,0.0,,-1.0, -1,1953.0,A01,138Â 291Â 122,2.0,0.0,-1.0,1649819,2.0,33,,0.0,0.0,8.0,A01,138Â 291Â 122,1.0
966691,201900008222,10,19,14:35,1,1,1,1.0,7.0,32013,SAINTES (CHEMIN DE),M,"43,6375600","0,5660300",32,2019,80.0,1.0,1.0,4.0,2160763,1.0,1,4,2,3.0,,-1.0, -1,1959.0,A01,138Â 291Â 121,1.0,8.0,-1.0,1649820,3.0,7,,13.0,0.0,2.0,A01,138Â 291Â 121,1.0
966692,201900008223,10,19,05:40,5,2,1,1.0,7.0,32013,LIBERATION (PLACE DE LA),M,"43,6468000","0,5834300",32,2019,30.0,1.0,1.0,4.0,2160764,2.0,2,1,1,5.0,,-1.0, -1,1997.0,A01,138Â 291Â 120,2.0,8.0,-1.0,1649821,3.0,30,,0.0,0.0,0.0,A01,138Â 291Â 120,1.0
966692,201900008223,10,19,05:40,5,2,1,1.0,7.0,32013,LIBERATION (PLACE DE LA),M,"43,6468000","0,5834300",32,2019,30.0,1.0,1.0,4.0,2160765,1.0,1,4,1,5.0,,-1.0, -1,2001.0,A01,138Â 291Â 120,2.0,8.0,-1.0,1649821,3.0,30,,0.0,0.0,0.0,A01,138Â 291Â 120,1.0
966693,201900008224,10,18,13:17,1,1,1,2.0,2.0,29232,BENODET ROUTE DE,M,"47,9427000"," -4,0726800",29,2019,80.0,1.0,2.0,3.0,2160766,1.0,1,4,2,0.0,,0.0,0,1964.0,A01,138Â 291Â 118,1.0,0.0,-1.0,1649822,1.0,7,,0.0,0.0,6.0,A01,138Â 291Â 118,0.0
966693,201900008224,10,18,13:17,1,1,1,2.0,2.0,29232,BENODET ROUTE DE,M,"47,9427000"," -4,0726800",29,2019,80.0,1.0,2.0,3.0,2160766,1.0,1,4,2,0.0,,0.0,0,1964.0,A01,138Â 291Â 118,1.0,0.0,-1.0,1649823,1.0,7,,0.0,0.0,2.0,B01,138Â 291Â 119,0.0
966693,201900008224,10,18,13:17,1,1,1,2.0,2.0,29232,BENODET ROUTE DE,M,"47,9427000"," -4,0726800",29,2019,80.0,1.0,2.0,3.0,2160767,1.0,1,1,1,0.0,,-1.0,0,1941.0,B01,138Â 291Â 119,1.0,0.0,-1.0,1649822,1.0,7,,0.0,0.0,6.0,A01,138Â 291Â 118,0.0
966693,201900008224,10,18,13:17,1,1,1,2.0,2.0,29232,BENODET ROUTE DE,M,"47,9427000"," -4,0726800",29,2019,80.0,1.0,2.0,3.0,2160767,1.0,1,1,1,0.0,,-1.0,0,1941.0,B01,138Â 291Â 119,1.0,0.0,-1.0,1649823,1.0,7,,0.0,0.0,2.0,B01,138Â 291Â 119,0.0
966694,201900008225,10,18,13:05,1,2,6,1.0,3.0,22113,AIGUILLON (QUAI D'),M,"48,7322400"," -3,4618300",22,2019,30.0,1.0,1.0,3.0,2160768,1.0,1,4,1,9.0,,0.0,0,2002.0,A01,138Â 291Â 115,2.0,6.0,-1.0,1649824,1.0,2,,0.0,2.0,1.0,A01,138Â 291Â 115,1.0
966694,201900008225,10,18,13:05,1,2,6,1.0,3.0,22113,AIGUILLON (QUAI D'),M,"48,7322400"," -3,4618300",22,2019,30.0,1.0,1.0,3.0,2160768,1.0,1,4,1,9.0,,0.0,0,2002.0,A01,138Â 291Â 115,2.0,6.0,-1.0,1649825,1.0,7,,0.0,2.0,2.0,B01,138Â 291Â 116,1.0
966694,201900008225,10,18,13:05,1,2,6,1.0,3.0,22113,AIGUILLON (QUAI D'),M,"48,7322400"," -3,4618300",22,2019,30.0,1.0,1.0,3.0,2160769,1.0,1,1,1,9.0,,0.0,0,1997.0,B01,138Â 291Â 116,1.0,0.0,-1.0,1649824,1.0,2,,0.0,2.0,1.0,A01,138Â 291Â 115,1.0
966694,201900008225,10,18,13:05,1,2,6,1.0,3.0,22113,AIGUILLON (QUAI D'),M,"48,7322400"," -3,4618300",22,2019,30.0,1.0,1.0,3.0,2160769,1.0,1,1,1,9.0,,0.0,0,1997.0,B01,138Â 291Â 116,1.0,0.0,-1.0,1649825,1.0,7,,0.0,2.0,2.0,B01,138Â 291Â 116,1.0
966695,201900008226,10,19,03:00,5,2,1,1.0,6.0,13208,MICHELET (BOULEVARD),M,"43,2658100","5,3948000",13,2019,50.0,1.0,1.0,4.0,2160770,2.0,2,4,1,0.0,,-1.0, -1,1987.0,A01,138Â 291Â 112,1.0,5.0,-1.0,1649826,1.0,7,,1.0,0.0,2.0,A01,138Â 291Â 112,1.0
966696,201900008227,10,19,02:10,5,2,7,1.0,3.0,13206,LAFON (RUE),M,"43,2914560","5,3816030",13,2019,50.0,1.0,1.0,4.0,2160771,1.0,1,4,1,5.0,,-1.0, -1,1901.0,B01,138Â 291Â 110,8.0,0.0,-1.0,1649827,1.0,50,,0.0,2.0,1.0,B01,138Â 291Â 110,3.0
966696,201900008227,10,19,02:10,5,2,7,1.0,3.0,13206,LAFON (RUE),M,"43,2914560","5,3816030",13,2019,50.0,1.0,1.0,4.0,2160771,1.0,1,4,1,5.0,,-1.0, -1,1901.0,B01,138Â 291Â 110,8.0,0.0,-1.0,1649828,1.0,7,,0.0,6.0,2.0,A01,138Â 291Â 111,1.0
966696,201900008227,10,19,02:10,5,2,7,1.0,3.0,13206,LAFON (RUE),M,"43,2914560","5,3816030",13,2019,50.0,1.0,1.0,4.0,2160772,1.0,1,1,1,5.0,,-1.0, -1,1985.0,A01,138Â 291Â 111,1.0,0.0,-1.0,1649827,1.0,50,,0.0,2.0,1.0,B01,138Â 291Â 110,3.0
966696,201900008227,10,19,02:10,5,2,7,1.0,3.0,13206,LAFON (RUE),M,"43,2914560","5,3816030",13,2019,50.0,1.0,1.0,4.0,2160772,1.0,1,1,1,5.0,,-1.0, -1,1985.0,A01,138Â 291Â 111,1.0,0.0,-1.0,1649828,1.0,7,,0.0,6.0,2.0,A01,138Â 291Â 111,1.0
966697,201900008228,10,18,19:30,2,2,1,1.0,4.0,13204,ALEX. FLEMING (BOULEVARD),M,"43,3144000","5,4042800",13,2019,50.0,1.0,1.0,4.0,2160773,1.0,1,1,2,9.0,,-1.0,0,2001.0,C01,138Â 291Â 107,8.0,0.0,-1.0,1649829,3.0,7,,0.0,2.0,4.0,C01,138Â 291Â 107,1.0
966697,201900008228,10,18,19:30,2,2,1,1.0,4.0,13204,ALEX. FLEMING (BOULEVARD),M,"43,3144000","5,4042800",13,2019,50.0,1.0,1.0,4.0,2160773,1.0,1,1,2,9.0,,-1.0,0,2001.0,C01,138Â 291Â 107,8.0,0.0,-1.0,1649830,3.0,7,,0.0,2.0,4.0,B01,138Â 291Â 108,1.0
966697,201900008228,10,18,19:30,2,2,1,1.0,4.0,13204,ALEX. FLEMING (BOULEVARD),M,"43,3144000","5,4042800",13,2019,50.0,1.0,1.0,4.0,2160773,1.0,1,1,2,9.0,,-1.0,0,2001.0,C01,138Â 291Â 107,8.0,0.0,-1.0,1649831,3.0,7,,0.0,2.0,1.0,A01,138Â 291Â 109,1.0
966697,201900008228,10,18,19:30,2,2,1,1.0,4.0,13204,ALEX. FLEMING (BOULEVARD),M,"43,3144000","5,4042800",13,2019,50.0,1.0,1.0,4.0,2160774,1.0,1,4,2,1.0,,-1.0,0,1956.0,B01,138Â 291Â 108,1.0,8.0,-1.0,1649829,3.0,7,,0.0,2.0,4.0,C01,138Â 291Â 107,1.0
966697,201900008228,10,18,19:30,2,2,1,1.0,4.0,13204,ALEX. FLEMING (BOULEVARD),M,"43,3144000","5,4042800",13,2019,50.0,1.0,1.0,4.0,2160774,1.0,1,4,2,1.0,,-1.0,0,1956.0,B01,138Â 291Â 108,1.0,8.0,-1.0,1649830,3.0,7,,0.0,2.0,4.0,B01,138Â 291Â 108,1.0
966697,201900008228,10,18,19:30,2,2,1,1.0,4.0,13204,ALEX. FLEMING (BOULEVARD),M,"43,3144000","5,4042800",13,2019,50.0,1.0,1.0,4.0,2160774,1.0,1,4,2,1.0,,-1.0,0,1956.0,B01,138Â 291Â 108,1.0,8.0,-1.0,1649831,3.0,7,,0.0,2.0,1.0,A01,138Â 291Â 109,1.0
966697,201900008228,10,18,19:30,2,2,1,1.0,4.0,13204,ALEX. FLEMING (BOULEVARD),M,"43,3144000","5,4042800",13,2019,50.0,1.0,1.0,4.0,2160775,1.0,1,1,1,9.0,,-1.0,0,2001.0,A01,138Â 291Â 109,8.0,0.0,-1.0,1649829,3.0,7,,0.0,2.0,4.0,C01,138Â 291Â 107,1.0
966697,201900008228,10,18,19:30,2,2,1,1.0,4.0,13204,ALEX. FLEMING (BOULEVARD),M,"43,3144000","5,4042800",13,2019,50.0,1.0,1.0,4.0,2160775,1.0,1,1,1,9.0,,-1.0,0,2001.0,A01,138Â 291Â 109,8.0,0.0,-1.0,1649830,3.0,7,,0.0,2.0,4.0,B01,138Â 291Â 108,1.0
966697,201900008228,10,18,19:30,2,2,1,1.0,4.0,13204,ALEX. FLEMING (BOULEVARD),M,"43,3144000","5,4042800",13,2019,50.0,1.0,1.0,4.0,2160775,1.0,1,1,1,9.0,,-1.0,0,2001.0,A01,138Â 291Â 109,8.0,0.0,-1.0,1649831,3.0,7,,0.0,2.0,1.0,A01,138Â 291Â 109,1.0
966698,201900008229,10,19,21:40,5,2,1,2.0,2.0,10387,EDOUARD HERRIOT (RUE),M,"48,2740000","4,0806000",10,2019,50.0,1.0,2.0,4.0,2160776,1.0,1,4,1,0.0,,-1.0,0,1979.0,A01,138Â 291Â 105,1.0,0.0,-1.0,1649832,1.0,7,,0.0,2.0,2.0,A01,138Â 291Â 105,1.0
966698,201900008229,10,19,21:40,5,2,1,2.0,2.0,10387,EDOUARD HERRIOT (RUE),M,"48,2740000","4,0806000",10,2019,50.0,1.0,2.0,4.0,2160776,1.0,1,4,1,0.0,,-1.0,0,1979.0,A01,138Â 291Â 105,1.0,0.0,-1.0,1649833,3.0,7,,0.0,2.0,6.0,B01,138Â 291Â 106,1.0
966698,201900008229,10,19,21:40,5,2,1,2.0,2.0,10387,EDOUARD HERRIOT (RUE),M,"48,2740000","4,0806000",10,2019,50.0,1.0,2.0,4.0,2160777,2.0,2,1,1,9.0,,-1.0, -1,1978.0,A01,138Â 291Â 105,1.0,0.0,-1.0,1649832,1.0,7,,0.0,2.0,2.0,A01,138Â 291Â 105,1.0
966698,201900008229,10,19,21:40,5,2,1,2.0,2.0,10387,EDOUARD HERRIOT (RUE),M,"48,2740000","4,0806000",10,2019,50.0,1.0,2.0,4.0,2160777,2.0,2,1,1,9.0,,-1.0, -1,1978.0,A01,138Â 291Â 105,1.0,0.0,-1.0,1649833,3.0,7,,0.0,2.0,6.0,B01,138Â 291Â 106,1.0