Unnamed: 0_x,num_acc,mois,jour,hrmn,lum,agg,int,atm,col,com,adr,gps,lat,long,dep,annee,vma,situ,surf,catr,Unnamed: 0_y,place,catu,grav,sexe,trajet,secu,locp,actp,an_nais,num_veh_x,id_vehicule_x,secu1,secu2,secu3,Unnamed: 0,senc,catv,occutc,obs,obsm,choc,num_veh_y,id_vehicule_y,motor
966698,201900008229,10,19,21:40,5,2,1,2.0,2.0,10387,EDOUARD HERRIOT (RUE),M,"48,2740000","4,0806000",10,2019,50.0,1.0,2.0,4.0,2160778,1.0,1,4,1,0.0,,-1.0, -1,1979.0,B01,138Â 291Â 106,1.0,0.0,-1.0,1649832,1.0,7,,0.0,2.0,2.0,A01,138Â 291Â 105,1.0
966698,201900008229,10,19,21:40,5,2,1,2.0,2.0,10387,EDOUARD HERRIOT (RUE),M,"48,2740000","4,0806000",10,2019,50.0,1.0,2.0,4.0,2160778,1.0,1,4,1,0.0,,-1.0, -1,1979.0,B01,138Â 291Â 106,1.0,0.0,-1.0,1649833,3.0,7,,0.0,2.0,6.0,B01,138Â 291Â 106,1.0
966699,201900008230,10,19,13:59,1,2,1,1.0,6.0,75106,BOULEVARD DU MONTPARNASSE,M,"48,8432235","2,3261134",75,2019,50.0,6.0,1.0,4.0,2160779,10.0,3,4,1,5.0,,4.0,3,2000.0,Z01,138Â 291Â 104,0.0,-1.0,-1.0,1649834,2.0,7,,0.0,1.0,2.0,Z01,138Â 291Â 104,1.0
966700,201900008231,10,18,11:10,1,2,2,7.0,6.0,75106,RUE D ASSAS,M,"48,8503877","2,3277044",75,2019,50.0,1.0,1.0,4.0,2160780,1.0,1,1,1,1.0,,0.0,0,1968.0,A01,138Â 291Â 103,2.0,6.0,-1.0,1649835,1.0,33,,0.0,1.0,8.0,A01,138Â 291Â 103,1.0
966700,201900008231,10,18,11:10,1,2,2,7.0,6.0,75106,RUE D ASSAS,M,"48,8503877","2,3277044",75,2019,50.0,1.0,1.0,4.0,2160781,10.0,3,2,2,0.0,,4.0,3,1932.0,A01,138Â 291Â 103,0.0,-1.0,-1.0,1649835,1.0,33,,0.0,1.0,8.0,A01,138Â 291Â 103,1.0
966701,201900008232,10,19,09:45,1,2,2,8.0,3.0,75120,COURS DE VINCENNES,M,"48,8474750","2,4064190",75,2019,50.0,1.0,2.0,4.0,2160782,1.0,1,1,1,5.0,,0.0,0,1953.0,B01,138Â 291Â 101,1.0,0.0,-1.0,1649836,1.0,7,,0.0,2.0,5.0,B01,138Â 291Â 101,1.0
966701,201900008232,10,19,09:45,1,2,2,8.0,3.0,75120,COURS DE VINCENNES,M,"48,8474750","2,4064190",75,2019,50.0,1.0,2.0,4.0,2160782,1.0,1,1,1,5.0,,0.0,0,1953.0,B01,138Â 291Â 101,1.0,0.0,-1.0,1649837,2.0,32,,0.0,2.0,1.0,A01,138Â 291Â 102,1.0
966701,201900008232,10,19,09:45,1,2,2,8.0,3.0,75120,COURS DE VINCENNES,M,"48,8474750","2,4064190",75,2019,50.0,1.0,2.0,4.0,2160783,1.0,1,4,1,1.0,,0.0,0,1987.0,A01,138Â 291Â 102,2.0,6.0,-1.0,1649836,1.0,7,,0.0,2.0,5.0,B01,138Â 291Â 101,1.0
966701,201900008232,10,19,09:45,1,2,2,8.0,3.0,75120,COURS DE VINCENNES,M,"48,8474750","2,4064190",75,2019,50.0,1.0,2.0,4.0,2160783,1.0,1,4,1,1.0,,0.0,0,1987.0,A01,138Â 291Â 102,2.0,6.0,-1.0,1649837,2.0,32,,0.0,2.0,1.0,A01,138Â 291Â 102,1.0
966702,201900008233,10,19,05:10,5,2,7,2.0,6.0,75119,PLACE AUGUSTE BARON,M,"48,9006334","2,3870286",75,2019,50.0,1.0,2.0,4.0,2160784,10.0,3,4,1,1.0,,2.0,9,1981.0,A01,138Â 291Â 100,0.0,-1.0,-1.0,1649838,1.0,7,,1.0,1.0,1.0,A01,138Â 291Â 100,1.0
966702,201900008233,10,19,05:10,5,2,7,2.0,6.0,75119,PLACE AUGUSTE BARON,M,"48,9006334","2,3870286",75,2019,50.0,1.0,2.0,4.0,2160785,2.0,2,4,1,0.0,,0.0,0,2002.0,A01,138Â 291Â 100,1.0,0.0,-1.0,1649838,1.0,7,,1.0,1.0,1.0,A01,138Â 291Â 100,1.0
966702,201900008233,10,19,05:10,5,2,7,2.0,6.0,75119,PLACE AUGUSTE BARON,M,"48,9006334","2,3870286",75,2019,50.0,1.0,2.0,4.0,2160786,1.0,1,1,1,5.0,,0.0,0,1998.0,A01,138Â 291Â 100,1.0,0.0,-1.0,1649838,1.0,7,,1.0,1.0,1.0,A01,138Â 291Â 100,1.0
966703,201900008234,10,19,09:14,2,2,3,8.0,6.0,75118,RUE MARX DORMOY,M,"48,8890515","2,3599021",75,2019,50.0,1.0,2.0,4.0,2160787,1.0,1,4,2,3.0,,0.0,0,1962.0,A01,138Â 291Â 098,2.0,6.0,-1.0,1649839,1.0,32,,0.0,2.0,7.0,A01,138Â 291Â 098,1.0
966703,201900008234,10,19,09:14,2,2,3,8.0,6.0,75118,RUE MARX DORMOY,M,"48,8890515","2,3599021",75,2019,50.0,1.0,2.0,4.0,2160787,1.0,1,4,2,3.0,,0.0,0,1962.0,A01,138Â 291Â 098,2.0,6.0,-1.0,1649840,1.0,10,,0.0,2.0,0.0,Z01,138Â 291Â 099,0.0
966704,201900008235,10,18,13:50,1,2,1,1.0,3.0,75115,QUAI D ISSY LES MOULINEAUX,M,"48,8347933","2,2689116",75,2019,50.0,1.0,1.0,4.0,2160788,1.0,1,1,1,4.0,,0.0,0,1987.0,A01,138Â 291Â 096,1.0,0.0,-1.0,1649841,1.0,15,,0.0,2.0,1.0,A01,138Â 291Â 096,1.0
966704,201900008235,10,18,13:50,1,2,1,1.0,3.0,75115,QUAI D ISSY LES MOULINEAUX,M,"48,8347933","2,2689116",75,2019,50.0,1.0,1.0,4.0,2160788,1.0,1,1,1,4.0,,0.0,0,1987.0,A01,138Â 291Â 096,1.0,0.0,-1.0,1649842,1.0,33,,0.0,2.0,0.0,B01,138Â 291Â 097,1.0
966704,201900008235,10,18,13:50,1,2,1,1.0,3.0,75115,QUAI D ISSY LES MOULINEAUX,M,"48,8347933","2,2689116",75,2019,50.0,1.0,1.0,4.0,2160789,1.0,1,4,2,4.0,,0.0,0,1990.0,B01,138Â 291Â 097,2.0,6.0,-1.0,1649841,1.0,15,,0.0,2.0,1.0,A01,138Â 291Â 096,1.0
966704,201900008235,10,18,13:50,1,2,1,1.0,3.0,75115,QUAI D ISSY LES MOULINEAUX,M,"48,8347933","2,2689116",75,2019,50.0,1.0,1.0,4.0,2160789,1.0,1,4,2,4.0,,0.0,0,1990.0,B01,138Â 291Â 097,2.0,6.0,-1.0,1649842,1.0,33,,0.0,2.0,0.0,B01,138Â 291Â 097,1.0
966705,201900008236,10,19,17:35,1,2,4,1.0,6.0,75114,AVENUE DU MAINE,M,"48,8314570","2,3254260",75,2019,50.0,1.0,1.0,4.0,2160790,10.0,3,4,1,5.0,,2.0,3,1992.0,A01,138Â 291Â 095,0.0,-1.0,-1.0,1649843,1.0,32,,0.0,1.0,3.0,A01,138Â 291Â 095,1.0
966705,201900008236,10,19,17:35,1,2,4,1.0,6.0,75114,AVENUE DU MAINE,M,"48,8314570","2,3254260",75,2019,50.0,1.0,1.0,4.0,2160791,1.0,1,4,1,5.0,,0.0,0,1993.0,A01,138Â 291Â 095,2.0,6.0,-1.0,1649843,1.0,32,,0.0,1.0,3.0,A01,138Â 291Â 095,1.0
966706,201900008237,10,19,16:30,1,2,4,1.0,2.0,75105,BOULEVARD DE L HOPITAL,M,"48,8399870","2,3617600",75,2019,50.0,1.0,1.0,4.0,2160792,1.0,1,4,1,0.0,,0.0,0,1993.0,B01,138Â 291Â 093,2.0,6.0,-1.0,1649844,2.0,34,,0.0,2.0,4.0,B01,138Â 291Â 093,1.0
966706,201900008237,10,19,16:30,1,2,4,1.0,2.0,75105,BOULEVARD DE L HOPITAL,M,"48,8399870","2,3617600",75,2019,50.0,1.0,1.0,4.0,2160792,1.0,1,4,1,0.0,,0.0,0,1993.0,B01,138Â 291Â 093,2.0,6.0,-1.0,1649845,2.0,7,,0.0,2.0,3.0,A01,138Â 291Â 094,1.0
966706,201900008237,10,19,16:30,1,2,4,1.0,2.0,75105,BOULEVARD DE L HOPITAL,M,"48,8399870","2,3617600",75,2019,50.0,1.0,1.0,4.0,2160793,1.0,1,1,1,0.0,,0.0,0,1978.0,A01,138Â 291Â 094,1.0,0.0,-1.0,1649844,2.0,34,,0.0,2.0,4.0,B01,138Â 291Â 093,1.0
966706,201900008237,10,19,16:30,1,2,4,1.0,2.0,75105,BOULEVARD DE L HOPITAL,M,"48,8399870","2,3617600",75,2019,50.0,1.0,1.0,4.0,2160793,1.0,1,1,1,0.0,,0.0,0,1978.0,A01,138Â 291Â 094,1.0,0.0,-1.0,1649845,2.0,7,,0.0,2.0,3.0,A01,138Â 291Â 094,1.0
966707,201900008238,10,19,17:15,1,2,2,1.0,6.0,75110,RUE BEAUREPAIRE,M,"48,8693256","2,3633875",75,2019,30.0,5.0,1.0,4.0,2160794,10.0,3,4,2,5.0,,2.0,3,1950.0,A01,138Â 291Â 092,0.0,-1.0,-1.0,1649846,1.0,1,,0.0,1.0,1.0,A01,138Â 291Â 092,5.0
966707,201900008238,10,19,17:15,1,2,2,1.0,6.0,75110,RUE BEAUREPAIRE,M,"48,8693256","2,3633875",75,2019,30.0,5.0,1.0,4.0,2160795,1.0,1,1,2,5.0,,0.0,0,1985.0,A01,138Â 291Â 092,2.0,8.0,-1.0,1649846,1.0,1,,0.0,1.0,1.0,A01,138Â 291Â 092,5.0
966708,201900008239,10,19,12:20,1,2,2,2.0,3.0,75109,RUE LA FAYETTE,M,"48,8752985","2,3417180",75,2019,50.0,1.0,2.0,4.0,2160796,1.0,1,4,1,0.0,,0.0,0,1979.0,B01,138Â 291Â 090,2.0,6.0,-1.0,1649847,1.0,30,,0.0,2.0,3.0,B01,138Â 291Â 090,1.0
966708,201900008239,10,19,12:20,1,2,2,2.0,3.0,75109,RUE LA FAYETTE,M,"48,8752985","2,3417180",75,2019,50.0,1.0,2.0,4.0,2160796,1.0,1,4,1,0.0,,0.0,0,1979.0,B01,138Â 291Â 090,2.0,6.0,-1.0,1649848,1.0,7,,0.0,2.0,2.0,A01,138Â 291Â 091,1.0
966708,201900008239,10,19,12:20,1,2,2,2.0,3.0,75109,RUE LA FAYETTE,M,"48,8752985","2,3417180",75,2019,50.0,1.0,2.0,4.0,2160797,1.0,1,1,2,1.0,,0.0,0,1995.0,A01,138Â 291Â 091,1.0,0.0,-1.0,1649847,1.0,30,,0.0,2.0,3.0,B01,138Â 291Â 090,1.0
966708,201900008239,10,19,12:20,1,2,2,2.0,3.0,75109,RUE LA FAYETTE,M,"48,8752985","2,3417180",75,2019,50.0,1.0,2.0,4.0,2160797,1.0,1,1,2,1.0,,0.0,0,1995.0,A01,138Â 291Â 091,1.0,0.0,-1.0,1649848,1.0,7,,0.0,2.0,2.0,A01,138Â 291Â 091,1.0
966709,201900008240,10,19,10:39,1,2,3,8.0,2.0,75102,BOULEVARD MONTMARTRE,M,"48,8717238","2,3416146",75,2019,50.0,6.0,1.0,4.0,2160798,1.0,1,4,1,5.0,,0.0,0,1991.0,A01,138Â 291Â 088,2.0,6.0,-1.0,1649849,1.0,30,,0.0,2.0,2.0,A01,138Â 291Â 088,3.0
966709,201900008240,10,19,10:39,1,2,3,8.0,2.0,75102,BOULEVARD MONTMARTRE,M,"48,8717238","2,3416146",75,2019,50.0,6.0,1.0,4.0,2160798,1.0,1,4,1,5.0,,0.0,0,1991.0,A01,138Â 291Â 088,2.0,6.0,-1.0,1649850,1.0,13,,0.0,2.0,6.0,B01,138Â 291Â 089,1.0
966709,201900008240,10,19,10:39,1,2,3,8.0,2.0,75102,BOULEVARD MONTMARTRE,M,"48,8717238","2,3416146",75,2019,50.0,6.0,1.0,4.0,2160799,1.0,1,1,1,0.0,,0.0,0,1983.0,B01,138Â 291Â 089,1.0,0.0,-1.0,1649849,1.0,30,,0.0,2.0,2.0,A01,138Â 291Â 088,3.0
966709,201900008240,10,19,10:39,1,2,3,8.0,2.0,75102,BOULEVARD MONTMARTRE,M,"48,8717238","2,3416146",75,2019,50.0,6.0,1.0,4.0,2160799,1.0,1,1,1,0.0,,0.0,0,1983.0,B01,138Â 291Â 089,1.0,0.0,-1.0,1649850,1.0,13,,0.0,2.0,6.0,B01,138Â 291Â 089,1.0
966710,201900008241,10,19,04:30,5,2,7,2.0,6.0,75108,AVENUE DES CHAMPS ELYSEES,M,"48,8690502","2,3098896",75,2019,30.0,1.0,2.0,4.0,2160800,1.0,1,3,1,0.0,,0.0,0,1971.0,A01,138Â 291Â 087,2.0,6.0,-1.0,1649851,1.0,7,,0.0,2.0,1.0,Z01,138Â 291Â 086,0.0
966710,201900008241,10,19,04:30,5,2,7,2.0,6.0,75108,AVENUE DES CHAMPS ELYSEES,M,"48,8690502","2,3098896",75,2019,30.0,1.0,2.0,4.0,2160800,1.0,1,3,1,0.0,,0.0,0,1971.0,A01,138Â 291Â 087,2.0,6.0,-1.0,1649852,1.0,30,,0.0,2.0,4.0,A01,138Â 291Â 087,1.0
966711,201900008242,10,18,11:00,1,2,1,8.0,6.0,75107,BOULEVARD SAINT GERMAIN,M,"48,8620574","2,3197755",75,2019,50.0,1.0,2.0,4.0,2160801,1.0,1,4,1,0.0,,0.0,0,1943.0,A01,138Â 291Â 085,2.0,6.0,-1.0,1649853,1.0,43,,11.0,0.0,1.0,A01,138Â 291Â 085,1.0
966712,201900008243,10,19,16:15,1,2,1,8.0,2.0,94068,BAC (AV DU),M,"48,7962500","2,5070100",94,2019,50.0,1.0,2.0,3.0,2160802,1.0,1,1,1,0.0,,-1.0, -1,1981.0,B01,138Â 291Â 083,1.0,0.0,-1.0,1649854,2.0,10,,0.0,2.0,5.0,B01,138Â 291Â 083,1.0
966712,201900008243,10,19,16:15,1,2,1,8.0,2.0,94068,BAC (AV DU),M,"48,7962500","2,5070100",94,2019,50.0,1.0,2.0,3.0,2160802,1.0,1,1,1,0.0,,-1.0, -1,1981.0,B01,138Â 291Â 083,1.0,0.0,-1.0,1649855,2.0,7,,0.0,2.0,3.0,A01,138Â 291Â 084,1.0
966712,201900008243,10,19,16:15,1,2,1,8.0,2.0,94068,BAC (AV DU),M,"48,7962500","2,5070100",94,2019,50.0,1.0,2.0,3.0,2160803,1.0,1,4,1,9.0,,-1.0, -1,1956.0,A01,138Â 291Â 084,1.0,0.0,-1.0,1649854,2.0,10,,0.0,2.0,5.0,B01,138Â 291Â 083,1.0
966712,201900008243,10,19,16:15,1,2,1,8.0,2.0,94068,BAC (AV DU),M,"48,7962500","2,5070100",94,2019,50.0,1.0,2.0,3.0,2160803,1.0,1,4,1,9.0,,-1.0, -1,1956.0,A01,138Â 291Â 084,1.0,0.0,-1.0,1649855,2.0,7,,0.0,2.0,3.0,A01,138Â 291Â 084,1.0
966713,201900008244,10,19,19:00,5,2,1,1.0,6.0,94058,LEDRU ROLLIN (AV),M,"48,8460700","2,5069600",94,2019,50.0,1.0,1.0,3.0,2160804,1.0,1,1,1,5.0,,0.0,0,1972.0,A01,138Â 291Â 082,1.0,0.0,-1.0,1649856,2.0,7,,0.0,1.0,3.0,A01,138Â 291Â 082,1.0
966713,201900008244,10,19,19:00,5,2,1,1.0,6.0,94058,LEDRU ROLLIN (AV),M,"48,8460700","2,5069600",94,2019,50.0,1.0,1.0,3.0,2160805,10.0,3,4,2,5.0,,3.0,3,1966.0,A01,138Â 291Â 082,8.0,0.0,-1.0,1649856,2.0,7,,0.0,1.0,3.0,A01,138Â 291Â 082,1.0
966714,201900008245,10,18,13:15,1,2,1,1.0,3.0,94058,HUIT MAI 1945 (AV DU),M,"48,8518500","2,5112500",94,2019,50.0,1.0,1.0,3.0,2160806,2.0,1,4,1,4.0,,-1.0, -1,2001.0,B01,138Â 291Â 080,2.0,0.0,-1.0,1649857,2.0,2,,0.0,2.0,2.0,B01,138Â 291Â 080,1.0
966714,201900008245,10,18,13:15,1,2,1,1.0,3.0,94058,HUIT MAI 1945 (AV DU),M,"48,8518500","2,5112500",94,2019,50.0,1.0,1.0,3.0,2160806,2.0,1,4,1,4.0,,-1.0, -1,2001.0,B01,138Â 291Â 080,2.0,0.0,-1.0,1649858,2.0,7,,0.0,2.0,3.0,A01,138Â 291Â 081,1.0
966714,201900008245,10,18,13:15,1,2,1,1.0,3.0,94058,HUIT MAI 1945 (AV DU),M,"48,8518500","2,5112500",94,2019,50.0,1.0,1.0,3.0,2160807,1.0,1,1,2,0.0,,-1.0, -1,1959.0,A01,138Â 291Â 081,1.0,8.0,-1.0,1649857,2.0,2,,0.0,2.0,2.0,B01,138Â 291Â 080,1.0
966714,201900008245,10,18,13:15,1,2,1,1.0,3.0,94058,HUIT MAI 1945 (AV DU),M,"48,8518500","2,5112500",94,2019,50.0,1.0,1.0,3.0,2160807,1.0,1,1,2,0.0,,-1.0, -1,1959.0,A01,138Â 291Â 081,1.0,8.0,-1.0,1649858,2.0,7,,0.0,2.0,3.0,A01,138Â 291Â 081,1.0
966715,201900008246,10,19,02:10,5,2,1,2.0,2.0,92046,PIERRE BROSSOLETTE,M,"48,8169360","2,3067770",92,2019,50.0,1.0,2.0,3.0,2160808,1.0,1,1,2,0.0,,-1.0,0,1976.0,A01,138Â 291Â 078,1.0,8.0,-1.0,1649859,1.0,7,,0.0,2.0,1.0,A01,138Â 291Â 078,1.0
966715,201900008246,10,19,02:10,5,2,1,2.0,2.0,92046,PIERRE BROSSOLETTE,M,"48,8169360","2,3067770",92,2019,50.0,1.0,2.0,3.0,2160808,1.0,1,1,2,0.0,,-1.0,0,1976.0,A01,138Â 291Â 078,1.0,8.0,-1.0,1649860,1.0,33,,0.0,2.0,4.0,B01,138Â 291Â 079,1.0
966715,201900008246,10,19,02:10,5,2,1,2.0,2.0,92046,PIERRE BROSSOLETTE,M,"48,8169360","2,3067770",92,2019,50.0,1.0,2.0,3.0,2160809,1.0,1,4,1,9.0,,-1.0,0,1983.0,B01,138Â 291Â 079,2.0,0.0,-1.0,1649859,1.0,7,,0.0,2.0,1.0,A01,138Â 291Â 078,1.0
966715,201900008246,10,19,02:10,5,2,1,2.0,2.0,92046,PIERRE BROSSOLETTE,M,"48,8169360","2,3067770",92,2019,50.0,1.0,2.0,3.0,2160809,1.0,1,4,1,9.0,,-1.0,0,1983.0,B01,138Â 291Â 079,2.0,0.0,-1.0,1649860,1.0,33,,0.0,2.0,4.0,B01,138Â 291Â 079,1.0
966716,201900008247,10,19,08:40,1,2,1,2.0,3.0,92072,LECLERC (AVENUE DE LA DIVISION),M,"48,8256956","2,2196266",92,2019,50.0,1.0,2.0,3.0,2160810,1.0,1,1,1,1.0,,0.0,0,1971.0,A01,138Â 291Â 076,8.0,0.0,-1.0,1649861,3.0,10,,0.0,2.0,3.0,A01,138Â 291Â 076,1.0
966716,201900008247,10,19,08:40,1,2,1,2.0,3.0,92072,LECLERC (AVENUE DE LA DIVISION),M,"48,8256956","2,2196266",92,2019,50.0,1.0,2.0,3.0,2160810,1.0,1,1,1,1.0,,0.0,0,1971.0,A01,138Â 291Â 076,8.0,0.0,-1.0,1649862,3.0,1,,0.0,2.0,1.0,B01,138Â 291Â 077,5.0
966716,201900008247,10,19,08:40,1,2,1,2.0,3.0,92072,LECLERC (AVENUE DE LA DIVISION),M,"48,8256956","2,2196266",92,2019,50.0,1.0,2.0,3.0,2160811,1.0,1,4,2,0.0,,0.0,0,1993.0,B01,138Â 291Â 077,2.0,0.0,-1.0,1649861,3.0,10,,0.0,2.0,3.0,A01,138Â 291Â 076,1.0
966716,201900008247,10,19,08:40,1,2,1,2.0,3.0,92072,LECLERC (AVENUE DE LA DIVISION),M,"48,8256956","2,2196266",92,2019,50.0,1.0,2.0,3.0,2160811,1.0,1,4,2,0.0,,0.0,0,1993.0,B01,138Â 291Â 077,2.0,0.0,-1.0,1649862,3.0,1,,0.0,2.0,1.0,B01,138Â 291Â 077,5.0
966717,201900008248,10,19,15:35,1,2,1,1.0,6.0,92012,PAUL BERT (RUE),M,"48,8350400","2,2392800",92,2019,50.0,1.0,1.0,4.0,2160812,1.0,1,1,1,0.0,,-1.0,0,1992.0,A01,138Â 291Â 075,1.0,0.0,-1.0,1649863,1.0,7,,0.0,1.0,2.0,A01,138Â 291Â 075,1.0
966717,201900008248,10,19,15:35,1,2,1,1.0,6.0,92012,PAUL BERT (RUE),M,"48,8350400","2,2392800",92,2019,50.0,1.0,1.0,4.0,2160813,10.0,3,4,2,0.0,,3.0,3,1995.0,A01,138Â 291Â 075,8.0,0.0,-1.0,1649863,1.0,7,,0.0,1.0,2.0,A01,138Â 291Â 075,1.0
966718,201900008249,10,19,20:15,3,1,1,2.0,1.0,91613,D 113,M,"48,3801330","1,9925540",91,2019,80.0,1.0,2.0,3.0,2160814,8.0,2,4,1,5.0,,0.0,0,2001.0,B01,138Â 291Â 073,1.0,-1.0,-1.0,1649864,1.0,7,,1.0,0.0,1.0,B01,138Â 291Â 073,1.0
966718,201900008249,10,19,20:15,3,1,1,2.0,1.0,91613,D 113,M,"48,3801330","1,9925540",91,2019,80.0,1.0,2.0,3.0,2160814,8.0,2,4,1,5.0,,0.0,0,2001.0,B01,138Â 291Â 073,1.0,-1.0,-1.0,1649865,1.0,7,,0.0,2.0,1.0,A01,138Â 291Â 074,1.0
966718,201900008249,10,19,20:15,3,1,1,2.0,1.0,91613,D 113,M,"48,3801330","1,9925540",91,2019,80.0,1.0,2.0,3.0,2160815,2.0,2,4,1,5.0,,0.0,0,2000.0,B01,138Â 291Â 073,1.0,-1.0,-1.0,1649864,1.0,7,,1.0,0.0,1.0,B01,138Â 291Â 073,1.0
966718,201900008249,10,19,20:15,3,1,1,2.0,1.0,91613,D 113,M,"48,3801330","1,9925540",91,2019,80.0,1.0,2.0,3.0,2160815,2.0,2,4,1,5.0,,0.0,0,2000.0,B01,138Â 291Â 073,1.0,-1.0,-1.0,1649865,1.0,7,,0.0,2.0,1.0,A01,138Â 291Â 074,1.0
966718,201900008249,10,19,20:15,3,1,1,2.0,1.0,91613,D 113,M,"48,3801330","1,9925540",91,2019,80.0,1.0,2.0,3.0,2160816,7.0,2,4,2,5.0,,0.0,0,2004.0,B01,138Â 291Â 073,1.0,-1.0,-1.0,1649864,1.0,7,,1.0,0.0,1.0,B01,138Â 291Â 073,1.0
966718,201900008249,10,19,20:15,3,1,1,2.0,1.0,91613,D 113,M,"48,3801330","1,9925540",91,2019,80.0,1.0,2.0,3.0,2160816,7.0,2,4,2,5.0,,0.0,0,2004.0,B01,138Â 291Â 073,1.0,-1.0,-1.0,1649865,1.0,7,,0.0,2.0,1.0,A01,138Â 291Â 074,1.0
966718,201900008249,10,19,20:15,3,1,1,2.0,1.0,91613,D 113,M,"48,3801330","1,9925540",91,2019,80.0,1.0,2.0,3.0,2160817,9.0,2,4,2,5.0,,0.0,0,2006.0,B01,138Â 291Â 073,0.0,-1.0,-1.0,1649864,1.0,7,,1.0,0.0,1.0,B01,138Â 291Â 073,1.0
966718,201900008249,10,19,20:15,3,1,1,2.0,1.0,91613,D 113,M,"48,3801330","1,9925540",91,2019,80.0,1.0,2.0,3.0,2160817,9.0,2,4,2,5.0,,0.0,0,2006.0,B01,138Â 291Â 073,0.0,-1.0,-1.0,1649865,1.0,7,,0.0,2.0,1.0,A01,138Â 291Â 074,1.0
966718,201900008249,10,19,20:15,3,1,1,2.0,1.0,91613,D 113,M,"48,3801330","1,9925540",91,2019,80.0,1.0,2.0,3.0,2160818,1.0,1,4,1,5.0,,0.0,0,2000.0,B01,138Â 291Â 073,1.0,-1.0,-1.0,1649864,1.0,7,,1.0,0.0,1.0,B01,138Â 291Â 073,1.0
966718,201900008249,10,19,20:15,3,1,1,2.0,1.0,91613,D 113,M,"48,3801330","1,9925540",91,2019,80.0,1.0,2.0,3.0,2160818,1.0,1,4,1,5.0,,0.0,0,2000.0,B01,138Â 291Â 073,1.0,-1.0,-1.0,1649865,1.0,7,,0.0,2.0,1.0,A01,138Â 291Â 074,1.0
966718,201900008249,10,19,20:15,3,1,1,2.0,1.0,91613,D 113,M,"48,3801330","1,9925540",91,2019,80.0,1.0,2.0,3.0,2160819,1.0,1,1,1,5.0,,0.0,0,1983.0,A01,138Â 291Â 074,8.0,-1.0,-1.0,1649864,1.0,7,,1.0,0.0,1.0,B01,138Â 291Â 073,1.0
966718,201900008249,10,19,20:15,3,1,1,2.0,1.0,91613,D 113,M,"48,3801330","1,9925540",91,2019,80.0,1.0,2.0,3.0,2160819,1.0,1,1,1,5.0,,0.0,0,1983.0,A01,138Â 291Â 074,8.0,-1.0,-1.0,1649865,1.0,7,,0.0,2.0,1.0,A01,138Â 291Â 074,1.0
966719,201900008250,10,20,15:56,1,1,1,3.0,7.0,71497,autoroute A40,M,"46,3480850","4,8295760",71,2019,110.0,1.0,4.0,1.0,2160820,2.0,2,4,2,5.0,,0.0,0,1991.0,A01,138Â 291Â 072,1.0,-1.0,-1.0,1649866,1.0,7,,3.0,0.0,2.0,A01,138Â 291Â 072,1.0
966719,201900008250,10,20,15:56,1,1,1,3.0,7.0,71497,autoroute A40,M,"46,3480850","4,8295760",71,2019,110.0,1.0,4.0,1.0,2160821,1.0,1,3,1,5.0,,0.0,0,1990.0,A01,138Â 291Â 072,1.0,-1.0,-1.0,1649866,1.0,7,,3.0,0.0,2.0,A01,138Â 291Â 072,1.0
966720,201900008251,10,19,13:00,1,2,9,1.0,6.0,97201,Lotissement la Falaise,M,"14,8293970"," -61,1084060",972,2019,50.0,3.0,2.0,2.0,2160822,1.0,1,3,1,5.0,,0.0,0,2000.0,A01,138Â 291Â 071,1.0,-1.0,-1.0,1649867,0.0,7,,15.0,0.0,1.0,A01,138Â 291Â 071,1.0
966720,201900008251,10,19,13:00,1,2,9,1.0,6.0,97201,Lotissement la Falaise,M,"14,8293970"," -61,1084060",972,2019,50.0,3.0,2.0,2.0,2160823,7.0,2,3,1,5.0,,0.0,0,2006.0,A01,138Â 291Â 071,1.0,-1.0,-1.0,1649867,0.0,7,,15.0,0.0,1.0,A01,138Â 291Â 071,1.0
966720,201900008251,10,19,13:00,1,2,9,1.0,6.0,97201,Lotissement la Falaise,M,"14,8293970"," -61,1084060",972,2019,50.0,3.0,2.0,2.0,2160824,2.0,2,1,1,0.0,,0.0,0,1997.0,A01,138Â 291Â 071,1.0,-1.0,-1.0,1649867,0.0,7,,15.0,0.0,1.0,A01,138Â 291Â 071,1.0
966721,201900008252,10,19,01:30,3,1,1,1.0,1.0,97204,Boulevard du Bord de Mer,M,"14,7207430"," -61,1820760",972,2019,70.0,1.0,1.0,2.0,2160825,1.0,1,3,1,5.0,,0.0,0,1990.0,A01,138Â 291Â 069,2.0,-1.0,-1.0,1649868,1.0,33,,0.0,2.0,1.0,A01,138Â 291Â 069,1.0
966721,201900008252,10,19,01:30,3,1,1,1.0,1.0,97204,Boulevard du Bord de Mer,M,"14,7207430"," -61,1820760",972,2019,70.0,1.0,1.0,2.0,2160825,1.0,1,3,1,5.0,,0.0,0,1990.0,A01,138Â 291Â 069,2.0,-1.0,-1.0,1649869,2.0,7,,0.0,2.0,3.0,B01,138Â 291Â 070,1.0
966721,201900008252,10,19,01:30,3,1,1,1.0,1.0,97204,Boulevard du Bord de Mer,M,"14,7207430"," -61,1820760",972,2019,70.0,1.0,1.0,2.0,2160826,1.0,1,1,1,5.0,,0.0,0,1998.0,B01,138Â 291Â 070,1.0,-1.0,-1.0,1649868,1.0,33,,0.0,2.0,1.0,A01,138Â 291Â 069,1.0