Unnamed: 0_x,num_acc,mois,jour,hrmn,lum,agg,int,atm,col,com,adr,gps,lat,long,dep,annee,vma,situ,surf,catr,Unnamed: 0_y,place,catu,grav,sexe,trajet,secu,locp,actp,an_nais,num_veh_x,id_vehicule_x,secu1,secu2,secu3,Unnamed: 0,senc,catv,occutc,obs,obsm,choc,num_veh_y,id_vehicule_y,motor
966721,201900008252,10,19,01:30,3,1,1,1.0,1.0,97204,Boulevard du Bord de Mer,M,"14,7207430"," -61,1820760",972,2019,70.0,1.0,1.0,2.0,2160826,1.0,1,1,1,5.0,,0.0,0,1998.0,B01,138Â 291Â 070,1.0,-1.0,-1.0,1649869,2.0,7,,0.0,2.0,3.0,B01,138Â 291Â 070,1.0
966722,201900008253,10,20,16:40,1,2,1,1.0,6.0,62252,"130, rue du Pont maudit",M,"50,5821990","2,7078150",62,2019,50.0,1.0,1.0,3.0,2160827,1.0,1,2,1,5.0,,0.0,0,1986.0,A01,138Â 291Â 068,2.0,-1.0,-1.0,1649870,1.0,33,,2.0,0.0,1.0,A01,138Â 291Â 068,6.0
966723,201900008254,10,19,16:30,1,1,1,1.0,6.0,35014,Bais,M,"48,0371640"," -1,2830160",35,2019,-1.0,3.0,1.0,4.0,2160828,1.0,1,3,1,9.0,,0.0,0,1933.0,A01,138Â 291Â 067,0.0,-1.0,-1.0,1649871,3.0,21,,13.0,0.0,2.0,A01,138Â 291Â 067,1.0
966724,201900008255,10,19,10:10,1,1,1,8.0,3.0,87146,A20 PK 216.450,M,"45,5921050","1,4583150",87,2019,130.0,2.0,2.0,1.0,2160829,1.0,1,4,2,5.0,,0.0,0,1997.0,A01,138Â 291Â 065,1.0,-1.0,-1.0,1649872,2.0,7,,3.0,2.0,9.0,A01,138Â 291Â 065,1.0
966724,201900008255,10,19,10:10,1,1,1,8.0,3.0,87146,A20 PK 216.450,M,"45,5921050","1,4583150",87,2019,130.0,2.0,2.0,1.0,2160829,1.0,1,4,2,5.0,,0.0,0,1997.0,A01,138Â 291Â 065,1.0,-1.0,-1.0,1649873,2.0,7,,0.0,2.0,3.0,B01,138Â 291Â 066,1.0
966724,201900008255,10,19,10:10,1,1,1,8.0,3.0,87146,A20 PK 216.450,M,"45,5921050","1,4583150",87,2019,130.0,2.0,2.0,1.0,2160830,2.0,2,4,1,5.0,,0.0,0,1997.0,A01,138Â 291Â 065,1.0,-1.0,-1.0,1649872,2.0,7,,3.0,2.0,9.0,A01,138Â 291Â 065,1.0
966724,201900008255,10,19,10:10,1,1,1,8.0,3.0,87146,A20 PK 216.450,M,"45,5921050","1,4583150",87,2019,130.0,2.0,2.0,1.0,2160830,2.0,2,4,1,5.0,,0.0,0,1997.0,A01,138Â 291Â 065,1.0,-1.0,-1.0,1649873,2.0,7,,0.0,2.0,3.0,B01,138Â 291Â 066,1.0
966724,201900008255,10,19,10:10,1,1,1,8.0,3.0,87146,A20 PK 216.450,M,"45,5921050","1,4583150",87,2019,130.0,2.0,2.0,1.0,2160831,9.0,2,1,1,5.0,,0.0,0,1985.0,B01,138Â 291Â 066,1.0,-1.0,-1.0,1649872,2.0,7,,3.0,2.0,9.0,A01,138Â 291Â 065,1.0
966724,201900008255,10,19,10:10,1,1,1,8.0,3.0,87146,A20 PK 216.450,M,"45,5921050","1,4583150",87,2019,130.0,2.0,2.0,1.0,2160831,9.0,2,1,1,5.0,,0.0,0,1985.0,B01,138Â 291Â 066,1.0,-1.0,-1.0,1649873,2.0,7,,0.0,2.0,3.0,B01,138Â 291Â 066,1.0
966724,201900008255,10,19,10:10,1,1,1,8.0,3.0,87146,A20 PK 216.450,M,"45,5921050","1,4583150",87,2019,130.0,2.0,2.0,1.0,2160832,2.0,2,1,1,5.0,,0.0,0,1959.0,B01,138Â 291Â 066,1.0,-1.0,-1.0,1649872,2.0,7,,3.0,2.0,9.0,A01,138Â 291Â 065,1.0
966724,201900008255,10,19,10:10,1,1,1,8.0,3.0,87146,A20 PK 216.450,M,"45,5921050","1,4583150",87,2019,130.0,2.0,2.0,1.0,2160832,2.0,2,1,1,5.0,,0.0,0,1959.0,B01,138Â 291Â 066,1.0,-1.0,-1.0,1649873,2.0,7,,0.0,2.0,3.0,B01,138Â 291Â 066,1.0
966724,201900008255,10,19,10:10,1,1,1,8.0,3.0,87146,A20 PK 216.450,M,"45,5921050","1,4583150",87,2019,130.0,2.0,2.0,1.0,2160833,1.0,1,1,2,5.0,,0.0,0,1963.0,B01,138Â 291Â 066,1.0,-1.0,-1.0,1649872,2.0,7,,3.0,2.0,9.0,A01,138Â 291Â 065,1.0
966724,201900008255,10,19,10:10,1,1,1,8.0,3.0,87146,A20 PK 216.450,M,"45,5921050","1,4583150",87,2019,130.0,2.0,2.0,1.0,2160833,1.0,1,1,2,5.0,,0.0,0,1963.0,B01,138Â 291Â 066,1.0,-1.0,-1.0,1649873,2.0,7,,0.0,2.0,3.0,B01,138Â 291Â 066,1.0
966725,201900008256,10,19,20:03,3,1,1,3.0,6.0,25370,A36 PR 59+150,M,"47,4475330","6,7445640",25,2019,80.0,2.0,2.0,1.0,2160834,1.0,1,3,1,4.0,,0.0,0,1962.0,A01,138Â 291Â 064,1.0,-1.0,-1.0,1649874,2.0,17,,13.0,0.0,2.0,A01,138Â 291Â 064,1.0
966726,201900008257,10,18,17:20,1,2,1,1.0,1.0,57414,57 Rue du GÃ©nÃ©ral Leclerc,M,"48,6695770","6,9967900",57,2019,50.0,1.0,1.0,3.0,2160835,1.0,1,1,2,0.0,,0.0,0,1981.0,B01,138Â 291Â 060,1.0,-1.0,-1.0,1649875,1.0,7,,0.0,2.0,3.0,B01,138Â 291Â 060,0.0
966726,201900008257,10,18,17:20,1,2,1,1.0,1.0,57414,57 Rue du GÃ©nÃ©ral Leclerc,M,"48,6695770","6,9967900",57,2019,50.0,1.0,1.0,3.0,2160835,1.0,1,1,2,0.0,,0.0,0,1981.0,B01,138Â 291Â 060,1.0,-1.0,-1.0,1649876,2.0,7,,0.0,2.0,3.0,A01,138Â 291Â 061,0.0
966726,201900008257,10,18,17:20,1,2,1,1.0,1.0,57414,57 Rue du GÃ©nÃ©ral Leclerc,M,"48,6695770","6,9967900",57,2019,50.0,1.0,1.0,3.0,2160836,1.0,1,3,2,0.0,,0.0,0,1969.0,A01,138Â 291Â 061,1.0,-1.0,-1.0,1649875,1.0,7,,0.0,2.0,3.0,B01,138Â 291Â 060,0.0
966726,201900008257,10,18,17:20,1,2,1,1.0,1.0,57414,57 Rue du GÃ©nÃ©ral Leclerc,M,"48,6695770","6,9967900",57,2019,50.0,1.0,1.0,3.0,2160836,1.0,1,3,2,0.0,,0.0,0,1969.0,A01,138Â 291Â 061,1.0,-1.0,-1.0,1649876,2.0,7,,0.0,2.0,3.0,A01,138Â 291Â 061,0.0
966727,201900008258,10,20,02:45,3,1,1,3.0,7.0,57736,Route de Bouzonville,M,"49,1797945","6,3232836",57,2019,80.0,8.0,2.0,3.0,2160837,1.0,1,2,1,5.0,,0.0,0,1991.0,A01,138Â 291Â 059,1.0,-1.0,-1.0,1649877,1.0,7,,0.0,0.0,0.0,A01,138Â 291Â 059,6.0
966727,201900008258,10,20,02:45,3,1,1,3.0,7.0,57736,Route de Bouzonville,M,"49,1797945","6,3232836",57,2019,80.0,8.0,2.0,3.0,2160838,2.0,2,2,1,5.0,,0.0,0,1995.0,A01,138Â 291Â 059,1.0,-1.0,-1.0,1649877,1.0,7,,0.0,0.0,0.0,A01,138Â 291Â 059,6.0
966728,201900008259,10,18,21:45,3,1,9,1.0,6.0,19063,Grauliere,M,"45,1460276","1,5758587",19,2019,-1.0,8.0,1.0,3.0,2160839,1.0,1,3,2,9.0,,0.0,0,1978.0,A01,138Â 291Â 058,1.0,-1.0,-1.0,1649878,3.0,7,,16.0,0.0,9.0,A01,138Â 291Â 058,0.0
966729,201900008260,10,20,01:00,3,2,1,1.0,6.0,74183,Route de Vivier,M,"46,1361270","6,5154450",74,2019,50.0,8.0,1.0,4.0,2160840,1.0,1,4,1,5.0,,0.0,0,2001.0,A01,138Â 291Â 057,1.0,-1.0,-1.0,1649879,3.0,7,,6.0,0.0,1.0,A01,138Â 291Â 057,1.0
966730,201900008261,10,20,02:25,3,1,1,2.0,6.0,78281,D158,M,"48,9257500","1,7769790",78,2019,80.0,3.0,2.0,3.0,2160841,1.0,1,3,1,5.0,,0.0,0,1998.0,A01,138Â 291Â 056,8.0,-1.0,-1.0,1649880,1.0,7,,13.0,0.0,1.0,A01,138Â 291Â 056,1.0
966730,201900008261,10,20,02:25,3,1,1,2.0,6.0,78281,D158,M,"48,9257500","1,7769790",78,2019,80.0,3.0,2.0,3.0,2160842,8.0,2,1,2,5.0,,0.0,0,1999.0,A01,138Â 291Â 056,8.0,-1.0,-1.0,1649880,1.0,7,,13.0,0.0,1.0,A01,138Â 291Â 056,1.0
966730,201900008261,10,20,02:25,3,1,1,2.0,6.0,78281,D158,M,"48,9257500","1,7769790",78,2019,80.0,3.0,2.0,3.0,2160843,2.0,2,1,1,5.0,,0.0,0,1998.0,A01,138Â 291Â 056,8.0,-1.0,-1.0,1649880,1.0,7,,13.0,0.0,1.0,A01,138Â 291Â 056,1.0
966731,201900008262,10,19,22:30,3,2,1,2.0,2.0,79216,90 Rue de Niort,M,"46,2630350"," -0,3592820",79,2019,50.0,1.0,2.0,3.0,2160844,1.0,1,1,1,1.0,,0.0,0,1998.0,B01,138Â 291Â 054,2.0,6.0,-1.0,1649881,2.0,2,,1.0,0.0,1.0,B01,138Â 291Â 054,0.0
966731,201900008262,10,19,22:30,3,2,1,2.0,2.0,79216,90 Rue de Niort,M,"46,2630350"," -0,3592820",79,2019,50.0,1.0,2.0,3.0,2160844,1.0,1,1,1,1.0,,0.0,0,1998.0,B01,138Â 291Â 054,2.0,6.0,-1.0,1649882,2.0,2,,0.0,0.0,4.0,A01,138Â 291Â 055,0.0
966731,201900008262,10,19,22:30,3,2,1,2.0,2.0,79216,90 Rue de Niort,M,"46,2630350"," -0,3592820",79,2019,50.0,1.0,2.0,3.0,2160845,1.0,1,3,1,9.0,,0.0,0,2002.0,A01,138Â 291Â 055,2.0,6.0,-1.0,1649881,2.0,2,,1.0,0.0,1.0,B01,138Â 291Â 054,0.0
966731,201900008262,10,19,22:30,3,2,1,2.0,2.0,79216,90 Rue de Niort,M,"46,2630350"," -0,3592820",79,2019,50.0,1.0,2.0,3.0,2160845,1.0,1,3,1,9.0,,0.0,0,2002.0,A01,138Â 291Â 055,2.0,6.0,-1.0,1649882,2.0,2,,0.0,0.0,4.0,A01,138Â 291Â 055,0.0
966732,201900008263,10,19,16:05,1,2,1,1.0,3.0,2A271,T22,M,"41,9556030","8,7968950",2A,2019,70.0,3.0,1.0,2.0,2160846,1.0,1,1,1,5.0,,0.0,0,1963.0,B01,138Â 291Â 052,1.0,-1.0,-1.0,1649883,0.0,7,,0.0,2.0,7.0,B01,138Â 291Â 052,1.0
966732,201900008263,10,19,16:05,1,2,1,1.0,3.0,2A271,T22,M,"41,9556030","8,7968950",2A,2019,70.0,3.0,1.0,2.0,2160846,1.0,1,1,1,5.0,,0.0,0,1963.0,B01,138Â 291Â 052,1.0,-1.0,-1.0,1649884,0.0,32,,0.0,2.0,3.0,A01,138Â 291Â 053,1.0
966732,201900008263,10,19,16:05,1,2,1,1.0,3.0,2A271,T22,M,"41,9556030","8,7968950",2A,2019,70.0,3.0,1.0,2.0,2160847,1.0,1,3,1,5.0,,0.0,0,1989.0,A01,138Â 291Â 053,2.0,-1.0,-1.0,1649883,0.0,7,,0.0,2.0,7.0,B01,138Â 291Â 052,1.0
966732,201900008263,10,19,16:05,1,2,1,1.0,3.0,2A271,T22,M,"41,9556030","8,7968950",2A,2019,70.0,3.0,1.0,2.0,2160847,1.0,1,3,1,5.0,,0.0,0,1989.0,A01,138Â 291Â 053,2.0,-1.0,-1.0,1649884,0.0,32,,0.0,2.0,3.0,A01,138Â 291Â 053,1.0
966733,201900008264,10,20,05:30,5,2,1,1.0,6.0,2B343,T10,M,"42,4901610","9,4786550",2B,2019,50.0,4.0,1.0,2.0,2160848,1.0,1,4,2,5.0,,0.0,0,1996.0,A01,138Â 291Â 051,8.0,-1.0,-1.0,1649885,3.0,7,,15.0,0.0,1.0,A01,138Â 291Â 051,1.0
966733,201900008264,10,20,05:30,5,2,1,1.0,6.0,2B343,T10,M,"42,4901610","9,4786550",2B,2019,50.0,4.0,1.0,2.0,2160849,7.0,2,4,2,5.0,,0.0,0,1998.0,A01,138Â 291Â 051,8.0,-1.0,-1.0,1649885,3.0,7,,15.0,0.0,1.0,A01,138Â 291Â 051,1.0
966733,201900008264,10,20,05:30,5,2,1,1.0,6.0,2B343,T10,M,"42,4901610","9,4786550",2B,2019,50.0,4.0,1.0,2.0,2160850,9.0,2,3,1,5.0,,0.0,0,2000.0,A01,138Â 291Â 051,8.0,-1.0,-1.0,1649885,3.0,7,,15.0,0.0,1.0,A01,138Â 291Â 051,1.0
966734,201900008265,10,19,18:30,2,1,1,1.0,7.0,81230,N88,M,"44,0478659","2,2109697",81,2019,110.0,1.0,1.0,2.0,2160851,1.0,1,3,1,5.0,,0.0,0,1989.0,A01,138Â 291Â 050,2.0,6.0,9.0,1649886,1.0,33,,0.0,0.0,4.0,A01,138Â 291Â 050,1.0
966735,201900008266,10,19,18:04,1,1,1,1.0,6.0,11263,D117,M,"42,8910510","2,1209030",11,2019,80.0,3.0,1.0,3.0,2160852,1.0,1,3,1,5.0,,0.0,0,1997.0,A01,138Â 291Â 049,2.0,6.0,9.0,1649887,1.0,33,,2.0,0.0,1.0,A01,138Â 291Â 049,1.0
966736,201900008267,10,19,20:10,5,2,1,3.0,6.0,71156,1093 Route de Bissy la Maconnaise,M,"46,4969520","4,7937620",71,2019,50.0,1.0,2.0,3.0,2160853,1.0,1,3,1,5.0,,0.0,0,1972.0,A01,138Â 291Â 048,2.0,-1.0,-1.0,1649888,2.0,2,,6.0,0.0,3.0,A01,138Â 291Â 048,1.0
966737,201900008268,10,20,11:40,1,1,1,3.0,5.0,61116,D923,M,"48,3751070","0,8868790",61,2019,90.0,1.0,2.0,3.0,2160854,1.0,1,1,1,5.0,,0.0,0,1984.0,C01,138Â 291Â 044,1.0,-1.0,-1.0,1649889,1.0,7,,0.0,2.0,1.0,C01,138Â 291Â 044,1.0
966737,201900008268,10,20,11:40,1,1,1,3.0,5.0,61116,D923,M,"48,3751070","0,8868790",61,2019,90.0,1.0,2.0,3.0,2160854,1.0,1,1,1,5.0,,0.0,0,1984.0,C01,138Â 291Â 044,1.0,-1.0,-1.0,1649890,1.0,7,,0.0,2.0,2.0,B01,138Â 291Â 045,1.0
966737,201900008268,10,20,11:40,1,1,1,3.0,5.0,61116,D923,M,"48,3751070","0,8868790",61,2019,90.0,1.0,2.0,3.0,2160854,1.0,1,1,1,5.0,,0.0,0,1984.0,C01,138Â 291Â 044,1.0,-1.0,-1.0,1649891,1.0,7,,0.0,2.0,8.0,A01,138Â 291Â 046,1.0
966737,201900008268,10,20,11:40,1,1,1,3.0,5.0,61116,D923,M,"48,3751070","0,8868790",61,2019,90.0,1.0,2.0,3.0,2160855,2.0,2,1,2,5.0,,0.0,0,1997.0,B01,138Â 291Â 045,1.0,-1.0,-1.0,1649889,1.0,7,,0.0,2.0,1.0,C01,138Â 291Â 044,1.0
966737,201900008268,10,20,11:40,1,1,1,3.0,5.0,61116,D923,M,"48,3751070","0,8868790",61,2019,90.0,1.0,2.0,3.0,2160855,2.0,2,1,2,5.0,,0.0,0,1997.0,B01,138Â 291Â 045,1.0,-1.0,-1.0,1649890,1.0,7,,0.0,2.0,2.0,B01,138Â 291Â 045,1.0
966737,201900008268,10,20,11:40,1,1,1,3.0,5.0,61116,D923,M,"48,3751070","0,8868790",61,2019,90.0,1.0,2.0,3.0,2160855,2.0,2,1,2,5.0,,0.0,0,1997.0,B01,138Â 291Â 045,1.0,-1.0,-1.0,1649891,1.0,7,,0.0,2.0,8.0,A01,138Â 291Â 046,1.0
966737,201900008268,10,20,11:40,1,1,1,3.0,5.0,61116,D923,M,"48,3751070","0,8868790",61,2019,90.0,1.0,2.0,3.0,2160856,1.0,1,1,1,5.0,,0.0,0,1997.0,B01,138Â 291Â 045,1.0,-1.0,-1.0,1649889,1.0,7,,0.0,2.0,1.0,C01,138Â 291Â 044,1.0
966737,201900008268,10,20,11:40,1,1,1,3.0,5.0,61116,D923,M,"48,3751070","0,8868790",61,2019,90.0,1.0,2.0,3.0,2160856,1.0,1,1,1,5.0,,0.0,0,1997.0,B01,138Â 291Â 045,1.0,-1.0,-1.0,1649890,1.0,7,,0.0,2.0,2.0,B01,138Â 291Â 045,1.0
966737,201900008268,10,20,11:40,1,1,1,3.0,5.0,61116,D923,M,"48,3751070","0,8868790",61,2019,90.0,1.0,2.0,3.0,2160856,1.0,1,1,1,5.0,,0.0,0,1997.0,B01,138Â 291Â 045,1.0,-1.0,-1.0,1649891,1.0,7,,0.0,2.0,8.0,A01,138Â 291Â 046,1.0
966737,201900008268,10,20,11:40,1,1,1,3.0,5.0,61116,D923,M,"48,3751070","0,8868790",61,2019,90.0,1.0,2.0,3.0,2160857,1.0,1,3,1,5.0,,0.0,0,1930.0,A01,138Â 291Â 046,1.0,-1.0,-1.0,1649889,1.0,7,,0.0,2.0,1.0,C01,138Â 291Â 044,1.0
966737,201900008268,10,20,11:40,1,1,1,3.0,5.0,61116,D923,M,"48,3751070","0,8868790",61,2019,90.0,1.0,2.0,3.0,2160857,1.0,1,3,1,5.0,,0.0,0,1930.0,A01,138Â 291Â 046,1.0,-1.0,-1.0,1649890,1.0,7,,0.0,2.0,2.0,B01,138Â 291Â 045,1.0
966737,201900008268,10,20,11:40,1,1,1,3.0,5.0,61116,D923,M,"48,3751070","0,8868790",61,2019,90.0,1.0,2.0,3.0,2160857,1.0,1,3,1,5.0,,0.0,0,1930.0,A01,138Â 291Â 046,1.0,-1.0,-1.0,1649891,1.0,7,,0.0,2.0,8.0,A01,138Â 291Â 046,1.0
966738,201900008269,10,20,02:50,3,1,1,3.0,6.0,49176,CD 775,M,"47,6695680"," -0,8022610",49,2019,110.0,3.0,2.0,3.0,2160858,4.0,2,3,2,5.0,,0.0,0,2000.0,A01,138Â 291Â 043,0.0,-1.0,-1.0,1649892,2.0,7,,2.0,0.0,8.0,A01,138Â 291Â 043,1.0
966738,201900008269,10,20,02:50,3,1,1,3.0,6.0,49176,CD 775,M,"47,6695680"," -0,8022610",49,2019,110.0,3.0,2.0,3.0,2160859,1.0,1,3,1,5.0,,0.0,0,1999.0,A01,138Â 291Â 043,1.0,-1.0,-1.0,1649892,2.0,7,,2.0,0.0,8.0,A01,138Â 291Â 043,1.0
966738,201900008269,10,20,02:50,3,1,1,3.0,6.0,49176,CD 775,M,"47,6695680"," -0,8022610",49,2019,110.0,3.0,2.0,3.0,2160860,2.0,2,4,1,5.0,,0.0,0,1996.0,A01,138Â 291Â 043,1.0,-1.0,-1.0,1649892,2.0,7,,2.0,0.0,8.0,A01,138Â 291Â 043,1.0
966739,201900008270,10,20,09:50,1,2,1,3.0,6.0,34250,D908,M,"43,5337120","2,8584430",34,2019,50.0,1.0,2.0,3.0,2160861,1.0,1,3,2,5.0,,0.0,0,1928.0,A01,138Â 291Â 042,1.0,-1.0,-1.0,1649893,2.0,7,,14.0,0.0,3.0,A01,138Â 291Â 042,1.0
966740,201900008271,10,20,11:50,1,2,2,1.0,3.0,22166,Rue de Lannion,M,"48,8067452"," -3,3058119",22,2019,50.0,1.0,1.0,3.0,2160862,1.0,1,1,1,5.0,,0.0,0,1943.0,A01,138Â 291Â 040,1.0,-1.0,-1.0,1649894,3.0,7,,0.0,2.0,6.0,A01,138Â 291Â 040,1.0
966740,201900008271,10,20,11:50,1,2,2,1.0,3.0,22166,Rue de Lannion,M,"48,8067452"," -3,3058119",22,2019,50.0,1.0,1.0,3.0,2160862,1.0,1,1,1,5.0,,0.0,0,1943.0,A01,138Â 291Â 040,1.0,-1.0,-1.0,1649895,2.0,2,,0.0,2.0,1.0,B01,138Â 291Â 041,1.0
966740,201900008271,10,20,11:50,1,2,2,1.0,3.0,22166,Rue de Lannion,M,"48,8067452"," -3,3058119",22,2019,50.0,1.0,1.0,3.0,2160863,1.0,1,2,1,5.0,,0.0,0,1999.0,B01,138Â 291Â 041,2.0,6.0,-1.0,1649894,3.0,7,,0.0,2.0,6.0,A01,138Â 291Â 040,1.0
966740,201900008271,10,20,11:50,1,2,2,1.0,3.0,22166,Rue de Lannion,M,"48,8067452"," -3,3058119",22,2019,50.0,1.0,1.0,3.0,2160863,1.0,1,2,1,5.0,,0.0,0,1999.0,B01,138Â 291Â 041,2.0,6.0,-1.0,1649895,2.0,2,,0.0,2.0,1.0,B01,138Â 291Â 041,1.0
966741,201900008272,10,20,08:00,1,1,1,8.0,6.0,39013,,M,"46,9137220","5,7698950",39,2019,80.0,3.0,2.0,2.0,2160864,2.0,2,3,1,5.0,,0.0,0,1998.0,A01,138Â 291Â 039,1.0,-1.0,-1.0,1649896,2.0,7,,13.0,0.0,1.0,A01,138Â 291Â 039,1.0
966741,201900008272,10,20,08:00,1,1,1,8.0,6.0,39013,,M,"46,9137220","5,7698950",39,2019,80.0,3.0,2.0,2.0,2160865,1.0,1,4,1,5.0,,0.0,0,1997.0,A01,138Â 291Â 039,1.0,-1.0,-1.0,1649896,2.0,7,,13.0,0.0,1.0,A01,138Â 291Â 039,1.0
966742,201900008273,10,20,16:25,1,1,1,1.0,6.0,31206,D25,M,"43,2318040","1,4438310",31,2019,80.0,3.0,1.0,3.0,2160866,2.0,2,2,1,5.0,,0.0,0,1929.0,A01,138Â 291Â 038,1.0,-1.0,-1.0,1649897,1.0,7,,2.0,0.0,1.0,A01,138Â 291Â 038,1.0
966742,201900008273,10,20,16:25,1,1,1,1.0,6.0,31206,D25,M,"43,2318040","1,4438310",31,2019,80.0,3.0,1.0,3.0,2160867,1.0,1,4,1,5.0,,0.0,0,1959.0,A01,138Â 291Â 038,1.0,-1.0,-1.0,1649897,1.0,7,,2.0,0.0,1.0,A01,138Â 291Â 038,1.0
966743,201900008274,10,19,20:00,5,1,1,3.0,6.0,70292,Rue de la Tuilerie,M,"47,8420680","5,8962460",70,2019,50.0,3.0,2.0,3.0,2160868,1.0,1,4,1,5.0,,0.0,0,1977.0,A01,138Â 291Â 037,5.0,1.0,-1.0,1649898,1.0,7,,2.0,0.0,7.0,A01,138Â 291Â 037,1.0
966743,201900008274,10,19,20:00,5,1,1,3.0,6.0,70292,Rue de la Tuilerie,M,"47,8420680","5,8962460",70,2019,50.0,3.0,2.0,3.0,2160869,2.0,2,3,1,0.0,,0.0,0,1998.0,A01,138Â 291Â 037,5.0,1.0,-1.0,1649898,1.0,7,,2.0,0.0,7.0,A01,138Â 291Â 037,1.0
966744,201900008275,10,10,10:10,1,1,1,1.0,1.0,64499,Chemin du Padu,M,"43,4661520"," -0,9413930",64,2019,80.0,1.0,1.0,4.0,2160870,1.0,1,1,1,4.0,,0.0,0,1988.0,B01,138Â 291Â 034,0.0,-1.0,-1.0,1649899,3.0,21,,0.0,2.0,3.0,B01,138Â 291Â 034,1.0
966744,201900008275,10,10,10:10,1,1,1,1.0,1.0,64499,Chemin du Padu,M,"43,4661520"," -0,9413930",64,2019,80.0,1.0,1.0,4.0,2160870,1.0,1,1,1,4.0,,0.0,0,1988.0,B01,138Â 291Â 034,0.0,-1.0,-1.0,1649900,3.0,7,,0.0,2.0,3.0,A01,138Â 291Â 035,1.0
966744,201900008275,10,10,10:10,1,1,1,1.0,1.0,64499,Chemin du Padu,M,"43,4661520"," -0,9413930",64,2019,80.0,1.0,1.0,4.0,2160871,1.0,1,3,1,5.0,,0.0,0,1951.0,A01,138Â 291Â 035,1.0,-1.0,-1.0,1649899,3.0,21,,0.0,2.0,3.0,B01,138Â 291Â 034,1.0
966744,201900008275,10,10,10:10,1,1,1,1.0,1.0,64499,Chemin du Padu,M,"43,4661520"," -0,9413930",64,2019,80.0,1.0,1.0,4.0,2160871,1.0,1,3,1,5.0,,0.0,0,1951.0,A01,138Â 291Â 035,1.0,-1.0,-1.0,1649900,3.0,7,,0.0,2.0,3.0,A01,138Â 291Â 035,1.0
966745,201900008276,10,20,15:30,1,2,1,1.0,7.0,64405,20 Rue de l'Ayguelongue,M,"43,3258750"," -0,3043660",64,2019,50.0,1.0,1.0,4.0,2160872,1.0,1,3,1,5.0,,0.0,0,1993.0,A01,138Â 291Â 033,2.0,6.0,-1.0,1649901,1.0,33,,0.0,0.0,9.0,A01,138Â 291Â 033,1.0
966746,201900008277,10,19,19:55,5,1,1,1.0,1.0,73297,Rue du Bois de l'Ile,M,"45,6377711","6,3296692",73,2019,50.0,1.0,1.0,4.0,2160873,2.0,2,1,2,0.0,,0.0,0,2004.0,B01,138Â 291Â 031,1.0,-1.0,-1.0,1649902,3.0,7,,0.0,2.0,1.0,B01,138Â 291Â 031,3.0
966746,201900008277,10,19,19:55,5,1,1,1.0,1.0,73297,Rue du Bois de l'Ile,M,"45,6377711","6,3296692",73,2019,50.0,1.0,1.0,4.0,2160873,2.0,2,1,2,0.0,,0.0,0,2004.0,B01,138Â 291Â 031,1.0,-1.0,-1.0,1649903,3.0,7,,0.0,2.0,1.0,A01,138Â 291Â 032,0.0
966746,201900008277,10,19,19:55,5,1,1,1.0,1.0,73297,Rue du Bois de l'Ile,M,"45,6377711","6,3296692",73,2019,50.0,1.0,1.0,4.0,2160874,1.0,1,1,1,0.0,,0.0,0,1973.0,B01,138Â 291Â 031,1.0,-1.0,-1.0,1649902,3.0,7,,0.0,2.0,1.0,B01,138Â 291Â 031,3.0
966746,201900008277,10,19,19:55,5,1,1,1.0,1.0,73297,Rue du Bois de l'Ile,M,"45,6377711","6,3296692",73,2019,50.0,1.0,1.0,4.0,2160874,1.0,1,1,1,0.0,,0.0,0,1973.0,B01,138Â 291Â 031,1.0,-1.0,-1.0,1649903,3.0,7,,0.0,2.0,1.0,A01,138Â 291Â 032,0.0
966746,201900008277,10,19,19:55,5,1,1,1.0,1.0,73297,Rue du Bois de l'Ile,M,"45,6377711","6,3296692",73,2019,50.0,1.0,1.0,4.0,2160875,9.0,2,4,1,5.0,,0.0,0,2007.0,A01,138Â 291Â 032,1.0,-1.0,-1.0,1649902,3.0,7,,0.0,2.0,1.0,B01,138Â 291Â 031,3.0
966746,201900008277,10,19,19:55,5,1,1,1.0,1.0,73297,Rue du Bois de l'Ile,M,"45,6377711","6,3296692",73,2019,50.0,1.0,1.0,4.0,2160875,9.0,2,4,1,5.0,,0.0,0,2007.0,A01,138Â 291Â 032,1.0,-1.0,-1.0,1649903,3.0,7,,0.0,2.0,1.0,A01,138Â 291Â 032,0.0
966746,201900008277,10,19,19:55,5,1,1,1.0,1.0,73297,Rue du Bois de l'Ile,M,"45,6377711","6,3296692",73,2019,50.0,1.0,1.0,4.0,2160876,1.0,1,4,1,5.0,,0.0,0,1994.0,A01,138Â 291Â 032,1.0,-1.0,-1.0,1649902,3.0,7,,0.0,2.0,1.0,B01,138Â 291Â 031,3.0
966746,201900008277,10,19,19:55,5,1,1,1.0,1.0,73297,Rue du Bois de l'Ile,M,"45,6377711","6,3296692",73,2019,50.0,1.0,1.0,4.0,2160876,1.0,1,4,1,5.0,,0.0,0,1994.0,A01,138Â 291Â 032,1.0,-1.0,-1.0,1649903,3.0,7,,0.0,2.0,1.0,A01,138Â 291Â 032,0.0
966746,201900008277,10,19,19:55,5,1,1,1.0,1.0,73297,Rue du Bois de l'Ile,M,"45,6377711","6,3296692",73,2019,50.0,1.0,1.0,4.0,2160877,8.0,2,4,1,5.0,,0.0,0,2009.0,A01,138Â 291Â 032,1.0,-1.0,-1.0,1649902,3.0,7,,0.0,2.0,1.0,B01,138Â 291Â 031,3.0