Unnamed: 0_x,num_acc,mois,jour,hrmn,lum,agg,int,atm,col,com,adr,gps,lat,long,dep,annee,vma,situ,surf,catr,Unnamed: 0_y,place,catu,grav,sexe,trajet,secu,locp,actp,an_nais,num_veh_x,id_vehicule_x,secu1,secu2,secu3,Unnamed: 0,senc,catv,occutc,obs,obsm,choc,num_veh_y,id_vehicule_y,motor
966746,201900008277,10,19,19:55,5,1,1,1.0,1.0,73297,Rue du Bois de l'Ile,M,"45,6377711","6,3296692",73,2019,50.0,1.0,1.0,4.0,2160877,8.0,2,4,1,5.0,,0.0,0,2009.0,A01,138Â 291Â 032,1.0,-1.0,-1.0,1649903,3.0,7,,0.0,2.0,1.0,A01,138Â 291Â 032,0.0
966746,201900008277,10,19,19:55,5,1,1,1.0,1.0,73297,Rue du Bois de l'Ile,M,"45,6377711","6,3296692",73,2019,50.0,1.0,1.0,4.0,2160878,2.0,2,4,1,5.0,,0.0,0,2005.0,A01,138Â 291Â 032,1.0,-1.0,-1.0,1649902,3.0,7,,0.0,2.0,1.0,B01,138Â 291Â 031,3.0
966746,201900008277,10,19,19:55,5,1,1,1.0,1.0,73297,Rue du Bois de l'Ile,M,"45,6377711","6,3296692",73,2019,50.0,1.0,1.0,4.0,2160878,2.0,2,4,1,5.0,,0.0,0,2005.0,A01,138Â 291Â 032,1.0,-1.0,-1.0,1649903,3.0,7,,0.0,2.0,1.0,A01,138Â 291Â 032,0.0
966746,201900008277,10,19,19:55,5,1,1,1.0,1.0,73297,Rue du Bois de l'Ile,M,"45,6377711","6,3296692",73,2019,50.0,1.0,1.0,4.0,2160879,7.0,2,3,1,5.0,,0.0,0,2012.0,A01,138Â 291Â 032,1.0,-1.0,-1.0,1649902,3.0,7,,0.0,2.0,1.0,B01,138Â 291Â 031,3.0
966746,201900008277,10,19,19:55,5,1,1,1.0,1.0,73297,Rue du Bois de l'Ile,M,"45,6377711","6,3296692",73,2019,50.0,1.0,1.0,4.0,2160879,7.0,2,3,1,5.0,,0.0,0,2012.0,A01,138Â 291Â 032,1.0,-1.0,-1.0,1649903,3.0,7,,0.0,2.0,1.0,A01,138Â 291Â 032,0.0
966747,201900008278,10,20,12:20,1,1,3,1.0,3.0,53096,Le Bouquet de la Rue,M,"48,2849110"," -0,9561610",53,2019,-1.0,1.0,1.0,3.0,2160880,1.0,1,3,1,5.0,,0.0,0,1989.0,A01,138Â 291Â 029,2.0,6.0,4.0,1649904,1.0,33,,0.0,2.0,1.0,A01,138Â 291Â 029,1.0
966747,201900008278,10,20,12:20,1,1,3,1.0,3.0,53096,Le Bouquet de la Rue,M,"48,2849110"," -0,9561610",53,2019,-1.0,1.0,1.0,3.0,2160880,1.0,1,3,1,5.0,,0.0,0,1989.0,A01,138Â 291Â 029,2.0,6.0,4.0,1649905,1.0,33,,0.0,2.0,8.0,B01,138Â 291Â 030,1.0
966747,201900008278,10,20,12:20,1,1,3,1.0,3.0,53096,Le Bouquet de la Rue,M,"48,2849110"," -0,9561610",53,2019,-1.0,1.0,1.0,3.0,2160881,1.0,1,3,1,5.0,,0.0,0,1973.0,B01,138Â 291Â 030,2.0,6.0,4.0,1649904,1.0,33,,0.0,2.0,1.0,A01,138Â 291Â 029,1.0
966747,201900008278,10,20,12:20,1,1,3,1.0,3.0,53096,Le Bouquet de la Rue,M,"48,2849110"," -0,9561610",53,2019,-1.0,1.0,1.0,3.0,2160881,1.0,1,3,1,5.0,,0.0,0,1973.0,B01,138Â 291Â 030,2.0,6.0,4.0,1649905,1.0,33,,0.0,2.0,8.0,B01,138Â 291Â 030,1.0
966748,201900008279,10,20,06:00,3,1,1,1.0,6.0,21060,D104,M,"47,3569130","5,2800070",21,2019,80.0,3.0,2.0,3.0,2160882,7.0,2,3,1,5.0,,0.0,0,2003.0,A01,138Â 291Â 028,1.0,-1.0,-1.0,1649906,1.0,7,,14.0,0.0,1.0,A01,138Â 291Â 028,1.0
966748,201900008279,10,20,06:00,3,1,1,1.0,6.0,21060,D104,M,"47,3569130","5,2800070",21,2019,80.0,3.0,2.0,3.0,2160883,1.0,1,1,1,5.0,,0.0,0,2003.0,A01,138Â 291Â 028,1.0,-1.0,-1.0,1649906,1.0,7,,14.0,0.0,1.0,A01,138Â 291Â 028,1.0
966748,201900008279,10,20,06:00,3,1,1,1.0,6.0,21060,D104,M,"47,3569130","5,2800070",21,2019,80.0,3.0,2.0,3.0,2160884,2.0,2,3,1,5.0,,0.0,0,2003.0,A01,138Â 291Â 028,1.0,-1.0,-1.0,1649906,1.0,7,,14.0,0.0,1.0,A01,138Â 291Â 028,1.0
966749,201900008280,10,20,01:40,3,1,1,2.0,7.0,40067,Route de Tartas D14,M,"43,8441490"," -0,8029050",40,2019,80.0,3.0,2.0,3.0,2160885,1.0,1,3,1,0.0,,0.0,0,1996.0,A01,138Â 291Â 027,8.0,-1.0,-1.0,1649907,0.0,7,,0.0,0.0,0.0,A01,138Â 291Â 027,0.0
966750,201900008281,10,18,19:30,5,1,1,1.0,5.0,27214,8 Rue Nationale,M,"49,2989360","1,4586100",27,2019,50.0,1.0,1.0,3.0,2160886,1.0,1,4,1,5.0,,0.0,0,1957.0,C01,138Â 291Â 024,1.0,-1.0,-1.0,1649908,0.0,7,,0.0,2.0,3.0,C01,138Â 291Â 024,1.0
966750,201900008281,10,18,19:30,5,1,1,1.0,5.0,27214,8 Rue Nationale,M,"49,2989360","1,4586100",27,2019,50.0,1.0,1.0,3.0,2160886,1.0,1,4,1,5.0,,0.0,0,1957.0,C01,138Â 291Â 024,1.0,-1.0,-1.0,1649909,0.0,7,,0.0,2.0,6.0,B01,138Â 291Â 025,1.0
966750,201900008281,10,18,19:30,5,1,1,1.0,5.0,27214,8 Rue Nationale,M,"49,2989360","1,4586100",27,2019,50.0,1.0,1.0,3.0,2160886,1.0,1,4,1,5.0,,0.0,0,1957.0,C01,138Â 291Â 024,1.0,-1.0,-1.0,1649910,2.0,7,,0.0,2.0,3.0,A01,138Â 291Â 026,1.0
966750,201900008281,10,18,19:30,5,1,1,1.0,5.0,27214,8 Rue Nationale,M,"49,2989360","1,4586100",27,2019,50.0,1.0,1.0,3.0,2160887,2.0,2,1,2,5.0,,0.0,0,1985.0,B01,138Â 291Â 025,1.0,-1.0,-1.0,1649908,0.0,7,,0.0,2.0,3.0,C01,138Â 291Â 024,1.0
966750,201900008281,10,18,19:30,5,1,1,1.0,5.0,27214,8 Rue Nationale,M,"49,2989360","1,4586100",27,2019,50.0,1.0,1.0,3.0,2160887,2.0,2,1,2,5.0,,0.0,0,1985.0,B01,138Â 291Â 025,1.0,-1.0,-1.0,1649909,0.0,7,,0.0,2.0,6.0,B01,138Â 291Â 025,1.0
966750,201900008281,10,18,19:30,5,1,1,1.0,5.0,27214,8 Rue Nationale,M,"49,2989360","1,4586100",27,2019,50.0,1.0,1.0,3.0,2160887,2.0,2,1,2,5.0,,0.0,0,1985.0,B01,138Â 291Â 025,1.0,-1.0,-1.0,1649910,2.0,7,,0.0,2.0,3.0,A01,138Â 291Â 026,1.0
966750,201900008281,10,18,19:30,5,1,1,1.0,5.0,27214,8 Rue Nationale,M,"49,2989360","1,4586100",27,2019,50.0,1.0,1.0,3.0,2160888,1.0,1,1,1,5.0,,0.0,0,1984.0,B01,138Â 291Â 025,1.0,-1.0,-1.0,1649908,0.0,7,,0.0,2.0,3.0,C01,138Â 291Â 024,1.0
966750,201900008281,10,18,19:30,5,1,1,1.0,5.0,27214,8 Rue Nationale,M,"49,2989360","1,4586100",27,2019,50.0,1.0,1.0,3.0,2160888,1.0,1,1,1,5.0,,0.0,0,1984.0,B01,138Â 291Â 025,1.0,-1.0,-1.0,1649909,0.0,7,,0.0,2.0,6.0,B01,138Â 291Â 025,1.0
966750,201900008281,10,18,19:30,5,1,1,1.0,5.0,27214,8 Rue Nationale,M,"49,2989360","1,4586100",27,2019,50.0,1.0,1.0,3.0,2160888,1.0,1,1,1,5.0,,0.0,0,1984.0,B01,138Â 291Â 025,1.0,-1.0,-1.0,1649910,2.0,7,,0.0,2.0,3.0,A01,138Â 291Â 026,1.0
966750,201900008281,10,18,19:30,5,1,1,1.0,5.0,27214,8 Rue Nationale,M,"49,2989360","1,4586100",27,2019,50.0,1.0,1.0,3.0,2160889,9.0,2,1,1,5.0,,0.0,0,2017.0,B01,138Â 291Â 025,3.0,-1.0,-1.0,1649908,0.0,7,,0.0,2.0,3.0,C01,138Â 291Â 024,1.0
966750,201900008281,10,18,19:30,5,1,1,1.0,5.0,27214,8 Rue Nationale,M,"49,2989360","1,4586100",27,2019,50.0,1.0,1.0,3.0,2160889,9.0,2,1,1,5.0,,0.0,0,2017.0,B01,138Â 291Â 025,3.0,-1.0,-1.0,1649909,0.0,7,,0.0,2.0,6.0,B01,138Â 291Â 025,1.0
966750,201900008281,10,18,19:30,5,1,1,1.0,5.0,27214,8 Rue Nationale,M,"49,2989360","1,4586100",27,2019,50.0,1.0,1.0,3.0,2160889,9.0,2,1,1,5.0,,0.0,0,2017.0,B01,138Â 291Â 025,3.0,-1.0,-1.0,1649910,2.0,7,,0.0,2.0,3.0,A01,138Â 291Â 026,1.0
966750,201900008281,10,18,19:30,5,1,1,1.0,5.0,27214,8 Rue Nationale,M,"49,2989360","1,4586100",27,2019,50.0,1.0,1.0,3.0,2160890,1.0,1,2,1,5.0,,0.0,0,1950.0,A01,138Â 291Â 026,1.0,-1.0,-1.0,1649908,0.0,7,,0.0,2.0,3.0,C01,138Â 291Â 024,1.0
966750,201900008281,10,18,19:30,5,1,1,1.0,5.0,27214,8 Rue Nationale,M,"49,2989360","1,4586100",27,2019,50.0,1.0,1.0,3.0,2160890,1.0,1,2,1,5.0,,0.0,0,1950.0,A01,138Â 291Â 026,1.0,-1.0,-1.0,1649909,0.0,7,,0.0,2.0,6.0,B01,138Â 291Â 025,1.0
966750,201900008281,10,18,19:30,5,1,1,1.0,5.0,27214,8 Rue Nationale,M,"49,2989360","1,4586100",27,2019,50.0,1.0,1.0,3.0,2160890,1.0,1,2,1,5.0,,0.0,0,1950.0,A01,138Â 291Â 026,1.0,-1.0,-1.0,1649910,2.0,7,,0.0,2.0,3.0,A01,138Â 291Â 026,1.0
966751,201900008282,10,19,11:05,1,2,1,1.0,6.0,30212,D6101,M,"43,9415980","4,5728720",30,2019,50.0,1.0,1.0,3.0,2160891,1.0,1,1,1,5.0,,0.0,0,1929.0,A01,138Â 291Â 023,1.0,-1.0,-1.0,1649911,1.0,7,,0.0,1.0,3.0,A01,138Â 291Â 023,0.0
966751,201900008282,10,19,11:05,1,2,1,1.0,6.0,30212,D6101,M,"43,9415980","4,5728720",30,2019,50.0,1.0,1.0,3.0,2160892,10.0,3,3,2,3.0,,3.0,3,1935.0,A01,138Â 291Â 023,0.0,-1.0,-1.0,1649911,1.0,7,,0.0,1.0,3.0,A01,138Â 291Â 023,0.0
966752,201900008283,10,17,06:30,2,1,1,1.0,7.0,52299,D16,M,"48,3946692","5,2435829",52,2019,80.0,3.0,1.0,3.0,2160893,1.0,1,4,2,1.0,,0.0,0,2003.0,A01,138Â 291Â 022,2.0,6.0,-1.0,1649912,1.0,2,,0.0,0.0,0.0,A01,138Â 291Â 022,1.0
966753,201900008284,10,20,07:00,3,1,1,2.0,7.0,95353,Route Nationale 1,M,"49,0873100","2,3112010",95,2019,70.0,1.0,2.0,2.0,2160894,1.0,1,1,1,0.0,,0.0,0,1999.0,A01,138Â 291Â 021,1.0,-1.0,-1.0,1649913,2.0,7,,4.0,0.0,2.0,A01,138Â 291Â 021,1.0
966753,201900008284,10,20,07:00,3,1,1,2.0,7.0,95353,Route Nationale 1,M,"49,0873100","2,3112010",95,2019,70.0,1.0,2.0,2.0,2160895,2.0,2,3,1,0.0,,0.0,0,2000.0,A01,138Â 291Â 021,0.0,-1.0,-1.0,1649913,2.0,7,,4.0,0.0,2.0,A01,138Â 291Â 021,1.0
966754,201900008285,10,20,15:05,1,1,1,1.0,2.0,60138,A1,M,"49,2172340","2,6298210",60,2019,90.0,1.0,9.0,1.0,2160896,9.0,2,3,2,5.0,,0.0,0,1997.0,B01,138Â 291Â 019,0.0,-1.0,-1.0,1649914,2.0,7,,0.0,2.0,4.0,B01,138Â 291Â 019,1.0
966754,201900008285,10,20,15:05,1,1,1,1.0,2.0,60138,A1,M,"49,2172340","2,6298210",60,2019,90.0,1.0,9.0,1.0,2160896,9.0,2,3,2,5.0,,0.0,0,1997.0,B01,138Â 291Â 019,0.0,-1.0,-1.0,1649915,2.0,7,,0.0,2.0,1.0,A01,138Â 291Â 020,2.0
966754,201900008285,10,20,15:05,1,1,1,1.0,2.0,60138,A1,M,"49,2172340","2,6298210",60,2019,90.0,1.0,9.0,1.0,2160897,1.0,1,4,2,5.0,,0.0,0,1998.0,B01,138Â 291Â 019,1.0,-1.0,-1.0,1649914,2.0,7,,0.0,2.0,4.0,B01,138Â 291Â 019,1.0
966754,201900008285,10,20,15:05,1,1,1,1.0,2.0,60138,A1,M,"49,2172340","2,6298210",60,2019,90.0,1.0,9.0,1.0,2160897,1.0,1,4,2,5.0,,0.0,0,1998.0,B01,138Â 291Â 019,1.0,-1.0,-1.0,1649915,2.0,7,,0.0,2.0,1.0,A01,138Â 291Â 020,2.0
966754,201900008285,10,20,15:05,1,1,1,1.0,2.0,60138,A1,M,"49,2172340","2,6298210",60,2019,90.0,1.0,9.0,1.0,2160898,2.0,2,3,2,5.0,,0.0,0,1997.0,B01,138Â 291Â 019,1.0,-1.0,-1.0,1649914,2.0,7,,0.0,2.0,4.0,B01,138Â 291Â 019,1.0
966754,201900008285,10,20,15:05,1,1,1,1.0,2.0,60138,A1,M,"49,2172340","2,6298210",60,2019,90.0,1.0,9.0,1.0,2160898,2.0,2,3,2,5.0,,0.0,0,1997.0,B01,138Â 291Â 019,1.0,-1.0,-1.0,1649915,2.0,7,,0.0,2.0,1.0,A01,138Â 291Â 020,2.0
966754,201900008285,10,20,15:05,1,1,1,1.0,2.0,60138,A1,M,"49,2172340","2,6298210",60,2019,90.0,1.0,9.0,1.0,2160899,1.0,1,3,2,0.0,,0.0,0,1973.0,A01,138Â 291Â 020,1.0,-1.0,-1.0,1649914,2.0,7,,0.0,2.0,4.0,B01,138Â 291Â 019,1.0
966754,201900008285,10,20,15:05,1,1,1,1.0,2.0,60138,A1,M,"49,2172340","2,6298210",60,2019,90.0,1.0,9.0,1.0,2160899,1.0,1,3,2,0.0,,0.0,0,1973.0,A01,138Â 291Â 020,1.0,-1.0,-1.0,1649915,2.0,7,,0.0,2.0,1.0,A01,138Â 291Â 020,2.0
966755,201900008286,10,16,20:00,3,1,1,1.0,6.0,97415,Chemin de Ligne,M," -21,0770420","55,2778110",974,2019,90.0,1.0,1.0,3.0,2160900,1.0,1,3,1,9.0,,0.0,0,1994.0,A01,138Â 291Â 018,2.0,6.0,-1.0,1649916,0.0,33,,13.0,0.0,1.0,A01,138Â 291Â 018,0.0
966756,201900008287,10,18,19:45,3,1,1,1.0,1.0,97310,Route de Montagne Cacao,M,"4,5748100"," -52,4606341",973,2019,70.0,1.0,1.0,3.0,2160901,1.0,1,3,1,1.0,,0.0,0,1969.0,B01,138Â 291Â 016,9.0,-1.0,-1.0,1649917,1.0,7,,0.0,2.0,3.0,B01,138Â 291Â 016,1.0
966756,201900008287,10,18,19:45,3,1,1,1.0,1.0,97310,Route de Montagne Cacao,M,"4,5748100"," -52,4606341",973,2019,70.0,1.0,1.0,3.0,2160901,1.0,1,3,1,1.0,,0.0,0,1969.0,B01,138Â 291Â 016,9.0,-1.0,-1.0,1649918,2.0,7,,0.0,2.0,3.0,A01,138Â 291Â 017,1.0
966756,201900008287,10,18,19:45,3,1,1,1.0,1.0,97310,Route de Montagne Cacao,M,"4,5748100"," -52,4606341",973,2019,70.0,1.0,1.0,3.0,2160902,1.0,1,1,1,5.0,,0.0,0,1972.0,A01,138Â 291Â 017,1.0,-1.0,-1.0,1649917,1.0,7,,0.0,2.0,3.0,B01,138Â 291Â 016,1.0
966756,201900008287,10,18,19:45,3,1,1,1.0,1.0,97310,Route de Montagne Cacao,M,"4,5748100"," -52,4606341",973,2019,70.0,1.0,1.0,3.0,2160902,1.0,1,1,1,5.0,,0.0,0,1972.0,A01,138Â 291Â 017,1.0,-1.0,-1.0,1649918,2.0,7,,0.0,2.0,3.0,A01,138Â 291Â 017,1.0
966757,201900008288,10,18,16:30,1,2,3,3.0,3.0,97115,Route de Brefort,M,"16,2641730"," -61,6431110",971,2019,50.0,1.0,2.0,2.0,2160903,1.0,1,3,1,0.0,,0.0,0,1975.0,B01,138Â 291Â 014,2.0,-1.0,-1.0,1649919,0.0,2,,0.0,2.0,1.0,B01,138Â 291Â 014,1.0
966757,201900008288,10,18,16:30,1,2,3,3.0,3.0,97115,Route de Brefort,M,"16,2641730"," -61,6431110",971,2019,50.0,1.0,2.0,2.0,2160903,1.0,1,3,1,0.0,,0.0,0,1975.0,B01,138Â 291Â 014,2.0,-1.0,-1.0,1649920,3.0,7,,0.0,2.0,3.0,A01,138Â 291Â 015,1.0
966757,201900008288,10,18,16:30,1,2,3,3.0,3.0,97115,Route de Brefort,M,"16,2641730"," -61,6431110",971,2019,50.0,1.0,2.0,2.0,2160904,2.0,2,3,1,0.0,,0.0,0,1984.0,B01,138Â 291Â 014,2.0,-1.0,-1.0,1649919,0.0,2,,0.0,2.0,1.0,B01,138Â 291Â 014,1.0
966757,201900008288,10,18,16:30,1,2,3,3.0,3.0,97115,Route de Brefort,M,"16,2641730"," -61,6431110",971,2019,50.0,1.0,2.0,2.0,2160904,2.0,2,3,1,0.0,,0.0,0,1984.0,B01,138Â 291Â 014,2.0,-1.0,-1.0,1649920,3.0,7,,0.0,2.0,3.0,A01,138Â 291Â 015,1.0
966757,201900008288,10,18,16:30,1,2,3,3.0,3.0,97115,Route de Brefort,M,"16,2641730"," -61,6431110",971,2019,50.0,1.0,2.0,2.0,2160905,1.0,1,1,1,0.0,,0.0,0,1940.0,A01,138Â 291Â 015,1.0,-1.0,-1.0,1649919,0.0,2,,0.0,2.0,1.0,B01,138Â 291Â 014,1.0
966757,201900008288,10,18,16:30,1,2,3,3.0,3.0,97115,Route de Brefort,M,"16,2641730"," -61,6431110",971,2019,50.0,1.0,2.0,2.0,2160905,1.0,1,1,1,0.0,,0.0,0,1940.0,A01,138Â 291Â 015,1.0,-1.0,-1.0,1649920,3.0,7,,0.0,2.0,3.0,A01,138Â 291Â 015,1.0
966758,201900008289,10,20,10:20,1,2,4,1.0,3.0,97801,"rue de Hollance, Marigot",M,"18,0669220"," -63,0836640",978,2019,50.0,1.0,1.0,2.0,2160906,1.0,1,1,1,5.0,,0.0,0,1973.0,A01,138Â 291Â 012,1.0,-1.0,-1.0,1649921,3.0,7,,0.0,2.0,3.0,A01,138Â 291Â 012,1.0
966758,201900008289,10,20,10:20,1,2,4,1.0,3.0,97801,"rue de Hollance, Marigot",M,"18,0669220"," -63,0836640",978,2019,50.0,1.0,1.0,2.0,2160906,1.0,1,1,1,5.0,,0.0,0,1973.0,A01,138Â 291Â 012,1.0,-1.0,-1.0,1649922,3.0,33,,0.0,2.0,2.0,B01,138Â 291Â 013,1.0
966758,201900008289,10,20,10:20,1,2,4,1.0,3.0,97801,"rue de Hollance, Marigot",M,"18,0669220"," -63,0836640",978,2019,50.0,1.0,1.0,2.0,2160907,1.0,1,3,1,5.0,,0.0,0,1983.0,B01,138Â 291Â 013,2.0,-1.0,-1.0,1649921,3.0,7,,0.0,2.0,3.0,A01,138Â 291Â 012,1.0
966758,201900008289,10,20,10:20,1,2,4,1.0,3.0,97801,"rue de Hollance, Marigot",M,"18,0669220"," -63,0836640",978,2019,50.0,1.0,1.0,2.0,2160907,1.0,1,3,1,5.0,,0.0,0,1983.0,B01,138Â 291Â 013,2.0,-1.0,-1.0,1649922,3.0,33,,0.0,2.0,2.0,B01,138Â 291Â 013,1.0
966759,201900008290,10,20,17:30,1,2,1,8.0,6.0,33214,53 Avenue Plantey,M,"45,0025110"," -1,1871550",33,2019,30.0,4.0,1.0,3.0,2160908,10.0,3,4,1,5.0,,5.0,1,1964.0,A01,138Â 291Â 011,0.0,-1.0,-1.0,1649923,1.0,7,,6.0,1.0,2.0,A01,138Â 291Â 011,1.0
966759,201900008290,10,20,17:30,1,2,1,8.0,6.0,33214,53 Avenue Plantey,M,"45,0025110"," -1,1871550",33,2019,30.0,4.0,1.0,3.0,2160909,1.0,1,1,1,5.0,,0.0,0,1980.0,A01,138Â 291Â 011,1.0,-1.0,-1.0,1649923,1.0,7,,6.0,1.0,2.0,A01,138Â 291Â 011,1.0
966759,201900008290,10,20,17:30,1,2,1,8.0,6.0,33214,53 Avenue Plantey,M,"45,0025110"," -1,1871550",33,2019,30.0,4.0,1.0,3.0,2160910,8.0,2,1,1,5.0,,0.0,0,2000.0,A01,138Â 291Â 011,1.0,-1.0,-1.0,1649923,1.0,7,,6.0,1.0,2.0,A01,138Â 291Â 011,1.0
966759,201900008290,10,20,17:30,1,2,1,8.0,6.0,33214,53 Avenue Plantey,M,"45,0025110"," -1,1871550",33,2019,30.0,4.0,1.0,3.0,2160911,10.0,3,4,2,5.0,,5.0,1,1964.0,A01,138Â 291Â 011,0.0,-1.0,-1.0,1649923,1.0,7,,6.0,1.0,2.0,A01,138Â 291Â 011,1.0
966759,201900008290,10,20,17:30,1,2,1,8.0,6.0,33214,53 Avenue Plantey,M,"45,0025110"," -1,1871550",33,2019,30.0,4.0,1.0,3.0,2160912,9.0,2,4,1,5.0,,0.0,0,2013.0,A01,138Â 291Â 011,3.0,-1.0,-1.0,1649923,1.0,7,,6.0,1.0,2.0,A01,138Â 291Â 011,1.0
966759,201900008290,10,20,17:30,1,2,1,8.0,6.0,33214,53 Avenue Plantey,M,"45,0025110"," -1,1871550",33,2019,30.0,4.0,1.0,3.0,2160913,7.0,2,1,1,5.0,,0.0,0,1970.0,A01,138Â 291Â 011,1.0,-1.0,-1.0,1649923,1.0,7,,6.0,1.0,2.0,A01,138Â 291Â 011,1.0
966759,201900008290,10,20,17:30,1,2,1,8.0,6.0,33214,53 Avenue Plantey,M,"45,0025110"," -1,1871550",33,2019,30.0,4.0,1.0,3.0,2160914,2.0,2,1,2,5.0,,0.0,0,1998.0,A01,138Â 291Â 011,1.0,-1.0,-1.0,1649923,1.0,7,,6.0,1.0,2.0,A01,138Â 291Â 011,1.0
966760,201900008291,10,20,02:25,3,1,1,1.0,6.0,95213,CD 22,M,"49,1174590","2,0521310",95,2019,80.0,1.0,1.0,3.0,2160915,10.0,3,2,1,9.0,,6.0,2,1997.0,A01,138Â 291Â 010,0.0,-1.0,-1.0,1649924,1.0,7,,0.0,1.0,1.0,A01,138Â 291Â 010,1.0
966760,201900008291,10,20,02:25,3,1,1,1.0,6.0,95213,CD 22,M,"49,1174590","2,0521310",95,2019,80.0,1.0,1.0,3.0,2160916,1.0,1,1,2,9.0,,0.0,0,1989.0,A01,138Â 291Â 010,1.0,-1.0,-1.0,1649924,1.0,7,,0.0,1.0,1.0,A01,138Â 291Â 010,1.0
966761,201900008292,10,19,04:45,4,2,3,2.0,6.0,91405,36 Rue Saint-pierre,M,"48,4018480","2,4602570",91,2019,50.0,4.0,2.0,4.0,2160917,1.0,1,3,2,5.0,,0.0,0,1998.0,A01,138Â 291Â 009,1.0,-1.0,-1.0,1649925,2.0,7,,6.0,0.0,1.0,A01,138Â 291Â 009,1.0
966762,201900008293,10,19,20:20,3,1,1,1.0,7.0,11192,dÃ©partementale 28,M,"43,2975980","2,0588260",11,2019,80.0,1.0,1.0,3.0,2160918,1.0,1,1,1,5.0,,0.0,0,2002.0,A01,138Â 291Â 008,1.0,-1.0,-1.0,1649926,1.0,7,,13.0,0.0,9.0,A01,138Â 291Â 008,1.0
966762,201900008293,10,19,20:20,3,1,1,1.0,7.0,11192,dÃ©partementale 28,M,"43,2975980","2,0588260",11,2019,80.0,1.0,1.0,3.0,2160919,8.0,2,1,1,5.0,,0.0,0,2003.0,A01,138Â 291Â 008,8.0,-1.0,-1.0,1649926,1.0,7,,13.0,0.0,9.0,A01,138Â 291Â 008,1.0
966762,201900008293,10,19,20:20,3,1,1,1.0,7.0,11192,dÃ©partementale 28,M,"43,2975980","2,0588260",11,2019,80.0,1.0,1.0,3.0,2160920,8.0,2,4,2,5.0,,0.0,0,2003.0,A01,138Â 291Â 008,8.0,-1.0,-1.0,1649926,1.0,7,,13.0,0.0,9.0,A01,138Â 291Â 008,1.0
966762,201900008293,10,19,20:20,3,1,1,1.0,7.0,11192,dÃ©partementale 28,M,"43,2975980","2,0588260",11,2019,80.0,1.0,1.0,3.0,2160921,9.0,2,1,1,5.0,,0.0,0,2002.0,A01,138Â 291Â 008,8.0,-1.0,-1.0,1649926,1.0,7,,13.0,0.0,9.0,A01,138Â 291Â 008,1.0
966762,201900008293,10,19,20:20,3,1,1,1.0,7.0,11192,dÃ©partementale 28,M,"43,2975980","2,0588260",11,2019,80.0,1.0,1.0,3.0,2160922,7.0,2,4,1,5.0,,0.0,0,2005.0,A01,138Â 291Â 008,8.0,-1.0,-1.0,1649926,1.0,7,,13.0,0.0,9.0,A01,138Â 291Â 008,1.0
966762,201900008293,10,19,20:20,3,1,1,1.0,7.0,11192,dÃ©partementale 28,M,"43,2975980","2,0588260",11,2019,80.0,1.0,1.0,3.0,2160923,2.0,2,4,1,5.0,,0.0,0,1999.0,A01,138Â 291Â 008,8.0,-1.0,-1.0,1649926,1.0,7,,13.0,0.0,9.0,A01,138Â 291Â 008,1.0
966763,201900008294,10,19,19:00,5,2,9,1.0,6.0,84003,Rue des Oliviers,M,"43,8825960","5,3852270",84,2019,30.0,1.0,1.0,4.0,2160924,10.0,3,4,2,5.0,,3.0,3,2010.0,A01,138Â 291Â 007,0.0,-1.0,-1.0,1649927,1.0,7,,0.0,1.0,3.0,A01,138Â 291Â 007,0.0
966764,201900008295,10,19,12:30,1,1,1,2.0,6.0,83088,,M,"43,3133070","5,9995370",83,2019,80.0,1.0,2.0,3.0,2160925,1.0,1,4,2,1.0,,0.0,0,1973.0,A01,138Â 291Â 005,1.0,-1.0,-1.0,1649928,2.0,7,,5.0,2.0,6.0,A01,138Â 291Â 005,1.0
966764,201900008295,10,19,12:30,1,1,1,2.0,6.0,83088,,M,"43,3133070","5,9995370",83,2019,80.0,1.0,2.0,3.0,2160925,1.0,1,4,2,1.0,,0.0,0,1973.0,A01,138Â 291Â 005,1.0,-1.0,-1.0,1649929,1.0,7,,0.0,2.0,1.0,B01,138Â 291Â 006,1.0
966764,201900008295,10,19,12:30,1,1,1,2.0,6.0,83088,,M,"43,3133070","5,9995370",83,2019,80.0,1.0,2.0,3.0,2160926,1.0,1,1,2,4.0,,0.0,0,1982.0,B01,138Â 291Â 006,1.0,-1.0,-1.0,1649928,2.0,7,,5.0,2.0,6.0,A01,138Â 291Â 005,1.0
966764,201900008295,10,19,12:30,1,1,1,2.0,6.0,83088,,M,"43,3133070","5,9995370",83,2019,80.0,1.0,2.0,3.0,2160926,1.0,1,1,2,4.0,,0.0,0,1982.0,B01,138Â 291Â 006,1.0,-1.0,-1.0,1649929,1.0,7,,0.0,2.0,1.0,B01,138Â 291Â 006,1.0