Unnamed: 0_x,num_acc,mois,jour,hrmn,lum,agg,int,atm,col,com,adr,gps,lat,long,dep,annee,vma,situ,surf,catr,Unnamed: 0_y,place,catu,grav,sexe,trajet,secu,locp,actp,an_nais,num_veh_x,id_vehicule_x,secu1,secu2,secu3,Unnamed: 0,senc,catv,occutc,obs,obsm,choc,num_veh_y,id_vehicule_y,motor
966765,201900008296,10,17,19:55,3,1,1,2.0,6.0,26124,"Autoroute A7 PK 83+980, sens Sud/Nord",M,"44,8140000","4,8563000",26,2019,110.0,2.0,2.0,1.0,2160927,1.0,1,4,2,4.0,,0.0,0,1974.0,A01,138Â 291Â 004,1.0,-1.0,-1.0,1649930,2.0,7,,4.0,0.0,1.0,A01,138Â 291Â 004,1.0
966766,201900008297,10,18,18:30,1,2,6,1.0,3.0,21106,RD 31C- PR 0+800 - Rue Principale,M,"47,2389510","5,1147690",21,2019,30.0,1.0,1.0,3.0,2160928,1.0,1,4,1,1.0,,0.0,0,1989.0,B01,138Â 291Â 002,2.0,6.0,-1.0,1649931,1.0,2,,0.0,2.0,1.0,B01,138Â 291Â 002,1.0
966766,201900008297,10,18,18:30,1,2,6,1.0,3.0,21106,RD 31C- PR 0+800 - Rue Principale,M,"47,2389510","5,1147690",21,2019,30.0,1.0,1.0,3.0,2160928,1.0,1,4,1,1.0,,0.0,0,1989.0,B01,138Â 291Â 002,2.0,6.0,-1.0,1649932,3.0,7,,0.0,2.0,3.0,A01,138Â 291Â 003,1.0
966766,201900008297,10,18,18:30,1,2,6,1.0,3.0,21106,RD 31C- PR 0+800 - Rue Principale,M,"47,2389510","5,1147690",21,2019,30.0,1.0,1.0,3.0,2160929,1.0,1,1,2,5.0,,0.0,0,1983.0,A01,138Â 291Â 003,1.0,-1.0,-1.0,1649931,1.0,2,,0.0,2.0,1.0,B01,138Â 291Â 002,1.0
966766,201900008297,10,18,18:30,1,2,6,1.0,3.0,21106,RD 31C- PR 0+800 - Rue Principale,M,"47,2389510","5,1147690",21,2019,30.0,1.0,1.0,3.0,2160929,1.0,1,1,2,5.0,,0.0,0,1983.0,A01,138Â 291Â 003,1.0,-1.0,-1.0,1649932,3.0,7,,0.0,2.0,3.0,A01,138Â 291Â 003,1.0
966767,201900008298,10,20,17:30,1,1,1,1.0,6.0,38365,Route des Hormins,M,"45,7759000","5,3432700",38,2019,80.0,3.0,1.0,3.0,2160930,2.0,2,2,1,5.0,,0.0,0,1997.0,A01,138Â 291Â 001,1.0,-1.0,-1.0,1649933,2.0,7,,2.0,0.0,2.0,A01,138Â 291Â 001,1.0
966767,201900008298,10,20,17:30,1,1,1,1.0,6.0,38365,Route des Hormins,M,"45,7759000","5,3432700",38,2019,80.0,3.0,1.0,3.0,2160931,1.0,1,2,1,5.0,,0.0,0,1995.0,A01,138Â 291Â 001,1.0,-1.0,-1.0,1649933,2.0,7,,2.0,0.0,2.0,A01,138Â 291Â 001,1.0
966768,201900008299,10,20,00:00,3,1,1,2.0,6.0,01202,D40a,M,"45,8888650","5,3328270",1,2019,-1.0,1.0,2.0,3.0,2160932,1.0,1,4,1,5.0,,0.0,0,1988.0,A01,138Â 290Â 999,1.0,-1.0,-1.0,1649934,1.0,7,,0.0,2.0,3.0,A01,138Â 290Â 999,1.0
966768,201900008299,10,20,00:00,3,1,1,2.0,6.0,01202,D40a,M,"45,8888650","5,3328270",1,2019,-1.0,1.0,2.0,3.0,2160932,1.0,1,4,1,5.0,,0.0,0,1988.0,A01,138Â 290Â 999,1.0,-1.0,-1.0,1649935,2.0,7,,0.0,2.0,8.0,B01,138Â 291Â 000,1.0
966768,201900008299,10,20,00:00,3,1,1,2.0,6.0,01202,D40a,M,"45,8888650","5,3328270",1,2019,-1.0,1.0,2.0,3.0,2160933,3.0,2,4,1,5.0,,0.0,0,2003.0,B01,138Â 291Â 000,1.0,-1.0,-1.0,1649934,1.0,7,,0.0,2.0,3.0,A01,138Â 290Â 999,1.0
966768,201900008299,10,20,00:00,3,1,1,2.0,6.0,01202,D40a,M,"45,8888650","5,3328270",1,2019,-1.0,1.0,2.0,3.0,2160933,3.0,2,4,1,5.0,,0.0,0,2003.0,B01,138Â 291Â 000,1.0,-1.0,-1.0,1649935,2.0,7,,0.0,2.0,8.0,B01,138Â 291Â 000,1.0
966768,201900008299,10,20,00:00,3,1,1,2.0,6.0,01202,D40a,M,"45,8888650","5,3328270",1,2019,-1.0,1.0,2.0,3.0,2160934,4.0,2,3,1,5.0,,0.0,0,2006.0,B01,138Â 291Â 000,1.0,-1.0,-1.0,1649934,1.0,7,,0.0,2.0,3.0,A01,138Â 290Â 999,1.0
966768,201900008299,10,20,00:00,3,1,1,2.0,6.0,01202,D40a,M,"45,8888650","5,3328270",1,2019,-1.0,1.0,2.0,3.0,2160934,4.0,2,3,1,5.0,,0.0,0,2006.0,B01,138Â 291Â 000,1.0,-1.0,-1.0,1649935,2.0,7,,0.0,2.0,8.0,B01,138Â 291Â 000,1.0
966768,201900008299,10,20,00:00,3,1,1,2.0,6.0,01202,D40a,M,"45,8888650","5,3328270",1,2019,-1.0,1.0,2.0,3.0,2160935,2.0,2,1,2,5.0,,0.0,0,1984.0,B01,138Â 291Â 000,1.0,-1.0,-1.0,1649934,1.0,7,,0.0,2.0,3.0,A01,138Â 290Â 999,1.0
966768,201900008299,10,20,00:00,3,1,1,2.0,6.0,01202,D40a,M,"45,8888650","5,3328270",1,2019,-1.0,1.0,2.0,3.0,2160935,2.0,2,1,2,5.0,,0.0,0,1984.0,B01,138Â 291Â 000,1.0,-1.0,-1.0,1649935,2.0,7,,0.0,2.0,8.0,B01,138Â 291Â 000,1.0
966768,201900008299,10,20,00:00,3,1,1,2.0,6.0,01202,D40a,M,"45,8888650","5,3328270",1,2019,-1.0,1.0,2.0,3.0,2160936,1.0,1,4,1,5.0,,0.0,0,1957.0,B01,138Â 291Â 000,1.0,-1.0,-1.0,1649934,1.0,7,,0.0,2.0,3.0,A01,138Â 290Â 999,1.0
966768,201900008299,10,20,00:00,3,1,1,2.0,6.0,01202,D40a,M,"45,8888650","5,3328270",1,2019,-1.0,1.0,2.0,3.0,2160936,1.0,1,4,1,5.0,,0.0,0,1957.0,B01,138Â 291Â 000,1.0,-1.0,-1.0,1649935,2.0,7,,0.0,2.0,8.0,B01,138Â 291Â 000,1.0
966769,201900008300,10,20,08:15,1,1,1,1.0,6.0,50230,1 Hameau Baquesne,M,"49,5702980"," -1,6627860",50,2019,80.0,1.0,1.0,3.0,2160937,1.0,1,4,1,5.0,,0.0,0,1961.0,A01,138Â 290Â 998,2.0,6.0,-1.0,1649936,0.0,33,,0.0,6.0,1.0,A01,138Â 290Â 998,1.0
966770,201900008301,10,19,16:20,1,2,1,1.0,6.0,22070,Route de Corlay,M,"48,5542670"," -3,1498600",22,2019,50.0,1.0,1.0,3.0,2160938,10.0,3,3,1,0.0,,2.0,3,1993.0,A01,138Â 290Â 997,0.0,-1.0,-1.0,1649937,1.0,7,,0.0,1.0,3.0,A01,138Â 290Â 997,1.0
966770,201900008301,10,19,16:20,1,2,1,1.0,6.0,22070,Route de Corlay,M,"48,5542670"," -3,1498600",22,2019,50.0,1.0,1.0,3.0,2160939,1.0,1,1,1,5.0,,0.0,0,1947.0,A01,138Â 290Â 997,1.0,-1.0,-1.0,1649937,1.0,7,,0.0,1.0,3.0,A01,138Â 290Â 997,1.0
966771,201900008302,10,20,11:45,1,1,4,2.0,3.0,27412,D81,M,"49,2201570","1,0924130",27,2019,80.0,1.0,2.0,3.0,2160940,2.0,2,1,1,5.0,,0.0,0,1972.0,B01,138Â 290Â 995,1.0,5.0,-1.0,1649938,1.0,7,,0.0,2.0,8.0,B01,138Â 290Â 995,1.0
966771,201900008302,10,20,11:45,1,1,4,2.0,3.0,27412,D81,M,"49,2201570","1,0924130",27,2019,80.0,1.0,2.0,3.0,2160940,2.0,2,1,1,5.0,,0.0,0,1972.0,B01,138Â 290Â 995,1.0,5.0,-1.0,1649939,2.0,7,,0.0,2.0,1.0,A01,138Â 290Â 996,1.0
966771,201900008302,10,20,11:45,1,1,4,2.0,3.0,27412,D81,M,"49,2201570","1,0924130",27,2019,80.0,1.0,2.0,3.0,2160941,7.0,2,1,1,5.0,,0.0,0,1997.0,B01,138Â 290Â 995,1.0,-1.0,-1.0,1649938,1.0,7,,0.0,2.0,8.0,B01,138Â 290Â 995,1.0
966771,201900008302,10,20,11:45,1,1,4,2.0,3.0,27412,D81,M,"49,2201570","1,0924130",27,2019,80.0,1.0,2.0,3.0,2160941,7.0,2,1,1,5.0,,0.0,0,1997.0,B01,138Â 290Â 995,1.0,-1.0,-1.0,1649939,2.0,7,,0.0,2.0,1.0,A01,138Â 290Â 996,1.0
966771,201900008302,10,20,11:45,1,1,4,2.0,3.0,27412,D81,M,"49,2201570","1,0924130",27,2019,80.0,1.0,2.0,3.0,2160942,1.0,1,4,2,5.0,,0.0,0,1971.0,B01,138Â 290Â 995,1.0,5.0,-1.0,1649938,1.0,7,,0.0,2.0,8.0,B01,138Â 290Â 995,1.0
966771,201900008302,10,20,11:45,1,1,4,2.0,3.0,27412,D81,M,"49,2201570","1,0924130",27,2019,80.0,1.0,2.0,3.0,2160942,1.0,1,4,2,5.0,,0.0,0,1971.0,B01,138Â 290Â 995,1.0,5.0,-1.0,1649939,2.0,7,,0.0,2.0,1.0,A01,138Â 290Â 996,1.0
966771,201900008302,10,20,11:45,1,1,4,2.0,3.0,27412,D81,M,"49,2201570","1,0924130",27,2019,80.0,1.0,2.0,3.0,2160943,8.0,2,4,2,5.0,,0.0,0,2004.0,B01,138Â 290Â 995,1.0,-1.0,-1.0,1649938,1.0,7,,0.0,2.0,8.0,B01,138Â 290Â 995,1.0
966771,201900008302,10,20,11:45,1,1,4,2.0,3.0,27412,D81,M,"49,2201570","1,0924130",27,2019,80.0,1.0,2.0,3.0,2160943,8.0,2,4,2,5.0,,0.0,0,2004.0,B01,138Â 290Â 995,1.0,-1.0,-1.0,1649939,2.0,7,,0.0,2.0,1.0,A01,138Â 290Â 996,1.0
966771,201900008302,10,20,11:45,1,1,4,2.0,3.0,27412,D81,M,"49,2201570","1,0924130",27,2019,80.0,1.0,2.0,3.0,2160944,9.0,2,4,1,5.0,,0.0,0,1990.0,B01,138Â 290Â 995,1.0,-1.0,-1.0,1649938,1.0,7,,0.0,2.0,8.0,B01,138Â 290Â 995,1.0
966771,201900008302,10,20,11:45,1,1,4,2.0,3.0,27412,D81,M,"49,2201570","1,0924130",27,2019,80.0,1.0,2.0,3.0,2160944,9.0,2,4,1,5.0,,0.0,0,1990.0,B01,138Â 290Â 995,1.0,-1.0,-1.0,1649939,2.0,7,,0.0,2.0,1.0,A01,138Â 290Â 996,1.0
966771,201900008302,10,20,11:45,1,1,4,2.0,3.0,27412,D81,M,"49,2201570","1,0924130",27,2019,80.0,1.0,2.0,3.0,2160945,1.0,1,1,1,5.0,,0.0,0,1995.0,A01,138Â 290Â 996,1.0,5.0,-1.0,1649938,1.0,7,,0.0,2.0,8.0,B01,138Â 290Â 995,1.0
966771,201900008302,10,20,11:45,1,1,4,2.0,3.0,27412,D81,M,"49,2201570","1,0924130",27,2019,80.0,1.0,2.0,3.0,2160945,1.0,1,1,1,5.0,,0.0,0,1995.0,A01,138Â 290Â 996,1.0,5.0,-1.0,1649939,2.0,7,,0.0,2.0,1.0,A01,138Â 290Â 996,1.0
966771,201900008302,10,20,11:45,1,1,4,2.0,3.0,27412,D81,M,"49,2201570","1,0924130",27,2019,80.0,1.0,2.0,3.0,2160946,2.0,2,4,2,5.0,,0.0,0,1997.0,A01,138Â 290Â 996,1.0,5.0,-1.0,1649938,1.0,7,,0.0,2.0,8.0,B01,138Â 290Â 995,1.0
966771,201900008302,10,20,11:45,1,1,4,2.0,3.0,27412,D81,M,"49,2201570","1,0924130",27,2019,80.0,1.0,2.0,3.0,2160946,2.0,2,4,2,5.0,,0.0,0,1997.0,A01,138Â 290Â 996,1.0,5.0,-1.0,1649939,2.0,7,,0.0,2.0,1.0,A01,138Â 290Â 996,1.0
966772,201900008303,10,20,18:00,2,1,1,2.0,1.0,76753,route dÃ©partementale 6015,M,"49,3372970","1,1523230",76,2019,80.0,1.0,2.0,3.0,2160947,9.0,2,3,1,5.0,,0.0,0,2001.0,A01,138Â 290Â 993,1.0,5.0,-1.0,1649940,1.0,7,,0.0,2.0,1.0,A01,138Â 290Â 993,1.0
966772,201900008303,10,20,18:00,2,1,1,2.0,1.0,76753,route dÃ©partementale 6015,M,"49,3372970","1,1523230",76,2019,80.0,1.0,2.0,3.0,2160947,9.0,2,3,1,5.0,,0.0,0,2001.0,A01,138Â 290Â 993,1.0,5.0,-1.0,1649941,2.0,7,,0.0,2.0,1.0,B01,138Â 290Â 994,1.0
966772,201900008303,10,20,18:00,2,1,1,2.0,1.0,76753,route dÃ©partementale 6015,M,"49,3372970","1,1523230",76,2019,80.0,1.0,2.0,3.0,2160948,1.0,1,3,1,5.0,,0.0,0,1975.0,A01,138Â 290Â 993,1.0,5.0,-1.0,1649940,1.0,7,,0.0,2.0,1.0,A01,138Â 290Â 993,1.0
966772,201900008303,10,20,18:00,2,1,1,2.0,1.0,76753,route dÃ©partementale 6015,M,"49,3372970","1,1523230",76,2019,80.0,1.0,2.0,3.0,2160948,1.0,1,3,1,5.0,,0.0,0,1975.0,A01,138Â 290Â 993,1.0,5.0,-1.0,1649941,2.0,7,,0.0,2.0,1.0,B01,138Â 290Â 994,1.0
966772,201900008303,10,20,18:00,2,1,1,2.0,1.0,76753,route dÃ©partementale 6015,M,"49,3372970","1,1523230",76,2019,80.0,1.0,2.0,3.0,2160949,2.0,2,4,1,5.0,,0.0,0,2006.0,A01,138Â 290Â 993,1.0,-1.0,-1.0,1649940,1.0,7,,0.0,2.0,1.0,A01,138Â 290Â 993,1.0
966772,201900008303,10,20,18:00,2,1,1,2.0,1.0,76753,route dÃ©partementale 6015,M,"49,3372970","1,1523230",76,2019,80.0,1.0,2.0,3.0,2160949,2.0,2,4,1,5.0,,0.0,0,2006.0,A01,138Â 290Â 993,1.0,-1.0,-1.0,1649941,2.0,7,,0.0,2.0,1.0,B01,138Â 290Â 994,1.0
966772,201900008303,10,20,18:00,2,1,1,2.0,1.0,76753,route dÃ©partementale 6015,M,"49,3372970","1,1523230",76,2019,80.0,1.0,2.0,3.0,2160950,1.0,1,2,1,5.0,,0.0,0,1990.0,B01,138Â 290Â 994,1.0,5.0,-1.0,1649940,1.0,7,,0.0,2.0,1.0,A01,138Â 290Â 993,1.0
966772,201900008303,10,20,18:00,2,1,1,2.0,1.0,76753,route dÃ©partementale 6015,M,"49,3372970","1,1523230",76,2019,80.0,1.0,2.0,3.0,2160950,1.0,1,2,1,5.0,,0.0,0,1990.0,B01,138Â 290Â 994,1.0,5.0,-1.0,1649941,2.0,7,,0.0,2.0,1.0,B01,138Â 290Â 994,1.0
966773,201900008304,10,18,17:10,1,1,1,1.0,2.0,13117,A7-Sens Marseille vers Lyon,M,"43,4413700","5,2478900",13,2019,110.0,1.0,1.0,1.0,2160951,1.0,1,4,1,4.0,,-1.0, -1,1992.0,B01,138Â 290Â 990,1.0,8.0,-1.0,1649942,1.0,10,,0.0,2.0,1.0,B01,138Â 290Â 990,1.0
966773,201900008304,10,18,17:10,1,1,1,1.0,2.0,13117,A7-Sens Marseille vers Lyon,M,"43,4413700","5,2478900",13,2019,110.0,1.0,1.0,1.0,2160951,1.0,1,4,1,4.0,,-1.0, -1,1992.0,B01,138Â 290Â 990,1.0,8.0,-1.0,1649943,1.0,10,,0.0,2.0,4.0,A01,138Â 290Â 991,1.0
966773,201900008304,10,18,17:10,1,1,1,1.0,2.0,13117,A7-Sens Marseille vers Lyon,M,"43,4413700","5,2478900",13,2019,110.0,1.0,1.0,1.0,2160952,1.0,1,4,1,4.0,,-1.0, -1,1976.0,A01,138Â 290Â 991,1.0,8.0,-1.0,1649942,1.0,10,,0.0,2.0,1.0,B01,138Â 290Â 990,1.0
966773,201900008304,10,18,17:10,1,1,1,1.0,2.0,13117,A7-Sens Marseille vers Lyon,M,"43,4413700","5,2478900",13,2019,110.0,1.0,1.0,1.0,2160952,1.0,1,4,1,4.0,,-1.0, -1,1976.0,A01,138Â 290Â 991,1.0,8.0,-1.0,1649943,1.0,10,,0.0,2.0,4.0,A01,138Â 290Â 991,1.0
966774,201900008305,10,18,16:45,1,1,1,1.0,2.0,13055,A507 sens Marseille - Aubagne,M,"43,2910420","5,4243190",13,2019,70.0,1.0,1.0,1.0,2160953,1.0,1,4,1,0.0,,-1.0,0,1958.0,B01,138Â 290Â 988,2.0,0.0,-1.0,1649944,1.0,34,,0.0,2.0,3.0,B01,138Â 290Â 988,1.0
966774,201900008305,10,18,16:45,1,1,1,1.0,2.0,13055,A507 sens Marseille - Aubagne,M,"43,2910420","5,4243190",13,2019,70.0,1.0,1.0,1.0,2160953,1.0,1,4,1,0.0,,-1.0,0,1958.0,B01,138Â 290Â 988,2.0,0.0,-1.0,1649945,1.0,7,,0.0,2.0,2.0,A01,138Â 290Â 989,1.0
966774,201900008305,10,18,16:45,1,1,1,1.0,2.0,13055,A507 sens Marseille - Aubagne,M,"43,2910420","5,4243190",13,2019,70.0,1.0,1.0,1.0,2160954,1.0,1,1,1,1.0,,-1.0,0,1981.0,A01,138Â 290Â 989,1.0,8.0,-1.0,1649944,1.0,34,,0.0,2.0,3.0,B01,138Â 290Â 988,1.0
966774,201900008305,10,18,16:45,1,1,1,1.0,2.0,13055,A507 sens Marseille - Aubagne,M,"43,2910420","5,4243190",13,2019,70.0,1.0,1.0,1.0,2160954,1.0,1,1,1,1.0,,-1.0,0,1981.0,A01,138Â 290Â 989,1.0,8.0,-1.0,1649945,1.0,7,,0.0,2.0,2.0,A01,138Â 290Â 989,1.0
966775,201900008306,8,5,05:00,5,2,9,1.0,6.0,13203,A557-Liaison A7 Marseille-A55 Marseille,M,"43,3202870","5,3723490",13,2019,90.0,1.0,1.0,1.0,2160955,1.0,1,1,1,4.0,,0.0,0,1985.0,C01,138Â 290Â 985,1.0,0.0,-1.0,1649946,1.0,7,,0.0,9.0,1.0,C01,138Â 290Â 985,1.0
966775,201900008306,8,5,05:00,5,2,9,1.0,6.0,13203,A557-Liaison A7 Marseille-A55 Marseille,M,"43,3202870","5,3723490",13,2019,90.0,1.0,1.0,1.0,2160955,1.0,1,1,1,4.0,,0.0,0,1985.0,C01,138Â 290Â 985,1.0,0.0,-1.0,1649947,1.0,34,,0.0,9.0,1.0,B01,138Â 290Â 986,1.0
966775,201900008306,8,5,05:00,5,2,9,1.0,6.0,13203,A557-Liaison A7 Marseille-A55 Marseille,M,"43,3202870","5,3723490",13,2019,90.0,1.0,1.0,1.0,2160955,1.0,1,1,1,4.0,,0.0,0,1985.0,C01,138Â 290Â 985,1.0,0.0,-1.0,1649948,2.0,7,,3.0,0.0,8.0,A01,138Â 290Â 987,1.0
966775,201900008306,8,5,05:00,5,2,9,1.0,6.0,13203,A557-Liaison A7 Marseille-A55 Marseille,M,"43,3202870","5,3723490",13,2019,90.0,1.0,1.0,1.0,2160956,1.0,1,3,1,0.0,,0.0,0,1964.0,B01,138Â 290Â 986,2.0,0.0,-1.0,1649946,1.0,7,,0.0,9.0,1.0,C01,138Â 290Â 985,1.0
966775,201900008306,8,5,05:00,5,2,9,1.0,6.0,13203,A557-Liaison A7 Marseille-A55 Marseille,M,"43,3202870","5,3723490",13,2019,90.0,1.0,1.0,1.0,2160956,1.0,1,3,1,0.0,,0.0,0,1964.0,B01,138Â 290Â 986,2.0,0.0,-1.0,1649947,1.0,34,,0.0,9.0,1.0,B01,138Â 290Â 986,1.0
966775,201900008306,8,5,05:00,5,2,9,1.0,6.0,13203,A557-Liaison A7 Marseille-A55 Marseille,M,"43,3202870","5,3723490",13,2019,90.0,1.0,1.0,1.0,2160956,1.0,1,3,1,0.0,,0.0,0,1964.0,B01,138Â 290Â 986,2.0,0.0,-1.0,1649948,2.0,7,,3.0,0.0,8.0,A01,138Â 290Â 987,1.0
966775,201900008306,8,5,05:00,5,2,9,1.0,6.0,13203,A557-Liaison A7 Marseille-A55 Marseille,M,"43,3202870","5,3723490",13,2019,90.0,1.0,1.0,1.0,2160957,1.0,1,1,1,0.0,,0.0,0,1997.0,A01,138Â 290Â 987,8.0,0.0,-1.0,1649946,1.0,7,,0.0,9.0,1.0,C01,138Â 290Â 985,1.0
966775,201900008306,8,5,05:00,5,2,9,1.0,6.0,13203,A557-Liaison A7 Marseille-A55 Marseille,M,"43,3202870","5,3723490",13,2019,90.0,1.0,1.0,1.0,2160957,1.0,1,1,1,0.0,,0.0,0,1997.0,A01,138Â 290Â 987,8.0,0.0,-1.0,1649947,1.0,34,,0.0,9.0,1.0,B01,138Â 290Â 986,1.0
966775,201900008306,8,5,05:00,5,2,9,1.0,6.0,13203,A557-Liaison A7 Marseille-A55 Marseille,M,"43,3202870","5,3723490",13,2019,90.0,1.0,1.0,1.0,2160957,1.0,1,1,1,0.0,,0.0,0,1997.0,A01,138Â 290Â 987,8.0,0.0,-1.0,1649948,2.0,7,,3.0,0.0,8.0,A01,138Â 290Â 987,1.0
966776,201900008307,10,19,13:10,1,1,1,1.0,3.0,78640,A86 INT,M,"48,7776100","2,2210900",78,2019,90.0,1.0,2.0,1.0,2160958,1.0,1,1,1,0.0,,-1.0, -1,1970.0,A01,138Â 290Â 983,1.0,0.0,-1.0,1649949,1.0,7,,3.0,2.0,7.0,A01,138Â 290Â 983,1.0
966776,201900008307,10,19,13:10,1,1,1,1.0,3.0,78640,A86 INT,M,"48,7776100","2,2210900",78,2019,90.0,1.0,2.0,1.0,2160958,1.0,1,1,1,0.0,,-1.0, -1,1970.0,A01,138Â 290Â 983,1.0,0.0,-1.0,1649950,1.0,7,,3.0,2.0,8.0,B01,138Â 290Â 984,1.0
966776,201900008307,10,19,13:10,1,1,1,1.0,3.0,78640,A86 INT,M,"48,7776100","2,2210900",78,2019,90.0,1.0,2.0,1.0,2160959,1.0,1,1,1,0.0,,-1.0, -1,1958.0,B01,138Â 290Â 984,1.0,0.0,-1.0,1649949,1.0,7,,3.0,2.0,7.0,A01,138Â 290Â 983,1.0
966776,201900008307,10,19,13:10,1,1,1,1.0,3.0,78640,A86 INT,M,"48,7776100","2,2210900",78,2019,90.0,1.0,2.0,1.0,2160959,1.0,1,1,1,0.0,,-1.0, -1,1958.0,B01,138Â 290Â 984,1.0,0.0,-1.0,1649950,1.0,7,,3.0,2.0,8.0,B01,138Â 290Â 984,1.0
966776,201900008307,10,19,13:10,1,1,1,1.0,3.0,78640,A86 INT,M,"48,7776100","2,2210900",78,2019,90.0,1.0,2.0,1.0,2160960,2.0,2,4,1,0.0,,-1.0, -1,1958.0,B01,138Â 290Â 984,1.0,0.0,-1.0,1649949,1.0,7,,3.0,2.0,7.0,A01,138Â 290Â 983,1.0
966776,201900008307,10,19,13:10,1,1,1,1.0,3.0,78640,A86 INT,M,"48,7776100","2,2210900",78,2019,90.0,1.0,2.0,1.0,2160960,2.0,2,4,1,0.0,,-1.0, -1,1958.0,B01,138Â 290Â 984,1.0,0.0,-1.0,1649950,1.0,7,,3.0,2.0,8.0,B01,138Â 290Â 984,1.0
966777,201900008308,10,18,23:55,3,1,1,1.0,4.0,93007,AUTOROUTE A1,M,"48,9548400","2,4575200",93,2019,110.0,1.0,1.0,1.0,2160961,1.0,1,4,1,0.0,,-1.0, -1,1986.0,A01,138Â 290Â 980,1.0,0.0,-1.0,1649951,1.0,7,,0.0,2.0,5.0,A01,138Â 290Â 980,1.0
966777,201900008308,10,18,23:55,3,1,1,1.0,4.0,93007,AUTOROUTE A1,M,"48,9548400","2,4575200",93,2019,110.0,1.0,1.0,1.0,2160961,1.0,1,4,1,0.0,,-1.0, -1,1986.0,A01,138Â 290Â 980,1.0,0.0,-1.0,1649952,1.0,7,,0.0,2.0,5.0,B01,138Â 290Â 981,1.0
966777,201900008308,10,18,23:55,3,1,1,1.0,4.0,93007,AUTOROUTE A1,M,"48,9548400","2,4575200",93,2019,110.0,1.0,1.0,1.0,2160961,1.0,1,4,1,0.0,,-1.0, -1,1986.0,A01,138Â 290Â 980,1.0,0.0,-1.0,1649953,1.0,7,,0.0,2.0,1.0,Z01,138Â 290Â 982,0.0
966777,201900008308,10,18,23:55,3,1,1,1.0,4.0,93007,AUTOROUTE A1,M,"48,9548400","2,4575200",93,2019,110.0,1.0,1.0,1.0,2160962,1.0,1,4,1,0.0,,-1.0, -1,1955.0,B01,138Â 290Â 981,1.0,0.0,-1.0,1649951,1.0,7,,0.0,2.0,5.0,A01,138Â 290Â 980,1.0
966777,201900008308,10,18,23:55,3,1,1,1.0,4.0,93007,AUTOROUTE A1,M,"48,9548400","2,4575200",93,2019,110.0,1.0,1.0,1.0,2160962,1.0,1,4,1,0.0,,-1.0, -1,1955.0,B01,138Â 290Â 981,1.0,0.0,-1.0,1649952,1.0,7,,0.0,2.0,5.0,B01,138Â 290Â 981,1.0
966777,201900008308,10,18,23:55,3,1,1,1.0,4.0,93007,AUTOROUTE A1,M,"48,9548400","2,4575200",93,2019,110.0,1.0,1.0,1.0,2160962,1.0,1,4,1,0.0,,-1.0, -1,1955.0,B01,138Â 290Â 981,1.0,0.0,-1.0,1649953,1.0,7,,0.0,2.0,1.0,Z01,138Â 290Â 982,0.0
966777,201900008308,10,18,23:55,3,1,1,1.0,4.0,93007,AUTOROUTE A1,M,"48,9548400","2,4575200",93,2019,110.0,1.0,1.0,1.0,2160963,2.0,2,4,2,0.0,,-1.0, -1,1969.0,B01,138Â 290Â 981,1.0,0.0,-1.0,1649951,1.0,7,,0.0,2.0,5.0,A01,138Â 290Â 980,1.0
966777,201900008308,10,18,23:55,3,1,1,1.0,4.0,93007,AUTOROUTE A1,M,"48,9548400","2,4575200",93,2019,110.0,1.0,1.0,1.0,2160963,2.0,2,4,2,0.0,,-1.0, -1,1969.0,B01,138Â 290Â 981,1.0,0.0,-1.0,1649952,1.0,7,,0.0,2.0,5.0,B01,138Â 290Â 981,1.0
966777,201900008308,10,18,23:55,3,1,1,1.0,4.0,93007,AUTOROUTE A1,M,"48,9548400","2,4575200",93,2019,110.0,1.0,1.0,1.0,2160963,2.0,2,4,2,0.0,,-1.0, -1,1969.0,B01,138Â 290Â 981,1.0,0.0,-1.0,1649953,1.0,7,,0.0,2.0,1.0,Z01,138Â 290Â 982,0.0
966778,201900008309,10,18,19:30,3,1,1,1.0,3.0,92036,A86,M,"48,9374230","2,3170925",92,2019,90.0,1.0,1.0,1.0,2160964,1.0,1,1,1,0.0,,-1.0,0,1983.0,A01,138Â 290Â 978,1.0,0.0,-1.0,1649954,2.0,10,,0.0,2.0,3.0,A01,138Â 290Â 978,1.0
966778,201900008309,10,18,19:30,3,1,1,1.0,3.0,92036,A86,M,"48,9374230","2,3170925",92,2019,90.0,1.0,1.0,1.0,2160964,1.0,1,1,1,0.0,,-1.0,0,1983.0,A01,138Â 290Â 978,1.0,0.0,-1.0,1649955,2.0,43,,0.0,2.0,2.0,B01,138Â 290Â 979,1.0
966778,201900008309,10,18,19:30,3,1,1,1.0,3.0,92036,A86,M,"48,9374230","2,3170925",92,2019,90.0,1.0,1.0,1.0,2160965,1.0,1,4,1,9.0,,-1.0, -1,1983.0,B01,138Â 290Â 979,2.0,0.0,-1.0,1649954,2.0,10,,0.0,2.0,3.0,A01,138Â 290Â 978,1.0
966778,201900008309,10,18,19:30,3,1,1,1.0,3.0,92036,A86,M,"48,9374230","2,3170925",92,2019,90.0,1.0,1.0,1.0,2160965,1.0,1,4,1,9.0,,-1.0, -1,1983.0,B01,138Â 290Â 979,2.0,0.0,-1.0,1649955,2.0,43,,0.0,2.0,2.0,B01,138Â 290Â 979,1.0