Unnamed: 0_x,num_acc,mois,jour,hrmn,lum,agg,int,atm,col,com,adr,gps,lat,long,dep,annee,vma,situ,surf,catr,Unnamed: 0_y,place,catu,grav,sexe,trajet,secu,locp,actp,an_nais,num_veh_x,id_vehicule_x,secu1,secu2,secu3,Unnamed: 0,senc,catv,occutc,obs,obsm,choc,num_veh_y,id_vehicule_y,motor
966779,201900008310,10,18,14:20,1,1,1,1.0,4.0,95127,AUTOROUTE A15,M,"49,0458400","2,0742700",95,2019,90.0,1.0,1.0,1.0,2160966,1.0,1,4,1,5.0,,-1.0, -1,1972.0,C01,138Â 290Â 975,1.0,0.0,-1.0,1649956,1.0,10,,0.0,2.0,4.0,C01,138Â 290Â 975,1.0
966779,201900008310,10,18,14:20,1,1,1,1.0,4.0,95127,AUTOROUTE A15,M,"49,0458400","2,0742700",95,2019,90.0,1.0,1.0,1.0,2160966,1.0,1,4,1,5.0,,-1.0, -1,1972.0,C01,138Â 290Â 975,1.0,0.0,-1.0,1649957,1.0,7,,0.0,2.0,4.0,B01,138Â 290Â 976,1.0
966779,201900008310,10,18,14:20,1,1,1,1.0,4.0,95127,AUTOROUTE A15,M,"49,0458400","2,0742700",95,2019,90.0,1.0,1.0,1.0,2160966,1.0,1,4,1,5.0,,-1.0, -1,1972.0,C01,138Â 290Â 975,1.0,0.0,-1.0,1649958,1.0,7,,0.0,2.0,1.0,A01,138Â 290Â 977,2.0
966779,201900008310,10,18,14:20,1,1,1,1.0,4.0,95127,AUTOROUTE A15,M,"49,0458400","2,0742700",95,2019,90.0,1.0,1.0,1.0,2160967,1.0,1,4,2,5.0,,-1.0, -1,1978.0,B01,138Â 290Â 976,1.0,0.0,-1.0,1649956,1.0,10,,0.0,2.0,4.0,C01,138Â 290Â 975,1.0
966779,201900008310,10,18,14:20,1,1,1,1.0,4.0,95127,AUTOROUTE A15,M,"49,0458400","2,0742700",95,2019,90.0,1.0,1.0,1.0,2160967,1.0,1,4,2,5.0,,-1.0, -1,1978.0,B01,138Â 290Â 976,1.0,0.0,-1.0,1649957,1.0,7,,0.0,2.0,4.0,B01,138Â 290Â 976,1.0
966779,201900008310,10,18,14:20,1,1,1,1.0,4.0,95127,AUTOROUTE A15,M,"49,0458400","2,0742700",95,2019,90.0,1.0,1.0,1.0,2160967,1.0,1,4,2,5.0,,-1.0, -1,1978.0,B01,138Â 290Â 976,1.0,0.0,-1.0,1649958,1.0,7,,0.0,2.0,1.0,A01,138Â 290Â 977,2.0
966779,201900008310,10,18,14:20,1,1,1,1.0,4.0,95127,AUTOROUTE A15,M,"49,0458400","2,0742700",95,2019,90.0,1.0,1.0,1.0,2160968,1.0,1,4,2,5.0,,-1.0, -1,1983.0,A01,138Â 290Â 977,1.0,0.0,-1.0,1649956,1.0,10,,0.0,2.0,4.0,C01,138Â 290Â 975,1.0
966779,201900008310,10,18,14:20,1,1,1,1.0,4.0,95127,AUTOROUTE A15,M,"49,0458400","2,0742700",95,2019,90.0,1.0,1.0,1.0,2160968,1.0,1,4,2,5.0,,-1.0, -1,1983.0,A01,138Â 290Â 977,1.0,0.0,-1.0,1649957,1.0,7,,0.0,2.0,4.0,B01,138Â 290Â 976,1.0
966779,201900008310,10,18,14:20,1,1,1,1.0,4.0,95127,AUTOROUTE A15,M,"49,0458400","2,0742700",95,2019,90.0,1.0,1.0,1.0,2160968,1.0,1,4,2,5.0,,-1.0, -1,1983.0,A01,138Â 290Â 977,1.0,0.0,-1.0,1649958,1.0,7,,0.0,2.0,1.0,A01,138Â 290Â 977,2.0
966780,201900008311,10,19,17:30,1,1,1,1.0,2.0,94018,A4,M,"48,8172370","2,4310272",94,2019,90.0,1.0,1.0,1.0,2160969,1.0,1,4,1,5.0,,-1.0,0,1979.0,B01,138Â 290Â 973,2.0,0.0,-1.0,1649959,1.0,31,,0.0,2.0,3.0,B01,138Â 290Â 973,1.0
966780,201900008311,10,19,17:30,1,1,1,1.0,2.0,94018,A4,M,"48,8172370","2,4310272",94,2019,90.0,1.0,1.0,1.0,2160969,1.0,1,4,1,5.0,,-1.0,0,1979.0,B01,138Â 290Â 973,2.0,0.0,-1.0,1649960,1.0,10,,0.0,2.0,5.0,A01,138Â 290Â 974,1.0
966780,201900008311,10,19,17:30,1,1,1,1.0,2.0,94018,A4,M,"48,8172370","2,4310272",94,2019,90.0,1.0,1.0,1.0,2160970,1.0,1,1,1,5.0,,-1.0, -1,1976.0,A01,138Â 290Â 974,1.0,0.0,-1.0,1649959,1.0,31,,0.0,2.0,3.0,B01,138Â 290Â 973,1.0
966780,201900008311,10,19,17:30,1,1,1,1.0,2.0,94018,A4,M,"48,8172370","2,4310272",94,2019,90.0,1.0,1.0,1.0,2160970,1.0,1,1,1,5.0,,-1.0, -1,1976.0,A01,138Â 290Â 974,1.0,0.0,-1.0,1649960,1.0,10,,0.0,2.0,5.0,A01,138Â 290Â 974,1.0
966781,201900008312,10,19,17:30,1,1,1,1.0,3.0,77517,A104.EXT,M,"48,9079300","2,6385900",77,2019,90.0,1.0,1.0,1.0,2160971,1.0,1,1,1,5.0,,-1.0,0,1965.0,A01,138Â 290Â 971,1.0,0.0,-1.0,1649961,2.0,7,,0.0,2.0,7.0,A01,138Â 290Â 971,1.0
966781,201900008312,10,19,17:30,1,1,1,1.0,3.0,77517,A104.EXT,M,"48,9079300","2,6385900",77,2019,90.0,1.0,1.0,1.0,2160971,1.0,1,1,1,5.0,,-1.0,0,1965.0,A01,138Â 290Â 971,1.0,0.0,-1.0,1649962,2.0,34,,0.0,2.0,8.0,B01,138Â 290Â 972,1.0
966781,201900008312,10,19,17:30,1,1,1,1.0,3.0,77517,A104.EXT,M,"48,9079300","2,6385900",77,2019,90.0,1.0,1.0,1.0,2160972,1.0,1,4,1,5.0,,-1.0,0,1967.0,B01,138Â 290Â 972,2.0,6.0,-1.0,1649961,2.0,7,,0.0,2.0,7.0,A01,138Â 290Â 971,1.0
966781,201900008312,10,19,17:30,1,1,1,1.0,3.0,77517,A104.EXT,M,"48,9079300","2,6385900",77,2019,90.0,1.0,1.0,1.0,2160972,1.0,1,4,1,5.0,,-1.0,0,1967.0,B01,138Â 290Â 972,2.0,6.0,-1.0,1649962,2.0,34,,0.0,2.0,8.0,B01,138Â 290Â 972,1.0
966782,201900008313,10,17,07:20,5,2,1,3.0,3.0,86194,PARIS (AVENUE DE),M,"46,6004373","0,3397822",86,2019,50.0,1.0,2.0,3.0,2160973,1.0,1,4,2,1.0,,-1.0, -1,1998.0,A01,138Â 290Â 967,2.0,6.0,-1.0,1649963,3.0,7,,0.0,2.0,0.0,Z01,138Â 290Â 966,0.0
966782,201900008313,10,17,07:20,5,2,1,3.0,3.0,86194,PARIS (AVENUE DE),M,"46,6004373","0,3397822",86,2019,50.0,1.0,2.0,3.0,2160973,1.0,1,4,2,1.0,,-1.0, -1,1998.0,A01,138Â 290Â 967,2.0,6.0,-1.0,1649964,3.0,2,,0.0,2.0,7.0,A01,138Â 290Â 967,1.0
966783,201900008314,10,17,15:35,1,2,1,3.0,7.0,63164,GUESDE (RUE JULES),M,"45,8194167","3,1412945",63,2019,50.0,1.0,2.0,7.0,2160974,1.0,1,4,1,0.0,,0.0,0,2001.0,A01,138Â 290Â 965,2.0,6.0,-1.0,1649965,0.0,30,,0.0,0.0,0.0,A01,138Â 290Â 965,1.0
966784,201900008315,10,17,16:45,1,2,3,1.0,3.0,34172,SOULAS (AVENUE DU PERE,M,"43,6195300","3,8606000",34,2019,50.0,1.0,1.0,4.0,2160975,1.0,1,4,1,1.0,,0.0,0,1992.0,A01,138Â 290Â 963,2.0,8.0,-1.0,1649966,1.0,31,,0.0,2.0,2.0,A01,138Â 290Â 963,1.0
966784,201900008315,10,17,16:45,1,2,3,1.0,3.0,34172,SOULAS (AVENUE DU PERE,M,"43,6195300","3,8606000",34,2019,50.0,1.0,1.0,4.0,2160975,1.0,1,4,1,1.0,,0.0,0,1992.0,A01,138Â 290Â 963,2.0,8.0,-1.0,1649967,1.0,7,,0.0,2.0,3.0,B01,138Â 290Â 964,1.0
966784,201900008315,10,17,16:45,1,2,3,1.0,3.0,34172,SOULAS (AVENUE DU PERE,M,"43,6195300","3,8606000",34,2019,50.0,1.0,1.0,4.0,2160976,4.0,2,1,1,5.0,,0.0,0,2018.0,B01,138Â 290Â 964,3.0,8.0,-1.0,1649966,1.0,31,,0.0,2.0,2.0,A01,138Â 290Â 963,1.0
966784,201900008315,10,17,16:45,1,2,3,1.0,3.0,34172,SOULAS (AVENUE DU PERE,M,"43,6195300","3,8606000",34,2019,50.0,1.0,1.0,4.0,2160976,4.0,2,1,1,5.0,,0.0,0,2018.0,B01,138Â 290Â 964,3.0,8.0,-1.0,1649967,1.0,7,,0.0,2.0,3.0,B01,138Â 290Â 964,1.0
966784,201900008315,10,17,16:45,1,2,3,1.0,3.0,34172,SOULAS (AVENUE DU PERE,M,"43,6195300","3,8606000",34,2019,50.0,1.0,1.0,4.0,2160977,1.0,1,1,1,5.0,,0.0,0,1979.0,B01,138Â 290Â 964,1.0,8.0,-1.0,1649966,1.0,31,,0.0,2.0,2.0,A01,138Â 290Â 963,1.0
966784,201900008315,10,17,16:45,1,2,3,1.0,3.0,34172,SOULAS (AVENUE DU PERE,M,"43,6195300","3,8606000",34,2019,50.0,1.0,1.0,4.0,2160977,1.0,1,1,1,5.0,,0.0,0,1979.0,B01,138Â 290Â 964,1.0,8.0,-1.0,1649967,1.0,7,,0.0,2.0,3.0,B01,138Â 290Â 964,1.0
966785,201900008316,10,17,17:12,1,2,3,1.0,6.0,13204,CHAVE (BOULEVARD),M,"43,2957472","5,3978462",13,2019,50.0,1.0,1.0,4.0,2160978,10.0,3,4,2,2.0,,3.0,3,2007.0,Z01,138Â 290Â 962,8.0,0.0,-1.0,1649968,1.0,7,,0.0,1.0,3.0,Z01,138Â 290Â 962,1.0
966786,201900008317,10,17,16:30,1,2,1,1.0,6.0,13205,SAKAKINI (BOULEVARD),M,"43,2951800","5,4009500",13,2019,50.0,1.0,1.0,4.0,2160979,2.0,1,4,2,3.0,,-1.0, -1,1990.0,B01,138Â 290Â 960,2.0,0.0,-1.0,1649969,2.0,2,,0.0,0.0,7.0,B01,138Â 290Â 960,1.0
966786,201900008317,10,17,16:30,1,2,1,1.0,6.0,13205,SAKAKINI (BOULEVARD),M,"43,2951800","5,4009500",13,2019,50.0,1.0,1.0,4.0,2160979,2.0,1,4,2,3.0,,-1.0, -1,1990.0,B01,138Â 290Â 960,2.0,0.0,-1.0,1649970,2.0,7,,0.0,2.0,0.0,A01,138Â 290Â 961,1.0
966786,201900008317,10,17,16:30,1,2,1,1.0,6.0,13205,SAKAKINI (BOULEVARD),M,"43,2951800","5,4009500",13,2019,50.0,1.0,1.0,4.0,2160980,1.0,1,1,1,4.0,,-1.0, -1,1982.0,A01,138Â 290Â 961,8.0,0.0,-1.0,1649969,2.0,2,,0.0,0.0,7.0,B01,138Â 290Â 960,1.0
966786,201900008317,10,17,16:30,1,2,1,1.0,6.0,13205,SAKAKINI (BOULEVARD),M,"43,2951800","5,4009500",13,2019,50.0,1.0,1.0,4.0,2160980,1.0,1,1,1,4.0,,-1.0, -1,1982.0,A01,138Â 290Â 961,8.0,0.0,-1.0,1649970,2.0,7,,0.0,2.0,0.0,A01,138Â 290Â 961,1.0
966787,201900008318,10,17,22:15,5,2,1,1.0,3.0,93055,JEAN JAURES (AVENUE)(130 AU 172),M,"48,9099947","2,3989604",93,2019,50.0,1.0,1.0,3.0,2160981,1.0,1,4,1,9.0,,-1.0, -1,1985.0,A01,138Â 290Â 958,2.0,0.0,-1.0,1649971,1.0,32,,0.0,2.0,8.0,A01,138Â 290Â 958,1.0
966787,201900008318,10,17,22:15,5,2,1,1.0,3.0,93055,JEAN JAURES (AVENUE)(130 AU 172),M,"48,9099947","2,3989604",93,2019,50.0,1.0,1.0,3.0,2160981,1.0,1,4,1,9.0,,-1.0, -1,1985.0,A01,138Â 290Â 958,2.0,0.0,-1.0,1649972,1.0,7,,0.0,2.0,7.0,B01,138Â 290Â 959,0.0
966788,201900008319,10,16,18:16,1,2,1,2.0,6.0,92072,VILLE D'AVRAY (RUE DE ),M,"48,8258422","2,2034992",92,2019,50.0,2.0,2.0,3.0,2160982,1.0,1,1,2,5.0,,-1.0,0,1943.0,A01,138Â 290Â 957,8.0,8.0,-1.0,1649973,2.0,7,,0.0,1.0,1.0,A01,138Â 290Â 957,1.0
966788,201900008319,10,16,18:16,1,2,1,2.0,6.0,92072,VILLE D'AVRAY (RUE DE ),M,"48,8258422","2,2034992",92,2019,50.0,2.0,2.0,3.0,2160983,10.0,3,4,1,2.0,,3.0,3,1995.0,A01,138Â 290Â 957,8.0,0.0,-1.0,1649973,2.0,7,,0.0,1.0,1.0,A01,138Â 290Â 957,1.0
966789,201900008320,10,18,13:30,1,1,1,8.0,7.0,13055,A507 sens Marseille - Aubagne,M,"43,3401050","5,3764970",13,2019,70.0,1.0,1.0,1.0,2160984,1.0,1,4,1,0.0,,-1.0,0,1966.0,A01,138Â 290Â 956,2.0,6.0,-1.0,1649974,1.0,32,,4.0,0.0,8.0,A01,138Â 290Â 956,1.0
966790,201900008321,10,16,23:40,3,1,1,1.0,6.0,95582,AUTOROUTE A115,M,"48,9750800","2,2414900",95,2019,70.0,1.0,2.0,1.0,2160985,1.0,1,4,2,5.0,,-1.0,0,2000.0,A01,138Â 290Â 955,1.0,8.0,-1.0,1649975,2.0,7,,3.0,0.0,1.0,A01,138Â 290Â 955,1.0
966791,201900008322,10,16,18:15,1,1,1,2.0,6.0,93053,AUTOROUTE A103,M,"48,8872800","2,4738500",93,2019,90.0,1.0,2.0,1.0,2160986,1.0,1,1,1,0.0,,-1.0, -1,1994.0,A01,138Â 290Â 954,1.0,0.0,-1.0,1649976,1.0,7,,4.0,0.0,1.0,A01,138Â 290Â 954,1.0
966791,201900008322,10,16,18:15,1,1,1,2.0,6.0,93053,AUTOROUTE A103,M,"48,8872800","2,4738500",93,2019,90.0,1.0,2.0,1.0,2160987,2.0,2,4,2,0.0,,-1.0, -1,1995.0,A01,138Â 290Â 954,1.0,0.0,-1.0,1649976,1.0,7,,4.0,0.0,1.0,A01,138Â 290Â 954,1.0
966792,201900008323,10,18,12:00,1,2,3,1.0,3.0,98818,RUE HENRI SCHMIDT/DES JARDINS DE SAINTE MARIE,M," -22,2761300","166,4590400",988,2019,50.0,1.0,1.0,4.0,2160988,1.0,1,1,2,0.0,,-1.0, -1,1957.0,A01,138Â 290Â 952,1.0,8.0,-1.0,1649977,3.0,7,,0.0,2.0,1.0,A01,138Â 290Â 952,1.0
966792,201900008323,10,18,12:00,1,2,3,1.0,3.0,98818,RUE HENRI SCHMIDT/DES JARDINS DE SAINTE MARIE,M," -22,2761300","166,4590400",988,2019,50.0,1.0,1.0,4.0,2160988,1.0,1,1,2,0.0,,-1.0, -1,1957.0,A01,138Â 290Â 952,1.0,8.0,-1.0,1649978,3.0,7,,8.0,2.0,7.0,B01,138Â 290Â 953,1.0
966792,201900008323,10,18,12:00,1,2,3,1.0,3.0,98818,RUE HENRI SCHMIDT/DES JARDINS DE SAINTE MARIE,M," -22,2761300","166,4590400",988,2019,50.0,1.0,1.0,4.0,2160989,1.0,1,4,2,1.0,,-1.0, -1,1968.0,B01,138Â 290Â 953,1.0,8.0,-1.0,1649977,3.0,7,,0.0,2.0,1.0,A01,138Â 290Â 952,1.0
966792,201900008323,10,18,12:00,1,2,3,1.0,3.0,98818,RUE HENRI SCHMIDT/DES JARDINS DE SAINTE MARIE,M," -22,2761300","166,4590400",988,2019,50.0,1.0,1.0,4.0,2160989,1.0,1,4,2,1.0,,-1.0, -1,1968.0,B01,138Â 290Â 953,1.0,8.0,-1.0,1649978,3.0,7,,8.0,2.0,7.0,B01,138Â 290Â 953,1.0
966793,201900008324,10,18,14:20,1,2,1,2.0,6.0,97611,kaweni-Grande Traverse (rue de la),M," -12,7748200","45,2247500",976,2019,50.0,1.0,1.0,4.0,2160990,1.0,1,1,1,0.0,,-1.0,0,1968.0,A01,138Â 290Â 951,1.0,8.0,-1.0,1649979,2.0,7,,0.0,1.0,7.0,A01,138Â 290Â 951,1.0
966793,201900008324,10,18,14:20,1,2,1,2.0,6.0,97611,kaweni-Grande Traverse (rue de la),M," -12,7748200","45,2247500",976,2019,50.0,1.0,1.0,4.0,2160991,10.0,3,4,1,0.0,,8.0,3,1947.0,A01,138Â 290Â 951,8.0,0.0,-1.0,1649979,2.0,7,,0.0,1.0,7.0,A01,138Â 290Â 951,1.0
966794,201900008325,10,18,17:00,1,2,3,2.0,2.0,69259,JULES GUESDE                        (AV),M,"45,7166200","4,8879300",69,2019,50.0,1.0,2.0,4.0,2160992,2.0,2,4,2,0.0,,-1.0, -1,1987.0,B01,138Â 290Â 949,1.0,0.0,-1.0,1649980,1.0,7,,0.0,2.0,4.0,B01,138Â 290Â 949,1.0
966794,201900008325,10,18,17:00,1,2,3,2.0,2.0,69259,JULES GUESDE                        (AV),M,"45,7166200","4,8879300",69,2019,50.0,1.0,2.0,4.0,2160992,2.0,2,4,2,0.0,,-1.0, -1,1987.0,B01,138Â 290Â 949,1.0,0.0,-1.0,1649981,1.0,7,,0.0,2.0,1.0,A01,138Â 290Â 950,1.0
966794,201900008325,10,18,17:00,1,2,3,2.0,2.0,69259,JULES GUESDE                        (AV),M,"45,7166200","4,8879300",69,2019,50.0,1.0,2.0,4.0,2160993,1.0,1,1,1,1.0,,-1.0, -1,1970.0,B01,138Â 290Â 949,1.0,0.0,-1.0,1649980,1.0,7,,0.0,2.0,4.0,B01,138Â 290Â 949,1.0
966794,201900008325,10,18,17:00,1,2,3,2.0,2.0,69259,JULES GUESDE                        (AV),M,"45,7166200","4,8879300",69,2019,50.0,1.0,2.0,4.0,2160993,1.0,1,1,1,1.0,,-1.0, -1,1970.0,B01,138Â 290Â 949,1.0,0.0,-1.0,1649981,1.0,7,,0.0,2.0,1.0,A01,138Â 290Â 950,1.0
966794,201900008325,10,18,17:00,1,2,3,2.0,2.0,69259,JULES GUESDE                        (AV),M,"45,7166200","4,8879300",69,2019,50.0,1.0,2.0,4.0,2160994,1.0,1,1,1,1.0,,-1.0, -1,1986.0,A01,138Â 290Â 950,1.0,0.0,-1.0,1649980,1.0,7,,0.0,2.0,4.0,B01,138Â 290Â 949,1.0
966794,201900008325,10,18,17:00,1,2,3,2.0,2.0,69259,JULES GUESDE                        (AV),M,"45,7166200","4,8879300",69,2019,50.0,1.0,2.0,4.0,2160994,1.0,1,1,1,1.0,,-1.0, -1,1986.0,A01,138Â 290Â 950,1.0,0.0,-1.0,1649981,1.0,7,,0.0,2.0,1.0,A01,138Â 290Â 950,1.0
966795,201900008326,10,18,16:30,1,2,1,2.0,6.0,69383,LAFAYETTE                           (CO),M,"45,7637300","4,8677800",69,2019,50.0,1.0,2.0,4.0,2160995,10.0,3,4,2,0.0,,4.0,3,1959.0,A01,138Â 290Â 948,8.0,0.0,-1.0,1649982,1.0,7,,0.0,1.0,1.0,A01,138Â 290Â 948,1.0
966795,201900008326,10,18,16:30,1,2,1,2.0,6.0,69383,LAFAYETTE                           (CO),M,"45,7637300","4,8677800",69,2019,50.0,1.0,2.0,4.0,2160996,1.0,1,1,1,5.0,,-1.0, -1,1999.0,A01,138Â 290Â 948,8.0,0.0,-1.0,1649982,1.0,7,,0.0,1.0,1.0,A01,138Â 290Â 948,1.0
966796,201900008327,10,18,16:05,1,2,7,3.0,6.0,69199,ARISTIDE BRIAND                     (AV),M,"45,7061100","4,8598900",69,2019,10.0,4.0,2.0,6.0,2160997,1.0,1,1,1,3.0,,0.0,0,1983.0,A01,138Â 290Â 947,8.0,0.0,-1.0,1649983,3.0,7,,0.0,1.0,1.0,A01,138Â 290Â 947,1.0
966796,201900008327,10,18,16:05,1,2,7,3.0,6.0,69199,ARISTIDE BRIAND                     (AV),M,"45,7061100","4,8598900",69,2019,10.0,4.0,2.0,6.0,2160998,10.0,3,4,2,1.0,,5.0,3,1961.0,A01,138Â 290Â 947,0.0,-1.0,-1.0,1649983,3.0,7,,0.0,1.0,1.0,A01,138Â 290Â 947,1.0
966797,201900008328,10,18,15:00,1,2,2,2.0,3.0,69387,ANVERS (D')                         (R ),M,"45,7502200","4,8433100",69,2019,50.0,1.0,2.0,4.0,2160999,1.0,1,1,1,4.0,,-1.0, -1,1983.0,B01,138Â 290Â 945,1.0,0.0,-1.0,1649984,1.0,7,,0.0,2.0,2.0,B01,138Â 290Â 945,1.0
966797,201900008328,10,18,15:00,1,2,2,2.0,3.0,69387,ANVERS (D')                         (R ),M,"45,7502200","4,8433100",69,2019,50.0,1.0,2.0,4.0,2160999,1.0,1,1,1,4.0,,-1.0, -1,1983.0,B01,138Â 290Â 945,1.0,0.0,-1.0,1649985,1.0,31,,0.0,2.0,1.0,A01,138Â 290Â 946,1.0
966797,201900008328,10,18,15:00,1,2,2,2.0,3.0,69387,ANVERS (D')                         (R ),M,"45,7502200","4,8433100",69,2019,50.0,1.0,2.0,4.0,2161000,1.0,1,4,1,0.0,,-1.0, -1,1995.0,A01,138Â 290Â 946,2.0,0.0,-1.0,1649984,1.0,7,,0.0,2.0,2.0,B01,138Â 290Â 945,1.0
966797,201900008328,10,18,15:00,1,2,2,2.0,3.0,69387,ANVERS (D')                         (R ),M,"45,7502200","4,8433100",69,2019,50.0,1.0,2.0,4.0,2161000,1.0,1,4,1,0.0,,-1.0, -1,1995.0,A01,138Â 290Â 946,2.0,0.0,-1.0,1649985,1.0,31,,0.0,2.0,1.0,A01,138Â 290Â 946,1.0
966798,201900008329,10,18,08:05,1,2,9,8.0,3.0,69382,BAYARD                              (CO),M,"45,7446000","4,8196000",69,2019,50.0,1.0,1.0,4.0,2161001,1.0,1,1,1,4.0,,-1.0, -1,1964.0,B01,138Â 290Â 943,1.0,8.0,-1.0,1649986,1.0,7,,0.0,2.0,7.0,B01,138Â 290Â 943,0.0
966798,201900008329,10,18,08:05,1,2,9,8.0,3.0,69382,BAYARD                              (CO),M,"45,7446000","4,8196000",69,2019,50.0,1.0,1.0,4.0,2161001,1.0,1,1,1,4.0,,-1.0, -1,1964.0,B01,138Â 290Â 943,1.0,8.0,-1.0,1649987,1.0,33,,0.0,2.0,1.0,A01,138Â 290Â 944,1.0
966798,201900008329,10,18,08:05,1,2,9,8.0,3.0,69382,BAYARD                              (CO),M,"45,7446000","4,8196000",69,2019,50.0,1.0,1.0,4.0,2161002,1.0,1,3,1,1.0,,-1.0, -1,1994.0,A01,138Â 290Â 944,2.0,8.0,-1.0,1649986,1.0,7,,0.0,2.0,7.0,B01,138Â 290Â 943,0.0
966798,201900008329,10,18,08:05,1,2,9,8.0,3.0,69382,BAYARD                              (CO),M,"45,7446000","4,8196000",69,2019,50.0,1.0,1.0,4.0,2161002,1.0,1,3,1,1.0,,-1.0, -1,1994.0,A01,138Â 290Â 944,2.0,8.0,-1.0,1649987,1.0,33,,0.0,2.0,1.0,A01,138Â 290Â 944,1.0
966799,201900008330,10,18,08:23,1,1,1,2.0,6.0,91223,R.N.20,M,"48,4157200","2,1301900",91,2019,90.0,1.0,2.0,2.0,2161003,1.0,1,4,1,0.0,,0.0,0,1998.0,A01,138Â 290Â 935,1.0,8.0,-1.0,1649988,2.0,7,,4.0,0.0,9.0,A01,138Â 290Â 935,1.0
966800,201900008331,10,18,14:50,1,2,3,1.0,3.0,91201,HENRI BARBUSSE(BOULEVARD),M,"48,6930000","2,4130000",91,2019,50.0,1.0,1.0,4.0,2161004,1.0,1,4,1,9.0,,0.0,0,1990.0,B01,138Â 290Â 933,2.0,0.0,-1.0,1649989,1.0,50,,0.0,2.0,2.0,B01,138Â 290Â 933,3.0
966800,201900008331,10,18,14:50,1,2,3,1.0,3.0,91201,HENRI BARBUSSE(BOULEVARD),M,"48,6930000","2,4130000",91,2019,50.0,1.0,1.0,4.0,2161004,1.0,1,4,1,9.0,,0.0,0,1990.0,B01,138Â 290Â 933,2.0,0.0,-1.0,1649990,1.0,7,,0.0,2.0,8.0,A01,138Â 290Â 934,2.0
966800,201900008331,10,18,14:50,1,2,3,1.0,3.0,91201,HENRI BARBUSSE(BOULEVARD),M,"48,6930000","2,4130000",91,2019,50.0,1.0,1.0,4.0,2161005,1.0,1,1,2,4.0,,0.0,0,1972.0,A01,138Â 290Â 934,1.0,0.0,-1.0,1649989,1.0,50,,0.0,2.0,2.0,B01,138Â 290Â 933,3.0
966800,201900008331,10,18,14:50,1,2,3,1.0,3.0,91201,HENRI BARBUSSE(BOULEVARD),M,"48,6930000","2,4130000",91,2019,50.0,1.0,1.0,4.0,2161005,1.0,1,1,2,4.0,,0.0,0,1972.0,A01,138Â 290Â 934,1.0,0.0,-1.0,1649990,1.0,7,,0.0,2.0,8.0,A01,138Â 290Â 934,2.0
966801,201900008332,10,18,08:45,1,2,3,8.0,6.0,91174,COMBES MARNES(BOULEVARD),M,"48,6030400","2,4630000",91,2019,50.0,1.0,2.0,7.0,2161006,10.0,3,4,2,0.0,,2.0,3,1969.0,A01,138Â 290Â 932,8.0,0.0,-1.0,1649991,3.0,7,,0.0,1.0,3.0,A01,138Â 290Â 932,1.0
966801,201900008332,10,18,08:45,1,2,3,8.0,6.0,91174,COMBES MARNES(BOULEVARD),M,"48,6030400","2,4630000",91,2019,50.0,1.0,2.0,7.0,2161007,1.0,1,1,1,9.0,,0.0,0,1977.0,A01,138Â 290Â 932,1.0,0.0,-1.0,1649991,3.0,7,,0.0,1.0,3.0,A01,138Â 290Â 932,1.0
966802,201900008333,10,18,07:54,1,2,6,1.0,2.0,91103,CD 19,M,"48,5878000","2,3072600",91,2019,50.0,1.0,1.0,3.0,2161008,1.0,1,1,1,1.0,,0.0,0,1960.0,A01,138Â 290Â 930,1.0,0.0,-1.0,1649992,1.0,7,,0.0,2.0,3.0,A01,138Â 290Â 930,1.0
966802,201900008333,10,18,07:54,1,2,6,1.0,2.0,91103,CD 19,M,"48,5878000","2,3072600",91,2019,50.0,1.0,1.0,3.0,2161008,1.0,1,1,1,1.0,,0.0,0,1960.0,A01,138Â 290Â 930,1.0,0.0,-1.0,1649993,1.0,33,,0.0,2.0,7.0,B01,138Â 290Â 931,1.0
966802,201900008333,10,18,07:54,1,2,6,1.0,2.0,91103,CD 19,M,"48,5878000","2,3072600",91,2019,50.0,1.0,1.0,3.0,2161009,1.0,1,4,1,0.0,,0.0,0,1988.0,B01,138Â 290Â 931,2.0,8.0,-1.0,1649992,1.0,7,,0.0,2.0,3.0,A01,138Â 290Â 930,1.0
966802,201900008333,10,18,07:54,1,2,6,1.0,2.0,91103,CD 19,M,"48,5878000","2,3072600",91,2019,50.0,1.0,1.0,3.0,2161009,1.0,1,4,1,0.0,,0.0,0,1988.0,B01,138Â 290Â 931,2.0,8.0,-1.0,1649993,1.0,33,,0.0,2.0,7.0,B01,138Â 290Â 931,1.0