Unnamed: 0_x,num_acc,mois,jour,hrmn,lum,agg,int,atm,col,com,adr,gps,lat,long,dep,annee,vma,situ,surf,catr,Unnamed: 0_y,place,catu,grav,sexe,trajet,secu,locp,actp,an_nais,num_veh_x,id_vehicule_x,secu1,secu2,secu3,Unnamed: 0,senc,catv,occutc,obs,obsm,choc,num_veh_y,id_vehicule_y,motor
966803,201900008334,10,17,21:14,3,1,1,2.0,6.0,87050,RN520 (COUZEIX),M,"45,8918400","1,2158800",87,2019,80.0,1.0,2.0,2.0,2161010,1.0,1,4,2,1.0,,0.0,0,1994.0,A01,138Â 290Â 929,1.0,-1.0,-1.0,1649994,1.0,7,,0.0,5.0,1.0,A01,138Â 290Â 929,1.0
966804,201900008335,10,18,10:24,1,2,6,2.0,6.0,87085,21 AOUT 1944 (BD DU),M,"45,8081900","1,2633400",87,2019,50.0,1.0,2.0,4.0,2161011,10.0,3,4,1,5.0,,3.0,3,1951.0,A01,138Â 290Â 928,0.0,-1.0,-1.0,1649995,0.0,7,,0.0,1.0,2.0,A01,138Â 290Â 928,3.0
966804,201900008335,10,18,10:24,1,2,6,2.0,6.0,87085,21 AOUT 1944 (BD DU),M,"45,8081900","1,2633400",87,2019,50.0,1.0,2.0,4.0,2161012,1.0,1,1,1,5.0,,0.0,0,1931.0,A01,138Â 290Â 928,1.0,-1.0,-1.0,1649995,0.0,7,,0.0,1.0,2.0,A01,138Â 290Â 928,3.0
966805,201900008336,10,18,08:00,2,2,1,2.0,3.0,86194,PARIS (AVENUE DE),M,"46,5818000","0,3375000",86,2019,50.0,1.0,2.0,4.0,2161013,1.0,1,1,1,0.0,,-1.0, -1,1995.0,A01,138Â 290Â 924,1.0,0.0,-1.0,1649996,1.0,7,,0.0,2.0,3.0,A01,138Â 290Â 924,1.0
966805,201900008336,10,18,08:00,2,2,1,2.0,3.0,86194,PARIS (AVENUE DE),M,"46,5818000","0,3375000",86,2019,50.0,1.0,2.0,4.0,2161013,1.0,1,1,1,0.0,,-1.0, -1,1995.0,A01,138Â 290Â 924,1.0,0.0,-1.0,1649997,1.0,33,,0.0,2.0,1.0,B01,138Â 290Â 925,1.0
966805,201900008336,10,18,08:00,2,2,1,2.0,3.0,86194,PARIS (AVENUE DE),M,"46,5818000","0,3375000",86,2019,50.0,1.0,2.0,4.0,2161014,1.0,1,4,1,0.0,,-1.0, -1,1983.0,B01,138Â 290Â 925,2.0,6.0,-1.0,1649996,1.0,7,,0.0,2.0,3.0,A01,138Â 290Â 924,1.0
966805,201900008336,10,18,08:00,2,2,1,2.0,3.0,86194,PARIS (AVENUE DE),M,"46,5818000","0,3375000",86,2019,50.0,1.0,2.0,4.0,2161014,1.0,1,4,1,0.0,,-1.0, -1,1983.0,B01,138Â 290Â 925,2.0,6.0,-1.0,1649997,1.0,33,,0.0,2.0,1.0,B01,138Â 290Â 925,1.0
966806,201900008337,10,18,17:45,1,2,1,8.0,3.0,83137,MOULINS (AVE DES DE 328 A FIN,M,"43,1516200","5,9148600",83,2019,50.0,2.0,1.0,3.0,2161015,5.0,2,4,2,0.0,,-1.0,0,2011.0,A01,138Â 290Â 922,1.0,0.0,-1.0,1649998,1.0,7,,0.0,2.0,8.0,A01,138Â 290Â 922,1.0
966806,201900008337,10,18,17:45,1,2,1,8.0,3.0,83137,MOULINS (AVE DES DE 328 A FIN,M,"43,1516200","5,9148600",83,2019,50.0,2.0,1.0,3.0,2161015,5.0,2,4,2,0.0,,-1.0,0,2011.0,A01,138Â 290Â 922,1.0,0.0,-1.0,1649999,2.0,33,,0.0,2.0,1.0,B01,138Â 290Â 923,1.0
966806,201900008337,10,18,17:45,1,2,1,8.0,3.0,83137,MOULINS (AVE DES DE 328 A FIN,M,"43,1516200","5,9148600",83,2019,50.0,2.0,1.0,3.0,2161016,3.0,2,4,2,5.0,,-1.0,0,2011.0,A01,138Â 290Â 922,1.0,0.0,-1.0,1649998,1.0,7,,0.0,2.0,8.0,A01,138Â 290Â 922,1.0
966806,201900008337,10,18,17:45,1,2,1,8.0,3.0,83137,MOULINS (AVE DES DE 328 A FIN,M,"43,1516200","5,9148600",83,2019,50.0,2.0,1.0,3.0,2161016,3.0,2,4,2,5.0,,-1.0,0,2011.0,A01,138Â 290Â 922,1.0,0.0,-1.0,1649999,2.0,33,,0.0,2.0,1.0,B01,138Â 290Â 923,1.0
966806,201900008337,10,18,17:45,1,2,1,8.0,3.0,83137,MOULINS (AVE DES DE 328 A FIN,M,"43,1516200","5,9148600",83,2019,50.0,2.0,1.0,3.0,2161017,1.0,1,4,2,5.0,,-1.0,0,1991.0,A01,138Â 290Â 922,1.0,0.0,-1.0,1649998,1.0,7,,0.0,2.0,8.0,A01,138Â 290Â 922,1.0
966806,201900008337,10,18,17:45,1,2,1,8.0,3.0,83137,MOULINS (AVE DES DE 328 A FIN,M,"43,1516200","5,9148600",83,2019,50.0,2.0,1.0,3.0,2161017,1.0,1,4,2,5.0,,-1.0,0,1991.0,A01,138Â 290Â 922,1.0,0.0,-1.0,1649999,2.0,33,,0.0,2.0,1.0,B01,138Â 290Â 923,1.0
966806,201900008337,10,18,17:45,1,2,1,8.0,3.0,83137,MOULINS (AVE DES DE 328 A FIN,M,"43,1516200","5,9148600",83,2019,50.0,2.0,1.0,3.0,2161018,4.0,2,4,2,5.0,,-1.0,0,2013.0,A01,138Â 290Â 922,1.0,0.0,-1.0,1649998,1.0,7,,0.0,2.0,8.0,A01,138Â 290Â 922,1.0
966806,201900008337,10,18,17:45,1,2,1,8.0,3.0,83137,MOULINS (AVE DES DE 328 A FIN,M,"43,1516200","5,9148600",83,2019,50.0,2.0,1.0,3.0,2161018,4.0,2,4,2,5.0,,-1.0,0,2013.0,A01,138Â 290Â 922,1.0,0.0,-1.0,1649999,2.0,33,,0.0,2.0,1.0,B01,138Â 290Â 923,1.0
966806,201900008337,10,18,17:45,1,2,1,8.0,3.0,83137,MOULINS (AVE DES DE 328 A FIN,M,"43,1516200","5,9148600",83,2019,50.0,2.0,1.0,3.0,2161019,1.0,1,4,1,0.0,,-1.0,0,1995.0,B01,138Â 290Â 923,2.0,6.0,-1.0,1649998,1.0,7,,0.0,2.0,8.0,A01,138Â 290Â 922,1.0
966806,201900008337,10,18,17:45,1,2,1,8.0,3.0,83137,MOULINS (AVE DES DE 328 A FIN,M,"43,1516200","5,9148600",83,2019,50.0,2.0,1.0,3.0,2161019,1.0,1,4,1,0.0,,-1.0,0,1995.0,B01,138Â 290Â 923,2.0,6.0,-1.0,1649999,2.0,33,,0.0,2.0,1.0,B01,138Â 290Â 923,1.0
966807,201900008338,10,18,14:10,1,1,1,1.0,6.0,81004,CORDES (RTE DE),M,"43,9510335","2,1173063",81,2019,80.0,1.0,1.0,3.0,2161020,1.0,1,2,1,5.0,,0.0,0,1995.0,A01,138Â 290Â 917,1.0,0.0,-1.0,1650000,1.0,7,,2.0,0.0,1.0,A01,138Â 290Â 917,1.0
966808,201900008339,10,17,17:10,1,2,1,1.0,6.0,80021,SAINT QUENTIN (BOULEVARD),M,"49,8793100","2,2995400",80,2019,50.0,1.0,1.0,4.0,2161021,10.0,3,4,2,2.0,,2.0,3,2006.0,A01,138Â 290Â 916,8.0,0.0,-1.0,1650001,0.0,7,,0.0,1.0,1.0,A01,138Â 290Â 916,1.0
966808,201900008339,10,17,17:10,1,2,1,1.0,6.0,80021,SAINT QUENTIN (BOULEVARD),M,"49,8793100","2,2995400",80,2019,50.0,1.0,1.0,4.0,2161022,1.0,1,1,1,5.0,,-1.0, -1,1947.0,A01,138Â 290Â 916,1.0,0.0,-1.0,1650001,0.0,7,,0.0,1.0,1.0,A01,138Â 290Â 916,1.0
966809,201900008340,10,16,18:15,1,2,2,2.0,6.0,78646,PARIS (AVENUE DE),M,"48,8001600","2,1375000",78,2019,50.0,1.0,2.0,3.0,2161023,10.0,3,3,2,2.0,,4.0,5,2001.0,A01,138Â 290Â 915,8.0,0.0,-1.0,1650002,3.0,7,,0.0,1.0,1.0,A01,138Â 290Â 915,1.0
966809,201900008340,10,16,18:15,1,2,2,2.0,6.0,78646,PARIS (AVENUE DE),M,"48,8001600","2,1375000",78,2019,50.0,1.0,2.0,3.0,2161024,1.0,1,1,1,4.0,,-1.0, -1,1990.0,A01,138Â 290Â 915,1.0,0.0,-1.0,1650002,3.0,7,,0.0,1.0,1.0,A01,138Â 290Â 915,1.0
966809,201900008340,10,16,18:15,1,2,2,2.0,6.0,78646,PARIS (AVENUE DE),M,"48,8001600","2,1375000",78,2019,50.0,1.0,2.0,3.0,2161025,10.0,3,4,1,2.0,,4.0,5,2001.0,A01,138Â 290Â 915,8.0,0.0,-1.0,1650002,3.0,7,,0.0,1.0,1.0,A01,138Â 290Â 915,1.0
966810,201900008341,10,18,18:57,5,1,1,1.0,1.0,78238,CD 14,M,"48,9791690","1,8865060",78,2019,70.0,1.0,2.0,3.0,2161026,1.0,1,1,1,1.0,,-1.0, -1,1987.0,A01,138Â 290Â 913,1.0,8.0,-1.0,1650003,1.0,7,,0.0,2.0,3.0,A01,138Â 290Â 913,1.0
966810,201900008341,10,18,18:57,5,1,1,1.0,1.0,78238,CD 14,M,"48,9791690","1,8865060",78,2019,70.0,1.0,2.0,3.0,2161026,1.0,1,1,1,1.0,,-1.0, -1,1987.0,A01,138Â 290Â 913,1.0,8.0,-1.0,1650004,2.0,10,,0.0,2.0,3.0,B01,138Â 290Â 914,1.0
966810,201900008341,10,18,18:57,5,1,1,1.0,1.0,78238,CD 14,M,"48,9791690","1,8865060",78,2019,70.0,1.0,2.0,3.0,2161027,1.0,1,1,1,5.0,,-1.0, -1,1971.0,B01,138Â 290Â 914,1.0,0.0,-1.0,1650003,1.0,7,,0.0,2.0,3.0,A01,138Â 290Â 913,1.0
966810,201900008341,10,18,18:57,5,1,1,1.0,1.0,78238,CD 14,M,"48,9791690","1,8865060",78,2019,70.0,1.0,2.0,3.0,2161027,1.0,1,1,1,5.0,,-1.0, -1,1971.0,B01,138Â 290Â 914,1.0,0.0,-1.0,1650004,2.0,10,,0.0,2.0,3.0,B01,138Â 290Â 914,1.0
966810,201900008341,10,18,18:57,5,1,1,1.0,1.0,78238,CD 14,M,"48,9791690","1,8865060",78,2019,70.0,1.0,2.0,3.0,2161028,2.0,2,1,2,5.0,,-1.0, -1,1971.0,B01,138Â 290Â 914,1.0,8.0,-1.0,1650003,1.0,7,,0.0,2.0,3.0,A01,138Â 290Â 913,1.0
966810,201900008341,10,18,18:57,5,1,1,1.0,1.0,78238,CD 14,M,"48,9791690","1,8865060",78,2019,70.0,1.0,2.0,3.0,2161028,2.0,2,1,2,5.0,,-1.0, -1,1971.0,B01,138Â 290Â 914,1.0,8.0,-1.0,1650004,2.0,10,,0.0,2.0,3.0,B01,138Â 290Â 914,1.0
966810,201900008341,10,18,18:57,5,1,1,1.0,1.0,78238,CD 14,M,"48,9791690","1,8865060",78,2019,70.0,1.0,2.0,3.0,2161029,5.0,2,1,2,5.0,,-1.0, -1,1972.0,B01,138Â 290Â 914,1.0,8.0,-1.0,1650003,1.0,7,,0.0,2.0,3.0,A01,138Â 290Â 913,1.0
966810,201900008341,10,18,18:57,5,1,1,1.0,1.0,78238,CD 14,M,"48,9791690","1,8865060",78,2019,70.0,1.0,2.0,3.0,2161029,5.0,2,1,2,5.0,,-1.0, -1,1972.0,B01,138Â 290Â 914,1.0,8.0,-1.0,1650004,2.0,10,,0.0,2.0,3.0,B01,138Â 290Â 914,1.0
966810,201900008341,10,18,18:57,5,1,1,1.0,1.0,78238,CD 14,M,"48,9791690","1,8865060",78,2019,70.0,1.0,2.0,3.0,2161030,3.0,2,1,2,5.0,,-1.0, -1,2005.0,B01,138Â 290Â 914,1.0,8.0,-1.0,1650003,1.0,7,,0.0,2.0,3.0,A01,138Â 290Â 913,1.0
966810,201900008341,10,18,18:57,5,1,1,1.0,1.0,78238,CD 14,M,"48,9791690","1,8865060",78,2019,70.0,1.0,2.0,3.0,2161030,3.0,2,1,2,5.0,,-1.0, -1,2005.0,B01,138Â 290Â 914,1.0,8.0,-1.0,1650004,2.0,10,,0.0,2.0,3.0,B01,138Â 290Â 914,1.0
966810,201900008341,10,18,18:57,5,1,1,1.0,1.0,78238,CD 14,M,"48,9791690","1,8865060",78,2019,70.0,1.0,2.0,3.0,2161031,4.0,2,1,2,5.0,,-1.0, -1,2004.0,B01,138Â 290Â 914,1.0,8.0,-1.0,1650003,1.0,7,,0.0,2.0,3.0,A01,138Â 290Â 913,1.0
966810,201900008341,10,18,18:57,5,1,1,1.0,1.0,78238,CD 14,M,"48,9791690","1,8865060",78,2019,70.0,1.0,2.0,3.0,2161031,4.0,2,1,2,5.0,,-1.0, -1,2004.0,B01,138Â 290Â 914,1.0,8.0,-1.0,1650004,2.0,10,,0.0,2.0,3.0,B01,138Â 290Â 914,1.0
966810,201900008341,10,18,18:57,5,1,1,1.0,1.0,78238,CD 14,M,"48,9791690","1,8865060",78,2019,70.0,1.0,2.0,3.0,2161032,3.0,2,4,2,5.0,,-1.0, -1,2006.0,B01,138Â 290Â 914,1.0,8.0,-1.0,1650003,1.0,7,,0.0,2.0,3.0,A01,138Â 290Â 913,1.0
966810,201900008341,10,18,18:57,5,1,1,1.0,1.0,78238,CD 14,M,"48,9791690","1,8865060",78,2019,70.0,1.0,2.0,3.0,2161032,3.0,2,4,2,5.0,,-1.0, -1,2006.0,B01,138Â 290Â 914,1.0,8.0,-1.0,1650004,2.0,10,,0.0,2.0,3.0,B01,138Â 290Â 914,1.0
966810,201900008341,10,18,18:57,5,1,1,1.0,1.0,78238,CD 14,M,"48,9791690","1,8865060",78,2019,70.0,1.0,2.0,3.0,2161033,2.0,2,4,2,5.0,,-1.0, -1,2002.0,B01,138Â 290Â 914,1.0,8.0,-1.0,1650003,1.0,7,,0.0,2.0,3.0,A01,138Â 290Â 913,1.0
966810,201900008341,10,18,18:57,5,1,1,1.0,1.0,78238,CD 14,M,"48,9791690","1,8865060",78,2019,70.0,1.0,2.0,3.0,2161033,2.0,2,4,2,5.0,,-1.0, -1,2002.0,B01,138Â 290Â 914,1.0,8.0,-1.0,1650004,2.0,10,,0.0,2.0,3.0,B01,138Â 290Â 914,1.0
966811,201900008342,10,18,02:00,4,2,1,9.0,1.0,77067,D82-GRANDE (RUE ),M,"48,5543387","2,5791609",77,2019,50.0,1.0,2.0,3.0,2161034,1.0,1,1,1,5.0,,-1.0, -1,1979.0,A01,138Â 290Â 911,1.0,0.0,-1.0,1650005,2.0,7,,14.0,0.0,3.0,A01,138Â 290Â 911,1.0
966811,201900008342,10,18,02:00,4,2,1,9.0,1.0,77067,D82-GRANDE (RUE ),M,"48,5543387","2,5791609",77,2019,50.0,1.0,2.0,3.0,2161034,1.0,1,1,1,5.0,,-1.0, -1,1979.0,A01,138Â 290Â 911,1.0,0.0,-1.0,1650006,1.0,7,,0.0,2.0,3.0,B01,138Â 290Â 912,1.0
966811,201900008342,10,18,02:00,4,2,1,9.0,1.0,77067,D82-GRANDE (RUE ),M,"48,5543387","2,5791609",77,2019,50.0,1.0,2.0,3.0,2161035,1.0,1,4,2,5.0,,-1.0,0,1992.0,B01,138Â 290Â 912,1.0,0.0,-1.0,1650005,2.0,7,,14.0,0.0,3.0,A01,138Â 290Â 911,1.0
966811,201900008342,10,18,02:00,4,2,1,9.0,1.0,77067,D82-GRANDE (RUE ),M,"48,5543387","2,5791609",77,2019,50.0,1.0,2.0,3.0,2161035,1.0,1,4,2,5.0,,-1.0,0,1992.0,B01,138Â 290Â 912,1.0,0.0,-1.0,1650006,1.0,7,,0.0,2.0,3.0,B01,138Â 290Â 912,1.0
966812,201900008343,10,17,20:00,5,2,2,1.0,3.0,77122,VICTOR HUGO(AVENUE),M,"48,6664700","2,5448400",77,2019,50.0,1.0,1.0,4.0,2161036,1.0,1,1,1,5.0,,-1.0, -1,1964.0,B01,138Â 290Â 909,1.0,0.0,-1.0,1650007,2.0,7,,0.0,2.0,3.0,B01,138Â 290Â 909,1.0
966812,201900008343,10,17,20:00,5,2,2,1.0,3.0,77122,VICTOR HUGO(AVENUE),M,"48,6664700","2,5448400",77,2019,50.0,1.0,1.0,4.0,2161036,1.0,1,1,1,5.0,,-1.0, -1,1964.0,B01,138Â 290Â 909,1.0,0.0,-1.0,1650008,3.0,30,,0.0,2.0,1.0,A01,138Â 290Â 910,1.0
966812,201900008343,10,17,20:00,5,2,2,1.0,3.0,77122,VICTOR HUGO(AVENUE),M,"48,6664700","2,5448400",77,2019,50.0,1.0,1.0,4.0,2161037,1.0,1,4,1,5.0,,-1.0,0,2002.0,A01,138Â 290Â 910,2.0,0.0,-1.0,1650007,2.0,7,,0.0,2.0,3.0,B01,138Â 290Â 909,1.0
966812,201900008343,10,17,20:00,5,2,2,1.0,3.0,77122,VICTOR HUGO(AVENUE),M,"48,6664700","2,5448400",77,2019,50.0,1.0,1.0,4.0,2161037,1.0,1,4,1,5.0,,-1.0,0,2002.0,A01,138Â 290Â 910,2.0,0.0,-1.0,1650008,3.0,30,,0.0,2.0,1.0,A01,138Â 290Â 910,1.0
966812,201900008343,10,17,20:00,5,2,2,1.0,3.0,77122,VICTOR HUGO(AVENUE),M,"48,6664700","2,5448400",77,2019,50.0,1.0,1.0,4.0,2161038,2.0,2,3,1,5.0,,-1.0,0,2001.0,A01,138Â 290Â 910,8.0,0.0,-1.0,1650007,2.0,7,,0.0,2.0,3.0,B01,138Â 290Â 909,1.0
966812,201900008343,10,17,20:00,5,2,2,1.0,3.0,77122,VICTOR HUGO(AVENUE),M,"48,6664700","2,5448400",77,2019,50.0,1.0,1.0,4.0,2161038,2.0,2,3,1,5.0,,-1.0,0,2001.0,A01,138Â 290Â 910,8.0,0.0,-1.0,1650008,3.0,30,,0.0,2.0,1.0,A01,138Â 290Â 910,1.0
966813,201900008344,10,17,14:10,1,2,2,1.0,3.0,76540,HAVRE. ROUTE DU,M,"49,4527000","1,0566200",76,2019,50.0,1.0,1.0,3.0,2161039,1.0,1,1,2,1.0,,-1.0,0,1993.0,A01,138Â 290Â 905,1.0,0.0,-1.0,1650009,1.0,7,,0.0,2.0,2.0,A01,138Â 290Â 905,1.0
966813,201900008344,10,17,14:10,1,2,2,1.0,3.0,76540,HAVRE. ROUTE DU,M,"49,4527000","1,0566200",76,2019,50.0,1.0,1.0,3.0,2161039,1.0,1,1,2,1.0,,-1.0,0,1993.0,A01,138Â 290Â 905,1.0,0.0,-1.0,1650010,2.0,33,,0.0,2.0,1.0,B01,138Â 290Â 906,1.0
966813,201900008344,10,17,14:10,1,2,2,1.0,3.0,76540,HAVRE. ROUTE DU,M,"49,4527000","1,0566200",76,2019,50.0,1.0,1.0,3.0,2161040,1.0,1,4,1,5.0,,-1.0,0,1956.0,B01,138Â 290Â 906,2.0,6.0,-1.0,1650009,1.0,7,,0.0,2.0,2.0,A01,138Â 290Â 905,1.0
966813,201900008344,10,17,14:10,1,2,2,1.0,3.0,76540,HAVRE. ROUTE DU,M,"49,4527000","1,0566200",76,2019,50.0,1.0,1.0,3.0,2161040,1.0,1,4,1,5.0,,-1.0,0,1956.0,B01,138Â 290Â 906,2.0,6.0,-1.0,1650010,2.0,33,,0.0,2.0,1.0,B01,138Â 290Â 906,1.0
966814,201900008345,10,17,18:45,1,2,1,2.0,3.0,76410,REPUBLIQUE. RUE DE LA,M,"49,4745900","1,0421300",76,2019,50.0,1.0,2.0,4.0,2161041,1.0,1,4,1,2.0,,-1.0, -1,2004.0,B01,138Â 290Â 903,2.0,6.0,-1.0,1650011,0.0,30,,0.0,2.0,1.0,B01,138Â 290Â 903,1.0
966814,201900008345,10,17,18:45,1,2,1,2.0,3.0,76410,REPUBLIQUE. RUE DE LA,M,"49,4745900","1,0421300",76,2019,50.0,1.0,2.0,4.0,2161041,1.0,1,4,1,2.0,,-1.0, -1,2004.0,B01,138Â 290Â 903,2.0,6.0,-1.0,1650012,0.0,7,,0.0,2.0,8.0,A01,138Â 290Â 904,1.0
966814,201900008345,10,17,18:45,1,2,1,2.0,3.0,76410,REPUBLIQUE. RUE DE LA,M,"49,4745900","1,0421300",76,2019,50.0,1.0,2.0,4.0,2161042,1.0,1,1,2,5.0,,-1.0, -1,1953.0,A01,138Â 290Â 904,1.0,0.0,-1.0,1650011,0.0,30,,0.0,2.0,1.0,B01,138Â 290Â 903,1.0
966814,201900008345,10,17,18:45,1,2,1,2.0,3.0,76410,REPUBLIQUE. RUE DE LA,M,"49,4745900","1,0421300",76,2019,50.0,1.0,2.0,4.0,2161042,1.0,1,1,2,5.0,,-1.0, -1,1953.0,A01,138Â 290Â 904,1.0,0.0,-1.0,1650012,0.0,7,,0.0,2.0,8.0,A01,138Â 290Â 904,1.0
966815,201900008346,10,18,12:50,1,2,6,1.0,3.0,72181,GENESLAY FELIX (AV) NÂ° IMP 265 A 383,M,"47,9717700","0,2054600",72,2019,50.0,1.0,1.0,7.0,2161043,1.0,1,1,1,0.0,,0.0,0,1973.0,A01,138Â 290Â 901,1.0,0.0,-1.0,1650013,1.0,7,,0.0,2.0,1.0,A01,138Â 290Â 901,1.0
966815,201900008346,10,18,12:50,1,2,6,1.0,3.0,72181,GENESLAY FELIX (AV) NÂ° IMP 265 A 383,M,"47,9717700","0,2054600",72,2019,50.0,1.0,1.0,7.0,2161043,1.0,1,1,1,0.0,,0.0,0,1973.0,A01,138Â 290Â 901,1.0,0.0,-1.0,1650014,1.0,2,,0.0,2.0,2.0,B01,138Â 290Â 902,1.0
966815,201900008346,10,18,12:50,1,2,6,1.0,3.0,72181,GENESLAY FELIX (AV) NÂ° IMP 265 A 383,M,"47,9717700","0,2054600",72,2019,50.0,1.0,1.0,7.0,2161044,1.0,1,4,1,0.0,,0.0,0,1984.0,B01,138Â 290Â 902,2.0,6.0,-1.0,1650013,1.0,7,,0.0,2.0,1.0,A01,138Â 290Â 901,1.0
966815,201900008346,10,18,12:50,1,2,6,1.0,3.0,72181,GENESLAY FELIX (AV) NÂ° IMP 265 A 383,M,"47,9717700","0,2054600",72,2019,50.0,1.0,1.0,7.0,2161044,1.0,1,4,1,0.0,,0.0,0,1984.0,B01,138Â 290Â 902,2.0,6.0,-1.0,1650014,1.0,2,,0.0,2.0,2.0,B01,138Â 290Â 902,1.0
966816,201900008347,10,18,10:30,1,2,3,1.0,3.0,72181,Robert Jarry (Bd),M,"47,9961900","0,1931300",72,2019,50.0,1.0,1.0,7.0,2161045,1.0,1,4,2,0.0,,-1.0, -1,1994.0,B01,138Â 290Â 899,2.0,0.0,-1.0,1650015,2.0,30,,0.0,2.0,1.0,B01,138Â 290Â 899,1.0
966816,201900008347,10,18,10:30,1,2,3,1.0,3.0,72181,Robert Jarry (Bd),M,"47,9961900","0,1931300",72,2019,50.0,1.0,1.0,7.0,2161045,1.0,1,4,2,0.0,,-1.0, -1,1994.0,B01,138Â 290Â 899,2.0,0.0,-1.0,1650016,1.0,7,,0.0,2.0,3.0,A01,138Â 290Â 900,1.0
966816,201900008347,10,18,10:30,1,2,3,1.0,3.0,72181,Robert Jarry (Bd),M,"47,9961900","0,1931300",72,2019,50.0,1.0,1.0,7.0,2161046,2.0,2,4,1,0.0,,-1.0, -1,1986.0,B01,138Â 290Â 899,2.0,0.0,-1.0,1650015,2.0,30,,0.0,2.0,1.0,B01,138Â 290Â 899,1.0
966816,201900008347,10,18,10:30,1,2,3,1.0,3.0,72181,Robert Jarry (Bd),M,"47,9961900","0,1931300",72,2019,50.0,1.0,1.0,7.0,2161046,2.0,2,4,1,0.0,,-1.0, -1,1986.0,B01,138Â 290Â 899,2.0,0.0,-1.0,1650016,1.0,7,,0.0,2.0,3.0,A01,138Â 290Â 900,1.0
966816,201900008347,10,18,10:30,1,2,3,1.0,3.0,72181,Robert Jarry (Bd),M,"47,9961900","0,1931300",72,2019,50.0,1.0,1.0,7.0,2161047,1.0,1,1,1,0.0,,-1.0, -1,1973.0,A01,138Â 290Â 900,1.0,0.0,-1.0,1650015,2.0,30,,0.0,2.0,1.0,B01,138Â 290Â 899,1.0
966816,201900008347,10,18,10:30,1,2,3,1.0,3.0,72181,Robert Jarry (Bd),M,"47,9961900","0,1931300",72,2019,50.0,1.0,1.0,7.0,2161047,1.0,1,1,1,0.0,,-1.0, -1,1973.0,A01,138Â 290Â 900,1.0,0.0,-1.0,1650016,1.0,7,,0.0,2.0,3.0,A01,138Â 290Â 900,1.0
966816,201900008347,10,18,10:30,1,2,3,1.0,3.0,72181,Robert Jarry (Bd),M,"47,9961900","0,1931300",72,2019,50.0,1.0,1.0,7.0,2161048,2.0,2,1,2,0.0,,-1.0, -1,1972.0,A01,138Â 290Â 900,1.0,0.0,-1.0,1650015,2.0,30,,0.0,2.0,1.0,B01,138Â 290Â 899,1.0
966816,201900008347,10,18,10:30,1,2,3,1.0,3.0,72181,Robert Jarry (Bd),M,"47,9961900","0,1931300",72,2019,50.0,1.0,1.0,7.0,2161048,2.0,2,1,2,0.0,,-1.0, -1,1972.0,A01,138Â 290Â 900,1.0,0.0,-1.0,1650016,1.0,7,,0.0,2.0,3.0,A01,138Â 290Â 900,1.0
966817,201900008348,10,18,12:10,1,2,1,8.0,7.0,71040,RN 70 - PR39+800,M,"46,7014700","4,4120900",71,2019,50.0,1.0,2.0,2.0,2161049,1.0,1,4,1,0.0,,0.0,0,1994.0,A01,138Â 290Â 898,2.0,6.0,-1.0,1650017,2.0,33,,3.0,0.0,8.0,A01,138Â 290Â 898,1.0
966818,201900008349,10,17,16:55,1,2,1,2.0,3.0,71270,GAULLE (AVENUE DU GENERAL DE),M,"46,3259800","4,8406800",71,2019,50.0,1.0,2.0,3.0,2161050,1.0,1,3,1,-1.0,,0.0,0,1962.0,A01,138Â 290Â 896,1.0,0.0,-1.0,1650018,1.0,7,,0.0,2.0,5.0,A01,138Â 290Â 896,1.0
966818,201900008349,10,17,16:55,1,2,1,2.0,3.0,71270,GAULLE (AVENUE DU GENERAL DE),M,"46,3259800","4,8406800",71,2019,50.0,1.0,2.0,3.0,2161050,1.0,1,3,1,-1.0,,0.0,0,1962.0,A01,138Â 290Â 896,1.0,0.0,-1.0,1650019,1.0,7,,2.0,2.0,8.0,B01,138Â 290Â 897,1.0
966818,201900008349,10,17,16:55,1,2,1,2.0,3.0,71270,GAULLE (AVENUE DU GENERAL DE),M,"46,3259800","4,8406800",71,2019,50.0,1.0,2.0,3.0,2161051,1.0,1,3,1,3.0,,0.0,0,1947.0,B01,138Â 290Â 897,1.0,0.0,-1.0,1650018,1.0,7,,0.0,2.0,5.0,A01,138Â 290Â 896,1.0
966818,201900008349,10,17,16:55,1,2,1,2.0,3.0,71270,GAULLE (AVENUE DU GENERAL DE),M,"46,3259800","4,8406800",71,2019,50.0,1.0,2.0,3.0,2161051,1.0,1,3,1,3.0,,0.0,0,1947.0,B01,138Â 290Â 897,1.0,0.0,-1.0,1650019,1.0,7,,2.0,2.0,8.0,B01,138Â 290Â 897,1.0
966819,201900008350,10,15,16:35,1,2,1,2.0,3.0,70550,COUBERTIN (RUE PIERRE DE),M,"47,6221900","6,1666900",70,2019,50.0,4.0,2.0,3.0,2161052,1.0,1,1,2,1.0,,-1.0, -1,1949.0,B01,138Â 290Â 894,1.0,0.0,-1.0,1650020,2.0,7,,0.0,2.0,2.0,B01,138Â 290Â 894,1.0
966819,201900008350,10,15,16:35,1,2,1,2.0,3.0,70550,COUBERTIN (RUE PIERRE DE),M,"47,6221900","6,1666900",70,2019,50.0,4.0,2.0,3.0,2161052,1.0,1,1,2,1.0,,-1.0, -1,1949.0,B01,138Â 290Â 894,1.0,0.0,-1.0,1650021,1.0,1,,0.0,2.0,1.0,A01,138Â 290Â 895,5.0
966819,201900008350,10,15,16:35,1,2,1,2.0,3.0,70550,COUBERTIN (RUE PIERRE DE),M,"47,6221900","6,1666900",70,2019,50.0,4.0,2.0,3.0,2161053,1.0,1,3,1,5.0,,-1.0, -1,1984.0,A01,138Â 290Â 895,8.0,0.0,-1.0,1650020,2.0,7,,0.0,2.0,2.0,B01,138Â 290Â 894,1.0