Unnamed: 0_x,num_acc,mois,jour,hrmn,lum,agg,int,atm,col,com,adr,gps,lat,long,dep,annee,vma,situ,surf,catr,Unnamed: 0_y,place,catu,grav,sexe,trajet,secu,locp,actp,an_nais,num_veh_x,id_vehicule_x,secu1,secu2,secu3,Unnamed: 0,senc,catv,occutc,obs,obsm,choc,num_veh_y,id_vehicule_y,motor
966819,201900008350,10,15,16:35,1,2,1,2.0,3.0,70550,COUBERTIN (RUE PIERRE DE),M,"47,6221900","6,1666900",70,2019,50.0,4.0,2.0,3.0,2161053,1.0,1,3,1,5.0,,-1.0, -1,1984.0,A01,138Â 290Â 895,8.0,0.0,-1.0,1650021,1.0,1,,0.0,2.0,1.0,A01,138Â 290Â 895,5.0
966820,201900008351,10,18,19:10,5,2,1,2.0,6.0,69029,DROITS DE L'HOMME (DES)             (BD),M,"45,7365800","4,9341800",69,2019,70.0,1.0,2.0,3.0,2161054,1.0,1,3,1,0.0,,-1.0, -1,1990.0,A01,138Â 290Â 893,1.0,0.0,-1.0,1650022,3.0,7,,8.0,0.0,1.0,A01,138Â 290Â 893,0.0
966821,201900008352,10,16,10:00,1,2,3,1.0,3.0,69266,FREDERIC FAYS      (Rue),M,"45,7646300","4,9030100",69,2019,50.0,1.0,1.0,4.0,2161055,1.0,1,4,1,0.0,,-1.0, -1,1958.0,B01,138Â 290Â 891,2.0,0.0,-1.0,1650023,1.0,33,,0.0,2.0,7.0,B01,138Â 290Â 891,0.0
966821,201900008352,10,16,10:00,1,2,3,1.0,3.0,69266,FREDERIC FAYS      (Rue),M,"45,7646300","4,9030100",69,2019,50.0,1.0,1.0,4.0,2161055,1.0,1,4,1,0.0,,-1.0, -1,1958.0,B01,138Â 290Â 891,2.0,0.0,-1.0,1650024,3.0,7,,0.0,2.0,6.0,A01,138Â 290Â 892,0.0
966821,201900008352,10,16,10:00,1,2,3,1.0,3.0,69266,FREDERIC FAYS      (Rue),M,"45,7646300","4,9030100",69,2019,50.0,1.0,1.0,4.0,2161056,1.0,1,1,2,4.0,,-1.0, -1,1972.0,A01,138Â 290Â 892,1.0,0.0,-1.0,1650023,1.0,33,,0.0,2.0,7.0,B01,138Â 290Â 891,0.0
966821,201900008352,10,16,10:00,1,2,3,1.0,3.0,69266,FREDERIC FAYS      (Rue),M,"45,7646300","4,9030100",69,2019,50.0,1.0,1.0,4.0,2161056,1.0,1,1,2,4.0,,-1.0, -1,1972.0,A01,138Â 290Â 892,1.0,0.0,-1.0,1650024,3.0,7,,0.0,2.0,6.0,A01,138Â 290Â 892,0.0
966822,201900008353,10,18,09:45,1,2,1,1.0,3.0,67482,MITTELHAUSBERGEN (ROUTE DE),M,"48,5929700","7,7225700",67,2019,50.0,1.0,1.0,4.0,2161057,1.0,1,4,1,5.0,,-1.0,0,1981.0,B01,138Â 290Â 890,2.0,0.0,-1.0,1650025,0.0,7,,0.0,2.0,0.0,Z01,138Â 290Â 889,0.0
966822,201900008353,10,18,09:45,1,2,1,1.0,3.0,67482,MITTELHAUSBERGEN (ROUTE DE),M,"48,5929700","7,7225700",67,2019,50.0,1.0,1.0,4.0,2161057,1.0,1,4,1,5.0,,-1.0,0,1981.0,B01,138Â 290Â 890,2.0,0.0,-1.0,1650026,1.0,1,,0.0,2.0,3.0,B01,138Â 290Â 890,5.0
966823,201900008354,10,17,22:10,5,2,3,2.0,3.0,67482,GENERAL KOENIG (QUAI DU),M,"48,5752700","7,7548600",67,2019,50.0,1.0,1.0,4.0,2161058,1.0,1,4,1,0.0,,-1.0,0,1965.0,A01,138Â 290Â 887,8.0,0.0,-1.0,1650027,1.0,1,,0.0,2.0,0.0,A01,138Â 290Â 887,5.0
966823,201900008354,10,17,22:10,5,2,3,2.0,3.0,67482,GENERAL KOENIG (QUAI DU),M,"48,5752700","7,7548600",67,2019,50.0,1.0,1.0,4.0,2161058,1.0,1,4,1,0.0,,-1.0,0,1965.0,A01,138Â 290Â 887,8.0,0.0,-1.0,1650028,0.0,7,,0.0,1.0,2.0,B01,138Â 290Â 888,1.0
966823,201900008354,10,17,22:10,5,2,3,2.0,3.0,67482,GENERAL KOENIG (QUAI DU),M,"48,5752700","7,7548600",67,2019,50.0,1.0,1.0,4.0,2161059,1.0,1,1,1,0.0,,-1.0,0,1992.0,B01,138Â 290Â 888,1.0,0.0,-1.0,1650027,1.0,1,,0.0,2.0,0.0,A01,138Â 290Â 887,5.0
966823,201900008354,10,17,22:10,5,2,3,2.0,3.0,67482,GENERAL KOENIG (QUAI DU),M,"48,5752700","7,7548600",67,2019,50.0,1.0,1.0,4.0,2161059,1.0,1,1,1,0.0,,-1.0,0,1992.0,B01,138Â 290Â 888,1.0,0.0,-1.0,1650028,0.0,7,,0.0,1.0,2.0,B01,138Â 290Â 888,1.0
966824,201900008355,10,17,18:45,5,2,1,2.0,2.0,67482,COLMAR (AVENUE DE),M,"48,5564810","7,7470260",67,2019,50.0,1.0,2.0,4.0,2161060,1.0,1,1,1,0.0,,-1.0,0,1969.0,B01,138Â 290Â 885,1.0,8.0,-1.0,1650029,0.0,7,,0.0,2.0,4.0,B01,138Â 290Â 885,1.0
966824,201900008355,10,17,18:45,5,2,1,2.0,2.0,67482,COLMAR (AVENUE DE),M,"48,5564810","7,7470260",67,2019,50.0,1.0,2.0,4.0,2161060,1.0,1,1,1,0.0,,-1.0,0,1969.0,B01,138Â 290Â 885,1.0,8.0,-1.0,1650030,1.0,34,,0.0,2.0,1.0,A01,138Â 290Â 886,1.0
966824,201900008355,10,17,18:45,5,2,1,2.0,2.0,67482,COLMAR (AVENUE DE),M,"48,5564810","7,7470260",67,2019,50.0,1.0,2.0,4.0,2161061,1.0,1,4,1,4.0,,-1.0,0,2000.0,A01,138Â 290Â 886,2.0,8.0,-1.0,1650029,0.0,7,,0.0,2.0,4.0,B01,138Â 290Â 885,1.0
966824,201900008355,10,17,18:45,5,2,1,2.0,2.0,67482,COLMAR (AVENUE DE),M,"48,5564810","7,7470260",67,2019,50.0,1.0,2.0,4.0,2161061,1.0,1,4,1,4.0,,-1.0,0,2000.0,A01,138Â 290Â 886,2.0,8.0,-1.0,1650030,1.0,34,,0.0,2.0,1.0,A01,138Â 290Â 886,1.0
966825,201900008356,10,18,00:35,3,2,1,1.0,6.0,66136,ANCIEN CHEMIN DE BOMPAS CHEMIN DIT DE L',M,"42,7211400","2,9114400",66,2019,50.0,1.0,1.0,4.0,2161062,1.0,1,4,2,9.0,,-1.0, -1,1997.0,A01,138Â 290Â 884,1.0,8.0,-1.0,1650031,1.0,7,,8.0,0.0,1.0,A01,138Â 290Â 884,1.0
966826,201900008357,10,18,09:00,1,2,1,2.0,6.0,64445,EUROPE DE L',M,"43,3294354"," -0,3535686",64,2019,50.0,1.0,2.0,3.0,2161063,1.0,1,1,1,1.0,,0.0,0,1998.0,A01,138Â 290Â 883,2.0,0.0,-1.0,1650032,2.0,33,,0.0,1.0,1.0,A01,138Â 290Â 883,1.0
966826,201900008357,10,18,09:00,1,2,1,2.0,6.0,64445,EUROPE DE L',M,"43,3294354"," -0,3535686",64,2019,50.0,1.0,2.0,3.0,2161064,10.0,3,4,2,1.0,,3.0,3,1997.0,A01,138Â 290Â 883,8.0,0.0,-1.0,1650032,2.0,33,,0.0,1.0,1.0,A01,138Â 290Â 883,1.0
966827,201900008358,10,18,07:45,1,2,1,1.0,4.0,64445,LYAUTEY,M,"43,3076000"," -0,3643000",64,2019,30.0,1.0,2.0,4.0,2161065,1.0,1,1,2,0.0,,-1.0,0,1979.0,C01,138Â 290Â 880,1.0,0.0,-1.0,1650033,1.0,7,,0.0,0.0,4.0,C01,138Â 290Â 880,1.0
966827,201900008358,10,18,07:45,1,2,1,1.0,4.0,64445,LYAUTEY,M,"43,3076000"," -0,3643000",64,2019,30.0,1.0,2.0,4.0,2161065,1.0,1,1,2,0.0,,-1.0,0,1979.0,C01,138Â 290Â 880,1.0,0.0,-1.0,1650034,1.0,7,,0.0,2.0,4.0,B01,138Â 290Â 881,1.0
966827,201900008358,10,18,07:45,1,2,1,1.0,4.0,64445,LYAUTEY,M,"43,3076000"," -0,3643000",64,2019,30.0,1.0,2.0,4.0,2161065,1.0,1,1,2,0.0,,-1.0,0,1979.0,C01,138Â 290Â 880,1.0,0.0,-1.0,1650035,1.0,7,,0.0,2.0,1.0,A01,138Â 290Â 882,1.0
966827,201900008358,10,18,07:45,1,2,1,1.0,4.0,64445,LYAUTEY,M,"43,3076000"," -0,3643000",64,2019,30.0,1.0,2.0,4.0,2161066,1.0,1,4,2,0.0,,-1.0,0,2000.0,B01,138Â 290Â 881,1.0,0.0,-1.0,1650033,1.0,7,,0.0,0.0,4.0,C01,138Â 290Â 880,1.0
966827,201900008358,10,18,07:45,1,2,1,1.0,4.0,64445,LYAUTEY,M,"43,3076000"," -0,3643000",64,2019,30.0,1.0,2.0,4.0,2161066,1.0,1,4,2,0.0,,-1.0,0,2000.0,B01,138Â 290Â 881,1.0,0.0,-1.0,1650034,1.0,7,,0.0,2.0,4.0,B01,138Â 290Â 881,1.0
966827,201900008358,10,18,07:45,1,2,1,1.0,4.0,64445,LYAUTEY,M,"43,3076000"," -0,3643000",64,2019,30.0,1.0,2.0,4.0,2161066,1.0,1,4,2,0.0,,-1.0,0,2000.0,B01,138Â 290Â 881,1.0,0.0,-1.0,1650035,1.0,7,,0.0,2.0,1.0,A01,138Â 290Â 882,1.0
966827,201900008358,10,18,07:45,1,2,1,1.0,4.0,64445,LYAUTEY,M,"43,3076000"," -0,3643000",64,2019,30.0,1.0,2.0,4.0,2161067,1.0,1,4,1,0.0,,-1.0,0,2000.0,A01,138Â 290Â 882,1.0,0.0,-1.0,1650033,1.0,7,,0.0,0.0,4.0,C01,138Â 290Â 880,1.0
966827,201900008358,10,18,07:45,1,2,1,1.0,4.0,64445,LYAUTEY,M,"43,3076000"," -0,3643000",64,2019,30.0,1.0,2.0,4.0,2161067,1.0,1,4,1,0.0,,-1.0,0,2000.0,A01,138Â 290Â 882,1.0,0.0,-1.0,1650034,1.0,7,,0.0,2.0,4.0,B01,138Â 290Â 881,1.0
966827,201900008358,10,18,07:45,1,2,1,1.0,4.0,64445,LYAUTEY,M,"43,3076000"," -0,3643000",64,2019,30.0,1.0,2.0,4.0,2161067,1.0,1,4,1,0.0,,-1.0,0,2000.0,A01,138Â 290Â 882,1.0,0.0,-1.0,1650035,1.0,7,,0.0,2.0,1.0,A01,138Â 290Â 882,1.0
966828,201900008359,10,17,18:00,1,2,6,1.0,3.0,64348,EUROPE DE L',M,"43,3210178"," -0,3918444",64,2019,50.0,1.0,1.0,3.0,2161068,1.0,1,4,2,1.0,,-1.0,0,1971.0,B01,138Â 290Â 878,2.0,8.0,-1.0,1650036,1.0,1,,0.0,2.0,1.0,B01,138Â 290Â 878,5.0
966828,201900008359,10,17,18:00,1,2,6,1.0,3.0,64348,EUROPE DE L',M,"43,3210178"," -0,3918444",64,2019,50.0,1.0,1.0,3.0,2161068,1.0,1,4,2,1.0,,-1.0,0,1971.0,B01,138Â 290Â 878,2.0,8.0,-1.0,1650037,1.0,7,,0.0,2.0,8.0,A01,138Â 290Â 879,1.0
966828,201900008359,10,17,18:00,1,2,6,1.0,3.0,64348,EUROPE DE L',M,"43,3210178"," -0,3918444",64,2019,50.0,1.0,1.0,3.0,2161069,1.0,1,1,2,5.0,,-1.0,0,1956.0,A01,138Â 290Â 879,1.0,8.0,-1.0,1650036,1.0,1,,0.0,2.0,1.0,B01,138Â 290Â 878,5.0
966828,201900008359,10,17,18:00,1,2,6,1.0,3.0,64348,EUROPE DE L',M,"43,3210178"," -0,3918444",64,2019,50.0,1.0,1.0,3.0,2161069,1.0,1,1,2,5.0,,-1.0,0,1956.0,A01,138Â 290Â 879,1.0,8.0,-1.0,1650037,1.0,7,,0.0,2.0,8.0,A01,138Â 290Â 879,1.0
966829,201900008360,10,17,20:00,5,2,1,2.0,6.0,59009,LIBERTE RUE DE LA,M,"50,6274700","3,1442800",59,2019,50.0,1.0,2.0,4.0,2161070,2.0,2,4,1,5.0,,-1.0,0,1982.0,A01,138Â 290Â 868,1.0,0.0,-1.0,1650038,1.0,7,,1.0,2.0,9.0,A01,138Â 290Â 868,1.0
966829,201900008360,10,17,20:00,5,2,1,2.0,6.0,59009,LIBERTE RUE DE LA,M,"50,6274700","3,1442800",59,2019,50.0,1.0,2.0,4.0,2161070,2.0,2,4,1,5.0,,-1.0,0,1982.0,A01,138Â 290Â 868,1.0,0.0,-1.0,1650039,2.0,7,,0.0,2.0,1.0,B01,138Â 290Â 869,1.0
966829,201900008360,10,17,20:00,5,2,1,2.0,6.0,59009,LIBERTE RUE DE LA,M,"50,6274700","3,1442800",59,2019,50.0,1.0,2.0,4.0,2161071,1.0,1,1,1,5.0,,-1.0,0,1978.0,A01,138Â 290Â 868,1.0,0.0,-1.0,1650038,1.0,7,,1.0,2.0,9.0,A01,138Â 290Â 868,1.0
966829,201900008360,10,17,20:00,5,2,1,2.0,6.0,59009,LIBERTE RUE DE LA,M,"50,6274700","3,1442800",59,2019,50.0,1.0,2.0,4.0,2161071,1.0,1,1,1,5.0,,-1.0,0,1978.0,A01,138Â 290Â 868,1.0,0.0,-1.0,1650039,2.0,7,,0.0,2.0,1.0,B01,138Â 290Â 869,1.0
966829,201900008360,10,17,20:00,5,2,1,2.0,6.0,59009,LIBERTE RUE DE LA,M,"50,6274700","3,1442800",59,2019,50.0,1.0,2.0,4.0,2161072,1.0,1,1,1,5.0,,-1.0,0,1975.0,B01,138Â 290Â 869,1.0,0.0,-1.0,1650038,1.0,7,,1.0,2.0,9.0,A01,138Â 290Â 868,1.0
966829,201900008360,10,17,20:00,5,2,1,2.0,6.0,59009,LIBERTE RUE DE LA,M,"50,6274700","3,1442800",59,2019,50.0,1.0,2.0,4.0,2161072,1.0,1,1,1,5.0,,-1.0,0,1975.0,B01,138Â 290Â 869,1.0,0.0,-1.0,1650039,2.0,7,,0.0,2.0,1.0,B01,138Â 290Â 869,1.0
966830,201900008361,10,17,17:50,1,2,1,2.0,6.0,57672,JEANNE D'ARC (BOULEVARD),M,"49,3559000","6,1594000",57,2019,50.0,2.0,2.0,4.0,2161073,1.0,1,1,2,5.0,,0.0,0,1977.0,A01,138Â 290Â 867,1.0,0.0,-1.0,1650040,1.0,7,,0.0,1.0,1.0,A01,138Â 290Â 867,1.0
966830,201900008361,10,17,17:50,1,2,1,2.0,6.0,57672,JEANNE D'ARC (BOULEVARD),M,"49,3559000","6,1594000",57,2019,50.0,2.0,2.0,4.0,2161074,10.0,3,4,2,5.0,,2.0,3,1928.0,A01,138Â 290Â 867,8.0,0.0,-1.0,1650040,1.0,7,,0.0,1.0,1.0,A01,138Â 290Â 867,1.0
966831,201900008362,10,17,11:15,1,2,1,1.0,6.0,57463,AU BLE (RUE),M,"49,1194200","6,1736100",57,2019,30.0,1.0,1.0,4.0,2161075,10.0,3,4,2,3.0,,9.0,2,1937.0,A01,138Â 290Â 866,8.0,0.0,-1.0,1650041,1.0,7,,0.0,1.0,4.0,A01,138Â 290Â 866,1.0
966831,201900008362,10,17,11:15,1,2,1,1.0,6.0,57463,AU BLE (RUE),M,"49,1194200","6,1736100",57,2019,30.0,1.0,1.0,4.0,2161076,1.0,1,1,1,1.0,,-1.0, -1,1980.0,A01,138Â 290Â 866,1.0,8.0,-1.0,1650041,1.0,7,,0.0,1.0,4.0,A01,138Â 290Â 866,1.0
966832,201900008363,10,14,15:22,1,1,1,1.0,2.0,57751,ROMBAS (RUE DE ),M,"49,1678200","6,1534300",57,2019,50.0,1.0,1.0,4.0,2161077,1.0,1,1,1,4.0,,-1.0, -1,1972.0,B01,138Â 290Â 864,1.0,8.0,-1.0,1650042,1.0,7,,0.0,2.0,4.0,B01,138Â 290Â 864,1.0
966832,201900008363,10,14,15:22,1,1,1,1.0,2.0,57751,ROMBAS (RUE DE ),M,"49,1678200","6,1534300",57,2019,50.0,1.0,1.0,4.0,2161077,1.0,1,1,1,4.0,,-1.0, -1,1972.0,B01,138Â 290Â 864,1.0,8.0,-1.0,1650043,1.0,7,,14.0,0.0,1.0,A01,138Â 290Â 865,1.0
966832,201900008363,10,14,15:22,1,1,1,1.0,2.0,57751,ROMBAS (RUE DE ),M,"49,1678200","6,1534300",57,2019,50.0,1.0,1.0,4.0,2161078,1.0,1,4,1,5.0,,-1.0, -1,1974.0,A01,138Â 290Â 865,1.0,0.0,-1.0,1650042,1.0,7,,0.0,2.0,4.0,B01,138Â 290Â 864,1.0
966832,201900008363,10,14,15:22,1,1,1,1.0,2.0,57751,ROMBAS (RUE DE ),M,"49,1678200","6,1534300",57,2019,50.0,1.0,1.0,4.0,2161078,1.0,1,4,1,5.0,,-1.0, -1,1974.0,A01,138Â 290Â 865,1.0,0.0,-1.0,1650043,1.0,7,,14.0,0.0,1.0,A01,138Â 290Â 865,1.0
966833,201900008364,10,18,15:20,1,2,1,1.0,7.0,54395,CARMES (RUE DES),M,"48,6919200","6,1802310",54,2019,50.0,1.0,1.0,4.0,2161079,1.0,1,1,2,0.0,,0.0,0,1986.0,A01,138Â 290Â 861,1.0,0.0,-1.0,1650044,1.0,7,,0.0,1.0,0.0,A01,138Â 290Â 861,1.0
966833,201900008364,10,18,15:20,1,2,1,1.0,7.0,54395,CARMES (RUE DES),M,"48,6919200","6,1802310",54,2019,50.0,1.0,1.0,4.0,2161080,10.0,3,4,1,0.0,,3.0,3,1931.0,A01,138Â 290Â 861,8.0,0.0,-1.0,1650044,1.0,7,,0.0,1.0,0.0,A01,138Â 290Â 861,1.0
966834,201900008365,10,18,17:45,1,1,6,1.0,3.0,53201,RD 900 VERS RENNES,M,"48,0763000"," -0,8419500",53,2019,90.0,1.0,1.0,3.0,2161081,1.0,1,1,1,1.0,,-1.0, -1,1990.0,A01,138Â 290Â 859,1.0,0.0,-1.0,1650045,2.0,7,,0.0,2.0,3.0,A01,138Â 290Â 859,1.0
966834,201900008365,10,18,17:45,1,1,6,1.0,3.0,53201,RD 900 VERS RENNES,M,"48,0763000"," -0,8419500",53,2019,90.0,1.0,1.0,3.0,2161081,1.0,1,1,1,1.0,,-1.0, -1,1990.0,A01,138Â 290Â 859,1.0,0.0,-1.0,1650046,2.0,1,,0.0,2.0,0.0,B01,138Â 290Â 860,-1.0
966834,201900008365,10,18,17:45,1,1,6,1.0,3.0,53201,RD 900 VERS RENNES,M,"48,0763000"," -0,8419500",53,2019,90.0,1.0,1.0,3.0,2161082,1.0,1,3,1,5.0,,-1.0, -1,1949.0,B01,138Â 290Â 860,8.0,-1.0,-1.0,1650045,2.0,7,,0.0,2.0,3.0,A01,138Â 290Â 859,1.0
966834,201900008365,10,18,17:45,1,1,6,1.0,3.0,53201,RD 900 VERS RENNES,M,"48,0763000"," -0,8419500",53,2019,90.0,1.0,1.0,3.0,2161082,1.0,1,3,1,5.0,,-1.0, -1,1949.0,B01,138Â 290Â 860,8.0,-1.0,-1.0,1650046,2.0,1,,0.0,2.0,0.0,B01,138Â 290Â 860,-1.0
966835,201900008366,10,18,22:05,5,2,1,1.0,3.0,51454,RUE DU COLONNEL FABIEN,M,"49,2498811","4,0188359",51,2019,50.0,1.0,1.0,4.0,2161083,1.0,1,4,1,0.0,,-1.0,0,2003.0,B01,138Â 290Â 857,2.0,8.0,-1.0,1650047,3.0,32,,0.0,2.0,1.0,B01,138Â 290Â 857,1.0
966835,201900008366,10,18,22:05,5,2,1,1.0,3.0,51454,RUE DU COLONNEL FABIEN,M,"49,2498811","4,0188359",51,2019,50.0,1.0,1.0,4.0,2161083,1.0,1,4,1,0.0,,-1.0,0,2003.0,B01,138Â 290Â 857,2.0,8.0,-1.0,1650048,3.0,7,,0.0,2.0,3.0,A01,138Â 290Â 858,1.0
966835,201900008366,10,18,22:05,5,2,1,1.0,3.0,51454,RUE DU COLONNEL FABIEN,M,"49,2498811","4,0188359",51,2019,50.0,1.0,1.0,4.0,2161084,1.0,1,1,1,0.0,,-1.0,0,1955.0,A01,138Â 290Â 858,1.0,0.0,-1.0,1650047,3.0,32,,0.0,2.0,1.0,B01,138Â 290Â 857,1.0
966835,201900008366,10,18,22:05,5,2,1,1.0,3.0,51454,RUE DU COLONNEL FABIEN,M,"49,2498811","4,0188359",51,2019,50.0,1.0,1.0,4.0,2161084,1.0,1,1,1,0.0,,-1.0,0,1955.0,A01,138Â 290Â 858,1.0,0.0,-1.0,1650048,3.0,7,,0.0,2.0,3.0,A01,138Â 290Â 858,1.0
966836,201900008367,10,18,08:50,1,2,1,2.0,1.0,50502,VILLEDIEU,M,"49,1110800"," -1,1027100",50,2019,50.0,1.0,2.0,3.0,2161085,1.0,1,4,1,2.0,,0.0,0,2004.0,B01,138Â 290Â 855,2.0,6.0,-1.0,1650049,1.0,2,,0.0,2.0,1.0,B01,138Â 290Â 855,0.0
966836,201900008367,10,18,08:50,1,2,1,2.0,1.0,50502,VILLEDIEU,M,"49,1110800"," -1,1027100",50,2019,50.0,1.0,2.0,3.0,2161085,1.0,1,4,1,2.0,,0.0,0,2004.0,B01,138Â 290Â 855,2.0,6.0,-1.0,1650050,1.0,10,,0.0,2.0,4.0,A01,138Â 290Â 856,1.0
966836,201900008367,10,18,08:50,1,2,1,2.0,1.0,50502,VILLEDIEU,M,"49,1110800"," -1,1027100",50,2019,50.0,1.0,2.0,3.0,2161086,1.0,1,1,1,1.0,,0.0,0,2004.0,A01,138Â 290Â 856,1.0,0.0,-1.0,1650049,1.0,2,,0.0,2.0,1.0,B01,138Â 290Â 855,0.0
966836,201900008367,10,18,08:50,1,2,1,2.0,1.0,50502,VILLEDIEU,M,"49,1110800"," -1,1027100",50,2019,50.0,1.0,2.0,3.0,2161086,1.0,1,1,1,1.0,,0.0,0,2004.0,A01,138Â 290Â 856,1.0,0.0,-1.0,1650050,1.0,10,,0.0,2.0,4.0,A01,138Â 290Â 856,1.0
966837,201900008368,10,16,07:50,5,2,2,3.0,6.0,50129,CARNOT (AVENUE),M,"49,6336430"," -1,6172900",50,2019,50.0,1.0,2.0,3.0,2161087,1.0,1,4,2,1.0,,0.0,0,1955.0,B01,138Â 290Â 854,1.0,0.0,-1.0,1650051,1.0,7,,0.0,1.0,3.0,B01,138Â 290Â 854,1.0
966837,201900008368,10,16,07:50,5,2,2,3.0,6.0,50129,CARNOT (AVENUE),M,"49,6336430"," -1,6172900",50,2019,50.0,1.0,2.0,3.0,2161088,10.0,3,4,2,2.0,,4.0,3,1997.0,B01,138Â 290Â 854,8.0,0.0,-1.0,1650051,1.0,7,,0.0,1.0,3.0,B01,138Â 290Â 854,1.0
966838,201900008369,10,18,07:50,5,2,3,2.0,6.0,49099,CHOUTEAU (BOULEVARD GUY),M,"47,0668600"," -0,8936700",49,2019,50.0,1.0,2.0,7.0,2161089,1.0,1,1,2,9.0,,-1.0, -1,2001.0,A01,138Â 290Â 853,1.0,8.0,-1.0,1650052,1.0,7,,0.0,1.0,2.0,A01,138Â 290Â 853,1.0
966838,201900008369,10,18,07:50,5,2,3,2.0,6.0,49099,CHOUTEAU (BOULEVARD GUY),M,"47,0668600"," -0,8936700",49,2019,50.0,1.0,2.0,7.0,2161090,10.0,3,3,2,1.0,,2.0,3,1964.0,A01,138Â 290Â 853,8.0,0.0,-1.0,1650052,1.0,7,,0.0,1.0,2.0,A01,138Â 290Â 853,1.0
966839,201900008370,10,18,00:00,3,2,1,1.0,6.0,49353,RECLUS,M,"47,4507000"," -0,4927000",49,2019,60.0,1.0,2.0,4.0,2161091,1.0,1,4,1,0.0,,-1.0, -1,2001.0,A01,138Â 290Â 852,2.0,8.0,-1.0,1650053,1.0,30,,0.0,2.0,9.0,A01,138Â 290Â 852,1.0
966840,201900008371,10,17,19:34,5,2,1,1.0,6.0,49007,BEAUREPAIRE,M,"47,4757900"," -0,5607400",49,2019,60.0,1.0,1.0,4.0,2161092,10.0,3,4,2,0.0,,9.0,B,1944.0,A01,138Â 290Â 851,8.0,0.0,-1.0,1650054,1.0,7,,0.0,1.0,0.0,A01,138Â 290Â 851,1.0
966840,201900008371,10,17,19:34,5,2,1,1.0,6.0,49007,BEAUREPAIRE,M,"47,4757900"," -0,5607400",49,2019,60.0,1.0,1.0,4.0,2161093,1.0,1,1,1,5.0,,-1.0, -1,1999.0,A01,138Â 290Â 851,1.0,8.0,-1.0,1650054,1.0,7,,0.0,1.0,0.0,A01,138Â 290Â 851,1.0
966841,201900008372,10,18,22:05,5,2,6,3.0,6.0,44114,ROUTE DE VANNES/AVENUE MORLIERE ,M,"47,2466540"," -1,6040220",44,2019,50.0,1.0,2.0,4.0,2161094,1.0,1,1,1,5.0,,0.0,0,1994.0,A01,138Â 290Â 850,1.0,0.0,-1.0,1650055,1.0,7,,0.0,1.0,2.0,A01,138Â 290Â 850,1.0
966841,201900008372,10,18,22:05,5,2,6,3.0,6.0,44114,ROUTE DE VANNES/AVENUE MORLIERE ,M,"47,2466540"," -1,6040220",44,2019,50.0,1.0,2.0,4.0,2161095,10.0,3,4,2,0.0,,3.0,3,1994.0,A01,138Â 290Â 850,8.0,0.0,-1.0,1650055,1.0,7,,0.0,1.0,2.0,A01,138Â 290Â 850,1.0
966842,201900008373,10,18,08:10,1,1,1,1.0,3.0,42189,RD 201,M,"45,4236029","4,3645438",42,2019,90.0,1.0,1.0,3.0,2161096,1.0,1,4,1,4.0,,-1.0, -1,1968.0,A01,138Â 290Â 848,1.0,0.0,-1.0,1650056,1.0,7,,0.0,2.0,6.0,A01,138Â 290Â 848,1.0
966842,201900008373,10,18,08:10,1,1,1,1.0,3.0,42189,RD 201,M,"45,4236029","4,3645438",42,2019,90.0,1.0,1.0,3.0,2161096,1.0,1,4,1,4.0,,-1.0, -1,1968.0,A01,138Â 290Â 848,1.0,0.0,-1.0,1650057,1.0,14,,0.0,2.0,2.0,B01,138Â 290Â 849,1.0
966842,201900008373,10,18,08:10,1,1,1,1.0,3.0,42189,RD 201,M,"45,4236029","4,3645438",42,2019,90.0,1.0,1.0,3.0,2161097,2.0,2,4,1,9.0,,-1.0, -1,1963.0,A01,138Â 290Â 848,1.0,0.0,-1.0,1650056,1.0,7,,0.0,2.0,6.0,A01,138Â 290Â 848,1.0
966842,201900008373,10,18,08:10,1,1,1,1.0,3.0,42189,RD 201,M,"45,4236029","4,3645438",42,2019,90.0,1.0,1.0,3.0,2161097,2.0,2,4,1,9.0,,-1.0, -1,1963.0,A01,138Â 290Â 848,1.0,0.0,-1.0,1650057,1.0,14,,0.0,2.0,2.0,B01,138Â 290Â 849,1.0
966842,201900008373,10,18,08:10,1,1,1,1.0,3.0,42189,RD 201,M,"45,4236029","4,3645438",42,2019,90.0,1.0,1.0,3.0,2161098,1.0,1,1,1,4.0,,-1.0, -1,1984.0,B01,138Â 290Â 849,1.0,0.0,-1.0,1650056,1.0,7,,0.0,2.0,6.0,A01,138Â 290Â 848,1.0
966842,201900008373,10,18,08:10,1,1,1,1.0,3.0,42189,RD 201,M,"45,4236029","4,3645438",42,2019,90.0,1.0,1.0,3.0,2161098,1.0,1,1,1,4.0,,-1.0, -1,1984.0,B01,138Â 290Â 849,1.0,0.0,-1.0,1650057,1.0,14,,0.0,2.0,2.0,B01,138Â 290Â 849,1.0
966843,201900008374,10,18,09:30,1,2,1,1.0,6.0,37261,ALOUETTE (AVENUE),M,"47,3629200","0,6968500",37,2019,50.0,1.0,2.0,4.0,2161099,1.0,1,4,1,5.0,,-1.0, -1,1993.0,A01,138Â 290Â 843,1.0,8.0,-1.0,1650058,1.0,7,,4.0,0.0,1.0,A01,138Â 290Â 843,1.0