Unnamed: 0_x,num_acc,mois,jour,hrmn,lum,agg,int,atm,col,com,adr,gps,lat,long,dep,annee,vma,situ,surf,catr,Unnamed: 0_y,place,catu,grav,sexe,trajet,secu,locp,actp,an_nais,num_veh_x,id_vehicule_x,secu1,secu2,secu3,Unnamed: 0,senc,catv,occutc,obs,obsm,choc,num_veh_y,id_vehicule_y,motor
966844,201900008375,10,17,12:15,1,2,1,8.0,7.0,37214,RD 37,M,"47,3968677","0,6476569",37,2019,90.0,1.0,2.0,3.0,2161100,2.0,2,4,2,0.0,,-1.0, -1,1972.0,A01,138Â 290Â 842,1.0,0.0,-1.0,1650059,3.0,7,,4.0,0.0,3.0,A01,138Â 290Â 842,1.0
966844,201900008375,10,17,12:15,1,2,1,8.0,7.0,37214,RD 37,M,"47,3968677","0,6476569",37,2019,90.0,1.0,2.0,3.0,2161101,1.0,1,4,1,0.0,,-1.0,0,2001.0,A01,138Â 290Â 842,1.0,0.0,-1.0,1650059,3.0,7,,4.0,0.0,3.0,A01,138Â 290Â 842,1.0
966845,201900008376,4,18,14:10,1,2,1,1.0,6.0,56098,MAURIAC (RUE  FRANCOIS ),M,"47,7659500"," -3,3493500",56,2019,30.0,1.0,1.0,4.0,2161102,1.0,1,1,1,5.0,,0.0,0,1967.0,A01,138Â 290Â 841,1.0,8.0,-1.0,1650060,1.0,7,,0.0,1.0,4.0,A01,138Â 290Â 841,1.0
966845,201900008376,4,18,14:10,1,2,1,1.0,6.0,56098,MAURIAC (RUE  FRANCOIS ),M,"47,7659500"," -3,3493500",56,2019,30.0,1.0,1.0,4.0,2161103,10.0,3,4,1,5.0,,2.0,3,1942.0,A01,138Â 290Â 841,8.0,0.0,-1.0,1650060,1.0,7,,0.0,1.0,4.0,A01,138Â 290Â 841,1.0
966846,201900008377,4,18,10:50,1,2,1,1.0,2.0,56121,BELGIQUE (RUE  DE ),M,"47,7606900"," -3,3848500",56,2019,50.0,1.0,1.0,4.0,2161104,1.0,1,1,1,0.0,,0.0,0,1965.0,A01,138Â 290Â 839,1.0,8.0,-1.0,1650061,1.0,7,,0.0,2.0,1.0,A01,138Â 290Â 839,1.0
966846,201900008377,4,18,10:50,1,2,1,1.0,2.0,56121,BELGIQUE (RUE  DE ),M,"47,7606900"," -3,3848500",56,2019,50.0,1.0,1.0,4.0,2161104,1.0,1,1,1,0.0,,0.0,0,1965.0,A01,138Â 290Â 839,1.0,8.0,-1.0,1650062,1.0,7,,0.0,2.0,4.0,B01,138Â 290Â 840,1.0
966846,201900008377,4,18,10:50,1,2,1,1.0,2.0,56121,BELGIQUE (RUE  DE ),M,"47,7606900"," -3,3848500",56,2019,50.0,1.0,1.0,4.0,2161105,1.0,1,4,2,0.0,,0.0,0,1972.0,B01,138Â 290Â 840,1.0,8.0,-1.0,1650061,1.0,7,,0.0,2.0,1.0,A01,138Â 290Â 839,1.0
966846,201900008377,4,18,10:50,1,2,1,1.0,2.0,56121,BELGIQUE (RUE  DE ),M,"47,7606900"," -3,3848500",56,2019,50.0,1.0,1.0,4.0,2161105,1.0,1,4,2,0.0,,0.0,0,1972.0,B01,138Â 290Â 840,1.0,8.0,-1.0,1650062,1.0,7,,0.0,2.0,4.0,B01,138Â 290Â 840,1.0
966847,201900008378,4,16,10:50,1,2,6,1.0,3.0,56083,JAURES ( AV. JEAN ),M,"47,8020600"," -3,2787700",56,2019,50.0,1.0,1.0,3.0,2161106,1.0,1,1,1,4.0,,0.0,0,1981.0,A01,138Â 290Â 837,1.0,8.0,-1.0,1650063,2.0,10,,0.0,2.0,7.0,A01,138Â 290Â 837,1.0
966847,201900008378,4,16,10:50,1,2,6,1.0,3.0,56083,JAURES ( AV. JEAN ),M,"47,8020600"," -3,2787700",56,2019,50.0,1.0,1.0,3.0,2161106,1.0,1,1,1,4.0,,0.0,0,1981.0,A01,138Â 290Â 837,1.0,8.0,-1.0,1650064,2.0,1,,0.0,2.0,9.0,B01,138Â 290Â 838,5.0
966847,201900008378,4,16,10:50,1,2,6,1.0,3.0,56083,JAURES ( AV. JEAN ),M,"47,8020600"," -3,2787700",56,2019,50.0,1.0,1.0,3.0,2161107,1.0,1,3,2,4.0,,0.0,0,1996.0,B01,138Â 290Â 838,2.0,8.0,-1.0,1650063,2.0,10,,0.0,2.0,7.0,A01,138Â 290Â 837,1.0
966847,201900008378,4,16,10:50,1,2,6,1.0,3.0,56083,JAURES ( AV. JEAN ),M,"47,8020600"," -3,2787700",56,2019,50.0,1.0,1.0,3.0,2161107,1.0,1,3,2,4.0,,0.0,0,1996.0,B01,138Â 290Â 838,2.0,8.0,-1.0,1650064,2.0,1,,0.0,2.0,9.0,B01,138Â 290Â 838,5.0
966848,201900008379,4,29,19:10,1,2,1,1.0,7.0,55545,SAINT PAUL ( PLACE ),M,"49,1645000","5,3842000",55,2019,30.0,1.0,1.0,4.0,2161108,10.0,3,4,2,5.0,,3.0,3,1935.0,A01,138Â 290Â 836,8.0,0.0,-1.0,1650065,1.0,10,,0.0,1.0,3.0,A01,138Â 290Â 836,0.0
966848,201900008379,4,29,19:10,1,2,1,1.0,7.0,55545,SAINT PAUL ( PLACE ),M,"49,1645000","5,3842000",55,2019,30.0,1.0,1.0,4.0,2161109,1.0,1,1,1,5.0,,-1.0,0,1998.0,A01,138Â 290Â 836,1.0,0.0,-1.0,1650065,1.0,10,,0.0,1.0,3.0,A01,138Â 290Â 836,0.0
966849,201900008380,4,20,05:30,3,2,1,1.0,7.0,55545,BASTIEN LEPAGE,M,"49,1535000","5,3892600",55,2019,50.0,1.0,1.0,4.0,2161110,1.0,1,1,2,1.0,,-1.0,0,1965.0,A01,138Â 290Â 835,1.0,0.0,-1.0,1650066,3.0,7,,0.0,1.0,1.0,A01,138Â 290Â 835,0.0
966849,201900008380,4,20,05:30,3,2,1,1.0,7.0,55545,BASTIEN LEPAGE,M,"49,1535000","5,3892600",55,2019,50.0,1.0,1.0,4.0,2161111,10.0,3,2,1,5.0,,3.0,9,1994.0,A01,138Â 290Â 835,8.0,0.0,-1.0,1650066,3.0,7,,0.0,1.0,1.0,A01,138Â 290Â 835,0.0
966850,201900008381,4,18,16:03,1,1,1,1.0,5.0,54542,RD 613,M,"49,2083400","5,9165000",54,2019,80.0,1.0,1.0,3.0,2161112,1.0,1,4,2,1.0,,-1.0,0,1964.0,A01,138Â 290Â 830,1.0,8.0,-1.0,1650067,2.0,7,,0.0,2.0,6.0,A01,138Â 290Â 830,0.0
966850,201900008381,4,18,16:03,1,1,1,1.0,5.0,54542,RD 613,M,"49,2083400","5,9165000",54,2019,80.0,1.0,1.0,3.0,2161112,1.0,1,4,2,1.0,,-1.0,0,1964.0,A01,138Â 290Â 830,1.0,8.0,-1.0,1650068,2.0,7,,0.0,2.0,6.0,B01,138Â 290Â 831,0.0
966850,201900008381,4,18,16:03,1,1,1,1.0,5.0,54542,RD 613,M,"49,2083400","5,9165000",54,2019,80.0,1.0,1.0,3.0,2161112,1.0,1,4,2,1.0,,-1.0,0,1964.0,A01,138Â 290Â 830,1.0,8.0,-1.0,1650069,2.0,7,,0.0,2.0,0.0,C01,138Â 290Â 832,0.0
966850,201900008381,4,18,16:03,1,1,1,1.0,5.0,54542,RD 613,M,"49,2083400","5,9165000",54,2019,80.0,1.0,1.0,3.0,2161112,1.0,1,4,2,1.0,,-1.0,0,1964.0,A01,138Â 290Â 830,1.0,8.0,-1.0,1650070,2.0,7,,0.0,2.0,2.0,D01,138Â 290Â 833,0.0
966850,201900008381,4,18,16:03,1,1,1,1.0,5.0,54542,RD 613,M,"49,2083400","5,9165000",54,2019,80.0,1.0,1.0,3.0,2161113,1.0,1,1,1,1.0,,-1.0,0,1959.0,B01,138Â 290Â 831,1.0,0.0,-1.0,1650067,2.0,7,,0.0,2.0,6.0,A01,138Â 290Â 830,0.0
966850,201900008381,4,18,16:03,1,1,1,1.0,5.0,54542,RD 613,M,"49,2083400","5,9165000",54,2019,80.0,1.0,1.0,3.0,2161113,1.0,1,1,1,1.0,,-1.0,0,1959.0,B01,138Â 290Â 831,1.0,0.0,-1.0,1650068,2.0,7,,0.0,2.0,6.0,B01,138Â 290Â 831,0.0
966850,201900008381,4,18,16:03,1,1,1,1.0,5.0,54542,RD 613,M,"49,2083400","5,9165000",54,2019,80.0,1.0,1.0,3.0,2161113,1.0,1,1,1,1.0,,-1.0,0,1959.0,B01,138Â 290Â 831,1.0,0.0,-1.0,1650069,2.0,7,,0.0,2.0,0.0,C01,138Â 290Â 832,0.0
966850,201900008381,4,18,16:03,1,1,1,1.0,5.0,54542,RD 613,M,"49,2083400","5,9165000",54,2019,80.0,1.0,1.0,3.0,2161113,1.0,1,1,1,1.0,,-1.0,0,1959.0,B01,138Â 290Â 831,1.0,0.0,-1.0,1650070,2.0,7,,0.0,2.0,2.0,D01,138Â 290Â 833,0.0
966850,201900008381,4,18,16:03,1,1,1,1.0,5.0,54542,RD 613,M,"49,2083400","5,9165000",54,2019,80.0,1.0,1.0,3.0,2161114,1.0,1,1,1,1.0,,-1.0,0,1970.0,C01,138Â 290Â 832,1.0,0.0,-1.0,1650067,2.0,7,,0.0,2.0,6.0,A01,138Â 290Â 830,0.0
966850,201900008381,4,18,16:03,1,1,1,1.0,5.0,54542,RD 613,M,"49,2083400","5,9165000",54,2019,80.0,1.0,1.0,3.0,2161114,1.0,1,1,1,1.0,,-1.0,0,1970.0,C01,138Â 290Â 832,1.0,0.0,-1.0,1650068,2.0,7,,0.0,2.0,6.0,B01,138Â 290Â 831,0.0
966850,201900008381,4,18,16:03,1,1,1,1.0,5.0,54542,RD 613,M,"49,2083400","5,9165000",54,2019,80.0,1.0,1.0,3.0,2161114,1.0,1,1,1,1.0,,-1.0,0,1970.0,C01,138Â 290Â 832,1.0,0.0,-1.0,1650069,2.0,7,,0.0,2.0,0.0,C01,138Â 290Â 832,0.0
966850,201900008381,4,18,16:03,1,1,1,1.0,5.0,54542,RD 613,M,"49,2083400","5,9165000",54,2019,80.0,1.0,1.0,3.0,2161114,1.0,1,1,1,1.0,,-1.0,0,1970.0,C01,138Â 290Â 832,1.0,0.0,-1.0,1650070,2.0,7,,0.0,2.0,2.0,D01,138Â 290Â 833,0.0
966850,201900008381,4,18,16:03,1,1,1,1.0,5.0,54542,RD 613,M,"49,2083400","5,9165000",54,2019,80.0,1.0,1.0,3.0,2161115,1.0,1,4,1,1.0,,-1.0,0,1993.0,D01,138Â 290Â 833,1.0,5.0,-1.0,1650067,2.0,7,,0.0,2.0,6.0,A01,138Â 290Â 830,0.0
966850,201900008381,4,18,16:03,1,1,1,1.0,5.0,54542,RD 613,M,"49,2083400","5,9165000",54,2019,80.0,1.0,1.0,3.0,2161115,1.0,1,4,1,1.0,,-1.0,0,1993.0,D01,138Â 290Â 833,1.0,5.0,-1.0,1650068,2.0,7,,0.0,2.0,6.0,B01,138Â 290Â 831,0.0
966850,201900008381,4,18,16:03,1,1,1,1.0,5.0,54542,RD 613,M,"49,2083400","5,9165000",54,2019,80.0,1.0,1.0,3.0,2161115,1.0,1,4,1,1.0,,-1.0,0,1993.0,D01,138Â 290Â 833,1.0,5.0,-1.0,1650069,2.0,7,,0.0,2.0,0.0,C01,138Â 290Â 832,0.0
966850,201900008381,4,18,16:03,1,1,1,1.0,5.0,54542,RD 613,M,"49,2083400","5,9165000",54,2019,80.0,1.0,1.0,3.0,2161115,1.0,1,4,1,1.0,,-1.0,0,1993.0,D01,138Â 290Â 833,1.0,5.0,-1.0,1650070,2.0,7,,0.0,2.0,2.0,D01,138Â 290Â 833,0.0
966851,201900008382,4,23,18:50,1,2,1,1.0,3.0,52121,MOULIN NEUF ( Z.A.C. ),M,"48,1237000","5,1495000",52,2019,30.0,1.0,1.0,6.0,2161116,1.0,1,1,2,5.0,,-1.0, -1,1962.0,B01,138Â 290Â 827,1.0,0.0,-1.0,1650071,3.0,7,,0.0,2.0,3.0,B01,138Â 290Â 827,1.0
966851,201900008382,4,23,18:50,1,2,1,1.0,3.0,52121,MOULIN NEUF ( Z.A.C. ),M,"48,1237000","5,1495000",52,2019,30.0,1.0,1.0,6.0,2161116,1.0,1,1,2,5.0,,-1.0, -1,1962.0,B01,138Â 290Â 827,1.0,0.0,-1.0,1650072,3.0,7,,0.0,2.0,7.0,A01,138Â 290Â 828,1.0
966851,201900008382,4,23,18:50,1,2,1,1.0,3.0,52121,MOULIN NEUF ( Z.A.C. ),M,"48,1237000","5,1495000",52,2019,30.0,1.0,1.0,6.0,2161117,2.0,2,4,2,5.0,,-1.0, -1,2000.0,A01,138Â 290Â 828,1.0,0.0,-1.0,1650071,3.0,7,,0.0,2.0,3.0,B01,138Â 290Â 827,1.0
966851,201900008382,4,23,18:50,1,2,1,1.0,3.0,52121,MOULIN NEUF ( Z.A.C. ),M,"48,1237000","5,1495000",52,2019,30.0,1.0,1.0,6.0,2161117,2.0,2,4,2,5.0,,-1.0, -1,2000.0,A01,138Â 290Â 828,1.0,0.0,-1.0,1650072,3.0,7,,0.0,2.0,7.0,A01,138Â 290Â 828,1.0
966851,201900008382,4,23,18:50,1,2,1,1.0,3.0,52121,MOULIN NEUF ( Z.A.C. ),M,"48,1237000","5,1495000",52,2019,30.0,1.0,1.0,6.0,2161118,1.0,1,1,2,5.0,,-1.0, -1,1974.0,A01,138Â 290Â 828,1.0,0.0,-1.0,1650071,3.0,7,,0.0,2.0,3.0,B01,138Â 290Â 827,1.0
966851,201900008382,4,23,18:50,1,2,1,1.0,3.0,52121,MOULIN NEUF ( Z.A.C. ),M,"48,1237000","5,1495000",52,2019,30.0,1.0,1.0,6.0,2161118,1.0,1,1,2,5.0,,-1.0, -1,1974.0,A01,138Â 290Â 828,1.0,0.0,-1.0,1650072,3.0,7,,0.0,2.0,7.0,A01,138Â 290Â 828,1.0
966852,201900008383,4,23,14:15,1,2,2,1.0,4.0,51454,RUE EMILE ZOLA,M,"49,2677028","4,0267333",51,2019,50.0,1.0,1.0,4.0,2161119,1.0,1,4,2,0.0,,-1.0,0,1986.0,A01,138Â 290Â 824,1.0,0.0,-1.0,1650073,1.0,7,,0.0,2.0,1.0,A01,138Â 290Â 824,1.0
966852,201900008383,4,23,14:15,1,2,2,1.0,4.0,51454,RUE EMILE ZOLA,M,"49,2677028","4,0267333",51,2019,50.0,1.0,1.0,4.0,2161119,1.0,1,4,2,0.0,,-1.0,0,1986.0,A01,138Â 290Â 824,1.0,0.0,-1.0,1650074,1.0,7,,0.0,2.0,4.0,C01,138Â 290Â 825,1.0
966852,201900008383,4,23,14:15,1,2,2,1.0,4.0,51454,RUE EMILE ZOLA,M,"49,2677028","4,0267333",51,2019,50.0,1.0,1.0,4.0,2161119,1.0,1,4,2,0.0,,-1.0,0,1986.0,A01,138Â 290Â 824,1.0,0.0,-1.0,1650075,1.0,7,,0.0,2.0,4.0,B01,138Â 290Â 826,1.0
966852,201900008383,4,23,14:15,1,2,2,1.0,4.0,51454,RUE EMILE ZOLA,M,"49,2677028","4,0267333",51,2019,50.0,1.0,1.0,4.0,2161120,1.0,1,1,1,0.0,,-1.0,0,1949.0,C01,138Â 290Â 825,1.0,0.0,-1.0,1650073,1.0,7,,0.0,2.0,1.0,A01,138Â 290Â 824,1.0
966852,201900008383,4,23,14:15,1,2,2,1.0,4.0,51454,RUE EMILE ZOLA,M,"49,2677028","4,0267333",51,2019,50.0,1.0,1.0,4.0,2161120,1.0,1,1,1,0.0,,-1.0,0,1949.0,C01,138Â 290Â 825,1.0,0.0,-1.0,1650074,1.0,7,,0.0,2.0,4.0,C01,138Â 290Â 825,1.0
966852,201900008383,4,23,14:15,1,2,2,1.0,4.0,51454,RUE EMILE ZOLA,M,"49,2677028","4,0267333",51,2019,50.0,1.0,1.0,4.0,2161120,1.0,1,1,1,0.0,,-1.0,0,1949.0,C01,138Â 290Â 825,1.0,0.0,-1.0,1650075,1.0,7,,0.0,2.0,4.0,B01,138Â 290Â 826,1.0
966852,201900008383,4,23,14:15,1,2,2,1.0,4.0,51454,RUE EMILE ZOLA,M,"49,2677028","4,0267333",51,2019,50.0,1.0,1.0,4.0,2161121,1.0,1,1,1,0.0,,-1.0,0,1996.0,B01,138Â 290Â 826,1.0,0.0,-1.0,1650073,1.0,7,,0.0,2.0,1.0,A01,138Â 290Â 824,1.0
966852,201900008383,4,23,14:15,1,2,2,1.0,4.0,51454,RUE EMILE ZOLA,M,"49,2677028","4,0267333",51,2019,50.0,1.0,1.0,4.0,2161121,1.0,1,1,1,0.0,,-1.0,0,1996.0,B01,138Â 290Â 826,1.0,0.0,-1.0,1650074,1.0,7,,0.0,2.0,4.0,C01,138Â 290Â 825,1.0
966852,201900008383,4,23,14:15,1,2,2,1.0,4.0,51454,RUE EMILE ZOLA,M,"49,2677028","4,0267333",51,2019,50.0,1.0,1.0,4.0,2161121,1.0,1,1,1,0.0,,-1.0,0,1996.0,B01,138Â 290Â 826,1.0,0.0,-1.0,1650075,1.0,7,,0.0,2.0,4.0,B01,138Â 290Â 826,1.0
966853,201900008384,4,20,10:00,1,2,2,1.0,7.0,51454,AVENUE GEORGES CLEMENCEAU,M,"49,2505900","4,0524700",51,2019,50.0,1.0,1.0,4.0,2161122,1.0,1,4,2,9.0,,-1.0,0,1997.0,A01,138Â 290Â 823,2.0,8.0,-1.0,1650076,2.0,33,,1.0,0.0,1.0,A01,138Â 290Â 823,1.0
966854,201900008385,4,18,19:40,1,2,4,1.0,1.0,51454,RUE EMILE ZOLA,M,"49,2698100","4,0258400",51,2019,50.0,1.0,1.0,4.0,2161123,1.0,1,1,1,0.0,,-1.0,0,1945.0,B01,138Â 290Â 821,1.0,0.0,-1.0,1650077,2.0,7,,0.0,2.0,2.0,B01,138Â 290Â 821,1.0
966854,201900008385,4,18,19:40,1,2,4,1.0,1.0,51454,RUE EMILE ZOLA,M,"49,2698100","4,0258400",51,2019,50.0,1.0,1.0,4.0,2161123,1.0,1,1,1,0.0,,-1.0,0,1945.0,B01,138Â 290Â 821,1.0,0.0,-1.0,1650078,1.0,7,,0.0,2.0,1.0,A01,138Â 290Â 822,1.0
966854,201900008385,4,18,19:40,1,2,4,1.0,1.0,51454,RUE EMILE ZOLA,M,"49,2698100","4,0258400",51,2019,50.0,1.0,1.0,4.0,2161124,3.0,2,4,1,5.0,,-1.0,0,1988.0,A01,138Â 290Â 822,8.0,0.0,-1.0,1650077,2.0,7,,0.0,2.0,2.0,B01,138Â 290Â 821,1.0
966854,201900008385,4,18,19:40,1,2,4,1.0,1.0,51454,RUE EMILE ZOLA,M,"49,2698100","4,0258400",51,2019,50.0,1.0,1.0,4.0,2161124,3.0,2,4,1,5.0,,-1.0,0,1988.0,A01,138Â 290Â 822,8.0,0.0,-1.0,1650078,1.0,7,,0.0,2.0,1.0,A01,138Â 290Â 822,1.0
966854,201900008385,4,18,19:40,1,2,4,1.0,1.0,51454,RUE EMILE ZOLA,M,"49,2698100","4,0258400",51,2019,50.0,1.0,1.0,4.0,2161125,1.0,1,1,1,5.0,,-1.0,0,1992.0,A01,138Â 290Â 822,1.0,0.0,-1.0,1650077,2.0,7,,0.0,2.0,2.0,B01,138Â 290Â 821,1.0
966854,201900008385,4,18,19:40,1,2,4,1.0,1.0,51454,RUE EMILE ZOLA,M,"49,2698100","4,0258400",51,2019,50.0,1.0,1.0,4.0,2161125,1.0,1,1,1,5.0,,-1.0,0,1992.0,A01,138Â 290Â 822,1.0,0.0,-1.0,1650078,1.0,7,,0.0,2.0,1.0,A01,138Â 290Â 822,1.0
966855,201900008386,4,24,17:17,1,2,1,1.0,6.0,50129,VOSGES (RUE DES),M,"49,6276200"," -1,6215600",50,2019,50.0,1.0,1.0,4.0,2161126,2.0,2,4,2,5.0,,-1.0,0,1943.0,A01,138Â 290Â 820,1.0,0.0,-1.0,1650079,0.0,7,,2.0,0.0,1.0,A01,138Â 290Â 820,1.0
966855,201900008386,4,24,17:17,1,2,1,1.0,6.0,50129,VOSGES (RUE DES),M,"49,6276200"," -1,6215600",50,2019,50.0,1.0,1.0,4.0,2161127,1.0,1,4,1,5.0,,-1.0,0,1936.0,A01,138Â 290Â 820,1.0,0.0,-1.0,1650079,0.0,7,,2.0,0.0,1.0,A01,138Â 290Â 820,1.0
966856,201900008387,4,24,12:30,1,2,3,2.0,3.0,50129,NORMANDIE (AVENUE DE),M,"49,6267900"," -1,6343400",50,2019,30.0,1.0,2.0,4.0,2161128,1.0,1,4,2,5.0,,-1.0,0,1982.0,B01,138Â 290Â 818,1.0,0.0,-1.0,1650080,0.0,7,,0.0,2.0,3.0,B01,138Â 290Â 818,1.0
966856,201900008387,4,24,12:30,1,2,3,2.0,3.0,50129,NORMANDIE (AVENUE DE),M,"49,6267900"," -1,6343400",50,2019,30.0,1.0,2.0,4.0,2161128,1.0,1,4,2,5.0,,-1.0,0,1982.0,B01,138Â 290Â 818,1.0,0.0,-1.0,1650081,0.0,7,,0.0,2.0,2.0,A01,138Â 290Â 819,1.0
966856,201900008387,4,24,12:30,1,2,3,2.0,3.0,50129,NORMANDIE (AVENUE DE),M,"49,6267900"," -1,6343400",50,2019,30.0,1.0,2.0,4.0,2161129,1.0,1,1,1,5.0,,-1.0,0,1970.0,A01,138Â 290Â 819,1.0,0.0,-1.0,1650080,0.0,7,,0.0,2.0,3.0,B01,138Â 290Â 818,1.0
966856,201900008387,4,24,12:30,1,2,3,2.0,3.0,50129,NORMANDIE (AVENUE DE),M,"49,6267900"," -1,6343400",50,2019,30.0,1.0,2.0,4.0,2161129,1.0,1,1,1,5.0,,-1.0,0,1970.0,A01,138Â 290Â 819,1.0,0.0,-1.0,1650081,0.0,7,,0.0,2.0,2.0,A01,138Â 290Â 819,1.0
966857,201900008388,4,23,11:40,1,2,2,1.0,7.0,50173,PAIX (RUE DE LA),M,"49,6504200"," -1,6514100",50,2019,30.0,1.0,1.0,4.0,2161130,1.0,1,1,1,5.0,,-1.0,0,1970.0,A01,138Â 290Â 817,1.0,8.0,-1.0,1650082,0.0,3,,0.0,1.0,1.0,A01,138Â 290Â 817,1.0
966857,201900008388,4,23,11:40,1,2,2,1.0,7.0,50173,PAIX (RUE DE LA),M,"49,6504200"," -1,6514100",50,2019,30.0,1.0,1.0,4.0,2161131,10.0,3,4,2,5.0,,3.0,3,1941.0,A01,138Â 290Â 817,8.0,0.0,-1.0,1650082,0.0,3,,0.0,1.0,1.0,A01,138Â 290Â 817,1.0
966858,201900008389,4,17,11:50,1,1,6,1.0,2.0,50203,MALRAUX (ROND POINT ANDRE),M,"49,5992800"," -1,5970800",50,2019,50.0,1.0,1.0,2.0,2161132,1.0,1,1,2,9.0,,-1.0,0,1966.0,A01,138Â 290Â 815,1.0,0.0,-1.0,1650083,1.0,7,,0.0,2.0,1.0,A01,138Â 290Â 815,1.0
966858,201900008389,4,17,11:50,1,1,6,1.0,2.0,50203,MALRAUX (ROND POINT ANDRE),M,"49,5992800"," -1,5970800",50,2019,50.0,1.0,1.0,2.0,2161132,1.0,1,1,2,9.0,,-1.0,0,1966.0,A01,138Â 290Â 815,1.0,0.0,-1.0,1650084,1.0,7,,0.0,2.0,4.0,B01,138Â 290Â 816,1.0
966858,201900008389,4,17,11:50,1,1,6,1.0,2.0,50203,MALRAUX (ROND POINT ANDRE),M,"49,5992800"," -1,5970800",50,2019,50.0,1.0,1.0,2.0,2161133,2.0,2,4,2,9.0,,-1.0,0,1988.0,A01,138Â 290Â 815,1.0,0.0,-1.0,1650083,1.0,7,,0.0,2.0,1.0,A01,138Â 290Â 815,1.0
966858,201900008389,4,17,11:50,1,1,6,1.0,2.0,50203,MALRAUX (ROND POINT ANDRE),M,"49,5992800"," -1,5970800",50,2019,50.0,1.0,1.0,2.0,2161133,2.0,2,4,2,9.0,,-1.0,0,1988.0,A01,138Â 290Â 815,1.0,0.0,-1.0,1650084,1.0,7,,0.0,2.0,4.0,B01,138Â 290Â 816,1.0
966858,201900008389,4,17,11:50,1,1,6,1.0,2.0,50203,MALRAUX (ROND POINT ANDRE),M,"49,5992800"," -1,5970800",50,2019,50.0,1.0,1.0,2.0,2161134,1.0,1,1,2,9.0,,-1.0,0,1987.0,B01,138Â 290Â 816,1.0,0.0,-1.0,1650083,1.0,7,,0.0,2.0,1.0,A01,138Â 290Â 815,1.0
966858,201900008389,4,17,11:50,1,1,6,1.0,2.0,50203,MALRAUX (ROND POINT ANDRE),M,"49,5992800"," -1,5970800",50,2019,50.0,1.0,1.0,2.0,2161134,1.0,1,1,2,9.0,,-1.0,0,1987.0,B01,138Â 290Â 816,1.0,0.0,-1.0,1650084,1.0,7,,0.0,2.0,4.0,B01,138Â 290Â 816,1.0
966859,201900008390,4,25,19:00,1,2,1,1.0,3.0,49099,LORRAINE (RUE DE),M,"47,0598000"," -0,8684400",49,2019,50.0,1.0,1.0,7.0,2161135,1.0,1,1,2,3.0,,-1.0,0,1947.0,A01,138Â 290Â 813,1.0,8.0,-1.0,1650085,2.0,7,,0.0,2.0,2.0,A01,138Â 290Â 813,1.0
966859,201900008390,4,25,19:00,1,2,1,1.0,3.0,49099,LORRAINE (RUE DE),M,"47,0598000"," -0,8684400",49,2019,50.0,1.0,1.0,7.0,2161135,1.0,1,1,2,3.0,,-1.0,0,1947.0,A01,138Â 290Â 813,1.0,8.0,-1.0,1650086,2.0,2,,8.0,2.0,1.0,B01,138Â 290Â 814,1.0
966859,201900008390,4,25,19:00,1,2,1,1.0,3.0,49099,LORRAINE (RUE DE),M,"47,0598000"," -0,8684400",49,2019,50.0,1.0,1.0,7.0,2161136,1.0,1,4,1,5.0,,-1.0,0,1984.0,B01,138Â 290Â 814,2.0,8.0,-1.0,1650085,2.0,7,,0.0,2.0,2.0,A01,138Â 290Â 813,1.0
966859,201900008390,4,25,19:00,1,2,1,1.0,3.0,49099,LORRAINE (RUE DE),M,"47,0598000"," -0,8684400",49,2019,50.0,1.0,1.0,7.0,2161136,1.0,1,4,1,5.0,,-1.0,0,1984.0,B01,138Â 290Â 814,2.0,8.0,-1.0,1650086,2.0,2,,8.0,2.0,1.0,B01,138Â 290Â 814,1.0
966860,201900008391,4,19,22:20,3,1,1,1.0,7.0,49099,SAINT ANTOINE (RUE DE ),M,"47,0465300"," -0,9206700",49,2019,50.0,1.0,1.0,7.0,2161137,1.0,1,3,1,5.0,,-1.0,0,1991.0,A01,138Â 290Â 812,2.0,8.0,-1.0,1650087,1.0,30,,13.0,0.0,1.0,A01,138Â 290Â 812,1.0
966861,201900008392,4,24,07:54,2,2,1,2.0,3.0,49246,PERRINS CHEMIN ET VILLAGE,M,"47,4427500"," -0,5238500",49,2019,50.0,1.0,2.0,4.0,2161138,1.0,1,4,1,0.0,,-1.0,0,2003.0,B01,138Â 290Â 810,2.0,8.0,-1.0,1650088,1.0,2,,0.0,2.0,1.0,B01,138Â 290Â 810,1.0
966861,201900008392,4,24,07:54,2,2,1,2.0,3.0,49246,PERRINS CHEMIN ET VILLAGE,M,"47,4427500"," -0,5238500",49,2019,50.0,1.0,2.0,4.0,2161138,1.0,1,4,1,0.0,,-1.0,0,2003.0,B01,138Â 290Â 810,2.0,8.0,-1.0,1650089,1.0,7,,0.0,2.0,2.0,A01,138Â 290Â 811,1.0
966861,201900008392,4,24,07:54,2,2,1,2.0,3.0,49246,PERRINS CHEMIN ET VILLAGE,M,"47,4427500"," -0,5238500",49,2019,50.0,1.0,2.0,4.0,2161139,1.0,1,1,1,0.0,,-1.0,0,1998.0,A01,138Â 290Â 811,1.0,8.0,-1.0,1650088,1.0,2,,0.0,2.0,1.0,B01,138Â 290Â 810,1.0
966861,201900008392,4,24,07:54,2,2,1,2.0,3.0,49246,PERRINS CHEMIN ET VILLAGE,M,"47,4427500"," -0,5238500",49,2019,50.0,1.0,2.0,4.0,2161139,1.0,1,1,1,0.0,,-1.0,0,1998.0,A01,138Â 290Â 811,1.0,8.0,-1.0,1650089,1.0,7,,0.0,2.0,2.0,A01,138Â 290Â 811,1.0
966862,201900008393,4,24,08:41,1,2,1,1.0,6.0,49007,BEAUSSIER BOULEVARD,M,"47,4686700"," -0,6013100",49,2019,50.0,1.0,2.0,4.0,2161140,1.0,1,4,2,0.0,,-1.0,0,1999.0,A01,138Â 290Â 809,1.0,0.0,-1.0,1650090,1.0,7,,5.0,0.0,1.0,A01,138Â 290Â 809,0.0