Unnamed: 0_x,num_acc,mois,jour,hrmn,lum,agg,int,atm,col,com,adr,gps,lat,long,dep,annee,vma,situ,surf,catr,Unnamed: 0_y,place,catu,grav,sexe,trajet,secu,locp,actp,an_nais,num_veh_x,id_vehicule_x,secu1,secu2,secu3,Unnamed: 0,senc,catv,occutc,obs,obsm,choc,num_veh_y,id_vehicule_y,motor
966863,201900008394,4,24,07:00,2,2,1,1.0,2.0,49007,TURPIN DE CRISSE AVENUE,M,"47,4653300"," -0,5545600",49,2019,30.0,1.0,1.0,4.0,2161141,1.0,1,1,2,0.0,,-1.0,0,2000.0,A01,138Â 290Â 807,1.0,0.0,-1.0,1650091,1.0,7,,0.0,2.0,1.0,A01,138Â 290Â 807,1.0
966863,201900008394,4,24,07:00,2,2,1,1.0,2.0,49007,TURPIN DE CRISSE AVENUE,M,"47,4653300"," -0,5545600",49,2019,30.0,1.0,1.0,4.0,2161141,1.0,1,1,2,0.0,,-1.0,0,2000.0,A01,138Â 290Â 807,1.0,0.0,-1.0,1650092,1.0,7,,0.0,2.0,4.0,B01,138Â 290Â 808,1.0
966863,201900008394,4,24,07:00,2,2,1,1.0,2.0,49007,TURPIN DE CRISSE AVENUE,M,"47,4653300"," -0,5545600",49,2019,30.0,1.0,1.0,4.0,2161142,1.0,1,4,1,0.0,,-1.0,0,1980.0,B01,138Â 290Â 808,1.0,0.0,-1.0,1650091,1.0,7,,0.0,2.0,1.0,A01,138Â 290Â 807,1.0
966863,201900008394,4,24,07:00,2,2,1,1.0,2.0,49007,TURPIN DE CRISSE AVENUE,M,"47,4653300"," -0,5545600",49,2019,30.0,1.0,1.0,4.0,2161142,1.0,1,4,1,0.0,,-1.0,0,1980.0,B01,138Â 290Â 808,1.0,0.0,-1.0,1650092,1.0,7,,0.0,2.0,4.0,B01,138Â 290Â 808,1.0
966864,201900008395,4,23,08:54,1,2,1,1.0,3.0,49007,MIMOSAS,M,"47,4813800"," -0,5234400",49,2019,50.0,1.0,1.0,4.0,2161143,1.0,1,4,1,0.0,,-1.0,0,2001.0,B01,138Â 290Â 803,2.0,8.0,-1.0,1650093,1.0,32,,0.0,2.0,9.0,B01,138Â 290Â 803,1.0
966864,201900008395,4,23,08:54,1,2,1,1.0,3.0,49007,MIMOSAS,M,"47,4813800"," -0,5234400",49,2019,50.0,1.0,1.0,4.0,2161143,1.0,1,4,1,0.0,,-1.0,0,2001.0,B01,138Â 290Â 803,2.0,8.0,-1.0,1650094,1.0,7,,0.0,2.0,2.0,A01,138Â 290Â 804,1.0
966864,201900008395,4,23,08:54,1,2,1,1.0,3.0,49007,MIMOSAS,M,"47,4813800"," -0,5234400",49,2019,50.0,1.0,1.0,4.0,2161144,1.0,1,1,1,0.0,,-1.0,0,1968.0,A01,138Â 290Â 804,1.0,8.0,-1.0,1650093,1.0,32,,0.0,2.0,9.0,B01,138Â 290Â 803,1.0
966864,201900008395,4,23,08:54,1,2,1,1.0,3.0,49007,MIMOSAS,M,"47,4813800"," -0,5234400",49,2019,50.0,1.0,1.0,4.0,2161144,1.0,1,1,1,0.0,,-1.0,0,1968.0,A01,138Â 290Â 804,1.0,8.0,-1.0,1650094,1.0,7,,0.0,2.0,2.0,A01,138Â 290Â 804,1.0
966865,201900008396,4,23,08:21,1,2,1,1.0,4.0,49007,JOXE AVENUE,M,"47,4840300"," -0,5414500",49,2019,50.0,1.0,1.0,4.0,2161145,1.0,1,4,1,0.0,,-1.0,0,1956.0,B01,138Â 290Â 800,1.0,8.0,-1.0,1650095,1.0,7,,0.0,2.0,9.0,B01,138Â 290Â 800,1.0
966865,201900008396,4,23,08:21,1,2,1,1.0,4.0,49007,JOXE AVENUE,M,"47,4840300"," -0,5414500",49,2019,50.0,1.0,1.0,4.0,2161145,1.0,1,4,1,0.0,,-1.0,0,1956.0,B01,138Â 290Â 800,1.0,8.0,-1.0,1650096,1.0,7,,0.0,2.0,4.0,C01,138Â 290Â 801,1.0
966865,201900008396,4,23,08:21,1,2,1,1.0,4.0,49007,JOXE AVENUE,M,"47,4840300"," -0,5414500",49,2019,50.0,1.0,1.0,4.0,2161145,1.0,1,4,1,0.0,,-1.0,0,1956.0,B01,138Â 290Â 800,1.0,8.0,-1.0,1650097,1.0,7,,0.0,2.0,1.0,A01,138Â 290Â 802,1.0
966865,201900008396,4,23,08:21,1,2,1,1.0,4.0,49007,JOXE AVENUE,M,"47,4840300"," -0,5414500",49,2019,50.0,1.0,1.0,4.0,2161146,1.0,1,1,2,0.0,,-1.0,0,1974.0,C01,138Â 290Â 801,1.0,8.0,-1.0,1650095,1.0,7,,0.0,2.0,9.0,B01,138Â 290Â 800,1.0
966865,201900008396,4,23,08:21,1,2,1,1.0,4.0,49007,JOXE AVENUE,M,"47,4840300"," -0,5414500",49,2019,50.0,1.0,1.0,4.0,2161146,1.0,1,1,2,0.0,,-1.0,0,1974.0,C01,138Â 290Â 801,1.0,8.0,-1.0,1650096,1.0,7,,0.0,2.0,4.0,C01,138Â 290Â 801,1.0
966865,201900008396,4,23,08:21,1,2,1,1.0,4.0,49007,JOXE AVENUE,M,"47,4840300"," -0,5414500",49,2019,50.0,1.0,1.0,4.0,2161146,1.0,1,1,2,0.0,,-1.0,0,1974.0,C01,138Â 290Â 801,1.0,8.0,-1.0,1650097,1.0,7,,0.0,2.0,1.0,A01,138Â 290Â 802,1.0
966865,201900008396,4,23,08:21,1,2,1,1.0,4.0,49007,JOXE AVENUE,M,"47,4840300"," -0,5414500",49,2019,50.0,1.0,1.0,4.0,2161147,1.0,1,4,1,0.0,,-1.0,0,1970.0,A01,138Â 290Â 802,1.0,8.0,-1.0,1650095,1.0,7,,0.0,2.0,9.0,B01,138Â 290Â 800,1.0
966865,201900008396,4,23,08:21,1,2,1,1.0,4.0,49007,JOXE AVENUE,M,"47,4840300"," -0,5414500",49,2019,50.0,1.0,1.0,4.0,2161147,1.0,1,4,1,0.0,,-1.0,0,1970.0,A01,138Â 290Â 802,1.0,8.0,-1.0,1650096,1.0,7,,0.0,2.0,4.0,C01,138Â 290Â 801,1.0
966865,201900008396,4,23,08:21,1,2,1,1.0,4.0,49007,JOXE AVENUE,M,"47,4840300"," -0,5414500",49,2019,50.0,1.0,1.0,4.0,2161147,1.0,1,4,1,0.0,,-1.0,0,1970.0,A01,138Â 290Â 802,1.0,8.0,-1.0,1650097,1.0,7,,0.0,2.0,1.0,A01,138Â 290Â 802,1.0
966866,201900008397,4,21,23:04,3,2,1,1.0,6.0,49353,PASTEUR,M,"47,4455700"," -0,4660100",49,2019,50.0,1.0,1.0,4.0,2161148,1.0,1,3,2,0.0,,-1.0,0,1991.0,C01,138Â 290Â 798,2.0,8.0,-1.0,1650098,1.0,2,,0.0,2.0,7.0,C01,138Â 290Â 798,1.0
966866,201900008397,4,21,23:04,3,2,1,1.0,6.0,49353,PASTEUR,M,"47,4455700"," -0,4660100",49,2019,50.0,1.0,1.0,4.0,2161148,1.0,1,3,2,0.0,,-1.0,0,1991.0,C01,138Â 290Â 798,2.0,8.0,-1.0,1650099,1.0,7,,0.0,2.0,1.0,A01,138Â 290Â 799,1.0
966866,201900008397,4,21,23:04,3,2,1,1.0,6.0,49353,PASTEUR,M,"47,4455700"," -0,4660100",49,2019,50.0,1.0,1.0,4.0,2161149,1.0,1,3,1,0.0,,-1.0,0,1973.0,A01,138Â 290Â 799,1.0,8.0,8.0,1650098,1.0,2,,0.0,2.0,7.0,C01,138Â 290Â 798,1.0
966866,201900008397,4,21,23:04,3,2,1,1.0,6.0,49353,PASTEUR,M,"47,4455700"," -0,4660100",49,2019,50.0,1.0,1.0,4.0,2161149,1.0,1,3,1,0.0,,-1.0,0,1973.0,A01,138Â 290Â 799,1.0,8.0,8.0,1650099,1.0,7,,0.0,2.0,1.0,A01,138Â 290Â 799,1.0
966867,201900008398,4,19,13:48,1,2,1,1.0,2.0,49246,HUIT MAI AVENUE,M,"47,4357800"," -0,5199400",49,2019,50.0,1.0,1.0,4.0,2161150,2.0,2,3,2,9.0,,-1.0,0,1936.0,B01,138Â 290Â 796,1.0,0.0,-1.0,1650100,1.0,7,,0.0,2.0,4.0,B01,138Â 290Â 796,1.0
966867,201900008398,4,19,13:48,1,2,1,1.0,2.0,49246,HUIT MAI AVENUE,M,"47,4357800"," -0,5199400",49,2019,50.0,1.0,1.0,4.0,2161150,2.0,2,3,2,9.0,,-1.0,0,1936.0,B01,138Â 290Â 796,1.0,0.0,-1.0,1650101,1.0,7,,0.0,2.0,1.0,A01,138Â 290Â 797,1.0
966867,201900008398,4,19,13:48,1,2,1,1.0,2.0,49246,HUIT MAI AVENUE,M,"47,4357800"," -0,5199400",49,2019,50.0,1.0,1.0,4.0,2161151,1.0,1,1,1,0.0,,-1.0,0,1969.0,B01,138Â 290Â 796,1.0,0.0,-1.0,1650100,1.0,7,,0.0,2.0,4.0,B01,138Â 290Â 796,1.0
966867,201900008398,4,19,13:48,1,2,1,1.0,2.0,49246,HUIT MAI AVENUE,M,"47,4357800"," -0,5199400",49,2019,50.0,1.0,1.0,4.0,2161151,1.0,1,1,1,0.0,,-1.0,0,1969.0,B01,138Â 290Â 796,1.0,0.0,-1.0,1650101,1.0,7,,0.0,2.0,1.0,A01,138Â 290Â 797,1.0
966867,201900008398,4,19,13:48,1,2,1,1.0,2.0,49246,HUIT MAI AVENUE,M,"47,4357800"," -0,5199400",49,2019,50.0,1.0,1.0,4.0,2161152,1.0,1,4,2,4.0,,-1.0,0,1992.0,A01,138Â 290Â 797,1.0,8.0,-1.0,1650100,1.0,7,,0.0,2.0,4.0,B01,138Â 290Â 796,1.0
966867,201900008398,4,19,13:48,1,2,1,1.0,2.0,49246,HUIT MAI AVENUE,M,"47,4357800"," -0,5199400",49,2019,50.0,1.0,1.0,4.0,2161152,1.0,1,4,2,4.0,,-1.0,0,1992.0,A01,138Â 290Â 797,1.0,8.0,-1.0,1650101,1.0,7,,0.0,2.0,1.0,A01,138Â 290Â 797,1.0
966868,201900008399,4,22,16:23,1,2,1,1.0,7.0,49246,BOUTIN DES VIGNES,M,"47,4377700"," -0,5282900",49,2019,50.0,1.0,1.0,4.0,2161153,2.0,2,4,1,0.0,,0.0,0,2004.0,A01,138Â 290Â 795,8.0,0.0,-1.0,1650102,1.0,7,,0.0,1.0,5.0,A01,138Â 290Â 795,1.0
966868,201900008399,4,22,16:23,1,2,1,1.0,7.0,49246,BOUTIN DES VIGNES,M,"47,4377700"," -0,5282900",49,2019,50.0,1.0,1.0,4.0,2161154,1.0,1,1,2,0.0,,-1.0,0,1977.0,A01,138Â 290Â 795,1.0,8.0,-1.0,1650102,1.0,7,,0.0,1.0,5.0,A01,138Â 290Â 795,1.0
966869,201900008400,4,19,12:46,1,2,1,1.0,3.0,49007,BOISNET RUE,M,"47,4740500"," -0,5544700",49,2019,50.0,1.0,1.0,4.0,2161155,1.0,1,1,1,0.0,,-1.0,0,1993.0,A01,138Â 290Â 793,1.0,8.0,-1.0,1650103,1.0,7,,0.0,2.0,1.0,A01,138Â 290Â 793,1.0
966869,201900008400,4,19,12:46,1,2,1,1.0,3.0,49007,BOISNET RUE,M,"47,4740500"," -0,5544700",49,2019,50.0,1.0,1.0,4.0,2161155,1.0,1,1,1,0.0,,-1.0,0,1993.0,A01,138Â 290Â 793,1.0,8.0,-1.0,1650104,1.0,1,,0.0,2.0,0.0,B01,138Â 290Â 794,5.0
966869,201900008400,4,19,12:46,1,2,1,1.0,3.0,49007,BOISNET RUE,M,"47,4740500"," -0,5544700",49,2019,50.0,1.0,1.0,4.0,2161156,1.0,1,4,1,0.0,,-1.0,0,1978.0,B01,138Â 290Â 794,8.0,0.0,-1.0,1650103,1.0,7,,0.0,2.0,1.0,A01,138Â 290Â 793,1.0
966869,201900008400,4,19,12:46,1,2,1,1.0,3.0,49007,BOISNET RUE,M,"47,4740500"," -0,5544700",49,2019,50.0,1.0,1.0,4.0,2161156,1.0,1,4,1,0.0,,-1.0,0,1978.0,B01,138Â 290Â 794,8.0,0.0,-1.0,1650104,1.0,1,,0.0,2.0,0.0,B01,138Â 290Â 794,5.0
966870,201900008401,4,19,23:05,3,2,1,1.0,2.0,49007,ATLANTIQUE  AVENUE DE L',M,"47,4686700"," -0,5646400",49,2019,50.0,1.0,1.0,3.0,2161157,1.0,1,1,2,0.0,,-1.0,0,1983.0,A01,138Â 290Â 791,1.0,8.0,-1.0,1650105,1.0,7,,0.0,2.0,3.0,A01,138Â 290Â 791,1.0
966870,201900008401,4,19,23:05,3,2,1,1.0,2.0,49007,ATLANTIQUE  AVENUE DE L',M,"47,4686700"," -0,5646400",49,2019,50.0,1.0,1.0,3.0,2161157,1.0,1,1,2,0.0,,-1.0,0,1983.0,A01,138Â 290Â 791,1.0,8.0,-1.0,1650106,1.0,2,,0.0,2.0,8.0,B01,138Â 290Â 792,1.0
966870,201900008401,4,19,23:05,3,2,1,1.0,2.0,49007,ATLANTIQUE  AVENUE DE L',M,"47,4686700"," -0,5646400",49,2019,50.0,1.0,1.0,3.0,2161158,2.0,2,4,1,0.0,,-1.0,0,2002.0,B01,138Â 290Â 792,2.0,8.0,-1.0,1650105,1.0,7,,0.0,2.0,3.0,A01,138Â 290Â 791,1.0
966870,201900008401,4,19,23:05,3,2,1,1.0,2.0,49007,ATLANTIQUE  AVENUE DE L',M,"47,4686700"," -0,5646400",49,2019,50.0,1.0,1.0,3.0,2161158,2.0,2,4,1,0.0,,-1.0,0,2002.0,B01,138Â 290Â 792,2.0,8.0,-1.0,1650106,1.0,2,,0.0,2.0,8.0,B01,138Â 290Â 792,1.0
966870,201900008401,4,19,23:05,3,2,1,1.0,2.0,49007,ATLANTIQUE  AVENUE DE L',M,"47,4686700"," -0,5646400",49,2019,50.0,1.0,1.0,3.0,2161159,1.0,1,4,1,9.0,,-1.0,0,2002.0,B01,138Â 290Â 792,2.0,0.0,-1.0,1650105,1.0,7,,0.0,2.0,3.0,A01,138Â 290Â 791,1.0
966870,201900008401,4,19,23:05,3,2,1,1.0,2.0,49007,ATLANTIQUE  AVENUE DE L',M,"47,4686700"," -0,5646400",49,2019,50.0,1.0,1.0,3.0,2161159,1.0,1,4,1,9.0,,-1.0,0,2002.0,B01,138Â 290Â 792,2.0,0.0,-1.0,1650106,1.0,2,,0.0,2.0,8.0,B01,138Â 290Â 792,1.0
966871,201900008402,4,18,13:50,1,2,1,1.0,3.0,49353,AUBINIERE CHEMIN,M,"47,4531600"," -0,4863300",49,2019,50.0,1.0,1.0,4.0,2161160,1.0,1,4,1,0.0,,-1.0,0,1991.0,B01,138Â 290Â 789,2.0,8.0,-1.0,1650107,1.0,1,,0.0,2.0,0.0,B01,138Â 290Â 789,5.0
966871,201900008402,4,18,13:50,1,2,1,1.0,3.0,49353,AUBINIERE CHEMIN,M,"47,4531600"," -0,4863300",49,2019,50.0,1.0,1.0,4.0,2161160,1.0,1,4,1,0.0,,-1.0,0,1991.0,B01,138Â 290Â 789,2.0,8.0,-1.0,1650108,1.0,20,,0.0,2.0,5.0,A01,138Â 290Â 790,1.0
966871,201900008402,4,18,13:50,1,2,1,1.0,3.0,49353,AUBINIERE CHEMIN,M,"47,4531600"," -0,4863300",49,2019,50.0,1.0,1.0,4.0,2161161,1.0,1,1,1,4.0,,-1.0,0,1977.0,A01,138Â 290Â 790,1.0,8.0,-1.0,1650107,1.0,1,,0.0,2.0,0.0,B01,138Â 290Â 789,5.0
966871,201900008402,4,18,13:50,1,2,1,1.0,3.0,49353,AUBINIERE CHEMIN,M,"47,4531600"," -0,4863300",49,2019,50.0,1.0,1.0,4.0,2161161,1.0,1,1,1,4.0,,-1.0,0,1977.0,A01,138Â 290Â 790,1.0,8.0,-1.0,1650108,1.0,20,,0.0,2.0,5.0,A01,138Â 290Â 790,1.0
966872,201900008403,4,18,15:06,1,2,1,1.0,2.0,49007,BEDIER BOULEVARD,M,"47,4510300"," -0,5492500",49,2019,50.0,1.0,1.0,4.0,2161162,1.0,1,1,2,0.0,,-1.0,0,1968.0,B01,138Â 290Â 787,1.0,8.0,-1.0,1650109,1.0,7,,0.0,2.0,1.0,B01,138Â 290Â 787,1.0
966872,201900008403,4,18,15:06,1,2,1,1.0,2.0,49007,BEDIER BOULEVARD,M,"47,4510300"," -0,5492500",49,2019,50.0,1.0,1.0,4.0,2161162,1.0,1,1,2,0.0,,-1.0,0,1968.0,B01,138Â 290Â 787,1.0,8.0,-1.0,1650110,1.0,7,,0.0,2.0,4.0,A01,138Â 290Â 788,1.0
966872,201900008403,4,18,15:06,1,2,1,1.0,2.0,49007,BEDIER BOULEVARD,M,"47,4510300"," -0,5492500",49,2019,50.0,1.0,1.0,4.0,2161163,1.0,1,4,2,0.0,,-1.0,0,1968.0,A01,138Â 290Â 788,1.0,8.0,-1.0,1650109,1.0,7,,0.0,2.0,1.0,B01,138Â 290Â 787,1.0
966872,201900008403,4,18,15:06,1,2,1,1.0,2.0,49007,BEDIER BOULEVARD,M,"47,4510300"," -0,5492500",49,2019,50.0,1.0,1.0,4.0,2161163,1.0,1,4,2,0.0,,-1.0,0,1968.0,A01,138Â 290Â 788,1.0,8.0,-1.0,1650110,1.0,7,,0.0,2.0,4.0,A01,138Â 290Â 788,1.0
966873,201900008404,4,18,19:45,1,2,1,1.0,6.0,49246,BELLE POULE LEVEE,M,"47,4241700"," -0,4989400",49,2019,50.0,1.0,1.0,4.0,2161164,2.0,2,4,2,0.0,,-1.0,0,2000.0,A01,138Â 290Â 786,2.0,8.0,-1.0,1650111,1.0,33,,14.0,0.0,1.0,A01,138Â 290Â 786,1.0
966873,201900008404,4,18,19:45,1,2,1,1.0,6.0,49246,BELLE POULE LEVEE,M,"47,4241700"," -0,4989400",49,2019,50.0,1.0,1.0,4.0,2161165,1.0,1,4,1,0.0,,-1.0,0,1998.0,A01,138Â 290Â 786,2.0,8.0,-1.0,1650111,1.0,33,,14.0,0.0,1.0,A01,138Â 290Â 786,1.0
966874,201900008405,4,17,08:15,1,2,1,1.0,4.0,49353,A87N,M,"47,4555300"," -0,5157800",49,2019,90.0,1.0,1.0,1.0,2161166,1.0,1,1,1,0.0,,-1.0,0,1979.0,A01,138Â 290Â 783,1.0,8.0,-1.0,1650112,1.0,20,,0.0,2.0,0.0,A01,138Â 290Â 783,0.0
966874,201900008405,4,17,08:15,1,2,1,1.0,4.0,49353,A87N,M,"47,4555300"," -0,5157800",49,2019,90.0,1.0,1.0,1.0,2161166,1.0,1,1,1,0.0,,-1.0,0,1979.0,A01,138Â 290Â 783,1.0,8.0,-1.0,1650113,1.0,7,,0.0,2.0,1.0,C01,138Â 290Â 784,1.0
966874,201900008405,4,17,08:15,1,2,1,1.0,4.0,49353,A87N,M,"47,4555300"," -0,5157800",49,2019,90.0,1.0,1.0,1.0,2161166,1.0,1,1,1,0.0,,-1.0,0,1979.0,A01,138Â 290Â 783,1.0,8.0,-1.0,1650114,1.0,7,,0.0,6.0,6.0,B01,138Â 290Â 785,1.0
966874,201900008405,4,17,08:15,1,2,1,1.0,4.0,49353,A87N,M,"47,4555300"," -0,5157800",49,2019,90.0,1.0,1.0,1.0,2161167,1.0,1,4,2,0.0,,-1.0,0,1990.0,C01,138Â 290Â 784,1.0,8.0,-1.0,1650112,1.0,20,,0.0,2.0,0.0,A01,138Â 290Â 783,0.0
966874,201900008405,4,17,08:15,1,2,1,1.0,4.0,49353,A87N,M,"47,4555300"," -0,5157800",49,2019,90.0,1.0,1.0,1.0,2161167,1.0,1,4,2,0.0,,-1.0,0,1990.0,C01,138Â 290Â 784,1.0,8.0,-1.0,1650113,1.0,7,,0.0,2.0,1.0,C01,138Â 290Â 784,1.0
966874,201900008405,4,17,08:15,1,2,1,1.0,4.0,49353,A87N,M,"47,4555300"," -0,5157800",49,2019,90.0,1.0,1.0,1.0,2161167,1.0,1,4,2,0.0,,-1.0,0,1990.0,C01,138Â 290Â 784,1.0,8.0,-1.0,1650114,1.0,7,,0.0,6.0,6.0,B01,138Â 290Â 785,1.0
966874,201900008405,4,17,08:15,1,2,1,1.0,4.0,49353,A87N,M,"47,4555300"," -0,5157800",49,2019,90.0,1.0,1.0,1.0,2161168,2.0,2,4,2,0.0,,-1.0,0,1976.0,B01,138Â 290Â 785,1.0,8.0,-1.0,1650112,1.0,20,,0.0,2.0,0.0,A01,138Â 290Â 783,0.0
966874,201900008405,4,17,08:15,1,2,1,1.0,4.0,49353,A87N,M,"47,4555300"," -0,5157800",49,2019,90.0,1.0,1.0,1.0,2161168,2.0,2,4,2,0.0,,-1.0,0,1976.0,B01,138Â 290Â 785,1.0,8.0,-1.0,1650113,1.0,7,,0.0,2.0,1.0,C01,138Â 290Â 784,1.0
966874,201900008405,4,17,08:15,1,2,1,1.0,4.0,49353,A87N,M,"47,4555300"," -0,5157800",49,2019,90.0,1.0,1.0,1.0,2161168,2.0,2,4,2,0.0,,-1.0,0,1976.0,B01,138Â 290Â 785,1.0,8.0,-1.0,1650114,1.0,7,,0.0,6.0,6.0,B01,138Â 290Â 785,1.0
966874,201900008405,4,17,08:15,1,2,1,1.0,4.0,49353,A87N,M,"47,4555300"," -0,5157800",49,2019,90.0,1.0,1.0,1.0,2161169,1.0,1,4,1,0.0,,-1.0,0,1976.0,B01,138Â 290Â 785,1.0,8.0,-1.0,1650112,1.0,20,,0.0,2.0,0.0,A01,138Â 290Â 783,0.0
966874,201900008405,4,17,08:15,1,2,1,1.0,4.0,49353,A87N,M,"47,4555300"," -0,5157800",49,2019,90.0,1.0,1.0,1.0,2161169,1.0,1,4,1,0.0,,-1.0,0,1976.0,B01,138Â 290Â 785,1.0,8.0,-1.0,1650113,1.0,7,,0.0,2.0,1.0,C01,138Â 290Â 784,1.0
966874,201900008405,4,17,08:15,1,2,1,1.0,4.0,49353,A87N,M,"47,4555300"," -0,5157800",49,2019,90.0,1.0,1.0,1.0,2161169,1.0,1,4,1,0.0,,-1.0,0,1976.0,B01,138Â 290Â 785,1.0,8.0,-1.0,1650114,1.0,7,,0.0,6.0,6.0,B01,138Â 290Â 785,1.0
966875,201900008406,4,17,16:09,1,2,1,1.0,6.0,49007,PATTON AVENUE,M,"47,4737400"," -0,5836200",49,2019,50.0,1.0,1.0,4.0,2161170,10.0,3,4,2,0.0,,1.0,3,1961.0,A01,138Â 290Â 782,0.0,0.0,0.0,1650115,1.0,7,,0.0,1.0,4.0,A01,138Â 290Â 782,1.0
966875,201900008406,4,17,16:09,1,2,1,1.0,6.0,49007,PATTON AVENUE,M,"47,4737400"," -0,5836200",49,2019,50.0,1.0,1.0,4.0,2161171,1.0,1,1,1,0.0,,-1.0,0,1988.0,A01,138Â 290Â 782,1.0,8.0,-1.0,1650115,1.0,7,,0.0,1.0,4.0,A01,138Â 290Â 782,1.0
966876,201900008407,4,17,01:25,5,2,1,1.0,3.0,49007,BRISSAC,M,"47,4602400"," -0,5472600",49,2019,50.0,1.0,1.0,4.0,2161172,1.0,1,4,1,0.0,,-1.0,0,1997.0,A01,138Â 290Â 780,1.0,8.0,-1.0,1650116,1.0,7,,0.0,2.0,6.0,A01,138Â 290Â 780,1.0
966876,201900008407,4,17,01:25,5,2,1,1.0,3.0,49007,BRISSAC,M,"47,4602400"," -0,5472600",49,2019,50.0,1.0,1.0,4.0,2161172,1.0,1,4,1,0.0,,-1.0,0,1997.0,A01,138Â 290Â 780,1.0,8.0,-1.0,1650117,1.0,7,,0.0,2.0,0.0,B01,138Â 290Â 781,1.0
966876,201900008407,4,17,01:25,5,2,1,1.0,3.0,49007,BRISSAC,M,"47,4602400"," -0,5472600",49,2019,50.0,1.0,1.0,4.0,2161173,1.0,1,1,1,0.0,,-1.0,0,1974.0,B01,138Â 290Â 781,1.0,0.0,-1.0,1650116,1.0,7,,0.0,2.0,6.0,A01,138Â 290Â 780,1.0
966876,201900008407,4,17,01:25,5,2,1,1.0,3.0,49007,BRISSAC,M,"47,4602400"," -0,5472600",49,2019,50.0,1.0,1.0,4.0,2161173,1.0,1,1,1,0.0,,-1.0,0,1974.0,B01,138Â 290Â 781,1.0,0.0,-1.0,1650117,1.0,7,,0.0,2.0,0.0,B01,138Â 290Â 781,1.0
966877,201900008408,4,17,12:40,1,2,9,1.0,3.0,47323,BIAS (AVENUE DE),M,"44,4103920","0,6959770",47,2019,30.0,1.0,1.0,3.0,2161174,1.0,1,1,2,0.0,,0.0,0,1978.0,B01,138Â 290Â 778,1.0,8.0,-1.0,1650118,1.0,7,,0.0,2.0,8.0,B01,138Â 290Â 778,1.0
966877,201900008408,4,17,12:40,1,2,9,1.0,3.0,47323,BIAS (AVENUE DE),M,"44,4103920","0,6959770",47,2019,30.0,1.0,1.0,3.0,2161174,1.0,1,1,2,0.0,,0.0,0,1978.0,B01,138Â 290Â 778,1.0,8.0,-1.0,1650119,1.0,30,,0.0,2.0,1.0,A01,138Â 290Â 779,1.0
966877,201900008408,4,17,12:40,1,2,9,1.0,3.0,47323,BIAS (AVENUE DE),M,"44,4103920","0,6959770",47,2019,30.0,1.0,1.0,3.0,2161175,1.0,1,3,1,5.0,,-1.0, -1,2003.0,A01,138Â 290Â 779,2.0,0.0,-1.0,1650118,1.0,7,,0.0,2.0,8.0,B01,138Â 290Â 778,1.0
966877,201900008408,4,17,12:40,1,2,9,1.0,3.0,47323,BIAS (AVENUE DE),M,"44,4103920","0,6959770",47,2019,30.0,1.0,1.0,3.0,2161175,1.0,1,3,1,5.0,,-1.0, -1,2003.0,A01,138Â 290Â 779,2.0,0.0,-1.0,1650119,1.0,30,,0.0,2.0,1.0,A01,138Â 290Â 779,1.0
966878,201900008409,4,24,17:15,1,2,1,1.0,3.0,47031,AllÃ©e Larroumet et Lagarde,M,"44,1769900","0,6248400",47,2019,50.0,1.0,1.0,4.0,2161176,1.0,1,3,1,3.0,,-1.0,0,1997.0,A01,138Â 290Â 776,2.0,8.0,-1.0,1650120,1.0,33,,0.0,2.0,1.0,A01,138Â 290Â 776,1.0
966878,201900008409,4,24,17:15,1,2,1,1.0,3.0,47031,AllÃ©e Larroumet et Lagarde,M,"44,1769900","0,6248400",47,2019,50.0,1.0,1.0,4.0,2161176,1.0,1,3,1,3.0,,-1.0,0,1997.0,A01,138Â 290Â 776,2.0,8.0,-1.0,1650121,2.0,7,,0.0,2.0,1.0,B01,138Â 290Â 777,1.0
966878,201900008409,4,24,17:15,1,2,1,1.0,3.0,47031,AllÃ©e Larroumet et Lagarde,M,"44,1769900","0,6248400",47,2019,50.0,1.0,1.0,4.0,2161177,1.0,1,4,2,5.0,,0.0, -1,2000.0,B01,138Â 290Â 777,1.0,0.0,-1.0,1650120,1.0,33,,0.0,2.0,1.0,A01,138Â 290Â 776,1.0
966878,201900008409,4,24,17:15,1,2,1,1.0,3.0,47031,AllÃ©e Larroumet et Lagarde,M,"44,1769900","0,6248400",47,2019,50.0,1.0,1.0,4.0,2161177,1.0,1,4,2,5.0,,0.0, -1,2000.0,B01,138Â 290Â 777,1.0,0.0,-1.0,1650121,2.0,7,,0.0,2.0,1.0,B01,138Â 290Â 777,1.0
966879,201900008410,4,20,17:30,1,1,1,1.0,2.0,46156,GRAND'RUE,M,"44,4716660","1,4786510",46,2019,80.0,1.0,1.0,3.0,2161178,1.0,1,1,2,5.0,,-1.0, -1,1983.0,A01,138Â 290Â 774,1.0,8.0,-1.0,1650122,2.0,7,,0.0,2.0,4.0,A01,138Â 290Â 774,1.0
966879,201900008410,4,20,17:30,1,1,1,1.0,2.0,46156,GRAND'RUE,M,"44,4716660","1,4786510",46,2019,80.0,1.0,1.0,3.0,2161178,1.0,1,1,2,5.0,,-1.0, -1,1983.0,A01,138Â 290Â 774,1.0,8.0,-1.0,1650123,2.0,1,,0.0,2.0,4.0,B01,138Â 290Â 775,0.0
966879,201900008410,4,20,17:30,1,1,1,1.0,2.0,46156,GRAND'RUE,M,"44,4716660","1,4786510",46,2019,80.0,1.0,1.0,3.0,2161179,1.0,1,3,1,5.0,,-1.0, -1,1952.0,B01,138Â 290Â 775,8.0,0.0,-1.0,1650122,2.0,7,,0.0,2.0,4.0,A01,138Â 290Â 774,1.0