Unnamed: 0_x,num_acc,mois,jour,hrmn,lum,agg,int,atm,col,com,adr,gps,lat,long,dep,annee,vma,situ,surf,catr,Unnamed: 0_y,place,catu,grav,sexe,trajet,secu,locp,actp,an_nais,num_veh_x,id_vehicule_x,secu1,secu2,secu3,Unnamed: 0,senc,catv,occutc,obs,obsm,choc,num_veh_y,id_vehicule_y,motor
966879,201900008410,4,20,17:30,1,1,1,1.0,2.0,46156,GRAND'RUE,M,"44,4716660","1,4786510",46,2019,80.0,1.0,1.0,3.0,2161179,1.0,1,3,1,5.0,,-1.0, -1,1952.0,B01,138Â 290Â 775,8.0,0.0,-1.0,1650123,2.0,1,,0.0,2.0,4.0,B01,138Â 290Â 775,0.0
966880,201900008411,4,25,17:25,1,2,1,2.0,6.0,45285,chemin de Chaingy,M,"47,9020000","1,8600000",45,2019,50.0,1.0,2.0,4.0,2161180,10.0,3,4,2,9.0,,4.0,3,2001.0,A01,138Â 290Â 773,8.0,0.0,-1.0,1650124,3.0,7,,0.0,1.0,1.0,A01,138Â 290Â 773,1.0
966880,201900008411,4,25,17:25,1,2,1,2.0,6.0,45285,chemin de Chaingy,M,"47,9020000","1,8600000",45,2019,50.0,1.0,2.0,4.0,2161181,1.0,1,1,1,0.0,,0.0,0,1989.0,A01,138Â 290Â 773,1.0,8.0,-1.0,1650124,3.0,7,,0.0,1.0,1.0,A01,138Â 290Â 773,1.0
966881,201900008412,4,24,09:52,1,2,3,1.0,3.0,45285,RUE PAUL DOUMER - RUE DE LA BATE,M,"47,9083370","1,8772450",45,2019,50.0,1.0,1.0,4.0,2161182,1.0,1,1,1,0.0,,0.0,0,1948.0,B01,138Â 290Â 771,1.0,0.0,-1.0,1650125,3.0,7,,0.0,2.0,3.0,B01,138Â 290Â 771,1.0
966881,201900008412,4,24,09:52,1,2,3,1.0,3.0,45285,RUE PAUL DOUMER - RUE DE LA BATE,M,"47,9083370","1,8772450",45,2019,50.0,1.0,1.0,4.0,2161182,1.0,1,1,1,0.0,,0.0,0,1948.0,B01,138Â 290Â 771,1.0,0.0,-1.0,1650126,3.0,32,,0.0,2.0,1.0,A01,138Â 290Â 772,1.0
966881,201900008412,4,24,09:52,1,2,3,1.0,3.0,45285,RUE PAUL DOUMER - RUE DE LA BATE,M,"47,9083370","1,8772450",45,2019,50.0,1.0,1.0,4.0,2161183,1.0,1,4,1,0.0,,0.0,0,2000.0,A01,138Â 290Â 772,8.0,0.0,-1.0,1650125,3.0,7,,0.0,2.0,3.0,B01,138Â 290Â 771,1.0
966881,201900008412,4,24,09:52,1,2,3,1.0,3.0,45285,RUE PAUL DOUMER - RUE DE LA BATE,M,"47,9083370","1,8772450",45,2019,50.0,1.0,1.0,4.0,2161183,1.0,1,4,1,0.0,,0.0,0,2000.0,A01,138Â 290Â 772,8.0,0.0,-1.0,1650126,3.0,32,,0.0,2.0,1.0,A01,138Â 290Â 772,1.0
966882,201900008413,4,23,11:45,1,2,5,1.0,6.0,45234,163 FB ST VINCENT - BD MARIE STUART,M,"47,9125953","1,9156518",45,2019,50.0,1.0,1.0,4.0,2161184,10.0,3,4,2,2.0,,4.0,3,2014.0,A01,138Â 290Â 770,8.0,0.0,-1.0,1650127,2.0,7,,0.0,1.0,1.0,A01,138Â 290Â 770,1.0
966882,201900008413,4,23,11:45,1,2,5,1.0,6.0,45234,163 FB ST VINCENT - BD MARIE STUART,M,"47,9125953","1,9156518",45,2019,50.0,1.0,1.0,4.0,2161185,1.0,1,1,1,5.0,,0.0,0,1995.0,A01,138Â 290Â 770,1.0,0.0,-1.0,1650127,2.0,7,,0.0,1.0,1.0,A01,138Â 290Â 770,1.0
966883,201900008414,4,20,12:20,1,2,1,1.0,7.0,45075,RUE DES HAUTS,M,"47,8872300","1,8355400",45,2019,50.0,1.0,1.0,4.0,2161186,1.0,1,4,1,5.0,,0.0,0,2004.0,A01,138Â 290Â 769,2.0,6.0,-1.0,1650128,2.0,30,,0.0,0.0,1.0,A01,138Â 290Â 769,1.0
966884,201900008415,4,19,19:25,1,2,1,1.0,1.0,45147,RUE JULES FERRY,M,"47,9375200","1,9041900",45,2019,50.0,1.0,1.0,4.0,2161187,1.0,1,4,2,1.0,,0.0,0,1992.0,B01,138Â 290Â 767,8.0,0.0,-1.0,1650129,2.0,7,,0.0,2.0,3.0,B01,138Â 290Â 767,1.0
966884,201900008415,4,19,19:25,1,2,1,1.0,1.0,45147,RUE JULES FERRY,M,"47,9375200","1,9041900",45,2019,50.0,1.0,1.0,4.0,2161187,1.0,1,4,2,1.0,,0.0,0,1992.0,B01,138Â 290Â 767,8.0,0.0,-1.0,1650130,1.0,7,,0.0,2.0,3.0,A01,138Â 290Â 768,1.0
966884,201900008415,4,19,19:25,1,2,1,1.0,1.0,45147,RUE JULES FERRY,M,"47,9375200","1,9041900",45,2019,50.0,1.0,1.0,4.0,2161188,1.0,1,1,1,5.0,,0.0,0,1993.0,A01,138Â 290Â 768,8.0,0.0,-1.0,1650129,2.0,7,,0.0,2.0,3.0,B01,138Â 290Â 767,1.0
966884,201900008415,4,19,19:25,1,2,1,1.0,1.0,45147,RUE JULES FERRY,M,"47,9375200","1,9041900",45,2019,50.0,1.0,1.0,4.0,2161188,1.0,1,1,1,5.0,,0.0,0,1993.0,A01,138Â 290Â 768,8.0,0.0,-1.0,1650130,1.0,7,,0.0,2.0,3.0,A01,138Â 290Â 768,1.0
966885,201900008416,4,18,18:12,1,2,3,1.0,3.0,45286,AV GASTON GALLOUX - RUE DEMAY,M,"47,8852813","1,9244270",45,2019,50.0,1.0,1.0,4.0,2161189,1.0,1,1,1,0.0,,0.0,0,1999.0,A01,138Â 290Â 765,1.0,0.0,-1.0,1650131,2.0,7,,0.0,6.0,7.0,A01,138Â 290Â 765,1.0
966885,201900008416,4,18,18:12,1,2,3,1.0,3.0,45286,AV GASTON GALLOUX - RUE DEMAY,M,"47,8852813","1,9244270",45,2019,50.0,1.0,1.0,4.0,2161189,1.0,1,1,1,0.0,,0.0,0,1999.0,A01,138Â 290Â 765,1.0,0.0,-1.0,1650132,2.0,1,,0.0,2.0,1.0,B01,138Â 290Â 766,5.0
966885,201900008416,4,18,18:12,1,2,3,1.0,3.0,45286,AV GASTON GALLOUX - RUE DEMAY,M,"47,8852813","1,9244270",45,2019,50.0,1.0,1.0,4.0,2161190,1.0,1,4,2,1.0,,0.0,0,1957.0,B01,138Â 290Â 766,8.0,0.0,-1.0,1650131,2.0,7,,0.0,6.0,7.0,A01,138Â 290Â 765,1.0
966885,201900008416,4,18,18:12,1,2,3,1.0,3.0,45286,AV GASTON GALLOUX - RUE DEMAY,M,"47,8852813","1,9244270",45,2019,50.0,1.0,1.0,4.0,2161190,1.0,1,4,2,1.0,,0.0,0,1957.0,B01,138Â 290Â 766,8.0,0.0,-1.0,1650132,2.0,1,,0.0,2.0,1.0,B01,138Â 290Â 766,5.0
966886,201900008417,4,27,14:50,1,2,1,8.0,2.0,45004,AVENUE D'ANTIBES,M,"47,9778900","2,7331600",45,2019,50.0,1.0,2.0,3.0,2161191,1.0,1,4,2,5.0,,0.0,0,1979.0,B01,138Â 290Â 763,1.0,0.0,-1.0,1650133,1.0,7,,0.0,0.0,4.0,B01,138Â 290Â 763,1.0
966886,201900008417,4,27,14:50,1,2,1,8.0,2.0,45004,AVENUE D'ANTIBES,M,"47,9778900","2,7331600",45,2019,50.0,1.0,2.0,3.0,2161191,1.0,1,4,2,5.0,,0.0,0,1979.0,B01,138Â 290Â 763,1.0,0.0,-1.0,1650134,1.0,7,,0.0,2.0,1.0,A01,138Â 290Â 764,1.0
966886,201900008417,4,27,14:50,1,2,1,8.0,2.0,45004,AVENUE D'ANTIBES,M,"47,9778900","2,7331600",45,2019,50.0,1.0,2.0,3.0,2161192,1.0,1,1,2,5.0,,0.0,0,1999.0,A01,138Â 290Â 764,1.0,0.0,-1.0,1650133,1.0,7,,0.0,0.0,4.0,B01,138Â 290Â 763,1.0
966886,201900008417,4,27,14:50,1,2,1,8.0,2.0,45004,AVENUE D'ANTIBES,M,"47,9778900","2,7331600",45,2019,50.0,1.0,2.0,3.0,2161192,1.0,1,1,2,5.0,,0.0,0,1999.0,A01,138Â 290Â 764,1.0,0.0,-1.0,1650134,1.0,7,,0.0,2.0,1.0,A01,138Â 290Â 764,1.0
966887,201900008418,4,25,13:25,1,2,6,2.0,6.0,45004,RUE DE L'EUROPE,M,"47,9778009","2,7292065",45,2019,50.0,1.0,2.0,4.0,2161193,1.0,1,1,2,0.0,,0.0,0,1968.0,A01,138Â 290Â 762,1.0,8.0,-1.0,1650135,2.0,7,,9.0,1.0,1.0,A01,138Â 290Â 762,1.0
966887,201900008418,4,25,13:25,1,2,6,2.0,6.0,45004,RUE DE L'EUROPE,M,"47,9778009","2,7292065",45,2019,50.0,1.0,2.0,4.0,2161194,10.0,3,3,1,0.0,,3.0,3,1968.0,A01,138Â 290Â 762,8.0,0.0,-1.0,1650135,2.0,7,,9.0,1.0,1.0,A01,138Â 290Â 762,1.0
966888,201900008419,4,24,19:45,1,2,3,1.0,3.0,45208,RUE DU 23 AOUT 1944 - AV LOUIS PHILIPPON,M,"48,0040500","2,7246300",45,2019,50.0,1.0,1.0,3.0,2161195,1.0,1,1,1,5.0,,0.0,0,1974.0,B01,138Â 290Â 760,1.0,8.0,-1.0,1650136,1.0,7,,0.0,2.0,3.0,B01,138Â 290Â 760,1.0
966888,201900008419,4,24,19:45,1,2,3,1.0,3.0,45208,RUE DU 23 AOUT 1944 - AV LOUIS PHILIPPON,M,"48,0040500","2,7246300",45,2019,50.0,1.0,1.0,3.0,2161195,1.0,1,1,1,5.0,,0.0,0,1974.0,B01,138Â 290Â 760,1.0,8.0,-1.0,1650137,1.0,33,,0.0,2.0,1.0,A01,138Â 290Â 761,1.0
966888,201900008419,4,24,19:45,1,2,3,1.0,3.0,45208,RUE DU 23 AOUT 1944 - AV LOUIS PHILIPPON,M,"48,0040500","2,7246300",45,2019,50.0,1.0,1.0,3.0,2161196,1.0,1,3,1,5.0,,0.0,0,1998.0,A01,138Â 290Â 761,2.0,6.0,-1.0,1650136,1.0,7,,0.0,2.0,3.0,B01,138Â 290Â 760,1.0
966888,201900008419,4,24,19:45,1,2,3,1.0,3.0,45208,RUE DU 23 AOUT 1944 - AV LOUIS PHILIPPON,M,"48,0040500","2,7246300",45,2019,50.0,1.0,1.0,3.0,2161196,1.0,1,3,1,5.0,,0.0,0,1998.0,A01,138Â 290Â 761,2.0,6.0,-1.0,1650137,1.0,33,,0.0,2.0,1.0,A01,138Â 290Â 761,1.0
966889,201900008420,4,21,13:30,1,2,1,1.0,7.0,45068,10 RUE LUCIE AUBRAC,M,"48,0165400","2,7043500",45,2019,50.0,1.0,1.0,4.0,2161197,1.0,1,1,1,5.0,,0.0,0,2002.0,A01,138Â 290Â 759,0.0,0.0,-1.0,1650138,2.0,33,,0.0,0.0,0.0,A01,138Â 290Â 759,1.0
966889,201900008420,4,21,13:30,1,2,1,1.0,7.0,45068,10 RUE LUCIE AUBRAC,M,"48,0165400","2,7043500",45,2019,50.0,1.0,1.0,4.0,2161198,2.0,2,3,1,5.0,,0.0,0,2001.0,A01,138Â 290Â 759,0.0,0.0,-1.0,1650138,2.0,33,,0.0,0.0,0.0,A01,138Â 290Â 759,1.0
966890,201900008421,4,20,13:15,1,2,2,1.0,3.0,45208,RUE EMILE DECOURT,M,"47,9982800","2,7463800",45,2019,50.0,1.0,1.0,4.0,2161199,1.0,1,3,1,0.0,,0.0,0,1987.0,A01,138Â 290Â 757,2.0,8.0,-1.0,1650139,0.0,33,,6.0,2.0,1.0,A01,138Â 290Â 757,1.0
966890,201900008421,4,20,13:15,1,2,2,1.0,3.0,45208,RUE EMILE DECOURT,M,"47,9982800","2,7463800",45,2019,50.0,1.0,1.0,4.0,2161199,1.0,1,3,1,0.0,,0.0,0,1987.0,A01,138Â 290Â 757,2.0,8.0,-1.0,1650140,0.0,10,,0.0,2.0,2.0,B01,138Â 290Â 758,1.0
966890,201900008421,4,20,13:15,1,2,2,1.0,3.0,45208,RUE EMILE DECOURT,M,"47,9982800","2,7463800",45,2019,50.0,1.0,1.0,4.0,2161200,2.0,2,1,1,4.0,,0.0,0,1978.0,B01,138Â 290Â 758,8.0,8.0,-1.0,1650139,0.0,33,,6.0,2.0,1.0,A01,138Â 290Â 757,1.0
966890,201900008421,4,20,13:15,1,2,2,1.0,3.0,45208,RUE EMILE DECOURT,M,"47,9982800","2,7463800",45,2019,50.0,1.0,1.0,4.0,2161200,2.0,2,1,1,4.0,,0.0,0,1978.0,B01,138Â 290Â 758,8.0,8.0,-1.0,1650140,0.0,10,,0.0,2.0,2.0,B01,138Â 290Â 758,1.0
966890,201900008421,4,20,13:15,1,2,2,1.0,3.0,45208,RUE EMILE DECOURT,M,"47,9982800","2,7463800",45,2019,50.0,1.0,1.0,4.0,2161201,1.0,1,1,1,4.0,,0.0,0,1982.0,B01,138Â 290Â 758,8.0,8.0,-1.0,1650139,0.0,33,,6.0,2.0,1.0,A01,138Â 290Â 757,1.0
966890,201900008421,4,20,13:15,1,2,2,1.0,3.0,45208,RUE EMILE DECOURT,M,"47,9982800","2,7463800",45,2019,50.0,1.0,1.0,4.0,2161201,1.0,1,1,1,4.0,,0.0,0,1982.0,B01,138Â 290Â 758,8.0,8.0,-1.0,1650140,0.0,10,,0.0,2.0,2.0,B01,138Â 290Â 758,1.0
966891,201900008422,4,24,17:00,1,2,2,1.0,3.0,44184,RUES DE LA PAIX ET DES ARTS / MAINE,M,"47,2767800"," -2,2111620",44,2019,30.0,1.0,1.0,4.0,2161202,1.0,1,4,1,5.0,,0.0,0,2004.0,A01,138Â 290Â 755,8.0,0.0,-1.0,1650141,3.0,1,,0.0,2.0,6.0,A01,138Â 290Â 755,6.0
966891,201900008422,4,24,17:00,1,2,2,1.0,3.0,44184,RUES DE LA PAIX ET DES ARTS / MAINE,M,"47,2767800"," -2,2111620",44,2019,30.0,1.0,1.0,4.0,2161202,1.0,1,4,1,5.0,,0.0,0,2004.0,A01,138Â 290Â 755,8.0,0.0,-1.0,1650142,3.0,7,,0.0,2.0,6.0,B01,138Â 290Â 756,1.0
966891,201900008422,4,24,17:00,1,2,2,1.0,3.0,44184,RUES DE LA PAIX ET DES ARTS / MAINE,M,"47,2767800"," -2,2111620",44,2019,30.0,1.0,1.0,4.0,2161203,1.0,1,1,2,1.0,,0.0,0,1998.0,B01,138Â 290Â 756,1.0,0.0,-1.0,1650141,3.0,1,,0.0,2.0,6.0,A01,138Â 290Â 755,6.0
966891,201900008422,4,24,17:00,1,2,2,1.0,3.0,44184,RUES DE LA PAIX ET DES ARTS / MAINE,M,"47,2767800"," -2,2111620",44,2019,30.0,1.0,1.0,4.0,2161203,1.0,1,1,2,1.0,,0.0,0,1998.0,B01,138Â 290Â 756,1.0,0.0,-1.0,1650142,3.0,7,,0.0,2.0,6.0,B01,138Â 290Â 756,1.0
966892,201900008423,4,24,15:20,1,2,1,1.0,3.0,44184,LEFERME (BOULEVARD PAUL),M,"47,2794500"," -2,2027400",44,2019,50.0,1.0,9.0,4.0,2161204,1.0,1,1,1,4.0,,0.0,0,1992.0,B01,138Â 290Â 753,1.0,8.0,-1.0,1650143,3.0,15,,0.0,2.0,7.0,B01,138Â 290Â 753,1.0
966892,201900008423,4,24,15:20,1,2,1,1.0,3.0,44184,LEFERME (BOULEVARD PAUL),M,"47,2794500"," -2,2027400",44,2019,50.0,1.0,9.0,4.0,2161204,1.0,1,1,1,4.0,,0.0,0,1992.0,B01,138Â 290Â 753,1.0,8.0,-1.0,1650144,3.0,32,,0.0,2.0,1.0,A01,138Â 290Â 754,1.0
966892,201900008423,4,24,15:20,1,2,1,1.0,3.0,44184,LEFERME (BOULEVARD PAUL),M,"47,2794500"," -2,2027400",44,2019,50.0,1.0,9.0,4.0,2161205,1.0,1,4,1,0.0,,0.0,0,2004.0,A01,138Â 290Â 754,2.0,0.0,-1.0,1650143,3.0,15,,0.0,2.0,7.0,B01,138Â 290Â 753,1.0
966892,201900008423,4,24,15:20,1,2,1,1.0,3.0,44184,LEFERME (BOULEVARD PAUL),M,"47,2794500"," -2,2027400",44,2019,50.0,1.0,9.0,4.0,2161205,1.0,1,4,1,0.0,,0.0,0,2004.0,A01,138Â 290Â 754,2.0,0.0,-1.0,1650144,3.0,32,,0.0,2.0,1.0,A01,138Â 290Â 754,1.0
966893,201900008424,4,22,19:27,1,2,1,1.0,6.0,44184,LE DÃLÃZIR (RUE JOSEPH),M,"47,2412800"," -2,2814000",44,2019,50.0,1.0,1.0,4.0,2161206,4.0,2,1,1,0.0,,0.0,0,2002.0,A01,138Â 290Â 752,1.0,0.0,-1.0,1650145,3.0,7,,1.0,0.0,1.0,A01,138Â 290Â 752,1.0
966893,201900008424,4,22,19:27,1,2,1,1.0,6.0,44184,LE DÃLÃZIR (RUE JOSEPH),M,"47,2412800"," -2,2814000",44,2019,50.0,1.0,1.0,4.0,2161207,2.0,2,4,1,5.0,,0.0,0,2001.0,A01,138Â 290Â 752,1.0,0.0,-1.0,1650145,3.0,7,,1.0,0.0,1.0,A01,138Â 290Â 752,1.0
966893,201900008424,4,22,19:27,1,2,1,1.0,6.0,44184,LE DÃLÃZIR (RUE JOSEPH),M,"47,2412800"," -2,2814000",44,2019,50.0,1.0,1.0,4.0,2161208,1.0,1,4,2,5.0,,0.0,0,2000.0,A01,138Â 290Â 752,1.0,8.0,-1.0,1650145,3.0,7,,1.0,0.0,1.0,A01,138Â 290Â 752,1.0
966893,201900008424,4,22,19:27,1,2,1,1.0,6.0,44184,LE DÃLÃZIR (RUE JOSEPH),M,"47,2412800"," -2,2814000",44,2019,50.0,1.0,1.0,4.0,2161209,3.0,2,1,1,5.0,,0.0,0,2001.0,A01,138Â 290Â 752,1.0,0.0,-1.0,1650145,3.0,7,,1.0,0.0,1.0,A01,138Â 290Â 752,1.0
966894,201900008425,4,19,21:50,5,2,1,1.0,3.0,44184,PRISE D'EAU (AVENUE DE LA),M,"47,2790000"," -2,1972600",44,2019,50.0,1.0,1.0,4.0,2161210,2.0,2,1,2,5.0,,0.0,0,1998.0,A01,138Â 290Â 750,1.0,0.0,-1.0,1650146,3.0,7,,0.0,2.0,3.0,A01,138Â 290Â 750,1.0
966894,201900008425,4,19,21:50,5,2,1,1.0,3.0,44184,PRISE D'EAU (AVENUE DE LA),M,"47,2790000"," -2,1972600",44,2019,50.0,1.0,1.0,4.0,2161210,2.0,2,1,2,5.0,,0.0,0,1998.0,A01,138Â 290Â 750,1.0,0.0,-1.0,1650147,3.0,31,,0.0,2.0,7.0,B01,138Â 290Â 751,1.0
966894,201900008425,4,19,21:50,5,2,1,1.0,3.0,44184,PRISE D'EAU (AVENUE DE LA),M,"47,2790000"," -2,1972600",44,2019,50.0,1.0,1.0,4.0,2161211,1.0,1,1,1,5.0,,0.0,0,1975.0,A01,138Â 290Â 750,1.0,0.0,-1.0,1650146,3.0,7,,0.0,2.0,3.0,A01,138Â 290Â 750,1.0
966894,201900008425,4,19,21:50,5,2,1,1.0,3.0,44184,PRISE D'EAU (AVENUE DE LA),M,"47,2790000"," -2,1972600",44,2019,50.0,1.0,1.0,4.0,2161211,1.0,1,1,1,5.0,,0.0,0,1975.0,A01,138Â 290Â 750,1.0,0.0,-1.0,1650147,3.0,31,,0.0,2.0,7.0,B01,138Â 290Â 751,1.0
966894,201900008425,4,19,21:50,5,2,1,1.0,3.0,44184,PRISE D'EAU (AVENUE DE LA),M,"47,2790000"," -2,1972600",44,2019,50.0,1.0,1.0,4.0,2161212,1.0,1,4,1,1.0,,0.0,0,1989.0,B01,138Â 290Â 751,2.0,6.0,-1.0,1650146,3.0,7,,0.0,2.0,3.0,A01,138Â 290Â 750,1.0
966894,201900008425,4,19,21:50,5,2,1,1.0,3.0,44184,PRISE D'EAU (AVENUE DE LA),M,"47,2790000"," -2,1972600",44,2019,50.0,1.0,1.0,4.0,2161212,1.0,1,4,1,1.0,,0.0,0,1989.0,B01,138Â 290Â 751,2.0,6.0,-1.0,1650147,3.0,31,,0.0,2.0,7.0,B01,138Â 290Â 751,1.0
966895,201900008426,4,28,18:30,2,2,3,2.0,2.0,44109,BD DES ANGLAIS / RUE J.L. GIRAUDET,M,"47,2241700"," -1,5843000",44,2019,50.0,1.0,1.0,7.0,2161213,1.0,1,4,2,0.0,,0.0,0,1986.0,A01,138Â 290Â 748,1.0,0.0,-1.0,1650148,0.0,7,,1.0,2.0,3.0,A01,138Â 290Â 748,1.0
966895,201900008426,4,28,18:30,2,2,3,2.0,2.0,44109,BD DES ANGLAIS / RUE J.L. GIRAUDET,M,"47,2241700"," -1,5843000",44,2019,50.0,1.0,1.0,7.0,2161213,1.0,1,4,2,0.0,,0.0,0,1986.0,A01,138Â 290Â 748,1.0,0.0,-1.0,1650149,0.0,7,,0.0,2.0,5.0,B01,138Â 290Â 749,1.0
966895,201900008426,4,28,18:30,2,2,3,2.0,2.0,44109,BD DES ANGLAIS / RUE J.L. GIRAUDET,M,"47,2241700"," -1,5843000",44,2019,50.0,1.0,1.0,7.0,2161214,1.0,1,1,1,5.0,,0.0,0,1936.0,B01,138Â 290Â 749,1.0,0.0,-1.0,1650148,0.0,7,,1.0,2.0,3.0,A01,138Â 290Â 748,1.0
966895,201900008426,4,28,18:30,2,2,3,2.0,2.0,44109,BD DES ANGLAIS / RUE J.L. GIRAUDET,M,"47,2241700"," -1,5843000",44,2019,50.0,1.0,1.0,7.0,2161214,1.0,1,1,1,5.0,,0.0,0,1936.0,B01,138Â 290Â 749,1.0,0.0,-1.0,1650149,0.0,7,,0.0,2.0,5.0,B01,138Â 290Â 749,1.0
966896,201900008427,4,26,22:38,5,2,1,1.0,6.0,44109,RUE DE STRASBOURG,M,"47,2168690"," -1,5520030",44,2019,50.0,1.0,1.0,7.0,2161215,10.0,3,4,1,0.0,,3.0,3,1999.0,A01,138Â 290Â 747,8.0,0.0,-1.0,1650150,0.0,7,,0.0,1.0,1.0,A01,138Â 290Â 747,0.0
966896,201900008427,4,26,22:38,5,2,1,1.0,6.0,44109,RUE DE STRASBOURG,M,"47,2168690"," -1,5520030",44,2019,50.0,1.0,1.0,7.0,2161216,1.0,1,3,2,9.0,,0.0,0,1976.0,A01,138Â 290Â 747,1.0,0.0,-1.0,1650150,0.0,7,,0.0,1.0,1.0,A01,138Â 290Â 747,0.0
966897,201900008428,4,25,13:45,1,2,1,1.0,3.0,44109,BOULEVARD MARTIN LUTHER KING,M,"47,2561600"," -1,5544700",44,2019,50.0,6.0,1.0,4.0,2161217,1.0,1,1,1,9.0,,0.0,0,1989.0,B01,138Â 290Â 743,1.0,0.0,-1.0,1650151,3.0,10,,0.0,0.0,0.0,B01,138Â 290Â 743,0.0
966897,201900008428,4,25,13:45,1,2,1,1.0,3.0,44109,BOULEVARD MARTIN LUTHER KING,M,"47,2561600"," -1,5544700",44,2019,50.0,6.0,1.0,4.0,2161217,1.0,1,1,1,9.0,,0.0,0,1989.0,B01,138Â 290Â 743,1.0,0.0,-1.0,1650152,0.0,31,,0.0,2.0,6.0,A01,138Â 290Â 744,1.0
966897,201900008428,4,25,13:45,1,2,1,1.0,3.0,44109,BOULEVARD MARTIN LUTHER KING,M,"47,2561600"," -1,5544700",44,2019,50.0,6.0,1.0,4.0,2161218,1.0,1,3,1,2.0,,0.0,0,1997.0,A01,138Â 290Â 744,2.0,0.0,-1.0,1650151,3.0,10,,0.0,0.0,0.0,B01,138Â 290Â 743,0.0
966897,201900008428,4,25,13:45,1,2,1,1.0,3.0,44109,BOULEVARD MARTIN LUTHER KING,M,"47,2561600"," -1,5544700",44,2019,50.0,6.0,1.0,4.0,2161218,1.0,1,3,1,2.0,,0.0,0,1997.0,A01,138Â 290Â 744,2.0,0.0,-1.0,1650152,0.0,31,,0.0,2.0,6.0,A01,138Â 290Â 744,1.0
966898,201900008429,4,11,21:00,5,2,3,1.0,3.0,44109,RUES DE LA BASINERIE / LAVERAN,M,"47,2384700"," -1,5179900",44,2019,50.0,1.0,2.0,7.0,2161219,1.0,1,4,1,9.0,,0.0,0,2000.0,B01,138Â 290Â 739,8.0,0.0,-1.0,1650153,0.0,7,,0.0,2.0,1.0,B01,138Â 290Â 739,0.0
966898,201900008429,4,11,21:00,5,2,3,1.0,3.0,44109,RUES DE LA BASINERIE / LAVERAN,M,"47,2384700"," -1,5179900",44,2019,50.0,1.0,2.0,7.0,2161219,1.0,1,4,1,9.0,,0.0,0,2000.0,B01,138Â 290Â 739,8.0,0.0,-1.0,1650154,1.0,7,,0.0,2.0,3.0,A01,138Â 290Â 740,-1.0
966899,201900008430,4,20,12:35,1,1,1,1.0,3.0,44162,ROUTE DE VANNES,M,"47,2566900"," -1,6389000",44,2019,110.0,1.0,1.0,7.0,2161220,1.0,1,3,1,0.0,,0.0,0,1997.0,A01,138Â 290Â 735,2.0,0.0,-1.0,1650155,1.0,33,,0.0,2.0,7.0,A01,138Â 290Â 735,1.0
966899,201900008430,4,20,12:35,1,1,1,1.0,3.0,44162,ROUTE DE VANNES,M,"47,2566900"," -1,6389000",44,2019,110.0,1.0,1.0,7.0,2161220,1.0,1,3,1,0.0,,0.0,0,1997.0,A01,138Â 290Â 735,2.0,0.0,-1.0,1650156,0.0,7,,0.0,2.0,7.0,B01,138Â 290Â 736,0.0
966899,201900008430,4,20,12:35,1,1,1,1.0,3.0,44162,ROUTE DE VANNES,M,"47,2566900"," -1,6389000",44,2019,110.0,1.0,1.0,7.0,2161221,1.0,1,1,2,0.0,,0.0,0,1949.0,B01,138Â 290Â 736,1.0,0.0,-1.0,1650155,1.0,33,,0.0,2.0,7.0,A01,138Â 290Â 735,1.0
966899,201900008430,4,20,12:35,1,1,1,1.0,3.0,44162,ROUTE DE VANNES,M,"47,2566900"," -1,6389000",44,2019,110.0,1.0,1.0,7.0,2161221,1.0,1,1,2,0.0,,0.0,0,1949.0,B01,138Â 290Â 736,1.0,0.0,-1.0,1650156,0.0,7,,0.0,2.0,7.0,B01,138Â 290Â 736,0.0
966900,201900008431,4,16,12:24,1,2,6,1.0,2.0,44055,FLORALIES ( AVENUE DES ),M,"47,2911575"," -2,3955613",44,2019,50.0,1.0,1.0,3.0,2161222,1.0,1,4,1,5.0,,0.0,0,1966.0,B01,138Â 290Â 733,2.0,8.0,-1.0,1650157,3.0,31,,0.0,2.0,5.0,B01,138Â 290Â 733,1.0
966900,201900008431,4,16,12:24,1,2,6,1.0,2.0,44055,FLORALIES ( AVENUE DES ),M,"47,2911575"," -2,3955613",44,2019,50.0,1.0,1.0,3.0,2161222,1.0,1,4,1,5.0,,0.0,0,1966.0,B01,138Â 290Â 733,2.0,8.0,-1.0,1650158,3.0,7,,0.0,2.0,3.0,A01,138Â 290Â 734,1.0
966900,201900008431,4,16,12:24,1,2,6,1.0,2.0,44055,FLORALIES ( AVENUE DES ),M,"47,2911575"," -2,3955613",44,2019,50.0,1.0,1.0,3.0,2161223,1.0,1,1,1,5.0,,0.0,0,1954.0,A01,138Â 290Â 734,1.0,8.0,-1.0,1650157,3.0,31,,0.0,2.0,5.0,B01,138Â 290Â 733,1.0
966900,201900008431,4,16,12:24,1,2,6,1.0,2.0,44055,FLORALIES ( AVENUE DES ),M,"47,2911575"," -2,3955613",44,2019,50.0,1.0,1.0,3.0,2161223,1.0,1,1,1,5.0,,0.0,0,1954.0,A01,138Â 290Â 734,1.0,8.0,-1.0,1650158,3.0,7,,0.0,2.0,3.0,A01,138Â 290Â 734,1.0
966901,201900008432,4,26,16:00,1,2,1,2.0,6.0,43041,DUPUY (AVENUE CHARLES),M,"45,0503000","3,9133000",43,2019,50.0,1.0,2.0,3.0,2161224,1.0,1,1,1,5.0,,-1.0,0,1934.0,A01,138Â 290Â 732,1.0,0.0,-1.0,1650159,2.0,7,,0.0,1.0,1.0,A01,138Â 290Â 732,1.0