Unnamed: 0_x,num_acc,mois,jour,hrmn,lum,agg,int,atm,col,com,adr,gps,lat,long,dep,annee,vma,situ,surf,catr,Unnamed: 0_y,place,catu,grav,sexe,trajet,secu,locp,actp,an_nais,num_veh_x,id_vehicule_x,secu1,secu2,secu3,Unnamed: 0,senc,catv,occutc,obs,obsm,choc,num_veh_y,id_vehicule_y,motor
966901,201900008432,4,26,16:00,1,2,1,2.0,6.0,43041,DUPUY (AVENUE CHARLES),M,"45,0503000","3,9133000",43,2019,50.0,1.0,2.0,3.0,2161225,10.0,3,3,2,5.0,,3.0,3,1949.0,A01,138Â 290Â 732,8.0,0.0,-1.0,1650159,2.0,7,,0.0,1.0,1.0,A01,138Â 290Â 732,1.0
966902,201900008433,4,27,08:05,1,2,2,2.0,3.0,42187,BELGIQUE (BOULEVARD DE ),M,"46,0459000","4,0745500",42,2019,50.0,1.0,2.0,4.0,2161226,1.0,1,4,1,5.0,,-1.0,0,1953.0,B01,138Â 290Â 730,1.0,8.0,-1.0,1650160,1.0,7,,0.0,2.0,6.0,B01,138Â 290Â 730,1.0
966902,201900008433,4,27,08:05,1,2,2,2.0,3.0,42187,BELGIQUE (BOULEVARD DE ),M,"46,0459000","4,0745500",42,2019,50.0,1.0,2.0,4.0,2161226,1.0,1,4,1,5.0,,-1.0,0,1953.0,B01,138Â 290Â 730,1.0,8.0,-1.0,1650161,2.0,1,,0.0,2.0,1.0,A01,138Â 290Â 731,5.0
966902,201900008433,4,27,08:05,1,2,2,2.0,3.0,42187,BELGIQUE (BOULEVARD DE ),M,"46,0459000","4,0745500",42,2019,50.0,1.0,2.0,4.0,2161227,1.0,1,4,2,1.0,,-1.0,0,1983.0,A01,138Â 290Â 731,2.0,0.0,-1.0,1650160,1.0,7,,0.0,2.0,6.0,B01,138Â 290Â 730,1.0
966902,201900008433,4,27,08:05,1,2,2,2.0,3.0,42187,BELGIQUE (BOULEVARD DE ),M,"46,0459000","4,0745500",42,2019,50.0,1.0,2.0,4.0,2161227,1.0,1,4,2,1.0,,-1.0,0,1983.0,A01,138Â 290Â 731,2.0,0.0,-1.0,1650161,2.0,1,,0.0,2.0,1.0,A01,138Â 290Â 731,5.0
966903,201900008434,4,20,11:25,1,2,3,1.0,1.0,42184,FOCH MARECHAL (RUE),M,"46,0401300","4,0317700",42,2019,50.0,1.0,1.0,4.0,2161228,1.0,1,1,2,5.0,,0.0,0,1945.0,A01,138Â 290Â 728,1.0,0.0,-1.0,1650162,2.0,10,,0.0,2.0,2.0,A01,138Â 290Â 728,1.0
966903,201900008434,4,20,11:25,1,2,3,1.0,1.0,42184,FOCH MARECHAL (RUE),M,"46,0401300","4,0317700",42,2019,50.0,1.0,1.0,4.0,2161228,1.0,1,1,2,5.0,,0.0,0,1945.0,A01,138Â 290Â 728,1.0,0.0,-1.0,1650163,1.0,31,,0.0,2.0,1.0,B01,138Â 290Â 729,1.0
966903,201900008434,4,20,11:25,1,2,3,1.0,1.0,42184,FOCH MARECHAL (RUE),M,"46,0401300","4,0317700",42,2019,50.0,1.0,1.0,4.0,2161229,2.0,2,1,2,5.0,,0.0,0,2004.0,A01,138Â 290Â 728,1.0,8.0,-1.0,1650162,2.0,10,,0.0,2.0,2.0,A01,138Â 290Â 728,1.0
966903,201900008434,4,20,11:25,1,2,3,1.0,1.0,42184,FOCH MARECHAL (RUE),M,"46,0401300","4,0317700",42,2019,50.0,1.0,1.0,4.0,2161229,2.0,2,1,2,5.0,,0.0,0,2004.0,A01,138Â 290Â 728,1.0,8.0,-1.0,1650163,1.0,31,,0.0,2.0,1.0,B01,138Â 290Â 729,1.0
966903,201900008434,4,20,11:25,1,2,3,1.0,1.0,42184,FOCH MARECHAL (RUE),M,"46,0401300","4,0317700",42,2019,50.0,1.0,1.0,4.0,2161230,1.0,1,2,1,5.0,,0.0,0,1978.0,B01,138Â 290Â 729,2.0,8.0,-1.0,1650162,2.0,10,,0.0,2.0,2.0,A01,138Â 290Â 728,1.0
966903,201900008434,4,20,11:25,1,2,3,1.0,1.0,42184,FOCH MARECHAL (RUE),M,"46,0401300","4,0317700",42,2019,50.0,1.0,1.0,4.0,2161230,1.0,1,2,1,5.0,,0.0,0,1978.0,B01,138Â 290Â 729,2.0,8.0,-1.0,1650163,1.0,31,,0.0,2.0,1.0,B01,138Â 290Â 729,1.0
966904,201900008435,4,18,09:30,1,2,2,1.0,3.0,42095,VOLTAIRE (RUE),M,"45,3897800","4,2895100",42,2019,30.0,1.0,1.0,4.0,2161231,1.0,1,4,2,5.0,,0.0,0,1938.0,A01,138Â 290Â 726,1.0,0.0,-1.0,1650164,2.0,7,,0.0,2.0,2.0,A01,138Â 290Â 726,1.0
966904,201900008435,4,18,09:30,1,2,2,1.0,3.0,42095,VOLTAIRE (RUE),M,"45,3897800","4,2895100",42,2019,30.0,1.0,1.0,4.0,2161231,1.0,1,4,2,5.0,,0.0,0,1938.0,A01,138Â 290Â 726,1.0,0.0,-1.0,1650165,1.0,7,,0.0,2.0,3.0,B01,138Â 290Â 727,1.0
966904,201900008435,4,18,09:30,1,2,2,1.0,3.0,42095,VOLTAIRE (RUE),M,"45,3897800","4,2895100",42,2019,30.0,1.0,1.0,4.0,2161232,1.0,1,1,1,5.0,,0.0,0,1952.0,B01,138Â 290Â 727,1.0,0.0,-1.0,1650164,2.0,7,,0.0,2.0,2.0,A01,138Â 290Â 726,1.0
966904,201900008435,4,18,09:30,1,2,2,1.0,3.0,42095,VOLTAIRE (RUE),M,"45,3897800","4,2895100",42,2019,30.0,1.0,1.0,4.0,2161232,1.0,1,1,1,5.0,,0.0,0,1952.0,B01,138Â 290Â 727,1.0,0.0,-1.0,1650165,1.0,7,,0.0,2.0,3.0,B01,138Â 290Â 727,1.0
966905,201900008436,4,23,18:30,1,2,1,1.0,7.0,39198,JOUHAUX (AVENUE LEON) NÂ° PAIRS,M,"47,0845500","5,4754700",39,2019,50.0,1.0,1.0,4.0,2161233,1.0,1,3,1,-1.0,,0.0,0,1968.0,A01,138Â 290Â 721,0.0,-1.0,-1.0,1650166,0.0,1,,0.0,0.0,1.0,A01,138Â 290Â 721,5.0
966906,201900008437,4,18,20:55,1,2,3,1.0,1.0,38544,ROBESPIERRE(RUE),M,"45,5231217","4,8755673",38,2019,50.0,3.0,1.0,4.0,2161234,1.0,1,1,1,0.0,,-1.0, -1,1978.0,A01,138Â 290Â 719,1.0,0.0,-1.0,1650167,1.0,7,,0.0,2.0,3.0,A01,138Â 290Â 719,1.0
966906,201900008437,4,18,20:55,1,2,3,1.0,1.0,38544,ROBESPIERRE(RUE),M,"45,5231217","4,8755673",38,2019,50.0,3.0,1.0,4.0,2161234,1.0,1,1,1,0.0,,-1.0, -1,1978.0,A01,138Â 290Â 719,1.0,0.0,-1.0,1650168,1.0,33,,0.0,2.0,3.0,B01,138Â 290Â 720,1.0
966906,201900008437,4,18,20:55,1,2,3,1.0,1.0,38544,ROBESPIERRE(RUE),M,"45,5231217","4,8755673",38,2019,50.0,3.0,1.0,4.0,2161235,1.0,1,4,2,5.0,,-1.0, -1,1988.0,B01,138Â 290Â 720,2.0,8.0,-1.0,1650167,1.0,7,,0.0,2.0,3.0,A01,138Â 290Â 719,1.0
966906,201900008437,4,18,20:55,1,2,3,1.0,1.0,38544,ROBESPIERRE(RUE),M,"45,5231217","4,8755673",38,2019,50.0,3.0,1.0,4.0,2161235,1.0,1,4,2,5.0,,-1.0, -1,1988.0,B01,138Â 290Â 720,2.0,8.0,-1.0,1650168,1.0,33,,0.0,2.0,3.0,B01,138Â 290Â 720,1.0
966907,201900008438,4,25,11:35,1,2,1,1.0,6.0,38185,FRANCE (QUAI DE),M,"45,1933800","5,7200000",38,2019,30.0,1.0,1.0,4.0,2161236,1.0,1,1,1,9.0,,-1.0, -1,1947.0,A01,138Â 290Â 717,1.0,0.0,-1.0,1650169,3.0,7,,0.0,2.0,1.0,A01,138Â 290Â 717,1.0
966907,201900008438,4,25,11:35,1,2,1,1.0,6.0,38185,FRANCE (QUAI DE),M,"45,1933800","5,7200000",38,2019,30.0,1.0,1.0,4.0,2161236,1.0,1,1,1,9.0,,-1.0, -1,1947.0,A01,138Â 290Â 717,1.0,0.0,-1.0,1650170,3.0,1,,0.0,2.0,1.0,B01,138Â 290Â 718,6.0
966907,201900008438,4,25,11:35,1,2,1,1.0,6.0,38185,FRANCE (QUAI DE),M,"45,1933800","5,7200000",38,2019,30.0,1.0,1.0,4.0,2161237,1.0,1,3,1,5.0,,-1.0, -1,1964.0,B01,138Â 290Â 718,2.0,8.0,-1.0,1650169,3.0,7,,0.0,2.0,1.0,A01,138Â 290Â 717,1.0
966907,201900008438,4,25,11:35,1,2,1,1.0,6.0,38185,FRANCE (QUAI DE),M,"45,1933800","5,7200000",38,2019,30.0,1.0,1.0,4.0,2161237,1.0,1,3,1,5.0,,-1.0, -1,1964.0,B01,138Â 290Â 718,2.0,8.0,-1.0,1650170,3.0,1,,0.0,2.0,1.0,B01,138Â 290Â 718,6.0
966908,201900008439,4,23,22:20,5,2,2,1.0,3.0,38185,RUE LÃON JOUHAUX,M,"45,1805000","5,7441500",38,2019,50.0,1.0,1.0,7.0,2161238,1.0,1,4,2,5.0,,-1.0, -1,1982.0,B01,138Â 290Â 715,1.0,0.0,-1.0,1650171,3.0,7,,0.0,2.0,7.0,B01,138Â 290Â 715,1.0
966908,201900008439,4,23,22:20,5,2,2,1.0,3.0,38185,RUE LÃON JOUHAUX,M,"45,1805000","5,7441500",38,2019,50.0,1.0,1.0,7.0,2161238,1.0,1,4,2,5.0,,-1.0, -1,1982.0,B01,138Â 290Â 715,1.0,0.0,-1.0,1650172,3.0,7,,0.0,2.0,2.0,A01,138Â 290Â 716,1.0
966908,201900008439,4,23,22:20,5,2,2,1.0,3.0,38185,RUE LÃON JOUHAUX,M,"45,1805000","5,7441500",38,2019,50.0,1.0,1.0,7.0,2161239,2.0,2,4,2,5.0,,-1.0, -1,1996.0,B01,138Â 290Â 715,1.0,0.0,-1.0,1650171,3.0,7,,0.0,2.0,7.0,B01,138Â 290Â 715,1.0
966908,201900008439,4,23,22:20,5,2,2,1.0,3.0,38185,RUE LÃON JOUHAUX,M,"45,1805000","5,7441500",38,2019,50.0,1.0,1.0,7.0,2161239,2.0,2,4,2,5.0,,-1.0, -1,1996.0,B01,138Â 290Â 715,1.0,0.0,-1.0,1650172,3.0,7,,0.0,2.0,2.0,A01,138Â 290Â 716,1.0
966908,201900008439,4,23,22:20,5,2,2,1.0,3.0,38185,RUE LÃON JOUHAUX,M,"45,1805000","5,7441500",38,2019,50.0,1.0,1.0,7.0,2161240,4.0,2,4,1,4.0,,-1.0, -1,1976.0,A01,138Â 290Â 716,1.0,0.0,-1.0,1650171,3.0,7,,0.0,2.0,7.0,B01,138Â 290Â 715,1.0
966908,201900008439,4,23,22:20,5,2,2,1.0,3.0,38185,RUE LÃON JOUHAUX,M,"45,1805000","5,7441500",38,2019,50.0,1.0,1.0,7.0,2161240,4.0,2,4,1,4.0,,-1.0, -1,1976.0,A01,138Â 290Â 716,1.0,0.0,-1.0,1650172,3.0,7,,0.0,2.0,2.0,A01,138Â 290Â 716,1.0
966908,201900008439,4,23,22:20,5,2,2,1.0,3.0,38185,RUE LÃON JOUHAUX,M,"45,1805000","5,7441500",38,2019,50.0,1.0,1.0,7.0,2161241,1.0,1,4,1,4.0,,-1.0, -1,1994.0,A01,138Â 290Â 716,1.0,0.0,-1.0,1650171,3.0,7,,0.0,2.0,7.0,B01,138Â 290Â 715,1.0
966908,201900008439,4,23,22:20,5,2,2,1.0,3.0,38185,RUE LÃON JOUHAUX,M,"45,1805000","5,7441500",38,2019,50.0,1.0,1.0,7.0,2161241,1.0,1,4,1,4.0,,-1.0, -1,1994.0,A01,138Â 290Â 716,1.0,0.0,-1.0,1650172,3.0,7,,0.0,2.0,2.0,A01,138Â 290Â 716,1.0
966908,201900008439,4,23,22:20,5,2,2,1.0,3.0,38185,RUE LÃON JOUHAUX,M,"45,1805000","5,7441500",38,2019,50.0,1.0,1.0,7.0,2161242,2.0,2,1,1,4.0,,-1.0, -1,1979.0,A01,138Â 290Â 716,1.0,0.0,-1.0,1650171,3.0,7,,0.0,2.0,7.0,B01,138Â 290Â 715,1.0
966908,201900008439,4,23,22:20,5,2,2,1.0,3.0,38185,RUE LÃON JOUHAUX,M,"45,1805000","5,7441500",38,2019,50.0,1.0,1.0,7.0,2161242,2.0,2,1,1,4.0,,-1.0, -1,1979.0,A01,138Â 290Â 716,1.0,0.0,-1.0,1650172,3.0,7,,0.0,2.0,2.0,A01,138Â 290Â 716,1.0
966909,201900008440,4,23,12:30,1,2,1,1.0,6.0,38185,PASSAGE COURS BERRIAT,M,"45,1886800","5,7150900",38,2019,10.0,1.0,1.0,4.0,2161243,10.0,3,3,2,0.0,,9.0,2,2007.0,A01,138Â 290Â 714,8.0,0.0,-1.0,1650173,3.0,1,,0.0,1.0,1.0,A01,138Â 290Â 714,5.0
966909,201900008440,4,23,12:30,1,2,1,1.0,6.0,38185,PASSAGE COURS BERRIAT,M,"45,1886800","5,7150900",38,2019,10.0,1.0,1.0,4.0,2161244,1.0,1,1,1,0.0,,0.0,0,1988.0,A01,138Â 290Â 714,8.0,0.0,-1.0,1650173,3.0,1,,0.0,1.0,1.0,A01,138Â 290Â 714,5.0
966910,201900008441,4,28,18:15,1,2,2,1.0,3.0,37261,TONNELLE (BOULEVARD),M,"47,3910000","0,6680000",37,2019,30.0,1.0,1.0,4.0,2161245,1.0,1,1,2,0.0,,-1.0,0,1994.0,A01,138Â 290Â 712,1.0,8.0,-1.0,1650174,2.0,7,,0.0,2.0,7.0,A01,138Â 290Â 712,1.0
966910,201900008441,4,28,18:15,1,2,2,1.0,3.0,37261,TONNELLE (BOULEVARD),M,"47,3910000","0,6680000",37,2019,30.0,1.0,1.0,4.0,2161245,1.0,1,1,2,0.0,,-1.0,0,1994.0,A01,138Â 290Â 712,1.0,8.0,-1.0,1650175,1.0,33,,0.0,2.0,1.0,B01,138Â 290Â 713,1.0
966910,201900008441,4,28,18:15,1,2,2,1.0,3.0,37261,TONNELLE (BOULEVARD),M,"47,3910000","0,6680000",37,2019,30.0,1.0,1.0,4.0,2161246,1.0,1,4,1,0.0,,-1.0,0,1985.0,B01,138Â 290Â 713,2.0,8.0,-1.0,1650174,2.0,7,,0.0,2.0,7.0,A01,138Â 290Â 712,1.0
966910,201900008441,4,28,18:15,1,2,2,1.0,3.0,37261,TONNELLE (BOULEVARD),M,"47,3910000","0,6680000",37,2019,30.0,1.0,1.0,4.0,2161246,1.0,1,4,1,0.0,,-1.0,0,1985.0,B01,138Â 290Â 713,2.0,8.0,-1.0,1650175,1.0,33,,0.0,2.0,1.0,B01,138Â 290Â 713,1.0
966911,201900008442,4,28,12:50,1,2,1,1.0,2.0,37261,MAGINOT (AV. ANDRE),M,"47,4190166","0,6929056",37,2019,50.0,1.0,1.0,3.0,2161247,1.0,1,4,1,5.0,,-1.0,0,1988.0,A01,138Â 290Â 710,2.0,8.0,-1.0,1650176,2.0,32,,0.0,2.0,1.0,A01,138Â 290Â 710,0.0
966911,201900008442,4,28,12:50,1,2,1,1.0,2.0,37261,MAGINOT (AV. ANDRE),M,"47,4190166","0,6929056",37,2019,50.0,1.0,1.0,3.0,2161247,1.0,1,4,1,5.0,,-1.0,0,1988.0,A01,138Â 290Â 710,2.0,8.0,-1.0,1650177,2.0,7,,0.0,2.0,4.0,B01,138Â 290Â 711,1.0
966911,201900008442,4,28,12:50,1,2,1,1.0,2.0,37261,MAGINOT (AV. ANDRE),M,"47,4190166","0,6929056",37,2019,50.0,1.0,1.0,3.0,2161248,1.0,1,1,1,5.0,,-1.0,0,1978.0,B01,138Â 290Â 711,1.0,8.0,-1.0,1650176,2.0,32,,0.0,2.0,1.0,A01,138Â 290Â 710,0.0
966911,201900008442,4,28,12:50,1,2,1,1.0,2.0,37261,MAGINOT (AV. ANDRE),M,"47,4190166","0,6929056",37,2019,50.0,1.0,1.0,3.0,2161248,1.0,1,1,1,5.0,,-1.0,0,1978.0,B01,138Â 290Â 711,1.0,8.0,-1.0,1650177,2.0,7,,0.0,2.0,4.0,B01,138Â 290Â 711,1.0
966912,201900008443,4,26,06:07,5,2,6,1.0,6.0,37122,JEAN JAURES,M,"47,3467600","0,6504000",37,2019,50.0,1.0,1.0,4.0,2161249,1.0,1,1,1,1.0,,0.0,0,1991.0,A01,138Â 290Â 709,1.0,8.0,-1.0,1650178,3.0,7,,0.0,1.0,1.0,A01,138Â 290Â 709,1.0
966912,201900008443,4,26,06:07,5,2,6,1.0,6.0,37122,JEAN JAURES,M,"47,3467600","0,6504000",37,2019,50.0,1.0,1.0,4.0,2161250,10.0,3,4,2,1.0,,3.0,3,1980.0,A01,138Â 290Â 709,8.0,0.0,-1.0,1650178,3.0,7,,0.0,1.0,1.0,A01,138Â 290Â 709,1.0
966913,201900008444,4,25,16:25,1,2,3,3.0,3.0,37261,FLORENCE (AVENUE DE),M,"47,3757200","0,7340300",37,2019,50.0,1.0,2.0,4.0,2161251,1.0,1,1,1,5.0,,-1.0,0,1973.0,A01,138Â 290Â 707,1.0,8.0,-1.0,1650179,3.0,7,,0.0,2.0,2.0,A01,138Â 290Â 707,1.0
966913,201900008444,4,25,16:25,1,2,3,3.0,3.0,37261,FLORENCE (AVENUE DE),M,"47,3757200","0,7340300",37,2019,50.0,1.0,2.0,4.0,2161251,1.0,1,1,1,5.0,,-1.0,0,1973.0,A01,138Â 290Â 707,1.0,8.0,-1.0,1650180,3.0,7,,0.0,2.0,3.0,B01,138Â 290Â 708,1.0
966913,201900008444,4,25,16:25,1,2,3,3.0,3.0,37261,FLORENCE (AVENUE DE),M,"47,3757200","0,7340300",37,2019,50.0,1.0,2.0,4.0,2161252,1.0,1,4,1,5.0,,-1.0,0,1999.0,B01,138Â 290Â 708,1.0,8.0,-1.0,1650179,3.0,7,,0.0,2.0,2.0,A01,138Â 290Â 707,1.0
966913,201900008444,4,25,16:25,1,2,3,3.0,3.0,37261,FLORENCE (AVENUE DE),M,"47,3757200","0,7340300",37,2019,50.0,1.0,2.0,4.0,2161252,1.0,1,4,1,5.0,,-1.0,0,1999.0,B01,138Â 290Â 708,1.0,8.0,-1.0,1650180,3.0,7,,0.0,2.0,3.0,B01,138Â 290Â 708,1.0
966914,201900008445,4,25,14:30,1,2,1,1.0,7.0,37261,DESCARTES (RUE),M,"47,3925119","0,6828719",37,2019,50.0,1.0,1.0,4.0,2161253,1.0,1,4,2,5.0,,-1.0,0,1988.0,A01,138Â 290Â 706,8.0,0.0,-1.0,1650181,2.0,1,,0.0,0.0,1.0,A01,138Â 290Â 706,5.0
966915,201900008446,4,25,09:44,1,2,1,1.0,2.0,37214,DE GAULLE (BD CHARLES),M,"47,4300000","0,6430000",37,2019,50.0,1.0,1.0,4.0,2161254,1.0,1,1,1,1.0,,-1.0,0,1984.0,A01,138Â 290Â 704,1.0,8.0,-1.0,1650182,3.0,14,,0.0,2.0,1.0,A01,138Â 290Â 704,1.0
966915,201900008446,4,25,09:44,1,2,1,1.0,2.0,37214,DE GAULLE (BD CHARLES),M,"47,4300000","0,6430000",37,2019,50.0,1.0,1.0,4.0,2161254,1.0,1,1,1,1.0,,-1.0,0,1984.0,A01,138Â 290Â 704,1.0,8.0,-1.0,1650183,3.0,7,,0.0,2.0,4.0,B01,138Â 290Â 705,1.0
966915,201900008446,4,25,09:44,1,2,1,1.0,2.0,37214,DE GAULLE (BD CHARLES),M,"47,4300000","0,6430000",37,2019,50.0,1.0,1.0,4.0,2161255,1.0,1,4,2,1.0,,-1.0,0,1986.0,B01,138Â 290Â 705,1.0,8.0,-1.0,1650182,3.0,14,,0.0,2.0,1.0,A01,138Â 290Â 704,1.0
966915,201900008446,4,25,09:44,1,2,1,1.0,2.0,37214,DE GAULLE (BD CHARLES),M,"47,4300000","0,6430000",37,2019,50.0,1.0,1.0,4.0,2161255,1.0,1,4,2,1.0,,-1.0,0,1986.0,B01,138Â 290Â 705,1.0,8.0,-1.0,1650183,3.0,7,,0.0,2.0,4.0,B01,138Â 290Â 705,1.0
966916,201900008447,4,24,18:00,1,2,3,8.0,1.0,37261,SAINT PAUL (PLACE),M,"47,3800000","0,6955500",37,2019,50.0,1.0,2.0,4.0,2161256,1.0,1,1,1,0.0,,-1.0,0,1985.0,B01,138Â 290Â 702,1.0,0.0,-1.0,1650184,3.0,7,,0.0,2.0,3.0,B01,138Â 290Â 702,1.0
966916,201900008447,4,24,18:00,1,2,3,8.0,1.0,37261,SAINT PAUL (PLACE),M,"47,3800000","0,6955500",37,2019,50.0,1.0,2.0,4.0,2161256,1.0,1,1,1,0.0,,-1.0,0,1985.0,B01,138Â 290Â 702,1.0,0.0,-1.0,1650185,3.0,7,,0.0,2.0,2.0,A01,138Â 290Â 703,1.0
966916,201900008447,4,24,18:00,1,2,3,8.0,1.0,37261,SAINT PAUL (PLACE),M,"47,3800000","0,6955500",37,2019,50.0,1.0,2.0,4.0,2161257,1.0,1,4,2,1.0,,-1.0,0,1979.0,A01,138Â 290Â 703,1.0,5.0,-1.0,1650184,3.0,7,,0.0,2.0,3.0,B01,138Â 290Â 702,1.0
966916,201900008447,4,24,18:00,1,2,3,8.0,1.0,37261,SAINT PAUL (PLACE),M,"47,3800000","0,6955500",37,2019,50.0,1.0,2.0,4.0,2161257,1.0,1,4,2,1.0,,-1.0,0,1979.0,A01,138Â 290Â 703,1.0,5.0,-1.0,1650185,3.0,7,,0.0,2.0,2.0,A01,138Â 290Â 703,1.0
966917,201900008448,4,24,16:30,1,2,1,8.0,6.0,37261,ALOUETTE (AVENUE),M,"47,3628200","0,6967600",37,2019,50.0,1.0,2.0,4.0,2161258,1.0,1,4,2,5.0,,-1.0,0,1991.0,A01,138Â 290Â 701,1.0,8.0,-1.0,1650186,2.0,7,,8.0,0.0,2.0,A01,138Â 290Â 701,1.0
966918,201900008449,4,24,09:25,1,2,1,2.0,3.0,37122,RABELAIS (RUE),M,"47,3507700","0,6610300",37,2019,50.0,1.0,2.0,4.0,2161259,1.0,1,4,2,1.0,,-1.0,0,1960.0,B01,138Â 290Â 699,1.0,8.0,-1.0,1650187,3.0,7,,0.0,2.0,3.0,B01,138Â 290Â 699,1.0
966918,201900008449,4,24,09:25,1,2,1,2.0,3.0,37122,RABELAIS (RUE),M,"47,3507700","0,6610300",37,2019,50.0,1.0,2.0,4.0,2161259,1.0,1,4,2,1.0,,-1.0,0,1960.0,B01,138Â 290Â 699,1.0,8.0,-1.0,1650188,3.0,7,,0.0,2.0,4.0,A01,138Â 290Â 700,1.0
966918,201900008449,4,24,09:25,1,2,1,2.0,3.0,37122,RABELAIS (RUE),M,"47,3507700","0,6610300",37,2019,50.0,1.0,2.0,4.0,2161260,1.0,1,1,2,5.0,,-1.0,0,1953.0,A01,138Â 290Â 700,1.0,8.0,-1.0,1650187,3.0,7,,0.0,2.0,3.0,B01,138Â 290Â 699,1.0
966918,201900008449,4,24,09:25,1,2,1,2.0,3.0,37122,RABELAIS (RUE),M,"47,3507700","0,6610300",37,2019,50.0,1.0,2.0,4.0,2161260,1.0,1,1,2,5.0,,-1.0,0,1953.0,A01,138Â 290Â 700,1.0,8.0,-1.0,1650188,3.0,7,,0.0,2.0,4.0,A01,138Â 290Â 700,1.0
966919,201900008450,4,24,08:05,1,2,1,2.0,7.0,37233,POMPIDOU (AVENUE GEORGES),M,"47,3753619","0,7155349",37,2019,50.0,1.0,2.0,4.0,2161261,1.0,1,4,1,1.0,,-1.0,0,1990.0,A01,138Â 290Â 698,2.0,8.0,-1.0,1650189,1.0,30,,0.0,0.0,0.0,A01,138Â 290Â 698,1.0
966920,201900008451,4,23,21:15,2,2,1,1.0,7.0,37122,JAURES (BOULEVARD JEAN),M,"47,3477000","0,6558700",37,2019,50.0,1.0,1.0,4.0,2161262,1.0,1,4,1,1.0,,-1.0,0,1996.0,A01,138Â 290Â 697,2.0,8.0,-1.0,1650190,2.0,30,,11.0,0.0,1.0,A01,138Â 290Â 697,1.0
966921,201900008452,4,23,08:30,1,2,1,1.0,3.0,37261,VICTOIRE (RUE DE LA),M,"47,3958760","0,6770561",37,2019,50.0,1.0,1.0,4.0,2161263,1.0,1,4,2,1.0,,-1.0,0,1994.0,B01,138Â 290Â 695,8.0,0.0,-1.0,1650191,3.0,1,,0.0,2.0,1.0,B01,138Â 290Â 695,5.0
966921,201900008452,4,23,08:30,1,2,1,1.0,3.0,37261,VICTOIRE (RUE DE LA),M,"47,3958760","0,6770561",37,2019,50.0,1.0,1.0,4.0,2161263,1.0,1,4,2,1.0,,-1.0,0,1994.0,B01,138Â 290Â 695,8.0,0.0,-1.0,1650192,1.0,7,,0.0,2.0,3.0,A01,138Â 290Â 696,1.0
966921,201900008452,4,23,08:30,1,2,1,1.0,3.0,37261,VICTOIRE (RUE DE LA),M,"47,3958760","0,6770561",37,2019,50.0,1.0,1.0,4.0,2161264,1.0,1,1,2,1.0,,-1.0,0,1975.0,A01,138Â 290Â 696,1.0,8.0,-1.0,1650191,3.0,1,,0.0,2.0,1.0,B01,138Â 290Â 695,5.0
966921,201900008452,4,23,08:30,1,2,1,1.0,3.0,37261,VICTOIRE (RUE DE LA),M,"47,3958760","0,6770561",37,2019,50.0,1.0,1.0,4.0,2161264,1.0,1,1,2,1.0,,-1.0,0,1975.0,A01,138Â 290Â 696,1.0,8.0,-1.0,1650192,1.0,7,,0.0,2.0,3.0,A01,138Â 290Â 696,1.0
966922,201900008453,4,22,12:50,1,2,7,1.0,3.0,37261,DE LATTRE DE TASSIGNY (BOULEVARD DE),M,"47,3830505","0,6963226",37,2019,50.0,1.0,1.0,4.0,2161265,1.0,1,1,2,5.0,,-1.0,0,1994.0,B01,138Â 290Â 693,1.0,8.0,-1.0,1650193,3.0,7,,0.0,2.0,1.0,B01,138Â 290Â 693,1.0
966922,201900008453,4,22,12:50,1,2,7,1.0,3.0,37261,DE LATTRE DE TASSIGNY (BOULEVARD DE),M,"47,3830505","0,6963226",37,2019,50.0,1.0,1.0,4.0,2161265,1.0,1,1,2,5.0,,-1.0,0,1994.0,B01,138Â 290Â 693,1.0,8.0,-1.0,1650194,3.0,7,,0.0,2.0,5.0,A01,138Â 290Â 694,1.0
966922,201900008453,4,22,12:50,1,2,7,1.0,3.0,37261,DE LATTRE DE TASSIGNY (BOULEVARD DE),M,"47,3830505","0,6963226",37,2019,50.0,1.0,1.0,4.0,2161266,1.0,1,1,1,5.0,,-1.0,0,1972.0,A01,138Â 290Â 694,1.0,8.0,-1.0,1650193,3.0,7,,0.0,2.0,1.0,B01,138Â 290Â 693,1.0
966922,201900008453,4,22,12:50,1,2,7,1.0,3.0,37261,DE LATTRE DE TASSIGNY (BOULEVARD DE),M,"47,3830505","0,6963226",37,2019,50.0,1.0,1.0,4.0,2161266,1.0,1,1,1,5.0,,-1.0,0,1972.0,A01,138Â 290Â 694,1.0,8.0,-1.0,1650194,3.0,7,,0.0,2.0,5.0,A01,138Â 290Â 694,1.0
966922,201900008453,4,22,12:50,1,2,7,1.0,3.0,37261,DE LATTRE DE TASSIGNY (BOULEVARD DE),M,"47,3830505","0,6963226",37,2019,50.0,1.0,1.0,4.0,2161267,3.0,2,4,2,5.0,,-1.0,0,2008.0,A01,138Â 290Â 694,1.0,8.0,-1.0,1650193,3.0,7,,0.0,2.0,1.0,B01,138Â 290Â 693,1.0
966922,201900008453,4,22,12:50,1,2,7,1.0,3.0,37261,DE LATTRE DE TASSIGNY (BOULEVARD DE),M,"47,3830505","0,6963226",37,2019,50.0,1.0,1.0,4.0,2161267,3.0,2,4,2,5.0,,-1.0,0,2008.0,A01,138Â 290Â 694,1.0,8.0,-1.0,1650194,3.0,7,,0.0,2.0,5.0,A01,138Â 290Â 694,1.0