Unnamed: 0_x,num_acc,mois,jour,hrmn,lum,agg,int,atm,col,com,adr,gps,lat,long,dep,annee,vma,situ,surf,catr,Unnamed: 0_y,place,catu,grav,sexe,trajet,secu,locp,actp,an_nais,num_veh_x,id_vehicule_x,secu1,secu2,secu3,Unnamed: 0,senc,catv,occutc,obs,obsm,choc,num_veh_y,id_vehicule_y,motor
966923,201900008454,4,19,08:24,1,2,1,1.0,3.0,37261,TRANCHEE (PLACE DE LA),M,"47,4088222","0,6808298",37,2019,50.0,1.0,1.0,4.0,2161268,1.0,1,1,2,1.0,,-1.0,0,1975.0,A01,138Â 290Â 691,1.0,8.0,-1.0,1650195,3.0,7,,0.0,2.0,5.0,A01,138Â 290Â 691,1.0
966923,201900008454,4,19,08:24,1,2,1,1.0,3.0,37261,TRANCHEE (PLACE DE LA),M,"47,4088222","0,6808298",37,2019,50.0,1.0,1.0,4.0,2161268,1.0,1,1,2,1.0,,-1.0,0,1975.0,A01,138Â 290Â 691,1.0,8.0,-1.0,1650196,3.0,1,,0.0,2.0,3.0,B01,138Â 290Â 692,5.0
966923,201900008454,4,19,08:24,1,2,1,1.0,3.0,37261,TRANCHEE (PLACE DE LA),M,"47,4088222","0,6808298",37,2019,50.0,1.0,1.0,4.0,2161269,1.0,1,4,2,1.0,,-1.0,0,1976.0,B01,138Â 290Â 692,2.0,8.0,-1.0,1650195,3.0,7,,0.0,2.0,5.0,A01,138Â 290Â 691,1.0
966923,201900008454,4,19,08:24,1,2,1,1.0,3.0,37261,TRANCHEE (PLACE DE LA),M,"47,4088222","0,6808298",37,2019,50.0,1.0,1.0,4.0,2161269,1.0,1,4,2,1.0,,-1.0,0,1976.0,B01,138Â 290Â 692,2.0,8.0,-1.0,1650196,3.0,1,,0.0,2.0,3.0,B01,138Â 290Â 692,5.0
966924,201900008455,4,18,14:20,1,2,1,1.0,2.0,37261,LOUIS XI (BOULEVARD),M,"47,3743300","0,6731100",37,2019,50.0,1.0,1.0,4.0,2161270,1.0,1,1,1,5.0,,-1.0,0,1984.0,A01,138Â 290Â 689,1.0,8.0,-1.0,1650197,2.0,7,,0.0,2.0,1.0,A01,138Â 290Â 689,1.0
966924,201900008455,4,18,14:20,1,2,1,1.0,2.0,37261,LOUIS XI (BOULEVARD),M,"47,3743300","0,6731100",37,2019,50.0,1.0,1.0,4.0,2161270,1.0,1,1,1,5.0,,-1.0,0,1984.0,A01,138Â 290Â 689,1.0,8.0,-1.0,1650198,2.0,21,,0.0,2.0,4.0,B01,138Â 290Â 690,1.0
966924,201900008455,4,18,14:20,1,2,1,1.0,2.0,37261,LOUIS XI (BOULEVARD),M,"47,3743300","0,6731100",37,2019,50.0,1.0,1.0,4.0,2161271,1.0,1,4,1,4.0,,-1.0,0,1968.0,B01,138Â 290Â 690,8.0,0.0,-1.0,1650197,2.0,7,,0.0,2.0,1.0,A01,138Â 290Â 689,1.0
966924,201900008455,4,18,14:20,1,2,1,1.0,2.0,37261,LOUIS XI (BOULEVARD),M,"47,3743300","0,6731100",37,2019,50.0,1.0,1.0,4.0,2161271,1.0,1,4,1,4.0,,-1.0,0,1968.0,B01,138Â 290Â 690,8.0,0.0,-1.0,1650198,2.0,21,,0.0,2.0,4.0,B01,138Â 290Â 690,1.0
966925,201900008456,4,18,09:00,1,2,1,1.0,7.0,37261,DEVILDE (RUE),M,"47,4105297","0,6917979",37,2019,50.0,1.0,1.0,4.0,2161272,1.0,1,4,1,1.0,,-1.0,0,1990.0,A01,138Â 290Â 688,2.0,6.0,-1.0,1650199,1.0,30,,0.0,0.0,8.0,A01,138Â 290Â 688,1.0
966926,201900008457,4,18,07:35,1,2,1,1.0,1.0,37233,COLOMBIER (RUE DU),M,"47,3835600","0,7457300",37,2019,50.0,1.0,1.0,4.0,2161273,1.0,1,1,1,1.0,,-1.0,0,1997.0,B01,138Â 290Â 686,1.0,8.0,-1.0,1650200,2.0,7,,0.0,2.0,1.0,B01,138Â 290Â 686,1.0
966926,201900008457,4,18,07:35,1,2,1,1.0,1.0,37233,COLOMBIER (RUE DU),M,"47,3835600","0,7457300",37,2019,50.0,1.0,1.0,4.0,2161273,1.0,1,1,1,1.0,,-1.0,0,1997.0,B01,138Â 290Â 686,1.0,8.0,-1.0,1650201,1.0,33,,0.0,2.0,1.0,A01,138Â 290Â 687,1.0
966926,201900008457,4,18,07:35,1,2,1,1.0,1.0,37233,COLOMBIER (RUE DU),M,"47,3835600","0,7457300",37,2019,50.0,1.0,1.0,4.0,2161274,1.0,1,4,1,1.0,,-1.0,0,1982.0,A01,138Â 290Â 687,2.0,6.0,-1.0,1650200,2.0,7,,0.0,2.0,1.0,B01,138Â 290Â 686,1.0
966926,201900008457,4,18,07:35,1,2,1,1.0,1.0,37233,COLOMBIER (RUE DU),M,"47,3835600","0,7457300",37,2019,50.0,1.0,1.0,4.0,2161274,1.0,1,4,1,1.0,,-1.0,0,1982.0,A01,138Â 290Â 687,2.0,6.0,-1.0,1650201,1.0,33,,0.0,2.0,1.0,A01,138Â 290Â 687,1.0
966927,201900008458,4,18,07:45,1,2,1,1.0,2.0,37261,SAVONNIERES (ROUTE DE),M,"47,3699500","0,6732400",37,2019,50.0,1.0,1.0,4.0,2161275,1.0,1,4,2,1.0,,0.0,0,1965.0,B01,138Â 290Â 684,9.0,0.0,0.0,1650202,1.0,80,,0.0,2.0,4.0,B01,138Â 290Â 684,3.0
966927,201900008458,4,18,07:45,1,2,1,1.0,2.0,37261,SAVONNIERES (ROUTE DE),M,"47,3699500","0,6732400",37,2019,50.0,1.0,1.0,4.0,2161275,1.0,1,4,2,1.0,,0.0,0,1965.0,B01,138Â 290Â 684,9.0,0.0,0.0,1650203,1.0,7,,0.0,2.0,2.0,A01,138Â 290Â 685,1.0
966927,201900008458,4,18,07:45,1,2,1,1.0,2.0,37261,SAVONNIERES (ROUTE DE),M,"47,3699500","0,6732400",37,2019,50.0,1.0,1.0,4.0,2161276,1.0,1,1,2,1.0,,-1.0,0,1990.0,A01,138Â 290Â 685,1.0,8.0,-1.0,1650202,1.0,80,,0.0,2.0,4.0,B01,138Â 290Â 684,3.0
966927,201900008458,4,18,07:45,1,2,1,1.0,2.0,37261,SAVONNIERES (ROUTE DE),M,"47,3699500","0,6732400",37,2019,50.0,1.0,1.0,4.0,2161276,1.0,1,1,2,1.0,,-1.0,0,1990.0,A01,138Â 290Â 685,1.0,8.0,-1.0,1650203,1.0,7,,0.0,2.0,2.0,A01,138Â 290Â 685,1.0
966928,201900008459,4,24,17:02,1,1,1,1.0,2.0,36159,ROUTE DE VARENNES,M,"46,7720800","1,7344000",36,2019,50.0,1.0,1.0,3.0,2161277,1.0,1,1,2,9.0,,0.0,0,1952.0,A01,138Â 290Â 682,1.0,8.0,-1.0,1650204,0.0,7,,0.0,2.0,4.0,A01,138Â 290Â 682,1.0
966928,201900008459,4,24,17:02,1,1,1,1.0,2.0,36159,ROUTE DE VARENNES,M,"46,7720800","1,7344000",36,2019,50.0,1.0,1.0,3.0,2161277,1.0,1,1,2,9.0,,0.0,0,1952.0,A01,138Â 290Â 682,1.0,8.0,-1.0,1650205,0.0,1,,0.0,2.0,1.0,B01,138Â 290Â 683,5.0
966928,201900008459,4,24,17:02,1,1,1,1.0,2.0,36159,ROUTE DE VARENNES,M,"46,7720800","1,7344000",36,2019,50.0,1.0,1.0,3.0,2161278,1.0,1,4,1,5.0,,-1.0, -1,2000.0,B01,138Â 290Â 683,2.0,8.0,-1.0,1650204,0.0,7,,0.0,2.0,4.0,A01,138Â 290Â 682,1.0
966928,201900008459,4,24,17:02,1,1,1,1.0,2.0,36159,ROUTE DE VARENNES,M,"46,7720800","1,7344000",36,2019,50.0,1.0,1.0,3.0,2161278,1.0,1,4,1,5.0,,-1.0, -1,2000.0,B01,138Â 290Â 683,2.0,8.0,-1.0,1650205,0.0,1,,0.0,2.0,1.0,B01,138Â 290Â 683,5.0
966929,201900008460,4,17,15:30,1,2,1,1.0,6.0,36044,105 RUE DE NOTZ,M,"46,8014600","1,6855700",36,2019,50.0,1.0,1.0,4.0,2161279,1.0,1,4,1,9.0,,0.0,0,2000.0,A01,138Â 290Â 681,1.0,0.0,-1.0,1650206,2.0,7,,1.0,0.0,3.0,A01,138Â 290Â 681,1.0
966930,201900008461,4,28,19:00,1,1,1,3.0,2.0,35238,PORTE DE CLEUNAY,M,"48,1042200"," -1,7168200",35,2019,90.0,1.0,2.0,2.0,2161280,1.0,1,4,1,5.0,,-1.0,0,1979.0,B01,138Â 290Â 679,1.0,8.0,-1.0,1650207,2.0,7,,0.0,2.0,4.0,B01,138Â 290Â 679,1.0
966930,201900008461,4,28,19:00,1,1,1,3.0,2.0,35238,PORTE DE CLEUNAY,M,"48,1042200"," -1,7168200",35,2019,90.0,1.0,2.0,2.0,2161280,1.0,1,4,1,5.0,,-1.0,0,1979.0,B01,138Â 290Â 679,1.0,8.0,-1.0,1650208,2.0,10,,-1.0,2.0,1.0,E01,138Â 290Â 680,-1.0
966931,201900008462,4,28,18:27,1,2,2,2.0,3.0,35238,ARMORIQUE (BD D'),M,"48,1313400"," -1,6726400",35,2019,50.0,1.0,2.0,4.0,2161281,1.0,1,4,1,0.0,,-1.0,0,1978.0,B01,138Â 290Â 677,1.0,0.0,-1.0,1650209,3.0,7,,0.0,2.0,1.0,B01,138Â 290Â 677,1.0
966931,201900008462,4,28,18:27,1,2,2,2.0,3.0,35238,ARMORIQUE (BD D'),M,"48,1313400"," -1,6726400",35,2019,50.0,1.0,2.0,4.0,2161281,1.0,1,4,1,0.0,,-1.0,0,1978.0,B01,138Â 290Â 677,1.0,0.0,-1.0,1650210,3.0,7,,0.0,2.0,2.0,A01,138Â 290Â 678,1.0
966931,201900008462,4,28,18:27,1,2,2,2.0,3.0,35238,ARMORIQUE (BD D'),M,"48,1313400"," -1,6726400",35,2019,50.0,1.0,2.0,4.0,2161282,1.0,1,4,2,0.0,,-1.0, -1,1975.0,A01,138Â 290Â 678,1.0,0.0,-1.0,1650209,3.0,7,,0.0,2.0,1.0,B01,138Â 290Â 677,1.0
966931,201900008462,4,28,18:27,1,2,2,2.0,3.0,35238,ARMORIQUE (BD D'),M,"48,1313400"," -1,6726400",35,2019,50.0,1.0,2.0,4.0,2161282,1.0,1,4,2,0.0,,-1.0, -1,1975.0,A01,138Â 290Â 678,1.0,0.0,-1.0,1650210,3.0,7,,0.0,2.0,2.0,A01,138Â 290Â 678,1.0
966932,201900008463,4,26,16:10,1,1,9,2.0,4.0,35051,EST (ROCADE),M,"48,1098200"," -1,5916000",35,2019,90.0,1.0,2.0,2.0,2161283,1.0,1,4,2,1.0,,-1.0, -1,1988.0,B01,138Â 290Â 674,1.0,0.0,-1.0,1650211,2.0,7,,0.0,2.0,4.0,B01,138Â 290Â 674,1.0
966932,201900008463,4,26,16:10,1,1,9,2.0,4.0,35051,EST (ROCADE),M,"48,1098200"," -1,5916000",35,2019,90.0,1.0,2.0,2.0,2161283,1.0,1,4,2,1.0,,-1.0, -1,1988.0,B01,138Â 290Â 674,1.0,0.0,-1.0,1650212,2.0,7,,0.0,2.0,5.0,C01,138Â 290Â 675,1.0
966932,201900008463,4,26,16:10,1,1,9,2.0,4.0,35051,EST (ROCADE),M,"48,1098200"," -1,5916000",35,2019,90.0,1.0,2.0,2.0,2161283,1.0,1,4,2,1.0,,-1.0, -1,1988.0,B01,138Â 290Â 674,1.0,0.0,-1.0,1650213,2.0,7,,0.0,2.0,1.0,A01,138Â 290Â 676,1.0
966932,201900008463,4,26,16:10,1,1,9,2.0,4.0,35051,EST (ROCADE),M,"48,1098200"," -1,5916000",35,2019,90.0,1.0,2.0,2.0,2161284,5.0,2,4,2,5.0,,-1.0, -1,1951.0,C01,138Â 290Â 675,1.0,4.0,-1.0,1650211,2.0,7,,0.0,2.0,4.0,B01,138Â 290Â 674,1.0
966932,201900008463,4,26,16:10,1,1,9,2.0,4.0,35051,EST (ROCADE),M,"48,1098200"," -1,5916000",35,2019,90.0,1.0,2.0,2.0,2161284,5.0,2,4,2,5.0,,-1.0, -1,1951.0,C01,138Â 290Â 675,1.0,4.0,-1.0,1650212,2.0,7,,0.0,2.0,5.0,C01,138Â 290Â 675,1.0
966932,201900008463,4,26,16:10,1,1,9,2.0,4.0,35051,EST (ROCADE),M,"48,1098200"," -1,5916000",35,2019,90.0,1.0,2.0,2.0,2161284,5.0,2,4,2,5.0,,-1.0, -1,1951.0,C01,138Â 290Â 675,1.0,4.0,-1.0,1650213,2.0,7,,0.0,2.0,1.0,A01,138Â 290Â 676,1.0
966932,201900008463,4,26,16:10,1,1,9,2.0,4.0,35051,EST (ROCADE),M,"48,1098200"," -1,5916000",35,2019,90.0,1.0,2.0,2.0,2161285,2.0,2,4,2,5.0,,-1.0, -1,1953.0,C01,138Â 290Â 675,1.0,4.0,-1.0,1650211,2.0,7,,0.0,2.0,4.0,B01,138Â 290Â 674,1.0
966932,201900008463,4,26,16:10,1,1,9,2.0,4.0,35051,EST (ROCADE),M,"48,1098200"," -1,5916000",35,2019,90.0,1.0,2.0,2.0,2161285,2.0,2,4,2,5.0,,-1.0, -1,1953.0,C01,138Â 290Â 675,1.0,4.0,-1.0,1650212,2.0,7,,0.0,2.0,5.0,C01,138Â 290Â 675,1.0
966932,201900008463,4,26,16:10,1,1,9,2.0,4.0,35051,EST (ROCADE),M,"48,1098200"," -1,5916000",35,2019,90.0,1.0,2.0,2.0,2161285,2.0,2,4,2,5.0,,-1.0, -1,1953.0,C01,138Â 290Â 675,1.0,4.0,-1.0,1650213,2.0,7,,0.0,2.0,1.0,A01,138Â 290Â 676,1.0
966932,201900008463,4,26,16:10,1,1,9,2.0,4.0,35051,EST (ROCADE),M,"48,1098200"," -1,5916000",35,2019,90.0,1.0,2.0,2.0,2161286,1.0,1,4,1,5.0,,-1.0, -1,1948.0,C01,138Â 290Â 675,1.0,4.0,-1.0,1650211,2.0,7,,0.0,2.0,4.0,B01,138Â 290Â 674,1.0
966932,201900008463,4,26,16:10,1,1,9,2.0,4.0,35051,EST (ROCADE),M,"48,1098200"," -1,5916000",35,2019,90.0,1.0,2.0,2.0,2161286,1.0,1,4,1,5.0,,-1.0, -1,1948.0,C01,138Â 290Â 675,1.0,4.0,-1.0,1650212,2.0,7,,0.0,2.0,5.0,C01,138Â 290Â 675,1.0
966932,201900008463,4,26,16:10,1,1,9,2.0,4.0,35051,EST (ROCADE),M,"48,1098200"," -1,5916000",35,2019,90.0,1.0,2.0,2.0,2161286,1.0,1,4,1,5.0,,-1.0, -1,1948.0,C01,138Â 290Â 675,1.0,4.0,-1.0,1650213,2.0,7,,0.0,2.0,1.0,A01,138Â 290Â 676,1.0
966932,201900008463,4,26,16:10,1,1,9,2.0,4.0,35051,EST (ROCADE),M,"48,1098200"," -1,5916000",35,2019,90.0,1.0,2.0,2.0,2161287,2.0,2,1,1,5.0,,-1.0, -1,1954.0,C01,138Â 290Â 675,1.0,4.0,-1.0,1650211,2.0,7,,0.0,2.0,4.0,B01,138Â 290Â 674,1.0
966932,201900008463,4,26,16:10,1,1,9,2.0,4.0,35051,EST (ROCADE),M,"48,1098200"," -1,5916000",35,2019,90.0,1.0,2.0,2.0,2161287,2.0,2,1,1,5.0,,-1.0, -1,1954.0,C01,138Â 290Â 675,1.0,4.0,-1.0,1650212,2.0,7,,0.0,2.0,5.0,C01,138Â 290Â 675,1.0
966932,201900008463,4,26,16:10,1,1,9,2.0,4.0,35051,EST (ROCADE),M,"48,1098200"," -1,5916000",35,2019,90.0,1.0,2.0,2.0,2161287,2.0,2,1,1,5.0,,-1.0, -1,1954.0,C01,138Â 290Â 675,1.0,4.0,-1.0,1650213,2.0,7,,0.0,2.0,1.0,A01,138Â 290Â 676,1.0
966932,201900008463,4,26,16:10,1,1,9,2.0,4.0,35051,EST (ROCADE),M,"48,1098200"," -1,5916000",35,2019,90.0,1.0,2.0,2.0,2161288,1.0,1,4,1,5.0,,-1.0, -1,1995.0,A01,138Â 290Â 676,1.0,0.0,-1.0,1650211,2.0,7,,0.0,2.0,4.0,B01,138Â 290Â 674,1.0
966932,201900008463,4,26,16:10,1,1,9,2.0,4.0,35051,EST (ROCADE),M,"48,1098200"," -1,5916000",35,2019,90.0,1.0,2.0,2.0,2161288,1.0,1,4,1,5.0,,-1.0, -1,1995.0,A01,138Â 290Â 676,1.0,0.0,-1.0,1650212,2.0,7,,0.0,2.0,5.0,C01,138Â 290Â 675,1.0
966932,201900008463,4,26,16:10,1,1,9,2.0,4.0,35051,EST (ROCADE),M,"48,1098200"," -1,5916000",35,2019,90.0,1.0,2.0,2.0,2161288,1.0,1,4,1,5.0,,-1.0, -1,1995.0,A01,138Â 290Â 676,1.0,0.0,-1.0,1650213,2.0,7,,0.0,2.0,1.0,A01,138Â 290Â 676,1.0
966933,201900008464,4,26,12:15,1,2,7,1.0,6.0,35238,CHATEAUGIRON (DE),M,"48,1002680"," -1,6497460",35,2019,50.0,2.0,1.0,4.0,2161289,1.0,1,1,2,5.0,,-1.0,0,1944.0,A01,138Â 290Â 673,1.0,0.0,-1.0,1650214,1.0,7,,0.0,1.0,2.0,A01,138Â 290Â 673,1.0
966933,201900008464,4,26,12:15,1,2,7,1.0,6.0,35238,CHATEAUGIRON (DE),M,"48,1002680"," -1,6497460",35,2019,50.0,2.0,1.0,4.0,2161290,10.0,3,4,1,2.0,,3.0,3,2007.0,A01,138Â 290Â 673,8.0,0.0,-1.0,1650214,1.0,7,,0.0,1.0,2.0,A01,138Â 290Â 673,1.0
966934,201900008465,4,26,09:10,1,2,3,1.0,3.0,35238,PLANCHES (DES),M,"48,0994900"," -1,6713400",35,2019,30.0,1.0,1.0,4.0,2161291,1.0,1,1,1,4.0,,-1.0,0,1995.0,A01,138Â 290Â 671,1.0,0.0,-1.0,1650215,3.0,7,,0.0,6.0,1.0,A01,138Â 290Â 671,1.0
966934,201900008465,4,26,09:10,1,2,3,1.0,3.0,35238,PLANCHES (DES),M,"48,0994900"," -1,6713400",35,2019,30.0,1.0,1.0,4.0,2161291,1.0,1,1,1,4.0,,-1.0,0,1995.0,A01,138Â 290Â 671,1.0,0.0,-1.0,1650216,3.0,1,,0.0,2.0,1.0,B01,138Â 290Â 672,5.0
966934,201900008465,4,26,09:10,1,2,3,1.0,3.0,35238,PLANCHES (DES),M,"48,0994900"," -1,6713400",35,2019,30.0,1.0,1.0,4.0,2161292,1.0,1,4,1,1.0,,-1.0,0,1960.0,B01,138Â 290Â 672,8.0,0.0,-1.0,1650215,3.0,7,,0.0,6.0,1.0,A01,138Â 290Â 671,1.0
966934,201900008465,4,26,09:10,1,2,3,1.0,3.0,35238,PLANCHES (DES),M,"48,0994900"," -1,6713400",35,2019,30.0,1.0,1.0,4.0,2161292,1.0,1,4,1,1.0,,-1.0,0,1960.0,B01,138Â 290Â 672,8.0,0.0,-1.0,1650216,3.0,1,,0.0,2.0,1.0,B01,138Â 290Â 672,5.0
966935,201900008466,4,25,18:30,1,2,3,1.0,3.0,35238,PAVIE (AUGUSTE),M,"48,1040000"," -1,6361000",35,2019,50.0,1.0,2.0,4.0,2161293,1.0,1,4,1,1.0,,-1.0, -1,1980.0,B01,138Â 290Â 669,1.0,0.0,-1.0,1650217,3.0,7,,0.0,2.0,8.0,B01,138Â 290Â 669,1.0
966935,201900008466,4,25,18:30,1,2,3,1.0,3.0,35238,PAVIE (AUGUSTE),M,"48,1040000"," -1,6361000",35,2019,50.0,1.0,2.0,4.0,2161293,1.0,1,4,1,1.0,,-1.0, -1,1980.0,B01,138Â 290Â 669,1.0,0.0,-1.0,1650218,3.0,7,,0.0,2.0,1.0,A01,138Â 290Â 670,1.0
966935,201900008466,4,25,18:30,1,2,3,1.0,3.0,35238,PAVIE (AUGUSTE),M,"48,1040000"," -1,6361000",35,2019,50.0,1.0,2.0,4.0,2161294,1.0,1,1,1,5.0,,-1.0, -1,1967.0,A01,138Â 290Â 670,1.0,0.0,-1.0,1650217,3.0,7,,0.0,2.0,8.0,B01,138Â 290Â 669,1.0
966935,201900008466,4,25,18:30,1,2,3,1.0,3.0,35238,PAVIE (AUGUSTE),M,"48,1040000"," -1,6361000",35,2019,50.0,1.0,2.0,4.0,2161294,1.0,1,1,1,5.0,,-1.0, -1,1967.0,A01,138Â 290Â 670,1.0,0.0,-1.0,1650218,3.0,7,,0.0,2.0,1.0,A01,138Â 290Â 670,1.0
966936,201900008467,4,24,17:30,1,1,1,3.0,4.0,35278,RD 137,M,"48,1828600"," -1,7202900",35,2019,110.0,1.0,2.0,3.0,2161295,1.0,1,1,1,4.0,,-1.0, -1,1981.0,A01,138Â 290Â 666,1.0,0.0,-1.0,1650219,2.0,10,,0.0,2.0,1.0,A01,138Â 290Â 666,1.0
966936,201900008467,4,24,17:30,1,1,1,3.0,4.0,35278,RD 137,M,"48,1828600"," -1,7202900",35,2019,110.0,1.0,2.0,3.0,2161295,1.0,1,1,1,4.0,,-1.0, -1,1981.0,A01,138Â 290Â 666,1.0,0.0,-1.0,1650220,2.0,7,,0.0,2.0,4.0,C01,138Â 290Â 667,1.0
966936,201900008467,4,24,17:30,1,1,1,3.0,4.0,35278,RD 137,M,"48,1828600"," -1,7202900",35,2019,110.0,1.0,2.0,3.0,2161295,1.0,1,1,1,4.0,,-1.0, -1,1981.0,A01,138Â 290Â 666,1.0,0.0,-1.0,1650221,2.0,7,,0.0,2.0,4.0,B01,138Â 290Â 668,1.0
966936,201900008467,4,24,17:30,1,1,1,3.0,4.0,35278,RD 137,M,"48,1828600"," -1,7202900",35,2019,110.0,1.0,2.0,3.0,2161296,1.0,1,1,1,5.0,,-1.0, -1,1945.0,C01,138Â 290Â 667,1.0,0.0,-1.0,1650219,2.0,10,,0.0,2.0,1.0,A01,138Â 290Â 666,1.0
966936,201900008467,4,24,17:30,1,1,1,3.0,4.0,35278,RD 137,M,"48,1828600"," -1,7202900",35,2019,110.0,1.0,2.0,3.0,2161296,1.0,1,1,1,5.0,,-1.0, -1,1945.0,C01,138Â 290Â 667,1.0,0.0,-1.0,1650220,2.0,7,,0.0,2.0,4.0,C01,138Â 290Â 667,1.0
966936,201900008467,4,24,17:30,1,1,1,3.0,4.0,35278,RD 137,M,"48,1828600"," -1,7202900",35,2019,110.0,1.0,2.0,3.0,2161296,1.0,1,1,1,5.0,,-1.0, -1,1945.0,C01,138Â 290Â 667,1.0,0.0,-1.0,1650221,2.0,7,,0.0,2.0,4.0,B01,138Â 290Â 668,1.0
966936,201900008467,4,24,17:30,1,1,1,3.0,4.0,35278,RD 137,M,"48,1828600"," -1,7202900",35,2019,110.0,1.0,2.0,3.0,2161297,1.0,1,1,1,5.0,,0.0, -1,1996.0,B01,138Â 290Â 668,1.0,0.0,-1.0,1650219,2.0,10,,0.0,2.0,1.0,A01,138Â 290Â 666,1.0
966936,201900008467,4,24,17:30,1,1,1,3.0,4.0,35278,RD 137,M,"48,1828600"," -1,7202900",35,2019,110.0,1.0,2.0,3.0,2161297,1.0,1,1,1,5.0,,0.0, -1,1996.0,B01,138Â 290Â 668,1.0,0.0,-1.0,1650220,2.0,7,,0.0,2.0,4.0,C01,138Â 290Â 667,1.0
966936,201900008467,4,24,17:30,1,1,1,3.0,4.0,35278,RD 137,M,"48,1828600"," -1,7202900",35,2019,110.0,1.0,2.0,3.0,2161297,1.0,1,1,1,5.0,,0.0, -1,1996.0,B01,138Â 290Â 668,1.0,0.0,-1.0,1650221,2.0,7,,0.0,2.0,4.0,B01,138Â 290Â 668,1.0
966936,201900008467,4,24,17:30,1,1,1,3.0,4.0,35278,RD 137,M,"48,1828600"," -1,7202900",35,2019,110.0,1.0,2.0,3.0,2161298,2.0,2,4,2,5.0,,-1.0, -1,1997.0,B01,138Â 290Â 668,1.0,0.0,-1.0,1650219,2.0,10,,0.0,2.0,1.0,A01,138Â 290Â 666,1.0
966936,201900008467,4,24,17:30,1,1,1,3.0,4.0,35278,RD 137,M,"48,1828600"," -1,7202900",35,2019,110.0,1.0,2.0,3.0,2161298,2.0,2,4,2,5.0,,-1.0, -1,1997.0,B01,138Â 290Â 668,1.0,0.0,-1.0,1650220,2.0,7,,0.0,2.0,4.0,C01,138Â 290Â 667,1.0
966936,201900008467,4,24,17:30,1,1,1,3.0,4.0,35278,RD 137,M,"48,1828600"," -1,7202900",35,2019,110.0,1.0,2.0,3.0,2161298,2.0,2,4,2,5.0,,-1.0, -1,1997.0,B01,138Â 290Â 668,1.0,0.0,-1.0,1650221,2.0,7,,0.0,2.0,4.0,B01,138Â 290Â 668,1.0
966937,201900008468,4,23,16:30,1,2,1,1.0,2.0,35238,GROS MALHON (AVENUE),M,"48,1271700"," -1,6832000",35,2019,50.0,1.0,1.0,4.0,2161299,1.0,1,1,1,5.0,,-1.0, -1,1996.0,A01,138Â 290Â 664,1.0,0.0,-1.0,1650222,2.0,7,,0.0,2.0,1.0,A01,138Â 290Â 664,0.0
966937,201900008468,4,23,16:30,1,2,1,1.0,2.0,35238,GROS MALHON (AVENUE),M,"48,1271700"," -1,6832000",35,2019,50.0,1.0,1.0,4.0,2161299,1.0,1,1,1,5.0,,-1.0, -1,1996.0,A01,138Â 290Â 664,1.0,0.0,-1.0,1650223,2.0,7,,0.0,2.0,4.0,B01,138Â 290Â 665,1.0
966937,201900008468,4,23,16:30,1,2,1,1.0,2.0,35238,GROS MALHON (AVENUE),M,"48,1271700"," -1,6832000",35,2019,50.0,1.0,1.0,4.0,2161300,1.0,1,4,2,4.0,,-1.0,0,1974.0,B01,138Â 290Â 665,1.0,0.0,-1.0,1650222,2.0,7,,0.0,2.0,1.0,A01,138Â 290Â 664,0.0
966937,201900008468,4,23,16:30,1,2,1,1.0,2.0,35238,GROS MALHON (AVENUE),M,"48,1271700"," -1,6832000",35,2019,50.0,1.0,1.0,4.0,2161300,1.0,1,4,2,4.0,,-1.0,0,1974.0,B01,138Â 290Â 665,1.0,0.0,-1.0,1650223,2.0,7,,0.0,2.0,4.0,B01,138Â 290Â 665,1.0
966938,201900008469,4,23,12:15,1,2,9,2.0,6.0,35238,JANVIER (AVENUE JEAN),M,"48,1091700"," -1,6738750",35,2019,30.0,1.0,2.0,4.0,2161301,1.0,1,1,1,0.0,,-1.0, -1,1962.0,A01,138Â 290Â 663,2.0,6.0,-1.0,1650224,1.0,32,,0.0,1.0,1.0,A01,138Â 290Â 663,1.0
966938,201900008469,4,23,12:15,1,2,9,2.0,6.0,35238,JANVIER (AVENUE JEAN),M,"48,1091700"," -1,6738750",35,2019,30.0,1.0,2.0,4.0,2161302,10.0,3,4,1,2.0,,2.0,3,2006.0,A01,138Â 290Â 663,8.0,0.0,-1.0,1650224,1.0,32,,0.0,1.0,1.0,A01,138Â 290Â 663,1.0
966939,201900008470,4,23,08:50,1,2,6,1.0,2.0,35238,VALLES (JULES),M,"48,1050470"," -1,7081100",35,2019,50.0,1.0,1.0,4.0,2161303,1.0,1,4,1,1.0,,-1.0,0,2000.0,B01,138Â 290Â 662,8.0,0.0,-1.0,1650225,3.0,7,,0.0,2.0,2.0,Z01,138Â 290Â 661,0.0
966939,201900008470,4,23,08:50,1,2,6,1.0,2.0,35238,VALLES (JULES),M,"48,1050470"," -1,7081100",35,2019,50.0,1.0,1.0,4.0,2161303,1.0,1,4,1,1.0,,-1.0,0,2000.0,B01,138Â 290Â 662,8.0,0.0,-1.0,1650226,3.0,1,,0.0,2.0,5.0,B01,138Â 290Â 662,5.0
966940,201900008471,4,21,16:00,1,1,1,1.0,2.0,35238,RN136,M,"48,0816700"," -1,6764700",35,2019,50.0,1.0,1.0,2.0,2161304,1.0,1,4,1,3.0,,-1.0, -1,1981.0,B01,138Â 290Â 659,1.0,8.0,-1.0,1650227,1.0,7,,0.0,2.0,4.0,B01,138Â 290Â 659,1.0
966940,201900008471,4,21,16:00,1,1,1,1.0,2.0,35238,RN136,M,"48,0816700"," -1,6764700",35,2019,50.0,1.0,1.0,2.0,2161304,1.0,1,4,1,3.0,,-1.0, -1,1981.0,B01,138Â 290Â 659,1.0,8.0,-1.0,1650228,1.0,7,,0.0,2.0,1.0,A01,138Â 290Â 660,1.0