Unnamed: 0_x,num_acc,mois,jour,hrmn,lum,agg,int,atm,col,com,adr,gps,lat,long,dep,annee,vma,situ,surf,catr,Unnamed: 0_y,place,catu,grav,sexe,trajet,secu,locp,actp,an_nais,num_veh_x,id_vehicule_x,secu1,secu2,secu3,Unnamed: 0,senc,catv,occutc,obs,obsm,choc,num_veh_y,id_vehicule_y,motor
966940,201900008471,4,21,16:00,1,1,1,1.0,2.0,35238,RN136,M,"48,0816700"," -1,6764700",35,2019,50.0,1.0,1.0,2.0,2161305,3.0,2,1,2,5.0,,-1.0, -1,2013.0,A01,138Â 290Â 660,0.0,0.0,-1.0,1650227,1.0,7,,0.0,2.0,4.0,B01,138Â 290Â 659,1.0
966940,201900008471,4,21,16:00,1,1,1,1.0,2.0,35238,RN136,M,"48,0816700"," -1,6764700",35,2019,50.0,1.0,1.0,2.0,2161305,3.0,2,1,2,5.0,,-1.0, -1,2013.0,A01,138Â 290Â 660,0.0,0.0,-1.0,1650228,1.0,7,,0.0,2.0,1.0,A01,138Â 290Â 660,1.0
966940,201900008471,4,21,16:00,1,1,1,1.0,2.0,35238,RN136,M,"48,0816700"," -1,6764700",35,2019,50.0,1.0,1.0,2.0,2161306,1.0,1,1,1,5.0,,-1.0, -1,1978.0,A01,138Â 290Â 660,1.0,0.0,-1.0,1650227,1.0,7,,0.0,2.0,4.0,B01,138Â 290Â 659,1.0
966940,201900008471,4,21,16:00,1,1,1,1.0,2.0,35238,RN136,M,"48,0816700"," -1,6764700",35,2019,50.0,1.0,1.0,2.0,2161306,1.0,1,1,1,5.0,,-1.0, -1,1978.0,A01,138Â 290Â 660,1.0,0.0,-1.0,1650228,1.0,7,,0.0,2.0,1.0,A01,138Â 290Â 660,1.0
966940,201900008471,4,21,16:00,1,1,1,1.0,2.0,35238,RN136,M,"48,0816700"," -1,6764700",35,2019,50.0,1.0,1.0,2.0,2161307,4.0,2,1,1,5.0,,-1.0, -1,2004.0,A01,138Â 290Â 660,1.0,0.0,-1.0,1650227,1.0,7,,0.0,2.0,4.0,B01,138Â 290Â 659,1.0
966940,201900008471,4,21,16:00,1,1,1,1.0,2.0,35238,RN136,M,"48,0816700"," -1,6764700",35,2019,50.0,1.0,1.0,2.0,2161307,4.0,2,1,1,5.0,,-1.0, -1,2004.0,A01,138Â 290Â 660,1.0,0.0,-1.0,1650228,1.0,7,,0.0,2.0,1.0,A01,138Â 290Â 660,1.0
966940,201900008471,4,21,16:00,1,1,1,1.0,2.0,35238,RN136,M,"48,0816700"," -1,6764700",35,2019,50.0,1.0,1.0,2.0,2161308,2.0,2,1,2,5.0,,-1.0, -1,1983.0,A01,138Â 290Â 660,1.0,0.0,-1.0,1650227,1.0,7,,0.0,2.0,4.0,B01,138Â 290Â 659,1.0
966940,201900008471,4,21,16:00,1,1,1,1.0,2.0,35238,RN136,M,"48,0816700"," -1,6764700",35,2019,50.0,1.0,1.0,2.0,2161308,2.0,2,1,2,5.0,,-1.0, -1,1983.0,A01,138Â 290Â 660,1.0,0.0,-1.0,1650228,1.0,7,,0.0,2.0,1.0,A01,138Â 290Â 660,1.0
966941,201900008472,4,20,12:20,1,2,1,1.0,2.0,35238,ESPAGNE (D'),M,"48,0866600"," -1,6730980",35,2019,50.0,1.0,1.0,4.0,2161309,1.0,1,1,1,5.0,,-1.0, -1,1974.0,B01,138Â 290Â 657,1.0,0.0,-1.0,1650229,3.0,7,,0.0,2.0,4.0,B01,138Â 290Â 657,1.0
966941,201900008472,4,20,12:20,1,2,1,1.0,2.0,35238,ESPAGNE (D'),M,"48,0866600"," -1,6730980",35,2019,50.0,1.0,1.0,4.0,2161309,1.0,1,1,1,5.0,,-1.0, -1,1974.0,B01,138Â 290Â 657,1.0,0.0,-1.0,1650230,3.0,7,,0.0,2.0,1.0,A01,138Â 290Â 658,1.0
966941,201900008472,4,20,12:20,1,2,1,1.0,2.0,35238,ESPAGNE (D'),M,"48,0866600"," -1,6730980",35,2019,50.0,1.0,1.0,4.0,2161310,5.0,2,4,2,5.0,,-1.0, -1,1986.0,B01,138Â 290Â 657,1.0,0.0,-1.0,1650229,3.0,7,,0.0,2.0,4.0,B01,138Â 290Â 657,1.0
966941,201900008472,4,20,12:20,1,2,1,1.0,2.0,35238,ESPAGNE (D'),M,"48,0866600"," -1,6730980",35,2019,50.0,1.0,1.0,4.0,2161310,5.0,2,4,2,5.0,,-1.0, -1,1986.0,B01,138Â 290Â 657,1.0,0.0,-1.0,1650230,3.0,7,,0.0,2.0,1.0,A01,138Â 290Â 658,1.0
966941,201900008472,4,20,12:20,1,2,1,1.0,2.0,35238,ESPAGNE (D'),M,"48,0866600"," -1,6730980",35,2019,50.0,1.0,1.0,4.0,2161311,4.0,2,4,1,5.0,,-1.0, -1,2005.0,B01,138Â 290Â 657,1.0,0.0,-1.0,1650229,3.0,7,,0.0,2.0,4.0,B01,138Â 290Â 657,1.0
966941,201900008472,4,20,12:20,1,2,1,1.0,2.0,35238,ESPAGNE (D'),M,"48,0866600"," -1,6730980",35,2019,50.0,1.0,1.0,4.0,2161311,4.0,2,4,1,5.0,,-1.0, -1,2005.0,B01,138Â 290Â 657,1.0,0.0,-1.0,1650230,3.0,7,,0.0,2.0,1.0,A01,138Â 290Â 658,1.0
966941,201900008472,4,20,12:20,1,2,1,1.0,2.0,35238,ESPAGNE (D'),M,"48,0866600"," -1,6730980",35,2019,50.0,1.0,1.0,4.0,2161312,2.0,2,1,1,5.0,,-1.0, -1,1960.0,B01,138Â 290Â 657,1.0,0.0,-1.0,1650229,3.0,7,,0.0,2.0,4.0,B01,138Â 290Â 657,1.0
966941,201900008472,4,20,12:20,1,2,1,1.0,2.0,35238,ESPAGNE (D'),M,"48,0866600"," -1,6730980",35,2019,50.0,1.0,1.0,4.0,2161312,2.0,2,1,1,5.0,,-1.0, -1,1960.0,B01,138Â 290Â 657,1.0,0.0,-1.0,1650230,3.0,7,,0.0,2.0,1.0,A01,138Â 290Â 658,1.0
966941,201900008472,4,20,12:20,1,2,1,1.0,2.0,35238,ESPAGNE (D'),M,"48,0866600"," -1,6730980",35,2019,50.0,1.0,1.0,4.0,2161313,1.0,1,1,1,5.0,,-1.0, -1,1981.0,A01,138Â 290Â 658,1.0,0.0,-1.0,1650229,3.0,7,,0.0,2.0,4.0,B01,138Â 290Â 657,1.0
966941,201900008472,4,20,12:20,1,2,1,1.0,2.0,35238,ESPAGNE (D'),M,"48,0866600"," -1,6730980",35,2019,50.0,1.0,1.0,4.0,2161313,1.0,1,1,1,5.0,,-1.0, -1,1981.0,A01,138Â 290Â 658,1.0,0.0,-1.0,1650230,3.0,7,,0.0,2.0,1.0,A01,138Â 290Â 658,1.0
966942,201900008473,4,20,05:20,5,2,1,1.0,6.0,35238,LIBERTE (BD DE LA),M,"48,1085000"," -1,6841000",35,2019,50.0,1.0,1.0,4.0,2161314,1.0,1,1,1,1.0,,0.0,0,1973.0,A01,138Â 290Â 656,1.0,0.0,-1.0,1650231,3.0,7,,0.0,1.0,1.0,A01,138Â 290Â 656,1.0
966942,201900008473,4,20,05:20,5,2,1,1.0,6.0,35238,LIBERTE (BD DE LA),M,"48,1085000"," -1,6841000",35,2019,50.0,1.0,1.0,4.0,2161315,10.0,3,4,1,5.0,,4.0,3,1978.0,A01,138Â 290Â 656,8.0,0.0,-1.0,1650231,3.0,7,,0.0,1.0,1.0,A01,138Â 290Â 656,1.0
966943,201900008474,4,19,08:50,1,2,1,1.0,6.0,35238,MITTERAND (MAIL FRANCOIS),M,"48,1083500"," -1,6939480",35,2019,50.0,1.0,1.0,4.0,2161316,10.0,3,4,2,1.0,,3.0,3,1985.0,A01,138Â 290Â 655,8.0,0.0,-1.0,1650232,3.0,32,,0.0,1.0,1.0,A01,138Â 290Â 655,1.0
966943,201900008474,4,19,08:50,1,2,1,1.0,6.0,35238,MITTERAND (MAIL FRANCOIS),M,"48,1083500"," -1,6939480",35,2019,50.0,1.0,1.0,4.0,2161317,1.0,1,1,1,1.0,,-1.0, -1,1991.0,A01,138Â 290Â 655,2.0,6.0,-1.0,1650232,3.0,32,,0.0,1.0,1.0,A01,138Â 290Â 655,1.0
966944,201900008475,4,18,17:45,1,1,1,1.0,4.0,35238,RN136,M,"48,1199270"," -1,7200260",35,2019,90.0,1.0,1.0,2.0,2161318,1.0,1,1,2,0.0,,-1.0,0,1997.0,A01,138Â 290Â 650,1.0,0.0,-1.0,1650233,1.0,7,,0.0,2.0,1.0,A01,138Â 290Â 650,1.0
966944,201900008475,4,18,17:45,1,1,1,1.0,4.0,35238,RN136,M,"48,1199270"," -1,7200260",35,2019,90.0,1.0,1.0,2.0,2161318,1.0,1,1,2,0.0,,-1.0,0,1997.0,A01,138Â 290Â 650,1.0,0.0,-1.0,1650234,1.0,7,,0.0,2.0,2.0,C01,138Â 290Â 651,1.0
966944,201900008475,4,18,17:45,1,1,1,1.0,4.0,35238,RN136,M,"48,1199270"," -1,7200260",35,2019,90.0,1.0,1.0,2.0,2161318,1.0,1,1,2,0.0,,-1.0,0,1997.0,A01,138Â 290Â 650,1.0,0.0,-1.0,1650235,1.0,7,,0.0,2.0,1.0,E01,138Â 290Â 652,1.0
966944,201900008475,4,18,17:45,1,1,1,1.0,4.0,35238,RN136,M,"48,1199270"," -1,7200260",35,2019,90.0,1.0,1.0,2.0,2161318,1.0,1,1,2,0.0,,-1.0,0,1997.0,A01,138Â 290Â 650,1.0,0.0,-1.0,1650236,1.0,7,,0.0,2.0,1.0,B01,138Â 290Â 653,1.0
966944,201900008475,4,18,17:45,1,1,1,1.0,4.0,35238,RN136,M,"48,1199270"," -1,7200260",35,2019,90.0,1.0,1.0,2.0,2161318,1.0,1,1,2,0.0,,-1.0,0,1997.0,A01,138Â 290Â 650,1.0,0.0,-1.0,1650237,1.0,7,,0.0,2.0,1.0,D01,138Â 290Â 654,1.0
966944,201900008475,4,18,17:45,1,1,1,1.0,4.0,35238,RN136,M,"48,1199270"," -1,7200260",35,2019,90.0,1.0,1.0,2.0,2161319,1.0,1,1,1,0.0,,-1.0, -1,1986.0,C01,138Â 290Â 651,1.0,0.0,-1.0,1650233,1.0,7,,0.0,2.0,1.0,A01,138Â 290Â 650,1.0
966944,201900008475,4,18,17:45,1,1,1,1.0,4.0,35238,RN136,M,"48,1199270"," -1,7200260",35,2019,90.0,1.0,1.0,2.0,2161319,1.0,1,1,1,0.0,,-1.0, -1,1986.0,C01,138Â 290Â 651,1.0,0.0,-1.0,1650234,1.0,7,,0.0,2.0,2.0,C01,138Â 290Â 651,1.0
966944,201900008475,4,18,17:45,1,1,1,1.0,4.0,35238,RN136,M,"48,1199270"," -1,7200260",35,2019,90.0,1.0,1.0,2.0,2161319,1.0,1,1,1,0.0,,-1.0, -1,1986.0,C01,138Â 290Â 651,1.0,0.0,-1.0,1650235,1.0,7,,0.0,2.0,1.0,E01,138Â 290Â 652,1.0
966944,201900008475,4,18,17:45,1,1,1,1.0,4.0,35238,RN136,M,"48,1199270"," -1,7200260",35,2019,90.0,1.0,1.0,2.0,2161319,1.0,1,1,1,0.0,,-1.0, -1,1986.0,C01,138Â 290Â 651,1.0,0.0,-1.0,1650236,1.0,7,,0.0,2.0,1.0,B01,138Â 290Â 653,1.0
966944,201900008475,4,18,17:45,1,1,1,1.0,4.0,35238,RN136,M,"48,1199270"," -1,7200260",35,2019,90.0,1.0,1.0,2.0,2161319,1.0,1,1,1,0.0,,-1.0, -1,1986.0,C01,138Â 290Â 651,1.0,0.0,-1.0,1650237,1.0,7,,0.0,2.0,1.0,D01,138Â 290Â 654,1.0
966944,201900008475,4,18,17:45,1,1,1,1.0,4.0,35238,RN136,M,"48,1199270"," -1,7200260",35,2019,90.0,1.0,1.0,2.0,2161320,2.0,2,4,2,0.0,,-1.0,0,1987.0,C01,138Â 290Â 651,1.0,0.0,-1.0,1650233,1.0,7,,0.0,2.0,1.0,A01,138Â 290Â 650,1.0
966944,201900008475,4,18,17:45,1,1,1,1.0,4.0,35238,RN136,M,"48,1199270"," -1,7200260",35,2019,90.0,1.0,1.0,2.0,2161320,2.0,2,4,2,0.0,,-1.0,0,1987.0,C01,138Â 290Â 651,1.0,0.0,-1.0,1650234,1.0,7,,0.0,2.0,2.0,C01,138Â 290Â 651,1.0
966944,201900008475,4,18,17:45,1,1,1,1.0,4.0,35238,RN136,M,"48,1199270"," -1,7200260",35,2019,90.0,1.0,1.0,2.0,2161320,2.0,2,4,2,0.0,,-1.0,0,1987.0,C01,138Â 290Â 651,1.0,0.0,-1.0,1650235,1.0,7,,0.0,2.0,1.0,E01,138Â 290Â 652,1.0
966944,201900008475,4,18,17:45,1,1,1,1.0,4.0,35238,RN136,M,"48,1199270"," -1,7200260",35,2019,90.0,1.0,1.0,2.0,2161320,2.0,2,4,2,0.0,,-1.0,0,1987.0,C01,138Â 290Â 651,1.0,0.0,-1.0,1650236,1.0,7,,0.0,2.0,1.0,B01,138Â 290Â 653,1.0
966944,201900008475,4,18,17:45,1,1,1,1.0,4.0,35238,RN136,M,"48,1199270"," -1,7200260",35,2019,90.0,1.0,1.0,2.0,2161320,2.0,2,4,2,0.0,,-1.0,0,1987.0,C01,138Â 290Â 651,1.0,0.0,-1.0,1650237,1.0,7,,0.0,2.0,1.0,D01,138Â 290Â 654,1.0
966944,201900008475,4,18,17:45,1,1,1,1.0,4.0,35238,RN136,M,"48,1199270"," -1,7200260",35,2019,90.0,1.0,1.0,2.0,2161321,1.0,1,1,2,0.0,,-1.0, -1,2000.0,E01,138Â 290Â 652,1.0,0.0,-1.0,1650233,1.0,7,,0.0,2.0,1.0,A01,138Â 290Â 650,1.0
966944,201900008475,4,18,17:45,1,1,1,1.0,4.0,35238,RN136,M,"48,1199270"," -1,7200260",35,2019,90.0,1.0,1.0,2.0,2161321,1.0,1,1,2,0.0,,-1.0, -1,2000.0,E01,138Â 290Â 652,1.0,0.0,-1.0,1650234,1.0,7,,0.0,2.0,2.0,C01,138Â 290Â 651,1.0
966944,201900008475,4,18,17:45,1,1,1,1.0,4.0,35238,RN136,M,"48,1199270"," -1,7200260",35,2019,90.0,1.0,1.0,2.0,2161321,1.0,1,1,2,0.0,,-1.0, -1,2000.0,E01,138Â 290Â 652,1.0,0.0,-1.0,1650235,1.0,7,,0.0,2.0,1.0,E01,138Â 290Â 652,1.0
966944,201900008475,4,18,17:45,1,1,1,1.0,4.0,35238,RN136,M,"48,1199270"," -1,7200260",35,2019,90.0,1.0,1.0,2.0,2161321,1.0,1,1,2,0.0,,-1.0, -1,2000.0,E01,138Â 290Â 652,1.0,0.0,-1.0,1650236,1.0,7,,0.0,2.0,1.0,B01,138Â 290Â 653,1.0
966944,201900008475,4,18,17:45,1,1,1,1.0,4.0,35238,RN136,M,"48,1199270"," -1,7200260",35,2019,90.0,1.0,1.0,2.0,2161321,1.0,1,1,2,0.0,,-1.0, -1,2000.0,E01,138Â 290Â 652,1.0,0.0,-1.0,1650237,1.0,7,,0.0,2.0,1.0,D01,138Â 290Â 654,1.0
966944,201900008475,4,18,17:45,1,1,1,1.0,4.0,35238,RN136,M,"48,1199270"," -1,7200260",35,2019,90.0,1.0,1.0,2.0,2161322,1.0,1,1,1,5.0,,-1.0, -1,1986.0,B01,138Â 290Â 653,1.0,4.0,-1.0,1650233,1.0,7,,0.0,2.0,1.0,A01,138Â 290Â 650,1.0
966944,201900008475,4,18,17:45,1,1,1,1.0,4.0,35238,RN136,M,"48,1199270"," -1,7200260",35,2019,90.0,1.0,1.0,2.0,2161322,1.0,1,1,1,5.0,,-1.0, -1,1986.0,B01,138Â 290Â 653,1.0,4.0,-1.0,1650234,1.0,7,,0.0,2.0,2.0,C01,138Â 290Â 651,1.0
966944,201900008475,4,18,17:45,1,1,1,1.0,4.0,35238,RN136,M,"48,1199270"," -1,7200260",35,2019,90.0,1.0,1.0,2.0,2161322,1.0,1,1,1,5.0,,-1.0, -1,1986.0,B01,138Â 290Â 653,1.0,4.0,-1.0,1650235,1.0,7,,0.0,2.0,1.0,E01,138Â 290Â 652,1.0
966944,201900008475,4,18,17:45,1,1,1,1.0,4.0,35238,RN136,M,"48,1199270"," -1,7200260",35,2019,90.0,1.0,1.0,2.0,2161322,1.0,1,1,1,5.0,,-1.0, -1,1986.0,B01,138Â 290Â 653,1.0,4.0,-1.0,1650236,1.0,7,,0.0,2.0,1.0,B01,138Â 290Â 653,1.0
966944,201900008475,4,18,17:45,1,1,1,1.0,4.0,35238,RN136,M,"48,1199270"," -1,7200260",35,2019,90.0,1.0,1.0,2.0,2161322,1.0,1,1,1,5.0,,-1.0, -1,1986.0,B01,138Â 290Â 653,1.0,4.0,-1.0,1650237,1.0,7,,0.0,2.0,1.0,D01,138Â 290Â 654,1.0
966944,201900008475,4,18,17:45,1,1,1,1.0,4.0,35238,RN136,M,"48,1199270"," -1,7200260",35,2019,90.0,1.0,1.0,2.0,2161323,1.0,1,1,1,0.0,,-1.0, -1,1996.0,D01,138Â 290Â 654,1.0,0.0,-1.0,1650233,1.0,7,,0.0,2.0,1.0,A01,138Â 290Â 650,1.0
966944,201900008475,4,18,17:45,1,1,1,1.0,4.0,35238,RN136,M,"48,1199270"," -1,7200260",35,2019,90.0,1.0,1.0,2.0,2161323,1.0,1,1,1,0.0,,-1.0, -1,1996.0,D01,138Â 290Â 654,1.0,0.0,-1.0,1650234,1.0,7,,0.0,2.0,2.0,C01,138Â 290Â 651,1.0
966944,201900008475,4,18,17:45,1,1,1,1.0,4.0,35238,RN136,M,"48,1199270"," -1,7200260",35,2019,90.0,1.0,1.0,2.0,2161323,1.0,1,1,1,0.0,,-1.0, -1,1996.0,D01,138Â 290Â 654,1.0,0.0,-1.0,1650235,1.0,7,,0.0,2.0,1.0,E01,138Â 290Â 652,1.0
966944,201900008475,4,18,17:45,1,1,1,1.0,4.0,35238,RN136,M,"48,1199270"," -1,7200260",35,2019,90.0,1.0,1.0,2.0,2161323,1.0,1,1,1,0.0,,-1.0, -1,1996.0,D01,138Â 290Â 654,1.0,0.0,-1.0,1650236,1.0,7,,0.0,2.0,1.0,B01,138Â 290Â 653,1.0
966944,201900008475,4,18,17:45,1,1,1,1.0,4.0,35238,RN136,M,"48,1199270"," -1,7200260",35,2019,90.0,1.0,1.0,2.0,2161323,1.0,1,1,1,0.0,,-1.0, -1,1996.0,D01,138Â 290Â 654,1.0,0.0,-1.0,1650237,1.0,7,,0.0,2.0,1.0,D01,138Â 290Â 654,1.0
966945,201900008476,4,17,08:00,1,2,1,1.0,6.0,35238,NANTES (DE),M,"48,0949610"," -1,6900840",35,2019,50.0,1.0,1.0,4.0,2161324,1.0,1,4,2,1.0,,-1.0,0,1963.0,A01,138Â 290Â 649,8.0,0.0,-1.0,1650238,3.0,80,,0.0,0.0,2.0,A01,138Â 290Â 649,3.0
966946,201900008477,4,25,02:10,5,2,2,6.0,3.0,34172,JUSTICE DE CASTELNAU (AVENUE DE LA),M,"43,6260700","3,8823100",34,2019,50.0,1.0,1.0,4.0,2161325,1.0,1,2,1,0.0,,0.0,0,1997.0,B01,138Â 290Â 647,8.0,0.0,-1.0,1650239,2.0,30,,0.0,2.0,9.0,B01,138Â 290Â 647,1.0
966946,201900008477,4,25,02:10,5,2,2,6.0,3.0,34172,JUSTICE DE CASTELNAU (AVENUE DE LA),M,"43,6260700","3,8823100",34,2019,50.0,1.0,1.0,4.0,2161325,1.0,1,2,1,0.0,,0.0,0,1997.0,B01,138Â 290Â 647,8.0,0.0,-1.0,1650240,2.0,7,,0.0,2.0,2.0,A01,138Â 290Â 648,1.0
966946,201900008477,4,25,02:10,5,2,2,6.0,3.0,34172,JUSTICE DE CASTELNAU (AVENUE DE LA),M,"43,6260700","3,8823100",34,2019,50.0,1.0,1.0,4.0,2161326,2.0,2,3,1,0.0,,0.0,0,2000.0,B01,138Â 290Â 647,8.0,0.0,-1.0,1650239,2.0,30,,0.0,2.0,9.0,B01,138Â 290Â 647,1.0
966946,201900008477,4,25,02:10,5,2,2,6.0,3.0,34172,JUSTICE DE CASTELNAU (AVENUE DE LA),M,"43,6260700","3,8823100",34,2019,50.0,1.0,1.0,4.0,2161326,2.0,2,3,1,0.0,,0.0,0,2000.0,B01,138Â 290Â 647,8.0,0.0,-1.0,1650240,2.0,7,,0.0,2.0,2.0,A01,138Â 290Â 648,1.0
966946,201900008477,4,25,02:10,5,2,2,6.0,3.0,34172,JUSTICE DE CASTELNAU (AVENUE DE LA),M,"43,6260700","3,8823100",34,2019,50.0,1.0,1.0,4.0,2161327,2.0,2,1,1,0.0,,0.0,0,1985.0,A01,138Â 290Â 648,1.0,0.0,-1.0,1650239,2.0,30,,0.0,2.0,9.0,B01,138Â 290Â 647,1.0
966946,201900008477,4,25,02:10,5,2,2,6.0,3.0,34172,JUSTICE DE CASTELNAU (AVENUE DE LA),M,"43,6260700","3,8823100",34,2019,50.0,1.0,1.0,4.0,2161327,2.0,2,1,1,0.0,,0.0,0,1985.0,A01,138Â 290Â 648,1.0,0.0,-1.0,1650240,2.0,7,,0.0,2.0,2.0,A01,138Â 290Â 648,1.0
966946,201900008477,4,25,02:10,5,2,2,6.0,3.0,34172,JUSTICE DE CASTELNAU (AVENUE DE LA),M,"43,6260700","3,8823100",34,2019,50.0,1.0,1.0,4.0,2161328,1.0,1,1,1,0.0,,0.0,0,1985.0,A01,138Â 290Â 648,1.0,8.0,-1.0,1650239,2.0,30,,0.0,2.0,9.0,B01,138Â 290Â 647,1.0
966946,201900008477,4,25,02:10,5,2,2,6.0,3.0,34172,JUSTICE DE CASTELNAU (AVENUE DE LA),M,"43,6260700","3,8823100",34,2019,50.0,1.0,1.0,4.0,2161328,1.0,1,1,1,0.0,,0.0,0,1985.0,A01,138Â 290Â 648,1.0,8.0,-1.0,1650240,2.0,7,,0.0,2.0,2.0,A01,138Â 290Â 648,1.0
966947,201900008478,4,21,20:15,2,2,9,1.0,3.0,34172,PRES D'ARENES (AVENUE DES),M,"43,5918900","3,8811500",34,2019,50.0,1.0,1.0,4.0,2161329,1.0,1,4,1,5.0,,0.0,0,2007.0,B01,138Â 290Â 645,8.0,0.0,-1.0,1650241,1.0,1,,0.0,2.0,1.0,B01,138Â 290Â 645,5.0
966947,201900008478,4,21,20:15,2,2,9,1.0,3.0,34172,PRES D'ARENES (AVENUE DES),M,"43,5918900","3,8811500",34,2019,50.0,1.0,1.0,4.0,2161329,1.0,1,4,1,5.0,,0.0,0,2007.0,B01,138Â 290Â 645,8.0,0.0,-1.0,1650242,1.0,7,,0.0,2.0,2.0,A01,138Â 290Â 646,1.0
966947,201900008478,4,21,20:15,2,2,9,1.0,3.0,34172,PRES D'ARENES (AVENUE DES),M,"43,5918900","3,8811500",34,2019,50.0,1.0,1.0,4.0,2161330,1.0,1,1,1,5.0,,0.0,0,1946.0,A01,138Â 290Â 646,1.0,0.0,-1.0,1650241,1.0,1,,0.0,2.0,1.0,B01,138Â 290Â 645,5.0
966947,201900008478,4,21,20:15,2,2,9,1.0,3.0,34172,PRES D'ARENES (AVENUE DES),M,"43,5918900","3,8811500",34,2019,50.0,1.0,1.0,4.0,2161330,1.0,1,1,1,5.0,,0.0,0,1946.0,A01,138Â 290Â 646,1.0,0.0,-1.0,1650242,1.0,7,,0.0,2.0,2.0,A01,138Â 290Â 646,1.0
966948,201900008479,4,21,08:20,1,2,3,1.0,2.0,34172,RIMBAUD (RUE PAUL),M,"43,6193700","3,8488200",34,2019,50.0,1.0,1.0,4.0,2161331,1.0,1,4,2,0.0,,-1.0, -1,1958.0,B01,138Â 290Â 643,1.0,0.0,-1.0,1650243,1.0,7,,9.0,0.0,4.0,B01,138Â 290Â 643,1.0
966948,201900008479,4,21,08:20,1,2,3,1.0,2.0,34172,RIMBAUD (RUE PAUL),M,"43,6193700","3,8488200",34,2019,50.0,1.0,1.0,4.0,2161331,1.0,1,4,2,0.0,,-1.0, -1,1958.0,B01,138Â 290Â 643,1.0,0.0,-1.0,1650244,1.0,7,,2.0,1.0,1.0,A01,138Â 290Â 644,1.0
966948,201900008479,4,21,08:20,1,2,3,1.0,2.0,34172,RIMBAUD (RUE PAUL),M,"43,6193700","3,8488200",34,2019,50.0,1.0,1.0,4.0,2161332,10.0,3,2,2,0.0,,5.0,B,1948.0,A01,138Â 290Â 644,8.0,0.0,-1.0,1650243,1.0,7,,9.0,0.0,4.0,B01,138Â 290Â 643,1.0
966948,201900008479,4,21,08:20,1,2,3,1.0,2.0,34172,RIMBAUD (RUE PAUL),M,"43,6193700","3,8488200",34,2019,50.0,1.0,1.0,4.0,2161332,10.0,3,2,2,0.0,,5.0,B,1948.0,A01,138Â 290Â 644,8.0,0.0,-1.0,1650244,1.0,7,,2.0,1.0,1.0,A01,138Â 290Â 644,1.0
966948,201900008479,4,21,08:20,1,2,3,1.0,2.0,34172,RIMBAUD (RUE PAUL),M,"43,6193700","3,8488200",34,2019,50.0,1.0,1.0,4.0,2161333,1.0,1,4,1,5.0,,0.0,0,1997.0,A01,138Â 290Â 644,8.0,0.0,-1.0,1650243,1.0,7,,9.0,0.0,4.0,B01,138Â 290Â 643,1.0
966948,201900008479,4,21,08:20,1,2,3,1.0,2.0,34172,RIMBAUD (RUE PAUL),M,"43,6193700","3,8488200",34,2019,50.0,1.0,1.0,4.0,2161333,1.0,1,4,1,5.0,,0.0,0,1997.0,A01,138Â 290Â 644,8.0,0.0,-1.0,1650244,1.0,7,,2.0,1.0,1.0,A01,138Â 290Â 644,1.0
966949,201900008480,4,17,13:55,1,2,1,1.0,2.0,34172,GANGES (ROUTE DE,M,"43,6435800","3,8445000",34,2019,50.0,1.0,1.0,4.0,2161334,1.0,1,4,1,1.0,,0.0,0,1964.0,A01,138Â 290Â 640,2.0,0.0,-1.0,1650245,1.0,34,,0.0,2.0,2.0,A01,138Â 290Â 640,1.0
966949,201900008480,4,17,13:55,1,2,1,1.0,2.0,34172,GANGES (ROUTE DE,M,"43,6435800","3,8445000",34,2019,50.0,1.0,1.0,4.0,2161334,1.0,1,4,1,1.0,,0.0,0,1964.0,A01,138Â 290Â 640,2.0,0.0,-1.0,1650246,1.0,7,,0.0,0.0,6.0,B01,138Â 290Â 641,1.0
966949,201900008480,4,17,13:55,1,2,1,1.0,2.0,34172,GANGES (ROUTE DE,M,"43,6435800","3,8445000",34,2019,50.0,1.0,1.0,4.0,2161335,1.0,1,1,2,0.0,,0.0,0,1992.0,B01,138Â 290Â 641,1.0,0.0,-1.0,1650245,1.0,34,,0.0,2.0,2.0,A01,138Â 290Â 640,1.0
966949,201900008480,4,17,13:55,1,2,1,1.0,2.0,34172,GANGES (ROUTE DE,M,"43,6435800","3,8445000",34,2019,50.0,1.0,1.0,4.0,2161335,1.0,1,1,2,0.0,,0.0,0,1992.0,B01,138Â 290Â 641,1.0,0.0,-1.0,1650246,1.0,7,,0.0,0.0,6.0,B01,138Â 290Â 641,1.0
966950,201900008481,4,19,18:03,1,2,1,1.0,6.0,34172,LODEVE (AVENUE DE,M,"43,6146000","3,8357500",34,2019,50.0,1.0,9.0,4.0,2161336,1.0,1,4,1,9.0,,0.0,0,1995.0,A01,138Â 290Â 638,2.0,0.0,-1.0,1650247,1.0,1,,0.0,2.0,1.0,A01,138Â 290Â 638,5.0
966950,201900008481,4,19,18:03,1,2,1,1.0,6.0,34172,LODEVE (AVENUE DE,M,"43,6146000","3,8357500",34,2019,50.0,1.0,9.0,4.0,2161336,1.0,1,4,1,9.0,,0.0,0,1995.0,A01,138Â 290Â 638,2.0,0.0,-1.0,1650248,1.0,7,,0.0,2.0,7.0,B01,138Â 290Â 639,1.0
966950,201900008481,4,19,18:03,1,2,1,1.0,6.0,34172,LODEVE (AVENUE DE,M,"43,6146000","3,8357500",34,2019,50.0,1.0,9.0,4.0,2161337,1.0,1,1,2,1.0,,0.0,0,1999.0,B01,138Â 290Â 639,1.0,8.0,-1.0,1650247,1.0,1,,0.0,2.0,1.0,A01,138Â 290Â 638,5.0