Unnamed: 0_x,num_acc,mois,jour,hrmn,lum,agg,int,atm,col,com,adr,gps,lat,long,dep,annee,vma,situ,surf,catr,Unnamed: 0_y,place,catu,grav,sexe,trajet,secu,locp,actp,an_nais,num_veh_x,id_vehicule_x,secu1,secu2,secu3,Unnamed: 0,senc,catv,occutc,obs,obsm,choc,num_veh_y,id_vehicule_y,motor
966950,201900008481,4,19,18:03,1,2,1,1.0,6.0,34172,LODEVE (AVENUE DE,M,"43,6146000","3,8357500",34,2019,50.0,1.0,9.0,4.0,2161337,1.0,1,1,2,1.0,,0.0,0,1999.0,B01,138Â 290Â 639,1.0,8.0,-1.0,1650248,1.0,7,,0.0,2.0,7.0,B01,138Â 290Â 639,1.0
966951,201900008482,4,18,09:40,1,2,2,1.0,2.0,34172,FLAHAULT (AVENUE CHARLES,M,"43,6237900","3,8620100",34,2019,50.0,1.0,1.0,4.0,2161338,1.0,1,4,2,2.0,,0.0,0,1998.0,A01,138Â 290Â 636,2.0,8.0,-1.0,1650249,1.0,1,,0.0,2.0,1.0,A01,138Â 290Â 636,6.0
966951,201900008482,4,18,09:40,1,2,2,1.0,2.0,34172,FLAHAULT (AVENUE CHARLES,M,"43,6237900","3,8620100",34,2019,50.0,1.0,1.0,4.0,2161338,1.0,1,4,2,2.0,,0.0,0,1998.0,A01,138Â 290Â 636,2.0,8.0,-1.0,1650250,1.0,7,,0.0,2.0,4.0,B01,138Â 290Â 637,1.0
966951,201900008482,4,18,09:40,1,2,2,1.0,2.0,34172,FLAHAULT (AVENUE CHARLES,M,"43,6237900","3,8620100",34,2019,50.0,1.0,1.0,4.0,2161339,1.0,1,1,1,5.0,,0.0,0,1957.0,B01,138Â 290Â 637,1.0,8.0,-1.0,1650249,1.0,1,,0.0,2.0,1.0,A01,138Â 290Â 636,6.0
966951,201900008482,4,18,09:40,1,2,2,1.0,2.0,34172,FLAHAULT (AVENUE CHARLES,M,"43,6237900","3,8620100",34,2019,50.0,1.0,1.0,4.0,2161339,1.0,1,1,1,5.0,,0.0,0,1957.0,B01,138Â 290Â 637,1.0,8.0,-1.0,1650250,1.0,7,,0.0,2.0,4.0,B01,138Â 290Â 637,1.0
966952,201900008483,4,24,15:00,1,2,1,1.0,3.0,34336,BEREGOVOY (AVENUE PIERRE),M,"43,3225700","3,2677800",34,2019,50.0,1.0,1.0,4.0,2161340,1.0,1,1,1,4.0,,0.0,0,1989.0,B01,138Â 290Â 634,1.0,8.0,-1.0,1650251,1.0,7,,0.0,2.0,8.0,B01,138Â 290Â 634,1.0
966952,201900008483,4,24,15:00,1,2,1,1.0,3.0,34336,BEREGOVOY (AVENUE PIERRE),M,"43,3225700","3,2677800",34,2019,50.0,1.0,1.0,4.0,2161340,1.0,1,1,1,4.0,,0.0,0,1989.0,B01,138Â 290Â 634,1.0,8.0,-1.0,1650252,2.0,2,,0.0,2.0,1.0,A01,138Â 290Â 635,1.0
966952,201900008483,4,24,15:00,1,2,1,1.0,3.0,34336,BEREGOVOY (AVENUE PIERRE),M,"43,3225700","3,2677800",34,2019,50.0,1.0,1.0,4.0,2161341,1.0,1,3,1,0.0,,0.0,0,1951.0,A01,138Â 290Â 635,2.0,8.0,-1.0,1650251,1.0,7,,0.0,2.0,8.0,B01,138Â 290Â 634,1.0
966952,201900008483,4,24,15:00,1,2,1,1.0,3.0,34336,BEREGOVOY (AVENUE PIERRE),M,"43,3225700","3,2677800",34,2019,50.0,1.0,1.0,4.0,2161341,1.0,1,3,1,0.0,,0.0,0,1951.0,A01,138Â 290Â 635,2.0,8.0,-1.0,1650252,2.0,2,,0.0,2.0,1.0,A01,138Â 290Â 635,1.0
966953,201900008484,4,27,15:25,1,2,1,6.0,7.0,34003,MEDITERRANEENNE (C10 A C12,M,"43,3175700","3,4644500",34,2019,50.0,1.0,1.0,4.0,2161342,1.0,1,3,1,5.0,,0.0,0,1955.0,A01,138Â 290Â 633,1.0,0.0,-1.0,1650253,3.0,7,,14.0,0.0,2.0,A01,138Â 290Â 633,1.0
966953,201900008484,4,27,15:25,1,2,1,6.0,7.0,34003,MEDITERRANEENNE (C10 A C12,M,"43,3175700","3,4644500",34,2019,50.0,1.0,1.0,4.0,2161343,2.0,2,2,1,5.0,,0.0,0,1965.0,A01,138Â 290Â 633,1.0,0.0,-1.0,1650253,3.0,7,,14.0,0.0,2.0,A01,138Â 290Â 633,1.0
966954,201900008485,4,18,21:05,5,1,1,1.0,7.0,34003,RD612,M,"43,2953400","3,5031100",34,2019,50.0,1.0,1.0,3.0,2161344,1.0,1,2,1,5.0,,0.0,0,1969.0,A01,138Â 290Â 632,2.0,6.0,-1.0,1650254,3.0,33,,0.0,0.0,0.0,A01,138Â 290Â 632,1.0
966955,201900008486,4,19,06:30,5,2,2,1.0,1.0,33063,CRS DE LA LIBERATION,M,"44,8328800"," -0,5818200",33,2019,50.0,1.0,1.0,4.0,2161345,1.0,1,4,1,1.0,,0.0, -1,1974.0,A01,138Â 290Â 630,8.0,6.0,-1.0,1650255,1.0,1,,0.0,2.0,1.0,A01,138Â 290Â 630,5.0
966955,201900008486,4,19,06:30,5,2,2,1.0,1.0,33063,CRS DE LA LIBERATION,M,"44,8328800"," -0,5818200",33,2019,50.0,1.0,1.0,4.0,2161345,1.0,1,4,1,1.0,,0.0, -1,1974.0,A01,138Â 290Â 630,8.0,6.0,-1.0,1650256,1.0,7,,0.0,2.0,1.0,B01,138Â 290Â 631,1.0
966955,201900008486,4,19,06:30,5,2,2,1.0,1.0,33063,CRS DE LA LIBERATION,M,"44,8328800"," -0,5818200",33,2019,50.0,1.0,1.0,4.0,2161346,1.0,1,1,1,0.0,,0.0, -1,1964.0,B01,138Â 290Â 631,8.0,0.0,-1.0,1650255,1.0,1,,0.0,2.0,1.0,A01,138Â 290Â 630,5.0
966955,201900008486,4,19,06:30,5,2,2,1.0,1.0,33063,CRS DE LA LIBERATION,M,"44,8328800"," -0,5818200",33,2019,50.0,1.0,1.0,4.0,2161346,1.0,1,1,1,0.0,,0.0, -1,1964.0,B01,138Â 290Â 631,8.0,0.0,-1.0,1650256,1.0,7,,0.0,2.0,1.0,B01,138Â 290Â 631,1.0
966956,201900008487,4,22,22:05,5,2,2,1.0,1.0,33063,BD DU PDT FRANKLIN ROOSEVELT,M,"44,8148000"," -0,5726700",33,2019,50.0,1.0,1.0,4.0,2161347,1.0,1,1,1,0.0,,-1.0,0,1995.0,A01,138Â 290Â 628,8.0,0.0,-1.0,1650257,2.0,7,,0.0,2.0,3.0,A01,138Â 290Â 628,1.0
966956,201900008487,4,22,22:05,5,2,2,1.0,1.0,33063,BD DU PDT FRANKLIN ROOSEVELT,M,"44,8148000"," -0,5726700",33,2019,50.0,1.0,1.0,4.0,2161347,1.0,1,1,1,0.0,,-1.0,0,1995.0,A01,138Â 290Â 628,8.0,0.0,-1.0,1650258,1.0,33,,0.0,2.0,3.0,B01,138Â 290Â 629,1.0
966956,201900008487,4,22,22:05,5,2,2,1.0,1.0,33063,BD DU PDT FRANKLIN ROOSEVELT,M,"44,8148000"," -0,5726700",33,2019,50.0,1.0,1.0,4.0,2161348,1.0,1,3,1,0.0,,0.0, -1,1991.0,B01,138Â 290Â 629,2.0,8.0,-1.0,1650257,2.0,7,,0.0,2.0,3.0,A01,138Â 290Â 628,1.0
966956,201900008487,4,22,22:05,5,2,2,1.0,1.0,33063,BD DU PDT FRANKLIN ROOSEVELT,M,"44,8148000"," -0,5726700",33,2019,50.0,1.0,1.0,4.0,2161348,1.0,1,3,1,0.0,,0.0, -1,1991.0,B01,138Â 290Â 629,2.0,8.0,-1.0,1650258,1.0,33,,0.0,2.0,3.0,B01,138Â 290Â 629,1.0
966957,201900008488,4,23,17:05,1,2,1,1.0,3.0,33063,QUAI DE BRIENNE,M,"44,8232100"," -0,5433800",33,2019,50.0,1.0,1.0,4.0,2161349,1.0,1,3,2,0.0,,-1.0, -1,1981.0,B01,138Â 290Â 626,2.0,0.0,-1.0,1650259,0.0,31,,0.0,2.0,1.0,B01,138Â 290Â 626,1.0
966957,201900008488,4,23,17:05,1,2,1,1.0,3.0,33063,QUAI DE BRIENNE,M,"44,8232100"," -0,5433800",33,2019,50.0,1.0,1.0,4.0,2161349,1.0,1,3,2,0.0,,-1.0, -1,1981.0,B01,138Â 290Â 626,2.0,0.0,-1.0,1650260,0.0,7,,0.0,2.0,3.0,A01,138Â 290Â 627,1.0
966957,201900008488,4,23,17:05,1,2,1,1.0,3.0,33063,QUAI DE BRIENNE,M,"44,8232100"," -0,5433800",33,2019,50.0,1.0,1.0,4.0,2161350,1.0,1,1,2,0.0,,-1.0, -1,1968.0,A01,138Â 290Â 627,8.0,0.0,-1.0,1650259,0.0,31,,0.0,2.0,1.0,B01,138Â 290Â 626,1.0
966957,201900008488,4,23,17:05,1,2,1,1.0,3.0,33063,QUAI DE BRIENNE,M,"44,8232100"," -0,5433800",33,2019,50.0,1.0,1.0,4.0,2161350,1.0,1,1,2,0.0,,-1.0, -1,1968.0,A01,138Â 290Â 627,8.0,0.0,-1.0,1650260,0.0,7,,0.0,2.0,3.0,A01,138Â 290Â 627,1.0
966958,201900008489,4,20,18:40,1,2,3,1.0,6.0,33063,PONT Jacques CHABAN DELMAS sens BACALAN vers BRAZZA,M,"44,8561100"," -0,5495900",33,2019,50.0,1.0,1.0,4.0,2161351,1.0,1,3,1,5.0,,-1.0, -1,1963.0,A01,138Â 290Â 625,2.0,6.0,-1.0,1650261,1.0,30,,12.0,0.0,1.0,A01,138Â 290Â 625,1.0
966959,201900008490,4,20,06:35,2,2,2,1.0,3.0,33063,QUAI DE BACALAN,M,"44,8603500"," -0,5539600",33,2019,50.0,1.0,1.0,4.0,2161352,1.0,1,4,1,4.0,,0.0, -1,1972.0,B01,138Â 290Â 623,8.0,0.0,-1.0,1650262,1.0,37,1.0,0.0,0.0,7.0,B01,138Â 290Â 623,1.0
966959,201900008490,4,20,06:35,2,2,2,1.0,3.0,33063,QUAI DE BACALAN,M,"44,8603500"," -0,5539600",33,2019,50.0,1.0,1.0,4.0,2161352,1.0,1,4,1,4.0,,0.0, -1,1972.0,B01,138Â 290Â 623,8.0,0.0,-1.0,1650263,1.0,14,,0.0,2.0,3.0,A01,138Â 290Â 624,1.0
966959,201900008490,4,20,06:35,2,2,2,1.0,3.0,33063,QUAI DE BACALAN,M,"44,8603500"," -0,5539600",33,2019,50.0,1.0,1.0,4.0,2161353,1.0,1,4,1,4.0,,-1.0, -1,1979.0,A01,138Â 290Â 624,8.0,0.0,-1.0,1650262,1.0,37,1.0,0.0,0.0,7.0,B01,138Â 290Â 623,1.0
966959,201900008490,4,20,06:35,2,2,2,1.0,3.0,33063,QUAI DE BACALAN,M,"44,8603500"," -0,5539600",33,2019,50.0,1.0,1.0,4.0,2161353,1.0,1,4,1,4.0,,-1.0, -1,1979.0,A01,138Â 290Â 624,8.0,0.0,-1.0,1650263,1.0,14,,0.0,2.0,3.0,A01,138Â 290Â 624,1.0
966960,201900008491,4,18,22:15,5,2,3,1.0,6.0,33063,QUAI RICHELIEU (place Quinconces vers place Bir Hakeim),M,"44,8398100"," -0,5685600",33,2019,50.0,1.0,1.0,4.0,2161354,2.0,2,1,1,0.0,,0.0, -1,1953.0,A01,138Â 290Â 622,8.0,0.0,-1.0,1650264,1.0,7,,1.0,0.0,2.0,A01,138Â 290Â 622,1.0
966960,201900008491,4,18,22:15,5,2,3,1.0,6.0,33063,QUAI RICHELIEU (place Quinconces vers place Bir Hakeim),M,"44,8398100"," -0,5685600",33,2019,50.0,1.0,1.0,4.0,2161355,1.0,1,3,1,0.0,,-1.0, -1,1940.0,A01,138Â 290Â 622,8.0,0.0,-1.0,1650264,1.0,7,,1.0,0.0,2.0,A01,138Â 290Â 622,1.0
966961,201900008492,4,13,09:13,1,2,2,1.0,3.0,33522,RUE BOURGES,M,"44,8154400"," -0,5790300",33,2019,50.0,1.0,1.0,4.0,2161356,1.0,1,1,2,9.0,,-1.0, -1,1959.0,A01,138Â 290Â 620,1.0,0.0,-1.0,1650265,2.0,7,,0.0,2.0,8.0,A01,138Â 290Â 620,1.0
966961,201900008492,4,13,09:13,1,2,2,1.0,3.0,33522,RUE BOURGES,M,"44,8154400"," -0,5790300",33,2019,50.0,1.0,1.0,4.0,2161356,1.0,1,1,2,9.0,,-1.0, -1,1959.0,A01,138Â 290Â 620,1.0,0.0,-1.0,1650266,2.0,33,,0.0,2.0,1.0,B01,138Â 290Â 621,1.0
966961,201900008492,4,13,09:13,1,2,2,1.0,3.0,33522,RUE BOURGES,M,"44,8154400"," -0,5790300",33,2019,50.0,1.0,1.0,4.0,2161357,1.0,1,4,1,1.0,,-1.0, -1,1993.0,B01,138Â 290Â 621,2.0,0.0,-1.0,1650265,2.0,7,,0.0,2.0,8.0,A01,138Â 290Â 620,1.0
966961,201900008492,4,13,09:13,1,2,2,1.0,3.0,33522,RUE BOURGES,M,"44,8154400"," -0,5790300",33,2019,50.0,1.0,1.0,4.0,2161357,1.0,1,4,1,1.0,,-1.0, -1,1993.0,B01,138Â 290Â 621,2.0,0.0,-1.0,1650266,2.0,33,,0.0,2.0,1.0,B01,138Â 290Â 621,1.0
966962,201900008493,4,17,17:00,1,2,2,8.0,3.0,33063,AVE DE LA REPUBLIQUE CAUD / bande cyclable fin av rÃ©publique,M,"44,8386000"," -0,6153400",33,2019,50.0,1.0,1.0,4.0,2161358,1.0,1,4,2,1.0,,-1.0, -1,1989.0,B01,138Â 290Â 618,8.0,0.0,-1.0,1650267,1.0,1,,0.0,2.0,1.0,B01,138Â 290Â 618,5.0
966962,201900008493,4,17,17:00,1,2,2,8.0,3.0,33063,AVE DE LA REPUBLIQUE CAUD / bande cyclable fin av rÃ©publique,M,"44,8386000"," -0,6153400",33,2019,50.0,1.0,1.0,4.0,2161358,1.0,1,4,2,1.0,,-1.0, -1,1989.0,B01,138Â 290Â 618,8.0,0.0,-1.0,1650268,1.0,7,,0.0,2.0,0.0,A01,138Â 290Â 619,1.0
966962,201900008493,4,17,17:00,1,2,2,8.0,3.0,33063,AVE DE LA REPUBLIQUE CAUD / bande cyclable fin av rÃ©publique,M,"44,8386000"," -0,6153400",33,2019,50.0,1.0,1.0,4.0,2161359,1.0,1,1,2,1.0,,-1.0, -1,1989.0,A01,138Â 290Â 619,1.0,0.0,-1.0,1650267,1.0,1,,0.0,2.0,1.0,B01,138Â 290Â 618,5.0
966962,201900008493,4,17,17:00,1,2,2,8.0,3.0,33063,AVE DE LA REPUBLIQUE CAUD / bande cyclable fin av rÃ©publique,M,"44,8386000"," -0,6153400",33,2019,50.0,1.0,1.0,4.0,2161359,1.0,1,1,2,1.0,,-1.0, -1,1989.0,A01,138Â 290Â 619,1.0,0.0,-1.0,1650268,1.0,7,,0.0,2.0,0.0,A01,138Â 290Â 619,1.0
966963,201900008494,4,12,08:45,1,2,1,1.0,3.0,33063,RUE DE BREZETS,M,"44,8234400"," -0,5713000",33,2019,50.0,1.0,1.0,4.0,2161360,1.0,1,4,1,0.0,,-1.0, -1,2001.0,B01,138Â 290Â 616,8.0,0.0,-1.0,1650269,0.0,1,,0.0,2.0,1.0,B01,138Â 290Â 616,5.0
966963,201900008494,4,12,08:45,1,2,1,1.0,3.0,33063,RUE DE BREZETS,M,"44,8234400"," -0,5713000",33,2019,50.0,1.0,1.0,4.0,2161360,1.0,1,4,1,0.0,,-1.0, -1,2001.0,B01,138Â 290Â 616,8.0,0.0,-1.0,1650270,1.0,7,,0.0,2.0,2.0,A01,138Â 290Â 617,1.0
966963,201900008494,4,12,08:45,1,2,1,1.0,3.0,33063,RUE DE BREZETS,M,"44,8234400"," -0,5713000",33,2019,50.0,1.0,1.0,4.0,2161361,1.0,1,1,1,4.0,,-1.0, -1,1957.0,A01,138Â 290Â 617,8.0,0.0,-1.0,1650269,0.0,1,,0.0,2.0,1.0,B01,138Â 290Â 616,5.0
966963,201900008494,4,12,08:45,1,2,1,1.0,3.0,33063,RUE DE BREZETS,M,"44,8234400"," -0,5713000",33,2019,50.0,1.0,1.0,4.0,2161361,1.0,1,1,1,4.0,,-1.0, -1,1957.0,A01,138Â 290Â 617,8.0,0.0,-1.0,1650270,1.0,7,,0.0,2.0,2.0,A01,138Â 290Â 617,1.0
966964,201900008495,3,9,10:40,1,2,3,1.0,6.0,33063,RUE DE TAUZIA,M,"44,8277600"," -0,5565300",33,2019,30.0,1.0,1.0,4.0,2161362,10.0,3,4,2,0.0,,1.0,3,1999.0,A01,138Â 290Â 615,8.0,0.0,-1.0,1650271,0.0,40,,0.0,1.0,0.0,A01,138Â 290Â 615,3.0
966964,201900008495,3,9,10:40,1,2,3,1.0,6.0,33063,RUE DE TAUZIA,M,"44,8277600"," -0,5565300",33,2019,30.0,1.0,1.0,4.0,2161363,1.0,1,1,2,4.0,,-1.0, -1,1974.0,A01,138Â 290Â 615,8.0,0.0,-1.0,1650271,0.0,40,,0.0,1.0,0.0,A01,138Â 290Â 615,3.0
966965,201900008496,4,10,13:25,1,2,1,1.0,6.0,33522,AVE DE THOUARS - PiÃ©ton traverse sans regarder en courant derriÃ¨re un bus des nÂ° pairs vers nÂ° impairs.,M,"44,7922500"," -0,5914500",33,2019,30.0,1.0,1.0,4.0,2161364,1.0,1,1,2,3.0,,-1.0, -1,1976.0,A01,138Â 290Â 614,8.0,0.0,-1.0,1650272,1.0,7,,0.0,1.0,8.0,A01,138Â 290Â 614,1.0
966965,201900008496,4,10,13:25,1,2,1,1.0,6.0,33522,AVE DE THOUARS - PiÃ©ton traverse sans regarder en courant derriÃ¨re un bus des nÂ° pairs vers nÂ° impairs.,M,"44,7922500"," -0,5914500",33,2019,30.0,1.0,1.0,4.0,2161365,10.0,3,4,1,5.0,,2.0,5,2004.0,A01,138Â 290Â 614,8.0,0.0,-1.0,1650272,1.0,7,,0.0,1.0,8.0,A01,138Â 290Â 614,1.0
966966,201900008497,4,22,11:20,1,2,3,1.0,3.0,33009,D217E1 / Av.du Golf,M,"44,6450900"," -1,1777300",33,2019,50.0,1.0,1.0,3.0,2161366,1.0,1,3,2,5.0,,-1.0, -1,1961.0,B01,138Â 290Â 612,2.0,0.0,-1.0,1650273,2.0,33,,0.0,2.0,1.0,B01,138Â 290Â 612,1.0
966966,201900008497,4,22,11:20,1,2,3,1.0,3.0,33009,D217E1 / Av.du Golf,M,"44,6450900"," -1,1777300",33,2019,50.0,1.0,1.0,3.0,2161366,1.0,1,3,2,5.0,,-1.0, -1,1961.0,B01,138Â 290Â 612,2.0,0.0,-1.0,1650274,1.0,7,,0.0,2.0,5.0,A01,138Â 290Â 613,1.0
966966,201900008497,4,22,11:20,1,2,3,1.0,3.0,33009,D217E1 / Av.du Golf,M,"44,6450900"," -1,1777300",33,2019,50.0,1.0,1.0,3.0,2161367,2.0,2,1,2,5.0,,-1.0, -1,2010.0,A01,138Â 290Â 613,1.0,0.0,-1.0,1650273,2.0,33,,0.0,2.0,1.0,B01,138Â 290Â 612,1.0
966966,201900008497,4,22,11:20,1,2,3,1.0,3.0,33009,D217E1 / Av.du Golf,M,"44,6450900"," -1,1777300",33,2019,50.0,1.0,1.0,3.0,2161367,2.0,2,1,2,5.0,,-1.0, -1,2010.0,A01,138Â 290Â 613,1.0,0.0,-1.0,1650274,1.0,7,,0.0,2.0,5.0,A01,138Â 290Â 613,1.0
966966,201900008497,4,22,11:20,1,2,3,1.0,3.0,33009,D217E1 / Av.du Golf,M,"44,6450900"," -1,1777300",33,2019,50.0,1.0,1.0,3.0,2161368,1.0,1,1,2,5.0,,-1.0, -1,1979.0,A01,138Â 290Â 613,1.0,0.0,-1.0,1650273,2.0,33,,0.0,2.0,1.0,B01,138Â 290Â 612,1.0
966966,201900008497,4,22,11:20,1,2,3,1.0,3.0,33009,D217E1 / Av.du Golf,M,"44,6450900"," -1,1777300",33,2019,50.0,1.0,1.0,3.0,2161368,1.0,1,1,2,5.0,,-1.0, -1,1979.0,A01,138Â 290Â 613,1.0,0.0,-1.0,1650274,1.0,7,,0.0,2.0,5.0,A01,138Â 290Â 613,1.0
966966,201900008497,4,22,11:20,1,2,3,1.0,3.0,33009,D217E1 / Av.du Golf,M,"44,6450900"," -1,1777300",33,2019,50.0,1.0,1.0,3.0,2161369,3.0,2,1,2,5.0,,-1.0, -1,2018.0,A01,138Â 290Â 613,1.0,0.0,-1.0,1650273,2.0,33,,0.0,2.0,1.0,B01,138Â 290Â 612,1.0
966966,201900008497,4,22,11:20,1,2,3,1.0,3.0,33009,D217E1 / Av.du Golf,M,"44,6450900"," -1,1777300",33,2019,50.0,1.0,1.0,3.0,2161369,3.0,2,1,2,5.0,,-1.0, -1,2018.0,A01,138Â 290Â 613,1.0,0.0,-1.0,1650274,1.0,7,,0.0,2.0,5.0,A01,138Â 290Â 613,1.0
966966,201900008497,4,22,11:20,1,2,3,1.0,3.0,33009,D217E1 / Av.du Golf,M,"44,6450900"," -1,1777300",33,2019,50.0,1.0,1.0,3.0,2161370,2.0,2,1,2,5.0,,-1.0, -1,2007.0,A01,138Â 290Â 613,1.0,0.0,-1.0,1650273,2.0,33,,0.0,2.0,1.0,B01,138Â 290Â 612,1.0
966966,201900008497,4,22,11:20,1,2,3,1.0,3.0,33009,D217E1 / Av.du Golf,M,"44,6450900"," -1,1777300",33,2019,50.0,1.0,1.0,3.0,2161370,2.0,2,1,2,5.0,,-1.0, -1,2007.0,A01,138Â 290Â 613,1.0,0.0,-1.0,1650274,1.0,7,,0.0,2.0,5.0,A01,138Â 290Â 613,1.0
966967,201900008498,4,21,14:59,1,2,1,1.0,1.0,33529,BD DU PYLA,M,"44,6313200"," -1,1562940",33,2019,50.0,1.0,1.0,4.0,2161371,1.0,1,3,1,5.0,,-1.0, -1,1989.0,A01,138Â 290Â 610,2.0,0.0,-1.0,1650275,1.0,30,,0.0,2.0,1.0,A01,138Â 290Â 610,1.0
966967,201900008498,4,21,14:59,1,2,1,1.0,1.0,33529,BD DU PYLA,M,"44,6313200"," -1,1562940",33,2019,50.0,1.0,1.0,4.0,2161371,1.0,1,3,1,5.0,,-1.0, -1,1989.0,A01,138Â 290Â 610,2.0,0.0,-1.0,1650276,2.0,7,,0.0,2.0,3.0,B01,138Â 290Â 611,1.0
966967,201900008498,4,21,14:59,1,2,1,1.0,1.0,33529,BD DU PYLA,M,"44,6313200"," -1,1562940",33,2019,50.0,1.0,1.0,4.0,2161372,1.0,1,1,2,0.0,,-1.0, -1,1993.0,B01,138Â 290Â 611,1.0,0.0,-1.0,1650275,1.0,30,,0.0,2.0,1.0,A01,138Â 290Â 610,1.0
966967,201900008498,4,21,14:59,1,2,1,1.0,1.0,33529,BD DU PYLA,M,"44,6313200"," -1,1562940",33,2019,50.0,1.0,1.0,4.0,2161372,1.0,1,1,2,0.0,,-1.0, -1,1993.0,B01,138Â 290Â 611,1.0,0.0,-1.0,1650276,2.0,7,,0.0,2.0,3.0,B01,138Â 290Â 611,1.0
966968,201900008499,4,18,14:10,1,2,3,1.0,3.0,33529,SAINT-EXUPERY (AVE),M,"44,6179400"," -1,1385600",33,2019,50.0,1.0,1.0,3.0,2161373,1.0,1,1,1,5.0,,-1.0, -1,1945.0,A01,138Â 290Â 608,1.0,0.0,-1.0,1650277,1.0,7,,0.0,2.0,5.0,A01,138Â 290Â 608,2.0
966968,201900008499,4,18,14:10,1,2,3,1.0,3.0,33529,SAINT-EXUPERY (AVE),M,"44,6179400"," -1,1385600",33,2019,50.0,1.0,1.0,3.0,2161373,1.0,1,1,1,5.0,,-1.0, -1,1945.0,A01,138Â 290Â 608,1.0,0.0,-1.0,1650278,2.0,31,,0.0,2.0,1.0,B01,138Â 290Â 609,1.0
966968,201900008499,4,18,14:10,1,2,3,1.0,3.0,33529,SAINT-EXUPERY (AVE),M,"44,6179400"," -1,1385600",33,2019,50.0,1.0,1.0,3.0,2161374,1.0,1,4,1,0.0,,-1.0, -1,1965.0,B01,138Â 290Â 609,2.0,0.0,-1.0,1650277,1.0,7,,0.0,2.0,5.0,A01,138Â 290Â 608,2.0
966968,201900008499,4,18,14:10,1,2,3,1.0,3.0,33529,SAINT-EXUPERY (AVE),M,"44,6179400"," -1,1385600",33,2019,50.0,1.0,1.0,3.0,2161374,1.0,1,4,1,0.0,,-1.0, -1,1965.0,B01,138Â 290Â 609,2.0,0.0,-1.0,1650278,2.0,31,,0.0,2.0,1.0,B01,138Â 290Â 609,1.0
966969,201900008500,4,10,17:40,1,2,9,1.0,3.0,33529,Av.Denis Papin,M,"44,6076500"," -1,1253600",33,2019,50.0,1.0,1.0,4.0,2161375,1.0,1,4,1,5.0,,-1.0, -1,1997.0,B01,138Â 290Â 602,1.0,8.0,-1.0,1650279,3.0,7,,0.0,2.0,1.0,B01,138Â 290Â 602,1.0
966969,201900008500,4,10,17:40,1,2,9,1.0,3.0,33529,Av.Denis Papin,M,"44,6076500"," -1,1253600",33,2019,50.0,1.0,1.0,4.0,2161375,1.0,1,4,1,5.0,,-1.0, -1,1997.0,B01,138Â 290Â 602,1.0,8.0,-1.0,1650280,3.0,7,,0.0,2.0,8.0,A01,138Â 290Â 603,1.0
966969,201900008500,4,10,17:40,1,2,9,1.0,3.0,33529,Av.Denis Papin,M,"44,6076500"," -1,1253600",33,2019,50.0,1.0,1.0,4.0,2161376,1.0,1,4,1,5.0,,-1.0, -1,1942.0,A01,138Â 290Â 603,1.0,0.0,-1.0,1650279,3.0,7,,0.0,2.0,1.0,B01,138Â 290Â 602,1.0
966969,201900008500,4,10,17:40,1,2,9,1.0,3.0,33529,Av.Denis Papin,M,"44,6076500"," -1,1253600",33,2019,50.0,1.0,1.0,4.0,2161376,1.0,1,4,1,5.0,,-1.0, -1,1942.0,A01,138Â 290Â 603,1.0,0.0,-1.0,1650280,3.0,7,,0.0,2.0,8.0,A01,138Â 290Â 603,1.0
966970,201900008501,4,19,17:40,1,2,2,1.0,3.0,32013,YSER (AVENUE DE L'),M,"43,6557930","0,5966110",32,2019,50.0,1.0,1.0,2.0,2161377,1.0,1,4,1,9.0,,-1.0,0,1966.0,B01,138Â 290Â 600,2.0,6.0,-1.0,1650281,1.0,33,,0.0,2.0,1.0,B01,138Â 290Â 600,1.0
966970,201900008501,4,19,17:40,1,2,2,1.0,3.0,32013,YSER (AVENUE DE L'),M,"43,6557930","0,5966110",32,2019,50.0,1.0,1.0,2.0,2161377,1.0,1,4,1,9.0,,-1.0,0,1966.0,B01,138Â 290Â 600,2.0,6.0,-1.0,1650282,2.0,7,,0.0,2.0,5.0,A01,138Â 290Â 601,1.0
966970,201900008501,4,19,17:40,1,2,2,1.0,3.0,32013,YSER (AVENUE DE L'),M,"43,6557930","0,5966110",32,2019,50.0,1.0,1.0,2.0,2161378,1.0,1,1,2,9.0,,-1.0,0,1940.0,A01,138Â 290Â 601,1.0,0.0,-1.0,1650281,1.0,33,,0.0,2.0,1.0,B01,138Â 290Â 600,1.0
966970,201900008501,4,19,17:40,1,2,2,1.0,3.0,32013,YSER (AVENUE DE L'),M,"43,6557930","0,5966110",32,2019,50.0,1.0,1.0,2.0,2161378,1.0,1,1,2,9.0,,-1.0,0,1940.0,A01,138Â 290Â 601,1.0,0.0,-1.0,1650282,2.0,7,,0.0,2.0,5.0,A01,138Â 290Â 601,1.0
966971,201900008502,4,19,16:20,1,1,9,1.0,7.0,32013,EUGENE SUE,M,"43,6447400","0,5901400",32,2019,10.0,2.0,9.0,5.0,2161379,1.0,1,3,1,2.0,,-1.0,0,2005.0,A01,138Â 290Â 599,2.0,6.0,-1.0,1650283,3.0,30,,0.0,0.0,1.0,A01,138Â 290Â 599,1.0