Unnamed: 0_x,num_acc,mois,jour,hrmn,lum,agg,int,atm,col,com,adr,gps,lat,long,dep,annee,vma,situ,surf,catr,Unnamed: 0_y,place,catu,grav,sexe,trajet,secu,locp,actp,an_nais,num_veh_x,id_vehicule_x,secu1,secu2,secu3,Unnamed: 0,senc,catv,occutc,obs,obsm,choc,num_veh_y,id_vehicule_y,motor
966972,201900008503,4,24,10:40,1,1,1,1.0,3.0,31555,VA007331 A620,M,"43,6057400","1,4043600",31,2019,90.0,1.0,1.0,1.0,2161380,1.0,1,1,1,5.0,,-1.0,0,1990.0,B01,138Â 290Â 597,1.0,8.0,-1.0,1650284,1.0,7,,0.0,2.0,8.0,B01,138Â 290Â 597,1.0
966972,201900008503,4,24,10:40,1,1,1,1.0,3.0,31555,VA007331 A620,M,"43,6057400","1,4043600",31,2019,90.0,1.0,1.0,1.0,2161380,1.0,1,1,1,5.0,,-1.0,0,1990.0,B01,138Â 290Â 597,1.0,8.0,-1.0,1650285,1.0,17,,0.0,2.0,2.0,A01,138Â 290Â 598,1.0
966972,201900008503,4,24,10:40,1,1,1,1.0,3.0,31555,VA007331 A620,M,"43,6057400","1,4043600",31,2019,90.0,1.0,1.0,1.0,2161381,2.0,2,4,2,5.0,,-1.0,0,1992.0,B01,138Â 290Â 597,1.0,8.0,-1.0,1650284,1.0,7,,0.0,2.0,8.0,B01,138Â 290Â 597,1.0
966972,201900008503,4,24,10:40,1,1,1,1.0,3.0,31555,VA007331 A620,M,"43,6057400","1,4043600",31,2019,90.0,1.0,1.0,1.0,2161381,2.0,2,4,2,5.0,,-1.0,0,1992.0,B01,138Â 290Â 597,1.0,8.0,-1.0,1650285,1.0,17,,0.0,2.0,2.0,A01,138Â 290Â 598,1.0
966972,201900008503,4,24,10:40,1,1,1,1.0,3.0,31555,VA007331 A620,M,"43,6057400","1,4043600",31,2019,90.0,1.0,1.0,1.0,2161382,1.0,1,1,1,4.0,,-1.0,0,1960.0,A01,138Â 290Â 598,1.0,7.0,-1.0,1650284,1.0,7,,0.0,2.0,8.0,B01,138Â 290Â 597,1.0
966972,201900008503,4,24,10:40,1,1,1,1.0,3.0,31555,VA007331 A620,M,"43,6057400","1,4043600",31,2019,90.0,1.0,1.0,1.0,2161382,1.0,1,1,1,4.0,,-1.0,0,1960.0,A01,138Â 290Â 598,1.0,7.0,-1.0,1650285,1.0,17,,0.0,2.0,2.0,A01,138Â 290Â 598,1.0
966973,201900008504,4,23,09:19,1,2,1,1.0,6.0,31555,ARCOLE (BD D) DU 1AU 79,M,"43,6107900","1,4422500",31,2019,50.0,1.0,1.0,4.0,2161383,1.0,1,4,1,9.0,,-1.0,0,1959.0,A01,138Â 290Â 596,2.0,8.0,-1.0,1650286,1.0,31,,0.0,1.0,1.0,A01,138Â 290Â 596,1.0
966973,201900008504,4,23,09:19,1,2,1,1.0,6.0,31555,ARCOLE (BD D) DU 1AU 79,M,"43,6107900","1,4422500",31,2019,50.0,1.0,1.0,4.0,2161384,10.0,3,4,2,9.0,,2.0,3,1965.0,A01,138Â 290Â 596,8.0,0.0,-1.0,1650286,1.0,31,,0.0,1.0,1.0,A01,138Â 290Â 596,1.0
966974,201900008505,4,20,19:35,5,2,1,1.0,6.0,31555,RUE SAINT ANTOINE DU T,M,"43,6030900","1,4473300",31,2019,50.0,1.0,1.0,4.0,2161385,10.0,3,4,2,9.0,,8.0,3,1999.0,A01,138Â 290Â 595,8.0,0.0,-1.0,1650287,3.0,33,,0.0,2.0,1.0,A01,138Â 290Â 595,1.0
966974,201900008505,4,20,19:35,5,2,1,1.0,6.0,31555,RUE SAINT ANTOINE DU T,M,"43,6030900","1,4473300",31,2019,50.0,1.0,1.0,4.0,2161386,1.0,1,1,1,0.0,,-1.0, -1,1977.0,A01,138Â 290Â 595,2.0,0.0,-1.0,1650287,3.0,33,,0.0,2.0,1.0,A01,138Â 290Â 595,1.0
966975,201900008506,4,20,11:30,1,2,3,1.0,3.0,31555,BD PIERRE PAUL RIQUET,M,"43,6050700","1,4566000",31,2019,50.0,1.0,1.0,4.0,2161387,1.0,1,3,1,5.0,,-1.0,0,1947.0,B01,138Â 290Â 593,8.0,4.0,-1.0,1650288,3.0,1,,0.0,2.0,8.0,B01,138Â 290Â 593,5.0
966975,201900008506,4,20,11:30,1,2,3,1.0,3.0,31555,BD PIERRE PAUL RIQUET,M,"43,6050700","1,4566000",31,2019,50.0,1.0,1.0,4.0,2161387,1.0,1,3,1,5.0,,-1.0,0,1947.0,B01,138Â 290Â 593,8.0,4.0,-1.0,1650289,2.0,7,,0.0,2.0,3.0,A01,138Â 290Â 594,1.0
966975,201900008506,4,20,11:30,1,2,3,1.0,3.0,31555,BD PIERRE PAUL RIQUET,M,"43,6050700","1,4566000",31,2019,50.0,1.0,1.0,4.0,2161388,1.0,1,3,1,9.0,,-1.0,0,1985.0,A01,138Â 290Â 594,1.0,8.0,-1.0,1650288,3.0,1,,0.0,2.0,8.0,B01,138Â 290Â 593,5.0
966975,201900008506,4,20,11:30,1,2,3,1.0,3.0,31555,BD PIERRE PAUL RIQUET,M,"43,6050700","1,4566000",31,2019,50.0,1.0,1.0,4.0,2161388,1.0,1,3,1,9.0,,-1.0,0,1985.0,A01,138Â 290Â 594,1.0,8.0,-1.0,1650289,2.0,7,,0.0,2.0,3.0,A01,138Â 290Â 594,1.0
966976,201900008507,4,19,19:35,1,1,1,1.0,5.0,31555,VA007331 A620,M,"43,6073600","1,4083100",31,2019,90.0,1.0,1.0,1.0,2161389,1.0,1,1,1,9.0,,0.0,0,1983.0,C01,138Â 290Â 591,1.0,0.0,-1.0,1650290,0.0,7,,0.0,2.0,8.0,A01,138Â 290Â 590,1.0
966976,201900008507,4,19,19:35,1,1,1,1.0,5.0,31555,VA007331 A620,M,"43,6073600","1,4083100",31,2019,90.0,1.0,1.0,1.0,2161389,1.0,1,1,1,9.0,,0.0,0,1983.0,C01,138Â 290Â 591,1.0,0.0,-1.0,1650291,1.0,7,,0.0,2.0,7.0,C01,138Â 290Â 591,1.0
966976,201900008507,4,19,19:35,1,1,1,1.0,5.0,31555,VA007331 A620,M,"43,6073600","1,4083100",31,2019,90.0,1.0,1.0,1.0,2161389,1.0,1,1,1,9.0,,0.0,0,1983.0,C01,138Â 290Â 591,1.0,0.0,-1.0,1650292,0.0,33,,0.0,2.0,1.0,B01,138Â 290Â 592,1.0
966976,201900008507,4,19,19:35,1,1,1,1.0,5.0,31555,VA007331 A620,M,"43,6073600","1,4083100",31,2019,90.0,1.0,1.0,1.0,2161390,1.0,1,4,1,0.0,,0.0,0,1963.0,B01,138Â 290Â 592,2.0,0.0,-1.0,1650290,0.0,7,,0.0,2.0,8.0,A01,138Â 290Â 590,1.0
966976,201900008507,4,19,19:35,1,1,1,1.0,5.0,31555,VA007331 A620,M,"43,6073600","1,4083100",31,2019,90.0,1.0,1.0,1.0,2161390,1.0,1,4,1,0.0,,0.0,0,1963.0,B01,138Â 290Â 592,2.0,0.0,-1.0,1650291,1.0,7,,0.0,2.0,7.0,C01,138Â 290Â 591,1.0
966976,201900008507,4,19,19:35,1,1,1,1.0,5.0,31555,VA007331 A620,M,"43,6073600","1,4083100",31,2019,90.0,1.0,1.0,1.0,2161390,1.0,1,4,1,0.0,,0.0,0,1963.0,B01,138Â 290Â 592,2.0,0.0,-1.0,1650292,0.0,33,,0.0,2.0,1.0,B01,138Â 290Â 592,1.0
966977,201900008508,4,22,22:50,3,2,1,6.0,1.0,31555,AV CRAMPEL,M,"43,5838000","1,4512300",31,2019,50.0,1.0,1.0,4.0,2161391,1.0,1,4,2,5.0,,-1.0,0,1975.0,B01,138Â 290Â 588,1.0,8.0,-1.0,1650293,2.0,7,,0.0,2.0,3.0,B01,138Â 290Â 588,1.0
966977,201900008508,4,22,22:50,3,2,1,6.0,1.0,31555,AV CRAMPEL,M,"43,5838000","1,4512300",31,2019,50.0,1.0,1.0,4.0,2161391,1.0,1,4,2,5.0,,-1.0,0,1975.0,B01,138Â 290Â 588,1.0,8.0,-1.0,1650294,1.0,7,,0.0,2.0,3.0,A01,138Â 290Â 589,1.0
966977,201900008508,4,22,22:50,3,2,1,6.0,1.0,31555,AV CRAMPEL,M,"43,5838000","1,4512300",31,2019,50.0,1.0,1.0,4.0,2161392,1.0,1,1,1,5.0,,-1.0,0,1962.0,A01,138Â 290Â 589,1.0,7.0,-1.0,1650293,2.0,7,,0.0,2.0,3.0,B01,138Â 290Â 588,1.0
966977,201900008508,4,22,22:50,3,2,1,6.0,1.0,31555,AV CRAMPEL,M,"43,5838000","1,4512300",31,2019,50.0,1.0,1.0,4.0,2161392,1.0,1,1,1,5.0,,-1.0,0,1962.0,A01,138Â 290Â 589,1.0,7.0,-1.0,1650294,1.0,7,,0.0,2.0,3.0,A01,138Â 290Â 589,1.0
966978,201900008509,4,19,17:40,1,2,1,1.0,4.0,31555,AV DE GRANDE BRETAGNE,M,"43,6054200","1,4030700",31,2019,50.0,1.0,1.0,4.0,2161393,2.0,2,4,2,5.0,,-1.0,0,1992.0,B01,138Â 290Â 585,2.0,8.0,-1.0,1650295,0.0,33,,0.0,2.0,4.0,B01,138Â 290Â 585,1.0
966978,201900008509,4,19,17:40,1,2,1,1.0,4.0,31555,AV DE GRANDE BRETAGNE,M,"43,6054200","1,4030700",31,2019,50.0,1.0,1.0,4.0,2161393,2.0,2,4,2,5.0,,-1.0,0,1992.0,B01,138Â 290Â 585,2.0,8.0,-1.0,1650296,1.0,7,,0.0,2.0,4.0,C01,138Â 290Â 586,1.0
966978,201900008509,4,19,17:40,1,2,1,1.0,4.0,31555,AV DE GRANDE BRETAGNE,M,"43,6054200","1,4030700",31,2019,50.0,1.0,1.0,4.0,2161393,2.0,2,4,2,5.0,,-1.0,0,1992.0,B01,138Â 290Â 585,2.0,8.0,-1.0,1650297,1.0,10,,0.0,2.0,1.0,A01,138Â 290Â 587,1.0
966978,201900008509,4,19,17:40,1,2,1,1.0,4.0,31555,AV DE GRANDE BRETAGNE,M,"43,6054200","1,4030700",31,2019,50.0,1.0,1.0,4.0,2161394,1.0,1,4,1,5.0,,-1.0,0,1985.0,B01,138Â 290Â 585,2.0,8.0,-1.0,1650295,0.0,33,,0.0,2.0,4.0,B01,138Â 290Â 585,1.0
966978,201900008509,4,19,17:40,1,2,1,1.0,4.0,31555,AV DE GRANDE BRETAGNE,M,"43,6054200","1,4030700",31,2019,50.0,1.0,1.0,4.0,2161394,1.0,1,4,1,5.0,,-1.0,0,1985.0,B01,138Â 290Â 585,2.0,8.0,-1.0,1650296,1.0,7,,0.0,2.0,4.0,C01,138Â 290Â 586,1.0
966978,201900008509,4,19,17:40,1,2,1,1.0,4.0,31555,AV DE GRANDE BRETAGNE,M,"43,6054200","1,4030700",31,2019,50.0,1.0,1.0,4.0,2161394,1.0,1,4,1,5.0,,-1.0,0,1985.0,B01,138Â 290Â 585,2.0,8.0,-1.0,1650297,1.0,10,,0.0,2.0,1.0,A01,138Â 290Â 587,1.0
966978,201900008509,4,19,17:40,1,2,1,1.0,4.0,31555,AV DE GRANDE BRETAGNE,M,"43,6054200","1,4030700",31,2019,50.0,1.0,1.0,4.0,2161395,1.0,1,1,1,9.0,,-1.0,0,1964.0,C01,138Â 290Â 586,1.0,8.0,-1.0,1650295,0.0,33,,0.0,2.0,4.0,B01,138Â 290Â 585,1.0
966978,201900008509,4,19,17:40,1,2,1,1.0,4.0,31555,AV DE GRANDE BRETAGNE,M,"43,6054200","1,4030700",31,2019,50.0,1.0,1.0,4.0,2161395,1.0,1,1,1,9.0,,-1.0,0,1964.0,C01,138Â 290Â 586,1.0,8.0,-1.0,1650296,1.0,7,,0.0,2.0,4.0,C01,138Â 290Â 586,1.0
966978,201900008509,4,19,17:40,1,2,1,1.0,4.0,31555,AV DE GRANDE BRETAGNE,M,"43,6054200","1,4030700",31,2019,50.0,1.0,1.0,4.0,2161395,1.0,1,1,1,9.0,,-1.0,0,1964.0,C01,138Â 290Â 586,1.0,8.0,-1.0,1650297,1.0,10,,0.0,2.0,1.0,A01,138Â 290Â 587,1.0
966978,201900008509,4,19,17:40,1,2,1,1.0,4.0,31555,AV DE GRANDE BRETAGNE,M,"43,6054200","1,4030700",31,2019,50.0,1.0,1.0,4.0,2161396,1.0,1,1,1,9.0,,-1.0,0,1965.0,A01,138Â 290Â 587,1.0,7.0,-1.0,1650295,0.0,33,,0.0,2.0,4.0,B01,138Â 290Â 585,1.0
966978,201900008509,4,19,17:40,1,2,1,1.0,4.0,31555,AV DE GRANDE BRETAGNE,M,"43,6054200","1,4030700",31,2019,50.0,1.0,1.0,4.0,2161396,1.0,1,1,1,9.0,,-1.0,0,1965.0,A01,138Â 290Â 587,1.0,7.0,-1.0,1650296,1.0,7,,0.0,2.0,4.0,C01,138Â 290Â 586,1.0
966978,201900008509,4,19,17:40,1,2,1,1.0,4.0,31555,AV DE GRANDE BRETAGNE,M,"43,6054200","1,4030700",31,2019,50.0,1.0,1.0,4.0,2161396,1.0,1,1,1,9.0,,-1.0,0,1965.0,A01,138Â 290Â 587,1.0,7.0,-1.0,1650297,1.0,10,,0.0,2.0,1.0,A01,138Â 290Â 587,1.0
966979,201900008510,4,19,16:30,1,1,1,1.0,4.0,31555,VA007331 A620,M,"43,6064500","1,4058000",31,2019,90.0,1.0,1.0,1.0,2161397,1.0,1,1,1,1.0,,-1.0,0,1984.0,A01,138Â 290Â 582,1.0,8.0,-1.0,1650298,1.0,10,,0.0,2.0,1.0,A01,138Â 290Â 582,1.0
966979,201900008510,4,19,16:30,1,1,1,1.0,4.0,31555,VA007331 A620,M,"43,6064500","1,4058000",31,2019,90.0,1.0,1.0,1.0,2161397,1.0,1,1,1,1.0,,-1.0,0,1984.0,A01,138Â 290Â 582,1.0,8.0,-1.0,1650299,1.0,7,,0.0,2.0,4.0,C01,138Â 290Â 583,1.0
966979,201900008510,4,19,16:30,1,1,1,1.0,4.0,31555,VA007331 A620,M,"43,6064500","1,4058000",31,2019,90.0,1.0,1.0,1.0,2161397,1.0,1,1,1,1.0,,-1.0,0,1984.0,A01,138Â 290Â 582,1.0,8.0,-1.0,1650300,1.0,10,,0.0,2.0,4.0,B01,138Â 290Â 584,1.0
966979,201900008510,4,19,16:30,1,1,1,1.0,4.0,31555,VA007331 A620,M,"43,6064500","1,4058000",31,2019,90.0,1.0,1.0,1.0,2161398,1.0,1,1,1,9.0,,-1.0,0,1990.0,C01,138Â 290Â 583,1.0,8.0,-1.0,1650298,1.0,10,,0.0,2.0,1.0,A01,138Â 290Â 582,1.0
966979,201900008510,4,19,16:30,1,1,1,1.0,4.0,31555,VA007331 A620,M,"43,6064500","1,4058000",31,2019,90.0,1.0,1.0,1.0,2161398,1.0,1,1,1,9.0,,-1.0,0,1990.0,C01,138Â 290Â 583,1.0,8.0,-1.0,1650299,1.0,7,,0.0,2.0,4.0,C01,138Â 290Â 583,1.0
966979,201900008510,4,19,16:30,1,1,1,1.0,4.0,31555,VA007331 A620,M,"43,6064500","1,4058000",31,2019,90.0,1.0,1.0,1.0,2161398,1.0,1,1,1,9.0,,-1.0,0,1990.0,C01,138Â 290Â 583,1.0,8.0,-1.0,1650300,1.0,10,,0.0,2.0,4.0,B01,138Â 290Â 584,1.0
966979,201900008510,4,19,16:30,1,1,1,1.0,4.0,31555,VA007331 A620,M,"43,6064500","1,4058000",31,2019,90.0,1.0,1.0,1.0,2161399,1.0,1,1,1,5.0,,-1.0,0,1974.0,B01,138Â 290Â 584,1.0,8.0,-1.0,1650298,1.0,10,,0.0,2.0,1.0,A01,138Â 290Â 582,1.0
966979,201900008510,4,19,16:30,1,1,1,1.0,4.0,31555,VA007331 A620,M,"43,6064500","1,4058000",31,2019,90.0,1.0,1.0,1.0,2161399,1.0,1,1,1,5.0,,-1.0,0,1974.0,B01,138Â 290Â 584,1.0,8.0,-1.0,1650299,1.0,7,,0.0,2.0,4.0,C01,138Â 290Â 583,1.0
966979,201900008510,4,19,16:30,1,1,1,1.0,4.0,31555,VA007331 A620,M,"43,6064500","1,4058000",31,2019,90.0,1.0,1.0,1.0,2161399,1.0,1,1,1,5.0,,-1.0,0,1974.0,B01,138Â 290Â 584,1.0,8.0,-1.0,1650300,1.0,10,,0.0,2.0,4.0,B01,138Â 290Â 584,1.0
966979,201900008510,4,19,16:30,1,1,1,1.0,4.0,31555,VA007331 A620,M,"43,6064500","1,4058000",31,2019,90.0,1.0,1.0,1.0,2161400,3.0,2,4,2,5.0,,-1.0,0,1939.0,B01,138Â 290Â 584,1.0,8.0,-1.0,1650298,1.0,10,,0.0,2.0,1.0,A01,138Â 290Â 582,1.0
966979,201900008510,4,19,16:30,1,1,1,1.0,4.0,31555,VA007331 A620,M,"43,6064500","1,4058000",31,2019,90.0,1.0,1.0,1.0,2161400,3.0,2,4,2,5.0,,-1.0,0,1939.0,B01,138Â 290Â 584,1.0,8.0,-1.0,1650299,1.0,7,,0.0,2.0,4.0,C01,138Â 290Â 583,1.0
966979,201900008510,4,19,16:30,1,1,1,1.0,4.0,31555,VA007331 A620,M,"43,6064500","1,4058000",31,2019,90.0,1.0,1.0,1.0,2161400,3.0,2,4,2,5.0,,-1.0,0,1939.0,B01,138Â 290Â 584,1.0,8.0,-1.0,1650300,1.0,10,,0.0,2.0,4.0,B01,138Â 290Â 584,1.0
966980,201900008511,4,18,06:00,5,2,6,1.0,3.0,31483,BOUERY ANDRE (AVENUE),M,"43,0952900","0,7365300",31,2019,50.0,1.0,1.0,3.0,2161401,1.0,1,3,2,9.0,,-1.0,0,1967.0,A01,138Â 290Â 580,8.0,0.0,-1.0,1650301,3.0,30,,12.0,2.0,1.0,A01,138Â 290Â 580,1.0
966980,201900008511,4,18,06:00,5,2,6,1.0,3.0,31483,BOUERY ANDRE (AVENUE),M,"43,0952900","0,7365300",31,2019,50.0,1.0,1.0,3.0,2161401,1.0,1,3,2,9.0,,-1.0,0,1967.0,A01,138Â 290Â 580,8.0,0.0,-1.0,1650302,1.0,14,,0.0,2.0,7.0,B01,138Â 290Â 581,1.0
966980,201900008511,4,18,06:00,5,2,6,1.0,3.0,31483,BOUERY ANDRE (AVENUE),M,"43,0952900","0,7365300",31,2019,50.0,1.0,1.0,3.0,2161402,1.0,1,1,1,4.0,,-1.0,0,1997.0,B01,138Â 290Â 581,1.0,4.0,-1.0,1650301,3.0,30,,12.0,2.0,1.0,A01,138Â 290Â 580,1.0
966980,201900008511,4,18,06:00,5,2,6,1.0,3.0,31483,BOUERY ANDRE (AVENUE),M,"43,0952900","0,7365300",31,2019,50.0,1.0,1.0,3.0,2161402,1.0,1,1,1,4.0,,-1.0,0,1997.0,B01,138Â 290Â 581,1.0,4.0,-1.0,1650302,1.0,14,,0.0,2.0,7.0,B01,138Â 290Â 581,1.0
966981,201900008512,4,25,14:05,1,2,2,8.0,3.0,30189,BOURDALOUE (RUE),M,"43,8323000","4,3617000",30,2019,50.0,1.0,1.0,4.0,2161403,1.0,1,1,2,5.0,,-1.0,0,2000.0,A01,138Â 290Â 578,1.0,0.0,-1.0,1650303,1.0,7,,0.0,2.0,5.0,A01,138Â 290Â 578,0.0
966981,201900008512,4,25,14:05,1,2,2,8.0,3.0,30189,BOURDALOUE (RUE),M,"43,8323000","4,3617000",30,2019,50.0,1.0,1.0,4.0,2161403,1.0,1,1,2,5.0,,-1.0,0,2000.0,A01,138Â 290Â 578,1.0,0.0,-1.0,1650304,1.0,30,,0.0,2.0,8.0,B01,138Â 290Â 579,0.0
966981,201900008512,4,25,14:05,1,2,2,8.0,3.0,30189,BOURDALOUE (RUE),M,"43,8323000","4,3617000",30,2019,50.0,1.0,1.0,4.0,2161404,1.0,1,3,1,1.0,,-1.0,0,1986.0,B01,138Â 290Â 579,2.0,6.0,-1.0,1650303,1.0,7,,0.0,2.0,5.0,A01,138Â 290Â 578,0.0
966981,201900008512,4,25,14:05,1,2,2,8.0,3.0,30189,BOURDALOUE (RUE),M,"43,8323000","4,3617000",30,2019,50.0,1.0,1.0,4.0,2161404,1.0,1,3,1,1.0,,-1.0,0,1986.0,B01,138Â 290Â 579,2.0,6.0,-1.0,1650304,1.0,30,,0.0,2.0,8.0,B01,138Â 290Â 579,0.0
966982,201900008513,4,24,10:25,1,2,4,2.0,3.0,30189,11 NOVEMBRE 1918 (SQUARE OU RUE),M,"43,8346000","4,3610000",30,2019,30.0,1.0,2.0,9.0,2161405,1.0,1,1,1,4.0,,-1.0,0,1962.0,B01,138Â 290Â 576,1.0,0.0,-1.0,1650305,1.0,37,1.0,0.0,6.0,3.0,B01,138Â 290Â 576,0.0
966982,201900008513,4,24,10:25,1,2,4,2.0,3.0,30189,11 NOVEMBRE 1918 (SQUARE OU RUE),M,"43,8346000","4,3610000",30,2019,30.0,1.0,2.0,9.0,2161405,1.0,1,1,1,4.0,,-1.0,0,1962.0,B01,138Â 290Â 576,1.0,0.0,-1.0,1650306,2.0,50,,0.0,2.0,1.0,A01,138Â 290Â 577,3.0
966982,201900008513,4,24,10:25,1,2,4,2.0,3.0,30189,11 NOVEMBRE 1918 (SQUARE OU RUE),M,"43,8346000","4,3610000",30,2019,30.0,1.0,2.0,9.0,2161406,1.0,1,4,1,0.0,,-1.0,0,1990.0,A01,138Â 290Â 577,1.0,0.0,-1.0,1650305,1.0,37,1.0,0.0,6.0,3.0,B01,138Â 290Â 576,0.0
966982,201900008513,4,24,10:25,1,2,4,2.0,3.0,30189,11 NOVEMBRE 1918 (SQUARE OU RUE),M,"43,8346000","4,3610000",30,2019,30.0,1.0,2.0,9.0,2161406,1.0,1,4,1,0.0,,-1.0,0,1990.0,A01,138Â 290Â 577,1.0,0.0,-1.0,1650306,2.0,50,,0.0,2.0,1.0,A01,138Â 290Â 577,3.0
966983,201900008514,4,23,22:30,5,2,1,1.0,4.0,30189,GAMBETTA (BD),M,"43,8404400","4,3589000",30,2019,50.0,1.0,1.0,4.0,2161407,1.0,1,4,2,5.0,,-1.0, -1,1995.0,C01,138Â 290Â 573,1.0,0.0,-1.0,1650307,2.0,7,,0.0,2.0,4.0,C01,138Â 290Â 573,1.0
966983,201900008514,4,23,22:30,5,2,1,1.0,4.0,30189,GAMBETTA (BD),M,"43,8404400","4,3589000",30,2019,50.0,1.0,1.0,4.0,2161407,1.0,1,4,2,5.0,,-1.0, -1,1995.0,C01,138Â 290Â 573,1.0,0.0,-1.0,1650308,2.0,7,,0.0,2.0,4.0,B01,138Â 290Â 574,1.0
966983,201900008514,4,23,22:30,5,2,1,1.0,4.0,30189,GAMBETTA (BD),M,"43,8404400","4,3589000",30,2019,50.0,1.0,1.0,4.0,2161407,1.0,1,4,2,5.0,,-1.0, -1,1995.0,C01,138Â 290Â 573,1.0,0.0,-1.0,1650309,2.0,7,,0.0,2.0,1.0,A01,138Â 290Â 575,0.0
966983,201900008514,4,23,22:30,5,2,1,1.0,4.0,30189,GAMBETTA (BD),M,"43,8404400","4,3589000",30,2019,50.0,1.0,1.0,4.0,2161408,3.0,2,4,2,5.0,,-1.0, -1,1986.0,C01,138Â 290Â 573,1.0,0.0,-1.0,1650307,2.0,7,,0.0,2.0,4.0,C01,138Â 290Â 573,1.0
966983,201900008514,4,23,22:30,5,2,1,1.0,4.0,30189,GAMBETTA (BD),M,"43,8404400","4,3589000",30,2019,50.0,1.0,1.0,4.0,2161408,3.0,2,4,2,5.0,,-1.0, -1,1986.0,C01,138Â 290Â 573,1.0,0.0,-1.0,1650308,2.0,7,,0.0,2.0,4.0,B01,138Â 290Â 574,1.0
966983,201900008514,4,23,22:30,5,2,1,1.0,4.0,30189,GAMBETTA (BD),M,"43,8404400","4,3589000",30,2019,50.0,1.0,1.0,4.0,2161408,3.0,2,4,2,5.0,,-1.0, -1,1986.0,C01,138Â 290Â 573,1.0,0.0,-1.0,1650309,2.0,7,,0.0,2.0,1.0,A01,138Â 290Â 575,0.0
966983,201900008514,4,23,22:30,5,2,1,1.0,4.0,30189,GAMBETTA (BD),M,"43,8404400","4,3589000",30,2019,50.0,1.0,1.0,4.0,2161409,2.0,2,4,2,5.0,,-1.0, -1,1991.0,C01,138Â 290Â 573,1.0,0.0,-1.0,1650307,2.0,7,,0.0,2.0,4.0,C01,138Â 290Â 573,1.0
966983,201900008514,4,23,22:30,5,2,1,1.0,4.0,30189,GAMBETTA (BD),M,"43,8404400","4,3589000",30,2019,50.0,1.0,1.0,4.0,2161409,2.0,2,4,2,5.0,,-1.0, -1,1991.0,C01,138Â 290Â 573,1.0,0.0,-1.0,1650308,2.0,7,,0.0,2.0,4.0,B01,138Â 290Â 574,1.0
966983,201900008514,4,23,22:30,5,2,1,1.0,4.0,30189,GAMBETTA (BD),M,"43,8404400","4,3589000",30,2019,50.0,1.0,1.0,4.0,2161409,2.0,2,4,2,5.0,,-1.0, -1,1991.0,C01,138Â 290Â 573,1.0,0.0,-1.0,1650309,2.0,7,,0.0,2.0,1.0,A01,138Â 290Â 575,0.0
966983,201900008514,4,23,22:30,5,2,1,1.0,4.0,30189,GAMBETTA (BD),M,"43,8404400","4,3589000",30,2019,50.0,1.0,1.0,4.0,2161410,1.0,1,4,1,5.0,,-1.0, -1,1984.0,B01,138Â 290Â 574,1.0,0.0,-1.0,1650307,2.0,7,,0.0,2.0,4.0,C01,138Â 290Â 573,1.0
966983,201900008514,4,23,22:30,5,2,1,1.0,4.0,30189,GAMBETTA (BD),M,"43,8404400","4,3589000",30,2019,50.0,1.0,1.0,4.0,2161410,1.0,1,4,1,5.0,,-1.0, -1,1984.0,B01,138Â 290Â 574,1.0,0.0,-1.0,1650308,2.0,7,,0.0,2.0,4.0,B01,138Â 290Â 574,1.0
966983,201900008514,4,23,22:30,5,2,1,1.0,4.0,30189,GAMBETTA (BD),M,"43,8404400","4,3589000",30,2019,50.0,1.0,1.0,4.0,2161410,1.0,1,4,1,5.0,,-1.0, -1,1984.0,B01,138Â 290Â 574,1.0,0.0,-1.0,1650309,2.0,7,,0.0,2.0,1.0,A01,138Â 290Â 575,0.0
966984,201900008515,4,22,00:12,5,2,2,1.0,3.0,30189,MONTPELLIER (ROUTE DE),M,"43,8111500","4,3302800",30,2019,70.0,1.0,1.0,4.0,2161411,1.0,1,4,1,5.0,,-1.0,0,1992.0,A01,138Â 290Â 571,1.0,0.0,-1.0,1650310,1.0,7,,0.0,2.0,1.0,A01,138Â 290Â 571,1.0
966984,201900008515,4,22,00:12,5,2,2,1.0,3.0,30189,MONTPELLIER (ROUTE DE),M,"43,8111500","4,3302800",30,2019,70.0,1.0,1.0,4.0,2161411,1.0,1,4,1,5.0,,-1.0,0,1992.0,A01,138Â 290Â 571,1.0,0.0,-1.0,1650311,3.0,7,,0.0,2.0,7.0,B01,138Â 290Â 572,1.0
966984,201900008515,4,22,00:12,5,2,2,1.0,3.0,30189,MONTPELLIER (ROUTE DE),M,"43,8111500","4,3302800",30,2019,70.0,1.0,1.0,4.0,2161412,1.0,1,1,2,5.0,,-1.0,0,1996.0,B01,138Â 290Â 572,1.0,0.0,-1.0,1650310,1.0,7,,0.0,2.0,1.0,A01,138Â 290Â 571,1.0
966984,201900008515,4,22,00:12,5,2,2,1.0,3.0,30189,MONTPELLIER (ROUTE DE),M,"43,8111500","4,3302800",30,2019,70.0,1.0,1.0,4.0,2161412,1.0,1,1,2,5.0,,-1.0,0,1996.0,B01,138Â 290Â 572,1.0,0.0,-1.0,1650311,3.0,7,,0.0,2.0,7.0,B01,138Â 290Â 572,1.0
966984,201900008515,4,22,00:12,5,2,2,1.0,3.0,30189,MONTPELLIER (ROUTE DE),M,"43,8111500","4,3302800",30,2019,70.0,1.0,1.0,4.0,2161413,4.0,2,1,1,5.0,,-1.0,0,1984.0,B01,138Â 290Â 572,1.0,0.0,-1.0,1650310,1.0,7,,0.0,2.0,1.0,A01,138Â 290Â 571,1.0