Unnamed: 0_x,num_acc,mois,jour,hrmn,lum,agg,int,atm,col,com,adr,gps,lat,long,dep,annee,vma,situ,surf,catr,Unnamed: 0_y,place,catu,grav,sexe,trajet,secu,locp,actp,an_nais,num_veh_x,id_vehicule_x,secu1,secu2,secu3,Unnamed: 0,senc,catv,occutc,obs,obsm,choc,num_veh_y,id_vehicule_y,motor
966984,201900008515,4,22,00:12,5,2,2,1.0,3.0,30189,MONTPELLIER (ROUTE DE),M,"43,8111500","4,3302800",30,2019,70.0,1.0,1.0,4.0,2161413,4.0,2,1,1,5.0,,-1.0,0,1984.0,B01,138Â 290Â 572,1.0,0.0,-1.0,1650311,3.0,7,,0.0,2.0,7.0,B01,138Â 290Â 572,1.0
966984,201900008515,4,22,00:12,5,2,2,1.0,3.0,30189,MONTPELLIER (ROUTE DE),M,"43,8111500","4,3302800",30,2019,70.0,1.0,1.0,4.0,2161414,2.0,2,4,2,5.0,,-1.0,0,1984.0,B01,138Â 290Â 572,1.0,0.0,-1.0,1650310,1.0,7,,0.0,2.0,1.0,A01,138Â 290Â 571,1.0
966984,201900008515,4,22,00:12,5,2,2,1.0,3.0,30189,MONTPELLIER (ROUTE DE),M,"43,8111500","4,3302800",30,2019,70.0,1.0,1.0,4.0,2161414,2.0,2,4,2,5.0,,-1.0,0,1984.0,B01,138Â 290Â 572,1.0,0.0,-1.0,1650311,3.0,7,,0.0,2.0,7.0,B01,138Â 290Â 572,1.0
966985,201900008516,4,18,15:35,1,2,6,1.0,5.0,30189,VERDUN (RUE),M,"43,8303300","4,3518900",30,2019,30.0,1.0,1.0,4.0,2161415,1.0,1,1,2,9.0,,-1.0, -1,1980.0,C01,138Â 290Â 568,1.0,8.0,-1.0,1650312,2.0,7,,0.0,2.0,5.0,C01,138Â 290Â 568,1.0
966985,201900008516,4,18,15:35,1,2,6,1.0,5.0,30189,VERDUN (RUE),M,"43,8303300","4,3518900",30,2019,30.0,1.0,1.0,4.0,2161415,1.0,1,1,2,9.0,,-1.0, -1,1980.0,C01,138Â 290Â 568,1.0,8.0,-1.0,1650313,2.0,7,,0.0,2.0,1.0,A01,138Â 290Â 569,1.0
966985,201900008516,4,18,15:35,1,2,6,1.0,5.0,30189,VERDUN (RUE),M,"43,8303300","4,3518900",30,2019,30.0,1.0,1.0,4.0,2161415,1.0,1,1,2,9.0,,-1.0, -1,1980.0,C01,138Â 290Â 568,1.0,8.0,-1.0,1650314,1.0,7,,0.0,2.0,3.0,B01,138Â 290Â 570,1.0
966985,201900008516,4,18,15:35,1,2,6,1.0,5.0,30189,VERDUN (RUE),M,"43,8303300","4,3518900",30,2019,30.0,1.0,1.0,4.0,2161416,3.0,2,4,2,5.0,,-1.0, -1,2019.0,A01,138Â 290Â 569,1.0,8.0,-1.0,1650312,2.0,7,,0.0,2.0,5.0,C01,138Â 290Â 568,1.0
966985,201900008516,4,18,15:35,1,2,6,1.0,5.0,30189,VERDUN (RUE),M,"43,8303300","4,3518900",30,2019,30.0,1.0,1.0,4.0,2161416,3.0,2,4,2,5.0,,-1.0, -1,2019.0,A01,138Â 290Â 569,1.0,8.0,-1.0,1650313,2.0,7,,0.0,2.0,1.0,A01,138Â 290Â 569,1.0
966985,201900008516,4,18,15:35,1,2,6,1.0,5.0,30189,VERDUN (RUE),M,"43,8303300","4,3518900",30,2019,30.0,1.0,1.0,4.0,2161416,3.0,2,4,2,5.0,,-1.0, -1,2019.0,A01,138Â 290Â 569,1.0,8.0,-1.0,1650314,1.0,7,,0.0,2.0,3.0,B01,138Â 290Â 570,1.0
966985,201900008516,4,18,15:35,1,2,6,1.0,5.0,30189,VERDUN (RUE),M,"43,8303300","4,3518900",30,2019,30.0,1.0,1.0,4.0,2161417,1.0,1,1,2,5.0,,-1.0, -1,1994.0,A01,138Â 290Â 569,1.0,8.0,-1.0,1650312,2.0,7,,0.0,2.0,5.0,C01,138Â 290Â 568,1.0
966985,201900008516,4,18,15:35,1,2,6,1.0,5.0,30189,VERDUN (RUE),M,"43,8303300","4,3518900",30,2019,30.0,1.0,1.0,4.0,2161417,1.0,1,1,2,5.0,,-1.0, -1,1994.0,A01,138Â 290Â 569,1.0,8.0,-1.0,1650313,2.0,7,,0.0,2.0,1.0,A01,138Â 290Â 569,1.0
966985,201900008516,4,18,15:35,1,2,6,1.0,5.0,30189,VERDUN (RUE),M,"43,8303300","4,3518900",30,2019,30.0,1.0,1.0,4.0,2161417,1.0,1,1,2,5.0,,-1.0, -1,1994.0,A01,138Â 290Â 569,1.0,8.0,-1.0,1650314,1.0,7,,0.0,2.0,3.0,B01,138Â 290Â 570,1.0
966985,201900008516,4,18,15:35,1,2,6,1.0,5.0,30189,VERDUN (RUE),M,"43,8303300","4,3518900",30,2019,30.0,1.0,1.0,4.0,2161418,1.0,1,4,1,5.0,,-1.0, -1,1929.0,B01,138Â 290Â 570,1.0,8.0,-1.0,1650312,2.0,7,,0.0,2.0,5.0,C01,138Â 290Â 568,1.0
966985,201900008516,4,18,15:35,1,2,6,1.0,5.0,30189,VERDUN (RUE),M,"43,8303300","4,3518900",30,2019,30.0,1.0,1.0,4.0,2161418,1.0,1,4,1,5.0,,-1.0, -1,1929.0,B01,138Â 290Â 570,1.0,8.0,-1.0,1650313,2.0,7,,0.0,2.0,1.0,A01,138Â 290Â 569,1.0
966985,201900008516,4,18,15:35,1,2,6,1.0,5.0,30189,VERDUN (RUE),M,"43,8303300","4,3518900",30,2019,30.0,1.0,1.0,4.0,2161418,1.0,1,4,1,5.0,,-1.0, -1,1929.0,B01,138Â 290Â 570,1.0,8.0,-1.0,1650314,1.0,7,,0.0,2.0,3.0,B01,138Â 290Â 570,1.0
966986,201900008517,4,19,19:40,1,2,1,1.0,3.0,30028,ROUTE D'AVIGNON,M,"44,1573960","4,6346247",30,2019,70.0,1.0,1.0,2.0,2161419,1.0,1,4,2,0.0,,-1.0,0,1998.0,A01,138Â 290Â 566,1.0,0.0,-1.0,1650315,3.0,7,,0.0,2.0,3.0,A01,138Â 290Â 566,1.0
966986,201900008517,4,19,19:40,1,2,1,1.0,3.0,30028,ROUTE D'AVIGNON,M,"44,1573960","4,6346247",30,2019,70.0,1.0,1.0,2.0,2161419,1.0,1,4,2,0.0,,-1.0,0,1998.0,A01,138Â 290Â 566,1.0,0.0,-1.0,1650316,3.0,10,,0.0,2.0,1.0,B01,138Â 290Â 567,1.0
966986,201900008517,4,19,19:40,1,2,1,1.0,3.0,30028,ROUTE D'AVIGNON,M,"44,1573960","4,6346247",30,2019,70.0,1.0,1.0,2.0,2161420,1.0,1,4,1,0.0,,-1.0,0,1973.0,B01,138Â 290Â 567,1.0,0.0,-1.0,1650315,3.0,7,,0.0,2.0,3.0,A01,138Â 290Â 566,1.0
966986,201900008517,4,19,19:40,1,2,1,1.0,3.0,30028,ROUTE D'AVIGNON,M,"44,1573960","4,6346247",30,2019,70.0,1.0,1.0,2.0,2161420,1.0,1,4,1,0.0,,-1.0,0,1973.0,B01,138Â 290Â 567,1.0,0.0,-1.0,1650316,3.0,10,,0.0,2.0,1.0,B01,138Â 290Â 567,1.0
966987,201900008518,4,27,14:28,1,2,6,1.0,7.0,29051,PEN CARN ROND POINT,M,"48,0125200"," -4,0138000",29,2019,50.0,1.0,1.0,3.0,2161421,2.0,2,1,2,0.0,,0.0,0,2000.0,A01,138Â 290Â 565,1.0,0.0,-1.0,1650317,2.0,7,,8.0,0.0,1.0,A01,138Â 290Â 565,1.0
966987,201900008518,4,27,14:28,1,2,6,1.0,7.0,29051,PEN CARN ROND POINT,M,"48,0125200"," -4,0138000",29,2019,50.0,1.0,1.0,3.0,2161422,1.0,1,4,1,5.0,,-1.0,0,2000.0,A01,138Â 290Â 565,1.0,8.0,-1.0,1650317,2.0,7,,8.0,0.0,1.0,A01,138Â 290Â 565,1.0
966988,201900008519,4,27,17:30,1,2,1,2.0,7.0,29232,LENDU ROUTE DU,M,"47,9344000"," -4,0685000",29,2019,50.0,1.0,2.0,4.0,2161423,1.0,1,4,2,3.0,,-1.0,0,1936.0,A01,138Â 290Â 564,8.0,0.0,-1.0,1650318,1.0,7,,13.0,0.0,8.0,A01,138Â 290Â 564,1.0
966989,201900008520,4,26,16:55,1,2,1,8.0,6.0,29232,GARE AVENUE DE LA,M,"47,9945645"," -4,0944073",29,2019,50.0,1.0,1.0,4.0,2161424,10.0,3,4,2,3.0,,3.0,3,1974.0,A01,138Â 290Â 563,8.0,0.0,-1.0,1650319,1.0,7,,0.0,1.0,1.0,A01,138Â 290Â 563,1.0
966989,201900008520,4,26,16:55,1,2,1,8.0,6.0,29232,GARE AVENUE DE LA,M,"47,9945645"," -4,0944073",29,2019,50.0,1.0,1.0,4.0,2161425,1.0,1,1,2,3.0,,0.0,0,1974.0,A01,138Â 290Â 563,1.0,8.0,-1.0,1650319,1.0,7,,0.0,1.0,1.0,A01,138Â 290Â 563,1.0
966990,201900008521,4,24,18:50,1,1,1,1.0,4.0,29232,RN 165,M,"47,9891378"," -4,0323579",29,2019,90.0,1.0,1.0,2.0,2161426,1.0,1,1,1,1.0,,0.0,0,1958.0,A01,138Â 290Â 560,1.0,8.0,-1.0,1650320,1.0,10,,0.0,2.0,1.0,A01,138Â 290Â 560,1.0
966990,201900008521,4,24,18:50,1,1,1,1.0,4.0,29232,RN 165,M,"47,9891378"," -4,0323579",29,2019,90.0,1.0,1.0,2.0,2161426,1.0,1,1,1,1.0,,0.0,0,1958.0,A01,138Â 290Â 560,1.0,8.0,-1.0,1650321,1.0,7,,0.0,2.0,4.0,C01,138Â 290Â 561,1.0
966990,201900008521,4,24,18:50,1,1,1,1.0,4.0,29232,RN 165,M,"47,9891378"," -4,0323579",29,2019,90.0,1.0,1.0,2.0,2161426,1.0,1,1,1,1.0,,0.0,0,1958.0,A01,138Â 290Â 560,1.0,8.0,-1.0,1650322,1.0,7,,0.0,2.0,1.0,B01,138Â 290Â 562,1.0
966990,201900008521,4,24,18:50,1,1,1,1.0,4.0,29232,RN 165,M,"47,9891378"," -4,0323579",29,2019,90.0,1.0,1.0,2.0,2161427,1.0,1,1,1,1.0,,-1.0, -1,1975.0,C01,138Â 290Â 561,1.0,0.0,-1.0,1650320,1.0,10,,0.0,2.0,1.0,A01,138Â 290Â 560,1.0
966990,201900008521,4,24,18:50,1,1,1,1.0,4.0,29232,RN 165,M,"47,9891378"," -4,0323579",29,2019,90.0,1.0,1.0,2.0,2161427,1.0,1,1,1,1.0,,-1.0, -1,1975.0,C01,138Â 290Â 561,1.0,0.0,-1.0,1650321,1.0,7,,0.0,2.0,4.0,C01,138Â 290Â 561,1.0
966990,201900008521,4,24,18:50,1,1,1,1.0,4.0,29232,RN 165,M,"47,9891378"," -4,0323579",29,2019,90.0,1.0,1.0,2.0,2161427,1.0,1,1,1,1.0,,-1.0, -1,1975.0,C01,138Â 290Â 561,1.0,0.0,-1.0,1650322,1.0,7,,0.0,2.0,1.0,B01,138Â 290Â 562,1.0
966990,201900008521,4,24,18:50,1,1,1,1.0,4.0,29232,RN 165,M,"47,9891378"," -4,0323579",29,2019,90.0,1.0,1.0,2.0,2161428,2.0,2,1,1,1.0,,-1.0,0,1969.0,C01,138Â 290Â 561,1.0,0.0,-1.0,1650320,1.0,10,,0.0,2.0,1.0,A01,138Â 290Â 560,1.0
966990,201900008521,4,24,18:50,1,1,1,1.0,4.0,29232,RN 165,M,"47,9891378"," -4,0323579",29,2019,90.0,1.0,1.0,2.0,2161428,2.0,2,1,1,1.0,,-1.0,0,1969.0,C01,138Â 290Â 561,1.0,0.0,-1.0,1650321,1.0,7,,0.0,2.0,4.0,C01,138Â 290Â 561,1.0
966990,201900008521,4,24,18:50,1,1,1,1.0,4.0,29232,RN 165,M,"47,9891378"," -4,0323579",29,2019,90.0,1.0,1.0,2.0,2161428,2.0,2,1,1,1.0,,-1.0,0,1969.0,C01,138Â 290Â 561,1.0,0.0,-1.0,1650322,1.0,7,,0.0,2.0,1.0,B01,138Â 290Â 562,1.0
966990,201900008521,4,24,18:50,1,1,1,1.0,4.0,29232,RN 165,M,"47,9891378"," -4,0323579",29,2019,90.0,1.0,1.0,2.0,2161429,1.0,1,3,2,0.0,,-1.0,0,1935.0,B01,138Â 290Â 562,1.0,0.0,-1.0,1650320,1.0,10,,0.0,2.0,1.0,A01,138Â 290Â 560,1.0
966990,201900008521,4,24,18:50,1,1,1,1.0,4.0,29232,RN 165,M,"47,9891378"," -4,0323579",29,2019,90.0,1.0,1.0,2.0,2161429,1.0,1,3,2,0.0,,-1.0,0,1935.0,B01,138Â 290Â 562,1.0,0.0,-1.0,1650321,1.0,7,,0.0,2.0,4.0,C01,138Â 290Â 561,1.0
966990,201900008521,4,24,18:50,1,1,1,1.0,4.0,29232,RN 165,M,"47,9891378"," -4,0323579",29,2019,90.0,1.0,1.0,2.0,2161429,1.0,1,3,2,0.0,,-1.0,0,1935.0,B01,138Â 290Â 562,1.0,0.0,-1.0,1650322,1.0,7,,0.0,2.0,1.0,B01,138Â 290Â 562,1.0
966990,201900008521,4,24,18:50,1,1,1,1.0,4.0,29232,RN 165,M,"47,9891378"," -4,0323579",29,2019,90.0,1.0,1.0,2.0,2161430,2.0,2,4,1,5.0,,-1.0,0,2003.0,B01,138Â 290Â 562,1.0,0.0,-1.0,1650320,1.0,10,,0.0,2.0,1.0,A01,138Â 290Â 560,1.0
966990,201900008521,4,24,18:50,1,1,1,1.0,4.0,29232,RN 165,M,"47,9891378"," -4,0323579",29,2019,90.0,1.0,1.0,2.0,2161430,2.0,2,4,1,5.0,,-1.0,0,2003.0,B01,138Â 290Â 562,1.0,0.0,-1.0,1650321,1.0,7,,0.0,2.0,4.0,C01,138Â 290Â 561,1.0
966990,201900008521,4,24,18:50,1,1,1,1.0,4.0,29232,RN 165,M,"47,9891378"," -4,0323579",29,2019,90.0,1.0,1.0,2.0,2161430,2.0,2,4,1,5.0,,-1.0,0,2003.0,B01,138Â 290Â 562,1.0,0.0,-1.0,1650322,1.0,7,,0.0,2.0,1.0,B01,138Â 290Â 562,1.0
966991,201900008522,4,24,12:20,1,2,1,2.0,6.0,29232,FRUGY RUE DU,M,"47,9877573"," -4,1083906",29,2019,50.0,1.0,2.0,4.0,2161431,10.0,3,4,1,5.0,,3.0,3,1957.0,A01,138Â 290Â 559,8.0,0.0,-1.0,1650323,1.0,7,,0.0,1.0,1.0,A01,138Â 290Â 559,1.0
966991,201900008522,4,24,12:20,1,2,1,2.0,6.0,29232,FRUGY RUE DU,M,"47,9877573"," -4,1083906",29,2019,50.0,1.0,2.0,4.0,2161432,1.0,1,1,2,5.0,,-1.0,0,1996.0,A01,138Â 290Â 559,1.0,0.0,-1.0,1650323,1.0,7,,0.0,1.0,1.0,A01,138Â 290Â 559,1.0
966992,201900008523,4,23,11:00,1,2,6,7.0,2.0,29039,KERVINIOU ( ROND POINT DE ),M,"47,8625000"," -3,8896000",29,2019,50.0,1.0,1.0,3.0,2161433,1.0,1,1,2,5.0,,-1.0,0,1949.0,A01,138Â 290Â 557,1.0,8.0,-1.0,1650324,1.0,10,,0.0,6.0,3.0,A01,138Â 290Â 557,1.0
966992,201900008523,4,23,11:00,1,2,6,7.0,2.0,29039,KERVINIOU ( ROND POINT DE ),M,"47,8625000"," -3,8896000",29,2019,50.0,1.0,1.0,3.0,2161433,1.0,1,1,2,5.0,,-1.0,0,1949.0,A01,138Â 290Â 557,1.0,8.0,-1.0,1650325,2.0,1,,0.0,2.0,4.0,B01,138Â 290Â 558,0.0
966992,201900008523,4,23,11:00,1,2,6,7.0,2.0,29039,KERVINIOU ( ROND POINT DE ),M,"47,8625000"," -3,8896000",29,2019,50.0,1.0,1.0,3.0,2161434,1.0,1,4,1,5.0,,-1.0,0,1943.0,B01,138Â 290Â 558,8.0,0.0,-1.0,1650324,1.0,10,,0.0,6.0,3.0,A01,138Â 290Â 557,1.0
966992,201900008523,4,23,11:00,1,2,6,7.0,2.0,29039,KERVINIOU ( ROND POINT DE ),M,"47,8625000"," -3,8896000",29,2019,50.0,1.0,1.0,3.0,2161434,1.0,1,4,1,5.0,,-1.0,0,1943.0,B01,138Â 290Â 558,8.0,0.0,-1.0,1650325,2.0,1,,0.0,2.0,4.0,B01,138Â 290Â 558,0.0
966993,201900008524,4,28,11:00,1,2,3,1.0,6.0,29019,EUROPE (DE 58 A 166 ET 99 A 129),M,"48,4131557"," -4,4912449",29,2019,50.0,1.0,1.0,4.0,2161435,1.0,1,1,1,9.0,,-1.0,0,1967.0,A01,138Â 290Â 556,1.0,0.0,-1.0,1650326,3.0,7,,0.0,1.0,1.0,A01,138Â 290Â 556,1.0
966993,201900008524,4,28,11:00,1,2,3,1.0,6.0,29019,EUROPE (DE 58 A 166 ET 99 A 129),M,"48,4131557"," -4,4912449",29,2019,50.0,1.0,1.0,4.0,2161436,10.0,3,2,2,5.0,,4.0,3,1936.0,A01,138Â 290Â 556,8.0,8.0,-1.0,1650326,3.0,7,,0.0,1.0,1.0,A01,138Â 290Â 556,1.0
966994,201900008525,4,20,08:58,1,2,6,1.0,5.0,29019,SPERNOT (ROND POINT),M,"48,4129847"," -4,5075889",29,2019,50.0,1.0,1.0,4.0,2161437,1.0,1,1,2,3.0,,0.0,0,1953.0,B01,138Â 290Â 553,1.0,0.0,-1.0,1650327,2.0,7,,0.0,2.0,3.0,B01,138Â 290Â 553,1.0
966994,201900008525,4,20,08:58,1,2,6,1.0,5.0,29019,SPERNOT (ROND POINT),M,"48,4129847"," -4,5075889",29,2019,50.0,1.0,1.0,4.0,2161437,1.0,1,1,2,3.0,,0.0,0,1953.0,B01,138Â 290Â 553,1.0,0.0,-1.0,1650328,2.0,33,,0.0,2.0,1.0,A01,138Â 290Â 554,1.0
966994,201900008525,4,20,08:58,1,2,6,1.0,5.0,29019,SPERNOT (ROND POINT),M,"48,4129847"," -4,5075889",29,2019,50.0,1.0,1.0,4.0,2161437,1.0,1,1,2,3.0,,0.0,0,1953.0,B01,138Â 290Â 553,1.0,0.0,-1.0,1650329,1.0,7,,0.0,2.0,5.0,C01,138Â 290Â 555,1.0
966994,201900008525,4,20,08:58,1,2,6,1.0,5.0,29019,SPERNOT (ROND POINT),M,"48,4129847"," -4,5075889",29,2019,50.0,1.0,1.0,4.0,2161438,1.0,1,4,1,1.0,,0.0,0,1995.0,A01,138Â 290Â 554,2.0,6.0,-1.0,1650327,2.0,7,,0.0,2.0,3.0,B01,138Â 290Â 553,1.0
966994,201900008525,4,20,08:58,1,2,6,1.0,5.0,29019,SPERNOT (ROND POINT),M,"48,4129847"," -4,5075889",29,2019,50.0,1.0,1.0,4.0,2161438,1.0,1,4,1,1.0,,0.0,0,1995.0,A01,138Â 290Â 554,2.0,6.0,-1.0,1650328,2.0,33,,0.0,2.0,1.0,A01,138Â 290Â 554,1.0
966994,201900008525,4,20,08:58,1,2,6,1.0,5.0,29019,SPERNOT (ROND POINT),M,"48,4129847"," -4,5075889",29,2019,50.0,1.0,1.0,4.0,2161438,1.0,1,4,1,1.0,,0.0,0,1995.0,A01,138Â 290Â 554,2.0,6.0,-1.0,1650329,1.0,7,,0.0,2.0,5.0,C01,138Â 290Â 555,1.0
966994,201900008525,4,20,08:58,1,2,6,1.0,5.0,29019,SPERNOT (ROND POINT),M,"48,4129847"," -4,5075889",29,2019,50.0,1.0,1.0,4.0,2161439,1.0,1,1,1,5.0,,0.0,0,1998.0,C01,138Â 290Â 555,1.0,0.0,-1.0,1650327,2.0,7,,0.0,2.0,3.0,B01,138Â 290Â 553,1.0
966994,201900008525,4,20,08:58,1,2,6,1.0,5.0,29019,SPERNOT (ROND POINT),M,"48,4129847"," -4,5075889",29,2019,50.0,1.0,1.0,4.0,2161439,1.0,1,1,1,5.0,,0.0,0,1998.0,C01,138Â 290Â 555,1.0,0.0,-1.0,1650328,2.0,33,,0.0,2.0,1.0,A01,138Â 290Â 554,1.0
966994,201900008525,4,20,08:58,1,2,6,1.0,5.0,29019,SPERNOT (ROND POINT),M,"48,4129847"," -4,5075889",29,2019,50.0,1.0,1.0,4.0,2161439,1.0,1,1,1,5.0,,0.0,0,1998.0,C01,138Â 290Â 555,1.0,0.0,-1.0,1650329,1.0,7,,0.0,2.0,5.0,C01,138Â 290Â 555,1.0
966995,201900008526,4,11,17:45,1,2,1,1.0,3.0,29019,VILLENEUVE (RUE),M,"48,4097400"," -4,4644200",29,2019,50.0,1.0,1.0,4.0,2161440,1.0,1,1,1,5.0,,-1.0,0,1972.0,A01,138Â 290Â 551,1.0,0.0,-1.0,1650330,0.0,7,,0.0,2.0,3.0,A01,138Â 290Â 551,0.0
966995,201900008526,4,11,17:45,1,2,1,1.0,3.0,29019,VILLENEUVE (RUE),M,"48,4097400"," -4,4644200",29,2019,50.0,1.0,1.0,4.0,2161440,1.0,1,1,1,5.0,,-1.0,0,1972.0,A01,138Â 290Â 551,1.0,0.0,-1.0,1650331,0.0,33,,0.0,2.0,1.0,B01,138Â 290Â 552,0.0
966995,201900008526,4,11,17:45,1,2,1,1.0,3.0,29019,VILLENEUVE (RUE),M,"48,4097400"," -4,4644200",29,2019,50.0,1.0,1.0,4.0,2161441,1.0,1,3,1,5.0,,-1.0,0,1996.0,B01,138Â 290Â 552,2.0,0.0,-1.0,1650330,0.0,7,,0.0,2.0,3.0,A01,138Â 290Â 551,0.0
966995,201900008526,4,11,17:45,1,2,1,1.0,3.0,29019,VILLENEUVE (RUE),M,"48,4097400"," -4,4644200",29,2019,50.0,1.0,1.0,4.0,2161441,1.0,1,3,1,5.0,,-1.0,0,1996.0,B01,138Â 290Â 552,2.0,0.0,-1.0,1650331,0.0,33,,0.0,2.0,1.0,B01,138Â 290Â 552,0.0
966996,201900008527,4,23,08:45,1,2,1,1.0,1.0,29019,DUVAL MARCELLIN (DE 22 A 78 ET 29 A 121),M,"48,4205423"," -4,4869022",29,2019,50.0,1.0,1.0,4.0,2161442,1.0,1,4,1,0.0,,0.0,0,1981.0,B01,138Â 290Â 549,8.0,0.0,-1.0,1650332,2.0,1,,0.0,2.0,0.0,B01,138Â 290Â 549,0.0
966996,201900008527,4,23,08:45,1,2,1,1.0,1.0,29019,DUVAL MARCELLIN (DE 22 A 78 ET 29 A 121),M,"48,4205423"," -4,4869022",29,2019,50.0,1.0,1.0,4.0,2161442,1.0,1,4,1,0.0,,0.0,0,1981.0,B01,138Â 290Â 549,8.0,0.0,-1.0,1650333,1.0,7,,0.0,2.0,1.0,A01,138Â 290Â 550,0.0
966996,201900008527,4,23,08:45,1,2,1,1.0,1.0,29019,DUVAL MARCELLIN (DE 22 A 78 ET 29 A 121),M,"48,4205423"," -4,4869022",29,2019,50.0,1.0,1.0,4.0,2161443,1.0,1,1,2,0.0,,0.0,0,1959.0,A01,138Â 290Â 550,1.0,0.0,-1.0,1650332,2.0,1,,0.0,2.0,0.0,B01,138Â 290Â 549,0.0
966996,201900008527,4,23,08:45,1,2,1,1.0,1.0,29019,DUVAL MARCELLIN (DE 22 A 78 ET 29 A 121),M,"48,4205423"," -4,4869022",29,2019,50.0,1.0,1.0,4.0,2161443,1.0,1,1,2,0.0,,0.0,0,1959.0,A01,138Â 290Â 550,1.0,0.0,-1.0,1650333,1.0,7,,0.0,2.0,1.0,A01,138Â 290Â 550,0.0
966997,201900008528,4,26,13:30,1,2,9,8.0,6.0,28134,LIEVRE D'OR (RUE DU),M,"48,7366900","1,3889200",28,2019,30.0,2.0,1.0,4.0,2161444,10.0,3,4,1,2.0,,3.0,3,2008.0,A01,138Â 290Â 548,0.0,0.0,0.0,1650334,3.0,7,,0.0,1.0,2.0,A01,138Â 290Â 548,0.0
966997,201900008528,4,26,13:30,1,2,9,8.0,6.0,28134,LIEVRE D'OR (RUE DU),M,"48,7366900","1,3889200",28,2019,30.0,2.0,1.0,4.0,2161445,1.0,1,4,1,0.0,,0.0,0,2000.0,A01,138Â 290Â 548,8.0,0.0,0.0,1650334,3.0,7,,0.0,1.0,2.0,A01,138Â 290Â 548,0.0
966998,201900008529,4,20,19:10,1,1,1,1.0,7.0,28134,PROD'HOMME (RUE EMILE),M,"48,7483900","1,3409000",28,2019,50.0,1.0,1.0,4.0,2161446,1.0,1,2,1,9.0,,-1.0, -1,1977.0,A01,138Â 290Â 547,8.0,0.0,-1.0,1650335,1.0,33,,0.0,0.0,0.0,A01,138Â 290Â 547,1.0
966999,201900008530,4,21,17:15,1,2,9,1.0,6.0,28332,Moronval (rue des hauts de),M,"48,7284200","1,3923300",28,2019,50.0,1.0,1.0,4.0,2161447,2.0,2,4,1,0.0,,-1.0, -1,2003.0,A01,138Â 290Â 546,2.0,0.0,-1.0,1650336,0.0,30,,9.0,0.0,1.0,A01,138Â 290Â 546,1.0
966999,201900008530,4,21,17:15,1,2,9,1.0,6.0,28332,Moronval (rue des hauts de),M,"48,7284200","1,3923300",28,2019,50.0,1.0,1.0,4.0,2161448,1.0,1,4,1,0.0,,-1.0, -1,2003.0,A01,138Â 290Â 546,2.0,0.0,-1.0,1650336,0.0,30,,9.0,0.0,1.0,A01,138Â 290Â 546,1.0
967000,201900008531,4,18,20:05,1,2,1,1.0,6.0,28404,DELIBES (RUE LEO),M,"48,7163200","1,3639400",28,2019,50.0,1.0,1.0,9.0,2161449,10.0,3,4,1,5.0,,1.0,3,2004.0,A01,138Â 290Â 545,0.0,0.0,0.0,1650337,0.0,7,,0.0,1.0,2.0,A01,138Â 290Â 545,1.0
967000,201900008531,4,18,20:05,1,2,1,1.0,6.0,28404,DELIBES (RUE LEO),M,"48,7163200","1,3639400",28,2019,50.0,1.0,1.0,9.0,2161450,1.0,1,1,1,5.0,,0.0,0,1973.0,A01,138Â 290Â 545,1.0,8.0,0.0,1650337,0.0,7,,0.0,1.0,2.0,A01,138Â 290Â 545,1.0
967001,201900008532,4,19,19:10,1,2,9,1.0,7.0,27681,RENAISSANCE (RUE DE LA),M,"49,0787800","1,4820100",27,2019,50.0,1.0,9.0,6.0,2161451,2.0,1,4,1,5.0,,-1.0,0,1997.0,A01,138Â 290Â 533,8.0,0.0,-1.0,1650338,3.0,0,,0.0,0.0,0.0,A01,138Â 290Â 533,1.0
967002,201900008533,4,19,16:25,1,1,1,1.0,3.0,27681,RELIGIEUSES (CHEMIN),M,"49,0732300","1,4687800",27,2019,50.0,1.0,1.0,4.0,2161452,2.0,2,4,1,0.0,,-1.0,0,1999.0,A01,138Â 290Â 531,2.0,6.0,-1.0,1650339,3.0,33,,0.0,2.0,8.0,A01,138Â 290Â 531,1.0
967002,201900008533,4,19,16:25,1,1,1,1.0,3.0,27681,RELIGIEUSES (CHEMIN),M,"49,0732300","1,4687800",27,2019,50.0,1.0,1.0,4.0,2161452,2.0,2,4,1,0.0,,-1.0,0,1999.0,A01,138Â 290Â 531,2.0,6.0,-1.0,1650340,3.0,7,,0.0,2.0,8.0,B01,138Â 290Â 532,1.0
967002,201900008533,4,19,16:25,1,1,1,1.0,3.0,27681,RELIGIEUSES (CHEMIN),M,"49,0732300","1,4687800",27,2019,50.0,1.0,1.0,4.0,2161453,1.0,1,4,1,0.0,,-1.0,0,1977.0,A01,138Â 290Â 531,2.0,6.0,-1.0,1650339,3.0,33,,0.0,2.0,8.0,A01,138Â 290Â 531,1.0
967002,201900008533,4,19,16:25,1,1,1,1.0,3.0,27681,RELIGIEUSES (CHEMIN),M,"49,0732300","1,4687800",27,2019,50.0,1.0,1.0,4.0,2161453,1.0,1,4,1,0.0,,-1.0,0,1977.0,A01,138Â 290Â 531,2.0,6.0,-1.0,1650340,3.0,7,,0.0,2.0,8.0,B01,138Â 290Â 532,1.0
967002,201900008533,4,19,16:25,1,1,1,1.0,3.0,27681,RELIGIEUSES (CHEMIN),M,"49,0732300","1,4687800",27,2019,50.0,1.0,1.0,4.0,2161454,4.0,2,1,1,0.0,,-1.0,0,1990.0,B01,138Â 290Â 532,1.0,0.0,-1.0,1650339,3.0,33,,0.0,2.0,8.0,A01,138Â 290Â 531,1.0