Unnamed: 0_x,num_acc,mois,jour,hrmn,lum,agg,int,atm,col,com,adr,gps,lat,long,dep,annee,vma,situ,surf,catr,Unnamed: 0_y,place,catu,grav,sexe,trajet,secu,locp,actp,an_nais,num_veh_x,id_vehicule_x,secu1,secu2,secu3,Unnamed: 0,senc,catv,occutc,obs,obsm,choc,num_veh_y,id_vehicule_y,motor
967002,201900008533,4,19,16:25,1,1,1,1.0,3.0,27681,RELIGIEUSES (CHEMIN),M,"49,0732300","1,4687800",27,2019,50.0,1.0,1.0,4.0,2161454,4.0,2,1,1,0.0,,-1.0,0,1990.0,B01,138Â 290Â 532,1.0,0.0,-1.0,1650340,3.0,7,,0.0,2.0,8.0,B01,138Â 290Â 532,1.0
967002,201900008533,4,19,16:25,1,1,1,1.0,3.0,27681,RELIGIEUSES (CHEMIN),M,"49,0732300","1,4687800",27,2019,50.0,1.0,1.0,4.0,2161455,3.0,2,1,1,0.0,,-1.0,0,2018.0,B01,138Â 290Â 532,3.0,0.0,-1.0,1650339,3.0,33,,0.0,2.0,8.0,A01,138Â 290Â 531,1.0
967002,201900008533,4,19,16:25,1,1,1,1.0,3.0,27681,RELIGIEUSES (CHEMIN),M,"49,0732300","1,4687800",27,2019,50.0,1.0,1.0,4.0,2161455,3.0,2,1,1,0.0,,-1.0,0,2018.0,B01,138Â 290Â 532,3.0,0.0,-1.0,1650340,3.0,7,,0.0,2.0,8.0,B01,138Â 290Â 532,1.0
967002,201900008533,4,19,16:25,1,1,1,1.0,3.0,27681,RELIGIEUSES (CHEMIN),M,"49,0732300","1,4687800",27,2019,50.0,1.0,1.0,4.0,2161456,1.0,1,4,2,0.0,,-1.0,0,1990.0,B01,138Â 290Â 532,1.0,8.0,-1.0,1650339,3.0,33,,0.0,2.0,8.0,A01,138Â 290Â 531,1.0
967002,201900008533,4,19,16:25,1,1,1,1.0,3.0,27681,RELIGIEUSES (CHEMIN),M,"49,0732300","1,4687800",27,2019,50.0,1.0,1.0,4.0,2161456,1.0,1,4,2,0.0,,-1.0,0,1990.0,B01,138Â 290Â 532,1.0,8.0,-1.0,1650340,3.0,7,,0.0,2.0,8.0,B01,138Â 290Â 532,1.0
967003,201900008534,4,18,11:55,1,1,1,1.0,1.0,27681,QUEUE D'HAYE (RUE DE LA ),M,"49,1257000","1,5325000",27,2019,80.0,1.0,1.0,4.0,2161457,1.0,1,4,2,3.0,,-1.0,0,1962.0,B01,138Â 290Â 529,1.0,5.0,-1.0,1650341,3.0,7,,0.0,2.0,1.0,B01,138Â 290Â 529,1.0
967003,201900008534,4,18,11:55,1,1,1,1.0,1.0,27681,QUEUE D'HAYE (RUE DE LA ),M,"49,1257000","1,5325000",27,2019,80.0,1.0,1.0,4.0,2161457,1.0,1,4,2,3.0,,-1.0,0,1962.0,B01,138Â 290Â 529,1.0,5.0,-1.0,1650342,3.0,10,,0.0,2.0,1.0,A01,138Â 290Â 530,1.0
967003,201900008534,4,18,11:55,1,1,1,1.0,1.0,27681,QUEUE D'HAYE (RUE DE LA ),M,"49,1257000","1,5325000",27,2019,80.0,1.0,1.0,4.0,2161458,1.0,1,1,1,4.0,,-1.0,0,1978.0,A01,138Â 290Â 530,1.0,5.0,-1.0,1650341,3.0,7,,0.0,2.0,1.0,B01,138Â 290Â 529,1.0
967003,201900008534,4,18,11:55,1,1,1,1.0,1.0,27681,QUEUE D'HAYE (RUE DE LA ),M,"49,1257000","1,5325000",27,2019,80.0,1.0,1.0,4.0,2161458,1.0,1,1,1,4.0,,-1.0,0,1978.0,A01,138Â 290Â 530,1.0,5.0,-1.0,1650342,3.0,10,,0.0,2.0,1.0,A01,138Â 290Â 530,1.0
967004,201900008535,4,18,15:55,1,1,1,1.0,5.0,27701,RD6015,M,"49,2559400","1,1705600",27,2019,90.0,1.0,1.0,3.0,2161459,1.0,1,4,1,5.0,,-1.0,0,1954.0,B01,138Â 290Â 526,1.0,5.0,-1.0,1650343,1.0,10,,0.0,2.0,0.0,B01,138Â 290Â 526,1.0
967004,201900008535,4,18,15:55,1,1,1,1.0,5.0,27701,RD6015,M,"49,2559400","1,1705600",27,2019,90.0,1.0,1.0,3.0,2161459,1.0,1,4,1,5.0,,-1.0,0,1954.0,B01,138Â 290Â 526,1.0,5.0,-1.0,1650344,2.0,7,,0.0,2.0,1.0,C01,138Â 290Â 527,1.0
967004,201900008535,4,18,15:55,1,1,1,1.0,5.0,27701,RD6015,M,"49,2559400","1,1705600",27,2019,90.0,1.0,1.0,3.0,2161459,1.0,1,4,1,5.0,,-1.0,0,1954.0,B01,138Â 290Â 526,1.0,5.0,-1.0,1650345,1.0,7,,0.0,2.0,2.0,A01,138Â 290Â 528,0.0
967004,201900008535,4,18,15:55,1,1,1,1.0,5.0,27701,RD6015,M,"49,2559400","1,1705600",27,2019,90.0,1.0,1.0,3.0,2161460,2.0,2,4,2,5.0,,-1.0,0,2002.0,C01,138Â 290Â 527,1.0,5.0,-1.0,1650343,1.0,10,,0.0,2.0,0.0,B01,138Â 290Â 526,1.0
967004,201900008535,4,18,15:55,1,1,1,1.0,5.0,27701,RD6015,M,"49,2559400","1,1705600",27,2019,90.0,1.0,1.0,3.0,2161460,2.0,2,4,2,5.0,,-1.0,0,2002.0,C01,138Â 290Â 527,1.0,5.0,-1.0,1650344,2.0,7,,0.0,2.0,1.0,C01,138Â 290Â 527,1.0
967004,201900008535,4,18,15:55,1,1,1,1.0,5.0,27701,RD6015,M,"49,2559400","1,1705600",27,2019,90.0,1.0,1.0,3.0,2161460,2.0,2,4,2,5.0,,-1.0,0,2002.0,C01,138Â 290Â 527,1.0,5.0,-1.0,1650345,1.0,7,,0.0,2.0,2.0,A01,138Â 290Â 528,0.0
967004,201900008535,4,18,15:55,1,1,1,1.0,5.0,27701,RD6015,M,"49,2559400","1,1705600",27,2019,90.0,1.0,1.0,3.0,2161461,1.0,1,4,2,5.0,,-1.0,0,1969.0,C01,138Â 290Â 527,1.0,5.0,-1.0,1650343,1.0,10,,0.0,2.0,0.0,B01,138Â 290Â 526,1.0
967004,201900008535,4,18,15:55,1,1,1,1.0,5.0,27701,RD6015,M,"49,2559400","1,1705600",27,2019,90.0,1.0,1.0,3.0,2161461,1.0,1,4,2,5.0,,-1.0,0,1969.0,C01,138Â 290Â 527,1.0,5.0,-1.0,1650344,2.0,7,,0.0,2.0,1.0,C01,138Â 290Â 527,1.0
967004,201900008535,4,18,15:55,1,1,1,1.0,5.0,27701,RD6015,M,"49,2559400","1,1705600",27,2019,90.0,1.0,1.0,3.0,2161461,1.0,1,4,2,5.0,,-1.0,0,1969.0,C01,138Â 290Â 527,1.0,5.0,-1.0,1650345,1.0,7,,0.0,2.0,2.0,A01,138Â 290Â 528,0.0
967005,201900008536,4,18,09:45,1,2,3,1.0,3.0,26252,MOLOISE BENJAMIN RUE,M,"44,8893600","4,8799100",26,2019,50.0,1.0,1.0,3.0,2161462,1.0,1,3,1,0.0,,-1.0,0,1966.0,B01,138Â 290Â 522,2.0,0.0,-1.0,1650346,2.0,2,,0.0,2.0,0.0,B01,138Â 290Â 522,1.0
967005,201900008536,4,18,09:45,1,2,3,1.0,3.0,26252,MOLOISE BENJAMIN RUE,M,"44,8893600","4,8799100",26,2019,50.0,1.0,1.0,3.0,2161462,1.0,1,3,1,0.0,,-1.0,0,1966.0,B01,138Â 290Â 522,2.0,0.0,-1.0,1650347,3.0,17,,0.0,2.0,0.0,A01,138Â 290Â 523,1.0
967005,201900008536,4,18,09:45,1,2,3,1.0,3.0,26252,MOLOISE BENJAMIN RUE,M,"44,8893600","4,8799100",26,2019,50.0,1.0,1.0,3.0,2161463,1.0,1,1,1,4.0,,-1.0,0,1992.0,A01,138Â 290Â 523,1.0,-1.0,-1.0,1650346,2.0,2,,0.0,2.0,0.0,B01,138Â 290Â 522,1.0
967005,201900008536,4,18,09:45,1,2,3,1.0,3.0,26252,MOLOISE BENJAMIN RUE,M,"44,8893600","4,8799100",26,2019,50.0,1.0,1.0,3.0,2161463,1.0,1,1,1,4.0,,-1.0,0,1992.0,A01,138Â 290Â 523,1.0,-1.0,-1.0,1650347,3.0,17,,0.0,2.0,0.0,A01,138Â 290Â 523,1.0
967006,201900008537,4,23,17:50,1,2,9,1.0,4.0,26057,RD 538,M,"45,0038350","5,0360900",26,2019,70.0,1.0,1.0,3.0,2161464,1.0,1,1,1,0.0,,0.0,0,1988.0,C01,138Â 290Â 519,1.0,0.0,-1.0,1650348,2.0,7,,0.0,2.0,4.0,C01,138Â 290Â 519,1.0
967006,201900008537,4,23,17:50,1,2,9,1.0,4.0,26057,RD 538,M,"45,0038350","5,0360900",26,2019,70.0,1.0,1.0,3.0,2161464,1.0,1,1,1,0.0,,0.0,0,1988.0,C01,138Â 290Â 519,1.0,0.0,-1.0,1650349,2.0,7,,14.0,2.0,4.0,B01,138Â 290Â 520,1.0
967006,201900008537,4,23,17:50,1,2,9,1.0,4.0,26057,RD 538,M,"45,0038350","5,0360900",26,2019,70.0,1.0,1.0,3.0,2161464,1.0,1,1,1,0.0,,0.0,0,1988.0,C01,138Â 290Â 519,1.0,0.0,-1.0,1650350,2.0,7,,14.0,2.0,1.0,A01,138Â 290Â 521,1.0
967006,201900008537,4,23,17:50,1,2,9,1.0,4.0,26057,RD 538,M,"45,0038350","5,0360900",26,2019,70.0,1.0,1.0,3.0,2161465,1.0,1,4,1,1.0,,0.0,0,1978.0,B01,138Â 290Â 520,1.0,0.0,-1.0,1650348,2.0,7,,0.0,2.0,4.0,C01,138Â 290Â 519,1.0
967006,201900008537,4,23,17:50,1,2,9,1.0,4.0,26057,RD 538,M,"45,0038350","5,0360900",26,2019,70.0,1.0,1.0,3.0,2161465,1.0,1,4,1,1.0,,0.0,0,1978.0,B01,138Â 290Â 520,1.0,0.0,-1.0,1650349,2.0,7,,14.0,2.0,4.0,B01,138Â 290Â 520,1.0
967006,201900008537,4,23,17:50,1,2,9,1.0,4.0,26057,RD 538,M,"45,0038350","5,0360900",26,2019,70.0,1.0,1.0,3.0,2161465,1.0,1,4,1,1.0,,0.0,0,1978.0,B01,138Â 290Â 520,1.0,0.0,-1.0,1650350,2.0,7,,14.0,2.0,1.0,A01,138Â 290Â 521,1.0
967006,201900008537,4,23,17:50,1,2,9,1.0,4.0,26057,RD 538,M,"45,0038350","5,0360900",26,2019,70.0,1.0,1.0,3.0,2161466,1.0,1,4,1,0.0,,0.0,0,1981.0,A01,138Â 290Â 521,1.0,0.0,-1.0,1650348,2.0,7,,0.0,2.0,4.0,C01,138Â 290Â 519,1.0
967006,201900008537,4,23,17:50,1,2,9,1.0,4.0,26057,RD 538,M,"45,0038350","5,0360900",26,2019,70.0,1.0,1.0,3.0,2161466,1.0,1,4,1,0.0,,0.0,0,1981.0,A01,138Â 290Â 521,1.0,0.0,-1.0,1650349,2.0,7,,14.0,2.0,4.0,B01,138Â 290Â 520,1.0
967006,201900008537,4,23,17:50,1,2,9,1.0,4.0,26057,RD 538,M,"45,0038350","5,0360900",26,2019,70.0,1.0,1.0,3.0,2161466,1.0,1,4,1,0.0,,0.0,0,1981.0,A01,138Â 290Â 521,1.0,0.0,-1.0,1650350,2.0,7,,14.0,2.0,1.0,A01,138Â 290Â 521,1.0
967007,201900008538,4,23,09:30,1,2,9,2.0,6.0,26281,LIBERATION (BOULEVARD DE LA),M,"45,0479700","5,0474000",26,2019,50.0,1.0,2.0,4.0,2161467,1.0,1,1,1,0.0,,0.0,0,1933.0,A01,138Â 290Â 518,1.0,0.0,-1.0,1650351,1.0,7,,0.0,1.0,1.0,A01,138Â 290Â 518,1.0
967007,201900008538,4,23,09:30,1,2,9,2.0,6.0,26281,LIBERATION (BOULEVARD DE LA),M,"45,0479700","5,0474000",26,2019,50.0,1.0,2.0,4.0,2161468,10.0,3,4,2,0.0,,3.0,3,1961.0,A01,138Â 290Â 518,8.0,0.0,-1.0,1650351,1.0,7,,0.0,1.0,1.0,A01,138Â 290Â 518,1.0
967008,201900008539,4,25,15:55,1,2,1,6.0,2.0,26198,GOURNIER (Avenue de),M,"44,5336300","4,7338500",26,2019,70.0,1.0,1.0,2.0,2161469,1.0,1,4,2,5.0,,0.0,0,1990.0,B01,138Â 290Â 516,1.0,8.0,-1.0,1650352,2.0,7,,0.0,2.0,4.0,B01,138Â 290Â 516,1.0
967008,201900008539,4,25,15:55,1,2,1,6.0,2.0,26198,GOURNIER (Avenue de),M,"44,5336300","4,7338500",26,2019,70.0,1.0,1.0,2.0,2161469,1.0,1,4,2,5.0,,0.0,0,1990.0,B01,138Â 290Â 516,1.0,8.0,-1.0,1650353,2.0,7,,0.0,2.0,1.0,A01,138Â 290Â 517,1.0
967008,201900008539,4,25,15:55,1,2,1,6.0,2.0,26198,GOURNIER (Avenue de),M,"44,5336300","4,7338500",26,2019,70.0,1.0,1.0,2.0,2161470,1.0,1,1,1,5.0,,0.0,0,1938.0,A01,138Â 290Â 517,1.0,8.0,-1.0,1650352,2.0,7,,0.0,2.0,4.0,B01,138Â 290Â 516,1.0
967008,201900008539,4,25,15:55,1,2,1,6.0,2.0,26198,GOURNIER (Avenue de),M,"44,5336300","4,7338500",26,2019,70.0,1.0,1.0,2.0,2161470,1.0,1,1,1,5.0,,0.0,0,1938.0,A01,138Â 290Â 517,1.0,8.0,-1.0,1650353,2.0,7,,0.0,2.0,1.0,A01,138Â 290Â 517,1.0
967009,201900008540,3,10,06:30,5,2,6,1.0,2.0,26198,MARSEILLE (Route de ),M,"44,5334760","4,7458040",26,2019,50.0,1.0,1.0,4.0,2161471,1.0,1,1,1,0.0,,0.0,0,2000.0,A01,138Â 290Â 514,1.0,-1.0,-1.0,1650354,3.0,7,,0.0,2.0,0.0,A01,138Â 290Â 514,0.0
967009,201900008540,3,10,06:30,5,2,6,1.0,2.0,26198,MARSEILLE (Route de ),M,"44,5334760","4,7458040",26,2019,50.0,1.0,1.0,4.0,2161471,1.0,1,1,1,0.0,,0.0,0,2000.0,A01,138Â 290Â 514,1.0,-1.0,-1.0,1650355,3.0,7,,0.0,2.0,1.0,A01,138Â 290Â 515,1.0
967009,201900008540,3,10,06:30,5,2,6,1.0,2.0,26198,MARSEILLE (Route de ),M,"44,5334760","4,7458040",26,2019,50.0,1.0,1.0,4.0,2161472,2.0,2,3,2,5.0,,0.0,0,1999.0,A01,138Â 290Â 515,8.0,0.0,-1.0,1650354,3.0,7,,0.0,2.0,0.0,A01,138Â 290Â 514,0.0
967009,201900008540,3,10,06:30,5,2,6,1.0,2.0,26198,MARSEILLE (Route de ),M,"44,5334760","4,7458040",26,2019,50.0,1.0,1.0,4.0,2161472,2.0,2,3,2,5.0,,0.0,0,1999.0,A01,138Â 290Â 515,8.0,0.0,-1.0,1650355,3.0,7,,0.0,2.0,1.0,A01,138Â 290Â 515,1.0
967009,201900008540,3,10,06:30,5,2,6,1.0,2.0,26198,MARSEILLE (Route de ),M,"44,5334760","4,7458040",26,2019,50.0,1.0,1.0,4.0,2161473,1.0,1,3,1,5.0,,0.0,0,2001.0,A01,138Â 290Â 515,8.0,0.0,-1.0,1650354,3.0,7,,0.0,2.0,0.0,A01,138Â 290Â 514,0.0
967009,201900008540,3,10,06:30,5,2,6,1.0,2.0,26198,MARSEILLE (Route de ),M,"44,5334760","4,7458040",26,2019,50.0,1.0,1.0,4.0,2161473,1.0,1,3,1,5.0,,0.0,0,2001.0,A01,138Â 290Â 515,8.0,0.0,-1.0,1650355,3.0,7,,0.0,2.0,1.0,A01,138Â 290Â 515,1.0
967010,201900008541,4,19,23:30,3,2,1,1.0,7.0,26198,VALENCE (Route de),M,"44,5884100","4,7516100",26,2019,50.0,1.0,1.0,2.0,2161474,1.0,1,4,1,0.0,,0.0,0,1983.0,A01,138Â 290Â 513,1.0,5.0,-1.0,1650356,2.0,7,,8.0,0.0,1.0,A01,138Â 290Â 513,1.0
967011,201900008542,4,27,13:00,1,2,1,2.0,1.0,25204,Vuillecin  (rue de ),M,"46,9242200","6,3380700",25,2019,50.0,1.0,2.0,4.0,2161475,1.0,1,4,1,5.0,,-1.0, -1,1989.0,B01,138Â 290Â 511,1.0,8.0,-1.0,1650357,3.0,7,,0.0,2.0,3.0,B01,138Â 290Â 511,1.0
967011,201900008542,4,27,13:00,1,2,1,2.0,1.0,25204,Vuillecin  (rue de ),M,"46,9242200","6,3380700",25,2019,50.0,1.0,2.0,4.0,2161475,1.0,1,4,1,5.0,,-1.0, -1,1989.0,B01,138Â 290Â 511,1.0,8.0,-1.0,1650358,3.0,7,,0.0,2.0,3.0,A01,138Â 290Â 512,1.0
967011,201900008542,4,27,13:00,1,2,1,2.0,1.0,25204,Vuillecin  (rue de ),M,"46,9242200","6,3380700",25,2019,50.0,1.0,2.0,4.0,2161476,1.0,1,1,1,5.0,,0.0,0,2001.0,A01,138Â 290Â 512,1.0,8.0,-1.0,1650357,3.0,7,,0.0,2.0,3.0,B01,138Â 290Â 511,1.0
967011,201900008542,4,27,13:00,1,2,1,2.0,1.0,25204,Vuillecin  (rue de ),M,"46,9242200","6,3380700",25,2019,50.0,1.0,2.0,4.0,2161476,1.0,1,1,1,5.0,,0.0,0,2001.0,A01,138Â 290Â 512,1.0,8.0,-1.0,1650358,3.0,7,,0.0,2.0,3.0,A01,138Â 290Â 512,1.0
967012,201900008543,4,3,11:05,1,2,2,1.0,6.0,22106,MORIN (RUE MATHURIN),M,"48,4944100"," -2,7142800",22,2019,-1.0,1.0,1.0,3.0,2161477,1.0,1,1,1,4.0,,0.0,0,1965.0,A01,138Â 290Â 510,1.0,0.0,0.0,1650359,0.0,37,1.0,0.0,1.0,5.0,A01,138Â 290Â 510,1.0
967012,201900008543,4,3,11:05,1,2,2,1.0,6.0,22106,MORIN (RUE MATHURIN),M,"48,4944100"," -2,7142800",22,2019,-1.0,1.0,1.0,3.0,2161478,10.0,3,3,2,3.0,,7.0,3,1938.0,A01,138Â 290Â 510,0.0,-1.0,-1.0,1650359,0.0,37,1.0,0.0,1.0,5.0,A01,138Â 290Â 510,1.0
967013,201900008544,4,3,17:00,1,2,1,1.0,2.0,22278,RIBOT (THEODULE),M,"48,5170800"," -2,7778200",22,2019,50.0,1.0,1.0,4.0,2161479,1.0,1,4,2,0.0,,0.0,0,1995.0,B01,138Â 290Â 509,8.0,0.0,-1.0,1650360,1.0,7,,0.0,2.0,1.0,Z01,138Â 290Â 508,0.0
967013,201900008544,4,3,17:00,1,2,1,1.0,2.0,22278,RIBOT (THEODULE),M,"48,5170800"," -2,7778200",22,2019,50.0,1.0,1.0,4.0,2161479,1.0,1,4,2,0.0,,0.0,0,1995.0,B01,138Â 290Â 509,8.0,0.0,-1.0,1650361,1.0,7,,0.0,2.0,4.0,B01,138Â 290Â 509,1.0
967014,201900008545,4,2,19:35,1,2,6,1.0,3.0,22187, rue de la ville houard,M,"48,5381490"," -2,7323260",22,2019,50.0,1.0,1.0,4.0,2161480,1.0,1,1,2,5.0,,0.0,0,1974.0,B01,138Â 290Â 506,1.0,0.0,-1.0,1650362,1.0,7,,0.0,2.0,7.0,B01,138Â 290Â 506,1.0
967014,201900008545,4,2,19:35,1,2,6,1.0,3.0,22187, rue de la ville houard,M,"48,5381490"," -2,7323260",22,2019,50.0,1.0,1.0,4.0,2161480,1.0,1,1,2,5.0,,0.0,0,1974.0,B01,138Â 290Â 506,1.0,0.0,-1.0,1650363,1.0,7,,0.0,2.0,1.0,A01,138Â 290Â 507,1.0
967014,201900008545,4,2,19:35,1,2,6,1.0,3.0,22187, rue de la ville houard,M,"48,5381490"," -2,7323260",22,2019,50.0,1.0,1.0,4.0,2161481,1.0,1,1,1,5.0,,0.0,0,1999.0,A01,138Â 290Â 507,1.0,0.0,-1.0,1650362,1.0,7,,0.0,2.0,7.0,B01,138Â 290Â 506,1.0
967014,201900008545,4,2,19:35,1,2,6,1.0,3.0,22187, rue de la ville houard,M,"48,5381490"," -2,7323260",22,2019,50.0,1.0,1.0,4.0,2161481,1.0,1,1,1,5.0,,0.0,0,1999.0,A01,138Â 290Â 507,1.0,0.0,-1.0,1650363,1.0,7,,0.0,2.0,1.0,A01,138Â 290Â 507,1.0
967014,201900008545,4,2,19:35,1,2,6,1.0,3.0,22187, rue de la ville houard,M,"48,5381490"," -2,7323260",22,2019,50.0,1.0,1.0,4.0,2161482,3.0,2,4,2,5.0,,0.0,0,1999.0,A01,138Â 290Â 507,1.0,0.0,-1.0,1650362,1.0,7,,0.0,2.0,7.0,B01,138Â 290Â 506,1.0
967014,201900008545,4,2,19:35,1,2,6,1.0,3.0,22187, rue de la ville houard,M,"48,5381490"," -2,7323260",22,2019,50.0,1.0,1.0,4.0,2161482,3.0,2,4,2,5.0,,0.0,0,1999.0,A01,138Â 290Â 507,1.0,0.0,-1.0,1650363,1.0,7,,0.0,2.0,1.0,A01,138Â 290Â 507,1.0
967015,201900008546,4,25,04:50,5,2,1,2.0,3.0,21231,AUGUSTE MORIN GACON (PLACE),M,"47,3388800","5,0634600",21,2019,50.0,1.0,2.0,4.0,2161483,1.0,1,4,1,0.0,,0.0,0,1959.0,B01,138Â 290Â 504,2.0,0.0,-1.0,1650364,3.0,1,,0.0,2.0,2.0,B01,138Â 290Â 504,5.0
967015,201900008546,4,25,04:50,5,2,1,2.0,3.0,21231,AUGUSTE MORIN GACON (PLACE),M,"47,3388800","5,0634600",21,2019,50.0,1.0,2.0,4.0,2161483,1.0,1,4,1,0.0,,0.0,0,1959.0,B01,138Â 290Â 504,2.0,0.0,-1.0,1650365,3.0,7,,0.0,2.0,1.0,A01,138Â 290Â 505,1.0
967015,201900008546,4,25,04:50,5,2,1,2.0,3.0,21231,AUGUSTE MORIN GACON (PLACE),M,"47,3388800","5,0634600",21,2019,50.0,1.0,2.0,4.0,2161484,1.0,1,1,2,5.0,,0.0,0,1985.0,A01,138Â 290Â 505,1.0,8.0,-1.0,1650364,3.0,1,,0.0,2.0,2.0,B01,138Â 290Â 504,5.0
967015,201900008546,4,25,04:50,5,2,1,2.0,3.0,21231,AUGUSTE MORIN GACON (PLACE),M,"47,3388800","5,0634600",21,2019,50.0,1.0,2.0,4.0,2161484,1.0,1,1,2,5.0,,0.0,0,1985.0,A01,138Â 290Â 505,1.0,8.0,-1.0,1650365,3.0,7,,0.0,2.0,1.0,A01,138Â 290Â 505,1.0
967016,201900008547,4,25,15:00,1,2,1,1.0,6.0,19031,DELESSERT (RUE BENJAMIN),M,"45,1620900","1,5363600",19,2019,50.0,1.0,1.0,4.0,2161485,10.0,3,4,2,9.0,,3.0,3,1944.0,A01,138Â 290Â 503,8.0,0.0,-1.0,1650366,1.0,7,,0.0,1.0,1.0,A01,138Â 290Â 503,1.0
967016,201900008547,4,25,15:00,1,2,1,1.0,6.0,19031,DELESSERT (RUE BENJAMIN),M,"45,1620900","1,5363600",19,2019,50.0,1.0,1.0,4.0,2161486,1.0,1,1,2,9.0,,0.0,0,1952.0,A01,138Â 290Â 503,1.0,0.0,-1.0,1650366,1.0,7,,0.0,1.0,1.0,A01,138Â 290Â 503,1.0
967017,201900008548,4,24,17:05,1,2,9,1.0,2.0,18279,RN 20 NORD (TRAVERSEE DE LA FORET),M,"47,2530400","2,0602300",18,2019,80.0,1.0,1.0,3.0,2161487,2.0,2,4,2,2.0,,-1.0, -1,1991.0,A01,138Â 290Â 501,2.0,6.0,-1.0,1650367,3.0,33,,0.0,2.0,1.0,A01,138Â 290Â 501,1.0
967017,201900008548,4,24,17:05,1,2,9,1.0,2.0,18279,RN 20 NORD (TRAVERSEE DE LA FORET),M,"47,2530400","2,0602300",18,2019,80.0,1.0,1.0,3.0,2161487,2.0,2,4,2,2.0,,-1.0, -1,1991.0,A01,138Â 290Â 501,2.0,6.0,-1.0,1650368,3.0,7,,0.0,2.0,6.0,B01,138Â 290Â 502,1.0
967017,201900008548,4,24,17:05,1,2,9,1.0,2.0,18279,RN 20 NORD (TRAVERSEE DE LA FORET),M,"47,2530400","2,0602300",18,2019,80.0,1.0,1.0,3.0,2161488,1.0,1,3,1,5.0,,-1.0, -1,1949.0,A01,138Â 290Â 501,2.0,6.0,-1.0,1650367,3.0,33,,0.0,2.0,1.0,A01,138Â 290Â 501,1.0
967017,201900008548,4,24,17:05,1,2,9,1.0,2.0,18279,RN 20 NORD (TRAVERSEE DE LA FORET),M,"47,2530400","2,0602300",18,2019,80.0,1.0,1.0,3.0,2161488,1.0,1,3,1,5.0,,-1.0, -1,1949.0,A01,138Â 290Â 501,2.0,6.0,-1.0,1650368,3.0,7,,0.0,2.0,6.0,B01,138Â 290Â 502,1.0
967017,201900008548,4,24,17:05,1,2,9,1.0,2.0,18279,RN 20 NORD (TRAVERSEE DE LA FORET),M,"47,2530400","2,0602300",18,2019,80.0,1.0,1.0,3.0,2161489,1.0,1,1,1,5.0,,-1.0, -1,1949.0,B01,138Â 290Â 502,1.0,0.0,-1.0,1650367,3.0,33,,0.0,2.0,1.0,A01,138Â 290Â 501,1.0
967017,201900008548,4,24,17:05,1,2,9,1.0,2.0,18279,RN 20 NORD (TRAVERSEE DE LA FORET),M,"47,2530400","2,0602300",18,2019,80.0,1.0,1.0,3.0,2161489,1.0,1,1,1,5.0,,-1.0, -1,1949.0,B01,138Â 290Â 502,1.0,0.0,-1.0,1650368,3.0,7,,0.0,2.0,6.0,B01,138Â 290Â 502,1.0
967018,201900008549,4,19,02:45,5,2,1,1.0,7.0,18033,DUN-SUR-AURON (AV DE),M,"47,0605800","2,4239300",18,2019,50.0,1.0,1.0,4.0,2161490,1.0,1,4,1,0.0,,-1.0, -1,2001.0,A01,138Â 290Â 500,1.0,0.0,-1.0,1650369,1.0,7,,1.0,0.0,2.0,A01,138Â 290Â 500,1.0
967019,201900008550,4,17,22:22,4,1,6,1.0,3.0,18205,PORTE DE VIERZON (ROCADE),M,"47,1262500","2,3391800",18,2019,50.0,1.0,1.0,3.0,2161491,1.0,1,1,1,4.0,,-1.0, -1,1973.0,B01,138Â 290Â 498,1.0,0.0,-1.0,1650370,3.0,20,,0.0,2.0,5.0,B01,138Â 290Â 498,1.0
967019,201900008550,4,17,22:22,4,1,6,1.0,3.0,18205,PORTE DE VIERZON (ROCADE),M,"47,1262500","2,3391800",18,2019,50.0,1.0,1.0,3.0,2161491,1.0,1,1,1,4.0,,-1.0, -1,1973.0,B01,138Â 290Â 498,1.0,0.0,-1.0,1650371,3.0,33,,0.0,2.0,1.0,A01,138Â 290Â 499,1.0
967019,201900008550,4,17,22:22,4,1,6,1.0,3.0,18205,PORTE DE VIERZON (ROCADE),M,"47,1262500","2,3391800",18,2019,50.0,1.0,1.0,3.0,2161492,1.0,1,2,1,5.0,,-1.0, -1,1989.0,A01,138Â 290Â 499,2.0,6.0,-1.0,1650370,3.0,20,,0.0,2.0,5.0,B01,138Â 290Â 498,1.0
967019,201900008550,4,17,22:22,4,1,6,1.0,3.0,18205,PORTE DE VIERZON (ROCADE),M,"47,1262500","2,3391800",18,2019,50.0,1.0,1.0,3.0,2161492,1.0,1,2,1,5.0,,-1.0, -1,1989.0,A01,138Â 290Â 499,2.0,6.0,-1.0,1650371,3.0,33,,0.0,2.0,1.0,A01,138Â 290Â 499,1.0
967020,201900008551,4,26,15:55,1,2,1,1.0,6.0,17306,ALBERT 1ER (BD),M,"45,6261030"," -1,0225570",17,2019,30.0,1.0,1.0,4.0,2161493,1.0,1,1,1,5.0,,-1.0, -1,1992.0,A01,138Â 290Â 497,1.0,0.0,-1.0,1650372,0.0,7,,0.0,1.0,1.0,A01,138Â 290Â 497,1.0
967020,201900008551,4,26,15:55,1,2,1,1.0,6.0,17306,ALBERT 1ER (BD),M,"45,6261030"," -1,0225570",17,2019,30.0,1.0,1.0,4.0,2161494,10.0,3,3,2,0.0,,1.0,3,1933.0,A01,138Â 290Â 497,8.0,0.0,-1.0,1650372,0.0,7,,0.0,1.0,1.0,A01,138Â 290Â 497,1.0