Unnamed: 0_x,num_acc,mois,jour,hrmn,lum,agg,int,atm,col,com,adr,gps,lat,long,dep,annee,vma,situ,surf,catr,Unnamed: 0_y,place,catu,grav,sexe,trajet,secu,locp,actp,an_nais,num_veh_x,id_vehicule_x,secu1,secu2,secu3,Unnamed: 0,senc,catv,occutc,obs,obsm,choc,num_veh_y,id_vehicule_y,motor
967021,201900008552,4,24,12:05,1,2,1,8.0,3.0,17306,AMPERE,M,"45,6309000"," -0,9983000",17,2019,50.0,1.0,2.0,4.0,2161495,1.0,1,4,1,1.0,,-1.0, -1,1964.0,B01,138Â 290Â 493,2.0,0.0,-1.0,1650373,2.0,2,,0.0,2.0,1.0,B01,138Â 290Â 493,1.0
967021,201900008552,4,24,12:05,1,2,1,8.0,3.0,17306,AMPERE,M,"45,6309000"," -0,9983000",17,2019,50.0,1.0,2.0,4.0,2161495,1.0,1,4,1,1.0,,-1.0, -1,1964.0,B01,138Â 290Â 493,2.0,0.0,-1.0,1650374,2.0,7,,0.0,2.0,3.0,A01,138Â 290Â 494,1.0
967021,201900008552,4,24,12:05,1,2,1,8.0,3.0,17306,AMPERE,M,"45,6309000"," -0,9983000",17,2019,50.0,1.0,2.0,4.0,2161496,1.0,1,1,2,3.0,,-1.0, -1,1946.0,A01,138Â 290Â 494,1.0,0.0,-1.0,1650373,2.0,2,,0.0,2.0,1.0,B01,138Â 290Â 493,1.0
967021,201900008552,4,24,12:05,1,2,1,8.0,3.0,17306,AMPERE,M,"45,6309000"," -0,9983000",17,2019,50.0,1.0,2.0,4.0,2161496,1.0,1,1,2,3.0,,-1.0, -1,1946.0,A01,138Â 290Â 494,1.0,0.0,-1.0,1650374,2.0,7,,0.0,2.0,3.0,A01,138Â 290Â 494,1.0
967022,201900008553,4,17,10:54,1,2,3,1.0,5.0,17306,LAMY (BD FRANCK),M,"45,6279500"," -1,0160700",17,2019,50.0,1.0,1.0,4.0,2161497,1.0,1,1,1,0.0,,-1.0, -1,1964.0,A01,138Â 290Â 490,1.0,0.0,-1.0,1650375,2.0,7,,0.0,2.0,2.0,A01,138Â 290Â 490,1.0
967022,201900008553,4,17,10:54,1,2,3,1.0,5.0,17306,LAMY (BD FRANCK),M,"45,6279500"," -1,0160700",17,2019,50.0,1.0,1.0,4.0,2161497,1.0,1,1,1,0.0,,-1.0, -1,1964.0,A01,138Â 290Â 490,1.0,0.0,-1.0,1650376,1.0,7,,0.0,2.0,3.0,B01,138Â 290Â 491,1.0
967022,201900008553,4,17,10:54,1,2,3,1.0,5.0,17306,LAMY (BD FRANCK),M,"45,6279500"," -1,0160700",17,2019,50.0,1.0,1.0,4.0,2161497,1.0,1,1,1,0.0,,-1.0, -1,1964.0,A01,138Â 290Â 490,1.0,0.0,-1.0,1650377,2.0,7,,0.0,2.0,8.0,C01,138Â 290Â 492,1.0
967022,201900008553,4,17,10:54,1,2,3,1.0,5.0,17306,LAMY (BD FRANCK),M,"45,6279500"," -1,0160700",17,2019,50.0,1.0,1.0,4.0,2161498,3.0,2,4,1,5.0,,-1.0, -1,2012.0,B01,138Â 290Â 491,3.0,8.0,-1.0,1650375,2.0,7,,0.0,2.0,2.0,A01,138Â 290Â 490,1.0
967022,201900008553,4,17,10:54,1,2,3,1.0,5.0,17306,LAMY (BD FRANCK),M,"45,6279500"," -1,0160700",17,2019,50.0,1.0,1.0,4.0,2161498,3.0,2,4,1,5.0,,-1.0, -1,2012.0,B01,138Â 290Â 491,3.0,8.0,-1.0,1650376,1.0,7,,0.0,2.0,3.0,B01,138Â 290Â 491,1.0
967022,201900008553,4,17,10:54,1,2,3,1.0,5.0,17306,LAMY (BD FRANCK),M,"45,6279500"," -1,0160700",17,2019,50.0,1.0,1.0,4.0,2161498,3.0,2,4,1,5.0,,-1.0, -1,2012.0,B01,138Â 290Â 491,3.0,8.0,-1.0,1650377,2.0,7,,0.0,2.0,8.0,C01,138Â 290Â 492,1.0
967022,201900008553,4,17,10:54,1,2,3,1.0,5.0,17306,LAMY (BD FRANCK),M,"45,6279500"," -1,0160700",17,2019,50.0,1.0,1.0,4.0,2161499,1.0,1,1,2,5.0,,-1.0, -1,1979.0,B01,138Â 290Â 491,1.0,8.0,-1.0,1650375,2.0,7,,0.0,2.0,2.0,A01,138Â 290Â 490,1.0
967022,201900008553,4,17,10:54,1,2,3,1.0,5.0,17306,LAMY (BD FRANCK),M,"45,6279500"," -1,0160700",17,2019,50.0,1.0,1.0,4.0,2161499,1.0,1,1,2,5.0,,-1.0, -1,1979.0,B01,138Â 290Â 491,1.0,8.0,-1.0,1650376,1.0,7,,0.0,2.0,3.0,B01,138Â 290Â 491,1.0
967022,201900008553,4,17,10:54,1,2,3,1.0,5.0,17306,LAMY (BD FRANCK),M,"45,6279500"," -1,0160700",17,2019,50.0,1.0,1.0,4.0,2161499,1.0,1,1,2,5.0,,-1.0, -1,1979.0,B01,138Â 290Â 491,1.0,8.0,-1.0,1650377,2.0,7,,0.0,2.0,8.0,C01,138Â 290Â 492,1.0
967022,201900008553,4,17,10:54,1,2,3,1.0,5.0,17306,LAMY (BD FRANCK),M,"45,6279500"," -1,0160700",17,2019,50.0,1.0,1.0,4.0,2161500,1.0,1,1,1,5.0,,-1.0, -1,1958.0,C01,138Â 290Â 492,1.0,8.0,-1.0,1650375,2.0,7,,0.0,2.0,2.0,A01,138Â 290Â 490,1.0
967022,201900008553,4,17,10:54,1,2,3,1.0,5.0,17306,LAMY (BD FRANCK),M,"45,6279500"," -1,0160700",17,2019,50.0,1.0,1.0,4.0,2161500,1.0,1,1,1,5.0,,-1.0, -1,1958.0,C01,138Â 290Â 492,1.0,8.0,-1.0,1650376,1.0,7,,0.0,2.0,3.0,B01,138Â 290Â 491,1.0
967022,201900008553,4,17,10:54,1,2,3,1.0,5.0,17306,LAMY (BD FRANCK),M,"45,6279500"," -1,0160700",17,2019,50.0,1.0,1.0,4.0,2161500,1.0,1,1,1,5.0,,-1.0, -1,1958.0,C01,138Â 290Â 492,1.0,8.0,-1.0,1650377,2.0,7,,0.0,2.0,8.0,C01,138Â 290Â 492,1.0
967023,201900008554,4,26,02:30,5,2,1,2.0,6.0,17300,REMPART  CHEMIN DU,M,"46,1649700"," -1,1554300",17,2019,50.0,4.0,2.0,4.0,2161501,2.0,2,1,2,0.0,,0.0,0,1996.0,A01,138Â 290Â 489,1.0,0.0,-1.0,1650378,3.0,7,,6.0,0.0,1.0,A01,138Â 290Â 489,1.0
967023,201900008554,4,26,02:30,5,2,1,2.0,6.0,17300,REMPART  CHEMIN DU,M,"46,1649700"," -1,1554300",17,2019,50.0,4.0,2.0,4.0,2161502,1.0,1,4,1,0.0,,0.0,0,1995.0,A01,138Â 290Â 489,1.0,0.0,-1.0,1650378,3.0,7,,6.0,0.0,1.0,A01,138Â 290Â 489,1.0
967024,201900008555,4,23,16:40,1,2,1,1.0,4.0,17300,JOFFRE   BOULEVARD (27-77 et 2-1),M,"46,1598661"," -1,1411525",17,2019,50.0,1.0,1.0,4.0,2161503,1.0,1,1,2,5.0,,-1.0, -1,1995.0,C01,138Â 290Â 486,1.0,0.0,-1.0,1650379,2.0,7,,14.0,2.0,4.0,C01,138Â 290Â 486,1.0
967024,201900008555,4,23,16:40,1,2,1,1.0,4.0,17300,JOFFRE   BOULEVARD (27-77 et 2-1),M,"46,1598661"," -1,1411525",17,2019,50.0,1.0,1.0,4.0,2161503,1.0,1,1,2,5.0,,-1.0, -1,1995.0,C01,138Â 290Â 486,1.0,0.0,-1.0,1650380,2.0,7,,14.0,2.0,4.0,B01,138Â 290Â 487,1.0
967024,201900008555,4,23,16:40,1,2,1,1.0,4.0,17300,JOFFRE   BOULEVARD (27-77 et 2-1),M,"46,1598661"," -1,1411525",17,2019,50.0,1.0,1.0,4.0,2161503,1.0,1,1,2,5.0,,-1.0, -1,1995.0,C01,138Â 290Â 486,1.0,0.0,-1.0,1650381,2.0,7,,14.0,2.0,1.0,A01,138Â 290Â 488,1.0
967024,201900008555,4,23,16:40,1,2,1,1.0,4.0,17300,JOFFRE   BOULEVARD (27-77 et 2-1),M,"46,1598661"," -1,1411525",17,2019,50.0,1.0,1.0,4.0,2161504,1.0,1,4,1,1.0,,-1.0, -1,1976.0,B01,138Â 290Â 487,1.0,0.0,-1.0,1650379,2.0,7,,14.0,2.0,4.0,C01,138Â 290Â 486,1.0
967024,201900008555,4,23,16:40,1,2,1,1.0,4.0,17300,JOFFRE   BOULEVARD (27-77 et 2-1),M,"46,1598661"," -1,1411525",17,2019,50.0,1.0,1.0,4.0,2161504,1.0,1,4,1,1.0,,-1.0, -1,1976.0,B01,138Â 290Â 487,1.0,0.0,-1.0,1650380,2.0,7,,14.0,2.0,4.0,B01,138Â 290Â 487,1.0
967024,201900008555,4,23,16:40,1,2,1,1.0,4.0,17300,JOFFRE   BOULEVARD (27-77 et 2-1),M,"46,1598661"," -1,1411525",17,2019,50.0,1.0,1.0,4.0,2161504,1.0,1,4,1,1.0,,-1.0, -1,1976.0,B01,138Â 290Â 487,1.0,0.0,-1.0,1650381,2.0,7,,14.0,2.0,1.0,A01,138Â 290Â 488,1.0
967024,201900008555,4,23,16:40,1,2,1,1.0,4.0,17300,JOFFRE   BOULEVARD (27-77 et 2-1),M,"46,1598661"," -1,1411525",17,2019,50.0,1.0,1.0,4.0,2161505,1.0,1,1,2,5.0,,-1.0, -1,1961.0,A01,138Â 290Â 488,1.0,0.0,-1.0,1650379,2.0,7,,14.0,2.0,4.0,C01,138Â 290Â 486,1.0
967024,201900008555,4,23,16:40,1,2,1,1.0,4.0,17300,JOFFRE   BOULEVARD (27-77 et 2-1),M,"46,1598661"," -1,1411525",17,2019,50.0,1.0,1.0,4.0,2161505,1.0,1,1,2,5.0,,-1.0, -1,1961.0,A01,138Â 290Â 488,1.0,0.0,-1.0,1650380,2.0,7,,14.0,2.0,4.0,B01,138Â 290Â 487,1.0
967024,201900008555,4,23,16:40,1,2,1,1.0,4.0,17300,JOFFRE   BOULEVARD (27-77 et 2-1),M,"46,1598661"," -1,1411525",17,2019,50.0,1.0,1.0,4.0,2161505,1.0,1,1,2,5.0,,-1.0, -1,1961.0,A01,138Â 290Â 488,1.0,0.0,-1.0,1650381,2.0,7,,14.0,2.0,1.0,A01,138Â 290Â 488,1.0
967025,201900008556,4,20,19:00,1,2,6,1.0,3.0,17300,MOULIN   AVENUE JEAN,M,"46,1517900"," -1,1396800",17,2019,50.0,1.0,1.0,4.0,2161506,1.0,1,1,1,5.0,,-1.0, -1,1958.0,B01,138Â 290Â 484,1.0,0.0,-1.0,1650382,3.0,7,,0.0,2.0,2.0,B01,138Â 290Â 484,1.0
967025,201900008556,4,20,19:00,1,2,6,1.0,3.0,17300,MOULIN   AVENUE JEAN,M,"46,1517900"," -1,1396800",17,2019,50.0,1.0,1.0,4.0,2161506,1.0,1,1,1,5.0,,-1.0, -1,1958.0,B01,138Â 290Â 484,1.0,0.0,-1.0,1650383,3.0,1,,0.0,2.0,1.0,A01,138Â 290Â 485,5.0
967025,201900008556,4,20,19:00,1,2,6,1.0,3.0,17300,MOULIN   AVENUE JEAN,M,"46,1517900"," -1,1396800",17,2019,50.0,1.0,1.0,4.0,2161507,1.0,1,4,2,5.0,,-1.0, -1,1958.0,A01,138Â 290Â 485,8.0,0.0,-1.0,1650382,3.0,7,,0.0,2.0,2.0,B01,138Â 290Â 484,1.0
967025,201900008556,4,20,19:00,1,2,6,1.0,3.0,17300,MOULIN   AVENUE JEAN,M,"46,1517900"," -1,1396800",17,2019,50.0,1.0,1.0,4.0,2161507,1.0,1,4,2,5.0,,-1.0, -1,1958.0,A01,138Â 290Â 485,8.0,0.0,-1.0,1650383,3.0,1,,0.0,2.0,1.0,A01,138Â 290Â 485,5.0
967026,201900008557,4,22,19:00,1,2,1,1.0,3.0,17449,AUNIS AVENUE D',M,"45,9486000"," -0,9156290",17,2019,50.0,1.0,1.0,4.0,2161508,1.0,1,4,1,5.0,,-1.0, -1,2003.0,A01,138Â 290Â 482,2.0,8.0,-1.0,1650384,1.0,32,,0.0,2.0,7.0,A01,138Â 290Â 482,1.0
967026,201900008557,4,22,19:00,1,2,1,1.0,3.0,17449,AUNIS AVENUE D',M,"45,9486000"," -0,9156290",17,2019,50.0,1.0,1.0,4.0,2161508,1.0,1,4,1,5.0,,-1.0, -1,2003.0,A01,138Â 290Â 482,2.0,8.0,-1.0,1650385,1.0,7,,0.0,2.0,8.0,B01,138Â 290Â 483,1.0
967026,201900008557,4,22,19:00,1,2,1,1.0,3.0,17449,AUNIS AVENUE D',M,"45,9486000"," -0,9156290",17,2019,50.0,1.0,1.0,4.0,2161509,1.0,1,1,1,5.0,,-1.0, -1,1947.0,B01,138Â 290Â 483,1.0,8.0,-1.0,1650384,1.0,32,,0.0,2.0,7.0,A01,138Â 290Â 482,1.0
967026,201900008557,4,22,19:00,1,2,1,1.0,3.0,17449,AUNIS AVENUE D',M,"45,9486000"," -0,9156290",17,2019,50.0,1.0,1.0,4.0,2161509,1.0,1,1,1,5.0,,-1.0, -1,1947.0,B01,138Â 290Â 483,1.0,8.0,-1.0,1650385,1.0,7,,0.0,2.0,8.0,B01,138Â 290Â 483,1.0
967027,201900008558,6,8,18:55,1,1,1,1.0,7.0,87074,RC17,M,"46,3570490","1,3842750",87,2019,80.0,3.0,1.0,4.0,2161510,1.0,1,3,1,5.0,,0.0,0,1969.0,A01,138Â 290Â 481,2.0,6.0,9.0,1650386,3.0,36,,0.0,0.0,0.0,A01,138Â 290Â 481,1.0
967028,201900008559,6,13,19:30,1,1,1,1.0,3.0,87119,Chez Barbotte,M,"45,6931260","1,3428460",87,2019,80.0,1.0,1.0,3.0,2161511,1.0,1,3,1,5.0,,0.0,0,1989.0,B01,138Â 290Â 479,2.0,-1.0,-1.0,1650387,2.0,1,,0.0,2.0,1.0,B01,138Â 290Â 479,5.0
967028,201900008559,6,13,19:30,1,1,1,1.0,3.0,87119,Chez Barbotte,M,"45,6931260","1,3428460",87,2019,80.0,1.0,1.0,3.0,2161511,1.0,1,3,1,5.0,,0.0,0,1989.0,B01,138Â 290Â 479,2.0,-1.0,-1.0,1650388,1.0,7,,0.0,9.0,5.0,A01,138Â 290Â 480,1.0
967028,201900008559,6,13,19:30,1,1,1,1.0,3.0,87119,Chez Barbotte,M,"45,6931260","1,3428460",87,2019,80.0,1.0,1.0,3.0,2161512,1.0,1,1,1,5.0,,0.0,0,1988.0,A01,138Â 290Â 480,1.0,-1.0,-1.0,1650387,2.0,1,,0.0,2.0,1.0,B01,138Â 290Â 479,5.0
967028,201900008559,6,13,19:30,1,1,1,1.0,3.0,87119,Chez Barbotte,M,"45,6931260","1,3428460",87,2019,80.0,1.0,1.0,3.0,2161512,1.0,1,1,1,5.0,,0.0,0,1988.0,A01,138Â 290Â 480,1.0,-1.0,-1.0,1650388,1.0,7,,0.0,9.0,5.0,A01,138Â 290Â 480,1.0
967029,201900008560,6,6,07:47,1,2,3,7.0,6.0,37254,Montouvrin (Tauxigny),M,"47,1886230","0,8433100",37,2019,50.0,1.0,1.0,3.0,2161513,1.0,1,3,1,1.0,,0.0,0,2003.0,A01,138Â 290Â 477,2.0,9.0,-1.0,1650389,1.0,2,,0.0,2.0,1.0,A01,138Â 290Â 477,1.0
967029,201900008560,6,6,07:47,1,2,3,7.0,6.0,37254,Montouvrin (Tauxigny),M,"47,1886230","0,8433100",37,2019,50.0,1.0,1.0,3.0,2161513,1.0,1,3,1,1.0,,0.0,0,2003.0,A01,138Â 290Â 477,2.0,9.0,-1.0,1650390,0.0,7,,0.0,2.0,8.0,B01,138Â 290Â 478,1.0
967029,201900008560,6,6,07:47,1,2,3,7.0,6.0,37254,Montouvrin (Tauxigny),M,"47,1886230","0,8433100",37,2019,50.0,1.0,1.0,3.0,2161514,1.0,1,1,1,0.0,,0.0,0,1970.0,B01,138Â 290Â 478,1.0,-1.0,-1.0,1650389,1.0,2,,0.0,2.0,1.0,A01,138Â 290Â 477,1.0
967029,201900008560,6,6,07:47,1,2,3,7.0,6.0,37254,Montouvrin (Tauxigny),M,"47,1886230","0,8433100",37,2019,50.0,1.0,1.0,3.0,2161514,1.0,1,1,1,0.0,,0.0,0,1970.0,B01,138Â 290Â 478,1.0,-1.0,-1.0,1650390,0.0,7,,0.0,2.0,8.0,B01,138Â 290Â 478,1.0
967030,201900008561,6,2,03:40,3,2,4,1.0,6.0,37257,rue du plessis,M,"47,2246000","0,5767090",37,2019,50.0,4.0,1.0,4.0,2161515,1.0,1,3,1,5.0,,0.0,0,2003.0,A01,138Â 290Â 475,2.0,6.0,-1.0,1650391,3.0,2,,9.0,0.0,0.0,A01,138Â 290Â 475,1.0
967031,201900008562,6,19,19:30,1,1,3,1.0,1.0,37273,D142,M,"47,3902040","0,7874340",37,2019,70.0,1.0,1.0,3.0,2161516,1.0,1,3,1,1.0,,0.0,0,1997.0,A01,138Â 290Â 473,2.0,6.0,-1.0,1650392,2.0,31,,4.0,2.0,1.0,A01,138Â 290Â 473,5.0
967031,201900008562,6,19,19:30,1,1,3,1.0,1.0,37273,D142,M,"47,3902040","0,7874340",37,2019,70.0,1.0,1.0,3.0,2161516,1.0,1,3,1,1.0,,0.0,0,1997.0,A01,138Â 290Â 473,2.0,6.0,-1.0,1650393,0.0,7,,0.0,2.0,2.0,B01,138Â 290Â 474,5.0
967031,201900008562,6,19,19:30,1,1,3,1.0,1.0,37273,D142,M,"47,3902040","0,7874340",37,2019,70.0,1.0,1.0,3.0,2161517,1.0,1,1,1,1.0,,0.0,0,1992.0,B01,138Â 290Â 474,1.0,-1.0,-1.0,1650392,2.0,31,,4.0,2.0,1.0,A01,138Â 290Â 473,5.0
967031,201900008562,6,19,19:30,1,1,3,1.0,1.0,37273,D142,M,"47,3902040","0,7874340",37,2019,70.0,1.0,1.0,3.0,2161517,1.0,1,1,1,1.0,,0.0,0,1992.0,B01,138Â 290Â 474,1.0,-1.0,-1.0,1650393,0.0,7,,0.0,2.0,2.0,B01,138Â 290Â 474,5.0
967032,201900008563,6,17,13:35,1,1,1,1.0,1.0,37156,RD751,M,"47,3971190","0,8890360",37,2019,80.0,1.0,1.0,3.0,2161518,2.0,2,1,2,5.0,,0.0,0,1953.0,B01,138Â 290Â 471,1.0,-1.0,-1.0,1650394,2.0,7,,0.0,2.0,2.0,B01,138Â 290Â 471,1.0
967032,201900008563,6,17,13:35,1,1,1,1.0,1.0,37156,RD751,M,"47,3971190","0,8890360",37,2019,80.0,1.0,1.0,3.0,2161518,2.0,2,1,2,5.0,,0.0,0,1953.0,B01,138Â 290Â 471,1.0,-1.0,-1.0,1650395,1.0,33,,0.0,2.0,1.0,A01,138Â 290Â 472,1.0
967032,201900008563,6,17,13:35,1,1,1,1.0,1.0,37156,RD751,M,"47,3971190","0,8890360",37,2019,80.0,1.0,1.0,3.0,2161519,1.0,1,3,1,5.0,,0.0,0,1976.0,A01,138Â 290Â 472,2.0,6.0,-1.0,1650394,2.0,7,,0.0,2.0,2.0,B01,138Â 290Â 471,1.0
967032,201900008563,6,17,13:35,1,1,1,1.0,1.0,37156,RD751,M,"47,3971190","0,8890360",37,2019,80.0,1.0,1.0,3.0,2161519,1.0,1,3,1,5.0,,0.0,0,1976.0,A01,138Â 290Â 472,2.0,6.0,-1.0,1650395,1.0,33,,0.0,2.0,1.0,A01,138Â 290Â 472,1.0
967033,201900008564,6,14,20:45,1,1,1,1.0,7.0,37156,Rue des Rocheroux,M,"47,3928160","0,8932370",37,2019,80.0,3.0,1.0,4.0,2161520,1.0,1,3,1,5.0,,0.0,0,1963.0,A01,138Â 290Â 470,2.0,6.0,9.0,1650396,2.0,33,,13.0,0.0,1.0,A01,138Â 290Â 470,1.0
967034,201900008565,6,2,04:45,2,1,6,1.0,7.0,37156,D140,M,"47,3679067","0,8311123",37,2019,80.0,1.0,1.0,3.0,2161521,2.0,2,4,2,5.0,,0.0,0,1999.0,A01,138Â 290Â 469,1.0,-1.0,-1.0,1650397,1.0,7,,12.0,0.0,1.0,A01,138Â 290Â 469,1.0
967034,201900008565,6,2,04:45,2,1,6,1.0,7.0,37156,D140,M,"47,3679067","0,8311123",37,2019,80.0,1.0,1.0,3.0,2161522,1.0,1,3,1,5.0,,0.0,0,2000.0,A01,138Â 290Â 469,1.0,-1.0,-1.0,1650397,1.0,7,,12.0,0.0,1.0,A01,138Â 290Â 469,1.0
967035,201900008566,5,31,09:45,1,1,1,1.0,3.0,37270,DÃPARTEMENTALE 46,M,"47,4212455","0,8425577",37,2019,70.0,1.0,1.0,3.0,2161523,1.0,1,1,1,5.0,,0.0,0,1997.0,A01,138Â 290Â 467,1.0,-1.0,-1.0,1650398,0.0,10,,0.0,2.0,5.0,A01,138Â 290Â 467,1.0
967035,201900008566,5,31,09:45,1,1,1,1.0,3.0,37270,DÃPARTEMENTALE 46,M,"47,4212455","0,8425577",37,2019,70.0,1.0,1.0,3.0,2161523,1.0,1,1,1,5.0,,0.0,0,1997.0,A01,138Â 290Â 467,1.0,-1.0,-1.0,1650399,2.0,33,,0.0,2.0,1.0,B01,138Â 290Â 468,1.0
967035,201900008566,5,31,09:45,1,1,1,1.0,3.0,37270,DÃPARTEMENTALE 46,M,"47,4212455","0,8425577",37,2019,70.0,1.0,1.0,3.0,2161524,1.0,1,3,1,5.0,,0.0,0,1994.0,B01,138Â 290Â 468,2.0,-1.0,-1.0,1650398,0.0,10,,0.0,2.0,5.0,A01,138Â 290Â 467,1.0
967035,201900008566,5,31,09:45,1,1,1,1.0,3.0,37270,DÃPARTEMENTALE 46,M,"47,4212455","0,8425577",37,2019,70.0,1.0,1.0,3.0,2161524,1.0,1,3,1,5.0,,0.0,0,1994.0,B01,138Â 290Â 468,2.0,-1.0,-1.0,1650399,2.0,33,,0.0,2.0,1.0,B01,138Â 290Â 468,1.0
967035,201900008566,5,31,09:45,1,1,1,1.0,3.0,37270,DÃPARTEMENTALE 46,M,"47,4212455","0,8425577",37,2019,70.0,1.0,1.0,3.0,2161525,2.0,2,4,2,5.0,,0.0,0,1997.0,B01,138Â 290Â 468,2.0,-1.0,-1.0,1650398,0.0,10,,0.0,2.0,5.0,A01,138Â 290Â 467,1.0
967035,201900008566,5,31,09:45,1,1,1,1.0,3.0,37270,DÃPARTEMENTALE 46,M,"47,4212455","0,8425577",37,2019,70.0,1.0,1.0,3.0,2161525,2.0,2,4,2,5.0,,0.0,0,1997.0,B01,138Â 290Â 468,2.0,-1.0,-1.0,1650399,2.0,33,,0.0,2.0,1.0,B01,138Â 290Â 468,1.0
967036,201900008567,6,7,16:53,1,1,1,2.0,6.0,37002,les landes,M,"47,4668510","0,4192200",37,2019,80.0,3.0,2.0,3.0,2161526,1.0,1,2,1,0.0,,0.0,0,1989.0,A01,138Â 290Â 466,8.0,-1.0,-1.0,1650400,1.0,7,,2.0,0.0,8.0,A01,138Â 290Â 466,1.0
967037,201900008568,5,30,18:15,1,1,6,1.0,2.0,30003,RD 62,M,"43,5601280","4,1522630",30,2019,90.0,1.0,1.0,3.0,2161527,2.0,2,4,2,5.0,,0.0,0,2007.0,A01,138Â 290Â 463,1.0,-1.0,-1.0,1650401,0.0,7,,0.0,0.0,4.0,A01,138Â 290Â 463,1.0
967037,201900008568,5,30,18:15,1,1,6,1.0,2.0,30003,RD 62,M,"43,5601280","4,1522630",30,2019,90.0,1.0,1.0,3.0,2161527,2.0,2,4,2,5.0,,0.0,0,2007.0,A01,138Â 290Â 463,1.0,-1.0,-1.0,1650402,3.0,7,,0.0,2.0,1.0,B01,138Â 290Â 464,1.0
967037,201900008568,5,30,18:15,1,1,6,1.0,2.0,30003,RD 62,M,"43,5601280","4,1522630",30,2019,90.0,1.0,1.0,3.0,2161528,1.0,1,4,2,5.0,,0.0,0,1953.0,A01,138Â 290Â 463,1.0,5.0,-1.0,1650401,0.0,7,,0.0,0.0,4.0,A01,138Â 290Â 463,1.0
967037,201900008568,5,30,18:15,1,1,6,1.0,2.0,30003,RD 62,M,"43,5601280","4,1522630",30,2019,90.0,1.0,1.0,3.0,2161528,1.0,1,4,2,5.0,,0.0,0,1953.0,A01,138Â 290Â 463,1.0,5.0,-1.0,1650402,3.0,7,,0.0,2.0,1.0,B01,138Â 290Â 464,1.0
967037,201900008568,5,30,18:15,1,1,6,1.0,2.0,30003,RD 62,M,"43,5601280","4,1522630",30,2019,90.0,1.0,1.0,3.0,2161529,1.0,1,1,2,5.0,,0.0,0,1985.0,B01,138Â 290Â 464,1.0,5.0,-1.0,1650401,0.0,7,,0.0,0.0,4.0,A01,138Â 290Â 463,1.0
967037,201900008568,5,30,18:15,1,1,6,1.0,2.0,30003,RD 62,M,"43,5601280","4,1522630",30,2019,90.0,1.0,1.0,3.0,2161529,1.0,1,1,2,5.0,,0.0,0,1985.0,B01,138Â 290Â 464,1.0,5.0,-1.0,1650402,3.0,7,,0.0,2.0,1.0,B01,138Â 290Â 464,1.0
967038,201900008569,6,16,18:00,1,1,1,1.0,3.0,30341,D6572,M,"43,6925640","4,2748750",30,2019,80.0,1.0,1.0,3.0,2161530,2.0,2,3,2,5.0,,0.0,0,1966.0,B01,138Â 290Â 461,2.0,6.0,-1.0,1650403,0.0,34,,0.0,2.0,1.0,B01,138Â 290Â 461,6.0
967038,201900008569,6,16,18:00,1,1,1,1.0,3.0,30341,D6572,M,"43,6925640","4,2748750",30,2019,80.0,1.0,1.0,3.0,2161530,2.0,2,3,2,5.0,,0.0,0,1966.0,B01,138Â 290Â 461,2.0,6.0,-1.0,1650404,3.0,7,,0.0,2.0,6.0,A01,138Â 290Â 462,0.0
967038,201900008569,6,16,18:00,1,1,1,1.0,3.0,30341,D6572,M,"43,6925640","4,2748750",30,2019,80.0,1.0,1.0,3.0,2161531,1.0,1,3,1,5.0,,0.0,0,1965.0,B01,138Â 290Â 461,2.0,6.0,-1.0,1650403,0.0,34,,0.0,2.0,1.0,B01,138Â 290Â 461,6.0
967038,201900008569,6,16,18:00,1,1,1,1.0,3.0,30341,D6572,M,"43,6925640","4,2748750",30,2019,80.0,1.0,1.0,3.0,2161531,1.0,1,3,1,5.0,,0.0,0,1965.0,B01,138Â 290Â 461,2.0,6.0,-1.0,1650404,3.0,7,,0.0,2.0,6.0,A01,138Â 290Â 462,0.0
967038,201900008569,6,16,18:00,1,1,1,1.0,3.0,30341,D6572,M,"43,6925640","4,2748750",30,2019,80.0,1.0,1.0,3.0,2161532,1.0,1,1,1,5.0,,0.0,0,1979.0,A01,138Â 290Â 462,1.0,-1.0,-1.0,1650403,0.0,34,,0.0,2.0,1.0,B01,138Â 290Â 461,6.0
967038,201900008569,6,16,18:00,1,1,1,1.0,3.0,30341,D6572,M,"43,6925640","4,2748750",30,2019,80.0,1.0,1.0,3.0,2161532,1.0,1,1,1,5.0,,0.0,0,1979.0,A01,138Â 290Â 462,1.0,-1.0,-1.0,1650404,3.0,7,,0.0,2.0,6.0,A01,138Â 290Â 462,0.0
967039,201900008570,6,7,17:30,1,2,1,2.0,6.0,30033,Rue de la Chicanette,M,"43,7197060","4,3189300",30,2019,50.0,1.0,2.0,3.0,2161533,10.0,3,4,2,2.0,,2.0,3,2007.0,A01,138Â 290Â 460,0.0,-1.0,-1.0,1650405,0.0,7,,0.0,1.0,1.0,A01,138Â 290Â 460,1.0
967039,201900008570,6,7,17:30,1,2,1,2.0,6.0,30033,Rue de la Chicanette,M,"43,7197060","4,3189300",30,2019,50.0,1.0,2.0,3.0,2161534,1.0,1,1,1,0.0,,0.0,0,1983.0,A01,138Â 290Â 460,1.0,-1.0,-1.0,1650405,0.0,7,,0.0,1.0,1.0,A01,138Â 290Â 460,1.0
967040,201900008571,6,14,14:20,1,1,1,1.0,6.0,30017,d999,M,"43,9743440","3,4618610",30,2019,80.0,3.0,1.0,3.0,2161535,1.0,1,4,2,1.0,,0.0,0,1964.0,A01,138Â 290Â 459,1.0,9.0,-1.0,1650406,1.0,7,,13.0,0.0,3.0,A01,138Â 290Â 459,0.0