Unnamed: 0_x,num_acc,mois,jour,hrmn,lum,agg,int,atm,col,com,adr,gps,lat,long,dep,annee,vma,situ,surf,catr,Unnamed: 0_y,place,catu,grav,sexe,trajet,secu,locp,actp,an_nais,num_veh_x,id_vehicule_x,secu1,secu2,secu3,Unnamed: 0,senc,catv,occutc,obs,obsm,choc,num_veh_y,id_vehicule_y,motor
967041,201900008572,6,17,14:45,1,1,1,1.0,1.0,30166,D 264,M,"43,8908370","4,5626850",30,2019,80.0,1.0,1.0,3.0,2161536,1.0,1,4,1,1.0,,0.0,0,1967.0,B01,138Â 290Â 457,1.0,-1.0,-1.0,1650407,2.0,7,,0.0,2.0,3.0,B01,138Â 290Â 457,6.0
967041,201900008572,6,17,14:45,1,1,1,1.0,1.0,30166,D 264,M,"43,8908370","4,5626850",30,2019,80.0,1.0,1.0,3.0,2161536,1.0,1,4,1,1.0,,0.0,0,1967.0,B01,138Â 290Â 457,1.0,-1.0,-1.0,1650408,1.0,7,,0.0,2.0,3.0,A01,138Â 290Â 458,6.0
967041,201900008572,6,17,14:45,1,1,1,1.0,1.0,30166,D 264,M,"43,8908370","4,5626850",30,2019,80.0,1.0,1.0,3.0,2161537,1.0,1,3,2,1.0,,0.0,0,1991.0,A01,138Â 290Â 458,1.0,-1.0,-1.0,1650407,2.0,7,,0.0,2.0,3.0,B01,138Â 290Â 457,6.0
967041,201900008572,6,17,14:45,1,1,1,1.0,1.0,30166,D 264,M,"43,8908370","4,5626850",30,2019,80.0,1.0,1.0,3.0,2161537,1.0,1,3,2,1.0,,0.0,0,1991.0,A01,138Â 290Â 458,1.0,-1.0,-1.0,1650408,1.0,7,,0.0,2.0,3.0,A01,138Â 290Â 458,6.0
967042,201900008573,6,2,20:30,4,2,1,1.0,6.0,30089,rd 968 L,M,"43,8519970","4,6055430",30,2019,50.0,4.0,1.0,3.0,2161538,1.0,1,1,1,5.0,,0.0,0,1983.0,A01,138Â 290Â 456,1.0,-1.0,-1.0,1650409,2.0,7,,15.0,0.0,2.0,A01,138Â 290Â 456,1.0
967042,201900008573,6,2,20:30,4,2,1,1.0,6.0,30089,rd 968 L,M,"43,8519970","4,6055430",30,2019,50.0,4.0,1.0,3.0,2161539,2.0,2,3,2,5.0,,0.0,0,1982.0,A01,138Â 290Â 456,1.0,-1.0,-1.0,1650409,2.0,7,,15.0,0.0,2.0,A01,138Â 290Â 456,1.0
967043,201900008574,6,19,20:55,1,1,1,1.0,6.0,30177,Route d'UzÃ¨s,M,"44,0919270","4,1846640",30,2019,80.0,3.0,1.0,3.0,2161540,1.0,1,3,1,5.0,,0.0,0,1966.0,A01,138Â 290Â 455,0.0,-1.0,-1.0,1650410,1.0,10,,15.0,0.0,1.0,A01,138Â 290Â 455,1.0
967044,201900008575,6,8,09:35,1,1,1,1.0,2.0,30227,Chemin des 4 Vents,M,"44,2442670","4,1831140",30,2019,80.0,1.0,1.0,3.0,2161541,1.0,1,1,1,3.0,,0.0,0,1950.0,B01,138Â 290Â 453,1.0,-1.0,-1.0,1650411,2.0,7,,0.0,0.0,4.0,B01,138Â 290Â 453,1.0
967044,201900008575,6,8,09:35,1,1,1,1.0,2.0,30227,Chemin des 4 Vents,M,"44,2442670","4,1831140",30,2019,80.0,1.0,1.0,3.0,2161541,1.0,1,1,1,3.0,,0.0,0,1950.0,B01,138Â 290Â 453,1.0,-1.0,-1.0,1650412,2.0,33,,0.0,2.0,1.0,A01,138Â 290Â 454,1.0
967044,201900008575,6,8,09:35,1,1,1,1.0,2.0,30227,Chemin des 4 Vents,M,"44,2442670","4,1831140",30,2019,80.0,1.0,1.0,3.0,2161542,1.0,1,3,1,5.0,,0.0,0,1986.0,A01,138Â 290Â 454,2.0,-1.0,-1.0,1650411,2.0,7,,0.0,0.0,4.0,B01,138Â 290Â 453,1.0
967044,201900008575,6,8,09:35,1,1,1,1.0,2.0,30227,Chemin des 4 Vents,M,"44,2442670","4,1831140",30,2019,80.0,1.0,1.0,3.0,2161542,1.0,1,3,1,5.0,,0.0,0,1986.0,A01,138Â 290Â 454,2.0,-1.0,-1.0,1650412,2.0,33,,0.0,2.0,1.0,A01,138Â 290Â 454,1.0
967045,201900008576,6,5,15:50,1,2,3,1.0,6.0,30223,ROUTE DÃPARTEMENTALE 16,M,"44,1775790","4,1511980",30,2019,50.0,1.0,1.0,3.0,2161543,1.0,1,3,1,5.0,,0.0,0,1952.0,A01,138Â 290Â 451,0.0,-1.0,-1.0,1650413,0.0,7,,0.0,2.0,3.0,A01,138Â 290Â 451,1.0
967045,201900008576,6,5,15:50,1,2,3,1.0,6.0,30223,ROUTE DÃPARTEMENTALE 16,M,"44,1775790","4,1511980",30,2019,50.0,1.0,1.0,3.0,2161543,1.0,1,3,1,5.0,,0.0,0,1952.0,A01,138Â 290Â 451,0.0,-1.0,-1.0,1650414,3.0,7,,0.0,2.0,1.0,B01,138Â 290Â 452,1.0
967045,201900008576,6,5,15:50,1,2,3,1.0,6.0,30223,ROUTE DÃPARTEMENTALE 16,M,"44,1775790","4,1511980",30,2019,50.0,1.0,1.0,3.0,2161544,1.0,1,1,2,0.0,,0.0,0,1964.0,B01,138Â 290Â 452,1.0,-1.0,-1.0,1650413,0.0,7,,0.0,2.0,3.0,A01,138Â 290Â 451,1.0
967045,201900008576,6,5,15:50,1,2,3,1.0,6.0,30223,ROUTE DÃPARTEMENTALE 16,M,"44,1775790","4,1511980",30,2019,50.0,1.0,1.0,3.0,2161544,1.0,1,1,2,0.0,,0.0,0,1964.0,B01,138Â 290Â 452,1.0,-1.0,-1.0,1650414,3.0,7,,0.0,2.0,1.0,B01,138Â 290Â 452,1.0
967046,201900008577,6,6,12:55,1,1,1,1.0,7.0,30269,DEPARTEMENTAE 907,M,"44,1041250","3,8856080",30,2019,80.0,1.0,1.0,3.0,2161545,1.0,1,3,1,5.0,,0.0,0,1929.0,A01,138Â 290Â 450,1.0,-1.0,-1.0,1650415,1.0,7,,6.0,0.0,1.0,A01,138Â 290Â 450,1.0
967047,201900008578,6,18,18:41,1,1,4,1.0,7.0,48140,Pradels,M,"44,7891890","3,2858640",48,2019,70.0,1.0,1.0,3.0,2161546,1.0,1,4,1,5.0,,0.0,0,2002.0,A01,138Â 290Â 449,2.0,6.0,-1.0,1650416,2.0,31,,0.0,0.0,0.0,A01,138Â 290Â 449,1.0
967048,201900008579,6,10,15:20,1,1,1,8.0,6.0,48009,Beauregard (Fau-de-Peyre),M,"44,7191550","3,2152260",48,2019,-1.0,8.0,1.0,4.0,2161547,1.0,1,4,1,5.0,,0.0,0,1937.0,A01,138Â 290Â 448,1.0,-1.0,-1.0,1650417,3.0,7,,13.0,0.0,3.0,A01,138Â 290Â 448,1.0
967049,201900008580,6,16,02:15,3,1,1,5.0,7.0,48091,D 52,M,"44,6233090","3,0699780",48,2019,80.0,3.0,9.0,3.0,2161548,2.0,2,3,1,9.0,,0.0,0,2008.0,A01,138Â 290Â 447,1.0,-1.0,-1.0,1650418,1.0,7,,13.0,0.0,9.0,A01,138Â 290Â 447,1.0
967049,201900008580,6,16,02:15,3,1,1,5.0,7.0,48091,D 52,M,"44,6233090","3,0699780",48,2019,80.0,3.0,9.0,3.0,2161549,1.0,1,3,1,9.0,,0.0,0,1981.0,A01,138Â 290Â 447,8.0,-1.0,-1.0,1650418,1.0,7,,13.0,0.0,9.0,A01,138Â 290Â 447,1.0
967050,201900008581,6,16,07:30,1,1,1,1.0,6.0,48100,Pr 25+050,M,"44,5903420","3,6989260",48,2019,80.0,8.0,1.0,3.0,2161550,1.0,1,3,2,5.0,,0.0,0,1973.0,A01,138Â 290Â 446,1.0,-1.0,-1.0,1650419,1.0,7,,16.0,0.0,1.0,A01,138Â 290Â 446,1.0
967051,201900008582,6,3,17:35,1,2,1,1.0,6.0,08116,RD 977 PK 027 +300,M,"49,5146450","4,7693660",8,2019,50.0,4.0,1.0,3.0,2161551,1.0,1,4,1,1.0,,0.0,0,1991.0,A01,138Â 290Â 445,1.0,-1.0,-1.0,1650420,1.0,7,,6.0,0.0,1.0,A01,138Â 290Â 445,1.0
967052,201900008583,6,2,00:50,3,1,1,1.0,6.0,08220,PK 2+244 CD 980,M,"49,3030860","4,3994850",8,2019,80.0,3.0,1.0,3.0,2161552,1.0,1,2,1,5.0,,0.0,0,1996.0,A01,138Â 290Â 444,1.0,-1.0,-1.0,1650421,1.0,7,,2.0,0.0,3.0,A01,138Â 290Â 444,1.0
967053,201900008584,6,2,14:40,1,1,2,1.0,3.0,08122,RD8051,M,"50,1221160","4,7929370",8,2019,80.0,1.0,1.0,3.0,2161553,1.0,1,3,1,5.0,,0.0,0,2005.0,A01,138Â 290Â 442,0.0,-1.0,-1.0,1650422,1.0,1,,0.0,2.0,8.0,A01,138Â 290Â 442,5.0
967053,201900008584,6,2,14:40,1,1,2,1.0,3.0,08122,RD8051,M,"50,1221160","4,7929370",8,2019,80.0,1.0,1.0,3.0,2161553,1.0,1,3,1,5.0,,0.0,0,2005.0,A01,138Â 290Â 442,0.0,-1.0,-1.0,1650423,1.0,33,,0.0,2.0,1.0,B01,138Â 290Â 443,1.0
967053,201900008584,6,2,14:40,1,1,2,1.0,3.0,08122,RD8051,M,"50,1221160","4,7929370",8,2019,80.0,1.0,1.0,3.0,2161554,1.0,1,2,1,5.0,,0.0,0,1979.0,B01,138Â 290Â 443,2.0,6.0,9.0,1650422,1.0,1,,0.0,2.0,8.0,A01,138Â 290Â 442,5.0
967053,201900008584,6,2,14:40,1,1,2,1.0,3.0,08122,RD8051,M,"50,1221160","4,7929370",8,2019,80.0,1.0,1.0,3.0,2161554,1.0,1,2,1,5.0,,0.0,0,1979.0,B01,138Â 290Â 443,2.0,6.0,9.0,1650423,1.0,33,,0.0,2.0,1.0,B01,138Â 290Â 443,1.0
967054,201900008585,6,3,14:10,1,2,1,7.0,6.0,88438,14 Route de Rambervillers,M,"48,3246810","6,8225230",88,2019,50.0,8.0,1.0,3.0,2161555,1.0,1,3,2,0.0,,0.0,0,1961.0,A01,138Â 290Â 441,1.0,-1.0,-1.0,1650424,3.0,7,,1.0,0.0,3.0,A01,138Â 290Â 441,1.0
967055,201900008586,5,31,16:50,1,1,1,1.0,7.0,88032,rue de la petite cote,M,"48,2501610","7,0630040",88,2019,80.0,1.0,1.0,3.0,2161556,1.0,1,3,1,5.0,,0.0,0,1963.0,A01,138Â 290Â 440,9.0,2.0,6.0,1650425,1.0,33,,13.0,0.0,1.0,A01,138Â 290Â 440,1.0
967056,201900008587,6,1,23:40,3,1,1,1.0,1.0,88237,RD6,M,"48,2281950","6,2948810",88,2019,80.0,1.0,1.0,3.0,2161557,1.0,1,4,2,5.0,,0.0,0,1967.0,B01,138Â 290Â 438,1.0,-1.0,-1.0,1650426,2.0,7,,0.0,2.0,3.0,B01,138Â 290Â 438,1.0
967056,201900008587,6,1,23:40,3,1,1,1.0,1.0,88237,RD6,M,"48,2281950","6,2948810",88,2019,80.0,1.0,1.0,3.0,2161557,1.0,1,4,2,5.0,,0.0,0,1967.0,B01,138Â 290Â 438,1.0,-1.0,-1.0,1650427,1.0,7,,0.0,2.0,3.0,A01,138Â 290Â 439,1.0
967056,201900008587,6,1,23:40,3,1,1,1.0,1.0,88237,RD6,M,"48,2281950","6,2948810",88,2019,80.0,1.0,1.0,3.0,2161558,2.0,2,1,1,5.0,,0.0,0,1957.0,B01,138Â 290Â 438,1.0,-1.0,-1.0,1650426,2.0,7,,0.0,2.0,3.0,B01,138Â 290Â 438,1.0
967056,201900008587,6,1,23:40,3,1,1,1.0,1.0,88237,RD6,M,"48,2281950","6,2948810",88,2019,80.0,1.0,1.0,3.0,2161558,2.0,2,1,1,5.0,,0.0,0,1957.0,B01,138Â 290Â 438,1.0,-1.0,-1.0,1650427,1.0,7,,0.0,2.0,3.0,A01,138Â 290Â 439,1.0
967056,201900008587,6,1,23:40,3,1,1,1.0,1.0,88237,RD6,M,"48,2281950","6,2948810",88,2019,80.0,1.0,1.0,3.0,2161559,2.0,2,1,2,5.0,,0.0,0,2018.0,A01,138Â 290Â 439,3.0,-1.0,-1.0,1650426,2.0,7,,0.0,2.0,3.0,B01,138Â 290Â 438,1.0
967056,201900008587,6,1,23:40,3,1,1,1.0,1.0,88237,RD6,M,"48,2281950","6,2948810",88,2019,80.0,1.0,1.0,3.0,2161559,2.0,2,1,2,5.0,,0.0,0,2018.0,A01,138Â 290Â 439,3.0,-1.0,-1.0,1650427,1.0,7,,0.0,2.0,3.0,A01,138Â 290Â 439,1.0
967056,201900008587,6,1,23:40,3,1,1,1.0,1.0,88237,RD6,M,"48,2281950","6,2948810",88,2019,80.0,1.0,1.0,3.0,2161560,1.0,1,2,1,5.0,,0.0,0,1984.0,A01,138Â 290Â 439,8.0,-1.0,-1.0,1650426,2.0,7,,0.0,2.0,3.0,B01,138Â 290Â 438,1.0
967056,201900008587,6,1,23:40,3,1,1,1.0,1.0,88237,RD6,M,"48,2281950","6,2948810",88,2019,80.0,1.0,1.0,3.0,2161560,1.0,1,2,1,5.0,,0.0,0,1984.0,A01,138Â 290Â 439,8.0,-1.0,-1.0,1650427,1.0,7,,0.0,2.0,3.0,A01,138Â 290Â 439,1.0
967057,201900008588,6,9,15:40,1,2,1,1.0,3.0,88327,30 Rue de l'Ãglise,M,"48,3065260","6,3844460",88,2019,50.0,1.0,1.0,3.0,2161561,1.0,1,3,1,5.0,,0.0,0,1966.0,B01,138Â 290Â 436,2.0,6.0,9.0,1650428,2.0,33,,0.0,2.0,7.0,B01,138Â 290Â 436,1.0
967057,201900008588,6,9,15:40,1,2,1,1.0,3.0,88327,30 Rue de l'Ãglise,M,"48,3065260","6,3844460",88,2019,50.0,1.0,1.0,3.0,2161561,1.0,1,3,1,5.0,,0.0,0,1966.0,B01,138Â 290Â 436,2.0,6.0,9.0,1650429,2.0,7,,0.0,2.0,8.0,A01,138Â 290Â 437,1.0
967057,201900008588,6,9,15:40,1,2,1,1.0,3.0,88327,30 Rue de l'Ãglise,M,"48,3065260","6,3844460",88,2019,50.0,1.0,1.0,3.0,2161562,1.0,1,1,2,5.0,,0.0,0,1998.0,A01,138Â 290Â 437,1.0,-1.0,-1.0,1650428,2.0,33,,0.0,2.0,7.0,B01,138Â 290Â 436,1.0
967057,201900008588,6,9,15:40,1,2,1,1.0,3.0,88327,30 Rue de l'Ãglise,M,"48,3065260","6,3844460",88,2019,50.0,1.0,1.0,3.0,2161562,1.0,1,1,2,5.0,,0.0,0,1998.0,A01,138Â 290Â 437,1.0,-1.0,-1.0,1650429,2.0,7,,0.0,2.0,8.0,A01,138Â 290Â 437,1.0
967058,201900008589,5,31,14:43,1,2,1,1.0,1.0,88465,6 Avenue Pierre de Coubertin (Thaon-les-Vosges),M,"48,2487610","6,4277050",88,2019,50.0,1.0,1.0,9.0,2161563,1.0,1,1,1,5.0,,0.0,0,1999.0,B01,138Â 290Â 434,1.0,-1.0,-1.0,1650430,3.0,7,,0.0,2.0,3.0,B01,138Â 290Â 434,1.0
967058,201900008589,5,31,14:43,1,2,1,1.0,1.0,88465,6 Avenue Pierre de Coubertin (Thaon-les-Vosges),M,"48,2487610","6,4277050",88,2019,50.0,1.0,1.0,9.0,2161563,1.0,1,1,1,5.0,,0.0,0,1999.0,B01,138Â 290Â 434,1.0,-1.0,-1.0,1650431,3.0,7,,0.0,2.0,3.0,A01,138Â 290Â 435,1.0
967058,201900008589,5,31,14:43,1,2,1,1.0,1.0,88465,6 Avenue Pierre de Coubertin (Thaon-les-Vosges),M,"48,2487610","6,4277050",88,2019,50.0,1.0,1.0,9.0,2161564,1.0,1,3,1,5.0,,0.0,0,1939.0,A01,138Â 290Â 435,1.0,-1.0,-1.0,1650430,3.0,7,,0.0,2.0,3.0,B01,138Â 290Â 434,1.0
967058,201900008589,5,31,14:43,1,2,1,1.0,1.0,88465,6 Avenue Pierre de Coubertin (Thaon-les-Vosges),M,"48,2487610","6,4277050",88,2019,50.0,1.0,1.0,9.0,2161564,1.0,1,3,1,5.0,,0.0,0,1939.0,A01,138Â 290Â 435,1.0,-1.0,-1.0,1650431,3.0,7,,0.0,2.0,3.0,A01,138Â 290Â 435,1.0
967059,201900008590,6,19,09:05,1,2,2,1.0,1.0,68252,Rue des 7 Nains - Intersection rue Malbrought,M,"48,1600210","7,3697990",68,2019,50.0,1.0,1.0,4.0,2161565,1.0,1,3,1,5.0,,0.0,0,2000.0,A01,138Â 290Â 432,2.0,6.0,-1.0,1650432,1.0,2,,0.0,2.0,7.0,A01,138Â 290Â 432,1.0
967059,201900008590,6,19,09:05,1,2,2,1.0,1.0,68252,Rue des 7 Nains - Intersection rue Malbrought,M,"48,1600210","7,3697990",68,2019,50.0,1.0,1.0,4.0,2161565,1.0,1,3,1,5.0,,0.0,0,2000.0,A01,138Â 290Â 432,2.0,6.0,-1.0,1650433,2.0,7,,0.0,2.0,2.0,B01,138Â 290Â 433,1.0
967059,201900008590,6,19,09:05,1,2,2,1.0,1.0,68252,Rue des 7 Nains - Intersection rue Malbrought,M,"48,1600210","7,3697990",68,2019,50.0,1.0,1.0,4.0,2161566,1.0,1,1,1,4.0,,0.0,0,1987.0,B01,138Â 290Â 433,1.0,-1.0,-1.0,1650432,1.0,2,,0.0,2.0,7.0,A01,138Â 290Â 432,1.0
967059,201900008590,6,19,09:05,1,2,2,1.0,1.0,68252,Rue des 7 Nains - Intersection rue Malbrought,M,"48,1600210","7,3697990",68,2019,50.0,1.0,1.0,4.0,2161566,1.0,1,1,1,4.0,,0.0,0,1987.0,B01,138Â 290Â 433,1.0,-1.0,-1.0,1650433,2.0,7,,0.0,2.0,2.0,B01,138Â 290Â 433,1.0
967060,201900008591,6,7,21:00,2,2,1,1.0,6.0,68375,2 AllÃ©e de la doller,M,"47,8136430","7,2395980",68,2019,30.0,1.0,1.0,4.0,2161567,10.0,3,3,2,9.0,,0.0,1,1938.0,A01,138Â 290Â 431,0.0,-1.0,-1.0,1650434,0.0,7,,0.0,1.0,6.0,A01,138Â 290Â 431,1.0
967060,201900008591,6,7,21:00,2,2,1,1.0,6.0,68375,2 AllÃ©e de la doller,M,"47,8136430","7,2395980",68,2019,30.0,1.0,1.0,4.0,2161568,1.0,1,1,1,5.0,,0.0,0,1996.0,A01,138Â 290Â 431,8.0,-1.0,-1.0,1650434,0.0,7,,0.0,1.0,6.0,A01,138Â 290Â 431,1.0
967061,201900008592,4,20,19:30,2,2,1,1.0,2.0,95039,46 rue de pontoise,M,"49,0695540","2,1384710",95,2019,50.0,1.0,1.0,3.0,2161569,1.0,1,4,1,5.0,,0.0,0,2008.0,A01,138Â 290Â 429,0.0,-1.0,-1.0,1650435,1.0,1,,0.0,2.0,4.0,A01,138Â 290Â 429,5.0
967061,201900008592,4,20,19:30,2,2,1,1.0,2.0,95039,46 rue de pontoise,M,"49,0695540","2,1384710",95,2019,50.0,1.0,1.0,3.0,2161569,1.0,1,4,1,5.0,,0.0,0,2008.0,A01,138Â 290Â 429,0.0,-1.0,-1.0,1650436,1.0,7,,0.0,2.0,1.0,B01,138Â 290Â 430,0.0
967062,201900008593,6,12,20:48,1,1,1,1.0,1.0,33420,RD670E5,M,"44,8619360"," -0,1321150",33,2019,80.0,1.0,1.0,3.0,2161570,1.0,1,4,1,4.0,,0.0,0,1993.0,B01,138Â 290Â 427,1.0,-1.0,-1.0,1650437,2.0,17,,0.0,2.0,1.0,B01,138Â 290Â 427,1.0
967062,201900008593,6,12,20:48,1,1,1,1.0,1.0,33420,RD670E5,M,"44,8619360"," -0,1321150",33,2019,80.0,1.0,1.0,3.0,2161570,1.0,1,4,1,4.0,,0.0,0,1993.0,B01,138Â 290Â 427,1.0,-1.0,-1.0,1650438,1.0,7,,0.0,2.0,1.0,A01,138Â 290Â 428,1.0
967062,201900008593,6,12,20:48,1,1,1,1.0,1.0,33420,RD670E5,M,"44,8619360"," -0,1321150",33,2019,80.0,1.0,1.0,3.0,2161571,1.0,1,2,1,3.0,,0.0,0,1979.0,A01,138Â 290Â 428,1.0,-1.0,-1.0,1650437,2.0,17,,0.0,2.0,1.0,B01,138Â 290Â 427,1.0
967062,201900008593,6,12,20:48,1,1,1,1.0,1.0,33420,RD670E5,M,"44,8619360"," -0,1321150",33,2019,80.0,1.0,1.0,3.0,2161571,1.0,1,2,1,3.0,,0.0,0,1979.0,A01,138Â 290Â 428,1.0,-1.0,-1.0,1650438,1.0,7,,0.0,2.0,1.0,A01,138Â 290Â 428,1.0
967063,201900008594,6,12,11:45,1,1,1,3.0,2.0,33052,A89,M,"44,9641100"," -0,2402700",33,2019,130.0,1.0,2.0,1.0,2161572,1.0,1,4,1,1.0,,0.0,0,1990.0,A01,138Â 290Â 425,1.0,-1.0,-1.0,1650439,2.0,7,,0.0,6.0,4.0,A01,138Â 290Â 425,1.0
967063,201900008594,6,12,11:45,1,1,1,3.0,2.0,33052,A89,M,"44,9641100"," -0,2402700",33,2019,130.0,1.0,2.0,1.0,2161572,1.0,1,4,1,1.0,,0.0,0,1990.0,A01,138Â 290Â 425,1.0,-1.0,-1.0,1650440,2.0,7,,3.0,6.0,1.0,B01,138Â 290Â 426,1.0
967063,201900008594,6,12,11:45,1,1,1,3.0,2.0,33052,A89,M,"44,9641100"," -0,2402700",33,2019,130.0,1.0,2.0,1.0,2161573,2.0,2,4,1,1.0,,0.0,0,1985.0,A01,138Â 290Â 425,1.0,-1.0,-1.0,1650439,2.0,7,,0.0,6.0,4.0,A01,138Â 290Â 425,1.0
967063,201900008594,6,12,11:45,1,1,1,3.0,2.0,33052,A89,M,"44,9641100"," -0,2402700",33,2019,130.0,1.0,2.0,1.0,2161573,2.0,2,4,1,1.0,,0.0,0,1985.0,A01,138Â 290Â 425,1.0,-1.0,-1.0,1650440,2.0,7,,3.0,6.0,1.0,B01,138Â 290Â 426,1.0
967063,201900008594,6,12,11:45,1,1,1,3.0,2.0,33052,A89,M,"44,9641100"," -0,2402700",33,2019,130.0,1.0,2.0,1.0,2161574,2.0,2,4,2,5.0,,0.0,0,1998.0,B01,138Â 290Â 426,1.0,-1.0,-1.0,1650439,2.0,7,,0.0,6.0,4.0,A01,138Â 290Â 425,1.0
967063,201900008594,6,12,11:45,1,1,1,3.0,2.0,33052,A89,M,"44,9641100"," -0,2402700",33,2019,130.0,1.0,2.0,1.0,2161574,2.0,2,4,2,5.0,,0.0,0,1998.0,B01,138Â 290Â 426,1.0,-1.0,-1.0,1650440,2.0,7,,3.0,6.0,1.0,B01,138Â 290Â 426,1.0
967063,201900008594,6,12,11:45,1,1,1,3.0,2.0,33052,A89,M,"44,9641100"," -0,2402700",33,2019,130.0,1.0,2.0,1.0,2161575,1.0,1,1,2,5.0,,0.0,0,1998.0,B01,138Â 290Â 426,1.0,-1.0,-1.0,1650439,2.0,7,,0.0,6.0,4.0,A01,138Â 290Â 425,1.0
967063,201900008594,6,12,11:45,1,1,1,3.0,2.0,33052,A89,M,"44,9641100"," -0,2402700",33,2019,130.0,1.0,2.0,1.0,2161575,1.0,1,1,2,5.0,,0.0,0,1998.0,B01,138Â 290Â 426,1.0,-1.0,-1.0,1650440,2.0,7,,3.0,6.0,1.0,B01,138Â 290Â 426,1.0
967064,201900008595,6,7,16:45,1,1,2,1.0,3.0,33261,RD121/RD122,M,"44,9817670"," -0,0907660",33,2019,80.0,8.0,1.0,3.0,2161576,1.0,1,1,1,4.0,,0.0,0,1980.0,A01,138Â 290Â 423,1.0,-1.0,-1.0,1650441,1.0,14,,0.0,2.0,2.0,A01,138Â 290Â 423,1.0
967064,201900008595,6,7,16:45,1,1,2,1.0,3.0,33261,RD121/RD122,M,"44,9817670"," -0,0907660",33,2019,80.0,8.0,1.0,3.0,2161576,1.0,1,1,1,4.0,,0.0,0,1980.0,A01,138Â 290Â 423,1.0,-1.0,-1.0,1650442,2.0,33,,8.0,2.0,7.0,B01,138Â 290Â 424,1.0
967064,201900008595,6,7,16:45,1,1,2,1.0,3.0,33261,RD121/RD122,M,"44,9817670"," -0,0907660",33,2019,80.0,8.0,1.0,3.0,2161577,1.0,1,3,1,5.0,,0.0,0,1994.0,B01,138Â 290Â 424,2.0,-1.0,-1.0,1650441,1.0,14,,0.0,2.0,2.0,A01,138Â 290Â 423,1.0
967064,201900008595,6,7,16:45,1,1,2,1.0,3.0,33261,RD121/RD122,M,"44,9817670"," -0,0907660",33,2019,80.0,8.0,1.0,3.0,2161577,1.0,1,3,1,5.0,,0.0,0,1994.0,B01,138Â 290Â 424,2.0,-1.0,-1.0,1650442,2.0,33,,8.0,2.0,7.0,B01,138Â 290Â 424,1.0
967065,201900008596,6,15,13:50,1,1,1,1.0,6.0,78356,Route DÃ©partementale 91,M,"48,7429960","2,0198590",78,2019,50.0,4.0,8.0,3.0,2161578,1.0,1,3,1,5.0,,0.0,0,1999.0,A01,138Â 290Â 422,2.0,6.0,9.0,1650443,1.0,33,,12.0,0.0,7.0,A01,138Â 290Â 422,1.0
967066,201900008597,6,16,06:30,2,1,1,2.0,6.0,68234,A35 PK 79-500,M,"47,9519230","7,3666070",68,2019,130.0,2.0,2.0,1.0,2161579,1.0,1,4,2,5.0,,0.0,0,1994.0,A01,138Â 290Â 421,1.0,-1.0,-1.0,1650444,1.0,7,,3.0,0.0,0.0,A01,138Â 290Â 421,1.0
967066,201900008597,6,16,06:30,2,1,1,2.0,6.0,68234,A35 PK 79-500,M,"47,9519230","7,3666070",68,2019,130.0,2.0,2.0,1.0,2161580,2.0,2,4,1,5.0,,0.0,0,1996.0,A01,138Â 290Â 421,1.0,-1.0,-1.0,1650444,1.0,7,,3.0,0.0,0.0,A01,138Â 290Â 421,1.0
967067,201900008598,6,9,01:40,5,2,2,1.0,2.0,97307,RN 2 PK 01,M,"4,8840540"," -52,3358010",973,2019,50.0,1.0,1.0,2.0,2161581,1.0,1,3,1,5.0,,0.0,0,1990.0,B01,138Â 290Â 419,2.0,-1.0,-1.0,1650445,1.0,2,,0.0,2.0,4.0,B01,138Â 290Â 419,1.0
967067,201900008598,6,9,01:40,5,2,2,1.0,2.0,97307,RN 2 PK 01,M,"4,8840540"," -52,3358010",973,2019,50.0,1.0,1.0,2.0,2161581,1.0,1,3,1,5.0,,0.0,0,1990.0,B01,138Â 290Â 419,2.0,-1.0,-1.0,1650446,1.0,7,,0.0,2.0,1.0,A01,138Â 290Â 420,1.0
967067,201900008598,6,9,01:40,5,2,2,1.0,2.0,97307,RN 2 PK 01,M,"4,8840540"," -52,3358010",973,2019,50.0,1.0,1.0,2.0,2161582,1.0,1,1,1,5.0,,0.0,0,1991.0,A01,138Â 290Â 420,1.0,-1.0,-1.0,1650445,1.0,2,,0.0,2.0,4.0,B01,138Â 290Â 419,1.0
967067,201900008598,6,9,01:40,5,2,2,1.0,2.0,97307,RN 2 PK 01,M,"4,8840540"," -52,3358010",973,2019,50.0,1.0,1.0,2.0,2161582,1.0,1,1,1,5.0,,0.0,0,1991.0,A01,138Â 290Â 420,1.0,-1.0,-1.0,1650446,1.0,7,,0.0,2.0,1.0,A01,138Â 290Â 420,1.0
967067,201900008598,6,9,01:40,5,2,2,1.0,2.0,97307,RN 2 PK 01,M,"4,8840540"," -52,3358010",973,2019,50.0,1.0,1.0,2.0,2161583,2.0,2,4,2,5.0,,0.0,0,1999.0,A01,138Â 290Â 420,1.0,-1.0,-1.0,1650445,1.0,2,,0.0,2.0,4.0,B01,138Â 290Â 419,1.0
967067,201900008598,6,9,01:40,5,2,2,1.0,2.0,97307,RN 2 PK 01,M,"4,8840540"," -52,3358010",973,2019,50.0,1.0,1.0,2.0,2161583,2.0,2,4,2,5.0,,0.0,0,1999.0,A01,138Â 290Â 420,1.0,-1.0,-1.0,1650446,1.0,7,,0.0,2.0,1.0,A01,138Â 290Â 420,1.0