Unnamed: 0_x,num_acc,mois,jour,hrmn,lum,agg,int,atm,col,com,adr,gps,lat,long,dep,annee,vma,situ,surf,catr,Unnamed: 0_y,place,catu,grav,sexe,trajet,secu,locp,actp,an_nais,num_veh_x,id_vehicule_x,secu1,secu2,secu3,Unnamed: 0,senc,catv,occutc,obs,obsm,choc,num_veh_y,id_vehicule_y,motor
967068,201900008599,6,2,01:00,3,1,1,3.0,1.0,97307,Route de Rochambeau,M,"4,8361020"," -52,3454740",973,2019,80.0,1.0,2.0,3.0,2161584,4.0,2,4,1,0.0,,0.0,0,1996.0,B01,138Â 290Â 417,1.0,-1.0,-1.0,1650447,1.0,10,,0.0,2.0,1.0,B01,138Â 290Â 417,1.0
967068,201900008599,6,2,01:00,3,1,1,3.0,1.0,97307,Route de Rochambeau,M,"4,8361020"," -52,3454740",973,2019,80.0,1.0,2.0,3.0,2161584,4.0,2,4,1,0.0,,0.0,0,1996.0,B01,138Â 290Â 417,1.0,-1.0,-1.0,1650448,2.0,7,,0.0,2.0,1.0,A01,138Â 290Â 418,1.0
967068,201900008599,6,2,01:00,3,1,1,3.0,1.0,97307,Route de Rochambeau,M,"4,8361020"," -52,3454740",973,2019,80.0,1.0,2.0,3.0,2161585,9.0,2,4,2,0.0,,0.0,0,1998.0,B01,138Â 290Â 417,1.0,-1.0,-1.0,1650447,1.0,10,,0.0,2.0,1.0,B01,138Â 290Â 417,1.0
967068,201900008599,6,2,01:00,3,1,1,3.0,1.0,97307,Route de Rochambeau,M,"4,8361020"," -52,3454740",973,2019,80.0,1.0,2.0,3.0,2161585,9.0,2,4,2,0.0,,0.0,0,1998.0,B01,138Â 290Â 417,1.0,-1.0,-1.0,1650448,2.0,7,,0.0,2.0,1.0,A01,138Â 290Â 418,1.0
967068,201900008599,6,2,01:00,3,1,1,3.0,1.0,97307,Route de Rochambeau,M,"4,8361020"," -52,3454740",973,2019,80.0,1.0,2.0,3.0,2161586,7.0,2,4,2,0.0,,0.0,0,1996.0,B01,138Â 290Â 417,1.0,-1.0,-1.0,1650447,1.0,10,,0.0,2.0,1.0,B01,138Â 290Â 417,1.0
967068,201900008599,6,2,01:00,3,1,1,3.0,1.0,97307,Route de Rochambeau,M,"4,8361020"," -52,3454740",973,2019,80.0,1.0,2.0,3.0,2161586,7.0,2,4,2,0.0,,0.0,0,1996.0,B01,138Â 290Â 417,1.0,-1.0,-1.0,1650448,2.0,7,,0.0,2.0,1.0,A01,138Â 290Â 418,1.0
967068,201900008599,6,2,01:00,3,1,1,3.0,1.0,97307,Route de Rochambeau,M,"4,8361020"," -52,3454740",973,2019,80.0,1.0,2.0,3.0,2161587,8.0,2,3,1,0.0,,0.0,0,1997.0,B01,138Â 290Â 417,1.0,-1.0,-1.0,1650447,1.0,10,,0.0,2.0,1.0,B01,138Â 290Â 417,1.0
967068,201900008599,6,2,01:00,3,1,1,3.0,1.0,97307,Route de Rochambeau,M,"4,8361020"," -52,3454740",973,2019,80.0,1.0,2.0,3.0,2161587,8.0,2,3,1,0.0,,0.0,0,1997.0,B01,138Â 290Â 417,1.0,-1.0,-1.0,1650448,2.0,7,,0.0,2.0,1.0,A01,138Â 290Â 418,1.0
967068,201900008599,6,2,01:00,3,1,1,3.0,1.0,97307,Route de Rochambeau,M,"4,8361020"," -52,3454740",973,2019,80.0,1.0,2.0,3.0,2161588,3.0,2,1,1,0.0,,0.0,0,1997.0,B01,138Â 290Â 417,1.0,-1.0,-1.0,1650447,1.0,10,,0.0,2.0,1.0,B01,138Â 290Â 417,1.0
967068,201900008599,6,2,01:00,3,1,1,3.0,1.0,97307,Route de Rochambeau,M,"4,8361020"," -52,3454740",973,2019,80.0,1.0,2.0,3.0,2161588,3.0,2,1,1,0.0,,0.0,0,1997.0,B01,138Â 290Â 417,1.0,-1.0,-1.0,1650448,2.0,7,,0.0,2.0,1.0,A01,138Â 290Â 418,1.0
967068,201900008599,6,2,01:00,3,1,1,3.0,1.0,97307,Route de Rochambeau,M,"4,8361020"," -52,3454740",973,2019,80.0,1.0,2.0,3.0,2161589,1.0,1,1,1,0.0,,0.0,0,1992.0,B01,138Â 290Â 417,1.0,-1.0,-1.0,1650447,1.0,10,,0.0,2.0,1.0,B01,138Â 290Â 417,1.0
967068,201900008599,6,2,01:00,3,1,1,3.0,1.0,97307,Route de Rochambeau,M,"4,8361020"," -52,3454740",973,2019,80.0,1.0,2.0,3.0,2161589,1.0,1,1,1,0.0,,0.0,0,1992.0,B01,138Â 290Â 417,1.0,-1.0,-1.0,1650448,2.0,7,,0.0,2.0,1.0,A01,138Â 290Â 418,1.0
967068,201900008599,6,2,01:00,3,1,1,3.0,1.0,97307,Route de Rochambeau,M,"4,8361020"," -52,3454740",973,2019,80.0,1.0,2.0,3.0,2161590,2.0,2,1,1,0.0,,0.0,0,1953.0,B01,138Â 290Â 417,1.0,-1.0,-1.0,1650447,1.0,10,,0.0,2.0,1.0,B01,138Â 290Â 417,1.0
967068,201900008599,6,2,01:00,3,1,1,3.0,1.0,97307,Route de Rochambeau,M,"4,8361020"," -52,3454740",973,2019,80.0,1.0,2.0,3.0,2161590,2.0,2,1,1,0.0,,0.0,0,1953.0,B01,138Â 290Â 417,1.0,-1.0,-1.0,1650448,2.0,7,,0.0,2.0,1.0,A01,138Â 290Â 418,1.0
967068,201900008599,6,2,01:00,3,1,1,3.0,1.0,97307,Route de Rochambeau,M,"4,8361020"," -52,3454740",973,2019,80.0,1.0,2.0,3.0,2161591,1.0,1,1,1,0.0,,0.0,0,1984.0,A01,138Â 290Â 418,1.0,-1.0,-1.0,1650447,1.0,10,,0.0,2.0,1.0,B01,138Â 290Â 417,1.0
967068,201900008599,6,2,01:00,3,1,1,3.0,1.0,97307,Route de Rochambeau,M,"4,8361020"," -52,3454740",973,2019,80.0,1.0,2.0,3.0,2161591,1.0,1,1,1,0.0,,0.0,0,1984.0,A01,138Â 290Â 418,1.0,-1.0,-1.0,1650448,2.0,7,,0.0,2.0,1.0,A01,138Â 290Â 418,1.0
967069,201900008600,5,5,00:15,3,1,1,1.0,7.0,24461,Pourcaud,M,"44,9359270","0,1827130",24,2019,80.0,3.0,1.0,3.0,2161592,1.0,1,2,1,1.0,,0.0,0,1996.0,A01,138Â 290Â 416,1.0,-1.0,-1.0,1650449,2.0,7,,2.0,0.0,3.0,A01,138Â 290Â 416,0.0
967070,201900008601,6,4,05:45,2,1,1,1.0,7.0,45332,AUTOROUTE 77 - PK 039+600,M,"47,8941160","2,6821350",45,2019,130.0,3.0,1.0,1.0,2161593,1.0,1,3,1,1.0,,0.0,0,1968.0,A01,138Â 290Â 415,8.0,-1.0,-1.0,1650450,1.0,7,,13.0,0.0,9.0,A01,138Â 290Â 415,1.0
967071,201900008602,6,7,06:50,1,1,1,1.0,6.0,80724,AUTOROUTE A29 PK 183,M,"49,8500590","2,2329980",80,2019,130.0,1.0,1.0,1.0,2161594,1.0,1,3,2,5.0,,0.0,0,1980.0,A01,138Â 290Â 413,1.0,-1.0,-1.0,1650451,1.0,7,,0.0,0.0,8.0,A01,138Â 290Â 413,1.0
967072,201900008603,5,28,10:00,1,2,1,7.0,7.0,67506,CD263,M,"48,6580950","7,7216060",67,2019,50.0,3.0,1.0,7.0,2161595,1.0,1,3,1,4.0,,0.0,0,1982.0,A01,138Â 290Â 412,2.0,7.0,-1.0,1650452,2.0,33,,2.0,0.0,1.0,A01,138Â 290Â 412,1.0
967073,201900008604,6,3,07:50,1,1,1,1.0,2.0,40152,A63 PK 108+200,M,"43,9408570"," -1,0863190",40,2019,130.0,1.0,1.0,1.0,2161596,1.0,1,1,1,4.0,,0.0,0,1975.0,B01,138Â 290Â 410,1.0,-1.0,-1.0,1650453,1.0,15,,0.0,2.0,5.0,B01,138Â 290Â 410,1.0
967073,201900008604,6,3,07:50,1,1,1,1.0,2.0,40152,A63 PK 108+200,M,"43,9408570"," -1,0863190",40,2019,130.0,1.0,1.0,1.0,2161596,1.0,1,1,1,4.0,,0.0,0,1975.0,B01,138Â 290Â 410,1.0,-1.0,-1.0,1650454,1.0,7,,0.0,2.0,1.0,A01,138Â 290Â 411,1.0
967073,201900008604,6,3,07:50,1,1,1,1.0,2.0,40152,A63 PK 108+200,M,"43,9408570"," -1,0863190",40,2019,130.0,1.0,1.0,1.0,2161597,2.0,2,3,1,5.0,,0.0,0,1953.0,A01,138Â 290Â 411,1.0,-1.0,-1.0,1650453,1.0,15,,0.0,2.0,5.0,B01,138Â 290Â 410,1.0
967073,201900008604,6,3,07:50,1,1,1,1.0,2.0,40152,A63 PK 108+200,M,"43,9408570"," -1,0863190",40,2019,130.0,1.0,1.0,1.0,2161597,2.0,2,3,1,5.0,,0.0,0,1953.0,A01,138Â 290Â 411,1.0,-1.0,-1.0,1650454,1.0,7,,0.0,2.0,1.0,A01,138Â 290Â 411,1.0
967073,201900008604,6,3,07:50,1,1,1,1.0,2.0,40152,A63 PK 108+200,M,"43,9408570"," -1,0863190",40,2019,130.0,1.0,1.0,1.0,2161598,1.0,1,1,2,5.0,,0.0,0,1953.0,A01,138Â 290Â 411,1.0,-1.0,-1.0,1650453,1.0,15,,0.0,2.0,5.0,B01,138Â 290Â 410,1.0
967073,201900008604,6,3,07:50,1,1,1,1.0,2.0,40152,A63 PK 108+200,M,"43,9408570"," -1,0863190",40,2019,130.0,1.0,1.0,1.0,2161598,1.0,1,1,2,5.0,,0.0,0,1953.0,A01,138Â 290Â 411,1.0,-1.0,-1.0,1650454,1.0,7,,0.0,2.0,1.0,A01,138Â 290Â 411,1.0
967074,201900008605,6,7,13:37,1,1,1,1.0,6.0,03021,,M,"46,1163761","3,1265185",3,2019,130.0,1.0,2.0,1.0,2161599,1.0,1,4,2,0.0,,0.0,0,1950.0,A01,138Â 290Â 409,8.0,-1.0,-1.0,1650455,1.0,7,,3.0,0.0,0.0,A01,138Â 290Â 409,1.0
967075,201900008606,6,15,11:30,1,1,1,1.0,6.0,13051,D19,M,"43,5922450","5,1270450",13,2019,80.0,1.0,1.0,3.0,2161600,1.0,1,4,1,0.0,,0.0,0,1945.0,B01,138Â 290Â 407,1.0,-1.0,-1.0,1650456,2.0,7,,0.0,2.0,1.0,B01,138Â 290Â 407,1.0
967075,201900008606,6,15,11:30,1,1,1,1.0,6.0,13051,D19,M,"43,5922450","5,1270450",13,2019,80.0,1.0,1.0,3.0,2161600,1.0,1,4,1,0.0,,0.0,0,1945.0,B01,138Â 290Â 407,1.0,-1.0,-1.0,1650457,1.0,7,,0.0,2.0,3.0,A01,138Â 290Â 408,1.0
967075,201900008606,6,15,11:30,1,1,1,1.0,6.0,13051,D19,M,"43,5922450","5,1270450",13,2019,80.0,1.0,1.0,3.0,2161601,1.0,1,3,2,0.0,,0.0,0,1999.0,A01,138Â 290Â 408,1.0,-1.0,-1.0,1650456,2.0,7,,0.0,2.0,1.0,B01,138Â 290Â 407,1.0
967075,201900008606,6,15,11:30,1,1,1,1.0,6.0,13051,D19,M,"43,5922450","5,1270450",13,2019,80.0,1.0,1.0,3.0,2161601,1.0,1,3,2,0.0,,0.0,0,1999.0,A01,138Â 290Â 408,1.0,-1.0,-1.0,1650457,1.0,7,,0.0,2.0,3.0,A01,138Â 290Â 408,1.0
967076,201900008607,6,6,17:39,1,1,1,1.0,6.0,13069,D15,M,"43,6254440","5,1490980",13,2019,80.0,3.0,1.0,3.0,2161602,1.0,1,3,1,1.0,,0.0,0,1977.0,A01,138Â 290Â 404,2.0,-1.0,-1.0,1650458,3.0,33,,2.0,0.0,3.0,A01,138Â 290Â 404,1.0
967077,201900008608,6,5,09:30,1,1,1,1.0,7.0,01067,A40,M,"46,1166955","5,4910665",1,2019,110.0,3.0,1.0,1.0,2161603,1.0,1,4,1,5.0,,0.0,0,1958.0,A01,138Â 290Â 403,8.0,-1.0,-1.0,1650459,1.0,7,,2.0,0.0,1.0,A01,138Â 290Â 403,1.0
967078,201900008609,6,14,20:15,1,1,1,1.0,7.0,34337,D185,M,"43,5394910","3,8886550",34,2019,80.0,5.0,1.0,9.0,2161604,2.0,2,1,2,0.0,,0.0,0,2000.0,A01,138Â 290Â 402,2.0,-1.0,-1.0,1650460,2.0,2,,0.0,0.0,0.0,A01,138Â 290Â 402,0.0
967078,201900008609,6,14,20:15,1,1,1,1.0,7.0,34337,D185,M,"43,5394910","3,8886550",34,2019,80.0,5.0,1.0,9.0,2161605,1.0,1,3,1,0.0,,0.0,0,1999.0,A01,138Â 290Â 402,2.0,-1.0,-1.0,1650460,2.0,2,,0.0,0.0,0.0,A01,138Â 290Â 402,0.0
967079,201900008610,6,13,13:45,1,1,1,1.0,2.0,88095,A31 PK187+600 vers NANCY,M,"48,3132910","5,8546760",88,2019,130.0,1.0,1.0,1.0,2161606,1.0,1,1,1,4.0,,0.0,0,1970.0,B01,138Â 290Â 400,1.0,-1.0,-1.0,1650461,1.0,15,,0.0,0.0,4.0,B01,138Â 290Â 400,1.0
967079,201900008610,6,13,13:45,1,1,1,1.0,2.0,88095,A31 PK187+600 vers NANCY,M,"48,3132910","5,8546760",88,2019,130.0,1.0,1.0,1.0,2161606,1.0,1,1,1,4.0,,0.0,0,1970.0,B01,138Â 290Â 400,1.0,-1.0,-1.0,1650462,1.0,7,,0.0,2.0,1.0,A01,138Â 290Â 401,1.0
967079,201900008610,6,13,13:45,1,1,1,1.0,2.0,88095,A31 PK187+600 vers NANCY,M,"48,3132910","5,8546760",88,2019,130.0,1.0,1.0,1.0,2161607,1.0,1,4,1,9.0,,0.0,0,1952.0,A01,138Â 290Â 401,1.0,-1.0,-1.0,1650461,1.0,15,,0.0,0.0,4.0,B01,138Â 290Â 400,1.0
967079,201900008610,6,13,13:45,1,1,1,1.0,2.0,88095,A31 PK187+600 vers NANCY,M,"48,3132910","5,8546760",88,2019,130.0,1.0,1.0,1.0,2161607,1.0,1,4,1,9.0,,0.0,0,1952.0,A01,138Â 290Â 401,1.0,-1.0,-1.0,1650462,1.0,7,,0.0,2.0,1.0,A01,138Â 290Â 401,1.0
967079,201900008610,6,13,13:45,1,1,1,1.0,2.0,88095,A31 PK187+600 vers NANCY,M,"48,3132910","5,8546760",88,2019,130.0,1.0,1.0,1.0,2161608,2.0,2,3,2,9.0,,0.0,0,1942.0,A01,138Â 290Â 401,1.0,-1.0,-1.0,1650461,1.0,15,,0.0,0.0,4.0,B01,138Â 290Â 400,1.0
967079,201900008610,6,13,13:45,1,1,1,1.0,2.0,88095,A31 PK187+600 vers NANCY,M,"48,3132910","5,8546760",88,2019,130.0,1.0,1.0,1.0,2161608,2.0,2,3,2,9.0,,0.0,0,1942.0,A01,138Â 290Â 401,1.0,-1.0,-1.0,1650462,1.0,7,,0.0,2.0,1.0,A01,138Â 290Â 401,1.0
967080,201900008611,6,10,07:00,2,1,1,1.0,7.0,88390,A.31 PK 162+300 vers Nancy,M,"48,1489580","5,6900520",88,2019,130.0,1.0,1.0,1.0,2161609,1.0,1,3,2,5.0,,0.0,0,1951.0,A01,138Â 290Â 399,1.0,-1.0,-1.0,1650463,1.0,7,,7.0,0.0,9.0,A01,138Â 290Â 399,1.0
967080,201900008611,6,10,07:00,2,1,1,1.0,7.0,88390,A.31 PK 162+300 vers Nancy,M,"48,1489580","5,6900520",88,2019,130.0,1.0,1.0,1.0,2161610,2.0,2,3,1,5.0,,0.0,0,1950.0,A01,138Â 290Â 399,1.0,-1.0,-1.0,1650463,1.0,7,,7.0,0.0,9.0,A01,138Â 290Â 399,1.0
967081,201900008612,5,31,11:50,1,2,9,1.0,6.0,35210,Avenue Pinault,M,"48,1478700"," -1,7824270",35,2019,50.0,4.0,1.0,4.0,2161611,1.0,1,1,2,4.0,,0.0,0,1990.0,A01,138Â 290Â 398,2.0,-1.0,-1.0,1650464,3.0,2,,15.0,1.0,8.0,A01,138Â 290Â 398,3.0
967081,201900008612,5,31,11:50,1,2,9,1.0,6.0,35210,Avenue Pinault,M,"48,1478700"," -1,7824270",35,2019,50.0,4.0,1.0,4.0,2161612,10.0,3,4,2,3.0,,5.0,2,1953.0,A01,138Â 290Â 398,0.0,-1.0,-1.0,1650464,3.0,2,,15.0,1.0,8.0,A01,138Â 290Â 398,3.0
967082,201900008613,6,9,17:20,1,1,1,1.0,6.0,09020,RD 16,M,"42,7217560","2,0778800",9,2019,80.0,3.0,1.0,3.0,2161613,1.0,1,3,1,5.0,,0.0,0,1961.0,A01,138Â 290Â 397,2.0,6.0,9.0,1650465,1.0,33,,13.0,0.0,7.0,A01,138Â 290Â 397,1.0
967083,201900008614,6,1,19:00,1,1,1,1.0,7.0,09020,Pk 22+620,M,"42,7221820","2,0780320",9,2019,80.0,1.0,9.0,3.0,2161614,1.0,1,4,1,5.0,,0.0,0,1970.0,A01,138Â 290Â 396,2.0,6.0,9.0,1650466,1.0,33,,0.0,0.0,2.0,A01,138Â 290Â 396,1.0
967084,201900008615,6,9,11:55,1,1,1,1.0,2.0,95430,RN 1,M,"49,0702190","2,3255670",95,2019,70.0,1.0,1.0,2.0,2161615,1.0,1,1,1,5.0,,0.0,0,1975.0,A01,138Â 290Â 394,1.0,-1.0,-1.0,1650467,2.0,7,,0.0,0.0,4.0,A01,138Â 290Â 394,0.0
967084,201900008615,6,9,11:55,1,1,1,1.0,2.0,95430,RN 1,M,"49,0702190","2,3255670",95,2019,70.0,1.0,1.0,2.0,2161615,1.0,1,1,1,5.0,,0.0,0,1975.0,A01,138Â 290Â 394,1.0,-1.0,-1.0,1650468,2.0,33,,0.0,2.0,1.0,B01,138Â 290Â 395,1.0
967084,201900008615,6,9,11:55,1,1,1,1.0,2.0,95430,RN 1,M,"49,0702190","2,3255670",95,2019,70.0,1.0,1.0,2.0,2161616,1.0,1,3,1,5.0,,0.0,0,1972.0,B01,138Â 290Â 395,2.0,6.0,-1.0,1650467,2.0,7,,0.0,0.0,4.0,A01,138Â 290Â 394,0.0
967084,201900008615,6,9,11:55,1,1,1,1.0,2.0,95430,RN 1,M,"49,0702190","2,3255670",95,2019,70.0,1.0,1.0,2.0,2161616,1.0,1,3,1,5.0,,0.0,0,1972.0,B01,138Â 290Â 395,2.0,6.0,-1.0,1650468,2.0,33,,0.0,2.0,1.0,B01,138Â 290Â 395,1.0
967085,201900008616,6,2,10:05,1,1,1,1.0,6.0,95678,RN 184,M,"49,0731150","2,2353370",95,2019,110.0,1.0,1.0,2.0,2161617,10.0,3,3,1,5.0,,3.0,3,2015.0,A01,138Â 290Â 393,0.0,-1.0,-1.0,1650469,1.0,7,,0.0,1.0,7.0,A01,138Â 290Â 393,1.0
967085,201900008616,6,2,10:05,1,1,1,1.0,6.0,95678,RN 184,M,"49,0731150","2,2353370",95,2019,110.0,1.0,1.0,2.0,2161618,10.0,3,3,2,5.0,,3.0,3,1997.0,A01,138Â 290Â 393,0.0,-1.0,-1.0,1650469,1.0,7,,0.0,1.0,7.0,A01,138Â 290Â 393,1.0
967085,201900008616,6,2,10:05,1,1,1,1.0,6.0,95678,RN 184,M,"49,0731150","2,2353370",95,2019,110.0,1.0,1.0,2.0,2161619,1.0,1,1,2,5.0,,0.0,0,1987.0,A01,138Â 290Â 393,1.0,-1.0,-1.0,1650469,1.0,7,,0.0,1.0,7.0,A01,138Â 290Â 393,1.0
967085,201900008616,6,2,10:05,1,1,1,1.0,6.0,95678,RN 184,M,"49,0731150","2,2353370",95,2019,110.0,1.0,1.0,2.0,2161620,9.0,2,1,1,5.0,,0.0,0,2018.0,A01,138Â 290Â 393,3.0,-1.0,-1.0,1650469,1.0,7,,0.0,1.0,7.0,A01,138Â 290Â 393,1.0
967085,201900008616,6,2,10:05,1,1,1,1.0,6.0,95678,RN 184,M,"49,0731150","2,2353370",95,2019,110.0,1.0,1.0,2.0,2161621,7.0,2,1,2,5.0,,0.0,0,2015.0,A01,138Â 290Â 393,3.0,-1.0,-1.0,1650469,1.0,7,,0.0,1.0,7.0,A01,138Â 290Â 393,1.0
967085,201900008616,6,2,10:05,1,1,1,1.0,6.0,95678,RN 184,M,"49,0731150","2,2353370",95,2019,110.0,1.0,1.0,2.0,2161622,2.0,2,1,1,5.0,,0.0,0,1975.0,A01,138Â 290Â 393,1.0,-1.0,-1.0,1650469,1.0,7,,0.0,1.0,7.0,A01,138Â 290Â 393,1.0
967086,201900008617,6,16,20:25,1,1,1,1.0,2.0,01038,Autoroute A 39,M,"46,3079326","5,2583854",1,2019,130.0,1.0,1.0,1.0,2161623,2.0,2,3,2,5.0,,0.0,0,1979.0,A01,138Â 290Â 389,1.0,-1.0,-1.0,1650470,2.0,7,,3.0,2.0,1.0,A01,138Â 290Â 389,1.0
967086,201900008617,6,16,20:25,1,1,1,1.0,2.0,01038,Autoroute A 39,M,"46,3079326","5,2583854",1,2019,130.0,1.0,1.0,1.0,2161623,2.0,2,3,2,5.0,,0.0,0,1979.0,A01,138Â 290Â 389,1.0,-1.0,-1.0,1650471,2.0,10,,0.0,0.0,4.0,B01,138Â 290Â 390,1.0
967086,201900008617,6,16,20:25,1,1,1,1.0,2.0,01038,Autoroute A 39,M,"46,3079326","5,2583854",1,2019,130.0,1.0,1.0,1.0,2161624,1.0,1,1,1,5.0,,0.0,0,1970.0,A01,138Â 290Â 389,1.0,-1.0,-1.0,1650470,2.0,7,,3.0,2.0,1.0,A01,138Â 290Â 389,1.0
967086,201900008617,6,16,20:25,1,1,1,1.0,2.0,01038,Autoroute A 39,M,"46,3079326","5,2583854",1,2019,130.0,1.0,1.0,1.0,2161624,1.0,1,1,1,5.0,,0.0,0,1970.0,A01,138Â 290Â 389,1.0,-1.0,-1.0,1650471,2.0,10,,0.0,0.0,4.0,B01,138Â 290Â 390,1.0
967086,201900008617,6,16,20:25,1,1,1,1.0,2.0,01038,Autoroute A 39,M,"46,3079326","5,2583854",1,2019,130.0,1.0,1.0,1.0,2161625,7.0,2,3,2,5.0,,0.0,0,2011.0,A01,138Â 290Â 389,3.0,-1.0,-1.0,1650470,2.0,7,,3.0,2.0,1.0,A01,138Â 290Â 389,1.0
967086,201900008617,6,16,20:25,1,1,1,1.0,2.0,01038,Autoroute A 39,M,"46,3079326","5,2583854",1,2019,130.0,1.0,1.0,1.0,2161625,7.0,2,3,2,5.0,,0.0,0,2011.0,A01,138Â 290Â 389,3.0,-1.0,-1.0,1650471,2.0,10,,0.0,0.0,4.0,B01,138Â 290Â 390,1.0
967086,201900008617,6,16,20:25,1,1,1,1.0,2.0,01038,Autoroute A 39,M,"46,3079326","5,2583854",1,2019,130.0,1.0,1.0,1.0,2161626,9.0,2,3,2,5.0,,0.0,0,2004.0,A01,138Â 290Â 389,1.0,-1.0,-1.0,1650470,2.0,7,,3.0,2.0,1.0,A01,138Â 290Â 389,1.0
967086,201900008617,6,16,20:25,1,1,1,1.0,2.0,01038,Autoroute A 39,M,"46,3079326","5,2583854",1,2019,130.0,1.0,1.0,1.0,2161626,9.0,2,3,2,5.0,,0.0,0,2004.0,A01,138Â 290Â 389,1.0,-1.0,-1.0,1650471,2.0,10,,0.0,0.0,4.0,B01,138Â 290Â 390,1.0
967086,201900008617,6,16,20:25,1,1,1,1.0,2.0,01038,Autoroute A 39,M,"46,3079326","5,2583854",1,2019,130.0,1.0,1.0,1.0,2161627,8.0,2,3,1,5.0,,0.0,0,2011.0,A01,138Â 290Â 389,3.0,-1.0,-1.0,1650470,2.0,7,,3.0,2.0,1.0,A01,138Â 290Â 389,1.0
967086,201900008617,6,16,20:25,1,1,1,1.0,2.0,01038,Autoroute A 39,M,"46,3079326","5,2583854",1,2019,130.0,1.0,1.0,1.0,2161627,8.0,2,3,1,5.0,,0.0,0,2011.0,A01,138Â 290Â 389,3.0,-1.0,-1.0,1650471,2.0,10,,0.0,0.0,4.0,B01,138Â 290Â 390,1.0
967086,201900008617,6,16,20:25,1,1,1,1.0,2.0,01038,Autoroute A 39,M,"46,3079326","5,2583854",1,2019,130.0,1.0,1.0,1.0,2161628,1.0,1,1,1,4.0,,0.0,0,1980.0,B01,138Â 290Â 390,1.0,-1.0,-1.0,1650470,2.0,7,,3.0,2.0,1.0,A01,138Â 290Â 389,1.0
967086,201900008617,6,16,20:25,1,1,1,1.0,2.0,01038,Autoroute A 39,M,"46,3079326","5,2583854",1,2019,130.0,1.0,1.0,1.0,2161628,1.0,1,1,1,4.0,,0.0,0,1980.0,B01,138Â 290Â 390,1.0,-1.0,-1.0,1650471,2.0,10,,0.0,0.0,4.0,B01,138Â 290Â 390,1.0
967086,201900008617,6,16,20:25,1,1,1,1.0,2.0,01038,Autoroute A 39,M,"46,3079326","5,2583854",1,2019,130.0,1.0,1.0,1.0,2161629,2.0,2,1,2,5.0,,0.0,0,2004.0,B01,138Â 290Â 390,1.0,-1.0,-1.0,1650470,2.0,7,,3.0,2.0,1.0,A01,138Â 290Â 389,1.0
967086,201900008617,6,16,20:25,1,1,1,1.0,2.0,01038,Autoroute A 39,M,"46,3079326","5,2583854",1,2019,130.0,1.0,1.0,1.0,2161629,2.0,2,1,2,5.0,,0.0,0,2004.0,B01,138Â 290Â 390,1.0,-1.0,-1.0,1650471,2.0,10,,0.0,0.0,4.0,B01,138Â 290Â 390,1.0
967086,201900008617,6,16,20:25,1,1,1,1.0,2.0,01038,Autoroute A 39,M,"46,3079326","5,2583854",1,2019,130.0,1.0,1.0,1.0,2161630,8.0,2,1,2,5.0,,0.0,0,2006.0,B01,138Â 290Â 390,1.0,-1.0,-1.0,1650470,2.0,7,,3.0,2.0,1.0,A01,138Â 290Â 389,1.0
967086,201900008617,6,16,20:25,1,1,1,1.0,2.0,01038,Autoroute A 39,M,"46,3079326","5,2583854",1,2019,130.0,1.0,1.0,1.0,2161630,8.0,2,1,2,5.0,,0.0,0,2006.0,B01,138Â 290Â 390,1.0,-1.0,-1.0,1650471,2.0,10,,0.0,0.0,4.0,B01,138Â 290Â 390,1.0
967087,201900008618,6,1,11:19,1,1,1,1.0,6.0,01069,A.40-PK 152+100,M,"46,1105861","5,2919763",1,2019,130.0,1.0,1.0,1.0,2161631,9.0,2,1,2,5.0,,0.0,0,2013.0,A01,138Â 290Â 388,3.0,-1.0,-1.0,1650472,1.0,7,,3.0,0.0,1.0,A01,138Â 290Â 388,1.0
967087,201900008618,6,1,11:19,1,1,1,1.0,6.0,01069,A.40-PK 152+100,M,"46,1105861","5,2919763",1,2019,130.0,1.0,1.0,1.0,2161632,1.0,1,4,2,5.0,,0.0,0,1993.0,A01,138Â 290Â 388,1.0,-1.0,-1.0,1650472,1.0,7,,3.0,0.0,1.0,A01,138Â 290Â 388,1.0
967088,201900008619,6,11,11:20,1,2,1,1.0,6.0,69044,place sainte luce,M,"45,7806985","4,7400266",69,2019,50.0,3.0,1.0,4.0,2161633,2.0,2,3,2,9.0,,0.0,0,1935.0,A01,138Â 290Â 387,1.0,-1.0,-1.0,1650473,1.0,7,,9.0,0.0,1.0,A01,138Â 290Â 387,1.0
967088,201900008619,6,11,11:20,1,2,1,1.0,6.0,69044,place sainte luce,M,"45,7806985","4,7400266",69,2019,50.0,3.0,1.0,4.0,2161634,1.0,1,1,1,9.0,,0.0,0,1929.0,A01,138Â 290Â 387,1.0,-1.0,-1.0,1650473,1.0,7,,9.0,0.0,1.0,A01,138Â 290Â 387,1.0
967089,201900008620,6,18,17:40,1,2,9,1.0,3.0,06152,Route de Biot,M,"43,6424830","7,0352010",6,2019,50.0,1.0,1.0,3.0,2161635,1.0,1,3,1,1.0,,0.0,0,1961.0,B01,138Â 290Â 385,2.0,6.0,9.0,1650474,3.0,33,,0.0,2.0,7.0,B01,138Â 290Â 385,1.0