Unnamed: 0_x,num_acc,mois,jour,hrmn,lum,agg,int,atm,col,com,adr,gps,lat,long,dep,annee,vma,situ,surf,catr,Unnamed: 0_y,place,catu,grav,sexe,trajet,secu,locp,actp,an_nais,num_veh_x,id_vehicule_x,secu1,secu2,secu3,Unnamed: 0,senc,catv,occutc,obs,obsm,choc,num_veh_y,id_vehicule_y,motor
967089,201900008620,6,18,17:40,1,2,9,1.0,3.0,06152,Route de Biot,M,"43,6424830","7,0352010",6,2019,50.0,1.0,1.0,3.0,2161635,1.0,1,3,1,1.0,,0.0,0,1961.0,B01,138Â 290Â 385,2.0,6.0,9.0,1650475,3.0,7,,0.0,2.0,3.0,A01,138Â 290Â 386,1.0
967089,201900008620,6,18,17:40,1,2,9,1.0,3.0,06152,Route de Biot,M,"43,6424830","7,0352010",6,2019,50.0,1.0,1.0,3.0,2161636,1.0,1,1,1,1.0,,0.0,0,1958.0,A01,138Â 290Â 386,1.0,-1.0,-1.0,1650474,3.0,33,,0.0,2.0,7.0,B01,138Â 290Â 385,1.0
967089,201900008620,6,18,17:40,1,2,9,1.0,3.0,06152,Route de Biot,M,"43,6424830","7,0352010",6,2019,50.0,1.0,1.0,3.0,2161636,1.0,1,1,1,1.0,,0.0,0,1958.0,A01,138Â 290Â 386,1.0,-1.0,-1.0,1650475,3.0,7,,0.0,2.0,3.0,A01,138Â 290Â 386,1.0
967090,201900008621,6,11,11:00,1,2,1,1.0,3.0,06018,chemin de la romaine,M,"43,6283340","7,0945280",6,2019,-1.0,1.0,1.0,3.0,2161637,1.0,1,1,1,4.0,,0.0,0,1985.0,A01,138Â 290Â 383,8.0,-1.0,-1.0,1650476,3.0,10,,0.0,2.0,3.0,A01,138Â 290Â 383,1.0
967090,201900008621,6,11,11:00,1,2,1,1.0,3.0,06018,chemin de la romaine,M,"43,6283340","7,0945280",6,2019,-1.0,1.0,1.0,3.0,2161637,1.0,1,1,1,4.0,,0.0,0,1985.0,A01,138Â 290Â 383,8.0,-1.0,-1.0,1650477,3.0,33,,0.0,0.0,1.0,B01,138Â 290Â 384,1.0
967090,201900008621,6,11,11:00,1,2,1,1.0,3.0,06018,chemin de la romaine,M,"43,6283340","7,0945280",6,2019,-1.0,1.0,1.0,3.0,2161638,1.0,1,3,1,0.0,,0.0,0,1980.0,B01,138Â 290Â 384,2.0,6.0,-1.0,1650476,3.0,10,,0.0,2.0,3.0,A01,138Â 290Â 383,1.0
967090,201900008621,6,11,11:00,1,2,1,1.0,3.0,06018,chemin de la romaine,M,"43,6283340","7,0945280",6,2019,-1.0,1.0,1.0,3.0,2161638,1.0,1,3,1,0.0,,0.0,0,1980.0,B01,138Â 290Â 384,2.0,6.0,-1.0,1650477,3.0,33,,0.0,0.0,1.0,B01,138Â 290Â 384,1.0
967091,201900008622,6,14,09:00,1,1,1,2.0,2.0,69299,Autoroute A432,M,"45,7107650","5,0992140",69,2019,130.0,1.0,2.0,1.0,2161639,1.0,1,4,1,1.0,,0.0,0,1995.0,A01,138Â 290Â 381,1.0,-1.0,-1.0,1650478,2.0,10,,3.0,2.0,1.0,A01,138Â 290Â 381,1.0
967091,201900008622,6,14,09:00,1,1,1,2.0,2.0,69299,Autoroute A432,M,"45,7107650","5,0992140",69,2019,130.0,1.0,2.0,1.0,2161639,1.0,1,4,1,1.0,,0.0,0,1995.0,A01,138Â 290Â 381,1.0,-1.0,-1.0,1650479,2.0,15,,0.0,2.0,6.0,B01,138Â 290Â 382,1.0
967091,201900008622,6,14,09:00,1,1,1,2.0,2.0,69299,Autoroute A432,M,"45,7107650","5,0992140",69,2019,130.0,1.0,2.0,1.0,2161640,1.0,1,1,1,1.0,,0.0,0,1970.0,B01,138Â 290Â 382,1.0,-1.0,-1.0,1650478,2.0,10,,3.0,2.0,1.0,A01,138Â 290Â 381,1.0
967091,201900008622,6,14,09:00,1,1,1,2.0,2.0,69299,Autoroute A432,M,"45,7107650","5,0992140",69,2019,130.0,1.0,2.0,1.0,2161640,1.0,1,1,1,1.0,,0.0,0,1970.0,B01,138Â 290Â 382,1.0,-1.0,-1.0,1650479,2.0,15,,0.0,2.0,6.0,B01,138Â 290Â 382,1.0
967092,201900008623,6,6,16:30,1,1,9,1.0,2.0,01290,A42,M,"45,8607580","5,1811180",1,2019,50.0,1.0,1.0,1.0,2161641,1.0,1,4,1,1.0,,0.0,0,1967.0,A01,138Â 290Â 379,2.0,6.0,9.0,1650480,1.0,33,,0.0,2.0,1.0,A01,138Â 290Â 379,1.0
967092,201900008623,6,6,16:30,1,1,9,1.0,2.0,01290,A42,M,"45,8607580","5,1811180",1,2019,50.0,1.0,1.0,1.0,2161641,1.0,1,4,1,1.0,,0.0,0,1967.0,A01,138Â 290Â 379,2.0,6.0,9.0,1650481,1.0,7,,0.0,2.0,5.0,B01,138Â 290Â 380,1.0
967092,201900008623,6,6,16:30,1,1,9,1.0,2.0,01290,A42,M,"45,8607580","5,1811180",1,2019,50.0,1.0,1.0,1.0,2161642,1.0,1,1,1,9.0,,0.0,0,1995.0,B01,138Â 290Â 380,1.0,-1.0,-1.0,1650480,1.0,33,,0.0,2.0,1.0,A01,138Â 290Â 379,1.0
967092,201900008623,6,6,16:30,1,1,9,1.0,2.0,01290,A42,M,"45,8607580","5,1811180",1,2019,50.0,1.0,1.0,1.0,2161642,1.0,1,1,1,9.0,,0.0,0,1995.0,B01,138Â 290Â 380,1.0,-1.0,-1.0,1650481,1.0,7,,0.0,2.0,5.0,B01,138Â 290Â 380,1.0
967093,201900008624,6,17,12:50,1,1,1,1.0,6.0,74219,Route DÃ©partemenale 241,M,"45,8373930","6,0975250",74,2019,80.0,3.0,1.0,3.0,2161643,2.0,2,1,1,5.0,,0.0,0,2001.0,A01,138Â 290Â 378,1.0,-1.0,-1.0,1650482,2.0,7,,2.0,0.0,5.0,A01,138Â 290Â 378,1.0
967093,201900008624,6,17,12:50,1,1,1,1.0,6.0,74219,Route DÃ©partemenale 241,M,"45,8373930","6,0975250",74,2019,80.0,3.0,1.0,3.0,2161644,3.0,2,3,1,5.0,,0.0,0,2001.0,A01,138Â 290Â 378,1.0,-1.0,-1.0,1650482,2.0,7,,2.0,0.0,5.0,A01,138Â 290Â 378,1.0
967093,201900008624,6,17,12:50,1,1,1,1.0,6.0,74219,Route DÃ©partemenale 241,M,"45,8373930","6,0975250",74,2019,80.0,3.0,1.0,3.0,2161645,1.0,1,1,1,5.0,,0.0,0,2001.0,A01,138Â 290Â 378,1.0,-1.0,-1.0,1650482,2.0,7,,2.0,0.0,5.0,A01,138Â 290Â 378,1.0
967094,201900008625,5,30,10:50,1,2,1,1.0,6.0,06085,Avenue de Tournamy,M,"43,5974890","6,9864960",6,2019,50.0,1.0,1.0,4.0,2161646,10.0,3,3,1,5.0,,5.0,6,1952.0,A01,138Â 290Â 377,0.0,-1.0,-1.0,1650483,0.0,7,,0.0,1.0,2.0,A01,138Â 290Â 377,1.0
967094,201900008625,5,30,10:50,1,2,1,1.0,6.0,06085,Avenue de Tournamy,M,"43,5974890","6,9864960",6,2019,50.0,1.0,1.0,4.0,2161647,1.0,1,1,2,0.0,,0.0,0,1952.0,A01,138Â 290Â 377,1.0,-1.0,-1.0,1650483,0.0,7,,0.0,1.0,2.0,A01,138Â 290Â 377,1.0
967095,201900008626,6,11,05:38,2,1,1,2.0,2.0,68301,AUTOROUTE A35 - PK 111+600,M,"47,6852260","7,4541140",68,2019,130.0,1.0,2.0,1.0,2161648,1.0,1,4,1,1.0,,0.0,0,1966.0,A01,138Â 290Â 376,1.0,-1.0,-1.0,1650484,1.0,7,,0.0,0.0,0.0,B01,138Â 290Â 375,0.0
967095,201900008626,6,11,05:38,2,1,1,2.0,2.0,68301,AUTOROUTE A35 - PK 111+600,M,"47,6852260","7,4541140",68,2019,130.0,1.0,2.0,1.0,2161648,1.0,1,4,1,1.0,,0.0,0,1966.0,A01,138Â 290Â 376,1.0,-1.0,-1.0,1650485,1.0,7,,0.0,0.0,4.0,A01,138Â 290Â 376,1.0
967096,201900008627,6,4,04:30,2,1,1,1.0,7.0,68300,Autoroute A36 bretelle d'insetion 21,M,"47,7857560","7,4163750",68,2019,90.0,3.0,1.0,1.0,2161649,1.0,1,4,1,1.0,,0.0,0,1987.0,A01,138Â 290Â 374,1.0,-1.0,-1.0,1650486,2.0,7,,0.0,0.0,9.0,A01,138Â 290Â 374,1.0
967097,201900008628,6,14,14:15,1,1,1,8.0,6.0,69086,autoroute A89,M,"45,8433205","4,6743661",69,2019,110.0,2.0,2.0,1.0,2161650,1.0,1,4,1,0.0,,0.0,0,1991.0,A01,138Â 290Â 372,1.0,-1.0,-1.0,1650487,1.0,7,,3.0,0.0,3.0,A01,138Â 290Â 372,1.0
967098,201900008629,6,10,19:30,1,1,1,2.0,6.0,69086,A89,M,"45,8359780","4,6516800",69,2019,50.0,3.0,2.0,1.0,2161651,1.0,1,4,1,2.0,,0.0,0,1998.0,A01,138Â 290Â 371,1.0,-1.0,-1.0,1650488,1.0,7,,7.0,0.0,9.0,A01,138Â 290Â 371,1.0
967099,201900008630,6,20,14:20,1,1,1,1.0,7.0,31220,a 66,M,"43,2933880","1,6785220",31,2019,130.0,3.0,1.0,1.0,2161652,1.0,1,4,1,4.0,,0.0,0,2000.0,A01,138Â 290Â 370,1.0,-1.0,-1.0,1650489,1.0,7,,0.0,0.0,2.0,A01,138Â 290Â 370,0.0
967099,201900008630,6,20,14:20,1,1,1,1.0,7.0,31220,a 66,M,"43,2933880","1,6785220",31,2019,130.0,3.0,1.0,1.0,2161653,6.0,2,4,1,4.0,,0.0,0,2002.0,A01,138Â 290Â 370,1.0,-1.0,-1.0,1650489,1.0,7,,0.0,0.0,2.0,A01,138Â 290Â 370,0.0
967099,201900008630,6,20,14:20,1,1,1,1.0,7.0,31220,a 66,M,"43,2933880","1,6785220",31,2019,130.0,3.0,1.0,1.0,2161654,2.0,2,4,1,4.0,,0.0,0,1993.0,A01,138Â 290Â 370,1.0,-1.0,-1.0,1650489,1.0,7,,0.0,0.0,2.0,A01,138Â 290Â 370,0.0
967100,201900008631,6,17,16:56,1,2,6,1.0,3.0,31451,d622,M,"43,4579150","2,0032970",31,2019,50.0,1.0,1.0,3.0,2161655,1.0,1,3,1,3.0,,0.0,0,1958.0,B01,138Â 290Â 368,0.0,-1.0,-1.0,1650490,1.0,1,,0.0,2.0,8.0,B01,138Â 290Â 368,5.0
967100,201900008631,6,17,16:56,1,2,6,1.0,3.0,31451,d622,M,"43,4579150","2,0032970",31,2019,50.0,1.0,1.0,3.0,2161655,1.0,1,3,1,3.0,,0.0,0,1958.0,B01,138Â 290Â 368,0.0,-1.0,-1.0,1650491,1.0,13,,0.0,2.0,5.0,A01,138Â 290Â 369,1.0
967100,201900008631,6,17,16:56,1,2,6,1.0,3.0,31451,d622,M,"43,4579150","2,0032970",31,2019,50.0,1.0,1.0,3.0,2161656,1.0,1,1,1,4.0,,0.0,0,1971.0,A01,138Â 290Â 369,1.0,-1.0,-1.0,1650490,1.0,1,,0.0,2.0,8.0,B01,138Â 290Â 368,5.0
967100,201900008631,6,17,16:56,1,2,6,1.0,3.0,31451,d622,M,"43,4579150","2,0032970",31,2019,50.0,1.0,1.0,3.0,2161656,1.0,1,1,1,4.0,,0.0,0,1971.0,A01,138Â 290Â 369,1.0,-1.0,-1.0,1650491,1.0,13,,0.0,2.0,5.0,A01,138Â 290Â 369,1.0
967101,201900008632,6,3,09:41,1,2,3,1.0,3.0,55122,RD 958,M,"48,7637220","5,5976340",55,2019,50.0,1.0,1.0,3.0,2161657,1.0,1,1,1,4.0,,0.0,0,1987.0,B01,138Â 290Â 365,0.0,-1.0,-1.0,1650492,1.0,21,,0.0,2.0,3.0,B01,138Â 290Â 365,1.0
967101,201900008632,6,3,09:41,1,2,3,1.0,3.0,55122,RD 958,M,"48,7637220","5,5976340",55,2019,50.0,1.0,1.0,3.0,2161657,1.0,1,1,1,4.0,,0.0,0,1987.0,B01,138Â 290Â 365,0.0,-1.0,-1.0,1650493,1.0,7,,0.0,2.0,2.0,A01,138Â 290Â 366,1.0
967101,201900008632,6,3,09:41,1,2,3,1.0,3.0,55122,RD 958,M,"48,7637220","5,5976340",55,2019,50.0,1.0,1.0,3.0,2161658,2.0,2,1,2,4.0,,0.0,0,1984.0,A01,138Â 290Â 366,1.0,-1.0,-1.0,1650492,1.0,21,,0.0,2.0,3.0,B01,138Â 290Â 365,1.0
967101,201900008632,6,3,09:41,1,2,3,1.0,3.0,55122,RD 958,M,"48,7637220","5,5976340",55,2019,50.0,1.0,1.0,3.0,2161658,2.0,2,1,2,4.0,,0.0,0,1984.0,A01,138Â 290Â 366,1.0,-1.0,-1.0,1650493,1.0,7,,0.0,2.0,2.0,A01,138Â 290Â 366,1.0
967101,201900008632,6,3,09:41,1,2,3,1.0,3.0,55122,RD 958,M,"48,7637220","5,5976340",55,2019,50.0,1.0,1.0,3.0,2161659,9.0,2,3,2,4.0,,0.0,0,1995.0,A01,138Â 290Â 366,0.0,-1.0,-1.0,1650492,1.0,21,,0.0,2.0,3.0,B01,138Â 290Â 365,1.0
967101,201900008632,6,3,09:41,1,2,3,1.0,3.0,55122,RD 958,M,"48,7637220","5,5976340",55,2019,50.0,1.0,1.0,3.0,2161659,9.0,2,3,2,4.0,,0.0,0,1995.0,A01,138Â 290Â 366,0.0,-1.0,-1.0,1650493,1.0,7,,0.0,2.0,2.0,A01,138Â 290Â 366,1.0
967101,201900008632,6,3,09:41,1,2,3,1.0,3.0,55122,RD 958,M,"48,7637220","5,5976340",55,2019,50.0,1.0,1.0,3.0,2161660,1.0,1,1,1,4.0,,0.0,0,1998.0,A01,138Â 290Â 366,1.0,-1.0,-1.0,1650492,1.0,21,,0.0,2.0,3.0,B01,138Â 290Â 365,1.0
967101,201900008632,6,3,09:41,1,2,3,1.0,3.0,55122,RD 958,M,"48,7637220","5,5976340",55,2019,50.0,1.0,1.0,3.0,2161660,1.0,1,1,1,4.0,,0.0,0,1998.0,A01,138Â 290Â 366,1.0,-1.0,-1.0,1650493,1.0,7,,0.0,2.0,2.0,A01,138Â 290Â 366,1.0
967102,201900008633,6,12,01:45,3,1,1,1.0,6.0,72080,Autoroute A11 PK 134.500,M,"48,1718180","0,6576440",72,2019,130.0,1.0,1.0,1.0,2161661,1.0,1,1,1,5.0,,0.0,0,1983.0,A01,138Â 290Â 362,1.0,-1.0,-1.0,1650494,1.0,7,,4.0,2.0,2.0,A01,138Â 290Â 362,1.0
967102,201900008633,6,12,01:45,3,1,1,1.0,6.0,72080,Autoroute A11 PK 134.500,M,"48,1718180","0,6576440",72,2019,130.0,1.0,1.0,1.0,2161661,1.0,1,1,1,5.0,,0.0,0,1983.0,A01,138Â 290Â 362,1.0,-1.0,-1.0,1650495,1.0,15,,0.0,0.0,6.0,B01,138Â 290Â 363,1.0
967102,201900008633,6,12,01:45,3,1,1,1.0,6.0,72080,Autoroute A11 PK 134.500,M,"48,1718180","0,6576440",72,2019,130.0,1.0,1.0,1.0,2161661,1.0,1,1,1,5.0,,0.0,0,1983.0,A01,138Â 290Â 362,1.0,-1.0,-1.0,1650496,1.0,7,,0.0,2.0,1.0,C01,138Â 290Â 364,1.0
967102,201900008633,6,12,01:45,3,1,1,1.0,6.0,72080,Autoroute A11 PK 134.500,M,"48,1718180","0,6576440",72,2019,130.0,1.0,1.0,1.0,2161662,1.0,1,1,1,1.0,,0.0,0,1973.0,B01,138Â 290Â 363,1.0,-1.0,-1.0,1650494,1.0,7,,4.0,2.0,2.0,A01,138Â 290Â 362,1.0
967102,201900008633,6,12,01:45,3,1,1,1.0,6.0,72080,Autoroute A11 PK 134.500,M,"48,1718180","0,6576440",72,2019,130.0,1.0,1.0,1.0,2161662,1.0,1,1,1,1.0,,0.0,0,1973.0,B01,138Â 290Â 363,1.0,-1.0,-1.0,1650495,1.0,15,,0.0,0.0,6.0,B01,138Â 290Â 363,1.0
967102,201900008633,6,12,01:45,3,1,1,1.0,6.0,72080,Autoroute A11 PK 134.500,M,"48,1718180","0,6576440",72,2019,130.0,1.0,1.0,1.0,2161662,1.0,1,1,1,1.0,,0.0,0,1973.0,B01,138Â 290Â 363,1.0,-1.0,-1.0,1650496,1.0,7,,0.0,2.0,1.0,C01,138Â 290Â 364,1.0
967102,201900008633,6,12,01:45,3,1,1,1.0,6.0,72080,Autoroute A11 PK 134.500,M,"48,1718180","0,6576440",72,2019,130.0,1.0,1.0,1.0,2161663,1.0,1,3,2,5.0,,0.0,0,1993.0,C01,138Â 290Â 364,1.0,-1.0,-1.0,1650494,1.0,7,,4.0,2.0,2.0,A01,138Â 290Â 362,1.0
967102,201900008633,6,12,01:45,3,1,1,1.0,6.0,72080,Autoroute A11 PK 134.500,M,"48,1718180","0,6576440",72,2019,130.0,1.0,1.0,1.0,2161663,1.0,1,3,2,5.0,,0.0,0,1993.0,C01,138Â 290Â 364,1.0,-1.0,-1.0,1650495,1.0,15,,0.0,0.0,6.0,B01,138Â 290Â 363,1.0
967102,201900008633,6,12,01:45,3,1,1,1.0,6.0,72080,Autoroute A11 PK 134.500,M,"48,1718180","0,6576440",72,2019,130.0,1.0,1.0,1.0,2161663,1.0,1,3,2,5.0,,0.0,0,1993.0,C01,138Â 290Â 364,1.0,-1.0,-1.0,1650496,1.0,7,,0.0,2.0,1.0,C01,138Â 290Â 364,1.0
967102,201900008633,6,12,01:45,3,1,1,1.0,6.0,72080,Autoroute A11 PK 134.500,M,"48,1718180","0,6576440",72,2019,130.0,1.0,1.0,1.0,2161664,2.0,2,4,2,5.0,,0.0,0,1993.0,C01,138Â 290Â 364,1.0,-1.0,-1.0,1650494,1.0,7,,4.0,2.0,2.0,A01,138Â 290Â 362,1.0
967102,201900008633,6,12,01:45,3,1,1,1.0,6.0,72080,Autoroute A11 PK 134.500,M,"48,1718180","0,6576440",72,2019,130.0,1.0,1.0,1.0,2161664,2.0,2,4,2,5.0,,0.0,0,1993.0,C01,138Â 290Â 364,1.0,-1.0,-1.0,1650495,1.0,15,,0.0,0.0,6.0,B01,138Â 290Â 363,1.0
967102,201900008633,6,12,01:45,3,1,1,1.0,6.0,72080,Autoroute A11 PK 134.500,M,"48,1718180","0,6576440",72,2019,130.0,1.0,1.0,1.0,2161664,2.0,2,4,2,5.0,,0.0,0,1993.0,C01,138Â 290Â 364,1.0,-1.0,-1.0,1650496,1.0,7,,0.0,2.0,1.0,C01,138Â 290Â 364,1.0
967103,201900008634,6,4,02:15,4,1,1,1.0,6.0,47046,A62- PK 82.525. SENS TOULOUSE /BORDEAUX,M,"44,3702220","0,2391800",47,2019,90.0,1.0,1.0,1.0,2161665,1.0,1,4,1,4.0,,0.0,0,1999.0,A01,138Â 290Â 361,8.0,-1.0,-1.0,1650497,2.0,17,,3.0,0.0,3.0,A01,138Â 290Â 361,1.0
967104,201900008635,6,6,00:10,5,2,1,2.0,6.0,74081,992 Avenue des GliÃ¨res,M,"46,0722390","6,5682250",74,2019,50.0,3.0,2.0,3.0,2161666,1.0,1,3,1,5.0,,0.0,0,2000.0,A01,138Â 290Â 360,1.0,-1.0,-1.0,1650498,1.0,7,,0.0,0.0,2.0,A01,138Â 290Â 360,1.0
967105,201900008636,5,22,11:15,1,2,1,1.0,6.0,74081,place du CrÃ©tet,M,"46,0569740","6,5807410",74,2019,50.0,1.0,1.0,3.0,2161667,10.0,3,4,1,5.0,,2.0,3,1998.0,A01,138Â 290Â 359,0.0,-1.0,-1.0,1650499,1.0,7,,0.0,1.0,2.0,A01,138Â 290Â 359,0.0
967105,201900008636,5,22,11:15,1,2,1,1.0,6.0,74081,place du CrÃ©tet,M,"46,0569740","6,5807410",74,2019,50.0,1.0,1.0,3.0,2161668,1.0,1,1,1,4.0,,0.0,0,1981.0,A01,138Â 290Â 359,1.0,-1.0,-1.0,1650499,1.0,7,,0.0,1.0,2.0,A01,138Â 290Â 359,0.0
967106,201900008637,6,20,08:05,1,2,1,1.0,3.0,66172,28 Avenue GÃ©nÃ©ral de Gaulle,M,"42,7083680","2,8426080",66,2019,-1.0,4.0,1.0,4.0,2161669,1.0,1,1,1,1.0,,0.0,0,1967.0,B01,138Â 290Â 357,1.0,-1.0,-1.0,1650500,2.0,7,,0.0,2.0,3.0,B01,138Â 290Â 357,1.0
967106,201900008637,6,20,08:05,1,2,1,1.0,3.0,66172,28 Avenue GÃ©nÃ©ral de Gaulle,M,"42,7083680","2,8426080",66,2019,-1.0,4.0,1.0,4.0,2161669,1.0,1,1,1,1.0,,0.0,0,1967.0,B01,138Â 290Â 357,1.0,-1.0,-1.0,1650501,2.0,33,,0.0,2.0,1.0,A01,138Â 290Â 358,1.0
967106,201900008637,6,20,08:05,1,2,1,1.0,3.0,66172,28 Avenue GÃ©nÃ©ral de Gaulle,M,"42,7083680","2,8426080",66,2019,-1.0,4.0,1.0,4.0,2161670,1.0,1,3,1,1.0,,0.0,0,1992.0,A01,138Â 290Â 358,2.0,-1.0,-1.0,1650500,2.0,7,,0.0,2.0,3.0,B01,138Â 290Â 357,1.0
967106,201900008637,6,20,08:05,1,2,1,1.0,3.0,66172,28 Avenue GÃ©nÃ©ral de Gaulle,M,"42,7083680","2,8426080",66,2019,-1.0,4.0,1.0,4.0,2161670,1.0,1,3,1,1.0,,0.0,0,1992.0,A01,138Â 290Â 358,2.0,-1.0,-1.0,1650501,2.0,33,,0.0,2.0,1.0,A01,138Â 290Â 358,1.0
967107,201900008638,6,12,17:05,1,1,1,1.0,3.0,06161,A8 chaussÃ©e Sud direction Nice,M,"43,6275280","7,1164330",6,2019,110.0,1.0,1.0,1.0,2161671,1.0,1,3,1,1.0,,0.0,0,1998.0,B01,138Â 290Â 355,6.0,2.0,-1.0,1650502,1.0,33,,0.0,2.0,7.0,B01,138Â 290Â 355,1.0
967107,201900008638,6,12,17:05,1,1,1,1.0,3.0,06161,A8 chaussÃ©e Sud direction Nice,M,"43,6275280","7,1164330",6,2019,110.0,1.0,1.0,1.0,2161671,1.0,1,3,1,1.0,,0.0,0,1998.0,B01,138Â 290Â 355,6.0,2.0,-1.0,1650503,1.0,7,,0.0,2.0,8.0,A01,138Â 290Â 356,1.0
967107,201900008638,6,12,17:05,1,1,1,1.0,3.0,06161,A8 chaussÃ©e Sud direction Nice,M,"43,6275280","7,1164330",6,2019,110.0,1.0,1.0,1.0,2161672,1.0,1,1,1,5.0,,0.0,0,1931.0,A01,138Â 290Â 356,1.0,-1.0,-1.0,1650502,1.0,33,,0.0,2.0,7.0,B01,138Â 290Â 355,1.0
967107,201900008638,6,12,17:05,1,1,1,1.0,3.0,06161,A8 chaussÃ©e Sud direction Nice,M,"43,6275280","7,1164330",6,2019,110.0,1.0,1.0,1.0,2161672,1.0,1,1,1,5.0,,0.0,0,1931.0,A01,138Â 290Â 356,1.0,-1.0,-1.0,1650503,1.0,7,,0.0,2.0,8.0,A01,138Â 290Â 356,1.0
967108,201900008639,6,8,15:00,1,1,1,1.0,3.0,13001,Autoroute A8 13090,M,"43,5126680","5,4660550",13,2019,110.0,1.0,1.0,1.0,2161673,1.0,1,4,2,5.0,,0.0,0,1955.0,B01,138Â 290Â 353,8.0,-1.0,-1.0,1650504,1.0,10,,0.0,0.0,6.0,B01,138Â 290Â 353,1.0
967108,201900008639,6,8,15:00,1,1,1,1.0,3.0,13001,Autoroute A8 13090,M,"43,5126680","5,4660550",13,2019,110.0,1.0,1.0,1.0,2161673,1.0,1,4,2,5.0,,0.0,0,1955.0,B01,138Â 290Â 353,8.0,-1.0,-1.0,1650505,1.0,15,,0.0,2.0,2.0,A01,138Â 290Â 354,1.0
967108,201900008639,6,8,15:00,1,1,1,1.0,3.0,13001,Autoroute A8 13090,M,"43,5126680","5,4660550",13,2019,110.0,1.0,1.0,1.0,2161674,1.0,1,1,1,4.0,,0.0,0,1993.0,A01,138Â 290Â 354,8.0,-1.0,-1.0,1650504,1.0,10,,0.0,0.0,6.0,B01,138Â 290Â 353,1.0
967108,201900008639,6,8,15:00,1,1,1,1.0,3.0,13001,Autoroute A8 13090,M,"43,5126680","5,4660550",13,2019,110.0,1.0,1.0,1.0,2161674,1.0,1,1,1,4.0,,0.0,0,1993.0,A01,138Â 290Â 354,8.0,-1.0,-1.0,1650505,1.0,15,,0.0,2.0,2.0,A01,138Â 290Â 354,1.0
967109,201900008640,6,6,08:30,1,1,1,1.0,2.0,13109,autoroute A8,M,"43,5095870","5,4986070",13,2019,130.0,8.0,1.0,1.0,2161675,1.0,1,4,1,1.0,,0.0,0,1994.0,B01,138Â 290Â 351,1.0,-1.0,-1.0,1650506,2.0,10,,0.0,0.0,4.0,B01,138Â 290Â 351,1.0
967109,201900008640,6,6,08:30,1,1,1,1.0,2.0,13109,autoroute A8,M,"43,5095870","5,4986070",13,2019,130.0,8.0,1.0,1.0,2161675,1.0,1,4,1,1.0,,0.0,0,1994.0,B01,138Â 290Â 351,1.0,-1.0,-1.0,1650507,2.0,7,,0.0,2.0,1.0,A01,138Â 290Â 352,1.0
967109,201900008640,6,6,08:30,1,1,1,1.0,2.0,13109,autoroute A8,M,"43,5095870","5,4986070",13,2019,130.0,8.0,1.0,1.0,2161676,1.0,1,4,1,5.0,,0.0,0,1996.0,A01,138Â 290Â 352,1.0,7.0,-1.0,1650506,2.0,10,,0.0,0.0,4.0,B01,138Â 290Â 351,1.0
967109,201900008640,6,6,08:30,1,1,1,1.0,2.0,13109,autoroute A8,M,"43,5095870","5,4986070",13,2019,130.0,8.0,1.0,1.0,2161676,1.0,1,4,1,5.0,,0.0,0,1996.0,A01,138Â 290Â 352,1.0,7.0,-1.0,1650507,2.0,7,,0.0,2.0,1.0,A01,138Â 290Â 352,1.0
967110,201900008641,6,2,13:20,1,1,1,1.0,3.0,13025,Autoroute A8 PK 28+700 Sens LYON - NICE,M,"43,4832190","5,5385390",13,2019,110.0,1.0,1.0,1.0,2161677,1.0,1,3,1,5.0,,0.0,0,1953.0,B01,138Â 290Â 349,8.0,-1.0,-1.0,1650508,1.0,33,,0.0,2.0,8.0,B01,138Â 290Â 349,1.0
967110,201900008641,6,2,13:20,1,1,1,1.0,3.0,13025,Autoroute A8 PK 28+700 Sens LYON - NICE,M,"43,4832190","5,5385390",13,2019,110.0,1.0,1.0,1.0,2161677,1.0,1,3,1,5.0,,0.0,0,1953.0,B01,138Â 290Â 349,8.0,-1.0,-1.0,1650509,1.0,7,,0.0,2.0,7.0,A01,138Â 290Â 350,1.0
967110,201900008641,6,2,13:20,1,1,1,1.0,3.0,13025,Autoroute A8 PK 28+700 Sens LYON - NICE,M,"43,4832190","5,5385390",13,2019,110.0,1.0,1.0,1.0,2161678,1.0,1,1,1,1.0,,0.0,0,1999.0,A01,138Â 290Â 350,8.0,-1.0,-1.0,1650508,1.0,33,,0.0,2.0,8.0,B01,138Â 290Â 349,1.0
967110,201900008641,6,2,13:20,1,1,1,1.0,3.0,13025,Autoroute A8 PK 28+700 Sens LYON - NICE,M,"43,4832190","5,5385390",13,2019,110.0,1.0,1.0,1.0,2161678,1.0,1,1,1,1.0,,0.0,0,1999.0,A01,138Â 290Â 350,8.0,-1.0,-1.0,1650509,1.0,7,,0.0,2.0,7.0,A01,138Â 290Â 350,1.0
967111,201900008642,6,9,17:35,1,1,1,1.0,2.0,06088,A8 - pk 186+400 sud,M,"43,6714460","7,2014560",6,2019,90.0,1.0,1.0,1.0,2161679,2.0,2,4,2,5.0,,0.0,0,2004.0,B01,138Â 290Â 347,1.0,-1.0,-1.0,1650510,1.0,7,,4.0,0.0,6.0,B01,138Â 290Â 347,1.0