Unnamed: 0_x,num_acc,mois,jour,hrmn,lum,agg,int,atm,col,com,adr,gps,lat,long,dep,annee,vma,situ,surf,catr,Unnamed: 0_y,place,catu,grav,sexe,trajet,secu,locp,actp,an_nais,num_veh_x,id_vehicule_x,secu1,secu2,secu3,Unnamed: 0,senc,catv,occutc,obs,obsm,choc,num_veh_y,id_vehicule_y,motor
967111,201900008642,6,9,17:35,1,1,1,1.0,2.0,06088,A8 - pk 186+400 sud,M,"43,6714460","7,2014560",6,2019,90.0,1.0,1.0,1.0,2161679,2.0,2,4,2,5.0,,0.0,0,2004.0,B01,138Â 290Â 347,1.0,-1.0,-1.0,1650511,1.0,7,,0.0,2.0,2.0,A01,138Â 290Â 348,1.0
967111,201900008642,6,9,17:35,1,1,1,1.0,2.0,06088,A8 - pk 186+400 sud,M,"43,6714460","7,2014560",6,2019,90.0,1.0,1.0,1.0,2161680,1.0,1,3,2,5.0,,0.0,0,1971.0,B01,138Â 290Â 347,1.0,-1.0,-1.0,1650510,1.0,7,,4.0,0.0,6.0,B01,138Â 290Â 347,1.0
967111,201900008642,6,9,17:35,1,1,1,1.0,2.0,06088,A8 - pk 186+400 sud,M,"43,6714460","7,2014560",6,2019,90.0,1.0,1.0,1.0,2161680,1.0,1,3,2,5.0,,0.0,0,1971.0,B01,138Â 290Â 347,1.0,-1.0,-1.0,1650511,1.0,7,,0.0,2.0,2.0,A01,138Â 290Â 348,1.0
967111,201900008642,6,9,17:35,1,1,1,1.0,2.0,06088,A8 - pk 186+400 sud,M,"43,6714460","7,2014560",6,2019,90.0,1.0,1.0,1.0,2161681,1.0,1,1,1,5.0,,0.0,0,1993.0,A01,138Â 290Â 348,1.0,-1.0,-1.0,1650510,1.0,7,,4.0,0.0,6.0,B01,138Â 290Â 347,1.0
967111,201900008642,6,9,17:35,1,1,1,1.0,2.0,06088,A8 - pk 186+400 sud,M,"43,6714460","7,2014560",6,2019,90.0,1.0,1.0,1.0,2161681,1.0,1,1,1,5.0,,0.0,0,1993.0,A01,138Â 290Â 348,1.0,-1.0,-1.0,1650511,1.0,7,,0.0,2.0,2.0,A01,138Â 290Â 348,1.0
967112,201900008643,6,2,01:00,5,1,1,1.0,6.0,06113,"Autoroute A8 Pk 219+150, chaussÃ©e sud",M,"43,7926951","7,4752589",6,2019,110.0,1.0,1.0,1.0,2161682,1.0,1,4,2,5.0,,0.0,0,1985.0,A01,138Â 290Â 345,1.0,-1.0,-1.0,1650512,1.0,7,,0.0,2.0,2.0,A01,138Â 290Â 345,1.0
967112,201900008643,6,2,01:00,5,1,1,1.0,6.0,06113,"Autoroute A8 Pk 219+150, chaussÃ©e sud",M,"43,7926951","7,4752589",6,2019,110.0,1.0,1.0,1.0,2161682,1.0,1,4,2,5.0,,0.0,0,1985.0,A01,138Â 290Â 345,1.0,-1.0,-1.0,1650513,0.0,7,,0.0,2.0,9.0,B01,138Â 290Â 346,1.0
967112,201900008643,6,2,01:00,5,1,1,1.0,6.0,06113,"Autoroute A8 Pk 219+150, chaussÃ©e sud",M,"43,7926951","7,4752589",6,2019,110.0,1.0,1.0,1.0,2161683,2.0,2,4,2,5.0,,0.0,0,1975.0,A01,138Â 290Â 345,1.0,-1.0,-1.0,1650512,1.0,7,,0.0,2.0,2.0,A01,138Â 290Â 345,1.0
967112,201900008643,6,2,01:00,5,1,1,1.0,6.0,06113,"Autoroute A8 Pk 219+150, chaussÃ©e sud",M,"43,7926951","7,4752589",6,2019,110.0,1.0,1.0,1.0,2161683,2.0,2,4,2,5.0,,0.0,0,1975.0,A01,138Â 290Â 345,1.0,-1.0,-1.0,1650513,0.0,7,,0.0,2.0,9.0,B01,138Â 290Â 346,1.0
967112,201900008643,6,2,01:00,5,1,1,1.0,6.0,06113,"Autoroute A8 Pk 219+150, chaussÃ©e sud",M,"43,7926951","7,4752589",6,2019,110.0,1.0,1.0,1.0,2161684,1.0,1,2,1,5.0,,0.0,0,1978.0,B01,138Â 290Â 346,0.0,-1.0,-1.0,1650512,1.0,7,,0.0,2.0,2.0,A01,138Â 290Â 345,1.0
967112,201900008643,6,2,01:00,5,1,1,1.0,6.0,06113,"Autoroute A8 Pk 219+150, chaussÃ©e sud",M,"43,7926951","7,4752589",6,2019,110.0,1.0,1.0,1.0,2161684,1.0,1,2,1,5.0,,0.0,0,1978.0,B01,138Â 290Â 346,0.0,-1.0,-1.0,1650513,0.0,7,,0.0,2.0,9.0,B01,138Â 290Â 346,1.0
967113,201900008644,6,15,21:00,1,1,1,1.0,3.0,02168,"AUTOROUTE A4, sens PARIS-REIMS au PK084+600",M,"49,0777400","3,3865660",2,2019,130.0,1.0,1.0,1.0,2161685,5.0,2,2,2,5.0,,0.0,0,2003.0,B01,138Â 290Â 343,0.0,-1.0,-1.0,1650514,1.0,7,,13.0,2.0,8.0,B01,138Â 290Â 343,1.0
967113,201900008644,6,15,21:00,1,1,1,1.0,3.0,02168,"AUTOROUTE A4, sens PARIS-REIMS au PK084+600",M,"49,0777400","3,3865660",2,2019,130.0,1.0,1.0,1.0,2161685,5.0,2,2,2,5.0,,0.0,0,2003.0,B01,138Â 290Â 343,0.0,-1.0,-1.0,1650515,1.0,7,,3.0,2.0,7.0,A01,138Â 290Â 344,1.0
967113,201900008644,6,15,21:00,1,1,1,1.0,3.0,02168,"AUTOROUTE A4, sens PARIS-REIMS au PK084+600",M,"49,0777400","3,3865660",2,2019,130.0,1.0,1.0,1.0,2161686,2.0,2,4,1,5.0,,0.0,0,2001.0,B01,138Â 290Â 343,1.0,-1.0,-1.0,1650514,1.0,7,,13.0,2.0,8.0,B01,138Â 290Â 343,1.0
967113,201900008644,6,15,21:00,1,1,1,1.0,3.0,02168,"AUTOROUTE A4, sens PARIS-REIMS au PK084+600",M,"49,0777400","3,3865660",2,2019,130.0,1.0,1.0,1.0,2161686,2.0,2,4,1,5.0,,0.0,0,2001.0,B01,138Â 290Â 343,1.0,-1.0,-1.0,1650515,1.0,7,,3.0,2.0,7.0,A01,138Â 290Â 344,1.0
967113,201900008644,6,15,21:00,1,1,1,1.0,3.0,02168,"AUTOROUTE A4, sens PARIS-REIMS au PK084+600",M,"49,0777400","3,3865660",2,2019,130.0,1.0,1.0,1.0,2161687,1.0,1,4,2,5.0,,0.0,0,1979.0,B01,138Â 290Â 343,1.0,-1.0,-1.0,1650514,1.0,7,,13.0,2.0,8.0,B01,138Â 290Â 343,1.0
967113,201900008644,6,15,21:00,1,1,1,1.0,3.0,02168,"AUTOROUTE A4, sens PARIS-REIMS au PK084+600",M,"49,0777400","3,3865660",2,2019,130.0,1.0,1.0,1.0,2161687,1.0,1,4,2,5.0,,0.0,0,1979.0,B01,138Â 290Â 343,1.0,-1.0,-1.0,1650515,1.0,7,,3.0,2.0,7.0,A01,138Â 290Â 344,1.0
967113,201900008644,6,15,21:00,1,1,1,1.0,3.0,02168,"AUTOROUTE A4, sens PARIS-REIMS au PK084+600",M,"49,0777400","3,3865660",2,2019,130.0,1.0,1.0,1.0,2161688,1.0,1,1,2,5.0,,0.0,0,1997.0,A01,138Â 290Â 344,1.0,-1.0,-1.0,1650514,1.0,7,,13.0,2.0,8.0,B01,138Â 290Â 343,1.0
967113,201900008644,6,15,21:00,1,1,1,1.0,3.0,02168,"AUTOROUTE A4, sens PARIS-REIMS au PK084+600",M,"49,0777400","3,3865660",2,2019,130.0,1.0,1.0,1.0,2161688,1.0,1,1,2,5.0,,0.0,0,1997.0,A01,138Â 290Â 344,1.0,-1.0,-1.0,1650515,1.0,7,,3.0,2.0,7.0,A01,138Â 290Â 344,1.0
967113,201900008644,6,15,21:00,1,1,1,1.0,3.0,02168,"AUTOROUTE A4, sens PARIS-REIMS au PK084+600",M,"49,0777400","3,3865660",2,2019,130.0,1.0,1.0,1.0,2161689,3.0,2,1,2,5.0,,0.0,0,2000.0,A01,138Â 290Â 344,1.0,-1.0,-1.0,1650514,1.0,7,,13.0,2.0,8.0,B01,138Â 290Â 343,1.0
967113,201900008644,6,15,21:00,1,1,1,1.0,3.0,02168,"AUTOROUTE A4, sens PARIS-REIMS au PK084+600",M,"49,0777400","3,3865660",2,2019,130.0,1.0,1.0,1.0,2161689,3.0,2,1,2,5.0,,0.0,0,2000.0,A01,138Â 290Â 344,1.0,-1.0,-1.0,1650515,1.0,7,,3.0,2.0,7.0,A01,138Â 290Â 344,1.0
967113,201900008644,6,15,21:00,1,1,1,1.0,3.0,02168,"AUTOROUTE A4, sens PARIS-REIMS au PK084+600",M,"49,0777400","3,3865660",2,2019,130.0,1.0,1.0,1.0,2161690,4.0,2,1,2,5.0,,0.0,0,2000.0,A01,138Â 290Â 344,1.0,-1.0,-1.0,1650514,1.0,7,,13.0,2.0,8.0,B01,138Â 290Â 343,1.0
967113,201900008644,6,15,21:00,1,1,1,1.0,3.0,02168,"AUTOROUTE A4, sens PARIS-REIMS au PK084+600",M,"49,0777400","3,3865660",2,2019,130.0,1.0,1.0,1.0,2161690,4.0,2,1,2,5.0,,0.0,0,2000.0,A01,138Â 290Â 344,1.0,-1.0,-1.0,1650515,1.0,7,,3.0,2.0,7.0,A01,138Â 290Â 344,1.0
967113,201900008644,6,15,21:00,1,1,1,1.0,3.0,02168,"AUTOROUTE A4, sens PARIS-REIMS au PK084+600",M,"49,0777400","3,3865660",2,2019,130.0,1.0,1.0,1.0,2161691,2.0,2,1,2,5.0,,0.0,0,2001.0,A01,138Â 290Â 344,1.0,-1.0,-1.0,1650514,1.0,7,,13.0,2.0,8.0,B01,138Â 290Â 343,1.0
967113,201900008644,6,15,21:00,1,1,1,1.0,3.0,02168,"AUTOROUTE A4, sens PARIS-REIMS au PK084+600",M,"49,0777400","3,3865660",2,2019,130.0,1.0,1.0,1.0,2161691,2.0,2,1,2,5.0,,0.0,0,2001.0,A01,138Â 290Â 344,1.0,-1.0,-1.0,1650515,1.0,7,,3.0,2.0,7.0,A01,138Â 290Â 344,1.0
967114,201900008645,6,9,16:36,1,1,1,1.0,7.0,97603,Sakouli RN3,M," -12,9116833","45,1928884",976,2019,70.0,3.0,1.0,2.0,2161692,1.0,1,2,1,5.0,,0.0,0,1988.0,A01,138Â 290Â 342,2.0,6.0,-1.0,1650516,2.0,33,,16.0,0.0,1.0,A01,138Â 290Â 342,6.0
967115,201900008646,6,7,00:00,5,2,1,1.0,7.0,97606,CD 5 M RAMADOUDOU,M," -12,9315290","45,1524200",976,2019,-1.0,3.0,1.0,3.0,2161693,2.0,2,1,2,5.0,,0.0,0,2001.0,A01,138Â 290Â 341,1.0,-1.0,-1.0,1650517,1.0,7,,2.0,0.0,1.0,A01,138Â 290Â 341,1.0
967115,201900008646,6,7,00:00,5,2,1,1.0,7.0,97606,CD 5 M RAMADOUDOU,M," -12,9315290","45,1524200",976,2019,-1.0,3.0,1.0,3.0,2161694,1.0,1,1,1,5.0,,0.0,0,1997.0,A01,138Â 290Â 341,1.0,-1.0,-1.0,1650517,1.0,7,,2.0,0.0,1.0,A01,138Â 290Â 341,1.0
967115,201900008646,6,7,00:00,5,2,1,1.0,7.0,97606,CD 5 M RAMADOUDOU,M," -12,9315290","45,1524200",976,2019,-1.0,3.0,1.0,3.0,2161695,9.0,2,1,2,5.0,,0.0,0,2001.0,A01,138Â 290Â 341,0.0,-1.0,-1.0,1650517,1.0,7,,2.0,0.0,1.0,A01,138Â 290Â 341,1.0
967115,201900008646,6,7,00:00,5,2,1,1.0,7.0,97606,CD 5 M RAMADOUDOU,M," -12,9315290","45,1524200",976,2019,-1.0,3.0,1.0,3.0,2161696,7.0,2,3,1,5.0,,0.0,0,1997.0,A01,138Â 290Â 341,1.0,-1.0,-1.0,1650517,1.0,7,,2.0,0.0,1.0,A01,138Â 290Â 341,1.0
967116,201900008647,6,17,18:05,1,1,2,1.0,3.0,37045,RD 750,M,"47,0216840","0,6094420",37,2019,80.0,1.0,1.0,3.0,2161697,1.0,1,1,1,4.0,,0.0,0,1968.0,B01,138Â 290Â 339,1.0,-1.0,-1.0,1650518,1.0,17,,0.0,0.0,1.0,B01,138Â 290Â 339,0.0
967116,201900008647,6,17,18:05,1,1,2,1.0,3.0,37045,RD 750,M,"47,0216840","0,6094420",37,2019,80.0,1.0,1.0,3.0,2161697,1.0,1,1,1,4.0,,0.0,0,1968.0,B01,138Â 290Â 339,1.0,-1.0,-1.0,1650519,3.0,10,,0.0,0.0,2.0,A01,138Â 290Â 340,0.0
967116,201900008647,6,17,18:05,1,1,2,1.0,3.0,37045,RD 750,M,"47,0216840","0,6094420",37,2019,80.0,1.0,1.0,3.0,2161698,1.0,1,4,1,0.0,,0.0,0,1984.0,A01,138Â 290Â 340,1.0,-1.0,-1.0,1650518,1.0,17,,0.0,0.0,1.0,B01,138Â 290Â 339,0.0
967116,201900008647,6,17,18:05,1,1,2,1.0,3.0,37045,RD 750,M,"47,0216840","0,6094420",37,2019,80.0,1.0,1.0,3.0,2161698,1.0,1,4,1,0.0,,0.0,0,1984.0,A01,138Â 290Â 340,1.0,-1.0,-1.0,1650519,3.0,10,,0.0,0.0,2.0,A01,138Â 290Â 340,0.0
967117,201900008648,6,3,16:43,1,1,1,1.0,1.0,37049,d 943,M,"47,1553390","0,9962633",37,2019,80.0,1.0,1.0,3.0,2161699,1.0,1,1,1,4.0,,0.0,0,1966.0,B01,138Â 290Â 337,1.0,-1.0,-1.0,1650520,1.0,15,,0.0,2.0,2.0,B01,138Â 290Â 337,0.0
967117,201900008648,6,3,16:43,1,1,1,1.0,1.0,37049,d 943,M,"47,1553390","0,9962633",37,2019,80.0,1.0,1.0,3.0,2161699,1.0,1,1,1,4.0,,0.0,0,1966.0,B01,138Â 290Â 337,1.0,-1.0,-1.0,1650521,2.0,10,,0.0,2.0,1.0,A01,138Â 290Â 338,1.0
967117,201900008648,6,3,16:43,1,1,1,1.0,1.0,37049,d 943,M,"47,1553390","0,9962633",37,2019,80.0,1.0,1.0,3.0,2161700,1.0,1,3,2,4.0,,0.0,0,1974.0,A01,138Â 290Â 338,1.0,-1.0,-1.0,1650520,1.0,15,,0.0,2.0,2.0,B01,138Â 290Â 337,0.0
967117,201900008648,6,3,16:43,1,1,1,1.0,1.0,37049,d 943,M,"47,1553390","0,9962633",37,2019,80.0,1.0,1.0,3.0,2161700,1.0,1,3,2,4.0,,0.0,0,1974.0,A01,138Â 290Â 338,1.0,-1.0,-1.0,1650521,2.0,10,,0.0,2.0,1.0,A01,138Â 290Â 338,1.0
967118,201900008649,6,3,19:35,1,1,1,1.0,7.0,17038,RN 10,M,"45,1984900"," -0,3054500",17,2019,80.0,1.0,1.0,2.0,2161701,2.0,2,4,1,4.0,,0.0,0,1981.0,A01,138Â 290Â 336,1.0,-1.0,-1.0,1650522,2.0,15,,0.0,0.0,3.0,A01,138Â 290Â 336,1.0
967118,201900008649,6,3,19:35,1,1,1,1.0,7.0,17038,RN 10,M,"45,1984900"," -0,3054500",17,2019,80.0,1.0,1.0,2.0,2161702,1.0,1,3,1,4.0,,0.0,0,1997.0,A01,138Â 290Â 336,1.0,-1.0,-1.0,1650522,2.0,15,,0.0,0.0,3.0,A01,138Â 290Â 336,1.0
967119,201900008650,6,18,23:20,3,1,1,1.0,6.0,57227,Autoroute A320 au point kilometrique 10.500,M,"49,1876310","6,9214040",57,2019,110.0,1.0,1.0,1.0,2161703,10.0,3,3,1,9.0,,6.0,3,1996.0,A01,138Â 290Â 335,0.0,-1.0,-1.0,1650523,2.0,7,,0.0,1.0,2.0,A01,138Â 290Â 335,6.0
967119,201900008650,6,18,23:20,3,1,1,1.0,6.0,57227,Autoroute A320 au point kilometrique 10.500,M,"49,1876310","6,9214040",57,2019,110.0,1.0,1.0,1.0,2161704,1.0,1,1,1,5.0,,0.0,0,1968.0,A01,138Â 290Â 335,1.0,-1.0,-1.0,1650523,2.0,7,,0.0,1.0,2.0,A01,138Â 290Â 335,6.0
967120,201900008651,6,2,13:00,1,2,1,1.0,6.0,38005,D 526,M,"45,1272100","6,0357100",38,2019,50.0,3.0,1.0,3.0,2161705,1.0,1,3,1,5.0,,0.0,0,1987.0,A01,138Â 290Â 333,2.0,6.0,9.0,1650524,1.0,33,,7.0,0.0,2.0,A01,138Â 290Â 333,1.0
967121,201900008652,6,1,10:15,1,1,1,1.0,1.0,38237,Route dÃ©partementale 1091,M,"45,0500630","6,1419860",38,2019,80.0,1.0,1.0,3.0,2161706,1.0,1,4,1,5.0,,0.0,0,1967.0,A01,138Â 290Â 331,2.0,6.0,9.0,1650525,1.0,2,,0.0,2.0,1.0,A01,138Â 290Â 331,1.0
967121,201900008652,6,1,10:15,1,1,1,1.0,1.0,38237,Route dÃ©partementale 1091,M,"45,0500630","6,1419860",38,2019,80.0,1.0,1.0,3.0,2161706,1.0,1,4,1,5.0,,0.0,0,1967.0,A01,138Â 290Â 331,2.0,6.0,9.0,1650526,2.0,7,,0.0,2.0,1.0,B01,138Â 290Â 332,1.0
967122,201900008653,6,1,17:00,1,1,1,1.0,7.0,38052,Route DÃ©partementale 1091,M,"45,0549930","6,0291200",38,2019,80.0,1.0,1.0,3.0,2161707,1.0,1,4,1,5.0,,0.0,0,1985.0,A01,138Â 290Â 330,2.0,-1.0,-1.0,1650527,2.0,1,,0.0,0.0,0.0,A01,138Â 290Â 330,5.0
967123,201900008654,6,3,14:55,1,1,6,1.0,5.0,07152,,M,"45,0460010","4,8299950",7,2019,50.0,1.0,1.0,3.0,2161708,1.0,1,1,1,-1.0,,-1.0, -1,1983.0,A01,138Â 290Â 327,1.0,-1.0,-1.0,1650528,1.0,15,,0.0,2.0,2.0,A01,138Â 290Â 327,1.0
967123,201900008654,6,3,14:55,1,1,6,1.0,5.0,07152,,M,"45,0460010","4,8299950",7,2019,50.0,1.0,1.0,3.0,2161708,1.0,1,1,1,-1.0,,-1.0, -1,1983.0,A01,138Â 290Â 327,1.0,-1.0,-1.0,1650529,1.0,99,,0.0,0.0,0.0,B01,138Â 290Â 328,0.0
967123,201900008654,6,3,14:55,1,1,6,1.0,5.0,07152,,M,"45,0460010","4,8299950",7,2019,50.0,1.0,1.0,3.0,2161708,1.0,1,1,1,-1.0,,-1.0, -1,1983.0,A01,138Â 290Â 327,1.0,-1.0,-1.0,1650530,1.0,31,,0.0,2.0,4.0,C01,138Â 290Â 329,1.0
967123,201900008654,6,3,14:55,1,1,6,1.0,5.0,07152,,M,"45,0460010","4,8299950",7,2019,50.0,1.0,1.0,3.0,2161709,1.0,1,1,1,4.0,,0.0,0,1959.0,B01,138Â 290Â 328,1.0,-1.0,-1.0,1650528,1.0,15,,0.0,2.0,2.0,A01,138Â 290Â 327,1.0
967123,201900008654,6,3,14:55,1,1,6,1.0,5.0,07152,,M,"45,0460010","4,8299950",7,2019,50.0,1.0,1.0,3.0,2161709,1.0,1,1,1,4.0,,0.0,0,1959.0,B01,138Â 290Â 328,1.0,-1.0,-1.0,1650529,1.0,99,,0.0,0.0,0.0,B01,138Â 290Â 328,0.0
967123,201900008654,6,3,14:55,1,1,6,1.0,5.0,07152,,M,"45,0460010","4,8299950",7,2019,50.0,1.0,1.0,3.0,2161709,1.0,1,1,1,4.0,,0.0,0,1959.0,B01,138Â 290Â 328,1.0,-1.0,-1.0,1650530,1.0,31,,0.0,2.0,4.0,C01,138Â 290Â 329,1.0
967123,201900008654,6,3,14:55,1,1,6,1.0,5.0,07152,,M,"45,0460010","4,8299950",7,2019,50.0,1.0,1.0,3.0,2161710,1.0,1,4,1,5.0,,0.0,0,1949.0,C01,138Â 290Â 329,2.0,6.0,-1.0,1650528,1.0,15,,0.0,2.0,2.0,A01,138Â 290Â 327,1.0
967123,201900008654,6,3,14:55,1,1,6,1.0,5.0,07152,,M,"45,0460010","4,8299950",7,2019,50.0,1.0,1.0,3.0,2161710,1.0,1,4,1,5.0,,0.0,0,1949.0,C01,138Â 290Â 329,2.0,6.0,-1.0,1650529,1.0,99,,0.0,0.0,0.0,B01,138Â 290Â 328,0.0
967123,201900008654,6,3,14:55,1,1,6,1.0,5.0,07152,,M,"45,0460010","4,8299950",7,2019,50.0,1.0,1.0,3.0,2161710,1.0,1,4,1,5.0,,0.0,0,1949.0,C01,138Â 290Â 329,2.0,6.0,-1.0,1650530,1.0,31,,0.0,2.0,4.0,C01,138Â 290Â 329,1.0
967124,201900008655,6,15,14:20,1,1,1,1.0,3.0,91085,Avenue de Paris,M,"48,5540650","2,2212610",91,2019,90.0,1.0,1.0,2.0,2161711,1.0,1,3,2,0.0,,0.0,0,1938.0,A01,138Â 290Â 325,1.0,-1.0,-1.0,1650531,2.0,7,,0.0,2.0,9.0,A01,138Â 290Â 325,0.0
967124,201900008655,6,15,14:20,1,1,1,1.0,3.0,91085,Avenue de Paris,M,"48,5540650","2,2212610",91,2019,90.0,1.0,1.0,2.0,2161711,1.0,1,3,2,0.0,,0.0,0,1938.0,A01,138Â 290Â 325,1.0,-1.0,-1.0,1650532,2.0,15,,0.0,2.0,8.0,B01,138Â 290Â 326,0.0
967124,201900008655,6,15,14:20,1,1,1,1.0,3.0,91085,Avenue de Paris,M,"48,5540650","2,2212610",91,2019,90.0,1.0,1.0,2.0,2161712,1.0,1,1,1,4.0,,0.0,0,1981.0,B01,138Â 290Â 326,1.0,-1.0,-1.0,1650531,2.0,7,,0.0,2.0,9.0,A01,138Â 290Â 325,0.0
967124,201900008655,6,15,14:20,1,1,1,1.0,3.0,91085,Avenue de Paris,M,"48,5540650","2,2212610",91,2019,90.0,1.0,1.0,2.0,2161712,1.0,1,1,1,4.0,,0.0,0,1981.0,B01,138Â 290Â 326,1.0,-1.0,-1.0,1650532,2.0,15,,0.0,2.0,8.0,B01,138Â 290Â 326,0.0
967125,201900008656,6,19,14:25,1,1,1,1.0,3.0,51418,A4,M,"49,2380630","3,9692199",51,2019,110.0,1.0,1.0,1.0,2161713,1.0,1,3,1,5.0,,0.0,0,1973.0,A01,138Â 290Â 323,1.0,-1.0,-1.0,1650533,2.0,7,,0.0,2.0,2.0,A01,138Â 290Â 323,1.0
967125,201900008656,6,19,14:25,1,1,1,1.0,3.0,51418,A4,M,"49,2380630","3,9692199",51,2019,110.0,1.0,1.0,1.0,2161713,1.0,1,3,1,5.0,,0.0,0,1973.0,A01,138Â 290Â 323,1.0,-1.0,-1.0,1650534,2.0,17,,0.0,2.0,3.0,B01,138Â 290Â 324,1.0
967125,201900008656,6,19,14:25,1,1,1,1.0,3.0,51418,A4,M,"49,2380630","3,9692199",51,2019,110.0,1.0,1.0,1.0,2161714,2.0,2,3,2,5.0,,0.0,0,1978.0,A01,138Â 290Â 323,1.0,-1.0,-1.0,1650533,2.0,7,,0.0,2.0,2.0,A01,138Â 290Â 323,1.0
967125,201900008656,6,19,14:25,1,1,1,1.0,3.0,51418,A4,M,"49,2380630","3,9692199",51,2019,110.0,1.0,1.0,1.0,2161714,2.0,2,3,2,5.0,,0.0,0,1978.0,A01,138Â 290Â 323,1.0,-1.0,-1.0,1650534,2.0,17,,0.0,2.0,3.0,B01,138Â 290Â 324,1.0
967125,201900008656,6,19,14:25,1,1,1,1.0,3.0,51418,A4,M,"49,2380630","3,9692199",51,2019,110.0,1.0,1.0,1.0,2161715,1.0,1,1,2,4.0,,0.0,0,1991.0,B01,138Â 290Â 324,1.0,-1.0,-1.0,1650533,2.0,7,,0.0,2.0,2.0,A01,138Â 290Â 323,1.0
967125,201900008656,6,19,14:25,1,1,1,1.0,3.0,51418,A4,M,"49,2380630","3,9692199",51,2019,110.0,1.0,1.0,1.0,2161715,1.0,1,1,2,4.0,,0.0,0,1991.0,B01,138Â 290Â 324,1.0,-1.0,-1.0,1650534,2.0,17,,0.0,2.0,3.0,B01,138Â 290Â 324,1.0
967126,201900008657,6,2,14:30,1,1,1,1.0,7.0,51183,A26,M,"49,3178088","3,9881893",51,2019,130.0,1.0,1.0,1.0,2161716,1.0,1,4,2,0.0,,0.0,0,1959.0,A01,138Â 290Â 322,2.0,6.0,-1.0,1650535,2.0,33,,0.0,0.0,7.0,A01,138Â 290Â 322,1.0
967127,201900008658,5,31,17:00,1,1,1,1.0,7.0,64483,A63 PK190+300,M,"43,4123734"," -1,6153971",64,2019,130.0,1.0,1.0,1.0,2161717,1.0,1,4,2,9.0,,0.0,0,1998.0,A01,138Â 290Â 321,1.0,-1.0,-1.0,1650536,2.0,7,,0.0,0.0,9.0,A01,138Â 290Â 321,1.0
967128,201900008659,5,31,15:00,1,1,1,1.0,3.0,64407,A 64 PK4,M,"43,4571903"," -1,4174697",64,2019,110.0,1.0,1.0,1.0,2161718,1.0,1,1,1,4.0,,0.0,0,1961.0,B01,138Â 290Â 319,1.0,-1.0,-1.0,1650537,2.0,15,,0.0,2.0,6.0,B01,138Â 290Â 319,6.0
967128,201900008659,5,31,15:00,1,1,1,1.0,3.0,64407,A 64 PK4,M,"43,4571903"," -1,4174697",64,2019,110.0,1.0,1.0,1.0,2161718,1.0,1,1,1,4.0,,0.0,0,1961.0,B01,138Â 290Â 319,1.0,-1.0,-1.0,1650538,2.0,7,,4.0,2.0,2.0,A01,138Â 290Â 320,1.0
967128,201900008659,5,31,15:00,1,1,1,1.0,3.0,64407,A 64 PK4,M,"43,4571903"," -1,4174697",64,2019,110.0,1.0,1.0,1.0,2161719,1.0,1,4,1,3.0,,0.0,0,1963.0,A01,138Â 290Â 320,1.0,-1.0,-1.0,1650537,2.0,15,,0.0,2.0,6.0,B01,138Â 290Â 319,6.0
967128,201900008659,5,31,15:00,1,1,1,1.0,3.0,64407,A 64 PK4,M,"43,4571903"," -1,4174697",64,2019,110.0,1.0,1.0,1.0,2161719,1.0,1,4,1,3.0,,0.0,0,1963.0,A01,138Â 290Â 320,1.0,-1.0,-1.0,1650538,2.0,7,,4.0,2.0,2.0,A01,138Â 290Â 320,1.0
967129,201900008660,6,17,13:30,1,1,1,1.0,6.0,34032,autoroute A9 pk 157 sens 2,M,"43,3446540","3,3201810",34,2019,130.0,2.0,1.0,1.0,2161720,2.0,2,2,1,0.0,,0.0,0,1941.0,A01,138Â 290Â 318,1.0,-1.0,-1.0,1650539,2.0,7,,4.0,0.0,2.0,A01,138Â 290Â 318,0.0
967129,201900008660,6,17,13:30,1,1,1,1.0,6.0,34032,autoroute A9 pk 157 sens 2,M,"43,3446540","3,3201810",34,2019,130.0,2.0,1.0,1.0,2161721,1.0,1,3,2,0.0,,0.0,0,1947.0,A01,138Â 290Â 318,1.0,-1.0,-1.0,1650539,2.0,7,,4.0,0.0,2.0,A01,138Â 290Â 318,0.0
967130,201900008661,6,17,08:10,1,1,1,1.0,4.0,34154,autoroute A 709,M,"43,6194832","3,9523208",34,2019,90.0,1.0,1.0,1.0,2161722,1.0,1,1,1,1.0,,0.0,0,1992.0,A01,138Â 290Â 315,1.0,-1.0,-1.0,1650540,1.0,7,,0.0,2.0,1.0,A01,138Â 290Â 315,1.0
967130,201900008661,6,17,08:10,1,1,1,1.0,4.0,34154,autoroute A 709,M,"43,6194832","3,9523208",34,2019,90.0,1.0,1.0,1.0,2161722,1.0,1,1,1,1.0,,0.0,0,1992.0,A01,138Â 290Â 315,1.0,-1.0,-1.0,1650541,1.0,7,,0.0,2.0,4.0,B01,138Â 290Â 316,1.0
967130,201900008661,6,17,08:10,1,1,1,1.0,4.0,34154,autoroute A 709,M,"43,6194832","3,9523208",34,2019,90.0,1.0,1.0,1.0,2161722,1.0,1,1,1,1.0,,0.0,0,1992.0,A01,138Â 290Â 315,1.0,-1.0,-1.0,1650542,1.0,7,,0.0,0.0,4.0,C01,138Â 290Â 317,1.0
967130,201900008661,6,17,08:10,1,1,1,1.0,4.0,34154,autoroute A 709,M,"43,6194832","3,9523208",34,2019,90.0,1.0,1.0,1.0,2161723,1.0,1,4,1,1.0,,0.0,0,1962.0,B01,138Â 290Â 316,1.0,-1.0,-1.0,1650540,1.0,7,,0.0,2.0,1.0,A01,138Â 290Â 315,1.0