Unnamed: 0_x,num_acc,mois,jour,hrmn,lum,agg,int,atm,col,com,adr,gps,lat,long,dep,annee,vma,situ,surf,catr,Unnamed: 0_y,place,catu,grav,sexe,trajet,secu,locp,actp,an_nais,num_veh_x,id_vehicule_x,secu1,secu2,secu3,Unnamed: 0,senc,catv,occutc,obs,obsm,choc,num_veh_y,id_vehicule_y,motor
967130,201900008661,6,17,08:10,1,1,1,1.0,4.0,34154,autoroute A 709,M,"43,6194832","3,9523208",34,2019,90.0,1.0,1.0,1.0,2161723,1.0,1,4,1,1.0,,0.0,0,1962.0,B01,138Â 290Â 316,1.0,-1.0,-1.0,1650541,1.0,7,,0.0,2.0,4.0,B01,138Â 290Â 316,1.0
967130,201900008661,6,17,08:10,1,1,1,1.0,4.0,34154,autoroute A 709,M,"43,6194832","3,9523208",34,2019,90.0,1.0,1.0,1.0,2161723,1.0,1,4,1,1.0,,0.0,0,1962.0,B01,138Â 290Â 316,1.0,-1.0,-1.0,1650542,1.0,7,,0.0,0.0,4.0,C01,138Â 290Â 317,1.0
967130,201900008661,6,17,08:10,1,1,1,1.0,4.0,34154,autoroute A 709,M,"43,6194832","3,9523208",34,2019,90.0,1.0,1.0,1.0,2161724,1.0,1,1,1,1.0,,0.0,0,1973.0,C01,138Â 290Â 317,1.0,-1.0,-1.0,1650540,1.0,7,,0.0,2.0,1.0,A01,138Â 290Â 315,1.0
967130,201900008661,6,17,08:10,1,1,1,1.0,4.0,34154,autoroute A 709,M,"43,6194832","3,9523208",34,2019,90.0,1.0,1.0,1.0,2161724,1.0,1,1,1,1.0,,0.0,0,1973.0,C01,138Â 290Â 317,1.0,-1.0,-1.0,1650541,1.0,7,,0.0,2.0,4.0,B01,138Â 290Â 316,1.0
967130,201900008661,6,17,08:10,1,1,1,1.0,4.0,34154,autoroute A 709,M,"43,6194832","3,9523208",34,2019,90.0,1.0,1.0,1.0,2161724,1.0,1,1,1,1.0,,0.0,0,1973.0,C01,138Â 290Â 317,1.0,-1.0,-1.0,1650542,1.0,7,,0.0,0.0,4.0,C01,138Â 290Â 317,1.0
967131,201900008662,6,4,17:55,1,1,1,1.0,6.0,34135,A9 - PK 173.300,M,"43,2626690","3,1719450",34,2019,130.0,1.0,1.0,1.0,2161725,1.0,1,4,1,1.0,,0.0,0,1997.0,A01,138Â 290Â 314,1.0,-1.0,-1.0,1650543,2.0,7,,0.0,9.0,2.0,A01,138Â 290Â 314,1.0
967132,201900008663,6,2,16:45,1,2,6,1.0,3.0,69043,Boulevard Philippe Reydllet,M,"45,7079060","4,7474220",69,2019,50.0,1.0,1.0,4.0,2161726,1.0,1,4,1,5.0,,0.0,0,2006.0,B01,138Â 290Â 312,0.0,-1.0,-1.0,1650544,0.0,1,,0.0,0.0,9.0,B01,138Â 290Â 312,5.0
967132,201900008663,6,2,16:45,1,2,6,1.0,3.0,69043,Boulevard Philippe Reydllet,M,"45,7079060","4,7474220",69,2019,50.0,1.0,1.0,4.0,2161726,1.0,1,4,1,5.0,,0.0,0,2006.0,B01,138Â 290Â 312,0.0,-1.0,-1.0,1650545,3.0,7,,0.0,9.0,5.0,A01,138Â 290Â 313,1.0
967132,201900008663,6,2,16:45,1,2,6,1.0,3.0,69043,Boulevard Philippe Reydllet,M,"45,7079060","4,7474220",69,2019,50.0,1.0,1.0,4.0,2161727,1.0,1,1,1,5.0,,0.0,0,1984.0,A01,138Â 290Â 313,1.0,-1.0,-1.0,1650544,0.0,1,,0.0,0.0,9.0,B01,138Â 290Â 312,5.0
967132,201900008663,6,2,16:45,1,2,6,1.0,3.0,69043,Boulevard Philippe Reydllet,M,"45,7079060","4,7474220",69,2019,50.0,1.0,1.0,4.0,2161727,1.0,1,1,1,5.0,,0.0,0,1984.0,A01,138Â 290Â 313,1.0,-1.0,-1.0,1650545,3.0,7,,0.0,9.0,5.0,A01,138Â 290Â 313,1.0
967133,201900008664,6,17,08:30,1,1,1,1.0,1.0,22158,Rn 164 PR 63+190,M,"48,2162730"," -3,0039100",22,2019,80.0,1.0,1.0,2.0,2161728,1.0,1,4,1,4.0,,0.0,0,1959.0,B01,138Â 290Â 310,1.0,-1.0,-1.0,1650546,1.0,17,,13.0,2.0,3.0,B01,138Â 290Â 310,1.0
967133,201900008664,6,17,08:30,1,1,1,1.0,1.0,22158,Rn 164 PR 63+190,M,"48,2162730"," -3,0039100",22,2019,80.0,1.0,1.0,2.0,2161728,1.0,1,4,1,4.0,,0.0,0,1959.0,B01,138Â 290Â 310,1.0,-1.0,-1.0,1650547,2.0,7,,3.0,2.0,1.0,A01,138Â 290Â 311,1.0
967133,201900008664,6,17,08:30,1,1,1,1.0,1.0,22158,Rn 164 PR 63+190,M,"48,2162730"," -3,0039100",22,2019,80.0,1.0,1.0,2.0,2161729,1.0,1,2,1,2.0,,0.0,0,2000.0,A01,138Â 290Â 311,1.0,-1.0,-1.0,1650546,1.0,17,,13.0,2.0,3.0,B01,138Â 290Â 310,1.0
967133,201900008664,6,17,08:30,1,1,1,1.0,1.0,22158,Rn 164 PR 63+190,M,"48,2162730"," -3,0039100",22,2019,80.0,1.0,1.0,2.0,2161729,1.0,1,2,1,2.0,,0.0,0,2000.0,A01,138Â 290Â 311,1.0,-1.0,-1.0,1650547,2.0,7,,3.0,2.0,1.0,A01,138Â 290Â 311,1.0
967134,201900008665,6,14,17:10,1,1,1,1.0,6.0,21263,a311 sens Beaue/Djon,M,"47,2452640","5,0284200",21,2019,110.0,3.0,2.0,1.0,2161730,1.0,1,3,1,5.0,,0.0,0,1989.0,A01,138Â 290Â 309,8.0,-1.0,-1.0,1650548,1.0,7,,3.0,0.0,1.0,A01,138Â 290Â 309,1.0
967134,201900008665,6,14,17:10,1,1,1,1.0,6.0,21263,a311 sens Beaue/Djon,M,"47,2452640","5,0284200",21,2019,110.0,3.0,2.0,1.0,2161731,2.0,2,1,1,5.0,,0.0,0,1977.0,A01,138Â 290Â 309,8.0,-1.0,-1.0,1650548,1.0,7,,3.0,0.0,1.0,A01,138Â 290Â 309,1.0
967135,201900008666,6,16,07:25,2,1,1,1.0,6.0,28311,A10 PK 64+100,M,"48,2131560","1,8472530",28,2019,130.0,3.0,1.0,1.0,2161732,1.0,1,3,1,5.0,,0.0,0,1944.0,A01,138Â 290Â 308,1.0,-1.0,-1.0,1650549,2.0,7,,0.0,0.0,1.0,A01,138Â 290Â 308,1.0
967136,201900008667,6,16,13:49,1,1,1,1.0,7.0,28303,A10 PK 76,M,"48,1024360","1,8515980",28,2019,130.0,3.0,1.0,1.0,2161733,1.0,1,3,2,5.0,,0.0,0,1992.0,A01,138Â 290Â 307,1.0,-1.0,-1.0,1650550,2.0,7,,3.0,0.0,3.0,A01,138Â 290Â 307,1.0
967136,201900008667,6,16,13:49,1,1,1,1.0,7.0,28303,A10 PK 76,M,"48,1024360","1,8515980",28,2019,130.0,3.0,1.0,1.0,2161734,2.0,2,3,1,5.0,,0.0,0,1993.0,A01,138Â 290Â 307,1.0,-1.0,-1.0,1650550,2.0,7,,3.0,0.0,3.0,A01,138Â 290Â 307,1.0
967137,201900008668,6,3,05:12,2,1,1,1.0,7.0,45006,A 71 PK 110+700,M,"47,8011452","1,8506008",45,2019,130.0,3.0,1.0,1.0,2161735,2.0,2,3,1,5.0,,0.0,0,1981.0,A01,138Â 290Â 306,1.0,-1.0,-1.0,1650551,2.0,7,,0.0,0.0,9.0,A01,138Â 290Â 306,1.0
967137,201900008668,6,3,05:12,2,1,1,1.0,7.0,45006,A 71 PK 110+700,M,"47,8011452","1,8506008",45,2019,130.0,3.0,1.0,1.0,2161736,1.0,1,3,1,5.0,,0.0,0,1961.0,A01,138Â 290Â 306,1.0,-1.0,-1.0,1650551,2.0,7,,0.0,0.0,9.0,A01,138Â 290Â 306,1.0
967138,201900008669,6,3,15:05,1,1,1,1.0,6.0,28199,autoroute A10,M,"48,1970338","1,8515630",28,2019,130.0,3.0,1.0,1.0,2161737,1.0,1,2,2,0.0,,0.0,0,1948.0,A01,138Â 290Â 305,1.0,-1.0,-1.0,1650552,2.0,7,,17.0,0.0,1.0,A01,138Â 290Â 305,1.0
967139,201900008670,6,17,04:30,3,1,1,1.0,4.0,11262,pk 187.730,M,"43,1795190","3,0414800",11,2019,130.0,1.0,1.0,1.0,2161738,1.0,1,1,1,4.0,,0.0,0,1965.0,C01,138Â 290Â 302,1.0,-1.0,-1.0,1650553,2.0,14,,0.0,2.0,3.0,C01,138Â 290Â 302,1.0
967139,201900008670,6,17,04:30,3,1,1,1.0,4.0,11262,pk 187.730,M,"43,1795190","3,0414800",11,2019,130.0,1.0,1.0,1.0,2161738,1.0,1,1,1,4.0,,0.0,0,1965.0,C01,138Â 290Â 302,1.0,-1.0,-1.0,1650554,2.0,13,,0.0,0.0,4.0,B01,138Â 290Â 303,1.0
967139,201900008670,6,17,04:30,3,1,1,1.0,4.0,11262,pk 187.730,M,"43,1795190","3,0414800",11,2019,130.0,1.0,1.0,1.0,2161738,1.0,1,1,1,4.0,,0.0,0,1965.0,C01,138Â 290Â 302,1.0,-1.0,-1.0,1650555,2.0,7,,0.0,2.0,1.0,A01,138Â 290Â 304,1.0
967139,201900008670,6,17,04:30,3,1,1,1.0,4.0,11262,pk 187.730,M,"43,1795190","3,0414800",11,2019,130.0,1.0,1.0,1.0,2161739,1.0,1,1,1,4.0,,0.0,0,1990.0,B01,138Â 290Â 303,1.0,-1.0,-1.0,1650553,2.0,14,,0.0,2.0,3.0,C01,138Â 290Â 302,1.0
967139,201900008670,6,17,04:30,3,1,1,1.0,4.0,11262,pk 187.730,M,"43,1795190","3,0414800",11,2019,130.0,1.0,1.0,1.0,2161739,1.0,1,1,1,4.0,,0.0,0,1990.0,B01,138Â 290Â 303,1.0,-1.0,-1.0,1650554,2.0,13,,0.0,0.0,4.0,B01,138Â 290Â 303,1.0
967139,201900008670,6,17,04:30,3,1,1,1.0,4.0,11262,pk 187.730,M,"43,1795190","3,0414800",11,2019,130.0,1.0,1.0,1.0,2161739,1.0,1,1,1,4.0,,0.0,0,1990.0,B01,138Â 290Â 303,1.0,-1.0,-1.0,1650555,2.0,7,,0.0,2.0,1.0,A01,138Â 290Â 304,1.0
967139,201900008670,6,17,04:30,3,1,1,1.0,4.0,11262,pk 187.730,M,"43,1795190","3,0414800",11,2019,130.0,1.0,1.0,1.0,2161740,1.0,1,2,1,5.0,,0.0,0,1994.0,A01,138Â 290Â 304,1.0,-1.0,-1.0,1650553,2.0,14,,0.0,2.0,3.0,C01,138Â 290Â 302,1.0
967139,201900008670,6,17,04:30,3,1,1,1.0,4.0,11262,pk 187.730,M,"43,1795190","3,0414800",11,2019,130.0,1.0,1.0,1.0,2161740,1.0,1,2,1,5.0,,0.0,0,1994.0,A01,138Â 290Â 304,1.0,-1.0,-1.0,1650554,2.0,13,,0.0,0.0,4.0,B01,138Â 290Â 303,1.0
967139,201900008670,6,17,04:30,3,1,1,1.0,4.0,11262,pk 187.730,M,"43,1795190","3,0414800",11,2019,130.0,1.0,1.0,1.0,2161740,1.0,1,2,1,5.0,,0.0,0,1994.0,A01,138Â 290Â 304,1.0,-1.0,-1.0,1650555,2.0,7,,0.0,2.0,1.0,A01,138Â 290Â 304,1.0
967140,201900008671,6,13,16:35,1,1,1,1.0,5.0,30189,Autoroute A9 la Catalane,M,"43,8065310","4,3345460",30,2019,130.0,1.0,1.0,1.0,2161741,1.0,1,3,2,9.0,,0.0,0,1987.0,F01,138Â 290Â 296,1.0,-1.0,-1.0,1650556,2.0,7,,0.0,2.0,4.0,F01,138Â 290Â 296,1.0
967140,201900008671,6,13,16:35,1,1,1,1.0,5.0,30189,Autoroute A9 la Catalane,M,"43,8065310","4,3345460",30,2019,130.0,1.0,1.0,1.0,2161741,1.0,1,3,2,9.0,,0.0,0,1987.0,F01,138Â 290Â 296,1.0,-1.0,-1.0,1650557,2.0,10,,0.0,2.0,4.0,E01,138Â 290Â 297,1.0
967140,201900008671,6,13,16:35,1,1,1,1.0,5.0,30189,Autoroute A9 la Catalane,M,"43,8065310","4,3345460",30,2019,130.0,1.0,1.0,1.0,2161741,1.0,1,3,2,9.0,,0.0,0,1987.0,F01,138Â 290Â 296,1.0,-1.0,-1.0,1650558,2.0,7,,0.0,2.0,1.0,D01,138Â 290Â 298,1.0
967140,201900008671,6,13,16:35,1,1,1,1.0,5.0,30189,Autoroute A9 la Catalane,M,"43,8065310","4,3345460",30,2019,130.0,1.0,1.0,1.0,2161741,1.0,1,3,2,9.0,,0.0,0,1987.0,F01,138Â 290Â 296,1.0,-1.0,-1.0,1650559,2.0,15,,0.0,2.0,1.0,C01,138Â 290Â 299,1.0
967140,201900008671,6,13,16:35,1,1,1,1.0,5.0,30189,Autoroute A9 la Catalane,M,"43,8065310","4,3345460",30,2019,130.0,1.0,1.0,1.0,2161741,1.0,1,3,2,9.0,,0.0,0,1987.0,F01,138Â 290Â 296,1.0,-1.0,-1.0,1650560,2.0,15,,0.0,0.0,4.0,B01,138Â 290Â 300,1.0
967140,201900008671,6,13,16:35,1,1,1,1.0,5.0,30189,Autoroute A9 la Catalane,M,"43,8065310","4,3345460",30,2019,130.0,1.0,1.0,1.0,2161741,1.0,1,3,2,9.0,,0.0,0,1987.0,F01,138Â 290Â 296,1.0,-1.0,-1.0,1650561,2.0,15,,4.0,0.0,4.0,A01,138Â 290Â 301,1.0
967140,201900008671,6,13,16:35,1,1,1,1.0,5.0,30189,Autoroute A9 la Catalane,M,"43,8065310","4,3345460",30,2019,130.0,1.0,1.0,1.0,2161742,2.0,2,2,1,4.0,,0.0,0,1961.0,E01,138Â 290Â 297,1.0,-1.0,-1.0,1650556,2.0,7,,0.0,2.0,4.0,F01,138Â 290Â 296,1.0
967140,201900008671,6,13,16:35,1,1,1,1.0,5.0,30189,Autoroute A9 la Catalane,M,"43,8065310","4,3345460",30,2019,130.0,1.0,1.0,1.0,2161742,2.0,2,2,1,4.0,,0.0,0,1961.0,E01,138Â 290Â 297,1.0,-1.0,-1.0,1650557,2.0,10,,0.0,2.0,4.0,E01,138Â 290Â 297,1.0
967140,201900008671,6,13,16:35,1,1,1,1.0,5.0,30189,Autoroute A9 la Catalane,M,"43,8065310","4,3345460",30,2019,130.0,1.0,1.0,1.0,2161742,2.0,2,2,1,4.0,,0.0,0,1961.0,E01,138Â 290Â 297,1.0,-1.0,-1.0,1650558,2.0,7,,0.0,2.0,1.0,D01,138Â 290Â 298,1.0
967140,201900008671,6,13,16:35,1,1,1,1.0,5.0,30189,Autoroute A9 la Catalane,M,"43,8065310","4,3345460",30,2019,130.0,1.0,1.0,1.0,2161742,2.0,2,2,1,4.0,,0.0,0,1961.0,E01,138Â 290Â 297,1.0,-1.0,-1.0,1650559,2.0,15,,0.0,2.0,1.0,C01,138Â 290Â 299,1.0
967140,201900008671,6,13,16:35,1,1,1,1.0,5.0,30189,Autoroute A9 la Catalane,M,"43,8065310","4,3345460",30,2019,130.0,1.0,1.0,1.0,2161742,2.0,2,2,1,4.0,,0.0,0,1961.0,E01,138Â 290Â 297,1.0,-1.0,-1.0,1650560,2.0,15,,0.0,0.0,4.0,B01,138Â 290Â 300,1.0
967140,201900008671,6,13,16:35,1,1,1,1.0,5.0,30189,Autoroute A9 la Catalane,M,"43,8065310","4,3345460",30,2019,130.0,1.0,1.0,1.0,2161742,2.0,2,2,1,4.0,,0.0,0,1961.0,E01,138Â 290Â 297,1.0,-1.0,-1.0,1650561,2.0,15,,4.0,0.0,4.0,A01,138Â 290Â 301,1.0
967140,201900008671,6,13,16:35,1,1,1,1.0,5.0,30189,Autoroute A9 la Catalane,M,"43,8065310","4,3345460",30,2019,130.0,1.0,1.0,1.0,2161743,1.0,1,2,1,4.0,,0.0,0,1995.0,E01,138Â 290Â 297,1.0,-1.0,-1.0,1650556,2.0,7,,0.0,2.0,4.0,F01,138Â 290Â 296,1.0
967140,201900008671,6,13,16:35,1,1,1,1.0,5.0,30189,Autoroute A9 la Catalane,M,"43,8065310","4,3345460",30,2019,130.0,1.0,1.0,1.0,2161743,1.0,1,2,1,4.0,,0.0,0,1995.0,E01,138Â 290Â 297,1.0,-1.0,-1.0,1650557,2.0,10,,0.0,2.0,4.0,E01,138Â 290Â 297,1.0
967140,201900008671,6,13,16:35,1,1,1,1.0,5.0,30189,Autoroute A9 la Catalane,M,"43,8065310","4,3345460",30,2019,130.0,1.0,1.0,1.0,2161743,1.0,1,2,1,4.0,,0.0,0,1995.0,E01,138Â 290Â 297,1.0,-1.0,-1.0,1650558,2.0,7,,0.0,2.0,1.0,D01,138Â 290Â 298,1.0
967140,201900008671,6,13,16:35,1,1,1,1.0,5.0,30189,Autoroute A9 la Catalane,M,"43,8065310","4,3345460",30,2019,130.0,1.0,1.0,1.0,2161743,1.0,1,2,1,4.0,,0.0,0,1995.0,E01,138Â 290Â 297,1.0,-1.0,-1.0,1650559,2.0,15,,0.0,2.0,1.0,C01,138Â 290Â 299,1.0
967140,201900008671,6,13,16:35,1,1,1,1.0,5.0,30189,Autoroute A9 la Catalane,M,"43,8065310","4,3345460",30,2019,130.0,1.0,1.0,1.0,2161743,1.0,1,2,1,4.0,,0.0,0,1995.0,E01,138Â 290Â 297,1.0,-1.0,-1.0,1650560,2.0,15,,0.0,0.0,4.0,B01,138Â 290Â 300,1.0
967140,201900008671,6,13,16:35,1,1,1,1.0,5.0,30189,Autoroute A9 la Catalane,M,"43,8065310","4,3345460",30,2019,130.0,1.0,1.0,1.0,2161743,1.0,1,2,1,4.0,,0.0,0,1995.0,E01,138Â 290Â 297,1.0,-1.0,-1.0,1650561,2.0,15,,4.0,0.0,4.0,A01,138Â 290Â 301,1.0
967140,201900008671,6,13,16:35,1,1,1,1.0,5.0,30189,Autoroute A9 la Catalane,M,"43,8065310","4,3345460",30,2019,130.0,1.0,1.0,1.0,2161744,1.0,1,4,1,4.0,,0.0,0,1968.0,D01,138Â 290Â 298,1.0,-1.0,-1.0,1650556,2.0,7,,0.0,2.0,4.0,F01,138Â 290Â 296,1.0
967140,201900008671,6,13,16:35,1,1,1,1.0,5.0,30189,Autoroute A9 la Catalane,M,"43,8065310","4,3345460",30,2019,130.0,1.0,1.0,1.0,2161744,1.0,1,4,1,4.0,,0.0,0,1968.0,D01,138Â 290Â 298,1.0,-1.0,-1.0,1650557,2.0,10,,0.0,2.0,4.0,E01,138Â 290Â 297,1.0
967140,201900008671,6,13,16:35,1,1,1,1.0,5.0,30189,Autoroute A9 la Catalane,M,"43,8065310","4,3345460",30,2019,130.0,1.0,1.0,1.0,2161744,1.0,1,4,1,4.0,,0.0,0,1968.0,D01,138Â 290Â 298,1.0,-1.0,-1.0,1650558,2.0,7,,0.0,2.0,1.0,D01,138Â 290Â 298,1.0
967140,201900008671,6,13,16:35,1,1,1,1.0,5.0,30189,Autoroute A9 la Catalane,M,"43,8065310","4,3345460",30,2019,130.0,1.0,1.0,1.0,2161744,1.0,1,4,1,4.0,,0.0,0,1968.0,D01,138Â 290Â 298,1.0,-1.0,-1.0,1650559,2.0,15,,0.0,2.0,1.0,C01,138Â 290Â 299,1.0
967140,201900008671,6,13,16:35,1,1,1,1.0,5.0,30189,Autoroute A9 la Catalane,M,"43,8065310","4,3345460",30,2019,130.0,1.0,1.0,1.0,2161744,1.0,1,4,1,4.0,,0.0,0,1968.0,D01,138Â 290Â 298,1.0,-1.0,-1.0,1650560,2.0,15,,0.0,0.0,4.0,B01,138Â 290Â 300,1.0
967140,201900008671,6,13,16:35,1,1,1,1.0,5.0,30189,Autoroute A9 la Catalane,M,"43,8065310","4,3345460",30,2019,130.0,1.0,1.0,1.0,2161744,1.0,1,4,1,4.0,,0.0,0,1968.0,D01,138Â 290Â 298,1.0,-1.0,-1.0,1650561,2.0,15,,4.0,0.0,4.0,A01,138Â 290Â 301,1.0
967140,201900008671,6,13,16:35,1,1,1,1.0,5.0,30189,Autoroute A9 la Catalane,M,"43,8065310","4,3345460",30,2019,130.0,1.0,1.0,1.0,2161745,1.0,1,4,1,4.0,,0.0,0,1969.0,C01,138Â 290Â 299,8.0,-1.0,-1.0,1650556,2.0,7,,0.0,2.0,4.0,F01,138Â 290Â 296,1.0
967140,201900008671,6,13,16:35,1,1,1,1.0,5.0,30189,Autoroute A9 la Catalane,M,"43,8065310","4,3345460",30,2019,130.0,1.0,1.0,1.0,2161745,1.0,1,4,1,4.0,,0.0,0,1969.0,C01,138Â 290Â 299,8.0,-1.0,-1.0,1650557,2.0,10,,0.0,2.0,4.0,E01,138Â 290Â 297,1.0
967140,201900008671,6,13,16:35,1,1,1,1.0,5.0,30189,Autoroute A9 la Catalane,M,"43,8065310","4,3345460",30,2019,130.0,1.0,1.0,1.0,2161745,1.0,1,4,1,4.0,,0.0,0,1969.0,C01,138Â 290Â 299,8.0,-1.0,-1.0,1650558,2.0,7,,0.0,2.0,1.0,D01,138Â 290Â 298,1.0
967140,201900008671,6,13,16:35,1,1,1,1.0,5.0,30189,Autoroute A9 la Catalane,M,"43,8065310","4,3345460",30,2019,130.0,1.0,1.0,1.0,2161745,1.0,1,4,1,4.0,,0.0,0,1969.0,C01,138Â 290Â 299,8.0,-1.0,-1.0,1650559,2.0,15,,0.0,2.0,1.0,C01,138Â 290Â 299,1.0
967140,201900008671,6,13,16:35,1,1,1,1.0,5.0,30189,Autoroute A9 la Catalane,M,"43,8065310","4,3345460",30,2019,130.0,1.0,1.0,1.0,2161745,1.0,1,4,1,4.0,,0.0,0,1969.0,C01,138Â 290Â 299,8.0,-1.0,-1.0,1650560,2.0,15,,0.0,0.0,4.0,B01,138Â 290Â 300,1.0
967140,201900008671,6,13,16:35,1,1,1,1.0,5.0,30189,Autoroute A9 la Catalane,M,"43,8065310","4,3345460",30,2019,130.0,1.0,1.0,1.0,2161745,1.0,1,4,1,4.0,,0.0,0,1969.0,C01,138Â 290Â 299,8.0,-1.0,-1.0,1650561,2.0,15,,4.0,0.0,4.0,A01,138Â 290Â 301,1.0
967140,201900008671,6,13,16:35,1,1,1,1.0,5.0,30189,Autoroute A9 la Catalane,M,"43,8065310","4,3345460",30,2019,130.0,1.0,1.0,1.0,2161746,1.0,1,1,1,4.0,,0.0,0,1966.0,B01,138Â 290Â 300,1.0,-1.0,-1.0,1650556,2.0,7,,0.0,2.0,4.0,F01,138Â 290Â 296,1.0
967140,201900008671,6,13,16:35,1,1,1,1.0,5.0,30189,Autoroute A9 la Catalane,M,"43,8065310","4,3345460",30,2019,130.0,1.0,1.0,1.0,2161746,1.0,1,1,1,4.0,,0.0,0,1966.0,B01,138Â 290Â 300,1.0,-1.0,-1.0,1650557,2.0,10,,0.0,2.0,4.0,E01,138Â 290Â 297,1.0
967140,201900008671,6,13,16:35,1,1,1,1.0,5.0,30189,Autoroute A9 la Catalane,M,"43,8065310","4,3345460",30,2019,130.0,1.0,1.0,1.0,2161746,1.0,1,1,1,4.0,,0.0,0,1966.0,B01,138Â 290Â 300,1.0,-1.0,-1.0,1650558,2.0,7,,0.0,2.0,1.0,D01,138Â 290Â 298,1.0
967140,201900008671,6,13,16:35,1,1,1,1.0,5.0,30189,Autoroute A9 la Catalane,M,"43,8065310","4,3345460",30,2019,130.0,1.0,1.0,1.0,2161746,1.0,1,1,1,4.0,,0.0,0,1966.0,B01,138Â 290Â 300,1.0,-1.0,-1.0,1650559,2.0,15,,0.0,2.0,1.0,C01,138Â 290Â 299,1.0
967140,201900008671,6,13,16:35,1,1,1,1.0,5.0,30189,Autoroute A9 la Catalane,M,"43,8065310","4,3345460",30,2019,130.0,1.0,1.0,1.0,2161746,1.0,1,1,1,4.0,,0.0,0,1966.0,B01,138Â 290Â 300,1.0,-1.0,-1.0,1650560,2.0,15,,0.0,0.0,4.0,B01,138Â 290Â 300,1.0
967140,201900008671,6,13,16:35,1,1,1,1.0,5.0,30189,Autoroute A9 la Catalane,M,"43,8065310","4,3345460",30,2019,130.0,1.0,1.0,1.0,2161746,1.0,1,1,1,4.0,,0.0,0,1966.0,B01,138Â 290Â 300,1.0,-1.0,-1.0,1650561,2.0,15,,4.0,0.0,4.0,A01,138Â 290Â 301,1.0
967140,201900008671,6,13,16:35,1,1,1,1.0,5.0,30189,Autoroute A9 la Catalane,M,"43,8065310","4,3345460",30,2019,130.0,1.0,1.0,1.0,2161747,1.0,1,4,1,4.0,,0.0,0,1993.0,A01,138Â 290Â 301,8.0,-1.0,-1.0,1650556,2.0,7,,0.0,2.0,4.0,F01,138Â 290Â 296,1.0
967140,201900008671,6,13,16:35,1,1,1,1.0,5.0,30189,Autoroute A9 la Catalane,M,"43,8065310","4,3345460",30,2019,130.0,1.0,1.0,1.0,2161747,1.0,1,4,1,4.0,,0.0,0,1993.0,A01,138Â 290Â 301,8.0,-1.0,-1.0,1650557,2.0,10,,0.0,2.0,4.0,E01,138Â 290Â 297,1.0
967140,201900008671,6,13,16:35,1,1,1,1.0,5.0,30189,Autoroute A9 la Catalane,M,"43,8065310","4,3345460",30,2019,130.0,1.0,1.0,1.0,2161747,1.0,1,4,1,4.0,,0.0,0,1993.0,A01,138Â 290Â 301,8.0,-1.0,-1.0,1650558,2.0,7,,0.0,2.0,1.0,D01,138Â 290Â 298,1.0
967140,201900008671,6,13,16:35,1,1,1,1.0,5.0,30189,Autoroute A9 la Catalane,M,"43,8065310","4,3345460",30,2019,130.0,1.0,1.0,1.0,2161747,1.0,1,4,1,4.0,,0.0,0,1993.0,A01,138Â 290Â 301,8.0,-1.0,-1.0,1650559,2.0,15,,0.0,2.0,1.0,C01,138Â 290Â 299,1.0
967140,201900008671,6,13,16:35,1,1,1,1.0,5.0,30189,Autoroute A9 la Catalane,M,"43,8065310","4,3345460",30,2019,130.0,1.0,1.0,1.0,2161747,1.0,1,4,1,4.0,,0.0,0,1993.0,A01,138Â 290Â 301,8.0,-1.0,-1.0,1650560,2.0,15,,0.0,0.0,4.0,B01,138Â 290Â 300,1.0
967140,201900008671,6,13,16:35,1,1,1,1.0,5.0,30189,Autoroute A9 la Catalane,M,"43,8065310","4,3345460",30,2019,130.0,1.0,1.0,1.0,2161747,1.0,1,4,1,4.0,,0.0,0,1993.0,A01,138Â 290Â 301,8.0,-1.0,-1.0,1650561,2.0,15,,4.0,0.0,4.0,A01,138Â 290Â 301,1.0
967141,201900008672,6,7,17:55,1,1,1,1.0,2.0,34340,Autoroute A9 - PK 76+800,M,"43,7336650","4,1392660",34,2019,130.0,1.0,1.0,1.0,2161748,1.0,1,1,1,5.0,,0.0,0,1994.0,B01,138Â 290Â 294,1.0,-1.0,-1.0,1650562,2.0,7,,0.0,2.0,2.0,B01,138Â 290Â 294,1.0
967141,201900008672,6,7,17:55,1,1,1,1.0,2.0,34340,Autoroute A9 - PK 76+800,M,"43,7336650","4,1392660",34,2019,130.0,1.0,1.0,1.0,2161748,1.0,1,1,1,5.0,,0.0,0,1994.0,B01,138Â 290Â 294,1.0,-1.0,-1.0,1650563,2.0,33,,0.0,0.0,4.0,A01,138Â 290Â 295,1.0
967141,201900008672,6,7,17:55,1,1,1,1.0,2.0,34340,Autoroute A9 - PK 76+800,M,"43,7336650","4,1392660",34,2019,130.0,1.0,1.0,1.0,2161749,1.0,1,4,1,0.0,,0.0,0,1960.0,A01,138Â 290Â 295,2.0,-1.0,-1.0,1650562,2.0,7,,0.0,2.0,2.0,B01,138Â 290Â 294,1.0