Unnamed: 0_x,num_acc,mois,jour,hrmn,lum,agg,int,atm,col,com,adr,gps,lat,long,dep,annee,vma,situ,surf,catr,Unnamed: 0_y,place,catu,grav,sexe,trajet,secu,locp,actp,an_nais,num_veh_x,id_vehicule_x,secu1,secu2,secu3,Unnamed: 0,senc,catv,occutc,obs,obsm,choc,num_veh_y,id_vehicule_y,motor
967141,201900008672,6,7,17:55,1,1,1,1.0,2.0,34340,Autoroute A9 - PK 76+800,M,"43,7336650","4,1392660",34,2019,130.0,1.0,1.0,1.0,2161749,1.0,1,4,1,0.0,,0.0,0,1960.0,A01,138Â 290Â 295,2.0,-1.0,-1.0,1650563,2.0,33,,0.0,0.0,4.0,A01,138Â 290Â 295,1.0
967142,201900008673,6,10,15:40,1,1,1,1.0,7.0,97103,Route de Calvaire Chapelle,M,"16,2337650"," -61,6315940",971,2019,80.0,8.0,1.0,4.0,2161750,1.0,1,3,1,5.0,,0.0,0,1992.0,A01,138Â 290Â 293,2.0,-1.0,-1.0,1650564,3.0,2,,16.0,0.0,1.0,A01,138Â 290Â 293,1.0
967142,201900008673,6,10,15:40,1,1,1,1.0,7.0,97103,Route de Calvaire Chapelle,M,"16,2337650"," -61,6315940",971,2019,80.0,8.0,1.0,4.0,2161751,2.0,2,4,1,5.0,,0.0,0,1984.0,A01,138Â 290Â 293,2.0,-1.0,-1.0,1650564,3.0,2,,16.0,0.0,1.0,A01,138Â 290Â 293,1.0
967143,201900008674,5,13,15:30,1,1,1,1.0,3.0,97103,ZAC DE BEAUSOLEIL,M,"16,2496080"," -61,5918550",971,2019,80.0,1.0,1.0,2.0,2161752,1.0,1,3,1,5.0,,0.0,0,1991.0,B01,138Â 290Â 291,2.0,-1.0,-1.0,1650565,0.0,33,,0.0,2.0,1.0,B01,138Â 290Â 291,1.0
967143,201900008674,5,13,15:30,1,1,1,1.0,3.0,97103,ZAC DE BEAUSOLEIL,M,"16,2496080"," -61,5918550",971,2019,80.0,1.0,1.0,2.0,2161752,1.0,1,3,1,5.0,,0.0,0,1991.0,B01,138Â 290Â 291,2.0,-1.0,-1.0,1650566,0.0,7,,0.0,2.0,8.0,A01,138Â 290Â 292,1.0
967143,201900008674,5,13,15:30,1,1,1,1.0,3.0,97103,ZAC DE BEAUSOLEIL,M,"16,2496080"," -61,5918550",971,2019,80.0,1.0,1.0,2.0,2161753,1.0,1,1,1,5.0,,0.0,0,1967.0,A01,138Â 290Â 292,1.0,-1.0,-1.0,1650565,0.0,33,,0.0,2.0,1.0,B01,138Â 290Â 291,1.0
967143,201900008674,5,13,15:30,1,1,1,1.0,3.0,97103,ZAC DE BEAUSOLEIL,M,"16,2496080"," -61,5918550",971,2019,80.0,1.0,1.0,2.0,2161753,1.0,1,1,1,5.0,,0.0,0,1967.0,A01,138Â 290Â 292,1.0,-1.0,-1.0,1650566,0.0,7,,0.0,2.0,8.0,A01,138Â 290Â 292,1.0
967143,201900008674,5,13,15:30,1,1,1,1.0,3.0,97103,ZAC DE BEAUSOLEIL,M,"16,2496080"," -61,5918550",971,2019,80.0,1.0,1.0,2.0,2161754,2.0,2,1,2,5.0,,0.0,0,1968.0,A01,138Â 290Â 292,1.0,-1.0,-1.0,1650565,0.0,33,,0.0,2.0,1.0,B01,138Â 290Â 291,1.0
967143,201900008674,5,13,15:30,1,1,1,1.0,3.0,97103,ZAC DE BEAUSOLEIL,M,"16,2496080"," -61,5918550",971,2019,80.0,1.0,1.0,2.0,2161754,2.0,2,1,2,5.0,,0.0,0,1968.0,A01,138Â 290Â 292,1.0,-1.0,-1.0,1650566,0.0,7,,0.0,2.0,8.0,A01,138Â 290Â 292,1.0
967144,201900008675,6,7,16:05,1,1,1,1.0,1.0,74264,Bretelle d'accÃ¨s A 40 numÃ©ro 18,M,"46,0680334","6,5553570",74,2019,70.0,1.0,1.0,1.0,2161755,1.0,1,1,1,4.0,,0.0,0,1988.0,B01,138Â 290Â 289,1.0,5.0,-1.0,1650567,1.0,10,,0.0,2.0,3.0,B01,138Â 290Â 289,1.0
967144,201900008675,6,7,16:05,1,1,1,1.0,1.0,74264,Bretelle d'accÃ¨s A 40 numÃ©ro 18,M,"46,0680334","6,5553570",74,2019,70.0,1.0,1.0,1.0,2161755,1.0,1,1,1,4.0,,0.0,0,1988.0,B01,138Â 290Â 289,1.0,5.0,-1.0,1650568,2.0,7,,0.0,2.0,3.0,A01,138Â 290Â 290,1.0
967144,201900008675,6,7,16:05,1,1,1,1.0,1.0,74264,Bretelle d'accÃ¨s A 40 numÃ©ro 18,M,"46,0680334","6,5553570",74,2019,70.0,1.0,1.0,1.0,2161756,1.0,1,4,1,1.0,,0.0,0,1972.0,A01,138Â 290Â 290,1.0,5.0,-1.0,1650567,1.0,10,,0.0,2.0,3.0,B01,138Â 290Â 289,1.0
967144,201900008675,6,7,16:05,1,1,1,1.0,1.0,74264,Bretelle d'accÃ¨s A 40 numÃ©ro 18,M,"46,0680334","6,5553570",74,2019,70.0,1.0,1.0,1.0,2161756,1.0,1,4,1,1.0,,0.0,0,1972.0,A01,138Â 290Â 290,1.0,5.0,-1.0,1650568,2.0,7,,0.0,2.0,3.0,A01,138Â 290Â 290,1.0
967145,201900008676,6,1,16:30,1,1,1,1.0,6.0,74159,autoroute A40,M,"46,0289060","6,6144730",74,2019,130.0,1.0,1.0,1.0,2161757,1.0,1,3,2,5.0,,0.0,0,1953.0,A01,138Â 290Â 288,1.0,-1.0,-1.0,1650569,2.0,7,,3.0,0.0,2.0,A01,138Â 290Â 288,1.0
967146,201900008677,6,7,13:00,1,2,1,1.0,1.0,97605,CCD16,M," -12,8209000","45,1137880",976,2019,50.0,1.0,1.0,3.0,2161758,1.0,1,1,2,0.0,,0.0,0,1988.0,B01,138Â 290Â 286,1.0,-1.0,-1.0,1650570,1.0,7,,0.0,2.0,3.0,B01,138Â 290Â 286,1.0
967146,201900008677,6,7,13:00,1,2,1,1.0,1.0,97605,CCD16,M," -12,8209000","45,1137880",976,2019,50.0,1.0,1.0,3.0,2161758,1.0,1,1,2,0.0,,0.0,0,1988.0,B01,138Â 290Â 286,1.0,-1.0,-1.0,1650571,2.0,2,,0.0,2.0,1.0,A01,138Â 290Â 287,1.0
967146,201900008677,6,7,13:00,1,2,1,1.0,1.0,97605,CCD16,M," -12,8209000","45,1137880",976,2019,50.0,1.0,1.0,3.0,2161759,1.0,1,3,1,0.0,,0.0,0,1987.0,A01,138Â 290Â 287,2.0,-1.0,-1.0,1650570,1.0,7,,0.0,2.0,3.0,B01,138Â 290Â 286,1.0
967146,201900008677,6,7,13:00,1,2,1,1.0,1.0,97605,CCD16,M," -12,8209000","45,1137880",976,2019,50.0,1.0,1.0,3.0,2161759,1.0,1,3,1,0.0,,0.0,0,1987.0,A01,138Â 290Â 287,2.0,-1.0,-1.0,1650571,2.0,2,,0.0,2.0,1.0,A01,138Â 290Â 287,1.0
967147,201900008678,6,3,17:30,1,2,1,1.0,1.0,95250,Avenue Debussy,M,"49,0975578","2,5084060",95,2019,30.0,1.0,1.0,4.0,2161760,1.0,1,1,2,5.0,,0.0,0,1991.0,A01,138Â 290Â 284,1.0,-1.0,-1.0,1650572,3.0,7,,0.0,2.0,1.0,A01,138Â 290Â 284,1.0
967147,201900008678,6,3,17:30,1,2,1,1.0,1.0,95250,Avenue Debussy,M,"49,0975578","2,5084060",95,2019,30.0,1.0,1.0,4.0,2161760,1.0,1,1,2,5.0,,0.0,0,1991.0,A01,138Â 290Â 284,1.0,-1.0,-1.0,1650573,3.0,1,,0.0,2.0,1.0,B01,138Â 290Â 285,5.0
967147,201900008678,6,3,17:30,1,2,1,1.0,1.0,95250,Avenue Debussy,M,"49,0975578","2,5084060",95,2019,30.0,1.0,1.0,4.0,2161761,2.0,2,1,2,5.0,,0.0,0,1991.0,A01,138Â 290Â 284,1.0,-1.0,-1.0,1650572,3.0,7,,0.0,2.0,1.0,A01,138Â 290Â 284,1.0
967147,201900008678,6,3,17:30,1,2,1,1.0,1.0,95250,Avenue Debussy,M,"49,0975578","2,5084060",95,2019,30.0,1.0,1.0,4.0,2161761,2.0,2,1,2,5.0,,0.0,0,1991.0,A01,138Â 290Â 284,1.0,-1.0,-1.0,1650573,3.0,1,,0.0,2.0,1.0,B01,138Â 290Â 285,5.0
967147,201900008678,6,3,17:30,1,2,1,1.0,1.0,95250,Avenue Debussy,M,"49,0975578","2,5084060",95,2019,30.0,1.0,1.0,4.0,2161762,1.0,1,4,1,5.0,,0.0,0,2009.0,B01,138Â 290Â 285,0.0,-1.0,-1.0,1650572,3.0,7,,0.0,2.0,1.0,A01,138Â 290Â 284,1.0
967147,201900008678,6,3,17:30,1,2,1,1.0,1.0,95250,Avenue Debussy,M,"49,0975578","2,5084060",95,2019,30.0,1.0,1.0,4.0,2161762,1.0,1,4,1,5.0,,0.0,0,2009.0,B01,138Â 290Â 285,0.0,-1.0,-1.0,1650573,3.0,1,,0.0,2.0,1.0,B01,138Â 290Â 285,5.0
967148,201900008679,6,12,15:59,1,2,1,1.0,6.0,68118,Avenue du GÃ©nÃ©ral de Gaulle,M,"47,7292320","7,4179570",68,2019,50.0,1.0,1.0,4.0,2161763,10.0,3,4,2,5.0,,2.0,3,2003.0,A01,138Â 290Â 283,0.0,-1.0,-1.0,1650574,0.0,7,,0.0,1.0,2.0,A01,138Â 290Â 283,1.0
967148,201900008679,6,12,15:59,1,2,1,1.0,6.0,68118,Avenue du GÃ©nÃ©ral de Gaulle,M,"47,7292320","7,4179570",68,2019,50.0,1.0,1.0,4.0,2161764,1.0,1,1,2,3.0,,0.0,0,1981.0,A01,138Â 290Â 283,1.0,-1.0,-1.0,1650574,0.0,7,,0.0,1.0,2.0,A01,138Â 290Â 283,1.0
967149,201900008680,6,19,14:36,1,1,1,1.0,3.0,38053,A 43,M,"45,5975300","5,2770700",38,2019,130.0,1.0,1.0,1.0,2161765,1.0,1,1,1,4.0,,0.0,0,1964.0,B01,138Â 290Â 281,1.0,-1.0,-1.0,1650575,2.0,7,,0.0,2.0,8.0,B01,138Â 290Â 281,1.0
967149,201900008680,6,19,14:36,1,1,1,1.0,3.0,38053,A 43,M,"45,5975300","5,2770700",38,2019,130.0,1.0,1.0,1.0,2161765,1.0,1,1,1,4.0,,0.0,0,1964.0,B01,138Â 290Â 281,1.0,-1.0,-1.0,1650576,2.0,7,,3.0,2.0,7.0,A01,138Â 290Â 282,1.0
967149,201900008680,6,19,14:36,1,1,1,1.0,3.0,38053,A 43,M,"45,5975300","5,2770700",38,2019,130.0,1.0,1.0,1.0,2161766,1.0,1,2,1,4.0,,0.0,0,1979.0,A01,138Â 290Â 282,1.0,-1.0,-1.0,1650575,2.0,7,,0.0,2.0,8.0,B01,138Â 290Â 281,1.0
967149,201900008680,6,19,14:36,1,1,1,1.0,3.0,38053,A 43,M,"45,5975300","5,2770700",38,2019,130.0,1.0,1.0,1.0,2161766,1.0,1,2,1,4.0,,0.0,0,1979.0,A01,138Â 290Â 282,1.0,-1.0,-1.0,1650576,2.0,7,,3.0,2.0,7.0,A01,138Â 290Â 282,1.0
967150,201900008681,6,6,15:17,1,1,1,1.0,2.0,38537,Autoroute 43 PK 022+500,M,"45,6367570","5,1426490",38,2019,130.0,1.0,1.0,1.0,2161767,1.0,1,1,1,4.0,,0.0,0,1971.0,B01,138Â 290Â 279,1.0,-1.0,-1.0,1650577,2.0,14,,0.0,2.0,6.0,B01,138Â 290Â 279,1.0
967150,201900008681,6,6,15:17,1,1,1,1.0,2.0,38537,Autoroute 43 PK 022+500,M,"45,6367570","5,1426490",38,2019,130.0,1.0,1.0,1.0,2161767,1.0,1,1,1,4.0,,0.0,0,1971.0,B01,138Â 290Â 279,1.0,-1.0,-1.0,1650578,2.0,7,,0.0,2.0,2.0,A01,138Â 290Â 280,1.0
967150,201900008681,6,6,15:17,1,1,1,1.0,2.0,38537,Autoroute 43 PK 022+500,M,"45,6367570","5,1426490",38,2019,130.0,1.0,1.0,1.0,2161768,1.0,1,3,1,4.0,,0.0,0,1976.0,A01,138Â 290Â 280,1.0,-1.0,-1.0,1650577,2.0,14,,0.0,2.0,6.0,B01,138Â 290Â 279,1.0
967150,201900008681,6,6,15:17,1,1,1,1.0,2.0,38537,Autoroute 43 PK 022+500,M,"45,6367570","5,1426490",38,2019,130.0,1.0,1.0,1.0,2161768,1.0,1,3,1,4.0,,0.0,0,1976.0,A01,138Â 290Â 280,1.0,-1.0,-1.0,1650578,2.0,7,,0.0,2.0,2.0,A01,138Â 290Â 280,1.0
967151,201900008682,6,4,17:12,1,1,1,1.0,2.0,38530,"A43, Pk 027+000",M,"45,6275140","5,1709690",38,2019,130.0,1.0,1.0,1.0,2161769,1.0,1,1,1,0.0,,0.0,0,1973.0,B01,138Â 290Â 277,1.0,-1.0,-1.0,1650579,2.0,7,,3.0,0.0,4.0,B01,138Â 290Â 277,1.0
967151,201900008682,6,4,17:12,1,1,1,1.0,2.0,38530,"A43, Pk 027+000",M,"45,6275140","5,1709690",38,2019,130.0,1.0,1.0,1.0,2161769,1.0,1,1,1,0.0,,0.0,0,1973.0,B01,138Â 290Â 277,1.0,-1.0,-1.0,1650580,2.0,7,,0.0,2.0,1.0,A01,138Â 290Â 278,1.0
967151,201900008682,6,4,17:12,1,1,1,1.0,2.0,38530,"A43, Pk 027+000",M,"45,6275140","5,1709690",38,2019,130.0,1.0,1.0,1.0,2161770,1.0,1,4,2,0.0,,0.0,0,1994.0,A01,138Â 290Â 278,1.0,-1.0,-1.0,1650579,2.0,7,,3.0,0.0,4.0,B01,138Â 290Â 277,1.0
967151,201900008682,6,4,17:12,1,1,1,1.0,2.0,38530,"A43, Pk 027+000",M,"45,6275140","5,1709690",38,2019,130.0,1.0,1.0,1.0,2161770,1.0,1,4,2,0.0,,0.0,0,1994.0,A01,138Â 290Â 278,1.0,-1.0,-1.0,1650580,2.0,7,,0.0,2.0,1.0,A01,138Â 290Â 278,1.0
967151,201900008682,6,4,17:12,1,1,1,1.0,2.0,38530,"A43, Pk 027+000",M,"45,6275140","5,1709690",38,2019,130.0,1.0,1.0,1.0,2161771,2.0,2,1,1,0.0,,0.0,0,1994.0,A01,138Â 290Â 278,1.0,-1.0,-1.0,1650579,2.0,7,,3.0,0.0,4.0,B01,138Â 290Â 277,1.0
967151,201900008682,6,4,17:12,1,1,1,1.0,2.0,38530,"A43, Pk 027+000",M,"45,6275140","5,1709690",38,2019,130.0,1.0,1.0,1.0,2161771,2.0,2,1,1,0.0,,0.0,0,1994.0,A01,138Â 290Â 278,1.0,-1.0,-1.0,1650580,2.0,7,,0.0,2.0,1.0,A01,138Â 290Â 278,1.0
967152,201900008683,5,31,22:25,3,1,1,1.0,2.0,38348,A43 pk 040+500,M,"45,5883880","5,3168500",38,2019,130.0,1.0,1.0,1.0,2161772,1.0,1,3,2,5.0,,0.0,0,1934.0,B01,138Â 290Â 275,1.0,-1.0,-1.0,1650581,2.0,7,,4.0,0.0,4.0,B01,138Â 290Â 275,1.0
967152,201900008683,5,31,22:25,3,1,1,1.0,2.0,38348,A43 pk 040+500,M,"45,5883880","5,3168500",38,2019,130.0,1.0,1.0,1.0,2161772,1.0,1,3,2,5.0,,0.0,0,1934.0,B01,138Â 290Â 275,1.0,-1.0,-1.0,1650582,2.0,10,,0.0,2.0,1.0,A01,138Â 290Â 276,1.0
967152,201900008683,5,31,22:25,3,1,1,1.0,2.0,38348,A43 pk 040+500,M,"45,5883880","5,3168500",38,2019,130.0,1.0,1.0,1.0,2161773,1.0,1,1,1,0.0,,0.0,0,1995.0,A01,138Â 290Â 276,1.0,-1.0,-1.0,1650581,2.0,7,,4.0,0.0,4.0,B01,138Â 290Â 275,1.0
967152,201900008683,5,31,22:25,3,1,1,1.0,2.0,38348,A43 pk 040+500,M,"45,5883880","5,3168500",38,2019,130.0,1.0,1.0,1.0,2161773,1.0,1,1,1,0.0,,0.0,0,1995.0,A01,138Â 290Â 276,1.0,-1.0,-1.0,1650582,2.0,10,,0.0,2.0,1.0,A01,138Â 290Â 276,1.0
967153,201900008684,6,20,03:28,3,1,1,1.0,6.0,59010,Echangeur A26/A2 direction PARIS,M,"50,1455670","3,1272060",59,2019,50.0,1.0,1.0,1.0,2161774,1.0,1,3,1,5.0,,0.0,0,1974.0,A01,138Â 290Â 274,2.0,6.0,-1.0,1650583,1.0,2,,0.0,0.0,7.0,A01,138Â 290Â 274,1.0
967154,201900008685,6,17,08:30,1,1,1,1.0,7.0,69019,Autoroute A6 - PK 413- sens Paris Lyon,M,"46,0969574","4,7475365",69,2019,130.0,1.0,1.0,1.0,2161775,1.0,1,4,1,1.0,,0.0,0,1980.0,A01,138Â 290Â 270,2.0,6.0,-1.0,1650584,1.0,33,,4.0,0.0,8.0,A01,138Â 290Â 270,1.0
967155,201900008686,6,2,11:45,1,1,1,1.0,3.0,76705,A 13 PK 110.020,M,"49,3284590","1,0889370",76,2019,110.0,1.0,1.0,1.0,2161776,3.0,2,1,2,5.0,,0.0,0,1992.0,A01,138Â 290Â 266,1.0,-1.0,-1.0,1650585,2.0,7,,0.0,2.0,2.0,A01,138Â 290Â 266,1.0
967155,201900008686,6,2,11:45,1,1,1,1.0,3.0,76705,A 13 PK 110.020,M,"49,3284590","1,0889370",76,2019,110.0,1.0,1.0,1.0,2161776,3.0,2,1,2,5.0,,0.0,0,1992.0,A01,138Â 290Â 266,1.0,-1.0,-1.0,1650586,2.0,31,,0.0,2.0,8.0,B01,138Â 290Â 267,1.0
967155,201900008686,6,2,11:45,1,1,1,1.0,3.0,76705,A 13 PK 110.020,M,"49,3284590","1,0889370",76,2019,110.0,1.0,1.0,1.0,2161777,2.0,2,1,2,5.0,,0.0,0,1950.0,A01,138Â 290Â 266,1.0,-1.0,-1.0,1650585,2.0,7,,0.0,2.0,2.0,A01,138Â 290Â 266,1.0
967155,201900008686,6,2,11:45,1,1,1,1.0,3.0,76705,A 13 PK 110.020,M,"49,3284590","1,0889370",76,2019,110.0,1.0,1.0,1.0,2161777,2.0,2,1,2,5.0,,0.0,0,1950.0,A01,138Â 290Â 266,1.0,-1.0,-1.0,1650586,2.0,31,,0.0,2.0,8.0,B01,138Â 290Â 267,1.0
967155,201900008686,6,2,11:45,1,1,1,1.0,3.0,76705,A 13 PK 110.020,M,"49,3284590","1,0889370",76,2019,110.0,1.0,1.0,1.0,2161778,4.0,2,1,2,5.0,,0.0,0,1985.0,A01,138Â 290Â 266,1.0,-1.0,-1.0,1650585,2.0,7,,0.0,2.0,2.0,A01,138Â 290Â 266,1.0
967155,201900008686,6,2,11:45,1,1,1,1.0,3.0,76705,A 13 PK 110.020,M,"49,3284590","1,0889370",76,2019,110.0,1.0,1.0,1.0,2161778,4.0,2,1,2,5.0,,0.0,0,1985.0,A01,138Â 290Â 266,1.0,-1.0,-1.0,1650586,2.0,31,,0.0,2.0,8.0,B01,138Â 290Â 267,1.0
967155,201900008686,6,2,11:45,1,1,1,1.0,3.0,76705,A 13 PK 110.020,M,"49,3284590","1,0889370",76,2019,110.0,1.0,1.0,1.0,2161779,1.0,1,1,1,5.0,,0.0,0,1983.0,A01,138Â 290Â 266,1.0,-1.0,-1.0,1650585,2.0,7,,0.0,2.0,2.0,A01,138Â 290Â 266,1.0
967155,201900008686,6,2,11:45,1,1,1,1.0,3.0,76705,A 13 PK 110.020,M,"49,3284590","1,0889370",76,2019,110.0,1.0,1.0,1.0,2161779,1.0,1,1,1,5.0,,0.0,0,1983.0,A01,138Â 290Â 266,1.0,-1.0,-1.0,1650586,2.0,31,,0.0,2.0,8.0,B01,138Â 290Â 267,1.0
967155,201900008686,6,2,11:45,1,1,1,1.0,3.0,76705,A 13 PK 110.020,M,"49,3284590","1,0889370",76,2019,110.0,1.0,1.0,1.0,2161780,5.0,2,1,2,5.0,,0.0,0,1990.0,A01,138Â 290Â 266,1.0,-1.0,-1.0,1650585,2.0,7,,0.0,2.0,2.0,A01,138Â 290Â 266,1.0
967155,201900008686,6,2,11:45,1,1,1,1.0,3.0,76705,A 13 PK 110.020,M,"49,3284590","1,0889370",76,2019,110.0,1.0,1.0,1.0,2161780,5.0,2,1,2,5.0,,0.0,0,1990.0,A01,138Â 290Â 266,1.0,-1.0,-1.0,1650586,2.0,31,,0.0,2.0,8.0,B01,138Â 290Â 267,1.0
967155,201900008686,6,2,11:45,1,1,1,1.0,3.0,76705,A 13 PK 110.020,M,"49,3284590","1,0889370",76,2019,110.0,1.0,1.0,1.0,2161781,2.0,2,4,2,5.0,,0.0,0,1972.0,B01,138Â 290Â 267,2.0,-1.0,-1.0,1650585,2.0,7,,0.0,2.0,2.0,A01,138Â 290Â 266,1.0
967155,201900008686,6,2,11:45,1,1,1,1.0,3.0,76705,A 13 PK 110.020,M,"49,3284590","1,0889370",76,2019,110.0,1.0,1.0,1.0,2161781,2.0,2,4,2,5.0,,0.0,0,1972.0,B01,138Â 290Â 267,2.0,-1.0,-1.0,1650586,2.0,31,,0.0,2.0,8.0,B01,138Â 290Â 267,1.0
967155,201900008686,6,2,11:45,1,1,1,1.0,3.0,76705,A 13 PK 110.020,M,"49,3284590","1,0889370",76,2019,110.0,1.0,1.0,1.0,2161782,1.0,1,3,1,5.0,,0.0,0,1966.0,B01,138Â 290Â 267,2.0,-1.0,-1.0,1650585,2.0,7,,0.0,2.0,2.0,A01,138Â 290Â 266,1.0
967155,201900008686,6,2,11:45,1,1,1,1.0,3.0,76705,A 13 PK 110.020,M,"49,3284590","1,0889370",76,2019,110.0,1.0,1.0,1.0,2161782,1.0,1,3,1,5.0,,0.0,0,1966.0,B01,138Â 290Â 267,2.0,-1.0,-1.0,1650586,2.0,31,,0.0,2.0,8.0,B01,138Â 290Â 267,1.0
967156,201900008687,6,17,19:55,1,1,1,1.0,2.0,84091,Autoroute A7 Pk 161.400 sens 2,M,"44,1784450","4,7552470",84,2019,130.0,1.0,1.0,1.0,2161783,1.0,1,1,1,4.0,,0.0,0,1973.0,B01,138Â 290Â 264,1.0,-1.0,-1.0,1650587,2.0,17,,0.0,0.0,6.0,B01,138Â 290Â 264,1.0
967156,201900008687,6,17,19:55,1,1,1,1.0,2.0,84091,Autoroute A7 Pk 161.400 sens 2,M,"44,1784450","4,7552470",84,2019,130.0,1.0,1.0,1.0,2161783,1.0,1,1,1,4.0,,0.0,0,1973.0,B01,138Â 290Â 264,1.0,-1.0,-1.0,1650588,2.0,7,,0.0,2.0,2.0,A01,138Â 290Â 265,1.0
967156,201900008687,6,17,19:55,1,1,1,1.0,2.0,84091,Autoroute A7 Pk 161.400 sens 2,M,"44,1784450","4,7552470",84,2019,130.0,1.0,1.0,1.0,2161784,1.0,1,3,1,5.0,,0.0,0,1996.0,A01,138Â 290Â 265,1.0,-1.0,-1.0,1650587,2.0,17,,0.0,0.0,6.0,B01,138Â 290Â 264,1.0
967156,201900008687,6,17,19:55,1,1,1,1.0,2.0,84091,Autoroute A7 Pk 161.400 sens 2,M,"44,1784450","4,7552470",84,2019,130.0,1.0,1.0,1.0,2161784,1.0,1,3,1,5.0,,0.0,0,1996.0,A01,138Â 290Â 265,1.0,-1.0,-1.0,1650588,2.0,7,,0.0,2.0,2.0,A01,138Â 290Â 265,1.0
967156,201900008687,6,17,19:55,1,1,1,1.0,2.0,84091,Autoroute A7 Pk 161.400 sens 2,M,"44,1784450","4,7552470",84,2019,130.0,1.0,1.0,1.0,2161785,7.0,2,3,1,5.0,,0.0,0,2001.0,A01,138Â 290Â 265,1.0,-1.0,-1.0,1650587,2.0,17,,0.0,0.0,6.0,B01,138Â 290Â 264,1.0
967156,201900008687,6,17,19:55,1,1,1,1.0,2.0,84091,Autoroute A7 Pk 161.400 sens 2,M,"44,1784450","4,7552470",84,2019,130.0,1.0,1.0,1.0,2161785,7.0,2,3,1,5.0,,0.0,0,2001.0,A01,138Â 290Â 265,1.0,-1.0,-1.0,1650588,2.0,7,,0.0,2.0,2.0,A01,138Â 290Â 265,1.0
967157,201900008688,6,14,02:20,3,1,1,1.0,5.0,13112,"Autoroute A.7, PK 251+800, sens Nord/Sud",M,"43,5168080","5,2298490",13,2019,130.0,1.0,1.0,1.0,2161786,1.0,1,1,1,4.0,,0.0,0,1984.0,C01,138Â 290Â 261,1.0,-1.0,-1.0,1650589,1.0,13,,0.0,2.0,8.0,C01,138Â 290Â 261,1.0
967157,201900008688,6,14,02:20,3,1,1,1.0,5.0,13112,"Autoroute A.7, PK 251+800, sens Nord/Sud",M,"43,5168080","5,2298490",13,2019,130.0,1.0,1.0,1.0,2161786,1.0,1,1,1,4.0,,0.0,0,1984.0,C01,138Â 290Â 261,1.0,-1.0,-1.0,1650590,1.0,7,,0.0,2.0,4.0,B01,138Â 290Â 262,1.0
967157,201900008688,6,14,02:20,3,1,1,1.0,5.0,13112,"Autoroute A.7, PK 251+800, sens Nord/Sud",M,"43,5168080","5,2298490",13,2019,130.0,1.0,1.0,1.0,2161786,1.0,1,1,1,4.0,,0.0,0,1984.0,C01,138Â 290Â 261,1.0,-1.0,-1.0,1650591,1.0,7,,0.0,2.0,1.0,A01,138Â 290Â 263,1.0
967157,201900008688,6,14,02:20,3,1,1,1.0,5.0,13112,"Autoroute A.7, PK 251+800, sens Nord/Sud",M,"43,5168080","5,2298490",13,2019,130.0,1.0,1.0,1.0,2161787,1.0,1,4,1,0.0,,0.0,0,1970.0,B01,138Â 290Â 262,1.0,-1.0,-1.0,1650589,1.0,13,,0.0,2.0,8.0,C01,138Â 290Â 261,1.0
967157,201900008688,6,14,02:20,3,1,1,1.0,5.0,13112,"Autoroute A.7, PK 251+800, sens Nord/Sud",M,"43,5168080","5,2298490",13,2019,130.0,1.0,1.0,1.0,2161787,1.0,1,4,1,0.0,,0.0,0,1970.0,B01,138Â 290Â 262,1.0,-1.0,-1.0,1650590,1.0,7,,0.0,2.0,4.0,B01,138Â 290Â 262,1.0
967157,201900008688,6,14,02:20,3,1,1,1.0,5.0,13112,"Autoroute A.7, PK 251+800, sens Nord/Sud",M,"43,5168080","5,2298490",13,2019,130.0,1.0,1.0,1.0,2161787,1.0,1,4,1,0.0,,0.0,0,1970.0,B01,138Â 290Â 262,1.0,-1.0,-1.0,1650591,1.0,7,,0.0,2.0,1.0,A01,138Â 290Â 263,1.0
967157,201900008688,6,14,02:20,3,1,1,1.0,5.0,13112,"Autoroute A.7, PK 251+800, sens Nord/Sud",M,"43,5168080","5,2298490",13,2019,130.0,1.0,1.0,1.0,2161788,2.0,2,1,1,5.0,,0.0,0,2000.0,A01,138Â 290Â 263,1.0,-1.0,-1.0,1650589,1.0,13,,0.0,2.0,8.0,C01,138Â 290Â 261,1.0
967157,201900008688,6,14,02:20,3,1,1,1.0,5.0,13112,"Autoroute A.7, PK 251+800, sens Nord/Sud",M,"43,5168080","5,2298490",13,2019,130.0,1.0,1.0,1.0,2161788,2.0,2,1,1,5.0,,0.0,0,2000.0,A01,138Â 290Â 263,1.0,-1.0,-1.0,1650590,1.0,7,,0.0,2.0,4.0,B01,138Â 290Â 262,1.0
967157,201900008688,6,14,02:20,3,1,1,1.0,5.0,13112,"Autoroute A.7, PK 251+800, sens Nord/Sud",M,"43,5168080","5,2298490",13,2019,130.0,1.0,1.0,1.0,2161788,2.0,2,1,1,5.0,,0.0,0,2000.0,A01,138Â 290Â 263,1.0,-1.0,-1.0,1650591,1.0,7,,0.0,2.0,1.0,A01,138Â 290Â 263,1.0
967157,201900008688,6,14,02:20,3,1,1,1.0,5.0,13112,"Autoroute A.7, PK 251+800, sens Nord/Sud",M,"43,5168080","5,2298490",13,2019,130.0,1.0,1.0,1.0,2161789,1.0,1,1,1,5.0,,0.0,0,1998.0,A01,138Â 290Â 263,1.0,-1.0,-1.0,1650589,1.0,13,,0.0,2.0,8.0,C01,138Â 290Â 261,1.0