Unnamed: 0_x,num_acc,mois,jour,hrmn,lum,agg,int,atm,col,com,adr,gps,lat,long,dep,annee,vma,situ,surf,catr,Unnamed: 0_y,place,catu,grav,sexe,trajet,secu,locp,actp,an_nais,num_veh_x,id_vehicule_x,secu1,secu2,secu3,Unnamed: 0,senc,catv,occutc,obs,obsm,choc,num_veh_y,id_vehicule_y,motor
967157,201900008688,6,14,02:20,3,1,1,1.0,5.0,13112,"Autoroute A.7, PK 251+800, sens Nord/Sud",M,"43,5168080","5,2298490",13,2019,130.0,1.0,1.0,1.0,2161789,1.0,1,1,1,5.0,,0.0,0,1998.0,A01,138Â 290Â 263,1.0,-1.0,-1.0,1650590,1.0,7,,0.0,2.0,4.0,B01,138Â 290Â 262,1.0
967157,201900008688,6,14,02:20,3,1,1,1.0,5.0,13112,"Autoroute A.7, PK 251+800, sens Nord/Sud",M,"43,5168080","5,2298490",13,2019,130.0,1.0,1.0,1.0,2161789,1.0,1,1,1,5.0,,0.0,0,1998.0,A01,138Â 290Â 263,1.0,-1.0,-1.0,1650591,1.0,7,,0.0,2.0,1.0,A01,138Â 290Â 263,1.0
967158,201900008689,6,3,10:45,1,1,1,1.0,5.0,13032,Autoroute A8 pk 011+100 sens sud/nord,M,"43,5383570","5,3465400",13,2019,130.0,1.0,1.0,1.0,2161790,1.0,1,4,2,5.0,,0.0,0,1952.0,A01,138Â 290Â 257,1.0,-1.0,-1.0,1650592,2.0,7,,0.0,2.0,3.0,A01,138Â 290Â 257,1.0
967158,201900008689,6,3,10:45,1,1,1,1.0,5.0,13032,Autoroute A8 pk 011+100 sens sud/nord,M,"43,5383570","5,3465400",13,2019,130.0,1.0,1.0,1.0,2161790,1.0,1,4,2,5.0,,0.0,0,1952.0,A01,138Â 290Â 257,1.0,-1.0,-1.0,1650593,2.0,7,,0.0,2.0,4.0,B01,138Â 290Â 258,1.0
967158,201900008689,6,3,10:45,1,1,1,1.0,5.0,13032,Autoroute A8 pk 011+100 sens sud/nord,M,"43,5383570","5,3465400",13,2019,130.0,1.0,1.0,1.0,2161790,1.0,1,4,2,5.0,,0.0,0,1952.0,A01,138Â 290Â 257,1.0,-1.0,-1.0,1650594,2.0,7,,0.0,0.0,4.0,C01,138Â 290Â 259,1.0
967158,201900008689,6,3,10:45,1,1,1,1.0,5.0,13032,Autoroute A8 pk 011+100 sens sud/nord,M,"43,5383570","5,3465400",13,2019,130.0,1.0,1.0,1.0,2161790,1.0,1,4,2,5.0,,0.0,0,1952.0,A01,138Â 290Â 257,1.0,-1.0,-1.0,1650595,2.0,7,,3.0,2.0,4.0,D01,138Â 290Â 260,1.0
967158,201900008689,6,3,10:45,1,1,1,1.0,5.0,13032,Autoroute A8 pk 011+100 sens sud/nord,M,"43,5383570","5,3465400",13,2019,130.0,1.0,1.0,1.0,2161791,2.0,2,1,1,5.0,,0.0,0,1993.0,B01,138Â 290Â 258,1.0,-1.0,-1.0,1650592,2.0,7,,0.0,2.0,3.0,A01,138Â 290Â 257,1.0
967158,201900008689,6,3,10:45,1,1,1,1.0,5.0,13032,Autoroute A8 pk 011+100 sens sud/nord,M,"43,5383570","5,3465400",13,2019,130.0,1.0,1.0,1.0,2161791,2.0,2,1,1,5.0,,0.0,0,1993.0,B01,138Â 290Â 258,1.0,-1.0,-1.0,1650593,2.0,7,,0.0,2.0,4.0,B01,138Â 290Â 258,1.0
967158,201900008689,6,3,10:45,1,1,1,1.0,5.0,13032,Autoroute A8 pk 011+100 sens sud/nord,M,"43,5383570","5,3465400",13,2019,130.0,1.0,1.0,1.0,2161791,2.0,2,1,1,5.0,,0.0,0,1993.0,B01,138Â 290Â 258,1.0,-1.0,-1.0,1650594,2.0,7,,0.0,0.0,4.0,C01,138Â 290Â 259,1.0
967158,201900008689,6,3,10:45,1,1,1,1.0,5.0,13032,Autoroute A8 pk 011+100 sens sud/nord,M,"43,5383570","5,3465400",13,2019,130.0,1.0,1.0,1.0,2161791,2.0,2,1,1,5.0,,0.0,0,1993.0,B01,138Â 290Â 258,1.0,-1.0,-1.0,1650595,2.0,7,,3.0,2.0,4.0,D01,138Â 290Â 260,1.0
967158,201900008689,6,3,10:45,1,1,1,1.0,5.0,13032,Autoroute A8 pk 011+100 sens sud/nord,M,"43,5383570","5,3465400",13,2019,130.0,1.0,1.0,1.0,2161792,1.0,1,1,2,5.0,,0.0,0,1996.0,B01,138Â 290Â 258,1.0,-1.0,-1.0,1650592,2.0,7,,0.0,2.0,3.0,A01,138Â 290Â 257,1.0
967158,201900008689,6,3,10:45,1,1,1,1.0,5.0,13032,Autoroute A8 pk 011+100 sens sud/nord,M,"43,5383570","5,3465400",13,2019,130.0,1.0,1.0,1.0,2161792,1.0,1,1,2,5.0,,0.0,0,1996.0,B01,138Â 290Â 258,1.0,-1.0,-1.0,1650593,2.0,7,,0.0,2.0,4.0,B01,138Â 290Â 258,1.0
967158,201900008689,6,3,10:45,1,1,1,1.0,5.0,13032,Autoroute A8 pk 011+100 sens sud/nord,M,"43,5383570","5,3465400",13,2019,130.0,1.0,1.0,1.0,2161792,1.0,1,1,2,5.0,,0.0,0,1996.0,B01,138Â 290Â 258,1.0,-1.0,-1.0,1650594,2.0,7,,0.0,0.0,4.0,C01,138Â 290Â 259,1.0
967158,201900008689,6,3,10:45,1,1,1,1.0,5.0,13032,Autoroute A8 pk 011+100 sens sud/nord,M,"43,5383570","5,3465400",13,2019,130.0,1.0,1.0,1.0,2161792,1.0,1,1,2,5.0,,0.0,0,1996.0,B01,138Â 290Â 258,1.0,-1.0,-1.0,1650595,2.0,7,,3.0,2.0,4.0,D01,138Â 290Â 260,1.0
967158,201900008689,6,3,10:45,1,1,1,1.0,5.0,13032,Autoroute A8 pk 011+100 sens sud/nord,M,"43,5383570","5,3465400",13,2019,130.0,1.0,1.0,1.0,2161793,1.0,1,1,1,0.0,,0.0,0,1957.0,C01,138Â 290Â 259,1.0,-1.0,-1.0,1650592,2.0,7,,0.0,2.0,3.0,A01,138Â 290Â 257,1.0
967158,201900008689,6,3,10:45,1,1,1,1.0,5.0,13032,Autoroute A8 pk 011+100 sens sud/nord,M,"43,5383570","5,3465400",13,2019,130.0,1.0,1.0,1.0,2161793,1.0,1,1,1,0.0,,0.0,0,1957.0,C01,138Â 290Â 259,1.0,-1.0,-1.0,1650593,2.0,7,,0.0,2.0,4.0,B01,138Â 290Â 258,1.0
967158,201900008689,6,3,10:45,1,1,1,1.0,5.0,13032,Autoroute A8 pk 011+100 sens sud/nord,M,"43,5383570","5,3465400",13,2019,130.0,1.0,1.0,1.0,2161793,1.0,1,1,1,0.0,,0.0,0,1957.0,C01,138Â 290Â 259,1.0,-1.0,-1.0,1650594,2.0,7,,0.0,0.0,4.0,C01,138Â 290Â 259,1.0
967158,201900008689,6,3,10:45,1,1,1,1.0,5.0,13032,Autoroute A8 pk 011+100 sens sud/nord,M,"43,5383570","5,3465400",13,2019,130.0,1.0,1.0,1.0,2161793,1.0,1,1,1,0.0,,0.0,0,1957.0,C01,138Â 290Â 259,1.0,-1.0,-1.0,1650595,2.0,7,,3.0,2.0,4.0,D01,138Â 290Â 260,1.0
967158,201900008689,6,3,10:45,1,1,1,1.0,5.0,13032,Autoroute A8 pk 011+100 sens sud/nord,M,"43,5383570","5,3465400",13,2019,130.0,1.0,1.0,1.0,2161794,2.0,2,4,2,5.0,,0.0,0,1960.0,D01,138Â 290Â 260,1.0,-1.0,-1.0,1650592,2.0,7,,0.0,2.0,3.0,A01,138Â 290Â 257,1.0
967158,201900008689,6,3,10:45,1,1,1,1.0,5.0,13032,Autoroute A8 pk 011+100 sens sud/nord,M,"43,5383570","5,3465400",13,2019,130.0,1.0,1.0,1.0,2161794,2.0,2,4,2,5.0,,0.0,0,1960.0,D01,138Â 290Â 260,1.0,-1.0,-1.0,1650593,2.0,7,,0.0,2.0,4.0,B01,138Â 290Â 258,1.0
967158,201900008689,6,3,10:45,1,1,1,1.0,5.0,13032,Autoroute A8 pk 011+100 sens sud/nord,M,"43,5383570","5,3465400",13,2019,130.0,1.0,1.0,1.0,2161794,2.0,2,4,2,5.0,,0.0,0,1960.0,D01,138Â 290Â 260,1.0,-1.0,-1.0,1650594,2.0,7,,0.0,0.0,4.0,C01,138Â 290Â 259,1.0
967158,201900008689,6,3,10:45,1,1,1,1.0,5.0,13032,Autoroute A8 pk 011+100 sens sud/nord,M,"43,5383570","5,3465400",13,2019,130.0,1.0,1.0,1.0,2161794,2.0,2,4,2,5.0,,0.0,0,1960.0,D01,138Â 290Â 260,1.0,-1.0,-1.0,1650595,2.0,7,,3.0,2.0,4.0,D01,138Â 290Â 260,1.0
967158,201900008689,6,3,10:45,1,1,1,1.0,5.0,13032,Autoroute A8 pk 011+100 sens sud/nord,M,"43,5383570","5,3465400",13,2019,130.0,1.0,1.0,1.0,2161795,1.0,1,4,1,5.0,,0.0,0,1959.0,D01,138Â 290Â 260,1.0,-1.0,-1.0,1650592,2.0,7,,0.0,2.0,3.0,A01,138Â 290Â 257,1.0
967158,201900008689,6,3,10:45,1,1,1,1.0,5.0,13032,Autoroute A8 pk 011+100 sens sud/nord,M,"43,5383570","5,3465400",13,2019,130.0,1.0,1.0,1.0,2161795,1.0,1,4,1,5.0,,0.0,0,1959.0,D01,138Â 290Â 260,1.0,-1.0,-1.0,1650593,2.0,7,,0.0,2.0,4.0,B01,138Â 290Â 258,1.0
967158,201900008689,6,3,10:45,1,1,1,1.0,5.0,13032,Autoroute A8 pk 011+100 sens sud/nord,M,"43,5383570","5,3465400",13,2019,130.0,1.0,1.0,1.0,2161795,1.0,1,4,1,5.0,,0.0,0,1959.0,D01,138Â 290Â 260,1.0,-1.0,-1.0,1650594,2.0,7,,0.0,0.0,4.0,C01,138Â 290Â 259,1.0
967158,201900008689,6,3,10:45,1,1,1,1.0,5.0,13032,Autoroute A8 pk 011+100 sens sud/nord,M,"43,5383570","5,3465400",13,2019,130.0,1.0,1.0,1.0,2161795,1.0,1,4,1,5.0,,0.0,0,1959.0,D01,138Â 290Â 260,1.0,-1.0,-1.0,1650595,2.0,7,,3.0,2.0,4.0,D01,138Â 290Â 260,1.0
967159,201900008690,6,12,02:00,3,1,1,1.0,7.0,62728,A26,M,"50,2419700","3,0588060",62,2019,130.0,3.0,1.0,1.0,2161796,4.0,2,1,2,5.0,,0.0,0,1974.0,A01,138Â 290Â 256,0.0,-1.0,-1.0,1650596,2.0,7,,0.0,0.0,7.0,A01,138Â 290Â 256,0.0
967159,201900008690,6,12,02:00,3,1,1,1.0,7.0,62728,A26,M,"50,2419700","3,0588060",62,2019,130.0,3.0,1.0,1.0,2161797,2.0,1,2,1,5.0,,0.0,0,1943.0,A01,138Â 290Â 256,1.0,-1.0,-1.0,1650596,2.0,7,,0.0,0.0,7.0,A01,138Â 290Â 256,0.0
967160,201900008691,6,6,10:50,1,1,1,1.0,2.0,62081,A26,M,"50,2240750","3,0790330",62,2019,130.0,1.0,1.0,1.0,2161798,1.0,1,1,2,5.0,,0.0,0,1970.0,B01,138Â 290Â 254,1.0,-1.0,-1.0,1650597,1.0,7,,0.0,2.0,4.0,B01,138Â 290Â 254,1.0
967160,201900008691,6,6,10:50,1,1,1,1.0,2.0,62081,A26,M,"50,2240750","3,0790330",62,2019,130.0,1.0,1.0,1.0,2161798,1.0,1,1,2,5.0,,0.0,0,1970.0,B01,138Â 290Â 254,1.0,-1.0,-1.0,1650598,1.0,33,,0.0,2.0,1.0,A01,138Â 290Â 255,1.0
967160,201900008691,6,6,10:50,1,1,1,1.0,2.0,62081,A26,M,"50,2240750","3,0790330",62,2019,130.0,1.0,1.0,1.0,2161799,1.0,1,3,1,5.0,,0.0,0,1991.0,A01,138Â 290Â 255,2.0,6.0,9.0,1650597,1.0,7,,0.0,2.0,4.0,B01,138Â 290Â 254,1.0
967160,201900008691,6,6,10:50,1,1,1,1.0,2.0,62081,A26,M,"50,2240750","3,0790330",62,2019,130.0,1.0,1.0,1.0,2161799,1.0,1,3,1,5.0,,0.0,0,1991.0,A01,138Â 290Â 255,2.0,6.0,9.0,1650598,1.0,33,,0.0,2.0,1.0,A01,138Â 290Â 255,1.0
967161,201900008692,6,2,15:15,1,1,1,1.0,6.0,77001,Autoroute A6,M,"48,3690720","2,5645420",77,2019,130.0,1.0,1.0,1.0,2161800,1.0,1,4,2,9.0,,0.0,0,1990.0,A01,138Â 290Â 253,1.0,-1.0,-1.0,1650599,1.0,7,,4.0,0.0,3.0,A01,138Â 290Â 253,1.0
967161,201900008692,6,2,15:15,1,1,1,1.0,6.0,77001,Autoroute A6,M,"48,3690720","2,5645420",77,2019,130.0,1.0,1.0,1.0,2161801,9.0,2,1,2,9.0,,0.0,0,2015.0,A01,138Â 290Â 253,3.0,1.0,-1.0,1650599,1.0,7,,4.0,0.0,3.0,A01,138Â 290Â 253,1.0
967161,201900008692,6,2,15:15,1,1,1,1.0,6.0,77001,Autoroute A6,M,"48,3690720","2,5645420",77,2019,130.0,1.0,1.0,1.0,2161802,8.0,2,4,2,9.0,,0.0,0,2010.0,A01,138Â 290Â 253,1.0,3.0,-1.0,1650599,1.0,7,,4.0,0.0,3.0,A01,138Â 290Â 253,1.0
967161,201900008692,6,2,15:15,1,1,1,1.0,6.0,77001,Autoroute A6,M,"48,3690720","2,5645420",77,2019,130.0,1.0,1.0,1.0,2161803,7.0,2,1,2,9.0,,0.0,0,2013.0,A01,138Â 290Â 253,1.0,3.0,-1.0,1650599,1.0,7,,4.0,0.0,3.0,A01,138Â 290Â 253,1.0
967162,201900008693,6,11,17:45,1,1,1,1.0,3.0,60142,route de plailly 60520,M,"49,1296050","2,5394760",60,2019,80.0,1.0,1.0,3.0,2161804,1.0,1,3,2,1.0,,0.0,0,1998.0,B01,138Â 290Â 251,1.0,-1.0,-1.0,1650600,1.0,7,,0.0,2.0,6.0,B01,138Â 290Â 251,1.0
967162,201900008693,6,11,17:45,1,1,1,1.0,3.0,60142,route de plailly 60520,M,"49,1296050","2,5394760",60,2019,80.0,1.0,1.0,3.0,2161804,1.0,1,3,2,1.0,,0.0,0,1998.0,B01,138Â 290Â 251,1.0,-1.0,-1.0,1650601,1.0,31,,0.0,2.0,1.0,A01,138Â 290Â 252,1.0
967162,201900008693,6,11,17:45,1,1,1,1.0,3.0,60142,route de plailly 60520,M,"49,1296050","2,5394760",60,2019,80.0,1.0,1.0,3.0,2161805,2.0,2,3,1,5.0,,0.0,0,2003.0,A01,138Â 290Â 252,2.0,-1.0,-1.0,1650600,1.0,7,,0.0,2.0,6.0,B01,138Â 290Â 251,1.0
967162,201900008693,6,11,17:45,1,1,1,1.0,3.0,60142,route de plailly 60520,M,"49,1296050","2,5394760",60,2019,80.0,1.0,1.0,3.0,2161805,2.0,2,3,1,5.0,,0.0,0,2003.0,A01,138Â 290Â 252,2.0,-1.0,-1.0,1650601,1.0,31,,0.0,2.0,1.0,A01,138Â 290Â 252,1.0
967162,201900008693,6,11,17:45,1,1,1,1.0,3.0,60142,route de plailly 60520,M,"49,1296050","2,5394760",60,2019,80.0,1.0,1.0,3.0,2161806,1.0,1,3,1,5.0,,0.0,0,2003.0,A01,138Â 290Â 252,2.0,6.0,9.0,1650600,1.0,7,,0.0,2.0,6.0,B01,138Â 290Â 251,1.0
967162,201900008693,6,11,17:45,1,1,1,1.0,3.0,60142,route de plailly 60520,M,"49,1296050","2,5394760",60,2019,80.0,1.0,1.0,3.0,2161806,1.0,1,3,1,5.0,,0.0,0,2003.0,A01,138Â 290Â 252,2.0,6.0,9.0,1650601,1.0,31,,0.0,2.0,1.0,A01,138Â 290Â 252,1.0
967163,201900008694,6,4,10:00,1,1,1,1.0,7.0,60494,PLAILLY,M,"49,1052110","2,5728240",60,2019,70.0,3.0,1.0,3.0,2161807,1.0,1,1,1,5.0,,0.0,0,2000.0,A01,138Â 290Â 250,1.0,-1.0,-1.0,1650602,0.0,7,,0.0,0.0,9.0,A01,138Â 290Â 250,1.0
967163,201900008694,6,4,10:00,1,1,1,1.0,7.0,60494,PLAILLY,M,"49,1052110","2,5728240",60,2019,70.0,3.0,1.0,3.0,2161808,2.0,2,3,2,5.0,,0.0,0,2000.0,A01,138Â 290Â 250,1.0,-1.0,-1.0,1650602,0.0,7,,0.0,0.0,9.0,A01,138Â 290Â 250,1.0
967164,201900008695,6,2,19:20,1,2,3,1.0,3.0,33005,boulevard du marÃ©chal juin,M,"44,7334200"," -1,0785200",33,2019,50.0,1.0,1.0,4.0,2161809,1.0,1,3,1,5.0,,0.0,0,1973.0,A01,138Â 290Â 248,2.0,6.0,-1.0,1650603,2.0,31,,0.0,2.0,1.0,A01,138Â 290Â 248,1.0
967164,201900008695,6,2,19:20,1,2,3,1.0,3.0,33005,boulevard du marÃ©chal juin,M,"44,7334200"," -1,0785200",33,2019,50.0,1.0,1.0,4.0,2161809,1.0,1,3,1,5.0,,0.0,0,1973.0,A01,138Â 290Â 248,2.0,6.0,-1.0,1650604,1.0,7,,0.0,2.0,7.0,B01,138Â 290Â 249,1.0
967164,201900008695,6,2,19:20,1,2,3,1.0,3.0,33005,boulevard du marÃ©chal juin,M,"44,7334200"," -1,0785200",33,2019,50.0,1.0,1.0,4.0,2161810,1.0,1,1,1,5.0,,0.0,0,1970.0,B01,138Â 290Â 249,1.0,-1.0,-1.0,1650603,2.0,31,,0.0,2.0,1.0,A01,138Â 290Â 248,1.0
967164,201900008695,6,2,19:20,1,2,3,1.0,3.0,33005,boulevard du marÃ©chal juin,M,"44,7334200"," -1,0785200",33,2019,50.0,1.0,1.0,4.0,2161810,1.0,1,1,1,5.0,,0.0,0,1970.0,B01,138Â 290Â 249,1.0,-1.0,-1.0,1650604,1.0,7,,0.0,2.0,7.0,B01,138Â 290Â 249,1.0
967165,201900008696,6,11,15:45,1,1,1,1.0,5.0,28169,"Autoroute 10, PK 037+300, sens Province-Paris",M,"48,4452080","1,9094690",28,2019,130.0,1.0,1.0,1.0,2161811,1.0,1,1,1,5.0,,0.0,0,1951.0,C01,138Â 290Â 245,1.0,-1.0,-1.0,1650605,2.0,7,,0.0,2.0,1.0,C01,138Â 290Â 245,1.0
967165,201900008696,6,11,15:45,1,1,1,1.0,5.0,28169,"Autoroute 10, PK 037+300, sens Province-Paris",M,"48,4452080","1,9094690",28,2019,130.0,1.0,1.0,1.0,2161811,1.0,1,1,1,5.0,,0.0,0,1951.0,C01,138Â 290Â 245,1.0,-1.0,-1.0,1650606,2.0,17,,0.0,0.0,4.0,B01,138Â 290Â 246,1.0
967165,201900008696,6,11,15:45,1,1,1,1.0,5.0,28169,"Autoroute 10, PK 037+300, sens Province-Paris",M,"48,4452080","1,9094690",28,2019,130.0,1.0,1.0,1.0,2161811,1.0,1,1,1,5.0,,0.0,0,1951.0,C01,138Â 290Â 245,1.0,-1.0,-1.0,1650607,2.0,7,,4.0,2.0,9.0,A01,138Â 290Â 247,1.0
967165,201900008696,6,11,15:45,1,1,1,1.0,5.0,28169,"Autoroute 10, PK 037+300, sens Province-Paris",M,"48,4452080","1,9094690",28,2019,130.0,1.0,1.0,1.0,2161812,1.0,1,1,1,4.0,,0.0,0,1965.0,B01,138Â 290Â 246,1.0,-1.0,-1.0,1650605,2.0,7,,0.0,2.0,1.0,C01,138Â 290Â 245,1.0
967165,201900008696,6,11,15:45,1,1,1,1.0,5.0,28169,"Autoroute 10, PK 037+300, sens Province-Paris",M,"48,4452080","1,9094690",28,2019,130.0,1.0,1.0,1.0,2161812,1.0,1,1,1,4.0,,0.0,0,1965.0,B01,138Â 290Â 246,1.0,-1.0,-1.0,1650606,2.0,17,,0.0,0.0,4.0,B01,138Â 290Â 246,1.0
967165,201900008696,6,11,15:45,1,1,1,1.0,5.0,28169,"Autoroute 10, PK 037+300, sens Province-Paris",M,"48,4452080","1,9094690",28,2019,130.0,1.0,1.0,1.0,2161812,1.0,1,1,1,4.0,,0.0,0,1965.0,B01,138Â 290Â 246,1.0,-1.0,-1.0,1650607,2.0,7,,4.0,2.0,9.0,A01,138Â 290Â 247,1.0
967165,201900008696,6,11,15:45,1,1,1,1.0,5.0,28169,"Autoroute 10, PK 037+300, sens Province-Paris",M,"48,4452080","1,9094690",28,2019,130.0,1.0,1.0,1.0,2161813,1.0,1,3,1,0.0,,0.0,0,1948.0,A01,138Â 290Â 247,1.0,-1.0,-1.0,1650605,2.0,7,,0.0,2.0,1.0,C01,138Â 290Â 245,1.0
967165,201900008696,6,11,15:45,1,1,1,1.0,5.0,28169,"Autoroute 10, PK 037+300, sens Province-Paris",M,"48,4452080","1,9094690",28,2019,130.0,1.0,1.0,1.0,2161813,1.0,1,3,1,0.0,,0.0,0,1948.0,A01,138Â 290Â 247,1.0,-1.0,-1.0,1650606,2.0,17,,0.0,0.0,4.0,B01,138Â 290Â 246,1.0
967165,201900008696,6,11,15:45,1,1,1,1.0,5.0,28169,"Autoroute 10, PK 037+300, sens Province-Paris",M,"48,4452080","1,9094690",28,2019,130.0,1.0,1.0,1.0,2161813,1.0,1,3,1,0.0,,0.0,0,1948.0,A01,138Â 290Â 247,1.0,-1.0,-1.0,1650607,2.0,7,,4.0,2.0,9.0,A01,138Â 290Â 247,1.0
967166,201900008697,6,9,01:50,3,1,1,1.0,3.0,11202,D627,M,"42,8928010","3,0481560",11,2019,80.0,1.0,1.0,3.0,2161814,1.0,1,1,1,5.0,,0.0,0,1988.0,B01,138Â 290Â 243,1.0,-1.0,-1.0,1650608,2.0,7,,0.0,2.0,3.0,B01,138Â 290Â 243,1.0
967166,201900008697,6,9,01:50,3,1,1,1.0,3.0,11202,D627,M,"42,8928010","3,0481560",11,2019,80.0,1.0,1.0,3.0,2161814,1.0,1,1,1,5.0,,0.0,0,1988.0,B01,138Â 290Â 243,1.0,-1.0,-1.0,1650609,1.0,7,,0.0,2.0,1.0,A01,138Â 290Â 244,1.0
967166,201900008697,6,9,01:50,3,1,1,1.0,3.0,11202,D627,M,"42,8928010","3,0481560",11,2019,80.0,1.0,1.0,3.0,2161815,2.0,2,1,2,5.0,,0.0,0,1990.0,B01,138Â 290Â 243,1.0,-1.0,-1.0,1650608,2.0,7,,0.0,2.0,3.0,B01,138Â 290Â 243,1.0
967166,201900008697,6,9,01:50,3,1,1,1.0,3.0,11202,D627,M,"42,8928010","3,0481560",11,2019,80.0,1.0,1.0,3.0,2161815,2.0,2,1,2,5.0,,0.0,0,1990.0,B01,138Â 290Â 243,1.0,-1.0,-1.0,1650609,1.0,7,,0.0,2.0,1.0,A01,138Â 290Â 244,1.0
967166,201900008697,6,9,01:50,3,1,1,1.0,3.0,11202,D627,M,"42,8928010","3,0481560",11,2019,80.0,1.0,1.0,3.0,2161816,1.0,1,4,2,5.0,,0.0,0,1985.0,A01,138Â 290Â 244,1.0,-1.0,-1.0,1650608,2.0,7,,0.0,2.0,3.0,B01,138Â 290Â 243,1.0
967166,201900008697,6,9,01:50,3,1,1,1.0,3.0,11202,D627,M,"42,8928010","3,0481560",11,2019,80.0,1.0,1.0,3.0,2161816,1.0,1,4,2,5.0,,0.0,0,1985.0,A01,138Â 290Â 244,1.0,-1.0,-1.0,1650609,1.0,7,,0.0,2.0,1.0,A01,138Â 290Â 244,1.0
967167,201900008698,6,16,22:30,3,2,3,1.0,6.0,98820,Tribu du OUASSADIEU,M," -20,6460700","166,5389300",988,2019,50.0,3.0,1.0,4.0,2161817,1.0,1,2,1,5.0,,0.0,0,1976.0,A01,138Â 290Â 241,0.0,-1.0,-1.0,1650610,3.0,7,,6.0,0.0,3.0,A01,138Â 290Â 241,1.0
967168,201900008699,6,9,14:35,1,1,1,1.0,7.0,98830,RPN 2 - tribu de Tiwaka,M," -20,8760800","165,2435700",988,2019,90.0,3.0,1.0,3.0,2161818,2.0,2,3,2,5.0,,0.0,0,1991.0,A01,138Â 290Â 240,1.0,-1.0,-1.0,1650611,3.0,7,,0.0,0.0,9.0,A01,138Â 290Â 240,1.0
967168,201900008699,6,9,14:35,1,1,1,1.0,7.0,98830,RPN 2 - tribu de Tiwaka,M," -20,8760800","165,2435700",988,2019,90.0,3.0,1.0,3.0,2161819,1.0,1,1,2,5.0,,0.0,0,1993.0,A01,138Â 290Â 240,1.0,-1.0,-1.0,1650611,3.0,7,,0.0,0.0,9.0,A01,138Â 290Â 240,1.0
967169,201900008700,6,2,06:00,3,1,1,1.0,6.0,98822,Tribu de TiÃ©,M," -20,9068970","165,3001060",988,2019,70.0,3.0,1.0,2.0,2161820,1.0,1,3,1,5.0,,0.0,0,1976.0,A01,138Â 290Â 239,8.0,-1.0,-1.0,1650612,3.0,7,,2.0,0.0,3.0,A01,138Â 290Â 239,1.0
967170,201900008701,6,9,22:00,3,1,1,1.0,6.0,98827,"Poya Nord Lieu-dit ""Foret FranÃ§ais""",M," -21,3270300","165,0985200",988,2019,110.0,3.0,1.0,2.0,2161821,2.0,2,3,1,5.0,,0.0,0,1961.0,A01,138Â 290Â 238,1.0,-1.0,-1.0,1650613,1.0,10,,3.0,0.0,3.0,A01,138Â 290Â 238,1.0
967170,201900008701,6,9,22:00,3,1,1,1.0,6.0,98827,"Poya Nord Lieu-dit ""Foret FranÃ§ais""",M," -21,3270300","165,0985200",988,2019,110.0,3.0,1.0,2.0,2161822,1.0,1,1,1,5.0,,0.0,0,1996.0,A01,138Â 290Â 238,1.0,-1.0,-1.0,1650613,1.0,10,,3.0,0.0,3.0,A01,138Â 290Â 238,1.0
967171,201900008702,6,7,07:00,1,1,1,1.0,1.0,98826,route RPN 1 - lieu dit Malabou,M," -20,2945610","164,1315720",988,2019,90.0,1.0,1.0,3.0,2161823,1.0,1,4,1,1.0,,0.0,0,1971.0,B01,138Â 290Â 236,0.0,-1.0,-1.0,1650614,2.0,10,,0.0,2.0,2.0,B01,138Â 290Â 236,1.0
967171,201900008702,6,7,07:00,1,1,1,1.0,1.0,98826,route RPN 1 - lieu dit Malabou,M," -20,2945610","164,1315720",988,2019,90.0,1.0,1.0,3.0,2161823,1.0,1,4,1,1.0,,0.0,0,1971.0,B01,138Â 290Â 236,0.0,-1.0,-1.0,1650615,1.0,38,1.0,0.0,2.0,5.0,A01,138Â 290Â 237,1.0
967171,201900008702,6,7,07:00,1,1,1,1.0,1.0,98826,route RPN 1 - lieu dit Malabou,M," -20,2945610","164,1315720",988,2019,90.0,1.0,1.0,3.0,2161824,1.0,1,1,1,4.0,,0.0,0,1965.0,A01,138Â 290Â 237,8.0,-1.0,-1.0,1650614,2.0,10,,0.0,2.0,2.0,B01,138Â 290Â 236,1.0
967171,201900008702,6,7,07:00,1,1,1,1.0,1.0,98826,route RPN 1 - lieu dit Malabou,M," -20,2945610","164,1315720",988,2019,90.0,1.0,1.0,3.0,2161824,1.0,1,1,1,4.0,,0.0,0,1965.0,A01,138Â 290Â 237,8.0,-1.0,-1.0,1650615,1.0,38,1.0,0.0,2.0,5.0,A01,138Â 290Â 237,1.0
967172,201900008703,6,1,01:00,3,1,1,1.0,6.0,98826,Tribu de TIABET,M," -20,1238500","164,0246600",988,2019,50.0,1.0,1.0,4.0,2161825,1.0,1,1,1,5.0,,0.0,0,1970.0,A01,138Â 290Â 235,8.0,-1.0,-1.0,1650616,3.0,10,,0.0,1.0,1.0,A01,138Â 290Â 235,1.0