Unnamed: 0_x,num_acc,mois,jour,hrmn,lum,agg,int,atm,col,com,adr,gps,lat,long,dep,annee,vma,situ,surf,catr,Unnamed: 0_y,place,catu,grav,sexe,trajet,secu,locp,actp,an_nais,num_veh_x,id_vehicule_x,secu1,secu2,secu3,Unnamed: 0,senc,catv,occutc,obs,obsm,choc,num_veh_y,id_vehicule_y,motor
967172,201900008703,6,1,01:00,3,1,1,1.0,6.0,98826,Tribu de TIABET,M," -20,1238500","164,0246600",988,2019,50.0,1.0,1.0,4.0,2161826,10.0,3,2,1,5.0,,1.0,9,1979.0,A01,138Â 290Â 235,0.0,-1.0,-1.0,1650616,3.0,10,,0.0,1.0,1.0,A01,138Â 290Â 235,1.0
967173,201900008704,6,9,23:20,3,1,1,1.0,6.0,98803,"RT1 - PK 186,5 - entrÃ©e de l'OCEF",M," -21,4795340","165,3692260",988,2019,110.0,3.0,1.0,2.0,2161827,1.0,1,3,1,0.0,,0.0,0,1987.0,A01,138Â 290Â 234,1.0,-1.0,-1.0,1650617,2.0,7,,0.0,0.0,3.0,A01,138Â 290Â 234,6.0
967173,201900008704,6,9,23:20,3,1,1,1.0,6.0,98803,"RT1 - PK 186,5 - entrÃ©e de l'OCEF",M," -21,4795340","165,3692260",988,2019,110.0,3.0,1.0,2.0,2161828,2.0,2,3,1,0.0,,0.0,0,1999.0,A01,138Â 290Â 234,1.0,-1.0,-1.0,1650617,2.0,7,,0.0,0.0,3.0,A01,138Â 290Â 234,6.0
967174,201900008705,5,31,23:30,3,1,3,1.0,6.0,98832,Tribu de Touaourou,M," -22,1871600","166,9721990",988,2019,50.0,3.0,1.0,4.0,2161829,1.0,1,3,1,5.0,,0.0,0,1994.0,A01,138Â 290Â 233,1.0,-1.0,-1.0,1650618,2.0,7,,2.0,0.0,1.0,A01,138Â 290Â 233,1.0
967174,201900008705,5,31,23:30,3,1,3,1.0,6.0,98832,Tribu de Touaourou,M," -22,1871600","166,9721990",988,2019,50.0,3.0,1.0,4.0,2161830,9.0,2,1,2,5.0,,0.0,0,2002.0,A01,138Â 290Â 233,1.0,-1.0,-1.0,1650618,2.0,7,,2.0,0.0,1.0,A01,138Â 290Â 233,1.0
967174,201900008705,5,31,23:30,3,1,3,1.0,6.0,98832,Tribu de Touaourou,M," -22,1871600","166,9721990",988,2019,50.0,3.0,1.0,4.0,2161831,2.0,2,1,1,5.0,,0.0,0,1998.0,A01,138Â 290Â 233,1.0,-1.0,-1.0,1650618,2.0,7,,2.0,0.0,1.0,A01,138Â 290Â 233,1.0
967175,201900008706,6,3,01:30,3,2,3,1.0,6.0,98804,village,M," -21,5212500","165,9670500",988,2019,50.0,3.0,1.0,3.0,2161832,1.0,1,2,1,5.0,,0.0,0,1971.0,A01,138Â 290Â 232,8.0,-1.0,-1.0,1650619,3.0,7,,2.0,0.0,1.0,A01,138Â 290Â 232,1.0
967176,201900008707,6,8,15:25,1,1,1,1.0,1.0,98802,RT1 sortie nord,M," -21,8551180","165,9968380",988,2019,90.0,1.0,1.0,2.0,2161833,1.0,1,3,2,5.0,,0.0,0,1994.0,A01,138Â 290Â 230,1.0,-1.0,-1.0,1650620,2.0,7,,0.0,2.0,3.0,A01,138Â 290Â 230,1.0
967176,201900008707,6,8,15:25,1,1,1,1.0,1.0,98802,RT1 sortie nord,M," -21,8551180","165,9968380",988,2019,90.0,1.0,1.0,2.0,2161833,1.0,1,3,2,5.0,,0.0,0,1994.0,A01,138Â 290Â 230,1.0,-1.0,-1.0,1650621,1.0,7,,0.0,2.0,3.0,B01,138Â 290Â 231,1.0
967176,201900008707,6,8,15:25,1,1,1,1.0,1.0,98802,RT1 sortie nord,M," -21,8551180","165,9968380",988,2019,90.0,1.0,1.0,2.0,2161834,7.0,2,1,2,5.0,,0.0,0,1984.0,B01,138Â 290Â 231,1.0,-1.0,-1.0,1650620,2.0,7,,0.0,2.0,3.0,A01,138Â 290Â 230,1.0
967176,201900008707,6,8,15:25,1,1,1,1.0,1.0,98802,RT1 sortie nord,M," -21,8551180","165,9968380",988,2019,90.0,1.0,1.0,2.0,2161834,7.0,2,1,2,5.0,,0.0,0,1984.0,B01,138Â 290Â 231,1.0,-1.0,-1.0,1650621,1.0,7,,0.0,2.0,3.0,B01,138Â 290Â 231,1.0
967176,201900008707,6,8,15:25,1,1,1,1.0,1.0,98802,RT1 sortie nord,M," -21,8551180","165,9968380",988,2019,90.0,1.0,1.0,2.0,2161835,2.0,2,1,2,5.0,,0.0,0,1971.0,B01,138Â 290Â 231,1.0,-1.0,-1.0,1650620,2.0,7,,0.0,2.0,3.0,A01,138Â 290Â 230,1.0
967176,201900008707,6,8,15:25,1,1,1,1.0,1.0,98802,RT1 sortie nord,M," -21,8551180","165,9968380",988,2019,90.0,1.0,1.0,2.0,2161835,2.0,2,1,2,5.0,,0.0,0,1971.0,B01,138Â 290Â 231,1.0,-1.0,-1.0,1650621,1.0,7,,0.0,2.0,3.0,B01,138Â 290Â 231,1.0
967176,201900008707,6,8,15:25,1,1,1,1.0,1.0,98802,RT1 sortie nord,M," -21,8551180","165,9968380",988,2019,90.0,1.0,1.0,2.0,2161836,1.0,1,1,1,5.0,,0.0,0,1967.0,B01,138Â 290Â 231,1.0,-1.0,-1.0,1650620,2.0,7,,0.0,2.0,3.0,A01,138Â 290Â 230,1.0
967176,201900008707,6,8,15:25,1,1,1,1.0,1.0,98802,RT1 sortie nord,M," -21,8551180","165,9968380",988,2019,90.0,1.0,1.0,2.0,2161836,1.0,1,1,1,5.0,,0.0,0,1967.0,B01,138Â 290Â 231,1.0,-1.0,-1.0,1650621,1.0,7,,0.0,2.0,3.0,B01,138Â 290Â 231,1.0
967176,201900008707,6,8,15:25,1,1,1,1.0,1.0,98802,RT1 sortie nord,M," -21,8551180","165,9968380",988,2019,90.0,1.0,1.0,2.0,2161837,9.0,2,1,1,5.0,,0.0,0,2017.0,B01,138Â 290Â 231,3.0,-1.0,-1.0,1650620,2.0,7,,0.0,2.0,3.0,A01,138Â 290Â 230,1.0
967176,201900008707,6,8,15:25,1,1,1,1.0,1.0,98802,RT1 sortie nord,M," -21,8551180","165,9968380",988,2019,90.0,1.0,1.0,2.0,2161837,9.0,2,1,1,5.0,,0.0,0,2017.0,B01,138Â 290Â 231,3.0,-1.0,-1.0,1650621,1.0,7,,0.0,2.0,3.0,B01,138Â 290Â 231,1.0
967177,201900008708,6,8,14:30,1,1,3,1.0,3.0,98813,RT1/RM16,M," -21,7367600","165,8347500",988,2019,110.0,1.0,1.0,2.0,2161838,2.0,2,1,2,5.0,,0.0,0,1965.0,A01,138Â 290Â 228,1.0,-1.0,-1.0,1650622,1.0,7,,0.0,2.0,3.0,A01,138Â 290Â 228,1.0
967177,201900008708,6,8,14:30,1,1,3,1.0,3.0,98813,RT1/RM16,M," -21,7367600","165,8347500",988,2019,110.0,1.0,1.0,2.0,2161838,2.0,2,1,2,5.0,,0.0,0,1965.0,A01,138Â 290Â 228,1.0,-1.0,-1.0,1650623,1.0,10,,0.0,2.0,5.0,B01,138Â 290Â 229,1.0
967177,201900008708,6,8,14:30,1,1,3,1.0,3.0,98813,RT1/RM16,M," -21,7367600","165,8347500",988,2019,110.0,1.0,1.0,2.0,2161839,3.0,2,4,2,5.0,,0.0,0,1998.0,A01,138Â 290Â 228,1.0,-1.0,-1.0,1650622,1.0,7,,0.0,2.0,3.0,A01,138Â 290Â 228,1.0
967177,201900008708,6,8,14:30,1,1,3,1.0,3.0,98813,RT1/RM16,M," -21,7367600","165,8347500",988,2019,110.0,1.0,1.0,2.0,2161839,3.0,2,4,2,5.0,,0.0,0,1998.0,A01,138Â 290Â 228,1.0,-1.0,-1.0,1650623,1.0,10,,0.0,2.0,5.0,B01,138Â 290Â 229,1.0
967177,201900008708,6,8,14:30,1,1,3,1.0,3.0,98813,RT1/RM16,M," -21,7367600","165,8347500",988,2019,110.0,1.0,1.0,2.0,2161840,1.0,1,3,1,5.0,,0.0,0,1960.0,A01,138Â 290Â 228,1.0,-1.0,-1.0,1650622,1.0,7,,0.0,2.0,3.0,A01,138Â 290Â 228,1.0
967177,201900008708,6,8,14:30,1,1,3,1.0,3.0,98813,RT1/RM16,M," -21,7367600","165,8347500",988,2019,110.0,1.0,1.0,2.0,2161840,1.0,1,3,1,5.0,,0.0,0,1960.0,A01,138Â 290Â 228,1.0,-1.0,-1.0,1650623,1.0,10,,0.0,2.0,5.0,B01,138Â 290Â 229,1.0
967177,201900008708,6,8,14:30,1,1,3,1.0,3.0,98813,RT1/RM16,M," -21,7367600","165,8347500",988,2019,110.0,1.0,1.0,2.0,2161841,1.0,1,1,1,5.0,,0.0,0,1997.0,B01,138Â 290Â 229,1.0,-1.0,-1.0,1650622,1.0,7,,0.0,2.0,3.0,A01,138Â 290Â 228,1.0
967177,201900008708,6,8,14:30,1,1,3,1.0,3.0,98813,RT1/RM16,M," -21,7367600","165,8347500",988,2019,110.0,1.0,1.0,2.0,2161841,1.0,1,1,1,5.0,,0.0,0,1997.0,B01,138Â 290Â 229,1.0,-1.0,-1.0,1650623,1.0,10,,0.0,2.0,5.0,B01,138Â 290Â 229,1.0
967177,201900008708,6,8,14:30,1,1,3,1.0,3.0,98813,RT1/RM16,M," -21,7367600","165,8347500",988,2019,110.0,1.0,1.0,2.0,2161842,4.0,2,1,2,5.0,,0.0,0,2002.0,B01,138Â 290Â 229,1.0,-1.0,-1.0,1650622,1.0,7,,0.0,2.0,3.0,A01,138Â 290Â 228,1.0
967177,201900008708,6,8,14:30,1,1,3,1.0,3.0,98813,RT1/RM16,M," -21,7367600","165,8347500",988,2019,110.0,1.0,1.0,2.0,2161842,4.0,2,1,2,5.0,,0.0,0,2002.0,B01,138Â 290Â 229,1.0,-1.0,-1.0,1650623,1.0,10,,0.0,2.0,5.0,B01,138Â 290Â 229,1.0
967177,201900008708,6,8,14:30,1,1,3,1.0,3.0,98813,RT1/RM16,M," -21,7367600","165,8347500",988,2019,110.0,1.0,1.0,2.0,2161843,3.0,2,1,1,5.0,,0.0,0,2008.0,B01,138Â 290Â 229,3.0,-1.0,-1.0,1650622,1.0,7,,0.0,2.0,3.0,A01,138Â 290Â 228,1.0
967177,201900008708,6,8,14:30,1,1,3,1.0,3.0,98813,RT1/RM16,M," -21,7367600","165,8347500",988,2019,110.0,1.0,1.0,2.0,2161843,3.0,2,1,1,5.0,,0.0,0,2008.0,B01,138Â 290Â 229,3.0,-1.0,-1.0,1650623,1.0,10,,0.0,2.0,5.0,B01,138Â 290Â 229,1.0
967177,201900008708,6,8,14:30,1,1,3,1.0,3.0,98813,RT1/RM16,M," -21,7367600","165,8347500",988,2019,110.0,1.0,1.0,2.0,2161844,2.0,2,1,2,5.0,,0.0,0,1996.0,B01,138Â 290Â 229,1.0,-1.0,-1.0,1650622,1.0,7,,0.0,2.0,3.0,A01,138Â 290Â 228,1.0
967177,201900008708,6,8,14:30,1,1,3,1.0,3.0,98813,RT1/RM16,M," -21,7367600","165,8347500",988,2019,110.0,1.0,1.0,2.0,2161844,2.0,2,1,2,5.0,,0.0,0,1996.0,B01,138Â 290Â 229,1.0,-1.0,-1.0,1650623,1.0,10,,0.0,2.0,5.0,B01,138Â 290Â 229,1.0
967177,201900008708,6,8,14:30,1,1,3,1.0,3.0,98813,RT1/RM16,M," -21,7367600","165,8347500",988,2019,110.0,1.0,1.0,2.0,2161845,5.0,2,1,1,5.0,,0.0,0,2001.0,B01,138Â 290Â 229,1.0,-1.0,-1.0,1650622,1.0,7,,0.0,2.0,3.0,A01,138Â 290Â 228,1.0
967177,201900008708,6,8,14:30,1,1,3,1.0,3.0,98813,RT1/RM16,M," -21,7367600","165,8347500",988,2019,110.0,1.0,1.0,2.0,2161845,5.0,2,1,1,5.0,,0.0,0,2001.0,B01,138Â 290Â 229,1.0,-1.0,-1.0,1650623,1.0,10,,0.0,2.0,5.0,B01,138Â 290Â 229,1.0
967178,201900008709,6,8,23:45,5,2,3,1.0,6.0,97421,Rue du GÃ©nÃ©ral de Gaulle,M," -21,0646480","55,5207930",974,2019,50.0,4.0,1.0,3.0,2161846,1.0,1,1,1,5.0,,0.0,0,1978.0,A01,138Â 290Â 227,1.0,-1.0,-1.0,1650624,3.0,7,,6.0,0.0,1.0,A01,138Â 290Â 227,1.0
967178,201900008709,6,8,23:45,5,2,3,1.0,6.0,97421,Rue du GÃ©nÃ©ral de Gaulle,M," -21,0646480","55,5207930",974,2019,50.0,4.0,1.0,3.0,2161847,2.0,2,4,1,5.0,,0.0,0,1985.0,A01,138Â 290Â 227,0.0,-1.0,-1.0,1650624,3.0,7,,6.0,0.0,1.0,A01,138Â 290Â 227,1.0
967178,201900008709,6,8,23:45,5,2,3,1.0,6.0,97421,Rue du GÃ©nÃ©ral de Gaulle,M," -21,0646480","55,5207930",974,2019,50.0,4.0,1.0,3.0,2161848,9.0,2,3,1,5.0,,0.0,0,1993.0,A01,138Â 290Â 227,0.0,-1.0,-1.0,1650624,3.0,7,,6.0,0.0,1.0,A01,138Â 290Â 227,1.0
967179,201900008710,6,3,04:30,3,1,1,2.0,1.0,97419,RN2 Grand BrulÃ©,M," -21,1277140","55,7921910",974,2019,90.0,1.0,2.0,2.0,2161849,1.0,1,1,1,1.0,,0.0,0,1977.0,B01,138Â 290Â 225,1.0,-1.0,-1.0,1650625,2.0,7,,0.0,2.0,3.0,B01,138Â 290Â 225,0.0
967179,201900008710,6,3,04:30,3,1,1,2.0,1.0,97419,RN2 Grand BrulÃ©,M," -21,1277140","55,7921910",974,2019,90.0,1.0,2.0,2.0,2161849,1.0,1,1,1,1.0,,0.0,0,1977.0,B01,138Â 290Â 225,1.0,-1.0,-1.0,1650626,1.0,7,,0.0,2.0,1.0,A01,138Â 290Â 226,0.0
967179,201900008710,6,3,04:30,3,1,1,2.0,1.0,97419,RN2 Grand BrulÃ©,M," -21,1277140","55,7921910",974,2019,90.0,1.0,2.0,2.0,2161850,1.0,1,3,1,0.0,,0.0,0,1985.0,A01,138Â 290Â 226,1.0,-1.0,-1.0,1650625,2.0,7,,0.0,2.0,3.0,B01,138Â 290Â 225,0.0
967179,201900008710,6,3,04:30,3,1,1,2.0,1.0,97419,RN2 Grand BrulÃ©,M," -21,1277140","55,7921910",974,2019,90.0,1.0,2.0,2.0,2161850,1.0,1,3,1,0.0,,0.0,0,1985.0,A01,138Â 290Â 226,1.0,-1.0,-1.0,1650626,1.0,7,,0.0,2.0,1.0,A01,138Â 290Â 226,0.0
967180,201900008711,6,17,06:25,2,2,1,1.0,6.0,97402,rue des caramboles,M," -20,9920600","55,6812840",974,2019,50.0,3.0,1.0,4.0,2161851,10.0,3,4,1,1.0,,1.0,4,1957.0,A01,138Â 290Â 224,0.0,-1.0,-1.0,1650627,0.0,7,,0.0,1.0,1.0,A01,138Â 290Â 224,0.0
967181,201900008712,6,16,20:25,5,2,1,1.0,6.0,97402,25 Chemin Castaingt,M," -21,0002010","55,6958620",974,2019,50.0,1.0,1.0,4.0,2161852,1.0,1,1,1,5.0,,0.0,0,1989.0,A01,138Â 290Â 223,1.0,-1.0,-1.0,1650628,3.0,7,,0.0,1.0,8.0,A01,138Â 290Â 223,1.0
967181,201900008712,6,16,20:25,5,2,1,1.0,6.0,97402,25 Chemin Castaingt,M," -21,0002010","55,6958620",974,2019,50.0,1.0,1.0,4.0,2161853,10.0,3,4,2,3.0,,1.0,A,1970.0,A01,138Â 290Â 223,0.0,-1.0,-1.0,1650628,3.0,7,,0.0,1.0,8.0,A01,138Â 290Â 223,1.0
967182,201900008713,6,14,13:20,1,1,1,1.0,5.0,97305,PK 23 - RN1,M,"4,9906114"," -52,4493742",973,2019,80.0,1.0,1.0,2.0,2161854,1.0,1,1,1,0.0,,0.0,0,1984.0,C01,138Â 290Â 220,0.0,-1.0,-1.0,1650629,2.0,7,,0.0,2.0,1.0,C01,138Â 290Â 220,1.0
967182,201900008713,6,14,13:20,1,1,1,1.0,5.0,97305,PK 23 - RN1,M,"4,9906114"," -52,4493742",973,2019,80.0,1.0,1.0,2.0,2161854,1.0,1,1,1,0.0,,0.0,0,1984.0,C01,138Â 290Â 220,0.0,-1.0,-1.0,1650630,2.0,14,,0.0,0.0,0.0,B01,138Â 290Â 221,1.0
967182,201900008713,6,14,13:20,1,1,1,1.0,5.0,97305,PK 23 - RN1,M,"4,9906114"," -52,4493742",973,2019,80.0,1.0,1.0,2.0,2161854,1.0,1,1,1,0.0,,0.0,0,1984.0,C01,138Â 290Â 220,0.0,-1.0,-1.0,1650631,2.0,7,,0.0,0.0,4.0,A01,138Â 290Â 222,1.0
967182,201900008713,6,14,13:20,1,1,1,1.0,5.0,97305,PK 23 - RN1,M,"4,9906114"," -52,4493742",973,2019,80.0,1.0,1.0,2.0,2161855,1.0,1,1,1,0.0,,0.0,0,1984.0,B01,138Â 290Â 221,1.0,-1.0,-1.0,1650629,2.0,7,,0.0,2.0,1.0,C01,138Â 290Â 220,1.0
967182,201900008713,6,14,13:20,1,1,1,1.0,5.0,97305,PK 23 - RN1,M,"4,9906114"," -52,4493742",973,2019,80.0,1.0,1.0,2.0,2161855,1.0,1,1,1,0.0,,0.0,0,1984.0,B01,138Â 290Â 221,1.0,-1.0,-1.0,1650630,2.0,14,,0.0,0.0,0.0,B01,138Â 290Â 221,1.0
967182,201900008713,6,14,13:20,1,1,1,1.0,5.0,97305,PK 23 - RN1,M,"4,9906114"," -52,4493742",973,2019,80.0,1.0,1.0,2.0,2161855,1.0,1,1,1,0.0,,0.0,0,1984.0,B01,138Â 290Â 221,1.0,-1.0,-1.0,1650631,2.0,7,,0.0,0.0,4.0,A01,138Â 290Â 222,1.0
967182,201900008713,6,14,13:20,1,1,1,1.0,5.0,97305,PK 23 - RN1,M,"4,9906114"," -52,4493742",973,2019,80.0,1.0,1.0,2.0,2161856,1.0,1,1,2,0.0,,0.0,0,1993.0,A01,138Â 290Â 222,1.0,-1.0,-1.0,1650629,2.0,7,,0.0,2.0,1.0,C01,138Â 290Â 220,1.0
967182,201900008713,6,14,13:20,1,1,1,1.0,5.0,97305,PK 23 - RN1,M,"4,9906114"," -52,4493742",973,2019,80.0,1.0,1.0,2.0,2161856,1.0,1,1,2,0.0,,0.0,0,1993.0,A01,138Â 290Â 222,1.0,-1.0,-1.0,1650630,2.0,14,,0.0,0.0,0.0,B01,138Â 290Â 221,1.0
967182,201900008713,6,14,13:20,1,1,1,1.0,5.0,97305,PK 23 - RN1,M,"4,9906114"," -52,4493742",973,2019,80.0,1.0,1.0,2.0,2161856,1.0,1,1,2,0.0,,0.0,0,1993.0,A01,138Â 290Â 222,1.0,-1.0,-1.0,1650631,2.0,7,,0.0,0.0,4.0,A01,138Â 290Â 222,1.0
967182,201900008713,6,14,13:20,1,1,1,1.0,5.0,97305,PK 23 - RN1,M,"4,9906114"," -52,4493742",973,2019,80.0,1.0,1.0,2.0,2161857,7.0,2,2,2,0.0,,0.0,0,2018.0,A01,138Â 290Â 222,3.0,-1.0,-1.0,1650629,2.0,7,,0.0,2.0,1.0,C01,138Â 290Â 220,1.0
967182,201900008713,6,14,13:20,1,1,1,1.0,5.0,97305,PK 23 - RN1,M,"4,9906114"," -52,4493742",973,2019,80.0,1.0,1.0,2.0,2161857,7.0,2,2,2,0.0,,0.0,0,2018.0,A01,138Â 290Â 222,3.0,-1.0,-1.0,1650630,2.0,14,,0.0,0.0,0.0,B01,138Â 290Â 221,1.0
967182,201900008713,6,14,13:20,1,1,1,1.0,5.0,97305,PK 23 - RN1,M,"4,9906114"," -52,4493742",973,2019,80.0,1.0,1.0,2.0,2161857,7.0,2,2,2,0.0,,0.0,0,2018.0,A01,138Â 290Â 222,3.0,-1.0,-1.0,1650631,2.0,7,,0.0,0.0,4.0,A01,138Â 290Â 222,1.0
967183,201900008714,6,7,21:15,3,1,1,3.0,2.0,97313,CD5 - PK26,M,"4,9262656"," -52,5099278",973,2019,80.0,1.0,2.0,3.0,2161858,1.0,1,4,1,5.0,,0.0,0,1974.0,B01,138Â 290Â 218,1.0,-1.0,-1.0,1650632,1.0,7,,0.0,0.0,4.0,B01,138Â 290Â 218,1.0
967183,201900008714,6,7,21:15,3,1,1,3.0,2.0,97313,CD5 - PK26,M,"4,9262656"," -52,5099278",973,2019,80.0,1.0,2.0,3.0,2161858,1.0,1,4,1,5.0,,0.0,0,1974.0,B01,138Â 290Â 218,1.0,-1.0,-1.0,1650633,1.0,7,,0.0,2.0,1.0,A01,138Â 290Â 219,1.0
967183,201900008714,6,7,21:15,3,1,1,3.0,2.0,97313,CD5 - PK26,M,"4,9262656"," -52,5099278",973,2019,80.0,1.0,2.0,3.0,2161859,1.0,1,3,2,5.0,,0.0,0,1984.0,A01,138Â 290Â 219,1.0,-1.0,-1.0,1650632,1.0,7,,0.0,0.0,4.0,B01,138Â 290Â 218,1.0
967183,201900008714,6,7,21:15,3,1,1,3.0,2.0,97313,CD5 - PK26,M,"4,9262656"," -52,5099278",973,2019,80.0,1.0,2.0,3.0,2161859,1.0,1,3,2,5.0,,0.0,0,1984.0,A01,138Â 290Â 219,1.0,-1.0,-1.0,1650633,1.0,7,,0.0,2.0,1.0,A01,138Â 290Â 219,1.0
967184,201900008715,6,1,19:50,5,2,2,3.0,3.0,97305,Avenue LÃ©opold Heder,M,"5,0127056"," -52,4749192",973,2019,50.0,1.0,2.0,4.0,2161860,1.0,1,4,1,5.0,,0.0,0,2002.0,B01,138Â 290Â 216,0.0,-1.0,-1.0,1650634,1.0,1,,0.0,2.0,1.0,B01,138Â 290Â 216,5.0
967184,201900008715,6,1,19:50,5,2,2,3.0,3.0,97305,Avenue LÃ©opold Heder,M,"5,0127056"," -52,4749192",973,2019,50.0,1.0,2.0,4.0,2161860,1.0,1,4,1,5.0,,0.0,0,2002.0,B01,138Â 290Â 216,0.0,-1.0,-1.0,1650635,2.0,7,,1.0,0.0,2.0,A01,138Â 290Â 217,1.0
967184,201900008715,6,1,19:50,5,2,2,3.0,3.0,97305,Avenue LÃ©opold Heder,M,"5,0127056"," -52,4749192",973,2019,50.0,1.0,2.0,4.0,2161861,1.0,1,1,1,3.0,,0.0,0,1994.0,A01,138Â 290Â 217,1.0,-1.0,-1.0,1650634,1.0,1,,0.0,2.0,1.0,B01,138Â 290Â 216,5.0
967184,201900008715,6,1,19:50,5,2,2,3.0,3.0,97305,Avenue LÃ©opold Heder,M,"5,0127056"," -52,4749192",973,2019,50.0,1.0,2.0,4.0,2161861,1.0,1,1,1,3.0,,0.0,0,1994.0,A01,138Â 290Â 217,1.0,-1.0,-1.0,1650635,2.0,7,,1.0,0.0,2.0,A01,138Â 290Â 217,1.0
967185,201900008716,6,7,19:15,5,2,1,1.0,6.0,97116,"RN6, richeval, face station service",M,"16,3394050"," -61,4565380",971,2019,50.0,1.0,1.0,2.0,2161862,10.0,3,4,1,0.0,,1.0,3,1942.0,A01,138Â 290Â 215,0.0,-1.0,-1.0,1650636,3.0,7,,0.0,1.0,2.0,A01,138Â 290Â 215,1.0
967185,201900008716,6,7,19:15,5,2,1,1.0,6.0,97116,"RN6, richeval, face station service",M,"16,3394050"," -61,4565380",971,2019,50.0,1.0,1.0,2.0,2161863,1.0,1,1,1,0.0,,0.0,0,1950.0,A01,138Â 290Â 215,1.0,-1.0,-1.0,1650636,3.0,7,,0.0,1.0,2.0,A01,138Â 290Â 215,1.0
967186,201900008717,5,30,21:45,3,1,1,2.0,1.0,97116,GENSOLIN - RN5,M,"16,3235540"," -61,4712040",971,2019,80.0,1.0,2.0,2.0,2161864,1.0,1,4,2,5.0,,0.0,0,1994.0,B01,138Â 290Â 213,1.0,-1.0,-1.0,1650637,1.0,7,,0.0,2.0,3.0,B01,138Â 290Â 213,1.0
967186,201900008717,5,30,21:45,3,1,1,2.0,1.0,97116,GENSOLIN - RN5,M,"16,3235540"," -61,4712040",971,2019,80.0,1.0,2.0,2.0,2161864,1.0,1,4,2,5.0,,0.0,0,1994.0,B01,138Â 290Â 213,1.0,-1.0,-1.0,1650638,2.0,7,,0.0,2.0,1.0,A01,138Â 290Â 214,1.0
967186,201900008717,5,30,21:45,3,1,1,2.0,1.0,97116,GENSOLIN - RN5,M,"16,3235540"," -61,4712040",971,2019,80.0,1.0,2.0,2.0,2161865,1.0,1,4,1,5.0,,0.0,0,1978.0,A01,138Â 290Â 214,1.0,-1.0,-1.0,1650637,1.0,7,,0.0,2.0,3.0,B01,138Â 290Â 213,1.0
967186,201900008717,5,30,21:45,3,1,1,2.0,1.0,97116,GENSOLIN - RN5,M,"16,3235540"," -61,4712040",971,2019,80.0,1.0,2.0,2.0,2161865,1.0,1,4,1,5.0,,0.0,0,1978.0,A01,138Â 290Â 214,1.0,-1.0,-1.0,1650638,2.0,7,,0.0,2.0,1.0,A01,138Â 290Â 214,1.0
967187,201900008718,6,5,12:40,1,2,1,1.0,5.0,97128,fond thÃ©zan,M,"16,2173820"," -61,4206050",971,2019,70.0,1.0,1.0,2.0,2161866,1.0,1,1,1,5.0,,0.0,0,1952.0,C01,138Â 290Â 210,1.0,-1.0,-1.0,1650639,0.0,7,,0.0,2.0,3.0,C01,138Â 290Â 210,1.0
967187,201900008718,6,5,12:40,1,2,1,1.0,5.0,97128,fond thÃ©zan,M,"16,2173820"," -61,4206050",971,2019,70.0,1.0,1.0,2.0,2161866,1.0,1,1,1,5.0,,0.0,0,1952.0,C01,138Â 290Â 210,1.0,-1.0,-1.0,1650640,0.0,7,,0.0,2.0,8.0,B01,138Â 290Â 211,1.0
967187,201900008718,6,5,12:40,1,2,1,1.0,5.0,97128,fond thÃ©zan,M,"16,2173820"," -61,4206050",971,2019,70.0,1.0,1.0,2.0,2161866,1.0,1,1,1,5.0,,0.0,0,1952.0,C01,138Â 290Â 210,1.0,-1.0,-1.0,1650641,0.0,32,,0.0,2.0,1.0,A01,138Â 290Â 212,1.0
967187,201900008718,6,5,12:40,1,2,1,1.0,5.0,97128,fond thÃ©zan,M,"16,2173820"," -61,4206050",971,2019,70.0,1.0,1.0,2.0,2161867,1.0,1,1,1,5.0,,0.0,0,1983.0,B01,138Â 290Â 211,1.0,-1.0,-1.0,1650639,0.0,7,,0.0,2.0,3.0,C01,138Â 290Â 210,1.0
967187,201900008718,6,5,12:40,1,2,1,1.0,5.0,97128,fond thÃ©zan,M,"16,2173820"," -61,4206050",971,2019,70.0,1.0,1.0,2.0,2161867,1.0,1,1,1,5.0,,0.0,0,1983.0,B01,138Â 290Â 211,1.0,-1.0,-1.0,1650640,0.0,7,,0.0,2.0,8.0,B01,138Â 290Â 211,1.0
967187,201900008718,6,5,12:40,1,2,1,1.0,5.0,97128,fond thÃ©zan,M,"16,2173820"," -61,4206050",971,2019,70.0,1.0,1.0,2.0,2161867,1.0,1,1,1,5.0,,0.0,0,1983.0,B01,138Â 290Â 211,1.0,-1.0,-1.0,1650641,0.0,32,,0.0,2.0,1.0,A01,138Â 290Â 212,1.0
967187,201900008718,6,5,12:40,1,2,1,1.0,5.0,97128,fond thÃ©zan,M,"16,2173820"," -61,4206050",971,2019,70.0,1.0,1.0,2.0,2161868,1.0,1,3,1,1.0,,0.0,0,1995.0,A01,138Â 290Â 212,2.0,-1.0,-1.0,1650639,0.0,7,,0.0,2.0,3.0,C01,138Â 290Â 210,1.0
967187,201900008718,6,5,12:40,1,2,1,1.0,5.0,97128,fond thÃ©zan,M,"16,2173820"," -61,4206050",971,2019,70.0,1.0,1.0,2.0,2161868,1.0,1,3,1,1.0,,0.0,0,1995.0,A01,138Â 290Â 212,2.0,-1.0,-1.0,1650640,0.0,7,,0.0,2.0,8.0,B01,138Â 290Â 211,1.0