Unnamed: 0_x,num_acc,mois,jour,hrmn,lum,agg,int,atm,col,com,adr,gps,lat,long,dep,annee,vma,situ,surf,catr,Unnamed: 0_y,place,catu,grav,sexe,trajet,secu,locp,actp,an_nais,num_veh_x,id_vehicule_x,secu1,secu2,secu3,Unnamed: 0,senc,catv,occutc,obs,obsm,choc,num_veh_y,id_vehicule_y,motor
967187,201900008718,6,5,12:40,1,2,1,1.0,5.0,97128,fond thÃ©zan,M,"16,2173820"," -61,4206050",971,2019,70.0,1.0,1.0,2.0,2161868,1.0,1,3,1,1.0,,0.0,0,1995.0,A01,138Â 290Â 212,2.0,-1.0,-1.0,1650641,0.0,32,,0.0,2.0,1.0,A01,138Â 290Â 212,1.0
967188,201900008719,5,3,17:15,1,1,3,1.0,3.0,97117,"RD 123, desvarieux",M,"16,3527711"," -61,4228849",971,2019,80.0,1.0,1.0,3.0,2161869,1.0,1,1,1,4.0,,0.0,0,1966.0,B01,138Â 290Â 208,1.0,-1.0,-1.0,1650642,1.0,10,,0.0,2.0,5.0,B01,138Â 290Â 208,1.0
967188,201900008719,5,3,17:15,1,1,3,1.0,3.0,97117,"RD 123, desvarieux",M,"16,3527711"," -61,4228849",971,2019,80.0,1.0,1.0,3.0,2161869,1.0,1,1,1,4.0,,0.0,0,1966.0,B01,138Â 290Â 208,1.0,-1.0,-1.0,1650643,2.0,34,,0.0,2.0,2.0,A01,138Â 290Â 209,1.0
967188,201900008719,5,3,17:15,1,1,3,1.0,3.0,97117,"RD 123, desvarieux",M,"16,3527711"," -61,4228849",971,2019,80.0,1.0,1.0,3.0,2161870,1.0,1,4,1,1.0,,0.0,0,1993.0,A01,138Â 290Â 209,2.0,-1.0,-1.0,1650642,1.0,10,,0.0,2.0,5.0,B01,138Â 290Â 208,1.0
967188,201900008719,5,3,17:15,1,1,3,1.0,3.0,97117,"RD 123, desvarieux",M,"16,3527711"," -61,4228849",971,2019,80.0,1.0,1.0,3.0,2161870,1.0,1,4,1,1.0,,0.0,0,1993.0,A01,138Â 290Â 209,2.0,-1.0,-1.0,1650643,2.0,34,,0.0,2.0,2.0,A01,138Â 290Â 209,1.0
967189,201900008720,6,17,04:00,3,2,1,1.0,6.0,97701,L'OASIS,M,"43,8340990","5,9766350",977,2019,30.0,1.0,1.0,3.0,2161871,1.0,1,4,1,5.0,,0.0,0,1992.0,A01,138Â 290Â 207,2.0,-1.0,-1.0,1650644,0.0,2,,1.0,0.0,1.0,A01,138Â 290Â 207,1.0
967190,201900008721,6,6,14:45,1,1,1,1.0,7.0,97106,Malendure,M,"16,1774790"," -61,7781020",971,2019,50.0,1.0,1.0,2.0,2161872,1.0,1,3,1,5.0,,0.0,0,1981.0,A01,138Â 290Â 206,2.0,6.0,-1.0,1650645,1.0,33,,6.0,0.0,1.0,A01,138Â 290Â 206,1.0
967191,201900008722,6,9,16:00,1,2,1,1.0,2.0,97230,Route de la Caravelle,M,"14,7573890"," -60,9218680",972,2019,50.0,1.0,1.0,3.0,2161873,1.0,1,1,1,5.0,,0.0,0,1995.0,A01,138Â 290Â 204,1.0,-1.0,-1.0,1650646,2.0,7,,0.0,2.0,6.0,A01,138Â 290Â 204,0.0
967191,201900008722,6,9,16:00,1,2,1,1.0,2.0,97230,Route de la Caravelle,M,"14,7573890"," -60,9218680",972,2019,50.0,1.0,1.0,3.0,2161873,1.0,1,1,1,5.0,,0.0,0,1995.0,A01,138Â 290Â 204,1.0,-1.0,-1.0,1650647,2.0,2,,0.0,2.0,2.0,B01,138Â 290Â 205,6.0
967191,201900008722,6,9,16:00,1,2,1,1.0,2.0,97230,Route de la Caravelle,M,"14,7573890"," -60,9218680",972,2019,50.0,1.0,1.0,3.0,2161874,1.0,1,3,1,5.0,,0.0,0,1987.0,B01,138Â 290Â 205,0.0,-1.0,-1.0,1650646,2.0,7,,0.0,2.0,6.0,A01,138Â 290Â 204,0.0
967191,201900008722,6,9,16:00,1,2,1,1.0,2.0,97230,Route de la Caravelle,M,"14,7573890"," -60,9218680",972,2019,50.0,1.0,1.0,3.0,2161874,1.0,1,3,1,5.0,,0.0,0,1987.0,B01,138Â 290Â 205,0.0,-1.0,-1.0,1650647,2.0,2,,0.0,2.0,2.0,B01,138Â 290Â 205,6.0
967192,201900008723,6,13,15:29,1,2,2,1.0,3.0,13088,RD 568,M,"43,3680950","5,2510110",13,2019,50.0,1.0,1.0,3.0,2161875,1.0,1,3,1,5.0,,0.0,0,1998.0,B01,138Â 290Â 202,0.0,-1.0,-1.0,1650648,3.0,99,,0.0,2.0,1.0,B01,138Â 290Â 202,1.0
967192,201900008723,6,13,15:29,1,2,2,1.0,3.0,13088,RD 568,M,"43,3680950","5,2510110",13,2019,50.0,1.0,1.0,3.0,2161875,1.0,1,3,1,5.0,,0.0,0,1998.0,B01,138Â 290Â 202,0.0,-1.0,-1.0,1650649,3.0,7,,0.0,0.0,2.0,A01,138Â 290Â 203,1.0
967192,201900008723,6,13,15:29,1,2,2,1.0,3.0,13088,RD 568,M,"43,3680950","5,2510110",13,2019,50.0,1.0,1.0,3.0,2161876,1.0,1,4,1,3.0,,0.0,0,1985.0,A01,138Â 290Â 203,1.0,-1.0,-1.0,1650648,3.0,99,,0.0,2.0,1.0,B01,138Â 290Â 202,1.0
967192,201900008723,6,13,15:29,1,2,2,1.0,3.0,13088,RD 568,M,"43,3680950","5,2510110",13,2019,50.0,1.0,1.0,3.0,2161876,1.0,1,4,1,3.0,,0.0,0,1985.0,A01,138Â 290Â 203,1.0,-1.0,-1.0,1650649,3.0,7,,0.0,0.0,2.0,A01,138Â 290Â 203,1.0
967193,201900008724,6,8,15:00,1,1,3,1.0,3.0,37079,D976,M,"47,3229020","1,0269990",37,2019,80.0,1.0,1.0,3.0,2161877,1.0,1,3,2,5.0,,0.0,0,1957.0,A01,138Â 290Â 200,2.0,6.0,-1.0,1650650,1.0,31,,0.0,2.0,1.0,A01,138Â 290Â 200,1.0
967193,201900008724,6,8,15:00,1,1,3,1.0,3.0,37079,D976,M,"47,3229020","1,0269990",37,2019,80.0,1.0,1.0,3.0,2161877,1.0,1,3,2,5.0,,0.0,0,1957.0,A01,138Â 290Â 200,2.0,6.0,-1.0,1650651,2.0,7,,0.0,2.0,5.0,B01,138Â 290Â 201,1.0
967193,201900008724,6,8,15:00,1,1,3,1.0,3.0,37079,D976,M,"47,3229020","1,0269990",37,2019,80.0,1.0,1.0,3.0,2161878,1.0,1,1,1,0.0,,0.0,0,1943.0,B01,138Â 290Â 201,1.0,-1.0,-1.0,1650650,1.0,31,,0.0,2.0,1.0,A01,138Â 290Â 200,1.0
967193,201900008724,6,8,15:00,1,1,3,1.0,3.0,37079,D976,M,"47,3229020","1,0269990",37,2019,80.0,1.0,1.0,3.0,2161878,1.0,1,1,1,0.0,,0.0,0,1943.0,B01,138Â 290Â 201,1.0,-1.0,-1.0,1650651,2.0,7,,0.0,2.0,5.0,B01,138Â 290Â 201,1.0
967194,201900008725,5,31,19:20,1,1,6,1.0,2.0,37201,Route de Richelieu,M,"47,1357024","0,2922279",37,2019,80.0,1.0,1.0,3.0,2161879,1.0,1,3,1,5.0,,0.0,0,1968.0,B01,138Â 290Â 198,2.0,-1.0,-1.0,1650652,2.0,33,,0.0,0.0,5.0,B01,138Â 290Â 198,1.0
967194,201900008725,5,31,19:20,1,1,6,1.0,2.0,37201,Route de Richelieu,M,"47,1357024","0,2922279",37,2019,80.0,1.0,1.0,3.0,2161879,1.0,1,3,1,5.0,,0.0,0,1968.0,B01,138Â 290Â 198,2.0,-1.0,-1.0,1650653,2.0,33,,0.0,2.0,1.0,A01,138Â 290Â 199,1.0
967194,201900008725,5,31,19:20,1,1,6,1.0,2.0,37201,Route de Richelieu,M,"47,1357024","0,2922279",37,2019,80.0,1.0,1.0,3.0,2161880,1.0,1,1,2,5.0,,0.0,0,1970.0,A01,138Â 290Â 199,2.0,-1.0,-1.0,1650652,2.0,33,,0.0,0.0,5.0,B01,138Â 290Â 198,1.0
967194,201900008725,5,31,19:20,1,1,6,1.0,2.0,37201,Route de Richelieu,M,"47,1357024","0,2922279",37,2019,80.0,1.0,1.0,3.0,2161880,1.0,1,1,2,5.0,,0.0,0,1970.0,A01,138Â 290Â 199,2.0,-1.0,-1.0,1650653,2.0,33,,0.0,2.0,1.0,A01,138Â 290Â 199,1.0
967195,201900008726,6,12,18:30,1,1,1,8.0,7.0,37060,RD 80,M,"47,4317393","1,0631039",37,2019,80.0,3.0,2.0,3.0,2161881,1.0,1,3,2,9.0,,0.0,0,1971.0,A01,138Â 290Â 197,1.0,-1.0,-1.0,1650654,2.0,7,,13.0,0.0,1.0,A01,138Â 290Â 197,1.0
967196,201900008727,6,13,05:10,2,2,1,1.0,6.0,45191,79 Rue de la RÃ©publique,M,"48,2939180","2,4104290",45,2019,50.0,4.0,1.0,3.0,2161882,1.0,1,3,1,5.0,,0.0,0,1984.0,A01,138Â 290Â 196,8.0,-1.0,-1.0,1650655,2.0,7,,8.0,0.0,1.0,A01,138Â 290Â 196,1.0
967196,201900008727,6,13,05:10,2,2,1,1.0,6.0,45191,79 Rue de la RÃ©publique,M,"48,2939180","2,4104290",45,2019,50.0,4.0,1.0,3.0,2161883,2.0,2,3,2,5.0,,0.0,0,1991.0,A01,138Â 290Â 196,8.0,-1.0,-1.0,1650655,2.0,7,,8.0,0.0,1.0,A01,138Â 290Â 196,1.0
967196,201900008727,6,13,05:10,2,2,1,1.0,6.0,45191,79 Rue de la RÃ©publique,M,"48,2939180","2,4104290",45,2019,50.0,4.0,1.0,3.0,2161884,9.0,2,3,1,5.0,,0.0,0,2006.0,A01,138Â 290Â 196,8.0,-1.0,-1.0,1650655,2.0,7,,8.0,0.0,1.0,A01,138Â 290Â 196,1.0
967197,201900008728,6,3,15:00,1,1,3,1.0,6.0,45278,D41 - D56,M,"47,8188999","2,8357568",45,2019,80.0,3.0,1.0,3.0,2161885,1.0,1,3,2,1.0,,0.0,0,1966.0,A01,138Â 290Â 195,8.0,-1.0,-1.0,1650656,1.0,7,,2.0,0.0,3.0,A01,138Â 290Â 195,1.0
967198,201900008729,6,16,09:00,1,2,1,1.0,3.0,45039,"10, route de sully",M,"47,7952241","2,3813604",45,2019,50.0,5.0,1.0,3.0,2161886,1.0,1,1,1,5.0,,0.0,0,1966.0,A01,138Â 290Â 193,8.0,-1.0,-1.0,1650657,1.0,7,,0.0,2.0,3.0,A01,138Â 290Â 193,1.0
967198,201900008729,6,16,09:00,1,2,1,1.0,3.0,45039,"10, route de sully",M,"47,7952241","2,3813604",45,2019,50.0,5.0,1.0,3.0,2161886,1.0,1,1,1,5.0,,0.0,0,1966.0,A01,138Â 290Â 193,8.0,-1.0,-1.0,1650658,2.0,1,,0.0,2.0,1.0,B01,138Â 290Â 194,5.0
967198,201900008729,6,16,09:00,1,2,1,1.0,3.0,45039,"10, route de sully",M,"47,7952241","2,3813604",45,2019,50.0,5.0,1.0,3.0,2161887,1.0,1,4,1,5.0,,0.0,0,1946.0,B01,138Â 290Â 194,2.0,-1.0,-1.0,1650657,1.0,7,,0.0,2.0,3.0,A01,138Â 290Â 193,1.0
967198,201900008729,6,16,09:00,1,2,1,1.0,3.0,45039,"10, route de sully",M,"47,7952241","2,3813604",45,2019,50.0,5.0,1.0,3.0,2161887,1.0,1,4,1,5.0,,0.0,0,1946.0,B01,138Â 290Â 194,2.0,-1.0,-1.0,1650658,2.0,1,,0.0,2.0,1.0,B01,138Â 290Â 194,5.0
967199,201900008730,6,4,08:10,1,1,1,1.0,7.0,45042,D952 - PK29+600,M,"47,7991170","2,4303600",45,2019,80.0,3.0,1.0,3.0,2161888,1.0,1,3,1,4.0,,0.0,0,1999.0,A01,138Â 290Â 192,8.0,-1.0,-1.0,1650659,2.0,7,,17.0,0.0,3.0,A01,138Â 290Â 192,1.0
967200,201900008731,6,9,14:00,1,2,1,1.0,7.0,45291,R DU TROMPE SOURIS,M,"47,6564100","2,6667130",45,2019,50.0,3.0,1.0,4.0,2161889,1.0,1,3,1,5.0,,0.0,0,1945.0,A01,138Â 290Â 191,0.0,-1.0,-1.0,1650660,3.0,80,,0.0,0.0,2.0,A01,138Â 290Â 191,3.0
967201,201900008732,5,31,08:50,1,1,2,1.0,1.0,45096,D44 - D56,M,"47,7718160","2,6072210",45,2019,80.0,1.0,1.0,3.0,2161890,1.0,1,3,1,5.0,,0.0,0,1942.0,B01,138Â 290Â 189,8.0,-1.0,-1.0,1650661,1.0,1,,0.0,2.0,3.0,B01,138Â 290Â 189,5.0
967201,201900008732,5,31,08:50,1,1,2,1.0,1.0,45096,D44 - D56,M,"47,7718160","2,6072210",45,2019,80.0,1.0,1.0,3.0,2161890,1.0,1,3,1,5.0,,0.0,0,1942.0,B01,138Â 290Â 189,8.0,-1.0,-1.0,1650662,1.0,7,,0.0,9.0,2.0,A01,138Â 290Â 190,1.0
967201,201900008732,5,31,08:50,1,1,2,1.0,1.0,45096,D44 - D56,M,"47,7718160","2,6072210",45,2019,80.0,1.0,1.0,3.0,2161891,1.0,1,1,1,5.0,,0.0,0,1984.0,A01,138Â 290Â 190,8.0,-1.0,-1.0,1650661,1.0,1,,0.0,2.0,3.0,B01,138Â 290Â 189,5.0
967201,201900008732,5,31,08:50,1,1,2,1.0,1.0,45096,D44 - D56,M,"47,7718160","2,6072210",45,2019,80.0,1.0,1.0,3.0,2161891,1.0,1,1,1,5.0,,0.0,0,1984.0,A01,138Â 290Â 190,8.0,-1.0,-1.0,1650662,1.0,7,,0.0,9.0,2.0,A01,138Â 290Â 190,1.0
967202,201900008733,6,14,22:15,5,2,1,3.0,1.0,45173,18 Route d'OrlÃ©ans,M,"47,8627177","2,1130752",45,2019,50.0,1.0,2.0,3.0,2161892,1.0,1,3,1,5.0,,0.0,0,1999.0,B01,138Â 290Â 187,2.0,-1.0,-1.0,1650663,2.0,33,,0.0,2.0,1.0,B01,138Â 290Â 187,1.0
967202,201900008733,6,14,22:15,5,2,1,3.0,1.0,45173,18 Route d'OrlÃ©ans,M,"47,8627177","2,1130752",45,2019,50.0,1.0,2.0,3.0,2161892,1.0,1,3,1,5.0,,0.0,0,1999.0,B01,138Â 290Â 187,2.0,-1.0,-1.0,1650664,1.0,7,,0.0,2.0,1.0,A01,138Â 290Â 188,1.0
967202,201900008733,6,14,22:15,5,2,1,3.0,1.0,45173,18 Route d'OrlÃ©ans,M,"47,8627177","2,1130752",45,2019,50.0,1.0,2.0,3.0,2161893,1.0,1,1,2,5.0,,0.0,0,1985.0,A01,138Â 290Â 188,1.0,-1.0,-1.0,1650663,2.0,33,,0.0,2.0,1.0,B01,138Â 290Â 187,1.0
967202,201900008733,6,14,22:15,5,2,1,3.0,1.0,45173,18 Route d'OrlÃ©ans,M,"47,8627177","2,1130752",45,2019,50.0,1.0,2.0,3.0,2161893,1.0,1,1,2,5.0,,0.0,0,1985.0,A01,138Â 290Â 188,1.0,-1.0,-1.0,1650664,1.0,7,,0.0,2.0,1.0,A01,138Â 290Â 188,1.0
967203,201900008734,6,14,07:50,1,1,1,1.0,5.0,77089,D12,M,"48,5149600","2,9637000",77,2019,80.0,1.0,2.0,3.0,2161894,1.0,1,1,1,4.0,,0.0,0,1984.0,C01,138Â 290Â 184,1.0,-1.0,-1.0,1650665,1.0,14,,0.0,2.0,2.0,C01,138Â 290Â 184,1.0
967203,201900008734,6,14,07:50,1,1,1,1.0,5.0,77089,D12,M,"48,5149600","2,9637000",77,2019,80.0,1.0,2.0,3.0,2161894,1.0,1,1,1,4.0,,0.0,0,1984.0,C01,138Â 290Â 184,1.0,-1.0,-1.0,1650666,1.0,7,,0.0,2.0,8.0,B01,138Â 290Â 185,1.0
967203,201900008734,6,14,07:50,1,1,1,1.0,5.0,77089,D12,M,"48,5149600","2,9637000",77,2019,80.0,1.0,2.0,3.0,2161894,1.0,1,1,1,4.0,,0.0,0,1984.0,C01,138Â 290Â 184,1.0,-1.0,-1.0,1650667,2.0,7,,0.0,2.0,1.0,A01,138Â 290Â 186,1.0
967203,201900008734,6,14,07:50,1,1,1,1.0,5.0,77089,D12,M,"48,5149600","2,9637000",77,2019,80.0,1.0,2.0,3.0,2161895,1.0,1,4,1,1.0,,0.0,0,1987.0,B01,138Â 290Â 185,1.0,-1.0,-1.0,1650665,1.0,14,,0.0,2.0,2.0,C01,138Â 290Â 184,1.0
967203,201900008734,6,14,07:50,1,1,1,1.0,5.0,77089,D12,M,"48,5149600","2,9637000",77,2019,80.0,1.0,2.0,3.0,2161895,1.0,1,4,1,1.0,,0.0,0,1987.0,B01,138Â 290Â 185,1.0,-1.0,-1.0,1650666,1.0,7,,0.0,2.0,8.0,B01,138Â 290Â 185,1.0
967203,201900008734,6,14,07:50,1,1,1,1.0,5.0,77089,D12,M,"48,5149600","2,9637000",77,2019,80.0,1.0,2.0,3.0,2161895,1.0,1,4,1,1.0,,0.0,0,1987.0,B01,138Â 290Â 185,1.0,-1.0,-1.0,1650667,2.0,7,,0.0,2.0,1.0,A01,138Â 290Â 186,1.0
967203,201900008734,6,14,07:50,1,1,1,1.0,5.0,77089,D12,M,"48,5149600","2,9637000",77,2019,80.0,1.0,2.0,3.0,2161896,1.0,1,4,1,1.0,,0.0,0,1994.0,A01,138Â 290Â 186,1.0,-1.0,-1.0,1650665,1.0,14,,0.0,2.0,2.0,C01,138Â 290Â 184,1.0
967203,201900008734,6,14,07:50,1,1,1,1.0,5.0,77089,D12,M,"48,5149600","2,9637000",77,2019,80.0,1.0,2.0,3.0,2161896,1.0,1,4,1,1.0,,0.0,0,1994.0,A01,138Â 290Â 186,1.0,-1.0,-1.0,1650666,1.0,7,,0.0,2.0,8.0,B01,138Â 290Â 185,1.0
967203,201900008734,6,14,07:50,1,1,1,1.0,5.0,77089,D12,M,"48,5149600","2,9637000",77,2019,80.0,1.0,2.0,3.0,2161896,1.0,1,4,1,1.0,,0.0,0,1994.0,A01,138Â 290Â 186,1.0,-1.0,-1.0,1650667,2.0,7,,0.0,2.0,1.0,A01,138Â 290Â 186,1.0
967203,201900008734,6,14,07:50,1,1,1,1.0,5.0,77089,D12,M,"48,5149600","2,9637000",77,2019,80.0,1.0,2.0,3.0,2161897,2.0,2,4,2,1.0,,0.0,0,1991.0,A01,138Â 290Â 186,1.0,-1.0,-1.0,1650665,1.0,14,,0.0,2.0,2.0,C01,138Â 290Â 184,1.0
967203,201900008734,6,14,07:50,1,1,1,1.0,5.0,77089,D12,M,"48,5149600","2,9637000",77,2019,80.0,1.0,2.0,3.0,2161897,2.0,2,4,2,1.0,,0.0,0,1991.0,A01,138Â 290Â 186,1.0,-1.0,-1.0,1650666,1.0,7,,0.0,2.0,8.0,B01,138Â 290Â 185,1.0
967203,201900008734,6,14,07:50,1,1,1,1.0,5.0,77089,D12,M,"48,5149600","2,9637000",77,2019,80.0,1.0,2.0,3.0,2161897,2.0,2,4,2,1.0,,0.0,0,1991.0,A01,138Â 290Â 186,1.0,-1.0,-1.0,1650667,2.0,7,,0.0,2.0,1.0,A01,138Â 290Â 186,1.0
967204,201900008735,6,10,15:00,1,1,1,2.0,6.0,77273,route nationale 330,M,"49,0502510","2,7688130",77,2019,80.0,1.0,2.0,2.0,2161898,1.0,1,3,2,5.0,,0.0,0,1961.0,A01,138Â 290Â 183,2.0,6.0,-1.0,1650668,2.0,31,,14.0,0.0,1.0,A01,138Â 290Â 183,1.0
967205,201900008736,6,9,09:00,1,2,2,1.0,3.0,77437,D9 X RUE DE L'INTE,M,"49,0357400","2,7959800",77,2019,50.0,1.0,1.0,3.0,2161899,1.0,1,4,1,5.0,,0.0,0,1933.0,B01,138Â 290Â 181,2.0,-1.0,-1.0,1650669,3.0,1,,0.0,2.0,8.0,B01,138Â 290Â 181,5.0
967205,201900008736,6,9,09:00,1,2,2,1.0,3.0,77437,D9 X RUE DE L'INTE,M,"49,0357400","2,7959800",77,2019,50.0,1.0,1.0,3.0,2161899,1.0,1,4,1,5.0,,0.0,0,1933.0,B01,138Â 290Â 181,2.0,-1.0,-1.0,1650670,2.0,7,,0.0,9.0,1.0,A01,138Â 290Â 182,0.0
967205,201900008736,6,9,09:00,1,2,2,1.0,3.0,77437,D9 X RUE DE L'INTE,M,"49,0357400","2,7959800",77,2019,50.0,1.0,1.0,3.0,2161900,1.0,1,1,2,3.0,,0.0,0,1955.0,A01,138Â 290Â 182,1.0,-1.0,-1.0,1650669,3.0,1,,0.0,2.0,8.0,B01,138Â 290Â 181,5.0
967205,201900008736,6,9,09:00,1,2,2,1.0,3.0,77437,D9 X RUE DE L'INTE,M,"49,0357400","2,7959800",77,2019,50.0,1.0,1.0,3.0,2161900,1.0,1,1,2,3.0,,0.0,0,1955.0,A01,138Â 290Â 182,1.0,-1.0,-1.0,1650670,2.0,7,,0.0,9.0,1.0,A01,138Â 290Â 182,0.0
967206,201900008737,6,13,08:05,1,2,1,1.0,6.0,77171,D5-Rue Louis Braille,M,"48,8976761","2,8076823",77,2019,50.0,1.0,1.0,3.0,2161901,10.0,3,4,2,2.0,,2.0,5,2007.0,A01,138Â 290Â 180,0.0,-1.0,-1.0,1650671,1.0,7,,0.0,1.0,2.0,A01,138Â 290Â 180,0.0
967206,201900008737,6,13,08:05,1,2,1,1.0,6.0,77171,D5-Rue Louis Braille,M,"48,8976761","2,8076823",77,2019,50.0,1.0,1.0,3.0,2161902,1.0,1,1,2,1.0,,0.0,0,1968.0,A01,138Â 290Â 180,8.0,-1.0,-1.0,1650671,1.0,7,,0.0,1.0,2.0,A01,138Â 290Â 180,0.0
967207,201900008738,6,12,19:35,1,1,1,1.0,4.0,77153,ROUTE NATIONBALE 2,M,"49,0544880","2,6995796",77,2019,90.0,8.0,2.0,2.0,2161903,1.0,1,1,2,0.0,,0.0,0,1969.0,A01,138Â 290Â 177,1.0,-1.0,-1.0,1650672,1.0,7,,0.0,2.0,0.0,D01,138Â 290Â 176,0.0
967207,201900008738,6,12,19:35,1,1,1,1.0,4.0,77153,ROUTE NATIONBALE 2,M,"49,0544880","2,6995796",77,2019,90.0,8.0,2.0,2.0,2161903,1.0,1,1,2,0.0,,0.0,0,1969.0,A01,138Â 290Â 177,1.0,-1.0,-1.0,1650673,1.0,7,,0.0,0.0,4.0,A01,138Â 290Â 177,1.0
967207,201900008738,6,12,19:35,1,1,1,1.0,4.0,77153,ROUTE NATIONBALE 2,M,"49,0544880","2,6995796",77,2019,90.0,8.0,2.0,2.0,2161903,1.0,1,1,2,0.0,,0.0,0,1969.0,A01,138Â 290Â 177,1.0,-1.0,-1.0,1650674,1.0,7,,0.0,0.0,4.0,C01,138Â 290Â 178,1.0
967207,201900008738,6,12,19:35,1,1,1,1.0,4.0,77153,ROUTE NATIONBALE 2,M,"49,0544880","2,6995796",77,2019,90.0,8.0,2.0,2.0,2161903,1.0,1,1,2,0.0,,0.0,0,1969.0,A01,138Â 290Â 177,1.0,-1.0,-1.0,1650675,1.0,7,,0.0,2.0,4.0,B01,138Â 290Â 179,1.0
967207,201900008738,6,12,19:35,1,1,1,1.0,4.0,77153,ROUTE NATIONBALE 2,M,"49,0544880","2,6995796",77,2019,90.0,8.0,2.0,2.0,2161904,2.0,2,4,2,0.0,,0.0,0,2001.0,C01,138Â 290Â 178,1.0,-1.0,-1.0,1650672,1.0,7,,0.0,2.0,0.0,D01,138Â 290Â 176,0.0
967207,201900008738,6,12,19:35,1,1,1,1.0,4.0,77153,ROUTE NATIONBALE 2,M,"49,0544880","2,6995796",77,2019,90.0,8.0,2.0,2.0,2161904,2.0,2,4,2,0.0,,0.0,0,2001.0,C01,138Â 290Â 178,1.0,-1.0,-1.0,1650673,1.0,7,,0.0,0.0,4.0,A01,138Â 290Â 177,1.0
967207,201900008738,6,12,19:35,1,1,1,1.0,4.0,77153,ROUTE NATIONBALE 2,M,"49,0544880","2,6995796",77,2019,90.0,8.0,2.0,2.0,2161904,2.0,2,4,2,0.0,,0.0,0,2001.0,C01,138Â 290Â 178,1.0,-1.0,-1.0,1650674,1.0,7,,0.0,0.0,4.0,C01,138Â 290Â 178,1.0
967207,201900008738,6,12,19:35,1,1,1,1.0,4.0,77153,ROUTE NATIONBALE 2,M,"49,0544880","2,6995796",77,2019,90.0,8.0,2.0,2.0,2161904,2.0,2,4,2,0.0,,0.0,0,2001.0,C01,138Â 290Â 178,1.0,-1.0,-1.0,1650675,1.0,7,,0.0,2.0,4.0,B01,138Â 290Â 179,1.0
967207,201900008738,6,12,19:35,1,1,1,1.0,4.0,77153,ROUTE NATIONBALE 2,M,"49,0544880","2,6995796",77,2019,90.0,8.0,2.0,2.0,2161905,1.0,1,4,2,0.0,,0.0,0,1999.0,C01,138Â 290Â 178,1.0,-1.0,-1.0,1650672,1.0,7,,0.0,2.0,0.0,D01,138Â 290Â 176,0.0
967207,201900008738,6,12,19:35,1,1,1,1.0,4.0,77153,ROUTE NATIONBALE 2,M,"49,0544880","2,6995796",77,2019,90.0,8.0,2.0,2.0,2161905,1.0,1,4,2,0.0,,0.0,0,1999.0,C01,138Â 290Â 178,1.0,-1.0,-1.0,1650673,1.0,7,,0.0,0.0,4.0,A01,138Â 290Â 177,1.0
967207,201900008738,6,12,19:35,1,1,1,1.0,4.0,77153,ROUTE NATIONBALE 2,M,"49,0544880","2,6995796",77,2019,90.0,8.0,2.0,2.0,2161905,1.0,1,4,2,0.0,,0.0,0,1999.0,C01,138Â 290Â 178,1.0,-1.0,-1.0,1650674,1.0,7,,0.0,0.0,4.0,C01,138Â 290Â 178,1.0
967207,201900008738,6,12,19:35,1,1,1,1.0,4.0,77153,ROUTE NATIONBALE 2,M,"49,0544880","2,6995796",77,2019,90.0,8.0,2.0,2.0,2161905,1.0,1,4,2,0.0,,0.0,0,1999.0,C01,138Â 290Â 178,1.0,-1.0,-1.0,1650675,1.0,7,,0.0,2.0,4.0,B01,138Â 290Â 179,1.0
967207,201900008738,6,12,19:35,1,1,1,1.0,4.0,77153,ROUTE NATIONBALE 2,M,"49,0544880","2,6995796",77,2019,90.0,8.0,2.0,2.0,2161906,1.0,1,4,2,1.0,,0.0,0,1993.0,B01,138Â 290Â 179,1.0,-1.0,-1.0,1650672,1.0,7,,0.0,2.0,0.0,D01,138Â 290Â 176,0.0
967207,201900008738,6,12,19:35,1,1,1,1.0,4.0,77153,ROUTE NATIONBALE 2,M,"49,0544880","2,6995796",77,2019,90.0,8.0,2.0,2.0,2161906,1.0,1,4,2,1.0,,0.0,0,1993.0,B01,138Â 290Â 179,1.0,-1.0,-1.0,1650673,1.0,7,,0.0,0.0,4.0,A01,138Â 290Â 177,1.0
967207,201900008738,6,12,19:35,1,1,1,1.0,4.0,77153,ROUTE NATIONBALE 2,M,"49,0544880","2,6995796",77,2019,90.0,8.0,2.0,2.0,2161906,1.0,1,4,2,1.0,,0.0,0,1993.0,B01,138Â 290Â 179,1.0,-1.0,-1.0,1650674,1.0,7,,0.0,0.0,4.0,C01,138Â 290Â 178,1.0
967207,201900008738,6,12,19:35,1,1,1,1.0,4.0,77153,ROUTE NATIONBALE 2,M,"49,0544880","2,6995796",77,2019,90.0,8.0,2.0,2.0,2161906,1.0,1,4,2,1.0,,0.0,0,1993.0,B01,138Â 290Â 179,1.0,-1.0,-1.0,1650675,1.0,7,,0.0,2.0,4.0,B01,138Â 290Â 179,1.0
967208,201900008739,6,5,07:35,1,1,1,2.0,6.0,77392,"nationale 2, pk 157, sens povince-Paris",M,"49,0753200","2,7216400",77,2019,110.0,1.0,2.0,2.0,2161907,2.0,2,1,2,5.0,,0.0,0,1956.0,B01,138Â 290Â 174,1.0,-1.0,-1.0,1650676,2.0,7,,0.0,0.0,4.0,B01,138Â 290Â 174,1.0