Unnamed: 0_x,num_acc,mois,jour,hrmn,lum,agg,int,atm,col,com,adr,gps,lat,long,dep,annee,vma,situ,surf,catr,Unnamed: 0_y,place,catu,grav,sexe,trajet,secu,locp,actp,an_nais,num_veh_x,id_vehicule_x,secu1,secu2,secu3,Unnamed: 0,senc,catv,occutc,obs,obsm,choc,num_veh_y,id_vehicule_y,motor
967208,201900008739,6,5,07:35,1,1,1,2.0,6.0,77392,"nationale 2, pk 157, sens povince-Paris",M,"49,0753200","2,7216400",77,2019,110.0,1.0,2.0,2.0,2161907,2.0,2,1,2,5.0,,0.0,0,1956.0,B01,138Â 290Â 174,1.0,-1.0,-1.0,1650677,2.0,2,,1.0,2.0,1.0,A01,138Â 290Â 175,1.0
967208,201900008739,6,5,07:35,1,1,1,2.0,6.0,77392,"nationale 2, pk 157, sens povince-Paris",M,"49,0753200","2,7216400",77,2019,110.0,1.0,2.0,2.0,2161908,1.0,1,1,1,5.0,,0.0,0,1955.0,B01,138Â 290Â 174,1.0,-1.0,-1.0,1650676,2.0,7,,0.0,0.0,4.0,B01,138Â 290Â 174,1.0
967208,201900008739,6,5,07:35,1,1,1,2.0,6.0,77392,"nationale 2, pk 157, sens povince-Paris",M,"49,0753200","2,7216400",77,2019,110.0,1.0,2.0,2.0,2161908,1.0,1,1,1,5.0,,0.0,0,1955.0,B01,138Â 290Â 174,1.0,-1.0,-1.0,1650677,2.0,2,,1.0,2.0,1.0,A01,138Â 290Â 175,1.0
967208,201900008739,6,5,07:35,1,1,1,2.0,6.0,77392,"nationale 2, pk 157, sens povince-Paris",M,"49,0753200","2,7216400",77,2019,110.0,1.0,2.0,2.0,2161909,1.0,1,3,1,1.0,,0.0,0,1985.0,A01,138Â 290Â 175,2.0,-1.0,-1.0,1650676,2.0,7,,0.0,0.0,4.0,B01,138Â 290Â 174,1.0
967208,201900008739,6,5,07:35,1,1,1,2.0,6.0,77392,"nationale 2, pk 157, sens povince-Paris",M,"49,0753200","2,7216400",77,2019,110.0,1.0,2.0,2.0,2161909,1.0,1,3,1,1.0,,0.0,0,1985.0,A01,138Â 290Â 175,2.0,-1.0,-1.0,1650677,2.0,2,,1.0,2.0,1.0,A01,138Â 290Â 175,1.0
967209,201900008740,6,7,14:25,1,1,9,1.0,1.0,77168,D30 X RUE DU LOING,M,"48,1681100","2,8938100",77,2019,70.0,1.0,1.0,3.0,2161910,1.0,1,3,1,5.0,,0.0,0,1990.0,B01,138Â 290Â 172,1.0,-1.0,-1.0,1650678,2.0,7,,0.0,2.0,3.0,B01,138Â 290Â 172,1.0
967209,201900008740,6,7,14:25,1,1,9,1.0,1.0,77168,D30 X RUE DU LOING,M,"48,1681100","2,8938100",77,2019,70.0,1.0,1.0,3.0,2161910,1.0,1,3,1,5.0,,0.0,0,1990.0,B01,138Â 290Â 172,1.0,-1.0,-1.0,1650679,1.0,13,,0.0,2.0,1.0,A01,138Â 290Â 173,1.0
967209,201900008740,6,7,14:25,1,1,9,1.0,1.0,77168,D30 X RUE DU LOING,M,"48,1681100","2,8938100",77,2019,70.0,1.0,1.0,3.0,2161911,1.0,1,1,1,4.0,,0.0,0,1981.0,A01,138Â 290Â 173,1.0,-1.0,-1.0,1650678,2.0,7,,0.0,2.0,3.0,B01,138Â 290Â 172,1.0
967209,201900008740,6,7,14:25,1,1,9,1.0,1.0,77168,D30 X RUE DU LOING,M,"48,1681100","2,8938100",77,2019,70.0,1.0,1.0,3.0,2161911,1.0,1,1,1,4.0,,0.0,0,1981.0,A01,138Â 290Â 173,1.0,-1.0,-1.0,1650679,1.0,13,,0.0,2.0,1.0,A01,138Â 290Â 173,1.0
967210,201900008741,5,30,05:00,2,1,1,1.0,7.0,77192,RN 36,M,"48,6978500","2,8244300",77,2019,80.0,3.0,1.0,2.0,2161912,1.0,1,4,1,5.0,,0.0,0,1987.0,A01,138Â 290Â 171,1.0,-1.0,-1.0,1650680,1.0,7,,0.0,0.0,1.0,A01,138Â 290Â 171,1.0
967211,201900008742,6,16,15:00,1,1,3,1.0,3.0,77440,D21 X CHEMIN DE PERREUSE,M,"48,9432100","3,0883500",77,2019,80.0,1.0,1.0,3.0,2161913,1.0,1,1,2,5.0,,0.0,0,1985.0,C01,138Â 290Â 169,1.0,-1.0,-1.0,1650681,2.0,7,,0.0,2.0,1.0,C01,138Â 290Â 169,1.0
967211,201900008742,6,16,15:00,1,1,3,1.0,3.0,77440,D21 X CHEMIN DE PERREUSE,M,"48,9432100","3,0883500",77,2019,80.0,1.0,1.0,3.0,2161913,1.0,1,1,2,5.0,,0.0,0,1985.0,C01,138Â 290Â 169,1.0,-1.0,-1.0,1650682,1.0,33,,0.0,2.0,2.0,A01,138Â 290Â 170,1.0
967211,201900008742,6,16,15:00,1,1,3,1.0,3.0,77440,D21 X CHEMIN DE PERREUSE,M,"48,9432100","3,0883500",77,2019,80.0,1.0,1.0,3.0,2161914,4.0,2,1,2,5.0,,0.0,0,2017.0,C01,138Â 290Â 169,3.0,1.0,-1.0,1650681,2.0,7,,0.0,2.0,1.0,C01,138Â 290Â 169,1.0
967211,201900008742,6,16,15:00,1,1,3,1.0,3.0,77440,D21 X CHEMIN DE PERREUSE,M,"48,9432100","3,0883500",77,2019,80.0,1.0,1.0,3.0,2161914,4.0,2,1,2,5.0,,0.0,0,2017.0,C01,138Â 290Â 169,3.0,1.0,-1.0,1650682,1.0,33,,0.0,2.0,2.0,A01,138Â 290Â 170,1.0
967211,201900008742,6,16,15:00,1,1,3,1.0,3.0,77440,D21 X CHEMIN DE PERREUSE,M,"48,9432100","3,0883500",77,2019,80.0,1.0,1.0,3.0,2161915,3.0,2,3,1,5.0,,0.0,0,2014.0,C01,138Â 290Â 169,3.0,1.0,-1.0,1650681,2.0,7,,0.0,2.0,1.0,C01,138Â 290Â 169,1.0
967211,201900008742,6,16,15:00,1,1,3,1.0,3.0,77440,D21 X CHEMIN DE PERREUSE,M,"48,9432100","3,0883500",77,2019,80.0,1.0,1.0,3.0,2161915,3.0,2,3,1,5.0,,0.0,0,2014.0,C01,138Â 290Â 169,3.0,1.0,-1.0,1650682,1.0,33,,0.0,2.0,2.0,A01,138Â 290Â 170,1.0
967211,201900008742,6,16,15:00,1,1,3,1.0,3.0,77440,D21 X CHEMIN DE PERREUSE,M,"48,9432100","3,0883500",77,2019,80.0,1.0,1.0,3.0,2161916,1.0,1,2,1,5.0,,0.0,0,1970.0,A01,138Â 290Â 170,2.0,6.0,9.0,1650681,2.0,7,,0.0,2.0,1.0,C01,138Â 290Â 169,1.0
967211,201900008742,6,16,15:00,1,1,3,1.0,3.0,77440,D21 X CHEMIN DE PERREUSE,M,"48,9432100","3,0883500",77,2019,80.0,1.0,1.0,3.0,2161916,1.0,1,2,1,5.0,,0.0,0,1970.0,A01,138Â 290Â 170,2.0,6.0,9.0,1650682,1.0,33,,0.0,2.0,2.0,A01,138Â 290Â 170,1.0
967212,201900008743,6,15,03:25,5,2,2,3.0,1.0,77415,D603 X RUE DU GAL DE GAULLE,M,"48,9516358","3,0164486",77,2019,50.0,1.0,2.0,3.0,2161917,1.0,1,1,1,5.0,,0.0,0,1990.0,B01,138Â 290Â 167,1.0,-1.0,-1.0,1650683,1.0,7,,0.0,2.0,3.0,B01,138Â 290Â 167,1.0
967212,201900008743,6,15,03:25,5,2,2,3.0,1.0,77415,D603 X RUE DU GAL DE GAULLE,M,"48,9516358","3,0164486",77,2019,50.0,1.0,2.0,3.0,2161917,1.0,1,1,1,5.0,,0.0,0,1990.0,B01,138Â 290Â 167,1.0,-1.0,-1.0,1650684,2.0,2,,0.0,2.0,1.0,A01,138Â 290Â 168,1.0
967212,201900008743,6,15,03:25,5,2,2,3.0,1.0,77415,D603 X RUE DU GAL DE GAULLE,M,"48,9516358","3,0164486",77,2019,50.0,1.0,2.0,3.0,2161918,1.0,1,3,1,5.0,,0.0,0,1979.0,A01,138Â 290Â 168,2.0,6.0,-1.0,1650683,1.0,7,,0.0,2.0,3.0,B01,138Â 290Â 167,1.0
967212,201900008743,6,15,03:25,5,2,2,3.0,1.0,77415,D603 X RUE DU GAL DE GAULLE,M,"48,9516358","3,0164486",77,2019,50.0,1.0,2.0,3.0,2161918,1.0,1,3,1,5.0,,0.0,0,1979.0,A01,138Â 290Â 168,2.0,6.0,-1.0,1650684,2.0,2,,0.0,2.0,1.0,A01,138Â 290Â 168,1.0
967213,201900008744,6,18,15:00,1,2,3,1.0,5.0,77142,D934 X D406 Av EnsoleillÃ©e,M,"48,8632900","2,8836100",77,2019,50.0,1.0,1.0,3.0,2161919,1.0,1,4,2,1.0,,0.0,0,1975.0,C01,138Â 290Â 164,1.0,5.0,-1.0,1650685,1.0,7,,0.0,2.0,1.0,C01,138Â 290Â 164,1.0
967213,201900008744,6,18,15:00,1,2,3,1.0,5.0,77142,D934 X D406 Av EnsoleillÃ©e,M,"48,8632900","2,8836100",77,2019,50.0,1.0,1.0,3.0,2161919,1.0,1,4,2,1.0,,0.0,0,1975.0,C01,138Â 290Â 164,1.0,5.0,-1.0,1650686,1.0,7,,0.0,2.0,6.0,B01,138Â 290Â 165,1.0
967213,201900008744,6,18,15:00,1,2,3,1.0,5.0,77142,D934 X D406 Av EnsoleillÃ©e,M,"48,8632900","2,8836100",77,2019,50.0,1.0,1.0,3.0,2161919,1.0,1,4,2,1.0,,0.0,0,1975.0,C01,138Â 290Â 164,1.0,5.0,-1.0,1650687,2.0,7,,0.0,2.0,1.0,A01,138Â 290Â 166,1.0
967213,201900008744,6,18,15:00,1,2,3,1.0,5.0,77142,D934 X D406 Av EnsoleillÃ©e,M,"48,8632900","2,8836100",77,2019,50.0,1.0,1.0,3.0,2161920,1.0,1,4,1,1.0,,0.0,0,1992.0,B01,138Â 290Â 165,1.0,5.0,-1.0,1650685,1.0,7,,0.0,2.0,1.0,C01,138Â 290Â 164,1.0
967213,201900008744,6,18,15:00,1,2,3,1.0,5.0,77142,D934 X D406 Av EnsoleillÃ©e,M,"48,8632900","2,8836100",77,2019,50.0,1.0,1.0,3.0,2161920,1.0,1,4,1,1.0,,0.0,0,1992.0,B01,138Â 290Â 165,1.0,5.0,-1.0,1650686,1.0,7,,0.0,2.0,6.0,B01,138Â 290Â 165,1.0
967213,201900008744,6,18,15:00,1,2,3,1.0,5.0,77142,D934 X D406 Av EnsoleillÃ©e,M,"48,8632900","2,8836100",77,2019,50.0,1.0,1.0,3.0,2161920,1.0,1,4,1,1.0,,0.0,0,1992.0,B01,138Â 290Â 165,1.0,5.0,-1.0,1650687,2.0,7,,0.0,2.0,1.0,A01,138Â 290Â 166,1.0
967213,201900008744,6,18,15:00,1,2,3,1.0,5.0,77142,D934 X D406 Av EnsoleillÃ©e,M,"48,8632900","2,8836100",77,2019,50.0,1.0,1.0,3.0,2161921,1.0,1,2,1,5.0,,0.0,0,1949.0,A01,138Â 290Â 166,1.0,5.0,-1.0,1650685,1.0,7,,0.0,2.0,1.0,C01,138Â 290Â 164,1.0
967213,201900008744,6,18,15:00,1,2,3,1.0,5.0,77142,D934 X D406 Av EnsoleillÃ©e,M,"48,8632900","2,8836100",77,2019,50.0,1.0,1.0,3.0,2161921,1.0,1,2,1,5.0,,0.0,0,1949.0,A01,138Â 290Â 166,1.0,5.0,-1.0,1650686,1.0,7,,0.0,2.0,6.0,B01,138Â 290Â 165,1.0
967213,201900008744,6,18,15:00,1,2,3,1.0,5.0,77142,D934 X D406 Av EnsoleillÃ©e,M,"48,8632900","2,8836100",77,2019,50.0,1.0,1.0,3.0,2161921,1.0,1,2,1,5.0,,0.0,0,1949.0,A01,138Â 290Â 166,1.0,5.0,-1.0,1650687,2.0,7,,0.0,2.0,1.0,A01,138Â 290Â 166,1.0
967214,201900008745,6,14,19:15,2,1,1,1.0,7.0,77317,D 215,M,"48,6001900","2,8704700",77,2019,80.0,1.0,1.0,3.0,2161922,1.0,1,3,1,0.0,,0.0,0,1980.0,A01,138Â 290Â 163,1.0,-1.0,-1.0,1650688,2.0,7,,0.0,0.0,9.0,A01,138Â 290Â 163,1.0
967215,201900008746,8,6,23:45,5,1,4,1.0,3.0,97113,RN4 - SECTION RIVIERA,M,"16,1338000","61,2937600",971,2019,70.0,1.0,1.0,2.0,2161923,1.0,1,4,1,5.0,,-1.0, -1,1998.0,B01,138Â 290Â 160,1.0,5.0,-1.0,1650689,3.0,7,,8.0,2.0,3.0,B01,138Â 290Â 160,1.0
967215,201900008746,8,6,23:45,5,1,4,1.0,3.0,97113,RN4 - SECTION RIVIERA,M,"16,1338000","61,2937600",971,2019,70.0,1.0,1.0,2.0,2161923,1.0,1,4,1,5.0,,-1.0, -1,1998.0,B01,138Â 290Â 160,1.0,5.0,-1.0,1650690,3.0,7,,8.0,2.0,3.0,A01,138Â 290Â 161,1.0
967215,201900008746,8,6,23:45,5,1,4,1.0,3.0,97113,RN4 - SECTION RIVIERA,M,"16,1338000","61,2937600",971,2019,70.0,1.0,1.0,2.0,2161924,1.0,1,4,1,0.0,,-1.0, -1,1999.0,A01,138Â 290Â 161,1.0,5.0,-1.0,1650689,3.0,7,,8.0,2.0,3.0,B01,138Â 290Â 160,1.0
967215,201900008746,8,6,23:45,5,1,4,1.0,3.0,97113,RN4 - SECTION RIVIERA,M,"16,1338000","61,2937600",971,2019,70.0,1.0,1.0,2.0,2161924,1.0,1,4,1,0.0,,-1.0, -1,1999.0,A01,138Â 290Â 161,1.0,5.0,-1.0,1650690,3.0,7,,8.0,2.0,3.0,A01,138Â 290Â 161,1.0
967216,201900008747,8,7,19:50,1,2,1,1.0,6.0,95585,PAINLEVE (ALLEE PAUL),M,"48,9767700","2,3864100",95,2019,30.0,1.0,1.0,4.0,2161925,10.0,3,4,1,5.0,,1.0,2,2008.0,A01,138Â 290Â 159,8.0,0.0,-1.0,1650691,3.0,7,,0.0,1.0,8.0,A01,138Â 290Â 159,1.0
967216,201900008747,8,7,19:50,1,2,1,1.0,6.0,95585,PAINLEVE (ALLEE PAUL),M,"48,9767700","2,3864100",95,2019,30.0,1.0,1.0,4.0,2161926,1.0,1,1,1,1.0,,-1.0,0,1987.0,A01,138Â 290Â 159,1.0,0.0,-1.0,1650691,3.0,7,,0.0,1.0,8.0,A01,138Â 290Â 159,1.0
967217,201900008748,8,7,12:30,1,2,1,1.0,6.0,91549,CORBEIL (ROUTE DE),M,"48,6314200","2,3376700",91,2019,50.0,1.0,1.0,4.0,2161927,10.0,3,3,1,0.0,,3.0,3,1956.0,A01,138Â 290Â 155,8.0,0.0,-1.0,1650692,0.0,7,,0.0,1.0,1.0,A01,138Â 290Â 155,0.0
967217,201900008748,8,7,12:30,1,2,1,1.0,6.0,91549,CORBEIL (ROUTE DE),M,"48,6314200","2,3376700",91,2019,50.0,1.0,1.0,4.0,2161928,1.0,1,1,1,5.0,,0.0,0,1944.0,A01,138Â 290Â 155,1.0,0.0,-1.0,1650692,0.0,7,,0.0,1.0,1.0,A01,138Â 290Â 155,0.0
967218,201900008749,8,9,14:00,1,2,1,3.0,6.0,91692,AUBRAC (AVENUE DE L'),M,"48,6778090","2,1707270",91,2019,45.0,1.0,2.0,7.0,2161929,1.0,1,1,2,1.0,,0.0,0,1960.0,A01,138Â 290Â 154,1.0,0.0,-1.0,1650693,3.0,7,,0.0,1.0,1.0,A01,138Â 290Â 154,1.0
967218,201900008749,8,9,14:00,1,2,1,3.0,6.0,91692,AUBRAC (AVENUE DE L'),M,"48,6778090","2,1707270",91,2019,45.0,1.0,2.0,7.0,2161930,10.0,3,4,1,5.0,,3.0,3,1973.0,A01,138Â 290Â 154,8.0,0.0,-1.0,1650693,3.0,7,,0.0,1.0,1.0,A01,138Â 290Â 154,1.0
967218,201900008749,8,9,14:00,1,2,1,3.0,6.0,91692,AUBRAC (AVENUE DE L'),M,"48,6778090","2,1707270",91,2019,45.0,1.0,2.0,7.0,2161931,10.0,3,4,2,5.0,,3.0,3,2013.0,A01,138Â 290Â 154,8.0,0.0,-1.0,1650693,3.0,7,,0.0,1.0,1.0,A01,138Â 290Â 154,1.0
967219,201900008750,8,9,15:30,1,2,3,3.0,3.0,91434,JARDINET (AVENUE DU),M,"48,6520500","2,3513600",91,2019,50.0,3.0,2.0,4.0,2161932,4.0,2,4,2,9.0,,0.0,0,2001.0,A01,138Â 290Â 148,1.0,0.0,-1.0,1650694,1.0,7,,0.0,2.0,5.0,A01,138Â 290Â 148,1.0
967219,201900008750,8,9,15:30,1,2,3,3.0,3.0,91434,JARDINET (AVENUE DU),M,"48,6520500","2,3513600",91,2019,50.0,3.0,2.0,4.0,2161932,4.0,2,4,2,9.0,,0.0,0,2001.0,A01,138Â 290Â 148,1.0,0.0,-1.0,1650695,2.0,7,,0.0,2.0,1.0,B01,138Â 290Â 149,1.0
967219,201900008750,8,9,15:30,1,2,3,3.0,3.0,91434,JARDINET (AVENUE DU),M,"48,6520500","2,3513600",91,2019,50.0,3.0,2.0,4.0,2161933,2.0,2,4,2,9.0,,0.0,0,1999.0,A01,138Â 290Â 148,1.0,0.0,-1.0,1650694,1.0,7,,0.0,2.0,5.0,A01,138Â 290Â 148,1.0
967219,201900008750,8,9,15:30,1,2,3,3.0,3.0,91434,JARDINET (AVENUE DU),M,"48,6520500","2,3513600",91,2019,50.0,3.0,2.0,4.0,2161933,2.0,2,4,2,9.0,,0.0,0,1999.0,A01,138Â 290Â 148,1.0,0.0,-1.0,1650695,2.0,7,,0.0,2.0,1.0,B01,138Â 290Â 149,1.0
967219,201900008750,8,9,15:30,1,2,3,3.0,3.0,91434,JARDINET (AVENUE DU),M,"48,6520500","2,3513600",91,2019,50.0,3.0,2.0,4.0,2161934,1.0,1,3,2,9.0,,0.0,0,1995.0,A01,138Â 290Â 148,1.0,0.0,-1.0,1650694,1.0,7,,0.0,2.0,5.0,A01,138Â 290Â 148,1.0
967219,201900008750,8,9,15:30,1,2,3,3.0,3.0,91434,JARDINET (AVENUE DU),M,"48,6520500","2,3513600",91,2019,50.0,3.0,2.0,4.0,2161934,1.0,1,3,2,9.0,,0.0,0,1995.0,A01,138Â 290Â 148,1.0,0.0,-1.0,1650695,2.0,7,,0.0,2.0,1.0,B01,138Â 290Â 149,1.0
967219,201900008750,8,9,15:30,1,2,3,3.0,3.0,91434,JARDINET (AVENUE DU),M,"48,6520500","2,3513600",91,2019,50.0,3.0,2.0,4.0,2161935,1.0,1,3,1,9.0,,0.0,0,1964.0,B01,138Â 290Â 149,1.0,0.0,-1.0,1650694,1.0,7,,0.0,2.0,5.0,A01,138Â 290Â 148,1.0
967219,201900008750,8,9,15:30,1,2,3,3.0,3.0,91434,JARDINET (AVENUE DU),M,"48,6520500","2,3513600",91,2019,50.0,3.0,2.0,4.0,2161935,1.0,1,3,1,9.0,,0.0,0,1964.0,B01,138Â 290Â 149,1.0,0.0,-1.0,1650695,2.0,7,,0.0,2.0,1.0,B01,138Â 290Â 149,1.0
967220,201900008751,8,7,17:00,1,1,1,1.0,3.0,91223,R.N.20,M,"48,4202300","2,1497000",91,2019,90.0,1.0,1.0,2.0,2161936,1.0,1,1,1,4.0,,-1.0, -1,1998.0,A01,138Â 290Â 146,1.0,8.0,-1.0,1650696,1.0,15,,0.0,2.0,6.0,A01,138Â 290Â 146,1.0
967220,201900008751,8,7,17:00,1,1,1,1.0,3.0,91223,R.N.20,M,"48,4202300","2,1497000",91,2019,90.0,1.0,1.0,2.0,2161936,1.0,1,1,1,4.0,,-1.0, -1,1998.0,A01,138Â 290Â 146,1.0,8.0,-1.0,1650697,1.0,7,,0.0,2.0,2.0,B01,138Â 290Â 147,1.0
967220,201900008751,8,7,17:00,1,1,1,1.0,3.0,91223,R.N.20,M,"48,4202300","2,1497000",91,2019,90.0,1.0,1.0,2.0,2161937,2.0,2,4,1,5.0,,0.0,0,1999.0,B01,138Â 290Â 147,1.0,0.0,-1.0,1650696,1.0,15,,0.0,2.0,6.0,A01,138Â 290Â 146,1.0
967220,201900008751,8,7,17:00,1,1,1,1.0,3.0,91223,R.N.20,M,"48,4202300","2,1497000",91,2019,90.0,1.0,1.0,2.0,2161937,2.0,2,4,1,5.0,,0.0,0,1999.0,B01,138Â 290Â 147,1.0,0.0,-1.0,1650697,1.0,7,,0.0,2.0,2.0,B01,138Â 290Â 147,1.0
967220,201900008751,8,7,17:00,1,1,1,1.0,3.0,91223,R.N.20,M,"48,4202300","2,1497000",91,2019,90.0,1.0,1.0,2.0,2161938,1.0,1,1,1,5.0,,0.0,0,1998.0,B01,138Â 290Â 147,1.0,0.0,-1.0,1650696,1.0,15,,0.0,2.0,6.0,A01,138Â 290Â 146,1.0
967220,201900008751,8,7,17:00,1,1,1,1.0,3.0,91223,R.N.20,M,"48,4202300","2,1497000",91,2019,90.0,1.0,1.0,2.0,2161938,1.0,1,1,1,5.0,,0.0,0,1998.0,B01,138Â 290Â 147,1.0,0.0,-1.0,1650697,1.0,7,,0.0,2.0,2.0,B01,138Â 290Â 147,1.0
967221,201900008752,8,6,17:48,1,2,1,1.0,2.0,87085,BORIE (BOULEVARD DE LA),M,"45,8353600","1,2271200",87,2019,50.0,1.0,1.0,4.0,2161939,1.0,1,1,2,5.0,,0.0,0,1993.0,A01,138Â 290Â 142,1.0,0.0,-1.0,1650698,1.0,7,,0.0,2.0,2.0,A01,138Â 290Â 142,1.0
967221,201900008752,8,6,17:48,1,2,1,1.0,2.0,87085,BORIE (BOULEVARD DE LA),M,"45,8353600","1,2271200",87,2019,50.0,1.0,1.0,4.0,2161939,1.0,1,1,2,5.0,,0.0,0,1993.0,A01,138Â 290Â 142,1.0,0.0,-1.0,1650699,1.0,7,,0.0,2.0,4.0,B01,138Â 290Â 143,1.0
967221,201900008752,8,6,17:48,1,2,1,1.0,2.0,87085,BORIE (BOULEVARD DE LA),M,"45,8353600","1,2271200",87,2019,50.0,1.0,1.0,4.0,2161940,1.0,1,4,2,5.0,,0.0,0,1983.0,B01,138Â 290Â 143,1.0,0.0,-1.0,1650698,1.0,7,,0.0,2.0,2.0,A01,138Â 290Â 142,1.0
967221,201900008752,8,6,17:48,1,2,1,1.0,2.0,87085,BORIE (BOULEVARD DE LA),M,"45,8353600","1,2271200",87,2019,50.0,1.0,1.0,4.0,2161940,1.0,1,4,2,5.0,,0.0,0,1983.0,B01,138Â 290Â 143,1.0,0.0,-1.0,1650699,1.0,7,,0.0,2.0,4.0,B01,138Â 290Â 143,1.0
967221,201900008752,8,6,17:48,1,2,1,1.0,2.0,87085,BORIE (BOULEVARD DE LA),M,"45,8353600","1,2271200",87,2019,50.0,1.0,1.0,4.0,2161941,2.0,2,4,1,5.0,,0.0,0,1976.0,B01,138Â 290Â 143,1.0,0.0,-1.0,1650698,1.0,7,,0.0,2.0,2.0,A01,138Â 290Â 142,1.0
967221,201900008752,8,6,17:48,1,2,1,1.0,2.0,87085,BORIE (BOULEVARD DE LA),M,"45,8353600","1,2271200",87,2019,50.0,1.0,1.0,4.0,2161941,2.0,2,4,1,5.0,,0.0,0,1976.0,B01,138Â 290Â 143,1.0,0.0,-1.0,1650699,1.0,7,,0.0,2.0,4.0,B01,138Â 290Â 143,1.0
967222,201900008753,8,2,05:45,5,2,2,1.0,3.0,86194,CHASSEIGNE (BOULEVARD),M,"46,5884400","0,3478600",86,2019,50.0,1.0,1.0,4.0,2161942,1.0,1,4,2,5.0,,-1.0,0,1997.0,B01,138Â 290Â 138,1.0,0.0,-1.0,1650700,1.0,7,,0.0,2.0,8.0,B01,138Â 290Â 138,1.0
967222,201900008753,8,2,05:45,5,2,2,1.0,3.0,86194,CHASSEIGNE (BOULEVARD),M,"46,5884400","0,3478600",86,2019,50.0,1.0,1.0,4.0,2161942,1.0,1,4,2,5.0,,-1.0,0,1997.0,B01,138Â 290Â 138,1.0,0.0,-1.0,1650701,1.0,7,,0.0,2.0,1.0,A01,138Â 290Â 139,1.0
967222,201900008753,8,2,05:45,5,2,2,1.0,3.0,86194,CHASSEIGNE (BOULEVARD),M,"46,5884400","0,3478600",86,2019,50.0,1.0,1.0,4.0,2161943,1.0,1,1,1,5.0,,-1.0,0,2000.0,A01,138Â 290Â 139,1.0,0.0,-1.0,1650700,1.0,7,,0.0,2.0,8.0,B01,138Â 290Â 138,1.0
967222,201900008753,8,2,05:45,5,2,2,1.0,3.0,86194,CHASSEIGNE (BOULEVARD),M,"46,5884400","0,3478600",86,2019,50.0,1.0,1.0,4.0,2161943,1.0,1,1,1,5.0,,-1.0,0,2000.0,A01,138Â 290Â 139,1.0,0.0,-1.0,1650701,1.0,7,,0.0,2.0,1.0,A01,138Â 290Â 139,1.0
967222,201900008753,8,2,05:45,5,2,2,1.0,3.0,86194,CHASSEIGNE (BOULEVARD),M,"46,5884400","0,3478600",86,2019,50.0,1.0,1.0,4.0,2161944,2.0,2,1,1,5.0,,-1.0,0,1997.0,A01,138Â 290Â 139,1.0,0.0,-1.0,1650700,1.0,7,,0.0,2.0,8.0,B01,138Â 290Â 138,1.0
967222,201900008753,8,2,05:45,5,2,2,1.0,3.0,86194,CHASSEIGNE (BOULEVARD),M,"46,5884400","0,3478600",86,2019,50.0,1.0,1.0,4.0,2161944,2.0,2,1,1,5.0,,-1.0,0,1997.0,A01,138Â 290Â 139,1.0,0.0,-1.0,1650701,1.0,7,,0.0,2.0,1.0,A01,138Â 290Â 139,1.0
967223,201900008754,8,7,11:50,1,2,3,1.0,5.0,83009,ROUTE DE BANDOL,M,"43,1301000","5,7825000",83,2019,50.0,1.0,1.0,3.0,2161945,1.0,1,1,1,0.0,,-1.0,0,1959.0,C01,138Â 290Â 135,1.0,0.0,-1.0,1650702,2.0,7,,0.0,0.0,1.0,C01,138Â 290Â 135,0.0
967223,201900008754,8,7,11:50,1,2,3,1.0,5.0,83009,ROUTE DE BANDOL,M,"43,1301000","5,7825000",83,2019,50.0,1.0,1.0,3.0,2161945,1.0,1,1,1,0.0,,-1.0,0,1959.0,C01,138Â 290Â 135,1.0,0.0,-1.0,1650703,1.0,33,,0.0,2.0,1.0,A01,138Â 290Â 136,1.0
967223,201900008754,8,7,11:50,1,2,3,1.0,5.0,83009,ROUTE DE BANDOL,M,"43,1301000","5,7825000",83,2019,50.0,1.0,1.0,3.0,2161945,1.0,1,1,1,0.0,,-1.0,0,1959.0,C01,138Â 290Â 135,1.0,0.0,-1.0,1650704,1.0,7,,0.0,0.0,0.0,B01,138Â 290Â 137,1.0
967223,201900008754,8,7,11:50,1,2,3,1.0,5.0,83009,ROUTE DE BANDOL,M,"43,1301000","5,7825000",83,2019,50.0,1.0,1.0,3.0,2161946,1.0,1,3,1,0.0,,-1.0,0,1997.0,A01,138Â 290Â 136,2.0,6.0,-1.0,1650702,2.0,7,,0.0,0.0,1.0,C01,138Â 290Â 135,0.0
967223,201900008754,8,7,11:50,1,2,3,1.0,5.0,83009,ROUTE DE BANDOL,M,"43,1301000","5,7825000",83,2019,50.0,1.0,1.0,3.0,2161946,1.0,1,3,1,0.0,,-1.0,0,1997.0,A01,138Â 290Â 136,2.0,6.0,-1.0,1650703,1.0,33,,0.0,2.0,1.0,A01,138Â 290Â 136,1.0
967223,201900008754,8,7,11:50,1,2,3,1.0,5.0,83009,ROUTE DE BANDOL,M,"43,1301000","5,7825000",83,2019,50.0,1.0,1.0,3.0,2161946,1.0,1,3,1,0.0,,-1.0,0,1997.0,A01,138Â 290Â 136,2.0,6.0,-1.0,1650704,1.0,7,,0.0,0.0,0.0,B01,138Â 290Â 137,1.0
967223,201900008754,8,7,11:50,1,2,3,1.0,5.0,83009,ROUTE DE BANDOL,M,"43,1301000","5,7825000",83,2019,50.0,1.0,1.0,3.0,2161947,1.0,1,1,2,0.0,,-1.0,0,1962.0,B01,138Â 290Â 137,1.0,0.0,-1.0,1650702,2.0,7,,0.0,0.0,1.0,C01,138Â 290Â 135,0.0