Unnamed: 0_x,num_acc,mois,jour,hrmn,lum,agg,int,atm,col,com,adr,gps,lat,long,dep,annee,vma,situ,surf,catr,Unnamed: 0_y,place,catu,grav,sexe,trajet,secu,locp,actp,an_nais,num_veh_x,id_vehicule_x,secu1,secu2,secu3,Unnamed: 0,senc,catv,occutc,obs,obsm,choc,num_veh_y,id_vehicule_y,motor
967256,201900008787,8,9,08:10,1,1,1,1.0,1.0,64545,RD810,M,"43,3528497"," -1,7371123",64,2019,50.0,3.0,1.0,3.0,2162028,1.0,1,3,1,1.0,,-1.0,0,2000.0,A01,138Â 290Â 073,1.0,0.0,-1.0,1650759,1.0,7,,0.0,2.0,1.0,A01,138Â 290Â 073,1.0
967256,201900008787,8,9,08:10,1,1,1,1.0,1.0,64545,RD810,M,"43,3528497"," -1,7371123",64,2019,50.0,3.0,1.0,3.0,2162028,1.0,1,3,1,1.0,,-1.0,0,2000.0,A01,138Â 290Â 073,1.0,0.0,-1.0,1650760,2.0,7,,0.0,2.0,1.0,B01,138Â 290Â 074,1.0
967256,201900008787,8,9,08:10,1,1,1,1.0,1.0,64545,RD810,M,"43,3528497"," -1,7371123",64,2019,50.0,3.0,1.0,3.0,2162029,1.0,1,1,1,0.0,,-1.0,0,1995.0,B01,138Â 290Â 074,1.0,0.0,-1.0,1650759,1.0,7,,0.0,2.0,1.0,A01,138Â 290Â 073,1.0
967256,201900008787,8,9,08:10,1,1,1,1.0,1.0,64545,RD810,M,"43,3528497"," -1,7371123",64,2019,50.0,3.0,1.0,3.0,2162029,1.0,1,1,1,0.0,,-1.0,0,1995.0,B01,138Â 290Â 074,1.0,0.0,-1.0,1650760,2.0,7,,0.0,2.0,1.0,B01,138Â 290Â 074,1.0
967257,201900008788,8,9,00:45,3,1,1,1.0,2.0,64545,RD810,M,"43,3589443"," -1,7310815",64,2019,70.0,3.0,1.0,3.0,2162030,2.0,2,4,1,0.0,,0.0,0,2003.0,B01,138Â 290Â 071,2.0,0.0,-1.0,1650761,1.0,2,,0.0,2.0,4.0,B01,138Â 290Â 071,1.0
967257,201900008788,8,9,00:45,3,1,1,1.0,2.0,64545,RD810,M,"43,3589443"," -1,7310815",64,2019,70.0,3.0,1.0,3.0,2162030,2.0,2,4,1,0.0,,0.0,0,2003.0,B01,138Â 290Â 071,2.0,0.0,-1.0,1650762,1.0,7,,0.0,2.0,1.0,A01,138Â 290Â 072,1.0
967257,201900008788,8,9,00:45,3,1,1,1.0,2.0,64545,RD810,M,"43,3589443"," -1,7310815",64,2019,70.0,3.0,1.0,3.0,2162031,1.0,1,4,1,0.0,,0.0,0,2002.0,B01,138Â 290Â 071,2.0,0.0,-1.0,1650761,1.0,2,,0.0,2.0,4.0,B01,138Â 290Â 071,1.0
967257,201900008788,8,9,00:45,3,1,1,1.0,2.0,64545,RD810,M,"43,3589443"," -1,7310815",64,2019,70.0,3.0,1.0,3.0,2162031,1.0,1,4,1,0.0,,0.0,0,2002.0,B01,138Â 290Â 071,2.0,0.0,-1.0,1650762,1.0,7,,0.0,2.0,1.0,A01,138Â 290Â 072,1.0
967257,201900008788,8,9,00:45,3,1,1,1.0,2.0,64545,RD810,M,"43,3589443"," -1,7310815",64,2019,70.0,3.0,1.0,3.0,2162032,1.0,1,1,1,0.0,,0.0,0,1968.0,A01,138Â 290Â 072,1.0,0.0,-1.0,1650761,1.0,2,,0.0,2.0,4.0,B01,138Â 290Â 071,1.0
967257,201900008788,8,9,00:45,3,1,1,1.0,2.0,64545,RD810,M,"43,3589443"," -1,7310815",64,2019,70.0,3.0,1.0,3.0,2162032,1.0,1,1,1,0.0,,0.0,0,1968.0,A01,138Â 290Â 072,1.0,0.0,-1.0,1650762,1.0,7,,0.0,2.0,1.0,A01,138Â 290Â 072,1.0
967258,201900008789,8,7,18:20,1,2,1,1.0,1.0,64483,ERROMARDIE (CHEMIN D'),M,"43,3978100"," -1,6439800",64,2019,50.0,1.0,1.0,4.0,2162033,1.0,1,3,1,9.0,,0.0,0,1991.0,B01,138Â 290Â 069,2.0,0.0,-1.0,1650763,1.0,31,,0.0,2.0,1.0,B01,138Â 290Â 069,1.0
967258,201900008789,8,7,18:20,1,2,1,1.0,1.0,64483,ERROMARDIE (CHEMIN D'),M,"43,3978100"," -1,6439800",64,2019,50.0,1.0,1.0,4.0,2162033,1.0,1,3,1,9.0,,0.0,0,1991.0,B01,138Â 290Â 069,2.0,0.0,-1.0,1650764,1.0,7,,0.0,2.0,1.0,A01,138Â 290Â 070,1.0
967258,201900008789,8,7,18:20,1,2,1,1.0,1.0,64483,ERROMARDIE (CHEMIN D'),M,"43,3978100"," -1,6439800",64,2019,50.0,1.0,1.0,4.0,2162034,1.0,1,1,1,0.0,,0.0,0,1975.0,A01,138Â 290Â 070,1.0,0.0,-1.0,1650763,1.0,31,,0.0,2.0,1.0,B01,138Â 290Â 069,1.0
967258,201900008789,8,7,18:20,1,2,1,1.0,1.0,64483,ERROMARDIE (CHEMIN D'),M,"43,3978100"," -1,6439800",64,2019,50.0,1.0,1.0,4.0,2162034,1.0,1,1,1,0.0,,0.0,0,1975.0,A01,138Â 290Â 070,1.0,0.0,-1.0,1650764,1.0,7,,0.0,2.0,1.0,A01,138Â 290Â 070,1.0
967259,201900008790,8,10,15:35,1,2,2,1.0,3.0,64445,NOGUE,M,"43,2992800"," -0,3712600",64,2019,50.0,1.0,1.0,4.0,2162035,1.0,1,1,2,0.0,,0.0,0,1925.0,A01,138Â 290Â 067,1.0,8.0,-1.0,1650765,2.0,7,,0.0,2.0,8.0,A01,138Â 290Â 067,1.0
967259,201900008790,8,10,15:35,1,2,2,1.0,3.0,64445,NOGUE,M,"43,2992800"," -0,3712600",64,2019,50.0,1.0,1.0,4.0,2162035,1.0,1,1,2,0.0,,0.0,0,1925.0,A01,138Â 290Â 067,1.0,8.0,-1.0,1650766,2.0,37,2.0,0.0,2.0,2.0,B01,138Â 290Â 068,1.0
967259,201900008790,8,10,15:35,1,2,2,1.0,3.0,64445,NOGUE,M,"43,2992800"," -0,3712600",64,2019,50.0,1.0,1.0,4.0,2162036,5.0,2,4,2,0.0,,0.0,0,1948.0,B01,138Â 290Â 068,8.0,0.0,-1.0,1650765,2.0,7,,0.0,2.0,8.0,A01,138Â 290Â 067,1.0
967259,201900008790,8,10,15:35,1,2,2,1.0,3.0,64445,NOGUE,M,"43,2992800"," -0,3712600",64,2019,50.0,1.0,1.0,4.0,2162036,5.0,2,4,2,0.0,,0.0,0,1948.0,B01,138Â 290Â 068,8.0,0.0,-1.0,1650766,2.0,37,2.0,0.0,2.0,2.0,B01,138Â 290Â 068,1.0
967259,201900008790,8,10,15:35,1,2,2,1.0,3.0,64445,NOGUE,M,"43,2992800"," -0,3712600",64,2019,50.0,1.0,1.0,4.0,2162037,1.0,1,1,1,4.0,,0.0,0,1970.0,B01,138Â 290Â 068,1.0,0.0,-1.0,1650765,2.0,7,,0.0,2.0,8.0,A01,138Â 290Â 067,1.0
967259,201900008790,8,10,15:35,1,2,2,1.0,3.0,64445,NOGUE,M,"43,2992800"," -0,3712600",64,2019,50.0,1.0,1.0,4.0,2162037,1.0,1,1,1,4.0,,0.0,0,1970.0,B01,138Â 290Â 068,1.0,0.0,-1.0,1650766,2.0,37,2.0,0.0,2.0,2.0,B01,138Â 290Â 068,1.0
967260,201900008791,8,9,13:10,1,2,9,1.0,3.0,64445,ALSACE LORRAINE D',M,"43,3043160"," -0,3672963",64,2019,50.0,1.0,1.0,4.0,2162038,1.0,1,1,1,9.0,,0.0,0,1997.0,A01,138Â 290Â 065,1.0,8.0,-1.0,1650767,2.0,10,,0.0,2.0,3.0,A01,138Â 290Â 065,1.0
967260,201900008791,8,9,13:10,1,2,9,1.0,3.0,64445,ALSACE LORRAINE D',M,"43,3043160"," -0,3672963",64,2019,50.0,1.0,1.0,4.0,2162038,1.0,1,1,1,9.0,,0.0,0,1997.0,A01,138Â 290Â 065,1.0,8.0,-1.0,1650768,1.0,33,,14.0,2.0,2.0,B01,138Â 290Â 066,1.0
967260,201900008791,8,9,13:10,1,2,9,1.0,3.0,64445,ALSACE LORRAINE D',M,"43,3043160"," -0,3672963",64,2019,50.0,1.0,1.0,4.0,2162039,1.0,1,4,1,1.0,,0.0,0,1967.0,B01,138Â 290Â 066,2.0,8.0,-1.0,1650767,2.0,10,,0.0,2.0,3.0,A01,138Â 290Â 065,1.0
967260,201900008791,8,9,13:10,1,2,9,1.0,3.0,64445,ALSACE LORRAINE D',M,"43,3043160"," -0,3672963",64,2019,50.0,1.0,1.0,4.0,2162039,1.0,1,4,1,1.0,,0.0,0,1967.0,B01,138Â 290Â 066,2.0,8.0,-1.0,1650768,1.0,33,,14.0,2.0,2.0,B01,138Â 290Â 066,1.0
967261,201900008792,8,9,11:00,1,2,1,1.0,3.0,64445,ALSACE LORRAINE D',M,"43,3056600"," -0,3759100",64,2019,50.0,1.0,1.0,4.0,2162040,1.0,1,3,1,5.0,,0.0,0,1988.0,B01,138Â 290Â 063,8.0,0.0,-1.0,1650769,3.0,1,,0.0,2.0,8.0,B01,138Â 290Â 063,5.0
967261,201900008792,8,9,11:00,1,2,1,1.0,3.0,64445,ALSACE LORRAINE D',M,"43,3056600"," -0,3759100",64,2019,50.0,1.0,1.0,4.0,2162040,1.0,1,3,1,5.0,,0.0,0,1988.0,B01,138Â 290Â 063,8.0,0.0,-1.0,1650770,2.0,7,,0.0,2.0,1.0,A01,138Â 290Â 064,1.0
967261,201900008792,8,9,11:00,1,2,1,1.0,3.0,64445,ALSACE LORRAINE D',M,"43,3056600"," -0,3759100",64,2019,50.0,1.0,1.0,4.0,2162041,1.0,1,1,1,5.0,,0.0,0,1934.0,A01,138Â 290Â 064,1.0,0.0,-1.0,1650769,3.0,1,,0.0,2.0,8.0,B01,138Â 290Â 063,5.0
967261,201900008792,8,9,11:00,1,2,1,1.0,3.0,64445,ALSACE LORRAINE D',M,"43,3056600"," -0,3759100",64,2019,50.0,1.0,1.0,4.0,2162041,1.0,1,1,1,5.0,,0.0,0,1934.0,A01,138Â 290Â 064,1.0,0.0,-1.0,1650770,2.0,7,,0.0,2.0,1.0,A01,138Â 290Â 064,1.0
967262,201900008793,8,9,07:55,1,2,1,1.0,2.0,64129,BAYONNE DE,M,"43,2993700"," -0,3913700",64,2019,50.0,3.0,1.0,4.0,2162042,1.0,1,4,2,9.0,,-1.0,0,1984.0,B01,138Â 290Â 061,1.0,8.0,-1.0,1650771,2.0,7,,0.0,2.0,4.0,B01,138Â 290Â 061,1.0
967262,201900008793,8,9,07:55,1,2,1,1.0,2.0,64129,BAYONNE DE,M,"43,2993700"," -0,3913700",64,2019,50.0,3.0,1.0,4.0,2162042,1.0,1,4,2,9.0,,-1.0,0,1984.0,B01,138Â 290Â 061,1.0,8.0,-1.0,1650772,2.0,7,,0.0,2.0,1.0,A01,138Â 290Â 062,1.0
967262,201900008793,8,9,07:55,1,2,1,1.0,2.0,64129,BAYONNE DE,M,"43,2993700"," -0,3913700",64,2019,50.0,3.0,1.0,4.0,2162043,1.0,1,1,2,9.0,,-1.0,0,1981.0,A01,138Â 290Â 062,1.0,8.0,-1.0,1650771,2.0,7,,0.0,2.0,4.0,B01,138Â 290Â 061,1.0
967262,201900008793,8,9,07:55,1,2,1,1.0,2.0,64129,BAYONNE DE,M,"43,2993700"," -0,3913700",64,2019,50.0,3.0,1.0,4.0,2162043,1.0,1,1,2,9.0,,-1.0,0,1981.0,A01,138Â 290Â 062,1.0,8.0,-1.0,1650772,2.0,7,,0.0,2.0,1.0,A01,138Â 290Â 062,1.0
967263,201900008794,8,8,17:05,1,2,3,1.0,3.0,64102,COURLIS,M,"43,4927000"," -1,4920000",64,2019,50.0,1.0,1.0,4.0,2162044,1.0,1,4,1,4.0,,0.0,0,1982.0,B01,138Â 290Â 059,2.0,6.0,-1.0,1650773,3.0,33,,0.0,2.0,1.0,B01,138Â 290Â 059,1.0
967263,201900008794,8,8,17:05,1,2,3,1.0,3.0,64102,COURLIS,M,"43,4927000"," -1,4920000",64,2019,50.0,1.0,1.0,4.0,2162044,1.0,1,4,1,4.0,,0.0,0,1982.0,B01,138Â 290Â 059,2.0,6.0,-1.0,1650774,3.0,7,,0.0,2.0,7.0,A01,138Â 290Â 060,1.0
967263,201900008794,8,8,17:05,1,2,3,1.0,3.0,64102,COURLIS,M,"43,4927000"," -1,4920000",64,2019,50.0,1.0,1.0,4.0,2162045,1.0,1,1,1,5.0,,0.0,0,1965.0,A01,138Â 290Â 060,1.0,8.0,-1.0,1650773,3.0,33,,0.0,2.0,1.0,B01,138Â 290Â 059,1.0
967263,201900008794,8,8,17:05,1,2,3,1.0,3.0,64102,COURLIS,M,"43,4927000"," -1,4920000",64,2019,50.0,1.0,1.0,4.0,2162045,1.0,1,1,1,5.0,,0.0,0,1965.0,A01,138Â 290Â 060,1.0,8.0,-1.0,1650774,3.0,7,,0.0,2.0,7.0,A01,138Â 290Â 060,1.0
967264,201900008795,8,6,10:25,1,2,1,1.0,7.0,64024,BAYONNE (AVENUE DE),M,"43,4815207"," -1,5106926",64,2019,30.0,3.0,1.0,6.0,2162046,1.0,1,1,2,4.0,,0.0,0,1980.0,A01,138Â 290Â 058,1.0,8.0,-1.0,1650775,3.0,7,,0.0,1.0,1.0,A01,138Â 290Â 058,1.0
967264,201900008795,8,6,10:25,1,2,1,1.0,7.0,64024,BAYONNE (AVENUE DE),M,"43,4815207"," -1,5106926",64,2019,30.0,3.0,1.0,6.0,2162047,10.0,3,4,2,3.0,,5.0,B,1940.0,A01,138Â 290Â 058,8.0,0.0,-1.0,1650775,3.0,7,,0.0,1.0,1.0,A01,138Â 290Â 058,1.0
967265,201900008796,8,5,12:40,1,2,6,1.0,6.0,64024,BAHINOS (ROND POINT DE),M,"43,4940813"," -1,5189540",64,2019,50.0,3.0,1.0,4.0,2162048,1.0,1,1,2,3.0,,0.0,0,1985.0,B01,138Â 290Â 056,1.0,8.0,-1.0,1650776,0.0,7,,0.0,0.0,0.0,B01,138Â 290Â 056,1.0
967265,201900008796,8,5,12:40,1,2,6,1.0,6.0,64024,BAHINOS (ROND POINT DE),M,"43,4940813"," -1,5189540",64,2019,50.0,3.0,1.0,4.0,2162048,1.0,1,1,2,3.0,,0.0,0,1985.0,B01,138Â 290Â 056,1.0,8.0,-1.0,1650777,0.0,31,,0.0,0.0,0.0,A01,138Â 290Â 057,1.0
967265,201900008796,8,5,12:40,1,2,6,1.0,6.0,64024,BAHINOS (ROND POINT DE),M,"43,4940813"," -1,5189540",64,2019,50.0,3.0,1.0,4.0,2162049,1.0,1,1,1,5.0,,0.0,0,1945.0,A01,138Â 290Â 057,2.0,6.0,-1.0,1650776,0.0,7,,0.0,0.0,0.0,B01,138Â 290Â 056,1.0
967265,201900008796,8,5,12:40,1,2,6,1.0,6.0,64024,BAHINOS (ROND POINT DE),M,"43,4940813"," -1,5189540",64,2019,50.0,3.0,1.0,4.0,2162049,1.0,1,1,1,5.0,,0.0,0,1945.0,A01,138Â 290Â 057,2.0,6.0,-1.0,1650777,0.0,31,,0.0,0.0,0.0,A01,138Â 290Â 057,1.0
967265,201900008796,8,5,12:40,1,2,6,1.0,6.0,64024,BAHINOS (ROND POINT DE),M,"43,4940813"," -1,5189540",64,2019,50.0,3.0,1.0,4.0,2162050,2.0,2,4,2,5.0,,0.0,0,1949.0,A01,138Â 290Â 057,2.0,6.0,-1.0,1650776,0.0,7,,0.0,0.0,0.0,B01,138Â 290Â 056,1.0
967265,201900008796,8,5,12:40,1,2,6,1.0,6.0,64024,BAHINOS (ROND POINT DE),M,"43,4940813"," -1,5189540",64,2019,50.0,3.0,1.0,4.0,2162050,2.0,2,4,2,5.0,,0.0,0,1949.0,A01,138Â 290Â 057,2.0,6.0,-1.0,1650777,0.0,31,,0.0,0.0,0.0,A01,138Â 290Â 057,1.0
967266,201900008797,8,9,10:45,1,2,6,1.0,6.0,63113,PASTEUR (BD),M,"45,7735000","3,0754700",63,2019,50.0,1.0,1.0,4.0,2162051,10.0,3,4,1,0.0,,3.0,3,1986.0,A01,138Â 290Â 055,8.0,0.0,-1.0,1650778,1.0,10,,0.0,1.0,1.0,A01,138Â 290Â 055,1.0
967266,201900008797,8,9,10:45,1,2,6,1.0,6.0,63113,PASTEUR (BD),M,"45,7735000","3,0754700",63,2019,50.0,1.0,1.0,4.0,2162052,1.0,1,1,1,0.0,,0.0,0,1968.0,A01,138Â 290Â 055,1.0,0.0,-1.0,1650778,1.0,10,,0.0,1.0,1.0,A01,138Â 290Â 055,1.0
967267,201900008798,8,9,08:20,1,2,1,1.0,3.0,63113,JOUHAUX (BD LEON),M,"45,7998100","3,1119900",63,2019,50.0,1.0,1.0,7.0,2162053,1.0,1,1,2,0.0,,0.0,0,1996.0,A01,138Â 290Â 053,1.0,0.0,-1.0,1650779,1.0,7,,0.0,2.0,8.0,A01,138Â 290Â 053,1.0
967267,201900008798,8,9,08:20,1,2,1,1.0,3.0,63113,JOUHAUX (BD LEON),M,"45,7998100","3,1119900",63,2019,50.0,1.0,1.0,7.0,2162053,1.0,1,1,2,0.0,,0.0,0,1996.0,A01,138Â 290Â 053,1.0,0.0,-1.0,1650780,1.0,33,,0.0,2.0,0.0,B01,138Â 290Â 054,1.0
967267,201900008798,8,9,08:20,1,2,1,1.0,3.0,63113,JOUHAUX (BD LEON),M,"45,7998100","3,1119900",63,2019,50.0,1.0,1.0,7.0,2162054,1.0,1,4,1,0.0,,0.0,0,1955.0,B01,138Â 290Â 054,2.0,6.0,-1.0,1650779,1.0,7,,0.0,2.0,8.0,A01,138Â 290Â 053,1.0
967267,201900008798,8,9,08:20,1,2,1,1.0,3.0,63113,JOUHAUX (BD LEON),M,"45,7998100","3,1119900",63,2019,50.0,1.0,1.0,7.0,2162054,1.0,1,4,1,0.0,,0.0,0,1955.0,B01,138Â 290Â 054,2.0,6.0,-1.0,1650780,1.0,33,,0.0,2.0,0.0,B01,138Â 290Â 054,1.0
967268,201900008799,8,6,13:05,1,2,1,1.0,3.0,63113,CLOS FOUR (RUE DU),M,"45,7893500","3,1039600",63,2019,50.0,1.0,1.0,4.0,2162055,1.0,1,1,1,9.0,,0.0,0,1993.0,A01,138Â 290Â 051,1.0,0.0,-1.0,1650781,2.0,7,,0.0,6.0,1.0,A01,138Â 290Â 051,1.0
967268,201900008799,8,6,13:05,1,2,1,1.0,3.0,63113,CLOS FOUR (RUE DU),M,"45,7893500","3,1039600",63,2019,50.0,1.0,1.0,4.0,2162055,1.0,1,1,1,9.0,,0.0,0,1993.0,A01,138Â 290Â 051,1.0,0.0,-1.0,1650782,1.0,1,,0.0,2.0,7.0,B01,138Â 290Â 052,5.0
967268,201900008799,8,6,13:05,1,2,1,1.0,3.0,63113,CLOS FOUR (RUE DU),M,"45,7893500","3,1039600",63,2019,50.0,1.0,1.0,4.0,2162056,1.0,1,4,1,0.0,,-1.0, -1,1993.0,B01,138Â 290Â 052,8.0,0.0,-1.0,1650781,2.0,7,,0.0,6.0,1.0,A01,138Â 290Â 051,1.0
967268,201900008799,8,6,13:05,1,2,1,1.0,3.0,63113,CLOS FOUR (RUE DU),M,"45,7893500","3,1039600",63,2019,50.0,1.0,1.0,4.0,2162056,1.0,1,4,1,0.0,,-1.0, -1,1993.0,B01,138Â 290Â 052,8.0,0.0,-1.0,1650782,1.0,1,,0.0,2.0,7.0,B01,138Â 290Â 052,5.0
967269,201900008800,8,8,04:50,3,1,1,1.0,6.0,62194,CD 70,M,"50,4904543","2,4820036",62,2019,70.0,1.0,1.0,3.0,2162057,2.0,2,3,1,5.0,,-1.0,0,1993.0,A01,138Â 290Â 050,1.0,0.0,-1.0,1650783,3.0,7,,2.0,0.0,2.0,A01,138Â 290Â 050,1.0
967269,201900008800,8,8,04:50,3,1,1,1.0,6.0,62194,CD 70,M,"50,4904543","2,4820036",62,2019,70.0,1.0,1.0,3.0,2162058,1.0,1,4,1,5.0,,-1.0,0,1995.0,A01,138Â 290Â 050,1.0,0.0,-1.0,1650783,3.0,7,,2.0,0.0,2.0,A01,138Â 290Â 050,1.0
967270,201900008801,8,4,16:15,1,2,1,1.0,5.0,62194,BRUNEHAUT ( CHAUSSEE ) CD 341,M,"50,4862180","2,4704650",62,2019,50.0,1.0,1.0,3.0,2162059,1.0,1,1,1,0.0,,-1.0,0,1987.0,C01,138Â 290Â 047,1.0,0.0,-1.0,1650784,2.0,7,,0.0,6.0,1.0,C01,138Â 290Â 047,1.0
967270,201900008801,8,4,16:15,1,2,1,1.0,5.0,62194,BRUNEHAUT ( CHAUSSEE ) CD 341,M,"50,4862180","2,4704650",62,2019,50.0,1.0,1.0,3.0,2162059,1.0,1,1,1,0.0,,-1.0,0,1987.0,C01,138Â 290Â 047,1.0,0.0,-1.0,1650785,1.0,33,,15.0,0.0,1.0,B01,138Â 290Â 048,1.0
967270,201900008801,8,4,16:15,1,2,1,1.0,5.0,62194,BRUNEHAUT ( CHAUSSEE ) CD 341,M,"50,4862180","2,4704650",62,2019,50.0,1.0,1.0,3.0,2162059,1.0,1,1,1,0.0,,-1.0,0,1987.0,C01,138Â 290Â 047,1.0,0.0,-1.0,1650786,1.0,33,,0.0,2.0,1.0,A01,138Â 290Â 049,1.0
967270,201900008801,8,4,16:15,1,2,1,1.0,5.0,62194,BRUNEHAUT ( CHAUSSEE ) CD 341,M,"50,4862180","2,4704650",62,2019,50.0,1.0,1.0,3.0,2162060,1.0,1,4,1,5.0,,-1.0,0,1979.0,B01,138Â 290Â 048,2.0,6.0,-1.0,1650784,2.0,7,,0.0,6.0,1.0,C01,138Â 290Â 047,1.0
967270,201900008801,8,4,16:15,1,2,1,1.0,5.0,62194,BRUNEHAUT ( CHAUSSEE ) CD 341,M,"50,4862180","2,4704650",62,2019,50.0,1.0,1.0,3.0,2162060,1.0,1,4,1,5.0,,-1.0,0,1979.0,B01,138Â 290Â 048,2.0,6.0,-1.0,1650785,1.0,33,,15.0,0.0,1.0,B01,138Â 290Â 048,1.0
967270,201900008801,8,4,16:15,1,2,1,1.0,5.0,62194,BRUNEHAUT ( CHAUSSEE ) CD 341,M,"50,4862180","2,4704650",62,2019,50.0,1.0,1.0,3.0,2162060,1.0,1,4,1,5.0,,-1.0,0,1979.0,B01,138Â 290Â 048,2.0,6.0,-1.0,1650786,1.0,33,,0.0,2.0,1.0,A01,138Â 290Â 049,1.0
967270,201900008801,8,4,16:15,1,2,1,1.0,5.0,62194,BRUNEHAUT ( CHAUSSEE ) CD 341,M,"50,4862180","2,4704650",62,2019,50.0,1.0,1.0,3.0,2162061,1.0,1,1,1,5.0,,-1.0,0,1991.0,A01,138Â 290Â 049,2.0,6.0,-1.0,1650784,2.0,7,,0.0,6.0,1.0,C01,138Â 290Â 047,1.0
967270,201900008801,8,4,16:15,1,2,1,1.0,5.0,62194,BRUNEHAUT ( CHAUSSEE ) CD 341,M,"50,4862180","2,4704650",62,2019,50.0,1.0,1.0,3.0,2162061,1.0,1,1,1,5.0,,-1.0,0,1991.0,A01,138Â 290Â 049,2.0,6.0,-1.0,1650785,1.0,33,,15.0,0.0,1.0,B01,138Â 290Â 048,1.0
967270,201900008801,8,4,16:15,1,2,1,1.0,5.0,62194,BRUNEHAUT ( CHAUSSEE ) CD 341,M,"50,4862180","2,4704650",62,2019,50.0,1.0,1.0,3.0,2162061,1.0,1,1,1,5.0,,-1.0,0,1991.0,A01,138Â 290Â 049,2.0,6.0,-1.0,1650786,1.0,33,,0.0,2.0,1.0,A01,138Â 290Â 049,1.0
967271,201900008802,7,26,16:00,1,2,6,1.0,3.0,62510,LECLERC (AV DU MARECHAL),M,"50,4229300","2,7772000",62,2019,50.0,1.0,1.0,3.0,2162062,1.0,1,3,1,5.0,,-1.0, -1,2004.0,B01,138Â 290Â 045,8.0,0.0,-1.0,1650787,2.0,1,,0.0,2.0,7.0,B01,138Â 290Â 045,5.0
967271,201900008802,7,26,16:00,1,2,6,1.0,3.0,62510,LECLERC (AV DU MARECHAL),M,"50,4229300","2,7772000",62,2019,50.0,1.0,1.0,3.0,2162062,1.0,1,3,1,5.0,,-1.0, -1,2004.0,B01,138Â 290Â 045,8.0,0.0,-1.0,1650788,2.0,7,,0.0,2.0,1.0,A01,138Â 290Â 046,1.0
967271,201900008802,7,26,16:00,1,2,6,1.0,3.0,62510,LECLERC (AV DU MARECHAL),M,"50,4229300","2,7772000",62,2019,50.0,1.0,1.0,3.0,2162063,1.0,1,1,2,5.0,,-1.0, -1,1956.0,A01,138Â 290Â 046,1.0,8.0,-1.0,1650787,2.0,1,,0.0,2.0,7.0,B01,138Â 290Â 045,5.0
967271,201900008802,7,26,16:00,1,2,6,1.0,3.0,62510,LECLERC (AV DU MARECHAL),M,"50,4229300","2,7772000",62,2019,50.0,1.0,1.0,3.0,2162063,1.0,1,1,2,5.0,,-1.0, -1,1956.0,A01,138Â 290Â 046,1.0,8.0,-1.0,1650788,2.0,7,,0.0,2.0,1.0,A01,138Â 290Â 046,1.0
967272,201900008803,8,7,22:35,5,2,1,1.0,6.0,62848,VIRIQUE (Jules),M,"50,5069102","2,6405193",62,2019,50.0,1.0,1.0,4.0,2162064,10.0,3,3,1,5.0,,1.0,B,1998.0,A01,138Â 290Â 042,8.0,0.0,-1.0,1650789,2.0,7,,0.0,1.0,1.0,A01,138Â 290Â 042,1.0
967272,201900008803,8,7,22:35,5,2,1,1.0,6.0,62848,VIRIQUE (Jules),M,"50,5069102","2,6405193",62,2019,50.0,1.0,1.0,4.0,2162065,1.0,1,1,1,5.0,,-1.0,0,1975.0,A01,138Â 290Â 042,1.0,8.0,-1.0,1650789,2.0,7,,0.0,1.0,1.0,A01,138Â 290Â 042,1.0
967273,201900008804,8,9,01:55,5,2,6,1.0,3.0,60175,RD 1016 PIERRE BLANCHE,M,"49,2457400","2,4748500",60,2019,30.0,1.0,1.0,3.0,2162066,1.0,1,3,1,5.0,,-1.0,0,1964.0,B01,138Â 290Â 041,1.0,8.0,-1.0,1650790,1.0,10,,0.0,2.0,1.0,A01,138Â 290Â 040,1.0
967273,201900008804,8,9,01:55,5,2,6,1.0,3.0,60175,RD 1016 PIERRE BLANCHE,M,"49,2457400","2,4748500",60,2019,30.0,1.0,1.0,3.0,2162066,1.0,1,3,1,5.0,,-1.0,0,1964.0,B01,138Â 290Â 041,1.0,8.0,-1.0,1650791,1.0,7,,0.0,2.0,8.0,B01,138Â 290Â 041,1.0
967274,201900008805,8,10,02:45,5,2,2,1.0,6.0,59599,FOREST (CHAUSSEE FERNAND),M,"50,7379200","3,1609800",59,2019,50.0,1.0,1.0,7.0,2162067,1.0,2,4,2,0.0,,0.0, -1,1996.0,A01,138Â 290Â 039,1.0,0.0,-1.0,1650792,3.0,7,,8.0,0.0,1.0,A01,138Â 290Â 039,0.0
967274,201900008805,8,10,02:45,5,2,2,1.0,6.0,59599,FOREST (CHAUSSEE FERNAND),M,"50,7379200","3,1609800",59,2019,50.0,1.0,1.0,7.0,2162068,2.0,2,4,2,5.0,,-1.0,0,1993.0,A01,138Â 290Â 039,1.0,8.0,-1.0,1650792,3.0,7,,8.0,0.0,1.0,A01,138Â 290Â 039,0.0
967275,201900008806,8,8,11:15,1,2,2,1.0,6.0,59426,BAILLY (RUE),M,"50,7453200","3,1548100",59,2019,50.0,1.0,1.0,4.0,2162069,1.0,1,4,1,0.0,,-1.0, -1,1984.0,A01,138Â 290Â 038,1.0,0.0,-1.0,1650793,2.0,7,,6.0,0.0,1.0,A01,138Â 290Â 038,1.0
967276,201900008807,8,8,09:20,1,2,1,1.0,3.0,59599,COLBERT (RUE),M,"50,7369330","3,1804390",59,2019,50.0,1.0,1.0,4.0,2162070,1.0,1,4,1,0.0,,-1.0, -1,1976.0,B01,138Â 290Â 036,2.0,0.0,-1.0,1650794,2.0,32,,0.0,2.0,9.0,B01,138Â 290Â 036,1.0
967276,201900008807,8,8,09:20,1,2,1,1.0,3.0,59599,COLBERT (RUE),M,"50,7369330","3,1804390",59,2019,50.0,1.0,1.0,4.0,2162070,1.0,1,4,1,0.0,,-1.0, -1,1976.0,B01,138Â 290Â 036,2.0,0.0,-1.0,1650795,2.0,10,,0.0,2.0,8.0,A01,138Â 290Â 037,1.0