Unnamed: 0_x,num_acc,mois,jour,hrmn,lum,agg,int,atm,col,com,adr,gps,lat,long,dep,annee,vma,situ,surf,catr,Unnamed: 0_y,place,catu,grav,sexe,trajet,secu,locp,actp,an_nais,num_veh_x,id_vehicule_x,secu1,secu2,secu3,Unnamed: 0,senc,catv,occutc,obs,obsm,choc,num_veh_y,id_vehicule_y,motor
967276,201900008807,8,8,09:20,1,2,1,1.0,3.0,59599,COLBERT (RUE),M,"50,7369330","3,1804390",59,2019,50.0,1.0,1.0,4.0,2162071,1.0,1,1,1,4.0,,-1.0, -1,1969.0,A01,138Â 290Â 037,1.0,0.0,-1.0,1650794,2.0,32,,0.0,2.0,9.0,B01,138Â 290Â 036,1.0
967276,201900008807,8,8,09:20,1,2,1,1.0,3.0,59599,COLBERT (RUE),M,"50,7369330","3,1804390",59,2019,50.0,1.0,1.0,4.0,2162071,1.0,1,1,1,4.0,,-1.0, -1,1969.0,A01,138Â 290Â 037,1.0,0.0,-1.0,1650795,2.0,10,,0.0,2.0,8.0,A01,138Â 290Â 037,1.0
967277,201900008808,8,7,17:15,1,2,1,1.0,5.0,59599,CURIE (CHAUSSEE PIERRE),M,"50,7341350","3,1804770",59,2019,50.0,1.0,1.0,7.0,2162072,1.0,1,1,2,0.0,,-1.0,0,1991.0,C01,138Â 290Â 033,1.0,8.0,-1.0,1650796,3.0,99,,0.0,2.0,5.0,C01,138Â 290Â 033,0.0
967277,201900008808,8,7,17:15,1,2,1,1.0,5.0,59599,CURIE (CHAUSSEE PIERRE),M,"50,7341350","3,1804770",59,2019,50.0,1.0,1.0,7.0,2162072,1.0,1,1,2,0.0,,-1.0,0,1991.0,C01,138Â 290Â 033,1.0,8.0,-1.0,1650797,3.0,32,,1.0,0.0,2.0,B01,138Â 290Â 034,1.0
967277,201900008808,8,7,17:15,1,2,1,1.0,5.0,59599,CURIE (CHAUSSEE PIERRE),M,"50,7341350","3,1804770",59,2019,50.0,1.0,1.0,7.0,2162072,1.0,1,1,2,0.0,,-1.0,0,1991.0,C01,138Â 290Â 033,1.0,8.0,-1.0,1650798,3.0,7,,0.0,2.0,8.0,A01,138Â 290Â 035,1.0
967277,201900008808,8,7,17:15,1,2,1,1.0,5.0,59599,CURIE (CHAUSSEE PIERRE),M,"50,7341350","3,1804770",59,2019,50.0,1.0,1.0,7.0,2162073,1.0,1,4,1,0.0,,-1.0,0,1961.0,B01,138Â 290Â 034,2.0,8.0,-1.0,1650796,3.0,99,,0.0,2.0,5.0,C01,138Â 290Â 033,0.0
967277,201900008808,8,7,17:15,1,2,1,1.0,5.0,59599,CURIE (CHAUSSEE PIERRE),M,"50,7341350","3,1804770",59,2019,50.0,1.0,1.0,7.0,2162073,1.0,1,4,1,0.0,,-1.0,0,1961.0,B01,138Â 290Â 034,2.0,8.0,-1.0,1650797,3.0,32,,1.0,0.0,2.0,B01,138Â 290Â 034,1.0
967277,201900008808,8,7,17:15,1,2,1,1.0,5.0,59599,CURIE (CHAUSSEE PIERRE),M,"50,7341350","3,1804770",59,2019,50.0,1.0,1.0,7.0,2162073,1.0,1,4,1,0.0,,-1.0,0,1961.0,B01,138Â 290Â 034,2.0,8.0,-1.0,1650798,3.0,7,,0.0,2.0,8.0,A01,138Â 290Â 035,1.0
967277,201900008808,8,7,17:15,1,2,1,1.0,5.0,59599,CURIE (CHAUSSEE PIERRE),M,"50,7341350","3,1804770",59,2019,50.0,1.0,1.0,7.0,2162074,1.0,1,1,1,0.0,,-1.0,0,1991.0,A01,138Â 290Â 035,8.0,0.0,-1.0,1650796,3.0,99,,0.0,2.0,5.0,C01,138Â 290Â 033,0.0
967277,201900008808,8,7,17:15,1,2,1,1.0,5.0,59599,CURIE (CHAUSSEE PIERRE),M,"50,7341350","3,1804770",59,2019,50.0,1.0,1.0,7.0,2162074,1.0,1,1,1,0.0,,-1.0,0,1991.0,A01,138Â 290Â 035,8.0,0.0,-1.0,1650797,3.0,32,,1.0,0.0,2.0,B01,138Â 290Â 034,1.0
967277,201900008808,8,7,17:15,1,2,1,1.0,5.0,59599,CURIE (CHAUSSEE PIERRE),M,"50,7341350","3,1804770",59,2019,50.0,1.0,1.0,7.0,2162074,1.0,1,1,1,0.0,,-1.0,0,1991.0,A01,138Â 290Â 035,8.0,0.0,-1.0,1650798,3.0,7,,0.0,2.0,8.0,A01,138Â 290Â 035,1.0
967278,201900008809,8,6,17:05,1,2,3,1.0,6.0,59512,SAINT ANTOINE (RUE),M,"50,6948800","3,1772800",59,2019,50.0,1.0,1.0,4.0,2162075,1.0,1,1,2,5.0,,-1.0,0,1992.0,A01,138Â 290Â 032,1.0,0.0,-1.0,1650799,2.0,7,,0.0,1.0,2.0,A01,138Â 290Â 032,1.0
967278,201900008809,8,6,17:05,1,2,3,1.0,6.0,59512,SAINT ANTOINE (RUE),M,"50,6948800","3,1772800",59,2019,50.0,1.0,1.0,4.0,2162076,10.0,3,3,1,5.0,,3.0,3,2015.0,A01,138Â 290Â 032,8.0,0.0,-1.0,1650799,2.0,7,,0.0,1.0,2.0,A01,138Â 290Â 032,1.0
967279,201900008810,8,7,03:10,5,2,1,1.0,6.0,59410,PASTEUR RUE,M,"50,6482900","3,1037300",59,2019,50.0,1.0,1.0,4.0,2162077,1.0,1,4,2,0.0,,-1.0,0,1995.0,A01,138Â 290Â 029,8.0,0.0,-1.0,1650800,1.0,7,,1.0,0.0,1.0,A01,138Â 290Â 029,1.0
967280,201900008811,8,10,13:45,1,2,1,1.0,2.0,59043,LILLE (ROUTE DE),M,"50,7272500","2,7544500",59,2019,50.0,3.0,1.0,3.0,2162078,1.0,1,3,1,5.0,,-1.0,0,1976.0,B01,138Â 290Â 027,2.0,0.0,-1.0,1650801,2.0,1,,0.0,2.0,4.0,B01,138Â 290Â 027,5.0
967280,201900008811,8,10,13:45,1,2,1,1.0,2.0,59043,LILLE (ROUTE DE),M,"50,7272500","2,7544500",59,2019,50.0,3.0,1.0,3.0,2162078,1.0,1,3,1,5.0,,-1.0,0,1976.0,B01,138Â 290Â 027,2.0,0.0,-1.0,1650802,2.0,7,,0.0,6.0,1.0,A01,138Â 290Â 028,0.0
967280,201900008811,8,10,13:45,1,2,1,1.0,2.0,59043,LILLE (ROUTE DE),M,"50,7272500","2,7544500",59,2019,50.0,3.0,1.0,3.0,2162079,1.0,1,1,1,1.0,,-1.0,0,2001.0,A01,138Â 290Â 028,1.0,0.0,-1.0,1650801,2.0,1,,0.0,2.0,4.0,B01,138Â 290Â 027,5.0
967280,201900008811,8,10,13:45,1,2,1,1.0,2.0,59043,LILLE (ROUTE DE),M,"50,7272500","2,7544500",59,2019,50.0,3.0,1.0,3.0,2162079,1.0,1,1,1,1.0,,-1.0,0,2001.0,A01,138Â 290Â 028,1.0,0.0,-1.0,1650802,2.0,7,,0.0,6.0,1.0,A01,138Â 290Â 028,0.0
967281,201900008812,8,9,08:14,1,2,1,1.0,6.0,57672,COURONNE (RUE DE LA),M,"49,3536500","6,1762830",57,2019,50.0,1.0,1.0,4.0,2162080,1.0,1,1,1,1.0,,-1.0, -1,1967.0,A01,138Â 290Â 025,1.0,4.0,-1.0,1650803,1.0,14,,0.0,2.0,1.0,A01,138Â 290Â 025,1.0
967281,201900008812,8,9,08:14,1,2,1,1.0,6.0,57672,COURONNE (RUE DE LA),M,"49,3536500","6,1762830",57,2019,50.0,1.0,1.0,4.0,2162080,1.0,1,1,1,1.0,,-1.0, -1,1967.0,A01,138Â 290Â 025,1.0,4.0,-1.0,1650804,3.0,1,,0.0,2.0,8.0,B01,138Â 290Â 026,5.0
967281,201900008812,8,9,08:14,1,2,1,1.0,6.0,57672,COURONNE (RUE DE LA),M,"49,3536500","6,1762830",57,2019,50.0,1.0,1.0,4.0,2162081,1.0,1,3,1,1.0,,0.0,0,1967.0,B01,138Â 290Â 026,8.0,0.0,-1.0,1650803,1.0,14,,0.0,2.0,1.0,A01,138Â 290Â 025,1.0
967281,201900008812,8,9,08:14,1,2,1,1.0,6.0,57672,COURONNE (RUE DE LA),M,"49,3536500","6,1762830",57,2019,50.0,1.0,1.0,4.0,2162081,1.0,1,3,1,1.0,,0.0,0,1967.0,B01,138Â 290Â 026,8.0,0.0,-1.0,1650804,3.0,1,,0.0,2.0,8.0,B01,138Â 290Â 026,5.0
967282,201900008813,8,7,19:12,1,2,1,1.0,6.0,57757,GRAND'RUE,M,"49,3600000","6,1878200",57,2019,50.0,1.0,1.0,4.0,2162082,1.0,1,1,1,5.0,,0.0,0,1997.0,A01,138Â 290Â 024,1.0,0.0,-1.0,1650805,1.0,7,,0.0,1.0,1.0,A01,138Â 290Â 024,1.0
967282,201900008813,8,7,19:12,1,2,1,1.0,6.0,57757,GRAND'RUE,M,"49,3600000","6,1878200",57,2019,50.0,1.0,1.0,4.0,2162083,10.0,3,4,1,5.0,,3.0,3,2014.0,A01,138Â 290Â 024,0.0,0.0,-1.0,1650805,1.0,7,,0.0,1.0,1.0,A01,138Â 290Â 024,1.0
967283,201900008814,8,6,01:35,3,1,1,1.0,7.0,57666,VERDUN (ROUTE DE),M,"49,3374817","6,1340955",57,2019,50.0,1.0,1.0,3.0,2162084,1.0,1,3,1,5.0,,-1.0, -1,1996.0,A01,138Â 290Â 023,8.0,0.0,-1.0,1650806,1.0,30,,12.0,0.0,3.0,A01,138Â 290Â 023,1.0
967283,201900008814,8,6,01:35,3,1,1,1.0,7.0,57666,VERDUN (ROUTE DE),M,"49,3374817","6,1340955",57,2019,50.0,1.0,1.0,3.0,2162085,2.0,2,3,1,5.0,,-1.0, -1,1994.0,A01,138Â 290Â 023,2.0,0.0,-1.0,1650806,1.0,30,,12.0,0.0,3.0,A01,138Â 290Â 023,1.0
967284,201900008815,8,8,09:10,1,1,1,1.0,6.0,56083,RN 165,M,"47,7920200"," -3,3103200",56,2019,70.0,1.0,1.0,2.0,2162086,1.0,1,4,1,0.0,,0.0,0,1975.0,A01,138Â 290Â 020,1.0,8.0,-1.0,1650807,2.0,7,,13.0,0.0,1.0,A01,138Â 290Â 020,1.0
967285,201900008816,8,7,21:15,1,2,3,1.0,7.0,56121,LECLERC ( BD GENERAL ),M,"47,7488900"," -3,3656300",56,2019,30.0,1.0,1.0,4.0,2162087,3.0,2,4,1,5.0,,0.0,0,2000.0,A01,138Â 290Â 019,8.0,0.0,-1.0,1650808,2.0,7,,0.0,0.0,0.0,A01,138Â 290Â 019,1.0
967285,201900008816,8,7,21:15,1,2,3,1.0,7.0,56121,LECLERC ( BD GENERAL ),M,"47,7488900"," -3,3656300",56,2019,30.0,1.0,1.0,4.0,2162088,1.0,1,1,1,5.0,,0.0,0,1997.0,A01,138Â 290Â 019,8.0,0.0,-1.0,1650808,2.0,7,,0.0,0.0,0.0,A01,138Â 290Â 019,1.0
967286,201900008817,8,7,10:40,1,2,2,1.0,6.0,56121,BOVE ( COURS DE LA ),M,"47,7458900"," -3,3601600",56,2019,30.0,1.0,1.0,4.0,2162089,1.0,1,1,1,4.0,,0.0,0,1961.0,A01,138Â 290Â 018,1.0,8.0,-1.0,1650809,1.0,14,,14.0,1.0,4.0,A01,138Â 290Â 018,1.0
967286,201900008817,8,7,10:40,1,2,2,1.0,6.0,56121,BOVE ( COURS DE LA ),M,"47,7458900"," -3,3601600",56,2019,30.0,1.0,1.0,4.0,2162090,10.0,3,4,2,4.0,,2.0,9,1994.0,A01,138Â 290Â 018,8.0,0.0,-1.0,1650809,1.0,14,,14.0,1.0,4.0,A01,138Â 290Â 018,1.0
967287,201900008818,8,4,20:40,1,2,2,1.0,3.0,56098,SCRIBE (Rue  Augustin ),M,"47,7684000"," -3,3560900",56,2019,50.0,1.0,1.0,4.0,2162091,1.0,1,1,1,5.0,,0.0,0,1949.0,A01,138Â 290Â 016,1.0,8.0,-1.0,1650810,1.0,7,,0.0,2.0,1.0,A01,138Â 290Â 016,1.0
967287,201900008818,8,4,20:40,1,2,2,1.0,3.0,56098,SCRIBE (Rue  Augustin ),M,"47,7684000"," -3,3560900",56,2019,50.0,1.0,1.0,4.0,2162091,1.0,1,1,1,5.0,,0.0,0,1949.0,A01,138Â 290Â 016,1.0,8.0,-1.0,1650811,1.0,30,,0.0,2.0,7.0,B01,138Â 290Â 017,1.0
967287,201900008818,8,4,20:40,1,2,2,1.0,3.0,56098,SCRIBE (Rue  Augustin ),M,"47,7684000"," -3,3560900",56,2019,50.0,1.0,1.0,4.0,2162092,1.0,1,3,1,5.0,,0.0,0,2002.0,B01,138Â 290Â 017,2.0,8.0,-1.0,1650810,1.0,7,,0.0,2.0,1.0,A01,138Â 290Â 016,1.0
967287,201900008818,8,4,20:40,1,2,2,1.0,3.0,56098,SCRIBE (Rue  Augustin ),M,"47,7684000"," -3,3560900",56,2019,50.0,1.0,1.0,4.0,2162092,1.0,1,3,1,5.0,,0.0,0,2002.0,B01,138Â 290Â 017,2.0,8.0,-1.0,1650811,1.0,30,,0.0,2.0,7.0,B01,138Â 290Â 017,1.0
967288,201900008819,8,9,12:05,1,2,4,1.0,3.0,51454,RUE DE COURCELLES,M,"49,2620417","4,0181028",51,2019,50.0,1.0,1.0,4.0,2162093,1.0,1,1,1,4.0,,-1.0,0,1977.0,A01,138Â 290Â 014,1.0,8.0,-1.0,1650812,3.0,10,,0.0,2.0,7.0,A01,138Â 290Â 014,1.0
967288,201900008819,8,9,12:05,1,2,4,1.0,3.0,51454,RUE DE COURCELLES,M,"49,2620417","4,0181028",51,2019,50.0,1.0,1.0,4.0,2162093,1.0,1,1,1,4.0,,-1.0,0,1977.0,A01,138Â 290Â 014,1.0,8.0,-1.0,1650813,3.0,1,,0.0,2.0,8.0,B01,138Â 290Â 015,5.0
967288,201900008819,8,9,12:05,1,2,4,1.0,3.0,51454,RUE DE COURCELLES,M,"49,2620417","4,0181028",51,2019,50.0,1.0,1.0,4.0,2162094,1.0,1,4,1,9.0,,-1.0,0,2001.0,B01,138Â 290Â 015,8.0,8.0,-1.0,1650812,3.0,10,,0.0,2.0,7.0,A01,138Â 290Â 014,1.0
967288,201900008819,8,9,12:05,1,2,4,1.0,3.0,51454,RUE DE COURCELLES,M,"49,2620417","4,0181028",51,2019,50.0,1.0,1.0,4.0,2162094,1.0,1,4,1,9.0,,-1.0,0,2001.0,B01,138Â 290Â 015,8.0,8.0,-1.0,1650813,3.0,1,,0.0,2.0,8.0,B01,138Â 290Â 015,5.0
967289,201900008820,8,8,19:23,1,2,1,1.0,3.0,51454,AVENUE JEAN JAURES,M,"49,2610300","4,0494400",51,2019,50.0,1.0,1.0,4.0,2162095,1.0,1,1,2,0.0,,-1.0,0,1949.0,A01,138Â 290Â 012,1.0,0.0,-1.0,1650814,1.0,10,,0.0,2.0,8.0,A01,138Â 290Â 012,1.0
967289,201900008820,8,8,19:23,1,2,1,1.0,3.0,51454,AVENUE JEAN JAURES,M,"49,2610300","4,0494400",51,2019,50.0,1.0,1.0,4.0,2162095,1.0,1,1,2,0.0,,-1.0,0,1949.0,A01,138Â 290Â 012,1.0,0.0,-1.0,1650815,1.0,43,,0.0,2.0,1.0,B01,138Â 290Â 013,1.0
967289,201900008820,8,8,19:23,1,2,1,1.0,3.0,51454,AVENUE JEAN JAURES,M,"49,2610300","4,0494400",51,2019,50.0,1.0,1.0,4.0,2162096,1.0,1,4,1,0.0,,-1.0,0,1990.0,B01,138Â 290Â 013,2.0,0.0,-1.0,1650814,1.0,10,,0.0,2.0,8.0,A01,138Â 290Â 012,1.0
967289,201900008820,8,8,19:23,1,2,1,1.0,3.0,51454,AVENUE JEAN JAURES,M,"49,2610300","4,0494400",51,2019,50.0,1.0,1.0,4.0,2162096,1.0,1,4,1,0.0,,-1.0,0,1990.0,B01,138Â 290Â 013,2.0,0.0,-1.0,1650815,1.0,43,,0.0,2.0,1.0,B01,138Â 290Â 013,1.0
967290,201900008821,8,7,17:50,1,2,1,1.0,3.0,51454,AVENUE DU GENERAL DE GAULLE,M,"49,2457600","4,0179400",51,2019,50.0,1.0,1.0,4.0,2162097,1.0,1,1,2,5.0,,-1.0,0,1996.0,B01,138Â 290Â 010,1.0,0.0,-1.0,1650816,0.0,7,,0.0,2.0,8.0,B01,138Â 290Â 010,1.0
967290,201900008821,8,7,17:50,1,2,1,1.0,3.0,51454,AVENUE DU GENERAL DE GAULLE,M,"49,2457600","4,0179400",51,2019,50.0,1.0,1.0,4.0,2162097,1.0,1,1,2,5.0,,-1.0,0,1996.0,B01,138Â 290Â 010,1.0,0.0,-1.0,1650817,0.0,1,,0.0,2.0,1.0,A01,138Â 290Â 011,5.0
967290,201900008821,8,7,17:50,1,2,1,1.0,3.0,51454,AVENUE DU GENERAL DE GAULLE,M,"49,2457600","4,0179400",51,2019,50.0,1.0,1.0,4.0,2162098,1.0,1,4,1,5.0,,-1.0,0,1995.0,A01,138Â 290Â 011,8.0,0.0,-1.0,1650816,0.0,7,,0.0,2.0,8.0,B01,138Â 290Â 010,1.0
967290,201900008821,8,7,17:50,1,2,1,1.0,3.0,51454,AVENUE DU GENERAL DE GAULLE,M,"49,2457600","4,0179400",51,2019,50.0,1.0,1.0,4.0,2162098,1.0,1,4,1,5.0,,-1.0,0,1995.0,A01,138Â 290Â 011,8.0,0.0,-1.0,1650817,0.0,1,,0.0,2.0,1.0,A01,138Â 290Â 011,5.0
967291,201900008822,8,1,10:20,1,2,1,1.0,6.0,50165,COUTANCES (ROUTE DE),M,"48,8435960"," -1,5872710",50,2019,50.0,1.0,1.0,3.0,2162099,1.0,1,1,1,0.0,,0.0,0,1971.0,A01,138Â 290Â 009,1.0,0.0,-1.0,1650818,0.0,7,,0.0,1.0,4.0,A01,138Â 290Â 009,1.0
967291,201900008822,8,1,10:20,1,2,1,1.0,6.0,50165,COUTANCES (ROUTE DE),M,"48,8435960"," -1,5872710",50,2019,50.0,1.0,1.0,3.0,2162100,10.0,3,3,1,5.0,,5.0,1,1938.0,A01,138Â 290Â 009,8.0,0.0,-1.0,1650818,0.0,7,,0.0,1.0,4.0,A01,138Â 290Â 009,1.0
967292,201900008823,8,7,16:45,1,1,4,1.0,2.0,50416,CD 901,M,"49,6491500"," -1,7172700",50,2019,90.0,1.0,1.0,3.0,2162101,1.0,1,1,1,9.0,,-1.0,0,2000.0,A01,138Â 290Â 007,1.0,5.0,-1.0,1650819,1.0,7,,0.0,2.0,2.0,A01,138Â 290Â 007,1.0
967292,201900008823,8,7,16:45,1,1,4,1.0,2.0,50416,CD 901,M,"49,6491500"," -1,7172700",50,2019,90.0,1.0,1.0,3.0,2162101,1.0,1,1,1,9.0,,-1.0,0,2000.0,A01,138Â 290Â 007,1.0,5.0,-1.0,1650820,1.0,7,,0.0,0.0,6.0,A01,138Â 290Â 008,-1.0
967292,201900008823,8,7,16:45,1,1,4,1.0,2.0,50416,CD 901,M,"49,6491500"," -1,7172700",50,2019,90.0,1.0,1.0,3.0,2162102,1.0,1,4,2,-1.0,,-1.0, -1,1900.0,A01,138Â 290Â 008,1.0,-1.0,-1.0,1650819,1.0,7,,0.0,2.0,2.0,A01,138Â 290Â 007,1.0
967292,201900008823,8,7,16:45,1,1,4,1.0,2.0,50416,CD 901,M,"49,6491500"," -1,7172700",50,2019,90.0,1.0,1.0,3.0,2162102,1.0,1,4,2,-1.0,,-1.0, -1,1900.0,A01,138Â 290Â 008,1.0,-1.0,-1.0,1650820,1.0,7,,0.0,0.0,6.0,A01,138Â 290Â 008,-1.0
967293,201900008824,8,6,16:55,1,2,4,1.0,3.0,50129,BARBUSSE (RUE HENRI),M,"49,6221800"," -1,6477800",50,2019,50.0,1.0,1.0,3.0,2162103,1.0,1,3,1,5.0,,0.0,0,1960.0,B01,138Â 290Â 005,2.0,6.0,-1.0,1650821,2.0,33,,0.0,2.0,3.0,B01,138Â 290Â 005,1.0
967293,201900008824,8,6,16:55,1,2,4,1.0,3.0,50129,BARBUSSE (RUE HENRI),M,"49,6221800"," -1,6477800",50,2019,50.0,1.0,1.0,3.0,2162103,1.0,1,3,1,5.0,,0.0,0,1960.0,B01,138Â 290Â 005,2.0,6.0,-1.0,1650822,2.0,7,,0.0,2.0,1.0,A01,138Â 290Â 006,1.0
967293,201900008824,8,6,16:55,1,2,4,1.0,3.0,50129,BARBUSSE (RUE HENRI),M,"49,6221800"," -1,6477800",50,2019,50.0,1.0,1.0,3.0,2162104,1.0,1,1,2,9.0,,0.0,0,1992.0,A01,138Â 290Â 006,1.0,8.0,-1.0,1650821,2.0,33,,0.0,2.0,3.0,B01,138Â 290Â 005,1.0
967293,201900008824,8,6,16:55,1,2,4,1.0,3.0,50129,BARBUSSE (RUE HENRI),M,"49,6221800"," -1,6477800",50,2019,50.0,1.0,1.0,3.0,2162104,1.0,1,1,2,9.0,,0.0,0,1992.0,A01,138Â 290Â 006,1.0,8.0,-1.0,1650822,2.0,7,,0.0,2.0,1.0,A01,138Â 290Â 006,1.0
967294,201900008825,8,5,14:40,1,2,6,1.0,3.0,50129,THEMIS (ROND POINT DE),M,"49,6341000"," -1,6143400",50,2019,50.0,1.0,1.0,3.0,2162105,1.0,1,3,1,5.0,,0.0,0,1945.0,A01,138Â 290Â 003,1.0,8.0,-1.0,1650823,0.0,7,,0.0,2.0,2.0,A01,138Â 290Â 003,1.0
967294,201900008825,8,5,14:40,1,2,6,1.0,3.0,50129,THEMIS (ROND POINT DE),M,"49,6341000"," -1,6143400",50,2019,50.0,1.0,1.0,3.0,2162105,1.0,1,3,1,5.0,,0.0,0,1945.0,A01,138Â 290Â 003,1.0,8.0,-1.0,1650824,0.0,7,,0.0,2.0,3.0,B01,138Â 290Â 004,1.0
967294,201900008825,8,5,14:40,1,2,6,1.0,3.0,50129,THEMIS (ROND POINT DE),M,"49,6341000"," -1,6143400",50,2019,50.0,1.0,1.0,3.0,2162106,1.0,1,1,1,5.0,,0.0,0,1986.0,B01,138Â 290Â 004,1.0,8.0,-1.0,1650823,0.0,7,,0.0,2.0,2.0,A01,138Â 290Â 003,1.0
967294,201900008825,8,5,14:40,1,2,6,1.0,3.0,50129,THEMIS (ROND POINT DE),M,"49,6341000"," -1,6143400",50,2019,50.0,1.0,1.0,3.0,2162106,1.0,1,1,1,5.0,,0.0,0,1986.0,B01,138Â 290Â 004,1.0,8.0,-1.0,1650824,0.0,7,,0.0,2.0,3.0,B01,138Â 290Â 004,1.0
967295,201900008826,8,8,16:00,1,2,1,1.0,2.0,49007,GAIN ( LOUIS),M,"47,4686000"," -0,5391900",49,2019,60.0,1.0,1.0,4.0,2162107,1.0,1,1,2,0.0,,-1.0,0,1944.0,B01,138Â 290Â 001,1.0,8.0,-1.0,1650825,1.0,7,,0.0,2.0,4.0,B01,138Â 290Â 001,1.0
967295,201900008826,8,8,16:00,1,2,1,1.0,2.0,49007,GAIN ( LOUIS),M,"47,4686000"," -0,5391900",49,2019,60.0,1.0,1.0,4.0,2162107,1.0,1,1,2,0.0,,-1.0,0,1944.0,B01,138Â 290Â 001,1.0,8.0,-1.0,1650826,1.0,7,,0.0,2.0,1.0,A01,138Â 290Â 002,1.0
967295,201900008826,8,8,16:00,1,2,1,1.0,2.0,49007,GAIN ( LOUIS),M,"47,4686000"," -0,5391900",49,2019,60.0,1.0,1.0,4.0,2162108,1.0,1,1,2,0.0,,-1.0, -1,1998.0,A01,138Â 290Â 002,1.0,8.0,-1.0,1650825,1.0,7,,0.0,2.0,4.0,B01,138Â 290Â 001,1.0
967295,201900008826,8,8,16:00,1,2,1,1.0,2.0,49007,GAIN ( LOUIS),M,"47,4686000"," -0,5391900",49,2019,60.0,1.0,1.0,4.0,2162108,1.0,1,1,2,0.0,,-1.0, -1,1998.0,A01,138Â 290Â 002,1.0,8.0,-1.0,1650826,1.0,7,,0.0,2.0,1.0,A01,138Â 290Â 002,1.0
967295,201900008826,8,8,16:00,1,2,1,1.0,2.0,49007,GAIN ( LOUIS),M,"47,4686000"," -0,5391900",49,2019,60.0,1.0,1.0,4.0,2162109,4.0,2,4,2,0.0,,-1.0, -1,1988.0,A01,138Â 290Â 002,1.0,8.0,-1.0,1650825,1.0,7,,0.0,2.0,4.0,B01,138Â 290Â 001,1.0
967295,201900008826,8,8,16:00,1,2,1,1.0,2.0,49007,GAIN ( LOUIS),M,"47,4686000"," -0,5391900",49,2019,60.0,1.0,1.0,4.0,2162109,4.0,2,4,2,0.0,,-1.0, -1,1988.0,A01,138Â 290Â 002,1.0,8.0,-1.0,1650826,1.0,7,,0.0,2.0,1.0,A01,138Â 290Â 002,1.0
967296,201900008827,8,6,18:30,1,2,1,1.0,6.0,49007,FOCH BOULEVARD,M,"47,4695500"," -0,5485900",49,2019,60.0,1.0,1.0,4.0,2162110,10.0,3,4,2,0.0,,9.0,B,2003.0,Y01,138Â 289Â 999,8.0,0.0,-1.0,1650827,1.0,7,,0.0,2.0,0.0,Y01,138Â 289Â 999,1.0
967296,201900008827,8,6,18:30,1,2,1,1.0,6.0,49007,FOCH BOULEVARD,M,"47,4695500"," -0,5485900",49,2019,60.0,1.0,1.0,4.0,2162110,10.0,3,4,2,0.0,,9.0,B,2003.0,Y01,138Â 289Â 999,8.0,0.0,-1.0,1650828,1.0,7,,0.0,1.0,0.0,A01,138Â 290Â 000,0.0
967297,201900008828,8,6,16:51,1,2,1,1.0,3.0,49007,GAIN ( LOUIS),M,"47,4699300"," -0,5424200",49,2019,60.0,1.0,1.0,4.0,2162111,1.0,1,1,2,0.0,,-1.0, -1,1971.0,A01,138Â 289Â 997,1.0,8.0,-1.0,1650829,1.0,7,,0.0,2.0,8.0,A01,138Â 289Â 997,1.0
967297,201900008828,8,6,16:51,1,2,1,1.0,3.0,49007,GAIN ( LOUIS),M,"47,4699300"," -0,5424200",49,2019,60.0,1.0,1.0,4.0,2162111,1.0,1,1,2,0.0,,-1.0, -1,1971.0,A01,138Â 289Â 997,1.0,8.0,-1.0,1650830,1.0,30,,0.0,2.0,1.0,B01,138Â 289Â 998,1.0
967297,201900008828,8,6,16:51,1,2,1,1.0,3.0,49007,GAIN ( LOUIS),M,"47,4699300"," -0,5424200",49,2019,60.0,1.0,1.0,4.0,2162112,2.0,2,4,2,0.0,,-1.0,0,1995.0,B01,138Â 289Â 998,2.0,8.0,-1.0,1650829,1.0,7,,0.0,2.0,8.0,A01,138Â 289Â 997,1.0
967297,201900008828,8,6,16:51,1,2,1,1.0,3.0,49007,GAIN ( LOUIS),M,"47,4699300"," -0,5424200",49,2019,60.0,1.0,1.0,4.0,2162112,2.0,2,4,2,0.0,,-1.0,0,1995.0,B01,138Â 289Â 998,2.0,8.0,-1.0,1650830,1.0,30,,0.0,2.0,1.0,B01,138Â 289Â 998,1.0
967297,201900008828,8,6,16:51,1,2,1,1.0,3.0,49007,GAIN ( LOUIS),M,"47,4699300"," -0,5424200",49,2019,60.0,1.0,1.0,4.0,2162113,1.0,1,1,1,0.0,,-1.0,0,1995.0,B01,138Â 289Â 998,2.0,8.0,-1.0,1650829,1.0,7,,0.0,2.0,8.0,A01,138Â 289Â 997,1.0
967297,201900008828,8,6,16:51,1,2,1,1.0,3.0,49007,GAIN ( LOUIS),M,"47,4699300"," -0,5424200",49,2019,60.0,1.0,1.0,4.0,2162113,1.0,1,1,1,0.0,,-1.0,0,1995.0,B01,138Â 289Â 998,2.0,8.0,-1.0,1650830,1.0,30,,0.0,2.0,1.0,B01,138Â 289Â 998,1.0
967298,201900008829,8,7,08:45,1,2,1,1.0,1.0,44109,BRANDT ( PONT WILLY ),M,"47,2106200"," -1,5356900",44,2019,30.0,1.0,1.0,4.0,2162114,1.0,1,4,1,0.0,,0.0,0,1972.0,B01,138Â 289Â 993,2.0,0.0,-1.0,1650831,1.0,1,,0.0,2.0,1.0,B01,138Â 289Â 993,5.0
967298,201900008829,8,7,08:45,1,2,1,1.0,1.0,44109,BRANDT ( PONT WILLY ),M,"47,2106200"," -1,5356900",44,2019,30.0,1.0,1.0,4.0,2162114,1.0,1,4,1,0.0,,0.0,0,1972.0,B01,138Â 289Â 993,2.0,0.0,-1.0,1650832,1.0,50,,0.0,2.0,1.0,A01,138Â 289Â 994,3.0