Unnamed: 0_x,num_acc,mois,jour,hrmn,lum,agg,int,atm,col,com,adr,gps,lat,long,dep,annee,vma,situ,surf,catr,Unnamed: 0_y,place,catu,grav,sexe,trajet,secu,locp,actp,an_nais,num_veh_x,id_vehicule_x,secu1,secu2,secu3,Unnamed: 0,senc,catv,occutc,obs,obsm,choc,num_veh_y,id_vehicule_y,motor
967298,201900008829,8,7,08:45,1,2,1,1.0,1.0,44109,BRANDT ( PONT WILLY ),M,"47,2106200"," -1,5356900",44,2019,30.0,1.0,1.0,4.0,2162115,1.0,1,4,1,0.0,,0.0,0,1994.0,A01,138Â 289Â 994,2.0,0.0,-1.0,1650831,1.0,1,,0.0,2.0,1.0,B01,138Â 289Â 993,5.0
967298,201900008829,8,7,08:45,1,2,1,1.0,1.0,44109,BRANDT ( PONT WILLY ),M,"47,2106200"," -1,5356900",44,2019,30.0,1.0,1.0,4.0,2162115,1.0,1,4,1,0.0,,0.0,0,1994.0,A01,138Â 289Â 994,2.0,0.0,-1.0,1650832,1.0,50,,0.0,2.0,1.0,A01,138Â 289Â 994,3.0
967299,201900008830,8,2,11:20,1,2,1,1.0,5.0,43157,VAL-VERT (AVENUE DU),M,"45,0287900","3,8825000",43,2019,50.0,1.0,1.0,4.0,2162116,1.0,1,1,1,5.0,,-1.0,0,1971.0,A01,138Â 289Â 990,1.0,0.0,-1.0,1650833,2.0,7,,0.0,2.0,4.0,A01,138Â 289Â 990,1.0
967299,201900008830,8,2,11:20,1,2,1,1.0,5.0,43157,VAL-VERT (AVENUE DU),M,"45,0287900","3,8825000",43,2019,50.0,1.0,1.0,4.0,2162116,1.0,1,1,1,5.0,,-1.0,0,1971.0,A01,138Â 289Â 990,1.0,0.0,-1.0,1650834,3.0,7,,0.0,2.0,7.0,B01,138Â 289Â 991,1.0
967299,201900008830,8,2,11:20,1,2,1,1.0,5.0,43157,VAL-VERT (AVENUE DU),M,"45,0287900","3,8825000",43,2019,50.0,1.0,1.0,4.0,2162116,1.0,1,1,1,5.0,,-1.0,0,1971.0,A01,138Â 289Â 990,1.0,0.0,-1.0,1650835,1.0,7,,0.0,2.0,3.0,C01,138Â 289Â 992,1.0
967299,201900008830,8,2,11:20,1,2,1,1.0,5.0,43157,VAL-VERT (AVENUE DU),M,"45,0287900","3,8825000",43,2019,50.0,1.0,1.0,4.0,2162117,1.0,1,1,2,4.0,,-1.0,0,1981.0,B01,138Â 289Â 991,1.0,0.0,-1.0,1650833,2.0,7,,0.0,2.0,4.0,A01,138Â 289Â 990,1.0
967299,201900008830,8,2,11:20,1,2,1,1.0,5.0,43157,VAL-VERT (AVENUE DU),M,"45,0287900","3,8825000",43,2019,50.0,1.0,1.0,4.0,2162117,1.0,1,1,2,4.0,,-1.0,0,1981.0,B01,138Â 289Â 991,1.0,0.0,-1.0,1650834,3.0,7,,0.0,2.0,7.0,B01,138Â 289Â 991,1.0
967299,201900008830,8,2,11:20,1,2,1,1.0,5.0,43157,VAL-VERT (AVENUE DU),M,"45,0287900","3,8825000",43,2019,50.0,1.0,1.0,4.0,2162117,1.0,1,1,2,4.0,,-1.0,0,1981.0,B01,138Â 289Â 991,1.0,0.0,-1.0,1650835,1.0,7,,0.0,2.0,3.0,C01,138Â 289Â 992,1.0
967299,201900008830,8,2,11:20,1,2,1,1.0,5.0,43157,VAL-VERT (AVENUE DU),M,"45,0287900","3,8825000",43,2019,50.0,1.0,1.0,4.0,2162118,1.0,1,4,2,4.0,,-1.0,0,1992.0,C01,138Â 289Â 992,1.0,0.0,-1.0,1650833,2.0,7,,0.0,2.0,4.0,A01,138Â 289Â 990,1.0
967299,201900008830,8,2,11:20,1,2,1,1.0,5.0,43157,VAL-VERT (AVENUE DU),M,"45,0287900","3,8825000",43,2019,50.0,1.0,1.0,4.0,2162118,1.0,1,4,2,4.0,,-1.0,0,1992.0,C01,138Â 289Â 992,1.0,0.0,-1.0,1650834,3.0,7,,0.0,2.0,7.0,B01,138Â 289Â 991,1.0
967299,201900008830,8,2,11:20,1,2,1,1.0,5.0,43157,VAL-VERT (AVENUE DU),M,"45,0287900","3,8825000",43,2019,50.0,1.0,1.0,4.0,2162118,1.0,1,4,2,4.0,,-1.0,0,1992.0,C01,138Â 289Â 992,1.0,0.0,-1.0,1650835,1.0,7,,0.0,2.0,3.0,C01,138Â 289Â 992,1.0
967300,201900008831,8,8,10:00,1,2,3,1.0,3.0,42095,RASPAIL (RUE),M,"45,3906000","4,2898000",42,2019,50.0,1.0,1.0,4.0,2162119,1.0,1,4,1,5.0,,-1.0, -1,1960.0,A01,138Â 289Â 988,1.0,0.0,-1.0,1650836,1.0,7,,0.0,2.0,1.0,A01,138Â 289Â 988,1.0
967300,201900008831,8,8,10:00,1,2,3,1.0,3.0,42095,RASPAIL (RUE),M,"45,3906000","4,2898000",42,2019,50.0,1.0,1.0,4.0,2162119,1.0,1,4,1,5.0,,-1.0, -1,1960.0,A01,138Â 289Â 988,1.0,0.0,-1.0,1650837,1.0,7,,0.0,2.0,5.0,B01,138Â 289Â 989,1.0
967300,201900008831,8,8,10:00,1,2,3,1.0,3.0,42095,RASPAIL (RUE),M,"45,3906000","4,2898000",42,2019,50.0,1.0,1.0,4.0,2162120,1.0,1,4,1,1.0,,-1.0, -1,1996.0,B01,138Â 289Â 989,1.0,0.0,-1.0,1650836,1.0,7,,0.0,2.0,1.0,A01,138Â 289Â 988,1.0
967300,201900008831,8,8,10:00,1,2,3,1.0,3.0,42095,RASPAIL (RUE),M,"45,3906000","4,2898000",42,2019,50.0,1.0,1.0,4.0,2162120,1.0,1,4,1,1.0,,-1.0, -1,1996.0,B01,138Â 289Â 989,1.0,0.0,-1.0,1650837,1.0,7,,0.0,2.0,5.0,B01,138Â 289Â 989,1.0
967301,201900008832,8,10,23:05,5,2,4,1.0,3.0,37261,STENDHAL (AVENUE),M,"47,3687200","0,7172100",37,2019,50.0,1.0,1.0,4.0,2162121,1.0,1,4,2,9.0,,-1.0,0,1988.0,B01,138Â 289Â 984,1.0,0.0,-1.0,1650838,3.0,7,,0.0,2.0,2.0,A01,138Â 289Â 983,1.0
967301,201900008832,8,10,23:05,5,2,4,1.0,3.0,37261,STENDHAL (AVENUE),M,"47,3687200","0,7172100",37,2019,50.0,1.0,1.0,4.0,2162121,1.0,1,4,2,9.0,,-1.0,0,1988.0,B01,138Â 289Â 984,1.0,0.0,-1.0,1650839,3.0,7,,0.0,2.0,1.0,B01,138Â 289Â 984,1.0
967301,201900008832,8,10,23:05,5,2,4,1.0,3.0,37261,STENDHAL (AVENUE),M,"47,3687200","0,7172100",37,2019,50.0,1.0,1.0,4.0,2162122,2.0,2,4,2,9.0,,-1.0,0,1986.0,B01,138Â 289Â 984,1.0,0.0,-1.0,1650838,3.0,7,,0.0,2.0,2.0,A01,138Â 289Â 983,1.0
967301,201900008832,8,10,23:05,5,2,4,1.0,3.0,37261,STENDHAL (AVENUE),M,"47,3687200","0,7172100",37,2019,50.0,1.0,1.0,4.0,2162122,2.0,2,4,2,9.0,,-1.0,0,1986.0,B01,138Â 289Â 984,1.0,0.0,-1.0,1650839,3.0,7,,0.0,2.0,1.0,B01,138Â 289Â 984,1.0
967302,201900008833,8,10,18:45,1,2,2,1.0,3.0,37208,DE GAULLE (AV. DU GAL),M,"47,3567300","0,7317500",37,2019,50.0,1.0,1.0,4.0,2162123,2.0,2,4,2,5.0,,-1.0,0,1996.0,A01,138Â 289Â 981,1.0,8.0,-1.0,1650840,2.0,7,,0.0,2.0,7.0,A01,138Â 289Â 981,1.0
967302,201900008833,8,10,18:45,1,2,2,1.0,3.0,37208,DE GAULLE (AV. DU GAL),M,"47,3567300","0,7317500",37,2019,50.0,1.0,1.0,4.0,2162123,2.0,2,4,2,5.0,,-1.0,0,1996.0,A01,138Â 289Â 981,1.0,8.0,-1.0,1650841,1.0,7,,0.0,2.0,2.0,B01,138Â 289Â 982,1.0
967302,201900008833,8,10,18:45,1,2,2,1.0,3.0,37208,DE GAULLE (AV. DU GAL),M,"47,3567300","0,7317500",37,2019,50.0,1.0,1.0,4.0,2162124,1.0,1,1,1,5.0,,-1.0,0,1995.0,A01,138Â 289Â 981,1.0,8.0,-1.0,1650840,2.0,7,,0.0,2.0,7.0,A01,138Â 289Â 981,1.0
967302,201900008833,8,10,18:45,1,2,2,1.0,3.0,37208,DE GAULLE (AV. DU GAL),M,"47,3567300","0,7317500",37,2019,50.0,1.0,1.0,4.0,2162124,1.0,1,1,1,5.0,,-1.0,0,1995.0,A01,138Â 289Â 981,1.0,8.0,-1.0,1650841,1.0,7,,0.0,2.0,2.0,B01,138Â 289Â 982,1.0
967302,201900008833,8,10,18:45,1,2,2,1.0,3.0,37208,DE GAULLE (AV. DU GAL),M,"47,3567300","0,7317500",37,2019,50.0,1.0,1.0,4.0,2162125,1.0,1,1,2,5.0,,-1.0,0,1996.0,B01,138Â 289Â 982,1.0,8.0,-1.0,1650840,2.0,7,,0.0,2.0,7.0,A01,138Â 289Â 981,1.0
967302,201900008833,8,10,18:45,1,2,2,1.0,3.0,37208,DE GAULLE (AV. DU GAL),M,"47,3567300","0,7317500",37,2019,50.0,1.0,1.0,4.0,2162125,1.0,1,1,2,5.0,,-1.0,0,1996.0,B01,138Â 289Â 982,1.0,8.0,-1.0,1650841,1.0,7,,0.0,2.0,2.0,B01,138Â 289Â 982,1.0
967303,201900008834,8,10,05:10,2,2,1,1.0,6.0,37261,BELLINI (RUE),M,"47,3669100","0,7098600",37,2019,50.0,2.0,1.0,4.0,2162126,2.0,2,4,1,5.0,,-1.0,0,1998.0,A01,138Â 289Â 980,1.0,8.0,-1.0,1650842,2.0,7,,12.0,0.0,1.0,A01,138Â 289Â 980,1.0
967304,201900008835,8,9,11:50,1,2,1,1.0,2.0,37261,CHURCHILL (BOULEVARD WINSTON),M,"47,3734000","0,6870500",37,2019,50.0,2.0,1.0,4.0,2162127,1.0,1,1,1,3.0,,-1.0,0,1988.0,B01,138Â 289Â 978,1.0,0.0,-1.0,1650843,2.0,7,,0.0,2.0,4.0,B01,138Â 289Â 978,1.0
967304,201900008835,8,9,11:50,1,2,1,1.0,2.0,37261,CHURCHILL (BOULEVARD WINSTON),M,"47,3734000","0,6870500",37,2019,50.0,2.0,1.0,4.0,2162127,1.0,1,1,1,3.0,,-1.0,0,1988.0,B01,138Â 289Â 978,1.0,0.0,-1.0,1650844,2.0,7,,0.0,2.0,1.0,A01,138Â 289Â 979,1.0
967304,201900008835,8,9,11:50,1,2,1,1.0,2.0,37261,CHURCHILL (BOULEVARD WINSTON),M,"47,3734000","0,6870500",37,2019,50.0,2.0,1.0,4.0,2162128,1.0,1,4,1,3.0,,-1.0,0,1955.0,A01,138Â 289Â 979,1.0,8.0,-1.0,1650843,2.0,7,,0.0,2.0,4.0,B01,138Â 289Â 978,1.0
967304,201900008835,8,9,11:50,1,2,1,1.0,2.0,37261,CHURCHILL (BOULEVARD WINSTON),M,"47,3734000","0,6870500",37,2019,50.0,2.0,1.0,4.0,2162128,1.0,1,4,1,3.0,,-1.0,0,1955.0,A01,138Â 289Â 979,1.0,8.0,-1.0,1650844,2.0,7,,0.0,2.0,1.0,A01,138Â 289Â 979,1.0
967304,201900008835,8,9,11:50,1,2,1,1.0,2.0,37261,CHURCHILL (BOULEVARD WINSTON),M,"47,3734000","0,6870500",37,2019,50.0,2.0,1.0,4.0,2162129,2.0,2,1,2,3.0,,-1.0,0,1951.0,A01,138Â 289Â 979,1.0,0.0,-1.0,1650843,2.0,7,,0.0,2.0,4.0,B01,138Â 289Â 978,1.0
967304,201900008835,8,9,11:50,1,2,1,1.0,2.0,37261,CHURCHILL (BOULEVARD WINSTON),M,"47,3734000","0,6870500",37,2019,50.0,2.0,1.0,4.0,2162129,2.0,2,1,2,3.0,,-1.0,0,1951.0,A01,138Â 289Â 979,1.0,0.0,-1.0,1650844,2.0,7,,0.0,2.0,1.0,A01,138Â 289Â 979,1.0
967305,201900008836,8,8,23:20,5,2,2,1.0,3.0,37214,BERGSON (RUE HENRI),M,"47,4130100","0,6672100",37,2019,50.0,1.0,1.0,4.0,2162130,1.0,1,4,2,5.0,,-1.0,0,1976.0,B01,138Â 289Â 976,1.0,0.0,-1.0,1650845,2.0,7,,0.0,2.0,2.0,B01,138Â 289Â 976,1.0
967305,201900008836,8,8,23:20,5,2,2,1.0,3.0,37214,BERGSON (RUE HENRI),M,"47,4130100","0,6672100",37,2019,50.0,1.0,1.0,4.0,2162130,1.0,1,4,2,5.0,,-1.0,0,1976.0,B01,138Â 289Â 976,1.0,0.0,-1.0,1650846,2.0,7,,6.0,2.0,1.0,A01,138Â 289Â 977,1.0
967305,201900008836,8,8,23:20,5,2,2,1.0,3.0,37214,BERGSON (RUE HENRI),M,"47,4130100","0,6672100",37,2019,50.0,1.0,1.0,4.0,2162131,4.0,2,4,2,5.0,,-1.0,0,2007.0,B01,138Â 289Â 976,1.0,0.0,-1.0,1650845,2.0,7,,0.0,2.0,2.0,B01,138Â 289Â 976,1.0
967305,201900008836,8,8,23:20,5,2,2,1.0,3.0,37214,BERGSON (RUE HENRI),M,"47,4130100","0,6672100",37,2019,50.0,1.0,1.0,4.0,2162131,4.0,2,4,2,5.0,,-1.0,0,2007.0,B01,138Â 289Â 976,1.0,0.0,-1.0,1650846,2.0,7,,6.0,2.0,1.0,A01,138Â 289Â 977,1.0
967305,201900008836,8,8,23:20,5,2,2,1.0,3.0,37214,BERGSON (RUE HENRI),M,"47,4130100","0,6672100",37,2019,50.0,1.0,1.0,4.0,2162132,3.0,2,1,2,5.0,,-1.0,0,2003.0,B01,138Â 289Â 976,1.0,0.0,-1.0,1650845,2.0,7,,0.0,2.0,2.0,B01,138Â 289Â 976,1.0
967305,201900008836,8,8,23:20,5,2,2,1.0,3.0,37214,BERGSON (RUE HENRI),M,"47,4130100","0,6672100",37,2019,50.0,1.0,1.0,4.0,2162132,3.0,2,1,2,5.0,,-1.0,0,2003.0,B01,138Â 289Â 976,1.0,0.0,-1.0,1650846,2.0,7,,6.0,2.0,1.0,A01,138Â 289Â 977,1.0
967305,201900008836,8,8,23:20,5,2,2,1.0,3.0,37214,BERGSON (RUE HENRI),M,"47,4130100","0,6672100",37,2019,50.0,1.0,1.0,4.0,2162133,1.0,1,4,1,5.0,,-1.0,0,1983.0,A01,138Â 289Â 977,1.0,0.0,-1.0,1650845,2.0,7,,0.0,2.0,2.0,B01,138Â 289Â 976,1.0
967305,201900008836,8,8,23:20,5,2,2,1.0,3.0,37214,BERGSON (RUE HENRI),M,"47,4130100","0,6672100",37,2019,50.0,1.0,1.0,4.0,2162133,1.0,1,4,1,5.0,,-1.0,0,1983.0,A01,138Â 289Â 977,1.0,0.0,-1.0,1650846,2.0,7,,6.0,2.0,1.0,A01,138Â 289Â 977,1.0
967306,201900008837,8,7,20:45,1,2,2,1.0,6.0,37261,MALRAUX (QUAI ANDRE),M,"47,3975100","0,6996200",37,2019,50.0,1.0,1.0,4.0,2162134,1.0,1,1,2,5.0,,-1.0,0,1967.0,A01,138Â 289Â 975,1.0,8.0,-1.0,1650847,1.0,7,,0.0,1.0,3.0,A01,138Â 289Â 975,1.0
967306,201900008837,8,7,20:45,1,2,2,1.0,6.0,37261,MALRAUX (QUAI ANDRE),M,"47,3975100","0,6996200",37,2019,50.0,1.0,1.0,4.0,2162135,10.0,3,4,2,5.0,,4.0,3,1984.0,A01,138Â 289Â 975,8.0,0.0,-1.0,1650847,1.0,7,,0.0,1.0,3.0,A01,138Â 289Â 975,1.0
967307,201900008838,8,9,08:00,2,1,1,3.0,7.0,35055,173 RD,M,"48,0825400"," -1,6400300",35,2019,50.0,1.0,2.0,3.0,2162136,1.0,1,4,2,1.0,,-1.0,0,1976.0,A01,138Â 289Â 974,1.0,0.0,-1.0,1650848,2.0,7,,0.0,0.0,0.0,A01,138Â 289Â 974,1.0
967308,201900008839,8,7,19:40,1,2,1,1.0,6.0,35238,CANADA (AVENUE DU),M,"48,0849100"," -1,6830900",35,2019,50.0,1.0,1.0,4.0,2162137,10.0,3,4,1,4.0,,9.0,2,1980.0,A01,138Â 289Â 973,8.0,8.0,-1.0,1650849,3.0,10,,0.0,1.0,1.0,A01,138Â 289Â 973,1.0
967308,201900008839,8,7,19:40,1,2,1,1.0,6.0,35238,CANADA (AVENUE DU),M,"48,0849100"," -1,6830900",35,2019,50.0,1.0,1.0,4.0,2162138,1.0,1,1,1,4.0,,0.0,0,1977.0,A01,138Â 289Â 973,1.0,8.0,-1.0,1650849,3.0,10,,0.0,1.0,1.0,A01,138Â 289Â 973,1.0
967309,201900008840,8,9,01:15,5,2,9,1.0,3.0,34172,DUBOUT (AVENUE ALBERT),M,"43,5969618","3,8805347",34,2019,50.0,1.0,1.0,4.0,2162139,1.0,1,3,1,0.0,,0.0,0,2002.0,A01,138Â 289Â 971,2.0,0.0,-1.0,1650850,1.0,30,,0.0,2.0,3.0,A01,138Â 289Â 971,1.0
967309,201900008840,8,9,01:15,5,2,9,1.0,3.0,34172,DUBOUT (AVENUE ALBERT),M,"43,5969618","3,8805347",34,2019,50.0,1.0,1.0,4.0,2162139,1.0,1,3,1,0.0,,0.0,0,2002.0,A01,138Â 289Â 971,2.0,0.0,-1.0,1650851,1.0,7,,0.0,2.0,3.0,B01,138Â 289Â 972,1.0
967309,201900008840,8,9,01:15,5,2,9,1.0,3.0,34172,DUBOUT (AVENUE ALBERT),M,"43,5969618","3,8805347",34,2019,50.0,1.0,1.0,4.0,2162140,2.0,2,3,1,0.0,,0.0,0,2002.0,A01,138Â 289Â 971,2.0,0.0,-1.0,1650850,1.0,30,,0.0,2.0,3.0,A01,138Â 289Â 971,1.0
967309,201900008840,8,9,01:15,5,2,9,1.0,3.0,34172,DUBOUT (AVENUE ALBERT),M,"43,5969618","3,8805347",34,2019,50.0,1.0,1.0,4.0,2162140,2.0,2,3,1,0.0,,0.0,0,2002.0,A01,138Â 289Â 971,2.0,0.0,-1.0,1650851,1.0,7,,0.0,2.0,3.0,B01,138Â 289Â 972,1.0
967309,201900008840,8,9,01:15,5,2,9,1.0,3.0,34172,DUBOUT (AVENUE ALBERT),M,"43,5969618","3,8805347",34,2019,50.0,1.0,1.0,4.0,2162141,1.0,1,1,2,0.0,,0.0,0,1996.0,B01,138Â 289Â 972,1.0,8.0,-1.0,1650850,1.0,30,,0.0,2.0,3.0,A01,138Â 289Â 971,1.0
967309,201900008840,8,9,01:15,5,2,9,1.0,3.0,34172,DUBOUT (AVENUE ALBERT),M,"43,5969618","3,8805347",34,2019,50.0,1.0,1.0,4.0,2162141,1.0,1,1,2,0.0,,0.0,0,1996.0,B01,138Â 289Â 972,1.0,8.0,-1.0,1650851,1.0,7,,0.0,2.0,3.0,B01,138Â 289Â 972,1.0
967310,201900008841,8,7,16:00,1,2,1,1.0,6.0,34172,PALAVAS (AVENUE DE),M,"43,5900100","3,8902200",34,2019,50.0,1.0,1.0,4.0,2162142,10.0,3,4,1,0.0,,2.0,3,1991.0,A01,138Â 289Â 970,8.0,0.0,-1.0,1650852,3.0,7,,0.0,1.0,1.0,A01,138Â 289Â 970,1.0
967310,201900008841,8,7,16:00,1,2,1,1.0,6.0,34172,PALAVAS (AVENUE DE),M,"43,5900100","3,8902200",34,2019,50.0,1.0,1.0,4.0,2162143,1.0,1,4,1,5.0,,0.0,0,1988.0,A01,138Â 289Â 970,1.0,8.0,-1.0,1650852,3.0,7,,0.0,1.0,1.0,A01,138Â 289Â 970,1.0
967311,201900008842,8,7,15:18,1,2,1,1.0,6.0,33096,AVE DES GRIFFONS,M,"44,8873800"," -0,5172300",33,2019,30.0,1.0,1.0,4.0,2162144,10.0,3,4,1,0.0,,4.0,9,2004.0,Z01,138Â 289Â 969,8.0,0.0,-1.0,1650853,0.0,7,,0.0,1.0,0.0,Z01,138Â 289Â 969,0.0
967312,201900008843,8,7,17:45,1,2,1,1.0,3.0,33550,RTE DE TOULOUSE,M,"44,7822300"," -0,5659600",33,2019,50.0,1.0,1.0,4.0,2162145,1.0,1,4,1,0.0,,-1.0, -1,2003.0,B01,138Â 289Â 967,8.0,0.0,-1.0,1650854,2.0,1,,0.0,2.0,1.0,B01,138Â 289Â 967,5.0
967312,201900008843,8,7,17:45,1,2,1,1.0,3.0,33550,RTE DE TOULOUSE,M,"44,7822300"," -0,5659600",33,2019,50.0,1.0,1.0,4.0,2162145,1.0,1,4,1,0.0,,-1.0, -1,2003.0,B01,138Â 289Â 967,8.0,0.0,-1.0,1650855,2.0,7,,0.0,2.0,3.0,A01,138Â 289Â 968,1.0
967312,201900008843,8,7,17:45,1,2,1,1.0,3.0,33550,RTE DE TOULOUSE,M,"44,7822300"," -0,5659600",33,2019,50.0,1.0,1.0,4.0,2162146,1.0,1,1,1,4.0,,-1.0, -1,1987.0,A01,138Â 289Â 968,1.0,0.0,-1.0,1650854,2.0,1,,0.0,2.0,1.0,B01,138Â 289Â 967,5.0
967312,201900008843,8,7,17:45,1,2,1,1.0,3.0,33550,RTE DE TOULOUSE,M,"44,7822300"," -0,5659600",33,2019,50.0,1.0,1.0,4.0,2162146,1.0,1,1,1,4.0,,-1.0, -1,1987.0,A01,138Â 289Â 968,1.0,0.0,-1.0,1650855,2.0,7,,0.0,2.0,3.0,A01,138Â 289Â 968,1.0
967313,201900008844,8,7,13:45,1,2,3,1.0,3.0,33063,R. ElisÃ©e Reclus / R. Dufau,M,"44,8372690"," -0,5806040",33,2019,50.0,1.0,1.0,4.0,2162147,1.0,1,1,1,0.0,,-1.0, -1,1958.0,A01,138Â 289Â 965,8.0,0.0,-1.0,1650856,2.0,7,,0.0,2.0,5.0,A01,138Â 289Â 965,3.0
967313,201900008844,8,7,13:45,1,2,3,1.0,3.0,33063,R. ElisÃ©e Reclus / R. Dufau,M,"44,8372690"," -0,5806040",33,2019,50.0,1.0,1.0,4.0,2162147,1.0,1,1,1,0.0,,-1.0, -1,1958.0,A01,138Â 289Â 965,8.0,0.0,-1.0,1650857,2.0,1,,0.0,2.0,1.0,B01,138Â 289Â 966,5.0
967313,201900008844,8,7,13:45,1,2,3,1.0,3.0,33063,R. ElisÃ©e Reclus / R. Dufau,M,"44,8372690"," -0,5806040",33,2019,50.0,1.0,1.0,4.0,2162148,2.0,2,1,2,0.0,,-1.0, -1,1961.0,A01,138Â 289Â 965,8.0,0.0,-1.0,1650856,2.0,7,,0.0,2.0,5.0,A01,138Â 289Â 965,3.0
967313,201900008844,8,7,13:45,1,2,3,1.0,3.0,33063,R. ElisÃ©e Reclus / R. Dufau,M,"44,8372690"," -0,5806040",33,2019,50.0,1.0,1.0,4.0,2162148,2.0,2,1,2,0.0,,-1.0, -1,1961.0,A01,138Â 289Â 965,8.0,0.0,-1.0,1650857,2.0,1,,0.0,2.0,1.0,B01,138Â 289Â 966,5.0
967313,201900008844,8,7,13:45,1,2,3,1.0,3.0,33063,R. ElisÃ©e Reclus / R. Dufau,M,"44,8372690"," -0,5806040",33,2019,50.0,1.0,1.0,4.0,2162149,1.0,1,3,2,0.0,,-1.0, -1,1999.0,B01,138Â 289Â 966,8.0,0.0,-1.0,1650856,2.0,7,,0.0,2.0,5.0,A01,138Â 289Â 965,3.0
967313,201900008844,8,7,13:45,1,2,3,1.0,3.0,33063,R. ElisÃ©e Reclus / R. Dufau,M,"44,8372690"," -0,5806040",33,2019,50.0,1.0,1.0,4.0,2162149,1.0,1,3,2,0.0,,-1.0, -1,1999.0,B01,138Â 289Â 966,8.0,0.0,-1.0,1650857,2.0,1,,0.0,2.0,1.0,B01,138Â 289Â 966,5.0
967314,201900008845,8,7,08:30,1,2,3,1.0,3.0,33063,CRS MARECHAL GALLIENI,M,"44,8245500"," -0,5907700",33,2019,50.0,1.0,2.0,4.0,2162150,1.0,1,4,1,0.0,,-1.0, -1,1998.0,A01,138Â 289Â 963,8.0,0.0,-1.0,1650858,0.0,33,,0.0,2.0,7.0,A01,138Â 289Â 963,1.0
967314,201900008845,8,7,08:30,1,2,3,1.0,3.0,33063,CRS MARECHAL GALLIENI,M,"44,8245500"," -0,5907700",33,2019,50.0,1.0,2.0,4.0,2162150,1.0,1,4,1,0.0,,-1.0, -1,1998.0,A01,138Â 289Â 963,8.0,0.0,-1.0,1650859,0.0,7,,0.0,2.0,8.0,B01,138Â 289Â 964,1.0
967314,201900008845,8,7,08:30,1,2,3,1.0,3.0,33063,CRS MARECHAL GALLIENI,M,"44,8245500"," -0,5907700",33,2019,50.0,1.0,2.0,4.0,2162151,1.0,1,1,1,5.0,,-1.0, -1,1962.0,B01,138Â 289Â 964,1.0,0.0,-1.0,1650858,0.0,33,,0.0,2.0,7.0,A01,138Â 289Â 963,1.0
967314,201900008845,8,7,08:30,1,2,3,1.0,3.0,33063,CRS MARECHAL GALLIENI,M,"44,8245500"," -0,5907700",33,2019,50.0,1.0,2.0,4.0,2162151,1.0,1,1,1,5.0,,-1.0, -1,1962.0,B01,138Â 289Â 964,1.0,0.0,-1.0,1650859,0.0,7,,0.0,2.0,8.0,B01,138Â 289Â 964,1.0
967315,201900008846,8,9,11:35,1,2,6,1.0,3.0,33009,ROOSEVELT (PL. F.D.),M,"44,6601600"," -1,1682000",33,2019,50.0,1.0,1.0,4.0,2162152,1.0,1,4,2,5.0,,-1.0, -1,1951.0,A01,138Â 289Â 961,8.0,0.0,-1.0,1650860,2.0,1,,0.0,2.0,4.0,A01,138Â 289Â 961,5.0
967315,201900008846,8,9,11:35,1,2,6,1.0,3.0,33009,ROOSEVELT (PL. F.D.),M,"44,6601600"," -1,1682000",33,2019,50.0,1.0,1.0,4.0,2162152,1.0,1,4,2,5.0,,-1.0, -1,1951.0,A01,138Â 289Â 961,8.0,0.0,-1.0,1650861,2.0,7,,0.0,2.0,5.0,B01,138Â 289Â 962,1.0
967315,201900008846,8,9,11:35,1,2,6,1.0,3.0,33009,ROOSEVELT (PL. F.D.),M,"44,6601600"," -1,1682000",33,2019,50.0,1.0,1.0,4.0,2162153,1.0,1,1,1,5.0,,-1.0, -1,1937.0,B01,138Â 289Â 962,1.0,0.0,-1.0,1650860,2.0,1,,0.0,2.0,4.0,A01,138Â 289Â 961,5.0
967315,201900008846,8,9,11:35,1,2,6,1.0,3.0,33009,ROOSEVELT (PL. F.D.),M,"44,6601600"," -1,1682000",33,2019,50.0,1.0,1.0,4.0,2162153,1.0,1,1,1,5.0,,-1.0, -1,1937.0,B01,138Â 289Â 962,1.0,0.0,-1.0,1650861,2.0,7,,0.0,2.0,5.0,B01,138Â 289Â 962,1.0
967316,201900008847,8,7,17:30,1,2,1,1.0,6.0,33529,ROUSSET (RUE OVIDE),M,"44,6426000"," -1,1466000",33,2019,30.0,1.0,1.0,4.0,2162154,1.0,1,1,2,0.0,,0.0,0,1947.0,A01,138Â 289Â 960,1.0,0.0,-1.0,1650862,2.0,7,,0.0,1.0,2.0,A01,138Â 289Â 960,1.0
967316,201900008847,8,7,17:30,1,2,1,1.0,6.0,33529,ROUSSET (RUE OVIDE),M,"44,6426000"," -1,1466000",33,2019,30.0,1.0,1.0,4.0,2162155,10.0,3,4,2,0.0,,1.0,1,2016.0,A01,138Â 289Â 960,8.0,0.0,-1.0,1650862,2.0,7,,0.0,1.0,2.0,A01,138Â 289Â 960,1.0
967317,201900008848,8,8,19:30,1,2,1,1.0,3.0,32013,VOLTAIRE,M,"43,6460500","0,5941600",32,2019,50.0,1.0,1.0,4.0,2162156,1.0,1,1,1,0.0,,-1.0, -1,1975.0,B01,138Â 289Â 958,1.0,0.0,-1.0,1650863,1.0,7,,0.0,2.0,2.0,B01,138Â 289Â 958,1.0
967317,201900008848,8,8,19:30,1,2,1,1.0,3.0,32013,VOLTAIRE,M,"43,6460500","0,5941600",32,2019,50.0,1.0,1.0,4.0,2162156,1.0,1,1,1,0.0,,-1.0, -1,1975.0,B01,138Â 289Â 958,1.0,0.0,-1.0,1650864,1.0,7,,0.0,2.0,8.0,A01,138Â 289Â 959,1.0