Unnamed: 0_x,num_acc,mois,jour,hrmn,lum,agg,int,atm,col,com,adr,gps,lat,long,dep,annee,vma,situ,surf,catr,Unnamed: 0_y,place,catu,grav,sexe,trajet,secu,locp,actp,an_nais,num_veh_x,id_vehicule_x,secu1,secu2,secu3,Unnamed: 0,senc,catv,occutc,obs,obsm,choc,num_veh_y,id_vehicule_y,motor
967317,201900008848,8,8,19:30,1,2,1,1.0,3.0,32013,VOLTAIRE,M,"43,6460500","0,5941600",32,2019,50.0,1.0,1.0,4.0,2162157,1.0,1,4,1,0.0,,-1.0, -1,1975.0,A01,138Â 289Â 959,1.0,8.0,-1.0,1650863,1.0,7,,0.0,2.0,2.0,B01,138Â 289Â 958,1.0
967317,201900008848,8,8,19:30,1,2,1,1.0,3.0,32013,VOLTAIRE,M,"43,6460500","0,5941600",32,2019,50.0,1.0,1.0,4.0,2162157,1.0,1,4,1,0.0,,-1.0, -1,1975.0,A01,138Â 289Â 959,1.0,8.0,-1.0,1650864,1.0,7,,0.0,2.0,8.0,A01,138Â 289Â 959,1.0
967318,201900008849,8,8,15:52,1,2,1,1.0,3.0,31555,RTE DE SEYSSES,M,"43,5748700","1,4202900",31,2019,50.0,1.0,1.0,3.0,2162158,1.0,1,1,1,5.0,,-1.0,0,1993.0,A01,138Â 289Â 956,1.0,8.0,-1.0,1650865,1.0,7,,0.0,2.0,8.0,A01,138Â 289Â 956,1.0
967318,201900008849,8,8,15:52,1,2,1,1.0,3.0,31555,RTE DE SEYSSES,M,"43,5748700","1,4202900",31,2019,50.0,1.0,1.0,3.0,2162158,1.0,1,1,1,5.0,,-1.0,0,1993.0,A01,138Â 289Â 956,1.0,8.0,-1.0,1650866,0.0,2,,0.0,2.0,7.0,B01,138Â 289Â 957,1.0
967318,201900008849,8,8,15:52,1,2,1,1.0,3.0,31555,RTE DE SEYSSES,M,"43,5748700","1,4202900",31,2019,50.0,1.0,1.0,3.0,2162159,1.0,1,4,1,9.0,,-1.0,0,1970.0,B01,138Â 289Â 957,2.0,8.0,-1.0,1650865,1.0,7,,0.0,2.0,8.0,A01,138Â 289Â 956,1.0
967318,201900008849,8,8,15:52,1,2,1,1.0,3.0,31555,RTE DE SEYSSES,M,"43,5748700","1,4202900",31,2019,50.0,1.0,1.0,3.0,2162159,1.0,1,4,1,9.0,,-1.0,0,1970.0,B01,138Â 289Â 957,2.0,8.0,-1.0,1650866,0.0,2,,0.0,2.0,7.0,B01,138Â 289Â 957,1.0
967319,201900008850,8,7,10:10,1,1,9,1.0,3.0,31555,RTE D AGDE,M,"43,6276500","1,4794900",31,2019,50.0,1.0,1.0,1.0,2162160,2.0,2,1,2,5.0,,-1.0,0,1980.0,A01,138Â 289Â 954,1.0,0.0,-1.0,1650867,0.0,7,,0.0,2.0,2.0,A01,138Â 289Â 954,1.0
967319,201900008850,8,7,10:10,1,1,9,1.0,3.0,31555,RTE D AGDE,M,"43,6276500","1,4794900",31,2019,50.0,1.0,1.0,1.0,2162160,2.0,2,1,2,5.0,,-1.0,0,1980.0,A01,138Â 289Â 954,1.0,0.0,-1.0,1650868,0.0,7,,0.0,2.0,9.0,B01,138Â 289Â 955,1.0
967319,201900008850,8,7,10:10,1,1,9,1.0,3.0,31555,RTE D AGDE,M,"43,6276500","1,4794900",31,2019,50.0,1.0,1.0,1.0,2162161,1.0,1,1,1,5.0,,-1.0,0,1999.0,A01,138Â 289Â 954,1.0,0.0,-1.0,1650867,0.0,7,,0.0,2.0,2.0,A01,138Â 289Â 954,1.0
967319,201900008850,8,7,10:10,1,1,9,1.0,3.0,31555,RTE D AGDE,M,"43,6276500","1,4794900",31,2019,50.0,1.0,1.0,1.0,2162161,1.0,1,1,1,5.0,,-1.0,0,1999.0,A01,138Â 289Â 954,1.0,0.0,-1.0,1650868,0.0,7,,0.0,2.0,9.0,B01,138Â 289Â 955,1.0
967319,201900008850,8,7,10:10,1,1,9,1.0,3.0,31555,RTE D AGDE,M,"43,6276500","1,4794900",31,2019,50.0,1.0,1.0,1.0,2162162,1.0,1,4,1,5.0,,-1.0,0,1937.0,B01,138Â 289Â 955,1.0,0.0,-1.0,1650867,0.0,7,,0.0,2.0,2.0,A01,138Â 289Â 954,1.0
967319,201900008850,8,7,10:10,1,1,9,1.0,3.0,31555,RTE D AGDE,M,"43,6276500","1,4794900",31,2019,50.0,1.0,1.0,1.0,2162162,1.0,1,4,1,5.0,,-1.0,0,1937.0,B01,138Â 289Â 955,1.0,0.0,-1.0,1650868,0.0,7,,0.0,2.0,9.0,B01,138Â 289Â 955,1.0
967319,201900008850,8,7,10:10,1,1,9,1.0,3.0,31555,RTE D AGDE,M,"43,6276500","1,4794900",31,2019,50.0,1.0,1.0,1.0,2162163,3.0,2,4,2,5.0,,-1.0,0,1953.0,B01,138Â 289Â 955,1.0,0.0,-1.0,1650867,0.0,7,,0.0,2.0,2.0,A01,138Â 289Â 954,1.0
967319,201900008850,8,7,10:10,1,1,9,1.0,3.0,31555,RTE D AGDE,M,"43,6276500","1,4794900",31,2019,50.0,1.0,1.0,1.0,2162163,3.0,2,4,2,5.0,,-1.0,0,1953.0,B01,138Â 289Â 955,1.0,0.0,-1.0,1650868,0.0,7,,0.0,2.0,9.0,B01,138Â 289Â 955,1.0
967319,201900008850,8,7,10:10,1,1,9,1.0,3.0,31555,RTE D AGDE,M,"43,6276500","1,4794900",31,2019,50.0,1.0,1.0,1.0,2162164,2.0,2,4,1,5.0,,-1.0,0,1956.0,B01,138Â 289Â 955,1.0,0.0,-1.0,1650867,0.0,7,,0.0,2.0,2.0,A01,138Â 289Â 954,1.0
967319,201900008850,8,7,10:10,1,1,9,1.0,3.0,31555,RTE D AGDE,M,"43,6276500","1,4794900",31,2019,50.0,1.0,1.0,1.0,2162164,2.0,2,4,1,5.0,,-1.0,0,1956.0,B01,138Â 289Â 955,1.0,0.0,-1.0,1650868,0.0,7,,0.0,2.0,9.0,B01,138Â 289Â 955,1.0
967320,201900008851,8,6,13:00,1,2,2,1.0,3.0,31555,RUE DE PERIOLE,M,"43,6184530","1,4624170",31,2019,50.0,1.0,1.0,4.0,2162165,1.0,1,4,1,5.0,,-1.0,0,1943.0,A01,138Â 289Â 952,1.0,6.0,-1.0,1650869,0.0,7,,0.0,2.0,7.0,A01,138Â 289Â 952,1.0
967320,201900008851,8,6,13:00,1,2,2,1.0,3.0,31555,RUE DE PERIOLE,M,"43,6184530","1,4624170",31,2019,50.0,1.0,1.0,4.0,2162165,1.0,1,4,1,5.0,,-1.0,0,1943.0,A01,138Â 289Â 952,1.0,6.0,-1.0,1650870,0.0,7,,0.0,2.0,0.0,B01,138Â 289Â 953,1.0
967320,201900008851,8,6,13:00,1,2,2,1.0,3.0,31555,RUE DE PERIOLE,M,"43,6184530","1,4624170",31,2019,50.0,1.0,1.0,4.0,2162166,1.0,1,1,1,9.0,,-1.0,0,1984.0,B01,138Â 289Â 953,1.0,8.0,-1.0,1650869,0.0,7,,0.0,2.0,7.0,A01,138Â 289Â 952,1.0
967320,201900008851,8,6,13:00,1,2,2,1.0,3.0,31555,RUE DE PERIOLE,M,"43,6184530","1,4624170",31,2019,50.0,1.0,1.0,4.0,2162166,1.0,1,1,1,9.0,,-1.0,0,1984.0,B01,138Â 289Â 953,1.0,8.0,-1.0,1650870,0.0,7,,0.0,2.0,0.0,B01,138Â 289Â 953,1.0
967321,201900008852,8,10,17:51,1,2,4,1.0,1.0,30189,FONTAMPLE (CHEMIN),M,"43,8220100","4,3261200",30,2019,50.0,1.0,1.0,4.0,2162167,1.0,1,1,1,0.0,,-1.0, -1,1972.0,B01,138Â 289Â 950,1.0,0.0,-1.0,1650871,0.0,7,,0.0,2.0,1.0,B01,138Â 289Â 950,0.0
967321,201900008852,8,10,17:51,1,2,4,1.0,1.0,30189,FONTAMPLE (CHEMIN),M,"43,8220100","4,3261200",30,2019,50.0,1.0,1.0,4.0,2162167,1.0,1,1,1,0.0,,-1.0, -1,1972.0,B01,138Â 289Â 950,1.0,0.0,-1.0,1650872,0.0,33,,0.0,2.0,1.0,A01,138Â 289Â 951,0.0
967321,201900008852,8,10,17:51,1,2,4,1.0,1.0,30189,FONTAMPLE (CHEMIN),M,"43,8220100","4,3261200",30,2019,50.0,1.0,1.0,4.0,2162168,1.0,1,3,1,0.0,,-1.0, -1,1992.0,A01,138Â 289Â 951,8.0,0.0,-1.0,1650871,0.0,7,,0.0,2.0,1.0,B01,138Â 289Â 950,0.0
967321,201900008852,8,10,17:51,1,2,4,1.0,1.0,30189,FONTAMPLE (CHEMIN),M,"43,8220100","4,3261200",30,2019,50.0,1.0,1.0,4.0,2162168,1.0,1,3,1,0.0,,-1.0, -1,1992.0,A01,138Â 289Â 951,8.0,0.0,-1.0,1650872,0.0,33,,0.0,2.0,1.0,A01,138Â 289Â 951,0.0
967322,201900008853,8,10,06:15,2,2,1,1.0,3.0,30189,KENNEDY (AVENUE),M,"43,8197000","4,3205000",30,2019,50.0,1.0,1.0,4.0,2162169,1.0,1,4,1,4.0,,-1.0,0,1986.0,B01,138Â 289Â 948,1.0,0.0,-1.0,1650873,1.0,14,,0.0,2.0,8.0,B01,138Â 289Â 948,1.0
967322,201900008853,8,10,06:15,2,2,1,1.0,3.0,30189,KENNEDY (AVENUE),M,"43,8197000","4,3205000",30,2019,50.0,1.0,1.0,4.0,2162169,1.0,1,4,1,4.0,,-1.0,0,1986.0,B01,138Â 289Â 948,1.0,0.0,-1.0,1650874,3.0,7,,0.0,2.0,3.0,A01,138Â 289Â 949,1.0
967323,201900008854,8,9,10:40,1,2,2,1.0,3.0,30189,MAS DE CHEYLON,M,"43,8048500","4,3369600",30,2019,70.0,1.0,1.0,4.0,2162170,1.0,1,1,1,4.0,,-1.0, -1,1970.0,B01,138Â 289Â 946,1.0,0.0,-1.0,1650875,1.0,14,,0.0,2.0,3.0,B01,138Â 289Â 946,1.0
967323,201900008854,8,9,10:40,1,2,2,1.0,3.0,30189,MAS DE CHEYLON,M,"43,8048500","4,3369600",30,2019,70.0,1.0,1.0,4.0,2162170,1.0,1,1,1,4.0,,-1.0, -1,1970.0,B01,138Â 289Â 946,1.0,0.0,-1.0,1650876,1.0,7,,0.0,2.0,2.0,A01,138Â 289Â 947,1.0
967323,201900008854,8,9,10:40,1,2,2,1.0,3.0,30189,MAS DE CHEYLON,M,"43,8048500","4,3369600",30,2019,70.0,1.0,1.0,4.0,2162171,2.0,2,4,1,5.0,,-1.0, -1,2003.0,A01,138Â 289Â 947,1.0,0.0,-1.0,1650875,1.0,14,,0.0,2.0,3.0,B01,138Â 289Â 946,1.0
967323,201900008854,8,9,10:40,1,2,2,1.0,3.0,30189,MAS DE CHEYLON,M,"43,8048500","4,3369600",30,2019,70.0,1.0,1.0,4.0,2162171,2.0,2,4,1,5.0,,-1.0, -1,2003.0,A01,138Â 289Â 947,1.0,0.0,-1.0,1650876,1.0,7,,0.0,2.0,2.0,A01,138Â 289Â 947,1.0
967323,201900008854,8,9,10:40,1,2,2,1.0,3.0,30189,MAS DE CHEYLON,M,"43,8048500","4,3369600",30,2019,70.0,1.0,1.0,4.0,2162172,1.0,1,4,2,5.0,,-1.0, -1,1963.0,A01,138Â 289Â 947,1.0,0.0,-1.0,1650875,1.0,14,,0.0,2.0,3.0,B01,138Â 289Â 946,1.0
967323,201900008854,8,9,10:40,1,2,2,1.0,3.0,30189,MAS DE CHEYLON,M,"43,8048500","4,3369600",30,2019,70.0,1.0,1.0,4.0,2162172,1.0,1,4,2,5.0,,-1.0, -1,1963.0,A01,138Â 289Â 947,1.0,0.0,-1.0,1650876,1.0,7,,0.0,2.0,2.0,A01,138Â 289Â 947,1.0
967324,201900008855,8,9,21:05,5,1,1,1.0,6.0,30007,BAGNOLS (ROUTE DE),M,"44,1302100","4,1073600",30,2019,50.0,1.0,1.0,3.0,2162173,1.0,1,4,1,5.0,,-1.0, -1,1989.0,A01,138Â 289Â 945,1.0,5.0,-1.0,1650877,2.0,7,,13.0,0.0,9.0,A01,138Â 289Â 945,1.0
967325,201900008856,8,7,12:20,1,2,2,1.0,3.0,30007,TRESPEAUX (CHEMIN DE),M,"44,1170200","4,1070400",30,2019,50.0,1.0,2.0,4.0,2162174,1.0,1,4,2,1.0,,-1.0, -1,1972.0,B01,138Â 289Â 941,1.0,5.0,-1.0,1650878,3.0,7,,0.0,2.0,3.0,B01,138Â 289Â 941,1.0
967325,201900008856,8,7,12:20,1,2,2,1.0,3.0,30007,TRESPEAUX (CHEMIN DE),M,"44,1170200","4,1070400",30,2019,50.0,1.0,2.0,4.0,2162174,1.0,1,4,2,1.0,,-1.0, -1,1972.0,B01,138Â 289Â 941,1.0,5.0,-1.0,1650879,3.0,7,,0.0,2.0,7.0,A01,138Â 289Â 942,1.0
967325,201900008856,8,7,12:20,1,2,2,1.0,3.0,30007,TRESPEAUX (CHEMIN DE),M,"44,1170200","4,1070400",30,2019,50.0,1.0,2.0,4.0,2162175,1.0,1,1,1,1.0,,-1.0, -1,1970.0,A01,138Â 289Â 942,1.0,5.0,-1.0,1650878,3.0,7,,0.0,2.0,3.0,B01,138Â 289Â 941,1.0
967325,201900008856,8,7,12:20,1,2,2,1.0,3.0,30007,TRESPEAUX (CHEMIN DE),M,"44,1170200","4,1070400",30,2019,50.0,1.0,2.0,4.0,2162175,1.0,1,1,1,1.0,,-1.0, -1,1970.0,A01,138Â 289Â 942,1.0,5.0,-1.0,1650879,3.0,7,,0.0,2.0,7.0,A01,138Â 289Â 942,1.0
967326,201900008857,8,8,16:00,1,1,1,8.0,2.0,29232,BENODET ROUTE DE,M,"47,9709500"," -4,0863800",29,2019,70.0,1.0,2.0,3.0,2162176,1.0,1,4,1,5.0,,-1.0,0,1958.0,B01,138Â 289Â 937,8.0,0.0,-1.0,1650880,2.0,7,,0.0,2.0,4.0,B01,138Â 289Â 937,1.0
967326,201900008857,8,8,16:00,1,1,1,8.0,2.0,29232,BENODET ROUTE DE,M,"47,9709500"," -4,0863800",29,2019,70.0,1.0,2.0,3.0,2162176,1.0,1,4,1,5.0,,-1.0,0,1958.0,B01,138Â 289Â 937,8.0,0.0,-1.0,1650881,2.0,7,,0.0,2.0,1.0,A01,138Â 289Â 938,1.0
967326,201900008857,8,8,16:00,1,1,1,8.0,2.0,29232,BENODET ROUTE DE,M,"47,9709500"," -4,0863800",29,2019,70.0,1.0,2.0,3.0,2162177,1.0,1,1,1,1.0,,-1.0,0,1999.0,A01,138Â 289Â 938,8.0,0.0,-1.0,1650880,2.0,7,,0.0,2.0,4.0,B01,138Â 289Â 937,1.0
967326,201900008857,8,8,16:00,1,1,1,8.0,2.0,29232,BENODET ROUTE DE,M,"47,9709500"," -4,0863800",29,2019,70.0,1.0,2.0,3.0,2162177,1.0,1,1,1,1.0,,-1.0,0,1999.0,A01,138Â 289Â 938,8.0,0.0,-1.0,1650881,2.0,7,,0.0,2.0,1.0,A01,138Â 289Â 938,1.0
967327,201900008858,8,8,16:45,1,2,1,2.0,6.0,29232,DOUARNENEZ ROUTE DE,M,"47,9991785"," -4,1150855",29,2019,50.0,1.0,2.0,4.0,2162178,10.0,3,4,2,5.0,,3.0,3,2001.0,A01,138Â 289Â 936,8.0,0.0,-1.0,1650882,2.0,7,,0.0,1.0,1.0,A01,138Â 289Â 936,1.0
967327,201900008858,8,8,16:45,1,2,1,2.0,6.0,29232,DOUARNENEZ ROUTE DE,M,"47,9991785"," -4,1150855",29,2019,50.0,1.0,2.0,4.0,2162179,1.0,1,1,1,5.0,,-1.0,0,1974.0,A01,138Â 289Â 936,1.0,0.0,-1.0,1650882,2.0,7,,0.0,1.0,1.0,A01,138Â 289Â 936,1.0
967328,201900008859,8,7,10:00,1,2,3,1.0,7.0,29051,BALES FranÃ§ois Place,M,"47,9965566"," -4,0266392",29,2019,50.0,1.0,1.0,4.0,2162180,1.0,1,3,2,0.0,,0.0,0,1950.0,A01,138Â 289Â 935,8.0,5.0,-1.0,1650883,0.0,7,,2.0,0.0,1.0,A01,138Â 289Â 935,1.0
967329,201900008860,8,7,18:04,1,1,6,1.0,7.0,29232,MORBIHAN AVENUE DU,M,"47,9797209"," -4,0792234",29,2019,110.0,1.0,1.0,3.0,2162181,1.0,1,4,1,4.0,,-1.0,0,1995.0,A01,138Â 289Â 934,1.0,0.0,-1.0,1650884,2.0,7,,0.0,0.0,0.0,A01,138Â 289Â 934,1.0
967330,201900008861,8,6,15:38,1,1,1,1.0,7.0,29232,RN 165,M,"48,0304021"," -4,0853112",29,2019,110.0,1.0,1.0,2.0,2162182,1.0,1,3,1,0.0,,-1.0,0,1992.0,A01,138Â 289Â 933,1.0,8.0,-1.0,1650885,2.0,7,,16.0,0.0,0.0,A01,138Â 289Â 933,1.0
967330,201900008861,8,6,15:38,1,1,1,1.0,7.0,29232,RN 165,M,"48,0304021"," -4,0853112",29,2019,110.0,1.0,1.0,2.0,2162183,3.0,2,1,1,0.0,,0.0,0,2016.0,A01,138Â 289Â 933,1.0,3.0,-1.0,1650885,2.0,7,,16.0,0.0,0.0,A01,138Â 289Â 933,1.0
967331,201900008862,8,9,17:50,1,2,9,1.0,3.0,29039,LEGENDRE ( RUE DU PROFESSEUR),M,"47,8767000"," -3,9150300",29,2019,50.0,1.0,1.0,6.0,2162184,1.0,1,1,1,0.0,,-1.0,0,1977.0,A01,138Â 289Â 931,8.0,0.0,-1.0,1650886,1.0,7,,0.0,2.0,1.0,A01,138Â 289Â 931,1.0
967331,201900008862,8,9,17:50,1,2,9,1.0,3.0,29039,LEGENDRE ( RUE DU PROFESSEUR),M,"47,8767000"," -3,9150300",29,2019,50.0,1.0,1.0,6.0,2162184,1.0,1,1,1,0.0,,-1.0,0,1977.0,A01,138Â 289Â 931,8.0,0.0,-1.0,1650887,2.0,1,,0.0,2.0,0.0,B01,138Â 289Â 932,5.0
967331,201900008862,8,9,17:50,1,2,9,1.0,3.0,29039,LEGENDRE ( RUE DU PROFESSEUR),M,"47,8767000"," -3,9150300",29,2019,50.0,1.0,1.0,6.0,2162185,1.0,1,4,2,0.0,,0.0,0,1972.0,B01,138Â 289Â 932,8.0,0.0,-1.0,1650886,1.0,7,,0.0,2.0,1.0,A01,138Â 289Â 931,1.0
967331,201900008862,8,9,17:50,1,2,9,1.0,3.0,29039,LEGENDRE ( RUE DU PROFESSEUR),M,"47,8767000"," -3,9150300",29,2019,50.0,1.0,1.0,6.0,2162185,1.0,1,4,2,0.0,,0.0,0,1972.0,B01,138Â 289Â 932,8.0,0.0,-1.0,1650887,2.0,1,,0.0,2.0,0.0,B01,138Â 289Â 932,5.0
967332,201900008863,8,10,23:25,5,2,6,1.0,2.0,29019,ALBERT 1ER,M,"48,3975400"," -4,4891000",29,2019,50.0,1.0,1.0,4.0,2162186,1.0,1,4,2,4.0,,0.0,0,1981.0,B01,138Â 289Â 929,1.0,0.0,-1.0,1650888,0.0,10,,0.0,0.0,4.0,B01,138Â 289Â 929,1.0
967332,201900008863,8,10,23:25,5,2,6,1.0,2.0,29019,ALBERT 1ER,M,"48,3975400"," -4,4891000",29,2019,50.0,1.0,1.0,4.0,2162186,1.0,1,4,2,4.0,,0.0,0,1981.0,B01,138Â 289Â 929,1.0,0.0,-1.0,1650889,0.0,7,,0.0,2.0,1.0,A01,138Â 289Â 930,1.0
967332,201900008863,8,10,23:25,5,2,6,1.0,2.0,29019,ALBERT 1ER,M,"48,3975400"," -4,4891000",29,2019,50.0,1.0,1.0,4.0,2162187,1.0,1,1,1,5.0,,0.0,0,1969.0,A01,138Â 289Â 930,1.0,0.0,-1.0,1650888,0.0,10,,0.0,0.0,4.0,B01,138Â 289Â 929,1.0
967332,201900008863,8,10,23:25,5,2,6,1.0,2.0,29019,ALBERT 1ER,M,"48,3975400"," -4,4891000",29,2019,50.0,1.0,1.0,4.0,2162187,1.0,1,1,1,5.0,,0.0,0,1969.0,A01,138Â 289Â 930,1.0,0.0,-1.0,1650889,0.0,7,,0.0,2.0,1.0,A01,138Â 289Â 930,1.0
967333,201900008864,8,9,15:30,1,2,9,8.0,3.0,27681,GAMILLY (RUE DE),M,"49,0900500","1,4870530",27,2019,50.0,1.0,1.0,4.0,2162188,2.0,2,1,2,5.0,,0.0,0,1990.0,A01,138Â 289Â 927,1.0,0.0,-1.0,1650890,3.0,7,,0.0,2.0,3.0,A01,138Â 289Â 927,1.0
967333,201900008864,8,9,15:30,1,2,9,8.0,3.0,27681,GAMILLY (RUE DE),M,"49,0900500","1,4870530",27,2019,50.0,1.0,1.0,4.0,2162188,2.0,2,1,2,5.0,,0.0,0,1990.0,A01,138Â 289Â 927,1.0,0.0,-1.0,1650891,2.0,33,,0.0,2.0,1.0,B01,138Â 289Â 928,1.0
967333,201900008864,8,9,15:30,1,2,9,8.0,3.0,27681,GAMILLY (RUE DE),M,"49,0900500","1,4870530",27,2019,50.0,1.0,1.0,4.0,2162189,1.0,1,1,1,5.0,,0.0,0,1987.0,A01,138Â 289Â 927,1.0,0.0,-1.0,1650890,3.0,7,,0.0,2.0,3.0,A01,138Â 289Â 927,1.0
967333,201900008864,8,9,15:30,1,2,9,8.0,3.0,27681,GAMILLY (RUE DE),M,"49,0900500","1,4870530",27,2019,50.0,1.0,1.0,4.0,2162189,1.0,1,1,1,5.0,,0.0,0,1987.0,A01,138Â 289Â 927,1.0,0.0,-1.0,1650891,2.0,33,,0.0,2.0,1.0,B01,138Â 289Â 928,1.0
967333,201900008864,8,9,15:30,1,2,9,8.0,3.0,27681,GAMILLY (RUE DE),M,"49,0900500","1,4870530",27,2019,50.0,1.0,1.0,4.0,2162190,1.0,1,4,1,5.0,,0.0,0,1976.0,B01,138Â 289Â 928,2.0,6.0,-1.0,1650890,3.0,7,,0.0,2.0,3.0,A01,138Â 289Â 927,1.0
967333,201900008864,8,9,15:30,1,2,9,8.0,3.0,27681,GAMILLY (RUE DE),M,"49,0900500","1,4870530",27,2019,50.0,1.0,1.0,4.0,2162190,1.0,1,4,1,5.0,,0.0,0,1976.0,B01,138Â 289Â 928,2.0,6.0,-1.0,1650891,2.0,33,,0.0,2.0,1.0,B01,138Â 289Â 928,1.0
967334,201900008865,8,9,15:40,1,2,1,1.0,1.0,27229,BOIS DES COMMUNES (RUE DU),M,"49,0432200","1,1721900",27,2019,80.0,1.0,1.0,4.0,2162191,1.0,1,4,1,0.0,,0.0,0,1980.0,A01,138Â 289Â 925,1.0,5.0,-1.0,1650892,3.0,7,,0.0,2.0,1.0,A01,138Â 289Â 925,1.0
967334,201900008865,8,9,15:40,1,2,1,1.0,1.0,27229,BOIS DES COMMUNES (RUE DU),M,"49,0432200","1,1721900",27,2019,80.0,1.0,1.0,4.0,2162191,1.0,1,4,1,0.0,,0.0,0,1980.0,A01,138Â 289Â 925,1.0,5.0,-1.0,1650893,3.0,7,,0.0,2.0,1.0,B01,138Â 289Â 926,1.0
967334,201900008865,8,9,15:40,1,2,1,1.0,1.0,27229,BOIS DES COMMUNES (RUE DU),M,"49,0432200","1,1721900",27,2019,80.0,1.0,1.0,4.0,2162192,2.0,2,4,2,0.0,,0.0,0,2013.0,A01,138Â 289Â 925,1.0,5.0,-1.0,1650892,3.0,7,,0.0,2.0,1.0,A01,138Â 289Â 925,1.0
967334,201900008865,8,9,15:40,1,2,1,1.0,1.0,27229,BOIS DES COMMUNES (RUE DU),M,"49,0432200","1,1721900",27,2019,80.0,1.0,1.0,4.0,2162192,2.0,2,4,2,0.0,,0.0,0,2013.0,A01,138Â 289Â 925,1.0,5.0,-1.0,1650893,3.0,7,,0.0,2.0,1.0,B01,138Â 289Â 926,1.0
967334,201900008865,8,9,15:40,1,2,1,1.0,1.0,27229,BOIS DES COMMUNES (RUE DU),M,"49,0432200","1,1721900",27,2019,80.0,1.0,1.0,4.0,2162193,1.0,1,1,1,9.0,,0.0,0,2000.0,B01,138Â 289Â 926,1.0,5.0,-1.0,1650892,3.0,7,,0.0,2.0,1.0,A01,138Â 289Â 925,1.0
967334,201900008865,8,9,15:40,1,2,1,1.0,1.0,27229,BOIS DES COMMUNES (RUE DU),M,"49,0432200","1,1721900",27,2019,80.0,1.0,1.0,4.0,2162193,1.0,1,1,1,9.0,,0.0,0,2000.0,B01,138Â 289Â 926,1.0,5.0,-1.0,1650893,3.0,7,,0.0,2.0,1.0,B01,138Â 289Â 926,1.0
967334,201900008865,8,9,15:40,1,2,1,1.0,1.0,27229,BOIS DES COMMUNES (RUE DU),M,"49,0432200","1,1721900",27,2019,80.0,1.0,1.0,4.0,2162194,3.0,2,1,1,0.0,,0.0,0,1974.0,B01,138Â 289Â 926,1.0,5.0,-1.0,1650892,3.0,7,,0.0,2.0,1.0,A01,138Â 289Â 925,1.0
967334,201900008865,8,9,15:40,1,2,1,1.0,1.0,27229,BOIS DES COMMUNES (RUE DU),M,"49,0432200","1,1721900",27,2019,80.0,1.0,1.0,4.0,2162194,3.0,2,1,1,0.0,,0.0,0,1974.0,B01,138Â 289Â 926,1.0,5.0,-1.0,1650893,3.0,7,,0.0,2.0,1.0,B01,138Â 289Â 926,1.0
967335,201900008866,8,7,16:45,1,2,1,1.0,6.0,26058,JAURES AVENUE JEAN,M,"44,9401700","4,8955900",26,2019,50.0,1.0,1.0,4.0,2162195,2.0,2,1,1,5.0,,0.0,0,1970.0,A01,138Â 289Â 924,1.0,8.0,-1.0,1650894,3.0,10,,0.0,1.0,1.0,A01,138Â 289Â 924,1.0
967335,201900008866,8,7,16:45,1,2,1,1.0,6.0,26058,JAURES AVENUE JEAN,M,"44,9401700","4,8955900",26,2019,50.0,1.0,1.0,4.0,2162196,1.0,1,1,1,5.0,,0.0,0,1973.0,A01,138Â 289Â 924,1.0,8.0,-1.0,1650894,3.0,10,,0.0,1.0,1.0,A01,138Â 289Â 924,1.0
967335,201900008866,8,7,16:45,1,2,1,1.0,6.0,26058,JAURES AVENUE JEAN,M,"44,9401700","4,8955900",26,2019,50.0,1.0,1.0,4.0,2162197,10.0,3,3,2,5.0,,3.0,3,1958.0,A01,138Â 289Â 924,8.0,0.0,-1.0,1650894,3.0,10,,0.0,1.0,1.0,A01,138Â 289Â 924,1.0
967336,201900008867,7,25,15:08,1,2,1,1.0,6.0,26198,THEATRE (PLace du),M,"44,5567450","4,7474590",26,2019,30.0,1.0,1.0,4.0,2162198,10.0,3,4,2,5.0,,3.0,3,1993.0,A01,138Â 289Â 922,8.0,8.0,8.0,1650895,1.0,7,,0.0,1.0,1.0,A01,138Â 289Â 922,1.0
967336,201900008867,7,25,15:08,1,2,1,1.0,6.0,26198,THEATRE (PLace du),M,"44,5567450","4,7474590",26,2019,30.0,1.0,1.0,4.0,2162199,1.0,1,1,2,5.0,,0.0,0,1937.0,A01,138Â 289Â 922,1.0,8.0,8.0,1650895,1.0,7,,0.0,1.0,1.0,A01,138Â 289Â 922,1.0
967337,201900008868,6,18,17:10,1,2,1,1.0,6.0,26198,MARSEILLE (Route de ),M,"44,5365930","4,7462000",26,2019,50.0,1.0,1.0,4.0,2162200,1.0,1,1,1,3.0,,0.0,0,1939.0,A01,138Â 289Â 921,1.0,-1.0,-1.0,1650896,3.0,10,,0.0,1.0,2.0,A01,138Â 289Â 921,1.0
967337,201900008868,6,18,17:10,1,2,1,1.0,6.0,26198,MARSEILLE (Route de ),M,"44,5365930","4,7462000",26,2019,50.0,1.0,1.0,4.0,2162201,10.0,3,4,1,9.0,,2.0,3,1962.0,A01,138Â 289Â 921,8.0,0.0,-1.0,1650896,3.0,10,,0.0,1.0,2.0,A01,138Â 289Â 921,1.0
967338,201900008869,8,6,23:12,5,2,1,1.0,6.0,24037,BARGIRONNETTE (RUE DE LA),M,"44,8583900","0,4844800",24,2019,30.0,1.0,1.0,4.0,2162202,10.0,3,3,1,0.0,,5.0,1,1983.0,A01,138Â 289Â 920,0.0,0.0,-1.0,1650897,3.0,7,,0.0,1.0,2.0,A01,138Â 289Â 920,1.0
967338,201900008869,8,6,23:12,5,2,1,1.0,6.0,24037,BARGIRONNETTE (RUE DE LA),M,"44,8583900","0,4844800",24,2019,30.0,1.0,1.0,4.0,2162203,10.0,3,1,1,0.0,,5.0,0,2008.0,A01,138Â 289Â 920,8.0,0.0,-1.0,1650897,3.0,7,,0.0,1.0,2.0,A01,138Â 289Â 920,1.0