Unnamed: 0_x,num_acc,mois,jour,hrmn,lum,agg,int,atm,col,com,adr,gps,lat,long,dep,annee,vma,situ,surf,catr,Unnamed: 0_y,place,catu,grav,sexe,trajet,secu,locp,actp,an_nais,num_veh_x,id_vehicule_x,secu1,secu2,secu3,Unnamed: 0,senc,catv,occutc,obs,obsm,choc,num_veh_y,id_vehicule_y,motor
967338,201900008869,8,6,23:12,5,2,1,1.0,6.0,24037,BARGIRONNETTE (RUE DE LA),M,"44,8583900","0,4844800",24,2019,30.0,1.0,1.0,4.0,2162204,10.0,3,2,1,0.0,,9.0,1,1960.0,A01,138Â 289Â 920,0.0,0.0,0.0,1650897,3.0,7,,0.0,1.0,2.0,A01,138Â 289Â 920,1.0
967338,201900008869,8,6,23:12,5,2,1,1.0,6.0,24037,BARGIRONNETTE (RUE DE LA),M,"44,8583900","0,4844800",24,2019,30.0,1.0,1.0,4.0,2162205,1.0,1,1,2,5.0,,-1.0,0,1972.0,A01,138Â 289Â 920,1.0,0.0,-1.0,1650897,3.0,7,,0.0,1.0,2.0,A01,138Â 289Â 920,1.0
967339,201900008870,8,2,11:45,1,2,3,1.0,3.0,22106,GREVES (Rue des),M,"48,4991800"," -2,6909000",22,2019,50.0,1.0,1.0,4.0,2162206,1.0,1,4,1,5.0,,0.0,0,1971.0,B01,138Â 289Â 918,2.0,0.0,-1.0,1650898,2.0,1,,0.0,2.0,1.0,B01,138Â 289Â 918,5.0
967339,201900008870,8,2,11:45,1,2,3,1.0,3.0,22106,GREVES (Rue des),M,"48,4991800"," -2,6909000",22,2019,50.0,1.0,1.0,4.0,2162206,1.0,1,4,1,5.0,,0.0,0,1971.0,B01,138Â 289Â 918,2.0,0.0,-1.0,1650899,2.0,10,,0.0,2.0,3.0,A01,138Â 289Â 919,1.0
967339,201900008870,8,2,11:45,1,2,3,1.0,3.0,22106,GREVES (Rue des),M,"48,4991800"," -2,6909000",22,2019,50.0,1.0,1.0,4.0,2162207,1.0,1,1,2,0.0,,0.0,0,1962.0,A01,138Â 289Â 919,8.0,0.0,-1.0,1650898,2.0,1,,0.0,2.0,1.0,B01,138Â 289Â 918,5.0
967339,201900008870,8,2,11:45,1,2,3,1.0,3.0,22106,GREVES (Rue des),M,"48,4991800"," -2,6909000",22,2019,50.0,1.0,1.0,4.0,2162207,1.0,1,1,2,0.0,,0.0,0,1962.0,A01,138Â 289Â 919,8.0,0.0,-1.0,1650899,2.0,10,,0.0,2.0,3.0,A01,138Â 289Â 919,1.0
967340,201900008871,8,8,09:35,1,2,1,8.0,2.0,22113,SAINT MARC (RUE DE),M,"48,7338500"," -3,4424500",22,2019,50.0,1.0,1.0,4.0,2162208,1.0,1,1,2,5.0,,0.0,0,1985.0,B01,138Â 289Â 916,1.0,8.0,-1.0,1650900,1.0,7,,0.0,0.0,4.0,B01,138Â 289Â 916,1.0
967340,201900008871,8,8,09:35,1,2,1,8.0,2.0,22113,SAINT MARC (RUE DE),M,"48,7338500"," -3,4424500",22,2019,50.0,1.0,1.0,4.0,2162208,1.0,1,1,2,5.0,,0.0,0,1985.0,B01,138Â 289Â 916,1.0,8.0,-1.0,1650901,1.0,30,,0.0,2.0,1.0,A01,138Â 289Â 917,1.0
967340,201900008871,8,8,09:35,1,2,1,8.0,2.0,22113,SAINT MARC (RUE DE),M,"48,7338500"," -3,4424500",22,2019,50.0,1.0,1.0,4.0,2162209,1.0,1,4,1,1.0,,0.0,0,1985.0,A01,138Â 289Â 917,2.0,6.0,-1.0,1650900,1.0,7,,0.0,0.0,4.0,B01,138Â 289Â 916,1.0
967340,201900008871,8,8,09:35,1,2,1,8.0,2.0,22113,SAINT MARC (RUE DE),M,"48,7338500"," -3,4424500",22,2019,50.0,1.0,1.0,4.0,2162209,1.0,1,4,1,1.0,,0.0,0,1985.0,A01,138Â 289Â 917,2.0,6.0,-1.0,1650901,1.0,30,,0.0,2.0,1.0,A01,138Â 289Â 917,1.0
967341,201900008872,8,4,15:20,1,2,1,1.0,1.0,22113,POMPIDOU (RUE GEORGES),M,"48,7333300"," -3,4659700",22,2019,30.0,1.0,1.0,4.0,2162210,1.0,1,1,1,5.0,,0.0,0,1969.0,A01,138Â 289Â 914,1.0,0.0,-1.0,1650902,1.0,7,,0.0,6.0,2.0,A01,138Â 289Â 914,1.0
967341,201900008872,8,4,15:20,1,2,1,1.0,1.0,22113,POMPIDOU (RUE GEORGES),M,"48,7333300"," -3,4659700",22,2019,30.0,1.0,1.0,4.0,2162210,1.0,1,1,1,5.0,,0.0,0,1969.0,A01,138Â 289Â 914,1.0,0.0,-1.0,1650903,2.0,1,,8.0,2.0,1.0,B01,138Â 289Â 915,5.0
967341,201900008872,8,4,15:20,1,2,1,1.0,1.0,22113,POMPIDOU (RUE GEORGES),M,"48,7333300"," -3,4659700",22,2019,30.0,1.0,1.0,4.0,2162211,1.0,1,4,1,5.0,,0.0,0,1989.0,B01,138Â 289Â 915,8.0,0.0,-1.0,1650902,1.0,7,,0.0,6.0,2.0,A01,138Â 289Â 914,1.0
967341,201900008872,8,4,15:20,1,2,1,1.0,1.0,22113,POMPIDOU (RUE GEORGES),M,"48,7333300"," -3,4659700",22,2019,30.0,1.0,1.0,4.0,2162211,1.0,1,4,1,5.0,,0.0,0,1989.0,B01,138Â 289Â 915,8.0,0.0,-1.0,1650903,2.0,1,,8.0,2.0,1.0,B01,138Â 289Â 915,5.0
967342,201900008873,8,9,23:15,5,2,1,1.0,6.0,17306,155 avenue de PONTAILLAC,M,"45,6250230"," -1,0474150",17,2019,50.0,1.0,1.0,4.0,2162212,1.0,1,1,2,9.0,,-1.0, -1,1996.0,B01,138Â 289Â 912,8.0,0.0,-1.0,1650904,1.0,7,,1.0,2.0,8.0,B01,138Â 289Â 912,0.0
967342,201900008873,8,9,23:15,5,2,1,1.0,6.0,17306,155 avenue de PONTAILLAC,M,"45,6250230"," -1,0474150",17,2019,50.0,1.0,1.0,4.0,2162212,1.0,1,1,2,9.0,,-1.0, -1,1996.0,B01,138Â 289Â 912,8.0,0.0,-1.0,1650905,1.0,1,,1.0,2.0,1.0,A01,138Â 289Â 913,0.0
967342,201900008873,8,9,23:15,5,2,1,1.0,6.0,17306,155 avenue de PONTAILLAC,M,"45,6250230"," -1,0474150",17,2019,50.0,1.0,1.0,4.0,2162213,1.0,1,4,1,0.0,,-1.0, -1,1993.0,A01,138Â 289Â 913,8.0,0.0,-1.0,1650904,1.0,7,,1.0,2.0,8.0,B01,138Â 289Â 912,0.0
967342,201900008873,8,9,23:15,5,2,1,1.0,6.0,17306,155 avenue de PONTAILLAC,M,"45,6250230"," -1,0474150",17,2019,50.0,1.0,1.0,4.0,2162213,1.0,1,4,1,0.0,,-1.0, -1,1993.0,A01,138Â 289Â 913,8.0,0.0,-1.0,1650905,1.0,1,,1.0,2.0,1.0,A01,138Â 289Â 913,0.0
967343,201900008874,8,10,14:06,1,2,1,1.0,6.0,17028,PLAGE   ROUTE DE LA,M,"46,1268200"," -1,1276200",17,2019,30.0,1.0,1.0,4.0,2162214,1.0,1,1,2,5.0,,0.0,0,1982.0,A01,138Â 289Â 911,1.0,8.0,-1.0,1650906,1.0,7,,0.0,1.0,8.0,A01,138Â 289Â 911,1.0
967343,201900008874,8,10,14:06,1,2,1,1.0,6.0,17028,PLAGE   ROUTE DE LA,M,"46,1268200"," -1,1276200",17,2019,30.0,1.0,1.0,4.0,2162215,10.0,3,3,1,5.0,,1.0,3,2010.0,A01,138Â 289Â 911,8.0,0.0,-1.0,1650906,1.0,7,,0.0,1.0,8.0,A01,138Â 289Â 911,1.0
967344,201900008875,8,9,23:35,5,2,1,1.0,7.0,17300,MOULIN   AVENUE JEAN,M,"46,1524400"," -1,1394900",17,2019,50.0,1.0,1.0,4.0,2162216,1.0,1,4,1,5.0,,0.0,0,1981.0,A01,138Â 289Â 910,2.0,6.0,-1.0,1650907,1.0,30,,12.0,0.0,1.0,A01,138Â 289Â 910,1.0
967345,201900008876,8,9,20:10,1,2,2,1.0,3.0,17300,ONZE NOVEMBRE 1918   AVENUE DU,M,"46,1770000"," -1,1520000",17,2019,50.0,1.0,1.0,4.0,2162217,1.0,1,1,1,0.0,,-1.0, -1,1979.0,B01,138Â 289Â 908,1.0,0.0,-1.0,1650908,1.0,7,,0.0,2.0,7.0,B01,138Â 289Â 908,1.0
967345,201900008876,8,9,20:10,1,2,2,1.0,3.0,17300,ONZE NOVEMBRE 1918   AVENUE DU,M,"46,1770000"," -1,1520000",17,2019,50.0,1.0,1.0,4.0,2162217,1.0,1,1,1,0.0,,-1.0, -1,1979.0,B01,138Â 289Â 908,1.0,0.0,-1.0,1650909,1.0,33,,0.0,2.0,1.0,A01,138Â 289Â 909,1.0
967345,201900008876,8,9,20:10,1,2,2,1.0,3.0,17300,ONZE NOVEMBRE 1918   AVENUE DU,M,"46,1770000"," -1,1520000",17,2019,50.0,1.0,1.0,4.0,2162218,1.0,1,3,1,0.0,,-1.0, -1,1998.0,A01,138Â 289Â 909,2.0,8.0,-1.0,1650908,1.0,7,,0.0,2.0,7.0,B01,138Â 289Â 908,1.0
967345,201900008876,8,9,20:10,1,2,2,1.0,3.0,17300,ONZE NOVEMBRE 1918   AVENUE DU,M,"46,1770000"," -1,1520000",17,2019,50.0,1.0,1.0,4.0,2162218,1.0,1,3,1,0.0,,-1.0, -1,1998.0,A01,138Â 289Â 909,2.0,8.0,-1.0,1650909,1.0,33,,0.0,2.0,1.0,A01,138Â 289Â 909,1.0
967346,201900008877,8,6,18:00,1,2,1,1.0,3.0,15014,GAULLE (AVENUE CHARLES DE),M,"44,9105100","2,4261700",15,2019,50.0,1.0,1.0,2.0,2162219,1.0,1,1,1,3.0,,0.0,0,1981.0,B01,138Â 289Â 905,1.0,0.0,-1.0,1650910,1.0,7,,0.0,2.0,3.0,B01,138Â 289Â 905,1.0
967346,201900008877,8,6,18:00,1,2,1,1.0,3.0,15014,GAULLE (AVENUE CHARLES DE),M,"44,9105100","2,4261700",15,2019,50.0,1.0,1.0,2.0,2162219,1.0,1,1,1,3.0,,0.0,0,1981.0,B01,138Â 289Â 905,1.0,0.0,-1.0,1650911,2.0,33,,0.0,2.0,1.0,A01,138Â 289Â 906,1.0
967346,201900008877,8,6,18:00,1,2,1,1.0,3.0,15014,GAULLE (AVENUE CHARLES DE),M,"44,9105100","2,4261700",15,2019,50.0,1.0,1.0,2.0,2162220,1.0,1,4,1,0.0,,0.0,0,1988.0,A01,138Â 289Â 906,2.0,0.0,-1.0,1650910,1.0,7,,0.0,2.0,3.0,B01,138Â 289Â 905,1.0
967346,201900008877,8,6,18:00,1,2,1,1.0,3.0,15014,GAULLE (AVENUE CHARLES DE),M,"44,9105100","2,4261700",15,2019,50.0,1.0,1.0,2.0,2162220,1.0,1,4,1,0.0,,0.0,0,1988.0,A01,138Â 289Â 906,2.0,0.0,-1.0,1650911,2.0,33,,0.0,2.0,1.0,A01,138Â 289Â 906,1.0
967347,201900008878,8,5,09:20,1,2,1,1.0,1.0,15014,GAULLE (AVENUE CHARLES DE),M,"44,9081000","2,4218000",15,2019,50.0,1.0,1.0,2.0,2162221,1.0,1,4,1,9.0,,0.0,0,1990.0,A01,138Â 289Â 903,2.0,0.0,-1.0,1650912,2.0,33,,0.0,2.0,1.0,A01,138Â 289Â 903,1.0
967347,201900008878,8,5,09:20,1,2,1,1.0,1.0,15014,GAULLE (AVENUE CHARLES DE),M,"44,9081000","2,4218000",15,2019,50.0,1.0,1.0,2.0,2162221,1.0,1,4,1,9.0,,0.0,0,1990.0,A01,138Â 289Â 903,2.0,0.0,-1.0,1650913,1.0,7,,0.0,2.0,2.0,B01,138Â 289Â 904,1.0
967347,201900008878,8,5,09:20,1,2,1,1.0,1.0,15014,GAULLE (AVENUE CHARLES DE),M,"44,9081000","2,4218000",15,2019,50.0,1.0,1.0,2.0,2162222,1.0,1,1,1,5.0,,0.0,0,1945.0,B01,138Â 289Â 904,1.0,0.0,-1.0,1650912,2.0,33,,0.0,2.0,1.0,A01,138Â 289Â 903,1.0
967347,201900008878,8,5,09:20,1,2,1,1.0,1.0,15014,GAULLE (AVENUE CHARLES DE),M,"44,9081000","2,4218000",15,2019,50.0,1.0,1.0,2.0,2162222,1.0,1,1,1,5.0,,0.0,0,1945.0,B01,138Â 289Â 904,1.0,0.0,-1.0,1650913,1.0,7,,0.0,2.0,2.0,B01,138Â 289Â 904,1.0
967348,201900008879,8,4,08:00,1,2,1,1.0,6.0,15014,DELZONS (RUE DU PRESIDENT),M,"44,9306000","2,4423000",15,2019,50.0,1.0,1.0,4.0,2162223,1.0,1,1,1,9.0,,-1.0, -1,1936.0,A01,138Â 289Â 902,1.0,0.0,-1.0,1650914,2.0,7,,0.0,1.0,2.0,A01,138Â 289Â 902,1.0
967348,201900008879,8,4,08:00,1,2,1,1.0,6.0,15014,DELZONS (RUE DU PRESIDENT),M,"44,9306000","2,4423000",15,2019,50.0,1.0,1.0,4.0,2162224,10.0,3,3,2,0.0,,2.0,3,1954.0,A01,138Â 289Â 902,0.0,0.0,-1.0,1650914,2.0,7,,0.0,1.0,2.0,A01,138Â 289Â 902,1.0
967349,201900008880,8,9,18:15,1,2,1,1.0,2.0,14333,JEAN DE VIENNE (COURS),M,"49,4146700","0,2466800",14,2019,50.0,1.0,1.0,4.0,2162225,1.0,1,1,1,1.0,,0.0,0,1999.0,A01,138Â 289Â 900,1.0,0.0,-1.0,1650915,1.0,7,,0.0,2.0,6.0,A01,138Â 289Â 900,1.0
967349,201900008880,8,9,18:15,1,2,1,1.0,2.0,14333,JEAN DE VIENNE (COURS),M,"49,4146700","0,2466800",14,2019,50.0,1.0,1.0,4.0,2162225,1.0,1,1,1,1.0,,0.0,0,1999.0,A01,138Â 289Â 900,1.0,0.0,-1.0,1650916,1.0,33,,0.0,2.0,1.0,B01,138Â 289Â 901,1.0
967349,201900008880,8,9,18:15,1,2,1,1.0,2.0,14333,JEAN DE VIENNE (COURS),M,"49,4146700","0,2466800",14,2019,50.0,1.0,1.0,4.0,2162226,1.0,1,4,1,5.0,,0.0,0,1991.0,B01,138Â 289Â 901,2.0,0.0,-1.0,1650915,1.0,7,,0.0,2.0,6.0,A01,138Â 289Â 900,1.0
967349,201900008880,8,9,18:15,1,2,1,1.0,2.0,14333,JEAN DE VIENNE (COURS),M,"49,4146700","0,2466800",14,2019,50.0,1.0,1.0,4.0,2162226,1.0,1,4,1,5.0,,0.0,0,1991.0,B01,138Â 289Â 901,2.0,0.0,-1.0,1650916,1.0,33,,0.0,2.0,1.0,B01,138Â 289Â 901,1.0
967350,201900008881,8,7,11:55,1,2,1,1.0,7.0,14333,LABRADOR (AVENUE DU),M,"49,3992100","0,2322300",14,2019,50.0,2.0,1.0,4.0,2162227,2.0,2,4,1,5.0,,0.0,0,1998.0,A01,138Â 289Â 899,1.0,0.0,-1.0,1650917,3.0,7,,0.0,0.0,7.0,A01,138Â 289Â 899,1.0
967350,201900008881,8,7,11:55,1,2,1,1.0,7.0,14333,LABRADOR (AVENUE DU),M,"49,3992100","0,2322300",14,2019,50.0,2.0,1.0,4.0,2162228,1.0,1,4,2,5.0,,0.0,0,2000.0,A01,138Â 289Â 899,1.0,0.0,-1.0,1650917,3.0,7,,0.0,0.0,7.0,A01,138Â 289Â 899,1.0
967351,201900008882,8,10,05:40,4,2,1,1.0,2.0,14181,VALLEE SECHE (ECHANGEUR NÂ°15),M,"49,1514000"," -0,3172000",14,2019,-1.0,1.0,1.0,4.0,2162229,1.0,1,4,1,-1.0,,-1.0, -1,1982.0,A01,138Â 289Â 897,1.0,-1.0,-1.0,1650918,1.0,10,,0.0,2.0,1.0,A01,138Â 289Â 897,-1.0
967351,201900008882,8,10,05:40,4,2,1,1.0,2.0,14181,VALLEE SECHE (ECHANGEUR NÂ°15),M,"49,1514000"," -0,3172000",14,2019,-1.0,1.0,1.0,4.0,2162229,1.0,1,4,1,-1.0,,-1.0, -1,1982.0,A01,138Â 289Â 897,1.0,-1.0,-1.0,1650919,1.0,10,,0.0,0.0,4.0,B01,138Â 289Â 898,1.0
967351,201900008882,8,10,05:40,4,2,1,1.0,2.0,14181,VALLEE SECHE (ECHANGEUR NÂ°15),M,"49,1514000"," -0,3172000",14,2019,-1.0,1.0,1.0,4.0,2162230,1.0,1,4,1,-1.0,,0.0,0,1987.0,B01,138Â 289Â 898,1.0,-1.0,-1.0,1650918,1.0,10,,0.0,2.0,1.0,A01,138Â 289Â 897,-1.0
967351,201900008882,8,10,05:40,4,2,1,1.0,2.0,14181,VALLEE SECHE (ECHANGEUR NÂ°15),M,"49,1514000"," -0,3172000",14,2019,-1.0,1.0,1.0,4.0,2162230,1.0,1,4,1,-1.0,,0.0,0,1987.0,B01,138Â 289Â 898,1.0,-1.0,-1.0,1650919,1.0,10,,0.0,0.0,4.0,B01,138Â 289Â 898,1.0
967352,201900008883,8,9,17:42,4,2,1,1.0,2.0,14181,VALLEE SECHE (ECHANGEUR NÂ°15),M,"49,1514000"," -0,3172000",14,2019,-1.0,1.0,1.0,4.0,2162231,1.0,1,4,1,0.0,,0.0,0,1994.0,A01,138Â 289Â 895,1.0,-1.0,-1.0,1650920,3.0,7,,0.0,2.0,1.0,A01,138Â 289Â 895,1.0
967352,201900008883,8,9,17:42,4,2,1,1.0,2.0,14181,VALLEE SECHE (ECHANGEUR NÂ°15),M,"49,1514000"," -0,3172000",14,2019,-1.0,1.0,1.0,4.0,2162231,1.0,1,4,1,0.0,,0.0,0,1994.0,A01,138Â 289Â 895,1.0,-1.0,-1.0,1650921,3.0,7,,0.0,0.0,4.0,B01,138Â 289Â 896,1.0
967352,201900008883,8,9,17:42,4,2,1,1.0,2.0,14181,VALLEE SECHE (ECHANGEUR NÂ°15),M,"49,1514000"," -0,3172000",14,2019,-1.0,1.0,1.0,4.0,2162232,2.0,2,1,1,-1.0,,0.0,0,1949.0,B01,138Â 289Â 896,1.0,-1.0,-1.0,1650920,3.0,7,,0.0,2.0,1.0,A01,138Â 289Â 895,1.0
967352,201900008883,8,9,17:42,4,2,1,1.0,2.0,14181,VALLEE SECHE (ECHANGEUR NÂ°15),M,"49,1514000"," -0,3172000",14,2019,-1.0,1.0,1.0,4.0,2162232,2.0,2,1,1,-1.0,,0.0,0,1949.0,B01,138Â 289Â 896,1.0,-1.0,-1.0,1650921,3.0,7,,0.0,0.0,4.0,B01,138Â 289Â 896,1.0
967352,201900008883,8,9,17:42,4,2,1,1.0,2.0,14181,VALLEE SECHE (ECHANGEUR NÂ°15),M,"49,1514000"," -0,3172000",14,2019,-1.0,1.0,1.0,4.0,2162233,1.0,1,1,1,0.0,,0.0,0,1959.0,B01,138Â 289Â 896,1.0,-1.0,-1.0,1650920,3.0,7,,0.0,2.0,1.0,A01,138Â 289Â 895,1.0
967352,201900008883,8,9,17:42,4,2,1,1.0,2.0,14181,VALLEE SECHE (ECHANGEUR NÂ°15),M,"49,1514000"," -0,3172000",14,2019,-1.0,1.0,1.0,4.0,2162233,1.0,1,1,1,0.0,,0.0,0,1959.0,B01,138Â 289Â 896,1.0,-1.0,-1.0,1650921,3.0,7,,0.0,0.0,4.0,B01,138Â 289Â 896,1.0
967353,201900008884,8,8,17:25,1,1,1,1.0,1.0,14301,PREVERT (RUE JACQUES),M,"49,1720700"," -0,2935500",14,2019,-1.0,1.0,1.0,4.0,2162234,1.0,1,1,1,-1.0,,-1.0, -1,1982.0,B01,138Â 289Â 893,1.0,-1.0,-1.0,1650922,3.0,7,,0.0,2.0,1.0,B01,138Â 289Â 893,1.0
967353,201900008884,8,8,17:25,1,1,1,1.0,1.0,14301,PREVERT (RUE JACQUES),M,"49,1720700"," -0,2935500",14,2019,-1.0,1.0,1.0,4.0,2162234,1.0,1,1,1,-1.0,,-1.0, -1,1982.0,B01,138Â 289Â 893,1.0,-1.0,-1.0,1650923,3.0,10,,0.0,2.0,1.0,A01,138Â 289Â 894,1.0
967353,201900008884,8,8,17:25,1,1,1,1.0,1.0,14301,PREVERT (RUE JACQUES),M,"49,1720700"," -0,2935500",14,2019,-1.0,1.0,1.0,4.0,2162235,1.0,1,4,1,-1.0,,0.0,0,1994.0,A01,138Â 289Â 894,1.0,-1.0,-1.0,1650922,3.0,7,,0.0,2.0,1.0,B01,138Â 289Â 893,1.0
967353,201900008884,8,8,17:25,1,1,1,1.0,1.0,14301,PREVERT (RUE JACQUES),M,"49,1720700"," -0,2935500",14,2019,-1.0,1.0,1.0,4.0,2162235,1.0,1,4,1,-1.0,,0.0,0,1994.0,A01,138Â 289Â 894,1.0,-1.0,-1.0,1650923,3.0,10,,0.0,2.0,1.0,A01,138Â 289Â 894,1.0
967354,201900008885,8,8,16:30,1,2,1,1.0,3.0,14118,BOURGOGNE (RUE DE),M,"49,1942900"," -0,3979700",14,2019,50.0,1.0,1.0,4.0,2162236,1.0,1,1,1,5.0,,0.0,0,1948.0,B01,138Â 289Â 891,1.0,0.0,-1.0,1650924,1.0,7,,0.0,2.0,6.0,B01,138Â 289Â 891,1.0
967354,201900008885,8,8,16:30,1,2,1,1.0,3.0,14118,BOURGOGNE (RUE DE),M,"49,1942900"," -0,3979700",14,2019,50.0,1.0,1.0,4.0,2162236,1.0,1,1,1,5.0,,0.0,0,1948.0,B01,138Â 289Â 891,1.0,0.0,-1.0,1650925,1.0,33,,0.0,2.0,1.0,A01,138Â 289Â 892,1.0
967354,201900008885,8,8,16:30,1,2,1,1.0,3.0,14118,BOURGOGNE (RUE DE),M,"49,1942900"," -0,3979700",14,2019,50.0,1.0,1.0,4.0,2162237,1.0,1,3,1,5.0,,0.0,0,2001.0,A01,138Â 289Â 892,8.0,0.0,-1.0,1650924,1.0,7,,0.0,2.0,6.0,B01,138Â 289Â 891,1.0
967354,201900008885,8,8,16:30,1,2,1,1.0,3.0,14118,BOURGOGNE (RUE DE),M,"49,1942900"," -0,3979700",14,2019,50.0,1.0,1.0,4.0,2162237,1.0,1,3,1,5.0,,0.0,0,2001.0,A01,138Â 289Â 892,8.0,0.0,-1.0,1650925,1.0,33,,0.0,2.0,1.0,A01,138Â 289Â 892,1.0
967355,201900008886,8,7,17:45,1,2,1,1.0,4.0,13043,ROVE (AV DU ),M,"43,3839800","5,2195100",13,2019,50.0,1.0,1.0,3.0,2162238,1.0,1,1,1,0.0,,-1.0, -1,1982.0,E01,138Â 289Â 886,1.0,0.0,-1.0,1650926,3.0,7,,0.0,2.0,4.0,E01,138Â 289Â 886,6.0
967355,201900008886,8,7,17:45,1,2,1,1.0,4.0,13043,ROVE (AV DU ),M,"43,3839800","5,2195100",13,2019,50.0,1.0,1.0,3.0,2162238,1.0,1,1,1,0.0,,-1.0, -1,1982.0,E01,138Â 289Â 886,1.0,0.0,-1.0,1650927,2.0,7,,0.0,2.0,4.0,D01,138Â 289Â 887,6.0
967355,201900008886,8,7,17:45,1,2,1,1.0,4.0,13043,ROVE (AV DU ),M,"43,3839800","5,2195100",13,2019,50.0,1.0,1.0,3.0,2162238,1.0,1,1,1,0.0,,-1.0, -1,1982.0,E01,138Â 289Â 886,1.0,0.0,-1.0,1650928,2.0,7,,0.0,2.0,4.0,C01,138Â 289Â 888,6.0
967355,201900008886,8,7,17:45,1,2,1,1.0,4.0,13043,ROVE (AV DU ),M,"43,3839800","5,2195100",13,2019,50.0,1.0,1.0,3.0,2162238,1.0,1,1,1,0.0,,-1.0, -1,1982.0,E01,138Â 289Â 886,1.0,0.0,-1.0,1650929,2.0,7,,0.0,2.0,4.0,B01,138Â 289Â 889,1.0
967355,201900008886,8,7,17:45,1,2,1,1.0,4.0,13043,ROVE (AV DU ),M,"43,3839800","5,2195100",13,2019,50.0,1.0,1.0,3.0,2162238,1.0,1,1,1,0.0,,-1.0, -1,1982.0,E01,138Â 289Â 886,1.0,0.0,-1.0,1650930,2.0,99,,0.0,2.0,1.0,A01,138Â 289Â 890,6.0
967355,201900008886,8,7,17:45,1,2,1,1.0,4.0,13043,ROVE (AV DU ),M,"43,3839800","5,2195100",13,2019,50.0,1.0,1.0,3.0,2162239,4.0,2,1,2,0.0,,0.0,0,2018.0,D01,138Â 289Â 887,3.0,8.0,-1.0,1650926,3.0,7,,0.0,2.0,4.0,E01,138Â 289Â 886,6.0
967355,201900008886,8,7,17:45,1,2,1,1.0,4.0,13043,ROVE (AV DU ),M,"43,3839800","5,2195100",13,2019,50.0,1.0,1.0,3.0,2162239,4.0,2,1,2,0.0,,0.0,0,2018.0,D01,138Â 289Â 887,3.0,8.0,-1.0,1650927,2.0,7,,0.0,2.0,4.0,D01,138Â 289Â 887,6.0
967355,201900008886,8,7,17:45,1,2,1,1.0,4.0,13043,ROVE (AV DU ),M,"43,3839800","5,2195100",13,2019,50.0,1.0,1.0,3.0,2162239,4.0,2,1,2,0.0,,0.0,0,2018.0,D01,138Â 289Â 887,3.0,8.0,-1.0,1650928,2.0,7,,0.0,2.0,4.0,C01,138Â 289Â 888,6.0
967355,201900008886,8,7,17:45,1,2,1,1.0,4.0,13043,ROVE (AV DU ),M,"43,3839800","5,2195100",13,2019,50.0,1.0,1.0,3.0,2162239,4.0,2,1,2,0.0,,0.0,0,2018.0,D01,138Â 289Â 887,3.0,8.0,-1.0,1650929,2.0,7,,0.0,2.0,4.0,B01,138Â 289Â 889,1.0
967355,201900008886,8,7,17:45,1,2,1,1.0,4.0,13043,ROVE (AV DU ),M,"43,3839800","5,2195100",13,2019,50.0,1.0,1.0,3.0,2162239,4.0,2,1,2,0.0,,0.0,0,2018.0,D01,138Â 289Â 887,3.0,8.0,-1.0,1650930,2.0,99,,0.0,2.0,1.0,A01,138Â 289Â 890,6.0
967355,201900008886,8,7,17:45,1,2,1,1.0,4.0,13043,ROVE (AV DU ),M,"43,3839800","5,2195100",13,2019,50.0,1.0,1.0,3.0,2162240,1.0,1,4,2,5.0,,0.0,0,1988.0,D01,138Â 289Â 887,1.0,8.0,-1.0,1650926,3.0,7,,0.0,2.0,4.0,E01,138Â 289Â 886,6.0
967355,201900008886,8,7,17:45,1,2,1,1.0,4.0,13043,ROVE (AV DU ),M,"43,3839800","5,2195100",13,2019,50.0,1.0,1.0,3.0,2162240,1.0,1,4,2,5.0,,0.0,0,1988.0,D01,138Â 289Â 887,1.0,8.0,-1.0,1650927,2.0,7,,0.0,2.0,4.0,D01,138Â 289Â 887,6.0
967355,201900008886,8,7,17:45,1,2,1,1.0,4.0,13043,ROVE (AV DU ),M,"43,3839800","5,2195100",13,2019,50.0,1.0,1.0,3.0,2162240,1.0,1,4,2,5.0,,0.0,0,1988.0,D01,138Â 289Â 887,1.0,8.0,-1.0,1650928,2.0,7,,0.0,2.0,4.0,C01,138Â 289Â 888,6.0
967355,201900008886,8,7,17:45,1,2,1,1.0,4.0,13043,ROVE (AV DU ),M,"43,3839800","5,2195100",13,2019,50.0,1.0,1.0,3.0,2162240,1.0,1,4,2,5.0,,0.0,0,1988.0,D01,138Â 289Â 887,1.0,8.0,-1.0,1650929,2.0,7,,0.0,2.0,4.0,B01,138Â 289Â 889,1.0
967355,201900008886,8,7,17:45,1,2,1,1.0,4.0,13043,ROVE (AV DU ),M,"43,3839800","5,2195100",13,2019,50.0,1.0,1.0,3.0,2162240,1.0,1,4,2,5.0,,0.0,0,1988.0,D01,138Â 289Â 887,1.0,8.0,-1.0,1650930,2.0,99,,0.0,2.0,1.0,A01,138Â 289Â 890,6.0
967355,201900008886,8,7,17:45,1,2,1,1.0,4.0,13043,ROVE (AV DU ),M,"43,3839800","5,2195100",13,2019,50.0,1.0,1.0,3.0,2162241,3.0,2,4,1,0.0,,0.0,0,2019.0,C01,138Â 289Â 888,1.0,0.0,-1.0,1650926,3.0,7,,0.0,2.0,4.0,E01,138Â 289Â 886,6.0
967355,201900008886,8,7,17:45,1,2,1,1.0,4.0,13043,ROVE (AV DU ),M,"43,3839800","5,2195100",13,2019,50.0,1.0,1.0,3.0,2162241,3.0,2,4,1,0.0,,0.0,0,2019.0,C01,138Â 289Â 888,1.0,0.0,-1.0,1650927,2.0,7,,0.0,2.0,4.0,D01,138Â 289Â 887,6.0