Unnamed: 0_x,num_acc,mois,jour,hrmn,lum,agg,int,atm,col,com,adr,gps,lat,long,dep,annee,vma,situ,surf,catr,Unnamed: 0_y,place,catu,grav,sexe,trajet,secu,locp,actp,an_nais,num_veh_x,id_vehicule_x,secu1,secu2,secu3,Unnamed: 0,senc,catv,occutc,obs,obsm,choc,num_veh_y,id_vehicule_y,motor
967355,201900008886,8,7,17:45,1,2,1,1.0,4.0,13043,ROVE (AV DU ),M,"43,3839800","5,2195100",13,2019,50.0,1.0,1.0,3.0,2162241,3.0,2,4,1,0.0,,0.0,0,2019.0,C01,138Â 289Â 888,1.0,0.0,-1.0,1650928,2.0,7,,0.0,2.0,4.0,C01,138Â 289Â 888,6.0
967355,201900008886,8,7,17:45,1,2,1,1.0,4.0,13043,ROVE (AV DU ),M,"43,3839800","5,2195100",13,2019,50.0,1.0,1.0,3.0,2162241,3.0,2,4,1,0.0,,0.0,0,2019.0,C01,138Â 289Â 888,1.0,0.0,-1.0,1650929,2.0,7,,0.0,2.0,4.0,B01,138Â 289Â 889,1.0
967355,201900008886,8,7,17:45,1,2,1,1.0,4.0,13043,ROVE (AV DU ),M,"43,3839800","5,2195100",13,2019,50.0,1.0,1.0,3.0,2162241,3.0,2,4,1,0.0,,0.0,0,2019.0,C01,138Â 289Â 888,1.0,0.0,-1.0,1650930,2.0,99,,0.0,2.0,1.0,A01,138Â 289Â 890,6.0
967355,201900008886,8,7,17:45,1,2,1,1.0,4.0,13043,ROVE (AV DU ),M,"43,3839800","5,2195100",13,2019,50.0,1.0,1.0,3.0,2162242,4.0,2,4,2,0.0,,0.0,0,2019.0,C01,138Â 289Â 888,1.0,0.0,-1.0,1650926,3.0,7,,0.0,2.0,4.0,E01,138Â 289Â 886,6.0
967355,201900008886,8,7,17:45,1,2,1,1.0,4.0,13043,ROVE (AV DU ),M,"43,3839800","5,2195100",13,2019,50.0,1.0,1.0,3.0,2162242,4.0,2,4,2,0.0,,0.0,0,2019.0,C01,138Â 289Â 888,1.0,0.0,-1.0,1650927,2.0,7,,0.0,2.0,4.0,D01,138Â 289Â 887,6.0
967355,201900008886,8,7,17:45,1,2,1,1.0,4.0,13043,ROVE (AV DU ),M,"43,3839800","5,2195100",13,2019,50.0,1.0,1.0,3.0,2162242,4.0,2,4,2,0.0,,0.0,0,2019.0,C01,138Â 289Â 888,1.0,0.0,-1.0,1650928,2.0,7,,0.0,2.0,4.0,C01,138Â 289Â 888,6.0
967355,201900008886,8,7,17:45,1,2,1,1.0,4.0,13043,ROVE (AV DU ),M,"43,3839800","5,2195100",13,2019,50.0,1.0,1.0,3.0,2162242,4.0,2,4,2,0.0,,0.0,0,2019.0,C01,138Â 289Â 888,1.0,0.0,-1.0,1650929,2.0,7,,0.0,2.0,4.0,B01,138Â 289Â 889,1.0
967355,201900008886,8,7,17:45,1,2,1,1.0,4.0,13043,ROVE (AV DU ),M,"43,3839800","5,2195100",13,2019,50.0,1.0,1.0,3.0,2162242,4.0,2,4,2,0.0,,0.0,0,2019.0,C01,138Â 289Â 888,1.0,0.0,-1.0,1650930,2.0,99,,0.0,2.0,1.0,A01,138Â 289Â 890,6.0
967355,201900008886,8,7,17:45,1,2,1,1.0,4.0,13043,ROVE (AV DU ),M,"43,3839800","5,2195100",13,2019,50.0,1.0,1.0,3.0,2162243,1.0,1,4,1,0.0,,0.0,0,1982.0,C01,138Â 289Â 888,1.0,0.0,-1.0,1650926,3.0,7,,0.0,2.0,4.0,E01,138Â 289Â 886,6.0
967355,201900008886,8,7,17:45,1,2,1,1.0,4.0,13043,ROVE (AV DU ),M,"43,3839800","5,2195100",13,2019,50.0,1.0,1.0,3.0,2162243,1.0,1,4,1,0.0,,0.0,0,1982.0,C01,138Â 289Â 888,1.0,0.0,-1.0,1650927,2.0,7,,0.0,2.0,4.0,D01,138Â 289Â 887,6.0
967355,201900008886,8,7,17:45,1,2,1,1.0,4.0,13043,ROVE (AV DU ),M,"43,3839800","5,2195100",13,2019,50.0,1.0,1.0,3.0,2162243,1.0,1,4,1,0.0,,0.0,0,1982.0,C01,138Â 289Â 888,1.0,0.0,-1.0,1650928,2.0,7,,0.0,2.0,4.0,C01,138Â 289Â 888,6.0
967355,201900008886,8,7,17:45,1,2,1,1.0,4.0,13043,ROVE (AV DU ),M,"43,3839800","5,2195100",13,2019,50.0,1.0,1.0,3.0,2162243,1.0,1,4,1,0.0,,0.0,0,1982.0,C01,138Â 289Â 888,1.0,0.0,-1.0,1650929,2.0,7,,0.0,2.0,4.0,B01,138Â 289Â 889,1.0
967355,201900008886,8,7,17:45,1,2,1,1.0,4.0,13043,ROVE (AV DU ),M,"43,3839800","5,2195100",13,2019,50.0,1.0,1.0,3.0,2162243,1.0,1,4,1,0.0,,0.0,0,1982.0,C01,138Â 289Â 888,1.0,0.0,-1.0,1650930,2.0,99,,0.0,2.0,1.0,A01,138Â 289Â 890,6.0
967355,201900008886,8,7,17:45,1,2,1,1.0,4.0,13043,ROVE (AV DU ),M,"43,3839800","5,2195100",13,2019,50.0,1.0,1.0,3.0,2162244,5.0,2,4,2,0.0,,0.0,0,1989.0,C01,138Â 289Â 888,1.0,0.0,-1.0,1650926,3.0,7,,0.0,2.0,4.0,E01,138Â 289Â 886,6.0
967355,201900008886,8,7,17:45,1,2,1,1.0,4.0,13043,ROVE (AV DU ),M,"43,3839800","5,2195100",13,2019,50.0,1.0,1.0,3.0,2162244,5.0,2,4,2,0.0,,0.0,0,1989.0,C01,138Â 289Â 888,1.0,0.0,-1.0,1650927,2.0,7,,0.0,2.0,4.0,D01,138Â 289Â 887,6.0
967355,201900008886,8,7,17:45,1,2,1,1.0,4.0,13043,ROVE (AV DU ),M,"43,3839800","5,2195100",13,2019,50.0,1.0,1.0,3.0,2162244,5.0,2,4,2,0.0,,0.0,0,1989.0,C01,138Â 289Â 888,1.0,0.0,-1.0,1650928,2.0,7,,0.0,2.0,4.0,C01,138Â 289Â 888,6.0
967355,201900008886,8,7,17:45,1,2,1,1.0,4.0,13043,ROVE (AV DU ),M,"43,3839800","5,2195100",13,2019,50.0,1.0,1.0,3.0,2162244,5.0,2,4,2,0.0,,0.0,0,1989.0,C01,138Â 289Â 888,1.0,0.0,-1.0,1650929,2.0,7,,0.0,2.0,4.0,B01,138Â 289Â 889,1.0
967355,201900008886,8,7,17:45,1,2,1,1.0,4.0,13043,ROVE (AV DU ),M,"43,3839800","5,2195100",13,2019,50.0,1.0,1.0,3.0,2162244,5.0,2,4,2,0.0,,0.0,0,1989.0,C01,138Â 289Â 888,1.0,0.0,-1.0,1650930,2.0,99,,0.0,2.0,1.0,A01,138Â 289Â 890,6.0
967355,201900008886,8,7,17:45,1,2,1,1.0,4.0,13043,ROVE (AV DU ),M,"43,3839800","5,2195100",13,2019,50.0,1.0,1.0,3.0,2162245,1.0,1,4,1,5.0,,0.0,0,1977.0,B01,138Â 289Â 889,1.0,0.0,-1.0,1650926,3.0,7,,0.0,2.0,4.0,E01,138Â 289Â 886,6.0
967355,201900008886,8,7,17:45,1,2,1,1.0,4.0,13043,ROVE (AV DU ),M,"43,3839800","5,2195100",13,2019,50.0,1.0,1.0,3.0,2162245,1.0,1,4,1,5.0,,0.0,0,1977.0,B01,138Â 289Â 889,1.0,0.0,-1.0,1650927,2.0,7,,0.0,2.0,4.0,D01,138Â 289Â 887,6.0
967355,201900008886,8,7,17:45,1,2,1,1.0,4.0,13043,ROVE (AV DU ),M,"43,3839800","5,2195100",13,2019,50.0,1.0,1.0,3.0,2162245,1.0,1,4,1,5.0,,0.0,0,1977.0,B01,138Â 289Â 889,1.0,0.0,-1.0,1650928,2.0,7,,0.0,2.0,4.0,C01,138Â 289Â 888,6.0
967355,201900008886,8,7,17:45,1,2,1,1.0,4.0,13043,ROVE (AV DU ),M,"43,3839800","5,2195100",13,2019,50.0,1.0,1.0,3.0,2162245,1.0,1,4,1,5.0,,0.0,0,1977.0,B01,138Â 289Â 889,1.0,0.0,-1.0,1650929,2.0,7,,0.0,2.0,4.0,B01,138Â 289Â 889,1.0
967355,201900008886,8,7,17:45,1,2,1,1.0,4.0,13043,ROVE (AV DU ),M,"43,3839800","5,2195100",13,2019,50.0,1.0,1.0,3.0,2162245,1.0,1,4,1,5.0,,0.0,0,1977.0,B01,138Â 289Â 889,1.0,0.0,-1.0,1650930,2.0,99,,0.0,2.0,1.0,A01,138Â 289Â 890,6.0
967355,201900008886,8,7,17:45,1,2,1,1.0,4.0,13043,ROVE (AV DU ),M,"43,3839800","5,2195100",13,2019,50.0,1.0,1.0,3.0,2162246,1.0,1,4,1,4.0,,-1.0, -1,1973.0,A01,138Â 289Â 890,1.0,0.0,-1.0,1650926,3.0,7,,0.0,2.0,4.0,E01,138Â 289Â 886,6.0
967355,201900008886,8,7,17:45,1,2,1,1.0,4.0,13043,ROVE (AV DU ),M,"43,3839800","5,2195100",13,2019,50.0,1.0,1.0,3.0,2162246,1.0,1,4,1,4.0,,-1.0, -1,1973.0,A01,138Â 289Â 890,1.0,0.0,-1.0,1650927,2.0,7,,0.0,2.0,4.0,D01,138Â 289Â 887,6.0
967355,201900008886,8,7,17:45,1,2,1,1.0,4.0,13043,ROVE (AV DU ),M,"43,3839800","5,2195100",13,2019,50.0,1.0,1.0,3.0,2162246,1.0,1,4,1,4.0,,-1.0, -1,1973.0,A01,138Â 289Â 890,1.0,0.0,-1.0,1650928,2.0,7,,0.0,2.0,4.0,C01,138Â 289Â 888,6.0
967355,201900008886,8,7,17:45,1,2,1,1.0,4.0,13043,ROVE (AV DU ),M,"43,3839800","5,2195100",13,2019,50.0,1.0,1.0,3.0,2162246,1.0,1,4,1,4.0,,-1.0, -1,1973.0,A01,138Â 289Â 890,1.0,0.0,-1.0,1650929,2.0,7,,0.0,2.0,4.0,B01,138Â 289Â 889,1.0
967355,201900008886,8,7,17:45,1,2,1,1.0,4.0,13043,ROVE (AV DU ),M,"43,3839800","5,2195100",13,2019,50.0,1.0,1.0,3.0,2162246,1.0,1,4,1,4.0,,-1.0, -1,1973.0,A01,138Â 289Â 890,1.0,0.0,-1.0,1650930,2.0,99,,0.0,2.0,1.0,A01,138Â 289Â 890,6.0
967356,201900008887,8,7,17:30,1,2,9,1.0,3.0,13071,ROUTE NATIONALE 113 - AGAVON,M,"43,4166700","5,2807200",13,2019,50.0,1.0,1.0,3.0,2162247,1.0,1,1,1,0.0,,-1.0, -1,1993.0,A01,138Â 289Â 884,8.0,0.0,-1.0,1650931,1.0,7,,0.0,0.0,8.0,A01,138Â 289Â 884,1.0
967356,201900008887,8,7,17:30,1,2,9,1.0,3.0,13071,ROUTE NATIONALE 113 - AGAVON,M,"43,4166700","5,2807200",13,2019,50.0,1.0,1.0,3.0,2162247,1.0,1,1,1,0.0,,-1.0, -1,1993.0,A01,138Â 289Â 884,8.0,0.0,-1.0,1650932,0.0,33,,0.0,2.0,1.0,B01,138Â 289Â 885,1.0
967356,201900008887,8,7,17:30,1,2,9,1.0,3.0,13071,ROUTE NATIONALE 113 - AGAVON,M,"43,4166700","5,2807200",13,2019,50.0,1.0,1.0,3.0,2162248,1.0,1,4,1,0.0,,-1.0, -1,1965.0,B01,138Â 289Â 885,2.0,6.0,-1.0,1650931,1.0,7,,0.0,0.0,8.0,A01,138Â 289Â 884,1.0
967356,201900008887,8,7,17:30,1,2,9,1.0,3.0,13071,ROUTE NATIONALE 113 - AGAVON,M,"43,4166700","5,2807200",13,2019,50.0,1.0,1.0,3.0,2162248,1.0,1,4,1,0.0,,-1.0, -1,1965.0,B01,138Â 289Â 885,2.0,6.0,-1.0,1650932,0.0,33,,0.0,2.0,1.0,B01,138Â 289Â 885,1.0
967357,201900008888,8,4,20:30,1,1,1,1.0,1.0,30032,saint gilles route de D38,M,"43,7929450","4,5863330",30,2019,80.0,1.0,1.0,3.0,2162249,2.0,2,4,2,5.0,,-1.0,0,1969.0,B01,138Â 289Â 882,1.0,0.0,-1.0,1650933,3.0,7,,0.0,2.0,3.0,B01,138Â 289Â 882,1.0
967357,201900008888,8,4,20:30,1,1,1,1.0,1.0,30032,saint gilles route de D38,M,"43,7929450","4,5863330",30,2019,80.0,1.0,1.0,3.0,2162249,2.0,2,4,2,5.0,,-1.0,0,1969.0,B01,138Â 289Â 882,1.0,0.0,-1.0,1650934,3.0,7,,0.0,2.0,3.0,A01,138Â 289Â 883,1.0
967357,201900008888,8,4,20:30,1,1,1,1.0,1.0,30032,saint gilles route de D38,M,"43,7929450","4,5863330",30,2019,80.0,1.0,1.0,3.0,2162250,1.0,1,4,1,5.0,,-1.0, -1,1967.0,B01,138Â 289Â 882,1.0,0.0,-1.0,1650933,3.0,7,,0.0,2.0,3.0,B01,138Â 289Â 882,1.0
967357,201900008888,8,4,20:30,1,1,1,1.0,1.0,30032,saint gilles route de D38,M,"43,7929450","4,5863330",30,2019,80.0,1.0,1.0,3.0,2162250,1.0,1,4,1,5.0,,-1.0, -1,1967.0,B01,138Â 289Â 882,1.0,0.0,-1.0,1650934,3.0,7,,0.0,2.0,3.0,A01,138Â 289Â 883,1.0
967357,201900008888,8,4,20:30,1,1,1,1.0,1.0,30032,saint gilles route de D38,M,"43,7929450","4,5863330",30,2019,80.0,1.0,1.0,3.0,2162251,1.0,1,3,2,5.0,,-1.0, -1,1998.0,A01,138Â 289Â 883,1.0,0.0,-1.0,1650933,3.0,7,,0.0,2.0,3.0,B01,138Â 289Â 882,1.0
967357,201900008888,8,4,20:30,1,1,1,1.0,1.0,30032,saint gilles route de D38,M,"43,7929450","4,5863330",30,2019,80.0,1.0,1.0,3.0,2162251,1.0,1,3,2,5.0,,-1.0, -1,1998.0,A01,138Â 289Â 883,1.0,0.0,-1.0,1650934,3.0,7,,0.0,2.0,3.0,A01,138Â 289Â 883,1.0
967358,201900008889,7,8,16:40,1,2,1,1.0,1.0,30032,AV DES CHARMILLES,M,"43,8180065","4,6158189",30,2019,50.0,1.0,1.0,4.0,2162252,1.0,1,3,1,5.0,,-1.0, -1,2004.0,A01,138Â 289Â 880,8.0,0.0,-1.0,1650935,3.0,1,,0.0,2.0,1.0,A01,138Â 289Â 880,5.0
967358,201900008889,7,8,16:40,1,2,1,1.0,1.0,30032,AV DES CHARMILLES,M,"43,8180065","4,6158189",30,2019,50.0,1.0,1.0,4.0,2162252,1.0,1,3,1,5.0,,-1.0, -1,2004.0,A01,138Â 289Â 880,8.0,0.0,-1.0,1650936,0.0,7,,0.0,2.0,2.0,B01,138Â 289Â 881,1.0
967358,201900008889,7,8,16:40,1,2,1,1.0,1.0,30032,AV DES CHARMILLES,M,"43,8180065","4,6158189",30,2019,50.0,1.0,1.0,4.0,2162253,2.0,2,4,2,5.0,,-1.0, -1,1990.0,B01,138Â 289Â 881,1.0,0.0,-1.0,1650935,3.0,1,,0.0,2.0,1.0,A01,138Â 289Â 880,5.0
967358,201900008889,7,8,16:40,1,2,1,1.0,1.0,30032,AV DES CHARMILLES,M,"43,8180065","4,6158189",30,2019,50.0,1.0,1.0,4.0,2162253,2.0,2,4,2,5.0,,-1.0, -1,1990.0,B01,138Â 289Â 881,1.0,0.0,-1.0,1650936,0.0,7,,0.0,2.0,2.0,B01,138Â 289Â 881,1.0
967358,201900008889,7,8,16:40,1,2,1,1.0,1.0,30032,AV DES CHARMILLES,M,"43,8180065","4,6158189",30,2019,50.0,1.0,1.0,4.0,2162254,1.0,1,1,2,5.0,,-1.0, -1,2000.0,B01,138Â 289Â 881,1.0,0.0,-1.0,1650935,3.0,1,,0.0,2.0,1.0,A01,138Â 289Â 880,5.0
967358,201900008889,7,8,16:40,1,2,1,1.0,1.0,30032,AV DES CHARMILLES,M,"43,8180065","4,6158189",30,2019,50.0,1.0,1.0,4.0,2162254,1.0,1,1,2,5.0,,-1.0, -1,2000.0,B01,138Â 289Â 881,1.0,0.0,-1.0,1650936,0.0,7,,0.0,2.0,2.0,B01,138Â 289Â 881,1.0
967359,201900008890,7,7,09:20,1,1,1,1.0,1.0,30032,saint gilles route de D38,M,"43,7929270","4,5862870",30,2019,80.0,1.0,1.0,3.0,2162255,1.0,1,4,1,5.0,,0.0,0,1981.0,B01,138Â 289Â 878,1.0,0.0,-1.0,1650937,0.0,7,,0.0,2.0,3.0,B01,138Â 289Â 878,1.0
967359,201900008890,7,7,09:20,1,1,1,1.0,1.0,30032,saint gilles route de D38,M,"43,7929270","4,5862870",30,2019,80.0,1.0,1.0,3.0,2162255,1.0,1,4,1,5.0,,0.0,0,1981.0,B01,138Â 289Â 878,1.0,0.0,-1.0,1650938,0.0,7,,0.0,2.0,3.0,A01,138Â 289Â 879,1.0
967359,201900008890,7,7,09:20,1,1,1,1.0,1.0,30032,saint gilles route de D38,M,"43,7929270","4,5862870",30,2019,80.0,1.0,1.0,3.0,2162256,1.0,1,4,2,5.0,,0.0,0,1961.0,A01,138Â 289Â 879,1.0,0.0,-1.0,1650937,0.0,7,,0.0,2.0,3.0,B01,138Â 289Â 878,1.0
967359,201900008890,7,7,09:20,1,1,1,1.0,1.0,30032,saint gilles route de D38,M,"43,7929270","4,5862870",30,2019,80.0,1.0,1.0,3.0,2162256,1.0,1,4,2,5.0,,0.0,0,1961.0,A01,138Â 289Â 879,1.0,0.0,-1.0,1650938,0.0,7,,0.0,2.0,3.0,A01,138Â 289Â 879,1.0
967359,201900008890,7,7,09:20,1,1,1,1.0,1.0,30032,saint gilles route de D38,M,"43,7929270","4,5862870",30,2019,80.0,1.0,1.0,3.0,2162257,2.0,2,3,1,5.0,,0.0,0,1946.0,A01,138Â 289Â 879,1.0,0.0,-1.0,1650937,0.0,7,,0.0,2.0,3.0,B01,138Â 289Â 878,1.0
967359,201900008890,7,7,09:20,1,1,1,1.0,1.0,30032,saint gilles route de D38,M,"43,7929270","4,5862870",30,2019,80.0,1.0,1.0,3.0,2162257,2.0,2,3,1,5.0,,0.0,0,1946.0,A01,138Â 289Â 879,1.0,0.0,-1.0,1650938,0.0,7,,0.0,2.0,3.0,A01,138Â 289Â 879,1.0
967360,201900008891,8,10,21:09,5,2,3,1.0,6.0,13208,RABATAU (BOULEVARD),M,"43,2754410","5,3959310",13,2019,50.0,1.0,1.0,4.0,2162258,10.0,3,4,2,5.0,,4.0,3,2015.0,Z01,138Â 289Â 877,8.0,0.0,-1.0,1650939,1.0,2,,0.0,1.0,1.0,Z01,138Â 289Â 877,0.0
967360,201900008891,8,10,21:09,5,2,3,1.0,6.0,13208,RABATAU (BOULEVARD),M,"43,2754410","5,3959310",13,2019,50.0,1.0,1.0,4.0,2162259,10.0,3,4,2,5.0,,4.0,3,2012.0,Z01,138Â 289Â 877,8.0,0.0,-1.0,1650939,1.0,2,,0.0,1.0,1.0,Z01,138Â 289Â 877,0.0
967360,201900008891,8,10,21:09,5,2,3,1.0,6.0,13208,RABATAU (BOULEVARD),M,"43,2754410","5,3959310",13,2019,50.0,1.0,1.0,4.0,2162260,10.0,3,4,2,5.0,,4.0,3,2014.0,Z01,138Â 289Â 877,8.0,0.0,-1.0,1650939,1.0,2,,0.0,1.0,1.0,Z01,138Â 289Â 877,0.0
967360,201900008891,8,10,21:09,5,2,3,1.0,6.0,13208,RABATAU (BOULEVARD),M,"43,2754410","5,3959310",13,2019,50.0,1.0,1.0,4.0,2162261,10.0,3,4,2,5.0,,4.0,3,2018.0,Z01,138Â 289Â 877,8.0,0.0,-1.0,1650939,1.0,2,,0.0,1.0,1.0,Z01,138Â 289Â 877,0.0
967360,201900008891,8,10,21:09,5,2,3,1.0,6.0,13208,RABATAU (BOULEVARD),M,"43,2754410","5,3959310",13,2019,50.0,1.0,1.0,4.0,2162262,10.0,3,4,2,5.0,,4.0,3,1986.0,Z01,138Â 289Â 877,8.0,0.0,-1.0,1650939,1.0,2,,0.0,1.0,1.0,Z01,138Â 289Â 877,0.0
967361,201900008892,8,10,20:45,2,2,6,1.0,3.0,13002,GENERAL MONTSABERT (AVENUE DU),M,"43,3561000","5,4867000",13,2019,50.0,1.0,1.0,4.0,2162263,1.0,1,4,2,5.0,,-1.0, -1,1966.0,B01,138Â 289Â 875,1.0,8.0,-1.0,1650940,0.0,7,,0.0,2.0,2.0,B01,138Â 289Â 875,1.0
967361,201900008892,8,10,20:45,2,2,6,1.0,3.0,13002,GENERAL MONTSABERT (AVENUE DU),M,"43,3561000","5,4867000",13,2019,50.0,1.0,1.0,4.0,2162263,1.0,1,4,2,5.0,,-1.0, -1,1966.0,B01,138Â 289Â 875,1.0,8.0,-1.0,1650941,0.0,7,,0.0,2.0,2.0,A01,138Â 289Â 876,1.0
967361,201900008892,8,10,20:45,2,2,6,1.0,3.0,13002,GENERAL MONTSABERT (AVENUE DU),M,"43,3561000","5,4867000",13,2019,50.0,1.0,1.0,4.0,2162264,1.0,1,1,1,5.0,,0.0,0,1998.0,A01,138Â 289Â 876,1.0,8.0,-1.0,1650940,0.0,7,,0.0,2.0,2.0,B01,138Â 289Â 875,1.0
967361,201900008892,8,10,20:45,2,2,6,1.0,3.0,13002,GENERAL MONTSABERT (AVENUE DU),M,"43,3561000","5,4867000",13,2019,50.0,1.0,1.0,4.0,2162264,1.0,1,1,1,5.0,,0.0,0,1998.0,A01,138Â 289Â 876,1.0,8.0,-1.0,1650941,0.0,7,,0.0,2.0,2.0,A01,138Â 289Â 876,1.0
967362,201900008893,8,10,17:45,1,2,2,1.0,3.0,13202,PARIS (BOULEVARD DE),M,"43,3137800","5,3680660",13,2019,50.0,1.0,1.0,4.0,2162265,1.0,1,1,1,5.0,,0.0,0,1986.0,A01,138Â 289Â 873,1.0,0.0,-1.0,1650942,3.0,7,,0.0,2.0,3.0,A01,138Â 289Â 873,1.0
967362,201900008893,8,10,17:45,1,2,2,1.0,3.0,13202,PARIS (BOULEVARD DE),M,"43,3137800","5,3680660",13,2019,50.0,1.0,1.0,4.0,2162265,1.0,1,1,1,5.0,,0.0,0,1986.0,A01,138Â 289Â 873,1.0,0.0,-1.0,1650943,1.0,30,,0.0,2.0,3.0,B01,138Â 289Â 874,1.0
967362,201900008893,8,10,17:45,1,2,2,1.0,3.0,13202,PARIS (BOULEVARD DE),M,"43,3137800","5,3680660",13,2019,50.0,1.0,1.0,4.0,2162266,1.0,1,4,2,9.0,,0.0,0,1964.0,B01,138Â 289Â 874,2.0,0.0,-1.0,1650942,3.0,7,,0.0,2.0,3.0,A01,138Â 289Â 873,1.0
967362,201900008893,8,10,17:45,1,2,2,1.0,3.0,13202,PARIS (BOULEVARD DE),M,"43,3137800","5,3680660",13,2019,50.0,1.0,1.0,4.0,2162266,1.0,1,4,2,9.0,,0.0,0,1964.0,B01,138Â 289Â 874,2.0,0.0,-1.0,1650943,1.0,30,,0.0,2.0,3.0,B01,138Â 289Â 874,1.0
967363,201900008894,8,9,22:17,5,2,9,1.0,6.0,13202,EVECHE (RUE DE L'),M,"43,2978000","5,3658500",13,2019,30.0,1.0,1.0,4.0,2162267,1.0,1,4,2,0.0,,-1.0, -1,2000.0,A01,138Â 289Â 872,8.0,0.0,-1.0,1650944,3.0,30,,0.0,0.0,0.0,A01,138Â 289Â 872,1.0
967364,201900008895,8,9,19:45,1,2,1,1.0,1.0,13208,ANDRE ZENATTI (AVENUE),M,"43,2468160","5,3836070",13,2019,50.0,1.0,1.0,4.0,2162268,2.0,2,4,1,5.0,,-1.0, -1,2000.0,A01,138Â 289Â 870,1.0,8.0,-1.0,1650945,2.0,7,,0.0,2.0,3.0,A01,138Â 289Â 870,1.0
967364,201900008895,8,9,19:45,1,2,1,1.0,1.0,13208,ANDRE ZENATTI (AVENUE),M,"43,2468160","5,3836070",13,2019,50.0,1.0,1.0,4.0,2162268,2.0,2,4,1,5.0,,-1.0, -1,2000.0,A01,138Â 289Â 870,1.0,8.0,-1.0,1650946,1.0,7,,0.0,2.0,2.0,B01,138Â 289Â 871,1.0
967364,201900008895,8,9,19:45,1,2,1,1.0,1.0,13208,ANDRE ZENATTI (AVENUE),M,"43,2468160","5,3836070",13,2019,50.0,1.0,1.0,4.0,2162269,1.0,1,4,2,5.0,,-1.0, -1,2000.0,A01,138Â 289Â 870,1.0,8.0,-1.0,1650945,2.0,7,,0.0,2.0,3.0,A01,138Â 289Â 870,1.0
967364,201900008895,8,9,19:45,1,2,1,1.0,1.0,13208,ANDRE ZENATTI (AVENUE),M,"43,2468160","5,3836070",13,2019,50.0,1.0,1.0,4.0,2162269,1.0,1,4,2,5.0,,-1.0, -1,2000.0,A01,138Â 289Â 870,1.0,8.0,-1.0,1650946,1.0,7,,0.0,2.0,2.0,B01,138Â 289Â 871,1.0
967364,201900008895,8,9,19:45,1,2,1,1.0,1.0,13208,ANDRE ZENATTI (AVENUE),M,"43,2468160","5,3836070",13,2019,50.0,1.0,1.0,4.0,2162270,1.0,1,4,1,5.0,,0.0,0,1973.0,B01,138Â 289Â 871,1.0,8.0,-1.0,1650945,2.0,7,,0.0,2.0,3.0,A01,138Â 289Â 870,1.0
967364,201900008895,8,9,19:45,1,2,1,1.0,1.0,13208,ANDRE ZENATTI (AVENUE),M,"43,2468160","5,3836070",13,2019,50.0,1.0,1.0,4.0,2162270,1.0,1,4,1,5.0,,0.0,0,1973.0,B01,138Â 289Â 871,1.0,8.0,-1.0,1650946,1.0,7,,0.0,2.0,2.0,B01,138Â 289Â 871,1.0
967364,201900008895,8,9,19:45,1,2,1,1.0,1.0,13208,ANDRE ZENATTI (AVENUE),M,"43,2468160","5,3836070",13,2019,50.0,1.0,1.0,4.0,2162271,2.0,2,4,2,5.0,,0.0,0,1939.0,B01,138Â 289Â 871,1.0,8.0,-1.0,1650945,2.0,7,,0.0,2.0,3.0,A01,138Â 289Â 870,1.0
967364,201900008895,8,9,19:45,1,2,1,1.0,1.0,13208,ANDRE ZENATTI (AVENUE),M,"43,2468160","5,3836070",13,2019,50.0,1.0,1.0,4.0,2162271,2.0,2,4,2,5.0,,0.0,0,1939.0,B01,138Â 289Â 871,1.0,8.0,-1.0,1650946,1.0,7,,0.0,2.0,2.0,B01,138Â 289Â 871,1.0
967365,201900008896,8,9,17:00,1,2,1,1.0,1.0,13203,FÃLIX PYAT (RUE),M,"43,3185193","5,3748906",13,2019,30.0,1.0,1.0,4.0,2162272,10.0,3,4,1,0.0,,5.0,3,1982.0,B01,138Â 289Â 868,8.0,0.0,-1.0,1650947,1.0,7,,0.0,2.0,2.0,B01,138Â 289Â 868,1.0
967365,201900008896,8,9,17:00,1,2,1,1.0,1.0,13203,FÃLIX PYAT (RUE),M,"43,3185193","5,3748906",13,2019,30.0,1.0,1.0,4.0,2162272,10.0,3,4,1,0.0,,5.0,3,1982.0,B01,138Â 289Â 868,8.0,0.0,-1.0,1650948,1.0,7,,1.0,0.0,1.0,A01,138Â 289Â 869,1.0
967365,201900008896,8,9,17:00,1,2,1,1.0,1.0,13203,FÃLIX PYAT (RUE),M,"43,3185193","5,3748906",13,2019,30.0,1.0,1.0,4.0,2162273,1.0,1,1,1,9.0,,-1.0, -1,1993.0,B01,138Â 289Â 868,1.0,0.0,-1.0,1650947,1.0,7,,0.0,2.0,2.0,B01,138Â 289Â 868,1.0
967365,201900008896,8,9,17:00,1,2,1,1.0,1.0,13203,FÃLIX PYAT (RUE),M,"43,3185193","5,3748906",13,2019,30.0,1.0,1.0,4.0,2162273,1.0,1,1,1,9.0,,-1.0, -1,1993.0,B01,138Â 289Â 868,1.0,0.0,-1.0,1650948,1.0,7,,1.0,0.0,1.0,A01,138Â 289Â 869,1.0
967366,201900008897,8,9,16:00,1,2,1,1.0,3.0,13203,EDOUARD CREMIEUX (RUE),M,"43,3177092","5,3721660",13,2019,50.0,1.0,1.0,4.0,2162274,4.0,2,1,1,5.0,,-1.0, -1,1997.0,A01,138Â 289Â 866,8.0,0.0,-1.0,1650949,0.0,7,,0.0,2.0,3.0,A01,138Â 289Â 866,1.0