Unnamed: 0_x,num_acc,mois,jour,hrmn,lum,agg,int,atm,col,com,adr,gps,lat,long,dep,annee,vma,situ,surf,catr,Unnamed: 0_y,place,catu,grav,sexe,trajet,secu,locp,actp,an_nais,num_veh_x,id_vehicule_x,secu1,secu2,secu3,Unnamed: 0,senc,catv,occutc,obs,obsm,choc,num_veh_y,id_vehicule_y,motor
967366,201900008897,8,9,16:00,1,2,1,1.0,3.0,13203,EDOUARD CREMIEUX (RUE),M,"43,3177092","5,3721660",13,2019,50.0,1.0,1.0,4.0,2162274,4.0,2,1,1,5.0,,-1.0, -1,1997.0,A01,138Â 289Â 866,8.0,0.0,-1.0,1650950,0.0,7,,0.0,2.0,3.0,B01,138Â 289Â 867,1.0
967366,201900008897,8,9,16:00,1,2,1,1.0,3.0,13203,EDOUARD CREMIEUX (RUE),M,"43,3177092","5,3721660",13,2019,50.0,1.0,1.0,4.0,2162275,1.0,1,1,1,5.0,,-1.0, -1,1998.0,A01,138Â 289Â 866,8.0,0.0,-1.0,1650949,0.0,7,,0.0,2.0,3.0,A01,138Â 289Â 866,1.0
967366,201900008897,8,9,16:00,1,2,1,1.0,3.0,13203,EDOUARD CREMIEUX (RUE),M,"43,3177092","5,3721660",13,2019,50.0,1.0,1.0,4.0,2162275,1.0,1,1,1,5.0,,-1.0, -1,1998.0,A01,138Â 289Â 866,8.0,0.0,-1.0,1650950,0.0,7,,0.0,2.0,3.0,B01,138Â 289Â 867,1.0
967366,201900008897,8,9,16:00,1,2,1,1.0,3.0,13203,EDOUARD CREMIEUX (RUE),M,"43,3177092","5,3721660",13,2019,50.0,1.0,1.0,4.0,2162276,2.0,2,1,1,5.0,,-1.0, -1,2001.0,A01,138Â 289Â 866,8.0,0.0,-1.0,1650949,0.0,7,,0.0,2.0,3.0,A01,138Â 289Â 866,1.0
967366,201900008897,8,9,16:00,1,2,1,1.0,3.0,13203,EDOUARD CREMIEUX (RUE),M,"43,3177092","5,3721660",13,2019,50.0,1.0,1.0,4.0,2162276,2.0,2,1,1,5.0,,-1.0, -1,2001.0,A01,138Â 289Â 866,8.0,0.0,-1.0,1650950,0.0,7,,0.0,2.0,3.0,B01,138Â 289Â 867,1.0
967366,201900008897,8,9,16:00,1,2,1,1.0,3.0,13203,EDOUARD CREMIEUX (RUE),M,"43,3177092","5,3721660",13,2019,50.0,1.0,1.0,4.0,2162277,1.0,1,4,1,5.0,,-1.0, -1,1956.0,B01,138Â 289Â 867,8.0,0.0,-1.0,1650949,0.0,7,,0.0,2.0,3.0,A01,138Â 289Â 866,1.0
967366,201900008897,8,9,16:00,1,2,1,1.0,3.0,13203,EDOUARD CREMIEUX (RUE),M,"43,3177092","5,3721660",13,2019,50.0,1.0,1.0,4.0,2162277,1.0,1,4,1,5.0,,-1.0, -1,1956.0,B01,138Â 289Â 867,8.0,0.0,-1.0,1650950,0.0,7,,0.0,2.0,3.0,B01,138Â 289Â 867,1.0
967366,201900008897,8,9,16:00,1,2,1,1.0,3.0,13203,EDOUARD CREMIEUX (RUE),M,"43,3177092","5,3721660",13,2019,50.0,1.0,1.0,4.0,2162278,2.0,2,4,2,5.0,,-1.0, -1,1960.0,B01,138Â 289Â 867,8.0,0.0,-1.0,1650949,0.0,7,,0.0,2.0,3.0,A01,138Â 289Â 866,1.0
967366,201900008897,8,9,16:00,1,2,1,1.0,3.0,13203,EDOUARD CREMIEUX (RUE),M,"43,3177092","5,3721660",13,2019,50.0,1.0,1.0,4.0,2162278,2.0,2,4,2,5.0,,-1.0, -1,1960.0,B01,138Â 289Â 867,8.0,0.0,-1.0,1650950,0.0,7,,0.0,2.0,3.0,B01,138Â 289Â 867,1.0
967367,201900008898,8,8,17:45,1,2,1,1.0,6.0,13211,SAINT MENET (AVENUE DE),M,"43,2870000","5,5070000",13,2019,70.0,1.0,1.0,3.0,2162279,1.0,1,4,2,5.0,,0.0,0,1995.0,A01,138Â 289Â 865,2.0,6.0,-1.0,1650951,1.0,33,,12.0,0.0,2.0,A01,138Â 289Â 865,1.0
967368,201900008899,8,8,12:30,1,2,2,1.0,3.0,13203,STRASBOURG (BOULEVARD),M,"43,3090480","5,3784060",13,2019,50.0,1.0,1.0,4.0,2162280,1.0,1,1,1,9.0,,-1.0, -1,1959.0,B01,138Â 289Â 863,8.0,0.0,-1.0,1650952,0.0,7,,0.0,2.0,2.0,B01,138Â 289Â 863,1.0
967368,201900008899,8,8,12:30,1,2,2,1.0,3.0,13203,STRASBOURG (BOULEVARD),M,"43,3090480","5,3784060",13,2019,50.0,1.0,1.0,4.0,2162280,1.0,1,1,1,9.0,,-1.0, -1,1959.0,B01,138Â 289Â 863,8.0,0.0,-1.0,1650953,0.0,7,,0.0,2.0,3.0,A01,138Â 289Â 864,1.0
967368,201900008899,8,8,12:30,1,2,2,1.0,3.0,13203,STRASBOURG (BOULEVARD),M,"43,3090480","5,3784060",13,2019,50.0,1.0,1.0,4.0,2162281,1.0,1,1,1,0.0,,-1.0, -1,1975.0,A01,138Â 289Â 864,8.0,0.0,-1.0,1650952,0.0,7,,0.0,2.0,2.0,B01,138Â 289Â 863,1.0
967368,201900008899,8,8,12:30,1,2,2,1.0,3.0,13203,STRASBOURG (BOULEVARD),M,"43,3090480","5,3784060",13,2019,50.0,1.0,1.0,4.0,2162281,1.0,1,1,1,0.0,,-1.0, -1,1975.0,A01,138Â 289Â 864,8.0,0.0,-1.0,1650953,0.0,7,,0.0,2.0,3.0,A01,138Â 289Â 864,1.0
967368,201900008899,8,8,12:30,1,2,2,1.0,3.0,13203,STRASBOURG (BOULEVARD),M,"43,3090480","5,3784060",13,2019,50.0,1.0,1.0,4.0,2162282,2.0,2,4,2,9.0,,-1.0, -1,1974.0,A01,138Â 289Â 864,8.0,0.0,-1.0,1650952,0.0,7,,0.0,2.0,2.0,B01,138Â 289Â 863,1.0
967368,201900008899,8,8,12:30,1,2,2,1.0,3.0,13203,STRASBOURG (BOULEVARD),M,"43,3090480","5,3784060",13,2019,50.0,1.0,1.0,4.0,2162282,2.0,2,4,2,9.0,,-1.0, -1,1974.0,A01,138Â 289Â 864,8.0,0.0,-1.0,1650953,0.0,7,,0.0,2.0,3.0,A01,138Â 289Â 864,1.0
967369,201900008900,8,7,17:00,1,2,2,1.0,3.0,13210,FLORIAN ( ROND POINT),M,"43,2848620","5,4254150",13,2019,50.0,1.0,1.0,4.0,2162283,1.0,1,4,1,5.0,,0.0,0,1987.0,A01,138Â 289Â 861,2.0,6.0,-1.0,1650954,2.0,33,,0.0,2.0,8.0,A01,138Â 289Â 861,1.0
967369,201900008900,8,7,17:00,1,2,2,1.0,3.0,13210,FLORIAN ( ROND POINT),M,"43,2848620","5,4254150",13,2019,50.0,1.0,1.0,4.0,2162283,1.0,1,4,1,5.0,,0.0,0,1987.0,A01,138Â 289Â 861,2.0,6.0,-1.0,1650955,0.0,10,,0.0,0.0,7.0,B01,138Â 289Â 862,1.0
967369,201900008900,8,7,17:00,1,2,2,1.0,3.0,13210,FLORIAN ( ROND POINT),M,"43,2848620","5,4254150",13,2019,50.0,1.0,1.0,4.0,2162284,1.0,1,1,1,4.0,,0.0,0,1974.0,B01,138Â 289Â 862,1.0,0.0,-1.0,1650954,2.0,33,,0.0,2.0,8.0,A01,138Â 289Â 861,1.0
967369,201900008900,8,7,17:00,1,2,2,1.0,3.0,13210,FLORIAN ( ROND POINT),M,"43,2848620","5,4254150",13,2019,50.0,1.0,1.0,4.0,2162284,1.0,1,1,1,4.0,,0.0,0,1974.0,B01,138Â 289Â 862,1.0,0.0,-1.0,1650955,0.0,10,,0.0,0.0,7.0,B01,138Â 289Â 862,1.0
967369,201900008900,8,7,17:00,1,2,2,1.0,3.0,13210,FLORIAN ( ROND POINT),M,"43,2848620","5,4254150",13,2019,50.0,1.0,1.0,4.0,2162285,2.0,2,1,1,4.0,,0.0,0,1980.0,B01,138Â 289Â 862,1.0,0.0,-1.0,1650954,2.0,33,,0.0,2.0,8.0,A01,138Â 289Â 861,1.0
967369,201900008900,8,7,17:00,1,2,2,1.0,3.0,13210,FLORIAN ( ROND POINT),M,"43,2848620","5,4254150",13,2019,50.0,1.0,1.0,4.0,2162285,2.0,2,1,1,4.0,,0.0,0,1980.0,B01,138Â 289Â 862,1.0,0.0,-1.0,1650955,0.0,10,,0.0,0.0,7.0,B01,138Â 289Â 862,1.0
967370,201900008901,8,8,09:45,1,2,3,1.0,6.0,13212,SAINT JULIEN (AVENUE DE ),M,"43,3044390","5,4145520",13,2019,50.0,1.0,1.0,4.0,2162286,10.0,3,3,1,0.0,,2.0,3,1954.0,A01,138Â 289Â 860,8.0,0.0,-1.0,1650956,1.0,7,,0.0,1.0,1.0,A01,138Â 289Â 860,0.0
967370,201900008901,8,8,09:45,1,2,3,1.0,6.0,13212,SAINT JULIEN (AVENUE DE ),M,"43,3044390","5,4145520",13,2019,50.0,1.0,1.0,4.0,2162287,1.0,1,4,2,4.0,,0.0,0,1975.0,A01,138Â 289Â 860,1.0,0.0,-1.0,1650956,1.0,7,,0.0,1.0,1.0,A01,138Â 289Â 860,0.0
967371,201900008902,8,7,13:15,1,2,1,1.0,3.0,13210,EUROPE (ROND POINT DE L'),M,"43,2829520","5,3927240",13,2019,50.0,1.0,1.0,4.0,2162288,1.0,1,4,1,1.0,,0.0,0,1991.0,A01,138Â 289Â 857,2.0,0.0,-1.0,1650957,0.0,7,,0.0,2.0,3.0,Z01,138Â 289Â 856,0.0
967371,201900008902,8,7,13:15,1,2,1,1.0,3.0,13210,EUROPE (ROND POINT DE L'),M,"43,2829520","5,3927240",13,2019,50.0,1.0,1.0,4.0,2162288,1.0,1,4,1,1.0,,0.0,0,1991.0,A01,138Â 289Â 857,2.0,0.0,-1.0,1650958,0.0,33,,0.0,0.0,0.0,A01,138Â 289Â 857,0.0
967372,201900008903,8,8,00:00,3,1,1,2.0,6.0,11069,RD118,M,"43,2377990","2,3730170",11,2019,80.0,1.0,2.0,3.0,2162289,1.0,1,3,1,0.0,,0.0,0,1969.0,A01,138Â 289Â 855,1.0,8.0,-1.0,1650959,1.0,7,,10.0,0.0,1.0,A01,138Â 289Â 855,1.0
967372,201900008903,8,8,00:00,3,1,1,2.0,6.0,11069,RD118,M,"43,2377990","2,3730170",11,2019,80.0,1.0,2.0,3.0,2162290,2.0,2,2,2,9.0,,-1.0, -1,1969.0,A01,138Â 289Â 855,0.0,8.0,-1.0,1650959,1.0,7,,10.0,0.0,1.0,A01,138Â 289Â 855,1.0
967373,201900008904,8,10,15:40,1,2,3,1.0,7.0,10325,VICTOR HUGO (RUE),M,"48,2672900","4,0628700",10,2019,50.0,1.0,1.0,4.0,2162291,1.0,1,3,1,0.0,,-1.0, -1,1981.0,A01,138Â 289Â 854,8.0,0.0,-1.0,1650960,3.0,3,,11.0,0.0,8.0,A01,138Â 289Â 854,1.0
967374,201900008905,8,7,11:18,1,2,3,8.0,3.0,10321,GENERAL LECLERC (RUE DU),M,"48,2915300","4,0344400",10,2019,50.0,1.0,2.0,4.0,2162292,1.0,1,1,2,4.0,,-1.0, -1,1980.0,B01,138Â 289Â 852,1.0,0.0,-1.0,1650961,0.0,37,1.0,0.0,0.0,0.0,B01,138Â 289Â 852,1.0
967374,201900008905,8,7,11:18,1,2,3,8.0,3.0,10321,GENERAL LECLERC (RUE DU),M,"48,2915300","4,0344400",10,2019,50.0,1.0,2.0,4.0,2162292,1.0,1,1,2,4.0,,-1.0, -1,1980.0,B01,138Â 289Â 852,1.0,0.0,-1.0,1650962,3.0,7,,0.0,2.0,8.0,A01,138Â 289Â 853,1.0
967374,201900008905,8,7,11:18,1,2,3,8.0,3.0,10321,GENERAL LECLERC (RUE DU),M,"48,2915300","4,0344400",10,2019,50.0,1.0,2.0,4.0,2162293,1.0,1,4,1,0.0,,-1.0, -1,1973.0,A01,138Â 289Â 853,1.0,0.0,-1.0,1650961,0.0,37,1.0,0.0,0.0,0.0,B01,138Â 289Â 852,1.0
967374,201900008905,8,7,11:18,1,2,3,8.0,3.0,10321,GENERAL LECLERC (RUE DU),M,"48,2915300","4,0344400",10,2019,50.0,1.0,2.0,4.0,2162293,1.0,1,4,1,0.0,,-1.0, -1,1973.0,A01,138Â 289Â 853,1.0,0.0,-1.0,1650962,3.0,7,,0.0,2.0,8.0,A01,138Â 289Â 853,1.0
967375,201900008906,8,9,22:20,3,1,1,1.0,6.0,07281,TASSINI (AVENUE VICTOR),M,"44,9470540","4,8331260",7,2019,80.0,1.0,1.0,3.0,2162294,1.0,1,2,1,0.0,,-1.0, -1,1970.0,A01,138Â 289Â 851,1.0,0.0,-1.0,1650963,2.0,7,,16.0,0.0,7.0,A01,138Â 289Â 851,1.0
967376,201900008907,8,8,22:19,5,2,2,1.0,3.0,06088,NOTRE-DAME (AV.),M,"43,7041300","7,2684700",6,2019,30.0,1.0,1.0,4.0,2162295,1.0,1,3,1,5.0,,-1.0, -1,1990.0,B01,138Â 289Â 849,2.0,8.0,-1.0,1650964,1.0,30,,0.0,2.0,8.0,B01,138Â 289Â 849,1.0
967376,201900008907,8,8,22:19,5,2,2,1.0,3.0,06088,NOTRE-DAME (AV.),M,"43,7041300","7,2684700",6,2019,30.0,1.0,1.0,4.0,2162295,1.0,1,3,1,5.0,,-1.0, -1,1990.0,B01,138Â 289Â 849,2.0,8.0,-1.0,1650965,1.0,20,,0.0,2.0,1.0,A01,138Â 289Â 850,1.0
967376,201900008907,8,8,22:19,5,2,2,1.0,3.0,06088,NOTRE-DAME (AV.),M,"43,7041300","7,2684700",6,2019,30.0,1.0,1.0,4.0,2162296,4.0,2,1,1,0.0,,0.0,0,1981.0,A01,138Â 289Â 850,1.0,0.0,-1.0,1650964,1.0,30,,0.0,2.0,8.0,B01,138Â 289Â 849,1.0
967376,201900008907,8,8,22:19,5,2,2,1.0,3.0,06088,NOTRE-DAME (AV.),M,"43,7041300","7,2684700",6,2019,30.0,1.0,1.0,4.0,2162296,4.0,2,1,1,0.0,,0.0,0,1981.0,A01,138Â 289Â 850,1.0,0.0,-1.0,1650965,1.0,20,,0.0,2.0,1.0,A01,138Â 289Â 850,1.0
967376,201900008907,8,8,22:19,5,2,2,1.0,3.0,06088,NOTRE-DAME (AV.),M,"43,7041300","7,2684700",6,2019,30.0,1.0,1.0,4.0,2162297,2.0,2,1,1,0.0,,0.0,0,1995.0,A01,138Â 289Â 850,1.0,0.0,-1.0,1650964,1.0,30,,0.0,2.0,8.0,B01,138Â 289Â 849,1.0
967376,201900008907,8,8,22:19,5,2,2,1.0,3.0,06088,NOTRE-DAME (AV.),M,"43,7041300","7,2684700",6,2019,30.0,1.0,1.0,4.0,2162297,2.0,2,1,1,0.0,,0.0,0,1995.0,A01,138Â 289Â 850,1.0,0.0,-1.0,1650965,1.0,20,,0.0,2.0,1.0,A01,138Â 289Â 850,1.0
967376,201900008907,8,8,22:19,5,2,2,1.0,3.0,06088,NOTRE-DAME (AV.),M,"43,7041300","7,2684700",6,2019,30.0,1.0,1.0,4.0,2162298,1.0,1,1,1,5.0,,0.0,0,1980.0,A01,138Â 289Â 850,1.0,0.0,-1.0,1650964,1.0,30,,0.0,2.0,8.0,B01,138Â 289Â 849,1.0
967376,201900008907,8,8,22:19,5,2,2,1.0,3.0,06088,NOTRE-DAME (AV.),M,"43,7041300","7,2684700",6,2019,30.0,1.0,1.0,4.0,2162298,1.0,1,1,1,5.0,,0.0,0,1980.0,A01,138Â 289Â 850,1.0,0.0,-1.0,1650965,1.0,20,,0.0,2.0,1.0,A01,138Â 289Â 850,1.0
967377,201900008908,8,8,20:40,2,2,1,1.0,3.0,06088,CARLONE (BD),M,"43,6937010","7,2427130",6,2019,50.0,1.0,1.0,4.0,2162299,1.0,1,3,1,0.0,,-1.0, -1,1990.0,B01,138Â 289Â 847,2.0,0.0,-1.0,1650966,1.0,34,,0.0,2.0,1.0,B01,138Â 289Â 847,1.0
967377,201900008908,8,8,20:40,2,2,1,1.0,3.0,06088,CARLONE (BD),M,"43,6937010","7,2427130",6,2019,50.0,1.0,1.0,4.0,2162299,1.0,1,3,1,0.0,,-1.0, -1,1990.0,B01,138Â 289Â 847,2.0,0.0,-1.0,1650967,1.0,7,,0.0,2.0,6.0,A01,138Â 289Â 848,1.0
967377,201900008908,8,8,20:40,2,2,1,1.0,3.0,06088,CARLONE (BD),M,"43,6937010","7,2427130",6,2019,50.0,1.0,1.0,4.0,2162300,1.0,1,1,2,0.0,,-1.0, -1,1991.0,A01,138Â 289Â 848,1.0,0.0,-1.0,1650966,1.0,34,,0.0,2.0,1.0,B01,138Â 289Â 847,1.0
967377,201900008908,8,8,20:40,2,2,1,1.0,3.0,06088,CARLONE (BD),M,"43,6937010","7,2427130",6,2019,50.0,1.0,1.0,4.0,2162300,1.0,1,1,2,0.0,,-1.0, -1,1991.0,A01,138Â 289Â 848,1.0,0.0,-1.0,1650967,1.0,7,,0.0,2.0,6.0,A01,138Â 289Â 848,1.0
967378,201900008909,8,7,10:00,1,2,1,1.0,7.0,06088,CIMIEZ (BD) A PARTIR DU 16-17,M,"43,7128374","7,2715276",6,2019,50.0,1.0,1.0,4.0,2162301,1.0,1,3,1,0.0,,0.0,0,1960.0,A01,138Â 289Â 846,2.0,6.0,-1.0,1650968,1.0,33,,1.0,0.0,1.0,A01,138Â 289Â 846,1.0
967379,201900008910,8,10,17:35,1,2,9,1.0,1.0,06027,NICE AVENUE DE (RN7),M,"43,6561669","7,1548861",6,2019,50.0,1.0,1.0,7.0,2162302,1.0,1,1,1,5.0,,-1.0, -1,1969.0,A01,138Â 289Â 844,1.0,0.0,-1.0,1650969,1.0,7,,0.0,2.0,1.0,A01,138Â 289Â 844,1.0
967379,201900008910,8,10,17:35,1,2,9,1.0,1.0,06027,NICE AVENUE DE (RN7),M,"43,6561669","7,1548861",6,2019,50.0,1.0,1.0,7.0,2162302,1.0,1,1,1,5.0,,-1.0, -1,1969.0,A01,138Â 289Â 844,1.0,0.0,-1.0,1650970,2.0,33,,0.0,2.0,1.0,B01,138Â 289Â 845,1.0
967379,201900008910,8,10,17:35,1,2,9,1.0,1.0,06027,NICE AVENUE DE (RN7),M,"43,6561669","7,1548861",6,2019,50.0,1.0,1.0,7.0,2162303,2.0,2,4,2,5.0,,0.0,0,1984.0,B01,138Â 289Â 845,2.0,6.0,-1.0,1650969,1.0,7,,0.0,2.0,1.0,A01,138Â 289Â 844,1.0
967379,201900008910,8,10,17:35,1,2,9,1.0,1.0,06027,NICE AVENUE DE (RN7),M,"43,6561669","7,1548861",6,2019,50.0,1.0,1.0,7.0,2162303,2.0,2,4,2,5.0,,0.0,0,1984.0,B01,138Â 289Â 845,2.0,6.0,-1.0,1650970,2.0,33,,0.0,2.0,1.0,B01,138Â 289Â 845,1.0
967379,201900008910,8,10,17:35,1,2,9,1.0,1.0,06027,NICE AVENUE DE (RN7),M,"43,6561669","7,1548861",6,2019,50.0,1.0,1.0,7.0,2162304,1.0,1,4,1,5.0,,0.0,0,1969.0,B01,138Â 289Â 845,2.0,6.0,-1.0,1650969,1.0,7,,0.0,2.0,1.0,A01,138Â 289Â 844,1.0
967379,201900008910,8,10,17:35,1,2,9,1.0,1.0,06027,NICE AVENUE DE (RN7),M,"43,6561669","7,1548861",6,2019,50.0,1.0,1.0,7.0,2162304,1.0,1,4,1,5.0,,0.0,0,1969.0,B01,138Â 289Â 845,2.0,6.0,-1.0,1650970,2.0,33,,0.0,2.0,1.0,B01,138Â 289Â 845,1.0
967380,201900008911,8,8,20:40,5,2,1,1.0,1.0,06027,TILLEULS ALLEE DES,M,"43,6605800","7,1522500",6,2019,50.0,1.0,1.0,4.0,2162305,1.0,1,1,2,1.0,,0.0,0,1997.0,B01,138Â 289Â 842,1.0,0.0,-1.0,1650971,3.0,7,,0.0,2.0,3.0,B01,138Â 289Â 842,1.0
967380,201900008911,8,8,20:40,5,2,1,1.0,1.0,06027,TILLEULS ALLEE DES,M,"43,6605800","7,1522500",6,2019,50.0,1.0,1.0,4.0,2162305,1.0,1,1,2,1.0,,0.0,0,1997.0,B01,138Â 289Â 842,1.0,0.0,-1.0,1650972,3.0,33,,0.0,2.0,1.0,A01,138Â 289Â 843,1.0
967380,201900008911,8,8,20:40,5,2,1,1.0,1.0,06027,TILLEULS ALLEE DES,M,"43,6605800","7,1522500",6,2019,50.0,1.0,1.0,4.0,2162306,1.0,1,4,1,5.0,,0.0,0,1988.0,A01,138Â 289Â 843,2.0,6.0,-1.0,1650971,3.0,7,,0.0,2.0,3.0,B01,138Â 289Â 842,1.0
967380,201900008911,8,8,20:40,5,2,1,1.0,1.0,06027,TILLEULS ALLEE DES,M,"43,6605800","7,1522500",6,2019,50.0,1.0,1.0,4.0,2162306,1.0,1,4,1,5.0,,0.0,0,1988.0,A01,138Â 289Â 843,2.0,6.0,-1.0,1650972,3.0,33,,0.0,2.0,1.0,A01,138Â 289Â 843,1.0
967381,201900008912,8,6,00:00,3,2,1,1.0,5.0,06027,SOUTINE RUE,M,"43,6657920","7,1526810",6,2019,50.0,1.0,1.0,4.0,2162307,1.0,1,4,1,0.0,,0.0,0,1994.0,A01,138Â 289Â 839,8.0,0.0,-1.0,1650973,1.0,7,,1.0,0.0,9.0,A01,138Â 289Â 839,1.0
967381,201900008912,8,6,00:00,3,2,1,1.0,5.0,06027,SOUTINE RUE,M,"43,6657920","7,1526810",6,2019,50.0,1.0,1.0,4.0,2162307,1.0,1,4,1,0.0,,0.0,0,1994.0,A01,138Â 289Â 839,8.0,0.0,-1.0,1650974,1.0,7,,0.0,2.0,7.0,B01,138Â 289Â 840,1.0
967381,201900008912,8,6,00:00,3,2,1,1.0,5.0,06027,SOUTINE RUE,M,"43,6657920","7,1526810",6,2019,50.0,1.0,1.0,4.0,2162307,1.0,1,4,1,0.0,,0.0,0,1994.0,A01,138Â 289Â 839,8.0,0.0,-1.0,1650975,1.0,7,,0.0,2.0,4.0,C01,138Â 289Â 841,0.0
967381,201900008912,8,6,00:00,3,2,1,1.0,5.0,06027,SOUTINE RUE,M,"43,6657920","7,1526810",6,2019,50.0,1.0,1.0,4.0,2162308,1.0,1,1,1,0.0,,0.0,0,1979.0,B01,138Â 289Â 840,8.0,0.0,-1.0,1650973,1.0,7,,1.0,0.0,9.0,A01,138Â 289Â 839,1.0
967381,201900008912,8,6,00:00,3,2,1,1.0,5.0,06027,SOUTINE RUE,M,"43,6657920","7,1526810",6,2019,50.0,1.0,1.0,4.0,2162308,1.0,1,1,1,0.0,,0.0,0,1979.0,B01,138Â 289Â 840,8.0,0.0,-1.0,1650974,1.0,7,,0.0,2.0,7.0,B01,138Â 289Â 840,1.0
967381,201900008912,8,6,00:00,3,2,1,1.0,5.0,06027,SOUTINE RUE,M,"43,6657920","7,1526810",6,2019,50.0,1.0,1.0,4.0,2162308,1.0,1,1,1,0.0,,0.0,0,1979.0,B01,138Â 289Â 840,8.0,0.0,-1.0,1650975,1.0,7,,0.0,2.0,4.0,C01,138Â 289Â 841,0.0
967381,201900008912,8,6,00:00,3,2,1,1.0,5.0,06027,SOUTINE RUE,M,"43,6657920","7,1526810",6,2019,50.0,1.0,1.0,4.0,2162309,1.0,1,1,2,0.0,,0.0,0,1991.0,C01,138Â 289Â 841,8.0,0.0,-1.0,1650973,1.0,7,,1.0,0.0,9.0,A01,138Â 289Â 839,1.0
967381,201900008912,8,6,00:00,3,2,1,1.0,5.0,06027,SOUTINE RUE,M,"43,6657920","7,1526810",6,2019,50.0,1.0,1.0,4.0,2162309,1.0,1,1,2,0.0,,0.0,0,1991.0,C01,138Â 289Â 841,8.0,0.0,-1.0,1650974,1.0,7,,0.0,2.0,7.0,B01,138Â 289Â 840,1.0
967381,201900008912,8,6,00:00,3,2,1,1.0,5.0,06027,SOUTINE RUE,M,"43,6657920","7,1526810",6,2019,50.0,1.0,1.0,4.0,2162309,1.0,1,1,2,0.0,,0.0,0,1991.0,C01,138Â 289Â 841,8.0,0.0,-1.0,1650975,1.0,7,,0.0,2.0,4.0,C01,138Â 289Â 841,0.0
967382,201900008913,8,7,02:00,5,1,1,1.0,7.0,06155,RD6007,M,"43,5510940","7,0569750",6,2019,70.0,1.0,1.0,3.0,2162310,1.0,1,2,1,0.0,,0.0,0,1957.0,A01,138Â 289Â 838,2.0,8.0,-1.0,1650976,1.0,33,,0.0,0.0,1.0,A01,138Â 289Â 838,1.0
967383,201900008914,8,7,09:00,1,2,1,1.0,1.0,05023,SOIE (RUE DE LA),M,"44,8941400","6,6353800",5,2019,50.0,1.0,1.0,4.0,2162311,1.0,1,4,1,5.0,,0.0,0,1973.0,B01,138Â 289Â 836,2.0,-1.0,-1.0,1650977,1.0,1,,0.0,2.0,1.0,B01,138Â 289Â 836,5.0
967383,201900008914,8,7,09:00,1,2,1,1.0,1.0,05023,SOIE (RUE DE LA),M,"44,8941400","6,6353800",5,2019,50.0,1.0,1.0,4.0,2162311,1.0,1,4,1,5.0,,0.0,0,1973.0,B01,138Â 289Â 836,2.0,-1.0,-1.0,1650978,2.0,7,,0.0,2.0,1.0,A01,138Â 289Â 837,1.0
967383,201900008914,8,7,09:00,1,2,1,1.0,1.0,05023,SOIE (RUE DE LA),M,"44,8941400","6,6353800",5,2019,50.0,1.0,1.0,4.0,2162312,3.0,2,1,1,5.0,,0.0,0,1953.0,A01,138Â 289Â 837,1.0,0.0,-1.0,1650977,1.0,1,,0.0,2.0,1.0,B01,138Â 289Â 836,5.0
967383,201900008914,8,7,09:00,1,2,1,1.0,1.0,05023,SOIE (RUE DE LA),M,"44,8941400","6,6353800",5,2019,50.0,1.0,1.0,4.0,2162312,3.0,2,1,1,5.0,,0.0,0,1953.0,A01,138Â 289Â 837,1.0,0.0,-1.0,1650978,2.0,7,,0.0,2.0,1.0,A01,138Â 289Â 837,1.0
967383,201900008914,8,7,09:00,1,2,1,1.0,1.0,05023,SOIE (RUE DE LA),M,"44,8941400","6,6353800",5,2019,50.0,1.0,1.0,4.0,2162313,2.0,2,1,2,5.0,,0.0,0,2005.0,A01,138Â 289Â 837,1.0,0.0,-1.0,1650977,1.0,1,,0.0,2.0,1.0,B01,138Â 289Â 836,5.0
967383,201900008914,8,7,09:00,1,2,1,1.0,1.0,05023,SOIE (RUE DE LA),M,"44,8941400","6,6353800",5,2019,50.0,1.0,1.0,4.0,2162313,2.0,2,1,2,5.0,,0.0,0,2005.0,A01,138Â 289Â 837,1.0,0.0,-1.0,1650978,2.0,7,,0.0,2.0,1.0,A01,138Â 289Â 837,1.0
967383,201900008914,8,7,09:00,1,2,1,1.0,1.0,05023,SOIE (RUE DE LA),M,"44,8941400","6,6353800",5,2019,50.0,1.0,1.0,4.0,2162314,1.0,1,1,2,5.0,,0.0,0,1960.0,A01,138Â 289Â 837,1.0,0.0,-1.0,1650977,1.0,1,,0.0,2.0,1.0,B01,138Â 289Â 836,5.0
967383,201900008914,8,7,09:00,1,2,1,1.0,1.0,05023,SOIE (RUE DE LA),M,"44,8941400","6,6353800",5,2019,50.0,1.0,1.0,4.0,2162314,1.0,1,1,2,5.0,,0.0,0,1960.0,A01,138Â 289Â 837,1.0,0.0,-1.0,1650978,2.0,7,,0.0,2.0,1.0,A01,138Â 289Â 837,1.0
967384,201900008915,8,9,09:35,1,2,1,2.0,7.0,75116,ECH MAILLOT,M,"48,8779324","2,2797999",75,2019,50.0,1.0,3.0,4.0,2162315,1.0,1,4,1,4.0,,0.0,0,1987.0,A01,138Â 289Â 835,2.0,6.0,-1.0,1650979,2.0,33,,0.0,0.0,0.0,A01,138Â 289Â 835,1.0
967385,201900008916,8,8,19:20,1,2,1,1.0,3.0,75114,BD PERIPHERIQUE EXTERIEUR,M,"48,8242920","2,3063700",75,2019,70.0,1.0,1.0,4.0,2162316,1.0,1,4,1,5.0,,0.0,0,1995.0,A01,138Â 289Â 833,2.0,6.0,-1.0,1650980,2.0,33,,0.0,2.0,1.0,A01,138Â 289Â 833,1.0