Unnamed: 0_x,num_acc,mois,jour,hrmn,lum,agg,int,atm,col,com,adr,gps,lat,long,dep,annee,vma,situ,surf,catr,Unnamed: 0_y,place,catu,grav,sexe,trajet,secu,locp,actp,an_nais,num_veh_x,id_vehicule_x,secu1,secu2,secu3,Unnamed: 0,senc,catv,occutc,obs,obsm,choc,num_veh_y,id_vehicule_y,motor
967385,201900008916,8,8,19:20,1,2,1,1.0,3.0,75114,BD PERIPHERIQUE EXTERIEUR,M,"48,8242920","2,3063700",75,2019,70.0,1.0,1.0,4.0,2162316,1.0,1,4,1,5.0,,0.0,0,1995.0,A01,138Â 289Â 833,2.0,6.0,-1.0,1650981,2.0,7,,0.0,2.0,6.0,B01,138Â 289Â 834,1.0
967385,201900008916,8,8,19:20,1,2,1,1.0,3.0,75114,BD PERIPHERIQUE EXTERIEUR,M,"48,8242920","2,3063700",75,2019,70.0,1.0,1.0,4.0,2162317,1.0,1,1,1,4.0,,0.0,0,1981.0,B01,138Â 289Â 834,1.0,8.0,-1.0,1650980,2.0,33,,0.0,2.0,1.0,A01,138Â 289Â 833,1.0
967385,201900008916,8,8,19:20,1,2,1,1.0,3.0,75114,BD PERIPHERIQUE EXTERIEUR,M,"48,8242920","2,3063700",75,2019,70.0,1.0,1.0,4.0,2162317,1.0,1,1,1,4.0,,0.0,0,1981.0,B01,138Â 289Â 834,1.0,8.0,-1.0,1650981,2.0,7,,0.0,2.0,6.0,B01,138Â 289Â 834,1.0
967386,201900008917,8,8,12:20,1,2,1,7.0,6.0,75112,BD PERIPHERIQUE EXTERIEUR,M,"48,8449330","2,4142600",75,2019,70.0,1.0,1.0,4.0,2162318,1.0,1,4,1,1.0,,0.0,0,1968.0,A01,138Â 289Â 832,2.0,6.0,-1.0,1650982,2.0,33,,14.0,0.0,1.0,A01,138Â 289Â 832,1.0
967387,201900008918,8,8,09:15,1,2,1,1.0,6.0,75112,BD PERIPHERIQUE INTERIEUR,M,"48,8296390","2,4010760",75,2019,70.0,1.0,1.0,4.0,2162319,1.0,1,4,1,4.0,,0.0,0,1993.0,B01,138Â 289Â 830,2.0,6.0,-1.0,1650983,1.0,10,,0.0,2.0,6.0,Z01,138Â 289Â 829,1.0
967387,201900008918,8,8,09:15,1,2,1,1.0,6.0,75112,BD PERIPHERIQUE INTERIEUR,M,"48,8296390","2,4010760",75,2019,70.0,1.0,1.0,4.0,2162319,1.0,1,4,1,4.0,,0.0,0,1993.0,B01,138Â 289Â 830,2.0,6.0,-1.0,1650984,1.0,33,,0.0,2.0,2.0,B01,138Â 289Â 830,1.0
967387,201900008918,8,8,09:15,1,2,1,1.0,6.0,75112,BD PERIPHERIQUE INTERIEUR,M,"48,8296390","2,4010760",75,2019,70.0,1.0,1.0,4.0,2162319,1.0,1,4,1,4.0,,0.0,0,1993.0,B01,138Â 289Â 830,2.0,6.0,-1.0,1650985,1.0,7,,0.0,2.0,7.0,C01,138Â 289Â 831,1.0
967387,201900008918,8,8,09:15,1,2,1,1.0,6.0,75112,BD PERIPHERIQUE INTERIEUR,M,"48,8296390","2,4010760",75,2019,70.0,1.0,1.0,4.0,2162320,1.0,1,1,1,1.0,,0.0,0,1990.0,C01,138Â 289Â 831,1.0,0.0,-1.0,1650983,1.0,10,,0.0,2.0,6.0,Z01,138Â 289Â 829,1.0
967387,201900008918,8,8,09:15,1,2,1,1.0,6.0,75112,BD PERIPHERIQUE INTERIEUR,M,"48,8296390","2,4010760",75,2019,70.0,1.0,1.0,4.0,2162320,1.0,1,1,1,1.0,,0.0,0,1990.0,C01,138Â 289Â 831,1.0,0.0,-1.0,1650984,1.0,33,,0.0,2.0,2.0,B01,138Â 289Â 830,1.0
967387,201900008918,8,8,09:15,1,2,1,1.0,6.0,75112,BD PERIPHERIQUE INTERIEUR,M,"48,8296390","2,4010760",75,2019,70.0,1.0,1.0,4.0,2162320,1.0,1,1,1,1.0,,0.0,0,1990.0,C01,138Â 289Â 831,1.0,0.0,-1.0,1650985,1.0,7,,0.0,2.0,7.0,C01,138Â 289Â 831,1.0
967388,201900008919,8,7,20:30,1,2,4,1.0,2.0,75114,ECHANGEUR CHATILLON,M,"48,8209476","2,3217389",75,2019,50.0,1.0,1.0,4.0,2162321,1.0,1,4,2,5.0,,0.0,0,1962.0,B01,138Â 289Â 827,1.0,0.0,-1.0,1650986,1.0,7,,0.0,2.0,4.0,B01,138Â 289Â 827,1.0
967388,201900008919,8,7,20:30,1,2,4,1.0,2.0,75114,ECHANGEUR CHATILLON,M,"48,8209476","2,3217389",75,2019,50.0,1.0,1.0,4.0,2162321,1.0,1,4,2,5.0,,0.0,0,1962.0,B01,138Â 289Â 827,1.0,0.0,-1.0,1650987,1.0,7,,0.0,2.0,1.0,A01,138Â 289Â 828,1.0
967388,201900008919,8,7,20:30,1,2,4,1.0,2.0,75114,ECHANGEUR CHATILLON,M,"48,8209476","2,3217389",75,2019,50.0,1.0,1.0,4.0,2162322,1.0,1,1,1,5.0,,0.0,0,1981.0,A01,138Â 289Â 828,1.0,0.0,-1.0,1650986,1.0,7,,0.0,2.0,4.0,B01,138Â 289Â 827,1.0
967388,201900008919,8,7,20:30,1,2,4,1.0,2.0,75114,ECHANGEUR CHATILLON,M,"48,8209476","2,3217389",75,2019,50.0,1.0,1.0,4.0,2162322,1.0,1,1,1,5.0,,0.0,0,1981.0,A01,138Â 289Â 828,1.0,0.0,-1.0,1650987,1.0,7,,0.0,2.0,1.0,A01,138Â 289Â 828,1.0
967389,201900008920,8,7,12:53,1,2,1,1.0,6.0,75116,BD PERIPHERIQUE EXTERIEUR,M,"48,8649780","2,2674270",75,2019,70.0,1.0,1.0,4.0,2162323,1.0,1,4,1,4.0,,0.0,0,1980.0,A01,138Â 289Â 826,1.0,0.0,-1.0,1650988,2.0,10,,4.0,0.0,3.0,A01,138Â 289Â 826,1.0
967390,201900008921,8,8,23:38,5,2,1,1.0,6.0,75120,BOULEVARD DE BELLEVILLE,M,"48,8688999","2,3808280",75,2019,50.0,1.0,1.0,4.0,2162324,2.0,2,3,2,0.0,,0.0,0,1997.0,A01,138Â 289Â 825,2.0,5.0,-1.0,1650989,1.0,32,,14.0,0.0,1.0,A01,138Â 289Â 825,1.0
967390,201900008921,8,8,23:38,5,2,1,1.0,6.0,75120,BOULEVARD DE BELLEVILLE,M,"48,8688999","2,3808280",75,2019,50.0,1.0,1.0,4.0,2162325,1.0,1,4,1,9.0,,0.0,0,1978.0,A01,138Â 289Â 825,2.0,6.0,-1.0,1650989,1.0,32,,14.0,0.0,1.0,A01,138Â 289Â 825,1.0
967391,201900008922,8,7,18:25,1,2,4,1.0,6.0,75114,ECHANGEUR CHATILLON,M,"48,8205744","2,3242230",75,2019,50.0,1.0,1.0,4.0,2162326,10.0,3,3,2,5.0,,4.0,3,1978.0,Z01,138Â 289Â 824,0.0,0.0,0.0,1650990,2.0,33,,0.0,1.0,0.0,Z01,138Â 289Â 824,0.0
967391,201900008922,8,7,18:25,1,2,4,1.0,6.0,75114,ECHANGEUR CHATILLON,M,"48,8205744","2,3242230",75,2019,50.0,1.0,1.0,4.0,2162327,10.0,3,4,2,5.0,,4.0,3,2015.0,Z01,138Â 289Â 824,0.0,0.0,0.0,1650990,2.0,33,,0.0,1.0,0.0,Z01,138Â 289Â 824,0.0
967391,201900008922,8,7,18:25,1,2,4,1.0,6.0,75114,ECHANGEUR CHATILLON,M,"48,8205744","2,3242230",75,2019,50.0,1.0,1.0,4.0,2162328,10.0,3,4,2,5.0,,4.0,3,2017.0,Z01,138Â 289Â 824,0.0,0.0,0.0,1650990,2.0,33,,0.0,1.0,0.0,Z01,138Â 289Â 824,0.0
967392,201900008923,8,8,22:20,5,2,7,1.0,6.0,75105,RUE MOUFFETARD,M,"48,8443968","2,3492616",75,2019,30.0,1.0,1.0,4.0,2162329,10.0,3,4,2,0.0,,2.0,3,1947.0,A01,138Â 289Â 823,0.0,0.0,0.0,1650991,1.0,7,,1.0,1.0,2.0,A01,138Â 289Â 823,1.0
967392,201900008923,8,8,22:20,5,2,7,1.0,6.0,75105,RUE MOUFFETARD,M,"48,8443968","2,3492616",75,2019,30.0,1.0,1.0,4.0,2162330,1.0,1,1,1,5.0,,0.0,0,1965.0,A01,138Â 289Â 823,1.0,0.0,-1.0,1650991,1.0,7,,1.0,1.0,2.0,A01,138Â 289Â 823,1.0
967393,201900008924,11,23,01:15,3,2,1,2.0,7.0,64140,BOULEVARD JACQUES DUCLOS,M,"43,5269347"," -1,4640513",64,2019,50.0,1.0,2.0,3.0,2162331,1.0,1,1,1,5.0,,-1.0,0,1995.0,A01,138Â 289Â 822,1.0,0.0,-1.0,1650992,1.0,7,,9.0,0.0,9.0,A01,138Â 289Â 822,1.0
967393,201900008924,11,23,01:15,3,2,1,2.0,7.0,64140,BOULEVARD JACQUES DUCLOS,M,"43,5269347"," -1,4640513",64,2019,50.0,1.0,2.0,3.0,2162332,2.0,2,3,2,5.0,,-1.0,0,1999.0,A01,138Â 289Â 822,1.0,0.0,-1.0,1650992,1.0,7,,9.0,0.0,9.0,A01,138Â 289Â 822,1.0
967394,201900008925,11,22,18:20,2,2,1,1.0,3.0,60057,BLAISE PASCAL  (AVENUE),M,"49,4161400","2,1103200",60,2019,50.0,1.0,1.0,4.0,2162333,1.0,1,1,1,0.0,,-1.0,0,1990.0,B01,138Â 289Â 820,1.0,0.0,-1.0,1650993,2.0,7,,0.0,2.0,3.0,B01,138Â 289Â 820,1.0
967394,201900008925,11,22,18:20,2,2,1,1.0,3.0,60057,BLAISE PASCAL  (AVENUE),M,"49,4161400","2,1103200",60,2019,50.0,1.0,1.0,4.0,2162333,1.0,1,1,1,0.0,,-1.0,0,1990.0,B01,138Â 289Â 820,1.0,0.0,-1.0,1650994,2.0,34,,0.0,2.0,1.0,A01,138Â 289Â 821,1.0
967394,201900008925,11,22,18:20,2,2,1,1.0,3.0,60057,BLAISE PASCAL  (AVENUE),M,"49,4161400","2,1103200",60,2019,50.0,1.0,1.0,4.0,2162334,1.0,1,4,1,0.0,,-1.0,0,1979.0,A01,138Â 289Â 821,2.0,0.0,-1.0,1650993,2.0,7,,0.0,2.0,3.0,B01,138Â 289Â 820,1.0
967394,201900008925,11,22,18:20,2,2,1,1.0,3.0,60057,BLAISE PASCAL  (AVENUE),M,"49,4161400","2,1103200",60,2019,50.0,1.0,1.0,4.0,2162334,1.0,1,4,1,0.0,,-1.0,0,1979.0,A01,138Â 289Â 821,2.0,0.0,-1.0,1650994,2.0,34,,0.0,2.0,1.0,A01,138Â 289Â 821,1.0
967395,201900008926,11,23,23:45,5,2,1,1.0,6.0,59512,NATIONS UNIES (AVENUE DES),M,"50,6943210","3,1831130",59,2019,50.0,1.0,1.0,4.0,2162335,1.0,1,1,2,5.0,,-1.0, -1,1998.0,A01,138Â 289Â 819,1.0,0.0,-1.0,1650995,1.0,7,,2.0,0.0,7.0,A01,138Â 289Â 819,1.0
967395,201900008926,11,23,23:45,5,2,1,1.0,6.0,59512,NATIONS UNIES (AVENUE DES),M,"50,6943210","3,1831130",59,2019,50.0,1.0,1.0,4.0,2162336,2.0,2,4,1,0.0,,-1.0, -1,1996.0,A01,138Â 289Â 819,1.0,0.0,-1.0,1650995,1.0,7,,2.0,0.0,7.0,A01,138Â 289Â 819,1.0
967396,201900008927,11,23,08:30,1,2,2,2.0,3.0,51454,127 RUE DE NEUFCHATEL,M,"49,2763980","4,0268680",51,2019,50.0,1.0,2.0,4.0,2162337,1.0,1,1,1,0.0,,-1.0,0,1987.0,A01,138Â 289Â 813,1.0,0.0,-1.0,1650996,1.0,7,,0.0,2.0,1.0,A01,138Â 289Â 813,1.0
967396,201900008927,11,23,08:30,1,2,2,2.0,3.0,51454,127 RUE DE NEUFCHATEL,M,"49,2763980","4,0268680",51,2019,50.0,1.0,2.0,4.0,2162337,1.0,1,1,1,0.0,,-1.0,0,1987.0,A01,138Â 289Â 813,1.0,0.0,-1.0,1650997,1.0,33,,0.0,2.0,7.0,B01,138Â 289Â 814,1.0
967396,201900008927,11,23,08:30,1,2,2,2.0,3.0,51454,127 RUE DE NEUFCHATEL,M,"49,2763980","4,0268680",51,2019,50.0,1.0,2.0,4.0,2162338,1.0,1,3,1,0.0,,-1.0,0,1988.0,B01,138Â 289Â 814,2.0,0.0,-1.0,1650996,1.0,7,,0.0,2.0,1.0,A01,138Â 289Â 813,1.0
967396,201900008927,11,23,08:30,1,2,2,2.0,3.0,51454,127 RUE DE NEUFCHATEL,M,"49,2763980","4,0268680",51,2019,50.0,1.0,2.0,4.0,2162338,1.0,1,3,1,0.0,,-1.0,0,1988.0,B01,138Â 289Â 814,2.0,0.0,-1.0,1650997,1.0,33,,0.0,2.0,7.0,B01,138Â 289Â 814,1.0
967397,201900008928,11,23,13:55,1,2,6,8.0,7.0,45284,AV CHARLES PEGUY,M,"47,9049643","1,9451570",45,2019,50.0,1.0,2.0,4.0,2162339,1.0,1,4,1,5.0,,0.0,0,1997.0,A01,138Â 289Â 812,2.0,0.0,-1.0,1650998,0.0,30,,0.0,0.0,8.0,A01,138Â 289Â 812,1.0
967398,201900008929,11,23,12:49,1,2,1,1.0,7.0,45234,AV DE SOLOGNE,M,"47,8331900","1,9180100",45,2019,90.0,1.0,2.0,3.0,2162340,1.0,1,4,2,5.0,,-1.0, -1,1901.0,A01,138Â 289Â 811,1.0,4.0,-1.0,1650999,2.0,7,,16.0,0.0,0.0,A01,138Â 289Â 811,1.0
967399,201900008930,11,22,18:35,5,2,1,3.0,6.0,44055,OCÃAN ( BOULEVARD DE L' ),M,"47,2785600"," -2,3734400",44,2019,50.0,1.0,2.0,4.0,2162341,10.0,3,3,2,5.0,,3.0,3,1959.0,A01,138Â 289Â 810,8.0,0.0,-1.0,1651000,3.0,7,,0.0,1.0,2.0,A01,138Â 289Â 810,1.0
967399,201900008930,11,22,18:35,5,2,1,3.0,6.0,44055,OCÃAN ( BOULEVARD DE L' ),M,"47,2785600"," -2,3734400",44,2019,50.0,1.0,2.0,4.0,2162342,10.0,3,2,1,5.0,,3.0,3,1953.0,A01,138Â 289Â 810,8.0,0.0,-1.0,1651000,3.0,7,,0.0,1.0,2.0,A01,138Â 289Â 810,1.0
967399,201900008930,11,22,18:35,5,2,1,3.0,6.0,44055,OCÃAN ( BOULEVARD DE L' ),M,"47,2785600"," -2,3734400",44,2019,50.0,1.0,2.0,4.0,2162343,1.0,1,1,1,0.0,,0.0,0,1988.0,A01,138Â 289Â 810,1.0,0.0,-1.0,1651000,3.0,7,,0.0,1.0,2.0,A01,138Â 289Â 810,1.0
967400,201900008931,11,23,08:50,1,2,1,2.0,7.0,42187,CLERMONT (RUE DE ),M,"46,0302900","4,0668000",42,2019,50.0,1.0,2.0,4.0,2162344,1.0,1,4,1,9.0,,-1.0,0,2004.0,A01,138Â 289Â 809,2.0,8.0,-1.0,1651001,2.0,2,,0.0,0.0,0.0,A01,138Â 289Â 809,1.0
967401,201900008932,11,23,17:00,5,2,1,2.0,4.0,38185,RUE COMMANDANT DE REYNIÃS,M,"45,1802900","5,7197400",38,2019,50.0,1.0,2.0,4.0,2162345,1.0,1,4,1,0.0,,-1.0, -1,1991.0,A01,138Â 289Â 802,1.0,0.0,-1.0,1651002,3.0,7,,0.0,2.0,2.0,A01,138Â 289Â 802,1.0
967401,201900008932,11,23,17:00,5,2,1,2.0,4.0,38185,RUE COMMANDANT DE REYNIÃS,M,"45,1802900","5,7197400",38,2019,50.0,1.0,2.0,4.0,2162345,1.0,1,4,1,0.0,,-1.0, -1,1991.0,A01,138Â 289Â 802,1.0,0.0,-1.0,1651003,3.0,7,,0.0,2.0,5.0,C01,138Â 289Â 803,1.0
967401,201900008932,11,23,17:00,5,2,1,2.0,4.0,38185,RUE COMMANDANT DE REYNIÃS,M,"45,1802900","5,7197400",38,2019,50.0,1.0,2.0,4.0,2162345,1.0,1,4,1,0.0,,-1.0, -1,1991.0,A01,138Â 289Â 802,1.0,0.0,-1.0,1651004,3.0,7,,0.0,2.0,6.0,B01,138Â 289Â 804,1.0
967401,201900008932,11,23,17:00,5,2,1,2.0,4.0,38185,RUE COMMANDANT DE REYNIÃS,M,"45,1802900","5,7197400",38,2019,50.0,1.0,2.0,4.0,2162346,1.0,1,1,1,0.0,,-1.0, -1,1980.0,C01,138Â 289Â 803,1.0,0.0,-1.0,1651002,3.0,7,,0.0,2.0,2.0,A01,138Â 289Â 802,1.0
967401,201900008932,11,23,17:00,5,2,1,2.0,4.0,38185,RUE COMMANDANT DE REYNIÃS,M,"45,1802900","5,7197400",38,2019,50.0,1.0,2.0,4.0,2162346,1.0,1,1,1,0.0,,-1.0, -1,1980.0,C01,138Â 289Â 803,1.0,0.0,-1.0,1651003,3.0,7,,0.0,2.0,5.0,C01,138Â 289Â 803,1.0
967401,201900008932,11,23,17:00,5,2,1,2.0,4.0,38185,RUE COMMANDANT DE REYNIÃS,M,"45,1802900","5,7197400",38,2019,50.0,1.0,2.0,4.0,2162346,1.0,1,1,1,0.0,,-1.0, -1,1980.0,C01,138Â 289Â 803,1.0,0.0,-1.0,1651004,3.0,7,,0.0,2.0,6.0,B01,138Â 289Â 804,1.0
967401,201900008932,11,23,17:00,5,2,1,2.0,4.0,38185,RUE COMMANDANT DE REYNIÃS,M,"45,1802900","5,7197400",38,2019,50.0,1.0,2.0,4.0,2162347,1.0,1,4,2,0.0,,-1.0, -1,1983.0,B01,138Â 289Â 804,1.0,0.0,-1.0,1651002,3.0,7,,0.0,2.0,2.0,A01,138Â 289Â 802,1.0
967401,201900008932,11,23,17:00,5,2,1,2.0,4.0,38185,RUE COMMANDANT DE REYNIÃS,M,"45,1802900","5,7197400",38,2019,50.0,1.0,2.0,4.0,2162347,1.0,1,4,2,0.0,,-1.0, -1,1983.0,B01,138Â 289Â 804,1.0,0.0,-1.0,1651003,3.0,7,,0.0,2.0,5.0,C01,138Â 289Â 803,1.0
967401,201900008932,11,23,17:00,5,2,1,2.0,4.0,38185,RUE COMMANDANT DE REYNIÃS,M,"45,1802900","5,7197400",38,2019,50.0,1.0,2.0,4.0,2162347,1.0,1,4,2,0.0,,-1.0, -1,1983.0,B01,138Â 289Â 804,1.0,0.0,-1.0,1651004,3.0,7,,0.0,2.0,6.0,B01,138Â 289Â 804,1.0
967402,201900008933,11,23,10:15,1,2,2,1.0,6.0,38185,LIBERATION (COURS)        1 A 15,M,"45,1698400","5,7128700",38,2019,50.0,1.0,1.0,3.0,2162348,1.0,1,1,1,4.0,,-1.0, -1,1996.0,A01,138Â 289Â 801,1.0,8.0,-1.0,1651005,1.0,7,,0.0,1.0,1.0,A01,138Â 289Â 801,1.0
967402,201900008933,11,23,10:15,1,2,2,1.0,6.0,38185,LIBERATION (COURS)        1 A 15,M,"45,1698400","5,7128700",38,2019,50.0,1.0,1.0,3.0,2162349,10.0,3,4,2,9.0,,1.0,3,2006.0,A01,138Â 289Â 801,0.0,-1.0,-1.0,1651005,1.0,7,,0.0,1.0,1.0,A01,138Â 289Â 801,1.0
967403,201900008934,11,23,08:50,1,2,2,1.0,6.0,38185,BOULEVARD MARÃCHAL LECLERC,M,"45,1938800","5,7358200",38,2019,50.0,1.0,1.0,3.0,2162350,10.0,3,3,2,5.0,,4.0,3,1949.0,A01,138Â 289Â 800,0.0,-1.0,-1.0,1651006,1.0,10,,0.0,1.0,2.0,A01,138Â 289Â 800,1.0
967403,201900008934,11,23,08:50,1,2,2,1.0,6.0,38185,BOULEVARD MARÃCHAL LECLERC,M,"45,1938800","5,7358200",38,2019,50.0,1.0,1.0,3.0,2162351,1.0,1,1,2,4.0,,-1.0, -1,1996.0,A01,138Â 289Â 800,1.0,8.0,-1.0,1651006,1.0,10,,0.0,1.0,2.0,A01,138Â 289Â 800,1.0
967404,201900008935,11,23,10:15,1,2,2,8.0,3.0,37261,DANIEL MAYER,M,"47,4189043","0,7065479",37,2019,50.0,1.0,2.0,4.0,2162352,2.0,2,4,2,4.0,,-1.0,0,1985.0,A01,138Â 289Â 798,1.0,0.0,-1.0,1651007,3.0,7,,0.0,2.0,7.0,A01,138Â 289Â 798,1.0
967404,201900008935,11,23,10:15,1,2,2,8.0,3.0,37261,DANIEL MAYER,M,"47,4189043","0,7065479",37,2019,50.0,1.0,2.0,4.0,2162352,2.0,2,4,2,4.0,,-1.0,0,1985.0,A01,138Â 289Â 798,1.0,0.0,-1.0,1651008,3.0,7,,0.0,2.0,1.0,B01,138Â 289Â 799,1.0
967404,201900008935,11,23,10:15,1,2,2,8.0,3.0,37261,DANIEL MAYER,M,"47,4189043","0,7065479",37,2019,50.0,1.0,2.0,4.0,2162353,1.0,1,4,2,4.0,,-1.0,0,1995.0,A01,138Â 289Â 798,1.0,0.0,-1.0,1651007,3.0,7,,0.0,2.0,7.0,A01,138Â 289Â 798,1.0
967404,201900008935,11,23,10:15,1,2,2,8.0,3.0,37261,DANIEL MAYER,M,"47,4189043","0,7065479",37,2019,50.0,1.0,2.0,4.0,2162353,1.0,1,4,2,4.0,,-1.0,0,1995.0,A01,138Â 289Â 798,1.0,0.0,-1.0,1651008,3.0,7,,0.0,2.0,1.0,B01,138Â 289Â 799,1.0
967404,201900008935,11,23,10:15,1,2,2,8.0,3.0,37261,DANIEL MAYER,M,"47,4189043","0,7065479",37,2019,50.0,1.0,2.0,4.0,2162354,2.0,2,1,2,5.0,,-1.0,0,1972.0,B01,138Â 289Â 799,1.0,0.0,-1.0,1651007,3.0,7,,0.0,2.0,7.0,A01,138Â 289Â 798,1.0
967404,201900008935,11,23,10:15,1,2,2,8.0,3.0,37261,DANIEL MAYER,M,"47,4189043","0,7065479",37,2019,50.0,1.0,2.0,4.0,2162354,2.0,2,1,2,5.0,,-1.0,0,1972.0,B01,138Â 289Â 799,1.0,0.0,-1.0,1651008,3.0,7,,0.0,2.0,1.0,B01,138Â 289Â 799,1.0
967404,201900008935,11,23,10:15,1,2,2,8.0,3.0,37261,DANIEL MAYER,M,"47,4189043","0,7065479",37,2019,50.0,1.0,2.0,4.0,2162355,1.0,1,1,1,5.0,,-1.0,0,1972.0,B01,138Â 289Â 799,1.0,0.0,-1.0,1651007,3.0,7,,0.0,2.0,7.0,A01,138Â 289Â 798,1.0
967404,201900008935,11,23,10:15,1,2,2,8.0,3.0,37261,DANIEL MAYER,M,"47,4189043","0,7065479",37,2019,50.0,1.0,2.0,4.0,2162355,1.0,1,1,1,5.0,,-1.0,0,1972.0,B01,138Â 289Â 799,1.0,0.0,-1.0,1651008,3.0,7,,0.0,2.0,1.0,B01,138Â 289Â 799,1.0
967405,201900008936,11,23,07:50,1,2,1,8.0,6.0,37195,PROUDHON (AVENUE),M,"47,3938101","0,6646729",37,2019,4.0,1.0,2.0,3.0,2162356,1.0,1,4,2,1.0,,-1.0,0,1991.0,A01,138Â 289Â 797,1.0,0.0,-1.0,1651009,3.0,7,,6.0,0.0,4.0,A01,138Â 289Â 797,1.0
967406,201900008937,11,23,20:10,5,2,9,2.0,6.0,35238,GALICIE (SQUARE DE),M,"48,0877300"," -1,6524900",35,2019,30.0,1.0,2.0,4.0,2162357,10.0,3,3,1,5.0,,3.0,5,1962.0,A01,138Â 289Â 796,8.0,0.0,-1.0,1651010,3.0,7,,0.0,1.0,1.0,A01,138Â 289Â 796,1.0
967406,201900008937,11,23,20:10,5,2,9,2.0,6.0,35238,GALICIE (SQUARE DE),M,"48,0877300"," -1,6524900",35,2019,30.0,1.0,2.0,4.0,2162358,1.0,1,1,1,5.0,,-1.0,0,1999.0,A01,138Â 289Â 796,1.0,-1.0,-1.0,1651010,3.0,7,,0.0,1.0,1.0,A01,138Â 289Â 796,1.0
967407,201900008938,11,23,09:15,1,1,1,8.0,6.0,35238,R.N. 136,M,"48,1390700"," -1,6993200",35,2019,50.0,2.0,2.0,2.0,2162359,1.0,1,4,1,0.0,,-1.0,0,2000.0,A01,138Â 289Â 795,1.0,0.0,-1.0,1651011,2.0,7,,4.0,0.0,1.0,A01,138Â 289Â 795,1.0
967408,201900008939,11,23,06:30,5,2,2,1.0,1.0,35238,VOLNEY (BD),M,"48,1218600"," -1,6626800",35,2019,50.0,1.0,2.0,4.0,2162360,1.0,1,1,2,5.0,,-1.0,0,2001.0,A01,138Â 289Â 793,1.0,0.0,-1.0,1651012,0.0,7,,0.0,2.0,1.0,A01,138Â 289Â 793,1.0
967408,201900008939,11,23,06:30,5,2,2,1.0,1.0,35238,VOLNEY (BD),M,"48,1218600"," -1,6626800",35,2019,50.0,1.0,2.0,4.0,2162360,1.0,1,1,2,5.0,,-1.0,0,2001.0,A01,138Â 289Â 793,1.0,0.0,-1.0,1651013,3.0,33,,0.0,2.0,1.0,B01,138Â 289Â 794,1.0
967408,201900008939,11,23,06:30,5,2,2,1.0,1.0,35238,VOLNEY (BD),M,"48,1218600"," -1,6626800",35,2019,50.0,1.0,2.0,4.0,2162361,1.0,1,3,1,1.0,,-1.0,0,1966.0,B01,138Â 289Â 794,2.0,6.0,-1.0,1651012,0.0,7,,0.0,2.0,1.0,A01,138Â 289Â 793,1.0
967408,201900008939,11,23,06:30,5,2,2,1.0,1.0,35238,VOLNEY (BD),M,"48,1218600"," -1,6626800",35,2019,50.0,1.0,2.0,4.0,2162361,1.0,1,3,1,1.0,,-1.0,0,1966.0,B01,138Â 289Â 794,2.0,6.0,-1.0,1651013,3.0,33,,0.0,2.0,1.0,B01,138Â 289Â 794,1.0
967409,201900008940,11,23,21:35,5,2,6,3.0,3.0,34172,COLOMB (PLACE CHRISTOPHE),M,"43,6061001","3,8989742",34,2019,50.0,1.0,2.0,4.0,2162362,1.0,1,4,1,4.0,,0.0,0,1992.0,B01,138Â 289Â 791,2.0,8.0,-1.0,1651014,3.0,30,,0.0,2.0,2.0,B01,138Â 289Â 791,1.0
967409,201900008940,11,23,21:35,5,2,6,3.0,3.0,34172,COLOMB (PLACE CHRISTOPHE),M,"43,6061001","3,8989742",34,2019,50.0,1.0,2.0,4.0,2162362,1.0,1,4,1,4.0,,0.0,0,1992.0,B01,138Â 289Â 791,2.0,8.0,-1.0,1651015,3.0,7,,0.0,2.0,1.0,A01,138Â 289Â 792,1.0
967409,201900008940,11,23,21:35,5,2,6,3.0,3.0,34172,COLOMB (PLACE CHRISTOPHE),M,"43,6061001","3,8989742",34,2019,50.0,1.0,2.0,4.0,2162363,1.0,1,1,1,0.0,,0.0,0,1992.0,A01,138Â 289Â 792,1.0,8.0,-1.0,1651014,3.0,30,,0.0,2.0,2.0,B01,138Â 289Â 791,1.0
967409,201900008940,11,23,21:35,5,2,6,3.0,3.0,34172,COLOMB (PLACE CHRISTOPHE),M,"43,6061001","3,8989742",34,2019,50.0,1.0,2.0,4.0,2162363,1.0,1,1,1,0.0,,0.0,0,1992.0,A01,138Â 289Â 792,1.0,8.0,-1.0,1651015,3.0,7,,0.0,2.0,1.0,A01,138Â 289Â 792,1.0
967410,201900008941,11,23,19:05,3,2,1,2.0,2.0,34172,LIBERTE (AVENUE DE LA,M,"43,6093400","3,8380800",34,2019,50.0,1.0,2.0,4.0,2162364,2.0,2,1,2,0.0,,0.0,0,1989.0,A01,138Â 289Â 789,1.0,0.0,-1.0,1651016,1.0,7,,0.0,2.0,1.0,A01,138Â 289Â 789,1.0
967410,201900008941,11,23,19:05,3,2,1,2.0,2.0,34172,LIBERTE (AVENUE DE LA,M,"43,6093400","3,8380800",34,2019,50.0,1.0,2.0,4.0,2162364,2.0,2,1,2,0.0,,0.0,0,1989.0,A01,138Â 289Â 789,1.0,0.0,-1.0,1651017,1.0,7,,0.0,2.0,4.0,B01,138Â 289Â 790,1.0
967410,201900008941,11,23,19:05,3,2,1,2.0,2.0,34172,LIBERTE (AVENUE DE LA,M,"43,6093400","3,8380800",34,2019,50.0,1.0,2.0,4.0,2162365,1.0,1,1,1,0.0,,0.0,0,1968.0,A01,138Â 289Â 789,1.0,0.0,-1.0,1651016,1.0,7,,0.0,2.0,1.0,A01,138Â 289Â 789,1.0