Unnamed: 0_x,num_acc,mois,jour,hrmn,lum,agg,int,atm,col,com,adr,gps,lat,long,dep,annee,vma,situ,surf,catr,Unnamed: 0_y,place,catu,grav,sexe,trajet,secu,locp,actp,an_nais,num_veh_x,id_vehicule_x,secu1,secu2,secu3,Unnamed: 0,senc,catv,occutc,obs,obsm,choc,num_veh_y,id_vehicule_y,motor
967410,201900008941,11,23,19:05,3,2,1,2.0,2.0,34172,LIBERTE (AVENUE DE LA,M,"43,6093400","3,8380800",34,2019,50.0,1.0,2.0,4.0,2162365,1.0,1,1,1,0.0,,0.0,0,1968.0,A01,138Â 289Â 789,1.0,0.0,-1.0,1651017,1.0,7,,0.0,2.0,4.0,B01,138Â 289Â 790,1.0
967410,201900008941,11,23,19:05,3,2,1,2.0,2.0,34172,LIBERTE (AVENUE DE LA,M,"43,6093400","3,8380800",34,2019,50.0,1.0,2.0,4.0,2162366,2.0,2,4,2,0.0,,0.0,0,1962.0,B01,138Â 289Â 790,1.0,0.0,-1.0,1651016,1.0,7,,0.0,2.0,1.0,A01,138Â 289Â 789,1.0
967410,201900008941,11,23,19:05,3,2,1,2.0,2.0,34172,LIBERTE (AVENUE DE LA,M,"43,6093400","3,8380800",34,2019,50.0,1.0,2.0,4.0,2162366,2.0,2,4,2,0.0,,0.0,0,1962.0,B01,138Â 289Â 790,1.0,0.0,-1.0,1651017,1.0,7,,0.0,2.0,4.0,B01,138Â 289Â 790,1.0
967410,201900008941,11,23,19:05,3,2,1,2.0,2.0,34172,LIBERTE (AVENUE DE LA,M,"43,6093400","3,8380800",34,2019,50.0,1.0,2.0,4.0,2162367,1.0,1,4,2,9.0,,0.0,0,1962.0,B01,138Â 289Â 790,1.0,0.0,-1.0,1651016,1.0,7,,0.0,2.0,1.0,A01,138Â 289Â 789,1.0
967410,201900008941,11,23,19:05,3,2,1,2.0,2.0,34172,LIBERTE (AVENUE DE LA,M,"43,6093400","3,8380800",34,2019,50.0,1.0,2.0,4.0,2162367,1.0,1,4,2,9.0,,0.0,0,1962.0,B01,138Â 289Â 790,1.0,0.0,-1.0,1651017,1.0,7,,0.0,2.0,4.0,B01,138Â 289Â 790,1.0
967411,201900008942,11,23,17:46,5,2,1,1.0,2.0,34172,MENDES FRANCE (AVENUE PRESIDENT PIERRE,M,"43,6081200","3,9260700",34,2019,70.0,1.0,2.0,3.0,2162368,1.0,1,1,1,0.0,,0.0,0,2001.0,Z01,138Â 289Â 787,1.0,0.0,-1.0,1651018,2.0,7,,0.0,2.0,0.0,Z01,138Â 289Â 787,0.0
967411,201900008942,11,23,17:46,5,2,1,1.0,2.0,34172,MENDES FRANCE (AVENUE PRESIDENT PIERRE,M,"43,6081200","3,9260700",34,2019,70.0,1.0,2.0,3.0,2162368,1.0,1,1,1,0.0,,0.0,0,2001.0,Z01,138Â 289Â 787,1.0,0.0,-1.0,1651019,2.0,33,,0.0,2.0,5.0,B01,138Â 289Â 788,1.0
967411,201900008942,11,23,17:46,5,2,1,1.0,2.0,34172,MENDES FRANCE (AVENUE PRESIDENT PIERRE,M,"43,6081200","3,9260700",34,2019,70.0,1.0,2.0,3.0,2162369,1.0,1,3,1,0.0,,0.0,0,1990.0,B01,138Â 289Â 788,2.0,8.0,-1.0,1651018,2.0,7,,0.0,2.0,0.0,Z01,138Â 289Â 787,0.0
967411,201900008942,11,23,17:46,5,2,1,1.0,2.0,34172,MENDES FRANCE (AVENUE PRESIDENT PIERRE,M,"43,6081200","3,9260700",34,2019,70.0,1.0,2.0,3.0,2162369,1.0,1,3,1,0.0,,0.0,0,1990.0,B01,138Â 289Â 788,2.0,8.0,-1.0,1651019,2.0,33,,0.0,2.0,5.0,B01,138Â 289Â 788,1.0
967412,201900008943,11,23,16:50,2,2,9,1.0,3.0,34172,GOSSEC (RUE FRANCOIS-JOSEPH),M,"43,5751200","3,8597400",34,2019,50.0,1.0,1.0,3.0,2162370,1.0,1,1,1,0.0,,0.0,0,1998.0,B01,138Â 289Â 785,1.0,0.0,-1.0,1651020,2.0,7,,0.0,6.0,2.0,B01,138Â 289Â 785,1.0
967412,201900008943,11,23,16:50,2,2,9,1.0,3.0,34172,GOSSEC (RUE FRANCOIS-JOSEPH),M,"43,5751200","3,8597400",34,2019,50.0,1.0,1.0,3.0,2162370,1.0,1,1,1,0.0,,0.0,0,1998.0,B01,138Â 289Â 785,1.0,0.0,-1.0,1651021,2.0,1,,0.0,2.0,6.0,A01,138Â 289Â 786,6.0
967412,201900008943,11,23,16:50,2,2,9,1.0,3.0,34172,GOSSEC (RUE FRANCOIS-JOSEPH),M,"43,5751200","3,8597400",34,2019,50.0,1.0,1.0,3.0,2162371,1.0,1,4,1,0.0,,0.0,0,1974.0,A01,138Â 289Â 786,8.0,0.0,-1.0,1651020,2.0,7,,0.0,6.0,2.0,B01,138Â 289Â 785,1.0
967412,201900008943,11,23,16:50,2,2,9,1.0,3.0,34172,GOSSEC (RUE FRANCOIS-JOSEPH),M,"43,5751200","3,8597400",34,2019,50.0,1.0,1.0,3.0,2162371,1.0,1,4,1,0.0,,0.0,0,1974.0,A01,138Â 289Â 786,8.0,0.0,-1.0,1651021,2.0,1,,0.0,2.0,6.0,A01,138Â 289Â 786,6.0
967413,201900008944,11,23,04:50,3,2,1,9.0,6.0,32013,CORPS FRANC POMMIES (AVENUE DU),M,"43,6267000","0,5783000",32,2019,70.0,1.0,2.0,2.0,2162372,1.0,1,3,1,5.0,,0.0,0,1990.0,A01,138Â 289Â 781,1.0,-1.0,-1.0,1651022,2.0,7,,2.0,0.0,1.0,A01,138Â 289Â 781,1.0
967414,201900008945,11,20,18:15,5,2,4,1.0,6.0,25388,carrefour de l'Etuve et des AlliÃ©s,M,"47,5118900","6,7996800",25,2019,50.0,1.0,1.0,3.0,2162373,10.0,3,3,2,1.0,,2.0,3,1965.0,A01,138Â 289Â 780,8.0,0.0,-1.0,1651023,1.0,37,1.0,0.0,1.0,3.0,A01,138Â 289Â 780,0.0
967414,201900008945,11,20,18:15,5,2,4,1.0,6.0,25388,carrefour de l'Etuve et des AlliÃ©s,M,"47,5118900","6,7996800",25,2019,50.0,1.0,1.0,3.0,2162374,1.0,1,1,1,4.0,,-1.0,0,1981.0,A01,138Â 289Â 780,1.0,0.0,-1.0,1651023,1.0,37,1.0,0.0,1.0,3.0,A01,138Â 289Â 780,0.0
967415,201900008946,11,23,17:20,5,2,1,2.0,6.0,13213,CHEMIN DU MERLAN A LA ROSE ,M,"43,3301600","5,4127900",13,2019,50.0,1.0,2.0,4.0,2162375,1.0,1,1,1,0.0,,-1.0,0,1967.0,A01,138Â 289Â 779,1.0,8.0,-1.0,1651024,1.0,7,,0.0,1.0,1.0,A01,138Â 289Â 779,1.0
967415,201900008946,11,23,17:20,5,2,1,2.0,6.0,13213,CHEMIN DU MERLAN A LA ROSE ,M,"43,3301600","5,4127900",13,2019,50.0,1.0,2.0,4.0,2162376,10.0,3,3,2,3.0,,2.0,3,2009.0,A01,138Â 289Â 779,8.0,0.0,-1.0,1651024,1.0,7,,0.0,1.0,1.0,A01,138Â 289Â 779,1.0
967416,201900008947,11,23,15:50,1,2,3,2.0,3.0,13204,FRANÃOISE DUPARC (BOULEVARD),M,"43,3019000","5,4003000",13,2019,50.0,1.0,1.0,4.0,2162377,1.0,1,1,2,5.0,,-1.0, -1,1995.0,B01,138Â 289Â 777,1.0,8.0,-1.0,1651025,3.0,7,,0.0,2.0,1.0,B01,138Â 289Â 777,1.0
967416,201900008947,11,23,15:50,1,2,3,2.0,3.0,13204,FRANÃOISE DUPARC (BOULEVARD),M,"43,3019000","5,4003000",13,2019,50.0,1.0,1.0,4.0,2162377,1.0,1,1,2,5.0,,-1.0, -1,1995.0,B01,138Â 289Â 777,1.0,8.0,-1.0,1651026,3.0,7,,0.0,2.0,5.0,A01,138Â 289Â 778,1.0
967416,201900008947,11,23,15:50,1,2,3,2.0,3.0,13204,FRANÃOISE DUPARC (BOULEVARD),M,"43,3019000","5,4003000",13,2019,50.0,1.0,1.0,4.0,2162378,2.0,2,4,1,5.0,,-1.0, -1,2015.0,A01,138Â 289Â 778,1.0,0.0,-1.0,1651025,3.0,7,,0.0,2.0,1.0,B01,138Â 289Â 777,1.0
967416,201900008947,11,23,15:50,1,2,3,2.0,3.0,13204,FRANÃOISE DUPARC (BOULEVARD),M,"43,3019000","5,4003000",13,2019,50.0,1.0,1.0,4.0,2162378,2.0,2,4,1,5.0,,-1.0, -1,2015.0,A01,138Â 289Â 778,1.0,0.0,-1.0,1651026,3.0,7,,0.0,2.0,5.0,A01,138Â 289Â 778,1.0
967416,201900008947,11,23,15:50,1,2,3,2.0,3.0,13204,FRANÃOISE DUPARC (BOULEVARD),M,"43,3019000","5,4003000",13,2019,50.0,1.0,1.0,4.0,2162379,1.0,1,1,2,5.0,,-1.0, -1,1967.0,A01,138Â 289Â 778,1.0,8.0,-1.0,1651025,3.0,7,,0.0,2.0,1.0,B01,138Â 289Â 777,1.0
967416,201900008947,11,23,15:50,1,2,3,2.0,3.0,13204,FRANÃOISE DUPARC (BOULEVARD),M,"43,3019000","5,4003000",13,2019,50.0,1.0,1.0,4.0,2162379,1.0,1,1,2,5.0,,-1.0, -1,1967.0,A01,138Â 289Â 778,1.0,8.0,-1.0,1651026,3.0,7,,0.0,2.0,5.0,A01,138Â 289Â 778,1.0
967417,201900008948,11,23,06:45,5,2,1,3.0,3.0,13209,SCHLOESING (BOULEVARD),M,"43,2727200","5,4008600",13,2019,50.0,1.0,3.0,4.0,2162380,1.0,1,4,1,1.0,,0.0,0,1968.0,A01,138Â 289Â 776,1.0,8.0,-1.0,1651027,1.0,7,,0.0,2.0,2.0,Z01,138Â 289Â 775,0.0
967417,201900008948,11,23,06:45,5,2,1,3.0,3.0,13209,SCHLOESING (BOULEVARD),M,"43,2727200","5,4008600",13,2019,50.0,1.0,3.0,4.0,2162380,1.0,1,4,1,1.0,,0.0,0,1968.0,A01,138Â 289Â 776,1.0,8.0,-1.0,1651028,1.0,7,,7.0,2.0,8.0,A01,138Â 289Â 776,1.0
967418,201900008949,11,23,09:54,1,2,1,8.0,6.0,10387,GENERAL SARRAIL (RUE DU),M,"48,3131200","4,0634800",10,2019,50.0,1.0,2.0,4.0,2162381,1.0,1,1,1,4.0,,-1.0,0,1987.0,A01,138Â 289Â 774,1.0,0.0,-1.0,1651029,3.0,10,,0.0,1.0,4.0,A01,138Â 289Â 774,1.0
967418,201900008949,11,23,09:54,1,2,1,8.0,6.0,10387,GENERAL SARRAIL (RUE DU),M,"48,3131200","4,0634800",10,2019,50.0,1.0,2.0,4.0,2162382,10.0,3,4,2,0.0,,8.0,3,1971.0,A01,138Â 289Â 774,0.0,0.0,0.0,1651029,3.0,10,,0.0,1.0,4.0,A01,138Â 289Â 774,1.0
967419,201900008950,11,22,11:47,1,2,3,1.0,1.0,10362,VOIE DE CORPS (CHEMIN),M,"48,2906800","4,0198400",10,2019,50.0,1.0,1.0,4.0,2162383,1.0,1,1,1,5.0,,-1.0, -1,1944.0,A01,138Â 289Â 772,1.0,8.0,-1.0,1651030,3.0,7,,0.0,2.0,1.0,A01,138Â 289Â 772,1.0
967419,201900008950,11,22,11:47,1,2,3,1.0,1.0,10362,VOIE DE CORPS (CHEMIN),M,"48,2906800","4,0198400",10,2019,50.0,1.0,1.0,4.0,2162383,1.0,1,1,1,5.0,,-1.0, -1,1944.0,A01,138Â 289Â 772,1.0,8.0,-1.0,1651031,3.0,1,,0.0,2.0,8.0,B01,138Â 289Â 773,6.0
967419,201900008950,11,22,11:47,1,2,3,1.0,1.0,10362,VOIE DE CORPS (CHEMIN),M,"48,2906800","4,0198400",10,2019,50.0,1.0,1.0,4.0,2162384,1.0,1,4,1,2.0,,-1.0, -1,2004.0,B01,138Â 289Â 773,8.0,0.0,-1.0,1651030,3.0,7,,0.0,2.0,1.0,A01,138Â 289Â 772,1.0
967419,201900008950,11,22,11:47,1,2,3,1.0,1.0,10362,VOIE DE CORPS (CHEMIN),M,"48,2906800","4,0198400",10,2019,50.0,1.0,1.0,4.0,2162384,1.0,1,4,1,2.0,,-1.0, -1,2004.0,B01,138Â 289Â 773,8.0,0.0,-1.0,1651031,3.0,1,,0.0,2.0,8.0,B01,138Â 289Â 773,6.0
967420,201900008951,11,22,20:40,5,2,4,3.0,1.0,06012,"CORNICHE (MOYENNE, NÂ° 1 A 2015)",M,"43,7460590","7,4259930",6,2019,50.0,1.0,2.0,3.0,2162385,1.0,1,4,1,1.0,,0.0,0,1979.0,B01,138Â 289Â 770,1.0,0.0,-1.0,1651032,2.0,7,,0.0,2.0,1.0,B01,138Â 289Â 770,1.0
967420,201900008951,11,22,20:40,5,2,4,3.0,1.0,06012,"CORNICHE (MOYENNE, NÂ° 1 A 2015)",M,"43,7460590","7,4259930",6,2019,50.0,1.0,2.0,3.0,2162385,1.0,1,4,1,1.0,,0.0,0,1979.0,B01,138Â 289Â 770,1.0,0.0,-1.0,1651033,1.0,7,,0.0,2.0,1.0,A01,138Â 289Â 771,1.0
967420,201900008951,11,22,20:40,5,2,4,3.0,1.0,06012,"CORNICHE (MOYENNE, NÂ° 1 A 2015)",M,"43,7460590","7,4259930",6,2019,50.0,1.0,2.0,3.0,2162386,1.0,1,1,1,5.0,,0.0,0,2001.0,A01,138Â 289Â 771,1.0,0.0,-1.0,1651032,2.0,7,,0.0,2.0,1.0,B01,138Â 289Â 770,1.0
967420,201900008951,11,22,20:40,5,2,4,3.0,1.0,06012,"CORNICHE (MOYENNE, NÂ° 1 A 2015)",M,"43,7460590","7,4259930",6,2019,50.0,1.0,2.0,3.0,2162386,1.0,1,1,1,5.0,,0.0,0,2001.0,A01,138Â 289Â 771,1.0,0.0,-1.0,1651033,1.0,7,,0.0,2.0,1.0,A01,138Â 289Â 771,1.0
967421,201900008952,11,21,09:50,1,2,1,1.0,4.0,75112,BD PERIPHERIQUE EXTERIEUR,M,"48,8280740","2,3962980",75,2019,70.0,1.0,1.0,4.0,2162387,1.0,1,4,1,1.0,,0.0,0,1964.0,A01,138Â 289Â 766,2.0,6.0,-1.0,1651034,2.0,33,,0.0,2.0,3.0,A01,138Â 289Â 766,1.0
967421,201900008952,11,21,09:50,1,2,1,1.0,4.0,75112,BD PERIPHERIQUE EXTERIEUR,M,"48,8280740","2,3962980",75,2019,70.0,1.0,1.0,4.0,2162387,1.0,1,4,1,1.0,,0.0,0,1964.0,A01,138Â 289Â 766,2.0,6.0,-1.0,1651035,2.0,33,,0.0,2.0,7.0,B01,138Â 289Â 767,1.0
967421,201900008952,11,21,09:50,1,2,1,1.0,4.0,75112,BD PERIPHERIQUE EXTERIEUR,M,"48,8280740","2,3962980",75,2019,70.0,1.0,1.0,4.0,2162387,1.0,1,4,1,1.0,,0.0,0,1964.0,A01,138Â 289Â 766,2.0,6.0,-1.0,1651036,2.0,7,,0.0,2.0,2.0,C01,138Â 289Â 768,1.0
967421,201900008952,11,21,09:50,1,2,1,1.0,4.0,75112,BD PERIPHERIQUE EXTERIEUR,M,"48,8280740","2,3962980",75,2019,70.0,1.0,1.0,4.0,2162387,1.0,1,4,1,1.0,,0.0,0,1964.0,A01,138Â 289Â 766,2.0,6.0,-1.0,1651037,2.0,10,,0.0,2.0,6.0,D01,138Â 289Â 769,1.0
967421,201900008952,11,21,09:50,1,2,1,1.0,4.0,75112,BD PERIPHERIQUE EXTERIEUR,M,"48,8280740","2,3962980",75,2019,70.0,1.0,1.0,4.0,2162388,1.0,1,3,1,1.0,,0.0,0,1959.0,B01,138Â 289Â 767,2.0,6.0,-1.0,1651034,2.0,33,,0.0,2.0,3.0,A01,138Â 289Â 766,1.0
967421,201900008952,11,21,09:50,1,2,1,1.0,4.0,75112,BD PERIPHERIQUE EXTERIEUR,M,"48,8280740","2,3962980",75,2019,70.0,1.0,1.0,4.0,2162388,1.0,1,3,1,1.0,,0.0,0,1959.0,B01,138Â 289Â 767,2.0,6.0,-1.0,1651035,2.0,33,,0.0,2.0,7.0,B01,138Â 289Â 767,1.0
967421,201900008952,11,21,09:50,1,2,1,1.0,4.0,75112,BD PERIPHERIQUE EXTERIEUR,M,"48,8280740","2,3962980",75,2019,70.0,1.0,1.0,4.0,2162388,1.0,1,3,1,1.0,,0.0,0,1959.0,B01,138Â 289Â 767,2.0,6.0,-1.0,1651036,2.0,7,,0.0,2.0,2.0,C01,138Â 289Â 768,1.0
967421,201900008952,11,21,09:50,1,2,1,1.0,4.0,75112,BD PERIPHERIQUE EXTERIEUR,M,"48,8280740","2,3962980",75,2019,70.0,1.0,1.0,4.0,2162388,1.0,1,3,1,1.0,,0.0,0,1959.0,B01,138Â 289Â 767,2.0,6.0,-1.0,1651037,2.0,10,,0.0,2.0,6.0,D01,138Â 289Â 769,1.0
967421,201900008952,11,21,09:50,1,2,1,1.0,4.0,75112,BD PERIPHERIQUE EXTERIEUR,M,"48,8280740","2,3962980",75,2019,70.0,1.0,1.0,4.0,2162389,1.0,1,1,1,1.0,,0.0,0,1986.0,C01,138Â 289Â 768,1.0,0.0,-1.0,1651034,2.0,33,,0.0,2.0,3.0,A01,138Â 289Â 766,1.0
967421,201900008952,11,21,09:50,1,2,1,1.0,4.0,75112,BD PERIPHERIQUE EXTERIEUR,M,"48,8280740","2,3962980",75,2019,70.0,1.0,1.0,4.0,2162389,1.0,1,1,1,1.0,,0.0,0,1986.0,C01,138Â 289Â 768,1.0,0.0,-1.0,1651035,2.0,33,,0.0,2.0,7.0,B01,138Â 289Â 767,1.0
967421,201900008952,11,21,09:50,1,2,1,1.0,4.0,75112,BD PERIPHERIQUE EXTERIEUR,M,"48,8280740","2,3962980",75,2019,70.0,1.0,1.0,4.0,2162389,1.0,1,1,1,1.0,,0.0,0,1986.0,C01,138Â 289Â 768,1.0,0.0,-1.0,1651036,2.0,7,,0.0,2.0,2.0,C01,138Â 289Â 768,1.0
967421,201900008952,11,21,09:50,1,2,1,1.0,4.0,75112,BD PERIPHERIQUE EXTERIEUR,M,"48,8280740","2,3962980",75,2019,70.0,1.0,1.0,4.0,2162389,1.0,1,1,1,1.0,,0.0,0,1986.0,C01,138Â 289Â 768,1.0,0.0,-1.0,1651037,2.0,10,,0.0,2.0,6.0,D01,138Â 289Â 769,1.0
967421,201900008952,11,21,09:50,1,2,1,1.0,4.0,75112,BD PERIPHERIQUE EXTERIEUR,M,"48,8280740","2,3962980",75,2019,70.0,1.0,1.0,4.0,2162390,1.0,1,1,1,4.0,,0.0,0,1993.0,D01,138Â 289Â 769,1.0,0.0,-1.0,1651034,2.0,33,,0.0,2.0,3.0,A01,138Â 289Â 766,1.0
967421,201900008952,11,21,09:50,1,2,1,1.0,4.0,75112,BD PERIPHERIQUE EXTERIEUR,M,"48,8280740","2,3962980",75,2019,70.0,1.0,1.0,4.0,2162390,1.0,1,1,1,4.0,,0.0,0,1993.0,D01,138Â 289Â 769,1.0,0.0,-1.0,1651035,2.0,33,,0.0,2.0,7.0,B01,138Â 289Â 767,1.0
967421,201900008952,11,21,09:50,1,2,1,1.0,4.0,75112,BD PERIPHERIQUE EXTERIEUR,M,"48,8280740","2,3962980",75,2019,70.0,1.0,1.0,4.0,2162390,1.0,1,1,1,4.0,,0.0,0,1993.0,D01,138Â 289Â 769,1.0,0.0,-1.0,1651036,2.0,7,,0.0,2.0,2.0,C01,138Â 289Â 768,1.0
967421,201900008952,11,21,09:50,1,2,1,1.0,4.0,75112,BD PERIPHERIQUE EXTERIEUR,M,"48,8280740","2,3962980",75,2019,70.0,1.0,1.0,4.0,2162390,1.0,1,1,1,4.0,,0.0,0,1993.0,D01,138Â 289Â 769,1.0,0.0,-1.0,1651037,2.0,10,,0.0,2.0,6.0,D01,138Â 289Â 769,1.0
967422,201900008953,11,22,19:17,5,2,1,1.0,4.0,75115,PONT DU GARIGLIANO,M,"48,8392210","2,2686180",75,2019,50.0,1.0,1.0,4.0,2162391,1.0,1,1,1,4.0,,0.0,0,1964.0,C01,138Â 289Â 763,1.0,0.0,-1.0,1651038,1.0,10,,0.0,2.0,1.0,C01,138Â 289Â 763,1.0
967422,201900008953,11,22,19:17,5,2,1,1.0,4.0,75115,PONT DU GARIGLIANO,M,"48,8392210","2,2686180",75,2019,50.0,1.0,1.0,4.0,2162391,1.0,1,1,1,4.0,,0.0,0,1964.0,C01,138Â 289Â 763,1.0,0.0,-1.0,1651039,1.0,33,,0.0,2.0,1.0,B01,138Â 289Â 764,1.0
967422,201900008953,11,22,19:17,5,2,1,1.0,4.0,75115,PONT DU GARIGLIANO,M,"48,8392210","2,2686180",75,2019,50.0,1.0,1.0,4.0,2162391,1.0,1,1,1,4.0,,0.0,0,1964.0,C01,138Â 289Â 763,1.0,0.0,-1.0,1651040,1.0,7,,0.0,2.0,6.0,A01,138Â 289Â 765,1.0
967422,201900008953,11,22,19:17,5,2,1,1.0,4.0,75115,PONT DU GARIGLIANO,M,"48,8392210","2,2686180",75,2019,50.0,1.0,1.0,4.0,2162392,1.0,1,2,1,0.0,,0.0,0,1967.0,B01,138Â 289Â 764,2.0,6.0,-1.0,1651038,1.0,10,,0.0,2.0,1.0,C01,138Â 289Â 763,1.0
967422,201900008953,11,22,19:17,5,2,1,1.0,4.0,75115,PONT DU GARIGLIANO,M,"48,8392210","2,2686180",75,2019,50.0,1.0,1.0,4.0,2162392,1.0,1,2,1,0.0,,0.0,0,1967.0,B01,138Â 289Â 764,2.0,6.0,-1.0,1651039,1.0,33,,0.0,2.0,1.0,B01,138Â 289Â 764,1.0
967422,201900008953,11,22,19:17,5,2,1,1.0,4.0,75115,PONT DU GARIGLIANO,M,"48,8392210","2,2686180",75,2019,50.0,1.0,1.0,4.0,2162392,1.0,1,2,1,0.0,,0.0,0,1967.0,B01,138Â 289Â 764,2.0,6.0,-1.0,1651040,1.0,7,,0.0,2.0,6.0,A01,138Â 289Â 765,1.0
967422,201900008953,11,22,19:17,5,2,1,1.0,4.0,75115,PONT DU GARIGLIANO,M,"48,8392210","2,2686180",75,2019,50.0,1.0,1.0,4.0,2162393,1.0,1,1,1,0.0,,0.0,0,1984.0,A01,138Â 289Â 765,1.0,0.0,-1.0,1651038,1.0,10,,0.0,2.0,1.0,C01,138Â 289Â 763,1.0
967422,201900008953,11,22,19:17,5,2,1,1.0,4.0,75115,PONT DU GARIGLIANO,M,"48,8392210","2,2686180",75,2019,50.0,1.0,1.0,4.0,2162393,1.0,1,1,1,0.0,,0.0,0,1984.0,A01,138Â 289Â 765,1.0,0.0,-1.0,1651039,1.0,33,,0.0,2.0,1.0,B01,138Â 289Â 764,1.0
967422,201900008953,11,22,19:17,5,2,1,1.0,4.0,75115,PONT DU GARIGLIANO,M,"48,8392210","2,2686180",75,2019,50.0,1.0,1.0,4.0,2162393,1.0,1,1,1,0.0,,0.0,0,1984.0,A01,138Â 289Â 765,1.0,0.0,-1.0,1651040,1.0,7,,0.0,2.0,6.0,A01,138Â 289Â 765,1.0
967423,201900008954,11,23,12:00,1,2,3,8.0,3.0,75118,RUE DE L EVANGILE,M,"48,8958069","2,3712783",75,2019,50.0,1.0,2.0,4.0,2162394,1.0,1,1,1,4.0,,0.0,0,1992.0,B01,138Â 289Â 761,1.0,0.0,-1.0,1651041,2.0,10,,0.0,2.0,3.0,B01,138Â 289Â 761,1.0
967423,201900008954,11,23,12:00,1,2,3,8.0,3.0,75118,RUE DE L EVANGILE,M,"48,8958069","2,3712783",75,2019,50.0,1.0,2.0,4.0,2162394,1.0,1,1,1,4.0,,0.0,0,1992.0,B01,138Â 289Â 761,1.0,0.0,-1.0,1651042,2.0,50,,0.0,2.0,1.0,A01,138Â 289Â 762,3.0
967423,201900008954,11,23,12:00,1,2,3,8.0,3.0,75118,RUE DE L EVANGILE,M,"48,8958069","2,3712783",75,2019,50.0,1.0,2.0,4.0,2162395,1.0,1,4,1,1.0,,0.0,0,1993.0,A01,138Â 289Â 762,2.0,8.0,-1.0,1651041,2.0,10,,0.0,2.0,3.0,B01,138Â 289Â 761,1.0
967423,201900008954,11,23,12:00,1,2,3,8.0,3.0,75118,RUE DE L EVANGILE,M,"48,8958069","2,3712783",75,2019,50.0,1.0,2.0,4.0,2162395,1.0,1,4,1,1.0,,0.0,0,1993.0,A01,138Â 289Â 762,2.0,8.0,-1.0,1651042,2.0,50,,0.0,2.0,1.0,A01,138Â 289Â 762,3.0
967424,201900008955,11,23,09:55,1,2,3,2.0,6.0,75116,RUE POUSSIN,M,"48,8488376","2,2647379",75,2019,50.0,1.0,2.0,4.0,2162396,10.0,3,4,2,5.0,,3.0,3,1939.0,A01,138Â 289Â 760,0.0,-1.0,-1.0,1651043,1.0,7,,0.0,1.0,3.0,A01,138Â 289Â 760,1.0
967424,201900008955,11,23,09:55,1,2,3,2.0,6.0,75116,RUE POUSSIN,M,"48,8488376","2,2647379",75,2019,50.0,1.0,2.0,4.0,2162397,1.0,1,1,1,5.0,,0.0,0,1962.0,A01,138Â 289Â 760,1.0,0.0,-1.0,1651043,1.0,7,,0.0,1.0,3.0,A01,138Â 289Â 760,1.0
967425,201900008956,11,23,09:30,1,2,4,2.0,6.0,75115,RUE DE LA CONVENTION,M,"48,8370086","2,2971457",75,2019,50.0,1.0,2.0,4.0,2162398,10.0,3,4,1,3.0,,2.0,3,1944.0,A01,138Â 289Â 759,0.0,-1.0,-1.0,1651044,2.0,37,1.0,0.0,1.0,7.0,A01,138Â 289Â 759,1.0
967425,201900008956,11,23,09:30,1,2,4,2.0,6.0,75115,RUE DE LA CONVENTION,M,"48,8370086","2,2971457",75,2019,50.0,1.0,2.0,4.0,2162399,1.0,1,1,1,4.0,,0.0,0,1993.0,A01,138Â 289Â 759,1.0,0.0,-1.0,1651044,2.0,37,1.0,0.0,1.0,7.0,A01,138Â 289Â 759,1.0
967426,201900008957,11,22,22:40,3,2,1,2.0,2.0,75115,QUAI D ISSY LES MOULINEAUX,M,"48,8363130","2,2673142",75,2019,50.0,1.0,2.0,4.0,2162400,1.0,1,4,2,0.0,,0.0,0,1990.0,A01,138Â 289Â 757,1.0,0.0,-1.0,1651045,1.0,7,,0.0,2.0,3.0,A01,138Â 289Â 757,1.0
967426,201900008957,11,22,22:40,3,2,1,2.0,2.0,75115,QUAI D ISSY LES MOULINEAUX,M,"48,8363130","2,2673142",75,2019,50.0,1.0,2.0,4.0,2162400,1.0,1,4,2,0.0,,0.0,0,1990.0,A01,138Â 289Â 757,1.0,0.0,-1.0,1651046,1.0,7,,0.0,2.0,4.0,B01,138Â 289Â 758,1.0
967426,201900008957,11,22,22:40,3,2,1,2.0,2.0,75115,QUAI D ISSY LES MOULINEAUX,M,"48,8363130","2,2673142",75,2019,50.0,1.0,2.0,4.0,2162401,4.0,2,4,1,0.0,,0.0,0,1999.0,B01,138Â 289Â 758,1.0,0.0,-1.0,1651045,1.0,7,,0.0,2.0,3.0,A01,138Â 289Â 757,1.0
967426,201900008957,11,22,22:40,3,2,1,2.0,2.0,75115,QUAI D ISSY LES MOULINEAUX,M,"48,8363130","2,2673142",75,2019,50.0,1.0,2.0,4.0,2162401,4.0,2,4,1,0.0,,0.0,0,1999.0,B01,138Â 289Â 758,1.0,0.0,-1.0,1651046,1.0,7,,0.0,2.0,4.0,B01,138Â 289Â 758,1.0
967426,201900008957,11,22,22:40,3,2,1,2.0,2.0,75115,QUAI D ISSY LES MOULINEAUX,M,"48,8363130","2,2673142",75,2019,50.0,1.0,2.0,4.0,2162402,1.0,1,4,1,0.0,,0.0,0,1986.0,B01,138Â 289Â 758,1.0,0.0,-1.0,1651045,1.0,7,,0.0,2.0,3.0,A01,138Â 289Â 757,1.0
967426,201900008957,11,22,22:40,3,2,1,2.0,2.0,75115,QUAI D ISSY LES MOULINEAUX,M,"48,8363130","2,2673142",75,2019,50.0,1.0,2.0,4.0,2162402,1.0,1,4,1,0.0,,0.0,0,1986.0,B01,138Â 289Â 758,1.0,0.0,-1.0,1651046,1.0,7,,0.0,2.0,4.0,B01,138Â 289Â 758,1.0