Unnamed: 0_x,num_acc,mois,jour,hrmn,lum,agg,int,atm,col,com,adr,gps,lat,long,dep,annee,vma,situ,surf,catr,Unnamed: 0_y,place,catu,grav,sexe,trajet,secu,locp,actp,an_nais,num_veh_x,id_vehicule_x,secu1,secu2,secu3,Unnamed: 0,senc,catv,occutc,obs,obsm,choc,num_veh_y,id_vehicule_y,motor
967426,201900008957,11,22,22:40,3,2,1,2.0,2.0,75115,QUAI D ISSY LES MOULINEAUX,M,"48,8363130","2,2673142",75,2019,50.0,1.0,2.0,4.0,2162403,2.0,2,4,1,0.0,,0.0,0,1999.0,B01,138Â 289Â 758,1.0,0.0,-1.0,1651045,1.0,7,,0.0,2.0,3.0,A01,138Â 289Â 757,1.0
967426,201900008957,11,22,22:40,3,2,1,2.0,2.0,75115,QUAI D ISSY LES MOULINEAUX,M,"48,8363130","2,2673142",75,2019,50.0,1.0,2.0,4.0,2162403,2.0,2,4,1,0.0,,0.0,0,1999.0,B01,138Â 289Â 758,1.0,0.0,-1.0,1651046,1.0,7,,0.0,2.0,4.0,B01,138Â 289Â 758,1.0
967427,201900008958,11,23,19:15,5,2,4,1.0,3.0,75114,BOULEVARD RASPAIL,M,"48,8414885","2,3297742",75,2019,50.0,1.0,2.0,4.0,2162404,1.0,1,4,1,1.0,,0.0,0,1980.0,B01,138Â 289Â 755,2.0,6.0,-1.0,1651047,2.0,30,,0.0,2.0,2.0,B01,138Â 289Â 755,1.0
967427,201900008958,11,23,19:15,5,2,4,1.0,3.0,75114,BOULEVARD RASPAIL,M,"48,8414885","2,3297742",75,2019,50.0,1.0,2.0,4.0,2162404,1.0,1,4,1,1.0,,0.0,0,1980.0,B01,138Â 289Â 755,2.0,6.0,-1.0,1651048,2.0,7,,0.0,2.0,0.0,A01,138Â 289Â 756,1.0
967427,201900008958,11,23,19:15,5,2,4,1.0,3.0,75114,BOULEVARD RASPAIL,M,"48,8414885","2,3297742",75,2019,50.0,1.0,2.0,4.0,2162405,1.0,1,1,1,9.0,,0.0,0,1996.0,A01,138Â 289Â 756,1.0,0.0,-1.0,1651047,2.0,30,,0.0,2.0,2.0,B01,138Â 289Â 755,1.0
967427,201900008958,11,23,19:15,5,2,4,1.0,3.0,75114,BOULEVARD RASPAIL,M,"48,8414885","2,3297742",75,2019,50.0,1.0,2.0,4.0,2162405,1.0,1,1,1,9.0,,0.0,0,1996.0,A01,138Â 289Â 756,1.0,0.0,-1.0,1651048,2.0,7,,0.0,2.0,0.0,A01,138Â 289Â 756,1.0
967428,201900008959,11,23,22:15,5,2,4,1.0,6.0,75111,AVENUE DE LA REPUBLIQUE,M,"48,8666337","2,3673250",75,2019,50.0,1.0,1.0,4.0,2162406,1.0,1,4,1,5.0,,0.0,0,1999.0,A01,138Â 289Â 753,2.0,6.0,-1.0,1651049,1.0,30,,0.0,2.0,2.0,A01,138Â 289Â 753,1.0
967428,201900008959,11,23,22:15,5,2,4,1.0,6.0,75111,AVENUE DE LA REPUBLIQUE,M,"48,8666337","2,3673250",75,2019,50.0,1.0,1.0,4.0,2162406,1.0,1,4,1,5.0,,0.0,0,1999.0,A01,138Â 289Â 753,2.0,6.0,-1.0,1651050,2.0,30,,0.0,2.0,1.0,Z01,138Â 289Â 754,0.0
967429,201900008960,11,23,21:20,5,2,4,1.0,3.0,75111,AVENUE DE LA REPUBLIQUE,M,"48,8656422","2,3725686",75,2019,30.0,1.0,1.0,4.0,2162407,1.0,1,4,1,0.0,,0.0,0,1982.0,B01,138Â 289Â 751,2.0,6.0,-1.0,1651051,1.0,33,,0.0,2.0,7.0,B01,138Â 289Â 751,1.0
967429,201900008960,11,23,21:20,5,2,4,1.0,3.0,75111,AVENUE DE LA REPUBLIQUE,M,"48,8656422","2,3725686",75,2019,30.0,1.0,1.0,4.0,2162407,1.0,1,4,1,0.0,,0.0,0,1982.0,B01,138Â 289Â 751,2.0,6.0,-1.0,1651052,1.0,7,,0.0,2.0,3.0,A01,138Â 289Â 752,1.0
967429,201900008960,11,23,21:20,5,2,4,1.0,3.0,75111,AVENUE DE LA REPUBLIQUE,M,"48,8656422","2,3725686",75,2019,30.0,1.0,1.0,4.0,2162408,1.0,1,1,1,0.0,,0.0,0,1997.0,A01,138Â 289Â 752,1.0,0.0,-1.0,1651051,1.0,33,,0.0,2.0,7.0,B01,138Â 289Â 751,1.0
967429,201900008960,11,23,21:20,5,2,4,1.0,3.0,75111,AVENUE DE LA REPUBLIQUE,M,"48,8656422","2,3725686",75,2019,30.0,1.0,1.0,4.0,2162408,1.0,1,1,1,0.0,,0.0,0,1997.0,A01,138Â 289Â 752,1.0,0.0,-1.0,1651052,1.0,7,,0.0,2.0,3.0,A01,138Â 289Â 752,1.0
967430,201900008961,11,23,17:15,2,2,2,1.0,6.0,75110,RUE DE L AQUEDUC,M,"48,8820952","2,3633909",75,2019,50.0,1.0,2.0,4.0,2162409,10.0,3,4,1,3.0,,3.0,3,1933.0,A01,138Â 289Â 750,0.0,-1.0,-1.0,1651053,1.0,7,,0.0,1.0,2.0,A01,138Â 289Â 750,1.0
967430,201900008961,11,23,17:15,2,2,2,1.0,6.0,75110,RUE DE L AQUEDUC,M,"48,8820952","2,3633909",75,2019,50.0,1.0,2.0,4.0,2162410,1.0,1,1,1,5.0,,0.0,0,1970.0,A01,138Â 289Â 750,0.0,-1.0,-1.0,1651053,1.0,7,,0.0,1.0,2.0,A01,138Â 289Â 750,1.0
967431,201900008962,11,23,13:40,1,2,2,8.0,3.0,75110,BOULEVARD DE MAGENTA,M,"48,8749130","2,3573020",75,2019,50.0,1.0,2.0,4.0,2162411,1.0,1,1,2,5.0,,0.0,0,2000.0,A01,138Â 289Â 748,1.0,0.0,-1.0,1651054,2.0,7,,0.0,2.0,2.0,A01,138Â 289Â 748,1.0
967431,201900008962,11,23,13:40,1,2,2,8.0,3.0,75110,BOULEVARD DE MAGENTA,M,"48,8749130","2,3573020",75,2019,50.0,1.0,2.0,4.0,2162411,1.0,1,1,2,5.0,,0.0,0,2000.0,A01,138Â 289Â 748,1.0,0.0,-1.0,1651055,1.0,30,,0.0,2.0,1.0,B01,138Â 289Â 749,1.0
967431,201900008962,11,23,13:40,1,2,2,8.0,3.0,75110,BOULEVARD DE MAGENTA,M,"48,8749130","2,3573020",75,2019,50.0,1.0,2.0,4.0,2162412,1.0,1,4,1,5.0,,0.0,0,2001.0,B01,138Â 289Â 749,2.0,6.0,-1.0,1651054,2.0,7,,0.0,2.0,2.0,A01,138Â 289Â 748,1.0
967431,201900008962,11,23,13:40,1,2,2,8.0,3.0,75110,BOULEVARD DE MAGENTA,M,"48,8749130","2,3573020",75,2019,50.0,1.0,2.0,4.0,2162412,1.0,1,4,1,5.0,,0.0,0,2001.0,B01,138Â 289Â 749,2.0,6.0,-1.0,1651055,1.0,30,,0.0,2.0,1.0,B01,138Â 289Â 749,1.0
967432,201900008963,11,23,03:55,5,2,1,2.0,7.0,75101,RUE DE RIVOLI,M,"48,8634430","2,3330360",75,2019,50.0,6.0,2.0,4.0,2162413,1.0,1,4,1,5.0,,0.0,0,1991.0,A01,138Â 289Â 747,8.0,2.0,-1.0,1651056,2.0,50,,0.0,0.0,0.0,A01,138Â 289Â 747,3.0
967433,201900008964,11,23,10:00,1,2,2,2.0,3.0,94068,FOCH (AV),M,"48,7994300","2,4990000",94,2019,50.0,1.0,2.0,3.0,2162414,1.0,1,4,2,1.0,,-1.0,0,1970.0,B01,138Â 289Â 745,1.0,5.0,-1.0,1651057,2.0,7,,0.0,2.0,3.0,B01,138Â 289Â 745,1.0
967433,201900008964,11,23,10:00,1,2,2,2.0,3.0,94068,FOCH (AV),M,"48,7994300","2,4990000",94,2019,50.0,1.0,2.0,3.0,2162414,1.0,1,4,2,1.0,,-1.0,0,1970.0,B01,138Â 289Â 745,1.0,5.0,-1.0,1651058,2.0,7,,0.0,2.0,1.0,A01,138Â 289Â 746,1.0
967433,201900008964,11,23,10:00,1,2,2,2.0,3.0,94068,FOCH (AV),M,"48,7994300","2,4990000",94,2019,50.0,1.0,2.0,3.0,2162415,1.0,1,1,1,9.0,,-1.0,0,1987.0,A01,138Â 289Â 746,1.0,0.0,-1.0,1651057,2.0,7,,0.0,2.0,3.0,B01,138Â 289Â 745,1.0
967433,201900008964,11,23,10:00,1,2,2,2.0,3.0,94068,FOCH (AV),M,"48,7994300","2,4990000",94,2019,50.0,1.0,2.0,3.0,2162415,1.0,1,1,1,9.0,,-1.0,0,1987.0,A01,138Â 289Â 746,1.0,0.0,-1.0,1651058,2.0,7,,0.0,2.0,1.0,A01,138Â 289Â 746,1.0
967433,201900008964,11,23,10:00,1,2,2,2.0,3.0,94068,FOCH (AV),M,"48,7994300","2,4990000",94,2019,50.0,1.0,2.0,3.0,2162416,2.0,2,1,2,0.0,,-1.0,0,1994.0,A01,138Â 289Â 746,8.0,0.0,-1.0,1651057,2.0,7,,0.0,2.0,3.0,B01,138Â 289Â 745,1.0
967433,201900008964,11,23,10:00,1,2,2,2.0,3.0,94068,FOCH (AV),M,"48,7994300","2,4990000",94,2019,50.0,1.0,2.0,3.0,2162416,2.0,2,1,2,0.0,,-1.0,0,1994.0,A01,138Â 289Â 746,8.0,0.0,-1.0,1651058,2.0,7,,0.0,2.0,1.0,A01,138Â 289Â 746,1.0
967434,201900008965,11,23,14:50,1,2,9,8.0,3.0,94028,CHOISY(ROUTE DE),M,"48,7883800","2,4512400",94,2019,50.0,1.0,1.0,3.0,2162417,1.0,1,3,2,4.0,,-1.0,0,1976.0,B01,138Â 289Â 743,1.0,0.0,-1.0,1651059,2.0,7,,0.0,2.0,3.0,B01,138Â 289Â 743,1.0
967434,201900008965,11,23,14:50,1,2,9,8.0,3.0,94028,CHOISY(ROUTE DE),M,"48,7883800","2,4512400",94,2019,50.0,1.0,1.0,3.0,2162417,1.0,1,3,2,4.0,,-1.0,0,1976.0,B01,138Â 289Â 743,1.0,0.0,-1.0,1651060,2.0,10,,0.0,2.0,1.0,A01,138Â 289Â 744,1.0
967434,201900008965,11,23,14:50,1,2,9,8.0,3.0,94028,CHOISY(ROUTE DE),M,"48,7883800","2,4512400",94,2019,50.0,1.0,1.0,3.0,2162418,1.0,1,1,1,0.0,,-1.0,0,1994.0,A01,138Â 289Â 744,1.0,0.0,-1.0,1651059,2.0,7,,0.0,2.0,3.0,B01,138Â 289Â 743,1.0
967434,201900008965,11,23,14:50,1,2,9,8.0,3.0,94028,CHOISY(ROUTE DE),M,"48,7883800","2,4512400",94,2019,50.0,1.0,1.0,3.0,2162418,1.0,1,1,1,0.0,,-1.0,0,1994.0,A01,138Â 289Â 744,1.0,0.0,-1.0,1651060,2.0,10,,0.0,2.0,1.0,A01,138Â 289Â 744,1.0
967434,201900008965,11,23,14:50,1,2,9,8.0,3.0,94028,CHOISY(ROUTE DE),M,"48,7883800","2,4512400",94,2019,50.0,1.0,1.0,3.0,2162419,2.0,2,1,2,4.0,,-1.0,0,1993.0,A01,138Â 289Â 744,8.0,0.0,-1.0,1651059,2.0,7,,0.0,2.0,3.0,B01,138Â 289Â 743,1.0
967434,201900008965,11,23,14:50,1,2,9,8.0,3.0,94028,CHOISY(ROUTE DE),M,"48,7883800","2,4512400",94,2019,50.0,1.0,1.0,3.0,2162419,2.0,2,1,2,4.0,,-1.0,0,1993.0,A01,138Â 289Â 744,8.0,0.0,-1.0,1651060,2.0,10,,0.0,2.0,1.0,A01,138Â 289Â 744,1.0
967435,201900008966,11,23,17:55,5,2,1,8.0,6.0,94019,CHAMPLAIN (AV),M,"48,7900000","2,5500000",94,2019,30.0,8.0,2.0,6.0,2162420,10.0,3,4,2,3.0,,8.0,1,2013.0,Z01,138Â 289Â 742,8.0,0.0,-1.0,1651061,1.0,7,,0.0,1.0,3.0,Z01,138Â 289Â 742,1.0
967436,201900008967,11,23,17:46,5,2,6,1.0,2.0,94055,CUVETTE DE CHAMPLAIN,M,"48,7916500","2,5559400",94,2019,50.0,1.0,2.0,3.0,2162421,2.0,2,4,1,5.0,,-1.0,0,2019.0,A01,138Â 289Â 740,3.0,0.0,-1.0,1651062,2.0,7,,0.0,2.0,1.0,A01,138Â 289Â 740,1.0
967436,201900008967,11,23,17:46,5,2,6,1.0,2.0,94055,CUVETTE DE CHAMPLAIN,M,"48,7916500","2,5559400",94,2019,50.0,1.0,2.0,3.0,2162421,2.0,2,4,1,5.0,,-1.0,0,2019.0,A01,138Â 289Â 740,3.0,0.0,-1.0,1651063,2.0,7,,0.0,2.0,4.0,B01,138Â 289Â 741,1.0
967436,201900008967,11,23,17:46,5,2,6,1.0,2.0,94055,CUVETTE DE CHAMPLAIN,M,"48,7916500","2,5559400",94,2019,50.0,1.0,2.0,3.0,2162422,1.0,1,4,2,5.0,,-1.0, -1,1993.0,A01,138Â 289Â 740,1.0,0.0,-1.0,1651062,2.0,7,,0.0,2.0,1.0,A01,138Â 289Â 740,1.0
967436,201900008967,11,23,17:46,5,2,6,1.0,2.0,94055,CUVETTE DE CHAMPLAIN,M,"48,7916500","2,5559400",94,2019,50.0,1.0,2.0,3.0,2162422,1.0,1,4,2,5.0,,-1.0, -1,1993.0,A01,138Â 289Â 740,1.0,0.0,-1.0,1651063,2.0,7,,0.0,2.0,4.0,B01,138Â 289Â 741,1.0
967436,201900008967,11,23,17:46,5,2,6,1.0,2.0,94055,CUVETTE DE CHAMPLAIN,M,"48,7916500","2,5559400",94,2019,50.0,1.0,2.0,3.0,2162423,1.0,1,1,1,5.0,,-1.0, -1,1992.0,B01,138Â 289Â 741,1.0,0.0,-1.0,1651062,2.0,7,,0.0,2.0,1.0,A01,138Â 289Â 740,1.0
967436,201900008967,11,23,17:46,5,2,6,1.0,2.0,94055,CUVETTE DE CHAMPLAIN,M,"48,7916500","2,5559400",94,2019,50.0,1.0,2.0,3.0,2162423,1.0,1,1,1,5.0,,-1.0, -1,1992.0,B01,138Â 289Â 741,1.0,0.0,-1.0,1651063,2.0,7,,0.0,2.0,4.0,B01,138Â 289Â 741,1.0
967437,201900008968,11,22,22:20,3,2,1,2.0,7.0,94048,MAROLLES A GRANDE PATTE D'OIE (CHE),M,"48,7500000","2,5571000",94,2019,50.0,1.0,2.0,4.0,2162424,1.0,1,3,2,5.0,,-1.0,0,2001.0,A01,138Â 289Â 739,1.0,5.0,-1.0,1651064,3.0,10,,13.0,0.0,2.0,A01,138Â 289Â 739,0.0
967438,201900008969,11,22,09:30,1,2,1,2.0,6.0,94002,BLANQUI (QU),M,"48,8120000","2,4109200",94,2019,50.0,1.0,2.0,3.0,2162425,10.0,3,4,2,5.0,,2.0,3,1998.0,A01,138Â 289Â 738,8.0,0.0,-1.0,1651065,2.0,34,,0.0,1.0,1.0,A01,138Â 289Â 738,1.0
967438,201900008969,11,22,09:30,1,2,1,2.0,6.0,94002,BLANQUI (QU),M,"48,8120000","2,4109200",94,2019,50.0,1.0,2.0,3.0,2162426,1.0,1,1,1,1.0,,0.0,0,1975.0,A01,138Â 289Â 738,2.0,6.0,-1.0,1651065,2.0,34,,0.0,1.0,1.0,A01,138Â 289Â 738,1.0
967439,201900008970,11,23,15:40,1,1,1,2.0,7.0,93073,CHAPIT RE ( RUE DU),M,"49,0051000","2,5577200",93,2019,50.0,1.0,2.0,9.0,2162427,1.0,1,4,1,5.0,,-1.0, -1,1993.0,A01,138Â 289Â 737,2.0,6.0,-1.0,1651066,3.0,33,,0.0,0.0,0.0,A01,138Â 289Â 737,1.0
967440,201900008971,11,5,22:45,5,2,2,1.0,4.0,93066,ELUARD PAUL NR 2 A 36 ET 1 A 49,M,"48,9394380","2,3450339",93,2019,50.0,1.0,1.0,3.0,2162428,1.0,1,4,2,5.0,,-1.0, -1,1993.0,B01,138Â 289Â 735,1.0,0.0,-1.0,1651067,1.0,0,,0.0,6.0,0.0,Z01,138Â 289Â 734,0.0
967440,201900008971,11,5,22:45,5,2,2,1.0,4.0,93066,ELUARD PAUL NR 2 A 36 ET 1 A 49,M,"48,9394380","2,3450339",93,2019,50.0,1.0,1.0,3.0,2162428,1.0,1,4,2,5.0,,-1.0, -1,1993.0,B01,138Â 289Â 735,1.0,0.0,-1.0,1651068,1.0,7,,0.0,2.0,1.0,B01,138Â 289Â 735,0.0
967440,201900008971,11,5,22:45,5,2,2,1.0,4.0,93066,ELUARD PAUL NR 2 A 36 ET 1 A 49,M,"48,9394380","2,3450339",93,2019,50.0,1.0,1.0,3.0,2162428,1.0,1,4,2,5.0,,-1.0, -1,1993.0,B01,138Â 289Â 735,1.0,0.0,-1.0,1651069,1.0,7,,0.0,2.0,1.0,C01,138Â 289Â 736,1.0
967441,201900008972,11,22,23:40,5,2,2,2.0,3.0,93077,GRANDE RUE,M,"48,8825200","2,5249100",93,2019,50.0,1.0,2.0,3.0,2162429,1.0,1,4,2,1.0,,-1.0, -1,1997.0,A01,138Â 289Â 732,2.0,6.0,-1.0,1651070,1.0,31,,0.0,2.0,2.0,A01,138Â 289Â 732,1.0
967441,201900008972,11,22,23:40,5,2,2,2.0,3.0,93077,GRANDE RUE,M,"48,8825200","2,5249100",93,2019,50.0,1.0,2.0,3.0,2162429,1.0,1,4,2,1.0,,-1.0, -1,1997.0,A01,138Â 289Â 732,2.0,6.0,-1.0,1651071,1.0,7,,0.0,2.0,6.0,B01,138Â 289Â 733,1.0
967441,201900008972,11,22,23:40,5,2,2,2.0,3.0,93077,GRANDE RUE,M,"48,8825200","2,5249100",93,2019,50.0,1.0,2.0,3.0,2162430,1.0,1,1,1,9.0,,-1.0, -1,1981.0,B01,138Â 289Â 733,1.0,5.0,-1.0,1651070,1.0,31,,0.0,2.0,2.0,A01,138Â 289Â 732,1.0
967441,201900008972,11,22,23:40,5,2,2,2.0,3.0,93077,GRANDE RUE,M,"48,8825200","2,5249100",93,2019,50.0,1.0,2.0,3.0,2162430,1.0,1,1,1,9.0,,-1.0, -1,1981.0,B01,138Â 289Â 733,1.0,5.0,-1.0,1651071,1.0,7,,0.0,2.0,6.0,B01,138Â 289Â 733,1.0
967442,201900008973,11,23,12:35,1,2,2,3.0,3.0,93048,ROSNY (RUE DE),M,"48,8618400","2,4465300",93,2019,50.0,1.0,2.0,3.0,2162431,1.0,1,1,1,0.0,,-1.0, -1,1980.0,B01,138Â 289Â 730,1.0,0.0,-1.0,1651072,2.0,7,,0.0,0.0,0.0,B01,138Â 289Â 730,0.0
967442,201900008973,11,23,12:35,1,2,2,3.0,3.0,93048,ROSNY (RUE DE),M,"48,8618400","2,4465300",93,2019,50.0,1.0,2.0,3.0,2162431,1.0,1,1,1,0.0,,-1.0, -1,1980.0,B01,138Â 289Â 730,1.0,0.0,-1.0,1651073,1.0,33,,0.0,2.0,6.0,A01,138Â 289Â 731,1.0
967442,201900008973,11,23,12:35,1,2,2,3.0,3.0,93048,ROSNY (RUE DE),M,"48,8618400","2,4465300",93,2019,50.0,1.0,2.0,3.0,2162432,2.0,2,4,1,0.0,,-1.0, -1,2006.0,A01,138Â 289Â 731,2.0,0.0,-1.0,1651072,2.0,7,,0.0,0.0,0.0,B01,138Â 289Â 730,0.0
967442,201900008973,11,23,12:35,1,2,2,3.0,3.0,93048,ROSNY (RUE DE),M,"48,8618400","2,4465300",93,2019,50.0,1.0,2.0,3.0,2162432,2.0,2,4,1,0.0,,-1.0, -1,2006.0,A01,138Â 289Â 731,2.0,0.0,-1.0,1651073,1.0,33,,0.0,2.0,6.0,A01,138Â 289Â 731,1.0
967442,201900008973,11,23,12:35,1,2,2,3.0,3.0,93048,ROSNY (RUE DE),M,"48,8618400","2,4465300",93,2019,50.0,1.0,2.0,3.0,2162433,1.0,1,1,1,0.0,,-1.0, -1,1964.0,A01,138Â 289Â 731,2.0,8.0,-1.0,1651072,2.0,7,,0.0,0.0,0.0,B01,138Â 289Â 730,0.0
967442,201900008973,11,23,12:35,1,2,2,3.0,3.0,93048,ROSNY (RUE DE),M,"48,8618400","2,4465300",93,2019,50.0,1.0,2.0,3.0,2162433,1.0,1,1,1,0.0,,-1.0, -1,1964.0,A01,138Â 289Â 731,2.0,8.0,-1.0,1651073,1.0,33,,0.0,2.0,6.0,A01,138Â 289Â 731,1.0
967443,201900008974,11,23,06:33,5,2,1,2.0,6.0,93010,BONDY (PONT),M,"48,9050790","2,4701600",93,2019,50.0,1.0,2.0,3.0,2162434,1.0,1,4,1,5.0,,0.0,0,1900.0,A01,138Â 289Â 729,8.0,0.0,-1.0,1651074,0.0,7,,0.0,1.0,2.0,A01,138Â 289Â 729,1.0
967443,201900008974,11,23,06:33,5,2,1,2.0,6.0,93010,BONDY (PONT),M,"48,9050790","2,4701600",93,2019,50.0,1.0,2.0,3.0,2162435,10.0,3,4,2,1.0,,2.0,3,1988.0,A01,138Â 289Â 729,8.0,0.0,-1.0,1651074,0.0,7,,0.0,1.0,2.0,A01,138Â 289Â 729,1.0
967444,201900008975,11,23,15:45,1,2,2,1.0,3.0,92075,PIERRE BROSSOLETTE (AVENUE),M,"48,8168900","2,3036100",92,2019,50.0,1.0,1.0,3.0,2162436,1.0,1,4,1,0.0,,-1.0,0,1969.0,B01,138Â 289Â 727,2.0,6.0,-1.0,1651075,3.0,33,,0.0,2.0,8.0,B01,138Â 289Â 727,1.0
967444,201900008975,11,23,15:45,1,2,2,1.0,3.0,92075,PIERRE BROSSOLETTE (AVENUE),M,"48,8168900","2,3036100",92,2019,50.0,1.0,1.0,3.0,2162436,1.0,1,4,1,0.0,,-1.0,0,1969.0,B01,138Â 289Â 727,2.0,6.0,-1.0,1651076,3.0,7,,0.0,2.0,1.0,A01,138Â 289Â 728,1.0
967444,201900008975,11,23,15:45,1,2,2,1.0,3.0,92075,PIERRE BROSSOLETTE (AVENUE),M,"48,8168900","2,3036100",92,2019,50.0,1.0,1.0,3.0,2162437,4.0,2,1,1,0.0,,-1.0,0,2012.0,A01,138Â 289Â 728,1.0,0.0,-1.0,1651075,3.0,33,,0.0,2.0,8.0,B01,138Â 289Â 727,1.0
967444,201900008975,11,23,15:45,1,2,2,1.0,3.0,92075,PIERRE BROSSOLETTE (AVENUE),M,"48,8168900","2,3036100",92,2019,50.0,1.0,1.0,3.0,2162437,4.0,2,1,1,0.0,,-1.0,0,2012.0,A01,138Â 289Â 728,1.0,0.0,-1.0,1651076,3.0,7,,0.0,2.0,1.0,A01,138Â 289Â 728,1.0
967444,201900008975,11,23,15:45,1,2,2,1.0,3.0,92075,PIERRE BROSSOLETTE (AVENUE),M,"48,8168900","2,3036100",92,2019,50.0,1.0,1.0,3.0,2162438,2.0,2,1,1,0.0,,-1.0,0,1980.0,A01,138Â 289Â 728,1.0,0.0,-1.0,1651075,3.0,33,,0.0,2.0,8.0,B01,138Â 289Â 727,1.0
967444,201900008975,11,23,15:45,1,2,2,1.0,3.0,92075,PIERRE BROSSOLETTE (AVENUE),M,"48,8168900","2,3036100",92,2019,50.0,1.0,1.0,3.0,2162438,2.0,2,1,1,0.0,,-1.0,0,1980.0,A01,138Â 289Â 728,1.0,0.0,-1.0,1651076,3.0,7,,0.0,2.0,1.0,A01,138Â 289Â 728,1.0
967444,201900008975,11,23,15:45,1,2,2,1.0,3.0,92075,PIERRE BROSSOLETTE (AVENUE),M,"48,8168900","2,3036100",92,2019,50.0,1.0,1.0,3.0,2162439,1.0,1,1,1,0.0,,-1.0,0,1977.0,A01,138Â 289Â 728,1.0,0.0,-1.0,1651075,3.0,33,,0.0,2.0,8.0,B01,138Â 289Â 727,1.0
967444,201900008975,11,23,15:45,1,2,2,1.0,3.0,92075,PIERRE BROSSOLETTE (AVENUE),M,"48,8168900","2,3036100",92,2019,50.0,1.0,1.0,3.0,2162439,1.0,1,1,1,0.0,,-1.0,0,1977.0,A01,138Â 289Â 728,1.0,0.0,-1.0,1651076,3.0,7,,0.0,2.0,1.0,A01,138Â 289Â 728,1.0
967445,201900008976,11,23,13:10,1,2,3,2.0,3.0,92050,FUSILLES DE LA RESISTANCE RUE DES,M,"48,8805700","2,2202100",92,2019,50.0,1.0,2.0,4.0,2162440,1.0,1,1,1,4.0,,-1.0,0,1970.0,A01,138Â 289Â 725,1.0,0.0,-1.0,1651077,1.0,10,,0.0,2.0,3.0,A01,138Â 289Â 725,1.0
967445,201900008976,11,23,13:10,1,2,3,2.0,3.0,92050,FUSILLES DE LA RESISTANCE RUE DES,M,"48,8805700","2,2202100",92,2019,50.0,1.0,2.0,4.0,2162440,1.0,1,1,1,4.0,,-1.0,0,1970.0,A01,138Â 289Â 725,1.0,0.0,-1.0,1651078,2.0,7,,1.0,2.0,8.0,B01,138Â 289Â 726,1.0
967445,201900008976,11,23,13:10,1,2,3,2.0,3.0,92050,FUSILLES DE LA RESISTANCE RUE DES,M,"48,8805700","2,2202100",92,2019,50.0,1.0,2.0,4.0,2162441,1.0,1,4,1,0.0,,-1.0,0,1991.0,B01,138Â 289Â 726,1.0,0.0,-1.0,1651077,1.0,10,,0.0,2.0,3.0,A01,138Â 289Â 725,1.0
967445,201900008976,11,23,13:10,1,2,3,2.0,3.0,92050,FUSILLES DE LA RESISTANCE RUE DES,M,"48,8805700","2,2202100",92,2019,50.0,1.0,2.0,4.0,2162441,1.0,1,4,1,0.0,,-1.0,0,1991.0,B01,138Â 289Â 726,1.0,0.0,-1.0,1651078,2.0,7,,1.0,2.0,8.0,B01,138Â 289Â 726,1.0
967445,201900008976,11,23,13:10,1,2,3,2.0,3.0,92050,FUSILLES DE LA RESISTANCE RUE DES,M,"48,8805700","2,2202100",92,2019,50.0,1.0,2.0,4.0,2162442,2.0,2,4,2,0.0,,-1.0,0,1995.0,B01,138Â 289Â 726,1.0,0.0,-1.0,1651077,1.0,10,,0.0,2.0,3.0,A01,138Â 289Â 725,1.0
967445,201900008976,11,23,13:10,1,2,3,2.0,3.0,92050,FUSILLES DE LA RESISTANCE RUE DES,M,"48,8805700","2,2202100",92,2019,50.0,1.0,2.0,4.0,2162442,2.0,2,4,2,0.0,,-1.0,0,1995.0,B01,138Â 289Â 726,1.0,0.0,-1.0,1651078,2.0,7,,1.0,2.0,8.0,B01,138Â 289Â 726,1.0
967446,201900008977,11,22,12:00,1,1,1,1.0,7.0,52088,Rue Principale,M,"48,4049680","4,7465350",52,2019,80.0,3.0,2.0,3.0,2162443,2.0,2,4,1,4.0,,0.0,0,1979.0,A01,138Â 289Â 723,1.0,-1.0,-1.0,1651079,2.0,14,,0.0,0.0,8.0,A01,138Â 289Â 723,1.0
967446,201900008977,11,22,12:00,1,1,1,1.0,7.0,52088,Rue Principale,M,"48,4049680","4,7465350",52,2019,80.0,3.0,2.0,3.0,2162444,1.0,1,1,1,4.0,,0.0,0,1982.0,A01,138Â 289Â 723,1.0,-1.0,-1.0,1651079,2.0,14,,0.0,0.0,8.0,A01,138Â 289Â 723,1.0
967446,201900008977,11,22,12:00,1,1,1,1.0,7.0,52088,Rue Principale,M,"48,4049680","4,7465350",52,2019,80.0,3.0,2.0,3.0,2162445,7.0,2,1,1,4.0,,0.0,0,1970.0,A01,138Â 289Â 723,1.0,-1.0,-1.0,1651079,2.0,14,,0.0,0.0,8.0,A01,138Â 289Â 723,1.0
967447,201900008978,11,23,22:01,3,1,1,2.0,1.0,01421,D1504,M,"45,9248570","5,4048580",1,2019,80.0,1.0,2.0,3.0,2162446,1.0,1,3,1,5.0,,0.0,0,1978.0,A01,138Â 289Â 721,0.0,-1.0,-1.0,1651080,1.0,7,,0.0,2.0,7.0,A01,138Â 289Â 721,1.0
967447,201900008978,11,23,22:01,3,1,1,2.0,1.0,01421,D1504,M,"45,9248570","5,4048580",1,2019,80.0,1.0,2.0,3.0,2162446,1.0,1,3,1,5.0,,0.0,0,1978.0,A01,138Â 289Â 721,0.0,-1.0,-1.0,1651081,2.0,7,,0.0,2.0,1.0,B01,138Â 289Â 722,1.0