Unnamed: 0_x,num_acc,mois,jour,hrmn,lum,agg,int,atm,col,com,adr,gps,lat,long,dep,annee,vma,situ,surf,catr,Unnamed: 0_y,place,catu,grav,sexe,trajet,secu,locp,actp,an_nais,num_veh_x,id_vehicule_x,secu1,secu2,secu3,Unnamed: 0,senc,catv,occutc,obs,obsm,choc,num_veh_y,id_vehicule_y,motor
967447,201900008978,11,23,22:01,3,1,1,2.0,1.0,01421,D1504,M,"45,9248570","5,4048580",1,2019,80.0,1.0,2.0,3.0,2162447,2.0,2,3,2,5.0,,0.0,0,1954.0,B01,138Â 289Â 722,1.0,-1.0,-1.0,1651080,1.0,7,,0.0,2.0,7.0,A01,138Â 289Â 721,1.0
967447,201900008978,11,23,22:01,3,1,1,2.0,1.0,01421,D1504,M,"45,9248570","5,4048580",1,2019,80.0,1.0,2.0,3.0,2162447,2.0,2,3,2,5.0,,0.0,0,1954.0,B01,138Â 289Â 722,1.0,-1.0,-1.0,1651081,2.0,7,,0.0,2.0,1.0,B01,138Â 289Â 722,1.0
967447,201900008978,11,23,22:01,3,1,1,2.0,1.0,01421,D1504,M,"45,9248570","5,4048580",1,2019,80.0,1.0,2.0,3.0,2162448,7.0,2,3,2,5.0,,0.0,0,1979.0,B01,138Â 289Â 722,1.0,-1.0,-1.0,1651080,1.0,7,,0.0,2.0,7.0,A01,138Â 289Â 721,1.0
967447,201900008978,11,23,22:01,3,1,1,2.0,1.0,01421,D1504,M,"45,9248570","5,4048580",1,2019,80.0,1.0,2.0,3.0,2162448,7.0,2,3,2,5.0,,0.0,0,1979.0,B01,138Â 289Â 722,1.0,-1.0,-1.0,1651081,2.0,7,,0.0,2.0,1.0,B01,138Â 289Â 722,1.0
967447,201900008978,11,23,22:01,3,1,1,2.0,1.0,01421,D1504,M,"45,9248570","5,4048580",1,2019,80.0,1.0,2.0,3.0,2162449,1.0,1,4,1,5.0,,0.0,0,1954.0,B01,138Â 289Â 722,1.0,-1.0,-1.0,1651080,1.0,7,,0.0,2.0,7.0,A01,138Â 289Â 721,1.0
967447,201900008978,11,23,22:01,3,1,1,2.0,1.0,01421,D1504,M,"45,9248570","5,4048580",1,2019,80.0,1.0,2.0,3.0,2162449,1.0,1,4,1,5.0,,0.0,0,1954.0,B01,138Â 289Â 722,1.0,-1.0,-1.0,1651081,2.0,7,,0.0,2.0,1.0,B01,138Â 289Â 722,1.0
967448,201900008979,11,23,18:26,5,2,3,3.0,3.0,81311,2 Rue des Bons Enfants,M,"43,7267240","2,1924260",81,2019,50.0,1.0,2.0,3.0,2162450,1.0,1,1,1,5.0,,0.0,0,1990.0,A01,138Â 289Â 719,1.0,-1.0,-1.0,1651082,1.0,7,,0.0,2.0,1.0,A01,138Â 289Â 719,1.0
967448,201900008979,11,23,18:26,5,2,3,3.0,3.0,81311,2 Rue des Bons Enfants,M,"43,7267240","2,1924260",81,2019,50.0,1.0,2.0,3.0,2162450,1.0,1,1,1,5.0,,0.0,0,1990.0,A01,138Â 289Â 719,1.0,-1.0,-1.0,1651083,1.0,7,,0.0,2.0,8.0,B01,138Â 289Â 720,1.0
967448,201900008979,11,23,18:26,5,2,3,3.0,3.0,81311,2 Rue des Bons Enfants,M,"43,7267240","2,1924260",81,2019,50.0,1.0,2.0,3.0,2162451,2.0,2,4,2,5.0,,0.0,0,1999.0,B01,138Â 289Â 720,1.0,-1.0,-1.0,1651082,1.0,7,,0.0,2.0,1.0,A01,138Â 289Â 719,1.0
967448,201900008979,11,23,18:26,5,2,3,3.0,3.0,81311,2 Rue des Bons Enfants,M,"43,7267240","2,1924260",81,2019,50.0,1.0,2.0,3.0,2162451,2.0,2,4,2,5.0,,0.0,0,1999.0,B01,138Â 289Â 720,1.0,-1.0,-1.0,1651083,1.0,7,,0.0,2.0,8.0,B01,138Â 289Â 720,1.0
967448,201900008979,11,23,18:26,5,2,3,3.0,3.0,81311,2 Rue des Bons Enfants,M,"43,7267240","2,1924260",81,2019,50.0,1.0,2.0,3.0,2162452,1.0,1,2,1,5.0,,0.0,0,1931.0,B01,138Â 289Â 720,1.0,-1.0,-1.0,1651082,1.0,7,,0.0,2.0,1.0,A01,138Â 289Â 719,1.0
967448,201900008979,11,23,18:26,5,2,3,3.0,3.0,81311,2 Rue des Bons Enfants,M,"43,7267240","2,1924260",81,2019,50.0,1.0,2.0,3.0,2162452,1.0,1,2,1,5.0,,0.0,0,1931.0,B01,138Â 289Â 720,1.0,-1.0,-1.0,1651083,1.0,7,,0.0,2.0,8.0,B01,138Â 289Â 720,1.0
967449,201900008980,11,24,17:42,3,1,1,2.0,4.0,41232,A71,M,"47,4521400","2,0046020",41,2019,90.0,1.0,1.0,1.0,2162453,7.0,2,1,2,9.0,,0.0,0,2004.0,C01,138Â 289Â 716,1.0,-1.0,-1.0,1651084,2.0,7,,0.0,2.0,4.0,C01,138Â 289Â 716,1.0
967449,201900008980,11,24,17:42,3,1,1,2.0,4.0,41232,A71,M,"47,4521400","2,0046020",41,2019,90.0,1.0,1.0,1.0,2162453,7.0,2,1,2,9.0,,0.0,0,2004.0,C01,138Â 289Â 716,1.0,-1.0,-1.0,1651085,2.0,7,,0.0,2.0,4.0,B01,138Â 289Â 717,1.0
967449,201900008980,11,24,17:42,3,1,1,2.0,4.0,41232,A71,M,"47,4521400","2,0046020",41,2019,90.0,1.0,1.0,1.0,2162453,7.0,2,1,2,9.0,,0.0,0,2004.0,C01,138Â 289Â 716,1.0,-1.0,-1.0,1651086,2.0,7,,0.0,0.0,1.0,A01,138Â 289Â 718,1.0
967449,201900008980,11,24,17:42,3,1,1,2.0,4.0,41232,A71,M,"47,4521400","2,0046020",41,2019,90.0,1.0,1.0,1.0,2162454,2.0,2,1,1,9.0,,0.0,0,1965.0,C01,138Â 289Â 716,1.0,-1.0,-1.0,1651084,2.0,7,,0.0,2.0,4.0,C01,138Â 289Â 716,1.0
967449,201900008980,11,24,17:42,3,1,1,2.0,4.0,41232,A71,M,"47,4521400","2,0046020",41,2019,90.0,1.0,1.0,1.0,2162454,2.0,2,1,1,9.0,,0.0,0,1965.0,C01,138Â 289Â 716,1.0,-1.0,-1.0,1651085,2.0,7,,0.0,2.0,4.0,B01,138Â 289Â 717,1.0
967449,201900008980,11,24,17:42,3,1,1,2.0,4.0,41232,A71,M,"47,4521400","2,0046020",41,2019,90.0,1.0,1.0,1.0,2162454,2.0,2,1,1,9.0,,0.0,0,1965.0,C01,138Â 289Â 716,1.0,-1.0,-1.0,1651086,2.0,7,,0.0,0.0,1.0,A01,138Â 289Â 718,1.0
967449,201900008980,11,24,17:42,3,1,1,2.0,4.0,41232,A71,M,"47,4521400","2,0046020",41,2019,90.0,1.0,1.0,1.0,2162455,8.0,2,1,2,9.0,,0.0,0,2008.0,C01,138Â 289Â 716,1.0,-1.0,-1.0,1651084,2.0,7,,0.0,2.0,4.0,C01,138Â 289Â 716,1.0
967449,201900008980,11,24,17:42,3,1,1,2.0,4.0,41232,A71,M,"47,4521400","2,0046020",41,2019,90.0,1.0,1.0,1.0,2162455,8.0,2,1,2,9.0,,0.0,0,2008.0,C01,138Â 289Â 716,1.0,-1.0,-1.0,1651085,2.0,7,,0.0,2.0,4.0,B01,138Â 289Â 717,1.0
967449,201900008980,11,24,17:42,3,1,1,2.0,4.0,41232,A71,M,"47,4521400","2,0046020",41,2019,90.0,1.0,1.0,1.0,2162455,8.0,2,1,2,9.0,,0.0,0,2008.0,C01,138Â 289Â 716,1.0,-1.0,-1.0,1651086,2.0,7,,0.0,0.0,1.0,A01,138Â 289Â 718,1.0
967449,201900008980,11,24,17:42,3,1,1,2.0,4.0,41232,A71,M,"47,4521400","2,0046020",41,2019,90.0,1.0,1.0,1.0,2162456,9.0,2,1,1,9.0,,0.0,0,2010.0,C01,138Â 289Â 716,1.0,-1.0,-1.0,1651084,2.0,7,,0.0,2.0,4.0,C01,138Â 289Â 716,1.0
967449,201900008980,11,24,17:42,3,1,1,2.0,4.0,41232,A71,M,"47,4521400","2,0046020",41,2019,90.0,1.0,1.0,1.0,2162456,9.0,2,1,1,9.0,,0.0,0,2010.0,C01,138Â 289Â 716,1.0,-1.0,-1.0,1651085,2.0,7,,0.0,2.0,4.0,B01,138Â 289Â 717,1.0
967449,201900008980,11,24,17:42,3,1,1,2.0,4.0,41232,A71,M,"47,4521400","2,0046020",41,2019,90.0,1.0,1.0,1.0,2162456,9.0,2,1,1,9.0,,0.0,0,2010.0,C01,138Â 289Â 716,1.0,-1.0,-1.0,1651086,2.0,7,,0.0,0.0,1.0,A01,138Â 289Â 718,1.0
967449,201900008980,11,24,17:42,3,1,1,2.0,4.0,41232,A71,M,"47,4521400","2,0046020",41,2019,90.0,1.0,1.0,1.0,2162457,1.0,1,1,2,9.0,,0.0,0,1970.0,C01,138Â 289Â 716,1.0,-1.0,-1.0,1651084,2.0,7,,0.0,2.0,4.0,C01,138Â 289Â 716,1.0
967449,201900008980,11,24,17:42,3,1,1,2.0,4.0,41232,A71,M,"47,4521400","2,0046020",41,2019,90.0,1.0,1.0,1.0,2162457,1.0,1,1,2,9.0,,0.0,0,1970.0,C01,138Â 289Â 716,1.0,-1.0,-1.0,1651085,2.0,7,,0.0,2.0,4.0,B01,138Â 289Â 717,1.0
967449,201900008980,11,24,17:42,3,1,1,2.0,4.0,41232,A71,M,"47,4521400","2,0046020",41,2019,90.0,1.0,1.0,1.0,2162457,1.0,1,1,2,9.0,,0.0,0,1970.0,C01,138Â 289Â 716,1.0,-1.0,-1.0,1651086,2.0,7,,0.0,0.0,1.0,A01,138Â 289Â 718,1.0
967449,201900008980,11,24,17:42,3,1,1,2.0,4.0,41232,A71,M,"47,4521400","2,0046020",41,2019,90.0,1.0,1.0,1.0,2162458,1.0,1,1,2,9.0,,0.0,0,1967.0,B01,138Â 289Â 717,1.0,-1.0,-1.0,1651084,2.0,7,,0.0,2.0,4.0,C01,138Â 289Â 716,1.0
967449,201900008980,11,24,17:42,3,1,1,2.0,4.0,41232,A71,M,"47,4521400","2,0046020",41,2019,90.0,1.0,1.0,1.0,2162458,1.0,1,1,2,9.0,,0.0,0,1967.0,B01,138Â 289Â 717,1.0,-1.0,-1.0,1651085,2.0,7,,0.0,2.0,4.0,B01,138Â 289Â 717,1.0
967449,201900008980,11,24,17:42,3,1,1,2.0,4.0,41232,A71,M,"47,4521400","2,0046020",41,2019,90.0,1.0,1.0,1.0,2162458,1.0,1,1,2,9.0,,0.0,0,1967.0,B01,138Â 289Â 717,1.0,-1.0,-1.0,1651086,2.0,7,,0.0,0.0,1.0,A01,138Â 289Â 718,1.0
967449,201900008980,11,24,17:42,3,1,1,2.0,4.0,41232,A71,M,"47,4521400","2,0046020",41,2019,90.0,1.0,1.0,1.0,2162459,2.0,2,1,1,9.0,,0.0,0,1966.0,B01,138Â 289Â 717,1.0,-1.0,-1.0,1651084,2.0,7,,0.0,2.0,4.0,C01,138Â 289Â 716,1.0
967449,201900008980,11,24,17:42,3,1,1,2.0,4.0,41232,A71,M,"47,4521400","2,0046020",41,2019,90.0,1.0,1.0,1.0,2162459,2.0,2,1,1,9.0,,0.0,0,1966.0,B01,138Â 289Â 717,1.0,-1.0,-1.0,1651085,2.0,7,,0.0,2.0,4.0,B01,138Â 289Â 717,1.0
967449,201900008980,11,24,17:42,3,1,1,2.0,4.0,41232,A71,M,"47,4521400","2,0046020",41,2019,90.0,1.0,1.0,1.0,2162459,2.0,2,1,1,9.0,,0.0,0,1966.0,B01,138Â 289Â 717,1.0,-1.0,-1.0,1651086,2.0,7,,0.0,0.0,1.0,A01,138Â 289Â 718,1.0
967449,201900008980,11,24,17:42,3,1,1,2.0,4.0,41232,A71,M,"47,4521400","2,0046020",41,2019,90.0,1.0,1.0,1.0,2162460,1.0,1,1,1,9.0,,0.0,0,1980.0,A01,138Â 289Â 718,1.0,-1.0,-1.0,1651084,2.0,7,,0.0,2.0,4.0,C01,138Â 289Â 716,1.0
967449,201900008980,11,24,17:42,3,1,1,2.0,4.0,41232,A71,M,"47,4521400","2,0046020",41,2019,90.0,1.0,1.0,1.0,2162460,1.0,1,1,1,9.0,,0.0,0,1980.0,A01,138Â 289Â 718,1.0,-1.0,-1.0,1651085,2.0,7,,0.0,2.0,4.0,B01,138Â 289Â 717,1.0
967449,201900008980,11,24,17:42,3,1,1,2.0,4.0,41232,A71,M,"47,4521400","2,0046020",41,2019,90.0,1.0,1.0,1.0,2162460,1.0,1,1,1,9.0,,0.0,0,1980.0,A01,138Â 289Â 718,1.0,-1.0,-1.0,1651086,2.0,7,,0.0,0.0,1.0,A01,138Â 289Â 718,1.0
967449,201900008980,11,24,17:42,3,1,1,2.0,4.0,41232,A71,M,"47,4521400","2,0046020",41,2019,90.0,1.0,1.0,1.0,2162461,9.0,2,1,1,9.0,,0.0,0,2013.0,A01,138Â 289Â 718,3.0,-1.0,-1.0,1651084,2.0,7,,0.0,2.0,4.0,C01,138Â 289Â 716,1.0
967449,201900008980,11,24,17:42,3,1,1,2.0,4.0,41232,A71,M,"47,4521400","2,0046020",41,2019,90.0,1.0,1.0,1.0,2162461,9.0,2,1,1,9.0,,0.0,0,2013.0,A01,138Â 289Â 718,3.0,-1.0,-1.0,1651085,2.0,7,,0.0,2.0,4.0,B01,138Â 289Â 717,1.0
967449,201900008980,11,24,17:42,3,1,1,2.0,4.0,41232,A71,M,"47,4521400","2,0046020",41,2019,90.0,1.0,1.0,1.0,2162461,9.0,2,1,1,9.0,,0.0,0,2013.0,A01,138Â 289Â 718,3.0,-1.0,-1.0,1651086,2.0,7,,0.0,0.0,1.0,A01,138Â 289Â 718,1.0
967449,201900008980,11,24,17:42,3,1,1,2.0,4.0,41232,A71,M,"47,4521400","2,0046020",41,2019,90.0,1.0,1.0,1.0,2162462,7.0,2,1,1,9.0,,0.0,0,2015.0,A01,138Â 289Â 718,3.0,-1.0,-1.0,1651084,2.0,7,,0.0,2.0,4.0,C01,138Â 289Â 716,1.0
967449,201900008980,11,24,17:42,3,1,1,2.0,4.0,41232,A71,M,"47,4521400","2,0046020",41,2019,90.0,1.0,1.0,1.0,2162462,7.0,2,1,1,9.0,,0.0,0,2015.0,A01,138Â 289Â 718,3.0,-1.0,-1.0,1651085,2.0,7,,0.0,2.0,4.0,B01,138Â 289Â 717,1.0
967449,201900008980,11,24,17:42,3,1,1,2.0,4.0,41232,A71,M,"47,4521400","2,0046020",41,2019,90.0,1.0,1.0,1.0,2162462,7.0,2,1,1,9.0,,0.0,0,2015.0,A01,138Â 289Â 718,3.0,-1.0,-1.0,1651086,2.0,7,,0.0,0.0,1.0,A01,138Â 289Â 718,1.0
967449,201900008980,11,24,17:42,3,1,1,2.0,4.0,41232,A71,M,"47,4521400","2,0046020",41,2019,90.0,1.0,1.0,1.0,2162463,4.0,2,1,1,9.0,,0.0,0,2019.0,A01,138Â 289Â 718,3.0,-1.0,-1.0,1651084,2.0,7,,0.0,2.0,4.0,C01,138Â 289Â 716,1.0
967449,201900008980,11,24,17:42,3,1,1,2.0,4.0,41232,A71,M,"47,4521400","2,0046020",41,2019,90.0,1.0,1.0,1.0,2162463,4.0,2,1,1,9.0,,0.0,0,2019.0,A01,138Â 289Â 718,3.0,-1.0,-1.0,1651085,2.0,7,,0.0,2.0,4.0,B01,138Â 289Â 717,1.0
967449,201900008980,11,24,17:42,3,1,1,2.0,4.0,41232,A71,M,"47,4521400","2,0046020",41,2019,90.0,1.0,1.0,1.0,2162463,4.0,2,1,1,9.0,,0.0,0,2019.0,A01,138Â 289Â 718,3.0,-1.0,-1.0,1651086,2.0,7,,0.0,0.0,1.0,A01,138Â 289Â 718,1.0
967449,201900008980,11,24,17:42,3,1,1,2.0,4.0,41232,A71,M,"47,4521400","2,0046020",41,2019,90.0,1.0,1.0,1.0,2162464,3.0,2,4,2,9.0,,0.0,0,1993.0,A01,138Â 289Â 718,1.0,-1.0,-1.0,1651084,2.0,7,,0.0,2.0,4.0,C01,138Â 289Â 716,1.0
967449,201900008980,11,24,17:42,3,1,1,2.0,4.0,41232,A71,M,"47,4521400","2,0046020",41,2019,90.0,1.0,1.0,1.0,2162464,3.0,2,4,2,9.0,,0.0,0,1993.0,A01,138Â 289Â 718,1.0,-1.0,-1.0,1651085,2.0,7,,0.0,2.0,4.0,B01,138Â 289Â 717,1.0
967449,201900008980,11,24,17:42,3,1,1,2.0,4.0,41232,A71,M,"47,4521400","2,0046020",41,2019,90.0,1.0,1.0,1.0,2162464,3.0,2,4,2,9.0,,0.0,0,1993.0,A01,138Â 289Â 718,1.0,-1.0,-1.0,1651086,2.0,7,,0.0,0.0,1.0,A01,138Â 289Â 718,1.0
967449,201900008980,11,24,17:42,3,1,1,2.0,4.0,41232,A71,M,"47,4521400","2,0046020",41,2019,90.0,1.0,1.0,1.0,2162465,2.0,2,1,2,9.0,,0.0,0,1981.0,A01,138Â 289Â 718,1.0,-1.0,-1.0,1651084,2.0,7,,0.0,2.0,4.0,C01,138Â 289Â 716,1.0
967449,201900008980,11,24,17:42,3,1,1,2.0,4.0,41232,A71,M,"47,4521400","2,0046020",41,2019,90.0,1.0,1.0,1.0,2162465,2.0,2,1,2,9.0,,0.0,0,1981.0,A01,138Â 289Â 718,1.0,-1.0,-1.0,1651085,2.0,7,,0.0,2.0,4.0,B01,138Â 289Â 717,1.0
967449,201900008980,11,24,17:42,3,1,1,2.0,4.0,41232,A71,M,"47,4521400","2,0046020",41,2019,90.0,1.0,1.0,1.0,2162465,2.0,2,1,2,9.0,,0.0,0,1981.0,A01,138Â 289Â 718,1.0,-1.0,-1.0,1651086,2.0,7,,0.0,0.0,1.0,A01,138Â 289Â 718,1.0
967450,201900008981,11,22,15:24,1,2,1,7.0,7.0,51559,PLACE DE L'HOTEL DE VILLE,M,"49,1308669","4,5305350",51,2019,50.0,1.0,2.0,3.0,2162466,1.0,1,1,1,5.0,,0.0,0,1956.0,A01,138Â 289Â 715,1.0,-1.0,-1.0,1651087,2.0,7,,0.0,1.0,1.0,A01,138Â 289Â 715,0.0
967450,201900008981,11,22,15:24,1,2,1,7.0,7.0,51559,PLACE DE L'HOTEL DE VILLE,M,"49,1308669","4,5305350",51,2019,50.0,1.0,2.0,3.0,2162467,10.0,3,3,2,3.0,,3.0,3,1948.0,A01,138Â 289Â 715,0.0,-1.0,-1.0,1651087,2.0,7,,0.0,1.0,1.0,A01,138Â 289Â 715,0.0
967451,201900008982,11,22,18:00,3,1,1,1.0,5.0,57625,D38,M,"48,7794330","6,4839760",57,2019,80.0,1.0,1.0,3.0,2162468,1.0,1,1,1,1.0,,0.0,0,1966.0,D01,138Â 289Â 711,1.0,-1.0,-1.0,1651088,2.0,7,,0.0,2.0,1.0,D01,138Â 289Â 711,1.0
967451,201900008982,11,22,18:00,3,1,1,1.0,5.0,57625,D38,M,"48,7794330","6,4839760",57,2019,80.0,1.0,1.0,3.0,2162468,1.0,1,1,1,1.0,,0.0,0,1966.0,D01,138Â 289Â 711,1.0,-1.0,-1.0,1651089,2.0,10,,0.0,2.0,8.0,C01,138Â 289Â 712,1.0
967451,201900008982,11,22,18:00,3,1,1,1.0,5.0,57625,D38,M,"48,7794330","6,4839760",57,2019,80.0,1.0,1.0,3.0,2162468,1.0,1,1,1,1.0,,0.0,0,1966.0,D01,138Â 289Â 711,1.0,-1.0,-1.0,1651090,2.0,16,,0.0,2.0,3.0,B01,138Â 289Â 713,1.0
967451,201900008982,11,22,18:00,3,1,1,1.0,5.0,57625,D38,M,"48,7794330","6,4839760",57,2019,80.0,1.0,1.0,3.0,2162468,1.0,1,1,1,1.0,,0.0,0,1966.0,D01,138Â 289Â 711,1.0,-1.0,-1.0,1651091,1.0,7,,0.0,2.0,3.0,A01,138Â 289Â 714,1.0
967451,201900008982,11,22,18:00,3,1,1,1.0,5.0,57625,D38,M,"48,7794330","6,4839760",57,2019,80.0,1.0,1.0,3.0,2162469,1.0,1,1,1,4.0,,0.0,0,1956.0,C01,138Â 289Â 712,1.0,-1.0,-1.0,1651088,2.0,7,,0.0,2.0,1.0,D01,138Â 289Â 711,1.0
967451,201900008982,11,22,18:00,3,1,1,1.0,5.0,57625,D38,M,"48,7794330","6,4839760",57,2019,80.0,1.0,1.0,3.0,2162469,1.0,1,1,1,4.0,,0.0,0,1956.0,C01,138Â 289Â 712,1.0,-1.0,-1.0,1651089,2.0,10,,0.0,2.0,8.0,C01,138Â 289Â 712,1.0
967451,201900008982,11,22,18:00,3,1,1,1.0,5.0,57625,D38,M,"48,7794330","6,4839760",57,2019,80.0,1.0,1.0,3.0,2162469,1.0,1,1,1,4.0,,0.0,0,1956.0,C01,138Â 289Â 712,1.0,-1.0,-1.0,1651090,2.0,16,,0.0,2.0,3.0,B01,138Â 289Â 713,1.0
967451,201900008982,11,22,18:00,3,1,1,1.0,5.0,57625,D38,M,"48,7794330","6,4839760",57,2019,80.0,1.0,1.0,3.0,2162469,1.0,1,1,1,4.0,,0.0,0,1956.0,C01,138Â 289Â 712,1.0,-1.0,-1.0,1651091,1.0,7,,0.0,2.0,3.0,A01,138Â 289Â 714,1.0
967451,201900008982,11,22,18:00,3,1,1,1.0,5.0,57625,D38,M,"48,7794330","6,4839760",57,2019,80.0,1.0,1.0,3.0,2162470,1.0,1,1,1,4.0,,0.0,0,1993.0,B01,138Â 289Â 713,1.0,-1.0,-1.0,1651088,2.0,7,,0.0,2.0,1.0,D01,138Â 289Â 711,1.0
967451,201900008982,11,22,18:00,3,1,1,1.0,5.0,57625,D38,M,"48,7794330","6,4839760",57,2019,80.0,1.0,1.0,3.0,2162470,1.0,1,1,1,4.0,,0.0,0,1993.0,B01,138Â 289Â 713,1.0,-1.0,-1.0,1651089,2.0,10,,0.0,2.0,8.0,C01,138Â 289Â 712,1.0
967451,201900008982,11,22,18:00,3,1,1,1.0,5.0,57625,D38,M,"48,7794330","6,4839760",57,2019,80.0,1.0,1.0,3.0,2162470,1.0,1,1,1,4.0,,0.0,0,1993.0,B01,138Â 289Â 713,1.0,-1.0,-1.0,1651090,2.0,16,,0.0,2.0,3.0,B01,138Â 289Â 713,1.0
967451,201900008982,11,22,18:00,3,1,1,1.0,5.0,57625,D38,M,"48,7794330","6,4839760",57,2019,80.0,1.0,1.0,3.0,2162470,1.0,1,1,1,4.0,,0.0,0,1993.0,B01,138Â 289Â 713,1.0,-1.0,-1.0,1651091,1.0,7,,0.0,2.0,3.0,A01,138Â 289Â 714,1.0
967451,201900008982,11,22,18:00,3,1,1,1.0,5.0,57625,D38,M,"48,7794330","6,4839760",57,2019,80.0,1.0,1.0,3.0,2162471,1.0,1,4,1,9.0,,0.0,0,1944.0,A01,138Â 289Â 714,1.0,-1.0,-1.0,1651088,2.0,7,,0.0,2.0,1.0,D01,138Â 289Â 711,1.0
967451,201900008982,11,22,18:00,3,1,1,1.0,5.0,57625,D38,M,"48,7794330","6,4839760",57,2019,80.0,1.0,1.0,3.0,2162471,1.0,1,4,1,9.0,,0.0,0,1944.0,A01,138Â 289Â 714,1.0,-1.0,-1.0,1651089,2.0,10,,0.0,2.0,8.0,C01,138Â 289Â 712,1.0
967451,201900008982,11,22,18:00,3,1,1,1.0,5.0,57625,D38,M,"48,7794330","6,4839760",57,2019,80.0,1.0,1.0,3.0,2162471,1.0,1,4,1,9.0,,0.0,0,1944.0,A01,138Â 289Â 714,1.0,-1.0,-1.0,1651090,2.0,16,,0.0,2.0,3.0,B01,138Â 289Â 713,1.0
967451,201900008982,11,22,18:00,3,1,1,1.0,5.0,57625,D38,M,"48,7794330","6,4839760",57,2019,80.0,1.0,1.0,3.0,2162471,1.0,1,4,1,9.0,,0.0,0,1944.0,A01,138Â 289Â 714,1.0,-1.0,-1.0,1651091,1.0,7,,0.0,2.0,3.0,A01,138Â 289Â 714,1.0
967451,201900008982,11,22,18:00,3,1,1,1.0,5.0,57625,D38,M,"48,7794330","6,4839760",57,2019,80.0,1.0,1.0,3.0,2162472,2.0,2,2,2,9.0,,0.0,0,1945.0,A01,138Â 289Â 714,1.0,-1.0,-1.0,1651088,2.0,7,,0.0,2.0,1.0,D01,138Â 289Â 711,1.0
967451,201900008982,11,22,18:00,3,1,1,1.0,5.0,57625,D38,M,"48,7794330","6,4839760",57,2019,80.0,1.0,1.0,3.0,2162472,2.0,2,2,2,9.0,,0.0,0,1945.0,A01,138Â 289Â 714,1.0,-1.0,-1.0,1651089,2.0,10,,0.0,2.0,8.0,C01,138Â 289Â 712,1.0
967451,201900008982,11,22,18:00,3,1,1,1.0,5.0,57625,D38,M,"48,7794330","6,4839760",57,2019,80.0,1.0,1.0,3.0,2162472,2.0,2,2,2,9.0,,0.0,0,1945.0,A01,138Â 289Â 714,1.0,-1.0,-1.0,1651090,2.0,16,,0.0,2.0,3.0,B01,138Â 289Â 713,1.0
967451,201900008982,11,22,18:00,3,1,1,1.0,5.0,57625,D38,M,"48,7794330","6,4839760",57,2019,80.0,1.0,1.0,3.0,2162472,2.0,2,2,2,9.0,,0.0,0,1945.0,A01,138Â 289Â 714,1.0,-1.0,-1.0,1651091,1.0,7,,0.0,2.0,3.0,A01,138Â 289Â 714,1.0
967452,201900008983,7,11,11:40,1,2,1,1.0,3.0,56010,Rue de Kerentree,M,"47,8781630"," -3,0045580",56,2019,50.0,1.0,1.0,3.0,2162473,1.0,1,4,1,0.0,,0.0,0,1982.0,A01,138Â 289Â 708,2.0,-1.0,-1.0,1651092,1.0,2,,0.0,2.0,8.0,A01,138Â 289Â 708,0.0
967452,201900008983,7,11,11:40,1,2,1,1.0,3.0,56010,Rue de Kerentree,M,"47,8781630"," -3,0045580",56,2019,50.0,1.0,1.0,3.0,2162473,1.0,1,4,1,0.0,,0.0,0,1982.0,A01,138Â 289Â 708,2.0,-1.0,-1.0,1651093,2.0,33,,0.0,2.0,1.0,B01,138Â 289Â 709,0.0
967452,201900008983,7,11,11:40,1,2,1,1.0,3.0,56010,Rue de Kerentree,M,"47,8781630"," -3,0045580",56,2019,50.0,1.0,1.0,3.0,2162474,1.0,1,1,1,0.0,,0.0,0,1985.0,B01,138Â 289Â 709,2.0,-1.0,-1.0,1651092,1.0,2,,0.0,2.0,8.0,A01,138Â 289Â 708,0.0
967452,201900008983,7,11,11:40,1,2,1,1.0,3.0,56010,Rue de Kerentree,M,"47,8781630"," -3,0045580",56,2019,50.0,1.0,1.0,3.0,2162474,1.0,1,1,1,0.0,,0.0,0,1985.0,B01,138Â 289Â 709,2.0,-1.0,-1.0,1651093,2.0,33,,0.0,2.0,1.0,B01,138Â 289Â 709,0.0
967453,201900008984,11,24,03:00,3,1,1,1.0,7.0,74134,Route des Grandes Alpes,M,"46,1724920","6,6803910",74,2019,80.0,8.0,1.0,3.0,2162475,1.0,1,2,1,5.0,,0.0,0,2001.0,A01,138Â 289Â 707,1.0,-1.0,-1.0,1651094,2.0,7,,13.0,0.0,9.0,A01,138Â 289Â 707,1.0
967454,201900008985,11,24,17:45,3,1,1,1.0,6.0,80396,D938,M,"50,2357710","1,9951390",80,2019,80.0,1.0,1.0,3.0,2162476,1.0,1,1,1,5.0,,0.0,0,1961.0,A01,138Â 289Â 706,1.0,-1.0,-1.0,1651095,2.0,7,,1.0,1.0,2.0,A01,138Â 289Â 706,1.0
967454,201900008985,11,24,17:45,3,1,1,1.0,6.0,80396,D938,M,"50,2357710","1,9951390",80,2019,80.0,1.0,1.0,3.0,2162477,10.0,3,3,1,5.0,,1.0,3,1951.0,A01,138Â 289Â 706,0.0,-1.0,-1.0,1651095,2.0,7,,1.0,1.0,2.0,A01,138Â 289Â 706,1.0
967455,201900008986,11,24,13:50,1,1,1,1.0,3.0,65088,D632,M,"43,2916360","0,5757700",65,2019,80.0,1.0,2.0,3.0,2162478,1.0,1,2,1,5.0,,0.0,0,1961.0,B01,138Â 289Â 703,2.0,-1.0,-1.0,1651096,1.0,33,,0.0,2.0,1.0,B01,138Â 289Â 703,1.0