Unnamed: 0_x,num_acc,mois,jour,hrmn,lum,agg,int,atm,col,com,adr,gps,lat,long,dep,annee,vma,situ,surf,catr,Unnamed: 0_y,place,catu,grav,sexe,trajet,secu,locp,actp,an_nais,num_veh_x,id_vehicule_x,secu1,secu2,secu3,Unnamed: 0,senc,catv,occutc,obs,obsm,choc,num_veh_y,id_vehicule_y,motor
967455,201900008986,11,24,13:50,1,1,1,1.0,3.0,65088,D632,M,"43,2916360","0,5757700",65,2019,80.0,1.0,2.0,3.0,2162478,1.0,1,2,1,5.0,,0.0,0,1961.0,B01,138Â 289Â 703,2.0,-1.0,-1.0,1651097,2.0,7,,3.0,2.0,5.0,A01,138Â 289Â 704,1.0
967455,201900008986,11,24,13:50,1,1,1,1.0,3.0,65088,D632,M,"43,2916360","0,5757700",65,2019,80.0,1.0,2.0,3.0,2162479,1.0,1,3,1,2.0,,0.0,0,1999.0,A01,138Â 289Â 704,1.0,-1.0,-1.0,1651096,1.0,33,,0.0,2.0,1.0,B01,138Â 289Â 703,1.0
967455,201900008986,11,24,13:50,1,1,1,1.0,3.0,65088,D632,M,"43,2916360","0,5757700",65,2019,80.0,1.0,2.0,3.0,2162479,1.0,1,3,1,2.0,,0.0,0,1999.0,A01,138Â 289Â 704,1.0,-1.0,-1.0,1651097,2.0,7,,3.0,2.0,5.0,A01,138Â 289Â 704,1.0
967456,201900008987,11,24,10:20,1,2,7,1.0,6.0,61038,Place de la RÃ©publique (Parking),M,"48,3763920","0,5603360",61,2019,30.0,1.0,1.0,6.0,2162480,1.0,1,1,2,3.0,,0.0,0,1971.0,A01,138Â 289Â 702,1.0,-1.0,-1.0,1651098,1.0,7,,0.0,1.0,6.0,A01,138Â 289Â 702,1.0
967456,201900008987,11,24,10:20,1,2,7,1.0,6.0,61038,Place de la RÃ©publique (Parking),M,"48,3763920","0,5603360",61,2019,30.0,1.0,1.0,6.0,2162481,10.0,3,3,2,3.0,,2.0,3,1936.0,A01,138Â 289Â 702,0.0,-1.0,-1.0,1651098,1.0,7,,0.0,1.0,6.0,A01,138Â 289Â 702,1.0
967457,201900008988,11,23,14:00,1,1,1,1.0,6.0,46328,D19,M,"44,3744840","1,7386530",46,2019,80.0,1.0,1.0,3.0,2162482,1.0,1,4,1,5.0,,0.0,0,1986.0,A01,138Â 289Â 701,2.0,6.0,-1.0,1651099,1.0,34,,0.0,6.0,1.0,A01,138Â 289Â 701,1.0
967458,201900008989,11,23,16:18,1,1,1,1.0,6.0,39293,,M,"46,4684620","5,8354730",39,2019,80.0,3.0,1.0,3.0,2162483,1.0,1,4,2,5.0,,0.0,0,2003.0,A01,138Â 289Â 700,2.0,6.0,-1.0,1651100,1.0,30,,13.0,0.0,7.0,A01,138Â 289Â 700,0.0
967458,201900008989,11,23,16:18,1,1,1,1.0,6.0,39293,,M,"46,4684620","5,8354730",39,2019,80.0,3.0,1.0,3.0,2162484,2.0,2,3,2,5.0,,0.0,0,2004.0,A01,138Â 289Â 700,2.0,-1.0,-1.0,1651100,1.0,30,,13.0,0.0,7.0,A01,138Â 289Â 700,0.0
967459,201900008990,11,24,10:50,1,2,3,1.0,3.0,25112,Route de Belfort,M,"47,2644840","6,0662280",25,2019,50.0,1.0,1.0,3.0,2162485,1.0,1,3,1,5.0,,0.0,0,1972.0,A01,138Â 289Â 698,2.0,6.0,-1.0,1651101,1.0,33,,0.0,2.0,1.0,A01,138Â 289Â 698,1.0
967459,201900008990,11,24,10:50,1,2,3,1.0,3.0,25112,Route de Belfort,M,"47,2644840","6,0662280",25,2019,50.0,1.0,1.0,3.0,2162485,1.0,1,3,1,5.0,,0.0,0,1972.0,A01,138Â 289Â 698,2.0,6.0,-1.0,1651102,2.0,7,,0.0,2.0,2.0,B01,138Â 289Â 699,1.0
967459,201900008990,11,24,10:50,1,2,3,1.0,3.0,25112,Route de Belfort,M,"47,2644840","6,0662280",25,2019,50.0,1.0,1.0,3.0,2162486,1.0,1,1,2,5.0,,0.0,0,1989.0,B01,138Â 289Â 699,1.0,-1.0,-1.0,1651101,1.0,33,,0.0,2.0,1.0,A01,138Â 289Â 698,1.0
967459,201900008990,11,24,10:50,1,2,3,1.0,3.0,25112,Route de Belfort,M,"47,2644840","6,0662280",25,2019,50.0,1.0,1.0,3.0,2162486,1.0,1,1,2,5.0,,0.0,0,1989.0,B01,138Â 289Â 699,1.0,-1.0,-1.0,1651102,2.0,7,,0.0,2.0,2.0,B01,138Â 289Â 699,1.0
967460,201900008991,11,19,15:30,1,2,1,2.0,6.0,44166,Place de la libertÃ©,M,"47,1958670"," -1,7246164",44,2019,50.0,1.0,1.0,7.0,2162487,1.0,1,1,1,0.0,,0.0,0,1961.0,A01,138Â 289Â 697,1.0,-1.0,-1.0,1651103,1.0,7,,0.0,1.0,3.0,A01,138Â 289Â 697,1.0
967460,201900008991,11,19,15:30,1,2,1,2.0,6.0,44166,Place de la libertÃ©,M,"47,1958670"," -1,7246164",44,2019,50.0,1.0,1.0,7.0,2162488,10.0,3,3,1,2.0,,3.0,3,2008.0,A01,138Â 289Â 697,0.0,-1.0,-1.0,1651103,1.0,7,,0.0,1.0,3.0,A01,138Â 289Â 697,1.0
967461,201900008992,11,22,10:20,1,2,1,1.0,3.0,44003,Rue Francois Rene Chateaubriand,M,"47,3780650"," -1,1818150",44,2019,50.0,1.0,1.0,6.0,2162489,1.0,1,3,1,5.0,,0.0,0,2001.0,B01,138Â 289Â 695,2.0,6.0,9.0,1651104,3.0,36,,0.0,2.0,1.0,B01,138Â 289Â 695,1.0
967461,201900008992,11,22,10:20,1,2,1,1.0,3.0,44003,Rue Francois Rene Chateaubriand,M,"47,3780650"," -1,1818150",44,2019,50.0,1.0,1.0,6.0,2162489,1.0,1,3,1,5.0,,0.0,0,2001.0,B01,138Â 289Â 695,2.0,6.0,9.0,1651105,3.0,7,,16.0,2.0,8.0,A01,138Â 289Â 696,0.0
967461,201900008992,11,22,10:20,1,2,1,1.0,3.0,44003,Rue Francois Rene Chateaubriand,M,"47,3780650"," -1,1818150",44,2019,50.0,1.0,1.0,6.0,2162490,1.0,1,1,1,1.0,,0.0,0,1996.0,A01,138Â 289Â 696,1.0,-1.0,-1.0,1651104,3.0,36,,0.0,2.0,1.0,B01,138Â 289Â 695,1.0
967461,201900008992,11,22,10:20,1,2,1,1.0,3.0,44003,Rue Francois Rene Chateaubriand,M,"47,3780650"," -1,1818150",44,2019,50.0,1.0,1.0,6.0,2162490,1.0,1,1,1,1.0,,0.0,0,1996.0,A01,138Â 289Â 696,1.0,-1.0,-1.0,1651105,3.0,7,,16.0,2.0,8.0,A01,138Â 289Â 696,0.0
967462,201900008993,11,23,16:00,1,1,1,3.0,7.0,31034,D33h,M,"43,1724430","0,8921030",31,2019,70.0,3.0,2.0,3.0,2162491,1.0,1,3,1,5.0,,0.0,0,1941.0,A01,138Â 289Â 694,1.0,-1.0,-1.0,1651106,2.0,7,,0.0,0.0,7.0,A01,138Â 289Â 694,0.0
967463,201900008994,11,23,21:15,3,1,1,1.0,7.0,02776,D28,M,"50,0011293","3,1876786",2,2019,80.0,8.0,1.0,3.0,2162492,1.0,1,2,1,5.0,,0.0,0,1959.0,A01,138Â 289Â 693,0.0,-1.0,-1.0,1651107,2.0,7,,13.0,0.0,1.0,A01,138Â 289Â 693,1.0
967464,201900008995,11,23,09:30,1,1,1,2.0,6.0,03289,L'Ardillat - route de Chavroches,M,"46,3668339","3,5322641",3,2019,80.0,3.0,2.0,3.0,2162493,1.0,1,3,1,5.0,,0.0,0,1946.0,A01,138Â 289Â 692,8.0,-1.0,-1.0,1651108,2.0,3,,15.0,0.0,1.0,A01,138Â 289Â 692,1.0
967465,201900008996,11,24,17:19,3,1,1,1.0,1.0,70162,N19 - PR 46+350,M,"47,6257270","6,2160650",70,2019,80.0,1.0,1.0,2.0,2162494,1.0,1,2,2,0.0,,0.0,0,1951.0,A01,138Â 289Â 690,1.0,-1.0,-1.0,1651109,2.0,7,,0.0,2.0,1.0,A01,138Â 289Â 690,1.0
967465,201900008996,11,24,17:19,3,1,1,1.0,1.0,70162,N19 - PR 46+350,M,"47,6257270","6,2160650",70,2019,80.0,1.0,1.0,2.0,2162494,1.0,1,2,2,0.0,,0.0,0,1951.0,A01,138Â 289Â 690,1.0,-1.0,-1.0,1651110,1.0,7,,0.0,2.0,1.0,B01,138Â 289Â 691,1.0
967465,201900008996,11,24,17:19,3,1,1,1.0,1.0,70162,N19 - PR 46+350,M,"47,6257270","6,2160650",70,2019,80.0,1.0,1.0,2.0,2162495,1.0,1,4,1,0.0,,0.0,0,1993.0,B01,138Â 289Â 691,1.0,-1.0,-1.0,1651109,2.0,7,,0.0,2.0,1.0,A01,138Â 289Â 690,1.0
967465,201900008996,11,24,17:19,3,1,1,1.0,1.0,70162,N19 - PR 46+350,M,"47,6257270","6,2160650",70,2019,80.0,1.0,1.0,2.0,2162495,1.0,1,4,1,0.0,,0.0,0,1993.0,B01,138Â 289Â 691,1.0,-1.0,-1.0,1651110,1.0,7,,0.0,2.0,1.0,B01,138Â 289Â 691,1.0
967466,201900008997,11,23,23:50,3,1,1,2.0,1.0,58295,"Lieu-dit ""LA ROCHE""",M,"47,3406370","2,8882960",58,2019,80.0,1.0,2.0,3.0,2162496,1.0,1,3,2,5.0,,0.0,0,1997.0,B01,138Â 289Â 688,1.0,-1.0,-1.0,1651111,1.0,7,,0.0,2.0,1.0,B01,138Â 289Â 688,1.0
967466,201900008997,11,23,23:50,3,1,1,2.0,1.0,58295,"Lieu-dit ""LA ROCHE""",M,"47,3406370","2,8882960",58,2019,80.0,1.0,2.0,3.0,2162496,1.0,1,3,2,5.0,,0.0,0,1997.0,B01,138Â 289Â 688,1.0,-1.0,-1.0,1651112,2.0,7,,0.0,2.0,1.0,A01,138Â 289Â 689,1.0
967466,201900008997,11,23,23:50,3,1,1,2.0,1.0,58295,"Lieu-dit ""LA ROCHE""",M,"47,3406370","2,8882960",58,2019,80.0,1.0,2.0,3.0,2162497,2.0,2,3,1,5.0,,0.0,0,2001.0,B01,138Â 289Â 688,1.0,-1.0,-1.0,1651111,1.0,7,,0.0,2.0,1.0,B01,138Â 289Â 688,1.0
967466,201900008997,11,23,23:50,3,1,1,2.0,1.0,58295,"Lieu-dit ""LA ROCHE""",M,"47,3406370","2,8882960",58,2019,80.0,1.0,2.0,3.0,2162497,2.0,2,3,1,5.0,,0.0,0,2001.0,B01,138Â 289Â 688,1.0,-1.0,-1.0,1651112,2.0,7,,0.0,2.0,1.0,A01,138Â 289Â 689,1.0
967466,201900008997,11,23,23:50,3,1,1,2.0,1.0,58295,"Lieu-dit ""LA ROCHE""",M,"47,3406370","2,8882960",58,2019,80.0,1.0,2.0,3.0,2162498,1.0,1,2,1,5.0,,0.0,0,1980.0,A01,138Â 289Â 689,1.0,-1.0,-1.0,1651111,1.0,7,,0.0,2.0,1.0,B01,138Â 289Â 688,1.0
967466,201900008997,11,23,23:50,3,1,1,2.0,1.0,58295,"Lieu-dit ""LA ROCHE""",M,"47,3406370","2,8882960",58,2019,80.0,1.0,2.0,3.0,2162498,1.0,1,2,1,5.0,,0.0,0,1980.0,A01,138Â 289Â 689,1.0,-1.0,-1.0,1651112,2.0,7,,0.0,2.0,1.0,A01,138Â 289Â 689,1.0
967467,201900008998,11,23,16:00,1,1,1,2.0,3.0,72246,D19,M,"48,1557570","0,4817690",72,2019,80.0,3.0,2.0,3.0,2162499,1.0,1,3,1,5.0,,0.0,0,1960.0,A01,138Â 289Â 686,1.0,-1.0,-1.0,1651113,2.0,7,,13.0,0.0,9.0,A01,138Â 289Â 686,1.0
967467,201900008998,11,23,16:00,1,1,1,2.0,3.0,72246,D19,M,"48,1557570","0,4817690",72,2019,80.0,3.0,2.0,3.0,2162499,1.0,1,3,1,5.0,,0.0,0,1960.0,A01,138Â 289Â 686,1.0,-1.0,-1.0,1651114,1.0,7,,13.0,0.0,4.0,B01,138Â 289Â 687,1.0
967467,201900008998,11,23,16:00,1,1,1,2.0,3.0,72246,D19,M,"48,1557570","0,4817690",72,2019,80.0,3.0,2.0,3.0,2162500,2.0,2,2,1,5.0,,0.0,0,1949.0,A01,138Â 289Â 686,1.0,-1.0,-1.0,1651113,2.0,7,,13.0,0.0,9.0,A01,138Â 289Â 686,1.0
967467,201900008998,11,23,16:00,1,1,1,2.0,3.0,72246,D19,M,"48,1557570","0,4817690",72,2019,80.0,3.0,2.0,3.0,2162500,2.0,2,2,1,5.0,,0.0,0,1949.0,A01,138Â 289Â 686,1.0,-1.0,-1.0,1651114,1.0,7,,13.0,0.0,4.0,B01,138Â 289Â 687,1.0
967467,201900008998,11,23,16:00,1,1,1,2.0,3.0,72246,D19,M,"48,1557570","0,4817690",72,2019,80.0,3.0,2.0,3.0,2162501,7.0,2,2,1,5.0,,0.0,0,1933.0,A01,138Â 289Â 686,1.0,-1.0,-1.0,1651113,2.0,7,,13.0,0.0,9.0,A01,138Â 289Â 686,1.0
967467,201900008998,11,23,16:00,1,1,1,2.0,3.0,72246,D19,M,"48,1557570","0,4817690",72,2019,80.0,3.0,2.0,3.0,2162501,7.0,2,2,1,5.0,,0.0,0,1933.0,A01,138Â 289Â 686,1.0,-1.0,-1.0,1651114,1.0,7,,13.0,0.0,4.0,B01,138Â 289Â 687,1.0
967467,201900008998,11,23,16:00,1,1,1,2.0,3.0,72246,D19,M,"48,1557570","0,4817690",72,2019,80.0,3.0,2.0,3.0,2162502,1.0,1,4,1,5.0,,0.0,0,2000.0,B01,138Â 289Â 687,1.0,-1.0,-1.0,1651113,2.0,7,,13.0,0.0,9.0,A01,138Â 289Â 686,1.0
967467,201900008998,11,23,16:00,1,1,1,2.0,3.0,72246,D19,M,"48,1557570","0,4817690",72,2019,80.0,3.0,2.0,3.0,2162502,1.0,1,4,1,5.0,,0.0,0,2000.0,B01,138Â 289Â 687,1.0,-1.0,-1.0,1651114,1.0,7,,13.0,0.0,4.0,B01,138Â 289Â 687,1.0
967468,201900008999,11,22,23:20,5,1,1,3.0,2.0,72065,Rue Platon,M,"48,0250120","0,1684500",72,2019,90.0,1.0,2.0,3.0,2162503,1.0,1,4,1,5.0,,0.0,0,1989.0,A01,138Â 289Â 684,1.0,-1.0,-1.0,1651115,2.0,7,,0.0,2.0,1.0,A01,138Â 289Â 684,1.0
967468,201900008999,11,22,23:20,5,1,1,3.0,2.0,72065,Rue Platon,M,"48,0250120","0,1684500",72,2019,90.0,1.0,2.0,3.0,2162503,1.0,1,4,1,5.0,,0.0,0,1989.0,A01,138Â 289Â 684,1.0,-1.0,-1.0,1651116,2.0,2,,0.0,0.0,4.0,B01,138Â 289Â 685,1.0
967468,201900008999,11,22,23:20,5,1,1,3.0,2.0,72065,Rue Platon,M,"48,0250120","0,1684500",72,2019,90.0,1.0,2.0,3.0,2162504,1.0,1,3,1,1.0,,0.0,0,1999.0,B01,138Â 289Â 685,2.0,6.0,-1.0,1651115,2.0,7,,0.0,2.0,1.0,A01,138Â 289Â 684,1.0
967468,201900008999,11,22,23:20,5,1,1,3.0,2.0,72065,Rue Platon,M,"48,0250120","0,1684500",72,2019,90.0,1.0,2.0,3.0,2162504,1.0,1,3,1,1.0,,0.0,0,1999.0,B01,138Â 289Â 685,2.0,6.0,-1.0,1651116,2.0,2,,0.0,0.0,4.0,B01,138Â 289Â 685,1.0
967469,201900009000,11,23,20:00,3,1,1,2.0,4.0,72346,D23,M,"47,8846990","0,0351050",72,2019,80.0,1.0,2.0,3.0,2162505,1.0,1,4,1,5.0,,0.0,0,1966.0,A01,138Â 289Â 681,1.0,-1.0,-1.0,1651117,1.0,7,,3.0,2.0,1.0,A01,138Â 289Â 681,1.0
967469,201900009000,11,23,20:00,3,1,1,2.0,4.0,72346,D23,M,"47,8846990","0,0351050",72,2019,80.0,1.0,2.0,3.0,2162505,1.0,1,4,1,5.0,,0.0,0,1966.0,A01,138Â 289Â 681,1.0,-1.0,-1.0,1651118,2.0,7,,0.0,2.0,7.0,B01,138Â 289Â 682,1.0
967469,201900009000,11,23,20:00,3,1,1,2.0,4.0,72346,D23,M,"47,8846990","0,0351050",72,2019,80.0,1.0,2.0,3.0,2162505,1.0,1,4,1,5.0,,0.0,0,1966.0,A01,138Â 289Â 681,1.0,-1.0,-1.0,1651119,2.0,7,,0.0,2.0,3.0,C01,138Â 289Â 683,1.0
967469,201900009000,11,23,20:00,3,1,1,2.0,4.0,72346,D23,M,"47,8846990","0,0351050",72,2019,80.0,1.0,2.0,3.0,2162506,2.0,2,4,2,5.0,,0.0,0,1993.0,A01,138Â 289Â 681,1.0,-1.0,-1.0,1651117,1.0,7,,3.0,2.0,1.0,A01,138Â 289Â 681,1.0
967469,201900009000,11,23,20:00,3,1,1,2.0,4.0,72346,D23,M,"47,8846990","0,0351050",72,2019,80.0,1.0,2.0,3.0,2162506,2.0,2,4,2,5.0,,0.0,0,1993.0,A01,138Â 289Â 681,1.0,-1.0,-1.0,1651118,2.0,7,,0.0,2.0,7.0,B01,138Â 289Â 682,1.0
967469,201900009000,11,23,20:00,3,1,1,2.0,4.0,72346,D23,M,"47,8846990","0,0351050",72,2019,80.0,1.0,2.0,3.0,2162506,2.0,2,4,2,5.0,,0.0,0,1993.0,A01,138Â 289Â 681,1.0,-1.0,-1.0,1651119,2.0,7,,0.0,2.0,3.0,C01,138Â 289Â 683,1.0
967469,201900009000,11,23,20:00,3,1,1,2.0,4.0,72346,D23,M,"47,8846990","0,0351050",72,2019,80.0,1.0,2.0,3.0,2162507,2.0,2,4,2,5.0,,0.0,0,1982.0,B01,138Â 289Â 682,1.0,-1.0,-1.0,1651117,1.0,7,,3.0,2.0,1.0,A01,138Â 289Â 681,1.0
967469,201900009000,11,23,20:00,3,1,1,2.0,4.0,72346,D23,M,"47,8846990","0,0351050",72,2019,80.0,1.0,2.0,3.0,2162507,2.0,2,4,2,5.0,,0.0,0,1982.0,B01,138Â 289Â 682,1.0,-1.0,-1.0,1651118,2.0,7,,0.0,2.0,7.0,B01,138Â 289Â 682,1.0
967469,201900009000,11,23,20:00,3,1,1,2.0,4.0,72346,D23,M,"47,8846990","0,0351050",72,2019,80.0,1.0,2.0,3.0,2162507,2.0,2,4,2,5.0,,0.0,0,1982.0,B01,138Â 289Â 682,1.0,-1.0,-1.0,1651119,2.0,7,,0.0,2.0,3.0,C01,138Â 289Â 683,1.0
967469,201900009000,11,23,20:00,3,1,1,2.0,4.0,72346,D23,M,"47,8846990","0,0351050",72,2019,80.0,1.0,2.0,3.0,2162508,7.0,2,2,1,5.0,,0.0,0,2019.0,B01,138Â 289Â 682,3.0,-1.0,-1.0,1651117,1.0,7,,3.0,2.0,1.0,A01,138Â 289Â 681,1.0
967469,201900009000,11,23,20:00,3,1,1,2.0,4.0,72346,D23,M,"47,8846990","0,0351050",72,2019,80.0,1.0,2.0,3.0,2162508,7.0,2,2,1,5.0,,0.0,0,2019.0,B01,138Â 289Â 682,3.0,-1.0,-1.0,1651118,2.0,7,,0.0,2.0,7.0,B01,138Â 289Â 682,1.0
967469,201900009000,11,23,20:00,3,1,1,2.0,4.0,72346,D23,M,"47,8846990","0,0351050",72,2019,80.0,1.0,2.0,3.0,2162508,7.0,2,2,1,5.0,,0.0,0,2019.0,B01,138Â 289Â 682,3.0,-1.0,-1.0,1651119,2.0,7,,0.0,2.0,3.0,C01,138Â 289Â 683,1.0
967469,201900009000,11,23,20:00,3,1,1,2.0,4.0,72346,D23,M,"47,8846990","0,0351050",72,2019,80.0,1.0,2.0,3.0,2162509,1.0,1,4,1,5.0,,0.0,0,1982.0,B01,138Â 289Â 682,1.0,-1.0,-1.0,1651117,1.0,7,,3.0,2.0,1.0,A01,138Â 289Â 681,1.0
967469,201900009000,11,23,20:00,3,1,1,2.0,4.0,72346,D23,M,"47,8846990","0,0351050",72,2019,80.0,1.0,2.0,3.0,2162509,1.0,1,4,1,5.0,,0.0,0,1982.0,B01,138Â 289Â 682,1.0,-1.0,-1.0,1651118,2.0,7,,0.0,2.0,7.0,B01,138Â 289Â 682,1.0
967469,201900009000,11,23,20:00,3,1,1,2.0,4.0,72346,D23,M,"47,8846990","0,0351050",72,2019,80.0,1.0,2.0,3.0,2162509,1.0,1,4,1,5.0,,0.0,0,1982.0,B01,138Â 289Â 682,1.0,-1.0,-1.0,1651119,2.0,7,,0.0,2.0,3.0,C01,138Â 289Â 683,1.0
967469,201900009000,11,23,20:00,3,1,1,2.0,4.0,72346,D23,M,"47,8846990","0,0351050",72,2019,80.0,1.0,2.0,3.0,2162510,1.0,1,4,2,5.0,,0.0,0,1990.0,C01,138Â 289Â 683,1.0,-1.0,-1.0,1651117,1.0,7,,3.0,2.0,1.0,A01,138Â 289Â 681,1.0
967469,201900009000,11,23,20:00,3,1,1,2.0,4.0,72346,D23,M,"47,8846990","0,0351050",72,2019,80.0,1.0,2.0,3.0,2162510,1.0,1,4,2,5.0,,0.0,0,1990.0,C01,138Â 289Â 683,1.0,-1.0,-1.0,1651118,2.0,7,,0.0,2.0,7.0,B01,138Â 289Â 682,1.0
967469,201900009000,11,23,20:00,3,1,1,2.0,4.0,72346,D23,M,"47,8846990","0,0351050",72,2019,80.0,1.0,2.0,3.0,2162510,1.0,1,4,2,5.0,,0.0,0,1990.0,C01,138Â 289Â 683,1.0,-1.0,-1.0,1651119,2.0,7,,0.0,2.0,3.0,C01,138Â 289Â 683,1.0
967470,201900009001,11,24,08:00,2,1,1,1.0,7.0,14512,Route de PontÃ©coulant,M,"48,8759860"," -0,5949800",14,2019,80.0,8.0,1.0,3.0,2162511,1.0,1,3,1,5.0,,0.0,0,2002.0,A01,138Â 289Â 680,1.0,-1.0,-1.0,1651120,1.0,7,,13.0,0.0,8.0,A01,138Â 289Â 680,1.0
967470,201900009001,11,24,08:00,2,1,1,1.0,7.0,14512,Route de PontÃ©coulant,M,"48,8759860"," -0,5949800",14,2019,80.0,8.0,1.0,3.0,2162512,2.0,2,1,1,5.0,,0.0,0,2002.0,A01,138Â 289Â 680,1.0,-1.0,-1.0,1651120,1.0,7,,13.0,0.0,8.0,A01,138Â 289Â 680,1.0
967470,201900009001,11,24,08:00,2,1,1,1.0,7.0,14512,Route de PontÃ©coulant,M,"48,8759860"," -0,5949800",14,2019,80.0,8.0,1.0,3.0,2162513,9.0,2,1,1,5.0,,0.0,0,1996.0,A01,138Â 289Â 680,1.0,-1.0,-1.0,1651120,1.0,7,,13.0,0.0,8.0,A01,138Â 289Â 680,1.0
967471,201900009002,11,23,07:10,3,1,1,1.0,6.0,09332,Mounic et le Cazal,M,"43,0797800","1,6374830",9,2019,110.0,2.0,1.0,2.0,2162514,2.0,2,3,1,5.0,,0.0,0,1958.0,A01,138Â 289Â 679,8.0,-1.0,-1.0,1651121,1.0,7,,13.0,0.0,2.0,A01,138Â 289Â 679,1.0
967471,201900009002,11,23,07:10,3,1,1,1.0,6.0,09332,Mounic et le Cazal,M,"43,0797800","1,6374830",9,2019,110.0,2.0,1.0,2.0,2162515,1.0,1,4,1,5.0,,0.0,0,2000.0,A01,138Â 289Â 679,1.0,-1.0,-1.0,1651121,1.0,7,,13.0,0.0,2.0,A01,138Â 289Â 679,1.0
967472,201900009003,11,23,21:10,3,1,1,1.0,7.0,60109,D124,M,"49,6592760","1,8915410",60,2019,80.0,3.0,1.0,3.0,2162516,1.0,1,3,1,3.0,,0.0,0,1958.0,A01,138Â 289Â 678,1.0,-1.0,-1.0,1651122,2.0,7,,0.0,0.0,0.0,A01,138Â 289Â 678,1.0
967473,201900009004,11,24,03:50,3,1,1,1.0,6.0,16177,Ld Chez Dejoyeux,M,"45,5300720"," -0,0599960",16,2019,110.0,1.0,2.0,2.0,2162517,10.0,3,2,1,5.0,,0.0,0,1997.0,B01,138Â 289Â 677,8.0,-1.0,-1.0,1651123,1.0,7,,0.0,1.0,3.0,B01,138Â 289Â 677,1.0
967473,201900009004,11,24,03:50,3,1,1,1.0,6.0,16177,Ld Chez Dejoyeux,M,"45,5300720"," -0,0599960",16,2019,110.0,1.0,2.0,2.0,2162518,1.0,1,1,1,5.0,,0.0,0,1951.0,B01,138Â 289Â 677,1.0,-1.0,-1.0,1651123,1.0,7,,0.0,1.0,3.0,B01,138Â 289Â 677,1.0
967473,201900009004,11,24,03:50,3,1,1,1.0,6.0,16177,Ld Chez Dejoyeux,M,"45,5300720"," -0,0599960",16,2019,110.0,1.0,2.0,2.0,2162519,2.0,2,1,2,5.0,,0.0,0,1960.0,B01,138Â 289Â 677,1.0,-1.0,-1.0,1651123,1.0,7,,0.0,1.0,3.0,B01,138Â 289Â 677,1.0
967474,201900009005,11,24,06:09,3,1,1,1.0,6.0,85172,D753,M,"46,8268500"," -1,9512800",85,2019,80.0,3.0,1.0,3.0,2162520,1.0,1,3,1,5.0,,0.0,0,2000.0,A01,138Â 289Â 676,1.0,5.0,-1.0,1651124,1.0,7,,2.0,0.0,3.0,A01,138Â 289Â 676,1.0
967475,201900009006,11,22,18:15,3,2,9,1.0,3.0,97307,5 Rue d'Ebene,M,"4,8860160"," -52,3368360",973,2019,50.0,1.0,1.0,4.0,2162521,1.0,1,1,1,5.0,,0.0,0,1932.0,A01,138Â 289Â 674,1.0,-1.0,-1.0,1651125,0.0,7,,0.0,0.0,3.0,A01,138Â 289Â 674,0.0
967475,201900009006,11,22,18:15,3,2,9,1.0,3.0,97307,5 Rue d'Ebene,M,"4,8860160"," -52,3368360",973,2019,50.0,1.0,1.0,4.0,2162521,1.0,1,1,1,5.0,,0.0,0,1932.0,A01,138Â 289Â 674,1.0,-1.0,-1.0,1651126,0.0,2,,0.0,2.0,1.0,B01,138Â 289Â 675,0.0
967475,201900009006,11,22,18:15,3,2,9,1.0,3.0,97307,5 Rue d'Ebene,M,"4,8860160"," -52,3368360",973,2019,50.0,1.0,1.0,4.0,2162522,1.0,1,3,1,0.0,,0.0,0,2000.0,B01,138Â 289Â 675,2.0,-1.0,-1.0,1651125,0.0,7,,0.0,0.0,3.0,A01,138Â 289Â 674,0.0
967475,201900009006,11,22,18:15,3,2,9,1.0,3.0,97307,5 Rue d'Ebene,M,"4,8860160"," -52,3368360",973,2019,50.0,1.0,1.0,4.0,2162522,1.0,1,3,1,0.0,,0.0,0,2000.0,B01,138Â 289Â 675,2.0,-1.0,-1.0,1651126,0.0,2,,0.0,2.0,1.0,B01,138Â 289Â 675,0.0
967475,201900009006,11,22,18:15,3,2,9,1.0,3.0,97307,5 Rue d'Ebene,M,"4,8860160"," -52,3368360",973,2019,50.0,1.0,1.0,4.0,2162523,2.0,2,3,1,5.0,,0.0,0,1999.0,B01,138Â 289Â 675,2.0,-1.0,-1.0,1651125,0.0,7,,0.0,0.0,3.0,A01,138Â 289Â 674,0.0
967475,201900009006,11,22,18:15,3,2,9,1.0,3.0,97307,5 Rue d'Ebene,M,"4,8860160"," -52,3368360",973,2019,50.0,1.0,1.0,4.0,2162523,2.0,2,3,1,5.0,,0.0,0,1999.0,B01,138Â 289Â 675,2.0,-1.0,-1.0,1651126,0.0,2,,0.0,2.0,1.0,B01,138Â 289Â 675,0.0
967475,201900009006,11,22,18:15,3,2,9,1.0,3.0,97307,5 Rue d'Ebene,M,"4,8860160"," -52,3368360",973,2019,50.0,1.0,1.0,4.0,2162524,2.0,2,1,1,5.0,,0.0,0,1977.0,B01,138Â 289Â 675,0.0,2.0,-1.0,1651125,0.0,7,,0.0,0.0,3.0,A01,138Â 289Â 674,0.0