Unnamed: 0_x,num_acc,mois,jour,hrmn,lum,agg,int,atm,col,com,adr,gps,lat,long,dep,annee,vma,situ,surf,catr,Unnamed: 0_y,place,catu,grav,sexe,trajet,secu,locp,actp,an_nais,num_veh_x,id_vehicule_x,secu1,secu2,secu3,Unnamed: 0,senc,catv,occutc,obs,obsm,choc,num_veh_y,id_vehicule_y,motor
967475,201900009006,11,22,18:15,3,2,9,1.0,3.0,97307,5 Rue d'Ebene,M,"4,8860160"," -52,3368360",973,2019,50.0,1.0,1.0,4.0,2162524,2.0,2,1,1,5.0,,0.0,0,1977.0,B01,138Â 289Â 675,0.0,2.0,-1.0,1651126,0.0,2,,0.0,2.0,1.0,B01,138Â 289Â 675,0.0
967476,201900009007,11,23,20:15,5,2,2,1.0,3.0,97309,Route de Montjoly (rd1),M,"4,9133710"," -52,2732660",973,2019,50.0,1.0,1.0,3.0,2162525,1.0,1,4,1,0.0,,0.0,0,1964.0,B01,138Â 289Â 672,2.0,-1.0,-1.0,1651127,1.0,2,,0.0,2.0,2.0,B01,138Â 289Â 672,1.0
967476,201900009007,11,23,20:15,5,2,2,1.0,3.0,97309,Route de Montjoly (rd1),M,"4,9133710"," -52,2732660",973,2019,50.0,1.0,1.0,3.0,2162525,1.0,1,4,1,0.0,,0.0,0,1964.0,B01,138Â 289Â 672,2.0,-1.0,-1.0,1651128,3.0,7,,0.0,2.0,1.0,A01,138Â 289Â 673,1.0
967477,201900009008,11,23,16:00,1,2,3,1.0,3.0,97309,Rue Cannelier,M,"4,8931990"," -52,2873170",973,2019,50.0,1.0,1.0,4.0,2162526,1.0,1,3,1,5.0,,0.0,0,2008.0,B01,138Â 289Â 670,0.0,-1.0,-1.0,1651129,3.0,1,,0.0,2.0,3.0,B01,138Â 289Â 670,5.0
967477,201900009008,11,23,16:00,1,2,3,1.0,3.0,97309,Rue Cannelier,M,"4,8931990"," -52,2873170",973,2019,50.0,1.0,1.0,4.0,2162526,1.0,1,3,1,5.0,,0.0,0,2008.0,B01,138Â 289Â 670,0.0,-1.0,-1.0,1651130,3.0,7,,0.0,2.0,1.0,A01,138Â 289Â 671,1.0
967477,201900009008,11,23,16:00,1,2,3,1.0,3.0,97309,Rue Cannelier,M,"4,8931990"," -52,2873170",973,2019,50.0,1.0,1.0,4.0,2162527,1.0,1,1,1,5.0,,0.0,0,1950.0,A01,138Â 289Â 671,1.0,-1.0,-1.0,1651129,3.0,1,,0.0,2.0,3.0,B01,138Â 289Â 670,5.0
967477,201900009008,11,23,16:00,1,2,3,1.0,3.0,97309,Rue Cannelier,M,"4,8931990"," -52,2873170",973,2019,50.0,1.0,1.0,4.0,2162527,1.0,1,1,1,5.0,,0.0,0,1950.0,A01,138Â 289Â 671,1.0,-1.0,-1.0,1651130,3.0,7,,0.0,2.0,1.0,A01,138Â 289Â 671,1.0
967478,201900009009,11,24,02:15,3,1,1,1.0,3.0,33122,A63 - PK015.150,M,"44,6953500"," -0,7655900",33,2019,130.0,1.0,1.0,1.0,2162528,2.0,2,1,1,5.0,,0.0,0,1981.0,B01,138Â 289Â 668,8.0,-1.0,-1.0,1651131,1.0,7,,0.0,2.0,3.0,B01,138Â 289Â 668,1.0
967478,201900009009,11,24,02:15,3,1,1,1.0,3.0,33122,A63 - PK015.150,M,"44,6953500"," -0,7655900",33,2019,130.0,1.0,1.0,1.0,2162528,2.0,2,1,1,5.0,,0.0,0,1981.0,B01,138Â 289Â 668,8.0,-1.0,-1.0,1651132,1.0,7,,13.0,2.0,2.0,A01,138Â 289Â 669,1.0
967478,201900009009,11,24,02:15,3,1,1,1.0,3.0,33122,A63 - PK015.150,M,"44,6953500"," -0,7655900",33,2019,130.0,1.0,1.0,1.0,2162529,1.0,1,1,1,5.0,,0.0,0,1980.0,B01,138Â 289Â 668,8.0,-1.0,-1.0,1651131,1.0,7,,0.0,2.0,3.0,B01,138Â 289Â 668,1.0
967478,201900009009,11,24,02:15,3,1,1,1.0,3.0,33122,A63 - PK015.150,M,"44,6953500"," -0,7655900",33,2019,130.0,1.0,1.0,1.0,2162529,1.0,1,1,1,5.0,,0.0,0,1980.0,B01,138Â 289Â 668,8.0,-1.0,-1.0,1651132,1.0,7,,13.0,2.0,2.0,A01,138Â 289Â 669,1.0
967478,201900009009,11,24,02:15,3,1,1,1.0,3.0,33122,A63 - PK015.150,M,"44,6953500"," -0,7655900",33,2019,130.0,1.0,1.0,1.0,2162530,1.0,1,2,2,5.0,,0.0,0,1988.0,A01,138Â 289Â 669,1.0,-1.0,-1.0,1651131,1.0,7,,0.0,2.0,3.0,B01,138Â 289Â 668,1.0
967478,201900009009,11,24,02:15,3,1,1,1.0,3.0,33122,A63 - PK015.150,M,"44,6953500"," -0,7655900",33,2019,130.0,1.0,1.0,1.0,2162530,1.0,1,2,2,5.0,,0.0,0,1988.0,A01,138Â 289Â 669,1.0,-1.0,-1.0,1651132,1.0,7,,13.0,2.0,2.0,A01,138Â 289Â 669,1.0
967479,201900009010,11,23,00:40,3,1,1,2.0,7.0,60172,D1016,M,"49,1445990","2,4404730",60,2019,80.0,1.0,2.0,3.0,2162531,1.0,1,3,1,0.0,,0.0,0,1959.0,A01,138Â 289Â 667,2.0,6.0,9.0,1651133,0.0,33,,0.0,0.0,7.0,A01,138Â 289Â 667,1.0
967480,201900009011,11,24,01:10,3,1,1,1.0,6.0,97801,240 rue des Terres Basses,M,"18,0612390"," -63,1350560",978,2019,70.0,3.0,1.0,9.0,2162532,1.0,1,4,1,5.0,,0.0,0,1980.0,A01,138Â 289Â 666,1.0,-1.0,-1.0,1651134,3.0,10,,8.0,0.0,3.0,A01,138Â 289Â 666,1.0
967480,201900009011,11,24,01:10,3,1,1,1.0,6.0,97801,240 rue des Terres Basses,M,"18,0612390"," -63,1350560",978,2019,70.0,3.0,1.0,9.0,2162533,9.0,2,3,2,5.0,,0.0,0,1965.0,A01,138Â 289Â 666,0.0,-1.0,-1.0,1651134,3.0,10,,8.0,0.0,3.0,A01,138Â 289Â 666,1.0
967480,201900009011,11,24,01:10,3,1,1,1.0,6.0,97801,240 rue des Terres Basses,M,"18,0612390"," -63,1350560",978,2019,70.0,3.0,1.0,9.0,2162534,2.0,2,1,2,5.0,,0.0,0,2001.0,A01,138Â 289Â 666,1.0,-1.0,-1.0,1651134,3.0,10,,8.0,0.0,3.0,A01,138Â 289Â 666,1.0
967481,201900009012,11,24,08:15,1,2,4,1.0,1.0,97701,rt46 - morne tourterelle,M,"17,8947700"," -62,8352910",977,2019,30.0,1.0,1.0,2.0,2162535,1.0,1,4,1,1.0,,0.0,0,1995.0,B01,138Â 289Â 664,2.0,-1.0,-1.0,1651135,3.0,32,,0.0,2.0,1.0,B01,138Â 289Â 664,1.0
967481,201900009012,11,24,08:15,1,2,4,1.0,1.0,97701,rt46 - morne tourterelle,M,"17,8947700"," -62,8352910",977,2019,30.0,1.0,1.0,2.0,2162535,1.0,1,4,1,1.0,,0.0,0,1995.0,B01,138Â 289Â 664,2.0,-1.0,-1.0,1651136,3.0,10,,0.0,2.0,6.0,A01,138Â 289Â 665,1.0
967481,201900009012,11,24,08:15,1,2,4,1.0,1.0,97701,rt46 - morne tourterelle,M,"17,8947700"," -62,8352910",977,2019,30.0,1.0,1.0,2.0,2162536,1.0,1,1,1,1.0,,0.0,0,1972.0,A01,138Â 289Â 665,1.0,-1.0,-1.0,1651135,3.0,32,,0.0,2.0,1.0,B01,138Â 289Â 664,1.0
967481,201900009012,11,24,08:15,1,2,4,1.0,1.0,97701,rt46 - morne tourterelle,M,"17,8947700"," -62,8352910",977,2019,30.0,1.0,1.0,2.0,2162536,1.0,1,1,1,1.0,,0.0,0,1972.0,A01,138Â 289Â 665,1.0,-1.0,-1.0,1651136,3.0,10,,0.0,2.0,6.0,A01,138Â 289Â 665,1.0
967482,201900009013,11,21,22:00,5,1,2,1.0,3.0,77393,D201 X D2-Rue de VilprÃ©,M,"48,6772900","2,9699500",77,2019,80.0,1.0,2.0,3.0,2162537,2.0,2,1,1,5.0,,0.0,0,2016.0,A01,138Â 289Â 662,1.0,-1.0,-1.0,1651137,1.0,3,,7.0,0.0,7.0,A01,138Â 289Â 662,0.0
967482,201900009013,11,21,22:00,5,1,2,1.0,3.0,77393,D201 X D2-Rue de VilprÃ©,M,"48,6772900","2,9699500",77,2019,80.0,1.0,2.0,3.0,2162537,2.0,2,1,1,5.0,,0.0,0,2016.0,A01,138Â 289Â 662,1.0,-1.0,-1.0,1651138,1.0,10,,0.0,2.0,1.0,B01,138Â 289Â 663,0.0
967482,201900009013,11,21,22:00,5,1,2,1.0,3.0,77393,D201 X D2-Rue de VilprÃ©,M,"48,6772900","2,9699500",77,2019,80.0,1.0,2.0,3.0,2162538,1.0,1,3,1,0.0,,0.0,0,1990.0,A01,138Â 289Â 662,8.0,-1.0,-1.0,1651137,1.0,3,,7.0,0.0,7.0,A01,138Â 289Â 662,0.0
967482,201900009013,11,21,22:00,5,1,2,1.0,3.0,77393,D201 X D2-Rue de VilprÃ©,M,"48,6772900","2,9699500",77,2019,80.0,1.0,2.0,3.0,2162538,1.0,1,3,1,0.0,,0.0,0,1990.0,A01,138Â 289Â 662,8.0,-1.0,-1.0,1651138,1.0,10,,0.0,2.0,1.0,B01,138Â 289Â 663,0.0
967482,201900009013,11,21,22:00,5,1,2,1.0,3.0,77393,D201 X D2-Rue de VilprÃ©,M,"48,6772900","2,9699500",77,2019,80.0,1.0,2.0,3.0,2162539,2.0,2,1,1,1.0,,0.0,0,1958.0,B01,138Â 289Â 663,1.0,-1.0,-1.0,1651137,1.0,3,,7.0,0.0,7.0,A01,138Â 289Â 662,0.0
967482,201900009013,11,21,22:00,5,1,2,1.0,3.0,77393,D201 X D2-Rue de VilprÃ©,M,"48,6772900","2,9699500",77,2019,80.0,1.0,2.0,3.0,2162539,2.0,2,1,1,1.0,,0.0,0,1958.0,B01,138Â 289Â 663,1.0,-1.0,-1.0,1651138,1.0,10,,0.0,2.0,1.0,B01,138Â 289Â 663,0.0
967482,201900009013,11,21,22:00,5,1,2,1.0,3.0,77393,D201 X D2-Rue de VilprÃ©,M,"48,6772900","2,9699500",77,2019,80.0,1.0,2.0,3.0,2162540,1.0,1,1,1,4.0,,0.0,0,1968.0,B01,138Â 289Â 663,1.0,-1.0,-1.0,1651137,1.0,3,,7.0,0.0,7.0,A01,138Â 289Â 662,0.0
967482,201900009013,11,21,22:00,5,1,2,1.0,3.0,77393,D201 X D2-Rue de VilprÃ©,M,"48,6772900","2,9699500",77,2019,80.0,1.0,2.0,3.0,2162540,1.0,1,1,1,4.0,,0.0,0,1968.0,B01,138Â 289Â 663,1.0,-1.0,-1.0,1651138,1.0,10,,0.0,2.0,1.0,B01,138Â 289Â 663,0.0
967483,201900009014,11,23,18:00,3,1,1,2.0,5.0,84047,D101,M,"43,9159600","5,3510630",84,2019,80.0,1.0,2.0,3.0,2162541,2.0,2,1,2,5.0,,0.0,0,1968.0,C01,138Â 289Â 659,1.0,-1.0,-1.0,1651139,2.0,7,,0.0,2.0,8.0,C01,138Â 289Â 659,1.0
967483,201900009014,11,23,18:00,3,1,1,2.0,5.0,84047,D101,M,"43,9159600","5,3510630",84,2019,80.0,1.0,2.0,3.0,2162541,2.0,2,1,2,5.0,,0.0,0,1968.0,C01,138Â 289Â 659,1.0,-1.0,-1.0,1651140,2.0,7,,0.0,2.0,8.0,B01,138Â 289Â 660,1.0
967483,201900009014,11,23,18:00,3,1,1,2.0,5.0,84047,D101,M,"43,9159600","5,3510630",84,2019,80.0,1.0,2.0,3.0,2162541,2.0,2,1,2,5.0,,0.0,0,1968.0,C01,138Â 289Â 659,1.0,-1.0,-1.0,1651141,3.0,7,,2.0,2.0,3.0,A01,138Â 289Â 661,1.0
967483,201900009014,11,23,18:00,3,1,1,2.0,5.0,84047,D101,M,"43,9159600","5,3510630",84,2019,80.0,1.0,2.0,3.0,2162542,1.0,1,1,1,5.0,,0.0,0,1962.0,C01,138Â 289Â 659,1.0,-1.0,-1.0,1651139,2.0,7,,0.0,2.0,8.0,C01,138Â 289Â 659,1.0
967483,201900009014,11,23,18:00,3,1,1,2.0,5.0,84047,D101,M,"43,9159600","5,3510630",84,2019,80.0,1.0,2.0,3.0,2162542,1.0,1,1,1,5.0,,0.0,0,1962.0,C01,138Â 289Â 659,1.0,-1.0,-1.0,1651140,2.0,7,,0.0,2.0,8.0,B01,138Â 289Â 660,1.0
967483,201900009014,11,23,18:00,3,1,1,2.0,5.0,84047,D101,M,"43,9159600","5,3510630",84,2019,80.0,1.0,2.0,3.0,2162542,1.0,1,1,1,5.0,,0.0,0,1962.0,C01,138Â 289Â 659,1.0,-1.0,-1.0,1651141,3.0,7,,2.0,2.0,3.0,A01,138Â 289Â 661,1.0
967483,201900009014,11,23,18:00,3,1,1,2.0,5.0,84047,D101,M,"43,9159600","5,3510630",84,2019,80.0,1.0,2.0,3.0,2162543,1.0,1,1,2,1.0,,0.0,0,1969.0,B01,138Â 289Â 660,1.0,-1.0,-1.0,1651139,2.0,7,,0.0,2.0,8.0,C01,138Â 289Â 659,1.0
967483,201900009014,11,23,18:00,3,1,1,2.0,5.0,84047,D101,M,"43,9159600","5,3510630",84,2019,80.0,1.0,2.0,3.0,2162543,1.0,1,1,2,1.0,,0.0,0,1969.0,B01,138Â 289Â 660,1.0,-1.0,-1.0,1651140,2.0,7,,0.0,2.0,8.0,B01,138Â 289Â 660,1.0
967483,201900009014,11,23,18:00,3,1,1,2.0,5.0,84047,D101,M,"43,9159600","5,3510630",84,2019,80.0,1.0,2.0,3.0,2162543,1.0,1,1,2,1.0,,0.0,0,1969.0,B01,138Â 289Â 660,1.0,-1.0,-1.0,1651141,3.0,7,,2.0,2.0,3.0,A01,138Â 289Â 661,1.0
967483,201900009014,11,23,18:00,3,1,1,2.0,5.0,84047,D101,M,"43,9159600","5,3510630",84,2019,80.0,1.0,2.0,3.0,2162544,1.0,1,4,1,5.0,,0.0,0,1963.0,A01,138Â 289Â 661,1.0,-1.0,-1.0,1651139,2.0,7,,0.0,2.0,8.0,C01,138Â 289Â 659,1.0
967483,201900009014,11,23,18:00,3,1,1,2.0,5.0,84047,D101,M,"43,9159600","5,3510630",84,2019,80.0,1.0,2.0,3.0,2162544,1.0,1,4,1,5.0,,0.0,0,1963.0,A01,138Â 289Â 661,1.0,-1.0,-1.0,1651140,2.0,7,,0.0,2.0,8.0,B01,138Â 289Â 660,1.0
967483,201900009014,11,23,18:00,3,1,1,2.0,5.0,84047,D101,M,"43,9159600","5,3510630",84,2019,80.0,1.0,2.0,3.0,2162544,1.0,1,4,1,5.0,,0.0,0,1963.0,A01,138Â 289Â 661,1.0,-1.0,-1.0,1651141,3.0,7,,2.0,2.0,3.0,A01,138Â 289Â 661,1.0
967484,201900009015,11,11,00:55,3,2,1,1.0,6.0,88175,Chemins des Senseaux,M,"48,2156250","6,5880240",88,2019,-1.0,1.0,6.0,9.0,2162545,1.0,1,2,1,9.0,,0.0,0,1957.0,A01,138Â 289Â 658,1.0,-1.0,-1.0,1651142,3.0,7,,2.0,0.0,2.0,A01,138Â 289Â 658,1.0
967485,201900009016,11,24,16:49,1,1,1,1.0,6.0,69242,47 Route de Villeneuve,M,"46,1320800","4,7588200",69,2019,70.0,3.0,1.0,4.0,2162546,1.0,1,4,1,5.0,,0.0,0,1968.0,A01,138Â 289Â 657,1.0,-1.0,-1.0,1651143,1.0,7,,13.0,0.0,3.0,A01,138Â 289Â 657,0.0
967486,201900009017,11,24,11:45,1,2,1,7.0,6.0,31291,5 Avenue de Clairefontaine,M,"43,5959690","1,2350040",31,2019,50.0,1.0,1.0,3.0,2162547,10.0,3,3,2,3.0,,1.0,3,1937.0,A01,138Â 289Â 656,0.0,-1.0,-1.0,1651144,2.0,7,,0.0,1.0,1.0,A01,138Â 289Â 656,1.0
967486,201900009017,11,24,11:45,1,2,1,7.0,6.0,31291,5 Avenue de Clairefontaine,M,"43,5959690","1,2350040",31,2019,50.0,1.0,1.0,3.0,2162548,1.0,1,1,2,5.0,,0.0,0,1997.0,A01,138Â 289Â 656,1.0,-1.0,-1.0,1651144,2.0,7,,0.0,1.0,1.0,A01,138Â 289Â 656,1.0
967487,201900009018,11,24,18:10,3,1,1,1.0,6.0,79088,,M,"46,8071560"," -0,3807670",79,2019,-1.0,3.0,2.0,2.0,2162549,1.0,1,3,1,0.0,,0.0,0,1968.0,A01,138Â 289Â 655,1.0,-1.0,-1.0,1651145,2.0,7,,13.0,0.0,0.0,A01,138Â 289Â 655,0.0
967487,201900009018,11,24,18:10,3,1,1,1.0,6.0,79088,,M,"46,8071560"," -0,3807670",79,2019,-1.0,3.0,2.0,2.0,2162550,2.0,2,3,2,0.0,,0.0,0,1970.0,A01,138Â 289Â 655,1.0,-1.0,-1.0,1651145,2.0,7,,13.0,0.0,0.0,A01,138Â 289Â 655,0.0
967488,201900009019,11,24,10:25,1,2,1,1.0,1.0,14258,14 Rue Porte Philippe Jean,M,"48,8950190"," -0,2034520",14,2019,50.0,1.0,1.0,4.0,2162551,1.0,1,1,2,5.0,,0.0,0,1978.0,B01,138Â 289Â 653,1.0,-1.0,-1.0,1651146,1.0,7,,0.0,2.0,6.0,B01,138Â 289Â 653,1.0
967488,201900009019,11,24,10:25,1,2,1,1.0,1.0,14258,14 Rue Porte Philippe Jean,M,"48,8950190"," -0,2034520",14,2019,50.0,1.0,1.0,4.0,2162551,1.0,1,1,2,5.0,,0.0,0,1978.0,B01,138Â 289Â 653,1.0,-1.0,-1.0,1651147,2.0,2,,0.0,2.0,6.0,A01,138Â 289Â 654,1.0
967488,201900009019,11,24,10:25,1,2,1,1.0,1.0,14258,14 Rue Porte Philippe Jean,M,"48,8950190"," -0,2034520",14,2019,50.0,1.0,1.0,4.0,2162552,1.0,1,3,2,1.0,,0.0,0,1972.0,A01,138Â 289Â 654,2.0,6.0,-1.0,1651146,1.0,7,,0.0,2.0,6.0,B01,138Â 289Â 653,1.0
967488,201900009019,11,24,10:25,1,2,1,1.0,1.0,14258,14 Rue Porte Philippe Jean,M,"48,8950190"," -0,2034520",14,2019,50.0,1.0,1.0,4.0,2162552,1.0,1,3,2,1.0,,0.0,0,1972.0,A01,138Â 289Â 654,2.0,6.0,-1.0,1651147,2.0,2,,0.0,2.0,6.0,A01,138Â 289Â 654,1.0
967489,201900009020,11,23,05:00,3,1,1,3.0,7.0,13005,A501-sens Marseille vers Pont de l'Etoil,M,"43,3020976","5,5673126",13,2019,90.0,1.0,2.0,1.0,2162553,2.0,2,4,1,0.0,,-1.0,0,1994.0,A01,138Â 289Â 652,1.0,0.0,-1.0,1651148,1.0,10,,3.0,0.0,2.0,A01,138Â 289Â 652,1.0
967489,201900009020,11,23,05:00,3,1,1,3.0,7.0,13005,A501-sens Marseille vers Pont de l'Etoil,M,"43,3020976","5,5673126",13,2019,90.0,1.0,2.0,1.0,2162554,1.0,1,4,1,5.0,,-1.0,0,1998.0,A01,138Â 289Â 652,1.0,0.0,-1.0,1651148,1.0,10,,3.0,0.0,2.0,A01,138Â 289Â 652,1.0
967489,201900009020,11,23,05:00,3,1,1,3.0,7.0,13005,A501-sens Marseille vers Pont de l'Etoil,M,"43,3020976","5,5673126",13,2019,90.0,1.0,2.0,1.0,2162555,4.0,2,4,1,5.0,,-1.0,0,1998.0,A01,138Â 289Â 652,1.0,0.0,-1.0,1651148,1.0,10,,3.0,0.0,2.0,A01,138Â 289Â 652,1.0
967490,201900009021,11,23,08:30,1,1,1,2.0,6.0,13026,A55-Sens Martigues vers Marseille,M,"43,4017600","5,1058300",13,2019,110.0,1.0,2.0,1.0,2162556,1.0,1,4,2,5.0,,-1.0, -1,1995.0,A01,138Â 289Â 651,1.0,0.0,-1.0,1651149,2.0,7,,15.0,0.0,2.0,A01,138Â 289Â 651,1.0
967491,201900009022,11,23,08:45,1,1,1,3.0,4.0,13001,A51-Sens Marseille vers Aix en Provence,M,"43,5108840","5,4191530",13,2019,90.0,1.0,2.0,1.0,2162557,1.0,1,1,1,4.0,,-1.0, -1,1990.0,C01,138Â 289Â 648,1.0,0.0,-1.0,1651150,1.0,10,,0.0,2.0,1.0,C01,138Â 289Â 648,1.0
967491,201900009022,11,23,08:45,1,1,1,3.0,4.0,13001,A51-Sens Marseille vers Aix en Provence,M,"43,5108840","5,4191530",13,2019,90.0,1.0,2.0,1.0,2162557,1.0,1,1,1,4.0,,-1.0, -1,1990.0,C01,138Â 289Â 648,1.0,0.0,-1.0,1651151,1.0,7,,0.0,2.0,4.0,B01,138Â 289Â 649,1.0
967491,201900009022,11,23,08:45,1,1,1,3.0,4.0,13001,A51-Sens Marseille vers Aix en Provence,M,"43,5108840","5,4191530",13,2019,90.0,1.0,2.0,1.0,2162557,1.0,1,1,1,4.0,,-1.0, -1,1990.0,C01,138Â 289Â 648,1.0,0.0,-1.0,1651152,1.0,7,,0.0,2.0,1.0,A01,138Â 289Â 650,1.0
967491,201900009022,11,23,08:45,1,1,1,3.0,4.0,13001,A51-Sens Marseille vers Aix en Provence,M,"43,5108840","5,4191530",13,2019,90.0,1.0,2.0,1.0,2162558,2.0,2,1,1,4.0,,-1.0, -1,1980.0,C01,138Â 289Â 648,1.0,0.0,-1.0,1651150,1.0,10,,0.0,2.0,1.0,C01,138Â 289Â 648,1.0
967491,201900009022,11,23,08:45,1,1,1,3.0,4.0,13001,A51-Sens Marseille vers Aix en Provence,M,"43,5108840","5,4191530",13,2019,90.0,1.0,2.0,1.0,2162558,2.0,2,1,1,4.0,,-1.0, -1,1980.0,C01,138Â 289Â 648,1.0,0.0,-1.0,1651151,1.0,7,,0.0,2.0,4.0,B01,138Â 289Â 649,1.0
967491,201900009022,11,23,08:45,1,1,1,3.0,4.0,13001,A51-Sens Marseille vers Aix en Provence,M,"43,5108840","5,4191530",13,2019,90.0,1.0,2.0,1.0,2162558,2.0,2,1,1,4.0,,-1.0, -1,1980.0,C01,138Â 289Â 648,1.0,0.0,-1.0,1651152,1.0,7,,0.0,2.0,1.0,A01,138Â 289Â 650,1.0
967491,201900009022,11,23,08:45,1,1,1,3.0,4.0,13001,A51-Sens Marseille vers Aix en Provence,M,"43,5108840","5,4191530",13,2019,90.0,1.0,2.0,1.0,2162559,1.0,1,4,1,0.0,,-1.0, -1,1991.0,B01,138Â 289Â 649,1.0,0.0,-1.0,1651150,1.0,10,,0.0,2.0,1.0,C01,138Â 289Â 648,1.0
967491,201900009022,11,23,08:45,1,1,1,3.0,4.0,13001,A51-Sens Marseille vers Aix en Provence,M,"43,5108840","5,4191530",13,2019,90.0,1.0,2.0,1.0,2162559,1.0,1,4,1,0.0,,-1.0, -1,1991.0,B01,138Â 289Â 649,1.0,0.0,-1.0,1651151,1.0,7,,0.0,2.0,4.0,B01,138Â 289Â 649,1.0
967491,201900009022,11,23,08:45,1,1,1,3.0,4.0,13001,A51-Sens Marseille vers Aix en Provence,M,"43,5108840","5,4191530",13,2019,90.0,1.0,2.0,1.0,2162559,1.0,1,4,1,0.0,,-1.0, -1,1991.0,B01,138Â 289Â 649,1.0,0.0,-1.0,1651152,1.0,7,,0.0,2.0,1.0,A01,138Â 289Â 650,1.0
967491,201900009022,11,23,08:45,1,1,1,3.0,4.0,13001,A51-Sens Marseille vers Aix en Provence,M,"43,5108840","5,4191530",13,2019,90.0,1.0,2.0,1.0,2162560,1.0,1,4,1,0.0,,-1.0,0,1999.0,A01,138Â 289Â 650,1.0,0.0,-1.0,1651150,1.0,10,,0.0,2.0,1.0,C01,138Â 289Â 648,1.0
967491,201900009022,11,23,08:45,1,1,1,3.0,4.0,13001,A51-Sens Marseille vers Aix en Provence,M,"43,5108840","5,4191530",13,2019,90.0,1.0,2.0,1.0,2162560,1.0,1,4,1,0.0,,-1.0,0,1999.0,A01,138Â 289Â 650,1.0,0.0,-1.0,1651151,1.0,7,,0.0,2.0,4.0,B01,138Â 289Â 649,1.0
967491,201900009022,11,23,08:45,1,1,1,3.0,4.0,13001,A51-Sens Marseille vers Aix en Provence,M,"43,5108840","5,4191530",13,2019,90.0,1.0,2.0,1.0,2162560,1.0,1,4,1,0.0,,-1.0,0,1999.0,A01,138Â 289Â 650,1.0,0.0,-1.0,1651152,1.0,7,,0.0,2.0,1.0,A01,138Â 289Â 650,1.0
967492,201900009023,11,23,04:00,3,1,1,3.0,7.0,13211,A50-Sens Aubagne vers Marseille,M,"43,2927247","5,4776451",13,2019,50.0,1.0,2.0,1.0,2162561,1.0,1,4,1,5.0,,-1.0, -1,1975.0,A01,138Â 289Â 647,1.0,0.0,-1.0,1651153,2.0,7,,1.0,0.0,1.0,A01,138Â 289Â 647,1.0
967493,201900009024,11,9,02:45,3,1,1,1.0,7.0,13071,A7-Sens Lyon vers Marseille,M,"43,4027400","5,3454200",13,2019,90.0,1.0,1.0,1.0,2162562,1.0,1,3,1,0.0,,-1.0,0,1987.0,A01,138Â 289Â 646,1.0,8.0,-1.0,1651154,2.0,10,,8.0,0.0,9.0,A01,138Â 289Â 646,1.0
967494,201900009025,11,23,00:30,3,1,9,1.0,6.0,67152,Route Nationale 83,M,"48,5176960","7,6991770",67,2019,90.0,2.0,1.0,2.0,2162563,1.0,1,4,2,0.0,,-1.0,0,1998.0,A01,138Â 289Â 645,1.0,5.0,-1.0,1651155,1.0,7,,4.0,0.0,2.0,A01,138Â 289Â 645,1.0
967495,201900009026,11,18,11:01,1,1,1,1.0,5.0,67482,R.N. 353,M,"48,4957500","7,7554200",67,2019,90.0,2.0,1.0,2.0,2162564,1.0,1,4,2,4.0,,-1.0,0,1981.0,C01,138Â 289Â 642,1.0,0.0,-1.0,1651156,2.0,10,,0.0,2.0,7.0,C01,138Â 289Â 642,1.0
967495,201900009026,11,18,11:01,1,1,1,1.0,5.0,67482,R.N. 353,M,"48,4957500","7,7554200",67,2019,90.0,2.0,1.0,2.0,2162564,1.0,1,4,2,4.0,,-1.0,0,1981.0,C01,138Â 289Â 642,1.0,0.0,-1.0,1651157,2.0,10,,1.0,2.0,2.0,B01,138Â 289Â 643,1.0
967495,201900009026,11,18,11:01,1,1,1,1.0,5.0,67482,R.N. 353,M,"48,4957500","7,7554200",67,2019,90.0,2.0,1.0,2.0,2162564,1.0,1,4,2,4.0,,-1.0,0,1981.0,C01,138Â 289Â 642,1.0,0.0,-1.0,1651158,2.0,17,,0.0,2.0,6.0,A01,138Â 289Â 644,1.0
967495,201900009026,11,18,11:01,1,1,1,1.0,5.0,67482,R.N. 353,M,"48,4957500","7,7554200",67,2019,90.0,2.0,1.0,2.0,2162565,1.0,1,4,1,4.0,,-1.0,0,1997.0,B01,138Â 289Â 643,1.0,0.0,-1.0,1651156,2.0,10,,0.0,2.0,7.0,C01,138Â 289Â 642,1.0
967495,201900009026,11,18,11:01,1,1,1,1.0,5.0,67482,R.N. 353,M,"48,4957500","7,7554200",67,2019,90.0,2.0,1.0,2.0,2162565,1.0,1,4,1,4.0,,-1.0,0,1997.0,B01,138Â 289Â 643,1.0,0.0,-1.0,1651157,2.0,10,,1.0,2.0,2.0,B01,138Â 289Â 643,1.0
967495,201900009026,11,18,11:01,1,1,1,1.0,5.0,67482,R.N. 353,M,"48,4957500","7,7554200",67,2019,90.0,2.0,1.0,2.0,2162565,1.0,1,4,1,4.0,,-1.0,0,1997.0,B01,138Â 289Â 643,1.0,0.0,-1.0,1651158,2.0,17,,0.0,2.0,6.0,A01,138Â 289Â 644,1.0