Unnamed: 0_x,num_acc,mois,jour,hrmn,lum,agg,int,atm,col,com,adr,gps,lat,long,dep,annee,vma,situ,surf,catr,Unnamed: 0_y,place,catu,grav,sexe,trajet,secu,locp,actp,an_nais,num_veh_x,id_vehicule_x,secu1,secu2,secu3,Unnamed: 0,senc,catv,occutc,obs,obsm,choc,num_veh_y,id_vehicule_y,motor
967495,201900009026,11,18,11:01,1,1,1,1.0,5.0,67482,R.N. 353,M,"48,4957500","7,7554200",67,2019,90.0,2.0,1.0,2.0,2162566,1.0,1,1,1,4.0,,-1.0,0,1975.0,A01,138Â 289Â 644,1.0,0.0,-1.0,1651156,2.0,10,,0.0,2.0,7.0,C01,138Â 289Â 642,1.0
967495,201900009026,11,18,11:01,1,1,1,1.0,5.0,67482,R.N. 353,M,"48,4957500","7,7554200",67,2019,90.0,2.0,1.0,2.0,2162566,1.0,1,1,1,4.0,,-1.0,0,1975.0,A01,138Â 289Â 644,1.0,0.0,-1.0,1651157,2.0,10,,1.0,2.0,2.0,B01,138Â 289Â 643,1.0
967495,201900009026,11,18,11:01,1,1,1,1.0,5.0,67482,R.N. 353,M,"48,4957500","7,7554200",67,2019,90.0,2.0,1.0,2.0,2162566,1.0,1,1,1,4.0,,-1.0,0,1975.0,A01,138Â 289Â 644,1.0,0.0,-1.0,1651158,2.0,17,,0.0,2.0,6.0,A01,138Â 289Â 644,1.0
967496,201900009027,11,23,16:05,1,1,1,3.0,3.0,33318,ROCADE A 630,M,"44,8120100"," -0,6720600",33,2019,90.0,1.0,2.0,1.0,2162567,2.0,2,4,2,0.0,,-1.0, -1,1984.0,B01,138Â 289Â 640,1.0,8.0,-1.0,1651159,1.0,7,,4.0,2.0,3.0,B01,138Â 289Â 640,1.0
967496,201900009027,11,23,16:05,1,1,1,3.0,3.0,33318,ROCADE A 630,M,"44,8120100"," -0,6720600",33,2019,90.0,1.0,2.0,1.0,2162567,2.0,2,4,2,0.0,,-1.0, -1,1984.0,B01,138Â 289Â 640,1.0,8.0,-1.0,1651160,1.0,7,,4.0,2.0,1.0,A01,138Â 289Â 641,1.0
967496,201900009027,11,23,16:05,1,1,1,3.0,3.0,33318,ROCADE A 630,M,"44,8120100"," -0,6720600",33,2019,90.0,1.0,2.0,1.0,2162568,3.0,2,4,2,0.0,,-1.0, -1,2017.0,B01,138Â 289Â 640,3.0,8.0,-1.0,1651159,1.0,7,,4.0,2.0,3.0,B01,138Â 289Â 640,1.0
967496,201900009027,11,23,16:05,1,1,1,3.0,3.0,33318,ROCADE A 630,M,"44,8120100"," -0,6720600",33,2019,90.0,1.0,2.0,1.0,2162568,3.0,2,4,2,0.0,,-1.0, -1,2017.0,B01,138Â 289Â 640,3.0,8.0,-1.0,1651160,1.0,7,,4.0,2.0,1.0,A01,138Â 289Â 641,1.0
967496,201900009027,11,23,16:05,1,1,1,3.0,3.0,33318,ROCADE A 630,M,"44,8120100"," -0,6720600",33,2019,90.0,1.0,2.0,1.0,2162569,1.0,1,4,1,0.0,,-1.0, -1,1981.0,B01,138Â 289Â 640,1.0,8.0,-1.0,1651159,1.0,7,,4.0,2.0,3.0,B01,138Â 289Â 640,1.0
967496,201900009027,11,23,16:05,1,1,1,3.0,3.0,33318,ROCADE A 630,M,"44,8120100"," -0,6720600",33,2019,90.0,1.0,2.0,1.0,2162569,1.0,1,4,1,0.0,,-1.0, -1,1981.0,B01,138Â 289Â 640,1.0,8.0,-1.0,1651160,1.0,7,,4.0,2.0,1.0,A01,138Â 289Â 641,1.0
967496,201900009027,11,23,16:05,1,1,1,3.0,3.0,33318,ROCADE A 630,M,"44,8120100"," -0,6720600",33,2019,90.0,1.0,2.0,1.0,2162570,1.0,1,1,1,0.0,,-1.0, -1,1977.0,A01,138Â 289Â 641,1.0,8.0,-1.0,1651159,1.0,7,,4.0,2.0,3.0,B01,138Â 289Â 640,1.0
967496,201900009027,11,23,16:05,1,1,1,3.0,3.0,33318,ROCADE A 630,M,"44,8120100"," -0,6720600",33,2019,90.0,1.0,2.0,1.0,2162570,1.0,1,1,1,0.0,,-1.0, -1,1977.0,A01,138Â 289Â 641,1.0,8.0,-1.0,1651160,1.0,7,,4.0,2.0,1.0,A01,138Â 289Â 641,1.0
967497,201900009028,11,23,04:05,4,1,1,2.0,6.0,92002,AUTOROUTE A86,M,"48,7605635","2,2834503",92,2019,90.0,1.0,2.0,1.0,2162571,2.0,2,4,1,0.0,,-1.0, -1,1996.0,A01,138Â 289Â 637,8.0,0.0,-1.0,1651161,1.0,10,,4.0,0.0,1.0,A01,138Â 289Â 637,1.0
967497,201900009028,11,23,04:05,4,1,1,2.0,6.0,92002,AUTOROUTE A86,M,"48,7605635","2,2834503",92,2019,90.0,1.0,2.0,1.0,2162572,3.0,2,1,2,0.0,,-1.0,0,1999.0,A01,138Â 289Â 637,1.0,0.0,-1.0,1651161,1.0,10,,4.0,0.0,1.0,A01,138Â 289Â 637,1.0
967497,201900009028,11,23,04:05,4,1,1,2.0,6.0,92002,AUTOROUTE A86,M,"48,7605635","2,2834503",92,2019,90.0,1.0,2.0,1.0,2162573,2.0,2,1,2,0.0,,-1.0, -1,2000.0,A01,138Â 289Â 637,1.0,0.0,-1.0,1651161,1.0,10,,4.0,0.0,1.0,A01,138Â 289Â 637,1.0
967497,201900009028,11,23,04:05,4,1,1,2.0,6.0,92002,AUTOROUTE A86,M,"48,7605635","2,2834503",92,2019,90.0,1.0,2.0,1.0,2162574,2.0,2,4,2,0.0,,-1.0, -1,2000.0,A01,138Â 289Â 637,1.0,0.0,-1.0,1651161,1.0,10,,4.0,0.0,1.0,A01,138Â 289Â 637,1.0
967498,201900009029,11,22,21:41,5,1,1,2.0,4.0,94034,AUTOROUTE A86,M,"48,7558100","2,3422700",94,2019,70.0,8.0,2.0,1.0,2162575,1.0,1,1,1,4.0,,-1.0, -1,1979.0,C01,138Â 289Â 634,1.0,0.0,-1.0,1651162,1.0,14,,0.0,2.0,8.0,C01,138Â 289Â 634,1.0
967498,201900009029,11,22,21:41,5,1,1,2.0,4.0,94034,AUTOROUTE A86,M,"48,7558100","2,3422700",94,2019,70.0,8.0,2.0,1.0,2162575,1.0,1,1,1,4.0,,-1.0, -1,1979.0,C01,138Â 289Â 634,1.0,0.0,-1.0,1651163,1.0,10,,0.0,2.0,8.0,B01,138Â 289Â 635,1.0
967498,201900009029,11,22,21:41,5,1,1,2.0,4.0,94034,AUTOROUTE A86,M,"48,7558100","2,3422700",94,2019,70.0,8.0,2.0,1.0,2162575,1.0,1,1,1,4.0,,-1.0, -1,1979.0,C01,138Â 289Â 634,1.0,0.0,-1.0,1651164,1.0,10,,1.0,0.0,1.0,A01,138Â 289Â 636,1.0
967498,201900009029,11,22,21:41,5,1,1,2.0,4.0,94034,AUTOROUTE A86,M,"48,7558100","2,3422700",94,2019,70.0,8.0,2.0,1.0,2162576,1.0,1,4,1,9.0,,-1.0, -1,1981.0,B01,138Â 289Â 635,1.0,0.0,-1.0,1651162,1.0,14,,0.0,2.0,8.0,C01,138Â 289Â 634,1.0
967498,201900009029,11,22,21:41,5,1,1,2.0,4.0,94034,AUTOROUTE A86,M,"48,7558100","2,3422700",94,2019,70.0,8.0,2.0,1.0,2162576,1.0,1,4,1,9.0,,-1.0, -1,1981.0,B01,138Â 289Â 635,1.0,0.0,-1.0,1651163,1.0,10,,0.0,2.0,8.0,B01,138Â 289Â 635,1.0
967498,201900009029,11,22,21:41,5,1,1,2.0,4.0,94034,AUTOROUTE A86,M,"48,7558100","2,3422700",94,2019,70.0,8.0,2.0,1.0,2162576,1.0,1,4,1,9.0,,-1.0, -1,1981.0,B01,138Â 289Â 635,1.0,0.0,-1.0,1651164,1.0,10,,1.0,0.0,1.0,A01,138Â 289Â 636,1.0
967498,201900009029,11,22,21:41,5,1,1,2.0,4.0,94034,AUTOROUTE A86,M,"48,7558100","2,3422700",94,2019,70.0,8.0,2.0,1.0,2162577,1.0,1,1,1,0.0,,-1.0, -1,1900.0,A01,138Â 289Â 636,8.0,0.0,-1.0,1651162,1.0,14,,0.0,2.0,8.0,C01,138Â 289Â 634,1.0
967498,201900009029,11,22,21:41,5,1,1,2.0,4.0,94034,AUTOROUTE A86,M,"48,7558100","2,3422700",94,2019,70.0,8.0,2.0,1.0,2162577,1.0,1,1,1,0.0,,-1.0, -1,1900.0,A01,138Â 289Â 636,8.0,0.0,-1.0,1651163,1.0,10,,0.0,2.0,8.0,B01,138Â 289Â 635,1.0
967498,201900009029,11,22,21:41,5,1,1,2.0,4.0,94034,AUTOROUTE A86,M,"48,7558100","2,3422700",94,2019,70.0,8.0,2.0,1.0,2162577,1.0,1,1,1,0.0,,-1.0, -1,1900.0,A01,138Â 289Â 636,8.0,0.0,-1.0,1651164,1.0,10,,1.0,0.0,1.0,A01,138Â 289Â 636,1.0
967499,201900009030,11,23,14:59,1,1,1,2.0,6.0,78640,A86 INT,M,"48,7775270","2,2216910",78,2019,90.0,-1.0,2.0,1.0,2162578,1.0,1,4,1,0.0,,-1.0, -1,1995.0,A01,138Â 289Â 633,1.0,0.0,-1.0,1651165,1.0,7,,3.0,0.0,1.0,A01,138Â 289Â 633,1.0
967499,201900009030,11,23,14:59,1,1,1,2.0,6.0,78640,A86 INT,M,"48,7775270","2,2216910",78,2019,90.0,-1.0,2.0,1.0,2162579,2.0,2,3,2,0.0,,-1.0, -1,1997.0,A01,138Â 289Â 633,1.0,0.0,-1.0,1651165,1.0,7,,3.0,0.0,1.0,A01,138Â 289Â 633,1.0
967500,201900009031,11,22,09:42,1,1,1,1.0,3.0,78402,A13,M,"48,9640300","1,7755550",78,2019,130.0,1.0,1.0,1.0,2162580,1.0,1,4,1,1.0,,-1.0, -1,1991.0,A01,138Â 289Â 631,1.0,8.0,-1.0,1651166,2.0,7,,0.0,2.0,6.0,A01,138Â 289Â 631,1.0
967500,201900009031,11,22,09:42,1,1,1,1.0,3.0,78402,A13,M,"48,9640300","1,7755550",78,2019,130.0,1.0,1.0,1.0,2162580,1.0,1,4,1,1.0,,-1.0, -1,1991.0,A01,138Â 289Â 631,1.0,8.0,-1.0,1651167,2.0,7,,0.0,2.0,5.0,B01,138Â 289Â 632,1.0
967500,201900009031,11,22,09:42,1,1,1,1.0,3.0,78402,A13,M,"48,9640300","1,7755550",78,2019,130.0,1.0,1.0,1.0,2162581,1.0,1,1,1,0.0,,-1.0, -1,1976.0,B01,138Â 289Â 632,1.0,8.0,-1.0,1651166,2.0,7,,0.0,2.0,6.0,A01,138Â 289Â 631,1.0
967500,201900009031,11,22,09:42,1,1,1,1.0,3.0,78402,A13,M,"48,9640300","1,7755550",78,2019,130.0,1.0,1.0,1.0,2162581,1.0,1,1,1,0.0,,-1.0, -1,1976.0,B01,138Â 289Â 632,1.0,8.0,-1.0,1651167,2.0,7,,0.0,2.0,5.0,B01,138Â 289Â 632,1.0
967501,201900009032,11,23,21:30,3,1,1,1.0,4.0,92078,AUTOROUTE A86,M,"48,9310479","2,3236674",92,2019,90.0,1.0,1.0,1.0,2162582,1.0,1,1,2,0.0,,-1.0,0,1984.0,B01,138Â 289Â 629,1.0,0.0,-1.0,1651168,2.0,7,,0.0,2.0,4.0,Z01,138Â 289Â 628,0.0
967501,201900009032,11,23,21:30,3,1,1,1.0,4.0,92078,AUTOROUTE A86,M,"48,9310479","2,3236674",92,2019,90.0,1.0,1.0,1.0,2162582,1.0,1,1,2,0.0,,-1.0,0,1984.0,B01,138Â 289Â 629,1.0,0.0,-1.0,1651169,2.0,7,,0.0,2.0,1.0,B01,138Â 289Â 629,1.0
967501,201900009032,11,23,21:30,3,1,1,1.0,4.0,92078,AUTOROUTE A86,M,"48,9310479","2,3236674",92,2019,90.0,1.0,1.0,1.0,2162582,1.0,1,1,2,0.0,,-1.0,0,1984.0,B01,138Â 289Â 629,1.0,0.0,-1.0,1651170,2.0,7,,0.0,2.0,1.0,A01,138Â 289Â 630,1.0
967501,201900009032,11,23,21:30,3,1,1,1.0,4.0,92078,AUTOROUTE A86,M,"48,9310479","2,3236674",92,2019,90.0,1.0,1.0,1.0,2162583,1.0,1,4,2,9.0,,-1.0,0,2000.0,A01,138Â 289Â 630,1.0,0.0,-1.0,1651168,2.0,7,,0.0,2.0,4.0,Z01,138Â 289Â 628,0.0
967501,201900009032,11,23,21:30,3,1,1,1.0,4.0,92078,AUTOROUTE A86,M,"48,9310479","2,3236674",92,2019,90.0,1.0,1.0,1.0,2162583,1.0,1,4,2,9.0,,-1.0,0,2000.0,A01,138Â 289Â 630,1.0,0.0,-1.0,1651169,2.0,7,,0.0,2.0,1.0,B01,138Â 289Â 629,1.0
967501,201900009032,11,23,21:30,3,1,1,1.0,4.0,92078,AUTOROUTE A86,M,"48,9310479","2,3236674",92,2019,90.0,1.0,1.0,1.0,2162583,1.0,1,4,2,9.0,,-1.0,0,2000.0,A01,138Â 289Â 630,1.0,0.0,-1.0,1651170,2.0,7,,0.0,2.0,1.0,A01,138Â 289Â 630,1.0
967502,201900009033,11,23,08:30,1,1,1,2.0,6.0,95572,AUTOROUTE A15,M,"49,0333300","2,1114600",95,2019,30.0,1.0,2.0,1.0,2162584,2.0,1,4,1,5.0,,-1.0, -1,1999.0,A01,138Â 289Â 627,1.0,0.0,-1.0,1651171,1.0,7,,4.0,0.0,1.0,A01,138Â 289Â 627,1.0
967503,201900009034,11,23,09:40,1,1,1,3.0,6.0,93066,AUTOROUTE A1,M,"48,9308000","2,3689700",93,2019,70.0,1.0,2.0,1.0,2162585,1.0,1,4,1,0.0,,-1.0, -1,1952.0,A01,138Â 289Â 626,1.0,0.0,-1.0,1651172,1.0,7,,4.0,0.0,0.0,A01,138Â 289Â 626,1.0
967504,201900009035,11,22,09:30,1,1,1,1.0,5.0,95277,RD 170 ,M,"48,9777500","2,4644200",95,2019,90.0,1.0,1.0,3.0,2162586,1.0,1,1,1,0.0,,-1.0, -1,1987.0,C01,138Â 289Â 623,1.0,4.0,-1.0,1651173,2.0,10,,0.0,2.0,1.0,C01,138Â 289Â 623,1.0
967504,201900009035,11,22,09:30,1,1,1,1.0,5.0,95277,RD 170 ,M,"48,9777500","2,4644200",95,2019,90.0,1.0,1.0,3.0,2162586,1.0,1,1,1,0.0,,-1.0, -1,1987.0,C01,138Â 289Â 623,1.0,4.0,-1.0,1651174,2.0,10,,0.0,2.0,4.0,B01,138Â 289Â 624,1.0
967504,201900009035,11,22,09:30,1,1,1,1.0,5.0,95277,RD 170 ,M,"48,9777500","2,4644200",95,2019,90.0,1.0,1.0,3.0,2162586,1.0,1,1,1,0.0,,-1.0, -1,1987.0,C01,138Â 289Â 623,1.0,4.0,-1.0,1651175,2.0,7,,4.0,2.0,8.0,A01,138Â 289Â 625,1.0
967504,201900009035,11,22,09:30,1,1,1,1.0,5.0,95277,RD 170 ,M,"48,9777500","2,4644200",95,2019,90.0,1.0,1.0,3.0,2162587,1.0,1,4,1,0.0,,-1.0, -1,1969.0,B01,138Â 289Â 624,1.0,4.0,-1.0,1651173,2.0,10,,0.0,2.0,1.0,C01,138Â 289Â 623,1.0
967504,201900009035,11,22,09:30,1,1,1,1.0,5.0,95277,RD 170 ,M,"48,9777500","2,4644200",95,2019,90.0,1.0,1.0,3.0,2162587,1.0,1,4,1,0.0,,-1.0, -1,1969.0,B01,138Â 289Â 624,1.0,4.0,-1.0,1651174,2.0,10,,0.0,2.0,4.0,B01,138Â 289Â 624,1.0
967504,201900009035,11,22,09:30,1,1,1,1.0,5.0,95277,RD 170 ,M,"48,9777500","2,4644200",95,2019,90.0,1.0,1.0,3.0,2162587,1.0,1,4,1,0.0,,-1.0, -1,1969.0,B01,138Â 289Â 624,1.0,4.0,-1.0,1651175,2.0,7,,4.0,2.0,8.0,A01,138Â 289Â 625,1.0
967504,201900009035,11,22,09:30,1,1,1,1.0,5.0,95277,RD 170 ,M,"48,9777500","2,4644200",95,2019,90.0,1.0,1.0,3.0,2162588,1.0,1,4,2,0.0,,-1.0, -1,1976.0,A01,138Â 289Â 625,1.0,4.0,-1.0,1651173,2.0,10,,0.0,2.0,1.0,C01,138Â 289Â 623,1.0
967504,201900009035,11,22,09:30,1,1,1,1.0,5.0,95277,RD 170 ,M,"48,9777500","2,4644200",95,2019,90.0,1.0,1.0,3.0,2162588,1.0,1,4,2,0.0,,-1.0, -1,1976.0,A01,138Â 289Â 625,1.0,4.0,-1.0,1651174,2.0,10,,0.0,2.0,4.0,B01,138Â 289Â 624,1.0
967504,201900009035,11,22,09:30,1,1,1,1.0,5.0,95277,RD 170 ,M,"48,9777500","2,4644200",95,2019,90.0,1.0,1.0,3.0,2162588,1.0,1,4,2,0.0,,-1.0, -1,1976.0,A01,138Â 289Â 625,1.0,4.0,-1.0,1651175,2.0,7,,4.0,2.0,8.0,A01,138Â 289Â 625,1.0
967505,201900009036,11,23,15:30,1,1,1,1.0,2.0,77294,A104,M,"48,9732600","2,5774400",77,2019,90.0,1.0,2.0,1.0,2162589,1.0,1,4,2,0.0,,-1.0,0,1997.0,A01,138Â 289Â 621,1.0,0.0,-1.0,1651176,1.0,7,,0.0,2.0,7.0,A01,138Â 289Â 621,1.0
967505,201900009036,11,23,15:30,1,1,1,1.0,2.0,77294,A104,M,"48,9732600","2,5774400",77,2019,90.0,1.0,2.0,1.0,2162589,1.0,1,4,2,0.0,,-1.0,0,1997.0,A01,138Â 289Â 621,1.0,0.0,-1.0,1651177,1.0,7,,4.0,2.0,8.0,B01,138Â 289Â 622,1.0
967505,201900009036,11,23,15:30,1,1,1,1.0,2.0,77294,A104,M,"48,9732600","2,5774400",77,2019,90.0,1.0,2.0,1.0,2162590,1.0,1,1,2,1.0,,-1.0,0,1999.0,B01,138Â 289Â 622,1.0,0.0,-1.0,1651176,1.0,7,,0.0,2.0,7.0,A01,138Â 289Â 621,1.0
967505,201900009036,11,23,15:30,1,1,1,1.0,2.0,77294,A104,M,"48,9732600","2,5774400",77,2019,90.0,1.0,2.0,1.0,2162590,1.0,1,1,2,1.0,,-1.0,0,1999.0,B01,138Â 289Â 622,1.0,0.0,-1.0,1651177,1.0,7,,4.0,2.0,8.0,B01,138Â 289Â 622,1.0
967506,201900009037,11,22,21:00,3,1,1,1.0,7.0,75112,A4,M,"48,8179681","2,4556620",75,2019,90.0,1.0,1.0,1.0,2162591,1.0,1,4,1,5.0,,-1.0, -1,1994.0,A01,138Â 289Â 620,2.0,6.0,-1.0,1651178,2.0,34,,16.0,0.0,8.0,A01,138Â 289Â 620,1.0
967507,201900009038,10,8,08:55,1,2,9,1.0,3.0,83129,CLAUDE POMPIDOU,M,"43,0935000","5,8449100",83,2019,50.0,1.0,1.0,3.0,2162592,1.0,1,1,2,5.0,,-1.0,0,1941.0,A01,138Â 289Â 618,1.0,8.0,-1.0,1651179,2.0,7,,0.0,2.0,8.0,A01,138Â 289Â 618,1.0
967507,201900009038,10,8,08:55,1,2,9,1.0,3.0,83129,CLAUDE POMPIDOU,M,"43,0935000","5,8449100",83,2019,50.0,1.0,1.0,3.0,2162592,1.0,1,1,2,5.0,,-1.0,0,1941.0,A01,138Â 289Â 618,1.0,8.0,-1.0,1651180,3.0,1,,0.0,2.0,9.0,B01,138Â 289Â 619,5.0
967507,201900009038,10,8,08:55,1,2,9,1.0,3.0,83129,CLAUDE POMPIDOU,M,"43,0935000","5,8449100",83,2019,50.0,1.0,1.0,3.0,2162593,1.0,1,3,2,5.0,,-1.0,0,1963.0,B01,138Â 289Â 619,2.0,8.0,-1.0,1651179,2.0,7,,0.0,2.0,8.0,A01,138Â 289Â 618,1.0
967507,201900009038,10,8,08:55,1,2,9,1.0,3.0,83129,CLAUDE POMPIDOU,M,"43,0935000","5,8449100",83,2019,50.0,1.0,1.0,3.0,2162593,1.0,1,3,2,5.0,,-1.0,0,1963.0,B01,138Â 289Â 619,2.0,8.0,-1.0,1651180,3.0,1,,0.0,2.0,9.0,B01,138Â 289Â 619,5.0
967508,201900009039,11,22,12:28,1,2,3,1.0,2.0,63113,AUGER (RUE),M,"45,7841300","3,1092000",63,2019,50.0,1.0,1.0,4.0,2162594,1.0,1,1,1,0.0,,0.0,0,2001.0,A01,138Â 289Â 615,1.0,0.0,-1.0,1651181,1.0,7,,0.0,2.0,1.0,A01,138Â 289Â 615,1.0
967508,201900009039,11,22,12:28,1,2,3,1.0,2.0,63113,AUGER (RUE),M,"45,7841300","3,1092000",63,2019,50.0,1.0,1.0,4.0,2162594,1.0,1,1,1,0.0,,0.0,0,2001.0,A01,138Â 289Â 615,1.0,0.0,-1.0,1651182,1.0,7,,0.0,2.0,4.0,B01,138Â 289Â 616,1.0
967508,201900009039,11,22,12:28,1,2,3,1.0,2.0,63113,AUGER (RUE),M,"45,7841300","3,1092000",63,2019,50.0,1.0,1.0,4.0,2162595,1.0,1,4,2,0.0,,-1.0, -1,1992.0,B01,138Â 289Â 616,1.0,0.0,-1.0,1651181,1.0,7,,0.0,2.0,1.0,A01,138Â 289Â 615,1.0
967508,201900009039,11,22,12:28,1,2,3,1.0,2.0,63113,AUGER (RUE),M,"45,7841300","3,1092000",63,2019,50.0,1.0,1.0,4.0,2162595,1.0,1,4,2,0.0,,-1.0, -1,1992.0,B01,138Â 289Â 616,1.0,0.0,-1.0,1651182,1.0,7,,0.0,2.0,4.0,B01,138Â 289Â 616,1.0
967509,201900009040,11,21,09:01,1,1,1,1.0,6.0,63113,BLERIOT (AVENUE LOUIS),M,"45,7961700","3,1468500",63,2019,70.0,1.0,1.0,7.0,2162596,1.0,1,1,1,0.0,,0.0,0,2001.0,A01,138Â 289Â 613,1.0,0.0,-1.0,1651183,3.0,7,,0.0,2.0,8.0,A01,138Â 289Â 613,1.0
967509,201900009040,11,21,09:01,1,1,1,1.0,6.0,63113,BLERIOT (AVENUE LOUIS),M,"45,7961700","3,1468500",63,2019,70.0,1.0,1.0,7.0,2162596,1.0,1,1,1,0.0,,0.0,0,2001.0,A01,138Â 289Â 613,1.0,0.0,-1.0,1651184,3.0,31,,0.0,2.0,1.0,B01,138Â 289Â 614,1.0
967509,201900009040,11,21,09:01,1,1,1,1.0,6.0,63113,BLERIOT (AVENUE LOUIS),M,"45,7961700","3,1468500",63,2019,70.0,1.0,1.0,7.0,2162597,1.0,1,4,1,0.0,,0.0,0,2000.0,B01,138Â 289Â 614,2.0,6.0,-1.0,1651183,3.0,7,,0.0,2.0,8.0,A01,138Â 289Â 613,1.0
967509,201900009040,11,21,09:01,1,1,1,1.0,6.0,63113,BLERIOT (AVENUE LOUIS),M,"45,7961700","3,1468500",63,2019,70.0,1.0,1.0,7.0,2162597,1.0,1,4,1,0.0,,0.0,0,2000.0,B01,138Â 289Â 614,2.0,6.0,-1.0,1651184,3.0,31,,0.0,2.0,1.0,B01,138Â 289Â 614,1.0
967510,201900009041,11,13,18:35,3,2,1,2.0,6.0,62510,CARPENTIER (R GEORGES),M,"50,4180000","2,7630000",62,2019,50.0,1.0,2.0,4.0,2162598,1.0,1,3,1,5.0,,-1.0, -1,1989.0,A01,138Â 289Â 612,2.0,6.0,-1.0,1651185,2.0,33,,14.0,0.0,1.0,A01,138Â 289Â 612,1.0
967511,201900009042,10,5,15:10,1,2,1,1.0,4.0,62510,LECLERC (AV. DU MARECHAL),M,"50,4221600","2,7721500",62,2019,50.0,1.0,1.0,3.0,2162599,1.0,1,1,1,5.0,,-1.0,0,1988.0,C01,138Â 289Â 609,1.0,8.0,-1.0,1651186,1.0,7,,14.0,2.0,4.0,C01,138Â 289Â 609,3.0
967511,201900009042,10,5,15:10,1,2,1,1.0,4.0,62510,LECLERC (AV. DU MARECHAL),M,"50,4221600","2,7721500",62,2019,50.0,1.0,1.0,3.0,2162599,1.0,1,1,1,5.0,,-1.0,0,1988.0,C01,138Â 289Â 609,1.0,8.0,-1.0,1651187,1.0,7,,0.0,2.0,4.0,B01,138Â 289Â 610,1.0
967511,201900009042,10,5,15:10,1,2,1,1.0,4.0,62510,LECLERC (AV. DU MARECHAL),M,"50,4221600","2,7721500",62,2019,50.0,1.0,1.0,3.0,2162599,1.0,1,1,1,5.0,,-1.0,0,1988.0,C01,138Â 289Â 609,1.0,8.0,-1.0,1651188,1.0,2,,0.0,2.0,9.0,A01,138Â 289Â 611,1.0
967511,201900009042,10,5,15:10,1,2,1,1.0,4.0,62510,LECLERC (AV. DU MARECHAL),M,"50,4221600","2,7721500",62,2019,50.0,1.0,1.0,3.0,2162600,1.0,1,1,1,5.0,,-1.0,0,1960.0,B01,138Â 289Â 610,1.0,8.0,-1.0,1651186,1.0,7,,14.0,2.0,4.0,C01,138Â 289Â 609,3.0
967511,201900009042,10,5,15:10,1,2,1,1.0,4.0,62510,LECLERC (AV. DU MARECHAL),M,"50,4221600","2,7721500",62,2019,50.0,1.0,1.0,3.0,2162600,1.0,1,1,1,5.0,,-1.0,0,1960.0,B01,138Â 289Â 610,1.0,8.0,-1.0,1651187,1.0,7,,0.0,2.0,4.0,B01,138Â 289Â 610,1.0
967511,201900009042,10,5,15:10,1,2,1,1.0,4.0,62510,LECLERC (AV. DU MARECHAL),M,"50,4221600","2,7721500",62,2019,50.0,1.0,1.0,3.0,2162600,1.0,1,1,1,5.0,,-1.0,0,1960.0,B01,138Â 289Â 610,1.0,8.0,-1.0,1651188,1.0,2,,0.0,2.0,9.0,A01,138Â 289Â 611,1.0
967511,201900009042,10,5,15:10,1,2,1,1.0,4.0,62510,LECLERC (AV. DU MARECHAL),M,"50,4221600","2,7721500",62,2019,50.0,1.0,1.0,3.0,2162601,1.0,1,3,1,5.0,,-1.0,0,1983.0,A01,138Â 289Â 611,2.0,8.0,-1.0,1651186,1.0,7,,14.0,2.0,4.0,C01,138Â 289Â 609,3.0
967511,201900009042,10,5,15:10,1,2,1,1.0,4.0,62510,LECLERC (AV. DU MARECHAL),M,"50,4221600","2,7721500",62,2019,50.0,1.0,1.0,3.0,2162601,1.0,1,3,1,5.0,,-1.0,0,1983.0,A01,138Â 289Â 611,2.0,8.0,-1.0,1651187,1.0,7,,0.0,2.0,4.0,B01,138Â 289Â 610,1.0
967511,201900009042,10,5,15:10,1,2,1,1.0,4.0,62510,LECLERC (AV. DU MARECHAL),M,"50,4221600","2,7721500",62,2019,50.0,1.0,1.0,3.0,2162601,1.0,1,3,1,5.0,,-1.0,0,1983.0,A01,138Â 289Â 611,2.0,8.0,-1.0,1651188,1.0,2,,0.0,2.0,9.0,A01,138Â 289Â 611,1.0
967512,201900009043,10,26,15:30,1,2,2,1.0,3.0,59183,EUROPE - BOULEVARD,M,"51,0506300","2,4093800",59,2019,50.0,1.0,1.0,4.0,2162602,1.0,1,1,2,0.0,,-1.0,0,1974.0,A01,138Â 289Â 607,1.0,0.0,-1.0,1651189,1.0,7,,0.0,6.0,2.0,A01,138Â 289Â 607,1.0
967512,201900009043,10,26,15:30,1,2,2,1.0,3.0,59183,EUROPE - BOULEVARD,M,"51,0506300","2,4093800",59,2019,50.0,1.0,1.0,4.0,2162602,1.0,1,1,2,0.0,,-1.0,0,1974.0,A01,138Â 289Â 607,1.0,0.0,-1.0,1651190,3.0,34,,0.0,2.0,7.0,B01,138Â 289Â 608,0.0
967512,201900009043,10,26,15:30,1,2,2,1.0,3.0,59183,EUROPE - BOULEVARD,M,"51,0506300","2,4093800",59,2019,50.0,1.0,1.0,4.0,2162603,1.0,1,3,1,0.0,,-1.0,0,1996.0,B01,138Â 289Â 608,2.0,0.0,-1.0,1651189,1.0,7,,0.0,6.0,2.0,A01,138Â 289Â 607,1.0
967512,201900009043,10,26,15:30,1,2,2,1.0,3.0,59183,EUROPE - BOULEVARD,M,"51,0506300","2,4093800",59,2019,50.0,1.0,1.0,4.0,2162603,1.0,1,3,1,0.0,,-1.0,0,1996.0,B01,138Â 289Â 608,2.0,0.0,-1.0,1651190,3.0,34,,0.0,2.0,7.0,B01,138Â 289Â 608,0.0