Unnamed: 0_x,num_acc,mois,jour,hrmn,lum,agg,int,atm,col,com,adr,gps,lat,long,dep,annee,vma,situ,surf,catr,Unnamed: 0_y,place,catu,grav,sexe,trajet,secu,locp,actp,an_nais,num_veh_x,id_vehicule_x,secu1,secu2,secu3,Unnamed: 0,senc,catv,occutc,obs,obsm,choc,num_veh_y,id_vehicule_y,motor
967513,201900009044,11,20,09:30,1,2,6,1.0,3.0,59569,RD 500,M,"50,3687800","3,1206300",59,2019,50.0,1.0,1.0,3.0,2162604,1.0,1,4,2,3.0,,-1.0,0,1965.0,B01,138Â 289Â 605,2.0,0.0,-1.0,1651191,3.0,2,,0.0,2.0,1.0,B01,138Â 289Â 605,1.0
967513,201900009044,11,20,09:30,1,2,6,1.0,3.0,59569,RD 500,M,"50,3687800","3,1206300",59,2019,50.0,1.0,1.0,3.0,2162604,1.0,1,4,2,3.0,,-1.0,0,1965.0,B01,138Â 289Â 605,2.0,0.0,-1.0,1651192,2.0,7,,0.0,2.0,3.0,A01,138Â 289Â 606,1.0
967513,201900009044,11,20,09:30,1,2,6,1.0,3.0,59569,RD 500,M,"50,3687800","3,1206300",59,2019,50.0,1.0,1.0,3.0,2162605,1.0,1,1,1,9.0,,-1.0,0,1978.0,A01,138Â 289Â 606,1.0,0.0,-1.0,1651191,3.0,2,,0.0,2.0,1.0,B01,138Â 289Â 605,1.0
967513,201900009044,11,20,09:30,1,2,6,1.0,3.0,59569,RD 500,M,"50,3687800","3,1206300",59,2019,50.0,1.0,1.0,3.0,2162605,1.0,1,1,1,9.0,,-1.0,0,1978.0,A01,138Â 289Â 606,1.0,0.0,-1.0,1651192,2.0,7,,0.0,2.0,3.0,A01,138Â 289Â 606,1.0
967514,201900009045,9,10,08:10,1,2,3,1.0,3.0,55545,ANTHOUARD  ( D' ),M,"49,1570000","5,3838000",55,2019,50.0,1.0,1.0,4.0,2162606,1.0,1,4,2,4.0,,-1.0, -1,1961.0,B01,138Â 289Â 603,1.0,0.0,-1.0,1651193,1.0,7,,0.0,2.0,7.0,B01,138Â 289Â 603,0.0
967514,201900009045,9,10,08:10,1,2,3,1.0,3.0,55545,ANTHOUARD  ( D' ),M,"49,1570000","5,3838000",55,2019,50.0,1.0,1.0,4.0,2162606,1.0,1,4,2,4.0,,-1.0, -1,1961.0,B01,138Â 289Â 603,1.0,0.0,-1.0,1651194,1.0,7,,0.0,2.0,1.0,A01,138Â 289Â 604,0.0
967514,201900009045,9,10,08:10,1,2,3,1.0,3.0,55545,ANTHOUARD  ( D' ),M,"49,1570000","5,3838000",55,2019,50.0,1.0,1.0,4.0,2162607,1.0,1,1,1,5.0,,-1.0, -1,1957.0,A01,138Â 289Â 604,1.0,0.0,-1.0,1651193,1.0,7,,0.0,2.0,7.0,B01,138Â 289Â 603,0.0
967514,201900009045,9,10,08:10,1,2,3,1.0,3.0,55545,ANTHOUARD  ( D' ),M,"49,1570000","5,3838000",55,2019,50.0,1.0,1.0,4.0,2162607,1.0,1,1,1,5.0,,-1.0, -1,1957.0,A01,138Â 289Â 604,1.0,0.0,-1.0,1651194,1.0,7,,0.0,2.0,1.0,A01,138Â 289Â 604,0.0
967515,201900009046,11,21,21:15,5,2,2,2.0,3.0,45147,R DE VERDUN - R J GUESDE,M,"47,9344895","1,9054722",45,2019,50.0,1.0,2.0,4.0,2162608,1.0,1,4,1,5.0,,0.0,0,2000.0,A01,138Â 289Â 601,1.0,0.0,-1.0,1651195,1.0,7,,0.0,2.0,1.0,A01,138Â 289Â 601,1.0
967515,201900009046,11,21,21:15,5,2,2,2.0,3.0,45147,R DE VERDUN - R J GUESDE,M,"47,9344895","1,9054722",45,2019,50.0,1.0,2.0,4.0,2162608,1.0,1,4,1,5.0,,0.0,0,2000.0,A01,138Â 289Â 601,1.0,0.0,-1.0,1651196,2.0,7,,0.0,2.0,7.0,B01,138Â 289Â 602,1.0
967515,201900009046,11,21,21:15,5,2,2,2.0,3.0,45147,R DE VERDUN - R J GUESDE,M,"47,9344895","1,9054722",45,2019,50.0,1.0,2.0,4.0,2162609,1.0,1,1,1,5.0,,0.0,0,1961.0,B01,138Â 289Â 602,1.0,0.0,-1.0,1651195,1.0,7,,0.0,2.0,1.0,A01,138Â 289Â 601,1.0
967515,201900009046,11,21,21:15,5,2,2,2.0,3.0,45147,R DE VERDUN - R J GUESDE,M,"47,9344895","1,9054722",45,2019,50.0,1.0,2.0,4.0,2162609,1.0,1,1,1,5.0,,0.0,0,1961.0,B01,138Â 289Â 602,1.0,0.0,-1.0,1651196,2.0,7,,0.0,2.0,7.0,B01,138Â 289Â 602,1.0
967516,201900009047,11,19,20:45,5,2,1,1.0,6.0,34172,UNIVERSITE (RUE DE L'),M,"43,6141961","3,8773267",34,2019,50.0,1.0,1.0,4.0,2162610,10.0,3,4,1,0.0,,0.0,3,1996.0,A01,138Â 289Â 600,8.0,0.0,-1.0,1651197,2.0,7,,0.0,1.0,1.0,A01,138Â 289Â 600,0.0
967516,201900009047,11,19,20:45,5,2,1,1.0,6.0,34172,UNIVERSITE (RUE DE L'),M,"43,6141961","3,8773267",34,2019,50.0,1.0,1.0,4.0,2162611,1.0,1,1,2,9.0,,0.0,0,1962.0,A01,138Â 289Â 600,1.0,8.0,-1.0,1651197,2.0,7,,0.0,1.0,1.0,A01,138Â 289Â 600,0.0
967517,201900009048,11,22,06:25,5,2,2,2.0,3.0,13201,LIBERATION (BOULEVARD)  1 A 65,M,"43,2990500","5,3855800",13,2019,50.0,1.0,2.0,4.0,2162612,1.0,1,1,1,0.0,,-1.0, -1,1993.0,A01,138Â 289Â 598,1.0,0.0,-1.0,1651198,1.0,14,,0.0,2.0,2.0,A01,138Â 289Â 598,1.0
967517,201900009048,11,22,06:25,5,2,2,2.0,3.0,13201,LIBERATION (BOULEVARD)  1 A 65,M,"43,2990500","5,3855800",13,2019,50.0,1.0,2.0,4.0,2162612,1.0,1,1,1,0.0,,-1.0, -1,1993.0,A01,138Â 289Â 598,1.0,0.0,-1.0,1651199,2.0,7,,0.0,2.0,3.0,B01,138Â 289Â 599,1.0
967517,201900009048,11,22,06:25,5,2,2,2.0,3.0,13201,LIBERATION (BOULEVARD)  1 A 65,M,"43,2990500","5,3855800",13,2019,50.0,1.0,2.0,4.0,2162613,1.0,1,4,1,0.0,,-1.0, -1,1990.0,B01,138Â 289Â 599,1.0,0.0,-1.0,1651198,1.0,14,,0.0,2.0,2.0,A01,138Â 289Â 598,1.0
967517,201900009048,11,22,06:25,5,2,2,2.0,3.0,13201,LIBERATION (BOULEVARD)  1 A 65,M,"43,2990500","5,3855800",13,2019,50.0,1.0,2.0,4.0,2162613,1.0,1,4,1,0.0,,-1.0, -1,1990.0,B01,138Â 289Â 599,1.0,0.0,-1.0,1651199,2.0,7,,0.0,2.0,3.0,B01,138Â 289Â 599,1.0
967518,201900009049,11,22,05:15,2,2,9,1.0,3.0,97411,DODU 1 (RUE JULIETTE),M," -20,8777870","55,4510600",974,2019,50.0,8.0,1.0,4.0,2162614,1.0,1,4,1,0.0,,-1.0, -1,1993.0,B01,138Â 289Â 596,1.0,0.0,-1.0,1651200,3.0,7,,9.0,2.0,1.0,B01,138Â 289Â 596,1.0
967518,201900009049,11,22,05:15,2,2,9,1.0,3.0,97411,DODU 1 (RUE JULIETTE),M," -20,8777870","55,4510600",974,2019,50.0,8.0,1.0,4.0,2162614,1.0,1,4,1,0.0,,-1.0, -1,1993.0,B01,138Â 289Â 596,1.0,0.0,-1.0,1651201,3.0,7,,0.0,2.0,5.0,A01,138Â 289Â 597,1.0
967518,201900009049,11,22,05:15,2,2,9,1.0,3.0,97411,DODU 1 (RUE JULIETTE),M," -20,8777870","55,4510600",974,2019,50.0,8.0,1.0,4.0,2162615,1.0,1,1,1,0.0,,-1.0,0,1979.0,A01,138Â 289Â 597,1.0,8.0,-1.0,1651200,3.0,7,,9.0,2.0,1.0,B01,138Â 289Â 596,1.0
967518,201900009049,11,22,05:15,2,2,9,1.0,3.0,97411,DODU 1 (RUE JULIETTE),M," -20,8777870","55,4510600",974,2019,50.0,8.0,1.0,4.0,2162615,1.0,1,1,1,0.0,,-1.0,0,1979.0,A01,138Â 289Â 597,1.0,8.0,-1.0,1651201,3.0,7,,0.0,2.0,5.0,A01,138Â 289Â 597,1.0
967519,201900009050,11,22,07:45,1,2,1,1.0,1.0,97409,PATELIN (chemin),M," -20,9729700","55,6865700",974,2019,50.0,1.0,1.0,3.0,2162616,8.0,2,4,1,2.0,,-1.0, -1,1997.0,A01,138Â 289Â 595,1.0,0.0,-1.0,1651202,1.0,7,,0.0,2.0,3.0,CB01,138Â 289Â 594,1.0
967519,201900009050,11,22,07:45,1,2,1,1.0,1.0,97409,PATELIN (chemin),M," -20,9729700","55,6865700",974,2019,50.0,1.0,1.0,3.0,2162616,8.0,2,4,1,2.0,,-1.0, -1,1997.0,A01,138Â 289Â 595,1.0,0.0,-1.0,1651203,2.0,7,,0.0,2.0,3.0,A01,138Â 289Â 595,1.0
967520,201900009051,11,22,03:10,5,2,1,2.0,6.0,69388,GABRIEL SARRAZIN                    (R ),M,"45,7391400","4,8788400",69,2019,50.0,1.0,2.0,7.0,2162617,1.0,1,1,1,5.0,,-1.0,0,1955.0,A01,138Â 289Â 591,1.0,0.0,-1.0,1651204,2.0,7,,1.0,0.0,3.0,A01,138Â 289Â 591,1.0
967520,201900009051,11,22,03:10,5,2,1,2.0,6.0,69388,GABRIEL SARRAZIN                    (R ),M,"45,7391400","4,8788400",69,2019,50.0,1.0,2.0,7.0,2162617,1.0,1,1,1,5.0,,-1.0,0,1955.0,A01,138Â 289Â 591,1.0,0.0,-1.0,1651205,2.0,7,,1.0,0.0,5.0,B01,138Â 289Â 592,1.0
967520,201900009051,11,22,03:10,5,2,1,2.0,6.0,69388,GABRIEL SARRAZIN                    (R ),M,"45,7391400","4,8788400",69,2019,50.0,1.0,2.0,7.0,2162617,1.0,1,1,1,5.0,,-1.0,0,1955.0,A01,138Â 289Â 591,1.0,0.0,-1.0,1651206,2.0,7,,0.0,2.0,0.0,C01,138Â 289Â 593,1.0
967520,201900009051,11,22,03:10,5,2,1,2.0,6.0,69388,GABRIEL SARRAZIN                    (R ),M,"45,7391400","4,8788400",69,2019,50.0,1.0,2.0,7.0,2162618,2.0,2,4,1,0.0,,-1.0,0,1945.0,A01,138Â 289Â 591,1.0,0.0,-1.0,1651204,2.0,7,,1.0,0.0,3.0,A01,138Â 289Â 591,1.0
967520,201900009051,11,22,03:10,5,2,1,2.0,6.0,69388,GABRIEL SARRAZIN                    (R ),M,"45,7391400","4,8788400",69,2019,50.0,1.0,2.0,7.0,2162618,2.0,2,4,1,0.0,,-1.0,0,1945.0,A01,138Â 289Â 591,1.0,0.0,-1.0,1651205,2.0,7,,1.0,0.0,5.0,B01,138Â 289Â 592,1.0
967520,201900009051,11,22,03:10,5,2,1,2.0,6.0,69388,GABRIEL SARRAZIN                    (R ),M,"45,7391400","4,8788400",69,2019,50.0,1.0,2.0,7.0,2162618,2.0,2,4,1,0.0,,-1.0,0,1945.0,A01,138Â 289Â 591,1.0,0.0,-1.0,1651206,2.0,7,,0.0,2.0,0.0,C01,138Â 289Â 593,1.0
967521,201900009052,11,22,07:30,2,2,2,2.0,6.0,69383,LACASSAGNE                          (AV),M,"45,7569500","4,8624800",69,2019,50.0,1.0,2.0,4.0,2162619,10.0,3,4,2,0.0,,4.0,3,1999.0,A01,138Â 289Â 590,0.0,-1.0,-1.0,1651207,1.0,7,,0.0,1.0,2.0,A01,138Â 289Â 590,1.0
967521,201900009052,11,22,07:30,2,2,2,2.0,6.0,69383,LACASSAGNE                          (AV),M,"45,7569500","4,8624800",69,2019,50.0,1.0,2.0,4.0,2162620,1.0,1,1,1,0.0,,-1.0, -1,1998.0,A01,138Â 289Â 590,1.0,0.0,-1.0,1651207,1.0,7,,0.0,1.0,2.0,A01,138Â 289Â 590,1.0
967522,201900009053,11,22,11:20,1,2,6,1.0,3.0,97213,ROUTE DEPARTEMENTALE 14,M,"14,6216730"," -61,0076280",972,2019,50.0,1.0,1.0,3.0,2162621,1.0,1,1,1,0.0,,-1.0, -1,1950.0,B01,138Â 289Â 588,1.0,0.0,-1.0,1651208,1.0,7,,0.0,2.0,3.0,B01,138Â 289Â 588,1.0
967522,201900009053,11,22,11:20,1,2,6,1.0,3.0,97213,ROUTE DEPARTEMENTALE 14,M,"14,6216730"," -61,0076280",972,2019,50.0,1.0,1.0,3.0,2162621,1.0,1,1,1,0.0,,-1.0, -1,1950.0,B01,138Â 289Â 588,1.0,0.0,-1.0,1651209,1.0,33,,0.0,2.0,7.0,A01,138Â 289Â 589,1.0
967522,201900009053,11,22,11:20,1,2,6,1.0,3.0,97213,ROUTE DEPARTEMENTALE 14,M,"14,6216730"," -61,0076280",972,2019,50.0,1.0,1.0,3.0,2162622,2.0,2,3,2,0.0,,-1.0, -1,1986.0,A01,138Â 289Â 589,2.0,8.0,-1.0,1651208,1.0,7,,0.0,2.0,3.0,B01,138Â 289Â 588,1.0
967522,201900009053,11,22,11:20,1,2,6,1.0,3.0,97213,ROUTE DEPARTEMENTALE 14,M,"14,6216730"," -61,0076280",972,2019,50.0,1.0,1.0,3.0,2162622,2.0,2,3,2,0.0,,-1.0, -1,1986.0,A01,138Â 289Â 589,2.0,8.0,-1.0,1651209,1.0,33,,0.0,2.0,7.0,A01,138Â 289Â 589,1.0
967522,201900009053,11,22,11:20,1,2,6,1.0,3.0,97213,ROUTE DEPARTEMENTALE 14,M,"14,6216730"," -61,0076280",972,2019,50.0,1.0,1.0,3.0,2162623,1.0,1,1,1,0.0,,-1.0,0,1988.0,A01,138Â 289Â 589,2.0,8.0,-1.0,1651208,1.0,7,,0.0,2.0,3.0,B01,138Â 289Â 588,1.0
967522,201900009053,11,22,11:20,1,2,6,1.0,3.0,97213,ROUTE DEPARTEMENTALE 14,M,"14,6216730"," -61,0076280",972,2019,50.0,1.0,1.0,3.0,2162623,1.0,1,1,1,0.0,,-1.0,0,1988.0,A01,138Â 289Â 589,2.0,8.0,-1.0,1651209,1.0,33,,0.0,2.0,7.0,A01,138Â 289Â 589,1.0
967523,201900009054,11,22,19:20,5,2,1,1.0,4.0,69286,ROUTE DE STRASBOURG                 (RO),M,"45,8207900","4,8971500",69,2019,50.0,1.0,1.0,3.0,2162624,1.0,1,1,1,5.0,,-1.0, -1,1995.0,C01,138Â 289Â 585,1.0,0.0,-1.0,1651210,2.0,7,,0.0,2.0,4.0,C01,138Â 289Â 585,1.0
967523,201900009054,11,22,19:20,5,2,1,1.0,4.0,69286,ROUTE DE STRASBOURG                 (RO),M,"45,8207900","4,8971500",69,2019,50.0,1.0,1.0,3.0,2162624,1.0,1,1,1,5.0,,-1.0, -1,1995.0,C01,138Â 289Â 585,1.0,0.0,-1.0,1651211,2.0,7,,0.0,2.0,4.0,B01,138Â 289Â 586,1.0
967523,201900009054,11,22,19:20,5,2,1,1.0,4.0,69286,ROUTE DE STRASBOURG                 (RO),M,"45,8207900","4,8971500",69,2019,50.0,1.0,1.0,3.0,2162624,1.0,1,1,1,5.0,,-1.0, -1,1995.0,C01,138Â 289Â 585,1.0,0.0,-1.0,1651212,2.0,7,,0.0,2.0,1.0,A01,138Â 289Â 587,1.0
967523,201900009054,11,22,19:20,5,2,1,1.0,4.0,69286,ROUTE DE STRASBOURG                 (RO),M,"45,8207900","4,8971500",69,2019,50.0,1.0,1.0,3.0,2162625,1.0,1,4,2,5.0,,-1.0, -1,1991.0,B01,138Â 289Â 586,1.0,0.0,-1.0,1651210,2.0,7,,0.0,2.0,4.0,C01,138Â 289Â 585,1.0
967523,201900009054,11,22,19:20,5,2,1,1.0,4.0,69286,ROUTE DE STRASBOURG                 (RO),M,"45,8207900","4,8971500",69,2019,50.0,1.0,1.0,3.0,2162625,1.0,1,4,2,5.0,,-1.0, -1,1991.0,B01,138Â 289Â 586,1.0,0.0,-1.0,1651211,2.0,7,,0.0,2.0,4.0,B01,138Â 289Â 586,1.0
967523,201900009054,11,22,19:20,5,2,1,1.0,4.0,69286,ROUTE DE STRASBOURG                 (RO),M,"45,8207900","4,8971500",69,2019,50.0,1.0,1.0,3.0,2162625,1.0,1,4,2,5.0,,-1.0, -1,1991.0,B01,138Â 289Â 586,1.0,0.0,-1.0,1651212,2.0,7,,0.0,2.0,1.0,A01,138Â 289Â 587,1.0
967523,201900009054,11,22,19:20,5,2,1,1.0,4.0,69286,ROUTE DE STRASBOURG                 (RO),M,"45,8207900","4,8971500",69,2019,50.0,1.0,1.0,3.0,2162626,1.0,1,1,1,5.0,,-1.0, -1,1995.0,A01,138Â 289Â 587,1.0,0.0,-1.0,1651210,2.0,7,,0.0,2.0,4.0,C01,138Â 289Â 585,1.0
967523,201900009054,11,22,19:20,5,2,1,1.0,4.0,69286,ROUTE DE STRASBOURG                 (RO),M,"45,8207900","4,8971500",69,2019,50.0,1.0,1.0,3.0,2162626,1.0,1,1,1,5.0,,-1.0, -1,1995.0,A01,138Â 289Â 587,1.0,0.0,-1.0,1651211,2.0,7,,0.0,2.0,4.0,B01,138Â 289Â 586,1.0
967523,201900009054,11,22,19:20,5,2,1,1.0,4.0,69286,ROUTE DE STRASBOURG                 (RO),M,"45,8207900","4,8971500",69,2019,50.0,1.0,1.0,3.0,2162626,1.0,1,1,1,5.0,,-1.0, -1,1995.0,A01,138Â 289Â 587,1.0,0.0,-1.0,1651212,2.0,7,,0.0,2.0,1.0,A01,138Â 289Â 587,1.0
967524,201900009055,11,22,11:00,1,2,1,1.0,6.0,69286,ROUTE DE STRASBOURG D 483           (RO),M,"45,8158800","4,8901200",69,2019,50.0,1.0,1.0,3.0,2162627,10.0,3,4,2,5.0,,3.0,3,1985.0,A01,138Â 289Â 584,8.0,0.0,-1.0,1651213,3.0,7,,0.0,1.0,1.0,A01,138Â 289Â 584,1.0
967525,201900009056,11,21,18:20,5,2,1,2.0,4.0,69286,ROUTE DE GENEVE                     (RO),M,"45,8067700","4,8895300",69,2019,50.0,1.0,2.0,3.0,2162628,1.0,1,1,1,1.0,,-1.0, -1,1993.0,C01,138Â 289Â 581,2.0,6.0,-1.0,1651214,2.0,34,,0.0,2.0,0.0,C01,138Â 289Â 581,1.0
967525,201900009056,11,21,18:20,5,2,1,2.0,4.0,69286,ROUTE DE GENEVE                     (RO),M,"45,8067700","4,8895300",69,2019,50.0,1.0,2.0,3.0,2162628,1.0,1,1,1,1.0,,-1.0, -1,1993.0,C01,138Â 289Â 581,2.0,6.0,-1.0,1651215,2.0,7,,0.0,1.0,0.0,B01,138Â 289Â 582,1.0
967525,201900009056,11,21,18:20,5,2,1,2.0,4.0,69286,ROUTE DE GENEVE                     (RO),M,"45,8067700","4,8895300",69,2019,50.0,1.0,2.0,3.0,2162628,1.0,1,1,1,1.0,,-1.0, -1,1993.0,C01,138Â 289Â 581,2.0,6.0,-1.0,1651216,1.0,7,,0.0,1.0,2.0,A01,138Â 289Â 583,1.0
967525,201900009056,11,21,18:20,5,2,1,2.0,4.0,69286,ROUTE DE GENEVE                     (RO),M,"45,8067700","4,8895300",69,2019,50.0,1.0,2.0,3.0,2162629,1.0,1,1,1,1.0,,-1.0, -1,1974.0,B01,138Â 289Â 582,1.0,0.0,-1.0,1651214,2.0,34,,0.0,2.0,0.0,C01,138Â 289Â 581,1.0
967525,201900009056,11,21,18:20,5,2,1,2.0,4.0,69286,ROUTE DE GENEVE                     (RO),M,"45,8067700","4,8895300",69,2019,50.0,1.0,2.0,3.0,2162629,1.0,1,1,1,1.0,,-1.0, -1,1974.0,B01,138Â 289Â 582,1.0,0.0,-1.0,1651215,2.0,7,,0.0,1.0,0.0,B01,138Â 289Â 582,1.0
967525,201900009056,11,21,18:20,5,2,1,2.0,4.0,69286,ROUTE DE GENEVE                     (RO),M,"45,8067700","4,8895300",69,2019,50.0,1.0,2.0,3.0,2162629,1.0,1,1,1,1.0,,-1.0, -1,1974.0,B01,138Â 289Â 582,1.0,0.0,-1.0,1651216,1.0,7,,0.0,1.0,2.0,A01,138Â 289Â 583,1.0
967525,201900009056,11,21,18:20,5,2,1,2.0,4.0,69286,ROUTE DE GENEVE                     (RO),M,"45,8067700","4,8895300",69,2019,50.0,1.0,2.0,3.0,2162630,1.0,1,1,1,5.0,,-1.0, -1,1954.0,A01,138Â 289Â 583,1.0,0.0,-1.0,1651214,2.0,34,,0.0,2.0,0.0,C01,138Â 289Â 581,1.0
967525,201900009056,11,21,18:20,5,2,1,2.0,4.0,69286,ROUTE DE GENEVE                     (RO),M,"45,8067700","4,8895300",69,2019,50.0,1.0,2.0,3.0,2162630,1.0,1,1,1,5.0,,-1.0, -1,1954.0,A01,138Â 289Â 583,1.0,0.0,-1.0,1651215,2.0,7,,0.0,1.0,0.0,B01,138Â 289Â 582,1.0
967525,201900009056,11,21,18:20,5,2,1,2.0,4.0,69286,ROUTE DE GENEVE                     (RO),M,"45,8067700","4,8895300",69,2019,50.0,1.0,2.0,3.0,2162630,1.0,1,1,1,5.0,,-1.0, -1,1954.0,A01,138Â 289Â 583,1.0,0.0,-1.0,1651216,1.0,7,,0.0,1.0,2.0,A01,138Â 289Â 583,1.0
967525,201900009056,11,21,18:20,5,2,1,2.0,4.0,69286,ROUTE DE GENEVE                     (RO),M,"45,8067700","4,8895300",69,2019,50.0,1.0,2.0,3.0,2162631,10.0,3,3,2,5.0,,3.0,3,1969.0,A01,138Â 289Â 583,8.0,0.0,-1.0,1651214,2.0,34,,0.0,2.0,0.0,C01,138Â 289Â 581,1.0
967525,201900009056,11,21,18:20,5,2,1,2.0,4.0,69286,ROUTE DE GENEVE                     (RO),M,"45,8067700","4,8895300",69,2019,50.0,1.0,2.0,3.0,2162631,10.0,3,3,2,5.0,,3.0,3,1969.0,A01,138Â 289Â 583,8.0,0.0,-1.0,1651215,2.0,7,,0.0,1.0,0.0,B01,138Â 289Â 582,1.0
967525,201900009056,11,21,18:20,5,2,1,2.0,4.0,69286,ROUTE DE GENEVE                     (RO),M,"45,8067700","4,8895300",69,2019,50.0,1.0,2.0,3.0,2162631,10.0,3,3,2,5.0,,3.0,3,1969.0,A01,138Â 289Â 583,8.0,0.0,-1.0,1651216,1.0,7,,0.0,1.0,2.0,A01,138Â 289Â 583,1.0
967526,201900009057,11,22,09:39,1,2,1,1.0,3.0,2B120,11 - RT,M,"42,6608000","9,4421000",2B,2019,70.0,1.0,1.0,2.0,2162632,1.0,1,1,1,0.0,,-1.0, -1,1948.0,B01,138Â 289Â 579,1.0,0.0,-1.0,1651217,3.0,7,,4.0,2.0,2.0,B01,138Â 289Â 579,1.0
967526,201900009057,11,22,09:39,1,2,1,1.0,3.0,2B120,11 - RT,M,"42,6608000","9,4421000",2B,2019,70.0,1.0,1.0,2.0,2162632,1.0,1,1,1,0.0,,-1.0, -1,1948.0,B01,138Â 289Â 579,1.0,0.0,-1.0,1651218,3.0,7,,4.0,2.0,8.0,A01,138Â 289Â 580,1.0
967526,201900009057,11,22,09:39,1,2,1,1.0,3.0,2B120,11 - RT,M,"42,6608000","9,4421000",2B,2019,70.0,1.0,1.0,2.0,2162633,1.0,1,4,1,0.0,,-1.0, -1,1961.0,A01,138Â 289Â 580,1.0,0.0,-1.0,1651217,3.0,7,,4.0,2.0,2.0,B01,138Â 289Â 579,1.0
967526,201900009057,11,22,09:39,1,2,1,1.0,3.0,2B120,11 - RT,M,"42,6608000","9,4421000",2B,2019,70.0,1.0,1.0,2.0,2162633,1.0,1,4,1,0.0,,-1.0, -1,1961.0,A01,138Â 289Â 580,1.0,0.0,-1.0,1651218,3.0,7,,4.0,2.0,8.0,A01,138Â 289Â 580,1.0
967527,201900009058,11,22,07:45,1,2,5,8.0,3.0,2A004,LORETTO CHEMIN,M,"41,9332900","8,7236800",2A,2019,30.0,1.0,2.0,4.0,2162634,1.0,1,4,1,9.0,,-1.0, -1,1959.0,B01,138Â 289Â 577,1.0,5.0,-1.0,1651219,3.0,7,,0.0,2.0,6.0,B01,138Â 289Â 577,1.0
967527,201900009058,11,22,07:45,1,2,5,8.0,3.0,2A004,LORETTO CHEMIN,M,"41,9332900","8,7236800",2A,2019,30.0,1.0,2.0,4.0,2162634,1.0,1,4,1,9.0,,-1.0, -1,1959.0,B01,138Â 289Â 577,1.0,5.0,-1.0,1651220,3.0,7,,0.0,2.0,2.0,A01,138Â 289Â 578,1.0
967527,201900009058,11,22,07:45,1,2,5,8.0,3.0,2A004,LORETTO CHEMIN,M,"41,9332900","8,7236800",2A,2019,30.0,1.0,2.0,4.0,2162635,1.0,1,1,1,4.0,,-1.0, -1,1989.0,A01,138Â 289Â 578,8.0,0.0,-1.0,1651219,3.0,7,,0.0,2.0,6.0,B01,138Â 289Â 577,1.0
967527,201900009058,11,22,07:45,1,2,5,8.0,3.0,2A004,LORETTO CHEMIN,M,"41,9332900","8,7236800",2A,2019,30.0,1.0,2.0,4.0,2162635,1.0,1,1,1,4.0,,-1.0, -1,1989.0,A01,138Â 289Â 578,8.0,0.0,-1.0,1651220,3.0,7,,0.0,2.0,2.0,A01,138Â 289Â 578,1.0
967528,201900009059,11,22,09:40,1,2,1,1.0,3.0,91589,PERVENCHES (RUE DES),M,"48,6900150","2,3543750",91,2019,50.0,1.0,1.0,4.0,2162636,1.0,1,4,1,1.0,,0.0,0,1989.0,A01,138Â 289Â 575,2.0,6.0,-1.0,1651221,1.0,33,,0.0,0.0,8.0,A01,138Â 289Â 575,0.0
967528,201900009059,11,22,09:40,1,2,1,1.0,3.0,91589,PERVENCHES (RUE DES),M,"48,6900150","2,3543750",91,2019,50.0,1.0,1.0,4.0,2162636,1.0,1,4,1,1.0,,0.0,0,1989.0,A01,138Â 289Â 575,2.0,6.0,-1.0,1651222,1.0,7,,0.0,0.0,3.0,B01,138Â 289Â 576,0.0
967528,201900009059,11,22,09:40,1,2,1,1.0,3.0,91589,PERVENCHES (RUE DES),M,"48,6900150","2,3543750",91,2019,50.0,1.0,1.0,4.0,2162637,1.0,1,1,1,3.0,,0.0,0,1984.0,B01,138Â 289Â 576,1.0,5.0,-1.0,1651221,1.0,33,,0.0,0.0,8.0,A01,138Â 289Â 575,0.0
967528,201900009059,11,22,09:40,1,2,1,1.0,3.0,91589,PERVENCHES (RUE DES),M,"48,6900150","2,3543750",91,2019,50.0,1.0,1.0,4.0,2162637,1.0,1,1,1,3.0,,0.0,0,1984.0,B01,138Â 289Â 576,1.0,5.0,-1.0,1651222,1.0,7,,0.0,0.0,3.0,B01,138Â 289Â 576,0.0
967529,201900009060,11,20,11:30,1,2,1,1.0,6.0,91161,PIERRE BROSSOLETTE (AVENUE),M,"48,6995800","2,3114400",91,2019,50.0,1.0,9.0,3.0,2162638,1.0,1,4,1,4.0,,-1.0, -1,1993.0,A01,138Â 289Â 574,2.0,6.0,-1.0,1651223,1.0,33,,12.0,0.0,3.0,A01,138Â 289Â 574,1.0