Unnamed: 0_x,num_acc,mois,jour,hrmn,lum,agg,int,atm,col,com,adr,gps,lat,long,dep,annee,vma,situ,surf,catr,Unnamed: 0_y,place,catu,grav,sexe,trajet,secu,locp,actp,an_nais,num_veh_x,id_vehicule_x,secu1,secu2,secu3,Unnamed: 0,senc,catv,occutc,obs,obsm,choc,num_veh_y,id_vehicule_y,motor
967530,201900009061,11,21,09:30,1,2,2,1.0,6.0,91223,PONT SAINT JEAN (RUE DU),M,"48,4356230","2,1521960",91,2019,50.0,1.0,1.0,4.0,2162639,10.0,3,4,1,0.0,,4.0,3,2001.0,A01,138Â 289Â 573,8.0,0.0,-1.0,1651224,3.0,7,,0.0,1.0,1.0,A01,138Â 289Â 573,1.0
967530,201900009061,11,21,09:30,1,2,2,1.0,6.0,91223,PONT SAINT JEAN (RUE DU),M,"48,4356230","2,1521960",91,2019,50.0,1.0,1.0,4.0,2162640,1.0,1,1,2,0.0,,0.0,0,1973.0,A01,138Â 289Â 573,1.0,0.0,-1.0,1651224,3.0,7,,0.0,1.0,1.0,A01,138Â 289Â 573,1.0
967531,201900009062,11,21,17:57,2,2,1,2.0,6.0,87085,MONTJOVIS (AVENUE),M,"45,8368000","1,2496500",87,2019,50.0,4.0,2.0,4.0,2162641,1.0,1,1,2,5.0,,-1.0, -1,1939.0,A01,138Â 289Â 572,1.0,8.0,-1.0,1651225,1.0,7,,0.0,1.0,3.0,A01,138Â 289Â 572,1.0
967531,201900009062,11,21,17:57,2,2,1,2.0,6.0,87085,MONTJOVIS (AVENUE),M,"45,8368000","1,2496500",87,2019,50.0,4.0,2.0,4.0,2162642,10.0,3,4,2,5.0,,5.0,2,1950.0,A01,138Â 289Â 572,8.0,0.0,-1.0,1651225,1.0,7,,0.0,1.0,3.0,A01,138Â 289Â 572,1.0
967532,201900009063,11,21,07:33,2,1,1,1.0,4.0,86041,RN 147 BUXEROLLES,M,"46,6090908","0,3914523",86,2019,90.0,1.0,1.0,2.0,2162643,1.0,1,4,1,0.0,,-1.0,0,1967.0,A01,138Â 289Â 569,1.0,0.0,-1.0,1651226,1.0,7,,0.0,2.0,1.0,A01,138Â 289Â 569,1.0
967532,201900009063,11,21,07:33,2,1,1,1.0,4.0,86041,RN 147 BUXEROLLES,M,"46,6090908","0,3914523",86,2019,90.0,1.0,1.0,2.0,2162643,1.0,1,4,1,0.0,,-1.0,0,1967.0,A01,138Â 289Â 569,1.0,0.0,-1.0,1651227,1.0,7,,0.0,2.0,1.0,B01,138Â 289Â 570,1.0
967532,201900009063,11,21,07:33,2,1,1,1.0,4.0,86041,RN 147 BUXEROLLES,M,"46,6090908","0,3914523",86,2019,90.0,1.0,1.0,2.0,2162643,1.0,1,4,1,0.0,,-1.0,0,1967.0,A01,138Â 289Â 569,1.0,0.0,-1.0,1651228,1.0,7,,0.0,2.0,4.0,C01,138Â 289Â 571,1.0
967532,201900009063,11,21,07:33,2,1,1,1.0,4.0,86041,RN 147 BUXEROLLES,M,"46,6090908","0,3914523",86,2019,90.0,1.0,1.0,2.0,2162644,2.0,2,4,2,0.0,,-1.0,0,1971.0,B01,138Â 289Â 570,1.0,0.0,-1.0,1651226,1.0,7,,0.0,2.0,1.0,A01,138Â 289Â 569,1.0
967532,201900009063,11,21,07:33,2,1,1,1.0,4.0,86041,RN 147 BUXEROLLES,M,"46,6090908","0,3914523",86,2019,90.0,1.0,1.0,2.0,2162644,2.0,2,4,2,0.0,,-1.0,0,1971.0,B01,138Â 289Â 570,1.0,0.0,-1.0,1651227,1.0,7,,0.0,2.0,1.0,B01,138Â 289Â 570,1.0
967532,201900009063,11,21,07:33,2,1,1,1.0,4.0,86041,RN 147 BUXEROLLES,M,"46,6090908","0,3914523",86,2019,90.0,1.0,1.0,2.0,2162644,2.0,2,4,2,0.0,,-1.0,0,1971.0,B01,138Â 289Â 570,1.0,0.0,-1.0,1651228,1.0,7,,0.0,2.0,4.0,C01,138Â 289Â 571,1.0
967532,201900009063,11,21,07:33,2,1,1,1.0,4.0,86041,RN 147 BUXEROLLES,M,"46,6090908","0,3914523",86,2019,90.0,1.0,1.0,2.0,2162645,1.0,1,4,1,0.0,,-1.0,0,2001.0,B01,138Â 289Â 570,1.0,0.0,-1.0,1651226,1.0,7,,0.0,2.0,1.0,A01,138Â 289Â 569,1.0
967532,201900009063,11,21,07:33,2,1,1,1.0,4.0,86041,RN 147 BUXEROLLES,M,"46,6090908","0,3914523",86,2019,90.0,1.0,1.0,2.0,2162645,1.0,1,4,1,0.0,,-1.0,0,2001.0,B01,138Â 289Â 570,1.0,0.0,-1.0,1651227,1.0,7,,0.0,2.0,1.0,B01,138Â 289Â 570,1.0
967532,201900009063,11,21,07:33,2,1,1,1.0,4.0,86041,RN 147 BUXEROLLES,M,"46,6090908","0,3914523",86,2019,90.0,1.0,1.0,2.0,2162645,1.0,1,4,1,0.0,,-1.0,0,2001.0,B01,138Â 289Â 570,1.0,0.0,-1.0,1651228,1.0,7,,0.0,2.0,4.0,C01,138Â 289Â 571,1.0
967532,201900009063,11,21,07:33,2,1,1,1.0,4.0,86041,RN 147 BUXEROLLES,M,"46,6090908","0,3914523",86,2019,90.0,1.0,1.0,2.0,2162646,1.0,1,4,2,0.0,,-1.0,0,1967.0,C01,138Â 289Â 571,1.0,0.0,-1.0,1651226,1.0,7,,0.0,2.0,1.0,A01,138Â 289Â 569,1.0
967532,201900009063,11,21,07:33,2,1,1,1.0,4.0,86041,RN 147 BUXEROLLES,M,"46,6090908","0,3914523",86,2019,90.0,1.0,1.0,2.0,2162646,1.0,1,4,2,0.0,,-1.0,0,1967.0,C01,138Â 289Â 571,1.0,0.0,-1.0,1651227,1.0,7,,0.0,2.0,1.0,B01,138Â 289Â 570,1.0
967532,201900009063,11,21,07:33,2,1,1,1.0,4.0,86041,RN 147 BUXEROLLES,M,"46,6090908","0,3914523",86,2019,90.0,1.0,1.0,2.0,2162646,1.0,1,4,2,0.0,,-1.0,0,1967.0,C01,138Â 289Â 571,1.0,0.0,-1.0,1651228,1.0,7,,0.0,2.0,4.0,C01,138Â 289Â 571,1.0
967533,201900009064,11,22,18:00,5,2,1,3.0,6.0,83137,GROIGNARD (AVE),M,"43,1472000","5,9023000",83,2019,50.0,1.0,2.0,3.0,2162647,1.0,1,1,2,5.0,,-1.0,0,1971.0,A01,138Â 289Â 568,1.0,0.0,-1.0,1651229,2.0,7,,0.0,1.0,1.0,A01,138Â 289Â 568,0.0
967533,201900009064,11,22,18:00,5,2,1,3.0,6.0,83137,GROIGNARD (AVE),M,"43,1472000","5,9023000",83,2019,50.0,1.0,2.0,3.0,2162648,10.0,3,4,2,5.0,,3.0,3,1987.0,A01,138Â 289Â 568,8.0,0.0,-1.0,1651229,2.0,7,,0.0,1.0,1.0,A01,138Â 289Â 568,0.0
967534,201900009065,11,22,16:45,5,2,1,3.0,6.0,83144,D.I.C. (AVE DE LA 9EME),M,"43,1395400","5,9826600",83,2019,30.0,1.0,3.0,4.0,2162649,10.0,3,4,1,0.0,,4.0,3,2009.0,A01,138Â 289Â 567,0.0,-1.0,-1.0,1651230,1.0,7,,0.0,1.0,2.0,A01,138Â 289Â 567,1.0
967534,201900009065,11,22,16:45,5,2,1,3.0,6.0,83144,D.I.C. (AVE DE LA 9EME),M,"43,1395400","5,9826600",83,2019,30.0,1.0,3.0,4.0,2162650,1.0,1,1,2,5.0,,-1.0,0,1938.0,A01,138Â 289Â 567,1.0,0.0,-1.0,1651230,1.0,7,,0.0,1.0,2.0,A01,138Â 289Â 567,1.0
967534,201900009065,11,22,16:45,5,2,1,3.0,6.0,83144,D.I.C. (AVE DE LA 9EME),M,"43,1395400","5,9826600",83,2019,30.0,1.0,3.0,4.0,2162651,10.0,3,4,1,5.0,,4.0,3,1980.0,A01,138Â 289Â 567,0.0,-1.0,-1.0,1651230,1.0,7,,0.0,1.0,2.0,A01,138Â 289Â 567,1.0
967535,201900009066,11,20,07:40,5,2,1,1.0,6.0,80021,GENERAL FRERE (RUE DU),M,"49,9064100","2,3037300",80,2019,50.0,1.0,1.0,4.0,2162652,1.0,1,1,1,0.0,,-1.0, -1,1984.0,A01,138Â 289Â 566,1.0,0.0,-1.0,1651231,0.0,7,,0.0,1.0,1.0,A01,138Â 289Â 566,1.0
967535,201900009066,11,20,07:40,5,2,1,1.0,6.0,80021,GENERAL FRERE (RUE DU),M,"49,9064100","2,3037300",80,2019,50.0,1.0,1.0,4.0,2162653,10.0,3,4,1,0.0,,4.0,3,1997.0,A01,138Â 289Â 566,8.0,0.0,-1.0,1651231,0.0,7,,0.0,1.0,1.0,A01,138Â 289Â 566,1.0
967536,201900009067,11,21,18:10,2,2,1,1.0,2.0,78092,TOURGUENIEF YVAN (RUE   ),M,"48,8680800","2,1464860",78,2019,50.0,1.0,1.0,3.0,2162654,1.0,1,1,2,0.0,,-1.0, -1,1979.0,A01,138Â 289Â 564,1.0,8.0,-1.0,1651232,1.0,7,,0.0,2.0,5.0,A01,138Â 289Â 564,1.0
967536,201900009067,11,21,18:10,2,2,1,1.0,2.0,78092,TOURGUENIEF YVAN (RUE   ),M,"48,8680800","2,1464860",78,2019,50.0,1.0,1.0,3.0,2162654,1.0,1,1,2,0.0,,-1.0, -1,1979.0,A01,138Â 289Â 564,1.0,8.0,-1.0,1651233,1.0,34,,0.0,2.0,1.0,B01,138Â 289Â 565,1.0
967536,201900009067,11,21,18:10,2,2,1,1.0,2.0,78092,TOURGUENIEF YVAN (RUE   ),M,"48,8680800","2,1464860",78,2019,50.0,1.0,1.0,3.0,2162655,1.0,1,4,1,0.0,,-1.0, -1,1958.0,B01,138Â 289Â 565,2.0,0.0,-1.0,1651232,1.0,7,,0.0,2.0,5.0,A01,138Â 289Â 564,1.0
967536,201900009067,11,21,18:10,2,2,1,1.0,2.0,78092,TOURGUENIEF YVAN (RUE   ),M,"48,8680800","2,1464860",78,2019,50.0,1.0,1.0,3.0,2162655,1.0,1,4,1,0.0,,-1.0, -1,1958.0,B01,138Â 289Â 565,2.0,0.0,-1.0,1651233,1.0,34,,0.0,2.0,1.0,B01,138Â 289Â 565,1.0
967537,201900009068,11,21,17:05,5,2,1,2.0,3.0,78517,,M,"48,6260920","1,8224920",78,2019,80.0,1.0,2.0,3.0,2162656,1.0,1,3,2,1.0,,-1.0, -1,1957.0,B01,138Â 289Â 562,1.0,8.0,-1.0,1651234,1.0,7,,0.0,2.0,3.0,B01,138Â 289Â 562,1.0
967537,201900009068,11,21,17:05,5,2,1,2.0,3.0,78517,,M,"48,6260920","1,8224920",78,2019,80.0,1.0,2.0,3.0,2162656,1.0,1,3,2,1.0,,-1.0, -1,1957.0,B01,138Â 289Â 562,1.0,8.0,-1.0,1651235,2.0,7,,0.0,2.0,3.0,A01,138Â 289Â 563,1.0
967537,201900009068,11,21,17:05,5,2,1,2.0,3.0,78517,,M,"48,6260920","1,8224920",78,2019,80.0,1.0,2.0,3.0,2162657,1.0,1,4,1,3.0,,-1.0, -1,1965.0,A01,138Â 289Â 563,1.0,8.0,-1.0,1651234,1.0,7,,0.0,2.0,3.0,B01,138Â 289Â 562,1.0
967537,201900009068,11,21,17:05,5,2,1,2.0,3.0,78517,,M,"48,6260920","1,8224920",78,2019,80.0,1.0,2.0,3.0,2162657,1.0,1,4,1,3.0,,-1.0, -1,1965.0,A01,138Â 289Â 563,1.0,8.0,-1.0,1651235,2.0,7,,0.0,2.0,3.0,A01,138Â 289Â 563,1.0
967538,201900009069,11,21,11:00,1,2,1,1.0,6.0,78220,BOURBONNERIE (RUE DE LA),M,"48,7165180","1,8936720",78,2019,50.0,1.0,1.0,4.0,2162658,10.0,3,3,2,5.0,,3.0,3,1942.0,A01,138Â 289Â 561,0.0,-1.0,-1.0,1651236,1.0,7,,0.0,1.0,2.0,A01,138Â 289Â 561,1.0
967538,201900009069,11,21,11:00,1,2,1,1.0,6.0,78220,BOURBONNERIE (RUE DE LA),M,"48,7165180","1,8936720",78,2019,50.0,1.0,1.0,4.0,2162659,1.0,1,1,2,3.0,,-1.0,0,1937.0,A01,138Â 289Â 561,1.0,8.0,-1.0,1651236,1.0,7,,0.0,1.0,2.0,A01,138Â 289Â 561,1.0
967539,201900009070,11,22,19:20,5,1,1,1.0,4.0,78624,RD1,M,"48,9685990","2,0113150",78,2019,50.0,1.0,1.0,3.0,2162660,1.0,1,4,2,0.0,,-1.0, -1,1993.0,C01,138Â 289Â 558,1.0,0.0,-1.0,1651237,3.0,7,,0.0,2.0,4.0,C01,138Â 289Â 558,0.0
967539,201900009070,11,22,19:20,5,1,1,1.0,4.0,78624,RD1,M,"48,9685990","2,0113150",78,2019,50.0,1.0,1.0,3.0,2162660,1.0,1,4,2,0.0,,-1.0, -1,1993.0,C01,138Â 289Â 558,1.0,0.0,-1.0,1651238,3.0,7,,0.0,2.0,4.0,B01,138Â 289Â 559,0.0
967539,201900009070,11,22,19:20,5,1,1,1.0,4.0,78624,RD1,M,"48,9685990","2,0113150",78,2019,50.0,1.0,1.0,3.0,2162660,1.0,1,4,2,0.0,,-1.0, -1,1993.0,C01,138Â 289Â 558,1.0,0.0,-1.0,1651239,3.0,7,,0.0,2.0,1.0,A01,138Â 289Â 560,0.0
967539,201900009070,11,22,19:20,5,1,1,1.0,4.0,78624,RD1,M,"48,9685990","2,0113150",78,2019,50.0,1.0,1.0,3.0,2162661,1.0,1,1,1,0.0,,-1.0, -1,1991.0,B01,138Â 289Â 559,1.0,0.0,-1.0,1651237,3.0,7,,0.0,2.0,4.0,C01,138Â 289Â 558,0.0
967539,201900009070,11,22,19:20,5,1,1,1.0,4.0,78624,RD1,M,"48,9685990","2,0113150",78,2019,50.0,1.0,1.0,3.0,2162661,1.0,1,1,1,0.0,,-1.0, -1,1991.0,B01,138Â 289Â 559,1.0,0.0,-1.0,1651238,3.0,7,,0.0,2.0,4.0,B01,138Â 289Â 559,0.0
967539,201900009070,11,22,19:20,5,1,1,1.0,4.0,78624,RD1,M,"48,9685990","2,0113150",78,2019,50.0,1.0,1.0,3.0,2162661,1.0,1,1,1,0.0,,-1.0, -1,1991.0,B01,138Â 289Â 559,1.0,0.0,-1.0,1651239,3.0,7,,0.0,2.0,1.0,A01,138Â 289Â 560,0.0
967539,201900009070,11,22,19:20,5,1,1,1.0,4.0,78624,RD1,M,"48,9685990","2,0113150",78,2019,50.0,1.0,1.0,3.0,2162662,1.0,1,1,1,1.0,,0.0,0,1951.0,A01,138Â 289Â 560,1.0,-1.0,-1.0,1651237,3.0,7,,0.0,2.0,4.0,C01,138Â 289Â 558,0.0
967539,201900009070,11,22,19:20,5,1,1,1.0,4.0,78624,RD1,M,"48,9685990","2,0113150",78,2019,50.0,1.0,1.0,3.0,2162662,1.0,1,1,1,1.0,,0.0,0,1951.0,A01,138Â 289Â 560,1.0,-1.0,-1.0,1651238,3.0,7,,0.0,2.0,4.0,B01,138Â 289Â 559,0.0
967539,201900009070,11,22,19:20,5,1,1,1.0,4.0,78624,RD1,M,"48,9685990","2,0113150",78,2019,50.0,1.0,1.0,3.0,2162662,1.0,1,1,1,1.0,,0.0,0,1951.0,A01,138Â 289Â 560,1.0,-1.0,-1.0,1651239,3.0,7,,0.0,2.0,1.0,A01,138Â 289Â 560,0.0
967540,201900009071,11,20,14:40,1,2,1,1.0,6.0,77468,PARIS (RUE DE),M,"48,8502500","2,6476600",77,2019,30.0,1.0,1.0,4.0,2162663,10.0,3,3,1,2.0,,1.0,3,2005.0,A01,138Â 289Â 554,0.0,-1.0,-1.0,1651240,1.0,7,,0.0,1.0,3.0,A01,138Â 289Â 554,1.0
967540,201900009071,11,20,14:40,1,2,1,1.0,6.0,77468,PARIS (RUE DE),M,"48,8502500","2,6476600",77,2019,30.0,1.0,1.0,4.0,2162664,1.0,1,1,1,5.0,,-1.0, -1,1942.0,A01,138Â 289Â 554,1.0,0.0,-1.0,1651240,1.0,7,,0.0,1.0,3.0,A01,138Â 289Â 554,1.0
967541,201900009072,11,20,14:05,1,2,3,1.0,6.0,77468,LINGENFELD (AVENUE DE),M,"48,8504700","2,6493800",77,2019,30.0,1.0,1.0,4.0,2162665,1.0,1,1,2,5.0,,-1.0, -1,1941.0,A01,138Â 289Â 553,1.0,0.0,-1.0,1651241,1.0,7,,0.0,1.0,1.0,A01,138Â 289Â 553,1.0
967541,201900009072,11,20,14:05,1,2,3,1.0,6.0,77468,LINGENFELD (AVENUE DE),M,"48,8504700","2,6493800",77,2019,30.0,1.0,1.0,4.0,2162666,10.0,3,4,2,5.0,,4.0,3,2004.0,A01,138Â 289Â 553,0.0,-1.0,-1.0,1651241,1.0,7,,0.0,1.0,1.0,A01,138Â 289Â 553,1.0
967542,201900009073,11,21,19:20,4,1,1,1.0,3.0,76575,ROUSSEAU. RUE JEAN JACQUES,M,"49,3811200","1,1097500",76,2019,50.0,1.0,1.0,4.0,2162667,1.0,1,1,1,0.0,,0.0,0,1982.0,B01,138Â 289Â 551,1.0,0.0,-1.0,1651242,3.0,7,,0.0,2.0,1.0,B01,138Â 289Â 551,1.0
967542,201900009073,11,21,19:20,4,1,1,1.0,3.0,76575,ROUSSEAU. RUE JEAN JACQUES,M,"49,3811200","1,1097500",76,2019,50.0,1.0,1.0,4.0,2162667,1.0,1,1,1,0.0,,0.0,0,1982.0,B01,138Â 289Â 551,1.0,0.0,-1.0,1651243,3.0,30,,0.0,2.0,1.0,A01,138Â 289Â 552,1.0
967542,201900009073,11,21,19:20,4,1,1,1.0,3.0,76575,ROUSSEAU. RUE JEAN JACQUES,M,"49,3811200","1,1097500",76,2019,50.0,1.0,1.0,4.0,2162668,1.0,1,4,1,0.0,,0.0,0,2002.0,A01,138Â 289Â 552,2.0,6.0,-1.0,1651242,3.0,7,,0.0,2.0,1.0,B01,138Â 289Â 551,1.0
967542,201900009073,11,21,19:20,4,1,1,1.0,3.0,76575,ROUSSEAU. RUE JEAN JACQUES,M,"49,3811200","1,1097500",76,2019,50.0,1.0,1.0,4.0,2162668,1.0,1,4,1,0.0,,0.0,0,2002.0,A01,138Â 289Â 552,2.0,6.0,-1.0,1651243,3.0,30,,0.0,2.0,1.0,A01,138Â 289Â 552,1.0
967542,201900009073,11,21,19:20,4,1,1,1.0,3.0,76575,ROUSSEAU. RUE JEAN JACQUES,M,"49,3811200","1,1097500",76,2019,50.0,1.0,1.0,4.0,2162669,2.0,2,4,1,0.0,,0.0,0,2003.0,A01,138Â 289Â 552,2.0,0.0,-1.0,1651242,3.0,7,,0.0,2.0,1.0,B01,138Â 289Â 551,1.0
967542,201900009073,11,21,19:20,4,1,1,1.0,3.0,76575,ROUSSEAU. RUE JEAN JACQUES,M,"49,3811200","1,1097500",76,2019,50.0,1.0,1.0,4.0,2162669,2.0,2,4,1,0.0,,0.0,0,2003.0,A01,138Â 289Â 552,2.0,0.0,-1.0,1651243,3.0,30,,0.0,2.0,1.0,A01,138Â 289Â 552,1.0
967543,201900009074,11,22,14:15,1,2,1,1.0,6.0,72181,Robert Jarry (Bd),M,"47,9970500","0,1895200",72,2019,50.0,1.0,1.0,4.0,2162670,10.0,3,4,1,0.0,,3.0,3,1999.0,A01,138Â 289Â 547,8.0,0.0,-1.0,1651244,1.0,7,,0.0,1.0,1.0,A01,138Â 289Â 547,1.0
967543,201900009074,11,22,14:15,1,2,1,1.0,6.0,72181,Robert Jarry (Bd),M,"47,9970500","0,1895200",72,2019,50.0,1.0,1.0,4.0,2162671,1.0,1,1,1,0.0,,-1.0,0,1981.0,A01,138Â 289Â 547,1.0,0.0,-1.0,1651244,1.0,7,,0.0,1.0,1.0,A01,138Â 289Â 547,1.0
967544,201900009075,11,20,18:25,5,2,1,5.0,3.0,71076,HERRIOT (AVENUE EDOUARD),M,"46,7996400","4,8684000",71,2019,50.0,1.0,1.0,4.0,2162672,1.0,1,3,1,1.0,,0.0,0,1986.0,B01,138Â 289Â 545,2.0,0.0,-1.0,1651245,3.0,31,,0.0,2.0,1.0,B01,138Â 289Â 545,0.0
967544,201900009075,11,20,18:25,5,2,1,5.0,3.0,71076,HERRIOT (AVENUE EDOUARD),M,"46,7996400","4,8684000",71,2019,50.0,1.0,1.0,4.0,2162672,1.0,1,3,1,1.0,,0.0,0,1986.0,B01,138Â 289Â 545,2.0,0.0,-1.0,1651246,3.0,7,,0.0,2.0,7.0,A01,138Â 289Â 546,1.0
967544,201900009075,11,20,18:25,5,2,1,5.0,3.0,71076,HERRIOT (AVENUE EDOUARD),M,"46,7996400","4,8684000",71,2019,50.0,1.0,1.0,4.0,2162673,1.0,1,1,2,0.0,,0.0,0,1977.0,A01,138Â 289Â 546,8.0,0.0,-1.0,1651245,3.0,31,,0.0,2.0,1.0,B01,138Â 289Â 545,0.0
967544,201900009075,11,20,18:25,5,2,1,5.0,3.0,71076,HERRIOT (AVENUE EDOUARD),M,"46,7996400","4,8684000",71,2019,50.0,1.0,1.0,4.0,2162673,1.0,1,1,2,0.0,,0.0,0,1977.0,A01,138Â 289Â 546,8.0,0.0,-1.0,1651246,3.0,7,,0.0,2.0,7.0,A01,138Â 289Â 546,1.0
967545,201900009076,11,22,15:40,1,2,3,1.0,6.0,69266,SCHMIDT        (Rue),M,"45,7777400","4,8743600",69,2019,50.0,1.0,1.0,4.0,2162674,10.0,3,4,2,9.0,,2.0,3,1928.0,A01,138Â 289Â 544,0.0,-1.0,-1.0,1651247,1.0,7,,0.0,1.0,2.0,A01,138Â 289Â 544,0.0
967545,201900009076,11,22,15:40,1,2,3,1.0,6.0,69266,SCHMIDT        (Rue),M,"45,7777400","4,8743600",69,2019,50.0,1.0,1.0,4.0,2162675,1.0,1,1,1,5.0,,-1.0, -1,1944.0,A01,138Â 289Â 544,1.0,0.0,-1.0,1651247,1.0,7,,0.0,1.0,2.0,A01,138Â 289Â 544,0.0
967546,201900009077,11,21,20:35,4,2,1,2.0,2.0,69266,LAURENT BONNEVAY    (Boulevard),M,"45,7851500","4,8695000",69,2019,70.0,1.0,2.0,4.0,2162676,1.0,1,1,1,9.0,,-1.0, -1,1997.0,A01,138Â 289Â 542,1.0,0.0,-1.0,1651248,3.0,7,,0.0,2.0,1.0,A01,138Â 289Â 542,6.0
967546,201900009077,11,21,20:35,4,2,1,2.0,2.0,69266,LAURENT BONNEVAY    (Boulevard),M,"45,7851500","4,8695000",69,2019,70.0,1.0,2.0,4.0,2162676,1.0,1,1,1,9.0,,-1.0, -1,1997.0,A01,138Â 289Â 542,1.0,0.0,-1.0,1651249,3.0,7,,0.0,9.0,4.0,B01,138Â 289Â 543,6.0
967546,201900009077,11,21,20:35,4,2,1,2.0,2.0,69266,LAURENT BONNEVAY    (Boulevard),M,"45,7851500","4,8695000",69,2019,70.0,1.0,2.0,4.0,2162677,1.0,1,4,1,9.0,,-1.0, -1,1970.0,B01,138Â 289Â 543,1.0,0.0,-1.0,1651248,3.0,7,,0.0,2.0,1.0,A01,138Â 289Â 542,6.0
967546,201900009077,11,21,20:35,4,2,1,2.0,2.0,69266,LAURENT BONNEVAY    (Boulevard),M,"45,7851500","4,8695000",69,2019,70.0,1.0,2.0,4.0,2162677,1.0,1,4,1,9.0,,-1.0, -1,1970.0,B01,138Â 289Â 543,1.0,0.0,-1.0,1651249,3.0,7,,0.0,9.0,4.0,B01,138Â 289Â 543,6.0
967547,201900009078,11,21,22:35,5,2,1,3.0,6.0,69256,BOLHEN   (DE)                        (AV,M,"45,7665400","4,9303000",69,2019,50.0,1.0,2.0,4.0,2162678,10.0,3,4,1,5.0,,1.0,3,1982.0,A01,138Â 289Â 541,8.0,0.0,-1.0,1651250,1.0,7,,0.0,1.0,1.0,A01,138Â 289Â 541,1.0
967547,201900009078,11,21,22:35,5,2,1,3.0,6.0,69256,BOLHEN   (DE)                        (AV,M,"45,7665400","4,9303000",69,2019,50.0,1.0,2.0,4.0,2162679,1.0,1,1,2,5.0,,0.0,0,1997.0,A01,138Â 289Â 541,1.0,0.0,-1.0,1651250,1.0,7,,0.0,1.0,1.0,A01,138Â 289Â 541,1.0
967548,201900009079,11,20,07:10,2,2,3,1.0,6.0,69290,ANATOLE FRANCE                      (R ),M,"45,6908100","4,9369000",69,2019,30.0,1.0,1.0,4.0,2162680,1.0,1,4,2,1.0,,0.0,0,1957.0,A01,138Â 289Â 540,8.0,0.0,-1.0,1651251,2.0,7,,0.0,1.0,3.0,A01,138Â 289Â 540,1.0
967548,201900009079,11,20,07:10,2,2,3,1.0,6.0,69290,ANATOLE FRANCE                      (R ),M,"45,6908100","4,9369000",69,2019,30.0,1.0,1.0,4.0,2162681,10.0,3,1,1,0.0,,2.0,3,1957.0,A01,138Â 289Â 540,8.0,0.0,-1.0,1651251,2.0,7,,0.0,1.0,3.0,A01,138Â 289Â 540,1.0
967549,201900009080,11,21,10:55,1,2,1,1.0,6.0,69091,ANNE FRANCK ( R ),M,"45,6028400","4,7633400",69,2019,50.0,1.0,1.0,6.0,2162682,10.0,3,4,1,5.0,,3.0,3,2010.0,A01,138Â 289Â 539,8.0,0.0,-1.0,1651252,2.0,7,,0.0,1.0,1.0,A01,138Â 289Â 539,1.0
967550,201900009081,10,29,12:14,1,2,1,1.0,5.0,68066,ST JOSEPH (RUE),M,"48,0000000","7,3569790",68,2019,50.0,1.0,1.0,4.0,2162683,1.0,1,1,1,4.0,,-1.0,0,1958.0,D01,138Â 289Â 533,1.0,0.0,-1.0,1651253,3.0,7,,1.0,2.0,5.0,D01,138Â 289Â 533,1.0
967550,201900009081,10,29,12:14,1,2,1,1.0,5.0,68066,ST JOSEPH (RUE),M,"48,0000000","7,3569790",68,2019,50.0,1.0,1.0,4.0,2162683,1.0,1,1,1,4.0,,-1.0,0,1958.0,D01,138Â 289Â 533,1.0,0.0,-1.0,1651254,2.0,7,,0.0,2.0,1.0,C01,138Â 289Â 534,1.0
967550,201900009081,10,29,12:14,1,2,1,1.0,5.0,68066,ST JOSEPH (RUE),M,"48,0000000","7,3569790",68,2019,50.0,1.0,1.0,4.0,2162683,1.0,1,1,1,4.0,,-1.0,0,1958.0,D01,138Â 289Â 533,1.0,0.0,-1.0,1651255,2.0,10,,0.0,2.0,8.0,B01,138Â 289Â 535,1.0
967550,201900009081,10,29,12:14,1,2,1,1.0,5.0,68066,ST JOSEPH (RUE),M,"48,0000000","7,3569790",68,2019,50.0,1.0,1.0,4.0,2162683,1.0,1,1,1,4.0,,-1.0,0,1958.0,D01,138Â 289Â 533,1.0,0.0,-1.0,1651256,1.0,7,,1.0,2.0,2.0,A01,138Â 289Â 536,1.0
967550,201900009081,10,29,12:14,1,2,1,1.0,5.0,68066,ST JOSEPH (RUE),M,"48,0000000","7,3569790",68,2019,50.0,1.0,1.0,4.0,2162684,1.0,1,1,2,5.0,,-1.0,0,1952.0,C01,138Â 289Â 534,1.0,0.0,-1.0,1651253,3.0,7,,1.0,2.0,5.0,D01,138Â 289Â 533,1.0
967550,201900009081,10,29,12:14,1,2,1,1.0,5.0,68066,ST JOSEPH (RUE),M,"48,0000000","7,3569790",68,2019,50.0,1.0,1.0,4.0,2162684,1.0,1,1,2,5.0,,-1.0,0,1952.0,C01,138Â 289Â 534,1.0,0.0,-1.0,1651254,2.0,7,,0.0,2.0,1.0,C01,138Â 289Â 534,1.0
967550,201900009081,10,29,12:14,1,2,1,1.0,5.0,68066,ST JOSEPH (RUE),M,"48,0000000","7,3569790",68,2019,50.0,1.0,1.0,4.0,2162684,1.0,1,1,2,5.0,,-1.0,0,1952.0,C01,138Â 289Â 534,1.0,0.0,-1.0,1651255,2.0,10,,0.0,2.0,8.0,B01,138Â 289Â 535,1.0
967550,201900009081,10,29,12:14,1,2,1,1.0,5.0,68066,ST JOSEPH (RUE),M,"48,0000000","7,3569790",68,2019,50.0,1.0,1.0,4.0,2162684,1.0,1,1,2,5.0,,-1.0,0,1952.0,C01,138Â 289Â 534,1.0,0.0,-1.0,1651256,1.0,7,,1.0,2.0,2.0,A01,138Â 289Â 536,1.0