Unnamed: 0_x,num_acc,mois,jour,hrmn,lum,agg,int,atm,col,com,adr,gps,lat,long,dep,annee,vma,situ,surf,catr,Unnamed: 0_y,place,catu,grav,sexe,trajet,secu,locp,actp,an_nais,num_veh_x,id_vehicule_x,secu1,secu2,secu3,Unnamed: 0,senc,catv,occutc,obs,obsm,choc,num_veh_y,id_vehicule_y,motor
967550,201900009081,10,29,12:14,1,2,1,1.0,5.0,68066,ST JOSEPH (RUE),M,"48,0000000","7,3569790",68,2019,50.0,1.0,1.0,4.0,2162685,1.0,1,1,1,4.0,,-1.0,0,1967.0,B01,138Â 289Â 535,1.0,0.0,-1.0,1651253,3.0,7,,1.0,2.0,5.0,D01,138Â 289Â 533,1.0
967550,201900009081,10,29,12:14,1,2,1,1.0,5.0,68066,ST JOSEPH (RUE),M,"48,0000000","7,3569790",68,2019,50.0,1.0,1.0,4.0,2162685,1.0,1,1,1,4.0,,-1.0,0,1967.0,B01,138Â 289Â 535,1.0,0.0,-1.0,1651254,2.0,7,,0.0,2.0,1.0,C01,138Â 289Â 534,1.0
967550,201900009081,10,29,12:14,1,2,1,1.0,5.0,68066,ST JOSEPH (RUE),M,"48,0000000","7,3569790",68,2019,50.0,1.0,1.0,4.0,2162685,1.0,1,1,1,4.0,,-1.0,0,1967.0,B01,138Â 289Â 535,1.0,0.0,-1.0,1651255,2.0,10,,0.0,2.0,8.0,B01,138Â 289Â 535,1.0
967550,201900009081,10,29,12:14,1,2,1,1.0,5.0,68066,ST JOSEPH (RUE),M,"48,0000000","7,3569790",68,2019,50.0,1.0,1.0,4.0,2162685,1.0,1,1,1,4.0,,-1.0,0,1967.0,B01,138Â 289Â 535,1.0,0.0,-1.0,1651256,1.0,7,,1.0,2.0,2.0,A01,138Â 289Â 536,1.0
967550,201900009081,10,29,12:14,1,2,1,1.0,5.0,68066,ST JOSEPH (RUE),M,"48,0000000","7,3569790",68,2019,50.0,1.0,1.0,4.0,2162686,2.0,2,4,2,0.0,,-1.0,0,1992.0,A01,138Â 289Â 536,8.0,0.0,-1.0,1651253,3.0,7,,1.0,2.0,5.0,D01,138Â 289Â 533,1.0
967550,201900009081,10,29,12:14,1,2,1,1.0,5.0,68066,ST JOSEPH (RUE),M,"48,0000000","7,3569790",68,2019,50.0,1.0,1.0,4.0,2162686,2.0,2,4,2,0.0,,-1.0,0,1992.0,A01,138Â 289Â 536,8.0,0.0,-1.0,1651254,2.0,7,,0.0,2.0,1.0,C01,138Â 289Â 534,1.0
967550,201900009081,10,29,12:14,1,2,1,1.0,5.0,68066,ST JOSEPH (RUE),M,"48,0000000","7,3569790",68,2019,50.0,1.0,1.0,4.0,2162686,2.0,2,4,2,0.0,,-1.0,0,1992.0,A01,138Â 289Â 536,8.0,0.0,-1.0,1651255,2.0,10,,0.0,2.0,8.0,B01,138Â 289Â 535,1.0
967550,201900009081,10,29,12:14,1,2,1,1.0,5.0,68066,ST JOSEPH (RUE),M,"48,0000000","7,3569790",68,2019,50.0,1.0,1.0,4.0,2162686,2.0,2,4,2,0.0,,-1.0,0,1992.0,A01,138Â 289Â 536,8.0,0.0,-1.0,1651256,1.0,7,,1.0,2.0,2.0,A01,138Â 289Â 536,1.0
967550,201900009081,10,29,12:14,1,2,1,1.0,5.0,68066,ST JOSEPH (RUE),M,"48,0000000","7,3569790",68,2019,50.0,1.0,1.0,4.0,2162687,2.0,2,1,2,4.0,,-1.0,0,1993.0,A01,138Â 289Â 536,1.0,0.0,-1.0,1651253,3.0,7,,1.0,2.0,5.0,D01,138Â 289Â 533,1.0
967550,201900009081,10,29,12:14,1,2,1,1.0,5.0,68066,ST JOSEPH (RUE),M,"48,0000000","7,3569790",68,2019,50.0,1.0,1.0,4.0,2162687,2.0,2,1,2,4.0,,-1.0,0,1993.0,A01,138Â 289Â 536,1.0,0.0,-1.0,1651254,2.0,7,,0.0,2.0,1.0,C01,138Â 289Â 534,1.0
967550,201900009081,10,29,12:14,1,2,1,1.0,5.0,68066,ST JOSEPH (RUE),M,"48,0000000","7,3569790",68,2019,50.0,1.0,1.0,4.0,2162687,2.0,2,1,2,4.0,,-1.0,0,1993.0,A01,138Â 289Â 536,1.0,0.0,-1.0,1651255,2.0,10,,0.0,2.0,8.0,B01,138Â 289Â 535,1.0
967550,201900009081,10,29,12:14,1,2,1,1.0,5.0,68066,ST JOSEPH (RUE),M,"48,0000000","7,3569790",68,2019,50.0,1.0,1.0,4.0,2162687,2.0,2,1,2,4.0,,-1.0,0,1993.0,A01,138Â 289Â 536,1.0,0.0,-1.0,1651256,1.0,7,,1.0,2.0,2.0,A01,138Â 289Â 536,1.0
967550,201900009081,10,29,12:14,1,2,1,1.0,5.0,68066,ST JOSEPH (RUE),M,"48,0000000","7,3569790",68,2019,50.0,1.0,1.0,4.0,2162688,2.0,2,1,2,4.0,,-1.0,0,2001.0,A01,138Â 289Â 536,1.0,0.0,-1.0,1651253,3.0,7,,1.0,2.0,5.0,D01,138Â 289Â 533,1.0
967550,201900009081,10,29,12:14,1,2,1,1.0,5.0,68066,ST JOSEPH (RUE),M,"48,0000000","7,3569790",68,2019,50.0,1.0,1.0,4.0,2162688,2.0,2,1,2,4.0,,-1.0,0,2001.0,A01,138Â 289Â 536,1.0,0.0,-1.0,1651254,2.0,7,,0.0,2.0,1.0,C01,138Â 289Â 534,1.0
967550,201900009081,10,29,12:14,1,2,1,1.0,5.0,68066,ST JOSEPH (RUE),M,"48,0000000","7,3569790",68,2019,50.0,1.0,1.0,4.0,2162688,2.0,2,1,2,4.0,,-1.0,0,2001.0,A01,138Â 289Â 536,1.0,0.0,-1.0,1651255,2.0,10,,0.0,2.0,8.0,B01,138Â 289Â 535,1.0
967550,201900009081,10,29,12:14,1,2,1,1.0,5.0,68066,ST JOSEPH (RUE),M,"48,0000000","7,3569790",68,2019,50.0,1.0,1.0,4.0,2162688,2.0,2,1,2,4.0,,-1.0,0,2001.0,A01,138Â 289Â 536,1.0,0.0,-1.0,1651256,1.0,7,,1.0,2.0,2.0,A01,138Â 289Â 536,1.0
967550,201900009081,10,29,12:14,1,2,1,1.0,5.0,68066,ST JOSEPH (RUE),M,"48,0000000","7,3569790",68,2019,50.0,1.0,1.0,4.0,2162689,1.0,1,1,1,4.0,,-1.0,0,1993.0,A01,138Â 289Â 536,1.0,0.0,-1.0,1651253,3.0,7,,1.0,2.0,5.0,D01,138Â 289Â 533,1.0
967550,201900009081,10,29,12:14,1,2,1,1.0,5.0,68066,ST JOSEPH (RUE),M,"48,0000000","7,3569790",68,2019,50.0,1.0,1.0,4.0,2162689,1.0,1,1,1,4.0,,-1.0,0,1993.0,A01,138Â 289Â 536,1.0,0.0,-1.0,1651254,2.0,7,,0.0,2.0,1.0,C01,138Â 289Â 534,1.0
967550,201900009081,10,29,12:14,1,2,1,1.0,5.0,68066,ST JOSEPH (RUE),M,"48,0000000","7,3569790",68,2019,50.0,1.0,1.0,4.0,2162689,1.0,1,1,1,4.0,,-1.0,0,1993.0,A01,138Â 289Â 536,1.0,0.0,-1.0,1651255,2.0,10,,0.0,2.0,8.0,B01,138Â 289Â 535,1.0
967550,201900009081,10,29,12:14,1,2,1,1.0,5.0,68066,ST JOSEPH (RUE),M,"48,0000000","7,3569790",68,2019,50.0,1.0,1.0,4.0,2162689,1.0,1,1,1,4.0,,-1.0,0,1993.0,A01,138Â 289Â 536,1.0,0.0,-1.0,1651256,1.0,7,,1.0,2.0,2.0,A01,138Â 289Â 536,1.0
967551,201900009082,11,22,04:50,5,2,1,1.0,3.0,67482,MARCHE GARE (RUE DU),M,"48,5964000","7,7387700",67,2019,50.0,1.0,1.0,4.0,2162690,2.0,2,1,1,4.0,,-1.0,0,1992.0,B01,138Â 289Â 531,1.0,8.0,-1.0,1651257,2.0,10,,0.0,2.0,8.0,B01,138Â 289Â 531,1.0
967551,201900009082,11,22,04:50,5,2,1,1.0,3.0,67482,MARCHE GARE (RUE DU),M,"48,5964000","7,7387700",67,2019,50.0,1.0,1.0,4.0,2162690,2.0,2,1,1,4.0,,-1.0,0,1992.0,B01,138Â 289Â 531,1.0,8.0,-1.0,1651258,1.0,14,,0.0,2.0,3.0,A01,138Â 289Â 532,1.0
967551,201900009082,11,22,04:50,5,2,1,1.0,3.0,67482,MARCHE GARE (RUE DU),M,"48,5964000","7,7387700",67,2019,50.0,1.0,1.0,4.0,2162691,1.0,1,1,1,0.0,,-1.0,0,1975.0,B01,138Â 289Â 531,1.0,0.0,-1.0,1651257,2.0,10,,0.0,2.0,8.0,B01,138Â 289Â 531,1.0
967551,201900009082,11,22,04:50,5,2,1,1.0,3.0,67482,MARCHE GARE (RUE DU),M,"48,5964000","7,7387700",67,2019,50.0,1.0,1.0,4.0,2162691,1.0,1,1,1,0.0,,-1.0,0,1975.0,B01,138Â 289Â 531,1.0,0.0,-1.0,1651258,1.0,14,,0.0,2.0,3.0,A01,138Â 289Â 532,1.0
967551,201900009082,11,22,04:50,5,2,1,1.0,3.0,67482,MARCHE GARE (RUE DU),M,"48,5964000","7,7387700",67,2019,50.0,1.0,1.0,4.0,2162692,1.0,1,4,1,0.0,,-1.0,0,1980.0,A01,138Â 289Â 532,1.0,8.0,-1.0,1651257,2.0,10,,0.0,2.0,8.0,B01,138Â 289Â 531,1.0
967551,201900009082,11,22,04:50,5,2,1,1.0,3.0,67482,MARCHE GARE (RUE DU),M,"48,5964000","7,7387700",67,2019,50.0,1.0,1.0,4.0,2162692,1.0,1,4,1,0.0,,-1.0,0,1980.0,A01,138Â 289Â 532,1.0,8.0,-1.0,1651258,1.0,14,,0.0,2.0,3.0,A01,138Â 289Â 532,1.0
967552,201900009083,11,20,18:02,2,2,1,1.0,3.0,66136,VIELLEDENT (JEAN),M,"42,6948700","2,9010500",66,2019,50.0,1.0,1.0,4.0,2162693,1.0,1,1,2,9.0,,-1.0, -1,1984.0,B01,138Â 289Â 529,1.0,0.0,-1.0,1651259,2.0,7,,0.0,2.0,3.0,B01,138Â 289Â 529,1.0
967552,201900009083,11,20,18:02,2,2,1,1.0,3.0,66136,VIELLEDENT (JEAN),M,"42,6948700","2,9010500",66,2019,50.0,1.0,1.0,4.0,2162693,1.0,1,1,2,9.0,,-1.0, -1,1984.0,B01,138Â 289Â 529,1.0,0.0,-1.0,1651260,2.0,30,,0.0,2.0,1.0,A01,138Â 289Â 530,1.0
967552,201900009083,11,20,18:02,2,2,1,1.0,3.0,66136,VIELLEDENT (JEAN),M,"42,6948700","2,9010500",66,2019,50.0,1.0,1.0,4.0,2162694,1.0,1,4,1,9.0,,-1.0, -1,2000.0,A01,138Â 289Â 530,2.0,0.0,-1.0,1651259,2.0,7,,0.0,2.0,3.0,B01,138Â 289Â 529,1.0
967552,201900009083,11,20,18:02,2,2,1,1.0,3.0,66136,VIELLEDENT (JEAN),M,"42,6948700","2,9010500",66,2019,50.0,1.0,1.0,4.0,2162694,1.0,1,4,1,9.0,,-1.0, -1,2000.0,A01,138Â 289Â 530,2.0,0.0,-1.0,1651260,2.0,30,,0.0,2.0,1.0,A01,138Â 289Â 530,1.0
967553,201900009084,11,22,18:35,4,2,1,8.0,6.0,64348,EUROPE DE L',M,"43,3168318"," -0,3949307",64,2019,50.0,1.0,1.0,3.0,2162695,1.0,1,1,1,9.0,,-1.0,0,1973.0,A01,138Â 289Â 528,1.0,0.0,-1.0,1651261,2.0,7,,0.0,1.0,1.0,A01,138Â 289Â 528,1.0
967553,201900009084,11,22,18:35,4,2,1,8.0,6.0,64348,EUROPE DE L',M,"43,3168318"," -0,3949307",64,2019,50.0,1.0,1.0,3.0,2162696,10.0,3,3,2,5.0,,2.0,3,1960.0,A01,138Â 289Â 528,0.0,-1.0,-1.0,1651261,2.0,7,,0.0,1.0,1.0,A01,138Â 289Â 528,1.0
967554,201900009085,11,22,11:35,1,2,1,8.0,6.0,64445,PASTEUR,M,"43,3019580"," -0,3715559",64,2019,50.0,1.0,1.0,4.0,2162697,10.0,3,4,2,5.0,,2.0,3,1940.0,A01,138Â 289Â 527,0.0,-1.0,-1.0,1651262,1.0,7,,0.0,1.0,1.0,A01,138Â 289Â 527,1.0
967554,201900009085,11,22,11:35,1,2,1,8.0,6.0,64445,PASTEUR,M,"43,3019580"," -0,3715559",64,2019,50.0,1.0,1.0,4.0,2162698,1.0,1,1,1,4.0,,-1.0,0,1971.0,A01,138Â 289Â 527,1.0,8.0,-1.0,1651262,1.0,7,,0.0,1.0,1.0,A01,138Â 289Â 527,1.0
967555,201900009086,11,21,18:10,5,2,3,1.0,1.0,64445,LARRIBAU,M,"43,3147000"," -0,3244000",64,2019,50.0,1.0,1.0,4.0,2162699,1.0,1,1,2,0.0,,-1.0,0,1987.0,A01,138Â 289Â 525,1.0,0.0,-1.0,1651263,2.0,7,,0.0,2.0,1.0,A01,138Â 289Â 525,1.0
967555,201900009086,11,21,18:10,5,2,3,1.0,1.0,64445,LARRIBAU,M,"43,3147000"," -0,3244000",64,2019,50.0,1.0,1.0,4.0,2162699,1.0,1,1,2,0.0,,-1.0,0,1987.0,A01,138Â 289Â 525,1.0,0.0,-1.0,1651264,1.0,7,,0.0,2.0,1.0,B01,138Â 289Â 526,1.0
967555,201900009086,11,21,18:10,5,2,3,1.0,1.0,64445,LARRIBAU,M,"43,3147000"," -0,3244000",64,2019,50.0,1.0,1.0,4.0,2162700,1.0,1,4,2,0.0,,-1.0,0,1997.0,B01,138Â 289Â 526,1.0,0.0,-1.0,1651263,2.0,7,,0.0,2.0,1.0,A01,138Â 289Â 525,1.0
967555,201900009086,11,21,18:10,5,2,3,1.0,1.0,64445,LARRIBAU,M,"43,3147000"," -0,3244000",64,2019,50.0,1.0,1.0,4.0,2162700,1.0,1,4,2,0.0,,-1.0,0,1997.0,B01,138Â 289Â 526,1.0,0.0,-1.0,1651264,1.0,7,,0.0,2.0,1.0,B01,138Â 289Â 526,1.0
967556,201900009087,11,1,05:00,5,2,1,2.0,6.0,64122,BAB(BOULEVARD),M,"43,4681853"," -1,5420630",64,2019,70.0,1.0,2.0,3.0,2162701,1.0,1,2,1,5.0,,0.0,0,1974.0,A01,138Â 289Â 524,2.0,-1.0,-1.0,1651265,1.0,32,,8.0,0.0,8.0,A01,138Â 289Â 524,1.0
967557,201900009088,11,21,14:25,1,2,1,1.0,7.0,64024,BUTTE AUX CAILLES (ROND POINT DE LA),M,"43,4969930"," -1,5097400",64,2019,50.0,1.0,1.0,4.0,2162702,1.0,1,4,1,5.0,,0.0,0,1948.0,A01,138Â 289Â 523,2.0,6.0,-1.0,1651266,3.0,32,,0.0,0.0,0.0,A01,138Â 289Â 523,1.0
967558,201900009089,11,20,10:30,1,2,6,1.0,3.0,64102,ALSACE LORRAINE (BOULEVARD),M,"43,4917000"," -1,4639100",64,2019,50.0,1.0,1.0,4.0,2162703,1.0,1,1,2,5.0,,-1.0,0,1965.0,B01,138Â 289Â 521,1.0,0.0,-1.0,1651267,3.0,7,,0.0,0.0,0.0,B01,138Â 289Â 521,1.0
967558,201900009089,11,20,10:30,1,2,6,1.0,3.0,64102,ALSACE LORRAINE (BOULEVARD),M,"43,4917000"," -1,4639100",64,2019,50.0,1.0,1.0,4.0,2162703,1.0,1,1,2,5.0,,-1.0,0,1965.0,B01,138Â 289Â 521,1.0,0.0,-1.0,1651268,3.0,32,,0.0,0.0,8.0,A01,138Â 289Â 522,1.0
967558,201900009089,11,20,10:30,1,2,6,1.0,3.0,64102,ALSACE LORRAINE (BOULEVARD),M,"43,4917000"," -1,4639100",64,2019,50.0,1.0,1.0,4.0,2162704,1.0,1,4,1,5.0,,-1.0,0,1988.0,A01,138Â 289Â 522,2.0,6.0,-1.0,1651267,3.0,7,,0.0,0.0,0.0,B01,138Â 289Â 521,1.0
967558,201900009089,11,20,10:30,1,2,6,1.0,3.0,64102,ALSACE LORRAINE (BOULEVARD),M,"43,4917000"," -1,4639100",64,2019,50.0,1.0,1.0,4.0,2162704,1.0,1,4,1,5.0,,-1.0,0,1988.0,A01,138Â 289Â 522,2.0,6.0,-1.0,1651268,3.0,32,,0.0,0.0,8.0,A01,138Â 289Â 522,1.0
967559,201900009090,11,21,14:00,1,2,3,1.0,3.0,63164,Bois ( AllÃ©e Claude ),M,"45,8276891","3,1525873",63,2019,50.0,1.0,1.0,4.0,2162705,1.0,1,1,2,0.0,,-1.0, -1,1992.0,A01,138Â 289Â 519,1.0,8.0,-1.0,1651269,1.0,7,,0.0,6.0,2.0,A01,138Â 289Â 519,1.0
967559,201900009090,11,21,14:00,1,2,3,1.0,3.0,63164,Bois ( AllÃ©e Claude ),M,"45,8276891","3,1525873",63,2019,50.0,1.0,1.0,4.0,2162705,1.0,1,1,2,0.0,,-1.0, -1,1992.0,A01,138Â 289Â 519,1.0,8.0,-1.0,1651270,1.0,1,,0.0,2.0,1.0,B01,138Â 289Â 520,5.0
967559,201900009090,11,21,14:00,1,2,3,1.0,3.0,63164,Bois ( AllÃ©e Claude ),M,"45,8276891","3,1525873",63,2019,50.0,1.0,1.0,4.0,2162706,1.0,1,4,1,2.0,,-1.0, -1,2008.0,B01,138Â 289Â 520,8.0,0.0,-1.0,1651269,1.0,7,,0.0,6.0,2.0,A01,138Â 289Â 519,1.0
967559,201900009090,11,21,14:00,1,2,3,1.0,3.0,63164,Bois ( AllÃ©e Claude ),M,"45,8276891","3,1525873",63,2019,50.0,1.0,1.0,4.0,2162706,1.0,1,4,1,2.0,,-1.0, -1,2008.0,B01,138Â 289Â 520,8.0,0.0,-1.0,1651270,1.0,1,,0.0,2.0,1.0,B01,138Â 289Â 520,5.0
967560,201900009091,11,22,13:40,1,2,1,1.0,3.0,59599,DUCHATELET (RUE DU LT-COLONEL JOSEPH),M,"50,7323300","3,1887600",59,2019,50.0,1.0,1.0,4.0,2162707,1.0,1,1,2,1.0,,-1.0, -1,1968.0,A01,138Â 289Â 517,1.0,8.0,-1.0,1651271,0.0,7,,0.0,2.0,2.0,A01,138Â 289Â 517,1.0
967560,201900009091,11,22,13:40,1,2,1,1.0,3.0,59599,DUCHATELET (RUE DU LT-COLONEL JOSEPH),M,"50,7323300","3,1887600",59,2019,50.0,1.0,1.0,4.0,2162707,1.0,1,1,2,1.0,,-1.0, -1,1968.0,A01,138Â 289Â 517,1.0,8.0,-1.0,1651272,0.0,33,,0.0,2.0,1.0,B01,138Â 289Â 518,1.0
967560,201900009091,11,22,13:40,1,2,1,1.0,3.0,59599,DUCHATELET (RUE DU LT-COLONEL JOSEPH),M,"50,7323300","3,1887600",59,2019,50.0,1.0,1.0,4.0,2162708,1.0,1,3,1,1.0,,-1.0, -1,1998.0,B01,138Â 289Â 518,2.0,6.0,-1.0,1651271,0.0,7,,0.0,2.0,2.0,A01,138Â 289Â 517,1.0
967560,201900009091,11,22,13:40,1,2,1,1.0,3.0,59599,DUCHATELET (RUE DU LT-COLONEL JOSEPH),M,"50,7323300","3,1887600",59,2019,50.0,1.0,1.0,4.0,2162708,1.0,1,3,1,1.0,,-1.0, -1,1998.0,B01,138Â 289Â 518,2.0,6.0,-1.0,1651272,0.0,33,,0.0,2.0,1.0,B01,138Â 289Â 518,1.0
967561,201900009092,11,21,07:35,5,2,6,1.0,2.0,59178,HERILLIER (PLACE L'),M,"50,3630300","3,0780800",59,2019,-1.0,1.0,1.0,3.0,2162709,1.0,1,4,1,2.0,,-1.0, -1,2000.0,B01,138Â 289Â 515,8.0,0.0,-1.0,1651273,2.0,50,,0.0,2.0,1.0,B01,138Â 289Â 515,3.0
967561,201900009092,11,21,07:35,5,2,6,1.0,2.0,59178,HERILLIER (PLACE L'),M,"50,3630300","3,0780800",59,2019,-1.0,1.0,1.0,3.0,2162709,1.0,1,4,1,2.0,,-1.0, -1,2000.0,B01,138Â 289Â 515,8.0,0.0,-1.0,1651274,2.0,7,,0.0,2.0,8.0,A01,138Â 289Â 516,1.0
967561,201900009092,11,21,07:35,5,2,6,1.0,2.0,59178,HERILLIER (PLACE L'),M,"50,3630300","3,0780800",59,2019,-1.0,1.0,1.0,3.0,2162710,1.0,1,1,1,1.0,,0.0,0,1970.0,A01,138Â 289Â 516,1.0,0.0,0.0,1651273,2.0,50,,0.0,2.0,1.0,B01,138Â 289Â 515,3.0
967561,201900009092,11,21,07:35,5,2,6,1.0,2.0,59178,HERILLIER (PLACE L'),M,"50,3630300","3,0780800",59,2019,-1.0,1.0,1.0,3.0,2162710,1.0,1,1,1,1.0,,0.0,0,1970.0,A01,138Â 289Â 516,1.0,0.0,0.0,1651274,2.0,7,,0.0,2.0,8.0,A01,138Â 289Â 516,1.0
967562,201900009093,11,18,13:20,1,2,3,1.0,3.0,58194,MARECHAL JUIN,M,"47,0055000","3,1533000",58,2019,50.0,5.0,1.0,4.0,2162711,1.0,1,4,2,2.0,,-1.0, -1,1992.0,B01,138Â 289Â 513,8.0,0.0,-1.0,1651275,1.0,1,,0.0,0.0,0.0,B01,138Â 289Â 513,5.0
967562,201900009093,11,18,13:20,1,2,3,1.0,3.0,58194,MARECHAL JUIN,M,"47,0055000","3,1533000",58,2019,50.0,5.0,1.0,4.0,2162711,1.0,1,4,2,2.0,,-1.0, -1,1992.0,B01,138Â 289Â 513,8.0,0.0,-1.0,1651276,1.0,7,,0.0,2.0,5.0,A01,138Â 289Â 514,1.0
967562,201900009093,11,18,13:20,1,2,3,1.0,3.0,58194,MARECHAL JUIN,M,"47,0055000","3,1533000",58,2019,50.0,5.0,1.0,4.0,2162712,1.0,1,1,2,1.0,,-1.0, -1,1998.0,A01,138Â 289Â 514,1.0,8.0,-1.0,1651275,1.0,1,,0.0,0.0,0.0,B01,138Â 289Â 513,5.0
967562,201900009093,11,18,13:20,1,2,3,1.0,3.0,58194,MARECHAL JUIN,M,"47,0055000","3,1533000",58,2019,50.0,5.0,1.0,4.0,2162712,1.0,1,1,2,1.0,,-1.0, -1,1998.0,A01,138Â 289Â 514,1.0,8.0,-1.0,1651276,1.0,7,,0.0,2.0,5.0,A01,138Â 289Â 514,1.0
967563,201900009094,11,22,17:00,1,2,1,1.0,7.0,54395,LEBRUN (RUE ALBERT),M,"48,6858000","6,1908000",54,2019,50.0,1.0,1.0,4.0,2162713,1.0,1,4,2,0.0,,-1.0, -1,1968.0,A01,138Â 289Â 512,1.0,0.0,-1.0,1651277,1.0,7,,0.0,2.0,1.0,A01,138Â 289Â 512,1.0
967564,201900009095,11,22,14:00,1,2,1,1.0,2.0,54184,BRIGACHTAL (AVENUE DE),M,"48,7048470","6,2336790",54,2019,70.0,1.0,1.0,4.0,2162714,1.0,1,1,1,0.0,,-1.0,0,1972.0,B01,138Â 289Â 510,2.0,0.0,-1.0,1651278,1.0,2,,0.0,2.0,4.0,B01,138Â 289Â 510,1.0
967564,201900009095,11,22,14:00,1,2,1,1.0,2.0,54184,BRIGACHTAL (AVENUE DE),M,"48,7048470","6,2336790",54,2019,70.0,1.0,1.0,4.0,2162714,1.0,1,1,1,0.0,,-1.0,0,1972.0,B01,138Â 289Â 510,2.0,0.0,-1.0,1651279,1.0,7,,0.0,2.0,1.0,A01,138Â 289Â 511,1.0
967564,201900009095,11,22,14:00,1,2,1,1.0,2.0,54184,BRIGACHTAL (AVENUE DE),M,"48,7048470","6,2336790",54,2019,70.0,1.0,1.0,4.0,2162715,1.0,1,1,1,0.0,,-1.0,0,1972.0,A01,138Â 289Â 511,1.0,0.0,-1.0,1651278,1.0,2,,0.0,2.0,4.0,B01,138Â 289Â 510,1.0
967564,201900009095,11,22,14:00,1,2,1,1.0,2.0,54184,BRIGACHTAL (AVENUE DE),M,"48,7048470","6,2336790",54,2019,70.0,1.0,1.0,4.0,2162715,1.0,1,1,1,0.0,,-1.0,0,1972.0,A01,138Â 289Â 511,1.0,0.0,-1.0,1651279,1.0,7,,0.0,2.0,1.0,A01,138Â 289Â 511,1.0
967564,201900009095,11,22,14:00,1,2,1,1.0,2.0,54184,BRIGACHTAL (AVENUE DE),M,"48,7048470","6,2336790",54,2019,70.0,1.0,1.0,4.0,2162716,2.0,2,4,1,0.0,,-1.0,0,2001.0,A01,138Â 289Â 511,1.0,0.0,-1.0,1651278,1.0,2,,0.0,2.0,4.0,B01,138Â 289Â 510,1.0
967564,201900009095,11,22,14:00,1,2,1,1.0,2.0,54184,BRIGACHTAL (AVENUE DE),M,"48,7048470","6,2336790",54,2019,70.0,1.0,1.0,4.0,2162716,2.0,2,4,1,0.0,,-1.0,0,2001.0,A01,138Â 289Â 511,1.0,0.0,-1.0,1651279,1.0,7,,0.0,2.0,1.0,A01,138Â 289Â 511,1.0
967565,201900009096,11,22,21:30,5,2,6,3.0,2.0,51454,CHEMIN DE SAINT LEONARD,M,"49,2249228","4,0968149",51,2019,50.0,1.0,2.0,4.0,2162717,1.0,1,4,1,1.0,,-1.0,0,1998.0,B01,138Â 289Â 508,8.0,8.0,-1.0,1651280,1.0,1,,0.0,2.0,4.0,B01,138Â 289Â 508,0.0
967565,201900009096,11,22,21:30,5,2,6,3.0,2.0,51454,CHEMIN DE SAINT LEONARD,M,"49,2249228","4,0968149",51,2019,50.0,1.0,2.0,4.0,2162717,1.0,1,4,1,1.0,,-1.0,0,1998.0,B01,138Â 289Â 508,8.0,8.0,-1.0,1651281,1.0,7,,0.0,6.0,4.0,A01,138Â 289Â 509,1.0
967565,201900009096,11,22,21:30,5,2,6,3.0,2.0,51454,CHEMIN DE SAINT LEONARD,M,"49,2249228","4,0968149",51,2019,50.0,1.0,2.0,4.0,2162718,1.0,1,1,1,1.0,,-1.0,0,1988.0,A01,138Â 289Â 509,1.0,8.0,-1.0,1651280,1.0,1,,0.0,2.0,4.0,B01,138Â 289Â 508,0.0
967565,201900009096,11,22,21:30,5,2,6,3.0,2.0,51454,CHEMIN DE SAINT LEONARD,M,"49,2249228","4,0968149",51,2019,50.0,1.0,2.0,4.0,2162718,1.0,1,1,1,1.0,,-1.0,0,1988.0,A01,138Â 289Â 509,1.0,8.0,-1.0,1651281,1.0,7,,0.0,6.0,4.0,A01,138Â 289Â 509,1.0
967566,201900009097,11,22,17:35,5,2,3,1.0,3.0,51573,RUE PAUL VAILLANT COUTURIER,M,"49,2475616","4,0041721",51,2019,50.0,1.0,1.0,4.0,2162719,2.0,2,1,1,0.0,,-1.0,0,2002.0,A01,138Â 289Â 506,2.0,0.0,-1.0,1651282,2.0,32,,0.0,2.0,1.0,A01,138Â 289Â 506,1.0
967566,201900009097,11,22,17:35,5,2,3,1.0,3.0,51573,RUE PAUL VAILLANT COUTURIER,M,"49,2475616","4,0041721",51,2019,50.0,1.0,1.0,4.0,2162719,2.0,2,1,1,0.0,,-1.0,0,2002.0,A01,138Â 289Â 506,2.0,0.0,-1.0,1651283,1.0,7,,0.0,2.0,8.0,B01,138Â 289Â 507,1.0
967566,201900009097,11,22,17:35,5,2,3,1.0,3.0,51573,RUE PAUL VAILLANT COUTURIER,M,"49,2475616","4,0041721",51,2019,50.0,1.0,1.0,4.0,2162720,1.0,1,3,1,1.0,,-1.0,0,2002.0,A01,138Â 289Â 506,2.0,6.0,-1.0,1651282,2.0,32,,0.0,2.0,1.0,A01,138Â 289Â 506,1.0
967566,201900009097,11,22,17:35,5,2,3,1.0,3.0,51573,RUE PAUL VAILLANT COUTURIER,M,"49,2475616","4,0041721",51,2019,50.0,1.0,1.0,4.0,2162720,1.0,1,3,1,1.0,,-1.0,0,2002.0,A01,138Â 289Â 506,2.0,6.0,-1.0,1651283,1.0,7,,0.0,2.0,8.0,B01,138Â 289Â 507,1.0
967566,201900009097,11,22,17:35,5,2,3,1.0,3.0,51573,RUE PAUL VAILLANT COUTURIER,M,"49,2475616","4,0041721",51,2019,50.0,1.0,1.0,4.0,2162721,1.0,1,1,2,4.0,,-1.0,0,1971.0,B01,138Â 289Â 507,1.0,0.0,-1.0,1651282,2.0,32,,0.0,2.0,1.0,A01,138Â 289Â 506,1.0