Unnamed: 0_x,num_acc,mois,jour,hrmn,lum,agg,int,atm,col,com,adr,gps,lat,long,dep,annee,vma,situ,surf,catr,Unnamed: 0_y,place,catu,grav,sexe,trajet,secu,locp,actp,an_nais,num_veh_x,id_vehicule_x,secu1,secu2,secu3,Unnamed: 0,senc,catv,occutc,obs,obsm,choc,num_veh_y,id_vehicule_y,motor
967566,201900009097,11,22,17:35,5,2,3,1.0,3.0,51573,RUE PAUL VAILLANT COUTURIER,M,"49,2475616","4,0041721",51,2019,50.0,1.0,1.0,4.0,2162721,1.0,1,1,2,4.0,,-1.0,0,1971.0,B01,138Â 289Â 507,1.0,0.0,-1.0,1651283,1.0,7,,0.0,2.0,8.0,B01,138Â 289Â 507,1.0
967567,201900009098,11,22,14:20,1,2,3,7.0,7.0,51454,AVENUE JEAN JAURES,M,"49,2616441","4,0510169",51,2019,50.0,1.0,1.0,4.0,2162722,1.0,1,1,2,0.0,,-1.0,0,1991.0,A01,138Â 289Â 505,1.0,0.0,-1.0,1651284,2.0,7,,0.0,1.0,8.0,A01,138Â 289Â 505,1.0
967567,201900009098,11,22,14:20,1,2,3,7.0,7.0,51454,AVENUE JEAN JAURES,M,"49,2616441","4,0510169",51,2019,50.0,1.0,1.0,4.0,2162723,10.0,3,4,2,0.0,,4.0,3,1981.0,A01,138Â 289Â 505,8.0,0.0,-1.0,1651284,2.0,7,,0.0,1.0,8.0,A01,138Â 289Â 505,1.0
967568,201900009099,11,21,13:10,1,2,1,2.0,6.0,50129,POINCARE (AVENUE HENRI),M,"49,6299900"," -1,6054800",50,2019,50.0,2.0,2.0,4.0,2162724,1.0,1,3,2,2.0,,0.0,0,2001.0,A01,138Â 289Â 504,2.0,6.0,-1.0,1651285,0.0,2,,1.0,0.0,1.0,A01,138Â 289Â 504,1.0
967569,201900009100,11,18,19:45,5,2,2,8.0,3.0,50173,SALINE (BOULEVARD DE LA),M,"49,6539500"," -1,6491300",50,2019,70.0,1.0,1.0,3.0,2162725,1.0,1,4,1,4.0,,0.0,0,1989.0,B01,138Â 289Â 502,1.0,0.0,-1.0,1651286,2.0,10,,0.0,2.0,6.0,B01,138Â 289Â 502,1.0
967569,201900009100,11,18,19:45,5,2,2,8.0,3.0,50173,SALINE (BOULEVARD DE LA),M,"49,6539500"," -1,6491300",50,2019,70.0,1.0,1.0,3.0,2162725,1.0,1,4,1,4.0,,0.0,0,1989.0,B01,138Â 289Â 502,1.0,0.0,-1.0,1651287,1.0,7,,0.0,2.0,1.0,A01,138Â 289Â 503,1.0
967569,201900009100,11,18,19:45,5,2,2,8.0,3.0,50173,SALINE (BOULEVARD DE LA),M,"49,6539500"," -1,6491300",50,2019,70.0,1.0,1.0,3.0,2162726,2.0,2,4,2,4.0,,0.0,0,1996.0,B01,138Â 289Â 502,1.0,0.0,-1.0,1651286,2.0,10,,0.0,2.0,6.0,B01,138Â 289Â 502,1.0
967569,201900009100,11,18,19:45,5,2,2,8.0,3.0,50173,SALINE (BOULEVARD DE LA),M,"49,6539500"," -1,6491300",50,2019,70.0,1.0,1.0,3.0,2162726,2.0,2,4,2,4.0,,0.0,0,1996.0,B01,138Â 289Â 502,1.0,0.0,-1.0,1651287,1.0,7,,0.0,2.0,1.0,A01,138Â 289Â 503,1.0
967569,201900009100,11,18,19:45,5,2,2,8.0,3.0,50173,SALINE (BOULEVARD DE LA),M,"49,6539500"," -1,6491300",50,2019,70.0,1.0,1.0,3.0,2162727,2.0,2,4,2,5.0,,0.0,0,1998.0,A01,138Â 289Â 503,1.0,0.0,-1.0,1651286,2.0,10,,0.0,2.0,6.0,B01,138Â 289Â 502,1.0
967569,201900009100,11,18,19:45,5,2,2,8.0,3.0,50173,SALINE (BOULEVARD DE LA),M,"49,6539500"," -1,6491300",50,2019,70.0,1.0,1.0,3.0,2162727,2.0,2,4,2,5.0,,0.0,0,1998.0,A01,138Â 289Â 503,1.0,0.0,-1.0,1651287,1.0,7,,0.0,2.0,1.0,A01,138Â 289Â 503,1.0
967569,201900009100,11,18,19:45,5,2,2,8.0,3.0,50173,SALINE (BOULEVARD DE LA),M,"49,6539500"," -1,6491300",50,2019,70.0,1.0,1.0,3.0,2162728,1.0,1,4,1,5.0,,0.0,0,1996.0,A01,138Â 289Â 503,1.0,0.0,-1.0,1651286,2.0,10,,0.0,2.0,6.0,B01,138Â 289Â 502,1.0
967569,201900009100,11,18,19:45,5,2,2,8.0,3.0,50173,SALINE (BOULEVARD DE LA),M,"49,6539500"," -1,6491300",50,2019,70.0,1.0,1.0,3.0,2162728,1.0,1,4,1,5.0,,0.0,0,1996.0,A01,138Â 289Â 503,1.0,0.0,-1.0,1651287,1.0,7,,0.0,2.0,1.0,A01,138Â 289Â 503,1.0
967570,201900009101,11,17,04:27,5,1,1,1.0,6.0,50203,NATIONALE 13,M,"49,6002630"," -1,5974920",50,2019,50.0,1.0,2.0,2.0,2162729,1.0,1,3,1,5.0,,0.0,0,1991.0,A01,138Â 289Â 501,8.0,0.0,-1.0,1651288,0.0,7,,8.0,0.0,7.0,A01,138Â 289Â 501,1.0
967571,201900009102,11,17,18:05,3,1,1,3.0,4.0,50129,BARBUSSE (RUE HENRI),M,"49,6160600"," -1,6536800",50,2019,50.0,1.0,2.0,3.0,2162730,1.0,1,1,2,4.0,,0.0,0,1995.0,A01,138Â 289Â 497,1.0,0.0,-1.0,1651289,1.0,10,,0.0,2.0,1.0,A01,138Â 289Â 497,1.0
967571,201900009102,11,17,18:05,3,1,1,3.0,4.0,50129,BARBUSSE (RUE HENRI),M,"49,6160600"," -1,6536800",50,2019,50.0,1.0,2.0,3.0,2162730,1.0,1,1,2,4.0,,0.0,0,1995.0,A01,138Â 289Â 497,1.0,0.0,-1.0,1651290,1.0,7,,0.0,2.0,4.0,B01,138Â 289Â 498,4.0
967571,201900009102,11,17,18:05,3,1,1,3.0,4.0,50129,BARBUSSE (RUE HENRI),M,"49,6160600"," -1,6536800",50,2019,50.0,1.0,2.0,3.0,2162730,1.0,1,1,2,4.0,,0.0,0,1995.0,A01,138Â 289Â 497,1.0,0.0,-1.0,1651291,1.0,7,,0.0,2.0,4.0,C01,138Â 289Â 499,1.0
967571,201900009102,11,17,18:05,3,1,1,3.0,4.0,50129,BARBUSSE (RUE HENRI),M,"49,6160600"," -1,6536800",50,2019,50.0,1.0,2.0,3.0,2162730,1.0,1,1,2,4.0,,0.0,0,1995.0,A01,138Â 289Â 497,1.0,0.0,-1.0,1651292,1.0,7,,0.0,2.0,4.0,D01,138Â 289Â 500,1.0
967571,201900009102,11,17,18:05,3,1,1,3.0,4.0,50129,BARBUSSE (RUE HENRI),M,"49,6160600"," -1,6536800",50,2019,50.0,1.0,2.0,3.0,2162731,1.0,1,4,2,5.0,,0.0,0,1992.0,B01,138Â 289Â 498,1.0,0.0,-1.0,1651289,1.0,10,,0.0,2.0,1.0,A01,138Â 289Â 497,1.0
967571,201900009102,11,17,18:05,3,1,1,3.0,4.0,50129,BARBUSSE (RUE HENRI),M,"49,6160600"," -1,6536800",50,2019,50.0,1.0,2.0,3.0,2162731,1.0,1,4,2,5.0,,0.0,0,1992.0,B01,138Â 289Â 498,1.0,0.0,-1.0,1651290,1.0,7,,0.0,2.0,4.0,B01,138Â 289Â 498,4.0
967571,201900009102,11,17,18:05,3,1,1,3.0,4.0,50129,BARBUSSE (RUE HENRI),M,"49,6160600"," -1,6536800",50,2019,50.0,1.0,2.0,3.0,2162731,1.0,1,4,2,5.0,,0.0,0,1992.0,B01,138Â 289Â 498,1.0,0.0,-1.0,1651291,1.0,7,,0.0,2.0,4.0,C01,138Â 289Â 499,1.0
967571,201900009102,11,17,18:05,3,1,1,3.0,4.0,50129,BARBUSSE (RUE HENRI),M,"49,6160600"," -1,6536800",50,2019,50.0,1.0,2.0,3.0,2162731,1.0,1,4,2,5.0,,0.0,0,1992.0,B01,138Â 289Â 498,1.0,0.0,-1.0,1651292,1.0,7,,0.0,2.0,4.0,D01,138Â 289Â 500,1.0
967571,201900009102,11,17,18:05,3,1,1,3.0,4.0,50129,BARBUSSE (RUE HENRI),M,"49,6160600"," -1,6536800",50,2019,50.0,1.0,2.0,3.0,2162732,1.0,1,4,1,5.0,,0.0,0,1998.0,C01,138Â 289Â 499,1.0,0.0,-1.0,1651289,1.0,10,,0.0,2.0,1.0,A01,138Â 289Â 497,1.0
967571,201900009102,11,17,18:05,3,1,1,3.0,4.0,50129,BARBUSSE (RUE HENRI),M,"49,6160600"," -1,6536800",50,2019,50.0,1.0,2.0,3.0,2162732,1.0,1,4,1,5.0,,0.0,0,1998.0,C01,138Â 289Â 499,1.0,0.0,-1.0,1651290,1.0,7,,0.0,2.0,4.0,B01,138Â 289Â 498,4.0
967571,201900009102,11,17,18:05,3,1,1,3.0,4.0,50129,BARBUSSE (RUE HENRI),M,"49,6160600"," -1,6536800",50,2019,50.0,1.0,2.0,3.0,2162732,1.0,1,4,1,5.0,,0.0,0,1998.0,C01,138Â 289Â 499,1.0,0.0,-1.0,1651291,1.0,7,,0.0,2.0,4.0,C01,138Â 289Â 499,1.0
967571,201900009102,11,17,18:05,3,1,1,3.0,4.0,50129,BARBUSSE (RUE HENRI),M,"49,6160600"," -1,6536800",50,2019,50.0,1.0,2.0,3.0,2162732,1.0,1,4,1,5.0,,0.0,0,1998.0,C01,138Â 289Â 499,1.0,0.0,-1.0,1651292,1.0,7,,0.0,2.0,4.0,D01,138Â 289Â 500,1.0
967571,201900009102,11,17,18:05,3,1,1,3.0,4.0,50129,BARBUSSE (RUE HENRI),M,"49,6160600"," -1,6536800",50,2019,50.0,1.0,2.0,3.0,2162733,1.0,1,4,2,5.0,,0.0,0,1967.0,D01,138Â 289Â 500,1.0,0.0,-1.0,1651289,1.0,10,,0.0,2.0,1.0,A01,138Â 289Â 497,1.0
967571,201900009102,11,17,18:05,3,1,1,3.0,4.0,50129,BARBUSSE (RUE HENRI),M,"49,6160600"," -1,6536800",50,2019,50.0,1.0,2.0,3.0,2162733,1.0,1,4,2,5.0,,0.0,0,1967.0,D01,138Â 289Â 500,1.0,0.0,-1.0,1651290,1.0,7,,0.0,2.0,4.0,B01,138Â 289Â 498,4.0
967571,201900009102,11,17,18:05,3,1,1,3.0,4.0,50129,BARBUSSE (RUE HENRI),M,"49,6160600"," -1,6536800",50,2019,50.0,1.0,2.0,3.0,2162733,1.0,1,4,2,5.0,,0.0,0,1967.0,D01,138Â 289Â 500,1.0,0.0,-1.0,1651291,1.0,7,,0.0,2.0,4.0,C01,138Â 289Â 499,1.0
967571,201900009102,11,17,18:05,3,1,1,3.0,4.0,50129,BARBUSSE (RUE HENRI),M,"49,6160600"," -1,6536800",50,2019,50.0,1.0,2.0,3.0,2162733,1.0,1,4,2,5.0,,0.0,0,1967.0,D01,138Â 289Â 500,1.0,0.0,-1.0,1651292,1.0,7,,0.0,2.0,4.0,D01,138Â 289Â 500,1.0
967572,201900009103,11,22,09:45,1,2,7,1.0,2.0,45234,PL DU CHAMPS ST MARC,M,"47,9064000","1,9219200",45,2019,50.0,1.0,2.0,4.0,2162734,1.0,1,1,1,0.0,,0.0,0,1984.0,B01,138Â 289Â 495,1.0,0.0,-1.0,1651293,1.0,7,,0.0,2.0,1.0,B01,138Â 289Â 495,1.0
967572,201900009103,11,22,09:45,1,2,7,1.0,2.0,45234,PL DU CHAMPS ST MARC,M,"47,9064000","1,9219200",45,2019,50.0,1.0,2.0,4.0,2162734,1.0,1,1,1,0.0,,0.0,0,1984.0,B01,138Â 289Â 495,1.0,0.0,-1.0,1651294,1.0,7,,0.0,2.0,4.0,A01,138Â 289Â 496,1.0
967572,201900009103,11,22,09:45,1,2,7,1.0,2.0,45234,PL DU CHAMPS ST MARC,M,"47,9064000","1,9219200",45,2019,50.0,1.0,2.0,4.0,2162735,1.0,1,4,2,9.0,,0.0,0,1976.0,A01,138Â 289Â 496,1.0,8.0,-1.0,1651293,1.0,7,,0.0,2.0,1.0,B01,138Â 289Â 495,1.0
967572,201900009103,11,22,09:45,1,2,7,1.0,2.0,45234,PL DU CHAMPS ST MARC,M,"47,9064000","1,9219200",45,2019,50.0,1.0,2.0,4.0,2162735,1.0,1,4,2,9.0,,0.0,0,1976.0,A01,138Â 289Â 496,1.0,8.0,-1.0,1651294,1.0,7,,0.0,2.0,4.0,A01,138Â 289Â 496,1.0
967573,201900009104,11,22,08:05,2,2,3,8.0,3.0,45234,R A SAVARY - R ST FIACRE,M,"47,8905900","1,9099800",45,2019,50.0,1.0,2.0,4.0,2162736,1.0,1,4,2,2.0,,0.0,0,2005.0,B01,138Â 289Â 493,2.0,0.0,-1.0,1651295,3.0,1,,0.0,2.0,8.0,B01,138Â 289Â 493,5.0
967573,201900009104,11,22,08:05,2,2,3,8.0,3.0,45234,R A SAVARY - R ST FIACRE,M,"47,8905900","1,9099800",45,2019,50.0,1.0,2.0,4.0,2162736,1.0,1,4,2,2.0,,0.0,0,2005.0,B01,138Â 289Â 493,2.0,0.0,-1.0,1651296,3.0,7,,0.0,2.0,1.0,A01,138Â 289Â 494,1.0
967573,201900009104,11,22,08:05,2,2,3,8.0,3.0,45234,R A SAVARY - R ST FIACRE,M,"47,8905900","1,9099800",45,2019,50.0,1.0,2.0,4.0,2162737,1.0,1,1,1,1.0,,0.0,0,1973.0,A01,138Â 289Â 494,1.0,0.0,-1.0,1651295,3.0,1,,0.0,2.0,8.0,B01,138Â 289Â 493,5.0
967573,201900009104,11,22,08:05,2,2,3,8.0,3.0,45234,R A SAVARY - R ST FIACRE,M,"47,8905900","1,9099800",45,2019,50.0,1.0,2.0,4.0,2162737,1.0,1,1,1,1.0,,0.0,0,1973.0,A01,138Â 289Â 494,1.0,0.0,-1.0,1651296,3.0,7,,0.0,2.0,1.0,A01,138Â 289Â 494,1.0
967574,201900009105,11,22,07:55,5,2,1,1.0,1.0,45234,RUE DU NECOTIN - COLLEGE J ROSTAND,M,"47,9171656","1,9375136",45,2019,50.0,1.0,2.0,4.0,2162738,1.0,1,1,2,1.0,,0.0,0,1967.0,A01,138Â 289Â 491,1.0,0.0,-1.0,1651297,1.0,7,,0.0,2.0,1.0,A01,138Â 289Â 491,1.0
967574,201900009105,11,22,07:55,5,2,1,1.0,1.0,45234,RUE DU NECOTIN - COLLEGE J ROSTAND,M,"47,9171656","1,9375136",45,2019,50.0,1.0,2.0,4.0,2162738,1.0,1,1,2,1.0,,0.0,0,1967.0,A01,138Â 289Â 491,1.0,0.0,-1.0,1651298,2.0,1,,0.0,2.0,3.0,B01,138Â 289Â 492,5.0
967574,201900009105,11,22,07:55,5,2,1,1.0,1.0,45234,RUE DU NECOTIN - COLLEGE J ROSTAND,M,"47,9171656","1,9375136",45,2019,50.0,1.0,2.0,4.0,2162739,1.0,1,4,1,2.0,,0.0,0,2007.0,B01,138Â 289Â 492,8.0,0.0,-1.0,1651297,1.0,7,,0.0,2.0,1.0,A01,138Â 289Â 491,1.0
967574,201900009105,11,22,07:55,5,2,1,1.0,1.0,45234,RUE DU NECOTIN - COLLEGE J ROSTAND,M,"47,9171656","1,9375136",45,2019,50.0,1.0,2.0,4.0,2162739,1.0,1,4,1,2.0,,0.0,0,2007.0,B01,138Â 289Â 492,8.0,0.0,-1.0,1651298,2.0,1,,0.0,2.0,3.0,B01,138Â 289Â 492,5.0
967575,201900009106,9,17,11:00,1,2,1,1.0,3.0,44109,BOULEVARD DES BELGES,M,"47,2352500"," -1,5454300",44,2019,50.0,1.0,1.0,4.0,2162740,1.0,1,4,1,0.0,,-1.0, -1,1996.0,B01,138Â 289Â 489,2.0,0.0,-1.0,1651299,1.0,1,,0.0,2.0,1.0,B01,138Â 289Â 489,5.0
967575,201900009106,9,17,11:00,1,2,1,1.0,3.0,44109,BOULEVARD DES BELGES,M,"47,2352500"," -1,5454300",44,2019,50.0,1.0,1.0,4.0,2162740,1.0,1,4,1,0.0,,-1.0, -1,1996.0,B01,138Â 289Â 489,2.0,0.0,-1.0,1651300,0.0,7,,0.0,2.0,0.0,A01,138Â 289Â 490,1.0
967575,201900009106,9,17,11:00,1,2,1,1.0,3.0,44109,BOULEVARD DES BELGES,M,"47,2352500"," -1,5454300",44,2019,50.0,1.0,1.0,4.0,2162741,1.0,1,1,1,0.0,,-1.0, -1,1980.0,A01,138Â 289Â 490,1.0,0.0,-1.0,1651299,1.0,1,,0.0,2.0,1.0,B01,138Â 289Â 489,5.0
967575,201900009106,9,17,11:00,1,2,1,1.0,3.0,44109,BOULEVARD DES BELGES,M,"47,2352500"," -1,5454300",44,2019,50.0,1.0,1.0,4.0,2162741,1.0,1,1,1,0.0,,-1.0, -1,1980.0,A01,138Â 289Â 490,1.0,0.0,-1.0,1651300,0.0,7,,0.0,2.0,0.0,A01,138Â 289Â 490,1.0
967576,201900009107,7,5,14:10,1,2,3,1.0,3.0,91027,MORANGIS (AVENUE DE),M,"48,7055630","2,3595990",91,2019,50.0,3.0,1.0,4.0,2162742,1.0,1,3,1,9.0,,0.0,0,2002.0,B01,138Â 289Â 479,2.0,0.0,-1.0,1651301,1.0,2,,0.0,2.0,1.0,B01,138Â 289Â 479,1.0
967576,201900009107,7,5,14:10,1,2,3,1.0,3.0,91027,MORANGIS (AVENUE DE),M,"48,7055630","2,3595990",91,2019,50.0,3.0,1.0,4.0,2162742,1.0,1,3,1,9.0,,0.0,0,2002.0,B01,138Â 289Â 479,2.0,0.0,-1.0,1651302,1.0,7,,0.0,2.0,3.0,A01,138Â 289Â 480,1.0
967576,201900009107,7,5,14:10,1,2,3,1.0,3.0,91027,MORANGIS (AVENUE DE),M,"48,7055630","2,3595990",91,2019,50.0,3.0,1.0,4.0,2162743,1.0,1,1,1,1.0,,0.0,0,1973.0,A01,138Â 289Â 480,1.0,0.0,-1.0,1651301,1.0,2,,0.0,2.0,1.0,B01,138Â 289Â 479,1.0
967576,201900009107,7,5,14:10,1,2,3,1.0,3.0,91027,MORANGIS (AVENUE DE),M,"48,7055630","2,3595990",91,2019,50.0,3.0,1.0,4.0,2162743,1.0,1,1,1,1.0,,0.0,0,1973.0,A01,138Â 289Â 480,1.0,0.0,-1.0,1651302,1.0,7,,0.0,2.0,3.0,A01,138Â 289Â 480,1.0
967577,201900009108,7,1,14:50,1,2,2,1.0,2.0,91228,EUROPE (BD) NÂ° PAIRS,M,"48,6304600","2,4310700",91,2019,50.0,3.0,1.0,4.0,2162744,10.0,3,4,1,0.0,,4.0,3,1976.0,A01,138Â 289Â 477,8.0,0.0,-1.0,1651303,3.0,7,,0.0,2.0,1.0,A01,138Â 289Â 477,5.0
967577,201900009108,7,1,14:50,1,2,2,1.0,2.0,91228,EUROPE (BD) NÂ° PAIRS,M,"48,6304600","2,4310700",91,2019,50.0,3.0,1.0,4.0,2162744,10.0,3,4,1,0.0,,4.0,3,1976.0,A01,138Â 289Â 477,8.0,0.0,-1.0,1651304,1.0,7,,0.0,1.0,1.0,B01,138Â 289Â 478,5.0
967577,201900009108,7,1,14:50,1,2,2,1.0,2.0,91228,EUROPE (BD) NÂ° PAIRS,M,"48,6304600","2,4310700",91,2019,50.0,3.0,1.0,4.0,2162745,1.0,1,1,2,0.0,,-1.0, -1,1996.0,A01,138Â 289Â 477,1.0,0.0,-1.0,1651303,3.0,7,,0.0,2.0,1.0,A01,138Â 289Â 477,5.0
967577,201900009108,7,1,14:50,1,2,2,1.0,2.0,91228,EUROPE (BD) NÂ° PAIRS,M,"48,6304600","2,4310700",91,2019,50.0,3.0,1.0,4.0,2162745,1.0,1,1,2,0.0,,-1.0, -1,1996.0,A01,138Â 289Â 477,1.0,0.0,-1.0,1651304,1.0,7,,0.0,1.0,1.0,B01,138Â 289Â 478,5.0
967577,201900009108,7,1,14:50,1,2,2,1.0,2.0,91228,EUROPE (BD) NÂ° PAIRS,M,"48,6304600","2,4310700",91,2019,50.0,3.0,1.0,4.0,2162746,1.0,1,1,1,0.0,,-1.0,0,1994.0,B01,138Â 289Â 478,1.0,0.0,-1.0,1651303,3.0,7,,0.0,2.0,1.0,A01,138Â 289Â 477,5.0
967577,201900009108,7,1,14:50,1,2,2,1.0,2.0,91228,EUROPE (BD) NÂ° PAIRS,M,"48,6304600","2,4310700",91,2019,50.0,3.0,1.0,4.0,2162746,1.0,1,1,1,0.0,,-1.0,0,1994.0,B01,138Â 289Â 478,1.0,0.0,-1.0,1651304,1.0,7,,0.0,1.0,1.0,B01,138Â 289Â 478,5.0
967578,201900009109,7,4,07:20,1,2,1,1.0,2.0,91433,R.N.20,M,"48,4704800","2,1854000",91,2019,90.0,3.0,1.0,2.0,2162747,1.0,1,1,1,4.0,,0.0,0,1961.0,A01,138Â 289Â 475,1.0,8.0,-1.0,1651305,1.0,7,,0.0,2.0,1.0,A01,138Â 289Â 475,1.0
967578,201900009109,7,4,07:20,1,2,1,1.0,2.0,91433,R.N.20,M,"48,4704800","2,1854000",91,2019,90.0,3.0,1.0,2.0,2162747,1.0,1,1,1,4.0,,0.0,0,1961.0,A01,138Â 289Â 475,1.0,8.0,-1.0,1651306,1.0,3,,0.0,2.0,9.0,B01,138Â 289Â 476,1.0
967578,201900009109,7,4,07:20,1,2,1,1.0,2.0,91433,R.N.20,M,"48,4704800","2,1854000",91,2019,90.0,3.0,1.0,2.0,2162748,1.0,1,4,1,0.0,,0.0,0,1978.0,B01,138Â 289Â 476,1.0,0.0,-1.0,1651305,1.0,7,,0.0,2.0,1.0,A01,138Â 289Â 475,1.0
967578,201900009109,7,4,07:20,1,2,1,1.0,2.0,91433,R.N.20,M,"48,4704800","2,1854000",91,2019,90.0,3.0,1.0,2.0,2162748,1.0,1,4,1,0.0,,0.0,0,1978.0,B01,138Â 289Â 476,1.0,0.0,-1.0,1651306,1.0,3,,0.0,2.0,9.0,B01,138Â 289Â 476,1.0
967579,201900009110,7,4,20:11,1,2,1,1.0,3.0,87085,BEL AIR (BOULEVARD DE),M,"45,8208800","1,2469000",87,2019,50.0,1.0,1.0,4.0,2162749,1.0,1,1,1,5.0,,0.0,0,1961.0,A01,138Â 289Â 470,1.0,0.0,-1.0,1651307,1.0,7,,0.0,2.0,1.0,A01,138Â 289Â 470,1.0
967579,201900009110,7,4,20:11,1,2,1,1.0,3.0,87085,BEL AIR (BOULEVARD DE),M,"45,8208800","1,2469000",87,2019,50.0,1.0,1.0,4.0,2162749,1.0,1,1,1,5.0,,0.0,0,1961.0,A01,138Â 289Â 470,1.0,0.0,-1.0,1651308,2.0,1,,0.0,2.0,5.0,B01,138Â 289Â 471,5.0
967579,201900009110,7,4,20:11,1,2,1,1.0,3.0,87085,BEL AIR (BOULEVARD DE),M,"45,8208800","1,2469000",87,2019,50.0,1.0,1.0,4.0,2162750,1.0,1,3,1,1.0,,0.0,0,1976.0,B01,138Â 289Â 471,2.0,0.0,-1.0,1651307,1.0,7,,0.0,2.0,1.0,A01,138Â 289Â 470,1.0
967579,201900009110,7,4,20:11,1,2,1,1.0,3.0,87085,BEL AIR (BOULEVARD DE),M,"45,8208800","1,2469000",87,2019,50.0,1.0,1.0,4.0,2162750,1.0,1,3,1,1.0,,0.0,0,1976.0,B01,138Â 289Â 471,2.0,0.0,-1.0,1651308,2.0,1,,0.0,2.0,5.0,B01,138Â 289Â 471,5.0
967580,201900009111,7,4,12:09,1,1,1,1.0,6.0,87050,RD7,M,"45,9104100","1,2247600",87,2019,80.0,1.0,1.0,3.0,2162751,1.0,1,4,2,5.0,,0.0,0,1951.0,A01,138Â 289Â 469,1.0,0.0,-1.0,1651309,1.0,7,,13.0,0.0,1.0,A01,138Â 289Â 469,1.0
967581,201900009112,7,3,09:12,1,2,1,1.0,2.0,87085,DUSSOUBS (PLACE DENIS),M,"45,8328600","1,2556800",87,2019,50.0,1.0,1.0,4.0,2162752,1.0,1,1,2,5.0,,0.0,0,1995.0,A01,138Â 289Â 467,1.0,0.0,-1.0,1651310,1.0,7,,0.0,2.0,3.0,A01,138Â 289Â 467,1.0
967581,201900009112,7,3,09:12,1,2,1,1.0,2.0,87085,DUSSOUBS (PLACE DENIS),M,"45,8328600","1,2556800",87,2019,50.0,1.0,1.0,4.0,2162752,1.0,1,1,2,5.0,,0.0,0,1995.0,A01,138Â 289Â 467,1.0,0.0,-1.0,1651311,1.0,7,,0.0,2.0,6.0,B01,138Â 289Â 468,1.0
967581,201900009112,7,3,09:12,1,2,1,1.0,2.0,87085,DUSSOUBS (PLACE DENIS),M,"45,8328600","1,2556800",87,2019,50.0,1.0,1.0,4.0,2162753,1.0,1,4,2,4.0,,0.0,0,1966.0,B01,138Â 289Â 468,1.0,0.0,-1.0,1651310,1.0,7,,0.0,2.0,3.0,A01,138Â 289Â 467,1.0
967581,201900009112,7,3,09:12,1,2,1,1.0,2.0,87085,DUSSOUBS (PLACE DENIS),M,"45,8328600","1,2556800",87,2019,50.0,1.0,1.0,4.0,2162753,1.0,1,4,2,4.0,,0.0,0,1966.0,B01,138Â 289Â 468,1.0,0.0,-1.0,1651311,1.0,7,,0.0,2.0,6.0,B01,138Â 289Â 468,1.0
967582,201900009113,7,5,16:20,1,2,2,1.0,3.0,86194,TIERS ETAT (COURS DU),M,"46,5951800","0,3824600",86,2019,50.0,1.0,1.0,4.0,2162754,1.0,1,3,1,1.0,,-1.0,0,2002.0,A01,138Â 289Â 465,2.0,6.0,-1.0,1651312,1.0,30,,0.0,2.0,8.0,A01,138Â 289Â 465,1.0
967582,201900009113,7,5,16:20,1,2,2,1.0,3.0,86194,TIERS ETAT (COURS DU),M,"46,5951800","0,3824600",86,2019,50.0,1.0,1.0,4.0,2162754,1.0,1,3,1,1.0,,-1.0,0,2002.0,A01,138Â 289Â 465,2.0,6.0,-1.0,1651313,1.0,7,,0.0,2.0,1.0,B01,138Â 289Â 466,1.0
967582,201900009113,7,5,16:20,1,2,2,1.0,3.0,86194,TIERS ETAT (COURS DU),M,"46,5951800","0,3824600",86,2019,50.0,1.0,1.0,4.0,2162755,1.0,1,1,1,0.0,,-1.0,0,1977.0,B01,138Â 289Â 466,1.0,0.0,-1.0,1651312,1.0,30,,0.0,2.0,8.0,A01,138Â 289Â 465,1.0
967582,201900009113,7,5,16:20,1,2,2,1.0,3.0,86194,TIERS ETAT (COURS DU),M,"46,5951800","0,3824600",86,2019,50.0,1.0,1.0,4.0,2162755,1.0,1,1,1,0.0,,-1.0,0,1977.0,B01,138Â 289Â 466,1.0,0.0,-1.0,1651313,1.0,7,,0.0,2.0,1.0,B01,138Â 289Â 466,1.0
967583,201900009114,7,3,15:55,1,2,9,1.0,6.0,86194,8 MAI 1945 (AVENUE DU),M,"46,5543300","0,3091400",86,2019,50.0,1.0,1.0,6.0,2162756,10.0,3,3,2,5.0,,2.0,3,1939.0,A01,138Â 289Â 464,8.0,0.0,-1.0,1651314,3.0,7,,0.0,1.0,1.0,A01,138Â 289Â 464,0.0
967583,201900009114,7,3,15:55,1,2,9,1.0,6.0,86194,8 MAI 1945 (AVENUE DU),M,"46,5543300","0,3091400",86,2019,50.0,1.0,1.0,6.0,2162757,1.0,1,1,2,0.0,,-1.0,0,1970.0,A01,138Â 289Â 464,1.0,8.0,-1.0,1651314,3.0,7,,0.0,1.0,1.0,A01,138Â 289Â 464,0.0
967584,201900009115,7,2,15:10,1,2,1,1.0,6.0,85194, COURS JOSEPH DUPONT ,M,"46,4978200"," -1,7793500",85,2019,50.0,1.0,1.0,4.0,2162758,10.0,3,4,2,1.0,,3.0,3,1957.0,A01,138Â 289Â 463,8.0,0.0,-1.0,1651315,3.0,7,,0.0,1.0,5.0,A01,138Â 289Â 463,1.0
967584,201900009115,7,2,15:10,1,2,1,1.0,6.0,85194, COURS JOSEPH DUPONT ,M,"46,4978200"," -1,7793500",85,2019,50.0,1.0,1.0,4.0,2162759,1.0,1,1,1,4.0,,0.0,0,1976.0,A01,138Â 289Â 463,1.0,8.0,-1.0,1651315,3.0,7,,0.0,1.0,5.0,A01,138Â 289Â 463,1.0