Unnamed: 0_x,num_acc,mois,jour,hrmn,lum,agg,int,atm,col,com,adr,gps,lat,long,dep,annee,vma,situ,surf,catr,Unnamed: 0_y,place,catu,grav,sexe,trajet,secu,locp,actp,an_nais,num_veh_x,id_vehicule_x,secu1,secu2,secu3,Unnamed: 0,senc,catv,occutc,obs,obsm,choc,num_veh_y,id_vehicule_y,motor
967585,201900009116,7,5,07:20,1,2,1,1.0,2.0,83137,LE BELLEGOU (AVE EDOUARD),M,"43,1193600","5,9391700",83,2019,50.0,1.0,1.0,4.0,2162760,1.0,1,3,1,5.0,,-1.0,0,1972.0,A01,138Â 289Â 461,2.0,6.0,-1.0,1651316,3.0,33,,1.0,2.0,1.0,A01,138Â 289Â 461,1.0
967585,201900009116,7,5,07:20,1,2,1,1.0,2.0,83137,LE BELLEGOU (AVE EDOUARD),M,"43,1193600","5,9391700",83,2019,50.0,1.0,1.0,4.0,2162760,1.0,1,3,1,5.0,,-1.0,0,1972.0,A01,138Â 289Â 461,2.0,6.0,-1.0,1651317,3.0,99,,0.0,2.0,6.0,B01,138Â 289Â 462,1.0
967585,201900009116,7,5,07:20,1,2,1,1.0,2.0,83137,LE BELLEGOU (AVE EDOUARD),M,"43,1193600","5,9391700",83,2019,50.0,1.0,1.0,4.0,2162761,1.0,1,1,1,4.0,,-1.0,0,1963.0,B01,138Â 289Â 462,8.0,0.0,-1.0,1651316,3.0,33,,1.0,2.0,1.0,A01,138Â 289Â 461,1.0
967585,201900009116,7,5,07:20,1,2,1,1.0,2.0,83137,LE BELLEGOU (AVE EDOUARD),M,"43,1193600","5,9391700",83,2019,50.0,1.0,1.0,4.0,2162761,1.0,1,1,1,4.0,,-1.0,0,1963.0,B01,138Â 289Â 462,8.0,0.0,-1.0,1651317,3.0,99,,0.0,2.0,6.0,B01,138Â 289Â 462,1.0
967586,201900009117,7,4,14:00,1,2,1,1.0,6.0,83137,CAMUS (AVE ALBERT),M,"43,1302500","5,8818900",83,2019,30.0,1.0,1.0,4.0,2162762,1.0,1,3,1,5.0,,-1.0,0,2001.0,A01,138Â 289Â 460,8.0,0.0,-1.0,1651318,1.0,36,,1.0,0.0,1.0,A01,138Â 289Â 460,1.0
967587,201900009118,7,5,22:26,5,2,3,1.0,3.0,83126,MOUISSEQUES (PLACE DES),M,"43,1017700","5,8944700",83,2019,50.0,1.0,1.0,4.0,2162763,1.0,1,3,1,-1.0,,-1.0, -1,1990.0,F01,138Â 289Â 458,2.0,6.0,-1.0,1651319,3.0,33,,0.0,2.0,1.0,F01,138Â 289Â 458,1.0
967587,201900009118,7,5,22:26,5,2,3,1.0,3.0,83126,MOUISSEQUES (PLACE DES),M,"43,1017700","5,8944700",83,2019,50.0,1.0,1.0,4.0,2162763,1.0,1,3,1,-1.0,,-1.0, -1,1990.0,F01,138Â 289Â 458,2.0,6.0,-1.0,1651320,3.0,7,,0.0,2.0,2.0,A01,138Â 289Â 459,1.0
967587,201900009118,7,5,22:26,5,2,3,1.0,3.0,83126,MOUISSEQUES (PLACE DES),M,"43,1017700","5,8944700",83,2019,50.0,1.0,1.0,4.0,2162764,1.0,1,4,2,1.0,,-1.0,0,1970.0,A01,138Â 289Â 459,1.0,0.0,-1.0,1651319,3.0,33,,0.0,2.0,1.0,F01,138Â 289Â 458,1.0
967587,201900009118,7,5,22:26,5,2,3,1.0,3.0,83126,MOUISSEQUES (PLACE DES),M,"43,1017700","5,8944700",83,2019,50.0,1.0,1.0,4.0,2162764,1.0,1,4,2,1.0,,-1.0,0,1970.0,A01,138Â 289Â 459,1.0,0.0,-1.0,1651320,3.0,7,,0.0,2.0,2.0,A01,138Â 289Â 459,1.0
967588,201900009119,7,4,22:15,5,2,1,1.0,1.0,83118,BOULEVARD DE L'ASPÃ,M,"43,4455400","6,8120800",83,2019,50.0,1.0,1.0,4.0,2162765,1.0,1,1,1,5.0,,-1.0, -1,1987.0,A01,138Â 289Â 456,1.0,0.0,-1.0,1651321,3.0,7,,0.0,2.0,1.0,A01,138Â 289Â 456,1.0
967588,201900009119,7,4,22:15,5,2,1,1.0,1.0,83118,BOULEVARD DE L'ASPÃ,M,"43,4455400","6,8120800",83,2019,50.0,1.0,1.0,4.0,2162765,1.0,1,1,1,5.0,,-1.0, -1,1987.0,A01,138Â 289Â 456,1.0,0.0,-1.0,1651322,3.0,7,,0.0,2.0,3.0,B01,138Â 289Â 457,1.0
967588,201900009119,7,4,22:15,5,2,1,1.0,1.0,83118,BOULEVARD DE L'ASPÃ,M,"43,4455400","6,8120800",83,2019,50.0,1.0,1.0,4.0,2162766,2.0,2,1,1,5.0,,-1.0,0,1989.0,A01,138Â 289Â 456,1.0,0.0,-1.0,1651321,3.0,7,,0.0,2.0,1.0,A01,138Â 289Â 456,1.0
967588,201900009119,7,4,22:15,5,2,1,1.0,1.0,83118,BOULEVARD DE L'ASPÃ,M,"43,4455400","6,8120800",83,2019,50.0,1.0,1.0,4.0,2162766,2.0,2,1,1,5.0,,-1.0,0,1989.0,A01,138Â 289Â 456,1.0,0.0,-1.0,1651322,3.0,7,,0.0,2.0,3.0,B01,138Â 289Â 457,1.0
967588,201900009119,7,4,22:15,5,2,1,1.0,1.0,83118,BOULEVARD DE L'ASPÃ,M,"43,4455400","6,8120800",83,2019,50.0,1.0,1.0,4.0,2162767,3.0,2,4,2,5.0,,-1.0, -1,1993.0,A01,138Â 289Â 456,1.0,0.0,-1.0,1651321,3.0,7,,0.0,2.0,1.0,A01,138Â 289Â 456,1.0
967588,201900009119,7,4,22:15,5,2,1,1.0,1.0,83118,BOULEVARD DE L'ASPÃ,M,"43,4455400","6,8120800",83,2019,50.0,1.0,1.0,4.0,2162767,3.0,2,4,2,5.0,,-1.0, -1,1993.0,A01,138Â 289Â 456,1.0,0.0,-1.0,1651322,3.0,7,,0.0,2.0,3.0,B01,138Â 289Â 457,1.0
967588,201900009119,7,4,22:15,5,2,1,1.0,1.0,83118,BOULEVARD DE L'ASPÃ,M,"43,4455400","6,8120800",83,2019,50.0,1.0,1.0,4.0,2162768,2.0,2,4,2,5.0,,-1.0,0,1978.0,B01,138Â 289Â 457,1.0,0.0,-1.0,1651321,3.0,7,,0.0,2.0,1.0,A01,138Â 289Â 456,1.0
967588,201900009119,7,4,22:15,5,2,1,1.0,1.0,83118,BOULEVARD DE L'ASPÃ,M,"43,4455400","6,8120800",83,2019,50.0,1.0,1.0,4.0,2162768,2.0,2,4,2,5.0,,-1.0,0,1978.0,B01,138Â 289Â 457,1.0,0.0,-1.0,1651322,3.0,7,,0.0,2.0,3.0,B01,138Â 289Â 457,1.0
967588,201900009119,7,4,22:15,5,2,1,1.0,1.0,83118,BOULEVARD DE L'ASPÃ,M,"43,4455400","6,8120800",83,2019,50.0,1.0,1.0,4.0,2162769,1.0,1,4,2,0.0,,-1.0,0,1981.0,B01,138Â 289Â 457,1.0,0.0,-1.0,1651321,3.0,7,,0.0,2.0,1.0,A01,138Â 289Â 456,1.0
967588,201900009119,7,4,22:15,5,2,1,1.0,1.0,83118,BOULEVARD DE L'ASPÃ,M,"43,4455400","6,8120800",83,2019,50.0,1.0,1.0,4.0,2162769,1.0,1,4,2,0.0,,-1.0,0,1981.0,B01,138Â 289Â 457,1.0,0.0,-1.0,1651322,3.0,7,,0.0,2.0,3.0,B01,138Â 289Â 457,1.0
967588,201900009119,7,4,22:15,5,2,1,1.0,1.0,83118,BOULEVARD DE L'ASPÃ,M,"43,4455400","6,8120800",83,2019,50.0,1.0,1.0,4.0,2162770,5.0,2,4,2,5.0,,-1.0,0,2007.0,B01,138Â 289Â 457,1.0,0.0,-1.0,1651321,3.0,7,,0.0,2.0,1.0,A01,138Â 289Â 456,1.0
967588,201900009119,7,4,22:15,5,2,1,1.0,1.0,83118,BOULEVARD DE L'ASPÃ,M,"43,4455400","6,8120800",83,2019,50.0,1.0,1.0,4.0,2162770,5.0,2,4,2,5.0,,-1.0,0,2007.0,B01,138Â 289Â 457,1.0,0.0,-1.0,1651322,3.0,7,,0.0,2.0,3.0,B01,138Â 289Â 457,1.0
967588,201900009119,7,4,22:15,5,2,1,1.0,1.0,83118,BOULEVARD DE L'ASPÃ,M,"43,4455400","6,8120800",83,2019,50.0,1.0,1.0,4.0,2162771,4.0,2,4,1,5.0,,-1.0, -1,2013.0,B01,138Â 289Â 457,1.0,0.0,-1.0,1651321,3.0,7,,0.0,2.0,1.0,A01,138Â 289Â 456,1.0
967588,201900009119,7,4,22:15,5,2,1,1.0,1.0,83118,BOULEVARD DE L'ASPÃ,M,"43,4455400","6,8120800",83,2019,50.0,1.0,1.0,4.0,2162771,4.0,2,4,1,5.0,,-1.0, -1,2013.0,B01,138Â 289Â 457,1.0,0.0,-1.0,1651322,3.0,7,,0.0,2.0,3.0,B01,138Â 289Â 457,1.0
967588,201900009119,7,4,22:15,5,2,1,1.0,1.0,83118,BOULEVARD DE L'ASPÃ,M,"43,4455400","6,8120800",83,2019,50.0,1.0,1.0,4.0,2162772,3.0,2,4,2,5.0,,-1.0,0,2007.0,B01,138Â 289Â 457,1.0,0.0,-1.0,1651321,3.0,7,,0.0,2.0,1.0,A01,138Â 289Â 456,1.0
967588,201900009119,7,4,22:15,5,2,1,1.0,1.0,83118,BOULEVARD DE L'ASPÃ,M,"43,4455400","6,8120800",83,2019,50.0,1.0,1.0,4.0,2162772,3.0,2,4,2,5.0,,-1.0,0,2007.0,B01,138Â 289Â 457,1.0,0.0,-1.0,1651322,3.0,7,,0.0,2.0,3.0,B01,138Â 289Â 457,1.0
967589,201900009120,7,5,14:15,1,2,3,1.0,3.0,82121,LANIS (CHEMIN DE),M,"44,0297400","1,3306700",82,2019,50.0,1.0,1.0,4.0,2162773,1.0,1,4,1,1.0,,0.0,0,1981.0,C01,138Â 289Â 448,1.0,-1.0,-1.0,1651323,1.0,7,,0.0,2.0,1.0,C01,138Â 289Â 448,-1.0
967589,201900009120,7,5,14:15,1,2,3,1.0,3.0,82121,LANIS (CHEMIN DE),M,"44,0297400","1,3306700",82,2019,50.0,1.0,1.0,4.0,2162773,1.0,1,4,1,1.0,,0.0,0,1981.0,C01,138Â 289Â 448,1.0,-1.0,-1.0,1651324,2.0,7,,0.0,2.0,7.0,D01,138Â 289Â 449,-1.0
967589,201900009120,7,5,14:15,1,2,3,1.0,3.0,82121,LANIS (CHEMIN DE),M,"44,0297400","1,3306700",82,2019,50.0,1.0,1.0,4.0,2162774,1.0,1,4,2,5.0,,-1.0, -1,1999.0,D01,138Â 289Â 449,1.0,-1.0,-1.0,1651323,1.0,7,,0.0,2.0,1.0,C01,138Â 289Â 448,-1.0
967589,201900009120,7,5,14:15,1,2,3,1.0,3.0,82121,LANIS (CHEMIN DE),M,"44,0297400","1,3306700",82,2019,50.0,1.0,1.0,4.0,2162774,1.0,1,4,2,5.0,,-1.0, -1,1999.0,D01,138Â 289Â 449,1.0,-1.0,-1.0,1651324,2.0,7,,0.0,2.0,7.0,D01,138Â 289Â 449,-1.0
967590,201900009121,7,5,05:55,1,1,1,1.0,1.0,82121,SAINT-NAUPHARY D 999 (ROUTE DE),M,"43,9926300","1,3887600",82,2019,80.0,1.0,1.0,3.0,2162775,1.0,1,3,1,5.0,,-1.0,0,1971.0,A01,138Â 289Â 446,0.0,0.0,-1.0,1651325,1.0,7,,0.0,2.0,1.0,A01,138Â 289Â 446,1.0
967590,201900009121,7,5,05:55,1,1,1,1.0,1.0,82121,SAINT-NAUPHARY D 999 (ROUTE DE),M,"43,9926300","1,3887600",82,2019,80.0,1.0,1.0,3.0,2162775,1.0,1,3,1,5.0,,-1.0,0,1971.0,A01,138Â 289Â 446,0.0,0.0,-1.0,1651326,2.0,10,,9.0,2.0,1.0,B01,138Â 289Â 447,1.0
967590,201900009121,7,5,05:55,1,1,1,1.0,1.0,82121,SAINT-NAUPHARY D 999 (ROUTE DE),M,"43,9926300","1,3887600",82,2019,80.0,1.0,1.0,3.0,2162776,1.0,1,4,1,5.0,,-1.0,0,1934.0,B01,138Â 289Â 447,1.0,8.0,-1.0,1651325,1.0,7,,0.0,2.0,1.0,A01,138Â 289Â 446,1.0
967590,201900009121,7,5,05:55,1,1,1,1.0,1.0,82121,SAINT-NAUPHARY D 999 (ROUTE DE),M,"43,9926300","1,3887600",82,2019,80.0,1.0,1.0,3.0,2162776,1.0,1,4,1,5.0,,-1.0,0,1934.0,B01,138Â 289Â 447,1.0,8.0,-1.0,1651326,2.0,10,,9.0,2.0,1.0,B01,138Â 289Â 447,1.0
967591,201900009122,7,3,16:40,1,2,1,1.0,3.0,82121,MOULIN N 20 (AVENUE JEAN),M,"44,0256200","1,3655600",82,2019,50.0,1.0,1.0,4.0,2162777,1.0,1,1,2,0.0,,0.0,0,1978.0,A01,138Â 289Â 444,1.0,8.0,-1.0,1651327,2.0,7,,0.0,2.0,7.0,A01,138Â 289Â 444,1.0
967591,201900009122,7,3,16:40,1,2,1,1.0,3.0,82121,MOULIN N 20 (AVENUE JEAN),M,"44,0256200","1,3655600",82,2019,50.0,1.0,1.0,4.0,2162777,1.0,1,1,2,0.0,,0.0,0,1978.0,A01,138Â 289Â 444,1.0,8.0,-1.0,1651328,1.0,2,,0.0,2.0,8.0,B01,138Â 289Â 445,1.0
967591,201900009122,7,3,16:40,1,2,1,1.0,3.0,82121,MOULIN N 20 (AVENUE JEAN),M,"44,0256200","1,3655600",82,2019,50.0,1.0,1.0,4.0,2162778,1.0,1,3,1,5.0,,0.0,0,1953.0,B01,138Â 289Â 445,2.0,6.0,-1.0,1651327,2.0,7,,0.0,2.0,7.0,A01,138Â 289Â 444,1.0
967591,201900009122,7,3,16:40,1,2,1,1.0,3.0,82121,MOULIN N 20 (AVENUE JEAN),M,"44,0256200","1,3655600",82,2019,50.0,1.0,1.0,4.0,2162778,1.0,1,3,1,5.0,,0.0,0,1953.0,B01,138Â 289Â 445,2.0,6.0,-1.0,1651328,1.0,2,,0.0,2.0,8.0,B01,138Â 289Â 445,1.0
967592,201900009123,7,3,17:30,1,2,1,1.0,6.0,80021,R DU GENERAL LECLERC,M,"49,8942800","2,2930500",80,2019,50.0,1.0,1.0,4.0,2162779,10.0,3,4,1,0.0,,2.0,3,1971.0,A01,138Â 289Â 439,8.0,0.0,-1.0,1651329,0.0,37,1.0,0.0,1.0,1.0,A01,138Â 289Â 439,1.0
967592,201900009123,7,3,17:30,1,2,1,1.0,6.0,80021,R DU GENERAL LECLERC,M,"49,8942800","2,2930500",80,2019,50.0,1.0,1.0,4.0,2162780,1.0,1,1,1,0.0,,0.0,0,1975.0,A01,138Â 289Â 439,1.0,0.0,-1.0,1651329,0.0,37,1.0,0.0,1.0,1.0,A01,138Â 289Â 439,1.0
967593,201900009124,7,5,15:05,1,2,2,1.0,6.0,79329,Boulevard de la LibÃ©ration,M,"46,9925200"," -0,2171500",79,2019,70.0,1.0,1.0,3.0,2162781,1.0,1,1,1,5.0,,-1.0,0,1994.0,A01,138Â 289Â 437,8.0,0.0,-1.0,1651330,2.0,7,,0.0,2.0,0.0,A01,138Â 289Â 437,1.0
967593,201900009124,7,5,15:05,1,2,2,1.0,6.0,79329,Boulevard de la LibÃ©ration,M,"46,9925200"," -0,2171500",79,2019,70.0,1.0,1.0,3.0,2162781,1.0,1,1,1,5.0,,-1.0,0,1994.0,A01,138Â 289Â 437,8.0,0.0,-1.0,1651331,2.0,33,,12.0,2.0,3.0,B01,138Â 289Â 438,1.0
967593,201900009124,7,5,15:05,1,2,2,1.0,6.0,79329,Boulevard de la LibÃ©ration,M,"46,9925200"," -0,2171500",79,2019,70.0,1.0,1.0,3.0,2162782,1.0,1,4,1,5.0,,-1.0,0,1994.0,B01,138Â 289Â 438,2.0,6.0,-1.0,1651330,2.0,7,,0.0,2.0,0.0,A01,138Â 289Â 437,1.0
967593,201900009124,7,5,15:05,1,2,2,1.0,6.0,79329,Boulevard de la LibÃ©ration,M,"46,9925200"," -0,2171500",79,2019,70.0,1.0,1.0,3.0,2162782,1.0,1,4,1,5.0,,-1.0,0,1994.0,B01,138Â 289Â 438,2.0,6.0,-1.0,1651331,2.0,33,,12.0,2.0,3.0,B01,138Â 289Â 438,1.0
967594,201900009125,7,3,19:30,1,2,3,1.0,6.0,78396,PROCESSION (RUE DE LA),M,"48,9435000","2,1300900",78,2019,50.0,3.0,1.0,3.0,2162783,1.0,1,3,1,0.0,,-1.0,0,1947.0,A01,138Â 289Â 436,1.0,8.0,-1.0,1651332,1.0,7,,1.0,0.0,1.0,A01,138Â 289Â 436,1.0
967595,201900009126,7,6,23:31,5,1,1,1.0,7.0,77468,D199 - ROUTE DE LA MARNE,M,"48,8459600","2,6444300",77,2019,110.0,1.0,1.0,3.0,2162784,1.0,1,1,1,4.0,,-1.0,0,1990.0,A01,138Â 289Â 435,1.0,5.0,-1.0,1651333,2.0,7,,13.0,0.0,1.0,A01,138Â 289Â 435,1.0
967595,201900009126,7,6,23:31,5,1,1,1.0,7.0,77468,D199 - ROUTE DE LA MARNE,M,"48,8459600","2,6444300",77,2019,110.0,1.0,1.0,3.0,2162785,4.0,2,4,1,4.0,,-1.0,0,1979.0,A01,138Â 289Â 435,1.0,0.0,-1.0,1651333,2.0,7,,13.0,0.0,1.0,A01,138Â 289Â 435,1.0
967595,201900009126,7,6,23:31,5,1,1,1.0,7.0,77468,D199 - ROUTE DE LA MARNE,M,"48,8459600","2,6444300",77,2019,110.0,1.0,1.0,3.0,2162786,2.0,2,4,1,4.0,,-1.0,0,1984.0,A01,138Â 289Â 435,1.0,5.0,-1.0,1651333,2.0,7,,13.0,0.0,1.0,A01,138Â 289Â 435,1.0
967596,201900009127,7,4,12:05,1,2,3,1.0,3.0,77083,FLANDRES DUNKERQUE 1940 (RUE),M,"48,8494407","2,5824209",77,2019,50.0,1.0,1.0,4.0,2162787,1.0,1,4,1,0.0,,-1.0,0,1998.0,B01,138Â 289Â 433,2.0,0.0,-1.0,1651334,3.0,31,,0.0,2.0,5.0,B01,138Â 289Â 433,1.0
967596,201900009127,7,4,12:05,1,2,3,1.0,3.0,77083,FLANDRES DUNKERQUE 1940 (RUE),M,"48,8494407","2,5824209",77,2019,50.0,1.0,1.0,4.0,2162787,1.0,1,4,1,0.0,,-1.0,0,1998.0,B01,138Â 289Â 433,2.0,0.0,-1.0,1651335,3.0,7,,0.0,2.0,6.0,A01,138Â 289Â 434,1.0
967596,201900009127,7,4,12:05,1,2,3,1.0,3.0,77083,FLANDRES DUNKERQUE 1940 (RUE),M,"48,8494407","2,5824209",77,2019,50.0,1.0,1.0,4.0,2162788,1.0,1,1,1,4.0,,-1.0, -1,1985.0,A01,138Â 289Â 434,1.0,0.0,-1.0,1651334,3.0,31,,0.0,2.0,5.0,B01,138Â 289Â 433,1.0
967596,201900009127,7,4,12:05,1,2,3,1.0,3.0,77083,FLANDRES DUNKERQUE 1940 (RUE),M,"48,8494407","2,5824209",77,2019,50.0,1.0,1.0,4.0,2162788,1.0,1,1,1,4.0,,-1.0, -1,1985.0,A01,138Â 289Â 434,1.0,0.0,-1.0,1651335,3.0,7,,0.0,2.0,6.0,A01,138Â 289Â 434,1.0
967597,201900009128,7,4,22:20,5,2,6,1.0,6.0,77305,D403 X D133-TOURNEBRIDE (GIRATOIRE DE),M,"48,3988313","2,9781252",77,2019,50.0,1.0,1.0,3.0,2162789,1.0,1,3,1,5.0,,0.0,0,1980.0,A01,138Â 289Â 432,8.0,0.0,-1.0,1651336,2.0,33,,7.0,0.0,1.0,A01,138Â 289Â 432,1.0
967598,201900009129,7,5,05:20,2,2,2,1.0,3.0,77326,D346 X D50,M,"48,5778675","2,5637552",77,2019,50.0,1.0,1.0,3.0,2162790,2.0,2,4,1,5.0,,-1.0,0,2003.0,A01,138Â 289Â 430,1.0,0.0,-1.0,1651337,1.0,7,,0.0,2.0,1.0,A01,138Â 289Â 430,1.0
967598,201900009129,7,5,05:20,2,2,2,1.0,3.0,77326,D346 X D50,M,"48,5778675","2,5637552",77,2019,50.0,1.0,1.0,3.0,2162790,2.0,2,4,1,5.0,,-1.0,0,2003.0,A01,138Â 289Â 430,1.0,0.0,-1.0,1651338,1.0,7,,0.0,2.0,5.0,B01,138Â 289Â 431,1.0
967598,201900009129,7,5,05:20,2,2,2,1.0,3.0,77326,D346 X D50,M,"48,5778675","2,5637552",77,2019,50.0,1.0,1.0,3.0,2162791,1.0,1,1,1,5.0,,-1.0,0,1996.0,A01,138Â 289Â 430,1.0,0.0,-1.0,1651337,1.0,7,,0.0,2.0,1.0,A01,138Â 289Â 430,1.0
967598,201900009129,7,5,05:20,2,2,2,1.0,3.0,77326,D346 X D50,M,"48,5778675","2,5637552",77,2019,50.0,1.0,1.0,3.0,2162791,1.0,1,1,1,5.0,,-1.0,0,1996.0,A01,138Â 289Â 430,1.0,0.0,-1.0,1651338,1.0,7,,0.0,2.0,5.0,B01,138Â 289Â 431,1.0
967598,201900009129,7,5,05:20,2,2,2,1.0,3.0,77326,D346 X D50,M,"48,5778675","2,5637552",77,2019,50.0,1.0,1.0,3.0,2162792,1.0,1,4,1,1.0,,-1.0,0,1958.0,B01,138Â 289Â 431,1.0,0.0,-1.0,1651337,1.0,7,,0.0,2.0,1.0,A01,138Â 289Â 430,1.0
967598,201900009129,7,5,05:20,2,2,2,1.0,3.0,77326,D346 X D50,M,"48,5778675","2,5637552",77,2019,50.0,1.0,1.0,3.0,2162792,1.0,1,4,1,1.0,,-1.0,0,1958.0,B01,138Â 289Â 431,1.0,0.0,-1.0,1651338,1.0,7,,0.0,2.0,5.0,B01,138Â 289Â 431,1.0
967599,201900009130,7,5,02:15,5,2,1,1.0,2.0,77288,D39-PASTEUR (QUAI),M,"48,5378900","2,6580300",77,2019,30.0,1.0,1.0,3.0,2162793,1.0,1,3,1,0.0,,-1.0,0,2001.0,Y01,138Â 289Â 428,8.0,0.0,-1.0,1651339,1.0,99,,0.0,2.0,0.0,Y01,138Â 289Â 428,3.0
967599,201900009130,7,5,02:15,5,2,1,1.0,2.0,77288,D39-PASTEUR (QUAI),M,"48,5378900","2,6580300",77,2019,30.0,1.0,1.0,3.0,2162793,1.0,1,3,1,0.0,,-1.0,0,2001.0,Y01,138Â 289Â 428,8.0,0.0,-1.0,1651340,1.0,34,,0.0,2.0,0.0,A01,138Â 289Â 429,1.0
967599,201900009130,7,5,02:15,5,2,1,1.0,2.0,77288,D39-PASTEUR (QUAI),M,"48,5378900","2,6580300",77,2019,30.0,1.0,1.0,3.0,2162794,1.0,1,4,1,0.0,,-1.0,0,2000.0,A01,138Â 289Â 429,2.0,8.0,-1.0,1651339,1.0,99,,0.0,2.0,0.0,Y01,138Â 289Â 428,3.0
967599,201900009130,7,5,02:15,5,2,1,1.0,2.0,77288,D39-PASTEUR (QUAI),M,"48,5378900","2,6580300",77,2019,30.0,1.0,1.0,3.0,2162794,1.0,1,4,1,0.0,,-1.0,0,2000.0,A01,138Â 289Â 429,2.0,8.0,-1.0,1651340,1.0,34,,0.0,2.0,0.0,A01,138Â 289Â 429,1.0
967600,201900009131,7,4,07:28,1,2,4,1.0,6.0,77285,BOIS GUYOT (RUE DU),M,"48,5379408","2,6227704",77,2019,50.0,2.0,1.0,4.0,2162795,10.0,3,3,1,4.0,,3.0,B,1971.0,Z01,138Â 289Â 427,8.0,4.0,-1.0,1651341,1.0,7,,0.0,1.0,1.0,Z01,138Â 289Â 427,0.0
967601,201900009132,7,4,18:10,1,2,1,1.0,6.0,77284,ARIANE (ALLEE),M,"48,9543600","2,9070100",77,2019,30.0,1.0,1.0,4.0,2162796,10.0,3,3,1,5.0,,1.0,5,2017.0,A01,138Â 289Â 424,8.0,0.0,-1.0,1651342,1.0,7,,0.0,1.0,1.0,A01,138Â 289Â 424,1.0
967601,201900009132,7,4,18:10,1,2,1,1.0,6.0,77284,ARIANE (ALLEE),M,"48,9543600","2,9070100",77,2019,30.0,1.0,1.0,4.0,2162797,1.0,1,1,1,4.0,,-1.0,0,1957.0,A01,138Â 289Â 424,1.0,8.0,-1.0,1651342,1.0,7,,0.0,1.0,1.0,A01,138Â 289Â 424,1.0
967602,201900009133,7,3,09:05,1,2,2,1.0,5.0,77243,D231 X RUE LOUIS BLERIOT,M,"48,8747800","2,7231400",77,2019,50.0,1.0,1.0,3.0,2162798,1.0,1,4,1,1.0,,-1.0,0,1994.0,A01,138Â 289Â 421,1.0,0.0,-1.0,1651343,1.0,7,,0.0,2.0,1.0,A01,138Â 289Â 421,1.0
967602,201900009133,7,3,09:05,1,2,2,1.0,5.0,77243,D231 X RUE LOUIS BLERIOT,M,"48,8747800","2,7231400",77,2019,50.0,1.0,1.0,3.0,2162798,1.0,1,4,1,1.0,,-1.0,0,1994.0,A01,138Â 289Â 421,1.0,0.0,-1.0,1651344,1.0,7,,0.0,2.0,4.0,B01,138Â 289Â 422,1.0
967602,201900009133,7,3,09:05,1,2,2,1.0,5.0,77243,D231 X RUE LOUIS BLERIOT,M,"48,8747800","2,7231400",77,2019,50.0,1.0,1.0,3.0,2162798,1.0,1,4,1,1.0,,-1.0,0,1994.0,A01,138Â 289Â 421,1.0,0.0,-1.0,1651345,2.0,7,,0.0,2.0,4.0,C01,138Â 289Â 423,1.0
967602,201900009133,7,3,09:05,1,2,2,1.0,5.0,77243,D231 X RUE LOUIS BLERIOT,M,"48,8747800","2,7231400",77,2019,50.0,1.0,1.0,3.0,2162799,1.0,1,4,1,0.0,,-1.0,0,1980.0,B01,138Â 289Â 422,1.0,0.0,-1.0,1651343,1.0,7,,0.0,2.0,1.0,A01,138Â 289Â 421,1.0
967602,201900009133,7,3,09:05,1,2,2,1.0,5.0,77243,D231 X RUE LOUIS BLERIOT,M,"48,8747800","2,7231400",77,2019,50.0,1.0,1.0,3.0,2162799,1.0,1,4,1,0.0,,-1.0,0,1980.0,B01,138Â 289Â 422,1.0,0.0,-1.0,1651344,1.0,7,,0.0,2.0,4.0,B01,138Â 289Â 422,1.0
967602,201900009133,7,3,09:05,1,2,2,1.0,5.0,77243,D231 X RUE LOUIS BLERIOT,M,"48,8747800","2,7231400",77,2019,50.0,1.0,1.0,3.0,2162799,1.0,1,4,1,0.0,,-1.0,0,1980.0,B01,138Â 289Â 422,1.0,0.0,-1.0,1651345,2.0,7,,0.0,2.0,4.0,C01,138Â 289Â 423,1.0
967602,201900009133,7,3,09:05,1,2,2,1.0,5.0,77243,D231 X RUE LOUIS BLERIOT,M,"48,8747800","2,7231400",77,2019,50.0,1.0,1.0,3.0,2162800,1.0,1,1,2,0.0,,-1.0,0,1985.0,C01,138Â 289Â 423,1.0,0.0,-1.0,1651343,1.0,7,,0.0,2.0,1.0,A01,138Â 289Â 421,1.0
967602,201900009133,7,3,09:05,1,2,2,1.0,5.0,77243,D231 X RUE LOUIS BLERIOT,M,"48,8747800","2,7231400",77,2019,50.0,1.0,1.0,3.0,2162800,1.0,1,1,2,0.0,,-1.0,0,1985.0,C01,138Â 289Â 423,1.0,0.0,-1.0,1651344,1.0,7,,0.0,2.0,4.0,B01,138Â 289Â 422,1.0
967602,201900009133,7,3,09:05,1,2,2,1.0,5.0,77243,D231 X RUE LOUIS BLERIOT,M,"48,8747800","2,7231400",77,2019,50.0,1.0,1.0,3.0,2162800,1.0,1,1,2,0.0,,-1.0,0,1985.0,C01,138Â 289Â 423,1.0,0.0,-1.0,1651345,2.0,7,,0.0,2.0,4.0,C01,138Â 289Â 423,1.0
967603,201900009134,7,5,08:45,1,2,2,1.0,3.0,76498,DOCTEUR CHARCOT. RUE DU,M,"49,4298900","1,0644000",76,2019,50.0,1.0,1.0,4.0,2162801,1.0,1,4,2,5.0,,0.0,0,1984.0,B01,138Â 289Â 416,1.0,0.0,-1.0,1651346,0.0,7,,0.0,2.0,7.0,B01,138Â 289Â 416,1.0
967603,201900009134,7,5,08:45,1,2,2,1.0,3.0,76498,DOCTEUR CHARCOT. RUE DU,M,"49,4298900","1,0644000",76,2019,50.0,1.0,1.0,4.0,2162801,1.0,1,4,2,5.0,,0.0,0,1984.0,B01,138Â 289Â 416,1.0,0.0,-1.0,1651347,0.0,7,,0.0,0.0,0.0,Z01,138Â 289Â 417,0.0