Unnamed: 0_x,num_acc,mois,jour,hrmn,lum,agg,int,atm,col,com,adr,gps,lat,long,dep,annee,vma,situ,surf,catr,Unnamed: 0_y,place,catu,grav,sexe,trajet,secu,locp,actp,an_nais,num_veh_x,id_vehicule_x,secu1,secu2,secu3,Unnamed: 0,senc,catv,occutc,obs,obsm,choc,num_veh_y,id_vehicule_y,motor
967604,201900009135,7,5,11:20,1,2,1,1.0,6.0,76351,AUGUSTE BLANQUI (PONT),M,"49,4998000","0,1624000",76,2019,50.0,1.0,1.0,4.0,2162802,10.0,3,4,2,1.0,,3.0,3,1997.0,Z01,138Â 289Â 415,8.0,0.0,-1.0,1651348,0.0,30,,0.0,1.0,1.0,Z01,138Â 289Â 415,1.0
967605,201900009136,7,4,07:45,1,1,2,1.0,6.0,76305,BREQUE (Route de la),M,"49,4877800","0,1962100",76,2019,70.0,1.0,1.0,4.0,2162803,1.0,1,4,2,0.0,,0.0,0,1971.0,A01,138Â 289Â 413,1.0,8.0,-1.0,1651349,0.0,7,,0.0,2.0,8.0,A01,138Â 289Â 413,1.0
967605,201900009136,7,4,07:45,1,1,2,1.0,6.0,76305,BREQUE (Route de la),M,"49,4877800","0,1962100",76,2019,70.0,1.0,1.0,4.0,2162803,1.0,1,4,2,0.0,,0.0,0,1971.0,A01,138Â 289Â 413,1.0,8.0,-1.0,1651350,0.0,7,,0.0,2.0,7.0,B01,138Â 289Â 414,1.0
967605,201900009136,7,4,07:45,1,1,2,1.0,6.0,76305,BREQUE (Route de la),M,"49,4877800","0,1962100",76,2019,70.0,1.0,1.0,4.0,2162804,1.0,1,1,1,0.0,,0.0,0,1994.0,B01,138Â 289Â 414,1.0,8.0,-1.0,1651349,0.0,7,,0.0,2.0,8.0,A01,138Â 289Â 413,1.0
967605,201900009136,7,4,07:45,1,1,2,1.0,6.0,76305,BREQUE (Route de la),M,"49,4877800","0,1962100",76,2019,70.0,1.0,1.0,4.0,2162804,1.0,1,1,1,0.0,,0.0,0,1994.0,B01,138Â 289Â 414,1.0,8.0,-1.0,1651350,0.0,7,,0.0,2.0,7.0,B01,138Â 289Â 414,1.0
967606,201900009137,7,3,13:30,1,2,1,1.0,6.0,76447,4 SAISONS (RUE DES ),M,"49,5352200","0,1855100",76,2019,30.0,1.0,1.0,6.0,2162805,10.0,3,3,1,9.0,,9.0,9,1974.0,A01,138Â 289Â 412,8.0,0.0,-1.0,1651351,0.0,7,,0.0,1.0,1.0,A01,138Â 289Â 412,1.0
967606,201900009137,7,3,13:30,1,2,1,1.0,6.0,76447,4 SAISONS (RUE DES ),M,"49,5352200","0,1855100",76,2019,30.0,1.0,1.0,6.0,2162806,1.0,1,1,1,5.0,,0.0,0,1954.0,A01,138Â 289Â 412,1.0,8.0,-1.0,1651351,0.0,7,,0.0,1.0,1.0,A01,138Â 289Â 412,1.0
967607,201900009138,7,5,15:13,1,2,1,1.0,6.0,76217,GAMBETTA (AVENUE),M,"49,9151800","1,0747700",76,2019,50.0,1.0,1.0,3.0,2162807,1.0,1,1,1,4.0,,0.0,0,1985.0,A01,138Â 289Â 411,1.0,0.0,-1.0,1651352,1.0,7,,0.0,1.0,1.0,A01,138Â 289Â 411,0.0
967607,201900009138,7,5,15:13,1,2,1,1.0,6.0,76217,GAMBETTA (AVENUE),M,"49,9151800","1,0747700",76,2019,50.0,1.0,1.0,3.0,2162808,10.0,3,4,1,9.0,,4.0,3,1964.0,A01,138Â 289Â 411,8.0,0.0,-1.0,1651352,1.0,7,,0.0,1.0,1.0,A01,138Â 289Â 411,0.0
967608,201900009139,7,4,17:00,1,2,9,1.0,3.0,74305,HENON (RUE ALBERT),M,"46,2035500","6,2376100",74,2019,50.0,1.0,1.0,4.0,2162809,1.0,1,1,1,9.0,,-1.0,0,1959.0,A01,138Â 289Â 409,1.0,0.0,-1.0,1651353,3.0,10,,0.0,2.0,8.0,A01,138Â 289Â 409,1.0
967608,201900009139,7,4,17:00,1,2,9,1.0,3.0,74305,HENON (RUE ALBERT),M,"46,2035500","6,2376100",74,2019,50.0,1.0,1.0,4.0,2162809,1.0,1,1,1,9.0,,-1.0,0,1959.0,A01,138Â 289Â 409,1.0,0.0,-1.0,1651354,3.0,2,,0.0,2.0,1.0,B01,138Â 289Â 410,1.0
967608,201900009139,7,4,17:00,1,2,9,1.0,3.0,74305,HENON (RUE ALBERT),M,"46,2035500","6,2376100",74,2019,50.0,1.0,1.0,4.0,2162810,1.0,1,4,1,0.0,,-1.0,0,1998.0,B01,138Â 289Â 410,2.0,0.0,-1.0,1651353,3.0,10,,0.0,2.0,8.0,A01,138Â 289Â 409,1.0
967608,201900009139,7,4,17:00,1,2,9,1.0,3.0,74305,HENON (RUE ALBERT),M,"46,2035500","6,2376100",74,2019,50.0,1.0,1.0,4.0,2162810,1.0,1,4,1,0.0,,-1.0,0,1998.0,B01,138Â 289Â 410,2.0,0.0,-1.0,1651354,3.0,2,,0.0,2.0,1.0,B01,138Â 289Â 410,1.0
967609,201900009140,7,5,11:25,1,2,1,1.0,3.0,72181,BREGUET LOUIS (RUE),M,"47,9763500","0,1672600",72,2019,50.0,1.0,1.0,4.0,2162811,1.0,1,3,1,5.0,,0.0,0,1943.0,A01,138Â 289Â 406,8.0,0.0,-1.0,1651355,3.0,1,,0.0,2.0,1.0,A01,138Â 289Â 406,5.0
967609,201900009140,7,5,11:25,1,2,1,1.0,3.0,72181,BREGUET LOUIS (RUE),M,"47,9763500","0,1672600",72,2019,50.0,1.0,1.0,4.0,2162811,1.0,1,3,1,5.0,,0.0,0,1943.0,A01,138Â 289Â 406,8.0,0.0,-1.0,1651356,1.0,14,,0.0,2.0,2.0,B01,138Â 289Â 407,1.0
967609,201900009140,7,5,11:25,1,2,1,1.0,3.0,72181,BREGUET LOUIS (RUE),M,"47,9763500","0,1672600",72,2019,50.0,1.0,1.0,4.0,2162812,1.0,1,1,1,4.0,,0.0,0,1971.0,B01,138Â 289Â 407,1.0,0.0,-1.0,1651355,3.0,1,,0.0,2.0,1.0,A01,138Â 289Â 406,5.0
967609,201900009140,7,5,11:25,1,2,1,1.0,3.0,72181,BREGUET LOUIS (RUE),M,"47,9763500","0,1672600",72,2019,50.0,1.0,1.0,4.0,2162812,1.0,1,1,1,4.0,,0.0,0,1971.0,B01,138Â 289Â 407,1.0,0.0,-1.0,1651356,1.0,14,,0.0,2.0,2.0,B01,138Â 289Â 407,1.0
967609,201900009140,7,5,11:25,1,2,1,1.0,3.0,72181,BREGUET LOUIS (RUE),M,"47,9763500","0,1672600",72,2019,50.0,1.0,1.0,4.0,2162813,2.0,2,1,1,4.0,,0.0,0,1984.0,B01,138Â 289Â 407,1.0,0.0,-1.0,1651355,3.0,1,,0.0,2.0,1.0,A01,138Â 289Â 406,5.0
967609,201900009140,7,5,11:25,1,2,1,1.0,3.0,72181,BREGUET LOUIS (RUE),M,"47,9763500","0,1672600",72,2019,50.0,1.0,1.0,4.0,2162813,2.0,2,1,1,4.0,,0.0,0,1984.0,B01,138Â 289Â 407,1.0,0.0,-1.0,1651356,1.0,14,,0.0,2.0,2.0,B01,138Â 289Â 407,1.0
967610,201900009141,7,3,17:00,1,1,1,1.0,3.0,72181,Boulevard Henri FRENAY,M,"48,0156400","0,2405300",72,2019,90.0,1.0,1.0,4.0,2162814,1.0,1,4,2,0.0,,0.0,0,1956.0,A01,138Â 289Â 404,1.0,0.0,-1.0,1651357,1.0,7,,0.0,2.0,5.0,A01,138Â 289Â 404,1.0
967610,201900009141,7,3,17:00,1,1,1,1.0,3.0,72181,Boulevard Henri FRENAY,M,"48,0156400","0,2405300",72,2019,90.0,1.0,1.0,4.0,2162814,1.0,1,4,2,0.0,,0.0,0,1956.0,A01,138Â 289Â 404,1.0,0.0,-1.0,1651358,1.0,7,,0.0,2.0,3.0,B01,138Â 289Â 405,1.0
967610,201900009141,7,3,17:00,1,1,1,1.0,3.0,72181,Boulevard Henri FRENAY,M,"48,0156400","0,2405300",72,2019,90.0,1.0,1.0,4.0,2162815,1.0,1,1,1,0.0,,0.0,0,1968.0,B01,138Â 289Â 405,1.0,0.0,-1.0,1651357,1.0,7,,0.0,2.0,5.0,A01,138Â 289Â 404,1.0
967610,201900009141,7,3,17:00,1,1,1,1.0,3.0,72181,Boulevard Henri FRENAY,M,"48,0156400","0,2405300",72,2019,90.0,1.0,1.0,4.0,2162815,1.0,1,1,1,0.0,,0.0,0,1968.0,B01,138Â 289Â 405,1.0,0.0,-1.0,1651358,1.0,7,,0.0,2.0,3.0,B01,138Â 289Â 405,1.0
967611,201900009142,7,4,23:20,3,1,1,1.0,3.0,71540,HUIT MAI (AVENUE DU),M,"46,7738200","4,4475300",71,2019,80.0,1.0,1.0,3.0,2162816,2.0,2,4,1,5.0,,0.0,0,1999.0,B01,138Â 289Â 402,1.0,0.0,-1.0,1651359,3.0,7,,0.0,2.0,8.0,B01,138Â 289Â 402,1.0
967611,201900009142,7,4,23:20,3,1,1,1.0,3.0,71540,HUIT MAI (AVENUE DU),M,"46,7738200","4,4475300",71,2019,80.0,1.0,1.0,3.0,2162816,2.0,2,4,1,5.0,,0.0,0,1999.0,B01,138Â 289Â 402,1.0,0.0,-1.0,1651360,3.0,7,,0.0,2.0,8.0,A01,138Â 289Â 403,1.0
967611,201900009142,7,4,23:20,3,1,1,1.0,3.0,71540,HUIT MAI (AVENUE DU),M,"46,7738200","4,4475300",71,2019,80.0,1.0,1.0,3.0,2162817,1.0,1,4,1,5.0,,0.0,0,1956.0,B01,138Â 289Â 402,1.0,0.0,-1.0,1651359,3.0,7,,0.0,2.0,8.0,B01,138Â 289Â 402,1.0
967611,201900009142,7,4,23:20,3,1,1,1.0,3.0,71540,HUIT MAI (AVENUE DU),M,"46,7738200","4,4475300",71,2019,80.0,1.0,1.0,3.0,2162817,1.0,1,4,1,5.0,,0.0,0,1956.0,B01,138Â 289Â 402,1.0,0.0,-1.0,1651360,3.0,7,,0.0,2.0,8.0,A01,138Â 289Â 403,1.0
967611,201900009142,7,4,23:20,3,1,1,1.0,3.0,71540,HUIT MAI (AVENUE DU),M,"46,7738200","4,4475300",71,2019,80.0,1.0,1.0,3.0,2162818,1.0,1,1,1,0.0,,0.0,0,1956.0,A01,138Â 289Â 403,1.0,0.0,-1.0,1651359,3.0,7,,0.0,2.0,8.0,B01,138Â 289Â 402,1.0
967611,201900009142,7,4,23:20,3,1,1,1.0,3.0,71540,HUIT MAI (AVENUE DU),M,"46,7738200","4,4475300",71,2019,80.0,1.0,1.0,3.0,2162818,1.0,1,1,1,0.0,,0.0,0,1956.0,A01,138Â 289Â 403,1.0,0.0,-1.0,1651360,3.0,7,,0.0,2.0,8.0,A01,138Â 289Â 403,1.0
967612,201900009143,7,4,06:00,1,2,6,1.0,3.0,71153,HARFLEUR (ROND POINT D'),M,"46,7945200","4,4485500",71,2019,50.0,1.0,1.0,4.0,2162819,1.0,1,1,1,1.0,,0.0,0,1980.0,A01,138Â 289Â 400,1.0,0.0,-1.0,1651361,3.0,10,,0.0,2.0,6.0,A01,138Â 289Â 400,1.0
967612,201900009143,7,4,06:00,1,2,6,1.0,3.0,71153,HARFLEUR (ROND POINT D'),M,"46,7945200","4,4485500",71,2019,50.0,1.0,1.0,4.0,2162819,1.0,1,1,1,1.0,,0.0,0,1980.0,A01,138Â 289Â 400,1.0,0.0,-1.0,1651362,3.0,33,,0.0,2.0,2.0,B01,138Â 289Â 401,1.0
967612,201900009143,7,4,06:00,1,2,6,1.0,3.0,71153,HARFLEUR (ROND POINT D'),M,"46,7945200","4,4485500",71,2019,50.0,1.0,1.0,4.0,2162820,1.0,1,4,1,1.0,,-1.0, -1,1995.0,B01,138Â 289Â 401,2.0,0.0,-1.0,1651361,3.0,10,,0.0,2.0,6.0,A01,138Â 289Â 400,1.0
967612,201900009143,7,4,06:00,1,2,6,1.0,3.0,71153,HARFLEUR (ROND POINT D'),M,"46,7945200","4,4485500",71,2019,50.0,1.0,1.0,4.0,2162820,1.0,1,4,1,1.0,,-1.0, -1,1995.0,B01,138Â 289Â 401,2.0,0.0,-1.0,1651362,3.0,33,,0.0,2.0,2.0,B01,138Â 289Â 401,1.0
967613,201900009144,7,5,17:45,1,2,8,1.0,6.0,69282,JEAN JAURES                         (R ),M,"45,7699652","5,0126624",69,2019,50.0,1.0,1.0,4.0,2162821,2.0,2,1,1,4.0,,0.0,0,1986.0,A01,138Â 289Â 399,8.0,0.0,-1.0,1651363,3.0,40,,0.0,1.0,2.0,A01,138Â 289Â 399,3.0
967613,201900009144,7,5,17:45,1,2,8,1.0,6.0,69282,JEAN JAURES                         (R ),M,"45,7699652","5,0126624",69,2019,50.0,1.0,1.0,4.0,2162822,1.0,1,1,1,4.0,,0.0,0,1984.0,A01,138Â 289Â 399,8.0,0.0,-1.0,1651363,3.0,40,,0.0,1.0,2.0,A01,138Â 289Â 399,3.0
967613,201900009144,7,5,17:45,1,2,8,1.0,6.0,69282,JEAN JAURES                         (R ),M,"45,7699652","5,0126624",69,2019,50.0,1.0,1.0,4.0,2162823,10.0,3,4,1,5.0,,3.0,3,2005.0,A01,138Â 289Â 399,8.0,0.0,-1.0,1651363,3.0,40,,0.0,1.0,2.0,A01,138Â 289Â 399,3.0
967614,201900009145,7,5,17:45,1,2,3,1.0,6.0,69256,EUGENE HENAFF                       (R ),M,"45,7745200","4,9268400",69,2019,30.0,1.0,1.0,4.0,2162824,10.0,3,4,1,5.0,,2.0,1,2007.0,A01,138Â 289Â 398,8.0,0.0,-1.0,1651364,2.0,7,,0.0,6.0,7.0,A01,138Â 289Â 398,1.0
967614,201900009145,7,5,17:45,1,2,3,1.0,6.0,69256,EUGENE HENAFF                       (R ),M,"45,7745200","4,9268400",69,2019,30.0,1.0,1.0,4.0,2162825,10.0,3,4,1,5.0,,2.0,1,2006.0,A01,138Â 289Â 398,8.0,0.0,-1.0,1651364,2.0,7,,0.0,6.0,7.0,A01,138Â 289Â 398,1.0
967614,201900009145,7,5,17:45,1,2,3,1.0,6.0,69256,EUGENE HENAFF                       (R ),M,"45,7745200","4,9268400",69,2019,30.0,1.0,1.0,4.0,2162826,1.0,1,1,1,1.0,,-1.0, -1,1957.0,A01,138Â 289Â 398,8.0,0.0,-1.0,1651364,2.0,7,,0.0,6.0,7.0,A01,138Â 289Â 398,1.0
967615,201900009146,7,5,08:05,1,2,5,1.0,3.0,69266,LOUIS BRAILLE     (Rue),M,"45,7617000","4,8820400",69,2019,50.0,1.0,1.0,7.0,2162827,5.0,2,4,2,0.0,,0.0,0,2001.0,A01,138Â 289Â 396,8.0,0.0,-1.0,1651365,2.0,7,,9.0,2.0,1.0,A01,138Â 289Â 396,1.0
967615,201900009146,7,5,08:05,1,2,5,1.0,3.0,69266,LOUIS BRAILLE     (Rue),M,"45,7617000","4,8820400",69,2019,50.0,1.0,1.0,7.0,2162827,5.0,2,4,2,0.0,,0.0,0,2001.0,A01,138Â 289Â 396,8.0,0.0,-1.0,1651366,2.0,7,,9.0,0.0,3.0,B01,138Â 289Â 397,1.0
967615,201900009146,7,5,08:05,1,2,5,1.0,3.0,69266,LOUIS BRAILLE     (Rue),M,"45,7617000","4,8820400",69,2019,50.0,1.0,1.0,7.0,2162828,4.0,2,4,2,0.0,,0.0,0,2004.0,A01,138Â 289Â 396,8.0,0.0,-1.0,1651365,2.0,7,,9.0,2.0,1.0,A01,138Â 289Â 396,1.0
967615,201900009146,7,5,08:05,1,2,5,1.0,3.0,69266,LOUIS BRAILLE     (Rue),M,"45,7617000","4,8820400",69,2019,50.0,1.0,1.0,7.0,2162828,4.0,2,4,2,0.0,,0.0,0,2004.0,A01,138Â 289Â 396,8.0,0.0,-1.0,1651366,2.0,7,,9.0,0.0,3.0,B01,138Â 289Â 397,1.0
967615,201900009146,7,5,08:05,1,2,5,1.0,3.0,69266,LOUIS BRAILLE     (Rue),M,"45,7617000","4,8820400",69,2019,50.0,1.0,1.0,7.0,2162829,3.0,2,4,2,0.0,,0.0,0,2003.0,A01,138Â 289Â 396,8.0,0.0,-1.0,1651365,2.0,7,,9.0,2.0,1.0,A01,138Â 289Â 396,1.0
967615,201900009146,7,5,08:05,1,2,5,1.0,3.0,69266,LOUIS BRAILLE     (Rue),M,"45,7617000","4,8820400",69,2019,50.0,1.0,1.0,7.0,2162829,3.0,2,4,2,0.0,,0.0,0,2003.0,A01,138Â 289Â 396,8.0,0.0,-1.0,1651366,2.0,7,,9.0,0.0,3.0,B01,138Â 289Â 397,1.0
967615,201900009146,7,5,08:05,1,2,5,1.0,3.0,69266,LOUIS BRAILLE     (Rue),M,"45,7617000","4,8820400",69,2019,50.0,1.0,1.0,7.0,2162830,1.0,1,4,1,0.0,,0.0,0,1982.0,B01,138Â 289Â 397,1.0,0.0,-1.0,1651365,2.0,7,,9.0,2.0,1.0,A01,138Â 289Â 396,1.0
967615,201900009146,7,5,08:05,1,2,5,1.0,3.0,69266,LOUIS BRAILLE     (Rue),M,"45,7617000","4,8820400",69,2019,50.0,1.0,1.0,7.0,2162830,1.0,1,4,1,0.0,,0.0,0,1982.0,B01,138Â 289Â 397,1.0,0.0,-1.0,1651366,2.0,7,,9.0,0.0,3.0,B01,138Â 289Â 397,1.0
967616,201900009147,7,5,15:20,1,2,2,1.0,3.0,69264,FERRY JULES  R,M,"45,9822495","4,7350211",69,2019,50.0,1.0,1.0,4.0,2162831,1.0,1,1,1,0.0,,-1.0, -1,1960.0,B01,138Â 289Â 394,1.0,0.0,-1.0,1651367,3.0,7,,0.0,2.0,2.0,B01,138Â 289Â 394,0.0
967616,201900009147,7,5,15:20,1,2,2,1.0,3.0,69264,FERRY JULES  R,M,"45,9822495","4,7350211",69,2019,50.0,1.0,1.0,4.0,2162831,1.0,1,1,1,0.0,,-1.0, -1,1960.0,B01,138Â 289Â 394,1.0,0.0,-1.0,1651368,3.0,7,,0.0,2.0,3.0,A01,138Â 289Â 395,0.0
967616,201900009147,7,5,15:20,1,2,2,1.0,3.0,69264,FERRY JULES  R,M,"45,9822495","4,7350211",69,2019,50.0,1.0,1.0,4.0,2162832,1.0,1,4,2,0.0,,-1.0, -1,1970.0,A01,138Â 289Â 395,1.0,0.0,-1.0,1651367,3.0,7,,0.0,2.0,2.0,B01,138Â 289Â 394,0.0
967616,201900009147,7,5,15:20,1,2,2,1.0,3.0,69264,FERRY JULES  R,M,"45,9822495","4,7350211",69,2019,50.0,1.0,1.0,4.0,2162832,1.0,1,4,2,0.0,,-1.0, -1,1970.0,A01,138Â 289Â 395,1.0,0.0,-1.0,1651368,3.0,7,,0.0,2.0,3.0,A01,138Â 289Â 395,0.0
967617,201900009148,7,3,08:10,1,2,2,1.0,3.0,69091,VICTOR HUGO ( R ),M,"45,5884000","4,7710000",69,2019,50.0,1.0,1.0,4.0,2162833,1.0,1,1,1,1.0,,0.0,0,1990.0,A01,138Â 289Â 392,1.0,8.0,-1.0,1651369,3.0,7,,0.0,2.0,2.0,A01,138Â 289Â 392,1.0
967617,201900009148,7,3,08:10,1,2,2,1.0,3.0,69091,VICTOR HUGO ( R ),M,"45,5884000","4,7710000",69,2019,50.0,1.0,1.0,4.0,2162833,1.0,1,1,1,1.0,,0.0,0,1990.0,A01,138Â 289Â 392,1.0,8.0,-1.0,1651370,3.0,3,,0.0,2.0,3.0,B01,138Â 289Â 393,1.0
967617,201900009148,7,3,08:10,1,2,2,1.0,3.0,69091,VICTOR HUGO ( R ),M,"45,5884000","4,7710000",69,2019,50.0,1.0,1.0,4.0,2162834,1.0,1,4,1,1.0,,0.0,0,2001.0,B01,138Â 289Â 393,1.0,0.0,-1.0,1651369,3.0,7,,0.0,2.0,2.0,A01,138Â 289Â 392,1.0
967617,201900009148,7,3,08:10,1,2,2,1.0,3.0,69091,VICTOR HUGO ( R ),M,"45,5884000","4,7710000",69,2019,50.0,1.0,1.0,4.0,2162834,1.0,1,4,1,1.0,,0.0,0,2001.0,B01,138Â 289Â 393,1.0,0.0,-1.0,1651370,3.0,3,,0.0,2.0,3.0,B01,138Â 289Â 393,1.0
967618,201900009149,7,6,09:30,1,2,1,1.0,7.0,68224,STOESSEL (BOULEVARD CHARLES),M,"47,7413100","7,3221000",68,2019,50.0,1.0,1.0,4.0,2162835,2.0,2,2,2,5.0,,-1.0,0,1949.0,A01,138Â 289Â 386,8.0,0.0,-1.0,1651371,2.0,7,,6.0,0.0,1.0,A01,138Â 289Â 386,1.0
967618,201900009149,7,6,09:30,1,2,1,1.0,7.0,68224,STOESSEL (BOULEVARD CHARLES),M,"47,7413100","7,3221000",68,2019,50.0,1.0,1.0,4.0,2162836,1.0,1,2,1,5.0,,-1.0,0,1951.0,A01,138Â 289Â 386,1.0,8.0,-1.0,1651371,2.0,7,,6.0,0.0,1.0,A01,138Â 289Â 386,1.0
967619,201900009150,7,4,12:20,1,2,9,7.0,3.0,68066,REY (AVENUE JOSEPH),M,"48,0957300","7,3777600",68,2019,50.0,1.0,1.0,4.0,2162837,1.0,1,1,1,1.0,,-1.0,0,1976.0,A01,138Â 289Â 382,1.0,8.0,-1.0,1651372,1.0,7,,0.0,6.0,1.0,A01,138Â 289Â 382,1.0
967619,201900009150,7,4,12:20,1,2,9,7.0,3.0,68066,REY (AVENUE JOSEPH),M,"48,0957300","7,3777600",68,2019,50.0,1.0,1.0,4.0,2162837,1.0,1,1,1,1.0,,-1.0,0,1976.0,A01,138Â 289Â 382,1.0,8.0,-1.0,1651373,2.0,1,,0.0,2.0,1.0,B01,138Â 289Â 383,5.0
967619,201900009150,7,4,12:20,1,2,9,7.0,3.0,68066,REY (AVENUE JOSEPH),M,"48,0957300","7,3777600",68,2019,50.0,1.0,1.0,4.0,2162838,1.0,1,3,2,5.0,,-1.0,0,2004.0,B01,138Â 289Â 383,2.0,0.0,-1.0,1651372,1.0,7,,0.0,6.0,1.0,A01,138Â 289Â 382,1.0
967619,201900009150,7,4,12:20,1,2,9,7.0,3.0,68066,REY (AVENUE JOSEPH),M,"48,0957300","7,3777600",68,2019,50.0,1.0,1.0,4.0,2162838,1.0,1,3,2,5.0,,-1.0,0,2004.0,B01,138Â 289Â 383,2.0,0.0,-1.0,1651373,2.0,1,,0.0,2.0,1.0,B01,138Â 289Â 383,5.0
967620,201900009151,7,4,17:30,1,2,3,1.0,3.0,67482,PORTE DE L HOPITAL (RUE DE LA),M,"48,5768250","7,7497180",67,2019,30.0,1.0,1.0,4.0,2162839,1.0,1,4,2,0.0,,-1.0,0,1964.0,B01,138Â 289Â 380,8.0,0.0,-1.0,1651374,2.0,1,,0.0,2.0,1.0,B01,138Â 289Â 380,2.0
967620,201900009151,7,4,17:30,1,2,3,1.0,3.0,67482,PORTE DE L HOPITAL (RUE DE LA),M,"48,5768250","7,7497180",67,2019,30.0,1.0,1.0,4.0,2162839,1.0,1,4,2,0.0,,-1.0,0,1964.0,B01,138Â 289Â 380,8.0,0.0,-1.0,1651375,1.0,7,,0.0,2.0,3.0,A01,138Â 289Â 381,1.0
967620,201900009151,7,4,17:30,1,2,3,1.0,3.0,67482,PORTE DE L HOPITAL (RUE DE LA),M,"48,5768250","7,7497180",67,2019,30.0,1.0,1.0,4.0,2162840,1.0,1,1,1,5.0,,-1.0,0,1999.0,A01,138Â 289Â 381,1.0,8.0,-1.0,1651374,2.0,1,,0.0,2.0,1.0,B01,138Â 289Â 380,2.0
967620,201900009151,7,4,17:30,1,2,3,1.0,3.0,67482,PORTE DE L HOPITAL (RUE DE LA),M,"48,5768250","7,7497180",67,2019,30.0,1.0,1.0,4.0,2162840,1.0,1,1,1,5.0,,-1.0,0,1999.0,A01,138Â 289Â 381,1.0,8.0,-1.0,1651375,1.0,7,,0.0,2.0,3.0,A01,138Â 289Â 381,1.0
967621,201900009152,7,4,12:20,1,2,1,1.0,6.0,67218,LYON (RTE DE),M,"48,5297570","7,7113330",67,2019,50.0,2.0,1.0,4.0,2162841,10.0,3,4,1,2.0,,3.0,5,2012.0,A01,138Â 289Â 379,8.0,0.0,-1.0,1651376,1.0,10,,0.0,1.0,1.0,A01,138Â 289Â 379,1.0
967621,201900009152,7,4,12:20,1,2,1,1.0,6.0,67218,LYON (RTE DE),M,"48,5297570","7,7113330",67,2019,50.0,2.0,1.0,4.0,2162842,1.0,1,1,2,4.0,,-1.0,0,1969.0,A01,138Â 289Â 379,1.0,8.0,-1.0,1651376,1.0,10,,0.0,1.0,1.0,A01,138Â 289Â 379,1.0
967622,201900009153,7,3,19:15,1,2,1,1.0,2.0,67043,ROBERTSAU (RUE DE LA),M,"48,6129600","7,7648040",67,2019,40.0,1.0,1.0,4.0,2162843,1.0,1,1,1,0.0,,-1.0,0,1990.0,A01,138Â 289Â 377,1.0,8.0,-1.0,1651377,1.0,7,,0.0,2.0,1.0,A01,138Â 289Â 377,1.0
967622,201900009153,7,3,19:15,1,2,1,1.0,2.0,67043,ROBERTSAU (RUE DE LA),M,"48,6129600","7,7648040",67,2019,40.0,1.0,1.0,4.0,2162843,1.0,1,1,1,0.0,,-1.0,0,1990.0,A01,138Â 289Â 377,1.0,8.0,-1.0,1651378,1.0,7,,0.0,2.0,4.0,B01,138Â 289Â 378,1.0
967622,201900009153,7,3,19:15,1,2,1,1.0,2.0,67043,ROBERTSAU (RUE DE LA),M,"48,6129600","7,7648040",67,2019,40.0,1.0,1.0,4.0,2162844,1.0,1,4,2,0.0,,-1.0,0,1992.0,B01,138Â 289Â 378,1.0,0.0,-1.0,1651377,1.0,7,,0.0,2.0,1.0,A01,138Â 289Â 377,1.0
967622,201900009153,7,3,19:15,1,2,1,1.0,2.0,67043,ROBERTSAU (RUE DE LA),M,"48,6129600","7,7648040",67,2019,40.0,1.0,1.0,4.0,2162844,1.0,1,4,2,0.0,,-1.0,0,1992.0,B01,138Â 289Â 378,1.0,0.0,-1.0,1651378,1.0,7,,0.0,2.0,4.0,B01,138Â 289Â 378,1.0
967623,201900009154,7,3,14:25,1,2,1,1.0,4.0,67482,HERRENSCHMIDT (AVENUE),M,"48,5966200","7,7497290",67,2019,50.0,1.0,1.0,4.0,2162845,1.0,1,1,1,4.0,,-1.0,0,1978.0,C01,138Â 289Â 374,1.0,8.0,-1.0,1651379,1.0,7,,0.0,2.0,4.0,C01,138Â 289Â 374,1.0
967623,201900009154,7,3,14:25,1,2,1,1.0,4.0,67482,HERRENSCHMIDT (AVENUE),M,"48,5966200","7,7497290",67,2019,50.0,1.0,1.0,4.0,2162845,1.0,1,1,1,4.0,,-1.0,0,1978.0,C01,138Â 289Â 374,1.0,8.0,-1.0,1651380,1.0,7,,0.0,2.0,4.0,B01,138Â 289Â 375,1.0
967623,201900009154,7,3,14:25,1,2,1,1.0,4.0,67482,HERRENSCHMIDT (AVENUE),M,"48,5966200","7,7497290",67,2019,50.0,1.0,1.0,4.0,2162845,1.0,1,1,1,4.0,,-1.0,0,1978.0,C01,138Â 289Â 374,1.0,8.0,-1.0,1651381,1.0,7,,0.0,2.0,1.0,A01,138Â 289Â 376,1.0
967623,201900009154,7,3,14:25,1,2,1,1.0,4.0,67482,HERRENSCHMIDT (AVENUE),M,"48,5966200","7,7497290",67,2019,50.0,1.0,1.0,4.0,2162846,1.0,1,4,2,0.0,,-1.0,0,1986.0,B01,138Â 289Â 375,1.0,0.0,-1.0,1651379,1.0,7,,0.0,2.0,4.0,C01,138Â 289Â 374,1.0
967623,201900009154,7,3,14:25,1,2,1,1.0,4.0,67482,HERRENSCHMIDT (AVENUE),M,"48,5966200","7,7497290",67,2019,50.0,1.0,1.0,4.0,2162846,1.0,1,4,2,0.0,,-1.0,0,1986.0,B01,138Â 289Â 375,1.0,0.0,-1.0,1651380,1.0,7,,0.0,2.0,4.0,B01,138Â 289Â 375,1.0