Unnamed: 0_x,num_acc,mois,jour,hrmn,lum,agg,int,atm,col,com,adr,gps,lat,long,dep,annee,vma,situ,surf,catr,Unnamed: 0_y,place,catu,grav,sexe,trajet,secu,locp,actp,an_nais,num_veh_x,id_vehicule_x,secu1,secu2,secu3,Unnamed: 0,senc,catv,occutc,obs,obsm,choc,num_veh_y,id_vehicule_y,motor
967623,201900009154,7,3,14:25,1,2,1,1.0,4.0,67482,HERRENSCHMIDT (AVENUE),M,"48,5966200","7,7497290",67,2019,50.0,1.0,1.0,4.0,2162846,1.0,1,4,2,0.0,,-1.0,0,1986.0,B01,138Â 289Â 375,1.0,0.0,-1.0,1651381,1.0,7,,0.0,2.0,1.0,A01,138Â 289Â 376,1.0
967623,201900009154,7,3,14:25,1,2,1,1.0,4.0,67482,HERRENSCHMIDT (AVENUE),M,"48,5966200","7,7497290",67,2019,50.0,1.0,1.0,4.0,2162847,1.0,1,4,1,0.0,,-1.0,0,1973.0,A01,138Â 289Â 376,1.0,8.0,-1.0,1651379,1.0,7,,0.0,2.0,4.0,C01,138Â 289Â 374,1.0
967623,201900009154,7,3,14:25,1,2,1,1.0,4.0,67482,HERRENSCHMIDT (AVENUE),M,"48,5966200","7,7497290",67,2019,50.0,1.0,1.0,4.0,2162847,1.0,1,4,1,0.0,,-1.0,0,1973.0,A01,138Â 289Â 376,1.0,8.0,-1.0,1651380,1.0,7,,0.0,2.0,4.0,B01,138Â 289Â 375,1.0
967623,201900009154,7,3,14:25,1,2,1,1.0,4.0,67482,HERRENSCHMIDT (AVENUE),M,"48,5966200","7,7497290",67,2019,50.0,1.0,1.0,4.0,2162847,1.0,1,4,1,0.0,,-1.0,0,1973.0,A01,138Â 289Â 376,1.0,8.0,-1.0,1651381,1.0,7,,0.0,2.0,1.0,A01,138Â 289Â 376,1.0
967624,201900009155,7,3,16:52,1,2,1,1.0,2.0,66136,BRIAND BOULEVARD ARISTIDE,M,"42,6944900","2,9014500",66,2019,50.0,1.0,1.0,4.0,2162848,1.0,1,1,1,0.0,,-1.0, -1,1948.0,B01,138Â 289Â 372,1.0,8.0,-1.0,1651382,1.0,7,,0.0,2.0,1.0,Z01,138Â 289Â 371,0.0
967624,201900009155,7,3,16:52,1,2,1,1.0,2.0,66136,BRIAND BOULEVARD ARISTIDE,M,"42,6944900","2,9014500",66,2019,50.0,1.0,1.0,4.0,2162848,1.0,1,1,1,0.0,,-1.0, -1,1948.0,B01,138Â 289Â 372,1.0,8.0,-1.0,1651383,1.0,7,,0.0,2.0,4.0,B01,138Â 289Â 372,1.0
967624,201900009155,7,3,16:52,1,2,1,1.0,2.0,66136,BRIAND BOULEVARD ARISTIDE,M,"42,6944900","2,9014500",66,2019,50.0,1.0,1.0,4.0,2162849,2.0,2,4,2,0.0,,-1.0, -1,1984.0,B01,138Â 289Â 372,1.0,8.0,-1.0,1651382,1.0,7,,0.0,2.0,1.0,Z01,138Â 289Â 371,0.0
967624,201900009155,7,3,16:52,1,2,1,1.0,2.0,66136,BRIAND BOULEVARD ARISTIDE,M,"42,6944900","2,9014500",66,2019,50.0,1.0,1.0,4.0,2162849,2.0,2,4,2,0.0,,-1.0, -1,1984.0,B01,138Â 289Â 372,1.0,8.0,-1.0,1651383,1.0,7,,0.0,2.0,4.0,B01,138Â 289Â 372,1.0
967625,201900009156,7,5,23:00,5,2,2,1.0,3.0,64445,GENERAL DE GAULLE DU,M,"43,3018100"," -0,3562200",64,2019,50.0,1.0,1.0,4.0,2162850,1.0,1,1,1,0.0,,0.0,0,1987.0,A01,138Â 289Â 369,1.0,0.0,-1.0,1651384,2.0,7,,0.0,2.0,1.0,A01,138Â 289Â 369,1.0
967625,201900009156,7,5,23:00,5,2,2,1.0,3.0,64445,GENERAL DE GAULLE DU,M,"43,3018100"," -0,3562200",64,2019,50.0,1.0,1.0,4.0,2162850,1.0,1,1,1,0.0,,0.0,0,1987.0,A01,138Â 289Â 369,1.0,0.0,-1.0,1651385,1.0,31,,0.0,2.0,1.0,B01,138Â 289Â 370,1.0
967625,201900009156,7,5,23:00,5,2,2,1.0,3.0,64445,GENERAL DE GAULLE DU,M,"43,3018100"," -0,3562200",64,2019,50.0,1.0,1.0,4.0,2162851,1.0,1,4,1,0.0,,0.0,0,1995.0,B01,138Â 289Â 370,2.0,0.0,-1.0,1651384,2.0,7,,0.0,2.0,1.0,A01,138Â 289Â 369,1.0
967625,201900009156,7,5,23:00,5,2,2,1.0,3.0,64445,GENERAL DE GAULLE DU,M,"43,3018100"," -0,3562200",64,2019,50.0,1.0,1.0,4.0,2162851,1.0,1,4,1,0.0,,0.0,0,1995.0,B01,138Â 289Â 370,2.0,0.0,-1.0,1651385,1.0,31,,0.0,2.0,1.0,B01,138Â 289Â 370,1.0
967626,201900009157,7,5,08:25,1,2,1,1.0,6.0,64102,RESPLANDY (AVENUE DU CAPITAINE),M,"43,4892034"," -1,4664348",64,2019,50.0,1.0,1.0,4.0,2162852,1.0,1,1,1,3.0,,-1.0,0,1940.0,A01,138Â 289Â 368,1.0,0.0,-1.0,1651386,2.0,7,,0.0,1.0,1.0,A01,138Â 289Â 368,2.0
967626,201900009157,7,5,08:25,1,2,1,1.0,6.0,64102,RESPLANDY (AVENUE DU CAPITAINE),M,"43,4892034"," -1,4664348",64,2019,50.0,1.0,1.0,4.0,2162853,10.0,3,4,2,1.0,,3.0,3,1976.0,A01,138Â 289Â 368,8.0,0.0,-1.0,1651386,2.0,7,,0.0,1.0,1.0,A01,138Â 289Â 368,2.0
967626,201900009157,7,5,08:25,1,2,1,1.0,6.0,64102,RESPLANDY (AVENUE DU CAPITAINE),M,"43,4892034"," -1,4664348",64,2019,50.0,1.0,1.0,4.0,2162854,10.0,3,4,2,1.0,,3.0,3,1963.0,A01,138Â 289Â 368,8.0,0.0,-1.0,1651386,2.0,7,,0.0,1.0,1.0,A01,138Â 289Â 368,2.0
967627,201900009158,4,17,22:15,5,2,5,1.0,3.0,62643,MASURETTES ( Rue des ),M,"50,7032800","1,5950300",62,2019,50.0,1.0,1.0,3.0,2162855,1.0,1,1,1,3.0,,0.0,0,1986.0,B01,138Â 289Â 366,8.0,0.0,-1.0,1651387,1.0,7,,0.0,2.0,1.0,B01,138Â 289Â 366,0.0
967627,201900009158,4,17,22:15,5,2,5,1.0,3.0,62643,MASURETTES ( Rue des ),M,"50,7032800","1,5950300",62,2019,50.0,1.0,1.0,3.0,2162855,1.0,1,1,1,3.0,,0.0,0,1986.0,B01,138Â 289Â 366,8.0,0.0,-1.0,1651388,1.0,33,,0.0,2.0,7.0,A01,138Â 289Â 367,6.0
967627,201900009158,4,17,22:15,5,2,5,1.0,3.0,62643,MASURETTES ( Rue des ),M,"50,7032800","1,5950300",62,2019,50.0,1.0,1.0,3.0,2162856,1.0,1,4,1,9.0,,0.0,0,1975.0,A01,138Â 289Â 367,2.0,6.0,-1.0,1651387,1.0,7,,0.0,2.0,1.0,B01,138Â 289Â 366,0.0
967627,201900009158,4,17,22:15,5,2,5,1.0,3.0,62643,MASURETTES ( Rue des ),M,"50,7032800","1,5950300",62,2019,50.0,1.0,1.0,3.0,2162856,1.0,1,4,1,9.0,,0.0,0,1975.0,A01,138Â 289Â 367,2.0,6.0,-1.0,1651388,1.0,33,,0.0,2.0,7.0,A01,138Â 289Â 367,6.0
967628,201900009159,7,5,16:50,1,1,4,1.0,6.0,62035,CAMUS ( RUE ALBERT ),M,"50,5314750","2,6101330",62,2019,80.0,1.0,1.0,2.0,2162857,1.0,1,3,1,0.0,,0.0,0,1988.0,A01,138Â 289Â 365,2.0,6.0,-1.0,1651389,1.0,33,,8.0,0.0,1.0,A01,138Â 289Â 365,1.0
967629,201900009160,6,27,18:45,1,1,1,9.0,7.0,62863,CD 167 E2,M,"50,5278008","2,7764463",62,2019,70.0,1.0,1.0,3.0,2162858,1.0,1,3,1,0.0,,-1.0,0,1977.0,A01,138Â 289Â 364,2.0,8.0,-1.0,1651390,3.0,33,,0.0,0.0,0.0,A01,138Â 289Â 364,1.0
967630,201900009161,7,4,14:50,1,2,3,7.0,6.0,60175,ALLENDE (BOULEVARD SALVADOR),M,"49,2512300","2,4760800",60,2019,30.0,2.0,1.0,4.0,2162859,1.0,1,4,2,0.0,,-1.0,0,1960.0,A01,138Â 289Â 360,2.0,-1.0,-1.0,1651391,2.0,33,,0.0,0.0,0.0,A01,138Â 289Â 360,1.0
967630,201900009161,7,4,14:50,1,2,3,7.0,6.0,60175,ALLENDE (BOULEVARD SALVADOR),M,"49,2512300","2,4760800",60,2019,30.0,2.0,1.0,4.0,2162859,1.0,1,4,2,0.0,,-1.0,0,1960.0,A01,138Â 289Â 360,2.0,-1.0,-1.0,1651392,2.0,7,,0.0,0.0,0.0,B01,138Â 289Â 361,1.0
967630,201900009161,7,4,14:50,1,2,3,7.0,6.0,60175,ALLENDE (BOULEVARD SALVADOR),M,"49,2512300","2,4760800",60,2019,30.0,2.0,1.0,4.0,2162860,1.0,1,1,1,5.0,,-1.0,0,1981.0,B01,138Â 289Â 361,1.0,-1.0,-1.0,1651391,2.0,33,,0.0,0.0,0.0,A01,138Â 289Â 360,1.0
967630,201900009161,7,4,14:50,1,2,3,7.0,6.0,60175,ALLENDE (BOULEVARD SALVADOR),M,"49,2512300","2,4760800",60,2019,30.0,2.0,1.0,4.0,2162860,1.0,1,1,1,5.0,,-1.0,0,1981.0,B01,138Â 289Â 361,1.0,-1.0,-1.0,1651392,2.0,7,,0.0,0.0,0.0,B01,138Â 289Â 361,1.0
967631,201900009162,7,3,20:40,2,2,1,1.0,7.0,60159,JUSTICE (DE LA),M,"49,4094300","2,8221800",60,2019,50.0,1.0,1.0,4.0,2162861,1.0,1,3,1,5.0,,-1.0,0,1975.0,A01,138Â 289Â 359,2.0,6.0,-1.0,1651393,1.0,2,,8.0,0.0,3.0,A01,138Â 289Â 359,1.0
967632,201900009163,6,23,09:00,1,2,9,1.0,3.0,59392,JEAN JAURES (AVENUE),M,"50,2818320","3,9530740",59,2019,50.0,3.0,1.0,2.0,2162862,1.0,1,4,2,0.0,,-1.0,0,1986.0,A01,138Â 289Â 357,1.0,0.0,-1.0,1651394,1.0,7,,0.0,2.0,0.0,A01,138Â 289Â 357,0.0
967632,201900009163,6,23,09:00,1,2,9,1.0,3.0,59392,JEAN JAURES (AVENUE),M,"50,2818320","3,9530740",59,2019,50.0,3.0,1.0,2.0,2162862,1.0,1,4,2,0.0,,-1.0,0,1986.0,A01,138Â 289Â 357,1.0,0.0,-1.0,1651395,1.0,10,,0.0,2.0,0.0,B01,138Â 289Â 358,0.0
967632,201900009163,6,23,09:00,1,2,9,1.0,3.0,59392,JEAN JAURES (AVENUE),M,"50,2818320","3,9530740",59,2019,50.0,3.0,1.0,2.0,2162863,6.0,2,4,1,0.0,,-1.0,0,2000.0,B01,138Â 289Â 358,1.0,0.0,-1.0,1651394,1.0,7,,0.0,2.0,0.0,A01,138Â 289Â 357,0.0
967632,201900009163,6,23,09:00,1,2,9,1.0,3.0,59392,JEAN JAURES (AVENUE),M,"50,2818320","3,9530740",59,2019,50.0,3.0,1.0,2.0,2162863,6.0,2,4,1,0.0,,-1.0,0,2000.0,B01,138Â 289Â 358,1.0,0.0,-1.0,1651395,1.0,10,,0.0,2.0,0.0,B01,138Â 289Â 358,0.0
967632,201900009163,6,23,09:00,1,2,9,1.0,3.0,59392,JEAN JAURES (AVENUE),M,"50,2818320","3,9530740",59,2019,50.0,3.0,1.0,2.0,2162864,2.0,2,4,1,0.0,,-1.0,0,1977.0,B01,138Â 289Â 358,1.0,0.0,-1.0,1651394,1.0,7,,0.0,2.0,0.0,A01,138Â 289Â 357,0.0
967632,201900009163,6,23,09:00,1,2,9,1.0,3.0,59392,JEAN JAURES (AVENUE),M,"50,2818320","3,9530740",59,2019,50.0,3.0,1.0,2.0,2162864,2.0,2,4,1,0.0,,-1.0,0,1977.0,B01,138Â 289Â 358,1.0,0.0,-1.0,1651395,1.0,10,,0.0,2.0,0.0,B01,138Â 289Â 358,0.0
967632,201900009163,6,23,09:00,1,2,9,1.0,3.0,59392,JEAN JAURES (AVENUE),M,"50,2818320","3,9530740",59,2019,50.0,3.0,1.0,2.0,2162865,1.0,1,4,1,0.0,,-1.0,0,1988.0,B01,138Â 289Â 358,1.0,0.0,-1.0,1651394,1.0,7,,0.0,2.0,0.0,A01,138Â 289Â 357,0.0
967632,201900009163,6,23,09:00,1,2,9,1.0,3.0,59392,JEAN JAURES (AVENUE),M,"50,2818320","3,9530740",59,2019,50.0,3.0,1.0,2.0,2162865,1.0,1,4,1,0.0,,-1.0,0,1988.0,B01,138Â 289Â 358,1.0,0.0,-1.0,1651395,1.0,10,,0.0,2.0,0.0,B01,138Â 289Â 358,0.0
967633,201900009164,7,5,04:00,2,1,1,1.0,6.0,59009,BREUCQ BOULEVARD DU,M,"50,6382500","3,1432400",59,2019,70.0,1.0,1.0,7.0,2162866,4.0,2,1,1,0.0,,-1.0, -1,1998.0,A01,138Â 289Â 354,1.0,0.0,-1.0,1651396,2.0,7,,8.0,0.0,5.0,A01,138Â 289Â 354,1.0
967633,201900009164,7,5,04:00,2,1,1,1.0,6.0,59009,BREUCQ BOULEVARD DU,M,"50,6382500","3,1432400",59,2019,70.0,1.0,1.0,7.0,2162867,1.0,1,1,1,5.0,,-1.0, -1,1999.0,A01,138Â 289Â 354,1.0,0.0,-1.0,1651396,2.0,7,,8.0,0.0,5.0,A01,138Â 289Â 354,1.0
967633,201900009164,7,5,04:00,2,1,1,1.0,6.0,59009,BREUCQ BOULEVARD DU,M,"50,6382500","3,1432400",59,2019,70.0,1.0,1.0,7.0,2162868,3.0,2,4,1,9.0,,-1.0, -1,2000.0,A01,138Â 289Â 354,1.0,0.0,-1.0,1651396,2.0,7,,8.0,0.0,5.0,A01,138Â 289Â 354,1.0
967633,201900009164,7,5,04:00,2,1,1,1.0,6.0,59009,BREUCQ BOULEVARD DU,M,"50,6382500","3,1432400",59,2019,70.0,1.0,1.0,7.0,2162869,2.0,2,3,1,0.0,,-1.0, -1,1997.0,A01,138Â 289Â 354,1.0,0.0,-1.0,1651396,2.0,7,,8.0,0.0,5.0,A01,138Â 289Â 354,1.0
967634,201900009165,6,28,22:15,1,2,1,1.0,6.0,59153,LORETTE (RUE DE  ),M,"50,4491400","3,5904500",59,2019,50.0,1.0,1.0,4.0,2162870,10.0,3,3,1,5.0,,1.0,3,2016.0,A01,138Â 289Â 348,0.0,0.0,0.0,1651397,2.0,7,,0.0,1.0,2.0,A01,138Â 289Â 348,1.0
967634,201900009165,6,28,22:15,1,2,1,1.0,6.0,59153,LORETTE (RUE DE  ),M,"50,4491400","3,5904500",59,2019,50.0,1.0,1.0,4.0,2162871,1.0,1,1,1,5.0,,0.0,0,1945.0,A01,138Â 289Â 348,1.0,8.0,-1.0,1651397,2.0,7,,0.0,1.0,2.0,A01,138Â 289Â 348,1.0
967635,201900009166,7,4,01:20,5,2,1,1.0,1.0,59206,PICASSO (RUE PABLO),M,"50,1822900","3,2736700",59,2019,50.0,1.0,1.0,4.0,2162872,3.0,2,1,1,5.0,,0.0,0,2001.0,A01,138Â 289Â 346,8.0,0.0,-1.0,1651398,1.0,7,,0.0,2.0,3.0,A01,138Â 289Â 346,1.0
967635,201900009166,7,4,01:20,5,2,1,1.0,1.0,59206,PICASSO (RUE PABLO),M,"50,1822900","3,2736700",59,2019,50.0,1.0,1.0,4.0,2162872,3.0,2,1,1,5.0,,0.0,0,2001.0,A01,138Â 289Â 346,8.0,0.0,-1.0,1651399,2.0,7,,0.0,2.0,3.0,B01,138Â 289Â 347,1.0
967635,201900009166,7,4,01:20,5,2,1,1.0,1.0,59206,PICASSO (RUE PABLO),M,"50,1822900","3,2736700",59,2019,50.0,1.0,1.0,4.0,2162873,2.0,2,1,1,5.0,,0.0, -1,2001.0,A01,138Â 289Â 346,8.0,0.0,-1.0,1651398,1.0,7,,0.0,2.0,3.0,A01,138Â 289Â 346,1.0
967635,201900009166,7,4,01:20,5,2,1,1.0,1.0,59206,PICASSO (RUE PABLO),M,"50,1822900","3,2736700",59,2019,50.0,1.0,1.0,4.0,2162873,2.0,2,1,1,5.0,,0.0, -1,2001.0,A01,138Â 289Â 346,8.0,0.0,-1.0,1651399,2.0,7,,0.0,2.0,3.0,B01,138Â 289Â 347,1.0
967635,201900009166,7,4,01:20,5,2,1,1.0,1.0,59206,PICASSO (RUE PABLO),M,"50,1822900","3,2736700",59,2019,50.0,1.0,1.0,4.0,2162874,5.0,2,3,2,5.0,,0.0,0,2001.0,A01,138Â 289Â 346,8.0,0.0,-1.0,1651398,1.0,7,,0.0,2.0,3.0,A01,138Â 289Â 346,1.0
967635,201900009166,7,4,01:20,5,2,1,1.0,1.0,59206,PICASSO (RUE PABLO),M,"50,1822900","3,2736700",59,2019,50.0,1.0,1.0,4.0,2162874,5.0,2,3,2,5.0,,0.0,0,2001.0,A01,138Â 289Â 346,8.0,0.0,-1.0,1651399,2.0,7,,0.0,2.0,3.0,B01,138Â 289Â 347,1.0
967635,201900009166,7,4,01:20,5,2,1,1.0,1.0,59206,PICASSO (RUE PABLO),M,"50,1822900","3,2736700",59,2019,50.0,1.0,1.0,4.0,2162875,1.0,1,1,1,5.0,,0.0, -1,2001.0,A01,138Â 289Â 346,8.0,0.0,-1.0,1651398,1.0,7,,0.0,2.0,3.0,A01,138Â 289Â 346,1.0
967635,201900009166,7,4,01:20,5,2,1,1.0,1.0,59206,PICASSO (RUE PABLO),M,"50,1822900","3,2736700",59,2019,50.0,1.0,1.0,4.0,2162875,1.0,1,1,1,5.0,,0.0, -1,2001.0,A01,138Â 289Â 346,8.0,0.0,-1.0,1651399,2.0,7,,0.0,2.0,3.0,B01,138Â 289Â 347,1.0
967635,201900009166,7,4,01:20,5,2,1,1.0,1.0,59206,PICASSO (RUE PABLO),M,"50,1822900","3,2736700",59,2019,50.0,1.0,1.0,4.0,2162876,4.0,2,3,2,5.0,,0.0,0,2001.0,A01,138Â 289Â 346,8.0,0.0,-1.0,1651398,1.0,7,,0.0,2.0,3.0,A01,138Â 289Â 346,1.0
967635,201900009166,7,4,01:20,5,2,1,1.0,1.0,59206,PICASSO (RUE PABLO),M,"50,1822900","3,2736700",59,2019,50.0,1.0,1.0,4.0,2162876,4.0,2,3,2,5.0,,0.0,0,2001.0,A01,138Â 289Â 346,8.0,0.0,-1.0,1651399,2.0,7,,0.0,2.0,3.0,B01,138Â 289Â 347,1.0
967635,201900009166,7,4,01:20,5,2,1,1.0,1.0,59206,PICASSO (RUE PABLO),M,"50,1822900","3,2736700",59,2019,50.0,1.0,1.0,4.0,2162877,2.0,2,1,1,5.0,,-1.0, -1,2001.0,B01,138Â 289Â 347,8.0,0.0,-1.0,1651398,1.0,7,,0.0,2.0,3.0,A01,138Â 289Â 346,1.0
967635,201900009166,7,4,01:20,5,2,1,1.0,1.0,59206,PICASSO (RUE PABLO),M,"50,1822900","3,2736700",59,2019,50.0,1.0,1.0,4.0,2162877,2.0,2,1,1,5.0,,-1.0, -1,2001.0,B01,138Â 289Â 347,8.0,0.0,-1.0,1651399,2.0,7,,0.0,2.0,3.0,B01,138Â 289Â 347,1.0
967635,201900009166,7,4,01:20,5,2,1,1.0,1.0,59206,PICASSO (RUE PABLO),M,"50,1822900","3,2736700",59,2019,50.0,1.0,1.0,4.0,2162878,1.0,1,1,1,5.0,,0.0,0,2001.0,B01,138Â 289Â 347,8.0,0.0,-1.0,1651398,1.0,7,,0.0,2.0,3.0,A01,138Â 289Â 346,1.0
967635,201900009166,7,4,01:20,5,2,1,1.0,1.0,59206,PICASSO (RUE PABLO),M,"50,1822900","3,2736700",59,2019,50.0,1.0,1.0,4.0,2162878,1.0,1,1,1,5.0,,0.0,0,2001.0,B01,138Â 289Â 347,8.0,0.0,-1.0,1651399,2.0,7,,0.0,2.0,3.0,B01,138Â 289Â 347,1.0
967636,201900009167,7,3,13:45,1,2,1,1.0,6.0,58194,MONTAPINS,M,"46,9753000","3,1296000",58,2019,50.0,1.0,1.0,4.0,2162879,1.0,1,4,2,4.0,,0.0,0,1963.0,A01,138Â 289Â 345,1.0,0.0,0.0,1651400,1.0,7,,1.0,0.0,1.0,A01,138Â 289Â 345,1.0
967637,201900009168,6,4,16:56,1,2,1,7.0,2.0,57332,Route dÃ©partementale 603,M,"49,1243900","6,7734600",57,2019,50.0,1.0,1.0,3.0,2162880,1.0,1,3,1,5.0,,-1.0, -1,1965.0,B01,138Â 289Â 343,2.0,6.0,-1.0,1651401,1.0,33,,0.0,2.0,1.0,B01,138Â 289Â 343,1.0
967637,201900009168,6,4,16:56,1,2,1,7.0,2.0,57332,Route dÃ©partementale 603,M,"49,1243900","6,7734600",57,2019,50.0,1.0,1.0,3.0,2162880,1.0,1,3,1,5.0,,-1.0, -1,1965.0,B01,138Â 289Â 343,2.0,6.0,-1.0,1651402,1.0,10,,0.0,1.0,6.0,A01,138Â 289Â 344,1.0
967637,201900009168,6,4,16:56,1,2,1,7.0,2.0,57332,Route dÃ©partementale 603,M,"49,1243900","6,7734600",57,2019,50.0,1.0,1.0,3.0,2162881,1.0,1,1,1,5.0,,-1.0, -1,1960.0,A01,138Â 289Â 344,1.0,0.0,-1.0,1651401,1.0,33,,0.0,2.0,1.0,B01,138Â 289Â 343,1.0
967637,201900009168,6,4,16:56,1,2,1,7.0,2.0,57332,Route dÃ©partementale 603,M,"49,1243900","6,7734600",57,2019,50.0,1.0,1.0,3.0,2162881,1.0,1,1,1,5.0,,-1.0, -1,1960.0,A01,138Â 289Â 344,1.0,0.0,-1.0,1651402,1.0,10,,0.0,1.0,6.0,A01,138Â 289Â 344,1.0
967638,201900009169,7,2,11:25,1,2,3,1.0,6.0,56260,LEGRAND(RUE ALAIN),M,"47,6582200"," -2,7549100",56,2019,50.0,1.0,1.0,4.0,2162882,10.0,3,4,1,5.0,,3.0,3,1966.0,A01,138Â 289Â 342,8.0,0.0,-1.0,1651403,1.0,7,,0.0,1.0,1.0,A01,138Â 289Â 342,1.0
967638,201900009169,7,2,11:25,1,2,3,1.0,6.0,56260,LEGRAND(RUE ALAIN),M,"47,6582200"," -2,7549100",56,2019,50.0,1.0,1.0,4.0,2162883,1.0,1,1,2,5.0,,0.0,0,1934.0,A01,138Â 289Â 342,1.0,0.0,-1.0,1651403,1.0,7,,0.0,1.0,1.0,A01,138Â 289Â 342,1.0
967639,201900009170,6,29,08:30,1,2,4,1.0,3.0,56260,GUILLAUDOT (BD DU GAL MAURICE),M,"47,6670500"," -2,7448200",56,2019,50.0,1.0,1.0,4.0,2162884,1.0,1,4,1,1.0,,0.0,0,1962.0,B01,138Â 289Â 340,2.0,8.0,-1.0,1651404,2.0,1,,0.0,2.0,1.0,B01,138Â 289Â 340,5.0
967639,201900009170,6,29,08:30,1,2,4,1.0,3.0,56260,GUILLAUDOT (BD DU GAL MAURICE),M,"47,6670500"," -2,7448200",56,2019,50.0,1.0,1.0,4.0,2162884,1.0,1,4,1,1.0,,0.0,0,1962.0,B01,138Â 289Â 340,2.0,8.0,-1.0,1651405,1.0,7,,0.0,2.0,7.0,A01,138Â 289Â 341,1.0
967639,201900009170,6,29,08:30,1,2,4,1.0,3.0,56260,GUILLAUDOT (BD DU GAL MAURICE),M,"47,6670500"," -2,7448200",56,2019,50.0,1.0,1.0,4.0,2162885,1.0,1,1,1,5.0,,0.0,0,1996.0,A01,138Â 289Â 341,1.0,0.0,-1.0,1651404,2.0,1,,0.0,2.0,1.0,B01,138Â 289Â 340,5.0
967639,201900009170,6,29,08:30,1,2,4,1.0,3.0,56260,GUILLAUDOT (BD DU GAL MAURICE),M,"47,6670500"," -2,7448200",56,2019,50.0,1.0,1.0,4.0,2162885,1.0,1,1,1,5.0,,0.0,0,1996.0,A01,138Â 289Â 341,1.0,0.0,-1.0,1651405,1.0,7,,0.0,2.0,7.0,A01,138Â 289Â 341,1.0
967640,201900009171,6,29,00:15,3,2,1,1.0,3.0,54395,VINGTIEME CORPS (AVENUE DU),M,"48,6969960","6,1978950",54,2019,30.0,1.0,1.0,4.0,2162886,1.0,1,1,1,0.0,,-1.0,0,1996.0,B01,138Â 289Â 338,1.0,0.0,-1.0,1651406,1.0,7,,0.0,2.0,1.0,B01,138Â 289Â 338,1.0
967640,201900009171,6,29,00:15,3,2,1,1.0,3.0,54395,VINGTIEME CORPS (AVENUE DU),M,"48,6969960","6,1978950",54,2019,30.0,1.0,1.0,4.0,2162886,1.0,1,1,1,0.0,,-1.0,0,1996.0,B01,138Â 289Â 338,1.0,0.0,-1.0,1651407,1.0,1,,0.0,2.0,0.0,A01,138Â 289Â 339,5.0
967640,201900009171,6,29,00:15,3,2,1,1.0,3.0,54395,VINGTIEME CORPS (AVENUE DU),M,"48,6969960","6,1978950",54,2019,30.0,1.0,1.0,4.0,2162887,2.0,2,1,2,0.0,,-1.0,0,1997.0,B01,138Â 289Â 338,1.0,0.0,-1.0,1651406,1.0,7,,0.0,2.0,1.0,B01,138Â 289Â 338,1.0
967640,201900009171,6,29,00:15,3,2,1,1.0,3.0,54395,VINGTIEME CORPS (AVENUE DU),M,"48,6969960","6,1978950",54,2019,30.0,1.0,1.0,4.0,2162887,2.0,2,1,2,0.0,,-1.0,0,1997.0,B01,138Â 289Â 338,1.0,0.0,-1.0,1651407,1.0,1,,0.0,2.0,0.0,A01,138Â 289Â 339,5.0
967640,201900009171,6,29,00:15,3,2,1,1.0,3.0,54395,VINGTIEME CORPS (AVENUE DU),M,"48,6969960","6,1978950",54,2019,30.0,1.0,1.0,4.0,2162888,1.0,1,3,1,0.0,,-1.0,0,1987.0,A01,138Â 289Â 339,8.0,0.0,-1.0,1651406,1.0,7,,0.0,2.0,1.0,B01,138Â 289Â 338,1.0
967640,201900009171,6,29,00:15,3,2,1,1.0,3.0,54395,VINGTIEME CORPS (AVENUE DU),M,"48,6969960","6,1978950",54,2019,30.0,1.0,1.0,4.0,2162888,1.0,1,3,1,0.0,,-1.0,0,1987.0,A01,138Â 289Â 339,8.0,0.0,-1.0,1651407,1.0,1,,0.0,2.0,0.0,A01,138Â 289Â 339,5.0
967641,201900009172,6,5,21:49,2,2,1,1.0,3.0,54395,THEURIET (RUE ANDRE),M,"48,6940890","6,1380210",54,2019,50.0,1.0,1.0,4.0,2162889,1.0,1,4,2,0.0,,-1.0,0,1976.0,B01,138Â 289Â 336,1.0,0.0,-1.0,1651408,1.0,7,,0.0,2.0,1.0,B01,138Â 289Â 336,1.0
967641,201900009172,6,5,21:49,2,2,1,1.0,3.0,54395,THEURIET (RUE ANDRE),M,"48,6940890","6,1380210",54,2019,50.0,1.0,1.0,4.0,2162889,1.0,1,4,2,0.0,,-1.0,0,1976.0,B01,138Â 289Â 336,1.0,0.0,-1.0,1651409,1.0,7,,0.0,2.0,1.0,A01,138Â 289Â 337,1.0
967641,201900009172,6,5,21:49,2,2,1,1.0,3.0,54395,THEURIET (RUE ANDRE),M,"48,6940890","6,1380210",54,2019,50.0,1.0,1.0,4.0,2162890,2.0,2,4,1,0.0,,-1.0,0,1967.0,B01,138Â 289Â 336,1.0,0.0,-1.0,1651408,1.0,7,,0.0,2.0,1.0,B01,138Â 289Â 336,1.0
967641,201900009172,6,5,21:49,2,2,1,1.0,3.0,54395,THEURIET (RUE ANDRE),M,"48,6940890","6,1380210",54,2019,50.0,1.0,1.0,4.0,2162890,2.0,2,4,1,0.0,,-1.0,0,1967.0,B01,138Â 289Â 336,1.0,0.0,-1.0,1651409,1.0,7,,0.0,2.0,1.0,A01,138Â 289Â 337,1.0
967641,201900009172,6,5,21:49,2,2,1,1.0,3.0,54395,THEURIET (RUE ANDRE),M,"48,6940890","6,1380210",54,2019,50.0,1.0,1.0,4.0,2162891,1.0,1,4,1,0.0,,-1.0,0,1988.0,A01,138Â 289Â 337,1.0,0.0,-1.0,1651408,1.0,7,,0.0,2.0,1.0,B01,138Â 289Â 336,1.0