Unnamed: 0_x,num_acc,mois,jour,hrmn,lum,agg,int,atm,col,com,adr,gps,lat,long,dep,annee,vma,situ,surf,catr,Unnamed: 0_y,place,catu,grav,sexe,trajet,secu,locp,actp,an_nais,num_veh_x,id_vehicule_x,secu1,secu2,secu3,Unnamed: 0,senc,catv,occutc,obs,obsm,choc,num_veh_y,id_vehicule_y,motor
967641,201900009172,6,5,21:49,2,2,1,1.0,3.0,54395,THEURIET (RUE ANDRE),M,"48,6940890","6,1380210",54,2019,50.0,1.0,1.0,4.0,2162891,1.0,1,4,1,0.0,,-1.0,0,1988.0,A01,138Â 289Â 337,1.0,0.0,-1.0,1651409,1.0,7,,0.0,2.0,1.0,A01,138Â 289Â 337,1.0
967642,201900009173,7,4,08:40,1,2,2,7.0,6.0,53130,AVESNIERES ( PONT D' ),M,"48,0592000"," -0,7628400",53,2019,50.0,1.0,1.0,3.0,2162892,1.0,1,1,1,1.0,,-1.0, -1,1997.0,A01,138Â 289Â 335,1.0,0.0,-1.0,1651410,1.0,7,,0.0,1.0,1.0,A01,138Â 289Â 335,1.0
967642,201900009173,7,4,08:40,1,2,2,7.0,6.0,53130,AVESNIERES ( PONT D' ),M,"48,0592000"," -0,7628400",53,2019,50.0,1.0,1.0,3.0,2162893,10.0,3,3,2,0.0,,9.0,3,1945.0,A01,138Â 289Â 335,8.0,0.0,-1.0,1651410,1.0,7,,0.0,1.0,1.0,A01,138Â 289Â 335,1.0
967643,201900009174,7,3,17:40,1,2,1,1.0,2.0,52121,21EME RIC (RUE DU),M,"48,1094500","5,1367000",52,2019,50.0,1.0,1.0,3.0,2162894,1.0,1,4,2,5.0,,-1.0, -1,2001.0,B01,138Â 289Â 334,1.0,0.0,-1.0,1651411,1.0,7,,0.0,2.0,1.0,A01,138Â 289Â 333,0.0
967643,201900009174,7,3,17:40,1,2,1,1.0,2.0,52121,21EME RIC (RUE DU),M,"48,1094500","5,1367000",52,2019,50.0,1.0,1.0,3.0,2162894,1.0,1,4,2,5.0,,-1.0, -1,2001.0,B01,138Â 289Â 334,1.0,0.0,-1.0,1651412,1.0,7,,0.0,2.0,4.0,B01,138Â 289Â 334,1.0
967644,201900009175,7,6,23:00,5,2,4,1.0,7.0,51454,RUE DE ROUEN,M,"49,2322889","4,0198750",51,2019,50.0,1.0,1.0,4.0,2162895,1.0,1,3,1,9.0,,-1.0,0,1996.0,A01,138Â 289Â 332,1.0,0.0,-1.0,1651413,1.0,7,,4.0,0.0,9.0,A01,138Â 289Â 332,1.0
967645,201900009176,7,5,15:30,1,2,1,1.0,3.0,51454,BOULEVARD DU GENERAL LECLERC,M,"49,2545100","4,0225900",51,2019,30.0,1.0,1.0,4.0,2162896,2.0,2,1,1,9.0,,-1.0,0,1989.0,A01,138Â 289Â 330,8.0,0.0,-1.0,1651414,1.0,7,,0.0,0.0,0.0,A01,138Â 289Â 330,1.0
967645,201900009176,7,5,15:30,1,2,1,1.0,3.0,51454,BOULEVARD DU GENERAL LECLERC,M,"49,2545100","4,0225900",51,2019,30.0,1.0,1.0,4.0,2162896,2.0,2,1,1,9.0,,-1.0,0,1989.0,A01,138Â 289Â 330,8.0,0.0,-1.0,1651415,1.0,33,,0.0,2.0,2.0,B01,138Â 289Â 331,1.0
967645,201900009176,7,5,15:30,1,2,1,1.0,3.0,51454,BOULEVARD DU GENERAL LECLERC,M,"49,2545100","4,0225900",51,2019,30.0,1.0,1.0,4.0,2162897,1.0,1,1,2,0.0,,-1.0,0,1960.0,A01,138Â 289Â 330,1.0,0.0,-1.0,1651414,1.0,7,,0.0,0.0,0.0,A01,138Â 289Â 330,1.0
967645,201900009176,7,5,15:30,1,2,1,1.0,3.0,51454,BOULEVARD DU GENERAL LECLERC,M,"49,2545100","4,0225900",51,2019,30.0,1.0,1.0,4.0,2162897,1.0,1,1,2,0.0,,-1.0,0,1960.0,A01,138Â 289Â 330,1.0,0.0,-1.0,1651415,1.0,33,,0.0,2.0,2.0,B01,138Â 289Â 331,1.0
967645,201900009176,7,5,15:30,1,2,1,1.0,3.0,51454,BOULEVARD DU GENERAL LECLERC,M,"49,2545100","4,0225900",51,2019,30.0,1.0,1.0,4.0,2162898,1.0,1,4,1,0.0,,-1.0,0,1994.0,B01,138Â 289Â 331,2.0,0.0,-1.0,1651414,1.0,7,,0.0,0.0,0.0,A01,138Â 289Â 330,1.0
967645,201900009176,7,5,15:30,1,2,1,1.0,3.0,51454,BOULEVARD DU GENERAL LECLERC,M,"49,2545100","4,0225900",51,2019,30.0,1.0,1.0,4.0,2162898,1.0,1,4,1,0.0,,-1.0,0,1994.0,B01,138Â 289Â 331,2.0,0.0,-1.0,1651415,1.0,33,,0.0,2.0,2.0,B01,138Â 289Â 331,1.0
967646,201900009177,6,14,13:35,1,2,3,1.0,7.0,51108,RUE COSME CLAUSE,M,"48,9557250","4,3575667",51,2019,50.0,1.0,1.0,4.0,2162899,1.0,1,1,2,5.0,,0.0,0,1971.0,A01,138Â 289Â 329,1.0,8.0,-1.0,1651416,2.0,7,,0.0,1.0,1.0,A01,138Â 289Â 329,1.0
967646,201900009177,6,14,13:35,1,2,3,1.0,7.0,51108,RUE COSME CLAUSE,M,"48,9557250","4,3575667",51,2019,50.0,1.0,1.0,4.0,2162900,10.0,3,4,1,1.0,,3.0,3,1981.0,A01,138Â 289Â 329,8.0,0.0,-1.0,1651416,2.0,7,,0.0,1.0,1.0,A01,138Â 289Â 329,1.0
967647,201900009178,7,4,19:00,1,2,1,1.0,6.0,50502,CROIX CANUET,M,"49,1135470"," -1,0988380",50,2019,50.0,1.0,1.0,4.0,2162901,2.0,2,1,2,5.0,,0.0,0,1937.0,A01,138Â 289Â 328,1.0,0.0,-1.0,1651417,1.0,7,,0.0,1.0,2.0,A01,138Â 289Â 328,1.0
967647,201900009178,7,4,19:00,1,2,1,1.0,6.0,50502,CROIX CANUET,M,"49,1135470"," -1,0988380",50,2019,50.0,1.0,1.0,4.0,2162902,1.0,1,1,2,5.0,,0.0,0,1960.0,A01,138Â 289Â 328,1.0,8.0,-1.0,1651417,1.0,7,,0.0,1.0,2.0,A01,138Â 289Â 328,1.0
967647,201900009178,7,4,19:00,1,2,1,1.0,6.0,50502,CROIX CANUET,M,"49,1135470"," -1,0988380",50,2019,50.0,1.0,1.0,4.0,2162903,10.0,3,4,1,9.0,,1.0,3,1989.0,A01,138Â 289Â 328,8.0,0.0,-1.0,1651417,1.0,7,,0.0,1.0,2.0,A01,138Â 289Â 328,1.0
967648,201900009179,7,1,13:58,1,2,2,1.0,1.0,50602,POMMIERS (RUE DES),M,"49,6332970"," -1,5826670",50,2019,50.0,1.0,1.0,4.0,2162904,1.0,1,4,1,-1.0,,-1.0, -1,2000.0,A01,138Â 289Â 326,2.0,-1.0,-1.0,1651418,1.0,1,,0.0,0.0,1.0,A01,138Â 289Â 326,-1.0
967648,201900009179,7,1,13:58,1,2,2,1.0,1.0,50602,POMMIERS (RUE DES),M,"49,6332970"," -1,5826670",50,2019,50.0,1.0,1.0,4.0,2162904,1.0,1,4,1,-1.0,,-1.0, -1,2000.0,A01,138Â 289Â 326,2.0,-1.0,-1.0,1651419,0.0,7,,0.0,2.0,1.0,A01,138Â 289Â 327,1.0
967648,201900009179,7,1,13:58,1,2,2,1.0,1.0,50602,POMMIERS (RUE DES),M,"49,6332970"," -1,5826670",50,2019,50.0,1.0,1.0,4.0,2162905,1.0,1,1,2,1.0,,-1.0,0,1985.0,A01,138Â 289Â 327,1.0,0.0,-1.0,1651418,1.0,1,,0.0,0.0,1.0,A01,138Â 289Â 326,-1.0
967648,201900009179,7,1,13:58,1,2,2,1.0,1.0,50602,POMMIERS (RUE DES),M,"49,6332970"," -1,5826670",50,2019,50.0,1.0,1.0,4.0,2162905,1.0,1,1,2,1.0,,-1.0,0,1985.0,A01,138Â 289Â 327,1.0,0.0,-1.0,1651419,0.0,7,,0.0,2.0,1.0,A01,138Â 289Â 327,1.0
967649,201900009180,7,1,11:55,1,2,1,1.0,4.0,50129,PARIS (AVENUE DE),M,"49,6319900"," -1,6176100",50,2019,50.0,1.0,1.0,3.0,2162906,1.0,1,1,2,9.0,,-1.0,0,2001.0,C01,138Â 289Â 323,1.0,0.0,-1.0,1651420,1.0,7,,0.0,0.0,0.0,C01,138Â 289Â 323,1.0
967649,201900009180,7,1,11:55,1,2,1,1.0,4.0,50129,PARIS (AVENUE DE),M,"49,6319900"," -1,6176100",50,2019,50.0,1.0,1.0,3.0,2162906,1.0,1,1,2,9.0,,-1.0,0,2001.0,C01,138Â 289Â 323,1.0,0.0,-1.0,1651421,1.0,7,,0.0,2.0,4.0,B01,138Â 289Â 324,1.0
967649,201900009180,7,1,11:55,1,2,1,1.0,4.0,50129,PARIS (AVENUE DE),M,"49,6319900"," -1,6176100",50,2019,50.0,1.0,1.0,3.0,2162906,1.0,1,1,2,9.0,,-1.0,0,2001.0,C01,138Â 289Â 323,1.0,0.0,-1.0,1651422,1.0,7,,0.0,2.0,1.0,A01,138Â 289Â 325,1.0
967649,201900009180,7,1,11:55,1,2,1,1.0,4.0,50129,PARIS (AVENUE DE),M,"49,6319900"," -1,6176100",50,2019,50.0,1.0,1.0,3.0,2162907,2.0,2,1,1,4.0,,-1.0,0,1991.0,C01,138Â 289Â 323,1.0,8.0,-1.0,1651420,1.0,7,,0.0,0.0,0.0,C01,138Â 289Â 323,1.0
967649,201900009180,7,1,11:55,1,2,1,1.0,4.0,50129,PARIS (AVENUE DE),M,"49,6319900"," -1,6176100",50,2019,50.0,1.0,1.0,3.0,2162907,2.0,2,1,1,4.0,,-1.0,0,1991.0,C01,138Â 289Â 323,1.0,8.0,-1.0,1651421,1.0,7,,0.0,2.0,4.0,B01,138Â 289Â 324,1.0
967649,201900009180,7,1,11:55,1,2,1,1.0,4.0,50129,PARIS (AVENUE DE),M,"49,6319900"," -1,6176100",50,2019,50.0,1.0,1.0,3.0,2162907,2.0,2,1,1,4.0,,-1.0,0,1991.0,C01,138Â 289Â 323,1.0,8.0,-1.0,1651422,1.0,7,,0.0,2.0,1.0,A01,138Â 289Â 325,1.0
967649,201900009180,7,1,11:55,1,2,1,1.0,4.0,50129,PARIS (AVENUE DE),M,"49,6319900"," -1,6176100",50,2019,50.0,1.0,1.0,3.0,2162908,2.0,2,4,2,5.0,,-1.0,0,2007.0,B01,138Â 289Â 324,1.0,8.0,-1.0,1651420,1.0,7,,0.0,0.0,0.0,C01,138Â 289Â 323,1.0
967649,201900009180,7,1,11:55,1,2,1,1.0,4.0,50129,PARIS (AVENUE DE),M,"49,6319900"," -1,6176100",50,2019,50.0,1.0,1.0,3.0,2162908,2.0,2,4,2,5.0,,-1.0,0,2007.0,B01,138Â 289Â 324,1.0,8.0,-1.0,1651421,1.0,7,,0.0,2.0,4.0,B01,138Â 289Â 324,1.0
967649,201900009180,7,1,11:55,1,2,1,1.0,4.0,50129,PARIS (AVENUE DE),M,"49,6319900"," -1,6176100",50,2019,50.0,1.0,1.0,3.0,2162908,2.0,2,4,2,5.0,,-1.0,0,2007.0,B01,138Â 289Â 324,1.0,8.0,-1.0,1651422,1.0,7,,0.0,2.0,1.0,A01,138Â 289Â 325,1.0
967649,201900009180,7,1,11:55,1,2,1,1.0,4.0,50129,PARIS (AVENUE DE),M,"49,6319900"," -1,6176100",50,2019,50.0,1.0,1.0,3.0,2162909,1.0,1,4,2,5.0,,-1.0,0,1947.0,B01,138Â 289Â 324,1.0,8.0,-1.0,1651420,1.0,7,,0.0,0.0,0.0,C01,138Â 289Â 323,1.0
967649,201900009180,7,1,11:55,1,2,1,1.0,4.0,50129,PARIS (AVENUE DE),M,"49,6319900"," -1,6176100",50,2019,50.0,1.0,1.0,3.0,2162909,1.0,1,4,2,5.0,,-1.0,0,1947.0,B01,138Â 289Â 324,1.0,8.0,-1.0,1651421,1.0,7,,0.0,2.0,4.0,B01,138Â 289Â 324,1.0
967649,201900009180,7,1,11:55,1,2,1,1.0,4.0,50129,PARIS (AVENUE DE),M,"49,6319900"," -1,6176100",50,2019,50.0,1.0,1.0,3.0,2162909,1.0,1,4,2,5.0,,-1.0,0,1947.0,B01,138Â 289Â 324,1.0,8.0,-1.0,1651422,1.0,7,,0.0,2.0,1.0,A01,138Â 289Â 325,1.0
967649,201900009180,7,1,11:55,1,2,1,1.0,4.0,50129,PARIS (AVENUE DE),M,"49,6319900"," -1,6176100",50,2019,50.0,1.0,1.0,3.0,2162910,1.0,1,1,2,5.0,,-1.0,0,1963.0,A01,138Â 289Â 325,1.0,8.0,-1.0,1651420,1.0,7,,0.0,0.0,0.0,C01,138Â 289Â 323,1.0
967649,201900009180,7,1,11:55,1,2,1,1.0,4.0,50129,PARIS (AVENUE DE),M,"49,6319900"," -1,6176100",50,2019,50.0,1.0,1.0,3.0,2162910,1.0,1,1,2,5.0,,-1.0,0,1963.0,A01,138Â 289Â 325,1.0,8.0,-1.0,1651421,1.0,7,,0.0,2.0,4.0,B01,138Â 289Â 324,1.0
967649,201900009180,7,1,11:55,1,2,1,1.0,4.0,50129,PARIS (AVENUE DE),M,"49,6319900"," -1,6176100",50,2019,50.0,1.0,1.0,3.0,2162910,1.0,1,1,2,5.0,,-1.0,0,1963.0,A01,138Â 289Â 325,1.0,8.0,-1.0,1651422,1.0,7,,0.0,2.0,1.0,A01,138Â 289Â 325,1.0
967650,201900009181,7,4,11:12,1,2,1,1.0,6.0,49007,SAINT JACQUES,M,"47,4738000"," -0,5694000",49,2019,60.0,1.0,1.0,4.0,2162911,1.0,1,1,1,0.0,,-1.0,0,1970.0,A01,138Â 289Â 322,1.0,8.0,-1.0,1651423,1.0,3,,0.0,1.0,0.0,A01,138Â 289Â 322,1.0
967650,201900009181,7,4,11:12,1,2,1,1.0,6.0,49007,SAINT JACQUES,M,"47,4738000"," -0,5694000",49,2019,60.0,1.0,1.0,4.0,2162912,10.0,3,4,1,0.0,,9.0,B,1999.0,A01,138Â 289Â 322,8.0,0.0,-1.0,1651423,1.0,3,,0.0,1.0,0.0,A01,138Â 289Â 322,1.0
967651,201900009182,7,4,06:55,1,2,1,1.0,3.0,49007,VISITATION PLACE,M,"47,4666500"," -0,5568000",49,2019,30.0,1.0,1.0,4.0,2162913,1.0,1,1,1,0.0,,-1.0, -1,1993.0,A01,138Â 289Â 320,1.0,0.0,-1.0,1651424,1.0,7,,0.0,2.0,3.0,A01,138Â 289Â 320,0.0
967651,201900009182,7,4,06:55,1,2,1,1.0,3.0,49007,VISITATION PLACE,M,"47,4666500"," -0,5568000",49,2019,30.0,1.0,1.0,4.0,2162913,1.0,1,1,1,0.0,,-1.0, -1,1993.0,A01,138Â 289Â 320,1.0,0.0,-1.0,1651425,1.0,33,,0.0,2.0,7.0,B01,138Â 289Â 321,0.0
967651,201900009182,7,4,06:55,1,2,1,1.0,3.0,49007,VISITATION PLACE,M,"47,4666500"," -0,5568000",49,2019,30.0,1.0,1.0,4.0,2162914,1.0,1,4,1,9.0,,-1.0,0,1965.0,B01,138Â 289Â 321,2.0,6.0,-1.0,1651424,1.0,7,,0.0,2.0,3.0,A01,138Â 289Â 320,0.0
967651,201900009182,7,4,06:55,1,2,1,1.0,3.0,49007,VISITATION PLACE,M,"47,4666500"," -0,5568000",49,2019,30.0,1.0,1.0,4.0,2162914,1.0,1,4,1,9.0,,-1.0,0,1965.0,B01,138Â 289Â 321,2.0,6.0,-1.0,1651425,1.0,33,,0.0,2.0,7.0,B01,138Â 289Â 321,0.0
967652,201900009183,7,2,18:00,1,2,1,1.0,6.0,49007,ARNAULD ( HENRI) BOULEVARD,M,"47,4735400"," -0,5614000",49,2019,30.0,1.0,1.0,4.0,2162915,1.0,1,3,1,5.0,,-1.0,0,1948.0,A01,138Â 289Â 319,8.0,0.0,-1.0,1651426,2.0,80,,1.0,2.0,2.0,A01,138Â 289Â 319,3.0
967653,201900009184,7,3,20:10,1,2,1,1.0,7.0,49007,CHATENAY AVENUE VICTOR,M,"47,4822000"," -0,5219000",49,2019,50.0,1.0,1.0,4.0,2162916,1.0,1,4,2,0.0,,-1.0,0,1996.0,A01,138Â 289Â 318,1.0,8.0,-1.0,1651427,1.0,7,,2.0,0.0,1.0,A01,138Â 289Â 318,0.0
967654,201900009185,7,4,02:50,4,2,1,1.0,6.0,49007,GUICHARD,M,"47,4517300"," -0,5492900",49,2019,50.0,1.0,1.0,4.0,2162917,1.0,1,4,1,0.0,,-1.0,0,1990.0,A01,138Â 289Â 317,1.0,8.0,-1.0,1651428,1.0,7,,1.0,0.0,0.0,A01,138Â 289Â 317,0.0
967655,201900009186,7,4,10:05,1,1,6,1.0,6.0,47201,MARNE (AV. DE LA),M,"44,1943000","0,6037000",47,2019,50.0,1.0,1.0,3.0,2162918,10.0,3,3,1,0.0,,3.0,3,1932.0,A01,138Â 289Â 316,8.0,0.0,-1.0,1651429,2.0,7,,0.0,1.0,8.0,A01,138Â 289Â 316,1.0
967655,201900009186,7,4,10:05,1,1,6,1.0,6.0,47201,MARNE (AV. DE LA),M,"44,1943000","0,6037000",47,2019,50.0,1.0,1.0,3.0,2162919,1.0,1,1,2,5.0,,-1.0,0,1955.0,A01,138Â 289Â 316,1.0,0.0,-1.0,1651429,2.0,7,,0.0,1.0,8.0,A01,138Â 289Â 316,1.0
967656,201900009187,7,6,16:35,1,1,6,1.0,7.0,45234,AV DES DROITS DE L'HOMME - R G EIFFEL,M,"47,9238780","1,9403600",45,2019,50.0,1.0,1.0,4.0,2162920,1.0,1,4,1,5.0,,0.0,0,1930.0,A01,138Â 289Â 315,1.0,8.0,-1.0,1651430,2.0,7,,12.0,0.0,2.0,A01,138Â 289Â 315,1.0
967657,201900009188,7,6,11:45,1,2,1,1.0,7.0,45284,BD DE LA SALLE,M,"47,9236800","1,9956900",45,2019,50.0,1.0,1.0,4.0,2162921,1.0,1,4,1,0.0,,0.0,0,2002.0,A01,138Â 289Â 314,2.0,0.0,-1.0,1651431,3.0,31,,0.0,0.0,0.0,A01,138Â 289Â 314,0.0
967658,201900009189,7,5,17:57,1,2,1,1.0,3.0,45302,RUE DE LA PELLETERIE,M,"47,9470100","1,8662700",45,2019,50.0,1.0,1.0,4.0,2162922,1.0,1,1,2,5.0,,0.0,0,1946.0,A01,138Â 289Â 312,1.0,0.0,-1.0,1651432,3.0,7,,0.0,2.0,3.0,A01,138Â 289Â 312,1.0
967658,201900009189,7,5,17:57,1,2,1,1.0,3.0,45302,RUE DE LA PELLETERIE,M,"47,9470100","1,8662700",45,2019,50.0,1.0,1.0,4.0,2162922,1.0,1,1,2,5.0,,0.0,0,1946.0,A01,138Â 289Â 312,1.0,0.0,-1.0,1651433,3.0,31,,0.0,2.0,7.0,B01,138Â 289Â 313,1.0
967658,201900009189,7,5,17:57,1,2,1,1.0,3.0,45302,RUE DE LA PELLETERIE,M,"47,9470100","1,8662700",45,2019,50.0,1.0,1.0,4.0,2162923,1.0,1,4,1,5.0,,0.0,0,2002.0,B01,138Â 289Â 313,2.0,6.0,-1.0,1651432,3.0,7,,0.0,2.0,3.0,A01,138Â 289Â 312,1.0
967658,201900009189,7,5,17:57,1,2,1,1.0,3.0,45302,RUE DE LA PELLETERIE,M,"47,9470100","1,8662700",45,2019,50.0,1.0,1.0,4.0,2162923,1.0,1,4,1,5.0,,0.0,0,2002.0,B01,138Â 289Â 313,2.0,6.0,-1.0,1651433,3.0,31,,0.0,2.0,7.0,B01,138Â 289Â 313,1.0
967659,201900009190,7,5,15:00,1,2,2,1.0,3.0,45232,R DE CHAMPAGNE - R D'ALSACE,M,"47,8412630","1,9185180",45,2019,50.0,1.0,1.0,4.0,2162924,2.0,2,1,2,0.0,,0.0,0,1957.0,A01,138Â 289Â 310,8.0,0.0,-1.0,1651434,0.0,7,,0.0,2.0,1.0,A01,138Â 289Â 310,1.0
967659,201900009190,7,5,15:00,1,2,2,1.0,3.0,45232,R DE CHAMPAGNE - R D'ALSACE,M,"47,8412630","1,9185180",45,2019,50.0,1.0,1.0,4.0,2162924,2.0,2,1,2,0.0,,0.0,0,1957.0,A01,138Â 289Â 310,8.0,0.0,-1.0,1651435,0.0,7,,0.0,2.0,3.0,B01,138Â 289Â 311,1.0
967659,201900009190,7,5,15:00,1,2,2,1.0,3.0,45232,R DE CHAMPAGNE - R D'ALSACE,M,"47,8412630","1,9185180",45,2019,50.0,1.0,1.0,4.0,2162925,1.0,1,1,2,0.0,,0.0,0,1983.0,A01,138Â 289Â 310,8.0,0.0,-1.0,1651434,0.0,7,,0.0,2.0,1.0,A01,138Â 289Â 310,1.0
967659,201900009190,7,5,15:00,1,2,2,1.0,3.0,45232,R DE CHAMPAGNE - R D'ALSACE,M,"47,8412630","1,9185180",45,2019,50.0,1.0,1.0,4.0,2162925,1.0,1,1,2,0.0,,0.0,0,1983.0,A01,138Â 289Â 310,8.0,0.0,-1.0,1651435,0.0,7,,0.0,2.0,3.0,B01,138Â 289Â 311,1.0
967659,201900009190,7,5,15:00,1,2,2,1.0,3.0,45232,R DE CHAMPAGNE - R D'ALSACE,M,"47,8412630","1,9185180",45,2019,50.0,1.0,1.0,4.0,2162926,2.0,2,1,1,9.0,,0.0,0,2001.0,B01,138Â 289Â 311,8.0,0.0,-1.0,1651434,0.0,7,,0.0,2.0,1.0,A01,138Â 289Â 310,1.0
967659,201900009190,7,5,15:00,1,2,2,1.0,3.0,45232,R DE CHAMPAGNE - R D'ALSACE,M,"47,8412630","1,9185180",45,2019,50.0,1.0,1.0,4.0,2162926,2.0,2,1,1,9.0,,0.0,0,2001.0,B01,138Â 289Â 311,8.0,0.0,-1.0,1651435,0.0,7,,0.0,2.0,3.0,B01,138Â 289Â 311,1.0
967659,201900009190,7,5,15:00,1,2,2,1.0,3.0,45232,R DE CHAMPAGNE - R D'ALSACE,M,"47,8412630","1,9185180",45,2019,50.0,1.0,1.0,4.0,2162927,1.0,1,4,2,9.0,,0.0,0,1974.0,B01,138Â 289Â 311,8.0,0.0,-1.0,1651434,0.0,7,,0.0,2.0,1.0,A01,138Â 289Â 310,1.0
967659,201900009190,7,5,15:00,1,2,2,1.0,3.0,45232,R DE CHAMPAGNE - R D'ALSACE,M,"47,8412630","1,9185180",45,2019,50.0,1.0,1.0,4.0,2162927,1.0,1,4,2,9.0,,0.0,0,1974.0,B01,138Â 289Â 311,8.0,0.0,-1.0,1651435,0.0,7,,0.0,2.0,3.0,B01,138Â 289Â 311,1.0
967660,201900009191,7,5,15:45,1,2,1,1.0,6.0,45208,RUE DE LA QUINTAINE,M,"48,0038906","2,7329524",45,2019,30.0,1.0,1.0,4.0,2162928,10.0,3,4,1,4.0,,9.0,9,1981.0,A01,138Â 289Â 309,8.0,0.0,-1.0,1651436,0.0,7,,1.0,1.0,7.0,A01,138Â 289Â 309,1.0
967660,201900009191,7,5,15:45,1,2,1,1.0,6.0,45208,RUE DE LA QUINTAINE,M,"48,0038906","2,7329524",45,2019,30.0,1.0,1.0,4.0,2162929,1.0,1,1,1,9.0,,0.0,0,1963.0,A01,138Â 289Â 309,5.0,-1.0,-1.0,1651436,0.0,7,,1.0,1.0,7.0,A01,138Â 289Â 309,1.0
967661,201900009192,7,4,11:40,1,1,4,1.0,5.0,44184,RD 492 / BD NEYMAN,M,"47,2766164"," -2,2482915",44,2019,70.0,1.0,1.0,3.0,2162930,1.0,1,1,1,4.0,,0.0,0,1990.0,D01,138Â 289Â 305,1.0,8.0,-1.0,1651437,1.0,7,,0.0,2.0,3.0,D01,138Â 289Â 305,1.0
967661,201900009192,7,4,11:40,1,1,4,1.0,5.0,44184,RD 492 / BD NEYMAN,M,"47,2766164"," -2,2482915",44,2019,70.0,1.0,1.0,3.0,2162930,1.0,1,1,1,4.0,,0.0,0,1990.0,D01,138Â 289Â 305,1.0,8.0,-1.0,1651438,1.0,7,,0.0,2.0,7.0,C01,138Â 289Â 306,1.0
967661,201900009192,7,4,11:40,1,1,4,1.0,5.0,44184,RD 492 / BD NEYMAN,M,"47,2766164"," -2,2482915",44,2019,70.0,1.0,1.0,3.0,2162930,1.0,1,1,1,4.0,,0.0,0,1990.0,D01,138Â 289Â 305,1.0,8.0,-1.0,1651439,1.0,7,,0.0,2.0,3.0,B01,138Â 289Â 307,1.0
967661,201900009192,7,4,11:40,1,1,4,1.0,5.0,44184,RD 492 / BD NEYMAN,M,"47,2766164"," -2,2482915",44,2019,70.0,1.0,1.0,3.0,2162930,1.0,1,1,1,4.0,,0.0,0,1990.0,D01,138Â 289Â 305,1.0,8.0,-1.0,1651440,2.0,7,,0.0,2.0,1.0,A01,138Â 289Â 308,1.0
967661,201900009192,7,4,11:40,1,1,4,1.0,5.0,44184,RD 492 / BD NEYMAN,M,"47,2766164"," -2,2482915",44,2019,70.0,1.0,1.0,3.0,2162931,1.0,1,1,1,5.0,,0.0,0,1999.0,C01,138Â 289Â 306,1.0,8.0,-1.0,1651437,1.0,7,,0.0,2.0,3.0,D01,138Â 289Â 305,1.0
967661,201900009192,7,4,11:40,1,1,4,1.0,5.0,44184,RD 492 / BD NEYMAN,M,"47,2766164"," -2,2482915",44,2019,70.0,1.0,1.0,3.0,2162931,1.0,1,1,1,5.0,,0.0,0,1999.0,C01,138Â 289Â 306,1.0,8.0,-1.0,1651438,1.0,7,,0.0,2.0,7.0,C01,138Â 289Â 306,1.0
967661,201900009192,7,4,11:40,1,1,4,1.0,5.0,44184,RD 492 / BD NEYMAN,M,"47,2766164"," -2,2482915",44,2019,70.0,1.0,1.0,3.0,2162931,1.0,1,1,1,5.0,,0.0,0,1999.0,C01,138Â 289Â 306,1.0,8.0,-1.0,1651439,1.0,7,,0.0,2.0,3.0,B01,138Â 289Â 307,1.0
967661,201900009192,7,4,11:40,1,1,4,1.0,5.0,44184,RD 492 / BD NEYMAN,M,"47,2766164"," -2,2482915",44,2019,70.0,1.0,1.0,3.0,2162931,1.0,1,1,1,5.0,,0.0,0,1999.0,C01,138Â 289Â 306,1.0,8.0,-1.0,1651440,2.0,7,,0.0,2.0,1.0,A01,138Â 289Â 308,1.0
967661,201900009192,7,4,11:40,1,1,4,1.0,5.0,44184,RD 492 / BD NEYMAN,M,"47,2766164"," -2,2482915",44,2019,70.0,1.0,1.0,3.0,2162932,1.0,1,4,1,5.0,,0.0,0,1954.0,B01,138Â 289Â 307,1.0,8.0,-1.0,1651437,1.0,7,,0.0,2.0,3.0,D01,138Â 289Â 305,1.0
967661,201900009192,7,4,11:40,1,1,4,1.0,5.0,44184,RD 492 / BD NEYMAN,M,"47,2766164"," -2,2482915",44,2019,70.0,1.0,1.0,3.0,2162932,1.0,1,4,1,5.0,,0.0,0,1954.0,B01,138Â 289Â 307,1.0,8.0,-1.0,1651438,1.0,7,,0.0,2.0,7.0,C01,138Â 289Â 306,1.0
967661,201900009192,7,4,11:40,1,1,4,1.0,5.0,44184,RD 492 / BD NEYMAN,M,"47,2766164"," -2,2482915",44,2019,70.0,1.0,1.0,3.0,2162932,1.0,1,4,1,5.0,,0.0,0,1954.0,B01,138Â 289Â 307,1.0,8.0,-1.0,1651439,1.0,7,,0.0,2.0,3.0,B01,138Â 289Â 307,1.0
967661,201900009192,7,4,11:40,1,1,4,1.0,5.0,44184,RD 492 / BD NEYMAN,M,"47,2766164"," -2,2482915",44,2019,70.0,1.0,1.0,3.0,2162932,1.0,1,4,1,5.0,,0.0,0,1954.0,B01,138Â 289Â 307,1.0,8.0,-1.0,1651440,2.0,7,,0.0,2.0,1.0,A01,138Â 289Â 308,1.0
967661,201900009192,7,4,11:40,1,1,4,1.0,5.0,44184,RD 492 / BD NEYMAN,M,"47,2766164"," -2,2482915",44,2019,70.0,1.0,1.0,3.0,2162933,1.0,1,1,2,5.0,,0.0,0,1997.0,A01,138Â 289Â 308,1.0,8.0,-1.0,1651437,1.0,7,,0.0,2.0,3.0,D01,138Â 289Â 305,1.0
967661,201900009192,7,4,11:40,1,1,4,1.0,5.0,44184,RD 492 / BD NEYMAN,M,"47,2766164"," -2,2482915",44,2019,70.0,1.0,1.0,3.0,2162933,1.0,1,1,2,5.0,,0.0,0,1997.0,A01,138Â 289Â 308,1.0,8.0,-1.0,1651438,1.0,7,,0.0,2.0,7.0,C01,138Â 289Â 306,1.0