Unnamed: 0_x,num_acc,mois,jour,hrmn,lum,agg,int,atm,col,com,adr,gps,lat,long,dep,annee,vma,situ,surf,catr,Unnamed: 0_y,place,catu,grav,sexe,trajet,secu,locp,actp,an_nais,num_veh_x,id_vehicule_x,secu1,secu2,secu3,Unnamed: 0,senc,catv,occutc,obs,obsm,choc,num_veh_y,id_vehicule_y,motor
967661,201900009192,7,4,11:40,1,1,4,1.0,5.0,44184,RD 492 / BD NEYMAN,M,"47,2766164"," -2,2482915",44,2019,70.0,1.0,1.0,3.0,2162933,1.0,1,1,2,5.0,,0.0,0,1997.0,A01,138Â 289Â 308,1.0,8.0,-1.0,1651439,1.0,7,,0.0,2.0,3.0,B01,138Â 289Â 307,1.0
967661,201900009192,7,4,11:40,1,1,4,1.0,5.0,44184,RD 492 / BD NEYMAN,M,"47,2766164"," -2,2482915",44,2019,70.0,1.0,1.0,3.0,2162933,1.0,1,1,2,5.0,,0.0,0,1997.0,A01,138Â 289Â 308,1.0,8.0,-1.0,1651440,2.0,7,,0.0,2.0,1.0,A01,138Â 289Â 308,1.0
967662,201900009193,7,3,08:20,1,2,1,1.0,6.0,44184,TRIGNAC (RUE DE),M,"47,2903000"," -2,1948000",44,2019,50.0,1.0,1.0,4.0,2162934,10.0,3,4,1,5.0,,1.0,3,1968.0,A01,138Â 289Â 304,8.0,0.0,-1.0,1651441,3.0,99,,0.0,1.0,1.0,A01,138Â 289Â 304,1.0
967662,201900009193,7,3,08:20,1,2,1,1.0,6.0,44184,TRIGNAC (RUE DE),M,"47,2903000"," -2,1948000",44,2019,50.0,1.0,1.0,4.0,2162935,1.0,1,1,1,1.0,,0.0,0,1996.0,A01,138Â 289Â 304,1.0,0.0,-1.0,1651441,3.0,99,,0.0,1.0,1.0,A01,138Â 289Â 304,1.0
967663,201900009194,7,6,12:00,1,1,9,1.0,2.0,44009,,M,"47,2191100"," -1,4760700",44,2019,50.0,1.0,1.0,2.0,2162936,1.0,1,4,2,0.0,,0.0,0,1993.0,B01,138Â 289Â 302,1.0,0.0,-1.0,1651442,1.0,7,,0.0,0.0,1.0,B01,138Â 289Â 302,0.0
967663,201900009194,7,6,12:00,1,1,9,1.0,2.0,44009,,M,"47,2191100"," -1,4760700",44,2019,50.0,1.0,1.0,2.0,2162936,1.0,1,4,2,0.0,,0.0,0,1993.0,B01,138Â 289Â 302,1.0,0.0,-1.0,1651443,1.0,7,,0.0,2.0,4.0,A01,138Â 289Â 303,1.0
967663,201900009194,7,6,12:00,1,1,9,1.0,2.0,44009,,M,"47,2191100"," -1,4760700",44,2019,50.0,1.0,1.0,2.0,2162937,2.0,2,4,2,0.0,,0.0,0,1995.0,A01,138Â 289Â 303,1.0,0.0,-1.0,1651442,1.0,7,,0.0,0.0,1.0,B01,138Â 289Â 302,0.0
967663,201900009194,7,6,12:00,1,1,9,1.0,2.0,44009,,M,"47,2191100"," -1,4760700",44,2019,50.0,1.0,1.0,2.0,2162937,2.0,2,4,2,0.0,,0.0,0,1995.0,A01,138Â 289Â 303,1.0,0.0,-1.0,1651443,1.0,7,,0.0,2.0,4.0,A01,138Â 289Â 303,1.0
967663,201900009194,7,6,12:00,1,1,9,1.0,2.0,44009,,M,"47,2191100"," -1,4760700",44,2019,50.0,1.0,1.0,2.0,2162938,1.0,1,1,1,0.0,,0.0,0,1990.0,A01,138Â 289Â 303,1.0,0.0,-1.0,1651442,1.0,7,,0.0,0.0,1.0,B01,138Â 289Â 302,0.0
967663,201900009194,7,6,12:00,1,1,9,1.0,2.0,44009,,M,"47,2191100"," -1,4760700",44,2019,50.0,1.0,1.0,2.0,2162938,1.0,1,1,1,0.0,,0.0,0,1990.0,A01,138Â 289Â 303,1.0,0.0,-1.0,1651443,1.0,7,,0.0,2.0,4.0,A01,138Â 289Â 303,1.0
967664,201900009195,7,5,20:50,1,2,6,1.0,3.0,44109,BD ALEXANDRE MILLERAND/RUE RONDEAU,M,"47,2079000"," -1,5301000",44,2019,50.0,1.0,1.0,4.0,2162939,1.0,1,1,1,4.0,,-1.0, -1,1961.0,B01,138Â 289Â 300,1.0,0.0,-1.0,1651444,3.0,7,,0.0,0.0,3.0,B01,138Â 289Â 300,0.0
967664,201900009195,7,5,20:50,1,2,6,1.0,3.0,44109,BD ALEXANDRE MILLERAND/RUE RONDEAU,M,"47,2079000"," -1,5301000",44,2019,50.0,1.0,1.0,4.0,2162939,1.0,1,1,1,4.0,,-1.0, -1,1961.0,B01,138Â 289Â 300,1.0,0.0,-1.0,1651445,3.0,30,,0.0,2.0,1.0,A01,138Â 289Â 301,1.0
967664,201900009195,7,5,20:50,1,2,6,1.0,3.0,44109,BD ALEXANDRE MILLERAND/RUE RONDEAU,M,"47,2079000"," -1,5301000",44,2019,50.0,1.0,1.0,4.0,2162940,2.0,2,3,1,5.0,,0.0,0,2000.0,A01,138Â 289Â 301,2.0,0.0,-1.0,1651444,3.0,7,,0.0,0.0,3.0,B01,138Â 289Â 300,0.0
967664,201900009195,7,5,20:50,1,2,6,1.0,3.0,44109,BD ALEXANDRE MILLERAND/RUE RONDEAU,M,"47,2079000"," -1,5301000",44,2019,50.0,1.0,1.0,4.0,2162940,2.0,2,3,1,5.0,,0.0,0,2000.0,A01,138Â 289Â 301,2.0,0.0,-1.0,1651445,3.0,30,,0.0,2.0,1.0,A01,138Â 289Â 301,1.0
967664,201900009195,7,5,20:50,1,2,6,1.0,3.0,44109,BD ALEXANDRE MILLERAND/RUE RONDEAU,M,"47,2079000"," -1,5301000",44,2019,50.0,1.0,1.0,4.0,2162941,1.0,1,4,1,5.0,,0.0,0,2002.0,A01,138Â 289Â 301,2.0,0.0,-1.0,1651444,3.0,7,,0.0,0.0,3.0,B01,138Â 289Â 300,0.0
967664,201900009195,7,5,20:50,1,2,6,1.0,3.0,44109,BD ALEXANDRE MILLERAND/RUE RONDEAU,M,"47,2079000"," -1,5301000",44,2019,50.0,1.0,1.0,4.0,2162941,1.0,1,4,1,5.0,,0.0,0,2002.0,A01,138Â 289Â 301,2.0,0.0,-1.0,1651445,3.0,30,,0.0,2.0,1.0,A01,138Â 289Â 301,1.0
967665,201900009196,6,18,00:52,5,2,1,1.0,1.0,44109,RUE CHARLES PERRON,M,"47,2249560"," -1,6019460",44,2019,50.0,1.0,1.0,4.0,2162942,1.0,1,4,1,0.0,,0.0,0,1997.0,A01,138Â 289Â 298,8.0,0.0,-1.0,1651446,1.0,7,,0.0,2.0,1.0,A01,138Â 289Â 298,1.0
967665,201900009196,6,18,00:52,5,2,1,1.0,1.0,44109,RUE CHARLES PERRON,M,"47,2249560"," -1,6019460",44,2019,50.0,1.0,1.0,4.0,2162942,1.0,1,4,1,0.0,,0.0,0,1997.0,A01,138Â 289Â 298,8.0,0.0,-1.0,1651447,1.0,7,,0.0,2.0,1.0,B01,138Â 289Â 299,1.0
967665,201900009196,6,18,00:52,5,2,1,1.0,1.0,44109,RUE CHARLES PERRON,M,"47,2249560"," -1,6019460",44,2019,50.0,1.0,1.0,4.0,2162943,1.0,1,4,1,0.0,,0.0,0,1999.0,B01,138Â 289Â 299,1.0,0.0,-1.0,1651446,1.0,7,,0.0,2.0,1.0,A01,138Â 289Â 298,1.0
967665,201900009196,6,18,00:52,5,2,1,1.0,1.0,44109,RUE CHARLES PERRON,M,"47,2249560"," -1,6019460",44,2019,50.0,1.0,1.0,4.0,2162943,1.0,1,4,1,0.0,,0.0,0,1999.0,B01,138Â 289Â 299,1.0,0.0,-1.0,1651447,1.0,7,,0.0,2.0,1.0,B01,138Â 289Â 299,1.0
967666,201900009197,6,28,21:00,1,2,6,1.0,3.0,44109,BOULEVARD DU PETIT PORT,M,"47,2434700"," -1,5565300",44,2019,50.0,1.0,1.0,4.0,2162944,1.0,1,1,1,4.0,,0.0,0,1970.0,A01,138Â 289Â 296,1.0,0.0,-1.0,1651448,1.0,7,,0.0,2.0,7.0,A01,138Â 289Â 296,1.0
967666,201900009197,6,28,21:00,1,2,6,1.0,3.0,44109,BOULEVARD DU PETIT PORT,M,"47,2434700"," -1,5565300",44,2019,50.0,1.0,1.0,4.0,2162944,1.0,1,1,1,4.0,,0.0,0,1970.0,A01,138Â 289Â 296,1.0,0.0,-1.0,1651449,0.0,80,,0.0,2.0,1.0,B01,138Â 289Â 297,5.0
967666,201900009197,6,28,21:00,1,2,6,1.0,3.0,44109,BOULEVARD DU PETIT PORT,M,"47,2434700"," -1,5565300",44,2019,50.0,1.0,1.0,4.0,2162945,1.0,1,3,2,1.0,,0.0,0,1964.0,B01,138Â 289Â 297,8.0,0.0,-1.0,1651448,1.0,7,,0.0,2.0,7.0,A01,138Â 289Â 296,1.0
967666,201900009197,6,28,21:00,1,2,6,1.0,3.0,44109,BOULEVARD DU PETIT PORT,M,"47,2434700"," -1,5565300",44,2019,50.0,1.0,1.0,4.0,2162945,1.0,1,3,2,1.0,,0.0,0,1964.0,B01,138Â 289Â 297,8.0,0.0,-1.0,1651449,0.0,80,,0.0,2.0,1.0,B01,138Â 289Â 297,5.0
967667,201900009198,7,4,06:55,2,2,9,1.0,2.0,44162,BOULEVARD CHARLES DE GAULLE,M,"47,2181600"," -1,6459200",44,2019,50.0,1.0,1.0,7.0,2162946,1.0,1,1,1,1.0,,0.0,0,1992.0,B01,138Â 289Â 294,1.0,0.0,-1.0,1651450,2.0,7,,0.0,2.0,1.0,B01,138Â 289Â 294,1.0
967667,201900009198,7,4,06:55,2,2,9,1.0,2.0,44162,BOULEVARD CHARLES DE GAULLE,M,"47,2181600"," -1,6459200",44,2019,50.0,1.0,1.0,7.0,2162946,1.0,1,1,1,1.0,,0.0,0,1992.0,B01,138Â 289Â 294,1.0,0.0,-1.0,1651451,2.0,7,,0.0,0.0,4.0,A01,138Â 289Â 295,6.0
967667,201900009198,7,4,06:55,2,2,9,1.0,2.0,44162,BOULEVARD CHARLES DE GAULLE,M,"47,2181600"," -1,6459200",44,2019,50.0,1.0,1.0,7.0,2162947,1.0,1,4,1,1.0,,0.0,0,1977.0,A01,138Â 289Â 295,1.0,0.0,-1.0,1651450,2.0,7,,0.0,2.0,1.0,B01,138Â 289Â 294,1.0
967667,201900009198,7,4,06:55,2,2,9,1.0,2.0,44162,BOULEVARD CHARLES DE GAULLE,M,"47,2181600"," -1,6459200",44,2019,50.0,1.0,1.0,7.0,2162947,1.0,1,4,1,1.0,,0.0,0,1977.0,A01,138Â 289Â 295,1.0,0.0,-1.0,1651451,2.0,7,,0.0,0.0,4.0,A01,138Â 289Â 295,6.0
967668,201900009199,7,5,21:00,1,2,1,1.0,1.0,42053,LONGES ROUTE DE,M,"45,5310100","4,6309000",42,2019,50.0,1.0,1.0,3.0,2162948,1.0,1,4,1,0.0,,-1.0,0,1976.0,A01,138Â 289Â 292,1.0,0.0,-1.0,1651452,2.0,20,,0.0,2.0,1.0,A01,138Â 289Â 292,1.0
967668,201900009199,7,5,21:00,1,2,1,1.0,1.0,42053,LONGES ROUTE DE,M,"45,5310100","4,6309000",42,2019,50.0,1.0,1.0,3.0,2162948,1.0,1,4,1,0.0,,-1.0,0,1976.0,A01,138Â 289Â 292,1.0,0.0,-1.0,1651453,1.0,20,,0.0,2.0,1.0,B01,138Â 289Â 293,1.0
967668,201900009199,7,5,21:00,1,2,1,1.0,1.0,42053,LONGES ROUTE DE,M,"45,5310100","4,6309000",42,2019,50.0,1.0,1.0,3.0,2162949,1.0,1,4,1,5.0,,-1.0,0,1992.0,B01,138Â 289Â 293,1.0,0.0,-1.0,1651452,2.0,20,,0.0,2.0,1.0,A01,138Â 289Â 292,1.0
967668,201900009199,7,5,21:00,1,2,1,1.0,1.0,42053,LONGES ROUTE DE,M,"45,5310100","4,6309000",42,2019,50.0,1.0,1.0,3.0,2162949,1.0,1,4,1,5.0,,-1.0,0,1992.0,B01,138Â 289Â 293,1.0,0.0,-1.0,1651453,1.0,20,,0.0,2.0,1.0,B01,138Â 289Â 293,1.0
967669,201900009200,7,4,12:30,1,2,2,1.0,3.0,42187,OUDAN (RUE DE L'),M,"46,0521000","4,0858600",42,2019,50.0,1.0,1.0,4.0,2162950,1.0,1,4,1,1.0,,-1.0,0,1999.0,A01,138Â 289Â 291,8.0,0.0,-1.0,1651454,3.0,7,,0.0,2.0,0.0,Z01,138Â 289Â 290,0.0
967669,201900009200,7,4,12:30,1,2,2,1.0,3.0,42187,OUDAN (RUE DE L'),M,"46,0521000","4,0858600",42,2019,50.0,1.0,1.0,4.0,2162950,1.0,1,4,1,1.0,,-1.0,0,1999.0,A01,138Â 289Â 291,8.0,0.0,-1.0,1651455,1.0,1,,0.0,2.0,0.0,A01,138Â 289Â 291,5.0
967670,201900009201,7,3,15:00,1,2,1,1.0,5.0,42127,EST ( ROCADE),M,"46,0646000","4,0579800",42,2019,70.0,1.0,1.0,2.0,2162951,1.0,1,1,1,1.0,,-1.0,0,1979.0,F01,138Â 289Â 284,1.0,0.0,-1.0,1651456,1.0,7,,0.0,2.0,4.0,F01,138Â 289Â 284,1.0
967670,201900009201,7,3,15:00,1,2,1,1.0,5.0,42127,EST ( ROCADE),M,"46,0646000","4,0579800",42,2019,70.0,1.0,1.0,2.0,2162951,1.0,1,1,1,1.0,,-1.0,0,1979.0,F01,138Â 289Â 284,1.0,0.0,-1.0,1651457,1.0,7,,0.0,2.0,4.0,E01,138Â 289Â 285,1.0
967670,201900009201,7,3,15:00,1,2,1,1.0,5.0,42127,EST ( ROCADE),M,"46,0646000","4,0579800",42,2019,70.0,1.0,1.0,2.0,2162951,1.0,1,1,1,1.0,,-1.0,0,1979.0,F01,138Â 289Â 284,1.0,0.0,-1.0,1651458,1.0,7,,0.0,2.0,4.0,D01,138Â 289Â 286,1.0
967670,201900009201,7,3,15:00,1,2,1,1.0,5.0,42127,EST ( ROCADE),M,"46,0646000","4,0579800",42,2019,70.0,1.0,1.0,2.0,2162951,1.0,1,1,1,1.0,,-1.0,0,1979.0,F01,138Â 289Â 284,1.0,0.0,-1.0,1651459,1.0,7,,0.0,2.0,4.0,C01,138Â 289Â 287,1.0
967670,201900009201,7,3,15:00,1,2,1,1.0,5.0,42127,EST ( ROCADE),M,"46,0646000","4,0579800",42,2019,70.0,1.0,1.0,2.0,2162951,1.0,1,1,1,1.0,,-1.0,0,1979.0,F01,138Â 289Â 284,1.0,0.0,-1.0,1651460,1.0,7,,0.0,2.0,4.0,B01,138Â 289Â 288,2.0
967670,201900009201,7,3,15:00,1,2,1,1.0,5.0,42127,EST ( ROCADE),M,"46,0646000","4,0579800",42,2019,70.0,1.0,1.0,2.0,2162951,1.0,1,1,1,1.0,,-1.0,0,1979.0,F01,138Â 289Â 284,1.0,0.0,-1.0,1651461,1.0,99,,0.0,2.0,1.0,A01,138Â 289Â 289,1.0
967670,201900009201,7,3,15:00,1,2,1,1.0,5.0,42127,EST ( ROCADE),M,"46,0646000","4,0579800",42,2019,70.0,1.0,1.0,2.0,2162952,1.0,1,1,1,1.0,,-1.0,0,1994.0,E01,138Â 289Â 285,1.0,0.0,-1.0,1651456,1.0,7,,0.0,2.0,4.0,F01,138Â 289Â 284,1.0
967670,201900009201,7,3,15:00,1,2,1,1.0,5.0,42127,EST ( ROCADE),M,"46,0646000","4,0579800",42,2019,70.0,1.0,1.0,2.0,2162952,1.0,1,1,1,1.0,,-1.0,0,1994.0,E01,138Â 289Â 285,1.0,0.0,-1.0,1651457,1.0,7,,0.0,2.0,4.0,E01,138Â 289Â 285,1.0
967670,201900009201,7,3,15:00,1,2,1,1.0,5.0,42127,EST ( ROCADE),M,"46,0646000","4,0579800",42,2019,70.0,1.0,1.0,2.0,2162952,1.0,1,1,1,1.0,,-1.0,0,1994.0,E01,138Â 289Â 285,1.0,0.0,-1.0,1651458,1.0,7,,0.0,2.0,4.0,D01,138Â 289Â 286,1.0
967670,201900009201,7,3,15:00,1,2,1,1.0,5.0,42127,EST ( ROCADE),M,"46,0646000","4,0579800",42,2019,70.0,1.0,1.0,2.0,2162952,1.0,1,1,1,1.0,,-1.0,0,1994.0,E01,138Â 289Â 285,1.0,0.0,-1.0,1651459,1.0,7,,0.0,2.0,4.0,C01,138Â 289Â 287,1.0
967670,201900009201,7,3,15:00,1,2,1,1.0,5.0,42127,EST ( ROCADE),M,"46,0646000","4,0579800",42,2019,70.0,1.0,1.0,2.0,2162952,1.0,1,1,1,1.0,,-1.0,0,1994.0,E01,138Â 289Â 285,1.0,0.0,-1.0,1651460,1.0,7,,0.0,2.0,4.0,B01,138Â 289Â 288,2.0
967670,201900009201,7,3,15:00,1,2,1,1.0,5.0,42127,EST ( ROCADE),M,"46,0646000","4,0579800",42,2019,70.0,1.0,1.0,2.0,2162952,1.0,1,1,1,1.0,,-1.0,0,1994.0,E01,138Â 289Â 285,1.0,0.0,-1.0,1651461,1.0,99,,0.0,2.0,1.0,A01,138Â 289Â 289,1.0
967670,201900009201,7,3,15:00,1,2,1,1.0,5.0,42127,EST ( ROCADE),M,"46,0646000","4,0579800",42,2019,70.0,1.0,1.0,2.0,2162953,1.0,1,1,1,5.0,,-1.0,0,1957.0,D01,138Â 289Â 286,1.0,0.0,-1.0,1651456,1.0,7,,0.0,2.0,4.0,F01,138Â 289Â 284,1.0
967670,201900009201,7,3,15:00,1,2,1,1.0,5.0,42127,EST ( ROCADE),M,"46,0646000","4,0579800",42,2019,70.0,1.0,1.0,2.0,2162953,1.0,1,1,1,5.0,,-1.0,0,1957.0,D01,138Â 289Â 286,1.0,0.0,-1.0,1651457,1.0,7,,0.0,2.0,4.0,E01,138Â 289Â 285,1.0
967670,201900009201,7,3,15:00,1,2,1,1.0,5.0,42127,EST ( ROCADE),M,"46,0646000","4,0579800",42,2019,70.0,1.0,1.0,2.0,2162953,1.0,1,1,1,5.0,,-1.0,0,1957.0,D01,138Â 289Â 286,1.0,0.0,-1.0,1651458,1.0,7,,0.0,2.0,4.0,D01,138Â 289Â 286,1.0
967670,201900009201,7,3,15:00,1,2,1,1.0,5.0,42127,EST ( ROCADE),M,"46,0646000","4,0579800",42,2019,70.0,1.0,1.0,2.0,2162953,1.0,1,1,1,5.0,,-1.0,0,1957.0,D01,138Â 289Â 286,1.0,0.0,-1.0,1651459,1.0,7,,0.0,2.0,4.0,C01,138Â 289Â 287,1.0
967670,201900009201,7,3,15:00,1,2,1,1.0,5.0,42127,EST ( ROCADE),M,"46,0646000","4,0579800",42,2019,70.0,1.0,1.0,2.0,2162953,1.0,1,1,1,5.0,,-1.0,0,1957.0,D01,138Â 289Â 286,1.0,0.0,-1.0,1651460,1.0,7,,0.0,2.0,4.0,B01,138Â 289Â 288,2.0
967670,201900009201,7,3,15:00,1,2,1,1.0,5.0,42127,EST ( ROCADE),M,"46,0646000","4,0579800",42,2019,70.0,1.0,1.0,2.0,2162953,1.0,1,1,1,5.0,,-1.0,0,1957.0,D01,138Â 289Â 286,1.0,0.0,-1.0,1651461,1.0,99,,0.0,2.0,1.0,A01,138Â 289Â 289,1.0
967670,201900009201,7,3,15:00,1,2,1,1.0,5.0,42127,EST ( ROCADE),M,"46,0646000","4,0579800",42,2019,70.0,1.0,1.0,2.0,2162954,1.0,1,4,2,0.0,,-1.0,0,1962.0,C01,138Â 289Â 287,1.0,0.0,-1.0,1651456,1.0,7,,0.0,2.0,4.0,F01,138Â 289Â 284,1.0
967670,201900009201,7,3,15:00,1,2,1,1.0,5.0,42127,EST ( ROCADE),M,"46,0646000","4,0579800",42,2019,70.0,1.0,1.0,2.0,2162954,1.0,1,4,2,0.0,,-1.0,0,1962.0,C01,138Â 289Â 287,1.0,0.0,-1.0,1651457,1.0,7,,0.0,2.0,4.0,E01,138Â 289Â 285,1.0
967670,201900009201,7,3,15:00,1,2,1,1.0,5.0,42127,EST ( ROCADE),M,"46,0646000","4,0579800",42,2019,70.0,1.0,1.0,2.0,2162954,1.0,1,4,2,0.0,,-1.0,0,1962.0,C01,138Â 289Â 287,1.0,0.0,-1.0,1651458,1.0,7,,0.0,2.0,4.0,D01,138Â 289Â 286,1.0
967670,201900009201,7,3,15:00,1,2,1,1.0,5.0,42127,EST ( ROCADE),M,"46,0646000","4,0579800",42,2019,70.0,1.0,1.0,2.0,2162954,1.0,1,4,2,0.0,,-1.0,0,1962.0,C01,138Â 289Â 287,1.0,0.0,-1.0,1651459,1.0,7,,0.0,2.0,4.0,C01,138Â 289Â 287,1.0
967670,201900009201,7,3,15:00,1,2,1,1.0,5.0,42127,EST ( ROCADE),M,"46,0646000","4,0579800",42,2019,70.0,1.0,1.0,2.0,2162954,1.0,1,4,2,0.0,,-1.0,0,1962.0,C01,138Â 289Â 287,1.0,0.0,-1.0,1651460,1.0,7,,0.0,2.0,4.0,B01,138Â 289Â 288,2.0
967670,201900009201,7,3,15:00,1,2,1,1.0,5.0,42127,EST ( ROCADE),M,"46,0646000","4,0579800",42,2019,70.0,1.0,1.0,2.0,2162954,1.0,1,4,2,0.0,,-1.0,0,1962.0,C01,138Â 289Â 287,1.0,0.0,-1.0,1651461,1.0,99,,0.0,2.0,1.0,A01,138Â 289Â 289,1.0
967670,201900009201,7,3,15:00,1,2,1,1.0,5.0,42127,EST ( ROCADE),M,"46,0646000","4,0579800",42,2019,70.0,1.0,1.0,2.0,2162955,1.0,1,4,2,0.0,,-1.0,0,1981.0,B01,138Â 289Â 288,1.0,0.0,-1.0,1651456,1.0,7,,0.0,2.0,4.0,F01,138Â 289Â 284,1.0
967670,201900009201,7,3,15:00,1,2,1,1.0,5.0,42127,EST ( ROCADE),M,"46,0646000","4,0579800",42,2019,70.0,1.0,1.0,2.0,2162955,1.0,1,4,2,0.0,,-1.0,0,1981.0,B01,138Â 289Â 288,1.0,0.0,-1.0,1651457,1.0,7,,0.0,2.0,4.0,E01,138Â 289Â 285,1.0
967670,201900009201,7,3,15:00,1,2,1,1.0,5.0,42127,EST ( ROCADE),M,"46,0646000","4,0579800",42,2019,70.0,1.0,1.0,2.0,2162955,1.0,1,4,2,0.0,,-1.0,0,1981.0,B01,138Â 289Â 288,1.0,0.0,-1.0,1651458,1.0,7,,0.0,2.0,4.0,D01,138Â 289Â 286,1.0
967670,201900009201,7,3,15:00,1,2,1,1.0,5.0,42127,EST ( ROCADE),M,"46,0646000","4,0579800",42,2019,70.0,1.0,1.0,2.0,2162955,1.0,1,4,2,0.0,,-1.0,0,1981.0,B01,138Â 289Â 288,1.0,0.0,-1.0,1651459,1.0,7,,0.0,2.0,4.0,C01,138Â 289Â 287,1.0
967670,201900009201,7,3,15:00,1,2,1,1.0,5.0,42127,EST ( ROCADE),M,"46,0646000","4,0579800",42,2019,70.0,1.0,1.0,2.0,2162955,1.0,1,4,2,0.0,,-1.0,0,1981.0,B01,138Â 289Â 288,1.0,0.0,-1.0,1651460,1.0,7,,0.0,2.0,4.0,B01,138Â 289Â 288,2.0
967670,201900009201,7,3,15:00,1,2,1,1.0,5.0,42127,EST ( ROCADE),M,"46,0646000","4,0579800",42,2019,70.0,1.0,1.0,2.0,2162955,1.0,1,4,2,0.0,,-1.0,0,1981.0,B01,138Â 289Â 288,1.0,0.0,-1.0,1651461,1.0,99,,0.0,2.0,1.0,A01,138Â 289Â 289,1.0
967670,201900009201,7,3,15:00,1,2,1,1.0,5.0,42127,EST ( ROCADE),M,"46,0646000","4,0579800",42,2019,70.0,1.0,1.0,2.0,2162956,1.0,1,1,1,5.0,,-1.0,0,1951.0,A01,138Â 289Â 289,1.0,0.0,-1.0,1651456,1.0,7,,0.0,2.0,4.0,F01,138Â 289Â 284,1.0
967670,201900009201,7,3,15:00,1,2,1,1.0,5.0,42127,EST ( ROCADE),M,"46,0646000","4,0579800",42,2019,70.0,1.0,1.0,2.0,2162956,1.0,1,1,1,5.0,,-1.0,0,1951.0,A01,138Â 289Â 289,1.0,0.0,-1.0,1651457,1.0,7,,0.0,2.0,4.0,E01,138Â 289Â 285,1.0
967670,201900009201,7,3,15:00,1,2,1,1.0,5.0,42127,EST ( ROCADE),M,"46,0646000","4,0579800",42,2019,70.0,1.0,1.0,2.0,2162956,1.0,1,1,1,5.0,,-1.0,0,1951.0,A01,138Â 289Â 289,1.0,0.0,-1.0,1651458,1.0,7,,0.0,2.0,4.0,D01,138Â 289Â 286,1.0
967670,201900009201,7,3,15:00,1,2,1,1.0,5.0,42127,EST ( ROCADE),M,"46,0646000","4,0579800",42,2019,70.0,1.0,1.0,2.0,2162956,1.0,1,1,1,5.0,,-1.0,0,1951.0,A01,138Â 289Â 289,1.0,0.0,-1.0,1651459,1.0,7,,0.0,2.0,4.0,C01,138Â 289Â 287,1.0
967670,201900009201,7,3,15:00,1,2,1,1.0,5.0,42127,EST ( ROCADE),M,"46,0646000","4,0579800",42,2019,70.0,1.0,1.0,2.0,2162956,1.0,1,1,1,5.0,,-1.0,0,1951.0,A01,138Â 289Â 289,1.0,0.0,-1.0,1651460,1.0,7,,0.0,2.0,4.0,B01,138Â 289Â 288,2.0
967670,201900009201,7,3,15:00,1,2,1,1.0,5.0,42127,EST ( ROCADE),M,"46,0646000","4,0579800",42,2019,70.0,1.0,1.0,2.0,2162956,1.0,1,1,1,5.0,,-1.0,0,1951.0,A01,138Â 289Â 289,1.0,0.0,-1.0,1651461,1.0,99,,0.0,2.0,1.0,A01,138Â 289Â 289,1.0
967671,201900009202,7,5,17:15,1,2,3,1.0,6.0,38544,ROBESPIERRE(RUE),M,"45,5106700","4,8568100",38,2019,50.0,3.0,1.0,2.0,2162957,10.0,3,1,1,-1.0,,9.0,B,1968.0,A01,138Â 289Â 283,0.0,-1.0,-1.0,1651462,2.0,7,,-1.0,1.0,-1.0,A01,138Â 289Â 283,-1.0
967671,201900009202,7,5,17:15,1,2,3,1.0,6.0,38544,ROBESPIERRE(RUE),M,"45,5106700","4,8568100",38,2019,50.0,3.0,1.0,2.0,2162958,10.0,3,4,1,-1.0,,9.0,B,1988.0,A01,138Â 289Â 283,0.0,-1.0,-1.0,1651462,2.0,7,,-1.0,1.0,-1.0,A01,138Â 289Â 283,-1.0
967671,201900009202,7,5,17:15,1,2,3,1.0,6.0,38544,ROBESPIERRE(RUE),M,"45,5106700","4,8568100",38,2019,50.0,3.0,1.0,2.0,2162959,1.0,1,1,1,-1.0,,-1.0,0,1974.0,A01,138Â 289Â 283,0.0,-1.0,-1.0,1651462,2.0,7,,-1.0,1.0,-1.0,A01,138Â 289Â 283,-1.0
967672,201900009203,7,6,19:10,1,1,1,1.0,6.0,38185,ILE VERTE (PONT DE L' ),M,"45,2001900","5,7409000",38,2019,50.0,1.0,1.0,3.0,2162960,1.0,1,4,1,0.0,,-1.0, -1,1992.0,A01,138Â 289Â 282,2.0,8.0,-1.0,1651463,1.0,30,,0.0,2.0,1.0,A01,138Â 289Â 282,1.0
967672,201900009203,7,6,19:10,1,1,1,1.0,6.0,38185,ILE VERTE (PONT DE L' ),M,"45,2001900","5,7409000",38,2019,50.0,1.0,1.0,3.0,2162961,10.0,3,3,2,9.0,,3.0,3,1969.0,A01,138Â 289Â 282,8.0,0.0,-1.0,1651463,1.0,30,,0.0,2.0,1.0,A01,138Â 289Â 282,1.0
967673,201900009204,7,5,22:15,5,2,2,1.0,3.0,38185,LEON JOUHAUX (RUE),M,"45,1773700","5,7430000",38,2019,50.0,2.0,1.0,4.0,2162962,1.0,1,1,1,0.0,,-1.0, -1,1991.0,B01,138Â 289Â 280,1.0,0.0,-1.0,1651464,0.0,7,,0.0,2.0,3.0,B01,138Â 289Â 280,1.0
967673,201900009204,7,5,22:15,5,2,2,1.0,3.0,38185,LEON JOUHAUX (RUE),M,"45,1773700","5,7430000",38,2019,50.0,2.0,1.0,4.0,2162962,1.0,1,1,1,0.0,,-1.0, -1,1991.0,B01,138Â 289Â 280,1.0,0.0,-1.0,1651465,1.0,31,,0.0,2.0,8.0,A01,138Â 289Â 281,1.0
967673,201900009204,7,5,22:15,5,2,2,1.0,3.0,38185,LEON JOUHAUX (RUE),M,"45,1773700","5,7430000",38,2019,50.0,2.0,1.0,4.0,2162963,1.0,1,4,1,0.0,,-1.0, -1,1959.0,A01,138Â 289Â 281,2.0,6.0,-1.0,1651464,0.0,7,,0.0,2.0,3.0,B01,138Â 289Â 280,1.0