Unnamed: 0_x,num_acc,mois,jour,hrmn,lum,agg,int,atm,col,com,adr,gps,lat,long,dep,annee,vma,situ,surf,catr,Unnamed: 0_y,place,catu,grav,sexe,trajet,secu,locp,actp,an_nais,num_veh_x,id_vehicule_x,secu1,secu2,secu3,Unnamed: 0,senc,catv,occutc,obs,obsm,choc,num_veh_y,id_vehicule_y,motor
967673,201900009204,7,5,22:15,5,2,2,1.0,3.0,38185,LEON JOUHAUX (RUE),M,"45,1773700","5,7430000",38,2019,50.0,2.0,1.0,4.0,2162963,1.0,1,4,1,0.0,,-1.0, -1,1959.0,A01,138Â 289Â 281,2.0,6.0,-1.0,1651465,1.0,31,,0.0,2.0,8.0,A01,138Â 289Â 281,1.0
967674,201900009205,7,5,16:00,1,2,9,1.0,3.0,38185,AVENUE ALSACE LORRAINE,M,"45,1897000","5,7187000",38,2019,50.0,3.0,1.0,4.0,2162964,1.0,1,1,2,1.0,,-1.0, -1,1992.0,B01,138Â 289Â 278,1.0,0.0,-1.0,1651466,0.0,3,,0.0,0.0,0.0,B01,138Â 289Â 278,1.0
967674,201900009205,7,5,16:00,1,2,9,1.0,3.0,38185,AVENUE ALSACE LORRAINE,M,"45,1897000","5,7187000",38,2019,50.0,3.0,1.0,4.0,2162964,1.0,1,1,2,1.0,,-1.0, -1,1992.0,B01,138Â 289Â 278,1.0,0.0,-1.0,1651467,0.0,34,,0.0,2.0,0.0,A01,138Â 289Â 279,1.0
967674,201900009205,7,5,16:00,1,2,9,1.0,3.0,38185,AVENUE ALSACE LORRAINE,M,"45,1897000","5,7187000",38,2019,50.0,3.0,1.0,4.0,2162965,1.0,1,4,1,5.0,,0.0,0,1990.0,A01,138Â 289Â 279,2.0,0.0,-1.0,1651466,0.0,3,,0.0,0.0,0.0,B01,138Â 289Â 278,1.0
967674,201900009205,7,5,16:00,1,2,9,1.0,3.0,38185,AVENUE ALSACE LORRAINE,M,"45,1897000","5,7187000",38,2019,50.0,3.0,1.0,4.0,2162965,1.0,1,4,1,5.0,,0.0,0,1990.0,A01,138Â 289Â 279,2.0,0.0,-1.0,1651467,0.0,34,,0.0,2.0,0.0,A01,138Â 289Â 279,1.0
967675,201900009206,7,3,19:20,1,2,3,1.0,3.0,38053,MARRONNIERS (AV),M,"45,5921490","5,2634339",38,2019,50.0,3.0,1.0,4.0,2162966,1.0,1,1,1,5.0,,-1.0, -1,1998.0,A01,138Â 289Â 276,1.0,0.0,-1.0,1651468,1.0,7,,0.0,1.0,1.0,A01,138Â 289Â 276,1.0
967675,201900009206,7,3,19:20,1,2,3,1.0,3.0,38053,MARRONNIERS (AV),M,"45,5921490","5,2634339",38,2019,50.0,3.0,1.0,4.0,2162966,1.0,1,1,1,5.0,,-1.0, -1,1998.0,A01,138Â 289Â 276,1.0,0.0,-1.0,1651469,1.0,1,,0.0,2.0,7.0,B01,138Â 289Â 277,5.0
967675,201900009206,7,3,19:20,1,2,3,1.0,3.0,38053,MARRONNIERS (AV),M,"45,5921490","5,2634339",38,2019,50.0,3.0,1.0,4.0,2162967,2.0,2,1,1,5.0,,-1.0, -1,1998.0,A01,138Â 289Â 276,1.0,0.0,-1.0,1651468,1.0,7,,0.0,1.0,1.0,A01,138Â 289Â 276,1.0
967675,201900009206,7,3,19:20,1,2,3,1.0,3.0,38053,MARRONNIERS (AV),M,"45,5921490","5,2634339",38,2019,50.0,3.0,1.0,4.0,2162967,2.0,2,1,1,5.0,,-1.0, -1,1998.0,A01,138Â 289Â 276,1.0,0.0,-1.0,1651469,1.0,1,,0.0,2.0,7.0,B01,138Â 289Â 277,5.0
967675,201900009206,7,3,19:20,1,2,3,1.0,3.0,38053,MARRONNIERS (AV),M,"45,5921490","5,2634339",38,2019,50.0,3.0,1.0,4.0,2162968,1.0,1,3,1,5.0,,-1.0, -1,1944.0,B01,138Â 289Â 277,2.0,4.0,-1.0,1651468,1.0,7,,0.0,1.0,1.0,A01,138Â 289Â 276,1.0
967675,201900009206,7,3,19:20,1,2,3,1.0,3.0,38053,MARRONNIERS (AV),M,"45,5921490","5,2634339",38,2019,50.0,3.0,1.0,4.0,2162968,1.0,1,3,1,5.0,,-1.0, -1,1944.0,B01,138Â 289Â 277,2.0,4.0,-1.0,1651469,1.0,1,,0.0,2.0,7.0,B01,138Â 289Â 277,5.0
967676,201900009207,7,6,19:30,1,2,3,1.0,3.0,37261,A10,M,"47,3927159","0,7055181",37,2019,50.0,1.0,1.0,1.0,2162969,1.0,1,4,1,5.0,,-1.0,0,1965.0,A01,138Â 289Â 274,2.0,8.0,-1.0,1651470,3.0,33,,0.0,2.0,8.0,A01,138Â 289Â 274,1.0
967676,201900009207,7,6,19:30,1,2,3,1.0,3.0,37261,A10,M,"47,3927159","0,7055181",37,2019,50.0,1.0,1.0,1.0,2162969,1.0,1,4,1,5.0,,-1.0,0,1965.0,A01,138Â 289Â 274,2.0,8.0,-1.0,1651471,3.0,7,,0.0,2.0,7.0,B01,138Â 289Â 275,1.0
967676,201900009207,7,6,19:30,1,2,3,1.0,3.0,37261,A10,M,"47,3927159","0,7055181",37,2019,50.0,1.0,1.0,1.0,2162970,1.0,1,1,2,5.0,,-1.0,0,1979.0,B01,138Â 289Â 275,1.0,8.0,-1.0,1651470,3.0,33,,0.0,2.0,8.0,A01,138Â 289Â 274,1.0
967676,201900009207,7,6,19:30,1,2,3,1.0,3.0,37261,A10,M,"47,3927159","0,7055181",37,2019,50.0,1.0,1.0,1.0,2162970,1.0,1,1,2,5.0,,-1.0,0,1979.0,B01,138Â 289Â 275,1.0,8.0,-1.0,1651471,3.0,7,,0.0,2.0,7.0,B01,138Â 289Â 275,1.0
967677,201900009208,7,6,12:50,1,2,1,1.0,7.0,37122,RD 86 DE MONTS Ã  TOURS,M,"47,3191900","0,6596500",37,2019,50.0,1.0,1.0,4.0,2162971,1.0,1,4,2,5.0,,-1.0, -1,2000.0,A01,138Â 289Â 273,1.0,8.0,-1.0,1651472,3.0,7,,0.0,0.0,1.0,A01,138Â 289Â 273,1.0
967678,201900009209,7,5,08:40,1,2,1,1.0,6.0,37261,LUZARCHES (RUE VICTOR),M,"47,3787416","0,6914111",37,2019,50.0,1.0,1.0,4.0,2162972,10.0,3,4,2,5.0,,2.0,3,1939.0,A01,138Â 289Â 272,8.0,0.0,-1.0,1651473,1.0,7,,0.0,1.0,1.0,A01,138Â 289Â 272,1.0
967678,201900009209,7,5,08:40,1,2,1,1.0,6.0,37261,LUZARCHES (RUE VICTOR),M,"47,3787416","0,6914111",37,2019,50.0,1.0,1.0,4.0,2162973,1.0,1,1,2,5.0,,-1.0,0,1994.0,A01,138Â 289Â 272,1.0,8.0,-1.0,1651473,1.0,7,,0.0,1.0,1.0,A01,138Â 289Â 272,1.0
967679,201900009210,7,4,21:50,2,2,1,1.0,1.0,37195,SAINT-GENOUPH (ROUTE DE),M,"47,3798000","0,6138300",37,2019,80.0,1.0,1.0,3.0,2162974,1.0,1,4,1,9.0,,-1.0,0,1950.0,A01,138Â 289Â 270,1.0,0.0,-1.0,1651474,1.0,7,,0.0,2.0,3.0,A01,138Â 289Â 270,1.0
967679,201900009210,7,4,21:50,2,2,1,1.0,1.0,37195,SAINT-GENOUPH (ROUTE DE),M,"47,3798000","0,6138300",37,2019,80.0,1.0,1.0,3.0,2162974,1.0,1,4,1,9.0,,-1.0,0,1950.0,A01,138Â 289Â 270,1.0,0.0,-1.0,1651475,2.0,7,,0.0,2.0,3.0,B01,138Â 289Â 271,1.0
967679,201900009210,7,4,21:50,2,2,1,1.0,1.0,37195,SAINT-GENOUPH (ROUTE DE),M,"47,3798000","0,6138300",37,2019,80.0,1.0,1.0,3.0,2162975,1.0,1,4,2,9.0,,-1.0,0,1977.0,B01,138Â 289Â 271,1.0,0.0,-1.0,1651474,1.0,7,,0.0,2.0,3.0,A01,138Â 289Â 270,1.0
967679,201900009210,7,4,21:50,2,2,1,1.0,1.0,37195,SAINT-GENOUPH (ROUTE DE),M,"47,3798000","0,6138300",37,2019,80.0,1.0,1.0,3.0,2162975,1.0,1,4,2,9.0,,-1.0,0,1977.0,B01,138Â 289Â 271,1.0,0.0,-1.0,1651475,2.0,7,,0.0,2.0,3.0,B01,138Â 289Â 271,1.0
967679,201900009210,7,4,21:50,2,2,1,1.0,1.0,37195,SAINT-GENOUPH (ROUTE DE),M,"47,3798000","0,6138300",37,2019,80.0,1.0,1.0,3.0,2162976,3.0,2,4,2,9.0,,-1.0,0,2010.0,B01,138Â 289Â 271,3.0,0.0,-1.0,1651474,1.0,7,,0.0,2.0,3.0,A01,138Â 289Â 270,1.0
967679,201900009210,7,4,21:50,2,2,1,1.0,1.0,37195,SAINT-GENOUPH (ROUTE DE),M,"47,3798000","0,6138300",37,2019,80.0,1.0,1.0,3.0,2162976,3.0,2,4,2,9.0,,-1.0,0,2010.0,B01,138Â 289Â 271,3.0,0.0,-1.0,1651475,2.0,7,,0.0,2.0,3.0,B01,138Â 289Â 271,1.0
967680,201900009211,7,4,08:25,1,2,1,1.0,2.0,37261,BREL (RUE JACQUES),M,"47,4336200","0,7009600",37,2019,50.0,1.0,1.0,4.0,2162977,1.0,1,4,2,1.0,,-1.0,0,1997.0,A01,138Â 289Â 268,2.0,8.0,-1.0,1651476,3.0,30,,0.0,2.0,1.0,A01,138Â 289Â 268,1.0
967680,201900009211,7,4,08:25,1,2,1,1.0,2.0,37261,BREL (RUE JACQUES),M,"47,4336200","0,7009600",37,2019,50.0,1.0,1.0,4.0,2162977,1.0,1,4,2,1.0,,-1.0,0,1997.0,A01,138Â 289Â 268,2.0,8.0,-1.0,1651477,3.0,7,,0.0,2.0,4.0,B01,138Â 289Â 269,1.0
967680,201900009211,7,4,08:25,1,2,1,1.0,2.0,37261,BREL (RUE JACQUES),M,"47,4336200","0,7009600",37,2019,50.0,1.0,1.0,4.0,2162978,1.0,1,1,2,1.0,,-1.0,0,1970.0,B01,138Â 289Â 269,1.0,8.0,-1.0,1651476,3.0,30,,0.0,2.0,1.0,A01,138Â 289Â 268,1.0
967680,201900009211,7,4,08:25,1,2,1,1.0,2.0,37261,BREL (RUE JACQUES),M,"47,4336200","0,7009600",37,2019,50.0,1.0,1.0,4.0,2162978,1.0,1,1,2,1.0,,-1.0,0,1970.0,B01,138Â 289Â 269,1.0,8.0,-1.0,1651477,3.0,7,,0.0,2.0,4.0,B01,138Â 289Â 269,1.0
967681,201900009212,7,2,15:50,1,2,1,1.0,6.0,36044,166 AVENUE DE LA CHATRE,M,"46,8064348","1,7096970",36,2019,50.0,1.0,1.0,4.0,2162979,10.0,3,4,2,9.0,,3.0,3,1971.0,A01,138Â 289Â 267,8.0,0.0,-1.0,1651478,1.0,7,,0.0,1.0,3.0,A01,138Â 289Â 267,1.0
967681,201900009212,7,2,15:50,1,2,1,1.0,6.0,36044,166 AVENUE DE LA CHATRE,M,"46,8064348","1,7096970",36,2019,50.0,1.0,1.0,4.0,2162980,1.0,1,1,2,9.0,,0.0,0,1993.0,A01,138Â 289Â 267,1.0,8.0,-1.0,1651478,1.0,7,,0.0,1.0,3.0,A01,138Â 289Â 267,1.0
967682,201900009213,6,28,10:05,1,2,1,1.0,2.0,36063,11 Avenue du GÃ©nÃ©ral de Gaulle,M,"46,8252300","1,6995200",36,2019,50.0,1.0,1.0,4.0,2162981,1.0,1,1,1,9.0,,0.0,0,1993.0,A01,138Â 289Â 265,1.0,8.0,-1.0,1651479,2.0,7,,0.0,2.0,1.0,A01,138Â 289Â 265,1.0
967682,201900009213,6,28,10:05,1,2,1,1.0,2.0,36063,11 Avenue du GÃ©nÃ©ral de Gaulle,M,"46,8252300","1,6995200",36,2019,50.0,1.0,1.0,4.0,2162981,1.0,1,1,1,9.0,,0.0,0,1993.0,A01,138Â 289Â 265,1.0,8.0,-1.0,1651480,2.0,30,,1.0,2.0,4.0,B01,138Â 289Â 266,1.0
967682,201900009213,6,28,10:05,1,2,1,1.0,2.0,36063,11 Avenue du GÃ©nÃ©ral de Gaulle,M,"46,8252300","1,6995200",36,2019,50.0,1.0,1.0,4.0,2162982,1.0,1,4,2,4.0,,0.0,0,1960.0,B01,138Â 289Â 266,2.0,8.0,-1.0,1651479,2.0,7,,0.0,2.0,1.0,A01,138Â 289Â 265,1.0
967682,201900009213,6,28,10:05,1,2,1,1.0,2.0,36063,11 Avenue du GÃ©nÃ©ral de Gaulle,M,"46,8252300","1,6995200",36,2019,50.0,1.0,1.0,4.0,2162982,1.0,1,4,2,4.0,,0.0,0,1960.0,B01,138Â 289Â 266,2.0,8.0,-1.0,1651480,2.0,30,,1.0,2.0,4.0,B01,138Â 289Â 266,1.0
967683,201900009214,6,27,17:08,1,2,1,1.0,3.0,36044,368 AVENUE DE LA CHATRE,M,"46,7995319","1,7244713",36,2019,50.0,1.0,1.0,4.0,2162983,1.0,1,4,1,9.0,,0.0,0,1964.0,B01,138Â 289Â 263,2.0,8.0,-1.0,1651481,1.0,33,,0.0,2.0,3.0,B01,138Â 289Â 263,1.0
967683,201900009214,6,27,17:08,1,2,1,1.0,3.0,36044,368 AVENUE DE LA CHATRE,M,"46,7995319","1,7244713",36,2019,50.0,1.0,1.0,4.0,2162983,1.0,1,4,1,9.0,,0.0,0,1964.0,B01,138Â 289Â 263,2.0,8.0,-1.0,1651482,2.0,7,,0.0,2.0,2.0,A01,138Â 289Â 264,1.0
967683,201900009214,6,27,17:08,1,2,1,1.0,3.0,36044,368 AVENUE DE LA CHATRE,M,"46,7995319","1,7244713",36,2019,50.0,1.0,1.0,4.0,2162984,1.0,1,1,1,9.0,,0.0,0,1983.0,A01,138Â 289Â 264,1.0,8.0,-1.0,1651481,1.0,33,,0.0,2.0,3.0,B01,138Â 289Â 263,1.0
967683,201900009214,6,27,17:08,1,2,1,1.0,3.0,36044,368 AVENUE DE LA CHATRE,M,"46,7995319","1,7244713",36,2019,50.0,1.0,1.0,4.0,2162984,1.0,1,1,1,9.0,,0.0,0,1983.0,A01,138Â 289Â 264,1.0,8.0,-1.0,1651482,2.0,7,,0.0,2.0,2.0,A01,138Â 289Â 264,1.0
967684,201900009215,7,5,13:30,1,2,3,1.0,3.0,35238,LORIENT (DE),M,"48,1070220"," -1,7238330",35,2019,50.0,1.0,1.0,2.0,2162985,8.0,2,4,2,9.0,,-1.0,0,1973.0,B01,138Â 289Â 261,8.0,0.0,-1.0,1651483,2.0,37,3.0,0.0,2.0,1.0,B01,138Â 289Â 261,1.0
967684,201900009215,7,5,13:30,1,2,3,1.0,3.0,35238,LORIENT (DE),M,"48,1070220"," -1,7238330",35,2019,50.0,1.0,1.0,2.0,2162985,8.0,2,4,2,9.0,,-1.0,0,1973.0,B01,138Â 289Â 261,8.0,0.0,-1.0,1651484,1.0,10,,0.0,2.0,7.0,A01,138Â 289Â 262,1.0
967684,201900009215,7,5,13:30,1,2,3,1.0,3.0,35238,LORIENT (DE),M,"48,1070220"," -1,7238330",35,2019,50.0,1.0,1.0,2.0,2162986,1.0,1,4,1,9.0,,-1.0,0,1972.0,B01,138Â 289Â 261,1.0,0.0,-1.0,1651483,2.0,37,3.0,0.0,2.0,1.0,B01,138Â 289Â 261,1.0
967684,201900009215,7,5,13:30,1,2,3,1.0,3.0,35238,LORIENT (DE),M,"48,1070220"," -1,7238330",35,2019,50.0,1.0,1.0,2.0,2162986,1.0,1,4,1,9.0,,-1.0,0,1972.0,B01,138Â 289Â 261,1.0,0.0,-1.0,1651484,1.0,10,,0.0,2.0,7.0,A01,138Â 289Â 262,1.0
967684,201900009215,7,5,13:30,1,2,3,1.0,3.0,35238,LORIENT (DE),M,"48,1070220"," -1,7238330",35,2019,50.0,1.0,1.0,2.0,2162987,8.0,2,4,1,9.0,,-1.0,0,1971.0,B01,138Â 289Â 261,8.0,0.0,-1.0,1651483,2.0,37,3.0,0.0,2.0,1.0,B01,138Â 289Â 261,1.0
967684,201900009215,7,5,13:30,1,2,3,1.0,3.0,35238,LORIENT (DE),M,"48,1070220"," -1,7238330",35,2019,50.0,1.0,1.0,2.0,2162987,8.0,2,4,1,9.0,,-1.0,0,1971.0,B01,138Â 289Â 261,8.0,0.0,-1.0,1651484,1.0,10,,0.0,2.0,7.0,A01,138Â 289Â 262,1.0
967684,201900009215,7,5,13:30,1,2,3,1.0,3.0,35238,LORIENT (DE),M,"48,1070220"," -1,7238330",35,2019,50.0,1.0,1.0,2.0,2162988,1.0,1,1,1,4.0,,-1.0,0,1989.0,A01,138Â 289Â 262,1.0,0.0,-1.0,1651483,2.0,37,3.0,0.0,2.0,1.0,B01,138Â 289Â 261,1.0
967684,201900009215,7,5,13:30,1,2,3,1.0,3.0,35238,LORIENT (DE),M,"48,1070220"," -1,7238330",35,2019,50.0,1.0,1.0,2.0,2162988,1.0,1,1,1,4.0,,-1.0,0,1989.0,A01,138Â 289Â 262,1.0,0.0,-1.0,1651484,1.0,10,,0.0,2.0,7.0,A01,138Â 289Â 262,1.0
967685,201900009216,7,5,13:10,1,1,1,7.0,2.0,35281,MIVOIE (ROUTE DE),M,"48,0700100"," -1,7103700",35,2019,50.0,1.0,1.0,4.0,2162989,1.0,1,3,2,0.0,,-1.0, -1,1998.0,B01,138Â 289Â 259,1.0,0.0,-1.0,1651485,2.0,7,,0.0,2.0,5.0,B01,138Â 289Â 259,1.0
967685,201900009216,7,5,13:10,1,1,1,7.0,2.0,35281,MIVOIE (ROUTE DE),M,"48,0700100"," -1,7103700",35,2019,50.0,1.0,1.0,4.0,2162989,1.0,1,3,2,0.0,,-1.0, -1,1998.0,B01,138Â 289Â 259,1.0,0.0,-1.0,1651486,2.0,31,,0.0,2.0,8.0,A01,138Â 289Â 260,1.0
967685,201900009216,7,5,13:10,1,1,1,7.0,2.0,35281,MIVOIE (ROUTE DE),M,"48,0700100"," -1,7103700",35,2019,50.0,1.0,1.0,4.0,2162990,1.0,1,3,1,0.0,,-1.0,0,1996.0,A01,138Â 289Â 260,2.0,6.0,-1.0,1651485,2.0,7,,0.0,2.0,5.0,B01,138Â 289Â 259,1.0
967685,201900009216,7,5,13:10,1,1,1,7.0,2.0,35281,MIVOIE (ROUTE DE),M,"48,0700100"," -1,7103700",35,2019,50.0,1.0,1.0,4.0,2162990,1.0,1,3,1,0.0,,-1.0,0,1996.0,A01,138Â 289Â 260,2.0,6.0,-1.0,1651486,2.0,31,,0.0,2.0,8.0,A01,138Â 289Â 260,1.0
967686,201900009217,7,5,12:36,1,2,1,1.0,2.0,35238,DESGREES (BD PAUL HUTIN),M,"48,0914600"," -1,6424000",35,2019,50.0,1.0,1.0,4.0,2162991,1.0,1,4,1,0.0,,-1.0, -1,1985.0,B01,138Â 289Â 257,1.0,0.0,-1.0,1651487,1.0,7,,0.0,2.0,4.0,B01,138Â 289Â 257,1.0
967686,201900009217,7,5,12:36,1,2,1,1.0,2.0,35238,DESGREES (BD PAUL HUTIN),M,"48,0914600"," -1,6424000",35,2019,50.0,1.0,1.0,4.0,2162991,1.0,1,4,1,0.0,,-1.0, -1,1985.0,B01,138Â 289Â 257,1.0,0.0,-1.0,1651488,3.0,7,,0.0,2.0,2.0,A01,138Â 289Â 258,1.0
967686,201900009217,7,5,12:36,1,2,1,1.0,2.0,35238,DESGREES (BD PAUL HUTIN),M,"48,0914600"," -1,6424000",35,2019,50.0,1.0,1.0,4.0,2162992,1.0,1,1,2,0.0,,-1.0,0,1966.0,A01,138Â 289Â 258,1.0,0.0,-1.0,1651487,1.0,7,,0.0,2.0,4.0,B01,138Â 289Â 257,1.0
967686,201900009217,7,5,12:36,1,2,1,1.0,2.0,35238,DESGREES (BD PAUL HUTIN),M,"48,0914600"," -1,6424000",35,2019,50.0,1.0,1.0,4.0,2162992,1.0,1,1,2,0.0,,-1.0,0,1966.0,A01,138Â 289Â 258,1.0,0.0,-1.0,1651488,3.0,7,,0.0,2.0,2.0,A01,138Â 289Â 258,1.0
967687,201900009218,7,5,11:40,1,2,1,1.0,6.0,35238,BRILHAC (DE),M,"48,1117520"," -1,6792920",35,2019,30.0,1.0,1.0,4.0,2162993,10.0,3,4,1,5.0,,2.0,3,2001.0,A01,138Â 289Â 256,8.0,0.0,-1.0,1651489,3.0,7,,0.0,1.0,1.0,A01,138Â 289Â 256,1.0
967687,201900009218,7,5,11:40,1,2,1,1.0,6.0,35238,BRILHAC (DE),M,"48,1117520"," -1,6792920",35,2019,30.0,1.0,1.0,4.0,2162994,1.0,1,1,1,5.0,,-1.0,0,1972.0,A01,138Â 289Â 256,1.0,4.0,-1.0,1651489,3.0,7,,0.0,1.0,1.0,A01,138Â 289Â 256,1.0
967688,201900009219,6,5,20:15,1,2,2,3.0,3.0,35238,TROIS CROIX (BD DES),M,"48,1270880"," -1,6864860",35,2019,50.0,1.0,2.0,4.0,2162995,1.0,1,4,1,1.0,,-1.0,0,1998.0,B01,138Â 289Â 254,1.0,0.0,-1.0,1651490,0.0,7,,0.0,2.0,2.0,B01,138Â 289Â 254,1.0
967688,201900009219,6,5,20:15,1,2,2,3.0,3.0,35238,TROIS CROIX (BD DES),M,"48,1270880"," -1,6864860",35,2019,50.0,1.0,2.0,4.0,2162995,1.0,1,4,1,1.0,,-1.0,0,1998.0,B01,138Â 289Â 254,1.0,0.0,-1.0,1651491,0.0,7,,0.0,2.0,1.0,A01,138Â 289Â 255,1.0
967688,201900009219,6,5,20:15,1,2,2,3.0,3.0,35238,TROIS CROIX (BD DES),M,"48,1270880"," -1,6864860",35,2019,50.0,1.0,2.0,4.0,2162996,3.0,2,4,1,0.0,,-1.0,0,2018.0,A01,138Â 289Â 255,1.0,0.0,-1.0,1651490,0.0,7,,0.0,2.0,2.0,B01,138Â 289Â 254,1.0
967688,201900009219,6,5,20:15,1,2,2,3.0,3.0,35238,TROIS CROIX (BD DES),M,"48,1270880"," -1,6864860",35,2019,50.0,1.0,2.0,4.0,2162996,3.0,2,4,1,0.0,,-1.0,0,2018.0,A01,138Â 289Â 255,1.0,0.0,-1.0,1651491,0.0,7,,0.0,2.0,1.0,A01,138Â 289Â 255,1.0
967688,201900009219,6,5,20:15,1,2,2,3.0,3.0,35238,TROIS CROIX (BD DES),M,"48,1270880"," -1,6864860",35,2019,50.0,1.0,2.0,4.0,2162997,4.0,2,4,1,0.0,,-1.0,0,2012.0,A01,138Â 289Â 255,1.0,0.0,-1.0,1651490,0.0,7,,0.0,2.0,2.0,B01,138Â 289Â 254,1.0
967688,201900009219,6,5,20:15,1,2,2,3.0,3.0,35238,TROIS CROIX (BD DES),M,"48,1270880"," -1,6864860",35,2019,50.0,1.0,2.0,4.0,2162997,4.0,2,4,1,0.0,,-1.0,0,2012.0,A01,138Â 289Â 255,1.0,0.0,-1.0,1651491,0.0,7,,0.0,2.0,1.0,A01,138Â 289Â 255,1.0
967688,201900009219,6,5,20:15,1,2,2,3.0,3.0,35238,TROIS CROIX (BD DES),M,"48,1270880"," -1,6864860",35,2019,50.0,1.0,2.0,4.0,2162998,1.0,1,1,1,5.0,,-1.0, -1,1982.0,A01,138Â 289Â 255,1.0,0.0,-1.0,1651490,0.0,7,,0.0,2.0,2.0,B01,138Â 289Â 254,1.0
967688,201900009219,6,5,20:15,1,2,2,3.0,3.0,35238,TROIS CROIX (BD DES),M,"48,1270880"," -1,6864860",35,2019,50.0,1.0,2.0,4.0,2162998,1.0,1,1,1,5.0,,-1.0, -1,1982.0,A01,138Â 289Â 255,1.0,0.0,-1.0,1651491,0.0,7,,0.0,2.0,1.0,A01,138Â 289Â 255,1.0
967689,201900009220,7,4,14:25,1,1,9,1.0,6.0,35278,BROCELIANDE (RUE DE),M,"48,1611300"," -1,6882600",35,2019,30.0,1.0,1.0,6.0,2162999,3.0,2,1,2,5.0,,-1.0, -1,1977.0,A01,138Â 289Â 253,1.0,0.0,-1.0,1651492,3.0,7,,6.0,0.0,3.0,A01,138Â 289Â 253,1.0
967689,201900009220,7,4,14:25,1,1,9,1.0,6.0,35278,BROCELIANDE (RUE DE),M,"48,1611300"," -1,6882600",35,2019,30.0,1.0,1.0,6.0,2163000,1.0,1,4,2,5.0,,-1.0,0,1947.0,A01,138Â 289Â 253,1.0,0.0,-1.0,1651492,3.0,7,,6.0,0.0,3.0,A01,138Â 289Â 253,1.0
967689,201900009220,7,4,14:25,1,1,9,1.0,6.0,35278,BROCELIANDE (RUE DE),M,"48,1611300"," -1,6882600",35,2019,30.0,1.0,1.0,6.0,2163001,4.0,2,1,2,5.0,,-1.0,0,1975.0,A01,138Â 289Â 253,1.0,0.0,-1.0,1651492,3.0,7,,6.0,0.0,3.0,A01,138Â 289Â 253,1.0
967689,201900009220,7,4,14:25,1,1,9,1.0,6.0,35278,BROCELIANDE (RUE DE),M,"48,1611300"," -1,6882600",35,2019,30.0,1.0,1.0,6.0,2163002,2.0,2,1,2,5.0,,-1.0, -1,1943.0,A01,138Â 289Â 253,1.0,0.0,-1.0,1651492,3.0,7,,6.0,0.0,3.0,A01,138Â 289Â 253,1.0
967690,201900009221,7,4,19:15,1,2,2,1.0,3.0,34172,VILLENEUVE-ANGOULEME (AVENUE DE,M,"43,5979600","3,8711100",34,2019,50.0,1.0,1.0,4.0,2163003,2.0,2,4,2,5.0,,0.0,0,1941.0,A01,138Â 289Â 251,1.0,8.0,-1.0,1651493,2.0,7,,0.0,2.0,8.0,A01,138Â 289Â 251,1.0
967690,201900009221,7,4,19:15,1,2,2,1.0,3.0,34172,VILLENEUVE-ANGOULEME (AVENUE DE,M,"43,5979600","3,8711100",34,2019,50.0,1.0,1.0,4.0,2163003,2.0,2,4,2,5.0,,0.0,0,1941.0,A01,138Â 289Â 251,1.0,8.0,-1.0,1651494,2.0,33,,0.0,2.0,1.0,B01,138Â 289Â 252,1.0
967690,201900009221,7,4,19:15,1,2,2,1.0,3.0,34172,VILLENEUVE-ANGOULEME (AVENUE DE,M,"43,5979600","3,8711100",34,2019,50.0,1.0,1.0,4.0,2163004,1.0,1,4,2,5.0,,0.0,0,1947.0,A01,138Â 289Â 251,1.0,8.0,-1.0,1651493,2.0,7,,0.0,2.0,8.0,A01,138Â 289Â 251,1.0
967690,201900009221,7,4,19:15,1,2,2,1.0,3.0,34172,VILLENEUVE-ANGOULEME (AVENUE DE,M,"43,5979600","3,8711100",34,2019,50.0,1.0,1.0,4.0,2163004,1.0,1,4,2,5.0,,0.0,0,1947.0,A01,138Â 289Â 251,1.0,8.0,-1.0,1651494,2.0,33,,0.0,2.0,1.0,B01,138Â 289Â 252,1.0
967690,201900009221,7,4,19:15,1,2,2,1.0,3.0,34172,VILLENEUVE-ANGOULEME (AVENUE DE,M,"43,5979600","3,8711100",34,2019,50.0,1.0,1.0,4.0,2163005,1.0,1,4,1,5.0,,0.0,0,1987.0,B01,138Â 289Â 252,2.0,8.0,-1.0,1651493,2.0,7,,0.0,2.0,8.0,A01,138Â 289Â 251,1.0
967690,201900009221,7,4,19:15,1,2,2,1.0,3.0,34172,VILLENEUVE-ANGOULEME (AVENUE DE,M,"43,5979600","3,8711100",34,2019,50.0,1.0,1.0,4.0,2163005,1.0,1,4,1,5.0,,0.0,0,1987.0,B01,138Â 289Â 252,2.0,8.0,-1.0,1651494,2.0,33,,0.0,2.0,1.0,B01,138Â 289Â 252,1.0
967691,201900009222,7,4,19:35,1,2,9,1.0,3.0,34172,MOULARES (CHEMIN DE,M,"43,5979310","3,8931390",34,2019,50.0,1.0,1.0,4.0,2163006,1.0,1,4,1,0.0,,0.0,0,1987.0,B01,138Â 289Â 249,2.0,0.0,-1.0,1651495,1.0,1,,0.0,2.0,8.0,B01,138Â 289Â 249,0.0
967691,201900009222,7,4,19:35,1,2,9,1.0,3.0,34172,MOULARES (CHEMIN DE,M,"43,5979310","3,8931390",34,2019,50.0,1.0,1.0,4.0,2163006,1.0,1,4,1,0.0,,0.0,0,1987.0,B01,138Â 289Â 249,2.0,0.0,-1.0,1651496,1.0,10,,0.0,6.0,1.0,A01,138Â 289Â 250,0.0