Unnamed: 0_x,num_acc,mois,jour,hrmn,lum,agg,int,atm,col,com,adr,gps,lat,long,dep,annee,vma,situ,surf,catr,Unnamed: 0_y,place,catu,grav,sexe,trajet,secu,locp,actp,an_nais,num_veh_x,id_vehicule_x,secu1,secu2,secu3,Unnamed: 0,senc,catv,occutc,obs,obsm,choc,num_veh_y,id_vehicule_y,motor
967691,201900009222,7,4,19:35,1,2,9,1.0,3.0,34172,MOULARES (CHEMIN DE,M,"43,5979310","3,8931390",34,2019,50.0,1.0,1.0,4.0,2163007,1.0,1,1,2,9.0,,0.0,0,1998.0,A01,138Â 289Â 250,1.0,0.0,-1.0,1651495,1.0,1,,0.0,2.0,8.0,B01,138Â 289Â 249,0.0
967691,201900009222,7,4,19:35,1,2,9,1.0,3.0,34172,MOULARES (CHEMIN DE,M,"43,5979310","3,8931390",34,2019,50.0,1.0,1.0,4.0,2163007,1.0,1,1,2,9.0,,0.0,0,1998.0,A01,138Â 289Â 250,1.0,0.0,-1.0,1651496,1.0,10,,0.0,6.0,1.0,A01,138Â 289Â 250,0.0
967692,201900009223,7,4,17:00,1,2,1,1.0,7.0,34172,FOUCAULT (ALLEE LEON),M,"43,6153500","3,9128000",34,2019,50.0,1.0,1.0,4.0,2163008,10.0,3,3,2,0.0,,2.0,3,2002.0,Z01,138Â 289Â 248,8.0,0.0,-1.0,1651497,3.0,7,,0.0,1.0,0.0,Z01,138Â 289Â 248,0.0
967693,201900009224,7,4,14:55,1,2,2,1.0,3.0,34172,NOBEL (RUE ALFRED),M,"43,6135900","3,9120200",34,2019,50.0,1.0,1.0,4.0,2163009,1.0,1,1,2,5.0,,0.0,0,1978.0,A01,138Â 289Â 246,1.0,8.0,-1.0,1651498,2.0,7,,0.0,2.0,3.0,A01,138Â 289Â 246,1.0
967693,201900009224,7,4,14:55,1,2,2,1.0,3.0,34172,NOBEL (RUE ALFRED),M,"43,6135900","3,9120200",34,2019,50.0,1.0,1.0,4.0,2163009,1.0,1,1,2,5.0,,0.0,0,1978.0,A01,138Â 289Â 246,1.0,8.0,-1.0,1651499,1.0,31,,0.0,2.0,8.0,B01,138Â 289Â 247,1.0
967693,201900009224,7,4,14:55,1,2,2,1.0,3.0,34172,NOBEL (RUE ALFRED),M,"43,6135900","3,9120200",34,2019,50.0,1.0,1.0,4.0,2163010,1.0,1,3,1,5.0,,0.0,0,2000.0,B01,138Â 289Â 247,8.0,0.0,-1.0,1651498,2.0,7,,0.0,2.0,3.0,A01,138Â 289Â 246,1.0
967693,201900009224,7,4,14:55,1,2,2,1.0,3.0,34172,NOBEL (RUE ALFRED),M,"43,6135900","3,9120200",34,2019,50.0,1.0,1.0,4.0,2163010,1.0,1,3,1,5.0,,0.0,0,2000.0,B01,138Â 289Â 247,8.0,0.0,-1.0,1651499,1.0,31,,0.0,2.0,8.0,B01,138Â 289Â 247,1.0
967694,201900009225,7,3,19:30,1,2,1,1.0,3.0,34172,PIREE (AVENUE DU),M,"43,6074300","3,8966700",34,2019,30.0,1.0,1.0,4.0,2163011,1.0,1,4,1,5.0,,0.0,0,1996.0,A01,138Â 289Â 244,2.0,6.0,-1.0,1651500,2.0,33,,0.0,2.0,1.0,A01,138Â 289Â 244,1.0
967694,201900009225,7,3,19:30,1,2,1,1.0,3.0,34172,PIREE (AVENUE DU),M,"43,6074300","3,8966700",34,2019,30.0,1.0,1.0,4.0,2163011,1.0,1,4,1,5.0,,0.0,0,1996.0,A01,138Â 289Â 244,2.0,6.0,-1.0,1651501,2.0,7,,0.0,2.0,8.0,B01,138Â 289Â 245,1.0
967694,201900009225,7,3,19:30,1,2,1,1.0,3.0,34172,PIREE (AVENUE DU),M,"43,6074300","3,8966700",34,2019,30.0,1.0,1.0,4.0,2163012,2.0,2,4,2,5.0,,0.0,0,1996.0,A01,138Â 289Â 244,2.0,6.0,-1.0,1651500,2.0,33,,0.0,2.0,1.0,A01,138Â 289Â 244,1.0
967694,201900009225,7,3,19:30,1,2,1,1.0,3.0,34172,PIREE (AVENUE DU),M,"43,6074300","3,8966700",34,2019,30.0,1.0,1.0,4.0,2163012,2.0,2,4,2,5.0,,0.0,0,1996.0,A01,138Â 289Â 244,2.0,6.0,-1.0,1651501,2.0,7,,0.0,2.0,8.0,B01,138Â 289Â 245,1.0
967694,201900009225,7,3,19:30,1,2,1,1.0,3.0,34172,PIREE (AVENUE DU),M,"43,6074300","3,8966700",34,2019,30.0,1.0,1.0,4.0,2163013,1.0,1,1,1,1.0,,0.0,0,1969.0,B01,138Â 289Â 245,1.0,8.0,-1.0,1651500,2.0,33,,0.0,2.0,1.0,A01,138Â 289Â 244,1.0
967694,201900009225,7,3,19:30,1,2,1,1.0,3.0,34172,PIREE (AVENUE DU),M,"43,6074300","3,8966700",34,2019,30.0,1.0,1.0,4.0,2163013,1.0,1,1,1,1.0,,0.0,0,1969.0,B01,138Â 289Â 245,1.0,8.0,-1.0,1651501,2.0,7,,0.0,2.0,8.0,B01,138Â 289Â 245,1.0
967695,201900009226,7,7,02:10,5,2,3,1.0,1.0,33063,Crs de l'Yser / R. Bergeon,M,"44,8294800"," -0,5681950",33,2019,50.0,1.0,1.0,4.0,2163014,1.0,1,1,1,5.0,,0.0,0,1982.0,A01,138Â 289Â 242,1.0,0.0,-1.0,1651502,2.0,7,,0.0,2.0,1.0,A01,138Â 289Â 242,1.0
967695,201900009226,7,7,02:10,5,2,3,1.0,1.0,33063,Crs de l'Yser / R. Bergeon,M,"44,8294800"," -0,5681950",33,2019,50.0,1.0,1.0,4.0,2163014,1.0,1,1,1,5.0,,0.0,0,1982.0,A01,138Â 289Â 242,1.0,0.0,-1.0,1651503,1.0,2,,0.0,2.0,1.0,B01,138Â 289Â 243,1.0
967695,201900009226,7,7,02:10,5,2,3,1.0,1.0,33063,Crs de l'Yser / R. Bergeon,M,"44,8294800"," -0,5681950",33,2019,50.0,1.0,1.0,4.0,2163015,1.0,1,4,1,5.0,,0.0,0,1973.0,B01,138Â 289Â 243,2.0,6.0,-1.0,1651502,2.0,7,,0.0,2.0,1.0,A01,138Â 289Â 242,1.0
967695,201900009226,7,7,02:10,5,2,3,1.0,1.0,33063,Crs de l'Yser / R. Bergeon,M,"44,8294800"," -0,5681950",33,2019,50.0,1.0,1.0,4.0,2163015,1.0,1,4,1,5.0,,0.0,0,1973.0,B01,138Â 289Â 243,2.0,6.0,-1.0,1651503,1.0,2,,0.0,2.0,1.0,B01,138Â 289Â 243,1.0
967696,201900009227,7,6,10:45,1,2,1,1.0,6.0,33063,BRANDENBURG (BD ALBERT),M,"44,8757700"," -0,5474800",33,2019,50.0,1.0,2.0,4.0,2163016,1.0,1,4,1,5.0,,-1.0, -1,1947.0,B01,138Â 289Â 240,2.0,0.0,-1.0,1651504,2.0,1,,0.0,0.0,0.0,B01,138Â 289Â 240,5.0
967696,201900009227,7,6,10:45,1,2,1,1.0,6.0,33063,BRANDENBURG (BD ALBERT),M,"44,8757700"," -0,5474800",33,2019,50.0,1.0,2.0,4.0,2163016,1.0,1,4,1,5.0,,-1.0, -1,1947.0,B01,138Â 289Â 240,2.0,0.0,-1.0,1651505,2.0,7,,0.0,2.0,8.0,A01,138Â 289Â 241,1.0
967696,201900009227,7,6,10:45,1,2,1,1.0,6.0,33063,BRANDENBURG (BD ALBERT),M,"44,8757700"," -0,5474800",33,2019,50.0,1.0,2.0,4.0,2163017,1.0,1,1,1,5.0,,-1.0, -1,1990.0,A01,138Â 289Â 241,1.0,0.0,-1.0,1651504,2.0,1,,0.0,0.0,0.0,B01,138Â 289Â 240,5.0
967696,201900009227,7,6,10:45,1,2,1,1.0,6.0,33063,BRANDENBURG (BD ALBERT),M,"44,8757700"," -0,5474800",33,2019,50.0,1.0,2.0,4.0,2163017,1.0,1,1,1,5.0,,-1.0, -1,1990.0,A01,138Â 289Â 241,1.0,0.0,-1.0,1651505,2.0,7,,0.0,2.0,8.0,A01,138Â 289Â 241,1.0
967697,201900009228,7,5,14:00,1,2,2,1.0,2.0,33075,RUE MAJOLAN,M,"44,8890600"," -0,6248600",33,2019,50.0,1.0,1.0,4.0,2163018,1.0,1,4,1,1.0,,0.0,0,1961.0,A01,138Â 289Â 238,2.0,6.0,-1.0,1651506,1.0,33,,0.0,2.0,8.0,A01,138Â 289Â 238,1.0
967697,201900009228,7,5,14:00,1,2,2,1.0,2.0,33075,RUE MAJOLAN,M,"44,8890600"," -0,6248600",33,2019,50.0,1.0,1.0,4.0,2163018,1.0,1,4,1,1.0,,0.0,0,1961.0,A01,138Â 289Â 238,2.0,6.0,-1.0,1651507,1.0,10,,0.0,2.0,0.0,B01,138Â 289Â 239,1.0
967697,201900009228,7,5,14:00,1,2,2,1.0,2.0,33075,RUE MAJOLAN,M,"44,8890600"," -0,6248600",33,2019,50.0,1.0,1.0,4.0,2163019,1.0,1,1,1,0.0,,0.0,0,1969.0,B01,138Â 289Â 239,1.0,8.0,-1.0,1651506,1.0,33,,0.0,2.0,8.0,A01,138Â 289Â 238,1.0
967697,201900009228,7,5,14:00,1,2,2,1.0,2.0,33075,RUE MAJOLAN,M,"44,8890600"," -0,6248600",33,2019,50.0,1.0,1.0,4.0,2163019,1.0,1,1,1,0.0,,0.0,0,1969.0,B01,138Â 289Â 239,1.0,8.0,-1.0,1651507,1.0,10,,0.0,2.0,0.0,B01,138Â 289Â 239,1.0
967698,201900009229,7,5,08:30,1,2,3,1.0,6.0,33069,RUE DES ECUS,M,"44,8697400"," -0,6064500",33,2019,50.0,1.0,1.0,4.0,2163020,1.0,1,1,1,5.0,,0.0,0,1961.0,A01,138Â 289Â 237,8.0,0.0,-1.0,1651508,0.0,7,,0.0,1.0,0.0,A01,138Â 289Â 237,1.0
967698,201900009229,7,5,08:30,1,2,3,1.0,6.0,33069,RUE DES ECUS,M,"44,8697400"," -0,6064500",33,2019,50.0,1.0,1.0,4.0,2163021,10.0,3,4,1,0.0,,2.0,3,1972.0,A01,138Â 289Â 237,8.0,0.0,-1.0,1651508,0.0,7,,0.0,1.0,0.0,A01,138Â 289Â 237,1.0
967699,201900009230,7,5,01:50,5,2,1,1.0,6.0,33063,336 AVE DU MAL DE LATTRE DE TASSIGNY CAUD - PiÃ©ton traverse des nÂ° pairs vers impairs et revient sur ses pas ...,M,"44,8583500"," -0,6238800",33,2019,50.0,1.0,1.0,4.0,2163022,1.0,1,1,2,5.0,,-1.0, -1,1983.0,A01,138Â 289Â 236,1.0,0.0,-1.0,1651509,2.0,7,,0.0,1.0,1.0,A01,138Â 289Â 236,1.0
967699,201900009230,7,5,01:50,5,2,1,1.0,6.0,33063,336 AVE DU MAL DE LATTRE DE TASSIGNY CAUD - PiÃ©ton traverse des nÂ° pairs vers impairs et revient sur ses pas ...,M,"44,8583500"," -0,6238800",33,2019,50.0,1.0,1.0,4.0,2163023,10.0,3,3,2,5.0,,2.0,3,1994.0,A01,138Â 289Â 236,8.0,0.0,-1.0,1651509,2.0,7,,0.0,1.0,1.0,A01,138Â 289Â 236,1.0
967700,201900009231,7,4,20:00,1,2,3,1.0,3.0,33318,AVE DE MADRAN,M,"44,8052200"," -0,6535900",33,2019,50.0,1.0,1.0,4.0,2163024,1.0,1,3,1,0.0,,-1.0, -1,1975.0,B01,138Â 289Â 234,2.0,6.0,-1.0,1651510,1.0,33,,0.0,2.0,1.0,B01,138Â 289Â 234,1.0
967700,201900009231,7,4,20:00,1,2,3,1.0,3.0,33318,AVE DE MADRAN,M,"44,8052200"," -0,6535900",33,2019,50.0,1.0,1.0,4.0,2163024,1.0,1,3,1,0.0,,-1.0, -1,1975.0,B01,138Â 289Â 234,2.0,6.0,-1.0,1651511,2.0,7,,0.0,2.0,2.0,A01,138Â 289Â 235,1.0
967700,201900009231,7,4,20:00,1,2,3,1.0,3.0,33318,AVE DE MADRAN,M,"44,8052200"," -0,6535900",33,2019,50.0,1.0,1.0,4.0,2163025,2.0,2,1,2,0.0,,0.0,0,2000.0,A01,138Â 289Â 235,1.0,0.0,-1.0,1651510,1.0,33,,0.0,2.0,1.0,B01,138Â 289Â 234,1.0
967700,201900009231,7,4,20:00,1,2,3,1.0,3.0,33318,AVE DE MADRAN,M,"44,8052200"," -0,6535900",33,2019,50.0,1.0,1.0,4.0,2163025,2.0,2,1,2,0.0,,0.0,0,2000.0,A01,138Â 289Â 235,1.0,0.0,-1.0,1651511,2.0,7,,0.0,2.0,2.0,A01,138Â 289Â 235,1.0
967700,201900009231,7,4,20:00,1,2,3,1.0,3.0,33318,AVE DE MADRAN,M,"44,8052200"," -0,6535900",33,2019,50.0,1.0,1.0,4.0,2163026,1.0,1,1,2,0.0,,-1.0, -1,2000.0,A01,138Â 289Â 235,1.0,0.0,-1.0,1651510,1.0,33,,0.0,2.0,1.0,B01,138Â 289Â 234,1.0
967700,201900009231,7,4,20:00,1,2,3,1.0,3.0,33318,AVE DE MADRAN,M,"44,8052200"," -0,6535900",33,2019,50.0,1.0,1.0,4.0,2163026,1.0,1,1,2,0.0,,-1.0, -1,2000.0,A01,138Â 289Â 235,1.0,0.0,-1.0,1651511,2.0,7,,0.0,2.0,2.0,A01,138Â 289Â 235,1.0
967701,201900009232,7,4,13:45,1,2,2,1.0,2.0,33063,R. JudaÃ¯que / R. Charles Marionneau,M,"44,8412050"," -0,5867170",33,2019,50.0,1.0,1.0,4.0,2163027,1.0,1,1,2,0.0,,0.0, -1,1960.0,A01,138Â 289Â 232,8.0,0.0,-1.0,1651512,0.0,7,,0.0,2.0,4.0,A01,138Â 289Â 232,1.0
967701,201900009232,7,4,13:45,1,2,2,1.0,2.0,33063,R. JudaÃ¯que / R. Charles Marionneau,M,"44,8412050"," -0,5867170",33,2019,50.0,1.0,1.0,4.0,2163027,1.0,1,1,2,0.0,,0.0, -1,1960.0,A01,138Â 289Â 232,8.0,0.0,-1.0,1651513,0.0,33,,0.0,2.0,1.0,B01,138Â 289Â 233,1.0
967701,201900009232,7,4,13:45,1,2,2,1.0,2.0,33063,R. JudaÃ¯que / R. Charles Marionneau,M,"44,8412050"," -0,5867170",33,2019,50.0,1.0,1.0,4.0,2163028,1.0,1,4,1,0.0,,0.0,0,1984.0,B01,138Â 289Â 233,8.0,0.0,-1.0,1651512,0.0,7,,0.0,2.0,4.0,A01,138Â 289Â 232,1.0
967701,201900009232,7,4,13:45,1,2,2,1.0,2.0,33063,R. JudaÃ¯que / R. Charles Marionneau,M,"44,8412050"," -0,5867170",33,2019,50.0,1.0,1.0,4.0,2163028,1.0,1,4,1,0.0,,0.0,0,1984.0,B01,138Â 289Â 233,8.0,0.0,-1.0,1651513,0.0,33,,0.0,2.0,1.0,B01,138Â 289Â 233,1.0
967702,201900009233,7,4,12:15,1,2,1,1.0,2.0,33281,RUE DE BEAUDESERT,M,"44,8429600"," -0,6929900",33,2019,50.0,1.0,1.0,4.0,2163029,1.0,1,1,1,9.0,,0.0,0,1977.0,B01,138Â 289Â 230,1.0,0.0,-1.0,1651514,1.0,7,,0.0,2.0,4.0,B01,138Â 289Â 230,3.0
967702,201900009233,7,4,12:15,1,2,1,1.0,2.0,33281,RUE DE BEAUDESERT,M,"44,8429600"," -0,6929900",33,2019,50.0,1.0,1.0,4.0,2163029,1.0,1,1,1,9.0,,0.0,0,1977.0,B01,138Â 289Â 230,1.0,0.0,-1.0,1651515,1.0,33,,0.0,2.0,1.0,A01,138Â 289Â 231,1.0
967702,201900009233,7,4,12:15,1,2,1,1.0,2.0,33281,RUE DE BEAUDESERT,M,"44,8429600"," -0,6929900",33,2019,50.0,1.0,1.0,4.0,2163030,1.0,1,4,1,0.0,,0.0,0,1951.0,A01,138Â 289Â 231,2.0,0.0,-1.0,1651514,1.0,7,,0.0,2.0,4.0,B01,138Â 289Â 230,3.0
967702,201900009233,7,4,12:15,1,2,1,1.0,2.0,33281,RUE DE BEAUDESERT,M,"44,8429600"," -0,6929900",33,2019,50.0,1.0,1.0,4.0,2163030,1.0,1,4,1,0.0,,0.0,0,1951.0,A01,138Â 289Â 231,2.0,0.0,-1.0,1651515,1.0,33,,0.0,2.0,1.0,A01,138Â 289Â 231,1.0
967703,201900009234,6,13,22:20,2,2,1,1.0,3.0,33281,DASSAULT (AVE MARCEL),M,"44,8435300"," -0,6729300",33,2019,50.0,1.0,1.0,4.0,2163031,1.0,1,1,1,5.0,,-1.0, -1,1957.0,A01,138Â 289Â 228,1.0,8.0,-1.0,1651516,1.0,7,,0.0,-1.0,5.0,A01,138Â 289Â 228,1.0
967703,201900009234,6,13,22:20,2,2,1,1.0,3.0,33281,DASSAULT (AVE MARCEL),M,"44,8435300"," -0,6729300",33,2019,50.0,1.0,1.0,4.0,2163031,1.0,1,1,1,5.0,,-1.0, -1,1957.0,A01,138Â 289Â 228,1.0,8.0,-1.0,1651517,1.0,31,,0.0,2.0,1.0,B01,138Â 289Â 229,1.0
967703,201900009234,6,13,22:20,2,2,1,1.0,3.0,33281,DASSAULT (AVE MARCEL),M,"44,8435300"," -0,6729300",33,2019,50.0,1.0,1.0,4.0,2163032,1.0,1,4,1,1.0,,-1.0, -1,1988.0,B01,138Â 289Â 229,2.0,6.0,-1.0,1651516,1.0,7,,0.0,-1.0,5.0,A01,138Â 289Â 228,1.0
967703,201900009234,6,13,22:20,2,2,1,1.0,3.0,33281,DASSAULT (AVE MARCEL),M,"44,8435300"," -0,6729300",33,2019,50.0,1.0,1.0,4.0,2163032,1.0,1,4,1,1.0,,-1.0, -1,1988.0,B01,138Â 289Â 229,2.0,6.0,-1.0,1651517,1.0,31,,0.0,2.0,1.0,B01,138Â 289Â 229,1.0
967704,201900009235,7,4,13:05,1,2,3,1.0,6.0,33063,R. de Pessac / R. de Budos,M,"44,8267990"," -0,5871130",33,2019,50.0,1.0,1.0,4.0,2163033,10.0,3,4,2,0.0,,3.0,3,1927.0,A01,138Â 289Â 227,8.0,0.0,-1.0,1651518,2.0,7,,0.0,1.0,2.0,A01,138Â 289Â 227,1.0
967704,201900009235,7,4,13:05,1,2,3,1.0,6.0,33063,R. de Pessac / R. de Budos,M,"44,8267990"," -0,5871130",33,2019,50.0,1.0,1.0,4.0,2163034,1.0,1,1,1,5.0,,-1.0, -1,1984.0,A01,138Â 289Â 227,1.0,0.0,-1.0,1651518,2.0,7,,0.0,1.0,2.0,A01,138Â 289Â 227,1.0
967705,201900009236,7,4,08:05,1,2,6,1.0,3.0,33069,RUE GEORGES LAFONT,M,"44,8682700"," -0,5982400",33,2019,50.0,1.0,1.0,4.0,2163035,1.0,1,1,1,0.0,,-1.0, -1,1960.0,A01,138Â 289Â 225,8.0,0.0,-1.0,1651519,1.0,7,,0.0,2.0,3.0,A01,138Â 289Â 225,1.0
967705,201900009236,7,4,08:05,1,2,6,1.0,3.0,33069,RUE GEORGES LAFONT,M,"44,8682700"," -0,5982400",33,2019,50.0,1.0,1.0,4.0,2163035,1.0,1,1,1,0.0,,-1.0, -1,1960.0,A01,138Â 289Â 225,8.0,0.0,-1.0,1651520,1.0,1,,0.0,2.0,1.0,B01,138Â 289Â 226,5.0
967705,201900009236,7,4,08:05,1,2,6,1.0,3.0,33069,RUE GEORGES LAFONT,M,"44,8682700"," -0,5982400",33,2019,50.0,1.0,1.0,4.0,2163036,1.0,1,3,2,0.0,,-1.0, -1,1969.0,B01,138Â 289Â 226,8.0,0.0,-1.0,1651519,1.0,7,,0.0,2.0,3.0,A01,138Â 289Â 225,1.0
967705,201900009236,7,4,08:05,1,2,6,1.0,3.0,33069,RUE GEORGES LAFONT,M,"44,8682700"," -0,5982400",33,2019,50.0,1.0,1.0,4.0,2163036,1.0,1,3,2,0.0,,-1.0, -1,1969.0,B01,138Â 289Â 226,8.0,0.0,-1.0,1651520,1.0,1,,0.0,2.0,1.0,B01,138Â 289Â 226,5.0
967706,201900009237,7,3,16:45,1,2,2,1.0,3.0,33039,ALBERT 1ER (BD ),M,"44,8128500"," -0,5614100",33,2019,50.0,1.0,1.0,4.0,2163037,1.0,1,3,1,5.0,,-1.0, -1,1972.0,B01,138Â 289Â 221,2.0,0.0,-1.0,1651521,2.0,33,,0.0,2.0,1.0,B01,138Â 289Â 221,1.0
967706,201900009237,7,3,16:45,1,2,2,1.0,3.0,33039,ALBERT 1ER (BD ),M,"44,8128500"," -0,5614100",33,2019,50.0,1.0,1.0,4.0,2163037,1.0,1,3,1,5.0,,-1.0, -1,1972.0,B01,138Â 289Â 221,2.0,0.0,-1.0,1651522,2.0,10,,0.0,2.0,7.0,A01,138Â 289Â 222,1.0
967706,201900009237,7,3,16:45,1,2,2,1.0,3.0,33039,ALBERT 1ER (BD ),M,"44,8128500"," -0,5614100",33,2019,50.0,1.0,1.0,4.0,2163038,1.0,1,1,1,4.0,,-1.0, -1,1962.0,A01,138Â 289Â 222,1.0,0.0,-1.0,1651521,2.0,33,,0.0,2.0,1.0,B01,138Â 289Â 221,1.0
967706,201900009237,7,3,16:45,1,2,2,1.0,3.0,33039,ALBERT 1ER (BD ),M,"44,8128500"," -0,5614100",33,2019,50.0,1.0,1.0,4.0,2163038,1.0,1,1,1,4.0,,-1.0, -1,1962.0,A01,138Â 289Â 222,1.0,0.0,-1.0,1651522,2.0,10,,0.0,2.0,7.0,A01,138Â 289Â 222,1.0
967707,201900009238,7,3,12:10,1,2,1,1.0,6.0,33119,PCE MARTYRS DE LA RESISTANCE,M,"44,8618500"," -0,5174800",33,2019,50.0,1.0,1.0,9.0,2163039,1.0,1,1,1,4.0,,-1.0, -1,1976.0,A01,138Â 289Â 220,1.0,0.0,-1.0,1651523,3.0,10,,0.0,1.0,1.0,A01,138Â 289Â 220,1.0
967707,201900009238,7,3,12:10,1,2,1,1.0,6.0,33119,PCE MARTYRS DE LA RESISTANCE,M,"44,8618500"," -0,5174800",33,2019,50.0,1.0,1.0,9.0,2163040,10.0,3,3,1,4.0,,8.0,9,1973.0,A01,138Â 289Â 220,8.0,0.0,-1.0,1651523,3.0,10,,0.0,1.0,1.0,A01,138Â 289Â 220,1.0
967708,201900009239,6,19,15:30,1,1,6,1.0,3.0,33065,Chem de la Matte / Roc N230 E22 Bretelle de sortie,M,"44,8103500"," -0,5199900",33,2019,50.0,1.0,1.0,4.0,2163041,1.0,1,1,1,0.0,,-1.0, -1,1959.0,A01,138Â 289Â 218,8.0,0.0,-1.0,1651524,0.0,7,,0.0,2.0,7.0,A01,138Â 289Â 218,1.0
967708,201900009239,6,19,15:30,1,1,6,1.0,3.0,33065,Chem de la Matte / Roc N230 E22 Bretelle de sortie,M,"44,8103500"," -0,5199900",33,2019,50.0,1.0,1.0,4.0,2163041,1.0,1,1,1,0.0,,-1.0, -1,1959.0,A01,138Â 289Â 218,8.0,0.0,-1.0,1651525,0.0,7,,0.0,2.0,1.0,B01,138Â 289Â 219,1.0
967708,201900009239,6,19,15:30,1,1,6,1.0,3.0,33065,Chem de la Matte / Roc N230 E22 Bretelle de sortie,M,"44,8103500"," -0,5199900",33,2019,50.0,1.0,1.0,4.0,2163042,1.0,1,4,2,0.0,,-1.0, -1,1976.0,B01,138Â 289Â 219,8.0,0.0,-1.0,1651524,0.0,7,,0.0,2.0,7.0,A01,138Â 289Â 218,1.0
967708,201900009239,6,19,15:30,1,1,6,1.0,3.0,33065,Chem de la Matte / Roc N230 E22 Bretelle de sortie,M,"44,8103500"," -0,5199900",33,2019,50.0,1.0,1.0,4.0,2163042,1.0,1,4,2,0.0,,-1.0, -1,1976.0,B01,138Â 289Â 219,8.0,0.0,-1.0,1651525,0.0,7,,0.0,2.0,1.0,B01,138Â 289Â 219,1.0
967709,201900009240,7,5,11:20,1,1,1,1.0,3.0,31555,VA007306 A64,M,"43,5650900","1,4183800",31,2019,90.0,1.0,1.0,1.0,2163043,1.0,1,3,1,9.0,,-1.0,0,1947.0,A01,138Â 289Â 216,2.0,8.0,-1.0,1651526,1.0,33,,0.0,2.0,8.0,A01,138Â 289Â 216,1.0
967709,201900009240,7,5,11:20,1,1,1,1.0,3.0,31555,VA007306 A64,M,"43,5650900","1,4183800",31,2019,90.0,1.0,1.0,1.0,2163043,1.0,1,3,1,9.0,,-1.0,0,1947.0,A01,138Â 289Â 216,2.0,8.0,-1.0,1651527,2.0,7,,0.0,2.0,5.0,B01,138Â 289Â 217,1.0
967709,201900009240,7,5,11:20,1,1,1,1.0,3.0,31555,VA007306 A64,M,"43,5650900","1,4183800",31,2019,90.0,1.0,1.0,1.0,2163044,1.0,1,1,1,9.0,,-1.0,0,1980.0,B01,138Â 289Â 217,1.0,8.0,-1.0,1651526,1.0,33,,0.0,2.0,8.0,A01,138Â 289Â 216,1.0
967709,201900009240,7,5,11:20,1,1,1,1.0,3.0,31555,VA007306 A64,M,"43,5650900","1,4183800",31,2019,90.0,1.0,1.0,1.0,2163044,1.0,1,1,1,9.0,,-1.0,0,1980.0,B01,138Â 289Â 217,1.0,8.0,-1.0,1651527,2.0,7,,0.0,2.0,5.0,B01,138Â 289Â 217,1.0
967710,201900009241,7,5,02:05,5,2,1,1.0,6.0,31555,CHE DE LAPUJADE,M,"43,6209200","1,4532100",31,2019,50.0,1.0,1.0,4.0,2163045,1.0,1,1,1,5.0,,-1.0,0,1972.0,A01,138Â 289Â 215,1.0,7.0,-1.0,1651528,1.0,7,,14.0,1.0,1.0,A01,138Â 289Â 215,1.0
967710,201900009241,7,5,02:05,5,2,1,1.0,6.0,31555,CHE DE LAPUJADE,M,"43,6209200","1,4532100",31,2019,50.0,1.0,1.0,4.0,2163046,10.0,3,2,1,4.0,,0.0,9,1997.0,A01,138Â 289Â 215,8.0,0.0,-1.0,1651528,1.0,7,,14.0,1.0,1.0,A01,138Â 289Â 215,1.0
967711,201900009242,7,4,13:20,1,2,1,1.0,5.0,31555,BD SILVIO TRENTIN,M,"43,6251500","1,4302100",31,2019,50.0,1.0,1.0,4.0,2163047,1.0,1,1,1,9.0,,-1.0,0,1971.0,A01,138Â 289Â 210,1.0,8.0,-1.0,1651529,1.0,10,,0.0,2.0,3.0,A01,138Â 289Â 210,1.0
967711,201900009242,7,4,13:20,1,2,1,1.0,5.0,31555,BD SILVIO TRENTIN,M,"43,6251500","1,4302100",31,2019,50.0,1.0,1.0,4.0,2163047,1.0,1,1,1,9.0,,-1.0,0,1971.0,A01,138Â 289Â 210,1.0,8.0,-1.0,1651530,2.0,7,,0.0,2.0,8.0,B01,138Â 289Â 211,1.0
967711,201900009242,7,4,13:20,1,2,1,1.0,5.0,31555,BD SILVIO TRENTIN,M,"43,6251500","1,4302100",31,2019,50.0,1.0,1.0,4.0,2163047,1.0,1,1,1,9.0,,-1.0,0,1971.0,A01,138Â 289Â 210,1.0,8.0,-1.0,1651531,2.0,7,,0.0,2.0,6.0,C01,138Â 289Â 212,1.0
967711,201900009242,7,4,13:20,1,2,1,1.0,5.0,31555,BD SILVIO TRENTIN,M,"43,6251500","1,4302100",31,2019,50.0,1.0,1.0,4.0,2163047,1.0,1,1,1,9.0,,-1.0,0,1971.0,A01,138Â 289Â 210,1.0,8.0,-1.0,1651532,2.0,7,,0.0,2.0,1.0,D01,138Â 289Â 213,1.0
967711,201900009242,7,4,13:20,1,2,1,1.0,5.0,31555,BD SILVIO TRENTIN,M,"43,6251500","1,4302100",31,2019,50.0,1.0,1.0,4.0,2163047,1.0,1,1,1,9.0,,-1.0,0,1971.0,A01,138Â 289Â 210,1.0,8.0,-1.0,1651533,2.0,7,,12.0,0.0,2.0,E01,138Â 289Â 214,1.0
967711,201900009242,7,4,13:20,1,2,1,1.0,5.0,31555,BD SILVIO TRENTIN,M,"43,6251500","1,4302100",31,2019,50.0,1.0,1.0,4.0,2163048,1.0,1,4,1,9.0,,-1.0,0,1954.0,B01,138Â 289Â 211,1.0,8.0,-1.0,1651529,1.0,10,,0.0,2.0,3.0,A01,138Â 289Â 210,1.0