Unnamed: 0_x,num_acc,mois,jour,hrmn,lum,agg,int,atm,col,com,adr,gps,lat,long,dep,annee,vma,situ,surf,catr,Unnamed: 0_y,place,catu,grav,sexe,trajet,secu,locp,actp,an_nais,num_veh_x,id_vehicule_x,secu1,secu2,secu3,Unnamed: 0,senc,catv,occutc,obs,obsm,choc,num_veh_y,id_vehicule_y,motor
967711,201900009242,7,4,13:20,1,2,1,1.0,5.0,31555,BD SILVIO TRENTIN,M,"43,6251500","1,4302100",31,2019,50.0,1.0,1.0,4.0,2163048,1.0,1,4,1,9.0,,-1.0,0,1954.0,B01,138Â 289Â 211,1.0,8.0,-1.0,1651530,2.0,7,,0.0,2.0,8.0,B01,138Â 289Â 211,1.0
967711,201900009242,7,4,13:20,1,2,1,1.0,5.0,31555,BD SILVIO TRENTIN,M,"43,6251500","1,4302100",31,2019,50.0,1.0,1.0,4.0,2163048,1.0,1,4,1,9.0,,-1.0,0,1954.0,B01,138Â 289Â 211,1.0,8.0,-1.0,1651531,2.0,7,,0.0,2.0,6.0,C01,138Â 289Â 212,1.0
967711,201900009242,7,4,13:20,1,2,1,1.0,5.0,31555,BD SILVIO TRENTIN,M,"43,6251500","1,4302100",31,2019,50.0,1.0,1.0,4.0,2163048,1.0,1,4,1,9.0,,-1.0,0,1954.0,B01,138Â 289Â 211,1.0,8.0,-1.0,1651532,2.0,7,,0.0,2.0,1.0,D01,138Â 289Â 213,1.0
967711,201900009242,7,4,13:20,1,2,1,1.0,5.0,31555,BD SILVIO TRENTIN,M,"43,6251500","1,4302100",31,2019,50.0,1.0,1.0,4.0,2163048,1.0,1,4,1,9.0,,-1.0,0,1954.0,B01,138Â 289Â 211,1.0,8.0,-1.0,1651533,2.0,7,,12.0,0.0,2.0,E01,138Â 289Â 214,1.0
967711,201900009242,7,4,13:20,1,2,1,1.0,5.0,31555,BD SILVIO TRENTIN,M,"43,6251500","1,4302100",31,2019,50.0,1.0,1.0,4.0,2163049,1.0,1,1,1,9.0,,-1.0,0,1993.0,C01,138Â 289Â 212,1.0,8.0,-1.0,1651529,1.0,10,,0.0,2.0,3.0,A01,138Â 289Â 210,1.0
967711,201900009242,7,4,13:20,1,2,1,1.0,5.0,31555,BD SILVIO TRENTIN,M,"43,6251500","1,4302100",31,2019,50.0,1.0,1.0,4.0,2163049,1.0,1,1,1,9.0,,-1.0,0,1993.0,C01,138Â 289Â 212,1.0,8.0,-1.0,1651530,2.0,7,,0.0,2.0,8.0,B01,138Â 289Â 211,1.0
967711,201900009242,7,4,13:20,1,2,1,1.0,5.0,31555,BD SILVIO TRENTIN,M,"43,6251500","1,4302100",31,2019,50.0,1.0,1.0,4.0,2163049,1.0,1,1,1,9.0,,-1.0,0,1993.0,C01,138Â 289Â 212,1.0,8.0,-1.0,1651531,2.0,7,,0.0,2.0,6.0,C01,138Â 289Â 212,1.0
967711,201900009242,7,4,13:20,1,2,1,1.0,5.0,31555,BD SILVIO TRENTIN,M,"43,6251500","1,4302100",31,2019,50.0,1.0,1.0,4.0,2163049,1.0,1,1,1,9.0,,-1.0,0,1993.0,C01,138Â 289Â 212,1.0,8.0,-1.0,1651532,2.0,7,,0.0,2.0,1.0,D01,138Â 289Â 213,1.0
967711,201900009242,7,4,13:20,1,2,1,1.0,5.0,31555,BD SILVIO TRENTIN,M,"43,6251500","1,4302100",31,2019,50.0,1.0,1.0,4.0,2163049,1.0,1,1,1,9.0,,-1.0,0,1993.0,C01,138Â 289Â 212,1.0,8.0,-1.0,1651533,2.0,7,,12.0,0.0,2.0,E01,138Â 289Â 214,1.0
967711,201900009242,7,4,13:20,1,2,1,1.0,5.0,31555,BD SILVIO TRENTIN,M,"43,6251500","1,4302100",31,2019,50.0,1.0,1.0,4.0,2163050,1.0,1,4,2,9.0,,-1.0,0,1965.0,D01,138Â 289Â 213,1.0,8.0,-1.0,1651529,1.0,10,,0.0,2.0,3.0,A01,138Â 289Â 210,1.0
967711,201900009242,7,4,13:20,1,2,1,1.0,5.0,31555,BD SILVIO TRENTIN,M,"43,6251500","1,4302100",31,2019,50.0,1.0,1.0,4.0,2163050,1.0,1,4,2,9.0,,-1.0,0,1965.0,D01,138Â 289Â 213,1.0,8.0,-1.0,1651530,2.0,7,,0.0,2.0,8.0,B01,138Â 289Â 211,1.0
967711,201900009242,7,4,13:20,1,2,1,1.0,5.0,31555,BD SILVIO TRENTIN,M,"43,6251500","1,4302100",31,2019,50.0,1.0,1.0,4.0,2163050,1.0,1,4,2,9.0,,-1.0,0,1965.0,D01,138Â 289Â 213,1.0,8.0,-1.0,1651531,2.0,7,,0.0,2.0,6.0,C01,138Â 289Â 212,1.0
967711,201900009242,7,4,13:20,1,2,1,1.0,5.0,31555,BD SILVIO TRENTIN,M,"43,6251500","1,4302100",31,2019,50.0,1.0,1.0,4.0,2163050,1.0,1,4,2,9.0,,-1.0,0,1965.0,D01,138Â 289Â 213,1.0,8.0,-1.0,1651532,2.0,7,,0.0,2.0,1.0,D01,138Â 289Â 213,1.0
967711,201900009242,7,4,13:20,1,2,1,1.0,5.0,31555,BD SILVIO TRENTIN,M,"43,6251500","1,4302100",31,2019,50.0,1.0,1.0,4.0,2163050,1.0,1,4,2,9.0,,-1.0,0,1965.0,D01,138Â 289Â 213,1.0,8.0,-1.0,1651533,2.0,7,,12.0,0.0,2.0,E01,138Â 289Â 214,1.0
967711,201900009242,7,4,13:20,1,2,1,1.0,5.0,31555,BD SILVIO TRENTIN,M,"43,6251500","1,4302100",31,2019,50.0,1.0,1.0,4.0,2163051,2.0,2,4,2,9.0,,-1.0,0,2004.0,D01,138Â 289Â 213,1.0,8.0,-1.0,1651529,1.0,10,,0.0,2.0,3.0,A01,138Â 289Â 210,1.0
967711,201900009242,7,4,13:20,1,2,1,1.0,5.0,31555,BD SILVIO TRENTIN,M,"43,6251500","1,4302100",31,2019,50.0,1.0,1.0,4.0,2163051,2.0,2,4,2,9.0,,-1.0,0,2004.0,D01,138Â 289Â 213,1.0,8.0,-1.0,1651530,2.0,7,,0.0,2.0,8.0,B01,138Â 289Â 211,1.0
967711,201900009242,7,4,13:20,1,2,1,1.0,5.0,31555,BD SILVIO TRENTIN,M,"43,6251500","1,4302100",31,2019,50.0,1.0,1.0,4.0,2163051,2.0,2,4,2,9.0,,-1.0,0,2004.0,D01,138Â 289Â 213,1.0,8.0,-1.0,1651531,2.0,7,,0.0,2.0,6.0,C01,138Â 289Â 212,1.0
967711,201900009242,7,4,13:20,1,2,1,1.0,5.0,31555,BD SILVIO TRENTIN,M,"43,6251500","1,4302100",31,2019,50.0,1.0,1.0,4.0,2163051,2.0,2,4,2,9.0,,-1.0,0,2004.0,D01,138Â 289Â 213,1.0,8.0,-1.0,1651532,2.0,7,,0.0,2.0,1.0,D01,138Â 289Â 213,1.0
967711,201900009242,7,4,13:20,1,2,1,1.0,5.0,31555,BD SILVIO TRENTIN,M,"43,6251500","1,4302100",31,2019,50.0,1.0,1.0,4.0,2163051,2.0,2,4,2,9.0,,-1.0,0,2004.0,D01,138Â 289Â 213,1.0,8.0,-1.0,1651533,2.0,7,,12.0,0.0,2.0,E01,138Â 289Â 214,1.0
967711,201900009242,7,4,13:20,1,2,1,1.0,5.0,31555,BD SILVIO TRENTIN,M,"43,6251500","1,4302100",31,2019,50.0,1.0,1.0,4.0,2163052,1.0,1,1,1,9.0,,-1.0,0,1965.0,E01,138Â 289Â 214,1.0,8.0,-1.0,1651529,1.0,10,,0.0,2.0,3.0,A01,138Â 289Â 210,1.0
967711,201900009242,7,4,13:20,1,2,1,1.0,5.0,31555,BD SILVIO TRENTIN,M,"43,6251500","1,4302100",31,2019,50.0,1.0,1.0,4.0,2163052,1.0,1,1,1,9.0,,-1.0,0,1965.0,E01,138Â 289Â 214,1.0,8.0,-1.0,1651530,2.0,7,,0.0,2.0,8.0,B01,138Â 289Â 211,1.0
967711,201900009242,7,4,13:20,1,2,1,1.0,5.0,31555,BD SILVIO TRENTIN,M,"43,6251500","1,4302100",31,2019,50.0,1.0,1.0,4.0,2163052,1.0,1,1,1,9.0,,-1.0,0,1965.0,E01,138Â 289Â 214,1.0,8.0,-1.0,1651531,2.0,7,,0.0,2.0,6.0,C01,138Â 289Â 212,1.0
967711,201900009242,7,4,13:20,1,2,1,1.0,5.0,31555,BD SILVIO TRENTIN,M,"43,6251500","1,4302100",31,2019,50.0,1.0,1.0,4.0,2163052,1.0,1,1,1,9.0,,-1.0,0,1965.0,E01,138Â 289Â 214,1.0,8.0,-1.0,1651532,2.0,7,,0.0,2.0,1.0,D01,138Â 289Â 213,1.0
967711,201900009242,7,4,13:20,1,2,1,1.0,5.0,31555,BD SILVIO TRENTIN,M,"43,6251500","1,4302100",31,2019,50.0,1.0,1.0,4.0,2163052,1.0,1,1,1,9.0,,-1.0,0,1965.0,E01,138Â 289Â 214,1.0,8.0,-1.0,1651533,2.0,7,,12.0,0.0,2.0,E01,138Â 289Â 214,1.0
967712,201900009243,7,4,07:00,1,2,2,1.0,3.0,31149,AL NOBLE (CHEMIN D'),M,"43,6025200","1,3450700",31,2019,50.0,1.0,1.0,3.0,2163053,1.0,1,4,2,9.0,,-1.0,0,1967.0,A01,138Â 289Â 208,1.0,8.0,-1.0,1651534,1.0,7,,0.0,2.0,2.0,A01,138Â 289Â 208,1.0
967712,201900009243,7,4,07:00,1,2,2,1.0,3.0,31149,AL NOBLE (CHEMIN D'),M,"43,6025200","1,3450700",31,2019,50.0,1.0,1.0,3.0,2163053,1.0,1,4,2,9.0,,-1.0,0,1967.0,A01,138Â 289Â 208,1.0,8.0,-1.0,1651535,1.0,7,,0.0,2.0,2.0,B01,138Â 289Â 209,1.0
967712,201900009243,7,4,07:00,1,2,2,1.0,3.0,31149,AL NOBLE (CHEMIN D'),M,"43,6025200","1,3450700",31,2019,50.0,1.0,1.0,3.0,2163054,1.0,1,4,1,9.0,,-1.0,0,1994.0,B01,138Â 289Â 209,1.0,8.0,-1.0,1651534,1.0,7,,0.0,2.0,2.0,A01,138Â 289Â 208,1.0
967712,201900009243,7,4,07:00,1,2,2,1.0,3.0,31149,AL NOBLE (CHEMIN D'),M,"43,6025200","1,3450700",31,2019,50.0,1.0,1.0,3.0,2163054,1.0,1,4,1,9.0,,-1.0,0,1994.0,B01,138Â 289Â 209,1.0,8.0,-1.0,1651535,1.0,7,,0.0,2.0,2.0,B01,138Â 289Â 209,1.0
967713,201900009244,7,3,18:17,1,2,1,1.0,6.0,31069,ARAGON (MAIL LOUIS),M,"43,6445300","1,3782600",31,2019,30.0,1.0,1.0,4.0,2163055,10.0,3,4,2,5.0,,3.0,3,2017.0,A01,138Â 289Â 207,8.0,4.0,-1.0,1651536,1.0,7,,0.0,1.0,1.0,A01,138Â 289Â 207,1.0
967713,201900009244,7,3,18:17,1,2,1,1.0,6.0,31069,ARAGON (MAIL LOUIS),M,"43,6445300","1,3782600",31,2019,30.0,1.0,1.0,4.0,2163056,1.0,1,1,1,9.0,,-1.0,0,1989.0,A01,138Â 289Â 207,1.0,8.0,-1.0,1651536,1.0,7,,0.0,1.0,1.0,A01,138Â 289Â 207,1.0
967714,201900009245,7,3,19:25,1,2,1,2.0,6.0,31555,RUE DE LIMAYRAC,M,"43,5933000","1,4740100",31,2019,30.0,1.0,1.0,4.0,2163057,1.0,1,1,1,9.0,,-1.0, -1,1960.0,A01,138Â 289Â 206,1.0,8.0,-1.0,1651537,1.0,7,,0.0,1.0,2.0,A01,138Â 289Â 206,1.0
967714,201900009245,7,3,19:25,1,2,1,2.0,6.0,31555,RUE DE LIMAYRAC,M,"43,5933000","1,4740100",31,2019,30.0,1.0,1.0,4.0,2163058,10.0,3,4,1,9.0,,1.0,3,1970.0,A01,138Â 289Â 206,8.0,0.0,-1.0,1651537,1.0,7,,0.0,1.0,2.0,A01,138Â 289Â 206,1.0
967715,201900009246,7,5,03:00,5,2,1,1.0,6.0,30189,PUCCINI (RUE),M,"43,8234600","4,3373600",30,2019,50.0,1.0,1.0,4.0,2163059,1.0,1,3,1,0.0,,-1.0, -1,1900.0,A01,138Â 289Â 205,8.0,0.0,-1.0,1651538,3.0,30,,0.0,0.0,0.0,A01,138Â 289Â 205,1.0
967716,201900009247,7,4,17:05,1,2,1,1.0,2.0,30007,ANDUZE (AVE),M,"44,1038300","4,0821900",30,2019,50.0,1.0,1.0,4.0,2163060,1.0,1,1,2,9.0,,-1.0, -1,1956.0,A01,138Â 289Â 201,1.0,5.0,-1.0,1651539,1.0,7,,0.0,2.0,1.0,A01,138Â 289Â 201,1.0
967716,201900009247,7,4,17:05,1,2,1,1.0,2.0,30007,ANDUZE (AVE),M,"44,1038300","4,0821900",30,2019,50.0,1.0,1.0,4.0,2163060,1.0,1,1,2,9.0,,-1.0, -1,1956.0,A01,138Â 289Â 201,1.0,5.0,-1.0,1651540,1.0,2,,0.0,2.0,4.0,B01,138Â 289Â 202,1.0
967716,201900009247,7,4,17:05,1,2,1,1.0,2.0,30007,ANDUZE (AVE),M,"44,1038300","4,0821900",30,2019,50.0,1.0,1.0,4.0,2163061,1.0,1,4,2,0.0,,-1.0, -1,1973.0,B01,138Â 289Â 202,2.0,0.0,-1.0,1651539,1.0,7,,0.0,2.0,1.0,A01,138Â 289Â 201,1.0
967716,201900009247,7,4,17:05,1,2,1,1.0,2.0,30007,ANDUZE (AVE),M,"44,1038300","4,0821900",30,2019,50.0,1.0,1.0,4.0,2163061,1.0,1,4,2,0.0,,-1.0, -1,1973.0,B01,138Â 289Â 202,2.0,0.0,-1.0,1651540,1.0,2,,0.0,2.0,4.0,B01,138Â 289Â 202,1.0
967717,201900009248,7,6,00:35,3,1,9,1.0,3.0,29232,POULGUINAN BOULEVARD DE,M,"47,9840734"," -4,1156601",29,2019,50.0,1.0,1.0,3.0,2163062,1.0,1,1,1,5.0,,0.0,0,1969.0,B01,138Â 289Â 199,1.0,0.0,-1.0,1651541,1.0,7,,0.0,2.0,2.0,B01,138Â 289Â 199,1.0
967717,201900009248,7,6,00:35,3,1,9,1.0,3.0,29232,POULGUINAN BOULEVARD DE,M,"47,9840734"," -4,1156601",29,2019,50.0,1.0,1.0,3.0,2163062,1.0,1,1,1,5.0,,0.0,0,1969.0,B01,138Â 289Â 199,1.0,0.0,-1.0,1651542,1.0,33,,0.0,2.0,3.0,A01,138Â 289Â 200,1.0
967717,201900009248,7,6,00:35,3,1,9,1.0,3.0,29232,POULGUINAN BOULEVARD DE,M,"47,9840734"," -4,1156601",29,2019,50.0,1.0,1.0,3.0,2163063,1.0,1,4,1,5.0,,0.0,0,1999.0,A01,138Â 289Â 200,2.0,0.0,-1.0,1651541,1.0,7,,0.0,2.0,2.0,B01,138Â 289Â 199,1.0
967717,201900009248,7,6,00:35,3,1,9,1.0,3.0,29232,POULGUINAN BOULEVARD DE,M,"47,9840734"," -4,1156601",29,2019,50.0,1.0,1.0,3.0,2163063,1.0,1,4,1,5.0,,0.0,0,1999.0,A01,138Â 289Â 200,2.0,0.0,-1.0,1651542,1.0,33,,0.0,2.0,3.0,A01,138Â 289Â 200,1.0
967718,201900009249,7,5,17:34,1,2,1,1.0,4.0,29232,TY BOS AVENUE DE,M,"47,9718100"," -4,0643500",29,2019,50.0,1.0,1.0,3.0,2163064,4.0,2,4,1,5.0,,-1.0,0,1999.0,C01,138Â 289Â 196,1.0,8.0,-1.0,1651543,2.0,7,,0.0,2.0,1.0,C01,138Â 289Â 196,1.0
967718,201900009249,7,5,17:34,1,2,1,1.0,4.0,29232,TY BOS AVENUE DE,M,"47,9718100"," -4,0643500",29,2019,50.0,1.0,1.0,3.0,2163064,4.0,2,4,1,5.0,,-1.0,0,1999.0,C01,138Â 289Â 196,1.0,8.0,-1.0,1651544,2.0,7,,0.0,2.0,1.0,B01,138Â 289Â 197,1.0
967718,201900009249,7,5,17:34,1,2,1,1.0,4.0,29232,TY BOS AVENUE DE,M,"47,9718100"," -4,0643500",29,2019,50.0,1.0,1.0,3.0,2163064,4.0,2,4,1,5.0,,-1.0,0,1999.0,C01,138Â 289Â 196,1.0,8.0,-1.0,1651545,2.0,7,,0.0,2.0,4.0,A01,138Â 289Â 198,1.0
967718,201900009249,7,5,17:34,1,2,1,1.0,4.0,29232,TY BOS AVENUE DE,M,"47,9718100"," -4,0643500",29,2019,50.0,1.0,1.0,3.0,2163065,1.0,1,4,1,5.0,,-1.0,0,1997.0,C01,138Â 289Â 196,1.0,0.0,-1.0,1651543,2.0,7,,0.0,2.0,1.0,C01,138Â 289Â 196,1.0
967718,201900009249,7,5,17:34,1,2,1,1.0,4.0,29232,TY BOS AVENUE DE,M,"47,9718100"," -4,0643500",29,2019,50.0,1.0,1.0,3.0,2163065,1.0,1,4,1,5.0,,-1.0,0,1997.0,C01,138Â 289Â 196,1.0,0.0,-1.0,1651544,2.0,7,,0.0,2.0,1.0,B01,138Â 289Â 197,1.0
967718,201900009249,7,5,17:34,1,2,1,1.0,4.0,29232,TY BOS AVENUE DE,M,"47,9718100"," -4,0643500",29,2019,50.0,1.0,1.0,3.0,2163065,1.0,1,4,1,5.0,,-1.0,0,1997.0,C01,138Â 289Â 196,1.0,0.0,-1.0,1651545,2.0,7,,0.0,2.0,4.0,A01,138Â 289Â 198,1.0
967718,201900009249,7,5,17:34,1,2,1,1.0,4.0,29232,TY BOS AVENUE DE,M,"47,9718100"," -4,0643500",29,2019,50.0,1.0,1.0,3.0,2163066,2.0,2,4,1,5.0,,-1.0,0,1998.0,C01,138Â 289Â 196,1.0,8.0,-1.0,1651543,2.0,7,,0.0,2.0,1.0,C01,138Â 289Â 196,1.0
967718,201900009249,7,5,17:34,1,2,1,1.0,4.0,29232,TY BOS AVENUE DE,M,"47,9718100"," -4,0643500",29,2019,50.0,1.0,1.0,3.0,2163066,2.0,2,4,1,5.0,,-1.0,0,1998.0,C01,138Â 289Â 196,1.0,8.0,-1.0,1651544,2.0,7,,0.0,2.0,1.0,B01,138Â 289Â 197,1.0
967718,201900009249,7,5,17:34,1,2,1,1.0,4.0,29232,TY BOS AVENUE DE,M,"47,9718100"," -4,0643500",29,2019,50.0,1.0,1.0,3.0,2163066,2.0,2,4,1,5.0,,-1.0,0,1998.0,C01,138Â 289Â 196,1.0,8.0,-1.0,1651545,2.0,7,,0.0,2.0,4.0,A01,138Â 289Â 198,1.0
967718,201900009249,7,5,17:34,1,2,1,1.0,4.0,29232,TY BOS AVENUE DE,M,"47,9718100"," -4,0643500",29,2019,50.0,1.0,1.0,3.0,2163067,3.0,2,4,1,5.0,,-1.0,0,1998.0,C01,138Â 289Â 196,1.0,8.0,-1.0,1651543,2.0,7,,0.0,2.0,1.0,C01,138Â 289Â 196,1.0
967718,201900009249,7,5,17:34,1,2,1,1.0,4.0,29232,TY BOS AVENUE DE,M,"47,9718100"," -4,0643500",29,2019,50.0,1.0,1.0,3.0,2163067,3.0,2,4,1,5.0,,-1.0,0,1998.0,C01,138Â 289Â 196,1.0,8.0,-1.0,1651544,2.0,7,,0.0,2.0,1.0,B01,138Â 289Â 197,1.0
967718,201900009249,7,5,17:34,1,2,1,1.0,4.0,29232,TY BOS AVENUE DE,M,"47,9718100"," -4,0643500",29,2019,50.0,1.0,1.0,3.0,2163067,3.0,2,4,1,5.0,,-1.0,0,1998.0,C01,138Â 289Â 196,1.0,8.0,-1.0,1651545,2.0,7,,0.0,2.0,4.0,A01,138Â 289Â 198,1.0
967718,201900009249,7,5,17:34,1,2,1,1.0,4.0,29232,TY BOS AVENUE DE,M,"47,9718100"," -4,0643500",29,2019,50.0,1.0,1.0,3.0,2163068,1.0,1,4,1,1.0,,-1.0,0,1980.0,B01,138Â 289Â 197,1.0,0.0,-1.0,1651543,2.0,7,,0.0,2.0,1.0,C01,138Â 289Â 196,1.0
967718,201900009249,7,5,17:34,1,2,1,1.0,4.0,29232,TY BOS AVENUE DE,M,"47,9718100"," -4,0643500",29,2019,50.0,1.0,1.0,3.0,2163068,1.0,1,4,1,1.0,,-1.0,0,1980.0,B01,138Â 289Â 197,1.0,0.0,-1.0,1651544,2.0,7,,0.0,2.0,1.0,B01,138Â 289Â 197,1.0
967718,201900009249,7,5,17:34,1,2,1,1.0,4.0,29232,TY BOS AVENUE DE,M,"47,9718100"," -4,0643500",29,2019,50.0,1.0,1.0,3.0,2163068,1.0,1,4,1,1.0,,-1.0,0,1980.0,B01,138Â 289Â 197,1.0,0.0,-1.0,1651545,2.0,7,,0.0,2.0,4.0,A01,138Â 289Â 198,1.0
967718,201900009249,7,5,17:34,1,2,1,1.0,4.0,29232,TY BOS AVENUE DE,M,"47,9718100"," -4,0643500",29,2019,50.0,1.0,1.0,3.0,2163069,1.0,1,1,1,1.0,,-1.0,0,1962.0,A01,138Â 289Â 198,1.0,8.0,-1.0,1651543,2.0,7,,0.0,2.0,1.0,C01,138Â 289Â 196,1.0
967718,201900009249,7,5,17:34,1,2,1,1.0,4.0,29232,TY BOS AVENUE DE,M,"47,9718100"," -4,0643500",29,2019,50.0,1.0,1.0,3.0,2163069,1.0,1,1,1,1.0,,-1.0,0,1962.0,A01,138Â 289Â 198,1.0,8.0,-1.0,1651544,2.0,7,,0.0,2.0,1.0,B01,138Â 289Â 197,1.0
967718,201900009249,7,5,17:34,1,2,1,1.0,4.0,29232,TY BOS AVENUE DE,M,"47,9718100"," -4,0643500",29,2019,50.0,1.0,1.0,3.0,2163069,1.0,1,1,1,1.0,,-1.0,0,1962.0,A01,138Â 289Â 198,1.0,8.0,-1.0,1651545,2.0,7,,0.0,2.0,4.0,A01,138Â 289Â 198,1.0
967719,201900009250,7,4,12:45,1,2,1,1.0,2.0,29232,BREST RUE DE,M,"47,9976400"," -4,0985100",29,2019,30.0,1.0,1.0,4.0,2163070,1.0,1,1,1,0.0,,0.0,0,1987.0,B01,138Â 289Â 194,1.0,0.0,-1.0,1651546,2.0,7,,0.0,0.0,0.0,B01,138Â 289Â 194,1.0
967719,201900009250,7,4,12:45,1,2,1,1.0,2.0,29232,BREST RUE DE,M,"47,9976400"," -4,0985100",29,2019,30.0,1.0,1.0,4.0,2163070,1.0,1,1,1,0.0,,0.0,0,1987.0,B01,138Â 289Â 194,1.0,0.0,-1.0,1651547,2.0,2,,0.0,2.0,1.0,A01,138Â 289Â 195,1.0
967719,201900009250,7,4,12:45,1,2,1,1.0,2.0,29232,BREST RUE DE,M,"47,9976400"," -4,0985100",29,2019,30.0,1.0,1.0,4.0,2163071,1.0,1,4,1,5.0,,0.0,0,2003.0,A01,138Â 289Â 195,2.0,6.0,-1.0,1651546,2.0,7,,0.0,0.0,0.0,B01,138Â 289Â 194,1.0
967719,201900009250,7,4,12:45,1,2,1,1.0,2.0,29232,BREST RUE DE,M,"47,9976400"," -4,0985100",29,2019,30.0,1.0,1.0,4.0,2163071,1.0,1,4,1,5.0,,0.0,0,2003.0,A01,138Â 289Â 195,2.0,6.0,-1.0,1651547,2.0,2,,0.0,2.0,1.0,A01,138Â 289Â 195,1.0
967719,201900009250,7,4,12:45,1,2,1,1.0,2.0,29232,BREST RUE DE,M,"47,9976400"," -4,0985100",29,2019,30.0,1.0,1.0,4.0,2163072,2.0,2,4,1,5.0,,-1.0,0,2003.0,A01,138Â 289Â 195,2.0,6.0,-1.0,1651546,2.0,7,,0.0,0.0,0.0,B01,138Â 289Â 194,1.0
967719,201900009250,7,4,12:45,1,2,1,1.0,2.0,29232,BREST RUE DE,M,"47,9976400"," -4,0985100",29,2019,30.0,1.0,1.0,4.0,2163072,2.0,2,4,1,5.0,,-1.0,0,2003.0,A01,138Â 289Â 195,2.0,6.0,-1.0,1651547,2.0,2,,0.0,2.0,1.0,A01,138Â 289Â 195,1.0
967720,201900009251,7,4,18:35,1,2,1,1.0,3.0,29232,LOCMARIA ALLEE DE,M,"47,9927100"," -4,1069500",29,2019,50.0,1.0,1.0,4.0,2163073,2.0,2,1,2,5.0,,0.0,0,1941.0,A01,138Â 289Â 192,1.0,8.0,-1.0,1651548,3.0,7,,0.0,2.0,2.0,A01,138Â 289Â 192,1.0
967720,201900009251,7,4,18:35,1,2,1,1.0,3.0,29232,LOCMARIA ALLEE DE,M,"47,9927100"," -4,1069500",29,2019,50.0,1.0,1.0,4.0,2163073,2.0,2,1,2,5.0,,0.0,0,1941.0,A01,138Â 289Â 192,1.0,8.0,-1.0,1651549,3.0,33,,0.0,2.0,1.0,B01,138Â 289Â 193,1.0
967720,201900009251,7,4,18:35,1,2,1,1.0,3.0,29232,LOCMARIA ALLEE DE,M,"47,9927100"," -4,1069500",29,2019,50.0,1.0,1.0,4.0,2163074,1.0,1,1,1,5.0,,-1.0,0,1934.0,A01,138Â 289Â 192,1.0,8.0,-1.0,1651548,3.0,7,,0.0,2.0,2.0,A01,138Â 289Â 192,1.0
967720,201900009251,7,4,18:35,1,2,1,1.0,3.0,29232,LOCMARIA ALLEE DE,M,"47,9927100"," -4,1069500",29,2019,50.0,1.0,1.0,4.0,2163074,1.0,1,1,1,5.0,,-1.0,0,1934.0,A01,138Â 289Â 192,1.0,8.0,-1.0,1651549,3.0,33,,0.0,2.0,1.0,B01,138Â 289Â 193,1.0
967720,201900009251,7,4,18:35,1,2,1,1.0,3.0,29232,LOCMARIA ALLEE DE,M,"47,9927100"," -4,1069500",29,2019,50.0,1.0,1.0,4.0,2163075,1.0,1,3,1,0.0,,-1.0,0,1998.0,B01,138Â 289Â 193,2.0,6.0,-1.0,1651548,3.0,7,,0.0,2.0,2.0,A01,138Â 289Â 192,1.0
967720,201900009251,7,4,18:35,1,2,1,1.0,3.0,29232,LOCMARIA ALLEE DE,M,"47,9927100"," -4,1069500",29,2019,50.0,1.0,1.0,4.0,2163075,1.0,1,3,1,0.0,,-1.0,0,1998.0,B01,138Â 289Â 193,2.0,6.0,-1.0,1651549,3.0,33,,0.0,2.0,1.0,B01,138Â 289Â 193,1.0
967721,201900009252,7,4,19:00,1,2,1,1.0,2.0,29019,EUROPE (DE 13 A 15),M,"48,4129700"," -4,5014900",29,2019,50.0,1.0,1.0,4.0,2163076,2.0,2,4,1,0.0,,-1.0,0,1975.0,A01,138Â 289Â 191,1.0,0.0,-1.0,1651550,0.0,7,,0.0,2.0,4.0,B01,138Â 289Â 190,0.0
967721,201900009252,7,4,19:00,1,2,1,1.0,2.0,29019,EUROPE (DE 13 A 15),M,"48,4129700"," -4,5014900",29,2019,50.0,1.0,1.0,4.0,2163076,2.0,2,4,1,0.0,,-1.0,0,1975.0,A01,138Â 289Â 191,1.0,0.0,-1.0,1651551,0.0,7,,1.0,0.0,1.0,A01,138Â 289Â 191,0.0
967721,201900009252,7,4,19:00,1,2,1,1.0,2.0,29019,EUROPE (DE 13 A 15),M,"48,4129700"," -4,5014900",29,2019,50.0,1.0,1.0,4.0,2163077,1.0,1,1,1,0.0,,-1.0,0,1967.0,A01,138Â 289Â 191,1.0,0.0,-1.0,1651550,0.0,7,,0.0,2.0,4.0,B01,138Â 289Â 190,0.0
967721,201900009252,7,4,19:00,1,2,1,1.0,2.0,29019,EUROPE (DE 13 A 15),M,"48,4129700"," -4,5014900",29,2019,50.0,1.0,1.0,4.0,2163077,1.0,1,1,1,0.0,,-1.0,0,1967.0,A01,138Â 289Â 191,1.0,0.0,-1.0,1651551,0.0,7,,1.0,0.0,1.0,A01,138Â 289Â 191,0.0
967722,201900009253,7,3,16:20,1,2,1,9.0,7.0,29019,MELOU GEORGES (DE 1 A 63 ET 2 A 56),M,"48,3975900"," -4,4629900",29,2019,50.0,1.0,1.0,4.0,2163078,1.0,1,2,2,9.0,,-1.0,0,1934.0,A01,138Â 289Â 189,1.0,0.0,-1.0,1651552,3.0,7,,1.0,0.0,1.0,A01,138Â 289Â 189,1.0
967723,201900009254,6,25,17:50,1,1,1,7.0,5.0,28209,RN 1154,M,"48,4969000","1,4688900",28,2019,80.0,1.0,1.0,2.0,2163079,1.0,1,4,1,0.0,,-1.0, -1,1958.0,D01,138Â 289Â 185,1.0,8.0,-1.0,1651553,3.0,7,,0.0,2.0,1.0,D01,138Â 289Â 185,1.0
967723,201900009254,6,25,17:50,1,1,1,7.0,5.0,28209,RN 1154,M,"48,4969000","1,4688900",28,2019,80.0,1.0,1.0,2.0,2163079,1.0,1,4,1,0.0,,-1.0, -1,1958.0,D01,138Â 289Â 185,1.0,8.0,-1.0,1651554,3.0,17,,0.0,2.0,3.0,C01,138Â 289Â 186,1.0