Unnamed: 0_x,num_acc,mois,jour,hrmn,lum,agg,int,atm,col,com,adr,gps,lat,long,dep,annee,vma,situ,surf,catr,Unnamed: 0_y,place,catu,grav,sexe,trajet,secu,locp,actp,an_nais,num_veh_x,id_vehicule_x,secu1,secu2,secu3,Unnamed: 0,senc,catv,occutc,obs,obsm,choc,num_veh_y,id_vehicule_y,motor
967723,201900009254,6,25,17:50,1,1,1,7.0,5.0,28209,RN 1154,M,"48,4969000","1,4688900",28,2019,80.0,1.0,1.0,2.0,2163079,1.0,1,4,1,0.0,,-1.0, -1,1958.0,D01,138Â 289Â 185,1.0,8.0,-1.0,1651555,3.0,17,,0.0,2.0,2.0,B01,138Â 289Â 187,1.0
967723,201900009254,6,25,17:50,1,1,1,7.0,5.0,28209,RN 1154,M,"48,4969000","1,4688900",28,2019,80.0,1.0,1.0,2.0,2163079,1.0,1,4,1,0.0,,-1.0, -1,1958.0,D01,138Â 289Â 185,1.0,8.0,-1.0,1651556,3.0,7,,0.0,2.0,3.0,A01,138Â 289Â 188,1.0
967723,201900009254,6,25,17:50,1,1,1,7.0,5.0,28209,RN 1154,M,"48,4969000","1,4688900",28,2019,80.0,1.0,1.0,2.0,2163080,1.0,1,4,1,0.0,,-1.0, -1,1966.0,C01,138Â 289Â 186,1.0,8.0,-1.0,1651553,3.0,7,,0.0,2.0,1.0,D01,138Â 289Â 185,1.0
967723,201900009254,6,25,17:50,1,1,1,7.0,5.0,28209,RN 1154,M,"48,4969000","1,4688900",28,2019,80.0,1.0,1.0,2.0,2163080,1.0,1,4,1,0.0,,-1.0, -1,1966.0,C01,138Â 289Â 186,1.0,8.0,-1.0,1651554,3.0,17,,0.0,2.0,3.0,C01,138Â 289Â 186,1.0
967723,201900009254,6,25,17:50,1,1,1,7.0,5.0,28209,RN 1154,M,"48,4969000","1,4688900",28,2019,80.0,1.0,1.0,2.0,2163080,1.0,1,4,1,0.0,,-1.0, -1,1966.0,C01,138Â 289Â 186,1.0,8.0,-1.0,1651555,3.0,17,,0.0,2.0,2.0,B01,138Â 289Â 187,1.0
967723,201900009254,6,25,17:50,1,1,1,7.0,5.0,28209,RN 1154,M,"48,4969000","1,4688900",28,2019,80.0,1.0,1.0,2.0,2163080,1.0,1,4,1,0.0,,-1.0, -1,1966.0,C01,138Â 289Â 186,1.0,8.0,-1.0,1651556,3.0,7,,0.0,2.0,3.0,A01,138Â 289Â 188,1.0
967723,201900009254,6,25,17:50,1,1,1,7.0,5.0,28209,RN 1154,M,"48,4969000","1,4688900",28,2019,80.0,1.0,1.0,2.0,2163081,1.0,1,4,1,0.0,,-1.0, -1,1995.0,B01,138Â 289Â 187,1.0,8.0,-1.0,1651553,3.0,7,,0.0,2.0,1.0,D01,138Â 289Â 185,1.0
967723,201900009254,6,25,17:50,1,1,1,7.0,5.0,28209,RN 1154,M,"48,4969000","1,4688900",28,2019,80.0,1.0,1.0,2.0,2163081,1.0,1,4,1,0.0,,-1.0, -1,1995.0,B01,138Â 289Â 187,1.0,8.0,-1.0,1651554,3.0,17,,0.0,2.0,3.0,C01,138Â 289Â 186,1.0
967723,201900009254,6,25,17:50,1,1,1,7.0,5.0,28209,RN 1154,M,"48,4969000","1,4688900",28,2019,80.0,1.0,1.0,2.0,2163081,1.0,1,4,1,0.0,,-1.0, -1,1995.0,B01,138Â 289Â 187,1.0,8.0,-1.0,1651555,3.0,17,,0.0,2.0,2.0,B01,138Â 289Â 187,1.0
967723,201900009254,6,25,17:50,1,1,1,7.0,5.0,28209,RN 1154,M,"48,4969000","1,4688900",28,2019,80.0,1.0,1.0,2.0,2163081,1.0,1,4,1,0.0,,-1.0, -1,1995.0,B01,138Â 289Â 187,1.0,8.0,-1.0,1651556,3.0,7,,0.0,2.0,3.0,A01,138Â 289Â 188,1.0
967723,201900009254,6,25,17:50,1,1,1,7.0,5.0,28209,RN 1154,M,"48,4969000","1,4688900",28,2019,80.0,1.0,1.0,2.0,2163082,1.0,1,2,1,0.0,,-1.0, -1,1982.0,A01,138Â 289Â 188,1.0,8.0,-1.0,1651553,3.0,7,,0.0,2.0,1.0,D01,138Â 289Â 185,1.0
967723,201900009254,6,25,17:50,1,1,1,7.0,5.0,28209,RN 1154,M,"48,4969000","1,4688900",28,2019,80.0,1.0,1.0,2.0,2163082,1.0,1,2,1,0.0,,-1.0, -1,1982.0,A01,138Â 289Â 188,1.0,8.0,-1.0,1651554,3.0,17,,0.0,2.0,3.0,C01,138Â 289Â 186,1.0
967723,201900009254,6,25,17:50,1,1,1,7.0,5.0,28209,RN 1154,M,"48,4969000","1,4688900",28,2019,80.0,1.0,1.0,2.0,2163082,1.0,1,2,1,0.0,,-1.0, -1,1982.0,A01,138Â 289Â 188,1.0,8.0,-1.0,1651555,3.0,17,,0.0,2.0,2.0,B01,138Â 289Â 187,1.0
967723,201900009254,6,25,17:50,1,1,1,7.0,5.0,28209,RN 1154,M,"48,4969000","1,4688900",28,2019,80.0,1.0,1.0,2.0,2163082,1.0,1,2,1,0.0,,-1.0, -1,1982.0,A01,138Â 289Â 188,1.0,8.0,-1.0,1651556,3.0,7,,0.0,2.0,3.0,A01,138Â 289Â 188,1.0
967724,201900009255,7,5,22:40,5,2,1,1.0,2.0,25462,GRANGES DES,M,"46,8965000","6,3437000",25,2019,30.0,1.0,1.0,3.0,2163083,2.0,2,1,2,5.0,,-1.0,0,2001.0,B01,138Â 289Â 179,1.0,8.0,-1.0,1651557,1.0,7,,0.0,0.0,4.0,B01,138Â 289Â 179,1.0
967724,201900009255,7,5,22:40,5,2,1,1.0,2.0,25462,GRANGES DES,M,"46,8965000","6,3437000",25,2019,30.0,1.0,1.0,3.0,2163083,2.0,2,1,2,5.0,,-1.0,0,2001.0,B01,138Â 289Â 179,1.0,8.0,-1.0,1651558,1.0,7,,0.0,2.0,1.0,A01,138Â 289Â 180,1.0
967724,201900009255,7,5,22:40,5,2,1,1.0,2.0,25462,GRANGES DES,M,"46,8965000","6,3437000",25,2019,30.0,1.0,1.0,3.0,2163084,9.0,2,4,2,5.0,,0.0,0,2001.0,B01,138Â 289Â 179,1.0,0.0,-1.0,1651557,1.0,7,,0.0,0.0,4.0,B01,138Â 289Â 179,1.0
967724,201900009255,7,5,22:40,5,2,1,1.0,2.0,25462,GRANGES DES,M,"46,8965000","6,3437000",25,2019,30.0,1.0,1.0,3.0,2163084,9.0,2,4,2,5.0,,0.0,0,2001.0,B01,138Â 289Â 179,1.0,0.0,-1.0,1651558,1.0,7,,0.0,2.0,1.0,A01,138Â 289Â 180,1.0
967724,201900009255,7,5,22:40,5,2,1,1.0,2.0,25462,GRANGES DES,M,"46,8965000","6,3437000",25,2019,30.0,1.0,1.0,3.0,2163085,5.0,2,4,2,5.0,,-1.0,0,2001.0,B01,138Â 289Â 179,1.0,0.0,-1.0,1651557,1.0,7,,0.0,0.0,4.0,B01,138Â 289Â 179,1.0
967724,201900009255,7,5,22:40,5,2,1,1.0,2.0,25462,GRANGES DES,M,"46,8965000","6,3437000",25,2019,30.0,1.0,1.0,3.0,2163085,5.0,2,4,2,5.0,,-1.0,0,2001.0,B01,138Â 289Â 179,1.0,0.0,-1.0,1651558,1.0,7,,0.0,2.0,1.0,A01,138Â 289Â 180,1.0
967724,201900009255,7,5,22:40,5,2,1,1.0,2.0,25462,GRANGES DES,M,"46,8965000","6,3437000",25,2019,30.0,1.0,1.0,3.0,2163086,7.0,2,1,1,5.0,,-1.0,0,2001.0,B01,138Â 289Â 179,1.0,0.0,-1.0,1651557,1.0,7,,0.0,0.0,4.0,B01,138Â 289Â 179,1.0
967724,201900009255,7,5,22:40,5,2,1,1.0,2.0,25462,GRANGES DES,M,"46,8965000","6,3437000",25,2019,30.0,1.0,1.0,3.0,2163086,7.0,2,1,1,5.0,,-1.0,0,2001.0,B01,138Â 289Â 179,1.0,0.0,-1.0,1651558,1.0,7,,0.0,2.0,1.0,A01,138Â 289Â 180,1.0
967724,201900009255,7,5,22:40,5,2,1,1.0,2.0,25462,GRANGES DES,M,"46,8965000","6,3437000",25,2019,30.0,1.0,1.0,3.0,2163087,3.0,2,4,1,5.0,,-1.0,0,2001.0,B01,138Â 289Â 179,1.0,0.0,-1.0,1651557,1.0,7,,0.0,0.0,4.0,B01,138Â 289Â 179,1.0
967724,201900009255,7,5,22:40,5,2,1,1.0,2.0,25462,GRANGES DES,M,"46,8965000","6,3437000",25,2019,30.0,1.0,1.0,3.0,2163087,3.0,2,4,1,5.0,,-1.0,0,2001.0,B01,138Â 289Â 179,1.0,0.0,-1.0,1651558,1.0,7,,0.0,2.0,1.0,A01,138Â 289Â 180,1.0
967724,201900009255,7,5,22:40,5,2,1,1.0,2.0,25462,GRANGES DES,M,"46,8965000","6,3437000",25,2019,30.0,1.0,1.0,3.0,2163088,1.0,1,1,2,5.0,,-1.0,0,1968.0,B01,138Â 289Â 179,1.0,8.0,-1.0,1651557,1.0,7,,0.0,0.0,4.0,B01,138Â 289Â 179,1.0
967724,201900009255,7,5,22:40,5,2,1,1.0,2.0,25462,GRANGES DES,M,"46,8965000","6,3437000",25,2019,30.0,1.0,1.0,3.0,2163088,1.0,1,1,2,5.0,,-1.0,0,1968.0,B01,138Â 289Â 179,1.0,8.0,-1.0,1651558,1.0,7,,0.0,2.0,1.0,A01,138Â 289Â 180,1.0
967724,201900009255,7,5,22:40,5,2,1,1.0,2.0,25462,GRANGES DES,M,"46,8965000","6,3437000",25,2019,30.0,1.0,1.0,3.0,2163089,1.0,1,1,1,5.0,,-1.0,0,1997.0,A01,138Â 289Â 180,1.0,8.0,-1.0,1651557,1.0,7,,0.0,0.0,4.0,B01,138Â 289Â 179,1.0
967724,201900009255,7,5,22:40,5,2,1,1.0,2.0,25462,GRANGES DES,M,"46,8965000","6,3437000",25,2019,30.0,1.0,1.0,3.0,2163089,1.0,1,1,1,5.0,,-1.0,0,1997.0,A01,138Â 289Â 180,1.0,8.0,-1.0,1651558,1.0,7,,0.0,2.0,1.0,A01,138Â 289Â 180,1.0
967725,201900009256,7,5,01:31,5,2,1,1.0,6.0,25056,RN 273 - PR 0+50 - CHURCHILL BD WINSTON,M,"47,2538000","6,0161000",25,2019,50.0,1.0,1.0,2.0,2163090,1.0,1,4,1,0.0,,0.0,0,1953.0,A01,138Â 289Â 178,8.0,-1.0,-1.0,1651559,1.0,7,,6.0,0.0,1.0,A01,138Â 289Â 178,1.0
967726,201900009257,7,3,12:08,1,2,1,7.0,7.0,19272,Charles de Gaulle (Av),M,"45,2672600","1,7713300",19,2019,50.0,1.0,1.0,4.0,2163091,1.0,1,1,2,0.0,,0.0,0,1984.0,A01,138Â 289Â 177,1.0,8.0,-1.0,1651560,2.0,7,,0.0,0.0,8.0,A01,138Â 289Â 177,1.0
967726,201900009257,7,3,12:08,1,2,1,7.0,7.0,19272,Charles de Gaulle (Av),M,"45,2672600","1,7713300",19,2019,50.0,1.0,1.0,4.0,2163092,10.0,3,3,1,5.0,,2.0,3,1986.0,A01,138Â 289Â 177,8.0,0.0,-1.0,1651560,2.0,7,,0.0,0.0,8.0,A01,138Â 289Â 177,1.0
967727,201900009258,7,4,23:45,5,2,1,1.0,2.0,19031,LATREILLE (RUE),M,"45,1591184","1,5022871",19,2019,50.0,1.0,1.0,4.0,2163093,10.0,3,3,1,0.0,,0.0,9,2000.0,A01,138Â 289Â 175,8.0,0.0,-1.0,1651561,1.0,7,,1.0,0.0,2.0,A01,138Â 289Â 175,1.0
967727,201900009258,7,4,23:45,5,2,1,1.0,2.0,19031,LATREILLE (RUE),M,"45,1591184","1,5022871",19,2019,50.0,1.0,1.0,4.0,2163093,10.0,3,3,1,0.0,,0.0,9,2000.0,A01,138Â 289Â 175,8.0,0.0,-1.0,1651562,1.0,7,,0.0,2.0,4.0,B01,138Â 289Â 176,1.0
967727,201900009258,7,4,23:45,5,2,1,1.0,2.0,19031,LATREILLE (RUE),M,"45,1591184","1,5022871",19,2019,50.0,1.0,1.0,4.0,2163094,1.0,1,1,1,5.0,,-1.0, -1,1997.0,A01,138Â 289Â 175,1.0,0.0,-1.0,1651561,1.0,7,,1.0,0.0,2.0,A01,138Â 289Â 175,1.0
967727,201900009258,7,4,23:45,5,2,1,1.0,2.0,19031,LATREILLE (RUE),M,"45,1591184","1,5022871",19,2019,50.0,1.0,1.0,4.0,2163094,1.0,1,1,1,5.0,,-1.0, -1,1997.0,A01,138Â 289Â 175,1.0,0.0,-1.0,1651562,1.0,7,,0.0,2.0,4.0,B01,138Â 289Â 176,1.0
967727,201900009258,7,4,23:45,5,2,1,1.0,2.0,19031,LATREILLE (RUE),M,"45,1591184","1,5022871",19,2019,50.0,1.0,1.0,4.0,2163095,1.0,1,4,1,5.0,,-1.0, -1,1976.0,B01,138Â 289Â 176,1.0,0.0,-1.0,1651561,1.0,7,,1.0,0.0,2.0,A01,138Â 289Â 175,1.0
967727,201900009258,7,4,23:45,5,2,1,1.0,2.0,19031,LATREILLE (RUE),M,"45,1591184","1,5022871",19,2019,50.0,1.0,1.0,4.0,2163095,1.0,1,4,1,5.0,,-1.0, -1,1976.0,B01,138Â 289Â 176,1.0,0.0,-1.0,1651562,1.0,7,,0.0,2.0,4.0,B01,138Â 289Â 176,1.0
967728,201900009259,7,4,08:40,1,2,2,1.0,6.0,19031,POMPIDOU (AVENUE GEORGES),M,"45,1575800","1,5403900",19,2019,50.0,1.0,1.0,4.0,2163096,10.0,3,4,2,1.0,,2.0,3,1958.0,A01,138Â 289Â 174,8.0,0.0,-1.0,1651563,1.0,7,,0.0,1.0,3.0,A01,138Â 289Â 174,1.0
967728,201900009259,7,4,08:40,1,2,2,1.0,6.0,19031,POMPIDOU (AVENUE GEORGES),M,"45,1575800","1,5403900",19,2019,50.0,1.0,1.0,4.0,2163097,1.0,1,1,1,9.0,,0.0,0,1956.0,A01,138Â 289Â 174,1.0,0.0,-1.0,1651563,1.0,7,,0.0,1.0,3.0,A01,138Â 289Â 174,1.0
967729,201900009260,7,5,01:12,5,2,1,1.0,6.0,18279,PASTEUR ( RUE ),M,"47,2189400","2,0902800",18,2019,50.0,1.0,1.0,4.0,2163098,1.0,1,3,1,0.0,,-1.0, -1,1980.0,A01,138Â 289Â 173,8.0,0.0,-1.0,1651564,1.0,7,,1.0,0.0,9.0,A01,138Â 289Â 173,1.0
967730,201900009261,7,5,12:40,1,2,6,1.0,1.0,17380,REPUBLIQUE (AVENUE DE LA),M,"45,6444100"," -1,0912900",17,2019,50.0,1.0,1.0,4.0,2163099,1.0,1,1,1,-1.0,,-1.0, -1,1945.0,B01,138Â 289Â 169,1.0,-1.0,-1.0,1651565,3.0,7,,0.0,2.0,3.0,B01,138Â 289Â 169,0.0
967730,201900009261,7,5,12:40,1,2,6,1.0,1.0,17380,REPUBLIQUE (AVENUE DE LA),M,"45,6444100"," -1,0912900",17,2019,50.0,1.0,1.0,4.0,2163099,1.0,1,1,1,-1.0,,-1.0, -1,1945.0,B01,138Â 289Â 169,1.0,-1.0,-1.0,1651566,3.0,7,,0.0,2.0,3.0,A01,138Â 289Â 170,0.0
967730,201900009261,7,5,12:40,1,2,6,1.0,1.0,17380,REPUBLIQUE (AVENUE DE LA),M,"45,6444100"," -1,0912900",17,2019,50.0,1.0,1.0,4.0,2163100,1.0,1,4,1,5.0,,0.0,0,2000.0,A01,138Â 289Â 170,1.0,0.0,-1.0,1651565,3.0,7,,0.0,2.0,3.0,B01,138Â 289Â 169,0.0
967730,201900009261,7,5,12:40,1,2,6,1.0,1.0,17380,REPUBLIQUE (AVENUE DE LA),M,"45,6444100"," -1,0912900",17,2019,50.0,1.0,1.0,4.0,2163100,1.0,1,4,1,5.0,,0.0,0,2000.0,A01,138Â 289Â 170,1.0,0.0,-1.0,1651566,3.0,7,,0.0,2.0,3.0,A01,138Â 289Â 170,0.0
967731,201900009262,7,6,11:35,1,2,1,1.0,6.0,17200,AV DU RECTEUR P.MOISY,M,"46,1734700"," -1,1681300",17,2019,50.0,1.0,1.0,4.0,2163101,1.0,1,1,2,3.0,,0.0,0,1987.0,A01,138Â 289Â 168,1.0,0.0,-1.0,1651567,3.0,7,,0.0,1.0,2.0,A01,138Â 289Â 168,1.0
967731,201900009262,7,6,11:35,1,2,1,1.0,6.0,17200,AV DU RECTEUR P.MOISY,M,"46,1734700"," -1,1681300",17,2019,50.0,1.0,1.0,4.0,2163102,10.0,3,3,1,3.0,,1.0,3,1954.0,A01,138Â 289Â 168,8.0,0.0,-1.0,1651567,3.0,7,,0.0,1.0,2.0,A01,138Â 289Â 168,1.0
967732,201900009263,7,6,07:40,1,2,1,1.0,3.0,17300,LAVENUE   RUE RAYMOND,M,"46,1730300"," -1,2199700",17,2019,50.0,1.0,1.0,4.0,2163103,1.0,1,4,1,0.0,,0.0,0,1966.0,B01,138Â 289Â 166,2.0,0.0,-1.0,1651568,0.0,1,,0.0,2.0,8.0,B01,138Â 289Â 166,5.0
967732,201900009263,7,6,07:40,1,2,1,1.0,3.0,17300,LAVENUE   RUE RAYMOND,M,"46,1730300"," -1,2199700",17,2019,50.0,1.0,1.0,4.0,2163103,1.0,1,4,1,0.0,,0.0,0,1966.0,B01,138Â 289Â 166,2.0,0.0,-1.0,1651569,0.0,7,,0.0,2.0,0.0,A01,138Â 289Â 167,1.0
967732,201900009263,7,6,07:40,1,2,1,1.0,3.0,17300,LAVENUE   RUE RAYMOND,M,"46,1730300"," -1,2199700",17,2019,50.0,1.0,1.0,4.0,2163104,1.0,1,1,2,1.0,,0.0,0,1995.0,A01,138Â 289Â 167,1.0,0.0,-1.0,1651568,0.0,1,,0.0,2.0,8.0,B01,138Â 289Â 166,5.0
967732,201900009263,7,6,07:40,1,2,1,1.0,3.0,17300,LAVENUE   RUE RAYMOND,M,"46,1730300"," -1,2199700",17,2019,50.0,1.0,1.0,4.0,2163104,1.0,1,1,2,1.0,,0.0,0,1995.0,A01,138Â 289Â 167,1.0,0.0,-1.0,1651569,0.0,7,,0.0,2.0,0.0,A01,138Â 289Â 167,1.0
967733,201900009264,7,6,07:00,1,2,2,1.0,3.0,17300,REMPART  CHEMIN DU,M,"46,1584000"," -1,1576500",17,2019,50.0,1.0,1.0,4.0,2163105,1.0,1,4,1,5.0,,0.0,0,1987.0,A01,138Â 289Â 164,1.0,8.0,-1.0,1651570,1.0,7,,0.0,2.0,2.0,A01,138Â 289Â 164,1.0
967733,201900009264,7,6,07:00,1,2,2,1.0,3.0,17300,REMPART  CHEMIN DU,M,"46,1584000"," -1,1576500",17,2019,50.0,1.0,1.0,4.0,2163105,1.0,1,4,1,5.0,,0.0,0,1987.0,A01,138Â 289Â 164,1.0,8.0,-1.0,1651571,1.0,10,,0.0,2.0,3.0,B01,138Â 289Â 165,1.0
967733,201900009264,7,6,07:00,1,2,2,1.0,3.0,17300,REMPART  CHEMIN DU,M,"46,1584000"," -1,1576500",17,2019,50.0,1.0,1.0,4.0,2163106,1.0,1,1,2,1.0,,0.0,0,1978.0,B01,138Â 289Â 165,1.0,8.0,-1.0,1651570,1.0,7,,0.0,2.0,2.0,A01,138Â 289Â 164,1.0
967733,201900009264,7,6,07:00,1,2,2,1.0,3.0,17300,REMPART  CHEMIN DU,M,"46,1584000"," -1,1576500",17,2019,50.0,1.0,1.0,4.0,2163106,1.0,1,1,2,1.0,,0.0,0,1978.0,B01,138Â 289Â 165,1.0,8.0,-1.0,1651571,1.0,10,,0.0,2.0,3.0,B01,138Â 289Â 165,1.0
967734,201900009265,7,5,11:00,1,2,1,1.0,2.0,17200,RN237 PK2+500,M,"46,1805910"," -1,1484800",17,2019,90.0,1.0,1.0,2.0,2163107,1.0,1,4,1,5.0,,0.0,0,2001.0,A01,138Â 289Â 162,2.0,6.0,-1.0,1651572,2.0,31,,0.0,2.0,1.0,A01,138Â 289Â 162,1.0
967734,201900009265,7,5,11:00,1,2,1,1.0,2.0,17200,RN237 PK2+500,M,"46,1805910"," -1,1484800",17,2019,90.0,1.0,1.0,2.0,2163107,1.0,1,4,1,5.0,,0.0,0,2001.0,A01,138Â 289Â 162,2.0,6.0,-1.0,1651573,2.0,7,,0.0,2.0,5.0,B01,138Â 289Â 163,1.0
967734,201900009265,7,5,11:00,1,2,1,1.0,2.0,17200,RN237 PK2+500,M,"46,1805910"," -1,1484800",17,2019,90.0,1.0,1.0,2.0,2163108,1.0,1,1,2,5.0,,0.0,0,1953.0,B01,138Â 289Â 163,1.0,8.0,-1.0,1651572,2.0,31,,0.0,2.0,1.0,A01,138Â 289Â 162,1.0
967734,201900009265,7,5,11:00,1,2,1,1.0,2.0,17200,RN237 PK2+500,M,"46,1805910"," -1,1484800",17,2019,90.0,1.0,1.0,2.0,2163108,1.0,1,1,2,5.0,,0.0,0,1953.0,B01,138Â 289Â 163,1.0,8.0,-1.0,1651573,2.0,7,,0.0,2.0,5.0,B01,138Â 289Â 163,1.0
967735,201900009266,7,4,17:00,1,2,2,1.0,3.0,17200,HUIT MAI 1945   AVENUE DU,M,"46,1861600"," -1,1509900",17,2019,50.0,1.0,1.0,3.0,2163109,1.0,1,1,1,5.0,,0.0,0,1958.0,B01,138Â 289Â 160,1.0,0.0,-1.0,1651574,1.0,7,,0.0,2.0,1.0,B01,138Â 289Â 160,1.0
967735,201900009266,7,4,17:00,1,2,2,1.0,3.0,17200,HUIT MAI 1945   AVENUE DU,M,"46,1861600"," -1,1509900",17,2019,50.0,1.0,1.0,3.0,2163109,1.0,1,1,1,5.0,,0.0,0,1958.0,B01,138Â 289Â 160,1.0,0.0,-1.0,1651575,1.0,7,,0.0,2.0,1.0,A01,138Â 289Â 161,1.0
967735,201900009266,7,4,17:00,1,2,2,1.0,3.0,17200,HUIT MAI 1945   AVENUE DU,M,"46,1861600"," -1,1509900",17,2019,50.0,1.0,1.0,3.0,2163110,1.0,1,1,2,9.0,,0.0,0,2001.0,A01,138Â 289Â 161,1.0,0.0,-1.0,1651574,1.0,7,,0.0,2.0,1.0,B01,138Â 289Â 160,1.0
967735,201900009266,7,4,17:00,1,2,2,1.0,3.0,17200,HUIT MAI 1945   AVENUE DU,M,"46,1861600"," -1,1509900",17,2019,50.0,1.0,1.0,3.0,2163110,1.0,1,1,2,9.0,,0.0,0,2001.0,A01,138Â 289Â 161,1.0,0.0,-1.0,1651575,1.0,7,,0.0,2.0,1.0,A01,138Â 289Â 161,1.0
967735,201900009266,7,4,17:00,1,2,2,1.0,3.0,17200,HUIT MAI 1945   AVENUE DU,M,"46,1861600"," -1,1509900",17,2019,50.0,1.0,1.0,3.0,2163111,2.0,2,4,1,9.0,,0.0,0,2001.0,A01,138Â 289Â 161,1.0,0.0,-1.0,1651574,1.0,7,,0.0,2.0,1.0,B01,138Â 289Â 160,1.0
967735,201900009266,7,4,17:00,1,2,2,1.0,3.0,17200,HUIT MAI 1945   AVENUE DU,M,"46,1861600"," -1,1509900",17,2019,50.0,1.0,1.0,3.0,2163111,2.0,2,4,1,9.0,,0.0,0,2001.0,A01,138Â 289Â 161,1.0,0.0,-1.0,1651575,1.0,7,,0.0,2.0,1.0,A01,138Â 289Â 161,1.0
967736,201900009267,7,4,12:20,1,2,9,1.0,2.0,17274,LANGEVIN   AVENUE PAUL,M,"46,1619800"," -1,0934800",17,2019,50.0,1.0,1.0,3.0,2163112,1.0,1,1,1,5.0,,0.0,0,1988.0,B01,138Â 289Â 158,1.0,0.0,-1.0,1651576,1.0,7,,0.0,2.0,3.0,B01,138Â 289Â 158,1.0
967736,201900009267,7,4,12:20,1,2,9,1.0,2.0,17274,LANGEVIN   AVENUE PAUL,M,"46,1619800"," -1,0934800",17,2019,50.0,1.0,1.0,3.0,2163112,1.0,1,1,1,5.0,,0.0,0,1988.0,B01,138Â 289Â 158,1.0,0.0,-1.0,1651577,1.0,7,,0.0,2.0,5.0,A01,138Â 289Â 159,1.0
967736,201900009267,7,4,12:20,1,2,9,1.0,2.0,17274,LANGEVIN   AVENUE PAUL,M,"46,1619800"," -1,0934800",17,2019,50.0,1.0,1.0,3.0,2163113,1.0,1,4,2,5.0,,0.0,0,1973.0,A01,138Â 289Â 159,1.0,8.0,-1.0,1651576,1.0,7,,0.0,2.0,3.0,B01,138Â 289Â 158,1.0
967736,201900009267,7,4,12:20,1,2,9,1.0,2.0,17274,LANGEVIN   AVENUE PAUL,M,"46,1619800"," -1,0934800",17,2019,50.0,1.0,1.0,3.0,2163113,1.0,1,4,2,5.0,,0.0,0,1973.0,A01,138Â 289Â 159,1.0,8.0,-1.0,1651577,1.0,7,,0.0,2.0,5.0,A01,138Â 289Â 159,1.0
967737,201900009268,7,6,00:20,3,2,1,1.0,6.0,14366,EDOUARD BRANLY (RUE),M,"49,1462100","0,2629100",14,2019,50.0,1.0,1.0,4.0,2163114,2.0,2,4,2,5.0,,0.0,0,1999.0,A01,138Â 289Â 154,1.0,0.0,-1.0,1651578,2.0,7,,8.0,0.0,1.0,A01,138Â 289Â 154,1.0
967737,201900009268,7,6,00:20,3,2,1,1.0,6.0,14366,EDOUARD BRANLY (RUE),M,"49,1462100","0,2629100",14,2019,50.0,1.0,1.0,4.0,2163115,3.0,2,4,2,5.0,,0.0,0,2000.0,A01,138Â 289Â 154,1.0,0.0,-1.0,1651578,2.0,7,,8.0,0.0,1.0,A01,138Â 289Â 154,1.0
967737,201900009268,7,6,00:20,3,2,1,1.0,6.0,14366,EDOUARD BRANLY (RUE),M,"49,1462100","0,2629100",14,2019,50.0,1.0,1.0,4.0,2163116,1.0,1,1,1,5.0,,0.0,0,2000.0,A01,138Â 289Â 154,1.0,0.0,-1.0,1651578,2.0,7,,8.0,0.0,1.0,A01,138Â 289Â 154,1.0
967738,201900009269,7,5,09:35,1,2,6,1.0,6.0,14366,SAINTE THERESE (AVENUE),M,"49,1434300","0,2293600",14,2019,50.0,1.0,1.0,4.0,2163117,10.0,3,4,1,4.0,,3.0,1,1956.0,A01,138Â 289Â 153,8.0,0.0,-1.0,1651579,1.0,7,,0.0,1.0,1.0,A01,138Â 289Â 153,1.0
967738,201900009269,7,5,09:35,1,2,6,1.0,6.0,14366,SAINTE THERESE (AVENUE),M,"49,1434300","0,2293600",14,2019,50.0,1.0,1.0,4.0,2163118,1.0,1,1,1,5.0,,0.0,0,1945.0,A01,138Â 289Â 153,1.0,0.0,-1.0,1651579,1.0,7,,0.0,1.0,1.0,A01,138Â 289Â 153,1.0
967739,201900009270,7,4,16:10,1,2,1,1.0,3.0,14366,BLAISE PASCAL (RUE),M,"49,1670900","0,2178100",14,2019,50.0,1.0,1.0,4.0,2163119,1.0,1,4,1,5.0,,0.0,0,2002.0,B01,138Â 289Â 151,2.0,6.0,-1.0,1651580,1.0,2,,0.0,2.0,1.0,B01,138Â 289Â 151,1.0
967739,201900009270,7,4,16:10,1,2,1,1.0,3.0,14366,BLAISE PASCAL (RUE),M,"49,1670900","0,2178100",14,2019,50.0,1.0,1.0,4.0,2163119,1.0,1,4,1,5.0,,0.0,0,2002.0,B01,138Â 289Â 151,2.0,6.0,-1.0,1651581,1.0,7,,0.0,2.0,5.0,A01,138Â 289Â 152,1.0
967739,201900009270,7,4,16:10,1,2,1,1.0,3.0,14366,BLAISE PASCAL (RUE),M,"49,1670900","0,2178100",14,2019,50.0,1.0,1.0,4.0,2163120,1.0,1,1,1,4.0,,0.0,0,1979.0,A01,138Â 289Â 152,1.0,0.0,-1.0,1651580,1.0,2,,0.0,2.0,1.0,B01,138Â 289Â 151,1.0
967739,201900009270,7,4,16:10,1,2,1,1.0,3.0,14366,BLAISE PASCAL (RUE),M,"49,1670900","0,2178100",14,2019,50.0,1.0,1.0,4.0,2163120,1.0,1,1,1,4.0,,0.0,0,1979.0,A01,138Â 289Â 152,1.0,0.0,-1.0,1651581,1.0,7,,0.0,2.0,5.0,A01,138Â 289Â 152,1.0