Unnamed: 0_x,num_acc,mois,jour,hrmn,lum,agg,int,atm,col,com,adr,gps,lat,long,dep,annee,vma,situ,surf,catr,Unnamed: 0_y,place,catu,grav,sexe,trajet,secu,locp,actp,an_nais,num_veh_x,id_vehicule_x,secu1,secu2,secu3,Unnamed: 0,senc,catv,occutc,obs,obsm,choc,num_veh_y,id_vehicule_y,motor
967740,201900009271,7,4,17:15,1,1,1,1.0,7.0,14243,CD 579,M,"49,3753800","0,2066400",14,2019,80.0,1.0,1.0,3.0,2163121,1.0,1,4,2,1.0,,0.0,0,1967.0,A01,138Â 289Â 150,1.0,8.0,-1.0,1651582,2.0,7,,0.0,2.0,1.0,A01,138Â 289Â 150,1.0
967741,201900009272,7,5,08:45,1,2,1,1.0,2.0,14225,HASTINGS (RUE D'),M,"49,2869700","0,0987700",14,2019,30.0,1.0,1.0,4.0,2163122,1.0,1,3,1,1.0,,0.0,0,1985.0,B01,138Â 289Â 148,2.0,0.0,-1.0,1651583,1.0,2,,0.0,2.0,1.0,B01,138Â 289Â 148,1.0
967741,201900009272,7,5,08:45,1,2,1,1.0,2.0,14225,HASTINGS (RUE D'),M,"49,2869700","0,0987700",14,2019,30.0,1.0,1.0,4.0,2163122,1.0,1,3,1,1.0,,0.0,0,1985.0,B01,138Â 289Â 148,2.0,0.0,-1.0,1651584,1.0,10,,0.0,2.0,4.0,A01,138Â 289Â 149,1.0
967741,201900009272,7,5,08:45,1,2,1,1.0,2.0,14225,HASTINGS (RUE D'),M,"49,2869700","0,0987700",14,2019,30.0,1.0,1.0,4.0,2163123,1.0,1,1,1,9.0,,0.0,0,1960.0,A01,138Â 289Â 149,1.0,8.0,-1.0,1651583,1.0,2,,0.0,2.0,1.0,B01,138Â 289Â 148,1.0
967741,201900009272,7,5,08:45,1,2,1,1.0,2.0,14225,HASTINGS (RUE D'),M,"49,2869700","0,0987700",14,2019,30.0,1.0,1.0,4.0,2163123,1.0,1,1,1,9.0,,0.0,0,1960.0,A01,138Â 289Â 149,1.0,8.0,-1.0,1651584,1.0,10,,0.0,2.0,4.0,A01,138Â 289Â 149,1.0
967742,201900009273,7,4,07:40,1,2,6,1.0,3.0,14118,DEBARQUEMENT (ROND POINT DU ),M,"49,2028300"," -0,3919700",14,2019,-1.0,1.0,1.0,3.0,2163124,1.0,1,4,1,-1.0,,0.0,0,1970.0,B01,138Â 289Â 146,0.0,-1.0,-1.0,1651585,1.0,1,,0.0,0.0,7.0,B01,138Â 289Â 146,-1.0
967742,201900009273,7,4,07:40,1,2,6,1.0,3.0,14118,DEBARQUEMENT (ROND POINT DU ),M,"49,2028300"," -0,3919700",14,2019,-1.0,1.0,1.0,3.0,2163124,1.0,1,4,1,-1.0,,0.0,0,1970.0,B01,138Â 289Â 146,0.0,-1.0,-1.0,1651586,1.0,7,,0.0,2.0,1.0,A01,138Â 289Â 147,1.0
967742,201900009273,7,4,07:40,1,2,6,1.0,3.0,14118,DEBARQUEMENT (ROND POINT DU ),M,"49,2028300"," -0,3919700",14,2019,-1.0,1.0,1.0,3.0,2163125,1.0,1,1,1,-1.0,,-1.0, -1,1945.0,A01,138Â 289Â 147,1.0,-1.0,-1.0,1651585,1.0,1,,0.0,0.0,7.0,B01,138Â 289Â 146,-1.0
967742,201900009273,7,4,07:40,1,2,6,1.0,3.0,14118,DEBARQUEMENT (ROND POINT DU ),M,"49,2028300"," -0,3919700",14,2019,-1.0,1.0,1.0,3.0,2163125,1.0,1,1,1,-1.0,,-1.0, -1,1945.0,A01,138Â 289Â 147,1.0,-1.0,-1.0,1651586,1.0,7,,0.0,2.0,1.0,A01,138Â 289Â 147,1.0
967743,201900009274,7,4,08:45,1,2,1,1.0,3.0,14242,RD NÂ° 7 (DE CAEN A DOUVRES ),M,"49,2243700"," -0,3687800",14,2019,-1.0,1.0,1.0,3.0,2163126,1.0,1,1,1,0.0,,0.0,0,1957.0,A01,138Â 289Â 144,1.0,-1.0,-1.0,1651587,1.0,7,,0.0,2.0,2.0,A01,138Â 289Â 144,1.0
967743,201900009274,7,4,08:45,1,2,1,1.0,3.0,14242,RD NÂ° 7 (DE CAEN A DOUVRES ),M,"49,2243700"," -0,3687800",14,2019,-1.0,1.0,1.0,3.0,2163126,1.0,1,1,1,0.0,,0.0,0,1957.0,A01,138Â 289Â 144,1.0,-1.0,-1.0,1651588,1.0,1,,0.0,0.0,8.0,B01,138Â 289Â 145,-1.0
967743,201900009274,7,4,08:45,1,2,1,1.0,3.0,14242,RD NÂ° 7 (DE CAEN A DOUVRES ),M,"49,2243700"," -0,3687800",14,2019,-1.0,1.0,1.0,3.0,2163127,1.0,1,4,1,-1.0,,-1.0, -1,1964.0,B01,138Â 289Â 145,0.0,-1.0,-1.0,1651587,1.0,7,,0.0,2.0,2.0,A01,138Â 289Â 144,1.0
967743,201900009274,7,4,08:45,1,2,1,1.0,3.0,14242,RD NÂ° 7 (DE CAEN A DOUVRES ),M,"49,2243700"," -0,3687800",14,2019,-1.0,1.0,1.0,3.0,2163127,1.0,1,4,1,-1.0,,-1.0, -1,1964.0,B01,138Â 289Â 145,0.0,-1.0,-1.0,1651588,1.0,1,,0.0,0.0,8.0,B01,138Â 289Â 145,-1.0
967744,201900009275,7,4,08:30,1,2,1,1.0,6.0,13117,GELU  ( AVENUE VICTOR ),M,"43,4438050","5,2458850",13,2019,50.0,2.0,1.0,4.0,2163128,10.0,3,4,1,0.0,,4.0,3,1992.0,A01,138Â 289Â 143,8.0,0.0,-1.0,1651589,3.0,7,,0.0,1.0,2.0,A01,138Â 289Â 143,1.0
967744,201900009275,7,4,08:30,1,2,1,1.0,6.0,13117,GELU  ( AVENUE VICTOR ),M,"43,4438050","5,2458850",13,2019,50.0,2.0,1.0,4.0,2163129,1.0,1,1,2,1.0,,-1.0, -1,2000.0,A01,138Â 289Â 143,1.0,0.0,-1.0,1651589,3.0,7,,0.0,1.0,2.0,A01,138Â 289Â 143,1.0
967745,201900009276,7,6,13:10,1,2,1,1.0,3.0,13209,LÃON LACHAMP (ROUTE),M,"43,2488040","5,4420170",13,2019,50.0,1.0,1.0,4.0,2163130,1.0,1,1,2,5.0,,-1.0, -1,1984.0,A01,138Â 289Â 141,1.0,0.0,-1.0,1651590,3.0,7,,0.0,2.0,3.0,A01,138Â 289Â 141,1.0
967745,201900009276,7,6,13:10,1,2,1,1.0,3.0,13209,LÃON LACHAMP (ROUTE),M,"43,2488040","5,4420170",13,2019,50.0,1.0,1.0,4.0,2163130,1.0,1,1,2,5.0,,-1.0, -1,1984.0,A01,138Â 289Â 141,1.0,0.0,-1.0,1651591,3.0,33,,8.0,2.0,7.0,B01,138Â 289Â 142,1.0
967745,201900009276,7,6,13:10,1,2,1,1.0,3.0,13209,LÃON LACHAMP (ROUTE),M,"43,2488040","5,4420170",13,2019,50.0,1.0,1.0,4.0,2163131,1.0,1,4,1,5.0,,-1.0, -1,1943.0,B01,138Â 289Â 142,2.0,6.0,-1.0,1651590,3.0,7,,0.0,2.0,3.0,A01,138Â 289Â 141,1.0
967745,201900009276,7,6,13:10,1,2,1,1.0,3.0,13209,LÃON LACHAMP (ROUTE),M,"43,2488040","5,4420170",13,2019,50.0,1.0,1.0,4.0,2163131,1.0,1,4,1,5.0,,-1.0, -1,1943.0,B01,138Â 289Â 142,2.0,6.0,-1.0,1651591,3.0,33,,8.0,2.0,7.0,B01,138Â 289Â 142,1.0
967746,201900009277,7,6,04:50,5,2,6,1.0,2.0,13208,LOUIS BONNEFON (PLACE),M,"43,2540100","5,3820200",13,2019,50.0,1.0,1.0,4.0,2163132,1.0,1,3,1,1.0,,-1.0, -1,1962.0,A01,138Â 289Â 139,2.0,8.0,-1.0,1651592,1.0,33,,0.0,2.0,6.0,A01,138Â 289Â 139,1.0
967746,201900009277,7,6,04:50,5,2,6,1.0,2.0,13208,LOUIS BONNEFON (PLACE),M,"43,2540100","5,3820200",13,2019,50.0,1.0,1.0,4.0,2163132,1.0,1,3,1,1.0,,-1.0, -1,1962.0,A01,138Â 289Â 139,2.0,8.0,-1.0,1651593,1.0,7,,0.0,2.0,1.0,Z01,138Â 289Â 140,1.0
967747,201900009278,7,6,04:30,5,2,1,1.0,6.0,13208,RABATAU (BOULEVARD),M,"43,2765500","5,3977800",13,2019,50.0,1.0,1.0,4.0,2163133,10.0,3,4,1,0.0,,9.0,B,1998.0,A01,138Â 289Â 138,8.0,0.0,-1.0,1651594,0.0,7,,7.0,0.0,1.0,A01,138Â 289Â 138,1.0
967747,201900009278,7,6,04:30,5,2,1,1.0,6.0,13208,RABATAU (BOULEVARD),M,"43,2765500","5,3977800",13,2019,50.0,1.0,1.0,4.0,2163134,1.0,1,4,1,5.0,,0.0,0,1998.0,A01,138Â 289Â 138,8.0,0.0,-1.0,1651594,0.0,7,,7.0,0.0,1.0,A01,138Â 289Â 138,1.0
967748,201900009279,7,5,21:40,1,2,1,1.0,3.0,13204,ALEX. FLEMING (BOULEVARD),M,"43,3149400","5,3886600",13,2019,50.0,1.0,1.0,4.0,2163135,1.0,1,1,1,5.0,,-1.0, -1,1982.0,A01,138Â 289Â 136,1.0,8.0,-1.0,1651595,1.0,7,,0.0,2.0,7.0,A01,138Â 289Â 136,6.0
967748,201900009279,7,5,21:40,1,2,1,1.0,3.0,13204,ALEX. FLEMING (BOULEVARD),M,"43,3149400","5,3886600",13,2019,50.0,1.0,1.0,4.0,2163135,1.0,1,1,1,5.0,,-1.0, -1,1982.0,A01,138Â 289Â 136,1.0,8.0,-1.0,1651596,1.0,7,,0.0,2.0,1.0,B01,138Â 289Â 137,1.0
967748,201900009279,7,5,21:40,1,2,1,1.0,3.0,13204,ALEX. FLEMING (BOULEVARD),M,"43,3149400","5,3886600",13,2019,50.0,1.0,1.0,4.0,2163136,2.0,2,4,1,5.0,,-1.0, -1,1962.0,A01,138Â 289Â 136,1.0,8.0,-1.0,1651595,1.0,7,,0.0,2.0,7.0,A01,138Â 289Â 136,6.0
967748,201900009279,7,5,21:40,1,2,1,1.0,3.0,13204,ALEX. FLEMING (BOULEVARD),M,"43,3149400","5,3886600",13,2019,50.0,1.0,1.0,4.0,2163136,2.0,2,4,1,5.0,,-1.0, -1,1962.0,A01,138Â 289Â 136,1.0,8.0,-1.0,1651596,1.0,7,,0.0,2.0,1.0,B01,138Â 289Â 137,1.0
967748,201900009279,7,5,21:40,1,2,1,1.0,3.0,13204,ALEX. FLEMING (BOULEVARD),M,"43,3149400","5,3886600",13,2019,50.0,1.0,1.0,4.0,2163137,1.0,1,4,2,5.0,,-1.0, -1,1994.0,B01,138Â 289Â 137,1.0,8.0,-1.0,1651595,1.0,7,,0.0,2.0,7.0,A01,138Â 289Â 136,6.0
967748,201900009279,7,5,21:40,1,2,1,1.0,3.0,13204,ALEX. FLEMING (BOULEVARD),M,"43,3149400","5,3886600",13,2019,50.0,1.0,1.0,4.0,2163137,1.0,1,4,2,5.0,,-1.0, -1,1994.0,B01,138Â 289Â 137,1.0,8.0,-1.0,1651596,1.0,7,,0.0,2.0,1.0,B01,138Â 289Â 137,1.0
967749,201900009280,12,13,12:25,1,2,1,1.0,6.0,44184,ALBERT I (BOULEVARD) DU 01 AU 10,M,"47,2650000"," -2,2250000",44,2019,30.0,1.0,1.0,4.0,2163138,1.0,1,1,2,0.0,,0.0,0,1989.0,A01,138Â 289Â 135,1.0,8.0,-1.0,1651597,3.0,7,,0.0,1.0,2.0,A01,138Â 289Â 135,0.0
967749,201900009280,12,13,12:25,1,2,1,1.0,6.0,44184,ALBERT I (BOULEVARD) DU 01 AU 10,M,"47,2650000"," -2,2250000",44,2019,30.0,1.0,1.0,4.0,2163139,10.0,3,4,1,0.0,,2.0,3,2006.0,A01,138Â 289Â 135,0.0,-1.0,-1.0,1651597,3.0,7,,0.0,1.0,2.0,A01,138Â 289Â 135,0.0
967750,201900009281,11,27,17:05,2,2,1,2.0,6.0,44184,RD 492 DU RP EINSTEIN AU RP SARRELOUIS,M,"47,2659700"," -2,2559500",44,2019,30.0,1.0,2.0,3.0,2163140,1.0,1,1,2,5.0,,-1.0,0,1947.0,A01,138Â 289Â 134,1.0,0.0,-1.0,1651598,1.0,10,,0.0,1.0,1.0,A01,138Â 289Â 134,1.0
967750,201900009281,11,27,17:05,2,2,1,2.0,6.0,44184,RD 492 DU RP EINSTEIN AU RP SARRELOUIS,M,"47,2659700"," -2,2559500",44,2019,30.0,1.0,2.0,3.0,2163141,10.0,3,4,1,5.0,,3.0,3,1950.0,A01,138Â 289Â 134,0.0,-1.0,-1.0,1651598,1.0,10,,0.0,1.0,1.0,A01,138Â 289Â 134,1.0
967751,201900009282,12,2,09:29,1,1,1,1.0,4.0,44162,PERIPHERIQUE,M,"47,2004100"," -1,6188800",44,2019,70.0,1.0,1.0,2.0,2163142,1.0,1,1,1,0.0,,0.0,0,1980.0,D01,138Â 289Â 130,1.0,0.0,-1.0,1651599,1.0,10,,0.0,2.0,4.0,D01,138Â 289Â 130,1.0
967751,201900009282,12,2,09:29,1,1,1,1.0,4.0,44162,PERIPHERIQUE,M,"47,2004100"," -1,6188800",44,2019,70.0,1.0,1.0,2.0,2163142,1.0,1,1,1,0.0,,0.0,0,1980.0,D01,138Â 289Â 130,1.0,0.0,-1.0,1651600,1.0,10,,0.0,2.0,1.0,A01,138Â 289Â 131,1.0
967751,201900009282,12,2,09:29,1,1,1,1.0,4.0,44162,PERIPHERIQUE,M,"47,2004100"," -1,6188800",44,2019,70.0,1.0,1.0,2.0,2163142,1.0,1,1,1,0.0,,0.0,0,1980.0,D01,138Â 289Â 130,1.0,0.0,-1.0,1651601,1.0,10,,0.0,2.0,1.0,B01,138Â 289Â 132,1.0
967751,201900009282,12,2,09:29,1,1,1,1.0,4.0,44162,PERIPHERIQUE,M,"47,2004100"," -1,6188800",44,2019,70.0,1.0,1.0,2.0,2163142,1.0,1,1,1,0.0,,0.0,0,1980.0,D01,138Â 289Â 130,1.0,0.0,-1.0,1651602,1.0,7,,0.0,2.0,1.0,C01,138Â 289Â 133,1.0
967751,201900009282,12,2,09:29,1,1,1,1.0,4.0,44162,PERIPHERIQUE,M,"47,2004100"," -1,6188800",44,2019,70.0,1.0,1.0,2.0,2163143,1.0,1,4,1,4.0,,0.0,0,1966.0,A01,138Â 289Â 131,1.0,0.0,-1.0,1651599,1.0,10,,0.0,2.0,4.0,D01,138Â 289Â 130,1.0
967751,201900009282,12,2,09:29,1,1,1,1.0,4.0,44162,PERIPHERIQUE,M,"47,2004100"," -1,6188800",44,2019,70.0,1.0,1.0,2.0,2163143,1.0,1,4,1,4.0,,0.0,0,1966.0,A01,138Â 289Â 131,1.0,0.0,-1.0,1651600,1.0,10,,0.0,2.0,1.0,A01,138Â 289Â 131,1.0
967751,201900009282,12,2,09:29,1,1,1,1.0,4.0,44162,PERIPHERIQUE,M,"47,2004100"," -1,6188800",44,2019,70.0,1.0,1.0,2.0,2163143,1.0,1,4,1,4.0,,0.0,0,1966.0,A01,138Â 289Â 131,1.0,0.0,-1.0,1651601,1.0,10,,0.0,2.0,1.0,B01,138Â 289Â 132,1.0
967751,201900009282,12,2,09:29,1,1,1,1.0,4.0,44162,PERIPHERIQUE,M,"47,2004100"," -1,6188800",44,2019,70.0,1.0,1.0,2.0,2163143,1.0,1,4,1,4.0,,0.0,0,1966.0,A01,138Â 289Â 131,1.0,0.0,-1.0,1651602,1.0,7,,0.0,2.0,1.0,C01,138Â 289Â 133,1.0
967751,201900009282,12,2,09:29,1,1,1,1.0,4.0,44162,PERIPHERIQUE,M,"47,2004100"," -1,6188800",44,2019,70.0,1.0,1.0,2.0,2163144,1.0,1,4,1,1.0,,0.0,0,1983.0,B01,138Â 289Â 132,1.0,0.0,-1.0,1651599,1.0,10,,0.0,2.0,4.0,D01,138Â 289Â 130,1.0
967751,201900009282,12,2,09:29,1,1,1,1.0,4.0,44162,PERIPHERIQUE,M,"47,2004100"," -1,6188800",44,2019,70.0,1.0,1.0,2.0,2163144,1.0,1,4,1,1.0,,0.0,0,1983.0,B01,138Â 289Â 132,1.0,0.0,-1.0,1651600,1.0,10,,0.0,2.0,1.0,A01,138Â 289Â 131,1.0
967751,201900009282,12,2,09:29,1,1,1,1.0,4.0,44162,PERIPHERIQUE,M,"47,2004100"," -1,6188800",44,2019,70.0,1.0,1.0,2.0,2163144,1.0,1,4,1,1.0,,0.0,0,1983.0,B01,138Â 289Â 132,1.0,0.0,-1.0,1651601,1.0,10,,0.0,2.0,1.0,B01,138Â 289Â 132,1.0
967751,201900009282,12,2,09:29,1,1,1,1.0,4.0,44162,PERIPHERIQUE,M,"47,2004100"," -1,6188800",44,2019,70.0,1.0,1.0,2.0,2163144,1.0,1,4,1,1.0,,0.0,0,1983.0,B01,138Â 289Â 132,1.0,0.0,-1.0,1651602,1.0,7,,0.0,2.0,1.0,C01,138Â 289Â 133,1.0
967751,201900009282,12,2,09:29,1,1,1,1.0,4.0,44162,PERIPHERIQUE,M,"47,2004100"," -1,6188800",44,2019,70.0,1.0,1.0,2.0,2163145,2.0,2,3,2,0.0,,0.0,0,1983.0,C01,138Â 289Â 133,1.0,0.0,-1.0,1651599,1.0,10,,0.0,2.0,4.0,D01,138Â 289Â 130,1.0
967751,201900009282,12,2,09:29,1,1,1,1.0,4.0,44162,PERIPHERIQUE,M,"47,2004100"," -1,6188800",44,2019,70.0,1.0,1.0,2.0,2163145,2.0,2,3,2,0.0,,0.0,0,1983.0,C01,138Â 289Â 133,1.0,0.0,-1.0,1651600,1.0,10,,0.0,2.0,1.0,A01,138Â 289Â 131,1.0
967751,201900009282,12,2,09:29,1,1,1,1.0,4.0,44162,PERIPHERIQUE,M,"47,2004100"," -1,6188800",44,2019,70.0,1.0,1.0,2.0,2163145,2.0,2,3,2,0.0,,0.0,0,1983.0,C01,138Â 289Â 133,1.0,0.0,-1.0,1651601,1.0,10,,0.0,2.0,1.0,B01,138Â 289Â 132,1.0
967751,201900009282,12,2,09:29,1,1,1,1.0,4.0,44162,PERIPHERIQUE,M,"47,2004100"," -1,6188800",44,2019,70.0,1.0,1.0,2.0,2163145,2.0,2,3,2,0.0,,0.0,0,1983.0,C01,138Â 289Â 133,1.0,0.0,-1.0,1651602,1.0,7,,0.0,2.0,1.0,C01,138Â 289Â 133,1.0
967751,201900009282,12,2,09:29,1,1,1,1.0,4.0,44162,PERIPHERIQUE,M,"47,2004100"," -1,6188800",44,2019,70.0,1.0,1.0,2.0,2163146,1.0,1,1,2,1.0,,0.0,0,1961.0,C01,138Â 289Â 133,1.0,0.0,-1.0,1651599,1.0,10,,0.0,2.0,4.0,D01,138Â 289Â 130,1.0
967751,201900009282,12,2,09:29,1,1,1,1.0,4.0,44162,PERIPHERIQUE,M,"47,2004100"," -1,6188800",44,2019,70.0,1.0,1.0,2.0,2163146,1.0,1,1,2,1.0,,0.0,0,1961.0,C01,138Â 289Â 133,1.0,0.0,-1.0,1651600,1.0,10,,0.0,2.0,1.0,A01,138Â 289Â 131,1.0
967751,201900009282,12,2,09:29,1,1,1,1.0,4.0,44162,PERIPHERIQUE,M,"47,2004100"," -1,6188800",44,2019,70.0,1.0,1.0,2.0,2163146,1.0,1,1,2,1.0,,0.0,0,1961.0,C01,138Â 289Â 133,1.0,0.0,-1.0,1651601,1.0,10,,0.0,2.0,1.0,B01,138Â 289Â 132,1.0
967751,201900009282,12,2,09:29,1,1,1,1.0,4.0,44162,PERIPHERIQUE,M,"47,2004100"," -1,6188800",44,2019,70.0,1.0,1.0,2.0,2163146,1.0,1,1,2,1.0,,0.0,0,1961.0,C01,138Â 289Â 133,1.0,0.0,-1.0,1651602,1.0,7,,0.0,2.0,1.0,C01,138Â 289Â 133,1.0
967752,201900009283,12,16,07:05,5,2,1,2.0,3.0,37261,RN 76 - Route de St Avertin,M,"47,3653316","0,7128561",37,2019,50.0,1.0,2.0,4.0,2163147,1.0,1,1,1,1.0,,-1.0,0,1999.0,A01,138Â 289Â 128,1.0,0.0,-1.0,1651603,3.0,7,,0.0,2.0,1.0,A01,138Â 289Â 128,1.0
967752,201900009283,12,16,07:05,5,2,1,2.0,3.0,37261,RN 76 - Route de St Avertin,M,"47,3653316","0,7128561",37,2019,50.0,1.0,2.0,4.0,2163147,1.0,1,1,1,1.0,,-1.0,0,1999.0,A01,138Â 289Â 128,1.0,0.0,-1.0,1651604,3.0,7,,0.0,2.0,7.0,B01,138Â 289Â 129,1.0
967752,201900009283,12,16,07:05,5,2,1,2.0,3.0,37261,RN 76 - Route de St Avertin,M,"47,3653316","0,7128561",37,2019,50.0,1.0,2.0,4.0,2163148,1.0,1,4,1,1.0,,-1.0,0,1995.0,B01,138Â 289Â 129,1.0,0.0,-1.0,1651603,3.0,7,,0.0,2.0,1.0,A01,138Â 289Â 128,1.0
967752,201900009283,12,16,07:05,5,2,1,2.0,3.0,37261,RN 76 - Route de St Avertin,M,"47,3653316","0,7128561",37,2019,50.0,1.0,2.0,4.0,2163148,1.0,1,4,1,1.0,,-1.0,0,1995.0,B01,138Â 289Â 129,1.0,0.0,-1.0,1651604,3.0,7,,0.0,2.0,7.0,B01,138Â 289Â 129,1.0
967753,201900009284,12,2,11:50,1,2,1,1.0,6.0,37261,CHOPIN (RUE),M,"47,4124900","0,7018700",37,2019,50.0,4.0,1.0,4.0,2163149,10.0,3,4,2,2.0,,5.0,9,2013.0,A01,138Â 289Â 127,8.0,0.0,-1.0,1651605,3.0,7,,0.0,1.0,2.0,A01,138Â 289Â 127,1.0
967753,201900009284,12,2,11:50,1,2,1,1.0,6.0,37261,CHOPIN (RUE),M,"47,4124900","0,7018700",37,2019,50.0,4.0,1.0,4.0,2163150,1.0,1,1,2,5.0,,-1.0,0,1982.0,A01,138Â 289Â 127,1.0,8.0,-1.0,1651605,3.0,7,,0.0,1.0,2.0,A01,138Â 289Â 127,1.0
967754,201900009285,12,1,20:20,5,2,6,1.0,6.0,37261,MONOD (ROND-POINT JACQUES),M,"47,3946308","0,6952286",37,2019,50.0,1.0,1.0,7.0,2163151,1.0,1,4,2,9.0,,-1.0, -1,2001.0,A01,138Â 289Â 126,2.0,6.0,-1.0,1651606,1.0,30,,0.0,2.0,5.0,A01,138Â 289Â 126,1.0
967755,201900009286,12,16,19:15,5,2,3,3.0,6.0,35238,GERARD (MICHEL),M,"48,0893800"," -1,6422500",35,2019,50.0,1.0,2.0,4.0,2163152,10.0,3,4,2,5.0,,3.0,3,1999.0,A01,138Â 289Â 125,8.0,0.0,-1.0,1651607,3.0,7,,0.0,1.0,2.0,A01,138Â 289Â 125,1.0
967755,201900009286,12,16,19:15,5,2,3,3.0,6.0,35238,GERARD (MICHEL),M,"48,0893800"," -1,6422500",35,2019,50.0,1.0,2.0,4.0,2163153,1.0,1,1,2,9.0,,-1.0,0,1948.0,A01,138Â 289Â 125,1.0,0.0,-1.0,1651607,3.0,7,,0.0,1.0,2.0,A01,138Â 289Â 125,1.0
967756,201900009287,12,16,14:04,1,2,9,2.0,6.0,35238,MOINE (LOUIS ET RENE),M,"48,0920110"," -1,6819870",35,2019,30.0,1.0,2.0,4.0,2163154,10.0,3,4,1,2.0,,3.0,3,2013.0,A01,138Â 289Â 124,8.0,0.0,-1.0,1651608,0.0,7,,0.0,1.0,3.0,A01,138Â 289Â 124,1.0
967756,201900009287,12,16,14:04,1,2,9,2.0,6.0,35238,MOINE (LOUIS ET RENE),M,"48,0920110"," -1,6819870",35,2019,30.0,1.0,2.0,4.0,2163155,1.0,1,1,2,4.0,,0.0,0,1971.0,A01,138Â 289Â 124,1.0,8.0,-1.0,1651608,0.0,7,,0.0,1.0,3.0,A01,138Â 289Â 124,1.0
967757,201900009288,12,16,07:40,5,2,6,2.0,6.0,35238,POINCARE (BD RAYMOND),M,"48,1213000"," -1,6543900",35,2019,30.0,6.0,2.0,4.0,2163156,1.0,1,1,1,1.0,,-1.0,0,1968.0,A01,138Â 289Â 123,1.0,0.0,-1.0,1651609,1.0,7,,0.0,1.0,1.0,A01,138Â 289Â 123,1.0
967757,201900009288,12,16,07:40,5,2,6,2.0,6.0,35238,POINCARE (BD RAYMOND),M,"48,1213000"," -1,6543900",35,2019,30.0,6.0,2.0,4.0,2163157,10.0,3,4,2,2.0,,3.0,3,2003.0,A01,138Â 289Â 123,8.0,0.0,-1.0,1651609,1.0,7,,0.0,1.0,1.0,A01,138Â 289Â 123,1.0
967758,201900009289,12,3,17:55,5,2,3,1.0,3.0,35238,MITTERAND (MAIL FRANCOIS),M,"48,1091000"," -1,6907000",35,2019,30.0,1.0,1.0,4.0,2163158,1.0,1,1,1,2.0,,-1.0, -1,1983.0,A01,138Â 289Â 121,1.0,0.0,-1.0,1651610,1.0,7,,0.0,2.0,2.0,A01,138Â 289Â 121,1.0
967758,201900009289,12,3,17:55,5,2,3,1.0,3.0,35238,MITTERAND (MAIL FRANCOIS),M,"48,1091000"," -1,6907000",35,2019,30.0,1.0,1.0,4.0,2163158,1.0,1,1,1,2.0,,-1.0, -1,1983.0,A01,138Â 289Â 121,1.0,0.0,-1.0,1651611,1.0,30,,0.0,2.0,1.0,B01,138Â 289Â 122,1.0
967758,201900009289,12,3,17:55,5,2,3,1.0,3.0,35238,MITTERAND (MAIL FRANCOIS),M,"48,1091000"," -1,6907000",35,2019,30.0,1.0,1.0,4.0,2163159,1.0,1,4,1,1.0,,-1.0, -1,2003.0,B01,138Â 289Â 122,2.0,0.0,-1.0,1651610,1.0,7,,0.0,2.0,2.0,A01,138Â 289Â 121,1.0
967758,201900009289,12,3,17:55,5,2,3,1.0,3.0,35238,MITTERAND (MAIL FRANCOIS),M,"48,1091000"," -1,6907000",35,2019,30.0,1.0,1.0,4.0,2163159,1.0,1,4,1,1.0,,-1.0, -1,2003.0,B01,138Â 289Â 122,2.0,0.0,-1.0,1651611,1.0,30,,0.0,2.0,1.0,B01,138Â 289Â 122,1.0
967759,201900009290,12,3,08:20,2,1,1,1.0,3.0,35189,RN136,M,"48,1485600"," -1,6993700",35,2019,90.0,1.0,1.0,3.0,2163160,1.0,1,4,1,1.0,,-1.0,0,1996.0,B01,138Â 289Â 119,2.0,6.0,-1.0,1651612,2.0,33,,3.0,2.0,2.0,B01,138Â 289Â 119,1.0
967759,201900009290,12,3,08:20,2,1,1,1.0,3.0,35189,RN136,M,"48,1485600"," -1,6993700",35,2019,90.0,1.0,1.0,3.0,2163160,1.0,1,4,1,1.0,,-1.0,0,1996.0,B01,138Â 289Â 119,2.0,6.0,-1.0,1651613,2.0,7,,0.0,2.0,8.0,A01,138Â 289Â 120,1.0
967759,201900009290,12,3,08:20,2,1,1,1.0,3.0,35189,RN136,M,"48,1485600"," -1,6993700",35,2019,90.0,1.0,1.0,3.0,2163161,1.0,1,1,2,3.0,,-1.0, -1,1944.0,A01,138Â 289Â 120,1.0,0.0,-1.0,1651612,2.0,33,,3.0,2.0,2.0,B01,138Â 289Â 119,1.0
967759,201900009290,12,3,08:20,2,1,1,1.0,3.0,35189,RN136,M,"48,1485600"," -1,6993700",35,2019,90.0,1.0,1.0,3.0,2163161,1.0,1,1,2,3.0,,-1.0, -1,1944.0,A01,138Â 289Â 120,1.0,0.0,-1.0,1651613,2.0,7,,0.0,2.0,8.0,A01,138Â 289Â 120,1.0
967760,201900009291,12,3,08:10,2,2,1,8.0,6.0,35238,MOTTE BRULON (DE LA),M,"48,1267500"," -1,6698900",35,2019,50.0,-1.0,1.0,4.0,2163162,1.0,1,1,1,1.0,,-1.0, -1,2001.0,A01,138Â 289Â 118,1.0,0.0,-1.0,1651614,3.0,7,,0.0,1.0,3.0,A01,138Â 289Â 118,1.0
967760,201900009291,12,3,08:10,2,2,1,8.0,6.0,35238,MOTTE BRULON (DE LA),M,"48,1267500"," -1,6698900",35,2019,50.0,-1.0,1.0,4.0,2163163,10.0,3,4,1,2.0,,3.0,3,2003.0,A01,138Â 289Â 118,8.0,0.0,-1.0,1651614,3.0,7,,0.0,1.0,3.0,A01,138Â 289Â 118,1.0