Unnamed: 0_x,num_acc,mois,jour,hrmn,lum,agg,int,atm,col,com,adr,gps,lat,long,dep,annee,vma,situ,surf,catr,Unnamed: 0_y,place,catu,grav,sexe,trajet,secu,locp,actp,an_nais,num_veh_x,id_vehicule_x,secu1,secu2,secu3,Unnamed: 0,senc,catv,occutc,obs,obsm,choc,num_veh_y,id_vehicule_y,motor
967761,201900009292,12,2,08:45,1,2,1,1.0,2.0,35278,OUESSANT (RUE D'),M,"48,1573800"," -1,6883500",35,2019,30.0,1.0,1.0,4.0,2163164,1.0,1,1,1,0.0,,-1.0,0,2001.0,B01,138Â 289Â 116,1.0,0.0,-1.0,1651615,3.0,7,,12.0,0.0,0.0,B01,138Â 289Â 116,1.0
967761,201900009292,12,2,08:45,1,2,1,1.0,2.0,35278,OUESSANT (RUE D'),M,"48,1573800"," -1,6883500",35,2019,30.0,1.0,1.0,4.0,2163164,1.0,1,1,1,0.0,,-1.0,0,2001.0,B01,138Â 289Â 116,1.0,0.0,-1.0,1651616,3.0,30,,0.0,2.0,0.0,A01,138Â 289Â 117,1.0
967761,201900009292,12,2,08:45,1,2,1,1.0,2.0,35278,OUESSANT (RUE D'),M,"48,1573800"," -1,6883500",35,2019,30.0,1.0,1.0,4.0,2163165,2.0,1,4,1,0.0,,-1.0, -1,2002.0,A01,138Â 289Â 117,2.0,0.0,-1.0,1651615,3.0,7,,12.0,0.0,0.0,B01,138Â 289Â 116,1.0
967761,201900009292,12,2,08:45,1,2,1,1.0,2.0,35278,OUESSANT (RUE D'),M,"48,1573800"," -1,6883500",35,2019,30.0,1.0,1.0,4.0,2163165,2.0,1,4,1,0.0,,-1.0, -1,2002.0,A01,138Â 289Â 117,2.0,0.0,-1.0,1651616,3.0,30,,0.0,2.0,0.0,A01,138Â 289Â 117,1.0
967762,201900009293,11,15,19:40,5,2,1,1.0,1.0,33063,RUE AMEDEE SAINT-GERMAIN,M,"44,8176200"," -0,5642600",33,2019,50.0,1.0,1.0,4.0,2163166,1.0,1,4,2,0.0,,-1.0, -1,1942.0,B01,138Â 289Â 114,8.0,0.0,-1.0,1651617,1.0,7,,1.0,2.0,8.0,B01,138Â 289Â 114,1.0
967762,201900009293,11,15,19:40,5,2,1,1.0,1.0,33063,RUE AMEDEE SAINT-GERMAIN,M,"44,8176200"," -0,5642600",33,2019,50.0,1.0,1.0,4.0,2163166,1.0,1,4,2,0.0,,-1.0, -1,1942.0,B01,138Â 289Â 114,8.0,0.0,-1.0,1651618,2.0,37,1.0,0.0,2.0,3.0,A01,138Â 289Â 115,1.0
967762,201900009293,11,15,19:40,5,2,1,1.0,1.0,33063,RUE AMEDEE SAINT-GERMAIN,M,"44,8176200"," -0,5642600",33,2019,50.0,1.0,1.0,4.0,2163167,1.0,1,1,1,0.0,,-1.0, -1,1989.0,A01,138Â 289Â 115,8.0,0.0,-1.0,1651617,1.0,7,,1.0,2.0,8.0,B01,138Â 289Â 114,1.0
967762,201900009293,11,15,19:40,5,2,1,1.0,1.0,33063,RUE AMEDEE SAINT-GERMAIN,M,"44,8176200"," -0,5642600",33,2019,50.0,1.0,1.0,4.0,2163167,1.0,1,1,1,0.0,,-1.0, -1,1989.0,A01,138Â 289Â 115,8.0,0.0,-1.0,1651618,2.0,37,1.0,0.0,2.0,3.0,A01,138Â 289Â 115,1.0
967763,201900009294,12,15,18:50,3,2,1,1.0,3.0,31555,RUE MONTMORENCY,M,"43,6131000","1,4289000",31,2019,50.0,1.0,1.0,4.0,2163168,1.0,1,1,1,0.0,,-1.0, -1,1988.0,A01,138Â 289Â 111,1.0,8.0,-1.0,1651619,2.0,7,,0.0,2.0,1.0,A01,138Â 289Â 111,1.0
967763,201900009294,12,15,18:50,3,2,1,1.0,3.0,31555,RUE MONTMORENCY,M,"43,6131000","1,4289000",31,2019,50.0,1.0,1.0,4.0,2163168,1.0,1,1,1,0.0,,-1.0, -1,1988.0,A01,138Â 289Â 111,1.0,8.0,-1.0,1651620,2.0,1,,0.0,2.0,1.0,B01,138Â 289Â 112,5.0
967763,201900009294,12,15,18:50,3,2,1,1.0,3.0,31555,RUE MONTMORENCY,M,"43,6131000","1,4289000",31,2019,50.0,1.0,1.0,4.0,2163169,1.0,1,3,1,9.0,,-1.0, -1,1960.0,B01,138Â 289Â 112,2.0,8.0,-1.0,1651619,2.0,7,,0.0,2.0,1.0,A01,138Â 289Â 111,1.0
967763,201900009294,12,15,18:50,3,2,1,1.0,3.0,31555,RUE MONTMORENCY,M,"43,6131000","1,4289000",31,2019,50.0,1.0,1.0,4.0,2163169,1.0,1,3,1,9.0,,-1.0, -1,1960.0,B01,138Â 289Â 112,2.0,8.0,-1.0,1651620,2.0,1,,0.0,2.0,1.0,B01,138Â 289Â 112,5.0
967764,201900009295,12,13,18:55,3,2,1,3.0,6.0,31555,RUE DU FAUBOURG BONNEFOY,M,"43,6177300","1,4551700",31,2019,50.0,1.0,2.0,3.0,2163170,1.0,1,1,1,5.0,,-1.0, -1,1965.0,A01,138Â 289Â 110,1.0,7.0,-1.0,1651621,1.0,3,,0.0,1.0,1.0,A01,138Â 289Â 110,1.0
967764,201900009295,12,13,18:55,3,2,1,3.0,6.0,31555,RUE DU FAUBOURG BONNEFOY,M,"43,6177300","1,4551700",31,2019,50.0,1.0,2.0,3.0,2163171,10.0,3,4,1,5.0,,3.0,3,1943.0,A01,138Â 289Â 110,8.0,0.0,-1.0,1651621,1.0,3,,0.0,1.0,1.0,A01,138Â 289Â 110,1.0
967765,201900009296,12,13,08:05,1,2,1,3.0,2.0,31555,RUE LOUIS PLANA,M,"43,6192000","1,4695500",31,2019,50.0,1.0,2.0,4.0,2163172,1.0,1,4,2,4.0,,-1.0, -1,1963.0,A01,138Â 289Â 108,8.0,0.0,-1.0,1651622,0.0,1,,0.0,2.0,3.0,A01,138Â 289Â 108,5.0
967765,201900009296,12,13,08:05,1,2,1,3.0,2.0,31555,RUE LOUIS PLANA,M,"43,6192000","1,4695500",31,2019,50.0,1.0,2.0,4.0,2163172,1.0,1,4,2,4.0,,-1.0, -1,1963.0,A01,138Â 289Â 108,8.0,0.0,-1.0,1651623,0.0,17,,0.0,2.0,5.0,B01,138Â 289Â 109,1.0
967765,201900009296,12,13,08:05,1,2,1,3.0,2.0,31555,RUE LOUIS PLANA,M,"43,6192000","1,4695500",31,2019,50.0,1.0,2.0,4.0,2163173,1.0,1,1,1,4.0,,-1.0, -1,1969.0,B01,138Â 289Â 109,1.0,0.0,-1.0,1651622,0.0,1,,0.0,2.0,3.0,A01,138Â 289Â 108,5.0
967765,201900009296,12,13,08:05,1,2,1,3.0,2.0,31555,RUE LOUIS PLANA,M,"43,6192000","1,4695500",31,2019,50.0,1.0,2.0,4.0,2163173,1.0,1,1,1,4.0,,-1.0, -1,1969.0,B01,138Â 289Â 109,1.0,0.0,-1.0,1651623,0.0,17,,0.0,2.0,5.0,B01,138Â 289Â 109,1.0
967766,201900009297,12,13,08:00,2,2,1,3.0,6.0,31555,RUE OLYMPE DE GOUGES ,M,"43,6422300","1,4465100",31,2019,50.0,1.0,2.0,4.0,2163174,10.0,3,4,1,0.0,,3.0,3,2009.0,A01,138Â 289Â 107,0.0,0.0,-1.0,1651624,1.0,7,,0.0,1.0,1.0,A01,138Â 289Â 107,1.0
967766,201900009297,12,13,08:00,2,2,1,3.0,6.0,31555,RUE OLYMPE DE GOUGES ,M,"43,6422300","1,4465100",31,2019,50.0,1.0,2.0,4.0,2163175,1.0,1,1,2,9.0,,-1.0, -1,1989.0,A01,138Â 289Â 107,1.0,8.0,-1.0,1651624,1.0,7,,0.0,1.0,1.0,A01,138Â 289Â 107,1.0
967767,201900009298,12,2,17:30,3,2,1,1.0,3.0,31555,SAINT MICHEL (GRANDE RUE) DU 2AU 175,M,"43,5872200","1,4467700",31,2019,50.0,1.0,1.0,4.0,2163176,1.0,1,4,1,9.0,,-1.0,0,1994.0,A01,138Â 289Â 105,2.0,0.0,-1.0,1651625,0.0,31,,0.0,2.0,1.0,A01,138Â 289Â 105,1.0
967767,201900009298,12,2,17:30,3,2,1,1.0,3.0,31555,SAINT MICHEL (GRANDE RUE) DU 2AU 175,M,"43,5872200","1,4467700",31,2019,50.0,1.0,1.0,4.0,2163176,1.0,1,4,1,9.0,,-1.0,0,1994.0,A01,138Â 289Â 105,2.0,0.0,-1.0,1651626,0.0,7,,0.0,2.0,1.0,B01,138Â 289Â 106,1.0
967767,201900009298,12,2,17:30,3,2,1,1.0,3.0,31555,SAINT MICHEL (GRANDE RUE) DU 2AU 175,M,"43,5872200","1,4467700",31,2019,50.0,1.0,1.0,4.0,2163177,1.0,1,1,1,9.0,,-1.0,0,1997.0,B01,138Â 289Â 106,1.0,0.0,-1.0,1651625,0.0,31,,0.0,2.0,1.0,A01,138Â 289Â 105,1.0
967767,201900009298,12,2,17:30,3,2,1,1.0,3.0,31555,SAINT MICHEL (GRANDE RUE) DU 2AU 175,M,"43,5872200","1,4467700",31,2019,50.0,1.0,1.0,4.0,2163177,1.0,1,1,1,9.0,,-1.0,0,1997.0,B01,138Â 289Â 106,1.0,0.0,-1.0,1651626,0.0,7,,0.0,2.0,1.0,B01,138Â 289Â 106,1.0
967768,201900009299,12,2,14:49,1,2,2,1.0,3.0,31555,VERDIER (ALL FORAIN FRANCOIS) DU 3AU 29,M,"43,6003300","1,4522350",31,2019,50.0,1.0,1.0,4.0,2163178,1.0,1,4,2,5.0,,-1.0,0,1975.0,B01,138Â 289Â 103,2.0,8.0,-1.0,1651627,2.0,50,,0.0,0.0,0.0,B01,138Â 289Â 103,3.0
967768,201900009299,12,2,14:49,1,2,2,1.0,3.0,31555,VERDIER (ALL FORAIN FRANCOIS) DU 3AU 29,M,"43,6003300","1,4522350",31,2019,50.0,1.0,1.0,4.0,2163178,1.0,1,4,2,5.0,,-1.0,0,1975.0,B01,138Â 289Â 103,2.0,8.0,-1.0,1651628,2.0,10,,0.0,2.0,0.0,A01,138Â 289Â 104,1.0
967768,201900009299,12,2,14:49,1,2,2,1.0,3.0,31555,VERDIER (ALL FORAIN FRANCOIS) DU 3AU 29,M,"43,6003300","1,4522350",31,2019,50.0,1.0,1.0,4.0,2163179,1.0,1,1,1,4.0,,-1.0,0,1986.0,A01,138Â 289Â 104,1.0,8.0,-1.0,1651627,2.0,50,,0.0,0.0,0.0,B01,138Â 289Â 103,3.0
967768,201900009299,12,2,14:49,1,2,2,1.0,3.0,31555,VERDIER (ALL FORAIN FRANCOIS) DU 3AU 29,M,"43,6003300","1,4522350",31,2019,50.0,1.0,1.0,4.0,2163179,1.0,1,1,1,4.0,,-1.0,0,1986.0,A01,138Â 289Â 104,1.0,8.0,-1.0,1651628,2.0,10,,0.0,2.0,0.0,A01,138Â 289Â 104,1.0
967769,201900009300,12,1,13:00,1,1,1,1.0,3.0,31555,ECHANGEUR SESQUIERES (A62-A620),M,"43,6481700","1,4231300",31,2019,50.0,1.0,1.0,3.0,2163180,1.0,1,1,1,5.0,,-1.0,0,1994.0,A01,138Â 289Â 101,1.0,8.0,-1.0,1651629,3.0,7,,0.0,2.0,3.0,A01,138Â 289Â 101,1.0
967769,201900009300,12,1,13:00,1,1,1,1.0,3.0,31555,ECHANGEUR SESQUIERES (A62-A620),M,"43,6481700","1,4231300",31,2019,50.0,1.0,1.0,3.0,2163180,1.0,1,1,1,5.0,,-1.0,0,1994.0,A01,138Â 289Â 101,1.0,8.0,-1.0,1651630,3.0,7,,0.0,2.0,1.0,B01,138Â 289Â 102,1.0
967769,201900009300,12,1,13:00,1,1,1,1.0,3.0,31555,ECHANGEUR SESQUIERES (A62-A620),M,"43,6481700","1,4231300",31,2019,50.0,1.0,1.0,3.0,2163181,1.0,1,4,2,5.0,,-1.0,0,1977.0,B01,138Â 289Â 102,1.0,8.0,-1.0,1651629,3.0,7,,0.0,2.0,3.0,A01,138Â 289Â 101,1.0
967769,201900009300,12,1,13:00,1,1,1,1.0,3.0,31555,ECHANGEUR SESQUIERES (A62-A620),M,"43,6481700","1,4231300",31,2019,50.0,1.0,1.0,3.0,2163181,1.0,1,4,2,5.0,,-1.0,0,1977.0,B01,138Â 289Â 102,1.0,8.0,-1.0,1651630,3.0,7,,0.0,2.0,1.0,B01,138Â 289Â 102,1.0
967770,201900009301,11,29,20:05,5,2,1,1.0,3.0,31555,RTE DE REVEL,M,"43,5750200","1,4895300",31,2019,50.0,1.0,1.0,3.0,2163182,1.0,1,1,1,4.0,,-1.0, -1,1997.0,A01,138Â 289Â 099,1.0,7.0,-1.0,1651631,2.0,7,,0.0,2.0,2.0,A01,138Â 289Â 099,1.0
967770,201900009301,11,29,20:05,5,2,1,1.0,3.0,31555,RTE DE REVEL,M,"43,5750200","1,4895300",31,2019,50.0,1.0,1.0,3.0,2163182,1.0,1,1,1,4.0,,-1.0, -1,1997.0,A01,138Â 289Â 099,1.0,7.0,-1.0,1651632,1.0,31,,0.0,2.0,1.0,B01,138Â 289Â 100,1.0
967770,201900009301,11,29,20:05,5,2,1,1.0,3.0,31555,RTE DE REVEL,M,"43,5750200","1,4895300",31,2019,50.0,1.0,1.0,3.0,2163183,1.0,1,4,1,4.0,,-1.0, -1,1961.0,B01,138Â 289Â 100,2.0,8.0,-1.0,1651631,2.0,7,,0.0,2.0,2.0,A01,138Â 289Â 099,1.0
967770,201900009301,11,29,20:05,5,2,1,1.0,3.0,31555,RTE DE REVEL,M,"43,5750200","1,4895300",31,2019,50.0,1.0,1.0,3.0,2163183,1.0,1,4,1,4.0,,-1.0, -1,1961.0,B01,138Â 289Â 100,2.0,8.0,-1.0,1651632,1.0,31,,0.0,2.0,1.0,B01,138Â 289Â 100,1.0
967771,201900009302,12,2,08:00,5,2,1,1.0,6.0,29232,BLUM  LEON RUE,M,"47,9880000"," -4,0863100",29,2019,50.0,1.0,1.0,4.0,2163184,10.0,3,3,1,2.0,,4.0,3,2004.0,A01,138Â 289Â 098,0.0,-1.0,-1.0,1651633,3.0,7,,0.0,1.0,2.0,A01,138Â 289Â 098,1.0
967771,201900009302,12,2,08:00,5,2,1,1.0,6.0,29232,BLUM  LEON RUE,M,"47,9880000"," -4,0863100",29,2019,50.0,1.0,1.0,4.0,2163185,1.0,1,1,1,0.0,,-1.0,0,1971.0,A01,138Â 289Â 098,1.0,0.0,-1.0,1651633,3.0,7,,0.0,1.0,2.0,A01,138Â 289Â 098,1.0
967772,201900009303,12,1,06:40,3,1,1,1.0,6.0,29232,CNO,M,"48,0151820"," -4,1188135",29,2019,90.0,1.0,1.0,3.0,2163186,1.0,1,4,2,5.0,,-1.0,0,1997.0,A01,138Â 289Â 097,8.0,5.0,-1.0,1651634,1.0,7,,4.0,0.0,8.0,A01,138Â 289Â 097,1.0
967773,201900009304,11,13,14:30,1,2,1,1.0,6.0,28220,LIBERTE (RUE DE LA),M,"48,4271600","1,4710600",28,2019,50.0,4.0,1.0,4.0,2163187,10.0,3,3,2,0.0,,5.0,1,1962.0,A01,138Â 289Â 096,0.0,-1.0,-1.0,1651635,3.0,7,,0.0,1.0,1.0,A01,138Â 289Â 096,1.0
967773,201900009304,11,13,14:30,1,2,1,1.0,6.0,28220,LIBERTE (RUE DE LA),M,"48,4271600","1,4710600",28,2019,50.0,4.0,1.0,4.0,2163188,1.0,1,1,1,1.0,,-1.0, -1,1999.0,A01,138Â 289Â 096,1.0,0.0,-1.0,1651635,3.0,7,,0.0,1.0,1.0,A01,138Â 289Â 096,1.0
967774,201900009305,12,3,14:25,1,2,1,7.0,6.0,26198,JAURES (Avenue Jean),M,"44,5500200","4,7471700",26,2019,50.0,1.0,1.0,4.0,2163189,1.0,1,1,2,0.0,,0.0,0,1956.0,A01,138Â 289Â 092,1.0,8.0,-1.0,1651636,1.0,3,,0.0,1.0,1.0,A01,138Â 289Â 092,0.0
967774,201900009305,12,3,14:25,1,2,1,7.0,6.0,26198,JAURES (Avenue Jean),M,"44,5500200","4,7471700",26,2019,50.0,1.0,1.0,4.0,2163190,10.0,3,4,2,5.0,,3.0,3,1935.0,A01,138Â 289Â 092,0.0,-1.0,-1.0,1651636,1.0,3,,0.0,1.0,1.0,A01,138Â 289Â 092,0.0
967775,201900009306,12,2,23:38,5,2,9,1.0,6.0,25056,PIEMONT RUE DU,M,"47,2218500","5,9638200",25,2019,20.0,1.0,1.0,4.0,2163191,10.0,3,3,1,5.0,,1.0,3,1995.0,A01,138Â 289Â 091,0.0,-1.0,-1.0,1651637,3.0,0,,0.0,1.0,0.0,A01,138Â 289Â 091,-1.0
967776,201900009307,11,30,12:10,1,2,2,7.0,6.0,25056,CHASNOT RUE DU,M,"47,2544000","6,0280500",25,2019,-1.0,1.0,1.0,4.0,2163192,10.0,3,4,1,0.0,,2.0,3,1957.0,A01,138Â 289Â 090,0.0,-1.0,-1.0,1651638,3.0,7,,0.0,1.0,1.0,A01,138Â 289Â 090,-1.0
967776,201900009307,11,30,12:10,1,2,2,7.0,6.0,25056,CHASNOT RUE DU,M,"47,2544000","6,0280500",25,2019,-1.0,1.0,1.0,4.0,2163193,1.0,1,1,2,0.0,,-1.0,0,1946.0,A01,138Â 289Â 090,0.0,-1.0,-1.0,1651638,3.0,7,,0.0,1.0,1.0,A01,138Â 289Â 090,-1.0
967777,201900009308,12,13,12:45,1,2,6,2.0,3.0,19031,RIVET (AVENUE JEAN CHARLES),M,"45,1483600","1,4897000",19,2019,50.0,1.0,2.0,4.0,2163194,1.0,1,1,1,9.0,,-1.0, -1,1976.0,A01,138Â 289Â 087,1.0,0.0,-1.0,1651639,2.0,7,,0.0,2.0,3.0,A01,138Â 289Â 087,1.0
967777,201900009308,12,13,12:45,1,2,6,2.0,3.0,19031,RIVET (AVENUE JEAN CHARLES),M,"45,1483600","1,4897000",19,2019,50.0,1.0,2.0,4.0,2163194,1.0,1,1,1,9.0,,-1.0, -1,1976.0,A01,138Â 289Â 087,1.0,0.0,-1.0,1651640,2.0,80,,0.0,2.0,7.0,B01,138Â 289Â 088,3.0
967777,201900009308,12,13,12:45,1,2,6,2.0,3.0,19031,RIVET (AVENUE JEAN CHARLES),M,"45,1483600","1,4897000",19,2019,50.0,1.0,2.0,4.0,2163195,1.0,1,4,2,1.0,,-1.0, -1,2002.0,B01,138Â 289Â 088,2.0,8.0,-1.0,1651639,2.0,7,,0.0,2.0,3.0,A01,138Â 289Â 087,1.0
967777,201900009308,12,13,12:45,1,2,6,2.0,3.0,19031,RIVET (AVENUE JEAN CHARLES),M,"45,1483600","1,4897000",19,2019,50.0,1.0,2.0,4.0,2163195,1.0,1,4,2,1.0,,-1.0, -1,2002.0,B01,138Â 289Â 088,2.0,8.0,-1.0,1651640,2.0,80,,0.0,2.0,7.0,B01,138Â 289Â 088,3.0
967778,201900009309,11,30,21:00,3,2,1,3.0,7.0,16102,rue de BOUTIERS,M,"45,7011400"," -0,3324200",16,2019,50.0,1.0,2.0,3.0,2163196,1.0,1,3,1,5.0,,-1.0, -1,2002.0,A01,138Â 289Â 086,2.0,8.0,-1.0,1651641,2.0,33,,0.0,0.0,7.0,A01,138Â 289Â 086,1.0
967779,201900009310,12,16,16:30,1,2,1,1.0,3.0,14118,NOVEMBRE (RUE DU 11),M,"49,1780300"," -0,3580000",14,2019,50.0,1.0,1.0,4.0,2163197,1.0,1,4,2,5.0,,0.0,0,1955.0,A01,138Â 289Â 084,1.0,0.0,-1.0,1651642,1.0,7,,0.0,2.0,1.0,A01,138Â 289Â 084,1.0
967779,201900009310,12,16,16:30,1,2,1,1.0,3.0,14118,NOVEMBRE (RUE DU 11),M,"49,1780300"," -0,3580000",14,2019,50.0,1.0,1.0,4.0,2163197,1.0,1,4,2,5.0,,0.0,0,1955.0,A01,138Â 289Â 084,1.0,0.0,-1.0,1651643,1.0,7,,0.0,2.0,1.0,B01,138Â 289Â 085,1.0
967779,201900009310,12,16,16:30,1,2,1,1.0,3.0,14118,NOVEMBRE (RUE DU 11),M,"49,1780300"," -0,3580000",14,2019,50.0,1.0,1.0,4.0,2163198,1.0,1,4,2,1.0,,0.0,0,1996.0,B01,138Â 289Â 085,1.0,0.0,-1.0,1651642,1.0,7,,0.0,2.0,1.0,A01,138Â 289Â 084,1.0
967779,201900009310,12,16,16:30,1,2,1,1.0,3.0,14118,NOVEMBRE (RUE DU 11),M,"49,1780300"," -0,3580000",14,2019,50.0,1.0,1.0,4.0,2163198,1.0,1,4,2,1.0,,0.0,0,1996.0,B01,138Â 289Â 085,1.0,0.0,-1.0,1651643,1.0,7,,0.0,2.0,1.0,B01,138Â 289Â 085,1.0
967780,201900009311,12,2,08:36,2,2,1,1.0,6.0,14118,LONG BOUET (RUE DU),M,"49,1956300"," -0,3391800",14,2019,50.0,4.0,2.0,4.0,2163199,2.0,2,4,2,5.0,,0.0,0,1991.0,A01,138Â 289Â 083,1.0,0.0,-1.0,1651644,1.0,7,,6.0,0.0,1.0,A01,138Â 289Â 083,1.0
967780,201900009311,12,2,08:36,2,2,1,1.0,6.0,14118,LONG BOUET (RUE DU),M,"49,1956300"," -0,3391800",14,2019,50.0,4.0,2.0,4.0,2163200,1.0,1,1,1,5.0,,0.0,0,1992.0,A01,138Â 289Â 083,1.0,0.0,-1.0,1651644,1.0,7,,6.0,0.0,1.0,A01,138Â 289Â 083,1.0
967781,201900009312,12,3,16:15,1,1,1,1.0,3.0,13071,D 6,M,"43,4111640","5,3298840",13,2019,50.0,1.0,1.0,3.0,2163201,1.0,1,1,1,5.0,,-1.0, -1,1971.0,A01,138Â 289Â 081,1.0,0.0,-1.0,1651645,3.0,7,,0.0,2.0,3.0,A01,138Â 289Â 081,1.0
967781,201900009312,12,3,16:15,1,1,1,1.0,3.0,13071,D 6,M,"43,4111640","5,3298840",13,2019,50.0,1.0,1.0,3.0,2163201,1.0,1,1,1,5.0,,-1.0, -1,1971.0,A01,138Â 289Â 081,1.0,0.0,-1.0,1651646,0.0,33,,0.0,2.0,1.0,B01,138Â 289Â 082,0.0
967781,201900009312,12,3,16:15,1,1,1,1.0,3.0,13071,D 6,M,"43,4111640","5,3298840",13,2019,50.0,1.0,1.0,3.0,2163202,1.0,1,3,2,0.0,,-1.0, -1,1992.0,B01,138Â 289Â 082,2.0,6.0,-1.0,1651645,3.0,7,,0.0,2.0,3.0,A01,138Â 289Â 081,1.0
967781,201900009312,12,3,16:15,1,1,1,1.0,3.0,13071,D 6,M,"43,4111640","5,3298840",13,2019,50.0,1.0,1.0,3.0,2163202,1.0,1,3,2,0.0,,-1.0, -1,1992.0,B01,138Â 289Â 082,2.0,6.0,-1.0,1651646,0.0,33,,0.0,2.0,1.0,B01,138Â 289Â 082,0.0
967782,201900009313,12,14,15:55,1,2,1,1.0,4.0,13056,CD 5 (Route d'Istres),M,"43,4304000","5,0469000",13,2019,50.0,1.0,1.0,3.0,2163203,3.0,2,4,1,5.0,,-1.0,0,2010.0,C01,138Â 289Â 078,1.0,0.0,-1.0,1651647,3.0,7,,0.0,2.0,4.0,C01,138Â 289Â 078,1.0
967782,201900009313,12,14,15:55,1,2,1,1.0,4.0,13056,CD 5 (Route d'Istres),M,"43,4304000","5,0469000",13,2019,50.0,1.0,1.0,3.0,2163203,3.0,2,4,1,5.0,,-1.0,0,2010.0,C01,138Â 289Â 078,1.0,0.0,-1.0,1651648,3.0,7,,0.0,2.0,4.0,B01,138Â 289Â 079,1.0
967782,201900009313,12,14,15:55,1,2,1,1.0,4.0,13056,CD 5 (Route d'Istres),M,"43,4304000","5,0469000",13,2019,50.0,1.0,1.0,3.0,2163203,3.0,2,4,1,5.0,,-1.0,0,2010.0,C01,138Â 289Â 078,1.0,0.0,-1.0,1651649,3.0,7,,0.0,2.0,1.0,A01,138Â 289Â 080,1.0
967782,201900009313,12,14,15:55,1,2,1,1.0,4.0,13056,CD 5 (Route d'Istres),M,"43,4304000","5,0469000",13,2019,50.0,1.0,1.0,3.0,2163204,1.0,1,4,2,5.0,,-1.0,0,1979.0,C01,138Â 289Â 078,1.0,0.0,-1.0,1651647,3.0,7,,0.0,2.0,4.0,C01,138Â 289Â 078,1.0
967782,201900009313,12,14,15:55,1,2,1,1.0,4.0,13056,CD 5 (Route d'Istres),M,"43,4304000","5,0469000",13,2019,50.0,1.0,1.0,3.0,2163204,1.0,1,4,2,5.0,,-1.0,0,1979.0,C01,138Â 289Â 078,1.0,0.0,-1.0,1651648,3.0,7,,0.0,2.0,4.0,B01,138Â 289Â 079,1.0
967782,201900009313,12,14,15:55,1,2,1,1.0,4.0,13056,CD 5 (Route d'Istres),M,"43,4304000","5,0469000",13,2019,50.0,1.0,1.0,3.0,2163204,1.0,1,4,2,5.0,,-1.0,0,1979.0,C01,138Â 289Â 078,1.0,0.0,-1.0,1651649,3.0,7,,0.0,2.0,1.0,A01,138Â 289Â 080,1.0
967782,201900009313,12,14,15:55,1,2,1,1.0,4.0,13056,CD 5 (Route d'Istres),M,"43,4304000","5,0469000",13,2019,50.0,1.0,1.0,3.0,2163205,2.0,2,4,1,5.0,,-1.0,0,1978.0,B01,138Â 289Â 079,1.0,0.0,-1.0,1651647,3.0,7,,0.0,2.0,4.0,C01,138Â 289Â 078,1.0
967782,201900009313,12,14,15:55,1,2,1,1.0,4.0,13056,CD 5 (Route d'Istres),M,"43,4304000","5,0469000",13,2019,50.0,1.0,1.0,3.0,2163205,2.0,2,4,1,5.0,,-1.0,0,1978.0,B01,138Â 289Â 079,1.0,0.0,-1.0,1651648,3.0,7,,0.0,2.0,4.0,B01,138Â 289Â 079,1.0
967782,201900009313,12,14,15:55,1,2,1,1.0,4.0,13056,CD 5 (Route d'Istres),M,"43,4304000","5,0469000",13,2019,50.0,1.0,1.0,3.0,2163205,2.0,2,4,1,5.0,,-1.0,0,1978.0,B01,138Â 289Â 079,1.0,0.0,-1.0,1651649,3.0,7,,0.0,2.0,1.0,A01,138Â 289Â 080,1.0
967782,201900009313,12,14,15:55,1,2,1,1.0,4.0,13056,CD 5 (Route d'Istres),M,"43,4304000","5,0469000",13,2019,50.0,1.0,1.0,3.0,2163206,2.0,2,4,1,5.0,,-1.0, -1,2001.0,B01,138Â 289Â 079,1.0,0.0,-1.0,1651647,3.0,7,,0.0,2.0,4.0,C01,138Â 289Â 078,1.0
967782,201900009313,12,14,15:55,1,2,1,1.0,4.0,13056,CD 5 (Route d'Istres),M,"43,4304000","5,0469000",13,2019,50.0,1.0,1.0,3.0,2163206,2.0,2,4,1,5.0,,-1.0, -1,2001.0,B01,138Â 289Â 079,1.0,0.0,-1.0,1651648,3.0,7,,0.0,2.0,4.0,B01,138Â 289Â 079,1.0
967782,201900009313,12,14,15:55,1,2,1,1.0,4.0,13056,CD 5 (Route d'Istres),M,"43,4304000","5,0469000",13,2019,50.0,1.0,1.0,3.0,2163206,2.0,2,4,1,5.0,,-1.0, -1,2001.0,B01,138Â 289Â 079,1.0,0.0,-1.0,1651649,3.0,7,,0.0,2.0,1.0,A01,138Â 289Â 080,1.0
967782,201900009313,12,14,15:55,1,2,1,1.0,4.0,13056,CD 5 (Route d'Istres),M,"43,4304000","5,0469000",13,2019,50.0,1.0,1.0,3.0,2163207,1.0,1,1,1,5.0,,-1.0, -1,1968.0,B01,138Â 289Â 079,1.0,5.0,-1.0,1651647,3.0,7,,0.0,2.0,4.0,C01,138Â 289Â 078,1.0
967782,201900009313,12,14,15:55,1,2,1,1.0,4.0,13056,CD 5 (Route d'Istres),M,"43,4304000","5,0469000",13,2019,50.0,1.0,1.0,3.0,2163207,1.0,1,1,1,5.0,,-1.0, -1,1968.0,B01,138Â 289Â 079,1.0,5.0,-1.0,1651648,3.0,7,,0.0,2.0,4.0,B01,138Â 289Â 079,1.0
967782,201900009313,12,14,15:55,1,2,1,1.0,4.0,13056,CD 5 (Route d'Istres),M,"43,4304000","5,0469000",13,2019,50.0,1.0,1.0,3.0,2163207,1.0,1,1,1,5.0,,-1.0, -1,1968.0,B01,138Â 289Â 079,1.0,5.0,-1.0,1651649,3.0,7,,0.0,2.0,1.0,A01,138Â 289Â 080,1.0