Unnamed: 0_x,num_acc,mois,jour,hrmn,lum,agg,int,atm,col,com,adr,gps,lat,long,dep,annee,vma,situ,surf,catr,Unnamed: 0_y,place,catu,grav,sexe,trajet,secu,locp,actp,an_nais,num_veh_x,id_vehicule_x,secu1,secu2,secu3,Unnamed: 0,senc,catv,occutc,obs,obsm,choc,num_veh_y,id_vehicule_y,motor
967782,201900009313,12,14,15:55,1,2,1,1.0,4.0,13056,CD 5 (Route d'Istres),M,"43,4304000","5,0469000",13,2019,50.0,1.0,1.0,3.0,2163208,2.0,2,1,1,5.0,,-1.0, -1,2000.0,A01,138Â 289Â 080,1.0,0.0,-1.0,1651647,3.0,7,,0.0,2.0,4.0,C01,138Â 289Â 078,1.0
967782,201900009313,12,14,15:55,1,2,1,1.0,4.0,13056,CD 5 (Route d'Istres),M,"43,4304000","5,0469000",13,2019,50.0,1.0,1.0,3.0,2163208,2.0,2,1,1,5.0,,-1.0, -1,2000.0,A01,138Â 289Â 080,1.0,0.0,-1.0,1651648,3.0,7,,0.0,2.0,4.0,B01,138Â 289Â 079,1.0
967782,201900009313,12,14,15:55,1,2,1,1.0,4.0,13056,CD 5 (Route d'Istres),M,"43,4304000","5,0469000",13,2019,50.0,1.0,1.0,3.0,2163208,2.0,2,1,1,5.0,,-1.0, -1,2000.0,A01,138Â 289Â 080,1.0,0.0,-1.0,1651649,3.0,7,,0.0,2.0,1.0,A01,138Â 289Â 080,1.0
967782,201900009313,12,14,15:55,1,2,1,1.0,4.0,13056,CD 5 (Route d'Istres),M,"43,4304000","5,0469000",13,2019,50.0,1.0,1.0,3.0,2163209,1.0,1,1,1,5.0,,-1.0, -1,1998.0,A01,138Â 289Â 080,1.0,5.0,-1.0,1651647,3.0,7,,0.0,2.0,4.0,C01,138Â 289Â 078,1.0
967782,201900009313,12,14,15:55,1,2,1,1.0,4.0,13056,CD 5 (Route d'Istres),M,"43,4304000","5,0469000",13,2019,50.0,1.0,1.0,3.0,2163209,1.0,1,1,1,5.0,,-1.0, -1,1998.0,A01,138Â 289Â 080,1.0,5.0,-1.0,1651648,3.0,7,,0.0,2.0,4.0,B01,138Â 289Â 079,1.0
967782,201900009313,12,14,15:55,1,2,1,1.0,4.0,13056,CD 5 (Route d'Istres),M,"43,4304000","5,0469000",13,2019,50.0,1.0,1.0,3.0,2163209,1.0,1,1,1,5.0,,-1.0, -1,1998.0,A01,138Â 289Â 080,1.0,5.0,-1.0,1651649,3.0,7,,0.0,2.0,1.0,A01,138Â 289Â 080,1.0
967783,201900009314,11,30,10:47,1,2,1,1.0,6.0,13077,SALENGRO ROGER (avenue),M,"43,4070700","4,9862200",13,2019,50.0,1.0,1.0,4.0,2163210,10.0,3,3,1,5.0,,1.0,3,1944.0,A01,138Â 289Â 077,0.0,-1.0,-1.0,1651650,3.0,7,,0.0,1.0,2.0,A01,138Â 289Â 077,1.0
967783,201900009314,11,30,10:47,1,2,1,1.0,6.0,13077,SALENGRO ROGER (avenue),M,"43,4070700","4,9862200",13,2019,50.0,1.0,1.0,4.0,2163211,1.0,1,1,1,5.0,,-1.0, -1,1952.0,A01,138Â 289Â 077,1.0,0.0,-1.0,1651650,3.0,7,,0.0,1.0,2.0,A01,138Â 289Â 077,1.0
967784,201900009315,12,16,21:50,4,2,3,1.0,3.0,13208,MAZARGUES (AVENUE DE),M,"43,2572600","5,3941300",13,2019,50.0,1.0,1.0,4.0,2163212,1.0,1,1,1,1.0,,-1.0, -1,1979.0,B01,138Â 289Â 075,1.0,8.0,-1.0,1651651,1.0,7,,0.0,2.0,3.0,B01,138Â 289Â 075,1.0
967784,201900009315,12,16,21:50,4,2,3,1.0,3.0,13208,MAZARGUES (AVENUE DE),M,"43,2572600","5,3941300",13,2019,50.0,1.0,1.0,4.0,2163212,1.0,1,1,1,1.0,,-1.0, -1,1979.0,B01,138Â 289Â 075,1.0,8.0,-1.0,1651652,2.0,30,,0.0,2.0,1.0,A01,138Â 289Â 076,1.0
967784,201900009315,12,16,21:50,4,2,3,1.0,3.0,13208,MAZARGUES (AVENUE DE),M,"43,2572600","5,3941300",13,2019,50.0,1.0,1.0,4.0,2163213,1.0,1,4,1,5.0,,-1.0, -1,2003.0,A01,138Â 289Â 076,8.0,0.0,-1.0,1651651,1.0,7,,0.0,2.0,3.0,B01,138Â 289Â 075,1.0
967784,201900009315,12,16,21:50,4,2,3,1.0,3.0,13208,MAZARGUES (AVENUE DE),M,"43,2572600","5,3941300",13,2019,50.0,1.0,1.0,4.0,2163213,1.0,1,4,1,5.0,,-1.0, -1,2003.0,A01,138Â 289Â 076,8.0,0.0,-1.0,1651652,2.0,30,,0.0,2.0,1.0,A01,138Â 289Â 076,1.0
967785,201900009316,12,16,12:05,1,2,1,1.0,3.0,13215,LYON (RUE DE),M,"43,3424370","5,3597680",13,2019,50.0,1.0,1.0,4.0,2163214,1.0,1,4,1,1.0,,-1.0,0,1973.0,B01,138Â 289Â 073,8.0,0.0,-1.0,1651653,0.0,31,,0.0,2.0,2.0,B01,138Â 289Â 073,1.0
967785,201900009316,12,16,12:05,1,2,1,1.0,3.0,13215,LYON (RUE DE),M,"43,3424370","5,3597680",13,2019,50.0,1.0,1.0,4.0,2163214,1.0,1,4,1,1.0,,-1.0,0,1973.0,B01,138Â 289Â 073,8.0,0.0,-1.0,1651654,0.0,7,,0.0,2.0,3.0,A01,138Â 289Â 074,1.0
967785,201900009316,12,16,12:05,1,2,1,1.0,3.0,13215,LYON (RUE DE),M,"43,3424370","5,3597680",13,2019,50.0,1.0,1.0,4.0,2163215,1.0,1,1,1,5.0,,-1.0,0,1968.0,A01,138Â 289Â 074,8.0,0.0,-1.0,1651653,0.0,31,,0.0,2.0,2.0,B01,138Â 289Â 073,1.0
967785,201900009316,12,16,12:05,1,2,1,1.0,3.0,13215,LYON (RUE DE),M,"43,3424370","5,3597680",13,2019,50.0,1.0,1.0,4.0,2163215,1.0,1,1,1,5.0,,-1.0,0,1968.0,A01,138Â 289Â 074,8.0,0.0,-1.0,1651654,0.0,7,,0.0,2.0,3.0,A01,138Â 289Â 074,1.0
967786,201900009317,6,13,18:50,1,2,9,1.0,3.0,13216,ESTAQUE PLAGE,M,"43,3597200","5,3164000",13,2019,50.0,1.0,1.0,3.0,2163216,1.0,1,1,1,9.0,,-1.0, -1,1966.0,B01,138Â 289Â 071,1.0,0.0,-1.0,1651655,2.0,7,,0.0,2.0,3.0,B01,138Â 289Â 071,1.0
967786,201900009317,6,13,18:50,1,2,9,1.0,3.0,13216,ESTAQUE PLAGE,M,"43,3597200","5,3164000",13,2019,50.0,1.0,1.0,3.0,2163216,1.0,1,1,1,9.0,,-1.0, -1,1966.0,B01,138Â 289Â 071,1.0,0.0,-1.0,1651656,2.0,31,,0.0,2.0,2.0,A01,138Â 289Â 072,1.0
967786,201900009317,6,13,18:50,1,2,9,1.0,3.0,13216,ESTAQUE PLAGE,M,"43,3597200","5,3164000",13,2019,50.0,1.0,1.0,3.0,2163217,1.0,1,4,1,9.0,,-1.0, -1,1969.0,A01,138Â 289Â 072,2.0,6.0,-1.0,1651655,2.0,7,,0.0,2.0,3.0,B01,138Â 289Â 071,1.0
967786,201900009317,6,13,18:50,1,2,9,1.0,3.0,13216,ESTAQUE PLAGE,M,"43,3597200","5,3164000",13,2019,50.0,1.0,1.0,3.0,2163217,1.0,1,4,1,9.0,,-1.0, -1,1969.0,A01,138Â 289Â 072,2.0,6.0,-1.0,1651656,2.0,31,,0.0,2.0,2.0,A01,138Â 289Â 072,1.0
967787,201900009318,12,2,18:00,5,2,3,1.0,3.0,13209,MAZARGUES (AVENUE DE),M,"43,2592620","5,3941490",13,2019,50.0,1.0,1.0,4.0,2163218,1.0,1,1,1,1.0,,-1.0, -1,1964.0,B01,138Â 289Â 069,1.0,8.0,-1.0,1651657,0.0,7,,0.0,2.0,3.0,B01,138Â 289Â 069,0.0
967787,201900009318,12,2,18:00,5,2,3,1.0,3.0,13209,MAZARGUES (AVENUE DE),M,"43,2592620","5,3941490",13,2019,50.0,1.0,1.0,4.0,2163218,1.0,1,1,1,1.0,,-1.0, -1,1964.0,B01,138Â 289Â 069,1.0,8.0,-1.0,1651658,0.0,7,,0.0,2.0,2.0,A01,138Â 289Â 070,0.0
967787,201900009318,12,2,18:00,5,2,3,1.0,3.0,13209,MAZARGUES (AVENUE DE),M,"43,2592620","5,3941490",13,2019,50.0,1.0,1.0,4.0,2163219,1.0,1,4,1,5.0,,-1.0,0,1991.0,A01,138Â 289Â 070,1.0,8.0,-1.0,1651657,0.0,7,,0.0,2.0,3.0,B01,138Â 289Â 069,0.0
967787,201900009318,12,2,18:00,5,2,3,1.0,3.0,13209,MAZARGUES (AVENUE DE),M,"43,2592620","5,3941490",13,2019,50.0,1.0,1.0,4.0,2163219,1.0,1,4,1,5.0,,-1.0,0,1991.0,A01,138Â 289Â 070,1.0,8.0,-1.0,1651658,0.0,7,,0.0,2.0,2.0,A01,138Â 289Â 070,0.0
967788,201900009319,12,2,17:30,5,2,1,1.0,6.0,13212,EDOUARD ESTAUNIE (SQUARE),M,"43,3203220","5,4319690",13,2019,50.0,1.0,1.0,9.0,2163220,10.0,3,3,1,5.0,,1.0,3,1950.0,A01,138Â 289Â 068,8.0,0.0,-1.0,1651659,3.0,7,,0.0,1.0,1.0,A01,138Â 289Â 068,1.0
967788,201900009319,12,2,17:30,5,2,1,1.0,6.0,13212,EDOUARD ESTAUNIE (SQUARE),M,"43,3203220","5,4319690",13,2019,50.0,1.0,1.0,9.0,2163221,1.0,1,4,2,5.0,,-1.0,0,1989.0,A01,138Â 289Â 068,8.0,0.0,-1.0,1651659,3.0,7,,0.0,1.0,1.0,A01,138Â 289Â 068,1.0
967789,201900009320,11,27,14:30,1,2,1,1.0,3.0,13212,24 AVRIL 15 (AVENUE DU),M,"43,3081000","5,4353000",13,2019,50.0,1.0,1.0,4.0,2163222,1.0,1,4,1,5.0,,0.0,0,1965.0,B01,138Â 289Â 066,2.0,6.0,-1.0,1651660,0.0,33,,0.0,2.0,1.0,B01,138Â 289Â 066,1.0
967789,201900009320,11,27,14:30,1,2,1,1.0,3.0,13212,24 AVRIL 15 (AVENUE DU),M,"43,3081000","5,4353000",13,2019,50.0,1.0,1.0,4.0,2163222,1.0,1,4,1,5.0,,0.0,0,1965.0,B01,138Â 289Â 066,2.0,6.0,-1.0,1651661,0.0,7,,0.0,2.0,6.0,A01,138Â 289Â 067,1.0
967789,201900009320,11,27,14:30,1,2,1,1.0,3.0,13212,24 AVRIL 15 (AVENUE DU),M,"43,3081000","5,4353000",13,2019,50.0,1.0,1.0,4.0,2163223,1.0,1,1,2,5.0,,0.0,0,1993.0,A01,138Â 289Â 067,1.0,8.0,-1.0,1651660,0.0,33,,0.0,2.0,1.0,B01,138Â 289Â 066,1.0
967789,201900009320,11,27,14:30,1,2,1,1.0,3.0,13212,24 AVRIL 15 (AVENUE DU),M,"43,3081000","5,4353000",13,2019,50.0,1.0,1.0,4.0,2163223,1.0,1,1,2,5.0,,0.0,0,1993.0,A01,138Â 289Â 067,1.0,8.0,-1.0,1651661,0.0,7,,0.0,2.0,6.0,A01,138Â 289Â 067,1.0
967790,201900009321,12,16,15:30,1,1,3,1.0,3.0,13005,DOUARD (AVENUE DU),M,"43,2864300","5,5955000",13,2019,50.0,1.0,1.0,4.0,2163224,1.0,1,3,1,1.0,,-1.0, -1,1975.0,A01,138Â 289Â 064,2.0,0.0,-1.0,1651662,1.0,33,,14.0,0.0,1.0,A01,138Â 289Â 064,1.0
967790,201900009321,12,16,15:30,1,1,3,1.0,3.0,13005,DOUARD (AVENUE DU),M,"43,2864300","5,5955000",13,2019,50.0,1.0,1.0,4.0,2163224,1.0,1,3,1,1.0,,-1.0, -1,1975.0,A01,138Â 289Â 064,2.0,0.0,-1.0,1651663,1.0,7,,0.0,2.0,0.0,B01,138Â 289Â 065,1.0
967790,201900009321,12,16,15:30,1,1,3,1.0,3.0,13005,DOUARD (AVENUE DU),M,"43,2864300","5,5955000",13,2019,50.0,1.0,1.0,4.0,2163225,1.0,1,1,1,1.0,,-1.0, -1,1974.0,B01,138Â 289Â 065,1.0,0.0,-1.0,1651662,1.0,33,,14.0,0.0,1.0,A01,138Â 289Â 064,1.0
967790,201900009321,12,16,15:30,1,1,3,1.0,3.0,13005,DOUARD (AVENUE DU),M,"43,2864300","5,5955000",13,2019,50.0,1.0,1.0,4.0,2163225,1.0,1,1,1,1.0,,-1.0, -1,1974.0,B01,138Â 289Â 065,1.0,0.0,-1.0,1651663,1.0,7,,0.0,2.0,0.0,B01,138Â 289Â 065,1.0
967791,201900009322,11,29,17:50,5,2,1,1.0,4.0,11262,RD 6009 NARBONNE - PERPIGNAN,M,"43,1771000","2,9943400",11,2019,50.0,1.0,1.0,4.0,2163226,1.0,1,1,1,9.0,,-1.0, -1,1991.0,A01,138Â 289Â 061,1.0,8.0,-1.0,1651664,1.0,7,,0.0,2.0,1.0,A01,138Â 289Â 061,1.0
967791,201900009322,11,29,17:50,5,2,1,1.0,4.0,11262,RD 6009 NARBONNE - PERPIGNAN,M,"43,1771000","2,9943400",11,2019,50.0,1.0,1.0,4.0,2163226,1.0,1,1,1,9.0,,-1.0, -1,1991.0,A01,138Â 289Â 061,1.0,8.0,-1.0,1651665,1.0,7,,0.0,2.0,4.0,B01,138Â 289Â 062,1.0
967791,201900009322,11,29,17:50,5,2,1,1.0,4.0,11262,RD 6009 NARBONNE - PERPIGNAN,M,"43,1771000","2,9943400",11,2019,50.0,1.0,1.0,4.0,2163226,1.0,1,1,1,9.0,,-1.0, -1,1991.0,A01,138Â 289Â 061,1.0,8.0,-1.0,1651666,1.0,7,,0.0,2.0,4.0,C01,138Â 289Â 063,1.0
967791,201900009322,11,29,17:50,5,2,1,1.0,4.0,11262,RD 6009 NARBONNE - PERPIGNAN,M,"43,1771000","2,9943400",11,2019,50.0,1.0,1.0,4.0,2163227,1.0,1,4,1,9.0,,-1.0, -1,1950.0,B01,138Â 289Â 062,1.0,8.0,-1.0,1651664,1.0,7,,0.0,2.0,1.0,A01,138Â 289Â 061,1.0
967791,201900009322,11,29,17:50,5,2,1,1.0,4.0,11262,RD 6009 NARBONNE - PERPIGNAN,M,"43,1771000","2,9943400",11,2019,50.0,1.0,1.0,4.0,2163227,1.0,1,4,1,9.0,,-1.0, -1,1950.0,B01,138Â 289Â 062,1.0,8.0,-1.0,1651665,1.0,7,,0.0,2.0,4.0,B01,138Â 289Â 062,1.0
967791,201900009322,11,29,17:50,5,2,1,1.0,4.0,11262,RD 6009 NARBONNE - PERPIGNAN,M,"43,1771000","2,9943400",11,2019,50.0,1.0,1.0,4.0,2163227,1.0,1,4,1,9.0,,-1.0, -1,1950.0,B01,138Â 289Â 062,1.0,8.0,-1.0,1651666,1.0,7,,0.0,2.0,4.0,C01,138Â 289Â 063,1.0
967791,201900009322,11,29,17:50,5,2,1,1.0,4.0,11262,RD 6009 NARBONNE - PERPIGNAN,M,"43,1771000","2,9943400",11,2019,50.0,1.0,1.0,4.0,2163228,1.0,1,1,2,9.0,,-1.0, -1,1990.0,C01,138Â 289Â 063,1.0,8.0,-1.0,1651664,1.0,7,,0.0,2.0,1.0,A01,138Â 289Â 061,1.0
967791,201900009322,11,29,17:50,5,2,1,1.0,4.0,11262,RD 6009 NARBONNE - PERPIGNAN,M,"43,1771000","2,9943400",11,2019,50.0,1.0,1.0,4.0,2163228,1.0,1,1,2,9.0,,-1.0, -1,1990.0,C01,138Â 289Â 063,1.0,8.0,-1.0,1651665,1.0,7,,0.0,2.0,4.0,B01,138Â 289Â 062,1.0
967791,201900009322,11,29,17:50,5,2,1,1.0,4.0,11262,RD 6009 NARBONNE - PERPIGNAN,M,"43,1771000","2,9943400",11,2019,50.0,1.0,1.0,4.0,2163228,1.0,1,1,2,9.0,,-1.0, -1,1990.0,C01,138Â 289Â 063,1.0,8.0,-1.0,1651666,1.0,7,,0.0,2.0,4.0,C01,138Â 289Â 063,1.0
967792,201900009323,11,30,11:00,1,2,1,1.0,6.0,11262,RD 6009 NARBONNE - PERPIGNAN,M,"43,1451800","2,9759000",11,2019,50.0,1.0,1.0,4.0,2163229,1.0,1,4,1,9.0,,-1.0, -1,1988.0,A01,138Â 289Â 060,8.0,0.0,-1.0,1651667,1.0,21,,0.0,0.0,3.0,A01,138Â 289Â 060,0.0
967793,201900009324,11,29,08:00,1,2,1,1.0,2.0,11262,RD 6009 NARBONNE - PERPIGNAN,M,"43,1572000","2,9816600",11,2019,50.0,1.0,1.0,4.0,2163230,1.0,1,4,1,9.0,,-1.0, -1,1999.0,A01,138Â 289Â 058,2.0,8.0,-1.0,1651668,1.0,31,,0.0,2.0,1.0,A01,138Â 289Â 058,1.0
967793,201900009324,11,29,08:00,1,2,1,1.0,2.0,11262,RD 6009 NARBONNE - PERPIGNAN,M,"43,1572000","2,9816600",11,2019,50.0,1.0,1.0,4.0,2163230,1.0,1,4,1,9.0,,-1.0, -1,1999.0,A01,138Â 289Â 058,2.0,8.0,-1.0,1651669,1.0,7,,0.0,2.0,5.0,B01,138Â 289Â 059,1.0
967793,201900009324,11,29,08:00,1,2,1,1.0,2.0,11262,RD 6009 NARBONNE - PERPIGNAN,M,"43,1572000","2,9816600",11,2019,50.0,1.0,1.0,4.0,2163231,1.0,1,1,2,5.0,,-1.0, -1,1999.0,B01,138Â 289Â 059,1.0,8.0,-1.0,1651668,1.0,31,,0.0,2.0,1.0,A01,138Â 289Â 058,1.0
967793,201900009324,11,29,08:00,1,2,1,1.0,2.0,11262,RD 6009 NARBONNE - PERPIGNAN,M,"43,1572000","2,9816600",11,2019,50.0,1.0,1.0,4.0,2163231,1.0,1,1,2,5.0,,-1.0, -1,1999.0,B01,138Â 289Â 059,1.0,8.0,-1.0,1651669,1.0,7,,0.0,2.0,5.0,B01,138Â 289Â 059,1.0
967794,201900009325,12,16,18:44,5,2,1,1.0,6.0,10333,AUXERRE (ROUTE),M,"48,2734600","4,0568400",10,2019,50.0,-1.0,1.0,6.0,2163232,10.0,3,4,1,3.0,,9.0,1,1991.0,A01,138Â 289Â 057,8.0,0.0,-1.0,1651670,3.0,7,,0.0,1.0,6.0,A01,138Â 289Â 057,1.0
967794,201900009325,12,16,18:44,5,2,1,1.0,6.0,10333,AUXERRE (ROUTE),M,"48,2734600","4,0568400",10,2019,50.0,-1.0,1.0,6.0,2163233,1.0,1,1,1,3.0,,-1.0, -1,1986.0,A01,138Â 289Â 057,1.0,8.0,-1.0,1651670,3.0,7,,0.0,1.0,6.0,A01,138Â 289Â 057,1.0
967795,201900009326,12,15,16:05,1,1,1,1.0,7.0,07070,PEYROUSSES (CH. DE),M,"44,9605000","4,8520900",7,2019,50.0,1.0,1.0,4.0,2163234,1.0,1,4,2,5.0,,-1.0, -1,1960.0,A01,138Â 289Â 055,8.0,8.0,-1.0,1651671,3.0,80,,12.0,0.0,1.0,A01,138Â 289Â 055,3.0
967796,201900009327,12,3,17:15,2,2,1,1.0,2.0,06069,DRAGUIGNAN (ROUTE DE) - D2562-,M,"43,6439650","6,9029010",6,2019,50.0,1.0,1.0,3.0,2163235,1.0,1,4,1,1.0,,0.0,0,1984.0,A01,138Â 289Â 053,2.0,6.0,-1.0,1651672,0.0,30,,0.0,2.0,1.0,A01,138Â 289Â 053,1.0
967796,201900009327,12,3,17:15,2,2,1,1.0,2.0,06069,DRAGUIGNAN (ROUTE DE) - D2562-,M,"43,6439650","6,9029010",6,2019,50.0,1.0,1.0,3.0,2163235,1.0,1,4,1,1.0,,0.0,0,1984.0,A01,138Â 289Â 053,2.0,6.0,-1.0,1651673,0.0,31,,0.0,2.0,5.0,B01,138Â 289Â 054,1.0
967796,201900009327,12,3,17:15,2,2,1,1.0,2.0,06069,DRAGUIGNAN (ROUTE DE) - D2562-,M,"43,6439650","6,9029010",6,2019,50.0,1.0,1.0,3.0,2163236,1.0,1,1,1,1.0,,0.0,0,1966.0,B01,138Â 289Â 054,2.0,6.0,-1.0,1651672,0.0,30,,0.0,2.0,1.0,A01,138Â 289Â 053,1.0
967796,201900009327,12,3,17:15,2,2,1,1.0,2.0,06069,DRAGUIGNAN (ROUTE DE) - D2562-,M,"43,6439650","6,9029010",6,2019,50.0,1.0,1.0,3.0,2163236,1.0,1,1,1,1.0,,0.0,0,1966.0,B01,138Â 289Â 054,2.0,6.0,-1.0,1651673,0.0,31,,0.0,2.0,5.0,B01,138Â 289Â 054,1.0
967797,201900009328,12,2,18:00,5,2,3,1.0,3.0,06069,CHENES (CHEMIN DES),M,"43,6408320","6,9171780",6,2019,50.0,1.0,1.0,4.0,2163237,1.0,1,4,1,0.0,,0.0,0,2002.0,B01,138Â 289Â 051,8.0,0.0,-1.0,1651674,1.0,1,,0.0,2.0,1.0,B01,138Â 289Â 051,5.0
967797,201900009328,12,2,18:00,5,2,3,1.0,3.0,06069,CHENES (CHEMIN DES),M,"43,6408320","6,9171780",6,2019,50.0,1.0,1.0,4.0,2163237,1.0,1,4,1,0.0,,0.0,0,2002.0,B01,138Â 289Â 051,8.0,0.0,-1.0,1651675,2.0,7,,0.0,9.0,3.0,A01,138Â 289Â 052,1.0
967797,201900009328,12,2,18:00,5,2,3,1.0,3.0,06069,CHENES (CHEMIN DES),M,"43,6408320","6,9171780",6,2019,50.0,1.0,1.0,4.0,2163238,1.0,1,1,1,0.0,,0.0,0,1973.0,A01,138Â 289Â 052,1.0,0.0,-1.0,1651674,1.0,1,,0.0,2.0,1.0,B01,138Â 289Â 051,5.0
967797,201900009328,12,2,18:00,5,2,3,1.0,3.0,06069,CHENES (CHEMIN DES),M,"43,6408320","6,9171780",6,2019,50.0,1.0,1.0,4.0,2163238,1.0,1,1,1,0.0,,0.0,0,1973.0,A01,138Â 289Â 052,1.0,0.0,-1.0,1651675,2.0,7,,0.0,9.0,3.0,A01,138Â 289Â 052,1.0
967798,201900009329,12,15,13:25,1,2,1,1.0,7.0,05061,EMBRUN ( AVENUE D'),M,"44,5684600","6,0996800",5,2019,50.0,1.0,2.0,2.0,2163239,10.0,3,4,2,3.0,,2.0,3,1953.0,A01,138Â 289Â 050,8.0,0.0,-1.0,1651676,1.0,7,,0.0,1.0,1.0,A01,138Â 289Â 050,1.0
967798,201900009329,12,15,13:25,1,2,1,1.0,7.0,05061,EMBRUN ( AVENUE D'),M,"44,5684600","6,0996800",5,2019,50.0,1.0,2.0,2.0,2163240,1.0,1,1,2,0.0,,-1.0,0,1948.0,A01,138Â 289Â 050,1.0,0.0,-1.0,1651676,1.0,7,,0.0,1.0,1.0,A01,138Â 289Â 050,1.0
967799,201900009330,12,16,19:45,5,2,3,1.0,3.0,03098,avenue du 4 septembre,M,"46,3552304","2,6150577",3,2019,50.0,1.0,1.0,3.0,2163241,1.0,1,4,1,5.0,,-1.0,0,2003.0,B01,138Â 289Â 048,2.0,0.0,-1.0,1651677,1.0,2,,0.0,2.0,1.0,B01,138Â 289Â 048,1.0
967799,201900009330,12,16,19:45,5,2,3,1.0,3.0,03098,avenue du 4 septembre,M,"46,3552304","2,6150577",3,2019,50.0,1.0,1.0,3.0,2163241,1.0,1,4,1,5.0,,-1.0,0,2003.0,B01,138Â 289Â 048,2.0,0.0,-1.0,1651678,2.0,7,,0.0,2.0,2.0,A01,138Â 289Â 049,1.0
967799,201900009330,12,16,19:45,5,2,3,1.0,3.0,03098,avenue du 4 septembre,M,"46,3552304","2,6150577",3,2019,50.0,1.0,1.0,3.0,2163242,1.0,1,1,2,1.0,,-1.0,0,1998.0,A01,138Â 289Â 049,1.0,0.0,-1.0,1651677,1.0,2,,0.0,2.0,1.0,B01,138Â 289Â 048,1.0
967799,201900009330,12,16,19:45,5,2,3,1.0,3.0,03098,avenue du 4 septembre,M,"46,3552304","2,6150577",3,2019,50.0,1.0,1.0,3.0,2163242,1.0,1,1,2,1.0,,-1.0,0,1998.0,A01,138Â 289Â 049,1.0,0.0,-1.0,1651678,2.0,7,,0.0,2.0,2.0,A01,138Â 289Â 049,1.0
967800,201900009331,12,2,17:53,3,1,1,1.0,2.0,01289,LENT ( ROUTE DE ),M,"46,1748530","5,2321838",1,2019,80.0,1.0,1.0,3.0,2163243,1.0,1,4,1,0.0,,-1.0, -1,1946.0,B01,138Â 289Â 046,8.0,8.0,-1.0,1651679,2.0,1,,0.0,2.0,6.0,B01,138Â 289Â 046,5.0
967800,201900009331,12,2,17:53,3,1,1,1.0,2.0,01289,LENT ( ROUTE DE ),M,"46,1748530","5,2321838",1,2019,80.0,1.0,1.0,3.0,2163243,1.0,1,4,1,0.0,,-1.0, -1,1946.0,B01,138Â 289Â 046,8.0,8.0,-1.0,1651680,2.0,10,,0.0,9.0,2.0,A01,138Â 289Â 047,0.0
967801,201900009332,12,21,02:20,5,2,1,1.0,7.0,75116,BD PERIPHERIQUE INTERIEUR,M,"48,8563061","2,2575113",75,2019,70.0,1.0,1.0,4.0,2163244,1.0,1,4,1,5.0,,0.0,0,1995.0,A01,138Â 289Â 045,2.0,6.0,-1.0,1651681,1.0,33,,0.0,0.0,7.0,A01,138Â 289Â 045,1.0
967802,201900009333,12,10,18:30,5,2,3,1.0,3.0,74268,21 Boulevard de Costa de Beauregard,M,"45,8822340","6,0997880",74,2019,30.0,1.0,1.0,4.0,2163245,1.0,1,4,2,1.0,,0.0,0,1993.0,B01,138Â 289Â 043,1.0,-1.0,-1.0,1651682,1.0,7,,0.0,2.0,1.0,B01,138Â 289Â 043,1.0
967802,201900009333,12,10,18:30,5,2,3,1.0,3.0,74268,21 Boulevard de Costa de Beauregard,M,"45,8822340","6,0997880",74,2019,30.0,1.0,1.0,4.0,2163245,1.0,1,4,2,1.0,,0.0,0,1993.0,B01,138Â 289Â 043,1.0,-1.0,-1.0,1651683,1.0,10,,0.0,0.0,7.0,A01,138Â 289Â 044,1.0
967802,201900009333,12,10,18:30,5,2,3,1.0,3.0,74268,21 Boulevard de Costa de Beauregard,M,"45,8822340","6,0997880",74,2019,30.0,1.0,1.0,4.0,2163246,1.0,1,1,1,4.0,,0.0,0,1979.0,A01,138Â 289Â 044,1.0,-1.0,-1.0,1651682,1.0,7,,0.0,2.0,1.0,B01,138Â 289Â 043,1.0
967802,201900009333,12,10,18:30,5,2,3,1.0,3.0,74268,21 Boulevard de Costa de Beauregard,M,"45,8822340","6,0997880",74,2019,30.0,1.0,1.0,4.0,2163246,1.0,1,1,1,4.0,,0.0,0,1979.0,A01,138Â 289Â 044,1.0,-1.0,-1.0,1651683,1.0,10,,0.0,0.0,7.0,A01,138Â 289Â 044,1.0
967803,201900009334,4,19,14:45,1,2,1,1.0,3.0,92004,ARGENTEUIL AV D',M,"48,9159234","2,2824991",92,2019,50.0,1.0,1.0,3.0,2163247,1.0,1,1,1,1.0,,-1.0,0,1989.0,A01,138Â 289Â 041,1.0,8.0,-1.0,1651684,3.0,10,,0.0,2.0,6.0,A01,138Â 289Â 041,1.0
967803,201900009334,4,19,14:45,1,2,1,1.0,3.0,92004,ARGENTEUIL AV D',M,"48,9159234","2,2824991",92,2019,50.0,1.0,1.0,3.0,2163247,1.0,1,1,1,1.0,,-1.0,0,1989.0,A01,138Â 289Â 041,1.0,8.0,-1.0,1651685,3.0,30,,0.0,2.0,1.0,B01,138Â 289Â 042,2.0
967803,201900009334,4,19,14:45,1,2,1,1.0,3.0,92004,ARGENTEUIL AV D',M,"48,9159234","2,2824991",92,2019,50.0,1.0,1.0,3.0,2163248,1.0,1,4,1,0.0,,-1.0,0,1994.0,B01,138Â 289Â 042,2.0,8.0,-1.0,1651684,3.0,10,,0.0,2.0,6.0,A01,138Â 289Â 041,1.0