Unnamed: 0_x,num_acc,mois,jour,hrmn,lum,agg,int,atm,col,com,adr,gps,lat,long,dep,annee,vma,situ,surf,catr,Unnamed: 0_y,place,catu,grav,sexe,trajet,secu,locp,actp,an_nais,num_veh_x,id_vehicule_x,secu1,secu2,secu3,Unnamed: 0,senc,catv,occutc,obs,obsm,choc,num_veh_y,id_vehicule_y,motor
967803,201900009334,4,19,14:45,1,2,1,1.0,3.0,92004,ARGENTEUIL AV D',M,"48,9159234","2,2824991",92,2019,50.0,1.0,1.0,3.0,2163248,1.0,1,4,1,0.0,,-1.0,0,1994.0,B01,138Â 289Â 042,2.0,8.0,-1.0,1651685,3.0,30,,0.0,2.0,1.0,B01,138Â 289Â 042,2.0
967804,201900009335,12,21,23:30,5,2,1,2.0,7.0,75119,QUAI DE LA LOIRE,M,"48,8874390","2,3790280",75,2019,30.0,5.0,2.0,4.0,2163249,1.0,1,4,1,9.0,,0.0,0,1999.0,A01,138Â 289Â 040,8.0,2.0,-1.0,1651686,1.0,50,,0.0,0.0,0.0,A01,138Â 289Â 040,3.0
967805,201900009336,12,31,20:30,5,2,3,1.0,3.0,93031,GEORGES PICOT (RUE),M,"48,9488100","2,3404200",93,2019,50.0,1.0,1.0,4.0,2163250,1.0,1,4,1,1.0,,-1.0, -1,1987.0,B01,138Â 289Â 038,8.0,0.0,-1.0,1651687,1.0,2,,0.0,2.0,2.0,B01,138Â 289Â 038,1.0
967805,201900009336,12,31,20:30,5,2,3,1.0,3.0,93031,GEORGES PICOT (RUE),M,"48,9488100","2,3404200",93,2019,50.0,1.0,1.0,4.0,2163250,1.0,1,4,1,1.0,,-1.0, -1,1987.0,B01,138Â 289Â 038,8.0,0.0,-1.0,1651688,1.0,10,,0.0,2.0,3.0,A01,138Â 289Â 039,1.0
967805,201900009336,12,31,20:30,5,2,3,1.0,3.0,93031,GEORGES PICOT (RUE),M,"48,9488100","2,3404200",93,2019,50.0,1.0,1.0,4.0,2163251,1.0,1,1,2,5.0,,-1.0, -1,1987.0,A01,138Â 289Â 039,8.0,0.0,-1.0,1651687,1.0,2,,0.0,2.0,2.0,B01,138Â 289Â 038,1.0
967805,201900009336,12,31,20:30,5,2,3,1.0,3.0,93031,GEORGES PICOT (RUE),M,"48,9488100","2,3404200",93,2019,50.0,1.0,1.0,4.0,2163251,1.0,1,1,2,5.0,,-1.0, -1,1987.0,A01,138Â 289Â 039,8.0,0.0,-1.0,1651688,1.0,10,,0.0,2.0,3.0,A01,138Â 289Â 039,1.0
967806,201900009337,12,7,19:25,5,1,1,1.0,6.0,37208,A10,M,"47,3731180","0,7153150",37,2019,90.0,1.0,1.0,1.0,2163252,1.0,1,4,1,5.0,,0.0,0,1982.0,A01,138Â 289Â 036,8.0,-1.0,-1.0,1651689,2.0,7,,3.0,0.0,1.0,A01,138Â 289Â 036,1.0
967806,201900009337,12,7,19:25,5,1,1,1.0,6.0,37208,A10,M,"47,3731180","0,7153150",37,2019,90.0,1.0,1.0,1.0,2163252,1.0,1,4,1,5.0,,0.0,0,1982.0,A01,138Â 289Â 036,8.0,-1.0,-1.0,1651690,1.0,7,,0.0,0.0,0.0,B01,138Â 289Â 037,0.0
967807,201900009338,12,23,17:40,2,1,1,1.0,1.0,18016,D46,M,"47,2097678","2,5863720",18,2019,80.0,1.0,1.0,3.0,2163253,1.0,1,3,2,5.0,,0.0,0,1954.0,A01,138Â 289Â 034,8.0,-1.0,-1.0,1651691,1.0,7,,0.0,2.0,1.0,A01,138Â 289Â 034,1.0
967807,201900009338,12,23,17:40,2,1,1,1.0,1.0,18016,D46,M,"47,2097678","2,5863720",18,2019,80.0,1.0,1.0,3.0,2163253,1.0,1,3,2,5.0,,0.0,0,1954.0,A01,138Â 289Â 034,8.0,-1.0,-1.0,1651692,2.0,7,,0.0,2.0,1.0,B01,138Â 289Â 035,1.0
967807,201900009338,12,23,17:40,2,1,1,1.0,1.0,18016,D46,M,"47,2097678","2,5863720",18,2019,80.0,1.0,1.0,3.0,2163254,1.0,1,3,1,5.0,,0.0,0,1969.0,B01,138Â 289Â 035,1.0,-1.0,-1.0,1651691,1.0,7,,0.0,2.0,1.0,A01,138Â 289Â 034,1.0
967807,201900009338,12,23,17:40,2,1,1,1.0,1.0,18016,D46,M,"47,2097678","2,5863720",18,2019,80.0,1.0,1.0,3.0,2163254,1.0,1,3,1,5.0,,0.0,0,1969.0,B01,138Â 289Â 035,1.0,-1.0,-1.0,1651692,2.0,7,,0.0,2.0,1.0,B01,138Â 289Â 035,1.0
967808,201900009339,11,28,18:00,3,2,2,8.0,3.0,37273,Avenue Jeanne d'Arc,M,"47,3952050","0,7727950",37,2019,50.0,1.0,1.0,4.0,2163255,1.0,1,4,1,9.0,,0.0,0,1973.0,B01,138Â 289Â 032,2.0,-1.0,-1.0,1651693,1.0,1,,0.0,2.0,1.0,B01,138Â 289Â 032,5.0
967808,201900009339,11,28,18:00,3,2,2,8.0,3.0,37273,Avenue Jeanne d'Arc,M,"47,3952050","0,7727950",37,2019,50.0,1.0,1.0,4.0,2163255,1.0,1,4,1,9.0,,0.0,0,1973.0,B01,138Â 289Â 032,2.0,-1.0,-1.0,1651694,1.0,7,,0.0,2.0,7.0,A01,138Â 289Â 033,1.0
967808,201900009339,11,28,18:00,3,2,2,8.0,3.0,37273,Avenue Jeanne d'Arc,M,"47,3952050","0,7727950",37,2019,50.0,1.0,1.0,4.0,2163256,1.0,1,1,1,1.0,,0.0,0,1972.0,A01,138Â 289Â 033,1.0,-1.0,-1.0,1651693,1.0,1,,0.0,2.0,1.0,B01,138Â 289Â 032,5.0
967808,201900009339,11,28,18:00,3,2,2,8.0,3.0,37273,Avenue Jeanne d'Arc,M,"47,3952050","0,7727950",37,2019,50.0,1.0,1.0,4.0,2163256,1.0,1,1,1,1.0,,0.0,0,1972.0,A01,138Â 289Â 033,1.0,-1.0,-1.0,1651694,1.0,7,,0.0,2.0,7.0,A01,138Â 289Â 033,1.0
967809,201900009340,3,22,17:00,1,1,1,1.0,6.0,84080,BEAULIEU ALLEE DE,M,"44,0189300","4,9666200",84,2019,80.0,1.0,1.0,4.0,2163257,1.0,1,3,1,0.0,,-1.0, -1,1999.0,A01,138Â 289Â 031,2.0,8.0,-1.0,1651695,2.0,33,,8.0,0.0,1.0,A01,138Â 289Â 031,1.0
967810,201900009341,12,7,16:50,1,2,1,1.0,6.0,91521,PROVENCE (RUE DE),M,"48,6472900","2,4175700",91,2019,50.0,1.0,1.0,4.0,2163258,1.0,1,1,1,0.0,,0.0,0,1987.0,A01,138Â 289Â 030,8.0,0.0,-1.0,1651696,3.0,7,,0.0,1.0,4.0,A01,138Â 289Â 030,5.0
967810,201900009341,12,7,16:50,1,2,1,1.0,6.0,91521,PROVENCE (RUE DE),M,"48,6472900","2,4175700",91,2019,50.0,1.0,1.0,4.0,2163259,10.0,3,3,1,3.0,,2.0,3,1939.0,A01,138Â 289Â 030,0.0,-1.0,-1.0,1651696,3.0,7,,0.0,1.0,4.0,A01,138Â 289Â 030,5.0
967811,201900009342,12,18,07:45,5,2,1,1.0,3.0,78126,MOULIN JEAN (AVENUE),M,"48,8548100","2,1377150",78,2019,50.0,1.0,1.0,3.0,2163260,1.0,1,1,1,1.0,,-1.0,0,1964.0,A01,138Â 289Â 028,1.0,8.0,-1.0,1651697,1.0,7,,0.0,2.0,2.0,A01,138Â 289Â 028,1.0
967811,201900009342,12,18,07:45,5,2,1,1.0,3.0,78126,MOULIN JEAN (AVENUE),M,"48,8548100","2,1377150",78,2019,50.0,1.0,1.0,3.0,2163260,1.0,1,1,1,1.0,,-1.0,0,1964.0,A01,138Â 289Â 028,1.0,8.0,-1.0,1651698,2.0,30,,0.0,2.0,1.0,B01,138Â 289Â 029,1.0
967811,201900009342,12,18,07:45,5,2,1,1.0,3.0,78126,MOULIN JEAN (AVENUE),M,"48,8548100","2,1377150",78,2019,50.0,1.0,1.0,3.0,2163261,1.0,1,3,1,1.0,,-1.0,0,1988.0,B01,138Â 289Â 029,2.0,8.0,-1.0,1651697,1.0,7,,0.0,2.0,2.0,A01,138Â 289Â 028,1.0
967811,201900009342,12,18,07:45,5,2,1,1.0,3.0,78126,MOULIN JEAN (AVENUE),M,"48,8548100","2,1377150",78,2019,50.0,1.0,1.0,3.0,2163261,1.0,1,3,1,1.0,,-1.0,0,1988.0,B01,138Â 289Â 029,2.0,8.0,-1.0,1651698,2.0,30,,0.0,2.0,1.0,B01,138Â 289Â 029,1.0
967812,201900009343,12,11,15:40,1,2,3,2.0,6.0,73008,Rue du casino / Av des fleurs,M,"45,6894487","5,9134575",73,2019,30.0,1.0,2.0,4.0,2163262,1.0,1,1,1,5.0,,0.0,0,1935.0,A01,138Â 289Â 027,1.0,0.0,-1.0,1651699,2.0,7,,0.0,1.0,1.0,A01,138Â 289Â 027,1.0
967812,201900009343,12,11,15:40,1,2,3,2.0,6.0,73008,Rue du casino / Av des fleurs,M,"45,6894487","5,9134575",73,2019,30.0,1.0,2.0,4.0,2163263,10.0,3,3,2,5.0,,3.0,3,1950.0,A01,138Â 289Â 027,0.0,-1.0,-1.0,1651699,2.0,7,,0.0,1.0,1.0,A01,138Â 289Â 027,1.0
967813,201900009344,12,30,16:40,1,2,1,1.0,3.0,64260,BEHOBIE (RUE DE),M,"43,3495900"," -1,7775400",64,2019,50.0,1.0,1.0,4.0,2163264,1.0,1,1,1,0.0,,-1.0,0,1990.0,B01,138Â 289Â 025,1.0,0.0,-1.0,1651700,2.0,7,,0.0,2.0,1.0,B01,138Â 289Â 025,0.0
967813,201900009344,12,30,16:40,1,2,1,1.0,3.0,64260,BEHOBIE (RUE DE),M,"43,3495900"," -1,7775400",64,2019,50.0,1.0,1.0,4.0,2163264,1.0,1,1,1,0.0,,-1.0,0,1990.0,B01,138Â 289Â 025,1.0,0.0,-1.0,1651701,1.0,7,,0.0,2.0,5.0,A01,138Â 289Â 026,1.0
967813,201900009344,12,30,16:40,1,2,1,1.0,3.0,64260,BEHOBIE (RUE DE),M,"43,3495900"," -1,7775400",64,2019,50.0,1.0,1.0,4.0,2163265,1.0,1,1,2,9.0,,-1.0,0,1966.0,A01,138Â 289Â 026,1.0,0.0,-1.0,1651700,2.0,7,,0.0,2.0,1.0,B01,138Â 289Â 025,0.0
967813,201900009344,12,30,16:40,1,2,1,1.0,3.0,64260,BEHOBIE (RUE DE),M,"43,3495900"," -1,7775400",64,2019,50.0,1.0,1.0,4.0,2163265,1.0,1,1,2,9.0,,-1.0,0,1966.0,A01,138Â 289Â 026,1.0,0.0,-1.0,1651701,1.0,7,,0.0,2.0,5.0,A01,138Â 289Â 026,1.0
967813,201900009344,12,30,16:40,1,2,1,1.0,3.0,64260,BEHOBIE (RUE DE),M,"43,3495900"," -1,7775400",64,2019,50.0,1.0,1.0,4.0,2163266,2.0,2,4,1,9.0,,-1.0,0,1965.0,A01,138Â 289Â 026,1.0,0.0,-1.0,1651700,2.0,7,,0.0,2.0,1.0,B01,138Â 289Â 025,0.0
967813,201900009344,12,30,16:40,1,2,1,1.0,3.0,64260,BEHOBIE (RUE DE),M,"43,3495900"," -1,7775400",64,2019,50.0,1.0,1.0,4.0,2163266,2.0,2,4,1,9.0,,-1.0,0,1965.0,A01,138Â 289Â 026,1.0,0.0,-1.0,1651701,1.0,7,,0.0,2.0,5.0,A01,138Â 289Â 026,1.0
967814,201900009345,12,13,16:30,1,2,1,1.0,6.0,63063,PERCHES (COURS DES),M,"45,8307842","3,0983502",63,2019,50.0,1.0,1.0,7.0,2163267,1.0,1,1,2,0.0,,0.0,0,1942.0,A01,138Â 289Â 024,8.0,8.0,-1.0,1651702,3.0,7,,0.0,1.0,3.0,A01,138Â 289Â 024,1.0
967814,201900009345,12,13,16:30,1,2,1,1.0,6.0,63063,PERCHES (COURS DES),M,"45,8307842","3,0983502",63,2019,50.0,1.0,1.0,7.0,2163268,10.0,3,4,2,3.0,,3.0,3,1955.0,A01,138Â 289Â 024,0.0,-1.0,-1.0,1651702,3.0,7,,0.0,1.0,3.0,A01,138Â 289Â 024,1.0
967815,201900009346,12,4,18:30,5,2,2,1.0,3.0,62895,BASLY (R EMILE),M,"50,4060000","2,8500000",62,2019,50.0,1.0,1.0,4.0,2163269,1.0,1,3,1,5.0,,-1.0,0,1994.0,B01,138Â 289Â 022,2.0,8.0,-1.0,1651703,3.0,33,,0.0,2.0,1.0,B01,138Â 289Â 022,1.0
967815,201900009346,12,4,18:30,5,2,2,1.0,3.0,62895,BASLY (R EMILE),M,"50,4060000","2,8500000",62,2019,50.0,1.0,1.0,4.0,2163269,1.0,1,3,1,5.0,,-1.0,0,1994.0,B01,138Â 289Â 022,2.0,8.0,-1.0,1651704,3.0,7,,0.0,2.0,2.0,A01,138Â 289Â 023,1.0
967815,201900009346,12,4,18:30,5,2,2,1.0,3.0,62895,BASLY (R EMILE),M,"50,4060000","2,8500000",62,2019,50.0,1.0,1.0,4.0,2163270,1.0,1,1,1,1.0,,-1.0,0,1991.0,A01,138Â 289Â 023,1.0,8.0,-1.0,1651703,3.0,33,,0.0,2.0,1.0,B01,138Â 289Â 022,1.0
967815,201900009346,12,4,18:30,5,2,2,1.0,3.0,62895,BASLY (R EMILE),M,"50,4060000","2,8500000",62,2019,50.0,1.0,1.0,4.0,2163270,1.0,1,1,1,1.0,,-1.0,0,1991.0,A01,138Â 289Â 023,1.0,8.0,-1.0,1651704,3.0,7,,0.0,2.0,2.0,A01,138Â 289Â 023,1.0
967816,201900009347,12,20,07:15,5,2,2,3.0,6.0,62033,BROSSOLETTE (R PIERRE),M,"50,4635800","2,8800200",62,2019,50.0,1.0,2.0,4.0,2163271,10.0,3,4,2,2.0,,2.0,3,2006.0,A01,138Â 289Â 021,0.0,-1.0,-1.0,1651705,3.0,7,,0.0,1.0,1.0,A01,138Â 289Â 021,1.0
967816,201900009347,12,20,07:15,5,2,2,3.0,6.0,62033,BROSSOLETTE (R PIERRE),M,"50,4635800","2,8800200",62,2019,50.0,1.0,2.0,4.0,2163272,1.0,1,1,1,1.0,,-1.0, -1,1973.0,A01,138Â 289Â 021,1.0,8.0,-1.0,1651705,3.0,7,,0.0,1.0,1.0,A01,138Â 289Â 021,1.0
967817,201900009348,12,2,12:55,1,2,2,1.0,3.0,44184, RUE DU CDT GÃTÃ / BD MERMOZ,M,"47,2770080"," -2,2275080",44,2019,50.0,1.0,1.0,4.0,2163273,1.0,1,1,1,0.0,,0.0,0,1993.0,A01,138Â 289Â 019,1.0,0.0,-1.0,1651706,3.0,7,,0.0,2.0,2.0,A01,138Â 289Â 019,1.0
967817,201900009348,12,2,12:55,1,2,2,1.0,3.0,44184, RUE DU CDT GÃTÃ / BD MERMOZ,M,"47,2770080"," -2,2275080",44,2019,50.0,1.0,1.0,4.0,2163273,1.0,1,1,1,0.0,,0.0,0,1993.0,A01,138Â 289Â 019,1.0,0.0,-1.0,1651707,3.0,7,,0.0,2.0,1.0,B01,138Â 289Â 020,1.0
967817,201900009348,12,2,12:55,1,2,2,1.0,3.0,44184, RUE DU CDT GÃTÃ / BD MERMOZ,M,"47,2770080"," -2,2275080",44,2019,50.0,1.0,1.0,4.0,2163274,1.0,1,4,1,0.0,,0.0,0,1981.0,B01,138Â 289Â 020,1.0,0.0,-1.0,1651706,3.0,7,,0.0,2.0,2.0,A01,138Â 289Â 019,1.0
967817,201900009348,12,2,12:55,1,2,2,1.0,3.0,44184, RUE DU CDT GÃTÃ / BD MERMOZ,M,"47,2770080"," -2,2275080",44,2019,50.0,1.0,1.0,4.0,2163274,1.0,1,4,1,0.0,,0.0,0,1981.0,B01,138Â 289Â 020,1.0,0.0,-1.0,1651707,3.0,7,,0.0,2.0,1.0,B01,138Â 289Â 020,1.0
967818,201900009349,12,2,11:15,1,2,2,1.0,3.0,29019,RAVEL MAURICE,M,"48,4125024"," -4,4911478",29,2019,50.0,1.0,1.0,4.0,2163275,1.0,1,1,1,5.0,,-1.0,0,1990.0,A01,138Â 289Â 017,1.0,0.0,-1.0,1651708,1.0,7,,0.0,2.0,1.0,A01,138Â 289Â 017,1.0
967818,201900009349,12,2,11:15,1,2,2,1.0,3.0,29019,RAVEL MAURICE,M,"48,4125024"," -4,4911478",29,2019,50.0,1.0,1.0,4.0,2163275,1.0,1,1,1,5.0,,-1.0,0,1990.0,A01,138Â 289Â 017,1.0,0.0,-1.0,1651709,1.0,7,,0.0,2.0,3.0,B01,138Â 289Â 018,1.0
967818,201900009349,12,2,11:15,1,2,2,1.0,3.0,29019,RAVEL MAURICE,M,"48,4125024"," -4,4911478",29,2019,50.0,1.0,1.0,4.0,2163276,1.0,1,4,1,5.0,,-1.0,0,1960.0,B01,138Â 289Â 018,1.0,0.0,-1.0,1651708,1.0,7,,0.0,2.0,1.0,A01,138Â 289Â 017,1.0
967818,201900009349,12,2,11:15,1,2,2,1.0,3.0,29019,RAVEL MAURICE,M,"48,4125024"," -4,4911478",29,2019,50.0,1.0,1.0,4.0,2163276,1.0,1,4,1,5.0,,-1.0,0,1960.0,B01,138Â 289Â 018,1.0,0.0,-1.0,1651709,1.0,7,,0.0,2.0,3.0,B01,138Â 289Â 018,1.0
967819,201900009350,12,22,20:05,5,2,1,1.0,6.0,94002,BLANQUI (QU),M,"48,8046300","2,4117200",94,2019,50.0,1.0,1.0,3.0,2163277,1.0,1,1,1,0.0,,-1.0, -1,2019.0,A01,138Â 289Â 015,8.0,0.0,-1.0,1651710,3.0,0,,0.0,2.0,4.0,A01,138Â 289Â 015,0.0
967819,201900009350,12,22,20:05,5,2,1,1.0,6.0,94002,BLANQUI (QU),M,"48,8046300","2,4117200",94,2019,50.0,1.0,1.0,3.0,2163277,1.0,1,1,1,0.0,,-1.0, -1,2019.0,A01,138Â 289Â 015,8.0,0.0,-1.0,1651711,3.0,0,,0.0,0.0,0.0,B01,138Â 289Â 016,0.0
967819,201900009350,12,22,20:05,5,2,1,1.0,6.0,94002,BLANQUI (QU),M,"48,8046300","2,4117200",94,2019,50.0,1.0,1.0,3.0,2163278,1.0,1,3,1,0.0,,-1.0, -1,2002.0,B01,138Â 289Â 016,8.0,0.0,-1.0,1651710,3.0,0,,0.0,2.0,4.0,A01,138Â 289Â 015,0.0
967819,201900009350,12,22,20:05,5,2,1,1.0,6.0,94002,BLANQUI (QU),M,"48,8046300","2,4117200",94,2019,50.0,1.0,1.0,3.0,2163278,1.0,1,3,1,0.0,,-1.0, -1,2002.0,B01,138Â 289Â 016,8.0,0.0,-1.0,1651711,3.0,0,,0.0,0.0,0.0,B01,138Â 289Â 016,0.0
967820,201900009351,12,17,09:25,1,2,1,2.0,3.0,92044,P.V.COUTURIER(RUE)1A39 ET2A26,M,"48,8936352","2,2774922",92,2019,50.0,1.0,2.0,4.0,2163279,1.0,1,4,1,4.0,,-1.0, -1,1969.0,B01,138Â 289Â 013,2.0,6.0,-1.0,1651712,1.0,2,,0.0,2.0,2.0,B01,138Â 289Â 013,0.0
967820,201900009351,12,17,09:25,1,2,1,2.0,3.0,92044,P.V.COUTURIER(RUE)1A39 ET2A26,M,"48,8936352","2,2774922",92,2019,50.0,1.0,2.0,4.0,2163279,1.0,1,4,1,4.0,,-1.0, -1,1969.0,B01,138Â 289Â 013,2.0,6.0,-1.0,1651713,1.0,10,,0.0,2.0,8.0,A01,138Â 289Â 014,0.0
967820,201900009351,12,17,09:25,1,2,1,2.0,3.0,92044,P.V.COUTURIER(RUE)1A39 ET2A26,M,"48,8936352","2,2774922",92,2019,50.0,1.0,2.0,4.0,2163280,1.0,1,1,1,1.0,,-1.0,0,1962.0,A01,138Â 289Â 014,1.0,0.0,-1.0,1651712,1.0,2,,0.0,2.0,2.0,B01,138Â 289Â 013,0.0
967820,201900009351,12,17,09:25,1,2,1,2.0,3.0,92044,P.V.COUTURIER(RUE)1A39 ET2A26,M,"48,8936352","2,2774922",92,2019,50.0,1.0,2.0,4.0,2163280,1.0,1,1,1,1.0,,-1.0,0,1962.0,A01,138Â 289Â 014,1.0,0.0,-1.0,1651713,1.0,10,,0.0,2.0,8.0,A01,138Â 289Â 014,0.0
967821,201900009352,2,14,20:30,2,2,1,1.0,2.0,33243,Avenue de la Roudet,M,"44,9333500"," -0,2416600",33,2019,50.0,1.0,1.0,4.0,2163281,1.0,1,4,1,0.0,,0.0,0,1998.0,B01,138Â 289Â 011,8.0,-1.0,-1.0,1651714,2.0,7,,0.0,0.0,4.0,B01,138Â 289Â 011,1.0
967821,201900009352,2,14,20:30,2,2,1,1.0,2.0,33243,Avenue de la Roudet,M,"44,9333500"," -0,2416600",33,2019,50.0,1.0,1.0,4.0,2163281,1.0,1,4,1,0.0,,0.0,0,1998.0,B01,138Â 289Â 011,8.0,-1.0,-1.0,1651715,2.0,7,,0.0,2.0,1.0,A01,138Â 289Â 012,1.0
967821,201900009352,2,14,20:30,2,2,1,1.0,2.0,33243,Avenue de la Roudet,M,"44,9333500"," -0,2416600",33,2019,50.0,1.0,1.0,4.0,2163282,1.0,1,1,1,5.0,,0.0,0,1985.0,A01,138Â 289Â 012,8.0,-1.0,-1.0,1651714,2.0,7,,0.0,0.0,4.0,B01,138Â 289Â 011,1.0
967821,201900009352,2,14,20:30,2,2,1,1.0,2.0,33243,Avenue de la Roudet,M,"44,9333500"," -0,2416600",33,2019,50.0,1.0,1.0,4.0,2163282,1.0,1,1,1,5.0,,0.0,0,1985.0,A01,138Â 289Â 012,8.0,-1.0,-1.0,1651715,2.0,7,,0.0,2.0,1.0,A01,138Â 289Â 012,1.0
967822,201900009353,12,24,23:30,5,1,6,1.0,6.0,01263,D933 - PK54+500,M,"46,0871716","4,7683045",1,2019,80.0,3.0,2.0,3.0,2163283,1.0,1,3,1,5.0,,0.0,0,2003.0,A01,138Â 289Â 010,2.0,-1.0,-1.0,1651716,2.0,2,,8.0,0.0,1.0,A01,138Â 289Â 010,0.0
967823,201900009354,12,14,11:15,1,2,1,1.0,3.0,45130,Rue Francis Carret,M,"47,7953237","1,7113202",45,2019,50.0,1.0,1.0,4.0,2163284,1.0,1,1,1,0.0,,0.0,0,1937.0,A01,138Â 289Â 008,8.0,-1.0,-1.0,1651717,3.0,7,,0.0,0.0,7.0,A01,138Â 289Â 008,1.0
967823,201900009354,12,14,11:15,1,2,1,1.0,3.0,45130,Rue Francis Carret,M,"47,7953237","1,7113202",45,2019,50.0,1.0,1.0,4.0,2163284,1.0,1,1,1,0.0,,0.0,0,1937.0,A01,138Â 289Â 008,8.0,-1.0,-1.0,1651718,0.0,1,,0.0,2.0,3.0,B01,138Â 289Â 009,5.0
967823,201900009354,12,14,11:15,1,2,1,1.0,3.0,45130,Rue Francis Carret,M,"47,7953237","1,7113202",45,2019,50.0,1.0,1.0,4.0,2163285,1.0,1,4,1,5.0,,0.0,0,1953.0,B01,138Â 289Â 009,2.0,-1.0,-1.0,1651717,3.0,7,,0.0,0.0,7.0,A01,138Â 289Â 008,1.0
967823,201900009354,12,14,11:15,1,2,1,1.0,3.0,45130,Rue Francis Carret,M,"47,7953237","1,7113202",45,2019,50.0,1.0,1.0,4.0,2163285,1.0,1,4,1,5.0,,0.0,0,1953.0,B01,138Â 289Â 009,2.0,-1.0,-1.0,1651718,0.0,1,,0.0,2.0,3.0,B01,138Â 289Â 009,5.0
967824,201900009355,12,10,17:25,2,1,1,1.0,5.0,97801,RN7,M,"18,0512370"," -63,0860360",978,2019,90.0,1.0,1.0,2.0,2163286,1.0,1,3,1,0.0,,0.0,0,1999.0,C01,138Â 289Â 005,2.0,-1.0,-1.0,1651719,3.0,32,,0.0,2.0,1.0,C01,138Â 289Â 005,1.0
967824,201900009355,12,10,17:25,2,1,1,1.0,5.0,97801,RN7,M,"18,0512370"," -63,0860360",978,2019,90.0,1.0,1.0,2.0,2163286,1.0,1,3,1,0.0,,0.0,0,1999.0,C01,138Â 289Â 005,2.0,-1.0,-1.0,1651720,3.0,32,,0.0,2.0,1.0,B01,138Â 289Â 006,1.0
967824,201900009355,12,10,17:25,2,1,1,1.0,5.0,97801,RN7,M,"18,0512370"," -63,0860360",978,2019,90.0,1.0,1.0,2.0,2163286,1.0,1,3,1,0.0,,0.0,0,1999.0,C01,138Â 289Â 005,2.0,-1.0,-1.0,1651721,3.0,99,,0.0,9.0,8.0,A01,138Â 289Â 007,1.0
967824,201900009355,12,10,17:25,2,1,1,1.0,5.0,97801,RN7,M,"18,0512370"," -63,0860360",978,2019,90.0,1.0,1.0,2.0,2163287,2.0,2,4,2,0.0,,0.0,0,2007.0,B01,138Â 289Â 006,0.0,-1.0,-1.0,1651719,3.0,32,,0.0,2.0,1.0,C01,138Â 289Â 005,1.0
967824,201900009355,12,10,17:25,2,1,1,1.0,5.0,97801,RN7,M,"18,0512370"," -63,0860360",978,2019,90.0,1.0,1.0,2.0,2163287,2.0,2,4,2,0.0,,0.0,0,2007.0,B01,138Â 289Â 006,0.0,-1.0,-1.0,1651720,3.0,32,,0.0,2.0,1.0,B01,138Â 289Â 006,1.0
967824,201900009355,12,10,17:25,2,1,1,1.0,5.0,97801,RN7,M,"18,0512370"," -63,0860360",978,2019,90.0,1.0,1.0,2.0,2163287,2.0,2,4,2,0.0,,0.0,0,2007.0,B01,138Â 289Â 006,0.0,-1.0,-1.0,1651721,3.0,99,,0.0,9.0,8.0,A01,138Â 289Â 007,1.0
967824,201900009355,12,10,17:25,2,1,1,1.0,5.0,97801,RN7,M,"18,0512370"," -63,0860360",978,2019,90.0,1.0,1.0,2.0,2163288,1.0,1,3,1,0.0,,0.0,0,1998.0,B01,138Â 289Â 006,2.0,-1.0,-1.0,1651719,3.0,32,,0.0,2.0,1.0,C01,138Â 289Â 005,1.0
967824,201900009355,12,10,17:25,2,1,1,1.0,5.0,97801,RN7,M,"18,0512370"," -63,0860360",978,2019,90.0,1.0,1.0,2.0,2163288,1.0,1,3,1,0.0,,0.0,0,1998.0,B01,138Â 289Â 006,2.0,-1.0,-1.0,1651720,3.0,32,,0.0,2.0,1.0,B01,138Â 289Â 006,1.0
967824,201900009355,12,10,17:25,2,1,1,1.0,5.0,97801,RN7,M,"18,0512370"," -63,0860360",978,2019,90.0,1.0,1.0,2.0,2163288,1.0,1,3,1,0.0,,0.0,0,1998.0,B01,138Â 289Â 006,2.0,-1.0,-1.0,1651721,3.0,99,,0.0,9.0,8.0,A01,138Â 289Â 007,1.0
967825,201900009356,12,18,18:45,5,1,1,1.0,5.0,06128,Chemin des Blaquieres,M,"43,6844330","7,1294370",6,2019,70.0,1.0,1.0,3.0,2163289,1.0,1,4,1,1.0,,0.0,0,1986.0,A01,138Â 289Â 001,8.0,-1.0,-1.0,1651722,1.0,7,,0.0,2.0,1.0,A01,138Â 289Â 001,1.0
967825,201900009356,12,18,18:45,5,1,1,1.0,5.0,06128,Chemin des Blaquieres,M,"43,6844330","7,1294370",6,2019,70.0,1.0,1.0,3.0,2163289,1.0,1,4,1,1.0,,0.0,0,1986.0,A01,138Â 289Â 001,8.0,-1.0,-1.0,1651723,2.0,7,,0.0,2.0,1.0,B01,138Â 289Â 002,1.0
967825,201900009356,12,18,18:45,5,1,1,1.0,5.0,06128,Chemin des Blaquieres,M,"43,6844330","7,1294370",6,2019,70.0,1.0,1.0,3.0,2163289,1.0,1,4,1,1.0,,0.0,0,1986.0,A01,138Â 289Â 001,8.0,-1.0,-1.0,1651724,2.0,3,,0.0,2.0,1.0,C01,138Â 289Â 003,1.0
967825,201900009356,12,18,18:45,5,1,1,1.0,5.0,06128,Chemin des Blaquieres,M,"43,6844330","7,1294370",6,2019,70.0,1.0,1.0,3.0,2163289,1.0,1,4,1,1.0,,0.0,0,1986.0,A01,138Â 289Â 001,8.0,-1.0,-1.0,1651725,2.0,7,,0.0,2.0,1.0,D01,138Â 289Â 004,1.0