Unnamed: 0_x,num_acc,mois,jour,hrmn,lum,agg,int,atm,col,com,adr,gps,lat,long,dep,annee,vma,situ,surf,catr,Unnamed: 0_y,place,catu,grav,sexe,trajet,secu,locp,actp,an_nais,num_veh_x,id_vehicule_x,secu1,secu2,secu3,Unnamed: 0,senc,catv,occutc,obs,obsm,choc,num_veh_y,id_vehicule_y,motor
967825,201900009356,12,18,18:45,5,1,1,1.0,5.0,06128,Chemin des Blaquieres,M,"43,6844330","7,1294370",6,2019,70.0,1.0,1.0,3.0,2163290,1.0,1,4,2,3.0,,0.0,0,1970.0,B01,138Â 289Â 002,8.0,-1.0,-1.0,1651722,1.0,7,,0.0,2.0,1.0,A01,138Â 289Â 001,1.0
967825,201900009356,12,18,18:45,5,1,1,1.0,5.0,06128,Chemin des Blaquieres,M,"43,6844330","7,1294370",6,2019,70.0,1.0,1.0,3.0,2163290,1.0,1,4,2,3.0,,0.0,0,1970.0,B01,138Â 289Â 002,8.0,-1.0,-1.0,1651723,2.0,7,,0.0,2.0,1.0,B01,138Â 289Â 002,1.0
967825,201900009356,12,18,18:45,5,1,1,1.0,5.0,06128,Chemin des Blaquieres,M,"43,6844330","7,1294370",6,2019,70.0,1.0,1.0,3.0,2163290,1.0,1,4,2,3.0,,0.0,0,1970.0,B01,138Â 289Â 002,8.0,-1.0,-1.0,1651724,2.0,3,,0.0,2.0,1.0,C01,138Â 289Â 003,1.0
967825,201900009356,12,18,18:45,5,1,1,1.0,5.0,06128,Chemin des Blaquieres,M,"43,6844330","7,1294370",6,2019,70.0,1.0,1.0,3.0,2163290,1.0,1,4,2,3.0,,0.0,0,1970.0,B01,138Â 289Â 002,8.0,-1.0,-1.0,1651725,2.0,7,,0.0,2.0,1.0,D01,138Â 289Â 004,1.0
967825,201900009356,12,18,18:45,5,1,1,1.0,5.0,06128,Chemin des Blaquieres,M,"43,6844330","7,1294370",6,2019,70.0,1.0,1.0,3.0,2163291,4.0,2,3,2,9.0,,0.0,0,2016.0,B01,138Â 289Â 002,1.0,-1.0,-1.0,1651722,1.0,7,,0.0,2.0,1.0,A01,138Â 289Â 001,1.0
967825,201900009356,12,18,18:45,5,1,1,1.0,5.0,06128,Chemin des Blaquieres,M,"43,6844330","7,1294370",6,2019,70.0,1.0,1.0,3.0,2163291,4.0,2,3,2,9.0,,0.0,0,2016.0,B01,138Â 289Â 002,1.0,-1.0,-1.0,1651723,2.0,7,,0.0,2.0,1.0,B01,138Â 289Â 002,1.0
967825,201900009356,12,18,18:45,5,1,1,1.0,5.0,06128,Chemin des Blaquieres,M,"43,6844330","7,1294370",6,2019,70.0,1.0,1.0,3.0,2163291,4.0,2,3,2,9.0,,0.0,0,2016.0,B01,138Â 289Â 002,1.0,-1.0,-1.0,1651724,2.0,3,,0.0,2.0,1.0,C01,138Â 289Â 003,1.0
967825,201900009356,12,18,18:45,5,1,1,1.0,5.0,06128,Chemin des Blaquieres,M,"43,6844330","7,1294370",6,2019,70.0,1.0,1.0,3.0,2163291,4.0,2,3,2,9.0,,0.0,0,2016.0,B01,138Â 289Â 002,1.0,-1.0,-1.0,1651725,2.0,7,,0.0,2.0,1.0,D01,138Â 289Â 004,1.0
967825,201900009356,12,18,18:45,5,1,1,1.0,5.0,06128,Chemin des Blaquieres,M,"43,6844330","7,1294370",6,2019,70.0,1.0,1.0,3.0,2163292,1.0,1,1,1,5.0,,0.0,0,1983.0,C01,138Â 289Â 003,8.0,-1.0,-1.0,1651722,1.0,7,,0.0,2.0,1.0,A01,138Â 289Â 001,1.0
967825,201900009356,12,18,18:45,5,1,1,1.0,5.0,06128,Chemin des Blaquieres,M,"43,6844330","7,1294370",6,2019,70.0,1.0,1.0,3.0,2163292,1.0,1,1,1,5.0,,0.0,0,1983.0,C01,138Â 289Â 003,8.0,-1.0,-1.0,1651723,2.0,7,,0.0,2.0,1.0,B01,138Â 289Â 002,1.0
967825,201900009356,12,18,18:45,5,1,1,1.0,5.0,06128,Chemin des Blaquieres,M,"43,6844330","7,1294370",6,2019,70.0,1.0,1.0,3.0,2163292,1.0,1,1,1,5.0,,0.0,0,1983.0,C01,138Â 289Â 003,8.0,-1.0,-1.0,1651724,2.0,3,,0.0,2.0,1.0,C01,138Â 289Â 003,1.0
967825,201900009356,12,18,18:45,5,1,1,1.0,5.0,06128,Chemin des Blaquieres,M,"43,6844330","7,1294370",6,2019,70.0,1.0,1.0,3.0,2163292,1.0,1,1,1,5.0,,0.0,0,1983.0,C01,138Â 289Â 003,8.0,-1.0,-1.0,1651725,2.0,7,,0.0,2.0,1.0,D01,138Â 289Â 004,1.0
967825,201900009356,12,18,18:45,5,1,1,1.0,5.0,06128,Chemin des Blaquieres,M,"43,6844330","7,1294370",6,2019,70.0,1.0,1.0,3.0,2163293,1.0,1,1,2,9.0,,0.0,0,1998.0,D01,138Â 289Â 004,8.0,-1.0,-1.0,1651722,1.0,7,,0.0,2.0,1.0,A01,138Â 289Â 001,1.0
967825,201900009356,12,18,18:45,5,1,1,1.0,5.0,06128,Chemin des Blaquieres,M,"43,6844330","7,1294370",6,2019,70.0,1.0,1.0,3.0,2163293,1.0,1,1,2,9.0,,0.0,0,1998.0,D01,138Â 289Â 004,8.0,-1.0,-1.0,1651723,2.0,7,,0.0,2.0,1.0,B01,138Â 289Â 002,1.0
967825,201900009356,12,18,18:45,5,1,1,1.0,5.0,06128,Chemin des Blaquieres,M,"43,6844330","7,1294370",6,2019,70.0,1.0,1.0,3.0,2163293,1.0,1,1,2,9.0,,0.0,0,1998.0,D01,138Â 289Â 004,8.0,-1.0,-1.0,1651724,2.0,3,,0.0,2.0,1.0,C01,138Â 289Â 003,1.0
967825,201900009356,12,18,18:45,5,1,1,1.0,5.0,06128,Chemin des Blaquieres,M,"43,6844330","7,1294370",6,2019,70.0,1.0,1.0,3.0,2163293,1.0,1,1,2,9.0,,0.0,0,1998.0,D01,138Â 289Â 004,8.0,-1.0,-1.0,1651725,2.0,7,,0.0,2.0,1.0,D01,138Â 289Â 004,1.0
967826,201900009357,12,29,17:50,5,2,1,1.0,6.0,73054,D220 Route d'Hauteville,M,"45,6103453","6,7644525",73,2019,50.0,1.0,1.0,3.0,2163294,10.0,3,3,2,5.0,,2.0,1,1954.0,A01,138Â 289Â 000,0.0,-1.0,-1.0,1651726,1.0,10,,0.0,1.0,2.0,A01,138Â 289Â 000,1.0
967826,201900009357,12,29,17:50,5,2,1,1.0,6.0,73054,D220 Route d'Hauteville,M,"45,6103453","6,7644525",73,2019,50.0,1.0,1.0,3.0,2163295,1.0,1,1,1,1.0,,0.0,0,1967.0,A01,138Â 289Â 000,1.0,-1.0,-1.0,1651726,1.0,10,,0.0,1.0,2.0,A01,138Â 289Â 000,1.0
967827,201900009358,11,29,17:29,2,2,1,1.0,3.0,44215,Rue de la Maladrie,M,"47,1843680"," -1,4859950",44,2019,50.0,1.0,2.0,4.0,2163296,1.0,1,1,2,3.0,,0.0,0,1967.0,A01,138Â 288Â 998,1.0,-1.0,-1.0,1651727,3.0,3,,0.0,2.0,7.0,A01,138Â 288Â 998,0.0
967827,201900009358,11,29,17:29,2,2,1,1.0,3.0,44215,Rue de la Maladrie,M,"47,1843680"," -1,4859950",44,2019,50.0,1.0,2.0,4.0,2163296,1.0,1,1,2,3.0,,0.0,0,1967.0,A01,138Â 288Â 998,1.0,-1.0,-1.0,1651728,3.0,33,,0.0,2.0,1.0,B01,138Â 288Â 999,0.0
967827,201900009358,11,29,17:29,2,2,1,1.0,3.0,44215,Rue de la Maladrie,M,"47,1843680"," -1,4859950",44,2019,50.0,1.0,2.0,4.0,2163297,1.0,1,3,1,5.0,,0.0,0,1997.0,B01,138Â 288Â 999,2.0,-1.0,-1.0,1651727,3.0,3,,0.0,2.0,7.0,A01,138Â 288Â 998,0.0
967827,201900009358,11,29,17:29,2,2,1,1.0,3.0,44215,Rue de la Maladrie,M,"47,1843680"," -1,4859950",44,2019,50.0,1.0,2.0,4.0,2163297,1.0,1,3,1,5.0,,0.0,0,1997.0,B01,138Â 288Â 999,2.0,-1.0,-1.0,1651728,3.0,33,,0.0,2.0,1.0,B01,138Â 288Â 999,0.0
967828,201900009359,12,29,04:15,3,1,6,1.0,7.0,27097,D313,M,"49,2063180","1,3854560",27,2019,80.0,1.0,1.0,3.0,2163298,1.0,1,3,2,5.0,,0.0,0,1967.0,A01,138Â 288Â 997,1.0,-1.0,-1.0,1651729,2.0,7,,16.0,0.0,3.0,A01,138Â 288Â 997,1.0
967829,201900009360,12,16,01:54,5,2,6,1.0,6.0,2B033,11 - RT,M,"42,6592249","9,4418961",2B,2019,50.0,1.0,1.0,2.0,2163299,1.0,1,3,1,0.0,,0.0,0,1990.0,A01,138Â 288Â 996,2.0,6.0,-1.0,1651730,3.0,33,,4.0,0.0,1.0,A01,138Â 288Â 996,1.0
967830,201900009361,11,30,01:10,5,2,1,1.0,6.0,84031,SAINT ROCH AVENUE,M,"44,0842400","5,0705800",84,2019,50.0,1.0,1.0,3.0,2163300,1.0,1,4,1,0.0,,0.0,0,1992.0,D01,138Â 288Â 995,1.0,-1.0,-1.0,1651731,0.0,10,,2.0,0.0,1.0,D01,138Â 288Â 995,1.0
967830,201900009361,11,30,01:10,5,2,1,1.0,6.0,84031,SAINT ROCH AVENUE,M,"44,0842400","5,0705800",84,2019,50.0,1.0,1.0,3.0,2163301,2.0,2,4,1,0.0,,0.0,0,1995.0,D01,138Â 288Â 995,1.0,-1.0,-1.0,1651731,0.0,10,,2.0,0.0,1.0,D01,138Â 288Â 995,1.0
967831,201900009362,12,21,14:26,1,2,1,1.0,3.0,84031,ROGIER BOULEVARD ALFRED,M,"44,0568159","5,0510199",84,2019,50.0,1.0,1.0,4.0,2163302,1.0,1,1,1,0.0,,0.0,0,2000.0,A01,138Â 288Â 993,1.0,8.0,-1.0,1651732,2.0,7,,0.0,2.0,8.0,A01,138Â 288Â 993,1.0
967831,201900009362,12,21,14:26,1,2,1,1.0,3.0,84031,ROGIER BOULEVARD ALFRED,M,"44,0568159","5,0510199",84,2019,50.0,1.0,1.0,4.0,2163302,1.0,1,1,1,0.0,,0.0,0,2000.0,A01,138Â 288Â 993,1.0,8.0,-1.0,1651733,2.0,33,,0.0,2.0,1.0,B01,138Â 288Â 994,1.0
967831,201900009362,12,21,14:26,1,2,1,1.0,3.0,84031,ROGIER BOULEVARD ALFRED,M,"44,0568159","5,0510199",84,2019,50.0,1.0,1.0,4.0,2163303,2.0,2,1,2,0.0,,-1.0, -1,2002.0,A01,138Â 288Â 993,1.0,8.0,-1.0,1651732,2.0,7,,0.0,2.0,8.0,A01,138Â 288Â 993,1.0
967831,201900009362,12,21,14:26,1,2,1,1.0,3.0,84031,ROGIER BOULEVARD ALFRED,M,"44,0568159","5,0510199",84,2019,50.0,1.0,1.0,4.0,2163303,2.0,2,1,2,0.0,,-1.0, -1,2002.0,A01,138Â 288Â 993,1.0,8.0,-1.0,1651733,2.0,33,,0.0,2.0,1.0,B01,138Â 288Â 994,1.0
967831,201900009362,12,21,14:26,1,2,1,1.0,3.0,84031,ROGIER BOULEVARD ALFRED,M,"44,0568159","5,0510199",84,2019,50.0,1.0,1.0,4.0,2163304,1.0,1,4,1,0.0,,0.0,0,1957.0,B01,138Â 288Â 994,2.0,8.0,-1.0,1651732,2.0,7,,0.0,2.0,8.0,A01,138Â 288Â 993,1.0
967831,201900009362,12,21,14:26,1,2,1,1.0,3.0,84031,ROGIER BOULEVARD ALFRED,M,"44,0568159","5,0510199",84,2019,50.0,1.0,1.0,4.0,2163304,1.0,1,4,1,0.0,,0.0,0,1957.0,B01,138Â 288Â 994,2.0,8.0,-1.0,1651733,2.0,33,,0.0,2.0,1.0,B01,138Â 288Â 994,1.0
967832,201900009363,9,3,10:00,1,2,1,1.0,3.0,83061,AVENUE DE LA CORNICHE D'AZUR,M,"43,2305780","6,4323582",83,2019,50.0,1.0,1.0,3.0,2163305,1.0,1,1,1,5.0,,-1.0,0,1941.0,B01,138Â 288Â 991,1.0,0.0,-1.0,1651734,1.0,7,,0.0,2.0,3.0,B01,138Â 288Â 991,0.0
967832,201900009363,9,3,10:00,1,2,1,1.0,3.0,83061,AVENUE DE LA CORNICHE D'AZUR,M,"43,2305780","6,4323582",83,2019,50.0,1.0,1.0,3.0,2163305,1.0,1,1,1,5.0,,-1.0,0,1941.0,B01,138Â 288Â 991,1.0,0.0,-1.0,1651735,1.0,33,,0.0,2.0,1.0,A01,138Â 288Â 992,6.0
967832,201900009363,9,3,10:00,1,2,1,1.0,3.0,83061,AVENUE DE LA CORNICHE D'AZUR,M,"43,2305780","6,4323582",83,2019,50.0,1.0,1.0,3.0,2163306,1.0,1,3,1,0.0,,-1.0, -1,1944.0,A01,138Â 288Â 992,2.0,0.0,-1.0,1651734,1.0,7,,0.0,2.0,3.0,B01,138Â 288Â 991,0.0
967832,201900009363,9,3,10:00,1,2,1,1.0,3.0,83061,AVENUE DE LA CORNICHE D'AZUR,M,"43,2305780","6,4323582",83,2019,50.0,1.0,1.0,3.0,2163306,1.0,1,3,1,0.0,,-1.0, -1,1944.0,A01,138Â 288Â 992,2.0,0.0,-1.0,1651735,1.0,33,,0.0,2.0,1.0,A01,138Â 288Â 992,6.0
967833,201900009364,12,21,18:45,5,2,1,2.0,1.0,59178,TOURNAI (ROUTE DE),M,"50,4019900","3,1197200",59,2019,50.0,1.0,2.0,3.0,2163307,2.0,1,1,1,-1.0,,0.0,0,1973.0,A01,138Â 288Â 989,1.0,0.0,0.0,1651736,1.0,7,,0.0,2.0,3.0,A01,138Â 288Â 989,1.0
967833,201900009364,12,21,18:45,5,2,1,2.0,1.0,59178,TOURNAI (ROUTE DE),M,"50,4019900","3,1197200",59,2019,50.0,1.0,2.0,3.0,2163307,2.0,1,1,1,-1.0,,0.0,0,1973.0,A01,138Â 288Â 989,1.0,0.0,0.0,1651737,2.0,33,,1.0,2.0,1.0,B01,138Â 288Â 990,1.0
967833,201900009364,12,21,18:45,5,2,1,2.0,1.0,59178,TOURNAI (ROUTE DE),M,"50,4019900","3,1197200",59,2019,50.0,1.0,2.0,3.0,2163308,1.0,1,4,1,9.0,,0.0,0,2001.0,B01,138Â 288Â 990,2.0,6.0,-1.0,1651736,1.0,7,,0.0,2.0,3.0,A01,138Â 288Â 989,1.0
967833,201900009364,12,21,18:45,5,2,1,2.0,1.0,59178,TOURNAI (ROUTE DE),M,"50,4019900","3,1197200",59,2019,50.0,1.0,2.0,3.0,2163308,1.0,1,4,1,9.0,,0.0,0,2001.0,B01,138Â 288Â 990,2.0,6.0,-1.0,1651737,2.0,33,,1.0,2.0,1.0,B01,138Â 288Â 990,1.0
967834,201900009365,12,21,11:45,1,2,1,1.0,7.0,07102,STE EULALIE (PLACE),M,"44,9313600","4,8565400",7,2019,50.0,1.0,1.0,4.0,2163309,1.0,1,4,1,5.0,,-1.0, -1,1956.0,A01,138Â 288Â 988,2.0,8.0,-1.0,1651738,3.0,1,,0.0,0.0,0.0,A01,138Â 288Â 988,5.0
967835,201900009366,12,19,10:50,1,2,1,2.0,3.0,75119,RUE DES BOIS,M,"48,8786010","2,4005450",75,2019,50.0,1.0,2.0,4.0,2163310,1.0,1,1,2,9.0,,0.0,0,1982.0,A01,138Â 288Â 986,1.0,0.0,-1.0,1651739,1.0,7,,0.0,2.0,1.0,A01,138Â 288Â 986,1.0
967835,201900009366,12,19,10:50,1,2,1,2.0,3.0,75119,RUE DES BOIS,M,"48,8786010","2,4005450",75,2019,50.0,1.0,2.0,4.0,2163310,1.0,1,1,2,9.0,,0.0,0,1982.0,A01,138Â 288Â 986,1.0,0.0,-1.0,1651740,1.0,1,,0.0,2.0,1.0,B01,138Â 288Â 987,5.0
967835,201900009366,12,19,10:50,1,2,1,2.0,3.0,75119,RUE DES BOIS,M,"48,8786010","2,4005450",75,2019,50.0,1.0,2.0,4.0,2163311,1.0,1,4,1,1.0,,0.0,0,1972.0,B01,138Â 288Â 987,2.0,8.0,-1.0,1651739,1.0,7,,0.0,2.0,1.0,A01,138Â 288Â 986,1.0
967835,201900009366,12,19,10:50,1,2,1,2.0,3.0,75119,RUE DES BOIS,M,"48,8786010","2,4005450",75,2019,50.0,1.0,2.0,4.0,2163311,1.0,1,4,1,1.0,,0.0,0,1972.0,B01,138Â 288Â 987,2.0,8.0,-1.0,1651740,1.0,1,,0.0,2.0,1.0,B01,138Â 288Â 987,5.0
967836,201900009367,10,19,15:35,1,2,3,1.0,1.0,84031,PASTEUR BOULEVARD,M,"44,0457600","5,0463600",84,2019,50.0,1.0,1.0,4.0,2163312,2.0,2,4,2,0.0,,0.0,0,2003.0,B01,138Â 288Â 984,2.0,0.0,-1.0,1651741,2.0,2,,0.0,2.0,1.0,B01,138Â 288Â 984,1.0
967836,201900009367,10,19,15:35,1,2,3,1.0,1.0,84031,PASTEUR BOULEVARD,M,"44,0457600","5,0463600",84,2019,50.0,1.0,1.0,4.0,2163312,2.0,2,4,2,0.0,,0.0,0,2003.0,B01,138Â 288Â 984,2.0,0.0,-1.0,1651742,1.0,10,,0.0,2.0,2.0,A01,138Â 288Â 985,1.0
967836,201900009367,10,19,15:35,1,2,3,1.0,1.0,84031,PASTEUR BOULEVARD,M,"44,0457600","5,0463600",84,2019,50.0,1.0,1.0,4.0,2163313,1.0,1,4,1,0.0,,0.0,0,2003.0,B01,138Â 288Â 984,2.0,0.0,-1.0,1651741,2.0,2,,0.0,2.0,1.0,B01,138Â 288Â 984,1.0
967836,201900009367,10,19,15:35,1,2,3,1.0,1.0,84031,PASTEUR BOULEVARD,M,"44,0457600","5,0463600",84,2019,50.0,1.0,1.0,4.0,2163313,1.0,1,4,1,0.0,,0.0,0,2003.0,B01,138Â 288Â 984,2.0,0.0,-1.0,1651742,1.0,10,,0.0,2.0,2.0,A01,138Â 288Â 985,1.0
967836,201900009367,10,19,15:35,1,2,3,1.0,1.0,84031,PASTEUR BOULEVARD,M,"44,0457600","5,0463600",84,2019,50.0,1.0,1.0,4.0,2163314,1.0,1,1,1,0.0,,0.0,0,1970.0,A01,138Â 288Â 985,8.0,0.0,-1.0,1651741,2.0,2,,0.0,2.0,1.0,B01,138Â 288Â 984,1.0
967836,201900009367,10,19,15:35,1,2,3,1.0,1.0,84031,PASTEUR BOULEVARD,M,"44,0457600","5,0463600",84,2019,50.0,1.0,1.0,4.0,2163314,1.0,1,1,1,0.0,,0.0,0,1970.0,A01,138Â 288Â 985,8.0,0.0,-1.0,1651742,1.0,10,,0.0,2.0,2.0,A01,138Â 288Â 985,1.0
967837,201900009368,12,1,20:25,5,1,2,1.0,3.0,97409,LETCHIS(RUE),M," -20,9728800","55,6568100",974,2019,30.0,1.0,1.0,4.0,2163315,2.0,2,1,2,0.0,,-1.0, -1,2000.0,A01,138Â 288Â 982,1.0,0.0,-1.0,1651743,1.0,7,,0.0,2.0,1.0,A01,138Â 288Â 982,1.0
967837,201900009368,12,1,20:25,5,1,2,1.0,3.0,97409,LETCHIS(RUE),M," -20,9728800","55,6568100",974,2019,30.0,1.0,1.0,4.0,2163315,2.0,2,1,2,0.0,,-1.0, -1,2000.0,A01,138Â 288Â 982,1.0,0.0,-1.0,1651744,1.0,7,,0.0,2.0,3.0,B01,138Â 288Â 983,1.0
967837,201900009368,12,1,20:25,5,1,2,1.0,3.0,97409,LETCHIS(RUE),M," -20,9728800","55,6568100",974,2019,30.0,1.0,1.0,4.0,2163316,1.0,1,4,1,9.0,,-1.0, -1,2000.0,A01,138Â 288Â 982,1.0,0.0,-1.0,1651743,1.0,7,,0.0,2.0,1.0,A01,138Â 288Â 982,1.0
967837,201900009368,12,1,20:25,5,1,2,1.0,3.0,97409,LETCHIS(RUE),M," -20,9728800","55,6568100",974,2019,30.0,1.0,1.0,4.0,2163316,1.0,1,4,1,9.0,,-1.0, -1,2000.0,A01,138Â 288Â 982,1.0,0.0,-1.0,1651744,1.0,7,,0.0,2.0,3.0,B01,138Â 288Â 983,1.0
967837,201900009368,12,1,20:25,5,1,2,1.0,3.0,97409,LETCHIS(RUE),M," -20,9728800","55,6568100",974,2019,30.0,1.0,1.0,4.0,2163317,4.0,2,4,1,5.0,,-1.0, -1,2004.0,A01,138Â 288Â 982,1.0,0.0,-1.0,1651743,1.0,7,,0.0,2.0,1.0,A01,138Â 288Â 982,1.0
967837,201900009368,12,1,20:25,5,1,2,1.0,3.0,97409,LETCHIS(RUE),M," -20,9728800","55,6568100",974,2019,30.0,1.0,1.0,4.0,2163317,4.0,2,4,1,5.0,,-1.0, -1,2004.0,A01,138Â 288Â 982,1.0,0.0,-1.0,1651744,1.0,7,,0.0,2.0,3.0,B01,138Â 288Â 983,1.0
967837,201900009368,12,1,20:25,5,1,2,1.0,3.0,97409,LETCHIS(RUE),M," -20,9728800","55,6568100",974,2019,30.0,1.0,1.0,4.0,2163318,1.0,1,4,1,5.0,,-1.0, -1,1966.0,B01,138Â 288Â 983,1.0,0.0,-1.0,1651743,1.0,7,,0.0,2.0,1.0,A01,138Â 288Â 982,1.0
967837,201900009368,12,1,20:25,5,1,2,1.0,3.0,97409,LETCHIS(RUE),M," -20,9728800","55,6568100",974,2019,30.0,1.0,1.0,4.0,2163318,1.0,1,4,1,5.0,,-1.0, -1,1966.0,B01,138Â 288Â 983,1.0,0.0,-1.0,1651744,1.0,7,,0.0,2.0,3.0,B01,138Â 288Â 983,1.0
967838,201900009369,12,28,02:50,5,2,1,1.0,7.0,97407,ROUEN(RUE),M," -20,9382600","55,2946100",974,2019,50.0,4.0,1.0,4.0,2163319,1.0,1,4,1,5.0,,-1.0, -1,1998.0,A01,138Â 288Â 981,8.0,0.0,-1.0,1651745,1.0,31,,0.0,0.0,0.0,A01,138Â 288Â 981,1.0
967839,201900009370,11,24,04:45,5,1,1,1.0,1.0,89342,D606,M,"48,2484689","3,2487720",89,2019,80.0,1.0,1.0,3.0,2163320,1.0,1,4,1,0.0,,0.0,0,1997.0,A01,138Â 288Â 979,1.0,0.0,-1.0,1651746,3.0,7,,0.0,2.0,1.0,A01,138Â 288Â 979,1.0
967839,201900009370,11,24,04:45,5,1,1,1.0,1.0,89342,D606,M,"48,2484689","3,2487720",89,2019,80.0,1.0,1.0,3.0,2163320,1.0,1,4,1,0.0,,0.0,0,1997.0,A01,138Â 288Â 979,1.0,0.0,-1.0,1651747,3.0,7,,0.0,2.0,1.0,B01,138Â 288Â 980,1.0
967839,201900009370,11,24,04:45,5,1,1,1.0,1.0,89342,D606,M,"48,2484689","3,2487720",89,2019,80.0,1.0,1.0,3.0,2163321,2.0,2,1,2,0.0,,0.0,0,1997.0,A01,138Â 288Â 979,1.0,0.0,-1.0,1651746,3.0,7,,0.0,2.0,1.0,A01,138Â 288Â 979,1.0
967839,201900009370,11,24,04:45,5,1,1,1.0,1.0,89342,D606,M,"48,2484689","3,2487720",89,2019,80.0,1.0,1.0,3.0,2163321,2.0,2,1,2,0.0,,0.0,0,1997.0,A01,138Â 288Â 979,1.0,0.0,-1.0,1651747,3.0,7,,0.0,2.0,1.0,B01,138Â 288Â 980,1.0
967839,201900009370,11,24,04:45,5,1,1,1.0,1.0,89342,D606,M,"48,2484689","3,2487720",89,2019,80.0,1.0,1.0,3.0,2163322,1.0,1,4,2,9.0,,0.0,0,1962.0,B01,138Â 288Â 980,1.0,0.0,-1.0,1651746,3.0,7,,0.0,2.0,1.0,A01,138Â 288Â 979,1.0
967839,201900009370,11,24,04:45,5,1,1,1.0,1.0,89342,D606,M,"48,2484689","3,2487720",89,2019,80.0,1.0,1.0,3.0,2163322,1.0,1,4,2,9.0,,0.0,0,1962.0,B01,138Â 288Â 980,1.0,0.0,-1.0,1651747,3.0,7,,0.0,2.0,1.0,B01,138Â 288Â 980,1.0
967840,201900009371,12,15,18:50,5,2,1,2.0,6.0,89236,RUE DU CHATEAU,M,"48,1753500","3,3125800",89,2019,50.0,1.0,2.0,3.0,2163323,1.0,1,4,1,9.0,,-1.0, -1,1951.0,A01,138Â 288Â 978,8.0,0.0,-1.0,1651748,1.0,7,,15.0,0.0,1.0,A01,138Â 288Â 978,1.0
967841,201900009372,12,31,15:15,1,2,2,1.0,4.0,69096,LIBERTE (DE LA) (AV),M,"45,6099500","4,7837200",69,2019,50.0,1.0,1.0,4.0,2163324,1.0,1,4,1,4.0,,-1.0, -1,1969.0,B01,138Â 288Â 973,1.0,8.0,-1.0,1651749,3.0,10,,0.0,2.0,8.0,B01,138Â 288Â 973,1.0
967841,201900009372,12,31,15:15,1,2,2,1.0,4.0,69096,LIBERTE (DE LA) (AV),M,"45,6099500","4,7837200",69,2019,50.0,1.0,1.0,4.0,2163324,1.0,1,4,1,4.0,,-1.0, -1,1969.0,B01,138Â 288Â 973,1.0,8.0,-1.0,1651750,3.0,7,,0.0,2.0,3.0,C01,138Â 288Â 974,1.0
967841,201900009372,12,31,15:15,1,2,2,1.0,4.0,69096,LIBERTE (DE LA) (AV),M,"45,6099500","4,7837200",69,2019,50.0,1.0,1.0,4.0,2163324,1.0,1,4,1,4.0,,-1.0, -1,1969.0,B01,138Â 288Â 973,1.0,8.0,-1.0,1651751,3.0,7,,0.0,2.0,1.0,A01,138Â 288Â 975,1.0
967841,201900009372,12,31,15:15,1,2,2,1.0,4.0,69096,LIBERTE (DE LA) (AV),M,"45,6099500","4,7837200",69,2019,50.0,1.0,1.0,4.0,2163325,1.0,1,4,2,5.0,,-1.0, -1,1997.0,C01,138Â 288Â 974,1.0,5.0,-1.0,1651749,3.0,10,,0.0,2.0,8.0,B01,138Â 288Â 973,1.0
967841,201900009372,12,31,15:15,1,2,2,1.0,4.0,69096,LIBERTE (DE LA) (AV),M,"45,6099500","4,7837200",69,2019,50.0,1.0,1.0,4.0,2163325,1.0,1,4,2,5.0,,-1.0, -1,1997.0,C01,138Â 288Â 974,1.0,5.0,-1.0,1651750,3.0,7,,0.0,2.0,3.0,C01,138Â 288Â 974,1.0
967841,201900009372,12,31,15:15,1,2,2,1.0,4.0,69096,LIBERTE (DE LA) (AV),M,"45,6099500","4,7837200",69,2019,50.0,1.0,1.0,4.0,2163325,1.0,1,4,2,5.0,,-1.0, -1,1997.0,C01,138Â 288Â 974,1.0,5.0,-1.0,1651751,3.0,7,,0.0,2.0,1.0,A01,138Â 288Â 975,1.0
967841,201900009372,12,31,15:15,1,2,2,1.0,4.0,69096,LIBERTE (DE LA) (AV),M,"45,6099500","4,7837200",69,2019,50.0,1.0,1.0,4.0,2163326,1.0,1,1,1,3.0,,-1.0, -1,2001.0,A01,138Â 288Â 975,1.0,5.0,-1.0,1651749,3.0,10,,0.0,2.0,8.0,B01,138Â 288Â 973,1.0
967841,201900009372,12,31,15:15,1,2,2,1.0,4.0,69096,LIBERTE (DE LA) (AV),M,"45,6099500","4,7837200",69,2019,50.0,1.0,1.0,4.0,2163326,1.0,1,1,1,3.0,,-1.0, -1,2001.0,A01,138Â 288Â 975,1.0,5.0,-1.0,1651750,3.0,7,,0.0,2.0,3.0,C01,138Â 288Â 974,1.0
967841,201900009372,12,31,15:15,1,2,2,1.0,4.0,69096,LIBERTE (DE LA) (AV),M,"45,6099500","4,7837200",69,2019,50.0,1.0,1.0,4.0,2163326,1.0,1,1,1,3.0,,-1.0, -1,2001.0,A01,138Â 288Â 975,1.0,5.0,-1.0,1651751,3.0,7,,0.0,2.0,1.0,A01,138Â 288Â 975,1.0
967842,201900009373,12,2,20:53,5,2,2,2.0,6.0,64445,ALSACE LORRAINE D',M,"43,3044900"," -0,3681900",64,2019,50.0,6.0,2.0,4.0,2163327,10.0,3,3,2,9.0,,2.0,3,1939.0,A01,138Â 288Â 972,0.0,-1.0,-1.0,1651752,2.0,7,,0.0,1.0,1.0,A01,138Â 288Â 972,1.0