Unnamed: 0_x,num_acc,mois,jour,hrmn,lum,agg,int,atm,col,com,adr,gps,lat,long,dep,annee,vma,situ,surf,catr,Unnamed: 0_y,place,catu,grav,sexe,trajet,secu,locp,actp,an_nais,num_veh_x,id_vehicule_x,secu1,secu2,secu3,Unnamed: 0,senc,catv,occutc,obs,obsm,choc,num_veh_y,id_vehicule_y,motor
967842,201900009373,12,2,20:53,5,2,2,2.0,6.0,64445,ALSACE LORRAINE D',M,"43,3044900"," -0,3681900",64,2019,50.0,6.0,2.0,4.0,2163328,1.0,1,1,2,5.0,,-1.0,0,1996.0,A01,138Â 288Â 972,8.0,0.0,-1.0,1651752,2.0,7,,0.0,1.0,1.0,A01,138Â 288Â 972,1.0
967843,201900009374,12,24,15:55,1,2,1,2.0,1.0,62724,CD 46,M,"50,4060312","2,9144079",62,2019,50.0,1.0,2.0,3.0,2163329,2.0,2,3,1,5.0,,-1.0, -1,1959.0,B01,138Â 288Â 970,1.0,0.0,-1.0,1651753,3.0,7,,0.0,2.0,3.0,B01,138Â 288Â 970,1.0
967843,201900009374,12,24,15:55,1,2,1,2.0,1.0,62724,CD 46,M,"50,4060312","2,9144079",62,2019,50.0,1.0,2.0,3.0,2163329,2.0,2,3,1,5.0,,-1.0, -1,1959.0,B01,138Â 288Â 970,1.0,0.0,-1.0,1651754,3.0,7,,0.0,2.0,2.0,A01,138Â 288Â 971,1.0
967843,201900009374,12,24,15:55,1,2,1,2.0,1.0,62724,CD 46,M,"50,4060312","2,9144079",62,2019,50.0,1.0,2.0,3.0,2163330,1.0,1,3,2,5.0,,-1.0, -1,1962.0,B01,138Â 288Â 970,1.0,8.0,-1.0,1651753,3.0,7,,0.0,2.0,3.0,B01,138Â 288Â 970,1.0
967843,201900009374,12,24,15:55,1,2,1,2.0,1.0,62724,CD 46,M,"50,4060312","2,9144079",62,2019,50.0,1.0,2.0,3.0,2163330,1.0,1,3,2,5.0,,-1.0, -1,1962.0,B01,138Â 288Â 970,1.0,8.0,-1.0,1651754,3.0,7,,0.0,2.0,2.0,A01,138Â 288Â 971,1.0
967843,201900009374,12,24,15:55,1,2,1,2.0,1.0,62724,CD 46,M,"50,4060312","2,9144079",62,2019,50.0,1.0,2.0,3.0,2163331,1.0,1,3,1,5.0,,-1.0,0,1998.0,A01,138Â 288Â 971,1.0,8.0,-1.0,1651753,3.0,7,,0.0,2.0,3.0,B01,138Â 288Â 970,1.0
967843,201900009374,12,24,15:55,1,2,1,2.0,1.0,62724,CD 46,M,"50,4060312","2,9144079",62,2019,50.0,1.0,2.0,3.0,2163331,1.0,1,3,1,5.0,,-1.0,0,1998.0,A01,138Â 288Â 971,1.0,8.0,-1.0,1651754,3.0,7,,0.0,2.0,2.0,A01,138Â 288Â 971,1.0
967844,201900009375,11,24,01:10,5,2,3,1.0,3.0,62133,BARBUSSE (R HENRI ),M,"50,4122900","2,9117800",62,2019,50.0,1.0,1.0,3.0,2163332,1.0,1,4,2,5.0,,-1.0, -1,1971.0,B01,138Â 288Â 968,1.0,8.0,-1.0,1651755,1.0,7,,14.0,2.0,1.0,B01,138Â 288Â 968,1.0
967844,201900009375,11,24,01:10,5,2,3,1.0,3.0,62133,BARBUSSE (R HENRI ),M,"50,4122900","2,9117800",62,2019,50.0,1.0,1.0,3.0,2163332,1.0,1,4,2,5.0,,-1.0, -1,1971.0,B01,138Â 288Â 968,1.0,8.0,-1.0,1651756,1.0,7,,14.0,2.0,1.0,A01,138Â 288Â 969,1.0
967844,201900009375,11,24,01:10,5,2,3,1.0,3.0,62133,BARBUSSE (R HENRI ),M,"50,4122900","2,9117800",62,2019,50.0,1.0,1.0,3.0,2163333,1.0,1,1,1,5.0,,-1.0, -1,1971.0,A01,138Â 288Â 969,1.0,8.0,-1.0,1651755,1.0,7,,14.0,2.0,1.0,B01,138Â 288Â 968,1.0
967844,201900009375,11,24,01:10,5,2,3,1.0,3.0,62133,BARBUSSE (R HENRI ),M,"50,4122900","2,9117800",62,2019,50.0,1.0,1.0,3.0,2163333,1.0,1,1,1,5.0,,-1.0, -1,1971.0,A01,138Â 288Â 969,1.0,8.0,-1.0,1651756,1.0,7,,14.0,2.0,1.0,A01,138Â 288Â 969,1.0
967845,201900009376,12,1,12:05,1,2,1,2.0,6.0,57508,MOSELLE (RUE DE LA),M,"49,3434000","6,0446500",57,2019,50.0,1.0,2.0,4.0,2163334,10.0,3,3,2,5.0,,3.0,3,1946.0,A01,138Â 288Â 967,0.0,-1.0,-1.0,1651757,1.0,7,,0.0,1.0,8.0,A01,138Â 288Â 967,1.0
967845,201900009376,12,1,12:05,1,2,1,2.0,6.0,57508,MOSELLE (RUE DE LA),M,"49,3434000","6,0446500",57,2019,50.0,1.0,2.0,4.0,2163335,1.0,1,1,2,5.0,,-1.0, -1,1947.0,A01,138Â 288Â 967,1.0,0.0,-1.0,1651757,1.0,7,,0.0,1.0,8.0,A01,138Â 288Â 967,1.0
967846,201900009377,12,8,04:32,3,1,1,1.0,5.0,57591,CD181,M,"49,2396900","6,1032700",57,2019,80.0,1.0,1.0,3.0,2163336,1.0,1,4,1,5.0,,-1.0, -1,1970.0,A01,138Â 288Â 964,1.0,0.0,-1.0,1651758,1.0,7,,0.0,2.0,9.0,A01,138Â 288Â 964,0.0
967846,201900009377,12,8,04:32,3,1,1,1.0,5.0,57591,CD181,M,"49,2396900","6,1032700",57,2019,80.0,1.0,1.0,3.0,2163336,1.0,1,4,1,5.0,,-1.0, -1,1970.0,A01,138Â 288Â 964,1.0,0.0,-1.0,1651759,2.0,7,,0.0,2.0,8.0,B01,138Â 288Â 965,0.0
967846,201900009377,12,8,04:32,3,1,1,1.0,5.0,57591,CD181,M,"49,2396900","6,1032700",57,2019,80.0,1.0,1.0,3.0,2163336,1.0,1,4,1,5.0,,-1.0, -1,1970.0,A01,138Â 288Â 964,1.0,0.0,-1.0,1651760,2.0,7,,0.0,2.0,1.0,C01,138Â 288Â 966,0.0
967846,201900009377,12,8,04:32,3,1,1,1.0,5.0,57591,CD181,M,"49,2396900","6,1032700",57,2019,80.0,1.0,1.0,3.0,2163337,1.0,1,4,1,0.0,,-1.0, -1,1990.0,B01,138Â 288Â 965,1.0,0.0,-1.0,1651758,1.0,7,,0.0,2.0,9.0,A01,138Â 288Â 964,0.0
967846,201900009377,12,8,04:32,3,1,1,1.0,5.0,57591,CD181,M,"49,2396900","6,1032700",57,2019,80.0,1.0,1.0,3.0,2163337,1.0,1,4,1,0.0,,-1.0, -1,1990.0,B01,138Â 288Â 965,1.0,0.0,-1.0,1651759,2.0,7,,0.0,2.0,8.0,B01,138Â 288Â 965,0.0
967846,201900009377,12,8,04:32,3,1,1,1.0,5.0,57591,CD181,M,"49,2396900","6,1032700",57,2019,80.0,1.0,1.0,3.0,2163337,1.0,1,4,1,0.0,,-1.0, -1,1990.0,B01,138Â 288Â 965,1.0,0.0,-1.0,1651760,2.0,7,,0.0,2.0,1.0,C01,138Â 288Â 966,0.0
967846,201900009377,12,8,04:32,3,1,1,1.0,5.0,57591,CD181,M,"49,2396900","6,1032700",57,2019,80.0,1.0,1.0,3.0,2163338,1.0,1,1,2,5.0,,-1.0, -1,1992.0,C01,138Â 288Â 966,1.0,0.0,-1.0,1651758,1.0,7,,0.0,2.0,9.0,A01,138Â 288Â 964,0.0
967846,201900009377,12,8,04:32,3,1,1,1.0,5.0,57591,CD181,M,"49,2396900","6,1032700",57,2019,80.0,1.0,1.0,3.0,2163338,1.0,1,1,2,5.0,,-1.0, -1,1992.0,C01,138Â 288Â 966,1.0,0.0,-1.0,1651759,2.0,7,,0.0,2.0,8.0,B01,138Â 288Â 965,0.0
967846,201900009377,12,8,04:32,3,1,1,1.0,5.0,57591,CD181,M,"49,2396900","6,1032700",57,2019,80.0,1.0,1.0,3.0,2163338,1.0,1,1,2,5.0,,-1.0, -1,1992.0,C01,138Â 288Â 966,1.0,0.0,-1.0,1651760,2.0,7,,0.0,2.0,1.0,C01,138Â 288Â 966,0.0
967847,201900009378,12,21,15:41,2,2,1,1.0,7.0,54483,RD71,M,"48,6282740","6,2964180",54,2019,30.0,1.0,1.0,3.0,2163339,10.0,3,4,2,5.0,,3.0,3,1975.0,A01,138Â 288Â 963,0.0,-1.0,-1.0,1651761,1.0,7,,0.0,1.0,1.0,A01,138Â 288Â 963,1.0
967847,201900009378,12,21,15:41,2,2,1,1.0,7.0,54483,RD71,M,"48,6282740","6,2964180",54,2019,30.0,1.0,1.0,3.0,2163340,1.0,1,1,1,0.0,,-1.0, -1,1963.0,A01,138Â 288Â 963,1.0,0.0,-1.0,1651761,1.0,7,,0.0,1.0,1.0,A01,138Â 288Â 963,1.0
967848,201900009379,12,30,17:10,1,2,1,1.0,3.0,33063,QUAI DE BRAZZA,M,"44,8578500"," -0,5463500",33,2019,50.0,1.0,1.0,4.0,2163341,1.0,1,4,2,0.0,,-1.0, -1,1944.0,A01,138Â 288Â 961,8.0,0.0,-1.0,1651762,2.0,7,,0.0,2.0,1.0,A01,138Â 288Â 961,1.0
967848,201900009379,12,30,17:10,1,2,1,1.0,3.0,33063,QUAI DE BRAZZA,M,"44,8578500"," -0,5463500",33,2019,50.0,1.0,1.0,4.0,2163341,1.0,1,4,2,0.0,,-1.0, -1,1944.0,A01,138Â 288Â 961,8.0,0.0,-1.0,1651763,1.0,7,,0.0,2.0,4.0,B01,138Â 288Â 962,1.0
967848,201900009379,12,30,17:10,1,2,1,1.0,3.0,33063,QUAI DE BRAZZA,M,"44,8578500"," -0,5463500",33,2019,50.0,1.0,1.0,4.0,2163342,1.0,1,1,1,0.0,,-1.0, -1,1976.0,B01,138Â 288Â 962,8.0,0.0,-1.0,1651762,2.0,7,,0.0,2.0,1.0,A01,138Â 288Â 961,1.0
967848,201900009379,12,30,17:10,1,2,1,1.0,3.0,33063,QUAI DE BRAZZA,M,"44,8578500"," -0,5463500",33,2019,50.0,1.0,1.0,4.0,2163342,1.0,1,1,1,0.0,,-1.0, -1,1976.0,B01,138Â 288Â 962,8.0,0.0,-1.0,1651763,1.0,7,,0.0,2.0,4.0,B01,138Â 288Â 962,1.0
967848,201900009379,12,30,17:10,1,2,1,1.0,3.0,33063,QUAI DE BRAZZA,M,"44,8578500"," -0,5463500",33,2019,50.0,1.0,1.0,4.0,2163343,1.0,2,4,1,0.0,,-1.0, -1,1990.0,B01,138Â 288Â 962,8.0,0.0,-1.0,1651762,2.0,7,,0.0,2.0,1.0,A01,138Â 288Â 961,1.0
967848,201900009379,12,30,17:10,1,2,1,1.0,3.0,33063,QUAI DE BRAZZA,M,"44,8578500"," -0,5463500",33,2019,50.0,1.0,1.0,4.0,2163343,1.0,2,4,1,0.0,,-1.0, -1,1990.0,B01,138Â 288Â 962,8.0,0.0,-1.0,1651763,1.0,7,,0.0,2.0,4.0,B01,138Â 288Â 962,1.0
967849,201900009380,12,19,07:50,5,2,1,1.0,7.0,30007,BOISSIER DE SAUVAGE (quai),M,"44,1271800","4,0769900",30,2019,50.0,1.0,2.0,3.0,2163344,1.0,1,1,2,0.0,,-1.0, -1,1952.0,A01,138Â 288Â 958,1.0,8.0,-1.0,1651764,3.0,7,,0.0,1.0,1.0,A01,138Â 288Â 958,1.0
967849,201900009380,12,19,07:50,5,2,1,1.0,7.0,30007,BOISSIER DE SAUVAGE (quai),M,"44,1271800","4,0769900",30,2019,50.0,1.0,2.0,3.0,2163345,10.0,3,4,2,2.0,,4.0,3,2002.0,A01,138Â 288Â 958,0.0,-1.0,-1.0,1651764,3.0,7,,0.0,1.0,1.0,A01,138Â 288Â 958,1.0
967850,201900009381,12,24,17:00,5,2,1,2.0,6.0,02408,CHRIST (RUE FERNAND),M,"49,5700800","3,6071200",2,2019,50.0,1.0,2.0,4.0,2163346,1.0,1,1,2,5.0,,-1.0, -1,1958.0,A01,138Â 288Â 957,1.0,0.0,-1.0,1651765,3.0,7,,0.0,1.0,1.0,A01,138Â 288Â 957,1.0
967850,201900009381,12,24,17:00,5,2,1,2.0,6.0,02408,CHRIST (RUE FERNAND),M,"49,5700800","3,6071200",2,2019,50.0,1.0,2.0,4.0,2163347,10.0,3,4,2,5.0,,3.0,3,1988.0,A01,138Â 288Â 957,0.0,-1.0,-1.0,1651765,3.0,7,,0.0,1.0,1.0,A01,138Â 288Â 957,1.0
967851,201900009382,12,31,13:00,1,2,1,1.0,2.0,92078,HAUT DE LA NOUE (RUE),M,"48,9331300","2,3268000",92,2019,50.0,1.0,1.0,9.0,2163348,1.0,1,1,1,4.0,,-1.0, -1,1988.0,B01,138Â 288Â 955,1.0,8.0,-1.0,1651766,3.0,7,,0.0,9.0,7.0,B01,138Â 288Â 955,6.0
967851,201900009382,12,31,13:00,1,2,1,1.0,2.0,92078,HAUT DE LA NOUE (RUE),M,"48,9331300","2,3268000",92,2019,50.0,1.0,1.0,9.0,2163348,1.0,1,1,1,4.0,,-1.0, -1,1988.0,B01,138Â 288Â 955,1.0,8.0,-1.0,1651767,0.0,50,,0.0,9.0,6.0,A01,138Â 288Â 956,3.0
967851,201900009382,12,31,13:00,1,2,1,1.0,2.0,92078,HAUT DE LA NOUE (RUE),M,"48,9331300","2,3268000",92,2019,50.0,1.0,1.0,9.0,2163349,1.0,1,4,1,0.0,,-1.0, -1,1950.0,A01,138Â 288Â 956,8.0,0.0,-1.0,1651766,3.0,7,,0.0,9.0,7.0,B01,138Â 288Â 955,6.0
967851,201900009382,12,31,13:00,1,2,1,1.0,2.0,92078,HAUT DE LA NOUE (RUE),M,"48,9331300","2,3268000",92,2019,50.0,1.0,1.0,9.0,2163349,1.0,1,4,1,0.0,,-1.0, -1,1950.0,A01,138Â 288Â 956,8.0,0.0,-1.0,1651767,0.0,50,,0.0,9.0,6.0,A01,138Â 288Â 956,3.0
967852,201900009383,12,22,17:40,3,1,1,3.0,3.0,85097,autoroute A.87,M,"46,9285100"," -1,0167600",85,2019,110.0,1.0,4.0,1.0,2163350,1.0,1,1,1,5.0,,0.0,0,1934.0,B01,138Â 288Â 951,1.0,-1.0,-1.0,1651768,2.0,7,,1.0,0.0,1.0,B01,138Â 288Â 951,1.0
967852,201900009383,12,22,17:40,3,1,1,3.0,3.0,85097,autoroute A.87,M,"46,9285100"," -1,0167600",85,2019,110.0,1.0,4.0,1.0,2163350,1.0,1,1,1,5.0,,0.0,0,1934.0,B01,138Â 288Â 951,1.0,-1.0,-1.0,1651769,2.0,10,,3.0,0.0,3.0,A01,138Â 288Â 952,1.0
967852,201900009383,12,22,17:40,3,1,1,3.0,3.0,85097,autoroute A.87,M,"46,9285100"," -1,0167600",85,2019,110.0,1.0,4.0,1.0,2163351,2.0,2,4,2,5.0,,0.0,0,1945.0,B01,138Â 288Â 951,1.0,-1.0,-1.0,1651768,2.0,7,,1.0,0.0,1.0,B01,138Â 288Â 951,1.0
967852,201900009383,12,22,17:40,3,1,1,3.0,3.0,85097,autoroute A.87,M,"46,9285100"," -1,0167600",85,2019,110.0,1.0,4.0,1.0,2163351,2.0,2,4,2,5.0,,0.0,0,1945.0,B01,138Â 288Â 951,1.0,-1.0,-1.0,1651769,2.0,10,,3.0,0.0,3.0,A01,138Â 288Â 952,1.0
967852,201900009383,12,22,17:40,3,1,1,3.0,3.0,85097,autoroute A.87,M,"46,9285100"," -1,0167600",85,2019,110.0,1.0,4.0,1.0,2163352,1.0,1,1,1,0.0,,0.0,0,1965.0,A01,138Â 288Â 952,1.0,-1.0,-1.0,1651768,2.0,7,,1.0,0.0,1.0,B01,138Â 288Â 951,1.0
967852,201900009383,12,22,17:40,3,1,1,3.0,3.0,85097,autoroute A.87,M,"46,9285100"," -1,0167600",85,2019,110.0,1.0,4.0,1.0,2163352,1.0,1,1,1,0.0,,0.0,0,1965.0,A01,138Â 288Â 952,1.0,-1.0,-1.0,1651769,2.0,10,,3.0,0.0,3.0,A01,138Â 288Â 952,1.0
967852,201900009383,12,22,17:40,3,1,1,3.0,3.0,85097,autoroute A.87,M,"46,9285100"," -1,0167600",85,2019,110.0,1.0,4.0,1.0,2163353,6.0,2,1,2,0.0,,0.0,0,1967.0,A01,138Â 288Â 952,1.0,-1.0,-1.0,1651768,2.0,7,,1.0,0.0,1.0,B01,138Â 288Â 951,1.0
967852,201900009383,12,22,17:40,3,1,1,3.0,3.0,85097,autoroute A.87,M,"46,9285100"," -1,0167600",85,2019,110.0,1.0,4.0,1.0,2163353,6.0,2,1,2,0.0,,0.0,0,1967.0,A01,138Â 288Â 952,1.0,-1.0,-1.0,1651769,2.0,10,,3.0,0.0,3.0,A01,138Â 288Â 952,1.0
967852,201900009383,12,22,17:40,3,1,1,3.0,3.0,85097,autoroute A.87,M,"46,9285100"," -1,0167600",85,2019,110.0,1.0,4.0,1.0,2163354,2.0,2,1,1,0.0,,0.0,0,1973.0,A01,138Â 288Â 952,1.0,-1.0,-1.0,1651768,2.0,7,,1.0,0.0,1.0,B01,138Â 288Â 951,1.0
967852,201900009383,12,22,17:40,3,1,1,3.0,3.0,85097,autoroute A.87,M,"46,9285100"," -1,0167600",85,2019,110.0,1.0,4.0,1.0,2163354,2.0,2,1,1,0.0,,0.0,0,1973.0,A01,138Â 288Â 952,1.0,-1.0,-1.0,1651769,2.0,10,,3.0,0.0,3.0,A01,138Â 288Â 952,1.0
967853,201900009384,12,15,02:50,5,2,6,1.0,3.0,98715,PK 2 rond point mÃ©tÃ©o france,M," -17,5461110"," -149,5832230",987,2019,50.0,1.0,1.0,2.0,2163355,1.0,1,1,1,5.0,,0.0,0,1974.0,B01,138Â 288Â 949,1.0,-1.0,-1.0,1651770,2.0,7,,0.0,2.0,3.0,B01,138Â 288Â 949,1.0
967853,201900009384,12,15,02:50,5,2,6,1.0,3.0,98715,PK 2 rond point mÃ©tÃ©o france,M," -17,5461110"," -149,5832230",987,2019,50.0,1.0,1.0,2.0,2163355,1.0,1,1,1,5.0,,0.0,0,1974.0,B01,138Â 288Â 949,1.0,-1.0,-1.0,1651771,1.0,31,,0.0,2.0,1.0,A01,138Â 288Â 950,1.0
967853,201900009384,12,15,02:50,5,2,6,1.0,3.0,98715,PK 2 rond point mÃ©tÃ©o france,M," -17,5461110"," -149,5832230",987,2019,50.0,1.0,1.0,2.0,2163356,1.0,1,3,1,5.0,,0.0,0,1991.0,A01,138Â 288Â 950,2.0,-1.0,-1.0,1651770,2.0,7,,0.0,2.0,3.0,B01,138Â 288Â 949,1.0
967853,201900009384,12,15,02:50,5,2,6,1.0,3.0,98715,PK 2 rond point mÃ©tÃ©o france,M," -17,5461110"," -149,5832230",987,2019,50.0,1.0,1.0,2.0,2163356,1.0,1,3,1,5.0,,0.0,0,1991.0,A01,138Â 288Â 950,2.0,-1.0,-1.0,1651771,1.0,31,,0.0,2.0,1.0,A01,138Â 288Â 950,1.0
967854,201900009385,12,31,08:52,1,1,1,1.0,3.0,94021,AUTOROUTE A6B,M,"48,7607600","2,3393500",94,2019,90.0,1.0,1.0,1.0,2163357,1.0,1,4,1,1.0,,-1.0,0,1991.0,A01,138Â 288Â 947,2.0,0.0,-1.0,1651772,2.0,33,,0.0,2.0,8.0,A01,138Â 288Â 947,1.0
967854,201900009385,12,31,08:52,1,1,1,1.0,3.0,94021,AUTOROUTE A6B,M,"48,7607600","2,3393500",94,2019,90.0,1.0,1.0,1.0,2163357,1.0,1,4,1,1.0,,-1.0,0,1991.0,A01,138Â 288Â 947,2.0,0.0,-1.0,1651773,2.0,7,,0.0,2.0,6.0,B01,138Â 288Â 948,1.0
967854,201900009385,12,31,08:52,1,1,1,1.0,3.0,94021,AUTOROUTE A6B,M,"48,7607600","2,3393500",94,2019,90.0,1.0,1.0,1.0,2163358,1.0,1,1,1,1.0,,-1.0, -1,1971.0,B01,138Â 288Â 948,1.0,8.0,-1.0,1651772,2.0,33,,0.0,2.0,8.0,A01,138Â 288Â 947,1.0
967854,201900009385,12,31,08:52,1,1,1,1.0,3.0,94021,AUTOROUTE A6B,M,"48,7607600","2,3393500",94,2019,90.0,1.0,1.0,1.0,2163358,1.0,1,1,1,1.0,,-1.0, -1,1971.0,B01,138Â 288Â 948,1.0,8.0,-1.0,1651773,2.0,7,,0.0,2.0,6.0,B01,138Â 288Â 948,1.0
967855,201900009386,9,12,17:25,1,2,1,1.0,6.0,42218,rue du monteil,M,"45,4495730","4,4055000",42,2019,-1.0,5.0,1.0,4.0,2163359,1.0,1,2,2,5.0,,0.0,0,2010.0,A01,138Â 288Â 946,-1.0,-1.0,-1.0,1651774,3.0,1,,2.0,0.0,1.0,A01,138Â 288Â 946,-1.0
967856,201900009387,2,8,08:20,1,2,1,2.0,6.0,73008,16 rue de la Chaudanne,M,"45,6907633","5,9138739",73,2019,50.0,1.0,2.0,4.0,2163360,1.0,1,1,2,1.0,,0.0,0,1968.0,A01,138Â 288Â 945,-1.0,-1.0,-1.0,1651775,1.0,7,,0.0,1.0,1.0,A01,138Â 288Â 945,1.0
967856,201900009387,2,8,08:20,1,2,1,2.0,6.0,73008,16 rue de la Chaudanne,M,"45,6907633","5,9138739",73,2019,50.0,1.0,2.0,4.0,2163361,10.0,3,3,2,2.0,,2.0,3,2007.0,A01,138Â 288Â 945,-1.0,-1.0,-1.0,1651775,1.0,7,,0.0,1.0,1.0,A01,138Â 288Â 945,1.0
967857,201900009388,9,12,12:00,1,1,1,1.0,5.0,84031,SAINT GENS CHEMIN DE,M,"44,0319800","5,0457400",84,2019,80.0,1.0,1.0,4.0,2163362,1.0,1,1,1,0.0,,-1.0, -1,1996.0,C01,138Â 288Â 942,1.0,8.0,-1.0,1651776,1.0,7,,0.0,9.0,3.0,C01,138Â 288Â 942,1.0
967857,201900009388,9,12,12:00,1,1,1,1.0,5.0,84031,SAINT GENS CHEMIN DE,M,"44,0319800","5,0457400",84,2019,80.0,1.0,1.0,4.0,2163362,1.0,1,1,1,0.0,,-1.0, -1,1996.0,C01,138Â 288Â 942,1.0,8.0,-1.0,1651777,1.0,33,,0.0,2.0,8.0,B01,138Â 288Â 943,1.0
967857,201900009388,9,12,12:00,1,1,1,1.0,5.0,84031,SAINT GENS CHEMIN DE,M,"44,0319800","5,0457400",84,2019,80.0,1.0,1.0,4.0,2163362,1.0,1,1,1,0.0,,-1.0, -1,1996.0,C01,138Â 288Â 942,1.0,8.0,-1.0,1651778,2.0,7,,0.0,2.0,1.0,A01,138Â 288Â 944,1.0
967857,201900009388,9,12,12:00,1,1,1,1.0,5.0,84031,SAINT GENS CHEMIN DE,M,"44,0319800","5,0457400",84,2019,80.0,1.0,1.0,4.0,2163363,1.0,1,3,1,0.0,,-1.0, -1,1962.0,B01,138Â 288Â 943,2.0,8.0,-1.0,1651776,1.0,7,,0.0,9.0,3.0,C01,138Â 288Â 942,1.0
967857,201900009388,9,12,12:00,1,1,1,1.0,5.0,84031,SAINT GENS CHEMIN DE,M,"44,0319800","5,0457400",84,2019,80.0,1.0,1.0,4.0,2163363,1.0,1,3,1,0.0,,-1.0, -1,1962.0,B01,138Â 288Â 943,2.0,8.0,-1.0,1651777,1.0,33,,0.0,2.0,8.0,B01,138Â 288Â 943,1.0
967857,201900009388,9,12,12:00,1,1,1,1.0,5.0,84031,SAINT GENS CHEMIN DE,M,"44,0319800","5,0457400",84,2019,80.0,1.0,1.0,4.0,2163363,1.0,1,3,1,0.0,,-1.0, -1,1962.0,B01,138Â 288Â 943,2.0,8.0,-1.0,1651778,2.0,7,,0.0,2.0,1.0,A01,138Â 288Â 944,1.0
967857,201900009388,9,12,12:00,1,1,1,1.0,5.0,84031,SAINT GENS CHEMIN DE,M,"44,0319800","5,0457400",84,2019,80.0,1.0,1.0,4.0,2163364,1.0,1,1,1,0.0,,-1.0, -1,1979.0,A01,138Â 288Â 944,1.0,8.0,-1.0,1651776,1.0,7,,0.0,9.0,3.0,C01,138Â 288Â 942,1.0
967857,201900009388,9,12,12:00,1,1,1,1.0,5.0,84031,SAINT GENS CHEMIN DE,M,"44,0319800","5,0457400",84,2019,80.0,1.0,1.0,4.0,2163364,1.0,1,1,1,0.0,,-1.0, -1,1979.0,A01,138Â 288Â 944,1.0,8.0,-1.0,1651777,1.0,33,,0.0,2.0,8.0,B01,138Â 288Â 943,1.0
967857,201900009388,9,12,12:00,1,1,1,1.0,5.0,84031,SAINT GENS CHEMIN DE,M,"44,0319800","5,0457400",84,2019,80.0,1.0,1.0,4.0,2163364,1.0,1,1,1,0.0,,-1.0, -1,1979.0,A01,138Â 288Â 944,1.0,8.0,-1.0,1651778,2.0,7,,0.0,2.0,1.0,A01,138Â 288Â 944,1.0
967858,201900009389,8,16,18:00,1,2,9,1.0,6.0,84031,MISTRAL AVENUE FREDERIC,M,"44,0508800","5,0414800",84,2019,50.0,1.0,1.0,3.0,2163365,1.0,1,1,1,3.0,,-1.0, -1,1991.0,A01,138Â 288Â 941,1.0,8.0,-1.0,1651779,1.0,7,,0.0,1.0,2.0,A01,138Â 288Â 941,1.0
967858,201900009389,8,16,18:00,1,2,9,1.0,6.0,84031,MISTRAL AVENUE FREDERIC,M,"44,0508800","5,0414800",84,2019,50.0,1.0,1.0,3.0,2163366,10.0,3,3,2,0.0,,3.0,3,1934.0,A01,138Â 288Â 941,0.0,-1.0,-1.0,1651779,1.0,7,,0.0,1.0,2.0,A01,138Â 288Â 941,1.0
967859,201900009390,9,16,10:10,1,1,1,1.0,1.0,84031,EUROPE AVENUE DE L',M,"44,0599818","5,0411296",84,2019,50.0,6.0,1.0,3.0,2163367,1.0,1,1,2,0.0,,-1.0, -1,1958.0,B01,138Â 288Â 939,1.0,8.0,-1.0,1651780,2.0,7,,0.0,2.0,1.0,B01,138Â 288Â 939,0.0
967859,201900009390,9,16,10:10,1,1,1,1.0,1.0,84031,EUROPE AVENUE DE L',M,"44,0599818","5,0411296",84,2019,50.0,6.0,1.0,3.0,2163367,1.0,1,1,2,0.0,,-1.0, -1,1958.0,B01,138Â 288Â 939,1.0,8.0,-1.0,1651781,1.0,10,,0.0,2.0,1.0,A01,138Â 288Â 940,0.0
967859,201900009390,9,16,10:10,1,1,1,1.0,1.0,84031,EUROPE AVENUE DE L',M,"44,0599818","5,0411296",84,2019,50.0,6.0,1.0,3.0,2163368,1.0,1,2,1,0.0,,-1.0,0,1934.0,A01,138Â 288Â 940,8.0,8.0,-1.0,1651780,2.0,7,,0.0,2.0,1.0,B01,138Â 288Â 939,0.0
967859,201900009390,9,16,10:10,1,1,1,1.0,1.0,84031,EUROPE AVENUE DE L',M,"44,0599818","5,0411296",84,2019,50.0,6.0,1.0,3.0,2163368,1.0,1,2,1,0.0,,-1.0,0,1934.0,A01,138Â 288Â 940,8.0,8.0,-1.0,1651781,1.0,10,,0.0,2.0,1.0,A01,138Â 288Â 940,0.0
967860,201900009391,8,14,20:50,5,2,1,1.0,1.0,84031,MISTRAL AVENUE FREDERIC,M,"44,0501620","5,0392167",84,2019,50.0,1.0,1.0,3.0,2163369,1.0,1,1,1,0.0,,-1.0, -1,1998.0,B01,138Â 288Â 937,1.0,8.0,-1.0,1651782,2.0,7,,0.0,0.0,1.0,B01,138Â 288Â 937,0.0
967860,201900009391,8,14,20:50,5,2,1,1.0,1.0,84031,MISTRAL AVENUE FREDERIC,M,"44,0501620","5,0392167",84,2019,50.0,1.0,1.0,3.0,2163369,1.0,1,1,1,0.0,,-1.0, -1,1998.0,B01,138Â 288Â 937,1.0,8.0,-1.0,1651783,1.0,30,,0.0,9.0,0.0,A01,138Â 288Â 938,0.0
967860,201900009391,8,14,20:50,5,2,1,1.0,1.0,84031,MISTRAL AVENUE FREDERIC,M,"44,0501620","5,0392167",84,2019,50.0,1.0,1.0,3.0,2163370,1.0,1,4,1,0.0,,-1.0, -1,2004.0,A01,138Â 288Â 938,2.0,8.0,-1.0,1651782,2.0,7,,0.0,0.0,1.0,B01,138Â 288Â 937,0.0