Unnamed: 0_x,num_acc,mois,jour,hrmn,lum,agg,int,atm,col,com,adr,gps,lat,long,dep,annee,vma,situ,surf,catr,Unnamed: 0_y,place,catu,grav,sexe,trajet,secu,locp,actp,an_nais,num_veh_x,id_vehicule_x,secu1,secu2,secu3,Unnamed: 0,senc,catv,occutc,obs,obsm,choc,num_veh_y,id_vehicule_y,motor
967860,201900009391,8,14,20:50,5,2,1,1.0,1.0,84031,MISTRAL AVENUE FREDERIC,M,"44,0501620","5,0392167",84,2019,50.0,1.0,1.0,3.0,2163370,1.0,1,4,1,0.0,,-1.0, -1,2004.0,A01,138Â 288Â 938,2.0,8.0,-1.0,1651783,1.0,30,,0.0,9.0,0.0,A01,138Â 288Â 938,0.0
967861,201900009392,8,27,16:25,1,2,3,1.0,6.0,84031,MONT VENTOUX AVENUE DU,M,"44,0558840","5,0536373",84,2019,50.0,1.0,1.0,3.0,2163371,10.0,3,3,2,3.0,,3.0,3,1939.0,A01,138Â 288Â 936,0.0,-1.0,-1.0,1651784,2.0,7,,0.0,1.0,3.0,A01,138Â 288Â 936,1.0
967861,201900009392,8,27,16:25,1,2,3,1.0,6.0,84031,MONT VENTOUX AVENUE DU,M,"44,0558840","5,0536373",84,2019,50.0,1.0,1.0,3.0,2163372,1.0,1,1,1,0.0,,-1.0, -1,2001.0,A01,138Â 288Â 936,1.0,0.0,-1.0,1651784,2.0,7,,0.0,1.0,3.0,A01,138Â 288Â 936,1.0
967862,201900009393,4,5,08:20,1,2,3,1.0,3.0,74172,PETITE-RIVE (ROUTE DE),M,"46,4054060","6,6369180",74,2019,50.0,1.0,1.0,3.0,2163373,1.0,1,1,2,1.0,,0.0,0,1990.0,B01,138Â 288Â 934,1.0,-1.0,-1.0,1651785,1.0,10,,6.0,2.0,1.0,B01,138Â 288Â 934,0.0
967862,201900009393,4,5,08:20,1,2,3,1.0,3.0,74172,PETITE-RIVE (ROUTE DE),M,"46,4054060","6,6369180",74,2019,50.0,1.0,1.0,3.0,2163373,1.0,1,1,2,1.0,,0.0,0,1990.0,B01,138Â 288Â 934,1.0,-1.0,-1.0,1651786,2.0,7,,0.0,2.0,3.0,A01,138Â 288Â 935,0.0
967862,201900009393,4,5,08:20,1,2,3,1.0,3.0,74172,PETITE-RIVE (ROUTE DE),M,"46,4054060","6,6369180",74,2019,50.0,1.0,1.0,3.0,2163374,1.0,1,2,1,0.0,,0.0,0,1930.0,A01,138Â 288Â 935,1.0,0.0,-1.0,1651785,1.0,10,,6.0,2.0,1.0,B01,138Â 288Â 934,0.0
967862,201900009393,4,5,08:20,1,2,3,1.0,3.0,74172,PETITE-RIVE (ROUTE DE),M,"46,4054060","6,6369180",74,2019,50.0,1.0,1.0,3.0,2163374,1.0,1,2,1,0.0,,0.0,0,1930.0,A01,138Â 288Â 935,1.0,0.0,-1.0,1651786,2.0,7,,0.0,2.0,3.0,A01,138Â 288Â 935,0.0
967863,201900009394,9,27,14:25,1,2,1,1.0,3.0,92004,PONT D'ASNIERES,M,"48,9041500","2,2887900",92,2019,50.0,1.0,1.0,3.0,2163375,1.0,1,4,1,0.0,,-1.0,0,1986.0,B01,138Â 288Â 932,2.0,8.0,-1.0,1651787,3.0,43,,0.0,2.0,1.0,B01,138Â 288Â 932,1.0
967863,201900009394,9,27,14:25,1,2,1,1.0,3.0,92004,PONT D'ASNIERES,M,"48,9041500","2,2887900",92,2019,50.0,1.0,1.0,3.0,2163375,1.0,1,4,1,0.0,,-1.0,0,1986.0,B01,138Â 288Â 932,2.0,8.0,-1.0,1651788,3.0,10,,0.0,2.0,3.0,A01,138Â 288Â 933,1.0
967863,201900009394,9,27,14:25,1,2,1,1.0,3.0,92004,PONT D'ASNIERES,M,"48,9041500","2,2887900",92,2019,50.0,1.0,1.0,3.0,2163376,2.0,2,1,1,0.0,,-1.0,0,1969.0,A01,138Â 288Â 933,1.0,8.0,-1.0,1651787,3.0,43,,0.0,2.0,1.0,B01,138Â 288Â 932,1.0
967863,201900009394,9,27,14:25,1,2,1,1.0,3.0,92004,PONT D'ASNIERES,M,"48,9041500","2,2887900",92,2019,50.0,1.0,1.0,3.0,2163376,2.0,2,1,1,0.0,,-1.0,0,1969.0,A01,138Â 288Â 933,1.0,8.0,-1.0,1651788,3.0,10,,0.0,2.0,3.0,A01,138Â 288Â 933,1.0
967863,201900009394,9,27,14:25,1,2,1,1.0,3.0,92004,PONT D'ASNIERES,M,"48,9041500","2,2887900",92,2019,50.0,1.0,1.0,3.0,2163377,1.0,1,1,1,0.0,,-1.0,0,1969.0,A01,138Â 288Â 933,1.0,8.0,-1.0,1651787,3.0,43,,0.0,2.0,1.0,B01,138Â 288Â 932,1.0
967863,201900009394,9,27,14:25,1,2,1,1.0,3.0,92004,PONT D'ASNIERES,M,"48,9041500","2,2887900",92,2019,50.0,1.0,1.0,3.0,2163377,1.0,1,1,1,0.0,,-1.0,0,1969.0,A01,138Â 288Â 933,1.0,8.0,-1.0,1651788,3.0,10,,0.0,2.0,3.0,A01,138Â 288Â 933,1.0
967864,201900009395,12,30,12:50,1,2,1,1.0,2.0,84007,C.De GAULLE (Rocade),M,"43,9283400","4,8091100",84,2019,50.0,1.0,1.0,4.0,2163378,1.0,1,1,1,5.0,,-1.0, -1,1990.0,A01,138Â 288Â 930,8.0,0.0,-1.0,1651789,0.0,7,,0.0,2.0,1.0,A01,138Â 288Â 930,1.0
967864,201900009395,12,30,12:50,1,2,1,1.0,2.0,84007,C.De GAULLE (Rocade),M,"43,9283400","4,8091100",84,2019,50.0,1.0,1.0,4.0,2163378,1.0,1,1,1,5.0,,-1.0, -1,1990.0,A01,138Â 288Â 930,8.0,0.0,-1.0,1651790,3.0,10,,0.0,2.0,4.0,B01,138Â 288Â 931,1.0
967864,201900009395,12,30,12:50,1,2,1,1.0,2.0,84007,C.De GAULLE (Rocade),M,"43,9283400","4,8091100",84,2019,50.0,1.0,1.0,4.0,2163379,1.0,1,4,1,4.0,,-1.0, -1,1975.0,B01,138Â 288Â 931,1.0,0.0,-1.0,1651789,0.0,7,,0.0,2.0,1.0,A01,138Â 288Â 930,1.0
967864,201900009395,12,30,12:50,1,2,1,1.0,2.0,84007,C.De GAULLE (Rocade),M,"43,9283400","4,8091100",84,2019,50.0,1.0,1.0,4.0,2163379,1.0,1,4,1,4.0,,-1.0, -1,1975.0,B01,138Â 288Â 931,1.0,0.0,-1.0,1651790,3.0,10,,0.0,2.0,4.0,B01,138Â 288Â 931,1.0
967865,201900009396,12,5,08:05,2,2,6,5.0,6.0,62628,DÃ©partementale 262,M,"50,4294610","2,8663963",62,2019,50.0,1.0,7.0,3.0,2163380,1.0,1,1,1,1.0,,-1.0,0,1997.0,A01,138Â 288Â 928,1.0,0.0,-1.0,1651791,0.0,10,,0.0,1.0,1.0,A01,138Â 288Â 928,1.0
967865,201900009396,12,5,08:05,2,2,6,5.0,6.0,62628,DÃ©partementale 262,M,"50,4294610","2,8663963",62,2019,50.0,1.0,7.0,3.0,2163381,10.0,3,4,1,0.0,,4.0,3,2008.0,A01,138Â 288Â 928,0.0,-1.0,-1.0,1651791,0.0,10,,0.0,1.0,1.0,A01,138Â 288Â 928,1.0
967866,201900009397,12,18,20:35,5,2,2,8.0,3.0,59512,NATIONS UNIES (AVENUE DES),M,"50,6971200","3,1658500",59,2019,50.0,1.0,1.0,7.0,2163382,2.0,2,4,1,0.0,,-1.0,0,1994.0,A01,138Â 288Â 926,1.0,0.0,-1.0,1651792,2.0,7,,0.0,2.0,1.0,A01,138Â 288Â 926,1.0
967866,201900009397,12,18,20:35,5,2,2,8.0,3.0,59512,NATIONS UNIES (AVENUE DES),M,"50,6971200","3,1658500",59,2019,50.0,1.0,1.0,7.0,2163382,2.0,2,4,1,0.0,,-1.0,0,1994.0,A01,138Â 288Â 926,1.0,0.0,-1.0,1651793,1.0,7,,0.0,2.0,2.0,B01,138Â 288Â 927,1.0
967866,201900009397,12,18,20:35,5,2,2,8.0,3.0,59512,NATIONS UNIES (AVENUE DES),M,"50,6971200","3,1658500",59,2019,50.0,1.0,1.0,7.0,2163383,4.0,2,1,1,0.0,,-1.0,0,1991.0,A01,138Â 288Â 926,1.0,0.0,-1.0,1651792,2.0,7,,0.0,2.0,1.0,A01,138Â 288Â 926,1.0
967866,201900009397,12,18,20:35,5,2,2,8.0,3.0,59512,NATIONS UNIES (AVENUE DES),M,"50,6971200","3,1658500",59,2019,50.0,1.0,1.0,7.0,2163383,4.0,2,1,1,0.0,,-1.0,0,1991.0,A01,138Â 288Â 926,1.0,0.0,-1.0,1651793,1.0,7,,0.0,2.0,2.0,B01,138Â 288Â 927,1.0
967866,201900009397,12,18,20:35,5,2,2,8.0,3.0,59512,NATIONS UNIES (AVENUE DES),M,"50,6971200","3,1658500",59,2019,50.0,1.0,1.0,7.0,2163384,1.0,1,1,1,0.0,,-1.0,0,1995.0,A01,138Â 288Â 926,1.0,0.0,0.0,1651792,2.0,7,,0.0,2.0,1.0,A01,138Â 288Â 926,1.0
967866,201900009397,12,18,20:35,5,2,2,8.0,3.0,59512,NATIONS UNIES (AVENUE DES),M,"50,6971200","3,1658500",59,2019,50.0,1.0,1.0,7.0,2163384,1.0,1,1,1,0.0,,-1.0,0,1995.0,A01,138Â 288Â 926,1.0,0.0,0.0,1651793,1.0,7,,0.0,2.0,2.0,B01,138Â 288Â 927,1.0
967866,201900009397,12,18,20:35,5,2,2,8.0,3.0,59512,NATIONS UNIES (AVENUE DES),M,"50,6971200","3,1658500",59,2019,50.0,1.0,1.0,7.0,2163385,2.0,2,4,1,0.0,,-1.0,0,1995.0,B01,138Â 288Â 927,1.0,0.0,-1.0,1651792,2.0,7,,0.0,2.0,1.0,A01,138Â 288Â 926,1.0
967866,201900009397,12,18,20:35,5,2,2,8.0,3.0,59512,NATIONS UNIES (AVENUE DES),M,"50,6971200","3,1658500",59,2019,50.0,1.0,1.0,7.0,2163385,2.0,2,4,1,0.0,,-1.0,0,1995.0,B01,138Â 288Â 927,1.0,0.0,-1.0,1651793,1.0,7,,0.0,2.0,2.0,B01,138Â 288Â 927,1.0
967866,201900009397,12,18,20:35,5,2,2,8.0,3.0,59512,NATIONS UNIES (AVENUE DES),M,"50,6971200","3,1658500",59,2019,50.0,1.0,1.0,7.0,2163386,1.0,1,4,1,0.0,,-1.0,0,1997.0,B01,138Â 288Â 927,1.0,0.0,-1.0,1651792,2.0,7,,0.0,2.0,1.0,A01,138Â 288Â 926,1.0
967866,201900009397,12,18,20:35,5,2,2,8.0,3.0,59512,NATIONS UNIES (AVENUE DES),M,"50,6971200","3,1658500",59,2019,50.0,1.0,1.0,7.0,2163386,1.0,1,4,1,0.0,,-1.0,0,1997.0,B01,138Â 288Â 927,1.0,0.0,-1.0,1651793,1.0,7,,0.0,2.0,2.0,B01,138Â 288Â 927,1.0
967867,201900009398,12,3,18:30,3,2,1,1.0,6.0,59646,TRIEZ (RUE DU),M,"50,6851537","3,1297302",59,2019,50.0,1.0,1.0,4.0,2163387,1.0,1,1,1,1.0,,-1.0,0,1984.0,A01,138Â 288Â 925,1.0,0.0,-1.0,1651794,0.0,10,,0.0,1.0,1.0,A01,138Â 288Â 925,1.0
967867,201900009398,12,3,18:30,3,2,1,1.0,6.0,59646,TRIEZ (RUE DU),M,"50,6851537","3,1297302",59,2019,50.0,1.0,1.0,4.0,2163388,10.0,3,4,2,1.0,,3.0,3,1998.0,A01,138Â 288Â 925,8.0,0.0,-1.0,1651794,0.0,10,,0.0,1.0,1.0,A01,138Â 288Â 925,1.0
967867,201900009398,12,3,18:30,3,2,1,1.0,6.0,59646,TRIEZ (RUE DU),M,"50,6851537","3,1297302",59,2019,50.0,1.0,1.0,4.0,2163389,10.0,3,4,2,1.0,,3.0,3,1998.0,A01,138Â 288Â 925,8.0,0.0,-1.0,1651794,0.0,10,,0.0,1.0,1.0,A01,138Â 288Â 925,1.0
967868,201900009399,12,23,17:40,5,2,1,3.0,7.0,54280,FRANCHEPRE (RUE DE),M,"49,2248680","6,0142640",54,2019,50.0,1.0,2.0,4.0,2163390,10.0,3,3,1,5.0,,3.0,3,1939.0,A01,138Â 288Â 924,8.0,8.0,-1.0,1651795,1.0,7,,0.0,1.0,3.0,A01,138Â 288Â 924,6.0
967868,201900009399,12,23,17:40,5,2,1,3.0,7.0,54280,FRANCHEPRE (RUE DE),M,"49,2248680","6,0142640",54,2019,50.0,1.0,2.0,4.0,2163391,1.0,1,1,1,1.0,,0.0,0,1968.0,A01,138Â 288Â 924,1.0,0.0,-1.0,1651795,1.0,7,,0.0,1.0,3.0,A01,138Â 288Â 924,6.0
967869,201900009400,12,22,15:50,1,2,1,2.0,3.0,33069,AVE PRESIDENT ROBERT SCHUMAN,M,"44,8578600"," -0,5961500",33,2019,50.0,1.0,1.0,4.0,2163392,1.0,1,1,2,0.0,,-1.0,0,1969.0,B01,138Â 288Â 922,8.0,0.0,-1.0,1651796,0.0,7,,0.0,1.0,0.0,B01,138Â 288Â 922,1.0
967869,201900009400,12,22,15:50,1,2,1,2.0,3.0,33069,AVE PRESIDENT ROBERT SCHUMAN,M,"44,8578600"," -0,5961500",33,2019,50.0,1.0,1.0,4.0,2163392,1.0,1,1,2,0.0,,-1.0,0,1969.0,B01,138Â 288Â 922,8.0,0.0,-1.0,1651797,2.0,33,,1.0,2.0,1.0,A01,138Â 288Â 923,1.0
967869,201900009400,12,22,15:50,1,2,1,2.0,3.0,33069,AVE PRESIDENT ROBERT SCHUMAN,M,"44,8578600"," -0,5961500",33,2019,50.0,1.0,1.0,4.0,2163393,2.0,2,1,2,0.0,,-1.0,0,1998.0,A01,138Â 288Â 923,8.0,0.0,-1.0,1651796,0.0,7,,0.0,1.0,0.0,B01,138Â 288Â 922,1.0
967869,201900009400,12,22,15:50,1,2,1,2.0,3.0,33069,AVE PRESIDENT ROBERT SCHUMAN,M,"44,8578600"," -0,5961500",33,2019,50.0,1.0,1.0,4.0,2163393,2.0,2,1,2,0.0,,-1.0,0,1998.0,A01,138Â 288Â 923,8.0,0.0,-1.0,1651797,2.0,33,,1.0,2.0,1.0,A01,138Â 288Â 923,1.0
967869,201900009400,12,22,15:50,1,2,1,2.0,3.0,33069,AVE PRESIDENT ROBERT SCHUMAN,M,"44,8578600"," -0,5961500",33,2019,50.0,1.0,1.0,4.0,2163394,1.0,1,4,1,0.0,,-1.0, -1,1998.0,A01,138Â 288Â 923,8.0,0.0,-1.0,1651796,0.0,7,,0.0,1.0,0.0,B01,138Â 288Â 922,1.0
967869,201900009400,12,22,15:50,1,2,1,2.0,3.0,33069,AVE PRESIDENT ROBERT SCHUMAN,M,"44,8578600"," -0,5961500",33,2019,50.0,1.0,1.0,4.0,2163394,1.0,1,4,1,0.0,,-1.0, -1,1998.0,A01,138Â 288Â 923,8.0,0.0,-1.0,1651797,2.0,33,,1.0,2.0,1.0,A01,138Â 288Â 923,1.0
967870,201900009401,12,20,08:10,2,2,2,2.0,6.0,33069,AV.VICTOR HUGO,M,"44,8639000"," -0,5904800",33,2019,50.0,1.0,1.0,4.0,2163395,1.0,1,1,1,0.0,,-1.0, -1,1975.0,B01,138Â 288Â 920,8.0,0.0,-1.0,1651798,0.0,7,,0.0,2.0,6.0,B01,138Â 288Â 920,1.0
967870,201900009401,12,20,08:10,2,2,2,2.0,6.0,33069,AV.VICTOR HUGO,M,"44,8639000"," -0,5904800",33,2019,50.0,1.0,1.0,4.0,2163395,1.0,1,1,1,0.0,,-1.0, -1,1975.0,B01,138Â 288Â 920,8.0,0.0,-1.0,1651799,0.0,1,,0.0,2.0,1.0,A01,138Â 288Â 921,5.0
967870,201900009401,12,20,08:10,2,2,2,2.0,6.0,33069,AV.VICTOR HUGO,M,"44,8639000"," -0,5904800",33,2019,50.0,1.0,1.0,4.0,2163396,1.0,1,4,1,0.0,,-1.0, -1,1969.0,A01,138Â 288Â 921,2.0,0.0,-1.0,1651798,0.0,7,,0.0,2.0,6.0,B01,138Â 288Â 920,1.0
967870,201900009401,12,20,08:10,2,2,2,2.0,6.0,33069,AV.VICTOR HUGO,M,"44,8639000"," -0,5904800",33,2019,50.0,1.0,1.0,4.0,2163396,1.0,1,4,1,0.0,,-1.0, -1,1969.0,A01,138Â 288Â 921,2.0,0.0,-1.0,1651799,0.0,1,,0.0,2.0,1.0,A01,138Â 288Â 921,5.0
967871,201900009402,12,16,18:05,2,2,1,1.0,6.0,33281,AVE DE SAINT-MEDARD - VÃ©lo traverse des nÂ°pairs vers nÂ°impairs sur passage piÃ©ton,M,"44,8625300"," -0,6476000",33,2019,50.0,1.0,1.0,4.0,2163397,1.0,1,4,2,0.0,,-1.0, -1,1990.0,A01,138Â 288Â 918,8.0,0.0,-1.0,1651800,2.0,1,,0.0,2.0,3.0,A01,138Â 288Â 918,5.0
967871,201900009402,12,16,18:05,2,2,1,1.0,6.0,33281,AVE DE SAINT-MEDARD - VÃ©lo traverse des nÂ°pairs vers nÂ°impairs sur passage piÃ©ton,M,"44,8625300"," -0,6476000",33,2019,50.0,1.0,1.0,4.0,2163397,1.0,1,4,2,0.0,,-1.0, -1,1990.0,A01,138Â 288Â 918,8.0,0.0,-1.0,1651801,2.0,30,,0.0,2.0,1.0,B01,138Â 288Â 919,1.0
967871,201900009402,12,16,18:05,2,2,1,1.0,6.0,33281,AVE DE SAINT-MEDARD - VÃ©lo traverse des nÂ°pairs vers nÂ°impairs sur passage piÃ©ton,M,"44,8625300"," -0,6476000",33,2019,50.0,1.0,1.0,4.0,2163398,1.0,1,1,2,0.0,,-1.0, -1,2000.0,B01,138Â 288Â 919,8.0,0.0,-1.0,1651800,2.0,1,,0.0,2.0,3.0,A01,138Â 288Â 918,5.0
967871,201900009402,12,16,18:05,2,2,1,1.0,6.0,33281,AVE DE SAINT-MEDARD - VÃ©lo traverse des nÂ°pairs vers nÂ°impairs sur passage piÃ©ton,M,"44,8625300"," -0,6476000",33,2019,50.0,1.0,1.0,4.0,2163398,1.0,1,1,2,0.0,,-1.0, -1,2000.0,B01,138Â 288Â 919,8.0,0.0,-1.0,1651801,2.0,30,,0.0,2.0,1.0,B01,138Â 288Â 919,1.0
967872,201900009403,12,6,08:00,2,2,2,1.0,6.0,33069,AVE DE TIVOLI,M,"44,8572700"," -0,5912300",33,2019,50.0,1.0,1.0,4.0,2163399,1.0,1,4,2,0.0,,-1.0, -1,1995.0,B01,138Â 288Â 916,8.0,0.0,-1.0,1651802,1.0,1,,0.0,2.0,0.0,B01,138Â 288Â 916,5.0
967872,201900009403,12,6,08:00,2,2,2,1.0,6.0,33069,AVE DE TIVOLI,M,"44,8572700"," -0,5912300",33,2019,50.0,1.0,1.0,4.0,2163399,1.0,1,4,2,0.0,,-1.0, -1,1995.0,B01,138Â 288Â 916,8.0,0.0,-1.0,1651803,1.0,7,,0.0,2.0,2.0,A01,138Â 288Â 917,1.0
967872,201900009403,12,6,08:00,2,2,2,1.0,6.0,33069,AVE DE TIVOLI,M,"44,8572700"," -0,5912300",33,2019,50.0,1.0,1.0,4.0,2163400,1.0,1,1,2,0.0,,-1.0, -1,1970.0,A01,138Â 288Â 917,8.0,0.0,-1.0,1651802,1.0,1,,0.0,2.0,0.0,B01,138Â 288Â 916,5.0
967872,201900009403,12,6,08:00,2,2,2,1.0,6.0,33069,AVE DE TIVOLI,M,"44,8572700"," -0,5912300",33,2019,50.0,1.0,1.0,4.0,2163400,1.0,1,1,2,0.0,,-1.0, -1,1970.0,A01,138Â 288Â 917,8.0,0.0,-1.0,1651803,1.0,7,,0.0,2.0,2.0,A01,138Â 288Â 917,1.0
967873,201900009404,12,5,08:20,5,2,2,1.0,6.0,33522,AVE DE THOUARS,M,"44,7973800"," -0,5921600",33,2019,30.0,1.0,1.0,4.0,2163401,1.0,1,4,2,0.0,,-1.0, -1,1984.0,B01,138Â 288Â 914,8.0,0.0,-1.0,1651804,0.0,1,,0.0,2.0,1.0,B01,138Â 288Â 914,5.0
967873,201900009404,12,5,08:20,5,2,2,1.0,6.0,33522,AVE DE THOUARS,M,"44,7973800"," -0,5921600",33,2019,30.0,1.0,1.0,4.0,2163401,1.0,1,4,2,0.0,,-1.0, -1,1984.0,B01,138Â 288Â 914,8.0,0.0,-1.0,1651805,0.0,7,,0.0,2.0,1.0,A01,138Â 288Â 915,1.0
967873,201900009404,12,5,08:20,5,2,2,1.0,6.0,33522,AVE DE THOUARS,M,"44,7973800"," -0,5921600",33,2019,30.0,1.0,1.0,4.0,2163402,1.0,1,4,2,0.0,,-1.0, -1,1964.0,A01,138Â 288Â 915,8.0,0.0,-1.0,1651804,0.0,1,,0.0,2.0,1.0,B01,138Â 288Â 914,5.0
967873,201900009404,12,5,08:20,5,2,2,1.0,6.0,33522,AVE DE THOUARS,M,"44,7973800"," -0,5921600",33,2019,30.0,1.0,1.0,4.0,2163402,1.0,1,4,2,0.0,,-1.0, -1,1964.0,A01,138Â 288Â 915,8.0,0.0,-1.0,1651805,0.0,7,,0.0,2.0,1.0,A01,138Â 288Â 915,1.0
967874,201900009405,12,26,06:25,5,2,6,1.0,6.0,29019,ACCES AU PORT  (RAMPE D'),M,"48,3829261"," -4,4877340",29,2019,50.0,1.0,1.0,4.0,2163403,1.0,1,1,1,0.0,,0.0,0,1985.0,A01,138Â 288Â 913,1.0,0.0,-1.0,1651806,3.0,7,,0.0,1.0,7.0,A01,138Â 288Â 913,1.0
967874,201900009405,12,26,06:25,5,2,6,1.0,6.0,29019,ACCES AU PORT  (RAMPE D'),M,"48,3829261"," -4,4877340",29,2019,50.0,1.0,1.0,4.0,2163404,10.0,3,3,1,5.0,,4.0,3,1957.0,A01,138Â 288Â 913,0.0,-1.0,-1.0,1651806,3.0,7,,0.0,1.0,7.0,A01,138Â 288Â 913,1.0
967875,201900009406,12,25,18:00,2,1,2,1.0,6.0,24322,JARDINIERS ( RUE DES),M,"45,1855200","0,7340800",24,2019,50.0,1.0,1.0,4.0,2163405,1.0,1,1,1,5.0,,-1.0,0,1969.0,A01,138Â 288Â 910,1.0,0.0,-1.0,1651807,1.0,7,,0.0,1.0,8.0,A01,138Â 288Â 910,1.0
967875,201900009406,12,25,18:00,2,1,2,1.0,6.0,24322,JARDINIERS ( RUE DES),M,"45,1855200","0,7340800",24,2019,50.0,1.0,1.0,4.0,2163406,10.0,3,4,1,5.0,,2.0,3,1928.0,A01,138Â 288Â 910,0.0,-1.0,-1.0,1651807,1.0,7,,0.0,1.0,8.0,A01,138Â 288Â 910,1.0
967875,201900009406,12,25,18:00,2,1,2,1.0,6.0,24322,JARDINIERS ( RUE DES),M,"45,1855200","0,7340800",24,2019,50.0,1.0,1.0,4.0,2163407,10.0,3,3,1,5.0,,1.0,3,1929.0,A01,138Â 288Â 910,0.0,-1.0,-1.0,1651807,1.0,7,,0.0,1.0,8.0,A01,138Â 288Â 910,1.0
967876,201900009407,12,19,19:40,3,1,1,1.0,1.0,24037,RN 21,M,"44,8414000","0,5341000",24,2019,80.0,1.0,1.0,2.0,2163408,1.0,1,3,1,5.0,,-1.0, -1,1977.0,B01,138Â 288Â 908,1.0,0.0,-1.0,1651808,2.0,7,,0.0,2.0,3.0,B01,138Â 288Â 908,1.0
967876,201900009407,12,19,19:40,3,1,1,1.0,1.0,24037,RN 21,M,"44,8414000","0,5341000",24,2019,80.0,1.0,1.0,2.0,2163408,1.0,1,3,1,5.0,,-1.0, -1,1977.0,B01,138Â 288Â 908,1.0,0.0,-1.0,1651809,1.0,10,,0.0,2.0,3.0,A01,138Â 288Â 909,1.0
967876,201900009407,12,19,19:40,3,1,1,1.0,1.0,24037,RN 21,M,"44,8414000","0,5341000",24,2019,80.0,1.0,1.0,2.0,2163409,1.0,1,3,1,0.0,,-1.0, -1,1977.0,A01,138Â 288Â 909,1.0,0.0,-1.0,1651808,2.0,7,,0.0,2.0,3.0,B01,138Â 288Â 908,1.0
967876,201900009407,12,19,19:40,3,1,1,1.0,1.0,24037,RN 21,M,"44,8414000","0,5341000",24,2019,80.0,1.0,1.0,2.0,2163409,1.0,1,3,1,0.0,,-1.0, -1,1977.0,A01,138Â 288Â 909,1.0,0.0,-1.0,1651809,1.0,10,,0.0,2.0,3.0,A01,138Â 288Â 909,1.0
967877,201900009408,12,22,17:55,5,2,1,1.0,6.0,75106,PLACE SAINT SULPICE,M,"48,8515270","2,3378290",75,2019,30.0,6.0,1.0,4.0,2163410,10.0,3,4,1,0.0,,3.0,3,2012.0,A01,138Â 288Â 907,0.0,-1.0,-1.0,1651810,1.0,7,,0.0,1.0,6.0,A01,138Â 288Â 907,1.0
967877,201900009408,12,22,17:55,5,2,1,1.0,6.0,75106,PLACE SAINT SULPICE,M,"48,8515270","2,3378290",75,2019,30.0,6.0,1.0,4.0,2163411,10.0,3,1,2,0.0,,3.0,3,1984.0,A01,138Â 288Â 907,0.0,-1.0,-1.0,1651810,1.0,7,,0.0,1.0,6.0,A01,138Â 288Â 907,1.0
967877,201900009408,12,22,17:55,5,2,1,1.0,6.0,75106,PLACE SAINT SULPICE,M,"48,8515270","2,3378290",75,2019,30.0,6.0,1.0,4.0,2163412,1.0,1,1,1,4.0,,0.0,0,1952.0,A01,138Â 288Â 907,1.0,0.0,-1.0,1651810,1.0,7,,0.0,1.0,6.0,A01,138Â 288Â 907,1.0
967878,201900009409,12,16,16:30,1,1,2,2.0,3.0,41094,Rue du Bois de Mont,M,"47,4261930","1,4214220",41,2019,90.0,1.0,1.0,4.0,2163413,1.0,1,3,1,5.0,,0.0,0,1938.0,A01,138Â 288Â 905,1.0,-1.0,-1.0,1651811,0.0,7,,0.0,0.0,1.0,A01,138Â 288Â 905,1.0
967878,201900009409,12,16,16:30,1,1,2,2.0,3.0,41094,Rue du Bois de Mont,M,"47,4261930","1,4214220",41,2019,90.0,1.0,1.0,4.0,2163413,1.0,1,3,1,5.0,,0.0,0,1938.0,A01,138Â 288Â 905,1.0,-1.0,-1.0,1651812,0.0,7,,0.0,0.0,1.0,B01,138Â 288Â 906,1.0
967878,201900009409,12,16,16:30,1,1,2,2.0,3.0,41094,Rue du Bois de Mont,M,"47,4261930","1,4214220",41,2019,90.0,1.0,1.0,4.0,2163414,1.0,1,1,1,9.0,,0.0,0,1975.0,B01,138Â 288Â 906,1.0,-1.0,-1.0,1651811,0.0,7,,0.0,0.0,1.0,A01,138Â 288Â 905,1.0
967878,201900009409,12,16,16:30,1,1,2,2.0,3.0,41094,Rue du Bois de Mont,M,"47,4261930","1,4214220",41,2019,90.0,1.0,1.0,4.0,2163414,1.0,1,1,1,9.0,,0.0,0,1975.0,B01,138Â 288Â 906,1.0,-1.0,-1.0,1651812,0.0,7,,0.0,0.0,1.0,B01,138Â 288Â 906,1.0
967879,201900009410,12,22,22:15,3,1,1,6.0,7.0,64483,A 63 - pk 190+100 - sens Espagne / France,M,"43,4130966"," -1,6143181",64,2019,130.0,2.0,2.0,1.0,2163415,1.0,1,3,1,5.0,,0.0,0,1952.0,A01,138Â 288Â 904,1.0,-1.0,-1.0,1651813,2.0,7,,14.0,0.0,1.0,A01,138Â 288Â 904,1.0
967880,201900009411,12,5,05:00,1,1,1,1.0,6.0,98802,R.T.1,M," -21,9196250","166,1261580",988,2019,90.0,3.0,1.0,2.0,2163416,2.0,2,4,1,9.0,,0.0,0,1979.0,A01,138Â 288Â 903,0.0,-1.0,-1.0,1651814,1.0,7,,2.0,0.0,1.0,A01,138Â 288Â 903,1.0
967880,201900009411,12,5,05:00,1,1,1,1.0,6.0,98802,R.T.1,M," -21,9196250","166,1261580",988,2019,90.0,3.0,1.0,2.0,2163417,8.0,2,3,1,9.0,,0.0,0,1998.0,A01,138Â 288Â 903,0.0,-1.0,-1.0,1651814,1.0,7,,2.0,0.0,1.0,A01,138Â 288Â 903,1.0