Unnamed: 0_x,num_acc,mois,jour,hrmn,lum,agg,int,atm,col,com,adr,gps,lat,long,dep,annee,vma,situ,surf,catr,Unnamed: 0_y,place,catu,grav,sexe,trajet,secu,locp,actp,an_nais,num_veh_x,id_vehicule_x,secu1,secu2,secu3,Unnamed: 0,senc,catv,occutc,obs,obsm,choc,num_veh_y,id_vehicule_y,motor
967880,201900009411,12,5,05:00,1,1,1,1.0,6.0,98802,R.T.1,M," -21,9196250","166,1261580",988,2019,90.0,3.0,1.0,2.0,2163418,1.0,1,3,1,9.0,,0.0,0,1995.0,A01,138Â 288Â 903,0.0,-1.0,-1.0,1651814,1.0,7,,2.0,0.0,1.0,A01,138Â 288Â 903,1.0
967881,201900009412,11,17,09:45,1,1,1,1.0,7.0,98802,R.T.1,M," -21,8453400","165,9184700",988,2019,110.0,8.0,1.0,2.0,2163419,1.0,1,2,1,5.0,,0.0,0,1955.0,A01,138Â 288Â 902,2.0,-1.0,-1.0,1651815,2.0,33,,13.0,0.0,1.0,A01,138Â 288Â 902,1.0
967881,201900009412,11,17,09:45,1,1,1,1.0,7.0,98802,R.T.1,M," -21,8453400","165,9184700",988,2019,110.0,8.0,1.0,2.0,2163420,2.0,2,2,2,5.0,,0.0,0,1958.0,A01,138Â 288Â 902,2.0,-1.0,-1.0,1651815,2.0,33,,13.0,0.0,1.0,A01,138Â 288Â 902,1.0
967882,201900009413,11,3,05:00,1,1,1,1.0,1.0,98802,R.T.1,M," -21,8585230","166,0259660",988,2019,110.0,1.0,1.0,2.0,2163421,1.0,1,4,1,5.0,,0.0,0,1961.0,A01,138Â 288Â 900,1.0,-1.0,-1.0,1651816,1.0,7,,0.0,2.0,3.0,A01,138Â 288Â 900,1.0
967882,201900009413,11,3,05:00,1,1,1,1.0,1.0,98802,R.T.1,M," -21,8585230","166,0259660",988,2019,110.0,1.0,1.0,2.0,2163421,1.0,1,4,1,5.0,,0.0,0,1961.0,A01,138Â 288Â 900,1.0,-1.0,-1.0,1651817,2.0,7,,0.0,2.0,8.0,B01,138Â 288Â 901,1.0
967882,201900009413,11,3,05:00,1,1,1,1.0,1.0,98802,R.T.1,M," -21,8585230","166,0259660",988,2019,110.0,1.0,1.0,2.0,2163422,2.0,2,4,1,5.0,,0.0,0,1998.0,B01,138Â 288Â 901,1.0,-1.0,-1.0,1651816,1.0,7,,0.0,2.0,3.0,A01,138Â 288Â 900,1.0
967882,201900009413,11,3,05:00,1,1,1,1.0,1.0,98802,R.T.1,M," -21,8585230","166,0259660",988,2019,110.0,1.0,1.0,2.0,2163422,2.0,2,4,1,5.0,,0.0,0,1998.0,B01,138Â 288Â 901,1.0,-1.0,-1.0,1651817,2.0,7,,0.0,2.0,8.0,B01,138Â 288Â 901,1.0
967882,201900009413,11,3,05:00,1,1,1,1.0,1.0,98802,R.T.1,M," -21,8585230","166,0259660",988,2019,110.0,1.0,1.0,2.0,2163423,1.0,1,2,1,5.0,,0.0,0,1993.0,B01,138Â 288Â 901,0.0,-1.0,-1.0,1651816,1.0,7,,0.0,2.0,3.0,A01,138Â 288Â 900,1.0
967882,201900009413,11,3,05:00,1,1,1,1.0,1.0,98802,R.T.1,M," -21,8585230","166,0259660",988,2019,110.0,1.0,1.0,2.0,2163423,1.0,1,2,1,5.0,,0.0,0,1993.0,B01,138Â 288Â 901,0.0,-1.0,-1.0,1651817,2.0,7,,0.0,2.0,8.0,B01,138Â 288Â 901,1.0
967883,201900009414,12,8,14:30,1,2,1,1.0,4.0,13119,avenue du mail,M,"43,2548830","5,5634680",13,2019,50.0,1.0,1.0,3.0,2163424,1.0,1,1,1,5.0,,0.0,0,2001.0,C01,138Â 288Â 897,1.0,-1.0,-1.0,1651818,2.0,7,,0.0,2.0,3.0,C01,138Â 288Â 897,1.0
967883,201900009414,12,8,14:30,1,2,1,1.0,4.0,13119,avenue du mail,M,"43,2548830","5,5634680",13,2019,50.0,1.0,1.0,3.0,2163424,1.0,1,1,1,5.0,,0.0,0,2001.0,C01,138Â 288Â 897,1.0,-1.0,-1.0,1651819,1.0,7,,0.0,2.0,6.0,B01,138Â 288Â 898,1.0
967883,201900009414,12,8,14:30,1,2,1,1.0,4.0,13119,avenue du mail,M,"43,2548830","5,5634680",13,2019,50.0,1.0,1.0,3.0,2163424,1.0,1,1,1,5.0,,0.0,0,2001.0,C01,138Â 288Â 897,1.0,-1.0,-1.0,1651820,1.0,33,,0.0,2.0,1.0,A01,138Â 288Â 899,1.0
967883,201900009414,12,8,14:30,1,2,1,1.0,4.0,13119,avenue du mail,M,"43,2548830","5,5634680",13,2019,50.0,1.0,1.0,3.0,2163425,1.0,1,1,1,5.0,,0.0,0,1983.0,B01,138Â 288Â 898,1.0,-1.0,-1.0,1651818,2.0,7,,0.0,2.0,3.0,C01,138Â 288Â 897,1.0
967883,201900009414,12,8,14:30,1,2,1,1.0,4.0,13119,avenue du mail,M,"43,2548830","5,5634680",13,2019,50.0,1.0,1.0,3.0,2163425,1.0,1,1,1,5.0,,0.0,0,1983.0,B01,138Â 288Â 898,1.0,-1.0,-1.0,1651819,1.0,7,,0.0,2.0,6.0,B01,138Â 288Â 898,1.0
967883,201900009414,12,8,14:30,1,2,1,1.0,4.0,13119,avenue du mail,M,"43,2548830","5,5634680",13,2019,50.0,1.0,1.0,3.0,2163425,1.0,1,1,1,5.0,,0.0,0,1983.0,B01,138Â 288Â 898,1.0,-1.0,-1.0,1651820,1.0,33,,0.0,2.0,1.0,A01,138Â 288Â 899,1.0
967883,201900009414,12,8,14:30,1,2,1,1.0,4.0,13119,avenue du mail,M,"43,2548830","5,5634680",13,2019,50.0,1.0,1.0,3.0,2163426,1.0,1,3,1,5.0,,0.0,0,1991.0,A01,138Â 288Â 899,2.0,6.0,-1.0,1651818,2.0,7,,0.0,2.0,3.0,C01,138Â 288Â 897,1.0
967883,201900009414,12,8,14:30,1,2,1,1.0,4.0,13119,avenue du mail,M,"43,2548830","5,5634680",13,2019,50.0,1.0,1.0,3.0,2163426,1.0,1,3,1,5.0,,0.0,0,1991.0,A01,138Â 288Â 899,2.0,6.0,-1.0,1651819,1.0,7,,0.0,2.0,6.0,B01,138Â 288Â 898,1.0
967883,201900009414,12,8,14:30,1,2,1,1.0,4.0,13119,avenue du mail,M,"43,2548830","5,5634680",13,2019,50.0,1.0,1.0,3.0,2163426,1.0,1,3,1,5.0,,0.0,0,1991.0,A01,138Â 288Â 899,2.0,6.0,-1.0,1651820,1.0,33,,0.0,2.0,1.0,A01,138Â 288Â 899,1.0
967884,201900009415,12,20,20:15,5,2,3,2.0,1.0,33019,39 AllÃ©e Ernest de BoissiÃ¨re,M,"44,6848360"," -1,0171020",33,2019,30.0,1.0,1.0,3.0,2163427,1.0,1,1,2,5.0,,0.0,0,1960.0,A01,138Â 288Â 895,1.0,-1.0,-1.0,1651821,1.0,7,,0.0,2.0,2.0,A01,138Â 288Â 895,1.0
967884,201900009415,12,20,20:15,5,2,3,2.0,1.0,33019,39 AllÃ©e Ernest de BoissiÃ¨re,M,"44,6848360"," -1,0171020",33,2019,30.0,1.0,1.0,3.0,2163427,1.0,1,1,2,5.0,,0.0,0,1960.0,A01,138Â 288Â 895,1.0,-1.0,-1.0,1651822,2.0,2,,0.0,2.0,1.0,B01,138Â 288Â 896,1.0
967884,201900009415,12,20,20:15,5,2,3,2.0,1.0,33019,39 AllÃ©e Ernest de BoissiÃ¨re,M,"44,6848360"," -1,0171020",33,2019,30.0,1.0,1.0,3.0,2163428,1.0,1,3,1,5.0,,0.0,0,2002.0,B01,138Â 288Â 896,2.0,6.0,-1.0,1651821,1.0,7,,0.0,2.0,2.0,A01,138Â 288Â 895,1.0
967884,201900009415,12,20,20:15,5,2,3,2.0,1.0,33019,39 AllÃ©e Ernest de BoissiÃ¨re,M,"44,6848360"," -1,0171020",33,2019,30.0,1.0,1.0,3.0,2163428,1.0,1,3,1,5.0,,0.0,0,2002.0,B01,138Â 288Â 896,2.0,6.0,-1.0,1651822,2.0,2,,0.0,2.0,1.0,B01,138Â 288Â 896,1.0
967885,201900009416,10,26,11:20,1,1,2,1.0,1.0,02296,D32,M,"49,8180840","3,1643170",2,2019,80.0,1.0,1.0,3.0,2163429,1.0,1,1,1,4.0,,0.0,0,1966.0,A01,138Â 288Â 893,0.0,-1.0,-1.0,1651823,3.0,21,,0.0,2.0,1.0,A01,138Â 288Â 893,1.0
967885,201900009416,10,26,11:20,1,1,2,1.0,1.0,02296,D32,M,"49,8180840","3,1643170",2,2019,80.0,1.0,1.0,3.0,2163429,1.0,1,1,1,4.0,,0.0,0,1966.0,A01,138Â 288Â 893,0.0,-1.0,-1.0,1651824,0.0,7,,0.0,2.0,1.0,B01,138Â 288Â 894,1.0
967885,201900009416,10,26,11:20,1,1,2,1.0,1.0,02296,D32,M,"49,8180840","3,1643170",2,2019,80.0,1.0,1.0,3.0,2163430,2.0,2,3,2,3.0,,0.0,0,1931.0,B01,138Â 288Â 894,1.0,5.0,-1.0,1651823,3.0,21,,0.0,2.0,1.0,A01,138Â 288Â 893,1.0
967885,201900009416,10,26,11:20,1,1,2,1.0,1.0,02296,D32,M,"49,8180840","3,1643170",2,2019,80.0,1.0,1.0,3.0,2163430,2.0,2,3,2,3.0,,0.0,0,1931.0,B01,138Â 288Â 894,1.0,5.0,-1.0,1651824,0.0,7,,0.0,2.0,1.0,B01,138Â 288Â 894,1.0
967885,201900009416,10,26,11:20,1,1,2,1.0,1.0,02296,D32,M,"49,8180840","3,1643170",2,2019,80.0,1.0,1.0,3.0,2163431,1.0,1,3,1,3.0,,0.0,0,1929.0,B01,138Â 288Â 894,1.0,5.0,-1.0,1651823,3.0,21,,0.0,2.0,1.0,A01,138Â 288Â 893,1.0
967885,201900009416,10,26,11:20,1,1,2,1.0,1.0,02296,D32,M,"49,8180840","3,1643170",2,2019,80.0,1.0,1.0,3.0,2163431,1.0,1,3,1,3.0,,0.0,0,1929.0,B01,138Â 288Â 894,1.0,5.0,-1.0,1651824,0.0,7,,0.0,2.0,1.0,B01,138Â 288Â 894,1.0
967886,201900009417,12,3,17:00,2,1,1,1.0,5.0,01354,D884,M,"46,2385450","6,0319980",1,2019,110.0,1.0,1.0,3.0,2163432,1.0,1,4,1,1.0,,0.0,0,1983.0,A01,138Â 288Â 890,2.0,-1.0,-1.0,1651825,2.0,33,,0.0,2.0,1.0,A01,138Â 288Â 890,1.0
967886,201900009417,12,3,17:00,2,1,1,1.0,5.0,01354,D884,M,"46,2385450","6,0319980",1,2019,110.0,1.0,1.0,3.0,2163432,1.0,1,4,1,1.0,,0.0,0,1983.0,A01,138Â 288Â 890,2.0,-1.0,-1.0,1651826,2.0,10,,0.0,0.0,4.0,B01,138Â 288Â 891,1.0
967886,201900009417,12,3,17:00,2,1,1,1.0,5.0,01354,D884,M,"46,2385450","6,0319980",1,2019,110.0,1.0,1.0,3.0,2163432,1.0,1,4,1,1.0,,0.0,0,1983.0,A01,138Â 288Â 890,2.0,-1.0,-1.0,1651827,2.0,10,,0.0,0.0,0.0,C01,138Â 288Â 892,1.0
967886,201900009417,12,3,17:00,2,1,1,1.0,5.0,01354,D884,M,"46,2385450","6,0319980",1,2019,110.0,1.0,1.0,3.0,2163433,1.0,1,1,1,0.0,,0.0,0,1972.0,B01,138Â 288Â 891,1.0,-1.0,-1.0,1651825,2.0,33,,0.0,2.0,1.0,A01,138Â 288Â 890,1.0
967886,201900009417,12,3,17:00,2,1,1,1.0,5.0,01354,D884,M,"46,2385450","6,0319980",1,2019,110.0,1.0,1.0,3.0,2163433,1.0,1,1,1,0.0,,0.0,0,1972.0,B01,138Â 288Â 891,1.0,-1.0,-1.0,1651826,2.0,10,,0.0,0.0,4.0,B01,138Â 288Â 891,1.0
967886,201900009417,12,3,17:00,2,1,1,1.0,5.0,01354,D884,M,"46,2385450","6,0319980",1,2019,110.0,1.0,1.0,3.0,2163433,1.0,1,1,1,0.0,,0.0,0,1972.0,B01,138Â 288Â 891,1.0,-1.0,-1.0,1651827,2.0,10,,0.0,0.0,0.0,C01,138Â 288Â 892,1.0
967886,201900009417,12,3,17:00,2,1,1,1.0,5.0,01354,D884,M,"46,2385450","6,0319980",1,2019,110.0,1.0,1.0,3.0,2163434,1.0,1,1,1,1.0,,0.0,0,1974.0,C01,138Â 288Â 892,1.0,-1.0,-1.0,1651825,2.0,33,,0.0,2.0,1.0,A01,138Â 288Â 890,1.0
967886,201900009417,12,3,17:00,2,1,1,1.0,5.0,01354,D884,M,"46,2385450","6,0319980",1,2019,110.0,1.0,1.0,3.0,2163434,1.0,1,1,1,1.0,,0.0,0,1974.0,C01,138Â 288Â 892,1.0,-1.0,-1.0,1651826,2.0,10,,0.0,0.0,4.0,B01,138Â 288Â 891,1.0
967886,201900009417,12,3,17:00,2,1,1,1.0,5.0,01354,D884,M,"46,2385450","6,0319980",1,2019,110.0,1.0,1.0,3.0,2163434,1.0,1,1,1,1.0,,0.0,0,1974.0,C01,138Â 288Â 892,1.0,-1.0,-1.0,1651827,2.0,10,,0.0,0.0,0.0,C01,138Â 288Â 892,1.0
967887,201900009418,11,30,16:30,1,1,4,1.0,3.0,01360,D984,M,"46,2145420","5,9712990",1,2019,70.0,1.0,1.0,3.0,2163435,2.0,2,4,2,3.0,,0.0,0,1958.0,A01,138Â 288Â 888,1.0,-1.0,-1.0,1651828,1.0,7,,0.0,2.0,7.0,A01,138Â 288Â 888,1.0
967887,201900009418,11,30,16:30,1,1,4,1.0,3.0,01360,D984,M,"46,2145420","5,9712990",1,2019,70.0,1.0,1.0,3.0,2163435,2.0,2,4,2,3.0,,0.0,0,1958.0,A01,138Â 288Â 888,1.0,-1.0,-1.0,1651829,2.0,7,,0.0,2.0,3.0,B01,138Â 288Â 889,1.0
967887,201900009418,11,30,16:30,1,1,4,1.0,3.0,01360,D984,M,"46,2145420","5,9712990",1,2019,70.0,1.0,1.0,3.0,2163436,1.0,1,4,2,3.0,,0.0,0,1982.0,A01,138Â 288Â 888,1.0,-1.0,-1.0,1651828,1.0,7,,0.0,2.0,7.0,A01,138Â 288Â 888,1.0
967887,201900009418,11,30,16:30,1,1,4,1.0,3.0,01360,D984,M,"46,2145420","5,9712990",1,2019,70.0,1.0,1.0,3.0,2163436,1.0,1,4,2,3.0,,0.0,0,1982.0,A01,138Â 288Â 888,1.0,-1.0,-1.0,1651829,2.0,7,,0.0,2.0,3.0,B01,138Â 288Â 889,1.0
967887,201900009418,11,30,16:30,1,1,4,1.0,3.0,01360,D984,M,"46,2145420","5,9712990",1,2019,70.0,1.0,1.0,3.0,2163437,1.0,1,1,1,5.0,,0.0,0,1958.0,B01,138Â 288Â 889,1.0,-1.0,-1.0,1651828,1.0,7,,0.0,2.0,7.0,A01,138Â 288Â 888,1.0
967887,201900009418,11,30,16:30,1,1,4,1.0,3.0,01360,D984,M,"46,2145420","5,9712990",1,2019,70.0,1.0,1.0,3.0,2163437,1.0,1,1,1,5.0,,0.0,0,1958.0,B01,138Â 288Â 889,1.0,-1.0,-1.0,1651829,2.0,7,,0.0,2.0,3.0,B01,138Â 288Â 889,1.0
967888,201900009419,12,13,07:24,2,1,1,1.0,1.0,63368,D14,M,"45,6979220","3,3365050",63,2019,80.0,1.0,2.0,3.0,2163438,1.0,1,3,1,1.0,,0.0,0,1987.0,B01,138Â 288Â 886,2.0,6.0,-1.0,1651830,1.0,31,,0.0,2.0,3.0,B01,138Â 288Â 886,1.0
967888,201900009419,12,13,07:24,2,1,1,1.0,1.0,63368,D14,M,"45,6979220","3,3365050",63,2019,80.0,1.0,2.0,3.0,2163438,1.0,1,3,1,1.0,,0.0,0,1987.0,B01,138Â 288Â 886,2.0,6.0,-1.0,1651831,2.0,7,,0.0,2.0,3.0,A01,138Â 288Â 887,1.0
967888,201900009419,12,13,07:24,2,1,1,1.0,1.0,63368,D14,M,"45,6979220","3,3365050",63,2019,80.0,1.0,2.0,3.0,2163439,1.0,1,1,1,1.0,,0.0,0,2000.0,A01,138Â 288Â 887,1.0,-1.0,-1.0,1651830,1.0,31,,0.0,2.0,3.0,B01,138Â 288Â 886,1.0
967888,201900009419,12,13,07:24,2,1,1,1.0,1.0,63368,D14,M,"45,6979220","3,3365050",63,2019,80.0,1.0,2.0,3.0,2163439,1.0,1,1,1,1.0,,0.0,0,2000.0,A01,138Â 288Â 887,1.0,-1.0,-1.0,1651831,2.0,7,,0.0,2.0,3.0,A01,138Â 288Â 887,1.0
967889,201900009420,12,23,11:35,1,1,1,2.0,2.0,82052,A62,M,"43,9987070","1,2272960",82,2019,130.0,1.0,2.0,1.0,2163440,2.0,2,4,2,5.0,,0.0,0,1989.0,B01,138Â 288Â 884,1.0,-1.0,-1.0,1651832,2.0,7,,0.0,2.0,4.0,B01,138Â 288Â 884,1.0
967889,201900009420,12,23,11:35,1,1,1,2.0,2.0,82052,A62,M,"43,9987070","1,2272960",82,2019,130.0,1.0,2.0,1.0,2163440,2.0,2,4,2,5.0,,0.0,0,1989.0,B01,138Â 288Â 884,1.0,-1.0,-1.0,1651833,2.0,16,,0.0,2.0,1.0,A01,138Â 288Â 885,1.0
967889,201900009420,12,23,11:35,1,1,1,2.0,2.0,82052,A62,M,"43,9987070","1,2272960",82,2019,130.0,1.0,2.0,1.0,2163441,9.0,2,4,2,5.0,,0.0,0,2018.0,B01,138Â 288Â 884,3.0,-1.0,-1.0,1651832,2.0,7,,0.0,2.0,4.0,B01,138Â 288Â 884,1.0
967889,201900009420,12,23,11:35,1,1,1,2.0,2.0,82052,A62,M,"43,9987070","1,2272960",82,2019,130.0,1.0,2.0,1.0,2163441,9.0,2,4,2,5.0,,0.0,0,2018.0,B01,138Â 288Â 884,3.0,-1.0,-1.0,1651833,2.0,16,,0.0,2.0,1.0,A01,138Â 288Â 885,1.0
967889,201900009420,12,23,11:35,1,1,1,2.0,2.0,82052,A62,M,"43,9987070","1,2272960",82,2019,130.0,1.0,2.0,1.0,2163442,1.0,1,1,1,5.0,,0.0,0,1991.0,B01,138Â 288Â 884,1.0,-1.0,-1.0,1651832,2.0,7,,0.0,2.0,4.0,B01,138Â 288Â 884,1.0
967889,201900009420,12,23,11:35,1,1,1,2.0,2.0,82052,A62,M,"43,9987070","1,2272960",82,2019,130.0,1.0,2.0,1.0,2163442,1.0,1,1,1,5.0,,0.0,0,1991.0,B01,138Â 288Â 884,1.0,-1.0,-1.0,1651833,2.0,16,,0.0,2.0,1.0,A01,138Â 288Â 885,1.0
967889,201900009420,12,23,11:35,1,1,1,2.0,2.0,82052,A62,M,"43,9987070","1,2272960",82,2019,130.0,1.0,2.0,1.0,2163443,1.0,1,1,1,4.0,,0.0,0,1965.0,A01,138Â 288Â 885,1.0,-1.0,-1.0,1651832,2.0,7,,0.0,2.0,4.0,B01,138Â 288Â 884,1.0
967889,201900009420,12,23,11:35,1,1,1,2.0,2.0,82052,A62,M,"43,9987070","1,2272960",82,2019,130.0,1.0,2.0,1.0,2163443,1.0,1,1,1,4.0,,0.0,0,1965.0,A01,138Â 288Â 885,1.0,-1.0,-1.0,1651833,2.0,16,,0.0,2.0,1.0,A01,138Â 288Â 885,1.0
967890,201900009421,12,31,18:05,3,1,1,5.0,6.0,74094,Route de Thonon,M,"46,1864560","6,2974030",74,2019,50.0,8.0,1.0,3.0,2163444,1.0,1,3,2,3.0,,0.0,0,1968.0,A01,138Â 288Â 883,1.0,-1.0,-1.0,1651834,3.0,7,,0.0,0.0,9.0,A01,138Â 288Â 883,1.0
967891,201900009422,10,18,09:35,1,1,1,1.0,3.0,85279,D6,M,"46,7963000"," -1,4088600",85,2019,80.0,1.0,2.0,3.0,2163445,1.0,1,2,1,0.0,,0.0,0,1978.0,A01,138Â 288Â 881,0.0,-1.0,-1.0,1651835,2.0,7,,0.0,2.0,3.0,A01,138Â 288Â 881,1.0
967891,201900009422,10,18,09:35,1,1,1,1.0,3.0,85279,D6,M,"46,7963000"," -1,4088600",85,2019,80.0,1.0,2.0,3.0,2163445,1.0,1,2,1,0.0,,0.0,0,1978.0,A01,138Â 288Â 881,0.0,-1.0,-1.0,1651836,1.0,17,,0.0,2.0,3.0,B01,138Â 288Â 882,1.0
967891,201900009422,10,18,09:35,1,1,1,1.0,3.0,85279,D6,M,"46,7963000"," -1,4088600",85,2019,80.0,1.0,2.0,3.0,2163446,1.0,1,1,1,4.0,,0.0,0,1962.0,B01,138Â 288Â 882,1.0,-1.0,-1.0,1651835,2.0,7,,0.0,2.0,3.0,A01,138Â 288Â 881,1.0
967891,201900009422,10,18,09:35,1,1,1,1.0,3.0,85279,D6,M,"46,7963000"," -1,4088600",85,2019,80.0,1.0,2.0,3.0,2163446,1.0,1,1,1,4.0,,0.0,0,1962.0,B01,138Â 288Â 882,1.0,-1.0,-1.0,1651836,1.0,17,,0.0,2.0,3.0,B01,138Â 288Â 882,1.0
967892,201900009423,10,19,14:32,5,1,1,3.0,2.0,94034,AUTOROUTE A86,M,"48,7584000","2,3258000",94,2019,70.0,1.0,2.0,1.0,2163447,1.0,1,1,1,0.0,,-1.0,0,1981.0,A01,138Â 288Â 879,1.0,0.0,-1.0,1651837,1.0,7,,0.0,2.0,1.0,A01,138Â 288Â 879,1.0
967892,201900009423,10,19,14:32,5,1,1,3.0,2.0,94034,AUTOROUTE A86,M,"48,7584000","2,3258000",94,2019,70.0,1.0,2.0,1.0,2163447,1.0,1,1,1,0.0,,-1.0,0,1981.0,A01,138Â 288Â 879,1.0,0.0,-1.0,1651838,1.0,7,,0.0,2.0,4.0,B01,138Â 288Â 880,1.0
967892,201900009423,10,19,14:32,5,1,1,3.0,2.0,94034,AUTOROUTE A86,M,"48,7584000","2,3258000",94,2019,70.0,1.0,2.0,1.0,2163448,1.0,1,1,1,0.0,,-1.0, -1,1990.0,B01,138Â 288Â 880,1.0,0.0,-1.0,1651837,1.0,7,,0.0,2.0,1.0,A01,138Â 288Â 879,1.0
967892,201900009423,10,19,14:32,5,1,1,3.0,2.0,94034,AUTOROUTE A86,M,"48,7584000","2,3258000",94,2019,70.0,1.0,2.0,1.0,2163448,1.0,1,1,1,0.0,,-1.0, -1,1990.0,B01,138Â 288Â 880,1.0,0.0,-1.0,1651838,1.0,7,,0.0,2.0,4.0,B01,138Â 288Â 880,1.0
967892,201900009423,10,19,14:32,5,1,1,3.0,2.0,94034,AUTOROUTE A86,M,"48,7584000","2,3258000",94,2019,70.0,1.0,2.0,1.0,2163449,2.0,2,4,2,0.0,,-1.0,0,1991.0,B01,138Â 288Â 880,1.0,0.0,-1.0,1651837,1.0,7,,0.0,2.0,1.0,A01,138Â 288Â 879,1.0
967892,201900009423,10,19,14:32,5,1,1,3.0,2.0,94034,AUTOROUTE A86,M,"48,7584000","2,3258000",94,2019,70.0,1.0,2.0,1.0,2163449,2.0,2,4,2,0.0,,-1.0,0,1991.0,B01,138Â 288Â 880,1.0,0.0,-1.0,1651838,1.0,7,,0.0,2.0,4.0,B01,138Â 288Â 880,1.0
967893,201900009424,12,19,19:50,5,2,1,1.0,6.0,69389,ANDREI SAKHAROV                     (AV),M,"45,7878300","4,7995800",69,2019,50.0,1.0,1.0,4.0,2163450,1.0,1,3,1,0.0,,-1.0, -1,1998.0,A01,138Â 288Â 878,1.0,0.0,-1.0,1651839,2.0,7,,8.0,2.0,2.0,A01,138Â 288Â 878,0.0
967894,201900009425,12,19,18:30,5,2,1,6.0,6.0,69264,PASQUIER PIERRE  BD,M,"45,9884300","4,7316300",69,2019,50.0,1.0,1.0,4.0,2163451,1.0,1,1,2,0.0,,-1.0, -1,1991.0,A01,138Â 288Â 877,8.0,0.0,-1.0,1651840,1.0,7,,0.0,1.0,1.0,A01,138Â 288Â 877,0.0
967894,201900009425,12,19,18:30,5,2,1,6.0,6.0,69264,PASQUIER PIERRE  BD,M,"45,9884300","4,7316300",69,2019,50.0,1.0,1.0,4.0,2163452,10.0,3,3,1,0.0,,2.0,3,2003.0,A01,138Â 288Â 877,0.0,-1.0,-1.0,1651840,1.0,7,,0.0,1.0,1.0,A01,138Â 288Â 877,0.0
967895,201900009426,12,31,21:00,5,2,1,2.0,6.0,29019,FOCH MARECHAL,M,"48,3948000"," -4,4882400",29,2019,50.0,1.0,2.0,4.0,2163453,10.0,3,3,1,0.0,,2.0,3,1959.0,A01,138Â 288Â 876,0.0,-1.0,-1.0,1651841,3.0,7,,0.0,1.0,5.0,A01,138Â 288Â 876,1.0
967895,201900009426,12,31,21:00,5,2,1,2.0,6.0,29019,FOCH MARECHAL,M,"48,3948000"," -4,4882400",29,2019,50.0,1.0,2.0,4.0,2163454,1.0,1,1,2,3.0,,-1.0, -1,1970.0,A01,138Â 288Â 876,1.0,0.0,-1.0,1651841,3.0,7,,0.0,1.0,5.0,A01,138Â 288Â 876,1.0
967896,201900009427,12,31,17:00,2,2,3,1.0,6.0,94067,GENERAL DE GAULLE (AV DU),M,"48,8444450","2,4175870",94,2019,50.0,1.0,1.0,3.0,2163455,10.0,3,3,2,9.0,,3.0,3,1940.0,A01,138Â 288Â 875,0.0,-1.0,-1.0,1651842,3.0,7,,0.0,1.0,1.0,A01,138Â 288Â 875,0.0
967896,201900009427,12,31,17:00,2,2,3,1.0,6.0,94067,GENERAL DE GAULLE (AV DU),M,"48,8444450","2,4175870",94,2019,50.0,1.0,1.0,3.0,2163456,1.0,1,1,2,0.0,,-1.0, -1,1969.0,A01,138Â 288Â 875,1.0,0.0,-1.0,1651842,3.0,7,,0.0,1.0,1.0,A01,138Â 288Â 875,0.0
967897,201900009428,11,24,17:20,3,1,1,8.0,6.0,07264,Chemin de Pontbrillant,M,"44,3372992","4,6419958",7,2019,50.0,1.0,2.0,3.0,2163457,1.0,1,2,1,5.0,,0.0,0,1986.0,B01,138Â 288Â 873,2.0,-1.0,-1.0,1651843,1.0,33,,0.0,0.0,7.0,B01,138Â 288Â 873,1.0
967897,201900009428,11,24,17:20,3,1,1,8.0,6.0,07264,Chemin de Pontbrillant,M,"44,3372992","4,6419958",7,2019,50.0,1.0,2.0,3.0,2163457,1.0,1,2,1,5.0,,0.0,0,1986.0,B01,138Â 288Â 873,2.0,-1.0,-1.0,1651844,1.0,7,,0.0,2.0,3.0,A01,138Â 288Â 874,1.0
967897,201900009428,11,24,17:20,3,1,1,8.0,6.0,07264,Chemin de Pontbrillant,M,"44,3372992","4,6419958",7,2019,50.0,1.0,2.0,3.0,2163458,1.0,1,1,1,5.0,,0.0,0,1947.0,A01,138Â 288Â 874,1.0,-1.0,-1.0,1651843,1.0,33,,0.0,0.0,7.0,B01,138Â 288Â 873,1.0
967897,201900009428,11,24,17:20,3,1,1,8.0,6.0,07264,Chemin de Pontbrillant,M,"44,3372992","4,6419958",7,2019,50.0,1.0,2.0,3.0,2163458,1.0,1,1,1,5.0,,0.0,0,1947.0,A01,138Â 288Â 874,1.0,-1.0,-1.0,1651844,1.0,7,,0.0,2.0,3.0,A01,138Â 288Â 874,1.0
967898,201900009429,5,2,17:45,1,2,3,2.0,3.0,59014,LAURENT (COUR) - 289 AV A FRANCE,M,"50,3777129","3,4968116",59,2019,50.0,1.0,2.0,3.0,2163459,2.0,1,4,1,1.0,,0.0,0,1971.0,B01,138Â 288Â 871,2.0,0.0,-1.0,1651845,2.0,80,,0.0,2.0,1.0,B01,138Â 288Â 871,3.0
967898,201900009429,5,2,17:45,1,2,3,2.0,3.0,59014,LAURENT (COUR) - 289 AV A FRANCE,M,"50,3777129","3,4968116",59,2019,50.0,1.0,2.0,3.0,2163459,2.0,1,4,1,1.0,,0.0,0,1971.0,B01,138Â 288Â 871,2.0,0.0,-1.0,1651846,1.0,7,,0.0,2.0,2.0,A01,138Â 288Â 872,1.0