Unnamed: 0_x,num_acc,mois,jour,hrmn,lum,agg,int,atm,col,com,adr,gps,lat,long,dep,annee,vma,situ,surf,catr,Unnamed: 0_y,place,catu,grav,sexe,trajet,secu,locp,actp,an_nais,num_veh_x,id_vehicule_x,secu1,secu2,secu3,Unnamed: 0,senc,catv,occutc,obs,obsm,choc,num_veh_y,id_vehicule_y,motor
967898,201900009429,5,2,17:45,1,2,3,2.0,3.0,59014,LAURENT (COUR) - 289 AV A FRANCE,M,"50,3777129","3,4968116",59,2019,50.0,1.0,2.0,3.0,2163460,1.0,1,1,1,5.0,,0.0,0,1989.0,A01,138Â 288Â 872,1.0,0.0,-1.0,1651845,2.0,80,,0.0,2.0,1.0,B01,138Â 288Â 871,3.0
967898,201900009429,5,2,17:45,1,2,3,2.0,3.0,59014,LAURENT (COUR) - 289 AV A FRANCE,M,"50,3777129","3,4968116",59,2019,50.0,1.0,2.0,3.0,2163460,1.0,1,1,1,5.0,,0.0,0,1989.0,A01,138Â 288Â 872,1.0,0.0,-1.0,1651846,1.0,7,,0.0,2.0,2.0,A01,138Â 288Â 872,1.0
967899,201900009430,11,26,08:30,1,2,1,1.0,1.0,97209,MOUTTE (ROUTE DE),M,"14,6187500"," -61,0559100",972,2019,50.0,1.0,1.0,3.0,2163461,2.0,2,1,2,0.0,,-1.0,0,2006.0,B01,138Â 288Â 869,1.0,0.0,-1.0,1651847,1.0,7,,0.0,2.0,3.0,B01,138Â 288Â 869,1.0
967899,201900009430,11,26,08:30,1,2,1,1.0,1.0,97209,MOUTTE (ROUTE DE),M,"14,6187500"," -61,0559100",972,2019,50.0,1.0,1.0,3.0,2163461,2.0,2,1,2,0.0,,-1.0,0,2006.0,B01,138Â 288Â 869,1.0,0.0,-1.0,1651848,2.0,7,,0.0,2.0,3.0,A01,138Â 288Â 870,1.0
967899,201900009430,11,26,08:30,1,2,1,1.0,1.0,97209,MOUTTE (ROUTE DE),M,"14,6187500"," -61,0559100",972,2019,50.0,1.0,1.0,3.0,2163462,1.0,1,4,2,0.0,,-1.0,0,1971.0,B01,138Â 288Â 869,1.0,0.0,-1.0,1651847,1.0,7,,0.0,2.0,3.0,B01,138Â 288Â 869,1.0
967899,201900009430,11,26,08:30,1,2,1,1.0,1.0,97209,MOUTTE (ROUTE DE),M,"14,6187500"," -61,0559100",972,2019,50.0,1.0,1.0,3.0,2163462,1.0,1,4,2,0.0,,-1.0,0,1971.0,B01,138Â 288Â 869,1.0,0.0,-1.0,1651848,2.0,7,,0.0,2.0,3.0,A01,138Â 288Â 870,1.0
967899,201900009430,11,26,08:30,1,2,1,1.0,1.0,97209,MOUTTE (ROUTE DE),M,"14,6187500"," -61,0559100",972,2019,50.0,1.0,1.0,3.0,2163463,1.0,1,4,2,0.0,,-1.0,0,1991.0,A01,138Â 288Â 870,1.0,0.0,-1.0,1651847,1.0,7,,0.0,2.0,3.0,B01,138Â 288Â 869,1.0
967899,201900009430,11,26,08:30,1,2,1,1.0,1.0,97209,MOUTTE (ROUTE DE),M,"14,6187500"," -61,0559100",972,2019,50.0,1.0,1.0,3.0,2163463,1.0,1,4,2,0.0,,-1.0,0,1991.0,A01,138Â 288Â 870,1.0,0.0,-1.0,1651848,2.0,7,,0.0,2.0,3.0,A01,138Â 288Â 870,1.0
967900,201900009431,12,31,23:00,5,2,3,1.0,3.0,95018,BELIN (RUE AG),M,"48,9470840","2,2468204",95,2019,50.0,1.0,1.0,3.0,2163464,1.0,1,1,1,5.0,,-1.0,0,1992.0,A01,138Â 288Â 867,1.0,0.0,-1.0,1651849,2.0,7,,0.0,9.0,2.0,A01,138Â 288Â 867,6.0
967900,201900009431,12,31,23:00,5,2,3,1.0,3.0,95018,BELIN (RUE AG),M,"48,9470840","2,2468204",95,2019,50.0,1.0,1.0,3.0,2163464,1.0,1,1,1,5.0,,-1.0,0,1992.0,A01,138Â 288Â 867,1.0,0.0,-1.0,1651850,2.0,99,,0.0,2.0,1.0,B01,138Â 288Â 868,5.0
967900,201900009431,12,31,23:00,5,2,3,1.0,3.0,95018,BELIN (RUE AG),M,"48,9470840","2,2468204",95,2019,50.0,1.0,1.0,3.0,2163465,1.0,1,3,1,5.0,,-1.0,0,2006.0,B01,138Â 288Â 868,8.0,0.0,-1.0,1651849,2.0,7,,0.0,9.0,2.0,A01,138Â 288Â 867,6.0
967900,201900009431,12,31,23:00,5,2,3,1.0,3.0,95018,BELIN (RUE AG),M,"48,9470840","2,2468204",95,2019,50.0,1.0,1.0,3.0,2163465,1.0,1,3,1,5.0,,-1.0,0,2006.0,B01,138Â 288Â 868,8.0,0.0,-1.0,1651850,2.0,99,,0.0,2.0,1.0,B01,138Â 288Â 868,5.0
967901,201900009432,12,13,17:30,5,2,1,1.0,6.0,89387,VERDUN (5 BOULEVARD DE),M,"48,2048500","3,2861600",89,2019,50.0,1.0,1.0,4.0,2163466,10.0,3,3,1,0.0,,3.0,3,1992.0,A01,138Â 288Â 866,0.0,-1.0,-1.0,1651851,1.0,7,,0.0,1.0,1.0,A01,138Â 288Â 866,1.0
967901,201900009432,12,13,17:30,5,2,1,1.0,6.0,89387,VERDUN (5 BOULEVARD DE),M,"48,2048500","3,2861600",89,2019,50.0,1.0,1.0,4.0,2163467,1.0,1,1,1,0.0,,-1.0, -1,1990.0,A01,138Â 288Â 866,1.0,8.0,-1.0,1651851,1.0,7,,0.0,1.0,1.0,A01,138Â 288Â 866,1.0
967902,201900009433,11,28,19:00,3,1,1,1.0,3.0,30351,MISTRAL BOULEVARD FREDERIC,M,"43,9822777","4,8052257",30,2019,80.0,1.0,1.0,3.0,2163468,1.0,1,3,2,1.0,,-1.0, -1,1998.0,B01,138Â 288Â 863,1.0,0.0,-1.0,1651852,3.0,7,,0.0,2.0,8.0,B01,138Â 288Â 863,1.0
967902,201900009433,11,28,19:00,3,1,1,1.0,3.0,30351,MISTRAL BOULEVARD FREDERIC,M,"43,9822777","4,8052257",30,2019,80.0,1.0,1.0,3.0,2163468,1.0,1,3,2,1.0,,-1.0, -1,1998.0,B01,138Â 288Â 863,1.0,0.0,-1.0,1651853,3.0,7,,0.0,2.0,8.0,A01,138Â 288Â 864,1.0
967902,201900009433,11,28,19:00,3,1,1,1.0,3.0,30351,MISTRAL BOULEVARD FREDERIC,M,"43,9822777","4,8052257",30,2019,80.0,1.0,1.0,3.0,2163469,1.0,1,1,1,1.0,,-1.0, -1,1978.0,A01,138Â 288Â 864,1.0,0.0,-1.0,1651852,3.0,7,,0.0,2.0,8.0,B01,138Â 288Â 863,1.0
967902,201900009433,11,28,19:00,3,1,1,1.0,3.0,30351,MISTRAL BOULEVARD FREDERIC,M,"43,9822777","4,8052257",30,2019,80.0,1.0,1.0,3.0,2163469,1.0,1,1,1,1.0,,-1.0, -1,1978.0,A01,138Â 288Â 864,1.0,0.0,-1.0,1651853,3.0,7,,0.0,2.0,8.0,A01,138Â 288Â 864,1.0
967903,201900009434,11,9,18:00,2,2,9,1.0,3.0,84007,MISTRAL7  (Parking C.Commercial),M,"43,9201900","4,8657400",84,2019,30.0,1.0,1.0,5.0,2163470,1.0,1,3,1,5.0,,0.0,0,1997.0,B01,138Â 288Â 861,2.0,0.0,-1.0,1651854,3.0,33,,0.0,2.0,1.0,B01,138Â 288Â 861,1.0
967903,201900009434,11,9,18:00,2,2,9,1.0,3.0,84007,MISTRAL7  (Parking C.Commercial),M,"43,9201900","4,8657400",84,2019,30.0,1.0,1.0,5.0,2163470,1.0,1,3,1,5.0,,0.0,0,1997.0,B01,138Â 288Â 861,2.0,0.0,-1.0,1651855,3.0,7,,0.0,2.0,3.0,A01,138Â 288Â 862,1.0
967903,201900009434,11,9,18:00,2,2,9,1.0,3.0,84007,MISTRAL7  (Parking C.Commercial),M,"43,9201900","4,8657400",84,2019,30.0,1.0,1.0,5.0,2163471,1.0,1,1,2,5.0,,0.0,0,1987.0,A01,138Â 288Â 862,1.0,0.0,-1.0,1651854,3.0,33,,0.0,2.0,1.0,B01,138Â 288Â 861,1.0
967903,201900009434,11,9,18:00,2,2,9,1.0,3.0,84007,MISTRAL7  (Parking C.Commercial),M,"43,9201900","4,8657400",84,2019,30.0,1.0,1.0,5.0,2163471,1.0,1,1,2,5.0,,0.0,0,1987.0,A01,138Â 288Â 862,1.0,0.0,-1.0,1651855,3.0,7,,0.0,2.0,3.0,A01,138Â 288Â 862,1.0
967904,201900009435,11,9,19:40,5,2,3,1.0,3.0,77404,D403 X RUE J. GRIVEAU,M,"48,5291300","3,2538700",77,2019,50.0,1.0,1.0,3.0,2163472,1.0,1,1,2,5.0,,0.0,0,1972.0,A01,138Â 288Â 859,1.0,8.0,-1.0,1651856,1.0,7,,0.0,2.0,1.0,A01,138Â 288Â 859,1.0
967904,201900009435,11,9,19:40,5,2,3,1.0,3.0,77404,D403 X RUE J. GRIVEAU,M,"48,5291300","3,2538700",77,2019,50.0,1.0,1.0,3.0,2163472,1.0,1,1,2,5.0,,0.0,0,1972.0,A01,138Â 288Â 859,1.0,8.0,-1.0,1651857,1.0,2,,0.0,2.0,5.0,B01,138Â 288Â 860,1.0
967904,201900009435,11,9,19:40,5,2,3,1.0,3.0,77404,D403 X RUE J. GRIVEAU,M,"48,5291300","3,2538700",77,2019,50.0,1.0,1.0,3.0,2163473,1.0,1,3,1,5.0,,0.0,0,2000.0,B01,138Â 288Â 860,2.0,8.0,-1.0,1651856,1.0,7,,0.0,2.0,1.0,A01,138Â 288Â 859,1.0
967904,201900009435,11,9,19:40,5,2,3,1.0,3.0,77404,D403 X RUE J. GRIVEAU,M,"48,5291300","3,2538700",77,2019,50.0,1.0,1.0,3.0,2163473,1.0,1,3,1,5.0,,0.0,0,2000.0,B01,138Â 288Â 860,2.0,8.0,-1.0,1651857,1.0,2,,0.0,2.0,5.0,B01,138Â 288Â 860,1.0
967905,201900009436,12,22,17:50,5,2,3,1.0,5.0,59017,BLUM  (AVENUE LEON),M,"50,6941300","2,8873200",59,2019,50.0,1.0,1.0,9.0,2163474,1.0,1,1,1,0.0,,-1.0, -1,1979.0,A01,138Â 288Â 854,1.0,0.0,-1.0,1651858,3.0,7,,0.0,2.0,1.0,A01,138Â 288Â 854,1.0
967905,201900009436,12,22,17:50,5,2,3,1.0,5.0,59017,BLUM  (AVENUE LEON),M,"50,6941300","2,8873200",59,2019,50.0,1.0,1.0,9.0,2163474,1.0,1,1,1,0.0,,-1.0, -1,1979.0,A01,138Â 288Â 854,1.0,0.0,-1.0,1651859,1.0,7,,0.0,2.0,2.0,B01,138Â 288Â 855,1.0
967905,201900009436,12,22,17:50,5,2,3,1.0,5.0,59017,BLUM  (AVENUE LEON),M,"50,6941300","2,8873200",59,2019,50.0,1.0,1.0,9.0,2163474,1.0,1,1,1,0.0,,-1.0, -1,1979.0,A01,138Â 288Â 854,1.0,0.0,-1.0,1651860,2.0,7,,0.0,2.0,1.0,C01,138Â 288Â 856,1.0
967905,201900009436,12,22,17:50,5,2,3,1.0,5.0,59017,BLUM  (AVENUE LEON),M,"50,6941300","2,8873200",59,2019,50.0,1.0,1.0,9.0,2163475,1.0,1,4,1,0.0,,-1.0, -1,1980.0,B01,138Â 288Â 855,1.0,0.0,-1.0,1651858,3.0,7,,0.0,2.0,1.0,A01,138Â 288Â 854,1.0
967905,201900009436,12,22,17:50,5,2,3,1.0,5.0,59017,BLUM  (AVENUE LEON),M,"50,6941300","2,8873200",59,2019,50.0,1.0,1.0,9.0,2163475,1.0,1,4,1,0.0,,-1.0, -1,1980.0,B01,138Â 288Â 855,1.0,0.0,-1.0,1651859,1.0,7,,0.0,2.0,2.0,B01,138Â 288Â 855,1.0
967905,201900009436,12,22,17:50,5,2,3,1.0,5.0,59017,BLUM  (AVENUE LEON),M,"50,6941300","2,8873200",59,2019,50.0,1.0,1.0,9.0,2163475,1.0,1,4,1,0.0,,-1.0, -1,1980.0,B01,138Â 288Â 855,1.0,0.0,-1.0,1651860,2.0,7,,0.0,2.0,1.0,C01,138Â 288Â 856,1.0
967905,201900009436,12,22,17:50,5,2,3,1.0,5.0,59017,BLUM  (AVENUE LEON),M,"50,6941300","2,8873200",59,2019,50.0,1.0,1.0,9.0,2163476,4.0,2,4,2,0.0,,-1.0,0,1994.0,C01,138Â 288Â 856,1.0,0.0,-1.0,1651858,3.0,7,,0.0,2.0,1.0,A01,138Â 288Â 854,1.0
967905,201900009436,12,22,17:50,5,2,3,1.0,5.0,59017,BLUM  (AVENUE LEON),M,"50,6941300","2,8873200",59,2019,50.0,1.0,1.0,9.0,2163476,4.0,2,4,2,0.0,,-1.0,0,1994.0,C01,138Â 288Â 856,1.0,0.0,-1.0,1651859,1.0,7,,0.0,2.0,2.0,B01,138Â 288Â 855,1.0
967905,201900009436,12,22,17:50,5,2,3,1.0,5.0,59017,BLUM  (AVENUE LEON),M,"50,6941300","2,8873200",59,2019,50.0,1.0,1.0,9.0,2163476,4.0,2,4,2,0.0,,-1.0,0,1994.0,C01,138Â 288Â 856,1.0,0.0,-1.0,1651860,2.0,7,,0.0,2.0,1.0,C01,138Â 288Â 856,1.0
967905,201900009436,12,22,17:50,5,2,3,1.0,5.0,59017,BLUM  (AVENUE LEON),M,"50,6941300","2,8873200",59,2019,50.0,1.0,1.0,9.0,2163477,2.0,2,4,2,0.0,,-1.0,0,1993.0,C01,138Â 288Â 856,1.0,0.0,-1.0,1651858,3.0,7,,0.0,2.0,1.0,A01,138Â 288Â 854,1.0
967905,201900009436,12,22,17:50,5,2,3,1.0,5.0,59017,BLUM  (AVENUE LEON),M,"50,6941300","2,8873200",59,2019,50.0,1.0,1.0,9.0,2163477,2.0,2,4,2,0.0,,-1.0,0,1993.0,C01,138Â 288Â 856,1.0,0.0,-1.0,1651859,1.0,7,,0.0,2.0,2.0,B01,138Â 288Â 855,1.0
967905,201900009436,12,22,17:50,5,2,3,1.0,5.0,59017,BLUM  (AVENUE LEON),M,"50,6941300","2,8873200",59,2019,50.0,1.0,1.0,9.0,2163477,2.0,2,4,2,0.0,,-1.0,0,1993.0,C01,138Â 288Â 856,1.0,0.0,-1.0,1651860,2.0,7,,0.0,2.0,1.0,C01,138Â 288Â 856,1.0
967905,201900009436,12,22,17:50,5,2,3,1.0,5.0,59017,BLUM  (AVENUE LEON),M,"50,6941300","2,8873200",59,2019,50.0,1.0,1.0,9.0,2163478,1.0,1,4,2,0.0,,-1.0,0,1965.0,C01,138Â 288Â 856,1.0,0.0,-1.0,1651858,3.0,7,,0.0,2.0,1.0,A01,138Â 288Â 854,1.0
967905,201900009436,12,22,17:50,5,2,3,1.0,5.0,59017,BLUM  (AVENUE LEON),M,"50,6941300","2,8873200",59,2019,50.0,1.0,1.0,9.0,2163478,1.0,1,4,2,0.0,,-1.0,0,1965.0,C01,138Â 288Â 856,1.0,0.0,-1.0,1651859,1.0,7,,0.0,2.0,2.0,B01,138Â 288Â 855,1.0
967905,201900009436,12,22,17:50,5,2,3,1.0,5.0,59017,BLUM  (AVENUE LEON),M,"50,6941300","2,8873200",59,2019,50.0,1.0,1.0,9.0,2163478,1.0,1,4,2,0.0,,-1.0,0,1965.0,C01,138Â 288Â 856,1.0,0.0,-1.0,1651860,2.0,7,,0.0,2.0,1.0,C01,138Â 288Â 856,1.0
967906,201900009437,12,30,18:10,5,2,1,1.0,6.0,57672,CASTELNAU (RUE DE),M,"49,3522000","6,1602600",57,2019,50.0,1.0,1.0,4.0,2163479,1.0,1,1,1,5.0,,-1.0, -1,1948.0,B01,138Â 288Â 851,1.0,0.0,-1.0,1651861,1.0,7,,0.0,2.0,4.0,B01,138Â 288Â 851,1.0
967906,201900009437,12,30,18:10,5,2,1,1.0,6.0,57672,CASTELNAU (RUE DE),M,"49,3522000","6,1602600",57,2019,50.0,1.0,1.0,4.0,2163479,1.0,1,1,1,5.0,,-1.0, -1,1948.0,B01,138Â 288Â 851,1.0,0.0,-1.0,1651862,1.0,7,,0.0,2.0,1.0,A01,138Â 288Â 852,1.0
967906,201900009437,12,30,18:10,5,2,1,1.0,6.0,57672,CASTELNAU (RUE DE),M,"49,3522000","6,1602600",57,2019,50.0,1.0,1.0,4.0,2163480,1.0,1,1,2,5.0,,-1.0, -1,1996.0,A01,138Â 288Â 852,1.0,0.0,-1.0,1651861,1.0,7,,0.0,2.0,4.0,B01,138Â 288Â 851,1.0
967906,201900009437,12,30,18:10,5,2,1,1.0,6.0,57672,CASTELNAU (RUE DE),M,"49,3522000","6,1602600",57,2019,50.0,1.0,1.0,4.0,2163480,1.0,1,1,2,5.0,,-1.0, -1,1996.0,A01,138Â 288Â 852,1.0,0.0,-1.0,1651862,1.0,7,,0.0,2.0,1.0,A01,138Â 288Â 852,1.0
967906,201900009437,12,30,18:10,5,2,1,1.0,6.0,57672,CASTELNAU (RUE DE),M,"49,3522000","6,1602600",57,2019,50.0,1.0,1.0,4.0,2163481,10.0,3,4,2,5.0,,3.0,1,1964.0,A01,138Â 288Â 852,0.0,-1.0,-1.0,1651861,1.0,7,,0.0,2.0,4.0,B01,138Â 288Â 851,1.0
967906,201900009437,12,30,18:10,5,2,1,1.0,6.0,57672,CASTELNAU (RUE DE),M,"49,3522000","6,1602600",57,2019,50.0,1.0,1.0,4.0,2163481,10.0,3,4,2,5.0,,3.0,1,1964.0,A01,138Â 288Â 852,0.0,-1.0,-1.0,1651862,1.0,7,,0.0,2.0,1.0,A01,138Â 288Â 852,1.0
967907,201900009438,12,28,17:45,5,2,6,1.0,6.0,53201,PARIS ( AVENUE DE ),M,"48,0689080"," -0,8080060",53,2019,50.0,1.0,1.0,3.0,2163482,10.0,3,3,1,5.0,,4.0,3,1958.0,A01,138Â 288Â 850,0.0,-1.0,-1.0,1651863,2.0,7,,0.0,1.0,3.0,A01,138Â 288Â 850,1.0
967907,201900009438,12,28,17:45,5,2,6,1.0,6.0,53201,PARIS ( AVENUE DE ),M,"48,0689080"," -0,8080060",53,2019,50.0,1.0,1.0,3.0,2163483,1.0,1,1,2,5.0,,-1.0, -1,1950.0,A01,138Â 288Â 850,1.0,0.0,-1.0,1651863,2.0,7,,0.0,1.0,3.0,A01,138Â 288Â 850,1.0
967908,201900009439,12,27,11:10,1,2,1,7.0,6.0,33281,AVE PIERRE MENDES FRANCE,M,"44,8202800"," -0,6348600",33,2019,50.0,1.0,1.0,4.0,2163484,10.0,3,3,1,0.0,,3.0,3,1951.0,A01,138Â 288Â 849,0.0,-1.0,-1.0,1651864,0.0,7,,0.0,1.0,7.0,A01,138Â 288Â 849,1.0
967908,201900009439,12,27,11:10,1,2,1,7.0,6.0,33281,AVE PIERRE MENDES FRANCE,M,"44,8202800"," -0,6348600",33,2019,50.0,1.0,1.0,4.0,2163485,10.0,3,3,2,0.0,,3.0,3,1956.0,A01,138Â 288Â 849,0.0,-1.0,-1.0,1651864,0.0,7,,0.0,1.0,7.0,A01,138Â 288Â 849,1.0
967908,201900009439,12,27,11:10,1,2,1,7.0,6.0,33281,AVE PIERRE MENDES FRANCE,M,"44,8202800"," -0,6348600",33,2019,50.0,1.0,1.0,4.0,2163486,1.0,1,1,1,0.0,,0.0, -1,1975.0,A01,138Â 288Â 849,8.0,0.0,-1.0,1651864,0.0,7,,0.0,1.0,7.0,A01,138Â 288Â 849,1.0
967909,201900009440,10,18,07:00,1,1,2,1.0,3.0,33281,AVE MARCEL DASSAULT,M,"44,8457500"," -0,7252900",33,2019,80.0,1.0,1.0,4.0,2163487,1.0,1,4,1,1.0,,-1.0, -1,1986.0,B01,138Â 288Â 847,8.0,0.0,-1.0,1651865,2.0,1,,0.0,2.0,0.0,B01,138Â 288Â 847,5.0
967909,201900009440,10,18,07:00,1,1,2,1.0,3.0,33281,AVE MARCEL DASSAULT,M,"44,8457500"," -0,7252900",33,2019,80.0,1.0,1.0,4.0,2163487,1.0,1,4,1,1.0,,-1.0, -1,1986.0,B01,138Â 288Â 847,8.0,0.0,-1.0,1651866,1.0,7,,0.0,2.0,2.0,A01,138Â 288Â 848,1.0
967909,201900009440,10,18,07:00,1,1,2,1.0,3.0,33281,AVE MARCEL DASSAULT,M,"44,8457500"," -0,7252900",33,2019,80.0,1.0,1.0,4.0,2163488,1.0,1,1,2,1.0,,-1.0, -1,1965.0,A01,138Â 288Â 848,1.0,0.0,-1.0,1651865,2.0,1,,0.0,2.0,0.0,B01,138Â 288Â 847,5.0
967909,201900009440,10,18,07:00,1,1,2,1.0,3.0,33281,AVE MARCEL DASSAULT,M,"44,8457500"," -0,7252900",33,2019,80.0,1.0,1.0,4.0,2163488,1.0,1,1,2,1.0,,-1.0, -1,1965.0,A01,138Â 288Â 848,1.0,0.0,-1.0,1651866,1.0,7,,0.0,2.0,2.0,A01,138Â 288Â 848,1.0
967910,201900009441,12,28,18:10,5,2,1,1.0,7.0,11069,MARECHAL FOCH -AVENUE-,M,"43,2171871","2,3519885",11,2019,50.0,1.0,1.0,4.0,2163489,1.0,1,1,2,5.0,,-1.0, -1,1973.0,A01,138Â 288Â 846,1.0,0.0,-1.0,1651867,0.0,7,,0.0,1.0,1.0,A01,138Â 288Â 846,1.0
967910,201900009441,12,28,18:10,5,2,1,1.0,7.0,11069,MARECHAL FOCH -AVENUE-,M,"43,2171871","2,3519885",11,2019,50.0,1.0,1.0,4.0,2163490,10.0,3,3,1,5.0,,3.0,3,2007.0,A01,138Â 288Â 846,0.0,-1.0,-1.0,1651867,0.0,7,,0.0,1.0,1.0,A01,138Â 288Â 846,1.0
967911,201900009442,11,23,23:00,3,2,1,3.0,7.0,11069,MINERVOISE -ROUTE-,M,"43,2179000","2,3537000",11,2019,50.0,1.0,2.0,4.0,2163491,1.0,1,3,1,0.0,,0.0, -1,2001.0,A01,138Â 288Â 845,2.0,0.0,-1.0,1651868,0.0,32,,0.0,0.0,0.0,A01,138Â 288Â 845,1.0
967912,201900009443,12,2,13:44,1,2,1,1.0,6.0,11069,MUSSET ALFRED-DE -ET IMPASSE-,M,"43,2224067","2,3451863",11,2019,50.0,1.0,1.0,4.0,2163492,1.0,1,1,1,5.0,,-1.0,0,1999.0,A01,138Â 288Â 844,1.0,0.0,-1.0,1651869,0.0,7,,0.0,1.0,1.0,A01,138Â 288Â 844,1.0
967912,201900009443,12,2,13:44,1,2,1,1.0,6.0,11069,MUSSET ALFRED-DE -ET IMPASSE-,M,"43,2224067","2,3451863",11,2019,50.0,1.0,1.0,4.0,2163493,10.0,3,3,1,2.0,,1.0,3,2002.0,A01,138Â 288Â 844,0.0,-1.0,-1.0,1651869,0.0,7,,0.0,1.0,1.0,A01,138Â 288Â 844,1.0
967913,201900009444,12,2,23:20,5,2,3,2.0,3.0,93008,VALLES (RUE JULES),M,"48,9100000","2,4700000",93,2019,50.0,1.0,2.0,4.0,2163494,1.0,1,1,1,0.0,,-1.0, -1,1990.0,B01,138Â 288Â 842,1.0,0.0,-1.0,1651870,1.0,7,,0.0,2.0,3.0,B01,138Â 288Â 842,1.0
967913,201900009444,12,2,23:20,5,2,3,2.0,3.0,93008,VALLES (RUE JULES),M,"48,9100000","2,4700000",93,2019,50.0,1.0,2.0,4.0,2163494,1.0,1,1,1,0.0,,-1.0, -1,1990.0,B01,138Â 288Â 842,1.0,0.0,-1.0,1651871,3.0,7,,0.0,2.0,7.0,A01,138Â 288Â 843,1.0
967913,201900009444,12,2,23:20,5,2,3,2.0,3.0,93008,VALLES (RUE JULES),M,"48,9100000","2,4700000",93,2019,50.0,1.0,2.0,4.0,2163495,4.0,2,4,2,0.0,,-1.0, -1,1998.0,A01,138Â 288Â 843,1.0,0.0,-1.0,1651870,1.0,7,,0.0,2.0,3.0,B01,138Â 288Â 842,1.0
967913,201900009444,12,2,23:20,5,2,3,2.0,3.0,93008,VALLES (RUE JULES),M,"48,9100000","2,4700000",93,2019,50.0,1.0,2.0,4.0,2163495,4.0,2,4,2,0.0,,-1.0, -1,1998.0,A01,138Â 288Â 843,1.0,0.0,-1.0,1651871,3.0,7,,0.0,2.0,7.0,A01,138Â 288Â 843,1.0
967913,201900009444,12,2,23:20,5,2,3,2.0,3.0,93008,VALLES (RUE JULES),M,"48,9100000","2,4700000",93,2019,50.0,1.0,2.0,4.0,2163496,2.0,2,4,1,0.0,,-1.0, -1,1992.0,A01,138Â 288Â 843,1.0,0.0,-1.0,1651870,1.0,7,,0.0,2.0,3.0,B01,138Â 288Â 842,1.0
967913,201900009444,12,2,23:20,5,2,3,2.0,3.0,93008,VALLES (RUE JULES),M,"48,9100000","2,4700000",93,2019,50.0,1.0,2.0,4.0,2163496,2.0,2,4,1,0.0,,-1.0, -1,1992.0,A01,138Â 288Â 843,1.0,0.0,-1.0,1651871,3.0,7,,0.0,2.0,7.0,A01,138Â 288Â 843,1.0
967913,201900009444,12,2,23:20,5,2,3,2.0,3.0,93008,VALLES (RUE JULES),M,"48,9100000","2,4700000",93,2019,50.0,1.0,2.0,4.0,2163497,1.0,1,4,2,0.0,,-1.0, -1,1993.0,A01,138Â 288Â 843,1.0,0.0,-1.0,1651870,1.0,7,,0.0,2.0,3.0,B01,138Â 288Â 842,1.0
967913,201900009444,12,2,23:20,5,2,3,2.0,3.0,93008,VALLES (RUE JULES),M,"48,9100000","2,4700000",93,2019,50.0,1.0,2.0,4.0,2163497,1.0,1,4,2,0.0,,-1.0, -1,1993.0,A01,138Â 288Â 843,1.0,0.0,-1.0,1651871,3.0,7,,0.0,2.0,7.0,A01,138Â 288Â 843,1.0
967913,201900009444,12,2,23:20,5,2,3,2.0,3.0,93008,VALLES (RUE JULES),M,"48,9100000","2,4700000",93,2019,50.0,1.0,2.0,4.0,2163498,3.0,2,4,2,0.0,,-1.0, -1,1995.0,A01,138Â 288Â 843,1.0,0.0,-1.0,1651870,1.0,7,,0.0,2.0,3.0,B01,138Â 288Â 842,1.0
967913,201900009444,12,2,23:20,5,2,3,2.0,3.0,93008,VALLES (RUE JULES),M,"48,9100000","2,4700000",93,2019,50.0,1.0,2.0,4.0,2163498,3.0,2,4,2,0.0,,-1.0, -1,1995.0,A01,138Â 288Â 843,1.0,0.0,-1.0,1651871,3.0,7,,0.0,2.0,7.0,A01,138Â 288Â 843,1.0
967914,201900009445,12,1,19:00,3,1,9,1.0,7.0,98745,route de Patio,M," -16,6308330"," -151,5040280",987,2019,60.0,8.0,1.0,4.0,2163499,1.0,1,3,1,5.0,,0.0,0,1996.0,A01,138Â 288Â 841,1.0,-1.0,-1.0,1651872,3.0,7,,13.0,0.0,1.0,A01,138Â 288Â 841,1.0
967915,201900009446,12,29,19:50,5,1,3,1.0,3.0,97305,Village Kamuyneh,M,"4,9898540"," -52,4489480",973,2019,80.0,1.0,1.0,2.0,2163500,2.0,2,4,2,5.0,,0.0,0,1996.0,B01,138Â 288Â 839,1.0,-1.0,-1.0,1651873,2.0,7,,0.0,2.0,6.0,B01,138Â 288Â 839,1.0
967915,201900009446,12,29,19:50,5,1,3,1.0,3.0,97305,Village Kamuyneh,M,"4,9898540"," -52,4489480",973,2019,80.0,1.0,1.0,2.0,2163500,2.0,2,4,2,5.0,,0.0,0,1996.0,B01,138Â 288Â 839,1.0,-1.0,-1.0,1651874,2.0,7,,0.0,2.0,1.0,A01,138Â 288Â 840,1.0
967915,201900009446,12,29,19:50,5,1,3,1.0,3.0,97305,Village Kamuyneh,M,"4,9898540"," -52,4489480",973,2019,80.0,1.0,1.0,2.0,2163501,7.0,2,3,1,5.0,,0.0,0,2017.0,B01,138Â 288Â 839,9.0,-1.0,-1.0,1651873,2.0,7,,0.0,2.0,6.0,B01,138Â 288Â 839,1.0
967915,201900009446,12,29,19:50,5,1,3,1.0,3.0,97305,Village Kamuyneh,M,"4,9898540"," -52,4489480",973,2019,80.0,1.0,1.0,2.0,2163501,7.0,2,3,1,5.0,,0.0,0,2017.0,B01,138Â 288Â 839,9.0,-1.0,-1.0,1651874,2.0,7,,0.0,2.0,1.0,A01,138Â 288Â 840,1.0