Unnamed: 0_x,num_acc,mois,jour,hrmn,lum,agg,int,atm,col,com,adr,gps,lat,long,dep,annee,vma,situ,surf,catr,Unnamed: 0_y,place,catu,grav,sexe,trajet,secu,locp,actp,an_nais,num_veh_x,id_vehicule_x,secu1,secu2,secu3,Unnamed: 0,senc,catv,occutc,obs,obsm,choc,num_veh_y,id_vehicule_y,motor
967915,201900009446,12,29,19:50,5,1,3,1.0,3.0,97305,Village Kamuyneh,M,"4,9898540"," -52,4489480",973,2019,80.0,1.0,1.0,2.0,2163502,1.0,1,3,1,5.0,,0.0,0,1990.0,B01,138Â 288Â 839,1.0,-1.0,-1.0,1651873,2.0,7,,0.0,2.0,6.0,B01,138Â 288Â 839,1.0
967915,201900009446,12,29,19:50,5,1,3,1.0,3.0,97305,Village Kamuyneh,M,"4,9898540"," -52,4489480",973,2019,80.0,1.0,1.0,2.0,2163502,1.0,1,3,1,5.0,,0.0,0,1990.0,B01,138Â 288Â 839,1.0,-1.0,-1.0,1651874,2.0,7,,0.0,2.0,1.0,A01,138Â 288Â 840,1.0
967915,201900009446,12,29,19:50,5,1,3,1.0,3.0,97305,Village Kamuyneh,M,"4,9898540"," -52,4489480",973,2019,80.0,1.0,1.0,2.0,2163503,1.0,1,4,1,9.0,,0.0,0,1984.0,A01,138Â 288Â 840,1.0,-1.0,-1.0,1651873,2.0,7,,0.0,2.0,6.0,B01,138Â 288Â 839,1.0
967915,201900009446,12,29,19:50,5,1,3,1.0,3.0,97305,Village Kamuyneh,M,"4,9898540"," -52,4489480",973,2019,80.0,1.0,1.0,2.0,2163503,1.0,1,4,1,9.0,,0.0,0,1984.0,A01,138Â 288Â 840,1.0,-1.0,-1.0,1651874,2.0,7,,0.0,2.0,1.0,A01,138Â 288Â 840,1.0
967916,201900009447,12,31,15:00,1,2,3,1.0,2.0,13022,Chemin du Plan d'Olive,M,"43,2349310","5,5516900",13,2019,50.0,1.0,1.0,4.0,2163504,1.0,1,1,2,0.0,,0.0,0,1994.0,A01,138Â 288Â 837,1.0,-1.0,-1.0,1651875,3.0,7,,0.0,0.0,2.0,A01,138Â 288Â 837,1.0
967916,201900009447,12,31,15:00,1,2,3,1.0,2.0,13022,Chemin du Plan d'Olive,M,"43,2349310","5,5516900",13,2019,50.0,1.0,1.0,4.0,2163504,1.0,1,1,2,0.0,,0.0,0,1994.0,A01,138Â 288Â 837,1.0,-1.0,-1.0,1651876,3.0,7,,0.0,0.0,4.0,B01,138Â 288Â 838,1.0
967916,201900009447,12,31,15:00,1,2,3,1.0,2.0,13022,Chemin du Plan d'Olive,M,"43,2349310","5,5516900",13,2019,50.0,1.0,1.0,4.0,2163505,1.0,1,4,1,5.0,,0.0,0,1999.0,B01,138Â 288Â 838,1.0,-1.0,-1.0,1651875,3.0,7,,0.0,0.0,2.0,A01,138Â 288Â 837,1.0
967916,201900009447,12,31,15:00,1,2,3,1.0,2.0,13022,Chemin du Plan d'Olive,M,"43,2349310","5,5516900",13,2019,50.0,1.0,1.0,4.0,2163505,1.0,1,4,1,5.0,,0.0,0,1999.0,B01,138Â 288Â 838,1.0,-1.0,-1.0,1651876,3.0,7,,0.0,0.0,4.0,B01,138Â 288Â 838,1.0
967917,201900009448,12,20,17:45,2,1,1,1.0,4.0,13071,A7-Sens Marseille vers Lyon,M,"43,4123900","5,2821000",13,2019,110.0,1.0,1.0,1.0,2163506,1.0,1,4,2,5.0,,-1.0, -1,1982.0,A01,138Â 288Â 834,1.0,0.0,-1.0,1651877,2.0,10,,0.0,0.0,4.0,A01,138Â 288Â 834,1.0
967917,201900009448,12,20,17:45,2,1,1,1.0,4.0,13071,A7-Sens Marseille vers Lyon,M,"43,4123900","5,2821000",13,2019,110.0,1.0,1.0,1.0,2163506,1.0,1,4,2,5.0,,-1.0, -1,1982.0,A01,138Â 288Â 834,1.0,0.0,-1.0,1651878,2.0,10,,1.0,0.0,4.0,B01,138Â 288Â 835,1.0
967917,201900009448,12,20,17:45,2,1,1,1.0,4.0,13071,A7-Sens Marseille vers Lyon,M,"43,4123900","5,2821000",13,2019,110.0,1.0,1.0,1.0,2163506,1.0,1,4,2,5.0,,-1.0, -1,1982.0,A01,138Â 288Â 834,1.0,0.0,-1.0,1651879,2.0,38,1.0,1.0,0.0,1.0,C01,138Â 288Â 836,1.0
967917,201900009448,12,20,17:45,2,1,1,1.0,4.0,13071,A7-Sens Marseille vers Lyon,M,"43,4123900","5,2821000",13,2019,110.0,1.0,1.0,1.0,2163507,1.0,1,4,2,5.0,,-1.0, -1,1991.0,B01,138Â 288Â 835,1.0,0.0,-1.0,1651877,2.0,10,,0.0,0.0,4.0,A01,138Â 288Â 834,1.0
967917,201900009448,12,20,17:45,2,1,1,1.0,4.0,13071,A7-Sens Marseille vers Lyon,M,"43,4123900","5,2821000",13,2019,110.0,1.0,1.0,1.0,2163507,1.0,1,4,2,5.0,,-1.0, -1,1991.0,B01,138Â 288Â 835,1.0,0.0,-1.0,1651878,2.0,10,,1.0,0.0,4.0,B01,138Â 288Â 835,1.0
967917,201900009448,12,20,17:45,2,1,1,1.0,4.0,13071,A7-Sens Marseille vers Lyon,M,"43,4123900","5,2821000",13,2019,110.0,1.0,1.0,1.0,2163507,1.0,1,4,2,5.0,,-1.0, -1,1991.0,B01,138Â 288Â 835,1.0,0.0,-1.0,1651879,2.0,38,1.0,1.0,0.0,1.0,C01,138Â 288Â 836,1.0
967917,201900009448,12,20,17:45,2,1,1,1.0,4.0,13071,A7-Sens Marseille vers Lyon,M,"43,4123900","5,2821000",13,2019,110.0,1.0,1.0,1.0,2163508,1.0,1,1,1,4.0,,-1.0, -1,1968.0,C01,138Â 288Â 836,1.0,0.0,-1.0,1651877,2.0,10,,0.0,0.0,4.0,A01,138Â 288Â 834,1.0
967917,201900009448,12,20,17:45,2,1,1,1.0,4.0,13071,A7-Sens Marseille vers Lyon,M,"43,4123900","5,2821000",13,2019,110.0,1.0,1.0,1.0,2163508,1.0,1,1,1,4.0,,-1.0, -1,1968.0,C01,138Â 288Â 836,1.0,0.0,-1.0,1651878,2.0,10,,1.0,0.0,4.0,B01,138Â 288Â 835,1.0
967917,201900009448,12,20,17:45,2,1,1,1.0,4.0,13071,A7-Sens Marseille vers Lyon,M,"43,4123900","5,2821000",13,2019,110.0,1.0,1.0,1.0,2163508,1.0,1,1,1,4.0,,-1.0, -1,1968.0,C01,138Â 288Â 836,1.0,0.0,-1.0,1651879,2.0,38,1.0,1.0,0.0,1.0,C01,138Â 288Â 836,1.0
967918,201900009449,12,23,14:00,1,1,1,2.0,7.0,01043,A432N 9.900 A 11.118,M,"45,8444300","5,0154140",1,2019,110.0,1.0,2.0,1.0,2163509,2.0,2,4,1,5.0,,-1.0, -1,1956.0,A01,138Â 288Â 833,1.0,0.0,-1.0,1651880,2.0,7,,3.0,0.0,1.0,A01,138Â 288Â 833,1.0
967918,201900009449,12,23,14:00,1,1,1,2.0,7.0,01043,A432N 9.900 A 11.118,M,"45,8444300","5,0154140",1,2019,110.0,1.0,2.0,1.0,2163510,1.0,1,3,2,5.0,,-1.0, -1,1958.0,A01,138Â 288Â 833,1.0,0.0,-1.0,1651880,2.0,7,,3.0,0.0,1.0,A01,138Â 288Â 833,1.0
967919,201900009450,12,31,20:15,3,1,1,8.0,5.0,93078,AUTOROUTE A104,M,"48,9592100","2,5361100",93,2019,90.0,1.0,9.0,1.0,2163511,1.0,1,1,1,5.0,,-1.0, -1,1988.0,F01,138Â 288Â 827,1.0,0.0,-1.0,1651881,2.0,7,,0.0,2.0,1.0,F01,138Â 288Â 827,1.0
967919,201900009450,12,31,20:15,3,1,1,8.0,5.0,93078,AUTOROUTE A104,M,"48,9592100","2,5361100",93,2019,90.0,1.0,9.0,1.0,2163511,1.0,1,1,1,5.0,,-1.0, -1,1988.0,F01,138Â 288Â 827,1.0,0.0,-1.0,1651882,2.0,7,,0.0,2.0,1.0,E01,138Â 288Â 828,1.0
967919,201900009450,12,31,20:15,3,1,1,8.0,5.0,93078,AUTOROUTE A104,M,"48,9592100","2,5361100",93,2019,90.0,1.0,9.0,1.0,2163511,1.0,1,1,1,5.0,,-1.0, -1,1988.0,F01,138Â 288Â 827,1.0,0.0,-1.0,1651883,2.0,7,,0.0,2.0,1.0,D01,138Â 288Â 829,1.0
967919,201900009450,12,31,20:15,3,1,1,8.0,5.0,93078,AUTOROUTE A104,M,"48,9592100","2,5361100",93,2019,90.0,1.0,9.0,1.0,2163511,1.0,1,1,1,5.0,,-1.0, -1,1988.0,F01,138Â 288Â 827,1.0,0.0,-1.0,1651884,2.0,7,,0.0,2.0,5.0,C01,138Â 288Â 830,1.0
967919,201900009450,12,31,20:15,3,1,1,8.0,5.0,93078,AUTOROUTE A104,M,"48,9592100","2,5361100",93,2019,90.0,1.0,9.0,1.0,2163511,1.0,1,1,1,5.0,,-1.0, -1,1988.0,F01,138Â 288Â 827,1.0,0.0,-1.0,1651885,2.0,10,,0.0,2.0,6.0,B01,138Â 288Â 831,1.0
967919,201900009450,12,31,20:15,3,1,1,8.0,5.0,93078,AUTOROUTE A104,M,"48,9592100","2,5361100",93,2019,90.0,1.0,9.0,1.0,2163511,1.0,1,1,1,5.0,,-1.0, -1,1988.0,F01,138Â 288Â 827,1.0,0.0,-1.0,1651886,2.0,7,,1.0,0.0,1.0,A01,138Â 288Â 832,1.0
967919,201900009450,12,31,20:15,3,1,1,8.0,5.0,93078,AUTOROUTE A104,M,"48,9592100","2,5361100",93,2019,90.0,1.0,9.0,1.0,2163512,1.0,1,1,1,5.0,,-1.0, -1,1979.0,E01,138Â 288Â 828,1.0,0.0,-1.0,1651881,2.0,7,,0.0,2.0,1.0,F01,138Â 288Â 827,1.0
967919,201900009450,12,31,20:15,3,1,1,8.0,5.0,93078,AUTOROUTE A104,M,"48,9592100","2,5361100",93,2019,90.0,1.0,9.0,1.0,2163512,1.0,1,1,1,5.0,,-1.0, -1,1979.0,E01,138Â 288Â 828,1.0,0.0,-1.0,1651882,2.0,7,,0.0,2.0,1.0,E01,138Â 288Â 828,1.0
967919,201900009450,12,31,20:15,3,1,1,8.0,5.0,93078,AUTOROUTE A104,M,"48,9592100","2,5361100",93,2019,90.0,1.0,9.0,1.0,2163512,1.0,1,1,1,5.0,,-1.0, -1,1979.0,E01,138Â 288Â 828,1.0,0.0,-1.0,1651883,2.0,7,,0.0,2.0,1.0,D01,138Â 288Â 829,1.0
967919,201900009450,12,31,20:15,3,1,1,8.0,5.0,93078,AUTOROUTE A104,M,"48,9592100","2,5361100",93,2019,90.0,1.0,9.0,1.0,2163512,1.0,1,1,1,5.0,,-1.0, -1,1979.0,E01,138Â 288Â 828,1.0,0.0,-1.0,1651884,2.0,7,,0.0,2.0,5.0,C01,138Â 288Â 830,1.0
967919,201900009450,12,31,20:15,3,1,1,8.0,5.0,93078,AUTOROUTE A104,M,"48,9592100","2,5361100",93,2019,90.0,1.0,9.0,1.0,2163512,1.0,1,1,1,5.0,,-1.0, -1,1979.0,E01,138Â 288Â 828,1.0,0.0,-1.0,1651885,2.0,10,,0.0,2.0,6.0,B01,138Â 288Â 831,1.0
967919,201900009450,12,31,20:15,3,1,1,8.0,5.0,93078,AUTOROUTE A104,M,"48,9592100","2,5361100",93,2019,90.0,1.0,9.0,1.0,2163512,1.0,1,1,1,5.0,,-1.0, -1,1979.0,E01,138Â 288Â 828,1.0,0.0,-1.0,1651886,2.0,7,,1.0,0.0,1.0,A01,138Â 288Â 832,1.0
967919,201900009450,12,31,20:15,3,1,1,8.0,5.0,93078,AUTOROUTE A104,M,"48,9592100","2,5361100",93,2019,90.0,1.0,9.0,1.0,2163513,1.0,1,4,2,5.0,,-1.0, -1,1989.0,D01,138Â 288Â 829,1.0,0.0,-1.0,1651881,2.0,7,,0.0,2.0,1.0,F01,138Â 288Â 827,1.0
967919,201900009450,12,31,20:15,3,1,1,8.0,5.0,93078,AUTOROUTE A104,M,"48,9592100","2,5361100",93,2019,90.0,1.0,9.0,1.0,2163513,1.0,1,4,2,5.0,,-1.0, -1,1989.0,D01,138Â 288Â 829,1.0,0.0,-1.0,1651882,2.0,7,,0.0,2.0,1.0,E01,138Â 288Â 828,1.0
967919,201900009450,12,31,20:15,3,1,1,8.0,5.0,93078,AUTOROUTE A104,M,"48,9592100","2,5361100",93,2019,90.0,1.0,9.0,1.0,2163513,1.0,1,4,2,5.0,,-1.0, -1,1989.0,D01,138Â 288Â 829,1.0,0.0,-1.0,1651883,2.0,7,,0.0,2.0,1.0,D01,138Â 288Â 829,1.0
967919,201900009450,12,31,20:15,3,1,1,8.0,5.0,93078,AUTOROUTE A104,M,"48,9592100","2,5361100",93,2019,90.0,1.0,9.0,1.0,2163513,1.0,1,4,2,5.0,,-1.0, -1,1989.0,D01,138Â 288Â 829,1.0,0.0,-1.0,1651884,2.0,7,,0.0,2.0,5.0,C01,138Â 288Â 830,1.0
967919,201900009450,12,31,20:15,3,1,1,8.0,5.0,93078,AUTOROUTE A104,M,"48,9592100","2,5361100",93,2019,90.0,1.0,9.0,1.0,2163513,1.0,1,4,2,5.0,,-1.0, -1,1989.0,D01,138Â 288Â 829,1.0,0.0,-1.0,1651885,2.0,10,,0.0,2.0,6.0,B01,138Â 288Â 831,1.0
967919,201900009450,12,31,20:15,3,1,1,8.0,5.0,93078,AUTOROUTE A104,M,"48,9592100","2,5361100",93,2019,90.0,1.0,9.0,1.0,2163513,1.0,1,4,2,5.0,,-1.0, -1,1989.0,D01,138Â 288Â 829,1.0,0.0,-1.0,1651886,2.0,7,,1.0,0.0,1.0,A01,138Â 288Â 832,1.0
967919,201900009450,12,31,20:15,3,1,1,8.0,5.0,93078,AUTOROUTE A104,M,"48,9592100","2,5361100",93,2019,90.0,1.0,9.0,1.0,2163514,1.0,1,1,2,5.0,,-1.0, -1,1997.0,C01,138Â 288Â 830,1.0,0.0,-1.0,1651881,2.0,7,,0.0,2.0,1.0,F01,138Â 288Â 827,1.0
967919,201900009450,12,31,20:15,3,1,1,8.0,5.0,93078,AUTOROUTE A104,M,"48,9592100","2,5361100",93,2019,90.0,1.0,9.0,1.0,2163514,1.0,1,1,2,5.0,,-1.0, -1,1997.0,C01,138Â 288Â 830,1.0,0.0,-1.0,1651882,2.0,7,,0.0,2.0,1.0,E01,138Â 288Â 828,1.0
967919,201900009450,12,31,20:15,3,1,1,8.0,5.0,93078,AUTOROUTE A104,M,"48,9592100","2,5361100",93,2019,90.0,1.0,9.0,1.0,2163514,1.0,1,1,2,5.0,,-1.0, -1,1997.0,C01,138Â 288Â 830,1.0,0.0,-1.0,1651883,2.0,7,,0.0,2.0,1.0,D01,138Â 288Â 829,1.0
967919,201900009450,12,31,20:15,3,1,1,8.0,5.0,93078,AUTOROUTE A104,M,"48,9592100","2,5361100",93,2019,90.0,1.0,9.0,1.0,2163514,1.0,1,1,2,5.0,,-1.0, -1,1997.0,C01,138Â 288Â 830,1.0,0.0,-1.0,1651884,2.0,7,,0.0,2.0,5.0,C01,138Â 288Â 830,1.0
967919,201900009450,12,31,20:15,3,1,1,8.0,5.0,93078,AUTOROUTE A104,M,"48,9592100","2,5361100",93,2019,90.0,1.0,9.0,1.0,2163514,1.0,1,1,2,5.0,,-1.0, -1,1997.0,C01,138Â 288Â 830,1.0,0.0,-1.0,1651885,2.0,10,,0.0,2.0,6.0,B01,138Â 288Â 831,1.0
967919,201900009450,12,31,20:15,3,1,1,8.0,5.0,93078,AUTOROUTE A104,M,"48,9592100","2,5361100",93,2019,90.0,1.0,9.0,1.0,2163514,1.0,1,1,2,5.0,,-1.0, -1,1997.0,C01,138Â 288Â 830,1.0,0.0,-1.0,1651886,2.0,7,,1.0,0.0,1.0,A01,138Â 288Â 832,1.0
967919,201900009450,12,31,20:15,3,1,1,8.0,5.0,93078,AUTOROUTE A104,M,"48,9592100","2,5361100",93,2019,90.0,1.0,9.0,1.0,2163515,1.0,1,1,1,4.0,,-1.0, -1,1984.0,B01,138Â 288Â 831,1.0,0.0,-1.0,1651881,2.0,7,,0.0,2.0,1.0,F01,138Â 288Â 827,1.0
967919,201900009450,12,31,20:15,3,1,1,8.0,5.0,93078,AUTOROUTE A104,M,"48,9592100","2,5361100",93,2019,90.0,1.0,9.0,1.0,2163515,1.0,1,1,1,4.0,,-1.0, -1,1984.0,B01,138Â 288Â 831,1.0,0.0,-1.0,1651882,2.0,7,,0.0,2.0,1.0,E01,138Â 288Â 828,1.0
967919,201900009450,12,31,20:15,3,1,1,8.0,5.0,93078,AUTOROUTE A104,M,"48,9592100","2,5361100",93,2019,90.0,1.0,9.0,1.0,2163515,1.0,1,1,1,4.0,,-1.0, -1,1984.0,B01,138Â 288Â 831,1.0,0.0,-1.0,1651883,2.0,7,,0.0,2.0,1.0,D01,138Â 288Â 829,1.0
967919,201900009450,12,31,20:15,3,1,1,8.0,5.0,93078,AUTOROUTE A104,M,"48,9592100","2,5361100",93,2019,90.0,1.0,9.0,1.0,2163515,1.0,1,1,1,4.0,,-1.0, -1,1984.0,B01,138Â 288Â 831,1.0,0.0,-1.0,1651884,2.0,7,,0.0,2.0,5.0,C01,138Â 288Â 830,1.0
967919,201900009450,12,31,20:15,3,1,1,8.0,5.0,93078,AUTOROUTE A104,M,"48,9592100","2,5361100",93,2019,90.0,1.0,9.0,1.0,2163515,1.0,1,1,1,4.0,,-1.0, -1,1984.0,B01,138Â 288Â 831,1.0,0.0,-1.0,1651885,2.0,10,,0.0,2.0,6.0,B01,138Â 288Â 831,1.0
967919,201900009450,12,31,20:15,3,1,1,8.0,5.0,93078,AUTOROUTE A104,M,"48,9592100","2,5361100",93,2019,90.0,1.0,9.0,1.0,2163515,1.0,1,1,1,4.0,,-1.0, -1,1984.0,B01,138Â 288Â 831,1.0,0.0,-1.0,1651886,2.0,7,,1.0,0.0,1.0,A01,138Â 288Â 832,1.0
967919,201900009450,12,31,20:15,3,1,1,8.0,5.0,93078,AUTOROUTE A104,M,"48,9592100","2,5361100",93,2019,90.0,1.0,9.0,1.0,2163516,1.0,1,1,1,5.0,,-1.0, -1,1957.0,A01,138Â 288Â 832,1.0,8.0,-1.0,1651881,2.0,7,,0.0,2.0,1.0,F01,138Â 288Â 827,1.0
967919,201900009450,12,31,20:15,3,1,1,8.0,5.0,93078,AUTOROUTE A104,M,"48,9592100","2,5361100",93,2019,90.0,1.0,9.0,1.0,2163516,1.0,1,1,1,5.0,,-1.0, -1,1957.0,A01,138Â 288Â 832,1.0,8.0,-1.0,1651882,2.0,7,,0.0,2.0,1.0,E01,138Â 288Â 828,1.0
967919,201900009450,12,31,20:15,3,1,1,8.0,5.0,93078,AUTOROUTE A104,M,"48,9592100","2,5361100",93,2019,90.0,1.0,9.0,1.0,2163516,1.0,1,1,1,5.0,,-1.0, -1,1957.0,A01,138Â 288Â 832,1.0,8.0,-1.0,1651883,2.0,7,,0.0,2.0,1.0,D01,138Â 288Â 829,1.0
967919,201900009450,12,31,20:15,3,1,1,8.0,5.0,93078,AUTOROUTE A104,M,"48,9592100","2,5361100",93,2019,90.0,1.0,9.0,1.0,2163516,1.0,1,1,1,5.0,,-1.0, -1,1957.0,A01,138Â 288Â 832,1.0,8.0,-1.0,1651884,2.0,7,,0.0,2.0,5.0,C01,138Â 288Â 830,1.0
967919,201900009450,12,31,20:15,3,1,1,8.0,5.0,93078,AUTOROUTE A104,M,"48,9592100","2,5361100",93,2019,90.0,1.0,9.0,1.0,2163516,1.0,1,1,1,5.0,,-1.0, -1,1957.0,A01,138Â 288Â 832,1.0,8.0,-1.0,1651885,2.0,10,,0.0,2.0,6.0,B01,138Â 288Â 831,1.0
967919,201900009450,12,31,20:15,3,1,1,8.0,5.0,93078,AUTOROUTE A104,M,"48,9592100","2,5361100",93,2019,90.0,1.0,9.0,1.0,2163516,1.0,1,1,1,5.0,,-1.0, -1,1957.0,A01,138Â 288Â 832,1.0,8.0,-1.0,1651886,2.0,7,,1.0,0.0,1.0,A01,138Â 288Â 832,1.0
967920,201900009451,12,31,16:20,1,2,2,8.0,7.0,79191,Boulevard de l'Atlantique,M,"46,3162160"," -0,4768600",79,2019,50.0,1.0,1.0,4.0,2163517,8.0,2,4,2,3.0,,-1.0, -1,2017.0,A01,138Â 288Â 826,1.0,0.0,-1.0,1651887,3.0,37,2.0,0.0,0.0,0.0,A01,138Â 288Â 826,1.0
967920,201900009451,12,31,16:20,1,2,2,8.0,7.0,79191,Boulevard de l'Atlantique,M,"46,3162160"," -0,4768600",79,2019,50.0,1.0,1.0,4.0,2163518,1.0,1,1,2,4.0,,-1.0, -1,1956.0,A01,138Â 288Â 826,1.0,8.0,-1.0,1651887,3.0,37,2.0,0.0,0.0,0.0,A01,138Â 288Â 826,1.0
967921,201900009452,12,18,15:45,1,2,3,1.0,7.0,76351,ARISTIDE BRIAND,M,"49,5002300","0,1348000",76,2019,50.0,1.0,1.0,3.0,2163519,10.0,3,3,1,0.0,,3.0,3,1959.0,A01,138Â 288Â 823,0.0,-1.0,-1.0,1651888,2.0,33,,0.0,1.0,1.0,A01,138Â 288Â 823,1.0
967921,201900009452,12,18,15:45,1,2,3,1.0,7.0,76351,ARISTIDE BRIAND,M,"49,5002300","0,1348000",76,2019,50.0,1.0,1.0,3.0,2163520,1.0,1,4,1,3.0,,0.0,0,1996.0,A01,138Â 288Â 823,2.0,0.0,-1.0,1651888,2.0,33,,0.0,1.0,1.0,A01,138Â 288Â 823,1.0
967922,201900009453,12,31,17:30,5,2,1,5.0,2.0,71270,LYON (ROUTE DE),M,"46,2882500","4,8108900",71,2019,70.0,1.0,2.0,3.0,2163521,1.0,1,3,1,5.0,,0.0,0,2005.0,B01,138Â 288Â 821,2.0,0.0,-1.0,1651889,2.0,2,,0.0,2.0,4.0,B01,138Â 288Â 821,1.0
967922,201900009453,12,31,17:30,5,2,1,5.0,2.0,71270,LYON (ROUTE DE),M,"46,2882500","4,8108900",71,2019,70.0,1.0,2.0,3.0,2163521,1.0,1,3,1,5.0,,0.0,0,2005.0,B01,138Â 288Â 821,2.0,0.0,-1.0,1651890,2.0,7,,0.0,2.0,1.0,A01,138Â 288Â 822,1.0
967922,201900009453,12,31,17:30,5,2,1,5.0,2.0,71270,LYON (ROUTE DE),M,"46,2882500","4,8108900",71,2019,70.0,1.0,2.0,3.0,2163522,1.0,1,1,1,5.0,,0.0,0,1943.0,A01,138Â 288Â 822,1.0,0.0,-1.0,1651889,2.0,2,,0.0,2.0,4.0,B01,138Â 288Â 821,1.0
967922,201900009453,12,31,17:30,5,2,1,5.0,2.0,71270,LYON (ROUTE DE),M,"46,2882500","4,8108900",71,2019,70.0,1.0,2.0,3.0,2163522,1.0,1,1,1,5.0,,0.0,0,1943.0,A01,138Â 288Â 822,1.0,0.0,-1.0,1651890,2.0,7,,0.0,2.0,1.0,A01,138Â 288Â 822,1.0
967923,201900009454,12,31,10:08,1,2,1,1.0,6.0,36044,10 RUE HENRI DUNANT,M,"46,8060250","1,7138316",36,2019,50.0,1.0,1.0,4.0,2163523,10.0,3,3,2,9.0,,2.0,3,1971.0,A01,138Â 288Â 820,0.0,-1.0,-1.0,1651891,1.0,7,,0.0,1.0,1.0,A01,138Â 288Â 820,1.0
967923,201900009454,12,31,10:08,1,2,1,1.0,6.0,36044,10 RUE HENRI DUNANT,M,"46,8060250","1,7138316",36,2019,50.0,1.0,1.0,4.0,2163524,1.0,1,1,1,9.0,,0.0,0,1949.0,A01,138Â 288Â 820,1.0,-1.0,-1.0,1651891,1.0,7,,0.0,1.0,1.0,A01,138Â 288Â 820,1.0
967924,201900009455,12,25,17:36,1,2,1,1.0,6.0,36044,RUE HENRI DUNANT,M,"46,8060250","1,7138316",36,2019,50.0,1.0,1.0,4.0,2163525,1.0,1,3,1,0.0,,-1.0,0,1994.0,B01,138Â 288Â 818,2.0,8.0,-1.0,1651892,2.0,31,,0.0,2.0,2.0,B01,138Â 288Â 818,1.0
967924,201900009455,12,25,17:36,1,2,1,1.0,6.0,36044,RUE HENRI DUNANT,M,"46,8060250","1,7138316",36,2019,50.0,1.0,1.0,4.0,2163525,1.0,1,3,1,0.0,,-1.0,0,1994.0,B01,138Â 288Â 818,2.0,8.0,-1.0,1651893,3.0,7,,0.0,2.0,4.0,A01,138Â 288Â 819,1.0
967924,201900009455,12,25,17:36,1,2,1,1.0,6.0,36044,RUE HENRI DUNANT,M,"46,8060250","1,7138316",36,2019,50.0,1.0,1.0,4.0,2163526,1.0,1,1,2,5.0,,-1.0, -1,1999.0,A01,138Â 288Â 819,1.0,8.0,-1.0,1651892,2.0,31,,0.0,2.0,2.0,B01,138Â 288Â 818,1.0
967924,201900009455,12,25,17:36,1,2,1,1.0,6.0,36044,RUE HENRI DUNANT,M,"46,8060250","1,7138316",36,2019,50.0,1.0,1.0,4.0,2163526,1.0,1,1,2,5.0,,-1.0, -1,1999.0,A01,138Â 288Â 819,1.0,8.0,-1.0,1651893,3.0,7,,0.0,2.0,4.0,A01,138Â 288Â 819,1.0
967925,201900009456,12,26,09:00,1,2,1,1.0,3.0,34301,EAUX BLANCHES (ZONE INDUSTRIELLE DES),M,"43,4194000","3,7133100",34,2019,30.0,1.0,1.0,4.0,2163527,1.0,1,1,1,5.0,,0.0,0,1971.0,A01,138Â 288Â 816,1.0,0.0,-1.0,1651894,3.0,7,,0.0,2.0,8.0,A01,138Â 288Â 816,1.0
967925,201900009456,12,26,09:00,1,2,1,1.0,3.0,34301,EAUX BLANCHES (ZONE INDUSTRIELLE DES),M,"43,4194000","3,7133100",34,2019,30.0,1.0,1.0,4.0,2163527,1.0,1,1,1,5.0,,0.0,0,1971.0,A01,138Â 288Â 816,1.0,0.0,-1.0,1651895,3.0,33,,0.0,2.0,1.0,B01,138Â 288Â 817,1.0
967925,201900009456,12,26,09:00,1,2,1,1.0,3.0,34301,EAUX BLANCHES (ZONE INDUSTRIELLE DES),M,"43,4194000","3,7133100",34,2019,30.0,1.0,1.0,4.0,2163528,1.0,1,3,1,9.0,,0.0,0,1984.0,B01,138Â 288Â 817,2.0,0.0,-1.0,1651894,3.0,7,,0.0,2.0,8.0,A01,138Â 288Â 816,1.0
967925,201900009456,12,26,09:00,1,2,1,1.0,3.0,34301,EAUX BLANCHES (ZONE INDUSTRIELLE DES),M,"43,4194000","3,7133100",34,2019,30.0,1.0,1.0,4.0,2163528,1.0,1,3,1,9.0,,0.0,0,1984.0,B01,138Â 288Â 817,2.0,0.0,-1.0,1651895,3.0,33,,0.0,2.0,1.0,B01,138Â 288Â 817,1.0
967926,201900009457,12,30,13:05,1,2,9,1.0,3.0,27306,CONCORDE (RUE),M,"49,0103230","1,1772720",27,2019,50.0,1.0,1.0,4.0,2163529,1.0,1,3,1,9.0,,-1.0, -1,1952.0,B01,138Â 288Â 814,8.0,0.0,-1.0,1651896,0.0,1,,0.0,2.0,0.0,B01,138Â 288Â 814,5.0
967926,201900009457,12,30,13:05,1,2,9,1.0,3.0,27306,CONCORDE (RUE),M,"49,0103230","1,1772720",27,2019,50.0,1.0,1.0,4.0,2163529,1.0,1,3,1,9.0,,-1.0, -1,1952.0,B01,138Â 288Â 814,8.0,0.0,-1.0,1651897,0.0,7,,0.0,2.0,0.0,A01,138Â 288Â 815,1.0
967927,201900009458,12,30,14:45,1,2,1,1.0,7.0,22113,CORDIERS (RUE DES),M,"48,7303744"," -3,4491938",22,2019,30.0,1.0,1.0,4.0,2163530,1.0,1,3,1,5.0,,-1.0, -1,1963.0,A01,138Â 288Â 813,2.0,6.0,-1.0,1651898,3.0,33,,0.0,0.0,0.0,A01,138Â 288Â 813,1.0