Unnamed: 0_x,num_acc,mois,jour,hrmn,lum,agg,int,atm,col,com,adr,gps,lat,long,dep,annee,vma,situ,surf,catr,Unnamed: 0_y,place,catu,grav,sexe,trajet,secu,locp,actp,an_nais,num_veh_x,id_vehicule_x,secu1,secu2,secu3,Unnamed: 0,senc,catv,occutc,obs,obsm,choc,num_veh_y,id_vehicule_y,motor
967928,201900009459,12,20,23:34,5,2,1,1.0,4.0,75116,BD PERIPHERIQUE INTERIEUR,M,"48,8681400","2,2700000",75,2019,70.0,1.0,1.0,4.0,2163531,1.0,1,1,1,4.0,,0.0,0,1965.0,A01,138Â 288Â 810,1.0,0.0,-1.0,1651899,1.0,15,,0.0,2.0,2.0,A01,138Â 288Â 810,1.0
967928,201900009459,12,20,23:34,5,2,1,1.0,4.0,75116,BD PERIPHERIQUE INTERIEUR,M,"48,8681400","2,2700000",75,2019,70.0,1.0,1.0,4.0,2163531,1.0,1,1,1,4.0,,0.0,0,1965.0,A01,138Â 288Â 810,1.0,0.0,-1.0,1651900,1.0,7,,0.0,2.0,6.0,B01,138Â 288Â 811,1.0
967928,201900009459,12,20,23:34,5,2,1,1.0,4.0,75116,BD PERIPHERIQUE INTERIEUR,M,"48,8681400","2,2700000",75,2019,70.0,1.0,1.0,4.0,2163531,1.0,1,1,1,4.0,,0.0,0,1965.0,A01,138Â 288Â 810,1.0,0.0,-1.0,1651901,1.0,7,,0.0,2.0,1.0,C01,138Â 288Â 812,1.0
967928,201900009459,12,20,23:34,5,2,1,1.0,4.0,75116,BD PERIPHERIQUE INTERIEUR,M,"48,8681400","2,2700000",75,2019,70.0,1.0,1.0,4.0,2163532,1.0,1,1,1,5.0,,0.0,0,1967.0,B01,138Â 288Â 811,1.0,0.0,-1.0,1651899,1.0,15,,0.0,2.0,2.0,A01,138Â 288Â 810,1.0
967928,201900009459,12,20,23:34,5,2,1,1.0,4.0,75116,BD PERIPHERIQUE INTERIEUR,M,"48,8681400","2,2700000",75,2019,70.0,1.0,1.0,4.0,2163532,1.0,1,1,1,5.0,,0.0,0,1967.0,B01,138Â 288Â 811,1.0,0.0,-1.0,1651900,1.0,7,,0.0,2.0,6.0,B01,138Â 288Â 811,1.0
967928,201900009459,12,20,23:34,5,2,1,1.0,4.0,75116,BD PERIPHERIQUE INTERIEUR,M,"48,8681400","2,2700000",75,2019,70.0,1.0,1.0,4.0,2163532,1.0,1,1,1,5.0,,0.0,0,1967.0,B01,138Â 288Â 811,1.0,0.0,-1.0,1651901,1.0,7,,0.0,2.0,1.0,C01,138Â 288Â 812,1.0
967928,201900009459,12,20,23:34,5,2,1,1.0,4.0,75116,BD PERIPHERIQUE INTERIEUR,M,"48,8681400","2,2700000",75,2019,70.0,1.0,1.0,4.0,2163533,1.0,1,4,2,5.0,,0.0,0,1999.0,C01,138Â 288Â 812,1.0,0.0,-1.0,1651899,1.0,15,,0.0,2.0,2.0,A01,138Â 288Â 810,1.0
967928,201900009459,12,20,23:34,5,2,1,1.0,4.0,75116,BD PERIPHERIQUE INTERIEUR,M,"48,8681400","2,2700000",75,2019,70.0,1.0,1.0,4.0,2163533,1.0,1,4,2,5.0,,0.0,0,1999.0,C01,138Â 288Â 812,1.0,0.0,-1.0,1651900,1.0,7,,0.0,2.0,6.0,B01,138Â 288Â 811,1.0
967928,201900009459,12,20,23:34,5,2,1,1.0,4.0,75116,BD PERIPHERIQUE INTERIEUR,M,"48,8681400","2,2700000",75,2019,70.0,1.0,1.0,4.0,2163533,1.0,1,4,2,5.0,,0.0,0,1999.0,C01,138Â 288Â 812,1.0,0.0,-1.0,1651901,1.0,7,,0.0,2.0,1.0,C01,138Â 288Â 812,1.0
967929,201900009460,12,31,05:43,5,2,3,1.0,6.0,75110,RUE DU FAUBOURG SAINT MARTIN,M,"48,8792390","2,3628810",75,2019,50.0,1.0,1.0,4.0,2163534,10.0,3,4,2,1.0,,4.0,3,2001.0,A01,138Â 288Â 809,0.0,-1.0,-1.0,1651902,2.0,7,,0.0,1.0,1.0,A01,138Â 288Â 809,1.0
967929,201900009460,12,31,05:43,5,2,3,1.0,6.0,75110,RUE DU FAUBOURG SAINT MARTIN,M,"48,8792390","2,3628810",75,2019,50.0,1.0,1.0,4.0,2163535,3.0,2,1,1,4.0,,0.0,0,1995.0,A01,138Â 288Â 809,1.0,0.0,-1.0,1651902,2.0,7,,0.0,1.0,1.0,A01,138Â 288Â 809,1.0
967929,201900009460,12,31,05:43,5,2,3,1.0,6.0,75110,RUE DU FAUBOURG SAINT MARTIN,M,"48,8792390","2,3628810",75,2019,50.0,1.0,1.0,4.0,2163536,4.0,2,1,1,4.0,,0.0,0,1989.0,A01,138Â 288Â 809,1.0,0.0,-1.0,1651902,2.0,7,,0.0,1.0,1.0,A01,138Â 288Â 809,1.0
967929,201900009460,12,31,05:43,5,2,3,1.0,6.0,75110,RUE DU FAUBOURG SAINT MARTIN,M,"48,8792390","2,3628810",75,2019,50.0,1.0,1.0,4.0,2163537,2.0,2,1,1,4.0,,0.0,0,1974.0,A01,138Â 288Â 809,1.0,0.0,-1.0,1651902,2.0,7,,0.0,1.0,1.0,A01,138Â 288Â 809,1.0
967929,201900009460,12,31,05:43,5,2,3,1.0,6.0,75110,RUE DU FAUBOURG SAINT MARTIN,M,"48,8792390","2,3628810",75,2019,50.0,1.0,1.0,4.0,2163538,1.0,1,1,1,4.0,,0.0,0,1990.0,A01,138Â 288Â 809,1.0,0.0,-1.0,1651902,2.0,7,,0.0,1.0,1.0,A01,138Â 288Â 809,1.0
967930,201900009461,12,24,20:20,5,2,3,1.0,3.0,94081,GROUPE MANOUCHIAN (AV DU),M,"48,7881000","2,4064000",94,2019,50.0,1.0,1.0,4.0,2163539,1.0,1,4,2,5.0,,-1.0, -1,1994.0,B01,138Â 288Â 807,1.0,8.0,-1.0,1651903,1.0,7,,0.0,2.0,9.0,B01,138Â 288Â 807,1.0
967930,201900009461,12,24,20:20,5,2,3,1.0,3.0,94081,GROUPE MANOUCHIAN (AV DU),M,"48,7881000","2,4064000",94,2019,50.0,1.0,1.0,4.0,2163539,1.0,1,4,2,5.0,,-1.0, -1,1994.0,B01,138Â 288Â 807,1.0,8.0,-1.0,1651904,1.0,10,,0.0,2.0,1.0,A01,138Â 288Â 808,1.0
967931,201900009462,12,31,23:15,5,2,3,1.0,3.0,94081,YOURI GAGARINE (AV),M,"48,7861090","2,3918740",94,2019,50.0,1.0,1.0,3.0,2163540,1.0,1,4,1,0.0,,-1.0, -1,2000.0,A01,138Â 288Â 805,2.0,8.0,-1.0,1651905,3.0,33,,0.0,2.0,1.0,A01,138Â 288Â 805,1.0
967931,201900009462,12,31,23:15,5,2,3,1.0,3.0,94081,YOURI GAGARINE (AV),M,"48,7861090","2,3918740",94,2019,50.0,1.0,1.0,3.0,2163540,1.0,1,4,1,0.0,,-1.0, -1,2000.0,A01,138Â 288Â 805,2.0,8.0,-1.0,1651906,2.0,7,,0.0,2.0,3.0,B01,138Â 288Â 806,0.0
967931,201900009462,12,31,23:15,5,2,3,1.0,3.0,94081,YOURI GAGARINE (AV),M,"48,7861090","2,3918740",94,2019,50.0,1.0,1.0,3.0,2163541,1.0,1,1,1,0.0,,-1.0, -1,1995.0,B01,138Â 288Â 806,1.0,0.0,-1.0,1651905,3.0,33,,0.0,2.0,1.0,A01,138Â 288Â 805,1.0
967931,201900009462,12,31,23:15,5,2,3,1.0,3.0,94081,YOURI GAGARINE (AV),M,"48,7861090","2,3918740",94,2019,50.0,1.0,1.0,3.0,2163541,1.0,1,1,1,0.0,,-1.0, -1,1995.0,B01,138Â 288Â 806,1.0,0.0,-1.0,1651906,2.0,7,,0.0,2.0,3.0,B01,138Â 288Â 806,0.0
967932,201900009463,12,31,08:20,1,2,1,7.0,6.0,93074,Route Nationale 3,M,"48,9336000","2,5865600",93,2019,90.0,1.0,8.0,3.0,2163542,1.0,1,4,2,0.0,,-1.0, -1,1971.0,A01,138Â 288Â 804,1.0,0.0,-1.0,1651907,1.0,7,,4.0,0.0,1.0,A01,138Â 288Â 804,1.0
967933,201900009464,12,3,07:05,5,1,6,5.0,6.0,81311,D612 - LABOURIOUNE,M,"43,7337940","2,1864130",81,2019,80.0,8.0,2.0,3.0,2163543,1.0,1,3,1,1.0,,0.0,0,1995.0,A01,138Â 288Â 803,2.0,6.0,-1.0,1651908,2.0,33,,7.0,0.0,1.0,A01,138Â 288Â 803,1.0
967934,201900009465,12,4,15:34,2,1,1,1.0,1.0,38205,Route de la Croix Perrin,M,"45,1282570","5,5773350",38,2019,80.0,1.0,2.0,3.0,2163544,1.0,1,1,1,4.0,,0.0,0,1959.0,B01,138Â 288Â 801,1.0,-1.0,-1.0,1651909,2.0,14,,0.0,2.0,3.0,B01,138Â 288Â 801,1.0
967934,201900009465,12,4,15:34,2,1,1,1.0,1.0,38205,Route de la Croix Perrin,M,"45,1282570","5,5773350",38,2019,80.0,1.0,2.0,3.0,2163544,1.0,1,1,1,4.0,,0.0,0,1959.0,B01,138Â 288Â 801,1.0,-1.0,-1.0,1651910,1.0,7,,0.0,2.0,3.0,A01,138Â 288Â 802,1.0
967934,201900009465,12,4,15:34,2,1,1,1.0,1.0,38205,Route de la Croix Perrin,M,"45,1282570","5,5773350",38,2019,80.0,1.0,2.0,3.0,2163545,1.0,1,3,1,0.0,,0.0,0,1995.0,A01,138Â 288Â 802,1.0,-1.0,-1.0,1651909,2.0,14,,0.0,2.0,3.0,B01,138Â 288Â 801,1.0
967934,201900009465,12,4,15:34,2,1,1,1.0,1.0,38205,Route de la Croix Perrin,M,"45,1282570","5,5773350",38,2019,80.0,1.0,2.0,3.0,2163545,1.0,1,3,1,0.0,,0.0,0,1995.0,A01,138Â 288Â 802,1.0,-1.0,-1.0,1651910,1.0,7,,0.0,2.0,3.0,A01,138Â 288Â 802,1.0
967935,201900009466,8,25,11:25,1,1,1,1.0,6.0,34076,A75,M,"43,6607260","3,4412830",34,2019,130.0,1.0,1.0,1.0,2163546,1.0,1,1,1,5.0,,0.0,0,1962.0,A01,138Â 288Â 799,1.0,-1.0,-1.0,1651911,2.0,7,,0.0,2.0,1.0,A01,138Â 288Â 799,1.0
967935,201900009466,8,25,11:25,1,1,1,1.0,6.0,34076,A75,M,"43,6607260","3,4412830",34,2019,130.0,1.0,1.0,1.0,2163546,1.0,1,1,1,5.0,,0.0,0,1962.0,A01,138Â 288Â 799,1.0,-1.0,-1.0,1651912,2.0,7,,0.0,2.0,4.0,B01,138Â 288Â 800,1.0
967935,201900009466,8,25,11:25,1,1,1,1.0,6.0,34076,A75,M,"43,6607260","3,4412830",34,2019,130.0,1.0,1.0,1.0,2163547,2.0,2,4,2,5.0,,0.0,0,1967.0,A01,138Â 288Â 799,1.0,-1.0,-1.0,1651911,2.0,7,,0.0,2.0,1.0,A01,138Â 288Â 799,1.0
967935,201900009466,8,25,11:25,1,1,1,1.0,6.0,34076,A75,M,"43,6607260","3,4412830",34,2019,130.0,1.0,1.0,1.0,2163547,2.0,2,4,2,5.0,,0.0,0,1967.0,A01,138Â 288Â 799,1.0,-1.0,-1.0,1651912,2.0,7,,0.0,2.0,4.0,B01,138Â 288Â 800,1.0
967935,201900009466,8,25,11:25,1,1,1,1.0,6.0,34076,A75,M,"43,6607260","3,4412830",34,2019,130.0,1.0,1.0,1.0,2163548,1.0,1,1,2,5.0,,0.0,0,1958.0,B01,138Â 288Â 800,1.0,-1.0,-1.0,1651911,2.0,7,,0.0,2.0,1.0,A01,138Â 288Â 799,1.0
967935,201900009466,8,25,11:25,1,1,1,1.0,6.0,34076,A75,M,"43,6607260","3,4412830",34,2019,130.0,1.0,1.0,1.0,2163548,1.0,1,1,2,5.0,,0.0,0,1958.0,B01,138Â 288Â 800,1.0,-1.0,-1.0,1651912,2.0,7,,0.0,2.0,4.0,B01,138Â 288Â 800,1.0
967936,201900009467,8,25,11:21,1,1,1,1.0,6.0,34076,A75,M,"43,6468780","3,4494150",34,2019,130.0,1.0,1.0,1.0,2163549,1.0,1,1,1,5.0,,0.0,0,1997.0,A01,138Â 288Â 795,1.0,-1.0,-1.0,1651913,1.0,7,,0.0,2.0,4.0,A01,138Â 288Â 795,1.0
967936,201900009467,8,25,11:21,1,1,1,1.0,6.0,34076,A75,M,"43,6468780","3,4494150",34,2019,130.0,1.0,1.0,1.0,2163549,1.0,1,1,1,5.0,,0.0,0,1997.0,A01,138Â 288Â 795,1.0,-1.0,-1.0,1651914,1.0,7,,0.0,2.0,1.0,B01,138Â 288Â 796,1.0
967936,201900009467,8,25,11:21,1,1,1,1.0,6.0,34076,A75,M,"43,6468780","3,4494150",34,2019,130.0,1.0,1.0,1.0,2163549,1.0,1,1,1,5.0,,0.0,0,1997.0,A01,138Â 288Â 795,1.0,-1.0,-1.0,1651915,1.0,7,,0.0,2.0,1.0,C01,138Â 288Â 797,1.0
967936,201900009467,8,25,11:21,1,1,1,1.0,6.0,34076,A75,M,"43,6468780","3,4494150",34,2019,130.0,1.0,1.0,1.0,2163549,1.0,1,1,1,5.0,,0.0,0,1997.0,A01,138Â 288Â 795,1.0,-1.0,-1.0,1651916,1.0,99,,0.0,2.0,6.0,D01,138Â 288Â 798,1.0
967936,201900009467,8,25,11:21,1,1,1,1.0,6.0,34076,A75,M,"43,6468780","3,4494150",34,2019,130.0,1.0,1.0,1.0,2163550,1.0,1,4,1,5.0,,0.0,0,1981.0,B01,138Â 288Â 796,1.0,-1.0,-1.0,1651913,1.0,7,,0.0,2.0,4.0,A01,138Â 288Â 795,1.0
967936,201900009467,8,25,11:21,1,1,1,1.0,6.0,34076,A75,M,"43,6468780","3,4494150",34,2019,130.0,1.0,1.0,1.0,2163550,1.0,1,4,1,5.0,,0.0,0,1981.0,B01,138Â 288Â 796,1.0,-1.0,-1.0,1651914,1.0,7,,0.0,2.0,1.0,B01,138Â 288Â 796,1.0
967936,201900009467,8,25,11:21,1,1,1,1.0,6.0,34076,A75,M,"43,6468780","3,4494150",34,2019,130.0,1.0,1.0,1.0,2163550,1.0,1,4,1,5.0,,0.0,0,1981.0,B01,138Â 288Â 796,1.0,-1.0,-1.0,1651915,1.0,7,,0.0,2.0,1.0,C01,138Â 288Â 797,1.0
967936,201900009467,8,25,11:21,1,1,1,1.0,6.0,34076,A75,M,"43,6468780","3,4494150",34,2019,130.0,1.0,1.0,1.0,2163550,1.0,1,4,1,5.0,,0.0,0,1981.0,B01,138Â 288Â 796,1.0,-1.0,-1.0,1651916,1.0,99,,0.0,2.0,6.0,D01,138Â 288Â 798,1.0
967936,201900009467,8,25,11:21,1,1,1,1.0,6.0,34076,A75,M,"43,6468780","3,4494150",34,2019,130.0,1.0,1.0,1.0,2163551,1.0,1,1,1,5.0,,0.0,0,1963.0,C01,138Â 288Â 797,1.0,-1.0,-1.0,1651913,1.0,7,,0.0,2.0,4.0,A01,138Â 288Â 795,1.0
967936,201900009467,8,25,11:21,1,1,1,1.0,6.0,34076,A75,M,"43,6468780","3,4494150",34,2019,130.0,1.0,1.0,1.0,2163551,1.0,1,1,1,5.0,,0.0,0,1963.0,C01,138Â 288Â 797,1.0,-1.0,-1.0,1651914,1.0,7,,0.0,2.0,1.0,B01,138Â 288Â 796,1.0
967936,201900009467,8,25,11:21,1,1,1,1.0,6.0,34076,A75,M,"43,6468780","3,4494150",34,2019,130.0,1.0,1.0,1.0,2163551,1.0,1,1,1,5.0,,0.0,0,1963.0,C01,138Â 288Â 797,1.0,-1.0,-1.0,1651915,1.0,7,,0.0,2.0,1.0,C01,138Â 288Â 797,1.0
967936,201900009467,8,25,11:21,1,1,1,1.0,6.0,34076,A75,M,"43,6468780","3,4494150",34,2019,130.0,1.0,1.0,1.0,2163551,1.0,1,1,1,5.0,,0.0,0,1963.0,C01,138Â 288Â 797,1.0,-1.0,-1.0,1651916,1.0,99,,0.0,2.0,6.0,D01,138Â 288Â 798,1.0
967936,201900009467,8,25,11:21,1,1,1,1.0,6.0,34076,A75,M,"43,6468780","3,4494150",34,2019,130.0,1.0,1.0,1.0,2163552,1.0,1,1,2,5.0,,0.0,0,1967.0,D01,138Â 288Â 798,1.0,-1.0,-1.0,1651913,1.0,7,,0.0,2.0,4.0,A01,138Â 288Â 795,1.0
967936,201900009467,8,25,11:21,1,1,1,1.0,6.0,34076,A75,M,"43,6468780","3,4494150",34,2019,130.0,1.0,1.0,1.0,2163552,1.0,1,1,2,5.0,,0.0,0,1967.0,D01,138Â 288Â 798,1.0,-1.0,-1.0,1651914,1.0,7,,0.0,2.0,1.0,B01,138Â 288Â 796,1.0
967936,201900009467,8,25,11:21,1,1,1,1.0,6.0,34076,A75,M,"43,6468780","3,4494150",34,2019,130.0,1.0,1.0,1.0,2163552,1.0,1,1,2,5.0,,0.0,0,1967.0,D01,138Â 288Â 798,1.0,-1.0,-1.0,1651915,1.0,7,,0.0,2.0,1.0,C01,138Â 288Â 797,1.0
967936,201900009467,8,25,11:21,1,1,1,1.0,6.0,34076,A75,M,"43,6468780","3,4494150",34,2019,130.0,1.0,1.0,1.0,2163552,1.0,1,1,2,5.0,,0.0,0,1967.0,D01,138Â 288Â 798,1.0,-1.0,-1.0,1651916,1.0,99,,0.0,2.0,6.0,D01,138Â 288Â 798,1.0
967937,201900009468,9,17,18:30,1,1,1,1.0,1.0,62869,rue de Dainville,M,"50,2461580","2,7213490",62,2019,80.0,1.0,1.0,4.0,2163553,1.0,1,1,2,0.0,,0.0,0,1968.0,B01,138Â 288Â 793,1.0,-1.0,-1.0,1651917,0.0,7,,0.0,0.0,3.0,B01,138Â 288Â 793,1.0
967937,201900009468,9,17,18:30,1,1,1,1.0,1.0,62869,rue de Dainville,M,"50,2461580","2,7213490",62,2019,80.0,1.0,1.0,4.0,2163553,1.0,1,1,2,0.0,,0.0,0,1968.0,B01,138Â 288Â 793,1.0,-1.0,-1.0,1651918,0.0,1,,0.0,0.0,1.0,A01,138Â 288Â 794,5.0
967937,201900009468,9,17,18:30,1,1,1,1.0,1.0,62869,rue de Dainville,M,"50,2461580","2,7213490",62,2019,80.0,1.0,1.0,4.0,2163554,1.0,1,3,1,2.0,,0.0,0,2003.0,A01,138Â 288Â 794,0.0,-1.0,-1.0,1651917,0.0,7,,0.0,0.0,3.0,B01,138Â 288Â 793,1.0
967937,201900009468,9,17,18:30,1,1,1,1.0,1.0,62869,rue de Dainville,M,"50,2461580","2,7213490",62,2019,80.0,1.0,1.0,4.0,2163554,1.0,1,3,1,2.0,,0.0,0,2003.0,A01,138Â 288Â 794,0.0,-1.0,-1.0,1651918,0.0,1,,0.0,0.0,1.0,A01,138Â 288Â 794,5.0
967938,201900009469,9,17,13:10,1,1,1,1.0,1.0,91534,D36,M,"48,7292120","2,1659860",91,2019,50.0,1.0,1.0,3.0,2163555,1.0,1,1,1,1.0,,0.0,0,1996.0,A01,138Â 288Â 791,1.0,-1.0,-1.0,1651919,3.0,7,,0.0,2.0,3.0,A01,138Â 288Â 791,1.0
967938,201900009469,9,17,13:10,1,1,1,1.0,1.0,91534,D36,M,"48,7292120","2,1659860",91,2019,50.0,1.0,1.0,3.0,2163555,1.0,1,1,1,1.0,,0.0,0,1996.0,A01,138Â 288Â 791,1.0,-1.0,-1.0,1651920,3.0,33,,0.0,2.0,1.0,B01,138Â 288Â 792,1.0
967938,201900009469,9,17,13:10,1,1,1,1.0,1.0,91534,D36,M,"48,7292120","2,1659860",91,2019,50.0,1.0,1.0,3.0,2163556,1.0,1,3,2,0.0,,0.0,0,1974.0,B01,138Â 288Â 792,2.0,6.0,-1.0,1651919,3.0,7,,0.0,2.0,3.0,A01,138Â 288Â 791,1.0
967938,201900009469,9,17,13:10,1,1,1,1.0,1.0,91534,D36,M,"48,7292120","2,1659860",91,2019,50.0,1.0,1.0,3.0,2163556,1.0,1,3,2,0.0,,0.0,0,1974.0,B01,138Â 288Â 792,2.0,6.0,-1.0,1651920,3.0,33,,0.0,2.0,1.0,B01,138Â 288Â 792,1.0
967939,201900009470,9,17,17:10,1,1,3,1.0,2.0,77218,D411 X D59A,M,"48,4304048","3,3165053",77,2019,80.0,1.0,1.0,3.0,2163557,1.0,1,1,2,2.0,,0.0,0,1991.0,B01,138Â 288Â 789,1.0,-1.0,-1.0,1651921,2.0,7,,0.0,2.0,4.0,B01,138Â 288Â 789,0.0
967939,201900009470,9,17,17:10,1,1,3,1.0,2.0,77218,D411 X D59A,M,"48,4304048","3,3165053",77,2019,80.0,1.0,1.0,3.0,2163557,1.0,1,1,2,2.0,,0.0,0,1991.0,B01,138Â 288Â 789,1.0,-1.0,-1.0,1651922,2.0,7,,0.0,2.0,1.0,A01,138Â 288Â 790,0.0
967939,201900009470,9,17,17:10,1,1,3,1.0,2.0,77218,D411 X D59A,M,"48,4304048","3,3165053",77,2019,80.0,1.0,1.0,3.0,2163558,2.0,2,1,2,5.0,,0.0,0,1960.0,B01,138Â 288Â 789,1.0,-1.0,-1.0,1651921,2.0,7,,0.0,2.0,4.0,B01,138Â 288Â 789,0.0
967939,201900009470,9,17,17:10,1,1,3,1.0,2.0,77218,D411 X D59A,M,"48,4304048","3,3165053",77,2019,80.0,1.0,1.0,3.0,2163558,2.0,2,1,2,5.0,,0.0,0,1960.0,B01,138Â 288Â 789,1.0,-1.0,-1.0,1651922,2.0,7,,0.0,2.0,1.0,A01,138Â 288Â 790,0.0
967939,201900009470,9,17,17:10,1,1,3,1.0,2.0,77218,D411 X D59A,M,"48,4304048","3,3165053",77,2019,80.0,1.0,1.0,3.0,2163559,1.0,1,4,1,1.0,,0.0,0,1994.0,A01,138Â 288Â 790,1.0,5.0,-1.0,1651921,2.0,7,,0.0,2.0,4.0,B01,138Â 288Â 789,0.0
967939,201900009470,9,17,17:10,1,1,3,1.0,2.0,77218,D411 X D59A,M,"48,4304048","3,3165053",77,2019,80.0,1.0,1.0,3.0,2163559,1.0,1,4,1,1.0,,0.0,0,1994.0,A01,138Â 288Â 790,1.0,5.0,-1.0,1651922,2.0,7,,0.0,2.0,1.0,A01,138Â 288Â 790,0.0
967940,201900009471,9,16,09:30,1,1,1,1.0,3.0,82025,chemin de pastenc,M,"43,9483650","1,3233410",82,2019,80.0,1.0,1.0,4.0,2163560,1.0,1,2,1,5.0,,0.0,0,1951.0,B01,138Â 288Â 787,0.0,-1.0,-1.0,1651923,3.0,1,,0.0,2.0,7.0,B01,138Â 288Â 787,5.0
967940,201900009471,9,16,09:30,1,1,1,1.0,3.0,82025,chemin de pastenc,M,"43,9483650","1,3233410",82,2019,80.0,1.0,1.0,4.0,2163560,1.0,1,2,1,5.0,,0.0,0,1951.0,B01,138Â 288Â 787,0.0,-1.0,-1.0,1651924,3.0,10,,0.0,2.0,1.0,A01,138Â 288Â 788,1.0
967940,201900009471,9,16,09:30,1,1,1,1.0,3.0,82025,chemin de pastenc,M,"43,9483650","1,3233410",82,2019,80.0,1.0,1.0,4.0,2163561,1.0,1,1,1,4.0,,0.0,0,1960.0,A01,138Â 288Â 788,1.0,-1.0,-1.0,1651923,3.0,1,,0.0,2.0,7.0,B01,138Â 288Â 787,5.0
967940,201900009471,9,16,09:30,1,1,1,1.0,3.0,82025,chemin de pastenc,M,"43,9483650","1,3233410",82,2019,80.0,1.0,1.0,4.0,2163561,1.0,1,1,1,4.0,,0.0,0,1960.0,A01,138Â 288Â 788,1.0,-1.0,-1.0,1651924,3.0,10,,0.0,2.0,1.0,A01,138Â 288Â 788,1.0
967941,201900009472,9,17,16:30,1,1,1,1.0,6.0,81308,le coustil,M,"44,0122350","2,3595880",81,2019,80.0,1.0,1.0,3.0,2163562,1.0,1,3,1,0.0,,0.0,0,1997.0,A01,138Â 288Â 786,8.0,-1.0,-1.0,1651925,2.0,7,,2.0,0.0,7.0,A01,138Â 288Â 786,1.0
967942,201900009473,9,15,15:40,1,1,2,1.0,3.0,63066,Avenue des Acacias,M,"45,8642280","3,6399650",63,2019,80.0,1.0,1.0,3.0,2163563,1.0,1,1,2,5.0,,0.0,0,2000.0,A01,138Â 288Â 782,1.0,-1.0,-1.0,1651926,3.0,7,,0.0,2.0,3.0,A01,138Â 288Â 782,1.0
967942,201900009473,9,15,15:40,1,1,2,1.0,3.0,63066,Avenue des Acacias,M,"45,8642280","3,6399650",63,2019,80.0,1.0,1.0,3.0,2163563,1.0,1,1,2,5.0,,0.0,0,2000.0,A01,138Â 288Â 782,1.0,-1.0,-1.0,1651927,3.0,33,,0.0,2.0,1.0,B01,138Â 288Â 783,1.0
967942,201900009473,9,15,15:40,1,1,2,1.0,3.0,63066,Avenue des Acacias,M,"45,8642280","3,6399650",63,2019,80.0,1.0,1.0,3.0,2163564,2.0,2,3,2,5.0,,0.0,0,1992.0,B01,138Â 288Â 783,2.0,-1.0,-1.0,1651926,3.0,7,,0.0,2.0,3.0,A01,138Â 288Â 782,1.0
967942,201900009473,9,15,15:40,1,1,2,1.0,3.0,63066,Avenue des Acacias,M,"45,8642280","3,6399650",63,2019,80.0,1.0,1.0,3.0,2163564,2.0,2,3,2,5.0,,0.0,0,1992.0,B01,138Â 288Â 783,2.0,-1.0,-1.0,1651927,3.0,33,,0.0,2.0,1.0,B01,138Â 288Â 783,1.0
967942,201900009473,9,15,15:40,1,1,2,1.0,3.0,63066,Avenue des Acacias,M,"45,8642280","3,6399650",63,2019,80.0,1.0,1.0,3.0,2163565,1.0,1,1,1,5.0,,0.0,0,1989.0,B01,138Â 288Â 783,2.0,-1.0,-1.0,1651926,3.0,7,,0.0,2.0,3.0,A01,138Â 288Â 782,1.0
967942,201900009473,9,15,15:40,1,1,2,1.0,3.0,63066,Avenue des Acacias,M,"45,8642280","3,6399650",63,2019,80.0,1.0,1.0,3.0,2163565,1.0,1,1,1,5.0,,0.0,0,1989.0,B01,138Â 288Â 783,2.0,-1.0,-1.0,1651927,3.0,33,,0.0,2.0,1.0,B01,138Â 288Â 783,1.0
967943,201900009474,9,15,18:30,1,1,2,1.0,3.0,49347,D68 lieu dit Champagne,M,"47,6263310"," -0,4509560",49,2019,80.0,1.0,1.0,3.0,2163566,1.0,1,1,1,4.0,,0.0,0,1994.0,B01,138Â 288Â 780,1.0,-1.0,-1.0,1651928,1.0,10,,0.0,2.0,1.0,B01,138Â 288Â 780,1.0
967943,201900009474,9,15,18:30,1,1,2,1.0,3.0,49347,D68 lieu dit Champagne,M,"47,6263310"," -0,4509560",49,2019,80.0,1.0,1.0,3.0,2163566,1.0,1,1,1,4.0,,0.0,0,1994.0,B01,138Â 288Â 780,1.0,-1.0,-1.0,1651929,0.0,7,,0.0,2.0,8.0,A01,138Â 288Â 781,1.0
967943,201900009474,9,15,18:30,1,1,2,1.0,3.0,49347,D68 lieu dit Champagne,M,"47,6263310"," -0,4509560",49,2019,80.0,1.0,1.0,3.0,2163567,9.0,2,1,2,5.0,,0.0,0,1999.0,A01,138Â 288Â 781,1.0,-1.0,-1.0,1651928,1.0,10,,0.0,2.0,1.0,B01,138Â 288Â 780,1.0
967943,201900009474,9,15,18:30,1,1,2,1.0,3.0,49347,D68 lieu dit Champagne,M,"47,6263310"," -0,4509560",49,2019,80.0,1.0,1.0,3.0,2163567,9.0,2,1,2,5.0,,0.0,0,1999.0,A01,138Â 288Â 781,1.0,-1.0,-1.0,1651929,0.0,7,,0.0,2.0,8.0,A01,138Â 288Â 781,1.0
967943,201900009474,9,15,18:30,1,1,2,1.0,3.0,49347,D68 lieu dit Champagne,M,"47,6263310"," -0,4509560",49,2019,80.0,1.0,1.0,3.0,2163568,2.0,2,1,1,5.0,,0.0,0,1996.0,A01,138Â 288Â 781,1.0,-1.0,-1.0,1651928,1.0,10,,0.0,2.0,1.0,B01,138Â 288Â 780,1.0