Unnamed: 0_x,num_acc,mois,jour,hrmn,lum,agg,int,atm,col,com,adr,gps,lat,long,dep,annee,vma,situ,surf,catr,Unnamed: 0_y,place,catu,grav,sexe,trajet,secu,locp,actp,an_nais,num_veh_x,id_vehicule_x,secu1,secu2,secu3,Unnamed: 0,senc,catv,occutc,obs,obsm,choc,num_veh_y,id_vehicule_y,motor
967943,201900009474,9,15,18:30,1,1,2,1.0,3.0,49347,D68 lieu dit Champagne,M,"47,6263310"," -0,4509560",49,2019,80.0,1.0,1.0,3.0,2163568,2.0,2,1,1,5.0,,0.0,0,1996.0,A01,138Â 288Â 781,1.0,-1.0,-1.0,1651929,0.0,7,,0.0,2.0,8.0,A01,138Â 288Â 781,1.0
967943,201900009474,9,15,18:30,1,1,2,1.0,3.0,49347,D68 lieu dit Champagne,M,"47,6263310"," -0,4509560",49,2019,80.0,1.0,1.0,3.0,2163569,4.0,2,4,1,5.0,,0.0,0,2005.0,A01,138Â 288Â 781,1.0,-1.0,-1.0,1651928,1.0,10,,0.0,2.0,1.0,B01,138Â 288Â 780,1.0
967943,201900009474,9,15,18:30,1,1,2,1.0,3.0,49347,D68 lieu dit Champagne,M,"47,6263310"," -0,4509560",49,2019,80.0,1.0,1.0,3.0,2163569,4.0,2,4,1,5.0,,0.0,0,2005.0,A01,138Â 288Â 781,1.0,-1.0,-1.0,1651929,0.0,7,,0.0,2.0,8.0,A01,138Â 288Â 781,1.0
967943,201900009474,9,15,18:30,1,1,2,1.0,3.0,49347,D68 lieu dit Champagne,M,"47,6263310"," -0,4509560",49,2019,80.0,1.0,1.0,3.0,2163570,1.0,1,1,1,5.0,,0.0,0,1969.0,A01,138Â 288Â 781,1.0,-1.0,-1.0,1651928,1.0,10,,0.0,2.0,1.0,B01,138Â 288Â 780,1.0
967943,201900009474,9,15,18:30,1,1,2,1.0,3.0,49347,D68 lieu dit Champagne,M,"47,6263310"," -0,4509560",49,2019,80.0,1.0,1.0,3.0,2163570,1.0,1,1,1,5.0,,0.0,0,1969.0,A01,138Â 288Â 781,1.0,-1.0,-1.0,1651929,0.0,7,,0.0,2.0,8.0,A01,138Â 288Â 781,1.0
967944,201900009475,9,17,09:00,1,1,1,1.0,6.0,47185,le pont du dor ,M,"44,4508550","0,9653110",47,2019,80.0,1.0,1.0,3.0,2163571,1.0,1,3,1,2.0,,0.0,0,2002.0,A01,138Â 288Â 777,2.0,-1.0,-1.0,1651930,2.0,2,,10.0,0.0,1.0,A01,138Â 288Â 777,1.0
967945,201900009476,9,17,17:05,1,2,1,1.0,7.0,02339,2 Rue de la Prairie,M,"49,0943220","3,1815210",2,2019,50.0,1.0,1.0,3.0,2163572,10.0,3,4,1,2.0,,1.0,3,2009.0,A01,138Â 288Â 776,0.0,-1.0,-1.0,1651931,1.0,7,,0.0,1.0,2.0,A01,138Â 288Â 776,1.0
967945,201900009476,9,17,17:05,1,2,1,1.0,7.0,02339,2 Rue de la Prairie,M,"49,0943220","3,1815210",2,2019,50.0,1.0,1.0,3.0,2163573,1.0,1,1,1,1.0,,0.0,0,1980.0,A01,138Â 288Â 776,1.0,-1.0,-1.0,1651931,1.0,7,,0.0,1.0,2.0,A01,138Â 288Â 776,1.0
967946,201900009477,9,16,16:45,1,2,1,1.0,6.0,15246,Route DÃ©partementale 678,M,"45,2666980","2,6030330",15,2019,50.0,3.0,1.0,3.0,2163574,1.0,1,1,1,4.0,,0.0,0,1971.0,A01,138Â 288Â 775,8.0,-1.0,-1.0,1651932,1.0,15,,0.0,0.0,7.0,A01,138Â 288Â 775,1.0
967946,201900009477,9,16,16:45,1,2,1,1.0,6.0,15246,Route DÃ©partementale 678,M,"45,2666980","2,6030330",15,2019,50.0,3.0,1.0,3.0,2163575,10.0,3,4,1,5.0,,6.0,1,1957.0,A01,138Â 288Â 775,0.0,-1.0,-1.0,1651932,1.0,15,,0.0,0.0,7.0,A01,138Â 288Â 775,1.0
967947,201900009478,9,14,21:00,3,1,1,1.0,1.0,01357,LA VOUTE,M,"46,1691940","5,7211480",1,2019,80.0,1.0,1.0,3.0,2163576,1.0,1,4,2,1.0,,0.0,0,1993.0,B01,138Â 288Â 773,1.0,-1.0,-1.0,1651933,2.0,7,,0.0,2.0,3.0,B01,138Â 288Â 773,1.0
967947,201900009478,9,14,21:00,3,1,1,1.0,1.0,01357,LA VOUTE,M,"46,1691940","5,7211480",1,2019,80.0,1.0,1.0,3.0,2163576,1.0,1,4,2,1.0,,0.0,0,1993.0,B01,138Â 288Â 773,1.0,-1.0,-1.0,1651934,1.0,7,,0.0,2.0,1.0,A01,138Â 288Â 774,1.0
967947,201900009478,9,14,21:00,3,1,1,1.0,1.0,01357,LA VOUTE,M,"46,1691940","5,7211480",1,2019,80.0,1.0,1.0,3.0,2163577,1.0,1,1,2,0.0,,0.0,0,1975.0,A01,138Â 288Â 774,8.0,-1.0,-1.0,1651933,2.0,7,,0.0,2.0,3.0,B01,138Â 288Â 773,1.0
967947,201900009478,9,14,21:00,3,1,1,1.0,1.0,01357,LA VOUTE,M,"46,1691940","5,7211480",1,2019,80.0,1.0,1.0,3.0,2163577,1.0,1,1,2,0.0,,0.0,0,1975.0,A01,138Â 288Â 774,8.0,-1.0,-1.0,1651934,1.0,7,,0.0,2.0,1.0,A01,138Â 288Â 774,1.0
967948,201900009479,9,15,19:30,2,1,1,1.0,7.0,54561,RD22,M,"48,4487010","6,4536310",54,2019,80.0,3.0,1.0,3.0,2163578,1.0,1,3,1,0.0,,0.0,0,1952.0,A01,138Â 288Â 772,8.0,5.0,-1.0,1651935,2.0,7,,13.0,0.0,3.0,A01,138Â 288Â 772,0.0
967949,201900009480,9,16,20:30,3,1,1,1.0,7.0,54029,Route de Serrouville,M,"49,3720660","5,8954730",54,2019,80.0,8.0,1.0,3.0,2163579,2.0,2,3,2,5.0,,0.0,0,1965.0,A01,138Â 288Â 771,8.0,-1.0,-1.0,1651936,2.0,7,,13.0,0.0,2.0,A01,138Â 288Â 771,6.0
967949,201900009480,9,16,20:30,3,1,1,1.0,7.0,54029,Route de Serrouville,M,"49,3720660","5,8954730",54,2019,80.0,8.0,1.0,3.0,2163580,1.0,1,1,1,5.0,,0.0,0,1977.0,A01,138Â 288Â 771,8.0,-1.0,-1.0,1651936,2.0,7,,13.0,0.0,2.0,A01,138Â 288Â 771,6.0
967950,201900009481,9,17,17:50,1,1,2,1.0,3.0,72265,D25,M,"48,2281430","0,3436780",72,2019,80.0,1.0,1.0,3.0,2163581,1.0,1,1,1,4.0,,0.0,0,1946.0,B01,138Â 288Â 768,1.0,-1.0,-1.0,1651937,2.0,7,,0.0,2.0,1.0,B01,138Â 288Â 768,1.0
967950,201900009481,9,17,17:50,1,1,2,1.0,3.0,72265,D25,M,"48,2281430","0,3436780",72,2019,80.0,1.0,1.0,3.0,2163581,1.0,1,1,1,4.0,,0.0,0,1946.0,B01,138Â 288Â 768,1.0,-1.0,-1.0,1651938,2.0,7,,0.0,2.0,8.0,A01,138Â 288Â 769,1.0
967950,201900009481,9,17,17:50,1,1,2,1.0,3.0,72265,D25,M,"48,2281430","0,3436780",72,2019,80.0,1.0,1.0,3.0,2163582,1.0,1,4,2,1.0,,0.0,0,1970.0,A01,138Â 288Â 769,1.0,-1.0,-1.0,1651937,2.0,7,,0.0,2.0,1.0,B01,138Â 288Â 768,1.0
967950,201900009481,9,17,17:50,1,1,2,1.0,3.0,72265,D25,M,"48,2281430","0,3436780",72,2019,80.0,1.0,1.0,3.0,2163582,1.0,1,4,2,1.0,,0.0,0,1970.0,A01,138Â 288Â 769,1.0,-1.0,-1.0,1651938,2.0,7,,0.0,2.0,8.0,A01,138Â 288Â 769,1.0
967951,201900009482,9,15,00:30,3,1,1,1.0,6.0,14326,Les BruyÃ¨res Morin,M,"49,1746700","0,2759890",14,2019,50.0,3.0,1.0,4.0,2163583,1.0,1,3,1,9.0,,0.0,0,1986.0,A01,138Â 288Â 766,1.0,-1.0,-1.0,1651939,1.0,7,,2.0,0.0,1.0,A01,138Â 288Â 766,1.0
967952,201900009483,9,15,16:45,1,1,1,1.0,6.0,14342,Route du Hameau Fontaine,M,"49,3107480"," -1,0850800",14,2019,50.0,3.0,1.0,3.0,2163584,1.0,1,1,1,5.0,,0.0,0,1954.0,A01,138Â 288Â 765,1.0,-1.0,-1.0,1651940,2.0,3,,15.0,0.0,2.0,A01,138Â 288Â 765,1.0
967952,201900009483,9,15,16:45,1,1,1,1.0,6.0,14342,Route du Hameau Fontaine,M,"49,3107480"," -1,0850800",14,2019,50.0,3.0,1.0,3.0,2163585,2.0,2,3,1,5.0,,0.0,0,1947.0,A01,138Â 288Â 765,1.0,-1.0,-1.0,1651940,2.0,3,,15.0,0.0,2.0,A01,138Â 288Â 765,1.0
967953,201900009484,9,17,15:30,1,1,1,1.0,7.0,50486,La Roquelle,M,"49,4078370"," -1,6246020",50,2019,80.0,1.0,1.0,4.0,2163586,1.0,1,3,1,5.0,,0.0,0,1949.0,A01,138Â 288Â 764,2.0,-1.0,-1.0,1651941,3.0,1,,14.0,0.0,0.0,A01,138Â 288Â 764,5.0
967954,201900009485,9,14,20:20,3,1,1,1.0,6.0,18180,Vauroux,M,"47,0179390","2,4441420",18,2019,70.0,1.0,1.0,3.0,2163587,1.0,1,3,1,5.0,,0.0,0,1969.0,A01,138Â 288Â 763,2.0,6.0,-1.0,1651942,1.0,33,,0.0,6.0,1.0,A01,138Â 288Â 763,1.0
967954,201900009485,9,14,20:20,3,1,1,1.0,6.0,18180,Vauroux,M,"47,0179390","2,4441420",18,2019,70.0,1.0,1.0,3.0,2163588,2.0,2,3,2,5.0,,0.0,0,1971.0,A01,138Â 288Â 763,2.0,6.0,-1.0,1651942,1.0,33,,0.0,6.0,1.0,A01,138Â 288Â 763,1.0
967955,201900009486,9,16,13:30,1,2,2,1.0,3.0,36088,RUE FERDINAND DE LESSEPS/RUE BASSE ST DENIS,M,"46,9599830","1,9884280",36,2019,50.0,1.0,1.0,4.0,2163589,1.0,1,1,1,1.0,,0.0,0,1965.0,B01,138Â 288Â 761,1.0,-1.0,-1.0,1651943,1.0,7,,0.0,2.0,5.0,B01,138Â 288Â 761,1.0
967955,201900009486,9,16,13:30,1,2,2,1.0,3.0,36088,RUE FERDINAND DE LESSEPS/RUE BASSE ST DENIS,M,"46,9599830","1,9884280",36,2019,50.0,1.0,1.0,4.0,2163589,1.0,1,1,1,1.0,,0.0,0,1965.0,B01,138Â 288Â 761,1.0,-1.0,-1.0,1651944,1.0,1,,0.0,2.0,1.0,A01,138Â 288Â 762,5.0
967955,201900009486,9,16,13:30,1,2,2,1.0,3.0,36088,RUE FERDINAND DE LESSEPS/RUE BASSE ST DENIS,M,"46,9599830","1,9884280",36,2019,50.0,1.0,1.0,4.0,2163590,1.0,1,3,1,2.0,,0.0,0,2008.0,A01,138Â 288Â 762,0.0,-1.0,-1.0,1651943,1.0,7,,0.0,2.0,5.0,B01,138Â 288Â 761,1.0
967955,201900009486,9,16,13:30,1,2,2,1.0,3.0,36088,RUE FERDINAND DE LESSEPS/RUE BASSE ST DENIS,M,"46,9599830","1,9884280",36,2019,50.0,1.0,1.0,4.0,2163590,1.0,1,3,1,2.0,,0.0,0,2008.0,A01,138Â 288Â 762,0.0,-1.0,-1.0,1651944,1.0,1,,0.0,2.0,1.0,A01,138Â 288Â 762,5.0
967956,201900009487,9,17,10:55,1,1,1,7.0,2.0,17248,RD 730,M,"45,5122901"," -0,7564175",17,2019,80.0,1.0,1.0,3.0,2163591,10.0,3,3,1,4.0,,6.0,4,1974.0,B01,138Â 288Â 759,4.0,-1.0,-1.0,1651945,1.0,13,,0.0,2.0,6.0,B01,138Â 288Â 759,1.0
967956,201900009487,9,17,10:55,1,1,1,7.0,2.0,17248,RD 730,M,"45,5122901"," -0,7564175",17,2019,80.0,1.0,1.0,3.0,2163591,10.0,3,3,1,4.0,,6.0,4,1974.0,B01,138Â 288Â 759,4.0,-1.0,-1.0,1651946,1.0,7,,0.0,2.0,2.0,A01,138Â 288Â 760,1.0
967956,201900009487,9,17,10:55,1,1,1,7.0,2.0,17248,RD 730,M,"45,5122901"," -0,7564175",17,2019,80.0,1.0,1.0,3.0,2163592,1.0,1,1,1,5.0,,0.0,0,1938.0,A01,138Â 288Â 760,1.0,5.0,-1.0,1651945,1.0,13,,0.0,2.0,6.0,B01,138Â 288Â 759,1.0
967956,201900009487,9,17,10:55,1,1,1,7.0,2.0,17248,RD 730,M,"45,5122901"," -0,7564175",17,2019,80.0,1.0,1.0,3.0,2163592,1.0,1,1,1,5.0,,0.0,0,1938.0,A01,138Â 288Â 760,1.0,5.0,-1.0,1651946,1.0,7,,0.0,2.0,2.0,A01,138Â 288Â 760,1.0
967957,201900009488,9,16,16:15,1,1,1,1.0,1.0,88487,30 Route du Girmont,M,"47,9483340","6,5265860",88,2019,80.0,1.0,1.0,3.0,2163593,1.0,1,1,1,5.0,,0.0,0,1999.0,B01,138Â 288Â 757,1.0,-1.0,-1.0,1651947,1.0,7,,0.0,2.0,1.0,B01,138Â 288Â 757,1.0
967957,201900009488,9,16,16:15,1,1,1,1.0,1.0,88487,30 Route du Girmont,M,"47,9483340","6,5265860",88,2019,80.0,1.0,1.0,3.0,2163593,1.0,1,1,1,5.0,,0.0,0,1999.0,B01,138Â 288Â 757,1.0,-1.0,-1.0,1651948,2.0,33,,0.0,2.0,1.0,A01,138Â 288Â 758,1.0
967957,201900009488,9,16,16:15,1,1,1,1.0,1.0,88487,30 Route du Girmont,M,"47,9483340","6,5265860",88,2019,80.0,1.0,1.0,3.0,2163594,1.0,1,3,1,5.0,,0.0,0,1996.0,A01,138Â 288Â 758,2.0,6.0,-1.0,1651947,1.0,7,,0.0,2.0,1.0,B01,138Â 288Â 757,1.0
967957,201900009488,9,16,16:15,1,1,1,1.0,1.0,88487,30 Route du Girmont,M,"47,9483340","6,5265860",88,2019,80.0,1.0,1.0,3.0,2163594,1.0,1,3,1,5.0,,0.0,0,1996.0,A01,138Â 288Â 758,2.0,6.0,-1.0,1651948,2.0,33,,0.0,2.0,1.0,A01,138Â 288Â 758,1.0
967958,201900009489,9,17,00:00,5,2,1,1.0,2.0,69244,Avenue Charles de Gaulle,M,"45,7577800","4,7742300",69,2019,50.0,1.0,1.0,3.0,2163595,2.0,2,4,1,5.0,,0.0,0,1999.0,A01,138Â 288Â 755,1.0,-1.0,-1.0,1651949,3.0,7,,0.0,0.0,4.0,A01,138Â 288Â 755,0.0
967958,201900009489,9,17,00:00,5,2,1,1.0,2.0,69244,Avenue Charles de Gaulle,M,"45,7577800","4,7742300",69,2019,50.0,1.0,1.0,3.0,2163595,2.0,2,4,1,5.0,,0.0,0,1999.0,A01,138Â 288Â 755,1.0,-1.0,-1.0,1651950,3.0,7,,0.0,2.0,1.0,B01,138Â 288Â 756,0.0
967958,201900009489,9,17,00:00,5,2,1,1.0,2.0,69244,Avenue Charles de Gaulle,M,"45,7577800","4,7742300",69,2019,50.0,1.0,1.0,3.0,2163596,1.0,1,4,1,5.0,,0.0,0,1995.0,A01,138Â 288Â 755,1.0,-1.0,-1.0,1651949,3.0,7,,0.0,0.0,4.0,A01,138Â 288Â 755,0.0
967958,201900009489,9,17,00:00,5,2,1,1.0,2.0,69244,Avenue Charles de Gaulle,M,"45,7577800","4,7742300",69,2019,50.0,1.0,1.0,3.0,2163596,1.0,1,4,1,5.0,,0.0,0,1995.0,A01,138Â 288Â 755,1.0,-1.0,-1.0,1651950,3.0,7,,0.0,2.0,1.0,B01,138Â 288Â 756,0.0
967958,201900009489,9,17,00:00,5,2,1,1.0,2.0,69244,Avenue Charles de Gaulle,M,"45,7577800","4,7742300",69,2019,50.0,1.0,1.0,3.0,2163597,1.0,1,1,2,5.0,,0.0,0,1974.0,B01,138Â 288Â 756,1.0,-1.0,-1.0,1651949,3.0,7,,0.0,0.0,4.0,A01,138Â 288Â 755,0.0
967958,201900009489,9,17,00:00,5,2,1,1.0,2.0,69244,Avenue Charles de Gaulle,M,"45,7577800","4,7742300",69,2019,50.0,1.0,1.0,3.0,2163597,1.0,1,1,2,5.0,,0.0,0,1974.0,B01,138Â 288Â 756,1.0,-1.0,-1.0,1651950,3.0,7,,0.0,2.0,1.0,B01,138Â 288Â 756,0.0
967959,201900009490,9,16,09:10,1,1,3,1.0,1.0,78466,route de 40 sous,M,"48,9284980","1,9812300",78,2019,70.0,1.0,1.0,3.0,2163598,1.0,1,1,1,4.0,,0.0,0,1991.0,A01,138Â 288Â 753,1.0,-1.0,-1.0,1651951,2.0,10,,0.0,2.0,3.0,A01,138Â 288Â 753,1.0
967959,201900009490,9,16,09:10,1,1,3,1.0,1.0,78466,route de 40 sous,M,"48,9284980","1,9812300",78,2019,70.0,1.0,1.0,3.0,2163598,1.0,1,1,1,4.0,,0.0,0,1991.0,A01,138Â 288Â 753,1.0,-1.0,-1.0,1651952,1.0,33,,0.0,2.0,2.0,B01,138Â 288Â 754,1.0
967959,201900009490,9,16,09:10,1,1,3,1.0,1.0,78466,route de 40 sous,M,"48,9284980","1,9812300",78,2019,70.0,1.0,1.0,3.0,2163599,2.0,2,1,1,4.0,,0.0,0,1991.0,A01,138Â 288Â 753,1.0,-1.0,-1.0,1651951,2.0,10,,0.0,2.0,3.0,A01,138Â 288Â 753,1.0
967959,201900009490,9,16,09:10,1,1,3,1.0,1.0,78466,route de 40 sous,M,"48,9284980","1,9812300",78,2019,70.0,1.0,1.0,3.0,2163599,2.0,2,1,1,4.0,,0.0,0,1991.0,A01,138Â 288Â 753,1.0,-1.0,-1.0,1651952,1.0,33,,0.0,2.0,2.0,B01,138Â 288Â 754,1.0
967959,201900009490,9,16,09:10,1,1,3,1.0,1.0,78466,route de 40 sous,M,"48,9284980","1,9812300",78,2019,70.0,1.0,1.0,3.0,2163600,1.0,1,3,1,1.0,,0.0,0,1965.0,B01,138Â 288Â 754,2.0,9.0,-1.0,1651951,2.0,10,,0.0,2.0,3.0,A01,138Â 288Â 753,1.0
967959,201900009490,9,16,09:10,1,1,3,1.0,1.0,78466,route de 40 sous,M,"48,9284980","1,9812300",78,2019,70.0,1.0,1.0,3.0,2163600,1.0,1,3,1,1.0,,0.0,0,1965.0,B01,138Â 288Â 754,2.0,9.0,-1.0,1651952,1.0,33,,0.0,2.0,2.0,B01,138Â 288Â 754,1.0
967960,201900009491,9,6,13:40,1,1,1,1.0,7.0,44163,autoroute A11 PK 302.000,M,"47,4282370"," -0,9170600",44,2019,130.0,1.0,1.0,1.0,2163601,1.0,1,3,1,2.0,,0.0,0,1997.0,A01,138Â 288Â 752,1.0,-1.0,-1.0,1651953,1.0,7,,0.0,0.0,9.0,A01,138Â 288Â 752,1.0
967961,201900009492,9,16,20:10,3,1,1,1.0,6.0,97361,CD 9 PK 23,M,"5,6484654"," -53,8648295",973,2019,80.0,1.0,1.0,3.0,2163602,10.0,3,3,1,5.0,,1.0,3,1959.0,A01,138Â 288Â 751,0.0,-1.0,-1.0,1651954,2.0,7,,0.0,1.0,1.0,A01,138Â 288Â 751,0.0
967961,201900009492,9,16,20:10,3,1,1,1.0,6.0,97361,CD 9 PK 23,M,"5,6484654"," -53,8648295",973,2019,80.0,1.0,1.0,3.0,2163603,1.0,1,1,1,5.0,,0.0,0,1990.0,A01,138Â 288Â 751,1.0,-1.0,-1.0,1651954,2.0,7,,0.0,1.0,1.0,A01,138Â 288Â 751,0.0
967962,201900009493,9,17,10:39,1,2,9,1.0,6.0,77315,D239-57 Avenue du Marechal Foch,M,"48,8936591","2,8220620",77,2019,50.0,1.0,1.0,3.0,2163604,10.0,3,4,1,5.0,,3.0,3,1956.0,A01,138Â 288Â 750,0.0,-1.0,-1.0,1651955,1.0,7,,0.0,1.0,2.0,A01,138Â 288Â 750,1.0
967962,201900009493,9,17,10:39,1,2,9,1.0,6.0,77315,D239-57 Avenue du Marechal Foch,M,"48,8936591","2,8220620",77,2019,50.0,1.0,1.0,3.0,2163605,1.0,1,1,1,0.0,,0.0,0,1944.0,A01,138Â 288Â 750,1.0,-1.0,-1.0,1651955,1.0,7,,0.0,1.0,2.0,A01,138Â 288Â 750,1.0
967963,201900009494,9,16,23:40,3,2,1,1.0,7.0,2A288,route du stade,M,"41,5454900","9,1830380",2A,2019,50.0,8.0,1.0,3.0,2163606,7.0,2,3,1,5.0,,0.0,0,2003.0,A01,138Â 288Â 749,1.0,-1.0,-1.0,1651956,1.0,7,,2.0,0.0,2.0,A01,138Â 288Â 749,1.0
967963,201900009494,9,16,23:40,3,2,1,1.0,7.0,2A288,route du stade,M,"41,5454900","9,1830380",2A,2019,50.0,8.0,1.0,3.0,2163607,2.0,2,3,1,5.0,,0.0,0,2000.0,A01,138Â 288Â 749,1.0,-1.0,-1.0,1651956,1.0,7,,2.0,0.0,2.0,A01,138Â 288Â 749,1.0
967963,201900009494,9,16,23:40,3,2,1,1.0,7.0,2A288,route du stade,M,"41,5454900","9,1830380",2A,2019,50.0,8.0,1.0,3.0,2163608,1.0,1,3,1,5.0,,0.0,0,2001.0,A01,138Â 288Â 749,1.0,-1.0,-1.0,1651956,1.0,7,,2.0,0.0,2.0,A01,138Â 288Â 749,1.0
967964,201900009495,9,17,20:15,3,2,1,1.0,6.0,84138,D 976,M,"44,3675250","4,9780740",84,2019,50.0,3.0,1.0,3.0,2163609,1.0,1,3,1,5.0,,0.0,0,1982.0,A01,138Â 288Â 748,1.0,-1.0,-1.0,1651957,0.0,7,,8.0,0.0,0.0,A01,138Â 288Â 748,0.0
967964,201900009495,9,17,20:15,3,2,1,1.0,6.0,84138,D 976,M,"44,3675250","4,9780740",84,2019,50.0,3.0,1.0,3.0,2163610,9.0,2,4,1,0.0,,0.0,0,2005.0,A01,138Â 288Â 748,1.0,-1.0,-1.0,1651957,0.0,7,,8.0,0.0,0.0,A01,138Â 288Â 748,0.0
967964,201900009495,9,17,20:15,3,2,1,1.0,6.0,84138,D 976,M,"44,3675250","4,9780740",84,2019,50.0,3.0,1.0,3.0,2163611,8.0,2,4,1,0.0,,0.0,0,2007.0,A01,138Â 288Â 748,1.0,-1.0,-1.0,1651957,0.0,7,,8.0,0.0,0.0,A01,138Â 288Â 748,0.0
967965,201900009496,9,15,15:10,1,2,1,1.0,6.0,83119,Avenue Augustin Grangeon,M,"43,2687900","6,6410020",83,2019,50.0,1.0,1.0,4.0,2163612,1.0,1,1,1,1.0,,0.0,0,1971.0,A01,138Â 288Â 747,1.0,-1.0,-1.0,1651958,1.0,7,,1.0,1.0,3.0,A01,138Â 288Â 747,1.0
967965,201900009496,9,15,15:10,1,2,1,1.0,6.0,83119,Avenue Augustin Grangeon,M,"43,2687900","6,6410020",83,2019,50.0,1.0,1.0,4.0,2163613,10.0,3,3,2,5.0,,2.0,9,1950.0,A01,138Â 288Â 747,0.0,-1.0,-1.0,1651958,1.0,7,,1.0,1.0,3.0,A01,138Â 288Â 747,1.0
967966,201900009497,9,16,15:35,1,1,1,1.0,7.0,88398,D420,M,"48,2736170","6,8419250",88,2019,80.0,3.0,1.0,3.0,2163614,1.0,1,3,1,5.0,,0.0,0,1944.0,A01,138Â 288Â 746,1.0,-1.0,-1.0,1651959,1.0,7,,0.0,0.0,0.0,A01,138Â 288Â 746,1.0
967967,201900009498,9,17,11:30,1,1,1,1.0,1.0,57206,rue descartes,M,"49,2990490","6,1086830",57,2019,50.0,1.0,1.0,4.0,2163615,1.0,1,3,2,0.0,,0.0,0,1936.0,B01,138Â 288Â 744,1.0,5.0,-1.0,1651960,0.0,7,,5.0,2.0,1.0,B01,138Â 288Â 744,0.0
967967,201900009498,9,17,11:30,1,1,1,1.0,1.0,57206,rue descartes,M,"49,2990490","6,1086830",57,2019,50.0,1.0,1.0,4.0,2163615,1.0,1,3,2,0.0,,0.0,0,1936.0,B01,138Â 288Â 744,1.0,5.0,-1.0,1651961,0.0,7,,5.0,0.0,1.0,A01,138Â 288Â 745,0.0
967967,201900009498,9,17,11:30,1,1,1,1.0,1.0,57206,rue descartes,M,"49,2990490","6,1086830",57,2019,50.0,1.0,1.0,4.0,2163616,1.0,1,3,2,0.0,,0.0,0,1966.0,A01,138Â 288Â 745,1.0,-1.0,-1.0,1651960,0.0,7,,5.0,2.0,1.0,B01,138Â 288Â 744,0.0
967967,201900009498,9,17,11:30,1,1,1,1.0,1.0,57206,rue descartes,M,"49,2990490","6,1086830",57,2019,50.0,1.0,1.0,4.0,2163616,1.0,1,3,2,0.0,,0.0,0,1966.0,A01,138Â 288Â 745,1.0,-1.0,-1.0,1651961,0.0,7,,5.0,0.0,1.0,A01,138Â 288Â 745,0.0
967968,201900009499,9,16,20:00,3,1,1,1.0,2.0,38565,Avenue de Juin 1940,M,"45,3024540","5,6264950",38,2019,70.0,1.0,1.0,3.0,2163617,1.0,1,4,1,5.0,,0.0,0,1991.0,B01,138Â 288Â 742,2.0,6.0,-1.0,1651962,1.0,2,,0.0,2.0,4.0,B01,138Â 288Â 742,1.0
967968,201900009499,9,16,20:00,3,1,1,1.0,2.0,38565,Avenue de Juin 1940,M,"45,3024540","5,6264950",38,2019,70.0,1.0,1.0,3.0,2163617,1.0,1,4,1,5.0,,0.0,0,1991.0,B01,138Â 288Â 742,2.0,6.0,-1.0,1651963,1.0,7,,0.0,2.0,1.0,A01,138Â 288Â 743,1.0
967968,201900009499,9,16,20:00,3,1,1,1.0,2.0,38565,Avenue de Juin 1940,M,"45,3024540","5,6264950",38,2019,70.0,1.0,1.0,3.0,2163618,2.0,2,4,2,5.0,,0.0,0,1999.0,B01,138Â 288Â 742,2.0,-1.0,-1.0,1651962,1.0,2,,0.0,2.0,4.0,B01,138Â 288Â 742,1.0
967968,201900009499,9,16,20:00,3,1,1,1.0,2.0,38565,Avenue de Juin 1940,M,"45,3024540","5,6264950",38,2019,70.0,1.0,1.0,3.0,2163618,2.0,2,4,2,5.0,,0.0,0,1999.0,B01,138Â 288Â 742,2.0,-1.0,-1.0,1651963,1.0,7,,0.0,2.0,1.0,A01,138Â 288Â 743,1.0
967969,201900009500,9,17,20:35,5,2,6,1.0,3.0,26084,Avenue de Valence,M,"45,0151520","4,9385910",26,2019,50.0,1.0,1.0,3.0,2163619,1.0,1,1,1,1.0,,0.0,0,1971.0,A01,138Â 288Â 740,1.0,-1.0,-1.0,1651964,1.0,10,,0.0,2.0,2.0,A01,138Â 288Â 740,1.0
967969,201900009500,9,17,20:35,5,2,6,1.0,3.0,26084,Avenue de Valence,M,"45,0151520","4,9385910",26,2019,50.0,1.0,1.0,3.0,2163619,1.0,1,1,1,1.0,,0.0,0,1971.0,A01,138Â 288Â 740,1.0,-1.0,-1.0,1651965,2.0,2,,0.0,2.0,1.0,B01,138Â 288Â 741,1.0
967969,201900009500,9,17,20:35,5,2,6,1.0,3.0,26084,Avenue de Valence,M,"45,0151520","4,9385910",26,2019,50.0,1.0,1.0,3.0,2163620,1.0,1,3,1,5.0,,0.0,0,2004.0,B01,138Â 288Â 741,2.0,-1.0,-1.0,1651964,1.0,10,,0.0,2.0,2.0,A01,138Â 288Â 740,1.0
967969,201900009500,9,17,20:35,5,2,6,1.0,3.0,26084,Avenue de Valence,M,"45,0151520","4,9385910",26,2019,50.0,1.0,1.0,3.0,2163620,1.0,1,3,1,5.0,,0.0,0,2004.0,B01,138Â 288Â 741,2.0,-1.0,-1.0,1651965,2.0,2,,0.0,2.0,1.0,B01,138Â 288Â 741,1.0