Unnamed: 0_x,num_acc,mois,jour,hrmn,lum,agg,int,atm,col,com,adr,gps,lat,long,dep,annee,vma,situ,surf,catr,Unnamed: 0_y,place,catu,grav,sexe,trajet,secu,locp,actp,an_nais,num_veh_x,id_vehicule_x,secu1,secu2,secu3,Unnamed: 0,senc,catv,occutc,obs,obsm,choc,num_veh_y,id_vehicule_y,motor
967969,201900009500,9,17,20:35,5,2,6,1.0,3.0,26084,Avenue de Valence,M,"45,0151520","4,9385910",26,2019,50.0,1.0,1.0,3.0,2163621,2.0,2,4,2,5.0,,0.0,0,2004.0,B01,138Â 288Â 741,2.0,-1.0,-1.0,1651964,1.0,10,,0.0,2.0,2.0,A01,138Â 288Â 740,1.0
967969,201900009500,9,17,20:35,5,2,6,1.0,3.0,26084,Avenue de Valence,M,"45,0151520","4,9385910",26,2019,50.0,1.0,1.0,3.0,2163621,2.0,2,4,2,5.0,,0.0,0,2004.0,B01,138Â 288Â 741,2.0,-1.0,-1.0,1651965,2.0,2,,0.0,2.0,1.0,B01,138Â 288Â 741,1.0
967970,201900009501,9,10,12:35,1,1,2,1.0,3.0,69074,D19/D44,M,"46,0084100","4,6368640",69,2019,80.0,1.0,1.0,3.0,2163622,1.0,1,1,2,4.0,,0.0,0,1970.0,B01,138Â 288Â 738,1.0,-1.0,-1.0,1651966,0.0,7,,0.0,9.0,7.0,B01,138Â 288Â 738,1.0
967970,201900009501,9,10,12:35,1,1,2,1.0,3.0,69074,D19/D44,M,"46,0084100","4,6368640",69,2019,80.0,1.0,1.0,3.0,2163622,1.0,1,1,2,4.0,,0.0,0,1970.0,B01,138Â 288Â 738,1.0,-1.0,-1.0,1651967,0.0,1,,0.0,2.0,1.0,A01,138Â 288Â 739,5.0
967970,201900009501,9,10,12:35,1,1,2,1.0,3.0,69074,D19/D44,M,"46,0084100","4,6368640",69,2019,80.0,1.0,1.0,3.0,2163623,1.0,1,3,1,5.0,,0.0,0,1946.0,A01,138Â 288Â 739,2.0,-1.0,-1.0,1651966,0.0,7,,0.0,9.0,7.0,B01,138Â 288Â 738,1.0
967970,201900009501,9,10,12:35,1,1,2,1.0,3.0,69074,D19/D44,M,"46,0084100","4,6368640",69,2019,80.0,1.0,1.0,3.0,2163623,1.0,1,3,1,5.0,,0.0,0,1946.0,A01,138Â 288Â 739,2.0,-1.0,-1.0,1651967,0.0,1,,0.0,2.0,1.0,A01,138Â 288Â 739,5.0
967971,201900009502,8,5,11:55,1,2,1,1.0,2.0,09160,37 Avenue Alsace Lorraine 09300,M,"42,9398690","1,8540710",9,2019,30.0,1.0,1.0,3.0,2163624,1.0,1,1,1,5.0,,0.0,0,1954.0,B01,138Â 288Â 736,1.0,-1.0,-1.0,1651968,1.0,7,,0.0,2.0,5.0,B01,138Â 288Â 736,1.0
967971,201900009502,8,5,11:55,1,2,1,1.0,2.0,09160,37 Avenue Alsace Lorraine 09300,M,"42,9398690","1,8540710",9,2019,30.0,1.0,1.0,3.0,2163624,1.0,1,1,1,5.0,,0.0,0,1954.0,B01,138Â 288Â 736,1.0,-1.0,-1.0,1651969,1.0,2,,0.0,2.0,1.0,A01,138Â 288Â 737,1.0
967971,201900009502,8,5,11:55,1,2,1,1.0,2.0,09160,37 Avenue Alsace Lorraine 09300,M,"42,9398690","1,8540710",9,2019,30.0,1.0,1.0,3.0,2163625,1.0,1,3,1,3.0,,0.0,0,2002.0,A01,138Â 288Â 737,2.0,-1.0,-1.0,1651968,1.0,7,,0.0,2.0,5.0,B01,138Â 288Â 736,1.0
967971,201900009502,8,5,11:55,1,2,1,1.0,2.0,09160,37 Avenue Alsace Lorraine 09300,M,"42,9398690","1,8540710",9,2019,30.0,1.0,1.0,3.0,2163625,1.0,1,3,1,3.0,,0.0,0,2002.0,A01,138Â 288Â 737,2.0,-1.0,-1.0,1651969,1.0,2,,0.0,2.0,1.0,A01,138Â 288Â 737,1.0
967971,201900009502,8,5,11:55,1,2,1,1.0,2.0,09160,37 Avenue Alsace Lorraine 09300,M,"42,9398690","1,8540710",9,2019,30.0,1.0,1.0,3.0,2163626,2.0,2,4,2,3.0,,0.0,0,2001.0,A01,138Â 288Â 737,2.0,-1.0,-1.0,1651968,1.0,7,,0.0,2.0,5.0,B01,138Â 288Â 736,1.0
967971,201900009502,8,5,11:55,1,2,1,1.0,2.0,09160,37 Avenue Alsace Lorraine 09300,M,"42,9398690","1,8540710",9,2019,30.0,1.0,1.0,3.0,2163626,2.0,2,4,2,3.0,,0.0,0,2001.0,A01,138Â 288Â 737,2.0,-1.0,-1.0,1651969,1.0,2,,0.0,2.0,1.0,A01,138Â 288Â 737,1.0
967972,201900009503,9,14,11:00,1,1,1,1.0,2.0,33448,D1113,M,"44,7219950"," -0,5259930",33,2019,80.0,1.0,1.0,3.0,2163627,1.0,1,1,1,0.0,,0.0,0,1995.0,B01,138Â 288Â 734,1.0,-1.0,-1.0,1651970,1.0,7,,0.0,0.0,4.0,B01,138Â 288Â 734,1.0
967972,201900009503,9,14,11:00,1,1,1,1.0,2.0,33448,D1113,M,"44,7219950"," -0,5259930",33,2019,80.0,1.0,1.0,3.0,2163627,1.0,1,1,1,0.0,,0.0,0,1995.0,B01,138Â 288Â 734,1.0,-1.0,-1.0,1651971,2.0,2,,0.0,2.0,1.0,A01,138Â 288Â 735,1.0
967972,201900009503,9,14,11:00,1,1,1,1.0,2.0,33448,D1113,M,"44,7219950"," -0,5259930",33,2019,80.0,1.0,1.0,3.0,2163628,1.0,1,4,1,0.0,,0.0,0,2002.0,A01,138Â 288Â 735,2.0,6.0,-1.0,1651970,1.0,7,,0.0,0.0,4.0,B01,138Â 288Â 734,1.0
967972,201900009503,9,14,11:00,1,1,1,1.0,2.0,33448,D1113,M,"44,7219950"," -0,5259930",33,2019,80.0,1.0,1.0,3.0,2163628,1.0,1,4,1,0.0,,0.0,0,2002.0,A01,138Â 288Â 735,2.0,6.0,-1.0,1651971,2.0,2,,0.0,2.0,1.0,A01,138Â 288Â 735,1.0
967973,201900009504,9,13,18:15,1,1,2,1.0,3.0,53001,la bliniÃ¨re,M,"48,0359620"," -0,8975870",53,2019,80.0,1.0,1.0,3.0,2163629,1.0,1,4,2,5.0,,0.0,0,1984.0,A01,138Â 288Â 732,1.0,-1.0,-1.0,1651972,2.0,7,,0.0,2.0,7.0,A01,138Â 288Â 732,1.0
967973,201900009504,9,13,18:15,1,1,2,1.0,3.0,53001,la bliniÃ¨re,M,"48,0359620"," -0,8975870",53,2019,80.0,1.0,1.0,3.0,2163629,1.0,1,4,2,5.0,,0.0,0,1984.0,A01,138Â 288Â 732,1.0,-1.0,-1.0,1651973,1.0,7,,0.0,2.0,1.0,B01,138Â 288Â 733,1.0
967973,201900009504,9,13,18:15,1,1,2,1.0,3.0,53001,la bliniÃ¨re,M,"48,0359620"," -0,8975870",53,2019,80.0,1.0,1.0,3.0,2163630,2.0,2,3,2,5.0,,0.0,0,1993.0,A01,138Â 288Â 732,1.0,-1.0,-1.0,1651972,2.0,7,,0.0,2.0,7.0,A01,138Â 288Â 732,1.0
967973,201900009504,9,13,18:15,1,1,2,1.0,3.0,53001,la bliniÃ¨re,M,"48,0359620"," -0,8975870",53,2019,80.0,1.0,1.0,3.0,2163630,2.0,2,3,2,5.0,,0.0,0,1993.0,A01,138Â 288Â 732,1.0,-1.0,-1.0,1651973,1.0,7,,0.0,2.0,1.0,B01,138Â 288Â 733,1.0
967973,201900009504,9,13,18:15,1,1,2,1.0,3.0,53001,la bliniÃ¨re,M,"48,0359620"," -0,8975870",53,2019,80.0,1.0,1.0,3.0,2163631,1.0,1,4,1,5.0,,0.0,0,1975.0,B01,138Â 288Â 733,1.0,-1.0,-1.0,1651972,2.0,7,,0.0,2.0,7.0,A01,138Â 288Â 732,1.0
967973,201900009504,9,13,18:15,1,1,2,1.0,3.0,53001,la bliniÃ¨re,M,"48,0359620"," -0,8975870",53,2019,80.0,1.0,1.0,3.0,2163631,1.0,1,4,1,5.0,,0.0,0,1975.0,B01,138Â 288Â 733,1.0,-1.0,-1.0,1651973,1.0,7,,0.0,2.0,1.0,B01,138Â 288Â 733,1.0
967973,201900009504,9,13,18:15,1,1,2,1.0,3.0,53001,la bliniÃ¨re,M,"48,0359620"," -0,8975870",53,2019,80.0,1.0,1.0,3.0,2163632,2.0,2,4,1,5.0,,0.0,0,2005.0,B01,138Â 288Â 733,1.0,-1.0,-1.0,1651972,2.0,7,,0.0,2.0,7.0,A01,138Â 288Â 732,1.0
967973,201900009504,9,13,18:15,1,1,2,1.0,3.0,53001,la bliniÃ¨re,M,"48,0359620"," -0,8975870",53,2019,80.0,1.0,1.0,3.0,2163632,2.0,2,4,1,5.0,,0.0,0,2005.0,B01,138Â 288Â 733,1.0,-1.0,-1.0,1651973,1.0,7,,0.0,2.0,1.0,B01,138Â 288Â 733,1.0
967974,201900009505,8,31,17:15,1,1,3,2.0,3.0,22246,Jamet,M,"48,4749513"," -2,6053700",22,2019,50.0,1.0,2.0,4.0,2163633,2.0,2,4,1,5.0,,0.0,0,2000.0,B01,138Â 288Â 730,1.0,-1.0,-1.0,1651974,3.0,7,,0.0,2.0,1.0,B01,138Â 288Â 730,1.0
967974,201900009505,8,31,17:15,1,1,3,2.0,3.0,22246,Jamet,M,"48,4749513"," -2,6053700",22,2019,50.0,1.0,2.0,4.0,2163633,2.0,2,4,1,5.0,,0.0,0,2000.0,B01,138Â 288Â 730,1.0,-1.0,-1.0,1651975,3.0,7,,0.0,2.0,8.0,A01,138Â 288Â 731,1.0
967974,201900009505,8,31,17:15,1,1,3,2.0,3.0,22246,Jamet,M,"48,4749513"," -2,6053700",22,2019,50.0,1.0,2.0,4.0,2163634,1.0,1,4,2,9.0,,0.0,0,1967.0,B01,138Â 288Â 730,1.0,-1.0,-1.0,1651974,3.0,7,,0.0,2.0,1.0,B01,138Â 288Â 730,1.0
967974,201900009505,8,31,17:15,1,1,3,2.0,3.0,22246,Jamet,M,"48,4749513"," -2,6053700",22,2019,50.0,1.0,2.0,4.0,2163634,1.0,1,4,2,9.0,,0.0,0,1967.0,B01,138Â 288Â 730,1.0,-1.0,-1.0,1651975,3.0,7,,0.0,2.0,8.0,A01,138Â 288Â 731,1.0
967974,201900009505,8,31,17:15,1,1,3,2.0,3.0,22246,Jamet,M,"48,4749513"," -2,6053700",22,2019,50.0,1.0,2.0,4.0,2163635,2.0,2,1,2,5.0,,0.0,0,1944.0,A01,138Â 288Â 731,1.0,-1.0,-1.0,1651974,3.0,7,,0.0,2.0,1.0,B01,138Â 288Â 730,1.0
967974,201900009505,8,31,17:15,1,1,3,2.0,3.0,22246,Jamet,M,"48,4749513"," -2,6053700",22,2019,50.0,1.0,2.0,4.0,2163635,2.0,2,1,2,5.0,,0.0,0,1944.0,A01,138Â 288Â 731,1.0,-1.0,-1.0,1651975,3.0,7,,0.0,2.0,8.0,A01,138Â 288Â 731,1.0
967974,201900009505,8,31,17:15,1,1,3,2.0,3.0,22246,Jamet,M,"48,4749513"," -2,6053700",22,2019,50.0,1.0,2.0,4.0,2163636,1.0,1,1,1,5.0,,0.0,0,1948.0,A01,138Â 288Â 731,1.0,-1.0,-1.0,1651974,3.0,7,,0.0,2.0,1.0,B01,138Â 288Â 730,1.0
967974,201900009505,8,31,17:15,1,1,3,2.0,3.0,22246,Jamet,M,"48,4749513"," -2,6053700",22,2019,50.0,1.0,2.0,4.0,2163636,1.0,1,1,1,5.0,,0.0,0,1948.0,A01,138Â 288Â 731,1.0,-1.0,-1.0,1651975,3.0,7,,0.0,2.0,8.0,A01,138Â 288Â 731,1.0
967975,201900009506,9,17,16:00,1,1,2,1.0,1.0,80685,D1017 / D1930,M,"49,7022230","2,8084190",80,2019,80.0,1.0,1.0,3.0,2163637,1.0,1,1,1,1.0,,0.0,0,1971.0,B01,138Â 288Â 728,1.0,-1.0,-1.0,1651976,2.0,7,,0.0,2.0,2.0,B01,138Â 288Â 728,1.0
967975,201900009506,9,17,16:00,1,1,2,1.0,1.0,80685,D1017 / D1930,M,"49,7022230","2,8084190",80,2019,80.0,1.0,1.0,3.0,2163637,1.0,1,1,1,1.0,,0.0,0,1971.0,B01,138Â 288Â 728,1.0,-1.0,-1.0,1651977,2.0,33,,0.0,2.0,1.0,A01,138Â 288Â 729,1.0
967975,201900009506,9,17,16:00,1,1,2,1.0,1.0,80685,D1017 / D1930,M,"49,7022230","2,8084190",80,2019,80.0,1.0,1.0,3.0,2163638,1.0,1,4,1,0.0,,0.0,0,1991.0,A01,138Â 288Â 729,2.0,6.0,9.0,1651976,2.0,7,,0.0,2.0,2.0,B01,138Â 288Â 728,1.0
967975,201900009506,9,17,16:00,1,1,2,1.0,1.0,80685,D1017 / D1930,M,"49,7022230","2,8084190",80,2019,80.0,1.0,1.0,3.0,2163638,1.0,1,4,1,0.0,,0.0,0,1991.0,A01,138Â 288Â 729,2.0,6.0,9.0,1651977,2.0,33,,0.0,2.0,1.0,A01,138Â 288Â 729,1.0
967976,201900009507,9,16,09:15,1,1,1,1.0,4.0,13015,A51-Sens Marseille vers Aix en Provence,M,"43,4899600","5,4075900",13,2019,90.0,1.0,1.0,1.0,2163639,1.0,1,1,1,5.0,,-1.0,0,1960.0,A01,138Â 288Â 723,1.0,8.0,-1.0,1651978,1.0,10,,0.0,2.0,2.0,A01,138Â 288Â 723,1.0
967976,201900009507,9,16,09:15,1,1,1,1.0,4.0,13015,A51-Sens Marseille vers Aix en Provence,M,"43,4899600","5,4075900",13,2019,90.0,1.0,1.0,1.0,2163639,1.0,1,1,1,5.0,,-1.0,0,1960.0,A01,138Â 288Â 723,1.0,8.0,-1.0,1651979,1.0,7,,0.0,2.0,4.0,B01,138Â 288Â 724,1.0
967976,201900009507,9,16,09:15,1,1,1,1.0,4.0,13015,A51-Sens Marseille vers Aix en Provence,M,"43,4899600","5,4075900",13,2019,90.0,1.0,1.0,1.0,2163639,1.0,1,1,1,5.0,,-1.0,0,1960.0,A01,138Â 288Â 723,1.0,8.0,-1.0,1651980,1.0,10,,0.0,2.0,4.0,C01,138Â 288Â 725,1.0
967976,201900009507,9,16,09:15,1,1,1,1.0,4.0,13015,A51-Sens Marseille vers Aix en Provence,M,"43,4899600","5,4075900",13,2019,90.0,1.0,1.0,1.0,2163639,1.0,1,1,1,5.0,,-1.0,0,1960.0,A01,138Â 288Â 723,1.0,8.0,-1.0,1651981,1.0,7,,0.0,2.0,4.0,D01,138Â 288Â 726,1.0
967976,201900009507,9,16,09:15,1,1,1,1.0,4.0,13015,A51-Sens Marseille vers Aix en Provence,M,"43,4899600","5,4075900",13,2019,90.0,1.0,1.0,1.0,2163639,1.0,1,1,1,5.0,,-1.0,0,1960.0,A01,138Â 288Â 723,1.0,8.0,-1.0,1651982,1.0,10,,0.0,0.0,0.0,E01,138Â 288Â 727,1.0
967976,201900009507,9,16,09:15,1,1,1,1.0,4.0,13015,A51-Sens Marseille vers Aix en Provence,M,"43,4899600","5,4075900",13,2019,90.0,1.0,1.0,1.0,2163640,1.0,1,4,1,4.0,,-1.0,0,1974.0,B01,138Â 288Â 724,1.0,0.0,-1.0,1651978,1.0,10,,0.0,2.0,2.0,A01,138Â 288Â 723,1.0
967976,201900009507,9,16,09:15,1,1,1,1.0,4.0,13015,A51-Sens Marseille vers Aix en Provence,M,"43,4899600","5,4075900",13,2019,90.0,1.0,1.0,1.0,2163640,1.0,1,4,1,4.0,,-1.0,0,1974.0,B01,138Â 288Â 724,1.0,0.0,-1.0,1651979,1.0,7,,0.0,2.0,4.0,B01,138Â 288Â 724,1.0
967976,201900009507,9,16,09:15,1,1,1,1.0,4.0,13015,A51-Sens Marseille vers Aix en Provence,M,"43,4899600","5,4075900",13,2019,90.0,1.0,1.0,1.0,2163640,1.0,1,4,1,4.0,,-1.0,0,1974.0,B01,138Â 288Â 724,1.0,0.0,-1.0,1651980,1.0,10,,0.0,2.0,4.0,C01,138Â 288Â 725,1.0
967976,201900009507,9,16,09:15,1,1,1,1.0,4.0,13015,A51-Sens Marseille vers Aix en Provence,M,"43,4899600","5,4075900",13,2019,90.0,1.0,1.0,1.0,2163640,1.0,1,4,1,4.0,,-1.0,0,1974.0,B01,138Â 288Â 724,1.0,0.0,-1.0,1651981,1.0,7,,0.0,2.0,4.0,D01,138Â 288Â 726,1.0
967976,201900009507,9,16,09:15,1,1,1,1.0,4.0,13015,A51-Sens Marseille vers Aix en Provence,M,"43,4899600","5,4075900",13,2019,90.0,1.0,1.0,1.0,2163640,1.0,1,4,1,4.0,,-1.0,0,1974.0,B01,138Â 288Â 724,1.0,0.0,-1.0,1651982,1.0,10,,0.0,0.0,0.0,E01,138Â 288Â 727,1.0
967976,201900009507,9,16,09:15,1,1,1,1.0,4.0,13015,A51-Sens Marseille vers Aix en Provence,M,"43,4899600","5,4075900",13,2019,90.0,1.0,1.0,1.0,2163641,1.0,1,4,2,4.0,,-1.0,0,1999.0,C01,138Â 288Â 725,1.0,0.0,-1.0,1651978,1.0,10,,0.0,2.0,2.0,A01,138Â 288Â 723,1.0
967976,201900009507,9,16,09:15,1,1,1,1.0,4.0,13015,A51-Sens Marseille vers Aix en Provence,M,"43,4899600","5,4075900",13,2019,90.0,1.0,1.0,1.0,2163641,1.0,1,4,2,4.0,,-1.0,0,1999.0,C01,138Â 288Â 725,1.0,0.0,-1.0,1651979,1.0,7,,0.0,2.0,4.0,B01,138Â 288Â 724,1.0
967976,201900009507,9,16,09:15,1,1,1,1.0,4.0,13015,A51-Sens Marseille vers Aix en Provence,M,"43,4899600","5,4075900",13,2019,90.0,1.0,1.0,1.0,2163641,1.0,1,4,2,4.0,,-1.0,0,1999.0,C01,138Â 288Â 725,1.0,0.0,-1.0,1651980,1.0,10,,0.0,2.0,4.0,C01,138Â 288Â 725,1.0
967976,201900009507,9,16,09:15,1,1,1,1.0,4.0,13015,A51-Sens Marseille vers Aix en Provence,M,"43,4899600","5,4075900",13,2019,90.0,1.0,1.0,1.0,2163641,1.0,1,4,2,4.0,,-1.0,0,1999.0,C01,138Â 288Â 725,1.0,0.0,-1.0,1651981,1.0,7,,0.0,2.0,4.0,D01,138Â 288Â 726,1.0
967976,201900009507,9,16,09:15,1,1,1,1.0,4.0,13015,A51-Sens Marseille vers Aix en Provence,M,"43,4899600","5,4075900",13,2019,90.0,1.0,1.0,1.0,2163641,1.0,1,4,2,4.0,,-1.0,0,1999.0,C01,138Â 288Â 725,1.0,0.0,-1.0,1651982,1.0,10,,0.0,0.0,0.0,E01,138Â 288Â 727,1.0
967976,201900009507,9,16,09:15,1,1,1,1.0,4.0,13015,A51-Sens Marseille vers Aix en Provence,M,"43,4899600","5,4075900",13,2019,90.0,1.0,1.0,1.0,2163642,1.0,1,1,2,4.0,,-1.0,0,1998.0,D01,138Â 288Â 726,1.0,0.0,-1.0,1651978,1.0,10,,0.0,2.0,2.0,A01,138Â 288Â 723,1.0
967976,201900009507,9,16,09:15,1,1,1,1.0,4.0,13015,A51-Sens Marseille vers Aix en Provence,M,"43,4899600","5,4075900",13,2019,90.0,1.0,1.0,1.0,2163642,1.0,1,1,2,4.0,,-1.0,0,1998.0,D01,138Â 288Â 726,1.0,0.0,-1.0,1651979,1.0,7,,0.0,2.0,4.0,B01,138Â 288Â 724,1.0
967976,201900009507,9,16,09:15,1,1,1,1.0,4.0,13015,A51-Sens Marseille vers Aix en Provence,M,"43,4899600","5,4075900",13,2019,90.0,1.0,1.0,1.0,2163642,1.0,1,1,2,4.0,,-1.0,0,1998.0,D01,138Â 288Â 726,1.0,0.0,-1.0,1651980,1.0,10,,0.0,2.0,4.0,C01,138Â 288Â 725,1.0
967976,201900009507,9,16,09:15,1,1,1,1.0,4.0,13015,A51-Sens Marseille vers Aix en Provence,M,"43,4899600","5,4075900",13,2019,90.0,1.0,1.0,1.0,2163642,1.0,1,1,2,4.0,,-1.0,0,1998.0,D01,138Â 288Â 726,1.0,0.0,-1.0,1651981,1.0,7,,0.0,2.0,4.0,D01,138Â 288Â 726,1.0
967976,201900009507,9,16,09:15,1,1,1,1.0,4.0,13015,A51-Sens Marseille vers Aix en Provence,M,"43,4899600","5,4075900",13,2019,90.0,1.0,1.0,1.0,2163642,1.0,1,1,2,4.0,,-1.0,0,1998.0,D01,138Â 288Â 726,1.0,0.0,-1.0,1651982,1.0,10,,0.0,0.0,0.0,E01,138Â 288Â 727,1.0
967976,201900009507,9,16,09:15,1,1,1,1.0,4.0,13015,A51-Sens Marseille vers Aix en Provence,M,"43,4899600","5,4075900",13,2019,90.0,1.0,1.0,1.0,2163643,1.0,1,1,1,4.0,,-1.0,0,1960.0,E01,138Â 288Â 727,1.0,0.0,-1.0,1651978,1.0,10,,0.0,2.0,2.0,A01,138Â 288Â 723,1.0
967976,201900009507,9,16,09:15,1,1,1,1.0,4.0,13015,A51-Sens Marseille vers Aix en Provence,M,"43,4899600","5,4075900",13,2019,90.0,1.0,1.0,1.0,2163643,1.0,1,1,1,4.0,,-1.0,0,1960.0,E01,138Â 288Â 727,1.0,0.0,-1.0,1651979,1.0,7,,0.0,2.0,4.0,B01,138Â 288Â 724,1.0
967976,201900009507,9,16,09:15,1,1,1,1.0,4.0,13015,A51-Sens Marseille vers Aix en Provence,M,"43,4899600","5,4075900",13,2019,90.0,1.0,1.0,1.0,2163643,1.0,1,1,1,4.0,,-1.0,0,1960.0,E01,138Â 288Â 727,1.0,0.0,-1.0,1651980,1.0,10,,0.0,2.0,4.0,C01,138Â 288Â 725,1.0
967976,201900009507,9,16,09:15,1,1,1,1.0,4.0,13015,A51-Sens Marseille vers Aix en Provence,M,"43,4899600","5,4075900",13,2019,90.0,1.0,1.0,1.0,2163643,1.0,1,1,1,4.0,,-1.0,0,1960.0,E01,138Â 288Â 727,1.0,0.0,-1.0,1651981,1.0,7,,0.0,2.0,4.0,D01,138Â 288Â 726,1.0
967976,201900009507,9,16,09:15,1,1,1,1.0,4.0,13015,A51-Sens Marseille vers Aix en Provence,M,"43,4899600","5,4075900",13,2019,90.0,1.0,1.0,1.0,2163643,1.0,1,1,1,4.0,,-1.0,0,1960.0,E01,138Â 288Â 727,1.0,0.0,-1.0,1651982,1.0,10,,0.0,0.0,0.0,E01,138Â 288Â 727,1.0
967977,201900009508,9,7,06:00,3,1,1,8.0,6.0,62498,AUTOROUTE A21,M,"50,4337690","2,8485060",62,2019,90.0,1.0,2.0,1.0,2163644,1.0,1,3,1,1.0,,-1.0, -1,1997.0,A01,138Â 288Â 722,1.0,4.0,-1.0,1651983,1.0,7,,3.0,0.0,7.0,A01,138Â 288Â 722,0.0
967978,201900009509,9,5,07:45,1,1,1,1.0,7.0,59278,ROUTE NATIONALE 41,M,"50,6000000","2,9400000",59,2019,110.0,3.0,1.0,2.0,2163645,1.0,1,4,1,1.0,,-1.0, -1,1978.0,A01,138Â 288Â 721,2.0,7.0,-1.0,1651984,1.0,33,,0.0,0.0,8.0,A01,138Â 288Â 721,0.0
967979,201900009510,8,28,16:30,1,1,1,1.0,7.0,59143,AUTOROUTE A25,M,"50,6568441","2,9043013",59,2019,50.0,3.0,1.0,1.0,2163646,1.0,1,4,1,5.0,,-1.0, -1,1986.0,A01,138Â 288Â 720,2.0,6.0,-1.0,1651985,2.0,31,,0.0,0.0,0.0,A01,138Â 288Â 720,0.0
967980,201900009511,9,16,15:20,1,1,1,1.0,5.0,91570,RN 104,M,"48,6264000","2,3089000",91,2019,90.0,1.0,1.0,2.0,2163647,1.0,1,4,2,0.0,,0.0,0,1991.0,A01,138Â 288Â 717,1.0,8.0,-1.0,1651986,1.0,7,,0.0,2.0,3.0,A01,138Â 288Â 717,1.0
967980,201900009511,9,16,15:20,1,1,1,1.0,5.0,91570,RN 104,M,"48,6264000","2,3089000",91,2019,90.0,1.0,1.0,2.0,2163647,1.0,1,4,2,0.0,,0.0,0,1991.0,A01,138Â 288Â 717,1.0,8.0,-1.0,1651987,1.0,7,,0.0,2.0,4.0,B01,138Â 288Â 718,1.0
967980,201900009511,9,16,15:20,1,1,1,1.0,5.0,91570,RN 104,M,"48,6264000","2,3089000",91,2019,90.0,1.0,1.0,2.0,2163647,1.0,1,4,2,0.0,,0.0,0,1991.0,A01,138Â 288Â 717,1.0,8.0,-1.0,1651988,1.0,7,,0.0,2.0,1.0,C01,138Â 288Â 719,1.0
967980,201900009511,9,16,15:20,1,1,1,1.0,5.0,91570,RN 104,M,"48,6264000","2,3089000",91,2019,90.0,1.0,1.0,2.0,2163648,1.0,1,4,1,0.0,,0.0,0,1998.0,B01,138Â 288Â 718,1.0,0.0,-1.0,1651986,1.0,7,,0.0,2.0,3.0,A01,138Â 288Â 717,1.0
967980,201900009511,9,16,15:20,1,1,1,1.0,5.0,91570,RN 104,M,"48,6264000","2,3089000",91,2019,90.0,1.0,1.0,2.0,2163648,1.0,1,4,1,0.0,,0.0,0,1998.0,B01,138Â 288Â 718,1.0,0.0,-1.0,1651987,1.0,7,,0.0,2.0,4.0,B01,138Â 288Â 718,1.0
967980,201900009511,9,16,15:20,1,1,1,1.0,5.0,91570,RN 104,M,"48,6264000","2,3089000",91,2019,90.0,1.0,1.0,2.0,2163648,1.0,1,4,1,0.0,,0.0,0,1998.0,B01,138Â 288Â 718,1.0,0.0,-1.0,1651988,1.0,7,,0.0,2.0,1.0,C01,138Â 288Â 719,1.0
967980,201900009511,9,16,15:20,1,1,1,1.0,5.0,91570,RN 104,M,"48,6264000","2,3089000",91,2019,90.0,1.0,1.0,2.0,2163649,1.0,1,4,1,0.0,,0.0,0,1992.0,C01,138Â 288Â 719,1.0,8.0,-1.0,1651986,1.0,7,,0.0,2.0,3.0,A01,138Â 288Â 717,1.0
967980,201900009511,9,16,15:20,1,1,1,1.0,5.0,91570,RN 104,M,"48,6264000","2,3089000",91,2019,90.0,1.0,1.0,2.0,2163649,1.0,1,4,1,0.0,,0.0,0,1992.0,C01,138Â 288Â 719,1.0,8.0,-1.0,1651987,1.0,7,,0.0,2.0,4.0,B01,138Â 288Â 718,1.0
967980,201900009511,9,16,15:20,1,1,1,1.0,5.0,91570,RN 104,M,"48,6264000","2,3089000",91,2019,90.0,1.0,1.0,2.0,2163649,1.0,1,4,1,0.0,,0.0,0,1992.0,C01,138Â 288Â 719,1.0,8.0,-1.0,1651988,1.0,7,,0.0,2.0,1.0,C01,138Â 288Â 719,1.0
967981,201900009512,9,15,19:10,1,1,1,1.0,7.0,91687,AUTOROUTE A6,M,"48,6651100","2,3634500",91,2019,70.0,1.0,8.0,1.0,2163650,1.0,1,4,1,1.0,,0.0,0,1988.0,A01,138Â 288Â 716,2.0,6.0,-1.0,1651989,1.0,33,,0.0,0.0,0.0,A01,138Â 288Â 716,1.0
967982,201900009513,9,16,17:10,1,1,9,1.0,3.0,92050,A86,M,"48,9023306","2,2039946",92,2019,50.0,1.0,1.0,1.0,2163651,1.0,1,1,1,0.0,,-1.0,0,1958.0,B01,138Â 288Â 714,1.0,8.0,-1.0,1651990,2.0,7,,0.0,2.0,3.0,B01,138Â 288Â 714,1.0
967982,201900009513,9,16,17:10,1,1,9,1.0,3.0,92050,A86,M,"48,9023306","2,2039946",92,2019,50.0,1.0,1.0,1.0,2163651,1.0,1,1,1,0.0,,-1.0,0,1958.0,B01,138Â 288Â 714,1.0,8.0,-1.0,1651991,2.0,7,,0.0,2.0,2.0,A01,138Â 288Â 715,1.0
967982,201900009513,9,16,17:10,1,1,9,1.0,3.0,92050,A86,M,"48,9023306","2,2039946",92,2019,50.0,1.0,1.0,1.0,2163652,2.0,2,4,2,5.0,,-1.0,0,1940.0,A01,138Â 288Â 715,1.0,8.0,-1.0,1651990,2.0,7,,0.0,2.0,3.0,B01,138Â 288Â 714,1.0