Unnamed: 0_x,num_acc,mois,jour,hrmn,lum,agg,int,atm,col,com,adr,gps,lat,long,dep,annee,vma,situ,surf,catr,Unnamed: 0_y,place,catu,grav,sexe,trajet,secu,locp,actp,an_nais,num_veh_x,id_vehicule_x,secu1,secu2,secu3,Unnamed: 0,senc,catv,occutc,obs,obsm,choc,num_veh_y,id_vehicule_y,motor
967982,201900009513,9,16,17:10,1,1,9,1.0,3.0,92050,A86,M,"48,9023306","2,2039946",92,2019,50.0,1.0,1.0,1.0,2163652,2.0,2,4,2,5.0,,-1.0,0,1940.0,A01,138Â 288Â 715,1.0,8.0,-1.0,1651991,2.0,7,,0.0,2.0,2.0,A01,138Â 288Â 715,1.0
967982,201900009513,9,16,17:10,1,1,9,1.0,3.0,92050,A86,M,"48,9023306","2,2039946",92,2019,50.0,1.0,1.0,1.0,2163653,4.0,2,2,2,5.0,,-1.0,0,1941.0,A01,138Â 288Â 715,1.0,8.0,-1.0,1651990,2.0,7,,0.0,2.0,3.0,B01,138Â 288Â 714,1.0
967982,201900009513,9,16,17:10,1,1,9,1.0,3.0,92050,A86,M,"48,9023306","2,2039946",92,2019,50.0,1.0,1.0,1.0,2163653,4.0,2,2,2,5.0,,-1.0,0,1941.0,A01,138Â 288Â 715,1.0,8.0,-1.0,1651991,2.0,7,,0.0,2.0,2.0,A01,138Â 288Â 715,1.0
967982,201900009513,9,16,17:10,1,1,9,1.0,3.0,92050,A86,M,"48,9023306","2,2039946",92,2019,50.0,1.0,1.0,1.0,2163654,1.0,1,4,2,5.0,,-1.0,0,1933.0,A01,138Â 288Â 715,1.0,8.0,-1.0,1651990,2.0,7,,0.0,2.0,3.0,B01,138Â 288Â 714,1.0
967982,201900009513,9,16,17:10,1,1,9,1.0,3.0,92050,A86,M,"48,9023306","2,2039946",92,2019,50.0,1.0,1.0,1.0,2163654,1.0,1,4,2,5.0,,-1.0,0,1933.0,A01,138Â 288Â 715,1.0,8.0,-1.0,1651991,2.0,7,,0.0,2.0,2.0,A01,138Â 288Â 715,1.0
967983,201900009514,9,15,19:16,1,1,1,1.0,4.0,78043,A12 W,M,"48,8359120","2,0883830",78,2019,90.0,1.0,1.0,1.0,2163655,1.0,1,4,2,1.0,,-1.0, -1,1994.0,C01,138Â 288Â 711,1.0,4.0,-1.0,1651992,2.0,7,,0.0,2.0,4.0,C01,138Â 288Â 711,1.0
967983,201900009514,9,15,19:16,1,1,1,1.0,4.0,78043,A12 W,M,"48,8359120","2,0883830",78,2019,90.0,1.0,1.0,1.0,2163655,1.0,1,4,2,1.0,,-1.0, -1,1994.0,C01,138Â 288Â 711,1.0,4.0,-1.0,1651993,2.0,7,,0.0,2.0,9.0,B01,138Â 288Â 712,1.0
967983,201900009514,9,15,19:16,1,1,1,1.0,4.0,78043,A12 W,M,"48,8359120","2,0883830",78,2019,90.0,1.0,1.0,1.0,2163655,1.0,1,4,2,1.0,,-1.0, -1,1994.0,C01,138Â 288Â 711,1.0,4.0,-1.0,1651994,2.0,7,,0.0,2.0,1.0,A01,138Â 288Â 713,1.0
967983,201900009514,9,15,19:16,1,1,1,1.0,4.0,78043,A12 W,M,"48,8359120","2,0883830",78,2019,90.0,1.0,1.0,1.0,2163656,1.0,1,4,2,1.0,,-1.0, -1,1970.0,B01,138Â 288Â 712,1.0,4.0,-1.0,1651992,2.0,7,,0.0,2.0,4.0,C01,138Â 288Â 711,1.0
967983,201900009514,9,15,19:16,1,1,1,1.0,4.0,78043,A12 W,M,"48,8359120","2,0883830",78,2019,90.0,1.0,1.0,1.0,2163656,1.0,1,4,2,1.0,,-1.0, -1,1970.0,B01,138Â 288Â 712,1.0,4.0,-1.0,1651993,2.0,7,,0.0,2.0,9.0,B01,138Â 288Â 712,1.0
967983,201900009514,9,15,19:16,1,1,1,1.0,4.0,78043,A12 W,M,"48,8359120","2,0883830",78,2019,90.0,1.0,1.0,1.0,2163656,1.0,1,4,2,1.0,,-1.0, -1,1970.0,B01,138Â 288Â 712,1.0,4.0,-1.0,1651994,2.0,7,,0.0,2.0,1.0,A01,138Â 288Â 713,1.0
967983,201900009514,9,15,19:16,1,1,1,1.0,4.0,78043,A12 W,M,"48,8359120","2,0883830",78,2019,90.0,1.0,1.0,1.0,2163657,1.0,1,1,2,1.0,,-1.0, -1,1996.0,A01,138Â 288Â 713,1.0,4.0,-1.0,1651992,2.0,7,,0.0,2.0,4.0,C01,138Â 288Â 711,1.0
967983,201900009514,9,15,19:16,1,1,1,1.0,4.0,78043,A12 W,M,"48,8359120","2,0883830",78,2019,90.0,1.0,1.0,1.0,2163657,1.0,1,1,2,1.0,,-1.0, -1,1996.0,A01,138Â 288Â 713,1.0,4.0,-1.0,1651993,2.0,7,,0.0,2.0,9.0,B01,138Â 288Â 712,1.0
967983,201900009514,9,15,19:16,1,1,1,1.0,4.0,78043,A12 W,M,"48,8359120","2,0883830",78,2019,90.0,1.0,1.0,1.0,2163657,1.0,1,1,2,1.0,,-1.0, -1,1996.0,A01,138Â 288Â 713,1.0,4.0,-1.0,1651994,2.0,7,,0.0,2.0,1.0,A01,138Â 288Â 713,1.0
967984,201900009515,9,15,18:15,1,1,1,1.0,2.0,78640,A86 INT,M,"48,7773160","2,2237320",78,2019,90.0,1.0,1.0,1.0,2163658,1.0,1,4,1,9.0,,-1.0, -1,1961.0,B01,138Â 288Â 709,1.0,8.0,-1.0,1651995,1.0,7,,0.0,2.0,5.0,B01,138Â 288Â 709,1.0
967984,201900009515,9,15,18:15,1,1,1,1.0,2.0,78640,A86 INT,M,"48,7773160","2,2237320",78,2019,90.0,1.0,1.0,1.0,2163658,1.0,1,4,1,9.0,,-1.0, -1,1961.0,B01,138Â 288Â 709,1.0,8.0,-1.0,1651996,2.0,7,,0.0,2.0,1.0,A01,138Â 288Â 710,1.0
967984,201900009515,9,15,18:15,1,1,1,1.0,2.0,78640,A86 INT,M,"48,7773160","2,2237320",78,2019,90.0,1.0,1.0,1.0,2163659,1.0,1,1,1,5.0,,-1.0, -1,1937.0,A01,138Â 288Â 710,1.0,8.0,-1.0,1651995,1.0,7,,0.0,2.0,5.0,B01,138Â 288Â 709,1.0
967984,201900009515,9,15,18:15,1,1,1,1.0,2.0,78640,A86 INT,M,"48,7773160","2,2237320",78,2019,90.0,1.0,1.0,1.0,2163659,1.0,1,1,1,5.0,,-1.0, -1,1937.0,A01,138Â 288Â 710,1.0,8.0,-1.0,1651996,2.0,7,,0.0,2.0,1.0,A01,138Â 288Â 710,1.0
967985,201900009516,9,15,16:14,1,1,1,1.0,4.0,78640,A86 EXT,M,"48,7779300","2,2146100",78,2019,110.0,1.0,1.0,1.0,2163660,1.0,1,4,2,5.0,,-1.0, -1,1935.0,A01,138Â 288Â 706,1.0,0.0,-1.0,1651997,2.0,7,,0.0,2.0,1.0,A01,138Â 288Â 706,0.0
967985,201900009516,9,15,16:14,1,1,1,1.0,4.0,78640,A86 EXT,M,"48,7779300","2,2146100",78,2019,110.0,1.0,1.0,1.0,2163660,1.0,1,4,2,5.0,,-1.0, -1,1935.0,A01,138Â 288Â 706,1.0,0.0,-1.0,1651998,2.0,7,,0.0,2.0,4.0,B01,138Â 288Â 707,0.0
967985,201900009516,9,15,16:14,1,1,1,1.0,4.0,78640,A86 EXT,M,"48,7779300","2,2146100",78,2019,110.0,1.0,1.0,1.0,2163660,1.0,1,4,2,5.0,,-1.0, -1,1935.0,A01,138Â 288Â 706,1.0,0.0,-1.0,1651999,2.0,7,,0.0,2.0,4.0,C01,138Â 288Â 708,0.0
967985,201900009516,9,15,16:14,1,1,1,1.0,4.0,78640,A86 EXT,M,"48,7779300","2,2146100",78,2019,110.0,1.0,1.0,1.0,2163661,1.0,1,1,1,5.0,,-1.0, -1,1967.0,B01,138Â 288Â 707,1.0,4.0,-1.0,1651997,2.0,7,,0.0,2.0,1.0,A01,138Â 288Â 706,0.0
967985,201900009516,9,15,16:14,1,1,1,1.0,4.0,78640,A86 EXT,M,"48,7779300","2,2146100",78,2019,110.0,1.0,1.0,1.0,2163661,1.0,1,1,1,5.0,,-1.0, -1,1967.0,B01,138Â 288Â 707,1.0,4.0,-1.0,1651998,2.0,7,,0.0,2.0,4.0,B01,138Â 288Â 707,0.0
967985,201900009516,9,15,16:14,1,1,1,1.0,4.0,78640,A86 EXT,M,"48,7779300","2,2146100",78,2019,110.0,1.0,1.0,1.0,2163661,1.0,1,1,1,5.0,,-1.0, -1,1967.0,B01,138Â 288Â 707,1.0,4.0,-1.0,1651999,2.0,7,,0.0,2.0,4.0,C01,138Â 288Â 708,0.0
967985,201900009516,9,15,16:14,1,1,1,1.0,4.0,78640,A86 EXT,M,"48,7779300","2,2146100",78,2019,110.0,1.0,1.0,1.0,2163662,1.0,1,1,1,5.0,,-1.0, -1,1994.0,C01,138Â 288Â 708,1.0,0.0,-1.0,1651997,2.0,7,,0.0,2.0,1.0,A01,138Â 288Â 706,0.0
967985,201900009516,9,15,16:14,1,1,1,1.0,4.0,78640,A86 EXT,M,"48,7779300","2,2146100",78,2019,110.0,1.0,1.0,1.0,2163662,1.0,1,1,1,5.0,,-1.0, -1,1994.0,C01,138Â 288Â 708,1.0,0.0,-1.0,1651998,2.0,7,,0.0,2.0,4.0,B01,138Â 288Â 707,0.0
967985,201900009516,9,15,16:14,1,1,1,1.0,4.0,78640,A86 EXT,M,"48,7779300","2,2146100",78,2019,110.0,1.0,1.0,1.0,2163662,1.0,1,1,1,5.0,,-1.0, -1,1994.0,C01,138Â 288Â 708,1.0,0.0,-1.0,1651999,2.0,7,,0.0,2.0,4.0,C01,138Â 288Â 708,0.0
967986,201900009517,9,16,07:30,1,1,1,1.0,2.0,94046,A86 EXT,M,"48,7990300","2,4455500",94,2019,90.0,1.0,1.0,1.0,2163663,1.0,1,4,2,1.0,,-1.0,0,1988.0,B01,138Â 288Â 702,1.0,8.0,-1.0,1652000,2.0,7,,0.0,2.0,1.0,B01,138Â 288Â 702,1.0
967986,201900009517,9,16,07:30,1,1,1,1.0,2.0,94046,A86 EXT,M,"48,7990300","2,4455500",94,2019,90.0,1.0,1.0,1.0,2163663,1.0,1,4,2,1.0,,-1.0,0,1988.0,B01,138Â 288Â 702,1.0,8.0,-1.0,1652001,2.0,7,,0.0,0.0,4.0,A01,138Â 288Â 703,1.0
967986,201900009517,9,16,07:30,1,1,1,1.0,2.0,94046,A86 EXT,M,"48,7990300","2,4455500",94,2019,90.0,1.0,1.0,1.0,2163664,1.0,1,4,1,4.0,,-1.0,0,1973.0,A01,138Â 288Â 703,1.0,8.0,-1.0,1652000,2.0,7,,0.0,2.0,1.0,B01,138Â 288Â 702,1.0
967986,201900009517,9,16,07:30,1,1,1,1.0,2.0,94046,A86 EXT,M,"48,7990300","2,4455500",94,2019,90.0,1.0,1.0,1.0,2163664,1.0,1,4,1,4.0,,-1.0,0,1973.0,A01,138Â 288Â 703,1.0,8.0,-1.0,1652001,2.0,7,,0.0,0.0,4.0,A01,138Â 288Â 703,1.0
967987,201900009518,9,15,21:10,3,1,1,1.0,3.0,77449,A4,M,"48,8332410","2,7916320",77,2019,130.0,1.0,1.0,1.0,2163665,3.0,2,1,1,5.0,,-1.0,0,2011.0,B01,138Â 288Â 700,1.0,0.0,-1.0,1652002,2.0,10,,0.0,2.0,4.0,B01,138Â 288Â 700,1.0
967987,201900009518,9,15,21:10,3,1,1,1.0,3.0,77449,A4,M,"48,8332410","2,7916320",77,2019,130.0,1.0,1.0,1.0,2163665,3.0,2,1,1,5.0,,-1.0,0,2011.0,B01,138Â 288Â 700,1.0,0.0,-1.0,1652003,2.0,33,,0.0,2.0,1.0,A01,138Â 288Â 701,1.0
967987,201900009518,9,15,21:10,3,1,1,1.0,3.0,77449,A4,M,"48,8332410","2,7916320",77,2019,130.0,1.0,1.0,1.0,2163666,4.0,2,1,2,5.0,,-1.0,0,2010.0,B01,138Â 288Â 700,1.0,0.0,-1.0,1652002,2.0,10,,0.0,2.0,4.0,B01,138Â 288Â 700,1.0
967987,201900009518,9,15,21:10,3,1,1,1.0,3.0,77449,A4,M,"48,8332410","2,7916320",77,2019,130.0,1.0,1.0,1.0,2163666,4.0,2,1,2,5.0,,-1.0,0,2010.0,B01,138Â 288Â 700,1.0,0.0,-1.0,1652003,2.0,33,,0.0,2.0,1.0,A01,138Â 288Â 701,1.0
967987,201900009518,9,15,21:10,3,1,1,1.0,3.0,77449,A4,M,"48,8332410","2,7916320",77,2019,130.0,1.0,1.0,1.0,2163667,2.0,2,1,2,5.0,,-1.0,0,1986.0,B01,138Â 288Â 700,1.0,0.0,-1.0,1652002,2.0,10,,0.0,2.0,4.0,B01,138Â 288Â 700,1.0
967987,201900009518,9,15,21:10,3,1,1,1.0,3.0,77449,A4,M,"48,8332410","2,7916320",77,2019,130.0,1.0,1.0,1.0,2163667,2.0,2,1,2,5.0,,-1.0,0,1986.0,B01,138Â 288Â 700,1.0,0.0,-1.0,1652003,2.0,33,,0.0,2.0,1.0,A01,138Â 288Â 701,1.0
967987,201900009518,9,15,21:10,3,1,1,1.0,3.0,77449,A4,M,"48,8332410","2,7916320",77,2019,130.0,1.0,1.0,1.0,2163668,1.0,1,1,1,5.0,,-1.0,0,1985.0,B01,138Â 288Â 700,1.0,0.0,-1.0,1652002,2.0,10,,0.0,2.0,4.0,B01,138Â 288Â 700,1.0
967987,201900009518,9,15,21:10,3,1,1,1.0,3.0,77449,A4,M,"48,8332410","2,7916320",77,2019,130.0,1.0,1.0,1.0,2163668,1.0,1,1,1,5.0,,-1.0,0,1985.0,B01,138Â 288Â 700,1.0,0.0,-1.0,1652003,2.0,33,,0.0,2.0,1.0,A01,138Â 288Â 701,1.0
967987,201900009518,9,15,21:10,3,1,1,1.0,3.0,77449,A4,M,"48,8332410","2,7916320",77,2019,130.0,1.0,1.0,1.0,2163669,2.0,2,4,2,5.0,,-1.0, -1,1981.0,A01,138Â 288Â 701,2.0,0.0,-1.0,1652002,2.0,10,,0.0,2.0,4.0,B01,138Â 288Â 700,1.0
967987,201900009518,9,15,21:10,3,1,1,1.0,3.0,77449,A4,M,"48,8332410","2,7916320",77,2019,130.0,1.0,1.0,1.0,2163669,2.0,2,4,2,5.0,,-1.0, -1,1981.0,A01,138Â 288Â 701,2.0,0.0,-1.0,1652003,2.0,33,,0.0,2.0,1.0,A01,138Â 288Â 701,1.0
967987,201900009518,9,15,21:10,3,1,1,1.0,3.0,77449,A4,M,"48,8332410","2,7916320",77,2019,130.0,1.0,1.0,1.0,2163670,1.0,1,4,1,5.0,,-1.0, -1,1974.0,A01,138Â 288Â 701,2.0,0.0,-1.0,1652002,2.0,10,,0.0,2.0,4.0,B01,138Â 288Â 700,1.0
967987,201900009518,9,15,21:10,3,1,1,1.0,3.0,77449,A4,M,"48,8332410","2,7916320",77,2019,130.0,1.0,1.0,1.0,2163670,1.0,1,4,1,5.0,,-1.0, -1,1974.0,A01,138Â 288Â 701,2.0,0.0,-1.0,1652003,2.0,33,,0.0,2.0,1.0,A01,138Â 288Â 701,1.0
967988,201900009519,9,15,09:50,1,2,1,1.0,2.0,97611,kaweni-Mangrove (route de la),M," -12,7759300","45,2256900",976,2019,50.0,1.0,1.0,2.0,2163671,2.0,2,4,1,0.0,,-1.0,0,1994.0,A01,138Â 288Â 698,2.0,8.0,-1.0,1652004,1.0,30,,0.0,2.0,1.0,A01,138Â 288Â 698,1.0
967988,201900009519,9,15,09:50,1,2,1,1.0,2.0,97611,kaweni-Mangrove (route de la),M," -12,7759300","45,2256900",976,2019,50.0,1.0,1.0,2.0,2163671,2.0,2,4,1,0.0,,-1.0,0,1994.0,A01,138Â 288Â 698,2.0,8.0,-1.0,1652005,1.0,7,,0.0,2.0,4.0,B01,138Â 288Â 699,1.0
967988,201900009519,9,15,09:50,1,2,1,1.0,2.0,97611,kaweni-Mangrove (route de la),M," -12,7759300","45,2256900",976,2019,50.0,1.0,1.0,2.0,2163672,1.0,1,4,1,0.0,,-1.0,0,1988.0,A01,138Â 288Â 698,2.0,8.0,-1.0,1652004,1.0,30,,0.0,2.0,1.0,A01,138Â 288Â 698,1.0
967988,201900009519,9,15,09:50,1,2,1,1.0,2.0,97611,kaweni-Mangrove (route de la),M," -12,7759300","45,2256900",976,2019,50.0,1.0,1.0,2.0,2163672,1.0,1,4,1,0.0,,-1.0,0,1988.0,A01,138Â 288Â 698,2.0,8.0,-1.0,1652005,1.0,7,,0.0,2.0,4.0,B01,138Â 288Â 699,1.0
967988,201900009519,9,15,09:50,1,2,1,1.0,2.0,97611,kaweni-Mangrove (route de la),M," -12,7759300","45,2256900",976,2019,50.0,1.0,1.0,2.0,2163673,1.0,1,1,1,0.0,,-1.0,0,1965.0,B01,138Â 288Â 699,1.0,0.0,-1.0,1652004,1.0,30,,0.0,2.0,1.0,A01,138Â 288Â 698,1.0
967988,201900009519,9,15,09:50,1,2,1,1.0,2.0,97611,kaweni-Mangrove (route de la),M," -12,7759300","45,2256900",976,2019,50.0,1.0,1.0,2.0,2163673,1.0,1,1,1,0.0,,-1.0,0,1965.0,B01,138Â 288Â 699,1.0,0.0,-1.0,1652005,1.0,7,,0.0,2.0,4.0,B01,138Â 288Â 699,1.0
967989,201900009520,9,15,14:00,1,2,2,1.0,1.0,69388,PAUL SANTY                          (AV),M,"45,7264900","4,8795600",69,2019,50.0,1.0,1.0,4.0,2163674,1.0,1,4,1,0.0,,-1.0,0,1988.0,A01,138Â 288Â 696,2.0,0.0,-1.0,1652006,1.0,32,,0.0,2.0,1.0,A01,138Â 288Â 696,1.0
967989,201900009520,9,15,14:00,1,2,2,1.0,1.0,69388,PAUL SANTY                          (AV),M,"45,7264900","4,8795600",69,2019,50.0,1.0,1.0,4.0,2163674,1.0,1,4,1,0.0,,-1.0,0,1988.0,A01,138Â 288Â 696,2.0,0.0,-1.0,1652007,2.0,7,,0.0,2.0,3.0,B01,138Â 288Â 697,2.0
967989,201900009520,9,15,14:00,1,2,2,1.0,1.0,69388,PAUL SANTY                          (AV),M,"45,7264900","4,8795600",69,2019,50.0,1.0,1.0,4.0,2163675,1.0,1,1,1,5.0,,-1.0,0,1963.0,B01,138Â 288Â 697,1.0,0.0,-1.0,1652006,1.0,32,,0.0,2.0,1.0,A01,138Â 288Â 696,1.0
967989,201900009520,9,15,14:00,1,2,2,1.0,1.0,69388,PAUL SANTY                          (AV),M,"45,7264900","4,8795600",69,2019,50.0,1.0,1.0,4.0,2163675,1.0,1,1,1,5.0,,-1.0,0,1963.0,B01,138Â 288Â 697,1.0,0.0,-1.0,1652007,2.0,7,,0.0,2.0,3.0,B01,138Â 288Â 697,2.0
967990,201900009521,9,15,04:08,5,2,2,1.0,3.0,69383,GARIBALDI                           (R ),M,"45,7620900","4,8518400",69,2019,50.0,1.0,1.0,4.0,2163676,1.0,1,1,1,0.0,,-1.0,0,1997.0,A01,138Â 288Â 694,8.0,0.0,-1.0,1652008,1.0,7,,0.0,2.0,1.0,A01,138Â 288Â 694,1.0
967990,201900009521,9,15,04:08,5,2,2,1.0,3.0,69383,GARIBALDI                           (R ),M,"45,7620900","4,8518400",69,2019,50.0,1.0,1.0,4.0,2163676,1.0,1,1,1,0.0,,-1.0,0,1997.0,A01,138Â 288Â 694,8.0,0.0,-1.0,1652009,1.0,7,,0.0,2.0,7.0,B01,138Â 288Â 695,1.0
967990,201900009521,9,15,04:08,5,2,2,1.0,3.0,69383,GARIBALDI                           (R ),M,"45,7620900","4,8518400",69,2019,50.0,1.0,1.0,4.0,2163677,2.0,2,1,1,0.0,,-1.0,0,1997.0,A01,138Â 288Â 694,8.0,0.0,-1.0,1652008,1.0,7,,0.0,2.0,1.0,A01,138Â 288Â 694,1.0
967990,201900009521,9,15,04:08,5,2,2,1.0,3.0,69383,GARIBALDI                           (R ),M,"45,7620900","4,8518400",69,2019,50.0,1.0,1.0,4.0,2163677,2.0,2,1,1,0.0,,-1.0,0,1997.0,A01,138Â 288Â 694,8.0,0.0,-1.0,1652009,1.0,7,,0.0,2.0,7.0,B01,138Â 288Â 695,1.0
967990,201900009521,9,15,04:08,5,2,2,1.0,3.0,69383,GARIBALDI                           (R ),M,"45,7620900","4,8518400",69,2019,50.0,1.0,1.0,4.0,2163678,4.0,2,1,1,0.0,,-1.0,0,1997.0,A01,138Â 288Â 694,8.0,0.0,-1.0,1652008,1.0,7,,0.0,2.0,1.0,A01,138Â 288Â 694,1.0
967990,201900009521,9,15,04:08,5,2,2,1.0,3.0,69383,GARIBALDI                           (R ),M,"45,7620900","4,8518400",69,2019,50.0,1.0,1.0,4.0,2163678,4.0,2,1,1,0.0,,-1.0,0,1997.0,A01,138Â 288Â 694,8.0,0.0,-1.0,1652009,1.0,7,,0.0,2.0,7.0,B01,138Â 288Â 695,1.0
967990,201900009521,9,15,04:08,5,2,2,1.0,3.0,69383,GARIBALDI                           (R ),M,"45,7620900","4,8518400",69,2019,50.0,1.0,1.0,4.0,2163679,3.0,2,1,1,0.0,,-1.0,0,1996.0,A01,138Â 288Â 694,8.0,0.0,-1.0,1652008,1.0,7,,0.0,2.0,1.0,A01,138Â 288Â 694,1.0
967990,201900009521,9,15,04:08,5,2,2,1.0,3.0,69383,GARIBALDI                           (R ),M,"45,7620900","4,8518400",69,2019,50.0,1.0,1.0,4.0,2163679,3.0,2,1,1,0.0,,-1.0,0,1996.0,A01,138Â 288Â 694,8.0,0.0,-1.0,1652009,1.0,7,,0.0,2.0,7.0,B01,138Â 288Â 695,1.0
967990,201900009521,9,15,04:08,5,2,2,1.0,3.0,69383,GARIBALDI                           (R ),M,"45,7620900","4,8518400",69,2019,50.0,1.0,1.0,4.0,2163680,2.0,2,3,1,0.0,,-1.0,0,1978.0,B01,138Â 288Â 695,8.0,0.0,-1.0,1652008,1.0,7,,0.0,2.0,1.0,A01,138Â 288Â 694,1.0
967990,201900009521,9,15,04:08,5,2,2,1.0,3.0,69383,GARIBALDI                           (R ),M,"45,7620900","4,8518400",69,2019,50.0,1.0,1.0,4.0,2163680,2.0,2,3,1,0.0,,-1.0,0,1978.0,B01,138Â 288Â 695,8.0,0.0,-1.0,1652009,1.0,7,,0.0,2.0,7.0,B01,138Â 288Â 695,1.0
967990,201900009521,9,15,04:08,5,2,2,1.0,3.0,69383,GARIBALDI                           (R ),M,"45,7620900","4,8518400",69,2019,50.0,1.0,1.0,4.0,2163681,3.0,2,3,1,0.0,,-1.0,0,1900.0,B01,138Â 288Â 695,8.0,0.0,-1.0,1652008,1.0,7,,0.0,2.0,1.0,A01,138Â 288Â 694,1.0
967990,201900009521,9,15,04:08,5,2,2,1.0,3.0,69383,GARIBALDI                           (R ),M,"45,7620900","4,8518400",69,2019,50.0,1.0,1.0,4.0,2163681,3.0,2,3,1,0.0,,-1.0,0,1900.0,B01,138Â 288Â 695,8.0,0.0,-1.0,1652009,1.0,7,,0.0,2.0,7.0,B01,138Â 288Â 695,1.0
967990,201900009521,9,15,04:08,5,2,2,1.0,3.0,69383,GARIBALDI                           (R ),M,"45,7620900","4,8518400",69,2019,50.0,1.0,1.0,4.0,2163682,1.0,1,3,2,0.0,,-1.0,0,1990.0,B01,138Â 288Â 695,8.0,0.0,-1.0,1652008,1.0,7,,0.0,2.0,1.0,A01,138Â 288Â 694,1.0
967990,201900009521,9,15,04:08,5,2,2,1.0,3.0,69383,GARIBALDI                           (R ),M,"45,7620900","4,8518400",69,2019,50.0,1.0,1.0,4.0,2163682,1.0,1,3,2,0.0,,-1.0,0,1990.0,B01,138Â 288Â 695,8.0,0.0,-1.0,1652009,1.0,7,,0.0,2.0,7.0,B01,138Â 288Â 695,1.0
967991,201900009522,9,11,01:05,5,2,1,1.0,6.0,69387,YVES FARGES                         (BD),M,"45,7429400","4,8338900",69,2019,50.0,1.0,1.0,4.0,2163683,10.0,3,4,1,0.0,,1.0,3,1985.0,A01,138Â 288Â 693,0.0,0.0,0.0,1652010,1.0,7,,0.0,1.0,3.0,A01,138Â 288Â 693,1.0
967992,201900009523,9,15,19:00,5,1,1,3.0,3.0,97209,CHATEAUBOEUF (ROUTE DE),M,"14,6260000"," -61,0404100",972,2019,70.0,3.0,2.0,2.0,2163684,1.0,1,4,1,5.0,,-1.0,0,1992.0,B01,138Â 288Â 691,2.0,6.0,-1.0,1652011,2.0,33,,0.0,2.0,2.0,B01,138Â 288Â 691,1.0
967992,201900009523,9,15,19:00,5,1,1,3.0,3.0,97209,CHATEAUBOEUF (ROUTE DE),M,"14,6260000"," -61,0404100",972,2019,70.0,3.0,2.0,2.0,2163684,1.0,1,4,1,5.0,,-1.0,0,1992.0,B01,138Â 288Â 691,2.0,6.0,-1.0,1652012,2.0,10,,0.0,2.0,3.0,A01,138Â 288Â 692,1.0
967992,201900009523,9,15,19:00,5,1,1,3.0,3.0,97209,CHATEAUBOEUF (ROUTE DE),M,"14,6260000"," -61,0404100",972,2019,70.0,3.0,2.0,2.0,2163685,2.0,2,4,1,0.0,,-1.0,0,1998.0,B01,138Â 288Â 691,2.0,0.0,-1.0,1652011,2.0,33,,0.0,2.0,2.0,B01,138Â 288Â 691,1.0
967992,201900009523,9,15,19:00,5,1,1,3.0,3.0,97209,CHATEAUBOEUF (ROUTE DE),M,"14,6260000"," -61,0404100",972,2019,70.0,3.0,2.0,2.0,2163685,2.0,2,4,1,0.0,,-1.0,0,1998.0,B01,138Â 288Â 691,2.0,0.0,-1.0,1652012,2.0,10,,0.0,2.0,3.0,A01,138Â 288Â 692,1.0
967992,201900009523,9,15,19:00,5,1,1,3.0,3.0,97209,CHATEAUBOEUF (ROUTE DE),M,"14,6260000"," -61,0404100",972,2019,70.0,3.0,2.0,2.0,2163686,1.0,1,1,1,9.0,,-1.0,0,1954.0,A01,138Â 288Â 692,1.0,8.0,-1.0,1652011,2.0,33,,0.0,2.0,2.0,B01,138Â 288Â 691,1.0
967992,201900009523,9,15,19:00,5,1,1,3.0,3.0,97209,CHATEAUBOEUF (ROUTE DE),M,"14,6260000"," -61,0404100",972,2019,70.0,3.0,2.0,2.0,2163686,1.0,1,1,1,9.0,,-1.0,0,1954.0,A01,138Â 288Â 692,1.0,8.0,-1.0,1652012,2.0,10,,0.0,2.0,3.0,A01,138Â 288Â 692,1.0
967993,201900009524,9,15,17:10,1,2,1,1.0,5.0,69389,DUCHERE (DE LA)                     (BD),M,"45,7769100","4,7949500",69,2019,50.0,1.0,1.0,4.0,2163687,1.0,1,4,1,5.0,,-1.0,0,2000.0,A01,138Â 288Â 690,1.0,0.0,-1.0,1652013,0.0,7,,0.0,0.0,0.0,D01,138Â 288Â 687,1.0
967993,201900009524,9,15,17:10,1,2,1,1.0,5.0,69389,DUCHERE (DE LA)                     (BD),M,"45,7769100","4,7949500",69,2019,50.0,1.0,1.0,4.0,2163687,1.0,1,4,1,5.0,,-1.0,0,2000.0,A01,138Â 288Â 690,1.0,0.0,-1.0,1652014,0.0,7,,0.0,0.0,0.0,C01,138Â 288Â 688,1.0