Unnamed: 0_x,num_acc,mois,jour,hrmn,lum,agg,int,atm,col,com,adr,gps,lat,long,dep,annee,vma,situ,surf,catr,Unnamed: 0_y,place,catu,grav,sexe,trajet,secu,locp,actp,an_nais,num_veh_x,id_vehicule_x,secu1,secu2,secu3,Unnamed: 0,senc,catv,occutc,obs,obsm,choc,num_veh_y,id_vehicule_y,motor
967993,201900009524,9,15,17:10,1,2,1,1.0,5.0,69389,DUCHERE (DE LA)                     (BD),M,"45,7769100","4,7949500",69,2019,50.0,1.0,1.0,4.0,2163687,1.0,1,4,1,5.0,,-1.0,0,2000.0,A01,138Â 288Â 690,1.0,0.0,-1.0,1652015,0.0,7,,0.0,0.0,0.0,B01,138Â 288Â 689,1.0
967993,201900009524,9,15,17:10,1,2,1,1.0,5.0,69389,DUCHERE (DE LA)                     (BD),M,"45,7769100","4,7949500",69,2019,50.0,1.0,1.0,4.0,2163687,1.0,1,4,1,5.0,,-1.0,0,2000.0,A01,138Â 288Â 690,1.0,0.0,-1.0,1652016,2.0,7,,1.0,0.0,1.0,A01,138Â 288Â 690,1.0
967993,201900009524,9,15,17:10,1,2,1,1.0,5.0,69389,DUCHERE (DE LA)                     (BD),M,"45,7769100","4,7949500",69,2019,50.0,1.0,1.0,4.0,2163688,2.0,2,4,1,5.0,,-1.0,0,2000.0,A01,138Â 288Â 690,8.0,0.0,-1.0,1652013,0.0,7,,0.0,0.0,0.0,D01,138Â 288Â 687,1.0
967993,201900009524,9,15,17:10,1,2,1,1.0,5.0,69389,DUCHERE (DE LA)                     (BD),M,"45,7769100","4,7949500",69,2019,50.0,1.0,1.0,4.0,2163688,2.0,2,4,1,5.0,,-1.0,0,2000.0,A01,138Â 288Â 690,8.0,0.0,-1.0,1652014,0.0,7,,0.0,0.0,0.0,C01,138Â 288Â 688,1.0
967993,201900009524,9,15,17:10,1,2,1,1.0,5.0,69389,DUCHERE (DE LA)                     (BD),M,"45,7769100","4,7949500",69,2019,50.0,1.0,1.0,4.0,2163688,2.0,2,4,1,5.0,,-1.0,0,2000.0,A01,138Â 288Â 690,8.0,0.0,-1.0,1652015,0.0,7,,0.0,0.0,0.0,B01,138Â 288Â 689,1.0
967993,201900009524,9,15,17:10,1,2,1,1.0,5.0,69389,DUCHERE (DE LA)                     (BD),M,"45,7769100","4,7949500",69,2019,50.0,1.0,1.0,4.0,2163688,2.0,2,4,1,5.0,,-1.0,0,2000.0,A01,138Â 288Â 690,8.0,0.0,-1.0,1652016,2.0,7,,1.0,0.0,1.0,A01,138Â 288Â 690,1.0
967994,201900009525,9,14,15:05,1,2,1,1.0,6.0,69286,JULES MICHELET                      (R ),M,"45,8154500","4,8907100",69,2019,50.0,1.0,1.0,4.0,2163689,1.0,1,1,1,3.0,,-1.0, -1,1980.0,A01,138Â 288Â 686,1.0,0.0,-1.0,1652017,2.0,10,,0.0,1.0,1.0,A01,138Â 288Â 686,1.0
967994,201900009525,9,14,15:05,1,2,1,1.0,6.0,69286,JULES MICHELET                      (R ),M,"45,8154500","4,8907100",69,2019,50.0,1.0,1.0,4.0,2163690,10.0,3,4,1,5.0,,9.0,B,1987.0,A01,138Â 288Â 686,0.0,-1.0,-1.0,1652017,2.0,10,,0.0,1.0,1.0,A01,138Â 288Â 686,1.0
967995,201900009526,9,15,16:20,1,1,1,1.0,1.0,2A004,ILES SANGUINAIRES ROUTE DES,M,"41,9064325","8,6685862",2A,2019,50.0,1.0,1.0,3.0,2163691,1.0,1,4,1,0.0,,-1.0, -1,1974.0,A01,138Â 288Â 684,2.0,0.0,-1.0,1652018,3.0,32,,0.0,2.0,1.0,A01,138Â 288Â 684,1.0
967995,201900009526,9,15,16:20,1,1,1,1.0,1.0,2A004,ILES SANGUINAIRES ROUTE DES,M,"41,9064325","8,6685862",2A,2019,50.0,1.0,1.0,3.0,2163691,1.0,1,4,1,0.0,,-1.0, -1,1974.0,A01,138Â 288Â 684,2.0,0.0,-1.0,1652019,3.0,7,,0.0,2.0,3.0,B01,138Â 288Â 685,1.0
967995,201900009526,9,15,16:20,1,1,1,1.0,1.0,2A004,ILES SANGUINAIRES ROUTE DES,M,"41,9064325","8,6685862",2A,2019,50.0,1.0,1.0,3.0,2163692,1.0,1,1,2,5.0,,-1.0, -1,1956.0,B01,138Â 288Â 685,1.0,0.0,-1.0,1652018,3.0,32,,0.0,2.0,1.0,A01,138Â 288Â 684,1.0
967995,201900009526,9,15,16:20,1,1,1,1.0,1.0,2A004,ILES SANGUINAIRES ROUTE DES,M,"41,9064325","8,6685862",2A,2019,50.0,1.0,1.0,3.0,2163692,1.0,1,1,2,5.0,,-1.0, -1,1956.0,B01,138Â 288Â 685,1.0,0.0,-1.0,1652019,3.0,7,,0.0,2.0,3.0,B01,138Â 288Â 685,1.0
967996,201900009527,9,15,01:30,5,2,3,1.0,2.0,95268,AV DE STALINGRAD,M,"48,9599646","2,3992945",95,2019,50.0,1.0,1.0,3.0,2163693,1.0,1,4,1,5.0,,-1.0, -1,1984.0,B01,138Â 288Â 682,2.0,0.0,-1.0,1652020,1.0,33,,0.0,2.0,1.0,B01,138Â 288Â 682,1.0
967996,201900009527,9,15,01:30,5,2,3,1.0,2.0,95268,AV DE STALINGRAD,M,"48,9599646","2,3992945",95,2019,50.0,1.0,1.0,3.0,2163693,1.0,1,4,1,5.0,,-1.0, -1,1984.0,B01,138Â 288Â 682,2.0,0.0,-1.0,1652021,2.0,3,,0.0,2.0,4.0,A01,138Â 288Â 683,1.0
967996,201900009527,9,15,01:30,5,2,3,1.0,2.0,95268,AV DE STALINGRAD,M,"48,9599646","2,3992945",95,2019,50.0,1.0,1.0,3.0,2163694,2.0,2,4,2,5.0,,-1.0, -1,1980.0,B01,138Â 288Â 682,2.0,0.0,-1.0,1652020,1.0,33,,0.0,2.0,1.0,B01,138Â 288Â 682,1.0
967996,201900009527,9,15,01:30,5,2,3,1.0,2.0,95268,AV DE STALINGRAD,M,"48,9599646","2,3992945",95,2019,50.0,1.0,1.0,3.0,2163694,2.0,2,4,2,5.0,,-1.0, -1,1980.0,B01,138Â 288Â 682,2.0,0.0,-1.0,1652021,2.0,3,,0.0,2.0,4.0,A01,138Â 288Â 683,1.0
967996,201900009527,9,15,01:30,5,2,3,1.0,2.0,95268,AV DE STALINGRAD,M,"48,9599646","2,3992945",95,2019,50.0,1.0,1.0,3.0,2163695,1.0,1,1,1,5.0,,-1.0, -1,1996.0,A01,138Â 288Â 683,1.0,0.0,-1.0,1652020,1.0,33,,0.0,2.0,1.0,B01,138Â 288Â 682,1.0
967996,201900009527,9,15,01:30,5,2,3,1.0,2.0,95268,AV DE STALINGRAD,M,"48,9599646","2,3992945",95,2019,50.0,1.0,1.0,3.0,2163695,1.0,1,1,1,5.0,,-1.0, -1,1996.0,A01,138Â 288Â 683,1.0,0.0,-1.0,1652021,2.0,3,,0.0,2.0,4.0,A01,138Â 288Â 683,1.0
967997,201900009528,9,15,09:55,1,2,1,1.0,6.0,95018,ALLEMANE (BOULEVARD JEAN),M,"48,9506119","2,2536813",95,2019,50.0,1.0,1.0,3.0,2163696,10.0,3,3,2,0.0,,3.0,3,1993.0,A01,138Â 288Â 680,8.0,0.0,-1.0,1652022,1.0,7,,0.0,1.0,3.0,A01,138Â 288Â 680,1.0
967997,201900009528,9,15,09:55,1,2,1,1.0,6.0,95018,ALLEMANE (BOULEVARD JEAN),M,"48,9506119","2,2536813",95,2019,50.0,1.0,1.0,3.0,2163697,1.0,1,1,1,3.0,,-1.0, -1,1974.0,A01,138Â 288Â 680,1.0,0.0,-1.0,1652022,1.0,7,,0.0,1.0,3.0,A01,138Â 288Â 680,1.0
967997,201900009528,9,15,09:55,1,2,1,1.0,6.0,95018,ALLEMANE (BOULEVARD JEAN),M,"48,9506119","2,2536813",95,2019,50.0,1.0,1.0,3.0,2163698,10.0,3,4,2,0.0,,3.0,3,2014.0,A01,138Â 288Â 680,8.0,0.0,-1.0,1652022,1.0,7,,0.0,1.0,3.0,A01,138Â 288Â 680,1.0
967998,201900009529,9,15,21:20,5,2,1,1.0,2.0,91286,ROUTE NATIONALE 7,M,"48,6658700","2,3973500",91,2019,50.0,1.0,1.0,2.0,2163699,1.0,1,4,1,1.0,,0.0,0,1981.0,A01,138Â 288Â 678,1.0,0.0,-1.0,1652023,3.0,7,,0.0,0.0,6.0,A01,138Â 288Â 678,1.0
967998,201900009529,9,15,21:20,5,2,1,1.0,2.0,91286,ROUTE NATIONALE 7,M,"48,6658700","2,3973500",91,2019,50.0,1.0,1.0,2.0,2163699,1.0,1,4,1,1.0,,0.0,0,1981.0,A01,138Â 288Â 678,1.0,0.0,-1.0,1652024,3.0,7,,0.0,2.0,2.0,B01,138Â 288Â 679,1.0
967998,201900009529,9,15,21:20,5,2,1,1.0,2.0,91286,ROUTE NATIONALE 7,M,"48,6658700","2,3973500",91,2019,50.0,1.0,1.0,2.0,2163700,2.0,1,4,1,0.0,,0.0,0,1990.0,B01,138Â 288Â 679,1.0,0.0,-1.0,1652023,3.0,7,,0.0,0.0,6.0,A01,138Â 288Â 678,1.0
967998,201900009529,9,15,21:20,5,2,1,1.0,2.0,91286,ROUTE NATIONALE 7,M,"48,6658700","2,3973500",91,2019,50.0,1.0,1.0,2.0,2163700,2.0,1,4,1,0.0,,0.0,0,1990.0,B01,138Â 288Â 679,1.0,0.0,-1.0,1652024,3.0,7,,0.0,2.0,2.0,B01,138Â 288Â 679,1.0
967999,201900009530,9,14,20:15,5,2,1,1.0,1.0,90010,MICHELET (RUE),M,"47,6352940","6,8524180",90,2019,50.0,1.0,1.0,3.0,2163701,1.0,1,3,1,5.0,,-1.0, -1,2000.0,A01,138Â 288Â 676,2.0,0.0,-1.0,1652025,1.0,33,,0.0,2.0,1.0,A01,138Â 288Â 676,6.0
967999,201900009530,9,14,20:15,5,2,1,1.0,1.0,90010,MICHELET (RUE),M,"47,6352940","6,8524180",90,2019,50.0,1.0,1.0,3.0,2163701,1.0,1,3,1,5.0,,-1.0, -1,2000.0,A01,138Â 288Â 676,2.0,0.0,-1.0,1652026,2.0,7,,0.0,2.0,1.0,B01,138Â 288Â 677,0.0
967999,201900009530,9,14,20:15,5,2,1,1.0,1.0,90010,MICHELET (RUE),M,"47,6352940","6,8524180",90,2019,50.0,1.0,1.0,3.0,2163702,2.0,2,1,1,5.0,,-1.0, -1,1987.0,B01,138Â 288Â 677,1.0,0.0,-1.0,1652025,1.0,33,,0.0,2.0,1.0,A01,138Â 288Â 676,6.0
967999,201900009530,9,14,20:15,5,2,1,1.0,1.0,90010,MICHELET (RUE),M,"47,6352940","6,8524180",90,2019,50.0,1.0,1.0,3.0,2163702,2.0,2,1,1,5.0,,-1.0, -1,1987.0,B01,138Â 288Â 677,1.0,0.0,-1.0,1652026,2.0,7,,0.0,2.0,1.0,B01,138Â 288Â 677,0.0
967999,201900009530,9,14,20:15,5,2,1,1.0,1.0,90010,MICHELET (RUE),M,"47,6352940","6,8524180",90,2019,50.0,1.0,1.0,3.0,2163703,1.0,1,1,1,5.0,,-1.0, -1,1984.0,B01,138Â 288Â 677,1.0,0.0,-1.0,1652025,1.0,33,,0.0,2.0,1.0,A01,138Â 288Â 676,6.0
967999,201900009530,9,14,20:15,5,2,1,1.0,1.0,90010,MICHELET (RUE),M,"47,6352940","6,8524180",90,2019,50.0,1.0,1.0,3.0,2163703,1.0,1,1,1,5.0,,-1.0, -1,1984.0,B01,138Â 288Â 677,1.0,0.0,-1.0,1652026,2.0,7,,0.0,2.0,1.0,B01,138Â 288Â 677,0.0
968000,201900009531,9,13,15:10,1,2,9,1.0,6.0,83009,LIBERATION (BOULEVARD DE LA),M,"43,1394340","5,7672180",83,2019,50.0,1.0,1.0,4.0,2163704,10.0,3,2,2,5.0,,3.0,3,1939.0,A01,138Â 288Â 675,8.0,0.0,-1.0,1652027,1.0,7,,0.0,1.0,4.0,A01,138Â 288Â 675,1.0
968000,201900009531,9,13,15:10,1,2,9,1.0,6.0,83009,LIBERATION (BOULEVARD DE LA),M,"43,1394340","5,7672180",83,2019,50.0,1.0,1.0,4.0,2163705,1.0,1,1,1,5.0,,0.0,0,1963.0,A01,138Â 288Â 675,1.0,0.0,-1.0,1652027,1.0,7,,0.0,1.0,4.0,A01,138Â 288Â 675,1.0
968001,201900009532,9,15,05:30,5,2,3,1.0,6.0,83050,FOCH(BOULEVARD DU MARECHAL),M,"43,5392300","6,4630500",83,2019,50.0,1.0,1.0,3.0,2163706,1.0,1,1,1,1.0,,-1.0,0,1983.0,A01,138Â 288Â 674,1.0,0.0,-1.0,1652028,1.0,7,,0.0,1.0,3.0,A01,138Â 288Â 674,1.0
968001,201900009532,9,15,05:30,5,2,3,1.0,6.0,83050,FOCH(BOULEVARD DU MARECHAL),M,"43,5392300","6,4630500",83,2019,50.0,1.0,1.0,3.0,2163707,10.0,3,3,1,0.0,,3.0,B,1968.0,A01,138Â 288Â 674,8.0,0.0,-1.0,1652028,1.0,7,,0.0,1.0,3.0,A01,138Â 288Â 674,1.0
968002,201900009533,9,13,19:55,2,2,2,1.0,3.0,81244,PARC (AVENUE DU),M,"44,0475440","2,1333200",81,2019,50.0,1.0,1.0,4.0,2163708,1.0,1,1,1,9.0,,0.0,0,1953.0,B01,138Â 288Â 669,1.0,8.0,-1.0,1652029,3.0,7,,0.0,2.0,5.0,B01,138Â 288Â 669,1.0
968002,201900009533,9,13,19:55,2,2,2,1.0,3.0,81244,PARC (AVENUE DU),M,"44,0475440","2,1333200",81,2019,50.0,1.0,1.0,4.0,2163708,1.0,1,1,1,9.0,,0.0,0,1953.0,B01,138Â 288Â 669,1.0,8.0,-1.0,1652030,3.0,1,,0.0,2.0,1.0,A01,138Â 288Â 670,6.0
968002,201900009533,9,13,19:55,2,2,2,1.0,3.0,81244,PARC (AVENUE DU),M,"44,0475440","2,1333200",81,2019,50.0,1.0,1.0,4.0,2163709,1.0,1,3,1,5.0,,0.0,0,2007.0,A01,138Â 288Â 670,8.0,0.0,-1.0,1652029,3.0,7,,0.0,2.0,5.0,B01,138Â 288Â 669,1.0
968002,201900009533,9,13,19:55,2,2,2,1.0,3.0,81244,PARC (AVENUE DU),M,"44,0475440","2,1333200",81,2019,50.0,1.0,1.0,4.0,2163709,1.0,1,3,1,5.0,,0.0,0,2007.0,A01,138Â 288Â 670,8.0,0.0,-1.0,1652030,3.0,1,,0.0,2.0,1.0,A01,138Â 288Â 670,6.0
968003,201900009534,9,15,10:50,1,2,1,1.0,7.0,77258,MAISON ROUGE (RUE DE LA),M,"48,8336300","2,6293800",77,2019,30.0,1.0,1.0,4.0,2163710,1.0,1,3,2,5.0,,-1.0, -1,1968.0,A01,138Â 288Â 668,8.0,0.0,-1.0,1652031,1.0,1,,16.0,6.0,0.0,A01,138Â 288Â 668,5.0
968004,201900009535,9,15,22:50,5,2,1,1.0,6.0,77152,D376-THIBAULT(RUE DES FRERES),M,"48,5308562","2,6398784",77,2019,50.0,3.0,1.0,3.0,2163711,1.0,1,3,1,9.0,,-1.0,0,1999.0,A01,138Â 288Â 667,8.0,0.0,-1.0,1652032,2.0,7,,8.0,0.0,1.0,A01,138Â 288Â 667,1.0
968005,201900009536,9,14,22:10,3,1,1,1.0,2.0,77438,D934,M,"48,8668100","2,6751900",77,2019,70.0,3.0,1.0,3.0,2163712,1.0,1,1,1,5.0,,-1.0,0,1986.0,A01,138Â 288Â 665,1.0,0.0,-1.0,1652033,1.0,7,,1.0,0.0,1.0,A01,138Â 288Â 665,1.0
968005,201900009536,9,14,22:10,3,1,1,1.0,2.0,77438,D934,M,"48,8668100","2,6751900",77,2019,70.0,3.0,1.0,3.0,2163712,1.0,1,1,1,5.0,,-1.0,0,1986.0,A01,138Â 288Â 665,1.0,0.0,-1.0,1652034,1.0,7,,1.0,0.0,0.0,B01,138Â 288Â 666,1.0
968005,201900009536,9,14,22:10,3,1,1,1.0,2.0,77438,D934,M,"48,8668100","2,6751900",77,2019,70.0,3.0,1.0,3.0,2163713,1.0,1,4,1,0.0,,-1.0, -1,1993.0,B01,138Â 288Â 666,8.0,0.0,-1.0,1652033,1.0,7,,1.0,0.0,1.0,A01,138Â 288Â 665,1.0
968005,201900009536,9,14,22:10,3,1,1,1.0,2.0,77438,D934,M,"48,8668100","2,6751900",77,2019,70.0,3.0,1.0,3.0,2163713,1.0,1,4,1,0.0,,-1.0, -1,1993.0,B01,138Â 288Â 666,8.0,0.0,-1.0,1652034,1.0,7,,1.0,0.0,0.0,B01,138Â 288Â 666,1.0
968006,201900009537,9,15,11:45,1,2,1,1.0,3.0,64545,GARRATTIKI (IMPASSE),M,"43,3750980"," -1,6786783",64,2019,30.0,1.0,1.0,4.0,2163714,1.0,1,1,2,9.0,,0.0,0,1954.0,B01,138Â 288Â 661,1.0,0.0,-1.0,1652035,0.0,7,,0.0,2.0,3.0,B01,138Â 288Â 661,0.0
968006,201900009537,9,15,11:45,1,2,1,1.0,3.0,64545,GARRATTIKI (IMPASSE),M,"43,3750980"," -1,6786783",64,2019,30.0,1.0,1.0,4.0,2163714,1.0,1,1,2,9.0,,0.0,0,1954.0,B01,138Â 288Â 661,1.0,0.0,-1.0,1652036,0.0,30,,0.0,2.0,7.0,A01,138Â 288Â 662,1.0
968006,201900009537,9,15,11:45,1,2,1,1.0,3.0,64545,GARRATTIKI (IMPASSE),M,"43,3750980"," -1,6786783",64,2019,30.0,1.0,1.0,4.0,2163715,1.0,1,1,1,5.0,,0.0,0,2004.0,A01,138Â 288Â 662,2.0,6.0,-1.0,1652035,0.0,7,,0.0,2.0,3.0,B01,138Â 288Â 661,0.0
968006,201900009537,9,15,11:45,1,2,1,1.0,3.0,64545,GARRATTIKI (IMPASSE),M,"43,3750980"," -1,6786783",64,2019,30.0,1.0,1.0,4.0,2163715,1.0,1,1,1,5.0,,0.0,0,2004.0,A01,138Â 288Â 662,2.0,6.0,-1.0,1652036,0.0,30,,0.0,2.0,7.0,A01,138Â 288Â 662,1.0
968006,201900009537,9,15,11:45,1,2,1,1.0,3.0,64545,GARRATTIKI (IMPASSE),M,"43,3750980"," -1,6786783",64,2019,30.0,1.0,1.0,4.0,2163716,2.0,2,4,1,5.0,,0.0,0,2003.0,A01,138Â 288Â 662,2.0,6.0,-1.0,1652035,0.0,7,,0.0,2.0,3.0,B01,138Â 288Â 661,0.0
968006,201900009537,9,15,11:45,1,2,1,1.0,3.0,64545,GARRATTIKI (IMPASSE),M,"43,3750980"," -1,6786783",64,2019,30.0,1.0,1.0,4.0,2163716,2.0,2,4,1,5.0,,0.0,0,2003.0,A01,138Â 288Â 662,2.0,6.0,-1.0,1652036,0.0,30,,0.0,2.0,7.0,A01,138Â 288Â 662,1.0
968007,201900009538,9,15,15:35,1,2,1,1.0,3.0,64445,MONTARDON DE,M,"43,3262800"," -0,3684300",64,2019,50.0,1.0,1.0,4.0,2163717,1.0,1,1,2,5.0,,0.0,0,1946.0,A01,138Â 288Â 659,1.0,0.0,-1.0,1652037,2.0,7,,0.0,2.0,2.0,A01,138Â 288Â 659,1.0
968007,201900009538,9,15,15:35,1,2,1,1.0,3.0,64445,MONTARDON DE,M,"43,3262800"," -0,3684300",64,2019,50.0,1.0,1.0,4.0,2163717,1.0,1,1,2,5.0,,0.0,0,1946.0,A01,138Â 288Â 659,1.0,0.0,-1.0,1652038,1.0,1,,0.0,2.0,1.0,B01,138Â 288Â 660,5.0
968007,201900009538,9,15,15:35,1,2,1,1.0,3.0,64445,MONTARDON DE,M,"43,3262800"," -0,3684300",64,2019,50.0,1.0,1.0,4.0,2163718,1.0,1,4,1,5.0,,0.0,0,1973.0,B01,138Â 288Â 660,8.0,0.0,-1.0,1652037,2.0,7,,0.0,2.0,2.0,A01,138Â 288Â 659,1.0
968007,201900009538,9,15,15:35,1,2,1,1.0,3.0,64445,MONTARDON DE,M,"43,3262800"," -0,3684300",64,2019,50.0,1.0,1.0,4.0,2163718,1.0,1,4,1,5.0,,0.0,0,1973.0,B01,138Â 288Â 660,8.0,0.0,-1.0,1652038,1.0,1,,0.0,2.0,1.0,B01,138Â 288Â 660,5.0
968008,201900009539,9,15,08:57,1,2,6,1.0,3.0,64348,EUROPE DE L',M,"43,3210100"," -0,3917600",64,2019,50.0,1.0,1.0,3.0,2163719,1.0,1,1,1,9.0,,0.0,0,1973.0,A01,138Â 288Â 657,1.0,8.0,-1.0,1652039,1.0,7,,0.0,2.0,6.0,A01,138Â 288Â 657,1.0
968008,201900009539,9,15,08:57,1,2,6,1.0,3.0,64348,EUROPE DE L',M,"43,3210100"," -0,3917600",64,2019,50.0,1.0,1.0,3.0,2163719,1.0,1,1,1,9.0,,0.0,0,1973.0,A01,138Â 288Â 657,1.0,8.0,-1.0,1652040,3.0,1,,0.0,2.0,1.0,B01,138Â 288Â 658,5.0
968008,201900009539,9,15,08:57,1,2,6,1.0,3.0,64348,EUROPE DE L',M,"43,3210100"," -0,3917600",64,2019,50.0,1.0,1.0,3.0,2163720,1.0,1,3,1,5.0,,0.0,0,1973.0,B01,138Â 288Â 658,2.0,0.0,-1.0,1652039,1.0,7,,0.0,2.0,6.0,A01,138Â 288Â 657,1.0
968008,201900009539,9,15,08:57,1,2,6,1.0,3.0,64348,EUROPE DE L',M,"43,3210100"," -0,3917600",64,2019,50.0,1.0,1.0,3.0,2163720,1.0,1,3,1,5.0,,0.0,0,1973.0,B01,138Â 288Â 658,2.0,0.0,-1.0,1652040,3.0,1,,0.0,2.0,1.0,B01,138Â 288Â 658,5.0
968009,201900009540,9,15,01:45,5,2,1,1.0,7.0,64041,MATACHOT,M,"43,2813264"," -0,3344377",64,2019,50.0,3.0,1.0,3.0,2163721,1.0,1,3,1,5.0,,0.0,0,1973.0,A01,138Â 288Â 656,8.0,0.0,-1.0,1652041,1.0,7,,6.0,0.0,2.0,A01,138Â 288Â 656,1.0
968009,201900009540,9,15,01:45,5,2,1,1.0,7.0,64041,MATACHOT,M,"43,2813264"," -0,3344377",64,2019,50.0,3.0,1.0,3.0,2163722,2.0,2,1,1,5.0,,0.0,0,2016.0,A01,138Â 288Â 656,1.0,0.0,-1.0,1652041,1.0,7,,6.0,0.0,2.0,A01,138Â 288Â 656,1.0
968010,201900009541,9,15,15:15,1,2,2,1.0,6.0,60057,MANDELA NELSON (AVENUE),M,"49,4317662","2,0699886",60,2019,50.0,1.0,1.0,4.0,2163723,1.0,1,1,1,0.0,,-1.0,0,1945.0,A01,138Â 288Â 654,8.0,0.0,-1.0,1652042,1.0,7,,0.0,2.0,8.0,A01,138Â 288Â 654,1.0
968010,201900009541,9,15,15:15,1,2,2,1.0,6.0,60057,MANDELA NELSON (AVENUE),M,"49,4317662","2,0699886",60,2019,50.0,1.0,1.0,4.0,2163723,1.0,1,1,1,0.0,,-1.0,0,1945.0,A01,138Â 288Â 654,8.0,0.0,-1.0,1652043,1.0,7,,0.0,2.0,1.0,B01,138Â 288Â 655,1.0
968010,201900009541,9,15,15:15,1,2,2,1.0,6.0,60057,MANDELA NELSON (AVENUE),M,"49,4317662","2,0699886",60,2019,50.0,1.0,1.0,4.0,2163724,1.0,1,4,1,0.0,,-1.0,0,1995.0,B01,138Â 288Â 655,1.0,0.0,-1.0,1652042,1.0,7,,0.0,2.0,8.0,A01,138Â 288Â 654,1.0
968010,201900009541,9,15,15:15,1,2,2,1.0,6.0,60057,MANDELA NELSON (AVENUE),M,"49,4317662","2,0699886",60,2019,50.0,1.0,1.0,4.0,2163724,1.0,1,4,1,0.0,,-1.0,0,1995.0,B01,138Â 288Â 655,1.0,0.0,-1.0,1652043,1.0,7,,0.0,2.0,1.0,B01,138Â 288Â 655,1.0
968010,201900009541,9,15,15:15,1,2,2,1.0,6.0,60057,MANDELA NELSON (AVENUE),M,"49,4317662","2,0699886",60,2019,50.0,1.0,1.0,4.0,2163725,2.0,2,4,2,0.0,,-1.0,0,1999.0,B01,138Â 288Â 655,1.0,0.0,-1.0,1652042,1.0,7,,0.0,2.0,8.0,A01,138Â 288Â 654,1.0
968010,201900009541,9,15,15:15,1,2,2,1.0,6.0,60057,MANDELA NELSON (AVENUE),M,"49,4317662","2,0699886",60,2019,50.0,1.0,1.0,4.0,2163725,2.0,2,4,2,0.0,,-1.0,0,1999.0,B01,138Â 288Â 655,1.0,0.0,-1.0,1652043,1.0,7,,0.0,2.0,1.0,B01,138Â 288Â 655,1.0
968011,201900009542,9,15,17:15,1,1,1,1.0,3.0,59098,LYS ( BOULEVARD DE LA ),M,"50,7552460","3,0608640",59,2019,80.0,1.0,1.0,7.0,2163726,1.0,1,3,1,9.0,,0.0,0,1995.0,B01,138Â 288Â 652,1.0,0.0,-1.0,1652044,2.0,7,,13.0,2.0,1.0,B01,138Â 288Â 652,1.0
968011,201900009542,9,15,17:15,1,1,1,1.0,3.0,59098,LYS ( BOULEVARD DE LA ),M,"50,7552460","3,0608640",59,2019,80.0,1.0,1.0,7.0,2163726,1.0,1,3,1,9.0,,0.0,0,1995.0,B01,138Â 288Â 652,1.0,0.0,-1.0,1652045,1.0,33,,0.0,2.0,2.0,A01,138Â 288Â 653,1.0
968011,201900009542,9,15,17:15,1,1,1,1.0,3.0,59098,LYS ( BOULEVARD DE LA ),M,"50,7552460","3,0608640",59,2019,80.0,1.0,1.0,7.0,2163727,2.0,2,2,2,9.0,,0.0,0,1997.0,A01,138Â 288Â 653,2.0,6.0,-1.0,1652044,2.0,7,,13.0,2.0,1.0,B01,138Â 288Â 652,1.0
968011,201900009542,9,15,17:15,1,1,1,1.0,3.0,59098,LYS ( BOULEVARD DE LA ),M,"50,7552460","3,0608640",59,2019,80.0,1.0,1.0,7.0,2163727,2.0,2,2,2,9.0,,0.0,0,1997.0,A01,138Â 288Â 653,2.0,6.0,-1.0,1652045,1.0,33,,0.0,2.0,2.0,A01,138Â 288Â 653,1.0
968011,201900009542,9,15,17:15,1,1,1,1.0,3.0,59098,LYS ( BOULEVARD DE LA ),M,"50,7552460","3,0608640",59,2019,80.0,1.0,1.0,7.0,2163728,1.0,1,2,1,0.0,,0.0,0,1997.0,A01,138Â 288Â 653,2.0,6.0,-1.0,1652044,2.0,7,,13.0,2.0,1.0,B01,138Â 288Â 652,1.0
968011,201900009542,9,15,17:15,1,1,1,1.0,3.0,59098,LYS ( BOULEVARD DE LA ),M,"50,7552460","3,0608640",59,2019,80.0,1.0,1.0,7.0,2163728,1.0,1,2,1,0.0,,0.0,0,1997.0,A01,138Â 288Â 653,2.0,6.0,-1.0,1652045,1.0,33,,0.0,2.0,2.0,A01,138Â 288Â 653,1.0
968012,201900009543,9,15,06:10,5,2,2,1.0,6.0,59378,BONPAIN RUE DE L'ABBE,M,"50,6561200","3,0900700",59,2019,50.0,1.0,1.0,4.0,2163729,1.0,1,1,1,5.0,,0.0,0,1901.0,A01,138Â 288Â 650,1.0,0.0,-1.0,1652046,3.0,99,,1.0,2.0,0.0,C01,138Â 288Â 649,0.0
968012,201900009543,9,15,06:10,5,2,2,1.0,6.0,59378,BONPAIN RUE DE L'ABBE,M,"50,6561200","3,0900700",59,2019,50.0,1.0,1.0,4.0,2163729,1.0,1,1,1,5.0,,0.0,0,1901.0,A01,138Â 288Â 650,1.0,0.0,-1.0,1652047,1.0,99,,0.0,2.0,5.0,A01,138Â 288Â 650,1.0
968012,201900009543,9,15,06:10,5,2,2,1.0,6.0,59378,BONPAIN RUE DE L'ABBE,M,"50,6561200","3,0900700",59,2019,50.0,1.0,1.0,4.0,2163729,1.0,1,1,1,5.0,,0.0,0,1901.0,A01,138Â 288Â 650,1.0,0.0,-1.0,1652048,3.0,99,,1.0,0.0,0.0,B01,138Â 288Â 651,0.0