Unnamed: 0_x,num_acc,mois,jour,hrmn,lum,agg,int,atm,col,com,adr,gps,lat,long,dep,annee,vma,situ,surf,catr,Unnamed: 0_y,place,catu,grav,sexe,trajet,secu,locp,actp,an_nais,num_veh_x,id_vehicule_x,secu1,secu2,secu3,Unnamed: 0,senc,catv,occutc,obs,obsm,choc,num_veh_y,id_vehicule_y,motor
968012,201900009543,9,15,06:10,5,2,2,1.0,6.0,59378,BONPAIN RUE DE L'ABBE,M,"50,6561200","3,0900700",59,2019,50.0,1.0,1.0,4.0,2163730,2.0,2,4,1,5.0,,-1.0, -1,1972.0,A01,138Â 288Â 650,1.0,0.0,-1.0,1652046,3.0,99,,1.0,2.0,0.0,C01,138Â 288Â 649,0.0
968012,201900009543,9,15,06:10,5,2,2,1.0,6.0,59378,BONPAIN RUE DE L'ABBE,M,"50,6561200","3,0900700",59,2019,50.0,1.0,1.0,4.0,2163730,2.0,2,4,1,5.0,,-1.0, -1,1972.0,A01,138Â 288Â 650,1.0,0.0,-1.0,1652047,1.0,99,,0.0,2.0,5.0,A01,138Â 288Â 650,1.0
968012,201900009543,9,15,06:10,5,2,2,1.0,6.0,59378,BONPAIN RUE DE L'ABBE,M,"50,6561200","3,0900700",59,2019,50.0,1.0,1.0,4.0,2163730,2.0,2,4,1,5.0,,-1.0, -1,1972.0,A01,138Â 288Â 650,1.0,0.0,-1.0,1652048,3.0,99,,1.0,0.0,0.0,B01,138Â 288Â 651,0.0
968013,201900009544,9,15,00:20,5,2,2,1.0,3.0,37261,RICHER (RUE FRANCOIS),M,"47,3833948","0,6661831",37,2019,50.0,1.0,1.0,4.0,2163731,1.0,1,4,2,5.0,,-1.0,0,1994.0,B01,138Â 288Â 647,1.0,0.0,-1.0,1652049,3.0,7,,1.0,2.0,7.0,B01,138Â 288Â 647,1.0
968013,201900009544,9,15,00:20,5,2,2,1.0,3.0,37261,RICHER (RUE FRANCOIS),M,"47,3833948","0,6661831",37,2019,50.0,1.0,1.0,4.0,2163731,1.0,1,4,2,5.0,,-1.0,0,1994.0,B01,138Â 288Â 647,1.0,0.0,-1.0,1652050,3.0,7,,0.0,2.0,1.0,A01,138Â 288Â 648,1.0
968013,201900009544,9,15,00:20,5,2,2,1.0,3.0,37261,RICHER (RUE FRANCOIS),M,"47,3833948","0,6661831",37,2019,50.0,1.0,1.0,4.0,2163732,1.0,1,1,2,5.0,,-1.0,0,1994.0,A01,138Â 288Â 648,1.0,0.0,-1.0,1652049,3.0,7,,1.0,2.0,7.0,B01,138Â 288Â 647,1.0
968013,201900009544,9,15,00:20,5,2,2,1.0,3.0,37261,RICHER (RUE FRANCOIS),M,"47,3833948","0,6661831",37,2019,50.0,1.0,1.0,4.0,2163732,1.0,1,1,2,5.0,,-1.0,0,1994.0,A01,138Â 288Â 648,1.0,0.0,-1.0,1652050,3.0,7,,0.0,2.0,1.0,A01,138Â 288Â 648,1.0
968014,201900009545,9,15,23:06,5,2,2,1.0,3.0,35238,JOFFRE ( DU MARECHAL),M,"48,1093600"," -1,6777800",35,2019,50.0,1.0,1.0,4.0,2163733,1.0,1,4,1,4.0,,-1.0,0,1989.0,A01,138Â 288Â 645,2.0,8.0,-1.0,1652051,2.0,30,,0.0,2.0,1.0,A01,138Â 288Â 645,1.0
968014,201900009545,9,15,23:06,5,2,2,1.0,3.0,35238,JOFFRE ( DU MARECHAL),M,"48,1093600"," -1,6777800",35,2019,50.0,1.0,1.0,4.0,2163733,1.0,1,4,1,4.0,,-1.0,0,1989.0,A01,138Â 288Â 645,2.0,8.0,-1.0,1652052,2.0,7,,0.0,2.0,3.0,B01,138Â 288Â 646,1.0
968014,201900009545,9,15,23:06,5,2,2,1.0,3.0,35238,JOFFRE ( DU MARECHAL),M,"48,1093600"," -1,6777800",35,2019,50.0,1.0,1.0,4.0,2163734,1.0,1,1,2,5.0,,-1.0, -1,1988.0,B01,138Â 288Â 646,1.0,8.0,-1.0,1652051,2.0,30,,0.0,2.0,1.0,A01,138Â 288Â 645,1.0
968014,201900009545,9,15,23:06,5,2,2,1.0,3.0,35238,JOFFRE ( DU MARECHAL),M,"48,1093600"," -1,6777800",35,2019,50.0,1.0,1.0,4.0,2163734,1.0,1,1,2,5.0,,-1.0, -1,1988.0,B01,138Â 288Â 646,1.0,8.0,-1.0,1652052,2.0,7,,0.0,2.0,3.0,B01,138Â 288Â 646,1.0
968015,201900009546,9,15,14:49,1,2,3,7.0,3.0,35238,FREVILLE (AVENUE HENRI),M,"48,0837100"," -1,6751900",35,2019,50.0,1.0,1.0,4.0,2163735,1.0,1,4,2,0.0,,-1.0, -1,1975.0,A01,138Â 288Â 643,1.0,0.0,-1.0,1652053,0.0,7,,0.0,2.0,2.0,A01,138Â 288Â 643,1.0
968015,201900009546,9,15,14:49,1,2,3,7.0,3.0,35238,FREVILLE (AVENUE HENRI),M,"48,0837100"," -1,6751900",35,2019,50.0,1.0,1.0,4.0,2163735,1.0,1,4,2,0.0,,-1.0, -1,1975.0,A01,138Â 288Â 643,1.0,0.0,-1.0,1652054,1.0,7,,0.0,2.0,1.0,B01,138Â 288Â 644,1.0
968015,201900009546,9,15,14:49,1,2,3,7.0,3.0,35238,FREVILLE (AVENUE HENRI),M,"48,0837100"," -1,6751900",35,2019,50.0,1.0,1.0,4.0,2163736,1.0,1,1,2,5.0,,-1.0,0,1987.0,B01,138Â 288Â 644,1.0,8.0,-1.0,1652053,0.0,7,,0.0,2.0,2.0,A01,138Â 288Â 643,1.0
968015,201900009546,9,15,14:49,1,2,3,7.0,3.0,35238,FREVILLE (AVENUE HENRI),M,"48,0837100"," -1,6751900",35,2019,50.0,1.0,1.0,4.0,2163736,1.0,1,1,2,5.0,,-1.0,0,1987.0,B01,138Â 288Â 644,1.0,8.0,-1.0,1652054,1.0,7,,0.0,2.0,1.0,B01,138Â 288Â 644,1.0
968016,201900009547,9,15,02:40,3,1,1,1.0,7.0,35051,PORTE DE LA RIGOURDIERE,M,"48,1149800"," -1,5699000",35,2019,50.0,1.0,1.0,2.0,2163737,1.0,1,4,2,0.0,,-1.0,0,1995.0,A01,138Â 288Â 642,1.0,8.0,-1.0,1652055,2.0,7,,3.0,5.0,1.0,A01,138Â 288Â 642,1.0
968017,201900009548,9,14,23:00,5,2,1,1.0,6.0,25031,JALESIE (RUE DE LA),M,"47,4874200","6,8427000",25,2019,50.0,1.0,1.0,6.0,2163738,1.0,1,1,2,1.0,,0.0,0,1997.0,A01,138Â 288Â 639,1.0,8.0,-1.0,1652056,3.0,7,,1.0,1.0,6.0,A01,138Â 288Â 639,1.0
968017,201900009548,9,14,23:00,5,2,1,1.0,6.0,25031,JALESIE (RUE DE LA),M,"47,4874200","6,8427000",25,2019,50.0,1.0,1.0,6.0,2163739,3.0,2,1,2,9.0,,0.0,0,2009.0,A01,138Â 288Â 639,1.0,8.0,-1.0,1652056,3.0,7,,1.0,1.0,6.0,A01,138Â 288Â 639,1.0
968017,201900009548,9,14,23:00,5,2,1,1.0,6.0,25031,JALESIE (RUE DE LA),M,"47,4874200","6,8427000",25,2019,50.0,1.0,1.0,6.0,2163740,10.0,3,3,2,3.0,,5.0,1,1978.0,A01,138Â 288Â 639,8.0,0.0,-1.0,1652056,3.0,7,,1.0,1.0,6.0,A01,138Â 288Â 639,1.0
968018,201900009549,9,13,14:00,1,1,1,1.0,1.0,17333,RD 140,M,"45,6138400"," -0,9673400",17,2019,80.0,1.0,1.0,3.0,2163741,1.0,1,1,1,0.0,,-1.0,0,1951.0,A01,138Â 288Â 637,1.0,8.0,-1.0,1652057,2.0,7,,0.0,2.0,8.0,A01,138Â 288Â 637,1.0
968018,201900009549,9,13,14:00,1,1,1,1.0,1.0,17333,RD 140,M,"45,6138400"," -0,9673400",17,2019,80.0,1.0,1.0,3.0,2163741,1.0,1,1,1,0.0,,-1.0,0,1951.0,A01,138Â 288Â 637,1.0,8.0,-1.0,1652058,1.0,7,,0.0,2.0,8.0,B01,138Â 288Â 638,1.0
968018,201900009549,9,13,14:00,1,1,1,1.0,1.0,17333,RD 140,M,"45,6138400"," -0,9673400",17,2019,80.0,1.0,1.0,3.0,2163742,1.0,1,4,1,0.0,,-1.0,0,1955.0,B01,138Â 288Â 638,1.0,0.0,-1.0,1652057,2.0,7,,0.0,2.0,8.0,A01,138Â 288Â 637,1.0
968018,201900009549,9,13,14:00,1,1,1,1.0,1.0,17333,RD 140,M,"45,6138400"," -0,9673400",17,2019,80.0,1.0,1.0,3.0,2163742,1.0,1,4,1,0.0,,-1.0,0,1955.0,B01,138Â 288Â 638,1.0,0.0,-1.0,1652058,1.0,7,,0.0,2.0,8.0,B01,138Â 288Â 638,1.0
968019,201900009550,9,15,15:20,1,2,1,1.0,4.0,14333,CD513,M,"49,4252900","0,2271100",14,2019,30.0,1.0,1.0,3.0,2163743,1.0,1,1,2,5.0,,0.0,0,1945.0,C01,138Â 288Â 634,1.0,0.0,-1.0,1652059,2.0,7,,0.0,2.0,5.0,C01,138Â 288Â 634,1.0
968019,201900009550,9,15,15:20,1,2,1,1.0,4.0,14333,CD513,M,"49,4252900","0,2271100",14,2019,30.0,1.0,1.0,3.0,2163743,1.0,1,1,2,5.0,,0.0,0,1945.0,C01,138Â 288Â 634,1.0,0.0,-1.0,1652060,2.0,33,,0.0,2.0,4.0,B01,138Â 288Â 635,1.0
968019,201900009550,9,15,15:20,1,2,1,1.0,4.0,14333,CD513,M,"49,4252900","0,2271100",14,2019,30.0,1.0,1.0,3.0,2163743,1.0,1,1,2,5.0,,0.0,0,1945.0,C01,138Â 288Â 634,1.0,0.0,-1.0,1652061,2.0,7,,0.0,2.0,2.0,A01,138Â 288Â 636,1.0
968019,201900009550,9,15,15:20,1,2,1,1.0,4.0,14333,CD513,M,"49,4252900","0,2271100",14,2019,30.0,1.0,1.0,3.0,2163744,2.0,2,4,2,5.0,,0.0,0,1961.0,B01,138Â 288Â 635,2.0,6.0,-1.0,1652059,2.0,7,,0.0,2.0,5.0,C01,138Â 288Â 634,1.0
968019,201900009550,9,15,15:20,1,2,1,1.0,4.0,14333,CD513,M,"49,4252900","0,2271100",14,2019,30.0,1.0,1.0,3.0,2163744,2.0,2,4,2,5.0,,0.0,0,1961.0,B01,138Â 288Â 635,2.0,6.0,-1.0,1652060,2.0,33,,0.0,2.0,4.0,B01,138Â 288Â 635,1.0
968019,201900009550,9,15,15:20,1,2,1,1.0,4.0,14333,CD513,M,"49,4252900","0,2271100",14,2019,30.0,1.0,1.0,3.0,2163744,2.0,2,4,2,5.0,,0.0,0,1961.0,B01,138Â 288Â 635,2.0,6.0,-1.0,1652061,2.0,7,,0.0,2.0,2.0,A01,138Â 288Â 636,1.0
968019,201900009550,9,15,15:20,1,2,1,1.0,4.0,14333,CD513,M,"49,4252900","0,2271100",14,2019,30.0,1.0,1.0,3.0,2163745,1.0,1,4,1,5.0,,0.0,0,1960.0,B01,138Â 288Â 635,2.0,6.0,-1.0,1652059,2.0,7,,0.0,2.0,5.0,C01,138Â 288Â 634,1.0
968019,201900009550,9,15,15:20,1,2,1,1.0,4.0,14333,CD513,M,"49,4252900","0,2271100",14,2019,30.0,1.0,1.0,3.0,2163745,1.0,1,4,1,5.0,,0.0,0,1960.0,B01,138Â 288Â 635,2.0,6.0,-1.0,1652060,2.0,33,,0.0,2.0,4.0,B01,138Â 288Â 635,1.0
968019,201900009550,9,15,15:20,1,2,1,1.0,4.0,14333,CD513,M,"49,4252900","0,2271100",14,2019,30.0,1.0,1.0,3.0,2163745,1.0,1,4,1,5.0,,0.0,0,1960.0,B01,138Â 288Â 635,2.0,6.0,-1.0,1652061,2.0,7,,0.0,2.0,2.0,A01,138Â 288Â 636,1.0
968019,201900009550,9,15,15:20,1,2,1,1.0,4.0,14333,CD513,M,"49,4252900","0,2271100",14,2019,30.0,1.0,1.0,3.0,2163746,1.0,1,1,1,5.0,,0.0,0,1958.0,A01,138Â 288Â 636,1.0,0.0,-1.0,1652059,2.0,7,,0.0,2.0,5.0,C01,138Â 288Â 634,1.0
968019,201900009550,9,15,15:20,1,2,1,1.0,4.0,14333,CD513,M,"49,4252900","0,2271100",14,2019,30.0,1.0,1.0,3.0,2163746,1.0,1,1,1,5.0,,0.0,0,1958.0,A01,138Â 288Â 636,1.0,0.0,-1.0,1652060,2.0,33,,0.0,2.0,4.0,B01,138Â 288Â 635,1.0
968019,201900009550,9,15,15:20,1,2,1,1.0,4.0,14333,CD513,M,"49,4252900","0,2271100",14,2019,30.0,1.0,1.0,3.0,2163746,1.0,1,1,1,5.0,,0.0,0,1958.0,A01,138Â 288Â 636,1.0,0.0,-1.0,1652061,2.0,7,,0.0,2.0,2.0,A01,138Â 288Â 636,1.0
968020,201900009551,9,15,14:30,1,2,1,1.0,5.0,13215,VISTE (AVENUE DE LA),M,"43,3542700","5,3571600",13,2019,50.0,1.0,1.0,3.0,2163747,1.0,1,1,1,9.0,,-1.0, -1,1993.0,A01,138Â 288Â 631,1.0,0.0,-1.0,1652062,2.0,7,,0.0,2.0,1.0,A01,138Â 288Â 631,1.0
968020,201900009551,9,15,14:30,1,2,1,1.0,5.0,13215,VISTE (AVENUE DE LA),M,"43,3542700","5,3571600",13,2019,50.0,1.0,1.0,3.0,2163747,1.0,1,1,1,9.0,,-1.0, -1,1993.0,A01,138Â 288Â 631,1.0,0.0,-1.0,1652063,2.0,7,,0.0,2.0,9.0,B01,138Â 288Â 632,1.0
968020,201900009551,9,15,14:30,1,2,1,1.0,5.0,13215,VISTE (AVENUE DE LA),M,"43,3542700","5,3571600",13,2019,50.0,1.0,1.0,3.0,2163747,1.0,1,1,1,9.0,,-1.0, -1,1993.0,A01,138Â 288Â 631,1.0,0.0,-1.0,1652064,2.0,7,,0.0,2.0,3.0,C01,138Â 288Â 633,1.0
968020,201900009551,9,15,14:30,1,2,1,1.0,5.0,13215,VISTE (AVENUE DE LA),M,"43,3542700","5,3571600",13,2019,50.0,1.0,1.0,3.0,2163748,1.0,1,4,2,9.0,,-1.0, -1,1978.0,B01,138Â 288Â 632,1.0,0.0,-1.0,1652062,2.0,7,,0.0,2.0,1.0,A01,138Â 288Â 631,1.0
968020,201900009551,9,15,14:30,1,2,1,1.0,5.0,13215,VISTE (AVENUE DE LA),M,"43,3542700","5,3571600",13,2019,50.0,1.0,1.0,3.0,2163748,1.0,1,4,2,9.0,,-1.0, -1,1978.0,B01,138Â 288Â 632,1.0,0.0,-1.0,1652063,2.0,7,,0.0,2.0,9.0,B01,138Â 288Â 632,1.0
968020,201900009551,9,15,14:30,1,2,1,1.0,5.0,13215,VISTE (AVENUE DE LA),M,"43,3542700","5,3571600",13,2019,50.0,1.0,1.0,3.0,2163748,1.0,1,4,2,9.0,,-1.0, -1,1978.0,B01,138Â 288Â 632,1.0,0.0,-1.0,1652064,2.0,7,,0.0,2.0,3.0,C01,138Â 288Â 633,1.0
968020,201900009551,9,15,14:30,1,2,1,1.0,5.0,13215,VISTE (AVENUE DE LA),M,"43,3542700","5,3571600",13,2019,50.0,1.0,1.0,3.0,2163749,4.0,2,4,2,9.0,,-1.0, -1,2009.0,B01,138Â 288Â 632,1.0,0.0,-1.0,1652062,2.0,7,,0.0,2.0,1.0,A01,138Â 288Â 631,1.0
968020,201900009551,9,15,14:30,1,2,1,1.0,5.0,13215,VISTE (AVENUE DE LA),M,"43,3542700","5,3571600",13,2019,50.0,1.0,1.0,3.0,2163749,4.0,2,4,2,9.0,,-1.0, -1,2009.0,B01,138Â 288Â 632,1.0,0.0,-1.0,1652063,2.0,7,,0.0,2.0,9.0,B01,138Â 288Â 632,1.0
968020,201900009551,9,15,14:30,1,2,1,1.0,5.0,13215,VISTE (AVENUE DE LA),M,"43,3542700","5,3571600",13,2019,50.0,1.0,1.0,3.0,2163749,4.0,2,4,2,9.0,,-1.0, -1,2009.0,B01,138Â 288Â 632,1.0,0.0,-1.0,1652064,2.0,7,,0.0,2.0,3.0,C01,138Â 288Â 633,1.0
968020,201900009551,9,15,14:30,1,2,1,1.0,5.0,13215,VISTE (AVENUE DE LA),M,"43,3542700","5,3571600",13,2019,50.0,1.0,1.0,3.0,2163750,5.0,2,4,2,9.0,,-1.0, -1,2012.0,B01,138Â 288Â 632,1.0,0.0,-1.0,1652062,2.0,7,,0.0,2.0,1.0,A01,138Â 288Â 631,1.0
968020,201900009551,9,15,14:30,1,2,1,1.0,5.0,13215,VISTE (AVENUE DE LA),M,"43,3542700","5,3571600",13,2019,50.0,1.0,1.0,3.0,2163750,5.0,2,4,2,9.0,,-1.0, -1,2012.0,B01,138Â 288Â 632,1.0,0.0,-1.0,1652063,2.0,7,,0.0,2.0,9.0,B01,138Â 288Â 632,1.0
968020,201900009551,9,15,14:30,1,2,1,1.0,5.0,13215,VISTE (AVENUE DE LA),M,"43,3542700","5,3571600",13,2019,50.0,1.0,1.0,3.0,2163750,5.0,2,4,2,9.0,,-1.0, -1,2012.0,B01,138Â 288Â 632,1.0,0.0,-1.0,1652064,2.0,7,,0.0,2.0,3.0,C01,138Â 288Â 633,1.0
968020,201900009551,9,15,14:30,1,2,1,1.0,5.0,13215,VISTE (AVENUE DE LA),M,"43,3542700","5,3571600",13,2019,50.0,1.0,1.0,3.0,2163751,2.0,2,4,2,9.0,,-1.0, -1,1954.0,B01,138Â 288Â 632,1.0,0.0,-1.0,1652062,2.0,7,,0.0,2.0,1.0,A01,138Â 288Â 631,1.0
968020,201900009551,9,15,14:30,1,2,1,1.0,5.0,13215,VISTE (AVENUE DE LA),M,"43,3542700","5,3571600",13,2019,50.0,1.0,1.0,3.0,2163751,2.0,2,4,2,9.0,,-1.0, -1,1954.0,B01,138Â 288Â 632,1.0,0.0,-1.0,1652063,2.0,7,,0.0,2.0,9.0,B01,138Â 288Â 632,1.0
968020,201900009551,9,15,14:30,1,2,1,1.0,5.0,13215,VISTE (AVENUE DE LA),M,"43,3542700","5,3571600",13,2019,50.0,1.0,1.0,3.0,2163751,2.0,2,4,2,9.0,,-1.0, -1,1954.0,B01,138Â 288Â 632,1.0,0.0,-1.0,1652064,2.0,7,,0.0,2.0,3.0,C01,138Â 288Â 633,1.0
968020,201900009551,9,15,14:30,1,2,1,1.0,5.0,13215,VISTE (AVENUE DE LA),M,"43,3542700","5,3571600",13,2019,50.0,1.0,1.0,3.0,2163752,3.0,2,4,1,9.0,,-1.0, -1,2013.0,B01,138Â 288Â 632,1.0,0.0,-1.0,1652062,2.0,7,,0.0,2.0,1.0,A01,138Â 288Â 631,1.0
968020,201900009551,9,15,14:30,1,2,1,1.0,5.0,13215,VISTE (AVENUE DE LA),M,"43,3542700","5,3571600",13,2019,50.0,1.0,1.0,3.0,2163752,3.0,2,4,1,9.0,,-1.0, -1,2013.0,B01,138Â 288Â 632,1.0,0.0,-1.0,1652063,2.0,7,,0.0,2.0,9.0,B01,138Â 288Â 632,1.0
968020,201900009551,9,15,14:30,1,2,1,1.0,5.0,13215,VISTE (AVENUE DE LA),M,"43,3542700","5,3571600",13,2019,50.0,1.0,1.0,3.0,2163752,3.0,2,4,1,9.0,,-1.0, -1,2013.0,B01,138Â 288Â 632,1.0,0.0,-1.0,1652064,2.0,7,,0.0,2.0,3.0,C01,138Â 288Â 633,1.0
968020,201900009551,9,15,14:30,1,2,1,1.0,5.0,13215,VISTE (AVENUE DE LA),M,"43,3542700","5,3571600",13,2019,50.0,1.0,1.0,3.0,2163753,1.0,1,4,2,9.0,,-1.0, -1,1971.0,C01,138Â 288Â 633,1.0,0.0,-1.0,1652062,2.0,7,,0.0,2.0,1.0,A01,138Â 288Â 631,1.0
968020,201900009551,9,15,14:30,1,2,1,1.0,5.0,13215,VISTE (AVENUE DE LA),M,"43,3542700","5,3571600",13,2019,50.0,1.0,1.0,3.0,2163753,1.0,1,4,2,9.0,,-1.0, -1,1971.0,C01,138Â 288Â 633,1.0,0.0,-1.0,1652063,2.0,7,,0.0,2.0,9.0,B01,138Â 288Â 632,1.0
968020,201900009551,9,15,14:30,1,2,1,1.0,5.0,13215,VISTE (AVENUE DE LA),M,"43,3542700","5,3571600",13,2019,50.0,1.0,1.0,3.0,2163753,1.0,1,4,2,9.0,,-1.0, -1,1971.0,C01,138Â 288Â 633,1.0,0.0,-1.0,1652064,2.0,7,,0.0,2.0,3.0,C01,138Â 288Â 633,1.0
968021,201900009552,9,15,08:45,1,2,3,1.0,1.0,13207,RAMPE SAINT MAURICE,M,"43,2894670","5,3640480",13,2019,50.0,1.0,1.0,4.0,2163754,1.0,1,4,1,0.0,,-1.0,0,1988.0,B01,138Â 288Â 629,1.0,8.0,-1.0,1652065,2.0,7,,0.0,2.0,1.0,B01,138Â 288Â 629,1.0
968021,201900009552,9,15,08:45,1,2,3,1.0,1.0,13207,RAMPE SAINT MAURICE,M,"43,2894670","5,3640480",13,2019,50.0,1.0,1.0,4.0,2163754,1.0,1,4,1,0.0,,-1.0,0,1988.0,B01,138Â 288Â 629,1.0,8.0,-1.0,1652066,1.0,7,,8.0,2.0,1.0,A01,138Â 288Â 630,1.0
968021,201900009552,9,15,08:45,1,2,3,1.0,1.0,13207,RAMPE SAINT MAURICE,M,"43,2894670","5,3640480",13,2019,50.0,1.0,1.0,4.0,2163755,2.0,2,4,1,0.0,,-1.0, -1,1992.0,B01,138Â 288Â 629,1.0,8.0,-1.0,1652065,2.0,7,,0.0,2.0,1.0,B01,138Â 288Â 629,1.0
968021,201900009552,9,15,08:45,1,2,3,1.0,1.0,13207,RAMPE SAINT MAURICE,M,"43,2894670","5,3640480",13,2019,50.0,1.0,1.0,4.0,2163755,2.0,2,4,1,0.0,,-1.0, -1,1992.0,B01,138Â 288Â 629,1.0,8.0,-1.0,1652066,1.0,7,,8.0,2.0,1.0,A01,138Â 288Â 630,1.0
968021,201900009552,9,15,08:45,1,2,3,1.0,1.0,13207,RAMPE SAINT MAURICE,M,"43,2894670","5,3640480",13,2019,50.0,1.0,1.0,4.0,2163756,1.0,1,1,1,0.0,,-1.0,0,1997.0,A01,138Â 288Â 630,1.0,8.0,-1.0,1652065,2.0,7,,0.0,2.0,1.0,B01,138Â 288Â 629,1.0
968021,201900009552,9,15,08:45,1,2,3,1.0,1.0,13207,RAMPE SAINT MAURICE,M,"43,2894670","5,3640480",13,2019,50.0,1.0,1.0,4.0,2163756,1.0,1,1,1,0.0,,-1.0,0,1997.0,A01,138Â 288Â 630,1.0,8.0,-1.0,1652066,1.0,7,,8.0,2.0,1.0,A01,138Â 288Â 630,1.0
968022,201900009553,9,15,06:03,2,2,1,1.0,6.0,13214,CAPITAINE GEZE (BOULEVARD),M,"43,3302100","5,3701500",13,2019,50.0,4.0,1.0,4.0,2163757,1.0,1,1,1,0.0,,-1.0, -1,1975.0,B01,138Â 288Â 627,8.0,0.0,-1.0,1652067,3.0,7,,0.0,2.0,4.0,B01,138Â 288Â 627,0.0
968022,201900009553,9,15,06:03,2,2,1,1.0,6.0,13214,CAPITAINE GEZE (BOULEVARD),M,"43,3302100","5,3701500",13,2019,50.0,4.0,1.0,4.0,2163757,1.0,1,1,1,0.0,,-1.0, -1,1975.0,B01,138Â 288Â 627,8.0,0.0,-1.0,1652068,3.0,7,,0.0,2.0,0.0,A01,138Â 288Â 628,0.0
968022,201900009553,9,15,06:03,2,2,1,1.0,6.0,13214,CAPITAINE GEZE (BOULEVARD),M,"43,3302100","5,3701500",13,2019,50.0,4.0,1.0,4.0,2163758,1.0,1,3,1,0.0,,-1.0, -1,1986.0,A01,138Â 288Â 628,8.0,0.0,-1.0,1652067,3.0,7,,0.0,2.0,4.0,B01,138Â 288Â 627,0.0
968022,201900009553,9,15,06:03,2,2,1,1.0,6.0,13214,CAPITAINE GEZE (BOULEVARD),M,"43,3302100","5,3701500",13,2019,50.0,4.0,1.0,4.0,2163758,1.0,1,3,1,0.0,,-1.0, -1,1986.0,A01,138Â 288Â 628,8.0,0.0,-1.0,1652068,3.0,7,,0.0,2.0,0.0,A01,138Â 288Â 628,0.0
968023,201900009554,9,14,20:53,5,2,2,1.0,3.0,13202,PARIS (BOULEVARD DE),M,"43,3062000","5,3722600",13,2019,50.0,1.0,1.0,4.0,2163759,1.0,1,1,2,0.0,,-1.0,0,2000.0,A01,138Â 288Â 625,9.0,9.0,9.0,1652069,2.0,7,,0.0,2.0,7.0,A01,138Â 288Â 625,1.0
968023,201900009554,9,14,20:53,5,2,2,1.0,3.0,13202,PARIS (BOULEVARD DE),M,"43,3062000","5,3722600",13,2019,50.0,1.0,1.0,4.0,2163759,1.0,1,1,2,0.0,,-1.0,0,2000.0,A01,138Â 288Â 625,9.0,9.0,9.0,1652070,2.0,2,,0.0,2.0,1.0,B01,138Â 288Â 626,1.0
968023,201900009554,9,14,20:53,5,2,2,1.0,3.0,13202,PARIS (BOULEVARD DE),M,"43,3062000","5,3722600",13,2019,50.0,1.0,1.0,4.0,2163760,1.0,1,4,1,0.0,,-1.0,0,1994.0,B01,138Â 288Â 626,8.0,8.0,-1.0,1652069,2.0,7,,0.0,2.0,7.0,A01,138Â 288Â 625,1.0
968023,201900009554,9,14,20:53,5,2,2,1.0,3.0,13202,PARIS (BOULEVARD DE),M,"43,3062000","5,3722600",13,2019,50.0,1.0,1.0,4.0,2163760,1.0,1,4,1,0.0,,-1.0,0,1994.0,B01,138Â 288Â 626,8.0,8.0,-1.0,1652070,2.0,2,,0.0,2.0,1.0,B01,138Â 288Â 626,1.0
968024,201900009555,9,14,19:15,1,2,1,1.0,2.0,07102,MISTRAL (PONT FREDERIC),M,"44,9328600","4,8801800",7,2019,50.0,1.0,1.0,3.0,2163761,1.0,1,4,1,5.0,,-1.0, -1,1975.0,A01,138Â 288Â 623,8.0,0.0,-1.0,1652071,3.0,1,,0.0,2.0,1.0,A01,138Â 288Â 623,5.0
968024,201900009555,9,14,19:15,1,2,1,1.0,2.0,07102,MISTRAL (PONT FREDERIC),M,"44,9328600","4,8801800",7,2019,50.0,1.0,1.0,3.0,2163761,1.0,1,4,1,5.0,,-1.0, -1,1975.0,A01,138Â 288Â 623,8.0,0.0,-1.0,1652072,3.0,7,,0.0,6.0,5.0,B01,138Â 288Â 624,1.0
968024,201900009555,9,14,19:15,1,2,1,1.0,2.0,07102,MISTRAL (PONT FREDERIC),M,"44,9328600","4,8801800",7,2019,50.0,1.0,1.0,3.0,2163762,1.0,1,1,2,5.0,,-1.0, -1,1972.0,B01,138Â 288Â 624,1.0,0.0,-1.0,1652071,3.0,1,,0.0,2.0,1.0,A01,138Â 288Â 623,5.0
968024,201900009555,9,14,19:15,1,2,1,1.0,2.0,07102,MISTRAL (PONT FREDERIC),M,"44,9328600","4,8801800",7,2019,50.0,1.0,1.0,3.0,2163762,1.0,1,1,2,5.0,,-1.0, -1,1972.0,B01,138Â 288Â 624,1.0,0.0,-1.0,1652072,3.0,7,,0.0,6.0,5.0,B01,138Â 288Â 624,1.0
968025,201900009556,9,15,15:30,1,2,3,1.0,3.0,06029,BORDE (AVENUE DE LA),M,"43,5665270","6,9647990",6,2019,50.0,1.0,1.0,3.0,2163763,1.0,1,4,1,5.0,,0.0,0,1975.0,B01,138Â 288Â 621,2.0,8.0,-1.0,1652073,1.0,33,,0.0,2.0,1.0,B01,138Â 288Â 621,1.0
968025,201900009556,9,15,15:30,1,2,3,1.0,3.0,06029,BORDE (AVENUE DE LA),M,"43,5665270","6,9647990",6,2019,50.0,1.0,1.0,3.0,2163763,1.0,1,4,1,5.0,,0.0,0,1975.0,B01,138Â 288Â 621,2.0,8.0,-1.0,1652074,1.0,7,,0.0,2.0,5.0,A01,138Â 288Â 622,1.0
968025,201900009556,9,15,15:30,1,2,3,1.0,3.0,06029,BORDE (AVENUE DE LA),M,"43,5665270","6,9647990",6,2019,50.0,1.0,1.0,3.0,2163764,2.0,2,4,2,5.0,,0.0,0,1974.0,B01,138Â 288Â 621,2.0,8.0,-1.0,1652073,1.0,33,,0.0,2.0,1.0,B01,138Â 288Â 621,1.0