Unnamed: 0_x,num_acc,mois,jour,hrmn,lum,agg,int,atm,col,com,adr,gps,lat,long,dep,annee,vma,situ,surf,catr,Unnamed: 0_y,place,catu,grav,sexe,trajet,secu,locp,actp,an_nais,num_veh_x,id_vehicule_x,secu1,secu2,secu3,Unnamed: 0,senc,catv,occutc,obs,obsm,choc,num_veh_y,id_vehicule_y,motor
968025,201900009556,9,15,15:30,1,2,3,1.0,3.0,06029,BORDE (AVENUE DE LA),M,"43,5665270","6,9647990",6,2019,50.0,1.0,1.0,3.0,2163764,2.0,2,4,2,5.0,,0.0,0,1974.0,B01,138Â 288Â 621,2.0,8.0,-1.0,1652074,1.0,7,,0.0,2.0,5.0,A01,138Â 288Â 622,1.0
968025,201900009556,9,15,15:30,1,2,3,1.0,3.0,06029,BORDE (AVENUE DE LA),M,"43,5665270","6,9647990",6,2019,50.0,1.0,1.0,3.0,2163765,1.0,1,1,2,5.0,,0.0,0,1989.0,A01,138Â 288Â 622,1.0,0.0,-1.0,1652073,1.0,33,,0.0,2.0,1.0,B01,138Â 288Â 621,1.0
968025,201900009556,9,15,15:30,1,2,3,1.0,3.0,06029,BORDE (AVENUE DE LA),M,"43,5665270","6,9647990",6,2019,50.0,1.0,1.0,3.0,2163765,1.0,1,1,2,5.0,,0.0,0,1989.0,A01,138Â 288Â 622,1.0,0.0,-1.0,1652074,1.0,7,,0.0,2.0,5.0,A01,138Â 288Â 622,1.0
968026,201900009557,9,15,01:50,5,2,9,1.0,5.0,06123,BORD DE MER RN 98,M,"43,6568270","7,1806130",6,2019,50.0,1.0,1.0,4.0,2163766,1.0,1,1,1,5.0,,0.0,0,1987.0,A01,138Â 288Â 618,1.0,8.0,-1.0,1652075,1.0,7,,0.0,2.0,1.0,A01,138Â 288Â 618,1.0
968026,201900009557,9,15,01:50,5,2,9,1.0,5.0,06123,BORD DE MER RN 98,M,"43,6568270","7,1806130",6,2019,50.0,1.0,1.0,4.0,2163766,1.0,1,1,1,5.0,,0.0,0,1987.0,A01,138Â 288Â 618,1.0,8.0,-1.0,1652076,1.0,33,,0.0,2.0,4.0,B01,138Â 288Â 619,1.0
968026,201900009557,9,15,01:50,5,2,9,1.0,5.0,06123,BORD DE MER RN 98,M,"43,6568270","7,1806130",6,2019,50.0,1.0,1.0,4.0,2163766,1.0,1,1,1,5.0,,0.0,0,1987.0,A01,138Â 288Â 618,1.0,8.0,-1.0,1652077,1.0,7,,0.0,2.0,8.0,C01,138Â 288Â 620,1.0
968026,201900009557,9,15,01:50,5,2,9,1.0,5.0,06123,BORD DE MER RN 98,M,"43,6568270","7,1806130",6,2019,50.0,1.0,1.0,4.0,2163767,1.0,1,3,2,9.0,,0.0,0,1996.0,B01,138Â 288Â 619,2.0,6.0,-1.0,1652075,1.0,7,,0.0,2.0,1.0,A01,138Â 288Â 618,1.0
968026,201900009557,9,15,01:50,5,2,9,1.0,5.0,06123,BORD DE MER RN 98,M,"43,6568270","7,1806130",6,2019,50.0,1.0,1.0,4.0,2163767,1.0,1,3,2,9.0,,0.0,0,1996.0,B01,138Â 288Â 619,2.0,6.0,-1.0,1652076,1.0,33,,0.0,2.0,4.0,B01,138Â 288Â 619,1.0
968026,201900009557,9,15,01:50,5,2,9,1.0,5.0,06123,BORD DE MER RN 98,M,"43,6568270","7,1806130",6,2019,50.0,1.0,1.0,4.0,2163767,1.0,1,3,2,9.0,,0.0,0,1996.0,B01,138Â 288Â 619,2.0,6.0,-1.0,1652077,1.0,7,,0.0,2.0,8.0,C01,138Â 288Â 620,1.0
968026,201900009557,9,15,01:50,5,2,9,1.0,5.0,06123,BORD DE MER RN 98,M,"43,6568270","7,1806130",6,2019,50.0,1.0,1.0,4.0,2163768,1.0,1,4,2,5.0,,0.0,0,1982.0,C01,138Â 288Â 620,1.0,8.0,-1.0,1652075,1.0,7,,0.0,2.0,1.0,A01,138Â 288Â 618,1.0
968026,201900009557,9,15,01:50,5,2,9,1.0,5.0,06123,BORD DE MER RN 98,M,"43,6568270","7,1806130",6,2019,50.0,1.0,1.0,4.0,2163768,1.0,1,4,2,5.0,,0.0,0,1982.0,C01,138Â 288Â 620,1.0,8.0,-1.0,1652076,1.0,33,,0.0,2.0,4.0,B01,138Â 288Â 619,1.0
968026,201900009557,9,15,01:50,5,2,9,1.0,5.0,06123,BORD DE MER RN 98,M,"43,6568270","7,1806130",6,2019,50.0,1.0,1.0,4.0,2163768,1.0,1,4,2,5.0,,0.0,0,1982.0,C01,138Â 288Â 620,1.0,8.0,-1.0,1652077,1.0,7,,0.0,2.0,8.0,C01,138Â 288Â 620,1.0
968027,201900009558,9,14,17:00,1,2,6,1.0,3.0,06123,POMPIDOU GEORGES BOULEVARD,M,"43,6684070","7,1952800",6,2019,50.0,1.0,1.0,7.0,2163769,2.0,2,4,2,0.0,,0.0,0,1972.0,B01,138Â 288Â 616,2.0,0.0,-1.0,1652078,3.0,34,,0.0,2.0,7.0,B01,138Â 288Â 616,1.0
968027,201900009558,9,14,17:00,1,2,6,1.0,3.0,06123,POMPIDOU GEORGES BOULEVARD,M,"43,6684070","7,1952800",6,2019,50.0,1.0,1.0,7.0,2163769,2.0,2,4,2,0.0,,0.0,0,1972.0,B01,138Â 288Â 616,2.0,0.0,-1.0,1652079,3.0,7,,0.0,2.0,6.0,A01,138Â 288Â 617,1.0
968027,201900009558,9,14,17:00,1,2,6,1.0,3.0,06123,POMPIDOU GEORGES BOULEVARD,M,"43,6684070","7,1952800",6,2019,50.0,1.0,1.0,7.0,2163770,1.0,1,4,1,5.0,,0.0,0,1962.0,B01,138Â 288Â 616,2.0,0.0,-1.0,1652078,3.0,34,,0.0,2.0,7.0,B01,138Â 288Â 616,1.0
968027,201900009558,9,14,17:00,1,2,6,1.0,3.0,06123,POMPIDOU GEORGES BOULEVARD,M,"43,6684070","7,1952800",6,2019,50.0,1.0,1.0,7.0,2163770,1.0,1,4,1,5.0,,0.0,0,1962.0,B01,138Â 288Â 616,2.0,0.0,-1.0,1652079,3.0,7,,0.0,2.0,6.0,A01,138Â 288Â 617,1.0
968027,201900009558,9,14,17:00,1,2,6,1.0,3.0,06123,POMPIDOU GEORGES BOULEVARD,M,"43,6684070","7,1952800",6,2019,50.0,1.0,1.0,7.0,2163771,1.0,1,1,1,5.0,,0.0,0,1960.0,A01,138Â 288Â 617,1.0,0.0,-1.0,1652078,3.0,34,,0.0,2.0,7.0,B01,138Â 288Â 616,1.0
968027,201900009558,9,14,17:00,1,2,6,1.0,3.0,06123,POMPIDOU GEORGES BOULEVARD,M,"43,6684070","7,1952800",6,2019,50.0,1.0,1.0,7.0,2163771,1.0,1,1,1,5.0,,0.0,0,1960.0,A01,138Â 288Â 617,1.0,0.0,-1.0,1652079,3.0,7,,0.0,2.0,6.0,A01,138Â 288Â 617,1.0
968028,201900009559,9,14,19:45,1,1,1,1.0,1.0,04070,RD 12,M,"44,0556043","6,1720285",4,2019,50.0,1.0,1.0,3.0,2163772,1.0,1,4,2,5.0,,-1.0, -1,1945.0,B01,138Â 288Â 614,1.0,-1.0,-1.0,1652080,2.0,7,,0.0,2.0,1.0,B01,138Â 288Â 614,1.0
968028,201900009559,9,14,19:45,1,1,1,1.0,1.0,04070,RD 12,M,"44,0556043","6,1720285",4,2019,50.0,1.0,1.0,3.0,2163772,1.0,1,4,2,5.0,,-1.0, -1,1945.0,B01,138Â 288Â 614,1.0,-1.0,-1.0,1652081,1.0,7,,0.0,2.0,1.0,A01,138Â 288Â 615,1.0
968028,201900009559,9,14,19:45,1,1,1,1.0,1.0,04070,RD 12,M,"44,0556043","6,1720285",4,2019,50.0,1.0,1.0,3.0,2163773,1.0,1,1,1,5.0,,-1.0, -1,1990.0,A01,138Â 288Â 615,1.0,-1.0,-1.0,1652080,2.0,7,,0.0,2.0,1.0,B01,138Â 288Â 614,1.0
968028,201900009559,9,14,19:45,1,1,1,1.0,1.0,04070,RD 12,M,"44,0556043","6,1720285",4,2019,50.0,1.0,1.0,3.0,2163773,1.0,1,1,1,5.0,,-1.0, -1,1990.0,A01,138Â 288Â 615,1.0,-1.0,-1.0,1652081,1.0,7,,0.0,2.0,1.0,A01,138Â 288Â 615,1.0
968029,201900009560,9,13,13:30,1,2,1,1.0,4.0,75114,BD PERIPHERIQUE EXTERIEUR,M,"48,8189755","2,3303713",75,2019,70.0,1.0,1.0,4.0,2163774,1.0,1,1,1,4.0,,0.0,0,1975.0,A01,138Â 288Â 611,1.0,0.0,-1.0,1652082,2.0,10,,0.0,2.0,1.0,A01,138Â 288Â 611,1.0
968029,201900009560,9,13,13:30,1,2,1,1.0,4.0,75114,BD PERIPHERIQUE EXTERIEUR,M,"48,8189755","2,3303713",75,2019,70.0,1.0,1.0,4.0,2163774,1.0,1,1,1,4.0,,0.0,0,1975.0,A01,138Â 288Â 611,1.0,0.0,-1.0,1652083,2.0,7,,0.0,2.0,4.0,B01,138Â 288Â 612,1.0
968029,201900009560,9,13,13:30,1,2,1,1.0,4.0,75114,BD PERIPHERIQUE EXTERIEUR,M,"48,8189755","2,3303713",75,2019,70.0,1.0,1.0,4.0,2163774,1.0,1,1,1,4.0,,0.0,0,1975.0,A01,138Â 288Â 611,1.0,0.0,-1.0,1652084,2.0,7,,0.0,2.0,0.0,C01,138Â 288Â 613,1.0
968029,201900009560,9,13,13:30,1,2,1,1.0,4.0,75114,BD PERIPHERIQUE EXTERIEUR,M,"48,8189755","2,3303713",75,2019,70.0,1.0,1.0,4.0,2163775,2.0,2,4,2,5.0,,0.0,0,1952.0,B01,138Â 288Â 612,1.0,0.0,-1.0,1652082,2.0,10,,0.0,2.0,1.0,A01,138Â 288Â 611,1.0
968029,201900009560,9,13,13:30,1,2,1,1.0,4.0,75114,BD PERIPHERIQUE EXTERIEUR,M,"48,8189755","2,3303713",75,2019,70.0,1.0,1.0,4.0,2163775,2.0,2,4,2,5.0,,0.0,0,1952.0,B01,138Â 288Â 612,1.0,0.0,-1.0,1652083,2.0,7,,0.0,2.0,4.0,B01,138Â 288Â 612,1.0
968029,201900009560,9,13,13:30,1,2,1,1.0,4.0,75114,BD PERIPHERIQUE EXTERIEUR,M,"48,8189755","2,3303713",75,2019,70.0,1.0,1.0,4.0,2163775,2.0,2,4,2,5.0,,0.0,0,1952.0,B01,138Â 288Â 612,1.0,0.0,-1.0,1652084,2.0,7,,0.0,2.0,0.0,C01,138Â 288Â 613,1.0
968029,201900009560,9,13,13:30,1,2,1,1.0,4.0,75114,BD PERIPHERIQUE EXTERIEUR,M,"48,8189755","2,3303713",75,2019,70.0,1.0,1.0,4.0,2163776,1.0,1,1,1,1.0,,0.0,0,1986.0,B01,138Â 288Â 612,1.0,0.0,-1.0,1652082,2.0,10,,0.0,2.0,1.0,A01,138Â 288Â 611,1.0
968029,201900009560,9,13,13:30,1,2,1,1.0,4.0,75114,BD PERIPHERIQUE EXTERIEUR,M,"48,8189755","2,3303713",75,2019,70.0,1.0,1.0,4.0,2163776,1.0,1,1,1,1.0,,0.0,0,1986.0,B01,138Â 288Â 612,1.0,0.0,-1.0,1652083,2.0,7,,0.0,2.0,4.0,B01,138Â 288Â 612,1.0
968029,201900009560,9,13,13:30,1,2,1,1.0,4.0,75114,BD PERIPHERIQUE EXTERIEUR,M,"48,8189755","2,3303713",75,2019,70.0,1.0,1.0,4.0,2163776,1.0,1,1,1,1.0,,0.0,0,1986.0,B01,138Â 288Â 612,1.0,0.0,-1.0,1652084,2.0,7,,0.0,2.0,0.0,C01,138Â 288Â 613,1.0
968029,201900009560,9,13,13:30,1,2,1,1.0,4.0,75114,BD PERIPHERIQUE EXTERIEUR,M,"48,8189755","2,3303713",75,2019,70.0,1.0,1.0,4.0,2163777,1.0,1,4,2,1.0,,0.0,0,1986.0,C01,138Â 288Â 613,1.0,0.0,-1.0,1652082,2.0,10,,0.0,2.0,1.0,A01,138Â 288Â 611,1.0
968029,201900009560,9,13,13:30,1,2,1,1.0,4.0,75114,BD PERIPHERIQUE EXTERIEUR,M,"48,8189755","2,3303713",75,2019,70.0,1.0,1.0,4.0,2163777,1.0,1,4,2,1.0,,0.0,0,1986.0,C01,138Â 288Â 613,1.0,0.0,-1.0,1652083,2.0,7,,0.0,2.0,4.0,B01,138Â 288Â 612,1.0
968029,201900009560,9,13,13:30,1,2,1,1.0,4.0,75114,BD PERIPHERIQUE EXTERIEUR,M,"48,8189755","2,3303713",75,2019,70.0,1.0,1.0,4.0,2163777,1.0,1,4,2,1.0,,0.0,0,1986.0,C01,138Â 288Â 613,1.0,0.0,-1.0,1652084,2.0,7,,0.0,2.0,0.0,C01,138Â 288Â 613,1.0
968030,201900009561,9,15,14:30,1,2,1,1.0,3.0,75118,RUE ORDENER,M,"48,8919584","2,3474028",75,2019,50.0,1.0,1.0,4.0,2163778,1.0,1,4,1,5.0,,0.0,0,1980.0,B01,138Â 288Â 609,8.0,2.0,-1.0,1652085,2.0,1,,0.0,2.0,1.0,B01,138Â 288Â 609,5.0
968030,201900009561,9,15,14:30,1,2,1,1.0,3.0,75118,RUE ORDENER,M,"48,8919584","2,3474028",75,2019,50.0,1.0,1.0,4.0,2163778,1.0,1,4,1,5.0,,0.0,0,1980.0,B01,138Â 288Â 609,8.0,2.0,-1.0,1652086,2.0,7,,0.0,2.0,6.0,A01,138Â 288Â 610,2.0
968030,201900009561,9,15,14:30,1,2,1,1.0,3.0,75118,RUE ORDENER,M,"48,8919584","2,3474028",75,2019,50.0,1.0,1.0,4.0,2163779,1.0,1,1,1,4.0,,0.0,0,1973.0,A01,138Â 288Â 610,1.0,0.0,-1.0,1652085,2.0,1,,0.0,2.0,1.0,B01,138Â 288Â 609,5.0
968030,201900009561,9,15,14:30,1,2,1,1.0,3.0,75118,RUE ORDENER,M,"48,8919584","2,3474028",75,2019,50.0,1.0,1.0,4.0,2163779,1.0,1,1,1,4.0,,0.0,0,1973.0,A01,138Â 288Â 610,1.0,0.0,-1.0,1652086,2.0,7,,0.0,2.0,6.0,A01,138Â 288Â 610,2.0
968031,201900009562,9,14,12:35,1,2,3,1.0,6.0,75119,AVENUE DE LA PORTE D AUBERVILLIERS,M,"48,8998452","2,3702727",75,2019,50.0,1.0,1.0,4.0,2163780,1.0,1,1,1,5.0,,0.0,0,1982.0,A01,138Â 288Â 608,2.0,6.0,-1.0,1652087,2.0,32,,0.0,1.0,1.0,A01,138Â 288Â 608,1.0
968031,201900009562,9,14,12:35,1,2,3,1.0,6.0,75119,AVENUE DE LA PORTE D AUBERVILLIERS,M,"48,8998452","2,3702727",75,2019,50.0,1.0,1.0,4.0,2163781,10.0,3,4,1,0.0,,2.0,3,2003.0,A01,138Â 288Â 608,0.0,0.0,0.0,1652087,2.0,32,,0.0,1.0,1.0,A01,138Â 288Â 608,1.0
968032,201900009563,9,15,11:45,1,2,2,1.0,6.0,75107,RUE DU BAC,M,"48,8561610","2,3259880",75,2019,50.0,1.0,1.0,4.0,2163782,2.0,2,1,2,5.0,,0.0,0,1946.0,A01,138Â 288Â 607,1.0,0.0,-1.0,1652088,2.0,7,,0.0,1.0,1.0,A01,138Â 288Â 607,1.0
968032,201900009563,9,15,11:45,1,2,2,1.0,6.0,75107,RUE DU BAC,M,"48,8561610","2,3259880",75,2019,50.0,1.0,1.0,4.0,2163783,10.0,3,4,2,5.0,,4.0,3,1951.0,A01,138Â 288Â 607,0.0,0.0,0.0,1652088,2.0,7,,0.0,1.0,1.0,A01,138Â 288Â 607,1.0
968032,201900009563,9,15,11:45,1,2,2,1.0,6.0,75107,RUE DU BAC,M,"48,8561610","2,3259880",75,2019,50.0,1.0,1.0,4.0,2163784,1.0,1,1,1,5.0,,0.0,0,1946.0,A01,138Â 288Â 607,1.0,0.0,-1.0,1652088,2.0,7,,0.0,1.0,1.0,A01,138Â 288Â 607,1.0
968033,201900009564,9,13,22:30,5,2,2,1.0,1.0,75115,RUE DE LA CROIX NIVERT,M,"48,8386040","2,2894160",75,2019,50.0,1.0,1.0,4.0,2163785,3.0,2,1,1,4.0,,0.0,0,1991.0,B01,138Â 288Â 605,1.0,0.0,-1.0,1652089,2.0,7,,1.0,2.0,1.0,B01,138Â 288Â 605,1.0
968033,201900009564,9,13,22:30,5,2,2,1.0,1.0,75115,RUE DE LA CROIX NIVERT,M,"48,8386040","2,2894160",75,2019,50.0,1.0,1.0,4.0,2163785,3.0,2,1,1,4.0,,0.0,0,1991.0,B01,138Â 288Â 605,1.0,0.0,-1.0,1652090,1.0,33,,0.0,2.0,1.0,A01,138Â 288Â 606,1.0
968033,201900009564,9,13,22:30,5,2,2,1.0,1.0,75115,RUE DE LA CROIX NIVERT,M,"48,8386040","2,2894160",75,2019,50.0,1.0,1.0,4.0,2163786,1.0,1,1,1,4.0,,0.0,0,1967.0,B01,138Â 288Â 605,1.0,0.0,-1.0,1652089,2.0,7,,1.0,2.0,1.0,B01,138Â 288Â 605,1.0
968033,201900009564,9,13,22:30,5,2,2,1.0,1.0,75115,RUE DE LA CROIX NIVERT,M,"48,8386040","2,2894160",75,2019,50.0,1.0,1.0,4.0,2163786,1.0,1,1,1,4.0,,0.0,0,1967.0,B01,138Â 288Â 605,1.0,0.0,-1.0,1652090,1.0,33,,0.0,2.0,1.0,A01,138Â 288Â 606,1.0
968033,201900009564,9,13,22:30,5,2,2,1.0,1.0,75115,RUE DE LA CROIX NIVERT,M,"48,8386040","2,2894160",75,2019,50.0,1.0,1.0,4.0,2163787,1.0,1,4,1,5.0,,0.0,0,1967.0,A01,138Â 288Â 606,2.0,6.0,-1.0,1652089,2.0,7,,1.0,2.0,1.0,B01,138Â 288Â 605,1.0
968033,201900009564,9,13,22:30,5,2,2,1.0,1.0,75115,RUE DE LA CROIX NIVERT,M,"48,8386040","2,2894160",75,2019,50.0,1.0,1.0,4.0,2163787,1.0,1,4,1,5.0,,0.0,0,1967.0,A01,138Â 288Â 606,2.0,6.0,-1.0,1652090,1.0,33,,0.0,2.0,1.0,A01,138Â 288Â 606,1.0
968034,201900009565,9,15,19:15,1,2,1,1.0,3.0,75113,BOULEVARD AUGUSTE BLANQUI,M,"48,8298000","2,3511210",75,2019,30.0,1.0,1.0,4.0,2163788,1.0,1,1,1,0.0,,0.0,0,1967.0,A01,138Â 288Â 603,1.0,0.0,-1.0,1652091,2.0,7,,0.0,2.0,2.0,A01,138Â 288Â 603,1.0
968034,201900009565,9,15,19:15,1,2,1,1.0,3.0,75113,BOULEVARD AUGUSTE BLANQUI,M,"48,8298000","2,3511210",75,2019,30.0,1.0,1.0,4.0,2163788,1.0,1,1,1,0.0,,0.0,0,1967.0,A01,138Â 288Â 603,1.0,0.0,-1.0,1652092,2.0,30,,0.0,2.0,6.0,B01,138Â 288Â 604,1.0
968034,201900009565,9,15,19:15,1,2,1,1.0,3.0,75113,BOULEVARD AUGUSTE BLANQUI,M,"48,8298000","2,3511210",75,2019,30.0,1.0,1.0,4.0,2163789,1.0,1,4,1,4.0,,0.0,0,2000.0,B01,138Â 288Â 604,2.0,6.0,-1.0,1652091,2.0,7,,0.0,2.0,2.0,A01,138Â 288Â 603,1.0
968034,201900009565,9,15,19:15,1,2,1,1.0,3.0,75113,BOULEVARD AUGUSTE BLANQUI,M,"48,8298000","2,3511210",75,2019,30.0,1.0,1.0,4.0,2163789,1.0,1,4,1,4.0,,0.0,0,2000.0,B01,138Â 288Â 604,2.0,6.0,-1.0,1652092,2.0,30,,0.0,2.0,6.0,B01,138Â 288Â 604,1.0
968035,201900009566,9,15,17:30,1,2,1,7.0,3.0,75112,BOULEVARD PONIATOWSKI,M,"48,8290016","2,3894991",75,2019,50.0,1.0,1.0,4.0,2163790,1.0,1,1,1,5.0,,0.0,0,1990.0,B01,138Â 288Â 601,1.0,0.0,-1.0,1652093,2.0,7,,0.0,2.0,3.0,B01,138Â 288Â 601,1.0
968035,201900009566,9,15,17:30,1,2,1,7.0,3.0,75112,BOULEVARD PONIATOWSKI,M,"48,8290016","2,3894991",75,2019,50.0,1.0,1.0,4.0,2163790,1.0,1,1,1,5.0,,0.0,0,1990.0,B01,138Â 288Â 601,1.0,0.0,-1.0,1652094,2.0,33,,0.0,2.0,7.0,A01,138Â 288Â 602,1.0
968035,201900009566,9,15,17:30,1,2,1,7.0,3.0,75112,BOULEVARD PONIATOWSKI,M,"48,8290016","2,3894991",75,2019,50.0,1.0,1.0,4.0,2163791,2.0,2,1,2,5.0,,0.0,0,1991.0,B01,138Â 288Â 601,1.0,0.0,-1.0,1652093,2.0,7,,0.0,2.0,3.0,B01,138Â 288Â 601,1.0
968035,201900009566,9,15,17:30,1,2,1,7.0,3.0,75112,BOULEVARD PONIATOWSKI,M,"48,8290016","2,3894991",75,2019,50.0,1.0,1.0,4.0,2163791,2.0,2,1,2,5.0,,0.0,0,1991.0,B01,138Â 288Â 601,1.0,0.0,-1.0,1652094,2.0,33,,0.0,2.0,7.0,A01,138Â 288Â 602,1.0
968035,201900009566,9,15,17:30,1,2,1,7.0,3.0,75112,BOULEVARD PONIATOWSKI,M,"48,8290016","2,3894991",75,2019,50.0,1.0,1.0,4.0,2163792,2.0,2,4,2,5.0,,0.0,0,1988.0,A01,138Â 288Â 602,2.0,6.0,-1.0,1652093,2.0,7,,0.0,2.0,3.0,B01,138Â 288Â 601,1.0
968035,201900009566,9,15,17:30,1,2,1,7.0,3.0,75112,BOULEVARD PONIATOWSKI,M,"48,8290016","2,3894991",75,2019,50.0,1.0,1.0,4.0,2163792,2.0,2,4,2,5.0,,0.0,0,1988.0,A01,138Â 288Â 602,2.0,6.0,-1.0,1652094,2.0,33,,0.0,2.0,7.0,A01,138Â 288Â 602,1.0
968035,201900009566,9,15,17:30,1,2,1,7.0,3.0,75112,BOULEVARD PONIATOWSKI,M,"48,8290016","2,3894991",75,2019,50.0,1.0,1.0,4.0,2163793,1.0,1,4,1,5.0,,0.0,0,1993.0,A01,138Â 288Â 602,2.0,6.0,-1.0,1652093,2.0,7,,0.0,2.0,3.0,B01,138Â 288Â 601,1.0
968035,201900009566,9,15,17:30,1,2,1,7.0,3.0,75112,BOULEVARD PONIATOWSKI,M,"48,8290016","2,3894991",75,2019,50.0,1.0,1.0,4.0,2163793,1.0,1,4,1,5.0,,0.0,0,1993.0,A01,138Â 288Â 602,2.0,6.0,-1.0,1652094,2.0,33,,0.0,2.0,7.0,A01,138Â 288Â 602,1.0
968036,201900009567,9,15,04:00,5,2,1,1.0,2.0,75112,QUAI DE LA RAPEE,M,"48,8442277","2,3685501",75,2019,50.0,1.0,1.0,4.0,2163794,1.0,1,1,1,0.0,,0.0,0,1993.0,B01,138Â 288Â 599,1.0,0.0,-1.0,1652095,1.0,7,,0.0,2.0,4.0,B01,138Â 288Â 599,1.0
968036,201900009567,9,15,04:00,5,2,1,1.0,2.0,75112,QUAI DE LA RAPEE,M,"48,8442277","2,3685501",75,2019,50.0,1.0,1.0,4.0,2163794,1.0,1,1,1,0.0,,0.0,0,1993.0,B01,138Â 288Â 599,1.0,0.0,-1.0,1652096,1.0,33,,0.0,2.0,1.0,A01,138Â 288Â 600,1.0
968036,201900009567,9,15,04:00,5,2,1,1.0,2.0,75112,QUAI DE LA RAPEE,M,"48,8442277","2,3685501",75,2019,50.0,1.0,1.0,4.0,2163795,1.0,1,4,1,9.0,,0.0,0,1994.0,A01,138Â 288Â 600,2.0,6.0,-1.0,1652095,1.0,7,,0.0,2.0,4.0,B01,138Â 288Â 599,1.0
968036,201900009567,9,15,04:00,5,2,1,1.0,2.0,75112,QUAI DE LA RAPEE,M,"48,8442277","2,3685501",75,2019,50.0,1.0,1.0,4.0,2163795,1.0,1,4,1,9.0,,0.0,0,1994.0,A01,138Â 288Â 600,2.0,6.0,-1.0,1652096,1.0,33,,0.0,2.0,1.0,A01,138Â 288Â 600,1.0
968037,201900009568,9,15,05:55,5,2,2,1.0,3.0,75108,RUE LA BOETIE,M,"48,8739200","2,3158940",75,2019,50.0,1.0,1.0,4.0,2163796,1.0,1,1,2,5.0,,0.0,0,1993.0,A01,138Â 288Â 597,1.0,8.0,-1.0,1652097,1.0,7,,0.0,2.0,2.0,A01,138Â 288Â 597,1.0
968037,201900009568,9,15,05:55,5,2,2,1.0,3.0,75108,RUE LA BOETIE,M,"48,8739200","2,3158940",75,2019,50.0,1.0,1.0,4.0,2163796,1.0,1,1,2,5.0,,0.0,0,1993.0,A01,138Â 288Â 597,1.0,8.0,-1.0,1652098,1.0,7,,0.0,2.0,6.0,B01,138Â 288Â 598,1.0
968037,201900009568,9,15,05:55,5,2,2,1.0,3.0,75108,RUE LA BOETIE,M,"48,8739200","2,3158940",75,2019,50.0,1.0,1.0,4.0,2163797,1.0,1,4,2,5.0,,0.0,0,1994.0,B01,138Â 288Â 598,1.0,0.0,-1.0,1652097,1.0,7,,0.0,2.0,2.0,A01,138Â 288Â 597,1.0
968037,201900009568,9,15,05:55,5,2,2,1.0,3.0,75108,RUE LA BOETIE,M,"48,8739200","2,3158940",75,2019,50.0,1.0,1.0,4.0,2163797,1.0,1,4,2,5.0,,0.0,0,1994.0,B01,138Â 288Â 598,1.0,0.0,-1.0,1652098,1.0,7,,0.0,2.0,6.0,B01,138Â 288Â 598,1.0
968038,201900009569,9,15,16:20,1,2,4,1.0,6.0,75102,AVENUE DE L OPERA,M,"48,8677659","2,3335560",75,2019,50.0,6.0,1.0,4.0,2163798,10.0,3,4,2,0.0,,4.0,3,1945.0,A01,138Â 288Â 596,0.0,0.0,0.0,1652099,1.0,7,,0.0,1.0,8.0,A01,138Â 288Â 596,1.0
968038,201900009569,9,15,16:20,1,2,4,1.0,6.0,75102,AVENUE DE L OPERA,M,"48,8677659","2,3335560",75,2019,50.0,6.0,1.0,4.0,2163799,1.0,1,1,1,0.0,,0.0,0,1971.0,A01,138Â 288Â 596,1.0,0.0,-1.0,1652099,1.0,7,,0.0,1.0,8.0,A01,138Â 288Â 596,1.0
968039,201900009570,9,15,06:39,5,2,2,1.0,6.0,75102,RUE GRENETA,M,"48,8653576","2,3487162",75,2019,50.0,1.0,1.0,4.0,2163800,10.0,3,4,1,0.0,,1.0,3,1991.0,A01,138Â 288Â 595,0.0,0.0,0.0,1652100,2.0,7,,0.0,1.0,4.0,A01,138Â 288Â 595,1.0
968039,201900009570,9,15,06:39,5,2,2,1.0,6.0,75102,RUE GRENETA,M,"48,8653576","2,3487162",75,2019,50.0,1.0,1.0,4.0,2163801,1.0,1,1,1,4.0,,0.0,0,1973.0,A01,138Â 288Â 595,1.0,0.0,-1.0,1652100,2.0,7,,0.0,1.0,4.0,A01,138Â 288Â 595,1.0
968040,201900009571,9,14,15:05,1,2,6,1.0,2.0,94074,JULIEN DURANTON (avenue),M,"48,7528000","2,4544900",94,2019,50.0,1.0,1.0,3.0,2163802,1.0,1,1,1,0.0,,-1.0, -1,1959.0,A01,138Â 288Â 593,1.0,0.0,-1.0,1652101,1.0,7,,0.0,2.0,1.0,A01,138Â 288Â 593,1.0
968040,201900009571,9,14,15:05,1,2,6,1.0,2.0,94074,JULIEN DURANTON (avenue),M,"48,7528000","2,4544900",94,2019,50.0,1.0,1.0,3.0,2163802,1.0,1,1,1,0.0,,-1.0, -1,1959.0,A01,138Â 288Â 593,1.0,0.0,-1.0,1652102,1.0,31,,0.0,2.0,4.0,B01,138Â 288Â 594,1.0
968040,201900009571,9,14,15:05,1,2,6,1.0,2.0,94074,JULIEN DURANTON (avenue),M,"48,7528000","2,4544900",94,2019,50.0,1.0,1.0,3.0,2163803,1.0,1,1,1,0.0,,-1.0, -1,1986.0,B01,138Â 288Â 594,2.0,6.0,-1.0,1652101,1.0,7,,0.0,2.0,1.0,A01,138Â 288Â 593,1.0
968040,201900009571,9,14,15:05,1,2,6,1.0,2.0,94074,JULIEN DURANTON (avenue),M,"48,7528000","2,4544900",94,2019,50.0,1.0,1.0,3.0,2163803,1.0,1,1,1,0.0,,-1.0, -1,1986.0,B01,138Â 288Â 594,2.0,6.0,-1.0,1652102,1.0,31,,0.0,2.0,4.0,B01,138Â 288Â 594,1.0