Unnamed: 0_x,num_acc,mois,jour,hrmn,lum,agg,int,atm,col,com,adr,gps,lat,long,dep,annee,vma,situ,surf,catr,Unnamed: 0_y,place,catu,grav,sexe,trajet,secu,locp,actp,an_nais,num_veh_x,id_vehicule_x,secu1,secu2,secu3,Unnamed: 0,senc,catv,occutc,obs,obsm,choc,num_veh_y,id_vehicule_y,motor
968040,201900009571,9,14,15:05,1,2,6,1.0,2.0,94074,JULIEN DURANTON (avenue),M,"48,7528000","2,4544900",94,2019,50.0,1.0,1.0,3.0,2163804,2.0,2,4,2,0.0,,-1.0, -1,1981.0,B01,138Â 288Â 594,2.0,6.0,-1.0,1652101,1.0,7,,0.0,2.0,1.0,A01,138Â 288Â 593,1.0
968040,201900009571,9,14,15:05,1,2,6,1.0,2.0,94074,JULIEN DURANTON (avenue),M,"48,7528000","2,4544900",94,2019,50.0,1.0,1.0,3.0,2163804,2.0,2,4,2,0.0,,-1.0, -1,1981.0,B01,138Â 288Â 594,2.0,6.0,-1.0,1652102,1.0,31,,0.0,2.0,4.0,B01,138Â 288Â 594,1.0
968041,201900009572,9,15,22:30,5,2,3,1.0,3.0,94076,JEAN JAURES (R),M,"48,7908400","2,3665600",94,2019,50.0,1.0,1.0,3.0,2163805,1.0,1,4,1,0.0,,-1.0, -1,2000.0,B01,138Â 288Â 591,2.0,6.0,-1.0,1652103,1.0,30,,16.0,2.0,8.0,B01,138Â 288Â 591,0.0
968041,201900009572,9,15,22:30,5,2,3,1.0,3.0,94076,JEAN JAURES (R),M,"48,7908400","2,3665600",94,2019,50.0,1.0,1.0,3.0,2163805,1.0,1,4,1,0.0,,-1.0, -1,2000.0,B01,138Â 288Â 591,2.0,6.0,-1.0,1652104,1.0,7,,16.0,2.0,0.0,A01,138Â 288Â 592,0.0
968042,201900009573,9,15,03:00,5,2,1,1.0,6.0,94076,REPUBLIQUE (AV DE LA),M,"48,7884900","2,3641100",94,2019,50.0,4.0,1.0,3.0,2163806,1.0,1,3,1,5.0,,-1.0, -1,1965.0,A01,138Â 288Â 590,8.0,0.0,-1.0,1652105,2.0,7,,2.0,0.0,1.0,A01,138Â 288Â 590,1.0
968043,201900009574,9,15,10:30,1,2,3,1.0,3.0,93059,LAENNEC (AVENUE),M,"48,9621800","2,3720100",93,2019,50.0,3.0,1.0,3.0,2163807,1.0,1,4,1,0.0,,-1.0, -1,1994.0,A01,138Â 288Â 588,2.0,0.0,-1.0,1652106,0.0,32,,0.0,2.0,3.0,A01,138Â 288Â 588,0.0
968043,201900009574,9,15,10:30,1,2,3,1.0,3.0,93059,LAENNEC (AVENUE),M,"48,9621800","2,3720100",93,2019,50.0,3.0,1.0,3.0,2163807,1.0,1,4,1,0.0,,-1.0, -1,1994.0,A01,138Â 288Â 588,2.0,0.0,-1.0,1652107,1.0,7,,0.0,2.0,7.0,B01,138Â 288Â 589,0.0
968043,201900009574,9,15,10:30,1,2,3,1.0,3.0,93059,LAENNEC (AVENUE),M,"48,9621800","2,3720100",93,2019,50.0,3.0,1.0,3.0,2163808,1.0,1,1,1,0.0,,-1.0, -1,1985.0,B01,138Â 288Â 589,1.0,0.0,-1.0,1652106,0.0,32,,0.0,2.0,3.0,A01,138Â 288Â 588,0.0
968043,201900009574,9,15,10:30,1,2,3,1.0,3.0,93059,LAENNEC (AVENUE),M,"48,9621800","2,3720100",93,2019,50.0,3.0,1.0,3.0,2163808,1.0,1,1,1,0.0,,-1.0, -1,1985.0,B01,138Â 288Â 589,1.0,0.0,-1.0,1652107,1.0,7,,0.0,2.0,7.0,B01,138Â 288Â 589,0.0
968044,201900009575,9,14,19:15,2,2,2,1.0,3.0,93049,MARECHAL FOCH (AVENUE) PL J.MERMOZ->2 CO,M,"48,8625200","2,5039800",93,2019,30.0,1.0,1.0,3.0,2163809,1.0,1,4,1,9.0,,-1.0, -1,1971.0,B01,138Â 288Â 584,1.0,5.0,-1.0,1652108,2.0,7,,0.0,2.0,3.0,B01,138Â 288Â 584,1.0
968044,201900009575,9,14,19:15,2,2,2,1.0,3.0,93049,MARECHAL FOCH (AVENUE) PL J.MERMOZ->2 CO,M,"48,8625200","2,5039800",93,2019,30.0,1.0,1.0,3.0,2163809,1.0,1,4,1,9.0,,-1.0, -1,1971.0,B01,138Â 288Â 584,1.0,5.0,-1.0,1652109,3.0,7,,0.0,2.0,2.0,A01,138Â 288Â 585,1.0
968044,201900009575,9,14,19:15,2,2,2,1.0,3.0,93049,MARECHAL FOCH (AVENUE) PL J.MERMOZ->2 CO,M,"48,8625200","2,5039800",93,2019,30.0,1.0,1.0,3.0,2163810,2.0,2,4,2,5.0,,-1.0, -1,1999.0,A01,138Â 288Â 585,1.0,0.0,-1.0,1652108,2.0,7,,0.0,2.0,3.0,B01,138Â 288Â 584,1.0
968044,201900009575,9,14,19:15,2,2,2,1.0,3.0,93049,MARECHAL FOCH (AVENUE) PL J.MERMOZ->2 CO,M,"48,8625200","2,5039800",93,2019,30.0,1.0,1.0,3.0,2163810,2.0,2,4,2,5.0,,-1.0, -1,1999.0,A01,138Â 288Â 585,1.0,0.0,-1.0,1652109,3.0,7,,0.0,2.0,2.0,A01,138Â 288Â 585,1.0
968044,201900009575,9,14,19:15,2,2,2,1.0,3.0,93049,MARECHAL FOCH (AVENUE) PL J.MERMOZ->2 CO,M,"48,8625200","2,5039800",93,2019,30.0,1.0,1.0,3.0,2163811,1.0,1,1,1,5.0,,-1.0, -1,1996.0,A01,138Â 288Â 585,1.0,8.0,-1.0,1652108,2.0,7,,0.0,2.0,3.0,B01,138Â 288Â 584,1.0
968044,201900009575,9,14,19:15,2,2,2,1.0,3.0,93049,MARECHAL FOCH (AVENUE) PL J.MERMOZ->2 CO,M,"48,8625200","2,5039800",93,2019,30.0,1.0,1.0,3.0,2163811,1.0,1,1,1,5.0,,-1.0, -1,1996.0,A01,138Â 288Â 585,1.0,8.0,-1.0,1652109,3.0,7,,0.0,2.0,2.0,A01,138Â 288Â 585,1.0
968045,201900009576,9,14,16:45,1,2,2,1.0,6.0,93031,MARNE (AVENUE DE LA),M,"48,9500000","2,3200000",93,2019,50.0,1.0,1.0,4.0,2163812,10.0,3,4,2,0.0,,2.0,3,2002.0,A01,138Â 288Â 583,8.0,0.0,-1.0,1652110,0.0,7,,0.0,1.0,1.0,A01,138Â 288Â 583,1.0
968045,201900009576,9,14,16:45,1,2,2,1.0,6.0,93031,MARNE (AVENUE DE LA),M,"48,9500000","2,3200000",93,2019,50.0,1.0,1.0,4.0,2163813,1.0,1,1,1,0.0,,0.0,0,1965.0,A01,138Â 288Â 583,1.0,0.0,-1.0,1652110,0.0,7,,0.0,1.0,1.0,A01,138Â 288Â 583,1.0
968046,201900009577,9,15,10:00,1,2,1,1.0,6.0,92073,DUCLAUX (RUE EMILE),M,"48,8781400","2,2361500",92,2019,30.0,1.0,1.0,7.0,2163814,10.0,3,3,1,5.0,,1.0,3,1956.0,A01,138Â 288Â 582,0.0,0.0,-1.0,1652111,1.0,1,,0.0,1.0,1.0,A01,138Â 288Â 582,5.0
968046,201900009577,9,15,10:00,1,2,1,1.0,6.0,92073,DUCLAUX (RUE EMILE),M,"48,8781400","2,2361500",92,2019,30.0,1.0,1.0,7.0,2163815,1.0,1,4,1,5.0,,-1.0,0,1984.0,A01,138Â 288Â 582,2.0,8.0,-1.0,1652111,1.0,1,,0.0,1.0,1.0,A01,138Â 288Â 582,5.0
968047,201900009578,9,15,11:30,1,2,1,1.0,2.0,92012,QUATRE SEPTEMBRE (QUAI DU),M,"48,8454619","2,2267542",92,2019,50.0,1.0,1.0,3.0,2163816,1.0,1,1,1,0.0,,-1.0, -1,1961.0,A01,138Â 288Â 580,1.0,0.0,-1.0,1652112,2.0,7,,0.0,2.0,6.0,A01,138Â 288Â 580,0.0
968047,201900009578,9,15,11:30,1,2,1,1.0,2.0,92012,QUATRE SEPTEMBRE (QUAI DU),M,"48,8454619","2,2267542",92,2019,50.0,1.0,1.0,3.0,2163816,1.0,1,1,1,0.0,,-1.0, -1,1961.0,A01,138Â 288Â 580,1.0,0.0,-1.0,1652113,2.0,32,,0.0,2.0,1.0,B01,138Â 288Â 581,0.0
968047,201900009578,9,15,11:30,1,2,1,1.0,2.0,92012,QUATRE SEPTEMBRE (QUAI DU),M,"48,8454619","2,2267542",92,2019,50.0,1.0,1.0,3.0,2163817,1.0,1,3,1,0.0,,-1.0, -1,1976.0,B01,138Â 288Â 581,2.0,0.0,-1.0,1652112,2.0,7,,0.0,2.0,6.0,A01,138Â 288Â 580,0.0
968047,201900009578,9,15,11:30,1,2,1,1.0,2.0,92012,QUATRE SEPTEMBRE (QUAI DU),M,"48,8454619","2,2267542",92,2019,50.0,1.0,1.0,3.0,2163817,1.0,1,3,1,0.0,,-1.0, -1,1976.0,B01,138Â 288Â 581,2.0,0.0,-1.0,1652113,2.0,32,,0.0,2.0,1.0,B01,138Â 288Â 581,0.0
968048,201900009579,9,15,16:00,1,1,2,1.0,2.0,49092,La JoliniÃ¨re (CossÃ©-d'Anjou),M,"47,1762510"," -0,6777800",49,2019,80.0,1.0,1.0,3.0,2163818,1.0,1,4,1,5.0,,0.0,0,1996.0,A01,138Â 288Â 576,2.0,6.0,-1.0,1652114,0.0,33,,0.0,2.0,1.0,A01,138Â 288Â 576,0.0
968048,201900009579,9,15,16:00,1,1,2,1.0,2.0,49092,La JoliniÃ¨re (CossÃ©-d'Anjou),M,"47,1762510"," -0,6777800",49,2019,80.0,1.0,1.0,3.0,2163818,1.0,1,4,1,5.0,,0.0,0,1996.0,A01,138Â 288Â 576,2.0,6.0,-1.0,1652115,0.0,33,,0.0,2.0,4.0,B01,138Â 288Â 577,0.0
968048,201900009579,9,15,16:00,1,1,2,1.0,2.0,49092,La JoliniÃ¨re (CossÃ©-d'Anjou),M,"47,1762510"," -0,6777800",49,2019,80.0,1.0,1.0,3.0,2163819,1.0,1,3,1,5.0,,0.0,0,1996.0,B01,138Â 288Â 577,2.0,6.0,-1.0,1652114,0.0,33,,0.0,2.0,1.0,A01,138Â 288Â 576,0.0
968048,201900009579,9,15,16:00,1,1,2,1.0,2.0,49092,La JoliniÃ¨re (CossÃ©-d'Anjou),M,"47,1762510"," -0,6777800",49,2019,80.0,1.0,1.0,3.0,2163819,1.0,1,3,1,5.0,,0.0,0,1996.0,B01,138Â 288Â 577,2.0,6.0,-1.0,1652115,0.0,33,,0.0,2.0,4.0,B01,138Â 288Â 577,0.0
968049,201900009580,9,16,12:20,1,2,1,1.0,3.0,97412,36 Rue Marcel Pagnol,M," -21,3788520","55,6600720",974,2019,-1.0,1.0,1.0,2.0,2163820,1.0,1,4,1,1.0,,0.0,0,1982.0,B01,138Â 288Â 574,2.0,6.0,-1.0,1652116,2.0,2,,0.0,2.0,1.0,B01,138Â 288Â 574,1.0
968049,201900009580,9,16,12:20,1,2,1,1.0,3.0,97412,36 Rue Marcel Pagnol,M," -21,3788520","55,6600720",974,2019,-1.0,1.0,1.0,2.0,2163820,1.0,1,4,1,1.0,,0.0,0,1982.0,B01,138Â 288Â 574,2.0,6.0,-1.0,1652117,2.0,7,,0.0,0.0,6.0,A01,138Â 288Â 575,1.0
968049,201900009580,9,16,12:20,1,2,1,1.0,3.0,97412,36 Rue Marcel Pagnol,M," -21,3788520","55,6600720",974,2019,-1.0,1.0,1.0,2.0,2163821,1.0,1,1,2,1.0,,0.0,0,1994.0,A01,138Â 288Â 575,1.0,-1.0,-1.0,1652116,2.0,2,,0.0,2.0,1.0,B01,138Â 288Â 574,1.0
968049,201900009580,9,16,12:20,1,2,1,1.0,3.0,97412,36 Rue Marcel Pagnol,M," -21,3788520","55,6600720",974,2019,-1.0,1.0,1.0,2.0,2163821,1.0,1,1,2,1.0,,0.0,0,1994.0,A01,138Â 288Â 575,1.0,-1.0,-1.0,1652117,2.0,7,,0.0,0.0,6.0,A01,138Â 288Â 575,1.0
968050,201900009581,9,15,14:15,1,1,1,1.0,6.0,97221,D8,M,"14,5092530"," -60,9581800",972,2019,80.0,3.0,1.0,3.0,2163822,1.0,1,3,1,5.0,,0.0,0,1993.0,A01,138Â 288Â 573,2.0,-1.0,-1.0,1652118,1.0,33,,4.0,0.0,1.0,A01,138Â 288Â 573,1.0
968051,201900009582,9,15,13:50,1,2,3,1.0,1.0,60257,Rue de Beauvais,M,"49,2557721","1,9820058",60,2019,50.0,1.0,1.0,3.0,2163823,1.0,1,1,2,5.0,,0.0,0,2000.0,A01,138Â 288Â 571,1.0,-1.0,-1.0,1652119,0.0,7,,0.0,2.0,3.0,A01,138Â 288Â 571,1.0
968051,201900009582,9,15,13:50,1,2,3,1.0,1.0,60257,Rue de Beauvais,M,"49,2557721","1,9820058",60,2019,50.0,1.0,1.0,3.0,2163823,1.0,1,1,2,5.0,,0.0,0,2000.0,A01,138Â 288Â 571,1.0,-1.0,-1.0,1652120,0.0,7,,0.0,2.0,1.0,B01,138Â 288Â 572,1.0
968051,201900009582,9,15,13:50,1,2,3,1.0,1.0,60257,Rue de Beauvais,M,"49,2557721","1,9820058",60,2019,50.0,1.0,1.0,3.0,2163824,7.0,2,3,1,5.0,,0.0,0,2002.0,A01,138Â 288Â 571,1.0,-1.0,-1.0,1652119,0.0,7,,0.0,2.0,3.0,A01,138Â 288Â 571,1.0
968051,201900009582,9,15,13:50,1,2,3,1.0,1.0,60257,Rue de Beauvais,M,"49,2557721","1,9820058",60,2019,50.0,1.0,1.0,3.0,2163824,7.0,2,3,1,5.0,,0.0,0,2002.0,A01,138Â 288Â 571,1.0,-1.0,-1.0,1652120,0.0,7,,0.0,2.0,1.0,B01,138Â 288Â 572,1.0
968051,201900009582,9,15,13:50,1,2,3,1.0,1.0,60257,Rue de Beauvais,M,"49,2557721","1,9820058",60,2019,50.0,1.0,1.0,3.0,2163825,2.0,2,1,1,5.0,,0.0,0,2000.0,A01,138Â 288Â 571,1.0,-1.0,-1.0,1652119,0.0,7,,0.0,2.0,3.0,A01,138Â 288Â 571,1.0
968051,201900009582,9,15,13:50,1,2,3,1.0,1.0,60257,Rue de Beauvais,M,"49,2557721","1,9820058",60,2019,50.0,1.0,1.0,3.0,2163825,2.0,2,1,1,5.0,,0.0,0,2000.0,A01,138Â 288Â 571,1.0,-1.0,-1.0,1652120,0.0,7,,0.0,2.0,1.0,B01,138Â 288Â 572,1.0
968051,201900009582,9,15,13:50,1,2,3,1.0,1.0,60257,Rue de Beauvais,M,"49,2557721","1,9820058",60,2019,50.0,1.0,1.0,3.0,2163826,1.0,1,1,1,5.0,,0.0,0,1984.0,B01,138Â 288Â 572,1.0,-1.0,-1.0,1652119,0.0,7,,0.0,2.0,3.0,A01,138Â 288Â 571,1.0
968051,201900009582,9,15,13:50,1,2,3,1.0,1.0,60257,Rue de Beauvais,M,"49,2557721","1,9820058",60,2019,50.0,1.0,1.0,3.0,2163826,1.0,1,1,1,5.0,,0.0,0,1984.0,B01,138Â 288Â 572,1.0,-1.0,-1.0,1652120,0.0,7,,0.0,2.0,1.0,B01,138Â 288Â 572,1.0
968052,201900009583,9,15,19:15,1,1,1,1.0,1.0,46070,RD 149,M,"44,3484110","1,4868140",46,2019,80.0,1.0,1.0,3.0,2163827,1.0,1,3,1,5.0,,0.0,0,1965.0,A01,138Â 288Â 569,1.0,-1.0,-1.0,1652121,1.0,7,,0.0,2.0,3.0,A01,138Â 288Â 569,1.0
968052,201900009583,9,15,19:15,1,1,1,1.0,1.0,46070,RD 149,M,"44,3484110","1,4868140",46,2019,80.0,1.0,1.0,3.0,2163827,1.0,1,3,1,5.0,,0.0,0,1965.0,A01,138Â 288Â 569,1.0,-1.0,-1.0,1652122,2.0,7,,0.0,2.0,3.0,B01,138Â 288Â 570,1.0
968052,201900009583,9,15,19:15,1,1,1,1.0,1.0,46070,RD 149,M,"44,3484110","1,4868140",46,2019,80.0,1.0,1.0,3.0,2163828,1.0,1,4,1,5.0,,0.0,0,1981.0,B01,138Â 288Â 570,1.0,-1.0,-1.0,1652121,1.0,7,,0.0,2.0,3.0,A01,138Â 288Â 569,1.0
968052,201900009583,9,15,19:15,1,1,1,1.0,1.0,46070,RD 149,M,"44,3484110","1,4868140",46,2019,80.0,1.0,1.0,3.0,2163828,1.0,1,4,1,5.0,,0.0,0,1981.0,B01,138Â 288Â 570,1.0,-1.0,-1.0,1652122,2.0,7,,0.0,2.0,3.0,B01,138Â 288Â 570,1.0
968052,201900009583,9,15,19:15,1,1,1,1.0,1.0,46070,RD 149,M,"44,3484110","1,4868140",46,2019,80.0,1.0,1.0,3.0,2163829,9.0,2,1,2,9.0,,0.0,0,2012.0,B01,138Â 288Â 570,1.0,-1.0,-1.0,1652121,1.0,7,,0.0,2.0,3.0,A01,138Â 288Â 569,1.0
968052,201900009583,9,15,19:15,1,1,1,1.0,1.0,46070,RD 149,M,"44,3484110","1,4868140",46,2019,80.0,1.0,1.0,3.0,2163829,9.0,2,1,2,9.0,,0.0,0,2012.0,B01,138Â 288Â 570,1.0,-1.0,-1.0,1652122,2.0,7,,0.0,2.0,3.0,B01,138Â 288Â 570,1.0
968053,201900009584,9,15,19:00,1,1,1,1.0,7.0,74019,Route de l'AigliÃ¨re,M,"45,9376320","6,1409220",74,2019,90.0,3.0,1.0,3.0,2163830,1.0,1,2,1,5.0,,0.0,0,1950.0,A01,138Â 288Â 568,2.0,-1.0,-1.0,1652123,2.0,33,,0.0,0.0,7.0,A01,138Â 288Â 568,1.0
968054,201900009585,9,16,08:30,1,1,4,1.0,1.0,38368,D 520,M,"45,3864800","5,5266300",38,2019,70.0,1.0,1.0,3.0,2163831,1.0,1,4,1,4.0,,0.0,0,1975.0,A01,138Â 288Â 566,1.0,-1.0,-1.0,1652124,1.0,10,,0.0,2.0,3.0,A01,138Â 288Â 566,1.0
968054,201900009585,9,16,08:30,1,1,4,1.0,1.0,38368,D 520,M,"45,3864800","5,5266300",38,2019,70.0,1.0,1.0,3.0,2163831,1.0,1,4,1,4.0,,0.0,0,1975.0,A01,138Â 288Â 566,1.0,-1.0,-1.0,1652125,2.0,33,,0.0,2.0,1.0,B01,138Â 288Â 567,1.0
968054,201900009585,9,16,08:30,1,1,4,1.0,1.0,38368,D 520,M,"45,3864800","5,5266300",38,2019,70.0,1.0,1.0,3.0,2163832,1.0,1,2,1,1.0,,0.0,0,1991.0,B01,138Â 288Â 567,2.0,-1.0,-1.0,1652124,1.0,10,,0.0,2.0,3.0,A01,138Â 288Â 566,1.0
968054,201900009585,9,16,08:30,1,1,4,1.0,1.0,38368,D 520,M,"45,3864800","5,5266300",38,2019,70.0,1.0,1.0,3.0,2163832,1.0,1,2,1,1.0,,0.0,0,1991.0,B01,138Â 288Â 567,2.0,-1.0,-1.0,1652125,2.0,33,,0.0,2.0,1.0,B01,138Â 288Â 567,1.0
968055,201900009586,9,16,20:55,3,1,1,1.0,6.0,97413,Rn1,M," -21,2154310","55,2959160",974,2019,110.0,8.0,1.0,2.0,2163833,1.0,1,2,1,5.0,,0.0,0,1991.0,A01,138Â 288Â 565,2.0,6.0,-1.0,1652126,1.0,33,,3.0,0.0,2.0,A01,138Â 288Â 565,1.0
968056,201900009587,9,15,17:30,1,1,2,1.0,1.0,62184,RD14,M,"50,2060600","3,0405750",62,2019,80.0,1.0,1.0,2.0,2163834,1.0,1,4,2,0.0,,0.0,0,1988.0,A01,138Â 288Â 563,1.0,-1.0,-1.0,1652127,2.0,7,,0.0,2.0,1.0,A01,138Â 288Â 563,1.0
968056,201900009587,9,15,17:30,1,1,2,1.0,1.0,62184,RD14,M,"50,2060600","3,0405750",62,2019,80.0,1.0,1.0,2.0,2163834,1.0,1,4,2,0.0,,0.0,0,1988.0,A01,138Â 288Â 563,1.0,-1.0,-1.0,1652128,2.0,7,,0.0,2.0,0.0,B01,138Â 288Â 564,1.0
968056,201900009587,9,15,17:30,1,1,2,1.0,1.0,62184,RD14,M,"50,2060600","3,0405750",62,2019,80.0,1.0,1.0,2.0,2163835,2.0,2,4,1,0.0,,0.0,0,1991.0,A01,138Â 288Â 563,1.0,-1.0,-1.0,1652127,2.0,7,,0.0,2.0,1.0,A01,138Â 288Â 563,1.0
968056,201900009587,9,15,17:30,1,1,2,1.0,1.0,62184,RD14,M,"50,2060600","3,0405750",62,2019,80.0,1.0,1.0,2.0,2163835,2.0,2,4,1,0.0,,0.0,0,1991.0,A01,138Â 288Â 563,1.0,-1.0,-1.0,1652128,2.0,7,,0.0,2.0,0.0,B01,138Â 288Â 564,1.0
968056,201900009587,9,15,17:30,1,1,2,1.0,1.0,62184,RD14,M,"50,2060600","3,0405750",62,2019,80.0,1.0,1.0,2.0,2163836,1.0,1,4,2,1.0,,0.0,0,1980.0,B01,138Â 288Â 564,1.0,-1.0,-1.0,1652127,2.0,7,,0.0,2.0,1.0,A01,138Â 288Â 563,1.0
968056,201900009587,9,15,17:30,1,1,2,1.0,1.0,62184,RD14,M,"50,2060600","3,0405750",62,2019,80.0,1.0,1.0,2.0,2163836,1.0,1,4,2,1.0,,0.0,0,1980.0,B01,138Â 288Â 564,1.0,-1.0,-1.0,1652128,2.0,7,,0.0,2.0,0.0,B01,138Â 288Â 564,1.0
968057,201900009588,9,10,12:00,1,2,9,1.0,6.0,77359,1 Square des Sablons,M,"48,4813280","2,5483840",77,2019,50.0,1.0,1.0,4.0,2163837,10.0,3,3,2,5.0,,5.0,3,1937.0,A01,138Â 288Â 562,0.0,-1.0,-1.0,1652129,3.0,7,,0.0,1.0,4.0,A01,138Â 288Â 562,1.0
968057,201900009588,9,10,12:00,1,2,9,1.0,6.0,77359,1 Square des Sablons,M,"48,4813280","2,5483840",77,2019,50.0,1.0,1.0,4.0,2163838,1.0,1,1,1,3.0,,0.0,0,1937.0,A01,138Â 288Â 562,1.0,-1.0,-1.0,1652129,3.0,7,,0.0,1.0,4.0,A01,138Â 288Â 562,1.0
968058,201900009589,9,16,08:15,2,2,3,1.0,5.0,51370,RUE BASSE,M,"49,1294817","4,8883641",51,2019,50.0,1.0,1.0,3.0,2163839,1.0,1,1,2,1.0,,0.0,0,1971.0,C01,138Â 288Â 559,1.0,-1.0,-1.0,1652130,1.0,7,,0.0,0.0,8.0,C01,138Â 288Â 559,0.0
968058,201900009589,9,16,08:15,2,2,3,1.0,5.0,51370,RUE BASSE,M,"49,1294817","4,8883641",51,2019,50.0,1.0,1.0,3.0,2163839,1.0,1,1,2,1.0,,0.0,0,1971.0,C01,138Â 288Â 559,1.0,-1.0,-1.0,1652131,2.0,7,,0.0,2.0,3.0,B01,138Â 288Â 560,6.0
968058,201900009589,9,16,08:15,2,2,3,1.0,5.0,51370,RUE BASSE,M,"49,1294817","4,8883641",51,2019,50.0,1.0,1.0,3.0,2163839,1.0,1,1,2,1.0,,0.0,0,1971.0,C01,138Â 288Â 559,1.0,-1.0,-1.0,1652132,1.0,7,,0.0,2.0,1.0,A01,138Â 288Â 561,6.0
968058,201900009589,9,16,08:15,2,2,3,1.0,5.0,51370,RUE BASSE,M,"49,1294817","4,8883641",51,2019,50.0,1.0,1.0,3.0,2163840,1.0,1,4,2,1.0,,0.0,0,1990.0,B01,138Â 288Â 560,1.0,-1.0,-1.0,1652130,1.0,7,,0.0,0.0,8.0,C01,138Â 288Â 559,0.0
968058,201900009589,9,16,08:15,2,2,3,1.0,5.0,51370,RUE BASSE,M,"49,1294817","4,8883641",51,2019,50.0,1.0,1.0,3.0,2163840,1.0,1,4,2,1.0,,0.0,0,1990.0,B01,138Â 288Â 560,1.0,-1.0,-1.0,1652131,2.0,7,,0.0,2.0,3.0,B01,138Â 288Â 560,6.0
968058,201900009589,9,16,08:15,2,2,3,1.0,5.0,51370,RUE BASSE,M,"49,1294817","4,8883641",51,2019,50.0,1.0,1.0,3.0,2163840,1.0,1,4,2,1.0,,0.0,0,1990.0,B01,138Â 288Â 560,1.0,-1.0,-1.0,1652132,1.0,7,,0.0,2.0,1.0,A01,138Â 288Â 561,6.0
968058,201900009589,9,16,08:15,2,2,3,1.0,5.0,51370,RUE BASSE,M,"49,1294817","4,8883641",51,2019,50.0,1.0,1.0,3.0,2163841,1.0,1,1,2,2.0,,0.0,0,1984.0,A01,138Â 288Â 561,1.0,-1.0,-1.0,1652130,1.0,7,,0.0,0.0,8.0,C01,138Â 288Â 559,0.0
968058,201900009589,9,16,08:15,2,2,3,1.0,5.0,51370,RUE BASSE,M,"49,1294817","4,8883641",51,2019,50.0,1.0,1.0,3.0,2163841,1.0,1,1,2,2.0,,0.0,0,1984.0,A01,138Â 288Â 561,1.0,-1.0,-1.0,1652131,2.0,7,,0.0,2.0,3.0,B01,138Â 288Â 560,6.0
968058,201900009589,9,16,08:15,2,2,3,1.0,5.0,51370,RUE BASSE,M,"49,1294817","4,8883641",51,2019,50.0,1.0,1.0,3.0,2163841,1.0,1,1,2,2.0,,0.0,0,1984.0,A01,138Â 288Â 561,1.0,-1.0,-1.0,1652132,1.0,7,,0.0,2.0,1.0,A01,138Â 288Â 561,6.0
968059,201900009590,9,7,13:50,1,1,4,1.0,3.0,56168,Kerhellegant,M,"47,6101951"," -3,1250791",56,2019,80.0,1.0,1.0,3.0,2163842,1.0,1,3,1,5.0,,0.0,0,1964.0,A01,138Â 288Â 557,2.0,-1.0,-1.0,1652133,2.0,33,,0.0,2.0,1.0,A01,138Â 288Â 557,1.0
968059,201900009590,9,7,13:50,1,1,4,1.0,3.0,56168,Kerhellegant,M,"47,6101951"," -3,1250791",56,2019,80.0,1.0,1.0,3.0,2163842,1.0,1,3,1,5.0,,0.0,0,1964.0,A01,138Â 288Â 557,2.0,-1.0,-1.0,1652134,2.0,7,,0.0,2.0,8.0,B01,138Â 288Â 558,1.0
968059,201900009590,9,7,13:50,1,1,4,1.0,3.0,56168,Kerhellegant,M,"47,6101951"," -3,1250791",56,2019,80.0,1.0,1.0,3.0,2163843,1.0,1,4,1,1.0,,0.0,0,1985.0,B01,138Â 288Â 558,1.0,-1.0,-1.0,1652133,2.0,33,,0.0,2.0,1.0,A01,138Â 288Â 557,1.0
968059,201900009590,9,7,13:50,1,1,4,1.0,3.0,56168,Kerhellegant,M,"47,6101951"," -3,1250791",56,2019,80.0,1.0,1.0,3.0,2163843,1.0,1,4,1,1.0,,0.0,0,1985.0,B01,138Â 288Â 558,1.0,-1.0,-1.0,1652134,2.0,7,,0.0,2.0,8.0,B01,138Â 288Â 558,1.0
968060,201900009591,9,16,17:15,1,1,1,1.0,7.0,77246,"D74, PK8+300",M,"48,5544300","3,4064800",77,2019,80.0,3.0,1.0,3.0,2163844,1.0,1,4,1,0.0,,0.0,0,1976.0,A01,138Â 288Â 556,1.0,-1.0,-1.0,1652135,1.0,7,,0.0,0.0,3.0,A01,138Â 288Â 556,0.0
968060,201900009591,9,16,17:15,1,1,1,1.0,7.0,77246,"D74, PK8+300",M,"48,5544300","3,4064800",77,2019,80.0,3.0,1.0,3.0,2163845,2.0,2,3,1,0.0,,0.0,0,1981.0,A01,138Â 288Â 556,0.0,-1.0,-1.0,1652135,1.0,7,,0.0,0.0,3.0,A01,138Â 288Â 556,0.0
968061,201900009592,9,15,20:05,2,1,1,1.0,6.0,67234,Route dÃ©partementale 1061,M,"48,9574050","7,0559010",67,2019,80.0,1.0,1.0,3.0,2163846,1.0,1,3,1,5.0,,0.0,0,1960.0,A01,138Â 288Â 555,2.0,6.0,-1.0,1652136,2.0,33,,0.0,6.0,1.0,A01,138Â 288Â 555,1.0
968061,201900009592,9,15,20:05,2,1,1,1.0,6.0,67234,Route dÃ©partementale 1061,M,"48,9574050","7,0559010",67,2019,80.0,1.0,1.0,3.0,2163847,2.0,2,3,2,0.0,,0.0,0,1958.0,A01,138Â 288Â 555,2.0,6.0,-1.0,1652136,2.0,33,,0.0,6.0,1.0,A01,138Â 288Â 555,1.0