Unnamed: 0_x,num_acc,mois,jour,hrmn,lum,agg,int,atm,col,com,adr,gps,lat,long,dep,annee,vma,situ,surf,catr,Unnamed: 0_y,place,catu,grav,sexe,trajet,secu,locp,actp,an_nais,num_veh_x,id_vehicule_x,secu1,secu2,secu3,Unnamed: 0,senc,catv,occutc,obs,obsm,choc,num_veh_y,id_vehicule_y,motor
968062,201900009593,9,16,16:00,1,1,1,1.0,6.0,76536,229 Route de DarnÃ©tal,M,"49,4585800","1,1656270",76,2019,70.0,3.0,1.0,3.0,2163848,1.0,1,2,1,5.0,,0.0,0,1947.0,A01,138Â 288Â 554,2.0,-1.0,-1.0,1652137,1.0,1,,2.0,0.0,0.0,A01,138Â 288Â 554,5.0
968063,201900009594,7,14,21:30,5,2,1,1.0,6.0,2A130,D55 20128 GROSSETO-PRUGNA,M,"41,8861030","8,7961230",2A,2019,50.0,4.0,1.0,3.0,2163849,10.0,3,4,2,5.0,,5.0,1,2000.0,A01,138Â 288Â 553,8.0,-1.0,-1.0,1652138,3.0,7,,0.0,1.0,1.0,A01,138Â 288Â 553,1.0
968063,201900009594,7,14,21:30,5,2,1,1.0,6.0,2A130,D55 20128 GROSSETO-PRUGNA,M,"41,8861030","8,7961230",2A,2019,50.0,4.0,1.0,3.0,2163850,10.0,3,4,2,5.0,,5.0,1,2002.0,A01,138Â 288Â 553,8.0,-1.0,-1.0,1652138,3.0,7,,0.0,1.0,1.0,A01,138Â 288Â 553,1.0
968063,201900009594,7,14,21:30,5,2,1,1.0,6.0,2A130,D55 20128 GROSSETO-PRUGNA,M,"41,8861030","8,7961230",2A,2019,50.0,4.0,1.0,3.0,2163851,10.0,3,3,2,5.0,,5.0,1,2002.0,A01,138Â 288Â 553,8.0,-1.0,-1.0,1652138,3.0,7,,0.0,1.0,1.0,A01,138Â 288Â 553,1.0
968063,201900009594,7,14,21:30,5,2,1,1.0,6.0,2A130,D55 20128 GROSSETO-PRUGNA,M,"41,8861030","8,7961230",2A,2019,50.0,4.0,1.0,3.0,2163852,1.0,1,1,1,5.0,,0.0,0,1998.0,A01,138Â 288Â 553,1.0,-1.0,-1.0,1652138,3.0,7,,0.0,1.0,1.0,A01,138Â 288Â 553,1.0
968063,201900009594,7,14,21:30,5,2,1,1.0,6.0,2A130,D55 20128 GROSSETO-PRUGNA,M,"41,8861030","8,7961230",2A,2019,50.0,4.0,1.0,3.0,2163853,10.0,3,3,2,5.0,,5.0,1,2000.0,A01,138Â 288Â 553,8.0,-1.0,-1.0,1652138,3.0,7,,0.0,1.0,1.0,A01,138Â 288Â 553,1.0
968064,201900009595,9,9,20:40,3,2,3,1.0,3.0,2B150,RT30,M,"42,5703940","8,8306270",2B,2019,50.0,1.0,1.0,2.0,2163854,1.0,1,1,1,5.0,,0.0,0,1988.0,B01,138Â 288Â 551,1.0,-1.0,-1.0,1652139,1.0,7,,0.0,2.0,2.0,B01,138Â 288Â 551,1.0
968064,201900009595,9,9,20:40,3,2,3,1.0,3.0,2B150,RT30,M,"42,5703940","8,8306270",2B,2019,50.0,1.0,1.0,2.0,2163854,1.0,1,1,1,5.0,,0.0,0,1988.0,B01,138Â 288Â 551,1.0,-1.0,-1.0,1652140,2.0,7,,7.0,2.0,7.0,A01,138Â 288Â 552,1.0
968064,201900009595,9,9,20:40,3,2,3,1.0,3.0,2B150,RT30,M,"42,5703940","8,8306270",2B,2019,50.0,1.0,1.0,2.0,2163855,1.0,1,1,1,5.0,,0.0,0,1957.0,A01,138Â 288Â 552,1.0,-1.0,-1.0,1652139,1.0,7,,0.0,2.0,2.0,B01,138Â 288Â 551,1.0
968064,201900009595,9,9,20:40,3,2,3,1.0,3.0,2B150,RT30,M,"42,5703940","8,8306270",2B,2019,50.0,1.0,1.0,2.0,2163855,1.0,1,1,1,5.0,,0.0,0,1957.0,A01,138Â 288Â 552,1.0,-1.0,-1.0,1652140,2.0,7,,7.0,2.0,7.0,A01,138Â 288Â 552,1.0
968064,201900009595,9,9,20:40,3,2,3,1.0,3.0,2B150,RT30,M,"42,5703940","8,8306270",2B,2019,50.0,1.0,1.0,2.0,2163856,9.0,2,3,2,5.0,,0.0,0,1958.0,A01,138Â 288Â 552,1.0,-1.0,-1.0,1652139,1.0,7,,0.0,2.0,2.0,B01,138Â 288Â 551,1.0
968064,201900009595,9,9,20:40,3,2,3,1.0,3.0,2B150,RT30,M,"42,5703940","8,8306270",2B,2019,50.0,1.0,1.0,2.0,2163856,9.0,2,3,2,5.0,,0.0,0,1958.0,A01,138Â 288Â 552,1.0,-1.0,-1.0,1652140,2.0,7,,7.0,2.0,7.0,A01,138Â 288Â 552,1.0
968064,201900009595,9,9,20:40,3,2,3,1.0,3.0,2B150,RT30,M,"42,5703940","8,8306270",2B,2019,50.0,1.0,1.0,2.0,2163857,2.0,2,1,2,5.0,,0.0,0,1965.0,A01,138Â 288Â 552,1.0,-1.0,-1.0,1652139,1.0,7,,0.0,2.0,2.0,B01,138Â 288Â 551,1.0
968064,201900009595,9,9,20:40,3,2,3,1.0,3.0,2B150,RT30,M,"42,5703940","8,8306270",2B,2019,50.0,1.0,1.0,2.0,2163857,2.0,2,1,2,5.0,,0.0,0,1965.0,A01,138Â 288Â 552,1.0,-1.0,-1.0,1652140,2.0,7,,7.0,2.0,7.0,A01,138Â 288Â 552,1.0
968065,201900009596,9,15,18:45,2,2,2,7.0,6.0,80308,RUE GAMBETTA,M,"50,0589330","1,5974470",80,2019,50.0,1.0,1.0,4.0,2163858,1.0,1,1,2,0.0,,0.0,0,1974.0,B01,138Â 288Â 549,1.0,-1.0,-1.0,1652141,3.0,7,,0.0,0.0,0.0,B01,138Â 288Â 549,1.0
968065,201900009596,9,15,18:45,2,2,2,7.0,6.0,80308,RUE GAMBETTA,M,"50,0589330","1,5974470",80,2019,50.0,1.0,1.0,4.0,2163858,1.0,1,1,2,0.0,,0.0,0,1974.0,B01,138Â 288Â 549,1.0,-1.0,-1.0,1652142,1.0,2,,0.0,0.0,7.0,A01,138Â 288Â 550,1.0
968065,201900009596,9,15,18:45,2,2,2,7.0,6.0,80308,RUE GAMBETTA,M,"50,0589330","1,5974470",80,2019,50.0,1.0,1.0,4.0,2163859,1.0,1,4,1,0.0,,0.0,0,1970.0,A01,138Â 288Â 550,6.0,2.0,-1.0,1652141,3.0,7,,0.0,0.0,0.0,B01,138Â 288Â 549,1.0
968065,201900009596,9,15,18:45,2,2,2,7.0,6.0,80308,RUE GAMBETTA,M,"50,0589330","1,5974470",80,2019,50.0,1.0,1.0,4.0,2163859,1.0,1,4,1,0.0,,0.0,0,1970.0,A01,138Â 288Â 550,6.0,2.0,-1.0,1652142,1.0,2,,0.0,0.0,7.0,A01,138Â 288Â 550,1.0
968066,201900009597,9,15,21:00,5,2,1,1.0,2.0,65258,rue des rÃ©sistants,M,"43,1144020","0,3840930",65,2019,50.0,1.0,1.0,3.0,2163860,1.0,1,1,1,5.0,,0.0,0,1975.0,A01,138Â 288Â 547,1.0,-1.0,-1.0,1652143,1.0,7,,0.0,2.0,1.0,A01,138Â 288Â 547,1.0
968066,201900009597,9,15,21:00,5,2,1,1.0,2.0,65258,rue des rÃ©sistants,M,"43,1144020","0,3840930",65,2019,50.0,1.0,1.0,3.0,2163860,1.0,1,1,1,5.0,,0.0,0,1975.0,A01,138Â 288Â 547,1.0,-1.0,-1.0,1652144,1.0,2,,0.0,0.0,4.0,B01,138Â 288Â 548,1.0
968066,201900009597,9,15,21:00,5,2,1,1.0,2.0,65258,rue des rÃ©sistants,M,"43,1144020","0,3840930",65,2019,50.0,1.0,1.0,3.0,2163861,2.0,2,4,2,5.0,,0.0,0,2001.0,B01,138Â 288Â 548,2.0,6.0,-1.0,1652143,1.0,7,,0.0,2.0,1.0,A01,138Â 288Â 547,1.0
968066,201900009597,9,15,21:00,5,2,1,1.0,2.0,65258,rue des rÃ©sistants,M,"43,1144020","0,3840930",65,2019,50.0,1.0,1.0,3.0,2163861,2.0,2,4,2,5.0,,0.0,0,2001.0,B01,138Â 288Â 548,2.0,6.0,-1.0,1652144,1.0,2,,0.0,0.0,4.0,B01,138Â 288Â 548,1.0
968066,201900009597,9,15,21:00,5,2,1,1.0,2.0,65258,rue des rÃ©sistants,M,"43,1144020","0,3840930",65,2019,50.0,1.0,1.0,3.0,2163862,1.0,1,1,1,5.0,,0.0,0,2000.0,B01,138Â 288Â 548,2.0,6.0,-1.0,1652143,1.0,7,,0.0,2.0,1.0,A01,138Â 288Â 547,1.0
968066,201900009597,9,15,21:00,5,2,1,1.0,2.0,65258,rue des rÃ©sistants,M,"43,1144020","0,3840930",65,2019,50.0,1.0,1.0,3.0,2163862,1.0,1,1,1,5.0,,0.0,0,2000.0,B01,138Â 288Â 548,2.0,6.0,-1.0,1652144,1.0,2,,0.0,0.0,4.0,B01,138Â 288Â 548,1.0
968067,201900009598,9,15,19:00,1,1,1,1.0,6.0,33303,DÃ©partementale 121,M,"44,8347100"," -0,2803900",33,2019,70.0,3.0,1.0,3.0,2163863,1.0,1,3,1,5.0,,0.0,0,1984.0,A01,138Â 288Â 546,8.0,-1.0,-1.0,1652145,1.0,7,,2.0,0.0,2.0,A01,138Â 288Â 546,1.0
968068,201900009599,9,15,19:00,2,1,1,1.0,6.0,71463,Le Montet,M,"46,2365870","4,2604960",71,2019,80.0,3.0,1.0,3.0,2163864,1.0,1,2,1,5.0,,0.0,0,1997.0,A01,138Â 288Â 545,2.0,6.0,-1.0,1652146,2.0,33,,2.0,0.0,1.0,A01,138Â 288Â 545,1.0
968069,201900009600,9,16,07:50,1,1,6,1.0,3.0,63400,RP D 906 D434,M,"46,0532425","3,4513043",63,2019,80.0,1.0,1.0,3.0,2163865,1.0,1,1,2,2.0,,0.0,0,2001.0,A01,138Â 288Â 543,1.0,-1.0,-1.0,1652147,3.0,7,,0.0,2.0,3.0,A01,138Â 288Â 543,1.0
968069,201900009600,9,16,07:50,1,1,6,1.0,3.0,63400,RP D 906 D434,M,"46,0532425","3,4513043",63,2019,80.0,1.0,1.0,3.0,2163865,1.0,1,1,2,2.0,,0.0,0,2001.0,A01,138Â 288Â 543,1.0,-1.0,-1.0,1652148,3.0,2,,0.0,2.0,2.0,B01,138Â 288Â 544,1.0
968069,201900009600,9,16,07:50,1,1,6,1.0,3.0,63400,RP D 906 D434,M,"46,0532425","3,4513043",63,2019,80.0,1.0,1.0,3.0,2163866,1.0,1,4,1,2.0,,0.0,0,2004.0,B01,138Â 288Â 544,2.0,6.0,-1.0,1652147,3.0,7,,0.0,2.0,3.0,A01,138Â 288Â 543,1.0
968069,201900009600,9,16,07:50,1,1,6,1.0,3.0,63400,RP D 906 D434,M,"46,0532425","3,4513043",63,2019,80.0,1.0,1.0,3.0,2163866,1.0,1,4,1,2.0,,0.0,0,2004.0,B01,138Â 288Â 544,2.0,6.0,-1.0,1652148,3.0,2,,0.0,2.0,2.0,B01,138Â 288Â 544,1.0
968070,201900009601,9,14,16:30,1,1,1,1.0,7.0,42138,La Ratte,M,"45,6469210","4,3591320",42,2019,70.0,1.0,8.0,3.0,2163867,1.0,1,3,1,5.0,,0.0,0,1997.0,A01,138Â 288Â 542,2.0,9.0,-1.0,1652149,1.0,2,,5.0,0.0,4.0,A01,138Â 288Â 542,0.0
968071,201900009602,9,14,18:10,1,2,1,1.0,3.0,46128,Place ClÃ©ment BROUQUI,M,"44,7821520","1,7306570",46,2019,30.0,1.0,1.0,6.0,2163868,1.0,1,1,1,5.0,,0.0,0,2005.0,A01,138Â 288Â 540,8.0,-1.0,-1.0,1652150,3.0,2,,0.0,2.0,3.0,A01,138Â 288Â 540,1.0
968071,201900009602,9,14,18:10,1,2,1,1.0,3.0,46128,Place ClÃ©ment BROUQUI,M,"44,7821520","1,7306570",46,2019,30.0,1.0,1.0,6.0,2163868,1.0,1,1,1,5.0,,0.0,0,2005.0,A01,138Â 288Â 540,8.0,-1.0,-1.0,1652151,3.0,2,,0.0,2.0,3.0,B01,138Â 288Â 541,1.0
968071,201900009602,9,14,18:10,1,2,1,1.0,3.0,46128,Place ClÃ©ment BROUQUI,M,"44,7821520","1,7306570",46,2019,30.0,1.0,1.0,6.0,2163869,1.0,1,3,1,5.0,,0.0,0,2005.0,B01,138Â 288Â 541,8.0,-1.0,-1.0,1652150,3.0,2,,0.0,2.0,3.0,A01,138Â 288Â 540,1.0
968071,201900009602,9,14,18:10,1,2,1,1.0,3.0,46128,Place ClÃ©ment BROUQUI,M,"44,7821520","1,7306570",46,2019,30.0,1.0,1.0,6.0,2163869,1.0,1,3,1,5.0,,0.0,0,2005.0,B01,138Â 288Â 541,8.0,-1.0,-1.0,1652151,3.0,2,,0.0,2.0,3.0,B01,138Â 288Â 541,1.0
968072,201900009603,9,16,19:00,1,1,1,1.0,1.0,47306,La Bausse,M,"44,3755144","0,4829935",47,2019,80.0,1.0,1.0,3.0,2163870,2.0,2,3,1,0.0,,0.0,0,2008.0,B01,138Â 288Â 538,8.0,-1.0,-1.0,1652152,1.0,7,,0.0,2.0,1.0,B01,138Â 288Â 538,1.0
968072,201900009603,9,16,19:00,1,1,1,1.0,1.0,47306,La Bausse,M,"44,3755144","0,4829935",47,2019,80.0,1.0,1.0,3.0,2163870,2.0,2,3,1,0.0,,0.0,0,2008.0,B01,138Â 288Â 538,8.0,-1.0,-1.0,1652153,2.0,7,,0.0,2.0,1.0,A01,138Â 288Â 539,1.0
968072,201900009603,9,16,19:00,1,1,1,1.0,1.0,47306,La Bausse,M,"44,3755144","0,4829935",47,2019,80.0,1.0,1.0,3.0,2163871,1.0,1,2,1,0.0,,0.0,0,1998.0,B01,138Â 288Â 538,8.0,-1.0,-1.0,1652152,1.0,7,,0.0,2.0,1.0,B01,138Â 288Â 538,1.0
968072,201900009603,9,16,19:00,1,1,1,1.0,1.0,47306,La Bausse,M,"44,3755144","0,4829935",47,2019,80.0,1.0,1.0,3.0,2163871,1.0,1,2,1,0.0,,0.0,0,1998.0,B01,138Â 288Â 538,8.0,-1.0,-1.0,1652153,2.0,7,,0.0,2.0,1.0,A01,138Â 288Â 539,1.0
968072,201900009603,9,16,19:00,1,1,1,1.0,1.0,47306,La Bausse,M,"44,3755144","0,4829935",47,2019,80.0,1.0,1.0,3.0,2163872,1.0,1,3,2,0.0,,0.0,0,1968.0,A01,138Â 288Â 539,8.0,-1.0,-1.0,1652152,1.0,7,,0.0,2.0,1.0,B01,138Â 288Â 538,1.0
968072,201900009603,9,16,19:00,1,1,1,1.0,1.0,47306,La Bausse,M,"44,3755144","0,4829935",47,2019,80.0,1.0,1.0,3.0,2163872,1.0,1,3,2,0.0,,0.0,0,1968.0,A01,138Â 288Â 539,8.0,-1.0,-1.0,1652153,2.0,7,,0.0,2.0,1.0,A01,138Â 288Â 539,1.0
968073,201900009604,9,14,17:40,1,1,1,9.0,1.0,47142,D111,M,"44,6383350","0,4499260",47,2019,80.0,1.0,2.0,3.0,2163873,1.0,1,4,2,3.0,,0.0,0,1971.0,B01,138Â 288Â 536,1.0,-1.0,-1.0,1652154,2.0,7,,0.0,2.0,1.0,B01,138Â 288Â 536,1.0
968073,201900009604,9,14,17:40,1,1,1,9.0,1.0,47142,D111,M,"44,6383350","0,4499260",47,2019,80.0,1.0,2.0,3.0,2163873,1.0,1,4,2,3.0,,0.0,0,1971.0,B01,138Â 288Â 536,1.0,-1.0,-1.0,1652155,1.0,7,,0.0,2.0,1.0,A01,138Â 288Â 537,1.0
968073,201900009604,9,14,17:40,1,1,1,9.0,1.0,47142,D111,M,"44,6383350","0,4499260",47,2019,80.0,1.0,2.0,3.0,2163874,2.0,1,1,1,5.0,,0.0,0,1953.0,A01,138Â 288Â 537,1.0,-1.0,-1.0,1652154,2.0,7,,0.0,2.0,1.0,B01,138Â 288Â 536,1.0
968073,201900009604,9,14,17:40,1,1,1,9.0,1.0,47142,D111,M,"44,6383350","0,4499260",47,2019,80.0,1.0,2.0,3.0,2163874,2.0,1,1,1,5.0,,0.0,0,1953.0,A01,138Â 288Â 537,1.0,-1.0,-1.0,1652155,1.0,7,,0.0,2.0,1.0,A01,138Â 288Â 537,1.0
968073,201900009604,9,14,17:40,1,1,1,9.0,1.0,47142,D111,M,"44,6383350","0,4499260",47,2019,80.0,1.0,2.0,3.0,2163875,1.0,2,3,2,5.0,,0.0,0,1953.0,A01,138Â 288Â 537,1.0,-1.0,-1.0,1652154,2.0,7,,0.0,2.0,1.0,B01,138Â 288Â 536,1.0
968073,201900009604,9,14,17:40,1,1,1,9.0,1.0,47142,D111,M,"44,6383350","0,4499260",47,2019,80.0,1.0,2.0,3.0,2163875,1.0,2,3,2,5.0,,0.0,0,1953.0,A01,138Â 288Â 537,1.0,-1.0,-1.0,1652155,1.0,7,,0.0,2.0,1.0,A01,138Â 288Â 537,1.0
968074,201900009605,9,16,06:30,5,2,6,1.0,6.0,47051,Siailles RD 813,M,"44,1811850","0,6732790",47,2019,-1.0,8.0,1.0,2.0,2163876,1.0,1,3,1,1.0,,0.0,0,1995.0,A01,138Â 288Â 535,2.0,-1.0,-1.0,1652156,1.0,33,,9.0,0.0,1.0,A01,138Â 288Â 535,1.0
968075,201900009606,9,16,09:44,1,1,1,1.0,1.0,29045,Le Roual,M,"48,4184140"," -4,2548950",29,2019,80.0,1.0,1.0,3.0,2163877,1.0,1,2,1,1.0,,0.0,0,1966.0,A01,138Â 288Â 533,1.0,-1.0,-1.0,1652157,2.0,7,,0.0,2.0,1.0,A01,138Â 288Â 533,1.0
968075,201900009606,9,16,09:44,1,1,1,1.0,1.0,29045,Le Roual,M,"48,4184140"," -4,2548950",29,2019,80.0,1.0,1.0,3.0,2163877,1.0,1,2,1,1.0,,0.0,0,1966.0,A01,138Â 288Â 533,1.0,-1.0,-1.0,1652158,1.0,17,,0.0,2.0,3.0,B01,138Â 288Â 534,1.0
968075,201900009606,9,16,09:44,1,1,1,1.0,1.0,29045,Le Roual,M,"48,4184140"," -4,2548950",29,2019,80.0,1.0,1.0,3.0,2163878,1.0,1,1,1,1.0,,0.0,0,1962.0,B01,138Â 288Â 534,1.0,-1.0,-1.0,1652157,2.0,7,,0.0,2.0,1.0,A01,138Â 288Â 533,1.0
968075,201900009606,9,16,09:44,1,1,1,1.0,1.0,29045,Le Roual,M,"48,4184140"," -4,2548950",29,2019,80.0,1.0,1.0,3.0,2163878,1.0,1,1,1,1.0,,0.0,0,1962.0,B01,138Â 288Â 534,1.0,-1.0,-1.0,1652158,1.0,17,,0.0,2.0,3.0,B01,138Â 288Â 534,1.0
968076,201900009607,9,9,20:45,3,2,1,1.0,1.0,39197,,M,"46,5131190","5,3934420",39,2019,50.0,1.0,1.0,3.0,2163879,1.0,1,4,2,5.0,,0.0,0,1977.0,B01,138Â 288Â 531,1.0,-1.0,-1.0,1652159,1.0,7,,0.0,2.0,1.0,B01,138Â 288Â 531,1.0
968076,201900009607,9,9,20:45,3,2,1,1.0,1.0,39197,,M,"46,5131190","5,3934420",39,2019,50.0,1.0,1.0,3.0,2163879,1.0,1,4,2,5.0,,0.0,0,1977.0,B01,138Â 288Â 531,1.0,-1.0,-1.0,1652160,2.0,7,,0.0,2.0,1.0,A01,138Â 288Â 532,1.0
968076,201900009607,9,9,20:45,3,2,1,1.0,1.0,39197,,M,"46,5131190","5,3934420",39,2019,50.0,1.0,1.0,3.0,2163880,1.0,1,1,1,5.0,,0.0,0,1981.0,A01,138Â 288Â 532,1.0,-1.0,-1.0,1652159,1.0,7,,0.0,2.0,1.0,B01,138Â 288Â 531,1.0
968076,201900009607,9,9,20:45,3,2,1,1.0,1.0,39197,,M,"46,5131190","5,3934420",39,2019,50.0,1.0,1.0,3.0,2163880,1.0,1,1,1,5.0,,0.0,0,1981.0,A01,138Â 288Â 532,1.0,-1.0,-1.0,1652160,2.0,7,,0.0,2.0,1.0,A01,138Â 288Â 532,1.0
968077,201900009608,8,30,20:48,2,2,6,1.0,1.0,44192,Rue des Jardins de la Miraudais,M,"47,2564030"," -2,0110240",44,2019,50.0,1.0,1.0,4.0,2163881,1.0,1,4,1,9.0,,0.0,0,1948.0,A01,138Â 288Â 529,1.0,-1.0,-1.0,1652161,3.0,7,,0.0,2.0,1.0,A01,138Â 288Â 529,1.0
968077,201900009608,8,30,20:48,2,2,6,1.0,1.0,44192,Rue des Jardins de la Miraudais,M,"47,2564030"," -2,0110240",44,2019,50.0,1.0,1.0,4.0,2163881,1.0,1,4,1,9.0,,0.0,0,1948.0,A01,138Â 288Â 529,1.0,-1.0,-1.0,1652162,3.0,7,,0.0,2.0,1.0,B01,138Â 288Â 530,1.0
968077,201900009608,8,30,20:48,2,2,6,1.0,1.0,44192,Rue des Jardins de la Miraudais,M,"47,2564030"," -2,0110240",44,2019,50.0,1.0,1.0,4.0,2163882,1.0,1,1,1,0.0,,0.0,0,1982.0,B01,138Â 288Â 530,8.0,-1.0,-1.0,1652161,3.0,7,,0.0,2.0,1.0,A01,138Â 288Â 529,1.0
968077,201900009608,8,30,20:48,2,2,6,1.0,1.0,44192,Rue des Jardins de la Miraudais,M,"47,2564030"," -2,0110240",44,2019,50.0,1.0,1.0,4.0,2163882,1.0,1,1,1,0.0,,0.0,0,1982.0,B01,138Â 288Â 530,8.0,-1.0,-1.0,1652162,3.0,7,,0.0,2.0,1.0,B01,138Â 288Â 530,1.0
968078,201900009609,9,15,15:20,1,1,6,1.0,3.0,35230,La Maladrerie,M,"48,4626840"," -1,2673360",35,2019,80.0,1.0,1.0,3.0,2163883,1.0,1,1,1,5.0,,0.0,0,1949.0,A01,138Â 288Â 527,1.0,-1.0,-1.0,1652163,2.0,7,,0.0,2.0,6.0,A01,138Â 288Â 527,1.0
968078,201900009609,9,15,15:20,1,1,6,1.0,3.0,35230,La Maladrerie,M,"48,4626840"," -1,2673360",35,2019,80.0,1.0,1.0,3.0,2163883,1.0,1,1,1,5.0,,0.0,0,1949.0,A01,138Â 288Â 527,1.0,-1.0,-1.0,1652164,1.0,31,,0.0,2.0,1.0,B01,138Â 288Â 528,1.0
968078,201900009609,9,15,15:20,1,1,6,1.0,3.0,35230,La Maladrerie,M,"48,4626840"," -1,2673360",35,2019,80.0,1.0,1.0,3.0,2163884,2.0,2,1,2,5.0,,0.0,0,1953.0,A01,138Â 288Â 527,1.0,-1.0,-1.0,1652163,2.0,7,,0.0,2.0,6.0,A01,138Â 288Â 527,1.0
968078,201900009609,9,15,15:20,1,1,6,1.0,3.0,35230,La Maladrerie,M,"48,4626840"," -1,2673360",35,2019,80.0,1.0,1.0,3.0,2163884,2.0,2,1,2,5.0,,0.0,0,1953.0,A01,138Â 288Â 527,1.0,-1.0,-1.0,1652164,1.0,31,,0.0,2.0,1.0,B01,138Â 288Â 528,1.0
968078,201900009609,9,15,15:20,1,1,6,1.0,3.0,35230,La Maladrerie,M,"48,4626840"," -1,2673360",35,2019,80.0,1.0,1.0,3.0,2163885,1.0,1,4,1,5.0,,0.0,0,1975.0,B01,138Â 288Â 528,2.0,6.0,-1.0,1652163,2.0,7,,0.0,2.0,6.0,A01,138Â 288Â 527,1.0
968078,201900009609,9,15,15:20,1,1,6,1.0,3.0,35230,La Maladrerie,M,"48,4626840"," -1,2673360",35,2019,80.0,1.0,1.0,3.0,2163885,1.0,1,4,1,5.0,,0.0,0,1975.0,B01,138Â 288Â 528,2.0,6.0,-1.0,1652164,1.0,31,,0.0,2.0,1.0,B01,138Â 288Â 528,1.0
968079,201900009610,9,15,12:00,1,1,1,1.0,7.0,31120,RD 42,M,"43,6526380","1,1497260",31,2019,80.0,3.0,1.0,3.0,2163886,1.0,1,4,1,5.0,,0.0,0,1978.0,A01,138Â 288Â 526,2.0,6.0,-1.0,1652165,2.0,33,,0.0,0.0,2.0,A01,138Â 288Â 526,0.0
968080,201900009611,9,14,11:25,1,2,1,1.0,6.0,38189,Avenue de la RÃ©publique,M,"45,6301170","5,0637610",38,2019,50.0,1.0,1.0,4.0,2163887,10.0,3,4,1,3.0,,2.0,3,1953.0,A01,138Â 288Â 525,0.0,-1.0,-1.0,1652166,2.0,3,,0.0,1.0,1.0,A01,138Â 288Â 525,1.0
968080,201900009611,9,14,11:25,1,2,1,1.0,6.0,38189,Avenue de la RÃ©publique,M,"45,6301170","5,0637610",38,2019,50.0,1.0,1.0,4.0,2163888,1.0,1,1,2,3.0,,0.0,0,1951.0,A01,138Â 288Â 525,1.0,-1.0,-1.0,1652166,2.0,3,,0.0,1.0,1.0,A01,138Â 288Â 525,1.0
968081,201900009612,9,15,18:30,1,1,1,1.0,7.0,03220,Chemin de la Gueunaune,M,"46,1280252","3,1209932",3,2019,-1.0,8.0,9.0,4.0,2163889,1.0,1,3,1,5.0,,0.0,0,1998.0,A01,138Â 288Â 524,2.0,6.0,-1.0,1652167,0.0,33,,0.0,0.0,7.0,A01,138Â 288Â 524,1.0
968082,201900009613,9,16,08:20,1,1,1,1.0,5.0,15156,D920,M,"44,8169050","2,4879280",15,2019,80.0,1.0,1.0,3.0,2163890,1.0,1,1,1,9.0,,0.0,0,1948.0,C01,138Â 288Â 521,1.0,-1.0,-1.0,1652168,2.0,7,,0.0,2.0,1.0,C01,138Â 288Â 521,1.0
968082,201900009613,9,16,08:20,1,1,1,1.0,5.0,15156,D920,M,"44,8169050","2,4879280",15,2019,80.0,1.0,1.0,3.0,2163890,1.0,1,1,1,9.0,,0.0,0,1948.0,C01,138Â 288Â 521,1.0,-1.0,-1.0,1652169,1.0,21,,0.0,2.0,8.0,B01,138Â 288Â 522,1.0
968082,201900009613,9,16,08:20,1,1,1,1.0,5.0,15156,D920,M,"44,8169050","2,4879280",15,2019,80.0,1.0,1.0,3.0,2163890,1.0,1,1,1,9.0,,0.0,0,1948.0,C01,138Â 288Â 521,1.0,-1.0,-1.0,1652170,2.0,7,,0.0,2.0,1.0,A01,138Â 288Â 523,1.0
968082,201900009613,9,16,08:20,1,1,1,1.0,5.0,15156,D920,M,"44,8169050","2,4879280",15,2019,80.0,1.0,1.0,3.0,2163891,2.0,2,1,1,4.0,,0.0,0,1972.0,B01,138Â 288Â 522,0.0,-1.0,-1.0,1652168,2.0,7,,0.0,2.0,1.0,C01,138Â 288Â 521,1.0
968082,201900009613,9,16,08:20,1,1,1,1.0,5.0,15156,D920,M,"44,8169050","2,4879280",15,2019,80.0,1.0,1.0,3.0,2163891,2.0,2,1,1,4.0,,0.0,0,1972.0,B01,138Â 288Â 522,0.0,-1.0,-1.0,1652169,1.0,21,,0.0,2.0,8.0,B01,138Â 288Â 522,1.0
968082,201900009613,9,16,08:20,1,1,1,1.0,5.0,15156,D920,M,"44,8169050","2,4879280",15,2019,80.0,1.0,1.0,3.0,2163891,2.0,2,1,1,4.0,,0.0,0,1972.0,B01,138Â 288Â 522,0.0,-1.0,-1.0,1652170,2.0,7,,0.0,2.0,1.0,A01,138Â 288Â 523,1.0
968082,201900009613,9,16,08:20,1,1,1,1.0,5.0,15156,D920,M,"44,8169050","2,4879280",15,2019,80.0,1.0,1.0,3.0,2163892,1.0,1,1,1,4.0,,0.0,0,1990.0,B01,138Â 288Â 522,1.0,-1.0,-1.0,1652168,2.0,7,,0.0,2.0,1.0,C01,138Â 288Â 521,1.0
968082,201900009613,9,16,08:20,1,1,1,1.0,5.0,15156,D920,M,"44,8169050","2,4879280",15,2019,80.0,1.0,1.0,3.0,2163892,1.0,1,1,1,4.0,,0.0,0,1990.0,B01,138Â 288Â 522,1.0,-1.0,-1.0,1652169,1.0,21,,0.0,2.0,8.0,B01,138Â 288Â 522,1.0
968082,201900009613,9,16,08:20,1,1,1,1.0,5.0,15156,D920,M,"44,8169050","2,4879280",15,2019,80.0,1.0,1.0,3.0,2163892,1.0,1,1,1,4.0,,0.0,0,1990.0,B01,138Â 288Â 522,1.0,-1.0,-1.0,1652170,2.0,7,,0.0,2.0,1.0,A01,138Â 288Â 523,1.0
968082,201900009613,9,16,08:20,1,1,1,1.0,5.0,15156,D920,M,"44,8169050","2,4879280",15,2019,80.0,1.0,1.0,3.0,2163893,1.0,1,3,2,0.0,,0.0,0,1956.0,A01,138Â 288Â 523,1.0,-1.0,-1.0,1652168,2.0,7,,0.0,2.0,1.0,C01,138Â 288Â 521,1.0