Unnamed: 0_x,num_acc,mois,jour,hrmn,lum,agg,int,atm,col,com,adr,gps,lat,long,dep,annee,vma,situ,surf,catr,Unnamed: 0_y,place,catu,grav,sexe,trajet,secu,locp,actp,an_nais,num_veh_x,id_vehicule_x,secu1,secu2,secu3,Unnamed: 0,senc,catv,occutc,obs,obsm,choc,num_veh_y,id_vehicule_y,motor
968082,201900009613,9,16,08:20,1,1,1,1.0,5.0,15156,D920,M,"44,8169050","2,4879280",15,2019,80.0,1.0,1.0,3.0,2163893,1.0,1,3,2,0.0,,0.0,0,1956.0,A01,138Â 288Â 523,1.0,-1.0,-1.0,1652169,1.0,21,,0.0,2.0,8.0,B01,138Â 288Â 522,1.0
968082,201900009613,9,16,08:20,1,1,1,1.0,5.0,15156,D920,M,"44,8169050","2,4879280",15,2019,80.0,1.0,1.0,3.0,2163893,1.0,1,3,2,0.0,,0.0,0,1956.0,A01,138Â 288Â 523,1.0,-1.0,-1.0,1652170,2.0,7,,0.0,2.0,1.0,A01,138Â 288Â 523,1.0
968083,201900009614,9,15,13:20,1,1,1,1.0,7.0,01152,D13,M,"46,2383970","5,7527280",1,2019,80.0,1.0,1.0,3.0,2163894,1.0,1,3,2,5.0,,0.0,0,1982.0,A01,138Â 288Â 520,2.0,6.0,9.0,1652171,1.0,33,,0.0,0.0,7.0,A01,138Â 288Â 520,1.0
968083,201900009614,9,15,13:20,1,1,1,1.0,7.0,01152,D13,M,"46,2383970","5,7527280",1,2019,80.0,1.0,1.0,3.0,2163895,2.0,2,3,2,5.0,,0.0,0,1978.0,A01,138Â 288Â 520,2.0,6.0,9.0,1652171,1.0,33,,0.0,0.0,7.0,A01,138Â 288Â 520,1.0
968084,201900009615,9,15,09:50,1,1,1,1.0,3.0,26063,"route d'eygaliers, RD 72",M,"44,2485760","5,2635330",26,2019,70.0,1.0,1.0,3.0,2163896,1.0,1,3,1,0.0,,0.0,0,1986.0,B01,138Â 288Â 518,2.0,-1.0,-1.0,1652172,2.0,33,,0.0,2.0,3.0,B01,138Â 288Â 518,1.0
968084,201900009615,9,15,09:50,1,1,1,1.0,3.0,26063,"route d'eygaliers, RD 72",M,"44,2485760","5,2635330",26,2019,70.0,1.0,1.0,3.0,2163896,1.0,1,3,1,0.0,,0.0,0,1986.0,B01,138Â 288Â 518,2.0,-1.0,-1.0,1652173,1.0,7,,0.0,2.0,8.0,A01,138Â 288Â 519,1.0
968084,201900009615,9,15,09:50,1,1,1,1.0,3.0,26063,"route d'eygaliers, RD 72",M,"44,2485760","5,2635330",26,2019,70.0,1.0,1.0,3.0,2163897,1.0,1,1,1,0.0,,0.0,0,1946.0,A01,138Â 288Â 519,8.0,-1.0,-1.0,1652172,2.0,33,,0.0,2.0,3.0,B01,138Â 288Â 518,1.0
968084,201900009615,9,15,09:50,1,1,1,1.0,3.0,26063,"route d'eygaliers, RD 72",M,"44,2485760","5,2635330",26,2019,70.0,1.0,1.0,3.0,2163897,1.0,1,1,1,0.0,,0.0,0,1946.0,A01,138Â 288Â 519,8.0,-1.0,-1.0,1652173,1.0,7,,0.0,2.0,8.0,A01,138Â 288Â 519,1.0
968085,201900009616,9,15,22:10,5,2,1,1.0,1.0,58095,50 Route de Moulins,M,"46,8259820","3,4532450",58,2019,50.0,1.0,1.0,3.0,2163898,1.0,1,4,1,5.0,,0.0,0,2001.0,B01,138Â 288Â 514,1.0,-1.0,-1.0,1652174,1.0,7,,0.0,2.0,3.0,B01,138Â 288Â 514,1.0
968085,201900009616,9,15,22:10,5,2,1,1.0,1.0,58095,50 Route de Moulins,M,"46,8259820","3,4532450",58,2019,50.0,1.0,1.0,3.0,2163898,1.0,1,4,1,5.0,,0.0,0,2001.0,B01,138Â 288Â 514,1.0,-1.0,-1.0,1652175,2.0,7,,0.0,2.0,3.0,A01,138Â 288Â 515,1.0
968085,201900009616,9,15,22:10,5,2,1,1.0,1.0,58095,50 Route de Moulins,M,"46,8259820","3,4532450",58,2019,50.0,1.0,1.0,3.0,2163899,1.0,1,1,1,5.0,,0.0,0,1979.0,A01,138Â 288Â 515,1.0,-1.0,-1.0,1652174,1.0,7,,0.0,2.0,3.0,B01,138Â 288Â 514,1.0
968085,201900009616,9,15,22:10,5,2,1,1.0,1.0,58095,50 Route de Moulins,M,"46,8259820","3,4532450",58,2019,50.0,1.0,1.0,3.0,2163899,1.0,1,1,1,5.0,,0.0,0,1979.0,A01,138Â 288Â 515,1.0,-1.0,-1.0,1652175,2.0,7,,0.0,2.0,3.0,A01,138Â 288Â 515,1.0
968086,201900009617,9,15,18:00,1,1,1,1.0,1.0,90006,RD 12 - PK 18+900,M,"47,7419910","6,7993520",90,2019,80.0,1.0,1.0,3.0,2163900,1.0,1,4,2,1.0,,0.0,0,1986.0,B01,138Â 288Â 511,1.0,-1.0,-1.0,1652176,1.0,7,,0.0,2.0,2.0,B01,138Â 288Â 511,1.0
968086,201900009617,9,15,18:00,1,1,1,1.0,1.0,90006,RD 12 - PK 18+900,M,"47,7419910","6,7993520",90,2019,80.0,1.0,1.0,3.0,2163900,1.0,1,4,2,1.0,,0.0,0,1986.0,B01,138Â 288Â 511,1.0,-1.0,-1.0,1652177,2.0,7,,0.0,2.0,3.0,A01,138Â 288Â 512,1.0
968086,201900009617,9,15,18:00,1,1,1,1.0,1.0,90006,RD 12 - PK 18+900,M,"47,7419910","6,7993520",90,2019,80.0,1.0,1.0,3.0,2163901,1.0,1,1,1,5.0,,0.0,0,1995.0,A01,138Â 288Â 512,1.0,-1.0,-1.0,1652176,1.0,7,,0.0,2.0,2.0,B01,138Â 288Â 511,1.0
968086,201900009617,9,15,18:00,1,1,1,1.0,1.0,90006,RD 12 - PK 18+900,M,"47,7419910","6,7993520",90,2019,80.0,1.0,1.0,3.0,2163901,1.0,1,1,1,5.0,,0.0,0,1995.0,A01,138Â 288Â 512,1.0,-1.0,-1.0,1652177,2.0,7,,0.0,2.0,3.0,A01,138Â 288Â 512,1.0
968087,201900009618,9,15,15:00,1,1,1,1.0,6.0,90065,Route du Ballon d'Alsace,M,"47,7803930","6,8339180",90,2019,80.0,3.0,1.0,3.0,2163902,2.0,2,4,1,5.0,,0.0,0,1935.0,A01,138Â 288Â 510,1.0,-1.0,-1.0,1652178,2.0,7,,13.0,0.0,7.0,A01,138Â 288Â 510,1.0
968087,201900009618,9,15,15:00,1,1,1,1.0,6.0,90065,Route du Ballon d'Alsace,M,"47,7803930","6,8339180",90,2019,80.0,3.0,1.0,3.0,2163903,1.0,1,3,2,5.0,,0.0,0,1930.0,A01,138Â 288Â 510,1.0,-1.0,-1.0,1652178,2.0,7,,13.0,0.0,7.0,A01,138Â 288Â 510,1.0
968088,201900009619,9,15,12:10,1,1,1,1.0,7.0,83046,RD13 - PK 22+700,M,"43,5341590","6,1462760",83,2019,80.0,1.0,1.0,3.0,2163904,1.0,1,1,1,5.0,,0.0,0,1956.0,A01,138Â 288Â 509,2.0,6.0,-1.0,1652179,2.0,31,,0.0,0.0,0.0,A01,138Â 288Â 509,1.0
968088,201900009619,9,15,12:10,1,1,1,1.0,7.0,83046,RD13 - PK 22+700,M,"43,5341590","6,1462760",83,2019,80.0,1.0,1.0,3.0,2163905,2.0,2,3,2,5.0,,0.0,0,1971.0,A01,138Â 288Â 509,2.0,6.0,-1.0,1652179,2.0,31,,0.0,0.0,0.0,A01,138Â 288Â 509,1.0
968089,201900009620,9,15,19:05,2,1,6,1.0,6.0,60509,D200,M,"49,3242500","2,6041530",60,2019,110.0,8.0,1.0,3.0,2163906,2.0,2,4,2,5.0,,0.0,0,1988.0,A01,138Â 288Â 508,1.0,-1.0,-1.0,1652180,0.0,7,,2.0,0.0,1.0,A01,138Â 288Â 508,1.0
968089,201900009620,9,15,19:05,2,1,6,1.0,6.0,60509,D200,M,"49,3242500","2,6041530",60,2019,110.0,8.0,1.0,3.0,2163907,1.0,1,3,1,5.0,,0.0,0,1991.0,A01,138Â 288Â 508,1.0,-1.0,-1.0,1652180,0.0,7,,2.0,0.0,1.0,A01,138Â 288Â 508,1.0
968090,201900009621,9,16,12:30,1,2,1,1.0,6.0,64495,Rue Karrika,M,"43,3538560"," -1,5500950",64,2019,50.0,6.0,1.0,4.0,2163908,10.0,3,4,2,5.0,,4.0,3,1938.0,A01,138Â 288Â 507,0.0,-1.0,-1.0,1652181,3.0,7,,0.0,1.0,1.0,A01,138Â 288Â 507,1.0
968090,201900009621,9,16,12:30,1,2,1,1.0,6.0,64495,Rue Karrika,M,"43,3538560"," -1,5500950",64,2019,50.0,6.0,1.0,4.0,2163909,1.0,1,1,2,5.0,,0.0,0,1982.0,A01,138Â 288Â 507,1.0,-1.0,-1.0,1652181,3.0,7,,0.0,1.0,1.0,A01,138Â 288Â 507,1.0
968091,201900009622,9,12,19:00,1,2,1,1.0,3.0,18247,Route de bourges,M,"47,0444850","2,5624600",18,2019,50.0,1.0,1.0,3.0,2163910,1.0,1,1,2,1.0,,0.0,0,1992.0,A01,138Â 288Â 505,1.0,-1.0,-1.0,1652182,2.0,10,,0.0,2.0,2.0,A01,138Â 288Â 505,1.0
968091,201900009622,9,12,19:00,1,2,1,1.0,3.0,18247,Route de bourges,M,"47,0444850","2,5624600",18,2019,50.0,1.0,1.0,3.0,2163910,1.0,1,1,2,1.0,,0.0,0,1992.0,A01,138Â 288Â 505,1.0,-1.0,-1.0,1652183,1.0,33,,0.0,2.0,3.0,B01,138Â 288Â 506,1.0
968091,201900009622,9,12,19:00,1,2,1,1.0,3.0,18247,Route de bourges,M,"47,0444850","2,5624600",18,2019,50.0,1.0,1.0,3.0,2163911,1.0,1,4,2,5.0,,0.0,0,1954.0,B01,138Â 288Â 506,2.0,6.0,-1.0,1652182,2.0,10,,0.0,2.0,2.0,A01,138Â 288Â 505,1.0
968091,201900009622,9,12,19:00,1,2,1,1.0,3.0,18247,Route de bourges,M,"47,0444850","2,5624600",18,2019,50.0,1.0,1.0,3.0,2163911,1.0,1,4,2,5.0,,0.0,0,1954.0,B01,138Â 288Â 506,2.0,6.0,-1.0,1652183,1.0,33,,0.0,2.0,3.0,B01,138Â 288Â 506,1.0
968092,201900009623,9,16,16:45,1,1,1,1.0,6.0,10175,D35,M,"48,5135130","4,3838130",10,2019,-1.0,3.0,1.0,3.0,2163912,1.0,1,2,1,4.0,,0.0,0,1997.0,A01,138Â 288Â 504,0.0,-1.0,-1.0,1652184,1.0,21,,13.0,0.0,3.0,A01,138Â 288Â 504,1.0
968092,201900009623,9,16,16:45,1,1,1,1.0,6.0,10175,D35,M,"48,5135130","4,3838130",10,2019,-1.0,3.0,1.0,3.0,2163913,2.0,2,4,1,4.0,,0.0,0,1966.0,A01,138Â 288Â 504,0.0,-1.0,-1.0,1652184,1.0,21,,13.0,0.0,3.0,A01,138Â 288Â 504,1.0
968093,201900009624,9,16,13:09,1,1,1,1.0,1.0,21251,RD981 PK 22,M,"47,1920640","4,5342960",21,2019,70.0,1.0,1.0,3.0,2163914,1.0,1,4,1,4.0,,0.0,0,1979.0,B01,138Â 288Â 502,8.0,-1.0,-1.0,1652185,2.0,15,,0.0,2.0,3.0,B01,138Â 288Â 502,1.0
968093,201900009624,9,16,13:09,1,1,1,1.0,1.0,21251,RD981 PK 22,M,"47,1920640","4,5342960",21,2019,70.0,1.0,1.0,3.0,2163914,1.0,1,4,1,4.0,,0.0,0,1979.0,B01,138Â 288Â 502,8.0,-1.0,-1.0,1652186,1.0,10,,0.0,2.0,1.0,A01,138Â 288Â 503,1.0
968093,201900009624,9,16,13:09,1,1,1,1.0,1.0,21251,RD981 PK 22,M,"47,1920640","4,5342960",21,2019,70.0,1.0,1.0,3.0,2163915,1.0,1,2,1,4.0,,0.0,0,1967.0,A01,138Â 288Â 503,8.0,-1.0,-1.0,1652185,2.0,15,,0.0,2.0,3.0,B01,138Â 288Â 502,1.0
968093,201900009624,9,16,13:09,1,1,1,1.0,1.0,21251,RD981 PK 22,M,"47,1920640","4,5342960",21,2019,70.0,1.0,1.0,3.0,2163915,1.0,1,2,1,4.0,,0.0,0,1967.0,A01,138Â 288Â 503,8.0,-1.0,-1.0,1652186,1.0,10,,0.0,2.0,1.0,A01,138Â 288Â 503,1.0
968094,201900009625,8,8,19:30,1,1,1,1.0,2.0,24455,Lieu dit les Garennes Est 24600,M,"45,2131690","0,3453190",24,2019,80.0,1.0,1.0,3.0,2163916,1.0,1,1,1,1.0,,0.0,0,1986.0,B01,138Â 288Â 500,8.0,-1.0,-1.0,1652187,2.0,7,,0.0,2.0,2.0,B01,138Â 288Â 500,1.0
968094,201900009625,8,8,19:30,1,1,1,1.0,2.0,24455,Lieu dit les Garennes Est 24600,M,"45,2131690","0,3453190",24,2019,80.0,1.0,1.0,3.0,2163916,1.0,1,1,1,1.0,,0.0,0,1986.0,B01,138Â 288Â 500,8.0,-1.0,-1.0,1652188,2.0,3,,0.0,2.0,6.0,A01,138Â 288Â 501,1.0
968094,201900009625,8,8,19:30,1,1,1,1.0,2.0,24455,Lieu dit les Garennes Est 24600,M,"45,2131690","0,3453190",24,2019,80.0,1.0,1.0,3.0,2163917,1.0,1,3,1,5.0,,0.0,0,1935.0,A01,138Â 288Â 501,8.0,-1.0,-1.0,1652187,2.0,7,,0.0,2.0,2.0,B01,138Â 288Â 500,1.0
968094,201900009625,8,8,19:30,1,1,1,1.0,2.0,24455,Lieu dit les Garennes Est 24600,M,"45,2131690","0,3453190",24,2019,80.0,1.0,1.0,3.0,2163917,1.0,1,3,1,5.0,,0.0,0,1935.0,A01,138Â 288Â 501,8.0,-1.0,-1.0,1652188,2.0,3,,0.0,2.0,6.0,A01,138Â 288Â 501,1.0
968095,201900009626,9,15,16:30,1,1,1,1.0,7.0,04035,RD 8 Le Grand Logisson,M,"43,8920280","6,0688890",4,2019,80.0,8.0,1.0,3.0,2163918,1.0,1,3,1,5.0,,0.0,0,1965.0,A01,138Â 288Â 499,2.0,6.0,-1.0,1652189,1.0,33,,13.0,0.0,1.0,A01,138Â 288Â 499,1.0
968096,201900009627,9,16,17:20,1,2,3,1.0,6.0,85046,Rue des FrÃ¨res Payraudeau,M,"46,6726820"," -1,2965500",85,2019,50.0,1.0,1.0,4.0,2163919,10.0,3,4,1,2.0,,3.0,3,2016.0,A01,138Â 288Â 498,0.0,-1.0,-1.0,1652190,1.0,7,,0.0,1.0,1.0,A01,138Â 288Â 498,1.0
968096,201900009627,9,16,17:20,1,2,3,1.0,6.0,85046,Rue des FrÃ¨res Payraudeau,M,"46,6726820"," -1,2965500",85,2019,50.0,1.0,1.0,4.0,2163920,10.0,3,3,1,5.0,,3.0,3,1964.0,A01,138Â 288Â 498,0.0,-1.0,-1.0,1652190,1.0,7,,0.0,1.0,1.0,A01,138Â 288Â 498,1.0
968096,201900009627,9,16,17:20,1,2,3,1.0,6.0,85046,Rue des FrÃ¨res Payraudeau,M,"46,6726820"," -1,2965500",85,2019,50.0,1.0,1.0,4.0,2163921,1.0,1,1,2,1.0,,0.0,0,1988.0,A01,138Â 288Â 498,1.0,-1.0,-1.0,1652190,1.0,7,,0.0,1.0,1.0,A01,138Â 288Â 498,1.0
968097,201900009628,9,15,05:00,4,2,1,1.0,6.0,27593,Route de Brionne,M,"49,2497590","0,9579220",27,2019,50.0,3.0,1.0,3.0,2163922,10.0,3,4,2,0.0,,6.0,9,2000.0,A01,138Â 288Â 497,0.0,-1.0,-1.0,1652191,2.0,7,,1.0,1.0,2.0,A01,138Â 288Â 497,1.0
968097,201900009628,9,15,05:00,4,2,1,1.0,6.0,27593,Route de Brionne,M,"49,2497590","0,9579220",27,2019,50.0,3.0,1.0,3.0,2163923,10.0,3,3,2,0.0,,6.0,9,1999.0,A01,138Â 288Â 497,0.0,-1.0,-1.0,1652191,2.0,7,,1.0,1.0,2.0,A01,138Â 288Â 497,1.0
968097,201900009628,9,15,05:00,4,2,1,1.0,6.0,27593,Route de Brionne,M,"49,2497590","0,9579220",27,2019,50.0,3.0,1.0,3.0,2163924,10.0,3,4,1,0.0,,5.0,9,1999.0,A01,138Â 288Â 497,0.0,-1.0,-1.0,1652191,2.0,7,,1.0,1.0,2.0,A01,138Â 288Â 497,1.0
968097,201900009628,9,15,05:00,4,2,1,1.0,6.0,27593,Route de Brionne,M,"49,2497590","0,9579220",27,2019,50.0,3.0,1.0,3.0,2163925,1.0,1,1,1,0.0,,0.0,0,1987.0,A01,138Â 288Â 497,8.0,-1.0,-1.0,1652191,2.0,7,,1.0,1.0,2.0,A01,138Â 288Â 497,1.0
968098,201900009629,9,15,19:48,2,1,2,1.0,3.0,27108,Rue de la Petite Vitesse,M,"48,7661510","0,8026640",27,2019,80.0,1.0,1.0,3.0,2163926,1.0,1,1,2,9.0,,0.0,0,1958.0,A01,138Â 288Â 495,1.0,-1.0,-1.0,1652192,0.0,7,,0.0,2.0,2.0,A01,138Â 288Â 495,1.0
968098,201900009629,9,15,19:48,2,1,2,1.0,3.0,27108,Rue de la Petite Vitesse,M,"48,7661510","0,8026640",27,2019,80.0,1.0,1.0,3.0,2163926,1.0,1,1,2,9.0,,0.0,0,1958.0,A01,138Â 288Â 495,1.0,-1.0,-1.0,1652193,3.0,7,,13.0,2.0,7.0,B01,138Â 288Â 496,1.0
968098,201900009629,9,15,19:48,2,1,2,1.0,3.0,27108,Rue de la Petite Vitesse,M,"48,7661510","0,8026640",27,2019,80.0,1.0,1.0,3.0,2163927,4.0,2,4,2,9.0,,0.0,0,1963.0,B01,138Â 288Â 496,1.0,-1.0,-1.0,1652192,0.0,7,,0.0,2.0,2.0,A01,138Â 288Â 495,1.0
968098,201900009629,9,15,19:48,2,1,2,1.0,3.0,27108,Rue de la Petite Vitesse,M,"48,7661510","0,8026640",27,2019,80.0,1.0,1.0,3.0,2163927,4.0,2,4,2,9.0,,0.0,0,1963.0,B01,138Â 288Â 496,1.0,-1.0,-1.0,1652193,3.0,7,,13.0,2.0,7.0,B01,138Â 288Â 496,1.0
968098,201900009629,9,15,19:48,2,1,2,1.0,3.0,27108,Rue de la Petite Vitesse,M,"48,7661510","0,8026640",27,2019,80.0,1.0,1.0,3.0,2163928,3.0,2,1,1,9.0,,0.0,0,2002.0,B01,138Â 288Â 496,1.0,-1.0,-1.0,1652192,0.0,7,,0.0,2.0,2.0,A01,138Â 288Â 495,1.0
968098,201900009629,9,15,19:48,2,1,2,1.0,3.0,27108,Rue de la Petite Vitesse,M,"48,7661510","0,8026640",27,2019,80.0,1.0,1.0,3.0,2163928,3.0,2,1,1,9.0,,0.0,0,2002.0,B01,138Â 288Â 496,1.0,-1.0,-1.0,1652193,3.0,7,,13.0,2.0,7.0,B01,138Â 288Â 496,1.0
968098,201900009629,9,15,19:48,2,1,2,1.0,3.0,27108,Rue de la Petite Vitesse,M,"48,7661510","0,8026640",27,2019,80.0,1.0,1.0,3.0,2163929,1.0,1,4,1,9.0,,0.0,0,1950.0,B01,138Â 288Â 496,1.0,-1.0,-1.0,1652192,0.0,7,,0.0,2.0,2.0,A01,138Â 288Â 495,1.0
968098,201900009629,9,15,19:48,2,1,2,1.0,3.0,27108,Rue de la Petite Vitesse,M,"48,7661510","0,8026640",27,2019,80.0,1.0,1.0,3.0,2163929,1.0,1,4,1,9.0,,0.0,0,1950.0,B01,138Â 288Â 496,1.0,-1.0,-1.0,1652193,3.0,7,,13.0,2.0,7.0,B01,138Â 288Â 496,1.0
968098,201900009629,9,15,19:48,2,1,2,1.0,3.0,27108,Rue de la Petite Vitesse,M,"48,7661510","0,8026640",27,2019,80.0,1.0,1.0,3.0,2163930,5.0,2,1,2,9.0,,0.0,0,2009.0,B01,138Â 288Â 496,1.0,-1.0,-1.0,1652192,0.0,7,,0.0,2.0,2.0,A01,138Â 288Â 495,1.0
968098,201900009629,9,15,19:48,2,1,2,1.0,3.0,27108,Rue de la Petite Vitesse,M,"48,7661510","0,8026640",27,2019,80.0,1.0,1.0,3.0,2163930,5.0,2,1,2,9.0,,0.0,0,2009.0,B01,138Â 288Â 496,1.0,-1.0,-1.0,1652193,3.0,7,,13.0,2.0,7.0,B01,138Â 288Â 496,1.0
968098,201900009629,9,15,19:48,2,1,2,1.0,3.0,27108,Rue de la Petite Vitesse,M,"48,7661510","0,8026640",27,2019,80.0,1.0,1.0,3.0,2163931,2.0,2,3,2,9.0,,0.0,0,1955.0,B01,138Â 288Â 496,1.0,-1.0,-1.0,1652192,0.0,7,,0.0,2.0,2.0,A01,138Â 288Â 495,1.0
968098,201900009629,9,15,19:48,2,1,2,1.0,3.0,27108,Rue de la Petite Vitesse,M,"48,7661510","0,8026640",27,2019,80.0,1.0,1.0,3.0,2163931,2.0,2,3,2,9.0,,0.0,0,1955.0,B01,138Â 288Â 496,1.0,-1.0,-1.0,1652193,3.0,7,,13.0,2.0,7.0,B01,138Â 288Â 496,1.0
968099,201900009630,9,13,14:45,1,1,9,1.0,1.0,28280,L'Ãtre - D955,M,"48,3291290","0,7979060",28,2019,80.0,1.0,1.0,3.0,2163932,1.0,1,1,1,4.0,,0.0,0,1971.0,A01,138Â 288Â 493,1.0,-1.0,-1.0,1652194,3.0,10,,0.0,2.0,1.0,A01,138Â 288Â 493,1.0
968099,201900009630,9,13,14:45,1,1,9,1.0,1.0,28280,L'Ãtre - D955,M,"48,3291290","0,7979060",28,2019,80.0,1.0,1.0,3.0,2163932,1.0,1,1,1,4.0,,0.0,0,1971.0,A01,138Â 288Â 493,1.0,-1.0,-1.0,1652195,3.0,33,,0.0,2.0,1.0,B01,138Â 288Â 494,1.0
968099,201900009630,9,13,14:45,1,1,9,1.0,1.0,28280,L'Ãtre - D955,M,"48,3291290","0,7979060",28,2019,80.0,1.0,1.0,3.0,2163933,1.0,1,3,1,1.0,,0.0,0,1984.0,B01,138Â 288Â 494,2.0,6.0,-1.0,1652194,3.0,10,,0.0,2.0,1.0,A01,138Â 288Â 493,1.0
968099,201900009630,9,13,14:45,1,1,9,1.0,1.0,28280,L'Ãtre - D955,M,"48,3291290","0,7979060",28,2019,80.0,1.0,1.0,3.0,2163933,1.0,1,3,1,1.0,,0.0,0,1984.0,B01,138Â 288Â 494,2.0,6.0,-1.0,1652195,3.0,33,,0.0,2.0,1.0,B01,138Â 288Â 494,1.0
968100,201900009631,9,13,19:10,1,1,1,1.0,6.0,87126,Chemin de Pierre Blanche,M,"45,8098900","0,8136230",87,2019,-1.0,8.0,1.0,4.0,2163934,1.0,1,2,1,5.0,,0.0,0,1959.0,A01,138Â 288Â 492,2.0,6.0,9.0,1652196,3.0,33,,2.0,0.0,1.0,A01,138Â 288Â 492,1.0
968101,201900009632,9,16,15:30,1,1,1,1.0,7.0,48027,Mirandol (ChasseradÃ¨s),M,"44,5540260","3,7900990",48,2019,80.0,3.0,1.0,3.0,2163935,2.0,2,3,2,9.0,,0.0,0,1985.0,A01,138Â 288Â 491,1.0,-1.0,-1.0,1652197,2.0,7,,16.0,0.0,9.0,A01,138Â 288Â 491,1.0
968101,201900009632,9,16,15:30,1,1,1,1.0,7.0,48027,Mirandol (ChasseradÃ¨s),M,"44,5540260","3,7900990",48,2019,80.0,3.0,1.0,3.0,2163936,1.0,1,1,2,9.0,,0.0,0,1959.0,A01,138Â 288Â 491,8.0,-1.0,-1.0,1652197,2.0,7,,16.0,0.0,9.0,A01,138Â 288Â 491,1.0
968101,201900009632,9,16,15:30,1,1,1,1.0,7.0,48027,Mirandol (ChasseradÃ¨s),M,"44,5540260","3,7900990",48,2019,80.0,3.0,1.0,3.0,2163937,7.0,2,1,2,9.0,,0.0,0,2017.0,A01,138Â 288Â 491,3.0,1.0,-1.0,1652197,2.0,7,,16.0,0.0,9.0,A01,138Â 288Â 491,1.0
968102,201900009633,9,16,00:30,3,1,1,1.0,6.0,01290,Villieu-Loyes-Mollon,M,"45,8632960","5,1819290",1,2019,130.0,1.0,1.0,1.0,2163938,1.0,1,4,1,0.0,,0.0,0,2000.0,A01,138Â 288Â 488,1.0,-1.0,-1.0,1652198,1.0,7,,4.0,0.0,0.0,A01,138Â 288Â 488,1.0
968103,201900009634,9,16,15:56,2,1,1,1.0,7.0,68297,Cite Douaniere,M,"47,5772630","7,5596010",68,2019,30.0,1.0,1.0,1.0,2163939,1.0,1,4,1,1.0,,0.0,0,1963.0,A01,138Â 288Â 487,2.0,6.0,-1.0,1652199,1.0,33,,0.0,0.0,9.0,A01,138Â 288Â 487,1.0
968104,201900009635,9,15,20:45,3,2,1,1.0,6.0,91085,Avenue de Paris,M,"48,5485180","2,2169370",91,2019,70.0,1.0,1.0,2.0,2163940,1.0,1,3,1,5.0,,0.0,0,1975.0,A01,138Â 288Â 486,8.0,5.0,-1.0,1652200,1.0,7,,4.0,0.0,3.0,A01,138Â 288Â 486,0.0
968105,201900009636,8,23,18:00,1,2,1,1.0,6.0,95250,D922,M,"49,0971120","2,5057130",95,2019,50.0,1.0,1.0,3.0,2163941,1.0,1,1,1,5.0,,0.0,0,1954.0,A01,138Â 288Â 485,1.0,-1.0,-1.0,1652201,3.0,7,,0.0,1.0,1.0,A01,138Â 288Â 485,1.0
968105,201900009636,8,23,18:00,1,2,1,1.0,6.0,95250,D922,M,"49,0971120","2,5057130",95,2019,50.0,1.0,1.0,3.0,2163942,10.0,3,3,2,0.0,,3.0,3,1963.0,A01,138Â 288Â 485,0.0,-1.0,-1.0,1652201,3.0,7,,0.0,1.0,1.0,A01,138Â 288Â 485,1.0
968106,201900009637,9,16,04:45,3,1,1,1.0,6.0,27336,autoroue A13 pk 70.700 sens Paris-Province,M,"49,0661420","1,4171760",27,2019,130.0,1.0,1.0,1.0,2163943,1.0,1,4,1,1.0,,0.0,0,1987.0,A01,138Â 288Â 484,1.0,-1.0,-1.0,1652202,1.0,7,,4.0,0.0,1.0,A01,138Â 288Â 484,1.0
968107,201900009638,9,16,12:45,1,2,3,1.0,3.0,97415,RUE SAINT LOUIS,M," -21,0000420","55,2818070",974,2019,50.0,1.0,1.0,4.0,2163944,1.0,1,1,1,5.0,,0.0,0,1974.0,B01,138Â 288Â 482,1.0,-1.0,-1.0,1652203,3.0,7,,0.0,2.0,2.0,B01,138Â 288Â 482,1.0
968107,201900009638,9,16,12:45,1,2,3,1.0,3.0,97415,RUE SAINT LOUIS,M," -21,0000420","55,2818070",974,2019,50.0,1.0,1.0,4.0,2163944,1.0,1,1,1,5.0,,0.0,0,1974.0,B01,138Â 288Â 482,1.0,-1.0,-1.0,1652204,2.0,31,,0.0,2.0,1.0,A01,138Â 288Â 483,1.0
968107,201900009638,9,16,12:45,1,2,3,1.0,3.0,97415,RUE SAINT LOUIS,M," -21,0000420","55,2818070",974,2019,50.0,1.0,1.0,4.0,2163945,1.0,1,3,1,9.0,,0.0,0,2002.0,A01,138Â 288Â 483,2.0,-1.0,-1.0,1652203,3.0,7,,0.0,2.0,2.0,B01,138Â 288Â 482,1.0
968107,201900009638,9,16,12:45,1,2,3,1.0,3.0,97415,RUE SAINT LOUIS,M," -21,0000420","55,2818070",974,2019,50.0,1.0,1.0,4.0,2163945,1.0,1,3,1,9.0,,0.0,0,2002.0,A01,138Â 288Â 483,2.0,-1.0,-1.0,1652204,2.0,31,,0.0,2.0,1.0,A01,138Â 288Â 483,1.0